﻿<?xml version="1.0" encoding="utf-8"?>
<GameData>
  <EnglishText>
    <!-- ABRAHAM_LINCOLN-->
    <Row Tag="LOC_ABILITY_LINCOLN_MELEE_UNITS_DESCRIPTION">
      <Text>+5 [ICON_Strength] Savaş Gücü ve bu birim oluşturulduğunda veya sürdürüldüğünde kaynak gerektirmez. (Abraham Lincoln)</Text>
    </Row>
    <Row Tag="LOC_AGENDA_PRESERVER_OF_THE_UNION_NAME">
      <Text>Birliğin Koruyucusu</Text>
    </Row>
    <Row Tag="LOC_AGENDA_PRESERVER_OF_THE_UNION_DESCRIPTION">
      <Text>Aynı hükümet türüne sahip medeniyetleri tercih eder, farklı hükümetlere sahip medeniyetlerden hoşlanmaz ve kendisiyle aynı çağda farklı hükümetlere sahip medeniyetlerden gerçekten hoşlanmaz.</Text>
    </Row>
    <!-- Diplo VO -->
    <Row Tag="LOC_DIPLO_FIRST_MEET_LEADER_ABRAHAM_LINCOLN_ANY">
      <Text>Ben Abraham Lincoln, genç ama hayaller üzerine kurulu bir ulusun Başkanıyım.</Text>
    </Row>
    <Row Tag="LOC_DIPLO_DECLARE_WAR_FROM_HUMAN_LEADER_ABRAHAM_LINCOLN_ANY">
      <Text>Sözle kazanamadığınızı silahla da kazanamazsınız.</Text>
    </Row>
    <Row Tag="LOC_DIPLO_DECLARE_WAR_FROM_AI_LEADER_ABRAHAM_LINCOLN_ANY">
      <Text>Başkalarının özgürlüğünü inkar edenlerin kendileri bunu hak etmez.</Text>
    </Row>
    <Row Tag="LOC_DIPLO_KUDO_EXIT_LEADER_ABRAHAM_LINCOLN_ANY">
      <Text>İkimiz de adalete boyun eğdiğimizde anlaşmak daha kolay değil mi?</Text>
    </Row>
    <Row Tag="LOC_DIPLO_WARNING_EXIT_LEADER_ABRAHAM_LINCOLN_ANY">
      <Text>Kendi içinde bölünmüş bir Meclis ayakta kalamaz. Özgürlük davasını ilerletme konusunda bizi takip edeceğinizi umuyoruz.</Text>
    </Row>
    <Row Tag="LOC_DIPLO_DEFEAT_FROM_AI_LEADER_ABRAHAM_LINCOLN_ANY">
      <Text>Üzerime bir karanlık çöktü. Ama hiçbir karanlık yerini şafağa bırakmadı.</Text>
    </Row>
    <!-- Diplo Text -->
    <Row Tag="LOC_DIPLO_ACCEPT_DECLARE_FRIEND_FROM_HUMAN_LEADER_ABRAHAM_LINCOLN_ANY">
      <Text>Ya birleşiriz ya da yok oluruz!</Text>
    </Row>
    <Row Tag="LOC_DIPLO_REJECT_DECLARE_FRIEND_FROM_HUMAN_LEADER_ABRAHAM_LINCOLN_ANY">
      <Text>Bana dost olacağınızı söylüyorsunuz ama ruhum olan özgürlüğe düşmansınız.</Text>
    </Row>
    <Row Tag="LOC_DIPLO_DECLARE_FRIEND_FROM_AI_LEADER_ABRAHAM_LINCOLN_ANY">
      <Text>Bölünerek yok olmamak için dostlukta birleşmeliyiz.</Text>
    </Row>
    <Row Tag="LOC_DIPLO_ACCEPT_DECLARE_FRIEND_FROM_AI_LEADER_ABRAHAM_LINCOLN_ANY">
      <Text>Düşmanlarımızı dostumuz yaptığımızda onları yok etmiş olmuyor muyuz?</Text>
    </Row>
    <Row Tag="LOC_DIPLO_REJECT_DECLARE_FRIEND_FROM_AI_LEADER_ABRAHAM_LINCOLN_ANY">
      <Text>Birliğimize, zaman içinde onu parçalayacak şeyleri dahil edemeyiz.</Text>
    </Row>
    <Row Tag="LOC_DIPLO_ACCEPT_DELEGATION_FROM_HUMAN_LEADER_ABRAHAM_LINCOLN_ANY">
      <Text>Heyetinize buradaki mütevazı evimizi gezdirdik. Belki onlara tiyatroda da eşlik edebilirim!</Text>
    </Row>
    <Row Tag="LOC_DIPLO_REJECT_DELEGATION_FROM_HUMAN_LEADER_ABRAHAM_LINCOLN_ANY">
      <Text>Biz yeni bir dünyada, yeni bir ulusuz. Eskinin tuzaklarına ihtiyacımız yok.</Text>
    </Row>
    <Row Tag="LOC_DIPLO_DELEGATION_FROM_AI_LEADER_ABRAHAM_LINCOLN_ANY">
      <Text>Toplantımız için teşekkür amacıyla sizlere kızarmış hindi, patates püresi, dolma ve kızılcık sosu gönderdik.</Text>
    </Row>
    <Row Tag="LOC_DIPLO_DENOUNCE_FROM_HUMAN_LEADER_ABRAHAM_LINCOLN_ANY">
      <Text>Gerçek genellikle iftiraya karşı en iyi savunmadır.</Text>
    </Row>
    <Row Tag="LOC_DIPLO_DENOUNCE_FROM_AI_LEADER_ABRAHAM_LINCOLN_ANY">
      <Text>Size ne diyeyim, siz ki ekmeğinizi ezdiğiniz insanların alın terinden çıkarıyorsunuz? (Sizi kınıyor)</Text>
    </Row>
    <Row Tag="LOC_DIPLO_FIRST_MEET_VISIT_RECIPIENT_LEADER_ABRAHAM_LINCOLN_ANY">
      <Text>Gelin ve burada yarattığımız cesur yeni bir dünyanın bu yeni vizyonunu paylaşın.</Text>
    </Row>
    <Row Tag="LOC_DIPLO_FIRST_MEET_NEAR_INITIATOR_POSITIVE_LEADER_ABRAHAM_LINCOLN_ANY">
      <Text>Mantıklı bir fikrin önünde durmayacağım.</Text>
    </Row>
    <Row Tag="LOC_DIPLO_FIRST_MEET_NO_MANS_INFO_EXCHANGE_LEADER_ABRAHAM_LINCOLN_ANY">
      <Text>Amerika'nın kehribar rengi tahıl dalgaları boyunca nasıl uzandığını görebiliyor musunuz?</Text>
    </Row>
    <Row Tag="LOC_DIPLO_GREETING_LEADER_ABRAHAM_LINCOLN_ANY">
      <Text>Ne olacak? Hizmetinizdeyim.</Text>
    </Row>
    <Row Tag="LOC_DIPLO_MAKE_ALLIANCE_FROM_AI_LEADER_ABRAHAM_LINCOLN_ANY">
      <Text>Özgürlük davasının ilerleyebilmesi için sizi birliğe çağırıyorum!</Text>
    </Row>
    <Row Tag="LOC_DIPLO_MAKE_PEACE_AI_ACCEPT_DEAL_LEADER_ABRAHAM_LINCOLN_ANY">
      <Text>Merhamet katı adaletten daha zengin meyveler verir.</Text>
    </Row>
    <Row Tag="LOC_DIPLO_MAKE_PEACE_AI_REFUSE_DEAL_LEADER_ABRAHAM_LINCOLN_ANY">
      <Text>Bunu kabul etmek, askerlerimizin boş yere öldüğünü kabul etmek anlamına gelecektir. Bunu yapamam.</Text>
    </Row>
    <Row Tag="LOC_DIPLO_MAKE_PEACE_FROM_AI_LEADER_ABRAHAM_LINCOLN_ANY">
      <Text>Halkımız için yeni bir özgürlük doğuşuna sahip olmak için silahlarımızı bırakırdık, böylece yeryüzünden yok olmayabilirdik.</Text>
    </Row>
    <Row Tag="LOC_DIPLO_ACCEPT_OPEN_BORDERS_FROM_HUMAN_LEADER_ABRAHAM_LINCOLN_ANY">
      <Text>Amerikan topraklarında hepsi ücretsizdir.</Text>
    </Row>
    <Row Tag="LOC_DIPLO_REJECT_OPEN_BORDERS_FROM_HUMAN_LEADER_ABRAHAM_LINCOLN_ANY">
      <Text>Zehirli yılanın evimize girmesine izin veriyor muyuz? İzin veremeyiz.</Text>
    </Row>
    <Row Tag="LOC_DIPLO_OPEN_BORDERS_FROM_AI_LEADER_ABRAHAM_LINCOLN_ANY">
      <Text>Halkımız yeni topraklar ve yeni kıyılar görmek için can atıyor. Buna izin verecek misiniz?</Text>
    </Row>
    <Row Tag="LOC_DIPLO_WARNING_TOO_MANY_TROOPS_NEAR_ME_LEADER_ABRAHAM_LINCOLN_ANY">
      <Text>Elçileriniz barış diyor ama birlikleriniz silahlanmış ve yığınak yapıyor. Bundan ne anlam çıkarmamızı bekliyorsunuz?</Text>
    </Row>
    <Row Tag="LOC_DIPLO_REJECT_MAKE_DEAL_FROM_AI_LEADER_ABRAHAM_LINCOLN_ANY">
      <Text>Buradaki davanın yalın gerçeklerini incelemeli ve akıllıca ve doğru olanı seçmeliyim. Cevabım hayır.</Text>
    </Row>
    <Row Tag="LOC_DIPLO_ACCEPT_MAKE_DEAL_FROM_AI_LEADER_ABRAHAM_LINCOLN_ANY">
      <Text>Bu hediyeler için teşekkür ederiz - birliğimizi daha da güçlendirmek için her zaman dünyanın en iyilerini getirdik.</Text>
    </Row>
    <!-- Nzinga Mbande-->
    <Row Tag="LOC_CITY_NAME_KABASA">
      <Text>Kabasa</Text>
    </Row>
    <Row Tag="LOC_ABILITY_NZINGA_FOREIGN_CONTINENT_DESCRIPTION">
      <Text>[ICON_Strength] Başkenti farklı bir kıtada olan uygarlıklara karşı Savaş Gücü. (Nzinga Mbande)</Text>
    </Row>
    <Row Tag="LOC_AGENDA_DECOLONIZATION_NAME">
      <Text>Dekolonizasyon</Text>
    </Row>
    <Row Tag="LOC_AGENDA_DECOLONIZATION_DESCRIPTION">
      <Text>Şehirlerinin olmadığı kıtalardaki uygarlıkları sever. Kendi kıtasında bir şehri olan uygarlıkları sevmez.</Text>
    </Row>
    <Row Tag="LOC_DIPLO_MODIFIER_DECOLONIZATION_HOME_CONTINENT">
      <Text>Nzinga Mbande aynı kıtayı paylaştığınız için üzgün</Text>
    </Row>
    <Row Tag="LOC_DIPLO_MODIFIER_DECOLONIZATION_NEW_CONTINENT">
      <Text>Nzinga Mbande, henüz işgal ettiği bir kıtaya yayılmamış olmanızı seviyor</Text>
    </Row>
    <Row Tag="LOC_GREAT_PERSON_INDIVIDUAL_AMINA_NAME">
      <Text>Amina</Text>
    </Row>
    <!-- Diplo VO -->
    <Row Tag="LOC_DIPLO_FIRST_MEET_LEADER_NZINGA_MBANDE_ANY">
      <Text>Ben kraliçe Nzinga. Lütfen, istediğiniz yere oturun.</Text>
    </Row>
    <Row Tag="LOC_DIPLO_DECLARE_WAR_FROM_HUMAN_LEADER_NZINGA_MBANDE_ANY">
      <Text>Devam edin, askerlerinizi gönderin! Ağaçların arasında eriyeceğiz ve taşlardan size saldıracağız.</Text>
    </Row>
    <Row Tag="LOC_DIPLO_DECLARE_WAR_FROM_AI_LEADER_NZINGA_MBANDE_ANY">
      <Text>Topraklarınızı ve bayraklarınızı ateşe vermeye geliyoruz.</Text>
    </Row>
    <Row Tag="LOC_DIPLO_KUDO_EXIT_LEADER_NZINGA_MBANDE_ANY">
      <Text>Fikir, altın ve mal alışverişinde bulunalım... Sadece toprak değil.</Text>
    </Row>
    <Row Tag="LOC_DIPLO_WARNING_EXIT_LEADER_NZINGA_MBANDE_ANY">
      <Text>İlahi güç her birimize uygun gördüğümüz şekilde yönetebileceğimiz bir toprak bahşetmiştir. Köşende kal.</Text>
    </Row>
    <Row Tag="LOC_DIPLO_DEFEAT_FROM_AI_LEADER_NZINGA_MBANDE_ANY">
      <Text>Kılıçlarınız sadece eti keser. Zincirleriniz sadece elleri bağlar. Ruhlarımız bizim olarak kalır.</Text>
    </Row>
    <!-- Diplo Text -->
    <Row Tag="LOC_DIPLO_ACCEPT_DECLARE_FRIEND_FROM_HUMAN_LEADER_NZINGA_MBANDE_ANY">
      <Text>Dostluğun büyüdüğü yerde cömertlik vardır.</Text>
    </Row>
    <Row Tag="LOC_DIPLO_REJECT_DECLARE_FRIEND_FROM_HUMAN_LEADER_NZINGA_MBANDE_ANY">
      <Text>Pek çoğu dostluk teklif ederek geliyor ama gözlerinde açgözlülüğün parıltısını görüyorum.</Text>
    </Row>
    <Row Tag="LOC_DIPLO_DECLARE_FRIEND_FROM_AI_LEADER_NZINGA_MBANDE_ANY">
      <Text>Bir kraliçe düşmanlarına karşı sert olmalı, ancak elimizden geldiğince dostluklar geliştirmeliyiz.</Text>
    </Row>
    <Row Tag="LOC_DIPLO_ACCEPT_DECLARE_FRIEND_FROM_AI_LEADER_NZINGA_MBANDE_ANY">
      <Text>Evet, gözlerinizde büyücülük olmadığını görebiliyoruz.</Text>
    </Row>
    <Row Tag="LOC_DIPLO_REJECT_DECLARE_FRIEND_FROM_AI_LEADER_NZINGA_MBANDE_ANY">
      <Text>Bu konuları dikkatle değerlendiriyoruz ve risk oluşturacak bir şeyi kabul edemeyiz.</Text>
    </Row>
    <Row Tag="LOC_DIPLO_ACCEPT_DELEGATION_FROM_HUMAN_LEADER_NZINGA_MBANDE_ANY">
      <Text>Heyetinizle çok şey konuştuk ve bence uluslarımızın birbirlerinden öğrenecekleri çok şey var.</Text>
    </Row>
    <Row Tag="LOC_DIPLO_REJECT_DELEGATION_FROM_HUMAN_LEADER_NZINGA_MBANDE_ANY">
      <Text>Yeteneklerinizin her birinin altında kişisel çıkar vardır.</Text>
    </Row>
    <Row Tag="LOC_DIPLO_DELEGATION_FROM_AI_LEADER_NZINGA_MBANDE_ANY">
      <Text>Burada palmiye yağlı fasulye, bamya ve kızarmış çekirge var. Bir avuç funge de bombo alın ve sosa batırın!</Text>
    </Row>
    <Row Tag="LOC_DIPLO_DENOUNCE_FROM_HUMAN_LEADER_NZINGA_MBANDE_ANY">
      <Text>Uzlaşma yerine düşmanlığı seçiyorsunuz. Belli ki kiminle muhatap olduğunuzu bilmiyorsunuz.</Text>
    </Row>
    <Row Tag="LOC_DIPLO_DENOUNCE_FROM_AI_LEADER_NZINGA_MBANDE_ANY">
      <Text>Kötü geleneklerinizi bize getirdiniz ve yaymaya çalışıyorsunuz. Buna izin veremeyiz. (Sizi Kınıyoruz)</Text>
    </Row>
    <Row Tag="LOC_DIPLO_FIRST_MEET_VISIT_RECIPIENT_LEADER_NZINGA_MBANDE_ANY">
      <Text>Bu topraklar zengin ve çeşitlidir, harikaları deneyimlenmelidir!</Text>
    </Row>
    <Row Tag="LOC_DIPLO_FIRST_MEET_NEAR_INITIATOR_POSITIVE_LEADER_NZINGA_MBANDE_ANY">
      <Text>Bir anlaşmaya vardığımıza sevindim.</Text>
    </Row>
    <Row Tag="LOC_DIPLO_FIRST_MEET_NO_MANS_INFO_EXCHANGE_LEADER_NZINGA_MBANDE_ANY">
      <Text>Size Kongol topraklarının güzelliğinden bahsedeyim mi? Ndongo'nun, Angola'nın?</Text>
    </Row>
    <Row Tag="LOC_DIPLO_GREETING_LEADER_NZINGA_MBANDE_ANY">
      <Text>Sizi kabul etmeye hazırım.</Text>
    </Row>
    <Row Tag="LOC_DIPLO_MAKE_ALLIANCE_FROM_AI_LEADER_NZINGA_MBANDE_ANY">
      <Text>Topraklarımızı birleştirin ki gelişmelerine izin verelim!</Text>
    </Row>
    <Row Tag="LOC_DIPLO_MAKE_PEACE_AI_ACCEPT_DEAL_LEADER_NZINGA_MBANDE_ANY">
      <Text>Barış her zaman savaşa tercih edilir. Bize bırak.</Text>
    </Row>
    <Row Tag="LOC_DIPLO_MAKE_PEACE_AI_REFUSE_DEAL_LEADER_NZINGA_MBANDE_ANY">
      <Text>Barış aradığınızı iddia ediyorsunuz ama gözlerinizin ardında yeni planların şekillendiğini görüyorum. Hayır. Hayır.</Text>
    </Row>
    <Row Tag="LOC_DIPLO_MAKE_PEACE_FROM_AI_LEADER_NZINGA_MBANDE_ANY">
      <Text>Imbangala, adamlarınızı avlamak yerine antilop avlamaya geri döndü.</Text>
    </Row>
    <Row Tag="LOC_DIPLO_ACCEPT_OPEN_BORDERS_FROM_HUMAN_LEADER_NZINGA_MBANDE_ANY">
      <Text>Bizim topraklarımızda Handa'dan, Mucawana'dan, Mbundu'dan insanlar var. Neden sizinkiler olmasın?</Text>
    </Row>
    <Row Tag="LOC_DIPLO_REJECT_OPEN_BORDERS_FROM_HUMAN_LEADER_NZINGA_MBANDE_ANY">
      <Text>Huzur ve anlayışla birlikte güven de gelir. Henüz o noktada değiliz.</Text>
    </Row>
    <Row Tag="LOC_DIPLO_OPEN_BORDERS_FROM_AI_LEADER_NZINGA_MBANDE_ANY">
      <Text>Bilge bir lider kimin zarar vermek isteyip istemediğini bilir. Barışçıl niyetimizi anlayabiliyor musunuz?</Text>
    </Row>
    <Row Tag="LOC_DIPLO_WARNING_TOO_MANY_TROOPS_NEAR_ME_LEADER_NZINGA_MBANDE_ANY">
      <Text>Lütfen. Savaşa yabancı değilim. Nerede planlandığını görebiliyorum. Yanıldığımı kanıtla.</Text>
    </Row>
    <Row Tag="LOC_DIPLO_REJECT_MAKE_DEAL_FROM_AI_LEADER_NZINGA_MBANDE_ANY">
      <Text>Lütfen, bizi birkaç mücevherle satın alabileceğini mi sanıyorsun? Daha iyisini dene.</Text>
    </Row>
    <Row Tag="LOC_DIPLO_ACCEPT_MAKE_DEAL_FROM_AI_LEADER_NZINGA_MBANDE_ANY">
      <Text>Hediyeler, evet, hediyeler uygundur. Kabul ediyorum.</Text>
    </Row>
    <!-- Saladin-->
    <Row Tag="LOC_ABILITY_SALADIN_FLANKING_UNITS_DESCRIPTION">
      <Text>+%100 Yanaşma ve Destek Bonusu. (Selahaddin (Sultan))</Text>
    </Row>
    <Row Tag="LOC_AGENDA_SULTAN_NAME">
      <Text>Mısır ve Suriye Sultanı</Text>
    </Row>
    <Row Tag="LOC_AGENDA_SULTAN_DESCRIPTION">
      <Text>Bir Din kurmuş ancak onu şehirlerinden birine getirmemiş uygarlıkları sever. Ona Dinlerini getiren uygarlıklardan hoşlanmaz.</Text>
    </Row>
    <Row Tag="LOC_DIPLO_ACCEPT_DECLARE_FRIEND_FROM_HUMAN_LEADER_SALADIN_ALT_ANY">
      <Text>{LOC_DIPLO_ACCEPT_DECLARE_FRIEND_FROM_HUMAN_LEADER_SALADIN_ANY}</Text>
    </Row>
    <Row Tag="LOC_DIPLO_REJECT_DECLARE_FRIEND_FROM_HUMAN_LEADER_SALADIN_ALT_ANY">
      <Text>{LOC_DIPLO_REJECT_DECLARE_FRIEND_FROM_HUMAN_LEADER_SALADIN_ANY}</Text>
    </Row>
    <Row Tag="LOC_DIPLO_DECLARE_FRIEND_FROM_AI_LEADER_SALADIN_ALT_ANY">
      <Text>{LOC_DIPLO_DECLARE_FRIEND_FROM_AI_LEADER_SALADIN_ANY}</Text>
    </Row>
    <Row Tag="LOC_DIPLO_ACCEPT_DECLARE_FRIEND_FROM_AI_LEADER_SALADIN_ALT_ANY">
      <Text>{LOC_DIPLO_ACCEPT_DECLARE_FRIEND_FROM_AI_LEADER_SALADIN_ANY}</Text>
    </Row>
    <Row Tag="LOC_DIPLO_REJECT_DECLARE_FRIEND_FROM_AI_LEADER_SALADIN_ALT_ANY">
      <Text>{LOC_DIPLO_REJECT_DECLARE_FRIEND_FROM_AI_LEADER_SALADIN_ANY}</Text>
    </Row>
    <Row Tag="LOC_DIPLO_DECLARE_WAR_FROM_HUMAN_LEADER_SALADIN_ALT_ANY">
      <Text>{LOC_DIPLO_DECLARE_WAR_FROM_HUMAN_LEADER_SALADIN_ANY}</Text>
    </Row>
    <Row Tag="LOC_DIPLO_DECLARE_WAR_FROM_AI_LEADER_SALADIN_ALT_ANY">
      <Text>{LOC_DIPLO_DECLARE_WAR_FROM_AI_LEADER_SALADIN_ANY}</Text>
    </Row>
    <Row Tag="LOC_DIPLO_DEFEAT_FROM_AI_LEADER_SALADIN_ALT_ANY">
      <Text>{LOC_DIPLO_DEFEAT_FROM_AI_LEADER_SALADIN_ANY}</Text>
    </Row>
    <Row Tag="LOC_DIPLO_ACCEPT_DELEGATION_FROM_HUMAN_LEADER_SALADIN_ALT_ANY">
      <Text>{LOC_DIPLO_ACCEPT_DELEGATION_FROM_HUMAN_LEADER_SALADIN_ANY}</Text>
    </Row>
    <Row Tag="LOC_DIPLO_REJECT_DELEGATION_FROM_HUMAN_LEADER_SALADIN_ALT_ANY">
      <Text>{LOC_DIPLO_REJECT_DELEGATION_FROM_HUMAN_LEADER_SALADIN_ANY}</Text>
    </Row>
    <Row Tag="LOC_DIPLO_DELEGATION_FROM_AI_LEADER_SALADIN_ALT_ANY">
      <Text>{LOC_DIPLO_DELEGATION_FROM_AI_LEADER_SALADIN_ANY}</Text>
    </Row>
    <Row Tag="LOC_DIPLO_DENOUNCE_FROM_HUMAN_LEADER_SALADIN_ALT_ANY">
      <Text>{LOC_DIPLO_DENOUNCE_FROM_HUMAN_LEADER_SALADIN_ANY}</Text>
    </Row>
    <Row Tag="LOC_DIPLO_DENOUNCE_FROM_AI_LEADER_SALADIN_ALT_ANY">
      <Text>{LOC_DIPLO_DENOUNCE_FROM_AI_LEADER_SALADIN_ANY}</Text>
    </Row>
    <Row Tag="LOC_DIPLO_FIRST_MEET_LEADER_SALADIN_ALT_ANY">
      <Text>{LOC_DIPLO_FIRST_MEET_LEADER_SALADIN_ANY}</Text>
    </Row>
    <Row Tag="LOC_DIPLO_FIRST_MEET_VISIT_RECIPIENT_LEADER_SALADIN_ALT_ANY">
      <Text>{LOC_DIPLO_FIRST_MEET_VISIT_RECIPIENT_LEADER_SALADIN_ANY}</Text>
    </Row>
    <Row Tag="LOC_DIPLO_FIRST_MEET_NEAR_INITIATOR_POSITIVE_LEADER_SALADIN_ALT_ANY">
      <Text>{LOC_DIPLO_FIRST_MEET_NEAR_INITIATOR_POSITIVE_LEADER_SALADIN_ANY}</Text>
    </Row>
    <Row Tag="LOC_DIPLO_FIRST_MEET_NO_MANS_INFO_EXCHANGE_LEADER_SALADIN_ALT_ANY">
      <Text>{LOC_DIPLO_FIRST_MEET_NO_MANS_INFO_EXCHANGE_LEADER_SALADIN_ANY}</Text>
    </Row>
    <Row Tag="LOC_DIPLO_GREETING_LEADER_SALADIN_ALT_ANY">
      <Text>{LOC_DIPLO_GREETING_LEADER_SALADIN_ANY}</Text>
    </Row>
    <Row Tag="LOC_DIPLO_MAKE_ALLIANCE_FROM_AI_LEADER_SALADIN_ALT_ANY">
      <Text>{LOC_DIPLO_MAKE_ALLIANCE_FROM_AI_LEADER_SALADIN_ANY}</Text>
    </Row>
    <Row Tag="LOC_DIPLO_ACCEPT_MAKE_DEAL_FROM_AI_LEADER_SALADIN_ALT_ANY">
      <Text>{LOC_DIPLO_ACCEPT_DECLARE_FRIEND_FROM_AI_LEADER_SALADIN_ANY}</Text>
    </Row>
    <Row Tag="LOC_DIPLO_REJECT_MAKE_DEAL_FROM_AI_LEADER_SALADIN_ALT_ANY">
      <Text>{LOC_DIPLO_REJECT_DECLARE_FRIEND_FROM_AI_LEADER_SALADIN_ANY}</Text>
    </Row>
    <Row Tag="LOC_DIPLO_MAKE_PEACE_AI_ACCEPT_DEAL_LEADER_SALADIN_ALT_ANY">
      <Text>{LOC_DIPLO_MAKE_PEACE_AI_ACCEPT_DEAL_LEADER_SALADIN_ANY}</Text>
    </Row>
    <Row Tag="LOC_DIPLO_MAKE_PEACE_AI_REFUSE_DEAL_LEADER_SALADIN_ALT_ANY">
      <Text>{LOC_DIPLO_MAKE_PEACE_AI_REFUSE_DEAL_LEADER_SALADIN_ANY}</Text>
    </Row>
    <Row Tag="LOC_DIPLO_MAKE_PEACE_FROM_AI_LEADER_SALADIN_ALT_ANY">
      <Text>{LOC_DIPLO_MAKE_PEACE_FROM_AI_LEADER_SALADIN_ANY}</Text>
    </Row>
    <Row Tag="LOC_DIPLO_ACCEPT_OPEN_BORDERS_FROM_HUMAN_LEADER_SALADIN_ALT_ANY">
      <Text>{LOC_DIPLO_ACCEPT_OPEN_BORDERS_FROM_HUMAN_LEADER_SALADIN_ANY}</Text>
    </Row>
    <Row Tag="LOC_DIPLO_REJECT_OPEN_BORDERS_FROM_HUMAN_LEADER_SALADIN_ALT_ANY">
      <Text>{LOC_DIPLO_REJECT_OPEN_BORDERS_FROM_HUMAN_LEADER_SALADIN_ANY}</Text>
    </Row>
    <Row Tag="LOC_DIPLO_OPEN_BORDERS_FROM_AI_LEADER_SALADIN_ALT_ANY">
      <Text>{LOC_DIPLO_OPEN_BORDERS_FROM_AI_LEADER_SALADIN_ANY}</Text>
    </Row>
    <Row Tag="LOC_DIPLO_WARNING_TOO_MANY_TROOPS_NEAR_ME_LEADER_SALADIN_ALT_ANY">
      <Text>{LOC_DIPLO_WARNING_TOO_MANY_TROOPS_NEAR_ME_LEADER_SALADIN_ANY}</Text>
    </Row>
    <Row Tag="LOC_DIPLO_WARNING_EXIT_LEADER_SALADIN_ALT_ANY">
      <Text>Kılıcım seninle dünyanın kutsal yerleri arasında duracak. Senin dokunuşun onları kirletmeyecek. (Siz bir Din kurdunuz ve onu Selahaddin'e getirdiniz)</Text>
    </Row>
    <Row Tag="LOC_DIPLO_KUDO_EXIT_LEADER_SALADIN_ALT_ANY">
      <Text>İnanç, güçlünün zayıfı koruduğu barış demektir. (Bir din kurdunuz ama onu Selahaddin'e getirmediniz).</Text>
    </Row>
    <Row Tag="LOC_DIPLO_MODIFIER_SULTAN_RECEIVED">
      <Text>Selahaddin dinini ona getirdiğin için hayal kırıklığına uğradı.</Text>
    </Row>
    <Row Tag="LOC_DIPLO_MODIFIER_SULTAN_NOT_RECEIVED">
      <Text>Selahaddin, dininizin onun topraklarında olmamasından memnun.</Text>
    </Row>
  </EnglishText>
</GameData>