﻿<?xml version="1.0" encoding="utf-8"?>
<!-- edited with XMLSPY v2004 rel. 2 U (http://www.xmlspy.com) by Ed Beach (Firaxis Games) -->
<GameData>
  <BaseGameText>
    <!-- Scenario Name and Description-->
    <Row Tag="LOC_POLAND_SCENARIO_NAME">
      <Text>Jadwiga'nın Mirası</Text>
    </Row>
    <Row Tag="LOC_POLAND_SCENARIO_TOOLTIP">
      <Text>Rönesans Polonya'sını yabancı istilalara karşı en iyi kim savunabilir? 60 Tur sürer.</Text>
    </Row>
    <Row Tag="LOC_POLAND_SCENARIO_DESCRIPTION">
      <Text>Bu 60 turluk senaryoda, Avrupa'nın kavşağında durarak verimli Polonya topraklarını her yönden gelen istilacıların sürekli bombardımanından koruyorsunuz. Kanatlı Süvarilerinizi toplayın ve uygarlığınızı büyütürken Töton Şövalyeleri ve Osmanlı Türkleriyle karşı karşıya gelin.[NEWLINE][NEWLINE]Oyunun sonunda standart puanlamaya göre en iyi imparatorluğa sahip olan oyuncu kazanır.</Text>
    </Row>
    <Row Tag="LOC_LOADING_INFO_POLAND_SCENARIO">
      <Text>Polonya Krallığı ve Litvanya Büyük Dükalığı'nı birleştirerek parçalarının toplamından daha büyük bir bütün haline getiren birleşik bir ulussunuz. Seçilmiş hükümdarınız, dini hoşgörünüz ve kodamanlarınız tarafından paylaşılan geniş yasal haklarınızla Avrupa'nın kaosunun ortasında parlayan bir fenersiniz. Ancak parlak ışıklar istenmeyen dikkatleri üzerinize çeker. Zorlu düşmanlar karşısında başarmak için çok çalıştığınız birliği koruyabilecek misiniz?</Text>
    </Row>
    <Row Tag="LOC_MOD_POLANDSCENARIO_MAP_NAME">
      <Text>Doğu Avrupa</Text>
    </Row>
    <!-- Civilization Names -->
    <Row Tag="LOC_CIVILIZATION_POLAND_SCENARIO_RADZIWILL_NAME">
      <Text>Litvanya Soyluluğu</Text>
    </Row>
    <Row Tag="LOC_CIVILIZATION_POLAND_SCENARIO_POTOCKI_NAME">
      <Text>Polonya Soyluluğu</Text>
    </Row>
    <Row Tag="LOC_CIVILIZATION_POLAND_SCENARIO_OSTROGSKI_NAME">
      <Text>Volhynian Asaleti</Text>
    </Row>
    <Row Tag="LOC_CIVILIZATION_RADZIWILL_NAME">
      <Text>Litvanya Soyluluğu</Text>
    </Row>
    <Row Tag="LOC_CIVILIZATION_POTOCKI_NAME">
      <Text>Polonya Soyluluğu</Text>
    </Row>
    <Row Tag="LOC_CIVILIZATION_OSTROGSKI_NAME">
      <Text>Volhynian Asaleti</Text>
    </Row>
    <Row Tag="LOC_TRAIT_SCENARIO_RADZIWILL_ABILITY_NAME">
      <Text>Altın Özgürlük</Text>
    </Row>
    <Row Tag="LOC_TRAIT_SCENARIO_RADZIWILL_ABILITY_DESCRIPTION">
      <Text>Dost bölge içinde bir Kamp veya Kale tamamlarken bitişik karoları Kültür Bombası. Mevcut hükümetteki bir Askeri politika yuvası bir Joker yuvasına dönüştürülür.</Text>
    </Row>
    <Row Tag="LOC_TRAIT_SCENARIO_POTOCKI_ABILITY_NAME">
      <Text>Altın Özgürlük</Text>
    </Row>
    <Row Tag="LOC_TRAIT_SCENARIO_POTOCKI_ABILITY_DESCRIPTION">
      <Text>Dost bölge içinde bir Kamp veya Kale tamamlarken bitişik karoları Kültür Bombası. Mevcut hükümetteki bir Askeri politika yuvası bir Joker yuvasına dönüştürülür.</Text>
    </Row>
    <Row Tag="LOC_TRAIT_SCENARIO_OSTROGSKI_ABILITY_NAME">
      <Text>Altın Özgürlük</Text>
    </Row>
    <Row Tag="LOC_TRAIT_SCENARIO_OSTROGSKI_ABILITY_DESCRIPTION">
      <Text>Dost bölge içinde bir Kamp veya Kale tamamlarken bitişik karoları Kültür Bombası. Mevcut hükümetteki bir Askeri politika yuvası bir Joker yuvasına dönüştürülür.</Text>
    </Row>
    <!-- Leaders -->
    <Row Tag="LOC_LEADER_POLAND_SCENARIO_RADZIWILL_NAME">
      <Text>Mikolaj Radziwill</Text>
    </Row>
    <Row Tag="LOC_LEADER_POLAND_SCENARIO_POTOCKI_NAME">
      <Text>Stanislaw Potocki</Text>
    </Row>
    <Row Tag="LOC_LEADER_POLAND_SCENARIO_OSTROGSKI_NAME">
      <Text>Konstanty Ostrogski</Text>
    </Row>
    <!-- Leaders -->
    <Row Tag="LOC_LEADER_SCENARIO_RADZIWILL_NAME">
      <Text>Mikolaj Radziwill</Text>
    </Row>
    <Row Tag="LOC_LEADER_SCENARIO_POTOCKI_NAME">
      <Text>Stanislaw Potocki</Text>
    </Row>
    <Row Tag="LOC_LEADER_SCENARIO_OSTROGSKI_NAME">
      <Text>Konstanty Ostrogski</Text>
    </Row>
    <Row Tag="LOC_TRAIT_LEADER_SCENARIO_RADZIWILL_NAME">
      <Text>Nesvizh Kalesi</Text>
    </Row>
    <Row Tag="LOC_TRAIT_LEADER_SCENARIO_RADZIWILL_DESCRIPTION">
      <Text>Her bir Askeri Mühendis eğittiğinizde ikinci bir Askeri Mühendis kazanın.</Text>
    </Row>
    <Row Tag="LOC_TRAIT_LEADER_SCENARIO_RADZIWILL_ALT_DESCRIPTION">
      <Text>Her bir İnşaatçı veya Askeri Mühendis eğittiğinizde ikinci bir İnşaatçı veya Askeri Mühendis kazanın.</Text>
    </Row>
    <Row Tag="LOC_TRAIT_LEADER_SCENARIO_POTOCKI_NAME">
      <Text>Rotmistrz</Text>
    </Row>
    <Row Tag="LOC_TRAIT_LEADER_SCENARIO_POTOCKI_DESCRIPTION">
      <Text>Birini eğittiğiniz her seferde ikinci bir Şövalye veya Kanatlı Süvari kazanın.</Text>
    </Row>
    <Row Tag="LOC_TRAIT_LEADER_SCENARIO_OSTROGSKI_NAME">
      <Text>Saha Hetmanı</Text>
    </Row>
    <Row Tag="LOC_TRAIT_LEADER_SCENARIO_OSTROGSKI_DESCRIPTION">
      <Text>Her bir mızrakçı eğittiğinizde ikinci bir mızrakçı kazanın.</Text>
    </Row>
    <Row Tag="LOC_TRAIT_LEADER_SCENARIO_OSTROGSKI_ALT_DESCRIPTION">
      <Text>Her bir mızrakçı eğittiğinizde ikinci bir mızrakçı kazanın. İkinci bir benzersiz birim olarak Kazaklar alın.</Text>
    </Row>
  </BaseGameText>
</GameData>