﻿<?xml version="1.0" encoding="utf-8" standalone="yes"?>
<GameData>
  <BaseGameText>
    <Row Tag="LOC_LOADING_INFO_LEADER_MONTEZUMA">
      <Text>Tlatoani Montezuma, kartal savaşçılarını mutlu et ve besle, onlar da sonsuza dek senin için savaşacaklardır. Aztek imparatorluğun tüm topraklara yayıldıkça, duvarlarını yükseltmek için asla insan istemeyeceksin, çünkü etrafındakileri fethettikçe yeni, sadık işçilerle kutsanacaksın. İleri git; Huitzilopochtli çağırıyor.</Text>
    </Row>
    <Row Tag="LOC_CITIZEN_AZTEC_MALE_1">
      <Text>Acamapichtli</Text>
    </Row>
    <Row Tag="LOC_CITIZEN_AZTEC_MALE_2">
      <Text>Chimalli</Text>
    </Row>
    <Row Tag="LOC_CITIZEN_AZTEC_MALE_3">
      <Text>Cuauhtemoc</Text>
    </Row>
    <Row Tag="LOC_CITIZEN_AZTEC_MALE_4">
      <Text>Huitzilli</Text>
    </Row>
    <Row Tag="LOC_CITIZEN_AZTEC_MALE_5">
      <Text>Itzcoatl</Text>
    </Row>
    <Row Tag="LOC_CITIZEN_AZTEC_MALE_6">
      <Text>Nochehuatl</Text>
    </Row>
    <Row Tag="LOC_CITIZEN_AZTEC_MALE_7">
      <Text>Tlaloc</Text>
    </Row>
    <Row Tag="LOC_CITIZEN_AZTEC_MALE_8">
      <Text>Xiuhpilli</Text>
    </Row>
    <Row Tag="LOC_CITIZEN_AZTEC_MALE_9">
      <Text>Yaotl</Text>
    </Row>
    <Row Tag="LOC_CITIZEN_AZTEC_MALE_10">
      <Text>Zolin</Text>
    </Row>
    <Row Tag="LOC_CITIZEN_AZTEC_FEMALE_1">
      <Text>Centehua</Text>
    </Row>
    <Row Tag="LOC_CITIZEN_AZTEC_FEMALE_2">
      <Text>Chalchiuitl</Text>
    </Row>
    <Row Tag="LOC_CITIZEN_AZTEC_FEMALE_3">
      <Text>Chicomecoatl</Text>
    </Row>
    <Row Tag="LOC_CITIZEN_AZTEC_FEMALE_4">
      <Text>Chimalma</Text>
    </Row>
    <Row Tag="LOC_CITIZEN_AZTEC_FEMALE_5">
      <Text>Citlalli</Text>
    </Row>
    <Row Tag="LOC_CITIZEN_AZTEC_FEMALE_6">
      <Text>Cozamalotl</Text>
    </Row>
    <Row Tag="LOC_CITIZEN_AZTEC_FEMALE_7">
      <Text>Tlacotl</Text>
    </Row>
    <Row Tag="LOC_CITIZEN_AZTEC_FEMALE_8">
      <Text>Xilonen</Text>
    </Row>
    <Row Tag="LOC_CITIZEN_AZTEC_FEMALE_9">
      <Text>Xochitl</Text>
    </Row>
    <Row Tag="LOC_CITIZEN_AZTEC_FEMALE_10">
      <Text>Yaretzi</Text>
    </Row>
    <Row Tag="LOC_CITIZEN_AZTEC_MODERN_MALE_1">
      <Text>Carlos</Text>
    </Row>
    <Row Tag="LOC_CITIZEN_AZTEC_MODERN_MALE_2">
      <Text>Estévan</Text>
    </Row>
    <Row Tag="LOC_CITIZEN_AZTEC_MODERN_MALE_3">
      <Text>Ignacio</Text>
    </Row>
    <Row Tag="LOC_CITIZEN_AZTEC_MODERN_MALE_4">
      <Text>José</Text>
    </Row>
    <Row Tag="LOC_CITIZEN_AZTEC_MODERN_MALE_5">
      <Text>Montago</Text>
    </Row>
    <Row Tag="LOC_CITIZEN_AZTEC_MODERN_MALE_6">
      <Text>Niguel</Text>
    </Row>
    <Row Tag="LOC_CITIZEN_AZTEC_MODERN_MALE_7">
      <Text>Pedro</Text>
    </Row>
    <Row Tag="LOC_CITIZEN_AZTEC_MODERN_MALE_8">
      <Text>Richardo</Text>
    </Row>
    <Row Tag="LOC_CITIZEN_AZTEC_MODERN_MALE_9">
      <Text>Teyo</Text>
    </Row>
    <Row Tag="LOC_CITIZEN_AZTEC_MODERN_MALE_10">
      <Text>Tino</Text>
    </Row>
    <Row Tag="LOC_CITIZEN_AZTEC_MODERN_FEMALE_1">
      <Text>Amorita</Text>
    </Row>
    <Row Tag="LOC_CITIZEN_AZTEC_MODERN_FEMALE_2">
      <Text>Bellona</Text>
    </Row>
    <Row Tag="LOC_CITIZEN_AZTEC_MODERN_FEMALE_3">
      <Text>Eldora</Text>
    </Row>
    <Row Tag="LOC_CITIZEN_AZTEC_MODERN_FEMALE_4">
      <Text>Guadalupe</Text>
    </Row>
    <Row Tag="LOC_CITIZEN_AZTEC_MODERN_FEMALE_5">
      <Text>Luminosa</Text>
    </Row>
    <Row Tag="LOC_CITIZEN_AZTEC_MODERN_FEMALE_6">
      <Text>Orlena</Text>
    </Row>
    <Row Tag="LOC_CITIZEN_AZTEC_MODERN_FEMALE_7">
      <Text>Perdita</Text>
    </Row>
    <Row Tag="LOC_CITIZEN_AZTEC_MODERN_FEMALE_8">
      <Text>Pilar</Text>
    </Row>
    <Row Tag="LOC_CITIZEN_AZTEC_MODERN_FEMALE_9">
      <Text>Senalda</Text>
    </Row>
    <Row Tag="LOC_CITIZEN_AZTEC_MODERN_FEMALE_10">
      <Text>Zola</Text>
    </Row>
    <Row Tag="LOC_CITY_NAME_TENOCHTITLAN">
      <Text>Tenochtitlan</Text>
    </Row>
    <Row Tag="LOC_CITY_NAME_TEXCOCO">
      <Text>Texcoco</Text>
    </Row>
    <Row Tag="LOC_CITY_NAME_ATZCAPOTZALCO">
      <Text>Atzcapotzalco</Text>
    </Row>
    <Row Tag="LOC_CITY_NAME_TEOTIHUACAN">
      <Text>Teotihuacán</Text>
    </Row>
    <Row Tag="LOC_CITY_NAME_TLACOPAN">
      <Text>Tlacopán</Text>
    </Row>
    <Row Tag="LOC_CITY_NAME_XOCHICALCO">
      <Text>Xochicalco</Text>
    </Row>
    <Row Tag="LOC_CITY_NAME_MALINALCO">
      <Text>Malinalco</Text>
    </Row>
    <Row Tag="LOC_CITY_NAME_TEAYO">
      <Text>Teayo</Text>
    </Row>
    <Row Tag="LOC_CITY_NAME_CEMPOALA">
      <Text>Cempoala</Text>
    </Row>
    <Row Tag="LOC_CITY_NAME_CHALCO">
      <Text>Chalco</Text>
    </Row>
    <Row Tag="LOC_CITY_NAME_IXTAPALUCA">
      <Text>Ixtapaluca</Text>
    </Row>
    <Row Tag="LOC_CITY_NAME_TENAYUCA">
      <Text>Tenayuca</Text>
    </Row>
    <Row Tag="LOC_CITY_NAME_HUEXOTLA">
      <Text>Huexotla</Text>
    </Row>
    <Row Tag="LOC_CITY_NAME_CHAPULTEPEC">
      <Text>Chapultepec</Text>
    </Row>
    <Row Tag="LOC_CITY_NAME_TEPEXPAN">
      <Text>Tepexpan</Text>
    </Row>
    <Row Tag="LOC_CITY_NAME_ZITLALTEPEC">
      <Text>Zitlaltepec</Text>
    </Row>
    <Row Tag="LOC_CITY_NAME_XALAPA">
      <Text>Xalapa</Text>
    </Row>
    <Row Tag="LOC_CITY_NAME_TAMUIN">
      <Text>Tamuín</Text>
    </Row>
    <Row Tag="LOC_CITY_NAME_TELOLOAPAN">
      <Text>Teloloapan</Text>
    </Row>
    <Row Tag="LOC_CITY_NAME_MITLA">
      <Text>Mixquic</Text>
    </Row>
    <Row Tag="LOC_CITY_NAME_TLATELOLCO">
      <Text>Tlatelolco</Text>
    </Row>
    <Row Tag="LOC_CITY_NAME_COYOTEPEC">
      <Text>Coyotepec</Text>
    </Row>
    <Row Tag="LOC_CITY_NAME_ZACATULA">
      <Text>Zacatula</Text>
    </Row>
    <Row Tag="LOC_CITY_NAME_YUCUNUDAHUI">
      <Text>Yucuñudahui</Text>
    </Row>
    <Row Tag="LOC_CITY_NAME_ECATEPEC">
      <Text>Ecatepec</Text>
    </Row>
    <Row Tag="LOC_CITY_NAME_MAZATAN">
      <Text>Mazatán</Text>
    </Row>
    <Row Tag="LOC_CITY_NAME_IZTAPALAPA">
      <Text>Iztapalapa</Text>
    </Row>
    <Row Tag="LOC_CITY_NAME_TLALMANALCO">
      <Text>Tlalmanalco</Text>
    </Row>
    <Row Tag="LOC_CITY_NAME_HUAXYACAC">
      <Text>Huaxyacac</Text>
    </Row>
    <Row Tag="LOC_CITY_NAME_ACATITLAN">
      <Text>Acatitlan</Text>
    </Row>
    <Row Tag="LOC_CIVILIZATION_AZTEC_DESCRIPTION">
      <Text>Aztek İmparatorluğu</Text>
    </Row>
    <Row Tag="LOC_CIVILIZATION_AZTEC_ADJECTIVE">
      <Text>Aztek
 	 	 	</Text>
      <Gender>Masculine:an</Gender>
    </Row>
    <Row Tag="LOC_CIVINFO_AZTEC_LOCATION">
      <Text>Kuzey Amerika</Text>
    </Row>
    <Row Tag="LOC_CIVINFO_AZTEC_SIZE">
      <Text>Tahmini 117,5 bin mil kare (304 bin km kare)</Text>
    </Row>
    <Row Tag="LOC_CIVINFO_AZTEC_POPULATION">
      <Text>Tahmini En geniş kapsamda 5,1 milyon</Text>
    </Row>
    <Row Tag="LOC_CIVINFO_AZTEC_CAPITAL">
      <Text>Tenochtitlan</Text>
    </Row>
    <Row Tag="LOC_TRAIT_CIVILIZATION_BUILDING_TLACHTLI_NAME">
      <Text>Azteklere özgü bir bina: Tlachtli</Text>
    </Row>
    <Row Tag="LOC_TRAIT_CIVILIZATION_UNIT_AZTEC_EAGLE_WARRIOR_NAME">
      <Text>Aztek eşsiz birimi: Kartal Savaşçı</Text>
    </Row>
    <Row Tag="LOC_PEDIA_CIVILIZATIONS_PAGE_CIVILIZATION_AZTEC_CHAPTER_HISTORY_PARA_1">
      <Text>Hernando Cortes ve ne idüğü belirsiz çetesi geldiğinde, Aztek İmparatorluğu henüz çocukluk çağındaydı ve MS 1428 civarında (az ya da çok) ortaya çıkmıştı. Excan Tlahtoloyan (Aztek İmparatorluğu) sadece yüz yıl sürmüş olsa da, hareketli bir yüz yıldı.</Text>
    </Row>
    <Row Tag="LOC_PEDIA_CIVILIZATIONS_PAGE_CIVILIZATION_AZTEC_CHAPTER_HISTORY_PARA_2">
      <Text>Başlangıçta... Zumpango, Xaltocan, Texcoco, Xochimilco ve Chalco göllerinin kıyıları boyunca Meksika Vadisi'ne dağılmış bir dizi küçük altepetl (şehir devleti) vardı. Bölge bol yağışlı ve ılıman bir iklime sahipti ve toprakları verimliydi. Bu yüzden Nahua (Mexihcati olarak da bilinir) halkları 1250 civarında Aztlan'dan ("Beyaz Ülke" - dolayısıyla "Aztekler") güneye göç ederek buraya yerleşmeye çalıştı.</Text>
    </Row>
    <Row Tag="LOC_PEDIA_CIVILIZATIONS_PAGE_CIVILIZATION_AZTEC_CHAPTER_HISTORY_PARA_3">
      <Text>Ne yazık ki, başta Azcapotzalco ve Culhuacan olmak üzere birkaç başka kabile zaten oradaydı. Kudretli Azcapotzalco 1325 yılında gezgin Azteklere Texcoco Gölü'ndeki küçük bir adaya yerleşme izni verdi ve Aztekler burada Tenochtitlan şehrini kurdular; efsaneye göre bu yerin seçilmesinin nedeni rahip bir adamın nopal kaktüsüne yuva yapan bir kartal görmesiydi - bu da seçilen yerin burası olduğuna dair bir işaretti. Yine de Tenochtitlan büyümek için mükemmel bir konumdaydı - kolayca savunulabiliyordu (bir adadaydı), bol su ve balıkçılık vardı ve yakınlarda inşaat malzemesi kaynakları bulunuyordu. Görünüşe göre Aztekler Azcapotzalcos'a haraç ödeyerek şimdilik rahat bırakılmaktan memnundu.</Text>
    </Row>
    <Row Tag="LOC_PEDIA_CIVILIZATIONS_PAGE_CIVILIZATION_AZTEC_CHAPTER_HISTORY_PARA_4">
      <Text>Aztekler bir yüzyıl boyunca Azcapotzalcos'a tabi kaldılar. Bu arada yakındaki bir başka altepetl huzursuzlanmaya başlamıştı. Göl havzasının güney ucunda yer alan Alcohua şehir devleti Texcoco, Azcapotzalcos'a hâkimiyet için meydan okuyacak kadar ticaretle zenginleşti. Takip eden savaşta Tenochtitlan, Azcapotzalcos'a sadık kaldı ve Texcoco'nun fethinde hayati bir rol oynadı. Sonuç olarak, Aztekler sadakatleri için mağlup şehri bir haraç vilayeti olarak alarak ödüllendirildiler.</Text>
    </Row>
    <Row Tag="LOC_PEDIA_CIVILIZATIONS_PAGE_CIVILIZATION_AZTEC_CHAPTER_HISTORY_PARA_5">
      <Text>Azcapotzalco kralı Tezozomoc 1426'da aniden ölene kadar her şey yeterince güzeldi. Bunu takip eden kısa süreli iç savaşta Tenochtitlan Aztekleri eski kralın tercih ettiği varisi Tayahuah'ı desteklediler ki bunun pek de iyi bir seçim olmadığı ortaya çıktı. Kardeşi Maxtla kazandı ve hemen Tayahuah'ı destekleyenleri cezalandırmaya başladı. Bu olayların ortasında Aztek kralı şüpheli bir şekilde öldü, muhtemelen Maxtla'nın emriyle suikasta kurban gitti. Ancak yeni kral Itzcoatl meydan okumaya devam etti ve bu yüzden Maxtla şehri kuşattı, adayı abluka altına aldı ve tamamen teslim olmasını istedi.</Text>
    </Row>
    <Row Tag="LOC_PEDIA_CIVILIZATIONS_PAGE_CIVILIZATION_AZTEC_CHAPTER_HISTORY_PARA_6">
      <Text>Aynı zamanda Maztla, Texcoco'daki Alcohua'lara karşı da büyük bir sevgi beslemiyordu. Texcoco hükümdarı Nezahualcoyotl sürgüne kaçtı ve Itzcoatl'a katılmak üzere yola çıktı. Muhalif Azcapotzalco şehri Tlacopan da Itzcoatl'a destek verdi. Böylece ünlü Üçlü İttifak kuruldu: ortak bir hedefe sahip üç şehir devleti, Maxtla'nın devrilmesi, 1427'nin sonunda başarıldı. Azcapotzalco'yu tamamen yok eden üç kral "uyum içinde" yaşamayı kabul etti. İlk işleri mağlupların topraklarını bölüşmek oldu; her nasılsa Tenochtitlan aslan payını aldı. Bu başarı hepsinin o kadar hoşuna gitti ki, üç şehir ittifaklarını resmileştirdi. Buna göre, tüm haraçlar paylaşılacak ve üçü de gelecekteki fetih savaşlarına katılacak ve ganimeti paylaşacaktı. Kralların her biri dönüşümlü olarak huetlatoani ("yaşlı konuşmacı") unvanını aldı ve aslında müttefik krallığın imparatoru olarak hizmet etti.</Text>
    </Row>
    <Row Tag="LOC_PEDIA_CIVILIZATIONS_PAGE_CIVILIZATION_AZTEC_CHAPTER_HISTORY_PARA_7">
      <Text>Önümüzdeki yüzyıl boyunca, bir dizi yetenekli yaşlı konuşmacının yönetiminde Aztek İttifakı, Mezoamerika boyunca Atlantik'ten Pasifik'e ulaşana kadar komşularını ezerek gelişecekti. Aslında bu "imparatorluk" ya sosyal ya da belki de dini gerekliliklerden dolayı neredeyse sürekli bir savaş halindeydi. Aztek Weltanschaung'unda (dilleri karıştırmak için) ölüm yaşamın devamı için bir araçtı ve şeylerin doğal düzeninde hem tanrılar hem de insanlar yaratılışı dengede tutmak için kurban vermek zorundaydı. Ve kan - insan kanı, çünkü hayvan kanı işe yaramıyor gibi görünüyordu - güneşin düşmesini engelliyordu. Yurttaşlar kan akıtmak istemedikleri için, daha aşağı tabakadan insanları - mahkûmları (dolayısıyla çok sayıda savaşa ihtiyaç vardı), köleleri, hizmetkârları ve yoksulları - kullanmak doğaldı. Kurbanların boyutu şaşırtıcıydı; örneğin 1487'de Tenochtitlan'daki Templo Mayor'un (Büyük Piramit) adanması sırasında tarihçiler 10 ila 80 bin arasında kişinin öldürüldüğünü tahmin ediyor, bunlar genellikle kafaları kesilerek öldürülüyordu.</Text>
    </Row>
    <Row Tag="LOC_PEDIA_CIVILIZATIONS_PAGE_CIVILIZATION_AZTEC_CHAPTER_HISTORY_PARA_8">
      <Text>Aztekler kanlı ritüellerle kutlama yapmadıkları zamanlarda, Amerika'da eşi benzeri olmayan bir kültür ve bilim geliştirdiler. Örneğin, sofistike Aztek takvimi Avrupa veya Asya'da geliştirilmiş herhangi bir takvime eşitti. Tonalpohualli ("gün sayısı") 260 günlük bir döngüden oluşuyordu ve her gün birden on üçe kadar bir sayı ve 20 gün işaretinden biriyle gösteriliyordu; xiuhpohualli ya da "yıl sayısı" ise yılı her biri 20 günlük 18 döneme bölüyordu. Böylece bir yıl 360 isimli gün ve beş isimsiz günden oluşuyordu; bu isimsiz günlerin şanssız olduğu düşünülüyordu (tabii ki kötü karmaya karşı koymak için bu günlerde kurban edilenler için). Bu takvimin, astronomiyi bir sanat biçimine dönüştürdükleri için gökleri yoğun bir şekilde incelemelerinden kaynaklandığı düşünülmektedir. Ve Aztekler tüm bunları kendilerine özgü ideografik sistemleriyle bir ağaç kabuğu kağıdı olan amate üzerine yazdılar.</Text>
    </Row>
    <Row Tag="LOC_PEDIA_CIVILIZATIONS_PAGE_CIVILIZATION_AZTEC_CHAPTER_HISTORY_PARA_9">
      <Text>Itzcoatl 1440 yılında öldüğünde yerine yeğeni Montezuma geçti (birincisi, daha az yetenekli ikincisiyle karıştırılmamalıdır). Montezuma'nın büyük üvey kardeşi Tlacaelel, kabaca bir Avrupa başbakanına eşdeğer olan Cihuacoatl görevine getirildi. İkili daha sonra Tenochtitlan'ı ittifakın baskın ortağı haline getirerek bir Aztek İmparatorluğu'nu resmileştirdi. Montezuma, Huastecleri, Totonacları, Mixtekleri, Cosamaloapanları, Orizabaları ve Cotaxtlasları ezip geçerek fetih kısmını halletti. Tlacaelel Aztek uygarlığını kendi vizyonuna göre yeniden şekillendirdi.</Text>
    </Row>
    <Row Tag="LOC_PEDIA_CIVILIZATIONS_PAGE_CIVILIZATION_AZTEC_CHAPTER_HISTORY_PARA_10">
      <Text>Montezuma savaşla meşgulken, Tlacaelel Aztek geçmişini ve geleceğini kelimenin tam anlamıyla yeniden yazdı, bazı kaynaklara göre "tarihi yanlışlıklar" nedeniyle yüzlerce metnin yakılmasını emretti. Tlacaelel'in yönetiminde yenilenen Aztek dini, Azteklerin seçilmiş bir halk olduğunu ve diğerlerinin üstünde yer almaları gerektiğini savunuyordu. Tlacaelel ayrıca "yeni" Aztek teolojisinde militarizmin ve kurban ritüelinin önemini vurguladı. Ve Tenochtitlan'daki Templo Mayor da dahil olmak üzere, yeni yüce tanrı Huitzilopochtli'ye adanmış (çok sayıda kurbanla) bir dizi tapınak ve dini yapının inşasını denetledi.</Text>
    </Row>
    <Row Tag="LOC_PEDIA_CIVILIZATIONS_PAGE_CIVILIZATION_AZTEC_CHAPTER_HISTORY_PARA_11">
      <Text>Aztekler kardeşlerin yönetiminde otuz yıl boyunca başarılı oldular. Montezuma ile birlikte imparatorluk yüz bin mil karelik bir alana yayılmıştı ve yaklaşık beş milyon tebaa onun yönetimine tabi olmuştu. Tlacaelel ile birlikte, gerekli haraç (tabii ki kurban bağışlarını da içeriyordu) ve askeri güçler talep üzerine sağlandığı sürece, tebaa kabileler büyük ölçüde kendi hallerine bırakıldı. Tenochtitlan büyük bir ticaret ağının merkezi haline geldi ve Aztek tüccarları hem müttefiklerle hem de düşmanlarla memnuniyetle iş yaptılar. Herhangi bir para biriminden yoksun olan ticaret takasa dayanıyordu. Taslak hayvanlara ya da tekerlekli araçlara sahip olmayan Tlacaelel, her şeyin insanlar tarafından bir yerden başka bir yere taşınması gerektiğinden, yaya trafiği için tasarlanmış kapsamlı bir yol sisteminin inşasını denetledi. Sürekli kullanılan ve Aztek ordusu tarafından korunan bu yollar, kadınların bile tek başlarına seyahat edebilecekleri kadar güvenliydi. Ayrıca her mahallede erkek çocukların dini eğitim ve askeri eğitim aldığı devlet destekli telpochcalli (okullar) inşa ettirdi.</Text>
    </Row>
    <Row Tag="LOC_PEDIA_CIVILIZATIONS_PAGE_CIVILIZATION_AZTEC_CHAPTER_HISTORY_PARA_12">
      <Text>I. Montezuma MS 1468'de vefat etti ve yerine oğlu Axayacatl geçti. 13 yılını babasının fetihlerini pekiştirmek, çeşitli isyanları bastırmak ve kibirli Tarascan İmparatorluğu'nu savuşturmakla geçirdi. (Tlacaelel 1487'de öldü, şüphesiz pek çok kişiyi rahatlattı.) Axayacatl öldüğünde yerine kardeşi, sadece beş yıl sonra soyluları tarafından öldürülen muazzam derecede beceriksiz Tizoc geçti. Onu 1486'da daha iyi olduğunu kanıtlayan başka bir kardeş - Ahuitzotl - izledi; nüfusu ortadan kaybolan (ya öldürülen ya da topluca kurban edilen) Otzoma şehir devletini fethetti ve tartışmalı birkaç sınır bölgesi boyunca bir dizi kale inşa etmeye başladı. Ahuitzotl 10 Tavşan Yılı'nda (karmaşık Aztek takviminden faydalanmak için) öldü. Yeğeni Montezuma II tahta çıkarıldı.</Text>
    </Row>
    <Row Tag="LOC_PEDIA_CIVILIZATIONS_PAGE_CIVILIZATION_AZTEC_CHAPTER_HISTORY_PARA_13">
      <Text>Yeni Montezuma'nın hükümdarlığı uğursuz bir şekilde başladı... ve sonra yokuş aşağı gitti. Ahuitzotl'un danışmanlarından daha yetkin olanları görevden aldı ve çoğunu idam ettirdi. Ardından Aztek toplumundaki quauhpilli sınıfını - bir tür yarı soylu aşama - ortadan kaldırarak sıradan insanların ailelerini ilerletme şansını yok etti. Böylece avam kitlelerin imparatorluğa askeri ya da başka bir şekilde hizmet etmek için hiçbir teşviki kalmadı. En güçlü soylu aileleri kızdıran ve halktan insanları yabancılaştıran Montezuma, Şubat 1519'da Azteklerin kapısına dayanan açgözlü İspanyolların meydan okumalarına karşı hazırlıksızdı.</Text>
    </Row>
    <Row Tag="LOC_PEDIA_CIVILIZATIONS_PAGE_CIVILIZATION_AZTEC_CHAPTER_HISTORY_PARA_14">
      <Text>O yılın başlarında, Hernando Cortes komutasındaki bir keşif gezisi - yaklaşık 11 gemi, 630 adam, 13 at ve birkaç küçük toptan oluşan - Maya İmparatorluğu'nun bir parçası olan Yucatan'da karaya çıktı. Aslında Cortes'in sefer izni, limandan ayrılmadan önce Küba'nın İspanyol valisi tarafından iptal edilmişti, ancak Cortes açık bir isyan eylemiyle onun emirlerini görmezden geldi ve yine de yelken açtı (sanırım talih gerçekten de "aptal yürekli olanlardan yana"). Birkaç maceradan sonra, fatihler Veracruz'daki küçük yerli yerleşimine yelken açıp burayı ele geçirdiler ve burada kol eyaletlerinin birkaç Aztek valisiyle karşılaştılar. Bu ikisi Cortes ile Montezuma II arasında bir görüşme ayarlamayı kabul ettiler.</Text>
    </Row>
    <Row Tag="LOC_PEDIA_CIVILIZATIONS_PAGE_CIVILIZATION_AZTEC_CHAPTER_HISTORY_PARA_15">
      <Text>Ancak Montezuma inatla İspanyol "elçiyi" kabul etmeyi reddetti, bu yüzden Cortes davetsiz olarak Tenochtitlan'a doğru yola çıktı. Çoğu davetsiz misafir gibi İspanyollar da arkalarında kaos bıraktılar. Macera, ganimet ya da intikam peşinde koşan bir grup yerli savaşçıyla birlikte başkente doğru ilerleyen Cortes, büyük Cholula şehrine vardı. Orada neşeli çetesi, Büyük Piramit'in (dünyanın hacim olarak en büyük piramidi) önündeki meydanda toplanan yerel Aztek soylularının silahsız binlerce üyesini katletti. Daha sonra İspanyollar iyi bir önlem olarak şehri yaktılar. Kan dökülmesinden o kadar etkilenmişlerdi ki, ezilen Aztek vasalları sefere daha fazla katıldı. Cortes Tenochtitlan'a ulaştığında epey bir takipçisi vardı.</Text>
    </Row>
    <Row Tag="LOC_PEDIA_CIVILIZATIONS_PAGE_CIVILIZATION_AZTEC_CHAPTER_HISTORY_PARA_16">
      <Text>Kaçınılmaz olana boyun eğen Montezuma II, İspanyolları tanışmak ve konuşmak için barışçıl bir şekilde şehre kabul etti. Bunun üzerine Cortes onu esir aldı. Uzun lafın kısası, sonunda Aztekler Montezuma'yı taşlayarak öldürdüler ve İspanyolları başkentlerinden kovdular. Ama Cortes takviye kuvvetlerle geri döndü ve Tenochtitlan'ı kuşattı. Tüm ateşli silahlar, toplar ve (Azteklerin en çok etkilendikleri) atlarla birlikte şehir kısa sürede düştü ve yerle bir edildi ... ve Ağustos 1521'de Azteklerin son hükümdarı Cuauhtémoc yakalandı ve daha sonra idam edildi.</Text>
    </Row>
    <Row Tag="LOC_PEDIA_CIVILIZATIONS_PAGE_CIVILIZATION_AZTEC_CHAPTER_HISTORY_PARA_17">
      <Text>Kanlı Aztek derebeyleri gitmiş ve imparatorluk yeniden ayrı şehir devletlerine bölünmüştü, şimdi İspanyol hükümdarlığı altındaydı.</Text>
    </Row>
    <Row Tag="LOC_PEDIA_LEADERS_PAGE_LEADER_MONTEZUMA_TITLE">
      <Text>Montezuma I</Text>
    </Row>
    <Row Tag="LOC_PEDIA_LEADERS_PAGE_LEADER_MONTEZUMA_SUBTITLE">
      <Text>Tenochtitlanlı Huetlatoani, Azteklerin Beşinci Tlatoani'si</Text>
    </Row>
    <Row Tag="LOC_PEDIA_LEADERS_PAGE_LEADER_MONTEZUMA_QUOTE">
      <Text>Güneş doğduğunda sıcak değildir; bir süre yoluna devam ettikten sonra sıcak olur.</Text>
    </Row>
    <Row Tag="LOC_PEDIA_LEADERS_PAGE_LEADER_MONTEZUMA_CHAPTER_HISTORY_PARA_1">
      <Text>Motecuhzoma Ilhuicamina (her dilde bir ağız dolusu) Azteklerin beşinci tlatoani'siydi ("seçilmiş imparator"). 29 yıllık hükümdarlığı sırasında, yakınlardaki Tlacopan ve Texcoco ile uygun ittifakı sürdürerek Tenochtitlan şehrini bölgedeki baskın güç haline getirdi. Üçü birlikte, belirli bir sıraya göre Huastekler, Totonaclar, Mixtekler, Cosamaloapanlar, Orizabalar ve Cotaxtlaslar olmak üzere tüm komşularını alt etmeye devam edeceklerdi. Üçlü ittifakın şartlarına göre, Tenochtitlan fethedilen toprakların %40 kadarını aldı; Montezuma'nın hayatının sonunda Aztek imparatorluğu Meksika Vadisi'nin çok ötesine, Körfez Kıyısı'na kadar genişlemişti.</Text>
    </Row>
    <Row Tag="LOC_PEDIA_LEADERS_PAGE_LEADER_MONTEZUMA_CHAPTER_HISTORY_PARA_2">
      <Text>Montezuma (adı bir bakıma "bir lord gibi kaşlarını çatıyor" anlamına gelir) iyi bir soydan geliyordu. Babası Huitzilihuitl Tenochtitlan'ın kralıydı ve annesi Miahuaxihuitl Cuauhnahuac şehrinin hükümdarının kızıydı. Babasının MS 1417'de ölümünün ardından Montezuma'nın amcası Itzcoatl tlatoani seçildi; Tlacaelel I, Itzcoatl'ın danışmanlarından biri - aslında Nahuati ya da "İlk Danışman" - olurken Montezuma Aztek ordusunda general olarak görev yaptı.</Text>
    </Row>
    <Row Tag="LOC_PEDIA_LEADERS_PAGE_LEADER_MONTEZUMA_CHAPTER_HISTORY_PARA_3">
      <Text>Itzcoatl'ın 1440'taki ölümünün ardından Montezuma imparator seçildi. I. Tlacaelel bypass edilmekten hiç de mutsuz görünmüyordu (belki de tacı giymezse daha uzun yaşayacağını düşünüyordu) ve anlatılanlara göre kardeşine sadakatle hizmet etti. Ayrıca, I. Tlacaelel dini işlerle çok meşguldü. Diğer şeylerin yanı sıra, Azteklerin efsanelerini seçilmiş bir halk olarak yeniden şekillendirdi, küçük tanrı Huitzilopochtli'yi (savaş ve güneş tanrısı ve kısa süre sonra Tenochtitlan'ın koruyucusu) yükseltti ve militarizmi inançla birleştirdi. Evet, bir de tanrılara insan kurban etmenin kapsamını ve sıklığını arttırdı - özellikle de sıkıntılı zamanlarda (ki bu çoğu zaman oluyordu).</Text>
    </Row>
    <Row Tag="LOC_PEDIA_LEADERS_PAGE_LEADER_MONTEZUMA_CHAPTER_HISTORY_PARA_4">
      <Text>Bu arada Montezuma bir imparator olmasına rağmen nispeten mütevazı yaşıyordu. İspanyolların Aztekleri fethinden sadece 14 yıl sonra oluşturulan Codex Mendoza'ya göre, "basit" bir sarayda "sadece birkaç eşle" yaşıyordu. Aslında, sonunda üçü kardeşi Huehue Zaca'dan miras kalan on haremi olduğu kaydedilmiştir. En azından rütbe ve prestij açısından ilk karısı, kuzeni ve aralarında iki prensin de bulunduğu belki de üç çocuğunun annesi olan güzel Chichimecacihuatzin'di, ancak kimin hangi Montezuma çocuğunu doğurduğu biraz belirsizdir. Dini görevler, üreme ya da devlet işleriyle meşgul olmadığı zamanlarda, dostları ve danışmanlarıyla uzun sohbetler yapmaktan hoşlandığı söylenir.</Text>
    </Row>
    <Row Tag="LOC_PEDIA_LEADERS_PAGE_LEADER_MONTEZUMA_CHAPTER_HISTORY_PARA_5">
      <Text>Bu konuşmaların çoğu Aztek şehrinin ve yeni fethedilen toprakların nasıl geliştirileceği üzerine yoğunlaşmış gibi görünüyor. Bunlardan biri olan Tenochtitlan'a bol miktarda tatlı su sağlamak için çifte su kemeri inşası, Aztek İmparatorluğu'nun en büyük mühendislik başarısı olarak kabul edilir. Elbette genişleyen şehir büyüdükçe, aç nüfusunu ayakta tutmak için daha fazla miktarda yiyeceğe de ihtiyaç duydu. Orta Amerika evcil hayvanlardan yoksun olduğu için, her lokma şehre birilerinin sırtında taşınmak zorundaydı (çok sayıdaki kölelerinin yükü - ritüel olarak kurban edilmeyenler yani). Montezuma'nın hükümeti, yürüme mesafesindeki ekilebilir her toprak parçasının verimli bir şekilde işlenmesini sağlamak için devlet müfettişleri istihdam etti. Ve imparator, su baskınlarını hafifletmek ve daha fazla tarım arazisini bataklıktan kurtarmak için setler inşa edilmesini emretti.</Text>
    </Row>
    <Row Tag="LOC_PEDIA_LEADERS_PAGE_LEADER_MONTEZUMA_CHAPTER_HISTORY_PARA_6">
      <Text>Kardeşi I. Tlacaelel'in teşvikiyle Montezuma, zaten tabakalaşmış olan Aztek sınıf sistemini kodlayan ve pekiştiren, başta lüks tüketim olmak üzere malların tüketiminde savurganlığı sınırlamayı amaçlayan geleneksel düzenlemeler olan kıyafet yasalarını yürürlüğe koydu. Bir Aztek'in hayattaki konumu ne giyebileceğini ve nasıl konuşabileceğini belirliyordu. Örneğin, Montezuma'nın yeni yasalarına göre yoksulların pamuklu kumaş, sandalet ya da diz altına kadar uzanan herhangi bir giysi giymesine izin verilmiyordu. Sadece soylular bir kattan daha büyük evlerde yaşayabiliyordu. Suçlar kölelikle ya da kurban edilmekle cezalandırılıyordu, bu yüzden yasalara bağlılık neredeyse evrenseldi.</Text>
    </Row>
    <Row Tag="LOC_PEDIA_LEADERS_PAGE_LEADER_MONTEZUMA_CHAPTER_HISTORY_PARA_7">
      <Text>Montezuma ve dindar ağabeyi, Huitzilopochtli için yeni bir tapınak da dahil olmak üzere kırsal kesimde pek çok tapınak inşa etmeye başladı. Huitzilopochtli tapınağı MS 1455 yılında yüzlerce Huaxtec savaş esirinin kurban edilmesiyle "kutsanmıştır" (bazı tarihçiler tarafından kurban edilecek esirlere duyulan ihtiyacın Aztek dış politikasının ana konularından biri haline geldiği ileri sürülmüştür). Tlacaele ayrıca Aztek dini kitaplarını yeniden yazmakla meşgul olmuş, kendi tarih ve inanç yorumlarıyla uyuşmayan önceki kitapların imha edilmesini emretmiştir.</Text>
    </Row>
    <Row Tag="LOC_PEDIA_LEADERS_PAGE_LEADER_MONTEZUMA_CHAPTER_HISTORY_PARA_8">
      <Text>Ancak Montezuma'nın büyüyen imparatorluğu öncelikle neredeyse sürekli ve başarılı savaş haliyle bilinir. Bazı tarihçiler, Montezuma'nın en iyi çabalarına rağmen periyodik kıtlıklardan muzdarip olmaya devam eden Tenochtitlan için sürekli bir gıda kaynağı sağlamayı umarak, haraç için yakındaki kabileleri fethettiğini teorize etmektedir. Daha kötümser olan bir başka teoriye göre ise imparatorluk, kanlı devlet dininin sunakların bolluğu karşısında kurban edilecek birilerine olan kronik ihtiyacını karşılamak için sık sık savaşlar düzenlemiştir. Bir başka teori de Montezuma'nın çok savaştığı çünkü Azteklerin yaptığı şeyin bu olduğu... bir şeyleri fethetmek. Tarihin çoğunda olduğu gibi, kimse olayların neden olduğunu gerçekten bilmiyor.</Text>
    </Row>
    <Row Tag="LOC_PEDIA_LEADERS_PAGE_LEADER_MONTEZUMA_CHAPTER_HISTORY_PARA_9">
      <Text>I. Montezuma M.S. 1469'da öldü, bilinmeyen nedeni tarihin enkazı altına gömüldü. Yerine 19 yaşındaki oğlu Axayacatl geçti ve daha sonra, sadece iki yıl içinde her şeyini Cortes ve bir grup ayak takımı fetihçiye kaptırmayı başaran talihsiz Montezuma II'nin babası oldu.</Text>
    </Row>
    <Row Tag="LOC_PEDIA_LEADERS_PAGE_LEADER_MONTEZUMA_CHAPTER_CAPSULE_BODY">
      <Text>Montezuma, toplayabildiği tüm Lüksleri toplamak için imparatorluğunu zorlayan agresif bir yayılmacıdır.</Text>
    </Row>
    <Row Tag="LOC_PEDIA_LEADERS_PAGE_LEADER_MONTEZUMA_CHAPTER_DETAILED_BODY">
      <Text>Aztekler oyun boyunca savaş çığırtkanlığı yapacaklar, ancak gelişen savaş yorgunluğuyla başa çıkmak için bol miktarda [ICON_Amenities] olanağa sahip olmalılar. İlk hamleleri Kartal Savaşçıları ile düşmanları yenerek bu düşman birimlerinin Aztek İnşaatçılarına dönüşmesini sağlamak olacaktır. Bu İnşaatçılar daha sonra Aztek şehirlerinin hızlı bir şekilde genişlemesi için yakıt görevi görür ve bölge inşasında İnşaatçı ücretlerini kullanma konusundaki benzersiz yeteneklerini kullanır. Nihayetinde mümkün olduğunca geniş bir imparatorluk istiyorlar çünkü ele geçirebilecekleri ekstra Lüksler [ICON_Amenities] Kolaylıklarını daha da artıracak ve daha güçlü saldırı destekleri sağlayacaktır.</Text>
    </Row>
    <Row Tag="LOC_PEDIA_UNITS_PAGE_UNIT_AZTEC_EAGLE_WARRIOR_CHAPTER_HISTORY_PARA_1">
      <Text>Aztek ordusundaki iki seçkin piyade sınıfından biri (diğeri Jaguar Savaşçıları) olan Kartal Savaşçıları, soylu doğmuş en cesur genç erkeklerdi ve\veya savaşta en çok esir almış olanlardı. Jaguarlar gibi Kartallar da atlatl, yay, mızrak ve macuahuitl (obsidyen parçalarıyla süslenmiş tahta kılıçlar) kullanırlardı; Jaguarlardan farklı olarak Kartallar zırhlarını kartal tüyleriyle süsler ve gagası açık bir kartal başı şeklinde bir başlık takarlardı. Ve Malinalco'da tepede bir tapınakları vardı. İnsan kurbanı olacak kadar sağlam 20 esir alan genç bir savaşçı Kartal Savaşçısı olmaya hak kazanıyor ve şüphesiz ailesini çok gururlandırıyordu. İspanyollar topları, tüfekleri ve atlarıyla gelene kadar Kartal ve Jaguar savaşçıları Mezoamerika bloğundaki en sert kabadayılardı.</Text>
    </Row>
    <Row Tag="LOC_DIPLO_REJECT_DECLARE_FRIEND_FROM_HUMAN_LEADER_MONTEZUMA_ANY">
      <Text>Sen Aztekatl'ın dostu değilsin. Bu onuru hak etmelisin.</Text>
    </Row>
    <Row Tag="LOC_DIPLO_MODIFIER_TLATOANI_HAS_DESIRED_LUXURY">
      <Text>Montezuma, kendisinde olmayan lükslerinizi saldırı için olgun bir hedef olarak görüyor.</Text>
    </Row>
    <Row Tag="LOC_DIPLO_MODIFIER_TLATOANI_HAS_NO_DESIRED_LUXURY">
      <Text>Montezuma onun sahip olduğu lüksü kontrol ettiğin için mutlu.</Text>
    </Row>
    <Row Tag="LOC_DIPLO_ACCEPT_DECLARE_FRIEND_FROM_HUMAN_LEADER_MONTEZUMA_ANY">
      <Text>Teklifinle kalbim bembeyaz oldu. Dostluğumuzu kutlayalım.</Text>
    </Row>
    <Row Tag="LOC_DIPLO_DECLARE_FRIEND_FROM_AI_LEADER_MONTEZUMA_ANY">
      <Text>Bu dünyanın kötülüklerine karşı dostlukta birleşelim.</Text>
    </Row>
    <Row Tag="LOC_DIPLO_ACCEPT_DECLARE_FRIEND_FROM_AI_LEADER_MONTEZUMA_ANY">
      <Text>Teşekkür ederim.</Text>
    </Row>
    <Row Tag="LOC_DIPLO_REJECT_DECLARE_FRIEND_FROM_AI_LEADER_MONTEZUMA_ANY">
      <Text>Sabrımı sınıyorsun.</Text>
    </Row>
    <Row Tag="LOC_DIPLO_DECLARE_WAR_FROM_HUMAN_LEADER_MONTEZUMA_ANY">
      <Text>Askerlerin savaş alanında ya da bir sunakta ölecek. Huitzilopochtli için fark etmez.</Text>
    </Row>
    <Row Tag="LOC_DIPLO_DECLARE_WAR_FROM_AI_LEADER_MONTEZUMA_ANY">
      <Text>Şimdi korkak mı yoksa savaşçı mı olduğunuzu göreceğiz!</Text>
    </Row>
    <Row Tag="LOC_DIPLO_DEFEAT_FROM_AI_LEADER_MONTEZUMA_ANY">
      <Text>Huitzilopochtli zayıflığımızı affet... benim zayıflığımı. Sana hizmet edecek kadar güçlü değildim.</Text>
    </Row>
    <Row Tag="LOC_DIPLO_ACCEPT_DELEGATION_FROM_HUMAN_LEADER_MONTEZUMA_ANY">
      <Text>Delegasyonunuzu onurlu bir yerde ağırlayacağız. Hediyeleriniz nazik bir övgüdür.</Text>
    </Row>
    <Row Tag="LOC_DIPLO_REJECT_DELEGATION_FROM_HUMAN_LEADER_MONTEZUMA_ANY">
      <Text>Bugün olmaz.</Text>
    </Row>
    <Row Tag="LOC_DIPLO_DELEGATION_FROM_AI_LEADER_MONTEZUMA_ANY">
      <Text>Mısır ve çikolata hediyeleri heyetim tarafından size getirilmiştir. Onları size sunuyoruz.</Text>
    </Row>
    <Row Tag="LOC_DIPLO_DENOUNCE_FROM_HUMAN_LEADER_MONTEZUMA_ANY">
      <Text>Korkanlar en yüksek sesle konuşur. Bizden korkuyorsun.</Text>
    </Row>
    <Row Tag="LOC_DIPLO_DENOUNCE_FROM_AI_LEADER_MONTEZUMA_ANY">
      <Text>Sen bu dünya için bir zehirsin. Sen kötüsün! (Seni kınıyor).</Text>
    </Row>
    <Row Tag="LOC_DIPLO_FIRST_MEET_LEADER_MONTEZUMA_ANY">
      <Text>Ben Tenochtitlan'ın çatık kaşlı lorduyum. Tlatoani. Benden önce kim gelir? Bir savaşçı mı yoksa bir korkak mı?</Text>
    </Row>
    <Row Tag="LOC_DIPLO_FIRST_MEET_VISIT_RECIPIENT_LEADER_MONTEZUMA_ANY">
      <Text>Sizinle tanışmak bir onurdur. Sizi yakın şehrimize davet ediyorum, Ollamaliztli'de yeteneğinizi test edebilirsiniz.</Text>
    </Row>
    <Row Tag="LOC_DIPLO_FIRST_MEET_NEAR_INITIATOR_POSITIVE_LEADER_MONTEZUMA_ANY">
      <Text>Karar verildi.</Text>
    </Row>
    <Row Tag="LOC_DIPLO_FIRST_MEET_NO_MANS_INFO_EXCHANGE_LEADER_MONTEZUMA_ANY">
      <Text>Tenochtitlan, Huitzilopochtli'ye en yakın yerdir; şimdi bana başkentinizden bahsedin!</Text>
    </Row>
    <Row Tag="LOC_DIPLO_GREETING_LEADER_MONTEZUMA_ANY">
      <Text>Ne istiyorsun?</Text>
    </Row>
    <Row Tag="LOC_DIPLO_KUDO_EXIT_LEADER_MONTEZUMA_ANY">
      <Text>Ortak noktalarımız daha fazla. Tlacaelel'in sözlerini takip ediyorsun.</Text>
    </Row>
    <Row Tag="LOC_DIPLO_KUDO_LEADER_MONTEZUMA_REASON_ANY">
      <Text>(Onun istediği lükslere sahip değilsiniz)</Text>
    </Row>
    <Row Tag="LOC_DIPLO_WARNING_EXIT_LEADER_MONTEZUMA_ANY">
      <Text>Sende bende olmayan çok şey var!  Halkının köle olarak alınmasını mı istiyorsun?</Text>
    </Row>
    <Row Tag="LOC_DIPLO_WARNING_LEADER_MONTEZUMA_REASON_ANY">
      <Text>(Onun istediği bir lüksün var.)</Text>
    </Row>
    <Row Tag="LOC_DIPLO_MAKE_ALLIANCE_FROM_AI_LEADER_MONTEZUMA_ANY">
      <Text>Bir ittifak kurmak ister misiniz?</Text>
    </Row>
    <Row Tag="LOC_DIPLO_MAKE_PEACE_AI_ACCEPT_DEAL_LEADER_MONTEZUMA_ANY">
      <Text>Bu savaş tanrıları çok memnun etti. Şimdi kutlayalım.</Text>
    </Row>
    <Row Tag="LOC_DIPLO_MAKE_PEACE_AI_REFUSE_DEAL_LEADER_MONTEZUMA_ANY">
      <Text>Kabul etmiyorum.</Text>
    </Row>
    <Row Tag="LOC_DIPLO_MAKE_PEACE_FROM_AI_LEADER_MONTEZUMA_ANY">
      <Text>Gelin, evlerimize dönelim ve bir sonraki çatışma için gücümüzü toplayalım.</Text>
    </Row>
    <Row Tag="LOC_DIPLO_ACCEPT_OPEN_BORDERS_FROM_HUMAN_LEADER_MONTEZUMA_ANY">
      <Text>Ordunuzdan korkacak bir şeyimiz yok. Geçebilirsiniz.</Text>
    </Row>
    <Row Tag="LOC_DIPLO_REJECT_OPEN_BORDERS_FROM_HUMAN_LEADER_MONTEZUMA_ANY">
      <Text>Huitzilopochtli İmparatorluğu'ndan geçemezsiniz. Size kapalıdır.</Text>
    </Row>
    <Row Tag="LOC_DIPLO_OPEN_BORDERS_FROM_AI_LEADER_MONTEZUMA_ANY">
      <Text>Topraklarınızdan geçmemize izin verin! Huitzilopochtli emrediyor!</Text>
    </Row>
    <Row Tag="LOC_DIPLO_WARNING_TOO_MANY_TROOPS_NEAR_ME_LEADER_MONTEZUMA_ANY">
      <Text>İmparatorluğu şaşırtamazsınız. Saldırınızı görüyoruz. Onları uzaklaştırmazsanız ilk biz saldıracağız.</Text>
    </Row>
    <Row Tag="LOC_PEDIA_BUILDINGS_PAGE_BUILDING_TLACHTLI_CHAPTER_HISTORY_PARA_1">
      <Text>Mezoamerikalılar 2700 yılı aşkın bir süre boyunca geleneksel "top oyunlarını" - Nahuatl dilinde Ollamaliztli - (şaşırtıcı olmayan bir şekilde) "top sahalarında" oynamışlardır. Oyun olarak takım raketboluna benzeyen bu "spor etkinlikleri", kaybedenlerin (ve bazen kazananların) oyundan sonra genellikle başları kesilerek kurban edildiği göz önüne alındığında, önemli ritüel imalara sahipti. El Tajin ve Chichen Itza'dakiler gibi birçok Maya top sahasında oyundan sonra insan kurban edildiğine dair açık tasvirler bulunabilir. Sporun farklı yerlerde ve farklı zamanlarda farklı kuralları olsa da, Nikaragua'ya kadar güneyde ve Arizona'ya kadar kuzeyde olmak üzere Mezoamerika'nın her yerine yayılmıştır. İki buçuk bin yıl boyunca çok az değişen bir düzende inşa edilen top sahaları, açık uçlu (daha sonra kapalı) daha geniş kale alanlarına sahip yüksek eğimli duvarlar arasında uzun, dar bir oyun alanından oluşan taş yapılardı. Boyanmış ve süslenmiş bu stadyumlar Mezoamerikan uygarlığının simgesiydi... ta ki İspanyollar gelip yerlileri başka oyunlarla tanıştırana kadar.</Text>
    </Row>
  </BaseGameText>
</GameData>