﻿<?xml version="1.0" encoding="utf-8" standalone="yes"?>
<GameData xmlns:xsi="http://www.w3.org/2001/XMLSchema-instance">
  <BaseGameText>
    <!-- Main menu text -->
    <Row Tag="LOC_BENCHMARK_GRAPHICS">
      <Text>Grafikler</Text>
    </Row>
    <Row Tag="LOC_BENCHMARK_EXP2_GRAPHICS">
      <Text>Gathering Storm Graphics</Text>
    </Row>
    <Row Tag="LOC_BENCHMARK_AI">
      <Text>YAPAY ZEKA</Text>
    </Row>
    <Row Tag="LOC_BENCHMARK_EXP2_AI">
      <Text>Gathering Storm Yapay Zeka</Text>
    </Row>
    <Row Tag="LOC_BENCHMARK_GRAPHICS_TT">
      <Text>Bilgisayarınızdaki grafik performansını ölçün.</Text>
    </Row>
    <Row Tag="LOC_BENCHMARK_EXP2_GRAPHICS_TT">
      <Text>Bilgisayarınızdaki grafik performansını ölçmek için ağır bir kıyaslama.</Text>
    </Row>
    <Row Tag="LOC_BENCHMARK_AI_TT">
      <Text>Bilgisayarınızdaki yapay zeka ve dönüş işleme performansını ölçün.</Text>
    </Row>
    <Row Tag="LOC_BENCHMARK_EXP2_AI_TT">
      <Text>Bilgisayarınızdaki yapay zeka ve dönüş işleme performansını ölçmek için ağır bir kıyaslama.</Text>
    </Row>
    <Row Tag="LOC_BENCHMARK_AI_TT_ERROR">
      <Text>[COLOR_RED]Bu kıyaslamayı gerçekleştirmek için Aztek Uygarlığı Paketi etkinleştirilmelidir. [ENDCOLOR]</Text>
    </Row>
    <Row Tag="LOC_BENCHMARK_EXP2_AI_TT_ERROR">
      <Text>[COLOR_RED]Bu kıyaslamayı gerçekleştirmek için Gathering Storm genişletmesi etkinleştirilmelidir. [ENDCOLOR]</Text>
    </Row>
    <Row Tag="LOC_BENCHMARK_EXP2_GRAPHICS_TT_ERROR">
      <Text>[COLOR_RED]Bu kıyaslamayı gerçekleştirmek için Gathering Storm genişletmesi etkinleştirilmelidir. [ENDCOLOR]</Text>
    </Row>
    <!-- Benchmarking UI text -->
    <Row Tag="LOC_BENCHMARK_TIME">
      <Text>Zaman:</Text>
    </Row>
    <Row Tag="LOC_BENCHMARK_TURN">
      <Text>Dön:</Text>
    </Row>
    <Row Tag="LOC_BENCHMARK_AVG_TURN_TIME">
      <Text>Ortalama Dönüş Süresi:</Text>
    </Row>
  </BaseGameText>
</GameData>