﻿<?xml version="1.0" encoding="utf-8" standalone="yes"?>
<GameData xmlns:xsi="http://www.w3.org/2001/XMLSchema-instance">
  <BaseGameText>
    <Row Tag="LOC_PEDIA_DISTRICTS_PAGE_INTRO_CHAPTER_CONTENT_PARA_1">
      <Text>Civilization VI'da binalar artık şehir merkezinize hapsolmuyor, bölgelerin bir parçası olarak topraklarınıza yayılabiliyor. Önemli stratejik yerleştirme kararlarıyla karşı karşıya kaldığınız için harita her zamankinden daha önemlidir. Kampüsler ve Kutsal Alanlar, Dağların yakınına yerleştirildiklerinde özel destekler alırlar, ancak yalnızca birincisi yakındaki bir Yağmur Ormanı kaynağından da yararlanır.</Text>
    </Row>
    <Row Tag="LOC_PEDIA_DISTRICTS_PAGE_DISTRICT_CITY_CENTER_CHAPTER_HISTORY_PARA_1">
      <Text>Bir şehrin siyasi, kültürel, tarihi, ticari ve coğrafi kalbi... en azından teori böyle. Dünyanın farklı bölgelerinde, köyler kasabalara ve kasabalar şehirlere dönüştükçe, medeniyetin bu simbiyotik niteliklerinin farklı yönleri, genellikle önceden düşünülmeden vurgulanmaya başlandı. Şehir merkezinde dolaşarak bir halk hakkında çok şey öğrenilebilir. Halk nadiren şehir merkezinde yaşar (gökdelenler ve apartman daireleri ortaya çıkana kadar); bunun yerine muhteşem anıtları, büyük parkları, yüksek ofisleri, gösterişli hükümet binaları ve benzerleriyle şehrin kişiliğinin sergilendiği yer "şehir merkezidir". Genellikle ilk yerleşilen kısmı (şimdi kentsel dönüşümle düzleştirilmiş basit evler) kapsar ve bu nedenle şimdi genişleyen şehrin en tarihi bölgesidir.</Text>
    </Row>
    <Row Tag="LOC_PEDIA_DISTRICTS_PAGE_DISTRICT_HOLY_SITE_CHAPTER_HISTORY_PARA_1">
      <Text>Tanrı güdümlü uygarlıklarda, bazı şehirlerde tüm tapınakların, tapınakların, manastırların, sunakların, kiliselerin bir araya toplandığı dini "bölgelerin" gelişmesi bilinmeyen bir şey değildir. Bunlar genellikle kutsal bir mekanda, bir mucizenin, vizyonun ya da vahyin gerçekleştiği yerde ortaya çıkar. Kabe'yi merkez alan İslam'ın en kutsal mekânı bunlardan biridir. Kudüs kutsal mekânlar için bir merkez üssüdür. Bir de Roma'nın ortasına inşa edilmiş kutsal bir şehir olan Roma Katolik Vatikanı var. Ve halk hala Mekke'ye Hac ziyareti ya da Sihlerin Amritsar'daki Altın Tapınağı ziyaret etmek için her gün dua etmesi ya da Seçilmiş Halk'ın Tapınak Dağı'nı görmek için hararetli bir istek duyması gibi bu tür yerlere hac ziyaretleri yapmaktadır.</Text>
    </Row>
    <Row Tag="LOC_PEDIA_DISTRICTS_PAGE_DISTRICT_CAMPUS_CHAPTER_HISTORY_PARA_1">
      <Text>"Kampüs" terimi Latince "alan" anlamına gelmektedir ve ilk olarak MS 1746 yılında kurulan Princeton Üniversitesi'nin arazisine uygulanmıştır; kelime o zamandan beri herhangi bir yüksek öğrenim kurumunun (ve bazen gösterişli kurumsal ofis komplekslerinin) genellikle peyzajlı ortamına uygulanmaktadır. Öğrenime adanmış özel bir bölge olarak kampüs geleneğinin kökleri, eğitmenlerin ve öğrencilerin kendi kendini düzenleyen, manastırlı bir yerleşimde birlikte yaşadığı 12. Yüzyıl Avrupa okullarına dayanmaktadır. Kolektif haklara ve yasal ayrıcalıklara sahip olan bu ilk kampüsler genellikle prensler ya da papazlar tarafından verilen beratlarla garanti altına alınmış ve arazileri de bulundukları şehir tarafından "bağışlanmıştır".</Text>
    </Row>
    <Row Tag="LOC_PEDIA_DISTRICTS_PAGE_DISTRICT_ENCAMPMENT_CHAPTER_HISTORY_PARA_1">
      <Text>Eski bir hükümdar, sivri uçlu sopalarla silahlanmış bir grup iyi niyetli çiftçiden ziyade profesyonel bir orduya ihtiyaç duyduğuna karar verdiğinde, ölüm ve kargaşa çıkarmadıkları zamanlarda bu orduyu yerleştirecek bir yer olması gerekiyordu. Askerlerin sıradan halkın arasına karışması uygun olmayacağından, birlikleri barındırmak ve eğitmek için kamplar kuruldu. Genellikle tahkim edilmiş, ordunun refahı için gerekli olan her şeyi - kışlalar, ahırlar, depolar, eğitim alanları ve benzeri - içeren bu kamplar oldukça etkileyici olabilirdi; Roma İmparatorluğu'nun zirvesinde, standart bir askeri kamp tüm bir lejyonu barındırabilir ve bakımını yapabilirdi. Aslında, Roma yasaları ve gelenekleri herhangi bir lejyonun şehre girmesini bile yasaklıyordu - Lucius Sulla lejyonlarını şehre sokup MÖ 87'de kendini diktatör ilan edene kadar fena bir fikir değildi.</Text>
    </Row>
    <Row Tag="LOC_PEDIA_DISTRICTS_PAGE_DISTRICT_HARBOR_CHAPTER_HISTORY_PARA_1">
      <Text>Güvenli sığınak, fırtınalardan korunmak için barınak, dinlenmek ve yenilenmek için yer, liman. İnsanlar denize açılmaya başlar başlamaz limanlara duyulan ihtiyaç da belirginleşti. İlk uygarlıklar doğal limanlar aramış ve tarih genellikle bu deniz yerleşimlerinin bulunduğu yerlerle tanımlanmıştır. Zamanla dalgakıranlar, iskeleler, deniz duvarları, deniz fenerleri ve çekek yerleri eklenmiş ve limanı açık tutmak için gerekirse deniz dibi taranmıştır. Limanlar ticaretin ve deniz savaşlarının merkezi, keşiflerin başlangıç ve göçlerin bitiş noktasıydı. Teknoloji geliştikçe, beton, çelik, tarama mavnaları ve pompalama istasyonları kullanılarak tuzlu bataklıklar ve gelgit düzlüklerinden oluşturulan Long Beach Limanı gibi modern ticaret gemilerini idare edebilecek "yapay" limanlar inşa edilebildi.</Text>
    </Row>
    <Row Tag="LOC_PEDIA_DISTRICTS_PAGE_DISTRICT_AERODROME_CHAPTER_HISTORY_PARA_1">
      <Text>Havaalanı, uçakların kalktığı ve indiği bir yerdir. Teknik olarak, Uluslararası Sivil Havacılık Örgütü'ne göre bir "havaalanı" "karada veya suda tanımlanmış bir alandır... tamamen veya kısmen uçakların varışı, kalkışı ve yüzey hareketi için kullanılması amaçlanmıştır." Bu tanıma tam olarak uyan ilk bölge Paris'in bir banliyösü olan Viry-Châtillon'da bulunuyordu. Uçuşun o ilk günlerinde, açık, nispeten düz, çimenli herhangi bir alan hizmet verebilirdi...ve verdi de. Bu da, günümüzden farklı olarak, uçakların rüzgâr yönüne ve hava koşullarına göre ayarlanarak herhangi bir yöne iniş ve kalkış yapabileceği ve bir rüzgâr çorabı veya bayraktan başka bir şeye ihtiyaç duymayacağı anlamına geliyordu. Sonra birilerinin aklına asfalt pistler eklemek gibi zekice bir fikir geldi ve tüm bu iniş ve kalkışlar çok daha karmaşık bir hal aldı.</Text>
    </Row>
    <Row Tag="LOC_PEDIA_DISTRICTS_PAGE_DISTRICT_COMMERCIAL_HUB_CHAPTER_HISTORY_PARA_1">
      <Text>Bir şehrin "ticari merkezi" genellikle kapitalizm ve açgözlülüğün şehrin mali durumunu canlandırdığı şehir merkezindeki iş bölgesini ifade eder. Burada birkaç kişiyi zengin eden ve şehrin büyümesini sağlayan pazarlar, bankalar ve borsalar bulunur. Zamanla, basit bir yerel finansörler ve şirket ofisleri topluluğundan gelişen bir ticaret merkezi, "küresel bir finans merkezi" haline bile gelebilir. Bu tür küresel merkezleri sıralamak için bir sistem bile var; 2013 yılına kadar Londra, Küresel Finans Merkezleri Endeksi'nde en üst sırada yer alırken, bu tarihten sonra yerini New York'a bıraktı ve her ikisini de Hong Kong, Singapur ve Tokyo yakından takip etti. Kâr arayışının uygarlığın evrensel bir özelliği olduğu açıktır.</Text>
    </Row>
    <Row Tag="LOC_PEDIA_DISTRICTS_PAGE_DISTRICT_ENTERTAINMENT_COMPLEX_CHAPTER_HISTORY_PARA_1">
      <Text>"Eğlence" bölgesi, kentsel bir ortamda yaşamanın yükünden aile dostu dikkat dağıtıcı şeyler sunar. Bazı şehirlerde eğlence kompleksi müzeler, hayvanat bahçeleri ve diğer eğitici mekanlarla doludur; diğerlerinde tiyatrolar, barlar, müzik mekanları ve benzerlerinden oluşan bir bölgedir; bazıları ise stadyumlar ve kapalı arenalarla şehrin spor merkezidir. Şekli ne olursa olsun - ister Montreal'deki Quartier des Spectacles, ister Wellington'daki Te Aro Bölgesi, hatta Hamburg'daki St Pauli olsun - her medeni şehir, vatandaşlarına mutluluk ve gurur veren, kırsal kesimde olmayan bir sosyal kimlik duygusu aşılayan bir bölgeye sahiptir.</Text>
    </Row>
    <Row Tag="LOC_PEDIA_DISTRICTS_PAGE_DISTRICT_THEATER_CHAPTER_HISTORY_PARA_1">
      <Text>Kentli orta sınıf, 19. yüzyılın sonlarında "kültürlü" olmanın gereklerini yerine getirmeye başladıkça, ayı yemi ve çıplak muşta boksundan daha rafine eğlenceler talep etmeye başladı. Cevap, genellikle üst sınıf tarafından himaye edilen mevcut tiyatro ve müzelerin etrafında kümelenen tiyatro bölgeleri oldu. Böylece New York'un Broadway bölgesi, Metropolitan Opera Binası'nın 1883'te Batı 39. Cadde ve Broadway'e taşınmasının hemen ardından bir dizi yeni müzikhol ve restoranın açılmasına tanık oldu. 1800'lerin başında Londra'nın West End tiyatro bölgesi Covent Garden'daki Kraliyet Opera Binası'ndan dışarıya doğru genişledi. Zamanla, tiyatro yeteneğinden beslenen herkes tiyatro bölgelerinde de bulundu: kayıt stüdyoları, radyo stüdyoları, menajerler, yapımcılar ve diğerleri.</Text>
    </Row>
    <Row Tag="LOC_PEDIA_DISTRICTS_PAGE_DISTRICT_INDUSTRIAL_ZONE_CHAPTER_HISTORY_PARA_1">
      <Text>Bir sanayi bölgesi (bazen üstü kapalı olarak sanayi "parkı" olarak da adlandırılır), modern uygarlıkta "ağır siklet" imalat ve nakliyenin yapıldığı yerdir. Sanayi Devrimi'nden çok önce, en gürültülü, kokulu ve tehlikeli atölyelerin - tabakhaneler, dökümhaneler, mezbahalar vb. - şehir duvarlarının dışında yer alırdı. Kimse bunların yakınında yaşamak istemiyordu. Kaçınılmaz olarak, hammaddeleri bu bölgelere taşımak ve bitmiş ürünleri bu bölgelerden çıkarmak için ağır taşımacılık gelişti; bugün sanayi bölgeleri otoyollar, demiryolları, havaalanları ve limanlar için bağlantı noktasıdır. Bölgelerle birlikte altyapı da büyüdü: depolar, enerji santralleri, su kuleleri, boru hatları ve iletişim ağları. Ve sanayi büyüdükçe sanayi bölgeleri de büyümeye devam etti; örneğin Edmonton'ın dışındaki Upgrader Alley 318 kilometrekarelik (yaklaşık 123 mil kare) bir alanı kapsıyor.</Text>
    </Row>
    <Row Tag="LOC_PEDIA_DISTRICTS_PAGE_DISTRICT_NEIGHBORHOOD_CHAPTER_HISTORY_PARA_1">
      <Text>Bay Rogers, Büyük Kuş ve Kurabiye Canavarı gibi idealize edilmiş bir mahallede yaşıyordu. Gerçekte, mahalleler nadiren dostane değerlere, özlemlere ve kültüre sahip işlevsel sosyal ağlardır. Sanayi Devrimi'nin gelişiyle birlikte, ilk kez kırsal kesimden daha fazla insan şehirlerde yaşamaya başladı; ulaşımın sınırlı ve yavaş olması nedeniyle Londra, New York ve Berlin gibi yerlerde aşırı kalabalık ve sağlıksız apartmanlar yükseldi, böylece fabrika işçileri ve ofis memurları iş yerlerine yakın olabildi. Sonra telefon ve otomobil geldi; birdenbire bu orta sınıf ücretli köleler kalabalık gecekondu mahallelerinden ve gettolardan kaçıp banliyölere taşınabildi. 1880'lere gelindiğinde Londra, Wembley Park ve Kingsbury Garden Village gibi planlı "sitelerle" çevriliydi... ve kısa süre sonra diğer sanayi şehirlerinin çoğu da öyle oldu.</Text>
    </Row>
    <Row Tag="LOC_PEDIA_DISTRICTS_PAGE_DISTRICT_AQUEDUCT_CHAPTER_HISTORY_PARA_1">
      <Text>Su kemerlerinin kalıntıları - insan yapımı su yolları - dünyanın dört bir yanındaki antik yerleşimlerde dağınık halde bulunmuştur... Mısır, Hindistan, İran, Yunanistan, Azteka ve özellikle de bir zamanlar Roma topraklarında. 415 kilometreden (yaklaşık 258 mil) uzun su kemerleri Roma metropolüne içme ve banyo için tatlı su getirmiştir. Bu Roma su kemerleri mühendislik harikasıydı (o zamanlar düşünüldüğünde) ve genellikle çatılıydı, bu nedenle vadileri ve su yollarını geçtikleri yerlerde köprü görevi de görüyorlardı. Her ne kadar su kemerlerinin tasarımında bazı sağlık sorunları olsa da (özellikle de bazen hatlarda kurşun kullanılması), genel olarak nispeten temiz su kaynağı, bir şehre dönüşmeyi uman her kasaba için bir nimetti.</Text>
    </Row>
    <Row Tag="LOC_PEDIA_DISTRICTS_PAGE_DISTRICT_SPACEPORT_CHAPTER_HISTORY_PARA_1">
      <Text>Yıldızlara açılan bir kapı olarak uzay limanı (ya da kozmodrom) imgesi macera ve keşfi, uygarlık için bir sonraki "büyük sınırı" çağrıştırır. Gerçek ise çok daha yavandır: gemiler için bir liman ya da uçaklar için bir havaalanı gibi, roketlerin fırlatılacağı (ve belki de sonunda ineceği) bir yer. Bunlar gibi, bir uzay limanı da vinçler, yönetim binaları, kontrol merkezleri, yakıt tankları ve çalışma altyapısından oluşur. Yörüngesel, insanlı fırlatmalar için dünyanın ilk kalıcı tesisi, 1955 yılında Sovyet askeri test alanı olarak başlayan Baykonur'du. Bunun teşvikiyle ABD kısa bir süre sonra Cape Canaveral'daki Hava Kuvvetleri Füze Test Merkezini yörünge altı ve ardından yörünge roket test uçuşlarını başlatmak üzere dönüştürdü ... ve uzay yarışı başladı.</Text>
    </Row>
    <Row Tag="LOC_PEDIA_DISTRICTS_PAGE_DISTRICT_ACROPOLIS_CHAPTER_HISTORY_PARA_1">
      <Text>Antik Yunan'da akropolis, kelimenin tam anlamıyla "yukarı şehir" anlamına geliyordu. Atina, Korint, Argos, Teb ve diğer yerlerde de tam olarak bu anlama geliyordu - şehrin yüksek bir alana, genellikle dik yamaçlı bir tepeye inşa edilen ve son derece savunulabilir olan bir bölümü. Dış surlar istilacıların eline geçerse, akropolde son bir savunma yapılabilirdi. Zamanla, birçok yerde, eski akropolis genişleyen yeni bir şehrin çekirdeği haline geldi. Yunanistan'da Arkaik Dönem boyunca, şehirler büyüdükçe ve barbarların tehdidi azaldıkça, bu eski üst bölgeler kentsel yenilenmeye uğramış, bir zamanlar zirveyi işgal eden mütevazı evlerin, pazarların, kışlaların ve meydanların yerini tapınaklar, tiyatrolar, forumlar, saraylar, hükümet binaları ve benzerleri almıştır.</Text>
    </Row>
    <Row Tag="LOC_PEDIA_DISTRICTS_PAGE_DISTRICT_BATH_CHAPTER_HISTORY_PARA_1">
      <Text>Eski Roma'da thermae'ler büyük hamam kompleksleriydi; birçok Roma villası ve sarayında özel, ısıtmalı hamamlar bulunurken, thermae'ler halka açıktı, rahatlamak ve temizlenmek isteyen tüm yorgun ve kirli vatandaşlara açıktı. Düzen Roma şehrinden Roma şehrine büyük farklılıklar gösterse de, genel olarak her birinde rahatlama ve egzersiz için bir atrium, bir caldarium (sıcak banyo), bir tepidarium (ılık banyo), bir frigidarium (soğuk banyo) ve ayrıca apodyterium (soyunma odası) ve benzerleri vardı. Gerçekten iyi olanlarda ayrıca sudatorium (nemli buhar banyosu) ve laconium (kuru buhar banyosu) da vardı. Kadın hamamları da en az onlar kadar özenliydi ve duvar resimleri ve mozaiklerle daha iyi dekore edilmişti. Kolezyum'da katliamı izleyerek geçirilen uzun bir günün ardından, yerel thermae'yi ziyaret etmek kadar lüks bir şey olmamalıydı.</Text>
    </Row>
    <Row Tag="LOC_PEDIA_DISTRICTS_PAGE_DISTRICT_HANSA_CHAPTER_HISTORY_PARA_1">
      <Text>Eski Fransızca'da "tüccarlar şirketi" anlamına gelen Hanse, ticaret ve taşımacılığın korunması ve kolaylaştırılması için bir kasabada örgütlenmiş gönüllü bir tüccarlar ve tacirler konfederasyonuydu. Baltık ve Kuzey Denizi'nin ticari limanlarında bu imalat ve ticaret loncaları 13. yüzyılda oldukça güçlü ve etkili hale geldi ve merkezleri hansa olarak da bilinen komplekslerde yer aldı. En büyük hansa bölgeleri yalnızca rakip loncaların idari ofislerini değil, aynı zamanda depoları, atölyeleri, pazarları, bankaları ve kâr getirebilecek diğer her şeyi barındırıyordu. Bunlardan ilki, Batı Avrupa ile kuzey Rusya'nın kaynak zengini bölgeleri arasındaki ticareti kolaylaştırmak için MS 1159 civarında Lubeck'te inşa edilmiş gibi görünmektedir.</Text>
    </Row>
    <Row Tag="LOC_PEDIA_DISTRICTS_PAGE_DISTRICT_LAVRA_CHAPTER_HISTORY_PARA_1">
      <Text>Doğu Ortodoks geleneğinde lavra (Yunanistan'daki Athos Dağı'nda veya Romanya'daki Neamț'ta bulunanlar gibi), merkezi bir kilisesi ve papaz evi olan, münzeviler için hücrelerden oluşan bir manastırdır. Belki de en ünlüsü, Petersburg'daki Alexander Nevsky Lavra'dır (Ruslar kutsal bir yere bir savaşçının adını verirler) ve burada birçok seçkin ama ölü Rus gömülüdür - Nevsky'nin yanı sıra Euler, Suvarov, Mussorgsky, Tchaikovsky, Dostoevsky ve diğerleri. Köklerinin MS 4. Yüzyılın başlarına dayandığına inanılan ilk lavra, Mısır çölünde Nitria civarında 600 kadar münzevinin yaşadığı bir yerleşim yeri gibi görünmektedir. Katı Eremitik gelenekte bu münzevi keşişler, genellikle sessizlik, iffet, meditasyon ve\veya oruç yeminlerinin eşlik ettiği, duaya adanmış gözlerden uzak bir yaşam sürmüşlerdir. Bazı inananların kurtulmak için ne kadar ileri gidebileceklerinin bir başka kanıtı.</Text>
    </Row>
    <Row Tag="LOC_PEDIA_DISTRICTS_PAGE_DISTRICT_MBANZA_CHAPTER_HISTORY_PARA_1">
      <Text>Mbanza Kongo dilinde "şehir" ya da bazı durumlarda sadece "yerleşim yeri" anlamına gelmektedir. Portekizliler Orta Afrika'ya vardıklarında, M'banza Kongo ticaret ve zanaat üretiminden zengin büyük bir şehirdi, ancak nüfusun çoğu onu çevreleyen vadilerde yerleşim bölgelerinde yaşıyordu - belki de 100 bin kişi kadar. Bu küçük kasabalarda bir pazar ve bir atölye olsa da, önemli şeyler - kiliseler, saray, okullar, klinikler ve vergi daireleri - tepedeki başkentte bulunuyordu. M'banza Kongo'ya yamaçlardaki birkaç yolla bağlıydılar ve bunlar bayram ve vergi günleri gibi zamanlarda oldukça kalabalık oluyordu. Tüm bunlar, ziyaretçi Francesco da Roma'ya göre MS 1648 yılında gerçekleşmiştir. Yani Kongolular medeniyete sadece banliyöyü değil, aynı zamanda "iş çıkış saatlerini" de kazandırmışlardı.</Text>
    </Row>
    <Row Tag="LOC_PEDIA_DISTRICTS_PAGE_DISTRICT_STREET_CARNIVAL_CHAPTER_HISTORY_PARA_1">
      <Text>Pek çok şehirde sokak karnavalları düzenlenir - özellikle de Hıristiyanlığın perhiz döneminde - ancak bu tür festivaller sırasında nasıl özen gösterileceğini sadece Brezilyalılar bilir. Geçit törenleri, konserler, gösteriler, maskeler ve halka açık ziyafetler (bol miktarda alkolle birlikte) kutlamaları körükler. Tıknaz postmodern sosyologlara göre, sosyal bir kurum olarak Karnaval, kent yaşamının ciddiyetinden bir soluklanmadan daha fazlasını sağlamakta, sosyal düzeni tehdit eden doğal dürtülerin serbest bırakılmasına hizmet etmekte ve marjinal grupların "anlamsız" etkinliklerde somutlaştırarak dikkatlerini sosyal çatışmalara odaklamalarına olanak tanımaktadır. Bu yorumun doğruluğu ne olursa olsun, Rio de Janeiro'daki karnaval, son yıllarda günde iki milyondan fazla katılımcıya ev sahipliği yapan dünyanın en büyük sokak karnavalıdır.</Text>
    </Row>
    <Row Tag="LOC_PEDIA_DISTRICTS_PAGE_DISTRICT_ROYAL_NAVY_DOCKYARD_CHAPTER_HISTORY_PARA_1">
      <Text>1960'ların sonlarına kadar resmi olarak "HM Kraliyet Tersaneleri" olarak adlandırılan İngiliz Donanması, dünyanın dört bir yanında, görevlendirilen gemilerinin üslenebileceği, elden geçirilebileceği, yeniden donatılabileceği ve onarılabileceği (eğer denizde işler ters giderse) bir dizi tesis bulunduruyordu. Bir tersane olduğu kadar bir gemi inşa tersanesi de olan bu tesislerin ilki MS 1496'da Portsmouth'ta, İspanyol ve Fransızların sonraki birkaç yüzyıl boyunca başını ağrıtacak şekilde kurulmuştur. Büyük Britanya sınırları dışındaki ilk tersane: 1728 yılında Antigua'daki İngiliz Limanı'nda kurulan Kraliyet Tersanesi. Hollanda Savaşları, Napolyon Savaşları, sömürge savaşları ve iki dünya savaşı boyunca Kraliyet Tersaneleri (metaforları fazla karıştırmamak kaydıyla) iyi hizmet verdi. Ancak Kraliyet Donanmasının rolünün azalması ve imparatorluğun erozyona uğramasıyla birlikte, 20. Yüzyılın ikinci yarısında açık kalan Kraliyet Tersaneleri büyük ölçüde donanma personelinin konaklama ve eğitimine dönüştürülmüştür.</Text>
    </Row>
  </BaseGameText>
</GameData>