﻿<?xml version="1.0" encoding="utf-8" standalone="yes"?>
<GameData xmlns:xsi="http://www.w3.org/2001/XMLSchema-instance">
  <BaseGameText>
    <Row Tag="LOC_PEDIA_WONDERS_PAGE_INTRO_CHAPTER_CONTENT_PARA_1">
      <Text>Harikalar, zamana meydan okuyan ve dünyayı sonsuza dek değiştiren muhteşem binalar, icatlar ve kavramlardır. Harikaların tamamlanması zaman, enerji ve çaba gerektirir, ancak bir kez inşa edildiklerinde medeniyetinize birçok fayda sağlarlar.</Text>
    </Row>
    <Row Tag="LOC_PEDIA_WONDERS_PAGE_CHAPTER_HISTORY_TITLE">
      <Text>Tarihsel Bağlam</Text>
    </Row>
    <Row Tag="LOC_PEDIA_WONDERS_PAGE_BUILDING_ALHAMBRA_CHAPTER_HISTORY_PARA_1">
      <Text>Elhamra, MS 889 yılında Endülüs'teki (İspanya) Granada Mağribileri tarafından inşa edilen küçük bir kale olarak başladı; daha sonra 11. Yüzyılda Emir Muhammed bin El-Ahmer tarafından yeniden inşa edildi ve genişletildi ve 1333 yılında Sultan I. Yusuf tarafından bir kez daha genişletildi ve kraliyet sarayına dönüştürüldü. Adını kırmızı kilden yapılmış kale duvarlarından alan el-Hamra (kelimenin tam anlamıyla "kırmızı olan"), en azından dönemin Avrupa standartlarına göre, iç tesisat da dahil olmak üzere her türlü konfora sahipti. Bölgenin doğal güzelliğini, bölgenin en iyi Müslüman, Yahudi ve hatta Hıristiyan zanaatkâr ve esnafı tarafından tasarlanan ve donatılan yapılar ve bahçelerle bütünleştirmiştir. En çarpıcı yönleri arasında, iç duvarların ve sütunların birçoğunun oyma akıcı Arap yazısıyla Kuran'dan şiir ve ayetlerle yazılmış olması yer almaktadır. Nasrid hanedanının son sultanı Muhammed XII, Elhamra Haçlıların saldırısına uğramadan Granada'yı MS 1492'de İspanyollara teslim etti - aksi takdirde burası sadece bir moloz yığını ve zarafet hatırası olacaktı.</Text>
    </Row>
    <Row Tag="LOC_PEDIA_WONDERS_PAGE_BUILDING_BIG_BEN_CHAPTER_HISTORY_PARA_1">
      <Text>Dev çan Big Ben, Parlamento Binası'nın bulunduğu Westminster Sarayı'nın kuzey ucundaki Elizabeth Kulesi'nde - Kraliçe 2. Elizabeth'in Elmas Jübilesini kutlamak için bu isim verilmiştir (ondan önce sadece "Saat Kulesi" idi) - yer almaktadır. Dilde oldukça rahat olan İngilizlerin ve turist sürülerinin çoğu her şeyden "Big Ben" olarak bahsetme eğilimindedir. 16 ton ağırlığındaki büyük çan Ağustos 1856'da Stockton-on-Tees'deki dökümhanede dökülmüş ve Londra'ya taşınırken çatlaması üzerine Nisan 1858'de Whitechapel Çan Dökümhanesinde yeniden dökülmüştür. Sarkaçlı saat mekanizması Astronom Kraliyet tarafından tasarlanmış ve saat ustası Edward Dent ile üvey oğlu Frederick tarafından üretilmiştir; 1854 yılında hazır hale gelmiştir. Hassasiyet o kadar yüksektir ki, sarkaca bir peni (tabii ki İngiliz) eklemek ya da çıkarmak hızı her gün saniyenin onda dördü kadar değiştirecektir. Ancak her şey saat kulesinin tamamlanmasını beklemek zorundaydı ve bu da 1859 yılına kadar tamamlanamadı. Savaş zamanında susturulmasına ve zaman zaman arızalanmasına rağmen Big Ben o zamandan beri saati çalmaktadır.</Text>
    </Row>
    <Row Tag="LOC_PEDIA_WONDERS_PAGE_BUILDING_BOLSHOI_THEATRE_CHAPTER_HISTORY_PARA_1">
      <Text>Moskova'daki İmparatorluk Bolşoy Tiyatrosu - bolşoy Rusça'da "büyük" anlamına gelmektedir - dünyanın en eski ve en büyük topluluklarından olan Bolşoy Balesi ve Bolşoy Operası'na ev sahipliği yapmaktadır (balede yaklaşık 200 dansçı bulunmaktadır). Bale topluluğu Mart 1776'da Prens Urusov ve bir İngiliz tiyatro yöneticisi olan Michael Maddox tarafından kuruldu; birkaç yıl özel evlerde gösteri yaptıktan sonra, topluluk Petrovka Tiyatrosu'nu satın alacak kadar kârlı hale geldi ve Aralık 1780'de ilk kez burada açıldı. Ne yazık ki Petrovka 1805 yılında yandı ve yerine 1812 yılında Napolyon'un şehri işgali sırasında yanan Yeni Arbat Tiyatrosu inşa edildi. Mevcut Bolşoy Tiyatrosu 1821 ve 1824 yılları arasında inşa edilmiş ve 1843, 1856, 1921, 2002 ve 2011 yıllarında yenilenmesine rağmen yanmamayı başarmıştır. Son yenileme, tiyatronun akustiğinin orijinal yüksek kalitesine geri getirilmesini (Sovyetler tarafından mahvedilmişti) ve orijinal imparatorluk dekorunun restore edilmesini (aynı Sovyetler tarafından sökülmüştü) içeriyordu. Fiyatları 5000 rubleye kadar çıkmasına rağmen, bale ve opera gösterileri çoğunlukla turistler için kapalı gişe oynanmaya devam ediyor.</Text>
    </Row>
    <Row Tag="LOC_PEDIA_WONDERS_PAGE_BUILDING_BROADWAY_CHAPTER_HISTORY_PARA_1">
      <Text>Broadway, New York'ta Manhattan ve Bronx'un kalbinden geçen, ofisler, mağazalar ve apartmanlarla kaplı 15 mil uzunluğunda bir caddedir ... ama kimsenin aklına bunlar gelmez. Bunun yerine Broadway en çok "Büyük Beyaz Yol" olarak adlandırılan 42. ve 53. Caddeler arasındaki orta bölümüyle tanınır - Tiyatro Bölgesi. 1800'lerin ortalarından itibaren Broadway'de bir dizi tiyatro açıldı. 1880 yılında Madison ve Union meydanları arasındaki bölüm ark lambalarıyla aydınlatılarak Amerika Birleşik Devletleri'nin ilk elektrikle aydınlatılan caddelerinden biri haline geldi (evlerden, hastanelerden ve okullardan önce tiyatroları aydınlatmayı New Yorklulara bırakın). Artan Amerikan zenginliği ve kültürel isteklerin teşvikiyle tiyatrolar burayı popüler eğlencenin merkezi haline getirdi. 1900 yılına gelindiğinde bu hat boyunca 20 kadar tiyatro açılmıştı ve elektrikli reklam panoları o kadar parlaktı ki burası Büyük Beyaz Yol haline geldi. Popülerliğinin zirvesinde olduğu 1925 yılında Broadway boyunca, başta revüler ve müzikaller olmak üzere gösterişli prodüksiyonlarda uzmanlaşmış 80 tiyatro vardı.</Text>
    </Row>
    <Row Tag="LOC_PEDIA_WONDERS_PAGE_BUILDING_CHICHEN_ITZA_CHAPTER_HISTORY_PARA_1">
      <Text>Mayalar, Yucatan'daki büyük taş kentlerini güzel bir kumsal yerine bir ormanın ortasına inşa etmeye karar verdiler. Böyle bir yer seçmelerinin mantığı ne olursa olsun, Chichen Itza olağanüstü sanat eseri evler, tapınaklar, saraylar, avlular ve top sahalarından oluşan bir metropoldü; süslemeli yapıların bazıları 1500 yıl öncesine dayanıyordu. Top oyunları şehirde özel bir zaman dilimiydi, çünkü kazanan kaptanın oyunun sonunda tanrılara kurban olarak kafası kesiliyordu (oyunu "atmak" için mükemmel bir neden gibi görünüyor), muhtemelen devasa basamaklı piramit Kukulcan Tapınağı'nda. Chichen Itza, Mayalar arasında isyan ve iç savaşın patlak verdiği 13. Yüzyıla kadar gelişen bir endişe kaynağıydı ve bu noktada şehir bir daha asla toparlanamayacağı dik bir düşüşe geçti. Savaşın halk arasında halledemediğini hastalık ve kıtlık halletti. İspanyol fethi sırasında şehrin merkezi büyük ölçüde terk edilmiş ve harabeye dönmüştü.</Text>
    </Row>
    <Row Tag="LOC_PEDIA_WONDERS_PAGE_BUILDING_COLOSSEUM_CHAPTER_HISTORY_PARA_1">
      <Text>Daha çok "Kolezyum" olarak bilinen Flavian Amfitiyatrosu Roma'nın merkezinde yer almaktadır. Yapımına, Birinci Yahudi-Roma Savaşı sırasında Kudüs'ün düşmesinin ardından İkinci Tapınak'tan elde edilen ganimetlerle finanse edilen İmparator Vespasian döneminde, MS 72 yılında başlanmıştır. Beton ve taştan inşa edilen yapı, şimdiye kadar inşa edilmiş en büyük amfitiyatro ve antik mimarlık ve mühendisliğin en büyük harikalarından biridir. Gladyatör maçlarını, hayvan avlarını, toplu infazları ve daha fazlasını izlemek için 50 ila 80 bin seyirci alabiliyordu. Ortaçağ Hıristiyanlığı kök saldığında, düşük kiralı apartmanlar, atölyeler, dini bir tarikatın odaları, bir taş ocağı ve bir Hıristiyan mabedine ev sahipliği yapmak üzere yeniden kullanılmıştı. Depremlerle yıkılmış ve taş hırsızları tarafından yağmalanmış olmasına rağmen Kolezyum, ilk gladyatör katliamından iki bin yıl sonra bile hala oldukça etkileyicidir.</Text>
    </Row>
    <Row Tag="LOC_PEDIA_WONDERS_PAGE_BUILDING_COLOSSUS_CHAPTER_HISTORY_PARA_1">
      <Text>Başarısız bir istilanın terk edilmiş silah ve teçhizatının eritilmiş pirinç ve demirinden inşa edilen Rodos Heykeli, zaferi kutlamak için dikilen Titan Helios'un 98 metrelik bir tasviriydi. Lindoslu Chares'in yönetimindeki inşaat M.Ö. 292 yılında başlamış ve 280 yılında herkesi hayrete düşürecek şekilde tamamlanmıştır. Detaylar biraz bulanık olsa da - antik tarihler böyledir - yüksek heykel Mandraki liman girişine bakıyordu ve 49 ayak yüksekliğinde mermer bir kaide üzerine oturtulmuştu. Ancak bir depremle devrilmeden önce sadece 56 yıl ayakta kalabilmiştir. Mısırlı Ptolemy III yeniden inşası için ödeme yapmayı teklif etti, ancak Rodoslular bunu reddetti çünkü Delphi Kahini onlara tanrıların bundan rahatsız olduğunu bildirdi. Tanrılar gücenmiş olsa da, heykelin paslanan kalıntıları yaklaşık 900 yıl boyunca turistlerin "mutlaka görmesi gereken" bir yer olmuştur. MS 653'te Müslüman halife I. Muaviye'nin kuvvetleri Rodos'u ele geçirdi ve yeni sahipleri heykeli derhal hurda olarak Yahudi tüccarlara sattı; söylentilere göre bu tüccarlar heykeli taşımak için 900 deve kullandı. Hurdadan hurdaya.</Text>
    </Row>
    <Row Tag="LOC_PEDIA_WONDERS_PAGE_BUILDING_CRISTO_REDENTOR_CHAPTER_HISTORY_PARA_1">
      <Text>Dünyanın en büyük art deco heykeli olan Cristo Redentor ("Kurtarıcı İsa"), Rio de Janeiro'nun 2300 feet yukarısındaki Corcovado Dağı'nın tepesinde durmakta ve şehrin günahkârlarına göz kulak olmaktadır. Aşağıda muhteşem bir düzensizlik içinde yayılan şehri kucaklamak üzere kollarını açmış olan bu İsa heykeli 98 feet boyunda olup, kolları parmak ucundan parmak ucuna 92 feet ölçülerindedir. Fransız Paul Landowski tarafından yontulan heykel, betonarme ve sabuntaşından inşa edilmiştir. Şehrin üzerine dev bir İsa heykeli koyma fikri ilk olarak Katolik rahip Pedro Boss tarafından ortaya atılmıştır. 1920'de Rio'nun "Katolik Çevresi" tarafından tekrar önerilen bu grup, çoğunlukla dindar Brezilyalı Katoliklerden (tabii ki) gelen bağışlarla gerekli fonu toplamıştır. İnşaat 1922 yılında başladı ve anıt Ekim 1931'de halka açıldı.</Text>
    </Row>
    <Row Tag="LOC_PEDIA_WONDERS_PAGE_BUILDING_EIFFEL_TOWER_CHAPTER_HISTORY_PARA_1">
      <Text>Adını Paris'teki 1889 Exposition Universelle'in (dünya fuarı) ana girişi olarak hizmet vermesi için devasa çelik kuleyi inşa eden Alexandre Gustave Eiffel'den alan Eyfel Kulesi, "Işıklar Şehri "ni sembolize eder hale gelmiştir. (Ve kule geceleri ne kadar cafcaflı bir şekilde aydınlatılsa da, bu uygun görünüyor.) Hayranlık uyandıran kalabalıklara açıldığı zaman dünyanın en yüksek yapısıydı, ancak aynı zamanda kendi kendini tayin eden kültür hakemlerinin önemli tartışmalarına ve eleştirilerine de konu oldu. Daha inşa edilmeden önce, Fransa'nın önde gelen mühendis ve sanatçılarından oluşan 300 kişilik bir komite, Bayındırlık Bakanı'na bir dilekçe gönderdi: "Bizler, yazarlar, ressamlar, heykeltıraşlar, mimarlar ve Paris'in şimdiye kadar el değmemiş güzelliğine tutkuyla bağlı olanlar, bu işe yaramaz ve korkunç Eyfel Kulesi'nin ... dikilmesine karşı tüm gücümüzle, Fransız zevkini hiçe sayarak tüm öfkemizle protesto ediyoruz." Birçok kişi de kulenin Fransız vergi mükelleflerine bir milyon dolara mal olacağından dolayı üzgündü - ki bu o zamanlar hiç de azımsanmayacak bir meblağdı. Neyse ki Paris Turizm Kurulu protestoları görmezden geldi ve Eyfel Kulesi yükseldi.</Text>
    </Row>
    <Row Tag="LOC_PEDIA_WONDERS_PAGE_BUILDING_ESTADIO_DO_MARACANA_CHAPTER_HISTORY_PARA_1">
      <Text>Resmi adı Estadio Jornalista Mario Filho olan - bir stadyuma kendi adını verdiğine göre iyi bir spor yazarı olmalı - ancak daha çok Maracanã olarak bilinen fútbol stadyumu Rio de Janeiro'nun kalbindeki büyük bir kompleksin parçasıdır. Brezilya'nın FIFA Dünya Kupası'na ev sahipliği yapma hakkını kazanmasının ardından 1948'de yapımına başlanan stadyum, 1950'deki ilk maçlar için (inşaat tamamlanmadığı için az çok) açıldı. Ne yazık ki, Brezilya finalde Uruguay takımına 2-1 yenilerek 199.854 kişilik coşkulu bir taraftar topluluğu önünde o zamanki dünyanın en büyük (ve en gürültülü) stadyumu oldu. O zamandan beri Maracanã Pan-Amerikan Oyunlarına, bir başka Dünya Kupasına, çok sayıda konser ve kültürel etkinliğe ve binlerce futbol maçına ev sahipliği yaptı. Daha küçük bir kapasite (78,838) ve daha konforlu konaklama birimleri (292 yeni tuvalet dahil) için yenilenen stadyum, 2016 yılında ilk kez Olimpiyatlara (Yaz, tabii ki) ev sahipliği yaptı.</Text>
    </Row>
    <Row Tag="LOC_PEDIA_WONDERS_PAGE_BUILDING_FORBIDDEN_CITY_CHAPTER_HISTORY_PARA_1">
      <Text>Pekin'in merkezinde yer alan Gu Gong'u (Çin İmparatorluk Sarayı) ziyaret etmek, imparatorun özel izni olmadan sıradan halka yasaktı; bu nedenle kompleks, ülke çapında "Yasak Şehir" olarak tanındı (günümüzde çoğu başkanlık konutu gibi). Süs bahçeleri, zarif teraslar, dinlendirici çeşmeler ve çok sayıda faydacı idari ofisle cömertçe serpiştirilmiş duvarlarla çevrili "şehrin" inşası, Ming hanedanının üçüncü Yonglu İmparatoru'nun rehberliğinde MS 1408 yılında başladı. Kompleks yüzyıllar boyunca büyüyerek Ming ve Qing'in 24 imparatoruna ev sahipliği yaptı. Kompleks, 170 metre genişliğinde bir hendek ve 32 metre yüksekliğinde duvarlarla çevrili 178 dönümlük bir alana yayılmış 9.999 odayı kapsayana kadar büyüdü (sadece halktan hiç kimsenin kontrolsüz girmediğinden emin olmak için). Yasak Şehir zirvede olduğu dönemde, hepsi de bir imparatorun ihtiyaçlarını karşılamak üzere on bin kişiye ev sahipliği yapıyordu. Şimdi ise sadece birkaç yüz kişi rehber ve hademe olarak hizmet vermek üzere görkemli arazide yaşamaktadır.</Text>
    </Row>
    <Row Tag="LOC_PEDIA_WONDERS_PAGE_BUILDING_GREAT_LIBRARY_CHAPTER_HISTORY_PARA_1">
      <Text>İskenderiye Kraliyet Kütüphanesi'nin M.Ö. 3. yüzyılın başlarında, Ptolemy II döneminde, babasının bölgeye Musalar Tapınağı'nı inşa etmesinin ardından kurulduğu kabul edilir. Orijinal koleksiyon Aristoteles'in öğrencisi Demetrius Phalereus'a atfedilir (ünlü filozofun kendi parşömenlerinin tohum görevi gördüğü varsayılır); Ptolemaios'un haleflerinin himayesiyle, koleksiyon sonunda 400 ila 700 bin papirüs parşömene ve çeşitli parşömen kodekslere ulaşmıştır. Koleksiyonun genişletilmesi bazı yöneticiler için bir saplantı haline geldi; Ptolemaios III'ün emriyle, şehre gelen tüm ziyaretçiler ellerindeki yazıları teslim etmek zorunda kaldı ve bunlar Kütüphane için kopyalandı. Kaynaklar, Büyük Kütüphane'nin metin koleksiyonunun ateşli bir şekilde yok edilmesinin sorumluluğu konusunda büyük farklılıklar göstermektedir; olağan şüpheliler arasında MÖ 48'de Julius Caesar'ın birlikleri, MS 270 civarında Roma İmparatoru Aurelian ve diğerleri sayılabilir. Ancak son kalıntıların 391 yılında Patrik Theophilus'un emriyle Mısır'daki pagan etkilerini ortadan kaldırmak için yakıldığı anlaşılmaktadır - Hıristiyanlar kitapları son kez yakmayacaktır.</Text>
    </Row>
    <Row Tag="LOC_PEDIA_WONDERS_PAGE_BUILDING_GREAT_LIGHTHOUSE_CHAPTER_HISTORY_PARA_1">
      <Text>Eskiler tarafından Pharos olarak bilinen Büyük İskenderiye Feneri'nin (egoist genç generalin kendi adını verdiği on yedi şehirden biri) 393 ila 450 metre yüksekliğinde olduğu bilinmektedir - bu da onu yüzyıllar boyunca uygarlığın en yüksek yapılarından biri haline getirmiştir. İskender'in Makedonyalı generallerinden ve haleflerinden biri olan Ptolemy Sotor tarafından M.Ö. 280 yılında, ticaret gemilerini gelişen şehrin limanına yönlendirmeye yardımcı olmak için küçük bir adada yapımına başlanan Deniz Feneri, 247 yılına kadar 800 talent gibi olağanüstü bir maliyetle tamamlanamamıştır. Devasa kulenin tepesindeki ışık, kireçtaşı bloklarından yapıldığı söylenen bir fırın tarafından üretiliyordu ve yüz mil boyunca görülebiliyordu. MS 956 ve 1323 yılları arasında meydana gelen üç depremde ağır hasar görmesine rağmen devrilmedi - bu da onu antik harikalar arasında ayakta kalan en uzun üçüncü kule yapıyordu. Son olarak Mısır sultanı, İskenderiye'yi Osmanlı Türklerine karşı korumak amacıyla 1480 yılında Qaitbay Kalesi'ni inşa etmek için kalan taşı (bir kısmı limana düşmüştü) taş ocaklarından çıkardı (işe yaramadı).</Text>
    </Row>
    <Row Tag="LOC_PEDIA_WONDERS_PAGE_BUILDING_GREAT_ZIMBABWE_CHAPTER_HISTORY_PARA_1">
      <Text>Bir efsaneye göre Büyük Zimbabve, Saba Melikesi'nin saray kompleksiydi. Bir başka efsaneye göre ise, Kral Süleyman'ın Madenleri'nde çalışan işçilerin -ki bir nesil kandırılmış hazine avcıları tarafından bu madenlerin yakınlarda olduğu düşünülüyordu- boş zamanlarında dinlendikleri yerdi. Sıkıcı bir gerçek olarak, MS 1220'de ortaya çıkan ve MS 1450'de ortadan kalkan Zimbabve Krallığı'nın en yüksek nüfusu yaklaşık 18 bin olan ve sonunda yaklaşık 1700 dönümlük bir alanı kaplayan başkentiydi. Tamamen taştan inşa edilen (ormanda oldukça başarılı) Büyük Zimbabve kısa bir süre sonra terk edilmiş ve harabeye dönmüştür. Harabelerin bilinen en eski kaydı Portekizli subay Vicente Pegado tarafından 1531 yılında yazılmıştır. Harç kullanılmadan yontulmuş taştan yapılmış büyük duvarlardan bahsetmektedir. Kalıntılar üç grupta yer almaktadır: Tepe Kompleksi, Vadi Kompleksi ve arkeolojik eserlerin çoğunun bulunduğu Büyük Muhafaza: sabuntaşı figürinler, altın boncuklar, bakır külçeler, bronz mızrak uçları, mücevherli kolye ve bilezikler ve daha pek çok şey. Belki de hazine avcıları o kadar da aldanmamışlardır.</Text>
    </Row>
    <Row Tag="LOC_PEDIA_WONDERS_PAGE_BUILDING_HAGIA_SOPHIA_CHAPTER_HISTORY_PARA_1">
      <Text>İstanbul şehri (ya da Konstantinopolis veya Bizans, hangisi tercih edilirse) pek çok halka ev sahipliği yapmıştır, ancak en çok Bizans ve ardından Osmanlı imparatorluklarının başkenti olarak bilinmektedir. Başta Doğu Ortodoks Hıristiyanlığı ve İslam olmak üzere pek çok inanca da ev sahipliği yapmıştır. Hiçbir şey bu kişilik bozukluğunu tek bir kubbe altında muhteşem Ayasofya (kelimenin tam anlamıyla "kutsal bilgelik") kadar iyi temsil edemez. MS 532 yılında Rum Ortodoks patrik bazilikası olarak inşa edilen yapı, yaklaşık 1500 yıl boyunca ibadet edenlere hizmet vermiştir. 1453 yılında Konstantinopolis'in Osmanlılar tarafından ele geçirilmesi ve isminin değiştirilmesiyle Ayasofya camiye dönüştürülmüştür. Süslü ve görkemli yapı, Müslüman yöneticiler dört minare eklemeden önce 102 fit çapında altın bir kubbe ile tepesinde taş ve mermerden inşa edilmiştir. Yapı birçok deprem, yangın, isyan, yağma (Dördüncü Haçlı Seferi sırasında olduğu gibi) ve bir katliam (buraya sığınan yaşlı ve güçsüzler Osmanlı fatihleri tarafından katledildiğinde) atlatmıştır. Bugün Ayasofya bir müze olarak hizmet vermektedir ve yine de uygarlığın en çarpıcı yapılarından biri olmaya devam etmektedir.</Text>
    </Row>
    <Row Tag="LOC_PEDIA_WONDERS_PAGE_BUILDING_HANGING_GARDENS_CHAPTER_HISTORY_PARA_1">
      <Text>Asma Bahçeler bir "harika" olmak bir yana, var olmamış bile olabilir; hiçbir Babil kaynağı onlardan bahsetmez ve onlar için hiçbir arkeolojik kanıt yoktur (dünyanın diğer antik harikalarının aksine). Bahçelerle ilgili birincil kanıtlar çeşitli Yunan ve Roma metinlerinden gelmektedir - nasıl yaratıldıkları, neden yaratıldıkları, büyüklükleri ve çeşitlilikleri, hatta nasıl sulandıkları. Bunlara göre, Nebukadnezar II Bahçeleri MÖ 600 civarında, doğduğu yerin yeşil tepelerini özleyen (belli ki şımarık) Med karısı Amytis için inşa ettirmiştir. "Tarihi" kaynaklar ayrıca Bahçelerin kerpiçten inşa edilmiş ve her tür bitkiyi barındıran yükselen bir teraslar dizisi (ziggurat gibi) olduğunu belirtmektedir. Tabanın 400 feet kare olduğu ve tüm kütlenin çok kuru havaya doğru 75 feet yükseldiği varsayılmaktadır; tahminlere göre bahçelerin Babil'deki bitkileri canlı tutmak için günde 8200 galon su gerektirmesi gerekirdi. Eğer bahçeler gerçekten var idiyse, bunların MS birinci yüzyılda yok edildiği varsayılmaktadır.</Text>
    </Row>
    <Row Tag="LOC_PEDIA_WONDERS_PAGE_BUILDING_HERMITAGE_CHAPTER_HISTORY_PARA_1">
      <Text>Petersburg'daki ünlü Hermitage'ın çekirdeğini, Büyük Katerina'nın sarayı İmparatorluk Rusya'sının kudret ve gücünü yansıtacak bir ölçekte tamamladığı MS 1764 yılından beri Çarların ikametgahı olan anıtsal Kışlık Saray oluşturmaktadır. Katerina burayı "hazinesi" ilan etti ve Rönesans tabloları, mücevherli ve yaldızlı el sanatları (örneğin Fabergé yumurtaları gibi), taç mücevherleri ve diğer ıvır zıvırlarla doldurmaya başladı. Saraya birkaç eklenti yaptıktan ve yeniden düzenledikten sonra 1852 yılında I. Nikola sarayı halka açtı. Ve Çarlar koleksiyona eklemeler yapmaya devam etti. Şubat 1917 Devrimi'yle birlikte bina kısa bir süre Geçici Hükümet'e ev sahipliği yaptı, ta ki Bolşevikler Ekim ayında iktidarı ele geçirip burayı proletaryaya armağan ettiklerini ilan edene kadar. Günümüzde beş binaya yayılmış olan Hermitage, dünyanın en büyük resim koleksiyonu da dahil olmak üzere koleksiyonundaki üç milyondan fazla sanat ve tarihi eserle dünyanın en büyük müzelerinden biridir.</Text>
    </Row>
    <Row Tag="LOC_PEDIA_WONDERS_PAGE_BUILDING_MAHABODHI_TEMPLE_CHAPTER_HISTORY_PARA_1">
      <Text>Bodh Gaya'daki Mahabodhi Tapınağı (veya "Büyük Uyanış" Tapınağı), Lord Buddha'nın (Siddhartha Gautama) yaşamının dört kutsal alanından biridir ve Aydınlanma'ya ulaştığı noktadır. Tapınağın batı tarafında kutsal Bodhi Ağacı, yani Buda'nın aydınlanmayı gerçekleştirdiği sırada altında oturduğu incir ağacı bulunmaktadır. Her ne olursa olsun, ilk Mahabodhi Tapınağı (birkaç tane olmuştur) İmparator Ashoka tarafından MÖ 260 civarında inşa edilmiştir. Mevcut tapınak kompleksi - özellikle de Hindistan'daki ilk tuğla yapılardan biri olan büyük kule - MS 5. ve 6. yüzyıllara tarihlenmektedir. Tapınak alanını çevreleyen yüksek bir duvar daha sonra, belgelenmemiş bir tarihte eklenmiştir; duvar Bodhi Ağacı'nı ve Buddha'nın Aydınlanma'sının diğer altı kutsal alanını kapsar, çünkü Buddha yedi haftasını yedi farklı noktada kendi vahiyleri üzerine meditasyon yaparak geçirmiştir, ayrıca çok sayıda Adak stupası da vardır. 1880'lerde İngiliz Raj'ı bir restorasyon çalışması başlattı; 1949'da alanın kontrolü Bihar eyalet hükümetine geçti. Bugün dünyanın dört bir yanından Budistler inançlarının en kutsal yeri olarak Bodh Gaya'ya hac ziyaretinde bulunmaktadır.</Text>
    </Row>
    <Row Tag="LOC_PEDIA_WONDERS_PAGE_BUILDING_MONT_ST_MICHEL_CHAPTER_HISTORY_PARA_1">
      <Text>Normandiya ve Bretanya arasındaki kayalık bir adacıkta, okyanus gelgitlerinin yıkadığı kum yığınlarının ortasında yer alan Mont St. Michel, 11. ve 16. yüzyıllar arasında inşa edilmiş, baş melek Micheal'e adanmış Gotik tarzda bir Benediktin manastırıdır. Mont, Aziz Aubert'in kafatasının yanı sıra Aziz Petroc ve Aziz Olaf'ın parçaları ve diğer kutsal emanetler için de bir depoydu. Buranın pratik bir amacı vardı; yüksek duvarları, kuleleri ve konumu onu stratejik bir değer haline getiriyordu ... ve birçok Fransız kralı burada küçük bir garnizon (ihtiyaç duyulan tek şey) konuşlandırdı. Gelgitin düşük olduğu zamanlarda, kutsanmak için bir ya da iki sikke vermeye hevesli hacılar için kolayca erişilebilirdi; gelgitin yüksek olduğu zamanlarda ise, gelen deniz saldıran herhangi bir gücü karaya oturtacak ya da boğacaktı. Mont, Yüz Yıl Savaşları boyunca ve sonrasında fethedilmeden kalacaktı. Mont'un konumu, pişmanlık duymayan hainleri ve diğer günahkârları hapsetmek için de idealdi; XI. Louis Mont'u bir hapishaneye dönüştürdü ve Ancien Régime'in geri kalanı boyunca bu görevi yerine getirdi. Şimdi ise, ne yazık ki, sadece turistik bir cazibe merkezi.</Text>
    </Row>
    <Row Tag="LOC_PEDIA_WONDERS_PAGE_BUILDING_ORACLE_CHAPTER_HISTORY_PARA_1">
      <Text>Antik Yunan'da rahibelerin kehanetlerde bulunduğu yerler arasında en ünlüsü (ve gizemlisi) Parnassus Dağı'nın yamaçlarında bulunan Apollo tapınağı Delphi'deki Kahin'di. Burada "Pythia" olarak bilinen bir rahibe - uygun bir ücret karşılığında - rüyaları yorumlar, trans halindeyken tanrılarla iletişim kurar ve kurban edilen hayvanların bağırsaklarındaki işaretleri okurdu (ucuz olanlar için tavuklar, daha fazla ödemek isteyenler için keçiler). Kahinlik M.Ö. 1400'lerde faaliyete geçmiş ve Romalılarla birlikte Hıristiyanlık gelene kadar başarılı bir iş hayatı sürmüştür. En büyük yapı Apollo'nun görkemli tapınağıydı (tabii ki) ve MS 390 yılında I. Theodosius'un emriyle yıkılana kadar ayakta kaldı. Ancak bölge 4. Yüzyıl boyunca aktif bir "pagan" merkezi olarak kalmış ve Pythian Oyunları (bugünkü Olimpiyatların öncülü) en azından MS 424 yılına kadar devam etmiştir.</Text>
    </Row>
    <Row Tag="LOC_PEDIA_WONDERS_PAGE_BUILDING_OXFORD_UNIVERSITY_CHAPTER_HISTORY_PARA_1">
      <Text>İngilizce konuşulan dünyanın (ve dolayısıyla Neşeli İngiltere'nin) en eski üniversitesi olan Oxford Üniversitesi'nde MS 1096 yılından bu yana eğitim verilmektedir. Küçük bir kurumken, 1148 yılında Henry II'nin kraliyet beratı vermesi ve ardından 1167 yılında İngiliz öğrencilerin Paris Üniversitesi'ne gitmelerini yasaklamasıyla büyümüştür. İngiliz İç Savaşı sırasında Kraliyetçi bir merkez olmasına rağmen, bu hatadan kurtulan üniversite o zamandan beri siyasette çok az yer almıştır. 1800'lerin ortalarında Oxford müfredatı, Pusey, Jowett ve Muller gibi akademisyenlerin gelişiyle gelen reformcu Alman yüksek öğrenim modelinden büyük ölçüde etkilenmiştir. Oxford Üniversitesi'ndeki ilk kadın koleji (Lady Margaret Hall) 1878 yılında kurulmuştur. Ve 1974 yılında, daha önce tamamı erkeklerden oluşan beş kolej ilk kez kadınları kabul etti. O zamandan beri hiçbir şey eskisi gibi olmadı.</Text>
    </Row>
    <Row Tag="LOC_PEDIA_WONDERS_PAGE_BUILDING_PETRA_CHAPTER_HISTORY_PARA_1">
      <Text>Kızıldeniz ve Ölü Deniz arasında yer alan Petra, M.Ö. 400'lerde çok boş zamanları olduğu belli olan Nebatiler tarafından Wadi Musa (bugün Ürdün'ün bir parçası) çevresindeki kırmızı kumtaşından oyulmuş bir şehirdir. Mısır, Yunan ve İncil kaynaklarında adı geçen şehir, Arabistan, Mısır ve kuzeydeki Suriye arasında hayati bir kavşak noktası olan önemli bir kervan merkezi haline gelecektir. Geçitlerle ve kanyon geçitleriyle dolu dağlarla çevrili olduğu için savunmaya elverişliydi; ancak onu bir ticaret merkezi haline getiren, çölün ortasındaki ustaca ve kapsamlı sarnıç ve rezervuar sistemiydi. Petra zirvede olduğu dönemde belki de 20 bin kişiye ev sahipliği yapıyor ve Nebati krallığının başkenti olarak hizmet veriyordu. Ta ki Romalılar gelip MS 106 yılında burayı ilhak edene kadar. Bir dizi depremin yanı sıra Roma vergileriyle de sarsılan Petra, iki yüz yıl sonra terk edilmiş ve 1812 yılına kadar İsviçreli kaşif Johann Burckhardt tarafından "keşfedilmemiştir".</Text>
    </Row>
    <Row Tag="LOC_PEDIA_WONDERS_PAGE_BUILDING_POTALA_PALACE_CHAPTER_HISTORY_PARA_1">
      <Text>Tibet'te düz bir zemin olmadığından, Kızıl Tepe'nin güney yamacında yer alan Potala Sarayı - Dalai Lama'ya ev sahipliği yapan (on dördüncüsü 1959'da bir ayaklanmadan kaçana kadar) - bir nevi yamaç boyunca büyümüştür. Saray adını on bir başlı bodhisattva Avalokiteśvara'nın meskeni olan Potalaka Dağı'ndan almıştır. Bugün, kızıl ve beyaz duvarları ve altın çatısı "ihtişamla parlıyor"... para ödeyen turistler için. Beşinci Dalai Lama Lozang Gyatso, MS 1645 civarında Lhasa'nın yukarısındaki "modern" sarayın inşasına başladı ve dört yıl sonra buraya taşındı. O zamandan bu yana, başta Potrang Marpo ("kırmızı saray") ve 1694 yılında tamamlanan kutsal stupa olmak üzere, genişleyen yapıya daha fazla parça ve parça eklenmiştir. Bununla birlikte, Potala Sarayı'nın Beyaz Saray Meydanı'nın sağ tarafında yer alan tek bir tuvaleti olduğu unutulmamalıdır... ancak bu tuvaletin güneş ışığı ve iyi düşüncelerle dolu, dünyadaki en güzel tuvalet olduğu söylenmektedir.</Text>
    </Row>
    <Row Tag="LOC_PEDIA_WONDERS_PAGE_BUILDING_PYRAMIDS_CHAPTER_HISTORY_PARA_1">
      <Text>Piramitler Eski Krallığın başlangıcından Batlamyus hanedanının sonlarına kadar inşa edilmiş olsa da, Nil boyunca gerçekten büyük taş yığınları üçüncü hanedanın sonlarından başlayarak altıncı hanedana kadar (yaklaşık 500 yıl) yığılmıştır. Antik Mısır'ın "ihtişamı" ile neredeyse eşanlamlı olan Büyük Giza Piramidi, Firavun Khufu'nun (saltanatının uzunluğu dışında başka hiçbir şey için dikkate değer değildir) mezarı olarak hizmet vermek üzere MÖ 2560 civarında yükselmiştir. Antik Dünyanın Yedi Harikasından biri olarak kabul edilmektedir. Aralarında yetenekli ustaların da bulunduğu on binlerce işçi tarafından inşa edilen ve "kaplama taşları" (cilalı kireçtaşı levhalar) ile kaplanan Giza Piramitleri, Mısır'ın gücünün ve yerlilerin öbür dünyaya olan inancının bir kanıtıdır - en azından elit kesim için. Bir zamanlar dünyanın en büyük imparatorluğu olan Mısır'da bugüne kadar yaklaşık 135 piramit bulunmuştur.</Text>
    </Row>
    <Row Tag="LOC_PEDIA_WONDERS_PAGE_BUILDING_RUHR_VALLEY_CHAPTER_HISTORY_PARA_1">
      <Text>1700'lerden beri Ruhrpott (Ruhr Vadisi) kazılıyor - buradaki kömür ve demir madenleri dünyanın en verimli madenlerinden bazıları. Başlangıçta cevhere şerit madenciliği ile kolayca erişilebiliyordu; bu tükendikten sonra Alman madenciler daha derinlere indiler. 1850 yılına gelindiğinde Ruhrpott ve çevresinde yaklaşık 300 maden işletiliyordu. Ve tüm bunları başka bir yere göndermek zahmetli olduğundan, kömür ocakları, yüksek fırınlar, haddehaneler ve Sanayi Devrimi'nin yüksek bacaları ufuk çizgisini şekillendirdi. Ruhr'dan akan tek şey kömür ve çelik de değildi; 1820'de su gücüyle çalışan yüzlerce değirmen tekstil, kereste ve demir çubuk üretiyordu. Ücretli kölelerle dolu kent merkezleri araziye yayıldı... bugün Bochum, Dortmund, Duisburg ve Essen birbirine bağlı bir metropol oluşturuyor. Kömür ve demir endüstrilerinin son zamanlarda gerilemesiyle birlikte Ruhrpott kültürel bir dönüşüm geçirmiş ve Zeche Zollverein kömür madeni kompleksi ve Oberhausen Gazometresi gibi yapılar UNESCO tarafından Dünya Mirası Listesi'ne bile alınan tarihi simge yapılar olarak yeniden doğmuştur!</Text>
    </Row>
    <Row Tag="LOC_PEDIA_WONDERS_PAGE_BUILDING_STONEHENGE_CHAPTER_HISTORY_PARA_1">
      <Text>Yıldızlara ve güneşe göre düzenlenmiş elli tonluk kaya levhalarından oluşan bir daire olan Stonehenge, bir gözlemevi ve tapınaktır. Yaklaşık 5000 yıl önce Güney İngiltere'de başlayan Stonehenge, bir hendekle (veya "henge") çevrili taşlardan oluşan eşmerkezli dairelerdi. Hendek yerine yerleştirildikten yaklaşık bin yıl sonra "mavi taşlardan" oluşan bir iç halka, bundan yaklaşık 500 yıl sonra da daha büyük, dik "sarsen" taşlardan oluşan bir dış halka yerleştirilmiştir. Her biri yaklaşık dört ton ağırlığındaki 80 mavi taş 240 mil uzaklıktaki bir taş ocağından taşınmıştır; sarsen taşlar ise kesilmiş ve bölgeye yaklaşık 20 mil taşınmıştır. Her ne amaçla yapılmış olursa olsun, Stonehenge birkaç bin yıl sonra bile "harikulade" bir başarı olmaya devam etmektedir.</Text>
    </Row>
    <Row Tag="LOC_PEDIA_WONDERS_PAGE_BUILDING_SYDNEY_OPERA_HOUSE_CHAPTER_HISTORY_PARA_1">
      <Text>Sidney için Bennelong Point'te devasa bir sanat merkezinin inşası 1940'lardan beri tartışılıyordu; 1956'da Yeni Güney Galler hükümeti, şehrin gerçekten zevk sahibi olduğunu dünyaya gösterecek büyük bir tasarım için açık uçlu bir yarışma ilan etti. Danimarkalı bir mimar olan Jørn Utzon, bir milyondan fazla beyaz veya krem renkli kiremitle kaplı, iç kısmı cam perde duvarlı bir dizi prekast beton "kabuktan" oluşan benzersiz dışavurumcu tasarımıyla kazandı. O kadar benzersiz ve sorunlu bir tasarımdı ki (Utzon yapı mühendisliğine hiç önem vermemişti), tahmin edilenden on kat daha fazla bir maliyetle inşa edilmesi on altı yıl sürdü. Ancak tamamlandığında ve Ekim 1973'te Kraliçe Elizabeth II tarafından resmen ithaf edildiğinde, o zamandan beri bir zamanların ceza kolonisinin ikonik sembolü haline geldi. Opera Binası, 2.679 kişilik büyük Konser Salonu'ndan 210 kişilik samimi Utzon Salonu'na kadar her türden performansa ev sahipliği yapmaktadır.</Text>
    </Row>
    <Row Tag="LOC_PEDIA_WONDERS_PAGE_BUILDING_TERRACOTTA_ARMY_CHAPTER_HISTORY_PARA_1">
      <Text>Ölümsüzlük çabaları sonuç vermediğinden, Qin'in ilk imparatoru Qin Shi Huang'ın defnedilme zamanı geldiğinde, bunun büyüklüğüne yakışır bir şekilde yapıldığından emin oldu. Hiçbir zaman kibirden yoksun olmayan imparator, M.Ö. 246 yılında, henüz 13 yaşındayken ve tahta yeni çıktığında anıt mezarının yapımına başlanmasını emretmişti. Altı yüzyıl sonra yazan Çinli coğrafyacı Li Daoyuan'a göre, güney yüzü yeşim taşı, kuzey yamaçları ise altın bakımından zengin olan Li Dağı, uğurlu jeolojisi nedeniyle anıt mezar için seçilmiştir. Büyük Tarihçi'nin Kayıtları'nda (Sima Qian'a ait), mezarın kazılması ve donatılmasında 700 bin kadar işçinin çalışacağı ve mezarın 8000 asker, 130 atlı savaş arabası ve 150 atlı süvari ile doldurulacağı iddia edilmektedir - hepsi kil bazlı seramikten yapılmış ve işleyen silahlarla donanmıştır. Askeri düzende dizilmişlerdi. "Terracotta Ordusu" buradan geliyor. 1974'te kuyu kazmaya çalışan köylüler tarafından keşfedilene kadar bozulmamıştı. Kibir buraya kadarmış.</Text>
    </Row>
    <Row Tag="LOC_PEDIA_WONDERS_PAGE_BUILDING_VENETIAN_ARSENAL_CHAPTER_HISTORY_PARA_1">
      <Text>MS 1104 yılında yapımına başlanan Venedik Cephaneliği, tersaneler, cephanelikler ve silah dükkanlarından oluşan geniş bir kompleksti. Cumhuriyetin hem bağımsızlığı hem de kârlı deniz ticaret yolları için dayandığı Venedik Donanması'nın ihtiyaçlarını karşılamak üzere inşa edilen bu yapı, "sanayi öncesi" uygarlığın merkezi bir yapıya sahip büyük üretim kompleksinin en önemli örneği olarak adlandırılmıştır. Arsenal'in farklı bölgelerinde prefabrik gemi parçaları, silahlar, halatlar, yelkenler ve gerektiğinde bir savaş gemisini bir günde bir araya getirmek için gereken her şey üretiliyordu. Montello tepelerindeki devlete ait bir orman kereste ve katran sağlıyordu. Venedik'te inşa edilen ilk Klasik Uyanış yapısı olan Porto Magna ("büyük kapı"), sanatçı Jacopo Bellini'nin tasarımıyla 1460 civarında eklenmiştir; Yunanistan'da ele geçirilen iki taş aslan, ziyaretçileri hayran bırakmak için 1687'de girişe eklenmiştir. Arsenal aynı zamanda, Venedik'in Akdeniz'deki rakiplerini yenmek için savaş gemileri fırlatmadığı zamanlarda, daha fazla gemi inşa etmek için şehir devletine zenginlik getiren Venedik ticaret gemilerinin çoğunu üretti.</Text>
    </Row>
  </BaseGameText>
</GameData>