﻿<?xml version="1.0" encoding="utf-8"?>
<GameData>
  <FrontEndText>
    <!-- CivRoyale Main Menu Multiplayer Buttons -->
    <Row Tag="LOC_MULTIPLAYER_MATCHMAKE_CIVROYALE">
      <Text>Kızıl Ölüm (Battle Royale) Oyna</Text>
    </Row>
    <Row Tag="LOC_MULTIPLAYER_MATCHMAKE_CIVROYALE_OFFLINE">
      <Text>[ICON_CheckFail]Kızıl Ölüm'e Katılın</Text>
    </Row>
    <Row Tag="LOC_MULTIPLAYER_MATCHMAKE_CIVROYALE_NEW_MODE">
      <Text>[ICON_Exclamation]Kızıl Ölüm'e Katılın</Text>
    </Row>
    <Row Tag="LOC_MULTIPLAYER_MATCHMAKE_CIVROYALE_TT">
      <Text>Otomatik olarak bir Kızıl Ölüm oyunu bulun ve katılın.[NEWLINE][NEWLINE]Kızıl Ölüm, Civilization VI'nın Battle Royale moduna dönüşüdür. Ölmekte olan bir gezegenden tek çıkış bileti için yarışan hayatta kalanlar olarak oynayın.</Text>
    </Row>
    <Row Tag="LOC_MULTIPLAYER_MATCHMAKE_CIVROYALE_OFFLINE_TT">
      <Text>Red Death oyunları Steam çevrimdışıyken kullanılamaz.</Text>
    </Row>
    <Row Tag="LOC_MULTIPLAYER_HOWTOPLAY_CIVROYALE">
      <Text>Kızıl Ölüm Nasıl Oynanır?</Text>
    </Row>
    <Row Tag="LOC_MULTIPLAYER_HOWTOPLAY_CIVROYALE_TT">
      <Text>Kızıl Ölüm hakkında hızlı bir öğretici görüntüleyin.</Text>
    </Row>
    <Row Tag="LOC_MAINMENU_MULTIPLAYER_CIVROYALE_NEW_MODE_TT">
      <Text>Yeni Kızıl Ölüm (Battle Royale) modu mevcut!</Text>
    </Row>
    <!-- CivRoyale How to Play -->
    <Row Tag="LOC_CIVROYALE_INTRO_NEXT">
      <Text>Sonraki</Text>
    </Row>
    <Row Tag="LOC_CIVROYALE_INTRO_PREVIOUS">
      <Text>Önceki</Text>
    </Row>
    <Row Tag="LOC_CIVROYALE_INTRO_PLAY">
      <Text>Kızıl Ölüm (Battle Royale) Oyna</Text>
    </Row>
    <Row Tag="LOC_TUTORIAL_CIVROYALE_INTRO_BODY">
      <Text>Dünyanın sonuna hoş geldiniz! Kızıl Ölüm, ölmekte olan bir gezegende medeniyetin alacakaranlığında son fraksiyona karşı herkes için serbest bir savaştır. Amaç, hayatta kalan son grup olmak ve harap olmuş gezegenden kalkan son gemiye binmektir.</Text>
    </Row>
    <Row Tag="LOC_TUTORIAL_CIVROYALE_INTRO_DETAILS">
      <Text>Şehir yok. Diplomasi yoktur. Son Sivil biriminiz ele geçirildiğinde veya öldürüldüğünde kaybedersiniz.</Text>
    </Row>
    <Row Tag="LOC_TUTORIAL_CIVROYALE_RED_DEATH_BODY">
      <Text>Kızıl Ölüm, giderek büyüyen bir radyoaktivite fırtınasıdır. Zaman içinde, Kızıl Ölüm dünyayı sardıkça güvenli alan daralır. Güvenli bölgeler ve Kızıl Ölüm'den etkilenen bölgeler haritada gösterilmiştir. Kızıl Ölüm'ün sizi ele geçirmemesi için dikkatli olun!</Text>
    </Row>
    <Row Tag="LOC_TUTORIAL_CIVROYALE_RED_DEATH_DETAILS">
      <Text>Kızıl Ölüm'deki birimler her tur hasar alır. Sudaki birimler de her tur hasar alır. Gezegenden çıkmaya çalışmanızın bir sebebi var.</Text>
    </Row>
    <Row Tag="LOC_TUTORIAL_CIVROYALE_UNITS_BODY">
      <Text>Yıkık şehirleri araştırarak, Akıncı Karakollarını temizleyerek ve İkmal Damlaları elde ederek yeni birimler bulun ve deneyim kazanın. Yeni birimler elde etmenin tek yolu bunlar, bu yüzden saldırılarınızı dikkatlice değerlendirin!</Text>
    </Row>
    <Row Tag="LOC_TUTORIAL_CIVROYALE_UNITS_DETAILS">
      <Text>Sivillerinize eşlik etmeleri için birimler atayabileceğinizi unutmayın, bu da onları ele geçirmeyi veya öldürmeyi zorlaştırır. Bu senaryodaki birimler, bu kanunsuz gezegende hayatta kalmanıza yardımcı olacak yeni terfiler kazanabilir.</Text>
    </Row>
  </FrontEndText>
</GameData>