﻿<?xml version="1.0" encoding="utf-8" standalone="yes"?>
<GameData>
  <EnglishText>
    <!-- Scenario Package -->
    <Row Tag="LOC_CIV_ROYALE_MOD_TITLE">
      <Text>Çok Oyunculu Senaryo: Kızıl Ölüm (Battle Royale)</Text>
    </Row>
    <Row Tag="LOC_CIV_ROYALE_MOD_TEASER">
      <Text>Bu çok oyunculu senaryoda, son koloni gemisinde yer kapmak için savaşan diğer grupların yanı sıra gezegenin kendisinden de kurtulmanız gerekir. Rauntlar, oyun boyutuna bağlı olarak genellikle 20-45 dakika arasında sürer.</Text>
    </Row>
    <Row Tag="LOC_CIV_ROYALE_MOD_DESCRIPTION_BASIC">
      <Text>Liderlerimiz bizi hayal kırıklığına uğrattı. Kızıl Ölüm hepimiz için geliyor. Eski uygarlığımız zamanın testine dayanamadı. [NEWLINE][NEWLINE]Tek umudumuz yörüngede bu dünyadan hayatta kalan son insanları bekleyen tek bir koloni gemisinde yatıyor. İniş aracına uzaktan pilotluk yapabiliriz, ancak diğer gruplar sinyalimizi engelliyor. Hayatta kalmamızın tek yolu diğer grupları ortadan kaldırmamız.[NEWLINE][NEWLINE]Bu dünyanın son uygarlığına hoş geldiniz.</Text>
    </Row>
    <Row Tag="LOC_CIV_ROYALE_MOD_DESCRIPTION_TUTORIAL">
      <Text>Liderlerimiz bizi hayal kırıklığına uğrattı. Kızıl Ölüm hepimiz için geliyor. Eski uygarlığımız zamanın testine dayanamadı.[NEWLINE][NEWLINE]Tek umudumuz, bu dünyanın son hayatta kalanları için yörüngede bekleyen tek bir koloni gemisinde yatıyor. İniş aracına uzaktan pilotluk yapabiliriz, ancak diğer gruplar sinyalimizi engelliyor. Hayatta kalmamızın tek yolu diğer grupları ortadan kaldırmak.[NEWLINE][NEWLINE]Bu dünyanın son uygarlığına hoş geldiniz.</Text>
    </Row>
  </EnglishText>
</GameData>