﻿<?xml version="1.0" encoding="utf-8"?>
<GameData>
  <BaseGameText>
    <!-- Next Game button for CivRoyale endgame screen. -->
    <Row Tag="LOC_GAME_MENU_QUICK_JOIN">
      <Text>Sıradaki Oyun</Text>
    </Row>
    <Row Tag="LOC_GAME_MENU_QUICK_JOIN_TOOLTIP">
      <Text>Yeni bir Kızıl Ölüm oyununa (Battle Royale) Hızlı Katılın!</Text>
    </Row>
    <Row Tag="LOC_GAME_MENU_HOW_TO_PLAY">
      <Text>Nasıl oynanır</Text>
    </Row>
    <!-- Do not put any more text in this file! -->
  </BaseGameText>
</GameData>