﻿<?xml version="1.0" encoding="utf-8"?>
<!-- edited with XMLSPY v2004 rel. 2 U (http://www.xmlspy.com) by Ed Beach (Firaxis Games) -->
<GameData>
  <BaseGameText>
    <Row Tag="LOC_CITY_MAKE_RANGED_ATTACK">
      <Text>Şehrinizle saldırın!</Text>
    </Row>
    <Row Tag="LOC_COMBAT_YOU_KILLED_ENEMY_UNIT">
      <Text>Savunma yaparken, {2_UnitName} ({5_Num} hasarınız) {LOC_GRAMMAR_A_AN &lt;&lt; {3_EnemyAdjective}} {4_EnemyUnitName} öldürdü!</Text>
    </Row>
    <Row Tag="LOC_COMBAT_YOU_KILLED_ENEMY_UNIT_DEFENDING_CITY">
      <Text>Savunma yaparken, {2_CityName} ({5_Num} hasar) Şehriniz {LOC_GRAMMAR_A_AN &lt;&lt; {3_EnemyAdjective}} {4_EnemyUnitName} öldürdü!</Text>
    </Row>
    <Row Tag="LOC_COMBAT_YOUR_CITY_WAS_CAPTURED">
      <Text>{1_CityName} Şehriniz bir düşman {2_UnitName} tarafından ele geçirildi!</Text>
    </Row>
    <Row Tag="LOC_COMBAT_YOUR_UNIT_CAPTURED_ENEMY_CITY">
      <Text>{1_UnitName} ({2_Num} hasarınız) düşman {3_CityName} şehrini ele geçirdi!</Text>
    </Row>
    <Row Tag="LOC_COMBAT_YOUR_UNIT_CAPTURED_ENEMY_UNIT">
      <Text>{1_UnitName}'ünüz bir düşman {2_UnitName} yakaladı!</Text>
    </Row>
    <Row Tag="LOC_COMBAT_YOUR_UNIT_WAS_CAPTURED_BY_ENEMY_UNIT">
      <Text>{1_UnitName}'ünüz bir düşman {2_UnitName} tarafından ele geçirildi!</Text>
    </Row>
    <Row Tag="LOC_COMBAT_YOUR_UNIT_DESTROYED_ENEMY">
      <Text>{1_UnitName} ({2_Num} hasarınız) bir düşmanı {3_UnitName} yok etti!</Text>
    </Row>
    <Row Tag="LOC_COMBAT_YOUR_UNIT_DIED_ATTACKING_ANTI_AIR">
      <Text>Saldıran {1_UnitName} düşman {2_EnUName} tarafından öldürüldü!</Text>
    </Row>
    <Row Tag="LOC_COMBAT_YOUR_UNIT_DIED_ATTACKING_INTERCEPTED">
      <Text>Saldıran {1_UnitName} düşman {2_EnUName} ({3_Num} hasarı) engellemesi nedeniyle öldü!</Text>
    </Row>
    <Row Tag="LOC_COMBAT_YOUR_UNIT_DIED_ATTACKING">
      <Text>{1_UnitName}'ünüz bir düşmana {2_EnUName} saldırırken öldü ({3_Num} hasar)!</Text>
    </Row>
    <Row Tag="LOC_COMBAT_YOUR_UNIT_DIED_ATTACKING_CITY">
      <Text>{1_UnitName}'ünüz {2_EnUName} ({3_Num} hasar) düşman şehrine saldırırken öldü!</Text>
    </Row>
    <Row Tag="LOC_COMBAT_YOUR_UNIT_WITHDREW_ANTI_AIR">
      <Text>Saldıran {2_UnitName} ({3_Num} hasarınız) {LOC_GRAMMAR_A_AN &lt;&lt; {4_EnemyAdjective}} {5_EnemyUnitName} tarafından hasar gördü!</Text>
    </Row>
    <Row Tag="LOC_COMBAT_YOUR_UNIT_WITHDREW_INTERCEPTED">
      <Text>{2_UnitName} ({3_Num} hasar) saldırınız ([6] {5_EnemyUnitName} {6_Num} hasar) tarafından engellendi!</Text>
    </Row>
    <Row Tag="LOC_COMBAT_YOUR_UNIT_WITHDREW">
      <Text>{1_UnitName} ({2_Num} hasarınız) bir düşmana {3_EnUName} ({4_Num} hasarınız) saldırdı!</Text>
    </Row>
    <Row Tag="LOC_COMBAT_YOUR_UNIT_WITHDREW_CITY">
      <Text>{1_UnitName} ({2_Num} hasarınız) {3_CityName} ({4_Num} hasar) düşman Şehrine saldırdı!</Text>
    </Row>
    <Row Tag="LOC_COMBAT_FRIENDLY_UNIT_WITHDREW">
      <Text>Bizim {1_UnitName} düşman yakın dövüş saldırısından geri çekildi.</Text>
    </Row>
    <Row Tag="LOC_COMBAT_ENEMY_UNIT_WITHDREW">
      <Text>{1_UnitName} ({2_Num} hasarınız) bir düşman {3_EnUName} ({4_Num} hasarı) tarafından saldırıya uğradı!</Text>
    </Row>
    <Row Tag="LOC_COMBAT_ENEMY_UNIT_WITHDREW_INTERCEPTING">
      <Text>{1_UnitName} ({2_Num} hasarınız) bir düşman {3_EnUName} ({4_Num} hasarı) yakaladı!</Text>
    </Row>
    <Row Tag="LOC_COMBAT_YOUR_UNIT_DIED_INTERCEPTING">
      <Text>Önleme yaparken, {2_UnitName}'nız {LOC_GRAMMAR_A_AN &lt;&lt; {4_EnemyAdjective}} {5_EnemyUnitName} {6_Num} hasarı) tarafından yok edildi!</Text>
    </Row>
    <Row Tag="LOC_COMBAT_YOUR_UNIT_DIED_DEFENDING">
      <Text>Savunma yaparken, {2_UnitName}'nız {LOC_GRAMMAR_A_AN &lt;&lt; {3_EnemyAdjective}} {4_EnemyUnitName} {5_Num} hasarı) tarafından yok edildi!</Text>
    </Row>
    <Row Tag="LOC_COMBAT_YOUR_UNIT_STRAFED_ENEMY">
      <Text>{1_UnitName}'ünüz bir düşmana {2_EnUName} saldırarak {3_Num} hasar verdi!</Text>
    </Row>
    <Row Tag="LOC_COMBAT_YOUR_UNIT_BOMBED_ENEMY">
      <Text>{1_UnitName}'ünüz bir düşmanı {2_EnUName} bombaladı ve {3_Num} hasar verdi!</Text>
    </Row>
    <Row Tag="LOC_COMBAT_YOUR_UNIT_WAS_STRAFED_BY_ENEMY">
      <Text>{1_UnitName}'ünüz bir düşman {2_EnUName} tarafından vuruldu ve {3_Num} hasar aldı!</Text>
    </Row>
    <Row Tag="LOC_COMBAT_YOUR_UNIT_DAMAGED_ENEMY">
      <Text>{1_UnitName} hasarınız bir düşmana {2_EnUName}({3_Num} hasar)!</Text>
    </Row>
    <Row Tag="LOC_COMBAT_YOUR_UNIT_BOMBARDED_ENEMY">
      <Text>{1_UnitName}'ünüz bir düşmanı {2_EnUName} bombalayarak {3_Num} hasar verdi!</Text>
    </Row>
    <Row Tag="LOC_COMBAT_YOUR_UNIT_WAS_BOMBARDED_BY_ENEMY">
      <Text>{1_UnitName}'ünüz bir düşman {2_EnUName} tarafından bombalandı ve {3_Num} hasar aldı!</Text>
    </Row>
    <Row Tag="LOC_COMBAT_YOUR_WMD_SUCCEEDED">
      <Text>Sizin {1_UnitName} KİS saldırısı başarılı oldu!</Text>
    </Row>
    <Row Tag="LOC_COMBAT_YOUR_WMD_FAILED_HIGH_DAMAGE">
      <Text>Sizin {1_UnitName} KİS saldırısı yüksek hasar nedeniyle başarısız oldu.</Text>
    </Row>
    <Row Tag="LOC_COMBAT_ENEMY_WMD_SUCCEEDED">
      <Text>Durdurmayı başaramadınız {LOC_GRAMMAR_A_AN &lt;&lt; {1_EnemyAdjective}} {2_EnemyUnitName} KİS saldırısı!</Text>
    </Row>
    <Row Tag="LOC_COMBAT_ENEMY_WMD_FAILED_HIGH_DAMAGE">
      <Text>{LOC_GRAMMAR_A_AN &lt;&lt; {1_EnemyAdjective}} {2_EnemyUnitName}'yı başarıyla durdurdunuz {3_Num} hasar vererek KİS saldırısı!</Text>
    </Row>
    <Row Tag="LOC_MISC_YOUR_UNIT_DIED_BY_UNKNOWN">
      <Text>Savunma yaparken, {1_UnitName}'ünüz kılık değiştirmiş bir {2_EnUName} ({3_Num} hasar) tarafından yok edildi!</Text>
    </Row>
    <Row Tag="LOC_COMBAT_YOUR_UNIT_ATTACKED_ENEMY_DISTRICT">
      <Text>{1_UnitName}'ünüz bir düşmana {2_Name} saldırarak {3_Num} hasar verdi!</Text>
    </Row>
    <Row Tag="LOC_COMBAT_YOUR_DISTRICT_WAS_ATTACKED_BY_ENEMY">
      <Text>{1_Name}'ünüz bir düşman {2_EnUName} tarafından saldırıya uğradı ve {3_Num} hasar aldı!</Text>
    </Row>
    <Row Tag="LOC_COMBAT_YOUR_UNIT_ATTACKED_ENEMY_DISTRICT_DEFENSES">
      <Text>{1_UnitName} bir düşmana saldırdı {2_Name} ({3_Num} {2_Name} hasar, {4_Num} savunma hasarı)</Text>
    </Row>
    <Row Tag="LOC_COMBAT_YOUR_DISTRICT_DEFENSE_WAS_ATTACKED_BY_ENEMY">
      <Text>{1_Name} bir düşman tarafından saldırıya uğradı {2_EnUName} ({3_Num} {2_Name} hasar, {4_Num} savunma hasarı)</Text>
    </Row>
    <Row Tag="LOC_COMBAT_YOUR_DISTRICT_DESTROYED_ENEMY">
      <Text>{1_Name} bir düşmanı bombaladı {2_EnUName}! {3_Damage} hasar)</Text>
    </Row>
    <Row Tag="LOC_COMBAT_YOUR_DISTRICT_BOMBARDED_ENEMY">
      <Text>{1_Name} bir düşmanı bombaladı {2_EnUName}! {3_Damage} hasar)</Text>
    </Row>
    <Row Tag="LOC_COMBAT_YOUR_UNIT_WAS_BOMBARDED_BY_ENEMY_DISTRICT">
      <Text>{1_Name}'ünüz bir düşman {2_EnUName} tarafından bombalandı ve {3_Num} hasar aldı!</Text>
    </Row>
    <Row Tag="LOC_COMBAT_ICBM_DESTROYED">
      <Text>ICBM durduruldu ve yok edildi.</Text>
    </Row>
    <Row Tag="LOC_PLUNDER_UNIT_HEALED">
      <Text>Yağmalarınızdan elde ettiğiniz ganimet {1_Name} sizi iyileştirdi.</Text>
    </Row>
    <Row Tag="LOC_PLUNDER_CULTURE">
      <Text>Yaptığınız yağmalardan {1_Num} [ICON_Culture] Kültür elde ettiniz.</Text>
    </Row>
    <Row Tag="LOC_PLUNDER_FAITH">
      <Text>Yaptığınız yağmalardan {1_Num} [ICON_Faith] İnanç elde ettiniz.</Text>
    </Row>
    <Row Tag="LOC_PLUNDER_GOLD">
      <Text>Yağmaladığınız ganimetlerden {1_Num} [ICON_Gold] Altın aldınız.</Text>
    </Row>
    <Row Tag="LOC_PLUNDER_SCIENCE">
      <Text>Yağmaladığınız ganimetlerden {1_Num} [ICON_Science] Bilim elde ettiniz.</Text>
    </Row>
    <Row Tag="LOC_KILL_CULTURE">
      <Text>[COLOR_FLOAT_CULTURE]+{1_Num} [ICON_Culture][ENDCOLOR]</Text>
    </Row>
    <Row Tag="LOC_KILL_FAITH">
      <Text>[COLOR_FLOAT_FAITH]+{1_Num} [ICON_Faith][ENDCOLOR]</Text>
    </Row>
    <Row Tag="LOC_KILL_FAITH_PLUS">
      <Text>[COLOR_FLOAT_FAITH]+{1_Num} {2_Religion}[ENDCOLOR]</Text>
    </Row>
    <Row Tag="LOC_KILL_FAITH_MINUS">
      <Text>[COLOR_RED]-{1_Num} {2_Religion}[ENDCOLOR]</Text>
    </Row>
    <Row Tag="LOC_KILL_GOLD">
      <Text>[COLOR_FLOAT_GOLD]+{1_Num} [ICON_Gold][ENDCOLOR]</Text>
    </Row>
    <Row Tag="LOC_KILL_SCIENCE">
      <Text>[COLOR_FLOAT_SCIENCE]+{1_Num} [ICON_Science][ENDCOLOR]</Text>
    </Row>
    <Row Tag="LOC_KILL_GREATPERSON_BONUS">
      <Text>[COLOR_FLOAT_FOOD]+{1_Num} {2_GreatPerson} Points[ENDCOLOR]</Text>
    </Row>
    <!-- Damage Message -->
    <Row Tag="LOC_WORLD_DISTRICT_GARRISON_DAMAGE_DECREASE_FLOATER">
      <Text>[COLOR_GREEN]+{1_Num}[ENDCOLOR] Sağlık</Text>
    </Row>
    <Row Tag="LOC_WORLD_DISTRICT_GARRISON_DAMAGE_INCREASE_FLOATER">
      <Text>[COLOR_RED]{1_Num}[ENDCOLOR] Sağlık</Text>
    </Row>
    <Row Tag="LOC_WORLD_DISTRICT_DEFENSE_DAMAGE_DECREASE_FLOATER">
      <Text>[COLOR_GREEN]+{1_Num}[ENDCOLOR] Savunmalar</Text>
    </Row>
    <Row Tag="LOC_WORLD_DISTRICT_DEFENSE_DAMAGE_INCREASE_FLOATER">
      <Text>[COLOR_RED]{1_Num}[ENDCOLOR] Savunmalar</Text>
    </Row>
    <Row Tag="LOC_RAZE_CITY_HEADER">
      <Text>ELE GEÇİRİLEN ŞEHİR</Text>
    </Row>
    <Row Tag="LOC_RAZE_CITY_TRADED">
      <Text>ŞEHİR ALINDI</Text>
    </Row>
    <Row Tag="LOC_RAZE_CITY_NAME_LABEL">
      <Text>Şehir Adı:</Text>
    </Row>
    <Row Tag="LOC_RAZE_CITY_POPULATION_LABEL">
      <Text>Nüfus:</Text>
    </Row>
    <Row Tag="LOC_RAZE_CITY_DISTRICTS_LABEL">
      <Text>Mevcut İlçe Sayısı:</Text>
    </Row>
    <Row Tag="LOC_RAZE_CITY_LIBERATE_EXPLANATION">
      <Text>Bir şehri özgürleştirmek, şehri önceki sahiplerinden birine geri verecek ve muhtemelen o uygarlığı oyuna geri getirecektir.[NEWLINE][NEWLINE]{1_WarmongerInfo}</Text>
    </Row>
    <Row Tag="LOC_RAZE_CITY_LIBERATE_WARMONGER_EXPLANATION">
      <Text>Bir şehri özgürleştirmek, daha önce kazanılan savaş kışkırtıcısı cezalarında [COLOR_MEDIUM_GREEN]CİDDİ AZALMA[ENDCOLOR] sağlar.</Text>
    </Row>
    <Row Tag="LOC_RAZE_CITY_KEEP_EXPLANATION">
      <Text>Bu şehri şimdilik imparatorluğunuzda tutun.  Savaş sonrası mülkiyeti barış masasında görüşülene kadar daha az üretken, işgal edilmiş bir şehir olacak.[NEWLINE][NEWLINE]{1_WarmongerInfo}</Text>
    </Row>
    <Row Tag="LOC_RAZE_CITY_KEEP_EXPLANATION_TRADED">
      <Text>Bu şehri imparatorluğunuzda tutun.</Text>
    </Row>
    <Row Tag="LOC_RAZE_CITY_KEEP_WARMONGER_EXPLANATION">
      <Text>Savaş kışkırtıcısının bu şehri şu anda elinde tutmasının cezası: {1_WarmongerLevel}[NEWLINE][NEWLINE]Şehri elinizde tutup tutmamanıza bağlı olarak savaşın sonunda ceza ya iade edilecek ya da iki katına çıkarılacaktır.</Text>
    </Row>
    <Row Tag="LOC_RAZE_CITY_KEEP_LAST_CITY_EXPLANATION">
      <Text>Bir oyuncunun son şehrini elinde tutmak için Savaş kışkırtıcısı cezası, bu çağ için Sürpriz Savaş cezasına dayanır. Eğer bu şehri ele geçirmek büyük bir uygarlığı (bir şehir devletini değil) ortadan kaldırıyorsa bu değer [COLOR_RED]İKİ KATINA[ENDCOLOR] çıkar.</Text>
    </Row>
    <Row Tag="LOC_RAZE_CITY_RAZE_EXPLANATION">
      <Text>Şehri, tüm bölgelerini ve binalarını haritadan temizleyerek yerle bir edin. Bu seçenek şehrin fethedildiği turda seçilmelidir.[NEWLINE][NEWLINE]{1_WarmongerInfo}</Text>
    </Row>
    <Row Tag="LOC_RAZE_CITY_RAZE_WARMONGER_EXPLANATION">
      <Text>[COLOR_RED]Bir şehri yerle bir etmek size ciddi bir Savaş Kışkırtıcısı cezası verebilir! [ENDCOLOR] [NEWLINE] [NEWLINE]Bu şehri şimdi yerle bir etmenin Savaş Kışkırtıcısı cezası: {1_WarmongerLevel}</Text>
    </Row>
    <Row Tag="LOC_RAZE_CITY_RAZE_LAST_CITY_EXPLANATION">
      <Text>Savaş kışkırtıcısı cezası, bir oyuncunun son şehrini yerle bir ettiğinizde bu çağ için Resmi Savaş cezasının [COLOR_RED]ÜÇ KATIdır[ENDCOLOR].</Text>
    </Row>
    <Row Tag="LOC_RAZE_CITY_RAZE_DISABLED_EXPLANATION">
      <Text>Büyük bir medeniyetin orijinal başkentini veya sizin ya da bir müttefikinizin bu savaşın başında kurduğu veya sahip olduğu bir şehri yerle bir edemezsiniz.</Text>
    </Row>
    <Row Tag="LOC_RAZE_CITY_LIBERATE_FOUNDER_BUTTON_LABEL">
      <Text>Kurucuya Özgürlük ({1_CivName})</Text>
    </Row>
    <Row Tag="LOC_RAZE_CITY_LIBERATE_PREWAR_OWNER_BUTTON_LABEL">
      <Text>Savaş Öncesi Sahibine Özgürlük {1_CivName})</Text>
    </Row>
    <Row Tag="LOC_RAZE_CITY_KEEP_BUTTON_LABEL">
      <Text>Şehirde Kal</Text>
    </Row>
    <Row Tag="LOC_RAZE_CITY_RAZE_BUTTON_LABEL">
      <Text>Raze City</Text>
    </Row>
  </BaseGameText>
</GameData>