﻿<?xml version="1.0" encoding="utf-8"?>
<!-- edited with XMLSPY v2004 rel. 2 U (http://www.xmlspy.com) by Ed Beach (Firaxis Games) -->
<GameData>
  <BaseGameText>
    <Row Tag="LOC_DIPLOMACY_DEAL_GOLD_PER_TURN">
      <Text>DÖNÜŞ BAŞINA ALTIN</Text>
    </Row>
    <Row Tag="LOC_DIPLOMACY_DEAL_GOLD_PER_TURN_WITH_TURNS">
      <Text>TUR BAŞINA ALTIN[newline]{1_number} DÖNÜŞLER</Text>
    </Row>
    <Row Tag="LOC_DIPLOMACY_DEAL_FOR_TURNS">
      <Text>İÇİN {1_number} DÖNÜŞLER</Text>
    </Row>
    <Row Tag="LOC_DIPLOMACY_DEAL_FOR_30_TURNS">
      <Text>30 TUR İÇİN</Text>
    </Row>
    <Row Tag="LOC_DIPLOMACY_DEAL_ONE_TIME">
      <Text>TEK SEFERLİK FIRSATLAR</Text>
    </Row>
    <Row Tag="LOC_DIPLOMACY_DEAL_LUXURY_RESOURCES">
      <Text>LÜKS KAYNAKLAR</Text>
    </Row>
    <Row Tag="LOC_DIPLOMACY_DEAL_STRATEGIC_RESOURCES">
      <Text>STRATEJİK KAYNAKLAR</Text>
    </Row>
    <Row Tag="LOC_DIPLOMACY_DEAL_AGREEMENTS">
      <Text>ANLAŞMALAR</Text>
    </Row>
    <Row Tag="LOC_DIPLOMACY_DEAL_CITIES">
      <Text>ŞEHİRLER</Text>
    </Row>
    <Row Tag="LOC_DIPLOMACY_DEAL_OTHER_PLAYERS">
      <Text>DİĞER OYUNCULAR</Text>
    </Row>
    <Row Tag="LOC_DIPLOMACY_DEAL_CAPTIVES">
      <Text>KAPTANLAR</Text>
    </Row>
    <Row Tag="LOC_DIPLOMACY_DEAL_GREAT_WORKS">
      <Text>BÜYÜK İŞLER</Text>
    </Row>
    <Row Tag="LOC_DIPLOMACY_DEAL_TECHNOLOGIES">
      <Text>TEKNOLOJİLER</Text>
    </Row>
    <Row Tag="LOC_DIPLOMACY_DEAL_PLAYER_PANEL_TITLE">
      <Text>{1_LeaderName}[NEWLINE]{2_CivName}</Text>
    </Row>
    <Row Tag="LOC_DIPLOMACY_DEAL_ACCEPT_DEAL">
      <Text>Anlaşmayı Kabul Et</Text>
    </Row>
    <Row Tag="LOC_DIPLOMACY_DEAL_REFUSE_DEAL">
      <Text>Çöp Anlaşması</Text>
    </Row>
    <Row Tag="LOC_DIPLOMACY_DEAL_PROPOSE_DEAL">
      <Text>Anlaşma Teklifi</Text>
    </Row>
    <Row Tag="LOC_DIPLOMACY_DEAL_DEMAND_DEAL">
      <Text>Talep Anlaşması</Text>
    </Row>
    <Row Tag="LOC_DIPLOMACY_DEAL_ACCEPT_DEMAND">
      <Text>Talebi Kabul Et</Text>
    </Row>
    <Row Tag="LOC_DIPLOMACY_DEAL_REFUSE_DEMAND">
      <Text>Çöp Talebi</Text>
    </Row>
    <Row Tag="LOC_DIPLOMACY_DEAL_ACCEPT_GIFT">
      <Text>Hediye Kabul Et</Text>
    </Row>
    <Row Tag="LOC_DIPLOMACY_DEAL_REFUSE_GIFT">
      <Text>Hediye Reddet</Text>
    </Row>
    <Row Tag="LOC_DIPLOMACY_DEAL_GIFT_DEAL">
      <Text>Hediye Verin</Text>
    </Row>
    <Row Tag="LOC_DIPLOMACY_DEAL_EXIT_DEAL">
      <Text>Boş ver.</Text>
    </Row>
    <Row Tag="LOC_DIPLOMACY_DEAL_CANCEL_DEAL">
      <Text>Anlaşmayı İptal Et</Text>
    </Row>
    <Row Tag="LOC_DIPLOMACY_DEAL_CANCEL_DEMAND">
      <Text>Talebi İptal Et</Text>
    </Row>
    <Row Tag="LOC_DIPLOMACY_DEAL_RESUME_GAME">
      <Text>Özgeçmiş</Text>
    </Row>
    <Row Tag="LOC_DIPLOMACY_DEAL_YOUR_ITEMS">
      <Text>Eşyalarınız</Text>
    </Row>
    <Row Tag="LOC_DIPLOMACY_DEAL_THEIR_ITEMS">
      <Text>Onların Eşyaları</Text>
    </Row>
    <Row Tag="LOC_DIPLOMACY_DEAL_WHAT_WOULD_YOU_GIVE_ME">
      <Text>Bana ne vereceksin?</Text>
    </Row>
    <Row Tag="LOC_DIPLOMACY_DEAL_WHAT_WOULD_IT_TAKE">
      <Text>Ne gerekiyor?</Text>
    </Row>
    <Row Tag="LOC_DIPLOMACY_DEAL_CLICK_TO_CHANGE_DEAL_PARAMETER">
      <Text>Anlaşma detaylarını ayarlayın...</Text>
    </Row>
    <Row Tag="LOC_DIPLOMACY_DEAL_SELECT_DEAL_PARAMETER">
      <Text>Anlaşma detaylarını ayarlayın...</Text>
    </Row>
    <Row Tag="LOC_DIPLOMACY_DEAL_PARAMETER_WITH_TURNS">
      <Text>{1_DisplayName} ({2_Turns} döner))</Text>
    </Row>
    <Row Tag="LOC_DIPLOMACY_DEAL_OTHER_PLAYER_SAYS">
      <Text>{1_LeaderName} diyor:</Text>
    </Row>
    <Row Tag="LOC_DIPLOMACY_DEAL_RETURN_CITY">
      <Text>{1_Name}, dönüş.</Text>
    </Row>
    <Row Tag="LOC_DIPLOMACY_DEAL_RETURN_CITY_TOOLTIP">
      <Text>Return {1_Name} to {1_LeaderName}</Text>
    </Row>
    <Row Tag="LOC_DIPLOMACY_DEAL_CEDE_CITY">
      <Text>{1_Name}, cede.</Text>
    </Row>
    <Row Tag="LOC_DIPLOMACY_DEAL_CEDE_CITY_TOOLTIP">
      <Text>{1_Name}'ü {1_LeaderName}'e devretmek</Text>
    </Row>
    <!--Deal Error Messages-->
    <Row Tag="LOC_DEAL_CITY_NOT_FOUND">
      <Text>Şehir bulunamadı</Text>
    </Row>
    <Row Tag="LOC_DEAL_CITY_DUPLICATE">
      <Text>Başka bir anlaşma maddesi de aynı şehre sahip</Text>
    </Row>
    <Row Tag="LOC_DEAL_GOLD_NOT_ENOUGH_IN_TREASURY">
      <Text>Yeterli Altın Yok</Text>
    </Row>
    <Row Tag="LOC_DEAL_GOLD_NOT_ENOUGH_YIELD">
      <Text>Yeterli Altın Yok</Text>
    </Row>
    <Row Tag="LOC_DEAL_GREAT_WORK_NOT_FOUND">
      <Text>Great Work bulunamadı</Text>
    </Row>
    <Row Tag="LOC_DEAL_INVALID_PLAYER">
      <Text>Geçersiz oyuncu</Text>
    </Row>
    <Row Tag="LOC_DEAL_NO_SLOT_TO_RECEIVE_WORK">
      <Text>İşin yerleştirileceği bir yuva yok</Text>
    </Row>
    <Row Tag="LOC_DEAL_RESOURCES_NOT_ENOUGH">
      <Text>Bu kaynaktan yeterince yok</Text>
    </Row>
    <Row Tag="LOC_DEAL_SPY_NOT_FOUND">
      <Text>Casus bulunamadı</Text>
    </Row>
    <Row Tag="LOC_DEAL_CITY_POPULATION_TOOLTIP">
      <Text>Nüfus: {1_number}</Text>
    </Row>
    <Row Tag="LOC_DEAL_CITY_DISTRICTS_TOOLTIP">
      <Text>Bölgeler:</Text>
    </Row>
    <Row Tag="LOC_DEAL_CITY_RESOURCES_TOOLTIP">
      <Text>Kaynaklar:</Text>
    </Row>
    <Row Tag="LOC_DEAL_CITY_GREAT_WORKS_TOOLTIP">
      <Text>Harika işler:</Text>
    </Row>
    <Row Tag="LOC_DEAL_ITEM_TRANSFERRED_WITH_CITY_TOOLTIP">
      <Text>{1_CityName} ile aktarıldı</Text>
    </Row>
    <!-- Diplomactic Actions -->
    <Row Tag="LOC_DIPLOACTION_RESIDENT_EMBASSY_NAME">
      <Text>Yerleşik Büyükelçilik</Text>
    </Row>
    <Row Tag="LOC_DIPLOACTION_DEMAND_TRIBUTE_NAME">
      <Text>Talep Haraç</Text>
    </Row>
    <Row Tag="LOC_DIPLOACTION_OPEN_BORDERS_NAME">
      <Text>Açık Sınırlar</Text>
    </Row>
    <Row Tag="LOC_DIPLOACTION_REQUEST_ASSISTANCE_NAME">
      <Text>Yardım Talebi</Text>
    </Row>
    <Row Tag="LOC_DIPLOACTION_DENOUNCE_NAME">
      <Text>İhbar Et</Text>
    </Row>
    <Row Tag="LOC_DIPLOACTION_DECLARE_SURPRISE_WAR_NAME">
      <Text>Sürpriz Savaş</Text>
    </Row>
    <Row Tag="LOC_DIPLOACTION_MAKE_PEACE_NAME">
      <Text>Barış Yapın</Text>
    </Row>
    <Row Tag="LOC_DIPLOACTION_DIPLOMATIC_DELEGATION_NAME">
      <Text>Delegasyon Gönderin</Text>
    </Row>
    <Row Tag="LOC_DIPLOACTION_ALLIANCE_NAME">
      <Text>İttifak</Text>
    </Row>
    <Row Tag="LOC_DIPLOACTION_DECLARE_FRIENDSHIP_NAME">
      <Text>Dostluk İlan Et</Text>
    </Row>
    <Row Tag="LOC_DIPLOACTION_GRANT_INFLUENCE_TOKEN_NAME">
      <Text>Etki Simgesi Ver</Text>
    </Row>
    <Row Tag="LOC_DIPLOACTION_GIFT_UNIT_NAME">
      <Text>Hediye Birimi</Text>
    </Row>
    <Row Tag="LOC_DIPLOACTION_MILITARY_REQUEST_NAME">
      <Text>Askeri Talep</Text>
    </Row>
    <Row Tag="LOC_DIPLOACTION_DECLARE_WAR_MINOR_CIV_NAME">
      <Text>Minör Sivillere Savaş İlan Et</Text>
    </Row>
    <Row Tag="LOC_DIPLOACTION_DECLARE_FORMAL_WAR_NAME">
      <Text>Savaş İlan Et</Text>
    </Row>
    <Row Tag="LOC_DIPLOACTION_DECLARE_HOLY_WAR_NAME">
      <Text>Kutsal Savaş İlan Et</Text>
    </Row>
    <Row Tag="LOC_DIPLOACTION_DECLARE_LIBERATION_WAR_NAME">
      <Text>Kurtuluş Savaşı İlan Etmek</Text>
    </Row>
    <Row Tag="LOC_DIPLOACTION_DECLARE_RECONQUEST_WAR_NAME">
      <Text>Yeniden Fetih Savaşı İlan Et</Text>
    </Row>
    <Row Tag="LOC_DIPLOACTION_DECLARE_PROTECTORATE_WAR_NAME">
      <Text>Protektora Savaşı İlan Et</Text>
    </Row>
    <Row Tag="LOC_DIPLOACTION_DECLARE_COLONIAL_WAR_NAME">
      <Text>Sömürge Savaşı İlan Etmek</Text>
    </Row>
    <Row Tag="LOC_DIPLOACTION_DECLARE_TERRITORIAL_WAR_NAME">
      <Text>Bölgesel Genişleme Savaşı İlan Etmek</Text>
    </Row>
    <Row Tag="LOC_DIPLOACTION_DEFENSIVE_PACT_NAME">
      <Text>Savunma Paktı</Text>
    </Row>
    <Row Tag="LOC_DIPLOACTION_JOINT_WAR_NAME">
      <Text>Ortak Savaş</Text>
    </Row>
    <Row Tag="LOC_DIPLOACTION_RESEARCH_AGREEMENT_NAME">
      <Text>Araştırma Anlaşması</Text>
    </Row>
    <Row Tag="LOC_DIPLOACTION_KEEP_PROMISE_DONT_SPY_NAME">
      <Text>Casusluk Yapmayacağınıza Söz Verin</Text>
    </Row>
    <Row Tag="LOC_DIPLOACTION_KEEP_PROMISE_DONT_CONVERT_NAME">
      <Text>Şehirleri Dönüştürmemeye Söz Verin</Text>
    </Row>
    <Row Tag="LOC_DIPLOACTION_KEEP_PROMISE_DONT_DIG_ARTIFACTS_NAME">
      <Text>Tarihi Eserleri Kazmayacağınıza Söz Verin</Text>
    </Row>
    <Row Tag="LOC_DIPLOACTION_KEEP_PROMISE_DONT_SETTLE_TOO_NEAR_NAME">
      <Text>Çok Yakına Yerleşmemeye Söz Verin</Text>
    </Row>
    <Row Tag="LOC_DIPLOMACY_DEAL_INVALID">
      <Text>Bu anlaşmayı hiçbir koşulda yapmayacağım.</Text>
    </Row>
    <!-- Diplomactic Action Tooltips-->
    <Row Tag="LOC_DIPLOACTION_RESEARCH_AGREEMENT_DESCRIPTION">
      <Text>Beyan Edilmiş bir Dost veya İttifak üyesi ile bir Araştırma Anlaşması oluşturun. Araştırma Anlaşmaları, iki tarafın bir hedef teknolojiyi ortaklaşa araştırmasına olanak tanır. Teknoloji ne kadar pahalı olursa, anlaşma da o kadar uzun sürer. Anlaşma süresince her iki taraf da o teknoloji için Artış kazanır.</Text>
    </Row>
    <Row Tag="LOC_DIPLOACTION_JOINT_WAR_DESCRIPTION">
      <Text>Hedef uygarlığa karşı bir Ortak Savaş başlatın.</Text>
    </Row>
    <Row Tag="LOC_DIPLOACTION_DEFENSIVE_PACT_DESCRIPTION">
      <Text>Bir Savunma Paktı Kurun. İttifak üyelerinden biri saldırıya uğradığında, tüm üyeler otomatik olarak saldırgana savaş ilan edecektir.</Text>
    </Row>
    <Row Tag="LOC_DIPLOACTION_ALLIANCE_DESCRIPTION">
      <Text>İlan Edilmiş Bir Dost ile İttifak Kurun. Müttefikler savaşa giremez, otomatik olarak Açık Sınırlara sahip olur ve müttefiklerinden biri bir şehir kaybederse her biri saldırgan bir uygarlığa karşı Casus Belli alır.</Text>
    </Row>
    <Row Tag="LOC_DIPLOACTION_RESIDENT_EMBASSY_DESCRIPTION">
      <Text>Bu güçle kalıcı bir Elçilik kurun. Kabul edilirse, alıcı biraz daha dostça davranacak, bir Erişim seviyesi kazanacaksınız ve alıcının [ICON_Capital] Başkenti ortaya çıkacak.</Text>
    </Row>
    <Row Tag="LOC_DIPLOACTION_DEMAND_TRIBUTE_DESCRIPTION">
      <Text>Bu güçten diplomatik bir hediye talep edin.</Text>
    </Row>
    <Row Tag="LOC_DIPLOACTION_OPEN_BORDERS_DESCRIPTION">
      <Text>Bu güçten birimlerinizin onların kontrolündeki bölgeden geçmesine izin vermesini isteyin.</Text>
    </Row>
    <Row Tag="LOC_DIPLOACTION_REQUEST_ASSISTANCE_DESCRIPTION">
      <Text>Bu güçten diplomatik bir hediye isteyin.</Text>
    </Row>
    <Row Tag="LOC_DIPLOACTION_DENOUNCE_DESCRIPTION">
      <Text>Bu güçten memnun olmadığınızı resmen belirtmek için kullanılır. Resmi bir savaş ilanı (Casus Belli olsun ya da olmasın) 5 tur daha geçtikten sonra yapılabilir.</Text>
    </Row>
    <Row Tag="LOC_DIPLOACTION_DECLARE_SURPRISE_WAR_DESCRIPTION">
      <Text>Hemen bir savaş başlatmak için kullanılır. Normal savaş kışkırtıcısı cezaları 50%. artırıldı</Text>
    </Row>
    <Row Tag="LOC_DIPLOACTION_MAKE_PEACE_DESCRIPTION">
      <Text>Bu güçle mevcut savaşı sona erdirmek için bir anlaşma müzakere edin.</Text>
    </Row>
    <Row Tag="LOC_DIPLOACTION_DIPLOMATIC_DELEGATION_DESCRIPTION">
      <Text>Bu güç için [ICON_Gold] Altın hediye eden bir heyet gönderin. Kabul edilirse, alıcı biraz daha dostça davranacak ve siz de bir Erişim seviyesi kazanacaksınız. Diplomatik Hizmet Civic'i kazanana kadar sürer.</Text>
    </Row>
    <Row Tag="LOC_DIPLOACTION_DECLARE_FRIENDSHIP_DESCRIPTION">
      <Text>Bu güçle dostane ilişkiler sürdürme niyetinizi resmen belirtin. Dost olduğunuz sürece İttifak için uygun olacaksınız ancak bu güce karşı resmi bir savaş ilan edemeyeceksiniz.</Text>
    </Row>
    <Row Tag="LOC_DIPLOACTION_DECLARE_FORMAL_WAR_DESCRIPTION">
      <Text>Sizi İhbar eden veya en az 5 tur önce İhbar ettiğiniz bir oyuncuya savaş ilan etmek için kullanılır. Hangi şehirleri ele geçirebileceğiniz konusunda herhangi bir kısıtlama yoktur.</Text>
    </Row>
    <Row Tag="LOC_DIPLOACTION_DECLARE_HOLY_WAR_DESCRIPTION">
      <Text>Şehirlerinizden birini din değiştirmiş bir güce savaş ilan etmek için kullanılır. Tüm savaş kışkırtıcılığı cezaları yarıya indirilir.</Text>
    </Row>
    <Row Tag="LOC_DIPLOACTION_DECLARE_LIBERATION_WAR_DESCRIPTION">
      <Text>Arkadaşlarınızdan veya müttefiklerinizden birinin şehrini ele geçiren bir güce savaş ilan etmek için kullanılır.  Bu şehirlerden herhangi birini kurtarmak için savaş kışkırtıcılığı cezası yoktur.</Text>
    </Row>
    <Row Tag="LOC_DIPLOACTION_DECLARE_RECONQUEST_WAR_DESCRIPTION">
      <Text>Şehirlerinizden birini ele geçiren bir güce savaş ilan etmek için kullanılır. Savaş kışkırtıcılığı cezası uygulanmaz.</Text>
    </Row>
    <Row Tag="LOC_DIPLOACTION_DECLARE_PROTECTORATE_WAR_DESCRIPTION">
      <Text>Müttefik şehir devletlerinizden birine saldıran bir güce savaş ilan etmek için kullanılır. O şehir devletini özgürleştirmek için savaş kışkırtıcılığı cezası yoktur.</Text>
    </Row>
    <Row Tag="LOC_DIPLOACTION_DECLARE_COLONIAL_WAR_DESCRIPTION">
      <Text>Sizden iki teknoloji çağı geride olan bir güce savaş ilan etmek için kullanılır. Tüm savaş kışkırtıcılığı cezaları yarıya indirilir.</Text>
    </Row>
    <Row Tag="LOC_DIPLOACTION_DECLARE_TERRITORIAL_WAR_DESCRIPTION">
      <Text>İmparatorluğunuza sınır olan bir güce savaş ilan etmek için kullanılır. 2 şehrinizin 2 rakibin şehrine 10 karo mesafede olması gerekir. Savaş kışkırtıcılığı cezaları 25%. azaltılır.</Text>
    </Row>
    <Row Tag="LOC_DIPLOACTION_PROPOSE_TRADE_DESCRIPTION">
      <Text>Bu güçle ticaret müzakereleri başlatın.</Text>
    </Row>
    <Row Tag="LOC_DIPLOACTION_PROPOSE_PEACE_DEAL_DESCRIPTION">
      <Text>Bu güçle bir barış anlaşması önerin.</Text>
    </Row>
    <Row Tag="LOC_DIPLOMACY_DEAL_SELECT_TECH">
      <Text>Teknoloji Seçiniz</Text>
    </Row>
    <Row Tag="LOC_DIPLOMACY_DEAL_SELECT_ALLIANCE">
      <Text>İttifak Seçiniz</Text>
    </Row>
    <Row Tag="LOC_DIPLOMACY_DEAL_SELECT_TARGET">
      <Text>Hedef Seçin</Text>
    </Row>
    <Row Tag="LOC_DIPLOMACY_DEAL_HOW_MANY">
      <Text>Kaç tane?</Text>
    </Row>
    <Row Tag="LOC_DIPLO_DEAL_LEADER_GIFT">
      <Text>Bu hediyeyi kabul ediyorum.</Text>
    </Row>
    <Row Tag="LOC_DIPLO_DEAL_LEADER_GIFT_EFFECT">
      <Text>Hediyeler ilişkinizi geliştirir</Text>
    </Row>
    <Row Tag="LOC_DIPLO_DEAL_LEADER_DEMAND">
      <Text>Pazarlık yapmayı tercih ederim.</Text>
    </Row>
    <Row Tag="LOC_DIPLO_DEAL_LEADER_DEMAND_EFFECT">
      <Text>Taleplerde bulunmak ilişkinize zarar verir</Text>
    </Row>
    <Row Tag="LOC_DIPLO_DEAL_UNFAIR">
      <Text>Kabul edemem, bu adil olmayan bir anlaşma.</Text>
    </Row>
    <Row Tag="LOC_DIPLO_DEAL_WHAT_WOULD_YOU_GIVE_ME_TOOLTIP">
      <Text>Bu liderin teklifiniz için size ne vereceğini sorun. [NEWLINE] Bu sadece anlaşma masasının onların tarafına öğeler ekleyecektir.</Text>
    </Row>
    <Row Tag="LOC_DIPLO_DEAL_UNACCEPTABLE_DEAL">
      <Text>Bu anlaşmayı hiçbir koşulda kabul edemem.</Text>
    </Row>
    <Row Tag="LOC_DIPLO_DEAL_UNACCEPTABLE_ITEM_TOOLTIP">
      <Text>Teklif engelleme anlaşması</Text>
    </Row>
    <Row Tag="LOC_DIPLO_DEAL_MARK_UNACCEPTABLE">
      <Text>Bu öğeyi kabul edilemez olarak işaretleyin</Text>
    </Row>
    <Row Tag="LOC_DIPLO_DEAL_STOP_ASKING_POPUP_TEXT">
      <Text>Bu öğeyi kabul edilemez olarak işaretlemek ve anlaşmayı reddetmek, bu yapay zekanın bu öğeyi bir daha istemesini engelleyecektir. Devam etmek istiyor musunuz?</Text>
    </Row>
    <Row Tag="LOC_DIPLO_DEAL_STOP_ASKING_POPUP_TITLE">
      <Text>Sormayı keser misin?</Text>
    </Row>
    <Row Tag="LOC_DIPLO_DEAL_REMOVE_ITEM">
      <Text>Öğeyi anlaşmadan kaldır</Text>
    </Row>
    <Row Tag="LOC_DIPLO_DEAL_LEADER_EQUALIZE_SUCCEEDED">
      <Text>Buna ne dersin?</Text>
    </Row>
    <Row Tag="LOC_DIPLO_DEAL_LEADER_EQUALIZE_FAILED">
      <Text>Bunu takas etmek istemiyorum.</Text>
    </Row>
    <Row Tag="LOC_DIPLO_DEAL_LEADER_GIFT_EQUALIZE_FAILED">
      <Text>Bunun için takas edebileceğim hiçbir şeyim yok.</Text>
    </Row>
    <Row Tag="LOC_DIPLO_DEAL_LEADER_TRADE_REFUSED_FRIENDLY_1">
      <Text>Belki ileride uygun bir anlaşma yapabiliriz?</Text>
    </Row>
    <Row Tag="LOC_DIPLO_DEAL_LEADER_TRADE_REFUSED_FRIENDLY_2">
      <Text>Başka bir zaman, belki?</Text>
    </Row>
    <Row Tag="LOC_DIPLO_DEAL_LEADER_TRADE_REFUSED_FRIENDLY_3">
      <Text>Bir anlaşmaya varamamamıza şaşırdım.</Text>
    </Row>
    <Row Tag="LOC_DIPLO_DEAL_LEADER_TRADE_REFUSED_NEUTRAL_1">
      <Text>Çok yazık.</Text>
    </Row>
    <Row Tag="LOC_DIPLO_DEAL_LEADER_TRADE_REFUSED_NEUTRAL_2">
      <Text>Teklifimi daha fazla yükseltmeye cesaret edemiyorum.</Text>
    </Row>
    <Row Tag="LOC_DIPLO_DEAL_LEADER_TRADE_REFUSED_NEUTRAL_3">
      <Text>Ne kadar üzücü.</Text>
    </Row>
    <Row Tag="LOC_DIPLO_DEAL_LEADER_TRADE_REFUSED_AGGRESSIVE_1">
      <Text>Eğer kullanmayacaksanız hazinenin ne faydası var?</Text>
    </Row>
    <Row Tag="LOC_DIPLO_DEAL_LEADER_TRADE_REFUSED_AGGRESSIVE_2">
      <Text>Öyle ya da böyle, bana istediğimi vereceksin.</Text>
    </Row>
    <Row Tag="LOC_DIPLO_DEAL_LEADER_TRADE_REFUSED_AGGRESSIVE_3">
      <Text>Şimdilik reddini kabul ediyorum.</Text>
    </Row>
    <Row Tag="LOC_DIPLO_DEAL_EXPAND_CATEGORY">
      <Text>Anlaşma kategorisini genişletin.</Text>
    </Row>
    <Row Tag="LOC_DIPLO_DEAL_COLLAPSE_CATEGORY">
      <Text>Anlaşma kategorisini daraltın.</Text>
    </Row>
    <Row Tag="LOC_DIPLO_DEAL_EXPAND_CITY_INFO">
      <Text>Şehir bilgilerini genişletin.</Text>
    </Row>
    <Row Tag="LOC_DIPLO_DEAL_COLLAPSE_CITY_INFO">
      <Text>Şehir bilgilerini daraltın.</Text>
    </Row>
  </BaseGameText>
</GameData>