﻿<?xml version="1.0" encoding="utf-8"?>
<GameData>
  <BaseGameText>
    <!-- AI is Defeated -->
    <Row Tag="LOC_DIPLO_DEFEAT_FROM_AI_ANY_ANY">
      <Text>Sonunu bu kadar çabuk göreceğimi hiç düşünmemiştim!</Text>
    </Row>
    <Row Tag="LOC_DIPLO_DEFEAT_FROM_AI_LEADER_MVEMBA_ANY">
      <Text>Sen yüceltilmiş bir barbardan başka bir şey değilsin. Zalim ve acımasız.</Text>
    </Row>
    <Row Tag="LOC_DIPLO_DEFEAT_FROM_AI_LEADER_CATHERINE_DE_MEDICI_ANY">
      <Text>Ne zaman yenildiğimi bilecek kadar uzun yaşadım. Devam et.</Text>
    </Row>
    <Row Tag="LOC_DIPLO_DEFEAT_FROM_AI_LEADER_CLEOPATRA_ANY">
      <Text>Mısır kayboldu. Eğer aşkımı kucaklayamazsam, eşek arılarını kucaklayacağım.</Text>
    </Row>
    <Row Tag="LOC_DIPLO_DEFEAT_FROM_AI_LEADER_BARBAROSSA_ANY">
      <Text>Biz yüce ve görkemliydik... ama hayır, bunu boş verin. Siz muzaffersiniz. Hükümdarlığınız benimkinden daha huzurlu olsun.</Text>
    </Row>
    <Row Tag="LOC_DIPLO_DEFEAT_FROM_AI_LEADER_GANDHI_ANY">
      <Text>Beni zincirleyebilirsin, bana işkence edebilirsin, hatta bu bedeni yok edebilirsin ama zihnimi asla hapsedemezsin.</Text>
    </Row>
    <Row Tag="LOC_DIPLO_DEFEAT_FROM_AI_LEADER_GILGAMESH_ANY">
      <Text>Bunu bana hangi ihanet yaptı? Hayır, ne kötülüğü?</Text>
    </Row>
    <Row Tag="LOC_DIPLO_DEFEAT_FROM_AI_LEADER_GORGO_ANY">
      <Text>Ares bizi terk etti. Sparta yenildi.</Text>
    </Row>
    <Row Tag="LOC_DIPLO_DEFEAT_FROM_AI_LEADER_HARDRADA_ANY">
      <Text>Sen burada çalışırken ben Valhalla'da Einherjar'a katılıp ziyafet çekeceğim.</Text>
    </Row>
    <Row Tag="LOC_DIPLO_DEFEAT_FROM_AI_LEADER_HOJO_ANY">
      <Text>Lütfen aileme, halkıma yapılan bu onursuzluğa bir son verin.</Text>
    </Row>
    <Row Tag="LOC_DIPLO_DEFEAT_FROM_AI_LEADER_PEDRO_ANY">
      <Text>Tanrı bana bu son dileklerimi bahşetsin - Brezilya için barış ve refah.</Text>
    </Row>
    <Row Tag="LOC_DIPLO_DEFEAT_FROM_AI_LEADER_PERICLES_ANY">
      <Text>Bizi yenmiş olabilirsiniz, ancak geride bıraktıklarımız başkalarının hayatlarına dokunuyor.</Text>
    </Row>
    <Row Tag="LOC_DIPLO_DEFEAT_FROM_AI_LEADER_PETER_GREAT_ANY">
      <Text>Yenildim.  İnsanın hayatını yaşaması bir tarladan geçmeye benzemez.</Text>
    </Row>
    <Row Tag="LOC_DIPLO_DEFEAT_FROM_AI_LEADER_PHILIP_II_ANY">
      <Text>Topraklarım... Krallığım... Neden, Tanrım? Neden beni terk ettin?</Text>
    </Row>
    <Row Tag="LOC_DIPLO_DEFEAT_FROM_AI_LEADER_QIN_ANY">
      <Text>Bunun olabileceğini hiç düşünmemiştim... Bu şekilde değil.</Text>
    </Row>
    <Row Tag="LOC_DIPLO_DEFEAT_FROM_AI_LEADER_SALADIN_ANY">
      <Text>Bu zafer değildir. "Zafer" rakiplerinizin kalplerini değiştirmektir; nezaketle, kibarlıkla.</Text>
    </Row>
    <Row Tag="LOC_DIPLO_DEFEAT_FROM_AI_LEADER_T_ROOSEVELT_ANY">
      <Text>Tebrikler. Amerika Birleşik Devletleri yerine, ulusunuz çok ileri gidecek.</Text>
    </Row>
    <Row Tag="LOC_DIPLO_DEFEAT_FROM_AI_LEADER_TOMYRIS_ANY">
      <Text>İmparatoriçe düşecek ama ben hatırlanacağım. Sen hatırlayacak mısın?</Text>
    </Row>
    <Row Tag="LOC_DIPLO_DEFEAT_FROM_AI_LEADER_TRAJAN_ANY">
      <Text>Yenilenlerin refahı, daha fazla refah ummamaktır.</Text>
    </Row>
    <Row Tag="LOC_DIPLO_DEFEAT_FROM_AI_LEADER_VICTORIA_ANY">
      <Text>Bu ağır ve üzücü kayıp devam etmeyecek ve İngiltere, takdire şükürler olsun ki, yeniden yükselişe geçecektir.</Text>
    </Row>
    <!-- Human is Defeated (will see this in hotseat) -->
    <Row Tag="LOC_DIPLO_DEFEAT_FROM_HUMAN_ANY_ANY">
      <Text>Sonunu bu kadar çabuk göreceğimi hiç düşünmemiştim!</Text>
    </Row>
    <Row Tag="LOC_DIPLO_DEFEAT_FROM_HUMAN_LEADER_MVEMBA_ANY">
      <Text>Sen yüceltilmiş bir barbardan başka bir şey değilsin. Zalim ve acımasız.</Text>
    </Row>
    <Row Tag="LOC_DIPLO_DEFEAT_FROM_HUMAN_LEADER_CATHERINE_DE_MEDICI_ANY">
      <Text>Ne zaman yenildiğimi bilecek kadar uzun yaşadım. Devam et.</Text>
    </Row>
    <Row Tag="LOC_DIPLO_DEFEAT_FROM_HUMAN_LEADER_CLEOPATRA_ANY">
      <Text>Mısır kayboldu. Eğer aşkımı kucaklayamazsam, eşek arılarını kucaklayacağım.</Text>
    </Row>
    <Row Tag="LOC_DIPLO_DEFEAT_FROM_HUMAN_LEADER_BARBAROSSA_ANY">
      <Text>Biz yüce ve görkemliydik... ama hayır, bunu boş verin. Siz muzaffersiniz. Hükümdarlığınız benimkinden daha huzurlu olsun.</Text>
    </Row>
    <Row Tag="LOC_DIPLO_DEFEAT_FROM_HUMAN_LEADER_GANDHI_ANY">
      <Text>Beni zincirleyebilirsin, bana işkence edebilirsin, hatta bu bedeni yok edebilirsin ama zihnimi asla hapsedemezsin.</Text>
    </Row>
    <Row Tag="LOC_DIPLO_DEFEAT_FROM_HUMAN_LEADER_GILGAMESH_ANY">
      <Text>Bunu bana hangi ihanet yaptı? Hayır, ne kötülüğü?</Text>
    </Row>
    <Row Tag="LOC_DIPLO_DEFEAT_FROM_HUMAN_LEADER_GORGO_ANY">
      <Text>Ares bizi terk etti. Sparta yenildi.</Text>
    </Row>
    <Row Tag="LOC_DIPLO_DEFEAT_FROM_HUMAN_LEADER_HARDRADA_ANY">
      <Text>Sen burada çalışırken ben Valhalla'da Einherjar'a katılıp ziyafet çekeceğim.</Text>
    </Row>
    <Row Tag="LOC_DIPLO_DEFEAT_FROM_HUMAN_LEADER_HOJO_ANY">
      <Text>Lütfen aileme, halkıma yapılan bu onursuzluğa bir son verin.</Text>
    </Row>
    <Row Tag="LOC_DIPLO_DEFEAT_FROM_HUMAN_LEADER_MONTEZUMA_ANY">
      <Text>Huitzilopochtli zayıflığımızı affet... benim zayıflığımı. Sana hizmet edecek kadar güçlü değildim.</Text>
    </Row>
    <Row Tag="LOC_DIPLO_DEFEAT_FROM_HUMAN_LEADER_PEDRO_ANY">
      <Text>Tanrı bana bu son dileklerimi bahşetsin - Brezilya için barış ve refah.</Text>
    </Row>
    <Row Tag="LOC_DIPLO_DEFEAT_FROM_HUMAN_LEADER_PERICLES_ANY">
      <Text>Bizi yenmiş olabilirsiniz, ancak geride bıraktıklarımız başkalarının hayatlarına dokunuyor.</Text>
    </Row>
    <Row Tag="LOC_DIPLO_DEFEAT_FROM_HUMAN_LEADER_PETER_GREAT_ANY">
      <Text>Yenildim.  İnsanın hayatını yaşaması bir tarladan geçmeye benzemez.</Text>
    </Row>
    <Row Tag="LOC_DIPLO_DEFEAT_FROM_HUMAN_LEADER_PHILIP_II_ANY">
      <Text>Topraklarım... Krallığım... Neden, Tanrım? Neden beni terk ettin?</Text>
    </Row>
    <Row Tag="LOC_DIPLO_DEFEAT_FROM_HUMAN_LEADER_QIN_ANY">
      <Text>Bunun olabileceğini hiç düşünmemiştim... Bu şekilde değil.</Text>
    </Row>
    <Row Tag="LOC_DIPLO_DEFEAT_FROM_HUMAN_LEADER_SALADIN_ANY">
      <Text>Bu zafer değildir. "Zafer" rakiplerinizin kalplerini değiştirmektir; nezaketle, kibarlıkla.</Text>
    </Row>
    <Row Tag="LOC_DIPLO_DEFEAT_FROM_HUMAN_LEADER_T_ROOSEVELT_ANY">
      <Text>Tebrikler. Amerika Birleşik Devletleri yerine, ulusunuz çok ileri gidecek.</Text>
    </Row>
    <Row Tag="LOC_DIPLO_DEFEAT_FROM_HUMAN_LEADER_TOMYRIS_ANY">
      <Text>İmparatoriçe düşecek ama ben hatırlanacağım. Sen hatırlayacak mısın?</Text>
    </Row>
    <Row Tag="LOC_DIPLO_DEFEAT_FROM_HUMAN_LEADER_TRAJAN_ANY">
      <Text>Yenilenlerin refahı, daha fazla refah ummamaktır.</Text>
    </Row>
    <Row Tag="LOC_DIPLO_DEFEAT_FROM_HUMAN_LEADER_VICTORIA_ANY">
      <Text>Bu ağır ve üzücü kayıp devam etmeyecek ve İngiltere, takdire şükürler olsun ki, yeniden yükselişe geçecektir.</Text>
    </Row>
  </BaseGameText>
</GameData>