﻿<?xml version="1.0" encoding="utf-8"?>
<!-- edited with XMLSPY v2004 rel. 2 U (http://www.xmlspy.com) by Ed Beach (Firaxis Games) -->
<GameData>
  <BaseGameText>
    <!-- AI Kudos -->
    <Row Tag="LOC_DIPLO_KUDO_EXIT_ANY_ANY">
      <Text />
    </Row>
    <Row Tag="LOC_DIPLO_KUDO_EXIT_LEADER_CATHERINE_DE_MEDICI_ANY">
      <Text>Gördüğüm kadarıyla devlet sanatının inceliklerinde de ustalaşmışsınız. Ben de her zaman biraz casusluktan hoşlanmışımdır.</Text>
    </Row>
    <Row Tag="LOC_DIPLO_KUDO_EXIT_LEADER_CLEOPATRA_ANY">
      <Text>Sadece zamanıma değecek insanlarla ilgilenirim. Belli ki sen de onlardan birisin.</Text>
    </Row>
    <Row Tag="LOC_DIPLO_KUDO_EXIT_LEADER_BARBAROSSA_ANY">
      <Text>Sağduyunuzu takdir ediyorum. O şehir devletine yardım etmek ölüme davetiye çıkarmaktır.</Text>
    </Row>
    <Row Tag="LOC_DIPLO_KUDO_EXIT_LEADER_GANDHI_ANY">
      <Text>Caydırıcılıkta utanılacak bir şey yoktur. Bir silaha sahip olmak onu kullanmaktan çok farklıdır.</Text>
    </Row>
    <Row Tag="LOC_DIPLO_KUDO_EXIT_LEADER_GILGAMESH_ANY">
      <Text>Sen iyi bir dost ve müttefiksin. Gılgamış bunu hatırlayacaktır.</Text>
    </Row>
    <Row Tag="LOC_DIPLO_KUDO_EXIT_LEADER_GORGO_ANY">
      <Text>Senden iyi bir Spartalı olurdu... Dirençli, güçlü, cesur.</Text>
    </Row>
    <Row Tag="LOC_DIPLO_KUDO_EXIT_LEADER_HARDRADA_ANY">
      <Text>Güçlü bir donanma... Bu çok güzel bir manzara.</Text>
    </Row>
    <Row Tag="LOC_DIPLO_KUDO_EXIT_LEADER_HOJO_ANY">
      <Text>İmparatorluğunuzu Yükselen Güneş olarak inşa ediyorsunuz: güçlü ve parlak.</Text>
    </Row>
    <Row Tag="LOC_DIPLO_KUDO_EXIT_LEADER_MVEMBA_ANY">
      <Text>Peygamberlerinizin ve rahiplerinizin sözlerini memnuniyetle karşılıyorum. Onların iyi çalışmalarından çok şey öğreniyoruz.</Text>
    </Row>
    <Row Tag="LOC_DIPLO_KUDO_EXIT_LEADER_PEDRO_ANY">
      <Text>Ulusumun parlak beyinlerinin başaracağı tüm o muhteşem şeyleri hayal edin.</Text>
    </Row>
    <Row Tag="LOC_DIPLO_KUDO_EXIT_LEADER_PERICLES_ANY">
      <Text>Komşu şehir devletimizi bize bırakmanız akıllıca.</Text>
    </Row>
    <Row Tag="LOC_DIPLO_KUDO_EXIT_LEADER_PETER_GREAT_ANY">
      <Text>Sizinki taklit edilecek bir toplum. Sanat, bilim... Sizde olmayan ne var?</Text>
    </Row>
    <Row Tag="LOC_DIPLO_KUDO_EXIT_LEADER_PHILIP_II_ANY">
      <Text>Sapkınlara müsamaha gösteremeyeceğimizi anlamanız beni rahatlattı. Elbette bu Tanrı'ya karşı gelmektir.</Text>
    </Row>
    <Row Tag="LOC_DIPLO_KUDO_EXIT_LEADER_QIN_ANY">
      <Text>Qin'in görkemli imparatorluğuyla rekabet etmeye çalışmamanız iyi bir şey. Harikalarımız taklit edilemez.</Text>
    </Row>
    <Row Tag="LOC_DIPLO_KUDO_EXIT_LEADER_SALADIN_ANY">
      <Text>Bereket üzerinizde olsun. Muhteşem ve mükemmel Tanrı adına yaptıklarınızla hakikati ve merhameti yayıyorsunuz.</Text>
    </Row>
    <Row Tag="LOC_DIPLO_KUDO_EXIT_LEADER_T_ROOSEVELT_ANY">
      <Text>Kıtada barışı sağladığınız için teşekkürler. Bravo sana!</Text>
    </Row>
    <Row Tag="LOC_DIPLO_KUDO_EXIT_LEADER_TOMYRIS_ANY">
      <Text>İki ulus hiç bu kadar güçlü olmamıştı. Barış zamanlarında nice zaferler kazanmanız dileğiyle.</Text>
    </Row>
    <Row Tag="LOC_DIPLO_KUDO_EXIT_LEADER_TRAJAN_ANY">
      <Text>İmparatorluğunuz Jüpiter'in cennete ulaşması gibi. Aferin sana.</Text>
    </Row>
    <Row Tag="LOC_DIPLO_KUDO_EXIT_LEADER_VICTORIA_ANY">
      <Text>Paylaştığımız kıtadaki nazik çabalarınız için lütfen en içten teşekkürlerimi kabul edin.</Text>
    </Row>
    <Row Tag="LOC_DIPLO_KUDO_LEADER_CATHERINE_DE_MEDICI_REASON_ANY">
      <Text>(Diplomatik görünürlük ve casuslar konusunda güçlüsünüz)</Text>
    </Row>
    <Row Tag="LOC_DIPLO_KUDO_LEADER_CLEOPATRA_REASON_ANY">
      <Text>(Güçlü bir ordunuz var)</Text>
    </Row>
    <Row Tag="LOC_DIPLO_KUDO_LEADER_BARBAROSSA_REASON_ANY">
      <Text>(Şehir devletlerine saldırmıyor veya ittifak yapmıyorsunuz)</Text>
    </Row>
    <Row Tag="LOC_DIPLO_KUDO_LEADER_GANDHI_REASON_ANY">
      <Text>(Barışı koruyorsun)</Text>
    </Row>
    <Row Tag="LOC_DIPLO_KUDO_LEADER_GILGAMESH_REASON_ANY">
      <Text>(Sen benim arkadaşlarımdan birisin)</Text>
    </Row>
    <Row Tag="LOC_DIPLO_KUDO_LEADER_GORGO_REASON_ANY">
      <Text>(Onurlu bir şekilde savaştınız ve bir barış anlaşmasında teslim olmadınız)</Text>
    </Row>
    <Row Tag="LOC_DIPLO_KUDO_LEADER_HARDRADA_REASON_ANY">
      <Text>(Güçlü bir donanmanız var)</Text>
    </Row>
    <Row Tag="LOC_DIPLO_KUDO_LEADER_HOJO_REASON_ANY">
      <Text>(Askeri alanda ve aynı zamanda İnanç ve Kültür alanında güçlüsünüz)</Text>
    </Row>
    <Row Tag="LOC_DIPLO_KUDO_LEADER_MVEMBA_REASON_ANY">
      <Text>(Bir Din kurdunuz ve onu Kongo'ya getirdiniz)</Text>
    </Row>
    <Row Tag="LOC_DIPLO_KUDO_LEADER_PEDRO_REASON_ANY">
      <Text>(Daha fazla Büyük İnsan kazanmak için tehdit etmiyorsunuz)</Text>
    </Row>
    <Row Tag="LOC_DIPLO_KUDO_LEADER_PERICLES_REASON_ANY">
      <Text>(Şehir devletleri üzerinde rekabet etmiyorsunuz)</Text>
    </Row>
    <Row Tag="LOC_DIPLO_KUDO_LEADER_PETER_GREAT_REASON_ANY">
      <Text>(Bilim ve Kültür alanında güçlüsünüz)</Text>
    </Row>
    <Row Tag="LOC_DIPLO_KUDO_LEADER_PHILIP_II_REASON_ANY">
      <Text>(Onun Dinini paylaşıyorsunuz)</Text>
    </Row>
    <Row Tag="LOC_DIPLO_KUDO_LEADER_QIN_REASON_ANY">
      <Text>(Daha fazla harikalar inşa etmekle tehdit etmiyorsunuz)</Text>
    </Row>
    <Row Tag="LOC_DIPLO_KUDO_LEADER_SALADIN_REASON_ANY">
      <Text>(İmparatorluğunuzda onun dini binası var)</Text>
    </Row>
    <Row Tag="LOC_DIPLO_KUDO_LEADER_T_ROOSEVELT_REASON_ANY">
      <Text>(Onun ana kıtasında barışı sağladınız)</Text>
    </Row>
    <Row Tag="LOC_DIPLO_KUDO_LEADER_TOMYRIS_REASON_ANY">
      <Text>(Sen onun arkadaşlarından birisin)</Text>
    </Row>
    <Row Tag="LOC_DIPLO_KUDO_LEADER_TRAJAN_REASON_ANY">
      <Text>(İmparatorluğunuz büyük)</Text>
    </Row>
    <Row Tag="LOC_DIPLO_KUDO_LEADER_VICTORIA_REASON_ANY">
      <Text>(Aynı ana kıtayı paylaşıyorsunuz)</Text>
    </Row>
    <!-- Generic kudos for random agendas -->
    <Row Tag="LOC_DIPLO_KUDO_LEADER_ANY_REASON_ANY">
      <Text>Kudos - Nedeni Bilinmiyor</Text>
    </Row>
    <Row Tag="LOC_DIPLO_KUDO_LEADER_ANY_REASON_AGENDA_HIGH_CULTURE">
      <Text>Çalışanlarınızın geliştirmekte olduğu eşsiz kültürden çok etkilendim.</Text>
    </Row>
    <Row Tag="LOC_DIPLO_KUDO_LEADER_ANY_REASON_AGENDA_HIGH_HAPPINESS">
      <Text>Halkınızın iktidarınızı kutlamak istediğine dair söylentiler duyuyorum. Onları mutlu etmekte iyi iş çıkardın.</Text>
    </Row>
    <Row Tag="LOC_DIPLO_KUDO_LEADER_ANY_REASON_AGENDA_HIGH_INCOME">
      <Text>Hazineniz oldukça güzel doluyor. Böyle güçlü bir gelire sahip olmak her zaman güzeldir, değil mi?</Text>
    </Row>
    <Row Tag="LOC_DIPLO_KUDO_LEADER_ANY_REASON_AGENDA_HIGH_INDUSTRY">
      <Text>Çalışanlarınızın üretkenliği için en içten tebriklerimi sunuyorum.</Text>
    </Row>
    <Row Tag="LOC_DIPLO_KUDO_LEADER_ANY_REASON_AGENDA_MODIFIER_NOT_COMPETING_MINORS">
      <Text>Bizler küçük uygarlıkların gerçek dostlarıyız. Bu gerçeği kabul ettiğiniz için size minnettarız.</Text>
    </Row>
    <Row Tag="LOC_DIPLO_KUDO_LEADER_ANY_REASON_AGENDA_HIGH_POPULATION">
      <Text>İmparatorluğunuzda yaşayan insan sayısı gerçekten etkileyici.</Text>
    </Row>
    <Row Tag="LOC_DIPLO_KUDO_LEADER_ANY_REASON_AGENDA_HIGH_SCIENCE">
      <Text>Bilimsel araştırmanızın derinliğinden çok etkilendim.</Text>
    </Row>
    <Row Tag="LOC_DIPLO_KUDO_LEADER_ANY_REASON_AGENDA_HIGH_STANDING_ARMY">
      <Text>Etrafı etkileyici bir orduyla çevrili bir lideri severim.</Text>
    </Row>
    <Row Tag="LOC_DIPLO_KUDO_LEADER_ANY_REASON_AGENDA_ENJOYS_WAR">
      <Text>Bir uygarlığın gerçek ruhu savaşta ortaya çıkar. İyi olan kazansın.</Text>
    </Row>
    <Row Tag="LOC_DIPLO_KUDO_LEADER_ANY_REASON_AGENDA_MODIFIER_GREAT_PERSON_ADVOCATE_LAG">
      <Text>Dünyanın büyük beyinlerinin bizim imparatorluğumuzu sizinkine tercih ettiğini görmekten memnuniyet duyuyorum.</Text>
    </Row>
    <Row Tag="LOC_DIPLO_KUDO_LEADER_ANY_REASON_AGENDA_MODIFIER_WONDER_ADVOCATE_LAG">
      <Text>Harika binayı bize bırakmanız beni mutlu ediyor.</Text>
    </Row>
    <Row Tag="LOC_DIPLO_KUDO_LEADER_ANY_REASON_AGENDA_HIGH_PROTECT_CITY_STATES">
      <Text>Bir şehir devletinin var olma hakkını korumanız tüm dünya için örnek teşkil etmektedir.</Text>
    </Row>
    <Row Tag="LOC_DIPLO_KUDO_LEADER_ANY_REASON_AGENDA_MED_PROTECT_CITY_STATES">
      <Text>Güçlü olan zayıf olanı korumalıdır. Aynı fikirde olduğunuzu görmek güzel.</Text>
    </Row>
    <!--Kudos for future random agendas (not yet implemented)-->
    <Row Tag="LOC_DIPLO_KUDO_LEADER_ANY_REASON_AGENDA_HIGH_AIRPOWER">
      <Text>Hava kuvvetlerinizin gücünün hafife alınacak bir güç olmadığını söylemeliyim. Çok güzel.</Text>
    </Row>
    <Row Tag="LOC_DIPLO_KUDO_LEADER_ANY_REASON_AGENDA_PROTECTS_CITY_STATES">
      <Text>Kendilerine sahip çıkamayanlara sahip çıkmak takdire şayan bir şeydir.</Text>
    </Row>
    <Row Tag="LOC_DIPLO_KUDO_LEADER_ANY_REASON_AGENDA_CLEARS_BARBARIAN_CAMPS">
      <Text>Bu Barbarlar hepimizin başına bela oldu. Yardımlarınız için teşekkürler!</Text>
    </Row>
    <Row Tag="LOC_DIPLO_KUDO_LEADER_ANY_REASON_AGENDA_ENVIRONMENT">
      <Text>Bize sadece bir dünya verildi ve buna saygı duyan tek kişi olmadığım için mutluyum.</Text>
    </Row>
    <Row Tag="LOC_DIPLO_KUDO_LEADER_ANY_REASON_AGENDA_EXPLOITATION">
      <Text>Dünya bizim! Ve aldınız da.</Text>
    </Row>
    <Row Tag="LOC_DIPLO_KUDO_LEADER_ANY_REASON_AGENDA_SAME_GOVERNMENT">
      <Text>Sizin gibi düşünen bir birey olduğunuzu görüyorum ve hükümet uygulamalarınızı takdir ediyorum.</Text>
    </Row>
    <Row Tag="LOC_DIPLO_KUDO_LEADER_ANY_REASON_AGENDA_HIGH_NUKE_LOVE">
      <Text>Büyük beyinler benzer düşünür, görüyorum. Bu teknoloji için o kadar çok kullanım alanı var ki...</Text>
    </Row>
    <Row Tag="LOC_DIPLO_KUDO_LEADER_ANY_REASON_AGENDA_HIGH_FAITH">
      <Text>Size ve ailenize esenlikler dilerim. Benim kadar dindar bir başkasını daha görmek yüreklendirici.</Text>
    </Row>
    <Row Tag="LOC_DIPLO_KUDO_LEADER_ANY_REASON_AGENDA_LOW_EXPLORATION">
      <Text>Evet, çok iyi. Keşfetme işini bana bırak.</Text>
    </Row>
    <Row Tag="LOC_DIPLO_KUDO_LEADER_ANY_REASON_AGENDA_PARANOID">
      <Text>İmparatorluğunuzun bizimkine tehdit oluşturmadığını görmek beni rahatlattı.</Text>
    </Row>
    <Row Tag="LOC_DIPLO_KUDO_AGENDA_EXPLANATION">
      <Text>[NEWLINE]({Name}'ün gündemini tatmin ettiniz, {Agenda}</Text>
    </Row>
    <Row Tag="LOC_DIPLO_KUDO_LEADER_ANY_REASON_AGENDA_ZEALOT">
      <Text>Tüm yaptıklarımızdan sonra bile, kurtarılmak istemeyen bazı ruhlar olduğu için hala endişeleniyorum.</Text>
    </Row>
    <Row Tag="LOC_DIPLO_KUDO_LEADER_MONTEZUMA_REASON_AGENDA_ZEALOT">
      <Text>Doğru inancı seçmiş olmanız çok güzel. Muhtemelen bunu bana duyduğunuz hayranlıktan dolayı yaptınız. Bu anlaşılabilir bir şey.</Text>
    </Row>
    <!-- AI Warnings-->
    <Row Tag="LOC_DIPLO_WARNING_EXIT_ANY_ANY">
      <Text />
    </Row>
    <Row Tag="LOC_DIPLO_WARNING_EXIT_LEADER_CATHERINE_DE_MEDICI_ANY">
      <Text>Etrafınızda olup bitenlere gerçekten dikkat etmeye başlamalısınız. Burada pek çok düzeyde oyunlar oynanıyor.</Text>
    </Row>
    <Row Tag="LOC_DIPLO_WARNING_EXIT_LEADER_CLEOPATRA_ANY">
      <Text>Varlığımızın tadını çıkarmaya layık değilsiniz. Gücünüz, ordunuzun zayıf olduğu kadar kırılgan.</Text>
    </Row>
    <Row Tag="LOC_DIPLO_WARNING_EXIT_LEADER_BARBAROSSA_ANY">
      <Text>Düşmanlarımı yok edeceğim ve eğer onlara yardım etmeye devam ederseniz, sizi de yok edeceğim.</Text>
    </Row>
    <Row Tag="LOC_DIPLO_WARNING_EXIT_LEADER_GANDHI_ANY">
      <Text>Eğer bu kadar kana susamışsanız, belki de liderliğinize son vermeniz daha iyi olur.</Text>
    </Row>
    <Row Tag="LOC_DIPLO_WARNING_EXIT_LEADER_GILGAMESH_ANY">
      <Text>Dostlarıma zarar verirseniz, Uruk'un kudretiyle yüzleşirsiniz; size söz veriyorum.</Text>
    </Row>
    <Row Tag="LOC_DIPLO_WARNING_EXIT_LEADER_GORGO_ANY">
      <Text>Kan dökmekten kaçınacak kadar korkak mısın? Bu kadar kolay teslim olmak için mi? Onurun nerede senin?</Text>
    </Row>
    <Row Tag="LOC_DIPLO_WARNING_EXIT_LEADER_HARDRADA_ANY">
      <Text>Denizlerin korumasız, dostum. Baskın yapmak çok kolay.</Text>
    </Row>
    <Row Tag="LOC_DIPLO_WARNING_EXIT_LEADER_HOJO_ANY">
      <Text>Bushido'yu takip etmek bedeni, zihni ve ruhu eğitmektir... ama halkınız bunu nerede yapabilir?</Text>
    </Row>
    <Row Tag="LOC_DIPLO_WARNING_EXIT_LEADER_MVEMBA_ANY">
      <Text>Dininizi yayma konusundaki isteksizliğinizin sadece inanç eksikliğinden kaynaklandığını varsayabilirim.</Text>
    </Row>
    <Row Tag="LOC_DIPLO_WARNING_EXIT_LEADER_PEDRO_ANY">
      <Text>En iyi mühendisleriniz ve mimarlarınız büyüyebilecekleri bir yerde daha mutlu olurlardı. Brezilya mesela.</Text>
    </Row>
    <Row Tag="LOC_DIPLO_WARNING_EXIT_LEADER_PERICLES_ANY">
      <Text>O şehir bizim. Karışmamanızı tavsiye ederim.</Text>
    </Row>
    <Row Tag="LOC_DIPLO_WARNING_EXIT_LEADER_PETER_GREAT_ANY">
      <Text>Halkınız bilgiye ve güzelliğe aç ama siz yine de bilimi ve sanatı görmezden geliyorsunuz. Neden?</Text>
    </Row>
    <Row Tag="LOC_DIPLO_WARNING_EXIT_LEADER_PHILIP_II_ANY">
      <Text>Tövbe etmek yerine, küfrediyorsunuz. Tanrı'nın intikamı başınıza inecek.</Text>
    </Row>
    <Row Tag="LOC_DIPLO_WARNING_EXIT_LEADER_QIN_ANY">
      <Text>Orta Krallık'ın eserlerine bakmak varken merak etmeye ne gerek var?</Text>
    </Row>
    <Row Tag="LOC_DIPLO_WARNING_EXIT_LEADER_SALADIN_ANY">
      <Text>Kutsala saygısızlığa tahammül edemem. En yüce olana, hiçbir kusur tanımayana karşı ettiğin küfrün bedelini ödeyeceksin.</Text>
    </Row>
    <Row Tag="LOC_DIPLO_WARNING_EXIT_LEADER_T_ROOSEVELT_ANY">
      <Text>Hiç kimse yasaların üstünde değildir. Bunu hatırlamanızda fayda var.</Text>
    </Row>
    <Row Tag="LOC_DIPLO_WARNING_EXIT_LEADER_TOMYRIS_ANY">
      <Text>Sadakat kendi başına bir ödüldür. Bunu bilmiyor musun?</Text>
    </Row>
    <Row Tag="LOC_DIPLO_WARNING_EXIT_LEADER_TRAJAN_ANY">
      <Text>Toprağın en zengin kısımlarını düşmanlarınızın ele geçirmesi için bıraktınız. Genişlemekten bu kadar mı korkuyorsunuz?</Text>
    </Row>
    <Row Tag="LOC_DIPLO_WARNING_EXIT_LEADER_VICTORIA_ANY">
      <Text>İngiltere ve onun sadık kolonileri karşısında tehlikeli sularda yüzüyorsunuz.</Text>
    </Row>
    <Row Tag="LOC_DIPLO_WARNING_LEADER_CATHERINE_DE_MEDICI_REASON_ANY">
      <Text>(Diplomatik görünürlük ve Casuslar konusunda zayıfsınız.)</Text>
    </Row>
    <Row Tag="LOC_DIPLO_WARNING_LEADER_CLEOPATRA_REASON_ANY">
      <Text>(Zayıf bir ordunuz var.)</Text>
    </Row>
    <Row Tag="LOC_DIPLO_WARNING_LEADER_BARBAROSSA_REASON_ANY">
      <Text>(Şehir devletlerini fethediyor veya onlarla ittifak yapıyorsunuz).</Text>
    </Row>
    <Row Tag="LOC_DIPLO_WARNING_LEADER_GANDHI_REASON_ANY">
      <Text>(Savaş çığırtkanlığı yapıyorsunuz.)</Text>
    </Row>
    <Row Tag="LOC_DIPLO_WARNING_LEADER_GILGAMESH_REASON_ANY">
      <Text>(Arkadaşlarımdan birini ihbar ettiniz.)</Text>
    </Row>
    <Row Tag="LOC_DIPLO_WARNING_LEADER_GORGO_REASON_ANY">
      <Text>(Hiçbir zaman savaşa girmediniz ya da bir barış anlaşmasında teslim olmadınız).</Text>
    </Row>
    <Row Tag="LOC_DIPLO_WARNING_LEADER_HARDRADA_REASON_ANY">
      <Text>(Zayıf bir donanmanız var.)</Text>
    </Row>
    <Row Tag="LOC_DIPLO_WARNING_LEADER_HOJO_REASON_ANY">
      <Text>(Askeri alanda güçlüsünüz ancak İnanç ve Kültür alanında değilsiniz).</Text>
    </Row>
    <Row Tag="LOC_DIPLO_WARNING_LEADER_MVEMBA_REASON_ANY">
      <Text>(Bir din kurdunuz ama onu Kongo'ya getirmediniz).</Text>
    </Row>
    <Row Tag="LOC_DIPLO_WARNING_LEADER_PEDRO_REASON_ANY">
      <Text>(Daha fazla Harika İnsan işe aldınız.)</Text>
    </Row>
    <Row Tag="LOC_DIPLO_WARNING_LEADER_PERICLES_REASON_ANY">
      <Text>(Şehir devletleri üzerinde rekabet ediyorsunuz.)</Text>
    </Row>
    <Row Tag="LOC_DIPLO_WARNING_LEADER_PETER_GREAT_REASON_ANY">
      <Text>(Bilim ve Kültür alanında zayıfsınız.)</Text>
    </Row>
    <Row Tag="LOC_DIPLO_WARNING_LEADER_PHILIP_II_REASON_ANY">
      <Text>(Dininizi onun şehirlerine yayıyorsunuz.)</Text>
    </Row>
    <Row Tag="LOC_DIPLO_WARNING_LEADER_QIN_REASON_ANY">
      <Text>(Daha fazla harikalar inşa ettiniz.)</Text>
    </Row>
    <Row Tag="LOC_DIPLO_WARNING_LEADER_SALADIN_REASON_ANY">
      <Text>(Rakip bir Din başlattınız, özellikle de onun Dinini takip eden bir uygarlıkla savaş halindeyseniz).</Text>
    </Row>
    <Row Tag="LOC_DIPLO_WARNING_LEADER_T_ROOSEVELT_REASON_ANY">
      <Text>(Kendi kıtasında birine saldırdınız.)</Text>
    </Row>
    <Row Tag="LOC_DIPLO_WARNING_LEADER_TOMYRIS_REASON_ANY">
      <Text>(Bir arkadaşınızı sırtından bıçakladınız veya sürpriz bir savaş ilan ettiniz).</Text>
    </Row>
    <Row Tag="LOC_DIPLO_WARNING_LEADER_TRAJAN_REASON_ANY">
      <Text>(İmparatorluğunuz küçük.)</Text>
    </Row>
    <Row Tag="LOC_DIPLO_WARNING_LEADER_VICTORIA_REASON_ANY">
      <Text>(Onun yerleşmek istediği bir kıtada varlığınız var.)</Text>
    </Row>
    <!-- Generic warnings for random agendas -->
    <Row Tag="LOC_DIPLO_WARNING_LEADER_ANY_REASON_ANY">
      <Text>Uyarı - Nedeni Bilinmiyor</Text>
    </Row>
    <Row Tag="LOC_DIPLO_WARNING_LEADER_ANY_REASON_AGENDA_LOW_CULTURE">
      <Text>Güçlü bir kültür geliştirmek için pek bir şey yapmıyorsunuz. Çalışanlarınız hakkında neyi hatırlamamız gerekecek?</Text>
    </Row>
    <Row Tag="LOC_DIPLO_WARNING_LEADER_ANY_REASON_AGENDA_LOW_HAPPINESS">
      <Text>Vatandaşlarınız için birkaç olanak daha araştırmak isteyebilirsiniz. Yönetiminizden hoşlandıklarını sanmıyorum.</Text>
    </Row>
    <Row Tag="LOC_DIPLO_WARNING_LEADER_ANY_REASON_AGENDA_LOW_INCOME">
      <Text>İmparatorluğunuz iflasa doğru gidiyor.  Borçlar birikirken nasıl hayatta kalabilirsiniz?</Text>
    </Row>
    <Row Tag="LOC_DIPLO_WARNING_LEADER_ANY_REASON_AGENDA_MODIFIER_COMPETING_MINORS">
      <Text>Şehir devletleriyle ortak bir amaç için tehlikeli bir zemine basıyorsunuz. Onları bize bırakın.</Text>
    </Row>
    <Row Tag="LOC_DIPLO_WARNING_LEADER_ANY_REASON_AGENDA_LOW_INDUSTRY">
      <Text>Halkınız tembel ve değersiz. Hiçbir şey üretemezseniz, uygarlığınız yakında unutulacak.</Text>
    </Row>
    <Row Tag="LOC_DIPLO_WARNING_LEADER_ANY_REASON_AGENDA_LOW_POPULATION">
      <Text>İmparatorluğunuzda yaşayan çok az insan var. Bir şeyler yapmak zor olmalı.</Text>
    </Row>
    <Row Tag="LOC_DIPLO_WARNING_LEADER_ANY_REASON_AGENDA_LOW_SCIENCE">
      <Text>Araştırma için fazla zaman harcamıyorsunuz. Çalışanlarınız nasıl yetişecek?</Text>
    </Row>
    <Row Tag="LOC_DIPLO_WARNING_LEADER_ANY_REASON_AGENDA_LOW_STANDING_ARMY">
      <Text>Çok az askerin var.  Hayatınız için korkmuyor musunuz?</Text>
    </Row>
    <Row Tag="LOC_DIPLO_WARNING_LEADER_ANY_REASON_AGENDA_PARANOID">
      <Text>Şehirleriniz çok yakın.  Askerleriniz çok güçlü.  Beni tedirgin ediyorsunuz!</Text>
    </Row>
    <Row Tag="LOC_DIPLO_WARNING_LEADER_ANY_REASON_AGENDA_MODIFIER_GREAT_PERSON_ADVOCATE_LEAD">
      <Text>Arzuladığımız harika insanları işe almanız gerçek bir sorun haline geliyor.</Text>
    </Row>
    <Row Tag="LOC_DIPLO_WARNING_LEADER_ANY_REASON_AGENDA_MODIFIER_WONDER_ADVOCATE_LEAD">
      <Text>Harikalar yaratan en önde gelen kişiler olmamız gerektiğinin farkında değil misiniz?</Text>
    </Row>
    <Row Tag="LOC_DIPLO_WARNING_LEADER_ANY_REASON_AGENDA_HIGH_ATTACK_CITY_STATES">
      <Text>Sadece korkaklar dünyanın küçük güçlerine saldırır. Bizim için değersizsiniz.</Text>
    </Row>
    <Row Tag="LOC_DIPLO_WARNING_LEADER_ANY_REASON_AGENDA_MED_ATACK_CITY_STATES">
      <Text>Bunu bir uyarı olarak kabul edin. Küçük güçlere bir daha saldırmayın.</Text>
    </Row>
    <!--Warnings for future random agendas (not yet implemented)-->
    <Row Tag="LOC_DIPLO_WARNING_LEADER_ANY_REASON_AGENDA_LOW_AIRPOWER">
      <Text>Ayaklarınızı yere basmanın zaferi yoktur. Gerçekten bir hava kuvvetleri kurmayı denemelisin.</Text>
    </Row>
    <Row Tag="LOC_DIPLO_WARNING_LEADER_ANY_REASON_AGENDA_ATTACKS_CITY_STATES">
      <Text>Zayıflara zorbalık yapmak acınacak bir şeydir.</Text>
    </Row>
    <Row Tag="LOC_DIPLO_WARNING_LEADER_ANY_REASON_AGENDA_IGNORES_BARBARIAN_CAMPS">
      <Text>O Barbarların evinizin bu kadar yakınında cirit atmasına nasıl izin verirsiniz?</Text>
    </Row>
    <Row Tag="LOC_DIPLO_WARNING_LEADER_ANY_REASON_AGENDA_ENVIRONMENT">
      <Text>Size şunu söylemeliyim ki, dünyamıza verdiğiniz zarar sadece sizi değil, komşularınızı da etkiliyor.</Text>
    </Row>
    <Row Tag="LOC_DIPLO_WARNING_LEADER_ANY_REASON_AGENDA_EXPLOITATION">
      <Text>Bereketli topraklar etrafınızı sarıyor! Onları nasıl görmezden gelebilirsiniz?</Text>
    </Row>
    <Row Tag="LOC_DIPLO_WARNING_LEADER_ANY_REASON_AGENDA_DIFFERENT_GOVERNMENT">
      <Text>İdeolojik farklılıklarımız sadece başlangıç. Halkınızı yönetme şeklinizi onaylayamam.</Text>
    </Row>
    <Row Tag="LOC_DIPLO_WARNING_LEADER_ANY_REASON_AGENDA_LOW_NUKE_LOVE">
      <Text>Nükleer silahlar gelecek! Bunu nasıl göremezsiniz?</Text>
    </Row>
    <Row Tag="LOC_DIPLO_WARNING_LEADER_ANY_REASON_AGENDA_LOW_FAITH">
      <Text>Size ne yol gösterir? Elbette, hiçbir şeye inanamazsınız. Gelin, halkınıza ışığı gösterin!</Text>
    </Row>
    <Row Tag="LOC_DIPLO_WARNING_LEADER_ANY_REASON_AGENDA_HIGH_EXPLORATION">
      <Text>Keşfedilecek çok şey var ve korkarım kendi kaşiflerimden önce yola çıkan hiç kimseye tahammül edemem.</Text>
    </Row>
    <Row Tag="LOC_DIPLO_WARNING_AGENDA_EXPLANATION">
      <Text>[NEWLINE]({Name}'ün gündemini aştınız, {Agenda})</Text>
    </Row>
    <Row Tag="LOC_DIPLO_WARNING_LEADER_MONTEZUMA_REASON_AGENDA_ZEALOT">
      <Text>Ben size dinimi hediye ediyorum! Neden kabul etmiyorsunuz? Kendinden utanacaksın ve öbür dünyada yıkımla yüzleşeceksin!</Text>
    </Row>
    <Row Tag="LOC_DIPLO_WARNING_LEADER_ANY_REASON_AGENDA_ZEALOT">
      <Text>İsteseniz de istemeseniz de ruhunuzun kurtuluşunu görmek niyetindeyim!</Text>
    </Row>
  </BaseGameText>
</GameData>