﻿<?xml version="1.0" encoding="utf-8"?>
<!-- edited with XMLSPY v2004 rel. 2 U (http://www.xmlspy.com) by Ed Beach (Firaxis Games) -->
<GameData>
  <BaseGameText>
    <!-- TEMPORARY KLUDGE: DO NOT USE ".", "'", or "-" punctuation in this file until DiplomacyActionView.lua has been updated to have a more robust string parsing algorithm! -->
    <!-- Standard modifiers -->
    <Row Tag="LOC_DIPLO_MODIFIER_ALLY">
      <Text>Ally</Text>
    </Row>
    <Row Tag="LOC_DIPLO_MODIFIER_DEMAND">
      <Text>Onlardan bir talepte bulunduk</Text>
    </Row>
    <Row Tag="LOC_DIPLO_MODIFIER_JOINT_WAR">
      <Text>Birlikte ortak bir savaş verdik</Text>
    </Row>
    <Row Tag="LOC_DIPLO_MODIFIER_CITY_CONVERTED">
      <Text>Dini şehirlerini dönüştürdük</Text>
    </Row>
    <Row Tag="LOC_DIPLO_MODIFIER_CULTURE_BOMBED">
      <Text>Şehirlerinden birini kültür bombardımanına tuttuk.</Text>
    </Row>
    <Row Tag="LOC_DIPLO_MODIFIER_CITY_OCCUPIED">
      <Text>Şehirlerinden birini işgal ettik.</Text>
    </Row>
    <Row Tag="LOC_DIPLO_MODIFIER_CITY_OCCUPIED_FRIEND">
      <Text>Dost veya müttefiklerine ait bir şehri işgal ediyoruz</Text>
    </Row>
    <Row Tag="LOC_DIPLO_MODIFIER_LIBERATED_CITY">
      <Text>Bir şehri kurtardık</Text>
    </Row>
    <Row Tag="LOC_DIPLO_MODIFIER_LIBERATED_MY_CITY">
      <Text>Şehirlerinden birini kurtardık.</Text>
    </Row>
    <Row Tag="LOC_DIPLO_MODIFIER_RAZED_MY_CITY">
      <Text>Şehirlerinden birini yerle bir ettik.</Text>
    </Row>
    <Row Tag="LOC_DIPLO_MODIFIER_DECLARED_SURPRISE_WAR_ON_FRIEND">
      <Text>Bir arkadaşına sürpriz bir savaş ilan etti</Text>
    </Row>
    <Row Tag="LOC_DIPLO_MODIFIER_DENOUNCED_FRIEND">
      <Text>Bir arkadaşı ihbar etti</Text>
    </Row>
    <Row Tag="LOC_DIPLO_MODIFIER_DECLARED_FRIENDSHIP_WITH_FRIEND">
      <Text>Bir arkadaşla arkadaşlık ilan etti</Text>
    </Row>
    <Row Tag="LOC_DIPLO_MODIFIER_ALLIED_WITH_FRIEND">
      <Text>Bir arkadaşıyla ittifak ilan etti</Text>
    </Row>
    <Row Tag="LOC_DIPLO_MODIFIER_DECLARED_SURPRISE_WAR_ON_ENEMY">
      <Text>Düşmana sürpriz bir savaş ilan etti</Text>
    </Row>
    <Row Tag="LOC_DIPLO_MODIFIER_DENOUNCED_ENEMY">
      <Text>Bir düşmanı ihbar etti</Text>
    </Row>
    <Row Tag="LOC_DIPLO_MODIFIER_DECLARED_FRIENDSHIP_WITH_ENEMY">
      <Text>Bir düşmanla dostluk ilan etti</Text>
    </Row>
    <Row Tag="LOC_DIPLO_MODIFIER_DECLARED_ALLIED_WITH_ENEMY">
      <Text>Bir düşmanla ittifak ilan etti</Text>
    </Row>
    <Row Tag="LOC_DIPLO_MODIFIER_DECLARED_FRIEND">
      <Text>İlan Edilmiş Arkadaş</Text>
    </Row>
    <Row Tag="LOC_DIPLO_MODIFIER_DEFENSIVE_PACT">
      <Text>Savunma Paktı</Text>
    </Row>
    <Row Tag="LOC_DIPLO_MODIFIER_DELEGATION">
      <Text>Onlara bir heyet gönderdik</Text>
    </Row>
    <Row Tag="LOC_DIPLO_MODIFIER_DENOUNCED">
      <Text>Onları kınadık</Text>
    </Row>
    <Row Tag="LOC_DIPLO_MODIFIER_HAD_FRIENDLY_MEETING">
      <Text>Dostane toplantı</Text>
    </Row>
    <Row Tag="LOC_DIPLO_MODIFIER_NEAR_BORDER_WARNING">
      <Text>Sınırlarında askerlerimiz vardı.</Text>
    </Row>
    <Row Tag="LOC_DIPLO_MODIFIER_SETTLED_NEAR_BORDER_WARNING">
      <Text>Sınırlarının çok yakınına yerleştik.</Text>
    </Row>
    <Row Tag="LOC_DIPLO_MODIFIER_SHARED_RELIGION">
      <Text>Onlar bizim dinimizi takip ediyorlar.</Text>
    </Row>
    <Row Tag="LOC_DIPLO_MODIFIER_STOP_SPYING_ON_ME_WARNING">
      <Text>Onları gözetlerken yakalandık.</Text>
    </Row>
    <Row Tag="LOC_DIPLO_MODIFIER_STOP_DIGGING_UP_ARTIFACTS_WARNING">
      <Text>Onların bölgesinde tarihi eserleri kazarken yakalandık.</Text>
    </Row>
    <Row Tag="LOC_DIPLO_MODIFIER_BROKEN_PROMISE">
      <Text>Onlara verdiğimiz diplomatik bir sözü tutmadık.</Text>
    </Row>
    <Row Tag="LOC_DIPLO_MODIFIER_CLOSE_TO_VICTORY">
      <Text>Biz kazanıyoruz. Bizden korkuyorlar.</Text>
    </Row>
    <Row Tag="LOC_DIPLO_MODIFIER_KEPT_PROMISE">
      <Text>Onlara verdiğimiz diplomatik bir sözü tuttuk</Text>
    </Row>
    <Row Tag="LOC_DIPLO_MODIFIER_NO_PROMISE">
      <Text>Onlara diplomatik bir söz vermemeye karar verdik</Text>
    </Row>
    <Row Tag="LOC_DIPLO_MODIFIER_OPEN_BORDERS">
      <Text>Açık sınırlar</Text>
    </Row>
    <Row Tag="LOC_DIPLO_MODIFIER_GAVE_OPEN_BORDERS">
      <Text>Açık sınırlar verdiniz</Text>
    </Row>
    <Row Tag="LOC_DIPLO_MODIFIER_RECEIVED_OPEN_BORDERS">
      <Text>Açık sınırlar aldınız</Text>
    </Row>
    <Row Tag="LOC_DIPLO_MODIFIER_RESIDENT_EMBASSY">
      <Text>Orada yerleşik bir büyükelçilik kurduk</Text>
    </Row>
    <!-- Historical agenda modifiers -->
    <Row Tag="LOC_DIPLO_MODIFIER_ALLY_OF_ENKIDU_DECLARED_FRIEND">
      <Text>Gılgamış İlan Edilmiş Dostları Sever</Text>
    </Row>
    <Row Tag="LOC_DIPLO_MODIFIER_ALLY_OF_ENKIDU_DENOUNCED_FRIEND">
      <Text>Gılgamış arkadaşlarını suçlamandan nefret eder.</Text>
    </Row>
    <Row Tag="LOC_DIPLO_MODIFIER_BACKSTAB_AVERSE_FRIEND">
      <Text>Tomyris İlan Edilmiş Arkadaş'ı beğendi</Text>
    </Row>
    <Row Tag="LOC_DIPLO_MODIFIER_BACKSTAB_AVERSE_SURPRISE_WAR">
      <Text>Tomyris sürpriz savaşlar ilan eden insanlardan hoşlanmaz</Text>
    </Row>
    <Row Tag="LOC_DIPLO_MODIFIER_GREAT_PEOPLE_OBSESSED_LAGGING">
      <Text>Pedro büyük insanların eksikliğinden memnun</Text>
    </Row>
    <Row Tag="LOC_DIPLO_MODIFIER_GREAT_PEOPLE_OBSESSED_LEADING">
      <Text>Pedro, kendisinden daha harika insanlar olduğu için üzgün.</Text>
    </Row>
    <Row Tag="LOC_DIPLO_MODIFIER_WESTERNIZER_LAGGING">
      <Text>Peter çok az bilim ve kültüre sahip olduğunuz için hayal kırıklığına uğradı</Text>
    </Row>
    <Row Tag="LOC_DIPLO_MODIFIER_WESTERNIZER_LEADING">
      <Text>Peter Bilim ve Kültürünüzden Memnun</Text>
    </Row>
    <Row Tag="LOC_DIPLO_MODIFIER_WITH_SHIELD_OR_ON_IT">
      <Text>Gorgo senin savaştığını görmek istiyor ya da barış için para ödediğini biliyor.</Text>
    </Row>
    <Row Tag="LOC_DIPLO_MODIFIER_WITH_SHIELD_NEVER_WARRED">
      <Text>Gorgo seni dövüşürken görmek istiyor.</Text>
    </Row>
    <Row Tag="LOC_DIPLO_MODIFIER_WITH_SHIELD_PAID_FOR_PEACE">
      <Text>Gorgo barış için para ödediğini biliyor.</Text>
    </Row>
    <Row Tag="LOC_DIPLO_MODIFIER_WONDER_OBSESSED_LAGGING">
      <Text>Qin senin harikalar yaratmandan memnun.</Text>
    </Row>
    <Row Tag="LOC_DIPLO_MODIFIER_WONDER_OBSESSED_LEADING">
      <Text>Qin ondan daha fazla harikaya sahip olduğun için üzgün.</Text>
    </Row>
    <Row Tag="LOC_DIPLO_MODIFIER_PEACEKEEPER_NOT_WARMONGER">
      <Text>Gandhi barışı koruduğunuz için memnun.</Text>
    </Row>
    <Row Tag="LOC_DIPLO_MODIFIER_PEACEKEEPER_WARMONGER">
      <Text>Gandhi senin savaş çığırtkanlığından rahatsız.</Text>
    </Row>
    <Row Tag="LOC_DIPLO_MODIFIER_COUNTER_REFORMER_SAME">
      <Text>Philip bir dini paylaştığınız için mutlu</Text>
    </Row>
    <Row Tag="LOC_DIPLO_MODIFIER_COUNTER_REFORMER_ENCROACHING">
      <Text>Philip dininizin imparatorluğunda bulunmasına çok kızgın.</Text>
    </Row>
    <Row Tag="LOC_DIPLO_MODIFIER_DELIAN_NOT_COMPETING">
      <Text>Perikles şehir devletleri için rekabet etmediğiniz için mutlu</Text>
    </Row>
    <Row Tag="LOC_DIPLO_MODIFIER_DELIAN_COMPETING">
      <Text>Perikles şehir devletlerini işe almanıza kızgın.</Text>
    </Row>
    <Row Tag="LOC_DIPLO_MODIFIER_DISCIPLE_RECEIVED">
      <Text>Mvemba dinini ona getirdiğin için çok mutlu.</Text>
    </Row>
    <Row Tag="LOC_DIPLO_MODIFIER_DISCIPLE_NOT_RECEIVED">
      <Text>Mvemba dininizin kendi topraklarında olmamasından dolayı hayal kırıklığına uğradı</Text>
    </Row>
    <Row Tag="LOC_DIPLO_MODIFIER_IRON_CROWN_NOT_INVOLVED">
      <Text>Barbarossa şehir devletlerinden uzak durduğunuz için memnun</Text>
    </Row>
    <Row Tag="LOC_DIPLO_MODIFIER_IRON_CROWN_INVOLVED">
      <Text>Barbarossa şehir devletlerini kontrol ettiğin için kızgın</Text>
    </Row>
    <Row Tag="LOC_DIPLO_MODIFIER_SUN_SETS_HOME_CONTINENT">
      <Text>Victoria aynı ev kıtasını paylaştığınız için memnun</Text>
    </Row>
    <Row Tag="LOC_DIPLO_MODIFIER_SUN_SETS_NEW_CONTINENT">
      <Text>Victoria işgal ettiğiniz bir kıtaya genişlemek istiyor</Text>
    </Row>
    <Row Tag="LOC_DIPLO_MODIFIER_BIG_STICK_CONTINENT_ATTACKED">
      <Text>Teddy kıtasına göre sivillere yapılan saldırılardan nefret eder</Text>
    </Row>
    <Row Tag="LOC_DIPLO_MODIFIER_BIG_STICK_CONTINENT_PEACEFUL">
      <Text>Teddy kıtasındaki barışçıl sivilleri seviyor</Text>
    </Row>
    <!-- Random agendas -->
    <Row Tag="LOC_DIPLO_MODIFIER_GREAT_PEOPLE_ADVOCATE_LAGGING">
      <Text>Büyük insan eksikliğinizden memnunlar</Text>
    </Row>
    <Row Tag="LOC_DIPLO_MODIFIER_GREAT_PEOPLE_ADVOCATE_LEADING">
      <Text>Daha fazla harika insana sahip olduğunuz için üzülüyorlar.</Text>
    </Row>
    <Row Tag="LOC_DIPLO_MODIFIER_WONDER_ADVOCATE_LAGGING">
      <Text>Harikalar yaratmamanızdan memnunlar.</Text>
    </Row>
    <Row Tag="LOC_DIPLO_MODIFIER_WONDER_ADVOCATE_LEADING">
      <Text>Daha fazla harikaya sahip olduğun için üzülüyorlar.</Text>
    </Row>
    <Row Tag="LOC_DIPLO_MODIFIER_CITY_STATE_NOT_COMPETING">
      <Text>Şehir devletleri üzerinden rekabet etmediğiniz için mutlular</Text>
    </Row>
    <Row Tag="LOC_DIPLO_MODIFIER_CITY_STATE_COMPETING">
      <Text>Şehir devletlerini işe aldığınız için kızgınlar.</Text>
    </Row>
    <Row Tag="LOC_DIPLO_MODIFIER_DESCRIPTION_HIGH_CULTURE">
      <Text>Başka bir kültürlü uygarlık görmekten memnunlar</Text>
    </Row>
    <Row Tag="LOC_DIPLO_MODIFIER_DESCRIPTION_LOW_CULTURE">
      <Text>Düşük kültürlü uygarlıklardan hoşlanmazlar</Text>
    </Row>
    <Row Tag="LOC_DIPLO_MODIFIER_DESCRIPTION_HIGH_INDUSTRY">
      <Text>Başka bir çalışkan uygarlık görmekten memnunlar</Text>
    </Row>
    <Row Tag="LOC_DIPLO_MODIFIER_DESCRIPTION_LOW_INDUSTRY">
      <Text>Düşük üretkenliğe sahip uygarlıklardan hoşlanmazlar</Text>
    </Row>
    <Row Tag="LOC_DIPLO_MODIFIER_DESCRIPTION_HIGH_STANDING_ARMY">
      <Text>Büyük bir orduya sahip başka bir uygarlık görmekten memnunlar</Text>
    </Row>
    <Row Tag="LOC_DIPLO_MODIFIER_DESCRIPTION_LOW_STANDING_ARMY">
      <Text>Küçük bir ordusu olan uygarlıklardan hoşlanmazlar.</Text>
    </Row>
    <Row Tag="LOC_DIPLO_MODIFIER_DESCRIPTION_HIGH_SCIENCE">
      <Text>Başka bir bilimsel uygarlık görmekten memnunlar</Text>
    </Row>
    <Row Tag="LOC_DIPLO_MODIFIER_DESCRIPTION_LOW_SCIENCE">
      <Text>Düşük bilime sahip uygarlıklardan hoşlanmazlar.</Text>
    </Row>
    <Row Tag="LOC_DIPLO_MODIFIER_DESCRIPTION_HIGH_HAPPINESS">
      <Text>Mutlu vatandaşları olan bir medeniyet görmekten memnunlar</Text>
    </Row>
    <Row Tag="LOC_DIPLO_MODIFIER_DESCRIPTION_LOW_HAPPINESS">
      <Text>Mutsuz insanların yaşadığı uygarlıklardan hoşlanmazlar.</Text>
    </Row>
    <Row Tag="LOC_DIPLO_MODIFIER_DESCRIPTION_HIGH_INCOME">
      <Text>Yüksek gelirli bir medeniyet görmekten memnunlar</Text>
    </Row>
    <Row Tag="LOC_DIPLO_MODIFIER_DESCRIPTION_LOW_INCOME">
      <Text>Düşük gelirli uygarlıklardan hoşlanmazlar</Text>
    </Row>
    <Row Tag="LOC_DIPLO_MODIFIER_DESCRIPTION_HIGH_POPULATION">
      <Text>Yüksek nüfusa sahip bir uygarlık görmekten memnunlar</Text>
    </Row>
    <Row Tag="LOC_DIPLO_MODIFIER_DESCRIPTION_LOW_POPULATION">
      <Text>Düşük nüfuslu uygarlıklardan hoşlanmazlar</Text>
    </Row>
    <Row Tag="LOC_DIPLO_MODIFIER_DESCRIPTION_ENJOYS_WAR">
      <Text>Savaşan ve kazananları severler</Text>
    </Row>
    <Row Tag="LOC_DIPLO_MODIFIER_DESCRIPTION_ATTACKS_BARBARIANS">
      <Text>Barbar kamplarını temizlediğinizi görmekten memnunlar.</Text>
    </Row>
    <Row Tag="LOC_DIPLO_MODIFIER_DESCRIPTION_IGNORES_BARBARIANS">
      <Text>Barbarları temizlemeyen uygarlıklardan hoşlanmazlar.</Text>
    </Row>
    <Row Tag="LOC_DIPLO_MODIFIER_DESCRIPTION_ENVIRONMENT">
      <Text>Doğal dünyaya davranışınızı izliyorlar</Text>
    </Row>
    <Row Tag="LOC_DIPLO_MODIFIER_DESCRIPTION_EXPLOITATION">
      <Text>Bölgenizi geliştirme konusundaki ilerlemenizi izliyorlar</Text>
    </Row>
    <Row Tag="LOC_DIPLO_MODIFIER_DESCRIPTION_SAME_GOVERNMENT">
      <Text>Halkınızı aynı şekilde yönettiğinizi görmekten memnunlar.</Text>
    </Row>
    <Row Tag="LOC_DIPLO_MODIFIER_DESCRIPTION_DIFFERENT_GOVERNMENT">
      <Text>Yönetime yaklaşımınızı beğenmiyorlar</Text>
    </Row>
    <Row Tag="LOC_DIPLO_MODIFIER_DESCRIPTION_HIGH_NUKE_LOVE">
      <Text>Nükleer silahların yeri ve zamanı olduğu konusunda hemfikirler</Text>
    </Row>
    <Row Tag="LOC_DIPLO_MODIFIER_DESCRIPTION_LOW_NUKE_LOVE">
      <Text>Nükleer silah yapamayan uygarlıklardan hoşlanmazlar</Text>
    </Row>
    <Row Tag="LOC_DIPLO_MODIFIER_DESCRIPTION_HIGH_FAITH">
      <Text>Başka bir dindar medeniyeti görmekten memnunlar</Text>
    </Row>
    <Row Tag="LOC_DIPLO_MODIFIER_DESCRIPTION_LOW_FAITH">
      <Text>Düşük inançlı uygarlıklardan hoşlanmazlar</Text>
    </Row>
    <Row Tag="LOC_DIPLO_MODIFIER_DESCRIPTION_HIGH_EXPLORATION">
      <Text>Kendilerinden daha iyi kaşif olan uygarlıklardan hoşlanmazlar.</Text>
    </Row>
    <Row Tag="LOC_DIPLO_MODIFIER_DESCRIPTION_LOW_EXPLORATION">
      <Text>Başkalarının dünya keşfini onlara bırakmasından memnun olurlar</Text>
    </Row>
    <Row Tag="LOC_DIPLO_MODIFIER_DESCRIPTION_HIGH_AIRPOWER">
      <Text>Güçlü bir hava kuvvetlerine sahip bir medeniyet görmekten memnunlar</Text>
    </Row>
    <Row Tag="LOC_DIPLO_MODIFIER_DESCRIPTION_LOW_AIRPOWER">
      <Text>Zayıf hava kuvvetlerine sahip uygarlıklardan hoşlanmazlar.</Text>
    </Row>
    <Row Tag="LOC_DIPLO_MODIFIER_DESCRIPTION_HIGH_CITY_STATE_PROTECTION">
      <Text>Birçok şehir devletini koruduğunuzu görmekten çok memnunlar</Text>
    </Row>
    <Row Tag="LOC_DIPLO_MODIFIER_DESCRIPTION_MED_CITY_STATE_PROTECTION">
      <Text>Şehir devletlerini koruduğunuzu görmekten memnunlar</Text>
    </Row>
    <Row Tag="LOC_DIPLO_MODIFIER_DESCRIPTION_MED_CITY_STATE_AGGRESSION">
      <Text>Şehir devletlerine karşı biraz saldırgan olan uygarlıklardan hoşlanmazlar</Text>
    </Row>
    <Row Tag="LOC_DIPLO_MODIFIER_DESCRIPTION_HIGH_CITY_STATE_AGGRESSION">
      <Text>Şehir devletlerine karşı çok saldırgan olan uygarlıklardan gerçekten hoşlanmazlar</Text>
    </Row>
    <Row Tag="LOC_DIPLO_MODIFIER_DESCRIPTION_WONDERS_COMPETING">
      <Text>Daha fazla harikaya sahip olduğun için üzülüyorlar.</Text>
    </Row>
    <Row Tag="LOC_DIPLO_MODIFIER_DESCRIPTION_WONDERS_NOT_COMPETING">
      <Text>Harikalar yaratmamanızdan memnunlar.</Text>
    </Row>
    <Row Tag="LOC_DIPLO_MODIFIER_DESCRIPTION_GREAT_PEOPLE_COMPETING">
      <Text>Daha fazla harika insana sahip olduğunuz için üzülüyorlar.</Text>
    </Row>
    <Row Tag="LOC_DIPLO_MODIFIER_DESCRIPTION_GREAT_PEOPLE_NOT_COMPETING">
      <Text>Büyük insan eksikliğinizden memnunlar</Text>
    </Row>
    <!-- Future modifiers (not yet implemented)-->
    <Row Tag="LOC_DIPLO_MODIFIER_THIRD_PARTY_TRADE_POSITIVE">
      <Text>Onların arkadaşlarıyla ticaret yapıyoruz</Text>
    </Row>
    <Row Tag="LOC_DIPLO_MODIFIER_THIRD_PARTY_TRADE_NEGATIVE">
      <Text>Onların düşmanlarıyla ticaret yapıyoruz</Text>
    </Row>
    <Row Tag="LOC_DIPLO_MODIFIER_DOF_WITH_THEIR_FRIENDS">
      <Text>Biz onların arkadaşlarıyla arkadaşız</Text>
    </Row>
    <Row Tag="LOC_DIPLO_MODIFIER_DOF_WITH_THEIR_ENEMIES">
      <Text>Biz onların düşmanlarıyla dostuz</Text>
    </Row>
    <Row Tag="LOC_DIPLO_MODIFIER_ALLIED_WITH_THEIR_FRIENDS">
      <Text>Biz onların dostlarıyla müttefikiz.</Text>
    </Row>
    <Row Tag="LOC_DIPLO_MODIFIER_ALLIED_WITH_THEIR_ENEMIES">
      <Text>Düşmanlarıyla müttefikiz</Text>
    </Row>
    <Row Tag="LOC_DIPLO_MODIFIER_DEFENSIVE_PACT_WITH_THEIR_FRIENDS">
      <Text>Arkadaşlarıyla bir savunma anlaşmamız var.</Text>
    </Row>
    <Row Tag="LOC_DIPLO_MODIFIER_DEFENSIVE_PACT_WITH_THEIR_ENEMIES">
      <Text>Düşmanlarıyla bir savunma anlaşmamız var.</Text>
    </Row>
    <Row Tag="LOC_DIPLO_MODIFIER_DENOUNCED_THEIR_ENEMIES">
      <Text>Düşmanlarını kınadık</Text>
    </Row>
    <Row Tag="LOC_DIPLO_MODIFIER_DENOUNCED_THEIR_FRIENDS">
      <Text>Arkadaşlarını ihbar ettik</Text>
    </Row>
    <Row Tag="LOC_DIPLO_MODIFIER_UNWANTED_RELIGION">
      <Text>Onları kendi dinimize döndürmeye çalışıyoruz.</Text>
    </Row>
    <Row Tag="LOC_DIPLO_MODIFIER_ALLIANCE_BROKEN">
      <Text>İttifakımızı bozduk</Text>
    </Row>
    <!-- Non-leader specific versions of modifiers (to use in scenarios, etc.) -->
    <Row Tag="LOC_DIPLO_MODIFIER_GENERIC_BIG_STICK_CONTINENT_ATTACKED">
      <Text>Kıtalarına göre sivillere yapılan saldırılardan nefret ediyorlar</Text>
    </Row>
    <Row Tag="LOC_DIPLO_MODIFIER_GENERIC_BIG_STICK_CONTINENT_PEACEFUL">
      <Text>Kıtalarındaki barışçıl sivilleri severler</Text>
    </Row>
  </BaseGameText>
</GameData>