﻿<?xml version="1.0" encoding="utf-8"?>
<!-- edited with XMLSPY v2004 rel. 2 U (http://www.xmlspy.com) by Ed Beach (Firaxis Games) -->
<GameData>
  <BaseGameText>
    <!-- AI accepts from human -->
    <Row Tag="LOC_DIPLO_ACCEPT_EMBASSY_FROM_HUMAN_ANY_ANY">
      <Text>Başkentimizde bir büyükelçilik inşa etmenize izin vermekten mutluluk duyarız.</Text>
    </Row>
    <!-- AI rejects from human -->
    <Row Tag="LOC_DIPLO_REJECT_EMBASSY_FROM_HUMAN_ANY_ANY">
      <Text>Şu anda ilgilenmiyoruz.</Text>
    </Row>
    <!-- AI requests from human -->
    <Row Tag="LOC_DIPLO_EMBASSY_FROM_AI_ANY_ANY">
      <Text>Başkentinizde bir elçilik kurmamıza izin verecek misiniz?</Text>
    </Row>
    <!-- Human accepts AI, AI responds -->
    <Row Tag="LOC_DIPLO_ACCEPT_EMBASSY_FROM_AI_ANY_ANY">
      <Text>Oh mutlu bir gün!</Text>
    </Row>
    <!-- Human rejects AI, AI responds -->
    <Row Tag="LOC_DIPLO_REJECT_EMBASSY_FROM_AI_ANY_ANY">
      <Text>Hayal kırıklığı.</Text>
    </Row>
    <!-- Choices -->
    <Row Tag="LOC_DIPLO_EMBASSY_CHOICE_NEGATIVE">
      <Text>Başkentimiz şu anda yeni sakin kabul etmemektedir.</Text>
    </Row>
    <Row Tag="LOC_DIPLO_EMBASSY_CHOICE_POSITIVE">
      <Text>Büyükelçiliğiniz başkentimiz için memnuniyet verici bir katkıdır.</Text>
    </Row>
  </BaseGameText>
</GameData>