﻿<?xml version="1.0" encoding="utf-8"?>
<GameData>
  <BaseGameText>
    <Row Tag="LOC_DIPLO_MAKE_DEAL_AI_ACCEPT_DEAL_ANY_ANY">
      <Text>Evet, bu anlaşmayı kabul ettiğim için mutluyum.</Text>
    </Row>
    <Row Tag="LOC_DIPLO_MAKE_DEAL_AI_REFUSE_DEAL_ANY_ANY">
      <Text>Bu anlaşmayı kabul edemem.</Text>
    </Row>
    <Row Tag="LOC_DIPLO_ACCEPT_MAKE_DEAL_FROM_AI_ANY_ANY">
      <Text>Teşekkür ederim. Bunun hepimize fayda sağlayacağını düşünüyorum.</Text>
    </Row>
    <Row Tag="LOC_DIPLO_ACCEPT_MAKE_DEAL_FROM_AI_LEADER_MVEMBA_ANY">
      <Text>{LOC_DIPLO_ACCEPT_DECLARE_FRIEND_FROM_AI_LEADER_MVEMBA_ANY}</Text>
    </Row>
    <Row Tag="LOC_DIPLO_ACCEPT_MAKE_DEAL_FROM_AI_LEADER_CATHERINE_DE_MEDICI_ANY">
      <Text>{LOC_DIPLO_ACCEPT_DECLARE_FRIEND_FROM_AI_LEADER_CATHERINE_DE_MEDICI_ANY}</Text>
    </Row>
    <Row Tag="LOC_DIPLO_ACCEPT_MAKE_DEAL_FROM_AI_LEADER_CLEOPATRA_ANY">
      <Text>{LOC_DIPLO_ACCEPT_DECLARE_FRIEND_FROM_AI_LEADER_CLEOPATRA_ANY}</Text>
    </Row>
    <Row Tag="LOC_DIPLO_ACCEPT_MAKE_DEAL_FROM_AI_LEADER_BARBAROSSA_ANY">
      <Text>{LOC_DIPLO_ACCEPT_DECLARE_FRIEND_FROM_AI_LEADER_BARBAROSSA_ANY}</Text>
    </Row>
    <Row Tag="LOC_DIPLO_ACCEPT_MAKE_DEAL_FROM_AI_LEADER_GANDHI_ANY">
      <Text>{LOC_DIPLO_ACCEPT_DECLARE_FRIEND_FROM_AI_LEADER_GANDHI_ANY}</Text>
    </Row>
    <Row Tag="LOC_DIPLO_ACCEPT_MAKE_DEAL_FROM_AI_LEADER_GILGAMESH_ANY">
      <Text>{LOC_DIPLO_ACCEPT_DECLARE_FRIEND_FROM_AI_LEADER_GILGAMESH_ANY}</Text>
    </Row>
    <Row Tag="LOC_DIPLO_ACCEPT_MAKE_DEAL_FROM_AI_LEADER_GORGO_ANY">
      <Text>{LOC_DIPLO_ACCEPT_DECLARE_FRIEND_FROM_AI_LEADER_GORGO_ANY}</Text>
    </Row>
    <Row Tag="LOC_DIPLO_ACCEPT_MAKE_DEAL_FROM_AI_LEADER_HARDRADA_ANY">
      <Text>{LOC_DIPLO_ACCEPT_DECLARE_FRIEND_FROM_AI_LEADER_HARDRADA_ANY}</Text>
    </Row>
    <Row Tag="LOC_DIPLO_ACCEPT_MAKE_DEAL_FROM_AI_LEADER_HOJO_ANY">
      <Text>{LOC_DIPLO_ACCEPT_DECLARE_FRIEND_FROM_AI_LEADER_HOJO_ANY}</Text>
    </Row>
    <Row Tag="LOC_DIPLO_ACCEPT_MAKE_DEAL_FROM_AI_LEADER_PEDRO_ANY">
      <Text>{LOC_DIPLO_ACCEPT_DECLARE_FRIEND_FROM_AI_LEADER_PEDRO_ANY}</Text>
    </Row>
    <Row Tag="LOC_DIPLO_ACCEPT_MAKE_DEAL_FROM_AI_LEADER_PERICLES_ANY">
      <Text>{LOC_DIPLO_ACCEPT_DECLARE_FRIEND_FROM_AI_LEADER_PERICLES_ANY}</Text>
    </Row>
    <Row Tag="LOC_DIPLO_ACCEPT_MAKE_DEAL_FROM_AI_LEADER_PETER_GREAT_ANY">
      <Text>{LOC_DIPLO_ACCEPT_DECLARE_FRIEND_FROM_AI_LEADER_PETER_GREAT_ANY}</Text>
    </Row>
    <Row Tag="LOC_DIPLO_ACCEPT_MAKE_DEAL_FROM_AI_LEADER_PHILIP_II_ANY">
      <Text>{LOC_DIPLO_ACCEPT_DECLARE_FRIEND_FROM_AI_LEADER_PHILIP_II_ANY}</Text>
    </Row>
    <Row Tag="LOC_DIPLO_ACCEPT_MAKE_DEAL_FROM_AI_LEADER_QIN_ANY">
      <Text>{LOC_DIPLO_ACCEPT_DECLARE_FRIEND_FROM_AI_LEADER_QIN_ANY}</Text>
    </Row>
    <Row Tag="LOC_DIPLO_ACCEPT_MAKE_DEAL_FROM_AI_LEADER_SALADIN_ANY">
      <Text>{LOC_DIPLO_ACCEPT_DECLARE_FRIEND_FROM_AI_LEADER_SALADIN_ANY}</Text>
    </Row>
    <Row Tag="LOC_DIPLO_ACCEPT_MAKE_DEAL_FROM_AI_LEADER_T_ROOSEVELT_ANY">
      <Text>{LOC_DIPLO_ACCEPT_DECLARE_FRIEND_FROM_AI_LEADER_T_ROOSEVELT_ANY}</Text>
    </Row>
    <Row Tag="LOC_DIPLO_ACCEPT_MAKE_DEAL_FROM_AI_LEADER_TOMYRIS_ANY">
      <Text>{LOC_DIPLO_ACCEPT_DECLARE_FRIEND_FROM_AI_LEADER_TOMYRIS_ANY}</Text>
    </Row>
    <Row Tag="LOC_DIPLO_ACCEPT_MAKE_DEAL_FROM_AI_LEADER_TRAJAN_ANY">
      <Text>{LOC_DIPLO_ACCEPT_DECLARE_FRIEND_FROM_AI_LEADER_TRAJAN_ANY}</Text>
    </Row>
    <Row Tag="LOC_DIPLO_ACCEPT_MAKE_DEAL_FROM_AI_LEADER_VICTORIA_ANY">
      <Text>{LOC_DIPLO_ACCEPT_DECLARE_FRIEND_FROM_AI_LEADER_VICTORIA_ANY}</Text>
    </Row>
    <Row Tag="LOC_DIPLO_REJECT_MAKE_DEAL_FROM_AI_ANY_ANY">
      <Text>Biraz hayal kırıklığına uğradığımı söylemeliyim.</Text>
    </Row>
    <Row Tag="LOC_DIPLO_REJECT_MAKE_DEAL_FROM_AI_LEADER_MVEMBA_ANY">
      <Text>{LOC_DIPLO_REJECT_DECLARE_FRIEND_FROM_AI_LEADER_MVEMBA_ANY}</Text>
    </Row>
    <Row Tag="LOC_DIPLO_REJECT_MAKE_DEAL_FROM_AI_LEADER_CATHERINE_DE_MEDICI_ANY">
      <Text>{LOC_DIPLO_REJECT_DECLARE_FRIEND_FROM_AI_LEADER_CATHERINE_DE_MEDICI_ANY}</Text>
    </Row>
    <Row Tag="LOC_DIPLO_REJECT_MAKE_DEAL_FROM_AI_LEADER_CLEOPATRA_ANY">
      <Text>{LOC_DIPLO_REJECT_DECLARE_FRIEND_FROM_AI_LEADER_CLEOPATRA_ANY}</Text>
    </Row>
    <Row Tag="LOC_DIPLO_REJECT_MAKE_DEAL_FROM_AI_LEADER_BARBAROSSA_ANY">
      <Text>{LOC_DIPLO_REJECT_DECLARE_FRIEND_FROM_AI_LEADER_BARBAROSSA_ANY}</Text>
    </Row>
    <Row Tag="LOC_DIPLO_REJECT_MAKE_DEAL_FROM_AI_LEADER_GANDHI_ANY">
      <Text>{LOC_DIPLO_REJECT_DECLARE_FRIEND_FROM_AI_LEADER_GANDHI_ANY}</Text>
    </Row>
    <Row Tag="LOC_DIPLO_REJECT_MAKE_DEAL_FROM_AI_LEADER_GILGAMESH_ANY">
      <Text>{LOC_DIPLO_REJECT_DECLARE_FRIEND_FROM_AI_LEADER_GILGAMESH_ANY}</Text>
    </Row>
    <Row Tag="LOC_DIPLO_REJECT_MAKE_DEAL_FROM_AI_LEADER_GORGO_ANY">
      <Text>{LOC_DIPLO_REJECT_DECLARE_FRIEND_FROM_AI_LEADER_GORGO_ANY}</Text>
    </Row>
    <Row Tag="LOC_DIPLO_REJECT_MAKE_DEAL_FROM_AI_LEADER_HARDRADA_ANY">
      <Text>{LOC_DIPLO_REJECT_DECLARE_FRIEND_FROM_AI_LEADER_HARDRADA_ANY}</Text>
    </Row>
    <Row Tag="LOC_DIPLO_REJECT_MAKE_DEAL_FROM_AI_LEADER_HOJO_ANY">
      <Text>{LOC_DIPLO_REJECT_DECLARE_FRIEND_FROM_AI_LEADER_HOJO_ANY}</Text>
    </Row>
    <Row Tag="LOC_DIPLO_REJECT_MAKE_DEAL_FROM_AI_LEADER_PEDRO_ANY">
      <Text>{LOC_DIPLO_REJECT_DECLARE_FRIEND_FROM_AI_LEADER_PEDRO_ANY}</Text>
    </Row>
    <Row Tag="LOC_DIPLO_REJECT_MAKE_DEAL_FROM_AI_LEADER_PERICLES_ANY">
      <Text>{LOC_DIPLO_REJECT_DECLARE_FRIEND_FROM_AI_LEADER_PERICLES_ANY}</Text>
    </Row>
    <Row Tag="LOC_DIPLO_REJECT_MAKE_DEAL_FROM_AI_LEADER_PETER_GREAT_ANY">
      <Text>{LOC_DIPLO_REJECT_DECLARE_FRIEND_FROM_AI_LEADER_PETER_GREAT_ANY}</Text>
    </Row>
    <Row Tag="LOC_DIPLO_REJECT_MAKE_DEAL_FROM_AI_LEADER_PHILIP_II_ANY">
      <Text>{LOC_DIPLO_REJECT_DECLARE_FRIEND_FROM_AI_LEADER_PHILIP_II_ANY}</Text>
    </Row>
    <Row Tag="LOC_DIPLO_REJECT_MAKE_DEAL_FROM_AI_LEADER_QIN_ANY">
      <Text>{LOC_DIPLO_REJECT_DECLARE_FRIEND_FROM_AI_LEADER_QIN_ANY}</Text>
    </Row>
    <Row Tag="LOC_DIPLO_REJECT_MAKE_DEAL_FROM_AI_LEADER_SALADIN_ANY">
      <Text>{LOC_DIPLO_REJECT_DECLARE_FRIEND_FROM_AI_LEADER_SALADIN_ANY}</Text>
    </Row>
    <Row Tag="LOC_DIPLO_REJECT_MAKE_DEAL_FROM_AI_LEADER_T_ROOSEVELT_ANY">
      <Text>{LOC_DIPLO_REJECT_DECLARE_FRIEND_FROM_AI_LEADER_T_ROOSEVELT_ANY}</Text>
    </Row>
    <Row Tag="LOC_DIPLO_REJECT_MAKE_DEAL_FROM_AI_LEADER_TOMYRIS_ANY">
      <Text>{LOC_DIPLO_REJECT_DECLARE_FRIEND_FROM_AI_LEADER_TOMYRIS_ANY}</Text>
    </Row>
    <Row Tag="LOC_DIPLO_REJECT_MAKE_DEAL_FROM_AI_LEADER_TRAJAN_ANY">
      <Text>{LOC_DIPLO_REJECT_DECLARE_FRIEND_FROM_AI_LEADER_TRAJAN_ANY}</Text>
    </Row>
    <Row Tag="LOC_DIPLO_REJECT_MAKE_DEAL_FROM_AI_LEADER_VICTORIA_ANY">
      <Text>{LOC_DIPLO_REJECT_DECLARE_FRIEND_FROM_AI_LEADER_VICTORIA_ANY}</Text>
    </Row>
    <Row Tag="LOC_DIPLO_MAKE_DEAL_AI_ADJUST_DEAL_ANY_ANY">
      <Text>Bu anlaşma daha çok hoşuma gitti.</Text>
    </Row>
  </BaseGameText>
</GameData>