﻿<?xml version="1.0" encoding="utf-8"?>
<!-- edited with XMLSPY v2004 rel. 2 U (http://www.xmlspy.com) by Ed Beach (Firaxis Games) -->
<GameData>
  <BaseGameText>
    <Row Tag="LOC_DIPLO_PERSON_CLEO">
      <Text>Mısırlı Kleopatra</Text>
    </Row>
    <Row Tag="LOC_DIPLO_GREETING_CLEO">
      <Text>Selamlar gezgin. Büyük bir varlığın huzurunda durduğunuzu bilmelisiniz.</Text>
    </Row>
    <Row Tag="LOC_DIPLO_ADVISOR_READY">
      <Text>Ne yapmak istersiniz, efendim?</Text>
    </Row>
    <Row Tag="LOC_DIPLO_CHOICE_DECLARE_FRIENDSHIP">
      <Text>Dostluk İlan Et</Text>
    </Row>
    <Row Tag="LOC_DIPLO_CHOICE_MAKE_PEACE">
      <Text>Barış Yapın</Text>
    </Row>
    <Row Tag="LOC_DIPLO_CHOICE_OPEN_BORDERS">
      <Text>[SIZE_16]Talep Açık Sınırlar[NEWLINE][SIZE_12]</Text>
    </Row>
    <Row Tag="LOC_DIPLO_CHOICE_DIPLOMATIC_DELEGATION">
      <Text>[SIZE_16]Delegasyon Gönder[NEWLINE][SIZE_12]</Text>
    </Row>
    <Row Tag="LOC_DIPLO_CHOICE_RESIDENT_EMBASSY">
      <Text>[SIZE_16]Yerleşik Büyükelçilik Kurmak[NEWLINE][SIZE_12]</Text>
    </Row>
    <Row Tag="LOC_DIPLO_CHOICE_DENOUNCE">
      <Text>İhbar Et</Text>
    </Row>
    <Row Tag="LOC_DIPLO_CHOICE_DECLARE_SURPRISE_WAR">
      <Text>[SIZE_16]Sürpriz Savaş İlanı[NEWLINE][SIZE_12]</Text>
    </Row>
    <Row Tag="LOC_DIPLO_CHOICE_DECLARE_FORMAL_WAR">
      <Text>[SIZE_16]Resmi Savaş İlanı[NEWLINE][SIZE_12]</Text>
    </Row>
    <Row Tag="LOC_DIPLO_CHOICE_DECLARE_HOLY_WAR">
      <Text>[SIZE_16]Kutsal Savaş İlanı[NEWLINE][SIZE_12]</Text>
    </Row>
    <Row Tag="LOC_DIPLO_CHOICE_DECLARE_LIBERATION_WAR">
      <Text>[SIZE_16]Kurtuluş Savaşı İlanı[NEWLINE][SIZE_12]</Text>
    </Row>
    <Row Tag="LOC_DIPLO_CHOICE_DECLARE_LIBERATION_WAR_TOOLTIP">
      <Text>[NEWLINE][NEWLINE](Dost şehirleri ele geçirirken savaş kışkırtıcılığı cezası yok)</Text>
    </Row>
    <Row Tag="LOC_DIPLO_CHOICE_DECLARE_RECONQUEST_WAR">
      <Text>[SIZE_16]Yeniden Fetih Savaşı İlan Et[NEWLINE][SIZE_12]</Text>
    </Row>
    <Row Tag="LOC_DIPLO_CHOICE_DECLARE_RECONQUEST_WAR_TOOLTIP">
      <Text>[NEWLINE][NEWLINE](Şehirlerinizi yeniden ele geçirirken savaş kışkırtıcılığı cezası yok)</Text>
    </Row>
    <Row Tag="LOC_DIPLO_CHOICE_DECLARE_PROTECTORATE_WAR">
      <Text>[SIZE_16]Koruyucu Savaş İlan Et[NEWLINE][SIZE_12]</Text>
    </Row>
    <Row Tag="LOC_DIPLO_CHOICE_DECLARE_PROTECTORATE_WAR_TOOLTIP">
      <Text>[NEWLINE][NEWLINE](Müttefik şehir devletlerini savunurken savaş çığırtkanlığı cezası yok)</Text>
    </Row>
    <Row Tag="LOC_DIPLO_CHOICE_DECLARE_COLONIAL_WAR">
      <Text>[SIZE_16]Koloni Savaşı İlan Et[NEWLINE][SIZE_12]</Text>
    </Row>
    <Row Tag="LOC_DIPLO_CHOICE_DECLARE_TERRITORIAL_WAR">
      <Text>[SIZE_16]Bölgesel Genişleme Savaşı İlan Etmek[NEWLINE][SIZE_12]</Text>
    </Row>
    <Row Tag="LOC_DIPLO_CHOICE_WARMONGER_INFO">
      <Text>Savaş kışkırtıcısı cezası: {1_WarmongerLevel}</Text>
    </Row>
    <Row Tag="LOC_DIPLO_CHOICE_GOLD_INFO">
      <Text>Maliyetler {1_Cost} [ICON_Gold] Altın</Text>
    </Row>
    <Row Tag="LOC_CASUS_BELLI_HOLY_WAR_DESCRIPTION">
      <Text>Hedef güç, şehirlerinizden birini dini olarak dönüştürdü.</Text>
    </Row>
    <Row Tag="LOC_CASUS_BELLI_RECONQUEST_WAR_DESCRIPTION">
      <Text>Hedef güç şehirlerinizden birini ele geçirdi.</Text>
    </Row>
    <Row Tag="LOC_CASUS_BELLI_LIBERATION_WAR_DESCRIPTION">
      <Text>Hedef güç, mevcut dostlarınızdan veya müttefiklerinizden birinin şehrini ele geçirdi.</Text>
    </Row>
    <Row Tag="LOC_CASUS_BELLI_PROTECTORATE_WAR_DESCRIPTION">
      <Text>Hedef güç, mevcut müttefik şehir devletlerinizden birine savaş ilan etti.</Text>
    </Row>
    <Row Tag="LOC_CASUS_BELLI_COLONIAL_WAR_DESCRIPTION">
      <Text>Hedef güç sizin iki teknoloji dönemi gerinizde.</Text>
    </Row>
    <Row Tag="LOC_CASUS_BELLI_TERRITORIAL_WAR_DESCRIPTION">
      <Text>Hedef gücün şehirlerinden ikisi, 2 rakibin şehrine 10 taş mesafededir.</Text>
    </Row>
    <Row Tag="LOC_DIPLO_ARE_YOU_SURE_WAR">
      <Text>Savaşa gitmek istediğine emin misin?</Text>
    </Row>
    <Row Tag="LOC_DIPLO_ARE_YOU_SURE_YES">
      <Text>Evet</Text>
    </Row>
    <Row Tag="LOC_DIPLO_ARE_YOU_SURE_NO">
      <Text>Hayır</Text>
    </Row>
    <Row Tag="LOC_DIPLO_CHOICE_MAKE_DEAL">
      <Text>Anlaşma Yapın</Text>
    </Row>
    <Row Tag="LOC_DIPLO_CHOICE_MAKE_DEMAND">
      <Text>Talepte Bulunun</Text>
    </Row>
    <Row Tag="LOC_DIPLO_CHOICE_IGNORE">
      <Text>Bu talebi dikkate almayın.</Text>
    </Row>
    <Row Tag="LOC_DIPLO_CHOICE_EXIT">
      <Text>Güle güle.</Text>
    </Row>
    <Row Tag="LOC_DIPLO_CHOICE_PROPOSE_AUCTION">
      <Text>Müzayede Teklifi</Text>
    </Row>
    <Row Tag="LOC_DIPLO_DEAL_INTRO">
      <Text>Sizin için ne yapabilirim?</Text>
    </Row>
    <Row Tag="LOC_DIPLO_DEAL_INTRO_AI">
      <Text>Bu konuda ne düşünüyorsunuz?</Text>
    </Row>
    <Row Tag="LOC_DIPLO_DEMAND_INTRO">
      <Text>Taleplerim karşılanmalı.</Text>
    </Row>
    <Row Tag="LOC_DIPLO_CHOICE_VIEW_DEAL">
      <Text>Anlaşmayı Görüntüle</Text>
    </Row>
    <Row Tag="LOC_DIPLO_CHOICE_VIEW_DEMAND">
      <Text>Talebi Görüntüle</Text>
    </Row>
    <Row Tag="LOC_DIPLO_DEMAND_NO_AVAILABLE_ITEMS">
      <Text>Talep edilecek mevcut ürün yok.</Text>
    </Row>
    <Row Tag="LOC_DIPLO_DEAL_NO_AVAILABLE_ITEMS">
      <Text>Bir anlaşmada kullanılabilecek mevcut öğe yok.</Text>
    </Row>
    <Row Tag="LOC_DIPLO_CHOICE_DEMAND_PROMISE_DONT_SPY">
      <Text>Beni Casusluk Yapmayacağına Söz Ver</Text>
    </Row>
    <Row Tag="LOC_DIPLO_CHOICE_DEMAND_PROMISE_DONT_SETTLE_TOO_NEAR">
      <Text>Şehirlerimin Çok Yakınına Yerleşmeyeceğinize Söz Verin</Text>
    </Row>
    <Row Tag="LOC_DIPLO_CHOICE_DEMAND_PROMISE_DONT_CONVERT_CITY">
      <Text>Şehirlerimi Dönüştürmeyeceğinize Söz Verin</Text>
    </Row>
    <Row Tag="LOC_DIPLO_CHOICE_DEMAND_PROMISE_DONT_DIG_ARTIFACTS">
      <Text>Eserlerimi Kazmayacağına Söz Ver</Text>
    </Row>
    <!-- Action Failure Reasons -->
    <Row Tag="LOC_DIPLOMACY_ACTION_FAILURE_REASON_FRIENDLY_TEAM_MEMBERS">
      <Text>{1_WarActionType}[NEWLINE]Takımınızın bir üyesi bu oyuncunun takımının bir üyesinin arkadaşı veya müttefiki.</Text>
    </Row>
    <Row Tag="LOC_DIPLOMACY_ACTION_FAILURE_REASON_NO_DENOUNCEMENT">
      <Text>Yapılamıyor {1_WarActionType}[NEWLINE]Bu oyuncuyu ihbar etmediniz.</Text>
    </Row>
    <Row Tag="LOC_DIPLOMACY_ACTION_FAILURE_REASON_DENOUNCEMENT_TOO_RECENT">
      <Text>{1_WarActionType}[NEWLINE] yapılamıyor İhbar ettikten sonra {2_Turns} tur beklemelisiniz ({3_Remaining} turda kullanılabilir).</Text>
    </Row>
    <Row Tag="LOC_DIPLOMACY_ACTION_FAILURE_REASON_DEFENSIVE_PACT">
      <Text>Yapılamıyor {1_WarActionType}[NEWLINE]Bu liderle bir savunma anlaşmanız var.</Text>
    </Row>
    <Row Tag="LOC_DIPLOMACY_ACTION_FAILURE_REASON_CASUS_BELLI_NOT_MET">
      <Text>Yapılamıyor {1_WarActionType}[NEWLINE][COLOR_RED]Bu Casus Belli için koşulları karşılamıyorsunuz.[ENDCOLOR][NEWLINE][{2_CasusBelliDescription}]</Text>
    </Row>
    <Row Tag="LOC_DIPLOMACY_ACTION_FAILURE_REASON_PEACE_TOO_RECENT">
      <Text>{1_WarActionType}[NEWLINE] yapılamıyor Barış yaptıktan sonra {2_Turns} tur beklemelisiniz ({3_Remaining} turda kullanılabilir).</Text>
    </Row>
    <Row Tag="LOC_DIPLOMACY_ACTION_FAILURE_REASON_WAR_TOO_EARLY">
      <Text>Unable to {1_WarActionType}[NEWLINE]Bu oyunda büyük bir uygarlığa savaş ilan etmek için Turn {2_TurnNumber}'e kadar beklemelisiniz.</Text>
    </Row>
    <Row Tag="LOC_DIPLOMACY_ACTION_FAILURE_REASON_INSUFFICIENT_GOLD">
      <Text>{1_ActionType}[NEWLINE][COLOR_RED]Yapılamıyor {2_GoldRequirement} [ICON_Gold] Altına ihtiyacınız var.[ENDCOLOR]</Text>
    </Row>
    <Row Tag="LOC_DIPLOMACY_ACTION_FAILURE_REASON_WAR_TOO_RECENT">
      <Text>{1_WarActionType}[NEWLINE] yapılamıyor Savaş ilan ettikten sonra {2_Turns} tur beklemelisiniz ({3_Remaining} turda kullanılabilir).</Text>
    </Row>
    <Row Tag="LOC_DIPLOMACY_ACTION_FAILURE_REASON_WAR_WITHOUT_END">
      <Text>Bu oyunda {1_WarActionType}[NEWLINE]Savaşlar sonsuza dek süremez.</Text>
    </Row>
  </BaseGameText>
</GameData>