﻿<?xml version="1.0" encoding="utf-8"?>
<!-- edited with XMLSPY v2004 rel. 2 U (http://www.xmlspy.com) by Ed Beach (Firaxis Games) -->
<GameData>
  <BaseGameText>
    <!-- AI accepts from human -->
    <Row Tag="LOC_DIPLO_ACCEPT_DECLARE_FRIEND_FROM_HUMAN_ANY_ANY">
      <Text>Dostluk teklifinizi kabul etmekten memnuniyet duyuyoruz.</Text>
    </Row>
    <Row Tag="LOC_DIPLO_ACCEPT_DECLARE_FRIEND_FROM_HUMAN_LEADER_MVEMBA_ANY">
      <Text>Kongo halkı adına dostluğunuzu ve iyi niyetinizi kabul ediyorum.</Text>
    </Row>
    <Row Tag="LOC_DIPLO_ACCEPT_DECLARE_FRIEND_FROM_HUMAN_LEADER_CATHERINE_DE_MEDICI_ANY">
      <Text>Arkadaşlık teklifinizi kabul ediyorum. Ve tabii ki, bir sonraki kraliyet düğününe davet edileceksin.</Text>
    </Row>
    <Row Tag="LOC_DIPLO_ACCEPT_DECLARE_FRIEND_FROM_HUMAN_LEADER_CLEOPATRA_ANY">
      <Text>Pekala. Umarım Brütüs'ten çok Mark Antony olursun.</Text>
    </Row>
    <Row Tag="LOC_DIPLO_ACCEPT_DECLARE_FRIEND_FROM_HUMAN_LEADER_BARBAROSSA_ANY">
      <Text>Güçlü bir müttefik en büyük dosttur. Barış içinde yaşayalım.</Text>
    </Row>
    <Row Tag="LOC_DIPLO_ACCEPT_DECLARE_FRIEND_FROM_HUMAN_LEADER_GANDHI_ANY">
      <Text>Dostluk teklifinizi kabul ediyorum. Barışla kutsanmış olsun.</Text>
    </Row>
    <Row Tag="LOC_DIPLO_ACCEPT_DECLARE_FRIEND_FROM_HUMAN_LEADER_GILGAMESH_ANY">
      <Text>Gılgamış arkadaşlığınızı kabul etmekten mutluluk duyar. Dünya benim yeminli dostum olduğunu bilsin!</Text>
    </Row>
    <Row Tag="LOC_DIPLO_ACCEPT_DECLARE_FRIEND_FROM_HUMAN_LEADER_GORGO_ANY">
      <Text>Sparta'nın iyi bir dostu olduğunuzu kanıtladınız. Halkım adına kabul ediyorum.</Text>
    </Row>
    <Row Tag="LOC_DIPLO_ACCEPT_DECLARE_FRIEND_FROM_HUMAN_LEADER_HARDRADA_ANY">
      <Text>Arkadaş mı? Evet, ben bir arkadaşım.</Text>
    </Row>
    <Row Tag="LOC_DIPLO_ACCEPT_DECLARE_FRIEND_FROM_HUMAN_LEADER_HOJO_ANY">
      <Text>Sizde bir savaşçının huzur ve sükûnetini görüyorum ve bu dostluğu memnuniyetle karşılıyorum.</Text>
    </Row>
    <Row Tag="LOC_DIPLO_ACCEPT_DECLARE_FRIEND_FROM_HUMAN_LEADER_PEDRO_ANY">
      <Text>Dostluk teklifinizi kabul etmekten memnuniyet duyuyoruz.</Text>
    </Row>
    <Row Tag="LOC_DIPLO_ACCEPT_DECLARE_FRIEND_FROM_HUMAN_LEADER_PERICLES_ANY">
      <Text>Demokrasi adına dostluğunuzu kabul ediyorum.</Text>
    </Row>
    <Row Tag="LOC_DIPLO_ACCEPT_DECLARE_FRIEND_FROM_HUMAN_LEADER_PETER_GREAT_ANY">
      <Text>Teklifiniz çok nazik. Halkımın ve sizin iyiliğiniz için kabul ediyorum.</Text>
    </Row>
    <Row Tag="LOC_DIPLO_ACCEPT_DECLARE_FRIEND_FROM_HUMAN_LEADER_PHILIP_II_ANY">
      <Text>Tanrı tarafından kutsanmışsınız ve benim için bir dostsunuz. O'nun kudretiyle korunduğunuzu tüm dünya bilsin.</Text>
    </Row>
    <Row Tag="LOC_DIPLO_ACCEPT_DECLARE_FRIEND_FROM_HUMAN_LEADER_QIN_ANY">
      <Text>Orta Krallık için değerli bir dost olduğunuzu kanıtladınız, teklifinizi kabul ediyoruz.</Text>
    </Row>
    <Row Tag="LOC_DIPLO_ACCEPT_DECLARE_FRIEND_FROM_HUMAN_LEADER_SALADIN_ANY">
      <Text>Şimdi anlıyorum ki siz benim ulusumun dostusunuz. Dostluğumuzu tüm dünyaya ilan edelim.</Text>
    </Row>
    <Row Tag="LOC_DIPLO_ACCEPT_DECLARE_FRIEND_FROM_HUMAN_LEADER_T_ROOSEVELT_ANY">
      <Text>Buna hayır diyemem.</Text>
    </Row>
    <Row Tag="LOC_DIPLO_ACCEPT_DECLARE_FRIEND_FROM_HUMAN_LEADER_TOMYRIS_ANY">
      <Text>Arkadaşlığını kabul edeceğim, ama güvenime ihanet etme.</Text>
    </Row>
    <Row Tag="LOC_DIPLO_ACCEPT_DECLARE_FRIEND_FROM_HUMAN_LEADER_TRAJAN_ANY">
      <Text>İmparatorluğunuzun bizim dostumuz olduğu ve dostluk içinde bir araya geldiğimiz bilinsin.</Text>
    </Row>
    <Row Tag="LOC_DIPLO_ACCEPT_DECLARE_FRIEND_FROM_HUMAN_LEADER_VICTORIA_ANY">
      <Text>Evet, bu bizi memnun ediyor. İki ulus da dostluğumuzdan kesinlikle faydalanacaktır.</Text>
    </Row>
    <!-- AI Rejects from human -->
    <Row Tag="LOC_DIPLO_REJECT_DECLARE_FRIEND_FROM_HUMAN_ANY_ANY">
      <Text>Şu anda ilgilenmiyoruz.</Text>
    </Row>
    <Row Tag="LOC_DIPLO_REJECT_DECLARE_FRIEND_FROM_HUMAN_LEADER_MVEMBA_ANY">
      <Text>Kongo arkadaşlığınızı kabul etmeye hazır değil. Önce ilişkimizin olgunlaşmasına izin ver.</Text>
    </Row>
    <Row Tag="LOC_DIPLO_REJECT_DECLARE_FRIEND_FROM_HUMAN_LEADER_CATHERINE_DE_MEDICI_ANY">
      <Text>Özür dilerim ama bu çok ani bir değişiklik olur. Belki başka bir zaman?</Text>
    </Row>
    <Row Tag="LOC_DIPLO_REJECT_DECLARE_FRIEND_FROM_HUMAN_LEADER_CLEOPATRA_ANY">
      <Text>Hah! Sezarları ve Firavunları yoldaşlarım arasında saydım, sana layık olduğunu düşündüren nedir?</Text>
    </Row>
    <Row Tag="LOC_DIPLO_REJECT_DECLARE_FRIEND_FROM_HUMAN_LEADER_BARBAROSSA_ANY">
      <Text>Hayır, İmparatorluğun iyiliği için dostluğunuzu kabul edemem.</Text>
    </Row>
    <Row Tag="LOC_DIPLO_REJECT_DECLARE_FRIEND_FROM_HUMAN_LEADER_GANDHI_ANY">
      <Text>Üzgünüm ama sizinle bu anlaşmayı yapamam. Lütfen anlayın, bu sadece en iyisi için.</Text>
    </Row>
    <Row Tag="LOC_DIPLO_REJECT_DECLARE_FRIEND_FROM_HUMAN_LEADER_GILGAMESH_ANY">
      <Text>Gılgamış senin dostun değil.</Text>
    </Row>
    <Row Tag="LOC_DIPLO_REJECT_DECLARE_FRIEND_FROM_HUMAN_LEADER_GORGO_ANY">
      <Text>Sparta'nın senin dostluğuna ihtiyacı yok.</Text>
    </Row>
    <Row Tag="LOC_DIPLO_REJECT_DECLARE_FRIEND_FROM_HUMAN_LEADER_HARDRADA_ANY">
      <Text>Hayır, Asgard'daki tüm hazineler için değil.</Text>
    </Row>
    <Row Tag="LOC_DIPLO_REJECT_DECLARE_FRIEND_FROM_HUMAN_LEADER_HOJO_ANY">
      <Text>Shogunluk'un çıkarları ve İmparator adına reddetmek zorundayım.</Text>
    </Row>
    <Row Tag="LOC_DIPLO_REJECT_DECLARE_FRIEND_FROM_HUMAN_LEADER_PEDRO_ANY">
      <Text>Şu anda ilgilenmiyoruz.</Text>
    </Row>
    <Row Tag="LOC_DIPLO_REJECT_DECLARE_FRIEND_FROM_HUMAN_LEADER_PERICLES_ANY">
      <Text>Hayır, siz bunu fiilen kanıtlayana ya da bizi aksi yönde ikna edene kadar arkadaş olmayacağız.</Text>
    </Row>
    <Row Tag="LOC_DIPLO_REJECT_DECLARE_FRIEND_FROM_HUMAN_LEADER_PETER_GREAT_ANY">
      <Text>Reddetmek zorundayım.  Eski bir arkadaş, iki yeni arkadaştan daha iyidir.</Text>
    </Row>
    <Row Tag="LOC_DIPLO_REJECT_DECLARE_FRIEND_FROM_HUMAN_LEADER_PHILIP_II_ANY">
      <Text>Hayır, teklifinizi kabul etmiyorum. Sen bir günahkârsın ve İspanya'nın dostu değilsin.</Text>
    </Row>
    <Row Tag="LOC_DIPLO_REJECT_DECLARE_FRIEND_FROM_HUMAN_LEADER_QIN_ANY">
      <Text>Henüz arkadaşlığımıza layık değilsin.</Text>
    </Row>
    <Row Tag="LOC_DIPLO_REJECT_DECLARE_FRIEND_FROM_HUMAN_LEADER_SALADIN_ANY">
      <Text>Teklifiniz cömert ve nazik bir teklif, ancak niyetinizden emin olana kadar alçakgönüllülükle reddetmek zorundayız.</Text>
    </Row>
    <Row Tag="LOC_DIPLO_REJECT_DECLARE_FRIEND_FROM_HUMAN_LEADER_T_ROOSEVELT_ANY">
      <Text>Şu anda ilgilenmiyoruz.</Text>
    </Row>
    <Row Tag="LOC_DIPLO_REJECT_DECLARE_FRIEND_FROM_HUMAN_LEADER_TOMYRIS_ANY">
      <Text>Dostluğum kolay kazanılmıyor. Önce güvenimi kazanmalısın.</Text>
    </Row>
    <Row Tag="LOC_DIPLO_REJECT_DECLARE_FRIEND_FROM_HUMAN_LEADER_TRAJAN_ANY">
      <Text>Roma, Roma olarak kalmalıdır: kendisinden başka hiç kimsenin dostu değildir.</Text>
    </Row>
    <Row Tag="LOC_DIPLO_REJECT_DECLARE_FRIEND_FROM_HUMAN_LEADER_VICTORIA_ANY">
      <Text>Böyle bir taahhütte bulunmak için henüz çok erken. Doğal olarak uygun olduğunda yeniden değerlendireceğiz. Anladınız mı?</Text>
    </Row>
    <!-- AI Requests friendship from human -->
    <Row Tag="LOC_DIPLO_DECLARE_FRIEND_FROM_AI_ANY_ANY">
      <Text>Arkadaşlığımızı resmen ilan etmek ister misin?</Text>
    </Row>
    <Row Tag="LOC_DIPLO_DECLARE_FRIEND_FROM_AI_LEADER_MVEMBA_ANY">
      <Text>Size dostluk ellerimi uzatıyorum. İnsanlarımız Tanrı'nın altında kardeş olsunlar.</Text>
    </Row>
    <Row Tag="LOC_DIPLO_DECLARE_FRIEND_FROM_AI_LEADER_CATHERINE_DE_MEDICI_ANY">
      <Text>Sana dostluk için kraliyet elini uzatıyorum. Kabul edecek misiniz?</Text>
    </Row>
    <Row Tag="LOC_DIPLO_DECLARE_FRIEND_FROM_AI_LEADER_CLEOPATRA_ANY">
      <Text>Birçok kişi benim dostluğum için adam öldürür. Bu cömert bir teklif, ama ben sana teklif ediyorum. Cevabınız nedir?</Text>
    </Row>
    <Row Tag="LOC_DIPLO_DECLARE_FRIEND_FROM_AI_LEADER_BARBAROSSA_ANY">
      <Text>Yine elimizi uzatıyoruz, ama bu sefer dostluk için. Kabul edecek misiniz?</Text>
    </Row>
    <Row Tag="LOC_DIPLO_DECLARE_FRIEND_FROM_AI_LEADER_GANDHI_ANY">
      <Text>Sanırım liderlik bir zamanlar şiddet anlamına geliyordu; ama bugün insanlarla iyi geçinmek anlamına geliyor. Peki... arkadaşlığımı kabul edecek misin?</Text>
    </Row>
    <Row Tag="LOC_DIPLO_DECLARE_FRIEND_FROM_AI_LEADER_GILGAMESH_ANY">
      <Text>Dostlarıma karşı cömertliğimi tüm dünya biliyor. O halde dost olalım, düşman değil.</Text>
    </Row>
    <Row Tag="LOC_DIPLO_DECLARE_FRIEND_FROM_AI_LEADER_GORGO_ANY">
      <Text>Sana Sparta'nın dostluğunu teklif ediyorum, kabul edecek misin?</Text>
    </Row>
    <Row Tag="LOC_DIPLO_DECLARE_FRIEND_FROM_AI_LEADER_HARDRADA_ANY">
      <Text>Tüm seyahatlerimde seninle tanışana kadar kendim kadar harika biriyle tanışmamıştım. O zaman arkadaş olalım.</Text>
    </Row>
    <Row Tag="LOC_DIPLO_DECLARE_FRIEND_FROM_AI_LEADER_HOJO_ANY">
      <Text>Uyumlu ve bilgesiniz. Bizi dostunuz olarak kabul ederseniz, size sadakat ve onur sunarız.</Text>
    </Row>
    <Row Tag="LOC_DIPLO_DECLARE_FRIEND_FROM_AI_LEADER_PEDRO_ANY">
      <Text>Arkadaşlığımızı resmen ilan etmek ister misin?</Text>
    </Row>
    <Row Tag="LOC_DIPLO_DECLARE_FRIEND_FROM_AI_LEADER_PERICLES_ANY">
      <Text>Bir an için farklılıklarımızı bir kenara bırakalım, olur mu? Dostluk küçük politikalardan daha önemlidir.</Text>
    </Row>
    <Row Tag="LOC_DIPLO_DECLARE_FRIEND_FROM_AI_LEADER_PETER_GREAT_ANY">
      <Text>Size dostluğumu ve uluslarımız arasındaki dostluğu sunmaktan onur duyuyorum. Kabul ediyor musunuz?</Text>
    </Row>
    <Row Tag="LOC_DIPLO_DECLARE_FRIEND_FROM_AI_LEADER_PHILIP_II_ANY">
      <Text>Tanrı'nın ışığındaki bilgeliği gördüğünüze inanıyorum. Onun bereketini dostlukla paylaşalım.</Text>
    </Row>
    <Row Tag="LOC_DIPLO_DECLARE_FRIEND_FROM_AI_LEADER_QIN_ANY">
      <Text>Lütfen, dostluğunuza bizimkiyle karşılık vermemize izin verin.</Text>
    </Row>
    <Row Tag="LOC_DIPLO_DECLARE_FRIEND_FROM_AI_LEADER_SALADIN_ANY">
      <Text>Bilge ve adil bir lider olduğunuzu kanıtladınız. Arkadaşlık teklifimi kabul eder misiniz?</Text>
    </Row>
    <Row Tag="LOC_DIPLO_DECLARE_FRIEND_FROM_AI_LEADER_T_ROOSEVELT_ANY">
      <Text>Saygımı kazandınız. Dostluğumuzu ilan edelim mi?</Text>
    </Row>
    <Row Tag="LOC_DIPLO_DECLARE_FRIEND_FROM_AI_LEADER_TOMYRIS_ANY">
      <Text>Dostluk uluslar arasındaki en değerli şeydir. Ona sahip olalım.</Text>
    </Row>
    <Row Tag="LOC_DIPLO_DECLARE_FRIEND_FROM_AI_LEADER_TRAJAN_ANY">
      <Text>Görkemli Roma bir dostluk teklifi sunuyor. Kabul ediyor musunuz?</Text>
    </Row>
    <Row Tag="LOC_DIPLO_DECLARE_FRIEND_FROM_AI_LEADER_VICTORIA_ANY">
      <Text>Sizi değerli bir dostumuz olarak görmekten mutluluk duyuyoruz. Umarız bu duygu karşılıklı olur...</Text>
    </Row>
    <!-- Human accepts AI requests, AI responds -->
    <Row Tag="LOC_DIPLO_ACCEPT_DECLARE_FRIEND_FROM_AI_LEADER_ANY_ANY">
      <Text>Harika.</Text>
    </Row>
    <Row Tag="LOC_DIPLO_ACCEPT_DECLARE_FRIEND_FROM_AI_LEADER_MVEMBA_ANY">
      <Text>Çok teşekkür ederim.</Text>
    </Row>
    <Row Tag="LOC_DIPLO_ACCEPT_DECLARE_FRIEND_FROM_AI_LEADER_CATHERINE_DE_MEDICI_ANY">
      <Text>Teşekkür ederim.</Text>
    </Row>
    <Row Tag="LOC_DIPLO_ACCEPT_DECLARE_FRIEND_FROM_AI_LEADER_CLEOPATRA_ANY">
      <Text>Size nasıl teşekkür edebilirim?</Text>
    </Row>
    <Row Tag="LOC_DIPLO_ACCEPT_DECLARE_FRIEND_FROM_AI_LEADER_BARBAROSSA_ANY">
      <Text>Teşekkür ederim, dostum.</Text>
    </Row>
    <Row Tag="LOC_DIPLO_ACCEPT_DECLARE_FRIEND_FROM_AI_LEADER_GANDHI_ANY">
      <Text>Teşekkür ederim, dostum.</Text>
    </Row>
    <Row Tag="LOC_DIPLO_ACCEPT_DECLARE_FRIEND_FROM_AI_LEADER_GILGAMESH_ANY">
      <Text>Teşekkür ederim!</Text>
    </Row>
    <Row Tag="LOC_DIPLO_ACCEPT_DECLARE_FRIEND_FROM_AI_LEADER_GORGO_ANY">
      <Text>Teşekkür ederim.</Text>
    </Row>
    <Row Tag="LOC_DIPLO_ACCEPT_DECLARE_FRIEND_FROM_AI_LEADER_HARDRADA_ANY">
      <Text>Teşekkür ederim, dostum.</Text>
    </Row>
    <Row Tag="LOC_DIPLO_ACCEPT_DECLARE_FRIEND_FROM_AI_LEADER_HOJO_ANY">
      <Text>Teşekkür ederim, dostum.</Text>
    </Row>
    <Row Tag="LOC_DIPLO_ACCEPT_DECLARE_FRIEND_FROM_AI_LEADER_PEDRO_ANY">
      <Text>Harika.</Text>
    </Row>
    <Row Tag="LOC_DIPLO_ACCEPT_DECLARE_FRIEND_FROM_AI_LEADER_PERICLES_ANY">
      <Text>Teşekkür ederim.</Text>
    </Row>
    <Row Tag="LOC_DIPLO_ACCEPT_DECLARE_FRIEND_FROM_AI_LEADER_PETER_GREAT_ANY">
      <Text>Size minnettarım.</Text>
    </Row>
    <Row Tag="LOC_DIPLO_ACCEPT_DECLARE_FRIEND_FROM_AI_LEADER_PHILIP_II_ANY">
      <Text>Tanrı sizi korusun.</Text>
    </Row>
    <Row Tag="LOC_DIPLO_ACCEPT_DECLARE_FRIEND_FROM_AI_LEADER_QIN_ANY">
      <Text>Minnettarız.</Text>
    </Row>
    <Row Tag="LOC_DIPLO_ACCEPT_DECLARE_FRIEND_FROM_AI_LEADER_SALADIN_ANY">
      <Text>Allah sizi korusun.</Text>
    </Row>
    <Row Tag="LOC_DIPLO_ACCEPT_DECLARE_FRIEND_FROM_AI_LEADER_T_ROOSEVELT_ANY">
      <Text>Teşekkür ederim.</Text>
    </Row>
    <Row Tag="LOC_DIPLO_ACCEPT_DECLARE_FRIEND_FROM_AI_LEADER_TOMYRIS_ANY">
      <Text>Teşekkür ederim, dostum.</Text>
    </Row>
    <Row Tag="LOC_DIPLO_ACCEPT_DECLARE_FRIEND_FROM_AI_LEADER_TRAJAN_ANY">
      <Text>Çok teşekkürler.</Text>
    </Row>
    <Row Tag="LOC_DIPLO_ACCEPT_DECLARE_FRIEND_FROM_AI_LEADER_VICTORIA_ANY">
      <Text>Çok nazik ve özenli davrandınız.</Text>
    </Row>
    <!-- Human rejects AI requests, AI responds -->
    <Row Tag="LOC_DIPLO_REJECT_DECLARE_FRIEND_FROM_AI_LEADER_ANY_ANY">
      <Text>Bu talihsiz bir durum.</Text>
    </Row>
    <Row Tag="LOC_DIPLO_REJECT_DECLARE_FRIEND_FROM_AI_LEADER_MVEMBA_ANY">
      <Text>Bu talihsiz bir durum.</Text>
    </Row>
    <Row Tag="LOC_DIPLO_REJECT_DECLARE_FRIEND_FROM_AI_LEADER_CATHERINE_DE_MEDICI_ANY">
      <Text>Ne talihsizlik!</Text>
    </Row>
    <Row Tag="LOC_DIPLO_REJECT_DECLARE_FRIEND_FROM_AI_LEADER_CLEOPATRA_ANY">
      <Text>Bu çok utanç verici.</Text>
    </Row>
    <Row Tag="LOC_DIPLO_REJECT_DECLARE_FRIEND_FROM_AI_LEADER_BARBAROSSA_ANY">
      <Text>Belki bir dahaki sefere o zaman.</Text>
    </Row>
    <Row Tag="LOC_DIPLO_REJECT_DECLARE_FRIEND_FROM_AI_LEADER_GANDHI_ANY">
      <Text>Talihsiz bir dönüş.</Text>
    </Row>
    <Row Tag="LOC_DIPLO_REJECT_DECLARE_FRIEND_FROM_AI_LEADER_GILGAMESH_ANY">
      <Text>Delirdin mi sen?</Text>
    </Row>
    <Row Tag="LOC_DIPLO_REJECT_DECLARE_FRIEND_FROM_AI_LEADER_GORGO_ANY">
      <Text>Talihsizlik.</Text>
    </Row>
    <Row Tag="LOC_DIPLO_REJECT_DECLARE_FRIEND_FROM_AI_LEADER_HARDRADA_ANY">
      <Text>Yazık.</Text>
    </Row>
    <Row Tag="LOC_DIPLO_REJECT_DECLARE_FRIEND_FROM_AI_LEADER_HOJO_ANY">
      <Text>Yazık.</Text>
    </Row>
    <Row Tag="LOC_DIPLO_REJECT_DECLARE_FRIEND_FROM_AI_LEADER_PEDRO_ANY">
      <Text>Bu talihsiz bir durum.</Text>
    </Row>
    <Row Tag="LOC_DIPLO_REJECT_DECLARE_FRIEND_FROM_AI_LEADER_PERICLES_ANY">
      <Text>Bu çok talihsiz bir durum.</Text>
    </Row>
    <Row Tag="LOC_DIPLO_REJECT_DECLARE_FRIEND_FROM_AI_LEADER_PETER_GREAT_ANY">
      <Text>Aptal, aptal.</Text>
    </Row>
    <Row Tag="LOC_DIPLO_REJECT_DECLARE_FRIEND_FROM_AI_LEADER_PHILIP_II_ANY">
      <Text>Bu talihsiz bir durum.</Text>
    </Row>
    <Row Tag="LOC_DIPLO_REJECT_DECLARE_FRIEND_FROM_AI_LEADER_QIN_ANY">
      <Text>Kötü şans.</Text>
    </Row>
    <Row Tag="LOC_DIPLO_REJECT_DECLARE_FRIEND_FROM_AI_LEADER_SALADIN_ANY">
      <Text>Ne söylediğine dikkat et.</Text>
    </Row>
    <Row Tag="LOC_DIPLO_REJECT_DECLARE_FRIEND_FROM_AI_LEADER_T_ROOSEVELT_ANY">
      <Text>Bu çok kötü.</Text>
    </Row>
    <Row Tag="LOC_DIPLO_REJECT_DECLARE_FRIEND_FROM_AI_LEADER_TOMYRIS_ANY">
      <Text>Tekrar düşünmelisin.</Text>
    </Row>
    <Row Tag="LOC_DIPLO_REJECT_DECLARE_FRIEND_FROM_AI_LEADER_TRAJAN_ANY">
      <Text>Ne kadar yazık.</Text>
    </Row>
    <Row Tag="LOC_DIPLO_REJECT_DECLARE_FRIEND_FROM_AI_LEADER_VICTORIA_ANY">
      <Text>Ne talihsizlik.</Text>
    </Row>
    <Row Tag="LOC_DIPLO_DECLARE_FRIEND_CHOICE_NEGATIVE">
      <Text>Üzgünüm ama şu anda resmi bir dostluk kuramayız.</Text>
    </Row>
    <Row Tag="LOC_DIPLO_DECLARE_FRIEND_CHOICE_POSITIVE">
      <Text>Dostlar olarak birlik olduğumuzu tüm dünyaya duyurmaktan mutluluk duyarız.</Text>
    </Row>
    <Row Tag="LOC_DIPLO_DECLARE_FRIEND_CHOICE_STOP_ASKING">
      <Text>Hayır ve sormayı kes.</Text>
    </Row>
  </BaseGameText>
</GameData>