﻿<?xml version="1.0" encoding="utf-8"?>
<!-- edited with XMLSPY v2004 rel. 2 U (http://www.xmlspy.com) by Ed Beach (Firaxis Games) -->
<GameData>
  <BaseGameText>
    <!-- AI responses -->
    <Row Tag="LOC_DIPLO_WARNING_DONT_SETTLE_NEAR_ME_AI_RESPONSE_POSITIVE_ANY_ANY">
      <Text>En içten özürlerimi sunarım! Şehrinizin bu kadar yakın olduğunu fark etmemiştim.</Text>
    </Row>
    <Row Tag="LOC_DIPLO_WARNING_DONT_SETTLE_NEAR_ME_AI_RESPONSE_NEGATIVE_ANY_ANY">
      <Text>Halkımın toprağa ihtiyacı var. Sen kim oluyorsun da onlara sahip olamayacaklarını söylüyorsun?</Text>
    </Row>
    <Row Tag="LOC_DIPLO_WARNING_DONT_SETTLE_NEAR_ME_AI_ANY_ANY">
      <Text>Halkınız çok yakın yerleşiyor! Başka bir yerde toprak aramayı düşünmelisiniz.</Text>
    </Row>
    <Row Tag="LOC_DIPLO_WARNING_DONT_SETTLE_NEAR_ME_HUMAN_RESPONSE_POSITIVE_ANY_ANY">
      <Text>Teşekkür ederim.</Text>
    </Row>
    <Row Tag="LOC_DIPLO_WARNING_DONT_SETTLE_NEAR_ME_HUMAN_RESPONSE_NEGATIVE_ANY_ANY">
      <Text>Eğer topraklarımıza saygı göstermezseniz, ben de size saygı göstermem.</Text>
    </Row>
    <Row Tag="LOC_DIPLO_WARNING_TOO_MANY_TROOPS_NEAR_ME_AI_RESPONSE_POSITIVE_ANY_ANY">
      <Text>Özür dileriz, biz de uğraşacak birkaç Barbar arıyorduk.</Text>
    </Row>
    <Row Tag="LOC_DIPLO_WARNING_TOO_MANY_TROOPS_NEAR_ME_AI_RESPONSE_NEGATIVE_ANY_ANY">
      <Text>Askerlerimi yürütmeyi seviyorum, ne kadar güçlü olduğumu gösteriyor.</Text>
    </Row>
    <Row Tag="LOC_DIPLO_WARNING_STOP_SPYING_ON_ME_AI_RESPONSE_POSITIVE_ANY_ANY">
      <Text>Evet, haklısınız. Bu tür taktiklere başvurmak zorunda kaldığım için üzgünüm. Bir daha olmayacak.</Text>
    </Row>
    <Row Tag="LOC_DIPLO_WARNING_STOP_SPYING_ON_ME_AI_RESPONSE_NEGATIVE_ANY_ANY">
      <Text>Hah! Böyle bir söz vereceğimi sana düşündüren nedir?</Text>
    </Row>
    <Row Tag="LOC_DIPLO_WARNING_STOP_DIGGING_UP_ARTIFACTS_AI_RESPONSE_POSITIVE_ANY_ANY">
      <Text>Bu topraklar üzerinde hak iddia ettiğinizi fark etmemiştim. Basit bir hataydı.</Text>
    </Row>
    <Row Tag="LOC_DIPLO_WARNING_STOP_DIGGING_UP_ARTIFACTS_AI_RESPONSE_NEGATIVE_ANY_ANY">
      <Text>Geçmişin gizemleri herkes için ücretsizdir. Onlara sahip çıkamazsınız!</Text>
    </Row>
    <Row Tag="LOC_DIPLO_WARNING_STOP_CONVERTING_MY_CITIES_AI_RESPONSE_POSITIVE_ANY_ANY">
      <Text>Her ne kadar isteklerinize saygı duyacak olsam da, yaptığınız hatayı göremediğiniz için hayal kırıklığına uğradım.</Text>
    </Row>
    <Row Tag="LOC_DIPLO_WARNING_STOP_CONVERTING_MY_CITIES_AI_RESPONSE_NEGATIVE_ANY_ANY">
      <Text>Hayır, hayır. Bu en iyisi. Göreceksin, seni temin ederim.</Text>
    </Row>
    <!-- AI warns player -->
    <Row Tag="LOC_DIPLO_WARNING_TOO_MANY_TROOPS_NEAR_ME_ANY_ANY">
      <Text>Askerleriniz sınırlarıma çok yaklaştı. Umarım sadece pitoresk kırsalımızı görmek içindir.</Text>
    </Row>
    <Row Tag="LOC_DIPLO_WARNING_TOO_MANY_TROOPS_NEAR_ME_LEADER_MVEMBA_ANY">
      <Text>Ordunuz kapımıza dayandı. Kör olduğumuzu mu sanıyorsunuz? Kımıldatın onları, yoksa harekete geçmek zorunda kalacağız.</Text>
    </Row>
    <Row Tag="LOC_DIPLO_WARNING_TOO_MANY_TROOPS_NEAR_ME_LEADER_CATHERINE_DE_MEDICI_ANY">
      <Text>Bizi güç kullanarak korkutmayı mı düşünüyorsunuz? Bu sizin için hiç de iyi olmaz.</Text>
    </Row>
    <Row Tag="LOC_DIPLO_WARNING_TOO_MANY_TROOPS_NEAR_ME_LEADER_CLEOPATRA_ANY">
      <Text>Ra'nın Gözü gibi, her şeyi görüyorum. Sınırlarımdaki ordunuzu fark etmeyeceğimi mi sandınız? Onları taşımanı öneririm.</Text>
    </Row>
    <Row Tag="LOC_DIPLO_WARNING_TOO_MANY_TROOPS_NEAR_ME_LEADER_BARBAROSSA_ANY">
      <Text>Eğer ordunuza karşı kör olduğumuzu düşünüyorsanız, çok safsınız. Onları Almanya'dan uzaklaştırın ya da sonuçlarına katlanın.</Text>
    </Row>
    <Row Tag="LOC_DIPLO_WARNING_TOO_MANY_TROOPS_NEAR_ME_LEADER_GANDHI_ANY">
      <Text>Lütfen dostum, askerlerini sınırlarımdan çek. Benim gibi barışçıl bir adamı tedirgin ediyorlar.</Text>
    </Row>
    <Row Tag="LOC_DIPLO_WARNING_TOO_MANY_TROOPS_NEAR_ME_LEADER_GILGAMESH_ANY">
      <Text>Eğer onları hareket ettirmezseniz Gılgamış ordunuzu kendi elleriyle parçalayacak.</Text>
    </Row>
    <Row Tag="LOC_DIPLO_WARNING_TOO_MANY_TROOPS_NEAR_ME_LEADER_GORGO_ANY">
      <Text>Ordunuzu sınırlarımızdan çekin yoksa biz sizin için çekeriz.</Text>
    </Row>
    <Row Tag="LOC_DIPLO_WARNING_TOO_MANY_TROOPS_NEAR_ME_LEADER_HARDRADA_ANY">
      <Text>Askerlerinizi görmek istediğimi hatırlamıyorum, savaşa bu kadar aç mısınız?</Text>
    </Row>
    <Row Tag="LOC_DIPLO_WARNING_TOO_MANY_TROOPS_NEAR_ME_LEADER_HOJO_ANY">
      <Text>Vurmak istemiyorsanız kılıcınızı göstermeyin. Askerlerinizi topraklarımızdan çekin.</Text>
    </Row>
    <Row Tag="LOC_DIPLO_WARNING_TOO_MANY_TROOPS_NEAR_ME_LEADER_PEDRO_ANY">
      <Text>Askerleriniz sınırlarıma çok yaklaştı. Umarım sadece pitoresk kırsalımızı görmek içindir.</Text>
    </Row>
    <Row Tag="LOC_DIPLO_WARNING_TOO_MANY_TROOPS_NEAR_ME_LEADER_PERICLES_ANY">
      <Text>Eğer bizi ordunuzla korkutmaya çalışıyorsanız, işe yaramıyor. Onları taşıyın ya da sonuçlarına katlanın.</Text>
    </Row>
    <Row Tag="LOC_DIPLO_WARNING_TOO_MANY_TROOPS_NEAR_ME_LEADER_PETER_GREAT_ANY">
      <Text>Ordunuz benim sınırlarımı tehdit ediyor... Burada oturup hiçbir şey yapmamamı mı bekliyorsunuz?</Text>
    </Row>
    <Row Tag="LOC_DIPLO_WARNING_TOO_MANY_TROOPS_NEAR_ME_LEADER_PHILIP_II_ANY">
      <Text>Askerlerinizi sınırlarımda tepki görmeden tutabileceğinizi sanmayın. Onları hemen çekin.</Text>
    </Row>
    <Row Tag="LOC_DIPLO_WARNING_TOO_MANY_TROOPS_NEAR_ME_LEADER_QIN_ANY">
      <Text>Ordunuz sürpriz yapma avantajından vazgeçti. Güçlerinizi geri çekin ve stratejinizi yeniden düşünün.</Text>
    </Row>
    <Row Tag="LOC_DIPLO_WARNING_TOO_MANY_TROOPS_NEAR_ME_LEADER_SALADIN_ANY">
      <Text>Karşımda ordunuzu görmemek için kör olmak lazım. Lütfen, onları sınırlarımızdan uzaklaştırın, eğer... savaş beklemiyorsanız?</Text>
    </Row>
    <Row Tag="LOC_DIPLO_WARNING_TOO_MANY_TROOPS_NEAR_ME_LEADER_T_ROOSEVELT_ANY">
      <Text>Birliklerinizi sınırlarımıza o kadar yaklaştırıyorsunuz ki dürüstlüğünüzü sorgulamaya başlıyorum.</Text>
    </Row>
    <Row Tag="LOC_DIPLO_WARNING_TOO_MANY_TROOPS_NEAR_ME_LEADER_TOMYRIS_ANY">
      <Text>Askerleriniz sınırlarıma çok yaklaştı. Umarım sadece pitoresk kırsalımızı görmek içindir.</Text>
    </Row>
    <Row Tag="LOC_DIPLO_WARNING_TOO_MANY_TROOPS_NEAR_ME_LEADER_TRAJAN_ANY">
      <Text>Askerleriniz işgalci olmaktan sadece birkaç adım ötedeler. Onları derhal sınırlarımızdan uzaklaştırın!</Text>
    </Row>
    <Row Tag="LOC_DIPLO_WARNING_TOO_MANY_TROOPS_NEAR_ME_LEADER_VICTORIA_ANY">
      <Text>Ordunuz sınırlarımızda hoş karşılanmıyor. Onları bir an önce çıkarın.</Text>
    </Row>
    <Row Tag="LOC_DIPLO_WARNING_TOO_MANY_TROOPS_NEAR_ME_HUMAN_RESPONSE_POSITIVE_ANY_ANY">
      <Text>Teşekkür ederim.</Text>
    </Row>
    <Row Tag="LOC_DIPLO_WARNING_STOP_SPYING_ON_ME_LEADER_ANY_ANY">
      <Text>Bana karşı casusluk yapacak kadar alçalacağınızı bilmeliydim. Casuslarınızı derhal ortadan kaldırın!</Text>
    </Row>
    <Row Tag="LOC_DIPLO_WARNING_STOP_SPYING_ON_ME_HUMAN_RESPONSE_POSITIVE_ANY_ANY">
      <Text>Teşekkür ederim.</Text>
    </Row>
    <Row Tag="LOC_DIPLO_WARNING_STOP_SPYING_ON_ME_HUMAN_RESPONSE_NEGATIVE_ANY_ANY">
      <Text>Bu hakareti unutmayacağım. Bundan emin olabilirsin!</Text>
    </Row>
    <Row Tag="LOC_DIPLO_WARNING_STOP_DIGGING_UP_ARTIFACTS_LEADER_ANY_ANY">
      <Text>Kültürel tarihimiz sizin yağmalamanız için değildir. Topraklarımızı terk etme zamanınız geldi!</Text>
    </Row>
    <Row Tag="LOC_DIPLO_WARNING_STOP_DIGGING_UP_ARTIFACTS_HUMAN_RESPONSE_POSITIVE_ANY_ANY">
      <Text>Teşekkür ederim.</Text>
    </Row>
    <Row Tag="LOC_DIPLO_WARNING_STOP_DIGGING_UP_ARTIFACTS_HUMAN_RESPONSE_NEGATIVE_ANY_ANY">
      <Text>Eğer topraklarımıza saygı göstermezseniz, ben de size saygı göstermem.</Text>
    </Row>
    <Row Tag="LOC_DIPLO_WARNING_STOP_CONVERTING_MY_CITIES_LEADER_ANY_ANY">
      <Text>Din değiştirenleriniz halkım arasında hoş karşılanmıyor. Onları derhal uzaklaştırmanızı istemek zorundayım.</Text>
    </Row>
    <Row Tag="LOC_DIPLO_WARNING_STOP_CONVERTING_MY_CITIES_HUMAN_RESPONSE_POSITIVE_ANY_ANY">
      <Text>Teşekkür ederim.</Text>
    </Row>
    <Row Tag="LOC_DIPLO_WARNING_STOP_CONVERTING_MY_CITIES_HUMAN_RESPONSE_NEGATIVE_ANY_ANY">
      <Text>Sizi temin ederim ki bunun sonuçları olacaktır - şimdi olmasa bile daha sonra.</Text>
    </Row>
    <!-- Human Choices -->
    <Row Tag="LOC_DIPLO_WARNING_DONT_SETTLE_NEAR_ME_CHOICE_NEGATIVE">
      <Text>Halkım istediği yere yerleşecek!</Text>
    </Row>
    <Row Tag="LOC_DIPLO_WARNING_DONT_SETTLE_NEAR_ME_CHOICE_POSITIVE">
      <Text>Özür dilerim, gelecekte başka bir yere bakacağım.</Text>
    </Row>
    <Row Tag="LOC_DIPLO_WARNING_TOO_MANY_TROOPS_NEAR_ME_CHOICE_NEGATIVE">
      <Text>Endişelenmekte haklıydınız (Savaş İlan Edin)!</Text>
    </Row>
    <Row Tag="LOC_DIPLO_WARNING_TOO_MANY_TROOPS_NEAR_ME_CHOICE_POSITIVE">
      <Text>Askerlerim sadece geçiyor.</Text>
    </Row>
    <Row Tag="LOC_DIPLO_WARNING_STOP_SPYING_ON_ME_CHOICE_NEGATIVE">
      <Text>Bunun için söz veremem.</Text>
    </Row>
    <Row Tag="LOC_DIPLO_WARNING_STOP_SPYING_ON_ME_CHOICE_POSITIVE">
      <Text>Özür dilerim, bu operasyonları derhal durduracağım.</Text>
    </Row>
    <Row Tag="LOC_DIPLO_WARNING_STOP_DIGGING_UP_ARTIFACTS_CHOICE_NEGATIVE">
      <Text>Tarih üzerinde hak iddia edemezsiniz. İstediğim yeri kazarım.</Text>
    </Row>
    <Row Tag="LOC_DIPLO_WARNING_STOP_DIGGING_UP_ARTIFACTS_CHOICE_POSITIVE">
      <Text>Özür dilerim, Arkeologlarımı başka bir yere taşıyacağım.</Text>
    </Row>
    <Row Tag="LOC_DIPLO_WARNING_STOP_CONVERTING_MY_CITIES_CHOICE_NEGATIVE">
      <Text>Eğer halkınızın bizim yollarımıza inanması Tanrı'nın isteğiyse, ben kim oluyorum da buna engel oluyorum?</Text>
    </Row>
    <Row Tag="LOC_DIPLO_WARNING_STOP_CONVERTING_MY_CITIES_CHOICE_POSITIVE">
      <Text>Özür dilerim, halkımın hoş karşılanacağını düşünmüştüm. Yanılmışım.</Text>
    </Row>
    <!-- Confirmation of War -->
    <Row Tag="LOC_DIPLO_WARNING_DECLARE_WAR_FROM_UNIT_ATTACK_INFO">
      <Text>Bu hamleyi yapmak {1_CivName} ile bir savaş başlatacaktır!</Text>
    </Row>
    <Row Tag="LOC_DIPLO_WARNING_DECLARE_WAR_FROM_UNIT_ATTACK_INFO_MULTIPLE">
      <Text>Bu hamleyi yapmak bir savaş başlatacaktır:</Text>
    </Row>
    <Row Tag="LOC_DIPLO_WARNING_STRIKE_OWN_TERRITORY">
      <Text>Bu hamleyi yapmakla kendi bölgenize saldırmış olacaksınız.</Text>
    </Row>
    <Row Tag="LOC_DIPLO_WARNING_STRIKE_AFFECTS_ALLY">
      <Text>Bu saldırıyı yapmanın müttefiklerinizden biri üzerinde sonuçları olacaktır.</Text>
    </Row>
    <Row Tag="LOC_DIPLO_WARNING_BLIND_ATTACK">
      <Text>Bu kör saldırıyı yapmak istenmeyen sonuçlara yol açabilir.</Text>
    </Row>
    <Row Tag="LOC_DIPLO_WARNING_DECLARE_WAR_FROM_UNIT_ATTACK_CONFIRMATION">
      <Text>Bunu yapmak istediğine emin misin?</Text>
    </Row>
  </BaseGameText>
</GameData>