﻿<?xml version="1.0" encoding="utf-8"?>
<!-- edited with XMLSPY v2004 rel. 2 U (http://www.xmlspy.com) by Ed Beach (Firaxis Games) -->
<GameData>
  <BaseGameText>
    <Row Tag="LOC_DIPLO_DENOUNCE_FROM_HUMAN_ANY_ANY">
      <Text>Bu durum daha iyiye gitmeden daha da kötüleşecek.</Text>
    </Row>
    <Row Tag="LOC_DIPLO_DENOUNCE_FROM_HUMAN_LEADER_MVEMBA_ANY">
      <Text>Ben yanlış bir şey yapmadım ve Kongo halkı sizin iftiralarınızı hak etmiyor.</Text>
    </Row>
    <Row Tag="LOC_DIPLO_DENOUNCE_FROM_HUMAN_LEADER_CATHERINE_DE_MEDICI_ANY">
      <Text>Fransa'nın şanı ve kudreti bu tür bariz yalanlarla lekelenmeyecektir.</Text>
    </Row>
    <Row Tag="LOC_DIPLO_DENOUNCE_FROM_HUMAN_LEADER_CLEOPATRA_ANY">
      <Text>Yeni Isis'e hakaret etmeye nasıl cüret edersin?!? Buna pişman olacaksın!</Text>
    </Row>
    <Row Tag="LOC_DIPLO_DENOUNCE_FROM_HUMAN_LEADER_BARBAROSSA_ANY">
      <Text>Sana kılıcımla cevap vermeliyim... belki de veririm.</Text>
    </Row>
    <Row Tag="LOC_DIPLO_DENOUNCE_FROM_HUMAN_LEADER_GANDHI_ANY">
      <Text>Yalanlarınıza akıllılar inanmayacak ve akılsızlar derslerini alacaklar.</Text>
    </Row>
    <Row Tag="LOC_DIPLO_DENOUNCE_FROM_HUMAN_LEADER_GILGAMESH_ANY">
      <Text>Hah! Gılgamış senin sahte sözlerinden daha güçlüdür.</Text>
    </Row>
    <Row Tag="LOC_DIPLO_DENOUNCE_FROM_HUMAN_LEADER_GORGO_ANY">
      <Text>Yaptıklarımızın yanında sizin sözleriniz anlamsız kalır.</Text>
    </Row>
    <Row Tag="LOC_DIPLO_DENOUNCE_FROM_HUMAN_LEADER_HARDRADA_ANY">
      <Text>Hah, daha küçük hakaretler için krallıkları yaktım. Bunun bedelini ödeyeceksin.</Text>
    </Row>
    <Row Tag="LOC_DIPLO_DENOUNCE_FROM_HUMAN_LEADER_HOJO_ANY">
      <Text>Boş sözler tehdit değildir. Bana eylem, amaç, disiplin gösterin!</Text>
    </Row>
    <Row Tag="LOC_DIPLO_DENOUNCE_FROM_HUMAN_LEADER_PEDRO_ANY">
      <Text>Bu durum daha iyiye gitmeden daha da kötüleşecek.</Text>
    </Row>
    <Row Tag="LOC_DIPLO_DENOUNCE_FROM_HUMAN_LEADER_PERICLES_ANY">
      <Text>Tüm liderler nefrete ve sevilmemeye maruz kalır; kişinin peşinden gideceği büyük bir amacı varsa, bu kıskançlık yükü kabul edilmelidir.</Text>
    </Row>
    <Row Tag="LOC_DIPLO_DENOUNCE_FROM_HUMAN_LEADER_PETER_GREAT_ANY">
      <Text>Benim halkım sizin ordunuzdan daha tehlikeli kışlar geçiriyor. Tehditlerinizden korktuğumuzu mu sanıyorsunuz?</Text>
    </Row>
    <Row Tag="LOC_DIPLO_DENOUNCE_FROM_HUMAN_LEADER_PHILIP_II_ANY">
      <Text>Tanrı'nın meshedilmiş hizmetkârına karşı gelmekten daha büyük bir günah yoktur. Bunun bedelini çok ağır ödeyeceksiniz.</Text>
    </Row>
    <Row Tag="LOC_DIPLO_DENOUNCE_FROM_HUMAN_LEADER_QIN_ANY">
      <Text>Yani, bir böcek bir ejderhayı gücendirmeye cüret ediyor. Bu akıllıca değildi.</Text>
    </Row>
    <Row Tag="LOC_DIPLO_DENOUNCE_FROM_HUMAN_LEADER_SALADIN_ANY">
      <Text>Herkes başkalarının kusurlarını eleştirir ama kendi kusurlarına karşı kördür.</Text>
    </Row>
    <Row Tag="LOC_DIPLO_DENOUNCE_FROM_HUMAN_LEADER_T_ROOSEVELT_ANY">
      <Text>Bu ne cüret!</Text>
    </Row>
    <Row Tag="LOC_DIPLO_DENOUNCE_FROM_HUMAN_LEADER_TOMYRIS_ANY">
      <Text>Kimse senin içi boş yalanlarına inanmayacak. Tomyris, değerli kişiler için iyi bir dosttur.</Text>
    </Row>
    <Row Tag="LOC_DIPLO_DENOUNCE_FROM_HUMAN_LEADER_TRAJAN_ANY">
      <Text>Yani, şu doğrudur: kıskançlıkla dolu olan kişi, iyi ya da kötü her şeyi küçümser.</Text>
    </Row>
    <Row Tag="LOC_DIPLO_DENOUNCE_FROM_HUMAN_LEADER_VICTORIA_ANY">
      <Text>Kraliçe, halkına ve görevine saygısızlık edenleri, ortaya çıkacak çeşitli sıkıntılar konusunda uyarmak istiyor.</Text>
    </Row>
    <Row Tag="LOC_DIPLO_DENOUNCE_FROM_AI_ANY_ANY">
      <Text>Dünyanın sizin günahlarınızdan haberdar olması gerekir (Sizi Kınıyor).</Text>
    </Row>
    <Row Tag="LOC_DIPLO_DENOUNCE_FROM_AI_LEADER_MVEMBA_ANY">
      <Text>Sen bu dünyaya bir kötülük getirdin. Adın çağlar boyunca lanetlenecek. (Seni kınıyor)</Text>
    </Row>
    <Row Tag="LOC_DIPLO_DENOUNCE_FROM_AI_LEADER_CATHERINE_DE_MEDICI_ANY">
      <Text>Yaptığın şey hoşuma gitmedi. Arkadaşlarınız bu bilgi hakkında ne düşünür? (Seni kınıyor).</Text>
    </Row>
    <Row Tag="LOC_DIPLO_DENOUNCE_FROM_AI_LEADER_CLEOPATRA_ANY">
      <Text>Brutus ve Cassius'un toplamından daha kötüsün. Dünya gerçeği öğrenecek! (Seni İhbar Ediyor)</Text>
    </Row>
    <Row Tag="LOC_DIPLO_DENOUNCE_FROM_AI_LEADER_BARBAROSSA_ANY">
      <Text>Dünya ihanetinizi öğrenecek. Ve yargılanacaksınız. (Sizi İhbar Ediyor)</Text>
    </Row>
    <Row Tag="LOC_DIPLO_DENOUNCE_FROM_AI_LEADER_GANDHI_ANY">
      <Text>Siz güvenilmezsiniz; bu şiddetin en kötü türüdür. (Sizi kınıyor).</Text>
    </Row>
    <Row Tag="LOC_DIPLO_DENOUNCE_FROM_AI_LEADER_GILGAMESH_ANY">
      <Text>Dünya sözlerimi duysun: İştar kadar hainsin. (Seni Kınıyor)</Text>
    </Row>
    <Row Tag="LOC_DIPLO_DENOUNCE_FROM_AI_LEADER_GORGO_ANY">
      <Text>Sofistlerden daha kötüsünüz. Dünyanın geri kalanı bilsin. (Sizi kınıyor)</Text>
    </Row>
    <Row Tag="LOC_DIPLO_DENOUNCE_FROM_AI_LEADER_HARDRADA_ANY">
      <Text>Odin'in sofrasında sana yer yok. Sen bir yüz karasısın. (Seni kınıyor).</Text>
    </Row>
    <Row Tag="LOC_DIPLO_DENOUNCE_FROM_AI_LEADER_HOJO_ANY">
      <Text>Sen aptal, basit bir lidersin. Ve halkınız gerçeği bilmeli. (Seni kınıyor).</Text>
    </Row>
    <Row Tag="LOC_DIPLO_DENOUNCE_FROM_AI_LEADER_PEDRO_ANY">
      <Text>Dünyanın sizin günahlarınızdan haberdar olması gerekir (Sizi Kınıyor).</Text>
    </Row>
    <Row Tag="LOC_DIPLO_DENOUNCE_FROM_AI_LEADER_PERICLES_ANY">
      <Text>Sizin gibi zorbalar iğrençtir. Halkınız sözlerimin doğruluğunu bilecek. (Sizi Kınıyor)</Text>
    </Row>
    <Row Tag="LOC_DIPLO_DENOUNCE_FROM_AI_LEADER_PETER_GREAT_ANY">
      <Text>Hayatımda çok şey gördüm ama bu kadar aşağılık bir lider görmedim. Utanmalısınız ve utanacaksınız da. (Sizi kınıyor).</Text>
    </Row>
    <Row Tag="LOC_DIPLO_DENOUNCE_FROM_AI_LEADER_PHILIP_II_ANY">
      <Text>Sen Rab'be ihanet etmeye gelen başka bir Yahuda'sın. (Seni kınıyor).</Text>
    </Row>
    <Row Tag="LOC_DIPLO_DENOUNCE_FROM_AI_LEADER_QIN_ANY">
      <Text>İtibarınız sonsuza dek lekelenmiştir. (Sizi İhbar Ediyor)</Text>
    </Row>
    <Row Tag="LOC_DIPLO_DENOUNCE_FROM_AI_LEADER_SALADIN_ANY">
      <Text>Halkım tarafından bir zalimin evinin harabe olduğu söylenir... ve etrafınızda gördüğüm tek şey harabe. (Sizi kınıyor)</Text>
    </Row>
    <Row Tag="LOC_DIPLO_DENOUNCE_FROM_AI_LEADER_T_ROOSEVELT_ANY">
      <Text>Haysiyetsiz bir yöneticiye tahammül edemem ve dünya bunun farkına varmalı. (Sizi İhbar Ediyor)</Text>
    </Row>
    <Row Tag="LOC_DIPLO_DENOUNCE_FROM_AI_LEADER_TOMYRIS_ANY">
      <Text>Sen sefil bir yalancısın ve güvenilmezsin! Sen türünün en kötüsüsün. (Seni İhbar Ediyor)</Text>
    </Row>
    <Row Tag="LOC_DIPLO_DENOUNCE_FROM_AI_LEADER_TRAJAN_ANY">
      <Text>Sen bir utanç kaynağısın. Dünyaya anlatacağım, senin gerçekte kim olduğunu bilecekler. (Seni İhbar Ediyor)</Text>
    </Row>
    <Row Tag="LOC_DIPLO_DENOUNCE_FROM_AI_LEADER_VICTORIA_ANY">
      <Text>Yönetiminizle hiçbir işimiz olmayacak. Bu vesileyle kınanıyorsunuz. (Sizi İhbar Ediyor)</Text>
    </Row>
    <!-- Diplomatic rationales for denouncement -->
    <Row Tag="LOC_DIPLO_DENOUNCE_REASON_FROM_AI_LEADER_ANY_REASON_OPPORTUNITY">
      <Text>(Muhtemelen savaş ilan etmek niyetindedir.)</Text>
    </Row>
    <Row Tag="LOC_DIPLO_DENOUNCE_REASON_FROM_AI_LEADER_ANY_REASON_STANDARD_DIPLOMATIC_ARCHAEOLOGY">
      <Text>(Onların eserlerinden birini çıkardınız.)</Text>
    </Row>
    <Row Tag="LOC_DIPLO_DENOUNCE_REASON_FROM_AI_LEADER_ANY_REASON_STANDARD_DIPLOMATIC_BROKEN_PROMISE">
      <Text>(Onlara verdiğiniz sözü tutmadınız.)</Text>
    </Row>
    <Row Tag="LOC_DIPLO_DENOUNCE_REASON_FROM_AI_LEADER_ANY_REASON_STANDARD_DIPLOMATIC_NO_PROMISE">
      <Text>(Onlara söz vermezsiniz.)</Text>
    </Row>
    <Row Tag="LOC_DIPLO_DENOUNCE_REASON_FROM_AI_LEADER_ANY_REASON_STANDARD_DIPLOMATIC_CONVERTED_CITY">
      <Text>(Onların şehirlerinden birini dönüştürdünüz.)</Text>
    </Row>
    <Row Tag="LOC_DIPLO_DENOUNCE_REASON_FROM_AI_LEADER_ANY_REASON_STANDARD_DIPLOMATIC_CULTURE_BOMB">
      <Text>(Kültürünüz onların şehirlerinden birini bombaladı.)</Text>
    </Row>
    <Row Tag="LOC_DIPLO_DENOUNCE_REASON_FROM_AI_LEADER_ANY_REASON_STANDARD_DIPLOMATIC_DEMAND">
      <Text>(Onlardan ticaret malları talep ettiniz.)</Text>
    </Row>
    <Row Tag="LOC_DIPLO_DENOUNCE_REASON_FROM_AI_LEADER_ANY_REASON_STANDARD_DIPLOMATIC_DENOUNCED">
      <Text>(Onları ihbar ettiniz.)</Text>
    </Row>
    <Row Tag="LOC_DIPLO_DENOUNCE_REASON_FROM_AI_LEADER_ANY_REASON_STANDARD_DIPLOMATIC_ESPIONAGE">
      <Text>(Onlara karşı görevlere casuslar gönderdiniz.)</Text>
    </Row>
    <Row Tag="LOC_DIPLO_DENOUNCE_REASON_FROM_AI_LEADER_ANY_REASON_STANDARD_DIPLOMATIC_GOVERNMENT_DIFFERENT">
      <Text>(Farklı hükümetleriniz var.)</Text>
    </Row>
    <Row Tag="LOC_DIPLO_DENOUNCE_REASON_FROM_AI_LEADER_ANY_REASON_STANDARD_DIPLOMATIC_INCURSION">
      <Text>(Güçleriniz onların topraklarına tecavüz ediyor.)</Text>
    </Row>
    <Row Tag="LOC_DIPLO_DENOUNCE_REASON_FROM_AI_LEADER_ANY_REASON_STANDARD_DIPLOMATIC_NEAR_BORDER_WARNING">
      <Text>(Sınırlarında asker bulundurdunuz.)</Text>
    </Row>
    <Row Tag="LOC_DIPLO_DENOUNCE_REASON_FROM_AI_LEADER_ANY_REASON_STANDARD_DIPLOMATIC_OCCUPIED_CITY">
      <Text>(Onların şehirlerinden birini işgal ediyorsunuz.)</Text>
    </Row>
    <Row Tag="LOC_DIPLO_DENOUNCE_REASON_FROM_AI_LEADER_ANY_REASON_STANDARD_DIPLOMATIC_OCCUPIED_FRIENDLY_CITY">
      <Text>(Müttefiklerinin şehirlerinden birini işgal ediyorsunuz.)</Text>
    </Row>
    <Row Tag="LOC_DIPLO_DENOUNCE_REASON_FROM_AI_LEADER_ANY_REASON_STANDARD_DIPLOMACY_RANDOM">
      <Text>(Sadece senden hoşlanmıyorlar.)</Text>
    </Row>
    <Row Tag="LOC_DIPLO_DENOUNCE_REASON_FROM_AI_LEADER_ANY_REASON_STANDARD_DIPLOMACY_RAZED_MY_CITY">
      <Text>(Şehirlerinden birini yerle bir ettiniz.)</Text>
    </Row>
    <Row Tag="LOC_DIPLO_DENOUNCE_REASON_FROM_AI_LEADER_ANY_REASON_STANDARD_DIPLOMACY_SETTLED_CITIES">
      <Text>(Kendilerine ait olduğunu düşündükleri bir bölgeye yerleştiniz.)</Text>
    </Row>
    <Row Tag="LOC_DIPLO_DENOUNCE_REASON_FROM_AI_LEADER_ANY_REASON_STANDARD_DIPLOMATIC_WARMONGER">
      <Text>(Savaş kışkırtıcısı olduğunuzu düşünüyorlar.)</Text>
    </Row>
    <Row Tag="LOC_DIPLO_DENOUNCE_REASON_FROM_AI_LEADER_ANY_REASON_STANDARD_DIPLOMATIC_3RD_PARTY_DECLARED_SURPRISE_WAR_ON_FRIEND">
      <Text>(Onların arkadaşlarıyla savaşa gittin.)</Text>
    </Row>
    <Row Tag="LOC_DIPLO_DENOUNCE_REASON_FROM_AI_LEADER_ANY_REASON_STANDARD_DIPLOMATIC_3RD_PARTY_DENOUNCED_FRIEND">
      <Text>(Arkadaşlarını ihbar ettiniz.)</Text>
    </Row>
    <Row Tag="LOC_DIPLO_DENOUNCE_REASON_FROM_AI_LEADER_ANY_REASON_STANDARD_DIPLOMATIC_3RD_PARTY_DECLARED_FRIENDSHIP_WITH_ENEMY">
      <Text>(Düşmanlarının dostu olduğunuzu ilan ettiniz.)</Text>
    </Row>
    <Row Tag="LOC_DIPLO_DENOUNCE_REASON_FROM_AI_LEADER_ANY_REASON_STANDARD_DIPLOMATIC_3RD_PARTY_ALLIED_WITH_ENEMY">
      <Text>(Onların düşmanıyla müttefiksiniz.)</Text>
    </Row>
    <Row Tag="LOC_DIPLO_DENOUNCE_REASON_FROM_AI_LEADER_ANY_REASON_AGENDA_ALLY_OF_ENKIDU_DENOUNCED_FRIEND">
      <Text>(Arkadaşlarını ihbar ettiniz.)</Text>
    </Row>
    <Row Tag="LOC_DIPLO_DENOUNCE_REASON_FROM_AI_LEADER_ANY_REASON_AGENDA_AYYUBID_DYNASTY">
      <Text>(Bir şehirde onun dini binasına sahip değilsiniz).</Text>
    </Row>
    <Row Tag="LOC_DIPLO_DENOUNCE_REASON_FROM_AI_LEADER_ANY_REASON_AGENDA_BACKSTAB_AVERSE_SURPRISE_WAR">
      <Text>(Sürpriz bir savaş ilan ettiniz.)</Text>
    </Row>
    <Row Tag="LOC_DIPLO_DENOUNCE_REASON_FROM_AI_LEADER_ANY_REASON_AGENDA_BLACK_QUEEN">
      <Text>(Casusluk konusunda zayıfsın.)</Text>
    </Row>
    <Row Tag="LOC_DIPLO_DENOUNCE_REASON_FROM_AI_LEADER_ANY_REASON_AGENDA_BUSHIDO">
      <Text>(İnanç ve Kültür konusunda zayıfsınız.)</Text>
    </Row>
    <Row Tag="LOC_DIPLO_DENOUNCE_REASON_FROM_AI_LEADER_ANY_REASON_AGENDA_CONTINENT_ATTACKED">
      <Text>(Kendi kıtasındaki bir oyuncuya saldırdınız.)</Text>
    </Row>
    <Row Tag="LOC_DIPLO_DENOUNCE_REASON_FROM_AI_LEADER_ANY_REASON_AGENDA_HAS_DESIRED_LUXURY">
      <Text>(Gıpta ettikleri bir lüksünüz var.)</Text>
    </Row>
    <Row Tag="LOC_DIPLO_DENOUNCE_REASON_FROM_AI_LEADER_ANY_REASON_AGENDA_LAST_VIKING_KING">
      <Text>(Donanmanız zayıf.)</Text>
    </Row>
    <Row Tag="LOC_DIPLO_DENOUNCE_REASON_FROM_AI_LEADER_ANY_REASON_AGENDA_MODIFIER_LEADS_GREAT_PEOPLE">
      <Text>(Onlardan daha fazla Harika İnsanınız var.)</Text>
    </Row>
    <Row Tag="LOC_DIPLO_DENOUNCE_REASON_FROM_AI_LEADER_ANY_REASON_AGENDA_MODIFIER_LAGS_PROGRESS">
      <Text>(Bilim ve Kültür'de geride kaldınız.)</Text>
    </Row>
    <Row Tag="LOC_DIPLO_DENOUNCE_REASON_FROM_AI_LEADER_ANY_REASON_AGENDA_MODIFIER_LEADS_WONDERS">
      <Text>(Sizin onlardan daha fazla mucizeniz var.)</Text>
    </Row>
    <Row Tag="LOC_DIPLO_DENOUNCE_REASON_FROM_AI_LEADER_ANY_REASON_AGENDA_MODIFIER_NEVER_AT_WAR">
      <Text>(Sen savaşa gitmedin.)</Text>
    </Row>
    <Row Tag="LOC_DIPLO_DENOUNCE_REASON_FROM_AI_LEADER_ANY_REASON_AGENDA_MODIFIER_PAID_FOR_PEACE">
      <Text>(Barış için para ödediniz.)</Text>
    </Row>
    <Row Tag="LOC_DIPLO_DENOUNCE_REASON_FROM_AI_LEADER_ANY_REASON_AGENDA_MODIFIER_WARMONGER">
      <Text>(Sen bir savaş kışkırtıcısısın.)</Text>
    </Row>
    <Row Tag="LOC_DIPLO_DENOUNCE_REASON_FROM_AI_LEADER_ANY_REASON_AGENDA_MODIFIER_ENCROACHING_RELIGION">
      <Text>(Onların şehirlerini kendi dininize çeviriyorsunuz.)</Text>
    </Row>
    <Row Tag="LOC_DIPLO_DENOUNCE_REASON_FROM_AI_LEADER_ANY_REASON_AGENDA_MODIFIER_COMPETING_MINORS">
      <Text>(Şehir devletleri için onlarla rekabet ediyorsunuz.)</Text>
    </Row>
    <Row Tag="LOC_DIPLO_DENOUNCE_REASON_FROM_AI_LEADER_ANY_REASON_AGENDA_MODIFIER_RELIGION_NOT_RECEIVED">
      <Text>(Dininizi onlara yaymadınız.)</Text>
    </Row>
    <Row Tag="LOC_DIPLO_DENOUNCE_REASON_FROM_AI_LEADER_ANY_REASON_AGENDA_MODIFIER_CONQUERING_ALLYING_MINORS">
      <Text>(Çok fazla şehir devletinde benden daha fazla elçiniz var.)</Text>
    </Row>
    <Row Tag="LOC_DIPLO_DENOUNCE_REASON_FROM_AI_LEADER_ANY_REASON_AGENDA_OPTIMUS_PRINCEPS">
      <Text>(Çok az bölgeyi kontrol ediyorsunuz.)</Text>
    </Row>
    <Row Tag="LOC_DIPLO_DENOUNCE_REASON_FROM_AI_LEADER_ANY_REASON_AGENDA_QUEEN_OF_NILE">
      <Text>(Sen zayıfsın.)</Text>
    </Row>
    <Row Tag="LOC_DIPLO_DENOUNCE_REASON_FROM_AI_LEADER_ANY_REASON_AGENDA_SUN_SETS_NEW_CONTINENT">
      <Text>(Var olmak istedikleri bir kıtaya yerleştiniz.)</Text>
    </Row>
    <Row Tag="LOC_DIPLO_DENOUNCE_REASON_FROM_AI_LEADER_ANY_REASON_AGENDA_LOW_CULTURE">
      <Text>(Kültürünüz çok düşük.)</Text>
    </Row>
    <Row Tag="LOC_DIPLO_DENOUNCE_REASON_FROM_AI_LEADER_ANY_REASON_AGENDA_LOW_INDUSTRY">
      <Text>(Üretiminiz çok düşük.)</Text>
    </Row>
    <Row Tag="LOC_DIPLO_DENOUNCE_REASON_FROM_AI_LEADER_ANY_REASON_AGENDA_LOW_HAPPINESS">
      <Text>(Halkınız olanaklardan yoksun.)</Text>
    </Row>
    <Row Tag="LOC_DIPLO_DENOUNCE_REASON_FROM_AI_LEADER_ANY_REASON_AGENDA_LOW_INCOME">
      <Text>(Geliriniz çok düşük.)</Text>
    </Row>
    <Row Tag="LOC_DIPLO_DENOUNCE_REASON_FROM_AI_LEADER_ANY_REASON_AGENDA_LOW_POPULATION">
      <Text>(Nüfusunuz çok düşük.)</Text>
    </Row>
    <Row Tag="LOC_DIPLO_DENOUNCE_REASON_FROM_AI_LEADER_ANY_REASON_AGENDA_LOW_SCIENCE">
      <Text>(Biliminiz çok düşük.)</Text>
    </Row>
    <Row Tag="LOC_DIPLO_DENOUNCE_REASON_FROM_AI_LEADER_ANY_REASON_AGENDA_LOW_STANDING_ARMY">
      <Text>(Daimi ordunuz çok küçük.)</Text>
    </Row>
    <Row Tag="LOC_DIPLO_DENOUNCE_REASON_FROM_AI_LEADER_ANY_REASON_AGENDA_PARANOID">
      <Text>(Senden korkuyorlar.)</Text>
    </Row>
    <Row Tag="LOC_DIPLO_DENOUNCE_REASON_FROM_AI_LEADER_ANY_REASON_AGENDA_ZEALOT">
      <Text>(Onların dinlerinin şehirlerinizin çoğuna girmesine izin vermediniz)</Text>
    </Row>
  </BaseGameText>
</GameData>