﻿<?xml version="1.0" encoding="utf-8"?>
<!-- edited with XMLSPY v2004 rel. 2 U (http://www.xmlspy.com) by Anton Strenger (Firaxis Games) -->
<GameData>
  <BaseGameText>
    <Row Tag="LOC_DISTRICT_CITY_CENTER_DESCRIPTION">
      <Text>Burası şehir merkezi.</Text>
    </Row>
    <Row Tag="LOC_DISTRICT_CAMPUS_DESCRIPTION">
      <Text>Şehrinizde bilimsel çalışmalar için bir bölge.</Text>
    </Row>
    <Row Tag="LOC_DISTRICT_CAMPUS_DESCRIPTION_ADJACENCY">
      <Text>Bitişiklik: Standart [ICON_Science] Bitişik her Dağ için bilim bonusu. Minör [ICON_Science] Bitişik bölge karoları ve bitişik Yağmur Ormanı karoları için bilim bonusu.</Text>
    </Row>
    <Row Tag="LOC_DISTRICT_HOLY_SITE_DESCRIPTION">
      <Text>Şehrinizde dini ibadet için bir bölge.</Text>
    </Row>
    <Row Tag="LOC_DISTRICT_HOLY_SITE_DESCRIPTION_ADJACENCY">
      <Text>Bitişiklik: Majör [ICON_Faith] Bitişik doğa harikaları için inanç bonusu. Standart [ICON_Faith] Bitişik her Dağ karesi için inanç bonusu. Minör [ICON_Faith] Bitişik bölge karoları ve geliştirilmemiş Orman karoları için inanç bonusu.</Text>
    </Row>
    <Row Tag="LOC_DISTRICT_ENCAMPMENT_DESCRIPTION">
      <Text>Şehrinizde askeri tesisler için bir bölge.</Text>
    </Row>
    <Row Tag="LOC_DISTRICT_ENTERTAINMENT_COMPLEX_DESCRIPTION">
      <Text>Şehrinizde, [ICON_Amenities] olanakları artırarak halkınızı mutlu etmeye adanmış bir bölge.</Text>
    </Row>
    <Row Tag="LOC_DISTRICT_THEATER_DESCRIPTION">
      <Text>Şehrinizde kültürel alanlar için bir bölge.</Text>
    </Row>
    <Row Tag="LOC_DISTRICT_THEATER_DESCRIPTION_ADJACENCY">
      <Text>Bitişiklik: Standart [ICON_Culture] Her bitişik mucize için kültür bonusu. Minör [ICON_Culture] Bitişik bölge karoları için kültür bonusu.</Text>
    </Row>
    <Row Tag="LOC_DISTRICT_HARBOR_DESCRIPTION">
      <Text>Şehrinizdeki denizcilik faaliyetleri için bir bölge. Ayrıca bu kareye giriş ve çıkış için [ICON_Movement] Hareket cezasını da kaldırır. Karaya bitişik Sahil veya Göl Arazisi üzerine inşa edilmelidir. [NEWLINE][NEWLINE]+1 [ICON_TradeRoute] Ticaret Yolu kapasitesi, eğer bu şehirde henüz bir Ticaret Merkezi bölgesi yoksa.</Text>
    </Row>
    <Row Tag="LOC_DISTRICT_HARBOR_DESCRIPTION_ADJACENCY">
      <Text>Bitişiklik: Majör [ICON_Gold] Bitişik her Şehir Merkezi için altın bonusu. Standart [ICON_Gold] Bitişik her kıyı kaynağı için altın bonusu. Minör [ICON_Gold] Bitişik bölge karoları için altın bonusu.</Text>
    </Row>
    <Row Tag="LOC_DISTRICT_NEIGHBORHOOD_DESCRIPTION">
      <Text>Şehrinizde, karonun Çekiciliğine bağlı olarak konut sağlayan bir bölge:[NEWLINE]Nefes kesici: +6 [ICON_Housing] Konut.[NEWLINE]Büyüleyici: +5 [ICON_Housing] Konut.[NEWLINE]Ortalama: +4 [ICON_Housing] Konut.[NEWLINE] Davetsiz: +3 [ICON_Housing] Konut.[NEWLINE]İğrenç: +2 [ICON_Housing] Konut.</Text>
    </Row>
    <Row Tag="LOC_DISTRICT_INDUSTRIAL_ZONE_DESCRIPTION">
      <Text>Şehrinizde endüstriyel faaliyetler için bir bölge.</Text>
    </Row>
    <Row Tag="LOC_DISTRICT_INDUSTRIAL_ZONE_DESCRIPTION_ADJACENCY">
      <Text>Bitişiklik: Standart [ICON_Production] Bitişik her Maden veya Taş Ocağı için üretim bonusu. Minör [ICON_Production] Bitişik bölge karoları için üretim bonusu.</Text>
    </Row>
    <Row Tag="LOC_DISTRICT_COMMERCIAL_HUB_DESCRIPTION">
      <Text>Şehrinizde finans ve ticaret konusunda uzmanlaşmış bir bölge. [NEWLINE][NEWLINE]+1 [ICON_TradeRoute] Ticaret Yolu kapasitesi, eğer bu şehirde henüz bir Liman bölgesi yoksa.</Text>
    </Row>
    <Row Tag="LOC_DISTRICT_COMMERCIAL_HUB_DESCRIPTION_ADJACENCY">
      <Text>Bitişiklik: Majör [ICON_Gold] Her bitişik Liman bölgesi veya Nehir içeren karo kenarı için altın bonusu. Minör [ICON_Gold] Bitişik bölge karoları için altın bonusu.</Text>
    </Row>
    <Row Tag="LOC_DISTRICT_AQUEDUCT_DESCRIPTION">
      <Text>Bu şehre komşu bir Nehir, Göl, Vaha veya Dağdan tatlı su kaynağı sağlayan bir bölge. Henüz mevcut tatlı suyu olmayan şehirler 6'ya kadar [ICON_Housing] Konut alır. Halihazırda tatlı suyu olan şehirler bunun yerine +2 [ICON_Housing] Konut alır. Şehir Merkezine bitişik olarak inşa edilmelidir.</Text>
    </Row>
    <Row Tag="LOC_DISTRICT_AERODROME_DESCRIPTION">
      <Text>Uçak inşa etmenize ve depolamanıza izin veren bir bölge. Tepeler üzerine inşa edilemez.</Text>
    </Row>
    <Row Tag="LOC_DISTRICT_SPACEPORT_DESCRIPTION">
      <Text>Bilim Zaferi projelerini inşa etmek için gerekli olan bir bölge. Buna Dünya Uydusu Fırlatma, Ay'a İniş Fırlatma, Mars Kolonisi Yerleşimi, Mars Kolonisi Hidroponik ve Mars Kolonisi Reaktörü dahildir. Tepeler üzerine inşa edilemez.</Text>
    </Row>
    <Row Tag="LOC_DISTRICT_ACROPOLIS_DESCRIPTION">
      <Text>Kültürel alanlar için Yunanistan'a özgü bir bölge. Tiyatro Meydanı bölgesinin yerini alır ve inşa edilmesi daha ucuzdur. Tamamlandığında 1 [ICON_Envoy] Elçi kazandırır. [NEWLINE][NEWLINE]+1 [ICON_Culture] Bitişik Şehir Merkezi için kültür bonusu. Bitişik her harika ve bölge için +1 [ICON_Culture] Kültür bonusu. Sadece Tepeler üzerine inşa edilebilir.</Text>
    </Row>
    <Row Tag="LOC_DISTRICT_ACROPOLIS_DESCRIPTION_ADJACENCY">
      <Text>Bitişiklik: Standart [ICON_Culture] Bitişik Şehir Merkezi için kültür bonusu. Standart [ICON_Culture] Komşu her bir harika ve bölge için kültür bonusu. Sadece Tepeler üzerine inşa edilebilir.</Text>
    </Row>
    <Row Tag="LOC_DISTRICT_BATH_DESCRIPTION">
      <Text>Şehrin büyümesi için Roma'ya özgü bir bölge. Su Kemeri bölgesinin yerini alır ve inşa edilmesi daha ucuzdur.[NEWLINE][NEWLINE]Bu şehre komşu bir Nehir, Göl, Vaha veya Dağdan tatlı su kaynağı sağlar. Henüz mevcut tatlı suyu olmayan şehirler 6 adede kadar [ICON_Housing] Konut alır. Halihazırda tatlı suyu olan şehirler bunun yerine +2 [ICON_Housing] Konut alır. Şehir Merkezine bitişik olarak inşa edilmelidir. Her iki durumda da Hamam +2 [ICON_Housing] Konut ve +1 [ICON_Amenities] Çevre Bonusu sağlar. Şehir Merkezine bitişik inşa edilmelidir.</Text>
    </Row>
    <Row Tag="LOC_DISTRICT_HANSA_DESCRIPTION">
      <Text>Endüstriyel faaliyetler için Almanya'ya özgü bir bölge. Sanayi Bölgesi bölgesinin yerini alır ve inşa edilmesi daha ucuzdur. [NEWLINE][NEWLINE]+ 2[ICON_Production] Ticari Merkez bölgesine bitişikse üretim bonusu. Bitişik her kaynak için +1 [ICON_Production] Üretim bonusu. +1 [ICON_Production] Bitişik her iki bölge karosu için üretim bonusu.</Text>
    </Row>
    <Row Tag="LOC_DISTRICT_HANSA_DESCRIPTION_ADJACENCY">
      <Text>Bitişiklik: Bir Ticari Merkez bölgesine bitişikse Major [ICON_Production] Üretim bonusu. Standart [ICON_Production] Bitişik her kaynak için üretim bonusu. Minör [ICON_Production] Bitişik bölge karoları için üretim bonusu.</Text>
    </Row>
    <Row Tag="LOC_DISTRICT_LAVRA_DESCRIPTION">
      <Text>Dini faaliyetler için Rusya'ya özgü bir bölge. Kutsal Yer bölgesinin yerini alır ve inşa edilmesi daha ucuzdur. [NEWLINE][NEWLINE]Bu şehirde her Büyük Kişi harcandığında şehir sınırınız bir karo büyür. Lavra, bir Tapınak ile tur başına +1 [ICON_GreatWriter] Büyük Yazar puanı, bir Tapınak ile tur başına +1 [ICON_GreatArtist] Büyük Sanatçı puanı ve bir İbadet binası ile tur başına +1 [ICON_GreatMusician] Büyük Müzisyen puanı sağlar.</Text>
    </Row>
    <Row Tag="LOC_DISTRICT_MBANZA_DESCRIPTION">
      <Text>Sadece Yağmur Ormanı veya Ormanlık alanda inşa edilebilen Kongo'ya özgü bir bölge. Mahalle bölgesinin yerini alır ancak daha erken ve daha ucuza inşa edilebilir. Temyizden bağımsız olarak +5 [ICON_Housing] Konut, +2 [ICON_Food] Gıda ve +4 [ICON_Gold] Altın sağlar.</Text>
    </Row>
    <Row Tag="LOC_DISTRICT_STREET_CARNIVAL_DESCRIPTION">
      <Text>Brezilya'ya özgü bir bölge. Eğlence Kompleksi bölgesinin yerini alır ve +2 [ICON_Amenities] Kolaylık sağlar ve inşa etmesi daha ucuzdur. Ayrıca Karnaval projesinin kilidini açar, bu proje devam ederken +1 [ICON_Amenities] ek Kolaylık ve tamamlandığında çeşitli [ICON_GreatPerson] Harika İnsanlar puanı verir.</Text>
    </Row>
    <Row Tag="LOC_DISTRICT_ROYAL_NAVY_DOCKYARD_DESCRIPTION">
      <Text>Şehrinizdeki denizcilik faaliyetleri için İngiltere'ye özgü bir bölge. Liman bölgesinin yerini alır ve inşa edilmesi daha ucuzdur. Ayrıca bu kareye giriş ve çıkış için [ICON_Movement] Hareket cezasını da kaldırır. Karaya bitişik Sahil veya Göl Arazisi üzerine inşa edilmelidir.[NEWLINE][NEWLINE]+1 [ICON_Movement] Tersanede inşa edilen tüm deniz birimleri için hareket[NEWLINE]+2 [ICON_Gold] Yabancı bir kıtada inşa edildiğinde altın[NEWLINE]+1 [ICON_TradeRoute] Ticaret Yolu kapasitesi.</Text>
    </Row>
    <Row Tag="LOC_DISTRICT_ROYAL_NAVY_DOCKYARD_DESCRIPTION_ADJACENCY">
      <Text>Bitişiklik: Majör [ICON_Gold] Bitişik her Şehir Merkezi için altın bonusu. Standart [ICON_Gold] Bitişik her kıyı kaynağı için altın bonusu. Minör [ICON_Gold] Bitişik bölge karoları için altın bonusu.</Text>
    </Row>
    <Row Tag="LOC_DISTRICT_REQUIRE_DISTRICT_Adjacency">
      <Text>Mevcut bir bölgeye veya Şehir Merkezine bitişik olmalıdır.</Text>
    </Row>
    <Row Tag="LOC_DISTRICT_REQUIRE_NOT_ADJACENT_TO_CITY">
      <Text>Bir Şehir Merkezine bitişik olamaz.</Text>
    </Row>
    <Row Tag="LOC_DISTRICT_MOUNTAINS_SCIENCE1">
      <Text>+{1_num} [ICON_Science] Bitişik Dağ'dan {1_Num : plural 1?tile; other?tiles;} bilim.</Text>
    </Row>
    <Row Tag="LOC_DISTRICT_MOUNTAINS_SCIENCE2">
      <Text>+{1_num} [ICON_Science] Bitişik Dağ'dan {1_Num : plural 1?tile; other?tiles;} bilim.</Text>
    </Row>
    <Row Tag="LOC_DISTRICT_MOUNTAINS_SCIENCE3">
      <Text>+{1_num} [ICON_Science] Bitişik Dağ'dan {1_Num : plural 1?tile; other?tiles;} bilim.</Text>
    </Row>
    <Row Tag="LOC_DISTRICT_MOUNTAINS_SCIENCE4">
      <Text>+{1_num} [ICON_Science] Bitişik Dağ'dan {1_Num : plural 1?tile; other?tiles;} bilim.</Text>
    </Row>
    <Row Tag="LOC_DISTRICT_MOUNTAINS_SCIENCE5">
      <Text>+{1_num} [ICON_Science] Bitişik Dağ'dan {1_Num : plural 1?tile; other?tiles;} bilim.</Text>
    </Row>
    <Row Tag="LOC_DISTRICT_FARM">
      <Text>+{1_num} [ICON_Science] Bitişik Çiftlikten Bilim {1_Num : plural 1?tile; other?tiles;}.</Text>
    </Row>
    <Row Tag="LOC_DISTRICT_PLANTATION">
      <Text>+{1_num} [ICON_Science] Bitişik Plantasyondan Bilim {1_Num : plural 1?tile; other?tiles;}.</Text>
    </Row>
    <Row Tag="LOC_DISTRICT_JUNGLE_SCIENCE">
      <Text>+{1_num} [ICON_Science] Bitişik Yağmur Ormanı karolarından bilim.</Text>
    </Row>
    <Row Tag="LOC_FEATURE_BARRIER_REEF_SCIENCE">
      <Text>+{1_num} [ICON_SCIENCE] Komşu doğa harikası Büyük Set Resifi'nden bilim.</Text>
    </Row>
    <Row Tag="LOC_DISTRICT_JUNGLE_2_GOLD">
      <Text>+{1_num} [ICON_Gold] Bitişik Yağmur Ormanları'ndan {1_Num : plural 1?tile; other?tiles;} altın.</Text>
    </Row>
    <Row Tag="LOC_DISTRICT_JUNGLE_2_FAITH">
      <Text>+{1_num} [ICON_Faith] Komşu Yağmur Ormanları'ndan gelen inanç {1_Num : plural 1?tile; other?tiles;}.</Text>
    </Row>
    <Row Tag="LOC_DISTRICT_JUNGLE_2_CULTURE">
      <Text>+{1_num} [ICON_Culture] Komşu Yağmur Ormanları'ndan {1_Num : plural 1?tile; other?tiles;} kültür.</Text>
    </Row>
    <Row Tag="LOC_DISTRICT_JUNGLE_2_SCIENCE">
      <Text>+{1_num} [ICON_Science] Bitişik Yağmur Ormanlarından Bilim {1_Num : plural 1?tile; other?tiles;}.</Text>
    </Row>
    <Row Tag="LOC_DISTRICT_DISTRICT_SCIENCE">
      <Text>+{1_num} [ICON_Science] Bitişik {1_Num : plural 1?district; other?districts;}'ten bilim.</Text>
    </Row>
    <Row Tag="LOC_DISTRICT_DISTRICT_1_SCIENCE">
      <Text>+{1_num} [ICON_Science] Bitişik {1_Num : plural 1?district; other?districts;}'ten bilim.</Text>
    </Row>
    <Row Tag="LOC_DISTRICT_NATURALWONDER_FAITH">
      <Text>+{1_num} [ICON_Faith] Bitişik doğal {1_Num : plural 1?wonder; other?wonders;}'ten gelen inanç.</Text>
    </Row>
    <Row Tag="LOC_DISTRICT_MOUNTAIN_FAITH1">
      <Text>+{1_num} [ICON_Faith] Bitişik Dağ'dan {1_Num : plural 1?tile; other?tiles;} gelen inanç.</Text>
    </Row>
    <Row Tag="LOC_DISTRICT_MOUNTAIN_FAITH2">
      <Text>+{1_num} [ICON_Faith] Bitişik Dağ'dan {1_Num : plural 1?tile; other?tiles;} gelen inanç.</Text>
    </Row>
    <Row Tag="LOC_DISTRICT_MOUNTAIN_FAITH3">
      <Text>+{1_num} [ICON_Faith] Bitişik Dağ'dan {1_Num : plural 1?tile; other?tiles;} gelen inanç.</Text>
    </Row>
    <Row Tag="LOC_DISTRICT_MOUNTAIN_FAITH4">
      <Text>+{1_num} [ICON_Faith] Bitişik Dağ'dan {1_Num : plural 1?tile; other?tiles;} gelen inanç.</Text>
    </Row>
    <Row Tag="LOC_DISTRICT_MOUNTAIN_FAITH5">
      <Text>+{1_num} [ICON_Faith] Bitişik Dağ'dan {1_Num : plural 1?tile; other?tiles;} gelen inanç.</Text>
    </Row>
    <Row Tag="LOC_DISTRICT_FOREST_FAITH">
      <Text>+{1_num} [ICON_Faith] Bitişik Woods karo(lar)ından gelen inanç.</Text>
    </Row>
    <Row Tag="LOC_DISTRICT_DISTRICT_FAITH">
      <Text>+{1_num} [ICON_Faith] Komşu ilçelerden gelen inanç.</Text>
    </Row>
    <Row Tag="LOC_DISTRICT_DISTRICT_1_FAITH">
      <Text>+{1_num} [ICON_Faith] Komşu bölgeden gelen inanç.</Text>
    </Row>
    <Row Tag="LOC_DISTRICT_TUNDRA_FAITH">
      <Text>+{1_num} [ICON_Faith] Bitişik Tundra'dan gelen inanç {1_Num : plural 1?tile; other?tiles;}.</Text>
    </Row>
    <Row Tag="LOC_DISTRICT_DESERT_FAITH">
      <Text>+{1_num} [ICON_Faith] Bitişik Çöl'den {1_Num : plural 1?tile; other?tiles;} gelen inanç.</Text>
    </Row>
    <Row Tag="LOC_DISTRICT_JUNGLE_FAITH">
      <Text>+{1_num} [ICON_Faith] Komşu Yağmur Ormanları'ndan gelen inanç {1_Num : plural 1?tile; other?tiles;}.</Text>
    </Row>
    <Row Tag="LOC_STAVE_CHURCH_FOREST_FAITH">
      <Text>+{1_num} [ICON_Faith] Bitişik Ormanlardan {1_Num : plural 1?tile; other?tiles;} gelen inanç.</Text>
    </Row>
    <Row Tag="LOC_DISTRICT_RIVER_GOLD">
      <Text>+{1_num} [ICON_Gold] Bitişik Nehirden Altın.</Text>
    </Row>
    <Row Tag="LOC_DISTRICT_HARBOR_GOLD">
      <Text>+{1_num} [ICON_Gold] Bitişik Liman bölgesinden altın.</Text>
    </Row>
    <Row Tag="LOC_DISTRICT_ROYAL_NAVY_DOCKYARD_GOLD">
      <Text>+{1_num} [ICON_Gold] Bitişikteki Kraliyet Donanması Tersanesi bölgesinden altın.</Text>
    </Row>
    <Row Tag="LOC_DISTRICT_DISTRICT_GOLD">
      <Text>+{1_num} [ICON_Gold] Bitişik {1_Num : plural 1?district; other?districts;}'ten altın.</Text>
    </Row>
    <Row Tag="LOC_DISTRICT_CITY_CENTER_GOLD">
      <Text>+{1_num} [ICON_Gold] Komşu Şehir Merkezi bölgesinden altın.</Text>
    </Row>
    <Row Tag="LOC_DISTRICT_DISTRICT_1_GOLD">
      <Text>+{1_num} [ICON_Gold] Bitişik {1_Num : plural 1?district; other?districts;}'ten altın.</Text>
    </Row>
    <Row Tag="LOC_DISTRICT_SEARESOURCE_GOLD">
      <Text>+{1_num} [ICON_Gold] Bitişik denizden altın {1_Num : plural 1?resource; other?resources;}.</Text>
    </Row>
    <Row Tag="LOC_DISTRICT_WONDER_CULTURE">
      <Text>+{1_num} [ICON_Culture] Bitişik {1_Num : plural 1?wonder; other?wonders;}'ten kültür.</Text>
    </Row>
    <Row Tag="LOC_DISTRICT_DISTRICT_CULTURE">
      <Text>+{1_num} [ICON_Culture] Bitişik {1_Num : plural 1?district; other?districts;}'ten kültür.</Text>
    </Row>
    <Row Tag="LOC_DISTRICT_DISTRICT_1_CULTURE">
      <Text>+{1_num} [ICON_Culture] Bitişik {1_Num : plural 1?district; other?districts;}'ten kültür.</Text>
    </Row>
    <Row Tag="LOC_DISTRICT_DISTRICT_CULTURE_STANDARD">
      <Text>+{1_num} [ICON_Culture] Bitişik {1_Num : plural 1?district; other?districts;}'ten kültür.</Text>
    </Row>
    <Row Tag="LOC_DISTRICT_CULTURE_CITY_CENTER">
      <Text>+{1_num} [ICON_Culture] Komşu Şehir Merkezinden Kültür.</Text>
    </Row>
    <Row Tag="LOC_DISTRICT_MINE_PRODUCTION">
      <Text>+{1_num} [ICON_Production] Bitişik {1_Num : plural 1?Mines; other?Mines;}'ten üretim.</Text>
    </Row>
    <Row Tag="LOC_DISTRICT_QUARRY_PRODUCTION">
      <Text>+{1_num} [ICON_Production] Bitişik {1_Num : plural 1?Quarry; other?Quarries;}'ten üretim.</Text>
    </Row>
    <Row Tag="LOC_DISTRICT_DISTRICT_PRODUCTION">
      <Text>+{1_num} [ICON_Production] Bitişik {1_Num : plural 1?district; other?districts;}'ten üretim.</Text>
    </Row>
    <Row Tag="LOC_DISTRICT_DISTRICT_1_PRODUCTION">
      <Text>+{1_num} [ICON_Production] Bitişik {1_Num : plural 1?district; other?districts;}'ten üretim.</Text>
    </Row>
    <Row Tag="LOC_DISTRICT_COMMERCIAL_HUB_PRODUCTION">
      <Text>+{1_num} [ICON_Production] Bitişik Ticari Merkez bölgesinden üretim.</Text>
    </Row>
    <Row Tag="LOC_DISTRICT_RESOURCE_PRODUCTION">
      <Text>+{1_num} [ICON_Production] Bitişik {1_Num : plural 1?resource; other?resources;}'ten üretim.</Text>
    </Row>
    <Row Tag="LOC_DISTRICT_APPEAL_SCIENCE">
      <Text>+{1_num} [ICON_Science] Karonun Temyizinden Bilim.</Text>
    </Row>
    <Row Tag="LOC_DISTRICT_APPEAL_CULTURE">
      <Text>+{1_num} [ICON_Culture] Karonun Temyiz başvurusundan kültür.</Text>
    </Row>
    <Row Tag="LOC_DISTRICT_APPEAL_PRODUCTION">
      <Text>+{1_num} [ICON_Production] Karonun Temyiz başvurusundan üretim.</Text>
    </Row>
    <Row Tag="LOC_DISTRICT_APPEAL_GOLD">
      <Text>+{1_num} [ICON_Gold] Karonun Temyizinden gelen altın.</Text>
    </Row>
    <Row Tag="LOC_DISTRICT_APPEAL_FAITH">
      <Text>+{1_num} [ICON_Faith] Karonun Temyizinden gelen inanç.</Text>
    </Row>
    <Row Tag="LOC_DISTRICT_BLOCKED_IMPROVEMENT">
      <Text>[COLOR_RED]Bölge inşa edilirken iyileştirme kaldırılacaktır. [ENDCOLOR]</Text>
    </Row>
    <Row Tag="LOC_DISTRICT_BLOCKED_FEATURE_TECH">
      <Text>[COLOR_RED]Bölgeyi burada inşa etmek için {1_TechName}'ün {2_FeatureName}'i kaldırması gerekir. [ENDCOLOR]</Text>
    </Row>
    <Row Tag="LOC_DISTRICT_OK_REMOVE_FEATURE">
      <Text>[COLOR_RED]Bölgenin buraya yerleştirilmesi {1_FeatureName}'ü kaldıracaktır. [ENDCOLOR]</Text>
    </Row>
    <Row Tag="LOC_DISTRICT_BLOCKED_HARVEST_TECH">
      <Text>[COLOR_RED]Bölgeyi burada inşa etmek için {1_TechName}'ün {2_ResourceName}'i kaldırması gerekir. [ENDCOLOR]</Text>
    </Row>
    <Row Tag="LOC_DISTRICT_OK_HARVEST_RESOURCE">
      <Text>[COLOR_RED]Bölgenin buraya yerleştirilmesi {1_ResourceName}'ü kaldıracaktır. [ENDCOLOR]</Text>
    </Row>
  </BaseGameText>
</GameData>