﻿<?xml version="1.0" encoding="utf-8"?>
<GameData>
  <EnglishText>
    <!-- Name and Description-->
    <Row Tag="LOC_TSLEARTH_NAME">
      <Text>Gerçek Başlangıç Konumu Dünya</Text>
    </Row>
    <Row Tag="LOC_TSLEARTH_DESCRIPTION">
      <Text>Medeniyetler, Dünya haritası üzerindeki tarihi başkentlerinin bulunduğu yerde başlar.</Text>
    </Row>
    <Row Tag="LOC_EARTH_MAP_STANDARD_NAME">
      <Text>Dünya</Text>
    </Row>
    <Row Tag="LOC_EARTH_MAP_STANDARD_DESCRIPTION">
      <Text>Kaynakların, arazinin ve özelliklerin tarihi konumlarını yansıttığı bir Dünya temsili.</Text>
    </Row>
    <Row Tag="LOC_EARTH_MAP_HUGE_NAME">
      <Text>Dünya Devasa</Text>
    </Row>
    <Row Tag="LOC_EARTH_MAP_HUGE_DESCRIPTION">
      <Text>Kaynakların, arazinin ve özelliklerin tarihi konumlarını yansıttığı daha büyük boyutlu bir Dünya temsili.</Text>
    </Row>
    <Row Tag="LOC_TSL_EARTH_MAP_HUGE_NAME">
      <Text>Gerçek Başlangıç Konumu Dünya Büyük</Text>
    </Row>
    <Row Tag="LOC_TSL_EARTH_MAP_HUGE_DESCRIPTION">
      <Text>Medeniyetler, büyük Dünya haritası üzerindeki tarihi başkentlerinin bulunduğu yerden başlar.</Text>
    </Row>
    <Row Tag="LOC_MEDITERRANEAN_LARGE_NAME">
      <Text>Akdeniz Büyük</Text>
    </Row>
    <Row Tag="LOC_MEDITERRANEAN_LARGE_DESCRIPTION">
      <Text>Kaynakları, araziyi ve tarihi konumlarını yansıtan özellikleri içeren büyük bir Akdeniz bölgesi haritası.</Text>
    </Row>
    <Row Tag="LOC_TSL_MEDITERRANEAN_LARGE_NAME">
      <Text>Gerçek Başlangıç Yeri Akdeniz</Text>
    </Row>
    <Row Tag="LOC_TSL_MEDITERRANEAN_LARGE_DESCRIPTION">
      <Text>Medeniyetler, büyük Akdeniz haritası üzerindeki tarihi başkentlerinin bulunduğu yerden başlar.</Text>
    </Row>
  </EnglishText>
</GameData>