﻿<?xml version="1.0" encoding="utf-8"?>
<!-- edited with XMLSPY v2004 rel. 2 U (http://www.xmlspy.com) by Ed Beach (Firaxis Games) -->
<GameData>
  <EnglishText>
    <Row Tag="LOC_EPIC_MULTIPLAYER_MATCHMAKE_CIVROYALE_OFFLINE_TT">
      <Text>Kızıl Ölüm oyunları Epic çevrimdışıyken kullanılamaz.</Text>
    </Row>
    <Row Tag="LOC_EPIC_MULTIPLAYER_MATCHMAKE_PIRATES_OFFLINE_TT">
      <Text>Epic çevrimdışıyken Çok Oyunculu Korsanlar kullanılamaz.</Text>
    </Row>
    <Row Tag="LOC_EPIC_PBC_OVERVIEW_DESC">
      <Text>Play By Cloud, tüm oyuncuların barındırılan bir sunucuda depolanan ortak bir kayıt oyunu üzerinde sırayla oynadıkları eşzamansız bir çok oyunculu formattır. Bu, arkadaşlar arasında ortak bir kayıt dosyasına sahip bir disketi paylaşmanın eski bir uygulaması olan "kayıt oyununu geçirme" nin daha modern bir versiyonudur ("disket" kavramına aşina değilseniz, lütfen saygıdeğer bir yetişkine sorun). [NEWLINE][NEWLINE] Bir Play By Cloud oyunu, her oyuncu sırasını kendileri için uygun bir zamanda aldığı için uzun sürebilir (günler veya haftalar sırasına göre). Oyun sırası sana geldiğinde bildirimler alacaksın. Epic etkinse bir Epic bildirimi görebilir veya web kancalarını kullanabilirsiniz. Web kancaları, teknik açıdan istekli olanların diğer mesajlaşma hizmetlerine, e-postalara veya Nesnelerin İnterneti cihazlarına entegre edebileceği genel bir mesaj biçimidir.[NEWLINE][NEWLINE]Eşzamansız çok oyunculu oyunda, oyunun devam etmesini sağlamak için sıranızı mümkün olan en erken zamanda almanız nazik bir davranış olarak kabul edilir. Eski zamanlarda, oyuncular ahlaki olarak disketi bozulmaya karşı korumakla yükümlüydü, vicdansız oyuncular savunulamaz bir durumda kaldıklarında savegame'i "kaybetmeye" başvururlardı. Play By Cloud bu tür alçakça davranışları ortadan kaldırır.</Text>
    </Row>
    <Row Tag="LOC_EPIC_MULTIPLAYER_INTERNET_GAME_OFFLINE_TT">
      <Text>Epic çevrimdışıyken İnternet oyunları kullanılamaz.</Text>
    </Row>
    <Row Tag="LOC_EPIC_INVITE_BUTTON_TT">
      <Text>Epic arkadaş listendeki arkadaşlarını bu oyuna davet et.</Text>
    </Row>
    <Row Tag="LOC_EPIC_FRIEND_ACTION_PROFILE">
      <Text>Epik Profil</Text>
    </Row>
    <Row Tag="LOC_EPIC_PRIVATE_GAME_DESC">
      <Text>Özel oyunlar çok oyunculu lobide gösterilmez.  Özel bir oyuna yalnızca bir oyun daveti veya Epic arkadaş listesi aracılığıyla erişilebilir.  Bu ayar Yerel Ağ oyunları için geçerli değildir.</Text>
    </Row>
    <Row Tag="EPIC_PLAYERACTION_FRIENDREQUEST_TOOLTIP">
      <Text>Bu oyuncuyu Epic'te arkadaş olarak ekle.</Text>
    </Row>
    <Row Tag="TXT_KEY_EPIC_MY2K_MODE_UNLINKED_TOOLTIP">
      <Text>Scout Cat ve Julius Caesar ödüllerinin kilidini açmak (oyunun yeniden başlatılmasını gerektirir) ve platformlar arası bulut kayıtlarını etkinleştirmek için bir 2K Hesabına kaydolun, böylece oyununuza Epic'te başlayıp diğer platformlarda devam edebilirsiniz. Ayrıca, en son Sid Meier's Civilization haberlerini alacaksın!</Text>
    </Row>
  </EnglishText>
</GameData>