﻿<?xml version="1.0" encoding="utf-8"?>
<!-- edited with XMLSPY v2004 rel. 2 U (http://www.xmlspy.com) by Ed Beach (Firaxis Games) -->
<GameData>
  <BaseGameText>
    <Row Tag="LOC_VISIBILITY_NONE_NAME">
      <Text>Hiçbiri</Text>
    </Row>
    <Row Tag="LOC_VISIBILITY_LIMITED_NAME">
      <Text>Sınırlı</Text>
    </Row>
    <Row Tag="LOC_VISIBILITY_FULL_NAME">
      <Text>Açık</Text>
    </Row>
    <Row Tag="LOC_VISIBILITY_SECRET_NAME">
      <Text>Gizli</Text>
    </Row>
    <Row Tag="LOC_VISIBILITY_TOP_SECRET_NAME">
      <Text>Çok Gizli</Text>
    </Row>
    <Row Tag="LOC_GOSSIP_FULL_STRING">
      <Text>{1_SourceText} {2GossipText}</Text>
    </Row>
    <Row Tag="LOC_GOSSIPDESC_ALLIED">
      <Text>İttifaklar</Text>
    </Row>
    <Row Tag="LOC_GOSSIPDESC_CHANGE_GOVERNMENT">
      <Text>Hükümet Değişiklikleri</Text>
    </Row>
    <Row Tag="LOC_GOSSIPDESC_CONQUER_CITY">
      <Text>Şehir Fetihleri</Text>
    </Row>
    <Row Tag="LOC_GOSSIPDESC_CONSTRUCT_DISTRICT">
      <Text>İnşa Edilen İlçeler</Text>
    </Row>
    <Row Tag="LOC_GOSSIPDESC_CULTURVATE_CIVIC">
      <Text>Yurttaşlık Bilgisi Tamamlandı</Text>
    </Row>
    <Row Tag="LOC_GOSSIPDESC_CITY_STATE_INFLUENCE">
      <Text>Etkilenen Şehir Devletleri</Text>
    </Row>
    <Row Tag="LOC_GOSSIPDESC_DENOUNCED">
      <Text>İhbarlar</Text>
    </Row>
    <Row Tag="LOC_GOSSIPDESC_FOUND_CITY">
      <Text>Kurulan Şehirler</Text>
    </Row>
    <Row Tag="LOC_GOSSIPDESC_FOUND_RELIGION">
      <Text>Kurulan Dinler</Text>
    </Row>
    <Row Tag="LOC_GOSSIPDESC_GREATPERSON_CREATED">
      <Text>Harika İnsanlar İşe Alındı</Text>
    </Row>
    <Row Tag="LOC_GOSSIPDESC_MAKE_DOW">
      <Text>Savaş İlanları</Text>
    </Row>
    <Row Tag="LOC_GOSSIPDESC_POLICY_ENACTED">
      <Text>Gizli Gündemler Ortaya Çıktı</Text>
    </Row>
    <Row Tag="LOC_GOSSIPDESC_RESEARCH_TECH">
      <Text>Araştırılan Teknolojiler</Text>
    </Row>
    <Row Tag="LOC_GOSSIPDESC_TRADE_DEAL">
      <Text>Ticaret Anlaşmaları Yürürlüğe Girdi</Text>
    </Row>
    <Row Tag="LOC_GOSSIPDESC_TRADE_RENEGE">
      <Text>Ticaret Anlaşmalarından Vazgeçildi</Text>
    </Row>
    <Row Tag="LOC_GOSSIPDESC_TRAIN_SETTLER">
      <Text>Yerleşimciler Eğitildi</Text>
    </Row>
    <Row Tag="LOC_GOSSIPDESC_WMD_BUILT">
      <Text>Kitle İmha Silahı İnşa Edildi</Text>
    </Row>
    <Row Tag="LOC_GOSSIPDESC_WMD_STRIKE">
      <Text>Kitle İmha Silahı Saldırıları</Text>
    </Row>
    <Row Tag="LOC_GOSSIPDESC_WONDER_STARTED">
      <Text>Harikalar Başladı</Text>
    </Row>
    <Row Tag="LOC_GOSSIPDESC_ATTACK_LAUNCHED">
      <Text>Saldırılar Başlatıldı</Text>
    </Row>
    <Row Tag="LOC_GOSSIPDESC_PROJECT_STARTED">
      <Text>Başlatılan Projeler</Text>
    </Row>
    <Row Tag="LOC_GOSSIPDESC_SPACE_RACE_PROJECT_COMPLETED">
      <Text>Uzay Yarışı Projeleri Tamamlandı</Text>
    </Row>
    <Row Tag="LOC_GOSSIPDESC_VICTORY_STRATEGY_CHANGED">
      <Text>Zafer Stratejisi Değişti</Text>
    </Row>
    <Row Tag="LOC_GOSSIPDESC_WAR_PREPARATION">
      <Text>Savaş Hazırlıkları</Text>
    </Row>
    <Row Tag="LOC_GOSSIP_AGENDA_KUDOS">
      <Text>{LOC_GRAMMAR_LEADER &lt;&lt; {1_LeaderName}} {1_CivName : plural 1?has; other?have;} gündemle işbirliği yaptığı için {LOC_GRAMMAR_LEADER &lt;&lt; {2_LeaderName}} teşekkür etti: {3_AgendaName}.</Text>
    </Row>
    <Row Tag="LOC_GOSSIP_AGENDA_WARNING">
      <Text>{LOC_GRAMMAR_LEADER &lt;&lt; {1_LeaderName}} {1_CivName : plural 1?has; other?have;} gündeme müdahale konusunda {LOC_GRAMMAR_LEADER &lt;&lt; {2_LeaderName}} uyardı: {3_AgendaName}.</Text>
    </Row>
    <Row Tag="LOC_GOSSIP_ALLIED">
      <Text>{LOC_GRAMMAR_CIVNAME &lt;&lt; {1_CivName}} {1_CivName : plural 1?has; other?have;} {LOC_GRAMMAR_CIVNAME &lt;&lt; {2_CivName}} ile yeni bir ittifak kurdu.</Text>
    </Row>
    <Row Tag="LOC_GOSSIP_ANARCHY_BEGINS">
      <Text>{LOC_GRAMMAR_CIVNAME &lt;&lt; {1_CivName}}'te {2_Government} rejimini ortadan kaldıran bir darbe oldu. Anarşi başladı.</Text>
    </Row>
    <Row Tag="LOC_GOSSIP_ARTIFACT_EXTRACTED">
      <Text>{LOC_GRAMMAR_CIVNAME &lt;&lt; {1_CivName}} {1_CivName : plural 1?has; other?have;} yeni bir arkeolojik çalışma çıkarmıştır: {2_GreatWork}.</Text>
    </Row>
    <Row Tag="LOC_GOSSIP_BARBARIAN_INVASION_STARTED">
      <Text>{LOC_GRAMMAR_CIVNAME &lt;&lt; {1_CivName}} {1_CivName : plural 1?is; other?are;} {2_CityName}'de bir barbar istilasıyla karşı karşıya.</Text>
    </Row>
    <Row Tag="LOC_GOSSIP_BARBARIAN_RAID_STARTED">
      <Text>{LOC_GRAMMAR_CIVNAME &lt;&lt; {1_CivName}} {1_CivName : plural 1?is; other?are;} {2_CityName}'de bir barbar baskınıyla karşı karşıya.</Text>
    </Row>
    <Row Tag="LOC_GOSSIP_BEACH_RESORT_CREATED">
      <Text>{LOC_GRAMMAR_CIVNAME &lt;&lt; {1_CivName}} {1_CivName : plural 1?has; other?have;} {2_CityName} dışındaki yeni sahil beldesinde güneşlenmenin harika olduğunu duydum.</Text>
    </Row>
    <Row Tag="LOC_GOSSIP_CHANGE_GOVERNMENT">
      <Text>{LOC_GRAMMAR_CIVNAME &lt;&lt; {1_CivName}} {1_CivName : plural 1?has; other?have;} hükümetleri {2_Government}'ye geçirdi.</Text>
    </Row>
    <Row Tag="LOC_GOSSIP_CITY_BESIEGED">
      <Text>{1_CityName} bir kuşatmayla karşı karşıya.</Text>
    </Row>
    <Row Tag="LOC_GOSSIP_CITY_LIBERATED">
      <Text>{LOC_GRAMMAR_CIVNAME &lt;&lt; {1_CivName}}} {1_CivName : plural 1?has; other?have;} sadece {2_CityName}'u serbest bıraktı {LOC_GRAMMAR_CIVNAME &lt;&lt; {3_CivName}}'a geri verdi.</Text>
    </Row>
    <Row Tag="LOC_GOSSIP_CITY_RAZED">
      <Text>{LOC_GRAMMAR_CIVNAME &lt;&lt; {1_CivName}} {1_CivName : plural 1?has; other?have;} {LOC_GRAMMAR_CIVNAME &lt;&lt; {2_CivName}}'den ele geçirdikleri bir şehri yerle bir ettiler.</Text>
    </Row>
    <Row Tag="LOC_GOSSIP_CLEAR_CAMP">
      <Text>{LOC_GRAMMAR_CIVNAME &lt;&lt; {1_CivName}} {1_CivName : plural 1?has; other?have;} {LOC_GRAMMAR_A_AN &lt;&lt; {2_UnitName}}'u {LOC_GRAMMAR_A_AN &lt;&lt; {3_ImprovementName}}'i temizlemek için kullanmıştır.</Text>
    </Row>
    <Row Tag="LOC_GOSSIP_CITY_STATE_INFLUENCE">
      <Text>{LOC_GRAMMAR_CIVNAME &lt;&lt; {1_CivName}} {1_CivName : plural 1?has; other?have;} {2_CityState}'ye bir Elçi gönderdi.</Text>
    </Row>
    <Row Tag="LOC_GOSSIP_CONQUER_CITY">
      <Text>{LOC_GRAMMAR_CIVNAME &lt;&lt; {1_CivName}} {1_CivName : plural 1?has; other?have;} {2_CityName}'yi fethetti.</Text>
    </Row>
    <Row Tag="LOC_GOSSIP_CONQUER_CAPITAL_CITY">
      <Text>{LOC_GRAMMAR_CIVNAME &lt;&lt; {1_CivName}} {1_CivName : plural 1?has; other?have;}, {3_CityName}'un orijinal {2_CivAdjective} başkentini fethetti.</Text>
    </Row>
    <Row Tag="LOC_GOSSIP_CONSTRUCT_BUILDING">
      <Text>{LOC_GRAMMAR_CIVNAME &lt;&lt; {1_CivName}} {1_CivName : plural 1?has; other?have;} {3_CityName} içinde {LOC_GRAMMAR_A_AN &lt;&lt; {2_BuildingName}} inşa edilmiştir.</Text>
    </Row>
    <Row Tag="LOC_GOSSIP_CONSTRUCT_DISTRICT">
      <Text>{LOC_GRAMMAR_CIVNAME &lt;&lt; {1_CivName}} {1_CivName : plural 1?has; other?have;} {3_CityName} içinde {LOC_GRAMMAR_A_AN &lt;&lt; {2_DistrictName}} inşa edilmiştir.</Text>
    </Row>
    <Row Tag="LOC_GOSSIP_CREATE_PANTHEON">
      <Text>{LOC_GRAMMAR_CIVNAME &lt;&lt; {1_CivName}} {1_CivName : plural 1?is; other?are;} {2_BeliefName} odaklı bir tanrılar panteonuna tapınmak İnanç.</Text>
    </Row>
    <Row Tag="LOC_GOSSIP_CULTURVATE_CIVIC">
      <Text>{LOC_GRAMMAR_CIVNAME &lt;&lt; {1_CivName}}, {2_CivicName}'in geliştirilmesini tamamlamıştır.</Text>
    </Row>
    <Row Tag="LOC_GOSSIP_DECLARED_FRIENDSHIP">
      <Text>{LOC_GRAMMAR_CIVNAME &lt;&lt; {1_CivName}} {1_CivName : plural 1?has; other?have;} {LOC_GRAMMAR_CIVNAME &lt;&lt; {2_CivName}} ile dostluklarını ilan etmişlerdir.</Text>
    </Row>
    <Row Tag="LOC_GOSSIP_DELEGATION">
      <Text>{LOC_GRAMMAR_CIVNAME &lt;&lt; {1_CivName}} {1_CivName : plural 1?has; other?have;} az önce yabancı bir heyeti kabul etti. Görünüşe göre {LOC_GRAMMAR_CIVNAME &lt;&lt; {2_CivName}}'den gelmişler.</Text>
    </Row>
    <Row Tag="LOC_GOSSIP_DENOUNCED">
      <Text>{LOC_GRAMMAR_CIVNAME &lt;&lt; {1_CivName}} {1_CivName : plural 1?has; other?have;} {LOC_GRAMMAR_CIVNAME &lt;&lt; {2_CivName}}'in kötü eylemlerini kınadı.</Text>
    </Row>
    <Row Tag="LOC_GOSSIP_EMBASSY">
      <Text>{LOC_GRAMMAR_CIVNAME &lt;&lt; {1_CivName}}'in başkentinde yeni bir bina ortaya çıktı: {LOC_GRAMMAR_CIVNAME &lt;&lt; {2_CivName}}'dan daimi bir büyükelçilik.</Text>
    </Row>
    <Row Tag="LOC_GOSSIP_ERA_CHANGED">
      <Text>{LOC_GRAMMAR_CIVNAME &lt;&lt; {1_CivName}} {1_CivName : plural 1?has; other?have;}, {2_OldEra}'den {3_NewEra}'a doğru ilerlemiştir.</Text>
    </Row>
    <Row Tag="LOC_GOSSIP_FIND_NATURAL_WONDER">
      <Text>{LOC_GRAMMAR_CIVNAME &lt;&lt; {1_CivName}} {1_CivName : plural 1?has; other?have;} sadece {2_NWName} doğa harikasına rastladı.</Text>
    </Row>
    <Row Tag="LOC_GOSSIP_FOUND_CITY">
      <Text>{LOC_GRAMMAR_CIVNAME &lt;&lt; {1_CivName}} {1_CivName : plural 1?is; other?are;} genişleyerek yeni yerleşim yerini ekler: {2_CityName}.</Text>
    </Row>
    <Row Tag="LOC_GOSSIP_FOUND_RELIGION">
      <Text>{LOC_GRAMMAR_CIVNAME &lt;&lt; {1_CivName}} {1_CivName : plural 1?has; other?have;} yeni bir Din kurdu: {2_ReligionName}.</Text>
    </Row>
    <Row Tag="LOC_GOSSIP_GREATPERSON_CREATED">
      <Text>{LOC_GRAMMAR_CIVNAME &lt;&lt; {1_CivName}} {1_CivName : plural 1?has; other?have;} {2_unit} {3_GreatPerson} kazanmıştır.</Text>
    </Row>
    <Row Tag="LOC_GOSSIP_LAUNCHING_ATTACK">
      <Text>{LOC_GRAMMAR_CIVNAME &lt;&lt; {1_CivName}} {1_CivName : plural 1?is; other?are;} {LOC_GRAMMAR_CIVNAME &lt;&lt; {2_CivName}}'e askeri bir saldırı başlatıyor.</Text>
    </Row>
    <Row Tag="LOC_GOSSIP_WAR_PREPARATION">
      <Text>{LOC_GRAMMAR_CIVNAME &lt;&lt; {1_CivName}} {1_CivName : plural 1?is; other?are;} {LOC_GRAMMAR_CIVNAME &lt;&lt; {2_CivName}}'e karşı bir savaş düşünüyor.</Text>
    </Row>
    <Row Tag="LOC_GOSSIP_INQUISITION_LAUNCHED">
      <Text>{LOC_GRAMMAR_CIVNAME &lt;&lt; {1_CivName}} {1_CivName : plural 1?has; other?have;}, {2_ReligionName}'ye karşı çıkan sapkınların kökünü kazımak için bir engizisyon başlattı.</Text>
    </Row>
    <Row Tag="LOC_GOSSIP_LAND_UNIT_LEVEL">
      <Text>{LOC_GRAMMAR_CIVNAME &lt;&lt; {1_CivName}} {1_CivName : plural 1?has; other?have;} {3_PromotionName} terfisini yeni kazanmış bir {2_UnitName}.</Text>
    </Row>
    <Row Tag="LOC_GOSSIP_MAKE_DOW">
      <Text>{LOC_GRAMMAR_CIVNAME &lt;&lt; {1_CivName}} {1_CivName : plural 1?has; other?have;} az önce {2_OtherPlayer}'ye savaş ilan etti!</Text>
    </Row>
    <Row Tag="LOC_GOSSIP_NATIONAL_PARK_CREATED">
      <Text>{LOC_GRAMMAR_CIVNAME &lt;&lt; {1_CivName}} {1_CivName : plural 1?has; other?have;} az önce {2_NationalParkName}'yi yarattı.</Text>
    </Row>
    <Row Tag="LOC_GOSSIP_NAVAL_UNIT_LEVEL">
      <Text>{LOC_GRAMMAR_CIVNAME &lt;&lt; {1_CivName}} {1_CivName : plural 1?has; other?have;} {3_PromotionName} terfisini yeni kazanmış bir {2_UnitName}.</Text>
    </Row>
    <Row Tag="LOC_GOSSIP_NEW_RELIGIOUS_MAJORITY">
      <Text>{LOC_GRAMMAR_CIVNAME &lt;&lt; {1_CivName}}'teki şehirlerin çoğunluğu şu anda Dini takip etmektedir: {2_ReligionName}.</Text>
    </Row>
    <Row Tag="LOC_GOSSIP_PILLAGE">
      <Text>{LOC_GRAMMAR_CIVNAME &lt;&lt; {1_CivName}} {1_CivName : plural 1?has; other?have;} {LOC_GRAMMAR_A_AN &lt;&lt; {3_UnitName}} ile bir düşmanı {2_TargetName} yağmaladı.</Text>
    </Row>
    <Row Tag="LOC_GOSSIP_POLICY_ENACTED">
      <Text>{LOC_GRAMMAR_CIVNAME &lt;&lt; {1_CivName}} {2_SlotName} politikasını {3_PolicyName} benimsemiştir.</Text>
    </Row>
    <Row Tag="LOC_GOSSIP_RECEIVE_DOW">
      <Text>{LOC_GRAMMAR_CIVNAME &lt;&lt; {1_CivName}} {1_CivName : plural 1?has; other?have;} {2_OtherPlayer} tarafından bir savaş ilanı için hedef alındı!</Text>
    </Row>
    <Row Tag="LOC_GOSSIP_RELIC_RECEIVED">
      <Text>{LOC_GRAMMAR_CIVNAME &lt;&lt; {1_CivName}}'ten hacılar şimdi kutsal emaneti görmek için akın ediyor: {2_RelicName}.</Text>
    </Row>
    <Row Tag="LOC_GOSSIP_RESEARCH_AGREEMENT">
      <Text>{LOC_GRAMMAR_CIVNAME &lt;&lt; {1_CivName}} ve {2_CivName}'ten bilim insanları bilimsel bir ortaklık kurdular.</Text>
    </Row>
    <Row Tag="LOC_GOSSIP_RESEARCH_TECH">
      <Text>{LOC_GRAMMAR_CIVNAME &lt;&lt; {1_CivName}}, {2_TechName} üzerine araştırmasını tamamlamıştır.</Text>
    </Row>
    <Row Tag="LOC_GOSSIP_SPY_CAPTURED">
      <Text>{3_SpyPlayer}'in ([2]'daki casusu {LOC_GRAMMAR_CIVNAME &lt;&lt; {1_CivName}} tarafından ele geçirilmiştir.)</Text>
    </Row>
    <Row Tag="LOC_GOSSIP_SPY_DISRUPT_ROCKETRY_DETECTED">
      <Text>{LOC_GRAMMAR_CIVNAME &lt;&lt; {1_CivName}}'in ([2]'daki uzay limanı {3_SpyPlayer}'den bir casus tarafından sabote edildi.)</Text>
    </Row>
    <Row Tag="LOC_GOSSIP_SPY_DISRUPT_ROCKETRY_UNDETECTED">
      <Text>{LOC_GRAMMAR_CIVNAME &lt;&lt; {1_CivName}}'ün {2_CityName}'teki uzay limanı bilinmeyen bir casus tarafından sabote edildi.</Text>
    </Row>
    <Row Tag="LOC_GOSSIP_SPY_GREAT_WORK_HEIST_DETECTED">
      <Text>{LOC_GRAMMAR_CIVNAME &lt;&lt; {1_CivName}}'in ([2]'daki Büyük Eseri {3_SpyPlayer}'den bir casus tarafından çalınmıştır.)</Text>
    </Row>
    <Row Tag="LOC_GOSSIP_SPY_GREAT_WORK_HEIST_UNDETECTED">
      <Text>{LOC_GRAMMAR_CIVNAME &lt;&lt; {1_CivName}}'ün {2_CityName}'teki Büyük Eseri bilinmeyen bir casus tarafından çalınmıştır.</Text>
    </Row>
    <Row Tag="LOC_GOSSIP_SPY_RECRUIT_PARTISANS_DETECTED">
      <Text>{LOC_GRAMMAR_CIVNAME &lt;&lt; {1_CivName}} {1_CivName : plural 1?is; other?are;} {2_CityName}'de {3_SpyPlayer} tarafından işe alınan partizanları bastırmaya çalışıyor.</Text>
    </Row>
    <Row Tag="LOC_GOSSIP_SPY_RECRUIT_PARTISANS_UNDETECTED">
      <Text>{LOC_GRAMMAR_CIVNAME &lt;&lt; {1_CivName}} {1_CivName : plural 1?is; other?are;} bilinmeyen bir casus tarafından işe alınan {2_CityName} partizanları bastırmaya çalışıyor.</Text>
    </Row>
    <Row Tag="LOC_GOSSIP_SPY_SABOTAGE_PRODUCTION_DETECTED">
      <Text>{LOC_GRAMMAR_CIVNAME &lt;&lt; {1_CivName}}'in ([2]'daki Sanayi Bölgesi {3_SpyPlayer}'den bir casus tarafından sabote edildi.)</Text>
    </Row>
    <Row Tag="LOC_GOSSIP_SPY_SABOTAGE_PRODUCTION_UNDETECTED">
      <Text>{LOC_GRAMMAR_CIVNAME &lt;&lt; {1_CivName}}'ün ([2]'teki Sanayi Bölgesi bilinmeyen bir casus tarafından sabote edildi.</Text>
    </Row>
    <Row Tag="LOC_GOSSIP_SPY_SIPHON_FUNDS_DETECTED">
      <Text>{LOC_GRAMMAR_CIVNAME &lt;&lt; {1_CivName}}'in fonları {2_CityName}'da {3_SpyPlayer}'den bir casus tarafından çalınmıştır.</Text>
    </Row>
    <Row Tag="LOC_GOSSIP_SPY_SIPHON_FUNDS_UNDETECTED">
      <Text>{LOC_GRAMMAR_CIVNAME &lt;&lt; {1_CivName}} fonları {2_CityName}'te bilinmeyen bir casus tarafından çalınmıştır.</Text>
    </Row>
    <Row Tag="LOC_GOSSIP_SPY_STEAL_TECH_BOOST_DETECTED">
      <Text>{LOC_GRAMMAR_CIVNAME &lt;&lt; {1_CivName}} teknoloji planlarını {2_CityName}'da {3_SpyPlayer}'den bir casus tarafından çaldırmıştır.</Text>
    </Row>
    <Row Tag="LOC_GOSSIP_SPY_STEAL_TECH_BOOST_UNDETECTED">
      <Text>{LOC_GRAMMAR_CIVNAME &lt;&lt; {1_CivName}} teknoloji planları {2_CityName} yılında bilinmeyen bir casus tarafından çalınmıştır.</Text>
    </Row>
    <Row Tag="LOC_GOSSIP_TRADE_DEAL">
      <Text>{LOC_GRAMMAR_CIVNAME &lt;&lt; {1_CivName}} {1_CivName : plural 1?is; other?are;} {LOC_GRAMMAR_CIVNAME &lt;&lt; {2_CivName}} ile ticaret.</Text>
    </Row>
    <Row Tag="LOC_GOSSIP_TRADE_RENEGE">
      <Text>{LOC_GRAMMAR_CIVNAME &lt;&lt; {1_CivName}} {1_CivName : plural 1?has; other?have;} {LOC_GRAMMAR_CIVNAME &lt;&lt; {2_CivName}} ile yaptığı anlaşmadan vazgeçti.</Text>
    </Row>
    <Row Tag="LOC_GOSSIP_TRAIN_SETTLER">
      <Text>{LOC_GRAMMAR_CIVNAME &lt;&lt; {1_CivName}} {1_CivName : plural 1?is; other?are;} yeni eğittikleri {2_UnitName} ile bir şehir kurmak istiyorlar.</Text>
    </Row>
    <Row Tag="LOC_GOSSIP_TRAIN_UNIT">
      <Text>{LOC_GRAMMAR_CIVNAME &lt;&lt; {1_CivName}} {1_CivName : plural 1?has; other?have;} dünyanın ilk {2_UnitName} eğitimini yeni tamamladı.</Text>
    </Row>
    <Row Tag="LOC_GOSSIP_TRAIN_UNIQUE_UNIT">
      <Text>{LOC_GRAMMAR_CIVNAME &lt;&lt; {1_CivName}} {1_CivName : plural 1?has; other?have;} benzersiz bir birim olan {2_UnitName}'yi eğitmiştir.</Text>
    </Row>
    <Row Tag="LOC_GOSSIP_PROJECT_STARTED">
      <Text>{LOC_GRAMMAR_CIVNAME &lt;&lt; {1_CivName}} {1_CivName : plural 1?has; other?have;} başladı {2_ProjectType}.</Text>
    </Row>
    <Row Tag="LOC_GOSSIP_SPACE_RACE_PROJECT_COMPLETED">
      <Text>{LOC_GRAMMAR_CIVNAME &lt;&lt; {1_CivName}} {1_CivName : plural 1?has; other?have;} Uzay Yarışı projesini {2_ProjectType} tamamladı.</Text>
    </Row>
    <Row Tag="LOC_GOSSIP_START_VICTORY_STRATEGY">
      <Text>{LOC_GRAMMAR_CIVNAME &lt;&lt; {1_CivName}} {1_CivName : plural 1?is; other?are;} {LOC_GRAMMAR_A_AN &lt;&lt; {2_VictoryName}} arıyor.</Text>
    </Row>
    <Row Tag="LOC_GOSSIP_STOP_VICTORY_STRATEGY">
      <Text>{LOC_GRAMMAR_CIVNAME &lt;&lt; {1_CivName}} {1_CivName : plural 1?is; other?are;} artık bir {2_VictoryType} aramıyor.</Text>
    </Row>
    <Row Tag="LOC_GOSSIP_WMD_BUILT">
      <Text>{LOC_GRAMMAR_CIVNAME &lt;&lt; {1_CivName}} {1_CivName : plural 1?has; other?have;} yeni inşa edildi {2_WMDCount} Kitle imha silahları.</Text>
    </Row>
    <Row Tag="LOC_GOSSIP_WMD_STRIKE">
      <Text>{LOC_GRAMMAR_CIVNAME &lt;&lt; {1_CivName}} {1_CivName : plural 1?has; other?have;} az önce bir Kitle İmha Silahını serbest bıraktı! A {2_UnitName}! Eğilin ve saklanın!</Text>
    </Row>
    <Row Tag="LOC_GOSSIP_WONDER_STARTED">
      <Text>{LOC_GRAMMAR_CIVNAME &lt;&lt; {1_CivName}} {1_CivName : plural 1?has; other?have;} {2_CityName}'deki araziyi {3_BuildingName} için temizledi.</Text>
    </Row>
    <Row Tag="LOC_GOSSIP_SOURCE_RUMOR">
      <Text>Söylentilere göre</Text>
    </Row>
    <Row Tag="LOC_GOSSIP_SOURCE_TECH">
      <Text>Yakın zamanda yayınlanan bir haberde</Text>
    </Row>
    <Row Tag="LOC_GOSSIP_SOURCE_TRADER">
      <Text>Tüccarınız, {1_Name}, kulak misafiri oldu</Text>
    </Row>
    <Row Tag="LOC_GOSSIP_SOURCE_DELEGATE">
      <Text>Temsilciniz, {1_Name}, şunu öğrendi</Text>
    </Row>
    <Row Tag="LOC_GOSSIP_SOURCE_TRAIT">
      <Text>Bekleyen leydiniz, {1_Name}, saray balosunda duydum ki</Text>
    </Row>
    <Row Tag="LOC_GOSSIP_SOURCE_ALLY">
      <Text>Müttefik bir arkadaşın bildirdiğine göre</Text>
    </Row>
    <Row Tag="LOC_GOSSIP_SOURCE_SPY">
      <Text>Casusunuz, {1_Name}, şu haberi ortaya çıkardı</Text>
    </Row>
    <Row Tag="LOC_GOSSIP_SOURCE_GREAT_PERSON_JOURNALISM">
      <Text>Cesur muhabiriniz, {1_Name}, şunu keşfetti</Text>
    </Row>
    <Row Tag="LOC_GOSSIP_LOST_CITY">
      <Text>"kayıp" bir şehir</Text>
    </Row>
    <Row Tag="LOC_VIZSOURCE_TECH">
      <Text>Baskı teknolojisi araştırıldı</Text>
    </Row>
    <Row Tag="LOC_VIZSOURCE_TRADER">
      <Text>Ticaret Yolu kuruldu</Text>
    </Row>
    <Row Tag="LOC_VIZSOURCE_DELEGATE">
      <Text>Gönderilen Delege veya Elçilik</Text>
    </Row>
    <Row Tag="LOC_VIZSOURCE_TRAIT">
      <Text>Catherine'in Uçan Filosu</Text>
    </Row>
    <Row Tag="LOC_VIZSOURCE_ALLY">
      <Text>İttifak yürürlükte</Text>
    </Row>
    <Row Tag="LOC_VIZSOURCE_SPY">
      <Text>Yerinde casus</Text>
    </Row>
    <Row Tag="LOC_VIZSOURCE_GREAT_PERSON_JOURNALISM">
      <Text>Mary Katherine Goddard'ın Büyük Tüccar Etkisi</Text>
    </Row>
    <Row Tag="LOC_VIZSOURCE_ACTION_TECH">
      <Text>Baskı teknolojisini araştırın.</Text>
    </Row>
    <Row Tag="LOC_VIZSOURCE_ACTION_TRADER">
      <Text>Bir Ticaret Rotası Oluşturun.</Text>
    </Row>
    <Row Tag="LOC_VIZSOURCE_ACTION_DELEGATE">
      <Text>Bir heyet gönderin veya bir elçilik kurun.</Text>
    </Row>
    <Row Tag="LOC_VIZSOURCE_ACTION_TRAIT">
      <Text>Catherine de Medici olarak oynayın.</Text>
    </Row>
    <Row Tag="LOC_VIZSOURCE_ACTION_ALLY">
      <Text>Müttefik olun (Kamu Hizmeti gerektirir).</Text>
    </Row>
    <Row Tag="LOC_VIZSOURCE_ACTION_SPY">
      <Text>Bir casusu Dinleme Karakolu görevine gönder.</Text>
    </Row>
    <Row Tag="LOC_VIZSOURCE_ACTION_GREAT_PERSON_JOURNALISM">
      <Text>Mary Katherine Goddard'ın Büyük Tüccar yeteneğini kullanın.</Text>
    </Row>
  </BaseGameText>
</GameData>