﻿<?xml version="1.0" encoding="utf-8"?>
<GameData>
  <EnglishText>
    <Row Tag="LOC_GREAT_WARLORDS_MOD_TITLE">
      <Text>Büyük Komutanlar Lider Paketi</Text>
    </Row>
    <Row Tag="LOC_GREAT_WARLORDS_MOD_TEASER">
      <Text>Yeni Alternatif Liderler - Japon Tokugawa, İranlı Nadir Şah ve Osmanlı Süleyman (Muhteşem)</Text>
    </Row>
    <Row Tag="LOC_GREAT_WARLORDS_MOD_DESCRIPTION">
      <Text>Mevcut Medeniyetler için 3 yeni alternatif Lider içerir. Tokugawa, Nadir Şah ve Süleyman'ı (Muhteşem) içerir.</Text>
    </Row>
  </EnglishText>
</GameData>