﻿<?xml version="1.0" encoding="utf-8"?>
<GameData>
  <EnglishText>
    <Row Tag="LOC_INDONESIA_KHMER_MOD_TITLE">
      <Text>Khmer ve Endonezya Uygarlık Paketi</Text>
    </Row>
    <Row Tag="LOC_INDONESIA_KHMER_MOD_TEASER">
      <Text>Yeni Medeniyetler ve Liderler - Endonezya'dan Dyah Gitarja ve Khmer'den Jayavarman VII</Text>
    </Row>
    <Row Tag="LOC_INDONESIA_KHMER_MOD_DESCRIPTION">
      <Text>İki yeni uygarlık, iki lider, bir dünya harikası, bir doğa harikası ve iki harita içerir.</Text>
    </Row>
    <Row Tag="LOC_MOD_INDONESIA_KHMER_SCENARIO_TITLE">
      <Text>Senaryo: Nirvana'ya Giden Yol</Text>
    </Row>
    <Row Tag="LOC_MOD_INDONESIA_KHMER_SCENARIO_TEASER">
      <Text>İnancınızı Doğu Asya'ya yayın.</Text>
    </Row>
    <Row Tag="LOC_MOD_INDONESIA_KHMER_SCENARIO_DESCRIPTION">
      <Text>Hint Okyanusu çevresindeki topraklar birçok din ve birçok insanla gelişiyor. Cennet tüm bu topraklara ışığı götürmeniz için sizi seçti. İnancınız bu zorlu göreve uygun mu? Güneydoğu Asya halkını dininizi takip etmeye ikna edebilir misiniz?</Text>
    </Row>
  </EnglishText>
</GameData>