﻿<?xml version="1.0" encoding="utf-8" standalone="yes"?>
<GameData xmlns:xsi="http://www.w3.org/2001/XMLSchema-instance">
  <BaseGameText>
    <!-- Ruleset -->
    <Row Tag="LOC_NAPOLEON_RULESET_TITLE">
      <Text>Süvari ve Topçu Birlikleri</Text>
    </Row>
    <Row Tag="LOC_NAPOLEON_RULESET_TEASER">
      <Text>Sanayi Çağı'nda geçen bu savaş odaklı senaryoda düşmanlarınızdan toprak koparın. 50 Tur Sürer.[NEWLINE]Zafer Koşulları[NEWLINE][ICON_Bullet]Tur sınırında en fazla bölgeye sahip olarak Sanayi Çağının en büyük stratejisti olduğunuzu kanıtlayın.[NEWLINE]Oynanış Değişiklikleri[NEWLINE][ICON_Bullet]Birim bakım maliyetleri büyük ölçüde azaltıldı.[NEWLINE][ICON_Bullet]Birimlerin inşa edilmesi için artık stratejik kaynaklar gerekmiyor.</Text>
    </Row>
    <!-- Victories  -->
    <Row Tag="LOC_NAPOLEON_VICTORY_TITLE">
      <Text>Senin için Waterloo yok</Text>
    </Row>
    <Row Tag="LOC_NAPOLEON_VICTORY_TITLE_ALT">
      <Text>Demir, Toprak ve Zafer için!</Text>
    </Row>
    <Row Tag="LOC_NAPOLEON_VICTORY_DESC">
      <Text>Dönüş sınırında en fazla bölgeye sahip olarak Endüstri Çağı'nın en büyük stratejisti olduğunuzu kanıtlayın.</Text>
    </Row>
    <Row Tag="LOC_NAPOLEON_VICTORY_WIN_BLURB">
      <Text>"Savaş alanı sürekli bir kaos sahnesidir. Kazanan, hem kendi hem de düşmanlarının kaosunu kontrol eden kişi olacaktır." -Napoleon Bonaparte</Text>
    </Row>
    <!-- Mod Package Text -->
    <Row Tag="LOC_NAPOLEON_MOD_TITLE">
      <Text>Çok Oyunculu Senaryo: Süvariler ve Toplar</Text>
    </Row>
    <Row Tag="LOC_NAPOLEON_MOD_TEASER">
      <Text>Sanayi Çağı'nda geçen bu savaş odaklı senaryoda düşmanlarınızdan toprak koparın. 50 Tur Sürer.</Text>
    </Row>
    <Row Tag="LOC_NAPOLEON_MOD_DESCRIPTION">
      <Text>Zafer Koşulları[NEWLINE]Dönüş sınırında en fazla bölgeye sahip olarak Endüstri Çağının en büyük stratejisti olduğunuzu kanıtlayın.</Text>
    </Row>
    <Row Tag="LOC_VICTORY_NAPOLEON_PROGRESS">
      <Text>Bölge Büyüklüğü {TerritorySize} {TerritorySizeIcon}</Text>
    </Row>
    <Row Tag="LOC_MAX_TURNS_REACHED_PROGRESS">
      <Text>Dönüş Sınırı {ElapsedTurns}\{MaxGameTurn} {StatusIcon}</Text>
    </Row>
    <!-- End Game Leader Ranking -->
    <Row Tag="LOC_NAPOLEON_ENDGAME_RANKING_LEADER_QUOTE">
      <Text>"Zafer, en azimli olana aittir." -Napoleon Bonaparte</Text>
    </Row>
    <Row Tag="LOC_NAPOLEON_ENDGAME_RANKING_LEADER_1_NAME">
      <Text>İmparator I. Napolyon</Text>
    </Row>
    <Row Tag="LOC_NAPOLEON_ENDGAME_RANKING_LEADER_2_NAME">
      <Text>Birinci Konsolos Bonaparte</Text>
    </Row>
    <Row Tag="LOC_NAPOLEON_ENDGAME_RANKING_LEADER_3_NAME">
      <Text>Napolyon, İçişleri Generali</Text>
    </Row>
    <Row Tag="LOC_NAPOLEON_ENDGAME_RANKING_LEADER_4_NAME">
      <Text>Tuğgeneral Bonaparte</Text>
    </Row>
    <Row Tag="LOC_NAPOLEON_ENDGAME_RANKING_LEADER_5_NAME">
      <Text>Teğmen Napoleon Bonaparte</Text>
    </Row>
    <Row Tag="LOC_NAPOLEON_ENDGAME_RANKING_LEADER_6_NAME">
      <Text>Napoleone di Buonaparte</Text>
    </Row>
    <Row Tag="LOC_NAPOLEON_ENDGAME_RANKING_LEADER_1_NAME_ALT">
      <Text>Demir İmparatorluğu Hükümdarı</Text>
    </Row>
    <Row Tag="LOC_NAPOLEON_ENDGAME_RANKING_LEADER_2_NAME_ALT">
      <Text>Filonun Büyük Amirali</Text>
    </Row>
    <Row Tag="LOC_NAPOLEON_ENDGAME_RANKING_LEADER_3_NAME_ALT">
      <Text>Kara Kuvvetleri Tuğgenerali</Text>
    </Row>
    <Row Tag="LOC_NAPOLEON_ENDGAME_RANKING_LEADER_4_NAME_ALT">
      <Text>Süvari Albayı</Text>
    </Row>
    <Row Tag="LOC_NAPOLEON_ENDGAME_RANKING_LEADER_5_NAME_ALT">
      <Text>Topçu Yüzbaşı</Text>
    </Row>
    <Row Tag="LOC_NAPOLEON_ENDGAME_RANKING_LEADER_6_NAME_ALT">
      <Text>Teğmen Martinet</Text>
    </Row>
  </BaseGameText>
</GameData>