﻿<?xml version="1.0" encoding="utf-8"?>
<!-- edited with XMLSPY v2004 rel. 2 U (http://www.xmlspy.com) by Ed Beach (Firaxis Games) -->
<GameData>
  <BaseGameText>
    <!--Turn-Blocking Notifications -->
    <Row Tag="LOC_NOTIFICATION_CHOOSE_ARTIFACT_PLAYER_MESSAGE">
      <Text>Obje Seçin</Text>
    </Row>
    <Row Tag="LOC_NOTIFICATION_CHOOSE_ARTIFACT_PLAYER_SUMMARY">
      <Text>Bir antik bölgeyi kazdınız. Şimdi müzenize geri götürmek üzere bir eser seçin.</Text>
    </Row>
    <Row Tag="LOC_NOTIFICATION_CHOOSE_TECH_MESSAGE">
      <Text>Bir Teknoloji Seçin</Text>
    </Row>
    <Row Tag="LOC_NOTIFICATION_CHOOSE_TECH_SUMMARY">
      <Text>Araştırmaya başlamak için yeni bir teknoloji seçin.</Text>
    </Row>
    <Row Tag="LOC_NOTIFICATION_CHOOSE_CITY_PRODUCTION_MESSAGE">
      <Text>Üretim Seçiniz</Text>
    </Row>
    <Row Tag="LOC_NOTIFICATION_CHOOSE_CITY_PRODUCTION_SUMMARY">
      <Text>Bu şehirde üretim tamamlandı. Bundan sonra ne üreteceğimizi seçin.</Text>
    </Row>
    <Row Tag="LOC_NOTIFICATION_CHOOSE_CIVIC_MESSAGE">
      <Text>Bir Civic Seçin</Text>
    </Row>
    <Row Tag="LOC_NOTIFICATION_CHOOSE_CIVIC_SUMMARY">
      <Text>Geliştirmeye başlamak için yeni bir sivil seçin.</Text>
    </Row>
    <Row Tag="LOC_NOTIFICATION_COMMAND_UNITS_MESSAGE">
      <Text>Komuta Birimleri</Text>
    </Row>
    <Row Tag="LOC_NOTIFICATION_COMMAND_UNITS_SUMMARY">
      <Text>Bir birimi taşıyın veya bir işlem gerçekleştirmesini sağlayın.</Text>
    </Row>
    <Row Tag="LOC_NOTIFICATION_CITY_RANGE_ATTACK_MESSAGE">
      <Text>Şehir Menzilli Saldırı</Text>
    </Row>
    <Row Tag="LOC_NOTIFICATION_CITY_RANGE_ATTACK_SUMMARY">
      <Text>Şehriniz menzilli bir saldırı gerçekleştirebilir.</Text>
    </Row>
    <Row Tag="LOC_NOTIFICATION_CONSIDER_GOVERNMENT_CHANGE_MESSAGE">
      <Text>Hükümetleri Değiştirmeyi Düşünün</Text>
    </Row>
    <Row Tag="LOC_NOTIFICATION_CONSIDER_GOVERNMENT_CHANGE_SUMMARY">
      <Text>Yeni bir hükümetin kilidini açan bir yurttaşlık görevini tamamladınız. Bu yönetim biçimine geçmeyi düşünmelisiniz.</Text>
    </Row>
    <Row Tag="LOC_NOTIFICATION_CONSIDER_RAZE_CITY_MESSAGE">
      <Text>Şehri Yıkın ya da Koruyun</Text>
    </Row>
    <Row Tag="LOC_NOTIFICATION_CONSIDER_RAZE_CITY_SUMMARY">
      <Text>Bu tur bir şehri fethettiniz. Özgürleştirmeye, yerle bir etmeye ya da elde tutmaya karar verin.</Text>
    </Row>
    <Row Tag="LOC_NOTIFICATION_FILL_CIVIC_SLOT_MESSAGE">
      <Text>Poliçe Yuvasını Doldur</Text>
    </Row>
    <Row Tag="LOC_NOTIFICATION_FILL_CIVIC_SLOT_SUMMARY">
      <Text>Hükümetimize bir politika eklenmesi gerekiyor.</Text>
    </Row>
    <Row Tag="LOC_NOTIFICATION_CHOOSE_PANTHEON_MESSAGE">
      <Text>Pantheon'u Seçin</Text>
    </Row>
    <Row Tag="LOC_NOTIFICATION_CHOOSE_RELIGION_MESSAGE">
      <Text>Dini Seçin</Text>
    </Row>
    <Row Tag="LOC_NOTIFICATION_CHOOSE_BELIEF_MESSAGE">
      <Text>İnancı Seçin</Text>
    </Row>
    <Row Tag="LOC_NOTIFICATION_CLAIM_GREAT_PERSON_MESSAGE">
      <Text>Harika Bir İnsan Olduğunu İddia Edin</Text>
    </Row>
    <Row Tag="LOC_NOTIFICATION_CLAIM_GREAT_PERSON_SUMMARY">
      <Text>Harika Bir İnsan kazandınız ve bunları kabul edip etmeyeceğinizi seçmeniz gerekiyor.</Text>
    </Row>
    <Row Tag="LOC_NOTIFICATION_GIVE_INFLUENCE_TOKEN_MESSAGE">
      <Text>Elçi Gönder</Text>
    </Row>
    <Row Tag="LOC_NOTIFICATION_GIVE_INFLUENCE_TOKEN_SUMMARY">
      <Text>Bir [ICON_Envoy] Elçi kazandınız ve onu bonuslar için bir şehir devletine gönderebilirsiniz.</Text>
    </Row>
    <!-- Unit Notifications -->
    <Row Tag="LOC_NOTIFICATION_UNIT_DIED">
      <Text>Öldürülen Birim</Text>
    </Row>
    <Row Tag="LOC_NOTIFICATION_UNIT_DISBANDED_MESSAGE">
      <Text>Birim Dağıldı</Text>
    </Row>
    <Row Tag="LOC_NOTIFICATION_UNIT_DISBANDED_SUMMARY">
      <Text>[ICON_Gold] Altın bakiyeniz negatif. {1_UnitName}'ünüz dağıtıldı.</Text>
    </Row>
    <Row Tag="LOC_NOTIFICATION_UNIT_PROMOTION_AVAILABLE_MESSAGE">
      <Text>Terfi için uygun birim</Text>
    </Row>
    <Row Tag="LOC_NOTIFICATION_UNIT_PROMOTION_AVAILABLE_SUMMARY">
      <Text>{1_UnitName} birimi promosyon için kullanılabilir.</Text>
    </Row>
    <Row Tag="LOC_NOTIFICATION_PLAYER_DEFEATED_MESSAGE">
      <Text>Yenildi!</Text>
    </Row>
    <Row Tag="LOC_NOTIFICATION_PLAYER_DEFEATED_SUMMARY">
      <Text>{1_leader} mağlup edilmiştir.</Text>
    </Row>
    <Row Tag="LOC_NOTIFICATION_PLAYER_DEFEATED_BY_SUMMARY">
      <Text>{1_leader}, {2_leader} tarafından mağlup edilmiştir.</Text>
    </Row>
    <Row Tag="LOC_NOTIFICATION_UNMET_PLAYER_DEFEATED_MESSAGE">
      <Text>Yenildi!</Text>
    </Row>
    <Row Tag="LOC_NOTIFICATION_UNMET_PLAYER_DEFEATED_SUMMARY">
      <Text>Karşılanmamış bir oyuncu yenildi.</Text>
    </Row>
    <Row Tag="LOC_NOTIFICATION_UNMET_CITY_STATE_DEFEATED_SUMMARY">
      <Text>Karşılanmamış bir şehir devleti mağlup edildi.</Text>
    </Row>
    <Row Tag="LOC_NOTIFICATION_UNIT_LOST_TO_OCCUPATION">
      <Text>Düşman işgali nedeniyle bir {1_UnitName} kaybettiniz.</Text>
    </Row>
    <Row Tag="LOC_NOTIFICATION_UNIT_RETREAT_FROM_OCCUPATION">
      <Text>Bir düşman işgali {1_UnitName}'nizi geri çekilmeye zorladı.</Text>
    </Row>
    <Row Tag="LOC_NOTIFICATION_UNIT_LOST_TO_RADIATION_POISONING">
      <Text>Radyasyon zehirlenmesi nedeniyle bir {1_UnitName} kaybettiniz.</Text>
    </Row>
    <Row Tag="LOC_NOTIFICATION_UNIT_LOST_TO_WATER_DAMAGE">
      <Text>Su zehirlenmesi nedeniyle bir {1_UnitName} kaybettiniz.</Text>
    </Row>
    <Row Tag="LOC_NOTIFICATION_UNIT_LOST_LIFESPAN_EXPIRED_MESSAGE">
      <Text>Birim Süresi Doldu</Text>
    </Row>
    <Row Tag="LOC_NOTIFICATION_UNIT_LOST_LIFESPAN_EXPIRED_SUMMARY">
      <Text>{1_UnitName} [ICON_Lifespan] Ömürlerinin sonuna ulaşmıştır.</Text>
    </Row>
    <!-- Diplomacy Notifications-->
    <Row Tag="LOC_NOTIFICATION_DECLARE_WAR_MESSAGE">
      <Text>Savaş İlanı</Text>
    </Row>
    <Row Tag="LOC_NOTIFICATION_DECLARE_WAR_SUMMARY">
      <Text>{LOC_GRAMMAR_LEADER_UPPER &lt;&lt; {1_leader}} {1_leader: plural 1?has; other?have;} {LOC_GRAMMAR_LEADER &lt;&lt; {2_leader}}'e savaş ilan etti.</Text>
    </Row>
    <Row Tag="LOC_NOTIFICATION_MAKE_PEACE_MESSAGE">
      <Text>Müzakere Edilmiş Barış</Text>
    </Row>
    <Row Tag="LOC_NOTIFICATION_MAKE_PEACE_SUMMARY">
      <Text>{LOC_GRAMMAR_LEADER_UPPER &lt;&lt; {1_leader}} {1_leader: plural 1?has; other?have;} {LOC_GRAMMAR_LEADER &lt;&lt; {2_leader}} ile barış yaptı.</Text>
    </Row>
    <Row Tag="LOC_NOTIFICATION_PLAYER_MET_MESSAGE_CIV">
      <Text>Yeni bir uygarlıkla tanıştınız</Text>
    </Row>
    <Row Tag="LOC_NOTIFICATION_PLAYER_MET_MESSAGE_CITY_STATE">
      <Text>Yeni bir şehir devletiyle tanıştınız</Text>
    </Row>
    <Row Tag="LOC_NOTIFICATION_PLAYER_MET_SUMMARY">
      <Text>{LOC_GRAMMAR_CIVDESC &lt;&lt; {2_CivDesc}}'nın {LOC_GRAMMAR_LEADER &lt;&lt; {1_leader}}'ini karşıladınız.</Text>
    </Row>
    <Row Tag="LOC_NOTIFICATION_BORDERS_NOW_ENFORCED_MESSAGE">
      <Text>{LOC_GRAMMAR_LEADER_UPPER &lt;&lt; {1_leader}} Sınırları Zorluyor</Text>
    </Row>
    <Row Tag="LOC_NOTIFICATION_BORDERS_NOW_ENFORCED_SUMMARY">
      <Text>{LOC_GRAMMAR_LEADER_UPPER &lt;&lt; {1_leader}} {1_leader: plural 1?is; other?are;} şimdi sınırlarını zorluyor. İmparatorlukları içindeki birimleriniz topraklarının hemen dışındaki bir kareye kaydırıldı.</Text>
    </Row>
    <Row Tag="LOC_NOTIFICATION_DIPLO_FRIENDSHIP_EXPIRED_MESSAGE">
      <Text>Arkadaşlık Süresi Doldu</Text>
    </Row>
    <Row Tag="LOC_NOTIFICATION_DIPLO_FRIENDSHIP_EXPIRED_SUMMARY">
      <Text>{LOC_GRAMMAR_LEADER &lt;&lt; {1_leader}} ile olan dostluğunuzun süresi doldu ve yenilenmesi gerekecek.</Text>
    </Row>
    <Row Tag="LOC_NOTIFICATION_DIPLO_ALLIANCE_EXPIRED_MESSAGE">
      <Text>İttifak Süresi Doldu</Text>
    </Row>
    <Row Tag="LOC_NOTIFICATION_DIPLO_ALLIANCE_EXPIRED_SUMMARY">
      <Text>{LOC_GRAMMAR_LEADER &lt;&lt; {1_leader}} ile ittifakınızın süresi doldu ve yenilenmesi gerekecek.</Text>
    </Row>
    <Row Tag="LOC_NOTIFICATION_CASUS_BELLI_GAINED_MESSAGE">
      <Text>Casus Belli Kazanıldı</Text>
    </Row>
    <Row Tag="LOC_NOTIFICATION_CASUS_BELLI_GAINED_SUMMARY">
      <Text>{LOC_GRAMMAR_LEADER &lt;&lt; {2_leader}} üzerinde bir {1_WarType} ilan etmek için bir Casus Belli kazandınız.</Text>
    </Row>
    <Row Tag="LOC_NOTIFICATION_WAR_TYPE_COLONIAL">
      <Text>Koloni Savaşı</Text>
    </Row>
    <Row Tag="LOC_NOTIFICATION_WAR_TYPE_HOLY">
      <Text>Kutsal Savaş</Text>
    </Row>
    <Row Tag="LOC_NOTIFICATION_WAR_TYPE_LIBERATION">
      <Text>Kurtuluş Savaşı</Text>
    </Row>
    <Row Tag="LOC_NOTIFICATION_WAR_TYPE_PROTECTORATE">
      <Text>Protektora Savaşı</Text>
    </Row>
    <Row Tag="LOC_NOTIFICATION_WAR_TYPE_RECONQUEST">
      <Text>Yeniden Fetih Savaşı</Text>
    </Row>
    <Row Tag="LOC_NOTIFICATION_WAR_TYPE_TERRITORIAL_EXPANSION">
      <Text>Bölgesel Genişleme Savaşı</Text>
    </Row>
    <!-- Espionage Notifications -->
    <Row Tag="LOC_NOTIFICATION_SPY_CHOOSE_ESCAPE_ROUTE_MESSAGE">
      <Text>Kaçış Rotasını Seçin</Text>
    </Row>
    <Row Tag="LOC_NOTIFICATION_SPY_CHOOSE_DRAGNET_PRIORITY_MESSAGE">
      <Text>Takip Önceliğini Seçin</Text>
    </Row>
    <Row Tag="LOC_NOTIFICATION_SPY_HEIST_GREAT_WORK_SUMMARY">
      <Text>{2_CityName}'teki ajanınız {1_unitName}, Büyük Eser "{3_Work} "i çalmayı başardı.</Text>
    </Row>
    <Row Tag="LOC_NOTIFICATION_SPY_HEIST_GREAT_WORK_MESSAGE">
      <Text>Başarı Büyük Çalışmayı Çalıyor</Text>
    </Row>
    <Row Tag="LOC_NOTIFICATION_SPY_ENEMY_HEIST_GREAT_WORK_SUMMARY">
      <Text>{1_CityName}'teki bir düşman casusu "([2]" Büyük Eserini çalmayı başardı.)</Text>
    </Row>
    <Row Tag="LOC_NOTIFICATION_SPY_ENEMY_HEIST_GREAT_WORK_MESSAGE">
      <Text>Düşman Büyük Çalışmayı Çaldı</Text>
    </Row>
    <Row Tag="LOC_NOTIFICATION_SPY_SABOTAGED_PRODUCTION_SUMMARY">
      <Text>Ajanınız {1_unitName}, {2_cityName} kentindeki Sanayi Bölgesini sabote etmeyi başardı.</Text>
    </Row>
    <Row Tag="LOC_NOTIFICATION_SPY_SABOTAGED_PRODUCTION_MESSAGE">
      <Text>Üretimi Sabote Eden Başarı</Text>
    </Row>
    <Row Tag="LOC_NOTIFICATION_SPY_ENEMY_SABOTAGED_PRODUCTION_SUMMARY">
      <Text>Bir düşman casusu {1_cityName} şehrindeki Sanayi Bölgesine sabotaj düzenlemeyi başardı.</Text>
    </Row>
    <Row Tag="LOC_NOTIFICATION_SPY_ENEMY_SABOTAGED_PRODUCTION_MESSAGE">
      <Text>Düşman Casusu Üretimi Sabote Etti</Text>
    </Row>
    <Row Tag="LOC_NOTIFICATION_SPY_SIPHONED_FUNDS_SUMMARY">
      <Text>Ajanınız {1_unitName} {2_Amount} [ICON_Gold] Altınını {3_cityName} şehrinden hortumlamayı başardı.</Text>
    </Row>
    <Row Tag="LOC_NOTIFICATION_SPY_SIPHONED_FUNDS_MESSAGE">
      <Text>Başarı Altın Sifonlama</Text>
    </Row>
    <Row Tag="LOC_NOTIFICATION_SPY_ENEMY_SIPHONED_FUNDS_SUMMARY">
      <Text>Bir düşman casusu {1_Amount} [ICON_Gold] Altınını {2_cityName} şehrinden hortumlamayı başardı.</Text>
    </Row>
    <Row Tag="LOC_NOTIFICATION_SPY_ENEMY_SIPHONED_FUNDS_MESSAGE">
      <Text>Düşman Casus Altın Hortumlama</Text>
    </Row>
    <Row Tag="LOC_NOTIFICATION_SPY_STOLE_TECH_BOOST_SUMMARY">
      <Text>{2_CityName}'teki ajanınız {1_unitName}, {3_Tech}'ya giden desteği çalmayı başardı.</Text>
    </Row>
    <Row Tag="LOC_NOTIFICATION_SPY_STOLE_TECH_BOOST_MESSAGE">
      <Text>Başarı Çalan Teknoloji Desteği</Text>
    </Row>
    <Row Tag="LOC_NOTIFICATION_SPY_ENEMY_STOLE_TECH_BOOST_SUMMARY">
      <Text>{1_CityName}'teki bir düşman Spy {2_Tech}'e giden desteği çalmayı başardı.</Text>
    </Row>
    <Row Tag="LOC_NOTIFICATION_SPY_ENEMY_STOLE_TECH_BOOST_MESSAGE">
      <Text>Düşman Teknoloji Desteğini Çaldı</Text>
    </Row>
    <Row Tag="LOC_NOTIFICATION_SPY_RECRUITED_PARTISANS_SUMMARY">
      <Text>{2_CityName}'teki ajanınız {1_unitName} şehirlerini geri almak isteyen partizan güçleri toplamayı başardı.</Text>
    </Row>
    <Row Tag="LOC_NOTIFICATION_SPY_RECRUITED_PARTISANS_MESSAGE">
      <Text>Partizan Kazanma Başarısı</Text>
    </Row>
    <Row Tag="LOC_NOTIFICATION_SPY_ENEMY_RECRUITED_PARTISANS_SUMMARY">
      <Text>{1_CityName}'deki bir düşman casusu, şimdi şehrinizi tehdit eden partizan güçleri toplamayı başardı.</Text>
    </Row>
    <Row Tag="LOC_NOTIFICATION_SPY_ENEMY_RECRUITED_PARTISANS_MESSAGE">
      <Text>Düşman Tarafından Devşirilen Partizanlar</Text>
    </Row>
    <Row Tag="LOC_NOTIFICATION_SPY_DISRUPTED_ROCKETRY_SUMMARY">
      <Text>Ajanınız {1_unitName}, {2_cityName} şehrindeki Uzay Limanını yağmalamayı başardı.</Text>
    </Row>
    <Row Tag="LOC_NOTIFICATION_SPY_DISRUPTED_ROCKETRY_MESSAGE">
      <Text>Roketçiliği Yıkan Başarı</Text>
    </Row>
    <Row Tag="LOC_NOTIFICATION_SPY_ENEMY_DISRUPTED_ROCKETRY_SUMMARY">
      <Text>Bir düşman Spy {1_cityName} şehrindeki Uzay Üssünü yağmalamayı başardı.</Text>
    </Row>
    <Row Tag="LOC_NOTIFICATION_SPY_ENEMY_DISRUPTED_ROCKETRY_MESSAGE">
      <Text>Düşman Casusu Roketçiliği Bozdu</Text>
    </Row>
    <Row Tag="LOC_NOTIFICATION_SPY_CITY_SOURCES_GAINED_SUMMARY">
      <Text>Ajanınız {1_unitName}, {2_CityName}'nın iç işleyişi hakkında bilgi sahibi olan kaynaklar edindi. O şehirdeki casuslarınız {4_Turns} tur boyunca {3_Levels} seviye daha yüksek çalışacak.</Text>
    </Row>
    <Row Tag="LOC_NOTIFICATION_SPY_CITY_SOURCES_GAINED_MESSAGE">
      <Text>Elde Edilen Kaynaklar</Text>
    </Row>
    <Row Tag="LOC_NOTIFICATION_SPY_LISTENING_POST_SUMMARY">
      <Text>Temsilciniz {1_unitName}, {2_CityName}'teki bir dinleme noktasında geçirdiği süreyi tamamladı.</Text>
    </Row>
    <Row Tag="LOC_NOTIFICATION_SPY_LISTENING_POST_MESSAGE">
      <Text>Dinleme Postası Tamamlandı</Text>
    </Row>
    <Row Tag="LOC_NOTIFICATION_SPY_FLED_CITY_SUMMARY">
      <Text>Ajanınız {1_unitName} {2_CityName} şehrinden kaçtı çünkü orada yeni bir imparatorluk iktidarda.</Text>
    </Row>
    <Row Tag="LOC_NOTIFICATION_SPY_FLED_CITY_MESSAGE">
      <Text>Casus Şehirden Kaçıyor</Text>
    </Row>
    <Row Tag="LOC_NOTIFICATION_SPY_FLED_CITY_ALLIANCE_SUMMARY">
      <Text>Temsilciniz {1_unitName}, sahibiyle kurduğunuz yeni ittifakın şartlarını yerine getirmek üzere {2_CityName} şehrinden ayrıldı.</Text>
    </Row>
    <Row Tag="LOC_NOTIFICATION_SPY_FLED_CITY_ALLIANCE_MESSAGE">
      <Text>Casus Şehirden Çıkıyor</Text>
    </Row>
    <Row Tag="LOC_NOTIFICATION_SPY_MISSION_FAILED_SUMMARY">
      <Text>Ajanınız {1_unitName}, {3_cityName} şehrindeki {2_mission} görevinde başarısız oldu.</Text>
    </Row>
    <Row Tag="LOC_NOTIFICATION_SPY_MISSION_FAILED_MESSAGE">
      <Text>Casus Başarısız</Text>
    </Row>
    <Row Tag="LOC_NOTIFICATION_SPY_CAPTURED_SUMMARY">
      <Text>Ajanınız {1_unitName} {3_cityName} şehrinde bir {2_mission} görev sırasında yakalandı!</Text>
    </Row>
    <Row Tag="LOC_NOTIFICATION_SPY_CAPTURED_MESSAGE">
      <Text>Casus Yakalandı</Text>
    </Row>
    <Row Tag="LOC_NOTIFICATION_SPY_ENEMY_CAPTURED_SUMMARY">
      <Text>{1_civName}'ten bir Casus {2_mission} görevi sırasında {3_cityName} şehrinde yakalandı!</Text>
    </Row>
    <Row Tag="LOC_NOTIFICATION_SPY_ENEMY_CAPTURED_MESSAGE">
      <Text>Düşman Casusu Yakalandı</Text>
    </Row>
    <Row Tag="LOC_NOTIFICATION_SPY_KILLED_SUMMARY">
      <Text>Ajanınız {1_unitName} {2_mission} görevi sırasında {3_cityName} şehrinde öldürüldü!</Text>
    </Row>
    <Row Tag="LOC_NOTIFICATION_SPY_KILLED_MESSAGE">
      <Text>Casus Öldürüldü</Text>
    </Row>
    <Row Tag="LOC_NOTIFICATION_SPY_ENEMY_KILLED_SUMMARY">
      <Text>{1_civName}'ten bir Casus {2_mission} görevi sırasında {3_cityName} şehrinde öldürüldü. {4_CounterspyAssist}</Text>
    </Row>
    <Row Tag="LOC_NOTIFICATION_SPY_ENEMY_KILLED_MESSAGE">
      <Text>Düşman Casusu Öldürüldü</Text>
    </Row>
    <Row Tag="LOC_NOTIFICATION_SPY_MISSION_ABORTED_TO_CAPITAL">
      <Text>Casusunuz {1_unitName} hedef şehir el değiştirdiğinden beri seyahatlerini iptal etti. Onları başkentinizde bulabilirsiniz.</Text>
    </Row>
    <Row Tag="LOC_NOTIFICATION_SPY_MISSION_ABORTED_SUMMARY">
      <Text>Temsilciniz {1_unitName}, {3_cityName} şehrindeki {2_mission} görevini iptal etti. Görev hedefi artık geçerli değil.</Text>
    </Row>
    <Row Tag="LOC_NOTIFICATION_SPY_MISSION_ABORTED_MESSAGE">
      <Text>Casusluk Görevi İptal Edildi</Text>
    </Row>
    <Row Tag="LOC_NOTIFICATION_SPY_COUNTERSPY_PROMOTED_SUMMARY">
      <Text>{2_cityName} şehrindeki düşman {1_mission} görevinin durdurulmasında oynadığı rol için casusunuz {3_unitName} terfi etti!</Text>
    </Row>
    <Row Tag="LOC_NOTIFICATION_SPY_COUNTERSPY_PROMOTED_MESSAGE">
      <Text>Counterspy Terfi Etti</Text>
    </Row>
    <Row Tag="LOC_NOTIFICATION_SPY_COUNTERSPY_ASSIST">
      <Text>Karşı casusunuz {1_unitName} güvenlik güçlerimizin bu zaferinde etkili olmuştur.</Text>
    </Row>
    <Row Tag="LOC_NOTIFICATION_SPY_ESCAPED_CAPTURE_SUMMARY">
      <Text>Casusunuz {1_unitName} yakalanmaktan kurtuldu ve {2_turns} tur içinde [ICON_Capital] Başkentinize dönecek.</Text>
    </Row>
    <Row Tag="LOC_NOTIFICATION_SPY_ESCAPED_CAPTURE_MESSAGE">
      <Text>Casus Kaçtı</Text>
    </Row>
    <Row Tag="LOC_NOTIFICATION_SPY_ENEMY_ESCAPED_CAPTURE_SUMMARY">
      <Text>Bilinmeyen bir medeniyetten bir düşman Spy yakalanmaktan kurtuldu ve {1_cityName} şehrinizden kaçtı.</Text>
    </Row>
    <Row Tag="LOC_NOTIFICATION_SPY_ENEMY_ESCAPED_CAPTURE_MESSAGE">
      <Text>Düşman Casusu Kaçtı</Text>
    </Row>
    <!-- City-State Notifications -->
    <Row Tag="LOC_NOTIFICATION_CITYSTATE_QUEST_GIVEN_MESSAGE">
      <Text>Yeni Şehir-Devlet Görevi</Text>
    </Row>
    <Row Tag="LOC_NOTIFICATION_CITYSTATE_QUEST_GIVEN_SUMMARY">
      <Text>{1_CityStateName} size yeni bir görev verdi: {2_QuestName}</Text>
    </Row>
    <Row Tag="LOC_NOTIFICATION_CITYSTATE_QUEST_COMPLETED_MESSAGE">
      <Text>Şehir-Devlet Görevi Tamamlandı</Text>
    </Row>
    <Row Tag="LOC_NOTIFICATION_CITYSTATE_QUEST_COMPLETED_SUMMARY">
      <Text>{1_CityStateName} için bir görevi tamamladınız ve bir ödül kazandınız: {2_RewardText}.</Text>
    </Row>
    <Row Tag="LOC_NOTIFICATION_CITYSTATE_MET_FIRST_MESSAGE">
      <Text>Şehir-Devlet Toplantısı Bonusu</Text>
    </Row>
    <Row Tag="LOC_NOTIFICATION_CITYSTATE_MET_FIRST_SUMMARY">
      <Text>{1_CityStateName}'ü karşılayan ilk büyük uygarlık olarak orada {2_NumEnvoys} [ICON_Envoy] {2_NumEnvoys : plural 1?Envoy; other?Envoys;} kazandınız.</Text>
    </Row>
    <Row Tag="LOC_NOTIFICATION_CITYSTATE_USURPED_MESSAGE">
      <Text>Suzerain Durumu Kayıp</Text>
    </Row>
    <Row Tag="LOC_NOTIFICATION_CITYSTATE_USURPED_SUMMARY">
      <Text>[ICON_Envoy] Elçilerdeki bir değişimden sonra, artık {1_CityStateName}'ün Suzerain'i değilsiniz.</Text>
    </Row>
    <!-- Trade Route Notifications -->
    <Row Tag="LOC_NOTIFICATION_TRADE_ROUTE_PLUNDERED_MESSAGE">
      <Text>Ticaret Yolu Yağmalandı</Text>
    </Row>
    <Row Tag="LOC_NOTIFICATION_TRADE_ROUTE_PLUNDERED_SUMMARY_NO_ROUTE">
      <Text>{1_PlayerName} {1_PlayerName: plural 1?has; other?have;} Tüccar biriminizi yağmaladı.</Text>
    </Row>
    <Row Tag="LOC_NOTIFICATION_TRADE_ROUTE_PLUNDERED_SUMMARY_ACTIVE_ROUTE">
      <Text>{1_PlayerName} {1_PlayerName: plural 1?has; other?have;} Tüccar biriminizi yağmaladı. ([ICON_TradeRoute] Ticaret Rotanız {2_OriginCityName}'den {3_DestinationCityName}'a artık aktif değil.</Text>
    </Row>
    <Row Tag="LOC_NOTIFICATION_TRADING_POST_CREATED_MESSAGE">
      <Text>Ticaret Noktası Oluşturuldu</Text>
    </Row>
    <Row Tag="LOC_NOTIFICATION_TRADING_POST_CREATED_SUMMARY">
      <Text>Bir [ICON_TradeRoute] Ticaret Rotasını tamamlamanız {1_CityName} şehrinde sizin için bir [ICON_TradingPost] Ticaret Karakolu oluşturdu.</Text>
    </Row>
    <Row Tag="LOC_NOTIFICATION_TRADE_ROUTE_CAPACITY_INCREASED_MESSAGE">
      <Text>Artan Ticaret Yolu Kapasitesi</Text>
    </Row>
    <Row Tag="LOC_NOTIFICATION_TRADE_ROUTE_CAPACITY_INCREASED_SUMMARY">
      <Text>Artık eskisinden daha fazla [ICON_TradeRoute] Ticaret Yolu oluşturabilir ve sürdürebilirsiniz.</Text>
    </Row>
    <!-- Economic Notifications -->
    <Row Tag="LOC_NOTIFICATION_REBELLION_MESSAGE">
      <Text>İsyan!</Text>
    </Row>
    <Row Tag="LOC_NOTIFICATION_REBELLION_SUMMARY">
      <Text>([ICON_Amenities])'teki {1_CityName} olanakların eksikliği, insanların bize karşı silahlanmasına ve {2_NumUnits} düşman birimlerin ortaya çıkmasına neden oldu.</Text>
    </Row>
    <Row Tag="LOC_NOTIFICATION_CITY_LOW_AMENITIES_MESSAGE">
      <Text>Daha Fazla Olanak Gerekiyor</Text>
    </Row>
    <Row Tag="LOC_NOTIFICATION_CITY_LOW_AMENITIES_SUMMARY">
      <Text>{1_CityName}'nin üretkenliğini sürdürmesi için daha fazla [ICON_Amenities] olanağa ihtiyacı var. Bu durum daha da kötüye giderse, insanlar bize karşı isyan edebilir!</Text>
    </Row>
    <Row Tag="LOC_NOTIFICATION_HOUSING_PREVENTING_GROWTH_MESSAGE">
      <Text>Daha Fazla Konuta İhtiyaç Var</Text>
    </Row>
    <Row Tag="LOC_NOTIFICATION_HOUSING_PREVENTING_GROWTH_SUMMARY">
      <Text>{1_CityName} büyümeye devam etmek için daha fazla [ICON_Housing] Konuta ihtiyaç duymaktadır. Böyle devam ederse yeni [ICON_Citizen] Vatandaş kazanmakta zorlanacağız.</Text>
    </Row>
    <Row Tag="LOC_NOTIFICATION_CITY_STARVING_MESSAGE">
      <Text>Şehir Açlıktan Ölüyor!</Text>
    </Row>
    <Row Tag="LOC_NOTIFICATION_CITY_STARVING_SUMMARY">
      <Text>{1_CityName} halkının yemesi için yeterli [ICON_Food] gıda sağlamıyor. Böyle devam ederse, [ICON_Citizen] Vatandaşlarını kaybedecek!</Text>
    </Row>
    <Row Tag="LOC_NOTIFICATION_CITY_FOOD_FOCUS_MESSAGE">
      <Text>Şehrin Yiyeceğe İhtiyacı Var</Text>
    </Row>
    <Row Tag="LOC_NOTIFICATION_CITY_FOOD_FOCUS_SUMMARY">
      <Text>{1_CityName}, halkının büyümesi için yeterli [ICON_Food] Gıda sağlamıyor. Şehrinizi [ICON_Food] Gıda üzerine odaklamayı düşünün.</Text>
    </Row>
    <Row Tag="LOC_NOTIFICATION_TREASURY_BANKRUPT_MESSAGE">
      <Text>Hazine İflas Etti!</Text>
    </Row>
    <Row Tag="LOC_NOTIFICATION_TREASURY_BANKRUPT_SUMMARY">
      <Text>Hiç [ICON_Gold] Altınımız kalmadı ve maliyetlerimiz gelirlerimizden daha yüksek. Böyle devam ederse şehirlerimiz [ICON_Amenities] olanaklarını kaybedecek ve birimlerimiz bizi terk edecek!</Text>
    </Row>
    <Row Tag="LOC_NOTIFICATION_CAN_PURCHASE_WITH_FAITH_MESSAGE">
      <Text>İnançla Satın Alabilir</Text>
    </Row>
    <Row Tag="LOC_NOTIFICATION_CAN_PURCHASE_WITH_FAITH_SUMMARY">
      <Text>{LOC_GRAMMAR_A_AN &lt;&lt; {1_ItemName}} satın almak için yeterli [ICON_Faith] İnanç biriktirdiniz.</Text>
    </Row>
    <!-- Multiplayer Notifications -->
    <Row Tag="LOC_NOTIFICATION_PLAYER_CONNECTING">
      <Text>{1_playerName} Birleştirme</Text>
    </Row>
    <Row Tag="LOC_NOTIFICATION_PLAYER_CONNECTING_TT">
      <Text>{1_playerName} oyuna katılıyor.  Bu işlem birkaç dakika sürebilir.</Text>
    </Row>
    <Row Tag="LOC_NOTIFICATION_PLAYER_CONNECTED">
      <Text>{1_playerName} Katıldım</Text>
    </Row>
    <Row Tag="LOC_NOTIFICATION_PLAYER_CONNECTED_TT">
      <Text>{1_playerName} oyuna katılmayı bitirdi.</Text>
    </Row>
    <Row Tag="LOC_NOTIFICATION_PLAYER_DISCONNECT">
      <Text>{1_playerName} Bağlantı kesildi</Text>
    </Row>
    <Row Tag="LOC_NOTIFICATION_PLAYER_DISCONNECT_TT">
      <Text>{1_playerName}'nin oyunla bağlantısı kesildi.</Text>
    </Row>
    <Row Tag="LOC_NOTIFICATION_PLAYER_KICKED">
      <Text>{1_playerName} Tekmelendi</Text>
    </Row>
    <Row Tag="LOC_NOTIFICATION_PLAYER_KICKED_TT">
      <Text>{1_playerName} oyundan atılmıştır.</Text>
    </Row>
    <Row Tag="LOC_NOTIFICATION_PLAYER_MOD_STATUS">
      <Text>{1_playerName} Modları İndirme</Text>
    </Row>
    <Row Tag="LOC_NOTIFICATION_PLAYER_MOD_STATUS_TT">
      <Text>{1_playerName} bu oyunda oynamak için gerekli modları indiriyor. {3 : number} toplamının ({2 : number}'i)</Text>
    </Row>
    <Row Tag="LOC_NOTIFICATION_HOST_MIGRATION">
      <Text>Ev Sahibi Geçişi</Text>
    </Row>
    <Row Tag="LOC_NOTIFICATION_HOST_MIGRATION_TT">
      <Text>Oyun yeni bir oyun sunucusuna taşınıyor.  Oyun kısa süre içinde yeniden başlayacaktır.</Text>
    </Row>
    <Row Tag="LOC_NOTIFICATION_HOST_CHANGED">
      <Text>Ev Sahibi Taşındı</Text>
    </Row>
    <Row Tag="LOC_NOTIFICATION_HOST_CHANGED_TT">
      <Text>{1_playerName} yeni oyun sunucusu.</Text>
    </Row>
    <Row Tag="LOC_NOTIFICATION_PLAYBYCLOUD_YOURTURN">
      <Text>Bulutla Oyna Sıra Sende</Text>
    </Row>
    <Row Tag="LOC_NOTIFICATION_PLAYBYCLOUD_YOURTURN_TT">
      <Text>Play By Cloud oyununda sıra sizde. ({1_cloudGameName})</Text>
    </Row>
    <Row Tag="LOC_NOTIFICATION_PLAYBYCLOUD_GAMEREADY">
      <Text>Play By Cloud Oyun Hazır</Text>
    </Row>
    <Row Tag="LOC_NOTIFICATION_PLAYBYCLOUD_GAMEREADY_TT">
      <Text>Play By Cloud oyunlarınızdan biri başlamaya hazır. ({1_cloudGameName})</Text>
    </Row>
    <Row Tag="LOC_NOTIFICATION_PLAYBYCLOUD_UNSEENCOMPLETE">
      <Text>Play By Cloud Oyunu Tamamlandı</Text>
    </Row>
    <Row Tag="LOC_NOTIFICATION_PLAYBYCLOUD_UNSEENCOMPLETE_TT">
      <Text>Play By Cloud oyunlarınızdan biri kısa süre önce tamamlandı. ({1_cloudGameName})</Text>
    </Row>
    <Row Tag="LOC_NOTIFICATION_WRONG_PHASE_TT">
      <Text>[color:Civ6Red]Yanlış Aşama [ENDCOLOR]</Text>
    </Row>
    <Row Tag="LOC_NOTIFICATION_SIMULTANEOUS_TURNS">
      <Text>Eşzamanlı Dönüşler</Text>
    </Row>
    <Row Tag="LOC_NOTIFICATION_SIMULTANEOUS_TURNS_TT">
      <Text>Bir insan oyuncuyla olan savaşınız sona erdi. Sıralarınız, savaşmayan tüm uygarlıklarla aynı anda oynanacaktır.</Text>
    </Row>
    <Row Tag="LOC_NOTIFICATION_SEQUENTIAL_TURNS">
      <Text>Sıralı Dönüşler</Text>
    </Row>
    <Row Tag="LOC_NOTIFICATION_SEQUENTIAL_TURNS_TT">
      <Text>Bir insan oyuncu ile savaş halindesiniz.  Sıralarınız, çatışma bitene kadar savaşan tüm uygarlıklarla sırayla oynanacaktır.</Text>
    </Row>
    <Row Tag="LOC_NOTIFICATION_PLAYER_DESYNCED">
      <Text>{1_playerName} Desynced</Text>
    </Row>
    <Row Tag="LOC_NOTIFICATION_PLAYER_DESYNCED_TT">
      <Text>{1_playerName}'nin oyunu ev sahibininkinden saptı.  Sorunu düzeltmek için yeniden yüklüyorlar.</Text>
    </Row>
    <Row Tag="LOC_NOTIFICATION_PLAYER_RESYNC_COMPLETE">
      <Text>{1_playerName} Yeniden Senkronizasyon Tamamlandı</Text>
    </Row>
    <Row Tag="LOC_NOTIFICATION_PLAYER_RESYNC_COMPLETE_TT">
      <Text>{1_playerName} yüklemeyi tamamladı.</Text>
    </Row>
    <!-- Multiplayer deferred popup notifications -->
    <Row Tag="LOC_NOTIFICATION_TECH_BOOST_MESSAGE">
      <Text>Teknik Destek</Text>
    </Row>
    <Row Tag="LOC_NOTIFICATION_TECH_BOOST_SUMMARY">
      <Text>Tech Boosted: {1_Name}!</Text>
    </Row>
    <Row Tag="LOC_NOTIFICATION_CIVIC_BOOST_MESSAGE">
      <Text>Civic Boost</Text>
    </Row>
    <Row Tag="LOC_NOTIFICATION_CIVIC_BOOST_SUMMARY">
      <Text>Civic Boosted: {1_Name}!</Text>
    </Row>
    <Row Tag="LOC_NOTIFICATION_TECH_DISCOVERED_MESSAGE">
      <Text>Keşfedildi {1_Name}</Text>
    </Row>
    <Row Tag="LOC_NOTIFICATION_TECH_DISCOVERED_SUMMARY">
      <Text>{1_Name}'yi keşfettiniz!</Text>
    </Row>
    <Row Tag="LOC_NOTIFICATION_CIVIC_DISCOVERED_MESSAGE">
      <Text>Keşfedildi {1_Name}</Text>
    </Row>
    <Row Tag="LOC_NOTIFICATION_CIVIC_DISCOVERED_SUMMARY">
      <Text>{1_Name}'yi keşfettiniz!</Text>
    </Row>
    <!-- Great Work Notifications -->
    <Row Tag="LOC_NOTIFICATION_RELIC_CREATED_MESSAGE">
      <Text>Kalıntı Oluşturuldu</Text>
    </Row>
    <Row Tag="LOC_NOTIFICATION_RELIC_CREATED_SUMMARY">
      <Text>[ICON_GreatWork_Relic] Kutsal Emanet {1_RelicName}, {3_CityName}'deki {2_BuildingName}'ya yerleştirilmiştir.</Text>
    </Row>
    <!-- Discovery Notifications -->
    <Row Tag="LOC_NOTIFICATION_DISCOVER_CONTINENT_MESSAGE">
      <Text>Yeni Bir Kıta Keşfedildi</Text>
    </Row>
    <Row Tag="LOC_NOTIFICATION_DISCOVER_CONTINENT_SUMMARY">
      <Text>Yeni bir kıta keşfettik. Kaşifimiz ona {1_ContinentName} adını veriyor.</Text>
    </Row>
    <Row Tag="LOC_NOTIFICATION_DISCOVER_GOODY_HUT_MESSAGE">
      <Text>Kabile Köyü Keşfedildi</Text>
    </Row>
    <Row Tag="LOC_NOTIFICATION_DISCOVER_GOODY_HUT_SUMMARY">
      <Text>Dost bir kabilenin yaşadığı bir köy buldunuz.</Text>
    </Row>
    <Row Tag="LOC_NOTIFICATION_DISCOVER_NATURAL_WONDER_MESSAGE">
      <Text>Doğa Harikası Keşfedildi</Text>
    </Row>
    <Row Tag="LOC_NOTIFICATION_DISCOVER_NATURAL_WONDER_SUMMARY">
      <Text>Kaşifleriniz doğa harikasını keşfettiler {1_NaturalWonderName}.</Text>
    </Row>
    <Row Tag="LOC_NOTIFICATION_DISCOVER_RESOURCE_MESSAGE">
      <Text>Keşfedilen Kaynak</Text>
    </Row>
    <Row Tag="LOC_NOTIFICATION_DISCOVER_RESOURCE_SUMMARY">
      <Text>Yeni bir {1_ResourceName} kaynağı keşfettik.</Text>
    </Row>
    <Row Tag="LOC_NOTIFICATION_BARBARIANS_SIGHTED_MESSAGE">
      <Text>Barbarlar Yaklaşımı</Text>
    </Row>
    <Row Tag="LOC_NOTIFICATION_BARBARIANS_SIGHTED_SUMMARY">
      <Text>{1_CityName} şehrimize yaklaşan barbarlar tespit ettik.</Text>
    </Row>
    <Row Tag="LOC_NOTIFICATION_NEW_BARBARIAN_CAMP_MESSAGE">
      <Text>Yeni Barbar Karakolu</Text>
    </Row>
    <Row Tag="LOC_NOTIFICATION_NEW_BARBARIAN_CAMP_SUMMARY">
      <Text>Yeni bir Barbar kabilesinin yakın bir bölgeye taşındığına dair söylentiler aldık.</Text>
    </Row>
    <!-- Victory Notifications -->
    <Row Tag="LOC_NOTIFICATION_MY_DOMINANT_CULTURE_MESSAGE">
      <Text>Kültürünüz Baskın</Text>
    </Row>
    <Row Tag="LOC_NOTIFICATION_MY_DOMINANT_CULTURE_SUMMARY">
      <Text>Kültürünüzü {1_CivName} üzerinde baskın hale getirecek kadar [ICON_Tourism] turist çektiniz.</Text>
    </Row>
    <Row Tag="LOC_NOTIFICATION_OTHER_DOMINANT_CULTURE_MESSAGE">
      <Text>Yabancı Kültür Ağırlıklı</Text>
    </Row>
    <Row Tag="LOC_NOTIFICATION_OTHER_DOMINANT_CULTURE_SUMMARY">
      <Text>{1_CivName} kendi kültürlerini sizinkine baskın kılacak kadar [ICON_Tourism] turist çekmiştir.</Text>
    </Row>
    <Row Tag="LOC_NOTIFICATION_MY_CULTURE_VICTORY_SOON_MESSAGE">
      <Text>Kültür Zaferiniz Çok Yakın</Text>
    </Row>
    <Row Tag="LOC_NOTIFICATION_MY_CULTURE_VICTORY_SOON_SUMMARY">
      <Text>Kültürünüz, bir yabancı uygarlık hariç hepsine egemen oldu. Kültür Zaferi elinizin altında.</Text>
    </Row>
    <Row Tag="LOC_NOTIFICATION_OTHER_CULTURE_VICTORY_SOON_MESSAGE">
      <Text>Yabancı Kültür Zaferi Yakın</Text>
    </Row>
    <Row Tag="LOC_NOTIFICATION_OTHER_CULTURE_VICTORY_SOON_SUMMARY">
      <Text>{1_CivName} Kültür Zaferi elde etmek için kültürlerinin bir oyuncu üzerinde daha baskın olması yeterlidir.</Text>
    </Row>
    <!--Future Notifications (not yet implemented)-->
    <Row Tag="LOC_NOTIFICATION_CASUS_BELLI_AVAILABLE_MESSAGE">
      <Text>Yeni Casus Belli Mevcut</Text>
    </Row>
    <Row Tag="LOC_NOTIFICATION_CASUS_BELLI_AVAILABLE_SUMMARY">
      <Text>Şimdi {2_CivName} üzerinde bir {1_WarType} ilan etmek için gerekçemiz var.</Text>
    </Row>
    <Row Tag="LOC_NOTIFICATION_CITY_RANGED_ATTACK_MESSAGE">
      <Text>Şehir Menzil Saldırısı</Text>
    </Row>
    <Row Tag="LOC_NOTIFICATION_CITY_RANGED_ATTACK_SUMMARY">
      <Text>{1_CityName} şehri düşman kuvvetlerine saldırabilir.</Text>
    </Row>
    <Row Tag="LOC_NOTIFICATION_ENCAMPMENT_RANGED_ATTACK_MESSAGE">
      <Text>Kamp Alanı Saldırısı</Text>
    </Row>
    <Row Tag="LOC_NOTIFICATION_ENCAMPMENT_RANGED_ATTACK_SUMMARY">
      <Text>{1_CityName} şehrinin dışındaki Ordugâh düşman kuvvetlerine saldırabilir.</Text>
    </Row>
    <Row Tag="LOC_NOTIFICATION_NUKE_DROPPED_MESSAGE">
      <Text>Nükleer Aygıt Patlatıldı</Text>
    </Row>
    <Row Tag="LOC_NOTIFICATION_NUKE_DROPPED_SUMMARY">
      <Text>{1_CivName} tarafından {2_CityName} şehri yakınlarında bir nükleer cihaz patlatıldı.</Text>
    </Row>
    <Row Tag="LOC_NOTIFICATION_THERMONUKE_DROPPED_MESSAGE">
      <Text>Termonükleer Aygıt Patlatıldı</Text>
    </Row>
    <Row Tag="LOC_NOTIFICATION_THERMONUKE_DROPPED_SUMMARY">
      <Text>{1_CivName} tarafından {2_CityName} şehri yakınlarında yıkıcı bir termonükleer cihaz patlatıldı.</Text>
    </Row>
    <Row Tag="LOC_NOTIFICATION_SPY_NEW_AGENT_MESSAGE">
      <Text>Casus Eğitebilir</Text>
    </Row>
    <Row Tag="LOC_NOTIFICATION_SPY_NEW_AGENT_SUMMARY">
      <Text>Artık ek bir Spy eğitebilirsiniz.</Text>
    </Row>
    <Row Tag="LOC_NOTIFICATION_UNIT_CAPTURED_MESSAGE">
      <Text>Yakalanan Birim</Text>
    </Row>
    <Row Tag="LOC_NOTIFICATION_UNIT_CAPTURED_SUMMARY">
      <Text>{1_UnitType}'ünüz {2_EnemyUnitType} tarafından {3_CivName}'dan ele geçirildi.</Text>
    </Row>
    <Row Tag="LOC_NOTIFICATION_UNIT_ATTACKED_MESSAGE">
      <Text>Saldırıya Uğrayan Birim</Text>
    </Row>
    <Row Tag="LOC_NOTIFICATION_UNIT_ATTACKED_SUMMARY">
      <Text>{1_UnitType}'ünüz {2_CivName} tarafından saldırıya uğradı.</Text>
    </Row>
    <Row Tag="LOC_NOTIFICATION_WONDER_COMPLETED_MESSAGE">
      <Text>Wonder Tamamlandı</Text>
    </Row>
    <Row Tag="LOC_NOTIFICATION_WONDER_COMPLETED_SUMMARY">
      <Text>{1_CivName} dünya harikasını {2_WonderName} inşa etmeyi bitirdi.</Text>
    </Row>
    <Row Tag="LOC_NOTIFICATION_WONDER_COMPLETED_HOTSEAT_CURRENT_PLAYER_SUMMARY">
      <Text>Dünya harikasını {1_WonderName} inşa etmeyi bitirdiniz.</Text>
    </Row>
    <Row Tag="LOC_NOTIFICATION_WONDER_COMPLETED_UNMET_PLAYER_SUMMARY">
      <Text>Karşılanmamış bir oyuncu dünya harikasını {1_WonderName} inşa etmeyi bitirdi.</Text>
    </Row>
    <Row Tag="LOC_NOTIFICATION_WONDER_FAILED_MESSAGE">
      <Text>Üretim Kurtarıldı</Text>
    </Row>
    <Row Tag="LOC_NOTIFICATION_WONDER_FAILED_SUMMARY">
      <Text>Dünya harikası {1_WonderName}'ü zamanında tamamlayamadınız. Ancak {2_Production} [ICON_Production] Üretim girişimden kurtarıldı ve {3_CityName} şehrine verildi.</Text>
    </Row>
    <Row Tag="LOC_NOTIFICATION_CITY_LOST_MESSAGE">
      <Text>Yakalanan Şehir</Text>
    </Row>
    <Row Tag="LOC_NOTIFICATION_CITY_LOST_SUMMARY">
      <Text>{1_CityName} şehri {2_CivName} tarafından ele geçirilmiştir.</Text>
    </Row>
    <Row Tag="LOC_NOTIFICATION_CITY_WALLS_BREACHED_MESSAGE">
      <Text>Şehir Duvarları Aşıldı</Text>
    </Row>
    <Row Tag="LOC_NOTIFICATION_CITY_WALLS_BREACHED_SUMMARY">
      <Text>{1_CityName} şehrinin surları {2_CivName}'ten gelen kuvvetler tarafından aşıldı.</Text>
    </Row>
    <Row Tag="LOC_NOTIFICATION_CAPITAL_LOST_MESSAGE">
      <Text>Ele Geçirilen Sermaye</Text>
    </Row>
    <Row Tag="LOC_NOTIFICATION_CAPITAL_LOST_SUMMARY">
      <Text>{1_CivName}'ün [ICON_Capital] Başkenti {2_CivName} tarafından ele geçirildi!</Text>
    </Row>
    <Row Tag="LOC_NOTIFICATION_CAPITAL_RECLAIMED_MESSAGE">
      <Text>Geri Kazanılan Sermaye</Text>
    </Row>
    <Row Tag="LOC_NOTIFICATION_CAPITAL_RECLAIMED_SUMMARY">
      <Text>{1_CivName} sermayelerini geri almıştır.</Text>
    </Row>
    <Row Tag="LOC_NOTIFICATION_ENEMY_IN_TERRITORY_MESSAGE">
      <Text>Sınırların İçindeki Düşman</Text>
    </Row>
    <Row Tag="LOC_NOTIFICATION_ENEMY_IN_TERRITORY_SUMMARY">
      <Text>Düşman birlikleri {1_CityName} şehri yakınlarında sınırlarımız içinde tespit edildi.</Text>
    </Row>
    <Row Tag="LOC_NOTIFICATION_DISCOVER_ANTIQUITY_SITE_MESSAGE">
      <Text>Antik Çağ Sitesi Keşfedildi</Text>
    </Row>
    <Row Tag="LOC_NOTIFICATION_DISCOVER_ANTIQUITY_SITE_SUMMARY">
      <Text>Yeni bir Antik Sit Alanı ortaya çıkardınız. Eseri çıkarması için bir Arkeolog gönderin.</Text>
    </Row>
    <Row Tag="LOC_NOTIFICATION_DISCOVER_SHIPWRECK_MESSAGE">
      <Text>Gemi Batığı Keşfedildi</Text>
    </Row>
    <Row Tag="LOC_NOTIFICATION_DISCOVER_SHIPWRECK_SUMMARY">
      <Text>Antik bir gemi enkazının yerini buldunuz. Kültürel Miras vatandaşlığına ulaştığınızda, batık eseri çıkarmak için bir Arkeolog gönderin.</Text>
    </Row>
    <Row Tag="LOC_NOTIFICATION_DIPLO_COUNTERDEAL_RECEIVED_MESSAGE">
      <Text>Karşı Teklif Alındı</Text>
    </Row>
    <Row Tag="LOC_NOTIFICATION_DIPLO_COUNTERDEAL_RECEIVED_SUMMARY">
      <Text>{1_CivName} anlaşma teklifinize bir karşı teklif gönderdi.</Text>
    </Row>
    <Row Tag="LOC_NOTIFICATION_DIPLO_DEAL_RECEIVED_MESSAGE">
      <Text>Anlaşma Önerisi</Text>
    </Row>
    <Row Tag="LOC_NOTIFICATION_DIPLO_DEAL_RECEIVED_SUMMARY">
      <Text>{1_CivName}'den bir anlaşma teklifi aldınız.</Text>
    </Row>
    <Row Tag="LOC_NOTIFICATION_DIPLO_DENUNCIATION_BY_AI_EXPIRED_MESSAGE">
      <Text>Seni İhbar Etme Süresi Doldu</Text>
    </Row>
    <Row Tag="LOC_NOTIFICATION_DIPLO_DENUNCIATION_BY_AI_EXPIRED_SUMMARY">
      <Text>{1_CivName} tarafından size yapılan ihbarın süresi dolmuştur. Resmi olarak savaş ilan etmek istiyorlarsa yeniden yayınlamaları gerekecek.</Text>
    </Row>
    <Row Tag="LOC_NOTIFICATION_DIPLO_DENUNCIATION_BY_HUMAN_EXPIRED_MESSAGE">
      <Text>İhbarınızın Süresi Doldu</Text>
    </Row>
    <Row Tag="LOC_NOTIFICATION_DIPLO_DENUNCIATION_BY_HUMAN_EXPIRED_SUMMARY">
      <Text>{1_CivName} hakkındaki ihbarınızın süresi dolmuştur ve resmi olarak savaş ilan etmek istiyorsanız yeniden ihbarda bulunmanız gerekecektir.</Text>
    </Row>
    <Row Tag="LOC_NOTIFICATION_DIPLO_PROMISE_FROM_KEPT_MESSAGE">
      <Text>Size Verilen Söz Yerine Getirildi</Text>
    </Row>
    <Row Tag="LOC_NOTIFICATION_DIPLO_PROMISE_FROM_KEPT_SUMMARY">
      <Text>{1_CivName} tarafından {2_PromiseType}'e verilen söz yerine getirilmiştir.</Text>
    </Row>
    <Row Tag="LOC_NOTIFICATION_DIPLO_PROMISE_TO_KEPT_MESSAGE">
      <Text>Sözünüz Yerine Getirildi</Text>
    </Row>
    <Row Tag="LOC_NOTIFICATION_DIPLO_PROMISE_TO_KEPT_SUMMARY">
      <Text>{1_CivName}'e {2_PromiseType} verdiğiniz söz yerine getirilmiştir.</Text>
    </Row>
    <Row Tag="LOC_NOTIFICATION_DIPLO_PROMISE_FROM_BROKEN_MESSAGE">
      <Text>Sana Verilen Sözler</Text>
    </Row>
    <Row Tag="LOC_NOTIFICATION_DIPLO_PROMISE_FROM_BROKEN_SUMMARY">
      <Text>{1_CivName} tarafından {2_PromiseType}'e verilen söz tutulmamıştır.</Text>
    </Row>
    <Row Tag="LOC_NOTIFICATION_DIPLO_PROMISE_TO_BROKEN_MESSAGE">
      <Text>Sözünüz Bozuldu</Text>
    </Row>
    <Row Tag="LOC_NOTIFICATION_DIPLO_PROMISE_TO_BROKEN_SUMMARY">
      <Text>{1_CivName}'e {2_PromiseType} verdiğiniz söz tutulmamıştır.</Text>
    </Row>
    <Row Tag="LOC_NOTIFICATION_PROMISE_TYPE_ARTIFACTS">
      <Text>eserleri kazmayı bırakın</Text>
    </Row>
    <Row Tag="LOC_NOTIFICATION_PROMISE_TYPE_ON_BORDER">
      <Text>askerleri sınıra taşıyın</Text>
    </Row>
    <Row Tag="LOC_NOTIFICATION_PROMISE_TYPE_RELIGIOUS">
      <Text>şehirleri dönüştürmeyi durdurun</Text>
    </Row>
    <Row Tag="LOC_NOTIFICATION_PROMISE_TYPE_SETTLING">
      <Text>yakınlara yerleşmeyi bırak</Text>
    </Row>
    <Row Tag="LOC_NOTIFICATION_PROMISE_TYPE_SPYING">
      <Text>casusluğu durdurun</Text>
    </Row>
    <Row Tag="LOC_NOTIFICATION_DIPLO_DEAL_EXPIRED_MESSAGE">
      <Text>Fırsat Süresi Doldu</Text>
    </Row>
    <Row Tag="LOC_NOTIFICATION_DIPLO_DEAL_EXPIRED_SUMMARY">
      <Text>{1_CivName} ile yaptığınız bir anlaşmanın süresi doldu.</Text>
    </Row>
    <Row Tag="LOC_NOTIFICATION_DISTRICT_PILLAGED_MESSAGE">
      <Text>Bölge Yağmalandı</Text>
    </Row>
    <Row Tag="LOC_NOTIFICATION_DISTRICT_PILLAGED_SUMMARY">
      <Text>{2_CityName}'teki {1_DistrictName}'ünüz {3_CivName} tarafından yağmalandı.</Text>
    </Row>
    <Row Tag="LOC_NOTIFICATION_IMPROVEMENT_PILLAGED_MESSAGE">
      <Text>İyileştirme Yağmalandı</Text>
    </Row>
    <Row Tag="LOC_NOTIFICATION_IMPROVEMENT_PILLAGED_SUMMARY">
      <Text>{2_CityName}'teki {1_ImprovementName}'ünüz {3_CivName} tarafından yağmalandı.</Text>
    </Row>
    <Row Tag="LOC_NOTIFICATION_BUILDING_PILLAGED_MESSAGE">
      <Text>Bina Yağmalandı</Text>
    </Row>
    <Row Tag="LOC_NOTIFICATION_BUILDING_PILLAGED_SUMMARY">
      <Text>{2_CityName}'teki {1_BuildingName}'ünüz {3_CivName} tarafından yağmalandı.</Text>
    </Row>
    <Row Tag="LOC_NOTIFICATION_ROUTE_PILLAGED_MESSAGE">
      <Text>Yol Yağmalandı</Text>
    </Row>
    <Row Tag="LOC_NOTIFICATION_ROUTE_PILLAGED_SUMMARY">
      <Text>{2_CityName} yakınındaki bir {1_RoadName} karosu {3_CivName} tarafından yağmalandı.</Text>
    </Row>
    <Row Tag="LOC_NOTIFICATION_PLAYER_RESURRECTED_MESSAGE">
      <Text>Oyuncu Yeniden Dirildi</Text>
    </Row>
    <Row Tag="LOC_NOTIFICATION_PLAYER_RESURRECTED_SUMMARY">
      <Text>{1_civName} bir şehri yeniden kazandı ve bir kez daha hayatta.</Text>
    </Row>
    <Row Tag="LOC_NOTIFICATION_PLAYER_ELIMINATED_MESSAGE">
      <Text>Oyuncu Elendi</Text>
    </Row>
    <Row Tag="LOC_NOTIFICATION_PLAYER_ELIMINATED_SUMMARY">
      <Text>{1_civName} ortadan kaldırılmıştır.</Text>
    </Row>
    <Row Tag="LOC_NOTIFICATION_ROADS_UPGRADED_MESSAGE">
      <Text>Yollar İyileştirildi</Text>
    </Row>
    <Row Tag="LOC_NOTIFICATION_ROADS_UPGRADED_SUMMARY">
      <Text>{1_RoadName} kilidi açıldığında, bölgenizdeki tüm Yolları (([2] [ICON_Movement] Hareket {2_MovementCost : plural 1?point; other?points;} araziden bağımsız olarak) yükseltir.)</Text>
    </Row>
    <Row Tag="LOC_NOTIFICATION_FREE_RELIGIOUS_UNIT_MESSAGE">
      <Text>İlk Dini Birim</Text>
    </Row>
    <Row Tag="LOC_NOTIFICATION_FREE_RELIGIOUS_UNIT_SUMMARY">
      <Text>Yeni bir dinin kurulmasıyla halkınızı saran coşku nedeniyle, ilk {1_UnitName}'nizi ücretsiz olarak aldınız. Gelecekte satın almak için [ICON_Faith] İnancını kullanın.</Text>
    </Row>
    <Row Tag="LOC_NOTIFICATION_FREE_ESPIONAGE_UNIT_MESSAGE">
      <Text>İlk Casus</Text>
    </Row>
    <Row Tag="LOC_NOTIFICATION_FREE_ESPIONAGE_UNIT_SUMMARY">
      <Text>Yeni casus ağınızın yarattığı heyecan nedeniyle ilk {1_UnitName} casusunuzu ücretsiz olarak aldınız. Daha fazlasını inşa etme yeteneğinin kilidini açtığınızda, onları şehirlerinizde eğitin.</Text>
    </Row>
    <Row Tag="LOC_NOTIFICATION_CITY_BESIEGED_BY_OTHER_PLAYER_MESSAGE">
      <Text>Şehir Kuşatıldı</Text>
    </Row>
    <Row Tag="LOC_NOTIFICATION_CITY_BESIEGED_BY_OTHER_PLAYER_SUMMARY">
      <Text>{1_CityName} kuşatma altında. Rakip birimler şehrinizin etrafındaki tüm altıgenler üzerinde Kontrol Alanına sahip olmadığı sürece iyileşmeyecektir.</Text>
    </Row>
    <Row Tag="LOC_NOTIFICATION_TILE_LOST_CULTURE_BOMB_MESSAGE">
      <Text>Kayıp Bölge</Text>
    </Row>
    <Row Tag="LOC_NOTIFICATION_TILE_LOST_CULTURE_BOMB_SUMMARY">
      <Text>{1_CivName} tarafından başlatılan bir Kültür Bombası yüzünden toprak kaybettik.</Text>
    </Row>
    <Row Tag="LOC_NOTIFICATION_AIRCRAFT_FORCED_REBASE_MESSAGE">
      <Text>Uçak zorunlu yeniden üslenme</Text>
    </Row>
    <Row Tag="LOC_NOTIFICATION_AIRCRAFT_FORCED_REBASE_SUMMARY">
      <Text>{1_AirUnit} konumu tehlikeye girmiş ve yeniden üslenmek zorunda kalmıştır.</Text>
    </Row>
    <Row Tag="LOC_NOTIFICATION_AIRCRAFT_BASE_OVERRUN_MESSAGE">
      <Text>Hava üssü istilası</Text>
    </Row>
    <Row Tag="LOC_NOTIFICATION_AIRCRAFT_BASE_OVERRUN_SUMMARY">
      <Text>{1_AirUnit} kendini yeniden üslendiremedi ve yok edildi.</Text>
    </Row>
  </BaseGameText>
</GameData>