﻿<?xml version="1.0" encoding="utf-8"?>
<GameData>
  <FrontEndText>
    <!-- Pirates Main Menu Multiplayer Buttons -->
    <Row Tag="LOC_MULTIPLAYER_MATCHMAKE_PIRATES">
      <Text>Korsanları Oynayın</Text>
    </Row>
    <Row Tag="LOC_MULTIPLAYER_MATCHMAKE_PIRATES_OFFLINE">
      <Text>[ICON_CheckFail]Korsanları Oynayın</Text>
    </Row>
    <Row Tag="LOC_MULTIPLAYER_MATCHMAKE_PIRATES_NEW_MODE">
      <Text>[ICON_Exclamation]Korsanları Oynayın</Text>
    </Row>
    <Row Tag="LOC_MULTIPLAYER_MATCHMAKE_PIRATES_TT">
      <Text>Otomatik olarak bir Korsanlar oyunu bul ve katıl.[NEWLINE][NEWLINE]Korsanlığın Altın Çağı'nda açık denizleri yağmala.</Text>
    </Row>
    <Row Tag="LOC_MULTIPLAYER_MATCHMAKE_PIRATES_OFFLINE_TT">
      <Text>Steam çevrimdışıyken Çok Oyunculu Korsanlar kullanılamaz.</Text>
    </Row>
    <Row Tag="LOC_MULTIPLAYER_HOWTOPLAY_PIRATES">
      <Text>Korsanlar Nasıl Oynanır</Text>
    </Row>
    <Row Tag="LOC_MULTIPLAYER_HOWTOPLAY_PIRATES_TT">
      <Text>Korsanlar hakkında hızlı bir öğretici görüntüleyin.</Text>
    </Row>
    <Row Tag="LOC_MAINMENU_MULTIPLAYER_PIRATES_NEW_MODE_TT">
      <Text>Yeni Korsanlar modu mevcut!</Text>
    </Row>
    <!-- Pirates How to Play -->
    <Row Tag="LOC_PIRATES_INTRO_NEXT">
      <Text>Sonraki</Text>
    </Row>
    <Row Tag="LOC_PIRATES_INTRO_PREVIOUS">
      <Text>Önceki</Text>
    </Row>
    <Row Tag="LOC_PIRATES_INTRO_PLAY">
      <Text>Korsanları Oynayın</Text>
    </Row>
    <Row Tag="LOC_TUTORIAL_PIRATES_INTRO_BODY">
      <Text>Korsanlar, 1-4 oyuncu için Korsanlık Çağı hakkında hızlı tempolu 60 turluk bir senaryodur. Amaç, tur sınırına kadar en fazla Infamy'yi tahakkuk ettirmektir. Oyun tarihi Karayipler'de veya rastgele oluşturulan Korsan Adalarında oynanabilir.</Text>
    </Row>
    <Row Tag="LOC_TUTORIAL_PIRATES_INTRO_DETAILS">
      <Text>Korsanların şehirlere ihtiyacı yoktur. Denize layık bir amiral gemisi ile başlarsınız ve zaman içinde ek gemiler çalarsınız.</Text>
    </Row>
    <Row Tag="LOC_TUTORIAL_PIRATES_CREW_BODY">
      <Text>Filon ne kadar büyükse, yağma da o kadar büyük olur. Hasarlı düşman gemilerini ele geçirmek ve onları gelişen korsan imparatorluğunuza eklemek için Mürettebatı kullanın.  Mürettebat ayrıca gizli hazineyi aramak ve gömmek için Kıyı Partilerini konuşlandırmak için de kullanılabilir. Mürettebatı, geminiz bir limanın şehir merkezine bitişikken Taverna Ziyareti birim eylemini kullanarak işe alırsınız. Tavernalar ayrıca her ziyaretinizde yeni bir hazine haritası sağlar.</Text>
    </Row>
    <Row Tag="LOC_TUTORIAL_PIRATES_CREW_DETAILS">
      <Text>Dikkat edin! Korsan yoldaşlarınız kâr ve macera istiyor. Filonuzdaki her gemi için tur başına altın kaybedersiniz. Altın kasası çok uzun süre boş kalırsa gemileriniz isyan eder.</Text>
    </Row>
    <Row Tag="LOC_TUTORIAL_PIRATES_TREASURE_BODY">
      <Text>Hazine bir korsanın hayatının temel taşıdır. Hazine sandıkları denizde yüzerken veya karada gömülü olarak bulunabilir. Hazineyi gömerek altınlarınızı Alçaklığa dönüştürebilirsiniz. Hazine sandıkları altın ve Korsan Kalıntıları içerir. Diğer korsanlar altınlarınızı ve Infamy'nizi çalmayı hedeflediğinden hazinenizi iyi saklayın.[NEWLINE][NEWLINE]Korsan Kalıntıları, özel oyun efektlerine ve bonuslara sahip güçlü eserlerdir. Kalıntılar bazen hazine sandıklarında, hazine gemilerinde ve taverna ziyaretleri sırasında bulunabilir. Bir seferde üç kalıntı kuşanabilir ve bunları istediğiniz zaman değiştirebilirsiniz.</Text>
    </Row>
    <Row Tag="LOC_TUTORIAL_PIRATES_TREASURE_DETAILS">
      <Text>Hazine Filoları zaman zaman Avrupa'ya yelken açacaktır. Hazine Filoları altın ve kutsal emanetlerle seyahat eder ancak iyi korunurlar.[NEWLINE][NEWLINE]Tarihten gelen kötü şöhretli korsanlar da düşman denizlerde yelken açarlar. Kendi kötü şöhretinizi artırmak için onları batırabilirsiniz.</Text>
    </Row>
    <Row Tag="LOC_TUTORIAL_PIRATES_SCORING_BODY">
      <Text>Kötü şöhret üç kategoriye göre puanlanır:[NEWLINE]Hazine; Kötü şöhretli Korsan; ve Dövüş. [NEWLINE][NEWLINE]Hazine[NEWLINE][ICON_Bullet]+30 - Bir hazine sandığını gömmek[NEWLINE][ICON_Bullet]+20 - Bir hazine gemisini batırmak[NEWLINE][ICON_Bullet]+5 - Bir hazine sandığını yağmalamak[NEWLINE][ICON_Bullet]+2 - Bir bina veya bölgeyi yağmalayın[NEWLINE][ICON_Bullet]+1 - Bir ticaret yolunu yağmalayın[NEWLINE][ICON_Bullet]+1 - Bir iyileştirmeyi yağmalayın[NEWLINE][ICON_Bullet][NEWLINE][NEWLINE]Kötü şöhretli korsan[NEWLINE][ICON_Bullet]+15 - Bir limanı yağmalayın[NEWLINE][ICON_Bullet]+20-50 - Kötü şöhretli bir korsanı batırın[NEWLINE][ICON_Bullet]+5 - Bir korsan kalesini temizleyin[NEWLINE][NEWLINE]Savaşın[NEWLINE][ICON_Bullet]+10 - Bir korsan oyuncunun birimini yok et veya ele geçir[NEWLINE][ICON_Bullet]+5 - Bir koloni birimini yok et veya ele geçir[NEWLINE][ICON_Bullet]+5 - Bir korsan birimini yok et veya ele geçir[NEWLINE][ICON_Bullet]+1 - Savaştan sağ çık</Text>
    </Row>
  </FrontEndText>
</GameData>