﻿<?xml version="1.0" encoding="utf-8"?>
<GameData>
  <EnglishText>
    <Row Tag="LOC_POLAND_JADWIGA_MOD_TITLE">
      <Text>Polonya Uygarlık Paketi</Text>
    </Row>
    <Row Tag="LOC_POLAND_JADWIGA_MOD_TEASER">
      <Text>Yeni Medeniyet ve Lider - Polonyalı Jadwiga</Text>
    </Row>
    <Row Tag="LOC_POLAND_JADWIGA_MOD_DESCRIPTION">
      <Text>Yeni bir medeniyet ve lider içerir.</Text>
    </Row>
    <Row Tag="LOC_MOD_POLAND_SCENARIO_TITLE">
      <Text>Senaryo: Jadwiga'nın Mirası</Text>
    </Row>
    <Row Tag="LOC_MOD_POLAND_SCENARIO_TEASER">
      <Text>Polonya'yı yabancı istilalara karşı savunmak için diğer iki oyuncuyla birlikte savaşın.</Text>
    </Row>
    <Row Tag="LOC_MOD_POLAND_SCENARIO_DESCRIPTION">
      <Text>Bu 60 turluk senaryoda, Avrupa'nın kavşağında durarak verimli Polonya topraklarını her yönden gelen istilacıların sürekli bombardımanından koruyorsunuz. Kanatlı Süvarilerinizi toplayın ve uygarlığınızı büyütürken Töton Şövalyeleri ve Osmanlı Türkleriyle karşı karşıya gelin.[NEWLINE][NEWLINE]Oyunun sonunda standart puanlamaya göre en iyi imparatorluğa sahip olan oyuncu kazanır.</Text>
    </Row>
  </EnglishText>
</GameData>