﻿<?xml version="1.0" encoding="utf-8"?>
<!-- edited with XMLSPY v2004 rel. 2 U (http://www.xmlspy.com) by Ed Beach (Firaxis Games) -->
<GameData>
  <BaseGameText>
    <!---->
    <!-- PROMOTION NAME TEXT -->
    <!---->
    <!--Recon-->
    <Row Tag="LOC_PROMOTION_RANGER_NAME">
      <Text>Ranger</Text>
    </Row>
    <Row Tag="LOC_PROMOTION_ALPINE_NAME">
      <Text>Alpine</Text>
    </Row>
    <Row Tag="LOC_PROMOTION_SENTRY_NAME">
      <Text>Nöbetçi</Text>
    </Row>
    <Row Tag="LOC_PROMOTION_SPYGLASS_NAME">
      <Text>Spyglass</Text>
    </Row>
    <Row Tag="LOC_PROMOTION_GUERRILLA_NAME">
      <Text>Gerilla</Text>
    </Row>
    <Row Tag="LOC_PROMOTION_AMBUSH_NAME">
      <Text>Pusu</Text>
    </Row>
    <Row Tag="LOC_PROMOTION_CAMOUFLAGE_NAME">
      <Text>Kamuflaj</Text>
    </Row>
    <!--Melee-->
    <Row Tag="LOC_PROMOTION_BATTLECRY_NAME">
      <Text>Savaş Çığlığı</Text>
    </Row>
    <Row Tag="LOC_PROMOTION_TORTOISE_NAME">
      <Text>Kaplumbağa</Text>
    </Row>
    <Row Tag="LOC_PROMOTION_COMMANDO_NAME">
      <Text>Komando</Text>
    </Row>
    <Row Tag="LOC_PROMOTION_AMPHIBIOUS_NAME">
      <Text>Amfibi</Text>
    </Row>
    <Row Tag="LOC_PROMOTION_ZWEIHANDER_NAME">
      <Text>Zweihander</Text>
    </Row>
    <Row Tag="LOC_PROMOTION_URBAN_WARFARE_NAME">
      <Text>Kentsel Savaş</Text>
    </Row>
    <Row Tag="LOC_PROMOTION_ELITE_GUARD_NAME">
      <Text>Elit Muhafız</Text>
    </Row>
    <!--Ranged-->
    <Row Tag="LOC_PROMOTION_VOLLEY_NAME">
      <Text>Voleybol</Text>
    </Row>
    <Row Tag="LOC_PROMOTION_GARRISON_NAME">
      <Text>Garrison</Text>
    </Row>
    <Row Tag="LOC_PROMOTION_ARROW_STORM_NAME">
      <Text>Ok Fırtınası</Text>
    </Row>
    <Row Tag="LOC_PROMOTION_INCENDIARIES_NAME">
      <Text>Yangın Çıkarıcılar</Text>
    </Row>
    <Row Tag="LOC_PROMOTION_SUPPRESSION_NAME">
      <Text>Bastırma</Text>
    </Row>
    <Row Tag="LOC_PROMOTION_EMPLACEMENT_NAME">
      <Text>Yerleştirme</Text>
    </Row>
    <Row Tag="LOC_PROMOTION_EXPERT_MARKSMAN_NAME">
      <Text>Uzman Nişancı</Text>
    </Row>
    <!--Siege-->
    <Row Tag="LOC_PROMOTION_GRAPE_SHOT_NAME">
      <Text>Üzüm Shot</Text>
    </Row>
    <Row Tag="LOC_PROMOTION_CREW_WEAPONS_NAME">
      <Text>Mürettebat Silahları</Text>
    </Row>
    <Row Tag="LOC_PROMOTION_SHELLS_NAME">
      <Text>Kabuklar</Text>
    </Row>
    <Row Tag="LOC_PROMOTION_SHRAPNEL_NAME">
      <Text>Şarapnel</Text>
    </Row>
    <Row Tag="LOC_PROMOTION_HEAVY_PROJECTILES_2">
      <Text>Ağır Mermiler 2</Text>
    </Row>
    <Row Tag="LOC_PROMOTION_ADVANCED_RANGEFINDING_NAME">
      <Text>Gelişmiş Mesafe Tespiti</Text>
    </Row>
    <Row Tag="LOC_PROMOTION_EXPERT_CREW_NAME">
      <Text>Uzman Ekip</Text>
    </Row>
    <Row Tag="LOC_PROMOTION_FORWARD_OBSERVERS_NAME">
      <Text>İleri Gözlemciler</Text>
    </Row>
    <!--Anti-Cavalry-->
    <Row Tag="LOC_PROMOTION_ECHELON_NAME">
      <Text>Echelon</Text>
    </Row>
    <Row Tag="LOC_PROMOTION_THRUST_NAME">
      <Text>İtme</Text>
    </Row>
    <Row Tag="LOC_PROMOTION_SQUARE_NAME">
      <Text>Kare</Text>
    </Row>
    <Row Tag="LOC_PROMOTION_SCHILTRON_NAME">
      <Text>Schiltron</Text>
    </Row>
    <Row Tag="LOC_PROMOTION_REDEPLOY_NAME">
      <Text>Yeniden konuşlandır</Text>
    </Row>
    <Row Tag="LOC_PROMOTION_CHOKE_POINTS_NAME">
      <Text>Şok Noktaları</Text>
    </Row>
    <Row Tag="LOC_PROMOTION_HOLD_THE_LINE_NAME">
      <Text>Çizgiyi Koru</Text>
    </Row>
    <!--Light Cavalry-->
    <Row Tag="LOC_PROMOTION_ESCORT_MOBILITY_NAME">
      <Text>Eskort Hareketliliği</Text>
    </Row>
    <Row Tag="LOC_PROMOTION_CAPARISON_NAME">
      <Text>Kaparison</Text>
    </Row>
    <Row Tag="LOC_PROMOTION_COURSERS_NAME">
      <Text>Kursiyerler</Text>
    </Row>
    <Row Tag="LOC_PROMOTION_DEPREDATION_NAME">
      <Text>Yağma</Text>
    </Row>
    <Row Tag="LOC_PROMOTION_DOUBLE_ENVELOPMENT_NAME">
      <Text>Çifte Zarflama</Text>
    </Row>
    <Row Tag="LOC_PROMOTION_SPIKING_THE_GUNS_NAME">
      <Text>Silahlara Mermi Atmak</Text>
    </Row>
    <Row Tag="LOC_PROMOTION_PURSUIT_NAME">
      <Text>Pursuit</Text>
    </Row>
    <!--Heavy Cavalry-->
    <Row Tag="LOC_PROMOTION_BREAKTHROUGH_NAME">
      <Text>Çığır Açan</Text>
    </Row>
    <Row Tag="LOC_PROMOTION_CHARGE_NAME">
      <Text>Ücretlendirme</Text>
    </Row>
    <Row Tag="LOC_PROMOTION_BARDING_NAME">
      <Text>Barding</Text>
    </Row>
    <Row Tag="LOC_PROMOTION_MARAUDING_NAME">
      <Text>Yağmacılık</Text>
    </Row>
    <Row Tag="LOC_PROMOTION_ROUT_NAME">
      <Text>Rout</Text>
    </Row>
    <Row Tag="LOC_PROMOTION_ARMOR_PIERCING_NAME">
      <Text>Zırh Delici</Text>
    </Row>
    <Row Tag="LOC_PROMOTION_REACTIVE_ARMOR_NAME">
      <Text>Reaktif Zırh</Text>
    </Row>
    <!--Aircraft Fighter-->
    <Row Tag="LOC_PROMOTION_DOGFIGHTING_NAME">
      <Text>Köpek Dövüşü</Text>
    </Row>
    <Row Tag="LOC_PROMOTION_INTERCEPTOR_NAME">
      <Text>Durdurucu</Text>
    </Row>
    <Row Tag="LOC_PROMOTION_STRAFE_NAME">
      <Text>Strafe</Text>
    </Row>
    <Row Tag="LOC_PROMOTION_GROUND_CREWS_NAME">
      <Text>Yer Ekipleri</Text>
    </Row>
    <Row Tag="LOC_PROMOTION_COCKPIT_ARMOR_NAME">
      <Text>Kokpit Zırhı</Text>
    </Row>
    <Row Tag="LOC_PROMOTION_TANK_BUSTER_NAME">
      <Text>Tank Avcısı</Text>
    </Row>
    <Row Tag="LOC_PROMOTION_DROP_TANKS_NAME">
      <Text>Damla Tankları</Text>
    </Row>
    <!--Aircraft Bomber-->
    <Row Tag="LOC_PROMOTION_BOX_FORMATION_NAME">
      <Text>Kutu Oluşumu</Text>
    </Row>
    <Row Tag="LOC_PROMOTION_EVASIVE_MANEUVERS_NAME">
      <Text>Kaçış Manevraları</Text>
    </Row>
    <Row Tag="LOC_PROMOTION_TORPEDO_BOMBER_NAME">
      <Text>Torpido Bombardıman Uçağı</Text>
    </Row>
    <Row Tag="LOC_PROMOTION_CLOSE_AIR_SUPPORT_NAME">
      <Text>Yakın Hava Desteği</Text>
    </Row>
    <Row Tag="LOC_PROMOTION_TACTICAL_MAINTENANCE_NAME">
      <Text>Taktik Bakım</Text>
    </Row>
    <Row Tag="LOC_PROMOTION_LONG_RANGE_NAME">
      <Text>Uzun Menzilli</Text>
    </Row>
    <Row Tag="LOC_PROMOTION_SUPERFORTRESS_NAME">
      <Text>Superfortress</Text>
    </Row>
    <!--Naval Melee-->
    <Row Tag="LOC_PROMOTION_EMBOLON_NAME">
      <Text>Embolon</Text>
    </Row>
    <Row Tag="LOC_PROMOTION_REINFORCED_HULL_NAME">
      <Text>Güçlendirilmiş Gövde</Text>
    </Row>
    <Row Tag="LOC_PROMOTION_HELMSMAN_NAME">
      <Text>Dümenci</Text>
    </Row>
    <Row Tag="LOC_PROMOTION_AUXILIARY_SHIPS_NAME">
      <Text>Yardımcı Gemiler</Text>
    </Row>
    <Row Tag="LOC_PROMOTION_RUTTER_NAME">
      <Text>Rutter</Text>
    </Row>
    <Row Tag="LOC_PROMOTION_CONVOY_NAME">
      <Text>Konvoy</Text>
    </Row>
    <Row Tag="LOC_PROMOTION_CREEPING_ATTACK_NAME">
      <Text>Sürünen Saldırı</Text>
    </Row>
    <!--Naval Ranged-->
    <Row Tag="LOC_PROMOTION_LINE_OF_BATTLE_NAME">
      <Text>Savaş Hattı</Text>
    </Row>
    <Row Tag="LOC_PROMOTION_BOMBARDMENT_NAME">
      <Text>Bombardıman</Text>
    </Row>
    <Row Tag="LOC_PROMOTION_PREPARATORY_FIRE_NAME">
      <Text>Hazırlık Yangını</Text>
    </Row>
    <Row Tag="LOC_PROMOTION_ROLLING_BARRAGE_NAME">
      <Text>Yuvarlanan Baraj</Text>
    </Row>
    <Row Tag="LOC_PROMOTION_PROXIMITY_FUSES_NAME">
      <Text>Yakınlık Sigortaları</Text>
    </Row>
    <Row Tag="LOC_PROMOTION_COINCIDENCE_RANGEFINDING_NAME">
      <Text>Tesadüfi Menzil Bulma</Text>
    </Row>
    <Row Tag="LOC_PROMOTION_SUPPLY_FLEET_NAME">
      <Text>Tedarik Filosu</Text>
    </Row>
    <!--Naval Carrier-->
    <Row Tag="LOC_PROMOTION_FLIGHT_DECK_NAME">
      <Text>Uçuş Güvertesi</Text>
    </Row>
    <Row Tag="LOC_PROMOTION_HANGAR_DECK_NAME">
      <Text>Hangar Güvertesi</Text>
    </Row>
    <Row Tag="LOC_PROMOTION_FOLDING_WINGS_NAME">
      <Text>Katlanır Kanatlar</Text>
    </Row>
    <Row Tag="LOC_PROMOTION_SCOUT_PLANES_NAME">
      <Text>Keşif Uçakları</Text>
    </Row>
    <Row Tag="LOC_PROMOTION_ADVANCED_ENGINES_NAME">
      <Text>Gelişmiş Motorlar</Text>
    </Row>
    <Row Tag="LOC_PROMOTION_DECK_CREWS_NAME">
      <Text>Güverte Mürettebatı</Text>
    </Row>
    <Row Tag="LOC_PROMOTION_SUPER_CARRIER_NAME">
      <Text>Süper Taşıyıcı</Text>
    </Row>
    <!--Naval Raider-->
    <Row Tag="LOC_PROMOTION_LOOT_NAME">
      <Text>Yağma</Text>
    </Row>
    <Row Tag="LOC_PROMOTION_BOARDING_NAME">
      <Text>Yatılı</Text>
    </Row>
    <Row Tag="LOC_PROMOTION_SWIFT_KEEL_NAME">
      <Text>Swift Keel</Text>
    </Row>
    <Row Tag="LOC_PROMOTION_OBSERVATION_NAME">
      <Text>Gözlem</Text>
    </Row>
    <Row Tag="LOC_PROMOTION_SILENT_RUNNING_NAME">
      <Text>Sessiz Koşu</Text>
    </Row>
    <Row Tag="LOC_PROMOTION_HOMING_TORPEDOES_NAME">
      <Text>Güdümlü Torpidolar</Text>
    </Row>
    <Row Tag="LOC_PROMOTION_WOLFPACK_NAME">
      <Text>Wolfpack</Text>
    </Row>
    <!--Apostles-->
    <Row Tag="LOC_PROMOTION_ORATOR_NAME">
      <Text>Hatip</Text>
    </Row>
    <Row Tag="LOC_PROMOTION_PROSELYTIZER_NAME">
      <Text>Proselytizer</Text>
    </Row>
    <Row Tag="LOC_PROMOTION_TRANSLATOR_NAME">
      <Text>Çevirmen</Text>
    </Row>
    <Row Tag="LOC_PROMOTION_PILGRIM_NAME">
      <Text>Hacı</Text>
    </Row>
    <Row Tag="LOC_PROMOTION_INDULGENCE_VENDOR_NAME">
      <Text>Hoşgörü Satıcısı</Text>
    </Row>
    <Row Tag="LOC_PROMOTION_HEATHEN_CONVERSION_NAME">
      <Text>Kâfir Dönüşümü</Text>
    </Row>
    <Row Tag="LOC_PROMOTION_DEBATER_NAME">
      <Text>Münazaracı</Text>
    </Row>
    <Row Tag="LOC_PROMOTION_MARTYR_NAME">
      <Text>Şehit</Text>
    </Row>
    <Row Tag="LOC_PROMOTION_CHAPLAIN_NAME">
      <Text>Papaz</Text>
    </Row>
    <!--Warrior Monk-->
    <Row Tag="LOC_PROMOTION_MONK_SHADOW_STRIKE_NAME">
      <Text>Gölge Saldırısı</Text>
    </Row>
    <Row Tag="LOC_PROMOTION_MONK_TWILIGHT_VEIL_NAME">
      <Text>Alacakaranlık Peçe</Text>
    </Row>
    <Row Tag="LOC_PROMOTION_MONK_EXPLODING_PALMS_NAME">
      <Text>Patlayan Palmiyeler</Text>
    </Row>
    <Row Tag="LOC_PROMOTION_MONK_DISCIPLES_NAME">
      <Text>Müritler</Text>
    </Row>
    <Row Tag="LOC_PROMOTION_MONK_SWEEPING_WIND_NAME">
      <Text>Süpüren Rüzgar</Text>
    </Row>
    <Row Tag="LOC_PROMOTION_MONK_DANCING_CRANE_NAME">
      <Text>Dans Eden Turna</Text>
    </Row>
    <Row Tag="LOC_PROMOTION_MONK_COBRA_STRIKE_NAME">
      <Text>Kobra Saldırısı</Text>
    </Row>
    <!--Spy-->
    <Row Tag="LOC_PROMOTION_SPY_TECHNOLOGIST_NAME">
      <Text>Teknolog</Text>
    </Row>
    <Row Tag="LOC_PROMOTION_SPY_CAT_BURGLAR_NAME">
      <Text>Kedi Hırsız</Text>
    </Row>
    <Row Tag="LOC_PROMOTION_SPY_DEMOLITIONS_NAME">
      <Text>Yıkımlar</Text>
    </Row>
    <Row Tag="LOC_PROMOTION_SPY_CON_ARTIST_NAME">
      <Text>Dolandırıcı</Text>
    </Row>
    <Row Tag="LOC_PROMOTION_SPY_GUERILLA_LEADER_NAME">
      <Text>Gerilla Lideri</Text>
    </Row>
    <Row Tag="LOC_PROMOTION_SPY_ROCKET_SCIENTIST_NAME">
      <Text>Roket Bilimci</Text>
    </Row>
    <Row Tag="LOC_PROMOTION_SPY_SEDUCTION_NAME">
      <Text>Baştan Çıkarma</Text>
    </Row>
    <Row Tag="LOC_PROMOTION_SPY_DISGUISE_NAME">
      <Text>Kılık Değiştirme</Text>
    </Row>
    <Row Tag="LOC_PROMOTION_SPY_LINGUIST_NAME">
      <Text>Dilbilimci</Text>
    </Row>
    <Row Tag="LOC_PROMOTION_SPY_QUARTERMASTER_NAME">
      <Text>Levazım Subayı</Text>
    </Row>
    <Row Tag="LOC_PROMOTION_SPY_ACE_DRIVER_NAME">
      <Text>Ace Sürücü</Text>
    </Row>
    <!---->
    <!-- PROMOTION DESCRIPTION TEXT -->
    <!---->
    <Row Tag="LOC_PROMOTION_DESCRIPTOR_PREVIEW_TEXT">
      <Text>(Promosyon)</Text>
    </Row>
    <Row Tag="LOC_POLICY_DESCRIPTOR_PREVIEW_TEXT">
      <Text>(Politika)</Text>
    </Row>
    <Row Tag="LOC_GOVERNMENT_DESCRIPTOR_PREVIEW_TEXT">
      <Text>(Hükümet)</Text>
    </Row>
    <Row Tag="LOC_GREAT_PERSON_DESCRIPTOR_PREVIEW_TEXT">
      <Text>(Büyük İnsan)</Text>
    </Row>
    <Row Tag="LOC_RELIGION_DESCRIPTOR_PREVIEW_TEXT">
      <Text>(Din)</Text>
    </Row>
    <Row Tag="LOC_ABILITY_DESCRIPTOR_PREVIEW_TEXT">
      <Text>(Yetenek)</Text>
    </Row>
    <Row Tag="LOC_WONDER_DESCRIPTOR_PREVIEW_TEXT">
      <Text>(Wonder)</Text>
    </Row>
    <!--Recon-->
    <Row Tag="LOC_PROMOTION_RANGER_DESCRIPTION">
      <Text>Orman ve Yağmur Ormanı arazisinde daha hızlı [ICON_Movement] Hareket.</Text>
    </Row>
    <Row Tag="LOC_PROMOTION_ALPINE_DESCRIPTION">
      <Text>Tepe arazisinde Daha Hızlı [ICON_Movement] Hareket.</Text>
    </Row>
    <Row Tag="LOC_PROMOTION_SENTRY_DESCRIPTION">
      <Text>Orman ve Ormanın içini görebilir.</Text>
    </Row>
    <Row Tag="LOC_PROMOTION_SPYGLASS_DESCRIPTION">
      <Text>+1 görüş mesafesi.</Text>
    </Row>
    <Row Tag="LOC_PROMOTION_GUERRILLA_DESCRIPTION">
      <Text>Saldırdıktan sonra hareket edebilir.</Text>
    </Row>
    <Row Tag="LOC_PROMOTION_COMMANDO_DESCRIPTION">
      <Text>+1 [ICON_Movement] Hareket. Uçurum duvarlarına tırmanabilir.</Text>
    </Row>
    <Row Tag="LOC_PROMOTION_AMBUSH_DESCRIPTION">
      <Text>Her durumda +20 [ICON_Strength] Savaş Gücü.</Text>
    </Row>
    <Row Tag="LOC_PROMOTION_CAMOUFLAGE_DESCRIPTION">
      <Text>Sadece komşu düşman birimleri bu birimi açığa çıkarabilir.</Text>
    </Row>
    <!--Melee-->
    <Row Tag="LOC_PROMOTION_BATTLECRY_DESCRIPTION">
      <Text>Yakın dövüş ve menzilli birimlere karşı +7 [ICON_Strength] Savaş Gücü.</Text>
    </Row>
    <Row Tag="LOC_PROMOTION_TORTOISE_DESCRIPTION">
      <Text>Menzilli saldırılara karşı savunma yaparken +10 [ICON_Strength] Savaş Gücü.</Text>
    </Row>
    <Row Tag="LOC_PROMOTION_AMPHIBIOUS_DESCRIPTION">
      <Text>Denizden veya nehirden saldırırken [ICON_Strength] Savaş Gücü ve [ICON_Movement] Hareket cezası yoktur.</Text>
    </Row>
    <Row Tag="LOC_PROMOTION_ZWEIHANDER_DESCRIPTION">
      <Text>+7 [ICON_Strength] Süvari karşıtı birimlere karşı Savaş Gücü.</Text>
    </Row>
    <Row Tag="LOC_PROMOTION_URBAN_WARFARE_DESCRIPTION">
      <Text>Bir bölgede savaşırken +10 [ICON_Strength] Savaş Gücü.</Text>
    </Row>
    <Row Tag="LOC_PROMOTION_ELITE_GUARD_DESCRIPTION">
      <Text>[ICON_Movement] Hareket izin veriyorsa tur başına +1 ek saldırı. Saldırdıktan sonra hareket edebilir.</Text>
    </Row>
    <!--Ranged-->
    <Row Tag="LOC_PROMOTION_VOLLEY_DESCRIPTION">
      <Text>Kara birimlerine karşı +5 [ICON_Ranged] Menzilli Güç.</Text>
    </Row>
    <Row Tag="LOC_PROMOTION_GARRISON_DESCRIPTION">
      <Text>[ICON_Strength] Savunma Gücü sağlayan bir iyileştirme ya da bir bölge işgal ederken +10 [ICON_Strength] Savaş Gücü.</Text>
    </Row>
    <Row Tag="LOC_PROMOTION_ARROW_STORM_DESCRIPTION">
      <Text>Kara ve deniz birimlerine karşı +7 [ICON_Ranged] Menzilli Güç.</Text>
    </Row>
    <Row Tag="LOC_PROMOTION_INCENDIARIES_DESCRIPTION">
      <Text>+7 [ICON_Ranged] Bölge savunmalarına karşı Menzilli Güç.</Text>
    </Row>
    <Row Tag="LOC_PROMOTION_SUPPRESSION_DESCRIPTION">
      <Text>Kontrol bölgesini uygulayın.</Text>
    </Row>
    <Row Tag="LOC_PROMOTION_EMPLACEMENT_DESCRIPTION">
      <Text>Şehir saldırılarına karşı savunma yaparken +10 [ICON_Strength] Savaş Gücü.</Text>
    </Row>
    <Row Tag="LOC_PROMOTION_EXPERT_MARKSMAN_DESCRIPTION">
      <Text>Birim hareket etmediyse tur başına +1 ek saldırı.</Text>
    </Row>
    <Row Tag="LOC_PROMOTION_EXPERT_CREW_DESCRIPTION">
      <Text>Hareket ettikten sonra saldırabilir.</Text>
    </Row>
    <Row Tag="LOC_PROMOTION_FORWARD_OBSERVERS_DESCRIPTION">
      <Text>+1 [ICON_Range] Aralık.</Text>
    </Row>
    <!--Anti-Cavalry-->
    <Row Tag="LOC_PROMOTION_ECHELON_DESCRIPTION">
      <Text>Süvari birimlerine karşı +5 [ICON_Strength] Savaş Gücü.</Text>
    </Row>
    <Row Tag="LOC_PROMOTION_THRUST_DESCRIPTION">
      <Text>Yakın dövüş birimlerine karşı +5 [ICON_Strength] Savaş Gücü.</Text>
    </Row>
    <Row Tag="LOC_PROMOTION_SQUARE_DESCRIPTION">
      <Text>Çifte Destek bonusu.</Text>
    </Row>
    <Row Tag="LOC_PROMOTION_SCHILTRON_DESCRIPTION">
      <Text>Yakın dövüş sınıfı birimlere karşı savunma yaparken +10 [ICON_Strength] Savaş Gücü.</Text>
    </Row>
    <Row Tag="LOC_PROMOTION_REDEPLOY_DESCRIPTION">
      <Text>+1 [ICON_Movement] Hareket.</Text>
    </Row>
    <!--Siege-->
    <Row Tag="LOC_PROMOTION_CREW_WEAPONS_DESCRIPTION">
      <Text>Savunurken +7 [ICON_Strength] Savaş Gücü.</Text>
    </Row>
    <Row Tag="LOC_PROMOTION_GRAPE_SHOT_DESCRIPTION">
      <Text>Kara birimlerine karşı +7 [ICON_Strength] Savaş Gücü.</Text>
    </Row>
    <Row Tag="LOC_PROMOTION_SHRAPNEL_DESCRIPTION">
      <Text>Kara birimlerine karşı +10 [ICON_Strength] Savaş Gücü.</Text>
    </Row>
    <Row Tag="LOC_PROMOTION_SHELLS_DESCRIPTION">
      <Text>Bölge savunmalarına karşı +10 [ICON_Strength] Savaş Gücü.</Text>
    </Row>
    <Row Tag="LOC_PROMOTION_ADVANCED_RANGEFINDING_DESCRIPTION">
      <Text>Donanma birimlerine karşı +10 [ICON_Strength] Savaş Gücü.</Text>
    </Row>
    <Row Tag="LOC_PROMOTION_CHOKE_POINTS_DESCRIPTION">
      <Text>Orman, Ormanda, Tepelerde veya Bataklıkta savunma yaparken +7 [ICON_Strength] Savaş Gücü.</Text>
    </Row>
    <Row Tag="LOC_PROMOTION_HOLD_THE_LINE_DESCRIPTION">
      <Text>Farklı sınıftan bitişik birimler süvarilere karşı +10 [ICON_Strength] Savaş Gücü kazanır.</Text>
    </Row>
    <!--Light Cavalry-->
    <Row Tag="LOC_PROMOTION_ESCORT_MOBILITY_DESCRIPTION">
      <Text>Formasyon birimlerinin tümü eskortun [ICON_Movement] Hareket hızını devralır.</Text>
    </Row>
    <Row Tag="LOC_PROMOTION_CAPARISON_DESCRIPTION">
      <Text>+5 [ICON_Strength] Karşı süvariye karşı Savaş Gücü.</Text>
    </Row>
    <Row Tag="LOC_PROMOTION_COURSERS_DESCRIPTION">
      <Text>Menzilli ve kuşatma birimlerine saldırırken +5 [ICON_Strength] Savaş Gücü.</Text>
    </Row>
    <Row Tag="LOC_PROMOTION_DEPREDATION_DESCRIPTION">
      <Text>Yağmalamanın maliyeti sadece 1 [ICON_Movement] Hareket puanıdır.</Text>
    </Row>
    <Row Tag="LOC_PROMOTION_DOUBLE_ENVELOPMENT_DESCRIPTION">
      <Text>2 kat yan bonus.</Text>
    </Row>
    <Row Tag="LOC_PROMOTION_SPIKING_THE_GUNS_DESCRIPTION">
      <Text>Kuşatma birimlerine karşı +7 [ICON_Strength] Savaş Gücü.</Text>
    </Row>
    <Row Tag="LOC_PROMOTION_PURSUIT_DESCRIPTION">
      <Text>+1 [ICON_Movement] Hareket.</Text>
    </Row>
    <!--Heavy Cavalry-->
    <Row Tag="LOC_PROMOTION_CHARGE_DESCRIPTION">
      <Text>+10 [ICON_Strength] Müstahkem savunmacıya karşı Savaş Gücü.</Text>
    </Row>
    <Row Tag="LOC_PROMOTION_BARDING_DESCRIPTION">
      <Text>Menzilli saldırılara karşı savunma yaparken +7 [ICON_Strength] Savaş Gücü.</Text>
    </Row>
    <Row Tag="LOC_PROMOTION_MARAUDING_DESCRIPTION">
      <Text>+7 [ICON_Strength] Bölgelerdeki birimlere karşı Savaş Gücü.</Text>
    </Row>
    <Row Tag="LOC_PROMOTION_ROUT_DESCRIPTION">
      <Text>Hasarlı birimlere karşı +5 [ICON_Strength] Savaş Gücü.</Text>
    </Row>
    <Row Tag="LOC_PROMOTION_ARMOR_PIERCING_DESCRIPTION">
      <Text>Diğer ağır süvari birliklerine karşı +7 [ICON_Strength] Savaş Gücü.</Text>
    </Row>
    <Row Tag="LOC_PROMOTION_REACTIVE_ARMOR_DESCRIPTION">
      <Text>Ağır süvarilere ve anti süvarilere karşı savunma yaparken +7 [ICON_Strength] Savaş Gücü.</Text>
    </Row>
    <Row Tag="LOC_PROMOTION_BREAKTHROUGH_DESCRIPTION">
      <Text>[ICON_Movement] Hareket izin veriyorsa tur başına +1 ek saldırı.</Text>
    </Row>
    <!--Aircraft Fighter-->
    <Row Tag="LOC_PROMOTION_DOGFIGHTING_DESCRIPTION">
      <Text>Avcı sınıfı birimlere karşı +7 [ICON_Strength] Savaş Gücü.</Text>
    </Row>
    <Row Tag="LOC_PROMOTION_COCKPIT_ARMOR_DESCRIPTION">
      <Text>+7 [ICON_Strength] Anti-havaya karşı savunma yaparken Savaş Gücü.</Text>
    </Row>
    <Row Tag="LOC_PROMOTION_INTERCEPTOR_DESCRIPTION">
      <Text>Bombardıman sınıfı birimlere karşı +7 [ICON_Strength] Savaş Gücü.</Text>
    </Row>
    <Row Tag="LOC_PROMOTION_STRAFE_DESCRIPTION">
      <Text>+17 [ICON_Strength] Süvari olmayan birimlere karşı Savaş Gücü.</Text>
    </Row>
    <Row Tag="LOC_PROMOTION_GROUND_CREWS_DESCRIPTION">
      <Text>Devriye gezerken veya görevdeyken iyileşin.</Text>
    </Row>
    <Row Tag="LOC_PROMOTION_TANK_BUSTER_DESCRIPTION">
      <Text>+17 [ICON_Strength] Süvari birimlerine karşı Savaş Gücü.</Text>
    </Row>
    <Row Tag="LOC_PROMOTION_DROP_TANKS_DESCRIPTION">
      <Text>+2 [ICON_Range] Aralık.</Text>
    </Row>
    <!--Aircraft Bomber-->
    <Row Tag="LOC_PROMOTION_BOX_FORMATION_DESCRIPTION">
      <Text>Avcı sınıfı birimlere karşı savunma yaparken +7 [ICON_Strength] Savaş Gücü.</Text>
    </Row>
    <Row Tag="LOC_PROMOTION_EVASIVE_MANEUVERS_DESCRIPTION">
      <Text>+7 [ICON_Strength] Anti-havaya karşı savunma yaparken Savaş Gücü.</Text>
    </Row>
    <Row Tag="LOC_PROMOTION_TORPEDO_BOMBER_DESCRIPTION">
      <Text>+17 [ICON_Strength] Deniz birimlerine karşı Savaş Gücü.</Text>
    </Row>
    <Row Tag="LOC_PROMOTION_CLOSE_AIR_SUPPORT_DESCRIPTION">
      <Text>Kara birimlerine karşı +12 [ICON_Strength] Savaş Gücü.</Text>
    </Row>
    <Row Tag="LOC_PROMOTION_TACTICAL_MAINTENANCE_DESCRIPTION">
      <Text>Saldırdıktan sonra iyileşebilir.</Text>
    </Row>
    <Row Tag="LOC_PROMOTION_LONG_RANGE_DESCRIPTION">
      <Text>+2 [ICON_Range] Aralık.</Text>
    </Row>
    <Row Tag="LOC_PROMOTION_SUPERFORTRESS_DESCRIPTION">
      <Text>Hava yağması için minimum sağlık gereksinimi yok.</Text>
    </Row>
    <!--Naval Melee-->
    <Row Tag="LOC_PROMOTION_EMBOLON_DESCRIPTION">
      <Text>Donanma birimlerine karşı +7 [ICON_Strength] Savaş Gücü.</Text>
    </Row>
    <Row Tag="LOC_PROMOTION_REINFORCED_HULL_DESCRIPTION">
      <Text>Menzilli saldırılara karşı savunma yaparken +10 [ICON_Strength] Savaş Gücü.</Text>
    </Row>
    <Row Tag="LOC_PROMOTION_RUTTER_DESCRIPTION">
      <Text>+1 görüş mesafesi.</Text>
    </Row>
    <Row Tag="LOC_PROMOTION_HELMSMAN_DESCRIPTION">
      <Text>+1 [ICON_Movement] Hareket.</Text>
    </Row>
    <Row Tag="LOC_PROMOTION_AUXILIARY_SHIPS_DESCRIPTION">
      <Text>Dost bölgenin dışında iyileşin.</Text>
    </Row>
    <Row Tag="LOC_PROMOTION_CONVOY_DESCRIPTION">
      <Text>Bir düzen içindeyken +10 [ICON_Strength] Savaş Gücü.</Text>
    </Row>
    <Row Tag="LOC_PROMOTION_CREEPING_ATTACK_DESCRIPTION">
      <Text>Deniz akıncı birimlerine karşı +14 [ICON_Strength] Savaş Gücü.</Text>
    </Row>
    <!--Naval Ranged-->
    <Row Tag="LOC_PROMOTION_SUPPLY_FLEET_DESCRIPTION">
      <Text>Dost bölgenin dışında iyileşin.</Text>
    </Row>
    <Row Tag="LOC_PROMOTION_LINE_OF_BATTLE_DESCRIPTION">
      <Text>+7 [ICON_Strength] Donanma birimlerine karşı Savaş Gücü.</Text>
    </Row>
    <Row Tag="LOC_PROMOTION_BOMBARDMENT_DESCRIPTION">
      <Text>+7 [ICON_Strength] Bölge savunmalarına karşı Savaş Gücü.</Text>
    </Row>
    <Row Tag="LOC_PROMOTION_PREPARATORY_FIRE_DESCRIPTION">
      <Text>Kara birimlerine karşı +7 [ICON_Strength] Savaş Gücü.</Text>
    </Row>
    <Row Tag="LOC_PROMOTION_ROLLING_BARRAGE_DESCRIPTION">
      <Text>Bölge savunmalarına karşı +10 [ICON_Strength] Savaş Gücü.</Text>
    </Row>
    <Row Tag="LOC_PROMOTION_PROXIMITY_FUSES_DESCRIPTION">
      <Text>Hava saldırılarına karşı savunma yaparken +7 [ICON_Strength] Savaş Gücü.</Text>
    </Row>
    <Row Tag="LOC_PROMOTION_COINCIDENCE_RANGEFINDING_DESCRIPTION">
      <Text>+1 [ICON_Range] Aralık.</Text>
    </Row>
    <!--Naval Carrier-->
    <Row Tag="LOC_PROMOTION_FLIGHT_DECK_DESCRIPTION">
      <Text>+1 ek uçak yuvası.</Text>
    </Row>
    <Row Tag="LOC_PROMOTION_HANGAR_DECK_DESCRIPTION">
      <Text>+1 ek uçak yuvası.</Text>
    </Row>
    <Row Tag="LOC_PROMOTION_FOLDING_WINGS_DESCRIPTION">
      <Text>+1 ek uçak yuvası.</Text>
    </Row>
    <Row Tag="LOC_PROMOTION_SCOUT_PLANES_DESCRIPTION">
      <Text>+1 görüş mesafesi.</Text>
    </Row>
    <Row Tag="LOC_PROMOTION_ADVANCED_ENGINES_DESCRIPTION">
      <Text>+1 [ICON_Movement] Hareket.</Text>
    </Row>
    <Row Tag="LOC_PROMOTION_DECK_CREWS_DESCRIPTION">
      <Text>Saldırdıktan sonra iyileşebilir.</Text>
    </Row>
    <Row Tag="LOC_PROMOTION_SUPER_CARRIER_DESCRIPTION">
      <Text>Dost bölgenin dışında iyileşin.</Text>
    </Row>
    <!--Naval Raider-->
    <Row Tag="LOC_PROMOTION_LOOT_DESCRIPTION">
      <Text>Kıyı baskınlarından +50 [ICON_Gold] Altın. (Standart Hızda)</Text>
    </Row>
    <Row Tag="LOC_PROMOTION_BOARDING_DESCRIPTION">
      <Text>Deniz zaferlerinden [ICON_Gold] Altın elde edin.</Text>
    </Row>
    <Row Tag="LOC_PROMOTION_SWIFT_KEEL_DESCRIPTION">
      <Text>+1 [ICON_Movement] Hareket.</Text>
    </Row>
    <Row Tag="LOC_PROMOTION_OBSERVATION_DESCRIPTION">
      <Text>+1 görüş mesafesi.</Text>
    </Row>
    <Row Tag="LOC_PROMOTION_HOMING_TORPEDOES_DESCRIPTION">
      <Text>Donanma birimlerine karşı +10 [ICON_Strength] Savaş Gücü.</Text>
    </Row>
    <Row Tag="LOC_PROMOTION_SILENT_RUNNING_DESCRIPTION">
      <Text>Saldırdıktan sonra hareket edebilir.</Text>
    </Row>
    <Row Tag="LOC_PROMOTION_WOLFPACK_DESCRIPTION">
      <Text>Her tur için +1 ek saldırı.</Text>
    </Row>
    <!--Apostle-->
    <Row Tag="LOC_PROMOTION_ORATOR_DESCRIPTION">
      <Text>Dini fazladan 2 kez yayabilir.</Text>
    </Row>
    <Row Tag="LOC_PROMOTION_PROSELYTIZER_DESCRIPTION">
      <Text>Dini yayılma, hedef şehirdeki diğer Dinlerden gelen mevcut baskının %75'ini ortadan kaldırır.</Text>
    </Row>
    <Row Tag="LOC_PROMOTION_TRANSLATOR_DESCRIPTION">
      <Text>Dini yayılma, diğer medeniyetlerin şehirlerinde üç kat daha güçlüdür.</Text>
    </Row>
    <Row Tag="LOC_PROMOTION_PILGRIM_DESCRIPTION">
      <Text>Bir doğa harikasına ilk kez komşu olurken 3 ekstra yayılma alanı kazanır.</Text>
    </Row>
    <Row Tag="LOC_PROMOTION_INDULGENCE_VENDOR_DESCRIPTION">
      <Text>Bu birim bir şehri ilk kez sizin Dininize dönüştürürse [ICON_Gold] 100 Altın kazanın.</Text>
    </Row>
    <Row Tag="LOC_PROMOTION_HEATHEN_CONVERSION_DESCRIPTION">
      <Text>Dini bir hücum kullanarak tüm komşu Barbarları kendi tarafınıza çekebilirsiniz.</Text>
    </Row>
    <Row Tag="LOC_PROMOTION_DEBATER_DESCRIPTION">
      <Text>+20 [ICON_Religion] Teolojik Savaşta Dini Güç.</Text>
    </Row>
    <Row Tag="LOC_PROMOTION_MARTYR_DESCRIPTION">
      <Text>Bu Havari Teolojik Savaşta ölürse kalıntı oluşturulur.</Text>
    </Row>
    <Row Tag="LOC_PROMOTION_CHAPLAIN_DESCRIPTION">
      <Text>Havari bir Sıhhiye olarak çalışır ve 1 kare içindeki birimlere ekstra iyileştirme sağlar.</Text>
    </Row>
    <!--Warrior Monk-->
    <Row Tag="LOC_PROMOTION_MONK_SHADOW_STRIKE_DESCRIPTION">
      <Text>2 kat yan bonus.</Text>
    </Row>
    <Row Tag="LOC_PROMOTION_MONK_TWILIGHT_VEIL_DESCRIPTION">
      <Text>Sadece komşu düşman birimleri bu birimi açığa çıkarabilir.</Text>
    </Row>
    <Row Tag="LOC_PROMOTION_MONK_EXPLODING_PALMS_DESCRIPTION">
      <Text>Her durumda +10 [ICON_Strength] Savaş Gücü.</Text>
    </Row>
    <Row Tag="LOC_PROMOTION_MONK_DISCIPLES_DESCRIPTION">
      <Text>Bu birim, bir düşman birimini yendiğinde Dinini yakındaki şehirlere yayar.</Text>
    </Row>
    <Row Tag="LOC_PROMOTION_MONK_SWEEPING_WIND_DESCRIPTION">
      <Text>[ICON_Movement] Hareket izin veriyorsa tur başına +1 ek saldırı.</Text>
    </Row>
    <Row Tag="LOC_PROMOTION_MONK_DANCING_CRANE_DESCRIPTION">
      <Text>+1 [ICON_Movement] Hareket.</Text>
    </Row>
    <Row Tag="LOC_PROMOTION_MONK_COBRA_STRIKE_DESCRIPTION">
      <Text>Her durumda +15 [ICON_Strength] Savaş Gücü.</Text>
    </Row>
    <!--Spy-->
    <Row Tag="LOC_PROMOTION_SPY_TECHNOLOGIST_DESCRIPTION">
      <Text>Teknolojiyi 2 seviye daha deneyimliymiş gibi çalın.</Text>
    </Row>
    <Row Tag="LOC_PROMOTION_SPY_CAT_BURGLAR_DESCRIPTION">
      <Text>Büyük Eserleri 2 seviye daha tecrübeliymiş gibi çalın.</Text>
    </Row>
    <Row Tag="LOC_PROMOTION_SPY_DEMOLITIONS_DESCRIPTION">
      <Text>Sabotaj Üretimi sanki 2 seviye daha tecrübeliymiş gibi.</Text>
    </Row>
    <Row Tag="LOC_PROMOTION_SPY_CON_ARTIST_DESCRIPTION">
      <Text>Siphon Fonları sanki 2 seviye daha tecrübeliymiş gibi.</Text>
    </Row>
    <Row Tag="LOC_PROMOTION_SPY_GUERILLA_LEADER_DESCRIPTION">
      <Text>Partizanları 2 seviye daha tecrübeliymiş gibi işe alın.</Text>
    </Row>
    <Row Tag="LOC_PROMOTION_SPY_ROCKET_SCIENTIST_DESCRIPTION">
      <Text>Roketçiliği 2 seviye daha deneyimliymiş gibi bozun.</Text>
    </Row>
    <Row Tag="LOC_PROMOTION_SPY_SEDUCTION_DESCRIPTION">
      <Text>Sanki 2 seviye daha tecrübeliymiş gibi karşı casusluk yap.</Text>
    </Row>
    <Row Tag="LOC_PROMOTION_SPY_DISGUISE_DESCRIPTION">
      <Text>Bir düşman şehrinde varlık göstermek hiç zaman almaz.</Text>
    </Row>
    <Row Tag="LOC_PROMOTION_SPY_LINGUIST_DESCRIPTION">
      <Text>Tüm görevleri tamamlama süresi 25%. azaltıldı</Text>
    </Row>
    <Row Tag="LOC_PROMOTION_SPY_QUARTERMASTER_DESCRIPTION">
      <Text>Eğer bu Spy ana bölgedeyse, tüm Spy'larınız +1 seviyesinde çalışır.</Text>
    </Row>
    <Row Tag="LOC_PROMOTION_SPY_ACE_DRIVER_DESCRIPTION">
      <Text>Bir görevde yakalanırsanız, kaçma şansınız çok daha yüksektir (+4 seviye).</Text>
    </Row>
  </BaseGameText>
</GameData>