﻿<?xml version="1.0" encoding="utf-8" standalone="yes"?>
<GameData xmlns:xsi="http://www.w3.org/2001/XMLSchema-instance">
  <BaseGameText>
    <Row Tag="LOC_FEATURE_BARRIER_REEF_QUOTE">
      <Text>"Organizmalar CO2'yi bir zehir olarak düşünmezler. Bitkiler ve kabuk, mercan yapan organizmalar bunu bir yapı taşı olarak düşünür."[NEWLINE]- Janine Benyus</Text>
    </Row>
    <Row Tag="LOC_FEATURE_CLIFFS_DOVER_QUOTE">
      <Text>"Beyaz Uçurum'un mazgallı tacının altında, Şabat huzurundan daha derin bir sessizliğe bürünmüş."[NEWLINE]- William Wordsworth</Text>
    </Row>
    <Row Tag="LOC_FEATURE_CRATER_LAKE_QUOTE">
      <Text>"Bir daha asla Dünya'nın güzellik noktalarına bakıp, gördüğüm en güzel şeylerin tadını çıkaramayacağım. Krater Gölü hepsinden üstündür."[NEWLINE]- Jack London</Text>
    </Row>
    <Row Tag="LOC_FEATURE_DEAD_SEA_QUOTE">
      <Text>"Ölü Deniz'in kıyısındaki elmalar gibi, tadı kül gibi."[NEWLINE]- Lord Byron</Text>
    </Row>
    <Row Tag="LOC_FEATURE_EVEREST_QUOTE">
      <Text>"Fethettiğimiz dağ değil, kendimizdir."[NEWLINE]- Sir Edmund Hillary</Text>
    </Row>
    <Row Tag="LOC_FEATURE_GALAPAGOS_QUOTE">
      <Text>"Bu takımadaların doğal tarihi çok dikkat çekicidir: kendi içinde küçük bir dünya gibi görünmektedir."[NEWLINE]- Charles Darwin</Text>
    </Row>
    <Row Tag="LOC_FEATURE_KILIMANJARO_QUOTE">
      <Text>"Görünüşe göre Kilimanjaro Dağı'nda kablosuz internet yok, bu yüzden Tanzanya'da iki haftamı seyahatimdeki insanlarla konuşarak geçirmek zorunda kaldım."[NEWLINE]- Nancy Bonds</Text>
    </Row>
    <Row Tag="LOC_FEATURE_PANTANAL_QUOTE">
      <Text>"Pantanal, gezegenin en karmaşık intertropikal alüvyon ovasıdır ve belki de dünyanın en az bilinen bölgesidir."[NEWLINE]- Aziz Ab'Saber</Text>
    </Row>
    <Row Tag="LOC_FEATURE_PIOPIOTAHI_QUOTE">
      <Text>"Ancak Yeni Zelanda'nın fiordland'ının kalbine doğru ilerlerken, uzun zamandır kaybettiğim o çocuksu, saf ve katıksız huşu duygusu geri geldi. Milford Sound'a giden yolun iyi olduğunu biliyordum - ama bu kadar iyi mi?"[NEWLINE]- Darroch Donald</Text>
    </Row>
    <Row Tag="LOC_FEATURE_TORRES_DEL_PAINE_QUOTE">
      <Text>"Kaplan dişlerini andıran birbirine yakın birkaç granit tepe dramatik bir şekilde gökyüzüne doğru yaklaşık bir kilometre yükselir"[NEWLINE]- Howard Hillman</Text>
    </Row>
    <Row Tag="LOC_FEATURE_TSINGY_QUOTE">
      <Text>"Tsingy, sivri mızraklarla delik deşik edilmiş devasa dikilitaşlardan oluşan 250 kilometrekarelik bir kaplan tuzağıdır. Ve evet, güzel yüzünüzü kesecekler."[NEWLINE]- Budd Erickson</Text>
    </Row>
    <Row Tag="LOC_FEATURE_YOSEMITE_QUOTE">
      <Text>"Yosemite Vadisi benim için her zaman bir gün doğumu, taş ve uzaydan oluşan devasa bir yapıda yeşil ve altın harikası bir parıltıdır."[NEWLINE]- Ansel Adams</Text>
    </Row>
    <Row Tag="LOC_TECH_POTTERY_QUOTE_1">
      <Text>"Hiç kimse kili ıslatıp sonra da sanki şans ve talih eseri tuğla olacakmış gibi bırakmamıştır." [NEWLINE]- Plutarkhos</Text>
    </Row>
    <Row Tag="LOC_TECH_POTTERY_QUOTE_2">
      <Text>"Kilin iyi bir çömlekçinin elinde mutlu olması gerektiğini düşündüm." [NEWLINE]- Janet Fitch</Text>
    </Row>
    <Row Tag="LOC_TECH_ANIMAL_HUSBANDRY_QUOTE_1">
      <Text>"Eğer cennette hiç köpek yoksa, öldüğümde onların gittiği yere gitmek istiyorum." [NEWLINE]- Will Rogers</Text>
    </Row>
    <Row Tag="LOC_TECH_ANIMAL_HUSBANDRY_QUOTE_2">
      <Text>"Domuzları çok severim. Köpekler bize yukarıdan bakar. Kediler bize tepeden bakar. Domuzlar bize eşit davranır." [NEWLINE]- Winston S. Churchill</Text>
    </Row>
    <Row Tag="LOC_TECH_MINING_QUOTE_1">
      <Text>"Bir kömür madencisinin karısından daha fazla övgüyü kim hak eder?" [NEWLINE]- Merle Travis</Text>
    </Row>
    <Row Tag="LOC_TECH_MINING_QUOTE_2">
      <Text>"Kendinizi bir çukurda bulduğunuzda, kazmayı bırakın." [NEWLINE]- Will Rogers</Text>
    </Row>
    <Row Tag="LOC_TECH_SAILING_QUOTE_1">
      <Text>"Büyük gemiler daha fazla riske girebilir, ancak küçük tekneler kıyıya yakın durmalıdır." [NEWLINE]-Benjamin Franklin</Text>
    </Row>
    <Row Tag="LOC_TECH_SAILING_QUOTE_2">
      <Text>"Karadaki hayat bana tatsız gelmiyor. Ama denizdeki hayat daha iyi." [NEWLINE]- Sir Francis Drake</Text>
    </Row>
    <Row Tag="LOC_TECH_ASTROLOGY_QUOTE_1">
      <Text>"Astrolojiye inanmıyorum; ben bir Yay burcuyum ve şüpheciyiz." [NEWLINE]- Arthur C. Clarke</Text>
    </Row>
    <Row Tag="LOC_TECH_ASTROLOGY_QUOTE_2">
      <Text>"Astroloji bilgisi olmayan bir hekimin kendisine hekim demeye hakkı yoktur." [NEWLINE]- Hipokrat</Text>
    </Row>
    <Row Tag="LOC_TECH_IRRIGATION_QUOTE_1">
      <Text>"Binlerce kişi aşksız yaşadı, bir kişi bile susuz." [NEWLINE]-W. H. Auden</Text>
    </Row>
    <Row Tag="LOC_TECH_IRRIGATION_QUOTE_2">
      <Text>"Bir ülkenin ağaçlandırılmasını ya da sulanmasını sağlayacak kadar cesur olan kişi, o ülkenin fatihinden daha az onura layık değildir." [NEWLINE]- Sir John Thomson</Text>
    </Row>
    <Row Tag="LOC_TECH_ARCHERY_QUOTE_1">
      <Text>"Havaya bir ok attım. Yere düştü, nerede olduğunu bilmiyordum." [NEWLINE]- Henry Wadsworth Longfellow</Text>
    </Row>
    <Row Tag="LOC_TECH_ARCHERY_QUOTE_2">
      <Text>"Okunuz hedefe doğru yol alırken kötülüğün güçlerinin kafası karışsın." [NEWLINE]- George Carlin</Text>
    </Row>
    <Row Tag="LOC_TECH_WRITING_QUOTE_1">
      <Text>"Yazmak paylaşmak demektir. Bir şeyleri -düşünceleri, fikirleri, görüşleri- paylaşmak istemek insanlık durumunun bir parçasıdır." [NEWLINE]- Paulo Coelho</Text>
    </Row>
    <Row Tag="LOC_TECH_WRITING_QUOTE_2">
      <Text>"Yazmak kolaydır. Tek yapmanız gereken yanlış kelimelerin üzerini çizmektir." [NEWLINE]-Mark Twain</Text>
    </Row>
    <Row Tag="LOC_TECH_MASONRY_QUOTE_1">
      <Text>"Her birimiz kendimizden çok daha büyük bir şeyin inşasında bir taş yontuyor, bir sütun dikiyor ya da bir parça vitray kesiyoruz."[NEWLINE]- Adrienne Clarkson</Text>
    </Row>
    <Row Tag="LOC_TECH_MASONRY_QUOTE_2">
      <Text>"Savurgan savaş heykelleri devirdiğinde ve kavgalar duvar işçiliğinin kökünü kazıdığında." [NEWLINE]- William Shakespeare</Text>
    </Row>
    <Row Tag="LOC_TECH_BRONZE_WORKING_QUOTE_1">
      <Text>"Tunç biçimin aynasıdır, şarap ise aklın." [NEWLINE]- Aeschylus</Text>
    </Row>
    <Row Tag="LOC_TECH_BRONZE_WORKING_QUOTE_2">
      <Text>"Kalıcı bir miras yaratmakla da ilgileniyorum... çünkü bronz binlerce yıl dayanacak." [NEWLINE]- Richard MacDonald</Text>
    </Row>
    <Row Tag="LOC_TECH_THE_WHEEL_QUOTE_1">
      <Text>"Bazen tekerlek yavaş döner, ama döner." [NEWLINE]- Lorne Michaels</Text>
    </Row>
    <Row Tag="LOC_TECH_THE_WHEEL_QUOTE_2">
      <Text>"Tekerleği yeniden icat etmeyin, sadece yeniden hizalayın." [NEWLINE]- Anthony D'Angelo</Text>
    </Row>
    <Row Tag="LOC_TECH_CELESTIAL_NAVIGATION_QUOTE_1">
      <Text>"Ve tek istediğim uzun bir gemi ve onu yönlendirecek bir yıldız." [NEWLINE]- John Masefield</Text>
    </Row>
    <Row Tag="LOC_TECH_CELESTIAL_NAVIGATION_QUOTE_2">
      <Text>"Rotanızı yıldızlara göre belirleyin, geçen her geminin ışıklarına göre değil." [NEWLINE]- Omar Bradley</Text>
    </Row>
    <Row Tag="LOC_TECH_CURRENCY_QUOTE_1">
      <Text>"Zenginlik büyük mallara sahip olmaktan değil, az arzuya sahip olmaktan ibarettir." [NEWLINE]- Epictetus</Text>
    </Row>
    <Row Tag="LOC_TECH_CURRENCY_QUOTE_2">
      <Text>"Para, eğer size mutluluk getirmiyorsa, en azından rahat içinde sefil olmanıza yardımcı olacaktır."[NEWLINE] - Helen Gurley Brown</Text>
    </Row>
    <Row Tag="LOC_TECH_HORSEBACK_RIDING_QUOTE_1">
      <Text>"Eyer üzerinde geçirilen hiçbir yaşam saati boşa gitmez." [NEWLINE]- Winston Churchill</Text>
    </Row>
    <Row Tag="LOC_TECH_HORSEBACK_RIDING_QUOTE_2">
      <Text>"At üzerindeki bir adam, yaya bir adamdan fiziksel olduğu kadar ruhsal olarak da daha büyüktür." [NEWLINE]- John Steinbeck</Text>
    </Row>
    <Row Tag="LOC_TECH_IRON_WORKING_QUOTE_1">
      <Text>"Tanrı hepimizi demirden yarattı. Sonra bazılarımızı çeliğe dönüştürmek için ısıyı artırır." [NEWLINE]- Marie Osmond</Text>
    </Row>
    <Row Tag="LOC_TECH_IRON_WORKING_QUOTE_2">
      <Text>"Her şeyin bir sınırı vardır - demir cevheri işlenerek altına dönüştürülemez." [NEWLINE]- Mark Twain</Text>
    </Row>
    <Row Tag="LOC_TECH_SHIPBUILDING_QUOTE_1">
      <Text>"Bir geminin kurucusuna neden olabilecek herhangi bir koşul hayal edemiyorum... Modern gemi yapımı bunun ötesine geçmiştir." [NEWLINE]- Kaptan E.J. Smith, RMS Titanic</Text>
    </Row>
    <Row Tag="LOC_TECH_SHIPBUILDING_QUOTE_2">
      <Text>"Bir denizci ile sonsuzluk arasında bir kalastan başka bir şey yoktur."[NEWLINE] - Thomas Gibbons</Text>
    </Row>
    <Row Tag="LOC_TECH_MATHEMATICS_QUOTE_1">
      <Text>"Matematik olmadan yapabileceğiniz hiçbir şey yoktur. Etrafınızdaki her şey matematiktir. Etrafınızdaki her şey sayılardır." [NEWLINE]- Shakuntala Devi</Text>
    </Row>
    <Row Tag="LOC_TECH_MATHEMATICS_QUOTE_2">
      <Text>"Çalışmalarıma yeniden başlayacak olsaydım, Platon'un tavsiyesine uyar ve matematikle başlardım." [NEWLINE]- Galileo Galilei</Text>
    </Row>
    <Row Tag="LOC_TECH_CONSTRUCTION_QUOTE_1">
      <Text>"Kalbinizle yaratın; aklınızla inşa edin." [NEWLINE]- Criss Jami</Text>
    </Row>
    <Row Tag="LOC_TECH_CONSTRUCTION_QUOTE_2">
      <Text>"Evrenin dört yapı taşı ateş, su, çakıl ve vinildir." [NEWLINE]- Dave Barry</Text>
    </Row>
    <Row Tag="LOC_TECH_ENGINEERING_QUOTE_1">
      <Text>"Birinin 'sihri' diğerinin mühendisliğidir." [NEWLINE]- Robert Heinlein</Text>
    </Row>
    <Row Tag="LOC_TECH_ENGINEERING_QUOTE_2">
      <Text>"Normal insanlar... eğer bozuk değilse, tamir etmemek gerektiğine inanır. Mühendisler ise bozulmadıysa henüz yeterli özelliğe sahip olmadığına inanır." [NEWLINE]- Scott Adams</Text>
    </Row>
    <Row Tag="LOC_TECH_MILITARY_TACTICS_QUOTE_1">
      <Text>"Taktik, sahip olduklarınızla yapabileceklerinizi yapmak demektir." [NEWLINE]- Saul Alinsky</Text>
    </Row>
    <Row Tag="LOC_TECH_MILITARY_TACTICS_QUOTE_2">
      <Text>"Strateji düşünce gerektirir; taktik ise gözlem." [NEWLINE]- Max Euwe</Text>
    </Row>
    <Row Tag="LOC_TECH_APPRENTICESHIP_QUOTE_1">
      <Text>"Hepimiz, kimsenin asla usta olamayacağı bir zanaatın çıraklarıyız." [NEWLINE]- Ernest Hemingway</Text>
    </Row>
    <Row Tag="LOC_TECH_APPRENTICESHIP_QUOTE_2">
      <Text>"Bir çırağı eğitmenin kolay bir yolu yoktur. Benim iki aracım örnek olmak ve dırdır etmektir." [NEWLINE]- Lemony Snicket</Text>
    </Row>
    <Row Tag="LOC_TECH_STIRRUPS_QUOTE_1">
      <Text>"Çok az icat üzengi kadar basit olmuştur, ancak çok azı tarih üzerinde bu kadar katalitik bir etkiye sahip olmuştur." [NEWLINE]- Lynn White Jr.</Text>
    </Row>
    <Row Tag="LOC_TECH_STIRRUPS_QUOTE_2">
      <Text>"Üzengi ile yer arasında, Merhamet istedim, merhamet buldum." [NEWLINE]- William Camden</Text>
    </Row>
    <Row Tag="LOC_TECH_MACHINERY_QUOTE_1">
      <Text>"Tüm dünyayı büyük bir makine olarak hayal ediyorum. Makineler hiçbir zaman yedek parça ile gelmez, bilirsiniz. Her zaman ihtiyaç duydukları kadarıyla gelirler." [NEWLINE]- Hugo Cabret</Text>
    </Row>
    <Row Tag="LOC_TECH_MACHINERY_QUOTE_2">
      <Text>"Unutmayın ki sadece makineler değil, insanlar da bozulur." [NEWLINE]- Gregory Benford</Text>
    </Row>
    <Row Tag="LOC_TECH_EDUCATION_QUOTE_1">
      <Text>Eğitimin amacı boş bir zihni açık bir zihinle değiştirmektir." [NEWLINE]- Malcolm Forbes</Text>
    </Row>
    <Row Tag="LOC_TECH_EDUCATION_QUOTE_2">
      <Text>"Bir düşünceyi kabul etmeksizin onunla ilgilenebilmek eğitimli bir zihnin işaretidir." [NEWLINE]- Aristoteles</Text>
    </Row>
    <Row Tag="LOC_TECH_MILITARY_ENGINEERING_QUOTE_1">
      <Text>"Patlat - İnşa Et - Savaş" [NEWLINE]- ABD 16. Mühendis Tugayı'nın Sloganı</Text>
    </Row>
    <Row Tag="LOC_TECH_MILITARY_ENGINEERING_QUOTE_2">
      <Text>"Bilim savaşa ne kadar çok müdahale ederse, sahra ordularında mühendislere duyulan ihtiyaç da o kadar artacaktır; son savaşta hiçbir zaman yeterli sayıda lağımcı yoktu." [NEWLINE]- Bernard Montgomery</Text>
    </Row>
    <Row Tag="LOC_TECH_CASTLES_QUOTE_1">
      <Text>"Yolumdaki taşlar mı? Hepsini saklıyorum. Onlarla kalemi inşa edeceğim." [NEWLINE]- Nemo Nox</Text>
    </Row>
    <Row Tag="LOC_TECH_CASTLES_QUOTE_2">
      <Text>"Sisler altında bir kale görürseniz, olağanüstü rüyalarla tanışmak için oraya yürümelisiniz." [NEWLINE]- Mehmet Murat İldan</Text>
    </Row>
    <Row Tag="LOC_TECH_CARTOGRAPHY_QUOTE_2">
      <Text>"Dolaşan herkes kaybolmaz." [NEWLINE]- J.R.R. Tolkien</Text>
    </Row>
    <Row Tag="LOC_TECH_MASS_PRODUCTION_QUOTE_1">
      <Text>"İnsanlar Model T'yi siyah olduğu sürece istedikleri renkte alabilirler." [NEWLINE]- Henry Ford</Text>
    </Row>
    <Row Tag="LOC_TECH_MASS_PRODUCTION_QUOTE_2">
      <Text>"Etiketlenebilen, paketlenebilen, seri üretilebilen şey ne hakikattir ne de sanat." [NEWLINE]- Marty Rubin</Text>
    </Row>
    <Row Tag="LOC_TECH_BANKING_QUOTE_1">
      <Text>"Bankaya $100 borcunuz varsa bu sizin sorununuzdur. Eğer bankaya $100 milyon borcunuz varsa, bu bankanın sorunudur." [NEWLINE]- J. Paul Getty</Text>
    </Row>
    <Row Tag="LOC_TECH_BANKING_QUOTE_2">
      <Text>"Üzerinde '24 Saat Bankacılık' yazan bir banka gördüm ama o kadar zamanım yoktu." [NEWLINE]- Steven Wright</Text>
    </Row>
    <Row Tag="LOC_TECH_GUNPOWDER_QUOTE_1">
      <Text>"Barutun gerçek kullanım amacı, tüm insanları uzun boylu yapmaktır." [NEWLINE]- Thomas Carlyle</Text>
    </Row>
    <Row Tag="LOC_TECH_GUNPOWDER_QUOTE_2">
      <Text>"İnsan askeri bir hayvandır, barutla övünür ve geçit törenlerini sever." [NEWLINE]- Philip Bailey</Text>
    </Row>
    <Row Tag="LOC_TECH_PRINTING_QUOTE_1">
      <Text>"Kalem kılıçtan daha güçlü olmayabilir, ama belki matbaa kuşatma silahından daha ağırdır. Sadece birkaç kelime her şeyi değiştirebilir." [NEWLINE]- Terry Pratchett</Text>
    </Row>
    <Row Tag="LOC_TECH_PRINTING_QUOTE_2">
      <Text>"Barutun savaş için yaptığını matbaa zihin için yapmıştır." [NEWLINE]- Wendell Phillips</Text>
    </Row>
    <Row Tag="LOC_TECH_SQUARE_RIGGING_QUOTE_1">
      <Text>"İnsanoğlunun doğadaki herhangi bir şeye yaklaşmak için yaptığı çok az şey vardır, ama yelkenli bir gemi buna yaklaşır." [NEWLINE]- Allan Villiers</Text>
    </Row>
    <Row Tag="LOC_TECH_SQUARE_RIGGING_QUOTE_2">
      <Text>"Bir gemiyi hareket ettiren, yükselen yelkenler değil, görünmeyen rüzgardır." [NEWLINE]- İngiliz Atasözü</Text>
    </Row>
    <Row Tag="LOC_TECH_ASTRONOMY_QUOTE_1">
      <Text>"Astronomi ruhu yukarıya bakmaya zorlar ve bizi bu dünyadan diğerine götürür." [NEWLINE]- Platon</Text>
    </Row>
    <Row Tag="LOC_TECH_ASTRONOMY_QUOTE_2">
      <Text>"Astronomi, astronom olmadığınızda çok daha eğlencelidir." [NEWLINE]- Brian May</Text>
    </Row>
    <Row Tag="LOC_TECH_METAL_CASTING_QUOTE_1">
      <Text>"Ve önce Hephaistos büyük ve devasa bir kalkan yaptı... Ve kalkanın üzerine iki soylu şehir dövdü." [NEWLINE]- Homeros</Text>
    </Row>
    <Row Tag="LOC_TECH_METAL_CASTING_QUOTE_2">
      <Text>"Demir ocağında durup çekiciyle çalışana kadar kimseyi yargılamayın." [NEWLINE]- Rick Riordan</Text>
    </Row>
    <Row Tag="LOC_TECH_SIEGE_TACTICS_QUOTE_1">
      <Text>"En düşük seviye bir şehre saldırmaktır. Bir şehrin kuşatılması sadece son çare olarak yapılır." [NEWLINE]- Sun Tzu</Text>
    </Row>
    <Row Tag="LOC_TECH_SIEGE_TACTICS_QUOTE_2">
      <Text>"En iyi romanslar iyi bir kuşatmanın ortasında çiçek açar." [NEWLINE]- Miles Cameron</Text>
    </Row>
    <Row Tag="LOC_TECH_INDUSTRIALIZATION_QUOTE_1">
      <Text>"Bence insan ırkı Sanayi Devrimi'nin başlangıcında büyük bir hata yaptı, mekanik şeylere atladık. İnsanların kendilerini yaratıcı hissetmeleri için ellerini kullanmaları gerekir." [NEWLINE]- Andre Norton</Text>
    </Row>
    <Row Tag="LOC_TECH_INDUSTRIALIZATION_QUOTE_2">
      <Text>"Şiddet ekonomisinin anahtar kelimeleri kentleşme, sanayileşme, merkezileşme, verimlilik, miktar, hızdır." [NEWLINE]- E.F. Schumacher</Text>
    </Row>
    <Row Tag="LOC_TECH_SCIENTIFIC_THEORY_QUOTE_1">
      <Text>"Test edilemeyen iddialar, çürütülmeye karşı bağışıklığı olan iddialar, bize ilham verme ya da merak duygumuzu harekete geçirme konusunda ne kadar değerli olurlarsa olsunlar, doğruluk açısından değersizdirler." [NEWLINE]- Carl Sagan</Text>
    </Row>
    <Row Tag="LOC_TECH_SCIENTIFIC_THEORY_QUOTE_2">
      <Text>"Eğer gerçekler teoriye uymuyorsa, gerçekleri değiştirin." [NEWLINE]- Albert Einstein</Text>
    </Row>
    <Row Tag="LOC_TECH_BALLISTICS_QUOTE_1">
      <Text>"Ne olduğunu tahmin etmek bir şeydir, ancak balistik ne olduğunu doğrulayana kadar bu konuda spekülasyon yapmayız..." [NEWLINE]- John Hansen</Text>
    </Row>
    <Row Tag="LOC_TECH_BALLISTICS_QUOTE_2">
      <Text>"Dizlerimizin üzerine çöküp dua edelim. Kime bilmiyorum. Balistiğin koruyucu bir azizi var mı?" [NEWLINE]- Adam Savage</Text>
    </Row>
    <Row Tag="LOC_TECH_MILITARY_SCIENCE_QUOTE_1">
      <Text>"Strateji ne kadar güzel olursa olsun, ara sıra sonuçlara bakmalısınız." [NEWLINE]- Winston Churchill</Text>
    </Row>
    <Row Tag="LOC_TECH_MILITARY_SCIENCE_QUOTE_2">
      <Text>"Hiç kimse bir savaş başlatmaz - ya da daha doğrusu, aklı başında hiç kimse bunu yapmamalıdır - önce zihninde bu savaşla ne elde etmeyi ve onu nasıl yürütmeyi amaçladığını netleştirmeden." [NEWLINE]- Karl von Clausewitz</Text>
    </Row>
    <Row Tag="LOC_TECH_STEAM_POWER_QUOTE_1">
      <Text>"Bilimin buhar makinesinin ötesine geçmesiyle insan ırkının kazançlı çıkıp çıkmadığı tartışılabilir." [NEWLINE]- Winston Churchill</Text>
    </Row>
    <Row Tag="LOC_TECH_STEAM_POWER_QUOTE_2">
      <Text>"Bilim buhar makinesine, buhar makinesinin bilime borçlu olduğundan daha fazla şey borçludur." [NEWLINE]- Lawrence Henderson</Text>
    </Row>
    <Row Tag="LOC_TECH_SANITATION_QUOTE_1">
      <Text>"Son 200 yılda hiçbir yenilik, tuvaletin icadıyla tetiklenen sanitasyon devrimi kadar hayat kurtarmamış ve sağlığı iyileştirmemiştir." [NEWLINE]- Sylvia Burwell</Text>
    </Row>
    <Row Tag="LOC_TECH_SANITATION_QUOTE_2">
      <Text>"Sağlık, ilaç, eğitim, şarap, kamu düzeni, yollar, tatlı su sistemi ve halk sağlığı dışında... Romalılar bizim için ne yaptı?" [NEWLINE]- John Cleese</Text>
    </Row>
    <Row Tag="LOC_TECH_ECONOMICS_QUOTE_1">
      <Text>"Ekonomi, kişinin isteklerine pek saygı göstermeyen bir konudur." [NEWLINE]- Nikita Khrushchev</Text>
    </Row>
    <Row Tag="LOC_TECH_ECONOMICS_QUOTE_2">
      <Text>"Siz ve ben karayolu ya da demiryolu ile geliyoruz, ama ekonomistler altyapı üzerinde seyahat ediyor." [NEWLINE]- Margaret Thatcher</Text>
    </Row>
    <Row Tag="LOC_TECH_RIFLING_QUOTE_1">
      <Text>"Cıvata eylemleri kelimelerden daha yüksek sesle konuşur." [NEWLINE]- Craig Roberts</Text>
    </Row>
    <Row Tag="LOC_TECH_RIFLING_QUOTE_2">
      <Text>"Bir tüfekçiyi, onun ayakkabılarıyla bir mil yürümeden asla eleştirmeyin. Bu şekilde, o yalınayak olur ve siz de menzil dışında kalırsınız." [NEWLINE]- 2. Hedef Bölüğü</Text>
    </Row>
    <Row Tag="LOC_TECH_FLIGHT_QUOTE_1">
      <Text>"Bir kez uçmanın tadına vardığınızda, gözleriniz gökyüzüne dönük olarak yeryüzünde yürüyeceksiniz, çünkü oradaydınız ve oraya dönmeyi arzulayacaksınız." [NEWLINE]- Leonardo da Vinci</Text>
    </Row>
    <Row Tag="LOC_TECH_FLIGHT_QUOTE_2">
      <Text>"Eğer bir inişten sonra yürüyüp gidebiliyorsanız, bu iyi bir iniştir. Eğer uçağı ertesi gün kullanırsanız, bu olağanüstü bir iniştir." [NEWLINE]- Chuck Yeager</Text>
    </Row>
    <Row Tag="LOC_TECH_REPLACEABLE_PARTS_QUOTE_1">
      <Text>"Bir makinenin sorunsuz ve öngörülebilir bir şekilde çalışması için parçalarının standart ve dolayısıyla değiştirilebilir olması gerekir." [NEWLINE]- Charles Eisenstein</Text>
    </Row>
    <Row Tag="LOC_TECH_REPLACEABLE_PARTS_QUOTE_2">
      <Text>"Çoğumuz otomobillerimize kendi vücudumuza baktığımızdan daha iyi bakarız... yine de otomobilin değiştirilebilir parçaları vardır." [NEWLINE]- B.J. Palmer</Text>
    </Row>
    <Row Tag="LOC_TECH_STEEL_QUOTE_1">
      <Text>"En iyi çelik her zaman en parlak değildir." [NEWLINE]- Joe Abercrombie</Text>
    </Row>
    <Row Tag="LOC_TECH_STEEL_QUOTE_2">
      <Text>"Son derece zor üç şey vardır: çelik, elmas ve insanın kendini tanıması." [NEWLINE]- Benjamin Franklin</Text>
    </Row>
    <Row Tag="LOC_TECH_ELECTRICITY_QUOTE_1">
      <Text>"Eğer elektrik olmasaydı, hepimiz mum ışığında televizyon izliyor olurduk." [NEWLINE]- George Gobel</Text>
    </Row>
    <Row Tag="LOC_TECH_ELECTRICITY_QUOTE_2">
      <Text>"Benjamin Franklin elektriği keşfetmiş olabilir, ama parayı kazanan sayacı icat eden adam oldu." [NEWLINE]- Earl Wilson</Text>
    </Row>
    <Row Tag="LOC_TECH_RADIO_QUOTE_1">
      <Text>"Radyosuz bir dünya sağır bir dünyadır." [NEWLINE]- Ernest Yeboah</Text>
    </Row>
    <Row Tag="LOC_TECH_RADIO_QUOTE_2">
      <Text>"Radyo aklın tiyatrosudur; televizyon ise akılsızların tiyatrosudur." [NEWLINE]- Steve Allen</Text>
    </Row>
    <Row Tag="LOC_TECH_CHEMISTRY_QUOTE_1">
      <Text>"Kimya, fiziğin kirli kısmıdır." [NEWLINE]- Peter Reiss</Text>
    </Row>
    <Row Tag="LOC_TECH_CHEMISTRY_QUOTE_2">
      <Text>"Kimyagerler genellikle kekelemezler. Kekeleselerdi, zaman zaman metiletilamilofenilyum gibi kelimeleri çıkarmak zorunda kaldıklarını görmek çok garip olurdu." [NEWLINE]- Sir William Crookes</Text>
    </Row>
    <Row Tag="LOC_TECH_COMBUSTION_QUOTE_1">
      <Text>"Çocukluğumuzdan bu yana arabalar o kadar da gelişmedi. İşin özüne indiğinizde, hala bir gaz yanmalı motor." [NEWLINE]- Dana Brunetti</Text>
    </Row>
    <Row Tag="LOC_TECH_COMBUSTION_QUOTE_2">
      <Text>"Her zaman içten yanmalı motorun atın yerini almasının insanlığın ilerlemesinde çok kasvetli bir dönüm noktası olduğunu düşünmüşümdür." [NEWLINE]- Winston Churchill</Text>
    </Row>
    <Row Tag="LOC_TECH_ADVANCED_FLIGHT_QUOTE_1">
      <Text>"Elbette, jetler hızlı ve ekonomik, ancak, aman Tanrım, verimlilik yarışında ne kadar eğlenceyi kaybettik ve ne kadar boş zamanı feda ettik." [NEWLINE]- Ginger Rogers</Text>
    </Row>
    <Row Tag="LOC_TECH_ADVANCED_FLIGHT_QUOTE_2">
      <Text>"Eğer Tanrı insanların gerçekten uçmasını isteseydi, havaalanına gitmeyi daha kolay hale getirirdi." [NEWLINE]- George Winters</Text>
    </Row>
    <Row Tag="LOC_TECH_ROCKETRY_QUOTE_1">
      <Text>"Roket bilimi, gerçek zorluğuyla orantısız bir şekilde efsaneleştirilmiştir." [NEWLINE]- John Carmack</Text>
    </Row>
    <Row Tag="LOC_TECH_ROCKETRY_QUOTE_2">
      <Text>"Bir roket fırlattığınızda, o roketi gerçekten uçurmuyorsunuz. Sadece bir şekilde asılı kalırsınız." [NEWLINE]- Michael P. Anderson</Text>
    </Row>
    <Row Tag="LOC_TECH_ADVANCED_BALLISTICS_QUOTE_1">
      <Text>"Eğitimsiz cesaret, eğitimli kurşunlar karşısında işe yaramaz." [NEWLINE]- George Patton</Text>
    </Row>
    <Row Tag="LOC_TECH_ADVANCED_BALLISTICS_QUOTE_2">
      <Text>"Aya nişan al. Eğer ıskalarsanız, bir yıldızı vurabilirsiniz." [NEWLINE]- W. Clement Stone</Text>
    </Row>
    <Row Tag="LOC_TECH_COMBINED_ARMS_QUOTE_1">
      <Text>"Hiçbir şey için yaşamaktansa, bir şey için savaşmak daha iyidir." [NEWLINE]- George S. Patton</Text>
    </Row>
    <Row Tag="LOC_TECH_COMBINED_ARMS_QUOTE_2">
      <Text>"Savaşta hesaplanamayan en önemli şey insan iradesidir." [NEWLINE]- B.H. Liddell Hart.</Text>
    </Row>
    <Row Tag="LOC_TECH_PLASTICS_QUOTE_1">
      <Text>"Başlıca şiirsel maddelerin hiyerarşisinde plastik, kauçuğun coşkunluğu ile metalin düz sertliği arasında kaybolmuş, gözden düşmüş bir malzeme olarak yer alır." [NEWLINE]- Roland Barthes</Text>
    </Row>
    <Row Tag="LOC_TECH_PLASTICS_QUOTE_2">
      <Text>"Bu dünyada hiçbir şey sonsuza dek sürmez. Belki plastik hariç." [NEWLINE]- Patricia Dunn</Text>
    </Row>
    <Row Tag="LOC_TECH_COMPUTERS_QUOTE_1">
      <Text>"Hata yapmak insana özgüdür, ancak işleri gerçekten berbat etmek için bir bilgisayara ihtiyacınız vardır." [NEWLINE]- Paul R. Ehrlich</Text>
    </Row>
    <Row Tag="LOC_TECH_COMPUTERS_QUOTE_2">
      <Text>"Bilgisayarların iyi yanı, onlara ne yapmalarını söylerseniz onu yapmalarıdır. Kötü haber ise onlara ne yapmalarını söylerseniz onu yapmalarıdır." [NEWLINE]- Ted Nelson</Text>
    </Row>
    <Row Tag="LOC_TECH_NUCLEAR_FISSION_QUOTE_1">
      <Text>"Bu nükleer silahlanma yarışına devam ederseniz, yapacağınız tek şey enkazın sıçramasına neden olmak olacaktır." [NEWLINE]- Winston Churchill</Text>
    </Row>
    <Row Tag="LOC_TECH_NUCLEAR_FISSION_QUOTE_2">
      <Text>"Atomu rahat bırakın." [NEWLINE]- E. Y. Harburg</Text>
    </Row>
    <Row Tag="LOC_TECH_SYNTHETIC_MATERIALS_QUOTE_1">
      <Text>"Bu kültürde o kadar çok plastik var ki, vinil leopar derisi nesli tükenmekte olan bir sentetik haline geliyor." [NEWLINE]- Lily Tomlin</Text>
    </Row>
    <Row Tag="LOC_TECH_SYNTHETIC_MATERIALS_QUOTE_2">
      <Text>"Polyester için af olmayabilir. Bu konuda Şeytan ve Tanrı hemfikirdir." [NEWLINE]- Joe Hill</Text>
    </Row>
    <Row Tag="LOC_TECH_TELECOMMUNICATIONS_QUOTE_1">
      <Text>"Bay Watson... Buraya gelin... Sizi görmek istiyorum." [NEWLINE]- Alexander Graham Bell</Text>
    </Row>
    <Row Tag="LOC_TECH_TELECOMMUNICATIONS_QUOTE_2">
      <Text>"İletişimdeki en büyük sorun, iletişimin gerçekleştiği yanılsamasıdır." [NEWLINE]- George Bernard Shaw</Text>
    </Row>
    <Row Tag="LOC_TECH_SATELLITES_QUOTE_1">
      <Text>"Bir uydunun vicdanı yoktur." [NEWLINE]- Edward R. Murrow</Text>
    </Row>
    <Row Tag="LOC_TECH_SATELLITES_QUOTE_2">
      <Text>"Şu anda dünyanın etrafında zıplayan otuz bir uydu var ve size markete giden yolu bulmanızda yardımcı olmaktan başka yapacak daha iyi bir şeyleri yok." [NEWLINE]- Ed Burnette</Text>
    </Row>
    <Row Tag="LOC_TECH_GUIDANCE_SYSTEMS_QUOTE_1">
      <Text>"Eğer yönünüzü değiştirmezseniz, gittiğiniz yere varabilirsiniz." [NEWLINE]- Lao Tzu</Text>
    </Row>
    <Row Tag="LOC_TECH_GUIDANCE_SYSTEMS_QUOTE_2">
      <Text>"Annemin eve dönerken GPS ile tartışmasını izlemeyi seviyorum." [NEWLINE]- Isabelle Fuhrman</Text>
    </Row>
    <Row Tag="LOC_TECH_LASERS_QUOTE_1">
      <Text>"Tanrı, 'Işık olsun' dediğinde, kesinlikle mükemmel tutarlı ışığı kastetmiş olmalıdır." [NEWLINE]- Charles Townes</Text>
    </Row>
    <Row Tag="LOC_TECH_LASERS_QUOTE_2">
      <Text>"Ben büyük bir lazer taraftarıyım - gerçekten de geleceğin dalgası olduklarını düşünüyorum." [NEWLINE]- Courteney Cox</Text>
    </Row>
    <Row Tag="LOC_TECH_COMPOSITES_QUOTE_1">
      <Text>"Tüm maddi şeyler, ilk Yaratılışla çeşitli şekillerde ilişkilendirilen sert ve katı parçacıklardan Akıllı bir Ajanın tavsiyesiyle oluşmuş gibi görünmektedir." [NEWLINE]- Isaac Newton</Text>
    </Row>
    <Row Tag="LOC_TECH_COMPOSITES_QUOTE_2">
      <Text>"Bilim cenneti yeryüzüne getirmek için uğraşırken, bazı insanların onun malzemelerini cehennemin inşasında kullandığı açıktır." [NEWLINE]- Herbert Hoover</Text>
    </Row>
    <Row Tag="LOC_TECH_STEALTH_TECHNOLOGY_QUOTE_1">
      <Text>"Görünmezliğin, dünyada hareket etmenin ve bakılmamanın nasıl bir şey olduğunu görmek için sahip olunması gereken eğlenceli bir güç olduğunu söyleyebilirim." [NEWLINE]- Kevin Bacon</Text>
    </Row>
    <Row Tag="LOC_TECH_STEALTH_TECHNOLOGY_QUOTE_2">
      <Text>"Sanatta ve rüyada vazgeçerek ilerleyebilirsiniz. Hayatta denge ve gizlilikle ilerleyebilirsiniz." [NEWLINE]- Patti Smith</Text>
    </Row>
    <Row Tag="LOC_TECH_ROBOTICS_QUOTE_1">
      <Text>"Robotik sonsuzdan beri var ve sonsuzdan beri bir sonraki büyük şey oldu ve o kadar heyecan verici ve ilgi çekici ki kendimizi kaptırmak çok kolay." [NEWLINE]- Colin Angle</Text>
    </Row>
    <Row Tag="LOC_TECH_ROBOTICS_QUOTE_2">
      <Text>"Geri geleceğim."</Text>
    </Row>
    <Row Tag="LOC_TECH_NANOTECHNOLOGY_QUOTE_1">
      <Text>"Eğer teknoloji değişimin motoruysa, nanoteknoloji de insanlığın geleceğinin yakıtıdır." [NEWLINE]- Natasha Vita-More</Text>
    </Row>
    <Row Tag="LOC_TECH_NANOTECHNOLOGY_QUOTE_2">
      <Text>"Pek çok kural nanoteknolojinin elinde bükülmeye başlamıştı... Bu da pek çok iyi ve pek çok kötü şey üretti." [NEWLINE]- Matt Spire</Text>
    </Row>
    <Row Tag="LOC_TECH_FUTURE_TECH_QUOTE_1">
      <Text>"Geleceği yaratmak için hayal gibisi yoktur." [NEWLINE]- Victor Hugo</Text>
    </Row>
    <Row Tag="LOC_TECH_FUTURE_TECH_QUOTE_2">
      <Text>"Gelecek çok uzakta görünse de, aslında şu anda başlıyor." [NEWLINE]- Mattie Stepanek</Text>
    </Row>
    <Row Tag="LOC_TECH_NUCLEAR_FUSION_QUOTE_1">
      <Text>"93 milyon mil öteden gelen füzyon gücünden yararlanmanın büyük bir savunucusuyum. Füzyon güneşimiz tarafından gerçekten çok iyi ve ücretsiz olarak yapılıyor. Burada, Dünya'da reaktörlerde, o kadar da değil." [NEWLINE]- Joe Romm</Text>
    </Row>
    <Row Tag="LOC_TECH_NUCLEAR_FUSION_QUOTE_2">
      <Text>"Geceleri başımızı kaldırıp yıldızlara baktığımızda gördüğümüz her şey uzaktaki nükleer füzyon nedeniyle parlıyor." [NEWLINE]- Carl Sagan</Text>
    </Row>
    <Row Tag="LOC_CIVIC_CODE_OF_LAWS_QUOTE_1">
      <Text>"Bir yasayı yapan bilgelik değil, otoritedir." [NEWLINE]- Thomas Hobbes</Text>
    </Row>
    <Row Tag="LOC_CIVIC_CODE_OF_LAWS_QUOTE_2">
      <Text>"İnsan en iyi haliyle tüm hayvanların en soylusudur; hukuk ve adaletten ayrı kaldığında ise en kötüsüdür." [NEWLINE]- Aristoteles</Text>
    </Row>
    <Row Tag="LOC_CIVIC_CRAFTSMANSHIP_QUOTE_1">
      <Text>"Zanaatkarlık olmadan ilham, rüzgarda sallanan bir kamıştan ibarettir."[NEWLINE] - Johannes Brahms</Text>
    </Row>
    <Row Tag="LOC_CIVIC_CRAFTSMANSHIP_QUOTE_2">
      <Text>"Hayal gücü olmadan beceri zanaatkârlıktır ve bize hasır piknik sepetleri gibi birçok faydalı nesne verir." [NEWLINE]- Tom Stoppard</Text>
    </Row>
    <Row Tag="LOC_CIVIC_FOREIGN_TRADE_QUOTE_1">
      <Text>"Her ulus değiş tokuş ederek yaşar." [NEWLINE]- Adam Smith</Text>
    </Row>
    <Row Tag="LOC_CIVIC_FOREIGN_TRADE_QUOTE_2">
      <Text>"Sanırım ticaretin olumlu yönü de bu. Dünya birlikte hareket ediyor." [NEWLINE]- Isabel Hoving</Text>
    </Row>
    <Row Tag="LOC_CIVIC_MILITARY_TRADITION_QUOTE_1">
      <Text>"Cesaret, korktuğunu bilen tek kişi olmaktır." [NEWLINE]- Albay David Hackworth</Text>
    </Row>
    <Row Tag="LOC_CIVIC_MILITARY_TRADITION_QUOTE_2">
      <Text>"Askeri bilginin değerini küçümsemiyorum, ancak insanlar kurallara kölece itaat ederek savaşırlarsa başarısız olurlar." [NEWLINE]- Ulysses S. Grant</Text>
    </Row>
    <Row Tag="LOC_CIVIC_STATE_WORKFORCE_QUOTE_1">
      <Text>"Güçlü bir ekonomi, güçlü ve iyi eğitimli bir işgücü ile başlar."[NEWLINE]- Bill Owens</Text>
    </Row>
    <Row Tag="LOC_CIVIC_STATE_WORKFORCE_QUOTE_2">
      <Text>"Mutlu ve bağlı bir iş gücüne sahip olmak, kârlı bir kâr hanesine sahip olmak kadar önemlidir." [NEWLINE]- Vern Dosch</Text>
    </Row>
    <Row Tag="LOC_CIVIC_EARLY_EMPIRE_QUOTE_1">
      <Text>"Yükselen ve alçalan imparatorluklarıyla geçmişe bakarsanız, geleceği de öngörebilirsiniz." [NEWLINE]- Marcus Aurelius</Text>
    </Row>
    <Row Tag="LOC_CIVIC_EARLY_EMPIRE_QUOTE_2">
      <Text>"Roma İmparatorluğu'nu yıkan klima gibi lükslerdi. Klima sayesinde pencereleri kapalıydı; barbarların geldiğini duyamıyorlardı."[NEWLINE] - Garrison Keillor</Text>
    </Row>
    <Row Tag="LOC_CIVIC_MYSTICISM_QUOTE_1">
      <Text>"Mistisizm, tesadüfi ve bireysel bir sembolün evrensel bir sembolle karıştırılmasıdır." [NEWLINE]- Ralph Waldo Emerson</Text>
    </Row>
    <Row Tag="LOC_CIVIC_MYSTICISM_QUOTE_2">
      <Text>"Militan mistisizm uyguladığımı söylemekten hoşlanıyorum. Tam olarak bilmediğim bazı şeylerden kesinlikle eminim." [NEWLINE]- Rob Bell</Text>
    </Row>
    <Row Tag="LOC_CIVIC_GAMES_RECREATION_QUOTE_1">
      <Text>"Eğer ekmek yaşamın ilk gerekliliğiyse, eğlence de ikinci sırada yer alır." [NEWLINE]- Edward Bellamy</Text>
    </Row>
    <Row Tag="LOC_CIVIC_GAMES_RECREATION_QUOTE_2">
      <Text>"Dinlenmek için zaman bulamayan insanlar, er ya da geç hastalık için de zaman bulacaklardır." [NEWLINE]- John Wanamaker</Text>
    </Row>
    <Row Tag="LOC_CIVIC_POLITICAL_PHILOSOPHY_QUOTE_1">
      <Text>"Siyaset mümkün olanın, ulaşılabilir olanın sanatıdır - bir sonraki en iyinin sanatı." [NEWLINE]- Otto von Bismarck</Text>
    </Row>
    <Row Tag="LOC_CIVIC_POLITICAL_PHILOSOPHY_QUOTE_2">
      <Text>"Böl ve yönet, sağlam bir slogan. Birleş ve yönet, daha iyi bir slogan." [NEWLINE]- Johann Wolfgang von Goethe</Text>
    </Row>
    <Row Tag="LOC_CIVIC_DRAMA_POETRY_QUOTE_1">
      <Text>"Şairler peynir konusunda gizemli bir şekilde sessiz kalmışlardır." [NEWLINE]- G. K. Chesterton</Text>
    </Row>
    <Row Tag="LOC_CIVIC_DRAMA_POETRY_QUOTE_2">
      <Text>"Tüm dünya bir sahnedir ve tüm erkekler ve kadınlar sadece oyunculardır." [NEWLINE]- William Shakespeare</Text>
    </Row>
    <Row Tag="LOC_CIVIC_MILITARY_TRAINING_QUOTE_1">
      <Text>"Öldürmek doğal bir şeyse, nasıl oluyor da insanlar bunu öğrenmek için eğitim almak zorunda kalıyorlar?" [NEWLINE]- Joan Baez</Text>
    </Row>
    <Row Tag="LOC_CIVIC_MILITARY_TRAINING_QUOTE_2">
      <Text>"Kavgalarda araya girenler, genellikle kanlı bir burun silmek zorundadırlar." [NEWLINE]- John Gay</Text>
    </Row>
    <Row Tag="LOC_CIVIC_DEFENSIVE_TACTICS_QUOTE_1">
      <Text>"Yenilmezlik savunmada yatar; zafer olasılığı ise saldırıda." [NEWLINE]- Sun Tzu</Text>
    </Row>
    <Row Tag="LOC_CIVIC_DEFENSIVE_TACTICS_QUOTE_2">
      <Text>"Savunma zenginlikten üstündür." [NEWLINE]- Adam Smith</Text>
    </Row>
    <Row Tag="LOC_CIVIC_RECORDED_HISTORY_QUOTE_1">
      <Text>"Hayatımda bazı korkunç şeyler yaşadım, bazıları gerçekten oldu." [NEWLINE]- Mark Twain</Text>
    </Row>
    <Row Tag="LOC_CIVIC_RECORDED_HISTORY_QUOTE_2">
      <Text>"Tarih, geçmiş olayların insanların üzerinde uzlaşmaya karar verdikleri versiyonudur." [NEWLINE]- Napoleon Bonaparte</Text>
    </Row>
    <Row Tag="LOC_CIVIC_THEOLOGY_QUOTE_1">
      <Text>"Teoloji olmadan tam bir dini düşünceye, matematik olmadan tam bir ölçüm ve astronomiye ya da kimya olmadan tam bir demir yapımına sahip olamayız." [NEWLINE]- John Hall</Text>
    </Row>
    <Row Tag="LOC_CIVIC_THEOLOGY_QUOTE_2">
      <Text>"İnsan yalnızca tanrıların eğlence olsun diye yarattıklarını ciddiye aldığı için acı çeker." [NEWLINE]- Alan W. Watts</Text>
    </Row>
    <Row Tag="LOC_CIVIC_NAVAL_TRADITION_QUOTE_1">
      <Text>"İyi bir donanma savaş için kışkırtma değildir. Barışın en kesin garantisidir." [NEWLINE] - Theodore Roosevelt</Text>
    </Row>
    <Row Tag="LOC_CIVIC_NAVAL_TRADITION_QUOTE_2">
      <Text>"Donanmanın hem bir geleneği hem de bir geleceği var - ve biz her iki yöne de gurur ve güvenle bakıyoruz." [NEWLINE]- Arleigh Burke</Text>
    </Row>
    <Row Tag="LOC_CIVIC_FEUDALISM_QUOTE_1">
      <Text>"Demokraside geçerli olan sizin oyunuzdur; feodalizmde ise oy veren sizin sayınızdır." [NEWLINE]- Mogens Jallberg</Text>
    </Row>
    <Row Tag="LOC_CIVIC_FEUDALISM_QUOTE_2">
      <Text>"Feodalizmin ilerlemesiyle birlikte demir zırhlar yaygınlaştı ve sonunda savaşan bir adam bir armadilloya benzedi." [NEWLINE]- John Boyle O'Reilly</Text>
    </Row>
    <Row Tag="LOC_CIVIC_CIVIL_SERVICE_QUOTE_1">
      <Text>"Her şey kağıtlar ve formlardan ibaret, tüm kamu hizmeti kağıtlar, formlar ve bürokrasiden oluşan bir kale gibi." [NEWLINE] - Alexander Ostrovsky</Text>
    </Row>
    <Row Tag="LOC_CIVIC_CIVIL_SERVICE_QUOTE_2">
      <Text>"Vergi mükellefi - federal hükümet için çalışan ancak kamu hizmeti sınavına girmek zorunda olmayan kişidir." [NEWLINE] - Ronald Reagan</Text>
    </Row>
    <Row Tag="LOC_CIVIC_MERCENARIES_QUOTE_1">
      <Text>"Barışta insan paralı askerler tarafından yağmalanır; savaşta ise düşmanları tarafından." [NEWLINE]- Niccolo Machiavelli</Text>
    </Row>
    <Row Tag="LOC_CIVIC_MERCENARIES_QUOTE_2">
      <Text>"Yine de paralı asker olmak... Hey, biz sadece para ve bela karışımının olduğu her yere gideriz." [NEWLINE]- Howard Tayler</Text>
    </Row>
    <Row Tag="LOC_CIVIC_MEDIEVAL_FAIRES_QUOTE_1">
      <Text>"Parlayan her şey altın değildir; bunun söylendiğini sık sık duymuşsundur." [NEWLINE]- William Shakespeare</Text>
    </Row>
    <Row Tag="LOC_CIVIC_MEDIEVAL_FAIRES_QUOTE_2">
      <Text>"Çok dürüst insanlar vardır ki, bir tüccarı aldatmadıkları sürece pazarlık yaptıklarını düşünmezler." [NEWLINE]- Anatole France</Text>
    </Row>
    <Row Tag="LOC_CIVIC_GUILDS_QUOTE_1">
      <Text>"Her erkek oğluna yararlı bir zanaat ya da meslek öğretmelidir ki, talihin değiştiği bu günlerde ... sırtlarını dayayabilecekleri somut bir şeyleri olsun." [NEWLINE]- Phineas T. Barnum</Text>
    </Row>
    <Row Tag="LOC_CIVIC_GUILDS_QUOTE_2">
      <Text>"Etrafta dolaşıp Hırsızlar Loncası'nı tutuklayamazsınız. Yani, bütün gün bu işle uğraşırız!" [NEWLINE]- Terry Pratchett</Text>
    </Row>
    <Row Tag="LOC_CIVIC_DIVINE_RIGHT_QUOTE_1">
      <Text>"O halde kralların gücüne değinen bu noktayı şu ilahiyat aksiyomuyla sonuçlandırıyorum: Tanrı'nın ne yapabileceğini tartışmak nasıl küfürse... bir kralın ne yapabileceğini tartışmak da fitnedir." [NEWLINE]- Kral I. James</Text>
    </Row>
    <Row Tag="LOC_CIVIC_DIVINE_RIGHT_QUOTE_2">
      <Text>"Dinleyin, göletlerde yatıp kılıç dağıtan garip kadınlar bir hükümet sistemi için temel oluşturmaz... Sırf sulu bir fahişe size kılıç fırlattı diye yüce bir güce sahip olmayı bekleyemezsiniz!" [NEWLINE]- Monty Python</Text>
    </Row>
    <Row Tag="LOC_CIVIC_EXPLORATION_QUOTE_1">
      <Text>"Keşfetmeyi bıraktığımız gün, kendimizi meraktan yoksun, hayallerden arınmış, durgun bir dünyada yaşamaya adadığımız gündür." [NEWLINE]- Neil deGrasse Tyson</Text>
    </Row>
    <Row Tag="LOC_CIVIC_EXPLORATION_QUOTE_2">
      <Text>"Keşfetmekten vazgeçmeyeceğiz ve tüm keşiflerimizin sonu, başladığımız yere varmak ve orayı ilk kez tanımak olacak." [NEWLINE]- T.S. Eliot</Text>
    </Row>
    <Row Tag="LOC_CIVIC_HUMANISM_QUOTE_1">
      <Text>"Hümanizmin dört özelliği merak, özgür bir zihin, iyi zevke olan inanç ve insan ırkına olan inançtır." [NEWLINE]- E.M. Forster</Text>
    </Row>
    <Row Tag="LOC_CIVIC_HUMANISM_QUOTE_2">
      <Text>"İnsanlığa olan inancınızı kaybetmemelisiniz. İnsanlık bir okyanus gibidir; okyanusun birkaç damlası kirlense bile okyanus kirlenmez" [NEWLINE] - Mahatma Gandhi</Text>
    </Row>
    <Row Tag="LOC_CIVIC_DIPLOMATIC_SERVICE_QUOTE_1">
      <Text>"Diplomaside iki tür sorun vardır: küçük olanlar ve büyük olanlar. Küçük olanlar kendiliğinden geçer gider, büyük olanlar içinse hiçbir şey yapamazsınız." [NEWLINE]- Patrick McGuinness</Text>
    </Row>
    <Row Tag="LOC_CIVIC_DIPLOMATIC_SERVICE_QUOTE_2">
      <Text>"Bir diplomat, bir kadının doğum gününü her zaman hatırlayan ama yaşını asla hatırlamayan bir adamdır." [NEWLINE]- Robert Frost</Text>
    </Row>
    <Row Tag="LOC_CIVIC_REFORMED_CHURCH_QUOTE_1">
      <Text>"Cennet ve Cehennem konusunda kendimi adamaktan hoşlanmıyorum, görüyorsunuz, her iki yerde de dostlarım var." [NEWLINE]- Mark Twain</Text>
    </Row>
    <Row Tag="LOC_CIVIC_REFORMED_CHURCH_QUOTE_2">
      <Text>"Modern uygarlığın üç büyük unsuru: barut, matbaa ve Protestan dini." [NEWLINE]- Thomas Carlyle</Text>
    </Row>
    <Row Tag="LOC_CIVIC_MERCANTILISM_QUOTE_1">
      <Text>"Ancak piyasa ekonomisinde, bireyin devletin gücünden kaçma olasılığı vardır." [NEWLINE]- Peter Berger</Text>
    </Row>
    <Row Tag="LOC_CIVIC_MERCANTILISM_QUOTE_2">
      <Text>"Piyasa dışı bir ekonomiyi gördükten sonra, piyasa ekonomisinin nesini sevdiğimi birdenbire çok daha iyi anladım." [NEWLINE]- Esther Dyson</Text>
    </Row>
    <Row Tag="LOC_CIVIC_THE_ENLIGHTENMENT_QUOTE_1">
      <Text>"Yeni görüşlerden her zaman kuşkulanılır ve genellikle bunlara karşı çıkılır, bunun başka bir nedeni yoktur, çünkü bunlar zaten yaygın değildir." [NEWLINE]- John Locke</Text>
    </Row>
    <Row Tag="LOC_CIVIC_THE_ENLIGHTENMENT_QUOTE_2">
      <Text>"Doğaya aykırı olan her şey akla da aykırıdır ve akla aykırı olan her şey saçmadır." [NEWLINE]- Baruch Spinoza</Text>
    </Row>
    <Row Tag="LOC_CIVIC_COLONIALISM_QUOTE_1">
      <Text>"Siyasetin, sömürgeciliğin, emperyalizmin ve savaşın da insan beyninden kaynaklandığını unutmayın." [NEWLINE]- Vilayanur Ramachandran</Text>
    </Row>
    <Row Tag="LOC_CIVIC_COLONIALISM_QUOTE_2">
      <Text>"Sömürgecilik. Aklın egemenliğinin zorla yayılması. Ama bunu sömürgeciler arasında kim yayacak?" [NEWLINE]- Anthony Burgess</Text>
    </Row>
    <Row Tag="LOC_CIVIC_CIVIL_ENGINEERING_QUOTE_1">
      <Text>"Gelişme düz yollar yapar; ama gelişmenin olmadığı eğri büğrü yollar Deha'nın yollarıdır." [NEWLINE]- William Blake</Text>
    </Row>
    <Row Tag="LOC_CIVIC_CIVIL_ENGINEERING_QUOTE_2">
      <Text>"İnsanların tamamen kusursuz bir şey tasarlamaya çalışırken yaptıkları yaygın bir hata, tamamen aptalların yaratıcılığını hafife almaktır." [NEWLINE]- Douglas Adams</Text>
    </Row>
    <Row Tag="LOC_CIVIC_NATIONALISM_QUOTE_1">
      <Text>"Ulusları ortaya çıkaran milliyetçiliktir, tersi değil." [NEWLINE]- Ernest Gellner</Text>
    </Row>
    <Row Tag="LOC_CIVIC_NATIONALISM_QUOTE_2">
      <Text>"Kabilecilik ve milliyetçilikte tezahür ettiği şekliyle insan doğası, insan evrimi mekanizmasının ivmesini sağlar." [NEWLINE]- Arthur Keith</Text>
    </Row>
    <Row Tag="LOC_CIVIC_OPERA_BALLET_QUOTE_1">
      <Text>"Opera, sırtından bıçaklanan bir adamın kanamak yerine şarkı söylemesidir." [NEWLINE]- Robert Benchley</Text>
    </Row>
    <Row Tag="LOC_CIVIC_OPERA_BALLET_QUOTE_2">
      <Text>"Bu [ballet] kırılgan bir tür güç ve esnek olmayan bir kesinlik yansıtır." [NEWLINE]- Ayn Rand</Text>
    </Row>
    <Row Tag="LOC_CIVIC_NATURAL_HISTORY_QUOTE_1">
      <Text>"Yaratılış sırasında orada olsaydım, evrenin daha iyi düzenlenmesi için bazı yararlı ipuçları verirdim." [NEWLINE]- Nelson Algren</Text>
    </Row>
    <Row Tag="LOC_CIVIC_NATURAL_HISTORY_QUOTE_2">
      <Text>"Doğa Tarihi ile ilgili tüm eserlerde, hayvanların yiyeceklerine, alışkanlıklarına ve bulundukları bölgelere muhteşem uyumlarının ayrıntılarını sürekli olarak buluruz." [NEWLINE]- Alfred Wallace</Text>
    </Row>
    <Row Tag="LOC_CIVIC_SCORCHED_EARTH_QUOTE_1">
      <Text>"Savaş cehennemdir." [NEWLINE]- William Tecumseh Sherman</Text>
    </Row>
    <Row Tag="LOC_CIVIC_SCORCHED_EARTH_QUOTE_2">
      <Text>"Ben sadece dostluktan ya da yakıp yıkmaktan anlarım." [NEWLINE]- Roger Ailes</Text>
    </Row>
    <Row Tag="LOC_CIVIC_URBANIZATION_QUOTE_1">
      <Text>"Anonimlik duygusuna yol açan Sanayi Devrimi ve kentsel yoğunlaşmaların büyümesidir." [NEWLINE]- Vint Cerf</Text>
    </Row>
    <Row Tag="LOC_CIVIC_URBANIZATION_QUOTE_2">
      <Text>"Şehirlerin en sevdiğim yanı, güzellikleri ve çirkinlikleriyle her şeyin büyük olması." [NEWLINE]- Joseph Brodsky</Text>
    </Row>
    <Row Tag="LOC_CIVIC_CAPITALISM_QUOTE_1">
      <Text>"Kapitalizmin doğasında var olan kötülük, nimetlerin eşit olmayan bir şekilde paylaşılmasıdır; sosyalizmin doğasında var olan erdem ise sefaletlerin eşit bir şekilde paylaşılmasıdır." [NEWLINE]- Winston Churchill</Text>
    </Row>
    <Row Tag="LOC_CIVIC_CAPITALISM_QUOTE_2">
      <Text>"Her zaman paraya sürtünmeye çalışın, çünkü yeterince uzun süre paraya sürtünürseniz, bir kısmı size de bulaşabilir." [NEWLINE]- Damon Runyon</Text>
    </Row>
    <Row Tag="LOC_CIVIC_CONSERVATION_QUOTE_1">
      <Text>"Yaşamın bağlı olduğu iki temel unsur olan su ve hava, küresel çöp kutularına dönüştü." [NEWLINE]- Jacques Yves Cousteau</Text>
    </Row>
    <Row Tag="LOC_CIVIC_CONSERVATION_QUOTE_2">
      <Text>"Ekonomik kazanç için yağmur ormanlarını yok etmek, yemek pişirmek için bir Rönesans tablosunu yakmaya benzer." [NEWLINE]- Edward Wilson</Text>
    </Row>
    <Row Tag="LOC_CIVIC_MASS_MEDIA_QUOTE_1">
      <Text>"Kitle iletişim araçlarının etkisi inancı ortaya çıkarmak değil, bağımlılık aygıtını sürdürmektir." [NEWLINE]- Christopher Lasch</Text>
    </Row>
    <Row Tag="LOC_CIVIC_MASS_MEDIA_QUOTE_2">
      <Text>"Eğer gazete okumuyorsanız, bilgisizsiniz demektir. Eğer gazete okuyorsanız, yanlış bilgilendirilmişsinizdir." [NEWLINE]-Mark Twain</Text>
    </Row>
    <Row Tag="LOC_CIVIC_MOBILIZATION_QUOTE_1">
      <Text>"Savaşa hazırlanırken, seferberlik sürecini tamamlayana kadar en çok barıştan bahsedenler zorla yönetenlerdir." [NEWLINE]- Stefan Zweig</Text>
    </Row>
    <Row Tag="LOC_CIVIC_MOBILIZATION_QUOTE_2">
      <Text>"İnsanları bir araya getirmek için hükümetlerin düşmanlara ihtiyacı vardır... eğer gerçek bir düşmanları yoksa, bizi harekete geçirmek için bir düşman icat edeceklerdir." [NEWLINE]- Nhat Hanh</Text>
    </Row>
    <Row Tag="LOC_CIVIC_NUCLEAR_PROGRAM_QUOTE_1">
      <Text>"Atom gücünün serbest bırakılması düşünce tarzımız dışında her şeyi değiştirdi... Bu sorunun çözümü insanoğlunun kalbinde yatıyor. Keşke bilseydim de saatçi olsaydım." [NEWLINE]- Albert Einstein</Text>
    </Row>
    <Row Tag="LOC_CIVIC_NUCLEAR_PROGRAM_QUOTE_2">
      <Text>"Nükleer çağın çocuklarının sevme kapasitelerinin zayıfladığını düşünüyorum. Kendinizi çarpışmaya hazırlarken sevmek zordur." [NEWLINE]- Martin Amis</Text>
    </Row>
    <Row Tag="LOC_CIVIC_IDEOLOGY_QUOTE_1">
      <Text>"Hiçbir sistemin, en insanlık dışı olanının bile, bir ideoloji olmadan varlığını sürdüremeyeceği kanıtlanmıştır." [NEWLINE]- Joe Slovo</Text>
    </Row>
    <Row Tag="LOC_CIVIC_IDEOLOGY_QUOTE_2">
      <Text>"Fikirler yavaş yavaş ideolojiye, ideoloji de politikalara, politikalar da eylemlere yol açar." [NEWLINE]- Nandan Nilekani</Text>
    </Row>
    <Row Tag="LOC_CIVIC_SUFFRAGE_QUOTE_1">
      <Text>"Bir kadına neden farklı davranılsın ki? Kadınların oy hakkı, bu sefil gerilla muhalefetine rağmen başarıya ulaşacaktır." [NEWLINE]- Victoria Woodhull</Text>
    </Row>
    <Row Tag="LOC_CIVIC_SUFFRAGE_QUOTE_2">
      <Text>"Erkekler, kendi haklarına sahiptir, daha fazlası değil; kadınlar, kendi haklarına sahiptir, daha azı değil." [NEWLINE]- Susan B. Anthony</Text>
    </Row>
    <Row Tag="LOC_CIVIC_TOTALITARIANISM_QUOTE_1">
      <Text>"Sadece kalabalıklar ve seçkinler totalitarizmin kendi momentumundan etkilenebilir. Kitleler propaganda yoluyla kazanılmalıdır." [NEWLINE]- Hannah Arendt</Text>
    </Row>
    <Row Tag="LOC_CIVIC_TOTALITARIANISM_QUOTE_2">
      <Text>"Her ideolojinin nihai sonu totalitarizmdir." [NEWLINE]- Tom Robbins</Text>
    </Row>
    <Row Tag="LOC_CIVIC_CLASS_STRUGGLE_QUOTE_1">
      <Text>"Sınıf savaşı var, tamam, ama savaşı yapan benim sınıfım, zengin sınıf... ve biz kazanıyoruz."[NEWLINE] - Warren Buffett</Text>
    </Row>
    <Row Tag="LOC_CIVIC_CLASS_STRUGGLE_QUOTE_2">
      <Text>"Sınıf mücadelesi zorunlu olarak proletarya diktatörlüğüne yol açar." [NEWLINE]- Karl Marx</Text>
    </Row>
    <Row Tag="LOC_CIVIC_COLD_WAR_QUOTE_1">
      <Text>"Baltık'taki Stettin'den Adriyatik'teki Trieste'ye kadar, kıta boyunca bir demir perde inmiştir." [NEWLINE]- Winston Churchill</Text>
    </Row>
    <Row Tag="LOC_CIVIC_COLD_WAR_QUOTE_2">
      <Text>"Soğuk Savaş çözülmüyor; ölümcül bir sıcaklıkla yanıyor." [NEWLINE]- Richard Nixon</Text>
    </Row>
    <Row Tag="LOC_CIVIC_PROFESSIONAL_SPORTS_QUOTE_1">
      <Text>"Eğer kazanmak her şey değilse, neden skor tutuyorlar?"[NEWLINE] - Vince Lombardi</Text>
    </Row>
    <Row Tag="LOC_CIVIC_PROFESSIONAL_SPORTS_QUOTE_2">
      <Text>"Spor karakter inşa etmez. Onu ortaya çıkarır." [NEWLINE]- Heywood Broun</Text>
    </Row>
    <Row Tag="LOC_CIVIC_CULTURAL_HERITAGE_QUOTE_1">
      <Text>"Geçmiş tarihi, kökeni ve kültürü hakkında bilgi sahibi olmayan bir halk, köksüz bir ağaca benzer." [NEWLINE]- Marcus Garvey</Text>
    </Row>
    <Row Tag="LOC_CIVIC_CULTURAL_HERITAGE_QUOTE_2">
      <Text>"Mirasınızla tesadüfen karşılaşmazsınız. O oradadır, keşfedilmeyi ve paylaşılmayı bekler." [NEWLINE]- Robbie Robertson</Text>
    </Row>
    <Row Tag="LOC_CIVIC_RAPID_DEPLOYMENT_QUOTE_1">
      <Text>"Şu anda şiddetle uygulanan iyi bir plan, gelecek hafta uygulanacak mükemmel bir plandan çok daha iyidir." [NEWLINE]- George S. Patton</Text>
    </Row>
    <Row Tag="LOC_CIVIC_RAPID_DEPLOYMENT_QUOTE_2">
      <Text>"Manevraları boş ver, doğrudan üzerlerine git." [NEWLINE]- Horatio Nelson</Text>
    </Row>
    <Row Tag="LOC_CIVIC_SPACE_RACE_QUOTE_1">
      <Text>"Bu on yıl içinde aya gitmeyi ve diğer şeyleri kolay oldukları için değil, zor oldukları için yapmayı seçtik." [NEWLINE]- John F. Kennedy</Text>
    </Row>
    <Row Tag="LOC_CIVIC_SPACE_RACE_QUOTE_2">
      <Text>"NASA uzayda yazı yazabilmek için tükenmez kalemi icat etmek için milyonlarca dolar harcadı. Ruslar ise kurşun kalem kullandı." [NEWLINE]- Will Chabot</Text>
    </Row>
    <Row Tag="LOC_CIVIC_GLOBALIZATION_QUOTE_1">
      <Text>"Küreselleşmeye karşı çıkmanın yerçekimi kanunlarına karşı çıkmak gibi olduğu söylenmiştir."[NEWLINE] - Kofi Annan</Text>
    </Row>
    <Row Tag="LOC_CIVIC_GLOBALIZATION_QUOTE_2">
      <Text>"Bir gün sınırlar, sınırlar, bayraklar ve ülkeler olmayacak ve tek pasaport kalp olacak." [NEWLINE]- Carlos Santana</Text>
    </Row>
    <Row Tag="LOC_CIVIC_SOCIAL_MEDIA_QUOTE_1">
      <Text>"Sana ilk önce hangi önemli şeyimi söyleyeyim?" [NEWLINE]-Jane Austen</Text>
    </Row>
    <Row Tag="LOC_CIVIC_SOCIAL_MEDIA_QUOTE_2">
      <Text>"Dikkat dağınıklığından dikkat dağınıklığı!"[NEWLINE] - T.S. Eliot</Text>
    </Row>
    <Row Tag="LOC_CIVIC_FUTURE_CIVIC_QUOTE_1">
      <Text>"Geçmişe bakarak geleceği asla planlayamazsınız." [NEWLINE]-Edmund Burke</Text>
    </Row>
    <Row Tag="LOC_CIVIC_FUTURE_CIVIC_QUOTE_2">
      <Text>"Geleceği asla düşünmem. Yeterince yakında gelecek."[NEWLINE] -Albert Einstein</Text>
    </Row>
    <Row Tag="LOC_GREATWORK_BHASA_1_QUOTE">
      <Text>O, yüce dağlara yıldırımın düşmesi,[NEWLINE] bütün kuşlara kartal, vahşi hayvanlar topluluğuna aslan,[NEWLINE] insan suretindeki ölüm gibidir.</Text>
    </Row>
    <Row Tag="LOC_GREATWORK_BHASA_2_QUOTE">
      <Text>Ah, kalbim, şüphelerinin doğruluğundan memnun ol. Şimdi efendimin ölümünü öğren ve bir an için sakinleş.</Text>
    </Row>
    <Row Tag="LOC_GREATWORK_HOMER_1_QUOTE">
      <Text>O zaman şerefsizce ve mücadele etmeden ölmeyeyim, ama önce bundan sonra insanlar arasında anlatılacak büyük bir şey yapayım.</Text>
    </Row>
    <Row Tag="LOC_GREATWORK_HOMER_2_QUOTE">
      <Text>Çünkü anlayışlı bir kalbe sahip bir dost, bir kardeşten daha az değerli değildir.</Text>
    </Row>
    <Row Tag="LOC_GREATWORK_OVID_1_QUOTE">
      <Text>Elime bir avuç kum alıp ona gösterdim ve bu yığının içindeki taneler kadar yıl istedim. Ne aptalım! Gençlik yılları olmasını istemeyi unutmuşum.</Text>
    </Row>
    <Row Tag="LOC_GREATWORK_OVID_2_QUOTE">
      <Text>Şans her şeye kadirdir. Oltanızı her zaman atın; hiç beklemediğiniz bir yerde bir balık bulacaksınız.</Text>
    </Row>
    <Row Tag="LOC_GREATWORK_QU_YUAN_1_QUOTE">
      <Text>Aydınlıktan ışık, karanlıktan karanlık doğdu, ama bunlar nereden ortaya çıktı? Yin ve yang birleşerek her şeyi yaratır, ama kaynak hangisidir ve hangisi ondan doğmuştur?</Text>
    </Row>
    <Row Tag="LOC_GREATWORK_QU_YUAN_2_QUOTE">
      <Text>Zaman hiç durmadan ilerliyor,[NEWLINE]Mevsimler ilkbahar ve sonbahar boyunca dönüyor.[NEWLINE]Etrafımdaki yeşilin soluşunu izlerken,[NEWLINE]Güneşin gençliğimin üzerine batmasından korkuyorum.</Text>
    </Row>
    <Row Tag="LOC_GREATWORK_CHAUCER_1_QUOTE">
      <Text>Bir KNYGHT vardı, hem de değerli bir adam,[NEWLINE]İlk ata bindiği zamandan beri[NEWLINE]Şövalyeliği severdi,[NEWLINE]Şöhreti ve onuru, kardeşliği ve nezaketi.</Text>
    </Row>
    <Row Tag="LOC_GREATWORK_CHAUCER_2_QUOTE">
      <Text>Ben olursam sevinebilirsiniz,[NEWLINE]Her keder için bir sevinç kazanacaksınız';[NEWLINE]Ve onu silahlandırıp öldürdüler.</Text>
    </Row>
    <Row Tag="LOC_GREATWORK_LI_BAI_1_QUOTE">
      <Text>Çiçekler etrafımı sarıyor, içkimle baş başa,[NEWLINE]Kendim için dolduruyorum, bana katılacak bir yoldaşım yok.[NEWLINE]Kadehimi kaldırıyorum ve dolunayın şerefine,[NEWLINE]Gölgemle bizi üç yapacak olan.</Text>
    </Row>
    <Row Tag="LOC_GREATWORK_LI_BAI_2_QUOTE">
      <Text>Kendimi bu en baygın sıcakta yelpazeliyorum,[NEWLINE]Orman insanı her şeyi çıplak bırakmaya davet ediyor.[NEWLINE]Başlığımı bir kayalığa asıyorum,[NEWLINE]Başım açıkta, güzel kokulu havada yıkanıyorum.</Text>
    </Row>
    <Row Tag="LOC_GREATWORK_MURASAKI_1_QUOTE">
      <Text>Küçük bir çocukken kardeşim Nobunori Çin klasikleri üzerine çalışırdı ve ben de onun derslerini dinlemekten hoşlanırdım. O anlamakta ya da ezberlemekte zorlandığı bölümleri bile ben oldukça kolay bulurdum. Kendisi de çok okumuş bir adam olan babam sık sık bu durumdan yakınır ve şöyle derdi: 'Ne yazık. Keşke erkek olarak doğsaydın!</Text>
    </Row>
    <Row Tag="LOC_GREATWORK_MURASAKI_2_QUOTE">
      <Text>Yeni çimenler, nerede filizlenip büyüyeceğini bile bilmiyorsun. Nasıl olur da ben, bir çiğ damlası, seni yalnız bırakarak havada kaybolup giderim?</Text>
    </Row>
    <Row Tag="LOC_GREATWORK_CAVENDISH_1_QUOTE">
      <Text>Bu odadan İmparator'un Yatak Odası'na bir geçit vardı; Duvarları Jetten, Zemini siyah Mermerdendi; Çatısı Sedeftendi, Ay ve Parlak Yıldızlar beyaz Elmaslarla temsil ediliyordu ve Yatağı Elmaslar ve Karbonküllerden yapılmıştı.</Text>
    </Row>
    <Row Tag="LOC_GREATWORK_CAVENDISH_2_QUOTE">
      <Text>İnsanın beş Dış Duyusu olduğu ve her duyunun birbirinden habersiz olduğu bilinir; çünkü Burun Gözlerin gördüğünü, Gözler Kulakların duyduğunu, Kulaklar Dilin tattığını bilmez...</Text>
    </Row>
    <Row Tag="LOC_GREATWORK_CERVANTES_1_QUOTE">
      <Text>İsterseniz şüphe edin, ama gerçek benim söylediğimdir ve sonsuza dek yalanların üzerinde yağ gibi durur.</Text>
    </Row>
    <Row Tag="LOC_GREATWORK_CERVANTES_2_QUOTE">
      <Text>Neşeli ve genç olduklarından, şehrin güzel kızları hakkında bir şeyler duyma fırsatını kaçırmadılar.</Text>
    </Row>
    <Row Tag="LOC_GREATWORK_MACHIAVELLI_1_QUOTE">
      <Text>Bu nedenle, insanların ya ayartılması ya da yok edilmesi gerektiğini belirtmek gerekir. Hafif suçların intikamını alırlar, ağır suçların intikamını alamazlar; bu nedenle bir insana yapılan suç, intikam korkusunu ortadan kaldıracak şekilde olmalıdır.</Text>
    </Row>
    <Row Tag="LOC_GREATWORK_MACHIAVELLI_2_QUOTE">
      <Text>Bir cumhuriyet kuran ve ona yasalar koyan kişinin, tüm insanların kötü olduğunu varsayması ve her fırsatta ruhlarındaki kötülüğü kullanmaya hazır olması gerekir...</Text>
    </Row>
    <Row Tag="LOC_GREATWORK_SHAKESPEARE_1_QUOTE">
      <Text>Ay'a yemin etme, değişmez Ay'a,[NEWLINE]Her ay değişen yörüngesine,[NEWLINE]Aşkın da değişken olmasın diye.</Text>
    </Row>
    <Row Tag="LOC_GREATWORK_SHAKESPEARE_2_QUOTE">
      <Text>Olmak mı, olmamak mı? İşte soru bu -[NEWLINE]Acımasız talihin sapanlarına ve oklarına katlanmak mı[NEWLINE]Yoksa bir dertler denizine karşı silahlanmak mı[NEWLINE]Ve karşı koyarak onları sona erdirmek mi?</Text>
    </Row>
    <Row Tag="LOC_GREATWORK_D_AULNOY_1_QUOTE">
      <Text>Çok güzel olduğu için ona Prenses Goldilocks derlerdi; çünkü saçları altından daha inceydi, harikulade güzeldi ve bukleler halinde ayaklarına dökülüyordu.</Text>
    </Row>
    <Row Tag="LOC_GREATWORK_D_AULNOY_2_QUOTE">
      <Text>"Eğer beni serbest bırakacak kadar iyi ve cömert olursanız," diye devam etti yunus, "hayatım boyunca size öyle gerçek hizmetlerde bulunacağım ki, iyiliğinizden dolayı asla pişmanlık duymanıza gerek kalmayacak."</Text>
    </Row>
    <Row Tag="LOC_GREATWORK_PUSHKIN_1_QUOTE">
      <Text>Rüyalar, rüyalar! Nereye gittin sen? Ne kadar tatlıydın.</Text>
    </Row>
    <Row Tag="LOC_GREATWORK_PUSHKIN_2_QUOTE">
      <Text>Görevinde ağarmış bir yargıç gibi,[NEWLINE]Sakin sakin bakar adil olana[NEWLINE]Ve adil olmayana, kayıtsızlıkla not eder[NEWLINE]Kötüyü ve iyiyi, ne gazap ne de merhamet bilir.</Text>
    </Row>
    <Row Tag="LOC_GREATWORK_POE_1_QUOTE">
      <Text>"Hainler!" Çığlık attım, "Artık yalan söylemeyin! Eylemi kabul ediyorum! --Kalasları yırtın! İşte, işte! --Bu onun iğrenç kalbinin atışı!"</Text>
    </Row>
    <Row Tag="LOC_GREATWORK_POE_2_QUOTE">
      <Text>Neredeyse uyuklayarak başımı sallarken, aniden bir tıkırtı duyuldu,[NEWLINE] sanki biri odamın kapısına hafifçe vuruyormuş gibi.[NEWLINE] "Bu bir ziyaretçi," diye mırıldandım, "odamın kapısına vuruyor-[NEWLINE] Sadece bu ve daha fazlası değil."</Text>
    </Row>
    <Row Tag="LOC_GREATWORK_AUSTEN_1_QUOTE">
      <Text>"Bir bayanın hayal gücü çok hızlıdır; bir anda hayranlıktan aşka, aşktan evliliğe atlar."</Text>
    </Row>
    <Row Tag="LOC_GREATWORK_AUSTEN_2_QUOTE">
      <Text>Kendi mutluluğunuzu bilin. Sabırdan başka bir şey istemiyorsunuz - ya da ona daha etkileyici bir isim verin, umut deyin.</Text>
    </Row>
    <Row Tag="LOC_GREATWORK_GOETHE_1_QUOTE">
      <Text>Kendinize güvendiğiniz anda, nasıl yaşayacağınızı bileceksiniz.</Text>
    </Row>
    <Row Tag="LOC_GREATWORK_GOETHE_2_QUOTE">
      <Text>"İnsan ırkı monoton bir ilişkidir. Çoğu insan zamanının büyük bölümünü yaşamak için çalışarak geçirir ve geriye kalan azıcık özgürlük onları öylesine korkutur ki, ondan kurtulmak için her yolu denerler."</Text>
    </Row>
    <Row Tag="LOC_GREATWORK_SHELLEY_1_QUOTE">
      <Text>Yarattığım sefil canavara baktım.</Text>
    </Row>
    <Row Tag="LOC_GREATWORK_SHELLEY_2_QUOTE">
      <Text>Bu zeka bizi, yüz bin yıl geçtikten sonra ortaya çıkan cennet beklentisinden, şu anda yeryüzünde var olan acı ve sefalete geri getirdi.</Text>
    </Row>
    <Row Tag="LOC_GREATWORK_JOYCE_1_QUOTE">
      <Text>Her yaşam, gün be gün geçen birçok gündür. Kendi içimizde yürür, hırsızlarla, hayaletlerle, devlerle, yaşlılarla, gençlerle, eşlerle, dullarla, aşık kardeşlerle tanışırız. Ama her zaman kendimizle karşılaşırız.</Text>
    </Row>
    <Row Tag="LOC_GREATWORK_JOYCE_2_QUOTE">
      <Text>Hepsi birer birer gölgeye dönüşüyordu. Bir tutkunun tüm görkemiyle öteki dünyaya cesurca geçmek, yaşla birlikte solup gitmekten daha iyiydi.</Text>
    </Row>
    <Row Tag="LOC_GREATWORK_DICKINSON_1_QUOTE">
      <Text>Bir kuş geldi yürüyüşe-[NEWLINE]Gördüğümü bilmiyordu-[NEWLINE]Açı kurdunu ikiye böldü[NEWLINE]Ve adamı çiğ çiğ yedi.</Text>
    </Row>
    <Row Tag="LOC_GREATWORK_DICKINSON_2_QUOTE">
      <Text>Başarı en tatlı sayılır[NEWLINE]Hiç başaramayanlar tarafından[NEWLINE]Bir nektarı kavramak[NEWLINE]En şiddetli ihtiyacı gerektirir.</Text>
    </Row>
    <Row Tag="LOC_GREATWORK_TOLSTOY_1_QUOTE">
      <Text>"Pierre, mutlu olmak için mutluluğun mümkün olduğuna inanmak gerektiğini söylerken haklıydı ve ben şimdi buna inanıyorum. Bırakın ölüler ölülerini gömsün, ama ben hayattayken yaşamalı ve mutlu olmalıyım."</Text>
    </Row>
    <Row Tag="LOC_GREATWORK_TOLSTOY_2_QUOTE">
      <Text>Dünyadaki tüm kızlar iki sınıfa ayrılmıştı: Bir sınıf, kendisi dışında dünyadaki tüm kızları içeriyordu ve tüm olağan insani duygulara sahiptiler ve çok sıradan kızlardı; diğer sınıfın ise -yalnızca kendisinin- hiçbir zayıflığı yoktu ve tüm insanlıktan üstündü.</Text>
    </Row>
    <Row Tag="LOC_GREATWORK_TWAIN_1_QUOTE">
      <Text>"Jim arıların aptalları sokmayacağını söyledi ama ben buna inanmadım çünkü ben de birçok kez denedim ve beni sokmadılar."</Text>
    </Row>
    <Row Tag="LOC_GREATWORK_TWAIN_2_QUOTE">
      <Text>İnsan eylemlerinin büyük bir yasasını keşfetmişti, ama bunu bilmiyordu: Bir erkeğin ya da çocuğun bir şeyi arzulamasını sağlamak için, o şeye ulaşmayı zorlaştırmak yeterliydi.</Text>
    </Row>
    <Row Tag="LOC_GREATWORK_FITZGERALD_1_QUOTE">
      <Text>Amory Blaine, kendisini değerli kılan, ifade edilemeyen birkaç özellik dışında, her özelliği annesinden miras almıştı.</Text>
    </Row>
    <Row Tag="LOC_GREATWORK_FITZGERALD_2_QUOTE">
      <Text>Göz kamaştırıcı bir ışıltısı vardı; güzelliğini bir bakışta kavramak ıstırap vericiydi.</Text>
    </Row>
    <Row Tag="LOC_GREATWORK_WELLS_1_QUOTE">
      <Text>On dokuzuncu yüzyılın son yıllarında hiç kimse bu dünyanın, insanınkinden daha büyük ve yine de onunki kadar ölümlü zekalar tarafından dikkatle ve yakından izlendiğine inanmazdı...</Text>
    </Row>
    <Row Tag="LOC_GREATWORK_WELLS_2_QUOTE">
      <Text>Açıklamam çok basitti ve yeterince makuldü - birçok yanlış teori gibi!</Text>
    </Row>
    <Row Tag="LOC_GREATWORK_TAGORE_1_QUOTE">
      <Text>Ülkeme hizmet etmeye hazırım, ancak tapınmamı ülkemden çok daha büyük olan Hakk'a saklıyorum. Ülkeme bir tanrı gibi tapmak ona lanet getirmektir.</Text>
    </Row>
    <Row Tag="LOC_GREATWORK_TAGORE_2_QUOTE">
      <Text>Evini terk eden bir gezgin, geceyi seyretmek ve eğik başıyla karanlığın mırıltısını dinlemek için buraya gelirse, ben kapılarımı kapatıp kendimi ölümlü bağlardan kurtarmaya çalışırsam, onun kulaklarına hayatın sırlarını fısıldayacak kim var?</Text>
    </Row>
    <Row Tag="LOC_GREATWORK_CAPEK_1_QUOTE">
      <Text>Sevgili Bayan Glory, Robotlar insan değildir. Mekanik olarak bizden daha mükemmeldirler, inanılmaz bir rasyonel zekaya sahiptirler, ancak herhangi bir ruhları yoktur.</Text>
    </Row>
    <Row Tag="LOC_GREATWORK_CAPEK_2_QUOTE">
      <Text>Karıncaların Yüce Tanrısı, zaferin kazanılmasına izin verdin! Bu vesileyle sana Albay adını veriyorum.</Text>
    </Row>
    <Row Tag="LOC_GREATWORK_SUN_TZU_QUOTE">
      <Text>Muzaffer savaşçılar önce kazanır sonra savaşa giderler, mağlup savaşçılar ise önce savaşa gider sonra kazanmaya çalışırlar.</Text>
    </Row>
    <Row Tag="LOC_BUILDING_PYRAMIDS_QUOTE">
      <Text>"Bu piramitlerin tepelerinden kırk asır bize bakıyor."[NEWLINE]- Napolyon Bonapart</Text>
    </Row>
    <Row Tag="LOC_BUILDING_PETRA_QUOTE">
      <Text>"Petra, insanoğlunun çorak kayaları görkemli bir harikaya dönüştürme sanatının parlak bir göstergesidir."[NEWLINE]- Edward Dawson</Text>
    </Row>
    <Row Tag="LOC_BUILDING_MONT_ST_MICHEL_QUOTE">
      <Text>"Kilise ve Devlet, Ruh ve Beden, Tanrı ve İnsan, Mont Saint Michel'de birdir ve herkesin işi, her biri kendi yolunda savaşmak ya da birbiri için nöbet tutmaktır."[NEWLINE]- Henry Adams</Text>
    </Row>
    <Row Tag="LOC_BUILDING_CHICHEN_ITZA_QUOTE">
      <Text>"Büyük Top Sahası da çok etkileyici. Sonu oldukça şiddetli geçmiş gibi görünse de, bir oyun oynadıklarını görmek isterdim. Bence seyirci olmak daha güvenliydi."[NEWLINE]- IslaDeb</Text>
    </Row>
    <Row Tag="LOC_BUILDING_STONEHENGE_QUOTE">
      <Text>"Altı yüz kişiyi, elli tonluk bir taşı kırlarda on sekiz mil boyunca sürüklemenize ve onu dik bir konuma getirmenize yardım etmeye ikna etmeye çalıştığınızı ve ardından 'Pekala çocuklar! Bunun gibi yirmi tane daha... ve sonra parti yapabiliriz!"[NEWLINE]- Bill Bryson</Text>
    </Row>
    <Row Tag="LOC_BUILDING_ORACLE_QUOTE">
      <Text>"Hızlı gemiye bir yunus şeklinde atladım, bana Apollon Delphinius olarak dua edin; ayrıca sunağın kendisi Delphinius olarak adlandırılacak ve sonsuza dek göz ardı edilecektir."[NEWLINE]- Homeros</Text>
    </Row>
    <Row Tag="LOC_BUILDING_TERRACOTTA_ARMY_QUOTE">
      <Text>"Dünyada yedi mucize vardı ve Terracotta Ordusu'nun keşfinin dünyanın sekizinci mucizesi olduğunu söyleyebiliriz."[NEWLINE]- Jacques Chirac</Text>
    </Row>
    <Row Tag="LOC_BUILDING_ALHAMBRA_QUOTE">
      <Text>"Burada her şey nazik ve mutlu duygular uyandırmak için hesaplanmış gibi görünüyor, çünkü her şey narin ve güzel."[NEWLINE]- Washington Irving</Text>
    </Row>
    <Row Tag="LOC_BUILDING_CRISTO_REDENTOR_QUOTE">
      <Text>"Böylece heykel insanlara tek bir düşünceyi vermeye hizmet ediyor - 'Her şey Tanrı'nın elindedir'."[NEWLINE]- Sergey Semenov</Text>
    </Row>
    <Row Tag="LOC_BUILDING_POTALA_PALACE_QUOTE">
      <Text>"Potala Sarayı'nın çatısına ilk kez çıktığımda, daha önce ya da o zamandan beri hiç olmadığı kadar, varlığımın çatısına adım atıyormuşum gibi hissettim: daha önce hiç ziyaret etmediğim bir bilinç boyutuna."[NEWLINE]- Pico Iyer</Text>
    </Row>
    <Row Tag="LOC_BUILDING_HANGING_GARDENS_QUOTE">
      <Text>"En yüksek kata merdivenlerle çıkılır ve yanlarında su motorları vardır; bu motorlar vasıtasıyla, bu iş için özel olarak görevlendirilmiş kişiler Fırat'tan bahçeye sürekli su çekerler."[NEWLINE]- Strabon</Text>
    </Row>
    <Row Tag="LOC_BUILDING_FORBIDDEN_CITY_QUOTE">
      <Text>"Tüm saray kompleksi, dünyanın ekseni olan merkezi bir eksen boyunca inşa edilmiştir, dört yöndeki her şey bu sarayların temsil ettiği bu merkezi noktadan sarkmaktadır."[NEWLINE]- Jeffrey Riegel</Text>
    </Row>
    <Row Tag="LOC_BUILDING_HERMITAGE_QUOTE">
      <Text>"Müzeler kültür mücadelesinin, iyiliğin kötülükle mücadelesinin - her halükarda basmakalıp ve ilkelliğe karşı mücadelenin - ön saflarında yer alır."[NEWLINE]- Mikhail Piotrovsky, Devlet Hermitaj Müdürü</Text>
    </Row>
    <Row Tag="LOC_BUILDING_EIFFEL_TOWER_QUOTE">
      <Text>"Kuleyi kıskanmalıyım. O benden daha ünlü."[NEWLINE]- Gustave Eiffel</Text>
    </Row>
    <Row Tag="LOC_BUILDING_COLOSSUS_QUOTE">
      <Text>"Rodos'ta Güneş'i temsil eden yetmiş arşın yüksekliğinde bir Colossus dikilmişti... Sanatçı, madenlerde kıtlık yaratacak kadar çok tunç harcamıştı."[NEWLINE]- Bizanslı Philo</Text>
    </Row>
    <Row Tag="LOC_BUILDING_GREAT_LIGHTHOUSE_QUOTE">
      <Text>"Bu Deniz Feneri tüm gözlerin odak noktasıydı."[NEWLINE]- Henry David Thoreau</Text>
    </Row>
    <Row Tag="LOC_BUILDING_SYDNEY_OPERA_HOUSE_QUOTE">
      <Text>"Bir opera perde açılmadan çok önce başlar ve perde kapandıktan çok sonra biter. Hayal gücümde başlar, hayatım olur ve opera binasından ayrıldıktan çok sonra da hayatımın bir parçası olarak kalır."[NEWLINE]- Maria Callas</Text>
    </Row>
    <Row Tag="LOC_BUILDING_GREAT_ZIMBABWE_QUOTE">
      <Text>"Kral Süleyman Saba Kraliçesi'ne kraliyet lütfundan verdiklerinden başka, istediği her şeyi verdi. Bunun üzerine kraliçe, hizmetkârlarıyla birlikte dönüp kendi ülkesine gitti."[NEWLINE]- 1. Krallar, 10:13</Text>
    </Row>
    <Row Tag="LOC_BUILDING_BIG_BEN_QUOTE">
      <Text>"Büyük saati izlemeyin; ne yapıyorsa onu yapın. Devam et."[NEWLINE]- Sam Levenson</Text>
    </Row>
    <Row Tag="LOC_BUILDING_COLOSSEUM_QUOTE">
      <Text>"Kolezyum ayakta durdukça, Roma ayakta kalacaktır; Kolezyum yıkıldığında, Roma yıkılacaktır; Roma yıkıldığında, dünya yıkılacaktır."[NEWLINE]- Aziz Bede</Text>
    </Row>
    <Row Tag="LOC_BUILDING_ESTADIO_DO_MARACANA_QUOTE">
      <Text>"Tarihi boyunca sadece üç kişi Maracana'yı susturmayı başardı: Papa, Frank Sinatra ve ben."[NEWLINE]- Alcides Ghiggia, Uruguaylı futbolcu</Text>
    </Row>
    <Row Tag="LOC_BUILDING_VENETIAN_ARSENAL_QUOTE">
      <Text>"Venedik halkı cephaneliklerinde şu yazıya sahiptir: 'Ne mutlu o şehre ki barış zamanında savaşı düşünür."[NEWLINE]- Robert Burton</Text>
    </Row>
    <Row Tag="LOC_BUILDING_RUHR_VALLEY_QUOTE">
      <Text>"Almanya'nın endüstriyel kalbi neredeyse atmayı bıraktı. Neredeyse hiç kimse çalışmıyordu; neredeyse hiçbir şey çalışmıyordu. Ruhr bölgesinin nüfusu ... ülkenin geri kalanı tarafından desteklenmek zorundaydı."[NEWLINE]- Adam Fergusson</Text>
    </Row>
    <Row Tag="LOC_BUILDING_MAHABODHI_TEMPLE_QUOTE">
      <Text>"Hindistan'ın Bihar eyaletinin tozlu ve kalabalık bir köşesinde, Budizm'in merkezi olarak düşünülebilecek büyülü bir yer var."[NEWLINE]- Ziyaretçi Rehberi, Bodh Gaya</Text>
    </Row>
    <Row Tag="LOC_BUILDING_HAGIA_SOPHIA_QUOTE">
      <Text>"Burası güzel ve önemli bir anıt ve uluslararası, kültürler arası bir hazine... Her iki din tarafından uyum içinde paylaşılmadığı sürece - ki bu harika bir fikir olurdu - burayı güzelleştiren her iki dini de onurlandıran seküler bir bina olarak kalmalıdır."[NEWLINE]- Ljubo Vujovic</Text>
    </Row>
    <Row Tag="LOC_BUILDING_GREAT_LIBRARY_QUOTE">
      <Text>"Tüm hayal gücünün ve bilginin toplandığı İskenderiye Kütüphanesi'nin şişirilmiş yığınlarında dolaşabiliriz; onun yıkılışında, topladığımız her şeyin kaybolacağına dair uyarıyı fark edebiliriz."[NEWLINE]- Alberto Manguel</Text>
    </Row>
    <Row Tag="LOC_BUILDING_OXFORD_UNIVERSITY_QUOTE">
      <Text>"Oxford'daki zeki adamlar. Bilinmesi gereken her şeyi bilirler. Ama hiçbiri yarısı kadar bile bilmez. zeki Bay Toad kadar!"[NEWLINE]- Kenneth Grahame</Text>
    </Row>
    <Row Tag="LOC_BUILDING_BOLSHOI_THEATER_QUOTE">
      <Text>"Bolşoy Balesi hayal gücünün bir evreni, sihir ve büyünün, güzellik ve romantizmin yeridir. Birçok dünyası zarif dansçılar, görkemli müzik ve görkemli kostümlerle titreşir."[NEWLINE]- Trudy Garfunkel</Text>
    </Row>
    <Row Tag="LOC_BUILDING_BROADWAY_QUOTE">
      <Text>"Gösteri dünyası gibi bir iş yoktur."[NEWLINE]- Irving Berlin, 'Annie Get Your Gun'</Text>
    </Row>
  </BaseGameText>
</GameData>