﻿<?xml version="1.0" encoding="utf-8" standalone="yes"?>
<GameData xmlns:xsi="http://www.w3.org/2001/XMLSchema-instance">
  <BaseGameText>
    <!-- Ruleset -->
    <Row Tag="LOC_RELIGIOUS_COMBAT_RULESET_TITLE">
      <Text>Kutsal Toprak</Text>
    </Row>
    <Row Tag="LOC_RELIGIOUS_COMBAT_RULESET_TEASER">
      <Text>Orta Çağ'da geçen bu din odaklı senaryoda kutsal egemenlik için savaşın. Sanayi Çağına kadar sürer.[NEWLINE]Zafer Koşulları[NEWLINE][ICON_Bullet]Kutsal Zafer - Sanayi Çağının şafağında en çok dini takipçiye sahip olun (ilk Sanayi teknolojisi veya sivil)[NEWLINE]Oynanış Değişiklikleri[NEWLINE][ICON_Bullet]İlk Kutsal Site ücretsiz bir Büyük Peygamber verir.</Text>
    </Row>
    <!-- Victories  -->
    <Row Tag="LOC_RELIGIOUS_COMBAT_VICTORY_TITLE">
      <Text>Kutsal Zafer</Text>
    </Row>
    <Row Tag="LOC_RELIGIOUS_COMBAT_VICTORY_DESC">
      <Text>Sanayi Çağı'nın şafağında (ilk Sanayi teknolojisi veya sivil) en çok dini takipçiye sahip olmak</Text>
    </Row>
    <!-- Mod Package Text -->
    <Row Tag="LOC_RELIGIOUS_COMBAT_MOD_TITLE">
      <Text>Çok Oyunculu Senaryo: Kutsal Toprak</Text>
    </Row>
    <Row Tag="LOC_RELIGIOUS_COMBAT_MOD_TEASER">
      <Text>Orta Çağ'da geçen bu din odaklı senaryoda kutsal egemenlik için savaşın.  Endüstri Çağı'na kadar sürer.</Text>
    </Row>
    <Row Tag="LOC_RELIGIOUS_COMBAT_MOD_DESCRIPTION">
      <Text>Zafer Koşulları[NEWLINE]Kutsal Zafer - Sanayi Çağının şafağında en çok dini takipçiye sahip olun (ilk Sanayi teknolojisi veya sivil)</Text>
    </Row>
    <Row Tag="LOC_VICTORY_RELIGIOUS_HAVE_MOST_FOLLOWERS_PROGRESS">
      <Text>Dini Takipçiler {NumFollowers} {StatusIcon}</Text>
    </Row>
    <Row Tag="LOC_RC_GAME_ERA_LIMIT_REACHED_PROGRESS">
      <Text>Sanayi Çağına Ulaşıldı {StatusIcon}</Text>
    </Row>
  </BaseGameText>
</GameData>