﻿<?xml version="1.0" encoding="utf-8"?>
<GameData>
  <BaseGameText>
    <!-- Mods Section -->
    <Row Tag="LOC_MODS_TITLE">
      <Text>EK İÇERİK</Text>
    </Row>
    <Row Tag="LOC_MODS_INSTALLED">
      <Text>KURULDU</Text>
    </Row>
    <Row Tag="LOC_MODS_SUBSCRIPTIONS">
      <Text>ABONELİKLER</Text>
    </Row>
    <Row Tag="LOC_MODS_BROWSE_WORKSHOP">
      <Text>ATÖLYEYE GÖZ ATIN</Text>
    </Row>
    <Row Tag="LOC_MODS_WORLD_BUILDER">
      <Text>DÜNYA İNŞA EDİCİ</Text>
    </Row>
    <Row Tag="LOC_MODS_NONE_INSTALLED">
      <Text>Yüklü mod yok.</Text>
    </Row>
    <Row Tag="LOC_MODS_NONE_SELECTED">
      <Text>Ayrıntıları görüntülemek için soldan bir mod seçin.</Text>
    </Row>
    <Row Tag="LOC_MODS_NO_SUBSCRIPTIONS">
      <Text>Abonelik yoktur.</Text>
    </Row>
    <Row Tag="LOC_MODS_SUBSCRIPTION_DOWNLOAD_INSTALLED">
      <Text>Yüklendi</Text>
    </Row>
    <Row Tag="LOC_MODS_SUBSCRIPTION_DOWNLOAD_PENDING">
      <Text>Beklemede İndir...</Text>
    </Row>
    <Row Tag="LOC_MODS_SUBSCRIPTION_SUBSCRIBED">
      <Text>Abone olundu (ancak indirilmedi)</Text>
    </Row>
    <Row Tag="LOC_MODS_SUBSCRIPTION_DOWNLOADING">
      <Text>İndiriliyor... {1 : number} toplam {2 : number})</Text>
    </Row>
    <Row Tag="LOC_MODS_ENABLE_MOD">
      <Text>Modu Etkinleştir</Text>
    </Row>
    <Row Tag="LOC_MODS_DOWNLOADING">
      <Text>Öğe İndiriliyor...</Text>
    </Row>
    <Row Tag="LOC_MODS_SUBSCRIPTION_NAME_PENDING">
      <Text>Abonelik Adı Getiriliyor...</Text>
    </Row>
    <Row Tag="LOC_MODS_UPDATE">
      <Text>Güncelleme</Text>
    </Row>
    <Row Tag="LOC_MODS_VIEW">
      <Text>Görünüm</Text>
    </Row>
    <Row Tag="LOC_MODS_UNSUBSCRIBE">
      <Text>Abonelikten çık</Text>
    </Row>
    <Row Tag="LOC_MODS_GROUP_DEFAULT_NAME">
      <Text>(Varsayılan)</Text>
    </Row>
    <Row Tag="LOC_MODS_GROUP_ADD_NAME">
      <Text>+</Text>
    </Row>
    <Row Tag="LOC_MODS_GROUP_ADD_DESCRIPTION">
      <Text>Yeni bir Mod grubu oluşturun.  Gruplar, hangi modların etkin olduğunu hızlıca değiştirmek için kullanılabilir.</Text>
    </Row>
    <Row Tag="LOC_MODS_GROUP_DELETE_NAME">
      <Text>-</Text>
    </Row>
    <Row Tag="LOC_MODS_GROUP_ENTER_NAME">
      <Text>Yeni mod grubunun adını girin.</Text>
    </Row>
    <Row Tag="LOC_MODS_GROUP_DELETE_DESCRIPTION">
      <Text>Seçili olan Modlar grubunu silin.  Bu işlem modları silmez, sadece grubu siler.  Varsayılan grup silinemez.</Text>
    </Row>
    <Row Tag="LOC_MODS_SEARCH_NAME">
      <Text>Arama...</Text>
    </Row>
    <Row Tag="LOC_MODS_SEARCH_DESCRIPTION">
      <Text>Başlık ve teaser'a göre içerik arayın.</Text>
    </Row>
    <Row Tag="LOC_MODS_SORTBY">
      <Text>Sırala:</Text>
    </Row>
    <Row Tag="LOC_MODS_SORTBY_NAME">
      <Text>Sıralamaya göre: İsim</Text>
    </Row>
    <Row Tag="LOC_MODS_SORTBY_ENABLED">
      <Text>Sıralama Ölçütü Etkin</Text>
    </Row>
    <Row Tag="LOC_MODS_LAST_UPDATED">
      <Text>Son Güncelleme: {1_Time: datetime}</Text>
    </Row>
    <Row Tag="LOC_MODS_FILTER">
      <Text>Filtre</Text>
    </Row>
    <Row Tag="LOC_MODS_FIRAXIAN_CONTENT">
      <Text>Resmi İçerik</Text>
    </Row>
    <Row Tag="LOC_MODS_USER_CONTENT">
      <Text>Topluluk Tarafından Oluşturulan İçerik</Text>
    </Row>
    <Row Tag="LOC_MODS_WORLDBUILDER_CONTENT">
      <Text>WorldBuilder Haritası</Text>
    </Row>
    <Row Tag="LOC_MODS_ENABLE_ALL">
      <Text>Tümünü Etkinleştir</Text>
    </Row>
    <Row Tag="LOC_MODS_DISABLE_ALL">
      <Text>Tümünü Devre Dışı Bırak</Text>
    </Row>
    <Row Tag="LOC_MODS_ENABLE">
      <Text>Etkinleştir</Text>
    </Row>
    <Row Tag="LOC_MODS_ENABLED">
      <Text>Etkin</Text>
    </Row>
    <Row Tag="LOC_MODS_ENABLE_INCLUDE">
      <Text>Bunun etkinleştirilmesi aşağıdakileri de etkinleştirecektir:</Text>
    </Row>
    <Row Tag="LOC_MODS_ENABLE_ERROR">
      <Text>Aşağıdakiler nedeniyle etkinleştirilemiyor:</Text>
    </Row>
    <Row Tag="LOC_MODS_DISABLE">
      <Text>Devre dışı bırak</Text>
    </Row>
    <Row Tag="LOC_MODS_DISABLED">
      <Text>Engelli</Text>
    </Row>
    <Row Tag="LOC_MODS_DISABLE_ERROR">
      <Text>Aşağıdakiler nedeniyle devre dışı bırakılamıyor:</Text>
    </Row>
    <Row Tag="LOC_MODS_DISABLE_ERROR_DEPENDS">
      <Text>Aşağıdaki modlar buna bağlı olduğu için devre dışı bırakılamaz:</Text>
    </Row>
    <Row Tag="LOC_MODS_YES">
      <Text>Evet</Text>
    </Row>
    <Row Tag="LOC_MODS_NO">
      <Text>Hayır</Text>
    </Row>
    <Row Tag="LOC_MODS_DETAILS_VERSION">
      <Text>Versiyon:</Text>
    </Row>
    <Row Tag="LOC_MODS_DETAILS_AUTHOR">
      <Text>Yazar(lar):</Text>
    </Row>
    <Row Tag="LOC_MODS_DETAILS_SPECIAL_THANKS">
      <Text>Özel teşekkürler:</Text>
    </Row>
    <Row Tag="LOC_MODS_DETAILS_DLC_STORE">
      <Text>Mağaza sayfasını ziyaret etmek için buraya tıklayın.</Text>
    </Row>
    <Row Tag="LOC_MODS_DETAILS_SINGLEPLAYER">
      <Text>Tek kişilik mi?</Text>
    </Row>
    <Row Tag="LOC_MODS_DETAILS_MULTIPLAYER">
      <Text>Çok oyunculu mu?</Text>
    </Row>
    <Row Tag="LOC_MODS_DETAILS_CREATED">
      <Text>Oluşturuldu:</Text>
    </Row>
    <Row Tag="LOC_MODS_DETAILS_AFFECTS_SAVED_GAMES">
      <Text>Kaydedilen Oyunları Etkiler:</Text>
    </Row>
    <Row Tag="LOC_MODS_DETAILS_OWNERSHIP">
      <Text>Sahiplik:</Text>
    </Row>
    <Row Tag="LOC_MODS_DETAILS_TAGS">
      <Text>Etiketler:</Text>
    </Row>
    <Row Tag="LOC_MODS_DETAILS_OWNERSHIP_YES">
      <Text>Sahip olunan</Text>
    </Row>
    <Row Tag="LOC_MODS_DETAILS_OWNERSHIP_NO">
      <Text>Sahiplenilmedi</Text>
    </Row>
    <Row Tag="LOC_MODS_DETAILS_COMPATIBLE_NOT">
      <Text>Uyumlu değil</Text>
    </Row>
    <Row Tag="LOC_MODS_DETAILS_DESCRIPTION">
      <Text>Açıklama</Text>
    </Row>
    <Row Tag="LOC_MODS_DETAILS_REFERENCES">
      <Text>Referanslar</Text>
    </Row>
    <Row Tag="LOC_MODS_DETAILS_REFERENCES_DEPENDENCY">
      <Text>Bağlı</Text>
    </Row>
    <Row Tag="LOC_MODS_DETAILS_REFERENCES_REFERENCE">
      <Text>Referanslar</Text>
    </Row>
    <Row Tag="LOC_MODS_DETAILS_REFERENCES_BLOCK">
      <Text>Bloklar</Text>
    </Row>
    <Row Tag="LOC_MODS_EXCLUSIVE">
      <Text>Bu özel bir moddur.</Text>
    </Row>
    <Row Tag="LOC_MODS_PARTIALLY_EXCLUSIVE">
      <Text>Bu kısmen özel bir moddur.</Text>
    </Row>
    <Row Tag="LOC_MODS_ERROR_SAVE_INCOMPATIBLE_MODS">
      <Text>Şu anda etkin olan modlar bu kayıtlı oyunla uyumlu değildir.</Text>
    </Row>
    <Row Tag="LOC_MODS_ERROR_SAVE_MISSING_MODS">
      <Text>Gerekli tüm modlar yüklü değil.</Text>
    </Row>
    <Row Tag="LOC_MODS_ERROR_MOD_VERSION_ALREADY_ENABLED">
      <Text>Bu modun başka bir sürümü zaten etkinleştirildi.</Text>
    </Row>
    <Row Tag="LOC_MODS_ERROR_MOD_BLOCKED_BY_OTHER_MOD">
      <Text>Mod başka bir mod tarafından engellendi.</Text>
    </Row>
    <Row Tag="LOC_MODS_ERROR_MOD_MISSING_DEPENDENCIES">
      <Text>Modun gerekli bağımlılıkları eksik.</Text>
    </Row>
    <Row Tag="LOC_MODS_ERROR_MOD_HAS_EXCLUSIVITY_CONFLICTS">
      <Text>Mod, münhasırlık tarafından engellenir.</Text>
    </Row>
    <Row Tag="LOC_MODS_ERROR_BAD_GAMEVERSION">
      <Text>Oyunun bu sürümü bu mod ile uyumlu değildir.</Text>
    </Row>
    <Row Tag="LOC_MOD_AUTHORS_FIRAXIS">
      <Text>Firaxis</Text>
    </Row>
    <Row Tag="LOC_MODS_ENABLE_WARNING_NOT_COMPATIBLE">
      <Text>Bu mod bu oyun sürümü ile uyumlu olarak işaretlenmemiştir.  Devam etmek ister misiniz?</Text>
    </Row>
    <Row Tag="LOC_MODS_ENABLE_WARNING_NOT_COMPATIBLE_MANY">
      <Text>Bir veya daha fazla mod bu oyun sürümüyle uyumlu olarak işaretlenmedi. Devam etmek ister misiniz?</Text>
    </Row>
    <Row Tag="LOC_MODS_WARNING_WHITELIST">
      <Text>Bu mod için bu uyarıyı dikkate almayın.</Text>
    </Row>
    <Row Tag="LOC_MODS_WARNING_WHITELIST_MANY">
      <Text>Bu modlar için bu uyarıyı dikkate almayın.</Text>
    </Row>
    <Row Tag="LOC_MODS_DETAILS_COMPATIBILITY_WHITELIST_PROMPT">
      <Text>Bu mod için uyumluluk hakkındaki uyarıları dikkate almayın.</Text>
    </Row>
    <Row Tag="LOC_MODS_DETAILS_NOT_COMPATIBLE_WARNING">
      <Text>[COLOR_RED]Bu mod kendisini mevcut oyun sürümü ile uyumlu olarak işaretlememiştir. [ENDCOLOR]</Text>
    </Row>
  </BaseGameText>
</GameData>