﻿<?xml version="1.0" encoding="utf-8"?>
<!-- edited with XMLSPY v2004 rel. 2 U (http://www.xmlspy.com) by Ed Beach (Firaxis Games) -->
<GameData>
  <BaseGameText>
    <Row Tag="LOC_UI_TECHNOLOGY_RESEARCH_COMPLETE">
      <Text>ARAŞTIRMA TAMAMLANDI</Text>
    </Row>
    <Row Tag="LOC_UI_TECHNOLOGY_RESEARCH_COMPLETE_BLURB">
      <Text>Tebrikler!  Araştırma yaptınız {1_TechnologyName}!</Text>
    </Row>
    <Row Tag="LOC_UI_CIVIC_PROGRESS_COMPLETE">
      <Text>CIVIC TAMAMLANDI</Text>
    </Row>
    <Row Tag="LOC_UI_CIVIC_PROGRESS_COMPLETE_BLURB">
      <Text>{1_CivicName} denemeye hevesli halkınızla birlikte, hükümet ve sosyal politika değişiklikleri bu turda ÜCRETSİZ.</Text>
    </Row>
  </BaseGameText>
</GameData>