﻿<?xml version="1.0" encoding="utf-8"?>
<!-- edited with XMLSPY v2004 rel. 2 U (http://www.xmlspy.com) by Ed Beach (Firaxis Games) -->
<GameData>
  <BaseGameText>
    <!-- Promotion Class Names -->
    <Row Tag="LOC_PROMOTION_CLASS_RECON_NAME">
      <Text>Recon</Text>
    </Row>
    <Row Tag="LOC_PROMOTION_CLASS_MELEE_NAME">
      <Text>Yakın Dövüş</Text>
    </Row>
    <Row Tag="LOC_PROMOTION_CLASS_RANGED_NAME">
      <Text>Menzilli</Text>
    </Row>
    <Row Tag="LOC_PROMOTION_CLASS_SIEGE_NAME">
      <Text>Kuşatma</Text>
    </Row>
    <Row Tag="LOC_PROMOTION_CLASS_ANTI_CAVALRY_NAME">
      <Text>Anti Süvari</Text>
    </Row>
    <Row Tag="LOC_PROMOTION_CLASS_LIGHT_CAVALRY_NAME">
      <Text>Hafif Süvari</Text>
    </Row>
    <Row Tag="LOC_PROMOTION_CLASS_HEAVY_CAVALRY_NAME">
      <Text>Ağır Süvari</Text>
    </Row>
    <Row Tag="LOC_PROMOTION_CLASS_AIR_FIGHTER_NAME">
      <Text>Hava Savaşçısı</Text>
    </Row>
    <Row Tag="LOC_PROMOTION_CLASS_AIR_BOMBER_NAME">
      <Text>Hava Bombacısı</Text>
    </Row>
    <Row Tag="LOC_PROMOTION_CLASS_NAVAL_MELEE_NAME">
      <Text>Yakın Deniz Savaşı</Text>
    </Row>
    <Row Tag="LOC_PROMOTION_CLASS_NAVAL_RANGED_NAME">
      <Text>Deniz Menzilli</Text>
    </Row>
    <Row Tag="LOC_PROMOTION_CLASS_NAVAL_CARRIER_NAME">
      <Text>Deniz Taşıyıcı</Text>
    </Row>
    <Row Tag="LOC_PROMOTION_CLASS_NAVAL_RAIDER_NAME">
      <Text>Deniz Akıncısı</Text>
    </Row>
    <Row Tag="LOC_PROMOTION_CLASS_APOSTLE_NAME">
      <Text>Dini Havari</Text>
    </Row>
    <Row Tag="LOC_PROMOTION_CLASS_INQUISITOR_NAME">
      <Text>Dini Engizisyoncu</Text>
    </Row>
    <Row Tag="LOC_PROMOTION_CLASS_SUPPORT_NAME">
      <Text>Destek</Text>
    </Row>
    <Row Tag="LOC_PROMOTION_CLASS_SPY_NAME">
      <Text>Casusluk</Text>
    </Row>
    <Row Tag="LOC_PROMOTION_CLASS_MONK_NAME">
      <Text>Savaşçı Keşiş</Text>
    </Row>
    <!-- Formation Class Names -->
    <Row Tag="LOC_FORMATION_CLASS_AIR_NAME">
      <Text>Hava Savaşı</Text>
    </Row>
    <Row Tag="LOC_FORMATION_CLASS_CIVILIAN_NAME">
      <Text>Sivil</Text>
    </Row>
    <Row Tag="LOC_FORMATION_CLASS_LAND_COMBAT_NAME">
      <Text>Kara Savaşı</Text>
    </Row>
    <Row Tag="LOC_FORMATION_CLASS_NAVAL_NAME">
      <Text>Deniz Savaşı</Text>
    </Row>
    <Row Tag="LOC_FORMATION_CLASS_SUPPORT_NAME">
      <Text>Destek</Text>
    </Row>
    <!-- Damage Message -->
    <Row Tag="LOC_WORLD_FAITH_INCREASE_FLOATER">
      <Text>+{1_Num} [ICON_Faith]</Text>
    </Row>
    <Row Tag="LOC_WORLD_FAITH_DECREASE_FLOATER">
      <Text>{1_Num} [ICON_Faith] [COLOR_RED]KAYIP[ENDCOLOR]</Text>
    </Row>
    <!-- Damage Message -->
    <Row Tag="LOC_WORLD_UNIT_DAMAGE_DECREASE_FLOATER">
      <Text>[COLOR_GREEN]+{1_Num}[ENDCOLOR]</Text>
    </Row>
    <Row Tag="LOC_WORLD_UNIT_DAMAGE_INCREASE_FLOATER">
      <Text>[COLOR_RED]{1_Num}[ENDCOLOR]</Text>
    </Row>
    <!-- Experience Message -->
    <Row Tag="LOC_WORLD_UNIT_EXPERIENCE_INCREASE_FLOATER">
      <Text>[COLOR_LIGHTBLUE]+{1_Num}XP[ENDCOLOR]</Text>
    </Row>
    <Row Tag="LOC_WORLD_UNIT_EXPERIENCE_INCREASE_LEVEL_FLOATER">
      <Text>[COLOR_LIGHTBLUE]+{1_Num}XP[NEWLINE]*PROMOTION AVAILABLE*[ENDCOLOR]</Text>
    </Row>
    <!-- Production Yield Message -->
    <Row Tag="LOC_WORLD_PRODUCTION_INCREASE_FLOATER">
      <Text>[COLOR_FLOAT_PRODUCTION]+{1_Num} [ICON_Production][ENDCOLOR]</Text>
    </Row>
    <Row Tag="LOC_WORLD_PRODUCTION_DECREASE_FLOATER">
      <Text>[COLOR_FLOAT_PRODUCTION]{1_Num}[ICON_Production][ENDCOLOR] [COLOR_RED]LOST[ENDCOLOR]</Text>
    </Row>
    <!-- Food Yield Message -->
    <Row Tag="LOC_WORLD_FOOD_INCREASE_FLOATER">
      <Text>[COLOR_FLOAT_FOOD]+{1_Num} [ICON_Food][ENDCOLOR]</Text>
    </Row>
    <Row Tag="LOC_WORLD_FOOD_DECREASE_FLOATER">
      <Text>[COLOR_FLOAT_FOOD]{1_Num} [ICON_Food][ENDCOLOR] [COLOR_RED]KAYIP[ENDCOLOR]</Text>
    </Row>
    <!-- Gold Yield Message -->
    <Row Tag="LOC_WORLD_GOLD_INCREASE_FLOATER">
      <Text>[COLOR_FLOAT_GOLD]+{1_Num} [ICON_Gold][ENDCOLOR]</Text>
    </Row>
    <Row Tag="LOC_WORLD_GOLD_DECREASE_FLOATER">
      <Text>[COLOR_FLOAT_GOLD]{1_Num} [ICON_Gold][ENDCOLOR] [COLOR_RED]KAYIP[ENDCOLOR]</Text>
    </Row>
    <!-- Science Yield Message -->
    <Row Tag="LOC_WORLD_SCIENCE_INCREASE_FLOATER">
      <Text>[COLOR_FLOAT_SCIENCE]+{1_Num} [ICON_Science][ENDCOLOR]</Text>
    </Row>
    <Row Tag="LOC_WORLD_SCIENCE_DECREASE_FLOATER">
      <Text>[COLOR_FLOAT_SCIENCE]{1_Num} [ICON_Science][ENDCOLOR] [COLOR_RED]KAYIP[ENDCOLOR]</Text>
    </Row>
    <!-- Culture Yield Message -->
    <Row Tag="LOC_WORLD_CULTURE_INCREASE_FLOATER">
      <Text>[COLOR_FLOAT_CULTURE]+{1_Num} [ICON_Culture][ENDCOLOR]</Text>
    </Row>
    <Row Tag="LOC_WORLD_CULTURE_DECREASE_FLOATER">
      <Text>[COLOR_FLOAT_CULTURE]{1_Num} [ICON_Culture][ENDCOLOR] [COLOR_RED]KAYIP[ENDCOLOR]</Text>
    </Row>
    <!-- Civilian-->
    <Row Tag="LOC_UNIT_SETTLER_DESCRIPTION">
      <Text>Yeni şehirler oluşturabilir. Tamamlandığında şehrin [ICON_Citizen] Nüfusunu 1 azaltır.</Text>
    </Row>
    <Row Tag="LOC_UNIT_BUILDER_DESCRIPTION">
      <Text>Karo iyileştirmeleri oluşturabilir, Orman veya Yağmur Ormanı gibi özellikleri kaldırabilir veya bazı kaynakları hasat edebilir. İnşaatçılar 3 kez kullanılabilir. Bu sayı politikalar veya Piramitler gibi harikalar aracılığıyla artırılabilir.</Text>
    </Row>
    <Row Tag="LOC_UNIT_TRADER_DESCRIPTION">
      <Text>Tek bir [ICON_TradeRoute] Ticaret Rotası oluşturabilir ve sürdürebilir. Seyahat ederken otomatik olarak Yollar oluşturur.</Text>
    </Row>
    <Row Tag="LOC_UNIT_MISSIONARY_DESCRIPTION">
      <Text>Vatandaşları kendi Dinlerine döndürebilir [ICON_Citizen]. Diğer Dinlerin birimleriyle teolojik savaş başlatamaz (ancak savunabilir).</Text>
    </Row>
    <Row Tag="LOC_UNIT_APOSTLE_DESCRIPTION">
      <Text>Vatandaşları kendi Dinlerine [ICON_Citizen] dönüştürebilir ve diğer Dinlerin birimleriyle teolojik savaş başlatabilir. Her oyunda bir kez Engizisyoncuların satın alınmasına izin vermek için Engizisyonu Başlatabilir. Her oyunda bir kez, Dinlerine ek bir İnanç eklemek için İnancı Evangelize edebilir. Bu kullanımlar Havari'yi tüketir.</Text>
    </Row>
    <Row Tag="LOC_UNIT_INQUISITOR_DESCRIPTION">
      <Text>Bölgelerindeki diğer Dinlerin varlığını ortadan kaldırabilir ve diğer Dinlerin birimleriyle teolojik savaş başlatabilir.</Text>
    </Row>
    <Row Tag="LOC_UNIT_GURU_DESCRIPTION">
      <Text>Kendisini ve tüm komşu dost dini birimleri iyileştirmek için bir hücum kullanabilir. Diğer Dinlerin birimleriyle teolojik savaş başlatamaz (ancak savunabilir).</Text>
    </Row>
    <Row Tag="LOC_UNIT_WARRIOR_MONK_DESCRIPTION">
      <Text>Benzersiz bir terfi ağacına sahip hızlı hareket eden kara muharebe birimi.</Text>
    </Row>
    <Row Tag="LOC_UNIT_ARCHAEOLOGIST_DESCRIPTION">
      <Text>Kendi şehirlerinin Müzesinde sergilenmek üzere [ICON_GreatWork_Artifact] Antik Alanlardan [ICON_RESOURCE_ANTIQUITY_SITE] Eserler bulun ve çıkarın.</Text>
    </Row>
    <Row Tag="LOC_UNIT_SPY_DESCRIPTION">
      <Text>Yabancı şehirlerde gizli görevler gerçekleştirir ve şehirlerinizi düşman Casuslardan korur.</Text>
    </Row>
    <Row Tag="LOC_UNIT_NATURALIST_DESCRIPTION">
      <Text>[ICON_Tourism] Turist çekmek için tek bir Milli Park oluşturabilen geç oyun sivilidir. [ICON_Faith] İnanç ile satın alınmalıdır.</Text>
    </Row>
    <!-- Great People-->
    <Row Tag="LOC_UNIT_GREAT_GENERAL_DESCRIPTION">
      <Text>Her [ICON_GreatGeneral] Büyük General, pasif bir etki ve bir Emekli etkisi de dahil olmak üzere benzersiz yeteneklere sahiptir. Daha fazla bilgi edinmek ve ilerlemenizi takip etmek için Büyük İnsanlar panelini ziyaret edin.</Text>
    </Row>
    <Row Tag="LOC_UNIT_GREAT_ADMIRAL_DESCRIPTION">
      <Text>Her [ICON_GreatAdmiral] Büyük Amiral, pasif bir etki ve bir Emekli etkisi de dahil olmak üzere benzersiz yeteneklere sahiptir. Daha fazla bilgi edinmek ve ilerlemenizi takip etmek için Büyük İnsanlar panelini ziyaret edin.</Text>
    </Row>
    <Row Tag="LOC_UNIT_GREAT_ENGINEER_DESCRIPTION">
      <Text>Her [ICON_GreatEngineer] Büyük Mühendis etkinleştirildiğinde benzersiz yeteneklere sahiptir. Daha fazla bilgi edinmek ve ilerlemenizi takip etmek için Büyük İnsanlar panelini ziyaret edin.</Text>
    </Row>
    <Row Tag="LOC_UNIT_GREAT_MERCHANT_DESCRIPTION">
      <Text>Her [ICON_GreatMerchant] Büyük Tüccar etkinleştirildiğinde benzersiz yeteneklere sahiptir. Daha fazla bilgi edinmek ve ilerlemenizi takip etmek için Büyük İnsanlar panelini ziyaret edin.</Text>
    </Row>
    <Row Tag="LOC_UNIT_GREAT_PROPHET_DESCRIPTION">
      <Text>Büyük [ICON_GreatProphet] Peygamberler etkinleştirildiklerinde bir Din kurabilirler. Daha fazla bilgi edinmek ve ilerlemenizi takip etmek için Büyük İnsanlar panelini ziyaret edin.</Text>
    </Row>
    <Row Tag="LOC_UNIT_GREAT_SCIENTIST_DESCRIPTION">
      <Text>Her [ICON_GreatScientist] Büyük Bilim İnsanı etkinleştirildiğinde benzersiz yeteneklere sahiptir. Daha fazlasını öğrenmek ve ilerlemenizi takip etmek için Büyük İnsanlar panelini ziyaret edin.</Text>
    </Row>
    <Row Tag="LOC_UNIT_GREAT_WRITER_DESCRIPTION">
      <Text>Her [ICON_GreatWriter] Büyük Yazar etkinleştirildiğinde bir [ICON_GreatWork_Writing] Büyük Yazı Eseri üretir. Daha fazla bilgi edinmek ve ilerlemenizi takip etmek için Büyük İnsanlar panelini ziyaret edin.</Text>
    </Row>
    <Row Tag="LOC_UNIT_GREAT_ARTIST_DESCRIPTION">
      <Text>Her [ICON_GreatArtist] Büyük Sanatçı etkinleştirildiğinde bir [ICON_GreatWork_Landscape] Büyük Sanat Eseri üretir. Daha fazla bilgi edinmek ve ilerlemenizi takip etmek için Büyük İnsanlar panelini ziyaret edin.</Text>
    </Row>
    <Row Tag="LOC_UNIT_GREAT_MUSICIAN_DESCRIPTION">
      <Text>Her [ICON_GreatMusician] Büyük Müzisyen etkinleştirildiğinde bir [ICON_GreatWork_Music] Büyük Müzik Eseri üretir. Daha fazla bilgi edinmek ve ilerlemenizi takip etmek için Büyük İnsanlar panelini ziyaret edin.</Text>
    </Row>
    <!-- Recon-->
    <Row Tag="LOC_UNIT_SCOUT_DESCRIPTION">
      <Text>Hızlı hareket eden Antik Çağ keşif birimi.</Text>
    </Row>
    <Row Tag="LOC_UNIT_RANGER_DESCRIPTION">
      <Text>Hızlı hareket eden Sanayi dönemi keşif birimi.</Text>
    </Row>
    <!-- Melee-->
    <Row Tag="LOC_UNIT_WARRIOR_DESCRIPTION">
      <Text>Zayıf Antik Çağ yakın dövüş birimi.</Text>
    </Row>
    <Row Tag="LOC_UNIT_SPEARMAN_DESCRIPTION">
      <Text>Antik çağ anti-süvari birliği.</Text>
    </Row>
    <Row Tag="LOC_UNIT_SWORDSMAN_DESCRIPTION">
      <Text>Güçlü Klasik dönem yakın muharebe birimi.</Text>
    </Row>
    <Row Tag="LOC_UNIT_PIKEMAN_DESCRIPTION">
      <Text>Ortaçağ dönemi anti-süvari birliği.</Text>
    </Row>
    <Row Tag="LOC_UNIT_MUSKETMAN_DESCRIPTION">
      <Text>Rönesans dönemi yakın dövüş birimi.</Text>
    </Row>
    <Row Tag="LOC_UNIT_INFANTRY_DESCRIPTION">
      <Text>Modern çağ yakın dövüş birimi.</Text>
    </Row>
    <Row Tag="LOC_UNIT_MECHANIZED_INFANTRY_DESCRIPTION">
      <Text>Bilgi çağı yakın dövüş birimi.</Text>
    </Row>
    <Row Tag="LOC_UNIT_AT_CREW_DESCRIPTION">
      <Text>Süvari sınıfı birimlere karşı modern çağ.</Text>
    </Row>
    <Row Tag="LOC_UNIT_MODERN_AT_DESCRIPTION">
      <Text>Bilgi çağı süvari sınıfı birimlere karşı.</Text>
    </Row>
    <!-- Ranged-->
    <Row Tag="LOC_UNIT_SLINGER_DESCRIPTION">
      <Text>Zayıf Antik Çağ menzilli birimi. Saldırıda savunmadan daha iyidir.</Text>
    </Row>
    <Row Tag="LOC_UNIT_ARCHER_DESCRIPTION">
      <Text>[ICON_Range] Menzili 2 olan ilk Antik Çağ menzilli birimi.</Text>
    </Row>
    <Row Tag="LOC_UNIT_CROSSBOWMAN_DESCRIPTION">
      <Text>Ortaçağ dönemi menzilli birimi.</Text>
    </Row>
    <Row Tag="LOC_UNIT_FIELD_CANNON_DESCRIPTION">
      <Text>Endüstriyel dönem menzil birimi.</Text>
    </Row>
    <Row Tag="LOC_UNIT_MACHINE_GUN_DESCRIPTION">
      <Text>Atomik dönem menzilli birimi.</Text>
    </Row>
    <!-- Light Cavalry-->
    <Row Tag="LOC_UNIT_HORSEMAN_DESCRIPTION">
      <Text>Hızlı hareket eden Klasik dönem hafif süvari birliği.</Text>
    </Row>
    <Row Tag="LOC_UNIT_CAVALRY_DESCRIPTION">
      <Text>Hızlı hareket eden Sanayi dönemi hafif süvari birliği.</Text>
    </Row>
    <Row Tag="LOC_UNIT_HELICOPTER_DESCRIPTION">
      <Text>Hızlı hareket eden Atomik dönem hafif süvari birliği.</Text>
    </Row>
    <!-- Siege-->
    <Row Tag="LOC_UNIT_CATAPULT_DESCRIPTION">
      <Text>Klasik dönem kuşatma birimi, şehirlere saldırmak için ideal. Uzman Mürettebat terfisini kazanmadıkları sürece aynı turda hareket edemez ve saldıramazlar.</Text>
    </Row>
    <Row Tag="LOC_UNIT_BOMBARD_DESCRIPTION">
      <Text>Rönesans dönemi kuşatma birimi, şehirlere saldırmak için ideal. Uzman Mürettebat terfisini kazanmadıkları sürece aynı turda hareket edemez ve saldıramazlar.</Text>
    </Row>
    <Row Tag="LOC_UNIT_ARTILLERY_DESCRIPTION">
      <Text>Modern çağ kuşatma birimi, şehirlere saldırmak için ideal. Uzman Mürettebat terfisini kazanmadıkları sürece aynı turda hareket edemez ve saldıramazlar.</Text>
    </Row>
    <Row Tag="LOC_UNIT_ROCKET_ARTILLERY_DESCRIPTION">
      <Text>Bilgi çağı kuşatma birimi, şehirlere saldırmak için ideal. Uzman Mürettebat terfisini kazanmadıkları sürece aynı turda hareket edemez ve saldıramazlar.</Text>
    </Row>
    <!-- Support-->
    <Row Tag="LOC_UNIT_BATTERING_RAM_DESCRIPTION">
      <Text>Antik çağ destek birimi. Bir şehre bitişik olduğunda, saldıran yakın dövüş birimleri şehrin Surlarına tam hasar verir.</Text>
    </Row>
    <Row Tag="LOC_UNIT_SIEGE_TOWER_DESCRIPTION">
      <Text>Klasik dönem destek birimi. Bir şehre bitişik olduğunda, saldıran yakın dövüş birimleri Surları yok sayar ve hemen şehre saldırır.</Text>
    </Row>
    <Row Tag="LOC_UNIT_MEDIC_DESCRIPTION">
      <Text>Endüstriyel çağ destek birimi. Komşu birimleri iyileştirebilir.</Text>
    </Row>
    <Row Tag="LOC_UNIT_OBSERVATION_BALLOON_DESCRIPTION">
      <Text>Modern çağ destek birimi. 1 hex içindeki Kuşatma sınıfı birimlere +1 [ICON_Range] Menzil verir.</Text>
    </Row>
    <Row Tag="LOC_UNIT_MILITARY_ENGINEER_DESCRIPTION">
      <Text>Ortaçağ dönemi destek birimi. Üretmek için bir Cephanelik gerektirir. Yollar, Kaleler, Uçak Pistleri ve Füze Siloları inşa edebilir.</Text>
    </Row>
    <Row Tag="LOC_UNIT_ANTIAIR_GUN_DESCRIPTION">
      <Text>Atomik dönem hava savunma destek birimi. Silahtan 1 hex uzaklığa kadar hava saldırılarına karşı koruma sağlar.</Text>
    </Row>
    <Row Tag="LOC_UNIT_MOBILE_SAM_DESCRIPTION">
      <Text>Bilgi çağı hava savunma destek birimi. Silahtan 1 hex uzaklığa kadar hava ve nükleer saldırılara karşı koruma sağlar.</Text>
    </Row>
    <!-- Heavy Cavalry -->
    <Row Tag="LOC_UNIT_HEAVY_CHARIOT_DESCRIPTION">
      <Text>Sert vuruşlu, Antik Çağ ağır süvari birimi. Sıraya Orman, Yağmur Ormanı veya Tepe olmayan düz bir karede başlarsa 1 bonus [ICON_Movement] Hareket kazanır.</Text>
    </Row>
    <Row Tag="LOC_UNIT_KNIGHT_DESCRIPTION">
      <Text>Sert vuruşlu, Ortaçağ dönemi ağır süvari birliği.</Text>
    </Row>
    <Row Tag="LOC_UNIT_MODERN_ARMOR_DESCRIPTION">
      <Text>Hızlı ve güçlü olan bilgi çağı ağır süvari birimi.</Text>
    </Row>
    <Row Tag="LOC_UNIT_TANK_DESCRIPTION">
      <Text>Kontrol alanını yok sayan, hızlı hareket eden Modern çağ ağır süvari birimi.</Text>
    </Row>
    <!--Naval-->
    <Row Tag="LOC_UNIT_GALLEY_DESCRIPTION">
      <Text>Antik çağ yakın muharebe deniz savaş birimi. Haritacılık araştırılana kadar sadece Kıyı sularında çalışabilir.</Text>
    </Row>
    <Row Tag="LOC_UNIT_QUADRIREME_DESCRIPTION">
      <Text>Klasik dönem menzilli donanma birimi. Haritacılık araştırılana kadar sadece Kıyı sularında çalışabilir.</Text>
    </Row>
    <Row Tag="LOC_UNIT_CARAVEL_DESCRIPTION">
      <Text>Hızlı Rönesans dönemi keşif yakın muharebe deniz birimi.</Text>
    </Row>
    <Row Tag="LOC_UNIT_IRONCLAD_DESCRIPTION">
      <Text>Güçlü Endüstri dönemi zırhlı yakın muharebe deniz birimi.</Text>
    </Row>
    <Row Tag="LOC_UNIT_NUCLEAR_SUBMARINE_DESCRIPTION">
      <Text>Nükleer silahlarla donatılabilen son derece gelişmiş Bilgi çağı menzilli akıncı deniz birimi. Yanında olmadığı sürece sadece diğer Deniz Akıncıları tarafından görülebilir. Görüş menzilindeki Deniz Akıncılarını açığa çıkarır.</Text>
    </Row>
    <Row Tag="LOC_UNIT_SUBMARINE_DESCRIPTION">
      <Text>Modern çağ menzilli akıncı deniz birimi. Yanında olmadığı sürece sadece diğer Deniz Akıncıları tarafından görülebilir. Görüş menzilindeki Deniz Akıncılarını ortaya çıkarır.</Text>
    </Row>
    <Row Tag="LOC_UNIT_PRIVATEER_DESCRIPTION">
      <Text>Kıyı baskını yeteneğine sahip Rönesans dönemi menzilli deniz birimi. Bitişiğinde olmadığı sürece yalnızca diğer Deniz Akıncıları tarafından görülebilir. Görüş menzilindeki Deniz Akıncılarını ortaya çıkarır.</Text>
    </Row>
    <Row Tag="LOC_UNIT_FRIGATE_DESCRIPTION">
      <Text>Rönesans dönemi menzilli deniz birliği.</Text>
    </Row>
    <Row Tag="LOC_UNIT_AIRCRAFT_CARRIER_DESCRIPTION">
      <Text>Hava birimlerini taşıyabilen atomik dönem yakın muharebe deniz birimi.</Text>
    </Row>
    <Row Tag="LOC_UNIT_BATTLESHIP_DESCRIPTION">
      <Text>Modern çağ deniz menzilli birimi. Hava ve nükleer saldırılara karşı 1 karo uzaklığa kadar koruma sağlar.</Text>
    </Row>
    <Row Tag="LOC_UNIT_MISSILE_CRUISER_DESCRIPTION">
      <Text>Bilgi çağında mevcut olan en güçlü menzilli deniz birimi.</Text>
    </Row>
    <Row Tag="LOC_UNIT_DESTROYER_DESCRIPTION">
      <Text>En güçlü yakın muharebe donanma birimi. Görüş menzilindeki Donanma Akıncılarını ortaya çıkarır.</Text>
    </Row>
    <!--Air Units-->
    <Row Tag="LOC_UNIT_BIPLANE_DESCRIPTION">
      <Text>Modern çağda mevcut olan ilk hava muharebe birimi.</Text>
    </Row>
    <Row Tag="LOC_UNIT_FIGHTER_DESCRIPTION">
      <Text>Atomik dönem çift kanatlı uçak yükseltmesi.</Text>
    </Row>
    <Row Tag="LOC_UNIT_BOMBER_DESCRIPTION">
      <Text>Atomik dönemde mevcut olan ilk bombardıman birimi.</Text>
    </Row>
    <Row Tag="LOC_UNIT_JET_FIGHTER_DESCRIPTION">
      <Text>Bilgi çağı Fighter yükseltmesi.</Text>
    </Row>
    <Row Tag="LOC_UNIT_JET_BOMBER_DESCRIPTION">
      <Text>Bilgi çağı Bomber yükseltmesi.</Text>
    </Row>
    <Row Tag="LOC_UNIT_MAN_AT_ARMS_DESCRIPTION">
      <Text>Ortaçağ Dönemi yakın dövüş birimi.</Text>
    </Row>
    <Row Tag="LOC_UNIT_LINE_INFANTRY_DESCRIPTION">
      <Text>Endüstri Çağı yakın dövüş birimi.</Text>
    </Row>
    <Row Tag="LOC_UNIT_TREBUCHET_DESCRIPTION">
      <Text>Ortaçağ dönemi kuşatma birimi, şehirlere saldırmak için ideal. Uzman Mürettebat terfisini kazanmadıkları sürece aynı turda hareket edemez ve saldıramazlar.</Text>
    </Row>
    <!-- Unique Units-->
    <Row Tag="LOC_UNIT_BARBARIAN_HORSEMAN_DESCRIPTION">
      <Text>Antik çağın ilkel atlı savaşçısı.</Text>
    </Row>
    <Row Tag="LOC_UNIT_BARBARIAN_HORSE_ARCHER_DESCRIPTION">
      <Text>Antik çağ ilkel atlı okçusu.</Text>
    </Row>
    <Row Tag="LOC_UNIT_EGYPTIAN_CHARIOT_ARCHER_DESCRIPTION">
      <Text>Ağır Savaş Arabasının yerini alan Mısır'a özgü Antik çağ menzilli birimi. 4 [ICON_Movement] Açık arazide başlarken hareket.</Text>
    </Row>
    <Row Tag="LOC_UNIT_GREEK_HOPLITE_DESCRIPTION">
      <Text>Mızrakçının yerini alan Yunan'a özgü Antik dönem anti-süvari birimi. Bitişiğinde en az bir Hoplit birimi varsa +10 [ICON_Strength] Savaş Gücü.</Text>
    </Row>
    <Row Tag="LOC_UNIT_SCYTHIAN_HORSE_ARCHER_DESCRIPTION">
      <Text>İskitlere özgü Klasik dönem birimi. [ICON_Range] Menzili 1 olan 4 [ICON_Movement] Hareketli Menzilli birim.</Text>
    </Row>
    <Row Tag="LOC_UNIT_SUMERIAN_WAR_CART_DESCRIPTION">
      <Text>Sümerlere özgü Antik Çağ birimi. Diğer tüm başlangıç birimlerinden daha güçlü. Süvari karşıtı birimlere karşı ceza yok. Bu birim açık arazide başlarsa 4 [ICON_Movement] Hareket.</Text>
    </Row>
    <Row Tag="LOC_UNIT_ENGLISH_REDCOAT_DESCRIPTION">
      <Text>Victoria'nın lider olduğu İngilizlere özgü Sanayi dönemi birimi, Hat Piyadesinin yerini alır. Başkentinizin bulunduğu kıtadan başka bir kıtada savaşırken +10 [ICON_Strength] Savaş Gücü. Karaya çıkma maliyeti yok.</Text>
    </Row>
    <Row Tag="LOC_UNIT_AMERICAN_ROUGH_RIDER_DESCRIPTION">
      <Text>Teddy Roosevelt'in liderleri olduğu Amerika'ya özgü Endüstriyel dönem birimi. [ICON_Culture] Kültür, [ICON_Capital] Başkentlerinin kıtasındaki öldürmelerden kazanılır. Tepelerde savaşırken +10 [ICON_Strength] Savaş Gücü. Daha düşük bakım maliyeti.</Text>
    </Row>
    <Row Tag="LOC_UNIT_ROMAN_LEGION_DESCRIPTION">
      <Text>Kılıç Ustası'nın yerini alan Roma'ya özgü Klasik dönem yakın muharebe birimi. Bir Roma Kalesi inşa edebilir.</Text>
    </Row>
    <Row Tag="LOC_UNIT_JAPANESE_SAMURAI_DESCRIPTION">
      <Text>Man-At-Arms'ın yerini alan Japonlara özgü Ortaçağ dönemi yakın dövüş birimi. Hasar gördüğünde savaş cezalarına maruz kalmaz.</Text>
    </Row>
    <Row Tag="LOC_UNIT_NORWEGIAN_BERSERKER_DESCRIPTION">
      <Text>Man-At-Arms'ın yerini alan Norveç'e özgü Ortaçağ dönemi yakın muharebe birimi. 4 [ICON_Movement] Bu birim düşman bölgesinde başlarsa hareket eder. Saldırırken +10 [ICON_Strength] Savaş Gücü ve yakın dövüş saldırılarına karşı savunma yaparken -5 [ICON_Strength] Savaş Gücü.</Text>
    </Row>
    <Row Tag="LOC_UNIT_NORWEGIAN_LONGSHIP_DESCRIPTION">
      <Text>Kadırganın yerini alan Norveç'e özgü Antik dönem deniz birimi. Kıyı akını yeteneğini kullanarak düşman kıyı topraklarını yağmalayabilir ve bitişikse sivilleri ele geçirebilir. 4 [ICON_Movement] Kıyı sularındayken hareket.</Text>
    </Row>
    <Row Tag="LOC_UNIT_CHINESE_CROUCHING_TIGER_DESCRIPTION">
      <Text>Çin'e özgü Ortaçağ dönemi birimi. Menzili [ICON_Range] 1 olan ve yüksek savaş gücüne sahip menzilli birim.</Text>
    </Row>
    <Row Tag="LOC_UNIT_SPANISH_CONQUISTADOR_DESCRIPTION">
      <Text>Tüfekçinin yerini alan İspanyollara özgü Rönesans dönemi birimi. Bir altıgen içinde dini bir birim olduğunda +10 [ICON_Strength] Savaş Gücü. Bu birim bir şehri ele geçirirse veya ele geçirildiğinde bir şehre bitişikse, şehir otomatik olarak Fetihçi oyuncunun Dinini baskın Din olarak benimseyecektir.</Text>
    </Row>
    <Row Tag="LOC_UNIT_RUSSIAN_COSSACK_DESCRIPTION">
      <Text>Süvarilerin yerini alan Rusya'ya özgü Sanayi dönemi birimi. Süvariden daha güçlüdür ve kendi bölgesinde veya kendi bölgesine bitişik savaşırken +5 [ICON_Strength] Savaş Gücü kazanır. Saldırıdan sonra [ICON_Movement] Hareket puanı kalırsa hareket edebilir.</Text>
    </Row>
    <Row Tag="LOC_UNIT_INDIAN_VARU_DESCRIPTION">
      <Text>Hintlilere özgü Klasik dönem ağır süvari birimi.  Bitişik düşman birimleri -5 [ICON_STRENGTH] Savaş Gücü alır.</Text>
    </Row>
    <Row Tag="LOC_UNIT_KONGO_SHIELD_BEARER_DESCRIPTION">
      <Text>Kılıç Ustasının yerini alan Kongo'ya özgü Klasik dönem birimi. Menzilli saldırılara karşı savunma yaparken +10 [ICON_Strength] Savaş Gücü. Ormanda ve Yağmur Ormanında hareket edebilir ve görebilir.</Text>
    </Row>
    <Row Tag="LOC_UNIT_ARABIAN_MAMLUK_DESCRIPTION">
      <Text>Şövalyenin yerini alan Araplara özgü Ortaçağ dönemi birimi. Hareket ettikten veya saldırdıktan sonra bile her turun sonunda iyileşir.</Text>
    </Row>
    <Row Tag="LOC_UNIT_ENGLISH_SEADOG_DESCRIPTION">
      <Text>Privateer'ın yerini alan İngilizlere özgü Rönesans dönemi deniz birimi. Yenilmiş düşman gemilerini ele geçirme şansı vardır. Yanında olmadığı sürece sadece diğer Deniz Akıncıları tarafından görülebilir. Görüş menzilindeki Deniz Akıncılarını açığa çıkarır.</Text>
    </Row>
    <Row Tag="LOC_UNIT_FRENCH_GARDE_IMPERIALE_DESCRIPTION">
      <Text>Hat Piyadesinin yerini alan Fransızlara özgü Sanayi dönemi yakın muharebe birimi. Başkentinizin kıtasında savaşırken +10 [ICON_Strength] Savaş Gücü. [ICON_GreatGeneral] Birimleri öldürmek için Büyük General puanları.</Text>
    </Row>
    <Row Tag="LOC_UNIT_GERMAN_UBOAT_DESCRIPTION">
      <Text>Denizaltının yerini alan Almanlara özgü Modern dönem deniz birimi. Üretimi daha ucuz, +1 Görüş ve Okyanus taşlarında savaşırken +10 [ICON_Strength] Savaş Gücü. Diğer stealthed birimleri ortaya çıkarabilir.</Text>
    </Row>
    <Row Tag="LOC_UNIT_AMERICAN_P51_DESCRIPTION">
      <Text>Avcı Uçağı'nın yerini alan Amerika'ya özgü Atomik dönem hava birimi.  Avcı uçaklarına karşı +5 [ICON_Strength] Savaş Gücü kazanır, +2 uçuş menziline sahiptir ve +%50 deneyim kazanır.</Text>
    </Row>
    <Row Tag="LOC_UNIT_BRAZILIAN_MINAS_GERAES_DESCRIPTION">
      <Text>Savaş Gemisi'nin yerini alan Brezilya'ya özgü Endüstri dönemi birimi. Savaş Gemisinden daha güçlüdür. Milliyetçilik ile açılır.</Text>
    </Row>
    <Row Tag="LOC_UNIT_UNIT_TYPE_NAME_SUFFIX">
      <Text>({1_UnitTypeName})</Text>
    </Row>
  </BaseGameText>
</GameData>