﻿<?xml version="1.0" encoding="utf-8"?>
<GameData>
  <EnglishText>
    <Row Tag="LOC_MOD_VIKINGS_SCENARIO_TITLE">
      <Text>Senaryo: Vikingler, Tüccarlar ve Akıncılar!</Text>
    </Row>
    <Row Tag="LOC_MOD_VIKINGS_SCENARIO_TEASER">
      <Text>Bir viking kralı olarak en büyük serveti toplayabilir misin? 60 Tur sürer.</Text>
    </Row>
    <Row Tag="LOC_MOD_VIKINGS_SCENARIO_DESCRIPTION">
      <Text>Bu 60 turluk senaryoda en güçlü Viking lordu olarak Avrupa'yı egemenliğiniz altına alın. Danimarka, Norveç veya İsveç'ten üç benzersiz Viking hükümdarından biri olarak oynayın ve Avrupa'da yağma ve baskın yapın. İngiltere'ye bir deniz istilası başlatın, Paris'i fethedin veya Cebelitarık'a yelken açıp Akdeniz'e akın edin. [NEWLINE][NEWLINE] Ülkenize döndüğünüzde, mümkün olan en kârlı şehirlerle ticaret yolları biriktirirken bir tüccar imparatorluğu kurun. Ve eğer kendinizi bir dini takip ederken bulursanız, iyi sözü yayın ve halkınız için [ICON_Faith] İnanç oluşturun.</Text>
    </Row>
    <Row Tag="LOC_MOD_VIKINGSLANDMARKS_TITLE">
      <Text>Vikingler İçerik</Text>
    </Row>
    <Row Tag="LOC_MOD_VIKINGSLANDMARKS_TEASER">
      <Text>Üç yeni doğa harikası ve altı yeni şehir devleti.</Text>
    </Row>
    <Row Tag="LOC_MOD_VIKINGSLANDMARKS_DESCRIPTION">
      <Text>Üç yeni doğa harikası ve ikisi yeni karo iyileştirmeleri sağlayan altı yeni şehir devleti.</Text>
    </Row>
  </EnglishText>
</GameData>