﻿<?xml version="1.0" encoding="utf-8"?>
<GameData>
  <EnglishText>
    <Row Tag="LOC_WORLDBUILDER_TAB_TECHS">
      <Text>Teknisyenler</Text>
    </Row>
    <Row Tag="LOC_WORLDBUILDER_TAB_CIVICS">
      <Text>Yurttaşlık Bilgisi</Text>
    </Row>
    <Row Tag="LOC_WORLDBUILDER_TAB_CITIES">
      <Text>Şehirler</Text>
    </Row>
    <Row Tag="LOC_WORLDBUILDER_TAB_UNITS">
      <Text>Birimler</Text>
    </Row>
    <Row Tag="LOC_WORLDBUILDER_TAB_GENERAL">
      <Text>Genel</Text>
    </Row>
    <Row Tag="LOC_WORLDBUILDER_TAB_DISTRICTS">
      <Text>İlçeler</Text>
    </Row>
    <Row Tag="LOC_WORLDBUILDER_TAB_BUILDINGS">
      <Text>Binalar</Text>
    </Row>
    <Row Tag="LOC_WORLDBUILDER_TAB_MOD">
      <Text>Bağımlılıklar</Text>
    </Row>
    <Row Tag="LOC_WORLDBUILDER_TAB_TEXT">
      <Text>Metin</Text>
    </Row>
    <Row Tag="LOC_WORLDBUILDER_BUTTON_ADD_PLAYER">
      <Text>Oyuncu Ekle</Text>
    </Row>
    <Row Tag="LOC_WORLDBUILDER_BUTTON_ADD_AI_PLAYER">
      <Text>Yapay Zeka Oyuncu Ekle</Text>
    </Row>
    <Row Tag="LOC_WORLDBUILDER_BUTTON_REMOVE_PLAYER">
      <Text>Oyuncuyu Kaldır</Text>
    </Row>
    <Row Tag="LOC_WORLDBUILDER_BUTTON_ADD_CITY">
      <Text>Şehir Ekle</Text>
    </Row>
    <Row Tag="LOC_WORLDBUILDER_BUTTON_REMOVE_CITY">
      <Text>Şehir Kaldır</Text>
    </Row>
    <Row Tag="LOC_WORLDBUILDER_ATTRIBUTE_PILLAGED">
      <Text>Yağmalanmış</Text>
    </Row>
    <Row Tag="LOC_WORLDBUILDER_ATTRIBUTE_GOLD">
      <Text>Altın</Text>
    </Row>
    <Row Tag="LOC_WORLDBUILDER_ATTRIBUTE_FAITH">
      <Text>İnanç</Text>
    </Row>
    <Row Tag="LOC_WORLDBUILDER_ATTRIBUTE_GARRISON_DAMAGE">
      <Text>Garnizon Hasarı</Text>
    </Row>
    <Row Tag="LOC_WORLDBUILDER_ATTRIBUTE_OUTER_DAMAGE">
      <Text>Dış Hasar</Text>
    </Row>
    <Row Tag="LOC_WORLDBUILDER_ATTRIBUTE_POPULATION">
      <Text>Nüfus</Text>
    </Row>
    <Row Tag="LOC_WORLDBUILDER_ATTRIBUTE_TERRAIN">
      <Text>Arazi</Text>
    </Row>
    <Row Tag="LOC_WORLDBUILDER_ATTRIBUTE_FEATURE">
      <Text>Özellik</Text>
    </Row>
    <Row Tag="LOC_WORLDBUILDER_ATTRIBUTE_FEATURE_DIRECTION">
      <Text>Özellik Rotasyonu</Text>
    </Row>
    <Row Tag="LOC_WORLDBUILDER_ATTRIBUTE_RESOURCE">
      <Text>Kaynak</Text>
    </Row>
    <Row Tag="LOC_WORLDBUILDER_ATTRIBUTE_RESOURCE_AMOUNT">
      <Text>Kaynak Miktarı</Text>
    </Row>
    <Row Tag="LOC_WORLDBUILDER_ATTRIBUTE_IMPROVEMENT">
      <Text>İyileştirme</Text>
    </Row>
    <Row Tag="LOC_WORLDBUILDER_ATTRIBUTE_IMPROVEMENT_PILLAGED">
      <Text>İyileştirme Yağmalandı</Text>
    </Row>
    <Row Tag="LOC_WORLDBUILDER_ATTRIBUTE_DISTRICT">
      <Text>Bölge</Text>
    </Row>
    <Row Tag="LOC_WORLDBUILDER_ATTRIBUTE_DISTRICT_PILLAGED">
      <Text>Bölge Yağmalandı</Text>
    </Row>
    <Row Tag="LOC_WORLDBUILDER_ATTRIBUTE_ROUTE">
      <Text>Rota</Text>
    </Row>
    <Row Tag="LOC_WORLDBUILDER_ATTRIBUTE_ROUTE_PILLAGED">
      <Text>Pilajlı Rota</Text>
    </Row>
    <Row Tag="LOC_WORLDBUILDER_ATTRIBUTE_OWNER">
      <Text>Sahibi</Text>
    </Row>
    <Row Tag="LOC_WORLDBUILDER_ATTRIBUTE_LOWLAND_TYPE">
      <Text>Ova Tipi</Text>
    </Row>
    <Row Tag="LOC_WORLDBUILDER_PLACEMENT_MODE_TERRAIN">
      <Text>Arazi</Text>
    </Row>
    <Row Tag="LOC_WORLDBUILDER_PLACEMENT_MODE_FEATURES">
      <Text>Özellikler</Text>
    </Row>
    <Row Tag="LOC_WORLDBUILDER_PLACEMENT_MODE_CONTINENT">
      <Text>Kıta</Text>
    </Row>
    <Row Tag="LOC_WORLDBUILDER_PLACEMENT_MODE_RIVERS">
      <Text>Nehirler</Text>
    </Row>
    <Row Tag="LOC_WORLDBUILDER_PLACEMENT_MODE_CLIFFS">
      <Text>Uçurumlar</Text>
    </Row>
    <Row Tag="LOC_WORLDBUILDER_PLACEMENT_MODE_RESOURCES">
      <Text>Kaynaklar</Text>
    </Row>
    <Row Tag="LOC_WORLDBUILDER_PLACEMENT_MODE_CITIES">
      <Text>Şehirler</Text>
    </Row>
    <Row Tag="LOC_WORLDBUILDER_PLACEMENT_MODE_DISTRICTS">
      <Text>İlçeler</Text>
    </Row>
    <Row Tag="LOC_WORLDBUILDER_PLACEMENT_MODE_BUILDINGS">
      <Text>Binalar</Text>
    </Row>
    <Row Tag="LOC_WORLDBUILDER_PLACEMENT_MODE_UNITS">
      <Text>Birimler</Text>
    </Row>
    <Row Tag="LOC_WORLDBUILDER_PLACEMENT_MODE_IMPROVEMENTS">
      <Text>İyileştirmeler</Text>
    </Row>
    <Row Tag="LOC_WORLDBUILDER_PLACEMENT_MODE_ROUTES">
      <Text>Rotalar</Text>
    </Row>
    <Row Tag="LOC_WORLDBUILDER_PLACEMENT_MODE_START_POSITIONS">
      <Text>Başlangıç Pozisyonları</Text>
    </Row>
    <Row Tag="LOC_WORLDBUILDER_PLACEMENT_MODE_OWNER">
      <Text>Sahibi</Text>
    </Row>
    <Row Tag="LOC_WORLDBUILDER_PLACEMENT_MODE_SET_VISIBILITY">
      <Text>Arazi Görünürlüğü</Text>
    </Row>
    <Row Tag="LOC_WORLDBUILDER_PLACEMENT_MODE_GOODY_HUTS">
      <Text>Kabile Köyleri</Text>
    </Row>
    <Row Tag="LOC_WORLD_BUILDER_MAP_EDITOR_TT">
      <Text>Harita Detayları ve Metin</Text>
    </Row>
    <Row Tag="LOC_WORLD_BUILDER_PLAYER_EDITOR_TT">
      <Text>Oyuncu Editörü</Text>
    </Row>
    <Row Tag="LOC_WORLD_BUILDER_PLACEMENT_HELP">
      <Text>Yerleştirmek için sol tıklayın, kaldırmak için sağ tıklayın, boyamak için sağ tıklayın sürükleyin. Bir yerleştirmeyi geri almak için CTRL-Z'ye, yeniden yapmak için CTRL-Y'ye basın.</Text>
    </Row>
    <Row Tag="LOC_WORLD_BUILDER_NO_PLOT_SELECTED_HELP">
      <Text>Seçili arsa yok</Text>
    </Row>
    <Row Tag="LOC_WORLD_BUILDER_PLACEMENT_TT">
      <Text>Haritayı boyamanızı sağlar</Text>
    </Row>
    <Row Tag="LOC_WORLD_BUILDER_PLOT_TT">
      <Text>Her bir çizim üzerinde daha ayrıntılı kontrol sağlar</Text>
    </Row>
    <Row Tag="LOC_WORLDBUILDER_ATTRIBUTE_ID">
      <Text>KIMLIK</Text>
    </Row>
    <Row Tag="LOC_WORLDBUILDER_GENERATE_NEW_ID">
      <Text>Yeni Kimlik Oluştur...</Text>
    </Row>
    <Row Tag="LOC_WORLDBUILDER_ATTRIBUTE_WIDTH">
      <Text>Genişlik</Text>
    </Row>
    <Row Tag="LOC_WORLDBUILDER_ATTRIBUTE_HEIGHT">
      <Text>Yükseklik</Text>
    </Row>
    <Row Tag="LOC_WORLDBUILDER_ATTRIBUTE_RULESET">
      <Text>Kural Seti</Text>
    </Row>
    <Row Tag="LOC_WORLDBUILDER_ATTRIBUTE_MAP_SCRIPT">
      <Text>Harita Senaryosu</Text>
    </Row>
    <Row Tag="LOC_WORLDBUILDER_ATTRIBUTE_IS_MOD">
      <Text>Mod Olarak Paket Haritası</Text>
    </Row>
    <Row Tag="LOC_WORLDBUILDER_ATTRIBUTE_IS_MOD_TT">
      <Text>İşaretlenirse, World Builder haritası bağımsız bir Moddur ve bir oyuna başlarken Harita Türü olarak kullanılabilir.  İşaretlenmezse, haritanın daha büyük bir Modun parçası olarak kullanıldığı varsayılır.</Text>
    </Row>
    <Row Tag="LOC_WORLDBUILDER_ATTRIBUTE_REFERENCE_MAP">
      <Text>Referans Haritası</Text>
    </Row>
    <Row Tag="LOC_WORLDBUILDER_ATTRIBUTE_REFERENCE_ALPHA">
      <Text>Referans Alfa</Text>
    </Row>
    <Row Tag="LOC_WORLDBUILDER_REFERENCE_MAP_LOADED">
      <Text>Referans haritası başarıyla yüklendi</Text>
    </Row>
    <Row Tag="LOC_WORLDBUILDER_REFERENCE_MAP_NOT_FOUND">
      <Text>Referans harita dosyası bulunamadı</Text>
    </Row>
    <Row Tag="LOC_WORLDBUILDER_RULESET_TT">
      <Text>Bu haritanın hangi kural kümesi için yapıldığını belirler.</Text>
    </Row>
    <Row Tag="LOC_WORLDBUILDER_SCRIPT_TT">
      <Text>Varsa, bu haritayı oluşturmak için hangi LUA dosyasının kullanılacağını belirler.</Text>
    </Row>
    <Row Tag="LOC_WORLDBUILDER_REFERENCE_MAP_TT">
      <Text>World Builder'ın haritasının üzerine yarı saydam bir şekilde bindirmek için bir PNG dosyası ayarlar.</Text>
    </Row>
    <Row Tag="LOC_WORLDBUILDER_REFERENCE_ALPHA_TT">
      <Text>Haritaya karşı kaplamanın ne kadarını göreceğinizi ayarlar.[NEWLINE]0.0 tüm haritayı gösterir ve kaplama göstermez ve 1.0 tüm kaplamayı gösterir ve harita göstermez.[NEWLINE]0.5 başlangıç değeridir.</Text>
    </Row>
    <Row Tag="LOC_WORLDBUILDER_REFERENCE_ALPHA_SET">
      <Text>Yeni referans harita alfa seti</Text>
    </Row>
    <Row Tag="LOC_WORLDBUILDER_REFERENCE_ALPHA_BAD">
      <Text>Alfa 0,0 ile 1,0 arasında olmalıdır</Text>
    </Row>
    <Row Tag="LOC_WORLDBUILDER_REFERENCE_ALPHA_BAD_2">
      <Text>Alfa bir sayı olmalıdır</Text>
    </Row>
    <Row Tag="LOC_WORLDBUILDER_DEFAULT_MAP_NAME">
      <Text>İsimsiz Harita</Text>
    </Row>
    <Row Tag="LOC_WORLDBUILDER_DEFAULT_MAP_DESCRIPTION">
      <Text>World Builder Tarafından Yapılan İsimsiz Bir Harita</Text>
    </Row>
    <Row Tag="LOC_WORLDBUILDER_DEFAULT_MOD_TITLE">
      <Text>İsimsiz Harita Modu</Text>
    </Row>
    <Row Tag="LOC_WORLDBUILDER_DEFAULT_MOD_DESCRIPTION">
      <Text>World Builder tarafından yapılmış bir Harita Modu</Text>
    </Row>
    <Row Tag="LOC_WORLDBUILDER_ADD_BUTTON">
      <Text>Ekle</Text>
    </Row>
    <Row Tag="LOC_WORLDBUILDER_REMOVE_BUTTON">
      <Text>Kaldırmak</Text>
    </Row>
    <Row Tag="LOC_WORLDBUILDER_NO_FEATURE">
      <Text>Özellik Yok</Text>
    </Row>
    <Row Tag="LOC_WORLDBUILDER_NO_LOWLAND">
      <Text>Kıyı Ovası Değil</Text>
    </Row>
    <Row Tag="LOC_WORLDBUILDER_NO_CITY">
      <Text>Şehir Yok</Text>
    </Row>
    <Row Tag="LOC_WORLDBUILDER_NO_DIRECTION">
      <Text>Yön Yok</Text>
    </Row>
    <Row Tag="LOC_WORLDBUILDER_DIRECTION_NORTHEAST">
      <Text>Kuzeydoğu</Text>
    </Row>
    <Row Tag="LOC_WORLDBUILDER_DIRECTION_EAST">
      <Text>Doğu</Text>
    </Row>
    <Row Tag="LOC_WORLDBUILDER_DIRECTION_SOUTHEAST">
      <Text>Güneydoğu</Text>
    </Row>
    <Row Tag="LOC_WORLDBUILDER_DIRECTION_SOUTHWEST">
      <Text>Güneybatı</Text>
    </Row>
    <Row Tag="LOC_WORLDBUILDER_DIRECTION_WEST">
      <Text>Batı</Text>
    </Row>
    <Row Tag="LOC_WORLDBUILDER_DIRECTION_NORTHWEST">
      <Text>Kuzeybatı</Text>
    </Row>
    <Row Tag="LOC_WORLDBUILDER_AUTO_FIT">
      <Text>Otomatik Uyum</Text>
    </Row>
    <Row Tag="LOC_WORLDBUILDER_ROTATE_PLACEMENT_LEFT_TOOLTIP">
      <Text>Yerleştirme rotasyonunu sola çevirin</Text>
    </Row>
    <Row Tag="LOC_WORLDBUILDER_ROTATE_PLACEMENT_RIGHT_TOOLTIP">
      <Text>Yerleştirme rotasyonunu sağa çevirin</Text>
    </Row>
    <Row Tag="LOC_WORLDBUILDER_NO_RESOURCE">
      <Text>Kaynak Yok</Text>
    </Row>
    <Row Tag="LOC_WORLDBUILDER_NO_IMPROVEMENT">
      <Text>İyileşme Yok</Text>
    </Row>
    <Row Tag="LOC_WORLDBUILDER_NO_DISTRICT">
      <Text>Bölge Yok</Text>
    </Row>
    <Row Tag="LOC_WORLDBUILDER_NO_ROUTE">
      <Text>Rota Yok</Text>
    </Row>
    <Row Tag="LOC_WORLDBUILDER_REVEAL_ALL">
      <Text>Tümünü Göster</Text>
    </Row>
    <Row Tag="LOC_WORLDBUILDER_NONE">
      <Text>Hiçbiri</Text>
    </Row>
    <Row Tag="LOC_WORLDBUILDER_PLAYER">
      <Text>Oyuncu</Text>
    </Row>
    <Row Tag="LOC_WORLDBUILDER_LEADER">
      <Text>Lider</Text>
    </Row>
    <Row Tag="LOC_WORLDBUILDER_CIVILIZATION">
      <Text>Uygarlık</Text>
    </Row>
    <Row Tag="LOC_WORLDBUILDER_RANDOM_PLAYER">
      <Text>Rastgele Oyuncu</Text>
    </Row>
    <Row Tag="LOC_WORLDBUILDER_RANDOM_CITY_STATE">
      <Text>Rastgele Şehir Eyalet</Text>
    </Row>
    <Row Tag="LOC_WORLDBUILDER_RANDOM">
      <Text>Rastgele</Text>
    </Row>
    <Row Tag="LOC_WORLDBUILDER_ANY">
      <Text>Herhangi bir</Text>
    </Row>
    <Row Tag="LOC_WORLDBUILDER_DEFAULT">
      <Text>Varsayılan</Text>
    </Row>
    <Row Tag="LOC_WORLDBUILDER_ADVANCED">
      <Text>Gelişmiş</Text>
    </Row>
    <Row Tag="LOC_WORLDBUILDER_BASIC">
      <Text>Temel</Text>
    </Row>
    <Row Tag="LOC_WORLDBUILDER_SWITCH_ADV">
      <Text>Gelişmiş Moda Geçin</Text>
    </Row>
    <Row Tag="LOC_WORLDBUILDER_SWITCH_BASIC">
      <Text>Temel Moda Geçin</Text>
    </Row>
    <Row Tag="LOC_WORLDBUILDER_SWITCH_ADV_POPUP_TITLE">
      <Text>World Builder Gelişmiş Moduna geçelim mi?</Text>
    </Row>
    <Row Tag="LOC_WORLDBUILDER_SWITCH_ADV_POPUP_TEXT">
      <Text>Gelişmiş Mod hala geliştirme aşamasındadır ve tamamen desteklenmemektedir. Bunu, gelişmiş senaryo özelliklerini denemek isteyen ileri düzey modcular için kullanıma sunduk. Bu modda oluşturulan ve oyuna yüklenen modlar Civilization VI'nın kararsız hale gelmesine neden olabilir.</Text>
    </Row>
    <Row Tag="LOC_WORLDBUILDER_IMPORT_UNSUPPORTED_TEXT">
      <Text>Uyarı! Harici bir düzenleyicide oluşturulan bir haritanın içe aktarılması resmi olarak desteklenmez ve WorldBuilder'da sorunlara neden olabilir.</Text>
    </Row>
    <Row Tag="LOC_WORLDBUILDER_SWITCH_BASIC_TOOLTIP">
      <Text>World Builder'ı Temel Moda geri döndürür.  Bu harita yine de Gelişmiş Mod olarak kaydedilecek ve Gelişmiş Modda yapılan düzenlemeler olduğu gibi kalacaktır.</Text>
    </Row>
    <Row Tag="LOC_WORLDBUILDER_CIVILIZATION_LEVEL">
      <Text>Seviye</Text>
    </Row>
    <Row Tag="LOC_WORLDBUILDER_CIVILIZATION_LEVEL_TRIBE">
      <Text>Kabile</Text>
    </Row>
    <Row Tag="LOC_WORLDBUILDER_CIVILIZATION_LEVEL_FULL_CIV">
      <Text>Uygarlık</Text>
    </Row>
    <Row Tag="LOC_WORLDBUILDER_CIVILIZATION_LEVEL_CITY_STATE">
      <Text>Şehir-Devlet</Text>
    </Row>
    <Row Tag="LOC_WORLDBUILDER_CIVILIZATION_LEVEL_FREE_CITIES">
      <Text>Özgür Şehir</Text>
    </Row>
    <Row Tag="LOC_WORLDBUILDER_PLACEMENT_OK">
      <Text>Başarılı yerleştirme</Text>
    </Row>
    <Row Tag="LOC_WORLDBUILDER_BLANK_PLACEMENT_OK">
      <Text>{1_Name} yerleştirme başarılı</Text>
    </Row>
    <Row Tag="LOC_WORLDBUILDER_BLANK_PLACEMENT_ERROR">
      <Text>{1_Name} yerleştirme başarısız oldu</Text>
    </Row>
    <Row Tag="LOC_WORLDBUILDER_VIS_SET_OK">
      <Text>Bu konumu {1_CivName} için görünür olacak şekilde ayarlayın</Text>
    </Row>
    <Row Tag="LOC_WORLDBUILDER_VIS_CLEAR_OK">
      <Text>Bu konumu {1_CivName} tarafından görülmeyecek şekilde ayarlayın</Text>
    </Row>
    <Row Tag="LOC_WORLDBUILDER_VIS_ERROR">
      <Text>{1_CivName} için bu konumun görünürlüğü ayarlanamıyor</Text>
    </Row>
    <Row Tag="LOC_WORLDBUILDER_PLACEMENT_NEEDED">
      <Text>Bu bir {1_Name} bölgesinde olmalıdır</Text>
    </Row>
    <Row Tag="LOC_WORLDBUILDER_CREATE_DISTRICT">
      <Text>Bunu yerleştirmek için bir {1_Name} bölgesi oluşturmalısınız</Text>
    </Row>
    <Row Tag="LOC_WORLDBUILDER_CITY_NEEDED">
      <Text>Bu bir şehre yerleştirilmelidir</Text>
    </Row>
    <Row Tag="LOC_WORLDBUILDER_IN_PROGRESS">
      <Text>Bunlardan biri halihazırda devam ediyor</Text>
    </Row>
    <Row Tag="LOC_WORLDBUILDER_ALREADY_EXISTS">
      <Text>Bunlardan biri zaten mevcut</Text>
    </Row>
    <Row Tag="LOC_WORLDBUILDER_ALREADY_EXISTS_LOCATION">
      <Text>Bunlardan biri bu konumda zaten mevcut</Text>
    </Row>
    <Row Tag="LOC_WORLDBUILDER_OCCUPIED_BY_ENEMY">
      <Text>Bölge bir rakip tarafından işgal edilmiştir</Text>
    </Row>
    <Row Tag="LOC_WORLDBUILDER_IS_PILLAGED">
      <Text>Bölge yağmalandı</Text>
    </Row>
    <Row Tag="LOC_WORLDBUILDER_DISTRICT_REQUIRES">
      <Text>Bölge şunları gerektirir</Text>
    </Row>
    <Row Tag="LOC_WORLDBUILDER_POPULATION">
      <Text>nüfus</Text>
    </Row>
    <Row Tag="LOC_WORLDBUILDER_IS_CONTAMINATED">
      <Text>Bölge kirlenmiş durumda</Text>
    </Row>
    <Row Tag="LOC_WORLDBUILDER_HIGHER_TECH">
      <Text>Civ'in bunu yerleştirmek için Teknik'e {1_Name} ihtiyacı vardır</Text>
    </Row>
    <Row Tag="LOC_WORLDBUILDER_HIGHER_CIVIC">
      <Text>Civ'in bunu yerleştirmek için Civic'e {1_Name} ihtiyacı vardır</Text>
    </Row>
    <Row Tag="LOC_WORLDBUILDER_FAILURE_UNKNOWN">
      <Text>Bunu yerleştiremedim ve nedenini belirleyemedim</Text>
    </Row>
    <Row Tag="LOC_WORLDBUILDER_FAILURE_FEATURE">
      <Text>Buraya bir özellik yerleştirilemedi</Text>
    </Row>
    <Row Tag="LOC_WORLDBUILDER_FEATURE_ROTATION">
      <Text>Özelliğin rotasyonu başarıyla değiştirildi</Text>
    </Row>
    <Row Tag="LOC_WORLDBUILDER_FAILURE_FEATURE_ROTATION">
      <Text>Bu özellik seçilen rotasyonda buraya yerleştirilemez</Text>
    </Row>
    <Row Tag="LOC_WORLDBUILDER_STATUS_STARTUP">
      <Text>World Builder'a hoş geldiniz!</Text>
    </Row>
    <Row Tag="LOC_WORLDBUILDER_UNIT_PLACED">
      <Text>Birim başarıyla yerleştirildi</Text>
    </Row>
    <Row Tag="LOC_WORLDBUILDER_UNIT_ERROR">
      <Text>Bu konuma bir {1_Name} yerleştirilemedi</Text>
    </Row>
    <Row Tag="LOC_WORLDBUILDER_UNIT_ERROR_DISTRICT">
      <Text>{1_Name} bir Bölgeye yerleştirilmelidir</Text>
    </Row>
    <Row Tag="LOC_WORLDBUILDER_RIVER_PLACED">
      <Text>Nehir başarıyla yerleştirildi</Text>
    </Row>
    <Row Tag="LOC_WORLDBUILDER_RIVER_REMOVED">
      <Text>Nehir başarıyla kaldırıldı</Text>
    </Row>
    <Row Tag="LOC_WORLDBUILDER_RIVER_ERROR">
      <Text>Bu konuma bir nehir yerleştirilemedi</Text>
    </Row>
    <Row Tag="LOC_WORLDBUILDER_RIVER_INVALID_LOCATION">
      <Text>Nehir segmenti için geçersiz konum</Text>
    </Row>
    <Row Tag="LOC_WORLDBUILDER_RIVER_JOINING_RIVERS">
      <Text>İki farklı nehri birleştiremezsiniz</Text>
    </Row>
    <Row Tag="LOC_WORLDBUILDER_RIVER_NOT_NEAR_RIVER_OR_WATER">
      <Text>Bu konumda nehre veya suya katılma yok</Text>
    </Row>
    <Row Tag="LOC_WORLDBUILDER_RIVER_SPLITTING_RIVER">
      <Text>Bir nehri ağzından ayıramazsın</Text>
    </Row>
    <Row Tag="LOC_WORLDBUILDER_RIVER_REMOVED_ERROR">
      <Text>Bu konumdan bir nehir çıkarılamadı</Text>
    </Row>
    <Row Tag="LOC_WORLDBUILDER_CLIFF_PLACED">
      <Text>Cliff başarıyla yerleştirildi</Text>
    </Row>
    <Row Tag="LOC_WORLDBUILDER_CLIFF_REMOVED">
      <Text>Cliff başarıyla kaldırıldı</Text>
    </Row>
    <Row Tag="LOC_WORLDBUILDER_CLIFF_ERROR">
      <Text>Bu konuma bir uçurum yerleştirilemedi</Text>
    </Row>
    <Row Tag="LOC_WORLDBUILDER_CLIFF_REMOVED_ERROR">
      <Text>Bu konumdan bir uçurum kaldırılamadı</Text>
    </Row>
    <Row Tag="LOC_WORLDBUILDER_FEATURE_REMOVED">
      <Text>Özellik başarıyla kaldırıldı</Text>
    </Row>
    <Row Tag="LOC_WORLDBUILDER_NO_FEATURE_TO_REMOVE">
      <Text>Kaldırılacak Özellik Bulunamadı</Text>
    </Row>
    <Row Tag="LOC_WORLDBUILDER_WONDER_REMOVED">
      <Text>Wonder başarıyla kaldırıldı</Text>
    </Row>
    <Row Tag="LOC_WORLDBUILDER_NO_WONDER_TO_REMOVE">
      <Text>Kaldırmak için Wonder bulunamadı</Text>
    </Row>
    <Row Tag="LOC_WORLDBUILDER_WONDER_DISTANCE">
      <Text>Bu konum başka bir Wonder'a çok yakın</Text>
    </Row>
    <Row Tag="LOC_WORLDBUILDER_RESOURCE_REMOVED">
      <Text>Kaynaklar başarıyla kaldırıldı</Text>
    </Row>
    <Row Tag="LOC_WORLDBUILDER_NO_RESOURCE_TO_REMOVE">
      <Text>Kaldırılacak Kaynak Bulunamadı</Text>
    </Row>
    <Row Tag="LOC_WORLDBUILDER_CITY_REMOVED">
      <Text>Şehir başarıyla kaldırıldı</Text>
    </Row>
    <Row Tag="LOC_WORLDBUILDER_CITY_REMOVED_NONE">
      <Text>Kaldırılacak şehir bulunamadı</Text>
    </Row>
    <Row Tag="LOC_WORLDBUILDER_DISTRICT_REMOVED">
      <Text>Bölge başarıyla kaldırıldı</Text>
    </Row>
    <Row Tag="LOC_WORLDBUILDER_NO_DISTRICT_TO_REMOVE">
      <Text>Kaldırılacak Bölge bulunamadı</Text>
    </Row>
    <Row Tag="LOC_WORLDBUILDER_BUILDING_REMOVED">
      <Text>Bina başarıyla kaldırıldı</Text>
    </Row>
    <Row Tag="LOC_WORLDBUILDER_NO_BUILDING_TO_REMOVE">
      <Text>Kaldırılacak Bina Bulunamadı</Text>
    </Row>
    <Row Tag="LOC_WORLDBUILDER_NO_BUILDING_TO_REMOVE_CITY">
      <Text>Karo Şehir içermez, bu nedenle Bina mümkün değildir</Text>
    </Row>
    <Row Tag="LOC_WORLDBUILDER_NO_BUILDING_TO_REMOVE_DISTRICT">
      <Text>Karo hiçbir Bölge içermez, bu nedenle hiçbir Bina mümkün değildir</Text>
    </Row>
    <Row Tag="LOC_WORLDBUILDER_IMPROVEMENT_REMOVED">
      <Text>İyileştirme başarıyla kaldırıldı</Text>
    </Row>
    <Row Tag="LOC_WORLDBUILDER_NO_IMPROVEMENT_TO_REMOVE">
      <Text>Kaldırmak için İyileştirme bulunamadı</Text>
    </Row>
    <Row Tag="LOC_WORLDBUILDER_GHIMPROVEMENT_REMOVED">
      <Text>Goody Hut başarıyla kaldırıldı</Text>
    </Row>
    <Row Tag="LOC_WORLDBUILDER_NO_GHIMPROVEMENT_TO_REMOVE">
      <Text>Kaldırılacak Goody Hut bulunamadı</Text>
    </Row>
    <Row Tag="LOC_WORLDBUILDER_ROUTE_REMOVED">
      <Text>Rota başarıyla kaldırıldı</Text>
    </Row>
    <Row Tag="LOC_WORLDBUILDER_SPAWN_REMOVED">
      <Text>Başlangıç Pozisyonu başarıyla kaldırıldı</Text>
    </Row>
    <Row Tag="LOC_WORLDBUILDER_NO_SPAWN_TO_REMOVE">
      <Text>Kaldırılacak Başlangıç Konumu bulunamadı</Text>
    </Row>
    <Row Tag="LOC_WORLDBUILDER_UNIT_REMOVED">
      <Text>Ünite başarıyla çıkarıldı</Text>
    </Row>
    <Row Tag="LOC_WORLDBUILDER_CONTINENT_PLACED">
      <Text>Bu çizimi {1_Name}'nin bir parçası haline getirmeyi başardım</Text>
    </Row>
    <Row Tag="LOC_WORLDBUILDER_CONTINENT_ERROR">
      <Text>Bu çizim {1_Name}'nin bir parçası olacak şekilde değiştirilemedi</Text>
    </Row>
    <Row Tag="LOC_WORLDBUILDER_OWNERSHIP_SET">
      <Text>Arsa sahibini başarıyla ayarlayın</Text>
    </Row>
    <Row Tag="LOC_WORLDBUILDER_OWNERSHIP_REMOVED">
      <Text>Sahiplik başarıyla kaldırıldı</Text>
    </Row>
    <Row Tag="LOC_WORLDBUILDER_START_POS_SET">
      <Text>Başlangıç pozisyonu başarıyla ayarlandı</Text>
    </Row>
    <Row Tag="LOC_WORLDBUILDER_CLEAR_RESOURCES">
      <Text>Kaynakları Temizle</Text>
    </Row>
    <Row Tag="LOC_WORLDBUILDER_CLEAR_RESOURCES_HELP">
      <Text>Tüm kaynakları haritadan kaldırır</Text>
    </Row>
    <Row Tag="LOC_WORLDBUILDER_ADVANCED_TOOLS">
      <Text>Gelişmiş:</Text>
    </Row>
    <Row Tag="LOC_WORLDBUILDER_SCATTER_RESOURCES">
      <Text>Dağılım Kaynakları</Text>
    </Row>
    <Row Tag="LOC_WORLDBUILDER_SCATTER_RESOURCES_HELP">
      <Text>Haritadaki tüm kaynakları temizler ve yenilerini oluşturur (bu işlem birkaç saniye sürecektir)</Text>
    </Row>
    <Row Tag="LOC_WORLDBUILDER_STATUS_RESOURCES_CLEARED">
      <Text>Tüm kaynaklar temizlendi</Text>
    </Row>
    <Row Tag="LOC_WORLDBUILDER_STATUS_RESOURCES_SCATTERED">
      <Text>Tüm kaynaklar temizlendi ve yeniden oluşturuldu</Text>
    </Row>
    <Row Tag="LOC_WORLDBUILDER_STATUS_CANT_REDO">
      <Text>Yeniden yapılacak bir şey yok</Text>
    </Row>
    <Row Tag="LOC_WORLDBUILDER_STATUS_CANT_UNDO">
      <Text>Geri alınacak bir şey yok</Text>
    </Row>
    <Row Tag="LOC_WORLDBUILDER_STATUS_REDO">
      <Text>Yineleme başarılı</Text>
    </Row>
    <Row Tag="LOC_WORLDBUILDER_STATUS_UNDO">
      <Text>Başarılı geri al</Text>
    </Row>
    <Row Tag="LOC_WORLDBUILDER_BRUSH_LABEL">
      <Text>Fırça boyutu</Text>
    </Row>
    <Row Tag="LOC_WORLDBUILDER_BRUSH_SMALL">
      <Text>Küçük fırça</Text>
    </Row>
    <Row Tag="LOC_WORLDBUILDER_BRUSH_SMALL_HELP">
      <Text>Küçük (1 hex) fırçayı seçer</Text>
    </Row>
    <Row Tag="LOC_WORLDBUILDER_BRUSH_MEDIUM">
      <Text>Orta boy fırça</Text>
    </Row>
    <Row Tag="LOC_WORLDBUILDER_BRUSH_MEDIUM_HELP">
      <Text>Orta boy (7 altıgen) fırçayı seçer</Text>
    </Row>
    <Row Tag="LOC_WORLDBUILDER_BRUSH_LARGE">
      <Text>Büyük fırça</Text>
    </Row>
    <Row Tag="LOC_WORLDBUILDER_BRUSH_LARGE_HELP">
      <Text>Büyük (19 altıgen) fırçayı seçer</Text>
    </Row>
    <Row Tag="LOC_WORLDBUILDER_UNDO">
      <Text>Geri al</Text>
    </Row>
    <Row Tag="LOC_WORLDBUILDER_UNDO_TOOLTIP">
      <Text>Son eylemi geri almak için tıklayın</Text>
    </Row>
    <Row Tag="LOC_WORLDBUILDER_REDO">
      <Text>Yeniden Yap</Text>
    </Row>
    <Row Tag="LOC_WORLDBUILDER_REDO_TOOLTIP">
      <Text>Geri alınan son eylemi tekrar yapmak için tıklayın</Text>
    </Row>
    <Row Tag="LOC_WORLDBUILDER_PLACEMENT_PLACE_PLOT">
      <Text>Yer Arsa</Text>
    </Row>
    <Row Tag="LOC_WORLDBUILDER_SELECTED_PLOT">
      <Text>Seçilmiş arsa:</Text>
    </Row>
    <Row Tag="LOC_WORLDBUILDER_START_POSITION">
      <Text>Başlangıç pozisyonu:</Text>
    </Row>
    <Row Tag="LOC_WORLDBUILDER_PLACE">
      <Text>Yer</Text>
    </Row>
    <Row Tag="LOC_WORLDBUILDER_PLOT">
      <Text>Arsa</Text>
    </Row>
    <Row Tag="LOC_WORLDBUILDER_MAP_EDITOR">
      <Text>Harita Editörü</Text>
    </Row>
    <Row Tag="LOC_WORLDBUILDER_MAPEDIT_MODTITLE">
      <Text>Mod adı (gerekli)</Text>
    </Row>
    <Row Tag="LOC_WORLDBUILDER_MAPEDIT_MODDESC">
      <Text>Mod açıklaması (gerekli)</Text>
    </Row>
    <Row Tag="LOC_WORLDBUILDER_MAPEDIT_MAPTITLE">
      <Text>Harita adı (gerekli)</Text>
    </Row>
    <Row Tag="LOC_WORLDBUILDER_MAPEDIT_MAPDESC">
      <Text>Harita açıklaması (gerekli)</Text>
    </Row>
    <Row Tag="LOC_WORLDBUILDER_MAPEDIT_ADDLDATA">
      <Text>Mod oluşturucunun kullanımı için (isteğe bağlı)</Text>
    </Row>
    <Row Tag="LOC_WORLDBUILDER_MAPEDIT_DUMMYID">
      <Text>DUMMY_ID</Text>
    </Row>
    <Row Tag="LOC_WORLDBUILDER_MAPEDIT_DUMMYTEXT">
      <Text>Kukla metin</Text>
    </Row>
    <!-- Front End Text -->
    <Row Tag="LOC_SETUP_CREATE_MAP">
      <Text>Harita Oluştur</Text>
    </Row>
    <Row Tag="LOC_SETUP_WORLDBUILDER_START">
      <Text>Oluşturmak</Text>
    </Row>
    <Row Tag="LOC_WORLDBUILDER_MAP_NAME">
      <Text>Harita Adı</Text>
    </Row>
    <Row Tag="LOC_SETUP_WORLDBUILDER_WORLDWRAP">
      <Text>World Wrap</Text>
    </Row>
    <Row Tag="LOC_WORLDBUILDER_MAP_NAME_DESC">
      <Text>Haritanın adı.  Bu daha sonra değiştirilebilir.</Text>
    </Row>
    <Row Tag="LOC_WORLDBUILDER_MAP_MOD_TEMPLATE">
      <Text>Harita: {1_MapName}</Text>
    </Row>
    <Row Tag="LOC_GAME_MENU_RETURN_TO_WORLDBUILDER">
      <Text>Haritaya Geri Dön</Text>
    </Row>
    <Row Tag="LOC_WORLDBUILDER_MENU_NAME">
      <Text>Menü</Text>
    </Row>
    <!-- World Builder Maps -->
    <Row Tag="LOC_MAP_WORLDBUILDER_EMPTY">
      <Text>Boş Harita</Text>
    </Row>
    <Row Tag="LOC_MAP_WORLDBUILDER_EMPTY_DESCRIPTION">
      <Text>Boş bir tuval.</Text>
    </Row>
    <!-- Misc strings -->
    <Row Tag="LOC_LEADER_FREE_CITIES_NAME">
      <Text>Özgür Şehirler Lideri</Text>
    </Row>
    <Row Tag="LOC_WORLDBUILDER_AI">
      <Text>YAPAY ZEKA</Text>
    </Row>
    <Row Tag="LOC_WORLDBUILDER_HUMAN">
      <Text>İnsan</Text>
    </Row>
    <Row Tag="LOC_WORLDBUILDER_UNDEFINED">
      <Text>TANIMLANMAMIŞ</Text>
    </Row>
    <Row Tag="LOC_WORLDBUILDER_TITLE">
      <Text>Dünya Oluşturucu</Text>
    </Row>
    <Row Tag="LOC_WORLDBUILDER_ERA">
      <Text>Era</Text>
    </Row>
    <Row Tag="LOC_WORLDBUILDER_TOOL_ITEM_TIP">
      <Text>Kısayol Tuşu: {1_KeyName}</Text>
    </Row>
  </EnglishText>
</GameData>