﻿<?xml version="1.0" encoding="utf-8"?>
<!-- edited with Programmer's Notepad 2 by Michelle Menard (Firaxis Games) -->
<!-- Babylon DLC Civilopedia Entries -->
<GameData>
  <Language_en_US>
    <Row Tag="TXT_KEY_CIV5_BABYLON_TITLE">
      <Text>Babil</Text>
    </Row>
    <Row Tag="TXT_KEY_CIV5_BABYLON_HEADING_1">
      <Text>Tarih</Text>
    </Row>
    <Row Tag="TXT_KEY_CIV5_BABYLON_HEADING_2">
      <Text>Arazi ve Iklim</Text>
    </Row>
    <Row Tag="TXT_KEY_CIV5_BABYLON_HEADING_3">
      <Text>Eski Babil Imparatorlugu</Text>
    </Row>
    <Row Tag="TXT_KEY_CIV5_BABYLON_HEADING_4">
      <Text>Kayit Tutma ve Matematik</Text>
    </Row>
    <Row Tag="TXT_KEY_CIV5_BABYLON_HEADING_5">
      <Text>Aralikli Kaos, Katliam Ihtimali</Text>
    </Row>
    <Row Tag="TXT_KEY_CIV5_BABYLON_HEADING_6">
      <Text>Yeni Babil Imparatorlugu</Text>
    </Row>
    <Row Tag="TXT_KEY_CIV5_BABYLON_HEADING_7">
      <Text>Nebuchadnezzar II</Text>
    </Row>
    <Row Tag="TXT_KEY_CIV5_BABYLON_HEADING_8">
      <Text>Babil'in Düsüsü</Text>
    </Row>
    <Row Tag="TXT_KEY_CIV5_BABYLON_HEADING_9">
      <Text>Sonuç</Text>
    </Row>
    <Row Tag="TXT_KEY_CIV5_BABYLON_STATBOX">
      <Text>[NEWLINE] Lider: Nebukadnezar II[NEWLINE] Benzersiz Birim: Babilli Yayci[NEWLINE] Benzersiz Bina: Babil Surlari[NEWLINE][NEWLINE]</Text>
    </Row>
    <Row Tag="TXT_KEY_CIV5_BABYLON_TEXT_1">
      <Text>Babil Imparatorlugu yeni bir fikirden ziyade, bugün Güney Irak'ta bulunan Bereketli Hilal'i de isgal etmis olan Ur sehrinin eski Sümer Imparatorlugu'nun yeniden canlandirilmasiydi. Babil, yaklasik bir düzine sehir devletinin bir araya gelmesiyle olusmus ve adini baskenti Babil'den almistir. (Imparatorluk öncesi Babil sehri en azindan MÖ 24. yüzyildan beri varligini sürdürmekteydi).</Text>
    </Row>
    <Row Tag="TXT_KEY_CIV5_BABYLON_TEXT_2">
      <Text>Babil, Dicle ve Firat nehirlerinin çevresinde, batida Akdeniz'e ve modern Israil'e kadar uzanan inanilmaz bereketli bir bölge olan Bereketli Hilal'de yer aliyordu. Bereketli Hilal sadece iki antik nehrin sagladigi zengin toprak ve sulamadan faydalanmakla kalmaz, ayni zamanda üç büyük kara kütlesinin kesisme noktasinda yer alir: Afrika, Asya ve Avrupa, yani her üç kaynaktan da böcekler, bitkiler ve hayvanlar barindiriyor. Bu da bölgeye dünyanin hiçbir yerinde esi benzeri olmayan bir biyolojik çesitlilik kazandirmaktadir. Bu ayni zamanda insan sakinlerinin çiftçilik yapmayi ve hayvan gütmeyi ögrenirken deneyebilecekleri çok çesitli bitki ve hayvanlara sahip olduklari anlamina gelir ve böylece insanlarin bu bölgede neden bu kadar hizli ilerledigini açiklar.</Text>
    </Row>
    <Row Tag="TXT_KEY_CIV5_BABYLON_TEXT_3">
      <Text>Baslangiçta daginik bir bölge olan Babil ve Babilonya, MÖ 1728'de Hammurabi'nin yönetimi altinda bir kültür, ticaret ve din merkezi olarak büyümeye basladi. Hammurabi, birlesik Babil'in bilinen ilk hükümdari ve ayni zamanda en büyük kanun koyucusuydu. Hammurabi'nin Kanunlari, suç teskil eden eylemlerin yani sira her bir eylemin cezasini da özellikle listelemistir. Vatandaslar artik kaprisli yargiçlarin ya da bir hevesle neyin yasadisi olup olmadigina karar verebilecek soylularin insafina kalmamisti. Babil Kanunlari o kadar kapsamliydi ki, imparatorlugun 1.200 yillik varligi boyunca kanunlari ya da hükümet sistemi hakkinda çok az sey degisti.</Text>
    </Row>
    <Row Tag="TXT_KEY_CIV5_BABYLON_TEXT_4">
      <Text>Soyundan geldikleri Sümer Imparatorlugu gibi Babil de fanatik bir kayit tutucular ulusuydu. Hammurabi ile baslayan ve imparatorlugun Kiros ve büyük Pers imparatorlarinin ellerinde dagilmasina kadar devam eden süreçte, her mali islem, her mahkeme karari, her sözlesme ve yazilabilecek hemen hemen her sey kil tabletlere yazilmistir. Günlük yasamin neredeyse her yönüyle ilgili yasalar sayesinde önemli miktarda veri kaydedildi ve bunlarin çogu modern çagda ortaya çikarildi ve kazildi. Arastirmacilar, kayit tutucularin her bir kil tablete daha fazla bilgi sigdirmak amaciyla daha küçük çivi yazisiyla yazmalarina olanak saglamak için kullanilan büyüteçlere benzer birkaç optik cihaz bile bulmuslardir. [NEWLINE][NEWLINE]Cok sayida rejim degisikligine ragmen, Babilliler arasinda egitim olaganüstü boyutlara ulasmistir. Matematigin 60 tabanli, "sexigesimal" sisteminin olusturulmasi gibi teknik basarilar bugün hala kullanilmaktadir. Dakikada altmis saniye, saatte altmis dakika: modern zaman, aslinda Babil zamanidir.</Text>
    </Row>
    <Row Tag="TXT_KEY_CIV5_BABYLON_TEXT_5">
      <Text>Hammurabi'nin ölümünden sonra (MÖ 1750) imparatorlugun gücü ve etkisi yavas yavas azaldi. Sehri zayiflatan bir Hitit akininin ardindan, yaklasik MÖ 1600'de, bugün Iran daglarinda bulunan Kassitler tarafindan fethedildi. Kassitler 500 yil boyunca Babil'i kontrol etmis ve sehrin adini Karanduniash olarak degistirmislerdir. [NEWLINE][NEWLINE] 1234 yilinda Asur krali I. Tukulti-Ninurta sehri geçici olarak ele geçirmis ancak Kassitler 1158 yilinda Elamlilarin sehri yagmalamasi için tam zamaninda bagimsizliklarini yeniden kazanmislardir. Ardindan Babilliler sehrin kontrolünü yeniden ele geçirdiler (muhtemelen Elamlilar herhangi bir istilacinin isteyebilecegi her seyi çaldiklari için). 1124'te Babilli I. Nebukadnezar, daha önce Babil'e yaptiklari saldirinin intikamini almak için Elamlilarin Susa kentini yagmaladi. Ancak MÖ 1000 yilina gelindiginde, Babil bir kez daha yeniden dirilen Asur'un baskisi altindaydi. Babil MÖ 627 yilina kadar Asur egemenligi altinda kaldi.</Text>
    </Row>
    <Row Tag="TXT_KEY_CIV5_BABYLON_TEXT_6">
      <Text>MÖ 627'de Babil, Asur kontrolüne karsi bir kez daha basarili bir sekilde ayaklandi. Isyan yeni bir lider olan Nabopolassar tarafindan yönetildi ve bu lider yirmi yil kadar hüküm sürdükten sonra tahtini daha ünlü olan ogluna devretti.</Text>
    </Row>
    <Row Tag="TXT_KEY_CIV5_BABYLON_TEXT_7">
      <Text>Nabopolassar'in oglu Nebukadnezar II, MÖ 605'ten 561'e kadar Babil'i yönetti. Askeri bir lider olarak kendini erken kanitlamis, Asur'da babasina bagli bir orduyu yönetmis ve daha sonra Misir'a karsi bagimsiz bir komuta kurarak Karkamis'ta Misir ordusunu yok etmis ve tüm Suriye'nin Babil kontrolünü ele geçirmistir. [NEWLINE][NEWLINE]Nebukadnezar Babil sehrine derin bir yatirim yapmistir. Onun hükümdarligi sirasinda sehir bir tür rönesans yasadi. Nebukadnezar, eski tapinaklari ve binalari yeniden insa etmek, kapsamli surlar insa etmek gibi çesitli sehir canlandirma projelerine giristi. Ayrica Babil'in Asma Bahçeleri'ni de yaratti. Agir islerin çogu için yabanci isçiler çalistirdi ve bu da ek bir fayda olarak sehrin nüfusunu önemli ölçüde artirdi. Nebukadnezar MÖ 561 yilinda öldü. Nebukadnezar II hakkinda daha fazla bilgi için Civilopedia girisine bakiniz.</Text>
    </Row>
    <Row Tag="TXT_KEY_CIV5_BABYLON_TEXT_8">
      <Text>Nebukadnessar'in ardindan gelen liderler daha küçük adamlardi ve otuz yil içinde Babil'in gücü ve prestiji büyük ölçüde zayifladi. Pers Kiros II MÖ 539'da saldirdiginda sehrin neredeyse hiç direnis görmeden düstügü söylenir. MÖ 331'de Büyük Iskender tarafindan ele geçirilene kadar Pers kontrolünde kalmis, Iskender'in ölümünden sonra da Selevkos hanedaninin eline geçmistir. O zamandan bu yana Babil, arkeologlarin sirlarini ortaya çikarmasini bekleyen gizemli höyüklere ve moloz yiginlarina indirgenerek neredeyse yok oldu. Amerika Birlesik Devletleri'nin 2003 yilinda Irak'a saldirmasi ve isgal etmesinin ardindan günümüze kadar pek çok sey hasar görmüs ya da yok edilmistir.</Text>
    </Row>
    <Row Tag="TXT_KEY_CIV5_BABYLON_TEXT_9">
      <Text>Babil, dünya çapinda hukukun gelisiminde önemli bir rol oynamistir. Hammurabi'nin Yasalar Kanunu'nu yaratmasi ve kan bagi olsun ya da olmasin haleflerinin bu kanunlara uyma konusundaki gayretleri, bir ulusun organize bir hükümet sistemini takip ederek ne kadar basarili ve zengin olabilecegini tüm tarihe göstermistir. Babil tarihinin geri kalani bize hiçbir seyin sonsuza kadar sürmedigini ve en büyük imparatorluklarin bile bir gün bir sonraki imparatorlugun savas arabasinin tekerlekleri altindaki tozdan baska bir sey olmayacagini hatirlatir. Ya da tank tekerleklerinin.</Text>
    </Row>
    <Row Tag="TXT_KEY_CIV5_BABYLON_FACTOID_HEADING">
      <Text>Babil Gerçekleri</Text>
    </Row>
    <Row Tag="TXT_KEY_CIV5_BABYLON_FACTOID_TEXT">
      <Text>Rodos Heykeli'nin insasindan önce, Babil Istar Kapisi Antik Dünyanin Yedi Harikasindan biri olarak kabul ediliyordu. Babil sehrinin 8. kapisi olan Istar Kapisi, cinselligi, dogurganligi ve aski temsil eden Babil tanriçasi Istar için hem bir giris hem de bir tapinak olarak tasarlanmisti. [NEWLINE][NEWLINE]Babil'in ünlü surlari da bir zamanlar Dünyanin Yedi Harikasi arasinda sayiliyordu. Antik Yunan tarihçisi Herodot, modern arkeologlarin gözünde süpheli olsa da, sehri çevreleyen bu duvarlarin 300 fitten yüksek, 80 fit kalinliginda ve 56 mil uzunlugunda oldugunu kaydetmistir.</Text>
    </Row>
    <Row Tag="TXT_KEY_CIV5_BABYLON_WALLS_HEADING">
      <Text>Babil'in Duvarlari</Text>
    </Row>
    <Row Tag="TXT_KEY_CIV5_BABYLON_WALLS_TEXT">
      <Text>Antipater'in Dünyanin Yedi Antik Harikasi listesinde yer alan Babil Surlari, sehri dört bir yandan çevreleyerek ve hatta Firat Nehri'ni (sehrin ortasindan geçer) geçerek sehri çevrelemis ve zarar görmekten korumustur.  Dis surlar 10 mil uzunlugunda, 25 ft kalinliginda ve sehrin 320 ft üzerinde yükseldigi söyleniyordu. Daha küçük surlar bu ana surun arkasinda sehri çevreliyor ve ilkinin düsmesi halinde fazladan bir savunma hatti sagliyordu.  Yaklasik 250 kule surlarin uzunluguna yayilmisti ve yetenekli Babil okçulari için mükemmel gözetleme noktalari ve savas istasyonlari sagliyordu.  Surlar, o dönemde kusatmalar için mevcut olan herhangi bir teknoloji tarafindan asilamazdi, nehrin uçlarina büyük metal kapilar yerlestirildi (herhangi bir su alti davetsiz misafirini önlemek için) ve herhangi bir yaya trafigini kontrol altina almak için sekiz büyük kapi insa edildi (en ünlüsü Istar Kapisi'dir).  Bu duvarlar sehri neredeyse yüz yil boyunca etkili bir sekilde korumustur.[NEWLINE][NEWLINE]M.Ö. 539 yilina kadar duvarin savunmasini asmanin bir yolu bulunamamistir  Büyük Kiros, Firat'in yönünü daha da yukariya çeviren ve su seviyesini herkesin içinden geçebilecegi sekilde düsüren bir plan ortaya koymustur.  Ordusu karanligin örtüsü altinda nehrin metal kapilarinin altindan sizdi ve sehri içeriden ele geçirdi. Her türlü dogrudan saldiriyi durdurabilecek kapasitede olan surlar, bir adamin kararli zekâsini durduramadi.[NEWLINE][NEWLINE]Antik surlarin büyük bir kismi hâlâ ayakta durmaktadir ve bu da onlarin saglamliginin bir kanitidir.</Text>
    </Row>
    <Row Tag="TXT_KEY_CIV5_BABYLON_BOWMAN_HEADING">
      <Text>Babilli Bowman</Text>
    </Row>
    <Row Tag="TXT_KEY_CIV5_BABYLON_BOWMAN_TEXT">
      <Text>Babil'in olaganüstü okçu birliklerinin oldukça dogru bir resmine, onlari savasa giderken gösteren güzel bir Asur mozaigi sayesinde sahibiz. Babil okçulari renkli ve dolgulu cübbeler giymislerdir ve dört ayak uzunlugunda yaylar ile sirtlarina asili ok sadaklari tasimaktadirlar. Okçular ayrica, düsman birlikleri gögüs gögüse çarpisacak kadar yaklasirsa kisisel savunma için süphesiz mizrak veya hançer de tasirlar. [NEWLINE][NEWLINE]Büyük, insan boyunda kalkanlar tasiyan ayri birimler okçulara eslik ederek aslinda hareketli bir kale olustururlardi.  Yaycilar Babil piyadelerinin ayrilmaz bir parçasiydi, çünkü sayilari daha pahali olan süvarilere göre egitilmeleri ve degistirilmeleri daha kolaydi.  Okçular ayni zamanda ünlü Babil Surlari'nin yapimina da yardim eder, sur hattini süsleyen birçok kulede görev alirlardi.</Text>
    </Row>
    <Row Tag="TXT_KEY_CIV5_NEBUCHADNEZZAR_TITLES_1">
      <Text>Nebuchadnezzar II</Text>
    </Row>
    <Row Tag="TXT_KEY_CIV5_NEBUCHADNEZZAR_HEADING_1">
      <Text>Tarih</Text>
    </Row>
    <Row Tag="TXT_KEY_CIV5_NEBUCHADNEZZAR_HEADING_2">
      <Text>Ilk Yillar</Text>
    </Row>
    <Row Tag="TXT_KEY_CIV5_NEBUCHADNEZZAR_HEADING_3">
      <Text>Yetkiyi Devraldiktan Sonra</Text>
    </Row>
    <Row Tag="TXT_KEY_CIV5_NEBUCHADNEZZAR_HEADING_4">
      <Text>Diplomasi</Text>
    </Row>
    <Row Tag="TXT_KEY_CIV5_NEBUCHADNEZZAR_HEADING_5">
      <Text>Iç Politikalar</Text>
    </Row>
    <Row Tag="TXT_KEY_CIV5_NEBUCHADNEZZAR_HEADING_6">
      <Text>Tarihin Yargisi</Text>
    </Row>
    <Row Tag="TXT_KEY_CIV5_NEBUCHADNEZZAR_LIVED">
      <Text>c. MÖ 634 - 562</Text>
    </Row>
    <Row Tag="TXT_KEY_CIV5_NEBUCHADNEZZAR_NAME">
      <Text>Nebuchadnezzar II</Text>
    </Row>
    <Row Tag="TXT_KEY_CIV5_NEBUCHADNEZZAR_SUBTITLE">
      <Text>Babil'in Lideri</Text>
    </Row>
    <Row Tag="TXT_KEY_CIV5_NEBUCHADNEZZAR_TEXT_1">
      <Text>Nebukadnezar II yaklasik 43 yil boyunca (MÖ 605-562) Babil krali olarak görev yapmistir. En çok askeri fetihleri ve Babil sehrini yeniden kurmasiyla taninir. Nebukadnetsar II, Yahuda'nin fethi ve birçok Israillinin Babil'e zorla göç ettirilmesiyle de Kutsal Kitap'ta önemli bir yere sahiptir.</Text>
    </Row>
    <Row Tag="TXT_KEY_CIV5_NEBUCHADNEZZAR_TEXT_2">
      <Text>Nebukadnezar (bazen "Nebukadrezzar" olarak da yazilir), Babil'i bir imparatorluk gücü haline getirmek için çok sey yapmis olan Keldani imparatorlugunun kurucusu Nabopolassar'in en büyük ogluydu. Babasinin emrinde birçok askeri seferde görev almis ve MÖ 606'da Karkamis'ta bir Misir ordusunu yok ederek Babil'in Suriye'nin kontrolünü ele geçirmesini saglayan orduya komuta etmistir.</Text>
    </Row>
    <Row Tag="TXT_KEY_CIV5_NEBUCHADNEZZAR_TEXT_3">
      <Text>Babasinin 605 yilinda ölümü üzerine Nebukadnetsar Babil'e döndü ve tahta geçti. Kisa bir süre sonra seferlere yeniden basladi ve aralarinda Yahuda'nin da bulundugu bir dizi küçük devleti fethetti. Fetihlerine 600 yilina kadar devam etti ve muhtemelen asiri genislemis olan Misir ordusu karsisinda agir bir yenilgi aldi. Babil'in daginikligindan faydalanan Yahuda ve diger birkaç tabi devlet isyan etti. [NEWLINE][NEWLINE] Nebukadnezar'in ordularini yeniden toplamasi ve yeniden insa etmesi iki yil kadar sürdü, ancak 598'de tekrar yürüyüse geçti ve 597'de Kudüs'ü isgal ederek Yahuda krali Yehoyakin'i tahttan indirdi ve onu ve diger önde gelen vatandaslari Babil'e esarete götürdü (büyük olasilikla baska Yahudi isyanlarina karsi rehine olarak). Saltanatinin geri kalaninda yayilmaci askeri seferlerine devam ederek Dogu Akdeniz, Küçük Asya ve Orta Dogu'daki diger güçlerle az çok basarili bir sekilde çatisti.</Text>
    </Row>
    <Row Tag="TXT_KEY_CIV5_NEBUCHADNEZZAR_TEXT_4">
      <Text>Sadece bir savas lordu olmayan Nebukadnetsar, diplomatik olarak da aktifti ve yakin kralliklardan elçiler gönderip kabul ediyordu. Küçük Asya'da Medler ve Lidyalilar arasindaki bir çatismada arabuluculuk yapmasi için bir elçi gönderdigi bilinmektedir.</Text>
    </Row>
    <Row Tag="TXT_KEY_CIV5_NEBUCHADNEZZAR_TEXT_5">
      <Text>Nebukadnezar seferde olmadigi zamanlarda enerjisinin çogunu Babil'i yeniden insa etmeye ve surlarini gelistirmeye harcadi. Birçok tapinagi yeniden insa ettigi, yollar açtigi, kanallar açtigi ve sehrin etrafina bir hendek ve duvar insa ettigi bilinmektedir. Ayrica, efsaneye göre Medya'daki evinin tepelerine özlem duyan karisini memnun etmek için insa ettigi Babil'in Asma Bahçeleri'nin yapimiyla da taninir.</Text>
    </Row>
    <Row Tag="TXT_KEY_CIV5_NEBUCHADNEZZAR_TEXT_6">
      <Text>Yahuda'yi ele geçirmesine ve Israillilerin yerini degistirmesine ragmen, Nebukadnetsar Kutsal Kitap'ta çogunlukla olumlu bir isik altinda görünür. Yahudi peygamberleri ve vatandaslarini zulümden korudugu için itibar görür  peygamber Yeremya, Nebukadnezar'in kötülük yapanlara karsi Tanri'nin tayin ettigi intikam araci olduguna inaniyordu.Nebukadnezar II, MÖ 562'de Babil'de öldü. Imparatorlugunun büyüklügünü artiran, baskent Babil'i güçlendiren ve gelistiren ve tebaasina iyi davranan basarili bir askeri lider olarak hatirlanir. Tüm ölçütlere göre "Büyük Nebukadnetsar" unvanini hak etmistir.</Text>
    </Row>
    <Row Tag="TXT_KEY_CIV5_NEBUCHADNEZZAR_FACTOID_HEADING">
      <Text>Nebuchadnezzar II Factoid</Text>
    </Row>
    <Row Tag="TXT_KEY_CIV5_NEBUCHADNEZZAR_FACTOID_TEXT">
      <Text>Nebukadnezar'in adi Akad dilinde kabaca "Ey tanri Nabu, ilk dogan oglumu koru" olarak tercüme edilir.</Text>
    </Row>
    <Row Tag="TXT_KEY_CIV5_BABYLON_BOWMAN_HELP">
      <Text>Mevcut ilk menzilli Birimlerden biri olan bu Babil Essiz Birimi, Okçunun yerini alir. Yayci, diger medeniyetlerde bulunan standart Okçuya kiyasla yakin dövüs saldirilarina daha iyi dayanabilir.</Text>
    </Row>
    <Row Tag="TXT_KEY_CIV5_BABYLON_BOWMAN_INFO">
      <Text>Yayci, düsmanlara uzaktan saldirabilen bir Antik Cag menzilli piyade Birimidir. Bu Babil Essiz Birimi, yerini aldigi standart Okçu Birimine kiyasla yakin dövüs saldirilarina daha iyi dayanabilir.</Text>
    </Row>
    <Row Tag="TXT_KEY_CIV5_BABYLON_BOWMAN_STRATEGY">
      <Text>Yayci, Okçunun yerini alan Babil Essiz Birimidir. Bu Birim savasta Okçu'dan hem saldiri hem de savunma açisindan daha güçlüdür ve ön cepheye yerlestirilmesine olanak tanir. Yayci'nin gelismis muharebe becerisi, çabucak istila edilebilecegi endisesini gidermeye yardimci olur.</Text>
    </Row>
    <Row Tag="TXT_KEY_CIV5_BABYLON_WALLS_INFO">
      <Text>Babil'in Surlari sehrin tüm menzilli saldirilarinin verdigi hasari ve sehrin savunmasini artirir.</Text>
    </Row>
    <Row Tag="TXT_KEY_CIV5_BABYLON_WALLS_STRATEGY">
      <Text>Babil Surlari, standart sehir Surlarinin yerini alan bir Babil Benzersiz Yapisidir. Babil Surlari sadece sehrin savunma kabiliyetini önemli ölçüde artirmakla kalmaz (standart Surlardan çok daha fazla), ayni zamanda sehrin herhangi bir bombardiman gerçeklestirirken daha fazla savas hasari vermesini saglar.</Text>
    </Row>
  </Language_en_US>
</GameData>