﻿<?xml version="1.0" encoding="utf-8"?>
<!-- edited with XMLSPY v2004 rel. 2 U (http://www.xmlspy.com) by Ed Beach (Firaxis Games) -->
<!-- Sid Meier's Civilization V -->
<!-- Copyright Firaxis Games 2010 -->
<!-- -->
<!-- Game Text Cities -->
<GameData>
  <Language_en_US>
    <Row Tag="TXT_KEY_CITY_NAME_BABYLON">
      <Text>Babil</Text>
    </Row>
    <Row Tag="TXT_KEY_CITY_NAME_AKKAD">
      <Text>Akkad</Text>
    </Row>
    <Row Tag="TXT_KEY_CITY_NAME_DUR_KURIGALZU">
      <Text>Dur-Kurigalzu</Text>
    </Row>
    <Row Tag="TXT_KEY_CITY_NAME_NIPPUR">
      <Text>Nippur</Text>
    </Row>
    <Row Tag="TXT_KEY_CITY_NAME_BORSIPPA">
      <Text>Borsippa</Text>
    </Row>
    <Row Tag="TXT_KEY_CITY_NAME_SIPPAR">
      <Text>Sippar</Text>
    </Row>
    <Row Tag="TXT_KEY_CITY_NAME_OPIS">
      <Text>Opis</Text>
    </Row>
    <Row Tag="TXT_KEY_CITY_NAME_MARI">
      <Text>Mari</Text>
    </Row>
    <Row Tag="TXT_KEY_CITY_NAME_SHUSHAN">
      <Text>Shushan</Text>
    </Row>
    <Row Tag="TXT_KEY_CITY_NAME_ESHNUNNA">
      <Text>Eshnunna</Text>
    </Row>
    <Row Tag="TXT_KEY_CITY_NAME_ELLASAR">
      <Text>Ellasar</Text>
    </Row>
    <Row Tag="TXT_KEY_CITY_NAME_ERECH">
      <Text>Erech</Text>
    </Row>
    <Row Tag="TXT_KEY_CITY_NAME_KUTHA">
      <Text>Kutha</Text>
    </Row>
    <Row Tag="TXT_KEY_CITY_NAME_SIRPURLA">
      <Text>Sirpurla</Text>
    </Row>
    <Row Tag="TXT_KEY_CITY_NAME_NERIBTUM">
      <Text>Neribtum</Text>
    </Row>
    <Row Tag="TXT_KEY_CITY_NAME_ASHUR">
      <Text>Asur</Text>
    </Row>
    <Row Tag="TXT_KEY_CITY_NAME_NINEVEH">
      <Text>Ninova</Text>
    </Row>
    <Row Tag="TXT_KEY_CITY_NAME_NIMRUD">
      <Text>Nimrud</Text>
    </Row>
    <Row Tag="TXT_KEY_CITY_NAME_ARBELA">
      <Text>Arbela</Text>
    </Row>
    <Row Tag="TXT_KEY_CITY_NAME_NUZI">
      <Text>Nuzi</Text>
    </Row>
    <Row Tag="TXT_KEY_CITY_NAME_TUTUB">
      <Text>Tutub</Text>
    </Row>
    <Row Tag="TXT_KEY_CITY_NAME_ARRAPKHA">
      <Text>Arrapkha</Text>
    </Row>
    <Row Tag="TXT_KEY_CITY_NAME_SHADUPPUM">
      <Text>Shaduppum</Text>
    </Row>
    <Row Tag="TXT_KEY_CITY_NAME_RAPIQUM">
      <Text>Rapiqum</Text>
    </Row>
    <Row Tag="TXT_KEY_CITY_NAME_MASHKAN_SHAPIR">
      <Text>Mashkan-Shapir</Text>
    </Row>
    <Row Tag="TXT_KEY_CITY_NAME_TUTTUL">
      <Text>Tuttul</Text>
    </Row>
    <Row Tag="TXT_KEY_CITY_NAME_RAMADI">
      <Text>Ramadi</Text>
    </Row>
    <Row Tag="TXT_KEY_CITY_NAME_ANA">
      <Text>Ana</Text>
    </Row>
    <Row Tag="TXT_KEY_CITY_NAME_HARADUM">
      <Text>Haradum</Text>
    </Row>
    <Row Tag="TXT_KEY_CITY_NAME_AGRAB">
      <Text>Agrab</Text>
    </Row>
    <Row Tag="TXT_KEY_CITY_NAME_UQAIR">
      <Text>Uqair</Text>
    </Row>
    <Row Tag="TXT_KEY_CITY_NAME_GUBBA">
      <Text>Gubba</Text>
    </Row>
    <Row Tag="TXT_KEY_CITY_NAME_HAFRIYAT">
      <Text>Hafriyat</Text>
    </Row>
    <Row Tag="TXT_KEY_CITY_NAME_NAGAR">
      <Text>Nagat</Text>
    </Row>
    <Row Tag="TXT_KEY_CITY_NAME_SHUBAT_ENLIL">
      <Text>Shubat-Enlil</Text>
    </Row>
    <Row Tag="TXT_KEY_CITY_NAME_URHAI">
      <Text>Urhai</Text>
    </Row>
    <Row Tag="TXT_KEY_CITY_NAME_URKESH">
      <Text>Urkesh</Text>
    </Row>
    <Row Tag="TXT_KEY_CITY_NAME_AWAN">
      <Text>Awan</Text>
    </Row>
    <Row Tag="TXT_KEY_CITY_NAME_RIBLAH">
      <Text>Riblah</Text>
    </Row>
    <Row Tag="TXT_KEY_CITY_NAME_TAYMA">
      <Text>Tayma</Text>
    </Row>
  </Language_en_US>
</GameData>