﻿<?xml version="1.0" encoding="utf-8"?>
<!-- edited with XMLSPY v2004 rel. 2 U (http://www.xmlspy.com) by Ed Beach (Firaxis Games) -->
<GameData>
  <Language_en_US>
    <Row Tag="TXT_KEY_TRAIT_INGENIOUS_SHORT">
      <Text>Yaraticilik</Text>
    </Row>
    <Row Tag="TXT_KEY_TRAIT_INGENIOUS">
      <Text>Writing'i kesfettiginizde ücretsiz Büyük Bilim Insani kazanin. Büyük Bilim Insanlarini %50 daha hizli kazanin.</Text>
    </Row>
    <Row Tag="TXT_KEY_CIV5_DAWN_BABYLON_TITLE">
      <Text>Babil</Text>
    </Row>
    <Row Tag="TXT_KEY_CIV5_DAWN_BABYLON_TEXT">
      <Text>Cennetin kutsamalari senin üzerinde olsun, ey kudretli ve kadim Babil'in babasi Büyük Nebukadnezar! Sargon yaklasik bes bin yil önce Babil'i insa ettiginde dünya gençti. Uzun süre büyüdü ve gelisti, ilk imparatorlugunu MÖ 18. yüzyilda, Kanun Veren Tanrisal Hammurabi'nin yönetiminde kazandi. Kassitler ve ardindan Asurlular tarafindan fethedilmesine ragmen, Babil yikimin küllerinden anka kusu gibi dogarak ve birçok düsmanina ragmen bagimsizligini yeniden kazanarak ayakta kaldi. Babil gerçekten de antik dünyanin sanat ve ögrenim merkeziydi![NEWLINE][NEWLINE]Ey Nebukadnetsar, imparatorlugun ölümünden kisa bir süre sonra güçlü Perslerin ve ardindan Yunanlilarin eline geçerek M.Ö. 141 yilinda büyük sehir yikilana kadar varligini sürdürdü. Ama Babil gerçekten sonsuza dek gitti mi, Büyük Nebukadnetsar? Halkin, imparatorlugu bir kez daha hayata döndürmen için sana güveniyor! Bu meydan okumayi kabul edecek misin? Zamanin testine dayanacak bir uygarlik insa edecek misin?</Text>
    </Row>
  </Language_en_US>
</GameData>