﻿<?xml version="1.0" encoding="utf-8"?>
<!-- edited with XMLSPY v2004 rel. 2 U (http://www.xmlspy.com) by Scott Lewis (Firaxis Games) -->
<GameData>
  <Language_en_US>
    <Row Tag="TXT_KEY_SPY_NAME_POLYNESIA_0">
      <Text>Tiki</Text>
    </Row>
    <Row Tag="TXT_KEY_SPY_NAME_POLYNESIA_1">
      <Text>Hotu Matua</Text>
    </Row>
    <Row Tag="TXT_KEY_SPY_NAME_POLYNESIA_2">
      <Text>Rongo-ma-tane</Text>
    </Row>
    <Row Tag="TXT_KEY_SPY_NAME_POLYNESIA_3">
      <Text>Kupe</Text>
    </Row>
    <Row Tag="TXT_KEY_SPY_NAME_POLYNESIA_4">
      <Text>Haloti</Text>
    </Row>
    <Row Tag="TXT_KEY_SPY_NAME_POLYNESIA_5">
      <Text>Degei</Text>
    </Row>
    <Row Tag="TXT_KEY_SPY_NAME_POLYNESIA_6">
      <Text>Babamik kadinsi</Text>
      <Gender>feminine</Gender>
    </Row>
    <Row Tag="TXT_KEY_SPY_NAME_POLYNESIA_7">
      <Text>Kulu Lau kadinsi</Text>
      <Gender>feminine</Gender>
    </Row>
    <Row Tag="TXT_KEY_SPY_NAME_POLYNESIA_8">
      <Text>Nangananga kadinsi</Text>
      <Gender>feminine</Gender>
    </Row>
    <Row Tag="TXT_KEY_SPY_NAME_POLYNESIA_9">
      <Text>Turua disil</Text>
      <Gender>feminine</Gender>
    </Row>
  </Language_en_US>
</GameData>