﻿<?xml version="1.0" encoding="utf-8"?>
<!--Sid Meier's Civilization V -->
<!--Copyright Firaxis Games 2010 -->
<GameData>
  <Language_en_US>
    <!--General phrases -->
    <!--Greeting (first time meeting) -->
    <Row Tag="TXT_KEY_LEADER_SELASSIE_FIRSTGREETING_1">
      <Text>Güzel ulusumuza binlerce hos geldiniz.  Ben Haile Selassie, Ras Tafari Makonnen ve Etiyopya Imparatoru, mütevazi hizmetkariniz.</Text>
    </Row>
    <Row Tag="TXT_KEY_LEADER_SELASSIE_FIRSTGREETING_2">
      <Text>Etiyopya baris ve dostluk için gelenleri memnuniyetle karsilar.  Uzun ve bereketli bir iliski için sabirsizlaniyorum.</Text>
    </Row>
    <Row Tag="TXT_KEY_LEADER_SELASSIE_FIRSTGREETING_3">
      <Text>Baris ve refah dolu topraklarima hos geldin dostum.  Ben Yahuda Kabilesi'nin Fetheden Aslani, Rablerin Rabbi ve Krallarin Kraliyim, ama siz bana Haile Selassie diyebilirsiniz.</Text>
    </Row>
    <!--Reacts to his bluff being called -->
    <Row Tag="TXT_KEY_LEADER_SELASSIE_WARBLUFF_1">
      <Text>Ne kadar üzücü bir kayip.</Text>
    </Row>
    <Row Tag="TXT_KEY_LEADER_SELASSIE_WARBLUFF_2">
      <Text>Bu sekilde davrandiginizi görmek utanç verici.</Text>
    </Row>
    <Row Tag="TXT_KEY_LEADER_SELASSIE_WARBLUFF_3">
      <Text>Küçük bir çocuk gibi, büyük resmi kavramaktan acizsiniz.</Text>
    </Row>
    <!--Gloats after winning a war -->
    <Row Tag="TXT_KEY_LEADER_SELASSIE_WINWAR_1">
      <Text>Savas, savasi ayni sekilde durdurmanin tek yolu degildir - umarim bunu simdi anlayabiliyorsunuzdur.  Lütfen topraklariniza dönün ve söylediklerim üzerinde düsünün.</Text>
    </Row>
    <Row Tag="TXT_KEY_LEADER_SELASSIE_WINWAR_2">
      <Text>Bugün düsmanimizi yendigimiz gündür. Ancak, sadece kalplerimizde ve cennetin ruhunda sevinmeliyiz.</Text>
    </Row>
    <!--Submissive after losing a war -->
    <Row Tag="TXT_KEY_LEADER_SELASSIE_LOSEWAR_1">
      <Text>Yanlis yönlendirilmis insanlar bazen yanlis yönlendirilmis fikirler ve bunun sonucunda da yanlis yönlendirilmis eylemler yaratirlar. Gerçegin yolunu bulmaniz için çok geç degil.</Text>
    </Row>
    <Row Tag="TXT_KEY_LEADER_SELASSIE_LOSEWAR_2">
      <Text>Ulusunuz tarafindan izlendiginizi bilin: kötülük yapmaya devam ederseniz, size olan umut ve güvenini kaybedecektir.</Text>
    </Row>
    <!--Defeated and removed from game -->
    <Row Tag="TXT_KEY_LEADER_SELASSIE_DEFEATED_1">
      <Text>Tanri ve tarih bugün yaptiklarinizi hatirlayacaktir. Umarim yaklasan yargilamaniza hazirsinizdir.</Text>
    </Row>
    <Row Tag="TXT_KEY_LEADER_SELASSIE_DEFEATED_2">
      <Text>Kötülerin ruhunun bu dünyaya gölge düsürmeye devam ettigini görmek beni üzüyor. Halkinizi yikima sürüklemeden önce kendi huzurunuzu bulmaniz dilegiyle.</Text>
    </Row>
    <Row Tag="TXT_KEY_LEADER_SELASSIE_DEFEATED_3">
      <Text>Genel olarak, vicdani tarafindan yönetilen bir insan diger insanlarla isbirligi yapacaktir. Nereden geldigini ve nereye gittigini bilir.  Siz biliyor musunuz?</Text>
    </Row>
    <!--Neutral -->
    <!--Greetings (subsequent meetings) -->
    <Row Tag="TXT_KEY_LEADER_SELASSIE_GREETING_1">
      <Text>Binlerce hosgeldin.</Text>
    </Row>
    <Row Tag="TXT_KEY_LEADER_SELASSIE_GREETING_2">
      <Text>Selamlar.</Text>
    </Row>
    <!--Goodbye -->
    <Row Tag="TXT_KEY_LEADER_SELASSIE_GOODBYE_1">
      <Text>Tekrar görüsene kadar.</Text>
    </Row>
    <Row Tag="TXT_KEY_LEADER_SELASSIE_GOODBYE_2">
      <Text>Güle güle.</Text>
    </Row>
    <!--Trade offer from player - yes -->
    <Row Tag="TXT_KEY_LEADER_SELASSIE_TRADE_YES_NEUTRAL">
      <Text>Cok iyi.</Text>
    </Row>
    <!--Trade offer from player - sweeten the deal -->
    <Row Tag="TXT_KEY_LEADER_SELASSIE_TRADE_NEEDMORE_NEUTRAL_1">
      <Text>Teklifiniz çok ilginç, ancak pek kabul edilebilir degil.  Lütfen bunu tekrar düsünün.</Text>
    </Row>
    <Row Tag="TXT_KEY_LEADER_SELASSIE_TRADE_NEEDMORE_NEUTRAL_2">
      <Text>Biraz daha iyisini yapabilir misin?</Text>
    </Row>
    <Row Tag="TXT_KEY_LEADER_SELASSIE_TRADE_NEEDMORE_NEUTRAL_3">
      <Text>Bu yeterince iyi degil.</Text>
    </Row>
    <Row Tag="TXT_KEY_LEADER_SELASSIE_TRADE_NEEDMORE_NEUTRAL_4">
      <Text>Neredeyse...</Text>
    </Row>
    <!--Trade offer from player - no -->
    <Row Tag="TXT_KEY_LEADER_SELASSIE_TRADE_NO_NEUTRAL">
      <Text>Ilgilenmiyorum.</Text>
    </Row>
    <!--Demand for tribute from player - yes -->
    <Row Tag="TXT_KEY_LEADER_SELASSIE_TRIBUTE_YES_NEUTRAL">
      <Text>Sadece sormaniz yeterliydi.  Ancak, gelecekte daha kibarca sormanizi tavsiye ederim.</Text>
    </Row>
    <!--Demand for tribute from player - no -->
    <Row Tag="TXT_KEY_LEADER_SELASSIE_TRIBUTE_NO_NEUTRAL">
      <Text>Üzgünüm ama su anda kendi islerimizle ugrasmak zorundayiz. Yine de aklimizda olacaksiniz.</Text>
    </Row>
    <!--Requests a trade -->
    <Row Tag="TXT_KEY_LEADER_SELASSIE_TRADEREQUEST_NEUTRAL">
      <Text>Sizden iki halk arasindaki bu teklifi degerlendirmenizi rica ediyorum.  Bunun ikimiz için de iyi olacagina inaniyorum.</Text>
    </Row>
    <!--Demands tribute -->
    <Row Tag="TXT_KEY_LEADER_SELASSIE_DEMANDTRIBUTE_NEUTRAL">
      <Text>Ihtiyaç duydugumuz bu zamanda alçakgönüllülükle cömertliginizi istiyorum.  Kötülük üzerimizde ve bununla kendi basimiza basa çikabilecek donanima sahip degiliz.</Text>
    </Row>
    <!--Agrees -->
    <Row Tag="TXT_KEY_LEADER_SELASSIE_AGREE_SHORT_1">
      <Text>Tamam.</Text>
    </Row>
    <Row Tag="TXT_KEY_LEADER_SELASSIE_AGREE_SHORT_2">
      <Text>Cok iyi.</Text>
    </Row>
    <!--Disagrees -->
    <Row Tag="TXT_KEY_LEADER_SELASSIE_DISAGREE_SHORT_1">
      <Text>Reddetmek zorundayim.</Text>
    </Row>
    <Row Tag="TXT_KEY_LEADER_SELASSIE_DISAGREE_SHORT_2">
      <Text>Hayir.</Text>
    </Row>
    <!--Let's hear it -->
    <Row Tag="TXT_KEY_LEADER_SELASSIE_LETSHEARIT_1">
      <Text>Devam et.</Text>
    </Row>
    <Row Tag="TXT_KEY_LEADER_SELASSIE_LETSHEARIT_2">
      <Text>Devam et.</Text>
    </Row>
    <!--Happy -->
    <!--Greetings (subsequent meetings) -->
    <Row Tag="TXT_KEY_LEADER_SELASSIE_GREETING_3">
      <Text>Hos geldiniz.</Text>
    </Row>
    <Row Tag="TXT_KEY_LEADER_SELASSIE_GREETING_4">
      <Text>Nasilsin, dostum?</Text>
    </Row>
    <!--Goodbye -->
    <Row Tag="TXT_KEY_LEADER_SELASSIE_GOODBYE_3">
      <Text>Elveda.</Text>
    </Row>
    <Row Tag="TXT_KEY_LEADER_SELASSIE_GOODBYE_4">
      <Text>Güle güle.</Text>
    </Row>
    <!--Trade offer from player - yes -->
    <Row Tag="TXT_KEY_LEADER_SELASSIE_TRADE_YES_HAPPY">
      <Text>Anlastik.</Text>
    </Row>
    <!--Trade offer from player - sweeten the deal -->
    <Row Tag="TXT_KEY_LEADER_SELASSIE_TRADE_NEEDMORE_HAPPY_1">
      <Text>Dostum, iyi niyetli oldugunuza eminim ama bu olmaz.  Basit insanlar olabiliriz, ama bizden faydalanilmasina izin vermeyecegiz.</Text>
    </Row>
    <Row Tag="TXT_KEY_LEADER_SELASSIE_TRADE_NEEDMORE_HAPPY_2">
      <Text>Yapabileceginin en iyisi bu mu?</Text>
    </Row>
    <Row Tag="TXT_KEY_LEADER_SELASSIE_TRADE_NEEDMORE_HAPPY_3">
      <Text>Neredeyse vardin.</Text>
    </Row>
    <!--Trade offer from player - no -->
    <Row Tag="TXT_KEY_LEADER_SELASSIE_TRADE_NO_HAPPY">
      <Text>Tesekkürler, ama hayir.</Text>
    </Row>
    <!--Demand for tribute from player - yes -->
    <Row Tag="TXT_KEY_LEADER_SELASSIE_TRIBUTE_YES_HAPPY">
      <Text>Kötülere ve kötülüge karsi mücadelede her türlü yardim isteyenlere karsiliksiz olarak verilir.</Text>
    </Row>
    <!--Demand for tribute from player - no -->
    <Row Tag="TXT_KEY_LEADER_SELASSIE_TRIBUTE_NO_HAPPY">
      <Text>Binlerce kez özür dileriz, ancak su anda bundan ayrilmayi umut edemiyoruz.  Size yardimci olabilecegimiz baska bir sey var mi?</Text>
    </Row>
    <!--Requests a trade -->
    <Row Tag="TXT_KEY_LEADER_SELASSIE_TRADEREQUEST_HAPPY">
      <Text>Birlikte yemek yiyelim ve dünya meselelerini tartisalim.  Biz özünde maddi insanlar degiliz, ancak ilginizi çekebilecek bazi seylerimiz var.</Text>
    </Row>
    <!--Demands tribute -->
    <Row Tag="TXT_KEY_LEADER_SELASSIE_DEMANDTRIBUTE_HAPPY">
      <Text>Dostum, Etiyopya ihtiyaç duydugu anda seni çagiriyor.  Lütfen bizi takdirin kayalarina çarpmis halde birakma.</Text>
    </Row>
    <!--Agrees -->
    <Row Tag="TXT_KEY_LEADER_SELASSIE_AGREE_SHORT_3">
      <Text>Kesinlikle.</Text>
    </Row>
    <!--Disagrees -->
    <Row Tag="TXT_KEY_LEADER_SELASSIE_DISAGREE_SHORT_3">
      <Text>Kesinlikle olmaz.</Text>
    </Row>
    <Row Tag="TXT_KEY_LEADER_SELASSIE_DISAGREE_SHORT_4">
      <Text>Reddediyoruz.</Text>
    </Row>
    <!--Let's hear it -->
    <Row Tag="TXT_KEY_LEADER_SELASSIE_LETSHEARIT_3">
      <Text>Devam edin.</Text>
    </Row>
    <Row Tag="TXT_KEY_LEADER_SELASSIE_LETSHEARIT_4">
      <Text>Dinliyorum.</Text>
    </Row>
    <!--Angry -->
    <!--Greetings (subsequent meetings) -->
    <Row Tag="TXT_KEY_LEADER_SELASSIE_GREETING_5">
      <Text>Eee?</Text>
    </Row>
    <Row Tag="TXT_KEY_LEADER_SELASSIE_GREETING_6">
      <Text>Ne istiyorsun?</Text>
    </Row>
    <!--Goodbye -->
    <Row Tag="TXT_KEY_LEADER_SELASSIE_GOODBYE_5">
      <Text>Hepsi bu kadar.</Text>
    </Row>
    <Row Tag="TXT_KEY_LEADER_SELASSIE_GOODBYE_6">
      <Text>Simdi git buradan.</Text>
    </Row>
    <!--Trade offer from player - yes -->
    <Row Tag="TXT_KEY_LEADER_SELASSIE_TRADE_YES_ANGRY">
      <Text>Anlastik.</Text>
    </Row>
    <!--Trade offer from player - sweeten the deal -->
    <Row Tag="TXT_KEY_LEADER_SELASSIE_TRADE_NEEDMORE_ANGRY_1">
      <Text>Halkima hangi zulmü ve kötü niyeti asilamak istiyorsunuz?  Bu kadar kötü niyetlisini çok az gördüm.</Text>
    </Row>
    <Row Tag="TXT_KEY_LEADER_SELASSIE_TRADE_NEEDMORE_ANGRY_2">
      <Text>Bu yeterince iyi degil.</Text>
    </Row>
    <Row Tag="TXT_KEY_LEADER_SELASSIE_TRADE_NEEDMORE_ANGRY_3">
      <Text>Bundan daha iyisini yapmalisin.</Text>
    </Row>
    <Row Tag="TXT_KEY_LEADER_SELASSIE_TRADE_NEEDMORE_ANGRY_4">
      <Text>Neredeyse...</Text>
    </Row>
    <!--Trade offer from player - no -->
    <Row Tag="TXT_KEY_LEADER_SELASSIE_TRADE_NO_ANGRY">
      <Text>Bu saçmalik Tanri'ya ve halklarina karsi bir hakarettir.  Git ve beni rahat birak.</Text>
    </Row>
    <!--Demand for tribute from player - yes -->
    <Row Tag="TXT_KEY_LEADER_SELASSIE_TRIBUTE_YES_ANGRY">
      <Text>Bu konuda sizi durduracak fiziksel imkanlara sahip degilim. Ancak bu her zaman geçerli olmayabilir.</Text>
    </Row>
    <!--Demand for tribute from player - no -->
    <Row Tag="TXT_KEY_LEADER_SELASSIE_TRIBUTE_NO_ANGRY">
      <Text>Benden zaten almadigin neyi alacaksin?  Topragi toza ve küle çevirirsin.</Text>
    </Row>
    <!--Requests a trade -->
    <Row Tag="TXT_KEY_LEADER_SELASSIE_TRADEREQUEST_ANGRY">
      <Text>Umarim aramizdaki görüs ayriliklarini bir kenara birakabiliriz.</Text>
    </Row>
    <!--Demands tribute -->
    <Row Tag="TXT_KEY_LEADER_SELASSIE_DEMANDTRIBUTE_ANGRY">
      <Text>Yoksullar, hastalar, yaslilar - yardima ihtiyaçlari var.  Siz bile onlara sirtinizi döner misiniz?</Text>
    </Row>
    <!--Agrees -->
    <Row Tag="TXT_KEY_LEADER_SELASSIE_AGREE_SHORT_4">
      <Text>Sanirim yapmaliyim.</Text>
    </Row>
    <!--Disagrees -->
    <Row Tag="TXT_KEY_LEADER_SELASSIE_DISAGREE_SHORT_5">
      <Text>Pardon?</Text>
    </Row>
    <Row Tag="TXT_KEY_LEADER_SELASSIE_DISAGREE_SHORT_6">
      <Text>Bu kabul edilemez.</Text>
    </Row>
    <Row Tag="TXT_KEY_LEADER_SELASSIE_DISAGREE_SHORT_7">
      <Text>Ciddi olamazsin!</Text>
    </Row>
    <!--Let's hear it -->
    <Row Tag="TXT_KEY_LEADER_SELASSIE_LETSHEARIT_5">
      <Text>Ve?</Text>
    </Row>
    <Row Tag="TXT_KEY_LEADER_SELASSIE_DECLAREWAR_1">
      <Text>Kötülüge kötülükle karsilik vermeyi ya da sizin tercih ettiginiz zulümlere göz yummayi seçmiyoruz.  Bununla birlikte, bos bos oturup istediginizi yapmaniza izin vermeyecegim.</Text>
    </Row>
    <Row Tag="TXT_KEY_LEADER_SELASSIE_DECLAREWAR_2">
      <Text>Bu karara kolaylikla varmadik, ancak gerektiginde savasacagiz.  Iyiligin kötülük üzerindeki zaferinden emin oldugumuz için kazanacagiz.</Text>
    </Row>
    <Row Tag="TXT_KEY_LEADER_SELASSIE_DECLAREWAR_3">
      <Text>Diger tüm yollari denedim ama yine de bu çilginlikta israr ediyorsun. Umarim, senin iyiligin için, sonun çabuk olur.</Text>
    </Row>
    <Row Tag="TXT_KEY_LEADER_SELASSIE_ATTACKED_1">
      <Text>Aziz George'un ejderhayi öldürdügü gibi, biz de ayaga kalkacak ve insanligi ezmek için yükselen bu tanrisiz ve zalim ejderhaya karsi duracagiz.</Text>
    </Row>
    <Row Tag="TXT_KEY_LEADER_SELASSIE_ATTACKED_2">
      <Text>Kötülügün zafere ulasmasini saglayan sey sessizliktir.  Sessiz kalmayacagiz ve bu çilgin arayisa kontrolsüz bir sekilde devam etmenize izin vermeyecegiz.</Text>
    </Row>
    <Row Tag="TXT_KEY_LEADER_SELASSIE_ATTACKED_3">
      <Text>Etrafinizdaki zayiflari avliyorsunuz, hep açsiniz, asla tatmin olmuyorsunuz.  Bizden sonra, sirada kim var? Güçlü duracagiz ve koruyacagiz.</Text>
    </Row>
    <Row Tag="TXT_KEY_LEADER_SELASSIE_QUOTE_1">
      <Text>Tarih boyunca, harekete geçebilecek olanlarin eylemsizligi  daha iyisini bilmesi gerekenlerin kayitsizligi  en önemli anda adaletin sesinin duyulmamasi  kötülügün zafer kazanmasini mümkün kilmistir.</Text>
    </Row>
    <Row Tag="TXT_KEY_LEADER_SELASSIE_QUOTE_2">
      <Text>Hayvanlara sefkat göstermek çok daha kolaydir. Onlar asla kötü degildir.</Text>
    </Row>
  </Language_en_US>
</GameData>