﻿<?xml version="1.0" encoding="utf-8"?>
<!--Sid Meier's Civilization V -->
<!--Copyright Firaxis Games 2010 -->
<GameData>
  <Language_en_US>
    <!--General phrases -->
    <!--Greeting (first time meeting) -->
    <Row Tag="TXT_KEY_LEADER_GAJAH_MADA_FIRSTGREETING_1">
      <Text>Endonezya'nin büyük Gajah Mada'sinin önünde duruyorsunuz! Seni imparatorluguma getiren nedir?</Text>
    </Row>
    <Row Tag="TXT_KEY_LEADER_GAJAH_MADA_FIRSTGREETING_2">
      <Text>Endonezya'ya hos geldiniz, ben Gajah Mada. Umarim buradaki niyetiniz asildir...</Text>
    </Row>
    <Row Tag="TXT_KEY_LEADER_GAJAH_MADA_FIRSTGREETING_3">
      <Text>Selamlar! Ben Endonezya'nin Gajah Mada'siyim! Görkemli imparatorluguma hos geldiniz!</Text>
    </Row>
    <!--Reacts to his bluff being called -->
    <Row Tag="TXT_KEY_LEADER_GAJAH_MADA_WARBLUFF_1">
      <Text>Sözlerinin içi bos.</Text>
    </Row>
    <Row Tag="TXT_KEY_LEADER_GAJAH_MADA_WARBLUFF_2">
      <Text>Tehlikeli bir oyun oynuyorsunuz.</Text>
    </Row>
    <Row Tag="TXT_KEY_LEADER_GAJAH_MADA_WARBLUFF_3">
      <Text>Ne büyük hayal kirikligi.</Text>
    </Row>
    <!--Gloats after winning a war -->
    <Row Tag="TXT_KEY_LEADER_GAJAH_MADA_WINWAR_1">
      <Text>Catismadan kaçinmak her zaman düsmanlarimin yararinadir.</Text>
    </Row>
    <Row Tag="TXT_KEY_LEADER_GAJAH_MADA_WINWAR_2">
      <Text>Catismadan kaçinmak her zaman düsmanlarimin yararinadir.</Text>
    </Row>
    <!--Submissive after losing a war -->
    <Row Tag="TXT_KEY_LEADER_GAJAH_MADA_LOSEWAR_1">
      <Text>Imkansizi basardiniz... Beni yenmek kesinlikle varliginizin en önemli olayi olacak!</Text>
    </Row>
    <Row Tag="TXT_KEY_LEADER_GAJAH_MADA_LOSEWAR_2">
      <Text>Imkansizi basardiniz... Beni yenmek kesinlikle varliginizin en önemli olayi olacak!</Text>
    </Row>
    <!--Defeated and removed from game -->
    <Row Tag="TXT_KEY_LEADER_GAJAH_MADA_DEFEATED_1">
      <Text>Beni yenmeyi basardin... bu sefer.</Text>
    </Row>
    <Row Tag="TXT_KEY_LEADER_GAJAH_MADA_DEFEATED_2">
      <Text>Benim zararima olsa bile zaferinizden etkilendim.</Text>
    </Row>
    <Row Tag="TXT_KEY_LEADER_GAJAH_MADA_DEFEATED_3">
      <Text>Yenilmis olabilirim ama ruhum fethedilmeyecek!</Text>
    </Row>
    <!--Neutral -->
    <!--Greetings (subsequent meetings) -->
    <Row Tag="TXT_KEY_LEADER_GAJAH_MADA_GREETING_1">
      <Text>Hos geldiniz.</Text>
    </Row>
    <Row Tag="TXT_KEY_LEADER_GAJAH_MADA_GREETING_2">
      <Text>Selam!</Text>
    </Row>
    <!--Goodbye -->
    <Row Tag="TXT_KEY_LEADER_GAJAH_MADA_GOODBYE_1">
      <Text>Git buradan.</Text>
    </Row>
    <Row Tag="TXT_KEY_LEADER_GAJAH_MADA_GOODBYE_2">
      <Text>Hepsi bu kadar.</Text>
    </Row>
    <!--Trade offer from player - yes -->
    <Row Tag="TXT_KEY_LEADER_GAJAH_MADA_TRADE_YES_NEUTRAL">
      <Text>Ayni fikirdeyim.</Text>
    </Row>
    <!--Trade offer from player - sweeten the deal -->
    <Row Tag="TXT_KEY_LEADER_GAJAH_MADA_TRADE_NEEDMORE_NEUTRAL_1">
      <Text>Bu halkimi yatistirmak için yeterli olmayacaktir.</Text>
    </Row>
    <Row Tag="TXT_KEY_LEADER_GAJAH_MADA_TRADE_NEEDMORE_NEUTRAL_2">
      <Text>Biraz daha iyisini yapabilir misin?</Text>
    </Row>
    <Row Tag="TXT_KEY_LEADER_GAJAH_MADA_TRADE_NEEDMORE_NEUTRAL_3">
      <Text>Neredeyse...</Text>
    </Row>
    <Row Tag="TXT_KEY_LEADER_GAJAH_MADA_TRADE_NEEDMORE_NEUTRAL_4">
      <Text>Bu yeterince iyi degil.</Text>
    </Row>
    <!--Trade offer from player - no -->
    <Row Tag="TXT_KEY_LEADER_GAJAH_MADA_TRADE_NO_NEUTRAL">
      <Text>Bu bana uymuyor.</Text>
    </Row>
    <!--Demand for tribute from player - yes -->
    <Row Tag="TXT_KEY_LEADER_GAJAH_MADA_TRIBUTE_YES_NEUTRAL">
      <Text>Cömertligimi zayiflikla karistirmayin.</Text>
    </Row>
    <!--Demand for tribute from player - no -->
    <Row Tag="TXT_KEY_LEADER_GAJAH_MADA_TRIBUTE_NO_NEUTRAL">
      <Text>Endonezya bu sefer size yardim edemez.</Text>
    </Row>
    <!--Requests a trade -->
    <Row Tag="TXT_KEY_LEADER_GAJAH_MADA_TRADEREQUEST_NEUTRAL">
      <Text>Belki takas edebiliriz?</Text>
    </Row>
    <!--Demands tribute -->
    <Row Tag="TXT_KEY_LEADER_GAJAH_MADA_DEMANDTRIBUTE_NEUTRAL">
      <Text>Siz bana simdi yardimci olursaniz, ben de size gelecekte memnuniyetle yardimci olurum.</Text>
    </Row>
    <!--Agrees -->
    <Row Tag="TXT_KEY_LEADER_GAJAH_MADA_AGREE_SHORT_1">
      <Text>Tamam.</Text>
    </Row>
    <Row Tag="TXT_KEY_LEADER_GAJAH_MADA_AGREE_SHORT_2">
      <Text>Cok iyi.</Text>
    </Row>
    <!--Disagrees -->
    <Row Tag="TXT_KEY_LEADER_GAJAH_MADA_DISAGREE_SHORT_1">
      <Text>Reddetmek zorundayim.</Text>
    </Row>
    <Row Tag="TXT_KEY_LEADER_GAJAH_MADA_DISAGREE_SHORT_2">
      <Text>Hayir, tabii ki degil.</Text>
    </Row>
    <!--Let's hear it -->
    <Row Tag="TXT_KEY_LEADER_GAJAH_MADA_LETSHEARIT_1">
      <Text>Duyalim bakalim.</Text>
    </Row>
    <Row Tag="TXT_KEY_LEADER_GAJAH_MADA_LETSHEARIT_2">
      <Text>Devam et.</Text>
    </Row>
    <!--Happy -->
    <!--Greetings (subsequent meetings) -->
    <Row Tag="TXT_KEY_LEADER_GAJAH_MADA_GREETING_3">
      <Text>Selamlar.</Text>
    </Row>
    <Row Tag="TXT_KEY_LEADER_GAJAH_MADA_GREETING_4">
      <Text>Eee?</Text>
    </Row>
    <!--Goodbye -->
    <Row Tag="TXT_KEY_LEADER_GAJAH_MADA_GOODBYE_3">
      <Text>Buradaki isimiz bitti.</Text>
    </Row>
    <Row Tag="TXT_KEY_LEADER_GAJAH_MADA_GOODBYE_4">
      <Text>Güle güle.</Text>
    </Row>
    <!--Trade offer from player - yes -->
    <Row Tag="TXT_KEY_LEADER_GAJAH_MADA_TRADE_YES_HAPPY">
      <Text>Bu her iki kralliga da refah getirecektir.</Text>
    </Row>
    <!--Trade offer from player - sweeten the deal -->
    <Row Tag="TXT_KEY_LEADER_GAJAH_MADA_TRADE_NEEDMORE_HAPPY_1">
      <Text>Elbette teklifinizde daha cömert olmayi göze alabilirsiniz.</Text>
    </Row>
    <Row Tag="TXT_KEY_LEADER_GAJAH_MADA_TRADE_NEEDMORE_HAPPY_2">
      <Text>Yapabileceginin en iyisi bu mu?</Text>
    </Row>
    <Row Tag="TXT_KEY_LEADER_GAJAH_MADA_TRADE_NEEDMORE_HAPPY_3">
      <Text>Neredeyse vardin.</Text>
    </Row>
    <!--Trade offer from player - no -->
    <Row Tag="TXT_KEY_LEADER_GAJAH_MADA_TRADE_NO_HAPPY">
      <Text>Korkarim bunu yapamam, bir arkadasim için bile.</Text>
    </Row>
    <!--Demand for tribute from player - yes -->
    <Row Tag="TXT_KEY_LEADER_GAJAH_MADA_TRIBUTE_YES_HAPPY">
      <Text>Bu her iki kralliga da refah getirecektir.</Text>
    </Row>
    <!--Demand for tribute from player - no -->
    <Row Tag="TXT_KEY_LEADER_GAJAH_MADA_TRIBUTE_NO_HAPPY">
      <Text>Özür dilerim ama bu mümkün degil.</Text>
    </Row>
    <!--Requests a trade -->
    <Row Tag="TXT_KEY_LEADER_GAJAH_MADA_TRADEREQUEST_HAPPY">
      <Text>Takasla ilgilenir misin dostum?</Text>
    </Row>
    <!--Demands tribute -->
    <Row Tag="TXT_KEY_LEADER_GAJAH_MADA_DEMANDTRIBUTE_HAPPY">
      <Text>Ihtiyaci olan bir arkadasiniza yardim etmeye ikna olabilir misiniz?</Text>
    </Row>
    <!--Agrees -->
    <Row Tag="TXT_KEY_LEADER_GAJAH_MADA_AGREE_SHORT_3">
      <Text>Kesinlikle.</Text>
    </Row>
    <Row Tag="TXT_KEY_LEADER_GAJAH_MADA_AGREE_SHORT_4">
      <Text>Kabul edildi.</Text>
    </Row>
    <Row Tag="TXT_KEY_LEADER_GAJAH_MADA_AGREE_SHORT_5">
      <Text>Mükemmel.</Text>
    </Row>
    <!--Disagrees -->
    <Row Tag="TXT_KEY_LEADER_GAJAH_MADA_DISAGREE_SHORT_3">
      <Text>Kesinlikle olmaz.</Text>
    </Row>
    <Row Tag="TXT_KEY_LEADER_GAJAH_MADA_DISAGREE_SHORT_4">
      <Text>Reddetmeliyiz.</Text>
    </Row>
    <!--Let's hear it -->
    <Row Tag="TXT_KEY_LEADER_GAJAH_MADA_LETSHEARIT_3">
      <Text>Dinliyorum.</Text>
    </Row>
    <Row Tag="TXT_KEY_LEADER_GAJAH_MADA_LETSHEARIT_4">
      <Text>Evet mi?</Text>
    </Row>
    <!--Angry -->
    <!--Greetings (subsequent meetings) -->
    <Row Tag="TXT_KEY_LEADER_GAJAH_MADA_GREETING_5">
      <Text>Ne istiyorsun?</Text>
    </Row>
    <Row Tag="TXT_KEY_LEADER_GAJAH_MADA_GREETING_6">
      <Text>Ne istiyorsun?</Text>
    </Row>
    <!--Goodbye -->
    <Row Tag="TXT_KEY_LEADER_GAJAH_MADA_GOODBYE_5">
      <Text>Hepsi bu kadar.</Text>
    </Row>
    <Row Tag="TXT_KEY_LEADER_GAJAH_MADA_GOODBYE_6">
      <Text>Burada isimiz bitti.</Text>
    </Row>
    <!--Trade offer from player - yes -->
    <Row Tag="TXT_KEY_LEADER_GAJAH_MADA_TRADE_YES_ANGRY">
      <Text>Baska seçenegim yok.</Text>
    </Row>
    <!--Trade offer from player - sweeten the deal -->
    <Row Tag="TXT_KEY_LEADER_GAJAH_MADA_TRADE_NEEDMORE_ANGRY_1">
      <Text>Gülünç bir teklif.</Text>
    </Row>
    <Row Tag="TXT_KEY_LEADER_GAJAH_MADA_TRADE_NEEDMORE_ANGRY_2">
      <Text>Bu yeterli olmayacaktir.</Text>
    </Row>
    <Row Tag="TXT_KEY_LEADER_GAJAH_MADA_TRADE_NEEDMORE_ANGRY_3">
      <Text>Bundan daha iyisini yapmalisin.</Text>
    </Row>
    <Row Tag="TXT_KEY_LEADER_GAJAH_MADA_TRADE_NEEDMORE_ANGRY_4">
      <Text>Ne kadar asagilayici bir teklif.</Text>
    </Row>
    <!--Trade offer from player - no -->
    <Row Tag="TXT_KEY_LEADER_GAJAH_MADA_TRADE_NO_ANGRY">
      <Text>Kesinlikle olmaz!</Text>
    </Row>
    <!--Demand for tribute from player - yes -->
    <Row Tag="TXT_KEY_LEADER_GAJAH_MADA_TRIBUTE_YES_ANGRY">
      <Text>Buna mecbur kalacagim, ama bu hakareti asla unutmayacagim.</Text>
    </Row>
    <!--Demand for tribute from player - no -->
    <Row Tag="TXT_KEY_LEADER_GAJAH_MADA_TRIBUTE_NO_ANGRY">
      <Text>Benden böyle bir sey istemeye nasil cüret edersin! Saçmalik!</Text>
    </Row>
    <!--Requests a trade -->
    <Row Tag="TXT_KEY_LEADER_GAJAH_MADA_TRADEREQUEST_ANGRY">
      <Text>Sizinle ticaret yapmak beni hasta ediyor... ama baska seçenegim yok.</Text>
    </Row>
    <!--Demands tribute -->
    <Row Tag="TXT_KEY_LEADER_GAJAH_MADA_DEMANDTRIBUTE_ANGRY">
      <Text>Bize ihtiyacimiz olani vereceksin ya da sonuçlarina katlanacaksin!</Text>
    </Row>
    <!--Disagrees -->
    <Row Tag="TXT_KEY_LEADER_GAJAH_MADA_DISAGREE_SHORT_5">
      <Text>Pardon?</Text>
    </Row>
    <Row Tag="TXT_KEY_LEADER_GAJAH_MADA_DISAGREE_SHORT_6">
      <Text>Bu kabul edilemez.</Text>
    </Row>
    <Row Tag="TXT_KEY_LEADER_GAJAH_MADA_DISAGREE_SHORT_7">
      <Text>Ciddi olamazsin!</Text>
    </Row>
    <!--Let's hear it -->
    <Row Tag="TXT_KEY_LEADER_GAJAH_MADA_LETSHEARIT_5">
      <Text>Ne diyordun?</Text>
    </Row>
    <Row Tag="TXT_KEY_LEADER_GAJAH_MADA_DECLAREWAR_1">
      <Text>Ordumla kaderleri arasinda duruyorsunuz... Savasa hazirlanin!</Text>
    </Row>
    <Row Tag="TXT_KEY_LEADER_GAJAH_MADA_DECLAREWAR_2">
      <Text>Zayif direnisiniz için zamanim yok, bu savas demek!</Text>
    </Row>
    <Row Tag="TXT_KEY_LEADER_GAJAH_MADA_DECLAREWAR_3">
      <Text>Bundan sonrasi için tek bir yol var... savas!</Text>
    </Row>
    <Row Tag="TXT_KEY_LEADER_GAJAH_MADA_ATTACKED_1">
      <Text>Cok cesur olmalisiniz... ya da çok aptal!</Text>
    </Row>
    <Row Tag="TXT_KEY_LEADER_GAJAH_MADA_ATTACKED_2">
      <Text>Büyük Gajah Mada'ya saldirmaya nasil cüret edersin?!</Text>
    </Row>
    <Row Tag="TXT_KEY_LEADER_GAJAH_MADA_ATTACKED_3">
      <Text>Küstahliginiz sadece ezici bir yenilgiyle karsilanacak!</Text>
    </Row>
  </Language_en_US>
</GameData>