﻿<?xml version="1.0" encoding="utf-8"?>
<!--Sid Meier's Civilization V -->
<!--Copyright Firaxis Games 2010 -->
<GameData>
  <Language_en_US>
    <!--General phrases -->
    <!--Greeting (first time meeting) -->
    <Row Tag="TXT_KEY_LEADER_POCATELLO_FIRSTGREETING_1">
      <Text>Ben Shoshone'lardan Pocatello, sizi barisçil ve müreffeh bir iliski umuduyla selamliyorum.</Text>
    </Row>
    <Row Tag="TXT_KEY_LEADER_POCATELLO_FIRSTGREETING_2">
      <Text>Ben Shoshone Sefi Pocatello, sizi halkimin topraklarina getiren nedir?</Text>
    </Row>
    <Row Tag="TXT_KEY_LEADER_POCATELLO_FIRSTGREETING_3">
      <Text>Hos geldiniz! Baris içinde bulustugumuz bu günü hatirlayalim.</Text>
    </Row>
    <!--Reacts to his bluff being called -->
    <Row Tag="TXT_KEY_LEADER_POCATELLO_WARBLUFF_1">
      <Text>Sözlerin anlamsiz.</Text>
    </Row>
    <Row Tag="TXT_KEY_LEADER_POCATELLO_WARBLUFF_2">
      <Text>Ne büyük hayal kirikligi.</Text>
    </Row>
    <Row Tag="TXT_KEY_LEADER_POCATELLO_WARBLUFF_3">
      <Text>Cok saçma.</Text>
    </Row>
    <!--Gloats after winning a war -->
    <Row Tag="TXT_KEY_LEADER_POCATELLO_WINWAR_1">
      <Text>Bu ihtilafin çözüldügünü görmek beni memnun ediyor.</Text>
    </Row>
    <Row Tag="TXT_KEY_LEADER_POCATELLO_WINWAR_2">
      <Text>Bu ihtilafin çözüldügünü görmek beni memnun ediyor.</Text>
    </Row>
    <!--Submissive after losing a war -->
    <Row Tag="TXT_KEY_LEADER_POCATELLO_LOSEWAR_1">
      <Text>Bu kayip moralimizi bozmaya yetmeyecektir.</Text>
    </Row>
    <Row Tag="TXT_KEY_LEADER_POCATELLO_LOSEWAR_2">
      <Text>Bu kayip moralimizi bozmaya yetmeyecektir.</Text>
    </Row>
    <!--Defeated and removed from game -->
    <Row Tag="TXT_KEY_LEADER_POCATELLO_DEFEATED_1">
      <Text>Zaferiniz beni mahcup etti.</Text>
    </Row>
    <Row Tag="TXT_KEY_LEADER_POCATELLO_DEFEATED_2">
      <Text>Bu halkimin sonu olmayacak, sizi temin ederim.</Text>
    </Row>
    <Row Tag="TXT_KEY_LEADER_POCATELLO_DEFEATED_3">
      <Text>Bu is daha bitmedi! Bir yolunu bulacagim!</Text>
    </Row>
    <!--Neutral -->
    <!--Greetings (subsequent meetings) -->
    <Row Tag="TXT_KEY_LEADER_POCATELLO_GREETING_1">
      <Text>Hos geldiniz.</Text>
    </Row>
    <Row Tag="TXT_KEY_LEADER_POCATELLO_GREETING_2">
      <Text>Selam!</Text>
    </Row>
    <!--Goodbye -->
    <Row Tag="TXT_KEY_LEADER_POCATELLO_GOODBYE_1">
      <Text>Git buradan.</Text>
    </Row>
    <Row Tag="TXT_KEY_LEADER_POCATELLO_GOODBYE_2">
      <Text>Hepsi bu kadar.</Text>
    </Row>
    <!--Trade offer from player - yes -->
    <Row Tag="TXT_KEY_LEADER_POCATELLO_TRADE_YES_NEUTRAL">
      <Text>Bir anlasmamiz var.</Text>
    </Row>
    <!--Trade offer from player - sweeten the deal -->
    <Row Tag="TXT_KEY_LEADER_POCATELLO_TRADE_NEEDMORE_NEUTRAL_1">
      <Text>Hala benden çok sey istiyorsun.</Text>
    </Row>
    <Row Tag="TXT_KEY_LEADER_POCATELLO_TRADE_NEEDMORE_NEUTRAL_2">
      <Text>Biraz daha iyisini yapabilir misin?</Text>
    </Row>
    <Row Tag="TXT_KEY_LEADER_POCATELLO_TRADE_NEEDMORE_NEUTRAL_3">
      <Text>Neredeyse...</Text>
    </Row>
    <Row Tag="TXT_KEY_LEADER_POCATELLO_TRADE_NEEDMORE_NEUTRAL_4">
      <Text>Bu yeterince iyi degil.</Text>
    </Row>
    <!--Trade offer from player - no -->
    <Row Tag="TXT_KEY_LEADER_POCATELLO_TRADE_NO_NEUTRAL">
      <Text>Yapamam.</Text>
    </Row>
    <!--Demand for tribute from player - yes -->
    <Row Tag="TXT_KEY_LEADER_POCATELLO_TRIBUTE_YES_NEUTRAL">
      <Text>Halkimi onurlandiriyor, ihtiyaci olanlara yardim ediyorum.</Text>
    </Row>
    <!--Demand for tribute from player - no -->
    <Row Tag="TXT_KEY_LEADER_POCATELLO_TRIBUTE_NO_NEUTRAL">
      <Text>Halkimin bu küçüklükten daha büyük endiseleri var.</Text>
    </Row>
    <!--Requests a trade -->
    <Row Tag="TXT_KEY_LEADER_POCATELLO_TRADEREQUEST_NEUTRAL">
      <Text>Teklifimi dinler misin?</Text>
    </Row>
    <!--Demands tribute -->
    <Row Tag="TXT_KEY_LEADER_POCATELLO_DEMANDTRIBUTE_NEUTRAL">
      <Text>Cevabinizi dikkatlice düsünün.</Text>
    </Row>
    <!--Agrees -->
    <Row Tag="TXT_KEY_LEADER_POCATELLO_AGREE_SHORT_1">
      <Text>Tamam.</Text>
    </Row>
    <Row Tag="TXT_KEY_LEADER_POCATELLO_AGREE_SHORT_2">
      <Text>Cok iyi.</Text>
    </Row>
    <!--Disagrees -->
    <Row Tag="TXT_KEY_LEADER_POCATELLO_DISAGREE_SHORT_1">
      <Text>Reddediyoruz.</Text>
    </Row>
    <Row Tag="TXT_KEY_LEADER_POCATELLO_DISAGREE_SHORT_2">
      <Text>Hayir, tabii ki degil.</Text>
    </Row>
    <!--Let's hear it -->
    <Row Tag="TXT_KEY_LEADER_POCATELLO_LETSHEARIT_1">
      <Text>Devam et.</Text>
    </Row>
    <Row Tag="TXT_KEY_LEADER_POCATELLO_LETSHEARIT_2">
      <Text>Devam edin.</Text>
    </Row>
    <!--Happy -->
    <!--Greetings (subsequent meetings) -->
    <Row Tag="TXT_KEY_LEADER_POCATELLO_GREETING_3">
      <Text>Selamlar.</Text>
    </Row>
    <Row Tag="TXT_KEY_LEADER_POCATELLO_GREETING_4">
      <Text>Eee?</Text>
    </Row>
    <!--Goodbye -->
    <Row Tag="TXT_KEY_LEADER_POCATELLO_GOODBYE_3">
      <Text>Buradaki isimiz bitti.</Text>
    </Row>
    <Row Tag="TXT_KEY_LEADER_POCATELLO_GOODBYE_4">
      <Text>Güle güle.</Text>
    </Row>
    <!--Trade offer from player - yes -->
    <Row Tag="TXT_KEY_LEADER_POCATELLO_TRADE_YES_HAPPY">
      <Text>Eminim bu ikimize de fayda saglayacaktir.</Text>
    </Row>
    <!--Trade offer from player - sweeten the deal -->
    <Row Tag="TXT_KEY_LEADER_POCATELLO_TRADE_NEEDMORE_HAPPY_1">
      <Text>Arkadaslarima yardim etmekten hoslaniyorum ama çok sey istiyorsunuz.</Text>
    </Row>
    <Row Tag="TXT_KEY_LEADER_POCATELLO_TRADE_NEEDMORE_HAPPY_2">
      <Text>Yapabileceginin en iyisi bu mu?</Text>
    </Row>
    <Row Tag="TXT_KEY_LEADER_POCATELLO_TRADE_NEEDMORE_HAPPY_3">
      <Text>Neredeyse vardin.</Text>
    </Row>
    <!--Trade offer from player - no -->
    <Row Tag="TXT_KEY_LEADER_POCATELLO_TRADE_NO_HAPPY">
      <Text>Sizin için bile ayni fikirde degilim.</Text>
    </Row>
    <!--Demand for tribute from player - yes -->
    <Row Tag="TXT_KEY_LEADER_POCATELLO_TRIBUTE_YES_HAPPY">
      <Text>Ihtiyacin olani al, dostum.</Text>
    </Row>
    <!--Demand for tribute from player - no -->
    <Row Tag="TXT_KEY_LEADER_POCATELLO_TRIBUTE_NO_HAPPY">
      <Text>Cömertligimin bile bir siniri var.</Text>
    </Row>
    <!--Requests a trade -->
    <Row Tag="TXT_KEY_LEADER_POCATELLO_TRADEREQUEST_HAPPY">
      <Text>Bir anlasma kesinlikle ikimize de büyük onur getirecektir.</Text>
    </Row>
    <!--Demands tribute -->
    <Row Tag="TXT_KEY_LEADER_POCATELLO_DEMANDTRIBUTE_HAPPY">
      <Text>Bu, süregelen dostlugumuzu kesinlikle güçlendirecektir.</Text>
    </Row>
    <!--Agrees -->
    <Row Tag="TXT_KEY_LEADER_POCATELLO_AGREE_SHORT_3">
      <Text>Kesinlikle.</Text>
    </Row>
    <Row Tag="TXT_KEY_LEADER_POCATELLO_AGREE_SHORT_4">
      <Text>Kabul edildi.</Text>
    </Row>
    <Row Tag="TXT_KEY_LEADER_POCATELLO_AGREE_SHORT_5">
      <Text>Mükemmel.</Text>
    </Row>
    <!--Disagrees -->
    <Row Tag="TXT_KEY_LEADER_POCATELLO_DISAGREE_SHORT_3">
      <Text>Kesinlikle olmaz.</Text>
    </Row>
    <Row Tag="TXT_KEY_LEADER_POCATELLO_DISAGREE_SHORT_4">
      <Text>Reddetmeliyiz.</Text>
    </Row>
    <!--Let's hear it -->
    <Row Tag="TXT_KEY_LEADER_POCATELLO_LETSHEARIT_3">
      <Text>Dinliyorum.</Text>
    </Row>
    <Row Tag="TXT_KEY_LEADER_POCATELLO_LETSHEARIT_4">
      <Text>Evet mi?</Text>
    </Row>
    <!--Angry -->
    <!--Greetings (subsequent meetings) -->
    <Row Tag="TXT_KEY_LEADER_POCATELLO_GREETING_5">
      <Text>Ne istiyorsun?</Text>
    </Row>
    <Row Tag="TXT_KEY_LEADER_POCATELLO_GREETING_6">
      <Text>Ne istiyorsun?</Text>
    </Row>
    <!--Goodbye -->
    <Row Tag="TXT_KEY_LEADER_POCATELLO_GOODBYE_5">
      <Text>Hepsi bu kadar.</Text>
    </Row>
    <Row Tag="TXT_KEY_LEADER_POCATELLO_GOODBYE_6">
      <Text>Burada isimiz bitti.</Text>
    </Row>
    <!--Trade offer from player - yes -->
    <Row Tag="TXT_KEY_LEADER_POCATELLO_TRADE_YES_ANGRY">
      <Text>Baska seçenegim yok.</Text>
    </Row>
    <!--Trade offer from player - sweeten the deal -->
    <Row Tag="TXT_KEY_LEADER_POCATELLO_TRADE_NEEDMORE_ANGRY_1">
      <Text>Sence ilk kez mi yabancilarla ticaret yapiyorum?</Text>
    </Row>
    <Row Tag="TXT_KEY_LEADER_POCATELLO_TRADE_NEEDMORE_ANGRY_2">
      <Text>Bu yeterli olmayacaktir.</Text>
    </Row>
    <Row Tag="TXT_KEY_LEADER_POCATELLO_TRADE_NEEDMORE_ANGRY_3">
      <Text>Bundan daha iyisini yapmalisin.</Text>
    </Row>
    <Row Tag="TXT_KEY_LEADER_POCATELLO_TRADE_NEEDMORE_ANGRY_4">
      <Text>Ne kadar asagilayici bir teklif.</Text>
    </Row>
    <!--Trade offer from player - no -->
    <Row Tag="TXT_KEY_LEADER_POCATELLO_TRADE_NO_ANGRY">
      <Text>Senin gibiler için sabrim yok!</Text>
    </Row>
    <!--Demand for tribute from player - yes -->
    <Row Tag="TXT_KEY_LEADER_POCATELLO_TRIBUTE_YES_ANGRY">
      <Text>Itaat edecegim ama halkima karsi yapilan bu saygisizligi asla unutmayacagim.</Text>
    </Row>
    <!--Demand for tribute from player - no -->
    <Row Tag="TXT_KEY_LEADER_POCATELLO_TRIBUTE_NO_ANGRY">
      <Text>Bunlar halkimin ihtiyaci olan seyler, böyle bir talebi asla düsünmem.</Text>
    </Row>
    <!--Requests a trade -->
    <Row Tag="TXT_KEY_LEADER_POCATELLO_TRADEREQUEST_ANGRY">
      <Text>Bana ne kadar aci verse de, sizinle bu takasi talep etmek zorundayim.</Text>
    </Row>
    <!--Demands tribute -->
    <Row Tag="TXT_KEY_LEADER_POCATELLO_DEMANDTRIBUTE_ANGRY">
      <Text>Ya istedigimi verirsin ya da zorla alirim!</Text>
    </Row>
    <!--Disagrees -->
    <Row Tag="TXT_KEY_LEADER_POCATELLO_DISAGREE_SHORT_5">
      <Text>Pardon?</Text>
    </Row>
    <Row Tag="TXT_KEY_LEADER_POCATELLO_DISAGREE_SHORT_6">
      <Text>Bu kabul edilemez.</Text>
    </Row>
    <Row Tag="TXT_KEY_LEADER_POCATELLO_DISAGREE_SHORT_7">
      <Text>Ciddi olamazsin!</Text>
    </Row>
    <!--Let's hear it -->
    <Row Tag="TXT_KEY_LEADER_POCATELLO_LETSHEARIT_5">
      <Text>Ne diyordun?</Text>
    </Row>
    <Row Tag="TXT_KEY_LEADER_POCATELLO_DECLAREWAR_1">
      <Text>Kendinizi hazirlayin. Savas geliyor.</Text>
    </Row>
    <Row Tag="TXT_KEY_LEADER_POCATELLO_DECLAREWAR_2">
      <Text>Bir dahaki karsilasmamiz savas alaninda olacak!</Text>
    </Row>
    <Row Tag="TXT_KEY_LEADER_POCATELLO_DECLAREWAR_3">
      <Text>Sanirim artik bu isi kesin olarak çözmenin zamani geldi!</Text>
    </Row>
    <Row Tag="TXT_KEY_LEADER_POCATELLO_ATTACKED_1">
      <Text>Haksiz saldirganlik karsisinda diz çökmeyecegim!</Text>
    </Row>
    <Row Tag="TXT_KEY_LEADER_POCATELLO_ATTACKED_2">
      <Text>Halkim her türlü zorlukla yüzlesmek için ayaga kalkacaktir!</Text>
    </Row>
    <Row Tag="TXT_KEY_LEADER_POCATELLO_ATTACKED_3">
      <Text>Son nefesime kadar seninle savasacagim!</Text>
    </Row>
  </Language_en_US>
</GameData>