﻿<?xml version="1.0" encoding="utf-8"?>
<!--Sid Meier's Civilization V -->
<!--Copyright Firaxis Games 2010 -->
<GameData>
  <Language_en_US>
    <!--General phrases -->
    <!--Greeting (first time meeting) -->
    <Row Tag="TXT_KEY_LEADER_ASHURBANIPAL_FIRSTGREETING_1">
      <Text>Ben Asur'un Asurbanipal'iyim, karsimda duran kim?</Text>
    </Row>
    <Row Tag="TXT_KEY_LEADER_ASHURBANIPAL_FIRSTGREETING_2">
      <Text>Büyük Asur Kralligi'na hos geldiniz... Kütüphanemi görmeye mi geldiniz?</Text>
    </Row>
    <Row Tag="TXT_KEY_LEADER_ASHURBANIPAL_FIRSTGREETING_3">
      <Text>Asur'dan selamlar! Halkinizin tarihini ögrenmeyi umuyorum.</Text>
    </Row>
    <!--Reacts to his bluff being called -->
    <Row Tag="TXT_KEY_LEADER_ASHURBANIPAL_WARBLUFF_1">
      <Text>Palavra sikiyorsunuz  umarim kendinizi olacaklara hazirlamissinizdir.</Text>
    </Row>
    <Row Tag="TXT_KEY_LEADER_ASHURBANIPAL_WARBLUFF_2">
      <Text>Her ne kadar tarih bize bunun akillica bir karar olmadigini söylese de, cesaretinize hayranim.</Text>
    </Row>
    <Row Tag="TXT_KEY_LEADER_ASHURBANIPAL_WARBLUFF_3">
      <Text>Tehlikeli bir oyun oynuyorsunuz.</Text>
    </Row>
    <!--Gloats after winning a war -->
    <Row Tag="TXT_KEY_LEADER_ASHURBANIPAL_WINWAR_1">
      <Text>Öyle yazilsin, bugün galip gelen biziz!</Text>
    </Row>
    <Row Tag="TXT_KEY_LEADER_ASHURBANIPAL_WINWAR_2">
      <Text>Öyle yazilsin, bugün galip gelen biziz!</Text>
    </Row>
    <!--Submissive after losing a war -->
    <Row Tag="TXT_KEY_LEADER_ASHURBANIPAL_LOSEWAR_1">
      <Text>Yenilmis olabiliriz, ancak mirasimiz yazili olarak yasamaya devam edecek!</Text>
    </Row>
    <Row Tag="TXT_KEY_LEADER_ASHURBANIPAL_LOSEWAR_2">
      <Text>Yenilmis olabiliriz, ancak mirasimiz yazili olarak yasamaya devam edecek!</Text>
    </Row>
    <!--Defeated and removed from game -->
    <Row Tag="TXT_KEY_LEADER_ASHURBANIPAL_DEFEATED_1">
      <Text>Kuvvetlerimi yendiniz... Belki de sizi hafife alan bendim.</Text>
    </Row>
    <Row Tag="TXT_KEY_LEADER_ASHURBANIPAL_DEFEATED_2">
      <Text>Eski metinler beni bu sonuca hazirlamamisti...</Text>
    </Row>
    <Row Tag="TXT_KEY_LEADER_ASHURBANIPAL_DEFEATED_3">
      <Text>Tarih zaferinizi not edecektir... ancak bu sadece çok kisa bir referans olacaktir.</Text>
    </Row>
    <!--Neutral -->
    <!--Greetings (subsequent meetings) -->
    <Row Tag="TXT_KEY_LEADER_ASHURBANIPAL_GREETING_1">
      <Text>Hos geldiniz.</Text>
    </Row>
    <Row Tag="TXT_KEY_LEADER_ASHURBANIPAL_GREETING_2">
      <Text>Selam!</Text>
    </Row>
    <!--Goodbye -->
    <Row Tag="TXT_KEY_LEADER_ASHURBANIPAL_GOODBYE_1">
      <Text>Git buradan.</Text>
    </Row>
    <Row Tag="TXT_KEY_LEADER_ASHURBANIPAL_GOODBYE_2">
      <Text>Hepsi bu kadar.</Text>
    </Row>
    <!--Trade offer from player - yes -->
    <Row Tag="TXT_KEY_LEADER_ASHURBANIPAL_TRADE_YES_NEUTRAL">
      <Text>Teklifiniz adil, kabul ediyorum.</Text>
    </Row>
    <!--Trade offer from player - sweeten the deal -->
    <Row Tag="TXT_KEY_LEADER_ASHURBANIPAL_TRADE_NEEDMORE_NEUTRAL_1">
      <Text>Ihtiyaçlarimizi hafife aliyorsunuz... Daha iyisini yapmak zorundasiniz.</Text>
    </Row>
    <Row Tag="TXT_KEY_LEADER_ASHURBANIPAL_TRADE_NEEDMORE_NEUTRAL_2">
      <Text>Biraz daha iyisini yapabilir misin?</Text>
    </Row>
    <Row Tag="TXT_KEY_LEADER_ASHURBANIPAL_TRADE_NEEDMORE_NEUTRAL_3">
      <Text>Neredeyse...</Text>
    </Row>
    <Row Tag="TXT_KEY_LEADER_ASHURBANIPAL_TRADE_NEEDMORE_NEUTRAL_4">
      <Text>Bu yeterince iyi degil.</Text>
    </Row>
    <!--Trade offer from player - no -->
    <Row Tag="TXT_KEY_LEADER_ASHURBANIPAL_TRADE_NO_NEUTRAL">
      <Text>Bunu iyice düsündügünü sanmiyorum.</Text>
    </Row>
    <!--Demand for tribute from player - yes -->
    <Row Tag="TXT_KEY_LEADER_ASHURBANIPAL_TRIBUTE_YES_NEUTRAL">
      <Text>Basit isteginizi eglenceli buluyorum... Bu sefer ihtiyaciniz olani alin.</Text>
    </Row>
    <!--Demand for tribute from player - no -->
    <Row Tag="TXT_KEY_LEADER_ASHURBANIPAL_TRIBUTE_NO_NEUTRAL">
      <Text>Senin aptalca isteklerine ayiracak vaktim yok.</Text>
    </Row>
    <!--Requests a trade -->
    <Row Tag="TXT_KEY_LEADER_ASHURBANIPAL_TRADEREQUEST_NEUTRAL">
      <Text>Takas düsünür müsünüz?</Text>
    </Row>
    <!--Demands tribute -->
    <Row Tag="TXT_KEY_LEADER_ASHURBANIPAL_DEMANDTRIBUTE_NEUTRAL">
      <Text>Ihtiyaç aninda yardim etmeyi seçenleri her zaman hatirlayacagim.</Text>
    </Row>
    <!--Agrees -->
    <Row Tag="TXT_KEY_LEADER_ASHURBANIPAL_AGREE_SHORT_1">
      <Text>Cok iyi.</Text>
    </Row>
    <Row Tag="TXT_KEY_LEADER_ASHURBANIPAL_AGREE_SHORT_2">
      <Text>Pekala.</Text>
    </Row>
    <!--Disagrees -->
    <Row Tag="TXT_KEY_LEADER_ASHURBANIPAL_DISAGREE_SHORT_1">
      <Text>Hayir.</Text>
    </Row>
    <Row Tag="TXT_KEY_LEADER_ASHURBANIPAL_DISAGREE_SHORT_2">
      <Text>Kesinlikle hayir.</Text>
    </Row>
    <!--Let's hear it -->
    <Row Tag="TXT_KEY_LEADER_ASHURBANIPAL_LETSHEARIT_1">
      <Text>Devam et.</Text>
    </Row>
    <Row Tag="TXT_KEY_LEADER_ASHURBANIPAL_LETSHEARIT_2">
      <Text>Devam edin.</Text>
    </Row>
    <!--Happy -->
    <!--Greetings (subsequent meetings) -->
    <Row Tag="TXT_KEY_LEADER_ASHURBANIPAL_GREETING_3">
      <Text>Selamlar.</Text>
    </Row>
    <Row Tag="TXT_KEY_LEADER_ASHURBANIPAL_GREETING_4">
      <Text>Eee?</Text>
    </Row>
    <!--Goodbye -->
    <Row Tag="TXT_KEY_LEADER_ASHURBANIPAL_GOODBYE_3">
      <Text>Buradaki isimiz bitti.</Text>
    </Row>
    <Row Tag="TXT_KEY_LEADER_ASHURBANIPAL_GOODBYE_4">
      <Text>Güle güle.</Text>
    </Row>
    <!--Trade offer from player - yes -->
    <Row Tag="TXT_KEY_LEADER_ASHURBANIPAL_TRADE_YES_HAPPY">
      <Text>Sizinle ticaret yapmak benim için bir onurdur.</Text>
    </Row>
    <!--Trade offer from player - sweeten the deal -->
    <Row Tag="TXT_KEY_LEADER_ASHURBANIPAL_TRADE_NEEDMORE_HAPPY_1">
      <Text>Gel bakalim! Bundan daha iyisini yapabilecegini biliyorum!</Text>
    </Row>
    <Row Tag="TXT_KEY_LEADER_ASHURBANIPAL_TRADE_NEEDMORE_HAPPY_2">
      <Text>Yapabileceginin en iyisi bu mu?</Text>
    </Row>
    <Row Tag="TXT_KEY_LEADER_ASHURBANIPAL_TRADE_NEEDMORE_HAPPY_3">
      <Text>Neredeyse vardin.</Text>
    </Row>
    <!--Trade offer from player - no -->
    <Row Tag="TXT_KEY_LEADER_ASHURBANIPAL_TRADE_NO_HAPPY">
      <Text>Bir arkadas için bile kabul edemem.</Text>
    </Row>
    <!--Demand for tribute from player - yes -->
    <Row Tag="TXT_KEY_LEADER_ASHURBANIPAL_TRIBUTE_YES_HAPPY">
      <Text>Cömert bir ödül alacaksiniz... Küçük pazarliklar için çok az zamanim var.</Text>
    </Row>
    <!--Demand for tribute from player - no -->
    <Row Tag="TXT_KEY_LEADER_ASHURBANIPAL_TRIBUTE_NO_HAPPY">
      <Text>Benim kadar büyük biri bile bu kadar cömert olamaz.</Text>
    </Row>
    <!--Requests a trade -->
    <Row Tag="TXT_KEY_LEADER_ASHURBANIPAL_TRADEREQUEST_HAPPY">
      <Text>Kralligima yardim edecek misin, dostum?</Text>
    </Row>
    <!--Demands tribute -->
    <Row Tag="TXT_KEY_LEADER_ASHURBANIPAL_DEMANDTRIBUTE_HAPPY">
      <Text>Bir arkadasiniza yardim etmeyi uygun buldugunuzdan emin misiniz?</Text>
    </Row>
    <!--Agrees -->
    <Row Tag="TXT_KEY_LEADER_ASHURBANIPAL_AGREE_SHORT_3">
      <Text>Kesinlikle.</Text>
    </Row>
    <Row Tag="TXT_KEY_LEADER_ASHURBANIPAL_AGREE_SHORT_4">
      <Text>Kabul edildi.</Text>
    </Row>
    <Row Tag="TXT_KEY_LEADER_ASHURBANIPAL_AGREE_SHORT_5">
      <Text>Mükemmel.</Text>
    </Row>
    <!--Disagrees -->
    <Row Tag="TXT_KEY_LEADER_ASHURBANIPAL_DISAGREE_SHORT_3">
      <Text>Reddediyoruz.</Text>
    </Row>
    <Row Tag="TXT_KEY_LEADER_ASHURBANIPAL_DISAGREE_SHORT_4">
      <Text>Tabii ki hayir.</Text>
    </Row>
    <!--Let's hear it -->
    <Row Tag="TXT_KEY_LEADER_ASHURBANIPAL_LETSHEARIT_3">
      <Text>Dinliyorum.</Text>
    </Row>
    <Row Tag="TXT_KEY_LEADER_ASHURBANIPAL_LETSHEARIT_4">
      <Text>Evet mi?</Text>
    </Row>
    <!--Angry -->
    <!--Greetings (subsequent meetings) -->
    <Row Tag="TXT_KEY_LEADER_ASHURBANIPAL_GREETING_5">
      <Text>Ne istiyorsun?</Text>
    </Row>
    <Row Tag="TXT_KEY_LEADER_ASHURBANIPAL_GREETING_6">
      <Text>Oh, sensin.</Text>
    </Row>
    <!--Goodbye -->
    <Row Tag="TXT_KEY_LEADER_ASHURBANIPAL_GOODBYE_5">
      <Text>Simdi git buradan.</Text>
    </Row>
    <Row Tag="TXT_KEY_LEADER_ASHURBANIPAL_GOODBYE_6">
      <Text>Burada isimiz bitti.</Text>
    </Row>
    <!--Trade offer from player - yes -->
    <Row Tag="TXT_KEY_LEADER_ASHURBANIPAL_TRADE_YES_ANGRY">
      <Text>Madem israr ediyorsun.</Text>
    </Row>
    <!--Trade offer from player - sweeten the deal -->
    <Row Tag="TXT_KEY_LEADER_ASHURBANIPAL_TRADE_NEEDMORE_ANGRY_1">
      <Text>Teklifiniz beni asagiliyor.</Text>
    </Row>
    <Row Tag="TXT_KEY_LEADER_ASHURBANIPAL_TRADE_NEEDMORE_ANGRY_2">
      <Text>Bu yeterli olmayacaktir.</Text>
    </Row>
    <Row Tag="TXT_KEY_LEADER_ASHURBANIPAL_TRADE_NEEDMORE_ANGRY_3">
      <Text>Zamanimi bosa harcama!</Text>
    </Row>
    <Row Tag="TXT_KEY_LEADER_ASHURBANIPAL_TRADE_NEEDMORE_ANGRY_4">
      <Text>Ne kadar asagilayici bir teklif.</Text>
    </Row>
    <!--Trade offer from player - no -->
    <Row Tag="TXT_KEY_LEADER_ASHURBANIPAL_TRADE_NO_ANGRY">
      <Text>Teklifiniz tüm kralligima bir hakarettir. Hayir.</Text>
    </Row>
    <!--Demand for tribute from player - yes -->
    <Row Tag="TXT_KEY_LEADER_ASHURBANIPAL_TRIBUTE_YES_ANGRY">
      <Text>Yapmamiz gerekiyorsa, öyle olsun... ama benden böyle bir sey istedigine pisman olacaksin.</Text>
    </Row>
    <!--Demand for tribute from player - no -->
    <Row Tag="TXT_KEY_LEADER_ASHURBANIPAL_TRIBUTE_NO_ANGRY">
      <Text>Bunu isteyerek tehlikeli bir yolda ilerliyorsunuz.</Text>
    </Row>
    <!--Requests a trade -->
    <Row Tag="TXT_KEY_LEADER_ASHURBANIPAL_TRADEREQUEST_ANGRY">
      <Text>Sana takas teklif etmekten baska seçenegim yok.</Text>
    </Row>
    <!--Demands tribute -->
    <Row Tag="TXT_KEY_LEADER_ASHURBANIPAL_DEMANDTRIBUTE_ANGRY">
      <Text>Halkimin buna ihtiyaci var ve siz de bunu saglamakla yükümlü hissetmelisiniz!</Text>
    </Row>
    <!--Disagrees -->
    <Row Tag="TXT_KEY_LEADER_ASHURBANIPAL_DISAGREE_SHORT_5">
      <Text>Pardon?</Text>
    </Row>
    <Row Tag="TXT_KEY_LEADER_ASHURBANIPAL_DISAGREE_SHORT_6">
      <Text>Bu kabul edilemez.</Text>
    </Row>
    <Row Tag="TXT_KEY_LEADER_ASHURBANIPAL_DISAGREE_SHORT_7">
      <Text>Ciddi olamazsin!</Text>
    </Row>
    <!--Let's hear it -->
    <Row Tag="TXT_KEY_LEADER_ASHURBANIPAL_LETSHEARIT_5">
      <Text>Ne diyordun?</Text>
    </Row>
    <Row Tag="TXT_KEY_LEADER_ASHURBANIPAL_DECLAREWAR_1">
      <Text>Korkarim ki sizi bu dünyadan uzaklastirmaktan baska çare yok.</Text>
    </Row>
    <Row Tag="TXT_KEY_LEADER_ASHURBANIPAL_DECLAREWAR_2">
      <Text>Dikkatli bir degerlendirmeden sonra, korkarim gitmen gerekiyor. Savasa hazirlanin!</Text>
    </Row>
    <Row Tag="TXT_KEY_LEADER_ASHURBANIPAL_DECLAREWAR_3">
      <Text>Varliginiza daha fazla tahammül edemem, tek seçenek savas!</Text>
    </Row>
    <Row Tag="TXT_KEY_LEADER_ASHURBANIPAL_ATTACKED_1">
      <Text>Bence bu kararinizdan pismanlik duyacaksiniz... hiç akillica degil.</Text>
    </Row>
    <Row Tag="TXT_KEY_LEADER_ASHURBANIPAL_ATTACKED_2">
      <Text>Gerçekten de aptalca bir seçim! Yanlis bilgilendirilmis olmalisiniz.</Text>
    </Row>
    <Row Tag="TXT_KEY_LEADER_ASHURBANIPAL_ATTACKED_3">
      <Text>Ne büyük bir hata yaptiniz! Sonucu görmekten keyif alacagim.</Text>
    </Row>
  </Language_en_US>
</GameData>