﻿<?xml version="1.0" encoding="utf-8"?>
<!--Sid Meier's Civilization V -->
<!--Copyright Firaxis Games 2010 -->
<GameData>
  <Language_en_US>
    <!--General phrases -->
    <!--Greeting (first time meeting) -->
    <Row Tag="TXT_KEY_LEADER_CASIMIR_FIRSTGREETING_1">
      <Text>Ben Büyük Casimir, Polonya Krali! Sizi görkemli kralligima getiren nedir?</Text>
    </Row>
    <Row Tag="TXT_KEY_LEADER_CASIMIR_FIRSTGREETING_2">
      <Text>Selamlar gezgin, ben Polonyali Casimir! Gelin - Ziyafet çekelim ve halkimizin hikayelerini paylasalim.</Text>
    </Row>
    <Row Tag="TXT_KEY_LEADER_CASIMIR_FIRSTGREETING_3">
      <Text>Hos geldin, Yabanci! Ben Polonya'nin Büyük Casimir'iyim. Belki de birçok basarimi duymussunuzdur?</Text>
    </Row>
    <!--Reacts to his bluff being called -->
    <Row Tag="TXT_KEY_LEADER_CASIMIR_WARBLUFF_1">
      <Text>Tehlikeli bir oyun oynuyorsunuz.</Text>
    </Row>
    <Row Tag="TXT_KEY_LEADER_CASIMIR_WARBLUFF_2">
      <Text>Tehlikeli bir oyun oynuyorsunuz.</Text>
    </Row>
    <Row Tag="TXT_KEY_LEADER_CASIMIR_WARBLUFF_3">
      <Text>Kelimelerinizi dikkatli seçin.</Text>
    </Row>
    <!--Gloats after winning a war -->
    <Row Tag="TXT_KEY_LEADER_CASIMIR_WINWAR_1">
      <Text>...Ve bugün, Polonya'nin hafife alinmamasi gerektigini ögrendiniz!</Text>
    </Row>
    <Row Tag="TXT_KEY_LEADER_CASIMIR_WINWAR_2">
      <Text>...Ve bugün, Polonya'nin hafife alinmamasi gerektigini ögrendiniz!</Text>
    </Row>
    <!--Submissive after losing a war -->
    <Row Tag="TXT_KEY_LEADER_CASIMIR_LOSEWAR_1">
      <Text>Yenilmis olabilirim ama halkimi buldugumdan daha iyi bir durumda biraktigim kesin!</Text>
    </Row>
    <Row Tag="TXT_KEY_LEADER_CASIMIR_LOSEWAR_2">
      <Text>Yenilmis olabilirim ama halkimi buldugumdan daha iyi bir durumda biraktigim kesin!</Text>
    </Row>
    <!--Defeated and removed from game -->
    <Row Tag="TXT_KEY_LEADER_CASIMIR_DEFEATED_1">
      <Text>Bu zaferin tadini çikarin, baska bir zaferiniz olmayabilir.</Text>
    </Row>
    <Row Tag="TXT_KEY_LEADER_CASIMIR_DEFEATED_2">
      <Text>Bugün galip sizsiniz... Umarim halkima onurla önderlik edersiniz.</Text>
    </Row>
    <Row Tag="TXT_KEY_LEADER_CASIMIR_DEFEATED_3">
      <Text>Kralligim her zaman gerçek kralini hatirlayacaktir... senin önemsiz zaferin ne olursa olsun.</Text>
    </Row>
    <!--Neutral -->
    <!--Greetings (subsequent meetings) -->
    <Row Tag="TXT_KEY_LEADER_CASIMIR_GREETING_1">
      <Text>Hos geldiniz.</Text>
    </Row>
    <Row Tag="TXT_KEY_LEADER_CASIMIR_GREETING_2">
      <Text>Selam!</Text>
    </Row>
    <!--Goodbye -->
    <Row Tag="TXT_KEY_LEADER_CASIMIR_GOODBYE_1">
      <Text>Git buradan.</Text>
    </Row>
    <Row Tag="TXT_KEY_LEADER_CASIMIR_GOODBYE_2">
      <Text>Hepsi bu kadar.</Text>
    </Row>
    <!--Trade offer from player - yes -->
    <Row Tag="TXT_KEY_LEADER_CASIMIR_TRADE_YES_NEUTRAL">
      <Text>Polonya adil bir ticareti memnuniyetle karsilamaktadir.</Text>
    </Row>
    <!--Trade offer from player - sweeten the deal -->
    <Row Tag="TXT_KEY_LEADER_CASIMIR_TRADE_NEEDMORE_NEUTRAL_1">
      <Text>Tüccarlarimiz da sizinkiler kadar yetenekli... Teklifinizi gelistirmeniz gerekecek.</Text>
    </Row>
    <Row Tag="TXT_KEY_LEADER_CASIMIR_TRADE_NEEDMORE_NEUTRAL_2">
      <Text>Biraz daha iyisini yapabilir misin?</Text>
    </Row>
    <Row Tag="TXT_KEY_LEADER_CASIMIR_TRADE_NEEDMORE_NEUTRAL_3">
      <Text>Neredeyse...</Text>
    </Row>
    <Row Tag="TXT_KEY_LEADER_CASIMIR_TRADE_NEEDMORE_NEUTRAL_4">
      <Text>Bu yeterince iyi degil.</Text>
    </Row>
    <!--Trade offer from player - no -->
    <Row Tag="TXT_KEY_LEADER_CASIMIR_TRADE_NO_NEUTRAL">
      <Text>Korkarim bu teklif bizim çikarlarimiza uygun degil.</Text>
    </Row>
    <!--Demand for tribute from player - yes -->
    <Row Tag="TXT_KEY_LEADER_CASIMIR_TRIBUTE_YES_NEUTRAL">
      <Text>Bu sefer kabul edecegiz, ama dikkatli davranin.</Text>
    </Row>
    <!--Demand for tribute from player - no -->
    <Row Tag="TXT_KEY_LEADER_CASIMIR_TRIBUTE_NO_NEUTRAL">
      <Text>Talebiniz tüm Polonya'ya bir hakarettir ve ben bunu kabul etmeyecegim.</Text>
    </Row>
    <!--Requests a trade -->
    <Row Tag="TXT_KEY_LEADER_CASIMIR_TRADEREQUEST_NEUTRAL">
      <Text>Bununla ilgileniyor musunuz?</Text>
    </Row>
    <!--Demands tribute -->
    <Row Tag="TXT_KEY_LEADER_CASIMIR_DEMANDTRIBUTE_NEUTRAL">
      <Text>Benden bir sey isteyecegin bir zaman gelebilir, ama simdilik senden bunu istemeliyim.</Text>
    </Row>
    <!--Agrees -->
    <Row Tag="TXT_KEY_LEADER_CASIMIR_AGREE_SHORT_1">
      <Text>Cok iyi.</Text>
    </Row>
    <Row Tag="TXT_KEY_LEADER_CASIMIR_AGREE_SHORT_2">
      <Text>Pekala.</Text>
    </Row>
    <!--Disagrees -->
    <Row Tag="TXT_KEY_LEADER_CASIMIR_DISAGREE_SHORT_1">
      <Text>Reddetmek zorundayim.</Text>
    </Row>
    <Row Tag="TXT_KEY_LEADER_CASIMIR_DISAGREE_SHORT_2">
      <Text>Hayir, tabii ki degil.</Text>
    </Row>
    <!--Let's hear it -->
    <Row Tag="TXT_KEY_LEADER_CASIMIR_LETSHEARIT_1">
      <Text>Duyalim bakalim.</Text>
    </Row>
    <Row Tag="TXT_KEY_LEADER_CASIMIR_LETSHEARIT_2">
      <Text>Devam et.</Text>
    </Row>
    <!--Happy -->
    <!--Greetings (subsequent meetings) -->
    <Row Tag="TXT_KEY_LEADER_CASIMIR_GREETING_3">
      <Text>Selamlar.</Text>
    </Row>
    <Row Tag="TXT_KEY_LEADER_CASIMIR_GREETING_4">
      <Text>Eee?</Text>
    </Row>
    <!--Goodbye -->
    <Row Tag="TXT_KEY_LEADER_CASIMIR_GOODBYE_3">
      <Text>Buradaki isimiz bitti.</Text>
    </Row>
    <Row Tag="TXT_KEY_LEADER_CASIMIR_GOODBYE_4">
      <Text>Güle güle.</Text>
    </Row>
    <!--Trade offer from player - yes -->
    <Row Tag="TXT_KEY_LEADER_CASIMIR_TRADE_YES_HAPPY">
      <Text>Bu çok hos olurdu.</Text>
    </Row>
    <!--Trade offer from player - sweeten the deal -->
    <Row Tag="TXT_KEY_LEADER_CASIMIR_TRADE_NEEDMORE_HAPPY_1">
      <Text>Böyle bir teklifi kabul edemem, belki siz daha iyisini yapabilirsiniz?</Text>
    </Row>
    <Row Tag="TXT_KEY_LEADER_CASIMIR_TRADE_NEEDMORE_HAPPY_2">
      <Text>Yapabileceginin en iyisi bu mu?</Text>
    </Row>
    <Row Tag="TXT_KEY_LEADER_CASIMIR_TRADE_NEEDMORE_HAPPY_3">
      <Text>Neredeyse vardin.</Text>
    </Row>
    <!--Trade offer from player - no -->
    <Row Tag="TXT_KEY_LEADER_CASIMIR_TRADE_NO_HAPPY">
      <Text>Bir arkadasiniza bilerek böyle kötü bir teklif yapmazsiniz, degil mi?</Text>
    </Row>
    <!--Demand for tribute from player - yes -->
    <Row Tag="TXT_KEY_LEADER_CASIMIR_TRIBUTE_YES_HAPPY">
      <Text>Polonya her zaman bir arkadasiyla paylasmaktan mutluluk duyar.</Text>
    </Row>
    <!--Demand for tribute from player - no -->
    <Row Tag="TXT_KEY_LEADER_CASIMIR_TRIBUTE_NO_HAPPY">
      <Text>Halkim bir arkadasim için bile bu kadar cömert olmama asla izin vermezdi.</Text>
    </Row>
    <!--Requests a trade -->
    <Row Tag="TXT_KEY_LEADER_CASIMIR_TRADEREQUEST_HAPPY">
      <Text>Selamlar dostum! Polonya bunu size takas olarak sunuyor.</Text>
    </Row>
    <!--Demands tribute -->
    <Row Tag="TXT_KEY_LEADER_CASIMIR_DEMANDTRIBUTE_HAPPY">
      <Text>Geçmiste bize dost oldunuz, bunu halkim için saglamayi düsünür müsünüz?</Text>
    </Row>
    <!--Agrees -->
    <Row Tag="TXT_KEY_LEADER_CASIMIR_AGREE_SHORT_3">
      <Text>Kesinlikle.</Text>
    </Row>
    <Row Tag="TXT_KEY_LEADER_CASIMIR_AGREE_SHORT_4">
      <Text>Kabul edildi.</Text>
    </Row>
    <Row Tag="TXT_KEY_LEADER_CASIMIR_AGREE_SHORT_5">
      <Text>Mükemmel.</Text>
    </Row>
    <!--Disagrees -->
    <Row Tag="TXT_KEY_LEADER_CASIMIR_DISAGREE_SHORT_3">
      <Text>Kesinlikle olmaz.</Text>
    </Row>
    <Row Tag="TXT_KEY_LEADER_CASIMIR_DISAGREE_SHORT_4">
      <Text>Reddetmeliyiz.</Text>
    </Row>
    <!--Let's hear it -->
    <Row Tag="TXT_KEY_LEADER_CASIMIR_LETSHEARIT_3">
      <Text>Dinliyorum.</Text>
    </Row>
    <Row Tag="TXT_KEY_LEADER_CASIMIR_LETSHEARIT_4">
      <Text>Evet mi?</Text>
    </Row>
    <!--Angry -->
    <!--Greetings (subsequent meetings) -->
    <Row Tag="TXT_KEY_LEADER_CASIMIR_GREETING_5">
      <Text>Ne istiyorsun?</Text>
    </Row>
    <Row Tag="TXT_KEY_LEADER_CASIMIR_GREETING_6">
      <Text>Ne istiyorsun?</Text>
    </Row>
    <!--Goodbye -->
    <Row Tag="TXT_KEY_LEADER_CASIMIR_GOODBYE_5">
      <Text>Hepsi bu kadar.</Text>
    </Row>
    <Row Tag="TXT_KEY_LEADER_CASIMIR_GOODBYE_6">
      <Text>Burada isimiz bitti.</Text>
    </Row>
    <!--Trade offer from player - yes -->
    <Row Tag="TXT_KEY_LEADER_CASIMIR_TRADE_YES_ANGRY">
      <Text>Güzel.</Text>
    </Row>
    <!--Trade offer from player - sweeten the deal -->
    <Row Tag="TXT_KEY_LEADER_CASIMIR_TRADE_NEEDMORE_ANGRY_1">
      <Text>Ciddi olamazsin.</Text>
    </Row>
    <Row Tag="TXT_KEY_LEADER_CASIMIR_TRADE_NEEDMORE_ANGRY_2">
      <Text>Bu yeterli olmayacaktir.</Text>
    </Row>
    <Row Tag="TXT_KEY_LEADER_CASIMIR_TRADE_NEEDMORE_ANGRY_3">
      <Text>Bundan daha iyisini yapmalisin.</Text>
    </Row>
    <Row Tag="TXT_KEY_LEADER_CASIMIR_TRADE_NEEDMORE_ANGRY_4">
      <Text>Ne kadar asagilayici bir teklif.</Text>
    </Row>
    <!--Trade offer from player - no -->
    <Row Tag="TXT_KEY_LEADER_CASIMIR_TRADE_NO_ANGRY">
      <Text>Bizi aptal mi saniyorsun? Hayir.</Text>
    </Row>
    <!--Demand for tribute from player - yes -->
    <Row Tag="TXT_KEY_LEADER_CASIMIR_TRIBUTE_YES_ANGRY">
      <Text>Görünüse göre bu sefer kabul etmekten baska seçenegim yok.</Text>
    </Row>
    <!--Demand for tribute from player - no -->
    <Row Tag="TXT_KEY_LEADER_CASIMIR_TRIBUTE_NO_ANGRY">
      <Text>Sakaniz hiç hos degil... Böyle çirkin bir talebi asla kabul etmeyiz!</Text>
    </Row>
    <!--Requests a trade -->
    <Row Tag="TXT_KEY_LEADER_CASIMIR_TRADEREQUEST_ANGRY">
      <Text>Size bunu takas olarak öneriyorum, karariniz nedir?</Text>
    </Row>
    <!--Demands tribute -->
    <Row Tag="TXT_KEY_LEADER_CASIMIR_DEMANDTRIBUTE_ANGRY">
      <Text>Kralligim sizden bunu talep ediyor ve bunu reddetmeniz aptallik olur!</Text>
    </Row>
    <!--Disagrees -->
    <Row Tag="TXT_KEY_LEADER_CASIMIR_DISAGREE_SHORT_5">
      <Text>Pardon?</Text>
    </Row>
    <Row Tag="TXT_KEY_LEADER_CASIMIR_DISAGREE_SHORT_6">
      <Text>Bu kabul edilemez.</Text>
    </Row>
    <Row Tag="TXT_KEY_LEADER_CASIMIR_DISAGREE_SHORT_7">
      <Text>Ciddi olamazsin!</Text>
    </Row>
    <!--Let's hear it -->
    <Row Tag="TXT_KEY_LEADER_CASIMIR_LETSHEARIT_5">
      <Text>Ne diyordun?</Text>
    </Row>
    <Row Tag="TXT_KEY_LEADER_CASIMIR_DECLAREWAR_1">
      <Text>Seçeneklerimi degerlendirdim ve sizi çikarmak en uygunu gibi görünüyor!</Text>
    </Row>
    <Row Tag="TXT_KEY_LEADER_CASIMIR_DECLAREWAR_2">
      <Text>Kralliginizi zevksiz buluyorum ve bu lekeyi dünyadan kaldirmanin benim yükümlülügüm oldugunu hissediyorum!</Text>
    </Row>
    <Row Tag="TXT_KEY_LEADER_CASIMIR_DECLAREWAR_3">
      <Text>Artik bu topraklarda kontrolsüzce dolasmamanizin halkimin yararina olacagina inaniyorum...</Text>
    </Row>
    <Row Tag="TXT_KEY_LEADER_CASIMIR_ATTACKED_1">
      <Text>Ordularim varliginizin hatirasini silecek!</Text>
    </Row>
    <Row Tag="TXT_KEY_LEADER_CASIMIR_ATTACKED_2">
      <Text>Bu ne hainlik?! Karincaya basar gibi sana basacagim.</Text>
    </Row>
    <Row Tag="TXT_KEY_LEADER_CASIMIR_ATTACKED_3">
      <Text>Görüyorum ki diplomasinin inceliklerinden yoksunsun! Belki de yenilgide alçakgönüllülügü ögrenirsin!</Text>
    </Row>
  </Language_en_US>
</GameData>