﻿<?xml version="1.0" encoding="utf-8"?>
<!--Sid Meier's Civilization V -->
<!--Copyright Firaxis Games 2010 -->
<GameData>
  <Language_en_US>
    <!--General phrases -->
    <!--Greeting (first time meeting) -->
    <Row Tag="TXT_KEY_LEADER_AHMAD_ALMANSUR_FIRSTGREETING_1">
      <Text>Fas'tan selamlar... Ben Ahmad Al-Mansur. Size nasil yardimci olabilirim?</Text>
    </Row>
    <Row Tag="TXT_KEY_LEADER_AHMAD_ALMANSUR_FIRSTGREETING_2">
      <Text>Ben Fas Sultani Ahmad Al-Mansur, halkim adina size hos geldiniz diyorum.</Text>
    </Row>
    <Row Tag="TXT_KEY_LEADER_AHMAD_ALMANSUR_FIRSTGREETING_3">
      <Text>Fas'a hos geldiniz, umarim iliskimiz uzun ve basarili olur.</Text>
    </Row>
    <!--Reacts to his bluff being called -->
    <Row Tag="TXT_KEY_LEADER_AHMAD_ALMANSUR_WARBLUFF_1">
      <Text>Bu tür açiklamalari ciddiye alamam.</Text>
    </Row>
    <Row Tag="TXT_KEY_LEADER_AHMAD_ALMANSUR_WARBLUFF_2">
      <Text>Tehlikeli bir oyun oynuyorsunuz.</Text>
    </Row>
    <Row Tag="TXT_KEY_LEADER_AHMAD_ALMANSUR_WARBLUFF_3">
      <Text>Kelimelerinizi dikkatli seçin.</Text>
    </Row>
    <!--Gloats after winning a war -->
    <Row Tag="TXT_KEY_LEADER_AHMAD_ALMANSUR_WINWAR_1">
      <Text>Uzun süren dikkatli müzakerelerin ardindan bu çatisma sona ermistir.</Text>
    </Row>
    <Row Tag="TXT_KEY_LEADER_AHMAD_ALMANSUR_WINWAR_2">
      <Text>Uzun süren dikkatli müzakerelerin ardindan bu çatisma sona ermistir.</Text>
    </Row>
    <!--Submissive after losing a war -->
    <Row Tag="TXT_KEY_LEADER_AHMAD_ALMANSUR_LOSEWAR_1">
      <Text>Belki de artik düzgün diplomatik iliskilere geri dönebiliriz.</Text>
    </Row>
    <Row Tag="TXT_KEY_LEADER_AHMAD_ALMANSUR_LOSEWAR_2">
      <Text>Belki de artik düzgün diplomatik iliskilere geri dönebiliriz.</Text>
    </Row>
    <!--Defeated and removed from game -->
    <Row Tag="TXT_KEY_LEADER_AHMAD_ALMANSUR_DEFEATED_1">
      <Text>Iste bu yüzden müzakere masasini savas alanina tercih ediyorum!</Text>
    </Row>
    <Row Tag="TXT_KEY_LEADER_AHMAD_ALMANSUR_DEFEATED_2">
      <Text>Belki de beklentilerim biraz fazla yüksekti.</Text>
    </Row>
    <Row Tag="TXT_KEY_LEADER_AHMAD_ALMANSUR_DEFEATED_3">
      <Text>Görünüse göre birliklerimin yeteneklerini abartmisim.</Text>
    </Row>
    <!--Neutral -->
    <!--Greetings (subsequent meetings) -->
    <Row Tag="TXT_KEY_LEADER_AHMAD_ALMANSUR_GREETING_1">
      <Text>Hos geldiniz.</Text>
    </Row>
    <Row Tag="TXT_KEY_LEADER_AHMAD_ALMANSUR_GREETING_2">
      <Text>Selam!</Text>
    </Row>
    <!--Goodbye -->
    <Row Tag="TXT_KEY_LEADER_AHMAD_ALMANSUR_GOODBYE_1">
      <Text>Git buradan.</Text>
    </Row>
    <Row Tag="TXT_KEY_LEADER_AHMAD_ALMANSUR_GOODBYE_2">
      <Text>Hepsi bu kadar.</Text>
    </Row>
    <!--Trade offer from player - yes -->
    <Row Tag="TXT_KEY_LEADER_AHMAD_ALMANSUR_TRADE_YES_NEUTRAL">
      <Text>Ayni fikirdeyim.</Text>
    </Row>
    <!--Trade offer from player - sweeten the deal -->
    <Row Tag="TXT_KEY_LEADER_AHMAD_ALMANSUR_TRADE_NEEDMORE_NEUTRAL_1">
      <Text>Teklifinizi tatlandirmak için yapabileceginiz bir sey var mi?</Text>
    </Row>
    <Row Tag="TXT_KEY_LEADER_AHMAD_ALMANSUR_TRADE_NEEDMORE_NEUTRAL_2">
      <Text>Biraz daha iyisini yapabilir misin?</Text>
    </Row>
    <Row Tag="TXT_KEY_LEADER_AHMAD_ALMANSUR_TRADE_NEEDMORE_NEUTRAL_3">
      <Text>Neredeyse...</Text>
    </Row>
    <Row Tag="TXT_KEY_LEADER_AHMAD_ALMANSUR_TRADE_NEEDMORE_NEUTRAL_4">
      <Text>Bu yeterince iyi degil.</Text>
    </Row>
    <!--Trade offer from player - no -->
    <Row Tag="TXT_KEY_LEADER_AHMAD_ALMANSUR_TRADE_NO_NEUTRAL">
      <Text>Hayir, bu sefer degil.</Text>
    </Row>
    <!--Demand for tribute from player - yes -->
    <Row Tag="TXT_KEY_LEADER_AHMAD_ALMANSUR_TRIBUTE_YES_NEUTRAL">
      <Text>Ihtiyaci olanlara yardim etmek hepimizin görevidir.</Text>
    </Row>
    <!--Demand for tribute from player - no -->
    <Row Tag="TXT_KEY_LEADER_AHMAD_ALMANSUR_TRIBUTE_NO_NEUTRAL">
      <Text>Programim bu tartisma için çok yogun.</Text>
    </Row>
    <!--Requests a trade -->
    <Row Tag="TXT_KEY_LEADER_AHMAD_ALMANSUR_TRADEREQUEST_NEUTRAL">
      <Text>Size bir anlasma umuduyla geldim.</Text>
    </Row>
    <!--Demands tribute -->
    <Row Tag="TXT_KEY_LEADER_AHMAD_ALMANSUR_DEMANDTRIBUTE_NEUTRAL">
      <Text>Teklifim adil, dikkate alin.</Text>
    </Row>
    <!--Agrees -->
    <Row Tag="TXT_KEY_LEADER_AHMAD_ALMANSUR_AGREE_SHORT_1">
      <Text>Tamam.</Text>
    </Row>
    <Row Tag="TXT_KEY_LEADER_AHMAD_ALMANSUR_AGREE_SHORT_2">
      <Text>Cok iyi.</Text>
    </Row>
    <!--Disagrees -->
    <Row Tag="TXT_KEY_LEADER_AHMAD_ALMANSUR_DISAGREE_SHORT_1">
      <Text>Reddetmek zorundayim.</Text>
    </Row>
    <Row Tag="TXT_KEY_LEADER_AHMAD_ALMANSUR_DISAGREE_SHORT_2">
      <Text>Hayir, tabii ki degil.</Text>
    </Row>
    <!--Let's hear it -->
    <Row Tag="TXT_KEY_LEADER_AHMAD_ALMANSUR_LETSHEARIT_1">
      <Text>Duyalim bakalim.</Text>
    </Row>
    <Row Tag="TXT_KEY_LEADER_AHMAD_ALMANSUR_LETSHEARIT_2">
      <Text>Devam et.</Text>
    </Row>
    <!--Happy -->
    <!--Greetings (subsequent meetings) -->
    <Row Tag="TXT_KEY_LEADER_AHMAD_ALMANSUR_GREETING_3">
      <Text>Selamlar.</Text>
    </Row>
    <Row Tag="TXT_KEY_LEADER_AHMAD_ALMANSUR_GREETING_4">
      <Text>Eee?</Text>
    </Row>
    <!--Goodbye -->
    <Row Tag="TXT_KEY_LEADER_AHMAD_ALMANSUR_GOODBYE_3">
      <Text>Buradaki isimiz bitti.</Text>
    </Row>
    <Row Tag="TXT_KEY_LEADER_AHMAD_ALMANSUR_GOODBYE_4">
      <Text>Güle güle.</Text>
    </Row>
    <!--Trade offer from player - yes -->
    <Row Tag="TXT_KEY_LEADER_AHMAD_ALMANSUR_TRADE_YES_HAPPY">
      <Text>Bu her iki kralliga da istikrar getirecektir.</Text>
    </Row>
    <!--Trade offer from player - sweeten the deal -->
    <Row Tag="TXT_KEY_LEADER_AHMAD_ALMANSUR_TRADE_NEEDMORE_HAPPY_1">
      <Text>Sartlariniz biraz daha uygun olabilir.</Text>
    </Row>
    <Row Tag="TXT_KEY_LEADER_AHMAD_ALMANSUR_TRADE_NEEDMORE_HAPPY_2">
      <Text>Yapabileceginin en iyisi bu mu?</Text>
    </Row>
    <Row Tag="TXT_KEY_LEADER_AHMAD_ALMANSUR_TRADE_NEEDMORE_HAPPY_3">
      <Text>Neredeyse vardin.</Text>
    </Row>
    <!--Trade offer from player - no -->
    <Row Tag="TXT_KEY_LEADER_AHMAD_ALMANSUR_TRADE_NO_HAPPY">
      <Text>Üzgünüm ama bunu kabul edemem.</Text>
    </Row>
    <!--Demand for tribute from player - yes -->
    <Row Tag="TXT_KEY_LEADER_AHMAD_ALMANSUR_TRIBUTE_YES_HAPPY">
      <Text>Neye ihtiyaciniz varsa, onu alacaksiniz.</Text>
    </Row>
    <!--Demand for tribute from player - no -->
    <Row Tag="TXT_KEY_LEADER_AHMAD_ALMANSUR_TRIBUTE_NO_HAPPY">
      <Text>Benden çok sey istiyorsun dostum.</Text>
    </Row>
    <!--Requests a trade -->
    <Row Tag="TXT_KEY_LEADER_AHMAD_ALMANSUR_TRADEREQUEST_HAPPY">
      <Text>Her iki halk için de büyük faydalar saglayabilecek bir potansiyel görüyorum.</Text>
    </Row>
    <!--Demands tribute -->
    <Row Tag="TXT_KEY_LEADER_AHMAD_ALMANSUR_DEMANDTRIBUTE_HAPPY">
      <Text>Bunu saglayabilirsin, ne de olsa arkadasiz?</Text>
    </Row>
    <!--Agrees -->
    <Row Tag="TXT_KEY_LEADER_AHMAD_ALMANSUR_AGREE_SHORT_3">
      <Text>Kesinlikle.</Text>
    </Row>
    <Row Tag="TXT_KEY_LEADER_AHMAD_ALMANSUR_AGREE_SHORT_4">
      <Text>Kabul edildi.</Text>
    </Row>
    <Row Tag="TXT_KEY_LEADER_AHMAD_ALMANSUR_AGREE_SHORT_5">
      <Text>Mükemmel.</Text>
    </Row>
    <!--Disagrees -->
    <Row Tag="TXT_KEY_LEADER_AHMAD_ALMANSUR_DISAGREE_SHORT_3">
      <Text>Kesinlikle olmaz.</Text>
    </Row>
    <Row Tag="TXT_KEY_LEADER_AHMAD_ALMANSUR_DISAGREE_SHORT_4">
      <Text>Reddetmeliyiz.</Text>
    </Row>
    <!--Let's hear it -->
    <Row Tag="TXT_KEY_LEADER_AHMAD_ALMANSUR_LETSHEARIT_3">
      <Text>Dinliyorum.</Text>
    </Row>
    <Row Tag="TXT_KEY_LEADER_AHMAD_ALMANSUR_LETSHEARIT_4">
      <Text>Evet mi?</Text>
    </Row>
    <!--Angry -->
    <!--Greetings (subsequent meetings) -->
    <Row Tag="TXT_KEY_LEADER_AHMAD_ALMANSUR_GREETING_5">
      <Text>Ne istiyorsun?</Text>
    </Row>
    <Row Tag="TXT_KEY_LEADER_AHMAD_ALMANSUR_GREETING_6">
      <Text>Ne istiyorsun?</Text>
    </Row>
    <!--Goodbye -->
    <Row Tag="TXT_KEY_LEADER_AHMAD_ALMANSUR_GOODBYE_5">
      <Text>Hepsi bu kadar.</Text>
    </Row>
    <Row Tag="TXT_KEY_LEADER_AHMAD_ALMANSUR_GOODBYE_6">
      <Text>Oh, sensin.</Text>
    </Row>
    <!--Trade offer from player - yes -->
    <Row Tag="TXT_KEY_LEADER_AHMAD_ALMANSUR_TRADE_YES_ANGRY">
      <Text>En iyi kararima ragmen, bu takasi kabul edecegim.</Text>
    </Row>
    <!--Trade offer from player - sweeten the deal -->
    <Row Tag="TXT_KEY_LEADER_AHMAD_ALMANSUR_TRADE_NEEDMORE_ANGRY_1">
      <Text>Teklifiniz halkimin ilgisini çekmeye yetmiyor.</Text>
    </Row>
    <Row Tag="TXT_KEY_LEADER_AHMAD_ALMANSUR_TRADE_NEEDMORE_ANGRY_2">
      <Text>Bu yeterli olmayacaktir.</Text>
    </Row>
    <Row Tag="TXT_KEY_LEADER_AHMAD_ALMANSUR_TRADE_NEEDMORE_ANGRY_3">
      <Text>Bundan daha iyisini yapmalisin.</Text>
    </Row>
    <Row Tag="TXT_KEY_LEADER_AHMAD_ALMANSUR_TRADE_NEEDMORE_ANGRY_4">
      <Text>Ne kadar asagilayici bir teklif.</Text>
    </Row>
    <!--Trade offer from player - no -->
    <Row Tag="TXT_KEY_LEADER_AHMAD_ALMANSUR_TRADE_NO_ANGRY">
      <Text>Bunu sizinle tartismak gibi bir niyetim yok.</Text>
    </Row>
    <!--Demand for tribute from player - yes -->
    <Row Tag="TXT_KEY_LEADER_AHMAD_ALMANSUR_TRIBUTE_YES_ANGRY">
      <Text>Tüm Fas bu hakareti hatirlayacaktir.</Text>
    </Row>
    <!--Demand for tribute from player - no -->
    <Row Tag="TXT_KEY_LEADER_AHMAD_ALMANSUR_TRIBUTE_NO_ANGRY">
      <Text>Size yardim etmek gibi bir niyetimiz yok.</Text>
    </Row>
    <!--Requests a trade -->
    <Row Tag="TXT_KEY_LEADER_AHMAD_ALMANSUR_TRADEREQUEST_ANGRY">
      <Text>Belki bunu kabul ederseniz, sizi birçok müttefikimle tanistirabilirim...</Text>
    </Row>
    <!--Demands tribute -->
    <Row Tag="TXT_KEY_LEADER_AHMAD_ALMANSUR_DEMANDTRIBUTE_ANGRY">
      <Text>Su anki basarisizliginizin gelecekte mutlaka sonuçlari olacaktir!</Text>
    </Row>
    <!--Disagrees -->
    <Row Tag="TXT_KEY_LEADER_AHMAD_ALMANSUR_DISAGREE_SHORT_5">
      <Text>Pardon?</Text>
    </Row>
    <Row Tag="TXT_KEY_LEADER_AHMAD_ALMANSUR_DISAGREE_SHORT_6">
      <Text>Bu kabul edilemez.</Text>
    </Row>
    <Row Tag="TXT_KEY_LEADER_AHMAD_ALMANSUR_DISAGREE_SHORT_7">
      <Text>Ciddi olamazsin!</Text>
    </Row>
    <!--Let's hear it -->
    <Row Tag="TXT_KEY_LEADER_AHMAD_ALMANSUR_LETSHEARIT_5">
      <Text>Ne diyordun?</Text>
    </Row>
    <Row Tag="TXT_KEY_LEADER_AHMAD_ALMANSUR_DECLAREWAR_1">
      <Text>Görünüse göre kavgamizin tek çözümü açik bir savas.</Text>
    </Row>
    <Row Tag="TXT_KEY_LEADER_AHMAD_ALMANSUR_DECLAREWAR_2">
      <Text>...Ve böylece savas basliyor... Kendinizi hazirlayin!</Text>
    </Row>
    <Row Tag="TXT_KEY_LEADER_AHMAD_ALMANSUR_DECLAREWAR_3">
      <Text>Diplomasi için de savas için de bir zaman vardir... Bu ikincisi.</Text>
    </Row>
    <Row Tag="TXT_KEY_LEADER_AHMAD_ALMANSUR_ATTACKED_1">
      <Text>Anlamsiz siddete basvurmakta bu kadar acele etmeniz utanç verici.</Text>
    </Row>
    <Row Tag="TXT_KEY_LEADER_AHMAD_ALMANSUR_ATTACKED_2">
      <Text>Elbette bir müzakere daha iyi bir seçim olurdu.</Text>
    </Row>
    <Row Tag="TXT_KEY_LEADER_AHMAD_ALMANSUR_ATTACKED_3">
      <Text>Bu küstah kararin bedelini çok agir ödeyeceksiniz.</Text>
    </Row>
  </Language_en_US>
</GameData>