﻿<?xml version="1.0" encoding="utf-8"?>
<!--Sid Meier's Civilization V -->
<!--Copyright Firaxis Games 2010 -->
<GameData>
  <Language_en_US>
    <!--General phrases -->
    <!--Greeting (first time meeting) -->
    <Row Tag="TXT_KEY_LEADER_PEDRO_FIRSTGREETING_1">
      <Text>Ben Pedro, Brezilya Imparatoru... Hosbese ayiracak vaktim yok, sizi buraya getiren nedir?</Text>
    </Row>
    <Row Tag="TXT_KEY_LEADER_PEDRO_FIRSTGREETING_2">
      <Text>Brezilya'ya hos geldiniz. Zaman en büyük degerlerimizden biridir  umarim benimkini bosa harcamazsiniz.</Text>
    </Row>
    <Row Tag="TXT_KEY_LEADER_PEDRO_FIRSTGREETING_3">
      <Text>Seni Brezilya'ya getiren nedir dostum? Ben Pedro, yapmamiz gereken bir is mi var?</Text>
    </Row>
    <!--Reacts to his bluff being called -->
    <Row Tag="TXT_KEY_LEADER_PEDRO_WARBLUFF_1">
      <Text>Bu ne aptallik? Birilerinin sizi ciddiye almasini mi bekliyorsunuz?</Text>
    </Row>
    <Row Tag="TXT_KEY_LEADER_PEDRO_WARBLUFF_2">
      <Text>Tehlikeli bir oyun oynuyorsunuz.</Text>
    </Row>
    <Row Tag="TXT_KEY_LEADER_PEDRO_WARBLUFF_3">
      <Text>Kendini iyi hissediyor musun? Kabadayiligin gülünç.</Text>
    </Row>
    <!--Gloats after winning a war -->
    <Row Tag="TXT_KEY_LEADER_PEDRO_WINWAR_1">
      <Text>Dikkatli bir rehberlikle Brezilya'nin gücü tüm zorluklara ragmen parlar.</Text>
    </Row>
    <Row Tag="TXT_KEY_LEADER_PEDRO_WINWAR_2">
      <Text>Dikkatli bir rehberlikle Brezilya'nin gücü tüm zorluklara ragmen parlar.</Text>
    </Row>
    <!--Submissive after losing a war -->
    <Row Tag="TXT_KEY_LEADER_PEDRO_LOSEWAR_1">
      <Text>Günü kazandiniz, ancak daha gelecek çok gün var.</Text>
    </Row>
    <Row Tag="TXT_KEY_LEADER_PEDRO_LOSEWAR_2">
      <Text>Günü kazandiniz, ancak daha gelecek çok gün var.</Text>
    </Row>
    <!--Defeated and removed from game -->
    <Row Tag="TXT_KEY_LEADER_PEDRO_DEFEATED_1">
      <Text>Iste bu yüzden diplomasiyi siddete tercih ediyorum!</Text>
    </Row>
    <Row Tag="TXT_KEY_LEADER_PEDRO_DEFEATED_2">
      <Text>Umarim bu çatisma istahinizi tatmin etmeye yetmistir!</Text>
    </Row>
    <Row Tag="TXT_KEY_LEADER_PEDRO_DEFEATED_3">
      <Text>Büyük bir isteksizlikle de olsa kazananin siz oldugunu kabul ediyorum.</Text>
    </Row>
    <!--Neutral -->
    <!--Greetings (subsequent meetings) -->
    <Row Tag="TXT_KEY_LEADER_PEDRO_GREETING_1">
      <Text>Hos geldiniz.</Text>
    </Row>
    <Row Tag="TXT_KEY_LEADER_PEDRO_GREETING_2">
      <Text>Selam!</Text>
    </Row>
    <!--Goodbye -->
    <Row Tag="TXT_KEY_LEADER_PEDRO_GOODBYE_1">
      <Text>Git buradan.</Text>
    </Row>
    <Row Tag="TXT_KEY_LEADER_PEDRO_GOODBYE_2">
      <Text>Hepsi bu kadar.</Text>
    </Row>
    <!--Trade offer from player - yes -->
    <Row Tag="TXT_KEY_LEADER_PEDRO_TRADE_YES_NEUTRAL">
      <Text>Bu kabul edilebilir.</Text>
    </Row>
    <!--Trade offer from player - sweeten the deal -->
    <Row Tag="TXT_KEY_LEADER_PEDRO_TRADE_NEEDMORE_NEUTRAL_1">
      <Text>Bunu kabul etmem için daha fazla taviz vermeniz gerekecek.</Text>
    </Row>
    <Row Tag="TXT_KEY_LEADER_PEDRO_TRADE_NEEDMORE_NEUTRAL_2">
      <Text>Biraz daha iyisini yapabilir misin?</Text>
    </Row>
    <Row Tag="TXT_KEY_LEADER_PEDRO_TRADE_NEEDMORE_NEUTRAL_3">
      <Text>Neredeyse...</Text>
    </Row>
    <Row Tag="TXT_KEY_LEADER_PEDRO_TRADE_NEEDMORE_NEUTRAL_4">
      <Text>Bu yeterince iyi degil.</Text>
    </Row>
    <!--Trade offer from player - no -->
    <Row Tag="TXT_KEY_LEADER_PEDRO_TRADE_NO_NEUTRAL">
      <Text>Bu bana uymuyor.</Text>
    </Row>
    <!--Demand for tribute from player - yes -->
    <Row Tag="TXT_KEY_LEADER_PEDRO_TRIBUTE_YES_NEUTRAL">
      <Text>Cömertligimden faydalaniyorsun.</Text>
    </Row>
    <!--Demand for tribute from player - no -->
    <Row Tag="TXT_KEY_LEADER_PEDRO_TRIBUTE_NO_NEUTRAL">
      <Text>Zamanim degerli - talep reddedildi.</Text>
    </Row>
    <!--Requests a trade -->
    <Row Tag="TXT_KEY_LEADER_PEDRO_TRADEREQUEST_NEUTRAL">
      <Text>Bu teklifi dikkate alin.</Text>
    </Row>
    <!--Demands tribute -->
    <Row Tag="TXT_KEY_LEADER_PEDRO_DEMANDTRIBUTE_NEUTRAL">
      <Text>Bu kesinlikle yardimci olacaktir.</Text>
    </Row>
    <!--Agrees -->
    <Row Tag="TXT_KEY_LEADER_PEDRO_AGREE_SHORT_1">
      <Text>Tamam.</Text>
    </Row>
    <Row Tag="TXT_KEY_LEADER_PEDRO_AGREE_SHORT_2">
      <Text>Cok iyi.</Text>
    </Row>
    <!--Disagrees -->
    <Row Tag="TXT_KEY_LEADER_PEDRO_DISAGREE_SHORT_1">
      <Text>Reddetmek zorundayim.</Text>
    </Row>
    <Row Tag="TXT_KEY_LEADER_PEDRO_DISAGREE_SHORT_2">
      <Text>Hayir, tabii ki degil.</Text>
    </Row>
    <!--Let's hear it -->
    <Row Tag="TXT_KEY_LEADER_PEDRO_LETSHEARIT_1">
      <Text>Duyalim bakalim.</Text>
    </Row>
    <Row Tag="TXT_KEY_LEADER_PEDRO_LETSHEARIT_2">
      <Text>Devam et.</Text>
    </Row>
    <!--Happy -->
    <!--Greetings (subsequent meetings) -->
    <Row Tag="TXT_KEY_LEADER_PEDRO_GREETING_3">
      <Text>Selamlar.</Text>
    </Row>
    <Row Tag="TXT_KEY_LEADER_PEDRO_GREETING_4">
      <Text>Eee?</Text>
    </Row>
    <!--Goodbye -->
    <Row Tag="TXT_KEY_LEADER_PEDRO_GOODBYE_3">
      <Text>Buradaki isimiz bitti.</Text>
    </Row>
    <Row Tag="TXT_KEY_LEADER_PEDRO_GOODBYE_4">
      <Text>Güle güle.</Text>
    </Row>
    <!--Trade offer from player - yes -->
    <Row Tag="TXT_KEY_LEADER_PEDRO_TRADE_YES_HAPPY">
      <Text>Gerçekten de cömert bir teklif, kabul ediyoruz.</Text>
    </Row>
    <!--Trade offer from player - sweeten the deal -->
    <Row Tag="TXT_KEY_LEADER_PEDRO_TRADE_NEEDMORE_HAPPY_1">
      <Text>Teklifiniz ikna edici ama yeterli degil.</Text>
    </Row>
    <Row Tag="TXT_KEY_LEADER_PEDRO_TRADE_NEEDMORE_HAPPY_2">
      <Text>Yapabileceginin en iyisi bu mu?</Text>
    </Row>
    <Row Tag="TXT_KEY_LEADER_PEDRO_TRADE_NEEDMORE_HAPPY_3">
      <Text>Neredeyse vardin.</Text>
    </Row>
    <!--Trade offer from player - no -->
    <Row Tag="TXT_KEY_LEADER_PEDRO_TRADE_NO_HAPPY">
      <Text>Üzgünüm ama maliyeti katlanilamayacak kadar fazla.</Text>
    </Row>
    <!--Demand for tribute from player - yes -->
    <Row Tag="TXT_KEY_LEADER_PEDRO_TRIBUTE_YES_HAPPY">
      <Text>Güvenilir bir yurttas için her seyi yaparim.</Text>
    </Row>
    <!--Demand for tribute from player - no -->
    <Row Tag="TXT_KEY_LEADER_PEDRO_TRIBUTE_NO_HAPPY">
      <Text>Korkarim bu mümkün degil.</Text>
    </Row>
    <!--Requests a trade -->
    <Row Tag="TXT_KEY_LEADER_PEDRO_TRADEREQUEST_HAPPY">
      <Text>Ticaret sayesinde ikimiz de zenginlesecek miyiz?</Text>
    </Row>
    <!--Demands tribute -->
    <Row Tag="TXT_KEY_LEADER_PEDRO_DEMANDTRIBUTE_HAPPY">
      <Text>Halkimin çikarlari için sizden bunu istiyorum.</Text>
    </Row>
    <!--Agrees -->
    <Row Tag="TXT_KEY_LEADER_PEDRO_AGREE_SHORT_3">
      <Text>Kesinlikle.</Text>
    </Row>
    <Row Tag="TXT_KEY_LEADER_PEDRO_AGREE_SHORT_4">
      <Text>Kabul edildi.</Text>
    </Row>
    <Row Tag="TXT_KEY_LEADER_PEDRO_AGREE_SHORT_5">
      <Text>Mükemmel.</Text>
    </Row>
    <!--Disagrees -->
    <Row Tag="TXT_KEY_LEADER_PEDRO_DISAGREE_SHORT_3">
      <Text>Kesinlikle olmaz.</Text>
    </Row>
    <Row Tag="TXT_KEY_LEADER_PEDRO_DISAGREE_SHORT_4">
      <Text>Reddetmeliyiz.</Text>
    </Row>
    <!--Let's hear it -->
    <Row Tag="TXT_KEY_LEADER_PEDRO_LETSHEARIT_3">
      <Text>Dinliyorum.</Text>
    </Row>
    <Row Tag="TXT_KEY_LEADER_PEDRO_LETSHEARIT_4">
      <Text>Evet mi?</Text>
    </Row>
    <!--Angry -->
    <!--Greetings (subsequent meetings) -->
    <Row Tag="TXT_KEY_LEADER_PEDRO_GREETING_5">
      <Text>Ne istiyorsun?</Text>
    </Row>
    <Row Tag="TXT_KEY_LEADER_PEDRO_GREETING_6">
      <Text>Ne istiyorsun?</Text>
    </Row>
    <!--Goodbye -->
    <Row Tag="TXT_KEY_LEADER_PEDRO_GOODBYE_5">
      <Text>Hepsi bu kadar.</Text>
    </Row>
    <Row Tag="TXT_KEY_LEADER_PEDRO_GOODBYE_6">
      <Text>Oh, sensin.</Text>
    </Row>
    <!--Trade offer from player - yes -->
    <Row Tag="TXT_KEY_LEADER_PEDRO_TRADE_YES_ANGRY">
      <Text>Istemeyerek de olsa kabul ediyorum.</Text>
    </Row>
    <!--Trade offer from player - sweeten the deal -->
    <Row Tag="TXT_KEY_LEADER_PEDRO_TRADE_NEEDMORE_ANGRY_1">
      <Text>Teklifiniz benim açimdan hiçbir anlam ifade etmiyor.</Text>
    </Row>
    <Row Tag="TXT_KEY_LEADER_PEDRO_TRADE_NEEDMORE_ANGRY_2">
      <Text>Bu yeterli olmayacaktir.</Text>
    </Row>
    <Row Tag="TXT_KEY_LEADER_PEDRO_TRADE_NEEDMORE_ANGRY_3">
      <Text>Bundan daha iyisini yapmalisin.</Text>
    </Row>
    <Row Tag="TXT_KEY_LEADER_PEDRO_TRADE_NEEDMORE_ANGRY_4">
      <Text>Ne kadar asagilayici bir teklif.</Text>
    </Row>
    <!--Trade offer from player - no -->
    <Row Tag="TXT_KEY_LEADER_PEDRO_TRADE_NO_ANGRY">
      <Text>Sence ben akilsiz miyim? Kesinlikle hayir.</Text>
    </Row>
    <!--Demand for tribute from player - yes -->
    <Row Tag="TXT_KEY_LEADER_PEDRO_TRIBUTE_YES_ANGRY">
      <Text>Sadece büyük baskilar altinda itaat ediyorum.</Text>
    </Row>
    <!--Demand for tribute from player - no -->
    <Row Tag="TXT_KEY_LEADER_PEDRO_TRIBUTE_NO_ANGRY">
      <Text>Benden böyle bir sey isteme cüretini mi gösteriyorsun?</Text>
    </Row>
    <!--Requests a trade -->
    <Row Tag="TXT_KEY_LEADER_PEDRO_TRADEREQUEST_ANGRY">
      <Text>Bana ne kadar aci verse de, sizinle bu takasi talep etmek zorundayim.</Text>
    </Row>
    <!--Demands tribute -->
    <Row Tag="TXT_KEY_LEADER_PEDRO_DEMANDTRIBUTE_ANGRY">
      <Text>Bos gevezelige ayiracak vaktim yok, sizden bunu istiyorum.</Text>
    </Row>
    <!--Disagrees -->
    <Row Tag="TXT_KEY_LEADER_PEDRO_DISAGREE_SHORT_5">
      <Text>Pardon?</Text>
    </Row>
    <Row Tag="TXT_KEY_LEADER_PEDRO_DISAGREE_SHORT_6">
      <Text>Bu kabul edilemez.</Text>
    </Row>
    <Row Tag="TXT_KEY_LEADER_PEDRO_DISAGREE_SHORT_7">
      <Text>Ciddi olamazsin!</Text>
    </Row>
    <!--Let's hear it -->
    <Row Tag="TXT_KEY_LEADER_PEDRO_LETSHEARIT_5">
      <Text>Ne diyordun?</Text>
    </Row>
    <Row Tag="TXT_KEY_LEADER_PEDRO_DECLAREWAR_1">
      <Text>Sonunda, kralliginiz benim yönetimim altinda daha iyi olacak!</Text>
    </Row>
    <Row Tag="TXT_KEY_LEADER_PEDRO_DECLAREWAR_2">
      <Text>Cok fazla cesurca karar verdiniz, savasa hazirlanin!</Text>
    </Row>
    <Row Tag="TXT_KEY_LEADER_PEDRO_DECLAREWAR_3">
      <Text>Halkimi korumak için gitmelisin.</Text>
    </Row>
    <Row Tag="TXT_KEY_LEADER_PEDRO_ATTACKED_1">
      <Text>Bu çatismadan etkilenen herkes için endiseleniyorum.</Text>
    </Row>
    <Row Tag="TXT_KEY_LEADER_PEDRO_ATTACKED_2">
      <Text>Bunu enine boyuna düsündügünüzü varsayabilirim.</Text>
    </Row>
    <Row Tag="TXT_KEY_LEADER_PEDRO_ATTACKED_3">
      <Text>Bence bu kararinizdan pismanlik duyacaksiniz.</Text>
    </Row>
  </Language_en_US>
</GameData>