﻿<?xml version="1.0" encoding="utf-8"?>
<!--Sid Meier's Civilization V -->
<!--Copyright Firaxis Games 2010 -->
<GameData>
  <Language_en_US>
    <!--General phrases -->
    <!--Greeting (first time meeting) -->
    <Row Tag="TXT_KEY_LEADER_SHAKA_FIRSTGREETING_1">
      <Text>Ben Shaka'yim! Zulu Kralligi'nin hükümdari! Neden geldiniz?</Text>
    </Row>
    <Row Tag="TXT_KEY_LEADER_SHAKA_FIRSTGREETING_2">
      <Text>Karsinizda bir savasçi olarak duruyorum... Siz de aynisini söyleyebilir misiniz?</Text>
    </Row>
    <Row Tag="TXT_KEY_LEADER_SHAKA_FIRSTGREETING_3">
      <Text>Güçlü Zulu Kralligi yaklasiyor... kelimelerinizi dikkatli seçin!</Text>
    </Row>
    <!--Reacts to his bluff being called -->
    <Row Tag="TXT_KEY_LEADER_SHAKA_WARBLUFF_1">
      <Text>Tehlikeli bir oyun oynuyorsunuz.</Text>
    </Row>
    <Row Tag="TXT_KEY_LEADER_SHAKA_WARBLUFF_2">
      <Text>Cesaretinize hayranim.</Text>
    </Row>
    <Row Tag="TXT_KEY_LEADER_SHAKA_WARBLUFF_3">
      <Text>Buna pisman olabilirsin.</Text>
    </Row>
    <!--Gloats after winning a war -->
    <Row Tag="TXT_KEY_LEADER_SHAKA_WINWAR_1">
      <Text>Hâlâ yasiyor olman bile benim itidalimin bir kaniti.</Text>
    </Row>
    <Row Tag="TXT_KEY_LEADER_SHAKA_WINWAR_2">
      <Text>Hâlâ yasiyor olman bile benim itidalimin bir kaniti.</Text>
    </Row>
    <!--Submissive after losing a war -->
    <Row Tag="TXT_KEY_LEADER_SHAKA_LOSEWAR_1">
      <Text>Taktiklerimizi degistirecegiz... Bu son olmayacak!</Text>
    </Row>
    <Row Tag="TXT_KEY_LEADER_SHAKA_LOSEWAR_2">
      <Text>Taktiklerimizi degistirecegiz... Bu son olmayacak!</Text>
    </Row>
    <!--Defeated and removed from game -->
    <Row Tag="TXT_KEY_LEADER_SHAKA_DEFEATED_1">
      <Text>Savasçilarim basarisiz oldu, ben de onlari basarisizliga ugrattim.</Text>
    </Row>
    <Row Tag="TXT_KEY_LEADER_SHAKA_DEFEATED_2">
      <Text>Beni yendiniz ama halkim vasiyetimi her zaman hatirlayacak.</Text>
    </Row>
    <Row Tag="TXT_KEY_LEADER_SHAKA_DEFEATED_3">
      <Text>Bugün siz galipsiniz, ama belki bir gün bu kadar sansli olmayacaksiniz.</Text>
    </Row>
    <!--Neutral -->
    <!--Greetings (subsequent meetings) -->
    <Row Tag="TXT_KEY_LEADER_SHAKA_GREETING_1">
      <Text>Hos geldiniz.</Text>
    </Row>
    <Row Tag="TXT_KEY_LEADER_SHAKA_GREETING_2">
      <Text>Selam!</Text>
    </Row>
    <!--Goodbye -->
    <Row Tag="TXT_KEY_LEADER_SHAKA_GOODBYE_1">
      <Text>Git buradan.</Text>
    </Row>
    <Row Tag="TXT_KEY_LEADER_SHAKA_GOODBYE_2">
      <Text>Hepsi bu kadar.</Text>
    </Row>
    <!--Trade offer from player - yes -->
    <Row Tag="TXT_KEY_LEADER_SHAKA_TRADE_YES_NEUTRAL">
      <Text>Teklifiniz adil, kabul ediyorum.</Text>
    </Row>
    <!--Trade offer from player - sweeten the deal -->
    <Row Tag="TXT_KEY_LEADER_SHAKA_TRADE_NEEDMORE_NEUTRAL_1">
      <Text>Ihtiyaçlarimizi hafife aliyorsunuz... Daha iyisini yapmak zorunda misiniz?</Text>
    </Row>
    <Row Tag="TXT_KEY_LEADER_SHAKA_TRADE_NEEDMORE_NEUTRAL_2">
      <Text>Biraz daha iyisini yapabilir misin?</Text>
    </Row>
    <Row Tag="TXT_KEY_LEADER_SHAKA_TRADE_NEEDMORE_NEUTRAL_3">
      <Text>Neredeyse...</Text>
    </Row>
    <Row Tag="TXT_KEY_LEADER_SHAKA_TRADE_NEEDMORE_NEUTRAL_4">
      <Text>Bu yeterince iyi degil.</Text>
    </Row>
    <!--Trade offer from player - no -->
    <Row Tag="TXT_KEY_LEADER_SHAKA_TRADE_NO_NEUTRAL">
      <Text>Teklifiniz de sizin kadar zayif.</Text>
    </Row>
    <!--Demand for tribute from player - yes -->
    <Row Tag="TXT_KEY_LEADER_SHAKA_TRIBUTE_YES_NEUTRAL">
      <Text>Buna uyacagiz, ancak açgözlülügünüzden pisman olabilirsiniz.</Text>
    </Row>
    <!--Demand for tribute from player - no -->
    <Row Tag="TXT_KEY_LEADER_SHAKA_TRIBUTE_NO_NEUTRAL">
      <Text>Senin aptalca isteklerine ayiracak vaktim yok.</Text>
    </Row>
    <!--Requests a trade -->
    <Row Tag="TXT_KEY_LEADER_SHAKA_TRADEREQUEST_NEUTRAL">
      <Text>Takas düsünür müsünüz?</Text>
    </Row>
    <!--Demands tribute -->
    <Row Tag="TXT_KEY_LEADER_SHAKA_DEMANDTRIBUTE_NEUTRAL">
      <Text>Bana istedigimi ver, bu senin yararina.</Text>
    </Row>
    <!--Agrees -->
    <Row Tag="TXT_KEY_LEADER_SHAKA_AGREE_SHORT_1">
      <Text>Tamam.</Text>
    </Row>
    <Row Tag="TXT_KEY_LEADER_SHAKA_AGREE_SHORT_2">
      <Text>Cok iyi.</Text>
    </Row>
    <!--Disagrees -->
    <Row Tag="TXT_KEY_LEADER_SHAKA_DISAGREE_SHORT_1">
      <Text>Reddetmek zorundayim.</Text>
    </Row>
    <Row Tag="TXT_KEY_LEADER_SHAKA_DISAGREE_SHORT_2">
      <Text>Hayir, tabii ki degil.</Text>
    </Row>
    <!--Let's hear it -->
    <Row Tag="TXT_KEY_LEADER_SHAKA_LETSHEARIT_1">
      <Text>Duyalim bakalim.</Text>
    </Row>
    <Row Tag="TXT_KEY_LEADER_SHAKA_LETSHEARIT_2">
      <Text>Devam et.</Text>
    </Row>
    <!--Happy -->
    <!--Greetings (subsequent meetings) -->
    <Row Tag="TXT_KEY_LEADER_SHAKA_GREETING_3">
      <Text>Selamlar.</Text>
    </Row>
    <Row Tag="TXT_KEY_LEADER_SHAKA_GREETING_4">
      <Text>Eee?</Text>
    </Row>
    <!--Goodbye -->
    <Row Tag="TXT_KEY_LEADER_SHAKA_GOODBYE_3">
      <Text>Buradaki isimiz bitti.</Text>
    </Row>
    <Row Tag="TXT_KEY_LEADER_SHAKA_GOODBYE_4">
      <Text>Güle güle.</Text>
    </Row>
    <!--Trade offer from player - yes -->
    <Row Tag="TXT_KEY_LEADER_SHAKA_TRADE_YES_HAPPY">
      <Text>Sizinle ticaret yapmak benim için bir onurdur.</Text>
    </Row>
    <!--Trade offer from player - sweeten the deal -->
    <Row Tag="TXT_KEY_LEADER_SHAKA_TRADE_NEEDMORE_HAPPY_1">
      <Text>Böyle bir teklifi kabul edersem halkim isyan eder.</Text>
    </Row>
    <Row Tag="TXT_KEY_LEADER_SHAKA_TRADE_NEEDMORE_HAPPY_2">
      <Text>Yapabileceginin en iyisi bu mu?</Text>
    </Row>
    <Row Tag="TXT_KEY_LEADER_SHAKA_TRADE_NEEDMORE_HAPPY_3">
      <Text>Neredeyse vardin.</Text>
    </Row>
    <!--Trade offer from player - no -->
    <Row Tag="TXT_KEY_LEADER_SHAKA_TRADE_NO_HAPPY">
      <Text>Bir arkadas için bile kabul edemem.</Text>
    </Row>
    <!--Demand for tribute from player - yes -->
    <Row Tag="TXT_KEY_LEADER_SHAKA_TRIBUTE_YES_HAPPY">
      <Text>Kralligim bir dostuna yardim etme firsatini memnuniyetle karsilar.</Text>
    </Row>
    <!--Demand for tribute from player - no -->
    <Row Tag="TXT_KEY_LEADER_SHAKA_TRIBUTE_NO_HAPPY">
      <Text>Benim kadar büyük biri bile bu kadar cömert olamaz.</Text>
    </Row>
    <!--Requests a trade -->
    <Row Tag="TXT_KEY_LEADER_SHAKA_TRADEREQUEST_HAPPY">
      <Text>Kralligima yardim edecek misin, dostum?</Text>
    </Row>
    <!--Demands tribute -->
    <Row Tag="TXT_KEY_LEADER_SHAKA_DEMANDTRIBUTE_HAPPY">
      <Text>Sende ihtiyacim olan bir sey var - belki yardim edebilirsin, dostum?</Text>
    </Row>
    <!--Agrees -->
    <Row Tag="TXT_KEY_LEADER_SHAKA_AGREE_SHORT_3">
      <Text>Kesinlikle.</Text>
    </Row>
    <Row Tag="TXT_KEY_LEADER_SHAKA_AGREE_SHORT_4">
      <Text>Kabul edildi.</Text>
    </Row>
    <Row Tag="TXT_KEY_LEADER_SHAKA_AGREE_SHORT_5">
      <Text>Mükemmel.</Text>
    </Row>
    <!--Disagrees -->
    <Row Tag="TXT_KEY_LEADER_SHAKA_DISAGREE_SHORT_3">
      <Text>Kesinlikle olmaz.</Text>
    </Row>
    <Row Tag="TXT_KEY_LEADER_SHAKA_DISAGREE_SHORT_4">
      <Text>Reddetmeliyiz.</Text>
    </Row>
    <!--Let's hear it -->
    <Row Tag="TXT_KEY_LEADER_SHAKA_LETSHEARIT_3">
      <Text>Dinliyorum.</Text>
    </Row>
    <Row Tag="TXT_KEY_LEADER_SHAKA_LETSHEARIT_4">
      <Text>Evet mi?</Text>
    </Row>
    <!--Angry -->
    <!--Greetings (subsequent meetings) -->
    <Row Tag="TXT_KEY_LEADER_SHAKA_GREETING_5">
      <Text>Ne istiyorsun?</Text>
    </Row>
    <Row Tag="TXT_KEY_LEADER_SHAKA_GREETING_6">
      <Text>Ne istiyorsun?</Text>
    </Row>
    <!--Goodbye -->
    <Row Tag="TXT_KEY_LEADER_SHAKA_GOODBYE_5">
      <Text>Hepsi bu kadar.</Text>
    </Row>
    <Row Tag="TXT_KEY_LEADER_SHAKA_GOODBYE_6">
      <Text>Burada isimiz bitti.</Text>
    </Row>
    <!--Trade offer from player - yes -->
    <Row Tag="TXT_KEY_LEADER_SHAKA_TRADE_YES_ANGRY">
      <Text>Madem israr ediyorsun.</Text>
    </Row>
    <!--Trade offer from player - sweeten the deal -->
    <Row Tag="TXT_KEY_LEADER_SHAKA_TRADE_NEEDMORE_ANGRY_1">
      <Text>Teklifiniz beni asagiliyor.</Text>
    </Row>
    <Row Tag="TXT_KEY_LEADER_SHAKA_TRADE_NEEDMORE_ANGRY_2">
      <Text>Bu yeterli olmayacaktir.</Text>
    </Row>
    <Row Tag="TXT_KEY_LEADER_SHAKA_TRADE_NEEDMORE_ANGRY_3">
      <Text>Bundan daha iyisini yapmalisin.</Text>
    </Row>
    <Row Tag="TXT_KEY_LEADER_SHAKA_TRADE_NEEDMORE_ANGRY_4">
      <Text>Ne kadar asagilayici bir teklif.</Text>
    </Row>
    <!--Trade offer from player - no -->
    <Row Tag="TXT_KEY_LEADER_SHAKA_TRADE_NO_ANGRY">
      <Text>Teklifiniz tüm kralligima bir hakarettir. Hayir.</Text>
    </Row>
    <!--Demand for tribute from player - yes -->
    <Row Tag="TXT_KEY_LEADER_SHAKA_TRIBUTE_YES_ANGRY">
      <Text>Yapmamiz gerekiyorsa, öyle olsun. Bunun bedelini ödeyeceksiniz.</Text>
    </Row>
    <!--Demand for tribute from player - no -->
    <Row Tag="TXT_KEY_LEADER_SHAKA_TRIBUTE_NO_ANGRY">
      <Text>Benden böyle bir sey isteyerek hayatini riske atiyorsun!</Text>
    </Row>
    <!--Requests a trade -->
    <Row Tag="TXT_KEY_LEADER_SHAKA_TRADEREQUEST_ANGRY">
      <Text>Sana takas teklif etmekten baska seçenegim yok.</Text>
    </Row>
    <!--Demands tribute -->
    <Row Tag="TXT_KEY_LEADER_SHAKA_DEMANDTRIBUTE_ANGRY">
      <Text>Bize istedigimizi verin, yoksa siradaki düsecek kisi siz olursunuz.</Text>
    </Row>
    <!--Disagrees -->
    <Row Tag="TXT_KEY_LEADER_SHAKA_DISAGREE_SHORT_5">
      <Text>Pardon?</Text>
    </Row>
    <Row Tag="TXT_KEY_LEADER_SHAKA_DISAGREE_SHORT_6">
      <Text>Bu kabul edilemez.</Text>
    </Row>
    <Row Tag="TXT_KEY_LEADER_SHAKA_DISAGREE_SHORT_7">
      <Text>Ciddi olamazsin!</Text>
    </Row>
    <!--Let's hear it -->
    <Row Tag="TXT_KEY_LEADER_SHAKA_LETSHEARIT_5">
      <Text>Ne diyordun?</Text>
    </Row>
    <Row Tag="TXT_KEY_LEADER_SHAKA_DECLAREWAR_1">
      <Text>Kimse ilerlememizi yavaslatamayacak, sen bile! Savasa hazirlanin!</Text>
    </Row>
    <Row Tag="TXT_KEY_LEADER_SHAKA_DECLAREWAR_2">
      <Text>Bu dünya ikimize de yetecek kadar büyük degil ve ben hiçbir yere gitmiyorum!</Text>
    </Row>
    <Row Tag="TXT_KEY_LEADER_SHAKA_DECLAREWAR_3">
      <Text>Mizraklarimiz kavruldu ve ben onlarin susuzlugunu senin kaninla giderecegim!</Text>
    </Row>
    <Row Tag="TXT_KEY_LEADER_SHAKA_ATTACKED_1">
      <Text>Kibriniz sizi sadece yenilgiye götürecek!</Text>
    </Row>
    <Row Tag="TXT_KEY_LEADER_SHAKA_ATTACKED_2">
      <Text>Ihanetiniz cezasiz kalmayacak!</Text>
    </Row>
    <Row Tag="TXT_KEY_LEADER_SHAKA_ATTACKED_3">
      <Text>Aptalca bir seçim! Simdi sonuçlarina katlanmak zorundasin.</Text>
    </Row>
  </Language_en_US>
</GameData>