﻿<?xml version="1.0" encoding="utf-8"?>
<!--Sid Meier's Civilization V -->
<!--Copyright Firaxis Games 2010 -->
<GameData>
  <Language_en_US>
    <!--General phrases -->
    <!--Greeting (first time meeting) -->
    <Row Tag="TXT_KEY_LEADER_MARIA_I_FIRSTGREETING_1">
      <Text>Ben Catherine, Portekiz Kraliçesi ve Naibi.</Text>
    </Row>
    <Row Tag="TXT_KEY_LEADER_MARIA_I_FIRSTGREETING_2">
      <Text>Portekiz Kraliçesi'nin önünde duruyorsunuz ve o da sizin neden burada oldugunuzu merak ediyor?</Text>
    </Row>
    <Row Tag="TXT_KEY_LEADER_MARIA_I_FIRSTGREETING_3">
      <Text>Ben Catherine, çocuklarimiz için evlilik teklifi yapar misiniz?</Text>
    </Row>
    <!--Reacts to his bluff being called -->
    <Row Tag="TXT_KEY_LEADER_MARIA_I_WARBLUFF_1">
      <Text>Tehditlerini ciddiye almam mi gerekiyor?</Text>
    </Row>
    <Row Tag="TXT_KEY_LEADER_MARIA_I_WARBLUFF_2">
      <Text>Tehlikeli bir oyun oynuyorsunuz.</Text>
    </Row>
    <Row Tag="TXT_KEY_LEADER_MARIA_I_WARBLUFF_3">
      <Text>Pek çok sey duyuyorum ve sizin palavralariniz hiç önemli degil.</Text>
    </Row>
    <!--Gloats after winning a war -->
    <Row Tag="TXT_KEY_LEADER_MARIA_I_WINWAR_1">
      <Text>Ne görkemli bir gün! Belki de bir kraliçenin gücünü hafife almamayi ögrenirsiniz!</Text>
    </Row>
    <Row Tag="TXT_KEY_LEADER_MARIA_I_WINWAR_2">
      <Text>Ne görkemli bir gün! Belki de bir kraliçenin gücünü hafife almamayi ögrenirsiniz!</Text>
    </Row>
    <!--Submissive after losing a war -->
    <Row Tag="TXT_KEY_LEADER_MARIA_I_LOSEWAR_1">
      <Text>Savasta miydik? Önemli bir çatisma hatirlamiyorum. Naibime danismam gerekecek, iyi günler!</Text>
    </Row>
    <Row Tag="TXT_KEY_LEADER_MARIA_I_LOSEWAR_2">
      <Text>Savasta miydik? Önemli bir çatisma hatirlamiyorum. Naibime danismam gerekecek, iyi günler!</Text>
    </Row>
    <!--Defeated and removed from game -->
    <Row Tag="TXT_KEY_LEADER_MARIA_I_DEFEATED_1">
      <Text>Bunu kesinlikle beklemiyordum... Belki bir dahaki sefere.</Text>
    </Row>
    <Row Tag="TXT_KEY_LEADER_MARIA_I_DEFEATED_2">
      <Text>Umarim halkima hak ettikleri saygiyi gösterirsiniz.</Text>
    </Row>
    <Row Tag="TXT_KEY_LEADER_MARIA_I_DEFEATED_3">
      <Text>Ne kadar korkunç! Bu çatismalar bana hiç uymuyor!</Text>
    </Row>
    <!--Neutral -->
    <!--Greetings (subsequent meetings) -->
    <Row Tag="TXT_KEY_LEADER_MARIA_I_GREETING_1">
      <Text>Hos geldiniz.</Text>
    </Row>
    <Row Tag="TXT_KEY_LEADER_MARIA_I_GREETING_2">
      <Text>Selam!</Text>
    </Row>
    <!--Goodbye -->
    <Row Tag="TXT_KEY_LEADER_MARIA_I_GOODBYE_1">
      <Text>Git buradan.</Text>
    </Row>
    <Row Tag="TXT_KEY_LEADER_MARIA_I_GOODBYE_2">
      <Text>Hepsi bu kadar.</Text>
    </Row>
    <!--Trade offer from player - yes -->
    <Row Tag="TXT_KEY_LEADER_MARIA_I_TRADE_YES_NEUTRAL">
      <Text>Bu adil görünüyor.</Text>
    </Row>
    <!--Trade offer from player - sweeten the deal -->
    <Row Tag="TXT_KEY_LEADER_MARIA_I_TRADE_NEEDMORE_NEUTRAL_1">
      <Text>Teklifinizde hâlâ iyilestirmeye açik bir alan oldugunu düsünüyorum.</Text>
    </Row>
    <Row Tag="TXT_KEY_LEADER_MARIA_I_TRADE_NEEDMORE_NEUTRAL_2">
      <Text>Biraz daha iyisini yapabilir misin?</Text>
    </Row>
    <Row Tag="TXT_KEY_LEADER_MARIA_I_TRADE_NEEDMORE_NEUTRAL_3">
      <Text>Neredeyse...</Text>
    </Row>
    <Row Tag="TXT_KEY_LEADER_MARIA_I_TRADE_NEEDMORE_NEUTRAL_4">
      <Text>Bu yeterince iyi degil.</Text>
    </Row>
    <!--Trade offer from player - no -->
    <Row Tag="TXT_KEY_LEADER_MARIA_I_TRADE_NO_NEUTRAL">
      <Text>Bunu yapamazdim.</Text>
    </Row>
    <!--Demand for tribute from player - yes -->
    <Row Tag="TXT_KEY_LEADER_MARIA_I_TRIBUTE_YES_NEUTRAL">
      <Text>Sadece bu seferlik, sana yardim edecegim.</Text>
    </Row>
    <!--Demand for tribute from player - no -->
    <Row Tag="TXT_KEY_LEADER_MARIA_I_TRIBUTE_NO_NEUTRAL">
      <Text>Böyle saçmaliklari dinlemekten daha önemli islerim var.</Text>
    </Row>
    <!--Requests a trade -->
    <Row Tag="TXT_KEY_LEADER_MARIA_I_TRADEREQUEST_NEUTRAL">
      <Text>Bu teklifi degerlendirmeye alir misiniz?</Text>
    </Row>
    <!--Demands tribute -->
    <Row Tag="TXT_KEY_LEADER_MARIA_I_DEMANDTRIBUTE_NEUTRAL">
      <Text>Bence bunu bana vermelisin, ama seçim senin.</Text>
    </Row>
    <!--Agrees -->
    <Row Tag="TXT_KEY_LEADER_MARIA_I_AGREE_SHORT_1">
      <Text>Tamam.</Text>
    </Row>
    <Row Tag="TXT_KEY_LEADER_MARIA_I_AGREE_SHORT_2">
      <Text>Cok iyi.</Text>
    </Row>
    <!--Disagrees -->
    <Row Tag="TXT_KEY_LEADER_MARIA_I_DISAGREE_SHORT_1">
      <Text>Reddetmek zorundayim.</Text>
    </Row>
    <Row Tag="TXT_KEY_LEADER_MARIA_I_DISAGREE_SHORT_2">
      <Text>Hayir, tabii ki degil.</Text>
    </Row>
    <!--Let's hear it -->
    <Row Tag="TXT_KEY_LEADER_MARIA_I_LETSHEARIT_1">
      <Text>Duyalim bakalim.</Text>
    </Row>
    <Row Tag="TXT_KEY_LEADER_MARIA_I_LETSHEARIT_2">
      <Text>Devam et.</Text>
    </Row>
    <!--Happy -->
    <!--Greetings (subsequent meetings) -->
    <Row Tag="TXT_KEY_LEADER_MARIA_I_GREETING_3">
      <Text>Selamlar.</Text>
    </Row>
    <Row Tag="TXT_KEY_LEADER_MARIA_I_GREETING_4">
      <Text>Eee?</Text>
    </Row>
    <!--Goodbye -->
    <Row Tag="TXT_KEY_LEADER_MARIA_I_GOODBYE_3">
      <Text>Buradaki isimiz bitti.</Text>
    </Row>
    <Row Tag="TXT_KEY_LEADER_MARIA_I_GOODBYE_4">
      <Text>Güle güle.</Text>
    </Row>
    <!--Trade offer from player - yes -->
    <Row Tag="TXT_KEY_LEADER_MARIA_I_TRADE_YES_HAPPY">
      <Text>Tabii ki takas edecegiz!</Text>
    </Row>
    <!--Trade offer from player - sweeten the deal -->
    <Row Tag="TXT_KEY_LEADER_MARIA_I_TRADE_NEEDMORE_HAPPY_1">
      <Text>Ben her zaman halkimin çikarlarini düsünürüm - siz daha iyisini yapmalisiniz.</Text>
    </Row>
    <Row Tag="TXT_KEY_LEADER_MARIA_I_TRADE_NEEDMORE_HAPPY_2">
      <Text>Yapabileceginin en iyisi bu mu?</Text>
    </Row>
    <Row Tag="TXT_KEY_LEADER_MARIA_I_TRADE_NEEDMORE_HAPPY_3">
      <Text>Neredeyse vardin.</Text>
    </Row>
    <!--Trade offer from player - no -->
    <Row Tag="TXT_KEY_LEADER_MARIA_I_TRADE_NO_HAPPY">
      <Text>Cok üzgünüm ama hayir.</Text>
    </Row>
    <!--Demand for tribute from player - yes -->
    <Row Tag="TXT_KEY_LEADER_MARIA_I_TRIBUTE_YES_HAPPY">
      <Text>Portekiz Kralligi yardim etme firsatini memnuniyetle karsilamaktadir.</Text>
    </Row>
    <!--Demand for tribute from player - no -->
    <Row Tag="TXT_KEY_LEADER_MARIA_I_TRIBUTE_NO_HAPPY">
      <Text>Böyle bir cömertlikle sömürge imparatorlugumu nasil büyütmemi bekliyorsunuz?</Text>
    </Row>
    <!--Requests a trade -->
    <Row Tag="TXT_KEY_LEADER_MARIA_I_TRADEREQUEST_HAPPY">
      <Text>Bu takasi bir arkadasiniz için düsünür müydünüz?</Text>
    </Row>
    <!--Demands tribute -->
    <Row Tag="TXT_KEY_LEADER_MARIA_I_DEMANDTRIBUTE_HAPPY">
      <Text>Elbette bir kraliçeye ve halkina yardim etmeyi uygun görebilirsiniz?</Text>
    </Row>
    <!--Agrees -->
    <Row Tag="TXT_KEY_LEADER_MARIA_I_AGREE_SHORT_3">
      <Text>Kesinlikle.</Text>
    </Row>
    <Row Tag="TXT_KEY_LEADER_MARIA_I_AGREE_SHORT_4">
      <Text>Kabul edildi.</Text>
    </Row>
    <Row Tag="TXT_KEY_LEADER_MARIA_I_AGREE_SHORT_5">
      <Text>Mükemmel.</Text>
    </Row>
    <!--Disagrees -->
    <Row Tag="TXT_KEY_LEADER_MARIA_I_DISAGREE_SHORT_3">
      <Text>Kesinlikle olmaz.</Text>
    </Row>
    <Row Tag="TXT_KEY_LEADER_MARIA_I_DISAGREE_SHORT_4">
      <Text>Reddetmeliyiz.</Text>
    </Row>
    <!--Let's hear it -->
    <Row Tag="TXT_KEY_LEADER_MARIA_I_LETSHEARIT_3">
      <Text>Dinliyorum.</Text>
    </Row>
    <Row Tag="TXT_KEY_LEADER_MARIA_I_LETSHEARIT_4">
      <Text>Evet mi?</Text>
    </Row>
    <!--Angry -->
    <!--Greetings (subsequent meetings) -->
    <Row Tag="TXT_KEY_LEADER_MARIA_I_GREETING_5">
      <Text>Ne istiyorsun?</Text>
    </Row>
    <Row Tag="TXT_KEY_LEADER_MARIA_I_GREETING_6">
      <Text>Ne istiyorsun?</Text>
    </Row>
    <!--Goodbye -->
    <Row Tag="TXT_KEY_LEADER_MARIA_I_GOODBYE_5">
      <Text>Hepsi bu kadar.</Text>
    </Row>
    <Row Tag="TXT_KEY_LEADER_MARIA_I_GOODBYE_6">
      <Text>Burada isimiz bitti.</Text>
    </Row>
    <!--Trade offer from player - yes -->
    <Row Tag="TXT_KEY_LEADER_MARIA_I_TRADE_YES_ANGRY">
      <Text>Madem israr ediyorsun.</Text>
    </Row>
    <!--Trade offer from player - sweeten the deal -->
    <Row Tag="TXT_KEY_LEADER_MARIA_I_TRADE_NEEDMORE_ANGRY_1">
      <Text>Beni aptal mi saniyorsun?</Text>
    </Row>
    <Row Tag="TXT_KEY_LEADER_MARIA_I_TRADE_NEEDMORE_ANGRY_2">
      <Text>Bu yeterli olmayacaktir.</Text>
    </Row>
    <Row Tag="TXT_KEY_LEADER_MARIA_I_TRADE_NEEDMORE_ANGRY_3">
      <Text>Bundan daha iyisini yapmalisin.</Text>
    </Row>
    <Row Tag="TXT_KEY_LEADER_MARIA_I_TRADE_NEEDMORE_ANGRY_4">
      <Text>Ne kadar asagilayici bir teklif.</Text>
    </Row>
    <!--Trade offer from player - no -->
    <Row Tag="TXT_KEY_LEADER_MARIA_I_TRADE_NO_ANGRY">
      <Text>Seni kim gönderdi?! Neden buradasin!? Git buradan!</Text>
    </Row>
    <!--Demand for tribute from player - yes -->
    <Row Tag="TXT_KEY_LEADER_MARIA_I_TRIBUTE_YES_ANGRY">
      <Text>Kinanacak taleplerinizi kabul edecegim.</Text>
    </Row>
    <!--Demand for tribute from player - no -->
    <Row Tag="TXT_KEY_LEADER_MARIA_I_TRIBUTE_NO_ANGRY">
      <Text>Bir sey mi duydun? Kimsenin benden bir sey talep ettigini duymadim!</Text>
    </Row>
    <!--Requests a trade -->
    <Row Tag="TXT_KEY_LEADER_MARIA_I_TRADEREQUEST_ANGRY">
      <Text>Dünya ne hale geldi, sizin gibilerle ticaret yapmak zorunda kaliyoruz!</Text>
    </Row>
    <!--Demands tribute -->
    <Row Tag="TXT_KEY_LEADER_MARIA_I_DEMANDTRIBUTE_ANGRY">
      <Text>Sen! Buna ihtiyacim var, hemen bana ver!</Text>
    </Row>
    <!--Disagrees -->
    <Row Tag="TXT_KEY_LEADER_MARIA_I_DISAGREE_SHORT_5">
      <Text>Pardon?</Text>
    </Row>
    <Row Tag="TXT_KEY_LEADER_MARIA_I_DISAGREE_SHORT_6">
      <Text>Bu kabul edilemez.</Text>
    </Row>
    <Row Tag="TXT_KEY_LEADER_MARIA_I_DISAGREE_SHORT_7">
      <Text>Ciddi olamazsin!</Text>
    </Row>
    <!--Let's hear it -->
    <Row Tag="TXT_KEY_LEADER_MARIA_I_LETSHEARIT_5">
      <Text>Ne diyordun?</Text>
    </Row>
    <Row Tag="TXT_KEY_LEADER_MARIA_I_DECLAREWAR_1">
      <Text>Korkarim kralliginizin daha fazla var olmasina izin veremem, umarim sakincasi yoktur.</Text>
    </Row>
    <Row Tag="TXT_KEY_LEADER_MARIA_I_DECLAREWAR_2">
      <Text>Evet, sadece bilmeniz gerektigini düsündüm... Artik size savas ilan edecegiz.</Text>
    </Row>
    <Row Tag="TXT_KEY_LEADER_MARIA_I_DECLAREWAR_3">
      <Text>Ayni fikirde degilmisiz gibi görünüyor... O zaman belki bir savas çikar?</Text>
    </Row>
    <Row Tag="TXT_KEY_LEADER_MARIA_I_ATTACKED_1">
      <Text>Ciddi olamazsin! O zaman seninle ilgilenecegim!</Text>
    </Row>
    <Row Tag="TXT_KEY_LEADER_MARIA_I_ATTACKED_2">
      <Text>Bu ne cüret! Sen benim kim oldugumu biliyor musun?!</Text>
    </Row>
    <Row Tag="TXT_KEY_LEADER_MARIA_I_ATTACKED_3">
      <Text>Bana saldiriyor musun?! Hayir! Ben sana saldiracagim!</Text>
    </Row>
  </Language_en_US>
</GameData>