﻿<?xml version="1.0" encoding="utf-8"?>
<!-- edited with XMLSPY v2004 rel. 2 U (http://www.xmlspy.com) by Ed Beach (Firaxis Games) -->
<GameData>
  <EnglishText>
    <Row Tag="LOC_AUSTRALIA_SCENARIO_NAME">
      <Text>Outback Tycoon</Text>
    </Row>
    <Row Tag="LOC_AUSTRALIA_SCENARIO_TOOLTIP">
      <Text>Hangi koloni Avustralya'nın doğal zenginliklerinden en iyi şekilde yararlanacak? 60 Tur sürer.</Text>
    </Row>
    <Row Tag="LOC_AUSTRALIA_SCENARIO_DESCRIPTION">
      <Text>Bu 60 turluk senaryoda Avustralya'yı keşfetmek, doğal kaynaklarını bulmak ve bunları koloninizi zenginleştirmek için kullanmak için yarışıyorsunuz. Bu rekabetçi ekonomik senaryoda savaş yoktur. Skorunuz olan [ICON_Gold] Tur Başına Altın net gelirinizi artırmak için keşif ve bölgesel genişlemeyi vurgular.[NEWLINE][NEWLINE]Tek oyunculu: Her zorluğun bir [ICON_Gold] Sıra Başına Altın eşiği vardır. Kazanmak için oyun bitmeden bu sayıyı aşın.[NEWLINE][NEWLINE]Çok oyunculu: Oyun sonunda en yüksek [ICON_Gold] Sıra Başına Altına sahip olan oyuncu kazanır.</Text>
    </Row>
    <Row Tag="LOC_LOADING_INFO_AUSTRALIA_SCENARIO">
      <Text>Çiçeği burnunda Avustralya koloniniz Yeni Güney Galler'deki başarıyı tekrarlamayı değil, aşmayı hedefliyor. Diğer pek çoklarının başarısız olduğu bu ıssız topraklarda ün kazanabilecek misiniz? Servetiniz, uzun zamandır söylentileri dolaşan altın yataklarını bulmaktan mı, devasa hayvan sürüleri yetiştirmekten mi yoksa gelecek nesiller için arazinin doğal güzelliğini korumaktan mı gelecek?</Text>
    </Row>
    <Row Tag="LOC_AUSTRALIA_SCENARIO_MAP_NAME">
      <Text>Avustralya Haritası</Text>
    </Row>
    <Row Tag="LOC_AUSTRALIA_SCENARIO_MAP_DESCRIPTION">
      <Text>Gerçek dünya taslağına sahip rastgele oluşturulmuş bir Avustralya kıtası.</Text>
    </Row>
    <!-- Civilizations-->
    <Row Tag="LOC_CIVILIZATION_AUSTRALIA_SCENARIO_QUEENSLAND_NAME">
      <Text>Queensland</Text>
    </Row>
    <Row Tag="LOC_CIVILIZATION_AUSTRALIA_SCENARIO_WESTERN_AUSTRALIA_NAME">
      <Text>Batı Avustralya</Text>
    </Row>
    <Row Tag="LOC_CIVILIZATION_AUSTRALIA_SCENARIO_VICTORIA_NAME">
      <Text>Victoria</Text>
    </Row>
    <Row Tag="LOC_CIVILIZATION_AUSTRALIA_SCENARIO_SOUTH_AUSTRALIA_NAME">
      <Text>Güney Avustralya</Text>
    </Row>
    <Row Tag="LOC_CIVILIZATION_AUSTRALIA_SCENARIO_QUEENSLAND_DESCRIPTION">
      <Text>Queensland Eyaleti</Text>
    </Row>
    <Row Tag="LOC_CIVILIZATION_AUSTRALIA_SCENARIO_WESTERN_AUSTRALIA_DESCRIPTION">
      <Text>Batı Avustralya Eyaleti</Text>
    </Row>
    <Row Tag="LOC_CIVILIZATION_AUSTRALIA_SCENARIO_VICTORIA_DESCRIPTION">
      <Text>Victoria Eyaleti</Text>
    </Row>
    <Row Tag="LOC_CIVILIZATION_AUSTRALIA_SCENARIO_SOUTH_AUSTRALIA_DESCRIPTION">
      <Text>Güney Avustralya Eyaleti</Text>
    </Row>
    <Row Tag="LOC_CIVILIZATION_SCENARIO_QUEENSLAND_ABILITY_NAME">
      <Text>Yeraltındaki Ülke</Text>
    </Row>
    <Row Tag="LOC_CIVILIZATION_SCENARIO_WESTERN_AUSTRALIA_ABILITY_NAME">
      <Text>Yeraltındaki Ülke</Text>
    </Row>
    <Row Tag="LOC_CIVILIZATION_SCENARIO_VICTORIA_ABILITY_NAME">
      <Text>Yeraltındaki Ülke</Text>
    </Row>
    <Row Tag="LOC_CIVILIZATION_SCENARIO_SOUTH_AUSTRALIA_ABILITY_NAME">
      <Text>Yeraltındaki Ülke</Text>
    </Row>
    <Row Tag="LOC_CIVILIZATION_SCENARIO_QUEENSLAND_ABILITY_DESCRIPTION">
      <Text>Kıyıdaki herhangi bir şehir için +3 [ICON_Housing] Konut. Meralar bir Kültür Bombasını tetikler. Kampüsler, Ticaret Merkezleri ve Tiyatro Meydanlarından elde edilen verim Büyüleyici Çekiciliğe sahip karolarda +2, Nefes Kesici'de +4'tür.</Text>
    </Row>
    <Row Tag="LOC_CIVILIZATION_SCENARIO_WESTERN_AUSTRALIA_ABILITY_DESCRIPTION">
      <Text>Kıyıdaki herhangi bir şehir için +3 [ICON_Housing] Konut. Meralar bir Kültür Bombasını tetikler. Kampüsler, Ticaret Merkezleri ve Tiyatro Meydanlarından elde edilen verim Büyüleyici Çekiciliğe sahip karolarda +2, Nefes Kesici'de +4'tür.</Text>
    </Row>
    <Row Tag="LOC_CIVILIZATION_SCENARIO_VICTORIA_ABILITY_DESCRIPTION">
      <Text>Kıyıdaki herhangi bir şehir için +3 [ICON_Housing] Konut. Meralar bir Kültür Bombasını tetikler. Kampüsler, Ticaret Merkezleri ve Tiyatro Meydanlarından elde edilen verim Büyüleyici Çekiciliğe sahip karolarda +2, Nefes Kesici'de +4'tür.</Text>
    </Row>
    <Row Tag="LOC_CIVILIZATION_SCENARIO_SOUTH_AUSTRALIA_ABILITY_DESCRIPTION">
      <Text>Kıyıdaki herhangi bir şehir için +3 [ICON_Housing] Konut. Meralar bir Kültür Bombasını tetikler. Kampüsler, Ticaret Merkezleri ve Tiyatro Meydanlarından elde edilen verim Büyüleyici Çekiciliğe sahip karolarda +2, Nefes Kesici'de +4'tür.</Text>
    </Row>
    <!-- Leaders -->
    <Row Tag="LOC_LEADER_AUSTRALIA_SCENARIO_QUEENSLAND_NAME">
      <Text>Queensland Başbakanı</Text>
    </Row>
    <Row Tag="LOC_LEADER_AUSTRALIA_SCENARIO_WESTERN_AUSTRALIA_NAME">
      <Text>Batı Avustralya Başbakanı</Text>
    </Row>
    <Row Tag="LOC_LEADER_AUSTRALIA_SCENARIO_VICTORIA_NAME">
      <Text>Victoria Başbakanı</Text>
    </Row>
    <Row Tag="LOC_LEADER_AUSTRALIA_SCENARIO_SOUTH_AUSTRALIA_NAME">
      <Text>Güney Avustralya Başbakanı</Text>
    </Row>
    <Row Tag="LOC_LEADER_SCENARIO_QUEENSLAND_ABILITY_NAME">
      <Text>Günışığı Eyaleti</Text>
    </Row>
    <Row Tag="LOC_LEADER_SCENARIO_WESTERN_AUSTRALIA_ABILITY_NAME">
      <Text>Altın Sırt</Text>
    </Row>
    <Row Tag="LOC_LEADER_SCENARIO_VICTORIA_ABILITY_NAME">
      <Text>Viktorya Dönemi Altına Hücum</Text>
    </Row>
    <Row Tag="LOC_LEADER_SCENARIO_SOUTH_AUSTRALIA_ABILITY_NAME">
      <Text>Özgür Koloni</Text>
    </Row>
    <Row Tag="LOC_LEADER_SCENARIO_QUEENSLAND_ABILITY_DESCRIPTION">
      <Text>Tüm karolar +1 Cazibe kazanır.</Text>
    </Row>
    <Row Tag="LOC_LEADER_SCENARIO_WESTERN_AUSTRALIA_ABILITY_DESCRIPTION">
      <Text>Şehirlere yerleşirken ek karolar kazanın.</Text>
    </Row>
    <Row Tag="LOC_LEADER_SCENARIO_VICTORIA_ABILITY_DESCRIPTION">
      <Text>Oyuna bir Maden Arayıcı ile başlayın.  Şehirlerinden birinde eğitilen tüm Maden Arayıcıları fazladan 1 inşa eylemi kazanır.</Text>
    </Row>
    <Row Tag="LOC_LEADER_SCENARIO_SOUTH_AUSTRALIA_ABILITY_DESCRIPTION">
      <Text>Oyuna bir Grazier ile başlayın.  Şehirlerinden birinde eğitilen tüm Grazier'lar fazladan 1 inşa eylemi kazanır.</Text>
    </Row>
  </EnglishText>
</GameData>