﻿<?xml version="1.0" encoding="utf-8"?>
<GameData>
  <EnglishText>
    <!--New-->
    <Row Tag="LOC_PEDIA_CONCEPTS_PAGE_BARBARIAN_CLANS_CHAPTER_CONTENT_TITLE">
      <Text>Barbar Klanlar Modu</Text>
    </Row>
    <Row Tag="LOC_PEDIA_CONCEPTS_PAGE_BARBARIAN_CLANS_CHAPTER_WELCOME_TITLE">
      <Text>Hos geldiniz</Text>
    </Row>
    <Row Tag="LOC_PEDIA_CONCEPTS_PAGE_BARBARIAN_CLANS_CHAPTER_WELCOME_PARA_1">
      <Text>Bu oyun modu, standart Barbar Kabilelerin yerine her biri kendi arazi ve savas tercihlerine sahip çesitli Klanlari getiriyor.</Text>
    </Row>
    <Row Tag="LOC_PEDIA_CONCEPTS_PAGEGROUP_CLANS_NAME">
      <Text>Barbar Klanlar</Text>
    </Row>
    <!-- Game Mode Concept -->
    <Row Tag="LOC_PEDIA_CONCEPTS_PAGE_CLANS_CHAPTER_CONTENT_TITLE">
      <Text>Barbar Klanlar</Text>
    </Row>
    <Row Tag="LOC_PEDIA_CONCEPTS_PAGE_CLANS_CHAPTER_WELCOME_TITLE">
      <Text>Hos geldiniz</Text>
    </Row>
    <Row Tag="LOC_PEDIA_CONCEPTS_PAGE_CLANS_CHAPTER_WELCOME_PARA_1">
      <Text>Oyun kurulumunda, oyuncular Barbar Klanlari oyun modunu açarak Barbarlara daha fazla çesitlilik ve onlarla yeni oyuncu etkilesimleri getirebilirler.</Text>
    </Row>
    <Row Tag="LOC_PEDIA_CONCEPTS_PAGE_CLANS_CHAPTER_TYPES_TITLE">
      <Text>Klan Türleri</Text>
    </Row>
    <Row Tag="LOC_PEDIA_CONCEPTS_PAGE_CLANS_CHAPTER_TYPES_PARA_1">
      <Text>Standart kurallardaki yakin muharebe, süvari ve donanma kabilelerinin yerini alan bu mod, yedi tür Barbar klani içerir. Her klan türünün sahaya sürmek için tercih ettigi kendi birimleri vardir ve ortaya çikmak için farkli bir dizi harita kosulu gerektirir.</Text>
    </Row>
    <Row Tag="LOC_PEDIA_CONCEPTS_PAGE_CLANS_CHAPTER_TYPES_PARA_2">
      <Text>Yakin dövüs kabileleri, menzilli birimleri tercih eden Woodland klanlari, yakin dövüs ve süvari karsiti birimleri tercih eden Hills klanlari ve dengeli bir yaklasima sahip bir Flatland klani tarafindan temsil edilir.</Text>
    </Row>
    <Row Tag="LOC_PEDIA_CONCEPTS_PAGE_CLANS_CHAPTER_TYPES_PARA_3">
      <Text>Süvari kabileleri, çesitli atli birimleri tercih eden Gezgin klanlari, atli birimlerin yani sira araçlari da tercih eden Savas Arabasi klanlari ve süvari ve piyade askerlerinin bir karisimini tercih eden Orman klanlari tarafindan temsil edilir.</Text>
    </Row>
    <Row Tag="LOC_PEDIA_CONCEPTS_PAGE_CLANS_CHAPTER_TYPES_PARA_4">
      <Text>Deniz kabileleri, deniz birimlerine dengeli bir yaklasimla Denizci klan tarafindan temsil edilir.</Text>
    </Row>
    <Row Tag="LOC_PEDIA_CONCEPTS_PAGE_CLANS_CHAPTER_UNITS_TITLE">
      <Text>Klanlar ve Benzersiz Birimler</Text>
    </Row>
    <Row Tag="LOC_PEDIA_CONCEPTS_PAGE_CLANS_CHAPTER_UNITS_PARA_1">
      <Text>Klanlar normal birimlerine ek olarak dünyanin dört bir yanindan Essiz Birimleri de sahaya sürebilirler.</Text>
    </Row>
    <Row Tag="LOC_PEDIA_CONCEPTS_PAGE_CLANS_CHAPTER_UNITS_PARA_2">
      <Text>Klanlar Modunun etkin oldugu herhangi bir oyunda, o oyunda bulunmayan uygarliklarla iliskili Benzersiz Birimler Barbar klanlarinin talep etmesi ve kullanmasi için hazir hale getirilir. Klanlar, oyun tarzina uyan ve klanin mevcut en iyi birimine yakin güçte olanlar arasindan periyodik olarak mevcut bir benzersiz birimi talep edecektir. Herhangi bir klan bir Essiz Birim talep ettiginde, klan var oldugu sürece bu birime özel erisime sahip olacaktir. Eger klan yok edilirse, talep temizlenir ve bir sonraki turda baska bir klan ayni birimi talep edebilir.</Text>
    </Row>
    <Row Tag="LOC_PEDIA_CONCEPTS_PAGE_CLANS_CHAPTER_CITYCONVERSION_TITLE">
      <Text>Klanlarin Sehir Devletlerine Dönüsümü</Text>
    </Row>
    <Row Tag="LOC_PEDIA_CONCEPTS_PAGE_CLANS_CHAPTER_CITYCONVERSION_PARA_1">
      <Text>Bu modda, yeterince uzun süre oyunda kalmayi basaran klanlar Sehir Devletlerine dönüsebilir.</Text>
    </Row>
    <Row Tag="LOC_PEDIA_CONCEPTS_PAGE_CLANS_CHAPTER_CITYCONVERSION_PARA_2">
      <Text>Her klan, Karakollarinin etrafindaki sahipsiz karolarin [ICON_FOOD] Gida verimine bagli olarak her turda dönüsüm yolunda ilerleme kaydeder. Klani ise almak veya rüsvet vermek gibi faydali oyuncu faaliyetleri ilerlemelerini hizlandirabilirken, baskin ve kiskirtma gibi siddet içeren faaliyetler yavaslatabilir. Klan yeterince ilerleme kaydettiginde, o turda veya sonraki herhangi bir turda dönüsmeye aday olur.</Text>
    </Row>
    <Row Tag="LOC_PEDIA_CONCEPTS_PAGE_CLANS_CHAPTER_CITYCONVERSION_PARA_3">
      <Text>Bir Barbar Klani bir Sehir Devletine dönüstügünde, Karakollari derhal yeni adiyla yeni sehirle degistirilir ve mevcut tüm klan birimleri yeni Sehir Devletinin birimleri haline gelir. Sehir-Devleti ayrica klani kesfetmis olan tüm uygarliklara da derhal tanitilacaktir.</Text>
    </Row>
    <Row Tag="LOC_PEDIA_CONCEPTS_PAGE_CLANS_CHAPTER_CITYCONVERSION_PARA_4">
      <Text>Oyunun ayarlarina bagli olarak, yalnizca belirli sayida klan dönüsümü gerçeklesebilir. Tüm olasi dönüsümler gerçeklestikten sonra, mevcut ve gelecekteki tüm klanlar oyun süresince Barbar olarak kalacaktir.</Text>
    </Row>
    <Row Tag="LOC_PEDIA_CONCEPTS_PAGE_CLANS_CHAPTER_UNITCOMMANDS_TITLE">
      <Text>Klanlara Baskin ve Dagilma</Text>
    </Row>
    <Row Tag="LOC_PEDIA_CONCEPTS_PAGE_CLANS_CHAPTER_UNITCOMMANDS_PARA_1">
      <Text>Bir Barbar Karakoluna giren savas birimleri karakolu otomatik olarak yok etmez. Bunun yerine, klanla basa çikmak için iki yeni birim komutundan birini seçebilirler: Baskin ve Dagilma.</Text>
    </Row>
    <Row Tag="LOC_PEDIA_CONCEPTS_PAGE_CLANS_CHAPTER_UNITCOMMANDS_PARA_2">
      <Text>Bir Karakola baskin düzenlemek oyuncuya [ICON_GOLD] Altin kazandirir ve klanin Sehir-Devlete dönüsme ilerlemesini azaltir, ancak Karakolu yok etmez. Bir klan baskina ugradiginda, kisa bir süreligine baskinlara karsi bagisiklik kazanir. Baskina ugrayan klanlar ayni zamanda baskina ugradiklari sirada misilleme olarak bir savunma birimi ortaya çikarir ve bu süreçte Karakollarindaki tüm yabanci birimleri disari atar.</Text>
    </Row>
    <Row Tag="LOC_PEDIA_CONCEPTS_PAGE_CLANS_CHAPTER_UNITCOMMANDS_PARA_3">
      <Text>Bir Karakolu dagitmak klani tamamen yok edecek ve dagitan birime önemli miktarda Deneyim Puani kazandiracaktir.</Text>
    </Row>
    <Row Tag="LOC_PEDIA_CONCEPTS_PAGE_CLANS_CHAPTER_PLAYEROPS_TITLE">
      <Text>Klanlarla Gelismis Etkilesimler</Text>
    </Row>
    <Row Tag="LOC_PEDIA_CONCEPTS_PAGE_CLANS_CHAPTER_PLAYEROPS_PARA_1">
      <Text>Klan birimleri ve Karakollarla savas seçeneklerinin yani sira, oyuncular klanlarla barisçil veya diplomatik eylemlerde bulunabilirler. Bunlar arasinda klandan birim kiralamak, rüsvet vermek, kiskirtmak ve fidye almak yer alir. Bu etkilesimlerden birini baslatmak için Karakolun üzerindeki harita basligina tiklayin. Eger Karakolun konumu size gösterilmezse, bu etkilesimler de kullanilamayacaktir.</Text>
    </Row>
    <Row Tag="LOC_PEDIA_CONCEPTS_PAGE_CLANS_CHAPTER_PLAYEROPS_PARA_2">
      <Text>Bir klan kiralamak: Klandan bir askeri birim satin almak için [ICON_GOLD] Altin harcayin. Saglanan birim klanin su anda egitebildigi en iyi birim olacaktir - Essiz Birim bile olabilir!  Bir Sehir Devleti kurmanin aksine, kiralanan birimler kalici olarak sizin kontrolünüz altindadir. Ayni turda en yakin sehrinize yakin bir arsada görünürler. Kiralanan klanlar kisa bir süre için tekrar kiralanamaz. Bir klani kiralamak Sehir-Devleti dönüstürme ilerlemelerini artirir.</Text>
    </Row>
    <Row Tag="LOC_PEDIA_CONCEPTS_PAGE_CLANS_CHAPTER_PLAYEROPS_PARA_3">
      <Text>Bir klana RÜSVET VERMEK: [ICON_GOLD] Altin harcayarak klan birimlerini bölgenizden uzaklastirin ve belirli sayida tur boyunca sehirlerinizi hedef almalarini engelleyin. Rüsvet maliyetleri düsük baslar ancak ne kadar çok sehriniz varsa o kadar artar. Rüsvet verilen klanlara, rüsvetin süresi dolana kadar ayni oyuncu tarafindan tekrar rüsvet verilemez, ancak ayni anda birden fazla oyuncu tarafindan rüsvet verilebilir. Bir klana rüsvet vermek, Sehir-Devlet dönüstürme ilerlemelerini artirir.</Text>
    </Row>
    <Row Tag="LOC_PEDIA_CONCEPTS_PAGE_CLANS_CHAPTER_PLAYEROPS_PARA_4">
      <Text>Bir klani kiskirtmak: Klani baska bir medeniyetin sehirlerine baskin yapmaya ve saldirmaya tesvik etmek için [ICON_GOLD] Altin harcayin. Klani kiskirtabilmek için sizin ve klanin en az bir baska medeniyet veya Sehir Devleti hakkinda bilgi sahibi olmaniz gerekir. Kiskirtma maliyetleri yüksektir, ancak kiskirtmanin süresi dolmaz. Ancak, klanlar ayni anda yalnizca bir uygarliga karsi kiskirtilabilir. Bir klanin kiskirtilmasi, Sehir-Devleti dönüsümüne dogru ilerlemesini azaltir.</Text>
    </Row>
    <Row Tag="LOC_PEDIA_CONCEPTS_PAGE_CLANS_CHAPTER_PLAYEROPS_PARA_5">
      <Text>Bir klandan bir birimi fidye olarak almak: Bir klan sivil birimlerinizden birini ele geçirmisse, onu geri almak için [ICON_GOLD] Altin harcayabilirsiniz. Bir birimi fidye ile kurtarmanin maliyeti, onu sehirlerinizin birinde yeni satin almanin maliyetinden her zaman biraz daha azdir. Fidye alinan birimler ayni turda en yakin Sehir Merkezinizde belirir. Fidye birimleri alan klanlar Sehir-Devlet dönüsümündeki ilerlemelerini kaybederler.</Text>
    </Row>
    <Row Tag="LOC_PEDIA_CONCEPTS_PAGE_CLANS_CHAPTER_PLAYEROPS_PARA_6">
      <Text>Bir klana rüsvet vermek ve onlardan bir birim fidye almak özeldir: Bir klan bir biriminizi rehin tutarken, rüsvet tekliflerinizi dinlemeyecektir! Bir klana tekrar rüsvet verebilmeniz için klandaki tüm birimleri geri almaniz veya fidye vermeniz gerekir.</Text>
    </Row>
    <Row Tag="LOC_PEDIA_CONCEPTS_PAGE_CLANS_CHAPTER_HISTORY_TITLE">
      <Text>Tarih</Text>
    </Row>
    <Row Tag="LOC_PEDIA_CONCEPTS_PAGE_CLANS_CHAPTER_HISTORY_PARA_1">
      <Text>"Barbar" kelimesi Yunanca'dan gelmektedir (Sanskritçe'de "barbara" ile ilgili bir terim vardir) ve burada dili konusamayan (ve "bar bar bar" der gibi ses çikaran) insanlari ifade eder. Yani "barbarlarin" ortak noktasi farkli bir irktan ya da etnik kökenden olmak degil, insanlarin kültürel merkez olarak düsündükleri yerin disinda olmakti. Ister Galyalilardan (Yunanlilar için barbarlar), ister Sakalardan (eski Hintliler için "mleccha"), isterse Xiongnu'dan (Han Hanedani Cin'ine musallat olan "Bes Hu" ya da Bes Barbar'dan biri) bahsediyor olalim, imparatorluklarin ve devletlerin kimin "içeride" kimin "disarida" oldugunu belirlemenin bir yolu vardi.</Text>
    </Row>
    <Row Tag="LOC_PEDIA_CONCEPTS_PAGE_CLANS_CHAPTER_HISTORY_PARA_2">
      <Text>Ancak imparatorluklarin en iyi propaganda çabalarina ragmen, tarihsel barbarlar yerlesik rakiplerinin düsündügü gibi vahsi degillerdi. Onlar ne henüz yerlesik hayata geçmemis geri kalmis insanlardi ne de ulus-devletler tarafindan temas edilmeden var olan halklardi. Aksine, devlet disi halklar uluslarla birlikte var oldular. Cografyaci James C. Scott'un yazdigi gibi, ilk devletler nüfuslari, üretim fazlalarinin kontrol edilebilecegi ve el konulabilecegi yakin kümelenmis ve sagliksiz topluluklarda yasamalari için (genellikle zor kullanarak) kontrol etmek için büyük çaba sarf etmistir. Öte yandan, barbar yasam özgürlük için bir seçenek sunuyordu ve barbar gruplar hem devletleri avlayan akincilarin ve korsanlarin kaynagi, hem de devletlerin dogrudan kontrol etmek zorunda olmadiklari topraklarda ticaret ve diplomatik aglari genisletebilecekleri bir araç haline geldi. Barbar ve medeni - bu ikisi birbirine baglidir.</Text>
    </Row>
    <!--Clan Type: Melee Open-->
    <Row Tag="LOC_PEDIA_CONCEPTS_PAGE_CLANTYPE_MELEE_OPEN_CHAPTER_CONTENT_PARA_1">
      <Text>Flatland klani, Barbar Klanlar modu aktif oldugunda mevcut olan bir Klan türüdür.</Text>
    </Row>
    <Row Tag="LOC_PEDIA_CONCEPTS_PAGE_CLANTYPE_MELEE_OPEN_CHAPTER_CONTENT_PARA_2">
      <Text>Düz Arazi klanlari Karakollarini ormanlardan ve tepelerden uzak açik arazilere yerlestirmeyi tercih eder. Saldiri için yakin dövüs birimlerinin ve savunma için menzilli birimlerin bir dengesini tercih ederler.</Text>
    </Row>
    <Row Tag="LOC_PEDIA_CONCEPTS_PAGE_CLANTYPE_MELEE_OPEN_CHAPTER_HISTORY_TITLE">
      <Text>Tarih</Text>
    </Row>
    <Row Tag="LOC_PEDIA_CONCEPTS_PAGE_CLANTYPE_MELEE_OPEN_CHAPTER_HISTORY_PARA_1">
      <Text>Düz arazi halklari dünyanin büyük ovalarinda ve sicak savanlarinda yasar. Yaya olarak seyahat ederler (aksi takdirde Rover veya Chariot Klaninin bayragi altinda olurlardi), ancak bu insanlar gibi, düzlük halklari da genellikle çobandir. Bu terim koyun, keçi, sigir vb. sürü hayvanlariyla yasayan insanlari ifade eder. - Ciftçilige elverisli olmayan topraklarda yasayan pastoralistler, arazi boyunca hareket eder ve böylece genellikle sehirler ve devletler tarafindan ele geçirilmekten kaçarlar (ya da kaçmaya çalisirlar). Bunlardan Dogu Afrikali gruplar: Maasai, Turkana, Nuer ve digerleri en ünlülerinden bazilaridir - hayatlarinin çogunu sigirlarinin kani, sütü ve etiyle yasayan insanlar. Bu gruplarin birçogu için sigirlar yasamlarinin hayati bir parçasi haline gelir - çiftlik hayvanlari bir kisinin statüsünü gösterir, iyi bakilan bir inek gurur ve takinti noktasi haline gelir ve hayvanlar dügünlerde takas edilir. Ancak bunlar göçebe degil. Örnegin Güney Sudan'in Nuer halki geçtigimiz yüzyilda yerlesik topluluklar halinde yasiyordu. Antropolog E. Evans-Pritchard'a göre bunlar büyük ölçüde sinifsiz ve esitlikçiydi, ancak tek amaci anlasmazliklarda arabuluculuk yapmak olan özel bir "leopar derisi sefi" vardi.</Text>
    </Row>
    <Row Tag="LOC_PEDIA_CONCEPTS_PAGE_CLANTYPE_MELEE_OPEN_CHAPTER_HISTORY_PARA_2">
      <Text>Ancak iç hiyerarsinin olmamasi pasifizm anlamina gelmiyordu: birçok düzlük grubu geçimlerini biraz akincilikla ya da akin tehditlerinden toplanan haraç parasiyla sagliyordu. Nuer ve Dinka arasinda siddetli bir rekabet vardi ve halen de var. Kenya'daki Maasai'ler ise silahlariyla, özellikle de "ol alem" kiliç-mizraklariyla ünlüydü. Atsiz olmalarina ragmen Maasai savasçilari, Kenya'nin maraton rekorlari kirmadaki istikrarli basarisinin da kanitladigi gibi, yaya olarak hizlariyla ünlüdür!</Text>
    </Row>
    <!--Clan Type: Melee Woodland-->
    <Row Tag="LOC_PEDIA_CONCEPTS_PAGE_CLANTYPE_MELEE_FOREST_CHAPTER_CONTENT_PARA_1">
      <Text>Ormanlik Klan, Barbar Klanlar modu aktif oldugunda mevcut olan bir Klan türüdür.</Text>
    </Row>
    <Row Tag="LOC_PEDIA_CONCEPTS_PAGE_CLANTYPE_MELEE_FOREST_CHAPTER_CONTENT_PARA_2">
      <Text>Ormanlik klanlar, Karakollarini ormanlarin ve yagmur ormanlarinin içine veya bitisigine yerlestirmeyi tercih eder. Yakin dövüs birimlerinden daha fazla sayida menzilli birim tercih ederler ve bunlari hem saldiri hem de savunma için kullanirlar.</Text>
    </Row>
    <Row Tag="LOC_PEDIA_CONCEPTS_PAGE_CLANTYPE_MELEE_FOREST_CHAPTER_HISTORY_TITLE">
      <Text>Tarih</Text>
    </Row>
    <Row Tag="LOC_PEDIA_CONCEPTS_PAGE_CLANTYPE_MELEE_FOREST_CHAPTER_HISTORY_PARA_1">
      <Text>Sehirlerden, devletlerden, krallardan ve bunlarla birlikte gelen tüm adaletsizliklerden uzak, bagimsiz bir yasam arayanlar için ormanlar ideal bir koruma saglar. Kentlesmis devletlerin bagimli oldugu yogun tahil tarimina uygun degildirler ve otokratik devletlerin kölelestirme operasyonlarindan saklanmak ya da baskinlar düzenlemek için bolca yer saglarlar. Burada "orman klanlari" Sibirya taygalarindaki Tunguzlar, Kuzey Amerika'daki Shawnee, Haudenosaunee (Iroquois) veya Powhatan gibi daha küçük yerli gruplari ya da yagmur ormanlarindaki çesitli yerli gruplari ifade etmektedir.</Text>
    </Row>
    <Row Tag="LOC_PEDIA_CONCEPTS_PAGE_CLANTYPE_MELEE_FOREST_CHAPTER_HISTORY_PARA_2">
      <Text>Iliman ormanlardaki yasam, kisin daginik av kamplari (ormanda geyik avlamanin daha uygun oldugu zamanlar) ile yaz toplantilari arasinda gidip gelmeyi içerir. Tropik bölgelerde, bazi gruplar "sürgün tarimi" uygulayabilir - ormanin bölümlerini zaman içinde köy yasami için sürdürülebilir olan dönüsümlü bir düzende kesip yakmak. Amazon'daki Achuarlar gibi diger gruplar ise dogrudan tarim yapmaz, ancak ormanin belirli bölgelerine, sonunda bir tür gölge tarima dönüsecek olan ekinler ekerlerdi. Bugün bu gruplarin birçogu agaç kesimi ya da madencilik sirketlerinin artan baskisiyla karsi karsiya olsa da, tarihsel olarak orman halklari kentsel bölgelerle özellikle kürk, ilaç ya da baharat gibi mallarin ticaretini yapmistir.</Text>
    </Row>
    <!--Clan Type: Melee Hills-->
    <Row Tag="LOC_PEDIA_CONCEPTS_PAGE_CLANTYPE_MELEE_HILLS_CHAPTER_CONTENT_PARA_1">
      <Text>Tepeler klani, Barbar Klanlar modu aktif oldugunda mevcut olan bir Klan türüdür.</Text>
    </Row>
    <Row Tag="LOC_PEDIA_CONCEPTS_PAGE_CLANTYPE_MELEE_HILLS_CHAPTER_CONTENT_PARA_2">
      <Text>Tepe klanlari, Karakollarini tepelerin bulundugu açik arazilere yerlestirmeyi tercih eder. Yakin dövüs birimlerini siddetle tercih ederler, hatta menzilli birimleri tamamen dislarlar.</Text>
    </Row>
    <Row Tag="LOC_PEDIA_CONCEPTS_PAGE_CLANTYPE_MELEE_HILLS_CHAPTER_HISTORY_TITLE">
      <Text>Tarih</Text>
    </Row>
    <Row Tag="LOC_PEDIA_CONCEPTS_PAGE_CLANTYPE_MELEE_HILLS_CHAPTER_HISTORY_PARA_1">
      <Text>Himalayalar'in bugünkü Burma, Laos ve komsu ülkelerde uzanan mahmuzlarinda yerel kralliklar insanlari genellikle tepe ve vadi olmak üzere iki kategoriye ayirirdi. Vadi halki - Shan, Tayland, Birmanya veya Lao - pirinç yetistirir, Budist'tir ve kralin yönetimine tabidir. Ancak yayla insanlari - Akha, Hmong, Mien veya Kachin - animistti, kök bitkileri yetistiriyordu ve büyük ölçüde esitlikçi olan kendi yasalari altinda var oluyorlardi. Bu bölünmeler siyasi, dini ve ekonomik dünyalari belirliyordu, ancak ayni zamanda gözenekliydi. Baskici bir kraldan kaçan ovalilar tepelere kaçabilirken, sehir hayatinin cazibesine kapilan yaylalilar asagi inebiliyordu.</Text>
    </Row>
    <Row Tag="LOC_PEDIA_CONCEPTS_PAGE_CLANTYPE_MELEE_HILLS_CHAPTER_HISTORY_PARA_2">
      <Text>Zaman zaman bu iliskiler barisçildi ve bu gruplar açikça ticaret yaptilar - tepelerden tuz ve gümüs  alçak bölgelerden mamul mallar. Ancak bu baris kirilgandi. Ova devletleri yayla gruplarina baskinlar düzenleyebiliyordu (Laosçada yayla halki için kullanilan kha kelimesinin "köle" ile esanlamli olmasi da bunu kanitliyor) ya da yaylalilar ova mallari için ticaret yapmak istemediklerine karar verip istediklerini almak için baskinlar düzenleyebiliyorlardi. Bu yayla gruplarindan bazilari korkutucu bir üne sahipti. Örnegin Burma'daki Wa'lar, düsmanlarinin kafalarini köylerinin disina asarak sadece Wa savasçilarinin hünerlerini göstermekle kalmiyor, ayni zamanda - hikayeye göre - ölülerin ruhlarini da köyü korumalari için görevlendiriyorlardi. Zamanla bu daglik gruplar, farkli zamanlarda Ingiliz (sömürge döneminde) ve Amerikan (Soguk Savas döneminde) güçleri tarafindan kendi egemenlik arayislarinda ova devletlerine karsi müttefik bulma girisimlerinde bulunduklari için kendi baslarina siyasi aktörler haline geldiler.</Text>
    </Row>
    <!--Clan Type: Cavalry Open-->
    <Row Tag="LOC_PEDIA_CONCEPTS_PAGE_CLANTYPE_CAVALRY_OPEN_CHAPTER_CONTENT_PARA_1">
      <Text>Gezgin klani, Barbar Klanlar modu etkin oldugunda mevcut olan bir Klan türüdür.</Text>
    </Row>
    <Row Tag="LOC_PEDIA_CONCEPTS_PAGE_CLANTYPE_CAVALRY_OPEN_CHAPTER_CONTENT_PARA_2">
      <Text>Rover klanlari yakinlarda [ICON_RESOURCE_HORSES] At kaynagina ihtiyaç duyar ve Karakollarini ormanlardan uzak açik arazilere yerlestirmeyi tercih eder. Saldiri ve savunma için hem hafif hem de agir süvarileri kullanarak mümkün oldugunca çok atli birim tercih ederler.</Text>
    </Row>
    <Row Tag="LOC_PEDIA_CONCEPTS_PAGE_CLANTYPE_CAVALRY_OPEN_CHAPTER_HISTORY_TITLE">
      <Text>Tarih</Text>
    </Row>
    <Row Tag="LOC_PEDIA_CONCEPTS_PAGE_CLANTYPE_CAVALRY_OPEN_CHAPTER_HISTORY_PARA_1">
      <Text>Atlar Kuzey Amerika'nin Büyük Ovalarina geldiklerinde her seyi degistirdiler. Ovalar daha önce yasamak için zor yerlerdi - bizon bollugu vardi, ancak büyük sürüleri avlamak, onlari uçurumlardan kovalanabilecekleri veya pusuya düsürülebilecekleri yerlerde tuzaga düsürmek anlamina geliyordu. Ancak at sirtindaki bir avci bizon sürülerini kendi hizlarinda kilometrelerce takip edebilirdi. Bir yüzyil boyunca, at ve atli savasçi etrafinda bütün bir yasam biçimi ortaya çikti ve ovalarin büyük yerli kabilelerinin miraslarina yol açti: Lakota (ve diger "Sioux" gruplari), Apsáalooke (Crow), Tsitsistas (Cheyenne) ve digerleri.</Text>
    </Row>
    <Row Tag="LOC_PEDIA_CONCEPTS_PAGE_CLANTYPE_CAVALRY_OPEN_CHAPTER_HISTORY_PARA_2">
      <Text>Benzer sekilde, ancak daha uzun bir süre boyunca, Asya bozkirlarinda, ata bagli göçebe çobanlar, yerlesik topraklara yikici akinlar düzenlemelerine olanak taniyan yeni teknolojiler - en önemlisi, uzun yay gücüyle ateslenebilen, ancak daha küçük ve süvariler için uygun olan kompozit yay - gelistirdiler. Mogollar ve Iskitlerin yani sira Xiongnu, Saka, Kazak ve çesitli Türkçe konusan halklar gibi gruplar, (kayitsiz) sehirler için varolussal bir tehdit olusturan genis, son derece hareketli ordular yaratti. Bozkirla siniri olan neredeyse her tarim devletinin bu gruplarla çatisma (ve yenilgi) efsaneleri vardir: Cin Seddi Xiongnu akinlarina karsi insa edilmistir, Kore tarihi Jurchenlerle mücadelelerden bahseder ve Romalilarin Hun tehdidi vardir. Tüm bunlar at ve insan arasindaki derin bagdan kaynaklaniyordu  bugün içten yanmali motorlara, sirtlara ve lastiklere yöneldigimiz için büyük ölçüde kaybettigimiz bir bag.</Text>
    </Row>
    <!--Clan Type: Cavalry Jungle-->
    <Row Tag="LOC_PEDIA_CONCEPTS_PAGE_CLANTYPE_CAVALRY_JUNGLE_CHAPTER_CONTENT_PARA_1">
      <Text>Orman klani, Barbar Klanlar modu etkin oldugunda mevcut olan bir Klan türüdür.</Text>
    </Row>
    <Row Tag="LOC_PEDIA_CONCEPTS_PAGE_CLANTYPE_CAVALRY_JUNGLE_CHAPTER_CONTENT_PARA_2">
      <Text>Orman klanlari yakinlarda [ICON_RESOURCE_IVORY] bir Fildisi kaynagina ihtiyaç duyar ve Karakollarini yagmur ormanlarinin içine yerlestirmeyi tercih ederler. Yaya ve menzilli birliklerle desteklenen hafif ve agir süvari birliklerinin bir karisimini tercih ederler.</Text>
    </Row>
    <Row Tag="LOC_PEDIA_CONCEPTS_PAGE_CLANTYPE_CAVALRY_JUNGLE_CHAPTER_HISTORY_TITLE">
      <Text>Tarih</Text>
    </Row>
    <Row Tag="LOC_PEDIA_CONCEPTS_PAGE_CLANTYPE_CAVALRY_JUNGLE_CHAPTER_HISTORY_PARA_1">
      <Text>Yagmur ormanlari kaçmak isteyenler için bir baska siginak ya da yagmacilarin faaliyet gösterebilecekleri bir üs saglar. Amazon, Orta Afrika yagmur ormanlari ve Güneydogu Asya ormanlari (özellikle Borneo\Kalimantan), affetmeyen bir ortamda yasayan çok çesitli insan topluluklarina ev sahipligi yapmaktadir. Bunlardan bazilari korkutucu bir üne sahip olmanin yani sira zamanin ittifaklarini ve rekabetlerini yönetme becerisine de sahipti - örnegin Amazon'daki Tamoio halki gevsek bir konfederasyon seklinde örgütlenerek Portekiz sömürge güçlerine karsi savasti (seçici olarak diger Avrupali güçlerle ittifak kurdular), tipki Burma daglik bölgesindeki Karen gibi gruplarin ova Burmalilarina karsi Ingilizlerle ittifak kurmasi gibi. Bu gruplardan bazilari düsmanlarinin kafalarini sergileyerek itibarlarini arttirmislardir - Filipinler'deki Bugkalotlar ve Endonezya'daki Dayaklar kafa kesmislerdir ve Amazon'un meshur "büzülmüs kafalari" aslinda Achuar ve diger gruplar tarafindan yapilan kemikleri alinmis ve mumyalanmis kafalardir.</Text>
    </Row>
    <Row Tag="LOC_PEDIA_CONCEPTS_PAGE_CLANTYPE_CAVALRY_JUNGLE_CHAPTER_HISTORY_PARA_2">
      <Text>Yagmur ormani gruplarinin askeri kabiliyetlerini düsündügümüzde aklimiza üflemeli tüfekler (Amazon), arbalet (Güneydogu Asya) ve mizraklar (her yerde) ve hafif zirhli yaya askerler gelebilir. Ama onlarin tanklari da vardi: filler. Fillerin yumusak ayaklari orman zeminine çok az zarar verir, kalin örtüde nispeten kolay hareket edebilirler ve boylari sismis orman derelerini asmalarina olanak tanir. 20. yüzyil savaslarinda Burma'nin Kaçinleri filleri Burma ordusuna karsi büyük bir etki yaratmak için kullandilar (ve kullaniyorlar). Burma ordusunun araçlarinin disleri ve lastikleri çamurlu zeminde bataga saplanirken, Kaçin filleri nispeten sessiz bir sekilde geçebilir, bu da daha iyi silahlanmis oldugu varsayilan rakiplerini geride birakmalarini ve onlara üstünlük saglamalarini mümkün kilardi.</Text>
    </Row>
    <!--Clan Type: Cavalry Chariot-->
    <Row Tag="LOC_PEDIA_CONCEPTS_PAGE_CLANTYPE_CAVALRY_CHARIOT_CHAPTER_CONTENT_PARA_1">
      <Text>Savas Arabasi klani, Barbar Klanlar modu etkin oldugunda mevcut olan bir Klan türüdür.</Text>
    </Row>
    <Row Tag="LOC_PEDIA_CONCEPTS_PAGE_CLANTYPE_CAVALRY_CHARIOT_CHAPTER_CONTENT_PARA_2">
      <Text>Savas Arabasi klanlari yakinlarda [ICON_RESOURCE_HORSES] At kaynagina ihtiyaç duyar ve Karakollarini çöle yerlestirmeyi tercih eder. Tüm rollerde binekli araçlari ve hafif süvarileri tercih ederler, menzilli birimleri nadiren kullanirlar.</Text>
    </Row>
    <Row Tag="LOC_PEDIA_CONCEPTS_PAGE_CLANTYPE_CAVALRY_CHARIOT_CHAPTER_HISTORY_TITLE">
      <Text>Tarih</Text>
    </Row>
    <Row Tag="LOC_PEDIA_CONCEPTS_PAGE_CLANTYPE_CAVALRY_CHARIOT_CHAPTER_HISTORY_PARA_1">
      <Text>Antik çagin büyük bölümünde insanlarin çogunun devletlerin disinda yasadigini hatirlamak önemlidir. Mezopotamya Babil, Asur ve Sümer'e ev sahipligi yaparken ve antik Cin'de Shang Hanedanligi kurulurken, çok sayida insan bu diyarlarin disinda yasiyordu. Cok geçmeden hareket kabiliyeti yüksek atli okçulara dayanan güçler ortaya çikacak olsa da - M.Ö. 250 civarinda Orta Asya'yi tehdit eden Partlar gibi güçler - bu tür ilk hareketli, akinci teknoloji savas arabasiydi ve bunun kökenleri için binlerce yil öncesine gitmeliyiz. Erken savas arabalari ilk olarak Orta Asya arkeolojik sitelerinde Sintasta ya da Maykop gibi halklar arasinda görülür. Atlarin yine bu bölgede evcillestirilmesinin ardindan, disli tekerlek insanlarin kendilerini - ve savas birliklerini - açik düzlüklerde hareket ettirmelerine olanak saglamistir (ancak bu tür teknolojiler muson yagmurlarina egilimli bölgelerde, ormanlik alanlarda veya engebeli arazilerde daha az kullanisli hale gelmistir.</Text>
    </Row>
    <Row Tag="LOC_PEDIA_CONCEPTS_PAGE_CLANTYPE_CAVALRY_CHARIOT_CHAPTER_HISTORY_PARA_2">
      <Text>Savas arabalari ilk halklarin hareketi için hayati önem tasiyordu. Misirlilar M.Ö. 1600 civarinda yagmaci Hiksoslar tarafindan ele geçirildiginde, saldirganlar savas arabalarinin sirtinda gelmislerdi. Hindistan'in Vedik halki için - atlarina bagli ve onlari takip eden benzer göçmenler - savas arabasi imgelerinin merkezi bir parçasi haline gelir (Rig Veda'daki öneminde oldugu gibi). Cin Shang Hanedanligi da savas arabalarini ikmal treni olarak kullanmis, ancak bunlari savasa uyarlayan akinci yabancilar tarafindan zorlanmislardir.</Text>
    </Row>
    <Row Tag="LOC_PEDIA_CONCEPTS_PAGE_CLANTYPE_CAVALRY_CHARIOT_CHAPTER_HISTORY_PARA_3">
      <Text>Zaman içinde yeni teknolojiler ortaya çikti. Yakin Dogu'da Partlar gibi gruplar, bir at ve binicinin bir savas arabasindan çok daha hizli hareket etmesini (ve saldirmasini) saglayan bilesik yayi benimsedi. Cin'de yeni yayli tüfek teknolojisi, daha iyi süvari karsiti silahlar ve atli kompozit yay okçulugunun benimsenmesi savas arabasinin gerilemesine yol açsa da, savas arabalari yüzyillar boyunca süslü arabalar olarak kullanilmaya devam etmistir.</Text>
    </Row>
    <!--Clan Type: Naval-->
    <Row Tag="LOC_PEDIA_CONCEPTS_PAGE_CLANTYPE_NAVAL_CHAPTER_CONTENT_PARA_1">
      <Text>Denizci klani, Barbar Klanlar modu etkin oldugunda mevcut olan bir Klan türüdür.</Text>
    </Row>
    <Row Tag="LOC_PEDIA_CONCEPTS_PAGE_CLANTYPE_NAVAL_CHAPTER_CONTENT_PARA_2">
      <Text>Denizci klanlar Karakollarini her zaman kiyi arazilerine yerlestirirler. Karakollarini karada konuslu anti-süvari birimleriyle savunurlar, ancak bunun disinda kesif ve saldiri için yalnizca deniz yakin dövüs ve deniz menzilli birimlerini kullanirlar.</Text>
    </Row>
    <Row Tag="LOC_PEDIA_CONCEPTS_PAGE_CLANTYPE_NAVAL_CHAPTER_HISTORY_TITLE">
      <Text>Tarih</Text>
    </Row>
    <Row Tag="LOC_PEDIA_CONCEPTS_PAGE_CLANTYPE_NAVAL_CHAPTER_HISTORY_PARA_1">
      <Text>Hayatlarini denizden kazanan ve zaman zaman yagma yapan göçebe veya yagmaci halklardan olusan gevsek örgütlü bir grup - bunlar korsanlardir! "Korsan kralligi" kelimesi, günümüz filmlerini ve müzikallerini çagristirabilir, ancak tarihte korsan kralliklari (veya cumhuriyetleri) imparatorlugun sinirlarindaki kanunsuz yerlerde, özellikle de kârli ticaret yollarinin yakininda ve karmasik ada sistemlerinin yerel denizi iyi bilenlerin kolayca saklanabilecegi anlamina geldigi yerlerde kurulmustur. Bunlardan belki de en kolay taninani olan Korsanlar Cumhuriyeti, Mary Read, Anne Bonny, Calico Jack gibi ünlü korsanlarin yani sira Karasakal'in da yer aldigi, günümüzde Bahamalar'da bulunan kisa ömürlü bir korsanlar konfederasyonuydu.</Text>
    </Row>
    <Row Tag="LOC_PEDIA_CONCEPTS_PAGE_CLANTYPE_NAVAL_CHAPTER_HISTORY_PARA_2">
      <Text>Ancak daha da önemlisi, New Providence'daki korsan baskentinin valisi burayi "yeni bir Madagaskar" yapacagini ilan etti. Baska bir deyisle, korsan devletler bilinen, yaygin ve dünya çapinda bir olguydu. 1400'lerden 1800'lere kadar Güneydogu Asya'da, çesitli küçük sultanliklar (özellikle Sulu Sultanligi) dogu Endonezya ve Filipinler çevresindeki bölgeden geçen nakliye yollarina baskin yaparak geçimlerini sagladilar. 1200-1500'lerde Dogu Asya kiyilari, "Japon korsanlar" anlamina gelen ama aslinda Kore, Cin ve Japonya arasindaki sularda üslenmis çok etnikli bir deniz akincilari grubuna atifta bulunan bir kelime olan "Wokou" tarafindan rahatsiz edildi. Ve tabii ki Afrika'nin dogusunda Madagaskar ve Somali kiyilari korsan faaliyetleriyle ün salmistir ve hala da öyledir.</Text>
    </Row>
    <Row Tag="LOC_PEDIA_CONCEPTS_PAGE_CLANTYPE_NAVAL_CHAPTER_HISTORY_PARA_3">
      <Text>Diger pek çok yagmaci toplum gibi korsanlik da ticaret gerektirir. Özellikle Avrupali ticaret sirketleri (1500'ler-1700'ler) ya da Ming Cin'ine haraç gönderilmesi (1300'ler-1600'ler) döneminde, hazine yüklü kârli gemiler okyanusun korunmasiz bölgelerinde büyük mesafeler kat ediyordu ve bu hazineyi ele geçirmenin cazibesi neredeyse her kitadan insani cezbetti.</Text>
    </Row>
  </EnglishText>
</GameData>