﻿<?xml version="1.0" encoding="utf-8"?>
<GameData>
  <EnglishText>
    <Row Tag="LOC_BARBARIAN_CLANS_MODE_TITLE">
      <Text>Barbar Klanlar Oyun Modu</Text>
    </Row>
    <Row Tag="LOC_BARBARIAN_CLANS_MODE_TEASER">
      <Text>Farkli Barbar gruplari ve stratejileri ekleyen bir oyun modu</Text>
    </Row>
    <Row Tag="LOC_BARBARIAN_CLANS_MODE_DESCRIPTION">
      <Text>Barbar gruplarina ve stratejilerine çesitlilik katan Barbar Klanlari oyun modunu içerir.</Text>
    </Row>
  </EnglishText>
</GameData>