﻿<?xml version="1.0" encoding="utf-8"?>
<GameData>
  <EnglishText>
    <!-- Elizabeth-->
    <Row Tag="LOC_ABILITY_ELIZABETH_PLUNDER_BONUS_DESCRIPTION">
      <Text>Ticaret yollarının yağmalanması için +%100 Ödül (I. Elizabeth)</Text>
    </Row>
    <Row Tag="LOC_AGENDA_TRADE_AGREEMENT_NAME">
      <Text>Ticaret Anlaşması</Text>
    </Row>
    <Row Tag="LOC_AGENDA_TRADE_AGREEMENT_DESCRIPTION">
      <Text>Ticaret Yollarını [ICON_TradeRoute] maksimize etmeye çalışır. Kendisiyle ticaret yapan uygarlıkları sever, yapmayanları sevmez.</Text>
    </Row>
    <!-- Diplo VO -->
    <Row Tag="LOC_DIPLO_FIRST_MEET_LEADER_ELIZABETH_ANY">
      <Text>Ben Britanya Kraliçesi Elizabeth'im ve sadece en asil ve sadık müttefikleri ararım.</Text>
    </Row>
    <Row Tag="LOC_DIPLO_DECLARE_WAR_FROM_HUMAN_LEADER_ELIZABETH_ANY">
      <Text>Hükümdarların asalarına dokunanlar merhameti hak etmezler.</Text>
    </Row>
    <Row Tag="LOC_DIPLO_DECLARE_WAR_FROM_AI_LEADER_ELIZABETH_ANY">
      <Text>Bırakın zorbalar korksun.</Text>
    </Row>
    <Row Tag="LOC_DIPLO_KUDO_EXIT_LEADER_ELIZABETH_ANY">
      <Text>İngiltere ile ticaret anlaşmasına gösterdiğiniz ilgi için teşekkür ederiz.</Text>
    </Row>
    <Row Tag="LOC_DIPLO_WARNING_EXIT_LEADER_ELIZABETH_ANY">
      <Text>Pirinç, kuyumcular için altın ne kadar güzelse, cahiller için de o kadar güzel parlar.</Text>
    </Row>
    <Row Tag="LOC_DIPLO_DEFEAT_FROM_AI_LEADER_ELIZABETH_ANY">
      <Text>Gerisi sessizlik.</Text>
    </Row>
    <!-- Diplo Text -->
    <Row Tag="LOC_DIPLO_ACCEPT_DECLARE_FRIEND_FROM_HUMAN_LEADER_ELIZABETH_ANY">
      <Text>Ortak bir davayı paylaşıyoruz.</Text>
    </Row>
    <Row Tag="LOC_DIPLO_REJECT_DECLARE_FRIEND_FROM_HUMAN_LEADER_ELIZABETH_ANY">
      <Text>Ben zaten İngiltere'yle evliyim.</Text>
    </Row>
    <Row Tag="LOC_DIPLO_DECLARE_FRIEND_FROM_AI_LEADER_ELIZABETH_ANY">
      <Text>Koca almayabilirim ama bir dosta değer veririm.</Text>
    </Row>
    <Row Tag="LOC_DIPLO_ACCEPT_DECLARE_FRIEND_FROM_AI_LEADER_ELIZABETH_ANY">
      <Text>Arkadaşlar - ve ticaret - sayıları arttıkça daha da zenginleşir.</Text>
    </Row>
    <Row Tag="LOC_DIPLO_REJECT_DECLARE_FRIEND_FROM_AI_LEADER_ELIZABETH_ANY">
      <Text>Sözleriniz adil, ancak adil olanın kötü, kötü olanın da adil olabileceğini biliyoruz.</Text>
    </Row>
    <Row Tag="LOC_DIPLO_ACCEPT_DELEGATION_FROM_HUMAN_LEADER_ELIZABETH_ANY">
      <Text>Heyetinize İngiliz yemekleri ve havasının harikaları ikram edildi.</Text>
    </Row>
    <Row Tag="LOC_DIPLO_REJECT_DELEGATION_FROM_HUMAN_LEADER_ELIZABETH_ANY">
      <Text>Cazip ama reddediyorum.</Text>
    </Row>
    <Row Tag="LOC_DIPLO_DELEGATION_FROM_AI_LEADER_ELIZABETH_ANY">
      <Text>İşte dünya için çok ama çok yeni bir şey - bir tür çorba gibi, uyarıcı yapraklardan oluşan sıcak bir kaynatma. "Cuppa" olarak bilinecek.</Text>
    </Row>
    <Row Tag="LOC_DIPLO_DENOUNCE_FROM_HUMAN_LEADER_ELIZABETH_ANY">
      <Text>Zekâ, şu anda serbestçe akan bu tür tuzaklardan ve yalanlardan kaçınmam için beni uyarıyor.</Text>
    </Row>
    <Row Tag="LOC_DIPLO_DENOUNCE_FROM_AI_LEADER_ELIZABETH_ANY">
      <Text>Tanrı sizi affedebilir ama ben asla affedemem. (Seni İhbar Ediyor)</Text>
    </Row>
    <Row Tag="LOC_DIPLO_DENOUNCE_REASON_FROM_AI_LEADER_ANY_REASON_AGENDA_TRADE_AGREEMENT">
      <Text>(Onlarla ticaret yapmıyorsunuz.)</Text>
    </Row>
    <Row Tag="LOC_DIPLO_FIRST_MEET_VISIT_RECIPIENT_LEADER_ELIZABETH_ANY">
      <Text>Londra'nın ışıklarının sisi altına çevirdiğini görecek misiniz?</Text>
    </Row>
    <Row Tag="LOC_DIPLO_FIRST_MEET_NEAR_INITIATOR_POSITIVE_LEADER_ELIZABETH_ANY">
      <Text>Çok iyi.</Text>
    </Row>
    <Row Tag="LOC_DIPLO_FIRST_MEET_NO_MANS_INFO_EXCHANGE_LEADER_ELIZABETH_ANY">
      <Text>Dünyaya bakışımızı genişletmeye çalışıyoruz. Siz de aynısını yapacak mısınız?</Text>
    </Row>
    <Row Tag="LOC_DIPLO_GREETING_LEADER_ELIZABETH_ANY">
      <Text>Eğer bu taht odası bir sahne ise, oyun şu anda devam ediyor demektir.</Text>
    </Row>
    <Row Tag="LOC_DIPLO_MAKE_ALLIANCE_FROM_AI_LEADER_ELIZABETH_ANY">
      <Text>Bir gemi iki direkle daha hızlı yol alır, öyle değil mi?</Text>
    </Row>
    <Row Tag="LOC_DIPLO_MAKE_PEACE_AI_ACCEPT_DEAL_LEADER_ELIZABETH_ANY">
      <Text>Niyetimiz hiçbir zaman sonu gelmeyen savaşlar çıkarmak olmadı.</Text>
    </Row>
    <Row Tag="LOC_DIPLO_MAKE_PEACE_AI_REFUSE_DEAL_LEADER_ELIZABETH_ANY">
      <Text>Küçümseme üzerine küçümseme. Hakaret üzerine hakaret. Şimdi de barış istiyorsun. Hayır.</Text>
    </Row>
    <Row Tag="LOC_DIPLO_MAKE_PEACE_FROM_AI_LEADER_ELIZABETH_ANY">
      <Text>Bu dünyada herkese yetecek kadar refah var, bunu askerler ve silahlar için harcamaya gerek yok.</Text>
    </Row>
    <Row Tag="LOC_DIPLO_ACCEPT_OPEN_BORDERS_FROM_HUMAN_LEADER_ELIZABETH_ANY">
      <Text>Barışçıl insanların serbest ticaretinden zarar gören bir ulus hiç olmadı.</Text>
    </Row>
    <Row Tag="LOC_DIPLO_REJECT_OPEN_BORDERS_FROM_HUMAN_LEADER_ELIZABETH_ANY">
      <Text>Ben barıştan yanayım ve ticaretten yanayım. Önceliklerinizin böyle olduğundan şüpheliyim.</Text>
    </Row>
    <Row Tag="LOC_DIPLO_OPEN_BORDERS_FROM_AI_LEADER_ELIZABETH_ANY">
      <Text>Bırakın insanlarımız istedikleri yerde dolaşsınlar - İngilizler her zaman uzak gezginler olmuştur.</Text>
    </Row>
    <Row Tag="LOC_DIPLO_WARNING_TOO_MANY_TROOPS_NEAR_ME_LEADER_ELIZABETH_ANY">
      <Text>Elbette size güveniyorum. Ancak askerleriniz topraklarımın yanı başında silahlarla dolaşmasaydı size çok daha fazla güvenirdim.</Text>
    </Row>
    <Row Tag="LOC_DIPLO_REJECT_MAKE_DEAL_FROM_AI_LEADER_ELIZABETH_ANY">
      <Text>Beni sıradan bir balık avcısı mı sanıyorsun?</Text>
    </Row>
    <Row Tag="LOC_DIPLO_ACCEPT_MAKE_DEAL_FROM_AI_LEADER_ELIZABETH_ANY">
      <Text>İyi bir anlaşma gördüğümde anlarım.</Text>
    </Row>
    <!-- Harald Alt-->
    <Row Tag="LOC_ABILITY_LEVIED_HARALD_DESCRIPTION">
      <Text>Rakiplerin [ICON_STRENGTH] Savaş Gücünün %50'sine eşit Öldürmelerden [ICON_CULTURE] Kültür, [ICON_FAITH] İnanç ve [ICON_SCIENCE] Bilim alın. (Harald Hardrada (Varangian))</Text>
    </Row>
    <Row Tag="LOC_AGENDA_SAGA_NAME">
      <Text>Harald'ın Destanı</Text>
    </Row>
    <Row Tag="LOC_AGENDA_SAGA_DESCRIPTION">
      <Text>Himaye savaşlarını vurgular. Himaye savaşları başlatan medeniyetlere hayranlık duyar. Şehir devletlerine saldıran uygarlıklardan hoşlanmaz.</Text>
    </Row>
    <Row Tag="LOC_DIPLO_ACCEPT_DECLARE_FRIEND_FROM_HUMAN_LEADER_HARALD_ALT_ANY">
      <Text>{LOC_DIPLO_ACCEPT_DECLARE_FRIEND_FROM_HUMAN_LEADER_HARDRADA_ANY}</Text>
    </Row>
    <Row Tag="LOC_DIPLO_REJECT_DECLARE_FRIEND_FROM_HUMAN_LEADER_HARALD_ALT_ANY">
      <Text>{LOC_DIPLO_REJECT_DECLARE_FRIEND_FROM_HUMAN_LEADER_HARDRADA_ANY}</Text>
    </Row>
    <Row Tag="LOC_DIPLO_DECLARE_FRIEND_FROM_AI_LEADER_HARALD_ALT_ANY">
      <Text>{LOC_DIPLO_DECLARE_FRIEND_FROM_AI_LEADER_HARDRADA_ANY}</Text>
    </Row>
    <Row Tag="LOC_DIPLO_ACCEPT_DECLARE_FRIEND_FROM_AI_LEADER_HARALD_ALT_ANY">
      <Text>{LOC_DIPLO_ACCEPT_DECLARE_FRIEND_FROM_AI_LEADER_HARDRADA_ANY}</Text>
    </Row>
    <Row Tag="LOC_DIPLO_REJECT_DECLARE_FRIEND_FROM_AI_LEADER_HARALD_ALT_ANY">
      <Text>{LOC_DIPLO_REJECT_DECLARE_FRIEND_FROM_AI_LEADER_HARDRADA_ANY}</Text>
    </Row>
    <Row Tag="LOC_DIPLO_DECLARE_WAR_FROM_HUMAN_LEADER_HARALD_ALT_ANY">
      <Text>{LOC_DIPLO_DECLARE_WAR_FROM_HUMAN_LEADER_HARDRADA_ANY}</Text>
    </Row>
    <Row Tag="LOC_DIPLO_DECLARE_WAR_FROM_AI_LEADER_HARALD_ALT_ANY">
      <Text>{LOC_DIPLO_DECLARE_WAR_FROM_AI_LEADER_HARDRADA_ANY}</Text>
    </Row>
    <Row Tag="LOC_DIPLO_DEFEAT_FROM_AI_LEADER_HARALD_ALT_ANY">
      <Text>{LOC_DIPLO_DEFEAT_FROM_AI_LEADER_HARDRADA_ANY}</Text>
    </Row>
    <Row Tag="LOC_DIPLO_ACCEPT_DELEGATION_FROM_HUMAN_LEADER_HARALD_ALT_ANY">
      <Text>{LOC_DIPLO_ACCEPT_DELEGATION_FROM_HUMAN_LEADER_HARDRADA_ANY}</Text>
    </Row>
    <Row Tag="LOC_DIPLO_REJECT_DELEGATION_FROM_HUMAN_LEADER_HARALD_ALT_ANY">
      <Text>{LOC_DIPLO_REJECT_DELEGATION_FROM_HUMAN_LEADER_HARDRADA_ANY}</Text>
    </Row>
    <Row Tag="LOC_DIPLO_DELEGATION_FROM_AI_LEADER_HARALD_ALT_ANY">
      <Text>{LOC_DIPLO_DELEGATION_FROM_AI_LEADER_HARDRADA_ANY}</Text>
    </Row>
    <Row Tag="LOC_DIPLO_DENOUNCE_FROM_HUMAN_LEADER_HARALD_ALT_ANY">
      <Text>{LOC_DIPLO_DENOUNCE_FROM_HUMAN_LEADER_HARDRADA_ANY}</Text>
    </Row>
    <Row Tag="LOC_DIPLO_DENOUNCE_FROM_AI_LEADER_HARALD_ALT_ANY">
      <Text>{LOC_DIPLO_DENOUNCE_FROM_AI_LEADER_HARDRADA_ANY}</Text>
    </Row>
    <Row Tag="LOC_DIPLO_FIRST_MEET_LEADER_HARALD_ALT_ANY">
      <Text>{LOC_DIPLO_FIRST_MEET_LEADER_HARDRADA_ANY}</Text>
    </Row>
    <Row Tag="LOC_DIPLO_FIRST_MEET_VISIT_RECIPIENT_LEADER_HARALD_ALT_ANY">
      <Text>{LOC_DIPLO_FIRST_MEET_VISIT_RECIPIENT_LEADER_HARDRADA_ANY}</Text>
    </Row>
    <Row Tag="LOC_DIPLO_FIRST_MEET_NEAR_INITIATOR_POSITIVE_LEADER_HARALD_ALT_ANY">
      <Text>{LOC_DIPLO_FIRST_MEET_NEAR_INITIATOR_POSITIVE_LEADER_HARDRADA_ANY}</Text>
    </Row>
    <Row Tag="LOC_DIPLO_FIRST_MEET_NO_MANS_INFO_EXCHANGE_LEADER_HARALD_ALT_ANY">
      <Text>{LOC_DIPLO_FIRST_MEET_NO_MANS_INFO_EXCHANGE_LEADER_HARDRADA_ANY}</Text>
    </Row>
    <Row Tag="LOC_DIPLO_GREETING_LEADER_HARALD_ALT_ANY">
      <Text>{LOC_DIPLO_GREETING_LEADER_HARDRADA_ANY}</Text>
    </Row>
    <Row Tag="LOC_DIPLO_KUDO_EXIT_LEADER_HARALD_ALT_ANY">
      <Text>Onur, kölelerimiz tehdit edildiğinde sağlam durmamızı gerektirir ve sen de ben de onurlu insanlarız.</Text>
    </Row>
    <Row Tag="LOC_DIPLO_KUDO_LEADER_HARALD_ALT_REASON_ANY">
      <Text>{LOC_DIPLO_KUDO_LEADER_HARDRADA_REASON_ANY}</Text>
    </Row>
    <Row Tag="LOC_DIPLO_WARNING_EXIT_LEADER_HARALD_ALT_ANY">
      <Text>İyi bir kral, köleleri olacak kişileri önemseyen kişidir. Sen iyi bir kral değilsin.</Text>
    </Row>
    <Row Tag="LOC_DIPLO_WARNING_LEADER_HARALD_ALT_REASON_ANY">
      <Text>{LOC_DIPLO_WARNING_LEADER_HARDRADA_REASON_ANY}</Text>
    </Row>
    <Row Tag="LOC_DIPLO_MAKE_ALLIANCE_FROM_AI_LEADER_HARALD_ALT_ANY">
      <Text>{LOC_DIPLO_MAKE_ALLIANCE_FROM_AI_LEADER_HARDRADA_ANY}</Text>
    </Row>
    <Row Tag="LOC_DIPLO_MAKE_PEACE_AI_ACCEPT_DEAL_LEADER_HARALD_ALT_ANY">
      <Text>{LOC_DIPLO_MAKE_PEACE_AI_ACCEPT_DEAL_LEADER_HARDRADA_ANY}</Text>
    </Row>
    <Row Tag="LOC_DIPLO_MAKE_PEACE_AI_REFUSE_DEAL_LEADER_HARALD_ALT_ANY">
      <Text>{LOC_DIPLO_MAKE_PEACE_AI_REFUSE_DEAL_LEADER_HARDRADA_ANY}</Text>
    </Row>
    <Row Tag="LOC_DIPLO_MAKE_PEACE_FROM_AI_LEADER_HARALD_ALT_ANY">
      <Text>{LOC_DIPLO_MAKE_PEACE_FROM_AI_LEADER_HARDRADA_ANY}</Text>
    </Row>
    <Row Tag="LOC_DIPLO_ACCEPT_OPEN_BORDERS_FROM_HUMAN_LEADER_HARALD_ALT_ANY">
      <Text>{LOC_DIPLO_ACCEPT_OPEN_BORDERS_FROM_HUMAN_LEADER_HARDRADA_ANY}</Text>
    </Row>
    <Row Tag="LOC_DIPLO_REJECT_OPEN_BORDERS_FROM_HUMAN_LEADER_HARALD_ALT_ANY">
      <Text>{LOC_DIPLO_REJECT_OPEN_BORDERS_FROM_HUMAN_LEADER_HARDRADA_ANY}</Text>
    </Row>
    <Row Tag="LOC_DIPLO_OPEN_BORDERS_FROM_AI_LEADER_HARALD_ALT_ANY">
      <Text>{LOC_DIPLO_OPEN_BORDERS_FROM_AI_LEADER_HARDRADA_ANY}</Text>
    </Row>
    <Row Tag="LOC_DIPLO_WARNING_TOO_MANY_TROOPS_NEAR_ME_LEADER_HARALD_ALT_ANY">
      <Text>{LOC_DIPLO_WARNING_TOO_MANY_TROOPS_NEAR_ME_LEADER_HARDRADA_ANY}</Text>
    </Row>
    <Row Tag="LOC_DIPLO_ACCEPT_MAKE_DEAL_FROM_AI_LEADER_HARALD_ALT_ANY">
      <Text>{LOC_DIPLO_ACCEPT_DECLARE_FRIEND_FROM_AI_LEADER_HARDRADA_ANY}</Text>
    </Row>
    <Row Tag="LOC_DIPLO_REJECT_MAKE_DEAL_FROM_AI_LEADER_HARALD_ALT_ANY">
      <Text>{LOC_DIPLO_REJECT_DECLARE_FRIEND_FROM_AI_LEADER_HARDRADA_ANY}</Text>
    </Row>
    <!-- Victoria Alt-->
    <Row Tag="LOC_AGENDA_INDUSTRIAL_REVOLUTION_NAME">
      <Text>Sanayi Devrimi</Text>
    </Row>
    <Row Tag="LOC_AGENDA_INDUSTRIAL_REVOLUTION_DESCRIPTION">
      <Text>Sanayi kurmaya çalışır ve [ICON_Production] Üretime de odaklanan medeniyetleri sever.</Text>
    </Row>
    <Row Tag="LOC_DIPLO_ACCEPT_DECLARE_FRIEND_FROM_HUMAN_LEADER_VICTORIA_ALT_ANY">
      <Text>{LOC_DIPLO_ACCEPT_DECLARE_FRIEND_FROM_HUMAN_LEADER_VICTORIA_ANY}</Text>
    </Row>
    <Row Tag="LOC_DIPLO_REJECT_DECLARE_FRIEND_FROM_HUMAN_LEADER_VICTORIA_ALT_ANY">
      <Text>{LOC_DIPLO_REJECT_DECLARE_FRIEND_FROM_HUMAN_LEADER_VICTORIA_ANY}</Text>
    </Row>
    <Row Tag="LOC_DIPLO_DECLARE_FRIEND_FROM_AI_LEADER_VICTORIA_ALT_ANY">
      <Text>{LOC_DIPLO_DECLARE_FRIEND_FROM_AI_LEADER_VICTORIA_ANY}</Text>
    </Row>
    <Row Tag="LOC_DIPLO_ACCEPT_DECLARE_FRIEND_FROM_AI_LEADER_VICTORIA_ALT_ANY">
      <Text>{LOC_DIPLO_ACCEPT_DECLARE_FRIEND_FROM_AI_LEADER_VICTORIA_ANY}</Text>
    </Row>
    <Row Tag="LOC_DIPLO_REJECT_DECLARE_FRIEND_FROM_AI_LEADER_VICTORIA_ALT_ANY">
      <Text>{LOC_DIPLO_REJECT_DECLARE_FRIEND_FROM_AI_LEADER_VICTORIA_ANY}</Text>
    </Row>
    <Row Tag="LOC_DIPLO_DECLARE_WAR_FROM_HUMAN_LEADER_VICTORIA_ALT_ANY">
      <Text>{LOC_DIPLO_DECLARE_WAR_FROM_HUMAN_LEADER_VICTORIA_ANY}</Text>
    </Row>
    <Row Tag="LOC_DIPLO_DECLARE_WAR_FROM_AI_LEADER_VICTORIA_ALT_ANY">
      <Text>{LOC_DIPLO_DECLARE_WAR_FROM_AI_LEADER_VICTORIA_ANY}</Text>
    </Row>
    <Row Tag="LOC_DIPLO_DEFEAT_FROM_AI_LEADER_VICTORIA_ALT_ANY">
      <Text>{LOC_DIPLO_DEFEAT_FROM_AI_LEADER_VICTORIA_ANY}</Text>
    </Row>
    <Row Tag="LOC_DIPLO_DEFEAT_FROM_HUMAN_LEADER_VICTORIA_ALT_ANY">
      <Text>{LOC_DIPLO_DEFEAT_FROM_HUMAN_LEADER_VICTORIA_ANY}</Text>
    </Row>
    <Row Tag="LOC_DIPLO_ACCEPT_DELEGATION_FROM_HUMAN_LEADER_VICTORIA_ALT_ANY">
      <Text>{LOC_DIPLO_ACCEPT_DELEGATION_FROM_HUMAN_LEADER_VICTORIA_ANY}</Text>
    </Row>
    <Row Tag="LOC_DIPLO_REJECT_DELEGATION_FROM_HUMAN_LEADER_VICTORIA_ALT_ANY">
      <Text>{LOC_DIPLO_REJECT_DELEGATION_FROM_HUMAN_LEADER_VICTORIA_ANY}</Text>
    </Row>
    <Row Tag="LOC_DIPLO_DELEGATION_FROM_AI_LEADER_VICTORIA_ALT_ANY">
      <Text>{LOC_DIPLO_DELEGATION_FROM_AI_LEADER_VICTORIA_ANY}</Text>
    </Row>
    <Row Tag="LOC_DIPLO_DENOUNCE_FROM_HUMAN_LEADER_VICTORIA_ALT_ANY">
      <Text>{LOC_DIPLO_DENOUNCE_FROM_HUMAN_LEADER_VICTORIA_ANY}</Text>
    </Row>
    <Row Tag="LOC_DIPLO_DENOUNCE_FROM_AI_LEADER_VICTORIA_ALT_ANY">
      <Text>{LOC_DIPLO_DENOUNCE_FROM_AI_LEADER_VICTORIA_ANY}</Text>
    </Row>
    <Row Tag="LOC_DIPLO_FIRST_MEET_LEADER_VICTORIA_ALT_ANY">
      <Text>{LOC_DIPLO_FIRST_MEET_LEADER_VICTORIA_ANY}</Text>
    </Row>
    <Row Tag="LOC_DIPLO_FIRST_MEET_VISIT_RECIPIENT_LEADER_VICTORIA_ALT_ANY">
      <Text>{LOC_DIPLO_FIRST_MEET_VISIT_RECIPIENT_LEADER_VICTORIA_ANY}</Text>
    </Row>
    <Row Tag="LOC_DIPLO_FIRST_MEET_NEAR_INITIATOR_POSITIVE_LEADER_VICTORIA_ALT_ANY">
      <Text>{LOC_DIPLO_FIRST_MEET_NEAR_INITIATOR_POSITIVE_LEADER_VICTORIA_ANY}</Text>
    </Row>
    <Row Tag="LOC_DIPLO_FIRST_MEET_NO_MANS_INFO_EXCHANGE_LEADER_VICTORIA_ALT_ANY">
      <Text>{LOC_DIPLO_FIRST_MEET_NO_MANS_INFO_EXCHANGE_LEADER_VICTORIA_ANY}</Text>
    </Row>
    <Row Tag="LOC_DIPLO_GREETING_LEADER_VICTORIA_ALT_ANY">
      <Text>{LOC_DIPLO_GREETING_LEADER_VICTORIA_ANY}</Text>
    </Row>
    <Row Tag="LOC_DIPLO_KUDO_EXIT_LEADER_VICTORIA_ALT_ANY">
      <Text>Sizin de çok iyi gösterdiğiniz gibi sanayi, ilerlememiz için tek yol. Ve siz büyük adımlar attınız.</Text>
    </Row>
    <Row Tag="LOC_DIPLO_KUDO_LEADER_VICTORIA_ALT_REASON_ANY">
      <Text>{LOC_DIPLO_KUDO_LEADER_VICTORIA_REASON_ANY}</Text>
    </Row>
    <Row Tag="LOC_DIPLO_WARNING_EXIT_LEADER_VICTORIA_ALT_ANY">
      <Text>Bir tavsiye: ilerleme bir araç değildir. O bir dalgadır ve önüne geçemeyenleri boğacaktır.</Text>
    </Row>
    <Row Tag="LOC_DIPLO_WARNING_LEADER_VICTORIA_ALT_REASON_ANY">
      <Text>{LOC_DIPLO_WARNING_LEADER_VICTORIA_REASON_ANY}</Text>
    </Row>
    <Row Tag="LOC_DIPLO_MAKE_ALLIANCE_FROM_AI_LEADER_VICTORIA_ALT_ANY">
      <Text>{LOC_DIPLO_MAKE_ALLIANCE_FROM_AI_LEADER_VICTORIA_ANY}</Text>
    </Row>
    <Row Tag="LOC_DIPLO_MAKE_PEACE_AI_ACCEPT_DEAL_LEADER_VICTORIA_ALT_ANY">
      <Text>{LOC_DIPLO_MAKE_PEACE_AI_ACCEPT_DEAL_LEADER_VICTORIA_ANY}</Text>
    </Row>
    <Row Tag="LOC_DIPLO_MAKE_PEACE_AI_REFUSE_DEAL_LEADER_VICTORIA_ALT_ANY">
      <Text>{LOC_DIPLO_MAKE_PEACE_AI_REFUSE_DEAL_LEADER_VICTORIA_ANY}</Text>
    </Row>
    <Row Tag="LOC_DIPLO_MAKE_PEACE_FROM_AI_LEADER_VICTORIA_ALT_ANY">
      <Text>{LOC_DIPLO_MAKE_PEACE_FROM_AI_LEADER_VICTORIA_ANY}</Text>
    </Row>
    <Row Tag="LOC_DIPLO_ACCEPT_OPEN_BORDERS_FROM_HUMAN_LEADER_VICTORIA_ALT_ANY">
      <Text>{LOC_DIPLO_ACCEPT_OPEN_BORDERS_FROM_HUMAN_LEADER_VICTORIA_ANY}</Text>
    </Row>
    <Row Tag="LOC_DIPLO_REJECT_OPEN_BORDERS_FROM_HUMAN_LEADER_VICTORIA_ALT_ANY">
      <Text>{LOC_DIPLO_REJECT_OPEN_BORDERS_FROM_HUMAN_LEADER_VICTORIA_ANY}</Text>
    </Row>
    <Row Tag="LOC_DIPLO_OPEN_BORDERS_FROM_AI_LEADER_VICTORIA_ALT_ANY">
      <Text>{LOC_DIPLO_OPEN_BORDERS_FROM_AI_LEADER_VICTORIA_ANY}</Text>
    </Row>
    <Row Tag="LOC_DIPLO_WARNING_TOO_MANY_TROOPS_NEAR_ME_LEADER_VICTORIA_ALT_ANY">
      <Text>{LOC_DIPLO_WARNING_TOO_MANY_TROOPS_NEAR_ME_LEADER_VICTORIA_ANY}</Text>
    </Row>
    <Row Tag="LOC_DIPLO_ACCEPT_MAKE_DEAL_FROM_AI_LEADER_VICTORIA_ALT_ANY">
      <Text>{LOC_DIPLO_ACCEPT_DECLARE_FRIEND_FROM_AI_LEADER_VICTORIA_ANY}</Text>
    </Row>
    <Row Tag="LOC_DIPLO_REJECT_MAKE_DEAL_FROM_AI_LEADER_VICTORIA_ALT_ANY">
      <Text>{LOC_DIPLO_REJECT_DECLARE_FRIEND_FROM_AI_LEADER_VICTORIA_ANY}</Text>
    </Row>
  </EnglishText>
</GameData>