﻿<?xml version="1.0" encoding="utf-8"?>
<GameData>
  <EnglishText>
    <!-- leaders -->
    <Row Tag="LOC_PEDIA_LEADERS_PAGE_LEADER_ELIZABETH_TITLE">
      <Text>I. Elizabeth</Text>
    </Row>
    <Row Tag="LOC_PEDIA_LEADERS_PAGE_LEADER_ELIZABETH_QUOTE">
      <Text>Dünya bizi izliyor, biz de onun sahnesinde hüküm sürüyoruz.</Text>
    </Row>
    <Row Tag="LOC_PEDIA_LEADERS_PAGE_LEADER_ELIZABETH_CHAPTER_HISTORY_PARA_1">
      <Text>Kraliçe I. Elizabeth (1533-1603) bugün, kendi zamanında sahip olduğundan biraz daha fazla ün kazanmıştır. Gelecekteki Britanya İmparatorluğu'nun temellerini inşa etti, ancak onun zamanında bu, diğer düşman güçlerin egemen olduğu bir dünya düzeninin ortasında korsanlar ve casuslardan oluşan umutsuz bir yamalı bohçaydı.</Text>
    </Row>
    <Row Tag="LOC_PEDIA_LEADERS_PAGE_LEADER_ELIZABETH_CHAPTER_HISTORY_PARA_2">
      <Text>Tudor İngiltere'si, tarihin Erken Modern dönemini özetler. Burada, günümüz dünya sisteminin büyük bir kısmının temelleri atılmaya başlanmıştır - İngiliz Doğu Hindistan Şirketi'nin salonlarında finans, sigorta ve yatırımın kökenleri, Reformasyon ve mutlak monarşinin yanı sıra demokratik parlamentarizmin temel taşları. Tüm bunlar Elizabeth döneminde, İngiliz -ya da dünya- tarihinin en büyük hükümdarlarından birinin yönetiminde şekillendi.</Text>
    </Row>
    <Row Tag="LOC_PEDIA_LEADERS_PAGE_LEADER_ELIZABETH_CHAPTER_HISTORY_PARA_3">
      <Text>1500'lü yılların dünyası bir önceki dünya düzeninin özetiydi. İspanyol ve Portekiz imparatorlukları zirvedeydi ama sömürgelerinden elde ettikleri olağanüstü zenginlikleri bile büyük ölçüde kraliyet verasetini ilgilendiren savaşlarda yakıp yıkıyorlardı ki bu da sıradan insanların pek ilgisini çekmiyordu. Ming ve Babür imparatorlukları, yaklaşmakta olan sömürgeci fetih fırtınası karşısında sonunda rehavete yol açacak bir durum olan zirvelerindeydi. İngiltere dünyanın kıyısında yağmurlu, çamurlu bir kayaydı. Onlardan bir imparatorluk beklenemezdi.</Text>
    </Row>
    <Row Tag="LOC_PEDIA_LEADERS_PAGE_LEADER_ELIZABETH_CHAPTER_HISTORY_PARA_4">
      <Text>Kraliçe Elizabeth, 8. Henry ile talihsiz ikinci karısı Anne Boleyn'in kızıydı. Boleyn'in ölümü ve evliliğinin feshedilmesiyle Elizabeth gayri meşru hale geldi - pek de hayırlı bir başlangıç sayılmazdı. Katolik Mary tahta geçtiğinde işler daha da kötüye gitti ve Elizabeth'in Protestan eğilimleri çok fazla sorumluluk olduğunu kanıtladı. Genç kraliçe adayı hapsedildi. Ancak Mary hastaydı ve onun ölümü üzerine Elizabeth 1558'de tahtta istikrarsız bir koltuğa oturdu.</Text>
    </Row>
    <Row Tag="LOC_PEDIA_LEADERS_PAGE_LEADER_ELIZABETH_CHAPTER_HISTORY_PARA_5">
      <Text>Elizabeth'in ilk saltanatı en belirsiz dönemiydi. Tahtta on iki yıl kaldıktan ve Katolik mezhebine dönme belirtisi göstermedikten sonra Papa onu aforoz ettiğini ilan etti ve hayatına ve yönetimine karşı komplolar çoğaldı. Bunun üzerine Elizabeth savunmasını geliştirdi: artan bir donanma varlığı, casus Francis Walsingham merkezli bir gizli polis ve Katolik bir hükümdarla evlenmekle sürekli flört etmek. Ancak tehditler her zaman bu kadar ince değildir. İngiliz korsanların onlarca yıl süren tacizleri ve Hollandalı Protestanların İspanyol yönetimine karşı ayaklanmasının ardından İngiltere 1585 yılında İspanya'ya savaş açtı. İspanya, ünlü donanmasını İngiliz kıyılarına gönderdi - 1580'ler İspanyol İmparatorluğu'nun zirvede olduğu yıllar olduğu için bu küçük bir tehdit değildi.</Text>
    </Row>
    <Row Tag="LOC_PEDIA_LEADERS_PAGE_LEADER_ELIZABETH_CHAPTER_HISTORY_PARA_6">
      <Text>Donanmanın yenilgisi, İngiltere'nin "ahşap duvarının" ve gelecek yüzyıllardaki deniz üstünlüğünün başlangıcı olacaktı. Zafere damgasını vuran tek bir büyük Salamis Savaşı (Yunan-Pers savaşlarında) yoktu; bunun yerine İspanyol gemilerine yönelik bir dizi taciz saldırısı, petrole bulanmış yangın botlarının cüretkâr kullanımı ve şanslı bir fırtına İspanyol kayıplarına katkıda bulundu.</Text>
    </Row>
    <Row Tag="LOC_PEDIA_LEADERS_PAGE_LEADER_ELIZABETH_CHAPTER_HISTORY_PARA_7">
      <Text>Elizabeth kendi ülkesinde konumunun zayıf olduğunu biliyordu. Katolik güçlerle arasındaki gerilimi çoktan alevlendirmişti ve bu nedenle, (daha sonra Kuzey Amerika'daki İngiliz kolonilerine yerleşecek olan) Püritenleri sınır dışı edecek kadar ileri giderek, her türlü açık Protestan sembolizmini küçümsedi. Dahası, evlilik sözleşmelerini reddetti - kişisel eğilimi ya da kocasına siyasi olarak çok fazla borçlu olma korkusu tarihsel bir spekülasyon kaynağıdır. Bu nedenle "Bakire Kraliçe" olarak adlandırıldı - Kuzey Amerika'daki yerleşiminin "Virginia" olarak bilinmesinin nedeni budur.</Text>
    </Row>
    <Row Tag="LOC_PEDIA_LEADERS_PAGE_LEADER_ELIZABETH_CHAPTER_HISTORY_PARA_8">
      <Text>Ancak bir yerde çok az ihtiyatlı davrandı. İrlanda nüfusu koyu Katolikti ve İngiliz yönetimine içerliyordu. Elizabeth, sadık İngiliz astlarına toprak ve unvan verilmesini teşvik etti ve orada kendisine karşı çıkan tüm toprakları yaktı.</Text>
    </Row>
    <Row Tag="LOC_PEDIA_LEADERS_PAGE_LEADER_ELIZABETH_CHAPTER_HISTORY_PARA_9">
      <Text>Hayatının ilerleyen dönemlerindeki yönetimi ilk yıllarına yetişemedi. Önemli saray mensuplarının gitmesiyle Elizabeth'in saltanatı, güçlü ticaret tekelleri peşinde koşan siyasi ve sosyal yükselişçiler tarafından içeriden parçalanmaya başladı. Bu tekeller hem İngiltere'deki hem de yurtdışındaki tebaa için zaman zaman zararlı olsa da etkili olacaktı. Gerçekten de İngiltere'deki büyük ticaret şirketlerinin başlangıcı buradadır. Elizabeth Virginia'nın kuruluşunu hiçbir zaman görememiş olsa da, bu denemeden yoksun değildi - mahkum Roanoke kolonisi onun hükümdarlığı altında kuruldu.</Text>
    </Row>
    <Row Tag="LOC_PEDIA_LEADERS_PAGE_LEADER_ELIZABETH_CHAPTER_HISTORY_PARA_10">
      <Text>Elizabeth dönemi edebi yaşamı, özellikle de İngiliz sanat ve kültürünün gelişmesine yol açan Shakespeare ve Marlowe'un şahsında günümüzde de devam etmektedir.</Text>
    </Row>
    <Row Tag="LOC_PEDIA_LEADERS_PAGE_LEADER_ELIZABETH_CHAPTER_HISTORY_PARA_11">
      <Text>Elizabeth 44 yıl tahtta kaldıktan sonra 1603 yılında öldü. Ancak onun temellerini attığı İngiltere öyle olmadı ve gelecek yüzyıllarda dünya sahnesine hakim olacaktı.</Text>
    </Row>
    <Row Tag="LOC_PEDIA_LEADERS_PAGE_LEADER_ELIZABETH_CHAPTER_CAPSULE_BODY">
      <Text>İngiltere ile bir ticaret anlaşması yapmak ister miydiniz? Ticareti kontrol etmek, İngiltere'yi yeni bir Elizabeth çağına hazırlamanın yoludur.</Text>
    </Row>
    <Row Tag="LOC_PEDIA_LEADERS_PAGE_LEADER_ELIZABETH_CHAPTER_DETAILED_BODY">
      <Text>Elizabeth'in yönetimi altındaki İngiltere'de ticaret ve [ICON_GreatAdmiral] Büyük Amiraller ana odak noktasıdır. Kraliyet Donanma Tersanesi size ek deniz hareketi ve [ICON_GreatAdmiral] Büyük Amiral puanı verir. Düşman [ICON_TradeRoute] Ticaret Yollarını yağmalamak ve Drake'in Mirası ile daha fazla ganimet elde etmek için Deniz Köpeği birimi ile ek deniz hareketini kullanın. İlk [ICON_GreatAdmiral] Büyük Amiralinizi aldığınızda 2 ekstra [ICON_TradeRoute] Ticaret Yolu alırsınız; hazinenizi hızla doldurmak için bunları Şehir Devletlerine gönderin.</Text>
    </Row>
    <Row Tag="LOC_PEDIA_LEADERS_PAGE_LEADER_HARDRADA_TITLE">
      <Text>Harald Hardrada</Text>
    </Row>
    <Row Tag="LOC_PEDIA_LEADERS_PAGE_LEADER_HARALD_ALT_TITLE">
      <Text>Harald Hardrada (Varangian)</Text>
    </Row>
    <Row Tag="LOC_PEDIA_LEADERS_PAGE_LEADER_HARALD_ALT_QUOTE">
      <Text>Sancağın önünde taşındığı kişi zaferi kazanmalıdır.</Text>
    </Row>
    <Row Tag="LOC_PEDIA_LEADERS_PAGE_LEADER_HARALD_ALT_CHAPTER_CAPSULE_BODY">
      <Text>Harald, Varangian Muhafızlarını kurmak için kendi paralı askerlerini toplamak ister; bu paralı askerlerle rakiplerini yenerken büyük kazançlar elde eder.</Text>
    </Row>
    <Row Tag="LOC_PEDIA_LEADERS_PAGE_LEADER_HARALD_ALT_CHAPTER_DETAILED_BODY">
      <Text>Valhalla'ya layık büyük bir ordu oluşturmak için Harald ile Şehir Devletlerinin dostluğunu kazanın. Harald Şehir Devletlerinden birimler topladığında, benzersiz yeteneği ile daha ucuza, düşman birimlerini öldürerek büyük miktarda [ICON_Faith] İnanç, [ICON_Science] Bilim ve [ICON_Culture] Kültür elde eder. Stave Kilisesi, [ICON_Faith] İnanç üretimine daha da yardımcı olur ve Monarşi hükümetini seçerseniz ordusu için daha fazla birim satın almasına olanak tanır. Norveç'in Knarr yeteneği, Harald'ın erken okyanus geçişi kazandığı ve gemiye binme cezalarını göz ardı ettiği için büyük ordusunu Okyanus boyunca kolayca göndermesini sağlar. Askeri Taktikler teknolojisinin kilidini açtığınızda Vahşi Savaşçı ordusuna ekstra bir güç kazandırır. En iyi zaferi Hakimiyettir, ancak askeri gücünü her zafer için kullanabilir.</Text>
    </Row>
    <Row Tag="LOC_PEDIA_LEADERS_PAGE_LEADER_VICTORIA_TITLE">
      <Text>Victoria</Text>
    </Row>
    <Row Tag="LOC_PEDIA_LEADERS_PAGE_LEADER_VICTORIA_ALT_TITLE">
      <Text>Victoria (Buhar Çağı)</Text>
    </Row>
    <Row Tag="LOC_PEDIA_LEADERS_PAGE_LEADER_VICTORIA_ALT_QUOTE">
      <Text>Büyük olaylar beni sessiz ve sakinleştirir; sinirlerimi bozan sadece önemsiz şeylerdir.</Text>
    </Row>
    <Row Tag="LOC_PEDIA_LEADERS_PAGE_LEADER_VICTORIA_ALT_CHAPTER_CAPSULE_BODY">
      <Text>Buhar Çağı'nda Victoria ile zaferinizi üretmek için İngiltere'yi Sanayi Devrimi'ne götürebilirsiniz.</Text>
    </Row>
    <Row Tag="LOC_PEDIA_LEADERS_PAGE_LEADER_VICTORIA_ALT_CHAPTER_DETAILED_BODY">
      <Text>Victoria ile İngiltere bir [ICON_Production] Üretim güç merkezidir.  İlk araştırması, lider yeteneğinden +2 [ICON_Production] Üretim alan ve medeniyet yeteneğinden daha hızlı biriken Demir'in kilidini açmak için Bronz İşleme'ye yönelmelidir. Ardından, Sanayi Bölgesi ve Atölyenin kilidini açacak olan Çıraklığa doğru ilerleyin. Atölye, yetenekleriyle [ICON_Production] Üretim makinesinin motorunu çalıştıracaktır. Biriktireceği tüm Stratejik Kaynaklar ile Kraliyet Donanma Tersanesi onları depolamak için iyi bir yerdir. Zafere doğru ilerlerken, [ICON_Production] Üretim bonusları onu ya bir Hakimiyet zaferi için büyük bir ordu yaratmaya ya da İngiltere'yi uzaya itmek için bölgeler ve binalar yaratmaya yönlendirir.</Text>
    </Row>
  </EnglishText>
</GameData>