﻿<?xml version="1.0" encoding="utf-8"?>
<GameData>
  <EnglishText>
    <Row Tag="LOC_FEATURE_EYJAFJALLAJOKULL_NAME">
      <Text>Eyjafjallajökull</Text>
    </Row>
    <Row Tag="LOC_FEATURE_GIANTS_CAUSEWAY_NAME">
      <Text>Giant's Causeway</Text>
    </Row>
    <Row Tag="LOC_FEATURE_LYSEFJORDEN_NAME">
      <Text>Lysefjord</Text>
    </Row>
    <Row Tag="LOC_FEATURE_EYJAFJALLAJOKULL_DESCRIPTION">
      <Text>Bitişik parseller +1 [ICON_Culture] Kültür ve +2 [ICON_Food] Gıda verir.</Text>
    </Row>
    <Row Tag="LOC_FEATURE_GIANTS_CAUSEWAY_DESCRIPTION">
      <Text>Bitişik arazilere giren kara savaş birimleri 'Fionn'un Mızrağı' yeteneğini alır (+5 savaş gücü). Bitişik araziler +1 [ICON_Culture] Kültür verir.</Text>
    </Row>
    <Row Tag="LOC_FEATURE_LYSEFJORDEN_DESCRIPTION">
      <Text>Bitişik arazilere giren deniz muharebe birimlerine bir sonraki terfileri verilir. Bitişik parseller +1 [ICON_Production] Üretim sağlar.</Text>
    </Row>
  </EnglishText>
</GameData>