﻿<?xml version="1.0" encoding="utf-8"?>
<GameData>
  <EnglishText>
    <Row Tag="LOC_FEATURE_EYJAFJALLAJOKULL_QUOTE">
      <Text>"Devasa ve yüksek bir alev sütunu Holt'taki insanların geceleri gündüzmüş gibi mükemmel bir şekilde okumalarını sağladı."[NEWLINE]- Liverpool Mercury</Text>
    </Row>
    <Row Tag="LOC_FEATURE_GIANTS_CAUSEWAY_QUOTE">
      <Text>"Burada koyu kahverengi şekilsiz bazalt, burada kırmızı aşı boyası ve bunun altında yine odun kömürünün ince ama belirgin çizgileri."[NEWLINE]- Dublin Penny Journal</Text>
    </Row>
    <Row Tag="LOC_FEATURE_LYSEFJORDEN_QUOTE">
      <Text>"Bu denizin içinde ve bu yalnızlığın ortasında büyük, kasvetli bir cadde yükselir; hiçbir insanın ayak basamayacağı bir cadde. Oradan hiç kimse geçmez; hiçbir gemi içeri girmeye cesaret edemez."[NEWLINE]- Victor Hugo</Text>
    </Row>
    <Row Tag="LOC_CIVILIZATION_AUCKLAND_NAME">
      <Text>Auckland</Text>
    </Row>
    <Row Tag="LOC_CIVILIZATION_ANTANANARIVO_NAME">
      <Text>Antananarivo</Text>
    </Row>
    <Row Tag="LOC_CIVILIZATION_ARMAGH_NAME">
      <Text>Armagh</Text>
    </Row>
    <Row Tag="LOC_CIVILIZATION_GRANADA_NAME">
      <Text>Granada</Text>
    </Row>
    <Row Tag="LOC_CIVILIZATION_MUSCAT_NAME">
      <Text>Muskat</Text>
    </Row>
    <Row Tag="LOC_CIVILIZATION_MITLA_NAME">
      <Text>Mitla</Text>
    </Row>
    <Row Tag="LOC_CIVILIZATION_PALENQUE_NAME">
      <!--Kept for backwards compatibility with saves with outdated configurations that still reference Palenque-->
      <Text>Mitla</Text>
    </Row>
    <Row Tag="LOC_CIVILIZATION_AUCKLAND_DESCRIPTION">
      <Text>Auckland şehir devleti</Text>
    </Row>
    <Row Tag="LOC_CIVILIZATION_ANTANANARIVO_DESCRIPTION">
      <Text>Antananarivo şehir devleti</Text>
    </Row>
    <Row Tag="LOC_CIVILIZATION_ARMAGH_DESCRIPTION">
      <Text>Armagh şehir devleti</Text>
    </Row>
    <Row Tag="LOC_CIVILIZATION_GRANADA_DESCRIPTION">
      <Text>Granada şehir devleti</Text>
    </Row>
    <Row Tag="LOC_CIVILIZATION_MUSCAT_DESCRIPTION">
      <Text>Maskat şehir devleti</Text>
    </Row>
    <Row Tag="LOC_CIVILIZATION_MITLA_DESCRIPTION">
      <Text>Mitla şehir devleti</Text>
    </Row>
    <Row Tag="LOC_CIVILIZATION_PALENQUE_DESCRIPTION">
      <!--Kept for backwards compatibility with saves with outdated configurations that still reference Palenque-->
      <Text>Mitla şehir devleti</Text>
    </Row>
    <Row Tag="LOC_CIVILIZATION_AUCKLAND_ADJECTIVE">
      <Text>Auckland</Text>
    </Row>
    <Row Tag="LOC_CIVILIZATION_ANTANANARIVO_ADJECTIVE">
      <Text>Antananarivo</Text>
    </Row>
    <Row Tag="LOC_CIVILIZATION_ARMAGH_ADJECTIVE">
      <Text>Armagh</Text>
    </Row>
    <Row Tag="LOC_CIVILIZATION_GRANADA_ADJECTIVE">
      <Text>Granada</Text>
    </Row>
    <Row Tag="LOC_CIVILIZATION_MUSCAT_ADJECTIVE">
      <Text>Muskat</Text>
    </Row>
    <Row Tag="LOC_CIVILIZATION_MITLA_ADJECTIVE">
      <Text>Mitla</Text>
    </Row>
    <Row Tag="LOC_CIVILIZATION_PALENQUE_ADJECTIVE">
      <!--Kept for backwards compatibility with saves with outdated configurations that still reference Palenque-->
      <Text>Mitla</Text>
    </Row>
    <Row Tag="LOC_CITY_NAME_AUCKLAND">
      <Text>Auckland</Text>
    </Row>
    <Row Tag="LOC_CITY_NAME_ANTANANARIVO">
      <Text>Antananarivo</Text>
    </Row>
    <Row Tag="LOC_CITY_NAME_ARMAGH">
      <Text>Armagh</Text>
    </Row>
    <Row Tag="LOC_CITY_NAME_GRANADA">
      <Text>Granada</Text>
    </Row>
    <Row Tag="LOC_CITY_NAME_MUSCAT">
      <Text>Muskat</Text>
    </Row>
    <Row Tag="LOC_CITY_NAME_PALENQUE">
      <Text>Mitla</Text>
    </Row>
    <Row Tag="LOC_LEADER_TRAIT_AUCKLAND_NAME">
      <Text>Auckland Suzerain Bonus</Text>
    </Row>
    <Row Tag="LOC_LEADER_TRAIT_ANTANANARIVO_NAME">
      <Text>Antananarivo Suzerain Bonus</Text>
    </Row>
    <Row Tag="LOC_LEADER_TRAIT_ARMAGH_NAME">
      <Text>Armagh Suzerain Bonus</Text>
    </Row>
    <Row Tag="LOC_LEADER_TRAIT_GRANADA_NAME">
      <Text>Granada Suzerain Bonus</Text>
    </Row>
    <Row Tag="LOC_LEADER_TRAIT_MUSCAT_NAME">
      <Text>Muscat Süzerain Bonus</Text>
    </Row>
    <Row Tag="LOC_LEADER_TRAIT_MITLA_NAME">
      <Text>Mitla Suzerain Bonus</Text>
    </Row>
    <Row Tag="LOC_LEADER_TRAIT_AUCKLAND_DESCRIPTION">
      <Text>Sahip olduğunuz sığ su karoları +1 [ICON_Production] Üretim sağlar. Sanayi çağına ulaştığınızda ilave +1.</Text>
    </Row>
    <Row Tag="LOC_LEADER_TRAIT_ANTANANARIVO_DESCRIPTION">
      <Text>Uygarlığınız şimdiye kadar kazandığı her Büyük Kişi için +%2 [ICON_Culture] Kültür kazanır, toplamda +30%.'a kadar.</Text>
    </Row>
    <Row Tag="LOC_LEADER_TRAIT_ARMAGH_DESCRIPTION">
      <Text>İnşaatçılarınız artık Manastır iyileştirmeleri yapabilir.[NEWLINE][NEWLINE]Manastırlar +2 [ICON_Faith] İnanç sağlar. Bu karede bulunan ve bu tur saldırmamış dost dini birim için +15 HP iyileştirme. Başka bir Manastırın yanına inşa edilemez</Text>
    </Row>
    <Row Tag="LOC_LEADER_TRAIT_GRANADA_DESCRIPTION">
      <Text>İnşaatçılarınız artık Alcázar iyileştirmeleri yapabilir. [NEWLINE][NEWLINE]Alcázar'lar +2 [ICON_Culture] Kültür sağlar. İşgal eden birim +4 [ICON_Strength] Savunma Gücü alır ve otomatik olarak 2 tur tahkimat kazanır. Başka bir Alcázar'ın yanına inşa edilemez.</Text>
    </Row>
    <Row Tag="LOC_LEADER_TRAIT_MUSCAT_DESCRIPTION">
      <Text>+1 [ICON_Amenities] Ticari Merkez bölgesine sahip şehirlerde kolaylık.</Text>
    </Row>
    <Row Tag="LOC_LEADER_TRAIT_MITLA_DESCRIPTION">
      <Text>Kampüs bölgesi olan şehirlerde büyüme oranı %15 daha yüksektir.</Text>
    </Row>
    <Row Tag="LOC_ABILITY_SPEAR_OF_FIONN_NAME">
      <Text>Fionn'un Mızrağı</Text>
    </Row>
    <Row Tag="LOC_ABILITY_SPEAR_OF_FIONN_DESCRIPTION">
      <Text>Fionn'un Mızrağı: +5 Savaş Gücü</Text>
    </Row>
    <Row Tag="LOC_IMPROVEMENT_ALCAZAR_NAME">
      <Text>Alcázar</Text>
    </Row>
    <Row Tag="LOC_IMPROVEMENT_MONASTERY_NAME">
      <Text>Manastır</Text>
    </Row>
    <Row Tag="LOC_IMPROVEMENT_ALCAZAR_DESCRIPTION">
      <Text>Bir Alcázar inşa etmek için İnşaatçı yeteneğinin kilidini açar.[NEWLINE][NEWLINE]+2 [ICON_Culture] Kültür. İşgal eden birim +4 [ICON_Strength] Savunma Gücü alır ve otomatik olarak 2 tur tahkimat kazanır. Başka bir Alcázar'ın yanına inşa edilemez.</Text>
    </Row>
    <Row Tag="LOC_IMPROVEMENT_MONASTERY_DESCRIPTION">
      <Text>Bir Manastır inşa etmek için İnşaatçı yeteneğinin kilidini açar. [NEWLINE][NEWLINE]+2 [ICON_Faith] İnanç. Bu karede bulunan ve bu tur saldırmamış olan dost dini birim için +15 HP iyileştirme. Başka bir Manastırın yanına inşa edilemez.</Text>
    </Row>
  </EnglishText>
</GameData>