﻿<?xml version="1.0" encoding="utf-8" standalone="yes"?>
<!-- edited with XMLSPY v2004 rel. 2 U (http://www.xmlspy.com) by Anton Strenger (Firaxis Games) -->
<GameData xmlns:xsi="http://www.w3.org/2001/XMLSchema-instance">
  <EnglishText>
    <Row Tag="LOC_PEDIA_CITYSTATES_PAGE_CIVILIZATION_AUCKLAND_CHAPTER_HISTORY_PARA_1">
      <Text>Maoriler bugün Yeni Zelanda'nın kuzeyinde yer alan bir kıstağa yerleştiklerinde, çevrelerini verimli topraklar, yemyeşil ormanlar ve sönmüş volkanlarla dolu buldular. Kıstağın her iki tarafındaki korunaklı doğal limanlar bol miktarda balıkçılık ve savaş kanoları ('waka taua') için bir üs sunuyordu. Yerleşimciler buraya "Tamaki Makaurau" adını verdiler; bu isim "yüz aşık tarafından aranan bakire" anlamına geliyordu.</Text>
    </Row>
    <Row Tag="LOC_PEDIA_CITYSTATES_PAGE_CIVILIZATION_AUCKLAND_CHAPTER_HISTORY_PARA_2">
      <Text>1840 yılında - Maorilerin gelişinden yaklaşık 500 yıl sonra - yeni İngiliz Valisi William Hobson, Tamaki Makaurau'nun yeni Yeni Zelanda için mükemmel bir sömürge başkenti olacağına karar verdi. Buranın adını Auckland olarak değiştirdi; bu kelimenin tercümesi "benim patronum Auckland Kontu ve daha fazla para istediğimde benim hakkımda olumlu düşünmesini istiyorum" demekti.</Text>
    </Row>
    <Row Tag="LOC_PEDIA_CITYSTATES_PAGE_CIVILIZATION_AUCKLAND_CHAPTER_HISTORY_PARA_3">
      <Text>Başkent daha sonra Wellington'a taşınmış olsa da, Auckland'ın siyasi prestij kaybı canlı ekonomisiyle fazlasıyla telafi edildi. Sınırlı askeri çatışmaların bile mali çözümleri vardı: bir Maori kabilesi şeflerinin tutuklanmasını protesto etmek için şehre saldırmak istediğinde, Aucklandlılar önemli miktarda tütün teslim ederek sorunu çözdüler. Panama Kanalı'nın 20. yüzyılın başlarında açılması, Auckland'ın Güney Pasifik nakliye rotalarında hayati bir durak olma rolünü daha da genişletti.</Text>
    </Row>
    <Row Tag="LOC_PEDIA_CITYSTATES_PAGE_CIVILIZATION_ANTANANARIVO_CHAPTER_HISTORY_PARA_1">
      <Text>Madagaskar'ın başkenti, Imerinan Kralı Andrianjaka 17. Yüzyılın başlarında burayı kendisine alana kadar Vazimba halkının uykulu bir yayla kasabası olarak başladı. Kraliyet yerleşkesinden, halkını besleyecek olan ve sürekli genişleyen pirinç tarlalarına bakabiliyordu. Bir genişleme ve düzen döneminin ardından, onlarca yıl süren İmerinan iç savaşı Antananarivo'yu dört başkentten birine dönüştürdü; ancak toz duman yatışınca, krallığın siyasi merkezi olma statüsünü yeniden kazandı.</Text>
    </Row>
    <Row Tag="LOC_PEDIA_CITYSTATES_PAGE_CIVILIZATION_ANTANANARIVO_CHAPTER_HISTORY_PARA_2">
      <Text>19. yüzyılın başlarında Kral I. Radama kentin Avrupa yerleşimine açılmasına karar verdi. Şehrin gelişen ekonomisi zanaatkârları, imalatçıları ve yerleşimcileri kendine çekti. Fabrikalar gelişti, altyapı şehrin genişlemesine ayak uydurdu ve farklı mimari tarzlar şehrin görünümünü değiştirdi. Radama'nın halefleri kültürel ve teknolojik ilerlemeleri geliştirmeye devam etti ve sonunda şehrin vatandaşları için zorunlu eğitim kararı aldı.</Text>
    </Row>
    <Row Tag="LOC_PEDIA_CITYSTATES_PAGE_CIVILIZATION_ANTANANARIVO_CHAPTER_HISTORY_PARA_3">
      <Text>Ardından, 1894'te Fransa işgal etti. Madagaskar 1960 yılında sömürge otoritesinden bağımsızlığını ve beraberinde modernize edilmiş bir Antananarivo'yu geri kazandı.</Text>
    </Row>
    <Row Tag="LOC_PEDIA_CITYSTATES_PAGE_CIVILIZATION_ARMAGH_CHAPTER_HISTORY_PARA_1">
      <Text>İrlanda'nın Armagh kasabası uzun zamandır dinle anılmaktadır. Eski paganlar için bir ibadet yeri olduğu düşünülen kasaba, 5. yüzyılda Hıristiyan bir misyoner olan Aziz Patrick'in bir tepenin zirvesinde taştan bir kilise inşa edip kutsamasıyla önem kazanmıştır. Bu kilisenin etrafında bir manastır ve ardından da Hıristiyanlığı İrlanda'ya yaymaya adanmış bir kasaba ortaya çıkmıştır.</Text>
    </Row>
    <Row Tag="LOC_PEDIA_CITYSTATES_PAGE_CIVILIZATION_ARMAGH_CHAPTER_HISTORY_PARA_2">
      <Text>Bu Armagh'ın bir kıyı kenti olduğu anlamına gelmemektedir. Kuzey İrlanda'daki konumu okyanusa 25 mil gibi kısa bir mesafededir. Bununla birlikte, İrlanda Kilisesi'nin merkezi olarak sahip olduğu ün, zengin olmak isteyenler için burayı cazip bir hedef haline getirmiştir. Vikingler 9. yüzyılda Armagh manastırına iki kez baskın düzenlemiş ve her seferinde kucak dolusu dini emaneti alıp kaçmak için karayolu yolculuğu yapmışlardır. İstilacı bir Norman şövalyesi olan John de Courcy, 12. Yüzyılın sonlarında kasabayı yağmaladığında bu geleneği tekrarlamayı düşündü.</Text>
    </Row>
    <Row Tag="LOC_PEDIA_CITYSTATES_PAGE_CIVILIZATION_GRANADA_CHAPTER_HISTORY_PARA_1">
      <Text>8. yüzyılda Emevi Halifeliği İber Yarımadası'na yayılarak Vizigotik Hispanya'yı hızla fethetti. Bugün güney İspanya'da bulunan müstahkem bir yerleşim yeri olan Granada da bu istilanın bir parçası oldu. Zamanla (tam olarak 15. Yüzyılın sonlarında) Katolik Hükümdarlara ('Los Reyes Católicos') teslim olması Endülüs'ün Yeniden Fethi'ni sona erdirecekti, ancak bin yılın üç çeyreği boyunca Granada Mağribilere aitti.</Text>
    </Row>
    <Row Tag="LOC_PEDIA_CITYSTATES_PAGE_CIVILIZATION_GRANADA_CHAPTER_HISTORY_PARA_2">
      <Text>Sierra Nevada sıradağlarının dibinde yer alan Granada, alçak bir ovadaki konumu nedeniyle neredeyse savunulamaz olma talihsizliğine sahipti. Mağribi yöneticiler bunu çabucak fark etmiş ve iktidar merkezlerini şehre bakan daha savunulabilir dağ eteklerine taşımışlardır. Planlarının bir parçası da alcazarların inşa edilmesiydi; bunlardan biri daha sonraki yıllarda yenilenerek güzel Elhamra'ya dönüşecekti.</Text>
    </Row>
    <Row Tag="LOC_PEDIA_CITYSTATES_PAGE_CIVILIZATION_GRANADA_CHAPTER_HISTORY_PARA_3">
      <Text>Granada'nın Mağribi efendileri yüzyıllar boyunca değişti. Muvahhidler, Emevilerin kalıntılarının yerine geçen Muvahhidlerin yerini aldı. Şehrin kaderi 13. yüzyılda Katolik Kastilya Krallığı ile ittifak kurarak Gırnata Emirliği'ni kuran Nasrid Hanedanı ile yeniden değişti. Sahra altı Afrika'daki ticaret merkezlerine doğrudan erişim, Granada'ya bir süreliğine Reconquista'dan özgürlük kazandırdı.</Text>
    </Row>
    <Row Tag="LOC_PEDIA_CITYSTATES_PAGE_CIVILIZATION_MUSCAT_CHAPTER_HISTORY_PARA_1">
      <Text>Maskat'tan geçen ticaret en az iki bin yıldır Maskat'ın can damarı olmuştur. Al Hajar dağlarının eteklerinde yer alan şehir, Batlamyus tarafından daha 1. yüzyılda Gizli Liman ('Cryptus Portus') olarak adlandırılmıştır. Ne yazık ki şehir yeterince iyi gizlenememişti - Basra Körfezi'nin ağzındaki en önemli konumu onu uzun zamandan beri fetih için cazip bir hedef haline getirdi.</Text>
    </Row>
    <Row Tag="LOC_PEDIA_CITYSTATES_PAGE_CIVILIZATION_MUSCAT_CHAPTER_HISTORY_PARA_2">
      <Text>Yüzyıllar boyunca Muskat limanı birçok sancak taşımıştır: Sasani, Arap (7. Yüzyılda İslam'a geçmiştir), Abbasi, Selçuklu ve Fars bunlardan birkaçıdır. 16. yüzyılın başlarında Portekizli bir amiral ticari ilişkiler kurmaya çalışmış ve Muskat'ın büyük bir kısmını toplarla yakmıştır. Yeniden inşa edilen şehir, Ummanlıların onları zorla çıkarıp liman kentini geri aldığı 1650 yılına kadar Portekiz yönetiminde kalmıştır.</Text>
    </Row>
    <Row Tag="LOC_PEDIA_CITYSTATES_PAGE_CIVILIZATION_MUSCAT_CHAPTER_HISTORY_PARA_3">
      <Text>Maskat uzun zamandır Umman'ın iç kesimlerindeki kabilelerle, çoğunlukla özyönetim konusunda anlaşmazlık yaşamaktadır. Böyle bir kargaşa döneminin ortasında 18. Yüzyılda Al Bu Sa'id hanedanlığı yükselmiş ve bu hanedanlık modern zamanlara kadar kesintisiz devam etmiştir. Bugün, kapsamlı bir şekilde modernize edilmiş Maskat Umman'ın başkenti olarak hizmet vermekte ve önemli bir ticaret limanı olmaya devam etmektedir.</Text>
    </Row>
    <Row Tag="LOC_PEDIA_CITYSTATES_PAGE_CIVILIZATION_PALENQUE_CHAPTER_HISTORY_PARA_1">
      <Text>Bugün Meksika'da bulunan Oaxaca vadisinin kalbinde Zapotekler bir dizi kent merkezi kurdular. Mitla bunların en önemlilerinden biriydi - 16. yüzyılda İspanyolların eline geçtiğinde yaklaşık yarım milyon sakini, güneş takviminin yanı sıra ritüel amaçlı ayrı bir takvimi, kendi yazı sistemi ve kabak, acı biber, mısır ve fasulye gibi gelişen bir tarımsal üretimi olan bir metropol. Kurak Oaxaca vadisinde Zapotekler sulama sistemleri ve surlar kurmuş, etkileyici dini ve kültürel yapılar inşa etmiş ve komşu Mezoamerikan grupların zaman zaman akınlarına rağmen hayatta kalmayı başarmışlardı. İspanyol fethinden de kurtulacaklardı: Bugün Meksika'da hala yaklaşık bir milyon Zapotek yaşamaktadır.</Text>
    </Row>
    <Row Tag="LOC_PEDIA_CITYSTATES_PAGE_CIVILIZATION_PALENQUE_CHAPTER_HISTORY_PARA_2">
      <Text>"Mitla" ismi Nahuatl dilinde "ölülerin yeri" anlamına gelen kelimenin İspanyolca açılımından gelmektedir. Ve Mitla'nın ölüleri uğurlu bir gruptu. Zapotek dini, yaşayanları ve ölüleri, her birinin kendi tanrıları olan iki ayrı kategoriye ayırırdı; Mitla'ya gömülmek, ölülerin ölüm tanrılarıyla değil, yaşayanların tanrıları olan Yıldırım ve Deprem ile kaynaşacağı anlamına geliyordu. Bu şanslı soylular, torunlarına yardım etmek için göklerde yaşamaya devam eden "bulut insanları" oldular.</Text>
    </Row>
    <Row Tag="LOC_PEDIA_CITYSTATES_PAGE_CIVILIZATION_PALENQUE_CHAPTER_HISTORY_PARA_3">
      <Text>İspanyollar Mitla'yı yağmalayıp Zapotekler için dini ve kültürel bir merkez olmaktan çıkarmaya çalışırken, iklim onların bıraktıklarını korumuştur. En önemlisi Mitla'nın grecalarıdır - taş plazalarının duvarlarındaki oymalar. Bunlar baş döndürücü geometrik desenlere sahiptir ve Mitla'nın en parlak döneminde koyu kırmızıya boyanmış olan dev bir yılanın (Mezoamerikan efsanesinde mitolojik bir yaratık) pullarını akla getirmektedir.</Text>
    </Row>
    <Row Tag="LOC_PEDIA_FEATURES_PAGE_FEATURE_EYJAFJALLAJOKULL_CHAPTER_HISTORY_PARA_1">
      <Text>Eyjafjallajökull, hem bir İzlanda yanardağının hem de kalderasını tıkayan buz örtüsünün adıdır. Yanardağ bin yılı aşkın bir süredir aktif olmasına rağmen, 2010 yılındaki küçük bir patlamaya kadar İzlanda dışında çok az biliniyordu. Ardından gelen kül bulutu Avrupa'da hava trafiğini yaklaşık bir hafta boyunca durdurmuş ve binlerce saatlik nefes kesen haberlere konu olmuştu. Eyjafjallajökull'un patlamaları geleneksel olarak çok daha aktif bir buzul altı volkanı olan yakınlardaki Katla'nın daha da büyük patlamalarının habercisi olmuştur - Avrupalı hava trafik kontrolörlerini çok üzmüştür.</Text>
    </Row>
    <Row Tag="LOC_PEDIA_FEATURES_PAGE_FEATURE_LYSEFJORDEN_CHAPTER_HISTORY_PARA_1">
      <Text>Buzul Çağı'ndan kalma buzul erozyonu, görkemli Lysefjord'u şimdiki güney Norveç'ten oymuştur. Bir maraton uzunluğundaki soğuk, siyah su, soluk granitten yükselen kayalıklar arasında dolanır. Bu kayaların daha parlak renkleri, aşağıdaki suyu gölgede bırakma eğilimlerine rağmen "hafif fiyort" adını verir. Çarpıcı Pulpit Kayası (ya da "Preikestolen"), Lysefjord'un ağzına yakın yaklaşık 2000 ft'lik bir uçurumun büyük, düz tepesidir ve aşağıdan geçen teknelere stentorian öğütler bağırmak için mükemmeldir.</Text>
    </Row>
    <Row Tag="LOC_PEDIA_FEATURES_PAGE_FEATURE_GIANTS_CAUSEWAY_CHAPTER_HISTORY_PARA_1">
      <Text>Giant's Causeway olarak bilinen geometrik sütun kümeleri Kuzey İrlanda kıyıları boyunca bulunabilir. Sütunların yüksekliği, kendisinden uzaklaşmış bir boru orgu gibi değişmektedir. Kıyıya en yakın sütunlar Kuzey Kanalı'nda kaybolurken, diğerleri bazalttan yapılmış sur duvarları gibi yerden çıkıntı yapmaktadır. Efsanelere göre geçit, İskoç devi Benandonner tarafından dövüşe davet edilen İrlandalı dev Finn MacCool tarafından inşa edilmiştir. (Jeologlar buna katılmamakta ve sütun oluşumunu 50 milyon yıl önceki volkanik faaliyetlere bağlamaktadır).</Text>
    </Row>
    <Row Tag="LOC_PEDIA_IMPROVEMENTS_PAGE_IMPROVEMENT_ALCAZAR_CHAPTER_HISTORY_PARA_1">
      <Text>Alcázarlar (bir tür son sığınak) Endülüs'teki Mağribi şehirlerinin çoğunda, çoğunlukla MS 8. ve 15. yüzyıllar arasında inşa edilmiş kale-saraylardı. Bunların çoğu Mağribi valilerin ikametgahı olarak inşa edilmiştir... ve sadece asi rakiplere karşı değil, aynı zamanda daha sonra o kafa karıştırıcı Hıristiyan Reconquista'ya karşı da oldukça kullanışlı olmuştur. Birçoğu hala ayakta ve oldukça ünlüler: örneğin Segovia'dakiler. Toledo, Cordoba (ünlü Alcázar de los Reyes Cristianos), Burgos ve Sevilla'dakiler. Sonuncusu, örnek olarak, 913 yılında Cordoba valisi için bir kale olarak inşa edilmiştir; 11. Yüzyılda, al-Muwarak ("Kutsanmış") olarak bilinen saraya genişletilmiştir. Hıristiyan kral Fernando III, 1248 yılında Sevilla'yı ele geçirdiğinde burayı kraliyet ikametgâhı haline getirmiştir. Şimdi ise şehirdeki tur otobüsleri için sadece bir başka durak.</Text>
    </Row>
    <Row Tag="LOC_PEDIA_IMPROVEMENTS_PAGE_IMPROVEMENT_MONASTERY_CHAPTER_HISTORY_PARA_1">
      <Text>Roma Katolik geleneğinde manastır, keşişler (ve modern kullanımda "manastır" olarak adlandırılan rahibeler) için ortak ev ve işyeri olarak hizmet veren bir bina kompleksidir. Bunlar aynı zamanda şapel veya kilise gibi ibadet için ayrılmış bir yeri de içerir. Ve birçoğunda hastaneler, okullar, içki fabrikaları ve daha fazlası bulunuyordu. Efsaneye göre Hıristiyan manastırcılığı Mısır'da başlamıştır, ancak Avrupa'daki ilk manastır MS 344 yılında Aziz Athanasius tarafından Çırpan (Bulgaristan) yakınlarında kurulmuştur. Birkaç yüzyıl sonra, 529 yılında Aziz Benedict Monte Cassino'daki manastırı kurarak Katolik manastırcılığının temelini atmıştır. Manastırlar kısa süre içinde tüm Avrupa'da ve ötesinde görülmeye başlandı.</Text>
    </Row>
  </EnglishText>
</GameData>