﻿<?xml version="1.0" encoding="utf-8"?>
<GameData>
  <EnglishText>
    <Row Tag="LOC_LEADER_JULIUS_CAESAR_NAME">
      <Text>Julius Caesar</Text>
    </Row>
    <Row Tag="LOC_TRAIT_LEADER_CAESAR_NAME">
      <Text>Veni, Vidi, Vici</Text>
    </Row>
    <Row Tag="LOC_TRAIT_LEADER_CAESAR_DESCRIPTION">
      <Text>Bir şehri ilk kez fethettiğinizde +200 [ICON_GOLD] Altın veya bir Barbar Karakolundan [ICON_GOLD] Altın kazandığınızda +100 [ICON_GOLD] Altın. Her ikisi için de verilen [ICON_GOLD] Altın miktarı, Çelik araştırması yaptıktan sonra (Standart Hızda) +500 [ICON_GOLD] Altın olur.</Text>
    </Row>
    <Row Tag="LOC_LOADING_INFO_LEADER_JULIUS_CAESAR">
      <Text>Selam Sezar! General, asilzade ve Roma'nın diktatörü. Halkın - ve hırsın - çağlar boyunca seni çağırıyor. Karar verildi - ve ister azılı düşmanların ister en yakın dostların olsun, hiç kimsenin vizyonuna karşı durmasına izin verme.</Text>
    </Row>
  </EnglishText>
</GameData>