﻿<?xml version="1.0" encoding="utf-8"?>
<GameData>
  <EnglishText>
    <Row Tag="LOC_AGENDA_GALLIC_WARS_NAME">
      <Text>Galya Savaşları</Text>
    </Row>
    <Row Tag="LOC_AGENDA_GALLIC_WARS_DESCRIPTION">
      <Text>Barbarlardan nefret eder. Barbar karakollarını temizleyen uygarlıkları sever. Barbar karakollarını görmezden gelen uygarlıkları sevmez.</Text>
    </Row>
    <!-- Diplo VO -->
    <Row Tag="LOC_DIPLO_FIRST_MEET_LEADER_JULIUS_CAESAR_ANY">
      <Text>Ben Sezar'ım, Alp ormanlarındaki ve Senato'daki komploların yok edicisi.</Text>
    </Row>
    <Row Tag="LOC_DIPLO_DECLARE_WAR_FROM_HUMAN_LEADER_JULIUS_CAESAR_ANY">
      <Text>Hırslı. Ben sana saldırmadan önce sen beni fethetmeye çalışıyorsun. Onaylıyorum.</Text>
    </Row>
    <Row Tag="LOC_DIPLO_DECLARE_WAR_FROM_AI_LEADER_JULIUS_CAESAR_ANY">
      <Text>Kalıp atıldı.</Text>
    </Row>
    <Row Tag="LOC_DIPLO_KUDO_EXIT_LEADER_JULIUS_CAESAR_ANY">
      <Text>Muzaffer bir ordu, bir galip tarafından yönetilen ordudur.</Text>
    </Row>
    <Row Tag="LOC_DIPLO_WARNING_EXIT_LEADER_JULIUS_CAESAR_ANY">
      <Text>Tehlike kapınızın önünde duruyor ve siz hiçbir şey yapmıyorsunuz.</Text>
    </Row>
    <Row Tag="LOC_DIPLO_DEFEAT_FROM_AI_LEADER_JULIUS_CAESAR_ANY">
      <Text>Tu quoque? O zaman düş Sezar.</Text>
    </Row>
    <!-- Diplo Text -->
    <Row Tag="LOC_DIPLO_ACCEPT_DECLARE_FRIEND_FROM_HUMAN_LEADER_JULIUS_CAESAR_ANY">
      <Text>Dostlarım arasında Octavian, Antony ve sevgili Brutus var. Ve şimdi de sen!</Text>
    </Row>
    <Row Tag="LOC_DIPLO_REJECT_DECLARE_FRIEND_FROM_HUMAN_LEADER_JULIUS_CAESAR_ANY">
      <Text>Hain bir arkadaşı her zaman anlayabilirim. Her zaman.</Text>
    </Row>
    <Row Tag="LOC_DIPLO_DECLARE_FRIEND_FROM_AI_LEADER_JULIUS_CAESAR_ANY">
      <Text>Roma'nın lütufları yok değil. Bizimle dostluğa gelin.</Text>
    </Row>
    <Row Tag="LOC_DIPLO_ACCEPT_DECLARE_FRIEND_FROM_AI_LEADER_JULIUS_CAESAR_ANY">
      <Text>Sevgili Brütüs'ün benim için olduğu kadar senin için de gerçek bir dost olacağım.</Text>
    </Row>
    <Row Tag="LOC_DIPLO_REJECT_DECLARE_FRIEND_FROM_AI_LEADER_JULIUS_CAESAR_ANY">
      <Text>Zayıf ve aç görünüyorsun. Böyle insanlar tehlikelidir.</Text>
    </Row>
    <Row Tag="LOC_DIPLO_ACCEPT_DELEGATION_FROM_HUMAN_LEADER_JULIUS_CAESAR_ANY">
      <Text>Vercingetorix'e yaptığımız gibi onlara Roma'yı gezdireceğiz!</Text>
    </Row>
    <Row Tag="LOC_DIPLO_REJECT_DELEGATION_FROM_HUMAN_LEADER_JULIUS_CAESAR_ANY">
      <Text>Hediyeler asla bedava değildir.</Text>
    </Row>
    <Row Tag="LOC_DIPLO_DELEGATION_FROM_AI_LEADER_JULIUS_CAESAR_ANY">
      <Text>Roma'nın hediyeleri - ekmek, zeytin, peynir, garum. Bunun ve benim iyiliğimin uzun ömür verdiği söylenir.</Text>
    </Row>
    <Row Tag="LOC_DIPLO_DENOUNCE_FROM_HUMAN_LEADER_JULIUS_CAESAR_ANY">
      <Text>Söylediklerinizde ciddi olsanız iyi olur. Ben, kendi adıma, boş tehditlerde bulunmam.</Text>
    </Row>
    <Row Tag="LOC_DIPLO_DENOUNCE_FROM_AI_LEADER_JULIUS_CAESAR_ANY">
      <Text>Solgun ve aç bir görünümün var. Bundan pek hoşlanmadım. (Sizi kınıyor)</Text>
    </Row>
    <Row Tag="LOC_DIPLO_FIRST_MEET_VISIT_RECIPIENT_LEADER_JULIUS_CAESAR_ANY">
      <Text>Roma, iyi ya da kötü tüm yolların sonunda yatıyor. Görecek misiniz?</Text>
    </Row>
    <Row Tag="LOC_DIPLO_FIRST_MEET_NEAR_INITIATOR_POSITIVE_LEADER_JULIUS_CAESAR_ANY">
      <Text>Geçecek.</Text>
    </Row>
    <Row Tag="LOC_DIPLO_FIRST_MEET_NO_MANS_INFO_EXCHANGE_LEADER_JULIUS_CAESAR_ANY">
      <Text>Roma'dan selamlar! Vahşi doğadaki diğer medeniyet ışıklarını öğrenmeye hevesliyiz. Bana sizinkilerden bahseder misiniz?</Text>
    </Row>
    <Row Tag="LOC_DIPLO_GREETING_LEADER_JULIUS_CAESAR_ANY">
      <Text>Bana kulak ver.</Text>
    </Row>
    <Row Tag="LOC_DIPLO_MAKE_ALLIANCE_FROM_AI_LEADER_JULIUS_CAESAR_ANY">
      <Text>İlgi alanlarımız testudo gibi birbirine bağlı. Bunu resmileştirelim mi?</Text>
    </Row>
    <Row Tag="LOC_DIPLO_MAKE_PEACE_AI_ACCEPT_DEAL_LEADER_JULIUS_CAESAR_ANY">
      <Text>Bir kılıç bile vurmaktan yorulur.</Text>
    </Row>
    <Row Tag="LOC_DIPLO_MAKE_PEACE_AI_REFUSE_DEAL_LEADER_JULIUS_CAESAR_ANY">
      <Text>Sadece benim olanı aldığımda huzur olacak.</Text>
    </Row>
    <Row Tag="LOC_DIPLO_MAKE_PEACE_FROM_AI_LEADER_JULIUS_CAESAR_ANY">
      <Text>Bu savaş, başkalarına karşı kullanılması daha iyi olan gücü tüketir.</Text>
    </Row>
    <Row Tag="LOC_DIPLO_ACCEPT_OPEN_BORDERS_FROM_HUMAN_LEADER_JULIUS_CAESAR_ANY">
      <Text>İmparatorluğumuz binlerce farklı halkı kapsıyor. Sizinkiler buradan geçerken kendilerini evlerinde hissedecekler.</Text>
    </Row>
    <Row Tag="LOC_DIPLO_REJECT_OPEN_BORDERS_FROM_HUMAN_LEADER_JULIUS_CAESAR_ANY">
      <Text>Barbar savaşçıların topraklarımızda özgürce dolaşmasına izin veriyor muyuz? Hayır. Hayır vermeyiz.</Text>
    </Row>
    <Row Tag="LOC_DIPLO_OPEN_BORDERS_FROM_AI_LEADER_JULIUS_CAESAR_ANY">
      <Text>Düzenli insanlar gibi birliklerimizin başka topraklara doğru barış içinde yürümesine izin verecek miyiz?</Text>
    </Row>
    <Row Tag="LOC_DIPLO_WARNING_TOO_MANY_TROOPS_NEAR_ME_LEADER_JULIUS_CAESAR_ANY">
      <Text>Açık konuşun. Bu birlikler Roma için mi? Onları barışa mı çağıracaksın yoksa katliama mı?</Text>
    </Row>
    <Row Tag="LOC_DIPLO_REJECT_MAKE_DEAL_FROM_AI_LEADER_JULIUS_CAESAR_ANY">
      <Text>Veto.</Text>
    </Row>
    <Row Tag="LOC_DIPLO_ACCEPT_MAKE_DEAL_FROM_AI_LEADER_JULIUS_CAESAR_ANY">
      <Text>Öyle olsun.</Text>
    </Row>
  </EnglishText>
</GameData>