﻿<?xml version="1.0" encoding="utf-8"?>
<GameData>
  <EnglishText>
    <Row Tag="LOC_TOWERDEFENSE_ZOMBIE_COMBAT_STRENGTH_DESC">
      <Text>+{Property} Mutasyon Gücü</Text>
    </Row>
    <Row Tag="LOC_IMPROVEMENT_ANCIENT_TOWER_DEFENSE_NAME">
      <Text>Barikat</Text>
    </Row>
    <Row Tag="LOC_IMPROVEMENT_MODERN_TOWER_DEFENSE_NAME">
      <Text>Güçlendirilmiş Barikat</Text>
    </Row>
    <Row Tag="LOC_IMPROVEMENT_ANCIENT_TRAP_DEFENSE_NAME">
      <Text>Tuzak</Text>
    </Row>
    <Row Tag="LOC_IMPROVEMENT_MODERN_TRAP_DEFENSE_NAME">
      <Text>Modernize Tuzak</Text>
    </Row>
    <Row Tag="LOC_IMPROVEMENT_ANCIENT_TOWER_DEFENSE_DESC">
      <Text>İçinden veya bitişiğinden geçen düşman birimlere küçük hasar veren ve bu birimler üzerinde kontrol alanı uygulayan işe yaramaz bir erken İyileştirme. Askeri Mühendislik ile açılır ve bir İnşaatçı Ücreti kullanılarak inşa edilir. Birimlerin bu alandan geçmesini engellemez.</Text>
    </Row>
    <Row Tag="LOC_IMPROVEMENT_MODERN_TOWER_DEFENSE_DESC">
      <Text>İçinden veya bitişiğinden geçen düşman birimlere orta düzeyde hasar veren ve bu birimler üzerinde kontrol alanı uygulayan, daha sonra kullanılamayan bir İyileştirme. Tüfek ile açılır ve bir Askeri Mühendisten bir Hücum kullanılarak inşa edilir. Bu alandan birim hareketini engellemez.</Text>
    </Row>
    <Row Tag="LOC_IMPROVEMENT_ANCIENT_TRAP_DEFENSE_DESC">
      <Text>Doğrudan içinden geçen düşman birimlere orta düzeyde hasar veren ve hareketlerini azaltan, işe yaramaz bir erken İyileştirme. İnşaat ile açılır ve bir İnşaatçı Ücreti kullanılarak inşa edilir. Birimlerin bu alandan geçmesini engellemez.</Text>
    </Row>
    <Row Tag="LOC_IMPROVEMENT_MODERN_TRAP_DEFENSE_DESC">
      <Text>Doğrudan içinden geçen düşman birimlere önemli hasar veren ve hareketlerini azaltan, daha sonra kullanılamayan bir İyileştirme. Balistik ile açılır ve bir Askeri Mühendisin Yükü kullanılarak inşa edilir. Bu alandan birim hareketini engellemez.</Text>
    </Row>
    <Row Tag="LOC_PROJECT_CONVERT_ZOMBIES_RELIGIOUS_NAME">
      <Text>Ölümsüzleş</Text>
    </Row>
    <Row Tag="LOC_PROJECT_CONVERT_ZOMBIES_SCIENCE_NAME">
      <Text>Karanlık Sinyal</Text>
    </Row>
    <Row Tag="LOC_PROJECT_CONVERT_ZOMBIES_RELIGIOUS_DESCRIPTION">
      <Text>Tamamlandığında, o anda bu şehrin topraklarında bulunan zombilerin kontrolünü ele geçirin.  Kontrol 15 tur sürer.</Text>
    </Row>
    <Row Tag="LOC_PROJECT_CONVERT_ZOMBIES_SCIENCE_DESCRIPTION">
      <Text>Tamamlandığında, o anda bu şehrin topraklarında bulunan zombilerin kontrolünü ele geçirin.  Kontrol 30 tur sürer.</Text>
    </Row>
    <Row Tag="LOC_UNIT_MODE_ZOMBIE_NAME">
      <Text>Zombi</Text>
    </Row>
    <Row Tag="LOC_UNIT_MODE_ZOMBIE_DESCRIPTION">
      <Text>Bir birimin öldüğü bir konumda haritada belirme şansı olan düşman bir yakın dövüş birimi. Yakın Dövüş Gücü, küresel olarak ortadan kaldırılan her Zombi ile birlikte artar. Bir Zombi başka bir birimi yok ederse, bir sonraki turda o karede yeni bir Zombi birimi ortaya çıkar. Bir Zombi bir şehrin nüfusunu azaltırsa, şehrin hemen yanında yeni bir Zombi birimi ortaya çıkar. Zombiler yakındaki en yakın birimi, şehri veya savunulabilir bölgeyi hedef alır.</Text>
    </Row>
    <Row Tag="LOC_UNITCOMMAND_RELEASE_LEVY_DESCRIPTION">
      <Text>Bu birimin kontrolünü bırakın.</Text>
    </Row>
    <Row Tag="LOC_UNITCOMMAND_SPY_SUMMON_ZOMBIES_NAME">
      <Text>Zombi Salgını</Text>
    </Row>
    <Row Tag="LOC_UNITCOMMAND_SPY_SUMMON_ZOMBIES_DESCRIPTION">
      <Text>Tamamlandığında, bu şehir tarafından işlenen her karo için bir Zombi ortaya çıkarma şansı vardır.</Text>
    </Row>
    <Row Tag="LOC_NOTIFICATION_SPY_SUMMONED_ZOMBIES_SUMMARY">
      <Text>{2_CityName}'teki ajanınız {1_unitName} halkı enfekte etmeyi başararak şehre saldıracak bir Zombi sürüsü yarattı.</Text>
    </Row>
    <Row Tag="LOC_NOTIFICATION_SPY_SUMMONED_ZOMBIES_MESSAGE">
      <Text>Zombi Salgınına Neden Olan Başarı</Text>
    </Row>
    <Row Tag="LOC_NOTIFICATION_SPY_ENEMY_SUMMONED_ZOMBIES_SUMMARY">
      <Text>{1_CityName}'deki bir düşman Casus, nüfusunuzu enfekte etmeyi başararak şehrinizi tehdit eden bir Zombi sürüsü yarattı.</Text>
    </Row>
    <Row Tag="LOC_NOTIFICATION_SPY_ENEMY_SUMMONED_ZOMBIES_MESSAGE">
      <Text>Düşman Kaynaklı Zombi Salgını</Text>
    </Row>
    <Row Tag="LOC_DESCRIPTION_ADDENDUM_WEAK_TRAP">
      <Text>Bu karo üzerinde yürüyen düşman birimlere küçük hasar verir ve hareketlerini azaltır.</Text>
    </Row>
    <Row Tag="LOC_DESCRIPTION_ADDENDUM_TRAP">
      <Text>Bu karo üzerinde yürüyen düşman birimlere orta seviyede hasar verir ve hareketlerini azaltır.</Text>
    </Row>
    <Row Tag="LOC_DESCRIPTION_ADDENDUM_BARRICADE">
      <Text>Bu karo üzerinde yürüyen düşman birimlere ve çevresindekilere küçük hasar verir ve kontrol alanı uygular.</Text>
    </Row>
    <Row Tag="LOC_IMPROVEMENT_ALCAZAR_DESCRIPTION_ZOMBIE">
      <Text>{LOC_IMPROVEMENT_ALCAZAR_DESCRIPTION}[NEWLINE][NEWLINE]{LOC_DESCRIPTION_ADDENDUM_TRAP}</Text>
    </Row>
    <Row Tag="LOC_IMPROVEMENT_MAORI_PA_DESCRIPTION_ZOMBIE">
      <Text>{LOC_IMPROVEMENT_MAORI_PA_DESCRIPTION}[NEWLINE][NEWLINE]{LOC_DESCRIPTION_ADDENDUM_WEAK_TRAP}</Text>
    </Row>
    <Row Tag="LOC_IMPROVEMENT_ROMAN_FORT_DESCRIPTION_ZOMBIE">
      <Text>{LOC_IMPROVEMENT_ROMAN_FORT_DESCRIPTION}[NEWLINE][NEWLINE]{LOC_DESCRIPTION_ADDENDUM_WEAK_TRAP}</Text>
    </Row>
    <Row Tag="LOC_IMPROVEMENT_FORT_DESCRIPTION_ZOMBIE">
      <Text>{LOC_IMPROVEMENT_FORT_DESCRIPTION}[NEWLINE][NEWLINE]{LOC_DESCRIPTION_ADDENDUM_WEAK_TRAP}</Text>
    </Row>
    <Row Tag="LOC_IMPROVEMENT_VAMPIRE_CASTLE_DESCRIPTION_ZOMBIE">
      <Text>{LOC_IMPROVEMENT_VAMPIRE_CASTLE_DESCRIPTION}[NEWLINE][NEWLINE]{LOC_DESCRIPTION_ADDENDUM_WEAK_TRAP}</Text>
    </Row>
    <Row Tag="LOC_IMPROVEMENT_GREAT_WALL_DESCRIPTION_ZOMBIE">
      <Text>{LOC_IMPROVEMENT_GREAT_WALL_DESCRIPTION}[NEWLINE][NEWLINE]{LOC_DESCRIPTION_ADDENDUM_BARRICADE}</Text>
    </Row>
  </EnglishText>
</GameData>