﻿<?xml version="1.0" encoding="utf-8"?>
<GameData>
  <EnglishText>
    <!-- Portugal: Building Info -->
    <Row Tag="LOC_BUILDING_NAVIGATION_SCHOOL_NAME">
      <Text>Navigasyon Okulu</Text>
    </Row>
    <Row Tag="LOC_BUILDING_NAVIGATION_SCHOOL_DESCRIPTION">
      <Text>Portekiz'e özgü bir bina. Bu şehirdeki deniz birimlerine yönelik +%25 [ICON_PRODUCTION] Üretim. Bu şehirdeki her iki kıyı veya göl karesi için +1 [ICON_SCiENCE] Bilim. Tur başına +1 [ICON_GreatAdmiral] Büyük Amiral ve +1 [ICON_GreatScientist] Büyük Bilim Adamı puanı.</Text>
    </Row>
    <Row Tag="LOC_CITY_YIELD_FROM_TERRAIN_TOOLTIP">
      <Text>{Değer : sayı +#.#;-#.#} Terrain'den</Text>
    </Row>
    <!-- Portugal: Civ Info -->
    <Row Tag="LOC_CIVILIZATION_PORTUGAL_NAME">
      <Text>Portekiz</Text>
    </Row>
    <Row Tag="LOC_CIVILIZATION_PORTUGAL_DESCRIPTION">
      <Text>Portekiz İmparatorluğu</Text>
    </Row>
    <Row Tag="LOC_CIVILIZATION_PORTUGAL_ADJECTIVE">
      <Text>Portekizce</Text>
    </Row>
    <Row Tag="LOC_TRAIT_CIVILIZATION_PORTUGAL_NAME">
      <Text>Casa da Índia</Text>
    </Row>
    <Row Tag="LOC_TRAIT_CIVILIZATION_PORTUGAL_DESCRIPTION">
      <Text>Uluslararası [ICON_TradeRoute] Ticaret Yolları bir kıyı şehrinden başlamalıdır ve yalnızca kıyıdaki veya Limanı olan şehirlere ulaşabilir, ancak tüm getirilere +%50 eklenir. Tüccar birimleri su üzerinde +%50 menzile sahiptir ve kilitleri açılır açılmaz gemiye binebilirler.</Text>
    </Row>
    <!-- Portugal: Improvement Info -->
    <Row Tag="LOC_IMPROVEMENT_FEITORIA_NAME">
      <Text>Feitoria</Text>
    </Row>
    <Row Tag="LOC_IMPROVEMENT_FEITORIA_DESCRIPTION">
      <Text>Nau'nun Portekiz'e özgü Feitoria inşa etme yeteneğinin kilidini açar.[NEWLINE][NEWLINE]+4 [ICON_Gold] Altın ve +1 [ICON_Production] Üretim sağlar. Portekiz'den bu şehre gönderilen ticaret yolları +4 [ICON_GOLD] Altın ve +1 [ICON_PRODUCTION] Üretim kazanır. Yalnızca Açık Sınırlarınız olan diğer Medeniyetlere veya Şehir Devletlerine ait topraklardaki Lüks veya Bonus kaynaklara bitişik olarak inşa edilebilir. Karaya bitişik bir Sahil veya Göl karesi üzerine inşa edilmeli ve başka bir Feitoria'ya bitişik olmamalıdır. Feitoria'lar kaldırılamaz.</Text>
    </Row>
    <!-- Portugal: Leader Info -->
    <Row Tag="LOC_LEADER_JOAO_III_NAME">
      <Text>João III</Text>
    </Row>
    <Row Tag="LOC_LOADING_INFO_LEADER_JOAO_III">
      <Text>João III, inançlarınızda sağlam durun ve başkalarını da onlara yönlendirin. Dininizi ve ticaret ağlarınızı kıyılarınızın ötesine yayarken, halkınıza refahı geri getirin, böylece daha önce görülmemiş yeni varoluş biçimlerini deneyimleyebilirler.</Text>
    </Row>
    <Row Tag="LOC_TRAIT_LEADER_JOAO_III_NAME">
      <Text>Porta do Cerco</Text>
    </Row>
    <Row Tag="LOC_TRAIT_LEADER_JOAO_III_DESCRIPTION">
      <Text>Tüm birimler +1 görüş kazanır. Bir uygarlıkla karşılaşıldığında +1 [ICON_TradeRoute] Ticaret Yolu kapasitesi. Tüm şehir devletleri ile Açık Sınırlar.</Text>
    </Row>
    <Row Tag="LOC_ABILITY_PORTA_DO_CERCO_EXTRA_SIGHT_NAME">
      <Text>Porta do Cerco</Text>
    </Row>
    <Row Tag="LOC_ABILITY_PORTA_DO_CERCO_EXTRA_SIGHT_DESCRIPTION">
      <Text>Porta do Cerco özelliğinden +1 Görüş.</Text>
    </Row>
    <!-- Portugal: Unit Info -->
    <Row Tag="LOC_UNIT_PORTUGUESE_NAU_NAME">
      <Text>Nau</Text>
    </Row>
    <Row Tag="LOC_UNIT_PORTUGUESE_NAU_DESCRIPTION">
      <Text>Karavel'in yerini alan Portekiz'e özgü deniz yakın muharebe birimi. 1 serbest Terfi ile başlar ve daha az bakım gerektirir. Feitorias inşa etmek için iki şarjı vardır.</Text>
    </Row>
    <Row Tag="LOC_ABILITY_NAU_NAME">
      <Text>Nau</Text>
    </Row>
    <Row Tag="LOC_ABILITY_NAU_DESCRIPTION">
      <Text>1 ücretsiz promosyon ile başlar.</Text>
    </Row>
    <!-- Portugal: Game mode info -->
    <Row Tag="LOC_GAMEMODE_TOWERDEFENSE_NAME">
      <Text>Zombi Savunma Modu</Text>
    </Row>
    <Row Tag="LOC_GAMEMODE_TOWERDEFENSE_DESCRIPTION">
      <Text>Bu oyun modunda, ölüler yaşayanlar arasında tahribat yaratmak için yükseliyor!  Bölgenizi korumak için yeni savunma yapıları kullanın ve rakiplerinizi yavaşlatmak için zombileri manipüle edin.</Text>
    </Row>
    <Row Tag="LOC_HOF_STAT_ZOMBIES_KILLED">
      <Text>Öldürülen Zombiler</Text>
    </Row>
    <!-- Highlands-->
    <Row Tag="LOC_MAP_WETLANDS_NAME">
      <Text>Sulak Alanlar</Text>
    </Row>
    <Row Tag="LOC_MAP_WETLANDS_DESCRIPTION">
      <Text>Nehirler ve bataklıklarla dolu bir kıta haritası. Ekstra Ormanlar, Sel Ovaları ve Yağmur Ormanları da var.</Text>
    </Row>
  </EnglishText>
</GameData>