﻿<?xml version="1.0" encoding="utf-8"?>
<GameData>
  <EnglishText>
    <!--Babylon-->
    <Row Tag="LOC_CITIZEN_PORTUAL_MALE_1">
      <Text>Airas</Text>
    </Row>
    <Row Tag="LOC_CITIZEN_PORTUAL_MALE_2">
      <Text>Ansur</Text>
    </Row>
    <Row Tag="LOC_CITIZEN_PORTUAL_MALE_3">
      <Text>Bellchior</Text>
    </Row>
    <Row Tag="LOC_CITIZEN_PORTUAL_MALE_4">
      <Text>Estevoo</Text>
    </Row>
    <Row Tag="LOC_CITIZEN_PORTUAL_MALE_5">
      <Text>Joam</Text>
    </Row>
    <Row Tag="LOC_CITIZEN_PORTUAL_MALE_6">
      <Text>Loys</Text>
    </Row>
    <Row Tag="LOC_CITIZEN_PORTUAL_MALE_7">
      <Text>Lopo</Text>
    </Row>
    <Row Tag="LOC_CITIZEN_PORTUAL_MALE_8">
      <Text>Pero</Text>
    </Row>
    <Row Tag="LOC_CITIZEN_PORTUAL_MALE_9">
      <Text>Mendo</Text>
    </Row>
    <Row Tag="LOC_CITIZEN_PORTUAL_MALE_10">
      <Text>Xil</Text>
    </Row>
    <Row Tag="LOC_CITIZEN_PORTUAL_FEMALE_1">
      <Text>Toda</Text>
    </Row>
    <Row Tag="LOC_CITIZEN_PORTUAL_FEMALE_2">
      <Text>Eyria</Text>
    </Row>
    <Row Tag="LOC_CITIZEN_PORTUAL_FEMALE_3">
      <Text>Margaida</Text>
    </Row>
    <Row Tag="LOC_CITIZEN_PORTUAL_FEMALE_4">
      <Text>Maior</Text>
    </Row>
    <Row Tag="LOC_CITIZEN_PORTUAL_FEMALE_5">
      <Text>Lyonor</Text>
    </Row>
    <Row Tag="LOC_CITIZEN_PORTUAL_FEMALE_6">
      <Text>Katalina</Text>
    </Row>
    <Row Tag="LOC_CITIZEN_PORTUAL_FEMALE_7">
      <Text>Guymar</Text>
    </Row>
    <Row Tag="LOC_CITIZEN_PORTUAL_FEMALE_8">
      <Text>Ilduara</Text>
    </Row>
    <Row Tag="LOC_CITIZEN_PORTUAL_FEMALE_9">
      <Text>Ilena</Text>
    </Row>
    <Row Tag="LOC_CITIZEN_PORTUAL_FEMALE_10">
      <Text>Giomar</Text>
    </Row>
    <Row Tag="LOC_CITIZEN_PORTUAL_MODERN_MALE_1">
      <Text>Diogo</Text>
    </Row>
    <Row Tag="LOC_CITIZEN_PORTUAL_MODERN_MALE_2">
      <Text>Goncalo</Text>
    </Row>
    <Row Tag="LOC_CITIZEN_PORTUAL_MODERN_MALE_3">
      <Text>Marco</Text>
    </Row>
    <Row Tag="LOC_CITIZEN_PORTUAL_MODERN_MALE_4">
      <Text>Luis</Text>
    </Row>
    <Row Tag="LOC_CITIZEN_PORTUAL_MODERN_MALE_5">
      <Text>Duarte</Text>
    </Row>
    <Row Tag="LOC_CITIZEN_PORTUAL_MODERN_MALE_6">
      <Text>Leandro</Text>
    </Row>
    <Row Tag="LOC_CITIZEN_PORTUAL_MODERN_MALE_7">
      <Text>Francesco</Text>
    </Row>
    <Row Tag="LOC_CITIZEN_PORTUAL_MODERN_MALE_8">
      <Text>Rodrigo</Text>
    </Row>
    <Row Tag="LOC_CITIZEN_PORTUAL_MODERN_MALE_9">
      <Text>Octavio</Text>
    </Row>
    <Row Tag="LOC_CITIZEN_PORTUAL_MODERN_MALE_10">
      <Text>Bruno</Text>
    </Row>
    <Row Tag="LOC_CITIZEN_PORTUAL_MODERN_FEMALE_1">
      <Text>Marta</Text>
    </Row>
    <Row Tag="LOC_CITIZEN_PORTUAL_MODERN_FEMALE_2">
      <Text>Ida</Text>
    </Row>
    <Row Tag="LOC_CITIZEN_PORTUAL_MODERN_FEMALE_3">
      <Text>Joanna</Text>
    </Row>
    <Row Tag="LOC_CITIZEN_PORTUAL_MODERN_FEMALE_4">
      <Text>Aisa</Text>
    </Row>
    <Row Tag="LOC_CITIZEN_PORTUAL_MODERN_FEMALE_5">
      <Text>Laira</Text>
    </Row>
    <Row Tag="LOC_CITIZEN_PORTUAL_MODERN_FEMALE_6">
      <Text>Ines</Text>
    </Row>
    <Row Tag="LOC_CITIZEN_PORTUAL_MODERN_FEMALE_7">
      <Text>Mariana</Text>
    </Row>
    <Row Tag="LOC_CITIZEN_PORTUAL_MODERN_FEMALE_8">
      <Text>Rita</Text>
    </Row>
    <Row Tag="LOC_CITIZEN_PORTUAL_MODERN_FEMALE_9">
      <Text>Sofya</Text>
    </Row>
    <Row Tag="LOC_CITIZEN_PORTUAL_MODERN_FEMALE_10">
      <Text>Carina</Text>
    </Row>
  </EnglishText>
</GameData>