﻿<?xml version="1.0" encoding="utf-8"?>
<GameData>
  <EnglishText>
    <Row Tag="LOC_BUILDING_TORRE_DE_BELEM_NAME">
      <Text>Torre de Belém</Text>
    </Row>
    <Row Tag="LOC_BUILDING_TORRE_DE_BELEM_DESCRIPTION">
      <Text>Bu şehirden yapılan Uluslararası [ICON_TradeRoute] Ticaret Rotaları, varış noktasındaki her Lüks Kaynak için +2 [ICON_GOLD] Altın alır. Torre de Belém inşa edildiğinde, ana kıtanızda olmayan şehirler o anda inşa edebilecekleri en düşük [ICON_PRODUCTION] Üretim maliyetli şehir merkezi binasını alırlar. [NEWLINE][NEWLINE]Bir Liman bölgesine bitişik bir Sahil karesi üzerine inşa edilmelidir.</Text>
    </Row>
    <Row Tag="LOC_BUILDING_ETEMENANKI_NAME">
      <Text>Etemenanki</Text>
    </Row>
    <Row Tag="LOC_BUILDING_ETEMENANKI_DESCRIPTION">
      <Text>İmparatorluğunuzdaki tüm Bataklık karolarına +2 [ICON_SCIENCE] Bilim ve +1 [ICON_PRODUCTION] Üretim. +1 [ICON_SCIENCE] Bilim ve +1 [ICON_PRODUCTION] Bu şehir için tüm Taşkın Yatakları karolarında üretim. [NEWLINE][NEWLINE]Taşkın Yatakları veya Bataklık üzerine inşa edilmelidir.</Text>
    </Row>
    <Row Tag="LOC_BUILDING_TORRE_DE_BELEM_QUOTE">
      <Text>"Hiçbir gemi ciddi bir saldırıya uğramadan bu topları geçemezdi."[NEWLINE]- Laure Junot Abrantes</Text>
    </Row>
    <Row Tag="LOC_BUILDING_ETEMENANKI_QUOTE">
      <Text>"Gelin, kendimize bir kent kuralım, göklere uzanan bir kulesi olsun, böylece kendimize bir ad yapalım."[NEWLINE]- Yaratılış 11:4</Text>
    </Row>
  </EnglishText>
</GameData>