﻿<?xml version="1.0" encoding="utf-8"?>
<GameData>
  <EnglishText>
    <!-- civs -->
    <Row Tag="LOC_CIVINFO_PORTUGAL_LOCATION">
      <Text>Güneybatı Avrupa</Text>
    </Row>
    <Row Tag="LOC_CIVINFO_PORTUGAL_SIZE">
      <Text>92,090 km kare (57,222 mil kare)</Text>
    </Row>
    <Row Tag="LOC_CIVINFO_PORTUGAL_POPULATION">
      <Text>10.302.674 (2020'de)</Text>
    </Row>
    <Row Tag="LOC_CIVINFO_PORTUGAL_CAPITAL">
      <Text>Lizbon (Lisboa)</Text>
    </Row>
    <Row Tag="LOC_PEDIA_CIVILIZATIONS_PAGE_CIVILIZATION_PORTUGAL_CHAPTER_HISTORY_PARA_1">
      <Text>Portekiz, İber yarımadasının Atlantik kıyısındaki küçük bir ortaçağ krallığından devasa bir deniz imparatorluğuna dönüştü. Portekiz, 1500'lü yıllardaki zirvesinde Güney Amerika, Afrika, Asya ve Okyanusya'nın bazı bölgelerini kontrol ediyordu. Sömürgecilik girişimlerinde bulunan ilk Avrupa ülkelerinden biri olan Portekiz, küreselleşmenin ilk büyük dalgasından sorumludur: insanların, fikirlerin ve baharatların daha önce hiç görülmemiş bir ölçüde dünya çapında dolaşımı.</Text>
    </Row>
    <Row Tag="LOC_PEDIA_CIVILIZATIONS_PAGE_CIVILIZATION_PORTUGAL_CHAPTER_HISTORY_PARA_2">
      <Text>Avrupa'nın çoğu gibi, bir gün Portekiz'e dönüşecek olan bölge de bölgesel anlaşmazlıklar ve fetihlerle sarsıldı. Başlangıçta Roma Lusitania'sının bir parçası olan Portekiz, Roma İmparatorluğu'ndan sonra Emevi Halifeliği'nin Endülüs bölgesinin bir parçası haline geldi. Ancak "fetih" kelimesinin çok karanlık bir tablo çizmesine izin vermeyin: Birinci bin yılın başında Endülüs'teki yaşam, Batı Avrupa'nın birçok bölgesine kıyasla parlak bir nokta olurdu, çünkü Avrupa Karanlık Çağ'ı yaşarken, sanat ve öğrenim Cordoba gibi merkezler aracılığıyla yarımada boyunca gelişti.</Text>
    </Row>
    <Row Tag="LOC_PEDIA_CIVILIZATIONS_PAGE_CIVILIZATION_PORTUGAL_CHAPTER_HISTORY_PARA_3">
      <Text>Emevi egemenliği Dom Afonso Henriques'in başarılı bir isyana öncülük ettiği 1100'lü yıllara kadar sürdü. Bu nedenle I. Afonso'ya ilk bağımsız Portekiz devletini kurduğu için "Kurucu" unvanı verilmiştir. Afonso, bölgedeki diğer Hıristiyan krallarla birlikte, İberya'daki Mağribi (Müslüman) egemenliğini yıkma kampanyası olan Reconquista'yı sürdürdü. Alfonso'nun 1147'de Lizbon'u alması, fırtınalı Atlantik'ten kaçmak için Portekiz'e sığınan İngiliz Haçlı akınının (istemeden de olsa) yardımıyla gerçekleşmiştir. Haçlı Seferleri'nin kendi versiyonlarıyla evlerine daha yakın bir yerde savaşabileceklerini fark ederek burada kaldılar ve Emevilerin bölgeden kovulmasına yardımcı oldular (ele geçirilen şehirleri yağmalamalarına ve ödeme olarak esirlerden fidye almalarına izin verildi). 1249 yılında Afonso III güneydeki Faro şehrini ele geçirerek Portekizlilerin bölgedeki hâkimiyetini sağlamlaştırdı. 13. yüzyıla gelindiğinde Portekiz'in sınırları bugünkü sınırlarıyla kıyaslanabilir hale gelmiş ve İngilizlerle yüzyıllar boyunca sürecek bir ittifak kurmuşlardı.</Text>
    </Row>
    <Row Tag="LOC_PEDIA_CIVILIZATIONS_PAGE_CIVILIZATION_PORTUGAL_CHAPTER_HISTORY_PARA_4">
      <Text>Portekiz'in yeni keşfedilen bağımsızlığıyla birlikte deniz keşifleri çağı başladı. Portekizliler artık güçlü liman şehirlerinin yanı sıra Emevi astronomisi ve matematiğinin avantajlarını da kontrol ediyordu ve bu da bilinen (ve nihayetinde bilinmeyen) okyanusta seyahat etmek için kıyı şeridinden yararlanmalarına olanak tanıyordu. Bu iki özellik Portekiz'in bir kumar oynamasına izin verdi: İpek Yolu'nu oluşturan ve birçoğu hala Emevilerin kaybının acısını çeken aracılara güvenmek yerine tehlikeli sulara göğüs gererek Asya ile ticaret yapmak. Bu düşünceyle I. João, üç oğlu Prens Duarte, Prens Pedro ve "Denizci" Prens Henry ile birlikte Keşif Çağı'nı başlattı - Keşif, elbette Portekizliler için; Malakka, Goa ve Angola sakinleri bunun için başka bir kelime kullanmış olabilirler. Bu fetih bir anlamda Reconquista'nın bir sonraki adımıydı - Portekizliler için ilk gerçek denizaşırı koloni, Kuzey Afrika'da Portekiz kıyılarına çok yakın olan Ceuta'nın fethiydi. Portekizliler denizleri "keşfetmeye" ve Afrika kıyılarından başlayarak Hindistan ve Doğu Asya'ya kadar uzanan koloniler kurmaya devam ettiler. 1500'lerin başlarında, Angola, Mozambik, Somali, Goa (Hindistan'da), Malakka (bugünkü Malezya'da), Timor ve Japonya'da bir ticaret karakolu gibi yerler de dahil olmak üzere neredeyse tüm dünyayı kapsayan bir dizi Portekiz kolonisi vardı. Bu kolonilerin ve ticaret yollarının kurulması Portekiz'i kısa sürede çok güçlü ve çok zengin bir ülke haline getirdi.</Text>
    </Row>
    <Row Tag="LOC_PEDIA_CIVILIZATIONS_PAGE_CIVILIZATION_PORTUGAL_CHAPTER_HISTORY_PARA_5">
      <Text>Portekiz bu keşif söz konusu olduğunda komşusu İspanya ile dostane bir rekabet içindeydi. Kristof Kolomb 1492'de Amerika'yı "keşfettikten" ve İspanya'nın bu topraklar üzerindeki hak iddiasını sağlamlaştırdıktan sonra, Portekiz komşusunu alt etmenin bir yolunu bulması gerektiğini biliyordu. Portekizli kaşifler Brezilya kıyılarında tökezlediler ve İspanya ile yaşanan sert bir anlaşmazlığın ardından Papa, Yeni Dünya'nın "keşiflerini" paylaştıran Tordesillas Antlaşması ile nihayet bu sorunu çözmek için devreye girmek zorunda kaldı: çizginin doğusunda kalanlar Portekiz'in, batısında kalanlar ise İspanyolların olacaktı. Her iki taraf da bunu yeterince kabul edilebilir buldu (Papa ile tartışacak değillerdi ya) ve fetih işlerine devam ettiler, ancak Avrupalı kaşifler haritayı doldurmaya başladığında, İspanya'nın altın zengini Meksika, Peru ve Kuzey Amerika'nın çoğunu, Portekiz'in ise Brezilya kıyılarını aldığı kısa sürede ortaya çıktı. (Görünüşe göre kimse önce yerli halklara danışmamıştı).</Text>
    </Row>
    <Row Tag="LOC_PEDIA_CIVILIZATIONS_PAGE_CIVILIZATION_PORTUGAL_CHAPTER_HISTORY_PARA_6">
      <Text>Ancak komşularıyla olan barış uzun sürmez ve Portekiz'de yaşanan bir dizi talihsiz olay tahtın varissiz kalmasına yol açınca, Portekiz kendini İspanyol bir kralın koltuğunda bulur. İspanya Kralı Philip II, annesinin soyu üzerinden tahtta hak iddia etti ve Portekiz üzerine yürüdü. Kesin zaferlerinin ardından Portekiz'in I. Philip'i olarak taç giydi (çünkü daha önce I. Philip olmadığı için orada II. Philip olamazdı). Portekiz, Portekiz Restorasyon Savaşı'ndan sonra 1640 yılına kadar tekrar bağımsız olamayacaktı ve o zaman bile İspanya'nın bu bağımsızlığı tanıması için 28 yıl daha beklemek zorunda kaldılar.</Text>
    </Row>
    <Row Tag="LOC_PEDIA_CIVILIZATIONS_PAGE_CIVILIZATION_PORTUGAL_CHAPTER_HISTORY_PARA_7">
      <Text>Brezilya'da altın keşfedildikten sonra servet de peşinden geldi. Yeni zenginlik akışı Portekiz ekonomisinin zenginleşmesine yardımcı oldu ve 1755'te Lizbon'u vuran dokuz büyüklüğündeki depremde çok ihtiyaç duyulan bir mali destek sağladı. Sebastião José de Carvalho e Melo ya da kısaca Pombal Markisi, yıkımdan kurtuldu ve hiç duraksamadan şehri yeniden inşa etmeye başladı. Hızlı hareket ederek şehri bir yıl içinde yeniden inşa ettirdi ve dahiyane bir hamleyle binaları depreme dayanacak şekilde tasarlattı.</Text>
    </Row>
    <Row Tag="LOC_PEDIA_CIVILIZATIONS_PAGE_CIVILIZATION_PORTUGAL_CHAPTER_HISTORY_PARA_8">
      <Text>Napolyon 1800'lerde Avrupa'yı fethinin bir parçası olarak Portekiz'i işgal etti ve Lizbon'u ele geçirdiğinde Portekiz'in başkenti Brezilya'ya, Rio de Janeiro'ya taşındı. Portekiz, İngiliz müttefiklerinin yardımıyla Napolyon'u geri püskürttü ve başından beri var olan bir bağı sağlamlaştırdı. Ancak bu hamle Portekiz'in Brezilya üzerindeki hak iddiasının sonu oldu: savaşın sonunda Brezilya'nın Portekiz'den bağımsızlığını ilan etmesinin ardından Lizbon bir kez daha başkent oldu.</Text>
    </Row>
    <Row Tag="LOC_PEDIA_CIVILIZATIONS_PAGE_CIVILIZATION_PORTUGAL_CHAPTER_HISTORY_PARA_9">
      <Text>Portekiz bugün de koyu Katolik bir ülkedir ve Avrupa Birliği'nin temel üyelerinden biridir. Yiyecek ve içecekleri (yeşil şarap dahil!), melankolik fado müziği ve kozmopolit görünümüyle ünlü olmaya devam etmektedir. Portekiz ve İngiltere yakın bağlarını korumaktadır, ancak yoğun turizm sezonunda Portekizliler bazen iki kez düşünebilirler...</Text>
    </Row>
    <!-- leaders -->
    <Row Tag="LOC_PEDIA_LEADERS_PAGE_LEADER_JOAO_III_TITLE">
      <Text>João III</Text>
    </Row>
    <Row Tag="LOC_PEDIA_LEADERS_PAGE_LEADER_JOAO_III_QUOTE">
      <Text>Ben Dom João, Tanrı'nın lütfuyla, Portekiz'in, Algarves'in ve Afrika'daki denizaşırı toprakların kralı, Gine'nin efendisi ve Etiyopya, Arabistan, İran ve Hindistan'ın fethi, keşfi ve ticaretinin efendisiyim.</Text>
    </Row>
    <Row Tag="LOC_PEDIA_LEADERS_PAGE_LEADER_JOAO_III_CHAPTER_HISTORY_PARA_1">
      <Text>"Sömürgeci" ya da belki daha nazik bir ifadeyle "Dindar" olarak anılan João III, 1521'den 1556'ya kadar Portekiz ve Algarves Kralı olarak görev yapmıştır. Kral I. Manuel ve Aragonlu Maria'nın en büyük oğluydu. Doğumundan itibaren ailesi onu mükemmelliğe doğru bir yola sokmaya çalıştı - ona astronomi, astroloji, teoloji, hukuk ve beşeri bilimleri öğreten alimler verildi ve on iki yaşında yönetmesi için kendi evi verildi. Birkaç yıllık pratik çalışmayla birlikte babasına gerçek kraliyet görevlerinde yardım etmeye başladı.</Text>
    </Row>
    <Row Tag="LOC_PEDIA_LEADERS_PAGE_LEADER_JOAO_III_CHAPTER_HISTORY_PARA_2">
      <Text>João on altı yaşında evlenmeye hazırdı ve ilk kuzeni Avusturyalı Eleanor ile evlenecekti, ancak babası Manuel devreye girdi ve Eleanor'u kendisi için istediğine karar verdi. João anlaşılabilir bir şekilde kırılmış ve tüm bu yaşananlardan dolayı biraz da üzülmüştü. Ancak, João'nun 1521'de tahta geçmesinin ardından, eski nişanlısı Eleanor'un küçük kız kardeşi olan Avusturyalı Catherine ile stratejik bir evlilik yaptı.</Text>
    </Row>
    <Row Tag="LOC_PEDIA_LEADERS_PAGE_LEADER_JOAO_III_CHAPTER_HISTORY_PARA_3">
      <Text>Aşk ateşiyle yanıp tutuşarak kendini dinine verdi. João'nun İsa Cemiyeti - Cizvitler - gibi dine hümanist yaklaşımları desteklemesi önemlidir. Belki de daha az asil bir şekilde, Engizisyon Portekiz'e nihayet João döneminde geldi ve hem özgür araştırmayı bastırmada (hem de Portekiz'de Protestan hareketinin olmamasını sağlamada) öngörülebilir sonuçlar doğurdu. Engizisyon, büyücülük, iki eşlilik (João'nun İngiltere'deki çağdaşı Henry VIII'i ve karmaşık aşk hayatı nedeniyle kiliseyle olan mücadelelerini hatırlayın), kiliseye karşı gelen edebiyat ve cinsel sapkınlık dahil olmak üzere kilisenin sorunlu veya küfür olarak gördüğü şeyleri cezalandırmak için tasarlanmıştı. João (Papa'nın izniyle) kardeşi Kardinal Henry'yi Büyük Engizisyoncu olarak atadı ve Portekiz topraklarında şubeler kurdu. Engizisyonun etkisi Portekiz kültürünün ve günlük yaşamının diğer kısımlarına da yayıldı. Bu hamleler João'ya "Dindar" unvanını kazandırdı.</Text>
    </Row>
    <Row Tag="LOC_PEDIA_LEADERS_PAGE_LEADER_JOAO_III_CHAPTER_HISTORY_PARA_4">
      <Text>João savaş yoluyla fethetmek yerine sıklıkla diplomasiyi kullandı ve avantajlı evlilikler ayarladı. Kız kardeşi Isabella, İspanya Kralı ve Kutsal Roma İmparatoru V. Charles ile evlendi ve kızı Maria Manuela'yı İspanya Kralı II. Oğlu Prens João Manuel, İspanyol Joan ile evlendi ve oğulları Kral I. Sebastian oldu. Buradaki ortak eğilim - Portekiz'in İberya'da bağımsız ama yakın müttefik bir yer edinmesi - açık olmalıdır.</Text>
    </Row>
    <Row Tag="LOC_PEDIA_LEADERS_PAGE_LEADER_JOAO_III_CHAPTER_HISTORY_PARA_5">
      <Text>João, Portekizlilerin geniş imparatorluğunun verimsiz, borç ve yolsuzlukla dolu olduğunu gördü. Başlangıçta, daha iyi adamların daha iyi sonuçlar vereceğini düşünerek yeni valiler atayarak sorunları düzeltmeye çalıştı, ancak sorun sistematikti. Ayrıca, bazen "kovulan" valiler gitmiyordu.</Text>
    </Row>
    <Row Tag="LOC_PEDIA_LEADERS_PAGE_LEADER_JOAO_III_CHAPTER_HISTORY_PARA_6">
      <Text>João'nun hükümdarlığının asıl etkisi ticaret ağlarının genişlemesinde oldu. Mombasa, Mozambik ve Afrika'nın diğer bölgelerinde güçlendirilmiş Portekiz ticaret kampları - feitorialar - kuruldu ve Portekiz Güneydoğu Asya'da Timor ve Maluku Adaları'nı, Güney Asya'da Goa ve Sri Lanka'yı ve Doğu Asya'da Nagasaki ve Macau'da bir ticaret karakolunu satın aldı. Ayrıca Portekiz'in Brezilya'sı da João yönetiminde önemli bir koloni haline gelecekti. Bu ağlar baharat, şeker, altın, koku ve ipeği dünyanın dört bir yanına taşıyacaktı. Daha az asil bir şekilde, João köleleştirilmiş insan ticareti de yaptı ve Kongo kralı Mvemba a Nzinga'nın João'ya Portekizli köle tüccarlarının faaliyetleri hakkında sert bir mektup yazmasına neden oldu.</Text>
    </Row>
    <Row Tag="LOC_PEDIA_LEADERS_PAGE_LEADER_JOAO_III_CHAPTER_HISTORY_PARA_7">
      <Text>João'nun saltanatının sonlarına doğru, bir varis göstermekte zorlandı. Dokuz çocuğundan (Catherine'den doğan) sadece ikisi çocukluk dönemini atlatabildi ve ikisi de babalarından önce öldü. Nihayetinde taht, 1557'de ölümü üzerine torunu Sebastian'a kaldı.</Text>
    </Row>
    <Row Tag="LOC_PEDIA_LEADERS_PAGE_LEADER_JOAO_III_CHAPTER_CAPSULE_BODY">
      <Text>Portekiz, kıyı kaynakları ve deniz keşiflerindeki avantajlarından yararlanarak deniz temelli bir ticaret imparatorluğuna zemin hazırlamak için haritayı keşfetmeye çalışır.</Text>
    </Row>
    <Row Tag="LOC_PEDIA_LEADERS_PAGE_LEADER_JOAO_III_CHAPTER_DETAILED_BODY">
      <Text>Başarılı bir Portekiz zaferi, geniş ticaret ağları kurmaya ve kıyı taşlarını kullanmaya bağlı olacaktır. Portekiz için uluslararası [ICON_TradeRoute] Ticaret Yollarının su üzerinden geçenlerle sınırlı olduğunu unutmayın, bu nedenle João potansiyel ticaret noktalarını en üst düzeye çıkarmak için şehirlerini kıyı boyunca inşa etmek isteyecektir. Ayrıca, kıyı şehirleri Denizcilik Okulundan tam olarak faydalanabilir, bu da deniz birimlerine ekstra [ICON_Production] Üretim, kıyı ve göl karoları için ekstra [ICON_Science] Bilim ve ekstra [ICON_GreatAdmiral] Büyük Amiral puanı verir. Portekiz, Portekiz'in Eşsiz Birimi Nau tarafından inşa edilen Eşsiz Altyapısı Feitoria'nın gelecekteki yerlerini bulmak için haritayı erkenden keşfetmek isteyecektir. Portekiz ticaretten elde ettiği kârı her türlü zaferi desteklemek için kullanabilir - yine de savaşlardan uzak durun; bu limanların iş için açık kalması gerekiyor!</Text>
    </Row>
    <!-- buildings and districts -->
    <Row Tag="LOC_PEDIA_BUILDINGS_PAGE_BUILDING_NAVIGATION_SCHOOL_CHAPTER_HISTORY_PARA_1">
      <Text>Portekiz'in en güney noktası olan Sagres, gemilerin fırtınalarla boğuşan Atlantik'i aşmadan önceki son güvenli sığınaktır. Portekizli denizciler güneye baktıklarında dalgalı denizler ve yasaklayıcı "Cabo de Não" - "No Burnu", bugünkü Fas'ın Atlantik kıyısında Sahra'nın başladığı yer. Avrupalı ve Arap denizciler tarafından uzun süre gezilebilir dünyanın sonu olarak görülen Cabo de Não'nun (şimdiki adıyla Chaunar Burnu) Portekizlilerin gemi temelli imparatorluk hayallerini gerçekleştirebilmeleri için aşılması gerekiyordu.</Text>
    </Row>
    <Row Tag="LOC_PEDIA_BUILDINGS_PAGE_BUILDING_NAVIGATION_SCHOOL_CHAPTER_HISTORY_PARA_2">
      <Text>Portekizlilerin Cape ve diğer daha uzak, daha zorlu burunlar etrafındaki seferlerinin planlanması ve nihai başarısı denizcilik okullarında gerçekleşmiştir. Bazı akademisyenler bu "okul" terimini gevşek bir şekilde yorumlayarak Portekizli denizcilerin çoğunun eğitimlerini muhtemelen gemilerde pratik olarak yaptıklarını belirtirken, diğerleri en romantik eğilimli akademisyenler tarafından Sagres Burnu'na yerleştirilen merkezi bir navigasyon okulu olduğunu varsaymaktadır. Denizciler buradan Atlantik'in tehlikelerini ilk elden görebilecek... ve bunların üstesinden gelmenin yollarını planlayabileceklerdi.</Text>
    </Row>
    <Row Tag="LOC_PEDIA_WONDERS_PAGE_BUILDING_ETEMENANKI_CHAPTER_HISTORY_PARA_1">
      <Text>Etemenanki bir Babil zigguratı ya da basamaklı kulesiydi. Bazıları Etemenanki'nin Babil Kulesi hikâyesinin ilham kaynağı olabileceğine inanmaktadır. İlk olarak Hammurabi zamanında inşa edilmiş ve MÖ 689'da Babil'in yıkılmasından sonra Nebuchadnezzar II tarafından restore edilmiştir. MÖ 331 yılında Büyük İskender Babil'i ele geçirir ve Etemenanki'nin bir kez daha onarılmasını emreder. Babil'e döndüğünde yapının değişmediğini görünce, her şeyi yıkıp yeniden başlamanın daha kolay olacağına karar verdi. Ancak Büyük İskender emirleri yerine getirilemeden ölmüştür. Başka bir prensin zigguratı yeniden inşa etmek istediği, ancak ayağı takılarak kendini utandırdıktan sonra, öfke nöbeti içinde fillerine geri kalanını yıktırdığı iddia edilir.</Text>
    </Row>
    <Row Tag="LOC_PEDIA_WONDERS_PAGE_BUILDING_TORRE_DE_BELEM_CHAPTER_HISTORY_PARA_1">
      <Text>Torre de Belém, Portekiz'in en tanınmış yapılarından biridir ve Keşifler Çağı'nın bir anıtı olarak hizmet vermektedir. Kule, Lizbon limanında savunma amaçlı olarak durmakta ve Atlantik'e doğru yola çıkan pek çok kaşif için başlangıç noktası görevi görmektedir. Kral I. Manuel 16. yüzyılda Francisco de Arruda'yı yapıyı tasarlaması ve inşa etmesi için görevlendirmiştir. Kule kireçtaşından yapılmış ve süslü Manueline tarzında tasarlanmıştır. Büyük taş işçiliği uzaktan görülebilmektedir. Eğer biri kuleye daha yakından bakacak olursa, heykeller ve en ilginci de taşa oyulmuş bir gergedan kafası görecektir. Dış ihtişamı ve güzelliğiyle bile işlevseldi ve bölge için aktif bir savunma görevi görüyordu.</Text>
    </Row>
    <!-- improvements -->
    <Row Tag="LOC_PEDIA_IMPROVEMENTS_PAGE_IMPROVEMENT_FEITORIA_CHAPTER_HISTORY_PARA_1">
      <Text>Feitoria - kelimenin tam anlamıyla "fabrika" - ticareti kolaylaştırmak için denizaşırı ülkelerde kurulan bir ticaret deposuydu ve bu nedenle erken merkantilist projelerin, özellikle de erken modern dönemin (1300'ler-1600'ler) Portekiz ağlarının kilit bir kurumuydu. Avrupalı tüccarlar burada, Avrupa silahlarıyla korunan bir alanda mal alışverişinde bulunabiliyor, yerel yöneticilerden - ve yerel korsanlardan - bir dereceye kadar bağımsız olarak faaliyet gösterebiliyorlardı. Ancak feitoria'ların karanlık bir tarafı da vardı: Avrupalı olmayanların feitoria'larda toprak sahibi olmasına izin verilmiyordu ve daha sonra Avrupa kolonizasyonunun kilit karakolları oldular. Daha da kötüsü, feitoria'lar köleleştirilmiş insanların ticaretinde kilit karakollardı.</Text>
    </Row>
    <Row Tag="LOC_PEDIA_IMPROVEMENTS_PAGE_IMPROVEMENT_FEITORIA_CHAPTER_HISTORY_PARA_2">
      <Text>İlk Portekiz feitorisi Kuzey Afrika ülkesi Moritanya'daydı, ancak daha sonra Goa (Hindistan'da), Malacca (bugünkü Malezya'da), Ternate (bugünkü Endonezya'da), Macau (Çin'de) ve Nagasaki'de (Japonya'da) ileri karakollar kuruldu. Her bir noktada Portekizliler izlerini bırakmışlardır: Malakka ve Goa'da büyük Katolik nüfuslar yaşıyor, Makao'da Portekiz döneminden kalma etkileyici bir mimari var ve Nagasaki'deki fırıncılar hala Portekiz tarzı castella (Japonca'da kasutera) kekleri yapıyor.</Text>
    </Row>
    <!-- units -->
    <Row Tag="LOC_PEDIA_UNITS_PAGE_UNIT_PORTUGUESE_NAU_CHAPTER_HISTORY_PARA_1">
      <Text>1300'lerden 1500'lere kadar Portekizliler denizlere hükmetti. Ticaret ağları Lizbon ile Asya, Afrika ve Yeni Dünya'daki limanları birbirine bağladı ve bugün dünyayı nasıl gördüğümüzü yeniden şekillendirdi. Örneğin, Portekizliler Yeni Dünya biberlerini Asya'ya getirmeseydi, baharatlı Tayland yemeklerine sahip olamazdık ve Portekizlilerin Japonya'daki varlığı olmasaydı tempura (Latince quatuor anni tempora'dan - et yememe zamanı) da olmazdı. Ancak her şey baharat değildi: nau altın, Katolik misyonerler... ve köleleştirilmiş insanlar taşıdı.</Text>
    </Row>
    <Row Tag="LOC_PEDIA_UNITS_PAGE_UNIT_PORTUGUESE_NAU_CHAPTER_HISTORY_PARA_2">
      <Text>Nau, karavelin daha büyük bir versiyonuydu, ön tarafında kare yelkenler ve mizana direğinde üçgen yelkenler vardı. Ağır yapıları, özellikle Afrika ve Güney Amerika'nın güney uçları civarında daha fırtınalı denizlerde seyretmelerine ve karavel ya da cog'dan daha uzağa ulaşmalarına olanak tanırdı.</Text>
    </Row>
  </EnglishText>
</GameData>