﻿<?xml version="1.0" encoding="utf-8"?>
<GameData>
  <Language_en_US>
    <Row Tag="TXT_KEY_LEADER_NEBUCHADNEZZAR_AGREE_SHORT_1">
      <Text>Frekans nedir, Kenneth?</Text>
    </Row>
    <Row Tag="TXT_KEY_LEADER_NEBUCHADNEZZAR_AGREE_SHORT_2">
      <Text>Tamam.</Text>
    </Row>
    <Row Tag="TXT_KEY_LEADER_NEBUCHADNEZZAR_AGREE_SHORT_3">
      <Text>Kesinlikle.</Text>
    </Row>
    <Row Tag="TXT_KEY_LEADER_NEBUCHADNEZZAR_AGREE_SHORT_4">
      <Text>Kabul edildi.</Text>
    </Row>
    <Row Tag="TXT_KEY_LEADER_NEBUCHADNEZZAR_AGREE_SHORT_5">
      <Text>Oh, çok iyi.</Text>
    </Row>
    <Row Tag="TXT_KEY_LEADER_NEBUCHADNEZZAR_AGREE_SHORT_6">
      <Text>Sanirim yapmaliyim.</Text>
    </Row>
    <Row Tag="TXT_KEY_LEADER_NEBUCHADNEZZAR_AGREE_SHORT_7">
      <Text>Tamamdir.</Text>
    </Row>
    <Row Tag="TXT_KEY_LEADER_NEBUCHADNEZZAR_ATTACKED_1">
      <Text>Sanirim aksam yemeginde yulaf lapasi yiyecegim.</Text>
    </Row>
    <Row Tag="TXT_KEY_LEADER_NEBUCHADNEZZAR_ATTACKED_2">
      <Text>Sizi yok edecegiz, biliyorsunuz.  Biraz peynir ister misin?</Text>
    </Row>
    <Row Tag="TXT_KEY_LEADER_NEBUCHADNEZZAR_ATTACKED_3">
      <Text>Oh iyi.  Sanirim ne yaptiginizi biliyorsunuz.</Text>
    </Row>
    <Row Tag="TXT_KEY_LEADER_NEBUCHADNEZZAR_DECLAREWAR_1">
      <Text>Savas demir ayakli bir ata binmis, beynimde beyaz sicak toynak izleri birakiyor. Dehset! Dehset!</Text>
    </Row>
    <Row Tag="TXT_KEY_LEADER_NEBUCHADNEZZAR_DECLAREWAR_2">
      <Text>Size savas ilan ettigimi ögrendim. Neden acaba?</Text>
    </Row>
    <Row Tag="TXT_KEY_LEADER_NEBUCHADNEZZAR_DECLAREWAR_3">
      <Text>Iblisler askerlerin kani için haykiriyor. Savasa!</Text>
    </Row>
    <Row Tag="TXT_KEY_LEADER_NEBUCHADNEZZAR_DEFEATED_1">
      <Text>Iyi is çikardin. Iblislere senin için iyi seyler söyleyecegim.</Text>
    </Row>
    <Row Tag="TXT_KEY_LEADER_NEBUCHADNEZZAR_DEFEATED_2">
      <Text>Her sey bitti. Belki de sonunda huzura kavusacagim.</Text>
    </Row>
    <Row Tag="TXT_KEY_LEADER_NEBUCHADNEZZAR_DEFEATED_3">
      <Text>Gerçekten yenildim mi? Ne kadar ilginç.</Text>
    </Row>
    <Row Tag="TXT_KEY_LEADER_NEBUCHADNEZZAR_DEMANDTRIBUTE_ANGRY">
      <Text>Hayat damarlarinizi kemiren farelerin acisi, taleplerimi reddetmeniz halinde çekeceginiz istirabin yaninda hiç kalir.</Text>
    </Row>
    <Row Tag="TXT_KEY_LEADER_NEBUCHADNEZZAR_DEMANDTRIBUTE_HAPPY">
      <Text>Saf, kör açgözlülük beni kötü bir insan mi yapar? Merak ediyorum.</Text>
    </Row>
    <Row Tag="TXT_KEY_LEADER_NEBUCHADNEZZAR_DEMANDTRIBUTE_NEUTRAL">
      <Text>Asagidaki övgü, kara mizahimi gelistirecek ve bir gün daha hayatta kalma olasiliginizi büyük ölçüde artiracaktir.</Text>
    </Row>
    <Row Tag="TXT_KEY_LEADER_NEBUCHADNEZZAR_DISAGREE_SHORT_1">
      <Text>Ölüler kulagima "hayir" diye fisildiyor.</Text>
    </Row>
    <Row Tag="TXT_KEY_LEADER_NEBUCHADNEZZAR_DISAGREE_SHORT_2">
      <Text>Hayir.</Text>
    </Row>
    <Row Tag="TXT_KEY_LEADER_NEBUCHADNEZZAR_DISAGREE_SHORT_3">
      <Text>Kesinlikle olmaz.</Text>
    </Row>
    <Row Tag="TXT_KEY_LEADER_NEBUCHADNEZZAR_DISAGREE_SHORT_4">
      <Text>Reddediyoruz.</Text>
    </Row>
    <Row Tag="TXT_KEY_LEADER_NEBUCHADNEZZAR_DISAGREE_SHORT_5">
      <Text>Tabii ki hayir.</Text>
    </Row>
    <Row Tag="TXT_KEY_LEADER_NEBUCHADNEZZAR_DISAGREE_SHORT_6">
      <Text>Bu kabul edilemez.</Text>
    </Row>
    <Row Tag="TXT_KEY_LEADER_NEBUCHADNEZZAR_DISAGREE_SHORT_7">
      <Text>Ciddi olamazsin!</Text>
    </Row>
    <Row Tag="TXT_KEY_LEADER_NEBUCHADNEZZAR_DISAGREE_SHORT_8">
      <Text>Pardon?</Text>
    </Row>
    <Row Tag="TXT_KEY_LEADER_NEBUCHADNEZZAR_FIRSTGREETING_1">
      <Text>Ben Babil'in Nebukadnezar'iyim. Disaridaki aptallar benim bir tanri oldugumu söylüyor ama bu pek mümkün görünmüyor. Kimsin sen?</Text>
    </Row>
    <Row Tag="TXT_KEY_LEADER_NEBUCHADNEZZAR_FIRSTGREETING_2">
      <Text>Ben Nebuchadnezzar, Babil hükümdari. Zamanimi bosa harcamak için buraya gönderilmis bir aptal olmaman için içtenlikle dua ediyorum.</Text>
    </Row>
    <Row Tag="TXT_KEY_LEADER_NEBUCHADNEZZAR_FIRSTGREETING_3">
      <Text>Ben Nebuchadnezzar'im. Sen gerçek misin yoksa aci çeken hislerimin bir hayaleti misin?</Text>
    </Row>
    <Row Tag="TXT_KEY_LEADER_NEBUCHADNEZZAR_GOODBYE_1">
      <Text>Öfkenin üzerime geldigini hissediyorum. Gitsen iyi olur.</Text>
    </Row>
    <Row Tag="TXT_KEY_LEADER_NEBUCHADNEZZAR_GOODBYE_2">
      <Text>Güle güle.</Text>
    </Row>
    <Row Tag="TXT_KEY_LEADER_NEBUCHADNEZZAR_GOODBYE_3">
      <Text>Tekrar görüsene kadar.</Text>
    </Row>
    <Row Tag="TXT_KEY_LEADER_NEBUCHADNEZZAR_GOODBYE_4">
      <Text>Simdi git buradan.</Text>
    </Row>
    <Row Tag="TXT_KEY_LEADER_NEBUCHADNEZZAR_GOODBYE_5">
      <Text>Hepsi bu kadar.</Text>
    </Row>
    <Row Tag="TXT_KEY_LEADER_NEBUCHADNEZZAR_GOODBYE_6">
      <Text>Simdi git - yalnizlik içinde umutsuzluk kadehini yudumlardim.</Text>
    </Row>
    <Row Tag="TXT_KEY_LEADER_NEBUCHADNEZZAR_GREETING_1">
      <Text>Hos geldiniz. Lütfen çigliklara aldirmayin.</Text>
    </Row>
    <Row Tag="TXT_KEY_LEADER_NEBUCHADNEZZAR_GREETING_2">
      <Text>Tanismis miydik?</Text>
    </Row>
    <Row Tag="TXT_KEY_LEADER_NEBUCHADNEZZAR_GREETING_3">
      <Text>Selamlar.</Text>
    </Row>
    <Row Tag="TXT_KEY_LEADER_NEBUCHADNEZZAR_GREETING_4">
      <Text>Oh, sensin.</Text>
    </Row>
    <Row Tag="TXT_KEY_LEADER_NEBUCHADNEZZAR_GREETING_5">
      <Text>Evet? Konussana.  Beynime hücum eden kandan seni zar zor duyabiliyorum.</Text>
    </Row>
    <Row Tag="TXT_KEY_LEADER_NEBUCHADNEZZAR_GREETING_6">
      <Text>Ne istiyorsun?</Text>
    </Row>
    <Row Tag="TXT_KEY_LEADER_NEBUCHADNEZZAR_LETSHEARIT_1">
      <Text>Konusun: Fisiltilari bastirmak için her seyi yapin.</Text>
    </Row>
    <Row Tag="TXT_KEY_LEADER_NEBUCHADNEZZAR_LETSHEARIT_2">
      <Text>Devam et.</Text>
    </Row>
    <Row Tag="TXT_KEY_LEADER_NEBUCHADNEZZAR_LETSHEARIT_3">
      <Text>Devam edin.</Text>
    </Row>
    <Row Tag="TXT_KEY_LEADER_NEBUCHADNEZZAR_LETSHEARIT_4">
      <Text>Dinliyorum.</Text>
    </Row>
    <Row Tag="TXT_KEY_LEADER_NEBUCHADNEZZAR_LETSHEARIT_5">
      <Text>Evet mi?</Text>
    </Row>
    <Row Tag="TXT_KEY_LEADER_NEBUCHADNEZZAR_LETSHEARIT_6">
      <Text>Ne diyordun?</Text>
    </Row>
    <Row Tag="TXT_KEY_LEADER_NEBUCHADNEZZAR_LETSHEARIT_7">
      <Text>Ve?</Text>
    </Row>
    <Row Tag="TXT_KEY_LEADER_NEBUCHADNEZZAR_LETSHEARIT_8">
      <Text>Devam et.</Text>
    </Row>
    <Row Tag="TXT_KEY_LEADER_NEBUCHADNEZZAR_LOSEWAR_1">
      <Text>Aptal, aptal - yasamama izin veriyorsun. Düsmanlarinizi her zaman dalindan, gövdesinden ve kökünden yok etmelisiniz.</Text>
    </Row>
    <Row Tag="TXT_KEY_LEADER_NEBUCHADNEZZAR_TRADE_NEEDMORE_ANGRY_1">
      <Text>Beni kizdirmayin: Öfke üzerimdeyken oldukça korkunç olabilirim. Teklifinizi gelistirin.</Text>
    </Row>
    <Row Tag="TXT_KEY_LEADER_NEBUCHADNEZZAR_TRADE_NEEDMORE_ANGRY_2">
      <Text>Bu yeterince iyi degil.</Text>
    </Row>
    <Row Tag="TXT_KEY_LEADER_NEBUCHADNEZZAR_TRADE_NEEDMORE_ANGRY_3">
      <Text>Bundan daha iyisini yapmalisin.</Text>
    </Row>
    <Row Tag="TXT_KEY_LEADER_NEBUCHADNEZZAR_TRADE_NEEDMORE_ANGRY_4">
      <Text>Neredeyse...</Text>
    </Row>
    <Row Tag="TXT_KEY_LEADER_NEBUCHADNEZZAR_TRADE_NEEDMORE_HAPPY_1">
      <Text>Danismanlarim teklifinizin kabul edilemez oldugunu bildirdi. Bir tanri neden danismanlara ihtiyaç duyar ki? Bana maymunlar gibi saçmaliyorlar.</Text>
    </Row>
    <Row Tag="TXT_KEY_LEADER_NEBUCHADNEZZAR_TRADE_NEEDMORE_HAPPY_2">
      <Text>Yapabileceginin en iyisi bu mu?</Text>
    </Row>
    <Row Tag="TXT_KEY_LEADER_NEBUCHADNEZZAR_TRADE_NEEDMORE_HAPPY_3">
      <Text>Neredeyse vardin.</Text>
    </Row>
    <Row Tag="TXT_KEY_LEADER_NEBUCHADNEZZAR_TRADE_NEEDMORE_HAPPY_4">
      <Text>Neredeyse...</Text>
    </Row>
    <Row Tag="TXT_KEY_LEADER_NEBUCHADNEZZAR_TRADE_NEEDMORE_NEUTRAL_1">
      <Text>Kabul edilemez. Teklifinizi gelistirin ya da gidin - akrepleri beslemeliyim.</Text>
    </Row>
    <Row Tag="TXT_KEY_LEADER_NEBUCHADNEZZAR_TRADE_NEEDMORE_NEUTRAL_2">
      <Text>Biraz daha iyisini yapabilir misin?</Text>
    </Row>
    <Row Tag="TXT_KEY_LEADER_NEBUCHADNEZZAR_TRADE_NEEDMORE_NEUTRAL_3">
      <Text>Bu yeterince iyi degil.</Text>
    </Row>
    <Row Tag="TXT_KEY_LEADER_NEBUCHADNEZZAR_TRADE_NEEDMORE_NEUTRAL_4">
      <Text>Neredeyse...</Text>
    </Row>
    <Row Tag="TXT_KEY_LEADER_NEBUCHADNEZZAR_TRADE_NO_ANGRY">
      <Text>Size karsi kör, neredeyse ezici bir hosnutsuzluk besliyorum. Cevabim 'hayir'.</Text>
    </Row>
    <Row Tag="TXT_KEY_LEADER_NEBUCHADNEZZAR_TRADE_NO_HAPPY">
      <Text>Üzgünüm ama sesler bana teklifinizi reddetmem gerektigini söylüyor.</Text>
    </Row>
    <Row Tag="TXT_KEY_LEADER_NEBUCHADNEZZAR_TRADE_NO_NEUTRAL">
      <Text>Teklifiniz reddedildi. Eger seni önemsiyor olsaydim, hakarete ugrardim.</Text>
    </Row>
    <Row Tag="TXT_KEY_LEADER_NEBUCHADNEZZAR_TRADE_YES_ANGRY">
      <Text>Bana sizi göndermenin en hizli yolunun sartlarinizi kabul etmek oldugu söylendi.</Text>
    </Row>
    <Row Tag="TXT_KEY_LEADER_NEBUCHADNEZZAR_TRADE_YES_HAPPY">
      <Text>Cok iyi. Bunun uzun vadede ikimize de faydasi olmayacak. Hepimiz ölecegiz, biliyorsun. Mükemmel. Anlastik.</Text>
    </Row>
    <Row Tag="TXT_KEY_LEADER_NEBUCHADNEZZAR_TRADE_YES_NEUTRAL">
      <Text>Birçok kisiden daha az itirazcisiniz  sartlarinizi kabul ediyorum.</Text>
    </Row>
    <Row Tag="TXT_KEY_LEADER_NEBUCHADNEZZAR_TRADEREQUEST_ANGRY">
      <Text>Asagidakileri kabul ederek tüm izdirabimi dindirebilirsiniz.</Text>
    </Row>
    <Row Tag="TXT_KEY_LEADER_NEBUCHADNEZZAR_TRADEREQUEST_HAPPY">
      <Text>Görünüse göre var olmak için bir nedeniniz var - benimle bu anlasmayi yapmak için.</Text>
    </Row>
    <Row Tag="TXT_KEY_LEADER_NEBUCHADNEZZAR_TRADEREQUEST_NEUTRAL">
      <Text>Sasirtici bir sekilde, sende ihtiyacim olan bir sey var. Takas eder misin?</Text>
    </Row>
    <Row Tag="TXT_KEY_LEADER_NEBUCHADNEZZAR_TRIBUTE_NO_ANGRY">
      <Text>Fare kelebekten haraç ister mi? Bence etmez.</Text>
    </Row>
    <Row Tag="TXT_KEY_LEADER_NEBUCHADNEZZAR_TRIBUTE_NO_HAPPY">
      <Text>Öbür dünyada sana binlerce sarkici cariye verecegim, ama bu dünyada hiçbir sey alamayacaksin.</Text>
    </Row>
    <Row Tag="TXT_KEY_LEADER_NEBUCHADNEZZAR_TRIBUTE_NO_NEUTRAL">
      <Text>Aptal Cakal - senin gibilere tapilan Misir'a gitsen iyi edersin. Burada hiçbir sey elde edemezsin.</Text>
    </Row>
    <Row Tag="TXT_KEY_LEADER_NEBUCHADNEZZAR_TRIBUTE_YES_ANGRY">
      <Text>Kokusmus nefesin içimdeki yasami boguyor - istedigini al ve git.</Text>
    </Row>
    <Row Tag="TXT_KEY_LEADER_NEBUCHADNEZZAR_TRIBUTE_YES_HAPPY">
      <Text>Al bakalim. Ben deli bir tanrinin kabusundan baska bir sey degilim - böyle seylerin bana ne faydasi var?</Text>
    </Row>
    <Row Tag="TXT_KEY_LEADER_NEBUCHADNEZZAR_TRIBUTE_YES_NEUTRAL">
      <Text>Kabul ediyorum - sadece beni reddetmeye tesvik eden danismanlarimi sasirtmak için.</Text>
    </Row>
    <Row Tag="TXT_KEY_LEADER_NEBUCHADNEZZAR_WARBLUFF_1">
      <Text>Davullar, davullar! Beynime vuruyorlar, intikam düsüncelerini bastiriyorlar.</Text>
    </Row>
    <Row Tag="TXT_KEY_LEADER_NEBUCHADNEZZAR_WARBLUFF_2">
      <Text>Ne hayal kirikligi.</Text>
    </Row>
    <Row Tag="TXT_KEY_LEADER_NEBUCHADNEZZAR_WARBLUFF_3">
      <Text>Ne büyük hayal kirikligi.</Text>
    </Row>
    <Row Tag="TXT_KEY_LEADER_NEBUCHADNEZZAR_WARBLUFF_4">
      <Text>Bir dahaki sefere bu kadar kibar olmayacagim.</Text>
    </Row>
    <Row Tag="TXT_KEY_LEADER_NEBUCHADNEZZAR_WINWAR_1">
      <Text>Bu ferahlaticiydi. Eger iblisler doymussa, belki simdi bize biraz nefes aldirirlar.</Text>
    </Row>
  </Language_en_US>
</GameData>