﻿<?xml version="1.0" encoding="utf-8" standalone="yes"?>
<!-- edited with XMLSPY v2004 rel. 2 U (http://www.xmlspy.com) by Ed Beach (Firaxis Games) -->
<GameData>
  <EnglishText>
    <!-- Civ Info-->
    <Row Tag="LOC_CIVILIZATION_MACEDON_DESCRIPTION">
      <Text>Makedonya İmparatorluğu</Text>
    </Row>
    <Row Tag="LOC_CIVILIZATION_MACEDON_ADJECTIVE">
      <Text>Makedonca</Text>
    </Row>
    <Row Tag="LOC_CIVINFO_MACEDON_LOCATION">
      <Text>Avrupa (ve kısaca Asya ve Afrika'nın bazı bölgeleri)</Text>
    </Row>
    <Row Tag="LOC_CIVINFO_MACEDON_SIZE">
      <Text>Bir krallık olarak, yaklaşık 25.800 mil kare (67.000 kilometrekare)</Text>
    </Row>
    <Row Tag="LOC_CIVINFO_MACEDON_POPULATION">
      <Text>İskender öncesi, belki 700,000</Text>
    </Row>
    <Row Tag="LOC_CIVINFO_MACEDON_CAPITAL">
      <Text>Aigai ve Pella</Text>
    </Row>
    <Row Tag="LOC_CIVILIZATION_PERSIA_DESCRIPTION">
      <Text>Pers İmparatorluğu</Text>
    </Row>
    <Row Tag="LOC_CIVILIZATION_PERSIA_ADJECTIVE">
      <Text>Farsça</Text>
    </Row>
    <Row Tag="LOC_CIVINFO_PERSIA_LOCATION">
      <Text>Asya ve Afrika</Text>
    </Row>
    <Row Tag="LOC_CIVINFO_PERSIA_SIZE">
      <Text>Zirvede, 2,1 milyon mil kare (5,5 milyon km kare)</Text>
    </Row>
    <Row Tag="LOC_CIVINFO_PERSIA_POPULATION">
      <Text>En yüksek seviyede 35 milyon (tahmini)</Text>
    </Row>
    <Row Tag="LOC_CIVINFO_PERSIA_CAPITAL">
      <Text>Pasargadae, Babil, Persepolis</Text>
    </Row>
    <Row Tag="LOC_LOADING_INFO_LEADER_ALEXANDER">
      <Text>Büyük savaş lordu İskender, kılıcının altında Makedon tüm dünyaya yayılacak. Her krallık üstesinden gelinmesi gereken eşsiz bir meydan okuma olacak, ancak sadık ve cesur kalırsan ödüller büyük olacak. Barıştan yüz çevir, çünkü mirasını kurmanın geniş toprakları fethetmekten başka yolu yok. Hücum et İskender ve halkını zafere taşı!</Text>
    </Row>
    <Row Tag="LOC_LOADING_INFO_LEADER_CYRUS">
      <Text>Tacı al, Cyrus, Pers Kralı, çünkü sen meshedilmiş kişisin. Ölümsüz askerler ve sarsılmaz bir inançla dünya halklarını fethedecek ve yöneteceksin. Etrafında birçok ittifakın kurulduğunu görebilirsin, ama sakın aldanma - bunlar dünyayı idare etmenin eski ve zayıf bir yoludur. Hedeflerinize ulaşmanıza yardımcı olmadığı sürece hiçbir söz vermeyin.</Text>
    </Row>
    <!-- Leader Agenda-->
    <Row Tag="LOC_AGENDA_SHORT_LIFE_GLORY_NAME">
      <Text>Zaferin Kısa Ömrü</Text>
    </Row>
    <Row Tag="LOC_AGENDA_SHORT_LIFE_GLORY_DESCRIPTION">
      <Text>Makedonya dışındaki büyük güçlerle savaş halindeki uygarlıkları sever. Barış halindeki uygarlıkları küçümser.</Text>
    </Row>
    <Row Tag="LOC_AGENDA_SHORT_LIFE_GLORY_XP2_DESCRIPTION">
      <Text>Makedonya dışındaki büyük güçlerle savaş halindeki uygarlıkları sever. Barış içindeki uygarlıkları küçümser.  Bu lidere karşı şikayetler normalin iki katı hızla çürüyor.</Text>
    </Row>
    <Row Tag="LOC_AGENDA_BACKSTABBER_NAME">
      <Text>Fırsatçı</Text>
    </Row>
    <Row Tag="LOC_AGENDA_BACKSTABBER_DESCRIPTION">
      <Text>Sürpriz Savaş ilan eden liderleri sever. Sürpriz Savaş ilanlarını kullanmayan liderleri reddeder.</Text>
    </Row>
    <!-- Trait Info-->
    <Row Tag="LOC_TRAIT_CIVILIZATION_BUILDING_BASILIKOI_PAIDES_NAME">
      <Text>Makedonya'nın eşsiz binası: Basilikoi Paides</Text>
    </Row>
    <Row Tag="LOC_TRAIT_CIVILIZATION_UNIT_HYPASPIST_NAME">
      <Text>Makedonya'ya özgü birim: Hipaspist</Text>
    </Row>
    <Row Tag="LOC_TRAIT_CIVILIZATION_UNIT_HETAIROI_NAME">
      <Text>İskender'in eşsiz birimi: Hetairoi</Text>
    </Row>
    <Row Tag="LOC_TRAIT_CIVILIZATION_IMPROVEMENT_PAIRIDAEZA_NAME">
      <Text>İran'a özgü bir bina: Pairidaeza</Text>
    </Row>
    <Row Tag="LOC_TRAIT_CIVILIZATION_UNIT_PAIRIDAEZA_NAME">
      <Text>Pers eşsiz birimi: Ölümsüz</Text>
    </Row>
    <!-- Macedon Cities-->
    <Row Tag="LOC_CITY_NAME_PELLA">
      <Text>Pella</Text>
    </Row>
    <Row Tag="LOC_CITY_NAME_AIGAI">
      <Text>Aigai</Text>
    </Row>
    <Row Tag="LOC_CITY_NAME_ALEXANDRIA">
      <Text>İskenderiye</Text>
    </Row>
    <Row Tag="LOC_CITY_NAME_METHONE">
      <Text>Meton</Text>
    </Row>
    <Row Tag="LOC_CITY_NAME_CHALKIDIKI">
      <Text>Halkidiki</Text>
    </Row>
    <Row Tag="LOC_CITY_NAME_DION">
      <Text>Dion</Text>
    </Row>
    <Row Tag="LOC_CITY_NAME_ALEXANDROUPOLI">
      <Text>Alexandroupoli</Text>
    </Row>
    <Row Tag="LOC_CITY_NAME_AMPHIPOLIS">
      <Text>Amfipolis</Text>
    </Row>
    <Row Tag="LOC_CITY_NAME_ALEXANDRIA_TROAS">
      <Text>Alexandria Troas</Text>
    </Row>
    <Row Tag="LOC_CITY_NAME_PYDNA">
      <Text>Pydna</Text>
    </Row>
    <Row Tag="LOC_CITY_NAME_ALEXANDRIA_LATMUS">
      <Text>Latmus tarafından İskenderiye</Text>
    </Row>
    <Row Tag="LOC_CITY_NAME_ALEXANDRETTA">
      <Text>Alexandretta</Text>
    </Row>
    <Row Tag="LOC_CITY_NAME_ALEXANDRIA_ARIA">
      <Text>Aria'daki İskenderiye</Text>
    </Row>
    <Row Tag="LOC_CITY_NAME_ALEXANDRIA_PROPHTHASIA">
      <Text>Alexandria Prophthasia</Text>
    </Row>
    <Row Tag="LOC_CITY_NAME_ALEXANDRIA_ARACHOSIA">
      <Text>Arachosia'daki İskenderiye</Text>
    </Row>
    <Row Tag="LOC_CITY_NAME_AIANI">
      <Text>Aiani</Text>
    </Row>
    <Row Tag="LOC_CITY_NAME_ALEXANDRIA_CAUCASUS">
      <Text>Kafkasya'da İskenderiye</Text>
    </Row>
    <Row Tag="LOC_CITY_NAME_ALEXANDRIA_ESCHATE">
      <Text>Alexandria Eschate</Text>
    </Row>
    <Row Tag="LOC_CITY_NAME_AKANTHOS">
      <Text>Akanthos</Text>
    </Row>
    <Row Tag="LOC_CITY_NAME_ALEXANDRIA_OXIANA">
      <Text>Alexandria Oxiana</Text>
    </Row>
    <Row Tag="LOC_CITY_NAME_HERACLEA_LYNCESTIS">
      <Text>Heraclea Lyncestis</Text>
    </Row>
    <Row Tag="LOC_CITY_NAME_ALEXANDRIA_BUCEPHALA">
      <Text>Alexandria Bucephala</Text>
    </Row>
    <Row Tag="LOC_CITY_NAME_ALEXANDRIA_NICAEA">
      <Text>İskenderiye İznik</Text>
    </Row>
    <Row Tag="LOC_CITY_NAME_PHILIPPOLIS">
      <Text>Philippolis</Text>
    </Row>
    <Row Tag="LOC_CITY_NAME_ALEXANDRIA_INDUS">
      <Text>İndus Üzerindeki İskenderiye</Text>
    </Row>
    <Row Tag="LOC_CITY_NAME_ALEXANDRIA_RHAMBACIA">
      <Text>Alexandria Rhambacia</Text>
    </Row>
    <Row Tag="LOC_CITY_NAME_STAGIRA">
      <Text>Stagira</Text>
    </Row>
    <Row Tag="LOC_CITY_NAME_ALEXANDRIA_SUSIANA">
      <Text>Susiana'daki İskenderiye</Text>
    </Row>
    <Row Tag="LOC_CITY_NAME_APOLLONIA">
      <Text>Apollonia</Text>
    </Row>
    <Row Tag="LOC_CITY_NAME_BATMAN">
      <Text>Batman</Text>
    </Row>
    <!-- Persia Cities-->
    <Row Tag="LOC_CITY_NAME_PASARGADAE">
      <Text>Pasargadae</Text>
    </Row>
    <Row Tag="LOC_CITY_NAME_SUSA">
      <Text>Susa</Text>
    </Row>
    <Row Tag="LOC_CITY_NAME_HAGMATANA">
      <Text>Hagmatana</Text>
    </Row>
    <Row Tag="LOC_CITY_NAME_TARSUS">
      <Text>Tarsus</Text>
    </Row>
    <Row Tag="LOC_CITY_NAME_BAKHTRI">
      <Text>Bakhtri</Text>
    </Row>
    <Row Tag="LOC_CITY_NAME_SPARDA">
      <Text>Sparda</Text>
    </Row>
    <Row Tag="LOC_CITY_NAME_GORDIAN">
      <Text>Gordian</Text>
    </Row>
    <Row Tag="LOC_CITY_NAME_TUSHPA">
      <Text>Tushpa</Text>
    </Row>
    <Row Tag="LOC_CITY_NAME_RAY">
      <Text>Ray</Text>
    </Row>
    <Row Tag="LOC_CITY_NAME_ZRANKA">
      <Text>Zranka</Text>
    </Row>
    <Row Tag="LOC_CITY_NAME_SHAHR_I_QUMIS">
      <Text>Şehr-i Kumis</Text>
    </Row>
    <Row Tag="LOC_CITY_NAME_PARSA">
      <Text>Parsa</Text>
    </Row>
    <Row Tag="LOC_CITY_NAME_HALICARNASSUS">
      <Text>Halikarnas</Text>
    </Row>
    <Row Tag="LOC_CITY_NAME_ISPAHAN">
      <Text>İsfahan</Text>
    </Row>
    <Row Tag="LOC_CITY_NAME_TYAIY_DRAYAHYA">
      <Text>Tyaiy Drayahya</Text>
    </Row>
    <Row Tag="LOC_CITY_NAME_MAZAKA">
      <Text>Mazaka</Text>
    </Row>
    <Row Tag="LOC_CITY_NAME_HARAIVA">
      <Text>Haraiva</Text>
    </Row>
    <Row Tag="LOC_CITY_NAME_ANASHAN">
      <Text>Anashan</Text>
    </Row>
    <Row Tag="LOC_CITY_NAME_PUSHKALAVATI">
      <Text>Pushkalavati</Text>
    </Row>
    <Row Tag="LOC_CITY_NAME_PURA">
      <Text>Pura</Text>
    </Row>
    <Row Tag="LOC_CITY_NAME_TAXILA">
      <Text>Taxila</Text>
    </Row>
    <Row Tag="LOC_CITY_NAME_BUKHARA">
      <Text>Buhara</Text>
    </Row>
    <Row Tag="LOC_CITY_NAME_GANZAK">
      <Text>Ganzak</Text>
    </Row>
    <Row Tag="LOC_CITY_NAME_MARAKANDA">
      <Text>Marakanda</Text>
    </Row>
    <Row Tag="LOC_CITY_NAME_THAPSACUS">
      <Text>Thapsacus</Text>
    </Row>
    <Row Tag="LOC_CITY_NAME_ISTAKHR">
      <Text>Istakhr</Text>
    </Row>
    <Row Tag="LOC_CITY_NAME_ARTASHAT">
      <Text>Artashat</Text>
    </Row>
    <Row Tag="LOC_CITY_NAME_IZKI">
      <Text>Izki</Text>
    </Row>
    <Row Tag="LOC_CITY_NAME_BORAZJAN">
      <Text>Borazjan</Text>
    </Row>
    <Row Tag="LOC_CITY_NAME_CYRA">
      <Text>Cyra</Text>
    </Row>
    <Row Tag="LOC_CITY_NAME_TOPRAK_QALA">
      <Text>Toprak Qala</Text>
    </Row>
    <!-- Citizen Names -->
    <Row Tag="LOC_CITIZEN_MACEDON_MALE_1">
      <Text>Aeropus</Text>
    </Row>
    <Row Tag="LOC_CITIZEN_MACEDON_MALE_2">
      <Text>Agathocles</Text>
    </Row>
    <Row Tag="LOC_CITIZEN_MACEDON_MALE_3">
      <Text>Alcetas</Text>
    </Row>
    <Row Tag="LOC_CITIZEN_MACEDON_MALE_4">
      <Text>Balacrus</Text>
    </Row>
    <Row Tag="LOC_CITIZEN_MACEDON_MALE_5">
      <Text>Caranus</Text>
    </Row>
    <Row Tag="LOC_CITIZEN_MACEDON_MALE_6">
      <Text>Crateuas</Text>
    </Row>
    <Row Tag="LOC_CITIZEN_MACEDON_MALE_7">
      <Text>Koinos</Text>
    </Row>
    <Row Tag="LOC_CITIZEN_MACEDON_MALE_8">
      <Text>Lysimachus</Text>
    </Row>
    <Row Tag="LOC_CITIZEN_MACEDON_MALE_9">
      <Text>Orested</Text>
    </Row>
    <Row Tag="LOC_CITIZEN_MACEDON_MALE_10">
      <Text>Tryimmas</Text>
    </Row>
    <Row Tag="LOC_CITIZEN_MACEDON_FEMALE_1">
      <Text>Adea</Text>
    </Row>
    <Row Tag="LOC_CITIZEN_MACEDON_FEMALE_2">
      <Text>Arsinoe</Text>
    </Row>
    <Row Tag="LOC_CITIZEN_MACEDON_FEMALE_3">
      <Text>Berenice</Text>
    </Row>
    <Row Tag="LOC_CITIZEN_MACEDON_FEMALE_4">
      <Text>Cynane</Text>
    </Row>
    <Row Tag="LOC_CITIZEN_MACEDON_FEMALE_5">
      <Text>Europa</Text>
    </Row>
    <Row Tag="LOC_CITIZEN_MACEDON_FEMALE_6">
      <Text>Gygaea</Text>
    </Row>
    <Row Tag="LOC_CITIZEN_MACEDON_FEMALE_7">
      <Text>Nicaea</Text>
    </Row>
    <Row Tag="LOC_CITIZEN_MACEDON_FEMALE_8">
      <Text>Philinna</Text>
    </Row>
    <Row Tag="LOC_CITIZEN_MACEDON_FEMALE_9">
      <Text>Phthia</Text>
    </Row>
    <Row Tag="LOC_CITIZEN_MACEDON_FEMALE_10">
      <Text>Stratonice</Text>
    </Row>
    <Row Tag="LOC_CITIZEN_MACEDON_MODERN_MALE_1">
      <Text>Argyris</Text>
    </Row>
    <Row Tag="LOC_CITIZEN_MACEDON_MODERN_MALE_2">
      <Text>Eleftherios</Text>
    </Row>
    <Row Tag="LOC_CITIZEN_MACEDON_MODERN_MALE_3">
      <Text>Haris</Text>
    </Row>
    <Row Tag="LOC_CITIZEN_MACEDON_MODERN_MALE_4">
      <Text>Ioannis</Text>
    </Row>
    <Row Tag="LOC_CITIZEN_MACEDON_MODERN_MALE_5">
      <Text>Omiros</Text>
    </Row>
    <Row Tag="LOC_CITIZEN_MACEDON_MODERN_MALE_6">
      <Text>Prokopis</Text>
    </Row>
    <Row Tag="LOC_CITIZEN_MACEDON_MODERN_MALE_7">
      <Text>Stephanos</Text>
    </Row>
    <Row Tag="LOC_CITIZEN_MACEDON_MODERN_MALE_8">
      <Text>Thanasis</Text>
    </Row>
    <Row Tag="LOC_CITIZEN_MACEDON_MODERN_MALE_9">
      <Text>Tryfon</Text>
    </Row>
    <Row Tag="LOC_CITIZEN_MACEDON_MODERN_MALE_10">
      <Text>Zinon</Text>
    </Row>
    <Row Tag="LOC_CITIZEN_MACEDON_MODERN_FEMALE_1">
      <Text>Chrysanthi</Text>
    </Row>
    <Row Tag="LOC_CITIZEN_MACEDON_MODERN_FEMALE_2">
      <Text>Dimitra</Text>
    </Row>
    <Row Tag="LOC_CITIZEN_MACEDON_MODERN_FEMALE_3">
      <Text>Evdokia</Text>
    </Row>
    <Row Tag="LOC_CITIZEN_MACEDON_MODERN_FEMALE_4">
      <Text>Kyveli</Text>
    </Row>
    <Row Tag="LOC_CITIZEN_MACEDON_MODERN_FEMALE_5">
      <Text>Melpomeni</Text>
    </Row>
    <Row Tag="LOC_CITIZEN_MACEDON_MODERN_FEMALE_6">
      <Text>Nefeli</Text>
    </Row>
    <Row Tag="LOC_CITIZEN_MACEDON_MODERN_FEMALE_7">
      <Text>Paraskevi</Text>
    </Row>
    <Row Tag="LOC_CITIZEN_MACEDON_MODERN_FEMALE_8">
      <Text>Polyxeni</Text>
    </Row>
    <Row Tag="LOC_CITIZEN_MACEDON_MODERN_FEMALE_9">
      <Text>Theofania</Text>
    </Row>
    <Row Tag="LOC_CITIZEN_MACEDON_MODERN_FEMALE_10">
      <Text>Zinovia</Text>
    </Row>
    <Row Tag="LOC_CITIZEN_PERSIA_MALE_1">
      <Text>Ariomardus</Text>
    </Row>
    <Row Tag="LOC_CITIZEN_PERSIA_MALE_2">
      <Text>Arsames</Text>
    </Row>
    <Row Tag="LOC_CITIZEN_PERSIA_MALE_3">
      <Text>Arsites</Text>
    </Row>
    <Row Tag="LOC_CITIZEN_PERSIA_MALE_4">
      <Text>Bardiya</Text>
    </Row>
    <Row Tag="LOC_CITIZEN_PERSIA_MALE_5">
      <Text>Cambyses</Text>
    </Row>
    <Row Tag="LOC_CITIZEN_PERSIA_MALE_6">
      <Text>Gaumata</Text>
    </Row>
    <Row Tag="LOC_CITIZEN_PERSIA_MALE_7">
      <Text>Hydarnes</Text>
    </Row>
    <Row Tag="LOC_CITIZEN_PERSIA_MALE_8">
      <Text>Otanes</Text>
    </Row>
    <Row Tag="LOC_CITIZEN_PERSIA_MALE_9">
      <Text>Oxyathres</Text>
    </Row>
    <Row Tag="LOC_CITIZEN_PERSIA_MALE_10">
      <Text>Sogdianus</Text>
    </Row>
    <Row Tag="LOC_CITIZEN_PERSIA_FEMALE_1">
      <Text>Artistun</Text>
    </Row>
    <Row Tag="LOC_CITIZEN_PERSIA_FEMALE_2">
      <Text>Cassandane</Text>
    </Row>
    <Row Tag="LOC_CITIZEN_PERSIA_FEMALE_3">
      <Text>Drypetis</Text>
    </Row>
    <Row Tag="LOC_CITIZEN_PERSIA_FEMALE_4">
      <Text>Parmida</Text>
    </Row>
    <Row Tag="LOC_CITIZEN_PERSIA_FEMALE_5">
      <Text>Parysatis</Text>
    </Row>
    <Row Tag="LOC_CITIZEN_PERSIA_FEMALE_6">
      <Text>Phaedymia</Text>
    </Row>
    <Row Tag="LOC_CITIZEN_PERSIA_FEMALE_7">
      <Text>Roxana</Text>
    </Row>
    <Row Tag="LOC_CITIZEN_PERSIA_FEMALE_8">
      <Text>Sisygambis</Text>
    </Row>
    <Row Tag="LOC_CITIZEN_PERSIA_FEMALE_9">
      <Text>Stateira</Text>
    </Row>
    <Row Tag="LOC_CITIZEN_PERSIA_FEMALE_10">
      <Text>Amytis</Text>
    </Row>
    <Row Tag="LOC_CITIZEN_PERSIA_MODERN_MALE_1">
      <Text>Arash</Text>
    </Row>
    <Row Tag="LOC_CITIZEN_PERSIA_MODERN_MALE_2">
      <Text>Dariush</Text>
    </Row>
    <Row Tag="LOC_CITIZEN_PERSIA_MODERN_MALE_3">
      <Text>Firdaus</Text>
    </Row>
    <Row Tag="LOC_CITIZEN_PERSIA_MODERN_MALE_4">
      <Text>Jalal</Text>
    </Row>
    <Row Tag="LOC_CITIZEN_PERSIA_MODERN_MALE_5">
      <Text>Kianoush</Text>
    </Row>
    <Row Tag="LOC_CITIZEN_PERSIA_MODERN_MALE_6">
      <Text>Rostam</Text>
    </Row>
    <Row Tag="LOC_CITIZEN_PERSIA_MODERN_MALE_7">
      <Text>Saam</Text>
    </Row>
    <Row Tag="LOC_CITIZEN_PERSIA_MODERN_MALE_8">
      <Text>Soheil</Text>
    </Row>
    <Row Tag="LOC_CITIZEN_PERSIA_MODERN_MALE_9">
      <Text>Vahid</Text>
    </Row>
    <Row Tag="LOC_CITIZEN_PERSIA_MODERN_MALE_10">
      <Text>Zubin</Text>
    </Row>
    <Row Tag="LOC_CITIZEN_PERSIA_MODERN_FEMALE_1">
      <Text>Banu</Text>
    </Row>
    <Row Tag="LOC_CITIZEN_PERSIA_MODERN_FEMALE_2">
      <Text>Darya</Text>
    </Row>
    <Row Tag="LOC_CITIZEN_PERSIA_MODERN_FEMALE_3">
      <Text>Firuzeh</Text>
    </Row>
    <Row Tag="LOC_CITIZEN_PERSIA_MODERN_FEMALE_4">
      <Text>Golnar</Text>
    </Row>
    <Row Tag="LOC_CITIZEN_PERSIA_MODERN_FEMALE_5">
      <Text>Laleh</Text>
    </Row>
    <Row Tag="LOC_CITIZEN_PERSIA_MODERN_FEMALE_6">
      <Text>Niusha</Text>
    </Row>
    <Row Tag="LOC_CITIZEN_PERSIA_MODERN_FEMALE_7">
      <Text>Roghayeh</Text>
    </Row>
    <Row Tag="LOC_CITIZEN_PERSIA_MODERN_FEMALE_8">
      <Text>Simin</Text>
    </Row>
    <Row Tag="LOC_CITIZEN_PERSIA_MODERN_FEMALE_9">
      <Text>Yasamin</Text>
    </Row>
    <Row Tag="LOC_CITIZEN_PERSIA_MODERN_FEMALE_10">
      <Text>Zareen</Text>
    </Row>
    <!-- Wonders-->
    <Row Tag="LOC_BUILDING_APADANA_NAME">
      <Text>Apadana</Text>
    </Row>
    <Row Tag="LOC_BUILDING_APADANA_DESCRIPTION">
      <Text>Bu şehirde Apadana da dahil olmak üzere bir harika inşa ettiğinizde +2 [ICON_ENVOY] Elçi.[NEWLINE][NEWLINE]Başkentinize [ICON_CAPITAL] bitişik inşa edilmelidir.</Text>
    </Row>
    <Row Tag="LOC_BUILDING_HALICARNASSUS_MAUSOLEUM_NAME">
      <Text>Halikarnas Mozolesi</Text>
    </Row>
    <Row Tag="LOC_BUILDING_HALICARNASSUS_MAUSOLEUM_DESCRIPTION">
      <Text>Bu şehir için tüm Kıyı karolarında +1 [ICON_Science] Bilim, +1 [ICON_Faith] İnanç ve +1 [ICON_Culture] Kültür. [ICON_GREATENGINEER] Büyük Mühendislerin ek bir ücreti vardır. Bir Liman bölgesine bitişik olarak inşa edilmelidir.</Text>
    </Row>
    <!-- Diplo Text-->
    <Row Tag="LOC_DIPLO_MODIFIER_SHORT_LIFE_GLORY_AT_WAR">
      <Text>Alexander uygarlığınızın diğerleriyle savaş halinde olduğunu görmekten mutlu.</Text>
    </Row>
    <Row Tag="LOC_DIPLO_MODIFIER_SHORT_LIFE_GLORY_NOT_AT_WAR">
      <Text>Alexander uygarlığınızın şu anda barış içinde olduğunu görmekten mutlu değil.</Text>
    </Row>
    <Row Tag="LOC_DIPLO_MODIFIER_BACKSTABBER_USED_SURPRISE_WAR">
      <Text>Cyrus Sürpriz Savaş ilanınızı görmekten memnun oldu.</Text>
    </Row>
    <Row Tag="LOC_DIPLO_MODIFIER_BACKSTABBER_NOT_AT_WAR">
      <Text>Cyrus Sürpriz Savaş ilan etmemenizden hoşnut değil.</Text>
    </Row>
    <!-- Dialog Text Alexander -->
    <Row Tag="LOC_DIPLO_ACCEPT_DECLARE_FRIEND_FROM_HUMAN_LEADER_ALEXANDER_ANY">
      <Text>Makedon halkı bu kalıcı dostluğu memnuniyetle karşılamaktadır.</Text>
    </Row>
    <Row Tag="LOC_DIPLO_REJECT_DECLARE_FRIEND_FROM_HUMAN_LEADER_ALEXANDER_ANY">
      <Text>Dostluğumuzun kaderimizde olup olmadığını söylemek için henüz çok erken. Sadece Tanrılar emin olabilir.</Text>
    </Row>
    <Row Tag="LOC_DIPLO_DECLARE_FRIEND_FROM_AI_LEADER_ALEXANDER_ANY">
      <Text>Sizi gerçek bir dost olarak görüyorum, umarım aynı güveni size de kazandırmışımdır.</Text>
    </Row>
    <Row Tag="LOC_DIPLO_ACCEPT_DECLARE_FRIEND_FROM_AI_LEADER_ALEXANDER_ANY">
      <Text>Makedon halkı bu kalıcı dostluğu memnuniyetle karşılamaktadır.</Text>
    </Row>
    <Row Tag="LOC_DIPLO_REJECT_DECLARE_FRIEND_FROM_AI_LEADER_ALEXANDER_ANY">
      <Text>Dostluğumuzun kaderimizde olup olmadığını söylemek için henüz çok erken. Sadece Tanrılar emin olabilir.</Text>
    </Row>
    <Row Tag="LOC_DIPLO_DECLARE_WAR_FROM_HUMAN_LEADER_ALEXANDER_ANY">
      <Text>Barış zaten beni hiçbir zaman o kadar ilgilendirmedi.</Text>
    </Row>
    <Row Tag="LOC_DIPLO_DECLARE_WAR_FROM_AI_LEADER_ALEXANDER_ANY">
      <Text>Yunanistan'ın orduları kollarını açmış sizi bekliyor!</Text>
    </Row>
    <Row Tag="LOC_DIPLO_ACCEPT_DELEGATION_FROM_HUMAN_LEADER_ALEXANDER_ANY">
      <Text>İkramlarınız için minnettarım. Heyetinizin krallığımdayken Makedon'un sunduğu her şeyin tadını çıkaracağından emin olabilirsiniz.</Text>
    </Row>
    <Row Tag="LOC_DIPLO_REJECT_DELEGATION_FROM_HUMAN_LEADER_ALEXANDER_ANY">
      <Text>Bunu asla kabul edemem!</Text>
    </Row>
    <Row Tag="LOC_DIPLO_DELEGATION_FROM_AI_LEADER_ALEXANDER_ANY">
      <Text>Makedonya'nın sunduğu en iyi şarap ve zeytinyağı hediyelerini taşıyan bir ticaret heyeti gönderdim. Elçilerimi sıcak bir şekilde karşılayacağınıza inanıyorum.</Text>
    </Row>
    <Row Tag="LOC_DIPLO_DENOUNCE_FROM_HUMAN_LEADER_ALEXANDER_ANY">
      <Text>İftira dolu diliniz, başkentinizin yıkıntıları önünde durduğumda bunu daha da tatmin edici kılacak!</Text>
    </Row>
    <Row Tag="LOC_DIPLO_DENOUNCE_FROM_AI_LEADER_ALEXANDER_ANY">
      <Text>Senden daha onurlu olan hainler ve asker kaçaklarıyla uğraştım! (Seni kınıyor).</Text>
    </Row>
    <Row Tag="LOC_DIPLO_FIRST_MEET_LEADER_ALEXANDER_ANY">
      <Text>Selamlar! Ben Makedonyalı İskender, Kral ve Firavun, Yunanistan'ın yenilmez generaliyim! Eminim beni duymuşsunuzdur.</Text>
    </Row>
    <Row Tag="LOC_DIPLO_FIRST_MEET_VISIT_RECIPIENT_LEADER_ALEXANDER_ANY">
      <Text>Gelin ve en yakın şehirlerimi ziyaret edin, Makedonya'nın hareketli Agoraları arasında yürüyün ve halkım arasında ticaretin nasıl geliştiğini görün.</Text>
    </Row>
    <Row Tag="LOC_DIPLO_FIRST_MEET_NEAR_INITIATOR_POSITIVE_LEADER_ALEXANDER_ANY">
      <Text>Bırak yapılsın.</Text>
    </Row>
    <Row Tag="LOC_DIPLO_FIRST_MEET_NO_MANS_INFO_EXCHANGE_LEADER_ALEXANDER_ANY">
      <Text>Son derece savunmasız Pella'yı duydunuz mu? Belki de büyük başkentlerimizin hikayelerini paylaşabiliriz!</Text>
    </Row>
    <Row Tag="LOC_DIPLO_GREETING_LEADER_ALEXANDER_ANY">
      <Text>Hoş geldiniz!</Text>
    </Row>
    <Row Tag="LOC_DIPLO_KUDO_EXIT_LEADER_ALEXANDER_ANY">
      <Text>Umarım savaşta hiç karşılaşmayız, böyle değerli bir düşmanı kaybetmek utanç verici olur.</Text>
    </Row>
    <Row Tag="LOC_DIPLO_WARNING_EXIT_LEADER_ALEXANDER_ANY">
      <Text>Halkınız için savaşmayı reddederseniz imparatorluğunuzu nasıl büyütmeyi düşünüyorsunuz?!</Text>
    </Row>
    <Row Tag="LOC_DIPLO_MAKE_ALLIANCE_FROM_AI_LEADER_ALEXANDER_ANY">
      <Text>Müttefik olarak, birbirimizin fetihlerini destekleyebiliriz. Senden haraç bile almayacağım!</Text>
    </Row>
    <Row Tag="LOC_DIPLO_MAKE_PEACE_AI_ACCEPT_DEAL_LEADER_ALEXANDER_ANY">
      <Text>Sanırım ordularımı şimdilik başka bir yerde tutabilirim.</Text>
    </Row>
    <Row Tag="LOC_DIPLO_MAKE_PEACE_AI_REFUSE_DEAL_LEADER_ALEXANDER_ANY">
      <Text>Zamanımı boşa harcama.</Text>
    </Row>
    <Row Tag="LOC_DIPLO_MAKE_PEACE_FROM_AI_LEADER_ALEXANDER_ANY">
      <Text>Barış zamanının geldiğine inanıyorum. Siz ne diyorsunuz?</Text>
    </Row>
    <Row Tag="LOC_DIPLO_ACCEPT_OPEN_BORDERS_FROM_HUMAN_LEADER_ALEXANDER_ANY">
      <Text>Topraklarımızdan geçme ayrıcalığına saygı göstereceğinize inanıyorum.</Text>
    </Row>
    <Row Tag="LOC_DIPLO_REJECT_OPEN_BORDERS_FROM_HUMAN_LEADER_ALEXANDER_ANY">
      <Text>Kendi kuvvetlerime bu kadar yakınken ordularınızın bu topraklardan geçmesi tehlikeli olabilir.</Text>
    </Row>
    <Row Tag="LOC_DIPLO_OPEN_BORDERS_FROM_AI_LEADER_ALEXANDER_ANY">
      <Text>Topraklarınızın ötesine geçmemize izin verir misiniz? Büyük Dış Deniz'i arıyoruz!</Text>
    </Row>
    <Row Tag="LOC_DIPLO_WARNING_TOO_MANY_TROOPS_NEAR_ME_LEADER_ALEXANDER_ANY">
      <Text>Gözcülerim sınırlarımıza yakın bir yere kuvvet yığdığınızı söyledi. Dikkatli olun, ordularım kolayca savaşa sürüklenebilir.</Text>
    </Row>
    <Row Tag="LOC_DIPLO_WARNING_TOO_MANY_TROOPS_NEAR_ME_AI_RESPONSE_NEGATIVE_LEADER_ALEXANDER_ANY">
      <Text>Ordularım özgürce ve sizin müdahaleniz olmadan hareket edecek!</Text>
    </Row>
    <Row Tag="LOC_DIPLO_WARNING_TOO_MANY_TROOPS_NEAR_ME_AI_RESPONSE_POSITIVE_LEADER_ALEXANDER_ANY">
      <Text>Bir hata olmalı, henüz ordularımın gazabına uğramamalısınız.</Text>
    </Row>
    <Row Tag="LOC_DIPLO_DEFEAT_FROM_AI_LEADER_ALEXANDER_ANY">
      <Text>Başladığı kadar hızlı bir şekilde, uzun yürüyüşüm nihayet sona eriyor.</Text>
    </Row>
    <Row Tag="LOC_DIPLO_REJECT_MAKE_DEAL_FROM_AI_LEADER_ALEXANDER_ANY">
      <Text>Mümkün değil.</Text>
    </Row>
    <Row Tag="LOC_DIPLO_ACCEPT_MAKE_DEAL_FROM_AI_LEADER_ALEXANDER_ANY">
      <Text>Anlaştık!</Text>
    </Row>
    <!-- Dialog Text Cyrus -->
    <Row Tag="LOC_DIPLO_ACCEPT_DECLARE_FRIEND_FROM_HUMAN_LEADER_CYRUS_ANY">
      <Text>Güçlü dostluklar kurmaktan her zaman memnuniyet duyarız. Arkadaşlarımız olmasaydı biz nerede olurduk?</Text>
    </Row>
    <Row Tag="LOC_DIPLO_REJECT_DECLARE_FRIEND_FROM_HUMAN_LEADER_CYRUS_ANY">
      <Text>Persia her zaman güvenilir dostlar arar. Sizin de öyle olduğunuzdan emin olduğumuzda, sizinle temasa geçeceğiz.</Text>
    </Row>
    <Row Tag="LOC_DIPLO_DECLARE_FRIEND_FROM_AI_LEADER_CYRUS_ANY">
      <Text>En güvendiğimiz dostlarımız arasındasınız. Bizi de aynı gözle göreceğinizi umuyoruz.</Text>
    </Row>
    <Row Tag="LOC_DIPLO_ACCEPT_DECLARE_FRIEND_FROM_AI_LEADER_CYRUS_ANY">
      <Text>O zaman karar verilir.</Text>
    </Row>
    <Row Tag="LOC_DIPLO_REJECT_DECLARE_FRIEND_FROM_AI_LEADER_CYRUS_ANY">
      <Text>Ne talihsizlik.</Text>
    </Row>
    <Row Tag="LOC_DIPLO_DECLARE_WAR_FROM_HUMAN_LEADER_CYRUS_ANY">
      <Text>Masalları duymadın mı? Ordularımın efsanevi gücünü? Kendiniz görün.</Text>
    </Row>
    <Row Tag="LOC_DIPLO_DECLARE_WAR_FROM_AI_LEADER_CYRUS_ANY">
      <Text>Halkınıza yetkin bir hükümdarın yönetiminde neler yapabileceklerini göstermenin zamanı geldi.</Text>
    </Row>
    <Row Tag="LOC_DIPLO_ACCEPT_DELEGATION_FROM_HUMAN_LEADER_CYRUS_ANY">
      <Text>Elçinizi Pers Krallığı'nda şahsen karşıladım. Her iki tarafın da çıkarlarına en iyi şekilde hizmet edecek verimli müzakerelerin gerçekleşmesini temenni ediyorum.</Text>
    </Row>
    <Row Tag="LOC_DIPLO_REJECT_DELEGATION_FROM_HUMAN_LEADER_CYRUS_ANY">
      <Text>Reddediyoruz.</Text>
    </Row>
    <Row Tag="LOC_DIPLO_DELEGATION_FROM_AI_LEADER_CYRUS_ANY">
      <Text>Krallığınıza, en iyi zanaatkârlarımızdan aynalı cam ve çanak çömlek hediyeleriyle birlikte bir ticaret elçisi gönderdim. Elçime de bana gösterdiğiniz saygıyı göstereceğinizden eminim.</Text>
    </Row>
    <Row Tag="LOC_DIPLO_DENOUNCE_FROM_HUMAN_LEADER_CYRUS_ANY">
      <Text>İran'ın hayırsever yönetimine karşı böyle bir açıklama ancak korku ve cehaletle yapılabilir.</Text>
    </Row>
    <Row Tag="LOC_DIPLO_DENOUNCE_FROM_AI_LEADER_CYRUS_ANY">
      <Text>Savunduğunuz her şeyi kınıyoruz! Pers sadece sizden ve sizin yöntemlerinizden uzaklaşmak istiyor. (Sizi kınıyor).</Text>
    </Row>
    <Row Tag="LOC_DIPLO_FIRST_MEET_LEADER_CYRUS_ANY">
      <Text>Pers'in büyük Cyrus'unun önünde duruyorsunuz. En azından şimdilik, hızlı arkadaş olacağımıza eminim.</Text>
    </Row>
    <Row Tag="LOC_DIPLO_FIRST_MEET_VISIT_RECIPIENT_LEADER_CYRUS_ANY">
      <Text>Yakındaki şehrimizi ziyaret etmelisin dostum, İran'ın sanatının ve görkemli mimarisinin ihtişamının tadını çıkarmalısın.</Text>
    </Row>
    <Row Tag="LOC_DIPLO_FIRST_MEET_NEAR_INITIATOR_POSITIVE_LEADER_CYRUS_ANY">
      <Text>Makul bir teklif.</Text>
    </Row>
    <Row Tag="LOC_DIPLO_FIRST_MEET_NO_MANS_INFO_EXCHANGE_LEADER_CYRUS_ANY">
      <Text>Başkentiniz hakkında ilgi çekici şeyler duydum. Belki de bir tür kültürel değişim karşılıklı olarak faydalı olabilir?</Text>
    </Row>
    <Row Tag="LOC_DIPLO_GREETING_LEADER_CYRUS_ANY">
      <Text>Seni karşıma çıkaran nedir?</Text>
    </Row>
    <Row Tag="LOC_DIPLO_KUDO_EXIT_LEADER_CYRUS_ANY">
      <Text>İnsanın kaçıramayacağı bazı fırsatlar olduğunu çok iyi anlıyorum.</Text>
    </Row>
    <Row Tag="LOC_DIPLO_WARNING_EXIT_LEADER_CYRUS_ANY">
      <Text>Ortada bir aldatmaca varsa, entrikayı sağlayanın ben olmasını tercih ederim.</Text>
    </Row>
    <Row Tag="LOC_DIPLO_MAKE_ALLIANCE_FROM_AI_LEADER_CYRUS_ANY">
      <Text>Bu bir kolaylık ittifakı, daha fazlası değil. Ama yine de bir ittifak.</Text>
    </Row>
    <Row Tag="LOC_DIPLO_MAKE_PEACE_AI_ACCEPT_DEAL_LEADER_CYRUS_ANY">
      <Text>Evet. Mükemmel.</Text>
    </Row>
    <Row Tag="LOC_DIPLO_MAKE_PEACE_AI_REFUSE_DEAL_LEADER_CYRUS_ANY">
      <Text>Bizi aptal mı sanıyorsun?</Text>
    </Row>
    <Row Tag="LOC_DIPLO_MAKE_PEACE_FROM_AI_LEADER_CYRUS_ANY">
      <Text>Barışa gelelim.</Text>
    </Row>
    <Row Tag="LOC_DIPLO_ACCEPT_OPEN_BORDERS_FROM_HUMAN_LEADER_CYRUS_ANY">
      <Text>Bunun imparatorluklarımız arasında daha derin bir anlayışın başlangıcını müjdelemesini umalım.</Text>
    </Row>
    <Row Tag="LOC_DIPLO_REJECT_OPEN_BORDERS_FROM_HUMAN_LEADER_CYRUS_ANY">
      <Text>Şu an krallığımın kapılarını yabancılara açmasının zamanı değil. Belki ileride bu konuyu tekrar ele alabiliriz.</Text>
    </Row>
    <Row Tag="LOC_DIPLO_OPEN_BORDERS_FROM_AI_LEADER_CYRUS_ANY">
      <Text>Sınırlarımızın açılması şüphesiz her iki ulusu da güçlendirecektir. Ne diyorsunuz?</Text>
    </Row>
    <Row Tag="LOC_DIPLO_WARNING_TOO_MANY_TROOPS_NEAR_ME_LEADER_CYRUS_ANY">
      <Text>Bu güç gösterisinin sadece yanlışlıkla yapıldığını varsayabilirim. Sınırlarımızdan bir an önce dikkatli bir şekilde çekilmelerini beklemeli miyim?</Text>
    </Row>
    <Row Tag="LOC_DIPLO_WARNING_TOO_MANY_TROOPS_NEAR_ME_AI_RESPONSE_NEGATIVE_LEADER_CYRUS_ANY">
      <Text>Eğer savaşa bu kadar niyetliyseniz, Pers orduları sizi kucaklasın!</Text>
    </Row>
    <Row Tag="LOC_DIPLO_WARNING_TOO_MANY_TROOPS_NEAR_ME_AI_RESPONSE_POSITIVE_LEADER_CYRUS_ANY">
      <Text>Saygısızlık etmek istemedik. Kuvvetlerimiz derhal yerlerini terk edecekler.</Text>
    </Row>
    <Row Tag="LOC_DIPLO_DEFEAT_FROM_AI_LEADER_CYRUS_ANY">
      <Text>Savaşın bu tarafını çok nadir gördüm.</Text>
    </Row>
    <Row Tag="LOC_DIPLO_REJECT_MAKE_DEAL_FROM_AI_LEADER_CYRUS_ANY">
      <Text>Benden faydalanmaya mı çalışıyorsun?</Text>
    </Row>
    <Row Tag="LOC_DIPLO_ACCEPT_MAKE_DEAL_FROM_AI_LEADER_CYRUS_ANY">
      <Text>Makul bir teklif.</Text>
    </Row>
  </EnglishText>
</GameData>