﻿<?xml version="1.0" encoding="utf-8" standalone="yes"?>
<!-- edited with XMLSPY v2004 rel. 2 U (http://www.xmlspy.com) by Ed Beach (Firaxis Games) -->
<GameData>
  <EnglishText>
    <!-- Civ Info-->
    <Row Tag="LOC_CIVILIZATION_MACEDON_NAME">
      <Text>Makedon</Text>
    </Row>
    <Row Tag="LOC_TRAIT_LEADER_HELLENISTIC_FUSION_NAME">
      <Text>Helenistik Füzyon</Text>
    </Row>
    <Row Tag="LOC_TRAIT_LEADER_HELLENISTIC_FUSION_DESCRIPTION">
      <Text>Şehir fethedildiğinde destek alın: fethedilen şehirdeki her Kamp veya Yerleşke için bir [ICON_TechBoosted] Eureka ve her Kutsal Alan veya Tiyatro Meydanı için bir [ICON_CivicBoosted] İlham.</Text>
    </Row>
    <Row Tag="LOC_CIVILIZATION_PERSIA_NAME">
      <Text>İran</Text>
    </Row>
    <Row Tag="LOC_TRAIT_CIVILIZATION_SATRAPIES_NAME">
      <Text>Satraplıklar</Text>
    </Row>
    <Row Tag="LOC_TRAIT_CIVILIZATION_SATRAPIES_DESCRIPTION">
      <Text>Siyasi Felsefe sivil ile +1 [ICON_TradeRoute] Ticaret Yolu kapasitesi. Kendi şehirleriniz arasındaki yollar için +2 [ICON_Gold] Altın ve +1 [ICON_Culture] Kültür alın. Bölgenizde inşa edilen yollar normalden bir seviye daha gelişmiş olur.</Text>
    </Row>
    <!-- Leader Info-->
    <Row Tag="LOC_LEADER_ALEXANDER_NAME">
      <Text>Alexander</Text>
    </Row>
    <Row Tag="LOC_TRAIT_LEADER_TO_WORLDS_END_NAME">
      <Text>Dünyanın Sonuna</Text>
    </Row>
    <Row Tag="LOC_TRAIT_LEADER_TO_WORLDS_END_DESCRIPTION">
      <Text>Şehirler savaş yorgunluğuna maruz kalmaz. Bu oyuncu dünya harikası bir şehri ele geçirdiğinde tüm askeri birimler tamamen iyileşir.</Text>
    </Row>
    <Row Tag="LOC_LEADER_CYRUS_NAME">
      <Text>Cyrus</Text>
    </Row>
    <Row Tag="LOC_TRAIT_LEADER_FALL_BABYLON_NAME">
      <Text>Babil'in Düşüşü</Text>
    </Row>
    <Row Tag="LOC_TRAIT_LEADER_FALL_BABYLON_DESCRIPTION">
      <Text>Büyük bir medeniyete Sürpriz Savaş ilan ettikten sonraki ilk 10 tur için +2 [ICON_Movement] Hareket. İşgal altındaki şehirlerde verim için ceza yoktur. Sürpriz Savaş ilan etmek sadece savaş kışkırtıcılığı ve savaş yorgunluğu amacıyla Resmi Savaş olarak sayılır.</Text>
    </Row>
    <!-- Building Info-->
    <Row Tag="LOC_BUILDING_BASILIKOI_PAIDES_NAME">
      <Text>Basilikoi Paides</Text>
    </Row>
    <Row Tag="LOC_BUILDING_BASILIKOI_PAIDES_DESCRIPTION">
      <Text>Makedonya'ya özgü bir bina Bu şehirde eğitilen tüm yakın dövüş, menzilli kara birimleri ve Hetairoi için +%25 savaş deneyimi. Bu şehirde sivil olmayan bir birim oluşturulduğunda birimin maliyetinin %25'ine eşit [ICON_SCIENCE] Bilim kazanın. [NEWLINE][NEWLINE]Halihazırda bir Ahırı olan bir Kamp bölgesinde inşa edilemez.</Text>
    </Row>
    <!-- Improvement Info-->
    <Row Tag="LOC_IMPROVEMENT_PAIRIDAEZA_NAME">
      <Text>Pairidaeza</Text>
    </Row>
    <Row Tag="LOC_IMPROVEMENT_PAIRIDAEZA_DESCRIPTION">
      <Text>Pers'e özgü bir Pairidaeza inşa etmek için İnşaatçı yeteneğinin kilidini açar. [NEWLINE][NEWLINE]+1 [ICON_CULTURE] Kültür ve +2 [ICON_GOLD] Altın. +1 Cazibe. Bitişik her Kutsal Alan ve Tiyatro Meydanı için +1 [ICON_CULTURE] Kültür. Her bir bitişik Ticari Merkez ve Şehir Merkezi için +1 [ICON_GOLD] Altın. Teknoloji ve Yurttaşlık Ağacında ilerledikçe ilave [ICON_Culture] Kültür ve [ICON_Tourism] Turizm. Kar, Tundra, Kar Tepeleri veya Tundra Tepeleri üzerine veya başka bir Pairidaeza'ya bitişik olarak inşa edilemez.</Text>
    </Row>
    <!-- Unit Info-->
    <Row Tag="LOC_UNIT_MACEDONIAN_HYPASPIST_NAME">
      <Text>Hipaspist</Text>
    </Row>
    <Row Tag="LOC_UNIT_MACEDONIAN_HETAIROI_NAME">
      <Text>Hetairoi</Text>
    </Row>
    <Row Tag="LOC_UNIT_PERSIAN_IMMORTAL_NAME">
      <Text>Ölümsüz</Text>
    </Row>
    <Row Tag="LOC_UNIT_MACEDONIAN_HYPASPIST_DESCRIPTION">
      <Text>Kılıç Ustası'nın yerini alan Makedonlara özgü yakın muharebe birimi. Bölgeleri kuşatırken +5 [ICON_Strength] Savaş Gücü. 50 Ek Destek Bonusu.</Text>
    </Row>
    <Row Tag="LOC_UNIT_MACEDONIAN_HETAIROI_DESCRIPTION">
      <Text>Süvarinin yerini alan Makedonlara özgü ağır süvari birimi. Bir Büyük General'e bitişik olduğunda ilave +5 [ICON_Strength] Savaş Gücü. Bir düşman birimi öldürüldüğünde +5 Büyük General puanı. 1 serbest Terfi ile başlar.</Text>
    </Row>
    <Row Tag="LOC_UNIT_PERSIAN_IMMORTAL_DESCRIPTION">
      <Text>Kılıç Ustası'nın yerini alan Perslere özgü yakın dövüş birimi. Menzilli saldırıya sahip yakın dövüş sınıfı birim, [ICON_Range] Menzil 2. Güçlü savunma gücü.</Text>
    </Row>
    <Row Tag="LOC_ABILITY_HYPASPIST_SIEGE_BONUS_DESCRIPTION">
      <Text>Bir bölgeyi kuşatırken +5</Text>
    </Row>
    <Row Tag="LOC_HETAIROI_GREAT_GENERAL_COMBAT_BONUS_DESCRIPTION">
      <Text>Komşu Büyük General'den +5 Savaş Bonusu</Text>
    </Row>
    <!-- Expansion 1 -->
    <Row Tag="LOC_TRAIT_LEADER_FALL_BABYLON_EXPANSION1_DESCRIPTION">
      <Text>Büyük bir uygarlığa Sürpriz Savaş ilan ettikten sonraki ilk 10 tur için +2 [ICON_Movement] Hareket. Garnizonlu bir birimin bulunduğu işgal altındaki şehirlerde tur başına +5 Sadakat. Sürpriz Savaş ilan etmek sadece savaş kışkırtıcılığı ve savaş yorgunluğu amacıyla Resmi Savaş olarak sayılır.</Text>
    </Row>
    <Row Tag="LOC_TRAIT_LEADER_HELLENISTIC_FUSION_EXPANSION1_DESCRIPTION">
      <Text>Serbest Şehir olmayan bir şehri fethederken, fethedilen şehirdeki her Kamp veya Yerleşke için bir [ICON_TechBoosted] Eureka ve her Kutsal Alan veya Tiyatro Meydanı için bir [ICON_CivicBoosted] İlham alın.</Text>
    </Row>
    <Row Tag="LOC_ABILITY_HYPASPIST_DESCRIPTION">
      <Text>Bölgeleri kuşatırken +5 [ICON_Strength] Savaş Gücü. [NEWLINE][ICON_Bullet] +%50 Destek Bonusu.</Text>
    </Row>
    <Row Tag="LOC_ABILITY_HETAIROI_DESCRIPTION">
      <Text>Bir Büyük General'e bitişik olduğunda +5 [ICON_Strength] Savaş Gücü. [NEWLINE][ICON_Bullet] Bir düşman birimi öldürüldüğünde +5 Büyük General puanı.</Text>
    </Row>
    <Row Tag="LOC_ABILITY_BASILIKOI_TRAINED_UNIT_XP_DESCRIPTION">
      <Text>Basilikoi Paides'ten Savaşta +%25 deneyim.</Text>
    </Row>
    <!-- Expansion 2 -->
    <Row Tag="LOC_TRAIT_LEADER_FALL_BABYLON_EXPANSION2_DESCRIPTION">
      <Text>Büyük bir uygarlığa Sürpriz Savaş ilan ettikten sonraki ilk 10 tur için +2 [ICON_Movement] Hareket. Garnizonlu bir birimin bulunduğu işgal altındaki şehirlerde tur başına +5 Sadakat. Sürpriz Savaş ilan etmek sadece [ICON_STAT_GRIEVANCE] Şikayet ve savaş kışkırtıcılığı amaçları doğrultusunda Resmi Savaş olarak sayılır.</Text>
    </Row>
    <Row Tag="LOC_BUILDING_BASILIKOI_PAIDES_EXPANSION2_DESCRIPTION">
      <Text>Makedonya'ya özgü bir bina Bu şehirde eğitilen tüm yakın dövüş, menzilli kara birimleri ve Hetairoi için +%25 savaş deneyimi. Bu şehirde sivil olmayan bir birim oluşturulduğunda birimin maliyetinin %25'ine eşit [ICON_SCIENCE] Bilim kazanın. [NEWLINE][NEWLINE]Stratejik Kaynak Stokları +10 arttı (Standart Hızda). [NEWLINE][NEWLINE]Zaten bir Ahırı olan bir Kamp bölgesinde inşa edilemez.</Text>
    </Row>
  </EnglishText>
</GameData>