﻿<?xml version="1.0" encoding="utf-8"?>
<!--Sid Meier's Civilization V -->
<!--Copyright Firaxis Games 2010 -->
<GameData>
  <Language_en_US>
    <!--General phrases -->
    <!--Greeting (first time meeting) -->
    <Row Tag="TXT_KEY_LEADER_GUSTAVUS_ADOLPHUS_FIRSTGREETING_1">
      <Text>Selam ve iyi karsilasmalar!  Ben Gustavus Adolphus, Isveç'in Altin Krali.  Müttefik olarak birlikte çalisabiliriz.</Text>
    </Row>
    <Row Tag="TXT_KEY_LEADER_GUSTAVUS_ADOLPHUS_FIRSTGREETING_2">
      <Text>Karlar Krali'nin topraklarina hos geldin yabanci.  Ben Gustavus Adolphus, sanli Vasa Hanedani'nin varisiyim.</Text>
    </Row>
    <Row Tag="TXT_KEY_LEADER_GUSTAVUS_ADOLPHUS_FIRSTGREETING_3">
      <Text>Ho, dünya sahnesine yeni gelen biri.  Selamlar, ben Gustavus Adolphus, Isveç'in ünlü krali. Sarayimda huzur içinde olun.</Text>
    </Row>
    <!--Reacts to his bluff being called -->
    <Row Tag="TXT_KEY_LEADER_GUSTAVUS_ADOLPHUS_WARBLUFF_1">
      <Text>Ha, sana verdigim krediden daha fazla aklin var gibi görünüyor.</Text>
    </Row>
    <Row Tag="TXT_KEY_LEADER_GUSTAVUS_ADOLPHUS_WARBLUFF_2">
      <Text>Dikkatli olun - gerçek niyetiniz kendini belli eder.</Text>
    </Row>
    <Row Tag="TXT_KEY_LEADER_GUSTAVUS_ADOLPHUS_WARBLUFF_3">
      <Text>Kahretsin, görünüse göre Oxenstierna senin hakkinda hakliymis.</Text>
    </Row>
    <!--Gloats after winning a war -->
    <Row Tag="TXT_KEY_LEADER_GUSTAVUS_ADOLPHUS_WINWAR_1">
      <Text>Tilly'nin bile yapamadigini yapip beni yenmeyi mi düsündün?  Ne küstahlik, ne aptallik!</Text>
    </Row>
    <Row Tag="TXT_KEY_LEADER_GUSTAVUS_ADOLPHUS_WINWAR_2">
      <Text>Güçlü Kaptan Gars için bir zafer daha. Diyorum ki, bu adamin terfiye ihtiyaci var.</Text>
    </Row>
    <!--Submissive after losing a war -->
    <Row Tag="TXT_KEY_LEADER_GUSTAVUS_ADOLPHUS_LOSEWAR_1">
      <Text>Hmph.  Sadece bir muharebeyi kazandiniz, tüm savasi degil.  Artik düsüncelerinizi biliyorum ve bir dahaki sefere daha iyi hazirlanacagim.</Text>
    </Row>
    <Row Tag="TXT_KEY_LEADER_GUSTAVUS_ADOLPHUS_LOSEWAR_2">
      <Text>Zaferin tadini çikarabiliyorken çikar, uzun sürmeyecek.  Hakkapeliitta tekrar at sürecek.</Text>
    </Row>
    <!--Defeated and removed from game -->
    <Row Tag="TXT_KEY_LEADER_GUSTAVUS_ADOLPHUS_DEFEATED_1">
      <Text>Tanrim, neden beni terk ettin?  Senin isini yapmiyor muydum? ... Nasil kaybetmis olabilirim?</Text>
    </Row>
    <Row Tag="TXT_KEY_LEADER_GUSTAVUS_ADOLPHUS_DEFEATED_2">
      <Text>Ben Vasa'yim, beni tamamen yok edemezsiniz.  Ben düssem de, Evimin ruhu devam ediyor ve sonsuza dek sizin için bir diken olacak.</Text>
    </Row>
    <Row Tag="TXT_KEY_LEADER_GUSTAVUS_ADOLPHUS_DEFEATED_3">
      <Text>Ben Isveç Kraliyim!  Topraklarimi, halkimi ve ülkemi alabilirsiniz ama Vasa Hanedani'na asla sahip olamazsiniz.</Text>
    </Row>
    <!--Neutral -->
    <!--Greetings (subsequent meetings) -->
    <Row Tag="TXT_KEY_LEADER_GUSTAVUS_ADOLPHUS_GREETING_1">
      <Text>Dolu.</Text>
    </Row>
    <Row Tag="TXT_KEY_LEADER_GUSTAVUS_ADOLPHUS_GREETING_2">
      <Text>Selamlar.</Text>
    </Row>
    <!--Goodbye -->
    <Row Tag="TXT_KEY_LEADER_GUSTAVUS_ADOLPHUS_GOODBYE_1">
      <Text>Tekrar görüsene kadar.</Text>
    </Row>
    <Row Tag="TXT_KEY_LEADER_GUSTAVUS_ADOLPHUS_GOODBYE_2">
      <Text>Güle güle.</Text>
    </Row>
    <!--Trade offer from player - yes -->
    <Row Tag="TXT_KEY_LEADER_GUSTAVUS_ADOLPHUS_TRADE_YES_NEUTRAL">
      <Text>Cok iyi.</Text>
    </Row>
    <!--Trade offer from player - sweeten the deal -->
    <Row Tag="TXT_KEY_LEADER_GUSTAVUS_ADOLPHUS_TRADE_NEEDMORE_NEUTRAL_1">
      <Text>Bu isin gidisatini çok begeniyorum, ancak hakkim olandan daha azini kabul etmeyecegim.</Text>
    </Row>
    <Row Tag="TXT_KEY_LEADER_GUSTAVUS_ADOLPHUS_TRADE_NEEDMORE_NEUTRAL_2">
      <Text>Biraz daha iyisini yapamaz misin?</Text>
    </Row>
    <Row Tag="TXT_KEY_LEADER_GUSTAVUS_ADOLPHUS_TRADE_NEEDMORE_NEUTRAL_3">
      <Text>Bu yeterince iyi degil.</Text>
    </Row>
    <Row Tag="TXT_KEY_LEADER_GUSTAVUS_ADOLPHUS_TRADE_NEEDMORE_NEUTRAL_4">
      <Text>Neredeyse...</Text>
    </Row>
    <!--Trade offer from player - no -->
    <Row Tag="TXT_KEY_LEADER_GUSTAVUS_ADOLPHUS_TRADE_NO_NEUTRAL">
      <Text>Ilgilenmiyorum.</Text>
    </Row>
    <!--Demand for tribute from player - yes -->
    <Row Tag="TXT_KEY_LEADER_GUSTAVUS_ADOLPHUS_TRIBUTE_YES_NEUTRAL">
      <Text>Kabullenmenin de savasmanin da bir zamani vardir.  Ben su anda ilkini seçiyorum, ancak bu her zaman böyle olmayabilir.</Text>
    </Row>
    <!--Demand for tribute from player - no -->
    <Row Tag="TXT_KEY_LEADER_GUSTAVUS_ADOLPHUS_TRIBUTE_NO_NEUTRAL">
      <Text>Böyle bir talebi kabul edersem Tanri'nin karsisina vicdanim rahat bir sekilde çikamam.</Text>
    </Row>
    <!--Requests a trade -->
    <Row Tag="TXT_KEY_LEADER_GUSTAVUS_ADOLPHUS_TRADEREQUEST_NEUTRAL">
      <Text>Kabul edilebilir, hatta belki de mutabik kalabileceginiz bir anlasma üzerinde çalistigima inaniyorum.</Text>
    </Row>
    <!--Demands tribute -->
    <Row Tag="TXT_KEY_LEADER_GUSTAVUS_ADOLPHUS_DEMANDTRIBUTE_NEUTRAL">
      <Text>Dogru ve iyi olani yapma çabalarimiz herkesin, hatta sizin bile yardiminizi gerektirmektedir.</Text>
    </Row>
    <!--Agrees -->
    <Row Tag="TXT_KEY_LEADER_GUSTAVUS_ADOLPHUS_AGREE_SHORT_1">
      <Text>Tamam.</Text>
    </Row>
    <Row Tag="TXT_KEY_LEADER_GUSTAVUS_ADOLPHUS_AGREE_SHORT_2">
      <Text>Cok iyi.</Text>
    </Row>
    <!--Disagrees -->
    <Row Tag="TXT_KEY_LEADER_GUSTAVUS_ADOLPHUS_DISAGREE_SHORT_1">
      <Text>Reddetmek zorundayim.</Text>
    </Row>
    <Row Tag="TXT_KEY_LEADER_GUSTAVUS_ADOLPHUS_DISAGREE_SHORT_2">
      <Text>Hayir, tabii ki degil.</Text>
    </Row>
    <!--Let's hear it -->
    <Row Tag="TXT_KEY_LEADER_GUSTAVUS_ADOLPHUS_LETSHEARIT_1">
      <Text>Duyalim bakalim.</Text>
    </Row>
    <Row Tag="TXT_KEY_LEADER_GUSTAVUS_ADOLPHUS_LETSHEARIT_2">
      <Text>Devam et.</Text>
    </Row>
    <!--Happy -->
    <!--Greetings (subsequent meetings) -->
    <Row Tag="TXT_KEY_LEADER_GUSTAVUS_ADOLPHUS_GREETING_3">
      <Text>Hos geldiniz.</Text>
    </Row>
    <Row Tag="TXT_KEY_LEADER_GUSTAVUS_ADOLPHUS_GREETING_4">
      <Text>Iyi günler, dostum.</Text>
    </Row>
    <!--Goodbye -->
    <Row Tag="TXT_KEY_LEADER_GUSTAVUS_ADOLPHUS_GOODBYE_3">
      <Text>Elveda.</Text>
    </Row>
    <Row Tag="TXT_KEY_LEADER_GUSTAVUS_ADOLPHUS_GOODBYE_4">
      <Text>Güle güle.</Text>
    </Row>
    <!--Trade offer from player - yes -->
    <Row Tag="TXT_KEY_LEADER_GUSTAVUS_ADOLPHUS_TRADE_YES_HAPPY">
      <Text>Anlastik!</Text>
    </Row>
    <!--Trade offer from player - sweeten the deal -->
    <Row Tag="TXT_KEY_LEADER_GUSTAVUS_ADOLPHUS_TRADE_NEEDMORE_HAPPY_1">
      <Text>Ha, soylularim sik sik birbirlerine karsi bu tür planlar dener, ama bende ise yaramaz dostum.</Text>
    </Row>
    <Row Tag="TXT_KEY_LEADER_GUSTAVUS_ADOLPHUS_TRADE_NEEDMORE_HAPPY_2">
      <Text>Hadi ama, yapabileceginin en iyisi bu mu?</Text>
    </Row>
    <Row Tag="TXT_KEY_LEADER_GUSTAVUS_ADOLPHUS_TRADE_NEEDMORE_HAPPY_3">
      <Text>Neredeyse vardin.</Text>
    </Row>
    <!--Trade offer from player - no -->
    <Row Tag="TXT_KEY_LEADER_GUSTAVUS_ADOLPHUS_TRADE_NO_HAPPY">
      <Text>Tesekkürler, ama bu sefer degil.</Text>
    </Row>
    <!--Demand for tribute from player - yes -->
    <Row Tag="TXT_KEY_LEADER_GUSTAVUS_ADOLPHUS_TRIBUTE_YES_HAPPY">
      <Text>Yardim talebiniz memnuniyetle karsilanir, çünkü ihtiyacinizin adil olduguna inaniyorum.</Text>
    </Row>
    <!--Demand for tribute from player - no -->
    <Row Tag="TXT_KEY_LEADER_GUSTAVUS_ADOLPHUS_TRIBUTE_NO_HAPPY">
      <Text>Su anda yardimci olamadigim için çok üzgünüm dostum.</Text>
    </Row>
    <!--Requests a trade -->
    <Row Tag="TXT_KEY_LEADER_GUSTAVUS_ADOLPHUS_TRADEREQUEST_HAPPY">
      <Text>Dostum, bu anlasmadan her iki halkin da kazançli çikacagina inaniyorum.</Text>
    </Row>
    <!--Demands tribute -->
    <Row Tag="TXT_KEY_LEADER_GUSTAVUS_ADOLPHUS_DEMANDTRIBUTE_HAPPY">
      <Text>Su andaki yardiminiz büyük bir takdirle karsilanmaktadir ve süphesiz gelecekte de geri dönecektir.</Text>
    </Row>
    <!--Agrees -->
    <Row Tag="TXT_KEY_LEADER_GUSTAVUS_ADOLPHUS_AGREE_SHORT_3">
      <Text>Kesinlikle.</Text>
    </Row>
    <Row Tag="TXT_KEY_LEADER_GUSTAVUS_ADOLPHUS_AGREE_SHORT_4">
      <Text>Kabul edildi.</Text>
    </Row>
    <Row Tag="TXT_KEY_LEADER_GUSTAVUS_ADOLPHUS_AGREE_SHORT_5">
      <Text>Mükemmel.</Text>
    </Row>
    <!--Disagrees -->
    <Row Tag="TXT_KEY_LEADER_GUSTAVUS_ADOLPHUS_DISAGREE_SHORT_3">
      <Text>Kesinlikle olmaz.</Text>
    </Row>
    <Row Tag="TXT_KEY_LEADER_GUSTAVUS_ADOLPHUS_DISAGREE_SHORT_4">
      <Text>Reddetmeliyiz.</Text>
    </Row>
    <!--Let's hear it -->
    <Row Tag="TXT_KEY_LEADER_GUSTAVUS_ADOLPHUS_LETSHEARIT_3">
      <Text>Devam et.</Text>
    </Row>
    <Row Tag="TXT_KEY_LEADER_GUSTAVUS_ADOLPHUS_LETSHEARIT_4">
      <Text>Dinliyorum.</Text>
    </Row>
    <!--Angry -->
    <!--Greetings (subsequent meetings) -->
    <Row Tag="TXT_KEY_LEADER_GUSTAVUS_ADOLPHUS_GREETING_5">
      <Text>Eee?</Text>
    </Row>
    <Row Tag="TXT_KEY_LEADER_GUSTAVUS_ADOLPHUS_GREETING_6">
      <Text>Ne istiyorsun?</Text>
    </Row>
    <!--Goodbye -->
    <Row Tag="TXT_KEY_LEADER_GUSTAVUS_ADOLPHUS_GOODBYE_5">
      <Text>Hepsi bu kadar.</Text>
    </Row>
    <Row Tag="TXT_KEY_LEADER_GUSTAVUS_ADOLPHUS_GOODBYE_6">
      <Text>Git basimdan.</Text>
    </Row>
    <!--Trade offer from player - yes -->
    <Row Tag="TXT_KEY_LEADER_GUSTAVUS_ADOLPHUS_TRADE_YES_ANGRY">
      <Text>Anlastik.</Text>
    </Row>
    <!--Trade offer from player - sweeten the deal -->
    <Row Tag="TXT_KEY_LEADER_GUSTAVUS_ADOLPHUS_TRADE_NEEDMORE_ANGRY_1">
      <Text>Wallenstein bile bu kadar alçalmazdi.  Ben senin kafatasini düzeltmeden önce sen teklifini düzelt.</Text>
    </Row>
    <Row Tag="TXT_KEY_LEADER_GUSTAVUS_ADOLPHUS_TRADE_NEEDMORE_ANGRY_2">
      <Text>Bu yeterince iyi degil.</Text>
    </Row>
    <Row Tag="TXT_KEY_LEADER_GUSTAVUS_ADOLPHUS_TRADE_NEEDMORE_ANGRY_3">
      <Text>Bundan daha iyisini yapmalisin.</Text>
    </Row>
    <Row Tag="TXT_KEY_LEADER_GUSTAVUS_ADOLPHUS_TRADE_NEEDMORE_ANGRY_4">
      <Text>Neredeyse...</Text>
    </Row>
    <!--Trade offer from player - no -->
    <Row Tag="TXT_KEY_LEADER_GUSTAVUS_ADOLPHUS_TRADE_NO_ANGRY">
      <Text>Size deli gibi mi görünüyorum?  Böyle saldirgan bir talepte bulundugunuza göre öyle olmaliyim.</Text>
    </Row>
    <!--Demand for tribute from player - yes -->
    <Row Tag="TXT_KEY_LEADER_GUSTAVUS_ADOLPHUS_TRIBUTE_YES_ANGRY">
      <Text>Küstahliginizin siniri yok.  Sadece halkimi güvende tutmak için taleplerinizi kabul edecegim.</Text>
    </Row>
    <!--Demand for tribute from player - no -->
    <Row Tag="TXT_KEY_LEADER_GUSTAVUS_ADOLPHUS_TRIBUTE_NO_ANGRY">
      <Text>Ben Vasa'yim.  Küstahliginiz sadece bana degil, benden önce gelen herkese hakarettir.</Text>
    </Row>
    <!--Requests a trade -->
    <Row Tag="TXT_KEY_LEADER_GUSTAVUS_ADOLPHUS_TRADEREQUEST_ANGRY">
      <Text>Tasrayi senin kaninla boyamayi tercih ederdim ama ne kadar üzücü olursa olsun yapmam gerekeni yapiyorum.</Text>
    </Row>
    <!--Demands tribute -->
    <Row Tag="TXT_KEY_LEADER_GUSTAVUS_ADOLPHUS_DEMANDTRIBUTE_ANGRY">
      <Text>Eger taleplerimi kabul ederseniz, son zamanlarda yaptiginiz bazi haksizliklari görmezden gelebilirim.</Text>
    </Row>
    <!--Disagrees -->
    <Row Tag="TXT_KEY_LEADER_GUSTAVUS_ADOLPHUS_DISAGREE_SHORT_5">
      <Text>Tabii ki hayir.</Text>
    </Row>
    <Row Tag="TXT_KEY_LEADER_GUSTAVUS_ADOLPHUS_DISAGREE_SHORT_6">
      <Text>Bu kabul edilemez.</Text>
    </Row>
    <Row Tag="TXT_KEY_LEADER_GUSTAVUS_ADOLPHUS_DISAGREE_SHORT_7">
      <Text>Ciddi olamazsin!</Text>
    </Row>
    <!--Let's hear it -->
    <Row Tag="TXT_KEY_LEADER_GUSTAVUS_ADOLPHUS_LETSHEARIT_5">
      <Text>Simdi ne olacak?</Text>
    </Row>
    <Row Tag="TXT_KEY_LEADER_GUSTAVUS_ADOLPHUS_DECLAREWAR_1">
      <Text>Ben Isveç Kraliyim! Ve bugün, kirilmis ve kederli halklarinizin adaletsizliklerini kaninizla mühürlüyorum. Sonunuz geldi.</Text>
    </Row>
    <Row Tag="TXT_KEY_LEADER_GUSTAVUS_ADOLPHUS_DECLAREWAR_2">
      <Text>Hakkapeliitta bir kez daha at sürecek - adamlariniz süvarilerimin hücumunu görür görmez kirilacak.  Tanrim!</Text>
    </Row>
    <Row Tag="TXT_KEY_LEADER_GUSTAVUS_ADOLPHUS_DECLAREWAR_3">
      <Text>Tanri ve muzaffer silahlarla kokunuzu bu topraklardan söküp atacagim. Bilin ki Kuzey'in Aslani simdi sizin için geliyor.</Text>
    </Row>
    <Row Tag="TXT_KEY_LEADER_GUSTAVUS_ADOLPHUS_ATTACKED_1">
      <Text>Haha! Kaptan Gars yeniden savasa gittigini duyunca çok sevinecek! Bu harika firsat için tesekkürler - kendinizi yikima hazirlayin.</Text>
    </Row>
    <Row Tag="TXT_KEY_LEADER_GUSTAVUS_ADOLPHUS_ATTACKED_2">
      <Text>Bu ne igrenç bir kalleslik? Wallenstein'dan beri su anda sergilediginiz gibi igrenç bir davranis görmedim.  Buna izin verilmeyecek.</Text>
    </Row>
    <Row Tag="TXT_KEY_LEADER_GUSTAVUS_ADOLPHUS_ATTACKED_3">
      <Text>Doymak bilmeyen açgözlülügünüze ve güç arzunuza lanet olsun!  Barbarliginizi yeryüzünden silip süpürecegim!</Text>
    </Row>
  </Language_en_US>
</GameData>