﻿<?xml version="1.0" encoding="utf-8"?>
<!--Sid Meier's Civilization V -->
<!--Copyright Firaxis Games 2010 -->
<GameData>
  <Language_en_US>
    <!--General phrases -->
    <!--Greeting (first time meeting) -->
    <Row Tag="TXT_KEY_LEADER_MARIA_FIRSTGREETING_1">
      <Text>Romalilarin Dowager Imparatoriçesi, Macaristan Kraliçesi ve Avusturya Arsidüsesi sizi selamliyor. Söylesene, tiyatroyu sever misin?</Text>
    </Row>
    <Row Tag="TXT_KEY_LEADER_MARIA_FIRSTGREETING_2">
      <Text>Demek sarayimda aylak aylak dolasan sizdiniz.  Sanirim Avusturya'ya hos geldiniz demeliyim ama burada o kadar uzun süre kalacaginizi sanmiyorum.</Text>
    </Row>
    <Row Tag="TXT_KEY_LEADER_MARIA_FIRSTGREETING_3">
      <Text>Wendish Mark'in Leydisi, zat-i alinizi - Oh, hadi su isi bitirelim. Saat 4'te ögle yemegim var.</Text>
    </Row>
    <!--Reacts to his bluff being called -->
    <Row Tag="TXT_KEY_LEADER_MARIA_WARBLUFF_1">
      <Text>Akil almaz. Tek kelimeyle mantiksiz.</Text>
    </Row>
    <Row Tag="TXT_KEY_LEADER_MARIA_WARBLUFF_2">
      <Text>Bir Imparatoriçe'nin önünde böyle mi davranilir?</Text>
    </Row>
    <Row Tag="TXT_KEY_LEADER_MARIA_WARBLUFF_3">
      <Text>Ne kadar aptalsin.</Text>
    </Row>
    <!--Gloats after winning a war -->
    <Row Tag="TXT_KEY_LEADER_MARIA_WINWAR_1">
      <Text>Güzel bir zafer oldugunu söylemeliyim. Sanirim yenilginizin ayrintilarini kaydetmek için bir opera siparis edecegim.</Text>
    </Row>
    <Row Tag="TXT_KEY_LEADER_MARIA_WINWAR_2">
      <Text>Umarim simdi kendinizden memnunsunuzdur.  Tüm bu aptalca durusa ragmen, görünüse göre hiçbir sey desteklemiyor.</Text>
    </Row>
    <!--Submissive after losing a war -->
    <Row Tag="TXT_KEY_LEADER_MARIA_LOSEWAR_1">
      <Text>Sen, seni... kötü hayvan!  Isyanci Prusyalilar kadar medeniyetsizsin!</Text>
    </Row>
    <Row Tag="TXT_KEY_LEADER_MARIA_LOSEWAR_2">
      <Text>Küçük bir kayip, üzülecek bir sey degil.  Daha kötülerini yasadim ve atlattim.</Text>
    </Row>
    <!--Defeated and removed from game -->
    <Row Tag="TXT_KEY_LEADER_MARIA_DEFEATED_1">
      <Text>Yasliliktan dogan güzellige ve bilgelige deger vermeyen bu dünya ne zavalli bir yer haline geldi.  Onu terk ettigim için neredeyse mutluyum.</Text>
    </Row>
    <Row Tag="TXT_KEY_LEADER_MARIA_DEFEATED_2">
      <Text>Ah aci ve keder sana, igrenç ve zalim canavar.  Perdem düstü, sahne karardi.  Isik solmusken nasil devam edebiliriz?</Text>
    </Row>
    <Row Tag="TXT_KEY_LEADER_MARIA_DEFEATED_3">
      <Text>Habsburg Hanedani bugün sona erdi, gururlu ve asil bir hanedan sonsuza dek yikildi. Sadece kalpsizler, bunun tek sebebinin kendileri oldugunu bilerek geceleri uyuyabilir.</Text>
    </Row>
    <!--Neutral -->
    <!--Greetings (subsequent meetings) -->
    <Row Tag="TXT_KEY_LEADER_MARIA_GREETING_1">
      <Text>Size iyi günler.</Text>
    </Row>
    <Row Tag="TXT_KEY_LEADER_MARIA_GREETING_2">
      <Text>Selamlar.</Text>
    </Row>
    <!--Goodbye -->
    <Row Tag="TXT_KEY_LEADER_MARIA_GOODBYE_1">
      <Text>Tekrar görüsene kadar.</Text>
    </Row>
    <Row Tag="TXT_KEY_LEADER_MARIA_GOODBYE_2">
      <Text>Güle güle.</Text>
    </Row>
    <!--Trade offer from player - yes -->
    <Row Tag="TXT_KEY_LEADER_MARIA_TRADE_YES_NEUTRAL">
      <Text>Cok iyi.</Text>
    </Row>
    <!--Trade offer from player - sweeten the deal -->
    <Row Tag="TXT_KEY_LEADER_MARIA_TRADE_NEEDMORE_NEUTRAL_1">
      <Text>Belki, ama bunun üzerinde biraz daha düsünmem gerekecek.  Tabii teklifi biraz daha tatlandirmak istemiyorsan, canim?</Text>
    </Row>
    <Row Tag="TXT_KEY_LEADER_MARIA_TRADE_NEEDMORE_NEUTRAL_2">
      <Text>Biraz daha iyisini yapabilir misin?</Text>
    </Row>
    <Row Tag="TXT_KEY_LEADER_MARIA_TRADE_NEEDMORE_NEUTRAL_3">
      <Text>Bu yeterince iyi degil.</Text>
    </Row>
    <Row Tag="TXT_KEY_LEADER_MARIA_TRADE_NEEDMORE_NEUTRAL_4">
      <Text>Neredeyse...</Text>
    </Row>
    <!--Trade offer from player - no -->
    <Row Tag="TXT_KEY_LEADER_MARIA_TRADE_NO_NEUTRAL">
      <Text>Ilgilenmiyorum.</Text>
    </Row>
    <!--Demand for tribute from player - yes -->
    <Row Tag="TXT_KEY_LEADER_MARIA_TRIBUTE_YES_NEUTRAL">
      <Text>Oldukça küstahsin, ama senden hoslandigimi fark ettim - bir süreligine.  Al, ama bir daha sorma.</Text>
    </Row>
    <!--Demand for tribute from player - no -->
    <Row Tag="TXT_KEY_LEADER_MARIA_TRIBUTE_NO_NEUTRAL">
      <Text>Canim, biraz daha açik konusman gerekecek - kulaklarim biraz hassas.  Seni yanlis duyduguma eminim.</Text>
    </Row>
    <!--Requests a trade -->
    <Row Tag="TXT_KEY_LEADER_MARIA_TRADEREQUEST_NEUTRAL">
      <Text>Seni yeni damasklarima bakarken gördüm.  Adaletsiz bir kadin oldugum asla söylenmesin. Bir anlasma yapalim.</Text>
    </Row>
    <!--Demands tribute -->
    <Row Tag="TXT_KEY_LEADER_MARIA_DEMANDTRIBUTE_NEUTRAL">
      <Text>Tamam, simdi gelin.  Kraliyet tiyatrosunun yeni bir çatiya, hastanenin de asiya ihtiyaci var.  Ne kadar bagis yapabileceginizi söylemistiniz?</Text>
    </Row>
    <!--Agrees -->
    <Row Tag="TXT_KEY_LEADER_MARIA_AGREE_SHORT_1">
      <Text>Tamam.</Text>
    </Row>
    <Row Tag="TXT_KEY_LEADER_MARIA_AGREE_SHORT_2">
      <Text>Cok iyi.</Text>
    </Row>
    <!--Disagrees -->
    <Row Tag="TXT_KEY_LEADER_MARIA_DISAGREE_SHORT_1">
      <Text>Reddetmek zorundayim.</Text>
    </Row>
    <Row Tag="TXT_KEY_LEADER_MARIA_DISAGREE_SHORT_2">
      <Text>Hayir.</Text>
    </Row>
    <!--Let's hear it -->
    <Row Tag="TXT_KEY_LEADER_MARIA_LETSHEARIT_1">
      <Text>Duyalim bakalim.</Text>
    </Row>
    <Row Tag="TXT_KEY_LEADER_MARIA_LETSHEARIT_2">
      <Text>Devam et.</Text>
    </Row>
    <!--Happy -->
    <!--Greetings (subsequent meetings) -->
    <Row Tag="TXT_KEY_LEADER_MARIA_GREETING_3">
      <Text>Hos geldiniz.</Text>
    </Row>
    <Row Tag="TXT_KEY_LEADER_MARIA_GREETING_4">
      <Text>Her zamanki gibi bir zevk.</Text>
    </Row>
    <!--Goodbye -->
    <Row Tag="TXT_KEY_LEADER_MARIA_GOODBYE_3">
      <Text>Elveda.</Text>
    </Row>
    <Row Tag="TXT_KEY_LEADER_MARIA_GOODBYE_4">
      <Text>Güle güle.</Text>
    </Row>
    <!--Trade offer from player - yes -->
    <Row Tag="TXT_KEY_LEADER_MARIA_TRADE_YES_HAPPY">
      <Text>Anlastik.</Text>
    </Row>
    <!--Trade offer from player - sweeten the deal -->
    <Row Tag="TXT_KEY_LEADER_MARIA_TRADE_NEEDMORE_HAPPY_1">
      <Text>Canim, bu basitçe olmaz.  Cinsiyetim nedeniyle zaten sorgulanmakta olan kurallarimin bu gibi seylerin yardimina ihtiyaci yok.</Text>
    </Row>
    <Row Tag="TXT_KEY_LEADER_MARIA_TRADE_NEEDMORE_HAPPY_2">
      <Text>Yapabileceginin en iyisi bu mu?</Text>
    </Row>
    <Row Tag="TXT_KEY_LEADER_MARIA_TRADE_NEEDMORE_HAPPY_3">
      <Text>Neredeyse vardin.</Text>
    </Row>
    <!--Trade offer from player - no -->
    <Row Tag="TXT_KEY_LEADER_MARIA_TRADE_NO_HAPPY">
      <Text>Tesekkürler, ama hayir.</Text>
    </Row>
    <!--Demand for tribute from player - yes -->
    <Row Tag="TXT_KEY_LEADER_MARIA_TRIBUTE_YES_HAPPY">
      <Text>Sanirim en sevdigim küçük saray mensubuna biraz ayirabilirim. Simdi git.</Text>
    </Row>
    <!--Demand for tribute from player - no -->
    <Row Tag="TXT_KEY_LEADER_MARIA_TRIBUTE_NO_HAPPY">
      <Text>Canim, yazdigin o aptal mektubu aldim. Yanlislikla bana göndermis olmalisin, çünkü böyle bir seyi asla istemeyecegini biliyorum.</Text>
    </Row>
    <!--Requests a trade -->
    <Row Tag="TXT_KEY_LEADER_MARIA_TRADEREQUEST_HAPPY">
      <Text>Bu son modayi kendi ülkenizde görmek için can attiginizi biliyorum!</Text>
    </Row>
    <!--Demands tribute -->
    <Row Tag="TXT_KEY_LEADER_MARIA_DEMANDTRIBUTE_HAPPY">
      <Text>Gelin, zavalli bir dul kadina sikintili ve muhtaç zamaninda yardim edin.</Text>
    </Row>
    <!--Agrees -->
    <Row Tag="TXT_KEY_LEADER_MARIA_AGREE_SHORT_3">
      <Text>Kesinlikle.</Text>
    </Row>
    <!--Disagrees -->
    <Row Tag="TXT_KEY_LEADER_MARIA_DISAGREE_SHORT_3">
      <Text>Kesinlikle olmaz.</Text>
    </Row>
    <Row Tag="TXT_KEY_LEADER_MARIA_DISAGREE_SHORT_4">
      <Text>Reddediyoruz.</Text>
    </Row>
    <!--Let's hear it -->
    <Row Tag="TXT_KEY_LEADER_MARIA_LETSHEARIT_3">
      <Text>Devam edin.</Text>
    </Row>
    <Row Tag="TXT_KEY_LEADER_MARIA_LETSHEARIT_4">
      <Text>Dinliyorum.</Text>
    </Row>
    <!--Angry -->
    <!--Greetings (subsequent meetings) -->
    <Row Tag="TXT_KEY_LEADER_MARIA_GREETING_5">
      <Text>Eee?</Text>
    </Row>
    <Row Tag="TXT_KEY_LEADER_MARIA_GREETING_6">
      <Text>Ne istiyorsun?</Text>
    </Row>
    <!--Goodbye -->
    <Row Tag="TXT_KEY_LEADER_MARIA_GOODBYE_5">
      <Text>Hepsi bu kadar.</Text>
    </Row>
    <Row Tag="TXT_KEY_LEADER_MARIA_GOODBYE_6">
      <Text>Simdi git buradan.</Text>
    </Row>
    <!--Trade offer from player - yes -->
    <Row Tag="TXT_KEY_LEADER_MARIA_TRADE_YES_ANGRY">
      <Text>Anlastik.</Text>
    </Row>
    <!--Trade offer from player - sweeten the deal -->
    <Row Tag="TXT_KEY_LEADER_MARIA_TRADE_NEEDMORE_ANGRY_1">
      <Text>Senin soludugun havadan daha uzun süredir hükümdarlik yapiyorum, çocugum. Böyle bir saçmaliga kanmayacagim.</Text>
    </Row>
    <Row Tag="TXT_KEY_LEADER_MARIA_TRADE_NEEDMORE_ANGRY_2">
      <Text>Bu yeterince iyi degil.</Text>
    </Row>
    <Row Tag="TXT_KEY_LEADER_MARIA_TRADE_NEEDMORE_ANGRY_3">
      <Text>Bundan daha iyisini yapmalisin.</Text>
    </Row>
    <Row Tag="TXT_KEY_LEADER_MARIA_TRADE_NEEDMORE_ANGRY_4">
      <Text>Neredeyse...</Text>
    </Row>
    <!--Trade offer from player - no -->
    <Row Tag="TXT_KEY_LEADER_MARIA_TRADE_NO_ANGRY">
      <Text>Bu nasil bir soytariliktir? Zamanimi bosa harciyor ve sabrimi zorluyorsunuz.</Text>
    </Row>
    <!--Demand for tribute from player - yes -->
    <Row Tag="TXT_KEY_LEADER_MARIA_TRIBUTE_YES_ANGRY">
      <Text>Zamanla bunun bedelini ödeyeceksin, seni küçük beyinli hirsiz.</Text>
    </Row>
    <!--Demand for tribute from player - no -->
    <Row Tag="TXT_KEY_LEADER_MARIA_TRIBUTE_NO_ANGRY">
      <Text>Seni yüzüne karsi reddetmek beni ne kadar mutlu ediyor.  Cikarken oda kapisinin sana çarpmasina izin verme.</Text>
    </Row>
    <!--Requests a trade -->
    <Row Tag="TXT_KEY_LEADER_MARIA_TRADEREQUEST_ANGRY">
      <Text>Danismanlarim bunu size sormam için israr ediyor.  Söyle bana, saray memurlarima rüsvet vermek gibi bir aliskanligin var mi?</Text>
    </Row>
    <!--Demands tribute -->
    <Row Tag="TXT_KEY_LEADER_MARIA_DEMANDTRIBUTE_ANGRY">
      <Text>Eger buna degecek bir sey yaparsaniz, Avusturya büyük ilgisini baska bir yere çevirecektir.  Kolin'den gelen son raporlari gördünüz mü?</Text>
    </Row>
    <!--Agrees -->
    <Row Tag="TXT_KEY_LEADER_MARIA_AGREE_SHORT_4">
      <Text>Sanirim yapmaliyim.</Text>
    </Row>
    <!--Disagrees -->
    <Row Tag="TXT_KEY_LEADER_MARIA_DISAGREE_SHORT_5">
      <Text>Tabii ki hayir.</Text>
    </Row>
    <Row Tag="TXT_KEY_LEADER_MARIA_DISAGREE_SHORT_6">
      <Text>Bu kabul edilemez.</Text>
    </Row>
    <Row Tag="TXT_KEY_LEADER_MARIA_DISAGREE_SHORT_7">
      <Text>Ciddi olamazsin!</Text>
    </Row>
    <!--Let's hear it -->
    <Row Tag="TXT_KEY_LEADER_MARIA_LETSHEARIT_5">
      <Text>Ne diyordun?</Text>
    </Row>
    <Row Tag="TXT_KEY_LEADER_MARIA_DECLAREWAR_1">
      <Text>Avusturya bu hakaretlere daha fazla tahammül edemez!  Silahlanin, gururlu durun ve tamamen yok edilmenize hazirlanin.</Text>
    </Row>
    <Row Tag="TXT_KEY_LEADER_MARIA_DECLAREWAR_2">
      <Text>Islerin bu noktaya gelmesi üzücü ama bana baska seçenek birakmadiniz.  Bir dahaki sefere, kelimelerinizi daha akillica seçmeniz için yalvariyorum.</Text>
    </Row>
    <Row Tag="TXT_KEY_LEADER_MARIA_DECLAREWAR_3">
      <Text>Ne, sasirdin mi? Unvanlarimi ve topraklarimi nasil elde ettigimi düsündün? Kocam sayesinde mi?  Önemli degil, hatani hemen anlayacaksin.</Text>
    </Row>
    <Row Tag="TXT_KEY_LEADER_MARIA_ATTACKED_1">
      <Text>Seni büyük aptal!  Ordumun sayisi 100.000'in üzerindedir ve her biri iyi egitimli ve donanimlidir. Sonun acimasiz ve hizli olacak.</Text>
    </Row>
    <Row Tag="TXT_KEY_LEADER_MARIA_ATTACKED_2">
      <Text>Beni hafife alirsan, bu senin felaketin olur.  Ben Kutsal Roma Imparatoriçesi'yim - yüzyillarin cesareti ve yigitligi benim hakkim ve benim hünerim.</Text>
    </Row>
    <Row Tag="TXT_KEY_LEADER_MARIA_ATTACKED_3">
      <Text>Hangi çilgin yola girdiniz?  Ben basit bir es degilim, resim yapmaktan ve gün boyu hayal kurmaktan memnunum.  Cabucak ögreneceginiz gibi, kendi basima hükümdarim.</Text>
    </Row>
    <Row Tag="TXT_KEY_LEADER_MARIA_QUOTE_1">
      <Text>Tanrimla uyanikken bulusmak istiyorum.</Text>
    </Row>
  </Language_en_US>
</GameData>