﻿<?xml version="1.0" encoding="utf-8"?>
<!--Sid Meier's Civilization V -->
<!--Copyright Firaxis Games 2010 -->
<GameData>
  <Language_en_US>
    <!--General phrases -->
    <!--Greeting (first time meeting) -->
    <Row Tag="TXT_KEY_LEADER_ATTILA_FIRSTGREETING_1">
      <Text>Mundzuk'un oglu seni selamliyor. Topraklarimda hafifçe yürü, atimin demir toynaklarindan henüz güvende olabilirsin.</Text>
    </Row>
    <Row Tag="TXT_KEY_LEADER_ATTILA_FIRSTGREETING_2">
      <Text>Roma'nin belasi Attila'nin huzurundasiniz. Kibrin senin de sonun olmasina izin verme.</Text>
    </Row>
    <Row Tag="TXT_KEY_LEADER_ATTILA_FIRSTGREETING_3">
      <Text>Alanima hos geldin yabanci.  Ben Hun Attila'yim - bana karsi gelirken dikkatli olun yoksa servetiniz burada ayaklarimin dibinde son bulur.</Text>
    </Row>
    <!--Reacts to his bluff being called -->
    <Row Tag="TXT_KEY_LEADER_ATTILA_WARBLUFF_1">
      <Text>Kiminle ugrastiginizi unutmayin.</Text>
    </Row>
    <Row Tag="TXT_KEY_LEADER_ATTILA_WARBLUFF_2">
      <Text>Seflerimin omurgali olmasina önem veririm, ama siz çok fazla varsayimda bulunuyorsunuz.</Text>
    </Row>
    <Row Tag="TXT_KEY_LEADER_ATTILA_WARBLUFF_3">
      <Text>Bunu bir daha dene, ben de senin altinini zenginligime ekleyeyim.</Text>
    </Row>
    <!--Gloats after winning a war -->
    <Row Tag="TXT_KEY_LEADER_ATTILA_WINWAR_1">
      <Text>Bunun önlenebilecegini unutmayin. Halkiniz, kendini yok etmeye yönelik tekrarlanan girisimlerinizde sizi uzun süre desteklemeyecektir.</Text>
    </Row>
    <Row Tag="TXT_KEY_LEADER_ATTILA_WINWAR_2">
      <Text>Umarim dersini almissindir.  Belki de hatirlamani saglamak için seni en süslü gümüslerinden kurtarmaliyim.</Text>
    </Row>
    <!--Submissive after losing a war -->
    <Row Tag="TXT_KEY_LEADER_ATTILA_LOSEWAR_1">
      <Text>Yenilgiyi görmezden gelecek kadar gururlu degilim.  Sadece bir aptal bir zaferle övünür.</Text>
    </Row>
    <Row Tag="TXT_KEY_LEADER_ATTILA_LOSEWAR_2">
      <Text>Bazen en iyi hazirlik çabasina ragmen bir kayip yasanir.  Bir sonraki tur sizin için o kadar sorunsuz geçmeyebilir.</Text>
    </Row>
    <!--Defeated and removed from game -->
    <Row Tag="TXT_KEY_LEADER_ATTILA_DEFEATED_1">
      <Text>Halkim benim için gözyaslariyla degil, insanlarin kaniyla yas tutacak. Ben gitmis olabilirim, ama yerime biri gelecek.</Text>
    </Row>
    <Row Tag="TXT_KEY_LEADER_ATTILA_DEFEATED_2">
      <Text>Topraklarimi almis ve ordularimi dagitmis olabilirsin ama Hunlar gururlu ve güçlüdür.  Zayif bir hükümdari kabul etmezler.</Text>
    </Row>
    <Row Tag="TXT_KEY_LEADER_ATTILA_DEFEATED_3">
      <Text>Bir topragi zorla ele geçirmek kolaydir ama onu yönetmek kolay degildir.  Savasin yarisini kazandiniz, ama en zor kismi henüz gelmedi.</Text>
    </Row>
    <!--Neutral -->
    <!--Greetings (subsequent meetings) -->
    <Row Tag="TXT_KEY_LEADER_ATTILA_GREETING_1">
      <Text>Size iyi günler.</Text>
    </Row>
    <Row Tag="TXT_KEY_LEADER_ATTILA_GREETING_2">
      <Text>Selamlar.</Text>
    </Row>
    <!--Goodbye -->
    <Row Tag="TXT_KEY_LEADER_ATTILA_GOODBYE_1">
      <Text>Tekrar görüsene kadar.</Text>
    </Row>
    <Row Tag="TXT_KEY_LEADER_ATTILA_GOODBYE_2">
      <Text>Güle güle.</Text>
    </Row>
    <!--Trade offer from player - yes -->
    <Row Tag="TXT_KEY_LEADER_ATTILA_TRADE_YES_NEUTRAL">
      <Text>Iyi bir anlasma.</Text>
    </Row>
    <!--Trade offer from player - sweeten the deal -->
    <Row Tag="TXT_KEY_LEADER_ATTILA_TRADE_NEEDMORE_NEUTRAL_1">
      <Text>Bu ne adamlarimi ne de atlarimi besler. Teklifinizi gelistirin.</Text>
    </Row>
    <Row Tag="TXT_KEY_LEADER_ATTILA_TRADE_NEEDMORE_NEUTRAL_2">
      <Text>Biraz daha iyisini yapabilir misin?</Text>
    </Row>
    <Row Tag="TXT_KEY_LEADER_ATTILA_TRADE_NEEDMORE_NEUTRAL_3">
      <Text>Bu yeterince iyi degil.</Text>
    </Row>
    <Row Tag="TXT_KEY_LEADER_ATTILA_TRADE_NEEDMORE_NEUTRAL_4">
      <Text>Neredeyse...</Text>
    </Row>
    <!--Trade offer from player - no -->
    <Row Tag="TXT_KEY_LEADER_ATTILA_TRADE_NO_NEUTRAL">
      <Text>Ilgilenmiyorum.</Text>
    </Row>
    <!--Demand for tribute from player - yes -->
    <Row Tag="TXT_KEY_LEADER_ATTILA_TRIBUTE_YES_NEUTRAL">
      <Text>Dikkatime acilen baska bir yerde ihtiyaç duyuldugu için sevinin. Yoksa bu kadar bagislayici olmayabilirdim.</Text>
    </Row>
    <!--Demand for tribute from player - no -->
    <Row Tag="TXT_KEY_LEADER_ATTILA_TRIBUTE_NO_NEUTRAL">
      <Text>Pazarlik tekniklerini Romali hirsizlardan ögrenmise benziyorsun.  Hayir.</Text>
    </Row>
    <!--Requests a trade -->
    <Row Tag="TXT_KEY_LEADER_ATTILA_TRADEREQUEST_NEUTRAL">
      <Text>Ordumun erzaga ihtiyaci var - bu ikimiz için de kârli olabilir.</Text>
    </Row>
    <!--Demands tribute -->
    <Row Tag="TXT_KEY_LEADER_ATTILA_DEMANDTRIBUTE_NEUTRAL">
      <Text>Hrm, zenginlik yiginimin sikici olmaya basladigini hissediyorum.  Sen simdi ekleyebilirsin, ya da ben sonra seninkilerden istedigimi alabilirim.</Text>
    </Row>
    <!--Agrees -->
    <Row Tag="TXT_KEY_LEADER_ATTILA_AGREE_SHORT_1">
      <Text>Tamam.</Text>
    </Row>
    <Row Tag="TXT_KEY_LEADER_ATTILA_AGREE_SHORT_2">
      <Text>Cok iyi.</Text>
    </Row>
    <!--Disagrees -->
    <Row Tag="TXT_KEY_LEADER_ATTILA_DISAGREE_SHORT_1">
      <Text>Reddetmek zorundayim.</Text>
    </Row>
    <Row Tag="TXT_KEY_LEADER_ATTILA_DISAGREE_SHORT_2">
      <Text>Hayir.</Text>
    </Row>
    <!--Let's hear it -->
    <Row Tag="TXT_KEY_LEADER_ATTILA_LETSHEARIT_1">
      <Text>Duyalim bakalim.</Text>
    </Row>
    <Row Tag="TXT_KEY_LEADER_ATTILA_LETSHEARIT_2">
      <Text>Devam et.</Text>
    </Row>
    <!--Happy -->
    <!--Greetings (subsequent meetings) -->
    <Row Tag="TXT_KEY_LEADER_ATTILA_GREETING_3">
      <Text>Selamlar.</Text>
    </Row>
    <Row Tag="TXT_KEY_LEADER_ATTILA_GREETING_4">
      <Text>Hos geldiniz.</Text>
    </Row>
    <!--Goodbye -->
    <Row Tag="TXT_KEY_LEADER_ATTILA_GOODBYE_3">
      <Text>Tekrar görüsene kadar.</Text>
    </Row>
    <Row Tag="TXT_KEY_LEADER_ATTILA_GOODBYE_4">
      <Text>Elveda, dostum.</Text>
    </Row>
    <!--Trade offer from player - yes -->
    <Row Tag="TXT_KEY_LEADER_ATTILA_TRADE_YES_HAPPY">
      <Text>Saglam bir anlasma!</Text>
    </Row>
    <!--Trade offer from player - sweeten the deal -->
    <Row Tag="TXT_KEY_LEADER_ATTILA_TRADE_NEEDMORE_HAPPY_1">
      <Text>Romalilar bile böyle bir teklif sunmaya cesaret edemezdi.  Tekrar dene, dostum.</Text>
    </Row>
    <Row Tag="TXT_KEY_LEADER_ATTILA_TRADE_NEEDMORE_HAPPY_2">
      <Text>Biraz daha iyisini yapamaz misiniz?</Text>
    </Row>
    <Row Tag="TXT_KEY_LEADER_ATTILA_TRADE_NEEDMORE_HAPPY_3">
      <Text>Neredeyse vardin.</Text>
    </Row>
    <!--Trade offer from player - no -->
    <Row Tag="TXT_KEY_LEADER_ATTILA_TRADE_NO_HAPPY">
      <Text>Tesekkürler, ama biz almayalim.</Text>
    </Row>
    <!--Demand for tribute from player - yes -->
    <Row Tag="TXT_KEY_LEADER_ATTILA_TRIBUTE_YES_HAPPY">
      <Text>Neden, elbette.  Birine yardim etmek sonuçta hepimize yardimci olur.</Text>
    </Row>
    <!--Demand for tribute from player - no -->
    <Row Tag="TXT_KEY_LEADER_ATTILA_TRIBUTE_NO_HAPPY">
      <Text>Kaynaklarimin hepsi yurtdisina bagli.  Korkarim tek basinasiniz.</Text>
    </Row>
    <!--Demands tribute -->
    <Row Tag="TXT_KEY_LEADER_ATTILA_DEMANDTRIBUTE_HAPPY">
      <Text>Bakin, esyalariniz için onurlu bir yer ayirdim.  Böyle bir ayricaligi nasil reddedebilirsin?</Text>
    </Row>
    <!--Requests a trade -->
    <Row Tag="TXT_KEY_LEADER_ATTILA_TRADEREQUEST_HAPPY">
      <Text>Gelin, yapilacak çok büyük anlasmalar var!</Text>
    </Row>
    <!--Agrees -->
    <Row Tag="TXT_KEY_LEADER_ATTILA_AGREE_SHORT_3">
      <Text>Kesinlikle.</Text>
    </Row>
    <!--Disagrees -->
    <Row Tag="TXT_KEY_LEADER_ATTILA_DISAGREE_SHORT_3">
      <Text>Kesinlikle olmaz.</Text>
    </Row>
    <Row Tag="TXT_KEY_LEADER_ATTILA_DISAGREE_SHORT_4">
      <Text>Bu kabul edilemez.</Text>
    </Row>
    <!--Let's hear it -->
    <Row Tag="TXT_KEY_LEADER_ATTILA_LETSHEARIT_3">
      <Text>Devam edin.</Text>
    </Row>
    <Row Tag="TXT_KEY_LEADER_ATTILA_LETSHEARIT_4">
      <Text>Dinliyorum.</Text>
    </Row>
    <!--Angry -->
    <!--Greetings (subsequent meetings) -->
    <Row Tag="TXT_KEY_LEADER_ATTILA_GREETING_5">
      <Text>Oh, sensin.</Text>
    </Row>
    <Row Tag="TXT_KEY_LEADER_ATTILA_GREETING_6">
      <Text>Ne istiyorsun?</Text>
    </Row>
    <!--Goodbye -->
    <Row Tag="TXT_KEY_LEADER_ATTILA_GOODBYE_5">
      <Text>Hepsi bu kadar.</Text>
    </Row>
    <Row Tag="TXT_KEY_LEADER_ATTILA_GOODBYE_6">
      <Text>Simdi git buradan.</Text>
    </Row>
    <!--Trade offer from player - yes -->
    <Row Tag="TXT_KEY_LEADER_ATTILA_TRADE_YES_ANGRY">
      <Text>Anlastik.</Text>
    </Row>
    <!--Trade offer from player - sweeten the deal -->
    <Row Tag="TXT_KEY_LEADER_ATTILA_TRADE_NEEDMORE_ANGRY_1">
      <Text>Bogazimda safranin yükseldigini hissedebiliyorum, ancak danismanlarimin emriyle teklifinizi gelistirmenize izin verecegim.</Text>
    </Row>
    <Row Tag="TXT_KEY_LEADER_ATTILA_TRADE_NEEDMORE_ANGRY_2">
      <Text>Bu yeterince iyi degil.</Text>
    </Row>
    <Row Tag="TXT_KEY_LEADER_ATTILA_TRADE_NEEDMORE_ANGRY_3">
      <Text>Bundan daha iyisini yapmalisin.</Text>
    </Row>
    <Row Tag="TXT_KEY_LEADER_ATTILA_TRADE_NEEDMORE_ANGRY_4">
      <Text>Neredeyse...</Text>
    </Row>
    <!--Trade offer from player - no -->
    <Row Tag="TXT_KEY_LEADER_ATTILA_TRADE_NO_ANGRY">
      <Text>Kendi adamlarimin önünde benden çalmaya mi çalisiyorsun? Defol, dilenci!</Text>
    </Row>
    <!--Demand for tribute from player - yes -->
    <Row Tag="TXT_KEY_LEADER_ATTILA_TRIBUTE_YES_ANGRY">
      <Text>Su anda üstünlük sizde olabilir, ancak bu her zaman böyle olmayacaktir.</Text>
    </Row>
    <!--Demand for tribute from player - no -->
    <Row Tag="TXT_KEY_LEADER_ATTILA_TRIBUTE_NO_ANGRY">
      <Text>Dikkatli olun - bu aptallikla ölüm fermaninizi imzalamis olursunuz.</Text>
    </Row>
    <!--Demands tribute -->
    <Row Tag="TXT_KEY_LEADER_ATTILA_DEMANDTRIBUTE_ANGRY">
      <Text>Birikmis servetime katkida bulunacaksin.  Ayaklarimin yaninda bos bir yer var.</Text>
    </Row>
    <!--Requests a trade -->
    <Row Tag="TXT_KEY_LEADER_ATTILA_TRADEREQUEST_ANGRY">
      <Text>Bu hak ettiginizden daha iyi, ama adaletsiz bir adam oldugum söylenmesin.</Text>
    </Row>
    <!--Agrees -->
    <Row Tag="TXT_KEY_LEADER_ATTILA_AGREE_SHORT_4">
      <Text>Tamam. Anlastik.</Text>
    </Row>
    <!--Disagrees -->
    <Row Tag="TXT_KEY_LEADER_ATTILA_DISAGREE_SHORT_5">
      <Text>Sen delisin!</Text>
    </Row>
    <Row Tag="TXT_KEY_LEADER_ATTILA_DISAGREE_SHORT_6">
      <Text>Bu kabul edilemez.</Text>
    </Row>
    <Row Tag="TXT_KEY_LEADER_ATTILA_DISAGREE_SHORT_7">
      <Text>Ciddi olamazsin!</Text>
    </Row>
    <!--Let's hear it -->
    <Row Tag="TXT_KEY_LEADER_ATTILA_LETSHEARIT_5">
      <Text>Evet mi?</Text>
    </Row>
    <Row Tag="TXT_KEY_LEADER_ATTILA_DECLAREWAR_1">
      <Text>Honoria'nin baslik parasi ödenmeli!  Özgürce versen de vermesen de bu topraklar benim.</Text>
    </Row>
    <Row Tag="TXT_KEY_LEADER_ATTILA_DECLAREWAR_2">
      <Text>Roma'nin kuvvetleri ordumun kanatlarinda dal gibi kirildi, nasil dayanacaksiniz?  Atlilarim sizi topraga gömecek.</Text>
    </Row>
    <Row Tag="TXT_KEY_LEADER_ATTILA_DECLAREWAR_3">
      <Text>Bu tahttan sikildim.  Sanirim onun yerine seninkini almak istiyorum.</Text>
    </Row>
    <Row Tag="TXT_KEY_LEADER_ATTILA_ATTACKED_1">
      <Text>Lanet olsun sana, seni asagilik Romali! Gün bitmeden kelleni alacagim.</Text>
    </Row>
    <Row Tag="TXT_KEY_LEADER_ATTILA_ATTACKED_2">
      <Text>Bu ihaneti Roma'dan beklerdim, sizden degil. Önemli degil, hepinizin kani kirmizi.</Text>
    </Row>
    <Row Tag="TXT_KEY_LEADER_ATTILA_ATTACKED_3">
      <Text>Ise yaramaz oldugunu düsünmüstüm ama yanildigimi kanitladin.  Nasil ölünecegine dair mükemmel bir örnek oldun.</Text>
    </Row>
  </Language_en_US>
</GameData>