﻿<?xml version="1.0" encoding="utf-8"?>
<!--Sid Meier's Civilization V -->
<!--Copyright Firaxis Games 2010 -->
<GameData>
  <Language_en_US>
    <!--General phrases -->
    <!--Greeting (first time meeting) -->
    <Row Tag="TXT_KEY_LEADER_THEODORA_FIRSTGREETING_1">
      <Text>Ne hos bir sürpriz degil mi - sana nasil hitap edebilirim, ey gizemli yabanci?  Ben Theodora, Bizans'in sevgilisi.</Text>
    </Row>
    <Row Tag="TXT_KEY_LEADER_THEODORA_FIRSTGREETING_2">
      <Text>Ben Theodora, dünyanin tüm harikalarinin ve güzelliklerinin sahibesiyim.  Beni etkilersen yabanci, seni koleksiyonuma uygun bir üye olarak görebilirim.</Text>
    </Row>
    <Row Tag="TXT_KEY_LEADER_THEODORA_FIRSTGREETING_3">
      <Text>Birçok hayranim olmasina ragmen, siz konuklarimin en sayginlari arasindasiniz. Bana Theodora diyebilirsiniz, Bizans'in gözde Imparatoriçesi.</Text>
    </Row>
    <!--Reacts to his bluff being called -->
    <Row Tag="TXT_KEY_LEADER_THEODORA_WARBLUFF_1">
      <Text>Bir insanda biraz omurga görmek hosuma gidiyor.  Bu çok cesaret verici.</Text>
    </Row>
    <Row Tag="TXT_KEY_LEADER_THEODORA_WARBLUFF_2">
      <Text>Seni hafife almisim.  Bunu heyecan verici buluyorum.</Text>
    </Row>
    <Row Tag="TXT_KEY_LEADER_THEODORA_WARBLUFF_3">
      <Text>Bos ver.  Cazibeme karsi her zaman bu kadar dayanikli olmayacaksin.</Text>
    </Row>
    <!--Gloats after winning a war -->
    <Row Tag="TXT_KEY_LEADER_THEODORA_WINWAR_1">
      <Text>Bunun oldukça keyifli oldugunu söyleyebilirim, sizce de öyle degil mi?  Kazanmayi her zaman çok sevmisimdir.</Text>
    </Row>
    <Row Tag="TXT_KEY_LEADER_THEODORA_WINWAR_2">
      <Text>Umarim dersini almissindir. Seni cezalandirmak zorunda kalmaktan hiç hoslanmiyorum.</Text>
    </Row>
    <!--Submissive after losing a war -->
    <Row Tag="TXT_KEY_LEADER_THEODORA_LOSEWAR_1">
      <Text>Bu raundu kazanmis olabilirsiniz, ancak oyunu gerçekten anlayip anlamadiginizi merak ediyorum ...</Text>
    </Row>
    <Row Tag="TXT_KEY_LEADER_THEODORA_LOSEWAR_2">
      <Text>Tsk, her zaman kazanirsan hayat sikici olur.  Bakalim bu küçük firsatla ne yapacaksiniz.</Text>
    </Row>
    <!--Defeated and removed from game -->
    <Row Tag="TXT_KEY_LEADER_THEODORA_DEFEATED_1">
      <Text>Degisim rüzgarlari narin çiçekleri öldüren bir kiragi getirir. Bu ulusun en deger verdigi seyi yok ettiniz.</Text>
    </Row>
    <Row Tag="TXT_KEY_LEADER_THEODORA_DEFEATED_2">
      <Text>Oyuncaklarla oynayan bir çocuk gibisiniz.  Halkim sizi asla sevmeyecek ve bu öfkeye nezaketle katlanmayacak.</Text>
    </Row>
    <Row Tag="TXT_KEY_LEADER_THEODORA_DEFEATED_3">
      <Text>Günes yeniden dogdugunda gördükleri için aglayacak. Bu medeniyetin can damari içimde akiyor ve ben artik yokum.</Text>
    </Row>
    <!--Neutral -->
    <!--Greetings (subsequent meetings) -->
    <Row Tag="TXT_KEY_LEADER_THEODORA_GREETING_1">
      <Text>Selamlar, canim.</Text>
    </Row>
    <Row Tag="TXT_KEY_LEADER_THEODORA_GREETING_2">
      <Text>Tekrar merhaba.</Text>
    </Row>
    <!--Goodbye -->
    <Row Tag="TXT_KEY_LEADER_THEODORA_GOODBYE_1">
      <Text>Elveda.</Text>
    </Row>
    <Row Tag="TXT_KEY_LEADER_THEODORA_GOODBYE_2">
      <Text>Güle güle.</Text>
    </Row>
    <!--Trade offer from player - yes -->
    <Row Tag="TXT_KEY_LEADER_THEODORA_TRADE_YES_NEUTRAL">
      <Text>Anlastik.</Text>
    </Row>
    <!--Trade offer from player - sweeten the deal -->
    <Row Tag="TXT_KEY_LEADER_THEODORA_TRADE_NEEDMORE_NEUTRAL_1">
      <Text>Tatli sözleriniz ilgimi çekti ama daha fazlasini duymam gerekecek.</Text>
    </Row>
    <Row Tag="TXT_KEY_LEADER_THEODORA_TRADE_NEEDMORE_NEUTRAL_2">
      <Text>Biraz daha iyisini yapabilir misin?</Text>
    </Row>
    <Row Tag="TXT_KEY_LEADER_THEODORA_TRADE_NEEDMORE_NEUTRAL_3">
      <Text>Bu yeterince iyi degil.</Text>
    </Row>
    <Row Tag="TXT_KEY_LEADER_THEODORA_TRADE_NEEDMORE_NEUTRAL_4">
      <Text>Neredeyse ...</Text>
    </Row>
    <!--Trade offer from player - no -->
    <Row Tag="TXT_KEY_LEADER_THEODORA_TRADE_NO_NEUTRAL">
      <Text>Ilgilenmiyorum.</Text>
    </Row>
    <!--Demand for tribute from player - yes -->
    <Row Tag="TXT_KEY_LEADER_THEODORA_TRIBUTE_YES_NEUTRAL">
      <Text>Beni eglendiriyorsun.  Bunu inkar etmek için bir neden göremiyorum.</Text>
    </Row>
    <!--Demand for tribute from player - no -->
    <Row Tag="TXT_KEY_LEADER_THEODORA_TRIBUTE_NO_NEUTRAL">
      <Text>Kendini oldugundan daha önemli görüyorsun. Ben öyle düsünmüyorum.</Text>
    </Row>
    <!--Requests a trade -->
    <Row Tag="TXT_KEY_LEADER_THEODORA_TRADEREQUEST_NEUTRAL">
      <Text>Bazi etkilesim türlerinde usta oldugunuzu duydum.  Göster bana.</Text>
    </Row>
    <!--Demands tribute -->
    <Row Tag="TXT_KEY_LEADER_THEODORA_DEMANDTRIBUTE_NEUTRAL">
      <Text>Tüm taliplerimin ve saray mensuplarinin beni hediyelerle onurlandirmasi bekleniyor.</Text>
    </Row>
    <!--Agrees -->
    <Row Tag="TXT_KEY_LEADER_THEODORA_AGREE_SHORT_1">
      <Text>Ama tabii ki.</Text>
    </Row>
    <Row Tag="TXT_KEY_LEADER_THEODORA_AGREE_SHORT_2">
      <Text>Pekala o zaman.</Text>
    </Row>
    <!--Disagrees -->
    <Row Tag="TXT_KEY_LEADER_THEODORA_DISAGREE_SHORT_1">
      <Text>Reddetmek zorundayim.</Text>
    </Row>
    <Row Tag="TXT_KEY_LEADER_THEODORA_DISAGREE_SHORT_2">
      <Text>Maalesef hayir.</Text>
    </Row>
    <!--Let's hear it -->
    <Row Tag="TXT_KEY_LEADER_THEODORA_LETSHEARIT_1">
      <Text>Evet mi?</Text>
    </Row>
    <Row Tag="TXT_KEY_LEADER_THEODORA_LETSHEARIT_2">
      <Text>Devam et.</Text>
    </Row>
    <!--Happy -->
    <!--Greetings (subsequent meetings) -->
    <Row Tag="TXT_KEY_LEADER_THEODORA_GREETING_3">
      <Text>Tekrar hos geldiniz.</Text>
    </Row>
    <Row Tag="TXT_KEY_LEADER_THEODORA_GREETING_4">
      <Text>Canim benim!</Text>
    </Row>
    <!--Goodbye -->
    <Row Tag="TXT_KEY_LEADER_THEODORA_GOODBYE_3">
      <Text>Tekrar görüsene kadar.</Text>
    </Row>
    <Row Tag="TXT_KEY_LEADER_THEODORA_GOODBYE_4">
      <Text>Elveda, sevgilim.</Text>
    </Row>
    <!--Trade offer from player - yes -->
    <Row Tag="TXT_KEY_LEADER_THEODORA_TRADE_YES_HAPPY">
      <Text>Anlastik.</Text>
    </Row>
    <!--Trade offer from player - sweeten the deal -->
    <Row Tag="TXT_KEY_LEADER_THEODORA_TRADE_NEEDMORE_HAPPY_1">
      <Text>Hmm... Sesinizi dinlemekle çok mesguldüm.  Tekrar dene.</Text>
    </Row>
    <Row Tag="TXT_KEY_LEADER_THEODORA_TRADE_NEEDMORE_HAPPY_2">
      <Text>Yapabileceginin en iyisi bu mu?</Text>
    </Row>
    <Row Tag="TXT_KEY_LEADER_THEODORA_TRADE_NEEDMORE_HAPPY_3">
      <Text>Neredeyse, kedicik.</Text>
    </Row>
    <!--Trade offer from player - no -->
    <Row Tag="TXT_KEY_LEADER_THEODORA_TRADE_NO_HAPPY">
      <Text>Tesekkürler, ama bu sefer degil.</Text>
    </Row>
    <!--Demand for tribute from player - yes -->
    <Row Tag="TXT_KEY_LEADER_THEODORA_TRIBUTE_YES_HAPPY">
      <Text>Ne kadar da ileri görüslüsün.  Belki de ödüllendirilmeyi hak ediyorsunuzdur.</Text>
    </Row>
    <!--Demand for tribute from player - no -->
    <Row Tag="TXT_KEY_LEADER_THEODORA_TRIBUTE_NO_HAPPY">
      <Text>Ne yazik ki, size sunacak böyle bir seyim yok.  Karsiliginda baska bir sey ister misiniz?</Text>
    </Row>
    <!--Demands tribute -->
    <Row Tag="TXT_KEY_LEADER_THEODORA_DEMANDTRIBUTE_HAPPY">
      <Text>Hayatim, hediyem nerede?  Ziyarete geldiginde hep bir tane getirirsin.</Text>
    </Row>
    <!--Requests a trade -->
    <Row Tag="TXT_KEY_LEADER_THEODORA_TRADEREQUEST_HAPPY">
      <Text>Belki baska faaliyetlere de katilmak istersiniz.</Text>
    </Row>
    <!--Agrees -->
    <Row Tag="TXT_KEY_LEADER_THEODORA_AGREE_SHORT_3">
      <Text>Tabii ki hayatim.</Text>
    </Row>
    <!--Disagrees -->
    <Row Tag="TXT_KEY_LEADER_THEODORA_DISAGREE_SHORT_3">
      <Text>Kesinlikle olmaz.</Text>
    </Row>
    <Row Tag="TXT_KEY_LEADER_THEODORA_DISAGREE_SHORT_4">
      <Text>Bu kabul edilemez.</Text>
    </Row>
    <!--Let's hear it -->
    <Row Tag="TXT_KEY_LEADER_THEODORA_LETSHEARIT_3">
      <Text>Evet, hayatim?</Text>
    </Row>
    <Row Tag="TXT_KEY_LEADER_THEODORA_LETSHEARIT_4">
      <Text>Dinliyorum.</Text>
    </Row>
    <!--Angry -->
    <!--Greetings (subsequent meetings) -->
    <Row Tag="TXT_KEY_LEADER_THEODORA_GREETING_5">
      <Text>Eee?</Text>
    </Row>
    <Row Tag="TXT_KEY_LEADER_THEODORA_GREETING_6">
      <Text>Ne istiyorsun?</Text>
    </Row>
    <!--Goodbye -->
    <Row Tag="TXT_KEY_LEADER_THEODORA_GOODBYE_5">
      <Text>Hepsi bu kadar.</Text>
    </Row>
    <Row Tag="TXT_KEY_LEADER_THEODORA_GOODBYE_6">
      <Text>Kendini uzaklastir.</Text>
    </Row>
    <!--Trade offer from player - yes -->
    <Row Tag="TXT_KEY_LEADER_THEODORA_TRADE_YES_ANGRY">
      <Text>Tamam. Anlastik.</Text>
    </Row>
    <!--Trade offer from player - sweeten the deal -->
    <Row Tag="TXT_KEY_LEADER_THEODORA_TRADE_NEEDMORE_ANGRY_1">
      <Text>Tsk.  Maskaraliklarini biktirici buluyorum.  Teklifinizi gelistirin ya da gidin.</Text>
    </Row>
    <Row Tag="TXT_KEY_LEADER_THEODORA_TRADE_NEEDMORE_ANGRY_2">
      <Text>Bu yeterince iyi degil.</Text>
    </Row>
    <Row Tag="TXT_KEY_LEADER_THEODORA_TRADE_NEEDMORE_ANGRY_3">
      <Text>Bundan daha iyisini yapmalisin.</Text>
    </Row>
    <Row Tag="TXT_KEY_LEADER_THEODORA_TRADE_NEEDMORE_ANGRY_4">
      <Text>Neredeyse ...</Text>
    </Row>
    <!--Trade offer from player - no -->
    <Row Tag="TXT_KEY_LEADER_THEODORA_TRADE_NO_ANGRY">
      <Text>Yeter artik.  Varligina daha fazla katlanmayacagim.</Text>
    </Row>
    <!--Demand for tribute from player - yes -->
    <Row Tag="TXT_KEY_LEADER_THEODORA_TRIBUTE_YES_ANGRY">
      <Text>Bu saçmaligi kabul etmek zorunda kalmam beni çok üzüyor.</Text>
    </Row>
    <!--Demand for tribute from player - no -->
    <Row Tag="TXT_KEY_LEADER_THEODORA_TRIBUTE_NO_ANGRY">
      <Text>Artik gözde olmadigini unutuyorsun.  Bin kere hayir.</Text>
    </Row>
    <!--Demands tribute -->
    <Row Tag="TXT_KEY_LEADER_THEODORA_DEMANDTRIBUTE_ANGRY">
      <Text>Eger kendimi sizin aptalliginiza teslim etmem gerekiyorsa, buna degmesini beklerim.</Text>
    </Row>
    <!--Requests a trade -->
    <Row Tag="TXT_KEY_LEADER_THEODORA_TRADEREQUEST_ANGRY">
      <Text>Umarim ayni fikirde degilsinizdir, böylece bunu daha degerli kisilere sunabilirim.</Text>
    </Row>
    <!--Agrees -->
    <Row Tag="TXT_KEY_LEADER_THEODORA_AGREE_SHORT_4">
      <Text>Cok iyi.</Text>
    </Row>
    <!--Disagrees -->
    <Row Tag="TXT_KEY_LEADER_THEODORA_DISAGREE_SHORT_5">
      <Text>Tabii ki hayir.</Text>
    </Row>
    <Row Tag="TXT_KEY_LEADER_THEODORA_DISAGREE_SHORT_6">
      <Text>Bu kabul edilemez.</Text>
    </Row>
    <Row Tag="TXT_KEY_LEADER_THEODORA_DISAGREE_SHORT_7">
      <Text>Ciddi olamazsin!</Text>
    </Row>
    <!--Let's hear it -->
    <Row Tag="TXT_KEY_LEADER_THEODORA_LETSHEARIT_5">
      <Text>Cik disari.</Text>
    </Row>
    <Row Tag="TXT_KEY_LEADER_THEODORA_DECLAREWAR_1">
      <Text>Hassas duygularimi avladin. Keder içinde yuvarlanirdim, ama sanirim seni yok etmekten daha büyük bir zevk alacagim.</Text>
    </Row>
    <Row Tag="TXT_KEY_LEADER_THEODORA_DECLAREWAR_2">
      <Text>Güzel bir seyi yok etmek her zaman utanç vericidir.  Ne mutlu ki, sen öyle biri degilsin.</Text>
    </Row>
    <Row Tag="TXT_KEY_LEADER_THEODORA_DECLAREWAR_3">
      <Text>Hediyelerime karsilik vermiyorsunuz ve elçilerim elleri bos dönüyor. Benim olan için güç kullanarak geldim.</Text>
    </Row>
    <Row Tag="TXT_KEY_LEADER_THEODORA_ATTACKED_1">
      <Text>Sonunda gerçek yüzün ortaya çikti. Ne cüretle bana bunu yapabilecegini düsünürsün?</Text>
    </Row>
    <Row Tag="TXT_KEY_LEADER_THEODORA_ATTACKED_2">
      <Text>Hayatim, öfke nöbetleri hiç yakismiyor.  Sana bir ders vermek zorundayim.</Text>
    </Row>
    <Row Tag="TXT_KEY_LEADER_THEODORA_ATTACKED_3">
      <Text>Ne, tek talibin sen oldugunu mu saniyordun?  Yardimima birçok kisi gelecek, sen sadece birisin.</Text>
    </Row>
  </Language_en_US>
</GameData>