﻿<?xml version="1.0" encoding="utf-8"?>
<!--Sid Meier's Civilization V -->
<!--Copyright Firaxis Games 2010 -->
<GameData>
  <Language_en_US>
    <!--General phrases -->
    <!--Greeting (first time meeting) -->
    <Row Tag="TXT_KEY_LEADER_DIDO_FIRSTGREETING_1">
      <Text>Kartaca'nin korunakli limanlarina hos geldin, güzel yabanci.  Ben Dido olarak bilinirim, Sur'un gezgini.</Text>
    </Row>
    <Row Tag="TXT_KEY_LEADER_DIDO_FIRSTGREETING_2">
      <Text>Kartaca Kraliçesi sizi güzel sehrine davet ediyor.  Cogu kisi beni Elissa olarak tanisa da, siz bana Dido diyebilirsiniz.</Text>
    </Row>
    <Row Tag="TXT_KEY_LEADER_DIDO_FIRSTGREETING_3">
      <Text>Fenikeliler, güzel ülkemize hos geldiniz.  Ben Dido, Kartaca ve tüm topraklarinin kraliçesiyim.</Text>
    </Row>
    <!--Reacts to his bluff being called -->
    <Row Tag="TXT_KEY_LEADER_DIDO_WARBLUFF_1">
      <Text>Ugh. Senden çok daha fazlasini beklerdim.</Text>
    </Row>
    <Row Tag="TXT_KEY_LEADER_DIDO_WARBLUFF_2">
      <Text>Iyi bir hamle ama belki de yeterince iyi degil.</Text>
    </Row>
    <Row Tag="TXT_KEY_LEADER_DIDO_WARBLUFF_3">
      <Text>Ne kadar aptalsin.</Text>
    </Row>
    <!--Gloats after winning a war -->
    <Row Tag="TXT_KEY_LEADER_DIDO_WINWAR_1">
      <Text>Kilicim gerçektir ve her kahramaninki kadar güçlüdür.  Umarim dersini almissindir ve bir daha Kartaca'ya gelmezsin.</Text>
    </Row>
    <Row Tag="TXT_KEY_LEADER_DIDO_WINWAR_2">
      <Text>Canlar çalinsin, sancak Byrsa'da dalgalansin. Benim güzel ulusum zaferle süslendi - siz ne diyorsunuz?</Text>
    </Row>
    <!--Submissive after losing a war -->
    <Row Tag="TXT_KEY_LEADER_DIDO_LOSEWAR_1">
      <Text>Hangi büyüyü kullandin, orduma karsi hangi igrenç cazibeyi uyandirdin?  Bir dahaki sefere sana karsi dikkatli olacagim.</Text>
    </Row>
    <Row Tag="TXT_KEY_LEADER_DIDO_LOSEWAR_2">
      <Text>Kaderi kizdirmis olmaliyim, tek açiklamasi bu.  Senin gibi hiç kimse beni yenmeyi umut edemezdi, eger yukaridan baskalari tarafindan yardim edilmediysen.</Text>
    </Row>
    <!--Defeated and removed from game -->
    <Row Tag="TXT_KEY_LEADER_DIDO_DEFEATED_1">
      <Text>Kadere yalvariyorum, çünkü simdi tüm göklerin ve yerin bana karsi komplo kurdugunu görüyorum.  Kader, tek siginak, tek ögüt kaldi.</Text>
    </Row>
    <Row Tag="TXT_KEY_LEADER_DIDO_DEFEATED_2">
      <Text>Nihayet toprakta ebedi istirahatime çekildigimde, zavalli sehrim ates ve azap içinde tükenirken bile hatirlanayim.</Text>
    </Row>
    <Row Tag="TXT_KEY_LEADER_DIDO_DEFEATED_3">
      <Text>Sanirim bir tanriçaya yakisir bir ates.  Alevleri suyun kenarini yalayacak, yukaridaki yildizlarla uyum içinde dans edecek. Ölüm artik benim hos geldin misafirim.</Text>
    </Row>
    <!--Neutral -->
    <!--Greetings (subsequent meetings) -->
    <Row Tag="TXT_KEY_LEADER_DIDO_GREETING_1">
      <Text>Iyi karsilastik.</Text>
    </Row>
    <Row Tag="TXT_KEY_LEADER_DIDO_GREETING_2">
      <Text>Selamlar.</Text>
    </Row>
    <!--Goodbye -->
    <Row Tag="TXT_KEY_LEADER_DIDO_GOODBYE_1">
      <Text>Tekrar görüsene kadar.</Text>
    </Row>
    <Row Tag="TXT_KEY_LEADER_DIDO_GOODBYE_2">
      <Text>Güle güle.</Text>
    </Row>
    <!--Trade offer from player - yes -->
    <Row Tag="TXT_KEY_LEADER_DIDO_TRADE_YES_NEUTRAL">
      <Text>Cok iyi.</Text>
    </Row>
    <!--Trade offer from player - sweeten the deal -->
    <Row Tag="TXT_KEY_LEADER_DIDO_TRADE_NEEDMORE_NEUTRAL_1">
      <Text>Yapmaya çalistigin sey için seni takdir ediyorum, ama bundan daha iyisini yapmalisin. Gel, tekrar dene.</Text>
    </Row>
    <Row Tag="TXT_KEY_LEADER_DIDO_TRADE_NEEDMORE_NEUTRAL_2">
      <Text>Biraz daha iyisini yapabilir misin?</Text>
    </Row>
    <Row Tag="TXT_KEY_LEADER_DIDO_TRADE_NEEDMORE_NEUTRAL_3">
      <Text>Bu yeterince iyi degil.</Text>
    </Row>
    <Row Tag="TXT_KEY_LEADER_DIDO_TRADE_NEEDMORE_NEUTRAL_4">
      <Text>Neredeyse...</Text>
    </Row>
    <!--Trade offer from player - no -->
    <Row Tag="TXT_KEY_LEADER_DIDO_TRADE_NO_NEUTRAL">
      <Text>Ilgilenmiyorum.</Text>
    </Row>
    <!--Demand for tribute from player - yes -->
    <Row Tag="TXT_KEY_LEADER_DIDO_TRIBUTE_YES_NEUTRAL">
      <Text>Bununla ne yapacaksiniz?  Bu tuhaf fikir ilgimi çekti ve sonuna kadar görmek istiyorum.</Text>
    </Row>
    <!--Demand for tribute from player - no -->
    <Row Tag="TXT_KEY_LEADER_DIDO_TRIBUTE_NO_NEUTRAL">
      <Text>Ne aptal bir insansin sen!  Hiçbir seyi karsiliksiz alamazsin, bu mahkemede olmaz.</Text>
    </Row>
    <!--Requests a trade -->
    <Row Tag="TXT_KEY_LEADER_DIDO_TRADEREQUEST_NEUTRAL">
      <Text>Gel, bir oyun oynayalim.  Belki kazanmana bile izin veririm.</Text>
    </Row>
    <!--Demands tribute -->
    <Row Tag="TXT_KEY_LEADER_DIDO_DEMANDTRIBUTE_NEUTRAL">
      <Text>Evet, sanirim altininiz bunun için iyi is görür!  Simdi gel, ver onu.</Text>
    </Row>
    <!--Agrees -->
    <Row Tag="TXT_KEY_LEADER_DIDO_AGREE_SHORT_1">
      <Text>Tamam.</Text>
    </Row>
    <Row Tag="TXT_KEY_LEADER_DIDO_AGREE_SHORT_2">
      <Text>Cok iyi.</Text>
    </Row>
    <!--Disagrees -->
    <Row Tag="TXT_KEY_LEADER_DIDO_DISAGREE_SHORT_1">
      <Text>Reddetmek zorundayim.</Text>
    </Row>
    <Row Tag="TXT_KEY_LEADER_DIDO_DISAGREE_SHORT_2">
      <Text>Hayir.</Text>
    </Row>
    <!--Let's hear it -->
    <Row Tag="TXT_KEY_LEADER_DIDO_LETSHEARIT_1">
      <Text>Duyalim bakalim.</Text>
    </Row>
    <Row Tag="TXT_KEY_LEADER_DIDO_LETSHEARIT_2">
      <Text>Devam et.</Text>
    </Row>
    <!--Happy -->
    <!--Greetings (subsequent meetings) -->
    <Row Tag="TXT_KEY_LEADER_DIDO_GREETING_3">
      <Text>Hos geldiniz.</Text>
    </Row>
    <Row Tag="TXT_KEY_LEADER_DIDO_GREETING_4">
      <Text>Seni tekrar görmek güzel.</Text>
    </Row>
    <!--Goodbye -->
    <Row Tag="TXT_KEY_LEADER_DIDO_GOODBYE_3">
      <Text>Elveda.</Text>
    </Row>
    <Row Tag="TXT_KEY_LEADER_DIDO_GOODBYE_4">
      <Text>Güle güle.</Text>
    </Row>
    <!--Trade offer from player - yes -->
    <Row Tag="TXT_KEY_LEADER_DIDO_TRADE_YES_HAPPY">
      <Text>Anlastik.</Text>
    </Row>
    <!--Trade offer from player - sweeten the deal -->
    <Row Tag="TXT_KEY_LEADER_DIDO_TRADE_NEEDMORE_HAPPY_1">
      <Text>Sevgili Aeneas'in bile böyle bir teklifle kaçmasina izin vermezdim.  Neden tekrar denemiyorsun, hmm?</Text>
    </Row>
    <Row Tag="TXT_KEY_LEADER_DIDO_TRADE_NEEDMORE_HAPPY_2">
      <Text>Yapabileceginin en iyisi bu mu?</Text>
    </Row>
    <Row Tag="TXT_KEY_LEADER_DIDO_TRADE_NEEDMORE_HAPPY_3">
      <Text>Neredeyse vardin.</Text>
    </Row>
    <!--Trade offer from player - no -->
    <Row Tag="TXT_KEY_LEADER_DIDO_TRADE_NO_HAPPY">
      <Text>Tesekkürler, ama hayir.</Text>
    </Row>
    <!--Demand for tribute from player - yes -->
    <Row Tag="TXT_KEY_LEADER_DIDO_TRIBUTE_YES_HAPPY">
      <Text>Hrm... sey, sanirim bu seferlik bir zarari olmaz.  Cabuk ol, danismanlarim ögrenmesin.</Text>
    </Row>
    <!--Demand for tribute from player - no -->
    <Row Tag="TXT_KEY_LEADER_DIDO_TRIBUTE_NO_HAPPY">
      <Text>Bu söz konusu bile olamaz - bugün ne içtiniz?</Text>
    </Row>
    <!--Requests a trade -->
    <Row Tag="TXT_KEY_LEADER_DIDO_TRADEREQUEST_HAPPY">
      <Text>Aklima harika bir fikir geldi ve sanirim siz de bunu takdir edeceksiniz.</Text>
    </Row>
    <!--Demands tribute -->
    <Row Tag="TXT_KEY_LEADER_DIDO_DEMANDTRIBUTE_HAPPY">
      <Text>Aklima harika bir fikir geldi ve sanirim siz de bunu takdir edeceksiniz.</Text>
    </Row>
    <!--Agrees -->
    <Row Tag="TXT_KEY_LEADER_DIDO_AGREE_SHORT_3">
      <Text>Mükemmel.</Text>
    </Row>
    <!--Disagrees -->
    <Row Tag="TXT_KEY_LEADER_DIDO_DISAGREE_SHORT_3">
      <Text>Kesinlikle olmaz.</Text>
    </Row>
    <Row Tag="TXT_KEY_LEADER_DIDO_DISAGREE_SHORT_4">
      <Text>Reddediyoruz.</Text>
    </Row>
    <!--Let's hear it -->
    <Row Tag="TXT_KEY_LEADER_DIDO_LETSHEARIT_3">
      <Text>Devam edin.</Text>
    </Row>
    <Row Tag="TXT_KEY_LEADER_DIDO_LETSHEARIT_4">
      <Text>Dinliyorum.</Text>
    </Row>
    <!--Angry -->
    <!--Greetings (subsequent meetings) -->
    <Row Tag="TXT_KEY_LEADER_DIDO_GREETING_5">
      <Text>Eee?</Text>
    </Row>
    <Row Tag="TXT_KEY_LEADER_DIDO_GREETING_6">
      <Text>Simdi ne istiyorsun?</Text>
    </Row>
    <!--Goodbye -->
    <Row Tag="TXT_KEY_LEADER_DIDO_GOODBYE_5">
      <Text>Hepsi bu kadar.</Text>
    </Row>
    <Row Tag="TXT_KEY_LEADER_DIDO_GOODBYE_6">
      <Text>Git basimdan.</Text>
    </Row>
    <!--Trade offer from player - yes -->
    <Row Tag="TXT_KEY_LEADER_DIDO_TRADE_YES_ANGRY">
      <Text>Tamam. Anlastik.</Text>
    </Row>
    <!--Trade offer from player - sweeten the deal -->
    <Row Tag="TXT_KEY_LEADER_DIDO_TRADE_NEEDMORE_ANGRY_1">
      <Text>Bunun nereye gittigini gerçekten anlamiyorum.  Cirpinmayi birak ve gerçek bir teklif yap.</Text>
    </Row>
    <Row Tag="TXT_KEY_LEADER_DIDO_TRADE_NEEDMORE_ANGRY_2">
      <Text>Bu yeterince iyi degil.</Text>
    </Row>
    <Row Tag="TXT_KEY_LEADER_DIDO_TRADE_NEEDMORE_ANGRY_3">
      <Text>Bundan daha iyisini yapmalisin.</Text>
    </Row>
    <Row Tag="TXT_KEY_LEADER_DIDO_TRADE_NEEDMORE_ANGRY_4">
      <Text>Neredeyse...</Text>
    </Row>
    <!--Trade offer from player - no -->
    <Row Tag="TXT_KEY_LEADER_DIDO_TRADE_NO_ANGRY">
      <Text>Beni alt edebilecegini mi saniyorsun?  Pygmalion'u ve Sur'un lordlarini alt eden ben mi?  Beni igrendiriyorsun.</Text>
    </Row>
    <!--Demand for tribute from player - yes -->
    <Row Tag="TXT_KEY_LEADER_DIDO_TRIBUTE_YES_ANGRY">
      <Text>Daha önemli konulara zamaninda dönmek adina, bu saçmaligi kabul edecegim.</Text>
    </Row>
    <!--Demand for tribute from player - no -->
    <Row Tag="TXT_KEY_LEADER_DIDO_TRIBUTE_NO_ANGRY">
      <Text>Iarbas'tan daha iyi degilsin ve birçok yönden ondan çok daha asagiliksin.  Sayayim mi?  Durun, bunu egitici bulacaginiza inaniyorum.</Text>
    </Row>
    <!--Requests a trade -->
    <Row Tag="TXT_KEY_LEADER_DIDO_TRADEREQUEST_ANGRY">
      <Text>Aptalca bir is oldugundan eminim, ama en azindan denedigimi söyleyebilirim - ki bu odadaki digerleri için söyleyebilecegimden daha iyi bir sey.</Text>
    </Row>
    <!--Demands tribute -->
    <Row Tag="TXT_KEY_LEADER_DIDO_DEMANDTRIBUTE_ANGRY">
      <Text>Bu tür seylere ihtiyacim var ve sizin zavalli esprili söylem girisimlerinizi dinlemekten yoruldum.</Text>
    </Row>
    <!--Agrees -->
    <Row Tag="TXT_KEY_LEADER_DIDO_AGREE_SHORT_4">
      <Text>Sanirim yapmaliyim.</Text>
    </Row>
    <!--Disagrees -->
    <Row Tag="TXT_KEY_LEADER_DIDO_DISAGREE_SHORT_5">
      <Text>Pardon?</Text>
    </Row>
    <Row Tag="TXT_KEY_LEADER_DIDO_DISAGREE_SHORT_6">
      <Text>Bu kabul edilemez.</Text>
    </Row>
    <Row Tag="TXT_KEY_LEADER_DIDO_DISAGREE_SHORT_7">
      <Text>Ciddi olamazsin!</Text>
    </Row>
    <!--Let's hear it -->
    <Row Tag="TXT_KEY_LEADER_DIDO_LETSHEARIT_5">
      <Text>Ve?</Text>
    </Row>
    <Row Tag="TXT_KEY_LEADER_DIDO_DECLAREWAR_1">
      <Text>Baris ve ben artik birbirimize yabanciyiz  bu topraklarda yarattiginiz dehsete daha fazla dayanamayacagim.  Hazirlan, kader bu gece senin için geliyor.</Text>
    </Row>
    <Row Tag="TXT_KEY_LEADER_DIDO_DECLAREWAR_2">
      <Text>Görünüse bakilirsa, kader seni seçmis.  Alaylariniz ve önlemlerinizle adil Kartaca'nin öfkesini uyandirdiniz. Zamaniniz geldi.</Text>
    </Row>
    <Row Tag="TXT_KEY_LEADER_DIDO_DECLAREWAR_3">
      <Text>Söyleyin bana - ordumun sayisini, fil trenlerimi ya da gemi filolarimi biliyor musunuz?  Bilmiyor musun?  Yakinda ögreneceksin.</Text>
    </Row>
    <Row Tag="TXT_KEY_LEADER_DIDO_ATTACKED_1">
      <Text>Ah igrenç, hain adam! Hiçbir tövbe yarali benligimi geri getiremez - yaptiklarin halklarimiz arasina sonsuza dek kötülük getirecek.</Text>
    </Row>
    <Row Tag="TXT_KEY_LEADER_DIDO_ATTACKED_2">
      <Text>Böyle sefil bir hareketten ne kazanmayi umuyorsunuz?  Fillerim sizin için duyularinizi yeniden hizalayacak, hem de ücretsiz.</Text>
    </Row>
    <Row Tag="TXT_KEY_LEADER_DIDO_ATTACKED_3">
      <Text>Sahtekarlikla limanima geldin - ikiyüzlü, yilan. Tanrilar sahidim olsun, borcunu kan ve emekle ödeyeceksin.</Text>
    </Row>
  </Language_en_US>
</GameData>