﻿<?xml version="1.0" encoding="utf-8"?>
<!-- edited with XMLSPY v2004 rel. 2 U (http://www.xmlspy.com) by Scott Lewis (Firaxis Games) -->
<!--Linked to the Civ5Diplomacy_Responses.xml file (assets\Gameplay\XML\Diplomacy). Entries that have the same key except for the number on the end may be picked randomly by the in-game diplo system (rules for this also defined in the Responses.xml file). *****NOTE**** If you want to add more response possibilities to this file you must keep the same TXT_KEY naming convention as what's here already, or else you'll have to change the Responses.xml file!!!-->
<GameData>
  <Language_en_US>
    <!-- Statements to player -->
    <Row Tag="TXT_KEY_HOSTILE_WE_ATTACKED_YOUR_MINOR_1">
      <Text>Küçük evcil devletlerinizden birini isgal ettigimi bilmek istersiniz diye düsündüm. Topraklari ve kaynaklari benimkilere iyi bir katki saglayacaktir.</Text>
    </Row>
    <Row Tag="TXT_KEY_HOSTILE_WE_ATTACKED_YOUR_MINOR_2">
      <Text>Görünüse göre küçük arkadaslarindan birine saldirmisim. Bu konuda bir sey yapmak ister misin?</Text>
    </Row>
    <Row Tag="TXT_KEY_WE_ATTACKED_YOUR_MINOR_1">
      <Text>Geçmiste iliskilerinizin oldugu bir sehir devletine saldirmis olabilecegim dikkatimi çekti. Amacim imparatorlugunuzla ters düsmek olmasa da, bu gerekli bir hareket tarzi olarak kabul edildi.</Text>
    </Row>
    <Row Tag="TXT_KEY_WE_ATTACKED_YOUR_MINOR_2">
      <Text>Imparatorlugumun size dost bir sehir devletine saldiri baslattigi bilgisini aldim. Sizi temin ederim ki bu kasitli degildi ve umarim bu bizi birbirimizden uzaklastirmaya hizmet etmez.</Text>
    </Row>
    <Row Tag="TXT_KEY_GENERIC_EMBASSY_EXCHANGE_1">
      <Text>Halklarimiz arasinda daha gelismis bir diplomasiye imkan verecek sekilde büyükelçiliklerimizi karsilikli olarak degistirmeyi düsünmeliyiz.</Text>
    </Row>
    <Row Tag="TXT_KEY_GENERIC_EMBASSY_OFFER_1">
      <Text>Baskentinizde bir elçilik kurmak istiyoruz. Siz ne düsünüyorsunuz?</Text>
    </Row>
    <Row Tag="TXT_KEY_BULLIED_PROTECTED_CITY_STATE_1">
      <Text>{@1_MinorCivName}'ye yaptiginiz zorbalik tahammül edilemez. Korumam altindaki sehir devletlerinden haraç almaktan kaçinmanizi talep ediyorum.</Text>
    </Row>
    <Row Tag="TXT_KEY_BULLIED_PROTECTED_CITY_STATE_2">
      <Text>{@1_MinorCivName}'ye ne yaptigini duydum.  Benim korumam altinda olduklarinin farkinda degil misin?  Beni daha fazla kiskirtma.</Text>
    </Row>
    <Row Tag="TXT_KEY_HOSTILE_WE_BULLIED_YOUR_MINOR_1">
      <Text>Geçenlerde {@1_MinorCivName}'den bir haraç istedik ve onlar da kabul ettiler. Onlari bu tür seylerden koruyacaginiza söz vermistiniz ama ikimiz de bunun arkasinda duramayacaginizi biliyoruz.</Text>
    </Row>
    <Row Tag="TXT_KEY_HOSTILE_WE_BULLIED_YOUR_MINOR_2">
      <Text>Küçük arkadasinizi {@1_MinorCivName} itip kakmak çok kolay. Haraç taleplerimize boyun egdiler ve bu konuda bir sey yapabilecek durumda oldugunuza inanmiyorum.</Text>
    </Row>
    <Row Tag="TXT_KEY_WE_BULLIED_YOUR_MINOR_1">
      <Text>Sizin korumaniz altinda olan {@1_MinorCivName}'ye zorbalik yapmis olabilecegim dikkatimi çekti. Umarim onlarin ihtiyaçlarini benimkilerden üstün tutmazsiniz.</Text>
    </Row>
    <Row Tag="TXT_KEY_WE_BULLIED_YOUR_MINOR_2">
      <Text>Ordularimin, korumaniz altindaki bir sehir devleti olan {@1_MinorCivName}'den haraç aldigi konusunda bilgilendirildim. Sizi temin ederim ki bu tamamen kasitsizdi ve umarim bu bizi birbirimizden uzaklastirmaya hizmet etmez.</Text>
    </Row>
    <Row Tag="TXT_KEY_GENERIC_SAME_POLICIES_FREEDOM_1">
      <Text>Siz bilge lidere içten selamlar! Sizin de Özgürlük yolunu seçtiginizi görmekten memnuniyet duyuyorum. Özgür dünya, hepimizin baskiya karsi savasmasina yardimci olacak bir ulusla daha güçlü olacak!</Text>
    </Row>
    <Row Tag="TXT_KEY_GENERIC_SAME_POLICIES_ORDER_1">
      <Text>Selamlar yoldas! Sizin de Düzen yolunu seçtiginizi görmekten memnuniyet duyuyorum. Belki de imparatorluklarimizin bir sonraki 5 Yillik Planlari sirasinda birbirimize yardim etmek için bazi firsatlar bulabiliriz!</Text>
    </Row>
    <Row Tag="TXT_KEY_GENERIC_SAME_POLICIES_AUTOCRACY_1">
      <Text>Hos geldiniz büyük imparator! Sizin de Otokrasi yolunu seçtiginizi görmekten memnuniyet duyuyorum. Sadece en güçlü uluslarin gerçek yücelige ulasmak için hayatta kalmasini saglamak için birlikte çalisalim!</Text>
    </Row>
    <Row Tag="TXT_KEY_GENERIC_CAUGHT_YOUR_SPY_HOSTILE_1">
      <Text>Pis ajanlarinizdan biri nasil oldu da temel teknolojik sirlarimizdan birini çaldi? Bunlar huzur içinde konustugumuz son sözler olabilir.</Text>
    </Row>
    <Row Tag="TXT_KEY_GENERIC_CAUGHT_YOUR_SPY_FRIENDLY_1">
      <Text>Yakin zamanda teknolojik sirlarimdan birini çalmanizi, bir daha olmayacagina dair ciddi bir söz vererek görmezden gelmeye hazirim.</Text>
    </Row>
    <Row Tag="TXT_KEY_GENERIC_HUMAN_CAUGHT_YOUR_SPY_GOOD_1">
      <Text>Bu küçük hirsizligi durdurmayi kabul ettigine sevindim.</Text>
    </Row>
    <Row Tag="TXT_KEY_GENERIC_HUMAN_CAUGHT_YOUR_SPY_BAD_1">
      <Text>Düsüncesizliginiz sürpriz degil.</Text>
    </Row>
    <Row Tag="TXT_KEY_GENERIC_RESPONSE_STOP_SPYING_YES_1">
      <Text>Talep ettiginiz gibi, acentelerimiz sizin bölgenizde operasyon yürütmeyecektir.</Text>
    </Row>
    <Row Tag="TXT_KEY_GENERIC_RESPONSE_STOP_SPYING_NO_1">
      <Text>Ajanlarimiz medeniyetimizi siz dahil tüm tehditlere karsi güvende tutmaya yardimci olur. Onlara ihtiyacimiz oldugu için çalisirlar, sizin istediginiz gibi degil.</Text>
    </Row>
    <Row Tag="TXT_KEY_GENERIC_RESPONSE_WARNED_ABOUT_INTRIGUE_1">
      <Text>Bu {@1_CivAdjective} komployu dikkatimize sundugunuz için tesekkür ederiz. Bu uyari sayesinde, deneyebilecekleri her seye karsi hazir olacagiz. Cömert yardimlariniz hatirlanacaktir.</Text>
    </Row>
    <Row Tag="TXT_KEY_GENERIC_RESPONSE_SHARE_INTRIGUE_DECEPTION_1">
      <Text>Casuslarimiz {1_PlayerName}'nin size karsi komplo kurdugunu ortaya çikardi. Ajanlarinizin kesfettigi her türlü entrikayi bizimle paylasacaginizi umuyoruz.</Text>
    </Row>
    <Row Tag="TXT_KEY_GENERIC_RESPONSE_SHARE_INTRIGUE_ARMY_SNEAK_ATTACK_KNOWN_CITY_1">
      <Text>Casuslarimiz {1_PlayerName}'ün su anda {2_CityName} sehrinize gizlice saldirmak için bir ordu yürüttügünü ortaya çikardi. Ajanlarinizin kesfettigi her türlü entrikayi bizimle paylasacaginizi umuyoruz.</Text>
    </Row>
    <Row Tag="TXT_KEY_GENERIC_RESPONSE_SHARE_INTRIGUE_ARMY_SNEAK_ATTACK_UNKNOWN_CITY_1">
      <Text>Casuslarimiz {1_PlayerName}'nin su anda bir orduyu sinsi bir saldiri için size dogru yürüttügünü ortaya çikardi. Ajanlarinizin kesfettigi her türlü entrikayi bizimle paylasacaginizi umuyoruz.</Text>
    </Row>
    <Row Tag="TXT_KEY_GENERIC_RESPONSE_SHARE_INTRIGUE_AMPHIBIOUS_SNEAK_ATTACK_KNOWN_CITY_1">
      <Text>Casuslarimiz, {1_PlayerName}'ün {2_CityName} sehrinize gizlice saldirmak üzere deniz eskortlariyla birlikte bir orduyu yola çikardigini ortaya çikardi. Ajanlarinizin kesfettigi her türlü entrikayi bizimle paylasacaginizi umuyoruz.</Text>
    </Row>
    <Row Tag="TXT_KEY_GENERIC_RESPONSE_SHARE_INTRIGUE_AMPHIBIOUS_SNEAK_ATTACK_UNKNOWN_CITY_1">
      <Text>Casuslarimiz {1_PlayerName}'nin uygarliginiza karsi sinsi bir saldiri için deniz eskortlariyla birlikte bir orduyu yola çikardigini ortaya çikardi. Ajanlarinizin kesfettigi her türlü entrikayi bizimle paylasacaginizi umuyoruz.</Text>
    </Row>
    <Row Tag="TXT_KEY_GENERIC_KILLED_YOUR_SPY_1">
      <Text>Bizden çalmaya çalistigi için casusunuzu öldürdük. Tecrübelerime göre, bir kitap okumak ve kendiniz bir seyler ögrenmeye çalismak çok daha az tehlikelidir.</Text>
    </Row>
    <Row Tag="TXT_KEY_GENERIC_KILLED_MY_SPY_1">
      <Text>Merhum ajanimizin son faaliyetlerinin neden oldugu karisiklik için üzgünüm. Lütfen düsmanca hislerinizi merhum ajana birakin.</Text>
    </Row>
    <Row Tag="TXT_KEY_GENERIC_CONFRONT_YOU_KILLED_MY_SPY_1">
      <Text>Merhaba. Su küçük casusluk olayi için mi buradasiniz?</Text>
    </Row>
    <Row Tag="TXT_KEY_GENERIC_SUSPECT_YOU_OF_SPYING_1">
      <Text>Yakin zamanda sehirlerimden biri soyuldu ve teknolojik sirlar çalindi. Bununla hiçbir ilginiz olmadigindan emin olabilir miyim?</Text>
    </Row>
    <Row Tag="TXT_KEY_GENERIC_SUSPECT_YOU_OF_SPYING_2">
      <Text>Büyük medeniyetimi gözetlediginize ikna oldum. Birinin cani yanmadan durmalisin.</Text>
    </Row>
    <Row Tag="TXT_KEY_GENERIC_STOP_CONVERSIONS_1">
      <Text>Imparatorlugumuz içinde gerçeklestirdiginiz din degistirmelerden haberdar olduk. Sizden bu faaliyeti derhal durdurmanizi rica ediyoruz!</Text>
    </Row>
    <Row Tag="TXT_KEY_GENERIC_RESPONSE_HUMAN_KILLED_MY_SPY_UNFORGIVEN_1">
      <Text>Bazi eylemlerin affedilmeyebilecegini anliyorum.</Text>
    </Row>
    <Row Tag="TXT_KEY_GENERIC_RESPONSE_HUMAN_KILLED_MY_SPY_FORGIVEN_1">
      <Text>Bu garip durumu görmezden gelecek olmaniz beni memnun ediyor.</Text>
    </Row>
    <Row Tag="TXT_KEY_GENERIC_HUMAN_STOP_CONVERSIONS_GOOD_1">
      <Text>Bu propagandaya son vermeyi kabul etmenize sevindim.</Text>
    </Row>
    <Row Tag="TXT_KEY_GENERIC_HUMAN_STOP_CONVERSIONS_BAD_1">
      <Text>Dini coskunuz rahatsiz edici.</Text>
    </Row>
    <Row Tag="TXT_KEY_GENERIC_RESPONSE_HUMAN_STOP_CONVERSIONS_AGREE_1">
      <Text>Arzu ettiginiz gibi, misyonerlerimiz artik tek gerçek inanci kentlerinizdeki insanlarla paylasmayacaklar.</Text>
    </Row>
    <Row Tag="TXT_KEY_GENERIC_RESPONSE_HUMAN_STOP_CONVERSIONS_DISAGREE_1">
      <Text>Protestolariniza ragmen, kendi halkinizi cehalet içinde yasamaya mahkum etseniz de, vatandaslariniz misyonerlerimiz tarafindan aydinlatilmaya devam edecektir.</Text>
    </Row>
    <Row Tag="TXT_KEY_GENERIC_GREETING_WILL_ACCEPT_SURRENDER_1">
      <Text>Kosulsuz teslimiyetinizi sabirsizlikla bekliyoruz.</Text>
    </Row>
    <Row Tag="TXT_KEY_GENERIC_GREETING_WILL_ACCEPT_SURRENDER_2">
      <Text>Tamamen teslim olmaniz kulaga mantikli geliyor.</Text>
    </Row>
    <Row Tag="TXT_KEY_GENERIC_GREETING_WILL_ACCEPT_SURRENDER_3">
      <Text>Yok olusunuzu engellemek için simdi bir anlasma yapabiliriz.</Text>
    </Row>
    <!-- Responses to player -->
    <Row Tag="TXT_KEY_GENERIC_HOSTILE_WE_BULLIED_MINOR_BAD_1">
      <Text>Bunu görecegiz.</Text>
    </Row>
    <Row Tag="TXT_KEY_GENERIC_HOSTILE_WE_BULLIED_MINOR_GOOD_1">
      <Text>Evet, bu dogru.</Text>
    </Row>
    <Row Tag="TXT_KEY_GENERIC_WE_BULLIED_MINOR_BAD_1">
      <Text>Kararimin halkim ve ulusum için en iyisi olduguna olan inancimi koruyorum.</Text>
    </Row>
    <Row Tag="TXT_KEY_GENERIC_HUMAN_BULLIED_MINOR_GOOD_1">
      <Text>Pekâlâ. Durumu izliyor olacagim.</Text>
    </Row>
    <Row Tag="TXT_KEY_GENERIC_DECLARATION_PROTECT_CITY_STATE_1">
      <Text>{2_MajorCivName:textkey} artik {1_MinorCivName:textkey}'ü korudugunu tüm dünyaya duyurur. Sehir Devletine saldirmak iliskilere büyük zarar verir ve savasa yol açabilir.</Text>
    </Row>
    <Row Tag="TXT_KEY_GENERIC_TRADE_CANT_MATCH_OFFER_1">
      <Text>Bunu adil bir takas haline getirmek için size yeterli teklifte bulunmaya istekli degiliz.</Text>
    </Row>
    <Row Tag="TXT_KEY_GENERIC_TRADE_CANT_MATCH_OFFER_2">
      <Text>Önerdigimiz herhangi bir anlasma sizin için adil olmayan bir takasla sonuçlanacaktir.</Text>
    </Row>
  </Language_en_US>
</GameData>