﻿<?xml version="1.0" encoding="utf-8"?>
<Datatable xmlns:xsi="http://www.w3.org/2001/XMLSchema-instance" xmlns:xsd="http://www.w3.org/2001/XMLSchema">
  <LocalizationPair Name="%PopulationQuest16-IntroTitle">[TBD]</LocalizationPair>
  <LocalizationPair Name="%PopulationQuest16-IntroDescription">[TBD]</LocalizationPair>
  <LocalizationPair Name="%PopulationQuest16-Choice01Title">[TBD]</LocalizationPair>
  <LocalizationPair Name="%PopulationQuest16-Choice01Description">[TBD]</LocalizationPair>
  <LocalizationPair Name="%PopulationQuest16-Choice01Objective">Sistem $StarSystem01Name içinde $Amount01Name [foodColored]'e ulaşın.</LocalizationPair>
  <LocalizationPair Name="%PopulationQuest16-Choice01ObjectiveTooltip">[TBD]</LocalizationPair>
  <LocalizationPair Name="%PopulationQuest16-Choice01Outcome">[TBD]</LocalizationPair>
  <LocalizationPair Name="%PopulationQuest16-Choice02Title">[TBD]</LocalizationPair>
  <LocalizationPair Name="%PopulationQuest16-Choice02Description">[TBD]</LocalizationPair>
  <LocalizationPair Name="%PopulationQuest16-Choice02Objective">Sistem $StarSystem01Name içinde $Amount08Name [industryColored]'e ulaşın.</LocalizationPair>
  <LocalizationPair Name="%PopulationQuest16-Choice02ObjectiveTooltip">[TBD]</LocalizationPair>
  <LocalizationPair Name="%PopulationQuest16-Choice02Outcome">[TBD]</LocalizationPair>
  <LocalizationPair Name="%PopulationQuest16-Choice03Title">[TBD]</LocalizationPair>
  <LocalizationPair Name="%PopulationQuest16-Choice03Description">[TBD]</LocalizationPair>
  <LocalizationPair Name="%PopulationQuest16-Choice03Objective">$Amount02Name [dustColored], ([3] [Strat01titaniumColored] ve ([4] [Strat02hyperiumColored] feda etmeye hazır olduğunuzda $PlanetUnfallenLocalizationName gezegenindeki Anomaliyi arayın.)</LocalizationPair>
  <LocalizationPair Name="%PopulationQuest16-Choice03ObjectiveTooltip">[TBD]</LocalizationPair>
  <LocalizationPair Name="%PopulationQuest16-Choice03Outcome">[TBD]</LocalizationPair>
  <LocalizationPair Name="%AffinityGameplaySuperGuardiansTitle">Süper Muhafızlar</LocalizationPair>
  <LocalizationPair Name="%AffinityGameplaySuperGuardiansDescription">[TBD]</LocalizationPair>
  <LocalizationPair Name="%AffinitySuperGuardiansTitle">Süper Muhafızlar</LocalizationPair>
  <LocalizationPair Name="%AffinitySuperGuardiansDescription">[TBD]</LocalizationPair>
  <LocalizationPair Name="%PopulationModifiersTraitSuperGuardiansPrimaryTitle">Süper Muhafızlar Süper Güç</LocalizationPair>
  <LocalizationPair Name="%PopulationSuperGuardiansTitle">Süper Muhafızlar</LocalizationPair>
  <LocalizationPair Name="%PopulationSuperGuardiansDescription">[TBD]</LocalizationPair>
  <LocalizationPair Name="%ClassPopulationEmpireAffinitySuperGuardiansTitle">Süper Muhafızlar</LocalizationPair>
  <LocalizationPair Name="%ClassPopulationStarSystemAffinitySuperGuardiansTitle">Süper Muhafızlar</LocalizationPair>
  <LocalizationPair Name="%ModuleDefenseHullPlatingQuest2Title">Düşmemiş Modül</LocalizationPair>
  <LocalizationPair Name="%EmpireImprovementQuestPopulation16Title">Muhafızlar++</LocalizationPair>
  <LocalizationPair Name="%EmpireImprovementQuestPopulation16Description">[TBD]</LocalizationPair>
</Datatable>