﻿<?xml version="1.0" encoding="utf-8"?>
<Datatable xmlns:xsi="http://www.w3.org/2001/XMLSchema-instance" xmlns:xsd="http://www.w3.org/2001/XMLSchema">
  <LocalizationPair Name="%Demo_Quest01-Title">Başka Bir Dünya</LocalizationPair>
  <LocalizationPair Name="%Demo_Quest01-Description">Ana Sistemlerinizden defalarca önce ayrıldınız. Uzak bir Takımyıldızda bir Sistemi kolonize ettiniz ve şimdiden iyi çalışıyor. Büyük İmparator Maximilien için yeni bir dünya fethetmek zorundasınız.</LocalizationPair>
  <LocalizationPair Name="%Demo_Quest01Choice1-Description">[TBD]</LocalizationPair>
  <LocalizationPair Name="%Demo_Quest01Choice1-Objective">Sistem $SystemName ile aynı Takımyıldızda yeni bir Sistem kolonize edin.</LocalizationPair>
  <LocalizationPair Name="%Demo_Quest01Choice1-TooltipDescription">TBD</LocalizationPair>
  <LocalizationPair Name="%Demo_Quest01Choice1-Completed">Tebrikler! Yeni bir sistemi kolonize ettiniz. Öğrendiğiniz her şey arasında, savunma yeteneklerinizi geliştirebilecek bir şey keşfettiniz.</LocalizationPair>
  <LocalizationPair Name="%Demo_Navigation01Popup-Title">Küçük Başlangıçlardan . . .</LocalizationPair>
  <LocalizationPair Name="%Demo_Navigation01Popup-Description">Kolonileştirilecek bir Sistem keşfetmek için Galaksiyi keşfetmeniz gerekir. Bunu yapmak için, İmparatorluğunuz 2 gemiden oluşan bir filoya sahiptir. 
 #FFFF00#Bu Filoya [leftClick] tıklayın. #REVERT# 
 Eğer bulamazsanız, aşağıdaki pusulaya tıklamayı unutmayın.</LocalizationPair>
  <LocalizationPair Name="%Demo_Navigation02Popup-Title">Büyük Öteye Doğru</LocalizationPair>
  <LocalizationPair Name="%Demo_Navigation02Popup-Description">Tamam, şimdi kolonileştirmek için yaşanabilir bir gezegen keşfetmek üzere ana Sisteminizden yola çıkma zamanı! Şimdilik, Filolar için galaktik seyahat #FFFFFF#Yıldız Şeritleri(#REVERT# ile sınırlıdır. 
 Filoların seyahat ederken değiştirilemeyeceğini ve hatta yeniden yönlendirilemeyeceğini unutmayın; yeni komutlar verilmeden önce hedef Sisteme ulaşmaları gerekir. 
 #FFFF00#Hareket etmek için Sistemi #REVERT# terk eden bir şerit $MyColonizedStarSystemName üzerinde sağa [rightClick] tıklayın.</LocalizationPair>
  <LocalizationPair Name="%Demo_Navigation03Popup-Title">Büyük Öteye Doğru</LocalizationPair>
  <LocalizationPair Name="%Demo_Navigation03Popup-Description">Bu şerit uzun görünüyor. Diğer tarafa ulaşmak için birkaç dönüş yapacaksınız. Sabırlı olun ve bir sonraki dönüşte neler keşfedeceğinizi görelim.  
 Hazır olduğunuzda #FFFF00#dönüşünüzü #REVERT# sonlandırın.</LocalizationPair>
  <LocalizationPair Name="%Demo_Navigation04Popup-Title">Bir Filonun Taşınması</LocalizationPair>
  <LocalizationPair Name="%Demo_Navigation04Popup-Description">Filonuz hala bir şeridin ortasında. Daha ileri gitmesini sağlamalısınız. 
 Filo üzerinde #FFFF00#tıklayarak [leftClick] filonuzu seçin.#REVERT# 
</LocalizationPair>
  <LocalizationPair Name="%Demo_Navigation05Popup-Title">Bir Filonun Taşınması</LocalizationPair>
  <LocalizationPair Name="%Demo_Navigation05Popup-Description">Bu filoyu #FFFFFF#[move] hareket puanları#REVERT# olarak mı gördünüz? 
 Bir filo hareket ettiğinde puanlarını harcar. 
 Bu puanları geri kazanmak için bir sonraki tura kadar beklemeniz gerekir.</LocalizationPair>
  <LocalizationPair Name="%Demo_Navigation06Popup-Description">Şimdi, bu filoyu bir Sisteme ulaşmak için hareket ettirelim. 
 Şerit üzerine tıklayabilir veya #FFFF00#otomatik hareket üzerine [leftClick] tıklayabilirsiniz. #REVERT# Bu düğmenin İmparatorluğunuzun her filosunu hareket ettireceğine dikkat edin. Eğer Dönüşü Sonlandır düğmesine tıklarsanız, filonuz da daha ileri gidecektir ancak eylemlerini kullanamayacaktır.</LocalizationPair>
  <LocalizationPair Name="%Demo_Curiosity01Popup-Title">Kozmosun Gizemleri</LocalizationPair>
  <LocalizationPair Name="%Demo_Curiosity01Popup-Description">Galaksi birçok sır barındırıyor: garip fizik, garip yaşam formları, Sonsuz'un kalıntıları.  
 Öncelikle filonuzu seçin, ardından #FFFF00# Sefer Gönder Düğmesine ([leftClick] tıklayın #REVERT# veya tercih ederseniz doğrudan Sisteme tıklayın.</LocalizationPair>
  <LocalizationPair Name="%Demo_Curiosity03Popup-Title">Kozmosun Gizemleri</LocalizationPair>
  <LocalizationPair Name="%Demo_Curiosity03Popup-Description">Şu [curiosity] simgeleri görüyor musunuz? Bunlar Merak Edilenlerin işaretleridir. 
 #FFFF00# Aramaya başlamak için bir [curiosity] Merak #REVERT# üzerine [leftClick] tıklayın. 
</LocalizationPair>
  <LocalizationPair Name="%Demo_Curiosity04Popup-Title">Kozmosun Gizemleri</LocalizationPair>
  <LocalizationPair Name="%Demo_Curiosity04Popup-Description">Bir Curiosity'yi her aradığınızda, ilginç bir şey bulma şansınız var. Bir şey, sinyal sahteydi, hiçbir şey bulamayacaksınız ya da belki de sizi tuzağa düşürmeye çalışan bazı korsanlar. 
 
</LocalizationPair>
  <LocalizationPair Name="%Demo_Curiosity05Popup-Description">Bir [curiosity] Merak'ı aramanın bir sonda tükettiğine dikkat edin. Filonuz yeni bir tane inşa etmek için birkaç tane alacaktır. 
 Kaç tane sonda stokladığınızı görmek için filonuzu seçin ve #FFFFFF#Sefer Düğmesinin #REVERT# üzerine gelin 
 Ardından, hazır olduğunuzda #FFFF00#sıranızı sonlandırın #REVERT#.</LocalizationPair>
  <LocalizationPair Name="%Demo_Curiosity06Popup-Title">Keşfetmeye Devam Edin</LocalizationPair>
  <LocalizationPair Name="%Demo_Curiosity06Popup-Description">Devam edelim! 
 Artık bu Galakside merak ettiklerinizi nasıl arayacağınızı ve nasıl gezineceğinizi biliyorsunuz, ilk görevinizi başarabilirsiniz: Kolonize edilebilir bir sistem bulmak. 
 Filonuzu hareket ettirin, dönüşleri geçin ve doğru Sistemi gördüğünüzde, size yardım etmek için tekrar geleceğim!  
 Kaydırma tekerleğini #REVERT# kullanarak bir sistemden #FFFF00# çıkabileceğinizi unutmayın.</LocalizationPair>
  <LocalizationPair Name="%Demo_Colonization01Popup-Title">Kolonizasyon Sanatı</LocalizationPair>
  <LocalizationPair Name="%Demo_Colonization01Popup-Description">Mükemmel bir sistem buldunuz. 
 Şimdi filonuz yörüngede, nasıl kolonileşeceğinizi öğrenmek için onu seçin.</LocalizationPair>
  <LocalizationPair Name="%Demo_Colonization02Popup-Title">Kolonizasyon Sanatı</LocalizationPair>
  <LocalizationPair Name="%Demo_Colonization02Popup-Description">Bu Sistemi kolonize edebilirsiniz! Bu kolonizasyonu onayladığınızda, nüfusunuzu gezegene gönderdikten sonra Yerleşimci geminiz demonte edilecektir. 
 #FFFF00# "Kolonileştir" düğmesine [leftClick] veya doğrudan Yıldız Sistemine tıklayın.#REVERT#</LocalizationPair>
  <LocalizationPair Name="%Demo_Colonization03Popup-Title">Kolonizasyon Sanatı</LocalizationPair>
  <LocalizationPair Name="%Demo_Colonization03Popup-Description">Son hamle! Tüm bu kolonileştirilebilir gezegenler arasından ne tür bir gezegen tercih ettiğinizi seçmelisiniz.  
 #FFFF00# "Kolonileştir" düğmesine [leftClick] veya doğrudan Yıldız Sistemine tıklayın.#REVERT#</LocalizationPair>
  <LocalizationPair Name="%Demo_Quest03-Title">Panik</LocalizationPair>
  <LocalizationPair Name="%Demo_Quest03-Description">TBD</LocalizationPair>
  <LocalizationPair Name="%Demo_Quest03Choice1-Description">TBD</LocalizationPair>
  <LocalizationPair Name="%Demo_Quest03Choice1-Completed">TBD</LocalizationPair>
  <LocalizationPair Name="%Demo_Quest03Choice1-Objective">Sistem $MyColonizedStarSystemName üzerinde İyileştirmeyi $DefenseBuildingName oluşturun.</LocalizationPair>
  <LocalizationPair Name="%Demo_Quest03Choice1-TooltipDescription">TBD</LocalizationPair>
  <LocalizationPair Name="%Demo_Construction01Popup-Title">Bina</LocalizationPair>
  <LocalizationPair Name="%Demo_Construction01Popup-Description">Nüfusunuzun gerçekten korunması gerekiyor. 
 Sisteminizi güvence altına almak (veya ekonomisini iyileştirmek) için üzerine inşaatlar inşa etmeniz gerekir. Sisteminizi geliştirmenin tek yolu bu olmasa bile, etkilidir. Hadi inşa edelim! 
 İlk olarak, #FFFF00# Sistem $MyColonizedStarSystemName üzerinde [leftClick] tıklayın. #REVERT#</LocalizationPair>
  <LocalizationPair Name="%Demo_Construction02Popup-Title">Bina</LocalizationPair>
  <LocalizationPair Name="%Demo_Construction02Popup-Description">#FFFFFF#Bu liste #REVERT# başlatabileceğiniz tüm yapıları yeniden gruplandırır. 
 #FFFF00# üzerine tıklayın Bina $DefenseBuildingName.#REVERT#</LocalizationPair>
  <LocalizationPair Name="%Demo_Construction03Popup-Title">Bina</LocalizationPair>
  <LocalizationPair Name="%Demo_Construction03Popup-Description">#FFFFFF#Savunma Binasının(#REVERT# üzerindeyseniz, bu binanın Sisteminiz için #FFFFFF#Savunma Kapasitesini artıracağını görebilirsiniz.#REVERT# Savunma, istila sırasında sisteminize direnmenize ve savunmanıza yardımcı olacaktır.</LocalizationPair>
  <LocalizationPair Name="%Demo_Construction04Popup-Description">Gördüğünüz gibi, bu binanın inşa edilmesi için [turn] tur gerekiyor! Aslında her turda, [industryColored]#df8269# Endüstri#REVERT# Yıldız Sistemi İyileştirmesi inşa etmek için gönderilir. 
 Sonra, #FFFF00#hazır olduğunuzda sıranızı#REVERT# sonlandırın.</LocalizationPair>
  <LocalizationPair Name="%Demo_Event01-Title">Açlık Oyunu</LocalizationPair>
  <LocalizationPair Name="%Demo_Event01-Description">Leecher kaçtı, halkınız öfkeli ve savaşmaya hazır. 
 Gelebilecek her Vodyani'yi yenmek için ordunuzu takviye etmeye karar verdiler. 
 Bu kulağa hoş geliyor, özellikle de casuslarınız sizi olası bir istila hakkında bilgilendirdiğinden beri...</LocalizationPair>
  <LocalizationPair Name="%Demo_Event01-Choice01Title">Kabul et</LocalizationPair>
  <LocalizationPair Name="%Demo_Event01-Choice01Description">Büyük Bir Filo Oluşturun</LocalizationPair>
  <LocalizationPair Name="%Demo_Event01PoliticalEffectTitle">Artış [militaristColored] #b82738#Militarist(#REVERT# İmparatorluğunuzdaki İdeoloji. 
 Sistemde $MyColonizedStarSystemName büyük bir Filo oluşturun.</LocalizationPair>
  <LocalizationPair Name="%Demo_Hero01Popup-Title">Savaş için hazırlanın</LocalizationPair>
  <LocalizationPair Name="%Demo_Hero01Popup-Description">Savaş yaklaşıyor! 
 Halkınız size büyük bir filo veriyor, ancak onu yeniden güçlendirebilirsiniz! 
 Filonuza kahramanlar atayabilirsiniz. Burada, işaretleyici filosuna bir Kahraman atamanız gerekir.  
 Sonra, #FFFF00#hazır olduğunuzda işaretli filoya(#REVERT# tıklayın. 
</LocalizationPair>
  <LocalizationPair Name="%Demo_Hero02Popup-Title">Savaş için hazırlanın</LocalizationPair>
  <LocalizationPair Name="%Demo_Hero02Popup-Description">Gördüğünüz gibi, Kahraman için ayrılmış yuva boş. 
 Daha önce kazandığınız $MyHeroName atayabilirsiniz! 
 #FFFF00#Kahraman atama yuvasına [leftClick] tıklayın. #REVERT#</LocalizationPair>
  <LocalizationPair Name="%Demo_Hero03Popup-Title">Savaş için hazırlanın</LocalizationPair>
  <LocalizationPair Name="%Demo_Hero03Popup-Description">Burada kahramanınızı görebilirsiniz. $MyHeroName mevcut! Buna ek olarak, sınıfı savaş için mükemmel görünüyor. Muhafız olarak etkili olacak ve gemilerinizi güçlendirebilecek. (Seçiminizi onaylayalım.</LocalizationPair>
  <LocalizationPair Name="%Demo_Hero04Popup-Title">Savaş için hazırlanın</LocalizationPair>
  <LocalizationPair Name="%Demo_Hero04Popup-Description">Görünüşe göre hazırsın. Savaş zamanı. Bir sonraki turda, Vodyani ordusu burada olacak. 
 O zaman, #FFFF00#hazır olduğunuzda sıranızı #REVERT# bitirin.</LocalizationPair>
  <LocalizationPair Name="%Demo_Battle01Popup-Title">Savaş zamanı!</LocalizationPair>
  <LocalizationPair Name="%Demo_Battle01Popup-Description">Hadi savaşmaya başlayalım! 
 Bu panel sayesinde filonuzu organize edebilirsiniz. Demo sürümünü oynadığınız için tüm taktikler ve seçenekler mevcut değildir, ancak #FFFFFF#Gelişmiş Ekrana dikkat edin.#REVERT#</LocalizationPair>
  <LocalizationPair Name="%Demo_Battle02Popup-Description">* Burada, üç #FFFF00#Savaş Taktiğinizi görebilirsiniz:#REVERT# filolarınızın hangi yörüngeleri izleyebileceğini.  
 * Filolar üzerindeki etkilerini test etmek için oklara tıklayın. 
</LocalizationPair>
  <LocalizationPair Name="%Demo_Battle03Popup-Description">* Burada düşmana kıyasla kazanma şansınızın #FFFFFF# tahminini #REVERT# görebilirsiniz.  
 * Bunun tamamen doğru olmayacağına dikkat edin: akıllı bir Taktik savaş sonuçlarını değiştirebilir. 
 * Hazırsanız, Savaşı görmek için #FFFF00#Fight(#REVERT#) üzerine tıklayın.</LocalizationPair>
  <LocalizationPair Name="%Demo_QuestScreenPopup-Title">* Görevi ve İmparatorluğunuzun karşılaştığı Etkinliği görün 
 * Tüm görünümde izlemek için bir Görevi sabitleyin</LocalizationPair>
  <LocalizationPair Name="%Demo_QuestScreenPopup-Description">Bu ekran, Maceranızı etkileyen anlatı olaylarını özetler.  
 Demo için kilidi açık olan tek ekrandır. 
 Bir ekrandan hızlıca çıkmak için #FFFF00# [rightClick] sağ tıklayın. #REVERT#</LocalizationPair>
  <LocalizationPair Name="%Demo_Zoom01Popup-Title">Oyun Kontrolü</LocalizationPair>
  <LocalizationPair Name="%Demo_Zoom01Popup-Description">[disclaimer] İmparatorluk gücünün koltuğuna geçişinizi kolaylaştırmak için, benzersiz Fraksiyon Özellikleri de dahil olmak üzere bazı olağan başlangıç koşulları geçici olarak devre dışı bırakıldı. 
</LocalizationPair>
  <LocalizationPair Name="%Demo_Zoom02Popup-Description">Sonsuz galaksi fırsatlarla olduğu kadar tehlikelerle de doludur. Bu evrende hayatta kalabilmek için, güçlü düşmanları fethedebilecek güçlü bir medeniyet inşa etmeniz gerekecek. Demo'ya başlamadan önce, Oyun kontrollerine aşina olmaya çalışacağız. 
 #FFFF00#Yakınlaştırmak veya uzaklaştırmak için kaydırma tekerleğini kullanın#REVERT# ve Galaksinin tüm katmanlarını takdir edin.</LocalizationPair>
  <LocalizationPair Name="%Demo_Zoom03Popup-Description">Hareket etmek için #FFFF00#doğrudan Galaksi üzerine [leftClick] tıklayın ve sürükleyip bırakın#REVERT#. 
 Hazırsanız #FFFF00#Dönüşü Bitir Düğmesine ([leftClick] tıklayın#REVERT# ve Demoyu başlatın.</LocalizationPair>
  <LocalizationPair Name="%StarSystemImprovementDemo01Title">Savunma Binası</LocalizationPair>
  <LocalizationPair Name="%StarSystemImprovementDemo01Description">Vatandaşlarınızı düşmanlara karşı savunmak için tasarlayın.</LocalizationPair>
</Datatable>