﻿<?xml version="1.0" encoding="utf-8"?>
<Datatable xmlns:xsi="http://www.w3.org/2001/XMLSchema-instance" xmlns:xsd="http://www.w3.org/2001/XMLSchema">
  <LocalizationPair Name="%MinorPopulationQuest01-IntroTitle">Beni Çöplüğüne Götür</LocalizationPair>
  <LocalizationPair Name="%MinorPopulationQuest01-IntroDescription">Mevcut nesil Epistis'ler arasında şaşırtıcı yeni moda: çöp toplama.  
 
 İmparatorluğunuzun Epistis nüfusundaki son artış sayesinde, bu köşeli robotlar artık mahalle mahalle dolaşarak insanların kapılarını çalıyor ve çöp istiyor. 
 
 Meraklı bir davranış olduğu kesin, ancak sosyologlar bunun aslında eski bir evrimsel dürtünün ifadesi olduğunu varsayıyor - sonuçta Epistisler ekolojik bekçilerden oluşan bir ırk olarak tasarlandı. 
 
 Her neyse, sevimli ama bu işi gerçekten geçimini sağlamak için yapan insanların işlerini aksatıyor.</LocalizationPair>
  <LocalizationPair Name="%MinorPopulationQuest01-Choice01Title">Yeniden programla</LocalizationPair>
  <LocalizationPair Name="%MinorPopulationQuest01-Choice01Description">Eğer sorun çıkarıyorlarsa, onları yeniden programlamalıyız. Epistisler evrimleşmedi, yaratıldılar. Bir şeyi onlar için "evrimsel" bir özellik olarak adlandırmanın hiçbir anlamı yok.</LocalizationPair>
  <LocalizationPair Name="%MinorPopulationQuest01-Choice01Objective">Var $Amount02Name Bilim ve Keşif Teknolojisi kilidi açıldı.</LocalizationPair>
  <LocalizationPair Name="%MinorPopulationQuest01-Choice01ObjectiveTooltip">[scienceColored] Teknolojiler, Bilim ve Keşif Çeyreğinde yer alan Teknolojilerdir</LocalizationPair>
  <LocalizationPair Name="%MinorPopulationQuest01-Choice01Outcome">En iyi bilgisayar bilimcileriniz, Epistis'leri çöp toplama eğilimlerinden kurtarmak için onları yeniden programlama gibi hassas bir başarıya imza attılar. Prosedür etkili görünüyor, ancak herkes seçtiğiniz hareket tarzından memnun değil.</LocalizationPair>
  <LocalizationPair Name="%MinorPopulationQuest01-Choice02Title">Pioneer</LocalizationPair>
  <LocalizationPair Name="%MinorPopulationQuest01-Choice02Description">Eğer Epistisler insanların genellikle istemediği rolleri mutlu bir şekilde yerine getiriyorlarsa, onları daha faydalı olabilecekleri Sistemlere yerleştirelim. Belki onlar da daha mutlu olurlar.</LocalizationPair>
  <LocalizationPair Name="%MinorPopulationQuest01-Choice02Objective">$Amount05Name zehirli gezegenlere sahiptir.</LocalizationPair>
  <LocalizationPair Name="%MinorPopulationQuest01-Choice02ObjectiveTooltip">Zaten sahip olduğunuz bir sistemdeki zehirli bir gezegeni kolonileştirin veya yeni bir gezegene karakol kurun.</LocalizationPair>
  <LocalizationPair Name="%MinorPopulationQuest01-Choice02Outcome">Toksik tip gezegenler, gelişmekte olan Epistis nüfusunuz için en iyi eşleşme gibi görünüyor. Bu gezegenlerde Epistileriniz daha sağlıklı, daha tatmin edici yaşamlar sürüyor ve daha az akıl hastalığı vakası görülüyor. İnsanlarınızın bu ortamlarda geliştiğini görmek son derece tatmin edici.</LocalizationPair>
  <LocalizationPair Name="%MinorPopulationQuest01-Choice03Title">İstismar</LocalizationPair>
  <LocalizationPair Name="%MinorPopulationQuest01-Choice03Description">Eğer Epistis çöpü ve kirliliği bu kadar çok seviyorsa... muhtemelen daha fazlasını üretmeliyiz. Onların keyfi için tabii ki.</LocalizationPair>
  <LocalizationPair Name="%MinorPopulationQuest01-Choice03Objective">En az $Amount03Name [industryColored] üreten bir Sisteme sahip olmak.</LocalizationPair>
  <LocalizationPair Name="%MinorPopulationQuest01-Choice03ObjectiveTooltip">Endüstri üretimini Gezegen ve Sistem Geliştirmeleri, Kahraman becerileri ve Lüks Kaynaklar aracılığıyla artırabilirsiniz.</LocalizationPair>
  <LocalizationPair Name="%MinorPopulationQuest01-Choice03Outcome">Sanayi liderleriniz Epistis'le başa çıkma konusundaki kararlı eylemlerinizi alkışlıyor. İmparatorluğunuz genelinde, sanayi kompleksleri her zamankinden daha fazla üretiyor ve genç Epistisler ürettikleri pislikleri temizlemek için çalıştırılıyor. Kazan-kazan!</LocalizationPair>
  <LocalizationPair Name="%MinorPopulationQuest01Reward1">20 [turn] süresince [bots] başına +1 [prestigeColored] 
 20 [turn] süresince [bots] başına -1 [happinessColored]</LocalizationPair>
  <LocalizationPair Name="%MinorPopulationQuest01Reward2">20 [turn] süresince [poor] başına [bots] +5 [happinessColored]</LocalizationPair>
  <LocalizationPair Name="%MinorPopulationQuest01Reward3">20 [turn] süresince [bots] başına +2 [industryColored]</LocalizationPair>
  <LocalizationPair Name="%MinorPopulationQuest03-IntroTitle">Kalgeros</LocalizationPair>
  <LocalizationPair Name="%MinorPopulationQuest03-IntroDescription">[TBD]</LocalizationPair>
  <LocalizationPair Name="%MinorPopulationQuest03-Choice01Title">Organize Et</LocalizationPair>
  <LocalizationPair Name="%MinorPopulationQuest03-Choice01Description">[TBD]</LocalizationPair>
  <LocalizationPair Name="%MinorPopulationQuest03-Choice01Objective">$ScienceLawCountName [scientistColored] #52C9E7#Bilim#REVERT# yasalarını $Amount04Name [turn] sırasında etkin tutun.</LocalizationPair>
  <LocalizationPair Name="%MinorPopulationQuest03-Choice01ObjectiveTooltip">[TBD]</LocalizationPair>
  <LocalizationPair Name="%MinorPopulationQuest03-Choice01Outcome">[TBD]</LocalizationPair>
  <LocalizationPair Name="%MinorPopulationQuest03Reward1">20 [turn] süresince [kalgeros] başına +2 [happinessColored]</LocalizationPair>
  <LocalizationPair Name="%MinorPopulationQuest03-Choice02Title">[TBD]</LocalizationPair>
  <LocalizationPair Name="%MinorPopulationQuest03-Choice02Description">[TBD]</LocalizationPair>
  <LocalizationPair Name="%MinorPopulationQuest03-Choice02Objective">$IndustryLawCountName #DF8269#Sanayici#REVERT# yasalarını $Amount04Name [turn] süresince aktif tutun.</LocalizationPair>
  <LocalizationPair Name="%MinorPopulationQuest03-Choice02ObjectiveTooltip">[TBD]</LocalizationPair>
  <LocalizationPair Name="%MinorPopulationQuest03-Choice02Outcome">[TBD]</LocalizationPair>
  <LocalizationPair Name="%MinorPopulationQuest03Reward2">20 [turn] boyunca [poor] Gezegeninde [kalgeros] başına +4 [happinessColored]</LocalizationPair>
  <LocalizationPair Name="%MinorPopulationQuest03-Choice03Title">[TBD]</LocalizationPair>
  <LocalizationPair Name="%MinorPopulationQuest03-Choice03Description">[TBD]</LocalizationPair>
  <LocalizationPair Name="%MinorPopulationQuest03-Choice03Objective">$PacifistLawCountName #A555E7#Pasifist#REVERT# yasalarını $Amount04Name [turn] sırasında etkin tutun.</LocalizationPair>
  <LocalizationPair Name="%MinorPopulationQuest03-Choice03ObjectiveTooltip">[TBD]</LocalizationPair>
  <LocalizationPair Name="%MinorPopulationQuest03-Choice03Outcome">[TBD]</LocalizationPair>
  <LocalizationPair Name="%MinorPopulationQuest03Reward3">20 [turn] süresince [kalgeros] başına +2 [dustColored]</LocalizationPair>
  <LocalizationPair Name="%MinorPopulationQuest04-IntroTitle">Mavros</LocalizationPair>
  <LocalizationPair Name="%MinorPopulationQuest04-IntroDescription">[TBD]</LocalizationPair>
  <LocalizationPair Name="%MinorPopulationQuest04-Choice01Title">[TBD]</LocalizationPair>
  <LocalizationPair Name="%MinorPopulationQuest04-Choice01Description">[TBD]</LocalizationPair>
  <LocalizationPair Name="%MinorPopulationQuest04-Choice01Objective">Mavros Nüfus Koleksiyonu'nun ikinci sırasına ulaşın</LocalizationPair>
  <LocalizationPair Name="%MinorPopulationQuest04-Choice01ObjectiveTooltip">[TBD]</LocalizationPair>
  <LocalizationPair Name="%MinorPopulationQuest04-Choice01Outcome">[TBD]</LocalizationPair>
  <LocalizationPair Name="%MinorPopulationQuest04Reward1">20 [turn] süresince [mavros] başına +2 [industryColored]</LocalizationPair>
  <LocalizationPair Name="%MinorPopulationQuest04-Choice02Title">[TBD]</LocalizationPair>
  <LocalizationPair Name="%MinorPopulationQuest04-Choice02Description">[TBD]</LocalizationPair>
  <LocalizationPair Name="%MinorPopulationQuest04-Choice02Objective">Mavros Sisteminde bir Orta Saldırgan gemisi inşa edin</LocalizationPair>
  <LocalizationPair Name="%MinorPopulationQuest04-Choice02ObjectiveTooltip">[TBD]</LocalizationPair>
  <LocalizationPair Name="%MinorPopulationQuest04-Choice02Outcome">[TBD]</LocalizationPair>
  <LocalizationPair Name="%MinorPopulationQuest04Reward2">20 [turn] süresince [mavros] başına +3 [manpower]</LocalizationPair>
  <LocalizationPair Name="%MinorPopulationQuest04-Choice03Title">[TBD]</LocalizationPair>
  <LocalizationPair Name="%MinorPopulationQuest04-Choice03Description">[TBD]</LocalizationPair>
  <LocalizationPair Name="%MinorPopulationQuest04-Choice03Objective">à [sophons] Sophon ve bir [mavros] Mavros nüfusunu feda etmeye hazırsanız Gezegendeki Merak'ı $MavrosPlanetLocationName arayın.</LocalizationPair>
  <LocalizationPair Name="%MinorPopulationQuest04-Choice03ObjectiveTooltip">[TBD]</LocalizationPair>
  <LocalizationPair Name="%MinorPopulationQuest04-Choice03Outcome">[TBD]</LocalizationPair>
  <LocalizationPair Name="%MinorPopulationQuest04Reward3">20 [turn] süresince [mavros] başına +2 [industryColored] 
 20 [turn] süresince [sophons] başına +2 [scienceColored]</LocalizationPair>
  <LocalizationPair Name="%MinorPopulationQuest05-IntroTitle">Haroshems</LocalizationPair>
  <LocalizationPair Name="%MinorPopulationQuest05-IntroDescription">[TBD]</LocalizationPair>
  <LocalizationPair Name="%MinorPopulationQuest05-Choice01Title">[TBD]</LocalizationPair>
  <LocalizationPair Name="%MinorPopulationQuest05-Choice01Description">[TBD]</LocalizationPair>
  <LocalizationPair Name="%MinorPopulationQuest05-Choice01Objective">En az $Amount02Name [temperatureCold] Soğuk gezegenlere sahip olun.</LocalizationPair>
  <LocalizationPair Name="%MinorPopulationQuest05-Choice01ObjectiveTooltip">[TBD]</LocalizationPair>
  <LocalizationPair Name="%MinorPopulationQuest05-Choice01Outcome">[TBD]</LocalizationPair>
  <LocalizationPair Name="%MinorPopulationQuest05Reward1">20 [turn] süresince [poor] Steril gezegende [haroshems] başına +4 [foodColored]</LocalizationPair>
  <LocalizationPair Name="%MinorPopulationQuest05-Choice02Title">[TBD]</LocalizationPair>
  <LocalizationPair Name="%MinorPopulationQuest05-Choice02Description">[TBD]</LocalizationPair>
  <LocalizationPair Name="%MinorPopulationQuest05-Choice02Objective">Ödeme yapmaya hazır olduğunuzda $Amount03Name [dustColored], Gezegendeki merakı araştırın $HaroshemsPlanetLocationName.</LocalizationPair>
  <LocalizationPair Name="%MinorPopulationQuest05-Choice02ObjectiveTooltip">[TBD]</LocalizationPair>
  <LocalizationPair Name="%MinorPopulationQuest05-Choice02Outcome">[TBD]</LocalizationPair>
  <LocalizationPair Name="%MinorPopulationQuest05Reward2">20 [turn] süresince [haroshems] başına +4 [foodColored]</LocalizationPair>
  <LocalizationPair Name="%MinorPopulationQuest06-IntroTitle">Hacılar</LocalizationPair>
  <LocalizationPair Name="%MinorPopulationQuest06-IntroDescription">[TBD]</LocalizationPair>
  <LocalizationPair Name="%MinorPopulationQuest06-Choice01Title">[TBD]</LocalizationPair>
  <LocalizationPair Name="%MinorPopulationQuest06-Choice01Description">[TBD]</LocalizationPair>
  <LocalizationPair Name="%MinorPopulationQuest06-Choice01Objective">Kahraman Seviyesi $Amount05Name ile Tor'daki Merak'ı araştırın.</LocalizationPair>
  <LocalizationPair Name="%MinorPopulationQuest06-Choice01ObjectiveTooltip">[TBD]</LocalizationPair>
  <LocalizationPair Name="%MinorPopulationQuest06-Choice01Outcome">[TBD]</LocalizationPair>
  <LocalizationPair Name="%MinorPopulationQuest06Reward1&#xA;">20 [turn] süresince +1 [prestigeColored] açık [pilgrims]</LocalizationPair>
  <LocalizationPair Name="%MinorPopulationQuest06-Choice02Title">[TBD]</LocalizationPair>
  <LocalizationPair Name="%MinorPopulationQuest06-Choice02Description">[TBD]</LocalizationPair>
  <LocalizationPair Name="%MinorPopulationQuest06-Choice02Objective">$Amount06Name [happinessColored] binaları inşa edin.</LocalizationPair>
  <LocalizationPair Name="%MinorPopulationQuest06-Choice02ObjectiveTooltip">[TBD]</LocalizationPair>
  <LocalizationPair Name="%MinorPopulationQuest06-Choice02Outcome">[TBD]</LocalizationPair>
  <LocalizationPair Name="%MinorPopulationQuest06Reward1Bis">20 [turn] süresince gezegende [pilgrims] üzerinde [poor] +4 [scienceColored]</LocalizationPair>
  <LocalizationPair Name="%MinorPopulationQuest06-Choice03Title">[TBD]</LocalizationPair>
  <LocalizationPair Name="%MinorPopulationQuest06-Choice03Description">[TBD]</LocalizationPair>
  <LocalizationPair Name="%MinorPopulationQuest06-Choice03Objective">[pilgrims] hacı nüfusuna sahip bir Sistemde $Amount02Name [industryColored]'e ulaşın</LocalizationPair>
  <LocalizationPair Name="%MinorPopulationQuest06-Choice03ObjectiveTooltip">[TBD]</LocalizationPair>
  <LocalizationPair Name="%MinorPopulationQuest06-Choice03Outcome">[TBD]</LocalizationPair>
  <LocalizationPair Name="%MinorPopulationQuest06Reward2">20 [turn] süresince +2 [happinessColored] açık [pilgrims]</LocalizationPair>
  <LocalizationPair Name="%MinorPopulationQuest06-Choice04Title">[TBD]</LocalizationPair>
  <LocalizationPair Name="%MinorPopulationQuest06-Choice04Description">[TBD]</LocalizationPair>
  <LocalizationPair Name="%MinorPopulationQuest06-Choice04Objective">$Amount04Name [curiosity] merak tipi kalıntıları arayın.</LocalizationPair>
  <LocalizationPair Name="%MinorPopulationQuest06-Choice04ObjectiveTooltip">[TBD]</LocalizationPair>
  <LocalizationPair Name="%MinorPopulationQuest06-Choice04Outcome">[TBD]</LocalizationPair>
  <LocalizationPair Name="%MinorPopulationQuest06Reward3">20 [turn] süresince gezegende [pilgrims] üzerinde [poor] +4 [industryColored]</LocalizationPair>
  <LocalizationPair Name="%MinorPopulationQuest07-IntroTitle">Niris.</LocalizationPair>
  <LocalizationPair Name="%MinorPopulationQuest07-IntroDescription">[TBD]</LocalizationPair>
  <LocalizationPair Name="%MinorPopulationQuest07-Choice01Title">[TBD]</LocalizationPair>
  <LocalizationPair Name="%MinorPopulationQuest07-Choice01Description">[TBD]</LocalizationPair>
  <LocalizationPair Name="%MinorPopulationQuest07-Choice01Objective">$Timer [turn]'ten daha kısa sürede, seviye atlayın $Amount02Name Sistemler.</LocalizationPair>
  <LocalizationPair Name="%MinorPopulationQuest07-Choice01ObjectiveTooltip">Yeni Sistem Yükseltmeleri oluşturmak ve bunları sistemler üzerine inşa etmek için Ekonomi Ekranını kullanın.</LocalizationPair>
  <LocalizationPair Name="%MinorPopulationQuest07-Choice01Outcome">[TBD]</LocalizationPair>
  <LocalizationPair Name="%MinorPopulationQuest07Reward1">20 [turn] süresince [niris] başına +2 [industryColored]</LocalizationPair>
  <LocalizationPair Name="%MinorPopulationQuest07-Choice02Title">[TBD]</LocalizationPair>
  <LocalizationPair Name="%MinorPopulationQuest07-Choice02Description">[TBD]</LocalizationPair>
  <LocalizationPair Name="%MinorPopulationQuest07-Choice02Objective">$Timer [turn]'ten daha kısa bir sürede yeni bir Okyanus veya Muson Gezegenine sahip olun.</LocalizationPair>
  <LocalizationPair Name="%MinorPopulationQuest07-Choice02ObjectiveTooltip">Bu gezegenleri elde etmek için karakol kurun, kolonileştirin veya dünyalaştırın. Boreal'in Okyanus'a, Bozkır ve Savannah'ın Muson'a dönüştürülebileceğine dikkat edin.</LocalizationPair>
  <LocalizationPair Name="%MinorPopulationQuest07-Choice02Outcome">[TBD]</LocalizationPair>
  <LocalizationPair Name="%MinorPopulationQuest07Reward2">20 [turn] boyunca Okyanus ve Muson'da [niris] başına +5 [industryColored]</LocalizationPair>
  <LocalizationPair Name="%MinorPopulationQuest08-IntroTitle">Niris\Greenman\Sephelos</LocalizationPair>
  <LocalizationPair Name="%MinorPopulationQuest08-IntroDescription">[TBD]</LocalizationPair>
  <LocalizationPair Name="%MinorPopulationQuest08-Choice01Title">[TBD]</LocalizationPair>
  <LocalizationPair Name="%MinorPopulationQuest08-Choice01Description">[TBD]</LocalizationPair>
  <LocalizationPair Name="%MinorPopulationQuest08-Choice01Objective">$Timer [turn]'ten daha kısa bir sürede, en azından yeni bir zehirli Gezegene sahip olun.</LocalizationPair>
  <LocalizationPair Name="%MinorPopulationQuest08-Choice01ObjectiveTooltip">Sadece Riftborn bir gezegeni zehirli hale getirebilir. Diğer tüm gruplar kolonileşmek zorundadır.</LocalizationPair>
  <LocalizationPair Name="%MinorPopulationQuest08-Choice01Outcome">[TBD]</LocalizationPair>
  <LocalizationPair Name="%MinorPopulationQuest08Reward1">20 [turn] süresince [greenman] başına +2 [happinessColored]</LocalizationPair>
  <LocalizationPair Name="%MinorPopulationQuest08-Choice02Title">[TBD]</LocalizationPair>
  <LocalizationPair Name="%MinorPopulationQuest08-Choice02Description">[TBD]</LocalizationPair>
  <LocalizationPair Name="%MinorPopulationQuest08-Choice02Objective">$Timer [turn]'ten daha kısa bir sürede en az yeni bir Atoll gezegenine sahip olun</LocalizationPair>
  <LocalizationPair Name="%MinorPopulationQuest08-Choice02ObjectiveTooltip">Ormanlar atol gezegenlere dönüştürülebilir. İmparatorluğunuza bir Atol gezegeni eklemek için bir gezegeni karakollaştırın, kolonileştirin veya terraformlayın.</LocalizationPair>
  <LocalizationPair Name="%MinorPopulationQuest08-Choice02Outcome">[TBD]</LocalizationPair>
  <LocalizationPair Name="%MinorPopulationQuest08Reward2">20 [turn] süresince [cravers] başına +2 [happinessColored]</LocalizationPair>
  <LocalizationPair Name="%MinorPopulationQuest09-IntroTitle">Tikanans</LocalizationPair>
  <LocalizationPair Name="%MinorPopulationQuest09-IntroDescription">[TBD]</LocalizationPair>
  <LocalizationPair Name="%MinorPopulationQuest09-Choice01Title">[TBD]</LocalizationPair>
  <LocalizationPair Name="%MinorPopulationQuest09-Choice01Description">[TBD]</LocalizationPair>
  <LocalizationPair Name="%MinorPopulationQuest09-Choice01Objective">$Amount02Name [manpower] Empire hisselerine ulaşın.</LocalizationPair>
  <LocalizationPair Name="%MinorPopulationQuest09-Choice01ObjectiveTooltip">[TBD]</LocalizationPair>
  <LocalizationPair Name="%MinorPopulationQuest09-Choice01Outcome">[TBD]</LocalizationPair>
  <LocalizationPair Name="%MinorPopulationQuest09Reward1">20 [turn] süresince [tikanans] başına +3 [manpower] insan gücü</LocalizationPair>
  <LocalizationPair Name="%MinorPopulationQuest09-Choice02Title">[TBD]</LocalizationPair>
  <LocalizationPair Name="%MinorPopulationQuest09-Choice02Description">[TBD]</LocalizationPair>
  <LocalizationPair Name="%MinorPopulationQuest09-Choice02Objective">En az $Amount05Name'te $Amount04Name [happinessColored]'e ulaşın ve sürdürün Sistemler.</LocalizationPair>
  <LocalizationPair Name="%MinorPopulationQuest09-Choice02ObjectiveTooltip">[TBD]</LocalizationPair>
  <LocalizationPair Name="%MinorPopulationQuest09-Choice02Outcome">[TBD]</LocalizationPair>
  <LocalizationPair Name="%MinorPopulationQuest09Reward2">20 [turn] süresince [tikanans] ile Sistem üzerinde +1 [prestigeColored]</LocalizationPair>
  <LocalizationPair Name="%MinorPopulationQuest09-Choice03Title">[TBD]</LocalizationPair>
  <LocalizationPair Name="%MinorPopulationQuest09-Choice03Description">[TBD]</LocalizationPair>
  <LocalizationPair Name="%MinorPopulationQuest09-Choice03Objective">$Amount03Name [offensiveMilitaryPower] saldırgan askeri güce sahip bir gemiye sahip olmak.</LocalizationPair>
  <LocalizationPair Name="%MinorPopulationQuest09-Choice03ObjectiveTooltip">[TBD]</LocalizationPair>
  <LocalizationPair Name="%MinorPopulationQuest09-Choice03Outcome">[TBD]</LocalizationPair>
  <LocalizationPair Name="%MinorPopulationQuest09Reward3">20 [turn] boyunca [poor] gezegende [tikanans] başına +5 [manpower] insan gücü</LocalizationPair>
  <LocalizationPair Name="%MinorPopulationQuest10-IntroTitle">Amip</LocalizationPair>
  <LocalizationPair Name="%MinorPopulationQuest10-IntroDescription">[TBD]</LocalizationPair>
  <LocalizationPair Name="%MinorPopulationQuest10-Choice01Title">[TBD]</LocalizationPair>
  <LocalizationPair Name="%MinorPopulationQuest10-Choice01Description">[TBD]</LocalizationPair>
  <LocalizationPair Name="%MinorPopulationQuest10-Choice01Objective">Diğer sanat formlarını bulmak için Galaksinin $Amount05Name %'sini arayın.</LocalizationPair>
  <LocalizationPair Name="%MinorPopulationQuest10-Choice01ObjectiveTooltip">[TBD]</LocalizationPair>
  <LocalizationPair Name="%MinorPopulationQuest10-Choice01Outcome">[TBD]</LocalizationPair>
  <LocalizationPair Name="%MinorPopulationQuest10Reward1">20 [turn] boyunca [amoebas] başına +1 [foodColored].</LocalizationPair>
  <LocalizationPair Name="%MinorPopulationQuest10-Choice02Title">[TBD]</LocalizationPair>
  <LocalizationPair Name="%MinorPopulationQuest10-Choice02Description">[TBD]</LocalizationPair>
  <LocalizationPair Name="%MinorPopulationQuest10-Choice02Objective">En az $Amount02Name #a555e7#Etki(#REVERT# binalarına sahip olmak.</LocalizationPair>
  <LocalizationPair Name="%MinorPopulationQuest10-Choice02ObjectiveTooltip">[TBD]</LocalizationPair>
  <LocalizationPair Name="%MinorPopulationQuest10-Choice02Outcome">[TBD]</LocalizationPair>
  <LocalizationPair Name="%MinorPopulationQuest10Reward2">20 [turn] süresince [temperatureCold] başına [amoebas] +2 [foodColored]</LocalizationPair>
  <LocalizationPair Name="%MinorPopulationQuest10-Choice03Title">[TBD]</LocalizationPair>
  <LocalizationPair Name="%MinorPopulationQuest10-Choice03Description">[TBD]</LocalizationPair>
  <LocalizationPair Name="%MinorPopulationQuest10-Choice03Objective">En az $Amount04Name [amoebas] Amip vatandaşı elde edin.</LocalizationPair>
  <LocalizationPair Name="%MinorPopulationQuest10-Choice03ObjectiveTooltip">[TBD]</LocalizationPair>
  <LocalizationPair Name="%MinorPopulationQuest10-Choice03Outcome">[TBD]</LocalizationPair>
  <LocalizationPair Name="%MinorPopulationQuest10Reward3">20 [turn] süresince [poor] başına [amoebas] +2 [foodColored]</LocalizationPair>
  <LocalizationPair Name="%MinorPopulationQuest11-IntroTitle">Desperado</LocalizationPair>
  <LocalizationPair Name="%MinorPopulationQuest11-IntroDescription">Armoni olarak bilinen eski bir grupla uzaktan akraba olan bir grup kristal varlık olan Pulsoslar, İmparatorluğunuzdaki çeşitli Sistemlerde topluluklar kurmaya başlıyor. 
 
 Tarihleri nedeniyle Pulsoslar, damarlarında bir enfeksiyon gibi dolaşan Toz'u incelemeyi saplantı haline getirmişlerdir. Kendilerini Toz'un tüm garip güçlerini ve özelliklerini ortaya çıkarmaya adamışlardır. Ancak bazen bu saplantıları kontrolden çıkabilir. 
 
 Alxsiox adında bir kaçağın peşine düşülmüştür; Pulsos'lu başına buyruk biri olan bu kişi, bazı cüretkâr soygunlar gerçekleştirerek ve özel firkateyninde devasa bir zula biriktirerek Toz üzerindeki çalışmalarını bir üst seviyeye taşımıştır. Onunla bir tür silah geliştirdiği söyleniyor. 
</LocalizationPair>
  <LocalizationPair Name="%MinorPopulationQuest11-Choice01Title">Ortadan kaldırmak</LocalizationPair>
  <LocalizationPair Name="%MinorPopulationQuest11-Choice01Description">Hiçbir erkek, kadın ya da enfekte kristal kanunun üstünde değildir. Alxsiox'un filosunu bulun ve yok edin.</LocalizationPair>
  <LocalizationPair Name="%MinorPopulationQuest11-Choice01Objective">$System01Name sistemine git ve Alxsiox'un filosunu yen.</LocalizationPair>
  <LocalizationPair Name="%MinorPopulationQuest11-Choice01ObjectiveTooltip">Konum bir görev işaretiyle gösterilir.</LocalizationPair>
  <LocalizationPair Name="%MinorPopulationQuest11-Choice01Outcome">Alxsiox ve filosundan geriye kalan tek şey ışıltılı bir uzay tozu bulutu. İmparatorluğunuzun Pulsos'u bu konuda biraz karışık duygulara sahip olsa da, halkınızın çoğu yasaları koruma konusundaki kararlılığınızı alkışlıyor.</LocalizationPair>
  <LocalizationPair Name="%MinorPopulationQuest11Reward1">20 [turn] süresince stratejik gezegende [pulsos] başına +3 [prestigeColored]</LocalizationPair>
  <LocalizationPair Name="%MinorPopulationQuest11-Choice02Title">Pazarlık</LocalizationPair>
  <LocalizationPair Name="%MinorPopulationQuest11-Choice02Description">Alxsiox yasaları çiğnedi, ancak mümkünse Pulsos topluluğu içinde barışı korumak istiyoruz. Güçlü bir filo toplayın ve onu sessizce getirin. Belki onun bulguları da araştırmaya değerdir.</LocalizationPair>
  <LocalizationPair Name="%MinorPopulationQuest11-Choice02Objective">Sisteme ([shipCrewColored] İnsan Gücü $Amount02Name Filosu $System01Name getirin.</LocalizationPair>
  <LocalizationPair Name="%MinorPopulationQuest11-Choice02ObjectiveTooltip">Konum bir görev işaretiyle gösterilir.</LocalizationPair>
  <LocalizationPair Name="%MinorPopulationQuest11-Choice02Outcome">Neredeyse imkansız ihtimallerle karşı karşıya kalan Alxsiox teslim oldu ve içeri alınmayı kabul etti. Bu pahalı bir manevra oldu, ancak birçoğu gizliden gizliye Alxsiox'a hayranlık duyan Pulsos halkınızın beğenisini kazandı. Toz araştırması da çok ilginç oldu.</LocalizationPair>
  <LocalizationPair Name="%MinorPopulationQuest11Reward2">20 [turn] süresince [pulsos] başına +3 [manPower]</LocalizationPair>
  <LocalizationPair Name="%MinorPopulationQuest11-Choice03Title">Yardım</LocalizationPair>
  <LocalizationPair Name="%MinorPopulationQuest11-Choice03Description">Tehlikeli yeni bir süper silah mı inşa ediyorsunuz? İmparatorluğumuzda buna hazır olabilecek bazı insanlar var. İnsanlar derken, Sophonları kastediyoruz. İşbirliği yapmalarına izin verirsek, muhtemelen önce onlara tüm bu Tozun uçuculuğuna dayanabilecek bir nakliye gemisi inşa etmemiz gerekecek.</LocalizationPair>
  <LocalizationPair Name="%MinorPopulationQuest11-Choice03Objective">Sisteme $Amount04Name [defensiveMilitaryPower] Savunma Gücüne sahip bir gemi getirin $System01Name.</LocalizationPair>
  <LocalizationPair Name="%MinorPopulationQuest11-Choice03ObjectiveTooltip">Konum bir görev işaretiyle gösterilir.</LocalizationPair>
  <LocalizationPair Name="%MinorPopulationQuest11-Choice03Outcome">Alxsiox, başlangıçta temkinli olsa da, yüksek teknolojili patlayıcılar konusundaki anlayışınızı önemli ölçüde geliştirmeyi vaat eden ortak bir araştırma projesinde Sophonlarla birlikte çalışmayı kabul etti. Alxsiox mutlu. Pulsos mutlu. Sophonlar çok ama çok mutlu.</LocalizationPair>
  <LocalizationPair Name="%MinorPopulationQuest11Reward3">20 [turn] süresince [pulsos] başına +2 [industryColored]</LocalizationPair>
  <LocalizationPair Name="%MinorPopulationQuest12-IntroTitle">Hisshos</LocalizationPair>
  <LocalizationPair Name="%MinorPopulationQuest12-IntroDescription">[TBD]</LocalizationPair>
  <LocalizationPair Name="%MinorPopulationQuest12-Choice01Title">[TBD]</LocalizationPair>
  <LocalizationPair Name="%MinorPopulationQuest12-Choice01Description">[TBD]</LocalizationPair>
  <LocalizationPair Name="%MinorPopulationQuest12-Choice01Objective">Oluştur $Amount01Name Approval Star Systems sistemlerinizde iyileştirme veya Wonder</LocalizationPair>
  <LocalizationPair Name="%MinorPopulationQuest12-Choice01ObjectiveTooltip">[TBD]</LocalizationPair>
  <LocalizationPair Name="%MinorPopulationQuest12-Choice01Outcome">[TBD]</LocalizationPair>
  <LocalizationPair Name="%MinorPopulationQuest12Reward1">20 [turn] süresince Mutlu Sistemde [hisshos] başına +5 [manpower]</LocalizationPair>
  <LocalizationPair Name="%MinorPopulationQuest12-Choice02Title">[TBD]</LocalizationPair>
  <LocalizationPair Name="%MinorPopulationQuest12-Choice02Description">[TBD]</LocalizationPair>
  <LocalizationPair Name="%MinorPopulationQuest12-Choice02Objective">Oluştur $Amount01Name Savunma Yıldız Sistemleri sistemlerinizde iyileştirme veya Mucize</LocalizationPair>
  <LocalizationPair Name="%MinorPopulationQuest12-Choice02ObjectiveTooltip">[TBD]</LocalizationPair>
  <LocalizationPair Name="%MinorPopulationQuest12-Choice02Outcome">[TBD]</LocalizationPair>
  <LocalizationPair Name="%MinorPopulationQuest12Reward2">20 [turn] süresince [hisshos] başına +3 [manpower]</LocalizationPair>
  <LocalizationPair Name="%MinorPopulationQuest12-Choice03Title">[TBD]</LocalizationPair>
  <LocalizationPair Name="%MinorPopulationQuest12-Choice03Description">[TBD]</LocalizationPair>
  <LocalizationPair Name="%MinorPopulationQuest12-Choice03Objective">Bir filo modülü ile donatılmış en az $Amount03Name gemiye sahip olun.</LocalizationPair>
  <LocalizationPair Name="%MinorPopulationQuest12-Choice03ObjectiveTooltip">Bir filo modülü bir avcı veya bombardıman uçağı modülüdür.</LocalizationPair>
  <LocalizationPair Name="%MinorPopulationQuest12-Choice03Outcome">[TBD]</LocalizationPair>
  <LocalizationPair Name="%MinorPopulationQuest12Reward3">20 [turn] süresince [hisshos] başına +2 [happiness]</LocalizationPair>
  <LocalizationPair Name="%MinorPopulationQuest13-IntroTitle">Gnashast</LocalizationPair>
  <LocalizationPair Name="%MinorPopulationQuest13-IntroDescription">[TBD]</LocalizationPair>
  <LocalizationPair Name="%MinorPopulationQuest13-Choice01Title">[TBD]</LocalizationPair>
  <LocalizationPair Name="%MinorPopulationQuest13-Choice01Description">[TBD]</LocalizationPair>
  <LocalizationPair Name="%MinorPopulationQuest13-Choice01Objective">Erişim $Amount02Name [manPowerColored] İmparatorluk İnsan gücü kapasitesi</LocalizationPair>
  <LocalizationPair Name="%MinorPopulationQuest13-Choice01ObjectiveTooltip">[TBD]</LocalizationPair>
  <LocalizationPair Name="%MinorPopulationQuest13-Choice01Outcome">[TBD]</LocalizationPair>
  <LocalizationPair Name="%MinorPopulationQuest13Reward1">20 [turn] süresince yer savaşında [gnashasts] +70 hasar</LocalizationPair>
  <LocalizationPair Name="%MinorPopulationQuest13-Choice02Title">[TBD]</LocalizationPair>
  <LocalizationPair Name="%MinorPopulationQuest13-Choice02Description">[TBD]</LocalizationPair>
  <LocalizationPair Name="%MinorPopulationQuest13-Choice02Objective">Kazan $Amount03Name Yumurtlayan bir gemi ile savaşlar</LocalizationPair>
  <LocalizationPair Name="%MinorPopulationQuest13-Choice02ObjectiveTooltip">[TBD]</LocalizationPair>
  <LocalizationPair Name="%MinorPopulationQuest13-Choice02Outcome">[TBD]</LocalizationPair>
  <LocalizationPair Name="%MinorPopulationQuest13Reward2">20 [turn] boyunca [rich] gezegende [gnashasts] başına Kara Savaşında +25 hasar</LocalizationPair>
  <LocalizationPair Name="%MinorPopulationQuest13-Choice03Title">[TBD]</LocalizationPair>
  <LocalizationPair Name="%MinorPopulationQuest13-Choice03Description">[TBD]</LocalizationPair>
  <LocalizationPair Name="%MinorPopulationQuest13-Choice03Objective">$Amount04Name'e atayın Sistemler, $Amount04Name kahraman seviyeleri $Amount05Name.</LocalizationPair>
  <LocalizationPair Name="%MinorPopulationQuest13-Choice03ObjectiveTooltip">[TBD]</LocalizationPair>
  <LocalizationPair Name="%MinorPopulationQuest13-Choice03Outcome">[TBD]</LocalizationPair>
  <LocalizationPair Name="%MinorPopulationQuest13Reward3">20 [turn] süresince [gnashasts] başına +1 [prestigeColored]</LocalizationPair>
  <LocalizationPair Name="%MinorPopulationQuest18-IntroTitle">Z'vali</LocalizationPair>
  <LocalizationPair Name="%MinorPopulationQuest18-IntroDescription">[TBD]</LocalizationPair>
  <LocalizationPair Name="%MinorPopulationQuest18-Choice01Title">[TBD]</LocalizationPair>
  <LocalizationPair Name="%MinorPopulationQuest18-Choice01Description">[TBD]</LocalizationPair>
  <LocalizationPair Name="%MinorPopulationQuest18-Choice01Objective">Oluştur $Amount01Name Science Star Systems sistemlerinizde iyileştirme veya Mucize.</LocalizationPair>
  <LocalizationPair Name="%MinorPopulationQuest18-Choice01ObjectiveTooltip">[TBD]</LocalizationPair>
  <LocalizationPair Name="%MinorPopulationQuest18-Choice01Outcome">[TBD]</LocalizationPair>
  <LocalizationPair Name="%MinorPopulationQuest18Reward1">20 [turn] boyunca Esrik Sistemde [zvalis] başına +2 [scienceColored].</LocalizationPair>
  <LocalizationPair Name="%MinorPopulationQuest18-Choice02Title">[TBD]</LocalizationPair>
  <LocalizationPair Name="%MinorPopulationQuest18-Choice02Description">[TBD]</LocalizationPair>
  <LocalizationPair Name="%MinorPopulationQuest18-Choice02Objective">$Amount02Name [dustColored] toplayın ve [curiosity] Gezegendeki Merakı $ZvaliPlanetLocationName araştırın.</LocalizationPair>
  <LocalizationPair Name="%MinorPopulationQuest18-Choice02ObjectiveTooltip">[TBD]</LocalizationPair>
  <LocalizationPair Name="%MinorPopulationQuest18-Choice02Outcome">[TBD]</LocalizationPair>
  <LocalizationPair Name="%MinorPopulationQuest18Reward2">20 [turn] süresince [zvalis] başına +4 [scienceColored]</LocalizationPair>
  <LocalizationPair Name="%MinorPopulationQuest18-Choice03Title">[TBD]</LocalizationPair>
  <LocalizationPair Name="%MinorPopulationQuest18-Choice03Description">[TBD]</LocalizationPair>
  <LocalizationPair Name="%MinorPopulationQuest18-Choice03Objective">İmparatorluğunuzda tur başına $Amount05Name [scienceColored] üretime ulaşın.</LocalizationPair>
  <LocalizationPair Name="%MinorPopulationQuest18-Choice03ObjectiveTooltip">[TBD]</LocalizationPair>
  <LocalizationPair Name="%MinorPopulationQuest18-Choice03Outcome">[TBD]</LocalizationPair>
  <LocalizationPair Name="%MinorPopulationQuest18Reward3">20 [turn] süresince [zvalis] başına +2 [dustColored]</LocalizationPair>
  <LocalizationPair Name="%MFPiratesMediumAttackAvgQuest01Title">Gnashast gemisi</LocalizationPair>
</Datatable>