﻿<?xml version="1.0" encoding="utf-8"?>
<Datatable xmlns:xsi="http://www.w3.org/2001/XMLSchema-instance" xmlns:xsd="http://www.w3.org/2001/XMLSchema">
  <LocalizationPair Name="%EventRandom14-Title">Kalıntılar ve Mülteciler</LocalizationPair>
  <LocalizationPair Name="%EventRandom14-Description">Soğuk ve mesafeli görünseler de, bu kazazedeler yardımınızı isteyecek kadar insanlığa sahipler. Türlerinin çoğunun bozulduğu veya delirdiği bir Sonsuz bölgesinden kaçan, sakat bir gemiye pilotluk yapan bir grup Kalıntı. Sebebini keşfedemeden kaçmak zorunda kalmış olsalar da, uzayda başka ölümler ya da belirtiler olmadan topallayarak ilerliyorlar. Bir zamanlar onları lanetleyen her neyse, artık yoluna girmiştir ve bu Kalıntı nüfusu bir kez daha yerleşmeye, yaşamaya ve çalışmaya heveslidir. 
 Elbette imparatorluğunuzda buna karşı çıkanlar da var; bilinmeyen mülteciler bazıları tarafından hoş karşılanmıyor, bazıları tarafından ise korkuluyor. Çaresiz Kalanlar emirlerinizi bekliyor. Siz ne yapacaksınız?</LocalizationPair>
  <LocalizationPair Name="%EventRandom14-Choice01Title">Kabul et</LocalizationPair>
  <LocalizationPair Name="%EventRandom14-Choice01Description">Kalıntıları sisteminize ve toplumunuza hoş geldiniz</LocalizationPair>
  <LocalizationPair Name="%EventRandom14-Choice02Title">Çöp</LocalizationPair>
  <LocalizationPair Name="%EventRandom14-Choice02Description">Şanssız mültecileri yollarına gönderin</LocalizationPair>
  <LocalizationPair Name="%EventRandom14Choice01GameplayEffect">Sistem $SystemName üzerinde +2 [remnants]</LocalizationPair>
  <LocalizationPair Name="%EventRandom14Choice01PoliticEffect">Artırır [ecologistColored] (Ekolojist) siyasi ideoloji 
 %20 olumsuz sonuç olasılığı</LocalizationPair>
  <LocalizationPair Name="%EventRandom14Choice02PoliticEffect">[militaristColored] (Militarist) siyasi ideolojiyi artırır</LocalizationPair>
  <LocalizationPair Name="%EventRandom15-Title">Egzotik ve Eksantrik</LocalizationPair>
  <LocalizationPair Name="%EventRandom15-Description">Bir zamanlar mülteci olarak karşıladığınız Kalıntılar artık imparatorluğunuzun başarılı üyeleri. Bir zamanlar suikast konusunda uzman olan Android varlıklar, yakın zamanda araştırdığınız Egzotik Askeri Modüllerin iç işleyişinin çoğunu anladıklarını iddia ederek ortaya çıkıyorlar. En son askeri teknolojinizin uygulanmasında ve kurulumunda onların yardımını kabul edecek misiniz?  
 İmparatorluğunuza minnettarlıklarından dolayı yardım etmek istediklerinde ısrar ediyorlar, ancak güvensiz askeri teknoloji uzmanları bu tür tehlikeli oyuncaklardan uzak durmalarını tercih ediyor.</LocalizationPair>
  <LocalizationPair Name="%EventRandom15-Choice01Title">Kabul et</LocalizationPair>
  <LocalizationPair Name="%EventRandom15-Choice01Description">Bırakın Kalıntılar teknisyenlerinizin Egzotik Modüllerden yararlanmasına yardımcı olsun</LocalizationPair>
  <LocalizationPair Name="%EventRandom15-Choice02Title">Çöp</LocalizationPair>
  <LocalizationPair Name="%EventRandom15-Choice02Description">Yardımlarını kabul etmeyin; bırakın minnettarlıklarını başka bir şekilde göstersinler</LocalizationPair>
  <LocalizationPair Name="%EventEffect110Effect">+%20 Toz ve stratejik güçlendirme maliyeti.</LocalizationPair>
  <LocalizationPair Name="%EventEffect111Effect">-%20 Toz ve stratejik güçlendirme maliyeti.</LocalizationPair>
  <LocalizationPair Name="%EventRandom16-Title">Kanlı ve Şaşkın</LocalizationPair>
  <LocalizationPair Name="%EventRandom16-Description">Görünüşe göre bazen hediye atının -ya da Remnant'ın- ağzına bakmak gerekiyor. Yıllar önce Remnant mülteci grubunda yanlış giden her neyse, yeniden ortaya çıkıyor gibi görünüyor. Öldürücü saldırılar, açıklanamayan şiddet olayları ve terörize edilen ofis ve fabrikalarla ilgili hikayeler var. Kanunsuzlar aynı şekilde karşılık verdi ve basın çatışmayı alevlendirmeye devam ediyor. 
 Görünüşe göre bu kez cömertlik işe yaramadı.</LocalizationPair>
  <LocalizationPair Name="%EventRandom16-Choice01Title">Tutuklama</LocalizationPair>
  <LocalizationPair Name="%EventRandom16-Choice01Description">Hem Kalıntıları hem de saldırganları hapsedin ve kontrol altına alın</LocalizationPair>
  <LocalizationPair Name="%EventRandom17-Title">Lazerler ve Kertenkeleler</LocalizationPair>
  <LocalizationPair Name="%EventRandom17-Description">Burra Techseeker, Kahraman ve mucit, Egzotik Modüllere ve Kalıntı'nın bunlara olan takıntısına özel bir ilgi duymuştur. 
 Aslında, düşük seviyeli Sonsuz teknolojisini bu yıkım silahlarına uyarlayan projenin bilimsel lideriydi. Çok az varlığın bildiği gerçek hikaye, test protokollerindeki büyük bir başarısızlığın uygarlığının büyük bir bölümünün yok olmasına neden olduğudur. Deneyi yürüten Mavroslar bunu basitçe "talihsiz yan etkiler" olarak adlandırırken, diğerleri Techseeker'ın bir savaş suçlusu olduğunu ve bu şekilde muamele görmesi gerektiğini düşünmektedir.</LocalizationPair>
  <LocalizationPair Name="%EventRandom17-Choice01Title">Kınamak</LocalizationPair>
  <LocalizationPair Name="%EventRandom17-Choice01Description">Techseeker'ın itiraf etmesini ve özür dilemesini sağlayın</LocalizationPair>
  <LocalizationPair Name="%EventRandom17-Choice02Title">Destek</LocalizationPair>
  <LocalizationPair Name="%EventRandom17-Choice02Description">Techseeker'ın dehasını kutlayın ve ikincil zararı görmezden gelin</LocalizationPair>
  <LocalizationPair Name="%PopulationPoliticalEventNarrative76Title">Etkinlik: Kalıntılar ve Mülteciler</LocalizationPair>
  <LocalizationPair Name="%PopulationPoliticalEventNarrative77Title">Etkinlik: Kalıntılar ve Mülteciler</LocalizationPair>
  <LocalizationPair Name="%PopulationPoliticalEventNarrative78Title">Etkinlik: Egzotik ve Eksantrik</LocalizationPair>
  <LocalizationPair Name="%PopulationPoliticalEventNarrative79Title">Etkinlik: Egzotik ve Eksantrik</LocalizationPair>
  <LocalizationPair Name="%PopulationPoliticalEventNarrative80Title">Etkinlik: Kanlı ve Şaşkın</LocalizationPair>
  <LocalizationPair Name="%PopulationPoliticalEventNarrative81Title">Etkinlik: Lazerler ve Kertenkeleler</LocalizationPair>
  <LocalizationPair Name="%PopulationPoliticalEventNarrative82Title">Etkinlik: Lazerler ve Kertenkeleler</LocalizationPair>
  <LocalizationPair Name="%SimEventEffect108Title">Etkinlik: Kalıntılar ve Mülteciler</LocalizationPair>
  <LocalizationPair Name="%SimEventEffect110Title">Etkinlik: Egzotik ve Eksantrik</LocalizationPair>
  <LocalizationPair Name="%SimEventEffect111Title">Etkinlik: Egzotik ve Eksantrik</LocalizationPair>
  <LocalizationPair Name="%SimEventEffect112Title">Etkinlik: Kanlı ve Şaşkın</LocalizationPair>
  <LocalizationPair Name="%SimEventEffect113Title">Etkinlik: Lazerler ve Kertenkeleler</LocalizationPair>
  <LocalizationPair Name="%SimEventEffect128Title">Etkinlik: Lazerler ve Kertenkeleler</LocalizationPair>
  <LocalizationPair Name="%ModuleSquadronBomberEnergy1Title">Temel Plazma Bombardıman Uçakları</LocalizationPair>
  <LocalizationPair Name="%ModuleSquadronFighterEnergy1Title">Temel P-Lazer Savaşçıları</LocalizationPair>
  <LocalizationPair Name="%ModuleWeaponKineticRailgun1Title">Temel Raylı Tüfek</LocalizationPair>
  <LocalizationPair Name="%ModuleWeaponMissileSwarm1Title">Temel Sürü Füzeleri</LocalizationPair>
  <LocalizationPair Name="%ClassModuleSwarmMissilesExplicationTitle">Sürü Füzeleri kısa aralıklarla çok sayıda füze ateşler. Amaçları düşman uçaksavar savunmasını yarmaktır.</LocalizationPair>
  <LocalizationPair Name="%ModuleSquadronBomberEnergy2Title">Gelişmiş Plazma Bombardıman Uçakları</LocalizationPair>
  <LocalizationPair Name="%ModuleSquadronBomberEnergy3Strategic4Title">Ağır Plazma Bombardıman Uçakları</LocalizationPair>
  <LocalizationPair Name="%ModuleSquadronFighterEnergy2Title">Gelişmiş P-Lazer Savaşçıları</LocalizationPair>
  <LocalizationPair Name="%ModuleSquadronFighterEnergy3Strategic4Title">Ağır P-Lazer Savaşçıları</LocalizationPair>
  <LocalizationPair Name="%ModuleWeaponKineticRailgun2Title">Gelişmiş Railgun</LocalizationPair>
  <LocalizationPair Name="%ModuleWeaponKineticRailgun3Title">Aşırı Raylı Tüfek</LocalizationPair>
  <LocalizationPair Name="%ModuleWeaponMissileSwarm2Title">Gelişmiş Sürü Füzeleri</LocalizationPair>
  <LocalizationPair Name="%ModuleWeaponMissileSwarm3Title">Aşırı Sürü Füzeleri</LocalizationPair>
  <LocalizationPair Name="%PanelFeatureModuleEffectsTurnsBeforeDestructionTitle">Şarj Süresi</LocalizationPair>
  <LocalizationPair Name="%CategoryModuleWeaponKineticRailgunTitle">Railgun</LocalizationPair>
  <LocalizationPair Name="%PanelFeatureModuleEffectFlakDamageModifierTitle">FLAK Hasarı</LocalizationPair>
  <LocalizationPair Name="%DamageAppliedByRailgunTitleEnemy">Raylı Tüfek silahlarından alınan hasar: #E3BDAC#{0}#REVERT#</LocalizationPair>
  <LocalizationPair Name="%DamageAppliedByRailgunTitlePlayer">Railgun silahlarınızın neden olduğu hasar: #E3BDAC#{0}#REVERT#</LocalizationPair>
  <LocalizationPair Name="%DamageAppliedByRailgunDescriptionEnemy">Raylı tüfekler savunmaları atlar; mümkün olduğunca Uzun menzilde kalın, Kısa menzil dışında çok isabetli değildirler.</LocalizationPair>
  <LocalizationPair Name="%DamageAppliedByRailgunDescriptionPlayer">Railgunlar özellikle Kısa menzilde güçlüdür, yakın ve kişisel olun!</LocalizationPair>
  <LocalizationPair Name="%PanelFeatureModuleEffectMaxSalvoShotCountTitle">Ateşlenen füze sayısı</LocalizationPair>
  <LocalizationPair Name="%PanelFeatureModuleEffectOverallCooldownTitle">Patlama Bekleme Süresi</LocalizationPair>
  <LocalizationPair Name="%FailureNotOwnerSystemDescription">Bu sistemin tam mülkiyetine sahip değilsiniz</LocalizationPair>
  <LocalizationPair Name="%FailureManpowerMaxedDescription">Zaten maksimum insan gücündesin</LocalizationPair>
  <LocalizationPair Name="%HeroSkill02HeroBurraTechseeker01Title">Burra Techseeker</LocalizationPair>
  <LocalizationPair Name="%HeroBurraTechseeker01Title">Burra Techseeker</LocalizationPair>
  <LocalizationPair Name="%HeroBurraTechseeker01Description">Telaffuzu tamamen imkânsız soyadı yerine kendi soyadını kullanan Techseeker, Plocynos adı verilen ve geniş bir bataklık dünyasında yaşayan akıllı amfibik omnivor ırkından gelmektedir. Kanal ve drenaj sistemleriyle ilgili ilk deneyimi, akışkanlar mekaniği ve yeryüzü şekillendirme konularına hayatı boyunca hayranlık duymasına yol açmış ve uzayda uçan türlerle kurduğu temaslar da bunu pekiştirmiştir. Çorak bir gezegeni canlandırmaya çalışırken yaptığı çalışmalar Techseeker'ı, incelediği sırada toz haline gelen bir Sonsuz eserle beklenmedik bir temasa sürükledi. Bu temastan sağ kurtulduktan sonra, Tozla geliştirilmiş güçlerinin ona verdiği güç ve içgörünün tadını çıkardı. Gezegen ölçeğindeki teknolojiler ve endüstriyel sistemler konusunda bir öğretmen olarak ünlenmiş olsa da, bar kavgaları sırasında yanında bulunmasının çok faydalı olduğunu da belirtmek gerekir.</LocalizationPair>
  <LocalizationPair Name="%PlanetAnomaly48Title">Yüksek Enerjili Plazmasfer</LocalizationPair>
  <LocalizationPair Name="%PlanetAnomaly48Description">Yüksek enerjili bir gezegen iyonosferi, gelen yüklü parçacıkları veya mermileri doğal olarak saptıran özellikle güçlü bir plazma kalkanı oluşturur. Bu alan sadece bilimsel çalışmalar için bir nimet değil, aynı zamanda sürekli bir güç kaynağı olarak kullanılabildiği için harika bir doğal enerji kaynağıdır.</LocalizationPair>
</Datatable>