﻿<?xml version="1.0" encoding="utf-8"?>
<!-- edited with XMLSPY v2004 rel. 2 U (http://www.xmlspy.com) by Ed Beach (Firaxis Games) -->
<GameData>
  <BaseGameText>
    <!-- Full Civs -->
    <Row Tag="LOC_CIVILIZATION_RADZIWILL_DESCRIPTION">
      <Text>Litvanyali soylu aileler</Text>
    </Row>
    <Row Tag="LOC_CIVILIZATION_POTOCKI_DESCRIPTION">
      <Text>Polonyali soylu aileler</Text>
    </Row>
    <Row Tag="LOC_CIVILIZATION_OSTROGSKI_DESCRIPTION">
      <Text>Volhynian soylu aileleri</Text>
    </Row>
    <Row Tag="LOC_CIVILIZATION_RADZIWILL_ADJECTIVE">
      <Text>Litvanyali</Text>
    </Row>
    <Row Tag="LOC_CIVILIZATION_POTOCKI_ADJECTIVE">
      <Text>Lehçe</Text>
    </Row>
    <Row Tag="LOC_CIVILIZATION_OSTROGSKI_ADJECTIVE">
      <Text>Volhynian</Text>
    </Row>
    <!-- City States-->
    <Row Tag="LOC_CIVILIZATION_GDANSK_NAME">
      <Text>Gdansk</Text>
    </Row>
    <Row Tag="LOC_CIVILIZATION_VIENNA_NAME">
      <Text>Viyana</Text>
    </Row>
    <Row Tag="LOC_CIVILIZATION_PRAGUE_NAME">
      <Text>Prag</Text>
    </Row>
    <Row Tag="LOC_CIVILIZATION_GDANSK_DESCRIPTION">
      <Text>Gdansk sehir devleti</Text>
    </Row>
    <Row Tag="LOC_CIVILIZATION_VIENNA_DESCRIPTION">
      <Text>Viyana sehir devleti</Text>
    </Row>
    <Row Tag="LOC_CIVILIZATION_PRAGUE_DESCRIPTION">
      <Text>Prag sehir devleti</Text>
    </Row>
    <Row Tag="LOC_CIVILIZATION_GDANSK_ADJECTIVE">
      <Text>Gdansk</Text>
    </Row>
    <Row Tag="LOC_CIVILIZATION_VIENNA_ADJECTIVE">
      <Text>Viyana</Text>
    </Row>
    <Row Tag="LOC_CIVILIZATION_PRAGUE_ADJECTIVE">
      <Text>Prag</Text>
    </Row>
    <!-- Cities-->
    <Row Tag="LOC_CITY_NAME_RADZIWILL_CAPITAL">
      <Text>Vilnius</Text>
    </Row>
    <Row Tag="LOC_CITY_NAME_RADZIWILL_1">
      <Text>Trakai</Text>
    </Row>
    <Row Tag="LOC_CITY_NAME_RADZIWILL_2">
      <Text>Nesvyžius</Text>
    </Row>
    <Row Tag="LOC_CITY_NAME_RADZIWILL_3">
      <Text>Kėdainiai</Text>
    </Row>
    <Row Tag="LOC_CITY_NAME_RADZIWILL_4">
      <Text>Biržai</Text>
    </Row>
    <Row Tag="LOC_CITY_NAME_RADZIWILL_5">
      <Text>Dubingiai</Text>
    </Row>
    <Row Tag="LOC_CITY_NAME_RADZIWILL_6">
      <Text>Minsk</Text>
    </Row>
    <Row Tag="LOC_CITY_NAME_RADZIWILL_7">
      <Text>Naugardukas</Text>
    </Row>
    <Row Tag="LOC_CITY_NAME_RADZIWILL_8">
      <Text>Vitebskas</Text>
    </Row>
    <Row Tag="LOC_CITY_NAME_RADZIWILL_9">
      <Text>Daugavpils</Text>
    </Row>
    <Row Tag="LOC_CITY_NAME_POTOCKI_CAPITAL">
      <Text>Kraków</Text>
    </Row>
    <Row Tag="LOC_CITY_NAME_POTOCKI_1">
      <Text>Potok</Text>
    </Row>
    <Row Tag="LOC_CITY_NAME_POTOCKI_2">
      <Text>Lublin</Text>
    </Row>
    <Row Tag="LOC_CITY_NAME_POTOCKI_3">
      <Text>Lviv</Text>
    </Row>
    <Row Tag="LOC_CITY_NAME_POTOCKI_4">
      <Text>Varsova</Text>
    </Row>
    <Row Tag="LOC_CITY_NAME_POTOCKI_5">
      <Text>Częstochowa</Text>
    </Row>
    <Row Tag="LOC_CITY_NAME_POTOCKI_6">
      <Text>Sandomierz</Text>
    </Row>
    <Row Tag="LOC_CITY_NAME_POTOCKI_7">
      <Text>Przemyśl</Text>
    </Row>
    <Row Tag="LOC_CITY_NAME_POTOCKI_8">
      <Text>Chełm</Text>
    </Row>
    <Row Tag="LOC_CITY_NAME_POTOCKI_9">
      <Text>Brest-Litovsk</Text>
    </Row>
    <Row Tag="LOC_CITY_NAME_OSTROGSKI_CAPITAL">
      <Text>Ostroh</Text>
    </Row>
    <Row Tag="LOC_CITY_NAME_OSTROGSKI_1">
      <Text>Korets</Text>
    </Row>
    <Row Tag="LOC_CITY_NAME_OSTROGSKI_2">
      <Text>Zaslav</Text>
    </Row>
    <Row Tag="LOC_CITY_NAME_OSTROGSKI_3">
      <Text>Rivne</Text>
    </Row>
    <Row Tag="LOC_CITY_NAME_OSTROGSKI_4">
      <Text>Zhytomyr</Text>
    </Row>
    <Row Tag="LOC_CITY_NAME_OSTROGSKI_5">
      <Text>Kiev</Text>
    </Row>
    <Row Tag="LOC_CITY_NAME_OSTROGSKI_6">
      <Text>Braclaw</Text>
    </Row>
    <Row Tag="LOC_CITY_NAME_OSTROGSKI_7">
      <Text>Trembowla</Text>
    </Row>
    <Row Tag="LOC_CITY_NAME_OSTROGSKI_8">
      <Text>Kamieniec Podolski</Text>
    </Row>
    <Row Tag="LOC_CITY_NAME_OSTROGSKI_9">
      <Text>Ołyka</Text>
    </Row>
    <Row Tag="LOC_CITY_NAME_SCENARIO_GDANSK">
      <Text>Gdansk</Text>
    </Row>
    <Row Tag="LOC_CITY_NAME_SCENARIO_VIENNA">
      <Text>Viyana</Text>
    </Row>
    <Row Tag="LOC_CITY_NAME_SCENARIO_PRAGUE">
      <Text>Prag</Text>
    </Row>
    <!-- Citizen Names-->
    <Row Tag="LOC_CITIZEN_RADZIWILL_SCENARIO_MALE_1">
      <Text>Krzysztof</Text>
    </Row>
    <Row Tag="LOC_CITIZEN_RADZIWILL_SCENARIO_MALE_2">
      <Text>Grzegorz</Text>
    </Row>
    <Row Tag="LOC_CITIZEN_RADZIWILL_SCENARIO_MALE_3">
      <Text>Boguslaw</Text>
    </Row>
    <Row Tag="LOC_CITIZEN_RADZIWILL_SCENARIO_MALE_4">
      <Text>Albert</Text>
    </Row>
    <Row Tag="LOC_CITIZEN_RADZIWILL_SCENARIO_MALE_5">
      <Text>Aleksander</Text>
    </Row>
    <Row Tag="LOC_CITIZEN_RADZIWILL_SCENARIO_FEMALE_1">
      <Text>Barbara</Text>
    </Row>
    <Row Tag="LOC_CITIZEN_RADZIWILL_SCENARIO_FEMALE_2">
      <Text>Krystyna</Text>
    </Row>
    <Row Tag="LOC_CITIZEN_RADZIWILL_SCENARIO_FEMALE_3">
      <Text>Ludwika</Text>
    </Row>
    <Row Tag="LOC_CITIZEN_RADZIWILL_SCENARIO_FEMALE_4">
      <Text>Katarzyna</Text>
    </Row>
    <Row Tag="LOC_CITIZEN_RADZIWILL_SCENARIO_FEMALE_5">
      <Text>Elisa</Text>
    </Row>
    <Row Tag="LOC_CITIZEN_POTOCKI_MALE_1">
      <Text>Jakub</Text>
    </Row>
    <Row Tag="LOC_CITIZEN_POTOCKI_MALE_2">
      <Text>Stefan</Text>
    </Row>
    <Row Tag="LOC_CITIZEN_POTOCKI_MALE_3">
      <Text>Alfred</Text>
    </Row>
    <Row Tag="LOC_CITIZEN_POTOCKI_MALE_4">
      <Text>Feliks</Text>
    </Row>
    <Row Tag="LOC_CITIZEN_POTOCKI_MALE_5">
      <Text>Andrzej</Text>
    </Row>
    <Row Tag="LOC_CITIZEN_POTOCKI_FEMALE_1">
      <Text>Ewa</Text>
    </Row>
    <Row Tag="LOC_CITIZEN_POTOCKI_FEMALE_2">
      <Text>Józefina</Text>
    </Row>
    <Row Tag="LOC_CITIZEN_POTOCKI_FEMALE_3">
      <Text>Julia</Text>
    </Row>
    <Row Tag="LOC_CITIZEN_POTOCKI_FEMALE_4">
      <Text>Konstancja</Text>
    </Row>
    <Row Tag="LOC_CITIZEN_POTOCKI_FEMALE_5">
      <Text>Natalia</Text>
    </Row>
    <Row Tag="LOC_CITIZEN_OSTROGSKI_SCENARIO_MALE_1">
      <Text>Daniil</Text>
    </Row>
    <Row Tag="LOC_CITIZEN_OSTROGSKI_SCENARIO_MALE_2">
      <Text>Feodor</Text>
    </Row>
    <Row Tag="LOC_CITIZEN_OSTROGSKI_SCENARIO_MALE_3">
      <Text>Władysław</Text>
    </Row>
    <Row Tag="LOC_CITIZEN_OSTROGSKI_SCENARIO_MALE_4">
      <Text>Ilia</Text>
    </Row>
    <Row Tag="LOC_CITIZEN_OSTROGSKI_SCENARIO_MALE_5">
      <Text>Janusz</Text>
    </Row>
    <Row Tag="LOC_CITIZEN_OSTROGSKI_SCENARIO_FEMALE_1">
      <Text>Elizaveta</Text>
    </Row>
    <Row Tag="LOC_CITIZEN_OSTROGSKI_SCENARIO_FEMALE_2">
      <Text>Zofia</Text>
    </Row>
    <Row Tag="LOC_CITIZEN_OSTROGSKI_SCENARIO_FEMALE_3">
      <Text>Anna</Text>
    </Row>
    <Row Tag="LOC_CITIZEN_OSTROGSKI_SCENARIO_FEMALE_4">
      <Text>Teofilia</Text>
    </Row>
    <Row Tag="LOC_CITIZEN_OSTROGSKI_SCENARIO_FEMALE_5">
      <Text>Alojza</Text>
    </Row>
    <!-- City State Bonuses-->
    <Row Tag="LOC_LEADER_TRAIT_GDANSK_NAME">
      <Text>Gdańsk Suzerain Bonus</Text>
    </Row>
    <Row Tag="LOC_LEADER_TRAIT_GDANSK_DESCRIPTION">
      <Text>Herhangi bir Sehir-Devlete giden ticaret yollari, baslangiç sehrindeki her uzmanlik bölgesi için 5 Altin saglar.</Text>
    </Row>
    <Row Tag="LOC_LEADER_TRAIT_VIENNA_NAME">
      <Text>Viyana Süzerain Bonusu</Text>
    </Row>
    <Row Tag="LOC_LEADER_TRAIT_VIENNA_DESCRIPTION">
      <Text>Sehir devleti birimlerini toplamak için normal maliyetin yarisini ödeyin.</Text>
    </Row>
    <Row Tag="LOC_LEADER_TRAIT_PRAGUE_NAME">
      <Text>Prag Süzerain Bonusu</Text>
    </Row>
    <Row Tag="LOC_LEADER_TRAIT_PRAGUE_DESCRIPTION">
      <Text>Bölgeleriniz kendi türlerinde +1 [ICON_GreatPerson] Büyük Kisi puani saglar (Tiyatro Meydani bölgeleri için her ikisi de [ICON_GreatWriter] Büyük Yazar ve [ICON_GreatArtist] Büyük Sanatçi puani).</Text>
    </Row>
    <!-- Scenario-specific barbarian tribes-->
    <Row Tag="LOC_BARBARIAN_CAVALRY_1">
      <Text>Tatarlar</Text>
    </Row>
    <Row Tag="LOC_BARBARIAN_CAVALRY_2">
      <Text>Altin Orda</Text>
    </Row>
    <Row Tag="LOC_BARBARIAN_CAVALRY_3">
      <Text>Kirim Hanligi</Text>
    </Row>
    <Row Tag="LOC_BARBARIAN_CAVALRY_4">
      <Text>Altin Orda'dan Tatarlar</Text>
    </Row>
    <Row Tag="LOC_BARBARIAN_COSSACKS_1">
      <Text>Kazaklar</Text>
    </Row>
    <Row Tag="LOC_BARBARIAN_COSSACKS_2">
      <Text>Kazak Hetmanligi</Text>
    </Row>
    <Row Tag="LOC_BARBARIAN_KNIGHTS_1">
      <Text>Töton Sövalyeleri</Text>
    </Row>
    <Row Tag="LOC_BARBARIAN_KNIGHTS_2">
      <Text>Töton Tarikati</Text>
    </Row>
    <Row Tag="LOC_BARBARIAN_KNIGHTS_3">
      <Text>Livonya Tarikati</Text>
    </Row>
    <Row Tag="LOC_BARBARIAN_MOLDAVA_1">
      <Text>Moldavyalilar</Text>
    </Row>
    <Row Tag="LOC_BARBARIAN_MOLDAVA_2">
      <Text>Moldavya Prensligi</Text>
    </Row>
    <Row Tag="LOC_BARBARIAN_OTTOMAN_1">
      <Text>Osmanlilar</Text>
    </Row>
    <Row Tag="LOC_BARBARIAN_OTTOMAN_2">
      <Text>Osmanli Imparatorlugu</Text>
    </Row>
    <Row Tag="LOC_BARBARIAN_RUS_1">
      <Text>Rus</Text>
    </Row>
    <Row Tag="LOC_BARBARIAN_RUS_2">
      <Text>Moskova Büyük Dükaligi</Text>
    </Row>
    <Row Tag="LOC_BARBARIAN_RUS_3">
      <Text>Novgorod Cumhuriyeti</Text>
    </Row>
    <Row Tag="LOC_BARBARIAN_RUS_4">
      <Text>Rusya Carligi</Text>
    </Row>
    <Row Tag="LOC_BARBARIAN_SWEDES_1">
      <Text>Isveçliler</Text>
    </Row>
    <Row Tag="LOC_BARBARIAN_SWEDES_2">
      <Text>Isveç Imparatorlugu</Text>
    </Row>
    <!-- Scenario-specific invasion warnings-->
    <Row Tag="LOC_POLAND_SCENARIO_EARLY_WARNING">
      <Text>Ortakligimiz bir kez daha risk altinda. Bir {1_InvaderName} ordusu topraklarimiza dogru yola çikti ve {2_Turns : plural 1?{2_Turns} turn  other?{2_Turns} turns }'ye varmalari bekleniyor. Görünüse göre {3_CityName}'e dogru gidiyorlar.</Text>
    </Row>
    <Row Tag="LOC_POLAND_SCENARIO_INVASION_HERE">
      <Text>{1_InvaderName} ordusu geldi.  Bu yabancilarla savasin.  Polonya henüz kaybedilmedi!</Text>
    </Row>
    <!-- Scenario-specific religion-->
    <Row Tag="LOC_BELIEF_GOD_OF_THE_THUDERCLAP_NAME">
      <Text>Yildirim Tanrisi</Text>
    </Row>
    <Row Tag="LOC_BELIEF_GOD_OF_THE_THUDERCLAP_DESCRIPTION">
      <Text>Ortaçag ve Rönesans askeri birimlerine yönelik +%25 [ICON_Production] Üretim.</Text>
    </Row>
    <Row Tag="LOC_BUILDING_ORTHODOX_CHURCH_NAME">
      <Text>Ortodoks Kilisesi</Text>
    </Row>
    <Row Tag="LOC_BELIEF_ORTHODOX_CHURCH_NAME">
      <Text>Ortodoks Kilisesi</Text>
    </Row>
    <Row Tag="LOC_BELIEF_ORTHODOX_CHURCH_DESCRIPTION">
      <Text>Ortodoks Kiliselerinin insasina izin verir (+3 [ICON_Faith] Inanç, +2 [ICON_Food] Gida).</Text>
    </Row>
    <Row Tag="LOC_BELIEF_SCENARIO_CATHEDRAL_DESCRIPTION">
      <Text>Katedrallerin insasina izin verir (+3 [ICON_Faith] Inanç, +1 [ICON_Housing] Konut).</Text>
    </Row>
    <Row Tag="LOC_BELIEF_SCENARIO_MOSQUE_DESCRIPTION">
      <Text>Camilerin insasina izin verir (+3 [ICON_Faith] Inanç). Misyoner ve Kesis birimleri +1 Yayilma. Baski ile kilidi açilir.</Text>
    </Row>
    <Row Tag="LOC_BELIEF_INNER_PEACE_NAME">
      <Text>Iç Huzur</Text>
    </Row>
    <Row Tag="LOC_BELIEF_SCENARIO_TITHE_DESCRIPTION">
      <Text>Her takipçi için +1% [ICON_Gold] Altin.</Text>
    </Row>
    <!-- Scenario-specific units-->
    <Row Tag="LOC_UNIT_JANISSARY_NAME">
      <Text>Yeniçeri</Text>
    </Row>
    <Row Tag="LOC_UNIT_JANISSARY_DESCRIPTION">
      <Text>Osmanlilar için Rönesans dönemi yakin muharebe birimi. Bir düsman birimini yok ettiginde iyilesir.</Text>
    </Row>
    <Row Tag="LOC_UNIT_HORSE_ARCHER_NAME">
      <Text>At Okçusu</Text>
    </Row>
    <Row Tag="LOC_UNIT_HORSE_ARCHER_DESCRIPTION">
      <Text>Tatarlar için Ortaçag dönemi atli okçusu.</Text>
    </Row>
    <Row Tag="LOC_UNIT_TEUTONIC_KNIGHT_NAME">
      <Text>Töton Sövalyesi</Text>
    </Row>
    <Row Tag="LOC_UNIT_TEUTONIC_KNIGHT_DESCRIPTION">
      <Text>Kiliç Ustasi'nin yerini alan Kutsal Roma Imparatorlugu'na özgü birim. Altin bakimi yok [ICON_Gold]. Düsman topraklarinda savasirken +8 [ICON_Strength] Savas Gücü</Text>
    </Row>
    <!-- Scenario-specific Great People-->
    <Row Tag="LOC_GREAT_PERSON_INDIVIDUAL_STANISLAW_SAMOSTRZELNIK_NAME">
      <Text>Stanislaw Samostrzelnik</Text>
    </Row>
    <Row Tag="LOC_GREAT_PERSON_INDIVIDUAL_MARTIN_KOBER_NAME">
      <Text>Martin Kober</Text>
    </Row>
    <Row Tag="LOC_GREAT_PERSON_INDIVIDUAL_BARTOLOMMEO_BERRECCI_NAME">
      <Text>Bartolommeo Berrecci</Text>
    </Row>
    <Row Tag="LOC_GREAT_PERSON_INDIVIDUAL_ADAM_KOCHANSKI_NAME">
      <Text>Adam Adamandy Kochanski</Text>
    </Row>
    <Row Tag="LOC_GREAT_PERSON_INDIVIDUAL_KAZIMIERZ_SIEMIENOWICZ_NAME">
      <Text>Kazimierz Siemienowicz</Text>
    </Row>
    <Row Tag="LOC_GREAT_PERSON_INDIVIDUAL_KRZYSZTOF_GRODZICKI_NAME">
      <Text>Krzysztof Grodzicki</Text>
    </Row>
    <Row Tag="LOC_GREAT_PERSON_INDIVIDUAL_SEBASTIANO_MONTELUPI_NAME">
      <Text>Sebastiano Montelupi</Text>
    </Row>
    <Row Tag="LOC_GREAT_PERSON_INDIVIDUAL_KONSTANTY_KORNIAKT_NAME">
      <Text>Konstanty Korniakt</Text>
    </Row>
    <Row Tag="LOC_GREAT_PERSON_INDIVIDUAL_NICOLAUS_COPERNICUS_NAME">
      <Text>Nicolaus Copernicus</Text>
    </Row>
    <Row Tag="LOC_GREAT_PERSON_INDIVIDUAL_SENDIVOGIUS_NAME">
      <Text>Sendivogius</Text>
    </Row>
    <Row Tag="LOC_GREAT_PERSON_INDIVIDUAL_PIOTR_SKARGA_NAME">
      <Text>Piotr Skarga</Text>
    </Row>
    <Row Tag="LOC_GREAT_PERSON_INDIVIDUAL_JAN_KOCHANOWSKI_NAME">
      <Text>Jan Kochanowski</Text>
    </Row>
    <!-- Scenario-specific Great Works-->
    <Row Tag="LOC_GREATWORK_SAMOSTRZELNIK_1_NAME">
      <Text>Piotr Tomicki'nin Portresi</Text>
    </Row>
    <Row Tag="LOC_GREATWORK_SAMOSTRZELNIK_2_NAME">
      <Text>Aziz Stanislaus</Text>
    </Row>
    <Row Tag="LOC_GREATWORK_SAMOSTRZELNIK_3_NAME">
      <Text>I. Sigismund'un Dua Kitabi</Text>
    </Row>
    <Row Tag="LOC_GREATWORK_KOBER_1_NAME">
      <Text>Anna Maria Vasa'nin Portresi</Text>
    </Row>
    <Row Tag="LOC_GREATWORK_KOBER_2_NAME">
      <Text>Kral Sigismund III</Text>
    </Row>
    <Row Tag="LOC_GREATWORK_KOBER_3_NAME">
      <Text>Kraliçe Anna Jagiellon'un Portresi</Text>
    </Row>
    <Row Tag="LOC_GREATWORK_SKARGA_1_NAME">
      <Text>Azizlerin Yasamlari</Text>
    </Row>
    <Row Tag="LOC_GREATWORK_SKARGA_2_NAME">
      <Text>Sejm Vaazlari</Text>
    </Row>
    <Row Tag="LOC_GREATWORK_KOCHANOWSKI_1_NAME">
      <Text>Yunan Elçilerinin Görevden Alinmasi</Text>
    </Row>
    <Row Tag="LOC_GREATWORK_KOCHANOWSKI_2_NAME">
      <Text>Threnodies</Text>
    </Row>
  </BaseGameText>
</GameData>