﻿<?xml version="1.0" encoding="utf-8"?>
<!-- edited with XMLSPY v2004 rel. 2 U (http://www.xmlspy.com) by Ed Beach (Firaxis Games) -->
<!--Sid Meier's Civilization V -->
<!--Copyright Firaxis Games 2010 -->
<GameData>
  <Language_en_US>
    <Row Tag="TXT_KEY_1066_SCENARIO_CITYSTATE_POWYS">
      <Text>Powys</Text>
    </Row>
    <Row Tag="TXT_KEY_1066_SCENARIO_CITYSTATE_POWYS_ADJ">
      <Text>Powys</Text>
    </Row>
    <Row Tag="TXT_KEY_VIKING_SCENARIO_CITYSTATE_POWYS_DESC">
      <Text>Roma Imparatorlugu Britanya'da Kambriyen Daglari ile Bati Midlands arasinda bir bölge belirlemis ve modern Wroxeter'in bulundugu yerde Viroconium Cornoviorum adinda bir baskent insa etmistir. Karanlik Cag'da Britanya'daki Roma gücü azalirken, Ordovices ve Cornoviis'in geleneksel topraklarinda, Kambriyen Daglari'ndan Bati Midlands'a kadar uzanan yeni bir devlet ortaya çikti. MS 5. yüzyilin ortalarinda Powys, Britanya'nin bir kralligi olarak saglam bir sekilde kurulmustur.[NEWLINE][NEWLINE]Powys'in ilk ve en büyük yönetici hanedani, efsanevi Vortigern'i kuruculari olarak kabul eden Gwerthrynion'dur. Tarihi savas lordu Vortigern daha sonra edebi Kral Arthur'un modeli olacakti ve Arthur'un edebi süslemesi Powys kralligini da mitlestirmek için bir seyler yapti.[NEWLINE][NEWLINE]6. Yüzyilin baslarinda Powys, Northumbrians tarafindan tahrip edildi ve eski müttefikleri Mercians tarafindan ilhak edildi, ancak Powys, 7. Yüzyilin ortalarinda Offa's Dyke'da karsilikli anlasma ile bir sinir olusturulana kadar Ingilizlerden toprak fethederek geri döndü. Offa's Dyke bugün Galler ve Ingiltere arasindaki sinir olmaya devam etmektedir.[NEWLINE][NEWLINE]Powys, 855 yilinda son Gwerthyrnion kralinin ölümü üzerine Gwynedd Kralligi'na baglanmistir. Iyi Howell 942 yilinda Gwynedd krali oldugunda, modern Galler'i olusturan topraklarin çogunu zaten yönetiyordu. Zekice politikalar ve yasal reformlar sayesinde, kralliklarini adada büyük güçler haline getirdi ve Galler hukukunu kodifiye etti.</Text>
    </Row>
    <Row Tag="TXT_KEY_1066_SCENARIO_CITYSTATE_GWYNEDD">
      <Text>Gwynedd</Text>
    </Row>
    <Row Tag="TXT_KEY_1066_SCENARIO_CITYSTATE_GWYNEDD_ADJ">
      <Text>Gwynedd</Text>
    </Row>
    <Row Tag="TXT_KEY_VIKING_SCENARIO_CITYSTATE_GWYNEDD_DESC">
      <Text>Romalilar Ordovices, Gangani ve Deceangli topraklarina "Venedotia" diyorlardi, ancak Irlanda Denizi'ndeki daglik arazi onlarin kontrolü altinda bir toprak degildi. Britanya'da Roma gücü azaldikça, efsanevi Lothia'li Cunedda tarafindan kurulan Gwynedd Kralligi ortaya çikti. Ülkenin adi "Savas Ev Sahibinin Ülkesi" olarak yorumlanmistir, ancak tam anlami zaman içinde kaybolmustur.[NEWLINE][NEWLINE]Gwynedd kisa sürede Galler'in küçük kralliklari arasinda öne çikmistir. Özellikle Uzun Maelgwyn birçok mit ve efsaneye konu olmus ve Gildas tarafindan en büyük bes Britanya Kralindan biri olarak tanimlanmistir. Gildas ayrica Maelgwyn'e "Adanin Ejderhasi" gibi ilginç bir lakap takmistir ki bu lakap zamanla edebi söhreti olan "Pendragon "a dönüsmüs olabilir. Ancak Maelgwyn'in 547'deki ölümü bir bosluk yaratti ve bunu bir dizi veraset savasi izledi. Gwynedd, 6. yüzyilin baslarinda Angliyanlarla savasmak için Powys ile ittifak kurdu ve Cadwallon ap Cadfan, Northumbrians'a öfkeli bir saldiri baslatarak 633'te York'u yagmaladi ve ülkeyi yerle bir etti.  O ve oglu Cadwaladr Fendigad Britanya'nin son iki Yüksek Krali oldular.[NEWLINE][NEWLINE]Cunedda hanedani 8. yüzyilin baslarinda öldü ve Aberffraw hanedani (soy olarak uzaktan akraba) Vikingler ve Irlandalilarin akinlariyla ugrasmak, Powys'in yan kralligini yönetmek ve diger yüksek Galli ailelerle savasmak zorunda kaldi, ta ki Howell the Good tarafindan devrilene kadar.</Text>
    </Row>
    <Row Tag="TXT_KEY_1066_SCENARIO_CITYSTATE_NORTHUMBRIA">
      <Text>Northumbria</Text>
    </Row>
    <Row Tag="TXT_KEY_1066_SCENARIO_CITYSTATE_NORTHUMBRIA_ADJ">
      <Text>Northumbrian</Text>
    </Row>
    <Row Tag="TXT_KEY_VIKING_SCENARIO_CITYSTATE_NORTHUMBRIA_DESC">
      <Text>Deira ve Bernecia'nin bitisik kralliklari, Bernicia Krali Aethelfrith'in 604 yilinda Deira'yi fethetmesiyle zorla birlestirildi. Ancak bu zafer kisa sürdü ve Aethelfrith 616 yilinda öldürüldügünde, Deira'nin eski kralinin oglu Edwin birlesik topraklarin krali oldu. Ancak 634 yilinda Kral Oswald'in yönetimine kadar Northumbria nihayet tek bir Anglia kralligi olarak birlestirilmedi. Oswald kralligini hizla genisletti ve Ionali Aziz Aidan'in yardimiyla Hiristiyanlastirdi.[NEWLINE][NEWLINE]Northumbria sik sik Mercia ile savas halindeydi. Oswald 650 yilinda Mercialilarla yapilan savasta öldürüldü ve Piktler ayaklanarak 685 yilinda Northumbrialilari yendi. Aldfrith'in hükümdarligi altinda kisa bir istikrar dönemi yasandi ancak Northumbria prestijini ve gücünü kaybetmisti ve Danimarkali kardesler Halfdan Ragnarsson ve renkli isimli Ivar the Boneless tarafindan fethedildi.  Northumberlandli Aella'nin kisa süreli ayaklanmasi acimasizca bastirildi. Artik Danelaw'a tabi olan Northumberland'i 954 yilinda Erik Bloodaxe'a kadar bir dizi kukla kral yönetti. O andan itibaren Northumberland bir krallik degil, sadece bir kontluktu.[NEWLINE][NEWLINE] Fatih William, Kuzey'e karsi degerli bir tampon ve kendi yönetimine karsi direnisin bir sembolü olarak gördügü Northumbria'ya hemen göz dikti. Baronlarindan birini derebeyi olarak yerlestirmeye çalisti, ancak baron ve 700 maiyeti Durham sehrinde katledildi. Bu durum William'in Northumbria'ya cezalandirici bir sefer düzenlemesine yol açti.</Text>
    </Row>
    <Row Tag="TXT_KEY_1066_SCENARIO_CITYSTATE_GALLOWAY">
      <Text>Galloway</Text>
    </Row>
    <Row Tag="TXT_KEY_1066_SCENARIO_CITYSTATE_GALLOWAY_ADJ">
      <Text>Galloway</Text>
    </Row>
    <Row Tag="TXT_KEY_VIKING_SCENARIO_CITYSTATE_GALLOWAY_DESC">
      <Text>Güneybati Iskoçya'nin ucunda Gall-Ghaidhealaibh - yabanci Galyalilarin ülkesi yer alir. Engebeli kiyi seridi ve tepelik kuzey siniriyla izole edilmis olan bu bölge yine de Batlamyus'un Britanya haritasinda çizilmistir. Romalilar buranin sakinlerini Novantae olarak adlandirmis ve misyoner Aziz Ninian burada bir kilise insa etmistir, ancak tarihinin büyük bir kismi efsanelerle örtülüdür. Galli sairler Kral Arthur'un Britanya'daki Üç Taht'indan birinin Galloway'de olduguna ve Pen Rhionydd olarak adlandirildigina inaniyordu. [NEWLINE][NEWLINE] 7. yüzyilin sonlarinda bir noktada Galloway, yerlileri düz ekilebilir araziden çikarip tepelere sürgün eden Bernicia Kralligi tarafindan Britonlarin kontrolünden alindi. Ancak bölgenin uzakligi, Vikingler ve Irlandalilar (özellikle Irlandali Vikingler) için kolay bir av oldugu anlamina geliyordu.[NEWLINE][NEWLINE]Gall-Gaedhil olarak bilinen Iskandinav Galyalilar, Galloway'in en iyi bilinen sakinleridir. Iskandinavlar Irlanda Denizi'ni kontrol ediyorlardi ve yerlesim yerleri denizin kenarlarini süslüyordu. Yeni ortaya çikan Iskoçlarla paylastiklari Galce'ye ragmen, Britanya kiyilarini kasip kavurmak için izole topraklarindan yelken açan tartismasiz kendi halklariydi. Bu izolasyon, Galloway Lordlarinin 10. yüzyilin baslarinda Suibne mac Cináeda ile baslayan ve 12. yüzyila kadar devam eden Orta Cag'in sonlarina kadar fiilen kendi baslarina kral olduklari anlamina geliyordu. Nominal olarak Iskoçya Yüksek Krali'na bagli olsalar da, onu görmezden gelebilir ya da ona haraç ödeyebilirlerdi.</Text>
    </Row>
    <Row Tag="TXT_KEY_1066_SCENARIO_CITYSTATE_SCOTLAND">
      <Text>Iskoçya</Text>
    </Row>
    <Row Tag="TXT_KEY_1066_SCENARIO_CITYSTATE_SCOTLAND_ADJ">
      <Text>Iskoç</Text>
    </Row>
    <Row Tag="TXT_KEY_VIKING_SCENARIO_CITYSTATE_SCOTLAND_DESC">
      <Text>Britanya'nin kuzeyinde son buzul çaginin sonundan bu yana, yani Romalilarin adadaki çalismalari kaydetmesinden yaklasik 8.500 yil önce insanlar yasamaktaydi. Iskoçya'daki Neolitik kalintilar, Orkneys'teki ünlü Skara Brae'den daha eskidir ve arkeolojik kanitlar, Demir Cagi boyunca müstahkem köylerde yasayan savasçi topluluklarin kanitlarini ortaya koymaktadir.[NEWLINE][NEWLINE]Kaledonyalilar Britanya'da Romalilara karsi sert ve genellikle basarili bir sekilde savasarak onlari Hadrian Duvari'nin arkasindaki geçici kalelerinden ve ileri karakollarindan geri çekilmeye zorladilar. Topraklar bundan sonra, Irlandalilarin, Anglosaksonlarin ve ardindan Vikinglerin isgal edip Iskoçya'da kalici yerlesimler kurdugu Karanlik Cag'a kadar Piktler ve Britonlar tarafindan isgal edildi. Aziz Ninian'in misyonu MS 450 civarinda bölgeye Hiristiyanligi getirmis, ancak görünüse göre Piktler daha sonra Aziz Columba 563'te gelene kadar bunu reddetmislerdir. [NEWLINE][NEWLINE] Efsaneye göre Piktler, Pikt krali Drest ve soylularini bir ziyafete davet eden, onlari içkiye bogan ve ardindan siralarindaki igneleri çekerek onlari altlarinda gizlenen dikenli çukurlara gönderen Iskoç krali Kenneth Mac Alpin tarafindan ihanete ugramistir.  Gerçek biraz daha az hayal ürünüdür - Mac Alpin her iki kralligin da tacinda hak iddia etmis ve onlari Alba Kralligi haline gelecek sekilde birlestirmeyi basarmistir.[NEWLINE][NEWLINE]Alba Kralligi, Iskoçya olarak taninan bölgenin çekirdegi haline gelmistir. Fetih ve genisleme yoluyla Strathclyde Kralligi eklendi ve güney bariyeri Tweed Nehri'ne kadar itildi.</Text>
    </Row>
    <Row Tag="TXT_KEY_1066_SCENARIO_CITYSTATE_MUNSTER">
      <Text>Munster</Text>
    </Row>
    <Row Tag="TXT_KEY_1066_SCENARIO_CITYSTATE_MUNSTER_ADJ">
      <Text>Munster</Text>
    </Row>
    <Row Tag="TXT_KEY_VIKING_SCENARIO_CITYSTATE_MUNSTER_DESC">
      <Text>Irlanda'nin güneybatisinda yer alan Munster, Irlanda'nin bes büyük kralligindan biridir. Ikinci yüzyilda Batlamyus bu topraklarin Iverni kabilesine ait oldugunu kaydetmistir. Efsaneye göre Bodb Derg, Tuatha De Danann'in ikinci Krali ve Munster Krallarinin ilkiydi. Eoganachta hanedani, Failbe Flann mac Aedo Duib'in fetihlerinden sonra 7. yüzyildan itibaren hüküm sürmüstür. Eoganachta'lar hiçbir zaman Yüksek Kral olamasalar da zamanla Irlanda'nin en önemli klanlarindan biri haline geleceklerdir. [NEWLINE][NEWLINE]Vikingler 8. yüzyildan itibaren istila etmis ve zamanla Cork, Waterford ve Limerick sehirlerini kurmuslardir. [NEWLINE][NEWLINE]Irlanda'nin son büyük Yüksek Krali Brian Boru, kralligin kontrolünü Ui Neill'den alamadan önce kendisini Munster Krali ilan etmistir. Onun soyundan gelen O'Brianlar da 12. yüzyilin baslarinda kralligin dagilmasina kadar Munster'in kalitsal hükümdarlari oldular.[NEWLINE][NEWLINE]1118 yilina gelindiginde Munster üç küçük kralliga bölünmüstü: Thomond, Desmond ve Omond.</Text>
    </Row>
    <Row Tag="TXT_KEY_1066_SCENARIO_CITYSTATE_MEATH">
      <Text>Meath</Text>
    </Row>
    <Row Tag="TXT_KEY_1066_SCENARIO_CITYSTATE_MEATH_ADJ">
      <Text>Meathian</Text>
    </Row>
    <Row Tag="TXT_KEY_VIKING_SCENARIO_CITYSTATE_MEATH_DESC">
      <Text>Mide ya da Meath, 1000 yil boyunca hem cografi hem de ruhani açidan Irlanda'nin merkezi Kralligi olmustur. Gelenekler Meath'in kurulusunu Dokuz Rehine'nin büyük Niall'inin atasi Tuathal Techtmar tarafindan MS Birinci Yüzyila dayandirmaktadir.  Tuathal Ulster, Leinster, Connacht ve Munster'den ele geçirdigi topraklardan kendine bir krallik kurmus ve ortaya çikan bölgeye Meath adini vermistir. Güney'in Ui Neill krallari Meath'in geleneksel yöneticileriydi.[NEWLINE][NEWLINE]Meath'in Irlanda'nin Yüksek Krallari için önemi, Tara Tepesi'nin burada bulunmasi nedeniyle daha da artmistir. Tara Tepesi, Demir Cagi'na kadar uzanan ve geleneksel olarak Yüce Kral'in taç giydigi yer olan bir höyük ve toprak yapi kompleksidir. Tara Tepesi Neolitik Cag'dan beri bir ayin yeri olarak kullanilmis ve 12. Yüzyila kadar Irlanda'nin manevi kalbi olmustur, ancak Ingilizlerin yükselisi ve Hiristiyanligin yayilmasiyla önemi azalmistir. [NEWLINE][NEWLINE] Irlanda Yüksek Krallari Tara Tepesi'nde mahkemede oturmus olsun ya da olmasin, Meath'in Irlanda'daki merkezi konumu ve Iskandinav Irlanda yerlesimlerine yakinligi onu büyük öneme sahip bir krallik haline getirmistir. Clontarf Savasi, Irlanda'nin son büyük Yüksek Krali Brian Boru'nun düstügü topraklarda yapilmistir.</Text>
    </Row>
    <Row Tag="TXT_KEY_1066_SCENARIO_CITYSTATE_CONNACHT">
      <Text>Connacht</Text>
    </Row>
    <Row Tag="TXT_KEY_1066_SCENARIO_CITYSTATE_CONNACHT_ADJ">
      <Text>Connacht</Text>
    </Row>
    <Row Tag="TXT_KEY_VIKING_SCENARIO_CITYSTATE_CONNACHT_DESC">
      <Text>Irlanda'nin kuzeybatisindaki büyük mezar kompleksleri, son buzul çaginin sonunda buzullarin çekilmesinden bu yana orada insanlarin varligina isaret etmektedir. Irlanda efsanelerine göre Tuatha De Dannan ülkeyi istila edip Fir Bolg ile savastiginda Fir Bolg'dan o kadar etkilenmislerdir ki adanin dörtte birini - Connacht kralligi olacak bölgeyi - onlara vermislerdir.[NEWLINE][NEWLINE]Bölgeye dair kesin referanslar MS 6. yüzyilda Ulster Yilliklarinda baslar ve bu kralligin önde gelen lordlarinin ölümünü isaret eder. Vikingler 9. Yüzyilin baslarinda Connacht'a ulasmis ve bu tarihlerde Connacht'in yönetici hanedani Conchobar mac Taidg Mor tarafindan kurulmus ve O Conchobair 15. Yüzyilin ortalarina kadar Connacht'i yönetmistir. Connacht hükümdarlari diger Irlanda kralliklarinin yani sira Irlanda'ya yerlesen Ingilizler ve Vikinglerle de sik sik savas halindeydi.[NEWLINE][NEWLINE]Connacht'ta, genellikle Demir Cagi sirasinda Avrupa anakarasiyla iliskilendirilen bir tarz ve tarihte oymalarla kapli iki gizemli megalit vardir: Turoe Tasi ve Castlestrange Tasi. Taslar büyük olasilikla Irlanda'ya getirilmis ve zaman içinde ülkeye gelen isgalci dalgalarindan uzaklasmistir.</Text>
    </Row>
  </Language_en_US>
</GameData>