﻿<?xml version="1.0" encoding="utf-8"?>
<!-- edited with XMLSPY v2004 rel. 2 U (http://www.xmlspy.com) by Ed Beach (Firaxis Games) -->
<!-- Sid Meier's Civilization V -->
<!-- Copyright Firaxis Games 2010 -->
<!-- -->
<!-- Game Text Objects -->
<GameData>
  <Language_en_US>
    <Row Tag="TXT_KEY_UNIT_DANISH_BERSERKER">
      <Text>Berserker</Text>
    </Row>
    <Row Tag="TXT_KEY_UNIT_DANISH_SKI_INFANTRY">
      <Text>Norveç Kayak Piyadeleri</Text>
    </Row>
    <Row Tag="TXT_KEY_PROMOTION_SKI_INFANTRY">
      <Text>Kar, Tundra ve Tepelerde Bonuslar</Text>
    </Row>
    <Row Tag="TXT_KEY_PROMOTION_SKI_INFANTRY_HELP">
      <Text>Karda, Tundrada, Tepelerde: +25% Savas Bonusu (Orman veya Orman mevcut degilse) ve Cift Hareket</Text>
    </Row>
  </Language_en_US>
</GameData>