﻿<?xml version="1.0" encoding="utf-8"?>
<GameData>
  <Language_en_US>
    <Row Tag="TXT_KEY_1066_SCENARIO_CIV_FRANCE_DESC">
      <Text>Normandiya Dükaligi</Text>
    </Row>
    <Row Tag="TXT_KEY_1066_SCENARIO_CIV_FRANCE_SHORT_DESC">
      <Text>Normandiya</Text>
    </Row>
    <Row Tag="TXT_KEY_1066_SCENARIO_CIV_FRANCE_ADJECTIVE">
      <Text>Norman</Text>
    </Row>
    <Row Tag="TXT_KEY_1066_SCENARIO_CIV_GERMANY_DESC">
      <Text>Norveç Imparatorlugu</Text>
    </Row>
    <Row Tag="TXT_KEY_1066_SCENARIO_CIV_GERMANY_SHORT_DESC">
      <Text>Norveç</Text>
    </Row>
    <Row Tag="TXT_KEY_1066_SCENARIO_CIV_GERMANY_ADJECTIVE">
      <Text>Norveççe</Text>
    </Row>
    <Row Tag="TXT_KEY_1066_SCENARIO_CIV_ENGLAND_DESC">
      <Text>Anglo-Sakson Ingiltere</Text>
    </Row>
  </Language_en_US>
</GameData>