﻿<?xml version="1.0" encoding="utf-8"?>
<!-- edited with XMLSPY v2004 rel. 2 U (http://www.xmlspy.com) by Ed Beach (Firaxis Games) -->
<GameData>
  <!-- LocBuddy does not yet handle DLC scenarios so for now add the scenario text to the DLC package.-->
  <Language_en_US>
    <Row Tag="TXT_KEY_1066_SCENARIO_TITLE">
      <Text>1066: Vikinglerin Kader Yili</Text>
    </Row>
    <Row Tag="TXT_KEY_1066_SCENARIO_DESC">
      <Text>Kral Confessor Edward öldü. Ingiltere tahti kapanin elinde kaldi. Tahtta hak iddia eden diger Vikingleri yenerek savasçilarinizi zafere tasiyabilir misiniz?</Text>
    </Row>
    <Row Tag="TXT_KEY_1066_SCENARIO_CIV5_DAWN_VIKING_TEXT">
      <Text>SENARYO ACIKLAMASI[NEWLINE]Selam sana, büyük Viking lordu! Ingiltere Krali Confessor Edward öldü. Edward'in Alt-Kral'i Sakson Harold Godwinson kisa sürede tahti ele geçirdi. Ancak iddiasi zayif bir iddiadir: Normandiyali William, Norveçli Harald Hardrada ve Danimarka Krali Sweyn de taht için sirada. Bu Viking Lordlarindan birinin mantosunu giyip Ingiltere'nin bir sonraki büyük Krali olabilir misiniz? Gemilerinize binin ve Odin'in seçilmis savasçisi olma hakkinizi tüm dünyaya kanitlayin.[NEWLINE][NEWLINE]ZAFER KOSULLARI[NEWLINE]Senaryoyu kazanmak için zaman dolmadan Londra'daki Domesday Book ulusal harikasini tamamlamalisiniz. Domesday Book'a baslamadan önce Anglo-Sakson Ingiltere tarafindan kontrol edilen sehirlerde 6 Domesday Shire Mahkemesi binasi insa etmelisiniz. Bu Shire Mahkemeleri yalnizca Londra'dan 8 veya daha fazla karo uzakliktaki sehirlerde insa edilebilir.[NEWLINE][NEWLINE]ÖZEL KURALLAR[NEWLINE]4 büyük gücün tamami tüm senaryo boyunca birbirleriyle savas halindedir. Bilim, Politika ve Mutluluk sistemlerinin hepsi kapalidir. Oyun sirasinda herhangi bir yeni teknoloji veya sosyal politika kazanmayacaksiniz. Kontrol ettiginiz veya fethettiginiz tüm sehirler, Mutluluk konusunda endiselenmeden kontrolsüz bir sekilde büyüyebilir. Bir sehir devleti müttefiki kazanirsaniz, askeri birimleri ittifak süresince sizin kontrolünüze geçer. Tüm birimler Savunmaci Gemicilik terfisine sahiptir.</Text>
    </Row>
    <Row Tag="TXT_KEY_1066_SCENARIO_TURNSREMAINING">
      <Text>Sola Dönüyor: {1_TurnsRemaining}</Text>
    </Row>
    <Row Tag="TXT_KEY_1066_SCENARIO_LEADER_HARDRADA_NAME">
      <Text>Harald Hardrada</Text>
    </Row>
    <Row Tag="TXT_KEY_1066_SCENARIO_LEADER_HARDRADA_SUBTITLE">
      <Text>Norveç Krali</Text>
    </Row>
    <Row Tag="TXT_KEY_1066_SCENARIO_LEADER_HARDRADA_LIVED">
      <Text>c. MS 1015 - 1066</Text>
    </Row>
    <Row Tag="TXT_KEY_1066_SCENARIO_LEADER_HARDRADA_HEADING_1">
      <Text>Tarih</Text>
    </Row>
    <Row Tag="TXT_KEY_1066_SCENARIO_LEADER_HARDRADA_TEXT_1">
      <Text>Harald "Hardrada" veya Sert Hükümdar Harald olarak da bilinen Harald Sigurdsson, 1047'den 1066'ya kadar Norveç Kraliydi. Hardrada en çok Ingiltere'yi isgali ve ardindan Eylül 1066'da Stamford Köprüsü Muharebesi'ndeki yenilgisiyle hatirlanir ki bu gayri resmi olarak Viking Cagi'nin sonunu isaret eder.</Text>
    </Row>
    <Row Tag="TXT_KEY_1066_SCENARIO_LEADER_GODWINSON_NAME">
      <Text>Harold Godwinson</Text>
    </Row>
    <Row Tag="TXT_KEY_1066_SCENARIO_LEADER_GODWINSON_SUBTITLE">
      <Text>Ingiltere Krali</Text>
    </Row>
    <Row Tag="TXT_KEY_1066_SCENARIO_LEADER_GODWINSON_LIVED">
      <Text>c. MS 1022 - 1066</Text>
    </Row>
    <Row Tag="TXT_KEY_1066_SCENARIO_LEADER_GODWINSON_HEADING_1">
      <Text>Tarih</Text>
    </Row>
    <Row Tag="TXT_KEY_1066_SCENARIO_LEADER_GODWINSON_TEXT_1">
      <Text>Harold Godwinson, Ocak 1066'dan ayni yilin Ekim ayinda Hastings Savasi'ndaki yenilgisine kadar kisa bir süre Ingiltere Krali olarak hüküm sürmüs ve Anglo-Sakson krallarinin sonuncusu olmustur. Kuzeyde Harald Hardrada'nin istilasini basariyla savusturmus olmasina ragmen, Godwinson ve ordusu bir aydan kisa bir süre sonra Fatih William tarafindan bir gün süren bir savasta yok edilecekti. Efsaneye göre Godwinson gözüne isabet eden bir okla ölmüstür.</Text>
    </Row>
    <Row Tag="TXT_KEY_1066_SCENARIO_LEADER_WILLIAM_NAME">
      <Text>Fatih William</Text>
    </Row>
    <Row Tag="TXT_KEY_1066_SCENARIO_LEADER_WILLIAM_SUBTITLE">
      <Text>Normandiya Dükü</Text>
    </Row>
    <Row Tag="TXT_KEY_1066_SCENARIO_LEADER_WILLIAM_LIVED">
      <Text>c. MS 1028 - 1087</Text>
    </Row>
    <Row Tag="TXT_KEY_1066_SCENARIO_LEADER_WILLIAM_HEADING_1">
      <Text>Tarih</Text>
    </Row>
    <Row Tag="TXT_KEY_1066_SCENARIO_LEADER_WILLIAM_TEXT_1">
      <Text>Fatih William (I. William olarak da bilinir) Normanlarin Ingiltere'yi fethinin lideriydi ve Ingiltere'nin ilk Norman krali olarak hüküm sürecekti. Ekim 1066'da Hastings Savasi'nda Harold Godwinson'un ordusunu yenilgiye ugratan William, sonunda Ingiliz direnisini bastiracak ve 1087'deki ölümüne kadar 20 yildan fazla hüküm sürecektir.</Text>
    </Row>
    <Row Tag="TXT_KEY_1066_SCENARIO_LEADER_SWEYN_NAME">
      <Text>Sweyn II</Text>
    </Row>
    <Row Tag="TXT_KEY_1066_SCENARIO_LEADER_SWEYN_SUBTITLE">
      <Text>Danimarka Krali</Text>
    </Row>
    <Row Tag="TXT_KEY_1066_SCENARIO_LEADER_SWEYN_LIVED">
      <Text>c. 1019 - MS 1075 civari</Text>
    </Row>
    <Row Tag="TXT_KEY_1066_SCENARIO_LEADER_SWEYN_HEADING_1">
      <Text>Tarih</Text>
    </Row>
    <Row Tag="TXT_KEY_1066_SCENARIO_LEADER_SWEYN_TEXT_1">
      <Text>Sweyn II, 1047'den 1074'e kadar Danimarka Krali olarak görev yapmistir. Yönetimi sirasinda, Norveçli Harald Hardrada (sik sik Sweyn'i fethetmeye çalisiyordu) ile uzun süredir devam eden kan davasi, iki düsman arasinda sayisiz savasa yol açacakti. Sweyn'in yasami boyunca 20'den fazla çocugu oldu, bunlarin arasinda Danimarka'nin gelecekteki 5 krali da vardi ve bunlar sonraki 60 yil boyunca barisçil bir sekilde birbirlerinin yerine geçeceklerdi.</Text>
    </Row>
    <Row Tag="TXT_KEY_1066_SCENARIO_CIV_ENGLAND_HEADING_1">
      <Text>Tarih</Text>
    </Row>
    <Row Tag="TXT_KEY_1066_SCENARIO_CIV_ENGLAND_TEXT_1">
      <Text>Günah Cikartici Edward'in 1065 yilinda ölümüyle birlikte Ingiliz tahti, "Witenagemot" olarak bilinen Ingiliz asilzadeler konseyi tarafindan kisa sürede Harold Godwinson'a verildi. Cok geçmeden Norveç Krali Harald Hardrada'nin ve daha da önemlisi Normandiya Dükü William'in istilalari Ingiltere'nin siyasi manzarasini sonsuza dek degistirecekti. Eylül 1066'da Stamford Köprüsü Savasi'nda Harald'i basariyla yenen Godwinson, sadece birkaç hafta sonra William'la yüzlesmek için hizla yeniden toparlanip güneye yönelmek zorunda kalacakti. Ancak William önderligindeki Norman ordulari Godwinson için çok fazla olacakti. Harold'un kuvvetlerini 1066'daki Hastings Muharebesi'nde ezecekler, Harold'u ölü, Ingiltere'yi ise ele geçirilmeye açik birakacaklardi.</Text>
    </Row>
    <Row Tag="TXT_KEY_1066_SCENARIO_CIV_NORMANDY_HEADING_1">
      <Text>Tarih</Text>
    </Row>
    <Row Tag="TXT_KEY_1066_SCENARIO_CIV_NORMANDY_TEXT_1">
      <Text>Fransa'nin Rouen olarak bilinen bölgesinde kurulan Normandiya Dükaligi, ilk olarak MS 9. yüzyilin sonlarinda Iskandinavya Vikingleri tarafindan kolonilestirilmistir.  Resmi olarak 911 yilinda Saint-Clair-sur-Epte Antlasmasi'nin imzalanmasiyla olusturulan Fransa Krali Charles III, bölgeyi Viking lideri Rollo'ya birakarak Normandiya olarak bilinen bölgenin temellerini atmistir. Normandiya Dükü Fatih William, 1066 yilinda Ingiltere tahtini ele geçiren en ünlü lider olarak görev yapacaktir.</Text>
    </Row>
    <Row Tag="TXT_KEY_1066_SCENARIO_CIV_NORWAY_HEADING_1">
      <Text>Tarih</Text>
    </Row>
    <Row Tag="TXT_KEY_1066_SCENARIO_CIV_NORWAY_TEXT_1">
      <Text>Kral Harald "Sert Hükümdar" Sigurdsson yönetimindeki Norveç, 11. yüzyil boyunca Danimarka tahtini gasp etmek amaciyla Danimarka'ya karsi çok sayida askeri sefere girisecekti. Magnus I'in 1047'de ölümünden sonra Harald, Sweyn II'nin Danimarka'nin mesru hükümdari oldugu fikrine karsi çikti ve ikisi azili rakipler haline geldi. Birkaç denemeye ragmen, Harald Sweyn'i fethetmekte asla basarili olamadi ve bunun yerine gözünü Ingiliz tahtina dikti. Harald, 1066 yilinin Eylül ayinda Ingiltere'yi isgal edecek, ancak Stamford Köprüsü Savasi'nda Harold Godwinson'un ordulari tarafindan öldürülecekti.</Text>
    </Row>
    <Row Tag="TXT_KEY_1066_SCENARIO_CIV_DENMARK_HEADING_1">
      <Text>Tarih</Text>
    </Row>
    <Row Tag="TXT_KEY_1066_SCENARIO_CIV_DENMARK_TEXT_1">
      <Text>Viking çaginin zirvede oldugu MS 8-11. yüzyillar boyunca gelisen Danimarka Kralligi, 11. yüzyilin baslarinda Norveç ile süregelen bir savasin içine girecektir. Kral I. Magnus'un 1047'de ölümünden sonra Sweyn'in Danimarka tahti üzerindeki hakkina itiraz eden Norveç Krali Harald Hardrada, Danimarka Krali II. Sweyn'in baslica rakibi haline gelecektir.  Yillarca askeri çatismalara giren ikili, yaklasik 15 yil sonra ikisinin de galip gelemeyeceginin anlasilmasi üzerine nihayet uzlasir.</Text>
    </Row>
    <Row Tag="TXT_KEY_1066_SCENARIO_TRAIT_CITY_STATE_FRIENDSHIP_SHORT">
      <Text>Britanyali Müttefikler</Text>
    </Row>
    <Row Tag="TXT_KEY_TRAIT_CASTLE_BUILDERS_SHORT">
      <Text>Kale Insaatçilari</Text>
    </Row>
    <Row Tag="TXT_KEY_TRAIT_CASTLE_BUILDERS">
      <Text>Kiliç Ustalari, bir Isçinin bir Kale insa etmesiyle ayni sürede Motte ve Bailey'nin essiz gelisimini insa edebilir.</Text>
    </Row>
    <Row Tag="TXT_KEY_CIVILOPEDIA_UNITS_SAXON_HUSCARL_TEXT">
      <Text>Modern korumanin ortaçagdaki karsiligi olan Anglo-Sakson Huscarl'lar, krala ve diger soylulara hizmet eden profesyonel olarak egitilmis ve iyi maas alan askerlerdi. "Byrnies" olarak bilinen bele kadar uzanan zincir zirhli paltolarla donatilmis ve tipik olarak savas baltalariyla silahlanmis olan Huscarl'lar, 11. ve 12. yüzyillar boyunca göz korkutucu bir savunma gücüydü.</Text>
    </Row>
    <Row Tag="TXT_KEY_UNIT_SAXON_HUSCARL_STRATEGY">
      <Text>Huscarl, Anglo-Sakson Ingiltere'si için Uzun Kiliçli'nin yerini alan Essiz Birimdir. Bu Birim, saldiriya ugradiginda kalkan duvarlari olusturma yetenegi sayesinde Örtü I ve Atlilara Karsi Bonus (50) terfileri kazanir.</Text>
    </Row>
    <Row Tag="TXT_KEY_UNIT_HELP_SAXON_HUSCARL">
      <Text>Güçlü Ortaçag Yakin Dövüs Birimi, Atli ve Menzilli Birimlere karsi güçlüdür. Koruma I ve Atlilara Karsi Bonus (50) terfilerine sahiptir.  Sadece Ingilizler insa edebilir. Uzun Kiliç Ustasinin yerini alir.</Text>
    </Row>
    <Row Tag="TXT_KEY_CIVILOPEDIA_UNITS_NORMAN_KNIGHT_TEXT">
      <Text>Ingiltere'nin 11. yüzyilda fethi sirasinda görev yapan Norman ordusunun sövalyeleri, "Hauberk" olarak bilinen diz boyu zincir zirh gömleklerle donatilmisti ve tipik olarak (teoride) gelen oklari saptirmak için tasarlanmis konik sekilli bir migfer giyiyorlardi. Norman Sövalyeleri belki de en çok yakin dövüs sirasinda atli sövalyenin bacagini korumak için tasarlanmis uzun kalkanlar olan "Uçurtma" kalkanlarini tasimalariyla bilinirlerdi.</Text>
    </Row>
    <Row Tag="TXT_KEY_UNIT_NORMAN_KNIGHT_STRATEGY">
      <Text>Norman Sövalyesi, standart Sövalyenin yerini alan Norman Benzersiz Birimidir. Bu Birim, her turda birden fazla saldiri yapmasina olanak taniyan Akin terfisiyle güçlendirilmis standart Sövalyedir.</Text>
    </Row>
    <Row Tag="TXT_KEY_UNIT_HELP_NORMAN_KNIGHT">
      <Text>Güçlü Ortaçag Atli Birimi, Mizraklilara karsi zayif. Akin terfisine sahiptir.  Sadece Normanlar insa edebilir. Standart Sövalyenin yerini alir.</Text>
    </Row>
    <Row Tag="TXT_KEY_1066_SCENARIO_BUILDING_COURTHOUSE_HELP">
      <Text>Tur basina 5 [ICON_GOLD] Altin saglar. Domesday Book Londra'da insa edilmeden önce bunlardan altisinin insa edilmesi gerekir. Sadece Londra'dan 8 ya da daha fazla karo uzakta olan ve baslangiçta Anglosakson Ingiltere tarafindan kontrol edilen bir sehirde insa edilebilir.</Text>
    </Row>
    <Row Tag="TXT_KEY_1066_SCENARIO_BUILDING_COURTHOUSE_STRATEGY">
      <Text>Ingiltere'nin bu bölgesinin tahririni yaptirmak için Domesday Shire Mahkemelerini insa edin. Bina tamamlandiginda Ingiltere'nin bu bölgesindeki vatandaslardan vergi geliri elde edeceksiniz. Bu mahkemelerden 6 tanesini tamamladiginizda, Londra'da Domesday Book'u insa etmeye ve Ingiltere'nin fethini tamamlamaya hazirsiniz demektir.</Text>
    </Row>
    <Row Tag="TXT_KEY_1066_SCENARIO_BUILDING_COURTHOUSE_PEDIA">
      <Text>Fatih William döneminde vergi tespiti amaciyla kullanilan Domesday Shire Mahkemesi, Domesday tahriri için bir araya getirilen kasaba halki ve yerel lordlardan olusan bir topluluktu. Shire Mahkemesi, topraklarini ve hayvan varliklarini mahkemenin kraliyet memurlarina gönülsüzce bildiren Ingiliz halki tarafindan nefretle karsilanmistir.</Text>
    </Row>
    <Row Tag="TXT_KEY_1066_SCENARIO_BUILDING_NATIONAL_COLLEGE_HELP">
      <Text>Bunu Londra'da insa ederek senaryoyu kazanin. Imparatorlugunuzda 6 Domesday Shire Mahkemesi olana kadar insa edilemez.</Text>
    </Row>
    <Row Tag="TXT_KEY_1066_SCENARIO_BUILDING_NATIONAL_COLLEGE_STRATEGY">
      <Text>Domesday Book harikasinin tamamlanmasi, Ingiltere'deki büyük arastirmanizin tamamlandigi ve bu topraklarin efendisi oldugunuz anlamina geliyor. Senaryoyu kazanmak için onu insa edin.</Text>
    </Row>
    <Row Tag="TXT_KEY_1066_SCENARIO_BUILDING_NATIONAL_COLLEGE_PEDIA">
      <Text>Fatih William döneminde Ingiltere halkinin hayvan ve arazi varliklarini belgeleyen Domesday Kitabi, MS 1085 yilinda Domesday arastirmasi sirasinda kaydedilmistir. William tarafindan, Confessor Edward döneminde ödenmeyen vergileri degerlendirmek için bir araç olarak tasarlanan Domesday, kraliyet memurlari tarafindan deftere yapilan tüm kayitlar nihai oldugu için "Hüküm Kitabi" olarak bilinecektir.</Text>
    </Row>
    <Row Tag="TXT_KEY_IMPROVEMENT_HADRIANS_WALL">
      <Text>Hadrian Duvari</Text>
    </Row>
    <Row Tag="TXT_KEY_CIV5_IMPROVEMENTS_HADRIANS_WALL_TEXT">
      <Text>Adini MS 122 yilinda yapimini emreden Roma Imparatoru Hadrian'dan alan Hadrian Duvari, Ingiltere'nin kuzey sinirini bölen devasa bir savunma tahkimatiydi. Yaklasik 73 mil (117 km) uzunlugundaki duvar, bati kiyisindaki Bowness-on-Solway'den dogu kiyisindaki Wallsend'e (bir zamanlar Roma kalesi Segedunum'un bulundugu yer) kadar uzanmaktadir. Öncelikle kireç tasindan insa edilen duvarin sagladigi savunma, insasini takip eden birkaç yil boyunca, her biri 1.000 Romali askeri barindiran bir düzineden fazla tam boyutlu kale ile desteklenecektir.</Text>
    </Row>
    <Row Tag="TXT_KEY_IMPROVEMENT_MOTTE_BAILEY">
      <Text>Motte ve Bailey</Text>
    </Row>
    <Row Tag="TXT_KEY_CIV5_IMPROVEMENTS_MOTTE_BAILEY_TEXT">
      <Text>Ilk olarak 10. yüzyilda Normanlara atfedilen bir tasarim olan motte-and-bailey, yükseltilmis bir toprak höyügün üzerine insa edilen yüksek bir kale türüydü. Motte, muhtemel kale alaninin etrafina bir hendek kazilmasiyla olusturulmustur. Arta kalan dolgu topragi daha sonra üzerine kalenin kendisinin insa edildigi yapay bir tepe veya höyük insa etmek için kullaniliyordu. "Bailey", tipik olarak büyük bir duvarla çevrili, kisla, hizmetli odalari ve depo binalarini içeren alt avluyu ifade eder. Bir Motte ve Bailey içinde konuslanmis herhangi bir birim %100 savunma gücü bonusu alir. Buna ek olarak, sirasini bir Motte ve Bailey'nin yaninda bitiren herhangi bir düsman birimi 3 hasar alir.</Text>
    </Row>
    <Row Tag="TXT_KEY_CIV5_IMPROVEMENTS_MOTTE_BAILEY_HELP">
      <Text>Norman Kiliç Ustalari tarafindan insa edilen Motte ve Bailey, bu Karede konuslanmis herhangi bir Birim için +%100 [ICON_STRENGTH] Savunma Gücü saglar. Sirasini Motte ve Bailey'nin yaninda bitiren herhangi bir düsman birimi 3 hasar alir.</Text>
    </Row>
    <Row Tag="TXT_KEY_BUILD_MOTTE_BAILEY">
      <Text>Bir Motte ve Bailey insa edin</Text>
    </Row>
    <Row Tag="TXT_KEY_BUILD_MOTTE_BAILEY_HELP">
      <Text>Bu Karede konuslanmis herhangi bir Birim için +%100 [ICON_STRENGTH] Savunma Gücü. Sirasini Motte ve Bailey'nin yaninda bitiren herhangi bir düsman birimi 3 hasar alir. Birimi tüketmez.</Text>
    </Row>
    <Row Tag="TXT_KEY_BUILD_MOTTE_BAILEY_REC">
      <Text>Bu karede konuslanmis herhangi bir askeri birimin [ICON_STRENGTH] Savunmasini gelistirir ve sirasini bitisik olarak bitiren düsman birimlerine hasar verir.</Text>
    </Row>
    <Row Tag="TXT_KEY_1066_SCENARIO_TAX_COLLECTION">
      <Text>Vergi tahsildarlari Ingiltere'nin bölgelerinden geri döndü.  {1_GoldCollected} [ICON_GOLD] Kasaba halkindan altin toplandi.</Text>
    </Row>
    <Row Tag="TXT_KEY_1066_SCENARIO_NEW_RECRUITS">
      <Text>Yeni askerler Ingiltere'de bulunan yagma ve topraklarla ilgili hikâyeler duydu. Baskentinizin yakinlarinda {1_NumUnits} yeni birimler bulabilirsiniz.</Text>
    </Row>
    <Row Tag="TXT_KEY_1066_SCENARIO_ALLY_GAINED">
      <Text>{1_CityStateName} sehir devletinden askeri birlikler ordunuza katildi!</Text>
    </Row>
    <Row Tag="TXT_KEY_1066_SCENARIO_ALLY_LOST">
      <Text>{1_CityStateName} sehir eyaletinden gelen birimler simdi evlerine dönecek.</Text>
    </Row>
    <Row Tag="TXT_KEY_1066_SCENARIO_BRIEFING">
      <Text>Brifing</Text>
    </Row>
    <Row Tag="TXT_KEY_1066_SCENARIO_LONDON_STATUS">
      <Text>Londra'nin Kontrolü: {1_CivilizationName}</Text>
    </Row>
    <Row Tag="TXT_KEY_1066_SCENARIO_SHIRE_COURT_STATUS">
      <Text>Insa edilen Shire Mahkemeleri: {1_NumBuildings}\6</Text>
    </Row>
  </Language_en_US>
</GameData>