﻿<?xml version="1.0" encoding="utf-8"?>
<!-- edited with XMLSPY v2004 rel. 2 U (http://www.xmlspy.com) by Ed Beach (Firaxis Games) -->
<!-- Sid Meier's Civilization V -->
<!-- Copyright Firaxis Games 2010 -->
<!-- -->
<!-- Game Text Cities -->
<GameData>
  <Language_en_US>
    <Row Tag="TXT_KEY_CITY_NAME_BIRSAY">
      <Text>Birsay</Text>
    </Row>
    <Row Tag="TXT_KEY_CITY_NAME_THURSO">
      <Text>Thurso</Text>
    </Row>
    <Row Tag="TXT_KEY_CITY_NAME_STORNOWAY">
      <Text>Stornoway</Text>
    </Row>
    <Row Tag="TXT_KEY_CITY_NAME_FISKAVAIG">
      <Text>Fiskavaig</Text>
    </Row>
    <Row Tag="TXT_KEY_CITY_NAME_IONA">
      <Text>Iona</Text>
    </Row>
    <Row Tag="TXT_KEY_CITY_NAME_BAYEUX">
      <Text>Bayeux</Text>
    </Row>
    <Row Tag="TXT_KEY_CITY_NAME_SAINT_VALERY">
      <Text>Saint-Valery</Text>
    </Row>
    <Row Tag="TXT_KEY_CITY_NAME_WAREHAM">
      <Text>Wareham</Text>
    </Row>
    <Row Tag="TXT_KEY_CITY_NAME_CHICHESTER">
      <Text>Chichester</Text>
    </Row>
    <Row Tag="TXT_KEY_CITY_NAME_NORTHAMPTON">
      <Text>Northampton</Text>
    </Row>
    <Row Tag="TXT_KEY_CITY_NAME_THETFORD">
      <Text>Thetford</Text>
    </Row>
    <Row Tag="TXT_KEY_CITY_NAME_STAMFORD">
      <Text>Stamford</Text>
    </Row>
    <Row Tag="TXT_KEY_CITY_NAME_STAFFORD">
      <Text>Stafford</Text>
    </Row>
    <Row Tag="TXT_KEY_CITY_NAME_CHESTER">
      <Text>Chester</Text>
    </Row>
    <Row Tag="TXT_KEY_CITY_NAME_LINCOLN">
      <Text>Lincoln</Text>
    </Row>
  </Language_en_US>
</GameData>