﻿<?xml version="1.0" encoding="utf-8"?>
<!-- edited with XMLSPY v2004 rel. 2 U (http://www.xmlspy.com) by Ed Beach (Firaxis Games) -->
<GameData>
  <Language_en_US>
    <Row Tag="TXT_KEY_TRAIT_VIKING_FURY_SHORT">
      <Text>Viking Öfkesi</Text>
    </Row>
    <Row Tag="TXT_KEY_TRAIT_VIKING_FURY">
      <Text>Gemiye alinan birimler +1 Harekete [ICON_MOVES] sahiptir ve denizden karaya geçmek için sadece 1 hareket puani öderler. Yakin muharebe birimleri yagmalamak için hareket puani maliyeti ödemez.</Text>
    </Row>
  </Language_en_US>
</GameData>