﻿<?xml version="1.0" encoding="utf-8"?>
<!-- edited with XMLSPY v2004 rel. 2 U (http://www.xmlspy.com) by Ed Beach (Firaxis Games) -->
<GameData>
  <Language_en_US>
    <Row Tag="TXT_KEY_1066_SCENARIO_LEADER_BISMARCK">
      <Text>Harald Hardrada</Text>
    </Row>
    <Row Tag="TXT_KEY_1066_SCENARIO_LEADER_ELIZABETH">
      <Text>Harold Godwinson</Text>
    </Row>
    <Row Tag="TXT_KEY_1066_SCENARIO_LEADER_NAPOLEON">
      <Text>Fatih William</Text>
    </Row>
    <Row Tag="TXT_KEY_1066_SCENARIO_LEADER_HARALD">
      <Text>Sweyn II</Text>
    </Row>
  </Language_en_US>
</GameData>