﻿<?xml version="1.0" encoding="utf-8" standalone="yes"?>
<GameData>
  <BaseGameText>
    <Row Tag="LOC_LOADING_INFO_LEADER_MONTEZUMA">
      <Text>Tlatoani Montezuma, kartal savasçilarini mutlu et ve besle, onlar da sonsuza dek senin için savasacaklardir. Aztek imparatorlugun tüm topraklara yayildikça, duvarlarini yükseltmek için asla insan istemeyeceksin, çünkü etrafindakileri fethettikçe yeni, sadik isçilerle kutsanacaksin. Ileri git  Huitzilopochtli çagiriyor.</Text>
    </Row>
    <Row Tag="LOC_CITIZEN_AZTEC_MALE_1">
      <Text>Acamapichtli</Text>
    </Row>
    <Row Tag="LOC_CITIZEN_AZTEC_MALE_2">
      <Text>Chimalli</Text>
    </Row>
    <Row Tag="LOC_CITIZEN_AZTEC_MALE_3">
      <Text>Cuauhtemoc</Text>
    </Row>
    <Row Tag="LOC_CITIZEN_AZTEC_MALE_4">
      <Text>Huitzilli</Text>
    </Row>
    <Row Tag="LOC_CITIZEN_AZTEC_MALE_5">
      <Text>Itzcoatl</Text>
    </Row>
    <Row Tag="LOC_CITIZEN_AZTEC_MALE_6">
      <Text>Nochehuatl</Text>
    </Row>
    <Row Tag="LOC_CITIZEN_AZTEC_MALE_7">
      <Text>Tlaloc</Text>
    </Row>
    <Row Tag="LOC_CITIZEN_AZTEC_MALE_8">
      <Text>Xiuhpilli</Text>
    </Row>
    <Row Tag="LOC_CITIZEN_AZTEC_MALE_9">
      <Text>Yaotl</Text>
    </Row>
    <Row Tag="LOC_CITIZEN_AZTEC_MALE_10">
      <Text>Zolin</Text>
    </Row>
    <Row Tag="LOC_CITIZEN_AZTEC_FEMALE_1">
      <Text>Centehua</Text>
    </Row>
    <Row Tag="LOC_CITIZEN_AZTEC_FEMALE_2">
      <Text>Chalchiuitl</Text>
    </Row>
    <Row Tag="LOC_CITIZEN_AZTEC_FEMALE_3">
      <Text>Chicomecoatl</Text>
    </Row>
    <Row Tag="LOC_CITIZEN_AZTEC_FEMALE_4">
      <Text>Chimalma</Text>
    </Row>
    <Row Tag="LOC_CITIZEN_AZTEC_FEMALE_5">
      <Text>Citlalli</Text>
    </Row>
    <Row Tag="LOC_CITIZEN_AZTEC_FEMALE_6">
      <Text>Cozamalotl</Text>
    </Row>
    <Row Tag="LOC_CITIZEN_AZTEC_FEMALE_7">
      <Text>Tlacotl</Text>
    </Row>
    <Row Tag="LOC_CITIZEN_AZTEC_FEMALE_8">
      <Text>Xilonen</Text>
    </Row>
    <Row Tag="LOC_CITIZEN_AZTEC_FEMALE_9">
      <Text>Xochitl</Text>
    </Row>
    <Row Tag="LOC_CITIZEN_AZTEC_FEMALE_10">
      <Text>Yaretzi</Text>
    </Row>
    <Row Tag="LOC_CITIZEN_AZTEC_MODERN_MALE_1">
      <Text>Carlos</Text>
    </Row>
    <Row Tag="LOC_CITIZEN_AZTEC_MODERN_MALE_2">
      <Text>Estévan</Text>
    </Row>
    <Row Tag="LOC_CITIZEN_AZTEC_MODERN_MALE_3">
      <Text>Ignacio</Text>
    </Row>
    <Row Tag="LOC_CITIZEN_AZTEC_MODERN_MALE_4">
      <Text>José</Text>
    </Row>
    <Row Tag="LOC_CITIZEN_AZTEC_MODERN_MALE_5">
      <Text>Montago</Text>
    </Row>
    <Row Tag="LOC_CITIZEN_AZTEC_MODERN_MALE_6">
      <Text>Niguel</Text>
    </Row>
    <Row Tag="LOC_CITIZEN_AZTEC_MODERN_MALE_7">
      <Text>Pedro</Text>
    </Row>
    <Row Tag="LOC_CITIZEN_AZTEC_MODERN_MALE_8">
      <Text>Richardo</Text>
    </Row>
    <Row Tag="LOC_CITIZEN_AZTEC_MODERN_MALE_9">
      <Text>Teyo</Text>
    </Row>
    <Row Tag="LOC_CITIZEN_AZTEC_MODERN_MALE_10">
      <Text>Tino</Text>
    </Row>
    <Row Tag="LOC_CITIZEN_AZTEC_MODERN_FEMALE_1">
      <Text>Amorita</Text>
    </Row>
    <Row Tag="LOC_CITIZEN_AZTEC_MODERN_FEMALE_2">
      <Text>Bellona</Text>
    </Row>
    <Row Tag="LOC_CITIZEN_AZTEC_MODERN_FEMALE_3">
      <Text>Eldora</Text>
    </Row>
    <Row Tag="LOC_CITIZEN_AZTEC_MODERN_FEMALE_4">
      <Text>Guadalupe</Text>
    </Row>
    <Row Tag="LOC_CITIZEN_AZTEC_MODERN_FEMALE_5">
      <Text>Luminosa</Text>
    </Row>
    <Row Tag="LOC_CITIZEN_AZTEC_MODERN_FEMALE_6">
      <Text>Orlena</Text>
    </Row>
    <Row Tag="LOC_CITIZEN_AZTEC_MODERN_FEMALE_7">
      <Text>Perdita</Text>
    </Row>
    <Row Tag="LOC_CITIZEN_AZTEC_MODERN_FEMALE_8">
      <Text>Pilar</Text>
    </Row>
    <Row Tag="LOC_CITIZEN_AZTEC_MODERN_FEMALE_9">
      <Text>Senalda</Text>
    </Row>
    <Row Tag="LOC_CITIZEN_AZTEC_MODERN_FEMALE_10">
      <Text>Zola</Text>
    </Row>
    <Row Tag="LOC_CITY_NAME_TENOCHTITLAN">
      <Text>Tenochtitlan</Text>
    </Row>
    <Row Tag="LOC_CITY_NAME_TEXCOCO">
      <Text>Texcoco</Text>
    </Row>
    <Row Tag="LOC_CITY_NAME_ATZCAPOTZALCO">
      <Text>Atzcapotzalco</Text>
    </Row>
    <Row Tag="LOC_CITY_NAME_TEOTIHUACAN">
      <Text>Teotihuacán</Text>
    </Row>
    <Row Tag="LOC_CITY_NAME_TLACOPAN">
      <Text>Tlacopán</Text>
    </Row>
    <Row Tag="LOC_CITY_NAME_XOCHICALCO">
      <Text>Xochicalco</Text>
    </Row>
    <Row Tag="LOC_CITY_NAME_MALINALCO">
      <Text>Malinalco</Text>
    </Row>
    <Row Tag="LOC_CITY_NAME_TEAYO">
      <Text>Teayo</Text>
    </Row>
    <Row Tag="LOC_CITY_NAME_CEMPOALA">
      <Text>Cempoala</Text>
    </Row>
    <Row Tag="LOC_CITY_NAME_CHALCO">
      <Text>Chalco</Text>
    </Row>
    <Row Tag="LOC_CITY_NAME_IXTAPALUCA">
      <Text>Ixtapaluca</Text>
    </Row>
    <Row Tag="LOC_CITY_NAME_TENAYUCA">
      <Text>Tenayuca</Text>
    </Row>
    <Row Tag="LOC_CITY_NAME_HUEXOTLA">
      <Text>Huexotla</Text>
    </Row>
    <Row Tag="LOC_CITY_NAME_CHAPULTEPEC">
      <Text>Chapultepec</Text>
    </Row>
    <Row Tag="LOC_CITY_NAME_TEPEXPAN">
      <Text>Tepexpan</Text>
    </Row>
    <Row Tag="LOC_CITY_NAME_ZITLALTEPEC">
      <Text>Zitlaltepec</Text>
    </Row>
    <Row Tag="LOC_CITY_NAME_XALAPA">
      <Text>Xalapa</Text>
    </Row>
    <Row Tag="LOC_CITY_NAME_TAMUIN">
      <Text>Tamuín</Text>
    </Row>
    <Row Tag="LOC_CITY_NAME_TELOLOAPAN">
      <Text>Teloloapan</Text>
    </Row>
    <Row Tag="LOC_CITY_NAME_MITLA">
      <Text>Mixquic</Text>
    </Row>
    <Row Tag="LOC_CITY_NAME_TLATELOLCO">
      <Text>Tlatelolco</Text>
    </Row>
    <Row Tag="LOC_CITY_NAME_COYOTEPEC">
      <Text>Coyotepec</Text>
    </Row>
    <Row Tag="LOC_CITY_NAME_ZACATULA">
      <Text>Zacatula</Text>
    </Row>
    <Row Tag="LOC_CITY_NAME_YUCUNUDAHUI">
      <Text>Yucuñudahui</Text>
    </Row>
    <Row Tag="LOC_CITY_NAME_ECATEPEC">
      <Text>Ecatepec</Text>
    </Row>
    <Row Tag="LOC_CITY_NAME_MAZATAN">
      <Text>Mazatán</Text>
    </Row>
    <Row Tag="LOC_CITY_NAME_IZTAPALAPA">
      <Text>Iztapalapa</Text>
    </Row>
    <Row Tag="LOC_CITY_NAME_TLALMANALCO">
      <Text>Tlalmanalco</Text>
    </Row>
    <Row Tag="LOC_CITY_NAME_HUAXYACAC">
      <Text>Huaxyacac</Text>
    </Row>
    <Row Tag="LOC_CITY_NAME_ACATITLAN">
      <Text>Acatitlan</Text>
    </Row>
    <Row Tag="LOC_CIVILIZATION_AZTEC_DESCRIPTION">
      <Text>Aztek Imparatorlugu</Text>
    </Row>
    <Row Tag="LOC_CIVILIZATION_AZTEC_ADJECTIVE">
      <Text>Aztec
			Masculine:an</Text>
      <Gender>Masculine:an</Gender>
    </Row>
    <Row Tag="LOC_CIVINFO_AZTEC_LOCATION">
      <Text>Kuzey Amerika</Text>
    </Row>
    <Row Tag="LOC_CIVINFO_AZTEC_SIZE">
      <Text>Tahmini 117,5 bin mil kare (304 bin km kare)</Text>
    </Row>
    <Row Tag="LOC_CIVINFO_AZTEC_POPULATION">
      <Text>Tahmini En genis kapsamda 5,1 milyon</Text>
    </Row>
    <Row Tag="LOC_CIVINFO_AZTEC_CAPITAL">
      <Text>Tenochtitlan</Text>
    </Row>
    <Row Tag="LOC_TRAIT_CIVILIZATION_BUILDING_TLACHTLI_NAME">
      <Text>Azteklere özgü bir bina: Tlachtli</Text>
    </Row>
    <Row Tag="LOC_TRAIT_CIVILIZATION_UNIT_AZTEC_EAGLE_WARRIOR_NAME">
      <Text>Aztek essiz birimi: Kartal Savasçi</Text>
    </Row>
    <Row Tag="LOC_PEDIA_CIVILIZATIONS_PAGE_CIVILIZATION_AZTEC_CHAPTER_HISTORY_PARA_1">
      <Text>Hernando Cortes ve ne idügü belirsiz çetesi geldiginde, Aztek Imparatorlugu henüz çocukluk çagindaydi ve MS 1428 civarinda (az ya da çok) ortaya çikmisti. Excan Tlahtoloyan (Aztek Imparatorlugu) sadece yüz yil sürmüs olsa da, hareketli bir yüz yildi.</Text>
    </Row>
    <Row Tag="LOC_PEDIA_CIVILIZATIONS_PAGE_CIVILIZATION_AZTEC_CHAPTER_HISTORY_PARA_2">
      <Text>Baslangiçta... Zumpango, Xaltocan, Texcoco, Xochimilco ve Chalco göllerinin kiyilari boyunca Meksika Vadisi'ne dagilmis bir dizi küçük altepetl (sehir devleti) vardi. Bölge bol yagisli ve iliman bir iklime sahipti ve topraklari verimliydi. Bu yüzden Nahua (Mexihcati olarak da bilinir) halklari 1250 civarinda Aztlan'dan ("Beyaz Ülke" - dolayisiyla "Aztekler") güneye göç ederek buraya yerlesmeye çalisti.</Text>
    </Row>
    <Row Tag="LOC_PEDIA_CIVILIZATIONS_PAGE_CIVILIZATION_AZTEC_CHAPTER_HISTORY_PARA_3">
      <Text>Ne yazik ki, basta Azcapotzalco ve Culhuacan olmak üzere birkaç baska kabile zaten oradaydi. Kudretli Azcapotzalco 1325 yilinda gezgin Azteklere Texcoco Gölü'ndeki küçük bir adaya yerlesme izni verdi ve Aztekler burada Tenochtitlan sehrini kurdular  efsaneye göre bu yerin seçilmesinin nedeni rahip bir adamin nopal kaktüsüne yuva yapan bir kartal görmesiydi - bu da seçilen yerin burasi olduguna dair bir isaretti. Yine de Tenochtitlan büyümek için mükemmel bir konumdaydi - kolayca savunulabiliyordu (bir adadaydi), bol su ve balikçilik vardi ve yakinlarda insaat malzemesi kaynaklari bulunuyordu. Görünüse göre Aztekler Azcapotzalcos'a haraç ödeyerek simdilik rahat birakilmaktan memnundu.</Text>
    </Row>
    <Row Tag="LOC_PEDIA_CIVILIZATIONS_PAGE_CIVILIZATION_AZTEC_CHAPTER_HISTORY_PARA_4">
      <Text>Aztekler bir yüzyil boyunca Azcapotzalcos'a tabi kaldilar. Bu arada yakindaki bir baska altepetl huzursuzlanmaya baslamisti. Göl havzasinin güney ucunda yer alan Alcohua sehir devleti Texcoco, Azcapotzalcos'a hâkimiyet için meydan okuyacak kadar ticaretle zenginlesti. Takip eden savasta Tenochtitlan, Azcapotzalcos'a sadik kaldi ve Texcoco'nun fethinde hayati bir rol oynadi. Sonuç olarak, Aztekler sadakatleri için maglup sehri bir haraç vilayeti olarak alarak ödüllendirildiler.</Text>
    </Row>
    <Row Tag="LOC_PEDIA_CIVILIZATIONS_PAGE_CIVILIZATION_AZTEC_CHAPTER_HISTORY_PARA_5">
      <Text>Azcapotzalco krali Tezozomoc 1426'da aniden ölene kadar her sey yeterince güzeldi. Bunu takip eden kisa süreli iç savasta Tenochtitlan Aztekleri eski kralin tercih ettigi varisi Tayahuah'i desteklediler ki bunun pek de iyi bir seçim olmadigi ortaya çikti. Kardesi Maxtla kazandi ve hemen Tayahuah'i destekleyenleri cezalandirmaya basladi. Bu olaylarin ortasinda Aztek krali süpheli bir sekilde öldü, muhtemelen Maxtla'nin emriyle suikasta kurban gitti. Ancak yeni kral Itzcoatl meydan okumaya devam etti ve bu yüzden Maxtla sehri kusatti, adayi abluka altina aldi ve tamamen teslim olmasini istedi.</Text>
    </Row>
    <Row Tag="LOC_PEDIA_CIVILIZATIONS_PAGE_CIVILIZATION_AZTEC_CHAPTER_HISTORY_PARA_6">
      <Text>Ayni zamanda Maztla, Texcoco'daki Alcohua'lara karsi da büyük bir sevgi beslemiyordu. Texcoco hükümdari Nezahualcoyotl sürgüne kaçti ve Itzcoatl'a katilmak üzere yola çikti. Muhalif Azcapotzalco sehri Tlacopan da Itzcoatl'a destek verdi. Böylece ünlü Üçlü Ittifak kuruldu: ortak bir hedefe sahip üç sehir devleti, Maxtla'nin devrilmesi, 1427'nin sonunda basarildi. Azcapotzalco'yu tamamen yok eden üç kral "uyum içinde" yasamayi kabul etti. Ilk isleri magluplarin topraklarini bölüsmek oldu  her nasilsa Tenochtitlan aslan payini aldi. Bu basari hepsinin o kadar hosuna gitti ki, üç sehir ittifaklarini resmilestirdi. Buna göre, tüm haraçlar paylasilacak ve üçü de gelecekteki fetih savaslarina katilacak ve ganimeti paylasacakti. Krallarin her biri dönüsümlü olarak huetlatoani ("yasli konusmaci") unvanini aldi ve aslinda müttefik kralligin imparatoru olarak hizmet etti.</Text>
    </Row>
    <Row Tag="LOC_PEDIA_CIVILIZATIONS_PAGE_CIVILIZATION_AZTEC_CHAPTER_HISTORY_PARA_7">
      <Text>Önümüzdeki yüzyil boyunca, bir dizi yetenekli yasli konusmacinin yönetiminde Aztek Ittifaki, Mezoamerika boyunca Atlantik'ten Pasifik'e ulasana kadar komsularini ezerek gelisecekti. Aslinda bu "imparatorluk" ya sosyal ya da belki de dini gerekliliklerden dolayi neredeyse sürekli bir savas halindeydi. Aztek Weltanschaung'unda (dilleri karistirmak için) ölüm yasamin devami için bir araçti ve seylerin dogal düzeninde hem tanrilar hem de insanlar yaratilisi dengede tutmak için kurban vermek zorundaydi. Ve kan - insan kani, çünkü hayvan kani ise yaramiyor gibi görünüyordu - günesin düsmesini engelliyordu. Yurttaslar kan akitmak istemedikleri için, daha asagi tabakadan insanlari - mahkûmlari (dolayisiyla çok sayida savasa ihtiyaç vardi), köleleri, hizmetkârlari ve yoksullari - kullanmak dogaldi. Kurbanlarin boyutu sasirticiydi  örnegin 1487'de Tenochtitlan'daki Templo Mayor'un (Büyük Piramit) adanmasi sirasinda tarihçiler 10 ila 80 bin arasinda kisinin öldürüldügünü tahmin ediyor, bunlar genellikle kafalari kesilerek öldürülüyordu.</Text>
    </Row>
    <Row Tag="LOC_PEDIA_CIVILIZATIONS_PAGE_CIVILIZATION_AZTEC_CHAPTER_HISTORY_PARA_8">
      <Text>Aztekler kanli ritüellerle kutlama yapmadiklari zamanlarda, Amerika'da esi benzeri olmayan bir kültür ve bilim gelistirdiler. Örnegin, sofistike Aztek takvimi Avrupa veya Asya'da gelistirilmis herhangi bir takvime esitti. Tonalpohualli ("gün sayisi") 260 günlük bir döngüden olusuyordu ve her gün birden on üçe kadar bir sayi ve 20 gün isaretinden biriyle gösteriliyordu  xiuhpohualli ya da "yil sayisi" ise yili her biri 20 günlük 18 döneme bölüyordu. Böylece bir yil 360 isimli gün ve bes isimsiz günden olusuyordu  bu isimsiz günlerin sanssiz oldugu düsünülüyordu (tabii ki kötü karmaya karsi koymak için bu günlerde kurban edilenler için). Bu takvimin, astronomiyi bir sanat biçimine dönüstürdükleri için gökleri yogun bir sekilde incelemelerinden kaynaklandigi düsünülmektedir. Ve Aztekler tüm bunlari kendilerine özgü ideografik sistemleriyle bir agaç kabugu kagidi olan amate üzerine yazdilar.</Text>
    </Row>
    <Row Tag="LOC_PEDIA_CIVILIZATIONS_PAGE_CIVILIZATION_AZTEC_CHAPTER_HISTORY_PARA_9">
      <Text>Itzcoatl 1440 yilinda öldügünde yerine yegeni Montezuma geçti (birincisi, daha az yetenekli ikincisiyle karistirilmamalidir). Montezuma'nin büyük üvey kardesi Tlacaelel, kabaca bir Avrupa basbakanina esdeger olan Cihuacoatl görevine getirildi. Ikili daha sonra Tenochtitlan'i ittifakin baskin ortagi haline getirerek bir Aztek Imparatorlugu'nu resmilestirdi. Montezuma, Huastecleri, Totonaclari, Mixtekleri, Cosamaloapanlari, Orizabalari ve Cotaxtlaslari ezip geçerek fetih kismini halletti. Tlacaelel Aztek uygarligini kendi vizyonuna göre yeniden sekillendirdi.</Text>
    </Row>
    <Row Tag="LOC_PEDIA_CIVILIZATIONS_PAGE_CIVILIZATION_AZTEC_CHAPTER_HISTORY_PARA_10">
      <Text>Montezuma savasla mesgulken, Tlacaelel Aztek geçmisini ve gelecegini kelimenin tam anlamiyla yeniden yazdi, bazi kaynaklara göre "tarihi yanlisliklar" nedeniyle yüzlerce metnin yakilmasini emretti. Tlacaelel'in yönetiminde yenilenen Aztek dini, Azteklerin seçilmis bir halk oldugunu ve digerlerinin üstünde yer almalari gerektigini savunuyordu. Tlacaelel ayrica "yeni" Aztek teolojisinde militarizmin ve kurban ritüelinin önemini vurguladi. Ve Tenochtitlan'daki Templo Mayor da dahil olmak üzere, yeni yüce tanri Huitzilopochtli'ye adanmis (çok sayida kurbanla) bir dizi tapinak ve dini yapinin insasini denetledi.</Text>
    </Row>
    <Row Tag="LOC_PEDIA_CIVILIZATIONS_PAGE_CIVILIZATION_AZTEC_CHAPTER_HISTORY_PARA_11">
      <Text>Aztekler kardeslerin yönetiminde otuz yil boyunca basarili oldular. Montezuma ile birlikte imparatorluk yüz bin mil karelik bir alana yayilmisti ve yaklasik bes milyon tebaa onun yönetimine tabi olmustu. Tlacaelel ile birlikte, gerekli haraç (tabii ki kurban bagislarini da içeriyordu) ve askeri güçler talep üzerine saglandigi sürece, tebaa kabileler büyük ölçüde kendi hallerine birakildi. Tenochtitlan büyük bir ticaret aginin merkezi haline geldi ve Aztek tüccarlari hem müttefiklerle hem de düsmanlarla memnuniyetle is yaptilar. Herhangi bir para biriminden yoksun olan ticaret takasa dayaniyordu. Taslak hayvanlara ya da tekerlekli araçlara sahip olmayan Tlacaelel, her seyin insanlar tarafindan bir yerden baska bir yere tasinmasi gerektiginden, yaya trafigi için tasarlanmis kapsamli bir yol sisteminin insasini denetledi. Sürekli kullanilan ve Aztek ordusu tarafindan korunan bu yollar, kadinlarin bile tek baslarina seyahat edebilecekleri kadar güvenliydi. Ayrica her mahallede erkek çocuklarin dini egitim ve askeri egitim aldigi devlet destekli telpochcalli (okullar) insa ettirdi.</Text>
    </Row>
    <Row Tag="LOC_PEDIA_CIVILIZATIONS_PAGE_CIVILIZATION_AZTEC_CHAPTER_HISTORY_PARA_12">
      <Text>I. Montezuma MS 1468'de vefat etti ve yerine oglu Axayacatl geçti. 13 yilini babasinin fetihlerini pekistirmek, çesitli isyanlari bastirmak ve kibirli Tarascan Imparatorlugu'nu savusturmakla geçirdi. (Tlacaelel 1487'de öldü, süphesiz pek çok kisiyi rahatlatti.) Axayacatl öldügünde yerine kardesi, sadece bes yil sonra soylulari tarafindan öldürülen muazzam derecede beceriksiz Tizoc geçti. Onu 1486'da daha iyi oldugunu kanitlayan baska bir kardes - Ahuitzotl - izledi  nüfusu ortadan kaybolan (ya öldürülen ya da topluca kurban edilen) Otzoma sehir devletini fethetti ve tartismali birkaç sinir bölgesi boyunca bir dizi kale insa etmeye basladi. Ahuitzotl 10 Tavsan Yili'nda (karmasik Aztek takviminden faydalanmak için) öldü. Yegeni Montezuma II tahta çikarildi.</Text>
    </Row>
    <Row Tag="LOC_PEDIA_CIVILIZATIONS_PAGE_CIVILIZATION_AZTEC_CHAPTER_HISTORY_PARA_13">
      <Text>Yeni Montezuma'nin hükümdarligi ugursuz bir sekilde basladi... ve sonra yokus asagi gitti. Ahuitzotl'un danismanlarindan daha yetkin olanlari görevden aldi ve çogunu idam ettirdi. Ardindan Aztek toplumundaki quauhpilli sinifini - bir tür yari soylu asama - ortadan kaldirarak siradan insanlarin ailelerini ilerletme sansini yok etti. Böylece avam kitlelerin imparatorluga askeri ya da baska bir sekilde hizmet etmek için hiçbir tesviki kalmadi. En güçlü soylu aileleri kizdiran ve halktan insanlari yabancilastiran Montezuma, Subat 1519'da Azteklerin kapisina dayanan açgözlü Ispanyollarin meydan okumalarina karsi hazirliksizdi.</Text>
    </Row>
    <Row Tag="LOC_PEDIA_CIVILIZATIONS_PAGE_CIVILIZATION_AZTEC_CHAPTER_HISTORY_PARA_14">
      <Text>O yilin baslarinda, Hernando Cortes komutasindaki bir kesif gezisi - yaklasik 11 gemi, 630 adam, 13 at ve birkaç küçük toptan olusan - Maya Imparatorlugu'nun bir parçasi olan Yucatan'da karaya çikti. Aslinda Cortes'in sefer izni, limandan ayrilmadan önce Küba'nin Ispanyol valisi tarafindan iptal edilmisti, ancak Cortes açik bir isyan eylemiyle onun emirlerini görmezden geldi ve yine de yelken açti (sanirim talih gerçekten de "aptal yürekli olanlardan yana"). Birkaç maceradan sonra, fatihler Veracruz'daki küçük yerli yerlesimine yelken açip burayi ele geçirdiler ve burada kol eyaletlerinin birkaç Aztek valisiyle karsilastilar. Bu ikisi Cortes ile Montezuma II arasinda bir görüsme ayarlamayi kabul ettiler.</Text>
    </Row>
    <Row Tag="LOC_PEDIA_CIVILIZATIONS_PAGE_CIVILIZATION_AZTEC_CHAPTER_HISTORY_PARA_15">
      <Text>Ancak Montezuma inatla Ispanyol "elçiyi" kabul etmeyi reddetti, bu yüzden Cortes davetsiz olarak Tenochtitlan'a dogru yola çikti. Cogu davetsiz misafir gibi Ispanyollar da arkalarinda kaos biraktilar. Macera, ganimet ya da intikam pesinde kosan bir grup yerli savasçiyla birlikte baskente dogru ilerleyen Cortes, büyük Cholula sehrine vardi. Orada neseli çetesi, Büyük Piramit'in (dünyanin hacim olarak en büyük piramidi) önündeki meydanda toplanan yerel Aztek soylularinin silahsiz binlerce üyesini katletti. Daha sonra Ispanyollar iyi bir önlem olarak sehri yaktilar. Kan dökülmesinden o kadar etkilenmislerdi ki, ezilen Aztek vasallari sefere daha fazla katildi. Cortes Tenochtitlan'a ulastiginda epey bir takipçisi vardi.</Text>
    </Row>
    <Row Tag="LOC_PEDIA_CIVILIZATIONS_PAGE_CIVILIZATION_AZTEC_CHAPTER_HISTORY_PARA_16">
      <Text>Kaçinilmaz olana boyun egen Montezuma II, Ispanyollari tanismak ve konusmak için barisçil bir sekilde sehre kabul etti. Bunun üzerine Cortes onu esir aldi. Uzun lafin kisasi, sonunda Aztekler Montezuma'yi taslayarak öldürdüler ve Ispanyollari baskentlerinden kovdular. Ama Cortes takviye kuvvetlerle geri döndü ve Tenochtitlan'i kusatti. Tüm atesli silahlar, toplar ve (Azteklerin en çok etkilendikleri) atlarla birlikte sehir kisa sürede düstü ve yerle bir edildi ... ve Agustos 1521'de Azteklerin son hükümdari Cuauhtémoc yakalandi ve daha sonra idam edildi.</Text>
    </Row>
    <Row Tag="LOC_PEDIA_CIVILIZATIONS_PAGE_CIVILIZATION_AZTEC_CHAPTER_HISTORY_PARA_17">
      <Text>Kanli Aztek derebeyleri gitmis ve imparatorluk yeniden ayri sehir devletlerine bölünmüstü, simdi Ispanyol hükümdarligi altindaydi.</Text>
    </Row>
    <Row Tag="LOC_PEDIA_LEADERS_PAGE_LEADER_MONTEZUMA_TITLE">
      <Text>Montezuma I</Text>
    </Row>
    <Row Tag="LOC_PEDIA_LEADERS_PAGE_LEADER_MONTEZUMA_SUBTITLE">
      <Text>Tenochtitlanli Huetlatoani, Azteklerin Besinci Tlatoani'si</Text>
    </Row>
    <Row Tag="LOC_PEDIA_LEADERS_PAGE_LEADER_MONTEZUMA_QUOTE">
      <Text>Günes dogdugunda sicak degildir  bir süre yoluna devam ettikten sonra sicak olur.</Text>
    </Row>
    <Row Tag="LOC_PEDIA_LEADERS_PAGE_LEADER_MONTEZUMA_CHAPTER_HISTORY_PARA_1">
      <Text>Motecuhzoma Ilhuicamina (her dilde bir agiz dolusu) Azteklerin besinci tlatoani'siydi ("seçilmis imparator"). 29 yillik hükümdarligi sirasinda, yakinlardaki Tlacopan ve Texcoco ile uygun ittifaki sürdürerek Tenochtitlan sehrini bölgedeki baskin güç haline getirdi. Üçü birlikte, belirli bir siraya göre Huastekler, Totonaclar, Mixtekler, Cosamaloapanlar, Orizabalar ve Cotaxtlaslar olmak üzere tüm komsularini alt etmeye devam edeceklerdi. Üçlü ittifakin sartlarina göre, Tenochtitlan fethedilen topraklarin %40 kadarini aldi  Montezuma'nin hayatinin sonunda Aztek imparatorlugu Meksika Vadisi'nin çok ötesine, Körfez Kiyisi'na kadar genislemisti.</Text>
    </Row>
    <Row Tag="LOC_PEDIA_LEADERS_PAGE_LEADER_MONTEZUMA_CHAPTER_HISTORY_PARA_2">
      <Text>Montezuma (adi bir bakima "bir lord gibi kaslarini çatiyor" anlamina gelir) iyi bir soydan geliyordu. Babasi Huitzilihuitl Tenochtitlan'in kraliydi ve annesi Miahuaxihuitl Cuauhnahuac sehrinin hükümdarinin kiziydi. Babasinin MS 1417'de ölümünün ardindan Montezuma'nin amcasi Itzcoatl tlatoani seçildi  Tlacaelel I, Itzcoatl'in danismanlarindan biri - aslinda Nahuati ya da "Ilk Danisman" - olurken Montezuma Aztek ordusunda general olarak görev yapti.</Text>
    </Row>
    <Row Tag="LOC_PEDIA_LEADERS_PAGE_LEADER_MONTEZUMA_CHAPTER_HISTORY_PARA_3">
      <Text>Itzcoatl'in 1440'taki ölümünün ardindan Montezuma imparator seçildi. I. Tlacaelel bypass edilmekten hiç de mutsuz görünmüyordu (belki de taci giymezse daha uzun yasayacagini düsünüyordu) ve anlatilanlara göre kardesine sadakatle hizmet etti. Ayrica, I. Tlacaelel dini islerle çok mesguldü. Diger seylerin yani sira, Azteklerin efsanelerini seçilmis bir halk olarak yeniden sekillendirdi, küçük tanri Huitzilopochtli'yi (savas ve günes tanrisi ve kisa süre sonra Tenochtitlan'in koruyucusu) yükseltti ve militarizmi inançla birlestirdi. Evet, bir de tanrilara insan kurban etmenin kapsamini ve sikligini arttirdi - özellikle de sikintili zamanlarda (ki bu çogu zaman oluyordu).</Text>
    </Row>
    <Row Tag="LOC_PEDIA_LEADERS_PAGE_LEADER_MONTEZUMA_CHAPTER_HISTORY_PARA_4">
      <Text>Bu arada Montezuma bir imparator olmasina ragmen nispeten mütevazi yasiyordu. Ispanyollarin Aztekleri fethinden sadece 14 yil sonra olusturulan Codex Mendoza'ya göre, "basit" bir sarayda "sadece birkaç esle" yasiyordu. Aslinda, sonunda üçü kardesi Huehue Zaca'dan miras kalan on haremi oldugu kaydedilmistir. En azindan rütbe ve prestij açisindan ilk karisi, kuzeni ve aralarinda iki prensin de bulundugu belki de üç çocugunun annesi olan güzel Chichimecacihuatzin'di, ancak kimin hangi Montezuma çocugunu dogurdugu biraz belirsizdir. Dini görevler, üreme ya da devlet isleriyle mesgul olmadigi zamanlarda, dostlari ve danismanlariyla uzun sohbetler yapmaktan hoslandigi söylenir.</Text>
    </Row>
    <Row Tag="LOC_PEDIA_LEADERS_PAGE_LEADER_MONTEZUMA_CHAPTER_HISTORY_PARA_5">
      <Text>Bu konusmalarin çogu Aztek sehrinin ve yeni fethedilen topraklarin nasil gelistirilecegi üzerine yogunlasmis gibi görünüyor. Bunlardan biri olan Tenochtitlan'a bol miktarda tatli su saglamak için çifte su kemeri insasi, Aztek Imparatorlugu'nun en büyük mühendislik basarisi olarak kabul edilir. Elbette genisleyen sehir büyüdükçe, aç nüfusunu ayakta tutmak için daha fazla miktarda yiyecege de ihtiyaç duydu. Orta Amerika evcil hayvanlardan yoksun oldugu için, her lokma sehre birilerinin sirtinda tasinmak zorundaydi (çok sayidaki kölelerinin yükü - ritüel olarak kurban edilmeyenler yani). Montezuma'nin hükümeti, yürüme mesafesindeki ekilebilir her toprak parçasinin verimli bir sekilde islenmesini saglamak için devlet müfettisleri istihdam etti. Ve imparator, su baskinlarini hafifletmek ve daha fazla tarim arazisini batakliktan kurtarmak için setler insa edilmesini emretti.</Text>
    </Row>
    <Row Tag="LOC_PEDIA_LEADERS_PAGE_LEADER_MONTEZUMA_CHAPTER_HISTORY_PARA_6">
      <Text>Kardesi I. Tlacaelel'in tesvikiyle Montezuma, zaten tabakalasmis olan Aztek sinif sistemini kodlayan ve pekistiren, basta lüks tüketim olmak üzere mallarin tüketiminde savurganligi sinirlamayi amaçlayan geleneksel düzenlemeler olan kiyafet yasalarini yürürlüge koydu. Bir Aztek'in hayattaki konumu ne giyebilecegini ve nasil konusabilecegini belirliyordu. Örnegin, Montezuma'nin yeni yasalarina göre yoksullarin pamuklu kumas, sandalet ya da diz altina kadar uzanan herhangi bir giysi giymesine izin verilmiyordu. Sadece soylular bir kattan daha büyük evlerde yasayabiliyordu. Suçlar kölelikle ya da kurban edilmekle cezalandiriliyordu, bu yüzden yasalara baglilik neredeyse evrenseldi.</Text>
    </Row>
    <Row Tag="LOC_PEDIA_LEADERS_PAGE_LEADER_MONTEZUMA_CHAPTER_HISTORY_PARA_7">
      <Text>Montezuma ve dindar agabeyi, Huitzilopochtli için yeni bir tapinak da dahil olmak üzere kirsal kesimde pek çok tapinak insa etmeye basladi. Huitzilopochtli tapinagi MS 1455 yilinda yüzlerce Huaxtec savas esirinin kurban edilmesiyle "kutsanmistir" (bazi tarihçiler tarafindan kurban edilecek esirlere duyulan ihtiyacin Aztek dis politikasinin ana konularindan biri haline geldigi ileri sürülmüstür). Tlacaele ayrica Aztek dini kitaplarini yeniden yazmakla mesgul olmus, kendi tarih ve inanç yorumlariyla uyusmayan önceki kitaplarin imha edilmesini emretmistir.</Text>
    </Row>
    <Row Tag="LOC_PEDIA_LEADERS_PAGE_LEADER_MONTEZUMA_CHAPTER_HISTORY_PARA_8">
      <Text>Ancak Montezuma'nin büyüyen imparatorlugu öncelikle neredeyse sürekli ve basarili savas haliyle bilinir. Bazi tarihçiler, Montezuma'nin en iyi çabalarina ragmen periyodik kitliklardan muzdarip olmaya devam eden Tenochtitlan için sürekli bir gida kaynagi saglamayi umarak, haraç için yakindaki kabileleri fethettigini teorize etmektedir. Daha kötümser olan bir baska teoriye göre ise imparatorluk, kanli devlet dininin sunaklarin bollugu karsisinda kurban edilecek birilerine olan kronik ihtiyacini karsilamak için sik sik savaslar düzenlemistir. Bir baska teori de Montezuma'nin çok savastigi çünkü Azteklerin yaptigi seyin bu oldugu... bir seyleri fethetmek. Tarihin çogunda oldugu gibi, kimse olaylarin neden oldugunu gerçekten bilmiyor.</Text>
    </Row>
    <Row Tag="LOC_PEDIA_LEADERS_PAGE_LEADER_MONTEZUMA_CHAPTER_HISTORY_PARA_9">
      <Text>I. Montezuma M.S. 1469'da öldü, bilinmeyen nedeni tarihin enkazi altina gömüldü. Yerine 19 yasindaki oglu Axayacatl geçti ve daha sonra, sadece iki yil içinde her seyini Cortes ve bir grup ayak takimi fetihçiye kaptirmayi basaran talihsiz Montezuma II'nin babasi oldu.</Text>
    </Row>
    <Row Tag="LOC_PEDIA_LEADERS_PAGE_LEADER_MONTEZUMA_CHAPTER_CAPSULE_BODY">
      <Text>Montezuma, toplayabildigi tüm Lüksleri toplamak için imparatorlugunu zorlayan agresif bir yayilmacidir.</Text>
    </Row>
    <Row Tag="LOC_PEDIA_LEADERS_PAGE_LEADER_MONTEZUMA_CHAPTER_DETAILED_BODY">
      <Text>Aztekler oyun boyunca savas çigirtkanligi yapacaklar, ancak gelisen savas yorgunluguyla basa çikmak için bol miktarda [ICON_Amenities] olanaga sahip olmalilar. Ilk hamleleri Kartal Savasçilari ile düsmanlari yenerek bu düsman birimlerinin Aztek Insaatçilarina dönüsmesini saglamak olacaktir. Bu Insaatçilar daha sonra Aztek sehirlerinin hizli bir sekilde genislemesi için yakit görevi görür ve bölge insasinda Insaatçi ücretlerini kullanma konusundaki benzersiz yeteneklerini kullanir. Nihayetinde mümkün oldugunca genis bir imparatorluk istiyorlar çünkü ele geçirebilecekleri ekstra Lüksler [ICON_Amenities] Kolayliklarini daha da artiracak ve daha güçlü saldiri destekleri saglayacaktir.</Text>
    </Row>
    <Row Tag="LOC_PEDIA_UNITS_PAGE_UNIT_AZTEC_EAGLE_WARRIOR_CHAPTER_HISTORY_PARA_1">
      <Text>Aztek ordusundaki iki seçkin piyade sinifindan biri (digeri Jaguar Savasçilari) olan Kartal Savasçilari, soylu dogmus en cesur genç erkeklerdi ve\veya savasta en çok esir almis olanlardi. Jaguarlar gibi Kartallar da atlatl, yay, mizrak ve macuahuitl (obsidyen parçalariyla süslenmis tahta kiliçlar) kullanirlardi  Jaguarlardan farkli olarak Kartallar zirhlarini kartal tüyleriyle süsler ve gagasi açik bir kartal basi seklinde bir baslik takarlardi. Ve Malinalco'da tepede bir tapinaklari vardi. Insan kurbani olacak kadar saglam 20 esir alan genç bir savasçi Kartal Savasçisi olmaya hak kazaniyor ve süphesiz ailesini çok gururlandiriyordu. Ispanyollar toplari, tüfekleri ve atlariyla gelene kadar Kartal ve Jaguar savasçilari Mezoamerika blogundaki en sert kabadayilardi.</Text>
    </Row>
    <Row Tag="LOC_DIPLO_REJECT_DECLARE_FRIEND_FROM_HUMAN_LEADER_MONTEZUMA_ANY">
      <Text>Sen Aztekatl'in dostu degilsin. Bu onuru hak etmelisin.</Text>
    </Row>
    <Row Tag="LOC_DIPLO_MODIFIER_TLATOANI_HAS_DESIRED_LUXURY">
      <Text>Montezuma, kendisinde olmayan lükslerinizi saldiri için olgun bir hedef olarak görüyor.</Text>
    </Row>
    <Row Tag="LOC_DIPLO_MODIFIER_TLATOANI_HAS_NO_DESIRED_LUXURY">
      <Text>Montezuma onun sahip oldugu lüksü kontrol ettigin için mutlu.</Text>
    </Row>
    <Row Tag="LOC_DIPLO_ACCEPT_DECLARE_FRIEND_FROM_HUMAN_LEADER_MONTEZUMA_ANY">
      <Text>Teklifinle kalbim bembeyaz oldu. Dostlugumuzu kutlayalim.</Text>
    </Row>
    <Row Tag="LOC_DIPLO_DECLARE_FRIEND_FROM_AI_LEADER_MONTEZUMA_ANY">
      <Text>Bu dünyanin kötülüklerine karsi dostlukta birleselim.</Text>
    </Row>
    <Row Tag="LOC_DIPLO_ACCEPT_DECLARE_FRIEND_FROM_AI_LEADER_MONTEZUMA_ANY">
      <Text>Tesekkür ederim.</Text>
    </Row>
    <Row Tag="LOC_DIPLO_REJECT_DECLARE_FRIEND_FROM_AI_LEADER_MONTEZUMA_ANY">
      <Text>Sabrimi siniyorsun.</Text>
    </Row>
    <Row Tag="LOC_DIPLO_DECLARE_WAR_FROM_HUMAN_LEADER_MONTEZUMA_ANY">
      <Text>Askerlerin savas alaninda ya da bir sunakta ölecek. Huitzilopochtli için fark etmez.</Text>
    </Row>
    <Row Tag="LOC_DIPLO_DECLARE_WAR_FROM_AI_LEADER_MONTEZUMA_ANY">
      <Text>Simdi korkak mi yoksa savasçi mi oldugunuzu görecegiz!</Text>
    </Row>
    <Row Tag="LOC_DIPLO_DEFEAT_FROM_AI_LEADER_MONTEZUMA_ANY">
      <Text>Huitzilopochtli zayifligimizi affet... benim zayifligimi. Sana hizmet edecek kadar güçlü degildim.</Text>
    </Row>
    <Row Tag="LOC_DIPLO_ACCEPT_DELEGATION_FROM_HUMAN_LEADER_MONTEZUMA_ANY">
      <Text>Delegasyonunuzu onurlu bir yerde agirlayacagiz. Hediyeleriniz nazik bir övgüdür.</Text>
    </Row>
    <Row Tag="LOC_DIPLO_REJECT_DELEGATION_FROM_HUMAN_LEADER_MONTEZUMA_ANY">
      <Text>Bugün olmaz.</Text>
    </Row>
    <Row Tag="LOC_DIPLO_DELEGATION_FROM_AI_LEADER_MONTEZUMA_ANY">
      <Text>Misir ve çikolata hediyeleri heyetim tarafindan size getirilmistir. Onlari size sunuyoruz.</Text>
    </Row>
    <Row Tag="LOC_DIPLO_DENOUNCE_FROM_HUMAN_LEADER_MONTEZUMA_ANY">
      <Text>Korkanlar en yüksek sesle konusur. Bizden korkuyorsun.</Text>
    </Row>
    <Row Tag="LOC_DIPLO_DENOUNCE_FROM_AI_LEADER_MONTEZUMA_ANY">
      <Text>Sen bu dünya için bir zehirsin. Sen kötüsün! (Seni kiniyor).</Text>
    </Row>
    <Row Tag="LOC_DIPLO_FIRST_MEET_LEADER_MONTEZUMA_ANY">
      <Text>Ben Tenochtitlan'in çatik kasli lorduyum. Tlatoani. Benden önce kim gelir? Bir savasçi mi yoksa bir korkak mi?</Text>
    </Row>
    <Row Tag="LOC_DIPLO_FIRST_MEET_VISIT_RECIPIENT_LEADER_MONTEZUMA_ANY">
      <Text>Sizinle tanismak bir onurdur. Sizi yakin sehrimize davet ediyorum, Ollamaliztli'de yeteneginizi test edebilirsiniz.</Text>
    </Row>
    <Row Tag="LOC_DIPLO_FIRST_MEET_NEAR_INITIATOR_POSITIVE_LEADER_MONTEZUMA_ANY">
      <Text>Karar verildi.</Text>
    </Row>
    <Row Tag="LOC_DIPLO_FIRST_MEET_NO_MANS_INFO_EXCHANGE_LEADER_MONTEZUMA_ANY">
      <Text>Tenochtitlan, Huitzilopochtli'ye en yakin yerdir  simdi bana baskentinizden bahsedin!</Text>
    </Row>
    <Row Tag="LOC_DIPLO_GREETING_LEADER_MONTEZUMA_ANY">
      <Text>Ne istiyorsun?</Text>
    </Row>
    <Row Tag="LOC_DIPLO_KUDO_EXIT_LEADER_MONTEZUMA_ANY">
      <Text>Ortak noktalarimiz daha fazla. Tlacaelel'in sözlerini takip ediyorsun.</Text>
    </Row>
    <Row Tag="LOC_DIPLO_KUDO_LEADER_MONTEZUMA_REASON_ANY">
      <Text>(Onun istedigi lükslere sahip degilsiniz)</Text>
    </Row>
    <Row Tag="LOC_DIPLO_WARNING_EXIT_LEADER_MONTEZUMA_ANY">
      <Text>Sende bende olmayan çok sey var!  Halkinin köle olarak alinmasini mi istiyorsun?</Text>
    </Row>
    <Row Tag="LOC_DIPLO_WARNING_LEADER_MONTEZUMA_REASON_ANY">
      <Text>(Onun istedigi bir lüksün var.)</Text>
    </Row>
    <Row Tag="LOC_DIPLO_MAKE_ALLIANCE_FROM_AI_LEADER_MONTEZUMA_ANY">
      <Text>Bir ittifak kurmak ister misiniz?</Text>
    </Row>
    <Row Tag="LOC_DIPLO_MAKE_PEACE_AI_ACCEPT_DEAL_LEADER_MONTEZUMA_ANY">
      <Text>Bu savas tanrilari çok memnun etti. Simdi kutlayalim.</Text>
    </Row>
    <Row Tag="LOC_DIPLO_MAKE_PEACE_AI_REFUSE_DEAL_LEADER_MONTEZUMA_ANY">
      <Text>Kabul etmiyorum.</Text>
    </Row>
    <Row Tag="LOC_DIPLO_MAKE_PEACE_FROM_AI_LEADER_MONTEZUMA_ANY">
      <Text>Gelin, evlerimize dönelim ve bir sonraki çatisma için gücümüzü toplayalim.</Text>
    </Row>
    <Row Tag="LOC_DIPLO_ACCEPT_OPEN_BORDERS_FROM_HUMAN_LEADER_MONTEZUMA_ANY">
      <Text>Ordunuzdan korkacak bir seyimiz yok. Geçebilirsiniz.</Text>
    </Row>
    <Row Tag="LOC_DIPLO_REJECT_OPEN_BORDERS_FROM_HUMAN_LEADER_MONTEZUMA_ANY">
      <Text>Huitzilopochtli Imparatorlugu'ndan geçemezsiniz. Size kapalidir.</Text>
    </Row>
    <Row Tag="LOC_DIPLO_OPEN_BORDERS_FROM_AI_LEADER_MONTEZUMA_ANY">
      <Text>Topraklarinizdan geçmemize izin verin! Huitzilopochtli emrediyor!</Text>
    </Row>
    <Row Tag="LOC_DIPLO_WARNING_TOO_MANY_TROOPS_NEAR_ME_LEADER_MONTEZUMA_ANY">
      <Text>Imparatorlugu sasirtamazsiniz. Saldirinizi görüyoruz. Onlari uzaklastirmazsaniz ilk biz saldiracagiz.</Text>
    </Row>
    <Row Tag="LOC_PEDIA_BUILDINGS_PAGE_BUILDING_TLACHTLI_CHAPTER_HISTORY_PARA_1">
      <Text>Mezoamerikalilar 2700 yili askin bir süre boyunca geleneksel "top oyunlarini" - Nahuatl dilinde Ollamaliztli - (sasirtici olmayan bir sekilde) "top sahalarinda" oynamislardir. Oyun olarak takim raketboluna benzeyen bu "spor etkinlikleri", kaybedenlerin (ve bazen kazananlarin) oyundan sonra genellikle baslari kesilerek kurban edildigi göz önüne alindiginda, önemli ritüel imalara sahipti. El Tajin ve Chichen Itza'dakiler gibi birçok Maya top sahasinda oyundan sonra insan kurban edildigine dair açik tasvirler bulunabilir. Sporun farkli yerlerde ve farkli zamanlarda farkli kurallari olsa da, Nikaragua'ya kadar güneyde ve Arizona'ya kadar kuzeyde olmak üzere Mezoamerika'nin her yerine yayilmistir. Iki buçuk bin yil boyunca çok az degisen bir düzende insa edilen top sahalari, açik uçlu (daha sonra kapali) daha genis kale alanlarina sahip yüksek egimli duvarlar arasinda uzun, dar bir oyun alanindan olusan tas yapilardi. Boyanmis ve süslenmis bu stadyumlar Mezoamerikan uygarliginin simgesiydi... ta ki Ispanyollar gelip yerlileri baska oyunlarla tanistirana kadar.</Text>
    </Row>
  </BaseGameText>
</GameData>