﻿<?xml version="1.0" encoding="utf-8" standalone="yes"?>
<GameData xmlns:xsi="http://www.w3.org/2001/XMLSchema-instance">
  <BaseGameText>
    <!-- Main menu text -->
    <Row Tag="LOC_BENCHMARK_GRAPHICS">
      <Text>Grafikler</Text>
    </Row>
    <Row Tag="LOC_BENCHMARK_EXP2_GRAPHICS">
      <Text>Gathering Storm Graphics</Text>
    </Row>
    <Row Tag="LOC_BENCHMARK_AI">
      <Text>YAPAY ZEKA</Text>
    </Row>
    <Row Tag="LOC_BENCHMARK_EXP2_AI">
      <Text>Gathering Storm Yapay Zeka</Text>
    </Row>
    <Row Tag="LOC_BENCHMARK_GRAPHICS_TT">
      <Text>Bilgisayarinizdaki grafik performansini ölçün.</Text>
    </Row>
    <Row Tag="LOC_BENCHMARK_EXP2_GRAPHICS_TT">
      <Text>Bilgisayarinizdaki grafik performansini ölçmek için agir bir kiyaslama.</Text>
    </Row>
    <Row Tag="LOC_BENCHMARK_AI_TT">
      <Text>Bilgisayarinizdaki yapay zeka ve dönüs isleme performansini ölçün.</Text>
    </Row>
    <Row Tag="LOC_BENCHMARK_EXP2_AI_TT">
      <Text>Bilgisayarinizdaki yapay zeka ve dönüs isleme performansini ölçmek için agir bir kiyaslama.</Text>
    </Row>
    <Row Tag="LOC_BENCHMARK_AI_TT_ERROR">
      <Text>[COLOR_RED]Bu kiyaslamayi gerçeklestirmek için Aztek Uygarligi Paketi etkinlestirilmelidir. [ENDCOLOR]</Text>
    </Row>
    <Row Tag="LOC_BENCHMARK_EXP2_AI_TT_ERROR">
      <Text>[COLOR_RED]Bu kiyaslamayi gerçeklestirmek için Gathering Storm genisletmesi etkinlestirilmelidir. [ENDCOLOR]</Text>
    </Row>
    <Row Tag="LOC_BENCHMARK_EXP2_GRAPHICS_TT_ERROR">
      <Text>[COLOR_RED]Bu kiyaslamayi gerçeklestirmek için Gathering Storm genisletmesi etkinlestirilmelidir. [ENDCOLOR]</Text>
    </Row>
    <!-- Benchmarking UI text -->
    <Row Tag="LOC_BENCHMARK_TIME">
      <Text>Zaman:</Text>
    </Row>
    <Row Tag="LOC_BENCHMARK_TURN">
      <Text>Dön:</Text>
    </Row>
    <Row Tag="LOC_BENCHMARK_AVG_TURN_TIME">
      <Text>Ortalama Dönüs Süresi:</Text>
    </Row>
  </BaseGameText>
</GameData>