﻿<?xml version="1.0" encoding="utf-8" standalone="yes"?>
<GameData>
  <BaseGameText>
    <Row Tag="LOC_BUILDING_HUEY_TEOCALLI_NAME">
      <Text>Huey Teocalli
			Eril:no_article</Text>
      <Gender>Masculine:no_article</Gender>
    </Row>
    <Row Tag="LOC_BUILDING_HUEY_TEOCALLI_DESCRIPTION">
      <Text>Huey Teocalli'nin bir karesi içindeki her Göl karesi için +1 [ICON_Amenities] Eglence. Imparatorlugunuzdaki her Göl karesi için +1 [ICON_Food] Gida ve +1 [ICON_Production] Üretim. Karaya bitisik bir Göl karesi üzerine insa edilmelidir.</Text>
    </Row>
    <Row Tag="LOC_PEDIA_WONDERS_PAGE_BUILDING_HUEY_TEOCALLI_CHAPTER_HISTORY_PARA_1">
      <Text>Aztek Imparatorlugu'nda teocalli, tepesinde bir tapinak bulunan ve sehirdeki tüm önemli dini ritüellerin gerçeklestirildigi terasli bir piramitti. En büyügü Tenochtitlan'in kalbinde yer alan Huey Teocalli (ya da Ispanyollara göre Templo Mayor) bir çift tanriya adanmisti: Savas tanrisi Huitzilopochtli ve tarim tanrisi Tlatoc (Aztek kültüründe neyin önemli oldugunun bir göstergesi). Her tanrinin ayri merdivenlerle ulasilan ayri bir tapinagi vardi. Mezoamerikan piramitleri, önceki yapiyi yeni, genisletilmis versiyon için temel olarak kullanarak yeniden insa edilme egilimindeydi. Böylece Huey Teocalli, ilki MS 1325 civarinda tamamlandiktan sonra alti kez yeniden insa edilmistir. Yedinci ve sonuncusu Cortes ve fatihleri tarafindan yagmalanmis ve yikilmistir. Muhtemelen burasi tuhaf kutlamalara sahne oldugu için pek hos karsilanmamisti... Huitzilopochtli'nin kutlandigi Panquetzaliztli festivalinde oldugu gibi, amarant tohumlari, kemikler, bal ve insan kanindan yapilan tanri heykeline saygi gösterildikten sonra yenmesi için halka dagitiliyordu.</Text>
    </Row>
    <Row Tag="LOC_BUILDING_HUEY_TEOCALLI_QUOTE">
      <Text>"Ancak Huitzilopochtli'nin öfkesi büyüktü ve kurban günes tanrisina adanmis dört odanin her birinden geçerken, günes gökyüzünde kayboldu ya da yeniden belirdi."[NEWLINE]- Fray Diego Durán</Text>
    </Row>
  </BaseGameText>
</GameData>