﻿<?xml version="1.0" encoding="utf-8"?>
<GameData>
  <FrontEndText>
    <!-- This texted is all duplicated and new strings needed for the City-State Picker -->
    <!-- FrontEnd -->
    <Row Tag="LOC_CITY_STATE_PICKER_TOO_FEW_WARNING">
      <Text>Mevcut Sehir-Devleti yuvalarini dolduracak kadar Sehir-Devleti seçmediniz. Oyunun baslatilmasi sadece seçilen Sehir Devletlerinin yaratilmasiyla sonuçlanacaktir. Bu uygun mu?</Text>
    </Row>
    <!-- Base Game -->
    <Row Tag="LOC_CIVILIZATION_AMSTERDAM_BONUS">
      <Text>Yabanci sehirlere giden [ICON_TradeRoute] Ticaret Yollariniz, varis noktasindaki her Lüks kaynak için +1 [ICON_Gold] Altin kazandirir.</Text>
    </Row>
    <Row Tag="LOC_CIVILIZATION_BRUSSELS_BONUS">
      <Text>Sehirleriniz harikalara yönelik +%15 [ICON_Production] Üretim kazanir.</Text>
    </Row>
    <Row Tag="LOC_CIVILIZATION_BUENOS_AIRES_BONUS">
      <Text>Bonus kaynaklariniz Lüks kaynaklar gibi davranir ve tür basina 1 [ICON_Amenities] Kolaylik saglar.</Text>
    </Row>
    <Row Tag="LOC_CIVILIZATION_CARTHAGE_BONUS">
      <Text>Kamp bölgelerinizin her biri +1 [ICON_TradeRoute] Ticaret Yolu kapasitesi saglar.</Text>
    </Row>
    <Row Tag="LOC_CIVILIZATION_GENEVA_BONUS">
      <Text>Sehirleriniz, herhangi bir uygarlikla savas halinde olmadiginiz zamanlarda +%15 [ICON_Science] Bilim kazanir.</Text>
    </Row>
    <Row Tag="LOC_CIVILIZATION_HATTUSA_BONUS">
      <Text>Ortaya çikardiginiz ancak sahip olmadiginiz her Stratejik kaynaktan size 1 tane saglar.</Text>
    </Row>
    <Row Tag="LOC_CIVILIZATION_HONG_KONG_BONUS">
      <Text>Sehirleriniz, sehir projelerine yönelik +%20 [ICON_Production] Üretim kazanir.</Text>
    </Row>
    <Row Tag="LOC_CIVILIZATION_JAKARTA_BONUS">
      <Text>Yabanci sehirlerdeki [ICON_TradingPost] Ticaret Karakollariniz, sehirden geçen veya sehre giden [ICON_TradeRoute] Ticaret Yollariniza +1 [ICON_Gold] Altin saglar.</Text>
    </Row>
    <Row Tag="LOC_CIVILIZATION_JERUSALEM_BONUS">
      <Text>Kurdugunuz Dine otomatik olarak dönüsür ve o Din için sanki Kutsal Sehirmis gibi baski uygular.</Text>
    </Row>
    <Row Tag="LOC_CIVILIZATION_KABUL_BONUS">
      <Text>Birimleriniz baslattiklari savaslardan iki kat deneyim kazanir.</Text>
    </Row>
    <Row Tag="LOC_CIVILIZATION_KANDY_BONUS">
      <Text>Her yeni doga harikasi kesfettiginizde bir [ICON_GreatWork_Relic] Yadigâr alin ve tüm [ICON_GreatWork_Relic] Yadigârlardan +%50 [ICON_Faith] Inanç kazanin.</Text>
    </Row>
    <Row Tag="LOC_CIVILIZATION_KUMASI_BONUS">
      <Text>Herhangi bir sehir devletine giden [ICON_TradeRoute] Ticaret Yollariniz, mense sehirdeki her uzmanlik bölgesi için +2 [ICON_Culture] Kültür ve +1 [ICON_Gold] Altin saglar.</Text>
    </Row>
    <Row Tag="LOC_CIVILIZATION_LA_VENTA_BONUS">
      <Text>Insaatçilariniz artik Devasa Kafa gelistirmeleri yapabilir.[NEWLINE][NEWLINE]Devasa Kafalar +2 [ICON_Faith] Inanç saglar. Bitisik her 2 Yagmur Ormani için +1 [ICON_Faith] Inanç. Bitisik her 2 Orman için +1 [ICON_Faith] Inanç. Kar veya Kar Tepeleri üzerine insa edilemez.</Text>
    </Row>
    <Row Tag="LOC_CIVILIZATION_LISBON_BONUS">
      <Text>Tüccar birimleriniz su taslari üzerinde yagmalanmaya karsi bagisiktir.</Text>
    </Row>
    <Row Tag="LOC_CIVILIZATION_MOHENJO_DARO_BONUS">
      <Text>Sehirleriniz, sanki hepsi bir Nehrin yanindaymis gibi sudan tam [ICON_Housing] Konutlara sahiptir.</Text>
    </Row>
    <Row Tag="LOC_CIVILIZATION_NAN_MADOL_BONUS">
      <Text>Kiyi veya Göl karolari üzerindeki veya yanindaki bölgeleriniz +2 [ICON_Culture] Kültür saglar.</Text>
    </Row>
    <Row Tag="LOC_CIVILIZATION_PRESLAV_BONUS">
      <Text>Hafif ve agir süvari birlikleriniz tepe karelerinde savasirken +5 [ICON_Strength] Güce sahiptir.</Text>
    </Row>
    <Row Tag="LOC_CIVILIZATION_SEOUL_BONUS">
      <Text>Yeni bir çaga girdiginizde, o çagdan 1 rastgele [ICON_TechBoosted] Eureka kazanin.</Text>
    </Row>
    <Row Tag="LOC_CIVILIZATION_STOCKHOLM_BONUS">
      <Text>Bölgeleriniz kendi türlerinde +1 [ICON_GreatPerson] Büyük Kisi puani saglar ([ICON_GreatWriter] Büyük Yazar, [ICON_GreatArtist] Büyük Sanatçi ve [ICON_GreatMusician] Tiyatro Meydani bölgeleri için Büyük Müzisyen).</Text>
    </Row>
    <Row Tag="LOC_CIVILIZATION_TORONTO_BONUS">
      <Text>Sanayi Bölgesi ve Eglence Kompleksi bölgelerinizden gelen bölgesel etkiler 3 karo daha uzaga ulasir.</Text>
    </Row>
    <Row Tag="LOC_CIVILIZATION_VALLETTA_BONUS">
      <Text>Sehir Merkezi binalari ve Kamp bölgesi binalari [ICON_Faith] Inanç ile satin alinabilir. Kadim, Ortaçag ve Rönesans Surlarini satin alma maliyeti azalir, ancak bunlar yalnizca [ICON_Faith] Inanç ile satin alinabilir.</Text>
    </Row>
    <Row Tag="LOC_CIVILIZATION_VILNIUS_BONUS">
      <Text>Yeni bir çaga girdiginizde, o çagdan 1 rastgele [ICON_CivicBoosted] Ilham kazanin.</Text>
    </Row>
    <Row Tag="LOC_CIVILIZATION_YEREVAN_BONUS">
      <Text>Havari birimleriniz rastgele bir terfi almak yerine olasi herhangi bir terfiden birini seçebilir.</Text>
    </Row>
    <Row Tag="LOC_CIVILIZATION_ZANZIBAR_BONUS">
      <Text>[ICON_RESOURCE_CINNAMON] Tarçin ve [ICON_RESOURCE_CLOVES] Karanfil Lüks kaynaklarini alin. Bunlar oyunda baska bir sekilde kazanilamaz ve her biri 6 [ICON_Amenities] Kolaylik saglar.</Text>
    </Row>
    <!-- Expasion 1 -->
    <Row Tag="LOC_CIVILIZATION_ANTIOCH_FRONTEND_NAME">
      <Text>Venedik</Text>
    </Row>
    <Row Tag="LOC_CIVILIZATION_ANTIOCH_BONUS">
      <Text>Yabanci sehirlere giden [ICON_TradeRoute] Ticaret Yollariniz, varis noktasindaki her Lüks kaynak için +1 [ICON_Gold] Altin kazandirir.</Text>
    </Row>
    <Row Tag="LOC_CIVILIZATION_BABYLON_FRONTEND_NAME">
      <Text>Anshan</Text>
    </Row>
    <Row Tag="LOC_CIVILIZATION_BABYLON_BONUS">
      <Text>Her [ICON_GreatWork_WRITING] Büyük Yazi Eserinden +2 [ICON_SCIENCE] Bilim. Her [ICON_GreatWork_RELIC] Kalinti ve [ICON_GreatWork_Artifact] Eserden +1 [ICON_SCIENCE] Bilim.</Text>
    </Row>
    <!-- Expasion 1 Overrides -->
    <Row Tag="LOC_CIVILIZATION_CARTHAGE_BONUS_XP1">
      <Text>Kara muharebe birimleri, o sehirdeki her bir Kamp bölgesi binasi için [ICON_GOLD] Altin ile %20 daha ucuza satin alinabilir.</Text>
    </Row>
    <Row Tag="LOC_CIVILIZATION_JERUSALEM_BONUS_XP1">
      <Text>Kutsal Alanlara sahip sehirleriniz Kutsal Sehirlermis gibi baski uygular (10 karo içindeki tüm sehirler üzerinde 4 kat Din baskisi).</Text>
    </Row>
    <Row Tag="LOC_CIVILIZATION_PRESLAV_BONUS_XP1">
      <Text>Sehirlerde her Kamp bölgesi binasi için tur basina +2 Sadakat alirsiniz.</Text>
    </Row>
    <Row Tag="LOC_CIVILIZATION_STOCKHOLM_BONUS_XP1">
      <Text>Bina bulunan mintikalariniz kendi türlerinde +1 [ICON_GreatPerson] Büyük Kisi puani saglar ([ICON_GreatWriter] Büyük Yazar, [ICON_GreatArtist] Büyük Sanatçi ve [ICON_GreatMusician] Büyük Müzisyen bina bulunan Tiyatro Meydani mintikalari için).</Text>
    </Row>
    <Row Tag="LOC_CIVILIZATION_TORONTO_BONUS_XP1">
      <Text>Sanayi Bölgesi, Su Parki ve Eglence Kompleksi bölgelerinizden gelen bölgesel etkiler 3 karo daha uzaga ulasir.</Text>
    </Row>
    <Row Tag="LOC_CIVILIZATION_VILNIUS_BONUS_XP1">
      <Text>En yüksek aktif Ittifak Seviyesi için, tüm Tiyatro Meydani bölgeleriniz +%50 bitisiklik bonusu alir.</Text>
    </Row>
    <!-- Expasion 2 -->
    <Row Tag="LOC_CIVILIZATION_AKKAD_FRONTEND_NAME">
      <Text>Akkad</Text>
    </Row>
    <Row Tag="LOC_CIVILIZATION_AKKAD_BONUS">
      <Text>Yakin dövüs ve anti-süvari birimlerinin saldirilari sehrin Surlarina tam hasar verir.</Text>
    </Row>
    <Row Tag="LOC_CIVILIZATION_BOLOGNA_FRONTEND_NAME">
      <Text>Bologna</Text>
    </Row>
    <Row Tag="LOC_CIVILIZATION_BOLOGNA_BONUS">
      <Text>Bina bulunan mintikalariniz kendi türlerinde +1 [ICON_GreatPerson] Büyük Kisi puani saglar ([ICON_GreatWriter] Büyük Yazar, [ICON_GreatArtist] Büyük Sanatçi ve [ICON_GreatMusician] Büyük Müzisyen bina bulunan Tiyatro Meydani mintikalari için).</Text>
    </Row>
    <Row Tag="LOC_CIVILIZATION_CAHOKIA_FRONTEND_NAME">
      <Text>Cahokia</Text>
    </Row>
    <Row Tag="LOC_CIVILIZATION_CAHOKIA_BONUS">
      <Text>Insaatçilariniz artik Cahokia Höyügü iyilestirmeleri yapabilir.[NEWLINE][NEWLINE]Cahokia Höyügü +3 [ICON_GOLD] Altin saglar. Sehirler ilk Cahokia Höyügü iyilestirmelerinden +1 [ICON_AMENITIES] Amenity alirlar. Doga Tarihini kesfettikten sonra sehirler ikinci Cahokia Höyügü iyilestirmelerinden +1 [ICON_AMENITIES] Amenity alirlar. Feodalizm kesfedildiginde her 2 komsu Bölge için veya Degistirilebilir Parçalar arastirildiginda her komsu Bölge için +1 [ICON_FOOD] Yiyecek. +1 [ICON_HOUSING] Barinma saglar. Kültürel Miras kesfedildiginde ilave bir [ICON_HOUSING] Konut elde edilir. Diger Cahokia Höyüklerine bitisik insa edilemez.</Text>
    </Row>
    <Row Tag="LOC_CIVILIZATION_CARDIFF_FRONTEND_NAME">
      <Text>Cardiff</Text>
    </Row>
    <Row Tag="LOC_CIVILIZATION_CARDIFF_BONUS">
      <Text>Sehirler her Liman binasi için +2 [ICON_Power] Güç alir.</Text>
    </Row>
    <Row Tag="LOC_CIVILIZATION_FEZ_FRONTEND_NAME">
      <Text>Fez</Text>
    </Row>
    <Row Tag="LOC_CIVILIZATION_FEZ_BONUS">
      <Text>Bir sehri ilk kez dönüstürmek için dini bir birim kullandiginizda, o sehrin [ICON_Citizen] Nüfusu basina 20 [ICON_SCIENCE] Bilim kazanin (Standart Hizda).</Text>
    </Row>
    <Row Tag="LOC_CIVILIZATION_MEXICO_CITY_FRONTEND_NAME">
      <Text>Meksika Sehri</Text>
    </Row>
    <Row Tag="LOC_CIVILIZATION_MEXICO_CITY_BONUS">
      <Text>Sanayi Bölgesi, Su Parki ve Eglence Kompleksi bölgelerinizden gelen bölgesel etkiler 3 karo daha uzaga ulasir.</Text>
    </Row>
    <Row Tag="LOC_CIVILIZATION_NAZCA_FRONTEND_NAME">
      <Text>Nazca</Text>
    </Row>
    <Row Tag="LOC_CIVILIZATION_NAZCA_BONUS">
      <Text>Insaatçilariniz artik Nazca Hatti iyilestirmeleri yapabilir.[NEWLINE][NEWLINE]Nazca Hatlari komsu karolara +1 [ICON_Faith] Inanç saglar. Bir kaynaga sahip komsu karolara +1 [ICON_Faith] Inanç. +1 [ICON_FOOD] Sivil Hizmet kesfedildikten sonra bitisik Cöl ve Cöl Tepesi karolarina yiyecek. Seri Üretim kesfedildikten sonra bitisik düz karolara +1 [ICON_PRODUCTION] Üretim. +1 Itiraz. Sadece düz Cöl üzerine insa edilebilir. Bu karo üzerinde çalisilamaz.</Text>
    </Row>
    <Row Tag="LOC_CIVILIZATION_NGAZARGAMU_FRONTEND_NAME">
      <Text>Ngazargamu</Text>
    </Row>
    <Row Tag="LOC_CIVILIZATION_NGAZARGAMU_BONUS">
      <Text>Kara savasi veya Destek birimleri, o sehirdeki her Kamp bölgesi binasi için [ICON_GOLD] Altin ile %20 daha ucuza satin alinir.</Text>
    </Row>
    <Row Tag="LOC_CIVILIZATION_RAPA_NUI_FRONTEND_NAME">
      <Text>Rapa Nui</Text>
    </Row>
    <Row Tag="LOC_CIVILIZATION_RAPA_NUI_BONUS">
      <Text>Insaatçilariniz artik Moai iyilestirmeleri yapabilir.[NEWLINE][NEWLINE]Moai +1 [ICON_Culture] Kültür saglar. Bitisik her 2 Moai için +1 [ICON_Culture] Kültür. Volkanik Toprak karesi üzerinde veya bitisigindeyse +2 [ICON_Culture] Kültür. Bir Kiyi veya Göl karesine bitisikse +1 [ICON_Culture] Kültür. Yurttaslik ve Teknoloji Agacinda ilerledikçe ilave [ICON_Culture] Kültür ve [ICON_Tourism] Turizm. Ovalar, Ovalar Tepeleri, Otlaklar, Otlak Tepeleri veya Volkanik Toprak üzerine insa edilebilir. Bir Orman veya Yagmur Ormani karesine bitisik olarak yerlestirilemez.</Text>
    </Row>
    <!-- Expasion 2 Overrides -->
    <Row Tag="LOC_CIVILIZATION_HATTUSA_BONUS_XP2">
      <Text>Her turda ortaya çikardiginiz ancak gelistirmediginiz her Stratejik kaynaktan 2 tane saglar.</Text>
    </Row>
    <Row Tag="LOC_CIVILIZATION_ARMAGH_BONUS_XP2">
      <Text>Insaatçilariniz artik Manastir iyilestirmeleri yapabilir.[NEWLINE][NEWLINE]Manastirlar +2 [ICON_Faith] Inanç saglar. Bu karede bulunan ve bu tur saldirmamis dost dini birim için +15 HP iyilestirme. Her 2 komsu Bölge için +1 [ICON_FAITH] Inanç. +1 [ICON_HOUSING] Konut saglar. Sömürgecilik kesfedildiginde ek bir [ICON_HOUSING] Konut alin. Baska bir Manastirin yanina insa edilemez.</Text>
    </Row>
    <Row Tag="LOC_CIVILIZATION_LA_VENTA_BONUS_XP2">
      <Text>Insaatçilariniz artik Devasa Kafa gelistirmeleri yapabilir.[NEWLINE][NEWLINE]Devasa Kafalar +2 [ICON_Faith] Inanç saglar. Bitisikteki her 2 Yagmur Ormani için veya Hümanizm kesfedildikten sonra bitisikteki her Yagmur Ormani için +1 [ICON_Faith] Inanç. Her 2 bitisik Orman için veya Hümanizm kesfedildikten sonra her bitisik Orman için +1 [ICON_Faith] Inanç. [ICON_TOURISM] Uçus kesfedildiginde [ICON_FAITH] Inanç'tan Turizm. Kar veya Kar Tepeleri üzerine insa edilemez.</Text>
    </Row>
    <Row Tag="LOC_CIVILIZATION_GRANADA_BONUS_XP2">
      <Text>Insaatçilariniz artik Alcázar iyilestirmeleri yapabilir.[NEWLINE][NEWLINE]Alcázar'lar +2 [ICON_Culture] Kültür saglar. Karonun Cekiciliginin %50'sine esit [ICON_SCIENCE] Bilim saglar. Isgal eden birim +4 [ICON_Strength] Savunma Gücü alir ve otomatik olarak 2 tur tahkimat kazanir. Uçus arastirmasindan sonra [ICON_TOURISM] Turizm saglar. Baska bir Alcázar'in yanina insa edilemez.</Text>
    </Row>
    <!-- VikingsLandmarks -->
    <Row Tag="LOC_CIVILIZATION_AUCKLAND_FRONTEND_NAME">
      <Text>Auckland</Text>
    </Row>
    <Row Tag="LOC_CIVILIZATION_ANTANANARIVO_FRONTEND_NAME">
      <Text>Antananarivo</Text>
    </Row>
    <Row Tag="LOC_CIVILIZATION_ARMAGH_FRONTEND_NAME">
      <Text>Armagh</Text>
    </Row>
    <Row Tag="LOC_CIVILIZATION_GRANADA_FRONTEND_NAME">
      <Text>Granada</Text>
    </Row>
    <Row Tag="LOC_CIVILIZATION_MUSCAT_FRONTEND_NAME">
      <Text>Muskat</Text>
    </Row>
    <Row Tag="LOC_CIVILIZATION_PALENQUE_FRONTEND_NAME">
      <Text>Mitla</Text>
    </Row>
    <Row Tag="LOC_CIVILIZATION_AUCKLAND_BONUS">
      <Text>Sahip oldugunuz sig su karolari +1 [ICON_Production] Üretim saglar. Sanayi çagina ulastiginizda ilave +1.</Text>
    </Row>
    <Row Tag="LOC_CIVILIZATION_ANTANANARIVO_BONUS">
      <Text>Uygarliginiz simdiye kadar kazandigi her Büyük Kisi için +%2 [ICON_Culture] Kültür kazanir, toplamda +30%.'a kadar.</Text>
    </Row>
    <Row Tag="LOC_CIVILIZATION_ARMAGH_BONUS">
      <Text>Insaatçilariniz artik Manastir iyilestirmeleri yapabilir.[NEWLINE][NEWLINE]Manastirlar +2 [ICON_Faith] Inanç saglar. Bu karede bulunan ve bu tur saldirmamis dost dini birim için +15 HP iyilestirme. Baska bir Manastirin yanina insa edilemez</Text>
    </Row>
    <Row Tag="LOC_CIVILIZATION_GRANADA_BONUS">
      <Text>Insaatçilariniz artik Alcázar iyilestirmeleri yapabilir. [NEWLINE][NEWLINE]Alcázar'lar +2 [ICON_Culture] Kültür saglar. Isgal eden birim +4 [ICON_Strength] Savunma Gücü alir ve otomatik olarak 2 tur tahkimat kazanir. Baska bir Alcázar'in yanina insa edilemez.</Text>
    </Row>
    <Row Tag="LOC_CIVILIZATION_MUSCAT_BONUS">
      <Text>+1 [ICON_Amenities] Ticari Merkez bölgesi olan sehirlerde çevre.</Text>
    </Row>
    <Row Tag="LOC_CIVILIZATION_PALENQUE_BONUS">
      <Text>Kampüs bölgesi olan sehirlerde büyüme orani %15 daha yüksektir.</Text>
    </Row>
    <!-- Babylon -->
    <Row Tag="LOC_CIVILIZATION_AYUTTHAYA_FRONTEND_NAME">
      <Text>Ayutthaya</Text>
    </Row>
    <Row Tag="LOC_CIVILIZATION_AYUTTHAYA_BONUS">
      <Text>Kazanç [ICON_CULTURE] Binalari bitirirken insaat maliyetinin %10'una esit kültür.</Text>
    </Row>
    <Row Tag="LOC_CIVILIZATION_CHINGUETTI_FRONTEND_NAME">
      <Text>Chinguetti</Text>
    </Row>
    <Row Tag="LOC_CIVILIZATION_CHINGUETTI_BONUS">
      <Text>Uluslararasi ve yerel [ICON_TradeRoute] Ticaret Yollari, bu sehirdeki yerlesik veya çogunluk dininizin her bir takipçisi için +1 [ICON_FAITH] Inanç alir.</Text>
    </Row>
    <Row Tag="LOC_CIVILIZATION_JOHANNESBURG_FRONTEND_NAME">
      <Text>Johannesburg</Text>
    </Row>
    <Row Tag="LOC_CIVILIZATION_JOHANNESBURG_BONUS">
      <Text>Sehirler her gelismis kaynak türü için +1 [ICON_Production] Üretim alir. Sanayilesmeyi arastirdiktan sonra bu +2 [ICON_PRODUCTION] Üretim olur.</Text>
    </Row>
    <Row Tag="LOC_CIVILIZATION_NALANDA_FRONTEND_NAME">
      <Text>Nalanda</Text>
    </Row>
    <Row Tag="LOC_CIVILIZATION_NALANDA_BONUS">
      <Text>Insaatçilariniz artik Mahavihara iyilestirmeleri yapabilir.[NEWLINE][NEWLINE]+2 [ICON_SCIENCE] Bilim ve +1 [Icon_Housing] Konut. Bitisik her Kutsal Alan bölgesi için +1 [ICON_Faith] Inanç ve bitisik her Kampüs bölgesi için +1 [ICON_Science] Bilim. Bilimsel Teoriyi arastirdiktan sonra, bitisik her Kampüs için ek +1 [Icon_Science] Bilim alirsiniz. Bir oyuncu ilk Mahavihara'sini insa ettiginde rastgele bir teknoloji alir. Baska bir Mahavihara'ya bitisik olmayan düz bir arazide insa edilmelidir.</Text>
    </Row>
    <Row Tag="LOC_CIVILIZATION_SAMARKAND_FRONTEND_NAME">
      <Text>Semerkant</Text>
    </Row>
    <Row Tag="LOC_CIVILIZATION_SAMARKAND_BONUS">
      <Text>Insaatçilariniz artik Ticaret Kubbesi iyilestirmeleri yapabilir. [NEWLINE][NEWLINE]+2 [ICON_GOLD] Altin. Her bitisik Lüks kaynak için +1 [ICON_Gold] Altin. Giden uluslararasi [ICON_TradeRoute] Ticaret Yollariniz, baslangiçtaki Ticaret Kubbesi basina +1 [ICON_GOLD] Altin verir. Baska bir Ticaret Kubbesinin yanina insa edilemez.</Text>
    </Row>
    <Row Tag="LOC_CIVILIZATION_WOLIN_FRONTEND_NAME">
      <Text>Wolin</Text>
    </Row>
    <Row Tag="LOC_CIVILIZATION_WOLIN_BONUS">
      <Text>Bir kara birimi büyük veya küçük bir uygarligin birimini yendiginde [ICON_GreatGeneral] Büyük General puani ve bir deniz birimi büyük veya küçük bir uygarligin birimini yendiginde [ICON_GreatAdmiral] karsi birimin gücünün %25'ine esit Büyük Amiral puani alir (Standart Hiz).</Text>
    </Row>
    <!-- GranColombia Maya -->
    <Row Tag="LOC_CIVILIZATION_CAGUANA_FRONTEND_NAME">
      <Text>Caguana</Text>
    </Row>
    <Row Tag="LOC_CIVILIZATION_CAGUANA_BONUS">
      <Text>Insaatçilariniz artik Batey iyilestirmeleri yapabilir.[NEWLINE][NEWLINE]+1 [ICON_Culture] Kültür. Her bitisik Bonus kaynak ve Eglence Kompleksi için +1 [ICON_Culture] Kültür (Kesif kesfedildiginde +2 [Icon_Culture] Kültüre çikar). Uçus arastirildiktan sonra [Icon_Tourism] Turizm saglar. Baska bir Batey'e bitisik insa edilemez.</Text>
    </Row>
    <Row Tag="LOC_CIVILIZATION_HUNZA_FRONTEND_NAME">
      <Text>Hunza</Text>
    </Row>
    <Row Tag="LOC_CIVILIZATION_HUNZA_BONUS">
      <Text>[ICON_TradeRoute] Ticaret Yollariniz kat ettikleri her 5 karo için +1 [ICON_Gold] Altin üretir.</Text>
    </Row>
    <Row Tag="LOC_CIVILIZATION_LAHORE_FRONTEND_NAME">
      <Text>Lahor</Text>
    </Row>
    <Row Tag="LOC_CIVILIZATION_LAHORE_BONUS">
      <Text>Sehirleriniz artik Nihang birimlerini egitebilir. [NEWLINE] [NEWLINE] [ICON_Faith] Inanç ile satin alinabilen benzersiz bir Terfi agacina sahip bir birim. [ICON_Strength] Kisla, Cephanelik ve Askeri Akademi binalari ilk insa edildiginde Savas Gücü artar.</Text>
    </Row>
    <Row Tag="LOC_CIVILIZATION_SINGAPORE_FRONTEND_NAME">
      <Text>Singapur</Text>
    </Row>
    <Row Tag="LOC_CIVILIZATION_SINGAPORE_BONUS">
      <Text>Sehirleriniz, [ICON_TradeRoute] Ticaret Yoluna sahip olduklari her yabanci uygarlik için +2 [ICON_Production] Üretim alir.</Text>
    </Row>
    <Row Tag="LOC_CIVILIZATION_TARUGA_FRONTEND_NAME">
      <Text>Taruga</Text>
    </Row>
    <Row Tag="LOC_CIVILIZATION_TARUGA_BONUS">
      <Text>Sahip olduklari her farkli gelistirilmis Stratejik kaynak için tüm sehirlerde +%5 [ICON_SCIENCE] Bilim.</Text>
    </Row>
    <Row Tag="LOC_CIVILIZATION_VATICAN_CITY_FRONTEND_NAME">
      <Text>Vatikan Sehri</Text>
    </Row>
    <Row Tag="LOC_CIVILIZATION_VATICAN_CITY_BONUS">
      <Text>Bir [ICON_GreatPerson] Yüce Kisiyi etkinlestirdiginizde, 10 karo içindeki sehirlere sizin kurdugunuz (veya çogunluk) dinin 400 Dini baskisini yayarlar.</Text>
    </Row>
  </FrontEndText>
</GameData>