﻿<?xml version="1.0" encoding="utf-8" standalone="yes"?>
<GameData xmlns:xsi="http://www.w3.org/2001/XMLSchema-instance">
  <BaseGameText>
    <Row Tag="LOC_PEDIA_FEATURES_PAGE_INTRO_CHAPTER_CONTENT_PARA_1">
      <Text>Özellikler, hex'in arazisinin üzerinde görünebilen arazi veya bitki örtüsü unsurlaridir. (Örnegin, bir Otlak altigeninin üzerinde Orman veya Bataklik olabilir.) Özellikler bir altigenin üretkenligini degistirir ve bir birimin altigene girerken harcadigi "hareket puani" (MP) miktarini da degistirebilir. Özellikler ayrica o kareyi isgal eden bir birime savunma savasi bonuslari veya cezalari da saglayabilir.</Text>
    </Row>
    <Row Tag="LOC_PEDIA_FEATURES_PAGE_FEATURE_BARRIER_REEF_CHAPTER_HISTORY_PARA_1">
      <Text>Avustralya'nin kuzeydogu kiyilarinda dolanan 2300 km'lik (1400 mil) Büyük Set Resifi, canli organizmalar tarafindan insa edilen en büyük yapidir ve yörüngeden bile görülebilir. Yarim milyar yil boyunca milyarlarca mercan polipi tarafindan insa edilen resif, su anda yaklasik 2900 ayri resif ve 900 adadan olusmakta ve 30 tür balina, yunus ve domuzbaligindan 215 kus türüne kadar inanilmaz bir fauna çesitliligine ev sahipligi yapmaktadir. Ne yazik ki kirlilik, asiri avlanma, turizm ve iklim degisikligi resifin gelecegini tehdit ediyor  mercan agarmasi hizlaniyor ve bilim adamlari, ciddi adimlar atilmazsa, MS 2030 yilina kadar Büyük Set Resifi'nin "geri dönüsü olmayan bir hasara" ugrayacagini tahmin ediyor.</Text>
    </Row>
    <Row Tag="LOC_PEDIA_FEATURES_PAGE_FEATURE_CLIFFS_DOVER_CHAPTER_HISTORY_PARA_1">
      <Text>Dover'in ünlü Beyaz Kayaliklari, Mans Denizi'nin Avrupa kitasina bakan en dar yerinde nöbet tutmaktadir. Siyah çakmaktasi ile çizgili tebesirden olusan kayaliklar yer yer 110 metre (350 feet) yükseklige ulasmaktadir. Açik bir günde kayaliklar Fransa'dan görülebilmektedir. Bu doga harikasi, ününü sembolik degerine oldugu kadar, sonsuza kadar sürmeyebilecek dogal güzelligine de borçludur (her ikisi de)  uçurumun yüzü yilda yaklasik bir santimetre asinmakta ve zaman zaman büyük parçalar kopmaktadir... bu nedenle ziyaretçilerin uçurumun kenarindan uzak durmalari tavsiye edilmektedir (bir Ingiliz'in Dover Beyaz Kayaliklari'ndan düsmesi iyi olmaz).</Text>
    </Row>
    <Row Tag="LOC_PEDIA_FEATURES_PAGE_FEATURE_CRATER_LAKE_CHAPTER_HISTORY_PARA_1">
      <Text>Zaman zaman "Derin Mavi Göl" ve "Majesty Gölü" olarak adlandirilan Krater Gölü, gölü tarihsel olarak gökyüzü tanrisi Skell ile yeralti tanrisi Llao arasindaki bir savasa atfeden yerel Klamath gruplari için kutsal bir alandir. Yaklasik 7700 yil önce Kuzey Amerika Cascade Siradaglari'ndaki stratovolkan Mazama'nin çökmesiyle olusan Krater Gölü, derin bir kaldera gölüdür. Göle nehir girip çikmadigindan, göldeki tatli sular yagmur ve kar sularindan olusmaktadir  bilim insanlari suyun ancak 250 yilda bir tamamen yenilendigini tahmin etmektedir. Muhtesem Cascade patikalarinda yürüyüs yaparken matarayi doldurmak için en iyi yer degil.</Text>
    </Row>
    <Row Tag="LOC_PEDIA_FEATURES_PAGE_FEATURE_DEAD_SEA_CHAPTER_HISTORY_PARA_1">
      <Text>Antik Ibraniler tarafindan "Tuz Denizi", Araplar tarafindan ise "Ölüm Denizi" olarak bilinen Ölü Deniz, Levant bölgesinde yer alan bir tuz gölüdür ve dünya üzerindeki en alçak kara yükseltisidir (deniz seviyesinin 420 metre altinda). Yüzde 34,2'lik tuzluluk oraniyla gezegendeki en tuzlu su kütlelerinden biridir... pek de bahçe yeri sayilmaz. Ancak Büyük Herod tarafindan çok tercih edilen tarihin ilk saglik merkezlerinden biriydi ve sedef hastaligi, rinosinüzit, kistik fibrozis ve osteoartrit gibi hastaliklar için varsayilan tedaviler sundugu düsünülüyordu. Kiyi bölgesinde madencilik, mumyalama için asfalttan gübre için potasa kadar her türlü ticaret firsatini saglamistir. Insanoglu her seyde bir hayir bulma becerisine sahiptir... Ölü Deniz'de bile.</Text>
    </Row>
    <Row Tag="LOC_PEDIA_FEATURES_PAGE_FEATURE_EVEREST_CHAPTER_HISTORY_PARA_1">
      <Text>Tibet dilinde "kutsal anne" ya da Qomolangma olarak adlandirilan Everest Dagi, deniz seviyesinden 8848 metre (29029 feet) yükseklikte bulunan ve Himalaya siradaglarinin bir parçasi olan dünyanin en yüksek dagidir. Burasi 9. Yüzyil Budist bilgesi Padmasambhava tarafindan belirlenen "gizli siginak vadilerinden" biridir ve 1922'den bu yana 250'den fazla fatihin katilidir. MS 1802 yilinda Ingilizler, dünyanin en yüksek zirvelerini belirlemek için dev teodolitler kullanarak Hindistan'in Büyük Trigonometrik Arastirmasi'ni baslatti. Yarim asir sonra, 1858'de Hindistan Genel Arastirmacisi Andrew Waugh, Peak XV'in (yani Everest'in) en yüksek oldugunu kesin olarak açikladi. Ve maceracilar o zamandan beri ona tirmanmaya çalisiyorlar... "Cünkü orada."</Text>
    </Row>
    <Row Tag="LOC_PEDIA_FEATURES_PAGE_FEATURE_FLOODPLAINS_CHAPTER_HISTORY_PARA_1">
      <Text>Taskin yataklari, nehirlere bitisik alçak alanlardir ve her yil (veya daha sik) sel baskinlarina maruz kalirlar ve bu nedenle toprak birikintilerinden ve bilinen en verimli tarim arazilerinden bazilarindan verimlidirler. Belki de en iyi bilinenleri, eski Misir'in tarihin en büyük medeniyetlerinden biri olmasina yardimci olan Nil boyunca uzananlardir.</Text>
    </Row>
    <Row Tag="LOC_PEDIA_FEATURES_PAGE_FEATURE_FLOODPLAINS_CHAPTER_HISTORY_PARA_2">
      <Text>Bölgeler, Misir olarak oynanmadigi sürece normalde Taskin Yataklari üzerine insa edilemez.</Text>
    </Row>
    <Row Tag="LOC_PEDIA_FEATURES_PAGE_FEATURE_FOREST_CHAPTER_HISTORY_PARA_1">
      <Text>Ormanlarin cömertligi, birden fazla kabilenin hayatta kalmasinda çok önemli olmus, hayal gücünü sasirtacak kadar çesitli kereste, hayvan ve bitki saglamistir. Ne yazik ki, medeniyet çiftliklere, yollara ve banliyölere yer açmak için onlari sik sik kesmistir... ve bir de postlardan, kütüklerden ve metallerden zengin olmak isteyen açgözlü sirketler vardir.</Text>
    </Row>
    <Row Tag="LOC_PEDIA_FEATURES_PAGE_FEATURE_GALAPAGOS_CHAPTER_HISTORY_PARA_1">
      <Text>Galapagos Adalari ilk kez bir Avrupali tarafindan, Panama'nin Ispanyol Piskoposu Fray Tomás de Berlanga'nin MS 1535 yilinda Peru'ya giderken rotasindan sapmasiyla ziyaret edilmistir. Charles Darwin adinda genç bir doga bilimcinin içinde bulundugu HMS Beagle gemisinin Pasifik limanlarina yaklasirken ugradigi 1835 yilina kadar bu izole ekvator takimadalarina bir daha kimse fazla ilgi göstermedi. Darwin Charles Adasi'nda dolasti ve buradaki kaplumbagalarin zincirdeki diger adalardakilerden farkli oldugunu fark etti. Onlari kesebildiginde Darwin, farkli varyasyonlara ragmen adalarda tek bir ispinoz türü buldu. Böylece Türlerin Kökeni ortaya çikti... ve insanoglunun biyolojik (ruhani demiyorum) hemen her sey hakkindaki anlayisi bir daha asla ayni olmayacakti.</Text>
    </Row>
    <Row Tag="LOC_PEDIA_FEATURES_PAGE_FEATURE_ICE_CHAPTER_HISTORY_PARA_1">
      <Text>Buz, gemiler için geçilmezdir (Titanik'in mürettebatina sorun, birkaç tanesi felakete ugramistir) ve diger gezginler için pek eglenceli degildir. Belki kutup ayilari hariç.</Text>
    </Row>
    <Row Tag="LOC_PEDIA_FEATURES_PAGE_FEATURE_JUNGLE_CHAPTER_HISTORY_PARA_1">
      <Text>Yagmur ormanlari asiri biyolojik çesitlilige sahip yerlerdir, bu da onlari geçilmesi zor, ancak bilimsel ve tibbi bilgi hazineleri haline getirir.  Asya, Afrika ve Güney Amerika'daki yagmur ormanlari modern uygarliga her türlü zenginligi, gidayi ve simdi de pahali ilaçlari saglamistir.</Text>
    </Row>
    <Row Tag="LOC_PEDIA_FEATURES_PAGE_FEATURE_KILIMANJARO_CHAPTER_HISTORY_PARA_1">
      <Text>Maasai dilinde Kilimanjaro, Ngaje Ngai, yani "Tanri'nin Evi" olarak bilinir. En yüksegi 5,900 metreye (19,340 feet) ulasan üç volkanik koniden olusan - bu da onu Afrika'nin en yüksek noktasi ve dünyanin en yüksek bagimsiz dagi yapar - Kilimanjaro masifi Tanzanya'nin kuzeydogusunda yer alir. Bir stratovolkan olarak kabul edilen Kilimanjaro'nun iki zirvesi (Mawenzi ve Shira) sönmüs, en yüksek zirvesi (Kibo) ise uykuda  son patlamasi yaklasik 150 bin yil öncesine dayaniyor. Birçok basarisiz girisimin ardindan Kibo'nun zirvesine nihayet 1889 yilinda Alman Hans Meyer ve Avusturyali Ludwig Purtscheller tarafindan ulasilmis ve Kibo'nun gerçekten de bir krateri oldugu teyit edilmistir. Daha sonra üzerinde gezinilmesine ragmen, Kibo'nun haritasi birkaç yil önce yapilan hava fotograflarina dayanarak 1964 yilina kadar çikarilamamistir.</Text>
    </Row>
    <Row Tag="LOC_PEDIA_FEATURES_PAGE_FEATURE_MARSH_CHAPTER_HISTORY_PARA_1">
      <Text>Odunsu bitkilerden ziyade otsu bitkilerle kapli olan bu tatli su sulak alanlari genellikle yavas akan nehirler boyunca veya göl kiyilarinda bulunur. Bitki ve hayvanlardan olusan inanilmaz çesitlilikteki degerli seylere ev sahipligi yapan bazi uygarliklarda bataklik ve batakliklardaki kasabalar büyük sehirlere dönüsmüstür: Petersburg, New Orleans ve Pantanal'daki Brezilya sehirleri gibi.</Text>
    </Row>
    <Row Tag="LOC_PEDIA_FEATURES_PAGE_FEATURE_OASIS_CHAPTER_HISTORY_PARA_1">
      <Text>Efsanelere konu olan ve çölde dolasanlar için hayati önem tasiyan vahalar, temiz ve bol su kaynaklarinin üzerinde yer alir. Corak ve cansiz topraklardaki bu harika karakollar hakkinda hikayeler anlatilir... ve onlari kontrol etmek için savaslar yapilir.</Text>
    </Row>
    <Row Tag="LOC_PEDIA_FEATURES_PAGE_FEATURE_PANTANAL_CHAPTER_HISTORY_PARA_1">
      <Text>Pantanal, 195 bin kilometrekareye (yaklasik 75 bin mil kare) kadar yayilan su, bataklik, bataklik ve çamurla dünyanin en büyük tropikal sulak alani olarak kabul edilir. Elbette, yaklasik 1000 kus türü ve 480 sürüngen türü de dahil olmak üzere son derece çesitli bir flora ve fauna biyo-sistemine ev sahipligi yapmaktadir. Bororo halki yüzyillar boyunca bunlarin arasinda mutlu bir sekilde yasamis, ancak 1800'lerin sonunda hastaliklar ve Brezilyali kasifler, köle tüccarlari, maden arayicilari ve yerlesimciler tarafindan yok edilmislerdir. Simdi Pantanal'da birkaç Brezilya sehri bulunmaktadir.</Text>
    </Row>
    <Row Tag="LOC_PEDIA_FEATURES_PAGE_FEATURE_PIOPIOTAHI_CHAPTER_HISTORY_PARA_1">
      <Text>Yerlesimciler tarafindan Milford Sound olarak bilinen Piopiotahi, Maoriler tarafindan artik nesli tükenmis olan piopio kusunun adini almistir - Yeni Zelanda'nin Güney Adasi Te Waipounamu kiyisinda muhtesem bir dogal fiyorttur. Buzullar tarafindan oyulan Yeni Zelanda fiyordunun uçurumlari karanlik sulardan dikey olarak yükselirken, selaleler yüzlerden asagi 1000 metreye kadar düsmektedir. Kaptan James Cook gibi ilk kasifler tarafindan göz ardi edilen fiyort, Ingilizce adini Galler'deki belirsiz bir noktadan sonra buraya ilk yelken açanlar tarafindan almistir. 1888 yilinda, dünyanin en iyi yürüyüs parkurlarindan biri olan Milford Track boyunca fiyorda erisim saglayan MacKinnon Geçidi bulunmustur. Günümüzde yilda üç çeyrek milyon ziyaretçi bu fiyortta gezinmekte ve yelken açmaktadir  bu da burayi ülkenin en ünlü turizm merkezi haline getirmektedir.</Text>
    </Row>
    <Row Tag="LOC_PEDIA_FEATURES_PAGE_FEATURE_TORRES_DEL_PAINE_CHAPTER_HISTORY_PARA_1">
      <Text>Torres del Paine'nin dik kuleleri isimlerini renklerinden almaktadir - "paine" Tehuelche dilinde "mavi" anlamina gelmektedir. Feminist ve muhabir Lady Florence Dixie, 1880 tarihli kitabinda üç granit kuleyi "Kleopatra'nin Igneleri" olarak tanimlamistir  bölgeye gelen "ilk yabanci turist" olma gibi süpheli bir ayricaliga sahiptir. Ne yazik ki o sonuncu degildi, çünkü Torres del Paine Parki 1985'ten bu yana dikkatsiz sirt çantali gezginler nedeniyle üç büyük orman yanginina maruz kaldi. Neyse ki deniz seviyesinden 2850 metre yükseklikteki Paine Masifi'nin göller ve buzullarla çevrili üç zirvesi alevlerden nispeten etkilenmedi. Torres del Paine zirvelerini kapsayan park 1977 yilinda Sili hükümeti tarafindan kurulmus ve ertesi yil UNESCO tarafindan Dünya Biyosfer Rezervi olarak belirlenmistir.</Text>
    </Row>
    <Row Tag="LOC_PEDIA_FEATURES_PAGE_FEATURE_TSINGY_CHAPTER_HISTORY_PARA_1">
      <Text>Cocuklar için pek de tatil yeri olmayan Tsingy de Bemaraha, Madagaskar adasinda, obruklar ve magaralarla kesilmis, pürüzlü kireçtasi olusumlarindan olusan bir karst topolojisidir. Bitisigindeki Siki Doga Koruma Alani ile birlikte (on bir lemur türü de dahil olmak üzere pek çok hayvan, birbirine karismis kuleler ve ormanlar arasinda evlerini yapmaktadir), 1990 yilinda UNESCO Dünya Mirasi Alani olarak belirlenmistir. Dikey kayalardan olusan labirente - yer yer 300 fit yüksekliginde ve hepsi jilet keskinliginde - ulasmak pek kolay degil (Madagaskar'in baskentinden bes günlük bir yolculuk) ve yüregi zayif olanlar için degil. Tsingy de Bemaraha'ya girmeye cesaret eden doga bilimciler tibbi yardim için sürünerek çikmak zorunda kalmislardir. Tsingy, "çiplak ayakla yürünemeyen yer" anlamina gelen Malgasça bir kelime oldugunda bu beklenen bir seydir.</Text>
    </Row>
    <Row Tag="LOC_PEDIA_FEATURES_PAGE_FEATURE_YOSEMITE_CHAPTER_HISTORY_PARA_1">
      <Text>Yogun çam ormanlariyla kapli ve El Capitan ile Half Dome'un granit zirveleriyle çevrili 13 kilometre (sekiz mil) uzunlugundaki Yosemite Vadisi, Sierra Nevada'nin batisinda yer almaktadir. Yosemite, baslangiçta kendilerine "Ahwahnee vadisinin insanlari", "Ahwahnechee" diyen ilk sakinleri tarafindan Ahwahnee olarak adlandirilmistir. Ancak Amerika'nin batisi için çok tanidik olan bir hikayede, kaynaklara (bu durumda altin) ulasma arzusu, ordunun gücüyle desteklenen Avrupali-Amerikali yerlesimcileri getirdi. 1851 yilinda, Kaliforniya yerlileri ile Birlesik Devletler Ordusu arasinda yasanan daha büyük çapli bir savas sirasinda, Mariposa Taburu, Tenaya adindaki sefleri tarafindan yönetilen Ahwahnechee sakinlerine saldirdi. Ahwahnechee'ler yenilgilerinin ardindan burada kalirken, yeni "bos" (en azindan devlete göre) bölge, dogal güzelligi ve dev sekoya agaçlarinin antik durusu nedeniyle ABD'de türünün ilk örnegi olan dogal bir park haline gelecekti ve turistler ve sanatçilar (Thomas Ayres dahil) bölgeye akin etti. Ahwahnee'nin güzelligi, Ahwahnechee'nin güzelligi gibi devam etmektedir, ancak kurulus tarihi genellikle arazinin dogal güzelligi altinda göz ardi edilmektedir.</Text>
    </Row>
    <Row Tag="LOC_PEDIA_FEATURES_PAGE_TERRAIN_COAST_CHAPTER_HISTORY_PARA_1">
      <Text>Kiyi sulari (tabii ki bir göl degilse) ilk uygarliklari, her türlü zenginligi ve yiyecek iyi seyleri bulduklari karadan açilmaya çagirdi. Böylece binlerce yil boyunca insanlarin karadan uzaklara yelken açmaya ihtiyaci (ya da korkusu) olmadi.</Text>
    </Row>
    <Row Tag="LOC_PEDIA_FEATURES_PAGE_TERRAIN_DESERT_CHAPTER_HISTORY_PARA_1">
      <Text>Genel olarak çöller, orada yasamayi ögrenmis olan canlilar ve insanlar disinda, oldukça faydasizdir. Dünyanin gerçek çölleri - Sahra, Gobi, Mojave, Büyük Victoria ve benzerleri - tarih basladigindan beri insanlari ve medeniyetleri yutmaktadir.</Text>
    </Row>
    <Row Tag="LOC_PEDIA_FEATURES_PAGE_TERRAIN_DESERT_HILLS_CHAPTER_HISTORY_PARA_1">
      <Text>Düz çölden bile daha az çekici olan çöl tepelerinin iyi oldugu tek sey bir savasta savunma yapmaktir. Bu özellik onlari Bedeviler, Tuaregler, Berberiler ve diger çöl sakinleri gibi gruplar için siginak haline getirmistir.</Text>
    </Row>
    <Row Tag="LOC_PEDIA_FEATURES_PAGE_TERRAIN_DESERT_MOUNTAIN_CHAPTER_HISTORY_PARA_1">
      <Text>Tarih söz konusu oldugunda, daglar hareket için misafirperver olmayan engellerdir ve bir medeniyete çok az fayda saglar ya da hiç saglamaz... istilaya karsi bariyerler disinda. Bu nedenle sadece fotografçilara, münzevilere ve dagcilara hitap ederler.</Text>
    </Row>
    <Row Tag="LOC_PEDIA_FEATURES_PAGE_TERRAIN_GRASS_CHAPTER_HISTORY_PARA_1">
      <Text>Zengin ve verimli topraklarla kutsanmis otlaklar, genisleme için gerekli olan yiyecek ve açik sinirlari saglayarak birçok medeniyetin kalbi olmustur. Ne yazik ki her barbar da bunun farkindadir ve bu yüzden otlaklar yüzyillar boyunca kanla gübrelenmistir.</Text>
    </Row>
    <Row Tag="LOC_PEDIA_FEATURES_PAGE_TERRAIN_GRASS_HILLS_CHAPTER_HISTORY_PARA_1">
      <Text>Tüm bu zenginlikleri korumanin bir yolu da saldiriya ugradiklarinda birlikleri tepelere yerlestirmekti, çünkü (mermiler ve bombalar icat edilene kadar) yüksek yerleri tutmak oldukça iyi bir stratejiydi. Böylece, zaman içinde tepeler, çevredeki kirsal alanin güzel manzarasina sahip uygarlik kaleleri ve satolariyla doldu.</Text>
    </Row>
    <Row Tag="LOC_PEDIA_FEATURES_PAGE_TERRAIN_GRASS_MOUNTAIN_CHAPTER_HISTORY_PARA_1">
      <Text>Tarih söz konusu oldugunda, daglar hareket için misafirperver olmayan engellerdir ve bir medeniyete çok az fayda saglar ya da hiç saglamaz... istilaya karsi bariyerler disinda. Bu nedenle sadece fotografçilara, münzevilere ve dagcilara hitap ederler.</Text>
    </Row>
    <Row Tag="LOC_PEDIA_FEATURES_PAGE_TERRAIN_OCEAN_CHAPTER_HISTORY_PARA_1">
      <Text>Okyanuslarin derin sulari tarih boyunca insanoglunu korkutmus, sadece Polinezyalilar ve Vikingler tarafindan cesaret edilebilmistir. Bu sulara cesaret etmek için gelismis yelken teknolojisi gerekiyordu - ve bugün okyanuslari birkaç saat içinde uçarak geçiyoruz.</Text>
    </Row>
    <Row Tag="LOC_PEDIA_FEATURES_PAGE_TERRAIN_PLAINS_CHAPTER_HISTORY_PARA_1">
      <Text>Ova, topragi verimli otlaklar kadar zengin olmayan ancak çöl kadar da kuru olmayan genis, düz bir arazi parçasidir. Bu nedenle, kendi haline birakildiginda (tüm o traktörler ortaya çikmadan önce) ovalar bizon, antilop ve at gibi büyük hayvan sürüleri için mükemmel olma egilimindedir.</Text>
    </Row>
    <Row Tag="LOC_PEDIA_FEATURES_PAGE_TERRAIN_PLAINS_HILLS_CHAPTER_HISTORY_PARA_1">
      <Text>Ovalarda tepeler yer isaretleri olma egilimindedir... Iowa'nin en yüksek noktasi olan 1670 feet (510 metre) yüksekligindeki Hawkeye Point'i düsünün. Her tarafin düz oldugu düsünüldügünde, bunlar sonsuz, sikici manzaralar üzerinde uzun mesafeler için güzel görüs hatlari saglar.</Text>
    </Row>
    <Row Tag="LOC_PEDIA_FEATURES_PAGE_TERRAIN_PLAINS_MOUNTAIN_CHAPTER_HISTORY_PARA_1">
      <Text>Tarih söz konusu oldugunda, daglar hareket için misafirperver olmayan engellerdir ve bir medeniyete çok az fayda saglar ya da hiç saglamaz... istilaya karsi bariyerler disinda. Bu nedenle sadece fotografçilara, münzevilere ve dagcilara hitap ederler.</Text>
    </Row>
    <Row Tag="LOC_PEDIA_FEATURES_PAGE_TERRAIN_SNOW_CHAPTER_HISTORY_PARA_1">
      <Text>Tarih, soguk iklimlerde karla kapli topraklarda insanlarin hayatta kaldigina dair çok az örnek sunmaktadir. Inupiat gibi birkaç istisna disinda, insanlar uzak kutup bölgelerinde geçimlerini saglamakta zorlanmislardir.</Text>
    </Row>
    <Row Tag="LOC_PEDIA_FEATURES_PAGE_TERRAIN_SNOW_HILLS_CHAPTER_HISTORY_PARA_1">
      <Text>Cok pitoresk, çok canlandirici, kayakçilarin, kayakla atlayanlarin ve diger aptallarin sevgilisi. Tepelerde kar çok güzeldir ve çok eglencelidir... tabii hiç erimedigi sürece.</Text>
    </Row>
    <Row Tag="LOC_PEDIA_FEATURES_PAGE_TERRAIN_SNOW_MOUNTAIN_CHAPTER_HISTORY_PARA_1">
      <Text>Tarih söz konusu oldugunda, daglar hareket için misafirperver olmayan engellerdir ve bir medeniyete çok az fayda saglar ya da hiç saglamaz... istilaya karsi bariyerler disinda. Bu nedenle sadece fotografçilara, münzevilere ve dagcilara hitap ederler.</Text>
    </Row>
    <Row Tag="LOC_PEDIA_FEATURES_PAGE_TERRAIN_TUNDRA_CHAPTER_HISTORY_PARA_1">
      <Text>Tundra, dünyanin daha soguk iklimlerinde bulunan yari donmus topraklardir. Kaynaklar için çaresiz olmadikça (tundra genis maden ve petrol yataklarini örtme egilimindedir) ... ya da gidecek baska yerleri olmadikça kimse tundrada sehirler insa etmez.</Text>
    </Row>
    <Row Tag="LOC_PEDIA_FEATURES_PAGE_TERRAIN_TUNDRA_HILLS_CHAPTER_HISTORY_PARA_1">
      <Text>Tundra topraklarindaki tepeler çorak topaklar olma egilimindedir, çünkü yillik erime topragi ve fideleri alip götürür. Ancak tarih boyunca tundrada kurulan kasabalarin çogu tepelere kurulmustur... Bu da kurtlari ve ayilari sokaklardan uzak tutmaya yardimci olmustur.</Text>
    </Row>
    <Row Tag="LOC_PEDIA_FEATURES_PAGE_TERRAIN_TUNDRA_MOUNTAIN_CHAPTER_HISTORY_PARA_1">
      <Text>Tarih söz konusu oldugunda, daglar hareket için misafirperver olmayan engellerdir ve bir medeniyete çok az fayda saglar ya da hiç saglamaz... istilaya karsi bariyerler disinda. Bu nedenle sadece fotografçilara, münzevilere ve dagcilara hitap ederler.</Text>
    </Row>
  </BaseGameText>
</GameData>