﻿<?xml version="1.0" encoding="utf-8"?>
<!-- edited with XMLSPY v2004 rel. 2 U (http://www.xmlspy.com) by Ed Beach (Firaxis Games) -->
<GameData>
  <BaseGameText>
    <!-- Civics-->
    <Row Tag="LOC_CIVIC_FOREIGN_TRADE_DESCRIPTION">
      <Text>[ICON_TradeRoute] Ticaret Yollarinin olusturulmasina izin verir.</Text>
    </Row>
    <Row Tag="LOC_CIVIC_MILITARY_TRADITION_DESCRIPTION">
      <Text>Tüm muharebe birimlerine kusatma ve destek muharebe bonuslari verir.</Text>
    </Row>
    <Row Tag="LOC_CIVIC_EARLY_EMPIRE_DESCRIPTION">
      <Text>Sinirlari zorlama ve diger medeniyetlere Açik Sinirlar verme yeteneklerinin kilidini açar.</Text>
    </Row>
    <Row Tag="LOC_CIVIC_MYSTICISM_DESCRIPTION">
      <Text>Ödüller 1 [ICON_Envoy] Elçi.</Text>
    </Row>
    <Row Tag="LOC_CIVIC_MILITARY_TRAINING_DESCRIPTION">
      <Text>Ödüller 1 [ICON_Envoy] Elçi.</Text>
    </Row>
    <Row Tag="LOC_CIVIC_THEOLOGY_DESCRIPTION">
      <Text>Ödüller 1 [ICON_Envoy] Elçi.</Text>
    </Row>
    <Row Tag="LOC_CIVIC_NAVAL_TRADITION_DESCRIPTION">
      <Text>Ödüller 1 [ICON_Envoy] Elçi.</Text>
    </Row>
    <Row Tag="LOC_CIVIC_FEUDALISM_DESCRIPTION">
      <Text>Ciftlik iyilestirmeleri artik her 2 komsu Ciftlik iyilestirmesinden +1 [ICON_Food] Gida kazaniyor.</Text>
    </Row>
    <Row Tag="LOC_CIVIC_CIVIL_SERVICE_DESCRIPTION">
      <Text>Ittifaklara Izin Verir.</Text>
    </Row>
    <Row Tag="LOC_CIVIC_MERCENARIES_DESCRIPTION">
      <Text>Ödüller 1 [ICON_Envoy] Elçi.</Text>
    </Row>
    <Row Tag="LOC_CIVIC_EXPLORATION_DESCRIPTION">
      <Text>Mera iyilestirmeleri +1 [ICON_Food] Gida alir.</Text>
    </Row>
    <Row Tag="LOC_CIVIC_DIPLOMATIC_SERVICE_DESCRIPTION">
      <Text>Bir Spy insa etme yetenegi verir.</Text>
    </Row>
    <Row Tag="LOC_CIVIC_MERCANTILISM_DESCRIPTION">
      <Text>Kamp iyilestirmeleri +1 [ICON_Production] Üretim ve +1 [ICON_Food] Gida alir.</Text>
    </Row>
    <Row Tag="LOC_CIVIC_THE_ENLIGHTENMENT_DESCRIPTION">
      <Text>Dini [ICON_Tourism] Turizm etkileri uygarliginiza karsi yari yariya azalir.</Text>
    </Row>
    <Row Tag="LOC_CIVIC_COLONIALISM_DESCRIPTION">
      <Text>Ödüller 2 [ICON_Envoy] Elçiler.</Text>
    </Row>
    <Row Tag="LOC_CIVIC_CIVIL_ENGINEERING_DESCRIPTION">
      <Text>Otlak Tepeler ve Ova Tepeler üzerinde Ciftlikler insa edebilir.</Text>
    </Row>
    <Row Tag="LOC_CIVIC_NATIONALISM_DESCRIPTION">
      <Text>Ilave bir Spy insa etme yetenegi verir. Birbirinin aynisi iki birimin bir Kolordu veya Filo haline getirilmesine izin verir. Savaslari hakli çikarmak için kullanilabilecek yeni bir Casus Belli'ye izin verir: Koloni Savasi.</Text>
    </Row>
    <Row Tag="LOC_CIVIC_OPERA_BALLET_DESCRIPTION">
      <Text>Ödüller 2 [ICON_Envoy] Elçiler.</Text>
    </Row>
    <Row Tag="LOC_CIVIC_NATURAL_HISTORY_DESCRIPTION">
      <Text>Antik Alanlari ortaya çikarir [ICON_RESOURCE_ANTIQUITY_SITE]. Arkeologlarin insasina izin verir. 2 [ICON_Envoy] Elçi Ödüllendirir.</Text>
    </Row>
    <Row Tag="LOC_CIVIC_SCORCHED_EARTH_DESCRIPTION">
      <Text>Ödüller 2 [ICON_Envoy] Elçiler.</Text>
    </Row>
    <Row Tag="LOC_CIVIC_CONSERVATION_DESCRIPTION">
      <Text>3 [ICON_Envoy] Elçi ödüllendirir. Milli Parklarin insa edilmesine ve [ICON_Faith] Inançli Doga Bilimcilerin satin alinmasina izin verir. Insaatçilarin Orman (ikinci büyüme) dikmesine izin verir. Bölgenizdeki hiç kaldirilmamis ormanlar (eski büyüme) +1 Cazibe kazanir. Surlardan [ICON_TOURISM] Turizm alirsiniz.</Text>
    </Row>
    <Row Tag="LOC_CIVIC_MOBILIZATION_DESCRIPTION">
      <Text>Savunma Paktlari olusturulmasina izin verir. Birbirinin ayni üç birimin bir Ordu veya Armada olusturmasina izin verir. Savaslari hakli çikarmak için kullanilabilecek yeni bir Casus Belli'ye izin verir: Bölgesel Genisleme Savasi.</Text>
    </Row>
    <Row Tag="LOC_CIVIC_IDEOLOGY_DESCRIPTION">
      <Text>Ilave bir Spy insa etme yetenegi verir.</Text>
    </Row>
    <Row Tag="LOC_CIVIC_COLD_WAR_DESCRIPTION">
      <Text>Ilave bir Spy insa etme yetenegi verir.</Text>
    </Row>
    <Row Tag="LOC_CIVIC_CULTURAL_HERITAGE_DESCRIPTION">
      <Text>[ICON_RESOURCE_SHIPWRECK] Gemi Enkazlarini ortaya çikarir ve Arkeologlarin bunlardan [ICON_GreatWork_Artifact] Eser çikarmasina izin verir. 3 [ICON_Envoy] Elçi ödüllendirir.</Text>
    </Row>
    <Row Tag="LOC_CIVIC_RAPID_DEPLOYMENT_DESCRIPTION">
      <Text>Havaalanlari içeren Havaalani bölgeleri arasinda kara birimlerinin tasinmasina izin verir.</Text>
    </Row>
    <Row Tag="LOC_CIVIC_GLOBALIZATION_DESCRIPTION">
      <Text>+2 [ICON_Gold] Altindan Plantasyonlara.</Text>
    </Row>
    <Row Tag="LOC_CIVIC_FUTURE_CIVIC_DESCRIPTION">
      <Text>Birden fazla kez tamamlanabilir ve Puan Zaferi'ne dogru puanlarinizi artirabilirsiniz.</Text>
    </Row>
    <Row Tag="LOC_CIVIC_ENVOY_AWARDED_TOOLTIP">
      <Text>Ödüller {1_NumOfEnvoys} [ICON_Envoy] {1_NumOfEnvoys : plural 1?Envoy  other?Envoys }</Text>
    </Row>
    <!-- Civic Boosts-->
    <Row Tag="LOC_BOOST_TRIGGER_CRAFTSMANSHIP">
      <Text>3 karo gelistirin.</Text>
    </Row>
    <Row Tag="LOC_BOOST_TRIGGER_FOREIGN_TRADE">
      <Text>Ikinci bir kita kesfedin.</Text>
    </Row>
    <Row Tag="LOC_BOOST_TRIGGER_MILITARY_TRADITION">
      <Text>Bir Barbar Karakolunu temizle.</Text>
    </Row>
    <Row Tag="LOC_BOOST_TRIGGER_STATE_WORKFORCE">
      <Text>Herhangi bir uzmanlik bölgesi olusturun.</Text>
    </Row>
    <Row Tag="LOC_BOOST_TRIGGER_EARLY_EMPIRE">
      <Text>Medeniyetinizi en az 6 nüfusa kadar büyütün.</Text>
    </Row>
    <Row Tag="LOC_BOOST_TRIGGER_MYSTICISM">
      <Text>Bir panteon buldum.</Text>
    </Row>
    <Row Tag="LOC_BOOST_TRIGGER_GAMES_RECREATION">
      <Text>Insaat teknolojisini arastirin.</Text>
    </Row>
    <Row Tag="LOC_BOOST_TRIGGER_POLITICAL_PHILOSOPHY">
      <Text>3 sehir devletiyle tanisin.</Text>
    </Row>
    <Row Tag="LOC_BOOST_TRIGGER_DRAMA_POETRY">
      <Text>Bir mucize yaratin.</Text>
    </Row>
    <Row Tag="LOC_BOOST_TRIGGER_MILITARY_TRAINING">
      <Text>Bir Kamp Kurun.</Text>
    </Row>
    <Row Tag="LOC_BOOST_TRIGGER_DEFENSIVE_TACTICS">
      <Text>Bir Savas Ilani'nin hedefi olun.</Text>
    </Row>
    <Row Tag="LOC_BOOST_TRIGGER_RECORDED_HISTORY">
      <Text>2 Kampüs bölgesi olusturun.</Text>
    </Row>
    <Row Tag="LOC_BOOST_TRIGGER_THEOLOGY">
      <Text>Bir din buldum.</Text>
    </Row>
    <Row Tag="LOC_BOOST_TRIGGER_NAVAL_TRADITION">
      <Text>Quadrireme ile bir birim öldür.</Text>
    </Row>
    <Row Tag="LOC_BOOST_TRIGGER_FEUDALISM">
      <Text>6 Ciftlik insa edin.</Text>
    </Row>
    <Row Tag="LOC_BOOST_TRIGGER_CIVIL_SERVICE">
      <Text>Bir sehri 10 nüfusa kadar büyütün.</Text>
    </Row>
    <Row Tag="LOC_BOOST_TRIGGER_MERCENARIES">
      <Text>Ordunuzda 8 kara muharebe birimi bulundurun.</Text>
    </Row>
    <Row Tag="LOC_BOOST_TRIGGER_MEDIEVAL_FAIRES">
      <Text>4 Ticaret Rotasini Koruyun.</Text>
    </Row>
    <Row Tag="LOC_BOOST_TRIGGER_GUILDS">
      <Text>2 Pazar Olusturun.</Text>
    </Row>
    <Row Tag="LOC_BOOST_TRIGGER_DIVINE_RIGHT">
      <Text>2 Tapinak insa edin.</Text>
    </Row>
    <Row Tag="LOC_BOOST_TRIGGER_EXPLORATION">
      <Text>2 Caravel insa edin.</Text>
    </Row>
    <Row Tag="LOC_BOOST_TRIGGER_HUMANISM">
      <Text>Büyük Bir Sanatçi Kazanin.</Text>
    </Row>
    <Row Tag="LOC_BOOST_TRIGGER_DIPLOMATIC_SERVICE">
      <Text>Baska bir uygarlikla ittifak kurun.</Text>
    </Row>
    <Row Tag="LOC_BOOST_TRIGGER_REFORMED_CHURCH">
      <Text>Dininizi takip eden 6 sehir var.</Text>
    </Row>
    <Row Tag="LOC_BOOST_TRIGGER_MERCANTILISM">
      <Text>Harika Bir Tüccar Kazanin.</Text>
    </Row>
    <Row Tag="LOC_BOOST_TRIGGER_THE_ENLIGHTENMENT">
      <Text>3 Büyük Insan Kazanin.</Text>
    </Row>
    <Row Tag="LOC_BOOST_TRIGGER_CIVIL_ENGINEERING">
      <Text>7 farkli uzmanlik bölgesi olusturun.</Text>
    </Row>
    <Row Tag="LOC_BOOST_TRIGGER_NATIONALISM">
      <Text>Casus belli kullanarak savas ilan et.</Text>
    </Row>
    <Row Tag="LOC_BOOST_TRIGGER_OPERA_BALLET">
      <Text>Bir Sanat Müzesi insa edin.</Text>
    </Row>
    <Row Tag="LOC_BOOST_TRIGGER_COLONIALISM">
      <Text>Astronomi teknolojisini arastirin.</Text>
    </Row>
    <Row Tag="LOC_BOOST_TRIGGER_NATURAL_HISTORY">
      <Text>Bir Arkeoloji Müzesi kurun.</Text>
    </Row>
    <Row Tag="LOC_BOOST_TRIGGER_URBANIZATION">
      <Text>Bir sehri 15 nüfusa kadar büyütün.</Text>
    </Row>
    <Row Tag="LOC_BOOST_TRIGGER_SCORCHED_EARTH">
      <Text>2 Saha Topu insa edin.</Text>
    </Row>
    <Row Tag="LOC_BOOST_TRIGGER_CONSERVATION">
      <Text>Nefes Kesen Cekicilige Sahip Bir Mahalle Bölgesine Sahip Olun.</Text>
    </Row>
    <Row Tag="LOC_BOOST_TRIGGER_MOBILIZATION">
      <Text>Ordunuzda 3 kolordu var.</Text>
    </Row>
    <Row Tag="LOC_BOOST_TRIGGER_MASS_MEDIA">
      <Text>Arastirma Radyosu.</Text>
    </Row>
    <Row Tag="LOC_BOOST_TRIGGER_CAPITALISM">
      <Text>3 Menkul Kiymetler Borsasi olusturun.</Text>
    </Row>
    <Row Tag="LOC_BOOST_TRIGGER_NUCLEAR_PROGRAM">
      <Text>Bir Arastirma Laboratuvari Kurun.</Text>
    </Row>
    <Row Tag="LOC_BOOST_TRIGGER_SUFFRAGE">
      <Text>4 Kanalizasyon insa edin.</Text>
    </Row>
    <Row Tag="LOC_BOOST_TRIGGER_TOTALITARIANISM">
      <Text>3 Askeri Akademi insa edin.</Text>
    </Row>
    <Row Tag="LOC_BOOST_TRIGGER_CLASS_STRUGGLE">
      <Text>3 Fabrika insa edin.</Text>
    </Row>
    <Row Tag="LOC_BOOST_TRIGGER_COLD_WAR">
      <Text>Nükleer Fisyon teknolojisini arastirin.</Text>
    </Row>
    <Row Tag="LOC_BOOST_TRIGGER_PROFESSIONAL_SPORTS">
      <Text>4 Eglence Kompleksi bölgesi insa edin.</Text>
    </Row>
    <Row Tag="LOC_BOOST_TRIGGER_CULTURAL_HERITAGE">
      <Text>Temali Bir Binaya Sahip Olun.</Text>
    </Row>
    <Row Tag="LOC_BOOST_TRIGGER_RAPID_DEPLOYMENT">
      <Text>Yabanci bir kitada bir Havaalani veya Uçak Pisti insa edin.</Text>
    </Row>
    <Row Tag="LOC_BOOST_TRIGGER_SPACE_RACE">
      <Text>Bir Uzay Limani bölgesi insa edin.</Text>
    </Row>
    <Row Tag="LOC_BOOST_TRIGGER_GLOBALIZATION">
      <Text>3 Havaalani insa edin.</Text>
    </Row>
    <Row Tag="LOC_BOOST_TRIGGER_SOCIAL_MEDIA">
      <Text>Telekomünikasyon teknolojisini arastirin.</Text>
    </Row>
    <!-- Civic Boosts Long Descriptions-->
    <Row Tag="LOC_BOOST_TRIGGER_LONGDESC_CRAFTSMANSHIP">
      <Text>Ilk sehrimizin etrafindaki arazi güzel bir sekilde gelisirken, üretim tekniklerimize ince ayar yapabiliriz.</Text>
    </Row>
    <Row Tag="LOC_BOOST_TRIGGER_LONGDESC_FOREIGN_TRADE">
      <Text>Baska bir kitayi kesfettikten sonra genis bir ticaret firsatlari dünyasi oldugunu fark ettik.</Text>
    </Row>
    <Row Tag="LOC_BOOST_TRIGGER_LONGDESC_MILITARY_TRADITION">
      <Text>Askerleriniz bir Barbar Karakoluna karsi kazandiginiz zaferin uzun bir askeri basari serisinin baslangici olmasini umuyor.</Text>
    </Row>
    <Row Tag="LOC_BOOST_TRIGGER_LONGDESC_STATE_WORKFORCE">
      <Text>Ilk bölgemizin faaliyete geçmesi, devlet projeleri için isçilerin askere alinmasinin degerini kanitlamistir.</Text>
    </Row>
    <Row Tag="LOC_BOOST_TRIGGER_LONGDESC_EARLY_EMPIRE">
      <Text>Topraklarinizda giderek artan sayida vatandas bir imparatorluga sahip olmayi hayal ediyor.</Text>
    </Row>
    <Row Tag="LOC_BOOST_TRIGGER_LONGDESC_MYSTICISM">
      <Text>Tanrilar panteonunuza tapinmak, dünyamizdaki ruhani güçler hakkinda daha fazla soruyu gündeme getirdi.</Text>
    </Row>
    <Row Tag="LOC_BOOST_TRIGGER_LONGDESC_GAMES_RECREATION">
      <Text>Insaat alanindaki yeni becerileriniz, oyun ve eglence mekanlari yaratmaniza kesinlikle yardimci olacaktir.</Text>
    </Row>
    <Row Tag="LOC_BOOST_TRIGGER_LONGDESC_POLITICAL_PHILOSOPHY">
      <Text>Diger devletlerle olan temaslariniz, kendi halkinizi yönetme konusundaki fikirlerinizi kristalize etti.</Text>
    </Row>
    <Row Tag="LOC_BOOST_TRIGGER_LONGDESC_DRAMA_POETRY">
      <Text>Bir mucizeyi tamamlamanin görkemi halkiniza enerji verdi. Bu büyük olayi anmak için eserler yaziyorlar.</Text>
    </Row>
    <Row Tag="LOC_BOOST_TRIGGER_LONGDESC_MILITARY_TRAINING">
      <Text>Artik bir Kamp ile askeri egitimimizi resmilestirebiliriz.</Text>
    </Row>
    <Row Tag="LOC_BOOST_TRIGGER_LONGDESC_DEFENSIVE_TACTICS">
      <Text>Isgal tehdidiyle karsi karsiya kalan halkiniz yenilikçi savunmalar gelistirmeye hazir.</Text>
    </Row>
    <Row Tag="LOC_BOOST_TRIGGER_LONGDESC_RECORDED_HISTORY">
      <Text>Kampüslerinizdeki kütüphanelerde çok sayida parsömen barindirma planlariyla, halkiniz imparatorlugunuzun tarihini kaydetmeye baslar.</Text>
    </Row>
    <Row Tag="LOC_BOOST_TRIGGER_LONGDESC_THEOLOGY">
      <Text>Yüce Peygamberiniz tarafindan bir Dinin olusturulmasi, ilahi olanin dogasi hakkinda daha derin düsünmeye ilham verir.</Text>
    </Row>
    <Row Tag="LOC_BOOST_TRIGGER_LONGDESC_NAVAL_TRADITION">
      <Text>Denizdeki zaferiniz, halkiniza bir deniz gücü olma yolunda çaba göstermeleri için ilham veriyor.</Text>
    </Row>
    <Row Tag="LOC_BOOST_TRIGGER_LONGDESC_FEUDALISM">
      <Text>Imparatorlugunuzun tüm tarim arazilerini yönetmek için bir lordlar ve vasallar sistemi olusuyor.</Text>
    </Row>
    <Row Tag="LOC_BOOST_TRIGGER_LONGDESC_CIVIL_SERVICE">
      <Text>Büyük kent merkeziniz yakinda bir bürokrat ordusuna ihtiyaç duyacaktir.</Text>
    </Row>
    <Row Tag="LOC_BOOST_TRIGGER_LONGDESC_MERCENARIES">
      <Text>Böylesine büyük bir orduya sahipken, ordunuzun daha da genislemesi gerekiyorsa parali askerler eklemeyi düsünebilirsiniz.</Text>
    </Row>
    <Row Tag="LOC_BOOST_TRIGGER_LONGDESC_MEDIEVAL_FAIRES">
      <Text>Topraklarinizda ticaretin artmasi yakinda bir ticaret fuarini da beraberinde getirecektir.</Text>
    </Row>
    <Row Tag="LOC_BOOST_TRIGGER_LONGDESC_GUILDS">
      <Text>Ticari bölgelerinizin basarisi ticaret loncalarinin büyümesini tesvik etti.</Text>
    </Row>
    <Row Tag="LOC_BOOST_TRIGGER_LONGDESC_DIVINE_RIGHT">
      <Text>Dindar halkiniz, yönetiminizin ilahi bir lütuf olduguna kuvvetle inaniyor.</Text>
    </Row>
    <Row Tag="LOC_BOOST_TRIGGER_LONGDESC_EXPLORATION">
      <Text>Karavel kesiflerinden ögrendiginiz dersler, halkinizi yönetmenin yeni bir yolunu açti.</Text>
    </Row>
    <Row Tag="LOC_BOOST_TRIGGER_LONGDESC_HUMANISM">
      <Text>Yeni kazandiginiz Büyük Sanatçinin verdigi ilham, halkimizi bireyin gücüne karsi uyandiriyor.</Text>
    </Row>
    <Row Tag="LOC_BOOST_TRIGGER_LONGDESC_DIPLOMATIC_SERVICE">
      <Text>Bir ittifak kurmak için yapilan çalismalar ilk diplomatlarinizi yetistirdi.</Text>
    </Row>
    <Row Tag="LOC_BOOST_TRIGGER_LONGDESC_REFORMED_CHURCH">
      <Text>Dininizin büyümesi bölünme tehlikesini de beraberinde getirir. Yozlasmis kilise uygulamalarinda reform bir an önce yapilsa iyi olur!</Text>
    </Row>
    <Row Tag="LOC_BOOST_TRIGGER_LONGDESC_MERCANTILISM">
      <Text>Yeni Büyük Tüccariniz, ekonomik rakiplerimize karsi nasil üstünlük saglayabilecegimiz konusunda fikirlerini paylasiyor.</Text>
    </Row>
    <Row Tag="LOC_BOOST_TRIGGER_LONGDESC_THE_ENLIGHTENMENT">
      <Text>Büyük insanlarinizin fikirleri, ülke çapinda entelektüel tartismalara ilham verdi.</Text>
    </Row>
    <Row Tag="LOC_BOOST_TRIGGER_LONGDESC_COLONIALISM">
      <Text>Gökler hakkindaki yeni bilginiz donanmanizin yön bulmasina ve küresel bir imparatorluk kurmasina yardimci oluyor.</Text>
    </Row>
    <Row Tag="LOC_BOOST_TRIGGER_LONGDESC_CIVIL_ENGINEERING">
      <Text>Cok sayida ilçe insa etmis olan mühendisleriniz sehir insasi konusunda uzmanlasti.</Text>
    </Row>
    <Row Tag="LOC_BOOST_TRIGGER_LONGDESC_NATIONALISM">
      <Text>Halkiniz bu savasin adil olduguna inaniyor.  Bu bizim için ulusal bir gurur meselesi haline geldi!</Text>
    </Row>
    <Row Tag="LOC_BOOST_TRIGGER_LONGDESC_OPERA_BALLET">
      <Text>Yeni bir müzenin açilisi insanlari sanata çekiyor. Belki de sirada dans ve opera vardir?</Text>
    </Row>
    <Row Tag="LOC_BOOST_TRIGGER_LONGDESC_NATURAL_HISTORY">
      <Text>Artik bulgularinizi saklamaya hazir bir müze ile dogal dünyada neler kesfedebileceginizi görmenin zamani geldi.</Text>
    </Row>
    <Row Tag="LOC_BOOST_TRIGGER_LONGDESC_URBANIZATION">
      <Text>Büyük sehriniz asiri kalabaliklasiyor. Banliyöler için plan yapmaya baslamanin zamani geldi.</Text>
    </Row>
    <Row Tag="LOC_BOOST_TRIGGER_LONGDESC_SCORCHED_EARTH">
      <Text>Modern savas açikça acimasiz bir olaydir.  Askeri doktrininiz topyekûn savasin bu ilkelerinden bazilarini yansitmaya basliyor.</Text>
    </Row>
    <Row Tag="LOC_BOOST_TRIGGER_LONGDESC_CONSERVATION">
      <Text>Nefes kesici yeni mahallenizin sakinleri, dünyanin tüm dogal hazinelerini koruyacak bir plan için feryat ediyor.</Text>
    </Row>
    <Row Tag="LOC_BOOST_TRIGGER_LONGDESC_MASS_MEDIA">
      <Text>Radyonun ortaya çikisi yeni bir iletisim çaginin baslangicini isaret etmektedir.</Text>
    </Row>
    <Row Tag="LOC_BOOST_TRIGGER_LONGDESC_MOBILIZATION">
      <Text>Ordunuz daha iyi organize oldu. Simdi gücünüzü dünya sahnesine çikarma zamani.</Text>
    </Row>
    <Row Tag="LOC_BOOST_TRIGGER_LONGDESC_CAPITALISM">
      <Text>Birçok sehirde borsalarin açilmasiyla yatirim sermayesi bollasmis ve bir piyasa ekonomisi ortaya çikmaya hazir hale gelmistir.</Text>
    </Row>
    <Row Tag="LOC_BOOST_TRIGGER_LONGDESC_NUCLEAR_PROGRAM">
      <Text>Özel bir arastirma laboratuvarinin kurulmasiyla birlikte, bilim insanlarini nükleer arastirma programina dahil etme girisiminiz baslayabilir.</Text>
    </Row>
    <Row Tag="LOC_BOOST_TRIGGER_LONGDESC_SUFFRAGE">
      <Text>Imparatorlugunuzun kadinlari uygun saglik kosullari için feryat ettiler. Bu savasi kazandiktan sonra, simdi de oy kullanma hakkina ihtiyaçlari var.</Text>
    </Row>
    <Row Tag="LOC_BOOST_TRIGGER_LONGDESC_TOTALITARIANISM">
      <Text>Askeri akademileriniz tarafindan asilanan disiplin artik vatandaslariniz için ikinci doga haline geldi.</Text>
    </Row>
    <Row Tag="LOC_BOOST_TRIGGER_LONGDESC_CLASS_STRUGGLE">
      <Text>Fabrika isçileriniz daha iyi çalisma kosullari için feryat ediyor. Dünya isçilerinin birlesme zamani geldi!</Text>
    </Row>
    <Row Tag="LOC_BOOST_TRIGGER_LONGDESC_COLD_WAR">
      <Text>Nükleer silahlarin ortaya çikisi, dünya genelinde silahli çatismalarin dogasini kesinlikle degistirecektir.</Text>
    </Row>
    <Row Tag="LOC_BOOST_TRIGGER_LONGDESC_PROFESSIONAL_SPORTS">
      <Text>Eglence Komplekslerine sahip 2 sehriniz yeni bir profesyonel spor liginde rekabet etmek istiyor.</Text>
    </Row>
    <Row Tag="LOC_BOOST_TRIGGER_LONGDESC_CULTURAL_HERITAGE">
      <Text>Mükemmel bir sekilde düzenlenmis bir müze ile halkinizin güçlü kültürel mirasi herkesin görebilecegi sekilde sergilenir.</Text>
    </Row>
    <Row Tag="LOC_BOOST_TRIGGER_LONGDESC_RAPID_DEPLOYMENT">
      <Text>Artik dünyanin dört bir yanina yayilan hava üsleriyle ordumuz her an dünyanin herhangi bir yerinde konuslanmaya hazirdir.</Text>
    </Row>
    <Row Tag="LOC_BOOST_TRIGGER_LONGDESC_SPACE_RACE">
      <Text>Yeni Uzay Üssünüzün açilisi, halkinizi uzaya çikma konusunda harekete geçirdi.</Text>
    </Row>
    <Row Tag="LOC_BOOST_TRIGGER_LONGDESC_GLOBALIZATION">
      <Text>Bu kadar çok havalimani varken, dünya gerçekten de daha küçük bir yer haline geliyor.</Text>
    </Row>
    <Row Tag="LOC_BOOST_TRIGGER_LONGDESC_SOCIAL_MEDIA">
      <Text>Iletisim teknolojisindeki ilerlemeleriniz, insanlarin çevrimiçi ortamda bir araya gelmesine olanak sagliyor.</Text>
    </Row>
    <!-- Governments -->
    <Row Tag="LOC_GOVERNMENT_OF">
      <Text>{1_civ} Hükümeti</Text>
    </Row>
    <Row Tag="LOC_CHANGE_GOVERNMENT">
      <Text>Hükümet Degisikligi</Text>
    </Row>
    <Row Tag="LOC_MY_GOVERNMENT">
      <Text>Benim Hükümetim</Text>
    </Row>
    <Row Tag="LOC_policIES">
      <Text>Politikalar</Text>
    </Row>
    <Row Tag="LOC_GOVERNMENTS">
      <Text>Hükümetler</Text>
    </Row>
    <Row Tag="LOC_CULTURE_PER_TURN">
      <Text>Dönüs Basina Kültür: +{1_Culture}</Text>
    </Row>
    <Row Tag="LOC_MILITARY">
      <Text>Askeri</Text>
    </Row>
    <Row Tag="LOC_ECONOMIC">
      <Text>Ekonomik</Text>
    </Row>
    <Row Tag="LOC_DIPLOMATIC">
      <Text>Diplomatik</Text>
    </Row>
    <Row Tag="LOC_WILDCARD">
      <Text>Wildcard</Text>
    </Row>
    <Row Tag="LOC_EMPTY_POLICY_SLOT">
      <Text>Bos {1_policyType} politika Yuvasi</Text>
    </Row>
    <Row Tag="LOC_NO_AVAIL_policIES">
      <Text>Mevcut poliçe yok</Text>
    </Row>
    <Row Tag="LOC_VIEW_LOCKED_policIES">
      <Text>Kilitli politikalari görüntüle</Text>
    </Row>
    <!-- Government Effects-->
    <Row Tag="LOC_GOVT_INHERENT_BONUS_CHIEFDOM">
      <Text>Bonus yok.</Text>
    </Row>
    <Row Tag="LOC_GOVT_INHERENT_BONUS_AUTOCRACY">
      <Text>Sermaye tüm getirilere +1 destek alir.</Text>
    </Row>
    <Row Tag="LOC_GOVT_INHERENT_BONUS_OLIGARCHY">
      <Text>Tüm Kara Yakin Dövüs birimleri +4 [ICON_Strength] Savas Gücü kazanir.</Text>
    </Row>
    <Row Tag="LOC_GOVT_INHERENT_BONUS_CLASSREP">
      <Text>Bölgesi olan tüm sehirler +1 [ICON_Amenities] Kolaylik alir.</Text>
    </Row>
    <Row Tag="LOC_GOVT_INHERENT_BONUS_MONARCHY">
      <Text>Savunma binalarina yönelik +%50 [ICON_Production] Üretim. Her duvar seviyesi için +1 [ICON_Housing] Konut.</Text>
    </Row>
    <Row Tag="LOC_GOVT_INHERENT_BONUS_THEOCRACY">
      <Text>Inanç ile kara muharebe birimleri satin alabilir. Teolojik savasta tüm birimler +5 [ICON_Religion] Dini Güç.</Text>
    </Row>
    <Row Tag="LOC_GOVT_INHERENT_BONUS_MERCHREP">
      <Text>+2 [ICON_TradeRoute] Ticaret Yollari.</Text>
    </Row>
    <Row Tag="LOC_GOVT_INHERENT_BONUS_FASCISM">
      <Text>Tüm savas birimleri +5 [ICON_Strength] Savas Gücü kazanir.</Text>
    </Row>
    <Row Tag="LOC_GOVT_INHERENT_BONUS_COMMUNISM">
      <Text>Kara birimleri +4 [ICON_Strength] Savunma Gücü kazanir.</Text>
    </Row>
    <Row Tag="LOC_GOVT_INHERENT_BONUS_DEMOCRACY">
      <Text>Büyük Insanlarin Himayesi %50 daha az Altina mal olur.</Text>
    </Row>
    <Row Tag="LOC_GOVT_ACCUMULATED_BONUS_BRIEF_CHIEFDOM">
      <Text>Bonus yok.</Text>
    </Row>
    <Row Tag="LOC_GOVT_ACCUMULATED_BONUS_BRIEF_AUTOCRACY">
      <Text>Harika üretim için bonus.</Text>
    </Row>
    <Row Tag="LOC_GOVT_ACCUMULATED_BONUS_BRIEF_OLIGARCHY">
      <Text>Savas birimleri için deneyim.</Text>
    </Row>
    <Row Tag="LOC_GOVT_ACCUMULATED_BONUS_BRIEF_CLASSREP">
      <Text>Bonus Harika Insanlar puanlari.</Text>
    </Row>
    <Row Tag="LOC_GOVT_ACCUMULATED_BONUS_BRIEF_MONARCHY">
      <Text>Bonus Etki puanlari.</Text>
    </Row>
    <Row Tag="LOC_GOVT_ACCUMULATED_BONUS_BRIEF_THEOCRACY">
      <Text>Inanç alisverislerinde indirim.</Text>
    </Row>
    <Row Tag="LOC_GOVT_ACCUMULATED_BONUS_BRIEF_MERCHREP">
      <Text>Altin alimlarinda indirim.</Text>
    </Row>
    <Row Tag="LOC_GOVT_ACCUMULATED_BONUS_BRIEF_FASCISM">
      <Text>Birim Üretimde Bonus.</Text>
    </Row>
    <Row Tag="LOC_GOVT_ACCUMULATED_BONUS_BRIEF_COMMUNISM">
      <Text>Tüm Üretime Bonus.</Text>
    </Row>
    <Row Tag="LOC_GOVT_ACCUMULATED_BONUS_BRIEF_DEMOCRACY">
      <Text>Bölge projelerinden elde edilen bonus getiriler.</Text>
    </Row>
    <Row Tag="LOC_GOVT_ACCUMULATED_BONUS_CHIEFDOM">
      <Text>Bonus yok.</Text>
    </Row>
    <Row Tag="LOC_GOVT_ACCUMULATED_BONUS_AUTOCRACY">
      <Text>Mucize [ICON_Production] Üretimine Bonus (%10, arti Standart hizda her 20 tur için %1).</Text>
    </Row>
    <Row Tag="LOC_GOVT_ACCUMULATED_BONUS_OLIGARCHY">
      <Text>Birimler için bonus savas deneyimi (%20, arti Standart hizda her 5 tur için %1).</Text>
    </Row>
    <Row Tag="LOC_GOVT_ACCUMULATED_BONUS_CLASSREP">
      <Text>Bonus [ICON_GreatPerson] Büyük Insanlar puanlari (%15, arti Standart hizda her 15 tur için %1).</Text>
    </Row>
    <Row Tag="LOC_GOVT_ACCUMULATED_BONUS_MONARCHY">
      <Text>[ICON_Envoy] Elçilere yönelik Bonus Nüfuz puanlari (%20, arti Standart hizda her 10 tur için %1).</Text>
    </Row>
    <Row Tag="LOC_GOVT_ACCUMULATED_BONUS_THEOCRACY">
      <Text>[ICON_Faith] Inanç satin alimlarinda indirim (%15, arti Standart hizda her 15 tur için %1).</Text>
    </Row>
    <Row Tag="LOC_GOVT_ACCUMULATED_BONUS_MERCHREP">
      <Text>[ICON_Gold] Altin alimlarinda indirim (%15, arti Standart hizda her 15 tur için %1).</Text>
    </Row>
    <Row Tag="LOC_GOVT_ACCUMULATED_BONUS_FASCISM">
      <Text>Birim [ICON_Production] Üretimine bonus (%20, arti Standart hizda her 10 tur için %1).</Text>
    </Row>
    <Row Tag="LOC_GOVT_ACCUMULATED_BONUS_COMMUNISM">
      <Text>Tüm [ICON_Production] Üretim için bonus (%10, arti Standart hizda her 20 tur için %1).</Text>
    </Row>
    <Row Tag="LOC_GOVT_ACCUMULATED_BONUS_DEMOCRACY">
      <Text>Bölge projelerinden elde edilen bonus getiriler (%30, arti Standart hizda her 10 tur için %1).</Text>
    </Row>
    <Row Tag="LOC_GOVT_POLICIES_NO_REMAINING_PLACED">
      <Text>Bu hükümet için daha fazla {1_policyName} belirlenemez.</Text>
    </Row>
    <Row Tag="LOC_GOVT_POLICIES_NO_TOTAL_PLACED">
      <Text>Bu hükümet altinda hiçbir {1_policyName} belirlenemez.</Text>
    </Row>
    <Row Tag="LOC_GOVT_POLICIES_REMAINING_PLACED">
      <Text>{1_Num: sayi #} {2_policyName} alanina daha fazla {1_Num : plural 1?policy  other?policies } yerlestirilebilir.</Text>
    </Row>
    <Row Tag="LOC_GOVT_POLICIES_TOTAL_PLACED">
      <Text>{1_Num: sayi #} {1_Num : plural 1?policy  other?policies } {2_policyName} alaninda ayarlanabilir.</Text>
    </Row>
    <Row Tag="LOC_GOVT_INFLUENCE_POINTS_TOWARDS_ENVOYS">
      <Text>Kazanç {1_InfluencePointRate} [ICON_Turn] Dönüs basina {1_InfluencePointRate : plural 1?point  other?points } etki. {2_InfluencePointThreshold} {2_InfluencePointThreshold : plural 1?point  other?points }'de, ([5] [ICON_Envoy] {3_EnvoysPerThreshold : plural 1?Envoy  other?Envoys } kazanin.)</Text>
    </Row>
    <!-- Policy Descriptions-->
    <Row Tag="LOC_POLICY_PLACEHOLDER_DESC">
      <Text>Yer tutucu.</Text>
    </Row>
    <Row Tag="LOC_POLICY_AESTHETICS_DESCRIPTION">
      <Text>+%100 Tiyatro Meydani bölgesi bitisiklik bonuslari.</Text>
    </Row>
    <Row Tag="LOC_POLICY_AGOGE_DESCRIPTION">
      <Text>Antik ve Klasik dönem yakin dövüs, süvari karsiti ve menzilli birimlere yönelik +%50 [ICON_Production] Üretim.</Text>
    </Row>
    <Row Tag="LOC_POLICY_ARSENAL_OF_DEMOCRACY_DESCRIPTION">
      <Text>Bir Müttefikin sehrine giden [ICON_TradeRoute] Ticaret Yollariniz her iki sehir için de +2 [ICON_Food] Gida ve +2 [ICON_Production] Üretim saglar.</Text>
    </Row>
    <Row Tag="LOC_POLICY_BASTIONS_DESCRIPTION">
      <Text>+6 Sehir [ICON_Strength] Savunma Gücü. +5 Sehir [ICON_Ranged] Menzilli Güç.</Text>
    </Row>
    <Row Tag="LOC_POLICY_CARAVANSARIES_DESCRIPTION">
      <Text>Tüm [ICON_TradeRoute] Ticaret Yollarindan +2 [ICON_Gold] Altin.</Text>
    </Row>
    <Row Tag="LOC_POLICY_CHARISMATIC_LEADER_DESCRIPTION">
      <Text>Sehir devleti kazanmaya yönelik tur basina +2 Etki puani [ICON_Envoy] Elçiler.</Text>
    </Row>
    <Row Tag="LOC_POLICY_CHIVALRY_DESCRIPTION">
      <Text>+%50 [ICON_Production] Sanayi dönemi ve öncesi agir ve hafif süvari birimlerine yönelik üretim.</Text>
    </Row>
    <Row Tag="LOC_POLICY_COLLECTIVE_ACTIVISM_DESCRIPTION">
      <Text>Suzerain'i oldugunuz sehir devleti basina +%5 [ICON_Culture] Kültür.</Text>
    </Row>
    <Row Tag="LOC_POLICY_COLLECTIVIZATION_DESCRIPTION">
      <Text>+4 [ICON_Food] Yerli gida [ICON_TradeRoute] Ticaret Yollari.</Text>
    </Row>
    <Row Tag="LOC_POLICY_COLONIAL_OFFICES_DESCRIPTION">
      <Text>Orijinal [ICON_Capital] Baskentinizin kitasinda olmayan sehirler için +%15 daha hizli büyüme.</Text>
    </Row>
    <Row Tag="LOC_POLICY_COLONIAL_TAXES_DESCRIPTION">
      <Text>Orijinal [ICON_Capital] Baskentinizin kitasinda olmayan sehirlerde +%25 [ICON_Gold] Altin.</Text>
    </Row>
    <Row Tag="LOC_POLICY_COLONIZATION_DESCRIPTION">
      <Text>Yerlesimcilere yönelik +%50 [ICON_Production] Üretim.</Text>
    </Row>
    <Row Tag="LOC_POLICY_CONSCRIPTION_DESCRIPTION">
      <Text>Birim bakimi, birim basina tur basina 1 [ICON_Gold] Altin azaltildi.</Text>
    </Row>
    <Row Tag="LOC_POLICY_CONTAINMENT_DESCRIPTION">
      <Text>Bir sehir devletine gönderdiginiz her [ICON_Envoy] Elçi, o sehir devletinin Suzerain'i sizden farkli bir hükümete sahipse iki sayilir.</Text>
    </Row>
    <Row Tag="LOC_POLICY_CORVEE_DESCRIPTION">
      <Text>Antik ve Klasik harikalara yönelik +%15 [ICON_Production] Üretim.</Text>
    </Row>
    <Row Tag="LOC_POLICY_CRAFTSMEN_DESCRIPTION">
      <Text>100 Sanayi Bölgesi bitisiklik bonuslari.</Text>
    </Row>
    <Row Tag="LOC_POLICY_CRYPTOGRAPHY_DESCRIPTION">
      <Text>Topraklarinizdaki düsman casus seviyesi 2 azaltilir. Saldiri operasyonlari için Spy seviyeniz 1 artirilir.</Text>
    </Row>
    <Row Tag="LOC_POLICY_DEFENSE_OF_MOTHERLAND_DESCRIPTION">
      <Text>Bölgenizdeki çatismalardan dolayi savas yorgunlugu yok.</Text>
    </Row>
    <Row Tag="LOC_POLICY_DIPLOMATIC_LEAGUE_DESCRIPTION">
      <Text>Her sehir devletine gönderdiginiz ilk [ICON_Envoy] Elçi, iki [ICON_Envoy] Elçi olarak sayilir.</Text>
    </Row>
    <Row Tag="LOC_POLICY_DISCIPLINE_DESCRIPTION">
      <Text>Barbarlarla savasirken +5 [ICON_Strength] Birim Savas Gücü.</Text>
    </Row>
    <Row Tag="LOC_POLICY_ECOMMERCE_DESCRIPTION">
      <Text>Uluslararasi [ICON_TradeRoute] Ticaret Yollarindan +5 [ICON_Production] Üretim ve +10 [ICON_Gold] Altin.</Text>
    </Row>
    <Row Tag="LOC_POLICY_ECONOMIC_UNION_DESCRIPTION">
      <Text>+%100 Ticari Merkez ve Liman bölgesi bitisiklik bonuslari.</Text>
    </Row>
    <Row Tag="LOC_POLICY_EXPROPRIATION_DESCRIPTION">
      <Text>Yerlesimcilere yönelik +%50 [ICON_Production] Üretim. Arsa satin alma maliyeti %20 azaltildi%.</Text>
    </Row>
    <Row Tag="LOC_POLICY_FEUDAL_CONTRACT_DESCRIPTION">
      <Text>Antik, Klasik, Ortaçag ve Rönesans dönemi yakin muharebe, anti-süvari ve menzilli birimlere yönelik +%50 [ICON_Production] Üretim.</Text>
    </Row>
    <Row Tag="LOC_POLICY_FINEST_HOUR_DESCRIPTION">
      <Text>Modern ve Atomik hava birimlerine yönelik +%50 [ICON_Production] Üretim.</Text>
    </Row>
    <Row Tag="LOC_POLICY_FIVE_YEAR_PLAN_DESCRIPTION">
      <Text>+%100 Kampüs ve Sanayi Bölgesi bölgesi bitisiklik bonuslari.</Text>
    </Row>
    <Row Tag="LOC_POLICY_FREE_MARKET_DESCRIPTION">
      <Text>Ticari Merkez bölgesi binalarindan +%100 [ICON_Gold] Altin getirisi.</Text>
    </Row>
    <Row Tag="LOC_POLICY_FRESCOES_DESCRIPTION">
      <Text>Tur basina +2 [ICON_GreatArtist] Büyük Sanatçi puani.</Text>
    </Row>
    <Row Tag="LOC_POLICY_GOD_KING_DESCRIPTION">
      <Text>[ICON_Capital] Baskentte +1 [ICON_Faith] Inanç ve +1 [ICON_Gold] Altin.</Text>
    </Row>
    <Row Tag="LOC_POLICY_GOTHIC_ARCHITECTURE_DESCRIPTION">
      <Text>Rönesans, Ortaçag, Klasik ve Antik harikalara yönelik +%15 [ICON_Production] Üretim.</Text>
    </Row>
    <Row Tag="LOC_POLICY_GRANDE_ARMEE_DESCRIPTION">
      <Text>Sanayi dönemi ve daha önceki yakin dövüs, süvari karsiti ve menzilli birimlere yönelik +%50 [ICON_Production] Üretim.</Text>
    </Row>
    <Row Tag="LOC_POLICY_GRAND_OPERA_DESCRIPTION">
      <Text>Tiyatro Meydani bölgesi binalarindan +%100 [ICON_Culture] Kültür getirisi.</Text>
    </Row>
    <Row Tag="LOC_POLICY_GUNBOAT_DIPLOMACY_DESCRIPTION">
      <Text>Tüm sehir devletleriyle Açik Sinirlar ve [ICON_Envoy] Elçi kazanmak için tur basina +4 Etki puani.</Text>
    </Row>
    <Row Tag="LOC_POLICY_HERITAGE_TOURISM_DESCRIPTION">
      <Text>[ICON_GreatWork_Landscape] Büyük Sanat Eserlerinden ve [ICON_GreatWork_Artifact] Eserlerden +%100 [ICON_Tourism] Turizm.</Text>
    </Row>
    <Row Tag="LOC_POLICY_ILKUM_DESCRIPTION">
      <Text>Insaatçilara yönelik +%30 [ICON_Production] Üretim.</Text>
    </Row>
    <Row Tag="LOC_POLICY_INSPIRATION_DESCRIPTION">
      <Text>Tur basina +2 [ICON_GreatScientist] Büyük Bilim Insani puani.</Text>
    </Row>
    <Row Tag="LOC_POLICY_INSULAE_DESCRIPTION">
      <Text>+1 [ICON_Housing] En az 2 uzmanlik bölgesi olan tüm sehirlerde konut.</Text>
    </Row>
    <Row Tag="LOC_POLICY_INTEGRATED_SPACE_CELL_DESCRIPTION">
      <Text>Bir sehrin Askeri Akademisi veya Limani varsa Uzay Yarisi projelerine +%15 [ICON_Production] Üretim.</Text>
    </Row>
    <Row Tag="LOC_POLICY_INTERNATIONAL_SPACE_AGENCY_DESCRIPTION">
      <Text>Suzerain'i oldugunuz sehir devleti basina +%5 [ICON_Science] Bilim.</Text>
    </Row>
    <Row Tag="LOC_POLICY_INTERNATIONAL_WATERS_DESCRIPTION">
      <Text>+%100 [ICON_Production] Tasiyicilar hariç tüm donanma birimlerine yönelik üretim.</Text>
    </Row>
    <Row Tag="LOC_POLICY_INVENTION_DESCRIPTION">
      <Text>Tur basina +2 [ICON_GreatEngineer] Büyük Mühendis puani.</Text>
    </Row>
    <Row Tag="LOC_POLICY_LAISSEZ_FAIRE_DESCRIPTION">
      <Text>Tur basina +4 [ICON_GreatMerchant] Büyük Tüccar puani.</Text>
    </Row>
    <Row Tag="LOC_POLICY_LAND_SURVEYORS_DESCRIPTION">
      <Text>Bir karo satin alma maliyetini 20%. azaltir</Text>
    </Row>
    <Row Tag="LOC_POLICY_LEVEE_EN_MASSE_DESCRIPTION">
      <Text>Birim bakim maliyeti birim basina tur basina 2 [ICON_Gold] Altin azaltildi.</Text>
    </Row>
    <Row Tag="LOC_POLICY_LIBERALISM_DESCRIPTION">
      <Text>+1 [ICON_Amenities] En az 2 uzmanlik bölgesine sahip tüm sehirlere uygunluk.</Text>
    </Row>
    <Row Tag="LOC_POLICY_LIGHTNING_WARFARE_DESCRIPTION">
      <Text>Tüm agir ve hafif süvari birimleri için +%50 [ICON_Production] Üretim.</Text>
    </Row>
    <Row Tag="LOC_POLICY_LIMES_DESCRIPTION">
      <Text>Savunma binalarina yönelik +%100 [ICON_Production] Üretim.</Text>
    </Row>
    <Row Tag="LOC_POLICY_LITERARY_TRADITION_DESCRIPTION">
      <Text>Tur basina +2 [ICON_GreatWriter] Büyük Yazar puani.</Text>
    </Row>
    <Row Tag="LOC_POLICY_LOGISTICS_DESCRIPTION">
      <Text>Dönüse dost bölgede baslanirsa +1 Hareket.</Text>
    </Row>
    <Row Tag="LOC_POLICY_MACHIAVELLIANISM_DESCRIPTION">
      <Text>Casuslara yönelik +%50 [ICON_Production] Üretim. Casus operasyonlari %25 daha az zaman alir.</Text>
    </Row>
    <Row Tag="LOC_POLICY_MANEUVER_DESCRIPTION">
      <Text>Antik ve Klasik dönem agir ve hafif süvari birimlerine yönelik +%50 [ICON_Production] Üretim.</Text>
    </Row>
    <Row Tag="LOC_POLICY_MARITIME_INDUSTRIES_DESCRIPTION">
      <Text>Antik ve Klasik dönem deniz birimlerine yönelik +%100 [ICON_Production] Üretim.</Text>
    </Row>
    <Row Tag="LOC_POLICY_MARKET_ECONOMY_DESCRIPTION">
      <Text>Uluslararasi [ICON_TradeRoute] Ticaret Yollariniz, varis noktasinda gelistirilmis Lüks ve Stratejik kaynak basina +1 [ICON_Gold] Altinin yani sira +2 [ICON_Culture] Kültür ve +2 [ICON_Science] Bilim saglar.</Text>
    </Row>
    <Row Tag="LOC_POLICY_MARTIAL_LAW_DESCRIPTION">
      <Text>Normalden %25 daha az savas yorgunlugu biriktirin.</Text>
    </Row>
    <Row Tag="LOC_POLICY_MEDINA_QUARTER_DESCRIPTION">
      <Text>+2 [ICON_Housing] En az 3 uzmanlik bölgesi olan tüm sehirlerde konut.</Text>
    </Row>
    <Row Tag="LOC_POLICY_MERCHANT_CONFEDERATION_DESCRIPTION">
      <Text>Sehir devletlerindeki [ICON_Envoy] Elçilerinizin her birinden +1 [ICON_Gold] Altin.</Text>
    </Row>
    <Row Tag="LOC_POLICY_MERITOCRACY_DESCRIPTION">
      <Text>Her sehir insa ettigi her uzmanlik bölgesi için +1 [ICON_Culture] Kültür alir.</Text>
    </Row>
    <Row Tag="LOC_POLICY_MILITARY_FIRST_DESCRIPTION">
      <Text>Tüm yakin dövüs, anti-süvari ve menzilli birimlere karsi +%50 [ICON_Production] Üretim.</Text>
    </Row>
    <Row Tag="LOC_POLICY_MILITARY_ORGANIZATION_DESCRIPTION">
      <Text>Tur basina +4 [ICON_GreatGeneral] Büyük General puani.</Text>
    </Row>
    <Row Tag="LOC_POLICY_MILITARY_RESEARCH_DESCRIPTION">
      <Text>Askeri Akademiler ve Limanlar +1 [ICON_Science] Bilim üretir.</Text>
    </Row>
    <Row Tag="LOC_POLICY_NATIONAL_IDENTITY_DESCRIPTION">
      <Text>Birimler yaralanma nedeniyle %50 daha az [ICON_Strength] Savas Gücü azalmasina sahiptir.</Text>
    </Row>
    <Row Tag="LOC_POLICY_NATIVE_CONQUEST_DESCRIPTION">
      <Text>Daha önceki dönemlere ait birimlere karsi kazanilan savas zaferleri, yenilen birimin [ICON_Strength] Savas Gücünün %50'sine esit [ICON_Gold] Altin saglar. (Standart Hizda)</Text>
    </Row>
    <Row Tag="LOC_POLICY_NATURAL_PHILOSOPHY_DESCRIPTION">
      <Text>+%100 Kampüs bölgesi bitisiklik bonuslari.</Text>
    </Row>
    <Row Tag="LOC_POLICY_NAVAL_INFRASTRUCTURE_DESCRIPTION">
      <Text>+%100 Liman bölgesi bitisiklik bonuslari.</Text>
    </Row>
    <Row Tag="LOC_POLICY_NAVIGATION_DESCRIPTION">
      <Text>Tur basina +2 [ICON_GreatAdmiral] Büyük Amiral puani.</Text>
    </Row>
    <Row Tag="LOC_POLICY_NEW_DEAL_DESCRIPTION">
      <Text>+4 [ICON_Housing] Konut, +2 [ICON_Amenities] Olanaklar, -8 [ICON_Gold] Altin en az 3 uzmanlik bölgesine sahip tüm sehirlere.</Text>
    </Row>
    <Row Tag="LOC_POLICY_NOBEL_PRIZE_DESCRIPTION">
      <Text>Tur basina +4 [ICON_GreatScientist] Büyük Bilim Insani puani.</Text>
    </Row>
    <Row Tag="LOC_POLICY_NUCLEAR_ESPIONAGE_DESCRIPTION">
      <Text>Tespit edilmeden bir teknoloji destegi çalan casuslar ekstra bir destek kazanir.</Text>
    </Row>
    <Row Tag="LOC_POLICY_ONLINE_COMMUNITIES_DESCRIPTION">
      <Text>[ICON_TradeRoute] Ticaret Rotasina sahip oldugunuz uygarliklara +%50 [ICON_Tourism] Turizm çiktisi.</Text>
    </Row>
    <Row Tag="LOC_POLICY_PATRIOTIC_WAR_DESCRIPTION">
      <Text>Modern, Atomik ve Bilgi çagi destek birimleri için +%100 [ICON_Production] Üretim.</Text>
    </Row>
    <Row Tag="LOC_POLICY_POLICE_STATE_DESCRIPTION">
      <Text>Topraklarinizdaki Düsman Casuslarinin seviyesi 2 azalir. Ancak tüm sehirler -1 [ICON_Amenities] Dostluga maruz kalir.</Text>
    </Row>
    <Row Tag="LOC_POLICY_PRESS_GANGS_DESCRIPTION">
      <Text>100 [ICON_Production] Sanayi dönemi ve daha önceki deniz birimlerine yönelik üretim.</Text>
    </Row>
    <Row Tag="LOC_POLICY_PROFESSIONAL_ARMY_DESCRIPTION">
      <Text>Tüm birim yükseltmelerinde %50 indirim.</Text>
    </Row>
    <Row Tag="LOC_POLICY_PROPAGANDA_DESCRIPTION">
      <Text>Normalden %25 daha az savas yorgunlugu biriktirin.</Text>
    </Row>
    <Row Tag="LOC_POLICY_PUBLIC_TRANSPORT_DESCRIPTION">
      <Text>Bir Ciftligi bir Mahalle bölgesiyle degistirirken karo Temyizi basina 50 [ICON_Gold] Altin kazanin.</Text>
    </Row>
    <Row Tag="LOC_POLICY_PUBLIC_WORKS_DESCRIPTION">
      <Text>Insaatçilar için +%30 [ICON_Production] Üretim ve yeni egitilen Insaatçilar fazladan 2 insa eylemi kazanir.</Text>
    </Row>
    <Row Tag="LOC_POLICY_RAJ_DESCRIPTION">
      <Text>Suzerain oldugunuz her sehir devletinden +2 [ICON_Science] Bilim, [ICON_Culture] Kültür, [ICON_Faith] Inanç ve [ICON_Gold] Altin.</Text>
    </Row>
    <Row Tag="LOC_POLICY_RAID_DESCRIPTION">
      <Text>Yagmalamadan elde edilen verim, yagma iyilestirmeleri için iki katina çikarilir.</Text>
    </Row>
    <Row Tag="LOC_POLICY_RATIONALISM_DESCRIPTION">
      <Text>Kampüs bölgesi binalarindan +%100 [ICON_Science] Bilim.</Text>
    </Row>
    <Row Tag="LOC_POLICY_RELIGIOUS_ORDERS_DESCRIPTION">
      <Text>Tüm Dini birimler teolojik savasta +5 [ICON_Religion] Dini Güç.</Text>
    </Row>
    <Row Tag="LOC_POLICY_RESOURCE_MANAGEMENT_DESCRIPTION">
      <Text>Bir Stratejik kaynagin 1 kopyasi, herhangi bir sehirde ona ihtiyaç duyan birimleri üretmenizi ve satin almanizi saglar.</Text>
    </Row>
    <Row Tag="LOC_POLICY_RETAINERS_DESCRIPTION">
      <Text>+1 [ICON_Amenities] Garnizonlu bir birime sahip sehirler için kolaylik.</Text>
    </Row>
    <Row Tag="LOC_POLICY_REVELATION_DESCRIPTION">
      <Text>Tur basina +2 [ICON_GreatProphet] Büyük Peygamber puani.</Text>
    </Row>
    <Row Tag="LOC_POLICY_SACK_DESCRIPTION">
      <Text>Yagmadan elde edilen verim, yagma bölgeleri için iki katina çikar.</Text>
    </Row>
    <Row Tag="LOC_POLICY_SATELLITE_BROADCASTS_DESCRIPTION">
      <Text>+200% [ICON_Tourism] Büyük Müzik Eserlerinden [ICON_GreatWork_Music] Turizm.</Text>
    </Row>
    <Row Tag="LOC_POLICY_SCRIPTURE_DESCRIPTION">
      <Text>+%100 Kutsal Alan bitisiklik bonuslari.</Text>
    </Row>
    <Row Tag="LOC_POLICY_SERFDOM_DESCRIPTION">
      <Text>Yeni egitilen Insaatçilar fazladan 2 insa eylemi kazanir.</Text>
    </Row>
    <Row Tag="LOC_POLICY_SIMULTANEUM_DESCRIPTION">
      <Text>Ciftler [ICON_Faith] Kutsal Alan bölgesi binalarindan elde edilen inanç verimi.</Text>
    </Row>
    <Row Tag="LOC_POLICY_SKYSCRAPERS_DESCRIPTION">
      <Text>Tüm harikalar için +%15 [ICON_Production] Üretim.</Text>
    </Row>
    <Row Tag="LOC_POLICY_SPORTS_MEDIA_DESCRIPTION">
      <Text>+100 Tiyatro Meydani bölgesi bitisiklik bonuslari ve Stadyumlar +1 [ICON_Amenities] Amenity üretir.</Text>
    </Row>
    <Row Tag="LOC_POLICY_STRATEGIC_AIR_FORCE_DESCRIPTION">
      <Text>Tüm hava birimlerine ve Tasiyicilara yönelik +%50 [ICON_Production] Üretim.</Text>
    </Row>
    <Row Tag="LOC_POLICY_STRATEGOS_DESCRIPTION">
      <Text>Tur basina +2 [ICON_GreatGeneral] Büyük General puani.</Text>
    </Row>
    <Row Tag="LOC_POLICY_SURVEY_DESCRIPTION">
      <Text>Kesif birimleri için çifte deneyim.</Text>
    </Row>
    <Row Tag="LOC_POLICY_SYMPHONIES_DESCRIPTION">
      <Text>Tur basina +4 [ICON_GreatMusician] Büyük Müzisyen puani.</Text>
    </Row>
    <Row Tag="LOC_POLICY_THIRD_ALTERNATIVE_DESCRIPTION">
      <Text>Her Arastirma Laboratuvari, Askeri Akademi ve Enerji Santralinden +4 [ICON_Gold] Altin.</Text>
    </Row>
    <Row Tag="LOC_POLICY_TOTAL_WAR_DESCRIPTION">
      <Text>Yagmalamadan elde edilen verim iki katina çikar.</Text>
    </Row>
    <Row Tag="LOC_POLICY_TOWN_CHARTERS_DESCRIPTION">
      <Text>+%100 Ticari Merkez bölgesi bitisiklik bonuslari.</Text>
    </Row>
    <Row Tag="LOC_POLICY_TRADE_CONFEDERATION_DESCRIPTION">
      <Text>Uluslararasi [ICON_TradeRoute] Ticaret Yollarindan +1 [ICON_Culture] Kültür ve +1 [ICON_Science] Bilim.</Text>
    </Row>
    <Row Tag="LOC_POLICY_TRAVELING_MERCHANTS_DESCRIPTION">
      <Text>Tur basina +2 [ICON_GreatMerchant] Büyük Tüccar puani.</Text>
    </Row>
    <Row Tag="LOC_POLICY_TRIANGULAR_TRADE_DESCRIPTION">
      <Text>Tüm [ICON_TradeRoute] Ticaret Yollarindan +4 [ICON_Gold] Altin ve +1 [ICON_Faith] Inanç.</Text>
    </Row>
    <Row Tag="LOC_POLICY_URBAN_PLANNING_DESCRIPTION">
      <Text>+1 [ICON_Production] Tüm sehirlerde üretim.</Text>
    </Row>
    <Row Tag="LOC_POLICY_VETERANCY_DESCRIPTION">
      <Text>Kamp bölgeleri ve o bölge için binalara yönelik +%30 [ICON_Production] Üretim.</Text>
    </Row>
    <Row Tag="LOC_POLICY_WARS_OF_RELIGION_DESCRIPTION">
      <Text>Dini olmayan bir birim baska bir Dini takip eden bir uygarlikla savastiginda +4 [ICON_Strength] Savas Gücü.</Text>
    </Row>
    <!-- Preview Text -->
    <Row Tag="LOC_GOVT_OLIGARCHY_COMBAT_BONUS_DESCRIPTION">
      <Text>+4 Oligarsi bonusu</Text>
    </Row>
    <!-- Temporary UI -->
    <Row Tag="LOC_CIVIC_STARTED">
      <Text>Civic'e dogru ilerleme basladi: {1_CivicName}</Text>
    </Row>
    <Row Tag="LOC_CIVIC_COMPLETE">
      <Text>Sivil tamamlandi: {1_CivicName}</Text>
    </Row>
  </BaseGameText>
</GameData>