﻿<?xml version="1.0" encoding="utf-8" standalone="yes"?>
<GameData xmlns:xsi="http://www.w3.org/2001/XMLSchema-instance">
  <BaseGameText>
    <Row Tag="LOC_PEDIA_DISTRICTS_PAGE_INTRO_CHAPTER_CONTENT_PARA_1">
      <Text>Civilization VI'da binalar artik sehir merkezinize hapsolmuyor, bölgelerin bir parçasi olarak topraklariniza yayilabiliyor. Önemli stratejik yerlestirme kararlariyla karsi karsiya kaldiginiz için harita her zamankinden daha önemlidir. Kampüsler ve Kutsal Alanlar, Daglarin yakinina yerlestirildiklerinde özel destekler alirlar, ancak yalnizca birincisi yakindaki bir Yagmur Ormani kaynagindan da yararlanir.</Text>
    </Row>
    <Row Tag="LOC_PEDIA_DISTRICTS_PAGE_DISTRICT_CITY_CENTER_CHAPTER_HISTORY_PARA_1">
      <Text>Bir sehrin siyasi, kültürel, tarihi, ticari ve cografi kalbi... en azindan teori böyle. Dünyanin farkli bölgelerinde, köyler kasabalara ve kasabalar sehirlere dönüstükçe, medeniyetin bu simbiyotik niteliklerinin farkli yönleri, genellikle önceden düsünülmeden vurgulanmaya baslandi. Sehir merkezinde dolasarak bir halk hakkinda çok sey ögrenilebilir. Halk nadiren sehir merkezinde yasar (gökdelenler ve apartman daireleri ortaya çikana kadar)  bunun yerine muhtesem anitlari, büyük parklari, yüksek ofisleri, gösterisli hükümet binalari ve benzerleriyle sehrin kisiliginin sergilendigi yer "sehir merkezidir". Genellikle ilk yerlesilen kismi (simdi kentsel dönüsümle düzlestirilmis basit evler) kapsar ve bu nedenle simdi genisleyen sehrin en tarihi bölgesidir.</Text>
    </Row>
    <Row Tag="LOC_PEDIA_DISTRICTS_PAGE_DISTRICT_HOLY_SITE_CHAPTER_HISTORY_PARA_1">
      <Text>Tanri güdümlü uygarliklarda, bazi sehirlerde tüm tapinaklarin, tapinaklarin, manastirlarin, sunaklarin, kiliselerin bir araya toplandigi dini "bölgelerin" gelismesi bilinmeyen bir sey degildir. Bunlar genellikle kutsal bir mekanda, bir mucizenin, vizyonun ya da vahyin gerçeklestigi yerde ortaya çikar. Kabe'yi merkez alan Islam'in en kutsal mekâni bunlardan biridir. Kudüs kutsal mekânlar için bir merkez üssüdür. Bir de Roma'nin ortasina insa edilmis kutsal bir sehir olan Roma Katolik Vatikani var. Ve halk hala Mekke'ye Hac ziyareti ya da Sihlerin Amritsar'daki Altin Tapinagi ziyaret etmek için her gün dua etmesi ya da Seçilmis Halk'in Tapinak Dagi'ni görmek için hararetli bir istek duymasi gibi bu tür yerlere hac ziyaretleri yapmaktadir.</Text>
    </Row>
    <Row Tag="LOC_PEDIA_DISTRICTS_PAGE_DISTRICT_CAMPUS_CHAPTER_HISTORY_PARA_1">
      <Text>"Kampüs" terimi Latince "alan" anlamina gelmektedir ve ilk olarak MS 1746 yilinda kurulan Princeton Üniversitesi'nin arazisine uygulanmistir  kelime o zamandan beri herhangi bir yüksek ögrenim kurumunun (ve bazen gösterisli kurumsal ofis komplekslerinin) genellikle peyzajli ortamina uygulanmaktadir. Ögrenime adanmis özel bir bölge olarak kampüs geleneginin kökleri, egitmenlerin ve ögrencilerin kendi kendini düzenleyen, manastirli bir yerlesimde birlikte yasadigi 12. Yüzyil Avrupa okullarina dayanmaktadir. Kolektif haklara ve yasal ayricaliklara sahip olan bu ilk kampüsler genellikle prensler ya da papazlar tarafindan verilen beratlarla garanti altina alinmis ve arazileri de bulunduklari sehir tarafindan "bagislanmistir".</Text>
    </Row>
    <Row Tag="LOC_PEDIA_DISTRICTS_PAGE_DISTRICT_ENCAMPMENT_CHAPTER_HISTORY_PARA_1">
      <Text>Eski bir hükümdar, sivri uçlu sopalarla silahlanmis bir grup iyi niyetli çiftçiden ziyade profesyonel bir orduya ihtiyaç duyduguna karar verdiginde, ölüm ve kargasa çikarmadiklari zamanlarda bu orduyu yerlestirecek bir yer olmasi gerekiyordu. Askerlerin siradan halkin arasina karismasi uygun olmayacagindan, birlikleri barindirmak ve egitmek için kamplar kuruldu. Genellikle tahkim edilmis, ordunun refahi için gerekli olan her seyi - kislalar, ahirlar, depolar, egitim alanlari ve benzeri - içeren bu kamplar oldukça etkileyici olabilirdi  Roma Imparatorlugu'nun zirvesinde, standart bir askeri kamp tüm bir lejyonu barindirabilir ve bakimini yapabilirdi. Aslinda, Roma yasalari ve gelenekleri herhangi bir lejyonun sehre girmesini bile yasakliyordu - Lucius Sulla lejyonlarini sehre sokup MÖ 87'de kendini diktatör ilan edene kadar fena bir fikir degildi.</Text>
    </Row>
    <Row Tag="LOC_PEDIA_DISTRICTS_PAGE_DISTRICT_HARBOR_CHAPTER_HISTORY_PARA_1">
      <Text>Güvenli siginak, firtinalardan korunmak için barinak, dinlenmek ve yenilenmek için yer, liman. Insanlar denize açilmaya baslar baslamaz limanlara duyulan ihtiyaç da belirginlesti. Ilk uygarliklar dogal limanlar aramis ve tarih genellikle bu deniz yerlesimlerinin bulundugu yerlerle tanimlanmistir. Zamanla dalgakiranlar, iskeleler, deniz duvarlari, deniz fenerleri ve çekek yerleri eklenmis ve limani açik tutmak için gerekirse deniz dibi taranmistir. Limanlar ticaretin ve deniz savaslarinin merkezi, kesiflerin baslangiç ve göçlerin bitis noktasiydi. Teknoloji gelistikçe, beton, çelik, tarama mavnalari ve pompalama istasyonlari kullanilarak tuzlu batakliklar ve gelgit düzlüklerinden olusturulan Long Beach Limani gibi modern ticaret gemilerini idare edebilecek "yapay" limanlar insa edilebildi.</Text>
    </Row>
    <Row Tag="LOC_PEDIA_DISTRICTS_PAGE_DISTRICT_AERODROME_CHAPTER_HISTORY_PARA_1">
      <Text>Havaalani, uçaklarin kalktigi ve indigi bir yerdir. Teknik olarak, Uluslararasi Sivil Havacilik Örgütü'ne göre bir "havaalani" "karada veya suda tanimlanmis bir alandir... tamamen veya kismen uçaklarin varisi, kalkisi ve yüzey hareketi için kullanilmasi amaçlanmistir." Bu tanima tam olarak uyan ilk bölge Paris'in bir banliyösü olan Viry-Châtillon'da bulunuyordu. Uçusun o ilk günlerinde, açik, nispeten düz, çimenli herhangi bir alan hizmet verebilirdi...ve verdi de. Bu da, günümüzden farkli olarak, uçaklarin rüzgâr yönüne ve hava kosullarina göre ayarlanarak herhangi bir yöne inis ve kalkis yapabilecegi ve bir rüzgâr çorabi veya bayraktan baska bir seye ihtiyaç duymayacagi anlamina geliyordu. Sonra birilerinin aklina asfalt pistler eklemek gibi zekice bir fikir geldi ve tüm bu inis ve kalkislar çok daha karmasik bir hal aldi.</Text>
    </Row>
    <Row Tag="LOC_PEDIA_DISTRICTS_PAGE_DISTRICT_COMMERCIAL_HUB_CHAPTER_HISTORY_PARA_1">
      <Text>Bir sehrin "ticari merkezi" genellikle kapitalizm ve açgözlülügün sehrin mali durumunu canlandirdigi sehir merkezindeki is bölgesini ifade eder. Burada birkaç kisiyi zengin eden ve sehrin büyümesini saglayan pazarlar, bankalar ve borsalar bulunur. Zamanla, basit bir yerel finansörler ve sirket ofisleri toplulugundan gelisen bir ticaret merkezi, "küresel bir finans merkezi" haline bile gelebilir. Bu tür küresel merkezleri siralamak için bir sistem bile var  2013 yilina kadar Londra, Küresel Finans Merkezleri Endeksi'nde en üst sirada yer alirken, bu tarihten sonra yerini New York'a birakti ve her ikisini de Hong Kong, Singapur ve Tokyo yakindan takip etti. Kâr arayisinin uygarligin evrensel bir özelligi oldugu açiktir.</Text>
    </Row>
    <Row Tag="LOC_PEDIA_DISTRICTS_PAGE_DISTRICT_ENTERTAINMENT_COMPLEX_CHAPTER_HISTORY_PARA_1">
      <Text>"Eglence" bölgesi, kentsel bir ortamda yasamanin yükünden aile dostu dikkat dagitici seyler sunar. Bazi sehirlerde eglence kompleksi müzeler, hayvanat bahçeleri ve diger egitici mekanlarla doludur  digerlerinde tiyatrolar, barlar, müzik mekanlari ve benzerlerinden olusan bir bölgedir  bazilari ise stadyumlar ve kapali arenalarla sehrin spor merkezidir. Sekli ne olursa olsun - ister Montreal'deki Quartier des Spectacles, ister Wellington'daki Te Aro Bölgesi, hatta Hamburg'daki St Pauli olsun - her medeni sehir, vatandaslarina mutluluk ve gurur veren, kirsal kesimde olmayan bir sosyal kimlik duygusu asilayan bir bölgeye sahiptir.</Text>
    </Row>
    <Row Tag="LOC_PEDIA_DISTRICTS_PAGE_DISTRICT_THEATER_CHAPTER_HISTORY_PARA_1">
      <Text>Kentli orta sinif, 19. yüzyilin sonlarinda "kültürlü" olmanin gereklerini yerine getirmeye basladikça, ayi yemi ve çiplak musta boksundan daha rafine eglenceler talep etmeye basladi. Cevap, genellikle üst sinif tarafindan himaye edilen mevcut tiyatro ve müzelerin etrafinda kümelenen tiyatro bölgeleri oldu. Böylece New York'un Broadway bölgesi, Metropolitan Opera Binasi'nin 1883'te Bati 39. Cadde ve Broadway'e tasinmasinin hemen ardindan bir dizi yeni müzikhol ve restoranin açilmasina tanik oldu. 1800'lerin basinda Londra'nin West End tiyatro bölgesi Covent Garden'daki Kraliyet Opera Binasi'ndan disariya dogru genisledi. Zamanla, tiyatro yeteneginden beslenen herkes tiyatro bölgelerinde de bulundu: kayit stüdyolari, radyo stüdyolari, menajerler, yapimcilar ve digerleri.</Text>
    </Row>
    <Row Tag="LOC_PEDIA_DISTRICTS_PAGE_DISTRICT_INDUSTRIAL_ZONE_CHAPTER_HISTORY_PARA_1">
      <Text>Bir sanayi bölgesi (bazen üstü kapali olarak sanayi "parki" olarak da adlandirilir), modern uygarlikta "agir siklet" imalat ve nakliyenin yapildigi yerdir. Sanayi Devrimi'nden çok önce, en gürültülü, kokulu ve tehlikeli atölyelerin - tabakhaneler, dökümhaneler, mezbahalar vb. - sehir duvarlarinin disinda yer alirdi. Kimse bunlarin yakininda yasamak istemiyordu. Kaçinilmaz olarak, hammaddeleri bu bölgelere tasimak ve bitmis ürünleri bu bölgelerden çikarmak için agir tasimacilik gelisti  bugün sanayi bölgeleri otoyollar, demiryollari, havaalanlari ve limanlar için baglanti noktasidir. Bölgelerle birlikte altyapi da büyüdü: depolar, enerji santralleri, su kuleleri, boru hatlari ve iletisim aglari. Ve sanayi büyüdükçe sanayi bölgeleri de büyümeye devam etti  örnegin Edmonton'in disindaki Upgrader Alley 318 kilometrekarelik (yaklasik 123 mil kare) bir alani kapsiyor.</Text>
    </Row>
    <Row Tag="LOC_PEDIA_DISTRICTS_PAGE_DISTRICT_NEIGHBORHOOD_CHAPTER_HISTORY_PARA_1">
      <Text>Bay Rogers, Büyük Kus ve Kurabiye Canavari gibi idealize edilmis bir mahallede yasiyordu. Gerçekte, mahalleler nadiren dostane degerlere, özlemlere ve kültüre sahip islevsel sosyal aglardir. Sanayi Devrimi'nin gelisiyle birlikte, ilk kez kirsal kesimden daha fazla insan sehirlerde yasamaya basladi  ulasimin sinirli ve yavas olmasi nedeniyle Londra, New York ve Berlin gibi yerlerde asiri kalabalik ve sagliksiz apartmanlar yükseldi, böylece fabrika isçileri ve ofis memurlari is yerlerine yakin olabildi. Sonra telefon ve otomobil geldi  birdenbire bu orta sinif ücretli köleler kalabalik gecekondu mahallelerinden ve gettolardan kaçip banliyölere tasinabildi. 1880'lere gelindiginde Londra, Wembley Park ve Kingsbury Garden Village gibi planli "sitelerle" çevriliydi... ve kisa süre sonra diger sanayi sehirlerinin çogu da öyle oldu.</Text>
    </Row>
    <Row Tag="LOC_PEDIA_DISTRICTS_PAGE_DISTRICT_AQUEDUCT_CHAPTER_HISTORY_PARA_1">
      <Text>Su kemerlerinin kalintilari - insan yapimi su yollari - dünyanin dört bir yanindaki antik yerlesimlerde daginik halde bulunmustur... Misir, Hindistan, Iran, Yunanistan, Azteka ve özellikle de bir zamanlar Roma topraklarinda. 415 kilometreden (yaklasik 258 mil) uzun su kemerleri Roma metropolüne içme ve banyo için tatli su getirmistir. Bu Roma su kemerleri mühendislik harikasiydi (o zamanlar düsünüldügünde) ve genellikle çatiliydi, bu nedenle vadileri ve su yollarini geçtikleri yerlerde köprü görevi de görüyorlardi. Her ne kadar su kemerlerinin tasariminda bazi saglik sorunlari olsa da (özellikle de bazen hatlarda kursun kullanilmasi), genel olarak nispeten temiz su kaynagi, bir sehre dönüsmeyi uman her kasaba için bir nimetti.</Text>
    </Row>
    <Row Tag="LOC_PEDIA_DISTRICTS_PAGE_DISTRICT_SPACEPORT_CHAPTER_HISTORY_PARA_1">
      <Text>Yildizlara açilan bir kapi olarak uzay limani (ya da kozmodrom) imgesi macera ve kesfi, uygarlik için bir sonraki "büyük siniri" çagristirir. Gerçek ise çok daha yavandir: gemiler için bir liman ya da uçaklar için bir havaalani gibi, roketlerin firlatilacagi (ve belki de sonunda inecegi) bir yer. Bunlar gibi, bir uzay limani da vinçler, yönetim binalari, kontrol merkezleri, yakit tanklari ve çalisma altyapisindan olusur. Yörüngesel, insanli firlatmalar için dünyanin ilk kalici tesisi, 1955 yilinda Sovyet askeri test alani olarak baslayan Baykonur'du. Bunun tesvikiyle ABD kisa bir süre sonra Cape Canaveral'daki Hava Kuvvetleri Füze Test Merkezini yörünge alti ve ardindan yörünge roket test uçuslarini baslatmak üzere dönüstürdü ... ve uzay yarisi basladi.</Text>
    </Row>
    <Row Tag="LOC_PEDIA_DISTRICTS_PAGE_DISTRICT_ACROPOLIS_CHAPTER_HISTORY_PARA_1">
      <Text>Antik Yunan'da akropolis, kelimenin tam anlamiyla "yukari sehir" anlamina geliyordu. Atina, Korint, Argos, Teb ve diger yerlerde de tam olarak bu anlama geliyordu - sehrin yüksek bir alana, genellikle dik yamaçli bir tepeye insa edilen ve son derece savunulabilir olan bir bölümü. Dis surlar istilacilarin eline geçerse, akropolde son bir savunma yapilabilirdi. Zamanla, birçok yerde, eski akropolis genisleyen yeni bir sehrin çekirdegi haline geldi. Yunanistan'da Arkaik Dönem boyunca, sehirler büyüdükçe ve barbarlarin tehdidi azaldikça, bu eski üst bölgeler kentsel yenilenmeye ugramis, bir zamanlar zirveyi isgal eden mütevazi evlerin, pazarlarin, kislalarin ve meydanlarin yerini tapinaklar, tiyatrolar, forumlar, saraylar, hükümet binalari ve benzerleri almistir.</Text>
    </Row>
    <Row Tag="LOC_PEDIA_DISTRICTS_PAGE_DISTRICT_BATH_CHAPTER_HISTORY_PARA_1">
      <Text>Eski Roma'da thermae'ler büyük hamam kompleksleriydi  birçok Roma villasi ve sarayinda özel, isitmali hamamlar bulunurken, thermae'ler halka açikti, rahatlamak ve temizlenmek isteyen tüm yorgun ve kirli vatandaslara açikti. Düzen Roma sehrinden Roma sehrine büyük farkliliklar gösterse de, genel olarak her birinde rahatlama ve egzersiz için bir atrium, bir caldarium (sicak banyo), bir tepidarium (ilik banyo), bir frigidarium (soguk banyo) ve ayrica apodyterium (soyunma odasi) ve benzerleri vardi. Gerçekten iyi olanlarda ayrica sudatorium (nemli buhar banyosu) ve laconium (kuru buhar banyosu) da vardi. Kadin hamamlari da en az onlar kadar özenliydi ve duvar resimleri ve mozaiklerle daha iyi dekore edilmisti. Kolezyum'da katliami izleyerek geçirilen uzun bir günün ardindan, yerel thermae'yi ziyaret etmek kadar lüks bir sey olmamaliydi.</Text>
    </Row>
    <Row Tag="LOC_PEDIA_DISTRICTS_PAGE_DISTRICT_HANSA_CHAPTER_HISTORY_PARA_1">
      <Text>Eski Fransizca'da "tüccarlar sirketi" anlamina gelen Hanse, ticaret ve tasimaciligin korunmasi ve kolaylastirilmasi için bir kasabada örgütlenmis gönüllü bir tüccarlar ve tacirler konfederasyonuydu. Baltik ve Kuzey Denizi'nin ticari limanlarinda bu imalat ve ticaret loncalari 13. yüzyilda oldukça güçlü ve etkili hale geldi ve merkezleri hansa olarak da bilinen komplekslerde yer aldi. En büyük hansa bölgeleri yalnizca rakip loncalarin idari ofislerini degil, ayni zamanda depolari, atölyeleri, pazarlari, bankalari ve kâr getirebilecek diger her seyi barindiriyordu. Bunlardan ilki, Bati Avrupa ile kuzey Rusya'nin kaynak zengini bölgeleri arasindaki ticareti kolaylastirmak için MS 1159 civarinda Lubeck'te insa edilmis gibi görünmektedir.</Text>
    </Row>
    <Row Tag="LOC_PEDIA_DISTRICTS_PAGE_DISTRICT_LAVRA_CHAPTER_HISTORY_PARA_1">
      <Text>Dogu Ortodoks geleneginde lavra (Yunanistan'daki Athos Dagi'nda veya Romanya'daki Neamț'ta bulunanlar gibi), merkezi bir kilisesi ve papaz evi olan, münzeviler için hücrelerden olusan bir manastirdir. Belki de en ünlüsü, Petersburg'daki Alexander Nevsky Lavra'dir (Ruslar kutsal bir yere bir savasçinin adini verirler) ve burada birçok seçkin ama ölü Rus gömülüdür - Nevsky'nin yani sira Euler, Suvarov, Mussorgsky, Tchaikovsky, Dostoevsky ve digerleri. Köklerinin MS 4. Yüzyilin baslarina dayandigina inanilan ilk lavra, Misir çölünde Nitria civarinda 600 kadar münzevinin yasadigi bir yerlesim yeri gibi görünmektedir. Kati Eremitik gelenekte bu münzevi kesisler, genellikle sessizlik, iffet, meditasyon ve\veya oruç yeminlerinin eslik ettigi, duaya adanmis gözlerden uzak bir yasam sürmüslerdir. Bazi inananlarin kurtulmak için ne kadar ileri gidebileceklerinin bir baska kaniti.</Text>
    </Row>
    <Row Tag="LOC_PEDIA_DISTRICTS_PAGE_DISTRICT_MBANZA_CHAPTER_HISTORY_PARA_1">
      <Text>Mbanza Kongo dilinde "sehir" ya da bazi durumlarda sadece "yerlesim yeri" anlamina gelmektedir. Portekizliler Orta Afrika'ya vardiklarinda, M'banza Kongo ticaret ve zanaat üretiminden zengin büyük bir sehirdi, ancak nüfusun çogu onu çevreleyen vadilerde yerlesim bölgelerinde yasiyordu - belki de 100 bin kisi kadar. Bu küçük kasabalarda bir pazar ve bir atölye olsa da, önemli seyler - kiliseler, saray, okullar, klinikler ve vergi daireleri - tepedeki baskentte bulunuyordu. M'banza Kongo'ya yamaçlardaki birkaç yolla bagliydilar ve bunlar bayram ve vergi günleri gibi zamanlarda oldukça kalabalik oluyordu. Tüm bunlar, ziyaretçi Francesco da Roma'ya göre MS 1648 yilinda gerçeklesmistir. Yani Kongolular medeniyete sadece banliyöyü degil, ayni zamanda "is çikis saatlerini" de kazandirmislardi.</Text>
    </Row>
    <Row Tag="LOC_PEDIA_DISTRICTS_PAGE_DISTRICT_STREET_CARNIVAL_CHAPTER_HISTORY_PARA_1">
      <Text>Pek çok sehirde sokak karnavallari düzenlenir - özellikle de Hiristiyanligin perhiz döneminde - ancak bu tür festivaller sirasinda nasil özen gösterilecegini sadece Brezilyalilar bilir. Geçit törenleri, konserler, gösteriler, maskeler ve halka açik ziyafetler (bol miktarda alkolle birlikte) kutlamalari körükler. Tiknaz postmodern sosyologlara göre, sosyal bir kurum olarak Karnaval, kent yasaminin ciddiyetinden bir soluklanmadan daha fazlasini saglamakta, sosyal düzeni tehdit eden dogal dürtülerin serbest birakilmasina hizmet etmekte ve marjinal gruplarin "anlamsiz" etkinliklerde somutlastirarak dikkatlerini sosyal çatismalara odaklamalarina olanak tanimaktadir. Bu yorumun dogrulugu ne olursa olsun, Rio de Janeiro'daki karnaval, son yillarda günde iki milyondan fazla katilimciya ev sahipligi yapan dünyanin en büyük sokak karnavalidir.</Text>
    </Row>
    <Row Tag="LOC_PEDIA_DISTRICTS_PAGE_DISTRICT_ROYAL_NAVY_DOCKYARD_CHAPTER_HISTORY_PARA_1">
      <Text>1960'larin sonlarina kadar resmi olarak "HM Kraliyet Tersaneleri" olarak adlandirilan Ingiliz Donanmasi, dünyanin dört bir yaninda, görevlendirilen gemilerinin üslenebilecegi, elden geçirilebilecegi, yeniden donatilabilecegi ve onarilabilecegi (eger denizde isler ters giderse) bir dizi tesis bulunduruyordu. Bir tersane oldugu kadar bir gemi insa tersanesi de olan bu tesislerin ilki MS 1496'da Portsmouth'ta, Ispanyol ve Fransizlarin sonraki birkaç yüzyil boyunca basini agritacak sekilde kurulmustur. Büyük Britanya sinirlari disindaki ilk tersane: 1728 yilinda Antigua'daki Ingiliz Limani'nda kurulan Kraliyet Tersanesi. Hollanda Savaslari, Napolyon Savaslari, sömürge savaslari ve iki dünya savasi boyunca Kraliyet Tersaneleri (metaforlari fazla karistirmamak kaydiyla) iyi hizmet verdi. Ancak Kraliyet Donanmasinin rolünün azalmasi ve imparatorlugun erozyona ugramasiyla birlikte, 20. Yüzyilin ikinci yarisinda açik kalan Kraliyet Tersaneleri büyük ölçüde donanma personelinin konaklama ve egitimine dönüstürülmüstür.</Text>
    </Row>
  </BaseGameText>
</GameData>