﻿<?xml version="1.0" encoding="utf-8" standalone="yes"?>
<GameData xmlns:xsi="http://www.w3.org/2001/XMLSchema-instance">
  <BaseGameText>
    <Row Tag="LOC_PEDIA_BUILDINGS_PAGE_INTRO_CHAPTER_CONTENT_PARA_1">
      <Text>Bir bölge insa edildikten sonra, binalarla doldurulabilir. Binalar, bölgelerin insa edildigi "Üretim Menüsü" araciligiyla insa edilebilir. Bazi binalarin diger binalar veya teknoloji gibi ön kosullari vardir  bu binalar Üretim menünüzde görünmeyecektir.</Text>
    </Row>
    <Row Tag="LOC_PEDIA_BUILDINGS_PAGE_BUILDING_AIRPORT_CHAPTER_HISTORY_PARA_1">
      <Text>Teknik olarak "havaalani" uçaklarin, helikopterlerin, zeplinlerin veya diger hava araçlarinin kalkis ve inis yapabildigi her türlü yerdir. Ancak yaygin kullanimda havaalani, ticari yolcu uçaklari için pistlerden, kontrol kulelerinden, hangarlardan, terminallerden, acil durum tesislerinden ve hatta park yapilarindan olusan bir komplekstir. Insanoglunun aceleci olma egilimi, havaalanlarini her sehir manzarasinin dogal bir parçasi haline getirmistir (ancak çogu ticari havaalani, gürültü ve kirlilik göz önüne alindiginda artik sehirden oldukça uzakta yer almaktadir). 1930'dan önce havaalanlarinin çogu 2000 feet'ten daha kisa pistlere sahip küçük havaalanlari ya da havaalanlariydi. 1939 yilinda New York'taki yogun La Guardia ayda yaklasik çeyrek milyon yolcu tasiyordu  havaalani yolcu trafigine iliskin en güncel istatistikler Atlanta'daki Hartsfield-Jackson'i 2011 yilinda 92 milyondan fazla yolcuyla dünyanin en islek havaalani olarak listelemektedir.</Text>
    </Row>
    <Row Tag="LOC_PEDIA_BUILDINGS_PAGE_BUILDING_AMPHITHEATER_CHAPTER_HISTORY_PARA_1">
      <Text>Ekmek ve sirkler kitleleri mutlu etmediginde, onlarin dikkatini dagitmak için her zaman tiyatro vardi. Bir amfitiyatro, performanslar, spor etkinlikleri ve halka açik konusmalar için bir mekan olarak hizmet veren bir açik hava arenasidir (terimin modern kullanimi oldukça gevsektir). Daha önce de çesitli yerlerde halka açik gösteriler yapilmis olsa da, bunlar geçici olarak sahnelenme egilimindeydi. Ancak Yunanlilar MÖ 532 civarinda oyunlar yazmaya basladiklarinda, bunlari sergilemek için küçük, açik hava yapilari (theatron adi verilen) insa ettiler  her zaman daha büyük ve daha iyisini insa etmek isteyen Romalilar ise amfitiyatroyu yarattilar. Romalilar fethettikleri tüm topraklarda bu yapilari insa ettiler, çünkü her sinir karakolu medenilesmek istiyordu. Bu uygulama imparatorluktan baska yerlere de yayildi, çünkü amfitiyatrolar oyunlarin, gladyatör ve olimpiyat oyunlarinin, dini gösterilerin, idamlarin, siyasi tartismalarin, konserlerin ve diger her türlü eglencenin sahnelenmesi için harika yerlerdi.</Text>
    </Row>
    <Row Tag="LOC_PEDIA_BUILDINGS_PAGE_BUILDING_ARENA_CHAPTER_HISTORY_PARA_1">
      <Text>Kapali bir amfi tiyatro... Latince harena'dan gelen "arena", Roma Imparatorlugu'ndaki kolezyumlarda kani emmede çok iyi olan ince bir kum. Bugünlerde spor etkinlikleri, konserler ve diger performanslari (siyasi konusmalar gibi) izlemek için arenalara gidenler tarafindan bu unutuldu. Bir arenanin en ayirt edici özelligi, performans alaninin ana mekandaki en alçak nokta olmasi ve seyirciler için oturma yerlerinin bunun etrafinda siralanmasidir. Eskiler genis alanlarin üzerini kapatmakta zorlandiklari için, medeniyetin ilk kapali arenasi olarak neyin adlandirilabilecegi bilinmemektedir, ancak ünlü Kolezyum'un seyirci alanini kapatmak için açilir kapanir tenteleri vardi. Su anda dünyanin en büyük arenasi Bocaue'deki yaklasik 55 bin kisilik Philippine Arena'dir. Ancak muhtemelen en iyi bilineni Manhattan'daki Madison Square Garden'dir, bu ismin dördüncüsü, ilk olarak 1879 yilinda P.T. Barnum'a kiralanarak açilmistir. Etkinlige bagli olarak 18 ila 20 bin kisi kapasiteli mevcut Garden, 1968 yilinda açilmis ve o zamandan beri kalp kirikliklarina ve tarihe ev sahipligi yapmistir.</Text>
    </Row>
    <Row Tag="LOC_PEDIA_BUILDINGS_PAGE_BUILDING_ARMORY_CHAPTER_HISTORY_PARA_1">
      <Text>Bir cephanelik (ya da cephanelik, bazi önemli farkliliklar olmasina ragmen terimler karistirilma egilimindedir) silahlarin ve zirhlarin üretildigi, onarildigi ve diger insanlari öldürmek için kullanilmadigi zamanlarda - yani baris zamaninda - depolandigi yerdir. Düsmanla karsi karsiya gelmeyi planlamadiklari sürece askerler genellikle silahlarini ve zirhlarini yanlarinda tasimazlar (özellikle de silahlari mizrak ve zirhlari plaka ise). Ilk cephanelikler ilk profesyonel ordulara, Sümer ve Akad ordularina kadar uzanir. O zamandan beri her daimi ordunun, belki iyi korunan basit (halkin herhangi bir silahi ele geçirmesine izin vermeyecek) bir depo ya da tüfek üreten bir üretim tesisi kadar ayrintili cephanelikleri olmustur. Silahlarin askerlerden uzakta, sehrin diger ucunda olmasi mantikli olmadigindan, cephanelik genellikle kislalarin yakinindaydi. Cephanelikler çesitli nedenlerle medeniyetin gidisatini bile sekillendirmistir: Londra Kulesi, Harper's Ferry, Kremlin Cephaneligi, Springfield Cephaneligi, Berlin'deki Zeughaus ve digerleri.</Text>
    </Row>
    <Row Tag="LOC_PEDIA_BUILDINGS_PAGE_BUILDING_BANK_CHAPTER_HISTORY_PARA_1">
      <Text>Her ne kadar daha önce de tefeciler ve hazineler olsa da (ne de olsa para medeniyetin çarklarini yaglar), bankacilik erken Rönesans Italya'sinda, Cenova, Venedik, Floransa, Siena ve Lucca gibi kuzeyin zengin sehirlerinde baslar. 14. yüzyil boyunca, zaten varlikli ve açgözlü olan Bardi, de Medici, Peruzzi, Cerchi, Gondi ve diger aileler sadece kendi sehir devletlerindeki ticari bankaciliga hakim olmakla kalmayip Avrupa'nin dört bir yaninda subeler kurdular. Halen faaliyette olan en eski banka Siena'daki Monte dei Paschi'dir ve MS 1472'den beri kesintisiz olarak faaliyet göstermektedir. Bankacilik 1600 yilina gelindiginde Kutsal Roma Imparatorlugu ve kuzey Avrupa uluslarina yayilmis ve Avrupalilar dünyayi sömürgelestirmek için yola çiktiklarinda bu uygulamayi da yanlarinda götürmüslerdir. Teknolojiyle birlikte ayrintilar önemli ölçüde degismis olsa da, bankacilik kârlarinin temelleri ayni kalmistir: çek ve tasarruf ücretleri, krediler ve kredi kartlari, döviz bozdurma, fon yönetimi vb.</Text>
    </Row>
    <Row Tag="LOC_PEDIA_BUILDINGS_PAGE_BUILDING_BARRACKS_CHAPTER_HISTORY_PARA_1">
      <Text>Milislerin evleri vardi, isleri vardi, kendilerini besler ve giydirirlerdi, sadece hükümet tarafindan çagrildiklarinda savasirlardi  profesyonel askerlerin evleri yoktu, savas onlarin isiydi ve yiyeceklerini ve sik üniformalarini hükümetten alirlardi. Yazi icat edildikten sonra profesyonel ordular mümkün oldu (krallar ve medeniyetler de dahil olmak üzere diger pek çok seyle birlikte). Evleri olmadigindan, kislalar onlari barindiriyordu... genellikle sehrin merkezine yakindi, böylece askerler iç ya da dis her türlü tehdide karsi tepki verebiliyordu. Kislalar, egitim alanlari, banyo odalari, tibbi tesisler, yemekhaneler ve jimnastik salonlari gibi olanaklarin eklendigi kalici kamplardi. Genellikle bu kislalar, sorun çikmasi ihtimaline karsi en azindan asgari düzeyde tahkim edilirdi. Ne kadar mütevazi olursa olsun, ev kalbin oldugu yerdir... bu durumda, savas.</Text>
    </Row>
    <Row Tag="LOC_PEDIA_BUILDINGS_PAGE_BUILDING_BROADCAST_CENTER_CHAPTER_HISTORY_PARA_1">
      <Text>Ticari radyo yayinlarinin baslamasindan kisa bir süre sonra ilk "yayin merkezi" insa edildi: Broadcasting House, British Broadcasting Corporation'in (dünyanin en eski ve en büyük) evi, MS 1932'de. Bir "yayin merkezi", radyo ve televizyon dalgalarini ev alicilarina göndermek ve böylece halki saatlerce pasif bir sekilde eglendirmek için kullanilan bir komplekstir (stüdyolar, ses kabinleri, antenler ve çok sayida ezoterik elektrikli ekipman). BBC, 1922 yilinda Büyük Britanya halkina egitici eglence ve bilgi saglamak amaciyla hükümet destekli bir operasyon olarak kurulmustur. Kisa bir süre sonra bir dizi Ingiliz Milletler Toplulugu ülkesi de ayni yaklasimi benimsedi. Amerikan modelinde, özel yayin sirketleri, "sponsorlara" reklam süresi satisiyla finanse edilen rekabetçi programlar sagladi. 1928 yilina gelindiginde Amerika Birlesik Devletleri'nin üç ulusal kanali vardi (ikisi NBC'ye aitti). Bu rakip (reklam gelirlerine dönüsen izleyici sayilari için) aglarin her biri elektronik çöplügü beslemek için kendi yayin merkez(ler)ini insa etti.</Text>
    </Row>
    <Row Tag="LOC_PEDIA_BUILDINGS_PAGE_BUILDING_CASTLE_CHAPTER_HISTORY_PARA_1">
      <Text>Latince castellum kelimesinden gelen kale, önemli kisileri (ve belki de onlara hizmet edenleri) düsmanlarindan korumak için tasarlanmistir. Bazen hendekler ve mottelerle, çogu zaman palisades ve baileys ve enceinte ile çevrili, genellikle isler gerçekten ters gittiginde merkezi bir kaleye sahip olan büyük kaleler, sikintili zamanlarda son siginakti. Kendilerini buraya adamis savunucular surlardan ve kulelerden saldirganlarin üzerine ölüm yagdirabilirdi... eger akillilarsa, içeridekiler açliktan ölene ve mantikli bir sekilde teslim olana kadar yigini kusatirlardi. Tarihçiler bu tür kalelerin ne zaman ortaya çiktigindan tam olarak emin degiller (pek de sasirtici degil), ancak çogu bu gelismeyi MS 9. ve 10. yüzyillarda Magyarlar, Müslümanlar ve Vikingler gibilerden korumak için lordlarin evlerinin etrafindaki duvarlarin evrimine bagliyor. Kanitlanmis Roma mühendislik teknikleri, medeniyetin bu ileri karakollarini mümkün oldugunca zapt edilemez hale getirmek için uyarlanmistir. Zamanla kraliyet, köylüler isyan etmeye basladiginda sehirlerinde de bazilarina ihtiyaç duyabileceklerine karar verdi. Yeterince ise yaradi, ta ki köylülerin barutu olana kadar.</Text>
    </Row>
    <Row Tag="LOC_PEDIA_BUILDINGS_PAGE_BUILDING_CATHEDRAL_CHAPTER_HISTORY_PARA_1">
      <Text>Italya'da her kavsakta Katolik kiliseleri varken, bazi piskoposlar her piskoposluk veya piskoposluk merkezi olarak hizmet verecek daha büyük bir seye ihtiyaç duyduklarina karar verdiler. Böylece Latince "koltuk" ya da "sandalye" anlamina gelen cathedra kelimesinden gelen katedral ortaya çikti. Katedral kavrami MS 313 yilinda, imparator Konstantin'in Hiristiyanligi kabul etmesiyle baslar  bununla birlikte Hiristiyanlik küçük bir inanç olmaktan çikip Roma'nin dini haline gelir ve piskoposlar imparatorluk genelinde yargiçlarin görevlerini ve sayginligini üstlenmeyi az çok isteyerek kabul ederler. Eski Roma yargiçlari son derece süslü bir salonda (bazilika) bulunan bir tahttan baskanlik ettikleri için, piskoposlarin (daha önce cemaatlerine baskanlik ederken hiç oturmamis olan) köylüleri Tanri'nin görkemiyle etkilemek için tasarlanmis devasa yapilar olan katedraller insa etmeye baslamalari uzun sürmedi. Sadik köylüler tarafindan "bagislanan" para, malzeme ve isçilikle insa edilen bu yapilarin yapimi genellikle bir ömür sürdü... ancak tüm uygarligin en etkileyici yapilari arasinda yer aldilar. Ilk katedral Aquileia'daki (319 civari) katedraldir ve henüz insa edilmeye devam etmektedir.</Text>
    </Row>
    <Row Tag="LOC_PEDIA_BUILDINGS_PAGE_BUILDING_DAR_E_MEHR_CHAPTER_HISTORY_PARA_1">
      <Text>Ilk olarak M.Ö. Dokuzuncu Yüzyil civarinda görülen ve 'Dar-e Mehr' olarak adlandirilan ilk Zerdüst yapilari 'Atar' ("kutsal ates") kavramiyla baglantilidir. Dar-e Mehr'in merkezindeki ates ve temiz suya tapinilmaz, bunun yerine ritüel saflik elde etmek için bir araçtir.</Text>
    </Row>
    <Row Tag="LOC_PEDIA_BUILDINGS_PAGE_BUILDING_DAR_E_MEHR_CHAPTER_HISTORY_PARA_2">
      <Text>Bir tapinak, içinde barindirdigi atesin türüne göre adlandirilirdi  en kutsali "Zafer Atesi" ya da "Atas Behram" olup kutsanmis sayilmasi için 32 rahip ve 16 kutsal kaynaktan bir yil boyunca ates yakilmasi gerekirdi.</Text>
    </Row>
    <Row Tag="LOC_PEDIA_BUILDINGS_PAGE_BUILDING_DAR_E_MEHR_CHAPTER_HISTORY_PARA_3">
      <Text>Genellikle bir tepede veya daha yüksek bir yerde insa edilen bu tapinaklarda, atasgah adi verilen bir odada ritüellestirilmis alevler bulunur. Ancak, eger inançsiz biriyseniz, atasgahi ya da içindeki alevi görmeyi beklemeyin: geleneklere göre kutsal atesi sadece inançli kisilerin görmesine izin verilir.</Text>
    </Row>
    <Row Tag="LOC_PEDIA_BUILDINGS_PAGE_BUILDING_ELECTRONICS_FACTORY_CHAPTER_HISTORY_PARA_1">
      <Text>Tüketici elektroniginin ortaya çikmasiyla birlikte, eglence, iletisim ve vakit geçirmeye yönelik her türlü alet ve edevat pazari 20. Yüzyilin sonlarinda patlamistir. Tüketici Elektronigi Dernegi, bilgisayarlardan MP3 çalarlara, hesap makinelerinden dijital kameralara kadar kisisel kullanima yönelik elektronik satislarinin 2007 yilinda 150 milyar dolari astigini tahmin etmektedir. Bu postmodern bagimliligi beslemek için, genisleyen elektronik fabrikalarinda çalisan yari vasifli isçiler, standartlastirilmis parçalari sürekli artan yeni ürün selinde bir araya getirmektedir. Bu gelgit dalgasina öncülük eden Japonya, dünyanin en büyük elektronik endüstrisine sahip olmakla birlikte, Güney Kore ve Cin de giderek daha rekabetçi hale gelmektedir. Ilk "modern" elektronik fabrikasi MS 1946 yilinda kurulan Sony tarafindan insa edilmistir. Japon mühendisler 1950'lerde transistörün, 1970 ve 1980'lerde ise yari iletkenin ticari uygulamalarina öncülük etmistir. Japonlarin minyatürlestirme ve elektronik üretimini standartlastirma alanindaki yenilikleri, fabrikalarinin tüketim alaninda simdiye kadar görülen en rekabetçi alanda en karli fabrikalar olmasini saglamistir.</Text>
    </Row>
    <Row Tag="LOC_PEDIA_BUILDINGS_PAGE_BUILDING_FACTORY_CHAPTER_HISTORY_PARA_1">
      <Text>Sanayi Devrimi uygarligin üzerine çöktü ve bir zamanlar elle yapilan her sey kisa süre içinde fabrikalarda yapilmaya baslandi... hem de büyük miktarlarda. Usta zanaatkârlarin gururla elleriyle bir seyler yaptigi atölyeler, yerlerini montaj hattina ve standartlastirilmis ürünlerin seri üretimine birakti. Ingiliz Richard Arkwright, modern fabrikanin prototipini yaratmasiyla taninir  1769'da suyla çalisan bir egirme cihazi olan "water frame "in patentini aldi ve Derbyshire'da Cromford Mill'i insa etti. Bu süreçte, vasifli isçileri (çikriklarda) daha hizli (daha düsük kalitede olsa da) daha fazla iplik üretebilen vasifsiz göçmenlerle degistirdi  aslinda Arkwright, isçileri fabrikasinda degistirilebilir bir meta haline getirdi. Cok geçmeden digerleri de bu formülü kopyaladi ve teknoloji önce buhari, ardindan da elektrigi atölyelere getirdikçe bu formül diger endüstrilere de uygulandi. Isyerinin sanayilesmesindeki son adim: Henry Ford, 1913 yilinda 93 dakikada degistirilebilir parçalar kullanarak bir Model T Ford üretebilen ilk montaj hatti ile fabrika üretiminde devrim yaratti.</Text>
    </Row>
    <Row Tag="LOC_PEDIA_BUILDINGS_PAGE_BUILDING_FILM_STUDIO_CHAPTER_HISTORY_PARA_1">
      <Text>West Orange, New Jersey'de Thomas Edison tarafindan MS 1893 yilinda insa edilen musamba kapli bir baraka olan "Black Maria" cömertçe ilk "film stüdyosu" olarak adlandirilabilir  Edison burada vodvil ve tiyatro oyuncularinin maskaraliklarini çekerek parali oyun salonlarinda, kullanilmayan tiyatrolarda ve panayir çadirlarinda halka göstermek için film kullandi. 1909'da Edwin Thanhouser eski bir buz pateni pistini kiraladi ve 1910-1917 yillari arasinda 1086 adet ticari film çekti. Bu arada Avrupa'da Pathé (Fransa), Münchner Lichtspielkunst AG (Bavyera) gibi stüdyolar. Mosfilm (Rusya) ve Ealing Studios (Ingiltere) gibi stüdyolar kuruluyordu. Ancak, açiklanamayan nedenlerden dolayi, Los Angeles ve çevresinde bir dizi stüdyo filizlendi (en iyi açiklama, dogal günes isiginin o zamanin ham film kameralari için en iyisi oldugudur), ilki 1911'de Nestor Stüdyolari'ydi. 1920'ye gelindiginde Hollywood'un banliyösünde, medeniyetin en son kaçis bagimliligini beslemek için millerce film üreten bir düzine faaliyet gösteriyordu. Film stüdyolari büyük ölçüde tarihe karismis olsa da (çogu prodüksiyon "yerinde" gerçeklestiriliyor), bazilari dünyanin garip köselerinde faaliyet göstermeye devam ediyor.</Text>
    </Row>
    <Row Tag="LOC_PEDIA_BUILDINGS_PAGE_BUILDING_GRANARY_CHAPTER_HISTORY_PARA_1">
      <Text>Ciftçilik gerçekten gelismeye basladiginda, fazla tahili farelerden, böceklerden ve diger insanlardan korumak için koyacak bir yere ihtiyaç duyuldu. Simdiye kadar ortaya çikarilan en eski tahil ambarlari Ürdün Vadisi'ndeki çanak çömlek öncesi Neolitik döneme, yaklasik MÖ 9500'e kadar uzanmaktadir. Indus Vadisi'nde ise en eskisi M.Ö. 6000'lere kadar uzanmaktadir ve Misirlilar da bu tarihlerde kötü hasatlara karsi bir önlem olarak fazla tahili "silo" çukurlarinda depolamaktaydi. Dogu Asya'da, Cin'deki Yangshao'lar MÖ 5000 civarinda Sari Nehir boyunca yükseltilmis tahil ambarlari insa ediyorlardi ve sonunda Koreliler (MÖ 1000 civari) ve Japonlar (MÖ 800 civari) da bunu anladilar. Modern zamanlarda, tahil ambarlari - diger her sey gibi - daha büyük, otomatik ve daha karmasik hale geldi  özellikle Amerika Birlesik Devletleri ve Rusya'nin zengin tarim arazileri, uygarligin kalabalik kitlelerini beslemeye yardimci olmak için devasa silolar ve tahil asansörleriyle doludur.</Text>
    </Row>
    <Row Tag="LOC_PEDIA_BUILDINGS_PAGE_BUILDING_GURDWARA_CHAPTER_HISTORY_PARA_1">
      <Text>Gurdwara ("guruya açilan kapi" anlamina gelir) bir Sih tapinagidir, ancak tüm inançlardan olanlar burada kendi tarzlarinda ibadet edebilirler. Gurdwara'da geleneksel olarak Guru Granth Sahib'in sergilendigi büyük bir salon (Darbar Sahib) ve ziyaretçilerin Sih toplulugu tarafindan sunulan ücretsiz yemeklerden yiyebilecegi bir Langar bulunur. Bu esitlikçi komplekste ayrica bir kres, kütüphane, hastane ve siniflar da bulunabilir. Ilk Sih gurusu Nanak Dev Ji, ilk gurdwara'yi MS 1521 yilinda Pencap'in Ravi Nehri kiyisinda insa etmistir... efsaneye göre öyle. Ilk gurdwaralar, inananlarin mevcut gurunun konusmasini dinlemek ve Waheguru'ya (gevsekçe "Tanri") ilahiler söylemek için toplandiklari yerlerdi. Bu tür yerlere nihayet "gurdwara" adini veren altinci Sih gurusu olmustur. Meditasyon ve kutsal kitaplarin incelenmesi Sihizm'in merkezinde yer aldigindan, gurdwara bir Sih'in "dogru" ahlaki ve ruhani gelisimi için hayati önem tasir.</Text>
    </Row>
    <Row Tag="LOC_PEDIA_BUILDINGS_PAGE_BUILDING_HANGAR_CHAPTER_HISTORY_PARA_1">
      <Text>Gemilerin rihtimlara, uçaklarin hangarlara ihtiyaci vardir. Havadan daha agir olan ilk uçaklarin hava kosullarindan korunmaya, onarima ve sürekli bakima ihtiyaç duyduklari ve tüm bunlarin en iyi ahsap ve kumastan yapilmis kavernöz yapilarin içinde yapilabilecegi kisa sürede kesfedildi (artik neredeyse tüm hangarlar metal ve betondan yapiliyor). Uçak ne kadar büyükse, hangar da o kadar büyük olmalidir  XXL hangarlar (120 metreden daha genis) dünyanin en büyük uçaklarini barindirmak için kullanilmaktadir: Airbus A380, Antonov 225 ve Boeing 747. Ancak uygarliktaki en büyük hangarlar, Lakehurst'te (Hindenburg felaketinin yasandigi yer) bulunan ABD Donanmasi'nin Hangar 1'i gibi zeplinler ve zeplinler için insa edilen hangarlardi. S'den XXL'e, hangarlar bu hizli çagda askeri havaalanlarinin ve sivil havaalanlarinin operasyonlari için hayati önem tasimaktadir (bu nedenle hangarlar her modern savasta baslica hedeflerdir).</Text>
    </Row>
    <Row Tag="LOC_PEDIA_BUILDINGS_PAGE_BUILDING_LIBRARY_CHAPTER_HISTORY_PARA_1">
      <Text>Okuryazarlik uygarligi etkisi altina aldiginda, okuma materyallerinin (kitaplar, süreli yayinlar, haritalar, gazeteler, parsömenler, tabletler, her türden belgeler) tek bir yerde toplanmasi kaçinilmazdi - bir kütüphane. Ilk kütüphaneler, yaklasik M.Ö. 2600'lere tarihlenen Sümer kütüphaneleri, çivi yazisiyla kapli kil tabletlerden olusan arsivlerdi. Ninova'daki Ashurbanipal Kütüphanesi'nde Gilgamis Destani da dahil olmak üzere 30 binden fazla kil tablet ortaya çikarilmistir. Iskenderiye Kütüphanesi klasik dünyanin en büyük ve en önemli kütüphanesiydi, ancak yakildi - çogu büyük kütüphanenin ugradigi bir kader gibi görünüyor. Avrupa Karanlik Cag'a sürüklenirken, kütüphaneler, kâgit yapimini gelistirerek bilinen dünyadan metinler edinmelerine önemli ölçüde yardimci olan Müslüman Araplar döneminde gelisti. Bu tarihi kütüphanelerin birçogu herkese açik olsa da, ücretsiz halk kütüphanelerinin temeli 1850 tarihli Ingiliz Halk Kütüphaneleri Yasasi ile atilmistir ve bu yasa, düsük dogum oranlarina bakilmaksizin okur-yazarlar (1870'te yaklasik %76) için bir nimet olmustur.</Text>
    </Row>
    <Row Tag="LOC_PEDIA_BUILDINGS_PAGE_BUILDING_LIGHTHOUSE_CHAPTER_HISTORY_PARA_1">
      <Text>Deniz tehlikeli bir yerdir  dikkatsiz bir gemiyi felakete sürüklemek için bekleyen sigliklar, kayaliklar ve kayaliklarla doludur. Ve yorgun mürettebat güvenli bir liman bulmakta zorlanabilir. Bu nedenle, antik çagda, insanlar denize açilmaya basladiktan kisa bir süre sonra, gemiyi tehlikeden uzaklastirip limana yönlendirmek için isaret atesleri yakildi  bu tür isaret atesleri yükseltilirse daha da görünür olacagindan, ilk denizci uygarliklar tarafindan burunlar üzerine "deniz fenerleri" insa edilmeye baslandi. Bunlarin en ünlüsü, bir zamanlar dünyanin en islek limani olan Iskenderiye'de gemilere yol gösteren Pharos'tur. O zamandan bu yana geçen iki bin yil boyunca, denizcilerin bogulmamasi ve yüklerin kaybolmamasi için ihtiyaç duyulan her yerde deniz fenerleri insa edildi. Tas, ahsap ve tugla yerini çelik ve beton konstrüksiyona, ates yerini ark lambalarina birakti ama prensip ayni kaldi.</Text>
    </Row>
    <Row Tag="LOC_PEDIA_BUILDINGS_PAGE_BUILDING_MADRASA_CHAPTER_HISTORY_PARA_1">
      <Text>Medrese (Arapça'da medrese veya Türkçe'de medrese), genellikle dini bir bileseni olmasina ragmen laik bir egitim kurumudur. Medreseler tip, hukuk, bilim, felsefe, din veya kadinlarin egitimi konularinda uzmanlasirdi. Bazilari da mantik, dünya tarihi, yabanci diller, matematik, sanat ve karsilastirmali edebiyat ögretirdi. Ilk medrese olan Gama'at al-Qarawiyyn, zengin bir tüccarin kizi olan Fatima al-Fihri tarafindan MS 859 yilinda kurulmustur. Fatimi, Eyyubi ve Memlük hanedanlarinin yönetimi sirasinda, yönetici, zengin elitlerin medreselere sponsor olma uygulamasi Misir ve Orta Dogu'ya yayildi. Ilk Osmanli medresesi 1331 yilinda Iznik'te kuruldu ve Sünni Islam geleneklerini takip etti. Türklerin ve Araplarin medreseleri, Avrupa Karanlik Cag'da tökezlerken, Klasik bilginin en iyilerini canli tutacak ve kendi icatlariyla üzerine insa edecekti.</Text>
    </Row>
    <Row Tag="LOC_PEDIA_BUILDINGS_PAGE_BUILDING_MARKET_CHAPTER_HISTORY_PARA_1">
      <Text>Ister çarsi (Arapça), ister pazar (Farsça), ister mercado (Ispanyolca) ya da palengke (Filipince) olarak adlandirilsin, pazarlar çiftçilerin ürün fazlasi oldugundan ve tüccarlarin kasaba halkina satacak mallari oldugundan beri var olmustur. Ilkel pazarlar takas sistemiyle isliyor olsa da, pazarlari kârli ve aslinda medeniyet için vazgeçilmez kilan sey yazinin ve madeni paranin gelisi olmustur. Pazarlar, hem ulasim merkezleri hem de tüketim merkezleri olan sehirlerde, hatta bu sehirler alisilmisin disinda olsa bile bulunuyordu. Teb, Babil, Atina, Roma, Bangkok, Marakes, Londra ve Delhi'deki pazar yerleri, her yerde ve her zaman egzotik, yenilikçi ve gündelik olani satisa sunmustur. Sekilleri ve tarzlari önemli ölçüde farklilik gösterebilir - yüzen pazarlar, kapali pazarlar, sokak pazarlari, gece pazarlari, pazar meydanlari, sonsuza kadar - ancak amaç aynidir: tezgah sahipleri için kar elde etmek.</Text>
    </Row>
    <Row Tag="LOC_PEDIA_BUILDINGS_PAGE_BUILDING_MEETING_HOUSE_CHAPTER_HISTORY_PARA_1">
      <Text>Katolik Kilisesi'nin görkemli katedral ve kiliselerine karsi Protestanlar ibadetin ciddi ve sanattan uzak olmasi gerektigini düsünüyorlardi. Bu nedenle bazi Cemaatçiler yerel kaynaklardan (genellikle ahsap ve tas) insa edilen sade, süssüz binalar olan toplanti evlerinde ibadet ediyorlardi. Yeni Dünya'da, Protestan kolonilerinin çogunun sosyal ve kültürel merkezi, yerlesimciler için hem ibadet hem de kamusal söylem yeri olarak hizmet veren toplanti eviydi. Birçok erken dönem Quaker, Mennonite, Unitarian, Puritan, Baptist ve diger dindar tipler için toplanti evi ayni zamanda siyasi tartismalarin, oylamalarin ve kararlarin alindigi fiili belediye binasi olarak da hizmet vermistir. Tüm Atlantik kiyisi kolonileri boyunca, yükselen ilk kamu binasi tipik olarak toplanti eviydi. Yeni Birlesik Devletler'de kilise ve devletin ayrilmasi yaygin bir ilke haline geldiginde, bu toplanti evlerinin hepsi belediye binalarina dönüstürüldü.</Text>
    </Row>
    <Row Tag="LOC_PEDIA_BUILDINGS_PAGE_BUILDING_MILITARY_ACADEMY_CHAPTER_HISTORY_PARA_1">
      <Text>Eger bir uygarlik profesyonel bir orduya sahip olacaksa, onu yönetecek profesyonellere ihtiyaç duyar. (Bu, pahali ordunun her halükarda bosa gitmemesine yardimci olur ama kesinlikle garanti etmez). Bir askeri akademi, savas "sanatinda" subay yetistirmeye adanmis bir "yüksek" ögrenim kurumudur. Avrupa'da ilk askeri akademiler 1700'lerin basinda (en eskisi, 1720'de Woolwich'teki Kraliyet Askeri Akademisi) mühendisler ve topçular gibi ordunun "teknik" dallarinda subay yetistirmek üzere kurulmustur. Fransa'da, genel askeri egitim veren ilk okul olan École Royale Militaire 1751 yilinda kurulmustur. Bir nesil içinde Prusya, Rusya, Avusturya, Isveç ve daha küçük Avrupa devletlerinin çogu subay yetistiren askeri akademilere sahip oldu. Ve neden erkek çocuklara da savas yöntemlerini ögretmeye baslamayalim ki, Birlesik Krallik'ta (Welbeck Koleji gibi), Fransa'da (örnegin Saint-Cyr), Amerika Birlesik Devletleri'nde (Valley Forge Askeri Akademisi ve digerleri), Rusya'da (Suvorov Askeri Okullari) ve baska yerlerde üniversite öncesi ögrenciler için özel yatili okullar kuruldu.</Text>
    </Row>
    <Row Tag="LOC_PEDIA_BUILDINGS_PAGE_BUILDING_MONUMENT_CHAPTER_HISTORY_PARA_1">
      <Text>Insanlar unutkan bir tür olduklari için - ya da belki de sadece egoist olduklari için - her türlü seyi anmak için anitlar dikerler - "önemli" insanlar, olaylar, askeri zaferler, tanrilar ve hatta kurgusal karakterler (Kensington Gardens'daki Peter Pan aniti gibi). Bu anitlari özellikle sehirlerin ortasina dikmeyi seviyorlar, böylece herkes onlari görmek ve etraflarinda yürümek ya da araba kullanmak zorunda kaliyor. Anitlar her sekil ve boyutta, güzel ve korkunçtur. Zafer taklari, sütunlar, dikilitaslar, anitlar ve mezar anitlari hemen hemen her büyük kent metropolünde bulunabilir ve sözde kent sakinlerine vatandaslik ve ulusal gurur asilar. Ya da, genellikle oldugu gibi, güvercinler için yuva yerleri ve turist fotograflari için taninabilir arka planlar olarak hizmet ederler.</Text>
    </Row>
    <Row Tag="LOC_PEDIA_BUILDINGS_PAGE_BUILDING_MOSQUE_CHAPTER_HISTORY_PARA_1">
      <Text>Islam fikhinda bir binanin cami olabilmesi için kati gereklilikler ve standartlar vardir ve bunlari karsilamayan ibadet yerleri yalnizca musalladir ("toplanma evleri"). Seriat hukukuna göre, bir cami resmi olarak kutsal bir yer olarak belirlendiginde, Kiyamet Günü'ne (Yawm ad-Din) kadar öyle kalir. Dünyanin en eski ve en büyük camisi olan Mescid-i Haram, MS 638 yilinda Mekke sehrinde insa edilmistir  Islam'daki tüm mekânlarin en kutsali olan Kâbe'nin kutsal alanini kapsamaktadir. Peygamber'in kendisi de basta Medine'deki cami olmak üzere baska camiler insa etmistir. Oradan, kendine özgü kubbeleri, minareleri ve bir imam tarafindan yönetilen ibadet salonlariyla camiler, 7. Yüzyil boyunca Arabistan, Orta Dogu ve Kuzey Afrika'ya inananlarin kiliçlariyla tasindi. Uzak Dogu'da insa edilen ilk caminin - Xi'an'daki - 8. Yüzyilin ortalarina ait oldugu bildirilmektedir. Bir dua, hayir ve ögrenim mekâni olan cami, Islam medeniyetinin fiziksel kalbidir.</Text>
    </Row>
    <Row Tag="LOC_PEDIA_BUILDINGS_PAGE_BUILDING_MUSEUM_ART_CHAPTER_HISTORY_PARA_1">
      <Text>Sanat müzeleri (veya sanat galerileri), kitleleri egitmek ve yüceltmek amaciyla sanat eserlerine ev sahipligi yapan - genellikle vergiler seklinde halk tarafindan ödenen - kamusal alanlardir. Sanat eserleri pek çok sekilde olabilir: resimler, eskizler, heykeller, seramikler, metal isleri, baskilar ve hatta artik videolar. Belki de yüksek kültürü halka ulastirmaya yönelik bu türden ilk çaba MS 1671 yilinda Basel'deki Amerbach-Cabinet'te (simdiki Kunstmuseum) gerçeklesmistir. Ancak halkin egitimi için bu tür koleksiyonlarin olusturulmasi fikri, Capitoline, Vatikan ve Uffizi gibi galerilerin kurulmasiyla Rönesans döneminde gerçekten ortaya çikmistir. 1700'lerde baska bir ikonik koleksiyon dalgasi açildi: Hermitage, Prado, Louvre ve 1773'te ilk Amerikan müzesi olan Charleston Müzesi. Louvre 1793 yilinda, Fransiz Devrimi'nden kisa bir süre sonra, kraliyet sanat koleksiyonunun halkin mali ilan edilmesiyle kuruldu ve sanati zenginlerin elinden alip halkin aval aval bakmasi için zevkli bir sekilde sergileme egilimini baslatti.</Text>
    </Row>
    <Row Tag="LOC_PEDIA_BUILDINGS_PAGE_BUILDING_MUSEUM_ARTIFACT_CHAPTER_HISTORY_PARA_1">
      <Text>Insanlar çok fazla çöp üretir. Ayrica eski hurdalara da hayranlik duyarlar ve bu yüzden müzeler yaratirlar. Müze, uygarligin en degerli esyalarini halkin görmesi için tutmak üzere tasarlanmis bir binadir. Sanat koleksiyonlari içeren müzeler oldugu gibi fosillerin, tarihi ilgi alanlarinin ya da popüler kültür meraklarinin sergilendigi müzeler de vardir. Ayrica kostümler, mücevherler, silahlar, aletler ya da salonlarindan geçen insanlarin ilgisini çekebilecek hemen her seyi barindiran müzeler de vardir. Bilinen en eski koleksiyon, M.Ö. 530'larda Ennigaldi-Nanna'nin Müzesi'nde sergilenmistir ve bu müzede sergilenen esyalarin etiketlenmesine yetecek kadar ziyaretçi bulunmaktadir (arkeologlar için bu harabenin bir müze olduguna dair bir ipucu). Ancak halkin egitimi için bu tür koleksiyonlar olusturma fikri, Aydinlanma döneminde Londra Kulesi'ndeki Kraliyet Cephanelikleri, Besancon'daki Musée des Beaux-Arts et d'Archeologie ve St. Bu ve diger müzeler artik neredeyse sergiledikleri hurdalar kadar tarihidir.</Text>
    </Row>
    <Row Tag="LOC_PEDIA_BUILDINGS_PAGE_BUILDING_PAGODA_CHAPTER_HISTORY_PARA_1">
      <Text>Teknik olarak "pagoda" bir binadan ziyade bir yapi tarzidir - sarkan saçakli katmanli bir kule - ancak aydinlanmamis olanlar için Uzak Dogu'da çogunlukla Budist ama ayni zamanda Taoist, Sinto ve Konfüçyüsçü dini yapilar için genel bir terim haline gelmistir. Pagoda yapisinin kökeni M.Ö. 3. Yüzyil Nepal stupalarina kadar uzanmaktadir. Buradan Cin ve Dogu Asya'ya yayilan mimari tarz, Budistlerin kutsal emanetleri ve metinleri barindiran binalari için benimsenmistir. Budist misyonerler, hacilar ve rahipler için bu pagodalar, Gautama Buddha'nin öne çikan ve bolca bulunan resimleriyle inançlarinin yeryüzündeki merkezleri haline gelmistir. Yapi malzemeleri ve dekorasyon, süssüzden süslüye, bölgeden bölgeye ve inançtan inanca büyük çesitlilik göstermistir. Ancak pagodalar geleneksel olarak tek sayida kata sahiptir, bunun dikkate deger istisnasi Sir William Chambers tarafindan 1762'de Londra'daki Kew Gardens'a dikilen ve Ingilizler tarafindan zekice oldugu düsünülen 163 metrelik "pagoda çilginligi "dir.</Text>
    </Row>
    <Row Tag="LOC_PEDIA_BUILDINGS_PAGE_BUILDING_PALACE_CHAPTER_HISTORY_PARA_1">
      <Text>Bir kabile reisi kral olmayi basarir basarmaz, ihtisam hayalleri kurmaya basladi  herkes gibi bir kulübede yasamak olmazdi. Saray, bir uygarligin hükümdarinin ikamet ettigi yerdir. Bu terim biraz anakroniktir, çünkü günümüzde her türlü seye "saray" denmektedir, hatta kumar kumarhanelerine bile. Su anda çogu hükümdar "Beyaz Saray" veya "Hükümet Konagi" gibi isimler verilen süslü binalarda yasamaktadir, ancak etki aynidir. Saraylar (ve modern muadilleri) üç sey için tasarlanmistir: hükümdarin yönetmek için gerekli insanlara ve iletisime erisimini saglamak, lideri saldirilardan korumak ve tebaaya ve yabanci ziyaretçilere liderin önemini ve sasirtici kibrini etkilemek.</Text>
    </Row>
    <Row Tag="LOC_PEDIA_BUILDINGS_PAGE_BUILDING_POWER_PLANT_CHAPTER_HISTORY_PARA_1">
      <Text>Bir enerji santralinin (ya da elektrik santrali, üretim tesisi ya da elektrik santrali) tek amaci - ister hidro, nükleer, günes, fosil yakit, gelgit ya da baska bir sey olsun - uygarligin son 160 yilda gelistirdigi doymak bilmez elektrik istahini doyurmaktir. Biçimi ne olursa olsun, prensip aynidir: bir enerji türünü digerine dönüstürerek insanlarin rahat etmesini saglamak. Ilk elektrik santrali Baron William Armstrong tarafindan MS 1868'de (bilim adamlari hala laboratuarlarda elektrikle oynarken) Cragside'da tasarlandi ve insa edildi  dinamolari döndürmek için bir gölden gelen su kullanildi ve elde edilen elektrik, yakindaki mülklerinde isiklara, isitmaya, sicak su isiticilarina, bir asansöre ve diger garip cihazlara güç sagladi. Ocak 1882'de Londra'da ilk kamu elektrik santrali faaliyete geçti ve Eylül ayinda New York'ta Pearl Street Istasyonu asagi Manhattan'a elektrik saglayarak faaliyete basladi. Pearl Street Istasyonu 1890'da yanmis olsa da artik çok geçti - insanlar elektrik isigina baglanmisti ve su anda sadece Amerika Birlesik Devletleri'nde 7300'den fazla elektrik santrali faaliyet gösteriyor.</Text>
    </Row>
    <Row Tag="LOC_PEDIA_BUILDINGS_PAGE_BUILDING_RESEARCH_LAB_CHAPTER_HISTORY_PARA_1">
      <Text>Bir arastirma laboratuvari, tip, fizik, kimya, robotik, temiz enerji veya TV reklamlari için yeni ürünler gibi bir konunun ileri düzeyde incelenmesine adanmis bir enstitüdür. Bu tür laboratuarlar kamu tarafindan finanse edilebilir ya da kar pesinde kosan zengin sirketler tarafindan isletilebilir  arastirma laboratuarlari üniversitelere bagli olabilir ya da akademik sinirlardan ve etikten bagimsiz olabilirler. "Verimli" arastirma laboratuvarlarinin her disiplindeki arastirmanin gelecegi oldugu oldukça açiktir. Medeniyetin dünyayi kavrayisi ilerledikçe, kendini isine adamis bilim insaninin bodrumunda tek basina çalisip "Eureka!" diye bagirdigi günler geride kaldi. Dogal dünya hakkinda ne tür bir anlayis kazanirsak kazanalim, hangi yeni teknolojik oyuncak dikkatimizi çekerse çeksin, günlük hayatimizda ne tür bir gelisme olursa olsun, hangi dehset ortaya çikarsa çiksin, ister büyük (CERN'in Büyük Hadron Carpistiricisi) ister küçük (bilgisayar simülasyon modellemesi) olsun, muhtemelen bir arastirma laboratuvarindan çikacaktir.</Text>
    </Row>
    <Row Tag="LOC_PEDIA_BUILDINGS_PAGE_BUILDING_SEAPORT_CHAPTER_HISTORY_PARA_1">
      <Text>Antik limanlarin yerleri kara ya da nehir yollarina erisimi optimize etmek, demirli gemileri korumak ve liman ücretlerini en üst düzeye çikarmak için seçilmistir - Qin Cin'indeki Guangzhou, Atina için Pire, Misir'da Canopus ve Iskenderiye, Harappa için Lothal, Roma'nin Ostia Antica'si. Bir limandan çok daha fazlasi olan bir liman, denizde giden gemiler ve mürettebatlari için gerekli olan her seyi sunuyordu: halat ve marangoz atölyeleri, rihtimlar ve kizaklar, barlar ve genelevler, depolar vs. Avrupa'nin limanlari, dünyanin kesfi ve sömürgelestirilmesi için firlatma noktalari ve askeri tarihte öne çikan deniz üsleriydi. Ticari imparatorluklar, limanlarinin kaderine bagli olarak yükseldi ve çöktü: Fenike, Srivijaya, Portekiz ve digerleri. Denizlere bakan limanlara kiyasla daha az yaygin olsa da New Orleans ya da Kalküta gibi iç limanlar genis bölgelerin okyanuslara erisimini sagliyordu. Bugün dünyanin büyük limanlari - Port Said, Hamburg, Sangay, Melbourne, Santos, Hong Kong, Los Angeles ve Vancouver bunlardan birkaçi - bir vinç ormani, bir karayolu ve demiryolu labirenti, bir depolar ve depolama tanklari sehridir ve hepsi de ihracat ve ithalattan kar elde etmeye adanmistir.</Text>
    </Row>
    <Row Tag="LOC_PEDIA_BUILDINGS_PAGE_BUILDING_SEWER_CHAPTER_HISTORY_PARA_1">
      <Text>Bir yere yeterince insan ve hayvan koyun, sokaklari asfaltlayin, yagmur yagsin... ve bir kanalizasyon sistemine ihtiyaç oldugu ortaya çiksin. En azindan Hintliler için öyleydi  arkeologlar tarafindan ortaya çikarilan en eski üstü kapali kanalizasyonlar Indus Vadisi uygarliginin kalintilarinda bulundu. Atik su ve kanalizasyonun nereye akitilacagi her zaman bir sorun olmustur  antik Roma'da bir mühendislik harikasi olarak kabul edilen büyük Cloaca Maxima, Tiber Nehri'ne bosaliyordu (umarim sehrin içme suyunun elde edildigi nehrin asagisinda). Birçok yerde dogal bir su yolunun üzeri kapatilarak kanalizasyon sistemi olarak kullanilmistir  Londra'daki River Fleet bunlardan biridir. Sanayi Devrimi'nin gelisi ve sehirlerin hizla büyümesiyle birlikte, 19. Yüzyilin baslarinda birçok insaat mühendisi entegre, amaca yönelik su ve kanalizasyon sistemlerinin insasini tesvik etti. 1858'de Londra'da yasanan "Büyük Koku", Parlamento tarafindan finanse edilen ilk "modern" kanalizasyon sistemiyle sonuçlandi ve o zamandan bu yana tüm kanalizasyon yeniliklerinin temelini olusturdu.</Text>
    </Row>
    <Row Tag="LOC_PEDIA_BUILDINGS_PAGE_BUILDING_SHIPYARD_CHAPTER_HISTORY_PARA_1">
      <Text>Bilinen en eski tersaneler - MÖ 2400'lere tarihlenen - Hindistan'in Gujarat eyaletindeki Lothal kalintilarinda bulunmustur. Naupactus Yunanca'da "tersane" anlamina gelir  bu antik kentin savas gemileri insa etmesiyle taninmasi sasirtici degildir. Imparatorluk olma iddiasindaki her ulusun tersaneleri vardi. Gemiler seri olarak üretilen ilk seylerden biriydi  harikulade Sanayi Devrimi'nden yüzyillar önce, Venedik'teki Arsenal, bir montaj hattinda önceden üretilmis ve standartlastirilmis parçalar kullanarak bir günde bir ticaret veya savas gemisi üretebiliyordu. Demir ve çelik gemilerin ortaya çikmasiyla birlikte tersaneler her zamankinden daha fazla fabrikaya dönüstü ve okyanusta giden en büyük gemileri insa etmek için devasa kuru havuzlar kuruldu... ancak bu bir günden daha uzun sürdü. Belfast'taki genis Harland &amp; Wolff tersanesinde, RMS Titanic'in temelleri Mart 1909'da atildi ancak Mayis 1911'e kadar denize indirilemedi  geminin tamamlanmasina ve kaderini belirleyecek ilk yolculuguna daha yaklasik bir yil vardi.</Text>
    </Row>
    <Row Tag="LOC_PEDIA_BUILDINGS_PAGE_BUILDING_SHRINE_CHAPTER_HISTORY_PARA_1">
      <Text>Bir tanriyi (veya tanriçayi) yatistirmak için bir tapinak insa edin. Ister basit olsun - bir akarsuyun yanindaki orman açikliginda büyük bir kaya - isterse ayrintili olsun - yükselen kemerler ve yivli sütunlardan olusan mermer bir yapi - amaç aynidir: inananlarin hac ziyaretleri ve adaklar sunacaklari bir yer. Kaçinilmaz olarak bir peygamberin (ya da belki sadece bir azizin) mucize gösterdigi, vahiy aldigi, kitlelere konustugu ya da bir tür cennete yükseldigi yer olan uygarligin manzarasi mabetlerle doludur. Bu kutsal yerler hemen hemen her dinin temelini olusturur, ancak genellikle yeni bir din bölgeyi ele geçirdiginde ve yeni bir tanrinin yatistirilmasi gerektiginde yikilir.</Text>
    </Row>
    <Row Tag="LOC_PEDIA_BUILDINGS_PAGE_BUILDING_STABLE_CHAPTER_HISTORY_PARA_1">
      <Text>Kislalar süvari askerleri için neyse, ahirlar da binekleri için oydu. Gerçekten de ordunun atlari ve katirlari genellikle onlara bakan köylülerden daha iyi durumdaydi. Cogu yerde ahirlar, Imparatorluk Roma turmasindan Britanya Hanedan Süvarileri'ne kadar süvari birliginin kislalarini da kapsiyordu. Ahirlara, yemliklere, yem depolarina, seyislerin odalarina (atlarla birlikte uyumadiklari sürece) ek olarak, askeri ahirlar ayni zamanda egitim ve talim için genis muhafazalar sagliyordu ve tabii ki veterinerlerin odalari da vardi. Zamanla, Ingiltere gibi bazi yerlerde "ahir" terimi bir süvari alayinin karargâhi anlamina bile gelmeye basladi. Ülkedeki askeri ahirlarin yani sira, hükümdarin kisisel bineklerinin ve arabalarinin tutuldugu kraliyet ahirlari ve konaklari da vardi  bunlarin içinde genellikle bir tür atli kraliyet muhafizi bulunurdu. Günümüzde çogu süvari ahirinin yerini daha az göz alici olan "motor havuzlari" almistir.</Text>
    </Row>
    <Row Tag="LOC_PEDIA_BUILDINGS_PAGE_BUILDING_STADIUM_CHAPTER_HISTORY_PARA_1">
      <Text>Stadyum, daha genis atistirmalik seçenekleri ve daha fazla tuvaleti ile kolezyumun daha iyi bir versiyonudur. Spor müsabakalarina adanmis bir açik hava mekâni olan bilinen en eski stadyum, bati Mora Yarimadasi'ndaydi ve ilk olarak MÖ 776'da düzenlenen antik Olimpiyat Oyunlari'nin yapildigi yerdi. Yunan ve Roma stadyumlari, rekabet kültürlerinin bir kaniti olarak birçok sehrin kalintilarinda bulunmustur. Viktorya Cagi'nda bos zamanlarin artmasi ve organize sporlarin popülerlesmesiyle - özellikle Avrupa'da futbol (medeni olmayanlar için futbol) ve Amerika'da beyzbol - stadyumlar dünya çapinda büyük bir hizla insa edilmeye baslandi. Bu endüstriyel çag stadyumlarinin çogu, Dublin'deki Lansdowne Road (1872-2006) veya Boston'daki South End Grounds (1871-1914) gibi ahsaptan insa edilmisti. Günümüzde modern beton ve çelik stadyumlar bir spor karsilasmasi, rock konseri ya da siyasi miting için 100 binden fazla çiglik atan, igrenç taraftari agirlayabilmektedir.</Text>
    </Row>
    <Row Tag="LOC_PEDIA_BUILDINGS_PAGE_BUILDING_STAR_FORT_CHAPTER_HISTORY_PARA_1">
      <Text>Toplar savasa girdiginde, o eski, yüksek, düz sehir duvarlari pek iyi dayanamadi. Rönesans döneminde Italya'da yasanan amansiz savaslar sayesinde, buradaki askeri mühendisler MS 15. Yüzyilin ortalarinda "yildiz kaleyi" (daha dogru bir ifadeyle trace italienne) tasarladilar. Bir yildiz kalenin tasarimi herhangi bir taslaktan anlasilabilir: düz, alçak ve kalin ve egimli duvarli bir yapi, birbirlerine koruma atesi saglayacak sekilde yerlestirilmis birçok üçgen burçtan olusur, hepsi gülleleri saptirmak için bir glacis ve piyadeleri caydirmak için bir hendekle çevrilidir. Yildiz kaleler Michelangelo tarafindan Floransa için yaptigi savunma tasarimlarinda kullanilmis ve daha sonra bu kavramlar mühendis Peruzzi (Siena için) ve yazar Scamozzi tarafindan gelistirilmistir. Sik sik istilaci Fransizlara ve Habsburglara karsi Italyan sehirleri kisa sürede geleneksel tahkimatlardan vazgeçerek sehirlerini yildiz kalelerle çevreledi. Bu etkili tasarim 1530'lu ve 1540'li yillarda Italya'nin disina yayilarak büyük askeri mühendis Vauban'in zamaninda tüm Avrupa'da standart haline geldi.</Text>
    </Row>
    <Row Tag="LOC_PEDIA_BUILDINGS_PAGE_BUILDING_STAVE_CHURCH_CHAPTER_HISTORY_PARA_1">
      <Text>Vikingler Hiristiyanligi kabul ettikten sonra, Ortaçag Iskandinavya'sinda ahsap, direkli ve kirisli yapilar insa edilmistir. Sadece Isveç'te, en eskisi 1100'lerin ortalarina kadar uzanan binden fazla çitali kilisenin daginik halde bulundugu tahmin edilmektedir. Dini islevlerinin yani sira, bunlar genellikle toplanti salonlari, kültür merkezleri, adliye binalari ve hatta pazar yerleri olarak hizmet vermistir. Erken dönem çitali kiliseler, agir kar yagisindan korunmak için dik egimli çatilari olan parmaklikli yapilardi. Kiliselerde, genellikle Hiristiyan tasarimli, ancak zaman zaman Hiristiyanlik öncesi kahramanlari ve mitleri tasvir eden özenli ahsap oymalar vardi. Daha sonralari sadece köse direkleri topraga oturtulmus ve iskelet tahta ile kaplanmistir. Su anda ikisi Norveç'te olmak üzere 30 çitali kilise ayakta kalmistir.</Text>
    </Row>
    <Row Tag="LOC_PEDIA_BUILDINGS_PAGE_BUILDING_STOCK_EXCHANGE_CHAPTER_HISTORY_PARA_1">
      <Text>Borsalar, "hisse senedi" - "halka açik" sirketlerdeki mülkiyet paylari - degerinin yükselmesi ve düsmesi üzerine spekülasyon yaparak rafine bir sekilde kumar oynamayi seven insanlar için vardir. Her zaman ücret alan borsa simsarlarinin tavsiyesiyle, herkes hisse senedi, tahvil veya diger menkul kiymetlerde islem yapabilir. Bu uygulamanin kökeni, Rönesans döneminde Italyan bankalari tarafindan bir sirket ya da girisimdeki (örnegin bir ticaret seferindeki) alacakli hissesi olarak alinip satilabilen tahvillerin yaratilmasina dayanmaktadir. MS 1602'de kurulan Hollanda Dogu Hint Adalari Sirketi, satin almaya gücü yeten herkesin spekülatif yatirimlari için gecikmeli temettüler (yillik karinin bir kismi) sunarak hisselerini satisa çikaran ilk sirket oldu. Tüm bu yeni orta sinif halki buna karsi koyamadi ve çok geçmeden diger sirketler de aynisini yapmaya basladi. Zamanla, Jonathan's Coffee House'da faaliyet gösteren John Castaing adinda süpheli bir Ingiliz, hisse senedi ve emtia fiyatlarinin düzenli bir listesini yayinlamaya ve bir ücret karsiliginda bunlarda komisyoncu olarak hizmet vermeye basladi  bu Londra Menkul Kiymetler Borsasi'nin baslangicini isaret eder. Güney Denizi Balonu, Lale Cilginligi ve diger tüm dolandiricilik ve skandallara ragmen bu uygulama o zamandan beri devam etmektedir.</Text>
    </Row>
    <Row Tag="LOC_PEDIA_BUILDINGS_PAGE_BUILDING_STUPA_CHAPTER_HISTORY_PARA_1">
      <Text>Swat Vadisi'ne yolunuz düser ve kendinizi Shingardar köyünde bulursaniz, küçük kasabanin üzerinde yükselen ve her ikisinin de arkasindaki daglar tarafindan cücelestirilen devasa bir tas kubbe göreceksiniz. Bu yapi, MS Ikinci ve Üçüncü Yüzyillar arasinda Swat'in Budist krali tarafindan insa edilmis bir stupadir.</Text>
    </Row>
    <Row Tag="LOC_PEDIA_BUILDINGS_PAGE_BUILDING_STUPA_CHAPTER_HISTORY_PARA_2">
      <Text>Budist krallar sirf hoslarina gittigi için dev kubbeler insa etmeye merakli degillerdi  Asya'nin dört bir yaninda insa edilen stupalar, ilk olarak M.Ö. Dördüncü Yüzyilda Hindistan'da ortaya çikan anitlardi.</Text>
    </Row>
    <Row Tag="LOC_PEDIA_BUILDINGS_PAGE_BUILDING_STUPA_CHAPTER_HISTORY_PARA_3">
      <Text>Birçok stupa genellikle Buddha, yasami ve müritleriyle ilgili kalintilar içerir. Cin'deki Ningxia'nin 108 Stupasi gibi digerleri, bazi teolojik önemleri göz önünde bulundurularak veya potansiyel ruhani faydalari için insa edilmistir.</Text>
    </Row>
    <Row Tag="LOC_PEDIA_BUILDINGS_PAGE_BUILDING_STUPA_CHAPTER_HISTORY_PARA_4">
      <Text>Birçogu ayakta kalmis olsa da, tarih Asya'nin stupalarina biraz sert davranmistir: birçogu çatisma ve felaketlerin bir sonucu olarak kubbelerine zarar vermistir.</Text>
    </Row>
    <Row Tag="LOC_PEDIA_BUILDINGS_PAGE_BUILDING_MBANZA_CHAPTER_HISTORY_PARA_1">
      <Text>Mbanza Kongo dilinde "sehir" ya da bazi durumlarda sadece "yerlesim yeri" anlamina gelmektedir. Portekizliler Orta Afrika'ya vardiklarinda, M'banza Kongo ticaret ve zanaat üretiminden zengin büyük bir sehirdi, ancak nüfusun çogu onu çevreleyen vadilerde yerlesim bölgelerinde yasiyordu - belki de 100 bin kisi kadar. Bu küçük kasabalarda bir pazar ve bir atölye olsa da, önemli seyler - kiliseler, saray, okullar, klinikler, vergi daireleri - tepedeki baskentte bulunuyordu. M'banza Kongo'ya yamaçlardaki birkaç yolla bagliydilar ve bunlar bayram ve vergi günleri gibi zamanlarda oldukça kalabalik oluyordu. Tüm bunlar, ziyaretçi Francesco da Roma'ya göre MS 1648 yilinda gerçeklesmistir. Yani Kongolular medeniyete sadece banliyöyü degil, ayni zamanda "is çikis saatlerini" de kazandirmislardi.</Text>
    </Row>
    <Row Tag="LOC_PEDIA_BUILDINGS_PAGE_BUILDING_SYNAGOGUE_CHAPTER_HISTORY_PARA_1">
      <Text>Geleneksel olarak sinagog terimi (Yunanca "toplanti" anlamina gelir) tüm Yahudi tapinaklarini tanimlamak için kullanilir ve hem ibadet hem de egitim yeridir. Ibadet ve dua ana oda olan kutsal alanda gerçeklesir. Dua bir haham ("ögretmen") tarafindan yönetilebilir - ancak bu zorunlu degildir ve birçok sinagogda haham bulunmaz. Toplu ibadet bir 'minyan' (on Yahudi) toplandiginda gerçeklesebilir. Sinagoglar Kudüs'teki Ikinci Tapinak'in MS 70 yilinda yikilmasindan önce de mevcut olmasina ragmen, hahamlarindan biri olan Yohanan ben Zakkai, dagilmis Yahudilerin kendilerini bulabilecekleri her yerde bireysel ibadet evleri kurma fikrini desteklemistir. Böylece, o zamandan beri, herhangi bir Yahudi (kral, zengin patron, âlim, vb.) veya Yahudi grubu (Sefarad, Hasidik, Karay, Ortodoks, Reform, vb.) bir sinagog kurabilir.</Text>
    </Row>
    <Row Tag="LOC_PEDIA_BUILDINGS_PAGE_BUILDING_TEMPLE_CHAPTER_HISTORY_PARA_1">
      <Text>Tapinak, bir tanriya adanmis ruhani faaliyetler - dua, cemaat, kurban ve benzerleri - için ayrilmis yapidir. Neredeyse her örgütlü dinin bir tür tapinagi vardir  tapinaklarin aksine bunlar planli dindarliktir, Tanri'nin gücü tezahür eder. Tapinaklar ayni zamanda ondaliklar ve bagislar sayesinde rahiplerin, yardimcilarin, bakire rahiplerin, kesislerin, hahamlarin vs. beslenmesine, giydirilmesine ve desteklenmesine hizmet eden ticari kuruluslardir. Mezopotamya'da bulunan bilinen en eski tapinaklar MÖ 10. yüzyildan kalmadir ve basit yapilardir. Ancak zamanla tapinaklar daha ayrintili ve görkemli hale gelmis ve medeniyet üzerinde önemli bir etki yaratmistir - Teb'deki Karnak Tapinagi, Atina'daki Parthenon, Bihar'daki Mahabodhi Tapinagi veya Salt Lake'teki Isa Mesih'in Son Zaman Azizler Kilisesi Tapinagi gibi.</Text>
    </Row>
    <Row Tag="LOC_PEDIA_BUILDINGS_PAGE_BUILDING_UNIVERSITY_CHAPTER_HISTORY_PARA_1">
      <Text>MS 1100'lerden beri bir yüksek ögrenim kurumu olan modern üniversitenin kökleri 6. yüzyila kadar uzanan Katolik katedral ve manastir okullarina dayanmaktadir. Paris Üniversitesi (yaklasik 1150'de kurulmustur) haricinde, ilk üniversitelerin çogu ülkenin kral ve kraliçeleri tarafindan - Bologna (1088), Oxford (1167), Modena (1175), Cambridge (1209) Padua (1222), Krakow (1364) ve digerlerinde - Katolik okullarina alternatif (ve onlari engelleyici) olarak kurulmustur. Katolik Kilisesi'nin aksine (ve ona meydan okuyarak), bu devlet üniversiteleri akademik özgürlügü benimsedi  bunlardan ilki 1155'te Bologna Üniversitesi'nin Kutsal Roma Imparatoru Frederick Barbarossa tarafindan garanti altina alinan ve burada okuyan akademisyenlere haklar ve korumalar saglayan Constitutio Habita'siydi. O zamanlar üniversiteler hukuk, tip, mantik, felsefe, bazi bilimler ve klasikler alaninda egitim veriyordu  simdi ise genç akademisyenler Budist edebiyati, biyomühendislik ve hatta oyun tasarimi alanlarinda derece alabiliyor.</Text>
    </Row>
    <Row Tag="LOC_PEDIA_BUILDINGS_PAGE_BUILDING_WALLS_CHAPTER_HISTORY_PARA_1">
      <Text>Barut, bombardiman uçaklari ve nükleer füzeler gibi seyler onlari oldukça anlamsiz hale getirene kadar, bir sehir dokunulmaz kalmak istiyorsa sehir duvarlari oldukça önemliydi. Eger bir sehir vatandaslarini nispeten güvende tutmak ve mallarini kapidaki barbarlardan korumak istiyorsa, etrafini çevreleyen nispeten güçlü bir duvara ihtiyaci vardi. Sümer sehri Uruk, tanri-kral Gilgamis tarafindan insa edildigi varsayilan, tamamen bir duvarla çevrili bilinen en eski yerlesim yeridir. Indus Vadisi'ndeki Kot Diji gibi bazi erken yerlesim yerlerinin koruma amaçli devasa tas ve tugla duvarlari vardi. Öte yandan, eger sehirde müthis savasçilar yasiyorsa, genellikle surlar olmadan da idare edilebilirdi - Sparta ve Roma, surlar insa edilmeden önce birkaç yüzyil boyunca hayatta kalmistir. Bugün, sehir surlarinin kalan kisimlari ya görmezden geliniyor ya da "yerel rengin" bir parçasi olarak kabul ediliyor.</Text>
    </Row>
    <Row Tag="LOC_PEDIA_BUILDINGS_PAGE_BUILDING_WAT_CHAPTER_HISTORY_PARA_1">
      <Text>Kamboçya, Tayland ve Laos'taki Budist manastirlari "wats" (Sanskritçe "muhafaza" anlamina gelir) olarak adlandirilir. Wat genellikle bir okulu kapsar ve dolayisiyla hem kutsal hem de egitimseldir. Bir wat genellikle Buda heykellerinin bulundugu bir tapinak, bir dua odasi, dini metinlerin bulundugu bir oda, dinlenmek için bir pavyon, bir kütüphane, çalisma salonu, çan kuleleri, davul kuleleri ve yasam alanlarindan olusur. Watlar iki türdür: wisungkhamasima (kraliyet himayesi) verilenler ve verilmeyenler (samnak song). Güneydogu Asya'da bol miktarda bulunurlar ve mimari tarzlari halklar kadar çesitlidir - ancak kesisler ve acemiler için yasam alanlari her zaman kutsal yapilardan ayridir. Genellikle süslü bir sekilde dekore edilmis ve yaldizlanmis olan watlar, 12. yüzyilin baslarinda Kral Suryavarman II'nin himayesinde insa edilen Kamboçya'daki Angkor'daki ünlü yapi da dahil olmak üzere bölgedeki en farkli ve tarihi yapilardan bazilaridir.</Text>
    </Row>
    <Row Tag="LOC_PEDIA_BUILDINGS_PAGE_BUILDING_WATER_MILL_CHAPTER_HISTORY_PARA_1">
      <Text>Bir su degirmeni, tahil, kereste, tekstil, cevher, metal, kagit ve benzeri her türlü yararli seyi ögütmek, egirmek, kesmek veya dövmek için diger çarklari döndürmek üzere disli bir su çarkini döndürmek için akan suyu kullanir. Cogu insan su degirmenlerini, tahildan un üretmeye uyarlanmis degirmenler olarak düsünür... ve bu kesinlikle bulunan en eski türdür. Bizansli Yunan mühendis Philo (M.Ö. 280-220) bir su degirmeninin isleyisine dair bir açiklama birakmistir  Romali Vitruvius ise bir su degirmeni insa etmenin ilk teknik tanimini sunmustur. Su degirmeni o kadar kullanisliydi ki, Karanlik Cag'a gelindiginde her yerlesimin yakininda bulunabiliyordu ve (kaybolan pek çok bilginin aksine) Avrupalilar suyla çalisan izgara degirmenleri insa etmek ve çalistirmak için gerekli temel bilgileri muhafaza etmeyi basardilar. Daha sonra, buhar gücü ve elektrik gücü daha verimli ve ekonomik olarak su çarklarinin yerini almistir  bugün sadece barbarlar misir ve bugdaylarini ögütmek için gerçek su degirmenlerini kullanmaktadir.</Text>
    </Row>
    <Row Tag="LOC_PEDIA_BUILDINGS_PAGE_BUILDING_WORKSHOP_CHAPTER_HISTORY_PARA_1">
      <Text>Bir atölye çalismak içindir... yani ahsap, metal, cam, seramik ve degerli bir sey yapmak için gereken diger her seyi çalismak için. Aletler ve basit makinelerle dolu olan atölyeler, yüzlerce yildir kapilardan kapi tokmaklarina, cam esyalardan nallara kadar her seyi yapan usta zanaatkârlarin meskeni olmustur (demirci ocagi da bir tür atölyedir). Antik atölyeler, insanoglunu "homo faber" olarak damgalayan medeniyetin ilk yerlesimlerine kadar uzanmaktadir. Ortaçag'a gelindiginde atölye "ekonomisi" iyice yerlesmis, uygulamalar giderek daha kati bir hal almistir - çiraklik sistemi örneginde oldugu gibi, genç oglanlar kendilerine yetenekli islerinin inceliklerini ögreten usta zanaatkârlara baglanmislardir. Ciraklik genellikle yedi yil sürüyordu, bu süre sonunda çirak usta oluyor ve kendi atölyesine sahip olabiliyordu (olmayanlar kalfa oluyordu). Ancak Sanayi Devrimi, fabrikalarin ürünleri daha ucuza (daha düsük kalitede olsa da) seri olarak üretebilmesiyle tüm sistemin sonunu getirmistir.</Text>
    </Row>
    <Row Tag="LOC_PEDIA_BUILDINGS_PAGE_BUILDING_ZOO_CHAPTER_HISTORY_PARA_1">
      <Text>Bilinen en eski hayvanat bahçesi (ya da "zoolojik park", yani hayvanat bahçesi) Hierakonpolis'te kazilmistir ve MÖ 3500'lere tarihlenmektedir  arkeologlara göre burada su aygirlari, filler, hartebeest, babunlar ve yaban kedileri bulunmaktaydi. MÖ 12. Yüzyilda Cin imparatoriçesi Tanki'nin bir "geyik evi" vardi ve daha sonra Zhou'lu Wen 1500 dönümlük bir hayvanat bahçesi kurdu. Büyük Iskender, sergilenmek üzere Yunanistan'a alisilmadik hayvanlarin canli örneklerini göndermis ve Roma imparatorlarinin çogu, vatandaslarin bakmasi için genis hayvan koleksiyonlarina sahip olmustur. Insanlar kafesteki hayvanlari izlemekten her zaman büyülenmislerdir, ancak kimse insanlara bakan hayvanlarin ne düsündügünden tam olarak emin degildir  muhtemelen bilmemek daha iyidir. Mevcut en eski hayvanat bahçesi olan Viyana'daki Tiergarten Schoenbrunn, Habsburg hanedanligi tarafindan muhafaza edilen egzotik hayvan koleksiyonundan evrilmis ve MS 1765 yilinda halka açilmistir. Ingiltere'deki Whipsnade Vahsi Hayvan Parki 1931 yilinda ilk arabali "safari" parki olarak açildi... kafeslerle dolu geleneksel hayvanat bahçesine göre sözde bir "ilerleme".</Text>
    </Row>
  </BaseGameText>
</GameData>