﻿<?xml version="1.0" encoding="utf-8"?>
<GameData>
  <BaseGameText>
    <!-- Next Game button for CivRoyale endgame screen. -->
    <Row Tag="LOC_GAME_MENU_QUICK_JOIN">
      <Text>Siradaki Oyun</Text>
    </Row>
    <Row Tag="LOC_GAME_MENU_QUICK_JOIN_TOOLTIP">
      <Text>Yeni bir Kizil Ölüm oyununa (Battle Royale) Hizli Katilin!</Text>
    </Row>
    <Row Tag="LOC_GAME_MENU_HOW_TO_PLAY">
      <Text>Nasil oynanir</Text>
    </Row>
    <!-- Do not put any more text in this file! -->
  </BaseGameText>
</GameData>