﻿<?xml version="1.0" encoding="utf-8"?>
<!-- edited with XMLSPY v2004 rel. 2 U (http://www.xmlspy.com) by Ed Beach (Firaxis Games) -->
<GameData>
  <BaseGameText>
    <!-- AI accepts from human -->
    <Row Tag="LOC_DIPLO_ACCEPT_DECLARE_FRIEND_FROM_HUMAN_ANY_ANY">
      <Text>Dostluk teklifinizi kabul etmekten memnuniyet duyuyoruz.</Text>
    </Row>
    <Row Tag="LOC_DIPLO_ACCEPT_DECLARE_FRIEND_FROM_HUMAN_LEADER_MVEMBA_ANY">
      <Text>Kongo halki adina dostlugunuzu ve iyi niyetinizi kabul ediyorum.</Text>
    </Row>
    <Row Tag="LOC_DIPLO_ACCEPT_DECLARE_FRIEND_FROM_HUMAN_LEADER_CATHERINE_DE_MEDICI_ANY">
      <Text>Arkadaslik teklifinizi kabul ediyorum. Ve tabii ki, bir sonraki kraliyet dügününe davet edileceksin.</Text>
    </Row>
    <Row Tag="LOC_DIPLO_ACCEPT_DECLARE_FRIEND_FROM_HUMAN_LEADER_CLEOPATRA_ANY">
      <Text>Pekala. Umarim Brütüs'ten çok Mark Antony olursun.</Text>
    </Row>
    <Row Tag="LOC_DIPLO_ACCEPT_DECLARE_FRIEND_FROM_HUMAN_LEADER_BARBAROSSA_ANY">
      <Text>Güçlü bir müttefik en büyük dosttur. Baris içinde yasayalim.</Text>
    </Row>
    <Row Tag="LOC_DIPLO_ACCEPT_DECLARE_FRIEND_FROM_HUMAN_LEADER_GANDHI_ANY">
      <Text>Dostluk teklifinizi kabul ediyorum. Barisla kutsanmis olsun.</Text>
    </Row>
    <Row Tag="LOC_DIPLO_ACCEPT_DECLARE_FRIEND_FROM_HUMAN_LEADER_GILGAMESH_ANY">
      <Text>Gilgamis arkadasliginizi kabul etmekten mutluluk duyar. Dünya benim yeminli dostum oldugunu bilsin!</Text>
    </Row>
    <Row Tag="LOC_DIPLO_ACCEPT_DECLARE_FRIEND_FROM_HUMAN_LEADER_GORGO_ANY">
      <Text>Sparta'nin iyi bir dostu oldugunuzu kanitladiniz. Halkim adina kabul ediyorum.</Text>
    </Row>
    <Row Tag="LOC_DIPLO_ACCEPT_DECLARE_FRIEND_FROM_HUMAN_LEADER_HARDRADA_ANY">
      <Text>Arkadas mi? Evet, ben bir arkadasim.</Text>
    </Row>
    <Row Tag="LOC_DIPLO_ACCEPT_DECLARE_FRIEND_FROM_HUMAN_LEADER_HOJO_ANY">
      <Text>Sizde bir savasçinin huzur ve sükûnetini görüyorum ve bu dostlugu memnuniyetle karsiliyorum.</Text>
    </Row>
    <Row Tag="LOC_DIPLO_ACCEPT_DECLARE_FRIEND_FROM_HUMAN_LEADER_PEDRO_ANY">
      <Text>Dostluk teklifinizi kabul etmekten memnuniyet duyuyoruz.</Text>
    </Row>
    <Row Tag="LOC_DIPLO_ACCEPT_DECLARE_FRIEND_FROM_HUMAN_LEADER_PERICLES_ANY">
      <Text>Demokrasi adina dostlugunuzu kabul ediyorum.</Text>
    </Row>
    <Row Tag="LOC_DIPLO_ACCEPT_DECLARE_FRIEND_FROM_HUMAN_LEADER_PETER_GREAT_ANY">
      <Text>Teklifiniz çok nazik. Halkimin ve sizin iyiliginiz için kabul ediyorum.</Text>
    </Row>
    <Row Tag="LOC_DIPLO_ACCEPT_DECLARE_FRIEND_FROM_HUMAN_LEADER_PHILIP_II_ANY">
      <Text>Tanri tarafindan kutsanmissiniz ve benim için bir dostsunuz. O'nun kudretiyle korundugunuzu tüm dünya bilsin.</Text>
    </Row>
    <Row Tag="LOC_DIPLO_ACCEPT_DECLARE_FRIEND_FROM_HUMAN_LEADER_QIN_ANY">
      <Text>Orta Krallik için degerli bir dost oldugunuzu kanitladiniz, teklifinizi kabul ediyoruz.</Text>
    </Row>
    <Row Tag="LOC_DIPLO_ACCEPT_DECLARE_FRIEND_FROM_HUMAN_LEADER_SALADIN_ANY">
      <Text>Simdi anliyorum ki siz benim ulusumun dostusunuz. Dostlugumuzu tüm dünyaya ilan edelim.</Text>
    </Row>
    <Row Tag="LOC_DIPLO_ACCEPT_DECLARE_FRIEND_FROM_HUMAN_LEADER_T_ROOSEVELT_ANY">
      <Text>Buna hayir diyemem.</Text>
    </Row>
    <Row Tag="LOC_DIPLO_ACCEPT_DECLARE_FRIEND_FROM_HUMAN_LEADER_TOMYRIS_ANY">
      <Text>Arkadasligini kabul edecegim, ama güvenime ihanet etme.</Text>
    </Row>
    <Row Tag="LOC_DIPLO_ACCEPT_DECLARE_FRIEND_FROM_HUMAN_LEADER_TRAJAN_ANY">
      <Text>Imparatorlugunuzun bizim dostumuz oldugu ve dostluk içinde bir araya geldigimiz bilinsin.</Text>
    </Row>
    <Row Tag="LOC_DIPLO_ACCEPT_DECLARE_FRIEND_FROM_HUMAN_LEADER_VICTORIA_ANY">
      <Text>Evet, bu bizi memnun ediyor. Iki ulus da dostlugumuzdan kesinlikle faydalanacaktir.</Text>
    </Row>
    <!-- AI Rejects from human -->
    <Row Tag="LOC_DIPLO_REJECT_DECLARE_FRIEND_FROM_HUMAN_ANY_ANY">
      <Text>Su anda ilgilenmiyoruz.</Text>
    </Row>
    <Row Tag="LOC_DIPLO_REJECT_DECLARE_FRIEND_FROM_HUMAN_LEADER_MVEMBA_ANY">
      <Text>Kongo arkadasliginizi kabul etmeye hazir degil. Önce iliskimizin olgunlasmasina izin ver.</Text>
    </Row>
    <Row Tag="LOC_DIPLO_REJECT_DECLARE_FRIEND_FROM_HUMAN_LEADER_CATHERINE_DE_MEDICI_ANY">
      <Text>Özür dilerim ama bu çok ani bir degisiklik olur. Belki baska bir zaman?</Text>
    </Row>
    <Row Tag="LOC_DIPLO_REJECT_DECLARE_FRIEND_FROM_HUMAN_LEADER_CLEOPATRA_ANY">
      <Text>Hah! Sezarlari ve Firavunlari yoldaslarim arasinda saydim, sana layik oldugunu düsündüren nedir?</Text>
    </Row>
    <Row Tag="LOC_DIPLO_REJECT_DECLARE_FRIEND_FROM_HUMAN_LEADER_BARBAROSSA_ANY">
      <Text>Hayir, Imparatorlugun iyiligi için dostlugunuzu kabul edemem.</Text>
    </Row>
    <Row Tag="LOC_DIPLO_REJECT_DECLARE_FRIEND_FROM_HUMAN_LEADER_GANDHI_ANY">
      <Text>Üzgünüm ama sizinle bu anlasmayi yapamam. Lütfen anlayin, bu sadece en iyisi için.</Text>
    </Row>
    <Row Tag="LOC_DIPLO_REJECT_DECLARE_FRIEND_FROM_HUMAN_LEADER_GILGAMESH_ANY">
      <Text>Gilgamis senin dostun degil.</Text>
    </Row>
    <Row Tag="LOC_DIPLO_REJECT_DECLARE_FRIEND_FROM_HUMAN_LEADER_GORGO_ANY">
      <Text>Sparta'nin senin dostluguna ihtiyaci yok.</Text>
    </Row>
    <Row Tag="LOC_DIPLO_REJECT_DECLARE_FRIEND_FROM_HUMAN_LEADER_HARDRADA_ANY">
      <Text>Hayir, Asgard'daki tüm hazineler için degil.</Text>
    </Row>
    <Row Tag="LOC_DIPLO_REJECT_DECLARE_FRIEND_FROM_HUMAN_LEADER_HOJO_ANY">
      <Text>Shogunluk'un çikarlari ve Imparator adina reddetmek zorundayim.</Text>
    </Row>
    <Row Tag="LOC_DIPLO_REJECT_DECLARE_FRIEND_FROM_HUMAN_LEADER_PEDRO_ANY">
      <Text>Su anda ilgilenmiyoruz.</Text>
    </Row>
    <Row Tag="LOC_DIPLO_REJECT_DECLARE_FRIEND_FROM_HUMAN_LEADER_PERICLES_ANY">
      <Text>Hayir, siz bunu fiilen kanitlayana ya da bizi aksi yönde ikna edene kadar arkadas olmayacagiz.</Text>
    </Row>
    <Row Tag="LOC_DIPLO_REJECT_DECLARE_FRIEND_FROM_HUMAN_LEADER_PETER_GREAT_ANY">
      <Text>Reddetmek zorundayim.  Eski bir arkadas, iki yeni arkadastan daha iyidir.</Text>
    </Row>
    <Row Tag="LOC_DIPLO_REJECT_DECLARE_FRIEND_FROM_HUMAN_LEADER_PHILIP_II_ANY">
      <Text>Hayir, teklifinizi kabul etmiyorum. Sen bir günahkârsin ve Ispanya'nin dostu degilsin.</Text>
    </Row>
    <Row Tag="LOC_DIPLO_REJECT_DECLARE_FRIEND_FROM_HUMAN_LEADER_QIN_ANY">
      <Text>Henüz arkadasligimiza layik degilsin.</Text>
    </Row>
    <Row Tag="LOC_DIPLO_REJECT_DECLARE_FRIEND_FROM_HUMAN_LEADER_SALADIN_ANY">
      <Text>Teklifiniz cömert ve nazik bir teklif, ancak niyetinizden emin olana kadar alçakgönüllülükle reddetmek zorundayiz.</Text>
    </Row>
    <Row Tag="LOC_DIPLO_REJECT_DECLARE_FRIEND_FROM_HUMAN_LEADER_T_ROOSEVELT_ANY">
      <Text>Su anda ilgilenmiyoruz.</Text>
    </Row>
    <Row Tag="LOC_DIPLO_REJECT_DECLARE_FRIEND_FROM_HUMAN_LEADER_TOMYRIS_ANY">
      <Text>Dostlugum kolay kazanilmiyor. Önce güvenimi kazanmalisin.</Text>
    </Row>
    <Row Tag="LOC_DIPLO_REJECT_DECLARE_FRIEND_FROM_HUMAN_LEADER_TRAJAN_ANY">
      <Text>Roma, Roma olarak kalmalidir: kendisinden baska hiç kimsenin dostu degildir.</Text>
    </Row>
    <Row Tag="LOC_DIPLO_REJECT_DECLARE_FRIEND_FROM_HUMAN_LEADER_VICTORIA_ANY">
      <Text>Böyle bir taahhütte bulunmak için henüz çok erken. Dogal olarak uygun oldugunda yeniden degerlendirecegiz. Anladiniz mi?</Text>
    </Row>
    <!-- AI Requests friendship from human -->
    <Row Tag="LOC_DIPLO_DECLARE_FRIEND_FROM_AI_ANY_ANY">
      <Text>Arkadasligimizi resmen ilan etmek ister misin?</Text>
    </Row>
    <Row Tag="LOC_DIPLO_DECLARE_FRIEND_FROM_AI_LEADER_MVEMBA_ANY">
      <Text>Size dostluk ellerimi uzatiyorum. Insanlarimiz Tanri'nin altinda kardes olsunlar.</Text>
    </Row>
    <Row Tag="LOC_DIPLO_DECLARE_FRIEND_FROM_AI_LEADER_CATHERINE_DE_MEDICI_ANY">
      <Text>Sana dostluk için kraliyet elini uzatiyorum. Kabul edecek misiniz?</Text>
    </Row>
    <Row Tag="LOC_DIPLO_DECLARE_FRIEND_FROM_AI_LEADER_CLEOPATRA_ANY">
      <Text>Birçok kisi benim dostlugum için adam öldürür. Bu cömert bir teklif, ama ben sana teklif ediyorum. Cevabiniz nedir?</Text>
    </Row>
    <Row Tag="LOC_DIPLO_DECLARE_FRIEND_FROM_AI_LEADER_BARBAROSSA_ANY">
      <Text>Yine elimizi uzatiyoruz, ama bu sefer dostluk için. Kabul edecek misiniz?</Text>
    </Row>
    <Row Tag="LOC_DIPLO_DECLARE_FRIEND_FROM_AI_LEADER_GANDHI_ANY">
      <Text>Sanirim liderlik bir zamanlar siddet anlamina geliyordu  ama bugün insanlarla iyi geçinmek anlamina geliyor. Peki... arkadasligimi kabul edecek misin?</Text>
    </Row>
    <Row Tag="LOC_DIPLO_DECLARE_FRIEND_FROM_AI_LEADER_GILGAMESH_ANY">
      <Text>Dostlarima karsi cömertligimi tüm dünya biliyor. O halde dost olalim, düsman degil.</Text>
    </Row>
    <Row Tag="LOC_DIPLO_DECLARE_FRIEND_FROM_AI_LEADER_GORGO_ANY">
      <Text>Sana Sparta'nin dostlugunu teklif ediyorum, kabul edecek misin?</Text>
    </Row>
    <Row Tag="LOC_DIPLO_DECLARE_FRIEND_FROM_AI_LEADER_HARDRADA_ANY">
      <Text>Tüm seyahatlerimde seninle tanisana kadar kendim kadar harika biriyle tanismamistim. O zaman arkadas olalim.</Text>
    </Row>
    <Row Tag="LOC_DIPLO_DECLARE_FRIEND_FROM_AI_LEADER_HOJO_ANY">
      <Text>Uyumlu ve bilgesiniz. Bizi dostunuz olarak kabul ederseniz, size sadakat ve onur sunariz.</Text>
    </Row>
    <Row Tag="LOC_DIPLO_DECLARE_FRIEND_FROM_AI_LEADER_PEDRO_ANY">
      <Text>Arkadasligimizi resmen ilan etmek ister misin?</Text>
    </Row>
    <Row Tag="LOC_DIPLO_DECLARE_FRIEND_FROM_AI_LEADER_PERICLES_ANY">
      <Text>Bir an için farkliliklarimizi bir kenara birakalim, olur mu? Dostluk küçük politikalardan daha önemlidir.</Text>
    </Row>
    <Row Tag="LOC_DIPLO_DECLARE_FRIEND_FROM_AI_LEADER_PETER_GREAT_ANY">
      <Text>Size dostlugumu ve uluslarimiz arasindaki dostlugu sunmaktan onur duyuyorum. Kabul ediyor musunuz?</Text>
    </Row>
    <Row Tag="LOC_DIPLO_DECLARE_FRIEND_FROM_AI_LEADER_PHILIP_II_ANY">
      <Text>Tanri'nin isigindaki bilgeligi gördügünüze inaniyorum. Onun bereketini dostlukla paylasalim.</Text>
    </Row>
    <Row Tag="LOC_DIPLO_DECLARE_FRIEND_FROM_AI_LEADER_QIN_ANY">
      <Text>Lütfen, dostlugunuza bizimkiyle karsilik vermemize izin verin.</Text>
    </Row>
    <Row Tag="LOC_DIPLO_DECLARE_FRIEND_FROM_AI_LEADER_SALADIN_ANY">
      <Text>Bilge ve adil bir lider oldugunuzu kanitladiniz. Arkadaslik teklifimi kabul eder misiniz?</Text>
    </Row>
    <Row Tag="LOC_DIPLO_DECLARE_FRIEND_FROM_AI_LEADER_T_ROOSEVELT_ANY">
      <Text>Saygimi kazandiniz. Dostlugumuzu ilan edelim mi?</Text>
    </Row>
    <Row Tag="LOC_DIPLO_DECLARE_FRIEND_FROM_AI_LEADER_TOMYRIS_ANY">
      <Text>Dostluk uluslar arasindaki en degerli seydir. Ona sahip olalim.</Text>
    </Row>
    <Row Tag="LOC_DIPLO_DECLARE_FRIEND_FROM_AI_LEADER_TRAJAN_ANY">
      <Text>Görkemli Roma bir dostluk teklifi sunuyor. Kabul ediyor musunuz?</Text>
    </Row>
    <Row Tag="LOC_DIPLO_DECLARE_FRIEND_FROM_AI_LEADER_VICTORIA_ANY">
      <Text>Sizi degerli bir dostumuz olarak görmekten mutluluk duyuyoruz. Umariz bu duygu karsilikli olur...</Text>
    </Row>
    <!-- Human accepts AI requests, AI responds -->
    <Row Tag="LOC_DIPLO_ACCEPT_DECLARE_FRIEND_FROM_AI_LEADER_ANY_ANY">
      <Text>Harika.</Text>
    </Row>
    <Row Tag="LOC_DIPLO_ACCEPT_DECLARE_FRIEND_FROM_AI_LEADER_MVEMBA_ANY">
      <Text>Cok tesekkür ederim.</Text>
    </Row>
    <Row Tag="LOC_DIPLO_ACCEPT_DECLARE_FRIEND_FROM_AI_LEADER_CATHERINE_DE_MEDICI_ANY">
      <Text>Tesekkür ederim.</Text>
    </Row>
    <Row Tag="LOC_DIPLO_ACCEPT_DECLARE_FRIEND_FROM_AI_LEADER_CLEOPATRA_ANY">
      <Text>Size nasil tesekkür edebilirim?</Text>
    </Row>
    <Row Tag="LOC_DIPLO_ACCEPT_DECLARE_FRIEND_FROM_AI_LEADER_BARBAROSSA_ANY">
      <Text>Tesekkür ederim, dostum.</Text>
    </Row>
    <Row Tag="LOC_DIPLO_ACCEPT_DECLARE_FRIEND_FROM_AI_LEADER_GANDHI_ANY">
      <Text>Tesekkür ederim, dostum.</Text>
    </Row>
    <Row Tag="LOC_DIPLO_ACCEPT_DECLARE_FRIEND_FROM_AI_LEADER_GILGAMESH_ANY">
      <Text>Tesekkür ederim!</Text>
    </Row>
    <Row Tag="LOC_DIPLO_ACCEPT_DECLARE_FRIEND_FROM_AI_LEADER_GORGO_ANY">
      <Text>Tesekkür ederim.</Text>
    </Row>
    <Row Tag="LOC_DIPLO_ACCEPT_DECLARE_FRIEND_FROM_AI_LEADER_HARDRADA_ANY">
      <Text>Tesekkür ederim, dostum.</Text>
    </Row>
    <Row Tag="LOC_DIPLO_ACCEPT_DECLARE_FRIEND_FROM_AI_LEADER_HOJO_ANY">
      <Text>Tesekkür ederim, dostum.</Text>
    </Row>
    <Row Tag="LOC_DIPLO_ACCEPT_DECLARE_FRIEND_FROM_AI_LEADER_PEDRO_ANY">
      <Text>Harika.</Text>
    </Row>
    <Row Tag="LOC_DIPLO_ACCEPT_DECLARE_FRIEND_FROM_AI_LEADER_PERICLES_ANY">
      <Text>Tesekkür ederim.</Text>
    </Row>
    <Row Tag="LOC_DIPLO_ACCEPT_DECLARE_FRIEND_FROM_AI_LEADER_PETER_GREAT_ANY">
      <Text>Size minnettarim.</Text>
    </Row>
    <Row Tag="LOC_DIPLO_ACCEPT_DECLARE_FRIEND_FROM_AI_LEADER_PHILIP_II_ANY">
      <Text>Tanri sizi korusun.</Text>
    </Row>
    <Row Tag="LOC_DIPLO_ACCEPT_DECLARE_FRIEND_FROM_AI_LEADER_QIN_ANY">
      <Text>Minnettariz.</Text>
    </Row>
    <Row Tag="LOC_DIPLO_ACCEPT_DECLARE_FRIEND_FROM_AI_LEADER_SALADIN_ANY">
      <Text>Allah sizi korusun.</Text>
    </Row>
    <Row Tag="LOC_DIPLO_ACCEPT_DECLARE_FRIEND_FROM_AI_LEADER_T_ROOSEVELT_ANY">
      <Text>Tesekkür ederim.</Text>
    </Row>
    <Row Tag="LOC_DIPLO_ACCEPT_DECLARE_FRIEND_FROM_AI_LEADER_TOMYRIS_ANY">
      <Text>Tesekkür ederim, dostum.</Text>
    </Row>
    <Row Tag="LOC_DIPLO_ACCEPT_DECLARE_FRIEND_FROM_AI_LEADER_TRAJAN_ANY">
      <Text>Cok tesekkürler.</Text>
    </Row>
    <Row Tag="LOC_DIPLO_ACCEPT_DECLARE_FRIEND_FROM_AI_LEADER_VICTORIA_ANY">
      <Text>Cok nazik ve özenli davrandiniz.</Text>
    </Row>
    <!-- Human rejects AI requests, AI responds -->
    <Row Tag="LOC_DIPLO_REJECT_DECLARE_FRIEND_FROM_AI_LEADER_ANY_ANY">
      <Text>Bu talihsiz bir durum.</Text>
    </Row>
    <Row Tag="LOC_DIPLO_REJECT_DECLARE_FRIEND_FROM_AI_LEADER_MVEMBA_ANY">
      <Text>Bu talihsiz bir durum.</Text>
    </Row>
    <Row Tag="LOC_DIPLO_REJECT_DECLARE_FRIEND_FROM_AI_LEADER_CATHERINE_DE_MEDICI_ANY">
      <Text>Ne talihsizlik!</Text>
    </Row>
    <Row Tag="LOC_DIPLO_REJECT_DECLARE_FRIEND_FROM_AI_LEADER_CLEOPATRA_ANY">
      <Text>Bu çok utanç verici.</Text>
    </Row>
    <Row Tag="LOC_DIPLO_REJECT_DECLARE_FRIEND_FROM_AI_LEADER_BARBAROSSA_ANY">
      <Text>Belki bir dahaki sefere o zaman.</Text>
    </Row>
    <Row Tag="LOC_DIPLO_REJECT_DECLARE_FRIEND_FROM_AI_LEADER_GANDHI_ANY">
      <Text>Talihsiz bir dönüs.</Text>
    </Row>
    <Row Tag="LOC_DIPLO_REJECT_DECLARE_FRIEND_FROM_AI_LEADER_GILGAMESH_ANY">
      <Text>Delirdin mi sen?</Text>
    </Row>
    <Row Tag="LOC_DIPLO_REJECT_DECLARE_FRIEND_FROM_AI_LEADER_GORGO_ANY">
      <Text>Talihsizlik.</Text>
    </Row>
    <Row Tag="LOC_DIPLO_REJECT_DECLARE_FRIEND_FROM_AI_LEADER_HARDRADA_ANY">
      <Text>Yazik.</Text>
    </Row>
    <Row Tag="LOC_DIPLO_REJECT_DECLARE_FRIEND_FROM_AI_LEADER_HOJO_ANY">
      <Text>Yazik.</Text>
    </Row>
    <Row Tag="LOC_DIPLO_REJECT_DECLARE_FRIEND_FROM_AI_LEADER_PEDRO_ANY">
      <Text>Bu talihsiz bir durum.</Text>
    </Row>
    <Row Tag="LOC_DIPLO_REJECT_DECLARE_FRIEND_FROM_AI_LEADER_PERICLES_ANY">
      <Text>Bu çok talihsiz bir durum.</Text>
    </Row>
    <Row Tag="LOC_DIPLO_REJECT_DECLARE_FRIEND_FROM_AI_LEADER_PETER_GREAT_ANY">
      <Text>Aptal, aptal.</Text>
    </Row>
    <Row Tag="LOC_DIPLO_REJECT_DECLARE_FRIEND_FROM_AI_LEADER_PHILIP_II_ANY">
      <Text>Bu talihsiz bir durum.</Text>
    </Row>
    <Row Tag="LOC_DIPLO_REJECT_DECLARE_FRIEND_FROM_AI_LEADER_QIN_ANY">
      <Text>Kötü sans.</Text>
    </Row>
    <Row Tag="LOC_DIPLO_REJECT_DECLARE_FRIEND_FROM_AI_LEADER_SALADIN_ANY">
      <Text>Ne söyledigine dikkat et.</Text>
    </Row>
    <Row Tag="LOC_DIPLO_REJECT_DECLARE_FRIEND_FROM_AI_LEADER_T_ROOSEVELT_ANY">
      <Text>Bu çok kötü.</Text>
    </Row>
    <Row Tag="LOC_DIPLO_REJECT_DECLARE_FRIEND_FROM_AI_LEADER_TOMYRIS_ANY">
      <Text>Tekrar düsünmelisin.</Text>
    </Row>
    <Row Tag="LOC_DIPLO_REJECT_DECLARE_FRIEND_FROM_AI_LEADER_TRAJAN_ANY">
      <Text>Ne kadar yazik.</Text>
    </Row>
    <Row Tag="LOC_DIPLO_REJECT_DECLARE_FRIEND_FROM_AI_LEADER_VICTORIA_ANY">
      <Text>Ne talihsizlik.</Text>
    </Row>
    <Row Tag="LOC_DIPLO_DECLARE_FRIEND_CHOICE_NEGATIVE">
      <Text>Üzgünüm ama su anda resmi bir dostluk kuramayiz.</Text>
    </Row>
    <Row Tag="LOC_DIPLO_DECLARE_FRIEND_CHOICE_POSITIVE">
      <Text>Dostlar olarak birlik oldugumuzu tüm dünyaya duyurmaktan mutluluk duyariz.</Text>
    </Row>
    <Row Tag="LOC_DIPLO_DECLARE_FRIEND_CHOICE_STOP_ASKING">
      <Text>Hayir ve sormayi kes.</Text>
    </Row>
  </BaseGameText>
</GameData>