﻿<?xml version="1.0" encoding="utf-8"?>
<!-- edited with XMLSPY v2004 rel. 2 U (http://www.xmlspy.com) by Ed Beach (Firaxis Games) -->
<GameData>
  <BaseGameText>
    <!-- AI Accepts -->
    <Row Tag="LOC_DIPLO_ACCEPT_DELEGATION_FROM_HUMAN_ANY_ANY">
      <Text>Heyetinizi baskentimizde agirlamaktan mutluluk duyuyoruz.</Text>
    </Row>
    <Row Tag="LOC_DIPLO_ACCEPT_DELEGATION_FROM_HUMAN_LEADER_MVEMBA_ANY">
      <Text>Ticaret heyetiniz baskentime ulasti ve biz de onlari kollarimizi açarak karsiladik. Ve hediyeleriniz için tesekkür ederim.</Text>
    </Row>
    <Row Tag="LOC_DIPLO_ACCEPT_DELEGATION_FROM_HUMAN_LEADER_CATHERINE_DE_MEDICI_ANY">
      <Text>Heyetinizi sarayda kabul ettik. Tesekkür ederiz. Hediyelerin kiymetini bilecegiz.</Text>
    </Row>
    <Row Tag="LOC_DIPLO_ACCEPT_DELEGATION_FROM_HUMAN_LEADER_CLEOPATRA_ANY">
      <Text>Ticaret heyetinizden Yeni Isis'e yaptiginiz teklifleri aldim. Nezaketinizi unutmayacagim.</Text>
    </Row>
    <Row Tag="LOC_DIPLO_ACCEPT_DELEGATION_FROM_HUMAN_LEADER_BARBAROSSA_ANY">
      <Text>Elçiniz geldi ve onlari sahsen karsiladim. Imparatorlugumuz diplomasiden faydalanabilir.</Text>
    </Row>
    <Row Tag="LOC_DIPLO_ACCEPT_DELEGATION_FROM_HUMAN_LEADER_GANDHI_ANY">
      <Text>Cok naziksin dostum. Hediyeleriniz ticaret heyetinizle birlikte geldi ve onlara sahsen tesekkür ettim.</Text>
    </Row>
    <Row Tag="LOC_DIPLO_ACCEPT_DELEGATION_FROM_HUMAN_LEADER_GILGAMESH_ANY">
      <Text>Gilgamis haraçlarinizi ve elçinizi kabul etti. Uruk'a girmelerine izin verecek.</Text>
    </Row>
    <Row Tag="LOC_DIPLO_ACCEPT_DELEGATION_FROM_HUMAN_LEADER_GORGO_ANY">
      <Text>Spartalilar maddi seylerle ilgilenmezler ama heyetinizin bana getirdigi hediyeler için tesekkür ederim.</Text>
    </Row>
    <Row Tag="LOC_DIPLO_ACCEPT_DELEGATION_FROM_HUMAN_LEADER_HARDRADA_ANY">
      <Text>Heyetiniz geldi. Onlari uzun evde bir ziyafetle karsiladik.</Text>
    </Row>
    <Row Tag="LOC_DIPLO_ACCEPT_DELEGATION_FROM_HUMAN_LEADER_HOJO_ANY">
      <Text>Heyetiniz geldi ve cömertliginiz karsisinda boynumuz bükük kaldi.</Text>
    </Row>
    <Row Tag="LOC_DIPLO_ACCEPT_DELEGATION_FROM_HUMAN_LEADER_PEDRO_ANY">
      <Text>Heyetinizi baskentimizde agirlamaktan mutluluk duyuyoruz.</Text>
    </Row>
    <Row Tag="LOC_DIPLO_ACCEPT_DELEGATION_FROM_HUMAN_LEADER_PERICLES_ANY">
      <Text>Insanlar delegasyonunuzu ve hediyelerinizi memnuniyetle kabul etti. Tesekkür ederim.</Text>
    </Row>
    <Row Tag="LOC_DIPLO_ACCEPT_DELEGATION_FROM_HUMAN_LEADER_PETER_GREAT_ANY">
      <Text>Ticaret heyetiniz geldi ve yurtdisindan gelen ziyaretçileri agirlamaktan her zaman mutluluk duyarim, özellikle de hediye getirdiklerinde.</Text>
    </Row>
    <Row Tag="LOC_DIPLO_ACCEPT_DELEGATION_FROM_HUMAN_LEADER_PHILIP_II_ANY">
      <Text>Heret'i, yani ticaret heyetinizi kabul ettik. Onlara bizim yöntemlerimizi ögretecegimden emin olabilirsiniz.</Text>
    </Row>
    <Row Tag="LOC_DIPLO_ACCEPT_DELEGATION_FROM_HUMAN_LEADER_QIN_ANY">
      <Text>Ticaret heyetinizi agirlamaktan mutluluk duyuyoruz. Kendilerine hak ettikleri onurla muamele edilecektir.</Text>
    </Row>
    <Row Tag="LOC_DIPLO_ACCEPT_DELEGATION_FROM_HUMAN_LEADER_SALADIN_ANY">
      <Text>Hediyeleriniz için binlerce kez tesekkürler. Heyetinize en üst düzeyde saygi gösterilecektir.</Text>
    </Row>
    <Row Tag="LOC_DIPLO_ACCEPT_DELEGATION_FROM_HUMAN_LEADER_T_ROOSEVELT_ANY">
      <Text>Heyetinize büyük Amerika Birlesik Devletleri'ne hos geldiniz diyorum.</Text>
    </Row>
    <Row Tag="LOC_DIPLO_ACCEPT_DELEGATION_FROM_HUMAN_LEADER_TOMYRIS_ANY">
      <Text>Heyetiniz Imparatoriçe'ye övgülerinizi iletmek üzere geldi. Cok makbule geçti.</Text>
    </Row>
    <Row Tag="LOC_DIPLO_ACCEPT_DELEGATION_FROM_HUMAN_LEADER_TRAJAN_ANY">
      <Text>Ticaret heyetiniz geldi, gördü ve nezaketleriyle bizi fethetti. Hediyeler için tesekkür ederim.</Text>
    </Row>
    <Row Tag="LOC_DIPLO_ACCEPT_DELEGATION_FROM_HUMAN_LEADER_VICTORIA_ANY">
      <Text>Ticaret heyetinizi kabul ettik ve onlara hak ettikleri sayginlikla muamele edecegimizden emin olabilirsiniz.</Text>
    </Row>
    <!-- AI Rejects -->
    <Row Tag="LOC_DIPLO_REJECT_DELEGATION_FROM_HUMAN_ANY_ANY">
      <Text>Heyetinizi kibarca reddediyoruz.</Text>
    </Row>
    <Row Tag="LOC_DIPLO_REJECT_DELEGATION_FROM_HUMAN_LEADER_MVEMBA_ANY">
      <Text>Evet diyemem.</Text>
    </Row>
    <Row Tag="LOC_DIPLO_REJECT_DELEGATION_FROM_HUMAN_LEADER_CATHERINE_DE_MEDICI_ANY">
      <Text>Cezbedici ama hayir.</Text>
    </Row>
    <Row Tag="LOC_DIPLO_REJECT_DELEGATION_FROM_HUMAN_LEADER_CLEOPATRA_ANY">
      <Text>Belki baska bir zaman?</Text>
    </Row>
    <Row Tag="LOC_DIPLO_REJECT_DELEGATION_FROM_HUMAN_LEADER_BARBAROSSA_ANY">
      <Text>Hayir, tabii ki degil.</Text>
    </Row>
    <Row Tag="LOC_DIPLO_REJECT_DELEGATION_FROM_HUMAN_LEADER_GANDHI_ANY">
      <Text>Ne yazik ki hayir.</Text>
    </Row>
    <Row Tag="LOC_DIPLO_REJECT_DELEGATION_FROM_HUMAN_LEADER_GILGAMESH_ANY">
      <Text>Sanmiyorum.</Text>
    </Row>
    <Row Tag="LOC_DIPLO_REJECT_DELEGATION_FROM_HUMAN_LEADER_GORGO_ANY">
      <Text>Bu sefer degil.</Text>
    </Row>
    <Row Tag="LOC_DIPLO_REJECT_DELEGATION_FROM_HUMAN_LEADER_HARDRADA_ANY">
      <Text>Hayir. Kabul edemem.</Text>
    </Row>
    <Row Tag="LOC_DIPLO_REJECT_DELEGATION_FROM_HUMAN_LEADER_HOJO_ANY">
      <Text>Hayir, tesekkür ederim.</Text>
    </Row>
    <Row Tag="LOC_DIPLO_REJECT_DELEGATION_FROM_HUMAN_LEADER_PEDRO_ANY">
      <Text>Heyetinizi kibarca reddediyoruz.</Text>
    </Row>
    <Row Tag="LOC_DIPLO_REJECT_DELEGATION_FROM_HUMAN_LEADER_PERICLES_ANY">
      <Text>Atina geriliyor.</Text>
    </Row>
    <Row Tag="LOC_DIPLO_REJECT_DELEGATION_FROM_HUMAN_LEADER_PETER_GREAT_ANY">
      <Text>Kabul edemem.</Text>
    </Row>
    <Row Tag="LOC_DIPLO_REJECT_DELEGATION_FROM_HUMAN_LEADER_PHILIP_II_ANY">
      <Text>Kabul edemem.</Text>
    </Row>
    <Row Tag="LOC_DIPLO_REJECT_DELEGATION_FROM_HUMAN_LEADER_QIN_ANY">
      <Text>Teklifinizi reddediyoruz.</Text>
    </Row>
    <Row Tag="LOC_DIPLO_REJECT_DELEGATION_FROM_HUMAN_LEADER_SALADIN_ANY">
      <Text>Hayir, kabul edemeyiz.</Text>
    </Row>
    <Row Tag="LOC_DIPLO_REJECT_DELEGATION_FROM_HUMAN_LEADER_T_ROOSEVELT_ANY">
      <Text>Reddetmeliyiz.</Text>
    </Row>
    <Row Tag="LOC_DIPLO_REJECT_DELEGATION_FROM_HUMAN_LEADER_TOMYRIS_ANY">
      <Text>Kabul etmeyecegim.</Text>
    </Row>
    <Row Tag="LOC_DIPLO_REJECT_DELEGATION_FROM_HUMAN_LEADER_TRAJAN_ANY">
      <Text>Iyi bir teklif ama kabul edemem.</Text>
    </Row>
    <Row Tag="LOC_DIPLO_REJECT_DELEGATION_FROM_HUMAN_LEADER_VICTORIA_ANY">
      <Text>Parlamentom bunu onaylamiyor.</Text>
    </Row>
    <!-- AI Requests -->
    <Row Tag="LOC_DIPLO_DELEGATION_FROM_AI_ANY_ANY">
      <Text>Diplomatik heyetimizi baskentinizde kabul edecek misiniz?</Text>
    </Row>
    <Row Tag="LOC_DIPLO_DELEGATION_FROM_AI_LEADER_MVEMBA_ANY">
      <Text>Ticaret heyetim yakinda fufu ile gelir. Afiyet olsun!</Text>
    </Row>
    <Row Tag="LOC_DIPLO_DELEGATION_FROM_AI_LEADER_CATHERINE_DE_MEDICI_ANY">
      <Text>Size alisilagelmis tüm hediyelerle birlikte bir ticaret heyeti gönderdim: otlar, zeytinler, çesitli peynirler ve tabii ki bunlari yemek için bagetler.</Text>
    </Row>
    <Row Tag="LOC_DIPLO_DELEGATION_FROM_AI_LEADER_CLEOPATRA_ANY">
      <Text>Diplomatik delegasyonum size Yeni Isis'ten küçük bir papirüs hediyesi getiriyor. Beni karsiladiginiz gibi onlari da karsilayin.</Text>
    </Row>
    <Row Tag="LOC_DIPLO_DELEGATION_FROM_AI_LEADER_BARBAROSSA_ANY">
      <Text>Size diplomatik bir elçi gönderdik. Swabia Dükü, Burgonya Krali, Almanya Krali, Romalilarin Krali, Italya Krali ve Kutsal Roma Imparatoru olan bana nasil davraniyorsaniz onlara da öyle davranin.</Text>
    </Row>
    <Row Tag="LOC_DIPLO_DELEGATION_FROM_AI_LEADER_GANDHI_ANY">
      <Text>Size topraklarimizdan hediyeler getiren bir ticaret heyeti gönderdim: çaylar, sariler ve sitarlar.</Text>
    </Row>
    <Row Tag="LOC_DIPLO_DELEGATION_FROM_AI_LEADER_GILGAMESH_ANY">
      <Text>Gilgamis'in heyeti size Sümer mücevherlerinden ve Ur'dan lirlerden olusan hediyeler getiriyor. Onlari sehrinize kabul edecek misiniz?</Text>
    </Row>
    <Row Tag="LOC_DIPLO_DELEGATION_FROM_AI_LEADER_GORGO_ANY">
      <Text>Spartali bir heyet sizi zeytinyagi ve kara çorba hediyeleriyle onurlandiriyor. Onlari onurla kabul edin.</Text>
    </Row>
    <Row Tag="LOC_DIPLO_DELEGATION_FROM_AI_LEADER_HARDRADA_ANY">
      <Text>Size rün taslari hediye eden tüccarlar gönderdim. Onlar güçlüdür - taslar, tüccarlar degil.</Text>
    </Row>
    <Row Tag="LOC_DIPLO_DELEGATION_FROM_AI_LEADER_HOJO_ANY">
      <Text>Size en büyük eserlerimizden bazilari olan yosegi-zukuri hediyeleriyle bir heyet gönderdik.</Text>
    </Row>
    <Row Tag="LOC_DIPLO_DELEGATION_FROM_AI_LEADER_PEDRO_ANY">
      <Text>Diplomatik heyetimizi baskentinizde kabul edecek misiniz?</Text>
    </Row>
    <Row Tag="LOC_DIPLO_DELEGATION_FROM_AI_LEADER_PERICLES_ANY">
      <Text>Size hediyeler tasiyan bir heyet gönderdik. Endiselenmeyin, büyük bir tahta at söz konusu degil.</Text>
    </Row>
    <Row Tag="LOC_DIPLO_DELEGATION_FROM_AI_LEADER_PETER_GREAT_ANY">
      <Text>Size en iyi havyar hediyelerini tasiyan bir ticaret heyeti gönderdim. Lütfen tadini çikarin.</Text>
    </Row>
    <Row Tag="LOC_DIPLO_DELEGATION_FROM_AI_LEADER_PHILIP_II_ANY">
      <Text>Sehrinize bir heyet gönderdim. Lütfen churroslarin tadini çikarin ve onlari nazikçe karsilayin.</Text>
    </Row>
    <Row Tag="LOC_DIPLO_DELEGATION_FROM_AI_LEADER_QIN_ANY">
      <Text>Ticaret heyetimiz, Orta Krallik'taki en iyi baharat, çay ve ipekten olusan hediyelerle yakinda burada olacak. Lütfen, tadini çikarin.</Text>
    </Row>
    <Row Tag="LOC_DIPLO_DELEGATION_FROM_AI_LEADER_SALADIN_ANY">
      <Text>Size imparatorlugumuzdan hediyelerle bir heyet gönderdim. En tatli meyveleri, en sicak günde bile sizi serinletecek nadir karlari ve en mükemmel atlari getirdiler. Lütfen onlari nezaketimiz olarak kabul edin.</Text>
    </Row>
    <Row Tag="LOC_DIPLO_DELEGATION_FROM_AI_LEADER_T_ROOSEVELT_ANY">
      <Text>Sizi gördügüme sevindim. Diplomatik heyetim birazdan taze pismis elmali turtalarla gelecek. Eminim onlari sicak bir sekilde karsilayacaksiniz.</Text>
    </Row>
    <Row Tag="LOC_DIPLO_DELEGATION_FROM_AI_LEADER_TOMYRIS_ANY">
      <Text>Size hediye olarak süslü bir gorytos tasiyan bir ticaret heyeti gönderdim. Bir yayiniz var, degil mi?</Text>
    </Row>
    <Row Tag="LOC_DIPLO_DELEGATION_FROM_AI_LEADER_TRAJAN_ANY">
      <Text>Size bir ticaret heyeti gönderdim. Pecorino Romano'nun tadini çikarin: yiyebileceginiz en iyi tuzlu, koyun sütü peyniri.</Text>
    </Row>
    <Row Tag="LOC_DIPLO_DELEGATION_FROM_AI_LEADER_VICTORIA_ANY">
      <Text>Selamlar. Birlesik Krallik adina bir Kraliyet elçisi gönderdik. Umariz iyi karsilanirlar.</Text>
    </Row>
    <Row Tag="LOC_DIPLO_DELEGATION_CHOICE_NEGATIVE">
      <Text>Baskentimiz su anda ziyaretçilere açik degildir.</Text>
    </Row>
    <Row Tag="LOC_DIPLO_DELEGATION_CHOICE_POSITIVE">
      <Text>Heyetiniz hos geldiniz.</Text>
    </Row>
    <!-- Human Accepts -->
    <Row Tag="LOC_DIPLO_ACCEPT_DELEGATION_FROM_AI_ANY_ANY">
      <Text>Mükemmel!</Text>
    </Row>
    <!-- Human Rejects -->
    <Row Tag="LOC_DIPLO_REJECT_DELEGATION_FROM_AI_ANY_ANY">
      <Text>Bu çok kötü, belki daha sonraki bir tarihte.</Text>
    </Row>
  </BaseGameText>
</GameData>