﻿<?xml version="1.0" encoding="utf-8"?>
<!-- edited with XMLSPY v2004 rel. 2 U (http://www.xmlspy.com) by Ed Beach (Firaxis Games) -->
<GameData>
  <BaseGameText>
    <!-- AI Kudos -->
    <Row Tag="LOC_DIPLO_KUDO_EXIT_ANY_ANY">
      <Text />
    </Row>
    <Row Tag="LOC_DIPLO_KUDO_EXIT_LEADER_CATHERINE_DE_MEDICI_ANY">
      <Text>Gördügüm kadariyla devlet sanatinin inceliklerinde de ustalasmissiniz. Ben de her zaman biraz casusluktan hoslanmisimdir.</Text>
    </Row>
    <Row Tag="LOC_DIPLO_KUDO_EXIT_LEADER_CLEOPATRA_ANY">
      <Text>Sadece zamanima degecek insanlarla ilgilenirim. Belli ki sen de onlardan birisin.</Text>
    </Row>
    <Row Tag="LOC_DIPLO_KUDO_EXIT_LEADER_BARBAROSSA_ANY">
      <Text>Sagduyunuzu takdir ediyorum. O sehir devletine yardim etmek ölüme davetiye çikarmaktir.</Text>
    </Row>
    <Row Tag="LOC_DIPLO_KUDO_EXIT_LEADER_GANDHI_ANY">
      <Text>Caydiricilikta utanilacak bir sey yoktur. Bir silaha sahip olmak onu kullanmaktan çok farklidir.</Text>
    </Row>
    <Row Tag="LOC_DIPLO_KUDO_EXIT_LEADER_GILGAMESH_ANY">
      <Text>Sen iyi bir dost ve müttefiksin. Gilgamis bunu hatirlayacaktir.</Text>
    </Row>
    <Row Tag="LOC_DIPLO_KUDO_EXIT_LEADER_GORGO_ANY">
      <Text>Senden iyi bir Spartali olurdu... Dirençli, güçlü, cesur.</Text>
    </Row>
    <Row Tag="LOC_DIPLO_KUDO_EXIT_LEADER_HARDRADA_ANY">
      <Text>Güçlü bir donanma... Bu çok güzel bir manzara.</Text>
    </Row>
    <Row Tag="LOC_DIPLO_KUDO_EXIT_LEADER_HOJO_ANY">
      <Text>Imparatorlugunuzu Yükselen Günes olarak insa ediyorsunuz: güçlü ve parlak.</Text>
    </Row>
    <Row Tag="LOC_DIPLO_KUDO_EXIT_LEADER_MVEMBA_ANY">
      <Text>Peygamberlerinizin ve rahiplerinizin sözlerini memnuniyetle karsiliyorum. Onlarin iyi çalismalarindan çok sey ögreniyoruz.</Text>
    </Row>
    <Row Tag="LOC_DIPLO_KUDO_EXIT_LEADER_PEDRO_ANY">
      <Text>Ulusumun parlak beyinlerinin basaracagi tüm o muhtesem seyleri hayal edin.</Text>
    </Row>
    <Row Tag="LOC_DIPLO_KUDO_EXIT_LEADER_PERICLES_ANY">
      <Text>Komsu sehir devletimizi bize birakmaniz akillica.</Text>
    </Row>
    <Row Tag="LOC_DIPLO_KUDO_EXIT_LEADER_PETER_GREAT_ANY">
      <Text>Sizinki taklit edilecek bir toplum. Sanat, bilim... Sizde olmayan ne var?</Text>
    </Row>
    <Row Tag="LOC_DIPLO_KUDO_EXIT_LEADER_PHILIP_II_ANY">
      <Text>Sapkinlara müsamaha gösteremeyecegimizi anlamaniz beni rahatlatti. Elbette bu Tanri'ya karsi gelmektir.</Text>
    </Row>
    <Row Tag="LOC_DIPLO_KUDO_EXIT_LEADER_QIN_ANY">
      <Text>Qin'in görkemli imparatorluguyla rekabet etmeye çalismamaniz iyi bir sey. Harikalarimiz taklit edilemez.</Text>
    </Row>
    <Row Tag="LOC_DIPLO_KUDO_EXIT_LEADER_SALADIN_ANY">
      <Text>Bereket üzerinizde olsun. Muhtesem ve mükemmel Tanri adina yaptiklarinizla hakikati ve merhameti yayiyorsunuz.</Text>
    </Row>
    <Row Tag="LOC_DIPLO_KUDO_EXIT_LEADER_T_ROOSEVELT_ANY">
      <Text>Kitada barisi sagladiginiz için tesekkürler. Bravo sana!</Text>
    </Row>
    <Row Tag="LOC_DIPLO_KUDO_EXIT_LEADER_TOMYRIS_ANY">
      <Text>Iki ulus hiç bu kadar güçlü olmamisti. Baris zamanlarinda nice zaferler kazanmaniz dilegiyle.</Text>
    </Row>
    <Row Tag="LOC_DIPLO_KUDO_EXIT_LEADER_TRAJAN_ANY">
      <Text>Imparatorlugunuz Jüpiter'in cennete ulasmasi gibi. Aferin sana.</Text>
    </Row>
    <Row Tag="LOC_DIPLO_KUDO_EXIT_LEADER_VICTORIA_ANY">
      <Text>Paylastigimiz kitadaki nazik çabalariniz için lütfen en içten tesekkürlerimi kabul edin.</Text>
    </Row>
    <Row Tag="LOC_DIPLO_KUDO_LEADER_CATHERINE_DE_MEDICI_REASON_ANY">
      <Text>(Diplomatik görünürlük ve casuslar konusunda güçlüsünüz)</Text>
    </Row>
    <Row Tag="LOC_DIPLO_KUDO_LEADER_CLEOPATRA_REASON_ANY">
      <Text>(Güçlü bir ordunuz var)</Text>
    </Row>
    <Row Tag="LOC_DIPLO_KUDO_LEADER_BARBAROSSA_REASON_ANY">
      <Text>(Sehir devletlerine saldirmiyor veya ittifak yapmiyorsunuz)</Text>
    </Row>
    <Row Tag="LOC_DIPLO_KUDO_LEADER_GANDHI_REASON_ANY">
      <Text>(Barisi koruyorsun)</Text>
    </Row>
    <Row Tag="LOC_DIPLO_KUDO_LEADER_GILGAMESH_REASON_ANY">
      <Text>(Sen benim arkadaslarimdan birisin)</Text>
    </Row>
    <Row Tag="LOC_DIPLO_KUDO_LEADER_GORGO_REASON_ANY">
      <Text>(Onurlu bir sekilde savastiniz ve bir baris anlasmasinda teslim olmadiniz)</Text>
    </Row>
    <Row Tag="LOC_DIPLO_KUDO_LEADER_HARDRADA_REASON_ANY">
      <Text>(Güçlü bir donanmaniz var)</Text>
    </Row>
    <Row Tag="LOC_DIPLO_KUDO_LEADER_HOJO_REASON_ANY">
      <Text>(Askeri alanda ve ayni zamanda Inanç ve Kültür alaninda güçlüsünüz)</Text>
    </Row>
    <Row Tag="LOC_DIPLO_KUDO_LEADER_MVEMBA_REASON_ANY">
      <Text>(Bir Din kurdunuz ve onu Kongo'ya getirdiniz)</Text>
    </Row>
    <Row Tag="LOC_DIPLO_KUDO_LEADER_PEDRO_REASON_ANY">
      <Text>(Daha fazla Büyük Insan kazanmak için tehdit etmiyorsunuz)</Text>
    </Row>
    <Row Tag="LOC_DIPLO_KUDO_LEADER_PERICLES_REASON_ANY">
      <Text>(Sehir devletleri üzerinde rekabet etmiyorsunuz)</Text>
    </Row>
    <Row Tag="LOC_DIPLO_KUDO_LEADER_PETER_GREAT_REASON_ANY">
      <Text>(Bilim ve Kültür alaninda güçlüsünüz)</Text>
    </Row>
    <Row Tag="LOC_DIPLO_KUDO_LEADER_PHILIP_II_REASON_ANY">
      <Text>(Onun Dinini paylasiyorsunuz)</Text>
    </Row>
    <Row Tag="LOC_DIPLO_KUDO_LEADER_QIN_REASON_ANY">
      <Text>(Daha fazla harikalar insa etmekle tehdit etmiyorsunuz)</Text>
    </Row>
    <Row Tag="LOC_DIPLO_KUDO_LEADER_SALADIN_REASON_ANY">
      <Text>(Imparatorlugunuzda onun dini binasi var)</Text>
    </Row>
    <Row Tag="LOC_DIPLO_KUDO_LEADER_T_ROOSEVELT_REASON_ANY">
      <Text>(Onun ana kitasinda barisi sagladiniz)</Text>
    </Row>
    <Row Tag="LOC_DIPLO_KUDO_LEADER_TOMYRIS_REASON_ANY">
      <Text>(Sen onun arkadaslarindan birisin)</Text>
    </Row>
    <Row Tag="LOC_DIPLO_KUDO_LEADER_TRAJAN_REASON_ANY">
      <Text>(Imparatorlugunuz büyük)</Text>
    </Row>
    <Row Tag="LOC_DIPLO_KUDO_LEADER_VICTORIA_REASON_ANY">
      <Text>(Ayni ana kitayi paylasiyorsunuz)</Text>
    </Row>
    <!-- Generic kudos for random agendas -->
    <Row Tag="LOC_DIPLO_KUDO_LEADER_ANY_REASON_ANY">
      <Text>Kudos - Nedeni Bilinmiyor</Text>
    </Row>
    <Row Tag="LOC_DIPLO_KUDO_LEADER_ANY_REASON_AGENDA_HIGH_CULTURE">
      <Text>Calisanlarinizin gelistirmekte oldugu essiz kültürden çok etkilendim.</Text>
    </Row>
    <Row Tag="LOC_DIPLO_KUDO_LEADER_ANY_REASON_AGENDA_HIGH_HAPPINESS">
      <Text>Halkinizin iktidarinizi kutlamak istedigine dair söylentiler duyuyorum. Onlari mutlu etmekte iyi is çikardin.</Text>
    </Row>
    <Row Tag="LOC_DIPLO_KUDO_LEADER_ANY_REASON_AGENDA_HIGH_INCOME">
      <Text>Hazineniz oldukça güzel doluyor. Böyle güçlü bir gelire sahip olmak her zaman güzeldir, degil mi?</Text>
    </Row>
    <Row Tag="LOC_DIPLO_KUDO_LEADER_ANY_REASON_AGENDA_HIGH_INDUSTRY">
      <Text>Calisanlarinizin üretkenligi için en içten tebriklerimi sunuyorum.</Text>
    </Row>
    <Row Tag="LOC_DIPLO_KUDO_LEADER_ANY_REASON_AGENDA_MODIFIER_NOT_COMPETING_MINORS">
      <Text>Bizler küçük uygarliklarin gerçek dostlariyiz. Bu gerçegi kabul ettiginiz için size minnettariz.</Text>
    </Row>
    <Row Tag="LOC_DIPLO_KUDO_LEADER_ANY_REASON_AGENDA_HIGH_POPULATION">
      <Text>Imparatorlugunuzda yasayan insan sayisi gerçekten etkileyici.</Text>
    </Row>
    <Row Tag="LOC_DIPLO_KUDO_LEADER_ANY_REASON_AGENDA_HIGH_SCIENCE">
      <Text>Bilimsel arastirmanizin derinliginden çok etkilendim.</Text>
    </Row>
    <Row Tag="LOC_DIPLO_KUDO_LEADER_ANY_REASON_AGENDA_HIGH_STANDING_ARMY">
      <Text>Etrafi etkileyici bir orduyla çevrili bir lideri severim.</Text>
    </Row>
    <Row Tag="LOC_DIPLO_KUDO_LEADER_ANY_REASON_AGENDA_ENJOYS_WAR">
      <Text>Bir uygarligin gerçek ruhu savasta ortaya çikar. Iyi olan kazansin.</Text>
    </Row>
    <Row Tag="LOC_DIPLO_KUDO_LEADER_ANY_REASON_AGENDA_MODIFIER_GREAT_PERSON_ADVOCATE_LAG">
      <Text>Dünyanin büyük beyinlerinin bizim imparatorlugumuzu sizinkine tercih ettigini görmekten memnuniyet duyuyorum.</Text>
    </Row>
    <Row Tag="LOC_DIPLO_KUDO_LEADER_ANY_REASON_AGENDA_MODIFIER_WONDER_ADVOCATE_LAG">
      <Text>Harika binayi bize birakmaniz beni mutlu ediyor.</Text>
    </Row>
    <Row Tag="LOC_DIPLO_KUDO_LEADER_ANY_REASON_AGENDA_HIGH_PROTECT_CITY_STATES">
      <Text>Bir sehir devletinin var olma hakkini korumaniz tüm dünya için örnek teskil etmektedir.</Text>
    </Row>
    <Row Tag="LOC_DIPLO_KUDO_LEADER_ANY_REASON_AGENDA_MED_PROTECT_CITY_STATES">
      <Text>Güçlü olan zayif olani korumalidir. Ayni fikirde oldugunuzu görmek güzel.</Text>
    </Row>
    <!--Kudos for future random agendas (not yet implemented)-->
    <Row Tag="LOC_DIPLO_KUDO_LEADER_ANY_REASON_AGENDA_HIGH_AIRPOWER">
      <Text>Hava kuvvetlerinizin gücünün hafife alinacak bir güç olmadigini söylemeliyim. Cok güzel.</Text>
    </Row>
    <Row Tag="LOC_DIPLO_KUDO_LEADER_ANY_REASON_AGENDA_PROTECTS_CITY_STATES">
      <Text>Kendilerine sahip çikamayanlara sahip çikmak takdire sayan bir seydir.</Text>
    </Row>
    <Row Tag="LOC_DIPLO_KUDO_LEADER_ANY_REASON_AGENDA_CLEARS_BARBARIAN_CAMPS">
      <Text>Bu Barbarlar hepimizin basina bela oldu. Yardimlariniz için tesekkürler!</Text>
    </Row>
    <Row Tag="LOC_DIPLO_KUDO_LEADER_ANY_REASON_AGENDA_ENVIRONMENT">
      <Text>Bize sadece bir dünya verildi ve buna saygi duyan tek kisi olmadigim için mutluyum.</Text>
    </Row>
    <Row Tag="LOC_DIPLO_KUDO_LEADER_ANY_REASON_AGENDA_EXPLOITATION">
      <Text>Dünya bizim! Ve aldiniz da.</Text>
    </Row>
    <Row Tag="LOC_DIPLO_KUDO_LEADER_ANY_REASON_AGENDA_SAME_GOVERNMENT">
      <Text>Sizin gibi düsünen bir birey oldugunuzu görüyorum ve hükümet uygulamalarinizi takdir ediyorum.</Text>
    </Row>
    <Row Tag="LOC_DIPLO_KUDO_LEADER_ANY_REASON_AGENDA_HIGH_NUKE_LOVE">
      <Text>Büyük beyinler benzer düsünür, görüyorum. Bu teknoloji için o kadar çok kullanim alani var ki...</Text>
    </Row>
    <Row Tag="LOC_DIPLO_KUDO_LEADER_ANY_REASON_AGENDA_HIGH_FAITH">
      <Text>Size ve ailenize esenlikler dilerim. Benim kadar dindar bir baskasini daha görmek yüreklendirici.</Text>
    </Row>
    <Row Tag="LOC_DIPLO_KUDO_LEADER_ANY_REASON_AGENDA_LOW_EXPLORATION">
      <Text>Evet, çok iyi. Kesfetme isini bana birak.</Text>
    </Row>
    <Row Tag="LOC_DIPLO_KUDO_LEADER_ANY_REASON_AGENDA_PARANOID">
      <Text>Imparatorlugunuzun bizimkine tehdit olusturmadigini görmek beni rahatlatti.</Text>
    </Row>
    <Row Tag="LOC_DIPLO_KUDO_AGENDA_EXPLANATION">
      <Text>[NEWLINE]({Name}'ün gündemini tatmin ettiniz, {Agenda}</Text>
    </Row>
    <Row Tag="LOC_DIPLO_KUDO_LEADER_ANY_REASON_AGENDA_ZEALOT">
      <Text>Tüm yaptiklarimizdan sonra bile, kurtarilmak istemeyen bazi ruhlar oldugu için hala endiseleniyorum.</Text>
    </Row>
    <Row Tag="LOC_DIPLO_KUDO_LEADER_MONTEZUMA_REASON_AGENDA_ZEALOT">
      <Text>Dogru inanci seçmis olmaniz çok güzel. Muhtemelen bunu bana duydugunuz hayranliktan dolayi yaptiniz. Bu anlasilabilir bir sey.</Text>
    </Row>
    <!-- AI Warnings-->
    <Row Tag="LOC_DIPLO_WARNING_EXIT_ANY_ANY">
      <Text />
    </Row>
    <Row Tag="LOC_DIPLO_WARNING_EXIT_LEADER_CATHERINE_DE_MEDICI_ANY">
      <Text>Etrafinizda olup bitenlere gerçekten dikkat etmeye baslamalisiniz. Burada pek çok düzeyde oyunlar oynaniyor.</Text>
    </Row>
    <Row Tag="LOC_DIPLO_WARNING_EXIT_LEADER_CLEOPATRA_ANY">
      <Text>Varligimizin tadini çikarmaya layik degilsiniz. Gücünüz, ordunuzun zayif oldugu kadar kirilgan.</Text>
    </Row>
    <Row Tag="LOC_DIPLO_WARNING_EXIT_LEADER_BARBAROSSA_ANY">
      <Text>Düsmanlarimi yok edecegim ve eger onlara yardim etmeye devam ederseniz, sizi de yok edecegim.</Text>
    </Row>
    <Row Tag="LOC_DIPLO_WARNING_EXIT_LEADER_GANDHI_ANY">
      <Text>Eger bu kadar kana susamissaniz, belki de liderliginize son vermeniz daha iyi olur.</Text>
    </Row>
    <Row Tag="LOC_DIPLO_WARNING_EXIT_LEADER_GILGAMESH_ANY">
      <Text>Dostlarima zarar verirseniz, Uruk'un kudretiyle yüzlesirsiniz  size söz veriyorum.</Text>
    </Row>
    <Row Tag="LOC_DIPLO_WARNING_EXIT_LEADER_GORGO_ANY">
      <Text>Kan dökmekten kaçinacak kadar korkak misin? Bu kadar kolay teslim olmak için mi? Onurun nerede senin?</Text>
    </Row>
    <Row Tag="LOC_DIPLO_WARNING_EXIT_LEADER_HARDRADA_ANY">
      <Text>Denizlerin korumasiz, dostum. Baskin yapmak çok kolay.</Text>
    </Row>
    <Row Tag="LOC_DIPLO_WARNING_EXIT_LEADER_HOJO_ANY">
      <Text>Bushido'yu takip etmek bedeni, zihni ve ruhu egitmektir... ama halkiniz bunu nerede yapabilir?</Text>
    </Row>
    <Row Tag="LOC_DIPLO_WARNING_EXIT_LEADER_MVEMBA_ANY">
      <Text>Dininizi yayma konusundaki isteksizliginizin sadece inanç eksikliginden kaynaklandigini varsayabilirim.</Text>
    </Row>
    <Row Tag="LOC_DIPLO_WARNING_EXIT_LEADER_PEDRO_ANY">
      <Text>En iyi mühendisleriniz ve mimarlariniz büyüyebilecekleri bir yerde daha mutlu olurlardi. Brezilya mesela.</Text>
    </Row>
    <Row Tag="LOC_DIPLO_WARNING_EXIT_LEADER_PERICLES_ANY">
      <Text>O sehir bizim. Karismamanizi tavsiye ederim.</Text>
    </Row>
    <Row Tag="LOC_DIPLO_WARNING_EXIT_LEADER_PETER_GREAT_ANY">
      <Text>Halkiniz bilgiye ve güzellige aç ama siz yine de bilimi ve sanati görmezden geliyorsunuz. Neden?</Text>
    </Row>
    <Row Tag="LOC_DIPLO_WARNING_EXIT_LEADER_PHILIP_II_ANY">
      <Text>Tövbe etmek yerine, küfrediyorsunuz. Tanri'nin intikami basiniza inecek.</Text>
    </Row>
    <Row Tag="LOC_DIPLO_WARNING_EXIT_LEADER_QIN_ANY">
      <Text>Orta Krallik'in eserlerine bakmak varken merak etmeye ne gerek var?</Text>
    </Row>
    <Row Tag="LOC_DIPLO_WARNING_EXIT_LEADER_SALADIN_ANY">
      <Text>Kutsala saygisizliga tahammül edemem. En yüce olana, hiçbir kusur tanimayana karsi ettigin küfrün bedelini ödeyeceksin.</Text>
    </Row>
    <Row Tag="LOC_DIPLO_WARNING_EXIT_LEADER_T_ROOSEVELT_ANY">
      <Text>Hiç kimse yasalarin üstünde degildir. Bunu hatirlamanizda fayda var.</Text>
    </Row>
    <Row Tag="LOC_DIPLO_WARNING_EXIT_LEADER_TOMYRIS_ANY">
      <Text>Sadakat kendi basina bir ödüldür. Bunu bilmiyor musun?</Text>
    </Row>
    <Row Tag="LOC_DIPLO_WARNING_EXIT_LEADER_TRAJAN_ANY">
      <Text>Topragin en zengin kisimlarini düsmanlarinizin ele geçirmesi için biraktiniz. Genislemekten bu kadar mi korkuyorsunuz?</Text>
    </Row>
    <Row Tag="LOC_DIPLO_WARNING_EXIT_LEADER_VICTORIA_ANY">
      <Text>Ingiltere ve onun sadik kolonileri karsisinda tehlikeli sularda yüzüyorsunuz.</Text>
    </Row>
    <Row Tag="LOC_DIPLO_WARNING_LEADER_CATHERINE_DE_MEDICI_REASON_ANY">
      <Text>(Diplomatik görünürlük ve Casuslar konusunda zayifsiniz.)</Text>
    </Row>
    <Row Tag="LOC_DIPLO_WARNING_LEADER_CLEOPATRA_REASON_ANY">
      <Text>(Zayif bir ordunuz var.)</Text>
    </Row>
    <Row Tag="LOC_DIPLO_WARNING_LEADER_BARBAROSSA_REASON_ANY">
      <Text>(Sehir devletlerini fethediyor veya onlarla ittifak yapiyorsunuz).</Text>
    </Row>
    <Row Tag="LOC_DIPLO_WARNING_LEADER_GANDHI_REASON_ANY">
      <Text>(Savas çigirtkanligi yapiyorsunuz.)</Text>
    </Row>
    <Row Tag="LOC_DIPLO_WARNING_LEADER_GILGAMESH_REASON_ANY">
      <Text>(Arkadaslarimdan birini ihbar ettiniz.)</Text>
    </Row>
    <Row Tag="LOC_DIPLO_WARNING_LEADER_GORGO_REASON_ANY">
      <Text>(Hiçbir zaman savasa girmediniz ya da bir baris anlasmasinda teslim olmadiniz).</Text>
    </Row>
    <Row Tag="LOC_DIPLO_WARNING_LEADER_HARDRADA_REASON_ANY">
      <Text>(Zayif bir donanmaniz var.)</Text>
    </Row>
    <Row Tag="LOC_DIPLO_WARNING_LEADER_HOJO_REASON_ANY">
      <Text>(Askeri alanda güçlüsünüz ancak Inanç ve Kültür alaninda degilsiniz).</Text>
    </Row>
    <Row Tag="LOC_DIPLO_WARNING_LEADER_MVEMBA_REASON_ANY">
      <Text>(Bir din kurdunuz ama onu Kongo'ya getirmediniz).</Text>
    </Row>
    <Row Tag="LOC_DIPLO_WARNING_LEADER_PEDRO_REASON_ANY">
      <Text>(Daha fazla Harika Insan ise aldiniz.)</Text>
    </Row>
    <Row Tag="LOC_DIPLO_WARNING_LEADER_PERICLES_REASON_ANY">
      <Text>(Sehir devletleri üzerinde rekabet ediyorsunuz.)</Text>
    </Row>
    <Row Tag="LOC_DIPLO_WARNING_LEADER_PETER_GREAT_REASON_ANY">
      <Text>(Bilim ve Kültür alaninda zayifsiniz.)</Text>
    </Row>
    <Row Tag="LOC_DIPLO_WARNING_LEADER_PHILIP_II_REASON_ANY">
      <Text>(Dininizi onun sehirlerine yayiyorsunuz.)</Text>
    </Row>
    <Row Tag="LOC_DIPLO_WARNING_LEADER_QIN_REASON_ANY">
      <Text>(Daha fazla harikalar insa ettiniz.)</Text>
    </Row>
    <Row Tag="LOC_DIPLO_WARNING_LEADER_SALADIN_REASON_ANY">
      <Text>(Rakip bir Din baslattiniz, özellikle de onun Dinini takip eden bir uygarlikla savas halindeyseniz).</Text>
    </Row>
    <Row Tag="LOC_DIPLO_WARNING_LEADER_T_ROOSEVELT_REASON_ANY">
      <Text>(Kendi kitasinda birine saldirdiniz.)</Text>
    </Row>
    <Row Tag="LOC_DIPLO_WARNING_LEADER_TOMYRIS_REASON_ANY">
      <Text>(Bir arkadasinizi sirtindan biçakladiniz veya sürpriz bir savas ilan ettiniz).</Text>
    </Row>
    <Row Tag="LOC_DIPLO_WARNING_LEADER_TRAJAN_REASON_ANY">
      <Text>(Imparatorlugunuz küçük.)</Text>
    </Row>
    <Row Tag="LOC_DIPLO_WARNING_LEADER_VICTORIA_REASON_ANY">
      <Text>(Onun yerlesmek istedigi bir kitada varliginiz var.)</Text>
    </Row>
    <!-- Generic warnings for random agendas -->
    <Row Tag="LOC_DIPLO_WARNING_LEADER_ANY_REASON_ANY">
      <Text>Uyari - Nedeni Bilinmiyor</Text>
    </Row>
    <Row Tag="LOC_DIPLO_WARNING_LEADER_ANY_REASON_AGENDA_LOW_CULTURE">
      <Text>Güçlü bir kültür gelistirmek için pek bir sey yapmiyorsunuz. Calisanlariniz hakkinda neyi hatirlamamiz gerekecek?</Text>
    </Row>
    <Row Tag="LOC_DIPLO_WARNING_LEADER_ANY_REASON_AGENDA_LOW_HAPPINESS">
      <Text>Vatandaslariniz için birkaç olanak daha arastirmak isteyebilirsiniz. Yönetiminizden hoslandiklarini sanmiyorum.</Text>
    </Row>
    <Row Tag="LOC_DIPLO_WARNING_LEADER_ANY_REASON_AGENDA_LOW_INCOME">
      <Text>Imparatorlugunuz iflasa dogru gidiyor.  Borçlar birikirken nasil hayatta kalabilirsiniz?</Text>
    </Row>
    <Row Tag="LOC_DIPLO_WARNING_LEADER_ANY_REASON_AGENDA_MODIFIER_COMPETING_MINORS">
      <Text>Sehir devletleriyle ortak bir amaç için tehlikeli bir zemine basiyorsunuz. Onlari bize birakin.</Text>
    </Row>
    <Row Tag="LOC_DIPLO_WARNING_LEADER_ANY_REASON_AGENDA_LOW_INDUSTRY">
      <Text>Halkiniz tembel ve degersiz. Hiçbir sey üretemezseniz, uygarliginiz yakinda unutulacak.</Text>
    </Row>
    <Row Tag="LOC_DIPLO_WARNING_LEADER_ANY_REASON_AGENDA_LOW_POPULATION">
      <Text>Imparatorlugunuzda yasayan çok az insan var. Bir seyler yapmak zor olmali.</Text>
    </Row>
    <Row Tag="LOC_DIPLO_WARNING_LEADER_ANY_REASON_AGENDA_LOW_SCIENCE">
      <Text>Arastirma için fazla zaman harcamiyorsunuz. Calisanlariniz nasil yetisecek?</Text>
    </Row>
    <Row Tag="LOC_DIPLO_WARNING_LEADER_ANY_REASON_AGENDA_LOW_STANDING_ARMY">
      <Text>Cok az askerin var.  Hayatiniz için korkmuyor musunuz?</Text>
    </Row>
    <Row Tag="LOC_DIPLO_WARNING_LEADER_ANY_REASON_AGENDA_PARANOID">
      <Text>Sehirleriniz çok yakin.  Askerleriniz çok güçlü.  Beni tedirgin ediyorsunuz!</Text>
    </Row>
    <Row Tag="LOC_DIPLO_WARNING_LEADER_ANY_REASON_AGENDA_MODIFIER_GREAT_PERSON_ADVOCATE_LEAD">
      <Text>Arzuladigimiz harika insanlari ise almaniz gerçek bir sorun haline geliyor.</Text>
    </Row>
    <Row Tag="LOC_DIPLO_WARNING_LEADER_ANY_REASON_AGENDA_MODIFIER_WONDER_ADVOCATE_LEAD">
      <Text>Harikalar yaratan en önde gelen kisiler olmamiz gerektiginin farkinda degil misiniz?</Text>
    </Row>
    <Row Tag="LOC_DIPLO_WARNING_LEADER_ANY_REASON_AGENDA_HIGH_ATTACK_CITY_STATES">
      <Text>Sadece korkaklar dünyanin küçük güçlerine saldirir. Bizim için degersizsiniz.</Text>
    </Row>
    <Row Tag="LOC_DIPLO_WARNING_LEADER_ANY_REASON_AGENDA_MED_ATACK_CITY_STATES">
      <Text>Bunu bir uyari olarak kabul edin. Küçük güçlere bir daha saldirmayin.</Text>
    </Row>
    <!--Warnings for future random agendas (not yet implemented)-->
    <Row Tag="LOC_DIPLO_WARNING_LEADER_ANY_REASON_AGENDA_LOW_AIRPOWER">
      <Text>Ayaklarinizi yere basmanin zaferi yoktur. Gerçekten bir hava kuvvetleri kurmayi denemelisin.</Text>
    </Row>
    <Row Tag="LOC_DIPLO_WARNING_LEADER_ANY_REASON_AGENDA_ATTACKS_CITY_STATES">
      <Text>Zayiflara zorbalik yapmak acinacak bir seydir.</Text>
    </Row>
    <Row Tag="LOC_DIPLO_WARNING_LEADER_ANY_REASON_AGENDA_IGNORES_BARBARIAN_CAMPS">
      <Text>O Barbarlarin evinizin bu kadar yakininda cirit atmasina nasil izin verirsiniz?</Text>
    </Row>
    <Row Tag="LOC_DIPLO_WARNING_LEADER_ANY_REASON_AGENDA_ENVIRONMENT">
      <Text>Size sunu söylemeliyim ki, dünyamiza verdiginiz zarar sadece sizi degil, komsularinizi da etkiliyor.</Text>
    </Row>
    <Row Tag="LOC_DIPLO_WARNING_LEADER_ANY_REASON_AGENDA_EXPLOITATION">
      <Text>Bereketli topraklar etrafinizi sariyor! Onlari nasil görmezden gelebilirsiniz?</Text>
    </Row>
    <Row Tag="LOC_DIPLO_WARNING_LEADER_ANY_REASON_AGENDA_DIFFERENT_GOVERNMENT">
      <Text>Ideolojik farkliliklarimiz sadece baslangiç. Halkinizi yönetme seklinizi onaylayamam.</Text>
    </Row>
    <Row Tag="LOC_DIPLO_WARNING_LEADER_ANY_REASON_AGENDA_LOW_NUKE_LOVE">
      <Text>Nükleer silahlar gelecek! Bunu nasil göremezsiniz?</Text>
    </Row>
    <Row Tag="LOC_DIPLO_WARNING_LEADER_ANY_REASON_AGENDA_LOW_FAITH">
      <Text>Size ne yol gösterir? Elbette, hiçbir seye inanamazsiniz. Gelin, halkiniza isigi gösterin!</Text>
    </Row>
    <Row Tag="LOC_DIPLO_WARNING_LEADER_ANY_REASON_AGENDA_HIGH_EXPLORATION">
      <Text>Kesfedilecek çok sey var ve korkarim kendi kasiflerimden önce yola çikan hiç kimseye tahammül edemem.</Text>
    </Row>
    <Row Tag="LOC_DIPLO_WARNING_AGENDA_EXPLANATION">
      <Text>[NEWLINE]({Name}'ün gündemini astiniz, {Agenda})</Text>
    </Row>
    <Row Tag="LOC_DIPLO_WARNING_LEADER_MONTEZUMA_REASON_AGENDA_ZEALOT">
      <Text>Ben size dinimi hediye ediyorum! Neden kabul etmiyorsunuz? Kendinden utanacaksin ve öbür dünyada yikimla yüzleseceksin!</Text>
    </Row>
    <Row Tag="LOC_DIPLO_WARNING_LEADER_ANY_REASON_AGENDA_ZEALOT">
      <Text>Isteseniz de istemeseniz de ruhunuzun kurtulusunu görmek niyetindeyim!</Text>
    </Row>
  </BaseGameText>
</GameData>