﻿<?xml version="1.0" encoding="utf-8"?>
<!-- edited with XMLSPY v2004 rel. 2 U (http://www.xmlspy.com) by Ed Beach (Firaxis Games) -->
<GameData>
  <BaseGameText>
    <!-- AI accepts from human -->
    <Row Tag="LOC_DIPLO_ACCEPT_EMBASSY_FROM_HUMAN_ANY_ANY">
      <Text>Baskentimizde bir büyükelçilik insa etmenize izin vermekten mutluluk duyariz.</Text>
    </Row>
    <!-- AI rejects from human -->
    <Row Tag="LOC_DIPLO_REJECT_EMBASSY_FROM_HUMAN_ANY_ANY">
      <Text>Su anda ilgilenmiyoruz.</Text>
    </Row>
    <!-- AI requests from human -->
    <Row Tag="LOC_DIPLO_EMBASSY_FROM_AI_ANY_ANY">
      <Text>Baskentinizde bir elçilik kurmamiza izin verecek misiniz?</Text>
    </Row>
    <!-- Human accepts AI, AI responds -->
    <Row Tag="LOC_DIPLO_ACCEPT_EMBASSY_FROM_AI_ANY_ANY">
      <Text>Oh mutlu bir gün!</Text>
    </Row>
    <!-- Human rejects AI, AI responds -->
    <Row Tag="LOC_DIPLO_REJECT_EMBASSY_FROM_AI_ANY_ANY">
      <Text>Hayal kirikligi.</Text>
    </Row>
    <!-- Choices -->
    <Row Tag="LOC_DIPLO_EMBASSY_CHOICE_NEGATIVE">
      <Text>Baskentimiz su anda yeni sakin kabul etmemektedir.</Text>
    </Row>
    <Row Tag="LOC_DIPLO_EMBASSY_CHOICE_POSITIVE">
      <Text>Büyükelçiliginiz baskentimiz için memnuniyet verici bir katkidir.</Text>
    </Row>
  </BaseGameText>
</GameData>