﻿<?xml version="1.0" encoding="utf-8"?>
<GameData>
  <BaseGameText>
    <!-- AI accepts from human -->
    <Row Tag="LOC_DIPLO_MAKE_PEACE_AI_ACCEPT_DEAL_ANY_ANY">
      <Text>Baris sartlarinizi kabul ediyorum.</Text>
    </Row>
    <Row Tag="LOC_DIPLO_MAKE_PEACE_AI_ACCEPT_DEAL_LEADER_MVEMBA_ANY">
      <Text>Baris sizinle olsun.</Text>
    </Row>
    <Row Tag="LOC_DIPLO_MAKE_PEACE_AI_ACCEPT_DEAL_LEADER_CATHERINE_DE_MEDICI_ANY">
      <Text>Bir savas kiskirticisi olarak hatirlanmak istemiyorum. Farkliliklarimizi bir kenara birakalim.</Text>
    </Row>
    <Row Tag="LOC_DIPLO_MAKE_PEACE_AI_ACCEPT_DEAL_LEADER_CLEOPATRA_ANY">
      <Text>Itiraf etmeliyim ki, seninle huzur içinde olmayi tercih ederim.</Text>
    </Row>
    <Row Tag="LOC_DIPLO_MAKE_PEACE_AI_ACCEPT_DEAL_LEADER_BARBAROSSA_ANY">
      <Text>Cesurca savastiniz ve barisi hak ettiniz. Ateskes teklif etmekten mutluluk duyariz.</Text>
    </Row>
    <Row Tag="LOC_DIPLO_MAKE_PEACE_AI_ACCEPT_DEAL_LEADER_GANDHI_ANY">
      <Text>Evet, evet. Bu iyi bir sey.</Text>
    </Row>
    <Row Tag="LOC_DIPLO_MAKE_PEACE_AI_ACCEPT_DEAL_LEADER_GILGAMESH_ANY">
      <Text>Güçlü bir rakibe saygi duyarim. Baris içinde olalim.</Text>
    </Row>
    <Row Tag="LOC_DIPLO_MAKE_PEACE_AI_ACCEPT_DEAL_LEADER_GORGO_ANY">
      <Text>Bu savas artik sona erdi. Eger yasamak istiyorsaniz, baris yapabilirsiniz.</Text>
    </Row>
    <Row Tag="LOC_DIPLO_MAKE_PEACE_AI_ACCEPT_DEAL_LEADER_HARDRADA_ANY">
      <Text>Cok iyi.</Text>
    </Row>
    <Row Tag="LOC_DIPLO_MAKE_PEACE_AI_ACCEPT_DEAL_LEADER_HOJO_ANY">
      <Text>Savas alaninda dengimi bulmaktan onur duyuyorum. Böyle büyük bir savasçiyi yok etmektense kilicimi kinina sokarim.</Text>
    </Row>
    <Row Tag="LOC_DIPLO_MAKE_PEACE_AI_ACCEPT_DEAL_LEADER_PEDRO_ANY">
      <Text>Baris sartlarinizi kabul ediyorum.</Text>
    </Row>
    <Row Tag="LOC_DIPLO_MAKE_PEACE_AI_ACCEPT_DEAL_LEADER_PERICLES_ANY">
      <Text>Iyi bir teklif, kabul ediyoruz.</Text>
    </Row>
    <Row Tag="LOC_DIPLO_MAKE_PEACE_AI_ACCEPT_DEAL_LEADER_PETER_GREAT_ANY">
      <Text>Ölümden çok yasami sürdürmekle ilgileniyorum. Aramizda baris olsun.</Text>
    </Row>
    <Row Tag="LOC_DIPLO_MAKE_PEACE_AI_ACCEPT_DEAL_LEADER_PHILIP_II_ANY">
      <Text>Size ve Imparatorlugunuza baris. Savastan yorulduk.</Text>
    </Row>
    <Row Tag="LOC_DIPLO_MAKE_PEACE_AI_ACCEPT_DEAL_LEADER_QIN_ANY">
      <Text>Etkilendik. Aramizda baris olsun.</Text>
    </Row>
    <Row Tag="LOC_DIPLO_MAKE_PEACE_AI_ACCEPT_DEAL_LEADER_SALADIN_ANY">
      <Text>Bu kadar çok savas yasamisken simdi bilgeligi ve barisi taniyalim.</Text>
    </Row>
    <Row Tag="LOC_DIPLO_MAKE_PEACE_AI_ACCEPT_DEAL_LEADER_T_ROOSEVELT_ANY">
      <Text>Kendi hak ve çikarlarini korumak ulusumuzun görevidir. Bu görev tamamlandi  baris içinde ilerleyelim.</Text>
    </Row>
    <Row Tag="LOC_DIPLO_MAKE_PEACE_AI_ACCEPT_DEAL_LEADER_TOMYRIS_ANY">
      <Text>Baris sartlarinizi kabul ediyorum.</Text>
    </Row>
    <Row Tag="LOC_DIPLO_MAKE_PEACE_AI_ACCEPT_DEAL_LEADER_TRAJAN_ANY">
      <Text>Evet, ateskes ilan edelim. Bu savas bizi hiçbir yere götürmüyor.</Text>
    </Row>
    <Row Tag="LOC_DIPLO_MAKE_PEACE_AI_ACCEPT_DEAL_LEADER_VICTORIA_ANY">
      <Text>Büyük Britanya ve Irlanda Birlesik Kralligi adina, iki ulusumuz arasindaki bu barisi onayliyorum.</Text>
    </Row>
    <!-- AI refuses human -->
    <Row Tag="LOC_DIPLO_MAKE_PEACE_AI_REFUSE_DEAL_ANY_ANY">
      <Text>Aramizda baris olamaz!</Text>
    </Row>
    <Row Tag="LOC_DIPLO_MAKE_PEACE_AI_REFUSE_DEAL_LEADER_MVEMBA_ANY">
      <Text>Evet diyemem.</Text>
    </Row>
    <Row Tag="LOC_DIPLO_MAKE_PEACE_AI_REFUSE_DEAL_LEADER_CATHERINE_DE_MEDICI_ANY">
      <Text>Kesinlikle olmaz.</Text>
    </Row>
    <Row Tag="LOC_DIPLO_MAKE_PEACE_AI_REFUSE_DEAL_LEADER_CLEOPATRA_ANY">
      <Text>Hayir! Bunu kabul etmiyorum!</Text>
    </Row>
    <Row Tag="LOC_DIPLO_MAKE_PEACE_AI_REFUSE_DEAL_LEADER_BARBAROSSA_ANY">
      <Text>Ben yasarken olmaz.</Text>
    </Row>
    <Row Tag="LOC_DIPLO_MAKE_PEACE_AI_REFUSE_DEAL_LEADER_GANDHI_ANY">
      <Text>Üzgünüm ama hayir.</Text>
    </Row>
    <Row Tag="LOC_DIPLO_MAKE_PEACE_AI_REFUSE_DEAL_LEADER_GILGAMESH_ANY">
      <Text>Gilgamis reddediyor.</Text>
    </Row>
    <Row Tag="LOC_DIPLO_MAKE_PEACE_AI_REFUSE_DEAL_LEADER_GORGO_ANY">
      <Text>Bunu daha sonra düsünecegim.</Text>
    </Row>
    <Row Tag="LOC_DIPLO_MAKE_PEACE_AI_REFUSE_DEAL_LEADER_HARDRADA_ANY">
      <Text>Hayir. Kabul edemem.</Text>
    </Row>
    <Row Tag="LOC_DIPLO_MAKE_PEACE_AI_REFUSE_DEAL_LEADER_HOJO_ANY">
      <Text>Ben yasarken olmaz.</Text>
    </Row>
    <Row Tag="LOC_DIPLO_MAKE_PEACE_AI_REFUSE_DEAL_LEADER_PEDRO_ANY">
      <Text>Aramizda baris olamaz!</Text>
    </Row>
    <Row Tag="LOC_DIPLO_MAKE_PEACE_AI_REFUSE_DEAL_LEADER_PERICLES_ANY">
      <Text>Atina geriliyor.</Text>
    </Row>
    <Row Tag="LOC_DIPLO_MAKE_PEACE_AI_REFUSE_DEAL_LEADER_PETER_GREAT_ANY">
      <Text>Tüm Ruslar için degil.</Text>
    </Row>
    <Row Tag="LOC_DIPLO_MAKE_PEACE_AI_REFUSE_DEAL_LEADER_PHILIP_II_ANY">
      <Text>Hayir, Tanri askina!</Text>
    </Row>
    <Row Tag="LOC_DIPLO_MAKE_PEACE_AI_REFUSE_DEAL_LEADER_QIN_ANY">
      <Text>Yalvarislarinizi görmezden gelecegiz.</Text>
    </Row>
    <Row Tag="LOC_DIPLO_MAKE_PEACE_AI_REFUSE_DEAL_LEADER_SALADIN_ANY">
      <Text>Daha iyi bir teklif yapmalisin.</Text>
    </Row>
    <Row Tag="LOC_DIPLO_MAKE_PEACE_AI_REFUSE_DEAL_LEADER_T_ROOSEVELT_ANY">
      <Text>Ciddi olamazsin!</Text>
    </Row>
    <Row Tag="LOC_DIPLO_MAKE_PEACE_AI_REFUSE_DEAL_LEADER_TOMYRIS_ANY">
      <Text>Aramizda baris olamaz!</Text>
    </Row>
    <Row Tag="LOC_DIPLO_MAKE_PEACE_AI_REFUSE_DEAL_LEADER_TRAJAN_ANY">
      <Text>Tüm Imparatorlugunuz için degil.</Text>
    </Row>
    <Row Tag="LOC_DIPLO_MAKE_PEACE_AI_REFUSE_DEAL_LEADER_VICTORIA_ANY">
      <Text>Kesinlikle hayir.</Text>
    </Row>
    <!-- AI requests from human -->
    <Row Tag="LOC_DIPLO_MAKE_PEACE_FROM_AI_ANY_ANY">
      <Text>Baris, tamam mi?</Text>
    </Row>
    <Row Tag="LOC_DIPLO_MAKE_PEACE_FROM_AI_LEADER_MVEMBA_ANY">
      <Text>Bu savasin sona ermesine izin verin. Bunun yerine barisin kutsal isiginda yürüyelim.</Text>
    </Row>
    <Row Tag="LOC_DIPLO_MAKE_PEACE_FROM_AI_LEADER_CATHERINE_DE_MEDICI_ANY">
      <Text>Sevdiklerimizin hatiri için yalvariyorum, aramizda baris olsun.</Text>
    </Row>
    <Row Tag="LOC_DIPLO_MAKE_PEACE_FROM_AI_LEADER_CLEOPATRA_ANY">
      <Text>Baris savastan çok daha ilginç, sizce de öyle degil mi?</Text>
    </Row>
    <Row Tag="LOC_DIPLO_MAKE_PEACE_FROM_AI_LEADER_BARBAROSSA_ANY">
      <Text>Halkinizi iyi savundunuz. Eger kabul ederseniz, simdi size baris verecegim.</Text>
    </Row>
    <Row Tag="LOC_DIPLO_MAKE_PEACE_FROM_AI_LEADER_GANDHI_ANY">
      <Text>Göze göz sadece dünyayi kör eder. Bunun yerine barisa sahip olalim.</Text>
    </Row>
    <Row Tag="LOC_DIPLO_MAKE_PEACE_FROM_AI_LEADER_GILGAMESH_ANY">
      <Text>Yeralti dünyasinin derinliklerinden Ea'nin daglarina kadar, senin kadar güçlü bir rakiple hiç savasmadim. Baris yapalim.</Text>
    </Row>
    <Row Tag="LOC_DIPLO_MAKE_PEACE_FROM_AI_LEADER_GORGO_ANY">
      <Text>Dinlenmeyi hak ettiniz... Huzur mu?</Text>
    </Row>
    <Row Tag="LOC_DIPLO_MAKE_PEACE_FROM_AI_LEADER_HARDRADA_ANY">
      <Text>Eger istersen sana baris veririm. Ikimizin de sayacak ganimeti var.</Text>
    </Row>
    <Row Tag="LOC_DIPLO_MAKE_PEACE_FROM_AI_LEADER_HOJO_ANY">
      <Text>Ugruna savasacak bir sey kalmadi. Bunun yerine eylemlerimiz üzerinde düsünelim.</Text>
    </Row>
    <Row Tag="LOC_DIPLO_MAKE_PEACE_FROM_AI_LEADER_PEDRO_ANY">
      <Text>Baris zamani geldi. Katiliyor musunuz?</Text>
    </Row>
    <Row Tag="LOC_DIPLO_MAKE_PEACE_FROM_AI_LEADER_PERICLES_ANY">
      <Text>Demokrasi baris için oy verdi. Bu savasin sona ermesini kabul edecek misiniz?</Text>
    </Row>
    <Row Tag="LOC_DIPLO_MAKE_PEACE_FROM_AI_LEADER_PETER_GREAT_ANY">
      <Text>Eger müzakere etmeye istekliyseniz, bu savasi sona erdirmek için ortak bir zemin bulabilirim.</Text>
    </Row>
    <Row Tag="LOC_DIPLO_MAKE_PEACE_FROM_AI_LEADER_PHILIP_II_ANY">
      <Text>Aramizda Tanri'nin esenligi olsun.</Text>
    </Row>
    <Row Tag="LOC_DIPLO_MAKE_PEACE_FROM_AI_LEADER_QIN_ANY">
      <Text>Baris zamani geldi. Bu savasi bitirelim.</Text>
    </Row>
    <Row Tag="LOC_DIPLO_MAKE_PEACE_FROM_AI_LEADER_SALADIN_ANY">
      <Text>Baris senin ve ikimizin üzerine olsun. Bu savasi bitirmeme yardim edecek misin?</Text>
    </Row>
    <Row Tag="LOC_DIPLO_MAKE_PEACE_FROM_AI_LEADER_T_ROOSEVELT_ANY">
      <Text>Ülkenin çikarlarini korudum ve haklarimizi muhafaza ettim. Bu is tamamlandi. Artik baris içinde yasayabiliriz.</Text>
    </Row>
    <Row Tag="LOC_DIPLO_MAKE_PEACE_FROM_AI_LEADER_TOMYRIS_ANY">
      <Text>Baris zamani geldi. Katiliyor musunuz?</Text>
    </Row>
    <Row Tag="LOC_DIPLO_MAKE_PEACE_FROM_AI_LEADER_TRAJAN_ANY">
      <Text>Savas, korkunç savas! Bunun yerine bir Roma barisi yapalim. Cevabiniz nedir?</Text>
    </Row>
    <Row Tag="LOC_DIPLO_MAKE_PEACE_FROM_AI_LEADER_VICTORIA_ANY">
      <Text>Karsilikli memnuniyetimizi saglayacak bir anlasmaya varilabilecegini düsünmeden edemiyoruz.</Text>
    </Row>
    <!-- Human accepts, AI responds -->
    <Row Tag="LOC_DIPLO_ACCEPT_MAKE_PEACE_FROM_AI_ANY_ANY">
      <Text>Savas sona erdi.</Text>
    </Row>
    <!-- Human rejects, AI responds -->
    <Row Tag="LOC_DIPLO_REJECT_MAKE_PEACE_FROM_AI_ANY_ANY">
      <Text>O zaman savas devam eder.</Text>
    </Row>
    <!-- Choices -->
    <Row Tag="LOC_DIPLO_MAKE_PEACE_CHOICE_NEGATIVE">
      <Text>Baris Anlasmasini Reddetmek</Text>
    </Row>
    <Row Tag="LOC_DIPLO_MAKE_PEACE_CHOICE_POSITIVE">
      <Text>Baris Anlasmasini Kabul Et</Text>
    </Row>
  </BaseGameText>
</GameData>