﻿<?xml version="1.0" encoding="utf-8"?>
<!-- edited with XMLSPY v2004 rel. 2 U (http://www.xmlspy.com) by Ed Beach (Firaxis Games) -->
<GameData>
  <BaseGameText>
    <Row Tag="LOC_DIPLOMACY_DEAL_GOLD_PER_TURN">
      <Text>DÖNÜS BASINA ALTIN</Text>
    </Row>
    <Row Tag="LOC_DIPLOMACY_DEAL_GOLD_PER_TURN_WITH_TURNS">
      <Text>TUR BASINA ALTIN[newline]{1_number} DÖNÜSLER</Text>
    </Row>
    <Row Tag="LOC_DIPLOMACY_DEAL_FOR_TURNS">
      <Text>ICIN {1_number} DÖNÜSLER</Text>
    </Row>
    <Row Tag="LOC_DIPLOMACY_DEAL_FOR_30_TURNS">
      <Text>30 TUR ICIN</Text>
    </Row>
    <Row Tag="LOC_DIPLOMACY_DEAL_ONE_TIME">
      <Text>TEK SEFERLIK FIRSATLAR</Text>
    </Row>
    <Row Tag="LOC_DIPLOMACY_DEAL_LUXURY_RESOURCES">
      <Text>LÜKS KAYNAKLAR</Text>
    </Row>
    <Row Tag="LOC_DIPLOMACY_DEAL_STRATEGIC_RESOURCES">
      <Text>STRATEJIK KAYNAKLAR</Text>
    </Row>
    <Row Tag="LOC_DIPLOMACY_DEAL_AGREEMENTS">
      <Text>ANLASMALAR</Text>
    </Row>
    <Row Tag="LOC_DIPLOMACY_DEAL_CITIES">
      <Text>SEHIRLER</Text>
    </Row>
    <Row Tag="LOC_DIPLOMACY_DEAL_OTHER_PLAYERS">
      <Text>DIGER OYUNCULAR</Text>
    </Row>
    <Row Tag="LOC_DIPLOMACY_DEAL_CAPTIVES">
      <Text>KAPTANLAR</Text>
    </Row>
    <Row Tag="LOC_DIPLOMACY_DEAL_GREAT_WORKS">
      <Text>BÜYÜK ISLER</Text>
    </Row>
    <Row Tag="LOC_DIPLOMACY_DEAL_TECHNOLOGIES">
      <Text>TEKNOLOJILER</Text>
    </Row>
    <Row Tag="LOC_DIPLOMACY_DEAL_PLAYER_PANEL_TITLE">
      <Text>{1_LeaderName}[NEWLINE]{2_CivName}</Text>
    </Row>
    <Row Tag="LOC_DIPLOMACY_DEAL_ACCEPT_DEAL">
      <Text>Anlasmayi Kabul Et</Text>
    </Row>
    <Row Tag="LOC_DIPLOMACY_DEAL_REFUSE_DEAL">
      <Text>Cöp Anlasmasi</Text>
    </Row>
    <Row Tag="LOC_DIPLOMACY_DEAL_PROPOSE_DEAL">
      <Text>Anlasma Teklifi</Text>
    </Row>
    <Row Tag="LOC_DIPLOMACY_DEAL_DEMAND_DEAL">
      <Text>Talep Anlasmasi</Text>
    </Row>
    <Row Tag="LOC_DIPLOMACY_DEAL_ACCEPT_DEMAND">
      <Text>Talebi Kabul Et</Text>
    </Row>
    <Row Tag="LOC_DIPLOMACY_DEAL_REFUSE_DEMAND">
      <Text>Cöp Talebi</Text>
    </Row>
    <Row Tag="LOC_DIPLOMACY_DEAL_ACCEPT_GIFT">
      <Text>Hediye Kabul Et</Text>
    </Row>
    <Row Tag="LOC_DIPLOMACY_DEAL_REFUSE_GIFT">
      <Text>Hediye Reddet</Text>
    </Row>
    <Row Tag="LOC_DIPLOMACY_DEAL_GIFT_DEAL">
      <Text>Hediye Verin</Text>
    </Row>
    <Row Tag="LOC_DIPLOMACY_DEAL_EXIT_DEAL">
      <Text>Bos ver.</Text>
    </Row>
    <Row Tag="LOC_DIPLOMACY_DEAL_CANCEL_DEAL">
      <Text>Anlasmayi Iptal Et</Text>
    </Row>
    <Row Tag="LOC_DIPLOMACY_DEAL_CANCEL_DEMAND">
      <Text>Talebi Iptal Et</Text>
    </Row>
    <Row Tag="LOC_DIPLOMACY_DEAL_RESUME_GAME">
      <Text>Özgeçmis</Text>
    </Row>
    <Row Tag="LOC_DIPLOMACY_DEAL_YOUR_ITEMS">
      <Text>Esyalariniz</Text>
    </Row>
    <Row Tag="LOC_DIPLOMACY_DEAL_THEIR_ITEMS">
      <Text>Onlarin Esyalari</Text>
    </Row>
    <Row Tag="LOC_DIPLOMACY_DEAL_WHAT_WOULD_YOU_GIVE_ME">
      <Text>Bana ne vereceksin?</Text>
    </Row>
    <Row Tag="LOC_DIPLOMACY_DEAL_WHAT_WOULD_IT_TAKE">
      <Text>Ne gerekiyor?</Text>
    </Row>
    <Row Tag="LOC_DIPLOMACY_DEAL_CLICK_TO_CHANGE_DEAL_PARAMETER">
      <Text>Anlasma detaylarini ayarlayin...</Text>
    </Row>
    <Row Tag="LOC_DIPLOMACY_DEAL_SELECT_DEAL_PARAMETER">
      <Text>Anlasma detaylarini ayarlayin...</Text>
    </Row>
    <Row Tag="LOC_DIPLOMACY_DEAL_PARAMETER_WITH_TURNS">
      <Text>{1_DisplayName} ({2_Turns} döner))</Text>
    </Row>
    <Row Tag="LOC_DIPLOMACY_DEAL_OTHER_PLAYER_SAYS">
      <Text>{1_LeaderName} diyor:</Text>
    </Row>
    <Row Tag="LOC_DIPLOMACY_DEAL_RETURN_CITY">
      <Text>{1_Name}, dönüs.</Text>
    </Row>
    <Row Tag="LOC_DIPLOMACY_DEAL_RETURN_CITY_TOOLTIP">
      <Text>Return {1_Name} to {1_LeaderName}</Text>
    </Row>
    <Row Tag="LOC_DIPLOMACY_DEAL_CEDE_CITY">
      <Text>{1_Name}, cede.</Text>
    </Row>
    <Row Tag="LOC_DIPLOMACY_DEAL_CEDE_CITY_TOOLTIP">
      <Text>{1_Name}'ü {1_LeaderName}'e devretmek</Text>
    </Row>
    <!--Deal Error Messages-->
    <Row Tag="LOC_DEAL_CITY_NOT_FOUND">
      <Text>Sehir bulunamadi</Text>
    </Row>
    <Row Tag="LOC_DEAL_CITY_DUPLICATE">
      <Text>Baska bir anlasma maddesi de ayni sehre sahip</Text>
    </Row>
    <Row Tag="LOC_DEAL_GOLD_NOT_ENOUGH_IN_TREASURY">
      <Text>Yeterli Altin Yok</Text>
    </Row>
    <Row Tag="LOC_DEAL_GOLD_NOT_ENOUGH_YIELD">
      <Text>Yeterli Altin Yok</Text>
    </Row>
    <Row Tag="LOC_DEAL_GREAT_WORK_NOT_FOUND">
      <Text>Great Work bulunamadi</Text>
    </Row>
    <Row Tag="LOC_DEAL_INVALID_PLAYER">
      <Text>Geçersiz oyuncu</Text>
    </Row>
    <Row Tag="LOC_DEAL_NO_SLOT_TO_RECEIVE_WORK">
      <Text>Isin yerlestirilecegi bir yuva yok</Text>
    </Row>
    <Row Tag="LOC_DEAL_RESOURCES_NOT_ENOUGH">
      <Text>Bu kaynaktan yeterince yok</Text>
    </Row>
    <Row Tag="LOC_DEAL_SPY_NOT_FOUND">
      <Text>Casus bulunamadi</Text>
    </Row>
    <Row Tag="LOC_DEAL_CITY_POPULATION_TOOLTIP">
      <Text>Nüfus: {1_number}</Text>
    </Row>
    <Row Tag="LOC_DEAL_CITY_DISTRICTS_TOOLTIP">
      <Text>Bölgeler:</Text>
    </Row>
    <Row Tag="LOC_DEAL_CITY_RESOURCES_TOOLTIP">
      <Text>Kaynaklar:</Text>
    </Row>
    <Row Tag="LOC_DEAL_CITY_GREAT_WORKS_TOOLTIP">
      <Text>Harika isler:</Text>
    </Row>
    <Row Tag="LOC_DEAL_ITEM_TRANSFERRED_WITH_CITY_TOOLTIP">
      <Text>{1_CityName} ile aktarildi</Text>
    </Row>
    <!-- Diplomactic Actions -->
    <Row Tag="LOC_DIPLOACTION_RESIDENT_EMBASSY_NAME">
      <Text>Yerlesik Büyükelçilik</Text>
    </Row>
    <Row Tag="LOC_DIPLOACTION_DEMAND_TRIBUTE_NAME">
      <Text>Talep Haraç</Text>
    </Row>
    <Row Tag="LOC_DIPLOACTION_OPEN_BORDERS_NAME">
      <Text>Açik Sinirlar</Text>
    </Row>
    <Row Tag="LOC_DIPLOACTION_REQUEST_ASSISTANCE_NAME">
      <Text>Yardim Talebi</Text>
    </Row>
    <Row Tag="LOC_DIPLOACTION_DENOUNCE_NAME">
      <Text>Ihbar Et</Text>
    </Row>
    <Row Tag="LOC_DIPLOACTION_DECLARE_SURPRISE_WAR_NAME">
      <Text>Sürpriz Savas</Text>
    </Row>
    <Row Tag="LOC_DIPLOACTION_MAKE_PEACE_NAME">
      <Text>Baris Yapin</Text>
    </Row>
    <Row Tag="LOC_DIPLOACTION_DIPLOMATIC_DELEGATION_NAME">
      <Text>Delegasyon Gönderin</Text>
    </Row>
    <Row Tag="LOC_DIPLOACTION_ALLIANCE_NAME">
      <Text>Ittifak</Text>
    </Row>
    <Row Tag="LOC_DIPLOACTION_DECLARE_FRIENDSHIP_NAME">
      <Text>Dostluk Ilan Et</Text>
    </Row>
    <Row Tag="LOC_DIPLOACTION_GRANT_INFLUENCE_TOKEN_NAME">
      <Text>Etki Simgesi Ver</Text>
    </Row>
    <Row Tag="LOC_DIPLOACTION_GIFT_UNIT_NAME">
      <Text>Hediye Birimi</Text>
    </Row>
    <Row Tag="LOC_DIPLOACTION_MILITARY_REQUEST_NAME">
      <Text>Askeri Talep</Text>
    </Row>
    <Row Tag="LOC_DIPLOACTION_DECLARE_WAR_MINOR_CIV_NAME">
      <Text>Minör Sivillere Savas Ilan Et</Text>
    </Row>
    <Row Tag="LOC_DIPLOACTION_DECLARE_FORMAL_WAR_NAME">
      <Text>Savas Ilan Et</Text>
    </Row>
    <Row Tag="LOC_DIPLOACTION_DECLARE_HOLY_WAR_NAME">
      <Text>Kutsal Savas Ilan Et</Text>
    </Row>
    <Row Tag="LOC_DIPLOACTION_DECLARE_LIBERATION_WAR_NAME">
      <Text>Kurtulus Savasi Ilan Etmek</Text>
    </Row>
    <Row Tag="LOC_DIPLOACTION_DECLARE_RECONQUEST_WAR_NAME">
      <Text>Yeniden Fetih Savasi Ilan Et</Text>
    </Row>
    <Row Tag="LOC_DIPLOACTION_DECLARE_PROTECTORATE_WAR_NAME">
      <Text>Protektora Savasi Ilan Et</Text>
    </Row>
    <Row Tag="LOC_DIPLOACTION_DECLARE_COLONIAL_WAR_NAME">
      <Text>Sömürge Savasi Ilan Etmek</Text>
    </Row>
    <Row Tag="LOC_DIPLOACTION_DECLARE_TERRITORIAL_WAR_NAME">
      <Text>Bölgesel Genisleme Savasi Ilan Etmek</Text>
    </Row>
    <Row Tag="LOC_DIPLOACTION_DEFENSIVE_PACT_NAME">
      <Text>Savunma Pakti</Text>
    </Row>
    <Row Tag="LOC_DIPLOACTION_JOINT_WAR_NAME">
      <Text>Ortak Savas</Text>
    </Row>
    <Row Tag="LOC_DIPLOACTION_RESEARCH_AGREEMENT_NAME">
      <Text>Arastirma Anlasmasi</Text>
    </Row>
    <Row Tag="LOC_DIPLOACTION_KEEP_PROMISE_DONT_SPY_NAME">
      <Text>Casusluk Yapmayacaginiza Söz Verin</Text>
    </Row>
    <Row Tag="LOC_DIPLOACTION_KEEP_PROMISE_DONT_CONVERT_NAME">
      <Text>Sehirleri Dönüstürmemeye Söz Verin</Text>
    </Row>
    <Row Tag="LOC_DIPLOACTION_KEEP_PROMISE_DONT_DIG_ARTIFACTS_NAME">
      <Text>Tarihi Eserleri Kazmayacaginiza Söz Verin</Text>
    </Row>
    <Row Tag="LOC_DIPLOACTION_KEEP_PROMISE_DONT_SETTLE_TOO_NEAR_NAME">
      <Text>Cok Yakina Yerlesmemeye Söz Verin</Text>
    </Row>
    <Row Tag="LOC_DIPLOMACY_DEAL_INVALID">
      <Text>Bu anlasmayi hiçbir kosulda yapmayacagim.</Text>
    </Row>
    <!-- Diplomactic Action Tooltips-->
    <Row Tag="LOC_DIPLOACTION_RESEARCH_AGREEMENT_DESCRIPTION">
      <Text>Beyan Edilmis bir Dost veya Ittifak üyesi ile bir Arastirma Anlasmasi olusturun. Arastirma Anlasmalari, iki tarafin bir hedef teknolojiyi ortaklasa arastirmasina olanak tanir. Teknoloji ne kadar pahali olursa, anlasma da o kadar uzun sürer. Anlasma süresince her iki taraf da o teknoloji için Artis kazanir.</Text>
    </Row>
    <Row Tag="LOC_DIPLOACTION_JOINT_WAR_DESCRIPTION">
      <Text>Hedef uygarliga karsi bir Ortak Savas baslatin.</Text>
    </Row>
    <Row Tag="LOC_DIPLOACTION_DEFENSIVE_PACT_DESCRIPTION">
      <Text>Bir Savunma Pakti Kurun. Ittifak üyelerinden biri saldiriya ugradiginda, tüm üyeler otomatik olarak saldirgana savas ilan edecektir.</Text>
    </Row>
    <Row Tag="LOC_DIPLOACTION_ALLIANCE_DESCRIPTION">
      <Text>Ilan Edilmis Bir Dost ile Ittifak Kurun. Müttefikler savasa giremez, otomatik olarak Açik Sinirlara sahip olur ve müttefiklerinden biri bir sehir kaybederse her biri saldirgan bir uygarliga karsi Casus Belli alir.</Text>
    </Row>
    <Row Tag="LOC_DIPLOACTION_RESIDENT_EMBASSY_DESCRIPTION">
      <Text>Bu güçle kalici bir Elçilik kurun. Kabul edilirse, alici biraz daha dostça davranacak, bir Erisim seviyesi kazanacaksiniz ve alicinin [ICON_Capital] Baskenti ortaya çikacak.</Text>
    </Row>
    <Row Tag="LOC_DIPLOACTION_DEMAND_TRIBUTE_DESCRIPTION">
      <Text>Bu güçten diplomatik bir hediye talep edin.</Text>
    </Row>
    <Row Tag="LOC_DIPLOACTION_OPEN_BORDERS_DESCRIPTION">
      <Text>Bu güçten birimlerinizin onlarin kontrolündeki bölgeden geçmesine izin vermesini isteyin.</Text>
    </Row>
    <Row Tag="LOC_DIPLOACTION_REQUEST_ASSISTANCE_DESCRIPTION">
      <Text>Bu güçten diplomatik bir hediye isteyin.</Text>
    </Row>
    <Row Tag="LOC_DIPLOACTION_DENOUNCE_DESCRIPTION">
      <Text>Bu güçten memnun olmadiginizi resmen belirtmek için kullanilir. Resmi bir savas ilani (Casus Belli olsun ya da olmasin) 5 tur daha geçtikten sonra yapilabilir.</Text>
    </Row>
    <Row Tag="LOC_DIPLOACTION_DECLARE_SURPRISE_WAR_DESCRIPTION">
      <Text>Hemen bir savas baslatmak için kullanilir. Normal savas kiskirticisi cezalari 50%. artirildi</Text>
    </Row>
    <Row Tag="LOC_DIPLOACTION_MAKE_PEACE_DESCRIPTION">
      <Text>Bu güçle mevcut savasi sona erdirmek için bir anlasma müzakere edin.</Text>
    </Row>
    <Row Tag="LOC_DIPLOACTION_DIPLOMATIC_DELEGATION_DESCRIPTION">
      <Text>Bu güç için [ICON_Gold] Altin hediye eden bir heyet gönderin. Kabul edilirse, alici biraz daha dostça davranacak ve siz de bir Erisim seviyesi kazanacaksiniz. Diplomatik Hizmet Civic'i kazanana kadar sürer.</Text>
    </Row>
    <Row Tag="LOC_DIPLOACTION_DECLARE_FRIENDSHIP_DESCRIPTION">
      <Text>Bu güçle dostane iliskiler sürdürme niyetinizi resmen belirtin. Dost oldugunuz sürece Ittifak için uygun olacaksiniz ancak bu güce karsi resmi bir savas ilan edemeyeceksiniz.</Text>
    </Row>
    <Row Tag="LOC_DIPLOACTION_DECLARE_FORMAL_WAR_DESCRIPTION">
      <Text>Sizi Ihbar eden veya en az 5 tur önce Ihbar ettiginiz bir oyuncuya savas ilan etmek için kullanilir. Hangi sehirleri ele geçirebileceginiz konusunda herhangi bir kisitlama yoktur.</Text>
    </Row>
    <Row Tag="LOC_DIPLOACTION_DECLARE_HOLY_WAR_DESCRIPTION">
      <Text>Sehirlerinizden birini din degistirmis bir güce savas ilan etmek için kullanilir. Tüm savas kiskirticiligi cezalari yariya indirilir.</Text>
    </Row>
    <Row Tag="LOC_DIPLOACTION_DECLARE_LIBERATION_WAR_DESCRIPTION">
      <Text>Arkadaslarinizdan veya müttefiklerinizden birinin sehrini ele geçiren bir güce savas ilan etmek için kullanilir.  Bu sehirlerden herhangi birini kurtarmak için savas kiskirticiligi cezasi yoktur.</Text>
    </Row>
    <Row Tag="LOC_DIPLOACTION_DECLARE_RECONQUEST_WAR_DESCRIPTION">
      <Text>Sehirlerinizden birini ele geçiren bir güce savas ilan etmek için kullanilir. Savas kiskirticiligi cezasi uygulanmaz.</Text>
    </Row>
    <Row Tag="LOC_DIPLOACTION_DECLARE_PROTECTORATE_WAR_DESCRIPTION">
      <Text>Müttefik sehir devletlerinizden birine saldiran bir güce savas ilan etmek için kullanilir. O sehir devletini özgürlestirmek için savas kiskirticiligi cezasi yoktur.</Text>
    </Row>
    <Row Tag="LOC_DIPLOACTION_DECLARE_COLONIAL_WAR_DESCRIPTION">
      <Text>Sizden iki teknoloji çagi geride olan bir güce savas ilan etmek için kullanilir. Tüm savas kiskirticiligi cezalari yariya indirilir.</Text>
    </Row>
    <Row Tag="LOC_DIPLOACTION_DECLARE_TERRITORIAL_WAR_DESCRIPTION">
      <Text>Imparatorlugunuza sinir olan bir güce savas ilan etmek için kullanilir. 2 sehrinizin 2 rakibin sehrine 10 karo mesafede olmasi gerekir. Savas kiskirticiligi cezalari 25%. azaltilir.</Text>
    </Row>
    <Row Tag="LOC_DIPLOACTION_PROPOSE_TRADE_DESCRIPTION">
      <Text>Bu güçle ticaret müzakereleri baslatin.</Text>
    </Row>
    <Row Tag="LOC_DIPLOACTION_PROPOSE_PEACE_DEAL_DESCRIPTION">
      <Text>Bu güçle bir baris anlasmasi önerin.</Text>
    </Row>
    <Row Tag="LOC_DIPLOMACY_DEAL_SELECT_TECH">
      <Text>Teknoloji Seçiniz</Text>
    </Row>
    <Row Tag="LOC_DIPLOMACY_DEAL_SELECT_ALLIANCE">
      <Text>Ittifak Seçiniz</Text>
    </Row>
    <Row Tag="LOC_DIPLOMACY_DEAL_SELECT_TARGET">
      <Text>Hedef Seçin</Text>
    </Row>
    <Row Tag="LOC_DIPLOMACY_DEAL_HOW_MANY">
      <Text>Kaç tane?</Text>
    </Row>
    <Row Tag="LOC_DIPLO_DEAL_LEADER_GIFT">
      <Text>Bu hediyeyi kabul ediyorum.</Text>
    </Row>
    <Row Tag="LOC_DIPLO_DEAL_LEADER_GIFT_EFFECT">
      <Text>Hediyeler iliskinizi gelistirir</Text>
    </Row>
    <Row Tag="LOC_DIPLO_DEAL_LEADER_DEMAND">
      <Text>Pazarlik yapmayi tercih ederim.</Text>
    </Row>
    <Row Tag="LOC_DIPLO_DEAL_LEADER_DEMAND_EFFECT">
      <Text>Taleplerde bulunmak iliskinize zarar verir</Text>
    </Row>
    <Row Tag="LOC_DIPLO_DEAL_UNFAIR">
      <Text>Kabul edemem, bu adil olmayan bir anlasma.</Text>
    </Row>
    <Row Tag="LOC_DIPLO_DEAL_WHAT_WOULD_YOU_GIVE_ME_TOOLTIP">
      <Text>Bu liderin teklifiniz için size ne verecegini sorun. [NEWLINE] Bu sadece anlasma masasinin onlarin tarafina ögeler ekleyecektir.</Text>
    </Row>
    <Row Tag="LOC_DIPLO_DEAL_UNACCEPTABLE_DEAL">
      <Text>Bu anlasmayi hiçbir kosulda kabul edemem.</Text>
    </Row>
    <Row Tag="LOC_DIPLO_DEAL_UNACCEPTABLE_ITEM_TOOLTIP">
      <Text>Teklif engelleme anlasmasi</Text>
    </Row>
    <Row Tag="LOC_DIPLO_DEAL_MARK_UNACCEPTABLE">
      <Text>Bu ögeyi kabul edilemez olarak isaretleyin</Text>
    </Row>
    <Row Tag="LOC_DIPLO_DEAL_STOP_ASKING_POPUP_TEXT">
      <Text>Bu ögeyi kabul edilemez olarak isaretlemek ve anlasmayi reddetmek, bu yapay zekanin bu ögeyi bir daha istemesini engelleyecektir. Devam etmek istiyor musunuz?</Text>
    </Row>
    <Row Tag="LOC_DIPLO_DEAL_STOP_ASKING_POPUP_TITLE">
      <Text>Sormayi keser misin?</Text>
    </Row>
    <Row Tag="LOC_DIPLO_DEAL_REMOVE_ITEM">
      <Text>Ögeyi anlasmadan kaldir</Text>
    </Row>
    <Row Tag="LOC_DIPLO_DEAL_LEADER_EQUALIZE_SUCCEEDED">
      <Text>Buna ne dersin?</Text>
    </Row>
    <Row Tag="LOC_DIPLO_DEAL_LEADER_EQUALIZE_FAILED">
      <Text>Bunu takas etmek istemiyorum.</Text>
    </Row>
    <Row Tag="LOC_DIPLO_DEAL_LEADER_GIFT_EQUALIZE_FAILED">
      <Text>Bunun için takas edebilecegim hiçbir seyim yok.</Text>
    </Row>
    <Row Tag="LOC_DIPLO_DEAL_LEADER_TRADE_REFUSED_FRIENDLY_1">
      <Text>Belki ileride uygun bir anlasma yapabiliriz?</Text>
    </Row>
    <Row Tag="LOC_DIPLO_DEAL_LEADER_TRADE_REFUSED_FRIENDLY_2">
      <Text>Baska bir zaman, belki?</Text>
    </Row>
    <Row Tag="LOC_DIPLO_DEAL_LEADER_TRADE_REFUSED_FRIENDLY_3">
      <Text>Bir anlasmaya varamamamiza sasirdim.</Text>
    </Row>
    <Row Tag="LOC_DIPLO_DEAL_LEADER_TRADE_REFUSED_NEUTRAL_1">
      <Text>Cok yazik.</Text>
    </Row>
    <Row Tag="LOC_DIPLO_DEAL_LEADER_TRADE_REFUSED_NEUTRAL_2">
      <Text>Teklifimi daha fazla yükseltmeye cesaret edemiyorum.</Text>
    </Row>
    <Row Tag="LOC_DIPLO_DEAL_LEADER_TRADE_REFUSED_NEUTRAL_3">
      <Text>Ne kadar üzücü.</Text>
    </Row>
    <Row Tag="LOC_DIPLO_DEAL_LEADER_TRADE_REFUSED_AGGRESSIVE_1">
      <Text>Eger kullanmayacaksaniz hazinenin ne faydasi var?</Text>
    </Row>
    <Row Tag="LOC_DIPLO_DEAL_LEADER_TRADE_REFUSED_AGGRESSIVE_2">
      <Text>Öyle ya da böyle, bana istedigimi vereceksin.</Text>
    </Row>
    <Row Tag="LOC_DIPLO_DEAL_LEADER_TRADE_REFUSED_AGGRESSIVE_3">
      <Text>Simdilik reddini kabul ediyorum.</Text>
    </Row>
    <Row Tag="LOC_DIPLO_DEAL_EXPAND_CATEGORY">
      <Text>Anlasma kategorisini genisletin.</Text>
    </Row>
    <Row Tag="LOC_DIPLO_DEAL_COLLAPSE_CATEGORY">
      <Text>Anlasma kategorisini daraltin.</Text>
    </Row>
    <Row Tag="LOC_DIPLO_DEAL_EXPAND_CITY_INFO">
      <Text>Sehir bilgilerini genisletin.</Text>
    </Row>
    <Row Tag="LOC_DIPLO_DEAL_COLLAPSE_CITY_INFO">
      <Text>Sehir bilgilerini daraltin.</Text>
    </Row>
  </BaseGameText>
</GameData>