﻿<?xml version="1.0" encoding="utf-8"?>
<!-- edited with XMLSPY v2004 rel. 2 U (http://www.xmlspy.com) by Ed Beach (Firaxis Games) -->
<GameData>
  <BaseGameText>
    <!-- AI responses -->
    <Row Tag="LOC_DIPLO_WARNING_DONT_SETTLE_NEAR_ME_AI_RESPONSE_POSITIVE_ANY_ANY">
      <Text>En içten özürlerimi sunarim! Sehrinizin bu kadar yakin oldugunu fark etmemistim.</Text>
    </Row>
    <Row Tag="LOC_DIPLO_WARNING_DONT_SETTLE_NEAR_ME_AI_RESPONSE_NEGATIVE_ANY_ANY">
      <Text>Halkimin topraga ihtiyaci var. Sen kim oluyorsun da onlara sahip olamayacaklarini söylüyorsun?</Text>
    </Row>
    <Row Tag="LOC_DIPLO_WARNING_DONT_SETTLE_NEAR_ME_AI_ANY_ANY">
      <Text>Halkiniz çok yakin yerlesiyor! Baska bir yerde toprak aramayi düsünmelisiniz.</Text>
    </Row>
    <Row Tag="LOC_DIPLO_WARNING_DONT_SETTLE_NEAR_ME_HUMAN_RESPONSE_POSITIVE_ANY_ANY">
      <Text>Tesekkür ederim.</Text>
    </Row>
    <Row Tag="LOC_DIPLO_WARNING_DONT_SETTLE_NEAR_ME_HUMAN_RESPONSE_NEGATIVE_ANY_ANY">
      <Text>Eger topraklarimiza saygi göstermezseniz, ben de size saygi göstermem.</Text>
    </Row>
    <Row Tag="LOC_DIPLO_WARNING_TOO_MANY_TROOPS_NEAR_ME_AI_RESPONSE_POSITIVE_ANY_ANY">
      <Text>Özür dileriz, biz de ugrasacak birkaç Barbar ariyorduk.</Text>
    </Row>
    <Row Tag="LOC_DIPLO_WARNING_TOO_MANY_TROOPS_NEAR_ME_AI_RESPONSE_NEGATIVE_ANY_ANY">
      <Text>Askerlerimi yürütmeyi seviyorum, ne kadar güçlü oldugumu gösteriyor.</Text>
    </Row>
    <Row Tag="LOC_DIPLO_WARNING_STOP_SPYING_ON_ME_AI_RESPONSE_POSITIVE_ANY_ANY">
      <Text>Evet, haklisiniz. Bu tür taktiklere basvurmak zorunda kaldigim için üzgünüm. Bir daha olmayacak.</Text>
    </Row>
    <Row Tag="LOC_DIPLO_WARNING_STOP_SPYING_ON_ME_AI_RESPONSE_NEGATIVE_ANY_ANY">
      <Text>Hah! Böyle bir söz verecegimi sana düsündüren nedir?</Text>
    </Row>
    <Row Tag="LOC_DIPLO_WARNING_STOP_DIGGING_UP_ARTIFACTS_AI_RESPONSE_POSITIVE_ANY_ANY">
      <Text>Bu topraklar üzerinde hak iddia ettiginizi fark etmemistim. Basit bir hataydi.</Text>
    </Row>
    <Row Tag="LOC_DIPLO_WARNING_STOP_DIGGING_UP_ARTIFACTS_AI_RESPONSE_NEGATIVE_ANY_ANY">
      <Text>Geçmisin gizemleri herkes için ücretsizdir. Onlara sahip çikamazsiniz!</Text>
    </Row>
    <Row Tag="LOC_DIPLO_WARNING_STOP_CONVERTING_MY_CITIES_AI_RESPONSE_POSITIVE_ANY_ANY">
      <Text>Her ne kadar isteklerinize saygi duyacak olsam da, yaptiginiz hatayi göremediginiz için hayal kirikligina ugradim.</Text>
    </Row>
    <Row Tag="LOC_DIPLO_WARNING_STOP_CONVERTING_MY_CITIES_AI_RESPONSE_NEGATIVE_ANY_ANY">
      <Text>Hayir, hayir. Bu en iyisi. Göreceksin, seni temin ederim.</Text>
    </Row>
    <!-- AI warns player -->
    <Row Tag="LOC_DIPLO_WARNING_TOO_MANY_TROOPS_NEAR_ME_ANY_ANY">
      <Text>Askerleriniz sinirlarima çok yaklasti. Umarim sadece pitoresk kirsalimizi görmek içindir.</Text>
    </Row>
    <Row Tag="LOC_DIPLO_WARNING_TOO_MANY_TROOPS_NEAR_ME_LEADER_MVEMBA_ANY">
      <Text>Ordunuz kapimiza dayandi. Kör oldugumuzu mu saniyorsunuz? Kimildatin onlari, yoksa harekete geçmek zorunda kalacagiz.</Text>
    </Row>
    <Row Tag="LOC_DIPLO_WARNING_TOO_MANY_TROOPS_NEAR_ME_LEADER_CATHERINE_DE_MEDICI_ANY">
      <Text>Bizi güç kullanarak korkutmayi mi düsünüyorsunuz? Bu sizin için hiç de iyi olmaz.</Text>
    </Row>
    <Row Tag="LOC_DIPLO_WARNING_TOO_MANY_TROOPS_NEAR_ME_LEADER_CLEOPATRA_ANY">
      <Text>Ra'nin Gözü gibi, her seyi görüyorum. Sinirlarimdaki ordunuzu fark etmeyecegimi mi sandiniz? Onlari tasimani öneririm.</Text>
    </Row>
    <Row Tag="LOC_DIPLO_WARNING_TOO_MANY_TROOPS_NEAR_ME_LEADER_BARBAROSSA_ANY">
      <Text>Eger ordunuza karsi kör oldugumuzu düsünüyorsaniz, çok safsiniz. Onlari Almanya'dan uzaklastirin ya da sonuçlarina katlanin.</Text>
    </Row>
    <Row Tag="LOC_DIPLO_WARNING_TOO_MANY_TROOPS_NEAR_ME_LEADER_GANDHI_ANY">
      <Text>Lütfen dostum, askerlerini sinirlarimdan çek. Benim gibi barisçil bir adami tedirgin ediyorlar.</Text>
    </Row>
    <Row Tag="LOC_DIPLO_WARNING_TOO_MANY_TROOPS_NEAR_ME_LEADER_GILGAMESH_ANY">
      <Text>Eger onlari hareket ettirmezseniz Gilgamis ordunuzu kendi elleriyle parçalayacak.</Text>
    </Row>
    <Row Tag="LOC_DIPLO_WARNING_TOO_MANY_TROOPS_NEAR_ME_LEADER_GORGO_ANY">
      <Text>Ordunuzu sinirlarimizdan çekin yoksa biz sizin için çekeriz.</Text>
    </Row>
    <Row Tag="LOC_DIPLO_WARNING_TOO_MANY_TROOPS_NEAR_ME_LEADER_HARDRADA_ANY">
      <Text>Askerlerinizi görmek istedigimi hatirlamiyorum, savasa bu kadar aç misiniz?</Text>
    </Row>
    <Row Tag="LOC_DIPLO_WARNING_TOO_MANY_TROOPS_NEAR_ME_LEADER_HOJO_ANY">
      <Text>Vurmak istemiyorsaniz kilicinizi göstermeyin. Askerlerinizi topraklarimizdan çekin.</Text>
    </Row>
    <Row Tag="LOC_DIPLO_WARNING_TOO_MANY_TROOPS_NEAR_ME_LEADER_PEDRO_ANY">
      <Text>Askerleriniz sinirlarima çok yaklasti. Umarim sadece pitoresk kirsalimizi görmek içindir.</Text>
    </Row>
    <Row Tag="LOC_DIPLO_WARNING_TOO_MANY_TROOPS_NEAR_ME_LEADER_PERICLES_ANY">
      <Text>Eger bizi ordunuzla korkutmaya çalisiyorsaniz, ise yaramiyor. Onlari tasiyin ya da sonuçlarina katlanin.</Text>
    </Row>
    <Row Tag="LOC_DIPLO_WARNING_TOO_MANY_TROOPS_NEAR_ME_LEADER_PETER_GREAT_ANY">
      <Text>Ordunuz benim sinirlarimi tehdit ediyor... Burada oturup hiçbir sey yapmamami mi bekliyorsunuz?</Text>
    </Row>
    <Row Tag="LOC_DIPLO_WARNING_TOO_MANY_TROOPS_NEAR_ME_LEADER_PHILIP_II_ANY">
      <Text>Askerlerinizi sinirlarimda tepki görmeden tutabileceginizi sanmayin. Onlari hemen çekin.</Text>
    </Row>
    <Row Tag="LOC_DIPLO_WARNING_TOO_MANY_TROOPS_NEAR_ME_LEADER_QIN_ANY">
      <Text>Ordunuz sürpriz yapma avantajindan vazgeçti. Güçlerinizi geri çekin ve stratejinizi yeniden düsünün.</Text>
    </Row>
    <Row Tag="LOC_DIPLO_WARNING_TOO_MANY_TROOPS_NEAR_ME_LEADER_SALADIN_ANY">
      <Text>Karsimda ordunuzu görmemek için kör olmak lazim. Lütfen, onlari sinirlarimizdan uzaklastirin, eger... savas beklemiyorsaniz?</Text>
    </Row>
    <Row Tag="LOC_DIPLO_WARNING_TOO_MANY_TROOPS_NEAR_ME_LEADER_T_ROOSEVELT_ANY">
      <Text>Birliklerinizi sinirlarimiza o kadar yaklastiriyorsunuz ki dürüstlügünüzü sorgulamaya basliyorum.</Text>
    </Row>
    <Row Tag="LOC_DIPLO_WARNING_TOO_MANY_TROOPS_NEAR_ME_LEADER_TOMYRIS_ANY">
      <Text>Askerleriniz sinirlarima çok yaklasti. Umarim sadece pitoresk kirsalimizi görmek içindir.</Text>
    </Row>
    <Row Tag="LOC_DIPLO_WARNING_TOO_MANY_TROOPS_NEAR_ME_LEADER_TRAJAN_ANY">
      <Text>Askerleriniz isgalci olmaktan sadece birkaç adim ötedeler. Onlari derhal sinirlarimizdan uzaklastirin!</Text>
    </Row>
    <Row Tag="LOC_DIPLO_WARNING_TOO_MANY_TROOPS_NEAR_ME_LEADER_VICTORIA_ANY">
      <Text>Ordunuz sinirlarimizda hos karsilanmiyor. Onlari bir an önce çikarin.</Text>
    </Row>
    <Row Tag="LOC_DIPLO_WARNING_TOO_MANY_TROOPS_NEAR_ME_HUMAN_RESPONSE_POSITIVE_ANY_ANY">
      <Text>Tesekkür ederim.</Text>
    </Row>
    <Row Tag="LOC_DIPLO_WARNING_STOP_SPYING_ON_ME_LEADER_ANY_ANY">
      <Text>Bana karsi casusluk yapacak kadar alçalacaginizi bilmeliydim. Casuslarinizi derhal ortadan kaldirin!</Text>
    </Row>
    <Row Tag="LOC_DIPLO_WARNING_STOP_SPYING_ON_ME_HUMAN_RESPONSE_POSITIVE_ANY_ANY">
      <Text>Tesekkür ederim.</Text>
    </Row>
    <Row Tag="LOC_DIPLO_WARNING_STOP_SPYING_ON_ME_HUMAN_RESPONSE_NEGATIVE_ANY_ANY">
      <Text>Bu hakareti unutmayacagim. Bundan emin olabilirsin!</Text>
    </Row>
    <Row Tag="LOC_DIPLO_WARNING_STOP_DIGGING_UP_ARTIFACTS_LEADER_ANY_ANY">
      <Text>Kültürel tarihimiz sizin yagmalamaniz için degildir. Topraklarimizi terk etme zamaniniz geldi!</Text>
    </Row>
    <Row Tag="LOC_DIPLO_WARNING_STOP_DIGGING_UP_ARTIFACTS_HUMAN_RESPONSE_POSITIVE_ANY_ANY">
      <Text>Tesekkür ederim.</Text>
    </Row>
    <Row Tag="LOC_DIPLO_WARNING_STOP_DIGGING_UP_ARTIFACTS_HUMAN_RESPONSE_NEGATIVE_ANY_ANY">
      <Text>Eger topraklarimiza saygi göstermezseniz, ben de size saygi göstermem.</Text>
    </Row>
    <Row Tag="LOC_DIPLO_WARNING_STOP_CONVERTING_MY_CITIES_LEADER_ANY_ANY">
      <Text>Din degistirenleriniz halkim arasinda hos karsilanmiyor. Onlari derhal uzaklastirmanizi istemek zorundayim.</Text>
    </Row>
    <Row Tag="LOC_DIPLO_WARNING_STOP_CONVERTING_MY_CITIES_HUMAN_RESPONSE_POSITIVE_ANY_ANY">
      <Text>Tesekkür ederim.</Text>
    </Row>
    <Row Tag="LOC_DIPLO_WARNING_STOP_CONVERTING_MY_CITIES_HUMAN_RESPONSE_NEGATIVE_ANY_ANY">
      <Text>Sizi temin ederim ki bunun sonuçlari olacaktir - simdi olmasa bile daha sonra.</Text>
    </Row>
    <!-- Human Choices -->
    <Row Tag="LOC_DIPLO_WARNING_DONT_SETTLE_NEAR_ME_CHOICE_NEGATIVE">
      <Text>Halkim istedigi yere yerlesecek!</Text>
    </Row>
    <Row Tag="LOC_DIPLO_WARNING_DONT_SETTLE_NEAR_ME_CHOICE_POSITIVE">
      <Text>Özür dilerim, gelecekte baska bir yere bakacagim.</Text>
    </Row>
    <Row Tag="LOC_DIPLO_WARNING_TOO_MANY_TROOPS_NEAR_ME_CHOICE_NEGATIVE">
      <Text>Endiselenmekte hakliydiniz (Savas Ilan Edin)!</Text>
    </Row>
    <Row Tag="LOC_DIPLO_WARNING_TOO_MANY_TROOPS_NEAR_ME_CHOICE_POSITIVE">
      <Text>Askerlerim sadece geçiyor.</Text>
    </Row>
    <Row Tag="LOC_DIPLO_WARNING_STOP_SPYING_ON_ME_CHOICE_NEGATIVE">
      <Text>Bunun için söz veremem.</Text>
    </Row>
    <Row Tag="LOC_DIPLO_WARNING_STOP_SPYING_ON_ME_CHOICE_POSITIVE">
      <Text>Özür dilerim, bu operasyonlari derhal durduracagim.</Text>
    </Row>
    <Row Tag="LOC_DIPLO_WARNING_STOP_DIGGING_UP_ARTIFACTS_CHOICE_NEGATIVE">
      <Text>Tarih üzerinde hak iddia edemezsiniz. Istedigim yeri kazarim.</Text>
    </Row>
    <Row Tag="LOC_DIPLO_WARNING_STOP_DIGGING_UP_ARTIFACTS_CHOICE_POSITIVE">
      <Text>Özür dilerim, Arkeologlarimi baska bir yere tasiyacagim.</Text>
    </Row>
    <Row Tag="LOC_DIPLO_WARNING_STOP_CONVERTING_MY_CITIES_CHOICE_NEGATIVE">
      <Text>Eger halkinizin bizim yollarimiza inanmasi Tanri'nin istegiyse, ben kim oluyorum da buna engel oluyorum?</Text>
    </Row>
    <Row Tag="LOC_DIPLO_WARNING_STOP_CONVERTING_MY_CITIES_CHOICE_POSITIVE">
      <Text>Özür dilerim, halkimin hos karsilanacagini düsünmüstüm. Yanilmisim.</Text>
    </Row>
    <!-- Confirmation of War -->
    <Row Tag="LOC_DIPLO_WARNING_DECLARE_WAR_FROM_UNIT_ATTACK_INFO">
      <Text>Bu hamleyi yapmak {1_CivName} ile bir savas baslatacaktir!</Text>
    </Row>
    <Row Tag="LOC_DIPLO_WARNING_DECLARE_WAR_FROM_UNIT_ATTACK_INFO_MULTIPLE">
      <Text>Bu hamleyi yapmak bir savas baslatacaktir:</Text>
    </Row>
    <Row Tag="LOC_DIPLO_WARNING_STRIKE_OWN_TERRITORY">
      <Text>Bu hamleyi yapmakla kendi bölgenize saldirmis olacaksiniz.</Text>
    </Row>
    <Row Tag="LOC_DIPLO_WARNING_STRIKE_AFFECTS_ALLY">
      <Text>Bu saldiriyi yapmanin müttefiklerinizden biri üzerinde sonuçlari olacaktir.</Text>
    </Row>
    <Row Tag="LOC_DIPLO_WARNING_BLIND_ATTACK">
      <Text>Bu kör saldiriyi yapmak istenmeyen sonuçlara yol açabilir.</Text>
    </Row>
    <Row Tag="LOC_DIPLO_WARNING_DECLARE_WAR_FROM_UNIT_ATTACK_CONFIRMATION">
      <Text>Bunu yapmak istedigine emin misin?</Text>
    </Row>
  </BaseGameText>
</GameData>