﻿<?xml version="1.0" encoding="utf-8"?>
<GameData>
  <EnglishText>
    <!-- Name and Description-->
    <Row Tag="LOC_TSLEARTH_NAME">
      <Text>Gerçek Baslangiç Konumu Dünya</Text>
    </Row>
    <Row Tag="LOC_TSLEARTH_DESCRIPTION">
      <Text>Medeniyetler, Dünya haritasi üzerindeki tarihi baskentlerinin bulundugu yerde baslar.</Text>
    </Row>
    <Row Tag="LOC_EARTH_MAP_STANDARD_NAME">
      <Text>Dünya</Text>
    </Row>
    <Row Tag="LOC_EARTH_MAP_STANDARD_DESCRIPTION">
      <Text>Kaynaklarin, arazinin ve özelliklerin tarihi konumlarini yansittigi bir Dünya temsili.</Text>
    </Row>
    <Row Tag="LOC_EARTH_MAP_HUGE_NAME">
      <Text>Dünya Devasa</Text>
    </Row>
    <Row Tag="LOC_EARTH_MAP_HUGE_DESCRIPTION">
      <Text>Kaynaklarin, arazinin ve özelliklerin tarihi konumlarini yansittigi daha büyük boyutlu bir Dünya temsili.</Text>
    </Row>
    <Row Tag="LOC_TSL_EARTH_MAP_HUGE_NAME">
      <Text>Gerçek Baslangiç Konumu Dünya Büyük</Text>
    </Row>
    <Row Tag="LOC_TSL_EARTH_MAP_HUGE_DESCRIPTION">
      <Text>Medeniyetler, büyük Dünya haritasi üzerindeki tarihi baskentlerinin bulundugu yerden baslar.</Text>
    </Row>
    <Row Tag="LOC_MEDITERRANEAN_LARGE_NAME">
      <Text>Akdeniz Büyük</Text>
    </Row>
    <Row Tag="LOC_MEDITERRANEAN_LARGE_DESCRIPTION">
      <Text>Kaynaklari, araziyi ve tarihi konumlarini yansitan özellikleri içeren büyük bir Akdeniz bölgesi haritasi.</Text>
    </Row>
    <Row Tag="LOC_TSL_MEDITERRANEAN_LARGE_NAME">
      <Text>Gerçek Baslangiç Yeri Akdeniz</Text>
    </Row>
    <Row Tag="LOC_TSL_MEDITERRANEAN_LARGE_DESCRIPTION">
      <Text>Medeniyetler, büyük Akdeniz haritasi üzerindeki tarihi baskentlerinin bulundugu yerden baslar.</Text>
    </Row>
  </EnglishText>
</GameData>