﻿<?xml version="1.0" encoding="utf-8"?>
<!-- edited with XMLSPY v2004 rel. 2 U (http://www.xmlspy.com) by Ed Beach (Firaxis Games) -->
<GameData>
  <EnglishText>
    <Row Tag="LOC_EPIC_MULTIPLAYER_MATCHMAKE_CIVROYALE_OFFLINE_TT">
      <Text>Kizil Ölüm oyunlari Epic çevrimdisiyken kullanilamaz.</Text>
    </Row>
    <Row Tag="LOC_EPIC_MULTIPLAYER_MATCHMAKE_PIRATES_OFFLINE_TT">
      <Text>Epic çevrimdisiyken Cok Oyunculu Korsanlar kullanilamaz.</Text>
    </Row>
    <Row Tag="LOC_EPIC_PBC_OVERVIEW_DESC">
      <Text>Play By Cloud, tüm oyuncularin barindirilan bir sunucuda depolanan ortak bir kayit oyunu üzerinde sirayla oynadiklari eszamansiz bir çok oyunculu formattir. Bu, arkadaslar arasinda ortak bir kayit dosyasina sahip bir disketi paylasmanin eski bir uygulamasi olan "kayit oyununu geçirme" nin daha modern bir versiyonudur ("disket" kavramina asina degilseniz, lütfen saygideger bir yetiskine sorun). [NEWLINE][NEWLINE] Bir Play By Cloud oyunu, her oyuncu sirasini kendileri için uygun bir zamanda aldigi için uzun sürebilir (günler veya haftalar sirasina göre). Oyun sirasi sana geldiginde bildirimler alacaksin. Epic etkinse bir Epic bildirimi görebilir veya web kancalarini kullanabilirsiniz. Web kancalari, teknik açidan istekli olanlarin diger mesajlasma hizmetlerine, e-postalara veya Nesnelerin Interneti cihazlarina entegre edebilecegi genel bir mesaj biçimidir.[NEWLINE][NEWLINE]Eszamansiz çok oyunculu oyunda, oyunun devam etmesini saglamak için siranizi mümkün olan en erken zamanda almaniz nazik bir davranis olarak kabul edilir. Eski zamanlarda, oyuncular ahlaki olarak disketi bozulmaya karsi korumakla yükümlüydü, vicdansiz oyuncular savunulamaz bir durumda kaldiklarinda savegame'i "kaybetmeye" basvururlardi. Play By Cloud bu tür alçakça davranislari ortadan kaldirir.</Text>
    </Row>
    <Row Tag="LOC_EPIC_MULTIPLAYER_INTERNET_GAME_OFFLINE_TT">
      <Text>Epic çevrimdisiyken Internet oyunlari kullanilamaz.</Text>
    </Row>
    <Row Tag="LOC_EPIC_INVITE_BUTTON_TT">
      <Text>Epic arkadas listendeki arkadaslarini bu oyuna davet et.</Text>
    </Row>
    <Row Tag="LOC_EPIC_FRIEND_ACTION_PROFILE">
      <Text>Epik Profil</Text>
    </Row>
    <Row Tag="LOC_EPIC_PRIVATE_GAME_DESC">
      <Text>Özel oyunlar çok oyunculu lobide gösterilmez.  Özel bir oyuna yalnizca bir oyun daveti veya Epic arkadas listesi araciligiyla erisilebilir.  Bu ayar Yerel Ag oyunlari için geçerli degildir.</Text>
    </Row>
    <Row Tag="EPIC_PLAYERACTION_FRIENDREQUEST_TOOLTIP">
      <Text>Bu oyuncuyu Epic'te arkadas olarak ekle.</Text>
    </Row>
    <Row Tag="TXT_KEY_EPIC_MY2K_MODE_UNLINKED_TOOLTIP">
      <Text>Scout Cat ve Julius Caesar ödüllerinin kilidini açmak (oyunun yeniden baslatilmasini gerektirir) ve platformlar arasi bulut kayitlarini etkinlestirmek için bir 2K Hesabina kaydolun, böylece oyununuza Epic'te baslayip diger platformlarda devam edebilirsiniz. Ayrica, en son Sid Meier's Civilization haberlerini alacaksin!</Text>
    </Row>
  </EnglishText>
</GameData>