﻿<?xml version="1.0" encoding="utf-8"?>
<GameData>
  <EnglishText>
    <Row Tag="LOC_EXPANSION1_MOD_TITLE">
      <Text>Genisleme: Yükselis ve Düsüs</Text>
    </Row>
    <Row Tag="LOC_EXPANSION1_MOD_TEASER">
      <Text>Büyük Caglar, Sadakat, Valiler, Acil Durumlar, yeni medeniyetler ve liderler ve çok daha fazlasini içeren bir Genisleme paketi!</Text>
    </Row>
    <Row Tag="LOC_EXPANSION1_MOD_DESCRIPTION">
      <Text>Bu oyun, Büyük Caglar, Sadakat, Valiler ve Acil Durumlari içeren Yükselis ve Cöküs Genisleme Paketini kullanan bir oyundur. Halkinizi refah dolu bir Altin Cag'a götürebilecek misiniz? Yoksa imparatorlugunuz Karanlik Cag'in zorluklariyla mi karsilasacak?</Text>
    </Row>
  </EnglishText>
</GameData>