﻿<?xml version="1.0" encoding="utf-8"?>
<GameData>
  <EnglishText>
    <Row Tag="LOC_HOF_GRAPH_CITY_BUILDINGS">
      <Text>Sehir Binalari</Text>
    </Row>
    <Row Tag="LOC_HOF_GRAPH_CITY_CULTURE">
      <Text>Sehir Kültürü</Text>
    </Row>
    <Row Tag="LOC_HOF_GRAPH_CITY_DISTRICTS">
      <Text>Sehir Bölgeleri</Text>
    </Row>
    <Row Tag="LOC_HOF_GRAPH_CITY_FAITH">
      <Text>Sehir Inanci</Text>
    </Row>
    <Row Tag="LOC_HOF_GRAPH_CITY_FOOD">
      <Text>Sehir Yemekleri</Text>
    </Row>
    <Row Tag="LOC_HOF_GRAPH_CITY_GOLD">
      <Text>Sehir Altini</Text>
    </Row>
    <Row Tag="LOC_HOF_GRAPH_CITY_POPULATION">
      <Text>Sehir Nüfusu</Text>
    </Row>
    <Row Tag="LOC_HOF_GRAPH_CITY_PRODUCTION">
      <Text>Sehir Prodüksiyonu</Text>
    </Row>
    <Row Tag="LOC_HOF_GRAPH_CITY_SCIENCE">
      <Text>Sehir Bilimi</Text>
    </Row>
    <Row Tag="LOC_HOF_GRAPH_CITY_TOURISM">
      <Text>Sehir Turizmi</Text>
    </Row>
    <Row Tag="LOC_HOF_GRAPH_CITY_WONDERS">
      <Text>Sehir Harikalari</Text>
    </Row>
    <Row Tag="LOC_HOF_GRAPH_PLAYER_BARBARIAN_CAMPS">
      <Text>Barbar Kamplari Temizlendi</Text>
    </Row>
    <Row Tag="LOC_HOF_GRAPH_PLAYER_BARBARIAN_KILLS">
      <Text>Öldürülen Barbarlar</Text>
    </Row>
    <Row Tag="LOC_HOF_GRAPH_PLAYER_BUILDINGS">
      <Text>Insa Edilen Binalar</Text>
    </Row>
    <Row Tag="LOC_HOF_GRAPH_PLAYER_CITIES_CAPTURED">
      <Text>Yakalanan Sehirler</Text>
    </Row>
    <Row Tag="LOC_HOF_GRAPH_PLAYER_CITIES_FOUNDED">
      <Text>Kurulan Sehirler</Text>
    </Row>
    <Row Tag="LOC_HOF_GRAPH_PLAYER_CITIES_LOST">
      <Text>Kayip Sehirler</Text>
    </Row>
    <Row Tag="LOC_HOF_GRAPH_PLAYER_CIVICS">
      <Text>Yurttaslik Bilgisi Edinildi</Text>
    </Row>
    <Row Tag="LOC_HOF_GRAPH_PLAYER_COMBATS">
      <Text>Mücadele Sayisi</Text>
    </Row>
    <Row Tag="LOC_HOF_GRAPH_PLAYER_CULTURE">
      <Text>Oyuncu Kültürü</Text>
    </Row>
    <Row Tag="LOC_HOF_GRAPH_PLAYER_DISTRICTS">
      <Text>Insa Edilen Ilçeler</Text>
    </Row>
    <Row Tag="LOC_HOF_GRAPH_PLAYER_FAITH">
      <Text>Oyuncu Inanci</Text>
    </Row>
    <Row Tag="LOC_HOF_GRAPH_PLAYER_GOLD">
      <Text>Oyuncu Altin</Text>
    </Row>
    <Row Tag="LOC_HOF_GRAPH_PLAYER_GOODY_HUTS">
      <Text>Kabile Köyleri Kesfedildi</Text>
    </Row>
    <Row Tag="LOC_HOF_GRAPH_PLAYER_GREAT_PEOPLE">
      <Text>Büyük Insanlar Kazandi</Text>
    </Row>
    <Row Tag="LOC_HOF_GRAPH_PLAYER_NATURAL_WONDERS">
      <Text>Kesfedilen Doga Harikalari</Text>
    </Row>
    <Row Tag="LOC_HOF_GRAPH_PLAYER_NUKES">
      <Text>Nükleer Füzeler Firlatildi</Text>
    </Row>
    <Row Tag="LOC_HOF_GRAPH_PLAYER_SCIENCE">
      <Text>Oyuncu Bilimi</Text>
    </Row>
    <Row Tag="LOC_HOF_GRAPH_PLAYER_SCORE">
      <Text>Oyuncu Skoru</Text>
    </Row>
    <Row Tag="LOC_HOF_GRAPH_PLAYER_TECHS">
      <Text>Satin Alinan Teknolojiler</Text>
    </Row>
    <Row Tag="LOC_HOF_GRAPH_PLAYER_UNITS_KILLED">
      <Text>Öldürülen Birimler</Text>
    </Row>
    <Row Tag="LOC_HOF_GRAPH_PLAYER_UNITS_LOST">
      <Text>Kaybedilen Birimler</Text>
    </Row>
    <Row Tag="LOC_HOF_GRAPH_PLAYER_WARS_DECLARED">
      <Text>Ilan Edilen Savaslar</Text>
    </Row>
    <Row Tag="LOC_HOF_GRAPH_PLAYER_WARS_RECEIVED">
      <Text>Alinan Savas Ilanlari</Text>
    </Row>
    <Row Tag="LOC_HOF_GRAPH_PLAYER_WONDERS">
      <Text>Harikalar Insa Edildi</Text>
    </Row>
    <Row Tag="LOC_HOF_GRAPH_RELIGION_BELIEFS">
      <Text>Dini Inançlar</Text>
    </Row>
    <Row Tag="LOC_HOF_GRAPH_RELIGION_CITIES">
      <Text>Dini Sehirler</Text>
    </Row>
    <Row Tag="LOC_HOF_GRAPH_RELIGION_FOLLOWERS">
      <Text>Dini Takipçiler</Text>
    </Row>
    <Row Tag="LOC_HOF_REPORTS_CITY_STATUS">
      <Text>Sehir Durumu</Text>
    </Row>
    <Row Tag="LOC_HOF_REPORTS_CITY_STATUS_BUILDINGS">
      <Text>Binalar</Text>
    </Row>
    <Row Tag="LOC_HOF_REPORTS_CITY_STATUS_DISTRICTS">
      <Text>Ilçeler</Text>
    </Row>
    <Row Tag="LOC_HOF_REPORTS_CITY_STATUS_INITIAL_COLUMN">
      <Text>Sehir</Text>
    </Row>
    <Row Tag="LOC_HOF_REPORTS_CITY_STATUS_POPULATION">
      <Text>Nüfus</Text>
    </Row>
    <Row Tag="LOC_HOF_REPORTS_CITY_STATUS_TURN_FOUNDED">
      <Text>Turn Founded</Text>
    </Row>
    <Row Tag="LOC_HOF_REPORTS_CITY_STATUS_WONDERS">
      <Text>Harikalar</Text>
    </Row>
    <Row Tag="LOC_HOF_REPORTS_CITY_YIELDS">
      <Text>Sehir Getirileri</Text>
    </Row>
    <Row Tag="LOC_HOF_REPORTS_CITY_YIELDS_CULTURE">
      <Text>Kültür</Text>
    </Row>
    <Row Tag="LOC_HOF_REPORTS_CITY_YIELDS_FAITH">
      <Text>Inanç</Text>
    </Row>
    <Row Tag="LOC_HOF_REPORTS_CITY_YIELDS_FOOD">
      <Text>Yemek</Text>
    </Row>
    <Row Tag="LOC_HOF_REPORTS_CITY_YIELDS_GOLD">
      <Text>Altin</Text>
    </Row>
    <Row Tag="LOC_HOF_REPORTS_CITY_YIELDS_INITIAL_COLUMN">
      <Text>Sehir</Text>
    </Row>
    <Row Tag="LOC_HOF_REPORTS_CITY_YIELDS_PRODUCTION">
      <Text>Üretim</Text>
    </Row>
    <Row Tag="LOC_HOF_REPORTS_CITY_YIELDS_SCIENCE">
      <Text>Bilim</Text>
    </Row>
    <Row Tag="LOC_HOF_REPORTS_CITY_YIELDS_TOURISM">
      <Text>Turizm</Text>
    </Row>
    <Row Tag="LOC_HOF_REPORTS_GOVERNMENTS">
      <Text>Hükümetler</Text>
    </Row>
    <Row Tag="LOC_HOF_REPORTS_GOVERNMENTS_INITIAL_COLUMN">
      <Text>Hükümet</Text>
    </Row>
    <Row Tag="LOC_HOF_REPORTS_GOVERNMENTS_TURNS_ACTIVE">
      <Text>Aktif Hale Gelir</Text>
    </Row>
    <Row Tag="LOC_HOF_REPORTS_RELIGIONS">
      <Text>Dinler</Text>
    </Row>
    <Row Tag="LOC_HOF_REPORTS_RELIGIONS_BELIEFS">
      <Text>Inançlar</Text>
    </Row>
    <Row Tag="LOC_HOF_REPORTS_RELIGIONS_CITIES">
      <Text>Sehirler</Text>
    </Row>
    <Row Tag="LOC_HOF_REPORTS_RELIGIONS_FOLLOWERS">
      <Text>Takipçiler</Text>
    </Row>
    <Row Tag="LOC_HOF_REPORTS_RELIGIONS_FOUNDER">
      <Text>Kurucu</Text>
    </Row>
    <Row Tag="LOC_HOF_REPORTS_RELIGIONS_HOLY_CITY">
      <Text>Kutsal Sehir</Text>
    </Row>
    <Row Tag="LOC_HOF_REPORTS_RELIGIONS_INITIAL_COLUMN">
      <Text>Din</Text>
    </Row>
    <Row Tag="LOC_HOF_REPORTS_RELIGIONS_TURN_FOUNDED">
      <Text>Turn Founded</Text>
    </Row>
    <Row Tag="LOC_HOF_REPORTS_UNITS">
      <Text>Birimler</Text>
    </Row>
    <Row Tag="LOC_HOF_REPORTS_UNITS_INITIAL_COLUMN">
      <Text>Birim</Text>
    </Row>
    <Row Tag="LOC_HOF_REPORTS_UNITS_KILLS">
      <Text>Öldürür</Text>
    </Row>
    <Row Tag="LOC_HOF_REPORTS_UNITS_LOST">
      <Text>Kayip</Text>
    </Row>
    <Row Tag="LOC_HOF_REPORTS_UNITS_TRAINED">
      <Text>Egitimli</Text>
    </Row>
    <Row Tag="LOC_HOF_STAT_BARBARIANS_KILLED">
      <Text>Öldürülen Barbarlar</Text>
    </Row>
    <Row Tag="LOC_HOF_STAT_BARBARIAN_CAMPS">
      <Text>Barbar Kamplari Temizlendi</Text>
    </Row>
    <Row Tag="LOC_HOF_STAT_CITIES_CAPTURED">
      <Text>Fethedilen Sehirler</Text>
    </Row>
    <Row Tag="LOC_HOF_STAT_CITIES_FOUNDED">
      <Text>Kurulan Sehirler</Text>
    </Row>
    <Row Tag="LOC_HOF_STAT_CITIES_LOST">
      <Text>Kayip Sehirler</Text>
    </Row>
    <Row Tag="LOC_HOF_STAT_CIVICS">
      <Text>Yurttaslik Bilgisi Edinildi</Text>
    </Row>
    <Row Tag="LOC_HOF_STAT_CIVIC_BOOSTS">
      <Text>Yurttaslik Bilgisi Güçlendirildi</Text>
    </Row>
    <Row Tag="LOC_HOF_STAT_COMBATS">
      <Text>Verilen Savaslar</Text>
    </Row>
    <Row Tag="LOC_HOF_STAT_FAVORITE_GOVERNMENT">
      <Text>Favori Hükümet</Text>
    </Row>
    <Row Tag="LOC_HOF_STAT_FAVORITE_GOVERNMENT_ANNOTATION">
      <Text>Birlesik {Amount: plural 1?{Amount} turn other?{Amount} turns } için aktif.</Text>
    </Row>
    <Row Tag="LOC_HOF_STAT_FAVORITE_UNIT">
      <Text>Favori Birim</Text>
    </Row>
    <Row Tag="LOC_HOF_STAT_FAVORITE_UNIT_ANNOTATION">
      <Text>{Amount: plural 1?{Amount} unit other?{Amount} units } egitimli</Text>
    </Row>
    <Row Tag="LOC_HOF_STAT_GOODY_HUTS">
      <Text>Kabile Köyleri Kesfedildi</Text>
    </Row>
    <Row Tag="LOC_HOF_STAT_GOVERNMENT">
      <Text>Hükümet</Text>
    </Row>
    <Row Tag="LOC_HOF_STAT_GREAT_PEOPLE">
      <Text>Büyük Insanlar Kazandi</Text>
    </Row>
    <Row Tag="LOC_HOF_STAT_LARGEST_CITY">
      <Text>En Büyük Sehir</Text>
    </Row>
    <Row Tag="LOC_HOF_STAT_LARGEST_CITY_ANNOTATION">
      <Text>{Amount: plural 1?{Amount} citizen other?{Amount} citizens }</Text>
    </Row>
    <Row Tag="LOC_HOF_STAT_NATURAL_WONDERS">
      <Text>Kesfedilen Doga Harikalari</Text>
    </Row>
    <Row Tag="LOC_HOF_STAT_NUKES">
      <Text>Nükleer Füze Firlatmalari</Text>
    </Row>
    <Row Tag="LOC_HOF_STAT_POPULAR_RELIGION">
      <Text>En Cok Takip Edilen Din</Text>
    </Row>
    <Row Tag="LOC_HOF_STAT_POPULAR_RELIGION_ANNOTATION">
      <Text>{Amount: plural 1?{Amount} follower other?{Amount} followers }.</Text>
    </Row>
    <Row Tag="LOC_HOF_STAT_RELGIONS_FOUNDED">
      <Text>Kurulan Dinler</Text>
    </Row>
    <Row Tag="LOC_HOF_STAT_STRONGEST_UNIT">
      <Text>En Güçlü Birim</Text>
    </Row>
    <Row Tag="LOC_HOF_STAT_STRONGEST_UNIT_ANNOTATION">
      <Text>Öldürüldü {Amount: plural 1?{Amount} unit other?{Amount} units }.</Text>
    </Row>
    <Row Tag="LOC_HOF_STAT_TECHS">
      <Text>Satin Alinan Teknisyenler</Text>
    </Row>
    <Row Tag="LOC_HOF_STAT_TECH_BOOSTS">
      <Text>Teknisyenler Güçlendirildi</Text>
    </Row>
    <Row Tag="LOC_HOF_STAT_UNITS_KILLED">
      <Text>Öldürülen Birimler</Text>
    </Row>
    <Row Tag="LOC_HOF_STAT_UNITS_LOST">
      <Text>Kaybedilen Birimler</Text>
    </Row>
    <Row Tag="LOC_HOF_STAT_UNITS_TRAINED">
      <Text>Egitilen Birimler</Text>
    </Row>
    <Row Tag="LOC_HOF_STAT_WARS_DECLARED">
      <Text>Ilan Edilen Savaslar</Text>
    </Row>
    <Row Tag="LOC_HOF_STAT_WARS_RECEIVED">
      <Text>Alinan Savaslar</Text>
    </Row>
    <Row Tag="LOC_HOF_STAT_WEAKEST_UNIT">
      <Text>En Zayif Birim</Text>
    </Row>
    <Row Tag="LOC_HOF_STAT_WEAKEST_UNIT_ANNOTATION">
      <Text>{Amount: plural 1?{Amount} unit other?{Amount} units } kaybetti.</Text>
    </Row>
    <Row Tag="LOC_HOF_STAT_WONDERS">
      <Text>Harikalar Insa Edildi</Text>
    </Row>
  </EnglishText>
</GameData>