﻿<?xml version="1.0" encoding="utf-8"?>
<!-- edited with XMLSPY v2004 rel. 2 U (http://www.xmlspy.com) by Anton Strenger (Firaxis Games) -->
<GameData>
  <BaseGameText>
    <!-- UI -->
    <Row Tag="LOC_GREATPERSON_ACTION_NAME_DEFAULT">
      <Text>Etkinlestirilmis Etki</Text>
    </Row>
    <Row Tag="LOC_GREATPERSON_ACTION_NAME_CREATE_GREAT_WORK">
      <Text>Harika Isler Yaratin</Text>
    </Row>
    <Row Tag="LOC_GREATPERSON_ACTION_NAME_FOUND_RELIGION">
      <Text>Bulunan Din</Text>
    </Row>
    <Row Tag="LOC_GREATPERSON_ACTION_NAME_RETIRE">
      <Text>Emekli olmak</Text>
    </Row>
    <Row Tag="LOC_GREATPERSON_ACTION_CHARGES">
      <Text>{1_ChargeAmount} {1_ChargeAmount : plural 1?Charge  other?Charges }</Text>
    </Row>
    <Row Tag="LOC_GREATPERSON_ACTION_USAGE_FOUND_RELIGION">
      <Text>Bir Kutsal Alan bölgesinde veya Stonehenge'de etkinlestirin.</Text>
    </Row>
    <Row Tag="LOC_GREATPERSON_ACTION_USAGE_CREATE_GREAT_WORK">
      <Text>Uygun bir Great Work yuvasi olan bir bölgede veya harikada etkinlestirin.</Text>
    </Row>
    <Row Tag="LOC_GREATPERSON_ACTION_USAGE_ON_UNOWNED_TILE">
      <Text>Hiçbir oyuncunun sahip olmadigi bir karede etkinlestirin.</Text>
    </Row>
    <Row Tag="LOC_GREATPERSON_ACTION_USAGE_ENEMY_TERRITORY">
      <Text>Düsman bölgesinde etkinlestirin.</Text>
    </Row>
    <Row Tag="LOC_GREATPERSON_ACTION_USAGE_NONHOSTILE_TERRITORY">
      <Text>Düsman olmayan bir yabanci gücün topraklarinda etkinlestirin.</Text>
    </Row>
    <Row Tag="LOC_GREATPERSON_ACTION_USAGE_CITY_STATE_TERRITORY">
      <Text>Bir sehir devletinin bölgesinde etkinlestirin.</Text>
    </Row>
    <Row Tag="LOC_GREATPERSON_ACTION_USAGE_SUZERAIN_TERRITORY">
      <Text>Hükümdari oldugunuz bir sehir devletinin topraklarinda etkinlestirin.</Text>
    </Row>
    <Row Tag="LOC_GREATPERSON_ACTION_USAGE_DOES_NOT_NEED_OWNED_TILE">
      <Text>Sahip olmadiginiz karolarda bile etkinlesebilir.</Text>
    </Row>
    <Row Tag="LOC_GREATPERSON_ACTION_USAGE_ON_OWNED_TILE">
      <Text>Sahip oldugunuz bir karo üzerinde etkinlestirin.</Text>
    </Row>
    <Row Tag="LOC_GREATPERSON_ACTION_USAGE_ADJACENT_BARBARIAN_UNIT">
      <Text>Barbar birimlerinin yaninda etkinlestirin.</Text>
    </Row>
    <Row Tag="LOC_GREATPERSON_ACTION_USAGE_ADJACENT_MOUNTAIN">
      <Text>Bir dagin yaninda etkinlestirin.</Text>
    </Row>
    <Row Tag="LOC_GREATPERSON_ACTION_USAGE_ADJACENT_TO_OWNED_TILE">
      <Text>Sahip oldugunuz bir karonun yaninda etkinlestirin.</Text>
    </Row>
    <Row Tag="LOC_GREATPERSON_ACTION_USAGE_CITY_GREAT_WORK_OBJECT">
      <Text>{LOC_GRAMMAR_A_AN_WITH_ICON &lt;&lt; {1_GreatWorkObjectTypeName} &lt;&lt; {2_IconString}} büyük islerin oldugu bir sehirde faaliyete geçin.</Text>
    </Row>
    <Row Tag="LOC_GREATPERSON_ACTION_USAGE_ON_COMPLETED_DISTRICT">
      <Text>{1_DistrictName} bölgesinde etkinlestirin.</Text>
    </Row>
    <Row Tag="LOC_GREATPERSON_ACTION_USAGE_ON_INCOMPLETE_SPACE_RACE_PROJECT">
      <Text>Insa edilmekte olan bir Uzay Yarisi projesinde faaliyete geçin.</Text>
    </Row>
    <Row Tag="LOC_GREATPERSON_ACTION_USAGE_ON_INCOMPLETE_WONDER">
      <Text>Insa edilmekte olan bir harikada etkinlestirin.</Text>
    </Row>
    <Row Tag="LOC_GREATPERSON_ACTION_USAGE_ON_MILITARY_LAND_UNIT">
      <Text>Bir askeri kara biriminde etkinlestirin.</Text>
    </Row>
    <Row Tag="LOC_GREATPERSON_ACTION_USAGE_ON_MILITARY_SEA_UNIT">
      <Text>Askeri bir deniz biriminde etkinlestirin.</Text>
    </Row>
    <Row Tag="LOC_GREATPERSON_ACTION_USAGE_ON_MILITARY_AIR_UNIT">
      <Text>Bir askeri hava biriminde etkinlestirin.</Text>
    </Row>
    <Row Tag="LOC_GREATPERSON_ACTION_USAGE_NO_MILITARY_UNIT">
      <Text>Askeri birimi olmayan bir karede etkinlestirin.</Text>
    </Row>
    <Row Tag="LOC_GREATPERSON_ACTION_USAGE_ON_MILITARY_LAND_UNIT_WITHIN_RANGE">
      <Text>{1_Distance} karo içindeki bir askeri kara biriminde etkinlestirin.</Text>
    </Row>
    <Row Tag="LOC_GREATPERSON_ACTION_USAGE_ON_OR_ADJACENT_TO_FEATURE">
      <Text>{1_FeatureName} ile bir karo üzerinde veya yaninda etkinlestirin.</Text>
    </Row>
    <Row Tag="LOC_GREATPERSON_ACTION_USAGE_ON_OR_ADJACENT_TO_NATURAL_WONDER">
      <Text>Bir doga harikasinin üzerinde veya yaninda etkinlestirin.</Text>
    </Row>
    <Row Tag="LOC_GREATPERSON_ACTION_USAGE_ON_UNIT_STANDARD_MILITARY_FORMATION">
      <Text>Kolordu veya Ordu olmayan bir askeri birimde etkinlestirin.</Text>
    </Row>
    <Row Tag="LOC_GREATPERSON_ACTION_USAGE_ON_UNIT_CORPS_MILITARY_FORMATION">
      <Text>Bir Kolordu askeri biriminde etkinlestirin.</Text>
    </Row>
    <Row Tag="LOC_GREATPERSON_ACTION_USAGE_ON_UNIT_ARMY_MILITARY_FORMATION">
      <Text>Ordu askeri birliginde etkinlestirin.</Text>
    </Row>
    <Row Tag="LOC_GREATPERSON_ACTION_USAGE_ON_UNIT_STANDARD_MILITARY_FORMATION_SEA">
      <Text>Filo veya Armada olmayan bir askeri birimde etkinlestirin.</Text>
    </Row>
    <Row Tag="LOC_GREATPERSON_ACTION_USAGE_ON_UNIT_CORPS_MILITARY_FORMATION_SEA">
      <Text>Bir Filo askeri biriminde etkinlestirin.</Text>
    </Row>
    <Row Tag="LOC_GREATPERSON_ACTION_USAGE_ON_UNIT_ARMY_MILITARY_FORMATION_SEA">
      <Text>Bir donanma askeri biriminde etkinlestirin.</Text>
    </Row>
    <Row Tag="LOC_GREATPERSON_ACTION_USAGE_ON_LUXURY_RESOURCE">
      <Text>Lüks bir kaynak üzerinde etkinlestirin.</Text>
    </Row>
    <Row Tag="LOC_GREATPERSON_ACTION_USAGE_ANYWHERE">
      <Text>Herhangi bir karo üzerinde etkinlestirin.</Text>
    </Row>
    <Row Tag="LOC_GREATPERSON_ACTION_USAGE_OPEN_PLAYER_RELIC_SLOT">
      <Text>Sehirlerinizden birinde açik bir [ICON_GreatWork_Relic] Relic great çalisma yuvasi olmalidir.</Text>
    </Row>
    <Row Tag="LOC_GREATPERSON_ACTION_USAGE_ON_MISSING_BUILDING">
      <Text>Sehir halihazirda {1_BuildingName} binasina sahip olmamalidir.</Text>
    </Row>
    <Row Tag="LOC_GREATPERSON_ACTION_USAGE_GOLD_COST">
      <Text>Eylem maliyeti {1_GoldAmount} [ICON_Gold] Altin.</Text>
    </Row>
    <Row Tag="LOC_GREATPERSON_ACTION_EFFECT_FOUND_RELIGION">
      <Text>Bir Din kurar ve bu sehri Kutsal Sehir olarak tesis eder.</Text>
    </Row>
    <Row Tag="LOC_GREATPERSON_ACTION_EFFECT_GREAT_WORK_OBJECT">
      <Text>{1_GreatWorkName} ({2_GreatWorkObjectIconString} {3_GreatWorkObjectName}).</Text>
    </Row>
    <Row Tag="LOC_GREATPERSON_PASSIVE_NAME_DEFAULT">
      <Text>Pasif Etki</Text>
    </Row>
    <!-- Shared by Multiple Classes -->
    <Row Tag="LOC_GREATPERSON_GOLD">
      <Text>Hemen {Amount} {YieldType} kazanin.</Text>
    </Row>
    <Row Tag="LOC_GREATPERSON_COMPUTERSTECHBOOST">
      <Text>Bilgisayar teknolojisi için [ICON_TechBoosted] Eureka anini tetikler.</Text>
    </Row>
    <Row Tag="LOC_GREATPERSON_1MODERNTECHBOOST">
      <Text>Modern çagdan {Amount} rastgele {Amount : plural 1?technology  other?technologies } için [ICON_TechBoosted] Eureka anini tetikler.</Text>
    </Row>
    <!-- Generals -->
    <Row Tag="LOC_GREATPERSON_COMBAT_STRENGTH_AOE_LAND_MODIFIER">
      <Text>Büyük General'den +5 [ICON_Strength] Savas Bonusu.</Text>
    </Row>
    <Row Tag="LOC_GREATPERSON_COMBAT_STRENGTH_AOE_SEA_MODIFIER">
      <Text>Büyük Amiral'den +5 [ICON_Strength] Savas Bonusu.</Text>
    </Row>
    <Row Tag="LOC_ABILITY_GREAT_GENERAL_MOVEMENT_DESCRIPTION">
      <Text>+1 [ICON_Movement] Büyük General'den hareket.</Text>
    </Row>
    <Row Tag="LOC_ABILITY_GREAT_ADMIRAL_MOVEMENT_DESCRIPTION">
      <Text>Büyük Amiral'den +1 [ICON_Movement] Hareket.</Text>
    </Row>
    <Row Tag="LOC_GREATPERSON_COMBAT_STRENGTH_AOE_CLASSICAL_LAND">
      <Text>2 karo içindeki Klasik ve Orta Cag kara birimlerine +5 [ICON_Strength] Savas Gücü ve +1 [ICON_Movement] Hareket.</Text>
    </Row>
    <Row Tag="LOC_GREATPERSON_COMBAT_STRENGTH_AOE_MEDIEVAL_LAND">
      <Text>2 karo içindeki Ortaçag ve Rönesans dönemi kara birimlerine +5 [ICON_Strength] Savas Gücü ve +1 [ICON_Movement] Hareket.</Text>
    </Row>
    <Row Tag="LOC_GREATPERSON_COMBAT_STRENGTH_AOE_RENAISSANCE_LAND">
      <Text>+5 [ICON_Strength] Savas Gücü ve +1 [ICON_Movement] 2 karo içindeki Rönesans ve Sanayi dönemi kara birimlerine Hareket.</Text>
    </Row>
    <Row Tag="LOC_GREATPERSON_COMBAT_STRENGTH_AOE_INDUSTRIAL_LAND">
      <Text>2 karo içindeki Endüstriyel ve Modern çag kara birimlerine +5 [ICON_Strength] Savas Gücü ve +1 [ICON_Movement] Hareket.</Text>
    </Row>
    <Row Tag="LOC_GREATPERSON_COMBAT_STRENGTH_AOE_MODERN_LAND">
      <Text>2 karo içindeki Modern ve Atomik çag kara birimlerine +5 [ICON_Strength] Savas Gücü ve +1 [ICON_Movement] Hareket.</Text>
    </Row>
    <Row Tag="LOC_GREATPERSON_COMBAT_STRENGTH_AOE_ATOMIC_LAND">
      <Text>2 karo içindeki Atom ve Bilgi çagi kara birimlerine +5 [ICON_Strength] Savas Gücü ve +1 [ICON_Movement] Hareket.</Text>
    </Row>
    <Row Tag="LOC_GREATPERSON_COMBAT_STRENGTH_AOE_INFORMATION_LAND">
      <Text>+5 [ICON_Strength] Savas Gücü ve +1 [ICON_Movement] 2 karo içindeki Bilgi dönemi kara birimlerine Hareket.</Text>
    </Row>
    <Row Tag="LOC_GREATPERSON_BOUDICA_ACTIVE">
      <Text>Bitisik Barbar birimlerini sizin kontrolünüze geçirir.</Text>
    </Row>
    <Row Tag="LOC_GREATPERSON_HANNIBAL_BARCA_ACTIVE">
      <Text>Bir askeri kara birimine 1 terfi seviyesi verir.</Text>
    </Row>
    <Row Tag="LOC_GREATPERSON_AETHELFLAED_ACTIVE">
      <Text>Aninda bir Sövalye birimi olusturur.</Text>
    </Row>
    <Row Tag="LOC_GREATPERSON_EL_CID_ACTIVE">
      <Text>Bir askeri kara biriminden bir Kolordu olusturur.</Text>
    </Row>
    <Row Tag="LOC_GREATPERSON_GENGHIS_KHAN_ACTIVE">
      <Text>Bir askeri kara birimine 1 terfi seviyesi ve +%25 savas deneyimi kazandirir.</Text>
    </Row>
    <Row Tag="LOC_GREATPERSON_GUSTAVUS_ADOLPHUS_ACTIVE">
      <Text>Aninda 1 terfi seviyesine sahip bir Bombardiman birimi olusturur.</Text>
    </Row>
    <Row Tag="LOC_GREATPERSON_JOAN_OF_ARC_ACTIVE">
      <Text>Bir [ICON_GreatWork_Relic] Kalinti olusturur.</Text>
    </Row>
    <Row Tag="LOC_GREATPERSON_ANA_NZINGA_ACTIVE">
      <Text>Kazanç {Amount} [ICON_Envoy] {Amount : plural 1?Envoy  other?Envoys }.</Text>
    </Row>
    <Row Tag="LOC_GREATPERSON_NAPOLEON_BONAPARTE_ACTIVE">
      <Text>Askeri bir kara birliginden bir ordu olusturur.</Text>
    </Row>
    <Row Tag="LOC_GREATPERSON_RANI_LAKSHMIBAI_ACTIVE">
      <Text>Aninda 1 terfi seviyesine sahip bir Süvari birimi olusturur.</Text>
    </Row>
    <Row Tag="LOC_GREATPERSON_SIMON_BOLIVAR_ACTIVE">
      <Text>Kazanç {Amount} [ICON_Envoy] {Amount : plural 1?Envoy  other?Envoys }.</Text>
    </Row>
    <Row Tag="LOC_GREATPERSON_JOHN_MONASH_ACTIVE">
      <Text>Bir askeri kara birimine 1 terfi seviyesi ve +%75 savas deneyimi kazandirir.</Text>
    </Row>
    <Row Tag="LOC_GREATPERSON_MARINA_RASKOVA_ACTIVE">
      <Text>Bu karedeki bölge +1 hava birimi yuvasi kazanir.</Text>
    </Row>
    <Row Tag="LOC_GREATPERSON_SAMORI_TURE_ACTIVE">
      <Text>Aninda 1 terfi seviyesine sahip bir Piyade birimi olusturur.</Text>
    </Row>
    <Row Tag="LOC_GREATPERSON_DWIGHT_EISENHOWER_ACTIVE">
      <Text>Askeri birimlere yönelik +%5 [ICON_Production] Üretim.</Text>
    </Row>
    <Row Tag="LOC_GREATPERSON_GEORGY_ZHUKOV_ACTIVE">
      <Text>Tüm kara birimleri için +%50 kusatma bonusu.</Text>
    </Row>
    <Row Tag="LOC_GREATPERSON_SUDIRMAN_ACTIVE">
      <Text>Bir askeri kara birimine 1 terfi seviyesi ve +%100 savas deneyimi kazandirir.</Text>
    </Row>
    <Row Tag="LOC_GREATPERSON_DOUGLAS_MACARTHUR_ACTIVE">
      <Text>Aninda 1 terfi seviyesine sahip bir Tank birimi olusturur.</Text>
    </Row>
    <Row Tag="LOC_GREATPERSON_AHMAD_SHAH_MASSOUD_ACTIVE">
      <Text>Aninda 1 terfi seviyesine sahip bir Modern Tanksavar birimi olusturur.</Text>
    </Row>
    <Row Tag="LOC_GREATPERSON_VIJAYA_WIMALARATNE_ACTIVE">
      <Text>Bir askeri kara birimine 1 terfi seviyesi ve +%100 savas deneyimi kazandirir.</Text>
    </Row>
    <!-- Admirals -->
    <Row Tag="LOC_GREATPERSON_COMBAT_STRENGTH_AOE_CLASSICAL_SEA">
      <Text>2 karo içindeki Klasik ve Ortaçag dönemi deniz birimlerine +5 [ICON_Strength] Savas Gücü ve +1 [ICON_Movement] Hareket.</Text>
    </Row>
    <Row Tag="LOC_GREATPERSON_COMBAT_STRENGTH_AOE_MEDIEVAL_SEA">
      <Text>2 karo içindeki Ortaçag ve Rönesans dönemi deniz birimlerine +5 [ICON_Strength] Savas Gücü ve +1 [ICON_Movement] Hareket.</Text>
    </Row>
    <Row Tag="LOC_GREATPERSON_COMBAT_STRENGTH_AOE_RENAISSANCE_SEA">
      <Text>2 karo içindeki Rönesans ve Sanayi dönemi deniz birimlerine +5 [ICON_Strength] Savas Gücü ve +1 [ICON_Movement] Hareket.</Text>
    </Row>
    <Row Tag="LOC_GREATPERSON_COMBAT_STRENGTH_AOE_INDUSTRIAL_SEA">
      <Text>2 karo içindeki Endüstriyel ve Modern çag deniz birimlerine +5 [ICON_Strength] Savas Gücü ve +1 [ICON_Movement] Hareket.</Text>
    </Row>
    <Row Tag="LOC_GREATPERSON_COMBAT_STRENGTH_AOE_MODERN_SEA">
      <Text>2 karo içindeki Modern ve Atomik dönem deniz birimlerine +5 [ICON_Strength] Savas Gücü ve +1 [ICON_Movement] Hareket.</Text>
    </Row>
    <Row Tag="LOC_GREATPERSON_COMBAT_STRENGTH_AOE_ATOMIC_SEA">
      <Text>2 karo içindeki Atom ve Bilgi çagi deniz birimlerine +5 [ICON_Strength] Savas Gücü ve +1 [ICON_Movement] Hareket.</Text>
    </Row>
    <Row Tag="LOC_GREATPERSON_COMBAT_STRENGTH_AOE_INFORMATION_SEA">
      <Text>+5 [ICON_Strength] Savas Gücü ve +1 [ICON_Movement] 2 karo içindeki Bilgi dönemi deniz birimlerine Hareket.</Text>
    </Row>
    <Row Tag="LOC_GREATPERSON_ARTEMISIA_ACTIVE">
      <Text>Bir askeri donanma birimine 1 terfi seviyesi verir.</Text>
    </Row>
    <Row Tag="LOC_GREATPERSON_GAIUS_DUILIUS_ACTIVE">
      <Text>Askeri bir donanma biriminden bir Filo olusturur.</Text>
    </Row>
    <Row Tag="LOC_GREATPERSON_THEMISTOCLES_ACTIVE">
      <Text>Aninda bir Quadrireme birimi olusturur.</Text>
    </Row>
    <Row Tag="LOC_GREATPERSON_LEIF_ERIKSON_ACTIVE">
      <Text>Tüm deniz birimlerinin normal teknoloji gereksinimi olmadan okyanus taslari üzerinde hareket etmesini saglar.</Text>
    </Row>
    <Row Tag="LOC_GREATPERSON_RAJENDRA_CHOLA_ACTIVE">
      <Text>50 [ICON_Gold] Altin kazanin (Standart hizda). Askeri birimler deniz [ICON_TradeRoute] Ticaret Yollarini yagmaladiklarinda +%40 ödül alirlar.</Text>
    </Row>
    <Row Tag="LOC_GREATPERSON_ZHENG_HE_ACTIVE">
      <Text>Kazanç {Amount} [ICON_Envoy] {Amount : plural 1?Envoy  other?Envoys }.</Text>
    </Row>
    <Row Tag="LOC_GREATPERSON_FRANCIS_DRAKE_ACTIVE">
      <Text>75 [ICON_Gold] Altin kazanin (Standart hizda). Askeri birimler deniz [ICON_TradeRoute] Ticaret Yollarini yagmaladiklarinda +%50 ödül alirlar.</Text>
    </Row>
    <Row Tag="LOC_GREATPERSON_SANTA_CRUZ_ACTIVE">
      <Text>Askeri bir deniz birliginden bir Armada olusturur.</Text>
    </Row>
    <Row Tag="LOC_GREATPERSON_YI_SUN_SIN_ACTIVE">
      <Text>Aninda 1 terfi seviyesine sahip bir Ironclad birimi olusturur.</Text>
    </Row>
    <Row Tag="LOC_GREATPERSON_CHING_SHIH_ACTIVE">
      <Text>100 [ICON_Gold] Altin kazanin (Standart hizda). Askeri birimler deniz [ICON_TradeRoute] Ticaret Yollarini yagmaladiklarinda +%60 ödül alirlar.</Text>
    </Row>
    <Row Tag="LOC_GREATPERSON_HORATIO_NELSON_ACTIVE">
      <Text>Tüm donanma birimleri için +%50 kanat bonusu.</Text>
    </Row>
    <Row Tag="LOC_GREATPERSON_LASKARINA_BOUBOULINA_ACTIVE">
      <Text>Bir askeri deniz birligine 1 terfi seviyesi ve +%50 savas deneyimi kazandirir.</Text>
    </Row>
    <Row Tag="LOC_GREATPERSON_FRANZ_VON_HIPPER_ACTIVE">
      <Text>Aninda 1 terfi seviyesine sahip bir Savas Gemisi birimi olusturur.</Text>
    </Row>
    <Row Tag="LOC_GREATPERSON_JOAQUIM_MARQUES_LISBOA_ACTIVE">
      <Text>Normalden %25 daha az savas yorgunlugu biriktirin.</Text>
    </Row>
    <Row Tag="LOC_GREATPERSON_TOGO_HEIHACHIRO_ACTIVE">
      <Text>Bir askeri donanma birimine 1 terfi seviyesi ve +%75 savas deneyimi kazandirir.</Text>
    </Row>
    <Row Tag="LOC_GREATPERSON_CHESTER_NIMITZ_ACTIVE">
      <Text>Donanma Akincisi terfi sinifi birimlerine yönelik +%20 [ICON_Production] Üretim.</Text>
    </Row>
    <Row Tag="LOC_GREATPERSON_GRACE_HOPPER_ACTIVE">
      <Text>Atom veya Bilgi çagindan {Amount} rastgele {Amount : plural 1?technology  other?technologies } için [ICON_TechBoosted] Eureka anini tetikler.</Text>
    </Row>
    <Row Tag="LOC_GREATPERSON_SERGEY_GORSHKOV_ACTIVE">
      <Text>Bir askeri deniz birimine 1 terfi seviyesi ve +%100 savas deneyimi kazandirir.</Text>
    </Row>
    <Row Tag="LOC_GREATPERSON_CLANCY_FERNANDO_ACTIVE">
      <Text>Bir askeri deniz birligine 1 terfi seviyesi ve +%200 savas deneyimi kazandirir.</Text>
    </Row>
    <!-- Engineers -->
    <Row Tag="LOC_GREATPERSON_EXTRA_DISTRICT_CAPACITY">
      <Text>Bu sehrin [ICON_Citizen] Nüfus sinirinin izin verdiginden bir fazla bölge insa etmesini saglar.</Text>
    </Row>
    <Row Tag="LOC_GREATPERSON_PRINTINGTECHBOOST">
      <Text>Baski teknolojisi için [ICON_TechBoosted] Eureka anini tetikler.</Text>
    </Row>
    <Row Tag="LOC_GREATPERSON_GRANT_PRODUCTION_IN_CITY_MEDIEVAL">
      <Text>Hibeler {Amount} [ICON_Production] Harika insaata yönelik üretim.</Text>
    </Row>
    <Row Tag="LOC_GREATPERSON_JAMES_OF_ST_GEORGE_ACTIVE">
      <Text>Bu sehirde aninda Antik ve Orta Cag Surlari insa eder.</Text>
    </Row>
    <Row Tag="LOC_GREATPERSON_GRANT_PRODUCTION_IN_CITY_RENAISSANCE">
      <Text>Hibeler {Amount} [ICON_Production] Harika insaata yönelik üretim.</Text>
    </Row>
    <Row Tag="LOC_GREATPERSON_WORKSHOP_CULTURE">
      <Text>Atölyeler +{Amount} [ICON_Culture] Kültür saglar.</Text>
    </Row>
    <Row Tag="LOC_GREATPERSON_CITY_HOUSING_SMALL">
      <Text>+{Amount} [ICON_Housing] Bu sehir için konut.</Text>
    </Row>
    <Row Tag="LOC_GREATPERSON_CITY_AMENITIES_SMALL">
      <Text>Bu sehir için +{Amount} [ICON_Amenities] {Amount : plural 1?Amenity  other?Amenities }.</Text>
    </Row>
    <Row Tag="LOC_GREATPERSON_GRANT_PRODUCTION_IN_CITY_INDUSTRIAL">
      <Text>Hibeler {Amount} [ICON_Production] Harika insaata yönelik üretim.</Text>
    </Row>
    <Row Tag="LOC_GREATPERSON_JAMES_WATT_ACTIVE">
      <Text>Bu bölgede aninda bir Fabrika ve Atölye insa eder. Fabrikalar +2 [ICON_Production] Üretim saglar.</Text>
    </Row>
    <Row Tag="LOC_GREATPERSON_CITY_APPEAL_SMALL">
      <Text>Bu sehir +{Amount} saglar Sahip oldugu tüm karolara itiraz edin.</Text>
    </Row>
    <Row Tag="LOC_GREATPERSON_EXTRA_REGIONAL_BUILDING_RANGE">
      <Text>Bu bölgenin bölgesel binalari {Amount} {Amount : plural 1?tile  other?tiles } daha uzaklara ulasmaktadir.</Text>
    </Row>
    <Row Tag="LOC_GREATPERSON_EXTRA_REGIONAL_BUILDING_PRODUCTION">
      <Text>Bu bölgenin bölgesel binalari +{Amount} [ICON_Production] Üretim saglamaktadir.</Text>
    </Row>
    <Row Tag="LOC_GREATPERSON_SPACE_RACE_PRODUCTION_RATE_SMALL">
      <Text>+{Amount}% [ICON_Production] Uzay Yarisi projelerine yönelik üretim.</Text>
    </Row>
    <Row Tag="LOC_GREATPERSON_ROCKETRYTECHBOOST">
      <Text>Roketçilik teknolojisi için [ICON_TechBoosted] Eureka anini tetikler.</Text>
    </Row>
    <Row Tag="LOC_GREATPERSON_CITY_HOUSING_MEDIUM">
      <Text>+{Amount} [ICON_Housing] Bu sehir için konut.</Text>
    </Row>
    <Row Tag="LOC_GREATPERSON_CITY_HOUSING_LARGE">
      <Text>+{Amount} [ICON_Housing] Bu sehir için konut.</Text>
    </Row>
    <Row Tag="LOC_GREATPERSON_CITY_AMENITIES_LARGE">
      <Text>Bu sehir için +{Amount} [ICON_Amenities] {Amount : plural 1?Amenity  other?Amenities }.</Text>
    </Row>
    <Row Tag="LOC_GREATPERSON_GRANT_PRODUCTION_IN_CITY_EARLY_SPACE_RACE">
      <Text>Hibeler {Amount} [ICON_Production] Uzay Yarisi projesinin insasina yönelik üretim.</Text>
    </Row>
    <Row Tag="LOC_GREATPERSON_CITY_APPEAL_LARGE">
      <Text>Bu sehir +{Amount} saglar Sahip oldugu tüm karolara itiraz edin.</Text>
    </Row>
    <Row Tag="LOC_GREATPERSON_EXTRA_REGIONAL_BUILDING_ENTERTAINMENT">
      <Text>Bu bölgenin bölgesel binalari +{Amount} [ICON_Amenities] {Amount : plural 1?Amenity  other?Amenities } saglamaktadir.</Text>
    </Row>
    <Row Tag="LOC_GREATPERSON_GRANT_PRODUCTION_IN_CITY_INFORMATION">
      <Text>Hibeler {Amount} [ICON_Production] Harika insaata yönelik üretim.</Text>
    </Row>
    <!-- Merchants -->
    <Row Tag="LOC_GREATPERSON_GRANT_PLOT_RESOURCE">
      <Text>[ICON_Capital] Baskentinize bu karedeki Lüks kaynagindan {Amount} ücretsiz {Amount : plural 1?copy  other?copies } verir.</Text>
    </Row>
    <Row Tag="LOC_GREATPERSON_FAITH_SMALL">
      <Text>Kazanç {Amount} [ICON_Faith] Inanç.</Text>
    </Row>
    <Row Tag="LOC_GREATPERSON_GRANT_PLOT">
      <Text>En yakin sehriniz bu kareyi kendi topraklarina katar.</Text>
    </Row>
    <Row Tag="LOC_GREATPERSON_GOLD_TINY">
      <Text>Kazanç {Miktar : sayi #} [ICON_Gold] Altin.</Text>
    </Row>
    <Row Tag="LOC_GREATPERSON_ZHANG_QIAN_ACTIVE">
      <Text>[ICON_TradeRoute] Ticaret Yolu kapasitesini 1 artirir. Bu sehre giden Yabanci [ICON_TradeRoute] Ticaret Yollari her iki sehre de +2 [ICON_Gold] Altin saglar.</Text>
    </Row>
    <Row Tag="LOC_GREATPERSON_MARCO_POLO_ACTIVE">
      <Text>Bu sehirde ücretsiz bir Tüccar birimi verir ve [ICON_TradeRoute] Ticaret Yolu kapasitesini 1 artirir. Bu sehre giden Yabanci [ICON_TradeRoute] Ticaret Yollari her iki sehre de +2 [ICON_Gold] Altin saglar.</Text>
    </Row>
    <Row Tag="LOC_GREATPERSON_GOLD_TO_INCOMING_FOREIGN_ROUTES">
      <Text>Bu sehir yabanci [ICON_TradeRoute] Ticaret Yollarina +([1] [ICON_Gold] Altin saglamaktadir.</Text>
    </Row>
    <Row Tag="LOC_GREATPERSON_GOLD_FROM_INCOMING_FOREIGN_ROUTES">
      <Text>Bu sehir yabanci [ICON_TradeRoute] Ticaret Yollarindan +([1] [ICON_Gold] Altin alir.</Text>
    </Row>
    <Row Tag="LOC_GREATPERSON_FREE_TRADER_UNIT">
      <Text>Bu sehirde ücretsiz bir Tüccar birimi kazanin.</Text>
    </Row>
    <Row Tag="LOC_GREATPERSON_EXTRA_TRADE_ROUTE_CAPACITY">
      <Text>[ICON_TradeRoute] Ticaret Yolu kapasitesini {Amount} kadar artirir.</Text>
    </Row>
    <Row Tag="LOC_GREATPERSON_GOLD_SMALL">
      <Text>Kazanç {Miktar : sayi #} [ICON_Gold] Altin.</Text>
    </Row>
    <Row Tag="LOC_GREATPERSON_INFLUENCE_TOKENS_SMALL">
      <Text>Kazanç {Amount} [ICON_Envoy] {Amount : plural 1?Envoy  other?Envoys }.</Text>
    </Row>
    <Row Tag="LOC_GREATPERSON_GIOVANNI_DE_MEDICI_ACTIVE">
      <Text>Bu bölgede aninda bir Banka ve Pazar insa eder. Banka, her seyi tutabilen 2 Büyük Is yuvasina sahip olur.</Text>
    </Row>
    <Row Tag="LOC_GREATPERSON_MARKET">
      <Text>Bu bölgede aninda bir Pazar kurulur.</Text>
    </Row>
    <Row Tag="LOC_GREATPERSON_BANK">
      <Text>Bu bölgede aninda bir Banka kurulur.</Text>
    </Row>
    <Row Tag="LOC_GREATPERSON_BANK_GREAT_WORK_SLOTS">
      <Text>Bu Banka {Amount} alir [ICON_GreatWork_Relic] Yadigarlar disinda herhangi bir seyi tutmak için Büyük Is yuvalari.</Text>
    </Row>
    <Row Tag="LOC_GREATPERSON_GOLD_MEDIUM">
      <Text>Kazanç {Miktar : sayi #} [ICON_Gold] Altin.</Text>
    </Row>
    <Row Tag="LOC_GREATPERSON_INFLUENCE_TOKENS_MEDIUM">
      <Text>Kazanç {Amount} [ICON_Envoy] {Amount : plural 1?Envoy  other?Envoys }.</Text>
    </Row>
    <Row Tag="LOC_GREATPERSON_DOMESTIC_ROUTE_GOLD_PER_SPECIALTY_DISTRICT">
      <Text>Kendi sehirlerinize giden [ICON_TradeRoute] Ticaret Yollariniz, varis noktasindaki her uzmanlik bölgesi için +([1] [ICON_Gold] Altin kazandirir.</Text>
    </Row>
    <Row Tag="LOC_GREATPERSON_ECONOMIC_POLICY_SLOT">
      <Text>+1 Herhangi bir hükümette ekonomi politikasi yuvasi.</Text>
    </Row>
    <Row Tag="LOC_GREATPERSON_GRANT_JEANS">
      <Text>{Amount} [ICON_RESOURCE_JEANS] Kot Pantolon verir, benzersiz bir sekilde üretilmis bir Lüks kaynaktir ve +4 [ICON_Amenities] Özellik saglar.</Text>
    </Row>
    <Row Tag="LOC_GREATPERSON_GOLD_LARGE">
      <Text>Kazanç {Miktar : sayi #} [ICON_Gold] Altin.</Text>
    </Row>
    <Row Tag="LOC_GREATPERSON_GRANT_PERFUME">
      <Text>{Amount} [ICON_RESOURCE_PERFUME] Parfüm verir, +6 [ICON_Amenities] Özellik saglayan benzersiz bir sekilde üretilmis Lüks bir kaynaktir.</Text>
    </Row>
    <Row Tag="LOC_GREATPERSON_JOHN_ROCKEFELLER_ACTIVE">
      <Text>Stratejik bir kaynak olan 1 [ICON_RESOURCE_OIL] Petrol verir. [ICON_TradeRoute] Ticaret Yollariniz, hedef sehirdeki her Stratejik kaynak için +2 [ICON_Gold] Altin kazanir.</Text>
    </Row>
    <Row Tag="LOC_GREATPERSON_GRANT_OIL">
      <Text>Hibeler {Amount} [ICON_RESOURCE_OIL] Petrol, Stratejik bir kaynak.</Text>
    </Row>
    <Row Tag="LOC_GREATPERSON_DOMESTIC_ROUTE_GOLD_PER_STRATEGIC">
      <Text>[ICON_TradeRoute] Ticaret Rotalariniz, hedef sehir tarafindan gelistirilen her Stratejik kaynak için +([1] [ICON_Gold] Altin kazanir.</Text>
    </Row>
    <Row Tag="LOC_GREATPERSON_TRADE_ROUTE_TOURISM_MODIFIER">
      <Text>+{Amount}% [ICON_Tourism] Ticaret Yolunuz olan diger medeniyetlere yönelik turizm orani [ICON_TradeRoute].</Text>
    </Row>
    <Row Tag="LOC_GREATPERSON_GRANT_COSMETICS">
      <Text>{Amount} [ICON_RESOURCE_COSMETICS] Kozmetik verir, +4 [ICON_Amenities] Kolaylik saglayan benzersiz bir sekilde üretilmis Lüks bir kaynaktir.</Text>
    </Row>
    <Row Tag="LOC_GREATPERSON_DIPLO_VISIBILITY">
      <Text>Diger tüm medeniyetlerle diplomatik görünürlük +{Amount} {Amount : plural 1?level  other?levels }.</Text>
    </Row>
    <Row Tag="LOC_GREATPERSON_GRANT_TOYS">
      <Text>{Amount} [ICON_RESOURCE_TOYS] Oyuncaklar, +4 [ICON_Amenities] Kolaylik saglayan benzersiz bir sekilde üretilmis Lüks bir kaynak verir.</Text>
    </Row>
    <Row Tag="LOC_GREATPERSON_INDUSTRIAL_ZONE_TOURISM">
      <Text>Sanayi Bölgesi bölgeleri +{Amount} [ICON_Tourism] Turizm saglar.</Text>
    </Row>
    <Row Tag="LOC_GREATPERSON_CAMPUS_TOURISM">
      <Text>Kampüs bölgeleri +{Amount} [ICON_Tourism] Turizm saglar.</Text>
    </Row>
    <!-- Scientists -->
    <Row Tag="LOC_GREATPERSON_3CLASSICALMEDIEVALTECHBOOSTS">
      <Text>Klasik veya Ortaçag döneminden {Amount} rastgele {Amount : plural 1?technology  other?technologies } için [ICON_TechBoosted] Eureka anini tetikler.</Text>
    </Row>
    <Row Tag="LOC_GREATPERSON_EUCLID_ACTIVE">
      <Text>Matematik için [ICON_TechBoosted] Eureka anini ve Ortaçag döneminden 1 rastgele teknolojiyi tetikler.</Text>
    </Row>
    <Row Tag="LOC_GREATPERSON_1MEDIEVALTECHBOOST">
      <Text>Ortaçag döneminden {Amount} rastgele {Amount : plural 1?technology  other?technologies } için [ICON_TechBoosted] Eureka anini tetikler.</Text>
    </Row>
    <Row Tag="LOC_GREATPERSON_MATHTECHBOOST">
      <Text>Matematik teknolojisi için [ICON_TechBoosted] Eureka anini tetikler.</Text>
    </Row>
    <Row Tag="LOC_GREATPERSON_LIBRARY">
      <Text>Bu bölgede aninda bir Kütüphane kurulur.</Text>
    </Row>
    <Row Tag="LOC_GREATPERSON_LIBRARY_FREE_MAINTENANCE">
      <Text>+{Amount} [ICON_Gold] Altin.</Text>
    </Row>
    <Row Tag="LOC_GREATPERSON_UNIVERSITY">
      <Text>Bu bölgede aninda bir üniversite kurulur.</Text>
    </Row>
    <Row Tag="LOC_GREATPERSON_UNIVERSITY_FREE_MAINTENANCE">
      <Text>+{Amount} [ICON_Gold] Altin.</Text>
    </Row>
    <Row Tag="LOC_GREATPERSON_1MEDIEVALRENAISSANCETECHBOOST">
      <Text>Ortaçag veya Rönesans döneminden {Amount} rastgele {Amount : plural 1?technology  other?technologies } için [ICON_TechBoosted] Eureka anini tetikler.</Text>
    </Row>
    <Row Tag="LOC_GREATPERSON_HOLY_SITE_ADJACENCY_AS_SCIENCE">
      <Text>Bu Kutsal Alan bölgesinin [ICON_Faith] Inanç bitisiklik bonusu [ICON_Science] Bilim de saglar.</Text>
    </Row>
    <Row Tag="LOC_GREATPERSON_FAITH">
      <Text>Kazanç {Amount} [ICON_Faith] Inanç.</Text>
    </Row>
    <Row Tag="LOC_GREATPERSON_OMAR_KHAYYAM_ACTIVE">
      <Text>Rastgele 2 teknoloji için [ICON_TechBoosted] Eureka anini ve Ortaçag veya Rönesans döneminden rastgele 1 sivil için [ICON_CivicBoosted] Ilham anini tetikler.</Text>
    </Row>
    <Row Tag="LOC_GREATPERSON_2MEDIEVALRENAISSANCETECHBOOSTS">
      <Text>Ortaçag veya Rönesans döneminden {Amount} rastgele {Amount : plural 1?technology  other?technologies } için [ICON_TechBoosted] Eureka anini tetikler.</Text>
    </Row>
    <Row Tag="LOC_GREATPERSON_1MEDIEVALRENAISSANCECIVICBOOST">
      <Text>Ortaçag veya Rönesans döneminden {Amount} rastgele {Amount : plural 1?civic  other?civics } için [ICON_CivicBoosted] Ilham anini tetikler.</Text>
    </Row>
    <Row Tag="LOC_GREATPERSON_GALILEO_GALILEI_ACTIVE">
      <Text>Bitisik her Dag karesi için 250 [ICON_Science] Bilim (Standart hizda) kazanin.</Text>
    </Row>
    <Row Tag="LOC_GREATPERSON_RESEARCH_LAB">
      <Text>Bu bölgede aninda bir Arastirma Laboratuvari kurulur.</Text>
    </Row>
    <Row Tag="LOC_GREATPERSON_RESEARCHLABS_BIG_SCIENCE">
      <Text>Arastirma Laboratuvarlari +{Amount} [ICON_Science] Bilim saglar.</Text>
    </Row>
    <Row Tag="LOC_GREATPERSON_RESEARCH_LAB_FREE_MAINTENANCE">
      <Text>+{Amount} [ICON_Gold] Altin.</Text>
    </Row>
    <Row Tag="LOC_GREATPERSON_ISAAC_NEWTON_ACTIVE">
      <Text>Bu bölgede aninda bir Üniversite ve Kütüphane kurar. Üniversiteler +2 [ICON_Science] Bilim saglar.</Text>
    </Row>
    <Row Tag="LOC_GREATPERSON_3RENAISSANCEINDUSTRIALTECHBOOSTS">
      <Text>Rönesans veya Sanayi döneminden {Amount} rastgele {Amount : plural 1?technology  other?technologies } için [ICON_TechBoosted] Eureka anini tetikler.</Text>
    </Row>
    <Row Tag="LOC_GREATPERSON_GREAT_PERSON_FREE_POINTS">
      <Text>Mevcut ve gelecekteki tüm Büyük Insanlari ise almak için {Amount} ücretsiz [ICON_GreatPerson] Büyük Insan puani uygular.</Text>
    </Row>
    <Row Tag="LOC_GREATPERSON_CHARLES_DARWIN_ACTIVE">
      <Text>Buradaki veya bitisigindeki her doga harikasi karo için 500 [ICON_Science] Bilim (Standart hizda) kazanin.</Text>
    </Row>
    <Row Tag="LOC_GREATPERSON_DMITRI_MENDELEEV_ACTIVE">
      <Text>Kimya için [ICON_TechBoosted] Eureka anini ve Sanayi çagindan rastgele 1 teknolojiyi tetikler.</Text>
    </Row>
    <Row Tag="LOC_GREATPERSON_ALAN_TURING_ACTIVE">
      <Text>Bilgisayarlar ve Modern çagdan rastgele 1 teknoloji için [ICON_TechBoosted] Eureka anini tetikler.</Text>
    </Row>
    <Row Tag="LOC_GREATPERSON_1INDUSTRIALTECHBOOST">
      <Text>Sanayi döneminden {Amount} rastgele {Amount : plural 1?technology  other?technologies } için [ICON_TechBoosted] Eureka anini tetikler.</Text>
    </Row>
    <Row Tag="LOC_GREATPERSON_CHEMISTRYTECHBOOST">
      <Text>Kimya teknolojisi için [ICON_TechBoosted] Eureka anini tetikler.</Text>
    </Row>
    <Row Tag="LOC_GREATPERSON_LIBRARIES_SCIENCE">
      <Text>Kütüphaneler +{Amount} [ICON_Science] Bilim saglar.</Text>
    </Row>
    <Row Tag="LOC_GREATPERSON_UNIVERSITIES_SMALL_SCIENCE">
      <Text>Üniversiteler +{Amount} [ICON_Science] Bilim saglar.</Text>
    </Row>
    <Row Tag="LOC_GREATPERSON_UNIVERSITIES_BIG_SCIENCE">
      <Text>Üniversiteler +{Amount} [ICON_Science] Bilim saglar.</Text>
    </Row>
    <Row Tag="LOC_GREATPERSON_1MODERNATOMICTECHBOOST">
      <Text>Modern veya Atomik dönemden {Amount} rastgele {Amount : plural 1?technology  other?technologies } için [ICON_TechBoosted] Eureka anini tetikler.</Text>
    </Row>
    <Row Tag="LOC_GREATPERSON_REVEAL_OIL">
      <Text>[ICON_RESOURCE_OIL] Normal teknoloji gereksinimi olmadan yagi ortaya çikarir.</Text>
    </Row>
    <Row Tag="LOC_GREATPERSON_2INDUSTRIALMODERNTECHBOOSTS">
      <Text>Endüstriyel veya Modern çagdan {Amount} rastgele {Amount : plural 1?technology  other?technologies } için [ICON_TechBoosted] Eureka anini tetikler.</Text>
    </Row>
    <Row Tag="LOC_GREATPERSON_ADJACENT_RAINFOREST_SCIENCE">
      <Text>Buradaki veya bitisigindeki her Yagmur Ormani karesi için {Amount} [ICON_Science] Bilim kazanin.</Text>
    </Row>
    <Row Tag="LOC_GREATPERSON_ARTIFACT_TOURISM_MODIFIER">
      <Text>[ICON_GreatWork_Artifact] Tüm sehirlerinizdeki eserler normal [ICON_Tourism] Turizmlerinin % {ScalingFactor}'ünü üretir.</Text>
    </Row>
    <Row Tag="LOC_GREATPERSON_ARTIFACT_SCIENCE">
      <Text>Bu sehirdeki her [ICON_GreatWork_Artifact] Eser için ([1] [ICON_Science] Bilim kazanin.</Text>
    </Row>
    <Row Tag="LOC_GREATPERSON_3ATOMICINFORMATIONTECHBOOSTS">
      <Text>Atom veya Bilgi çagindan {Amount} rastgele {Amount : plural 1?technology  other?technologies } için [ICON_TechBoosted] Eureka anini tetikler.</Text>
    </Row>
    <Row Tag="LOC_GREATPERSON_ALLINFORMATIONTECHBOOSTS">
      <Text>Bilgi çagindaki tüm teknolojiler için [ICON_TechBoosted] Eureka anini tetikler.</Text>
    </Row>
    <Row Tag="LOC_GREATPERSON_GRANT_PRODUCTION_IN_CITY_LATE_SPACE_RACE">
      <Text>Hibeler {Amount} [ICON_Production] Uzay Yarisi projesinin insasina yönelik üretim.</Text>
    </Row>
    <Row Tag="LOC_GREATPERSON_SPACE_RACE_PRODUCTION_RATE_LARGE">
      <Text>+{Amount}% [ICON_Production] Uzay Yarisi projelerine yönelik üretim.</Text>
    </Row>
    <Row Tag="LOC_GREATPERSON_ABU_AL_QASIM_AL_ZAHRAWI_ACTIVE">
      <Text>Yarali kara birimleri her tur +5 HP iyilestirebilir.</Text>
    </Row>
  </BaseGameText>
</GameData>