﻿<?xml version="1.0" encoding="utf-8"?>
<GameData>
  <EnglishText>
    <Row Tag="LOC_INDONESIA_KHMER_MOD_TITLE">
      <Text>Khmer ve Endonezya Uygarlik Paketi</Text>
    </Row>
    <Row Tag="LOC_INDONESIA_KHMER_MOD_TEASER">
      <Text>Yeni Medeniyetler ve Liderler - Endonezya'dan Dyah Gitarja ve Khmer'den Jayavarman VII</Text>
    </Row>
    <Row Tag="LOC_INDONESIA_KHMER_MOD_DESCRIPTION">
      <Text>Iki yeni uygarlik, iki lider, bir dünya harikasi, bir doga harikasi ve iki harita içerir.</Text>
    </Row>
    <Row Tag="LOC_MOD_INDONESIA_KHMER_SCENARIO_TITLE">
      <Text>Senaryo: Nirvana'ya Giden Yol</Text>
    </Row>
    <Row Tag="LOC_MOD_INDONESIA_KHMER_SCENARIO_TEASER">
      <Text>Inancinizi Dogu Asya'ya yayin.</Text>
    </Row>
    <Row Tag="LOC_MOD_INDONESIA_KHMER_SCENARIO_DESCRIPTION">
      <Text>Hint Okyanusu çevresindeki topraklar birçok din ve birçok insanla gelisiyor. Cennet tüm bu topraklara isigi götürmeniz için sizi seçti. Inanciniz bu zorlu göreve uygun mu? Güneydogu Asya halkini dininizi takip etmeye ikna edebilir misiniz?</Text>
    </Row>
  </EnglishText>
</GameData>