﻿<?xml version="1.0" encoding="utf-8"?>
<GameData>
  <BaseGameText>
    <!-- ==================== Action Panel ==================== -->
    <Row Tag="LOC_ACTION_PANEL_CLOUD_TURN_UPLOADING">
      <Text>DÖNÜSÜ TAAHHÜT ETMEK</Text>
    </Row>
    <Row Tag="LOC_ACTION_PANEL_CLOUD_TURN_UPLOADING_TOOLTIP">
      <Text>Siraniz buluta yükleniyor. Oyundan çikmak ilerleme kaybina neden olabilir.</Text>
    </Row>
    <Row Tag="LOC_ACTION_PANEL_CLOUD_TURN_UPLOADED">
      <Text>CIKIS</Text>
    </Row>
    <Row Tag="LOC_ACTION_PANEL_CLOUD_TURN_UPLOADED_TOOLTIP">
      <Text>Siraniz buluta yüklendi. Ana menüye dönülüyor.</Text>
    </Row>
    <Row Tag="LOC_ACTION_PANEL_END_TURN_ASK_ME_TITLE">
      <Text>Bulut Dönüsü Taahhüt Edildi</Text>
    </Row>
    <Row Tag="LOC_ACTION_PANEL_END_TURN_ASK_ME_TEXT">
      <Text>Siraniz buluta aktarildi. Ilerlemeniz kaydedildi. Simdi ne yapmak istiyorsunuz? Bu seçenek oyun seçeneklerinden degistirilebilir.</Text>
    </Row>
    <Row Tag="LOC_REMEMBER_MY_CHOICE">
      <Text>Seçimimi Hatirla</Text>
    </Row>
    <!-- ==================== Your Turn Notification Popup ==================== -->
    <Row Tag="LOC_PBC_NOTIFY_POPUP_YOUR_TURN_TITLE">
      <Text>Bulut Sirasina Göre Oynayin</Text>
    </Row>
    <Row Tag="LOC_PBC_NOTIFY_POPUP_YOUR_TURN_BODY">
      <Text>Play By Cloud oyununda sira sizde:[NEWLINE]([1][NEWLINE][NEWLINE]Maça simdi katilirsaniz, kaydedilmemis tüm ilerlemeler kaybolacaktir.</Text>
    </Row>
    <Row Tag="LOC_PBC_NOTIFY_JOIN_MATCH">
      <Text>Eslesmeye Katil</Text>
    </Row>
    <!-- ==================== Unseen Completed Cloud Game Notification Popup ==================== -->
    <Row Tag="LOC_PBC_NOTIFY_POPUP_UNSEEN_COMPLETE_TITLE">
      <Text>Bulutla Oyna Oyun Bitti</Text>
    </Row>
    <Row Tag="LOC_PBC_NOTIFY_POPUP_UNSEEN_COMPLETE_BODY">
      <Text>Play By Cloud oyununda oyununuz sona erdi:[NEWLINE]([1][NEWLINE][NEWLINE]Sonuçlari simdi görüntülerseniz, kaydedilmemis tüm ilerlemeler kaybolacaktir.</Text>
    </Row>
    <Row Tag="LOC_PBC_NOTIFY_VIEW_RESULTS">
      <Text>Sonuçlari Görüntüle</Text>
    </Row>
  </BaseGameText>
</GameData>