﻿<?xml version="1.0" encoding="utf-8"?>
<GameData>
  <EnglishText>
    <Row Tag="LOC_MACEDONIA_PERSIA_MOD_TITLE">
      <Text>Pers ve Makedon Uygarlik Paketi</Text>
    </Row>
    <Row Tag="LOC_MACEDONIA_PERSIA_MOD_TEASER">
      <Text>Yeni Medeniyetler ve Liderler - Makedonyali Büyük Iskender ve Iranli Kiros</Text>
    </Row>
    <Row Tag="LOC_MACEDONIA_PERSIA_MOD_DESCRIPTION">
      <Text>Iki yeni uygarlik, iki lider ve iki yeni dünya harikasi içerir.</Text>
    </Row>
    <Row Tag="LOC_MOD_ALEXANDER_SCENARIO_TITLE">
      <Text>Senaryo: Iskender'in Fetihleri</Text>
    </Row>
    <Row Tag="LOC_MOD_ALEXANDER_SCENARIO_TEASER">
      <Text>Büyük Iskender'e layik bir imparatorlugu fethedebilir misiniz? En fazla 60 Tur sürer.</Text>
    </Row>
    <Row Tag="LOC_MOD_ALEXANDER_SCENARIO_DESCRIPTION">
      <Text>Bu süreli tek oyunculu senaryoda, "Büyük Iskender" unvanini gerçekten kazanmak için imparatorlugunuzu genisletmek için acele etmelisiniz. Bu senaryo savas, toprak genisletme ve yaninizda savasacak Büyük Generallerin hesapli kullanimini vurgular.[NEWLINE][NEWLINE]Kazanmak için zorluk seviyenize göre belirlenen sayida tur içinde haritadaki her sehri fethedin:[NEWLINE][NEWLINE]Yerlesimci: 60 tur[NEWLINE]Savas Lordu veya Sef: 55 tur[NEWLINE]Kral veya Prens: 50 tur[NEWLINE]Ölümsüz veya Imparator: 45 tur[NEWLINE]Ilah: 37 tur</Text>
    </Row>
  </EnglishText>
</GameData>