﻿<?xml version="1.0" encoding="utf-8"?>
<GameData>
  <FrontEndText>
    <!-- Multiplayer Lobby Screen -->
    <Row Tag="LOC_LOBBY_GAME_STARTED_TOOLTIP">
      <Text>Oyun devam ediyor</Text>
    </Row>
    <Row Tag="LOC_LOBBY_GAME_LOADING_SAVE_TOOLTIP">
      <Text>Oyun yükleme kaydi</Text>
    </Row>
    <Row Tag="LOC_LOBBY_GAME_VERSION_MISMATCH_TOOLTIP">
      <Text>Bu oyun, oyunun farkli bir versiyonunu çalistiriyor.[NEWLINE]Oyun: {1_GameVersion} Yerel: {2_GameVersion}</Text>
    </Row>
    <Row Tag="LOC_LOBBY_JOIN_DISABLED_VERSION_MISMATCH_TOOLTIP">
      <Text>Farkli bir sürümle oyunlara katilinamiyor.</Text>
    </Row>
  </FrontEndText>
</GameData>