﻿<?xml version="1.0" encoding="utf-8"?>
<!-- edited with XMLSPY v2004 rel. 2 U (http://www.xmlspy.com) by Ed Beach (Firaxis Games) -->
<GameData>
  <FrontEndText>
    <Row Tag="TXT_KEY_MY2K">
      <Text>2K Hesap</Text>
    </Row>
    <!-- String needed for MY2K but not (yet) provided by the server system... -->
    <Row Tag="TXT_KEY_MY2K_ADDITION_SIGN_UP_TITLE">
      <Text>2K Hesabi için kaydolun</Text>
    </Row>
    <Row Tag="TXT_KEY_MY2K_ADDITION_CREATE_NEW_USER_MESSAGE">
      <Text>Bir 2K Hesabina kaydolmak için lütfen asagidaki alana geçerli bir e-posta adresi girin. Kayit onayi için bu adrese bir dogrulama e-postasi gönderilecektir.</Text>
    </Row>
    <Row Tag="TXT_KEY_MY2K_ADDITION_LOGOUT_TITLE">
      <Text>Oturumu Kapat</Text>
    </Row>
    <Row Tag="TXT_KEY_MY2K_ADDITION_LOGOUT_MESSAGE">
      <Text>Oturumu kapatmak istiyor musunuz?</Text>
    </Row>
    <Row Tag="TXT_KEY_MY2K_ADDITION_YES">
      <Text>Evet</Text>
    </Row>
    <Row Tag="TXT_KEY_MY2K_ADDITION_NO">
      <Text>Hayir</Text>
    </Row>
    <Row Tag="TXT_KEY_MY2K_ADDITION_LOGIN_USER">
      <Text>Giris</Text>
    </Row>
    <Row Tag="TXT_KEY_MY2K_ADDITION_OK">
      <Text>TAMAM.</Text>
    </Row>
    <Row Tag="TXT_KEY_MY2K_ADDITION_CANCEL">
      <Text>Iptal</Text>
    </Row>
    <Row Tag="TXT_KEY_MY2K_ADDITION_READ">
      <Text>Okuyun</Text>
    </Row>
    <Row Tag="TXT_KEY_MY2K_ADDITION_CREATE_NEW_USER">
      <Text>Yeni Kullanici Olustur</Text>
    </Row>
    <Row Tag="TXT_KEY_MY2K_ADDITION_SIGN_UP">
      <Text>Kayit Olun</Text>
    </Row>
    <Row Tag="TXT_KEY_MY2K_ADDITION_CONNECTION_ISSUE">
      <Text>Baglanti Sorunu</Text>
    </Row>
    <Row Tag="TXT_KEY_MY2K_ADDITION_FIRAXIS_LIVE_NOT_CONNECTED">
      <Text>Civilization VI ile baglanti kurulamadi. Civilization VI özelliklerine erisilemeyebilir.</Text>
    </Row>
    <Row Tag="TXT_KEY_MOTD">
      <Text>Gelen Iletim</Text>
    </Row>
    <Row Tag="TXT_KEY_MY2K_ADDITION_WELCOME_BACK_TITLE">
      <Text>Tekrar hos geldiniz!</Text>
    </Row>
    <Row Tag="TXT_KEY_MY2K_ADDITION_WELCOME_BACK_MESSAGE">
      <Text>Imzaladim.</Text>
    </Row>
    <Row Tag="TXT_KEY_MY2K_ADDITION_SILENT_LOGIN_FAILURE_TITLE">
      <Text>Sessiz Giris Bildirimi</Text>
    </Row>
    <Row Tag="TXT_KEY_MY2K_ADDITION_SILENT_LOGIN_FAILURE_MESSAGE">
      <Text>2K Hesabiniza manuel olarak giris yapmaniz gerekir.</Text>
    </Row>
    <Row Tag="TXT_KEY_MY2K_ADDITION_CONNECTION_RESTORED">
      <Text>Baglanti Yeniden Saglandi</Text>
    </Row>
    <Row Tag="TXT_KEY_MY2K_ADDITION_LINK_TO_EXISTING">
      <Text>Mevcut Hesaba Baglanti</Text>
    </Row>
    <Row Tag="TXT_KEY_MY2K_ADDITION_ALREADY_LINKED">
      <Text>Platform hesabi zaten bir 2K Hesabina bagli.</Text>
    </Row>
    <Row Tag="TXT_KEY_MY2K_ADDITION_UNABLE_TO_LINK_ACCOUNT">
      <Text>Platform hesabi 2K Hesabiniza baglanamiyor.</Text>
    </Row>
    <Row Tag="TXT_KEY_MY2K_ADDITION_UNLINK_ACCOUNT_TITLE">
      <Text>Hesap Baglantisini Kaldir</Text>
    </Row>
    <Row Tag="TXT_KEY_MY2K_ADDITION_LINK_ACCOUNT_TITLE">
      <Text>Hesap Baglantisi</Text>
    </Row>
    <Row Tag="TXT_KEY_MY2K_ADDITION_UNLINK_ACCOUNT">
      <Text>2K Hesabinizin baglantisini kaldirmak istediginizden emin misiniz? Hesabinizi yönetebilir veya www.2k.com adresinden çevrimiçi olarak yasal ve gizlilik politikalarini inceleyebilirsiniz.</Text>
    </Row>
    <Row Tag="TXT_KEY_MY2K_ADDITION_LOGIN_PENDING">
      <Text>Hesap girisi beklemede</Text>
    </Row>
    <Row Tag="TXT_KEY_MY2K_MODE_ANONYMOUS">
      <Text>Cevrimdisi</Text>
    </Row>
    <Row Tag="TXT_KEY_MY2K_MODE_AGE_RESTRICTED">
      <Text>Yas Sinirlamasi</Text>
    </Row>
    <Row Tag="TXT_KEY_MY2K_MODE_AGE_RESTRICTED_TOOLTIP">
      <Text>Bu baglantili 2K Hesabi ile iliskili yas, oyunun belirli bölümlerine erismek için yasal yas gereksinimlerini karsilamiyor. Lütfen yardim için müsteri destegiyle iletisime geçin.</Text>
    </Row>
    <Row Tag="TXT_KEY_MY2K_MODE_LINKED_ONLINE">
      <Text>Baglantili - Cevrimiçi</Text>
    </Row>
    <Row Tag="TXT_KEY_MY2K_MODE_LINKED_OFFLINE">
      <Text>Baglantili - Cevrimdisi</Text>
    </Row>
    <Row Tag="TXT_KEY_MY2K_MODE_UNLINKED_TOOLTIP">
      <Text>Scout Cat ve Julius Caesar ödüllerinin kilidini açmak (oyunun yeniden baslatilmasini gerektirir) ve oyununuzu baslatip diger platformlarda devam edebilmeniz için platformlar arasi bulut kayitlarini etkinlestirmek için bir 2K Hesabina kaydolun. Ayrica, en son Sid Meier's Civilization haberlerini alacaksiniz!</Text>
    </Row>
    <Row Tag="TXT_KEY_MY2K_MODE_LINKED_TOOLTIP">
      <Text>2K Hesabi baglantili. Platformlar arasi bulut tasarrufu etkin. Scout Cat ve Julius Caesar ödüllerinin kilidi açildi ("Ek Içerik" bölümüne bakin).</Text>
    </Row>
  </FrontEndText>
</GameData>