﻿<?xml version="1.0" encoding="utf-8" standalone="yes"?>
<GameData xmlns:xsi="http://www.w3.org/2001/XMLSchema-instance">
  <BaseGameText>
    <!-- Ruleset -->
    <Row Tag="LOC_NAPOLEON_RULESET_TITLE">
      <Text>Süvari ve Topçu Birlikleri</Text>
    </Row>
    <Row Tag="LOC_NAPOLEON_RULESET_TEASER">
      <Text>Sanayi Cagi'nda geçen bu savas odakli senaryoda düsmanlarinizdan toprak koparin. 50 Tur Sürer.[NEWLINE]Zafer Kosullari[NEWLINE][ICON_Bullet]Tur sinirinda en fazla bölgeye sahip olarak Sanayi Caginin en büyük stratejisti oldugunuzu kanitlayin.[NEWLINE]Oynanis Degisiklikleri[NEWLINE][ICON_Bullet]Birim bakim maliyetleri büyük ölçüde azaltildi.[NEWLINE][ICON_Bullet]Birimlerin insa edilmesi için artik stratejik kaynaklar gerekmiyor.</Text>
    </Row>
    <!-- Victories  -->
    <Row Tag="LOC_NAPOLEON_VICTORY_TITLE">
      <Text>Senin için Waterloo yok</Text>
    </Row>
    <Row Tag="LOC_NAPOLEON_VICTORY_TITLE_ALT">
      <Text>Demir, Toprak ve Zafer için!</Text>
    </Row>
    <Row Tag="LOC_NAPOLEON_VICTORY_DESC">
      <Text>Dönüs sinirinda en fazla bölgeye sahip olarak Endüstri Cagi'nin en büyük stratejisti oldugunuzu kanitlayin.</Text>
    </Row>
    <Row Tag="LOC_NAPOLEON_VICTORY_WIN_BLURB">
      <Text>"Savas alani sürekli bir kaos sahnesidir. Kazanan, hem kendi hem de düsmanlarinin kaosunu kontrol eden kisi olacaktir." -Napoleon Bonaparte</Text>
    </Row>
    <!-- Mod Package Text -->
    <Row Tag="LOC_NAPOLEON_MOD_TITLE">
      <Text>Cok Oyunculu Senaryo: Süvariler ve Toplar</Text>
    </Row>
    <Row Tag="LOC_NAPOLEON_MOD_TEASER">
      <Text>Sanayi Cagi'nda geçen bu savas odakli senaryoda düsmanlarinizdan toprak koparin. 50 Tur Sürer.</Text>
    </Row>
    <Row Tag="LOC_NAPOLEON_MOD_DESCRIPTION">
      <Text>Zafer Kosullari[NEWLINE]Dönüs sinirinda en fazla bölgeye sahip olarak Endüstri Caginin en büyük stratejisti oldugunuzu kanitlayin.</Text>
    </Row>
    <Row Tag="LOC_VICTORY_NAPOLEON_PROGRESS">
      <Text>Bölge Büyüklügü {TerritorySize} {TerritorySizeIcon}</Text>
    </Row>
    <Row Tag="LOC_MAX_TURNS_REACHED_PROGRESS">
      <Text>Dönüs Siniri {ElapsedTurns}\{MaxGameTurn} {StatusIcon}</Text>
    </Row>
    <!-- End Game Leader Ranking -->
    <Row Tag="LOC_NAPOLEON_ENDGAME_RANKING_LEADER_QUOTE">
      <Text>"Zafer, en azimli olana aittir." -Napoleon Bonaparte</Text>
    </Row>
    <Row Tag="LOC_NAPOLEON_ENDGAME_RANKING_LEADER_1_NAME">
      <Text>Imparator I. Napolyon</Text>
    </Row>
    <Row Tag="LOC_NAPOLEON_ENDGAME_RANKING_LEADER_2_NAME">
      <Text>Birinci Konsolos Bonaparte</Text>
    </Row>
    <Row Tag="LOC_NAPOLEON_ENDGAME_RANKING_LEADER_3_NAME">
      <Text>Napolyon, Içisleri Generali</Text>
    </Row>
    <Row Tag="LOC_NAPOLEON_ENDGAME_RANKING_LEADER_4_NAME">
      <Text>Tuggeneral Bonaparte</Text>
    </Row>
    <Row Tag="LOC_NAPOLEON_ENDGAME_RANKING_LEADER_5_NAME">
      <Text>Tegmen Napoleon Bonaparte</Text>
    </Row>
    <Row Tag="LOC_NAPOLEON_ENDGAME_RANKING_LEADER_6_NAME">
      <Text>Napoleone di Buonaparte</Text>
    </Row>
    <Row Tag="LOC_NAPOLEON_ENDGAME_RANKING_LEADER_1_NAME_ALT">
      <Text>Demir Imparatorlugu Hükümdari</Text>
    </Row>
    <Row Tag="LOC_NAPOLEON_ENDGAME_RANKING_LEADER_2_NAME_ALT">
      <Text>Filonun Büyük Amirali</Text>
    </Row>
    <Row Tag="LOC_NAPOLEON_ENDGAME_RANKING_LEADER_3_NAME_ALT">
      <Text>Kara Kuvvetleri Tuggenerali</Text>
    </Row>
    <Row Tag="LOC_NAPOLEON_ENDGAME_RANKING_LEADER_4_NAME_ALT">
      <Text>Süvari Albayi</Text>
    </Row>
    <Row Tag="LOC_NAPOLEON_ENDGAME_RANKING_LEADER_5_NAME_ALT">
      <Text>Topçu Yüzbasi</Text>
    </Row>
    <Row Tag="LOC_NAPOLEON_ENDGAME_RANKING_LEADER_6_NAME_ALT">
      <Text>Tegmen Martinet</Text>
    </Row>
  </BaseGameText>
</GameData>