﻿<?xml version="1.0" encoding="utf-8"?>
<!-- edited with XMLSPY v2004 rel. 2 U (http://www.xmlspy.com) by Ed Beach (Firaxis Games) -->
<GameData>
  <BaseGameText>
    <!--Turn-Blocking Notifications -->
    <Row Tag="LOC_NOTIFICATION_CHOOSE_ARTIFACT_PLAYER_MESSAGE">
      <Text>Obje Seçin</Text>
    </Row>
    <Row Tag="LOC_NOTIFICATION_CHOOSE_ARTIFACT_PLAYER_SUMMARY">
      <Text>Bir antik bölgeyi kazdiniz. Simdi müzenize geri götürmek üzere bir eser seçin.</Text>
    </Row>
    <Row Tag="LOC_NOTIFICATION_CHOOSE_TECH_MESSAGE">
      <Text>Bir Teknoloji Seçin</Text>
    </Row>
    <Row Tag="LOC_NOTIFICATION_CHOOSE_TECH_SUMMARY">
      <Text>Arastirmaya baslamak için yeni bir teknoloji seçin.</Text>
    </Row>
    <Row Tag="LOC_NOTIFICATION_CHOOSE_CITY_PRODUCTION_MESSAGE">
      <Text>Üretim Seçiniz</Text>
    </Row>
    <Row Tag="LOC_NOTIFICATION_CHOOSE_CITY_PRODUCTION_SUMMARY">
      <Text>Bu sehirde üretim tamamlandi. Bundan sonra ne üretecegimizi seçin.</Text>
    </Row>
    <Row Tag="LOC_NOTIFICATION_CHOOSE_CIVIC_MESSAGE">
      <Text>Bir Civic Seçin</Text>
    </Row>
    <Row Tag="LOC_NOTIFICATION_CHOOSE_CIVIC_SUMMARY">
      <Text>Gelistirmeye baslamak için yeni bir sivil seçin.</Text>
    </Row>
    <Row Tag="LOC_NOTIFICATION_COMMAND_UNITS_MESSAGE">
      <Text>Komuta Birimleri</Text>
    </Row>
    <Row Tag="LOC_NOTIFICATION_COMMAND_UNITS_SUMMARY">
      <Text>Bir birimi tasiyin veya bir islem gerçeklestirmesini saglayin.</Text>
    </Row>
    <Row Tag="LOC_NOTIFICATION_CITY_RANGE_ATTACK_MESSAGE">
      <Text>Sehir Menzilli Saldiri</Text>
    </Row>
    <Row Tag="LOC_NOTIFICATION_CITY_RANGE_ATTACK_SUMMARY">
      <Text>Sehriniz menzilli bir saldiri gerçeklestirebilir.</Text>
    </Row>
    <Row Tag="LOC_NOTIFICATION_CONSIDER_GOVERNMENT_CHANGE_MESSAGE">
      <Text>Hükümetleri Degistirmeyi Düsünün</Text>
    </Row>
    <Row Tag="LOC_NOTIFICATION_CONSIDER_GOVERNMENT_CHANGE_SUMMARY">
      <Text>Yeni bir hükümetin kilidini açan bir yurttaslik görevini tamamladiniz. Bu yönetim biçimine geçmeyi düsünmelisiniz.</Text>
    </Row>
    <Row Tag="LOC_NOTIFICATION_CONSIDER_RAZE_CITY_MESSAGE">
      <Text>Sehri Yikin ya da Koruyun</Text>
    </Row>
    <Row Tag="LOC_NOTIFICATION_CONSIDER_RAZE_CITY_SUMMARY">
      <Text>Bu tur bir sehri fethettiniz. Özgürlestirmeye, yerle bir etmeye ya da elde tutmaya karar verin.</Text>
    </Row>
    <Row Tag="LOC_NOTIFICATION_FILL_CIVIC_SLOT_MESSAGE">
      <Text>Poliçe Yuvasini Doldur</Text>
    </Row>
    <Row Tag="LOC_NOTIFICATION_FILL_CIVIC_SLOT_SUMMARY">
      <Text>Hükümetimize bir politika eklenmesi gerekiyor.</Text>
    </Row>
    <Row Tag="LOC_NOTIFICATION_CHOOSE_PANTHEON_MESSAGE">
      <Text>Pantheon'u Seçin</Text>
    </Row>
    <Row Tag="LOC_NOTIFICATION_CHOOSE_RELIGION_MESSAGE">
      <Text>Dini Seçin</Text>
    </Row>
    <Row Tag="LOC_NOTIFICATION_CHOOSE_BELIEF_MESSAGE">
      <Text>Inanci Seçin</Text>
    </Row>
    <Row Tag="LOC_NOTIFICATION_CLAIM_GREAT_PERSON_MESSAGE">
      <Text>Harika Bir Insan Oldugunu Iddia Edin</Text>
    </Row>
    <Row Tag="LOC_NOTIFICATION_CLAIM_GREAT_PERSON_SUMMARY">
      <Text>Harika Bir Insan kazandiniz ve bunlari kabul edip etmeyeceginizi seçmeniz gerekiyor.</Text>
    </Row>
    <Row Tag="LOC_NOTIFICATION_GIVE_INFLUENCE_TOKEN_MESSAGE">
      <Text>Elçi Gönder</Text>
    </Row>
    <Row Tag="LOC_NOTIFICATION_GIVE_INFLUENCE_TOKEN_SUMMARY">
      <Text>Bir [ICON_Envoy] Elçi kazandiniz ve onu bonuslar için bir sehir devletine gönderebilirsiniz.</Text>
    </Row>
    <!-- Unit Notifications -->
    <Row Tag="LOC_NOTIFICATION_UNIT_DIED">
      <Text>Öldürülen Birim</Text>
    </Row>
    <Row Tag="LOC_NOTIFICATION_UNIT_DISBANDED_MESSAGE">
      <Text>Birim Dagildi</Text>
    </Row>
    <Row Tag="LOC_NOTIFICATION_UNIT_DISBANDED_SUMMARY">
      <Text>[ICON_Gold] Altin bakiyeniz negatif. {1_UnitName}'ünüz dagitildi.</Text>
    </Row>
    <Row Tag="LOC_NOTIFICATION_UNIT_PROMOTION_AVAILABLE_MESSAGE">
      <Text>Terfi için uygun birim</Text>
    </Row>
    <Row Tag="LOC_NOTIFICATION_UNIT_PROMOTION_AVAILABLE_SUMMARY">
      <Text>{1_UnitName} birimi promosyon için kullanilabilir.</Text>
    </Row>
    <Row Tag="LOC_NOTIFICATION_PLAYER_DEFEATED_MESSAGE">
      <Text>Yenildi!</Text>
    </Row>
    <Row Tag="LOC_NOTIFICATION_PLAYER_DEFEATED_SUMMARY">
      <Text>{1_leader} maglup edilmistir.</Text>
    </Row>
    <Row Tag="LOC_NOTIFICATION_PLAYER_DEFEATED_BY_SUMMARY">
      <Text>{1_leader}, {2_leader} tarafindan maglup edilmistir.</Text>
    </Row>
    <Row Tag="LOC_NOTIFICATION_UNMET_PLAYER_DEFEATED_MESSAGE">
      <Text>Yenildi!</Text>
    </Row>
    <Row Tag="LOC_NOTIFICATION_UNMET_PLAYER_DEFEATED_SUMMARY">
      <Text>Karsilanmamis bir oyuncu yenildi.</Text>
    </Row>
    <Row Tag="LOC_NOTIFICATION_UNMET_CITY_STATE_DEFEATED_SUMMARY">
      <Text>Karsilanmamis bir sehir devleti maglup edildi.</Text>
    </Row>
    <Row Tag="LOC_NOTIFICATION_UNIT_LOST_TO_OCCUPATION">
      <Text>Düsman isgali nedeniyle bir {1_UnitName} kaybettiniz.</Text>
    </Row>
    <Row Tag="LOC_NOTIFICATION_UNIT_RETREAT_FROM_OCCUPATION">
      <Text>Bir düsman isgali {1_UnitName}'nizi geri çekilmeye zorladi.</Text>
    </Row>
    <Row Tag="LOC_NOTIFICATION_UNIT_LOST_TO_RADIATION_POISONING">
      <Text>Radyasyon zehirlenmesi nedeniyle bir {1_UnitName} kaybettiniz.</Text>
    </Row>
    <Row Tag="LOC_NOTIFICATION_UNIT_LOST_TO_WATER_DAMAGE">
      <Text>Su zehirlenmesi nedeniyle bir {1_UnitName} kaybettiniz.</Text>
    </Row>
    <Row Tag="LOC_NOTIFICATION_UNIT_LOST_LIFESPAN_EXPIRED_MESSAGE">
      <Text>Birim Süresi Doldu</Text>
    </Row>
    <Row Tag="LOC_NOTIFICATION_UNIT_LOST_LIFESPAN_EXPIRED_SUMMARY">
      <Text>{1_UnitName} [ICON_Lifespan] Ömürlerinin sonuna ulasmistir.</Text>
    </Row>
    <!-- Diplomacy Notifications-->
    <Row Tag="LOC_NOTIFICATION_DECLARE_WAR_MESSAGE">
      <Text>Savas Ilani</Text>
    </Row>
    <Row Tag="LOC_NOTIFICATION_DECLARE_WAR_SUMMARY">
      <Text>{LOC_GRAMMAR_LEADER_UPPER &lt;&lt; {1_leader}} {1_leader: plural 1?has  other?have } {LOC_GRAMMAR_LEADER &lt;&lt; {2_leader}}'e savas ilan etti.</Text>
    </Row>
    <Row Tag="LOC_NOTIFICATION_MAKE_PEACE_MESSAGE">
      <Text>Müzakere Edilmis Baris</Text>
    </Row>
    <Row Tag="LOC_NOTIFICATION_MAKE_PEACE_SUMMARY">
      <Text>{LOC_GRAMMAR_LEADER_UPPER &lt;&lt; {1_leader}} {1_leader: plural 1?has  other?have } {LOC_GRAMMAR_LEADER &lt;&lt; {2_leader}} ile baris yapti.</Text>
    </Row>
    <Row Tag="LOC_NOTIFICATION_PLAYER_MET_MESSAGE_CIV">
      <Text>Yeni bir uygarlikla tanistiniz</Text>
    </Row>
    <Row Tag="LOC_NOTIFICATION_PLAYER_MET_MESSAGE_CITY_STATE">
      <Text>Yeni bir sehir devletiyle tanistiniz</Text>
    </Row>
    <Row Tag="LOC_NOTIFICATION_PLAYER_MET_SUMMARY">
      <Text>{LOC_GRAMMAR_CIVDESC &lt;&lt; {2_CivDesc}}'nin {LOC_GRAMMAR_LEADER &lt;&lt; {1_leader}}'ini karsiladiniz.</Text>
    </Row>
    <Row Tag="LOC_NOTIFICATION_BORDERS_NOW_ENFORCED_MESSAGE">
      <Text>{LOC_GRAMMAR_LEADER_UPPER &lt;&lt; {1_leader}} Sinirlari Zorluyor</Text>
    </Row>
    <Row Tag="LOC_NOTIFICATION_BORDERS_NOW_ENFORCED_SUMMARY">
      <Text>{LOC_GRAMMAR_LEADER_UPPER &lt;&lt; {1_leader}} {1_leader: plural 1?is  other?are } simdi sinirlarini zorluyor. Imparatorluklari içindeki birimleriniz topraklarinin hemen disindaki bir kareye kaydirildi.</Text>
    </Row>
    <Row Tag="LOC_NOTIFICATION_DIPLO_FRIENDSHIP_EXPIRED_MESSAGE">
      <Text>Arkadaslik Süresi Doldu</Text>
    </Row>
    <Row Tag="LOC_NOTIFICATION_DIPLO_FRIENDSHIP_EXPIRED_SUMMARY">
      <Text>{LOC_GRAMMAR_LEADER &lt;&lt; {1_leader}} ile olan dostlugunuzun süresi doldu ve yenilenmesi gerekecek.</Text>
    </Row>
    <Row Tag="LOC_NOTIFICATION_DIPLO_ALLIANCE_EXPIRED_MESSAGE">
      <Text>Ittifak Süresi Doldu</Text>
    </Row>
    <Row Tag="LOC_NOTIFICATION_DIPLO_ALLIANCE_EXPIRED_SUMMARY">
      <Text>{LOC_GRAMMAR_LEADER &lt;&lt; {1_leader}} ile ittifakinizin süresi doldu ve yenilenmesi gerekecek.</Text>
    </Row>
    <Row Tag="LOC_NOTIFICATION_CASUS_BELLI_GAINED_MESSAGE">
      <Text>Casus Belli Kazanildi</Text>
    </Row>
    <Row Tag="LOC_NOTIFICATION_CASUS_BELLI_GAINED_SUMMARY">
      <Text>{LOC_GRAMMAR_LEADER &lt;&lt; {2_leader}} üzerinde bir {1_WarType} ilan etmek için bir Casus Belli kazandiniz.</Text>
    </Row>
    <Row Tag="LOC_NOTIFICATION_WAR_TYPE_COLONIAL">
      <Text>Koloni Savasi</Text>
    </Row>
    <Row Tag="LOC_NOTIFICATION_WAR_TYPE_HOLY">
      <Text>Kutsal Savas</Text>
    </Row>
    <Row Tag="LOC_NOTIFICATION_WAR_TYPE_LIBERATION">
      <Text>Kurtulus Savasi</Text>
    </Row>
    <Row Tag="LOC_NOTIFICATION_WAR_TYPE_PROTECTORATE">
      <Text>Protektora Savasi</Text>
    </Row>
    <Row Tag="LOC_NOTIFICATION_WAR_TYPE_RECONQUEST">
      <Text>Yeniden Fetih Savasi</Text>
    </Row>
    <Row Tag="LOC_NOTIFICATION_WAR_TYPE_TERRITORIAL_EXPANSION">
      <Text>Bölgesel Genisleme Savasi</Text>
    </Row>
    <!-- Espionage Notifications -->
    <Row Tag="LOC_NOTIFICATION_SPY_CHOOSE_ESCAPE_ROUTE_MESSAGE">
      <Text>Kaçis Rotasini Seçin</Text>
    </Row>
    <Row Tag="LOC_NOTIFICATION_SPY_CHOOSE_DRAGNET_PRIORITY_MESSAGE">
      <Text>Takip Önceligini Seçin</Text>
    </Row>
    <Row Tag="LOC_NOTIFICATION_SPY_HEIST_GREAT_WORK_SUMMARY">
      <Text>{2_CityName}'teki ajaniniz {1_unitName}, Büyük Eser "{3_Work} "i çalmayi basardi.</Text>
    </Row>
    <Row Tag="LOC_NOTIFICATION_SPY_HEIST_GREAT_WORK_MESSAGE">
      <Text>Basari Büyük Calismayi Caliyor</Text>
    </Row>
    <Row Tag="LOC_NOTIFICATION_SPY_ENEMY_HEIST_GREAT_WORK_SUMMARY">
      <Text>{1_CityName}'teki bir düsman casusu "([2]" Büyük Eserini çalmayi basardi.)</Text>
    </Row>
    <Row Tag="LOC_NOTIFICATION_SPY_ENEMY_HEIST_GREAT_WORK_MESSAGE">
      <Text>Düsman Büyük Calismayi Caldi</Text>
    </Row>
    <Row Tag="LOC_NOTIFICATION_SPY_SABOTAGED_PRODUCTION_SUMMARY">
      <Text>Ajaniniz {1_unitName}, {2_cityName} kentindeki Sanayi Bölgesini sabote etmeyi basardi.</Text>
    </Row>
    <Row Tag="LOC_NOTIFICATION_SPY_SABOTAGED_PRODUCTION_MESSAGE">
      <Text>Üretimi Sabote Eden Basari</Text>
    </Row>
    <Row Tag="LOC_NOTIFICATION_SPY_ENEMY_SABOTAGED_PRODUCTION_SUMMARY">
      <Text>Bir düsman casusu {1_cityName} sehrindeki Sanayi Bölgesine sabotaj düzenlemeyi basardi.</Text>
    </Row>
    <Row Tag="LOC_NOTIFICATION_SPY_ENEMY_SABOTAGED_PRODUCTION_MESSAGE">
      <Text>Düsman Casusu Üretimi Sabote Etti</Text>
    </Row>
    <Row Tag="LOC_NOTIFICATION_SPY_SIPHONED_FUNDS_SUMMARY">
      <Text>Ajaniniz {1_unitName} {2_Amount} [ICON_Gold] Altinini {3_cityName} sehrinden hortumlamayi basardi.</Text>
    </Row>
    <Row Tag="LOC_NOTIFICATION_SPY_SIPHONED_FUNDS_MESSAGE">
      <Text>Basari Altin Sifonlama</Text>
    </Row>
    <Row Tag="LOC_NOTIFICATION_SPY_ENEMY_SIPHONED_FUNDS_SUMMARY">
      <Text>Bir düsman casusu {1_Amount} [ICON_Gold] Altinini {2_cityName} sehrinden hortumlamayi basardi.</Text>
    </Row>
    <Row Tag="LOC_NOTIFICATION_SPY_ENEMY_SIPHONED_FUNDS_MESSAGE">
      <Text>Düsman Casus Altin Hortumlama</Text>
    </Row>
    <Row Tag="LOC_NOTIFICATION_SPY_STOLE_TECH_BOOST_SUMMARY">
      <Text>{2_CityName}'teki ajaniniz {1_unitName}, {3_Tech}'ya giden destegi çalmayi basardi.</Text>
    </Row>
    <Row Tag="LOC_NOTIFICATION_SPY_STOLE_TECH_BOOST_MESSAGE">
      <Text>Basari Calan Teknoloji Destegi</Text>
    </Row>
    <Row Tag="LOC_NOTIFICATION_SPY_ENEMY_STOLE_TECH_BOOST_SUMMARY">
      <Text>{1_CityName}'teki bir düsman Spy {2_Tech}'e giden destegi çalmayi basardi.</Text>
    </Row>
    <Row Tag="LOC_NOTIFICATION_SPY_ENEMY_STOLE_TECH_BOOST_MESSAGE">
      <Text>Düsman Teknoloji Destegini Caldi</Text>
    </Row>
    <Row Tag="LOC_NOTIFICATION_SPY_RECRUITED_PARTISANS_SUMMARY">
      <Text>{2_CityName}'teki ajaniniz {1_unitName} sehirlerini geri almak isteyen partizan güçleri toplamayi basardi.</Text>
    </Row>
    <Row Tag="LOC_NOTIFICATION_SPY_RECRUITED_PARTISANS_MESSAGE">
      <Text>Partizan Kazanma Basarisi</Text>
    </Row>
    <Row Tag="LOC_NOTIFICATION_SPY_ENEMY_RECRUITED_PARTISANS_SUMMARY">
      <Text>{1_CityName}'deki bir düsman casusu, simdi sehrinizi tehdit eden partizan güçleri toplamayi basardi.</Text>
    </Row>
    <Row Tag="LOC_NOTIFICATION_SPY_ENEMY_RECRUITED_PARTISANS_MESSAGE">
      <Text>Düsman Tarafindan Devsirilen Partizanlar</Text>
    </Row>
    <Row Tag="LOC_NOTIFICATION_SPY_DISRUPTED_ROCKETRY_SUMMARY">
      <Text>Ajaniniz {1_unitName}, {2_cityName} sehrindeki Uzay Limanini yagmalamayi basardi.</Text>
    </Row>
    <Row Tag="LOC_NOTIFICATION_SPY_DISRUPTED_ROCKETRY_MESSAGE">
      <Text>Roketçiligi Yikan Basari</Text>
    </Row>
    <Row Tag="LOC_NOTIFICATION_SPY_ENEMY_DISRUPTED_ROCKETRY_SUMMARY">
      <Text>Bir düsman Spy {1_cityName} sehrindeki Uzay Üssünü yagmalamayi basardi.</Text>
    </Row>
    <Row Tag="LOC_NOTIFICATION_SPY_ENEMY_DISRUPTED_ROCKETRY_MESSAGE">
      <Text>Düsman Casusu Roketçiligi Bozdu</Text>
    </Row>
    <Row Tag="LOC_NOTIFICATION_SPY_CITY_SOURCES_GAINED_SUMMARY">
      <Text>Ajaniniz {1_unitName}, {2_CityName}'nin iç isleyisi hakkinda bilgi sahibi olan kaynaklar edindi. O sehirdeki casuslariniz {4_Turns} tur boyunca {3_Levels} seviye daha yüksek çalisacak.</Text>
    </Row>
    <Row Tag="LOC_NOTIFICATION_SPY_CITY_SOURCES_GAINED_MESSAGE">
      <Text>Elde Edilen Kaynaklar</Text>
    </Row>
    <Row Tag="LOC_NOTIFICATION_SPY_LISTENING_POST_SUMMARY">
      <Text>Temsilciniz {1_unitName}, {2_CityName}'teki bir dinleme noktasinda geçirdigi süreyi tamamladi.</Text>
    </Row>
    <Row Tag="LOC_NOTIFICATION_SPY_LISTENING_POST_MESSAGE">
      <Text>Dinleme Postasi Tamamlandi</Text>
    </Row>
    <Row Tag="LOC_NOTIFICATION_SPY_FLED_CITY_SUMMARY">
      <Text>Ajaniniz {1_unitName} {2_CityName} sehrinden kaçti çünkü orada yeni bir imparatorluk iktidarda.</Text>
    </Row>
    <Row Tag="LOC_NOTIFICATION_SPY_FLED_CITY_MESSAGE">
      <Text>Casus Sehirden Kaçiyor</Text>
    </Row>
    <Row Tag="LOC_NOTIFICATION_SPY_FLED_CITY_ALLIANCE_SUMMARY">
      <Text>Temsilciniz {1_unitName}, sahibiyle kurdugunuz yeni ittifakin sartlarini yerine getirmek üzere {2_CityName} sehrinden ayrildi.</Text>
    </Row>
    <Row Tag="LOC_NOTIFICATION_SPY_FLED_CITY_ALLIANCE_MESSAGE">
      <Text>Casus Sehirden Cikiyor</Text>
    </Row>
    <Row Tag="LOC_NOTIFICATION_SPY_MISSION_FAILED_SUMMARY">
      <Text>Ajaniniz {1_unitName}, {3_cityName} sehrindeki {2_mission} görevinde basarisiz oldu.</Text>
    </Row>
    <Row Tag="LOC_NOTIFICATION_SPY_MISSION_FAILED_MESSAGE">
      <Text>Casus Basarisiz</Text>
    </Row>
    <Row Tag="LOC_NOTIFICATION_SPY_CAPTURED_SUMMARY">
      <Text>Ajaniniz {1_unitName} {3_cityName} sehrinde bir {2_mission} görev sirasinda yakalandi!</Text>
    </Row>
    <Row Tag="LOC_NOTIFICATION_SPY_CAPTURED_MESSAGE">
      <Text>Casus Yakalandi</Text>
    </Row>
    <Row Tag="LOC_NOTIFICATION_SPY_ENEMY_CAPTURED_SUMMARY">
      <Text>{1_civName}'ten bir Casus {2_mission} görevi sirasinda {3_cityName} sehrinde yakalandi!</Text>
    </Row>
    <Row Tag="LOC_NOTIFICATION_SPY_ENEMY_CAPTURED_MESSAGE">
      <Text>Düsman Casusu Yakalandi</Text>
    </Row>
    <Row Tag="LOC_NOTIFICATION_SPY_KILLED_SUMMARY">
      <Text>Ajaniniz {1_unitName} {2_mission} görevi sirasinda {3_cityName} sehrinde öldürüldü!</Text>
    </Row>
    <Row Tag="LOC_NOTIFICATION_SPY_KILLED_MESSAGE">
      <Text>Casus Öldürüldü</Text>
    </Row>
    <Row Tag="LOC_NOTIFICATION_SPY_ENEMY_KILLED_SUMMARY">
      <Text>{1_civName}'ten bir Casus {2_mission} görevi sirasinda {3_cityName} sehrinde öldürüldü. {4_CounterspyAssist}</Text>
    </Row>
    <Row Tag="LOC_NOTIFICATION_SPY_ENEMY_KILLED_MESSAGE">
      <Text>Düsman Casusu Öldürüldü</Text>
    </Row>
    <Row Tag="LOC_NOTIFICATION_SPY_MISSION_ABORTED_TO_CAPITAL">
      <Text>Casusunuz {1_unitName} hedef sehir el degistirdiginden beri seyahatlerini iptal etti. Onlari baskentinizde bulabilirsiniz.</Text>
    </Row>
    <Row Tag="LOC_NOTIFICATION_SPY_MISSION_ABORTED_SUMMARY">
      <Text>Temsilciniz {1_unitName}, {3_cityName} sehrindeki {2_mission} görevini iptal etti. Görev hedefi artik geçerli degil.</Text>
    </Row>
    <Row Tag="LOC_NOTIFICATION_SPY_MISSION_ABORTED_MESSAGE">
      <Text>Casusluk Görevi Iptal Edildi</Text>
    </Row>
    <Row Tag="LOC_NOTIFICATION_SPY_COUNTERSPY_PROMOTED_SUMMARY">
      <Text>{2_cityName} sehrindeki düsman {1_mission} görevinin durdurulmasinda oynadigi rol için casusunuz {3_unitName} terfi etti!</Text>
    </Row>
    <Row Tag="LOC_NOTIFICATION_SPY_COUNTERSPY_PROMOTED_MESSAGE">
      <Text>Counterspy Terfi Etti</Text>
    </Row>
    <Row Tag="LOC_NOTIFICATION_SPY_COUNTERSPY_ASSIST">
      <Text>Karsi casusunuz {1_unitName} güvenlik güçlerimizin bu zaferinde etkili olmustur.</Text>
    </Row>
    <Row Tag="LOC_NOTIFICATION_SPY_ESCAPED_CAPTURE_SUMMARY">
      <Text>Casusunuz {1_unitName} yakalanmaktan kurtuldu ve {2_turns} tur içinde [ICON_Capital] Baskentinize dönecek.</Text>
    </Row>
    <Row Tag="LOC_NOTIFICATION_SPY_ESCAPED_CAPTURE_MESSAGE">
      <Text>Casus Kaçti</Text>
    </Row>
    <Row Tag="LOC_NOTIFICATION_SPY_ENEMY_ESCAPED_CAPTURE_SUMMARY">
      <Text>Bilinmeyen bir medeniyetten bir düsman Spy yakalanmaktan kurtuldu ve {1_cityName} sehrinizden kaçti.</Text>
    </Row>
    <Row Tag="LOC_NOTIFICATION_SPY_ENEMY_ESCAPED_CAPTURE_MESSAGE">
      <Text>Düsman Casusu Kaçti</Text>
    </Row>
    <!-- City-State Notifications -->
    <Row Tag="LOC_NOTIFICATION_CITYSTATE_QUEST_GIVEN_MESSAGE">
      <Text>Yeni Sehir-Devlet Görevi</Text>
    </Row>
    <Row Tag="LOC_NOTIFICATION_CITYSTATE_QUEST_GIVEN_SUMMARY">
      <Text>{1_CityStateName} size yeni bir görev verdi: {2_QuestName}</Text>
    </Row>
    <Row Tag="LOC_NOTIFICATION_CITYSTATE_QUEST_COMPLETED_MESSAGE">
      <Text>Sehir-Devlet Görevi Tamamlandi</Text>
    </Row>
    <Row Tag="LOC_NOTIFICATION_CITYSTATE_QUEST_COMPLETED_SUMMARY">
      <Text>{1_CityStateName} için bir görevi tamamladiniz ve bir ödül kazandiniz: {2_RewardText}.</Text>
    </Row>
    <Row Tag="LOC_NOTIFICATION_CITYSTATE_MET_FIRST_MESSAGE">
      <Text>Sehir-Devlet Toplantisi Bonusu</Text>
    </Row>
    <Row Tag="LOC_NOTIFICATION_CITYSTATE_MET_FIRST_SUMMARY">
      <Text>{1_CityStateName}'ü karsilayan ilk büyük uygarlik olarak orada {2_NumEnvoys} [ICON_Envoy] {2_NumEnvoys : plural 1?Envoy  other?Envoys } kazandiniz.</Text>
    </Row>
    <Row Tag="LOC_NOTIFICATION_CITYSTATE_USURPED_MESSAGE">
      <Text>Suzerain Durumu Kayip</Text>
    </Row>
    <Row Tag="LOC_NOTIFICATION_CITYSTATE_USURPED_SUMMARY">
      <Text>[ICON_Envoy] Elçilerdeki bir degisimden sonra, artik {1_CityStateName}'ün Suzerain'i degilsiniz.</Text>
    </Row>
    <!-- Trade Route Notifications -->
    <Row Tag="LOC_NOTIFICATION_TRADE_ROUTE_PLUNDERED_MESSAGE">
      <Text>Ticaret Yolu Yagmalandi</Text>
    </Row>
    <Row Tag="LOC_NOTIFICATION_TRADE_ROUTE_PLUNDERED_SUMMARY_NO_ROUTE">
      <Text>{1_PlayerName} {1_PlayerName: plural 1?has  other?have } Tüccar biriminizi yagmaladi.</Text>
    </Row>
    <Row Tag="LOC_NOTIFICATION_TRADE_ROUTE_PLUNDERED_SUMMARY_ACTIVE_ROUTE">
      <Text>{1_PlayerName} {1_PlayerName: plural 1?has  other?have } Tüccar biriminizi yagmaladi. ([ICON_TradeRoute] Ticaret Rotaniz {2_OriginCityName}'den {3_DestinationCityName}'a artik aktif degil.</Text>
    </Row>
    <Row Tag="LOC_NOTIFICATION_TRADING_POST_CREATED_MESSAGE">
      <Text>Ticaret Noktasi Olusturuldu</Text>
    </Row>
    <Row Tag="LOC_NOTIFICATION_TRADING_POST_CREATED_SUMMARY">
      <Text>Bir [ICON_TradeRoute] Ticaret Rotasini tamamlamaniz {1_CityName} sehrinde sizin için bir [ICON_TradingPost] Ticaret Karakolu olusturdu.</Text>
    </Row>
    <Row Tag="LOC_NOTIFICATION_TRADE_ROUTE_CAPACITY_INCREASED_MESSAGE">
      <Text>Artan Ticaret Yolu Kapasitesi</Text>
    </Row>
    <Row Tag="LOC_NOTIFICATION_TRADE_ROUTE_CAPACITY_INCREASED_SUMMARY">
      <Text>Artik eskisinden daha fazla [ICON_TradeRoute] Ticaret Yolu olusturabilir ve sürdürebilirsiniz.</Text>
    </Row>
    <!-- Economic Notifications -->
    <Row Tag="LOC_NOTIFICATION_REBELLION_MESSAGE">
      <Text>Isyan!</Text>
    </Row>
    <Row Tag="LOC_NOTIFICATION_REBELLION_SUMMARY">
      <Text>([ICON_Amenities])'teki {1_CityName} olanaklarin eksikligi, insanlarin bize karsi silahlanmasina ve {2_NumUnits} düsman birimlerin ortaya çikmasina neden oldu.</Text>
    </Row>
    <Row Tag="LOC_NOTIFICATION_CITY_LOW_AMENITIES_MESSAGE">
      <Text>Daha Fazla Olanak Gerekiyor</Text>
    </Row>
    <Row Tag="LOC_NOTIFICATION_CITY_LOW_AMENITIES_SUMMARY">
      <Text>{1_CityName}'nin üretkenligini sürdürmesi için daha fazla [ICON_Amenities] olanaga ihtiyaci var. Bu durum daha da kötüye giderse, insanlar bize karsi isyan edebilir!</Text>
    </Row>
    <Row Tag="LOC_NOTIFICATION_HOUSING_PREVENTING_GROWTH_MESSAGE">
      <Text>Daha Fazla Konuta Ihtiyaç Var</Text>
    </Row>
    <Row Tag="LOC_NOTIFICATION_HOUSING_PREVENTING_GROWTH_SUMMARY">
      <Text>{1_CityName} büyümeye devam etmek için daha fazla [ICON_Housing] Konuta ihtiyaç duymaktadir. Böyle devam ederse yeni [ICON_Citizen] Vatandas kazanmakta zorlanacagiz.</Text>
    </Row>
    <Row Tag="LOC_NOTIFICATION_CITY_STARVING_MESSAGE">
      <Text>Sehir Açliktan Ölüyor!</Text>
    </Row>
    <Row Tag="LOC_NOTIFICATION_CITY_STARVING_SUMMARY">
      <Text>{1_CityName} halkinin yemesi için yeterli [ICON_Food] gida saglamiyor. Böyle devam ederse, [ICON_Citizen] Vatandaslarini kaybedecek!</Text>
    </Row>
    <Row Tag="LOC_NOTIFICATION_CITY_FOOD_FOCUS_MESSAGE">
      <Text>Sehrin Yiyecege Ihtiyaci Var</Text>
    </Row>
    <Row Tag="LOC_NOTIFICATION_CITY_FOOD_FOCUS_SUMMARY">
      <Text>{1_CityName}, halkinin büyümesi için yeterli [ICON_Food] Gida saglamiyor. Sehrinizi [ICON_Food] Gida üzerine odaklamayi düsünün.</Text>
    </Row>
    <Row Tag="LOC_NOTIFICATION_TREASURY_BANKRUPT_MESSAGE">
      <Text>Hazine Iflas Etti!</Text>
    </Row>
    <Row Tag="LOC_NOTIFICATION_TREASURY_BANKRUPT_SUMMARY">
      <Text>Hiç [ICON_Gold] Altinimiz kalmadi ve maliyetlerimiz gelirlerimizden daha yüksek. Böyle devam ederse sehirlerimiz [ICON_Amenities] olanaklarini kaybedecek ve birimlerimiz bizi terk edecek!</Text>
    </Row>
    <Row Tag="LOC_NOTIFICATION_CAN_PURCHASE_WITH_FAITH_MESSAGE">
      <Text>Inançla Satin Alabilir</Text>
    </Row>
    <Row Tag="LOC_NOTIFICATION_CAN_PURCHASE_WITH_FAITH_SUMMARY">
      <Text>{LOC_GRAMMAR_A_AN &lt;&lt; {1_ItemName}} satin almak için yeterli [ICON_Faith] Inanç biriktirdiniz.</Text>
    </Row>
    <!-- Multiplayer Notifications -->
    <Row Tag="LOC_NOTIFICATION_PLAYER_CONNECTING">
      <Text>{1_playerName} Birlestirme</Text>
    </Row>
    <Row Tag="LOC_NOTIFICATION_PLAYER_CONNECTING_TT">
      <Text>{1_playerName} oyuna katiliyor.  Bu islem birkaç dakika sürebilir.</Text>
    </Row>
    <Row Tag="LOC_NOTIFICATION_PLAYER_CONNECTED">
      <Text>{1_playerName} Katildim</Text>
    </Row>
    <Row Tag="LOC_NOTIFICATION_PLAYER_CONNECTED_TT">
      <Text>{1_playerName} oyuna katilmayi bitirdi.</Text>
    </Row>
    <Row Tag="LOC_NOTIFICATION_PLAYER_DISCONNECT">
      <Text>{1_playerName} Baglanti kesildi</Text>
    </Row>
    <Row Tag="LOC_NOTIFICATION_PLAYER_DISCONNECT_TT">
      <Text>{1_playerName}'nin oyunla baglantisi kesildi.</Text>
    </Row>
    <Row Tag="LOC_NOTIFICATION_PLAYER_KICKED">
      <Text>{1_playerName} Tekmelendi</Text>
    </Row>
    <Row Tag="LOC_NOTIFICATION_PLAYER_KICKED_TT">
      <Text>{1_playerName} oyundan atilmistir.</Text>
    </Row>
    <Row Tag="LOC_NOTIFICATION_PLAYER_MOD_STATUS">
      <Text>{1_playerName} Modlari Indirme</Text>
    </Row>
    <Row Tag="LOC_NOTIFICATION_PLAYER_MOD_STATUS_TT">
      <Text>{1_playerName} bu oyunda oynamak için gerekli modlari indiriyor. {3 : number} toplaminin ({2 : number}'i)</Text>
    </Row>
    <Row Tag="LOC_NOTIFICATION_HOST_MIGRATION">
      <Text>Ev Sahibi Geçisi</Text>
    </Row>
    <Row Tag="LOC_NOTIFICATION_HOST_MIGRATION_TT">
      <Text>Oyun yeni bir oyun sunucusuna tasiniyor.  Oyun kisa süre içinde yeniden baslayacaktir.</Text>
    </Row>
    <Row Tag="LOC_NOTIFICATION_HOST_CHANGED">
      <Text>Ev Sahibi Tasindi</Text>
    </Row>
    <Row Tag="LOC_NOTIFICATION_HOST_CHANGED_TT">
      <Text>{1_playerName} yeni oyun sunucusu.</Text>
    </Row>
    <Row Tag="LOC_NOTIFICATION_PLAYBYCLOUD_YOURTURN">
      <Text>Bulutla Oyna Sira Sende</Text>
    </Row>
    <Row Tag="LOC_NOTIFICATION_PLAYBYCLOUD_YOURTURN_TT">
      <Text>Play By Cloud oyununda sira sizde. ({1_cloudGameName})</Text>
    </Row>
    <Row Tag="LOC_NOTIFICATION_PLAYBYCLOUD_GAMEREADY">
      <Text>Play By Cloud Oyun Hazir</Text>
    </Row>
    <Row Tag="LOC_NOTIFICATION_PLAYBYCLOUD_GAMEREADY_TT">
      <Text>Play By Cloud oyunlarinizdan biri baslamaya hazir. ({1_cloudGameName})</Text>
    </Row>
    <Row Tag="LOC_NOTIFICATION_PLAYBYCLOUD_UNSEENCOMPLETE">
      <Text>Play By Cloud Oyunu Tamamlandi</Text>
    </Row>
    <Row Tag="LOC_NOTIFICATION_PLAYBYCLOUD_UNSEENCOMPLETE_TT">
      <Text>Play By Cloud oyunlarinizdan biri kisa süre önce tamamlandi. ({1_cloudGameName})</Text>
    </Row>
    <Row Tag="LOC_NOTIFICATION_WRONG_PHASE_TT">
      <Text>[color:Civ6Red]Yanlis Asama [ENDCOLOR]</Text>
    </Row>
    <Row Tag="LOC_NOTIFICATION_SIMULTANEOUS_TURNS">
      <Text>Eszamanli Dönüsler</Text>
    </Row>
    <Row Tag="LOC_NOTIFICATION_SIMULTANEOUS_TURNS_TT">
      <Text>Bir insan oyuncuyla olan savasiniz sona erdi. Siralariniz, savasmayan tüm uygarliklarla ayni anda oynanacaktir.</Text>
    </Row>
    <Row Tag="LOC_NOTIFICATION_SEQUENTIAL_TURNS">
      <Text>Sirali Dönüsler</Text>
    </Row>
    <Row Tag="LOC_NOTIFICATION_SEQUENTIAL_TURNS_TT">
      <Text>Bir insan oyuncu ile savas halindesiniz.  Siralariniz, çatisma bitene kadar savasan tüm uygarliklarla sirayla oynanacaktir.</Text>
    </Row>
    <Row Tag="LOC_NOTIFICATION_PLAYER_DESYNCED">
      <Text>{1_playerName} Desynced</Text>
    </Row>
    <Row Tag="LOC_NOTIFICATION_PLAYER_DESYNCED_TT">
      <Text>{1_playerName}'nin oyunu ev sahibininkinden sapti.  Sorunu düzeltmek için yeniden yüklüyorlar.</Text>
    </Row>
    <Row Tag="LOC_NOTIFICATION_PLAYER_RESYNC_COMPLETE">
      <Text>{1_playerName} Yeniden Senkronizasyon Tamamlandi</Text>
    </Row>
    <Row Tag="LOC_NOTIFICATION_PLAYER_RESYNC_COMPLETE_TT">
      <Text>{1_playerName} yüklemeyi tamamladi.</Text>
    </Row>
    <!-- Multiplayer deferred popup notifications -->
    <Row Tag="LOC_NOTIFICATION_TECH_BOOST_MESSAGE">
      <Text>Teknik Destek</Text>
    </Row>
    <Row Tag="LOC_NOTIFICATION_TECH_BOOST_SUMMARY">
      <Text>Tech Boosted: {1_Name}!</Text>
    </Row>
    <Row Tag="LOC_NOTIFICATION_CIVIC_BOOST_MESSAGE">
      <Text>Civic Boost</Text>
    </Row>
    <Row Tag="LOC_NOTIFICATION_CIVIC_BOOST_SUMMARY">
      <Text>Civic Boosted: {1_Name}!</Text>
    </Row>
    <Row Tag="LOC_NOTIFICATION_TECH_DISCOVERED_MESSAGE">
      <Text>Kesfedildi {1_Name}</Text>
    </Row>
    <Row Tag="LOC_NOTIFICATION_TECH_DISCOVERED_SUMMARY">
      <Text>{1_Name}'yi kesfettiniz!</Text>
    </Row>
    <Row Tag="LOC_NOTIFICATION_CIVIC_DISCOVERED_MESSAGE">
      <Text>Kesfedildi {1_Name}</Text>
    </Row>
    <Row Tag="LOC_NOTIFICATION_CIVIC_DISCOVERED_SUMMARY">
      <Text>{1_Name}'yi kesfettiniz!</Text>
    </Row>
    <!-- Great Work Notifications -->
    <Row Tag="LOC_NOTIFICATION_RELIC_CREATED_MESSAGE">
      <Text>Kalinti Olusturuldu</Text>
    </Row>
    <Row Tag="LOC_NOTIFICATION_RELIC_CREATED_SUMMARY">
      <Text>[ICON_GreatWork_Relic] Kutsal Emanet {1_RelicName}, {3_CityName}'deki {2_BuildingName}'ya yerlestirilmistir.</Text>
    </Row>
    <!-- Discovery Notifications -->
    <Row Tag="LOC_NOTIFICATION_DISCOVER_CONTINENT_MESSAGE">
      <Text>Yeni Bir Kita Kesfedildi</Text>
    </Row>
    <Row Tag="LOC_NOTIFICATION_DISCOVER_CONTINENT_SUMMARY">
      <Text>Yeni bir kita kesfettik. Kasifimiz ona {1_ContinentName} adini veriyor.</Text>
    </Row>
    <Row Tag="LOC_NOTIFICATION_DISCOVER_GOODY_HUT_MESSAGE">
      <Text>Kabile Köyü Kesfedildi</Text>
    </Row>
    <Row Tag="LOC_NOTIFICATION_DISCOVER_GOODY_HUT_SUMMARY">
      <Text>Dost bir kabilenin yasadigi bir köy buldunuz.</Text>
    </Row>
    <Row Tag="LOC_NOTIFICATION_DISCOVER_NATURAL_WONDER_MESSAGE">
      <Text>Doga Harikasi Kesfedildi</Text>
    </Row>
    <Row Tag="LOC_NOTIFICATION_DISCOVER_NATURAL_WONDER_SUMMARY">
      <Text>Kasifleriniz doga harikasini kesfettiler {1_NaturalWonderName}.</Text>
    </Row>
    <Row Tag="LOC_NOTIFICATION_DISCOVER_RESOURCE_MESSAGE">
      <Text>Kesfedilen Kaynak</Text>
    </Row>
    <Row Tag="LOC_NOTIFICATION_DISCOVER_RESOURCE_SUMMARY">
      <Text>Yeni bir {1_ResourceName} kaynagi kesfettik.</Text>
    </Row>
    <Row Tag="LOC_NOTIFICATION_BARBARIANS_SIGHTED_MESSAGE">
      <Text>Barbarlar Yaklasimi</Text>
    </Row>
    <Row Tag="LOC_NOTIFICATION_BARBARIANS_SIGHTED_SUMMARY">
      <Text>{1_CityName} sehrimize yaklasan barbarlar tespit ettik.</Text>
    </Row>
    <Row Tag="LOC_NOTIFICATION_NEW_BARBARIAN_CAMP_MESSAGE">
      <Text>Yeni Barbar Karakolu</Text>
    </Row>
    <Row Tag="LOC_NOTIFICATION_NEW_BARBARIAN_CAMP_SUMMARY">
      <Text>Yeni bir Barbar kabilesinin yakin bir bölgeye tasindigina dair söylentiler aldik.</Text>
    </Row>
    <!-- Victory Notifications -->
    <Row Tag="LOC_NOTIFICATION_MY_DOMINANT_CULTURE_MESSAGE">
      <Text>Kültürünüz Baskin</Text>
    </Row>
    <Row Tag="LOC_NOTIFICATION_MY_DOMINANT_CULTURE_SUMMARY">
      <Text>Kültürünüzü {1_CivName} üzerinde baskin hale getirecek kadar [ICON_Tourism] turist çektiniz.</Text>
    </Row>
    <Row Tag="LOC_NOTIFICATION_OTHER_DOMINANT_CULTURE_MESSAGE">
      <Text>Yabanci Kültür Agirlikli</Text>
    </Row>
    <Row Tag="LOC_NOTIFICATION_OTHER_DOMINANT_CULTURE_SUMMARY">
      <Text>{1_CivName} kendi kültürlerini sizinkine baskin kilacak kadar [ICON_Tourism] turist çekmistir.</Text>
    </Row>
    <Row Tag="LOC_NOTIFICATION_MY_CULTURE_VICTORY_SOON_MESSAGE">
      <Text>Kültür Zaferiniz Cok Yakin</Text>
    </Row>
    <Row Tag="LOC_NOTIFICATION_MY_CULTURE_VICTORY_SOON_SUMMARY">
      <Text>Kültürünüz, bir yabanci uygarlik hariç hepsine egemen oldu. Kültür Zaferi elinizin altinda.</Text>
    </Row>
    <Row Tag="LOC_NOTIFICATION_OTHER_CULTURE_VICTORY_SOON_MESSAGE">
      <Text>Yabanci Kültür Zaferi Yakin</Text>
    </Row>
    <Row Tag="LOC_NOTIFICATION_OTHER_CULTURE_VICTORY_SOON_SUMMARY">
      <Text>{1_CivName} Kültür Zaferi elde etmek için kültürlerinin bir oyuncu üzerinde daha baskin olmasi yeterlidir.</Text>
    </Row>
    <!--Future Notifications (not yet implemented)-->
    <Row Tag="LOC_NOTIFICATION_CASUS_BELLI_AVAILABLE_MESSAGE">
      <Text>Yeni Casus Belli Mevcut</Text>
    </Row>
    <Row Tag="LOC_NOTIFICATION_CASUS_BELLI_AVAILABLE_SUMMARY">
      <Text>Simdi {2_CivName} üzerinde bir {1_WarType} ilan etmek için gerekçemiz var.</Text>
    </Row>
    <Row Tag="LOC_NOTIFICATION_CITY_RANGED_ATTACK_MESSAGE">
      <Text>Sehir Menzil Saldirisi</Text>
    </Row>
    <Row Tag="LOC_NOTIFICATION_CITY_RANGED_ATTACK_SUMMARY">
      <Text>{1_CityName} sehri düsman kuvvetlerine saldirabilir.</Text>
    </Row>
    <Row Tag="LOC_NOTIFICATION_ENCAMPMENT_RANGED_ATTACK_MESSAGE">
      <Text>Kamp Alani Saldirisi</Text>
    </Row>
    <Row Tag="LOC_NOTIFICATION_ENCAMPMENT_RANGED_ATTACK_SUMMARY">
      <Text>{1_CityName} sehrinin disindaki Ordugâh düsman kuvvetlerine saldirabilir.</Text>
    </Row>
    <Row Tag="LOC_NOTIFICATION_NUKE_DROPPED_MESSAGE">
      <Text>Nükleer Aygit Patlatildi</Text>
    </Row>
    <Row Tag="LOC_NOTIFICATION_NUKE_DROPPED_SUMMARY">
      <Text>{1_CivName} tarafindan {2_CityName} sehri yakinlarinda bir nükleer cihaz patlatildi.</Text>
    </Row>
    <Row Tag="LOC_NOTIFICATION_THERMONUKE_DROPPED_MESSAGE">
      <Text>Termonükleer Aygit Patlatildi</Text>
    </Row>
    <Row Tag="LOC_NOTIFICATION_THERMONUKE_DROPPED_SUMMARY">
      <Text>{1_CivName} tarafindan {2_CityName} sehri yakinlarinda yikici bir termonükleer cihaz patlatildi.</Text>
    </Row>
    <Row Tag="LOC_NOTIFICATION_SPY_NEW_AGENT_MESSAGE">
      <Text>Casus Egitebilir</Text>
    </Row>
    <Row Tag="LOC_NOTIFICATION_SPY_NEW_AGENT_SUMMARY">
      <Text>Artik ek bir Spy egitebilirsiniz.</Text>
    </Row>
    <Row Tag="LOC_NOTIFICATION_UNIT_CAPTURED_MESSAGE">
      <Text>Yakalanan Birim</Text>
    </Row>
    <Row Tag="LOC_NOTIFICATION_UNIT_CAPTURED_SUMMARY">
      <Text>{1_UnitType}'ünüz {2_EnemyUnitType} tarafindan {3_CivName}'dan ele geçirildi.</Text>
    </Row>
    <Row Tag="LOC_NOTIFICATION_UNIT_ATTACKED_MESSAGE">
      <Text>Saldiriya Ugrayan Birim</Text>
    </Row>
    <Row Tag="LOC_NOTIFICATION_UNIT_ATTACKED_SUMMARY">
      <Text>{1_UnitType}'ünüz {2_CivName} tarafindan saldiriya ugradi.</Text>
    </Row>
    <Row Tag="LOC_NOTIFICATION_WONDER_COMPLETED_MESSAGE">
      <Text>Wonder Tamamlandi</Text>
    </Row>
    <Row Tag="LOC_NOTIFICATION_WONDER_COMPLETED_SUMMARY">
      <Text>{1_CivName} dünya harikasini {2_WonderName} insa etmeyi bitirdi.</Text>
    </Row>
    <Row Tag="LOC_NOTIFICATION_WONDER_COMPLETED_HOTSEAT_CURRENT_PLAYER_SUMMARY">
      <Text>Dünya harikasini {1_WonderName} insa etmeyi bitirdiniz.</Text>
    </Row>
    <Row Tag="LOC_NOTIFICATION_WONDER_COMPLETED_UNMET_PLAYER_SUMMARY">
      <Text>Karsilanmamis bir oyuncu dünya harikasini {1_WonderName} insa etmeyi bitirdi.</Text>
    </Row>
    <Row Tag="LOC_NOTIFICATION_WONDER_FAILED_MESSAGE">
      <Text>Üretim Kurtarildi</Text>
    </Row>
    <Row Tag="LOC_NOTIFICATION_WONDER_FAILED_SUMMARY">
      <Text>Dünya harikasi {1_WonderName}'ü zamaninda tamamlayamadiniz. Ancak {2_Production} [ICON_Production] Üretim girisimden kurtarildi ve {3_CityName} sehrine verildi.</Text>
    </Row>
    <Row Tag="LOC_NOTIFICATION_CITY_LOST_MESSAGE">
      <Text>Yakalanan Sehir</Text>
    </Row>
    <Row Tag="LOC_NOTIFICATION_CITY_LOST_SUMMARY">
      <Text>{1_CityName} sehri {2_CivName} tarafindan ele geçirilmistir.</Text>
    </Row>
    <Row Tag="LOC_NOTIFICATION_CITY_WALLS_BREACHED_MESSAGE">
      <Text>Sehir Duvarlari Asildi</Text>
    </Row>
    <Row Tag="LOC_NOTIFICATION_CITY_WALLS_BREACHED_SUMMARY">
      <Text>{1_CityName} sehrinin surlari {2_CivName}'ten gelen kuvvetler tarafindan asildi.</Text>
    </Row>
    <Row Tag="LOC_NOTIFICATION_CAPITAL_LOST_MESSAGE">
      <Text>Ele Geçirilen Sermaye</Text>
    </Row>
    <Row Tag="LOC_NOTIFICATION_CAPITAL_LOST_SUMMARY">
      <Text>{1_CivName}'ün [ICON_Capital] Baskenti {2_CivName} tarafindan ele geçirildi!</Text>
    </Row>
    <Row Tag="LOC_NOTIFICATION_CAPITAL_RECLAIMED_MESSAGE">
      <Text>Geri Kazanilan Sermaye</Text>
    </Row>
    <Row Tag="LOC_NOTIFICATION_CAPITAL_RECLAIMED_SUMMARY">
      <Text>{1_CivName} sermayelerini geri almistir.</Text>
    </Row>
    <Row Tag="LOC_NOTIFICATION_ENEMY_IN_TERRITORY_MESSAGE">
      <Text>Sinirlarin Içindeki Düsman</Text>
    </Row>
    <Row Tag="LOC_NOTIFICATION_ENEMY_IN_TERRITORY_SUMMARY">
      <Text>Düsman birlikleri {1_CityName} sehri yakinlarinda sinirlarimiz içinde tespit edildi.</Text>
    </Row>
    <Row Tag="LOC_NOTIFICATION_DISCOVER_ANTIQUITY_SITE_MESSAGE">
      <Text>Antik Cag Sitesi Kesfedildi</Text>
    </Row>
    <Row Tag="LOC_NOTIFICATION_DISCOVER_ANTIQUITY_SITE_SUMMARY">
      <Text>Yeni bir Antik Sit Alani ortaya çikardiniz. Eseri çikarmasi için bir Arkeolog gönderin.</Text>
    </Row>
    <Row Tag="LOC_NOTIFICATION_DISCOVER_SHIPWRECK_MESSAGE">
      <Text>Gemi Batigi Kesfedildi</Text>
    </Row>
    <Row Tag="LOC_NOTIFICATION_DISCOVER_SHIPWRECK_SUMMARY">
      <Text>Antik bir gemi enkazinin yerini buldunuz. Kültürel Miras vatandasligina ulastiginizda, batik eseri çikarmak için bir Arkeolog gönderin.</Text>
    </Row>
    <Row Tag="LOC_NOTIFICATION_DIPLO_COUNTERDEAL_RECEIVED_MESSAGE">
      <Text>Karsi Teklif Alindi</Text>
    </Row>
    <Row Tag="LOC_NOTIFICATION_DIPLO_COUNTERDEAL_RECEIVED_SUMMARY">
      <Text>{1_CivName} anlasma teklifinize bir karsi teklif gönderdi.</Text>
    </Row>
    <Row Tag="LOC_NOTIFICATION_DIPLO_DEAL_RECEIVED_MESSAGE">
      <Text>Anlasma Önerisi</Text>
    </Row>
    <Row Tag="LOC_NOTIFICATION_DIPLO_DEAL_RECEIVED_SUMMARY">
      <Text>{1_CivName}'den bir anlasma teklifi aldiniz.</Text>
    </Row>
    <Row Tag="LOC_NOTIFICATION_DIPLO_DENUNCIATION_BY_AI_EXPIRED_MESSAGE">
      <Text>Seni Ihbar Etme Süresi Doldu</Text>
    </Row>
    <Row Tag="LOC_NOTIFICATION_DIPLO_DENUNCIATION_BY_AI_EXPIRED_SUMMARY">
      <Text>{1_CivName} tarafindan size yapilan ihbarin süresi dolmustur. Resmi olarak savas ilan etmek istiyorlarsa yeniden yayinlamalari gerekecek.</Text>
    </Row>
    <Row Tag="LOC_NOTIFICATION_DIPLO_DENUNCIATION_BY_HUMAN_EXPIRED_MESSAGE">
      <Text>Ihbarinizin Süresi Doldu</Text>
    </Row>
    <Row Tag="LOC_NOTIFICATION_DIPLO_DENUNCIATION_BY_HUMAN_EXPIRED_SUMMARY">
      <Text>{1_CivName} hakkindaki ihbarinizin süresi dolmustur ve resmi olarak savas ilan etmek istiyorsaniz yeniden ihbarda bulunmaniz gerekecektir.</Text>
    </Row>
    <Row Tag="LOC_NOTIFICATION_DIPLO_PROMISE_FROM_KEPT_MESSAGE">
      <Text>Size Verilen Söz Yerine Getirildi</Text>
    </Row>
    <Row Tag="LOC_NOTIFICATION_DIPLO_PROMISE_FROM_KEPT_SUMMARY">
      <Text>{1_CivName} tarafindan {2_PromiseType}'e verilen söz yerine getirilmistir.</Text>
    </Row>
    <Row Tag="LOC_NOTIFICATION_DIPLO_PROMISE_TO_KEPT_MESSAGE">
      <Text>Sözünüz Yerine Getirildi</Text>
    </Row>
    <Row Tag="LOC_NOTIFICATION_DIPLO_PROMISE_TO_KEPT_SUMMARY">
      <Text>{1_CivName}'e {2_PromiseType} verdiginiz söz yerine getirilmistir.</Text>
    </Row>
    <Row Tag="LOC_NOTIFICATION_DIPLO_PROMISE_FROM_BROKEN_MESSAGE">
      <Text>Sana Verilen Sözler</Text>
    </Row>
    <Row Tag="LOC_NOTIFICATION_DIPLO_PROMISE_FROM_BROKEN_SUMMARY">
      <Text>{1_CivName} tarafindan {2_PromiseType}'e verilen söz tutulmamistir.</Text>
    </Row>
    <Row Tag="LOC_NOTIFICATION_DIPLO_PROMISE_TO_BROKEN_MESSAGE">
      <Text>Sözünüz Bozuldu</Text>
    </Row>
    <Row Tag="LOC_NOTIFICATION_DIPLO_PROMISE_TO_BROKEN_SUMMARY">
      <Text>{1_CivName}'e {2_PromiseType} verdiginiz söz tutulmamistir.</Text>
    </Row>
    <Row Tag="LOC_NOTIFICATION_PROMISE_TYPE_ARTIFACTS">
      <Text>eserleri kazmayi birakin</Text>
    </Row>
    <Row Tag="LOC_NOTIFICATION_PROMISE_TYPE_ON_BORDER">
      <Text>askerleri sinira tasiyin</Text>
    </Row>
    <Row Tag="LOC_NOTIFICATION_PROMISE_TYPE_RELIGIOUS">
      <Text>sehirleri dönüstürmeyi durdurun</Text>
    </Row>
    <Row Tag="LOC_NOTIFICATION_PROMISE_TYPE_SETTLING">
      <Text>yakinlara yerlesmeyi birak</Text>
    </Row>
    <Row Tag="LOC_NOTIFICATION_PROMISE_TYPE_SPYING">
      <Text>casuslugu durdurun</Text>
    </Row>
    <Row Tag="LOC_NOTIFICATION_DIPLO_DEAL_EXPIRED_MESSAGE">
      <Text>Firsat Süresi Doldu</Text>
    </Row>
    <Row Tag="LOC_NOTIFICATION_DIPLO_DEAL_EXPIRED_SUMMARY">
      <Text>{1_CivName} ile yaptiginiz bir anlasmanin süresi doldu.</Text>
    </Row>
    <Row Tag="LOC_NOTIFICATION_DISTRICT_PILLAGED_MESSAGE">
      <Text>Bölge Yagmalandi</Text>
    </Row>
    <Row Tag="LOC_NOTIFICATION_DISTRICT_PILLAGED_SUMMARY">
      <Text>{2_CityName}'teki {1_DistrictName}'ünüz {3_CivName} tarafindan yagmalandi.</Text>
    </Row>
    <Row Tag="LOC_NOTIFICATION_IMPROVEMENT_PILLAGED_MESSAGE">
      <Text>Iyilestirme Yagmalandi</Text>
    </Row>
    <Row Tag="LOC_NOTIFICATION_IMPROVEMENT_PILLAGED_SUMMARY">
      <Text>{2_CityName}'teki {1_ImprovementName}'ünüz {3_CivName} tarafindan yagmalandi.</Text>
    </Row>
    <Row Tag="LOC_NOTIFICATION_BUILDING_PILLAGED_MESSAGE">
      <Text>Bina Yagmalandi</Text>
    </Row>
    <Row Tag="LOC_NOTIFICATION_BUILDING_PILLAGED_SUMMARY">
      <Text>{2_CityName}'teki {1_BuildingName}'ünüz {3_CivName} tarafindan yagmalandi.</Text>
    </Row>
    <Row Tag="LOC_NOTIFICATION_ROUTE_PILLAGED_MESSAGE">
      <Text>Yol Yagmalandi</Text>
    </Row>
    <Row Tag="LOC_NOTIFICATION_ROUTE_PILLAGED_SUMMARY">
      <Text>{2_CityName} yakinindaki bir {1_RoadName} karosu {3_CivName} tarafindan yagmalandi.</Text>
    </Row>
    <Row Tag="LOC_NOTIFICATION_PLAYER_RESURRECTED_MESSAGE">
      <Text>Oyuncu Yeniden Dirildi</Text>
    </Row>
    <Row Tag="LOC_NOTIFICATION_PLAYER_RESURRECTED_SUMMARY">
      <Text>{1_civName} bir sehri yeniden kazandi ve bir kez daha hayatta.</Text>
    </Row>
    <Row Tag="LOC_NOTIFICATION_PLAYER_ELIMINATED_MESSAGE">
      <Text>Oyuncu Elendi</Text>
    </Row>
    <Row Tag="LOC_NOTIFICATION_PLAYER_ELIMINATED_SUMMARY">
      <Text>{1_civName} ortadan kaldirilmistir.</Text>
    </Row>
    <Row Tag="LOC_NOTIFICATION_ROADS_UPGRADED_MESSAGE">
      <Text>Yollar Iyilestirildi</Text>
    </Row>
    <Row Tag="LOC_NOTIFICATION_ROADS_UPGRADED_SUMMARY">
      <Text>{1_RoadName} kilidi açildiginda, bölgenizdeki tüm Yollari (([2] [ICON_Movement] Hareket {2_MovementCost : plural 1?point  other?points } araziden bagimsiz olarak) yükseltir.)</Text>
    </Row>
    <Row Tag="LOC_NOTIFICATION_FREE_RELIGIOUS_UNIT_MESSAGE">
      <Text>Ilk Dini Birim</Text>
    </Row>
    <Row Tag="LOC_NOTIFICATION_FREE_RELIGIOUS_UNIT_SUMMARY">
      <Text>Yeni bir dinin kurulmasiyla halkinizi saran cosku nedeniyle, ilk {1_UnitName}'nizi ücretsiz olarak aldiniz. Gelecekte satin almak için [ICON_Faith] Inancini kullanin.</Text>
    </Row>
    <Row Tag="LOC_NOTIFICATION_FREE_ESPIONAGE_UNIT_MESSAGE">
      <Text>Ilk Casus</Text>
    </Row>
    <Row Tag="LOC_NOTIFICATION_FREE_ESPIONAGE_UNIT_SUMMARY">
      <Text>Yeni casus aginizin yarattigi heyecan nedeniyle ilk {1_UnitName} casusunuzu ücretsiz olarak aldiniz. Daha fazlasini insa etme yeteneginin kilidini açtiginizda, onlari sehirlerinizde egitin.</Text>
    </Row>
    <Row Tag="LOC_NOTIFICATION_CITY_BESIEGED_BY_OTHER_PLAYER_MESSAGE">
      <Text>Sehir Kusatildi</Text>
    </Row>
    <Row Tag="LOC_NOTIFICATION_CITY_BESIEGED_BY_OTHER_PLAYER_SUMMARY">
      <Text>{1_CityName} kusatma altinda. Rakip birimler sehrinizin etrafindaki tüm altigenler üzerinde Kontrol Alanina sahip olmadigi sürece iyilesmeyecektir.</Text>
    </Row>
    <Row Tag="LOC_NOTIFICATION_TILE_LOST_CULTURE_BOMB_MESSAGE">
      <Text>Kayip Bölge</Text>
    </Row>
    <Row Tag="LOC_NOTIFICATION_TILE_LOST_CULTURE_BOMB_SUMMARY">
      <Text>{1_CivName} tarafindan baslatilan bir Kültür Bombasi yüzünden toprak kaybettik.</Text>
    </Row>
    <Row Tag="LOC_NOTIFICATION_AIRCRAFT_FORCED_REBASE_MESSAGE">
      <Text>Uçak zorunlu yeniden üslenme</Text>
    </Row>
    <Row Tag="LOC_NOTIFICATION_AIRCRAFT_FORCED_REBASE_SUMMARY">
      <Text>{1_AirUnit} konumu tehlikeye girmis ve yeniden üslenmek zorunda kalmistir.</Text>
    </Row>
    <Row Tag="LOC_NOTIFICATION_AIRCRAFT_BASE_OVERRUN_MESSAGE">
      <Text>Hava üssü istilasi</Text>
    </Row>
    <Row Tag="LOC_NOTIFICATION_AIRCRAFT_BASE_OVERRUN_SUMMARY">
      <Text>{1_AirUnit} kendini yeniden üslendiremedi ve yok edildi.</Text>
    </Row>
  </BaseGameText>
</GameData>