﻿<?xml version="1.0" encoding="utf-8"?>
<GameData>
  <EnglishText>
    <Row Tag="LOC_POLAND_JADWIGA_MOD_TITLE">
      <Text>Polonya Uygarlik Paketi</Text>
    </Row>
    <Row Tag="LOC_POLAND_JADWIGA_MOD_TEASER">
      <Text>Yeni Medeniyet ve Lider - Polonyali Jadwiga</Text>
    </Row>
    <Row Tag="LOC_POLAND_JADWIGA_MOD_DESCRIPTION">
      <Text>Yeni bir medeniyet ve lider içerir.</Text>
    </Row>
    <Row Tag="LOC_MOD_POLAND_SCENARIO_TITLE">
      <Text>Senaryo: Jadwiga'nin Mirasi</Text>
    </Row>
    <Row Tag="LOC_MOD_POLAND_SCENARIO_TEASER">
      <Text>Polonya'yi yabanci istilalara karsi savunmak için diger iki oyuncuyla birlikte savasin.</Text>
    </Row>
    <Row Tag="LOC_MOD_POLAND_SCENARIO_DESCRIPTION">
      <Text>Bu 60 turluk senaryoda, Avrupa'nin kavsaginda durarak verimli Polonya topraklarini her yönden gelen istilacilarin sürekli bombardimanindan koruyorsunuz. Kanatli Süvarilerinizi toplayin ve uygarliginizi büyütürken Töton Sövalyeleri ve Osmanli Türkleriyle karsi karsiya gelin.[NEWLINE][NEWLINE]Oyunun sonunda standart puanlamaya göre en iyi imparatorluga sahip olan oyuncu kazanir.</Text>
    </Row>
  </EnglishText>
</GameData>