﻿<?xml version="1.0" encoding="utf-8"?>
<!-- edited with XMLSPY v2004 rel. 2 U (http://www.xmlspy.com) by Ed Beach (Firaxis Games) -->
<GameData>
  <BaseGameText>
    <!--RELIGIONS-->
    <Row Tag="LOC_RELIGION_PANTHEON">
      <Text>Pantheon</Text>
    </Row>
    <Row Tag="LOC_RELIGION_BUDDHISM">
      <Text>Budizm</Text>
    </Row>
    <Row Tag="LOC_RELIGION_CATHOLICISM">
      <Text>Katoliklik</Text>
    </Row>
    <Row Tag="LOC_RELIGION_CONFUCIANISM">
      <Text>Konfüçyanizm</Text>
    </Row>
    <Row Tag="LOC_RELIGION_HINDUISM">
      <Text>Hinduizm</Text>
    </Row>
    <Row Tag="LOC_RELIGION_ISLAM">
      <Text>Islam</Text>
    </Row>
    <Row Tag="LOC_RELIGION_JUDAISM">
      <Text>Yahudilik</Text>
    </Row>
    <Row Tag="LOC_RELIGION_ORTHODOXY">
      <Text>Dogu Ortodokslugu</Text>
    </Row>
    <Row Tag="LOC_RELIGION_PROTESTANTISM">
      <Text>Protestanlik</Text>
    </Row>
    <Row Tag="LOC_RELIGION_SHINTO">
      <Text>Sinto</Text>
    </Row>
    <Row Tag="LOC_RELIGION_SIKHISM">
      <Text>Sihizm</Text>
    </Row>
    <Row Tag="LOC_RELIGION_TAOISM">
      <Text>Taoizm</Text>
    </Row>
    <Row Tag="LOC_RELIGION_ZOROASTRIANISM">
      <Text>Zerdüstlük</Text>
    </Row>
    <!--BELIEF CLASSES-->
    <Row Tag="LOC_BELIEF_CLASS_PANTHEON_NAME">
      <Text>Pantheon</Text>
    </Row>
    <Row Tag="LOC_BELIEF_CLASS_FOLLOWER_NAME">
      <Text>Takipçi</Text>
    </Row>
    <Row Tag="LOC_BELIEF_CLASS_WORSHIP_NAME">
      <Text>Ibadet</Text>
    </Row>
    <Row Tag="LOC_BELIEF_CLASS_FOUNDER_NAME">
      <Text>Kurucu</Text>
    </Row>
    <Row Tag="LOC_BELIEF_CLASS_ENHANCER_NAME">
      <Text>Güçlendirici</Text>
    </Row>
    <!--MISCELLANEOUS-->
    <Row Tag="LOC_RELIGION_MARTYRED_APOSTLE">
      <Text>Sehit Havari</Text>
    </Row>
    <Row Tag="LOC_RELIC_TRIBAL_VILLAGE">
      <Text>Kabile Köyü</Text>
    </Row>
    <Row Tag="LOC_RELIC_GOVERNOR">
      <Text>Vali</Text>
    </Row>
    <Row Tag="LOC_RELIC_CITY_STATE">
      <Text>Suzerain</Text>
    </Row>
    <!--PANTHEON NAMES-->
    <!--1. PANTHEON BELIEFS-->
    <!--Pantheon - Adjacency Bonuses-->
    <Row Tag="LOC_BELIEF_DANCE_OF_THE_AURORA_NAME">
      <Text>Aurora'nin Dansi</Text>
    </Row>
    <Row Tag="LOC_BELIEF_DESERT_FOLKLORE_NAME">
      <Text>Cöl Folkloru</Text>
    </Row>
    <Row Tag="LOC_BELIEF_SACRED_PATH_NAME">
      <Text>Kutsal Yol</Text>
    </Row>
    <!--Pantheon - Amenity Bonuses-->
    <Row Tag="LOC_BELIEF_RIVER_GODDESS_NAME">
      <Text>Nehir Tanriçasi</Text>
    </Row>
    <!--Pantheon - Gameplay Race Bonuses-->
    <Row Tag="LOC_BELIEF_MONUMENT_TO_THE_GODS_NAME">
      <Text>Tanrilar Aniti</Text>
    </Row>
    <Row Tag="LOC_BELIEF_DIVINE_SPARK_NAME">
      <Text>Ilahi Kivilcim</Text>
    </Row>
    <!--Pantheon - Local Feature Bonuses-->
    <Row Tag="LOC_BELIEF_LADY_OF_THE_REEDS_AND_MARSHES_NAME">
      <Text>Sazliklarin ve Batakliklarin Leydisi</Text>
    </Row>
    <!--Pantheon - Local Resource Bonuses-->
    <Row Tag="LOC_BELIEF_GOD_OF_THE_SEA_NAME">
      <Text>Deniz Tanrisi</Text>
    </Row>
    <Row Tag="LOC_BELIEF_GOD_OF_THE_OPEN_SKY_NAME">
      <Text>Açik Gökyüzünün Tanrisi</Text>
    </Row>
    <Row Tag="LOC_BELIEF_GODDESS_OF_THE_HUNT_NAME">
      <Text>Av Tanriçasi</Text>
    </Row>
    <Row Tag="LOC_BELIEF_STONE_CIRCLES_NAME">
      <Text>Tas Cemberler</Text>
    </Row>
    <Row Tag="LOC_BELIEF_RELIGIOUS_IDOLS_NAME">
      <Text>Dini Putlar</Text>
    </Row>
    <Row Tag="LOC_BELIEF_GOD_OF_CRAFTSMEN_NAME">
      <Text>Zanaatkarlarin Tanrisi</Text>
    </Row>
    <Row Tag="LOC_BELIEF_GODDESS_OF_FESTIVALS_NAME">
      <Text>Festivaller Tanriçasi</Text>
    </Row>
    <Row Tag="LOC_BELIEF_ORAL_TRADITION_NAME">
      <Text>Sözlü Gelenek</Text>
    </Row>
    <!--Pantheon - Military -->
    <Row Tag="LOC_BELIEF_GOD_OF_THE_FORGE_NAME">
      <Text>Demirci Tanrisi</Text>
    </Row>
    <Row Tag="LOC_BELIEF_GOD_OF_WAR_NAME">
      <Text>Savas Tanrisi</Text>
    </Row>
    <Row Tag="LOC_BELIEF_INITIATION_RITES_NAME">
      <Text>Inisiyasyon Törenleri</Text>
    </Row>
    <Row Tag="LOC_BELIEF_GOD_OF_HEALING_NAME">
      <Text>Sifa Tanrisi</Text>
    </Row>
    <!--Pantheon - General Purpose-->
    <Row Tag="LOC_BELIEF_FERTILITY_RITES_NAME">
      <Text>Dogurganlik Törenleri</Text>
    </Row>
    <Row Tag="LOC_BELIEF_RELIGIOUS_SETTLEMENTS_NAME">
      <Text>Dini Yerlesimler</Text>
    </Row>
    <Row Tag="LOC_BELIEF_GODDESS_OF_THE_HARVEST_NAME">
      <Text>Hasat Tanriçasi</Text>
    </Row>
    <Row Tag="LOC_BELIEF_CITY_PATRON_GODDESS_NAME">
      <Text>Sehir Koruyucu Tanriçasi</Text>
    </Row>
    <Row Tag="LOC_BELIEF_EARTH_GODDESS_NAME">
      <Text>Toprak Tanriçasi</Text>
    </Row>
    <!--2. WORSHIP BELIEFS-->
    <Row Tag="LOC_BELIEF_CATHEDRAL_NAME">
      <Text>Katedral</Text>
    </Row>
    <Row Tag="LOC_BELIEF_DAR_E_MEHR_NAME">
      <Text>Dar-e Mehr</Text>
    </Row>
    <Row Tag="LOC_BELIEF_GURDWARA_NAME">
      <Text>Gurdwara</Text>
    </Row>
    <Row Tag="LOC_BELIEF_MEETING_HOUSE_NAME">
      <Text>Toplanti Evi</Text>
    </Row>
    <Row Tag="LOC_BELIEF_MOSQUE_NAME">
      <Text>Cami</Text>
    </Row>
    <Row Tag="LOC_BELIEF_PAGODA_NAME">
      <Text>Pagoda</Text>
    </Row>
    <Row Tag="LOC_BELIEF_STUPA_NAME">
      <Text>Stupa</Text>
    </Row>
    <Row Tag="LOC_BELIEF_SYNAGOGUE_NAME">
      <Text>Sinagog</Text>
    </Row>
    <Row Tag="LOC_BELIEF_WAT_NAME">
      <Text>Wat</Text>
    </Row>
    <!--3. FOLLOWER BELIEFS-->
    <Row Tag="LOC_BELIEF_CHORAL_MUSIC_NAME">
      <Text>Koro Müzigi</Text>
    </Row>
    <Row Tag="LOC_BELIEF_DIVINE_INSPIRATION_NAME">
      <Text>Ilahi Ilham</Text>
    </Row>
    <Row Tag="LOC_BELIEF_FEED_THE_WORLD_NAME">
      <Text>Dünyayi Besleyin</Text>
    </Row>
    <Row Tag="LOC_BELIEF_JESUIT_EDUCATION_NAME">
      <Text>Cizvit Egitimi</Text>
    </Row>
    <Row Tag="LOC_BELIEF_RELIQUARIES_NAME">
      <Text>Reliquaries</Text>
    </Row>
    <Row Tag="LOC_BELIEF_RELIGIOUS_COMMUNITY_NAME">
      <Text>Dini Topluluk</Text>
    </Row>
    <Row Tag="LOC_BELIEF_WARRIOR_MONKS_NAME">
      <Text>Savasçi Kesisler</Text>
    </Row>
    <Row Tag="LOC_BELIEF_WORK_ETHIC_NAME">
      <Text>Is Ahlaki</Text>
    </Row>
    <Row Tag="LOC_BELIEF_ZEN_MEDITATION_NAME">
      <Text>Zen Meditasyonu</Text>
    </Row>
    <!--4. FOUNDER BELIEFS-->
    <Row Tag="LOC_BELIEF_CHURCH_PROPERTY_NAME">
      <Text>Kilise Mülkü</Text>
    </Row>
    <Row Tag="LOC_BELIEF_CROSS_CULTURAL_DIALOGUE_NAME">
      <Text>Kültürler Arasi Diyalog</Text>
    </Row>
    <Row Tag="LOC_BELIEF_LAY_MINISTRY_NAME">
      <Text>Meslekten Olmayan Bakanlik</Text>
    </Row>
    <Row Tag="LOC_BELIEF_PAPAL_PRIMACY_NAME">
      <Text>Papalik Önceligi</Text>
    </Row>
    <Row Tag="LOC_BELIEF_PILGRIMAGE_NAME">
      <Text>Hac Yolculugu</Text>
    </Row>
    <Row Tag="LOC_BELIEF_RELIGIOUS_UNITY_NAME">
      <Text>Dini Birlik</Text>
    </Row>
    <Row Tag="LOC_BELIEF_STEWARDSHIP_NAME">
      <Text>Vekilharçlik</Text>
    </Row>
    <Row Tag="LOC_BELIEF_TITHE_NAME">
      <Text>Ösür</Text>
    </Row>
    <Row Tag="LOC_BELIEF_WORLD_CHURCH_NAME">
      <Text>Dünya Kilisesi</Text>
    </Row>
    <!--5. ENHANCER BELIEFS-->
    <Row Tag="LOC_BELIEF_BURIAL_GROUNDS_NAME">
      <Text>Mezar Alanlari</Text>
    </Row>
    <Row Tag="LOC_BELIEF_DEFENDER_OF_FAITH_NAME">
      <Text>Inancin Savunucusu</Text>
    </Row>
    <Row Tag="LOC_BELIEF_HOLY_ORDER_NAME">
      <Text>Kutsal Düzen</Text>
    </Row>
    <Row Tag="LOC_BELIEF_ITINERANT_PREACHERS_NAME">
      <Text>Gezici Vaizler</Text>
    </Row>
    <Row Tag="LOC_BELIEF_JUST_WAR_NAME">
      <Text>Haçli Seferi</Text>
    </Row>
    <Row Tag="LOC_BELIEF_MISSIONARY_ZEAL_NAME">
      <Text>Misyonerlik Gayreti</Text>
    </Row>
    <Row Tag="LOC_BELIEF_MONASTIC_ISOLATION_NAME">
      <Text>Manastir Izolasyonu</Text>
    </Row>
    <Row Tag="LOC_BELIEF_RELIGIOUS_COLONIZATION_NAME">
      <Text>Dini Kolonizasyon</Text>
    </Row>
    <Row Tag="LOC_BELIEF_SCRIPTURE_NAME">
      <Text>Kutsal Kitap</Text>
    </Row>
    <!--PANTHEON DESCRIPTIONS-->
    <!--1. PANTHEON BELIEFS-->
    <!--Pantheon - Adjacency Bonuses-->
    <Row Tag="LOC_BELIEF_DANCE_OF_THE_AURORA_DESCRIPTION">
      <Text>Kutsal Alan bölgeleri, bitisik Tundra karolarindan +1 [ICON_Faith] Inanç alir.</Text>
    </Row>
    <Row Tag="LOC_BELIEF_DESERT_FOLKLORE_DESCRIPTION">
      <Text>Kutsal Bölge bölgeleri, bitisik Cöl karolarindan +1 [ICON_Faith] Inanç alir.</Text>
    </Row>
    <Row Tag="LOC_BELIEF_SACRED_PATH_DESCRIPTION">
      <Text>Kutsal Alan bölgeleri, bitisik Yagmur Ormani karolarindan +1 [ICON_Faith] Inanç alir.</Text>
    </Row>
    <!--Pantheon - Amenity Bonuses-->
    <Row Tag="LOC_BELIEF_RIVER_GODDESS_DESCRIPTION">
      <Text>+1 [ICON_Amenities] Bir Nehre bitisik bir Kutsal Alan bölgesine sahip olan sehirlere avantaj.</Text>
    </Row>
    <!--Pantheon - Gameplay Race Bonuses-->
    <Row Tag="LOC_BELIEF_MONUMENT_TO_THE_GODS_DESCRIPTION">
      <Text>Antik ve Klasik dönem harikalarina yönelik +%15 [ICON_Production] Üretim.</Text>
    </Row>
    <Row Tag="LOC_BELIEF_DIVINE_SPARK_DESCRIPTION">
      <Text>Kutsal Alan (Peygamber), Kampüs (Bilim Adami) ve Tiyatro Meydani (Yazar) bölgelerinden +1 [ICON_GreatPerson] Büyük Kisi puani.</Text>
    </Row>
    <!--Pantheon - Local Feature Bonuses-->
    <Row Tag="LOC_BELIEF_LADY_OF_THE_REEDS_AND_MARSHES_DESCRIPTION">
      <Text>+1 [ICON_Production] Bataklik, Vaha ve Taskin Alanlarindan Üretim.</Text>
    </Row>
    <!--Pantheon - Local Resource Bonuses-->
    <Row Tag="LOC_BELIEF_GOD_OF_THE_SEA_DESCRIPTION">
      <Text>+1 [ICON_Production] Balikçi Teknelerinden Üretim.</Text>
    </Row>
    <Row Tag="LOC_BELIEF_GOD_OF_THE_OPEN_SKY_DESCRIPTION">
      <Text>+1 [ICON_Culture] Meralardan Kültür.</Text>
    </Row>
    <Row Tag="LOC_BELIEF_GODDESS_OF_THE_HUNT_DESCRIPTION">
      <Text>+1 [ICON_Food] Kamplardan Yiyecek.</Text>
    </Row>
    <Row Tag="LOC_BELIEF_STONE_CIRCLES_DESCRIPTION">
      <Text>Tas Ocaklarindan +2 [ICON_Faith] Inanç.</Text>
    </Row>
    <Row Tag="LOC_BELIEF_RELIGIOUS_IDOLS_DESCRIPTION">
      <Text>Madenlerden gelen +2 [ICON_Faith] Inanç, Lüks ve Bonus kaynaklara üstündür.</Text>
    </Row>
    <Row Tag="LOC_BELIEF_GOD_OF_CRAFTSMEN_DESCRIPTION">
      <Text>+1 [ICON_Production] Stratejik kaynaklar üzerinden Madenlerden Üretim.</Text>
    </Row>
    <Row Tag="LOC_BELIEF_GODDESS_OF_FESTIVALS_DESCRIPTION">
      <Text>+1 [ICON_Food] [ICON_RESOURCE_WINE] Sarap, [ICON_RESOURCE_INCENSE] Tütsü, [ICON_RESOURCE_COCOA] Kakao, [ICON_RESOURCE_TOBACCO] Tütün, [ICON_RESOURCE_COFFEE] Kahve ve [ICON_RESOURCE_TEA] Cay Plantasyonlarindan elde edilen gida.</Text>
    </Row>
    <Row Tag="LOC_BELIEF_ORAL_TRADITION_DESCRIPTION">
      <Text>+1 [ICON_Culture] [ICON_RESOURCE_BANANAS] Muz, [ICON_RESOURCE_CITRUS] Narenciye, [ICON_RESOURCE_COTTON] Pamuk, [ICON_RESOURCE_DYES] Boya, [ICON_RESOURCE_SILK] Ipek, [ICON_RESOURCE_SPICES] Baharat ve [ICON_RESOURCE_SUGAR] Seker Plantasyonlarindan elde edilen kültür.</Text>
    </Row>
    <!--Pantheon - Military -->
    <Row Tag="LOC_BELIEF_GOD_OF_THE_FORGE_DESCRIPTION">
      <Text>Antik ve Klasik askeri birimlere yönelik +%25 [ICON_Production] Üretim.</Text>
    </Row>
    <Row Tag="LOC_BELIEF_GOD_OF_HEALING_DESCRIPTION">
      <Text>Kutsal Alan bölgenizde veya komsu karolarda Iyilestirmeyi +30 artirir.</Text>
    </Row>
    <Row Tag="LOC_BELIEF_GOD_OF_WAR_DESCRIPTION">
      <Text>Bonus [ICON_Faith] Bir Kutsal Alan bölgesinin 8 karesi içinde öldürülen her savas biriminin gücünün %50'sine esit inanç. (Standart Hizda)</Text>
    </Row>
    <Row Tag="LOC_BELIEF_INITIATION_RITES_DESCRIPTION">
      <Text>Temizlenen her Barbar Karakolu için +50 [ICON_Faith] Inanç.</Text>
    </Row>
    <!--Pantheon - General Purpose-->
    <Row Tag="LOC_BELIEF_FERTILITY_RITES_DESCRIPTION">
      <Text>Sehir büyüme orani %10 daha yüksektir.</Text>
    </Row>
    <Row Tag="LOC_BELIEF_RELIGIOUS_SETTLEMENTS_DESCRIPTION">
      <Text>Sinir genisleme orani %15 daha yüksektir.</Text>
    </Row>
    <Row Tag="LOC_BELIEF_GODDESS_OF_THE_HARVEST_DESCRIPTION">
      <Text>Bir kaynagin hasat edilmesi veya bir özelligin kaldirilmasi [ICON_Faith] Diger verimin miktarina esit inanç alir.</Text>
    </Row>
    <Row Tag="LOC_BELIEF_CITY_PATRON_GODDESS_DESCRIPTION">
      <Text>+25 [ICON_Production] Uzmanlik bölgesi olmayan sehirlerdeki bölgelere yönelik üretim.</Text>
    </Row>
    <Row Tag="LOC_BELIEF_EARTH_GODDESS_DESCRIPTION">
      <Text>Büyüleyici veya daha iyi Cekicilige sahip karolardan +1 Inanç [ICON_Faith].</Text>
    </Row>
    <!--2. WORSHIP BELIEFS-->
    <Row Tag="LOC_BELIEF_CATHEDRAL_DESCRIPTION">
      <Text>Katedrallerin insasina izin verir (+3 [ICON_Faith] Inanç, dini sanat için 1 slot).</Text>
    </Row>
    <Row Tag="LOC_BELIEF_DAR_E_MEHR_DESCRIPTION">
      <Text>Dar-e Mehrs'in insasina izin verir (+3 [ICON_Faith] Inanç, insa edildigi veya son onarildigi tarihten itibaren her dönem için +1 ilave [ICON_FAITH]).</Text>
    </Row>
    <Row Tag="LOC_BELIEF_GURDWARA_DESCRIPTION">
      <Text>Gurdwaralarin insasina izin verir (+3 [ICON_Faith] Inanç, +2 [ICON_Food] Gida).</Text>
    </Row>
    <Row Tag="LOC_BELIEF_MEETING_HOUSE_DESCRIPTION">
      <Text>Toplanti Evlerinin insasina izin verir (+3 [ICON_Faith] Inanç, +2 [ICON_Production] Üretim).</Text>
    </Row>
    <Row Tag="LOC_BELIEF_MOSQUE_DESCRIPTION">
      <Text>Camilerin insasina izin verir (+3 [ICON_Faith] Inanç). Misyonerler ve Havariler +1 Yayilma.</Text>
    </Row>
    <Row Tag="LOC_BELIEF_PAGODA_DESCRIPTION">
      <Text>Pagoda insasina izin verir (+3 [ICON_Faith] Inanç, +1 [ICON_Housing] Konut).</Text>
    </Row>
    <Row Tag="LOC_BELIEF_STUPA_DESCRIPTION">
      <Text>Stupa insasina izin verir (+3 [ICON_Faith] Inanç, +1 [ICON_Amenities] Amenity).</Text>
    </Row>
    <Row Tag="LOC_BELIEF_SYNAGOGUE_DESCRIPTION">
      <Text>Sinagoglarin insasina izin verir (+5 [ICON_Faith] Inanç).</Text>
    </Row>
    <Row Tag="LOC_BELIEF_WAT_DESCRIPTION">
      <Text>Wats'in insasina izin verir (+3 [ICON_Faith] Inanç, +2 [ICON_Science] Bilim).</Text>
    </Row>
    <!--3. FOLLOWER BELIEFS-->
    <Row Tag="LOC_BELIEF_CHORAL_MUSIC_DESCRIPTION">
      <Text>Türbeler ve Tapinaklar kendi içsel [ICON_Faith] Inanç çiktilarina esit [ICON_Culture] Kültür saglar.</Text>
    </Row>
    <Row Tag="LOC_BELIEF_DIVINE_INSPIRATION_DESCRIPTION">
      <Text>Tüm dünya harikalari +4 [ICON_Faith] Inanç saglar.</Text>
    </Row>
    <Row Tag="LOC_BELIEF_FEED_THE_WORLD_DESCRIPTION">
      <Text>Türbeler ve Tapinaklar kendi içsel [ICON_Faith] Inanç çiktilarina esit [ICON_Food] Gida saglar.</Text>
    </Row>
    <Row Tag="LOC_BELIEF_JESUIT_EDUCATION_DESCRIPTION">
      <Text>Kampüs ve Tiyatro Meydani bölgesi binalarini [ICON_Faith] Inanç ile satin alabilir.</Text>
    </Row>
    <Row Tag="LOC_BELIEF_RELIQUARIES_DESCRIPTION">
      <Text>[ICON_GreatWork_Relic] Kutsal Emanetler hem [ICON_Faith] Inanç hem de [ICON_Tourism] Turizmin üçlü verimine sahiptir.</Text>
    </Row>
    <Row Tag="LOC_BELIEF_RELIGIOUS_COMMUNITY_DESCRIPTION">
      <Text>Türbeler ve Tapinaklarin her biri +1 [ICON_Housing] Konut saglar.</Text>
    </Row>
    <Row Tag="LOC_BELIEF_WARRIOR_MONKS_DESCRIPTION">
      <Text>Essiz bir terfi agacina sahip ortaçag kara muharebe birimleri olan Savasçi Kesisleri egitmek için [ICON_Faith] Inanç harcamaya izin verir. Yalnizca Kutsal Bölgesinde Tapinak bulunan bir sehirde satin alinabilir.</Text>
    </Row>
    <Row Tag="LOC_BELIEF_WORK_ETHIC_DESCRIPTION">
      <Text>Sehirde bu dine mensup her bir vatandas için +1% [ICON_Production] Üretim.</Text>
    </Row>
    <Row Tag="LOC_BELIEF_ZEN_MEDITATION_DESCRIPTION">
      <Text>+1 [ICON_Amenities] 2 uzmanlik bölgesi olan sehirlerde kolaylik.</Text>
    </Row>
    <!--4. FOUNDER BELIEFS-->
    <Row Tag="LOC_BELIEF_CHURCH_PROPERTY_DESCRIPTION">
      <Text>Bu Dini takip eden her sehir için +2 [ICON_Gold] Altin.</Text>
    </Row>
    <Row Tag="LOC_BELIEF_CROSS_CULTURAL_DIALOGUE_DESCRIPTION">
      <Text>Diger uygarliklarda bu Dinin her 5 takipçisi için +1 [ICON_Science] Bilim.</Text>
    </Row>
    <Row Tag="LOC_BELIEF_LAY_MINISTRY_DESCRIPTION">
      <Text>Bu Dini takip eden bir sehirdeki her Kutsal Alan veya Tiyatro Meydani bölgesi sirasiyla +1 [ICON_Faith] Inanç veya +1 [ICON_Culture] Kültür saglar.</Text>
    </Row>
    <Row Tag="LOC_BELIEF_PAPAL_PRIMACY_DESCRIPTION">
      <Text>Dininizi takip eden sehir devletlerinden gelen tür bonuslari %50 daha güçlüdür.</Text>
    </Row>
    <Row Tag="LOC_BELIEF_PILGRIMAGE_DESCRIPTION">
      <Text>Diger medeniyetlerde ve Sehir Devletlerinde bu Dini takip eden her sehir için +2 [ICON_Faith] Inanç.</Text>
    </Row>
    <Row Tag="LOC_BELIEF_RELIGIOUS_UNITY_DESCRIPTION">
      <Text>+1 [ICON_Envoy] Bu Dini ilk kez benimseyen her Sehir Devletinde, bir Sehir Devleti görevinden gelen herhangi bir elçiye ek olarak Elçi.</Text>
    </Row>
    <Row Tag="LOC_BELIEF_STEWARDSHIP_DESCRIPTION">
      <Text>Bu Dini takip eden bir sehirdeki her Kampüs veya Ticari Merkez bölgesi sirasiyla +1 [ICON_Science] Bilim veya +1 [ICON_Gold] Altin saglar.</Text>
    </Row>
    <Row Tag="LOC_BELIEF_TITHE_DESCRIPTION">
      <Text>Bu Dinin her 4 takipçisi için +1 [ICON_Gold] Altin.</Text>
    </Row>
    <Row Tag="LOC_BELIEF_WORLD_CHURCH_DESCRIPTION">
      <Text>Diger medeniyetlerde bu Dinin her 5 takipçisi için +1 [ICON_Culture] Kültür.</Text>
    </Row>
    <!--5. ENHANCER BELIEFS-->
    <Row Tag="LOC_BELIEF_BURIAL_GROUNDS_DESCRIPTION">
      <Text>Bir Kutsal Alani tamamlarken bitisik karolari Kültür Bombasi.</Text>
    </Row>
    <Row Tag="LOC_BELIEF_DEFENDER_OF_FAITH_DESCRIPTION">
      <Text>Savas birimleri, bu Dini takip eden dost sehirlerin sinirlari içindeyken +5 [ICON_Strength] Savas Gücü kazanir.</Text>
    </Row>
    <Row Tag="LOC_BELIEF_HOLY_ORDER_DESCRIPTION">
      <Text>Misyonerler ve Havariler %30 daha ucuza satin alinabilir.</Text>
    </Row>
    <Row Tag="LOC_BELIEF_ITINERANT_PREACHERS_DESCRIPTION">
      <Text>Din %30 daha uzaktaki sehirlere yayilir.</Text>
    </Row>
    <Row Tag="LOC_BELIEF_JUST_WAR_DESCRIPTION">
      <Text>Savas birimleri, bu Dini takip eden yabanci sehirlerin sinirlari içindeyken +10 [ICON_Strength] Savas Gücü kazanir.</Text>
    </Row>
    <Row Tag="LOC_BELIEF_MISSIONARY_ZEAL_DESCRIPTION">
      <Text>Dini birimler arazi ve özelliklerin hareket maliyetlerini [ICON_Movement] göz ardi eder.</Text>
    </Row>
    <Row Tag="LOC_BELIEF_MONASTIC_ISOLATION_DESCRIPTION">
      <Text>Teolojik Savastaki kayiplar nedeniyle Dininizin basinci asla düsmez.</Text>
    </Row>
    <Row Tag="LOC_BELIEF_RELIGIOUS_COLONIZATION_DESCRIPTION">
      <Text>Sehirler, çogunluk Dini bu olan bir oyuncu tarafindan kurulursa bu Din ile baslar.</Text>
    </Row>
    <Row Tag="LOC_BELIEF_SCRIPTURE_DESCRIPTION">
      <Text>Komsu sehir baskisindan kaynaklanan dini yayilma %25 daha güçlüdür. Baski arastirildiginda %50'ye yükseltilir.</Text>
    </Row>
    <!--BELIEF COMBAT BONUSES-->
    <Row Tag="LOC_PROMOTION_DEFENDER_OF_FAITH_DESCRIPTION">
      <Text>+{1_Value} Inanç Savunucusu Inanç</Text>
    </Row>
    <Row Tag="LOC_PROMOTION_JUST_WAR_DESCRIPTION">
      <Text>+{1_Value} Haçli Seferi Inanci</Text>
    </Row>
    <Row Tag="LOC_CITY_BANNER_INCOMING_RELIGION_PRESSURE">
      <Text>Dönüs basina gelen basinç</Text>
    </Row>
    <Row Tag="LOC_CITY_BANNER_OUTGOING_RELIGION_PRESSURE">
      <Text>Dönüs basina giden basinç</Text>
    </Row>
    <Row Tag="LOC_CITY_BANNER_PREDOMINANT_RELIGION">
      <Text>{1_ReligionName} (Baskin)</Text>
    </Row>
    <Row Tag="LOC_CITY_BANNER_FOLLOWER_PRESSURE_TOOLTIP_HEADER">
      <Text>Takipçiler \ Toplam Basinç Alindi:</Text>
    </Row>
    <Row Tag="LOC_CITY_BANNER_FOLLOWER_PRESSURE_TOOLTIP">
      <Text>{1_ReligionName}:[NEWLINE]{2_Followers} Takipçiler, {3_TotalPressure} baski</Text>
    </Row>
  </BaseGameText>
</GameData>