﻿<?xml version="1.0" encoding="utf-8"?>
<GameData>
  <EnglishText>
    <Row Tag="LOC_RULERS_OF_CHINA_MOD_TITLE">
      <Text>Cin Hükümdarlari Lider Paketi</Text>
    </Row>
    <Row Tag="LOC_RULERS_OF_CHINA_MOD_TEASER">
      <Text>Yeni Alternatif Liderler - Cin'in Yongle'si, Cin'in Wu Zetian'i ve Cin'in Qin'i (Birlestirici)</Text>
    </Row>
    <Row Tag="LOC_RULERS_OF_CHINA_MOD_DESCRIPTION">
      <Text>Mevcut Medeniyetler için 3 yeni alternatif Lider içerir. Yongle, Wu Zetian ve Qin (Birlestirici) içerir.</Text>
    </Row>
  </EnglishText>
</GameData>