﻿<?xml version="1.0" encoding="utf-8"?>
<GameData>
  <EnglishText>
    <Row Tag="LOC_RULERS_OF_ENGLAND_MOD_TITLE">
      <Text>Ingiltere Hükümdarlari Lider Paketi</Text>
    </Row>
    <Row Tag="LOC_RULERS_OF_ENGLAND_MOD_TEASER">
      <Text>Yeni Alternatif Liderler - Ingiltere Kraliçesi I. Elizabeth, Norveç Kraliçesi Harald Hardrada (Varangian) ve Ingiltere Kraliçesi Victoria (Buhar Cagi)</Text>
    </Row>
    <Row Tag="LOC_RULERS_OF_ENGLAND_MOD_DESCRIPTION">
      <Text>Mevcut Medeniyetler için 3 yeni alternatif Lider içerir. I. Elizabeth, Harald Hardrada (Varangian) ve Victoria'yi (Buhar Cagi) içerir.</Text>
    </Row>
  </EnglishText>
</GameData>