﻿<?xml version="1.0" encoding="utf-8" standalone="yes"?>
<!-- edited with XMLSPY v2004 rel. 2 U (http://www.xmlspy.com) by Anton Strenger (Firaxis Games) -->
<GameData xmlns:xsi="http://www.w3.org/2001/XMLSchema-instance">
  <BaseGameText>
    <Row Tag="LOC_TECH_POTTERY_DESCRIPTION">
      <Text>Ciftlikler tarafindan gelistirilen Bonus kaynaklarinin hasat edilmesine izin verir.</Text>
    </Row>
    <Row Tag="LOC_TECH_ANIMAL_HUSBANDRY_DESCRIPTION">
      <Text>[ICON_RESOURCE_CATTLE] Sigir, [ICON_RESOURCE_SHEEP] Koyun ve [ICON_RESOURCE_DEER] Geyik hasadina izin verir.</Text>
    </Row>
    <Row Tag="LOC_TECH_MINING_DESCRIPTION">
      <Text>Ormanlarin kesilmesine ve [ICON_RESOURCE_Copper] Bakir hasadina izin verir.</Text>
    </Row>
    <Row Tag="LOC_TECH_SAILING_DESCRIPTION">
      <Text>Insaatçilarin yola çikmasina izin verir.</Text>
    </Row>
    <Row Tag="LOC_TECH_IRRIGATION_DESCRIPTION">
      <Text>Batakligin temizlenmesine ve [ICON_RESOURCE_BANANAS] Muz hasadina izin verir.</Text>
    </Row>
    <Row Tag="LOC_TECH_MASONRY_DESCRIPTION">
      <Text>[ICON_RESOURCE_STONE] Tasinin hasat edilmesine izin verir.</Text>
    </Row>
    <Row Tag="LOC_TECH_BRONZE_WORKING_DESCRIPTION">
      <Text>Yagmur Ormanlarinin kesilmesine izin verir. Demir [ICON_RESOURCE_IRON] ortaya çikarir.</Text>
    </Row>
    <Row Tag="LOC_TECH_SHIPBUILDING_DESCRIPTION">
      <Text>Tüm kara birimlerinin gemiye çikmasina izin verir.</Text>
    </Row>
    <Row Tag="LOC_TECH_CELESTIAL_NAVIGATION_DESCRIPTION">
      <Text>Tüccarlarin gemiye binmesine ve [ICON_RESOURCE_FISH] Balik ve [ICON_RESOURCE_CRABS] Yengeç hasadina izin verir.</Text>
    </Row>
    <Row Tag="LOC_TECH_MATHEMATICS_DESCRIPTION">
      <Text>+1 [ICON_Movement] Tüm deniz birimleri için hareket.</Text>
    </Row>
    <Row Tag="LOC_TECH_APPRENTICESHIP_DESCRIPTION">
      <Text>Maden iyilestirmesine +1 [ICON_Production] Üretim.</Text>
    </Row>
    <Row Tag="LOC_TECH_STIRRUPS_DESCRIPTION">
      <Text>Mera iyilestirmeleri +1 [ICON_Food] Gida alir.</Text>
    </Row>
    <Row Tag="LOC_TECH_CASTLES_DESCRIPTION">
      <Text>Bonus [ICON_Culture] Bitisiklik için Büyük Duvar iyilestirmesi için kültür. Catherine de Medici (Kara Kraliçe) olarak oynuyorsaniz ücretsiz bir Casus kazanin.</Text>
    </Row>
    <Row Tag="LOC_TECH_CARTOGRAPHY_DESCRIPTION">
      <Text>Balikçi Teknesi iyilestirmesinden +2 [ICON_Gold] Altin. Tüm donanma ve gemili birimler Okyanus karelerinde gezinebilir.</Text>
    </Row>
    <Row Tag="LOC_TECH_SQUARE_RIGGING_DESCRIPTION">
      <Text>+1 [ICON_Movement] Bindirilmis birimler için hareket.</Text>
    </Row>
    <Row Tag="LOC_TECH_BANKING_DESCRIPTION">
      <Text>+2 [ICON_Gold] Tas Ocagi iyilestirmesinden gelen altin.</Text>
    </Row>
    <Row Tag="LOC_TECH_PRINTING_DESCRIPTION">
      <Text>Diger tüm medeniyetler üzerinde bir seviye daha fazla diplomatik görünürlük saglar. [ICON_GreatWork_Writing] Büyük Yazma Eserlerinden elde edilen tüm [ICON_Tourism] Turizm getirileri iki katina çikar.</Text>
    </Row>
    <Row Tag="LOC_TECH_RADIO_DESCRIPTION">
      <Text>Alüminyum [ICON_RESOURCE_ALUMINUM] ortaya çikarir.</Text>
    </Row>
    <Row Tag="LOC_TECH_INDUSTRIALIZATION_DESCRIPTION">
      <Text>Maden iyilestirmesine +1 [ICON_Production] Üretim.</Text>
    </Row>
    <Row Tag="LOC_TECH_SCIENTIFIC_THEORY_DESCRIPTION">
      <Text>Arastirma Anlasmasi diplomatik eylemine izin verir. +1 [ICON_Food] Plantasyon iyilestirmesinden gelen gida.</Text>
    </Row>
    <Row Tag="LOC_TECH_SANITATION_DESCRIPTION">
      <Text>Stepwell iyilestirmeleri +1 [ICON_Housing] Konut alir.</Text>
    </Row>
    <Row Tag="LOC_TECH_STEAM_POWER_DESCRIPTION">
      <Text>+2 [ICON_Movement] Bindirilmis birimler için hareket.</Text>
    </Row>
    <Row Tag="LOC_TECH_FLIGHT_DESCRIPTION">
      <Text>[ICON_Culture] Kültür saglayan tüm iyilestirmelerden [ICON_Tourism] Turizm alin.  Üretilen [ICON_Tourism] Turizm miktari iyilestirmenin [ICON_Culture] Kültür çiktisina esittir.</Text>
    </Row>
    <Row Tag="LOC_TECH_REPLACEABLE_PARTS_DESCRIPTION">
      <Text>Ciftlik iyilestirmelerini Mekanize Tarima yükseltir. Bitisik olduklari her Ciftlik iyilestirmesi için +1 [ICON_Food] Gida Bitisiklik bonusu.</Text>
    </Row>
    <Row Tag="LOC_TECH_STEEL_DESCRIPTION">
      <Text>Kereste Fabrikasi iyilestirmesinden +1 [ICON_Production] Üretim. Sehir Savunmalarinin kilidini açarak tüm sehirlerinize otomatik olarak 400 Tahkimat Gücü ve menzilli saldiri gerçeklestirme yetenegi kazandirir. Önceki tüm duvar iyilestirmeleri geçersiz hale gelir ve kusatma destek birimleri artik etkili degildir.</Text>
    </Row>
    <Row Tag="LOC_TECH_COMBUSTION_DESCRIPTION">
      <Text>+1 [ICON_Movement] Bindirilmis birimler için hareket.</Text>
    </Row>
    <Row Tag="LOC_TECH_ROCKETRY_DESCRIPTION">
      <Text>+1 [ICON_Production] Tas Ocagi iyilestirmesinden elde edilen üretim.</Text>
    </Row>
    <Row Tag="LOC_TECH_PLASTICS_DESCRIPTION">
      <Text>+1 [ICON_Food] Balikçi Teknelerine Yiyecek.</Text>
    </Row>
    <Row Tag="LOC_TECH_COMPUTERS_DESCRIPTION">
      <Text>Ilave bir Spy insa etme yetenegi verir. Imparatorlugunuz genelinde +%100 [ICON_Tourism] Turizm.</Text>
    </Row>
    <Row Tag="LOC_TECH_SYNTHETIC_MATERIALS_DESCRIPTION">
      <Text>+1 [ICON_Gold] Kamplara Altin.</Text>
    </Row>
    <Row Tag="LOC_TECH_ROBOTICS_DESCRIPTION">
      <Text>+1 [ICON_Production] Meralara Üretim.</Text>
    </Row>
    <Row Tag="LOC_TECH_FUTURE_TECH_DESCRIPTION">
      <Text>Birden fazla kez tamamlanabilir ve Puan Zaferi'ne dogru puanlarinizi artirabilirsiniz.</Text>
    </Row>
    <Row Tag="LOC_BOOST_TRIGGER_SAILING">
      <Text>Sahilde bir sehir buldum.</Text>
    </Row>
    <Row Tag="LOC_BOOST_TRIGGER_ASTROLOGY">
      <Text>Bir doga harikasi bulun.</Text>
    </Row>
    <Row Tag="LOC_BOOST_TRIGGER_IRRIGATION">
      <Text>Ciftlik bir kaynak.</Text>
    </Row>
    <Row Tag="LOC_BOOST_TRIGGER_ARCHERY">
      <Text>Slinger ile bir birim öldür.</Text>
    </Row>
    <Row Tag="LOC_BOOST_TRIGGER_WRITING">
      <Text>Baska bir uygarlikla tanisin.</Text>
    </Row>
    <Row Tag="LOC_BOOST_TRIGGER_MASONRY">
      <Text>Bir Tas Ocagi Insa Et.</Text>
    </Row>
    <Row Tag="LOC_BOOST_TRIGGER_BRONZE_WORKING">
      <Text>3 Barbar öldür.</Text>
    </Row>
    <Row Tag="LOC_BOOST_TRIGGER_THE_WHEEL">
      <Text>Bir kaynak çikar.</Text>
    </Row>
    <Row Tag="LOC_BOOST_TRIGGER_CELESTIAL_NAVIGATION">
      <Text>2 deniz kaynagini iyilestirin.</Text>
    </Row>
    <Row Tag="LOC_BOOST_TRIGGER_CURRENCY">
      <Text>Bir [ICON_TradeRoute] Ticaret Rotasi olusturun.</Text>
    </Row>
    <Row Tag="LOC_BOOST_TRIGGER_HORSEBACK_RIDING">
      <Text>Bir Mera Insa Et.</Text>
    </Row>
    <Row Tag="LOC_BOOST_TRIGGER_IRON_WORKING">
      <Text>Bir Demir Madeni insa edin.</Text>
    </Row>
    <Row Tag="LOC_BOOST_TRIGGER_SHIPBUILDING">
      <Text>2 Kadirga sahibi.</Text>
    </Row>
    <Row Tag="LOC_BOOST_TRIGGER_MATHEMATICS">
      <Text>3 farkli uzmanlik bölgesi olusturun.</Text>
    </Row>
    <Row Tag="LOC_BOOST_TRIGGER_CONSTRUCTION">
      <Text>Bir Su Degirmeni Insa Edin.</Text>
    </Row>
    <Row Tag="LOC_BOOST_TRIGGER_ENGINEERING">
      <Text>Antik Duvarlar Insa Edin.</Text>
    </Row>
    <Row Tag="LOC_BOOST_TRIGGER_MILITARY_TACTICS">
      <Text>Mizrakli ile bir birim öldür.</Text>
    </Row>
    <Row Tag="LOC_BOOST_TRIGGER_APPRENTICESHIP">
      <Text>3 Mayin insa edin.</Text>
    </Row>
    <Row Tag="LOC_BOOST_TRIGGER_STIRRUPS">
      <Text>Feodalizm medeniyeti var.</Text>
    </Row>
    <Row Tag="LOC_BOOST_TRIGGER_MACHINERY">
      <Text>3 okçunuz var.</Text>
    </Row>
    <Row Tag="LOC_BOOST_TRIGGER_EDUCATION">
      <Text>Büyük Bir Bilim Insani Kazanin.</Text>
    </Row>
    <Row Tag="LOC_BOOST_TRIGGER_MILITARY_ENGINEERING">
      <Text>Bir su kemeri insa edin.</Text>
    </Row>
    <Row Tag="LOC_BOOST_TRIGGER_CASTLES">
      <Text>6 politika yuvasi olan bir hükümetiniz olsun.</Text>
    </Row>
    <Row Tag="LOC_BOOST_TRIGGER_CARTOGRAPHY">
      <Text>2 Liman insa edin.</Text>
    </Row>
    <Row Tag="LOC_BOOST_TRIGGER_MASS_PRODUCTION">
      <Text>Bir Kereste Fabrikasi Insa Edin.</Text>
    </Row>
    <Row Tag="LOC_BOOST_TRIGGER_BANKING">
      <Text>Loncalar sivil olsun.</Text>
    </Row>
    <Row Tag="LOC_BOOST_TRIGGER_GUNPOWDER">
      <Text>Bir cephanelik insa et.</Text>
    </Row>
    <Row Tag="LOC_BOOST_TRIGGER_PRINTING">
      <Text>2 Üniversite kurun.</Text>
    </Row>
    <Row Tag="LOC_BOOST_TRIGGER_SQUARE_RIGGING">
      <Text>Tüfekçi ile bir birim öldür.</Text>
    </Row>
    <Row Tag="LOC_BOOST_TRIGGER_ASTRONOMY">
      <Text>Daga bitisik bir üniversite insa edin.</Text>
    </Row>
    <Row Tag="LOC_BOOST_TRIGGER_METAL_CASTING">
      <Text>2 Arbaletçiniz var.</Text>
    </Row>
    <Row Tag="LOC_BOOST_TRIGGER_SIEGE_TACTICS">
      <Text>2 Trebuchet sahibi.</Text>
    </Row>
    <Row Tag="LOC_BOOST_TRIGGER_INDUSTRIALIZATION">
      <Text>3 Atölye Olusturun.</Text>
    </Row>
    <Row Tag="LOC_BOOST_TRIGGER_SCIENTIFIC_THEORY">
      <Text>Aydinlanma medeniyeti var.</Text>
    </Row>
    <Row Tag="LOC_BOOST_TRIGGER_BALLISTICS">
      <Text>Bölgenizde 2 kale var. Ikisi de bir Askeri Mühendis tarafindan insa edildi.</Text>
    </Row>
    <Row Tag="LOC_BOOST_TRIGGER_MILITARY_SCIENCE">
      <Text>Sövalye ile bir birim öldür.</Text>
    </Row>
    <Row Tag="LOC_BOOST_TRIGGER_STEAM_POWER">
      <Text>2 Tersane insa edin.</Text>
    </Row>
    <Row Tag="LOC_BOOST_TRIGGER_SANITATION">
      <Text>2 Mahalle Insa Edin.</Text>
    </Row>
    <Row Tag="LOC_BOOST_TRIGGER_ECONOMICS">
      <Text>2 Banka Insa Et.</Text>
    </Row>
    <Row Tag="LOC_BOOST_TRIGGER_RIFLING">
      <Text>Bir Niter Madeni insa et.</Text>
    </Row>
    <Row Tag="LOC_BOOST_TRIGGER_FLIGHT">
      <Text>Sanayi dönemi veya sonrasi için bir harika insa edin.</Text>
    </Row>
    <Row Tag="LOC_BOOST_TRIGGER_REPLACEABLE_PARTS">
      <Text>3 hat piyadesi.</Text>
    </Row>
    <Row Tag="LOC_BOOST_TRIGGER_STEEL">
      <Text>Bir Kömür Madeni ve bir Ironclad insa edin.</Text>
    </Row>
    <Row Tag="LOC_BOOST_TRIGGER_ELECTRICITY">
      <Text>3 Privateers'im var.</Text>
    </Row>
    <Row Tag="LOC_BOOST_TRIGGER_RADIO">
      <Text>Bir Ulusal Park insa edin.</Text>
    </Row>
    <Row Tag="LOC_BOOST_TRIGGER_CHEMISTRY">
      <Text>Bir Arastirma Sözlesmesi doldurun.</Text>
    </Row>
    <Row Tag="LOC_BOOST_TRIGGER_COMBUSTION">
      <Text>Bir obje çikarin.</Text>
    </Row>
    <Row Tag="LOC_BOOST_TRIGGER_ADVANCED_FLIGHT">
      <Text>3 Cift kanatli uçak insa edin.</Text>
    </Row>
    <Row Tag="LOC_BOOST_TRIGGER_ADVANCED_BALLISTICS">
      <Text>2 Enerji Santrali insa edin.</Text>
    </Row>
    <Row Tag="LOC_BOOST_TRIGGER_COMBINED_ARMS">
      <Text>3 Ordu veya Armadaya sahip olun</Text>
    </Row>
    <Row Tag="LOC_BOOST_TRIGGER_PLASTICS">
      <Text>Bir Petrol Kuyusu Insa Et.</Text>
    </Row>
    <Row Tag="LOC_BOOST_TRIGGER_COMPUTERS">
      <Text>8 politika yuvasi olan bir hükümetiniz olsun.</Text>
    </Row>
    <Row Tag="LOC_BOOST_TRIGGER_SYNTHETIC_MATERIALS">
      <Text>2 Aerodrom insa edin.</Text>
    </Row>
    <Row Tag="LOC_BOOST_TRIGGER_TELECOMMUNICATIONS">
      <Text>2 Yayin Merkezi insa edin.</Text>
    </Row>
    <Row Tag="LOC_BOOST_TRIGGER_GUIDANCE_SYSTEMS">
      <Text>Bir dövüsçüyü öldür.</Text>
    </Row>
    <Row Tag="LOC_BOOST_TRIGGER_COMPOSITES">
      <Text>3 tankin var.</Text>
    </Row>
    <Row Tag="LOC_BOOST_TRIGGER_ROBOTICS">
      <Text>Küresellesme medeniyeti var.</Text>
    </Row>
    <Row Tag="LOC_BOOST_TRIGGER_NANOTECHNOLOGY">
      <Text>Bir Alüminyum Madeni Insa Edin.</Text>
    </Row>
    <Row Tag="LOC_BOOST_TRIGGER_MUST_STEAL">
      <Text>Büyük Bilim Adami veya Casus ile güçlendirin.</Text>
    </Row>
    <Row Tag="LOC_BOOST_TRIGGER_LONGDESC_SAILING">
      <Text>Kiyida bir sehir kazanmak, uygarliginiza dalgalarda yön bulma konusunda fikir verdi.</Text>
    </Row>
    <Row Tag="LOC_BOOST_TRIGGER_LONGDESC_ASTROLOGY">
      <Text>Bir doga harikasini kesfetmek, halkiniza evrenin görkemiyle ilgili ilham verdi.</Text>
    </Row>
    <Row Tag="LOC_BOOST_TRIGGER_LONGDESC_IRRIGATION">
      <Text>Bir kaynakla çiftçilik yapmak, ürünlerinizi sulamanin önemini anlamanizi sagladi.</Text>
    </Row>
    <Row Tag="LOC_BOOST_TRIGGER_LONGDESC_ARCHERY">
      <Text>Sonunda bir Slinger ile bir düsmani öldürdükten sonra, daha güçlü bir menzilli silah istiyorsunuz.</Text>
    </Row>
    <Row Tag="LOC_BOOST_TRIGGER_LONGDESC_WRITING">
      <Text>Baska bir medeniyetle tanistiktan sonra iletisim kurmak için yeni yollara ihtiyaç duydugunuzu görüyorsunuz.</Text>
    </Row>
    <Row Tag="LOC_BOOST_TRIGGER_LONGDESC_MASONRY">
      <Text>Bir kaynagin tas ocagindan çikarilmasi size tas ustasi çalistirmak için gereken hammaddeleri sagladi.</Text>
    </Row>
    <Row Tag="LOC_BOOST_TRIGGER_LONGDESC_BRONZE_WORKING">
      <Text>Barbarlarla olan savaslariniz daha güçlü silahlara olan ihtiyaci vurguluyor.</Text>
    </Row>
    <Row Tag="LOC_BOOST_TRIGGER_LONGDESC_THE_WHEEL">
      <Text>Madencilik faaliyetleriniz size bir aks yaratma becerisi kazandirdi. Tekerlek takip edecek mi?</Text>
    </Row>
    <Row Tag="LOC_BOOST_TRIGGER_LONGDESC_CELESTIAL_NAVIGATION">
      <Text>Balikçilariniz gece gökyüzünü inceleyerek seyahatlerine nasil rehberlik edeceklerini ögreniyorlar.</Text>
    </Row>
    <Row Tag="LOC_BOOST_TRIGGER_LONGDESC_CURRENCY">
      <Text>Ticaret Rotaniz [ICON_TradeRoute] dogrudan mal alisverisi yapar, ancak bir degisim araci ticareti daha esnek hale getirecektir.</Text>
    </Row>
    <Row Tag="LOC_BOOST_TRIGGER_LONGDESC_HORSEBACK_RIDING">
      <Text>Hayvanlar artik meralarda evcillestirildiginden, ata binmeyi ögrenme zamani gelmistir.</Text>
    </Row>
    <Row Tag="LOC_BOOST_TRIGGER_LONGDESC_IRON_WORKING">
      <Text>Düzenli bir demir kaynagina erisim, daha iyi silahlar ve daha güçlü zirhlar yapmanizi sagladi.</Text>
    </Row>
    <Row Tag="LOC_BOOST_TRIGGER_LONGDESC_SHIPBUILDING">
      <Text>Bir kadirga filosu insa etmek size daha büyük gemiler insa etme konusunda çok sey ögretti.</Text>
    </Row>
    <Row Tag="LOC_BOOST_TRIGGER_LONGDESC_MATHEMATICS">
      <Text>Bölge planlamacilariniz geometrinin temellerini çözdüler. Belki de yakinda tam bir matematiksel sistem ortaya çikar?</Text>
    </Row>
    <Row Tag="LOC_BOOST_TRIGGER_LONGDESC_CONSTRUCTION">
      <Text>Su Degirmeni'ndeki çalismalar, isçilerinize insaat uygulamalari hakkinda çok sey ögretti.</Text>
    </Row>
    <Row Tag="LOC_BOOST_TRIGGER_LONGDESC_ENGINEERING">
      <Text>Sehrinizin etrafindaki duvarlari tamamlamak, Su Kemerleri ve Manciniklar için gereken mühendislik ilkelerini gösterdi.</Text>
    </Row>
    <Row Tag="LOC_BOOST_TRIGGER_LONGDESC_MILITARY_TACTICS">
      <Text>Mizrakçilariniz etkili olduklarini kanitliyorlar ama artik rakipleriniz daha güçlü ve hizli. Belki de daha uzun bir silaha ihtiyaç vardir?</Text>
    </Row>
    <Row Tag="LOC_BOOST_TRIGGER_LONGDESC_APPRENTICESHIP">
      <Text>Hammaddeler artik çok çesitli madenlerden geldigi için, yeni zanaatkârlara bunlari kullanmayi daha iyi ögretme ihtiyaci çok önemlidir.</Text>
    </Row>
    <Row Tag="LOC_BOOST_TRIGGER_LONGDESC_STIRRUPS">
      <Text>Kralliginizdaki feodal lordlar topraklarini savunacak bir sampiyon istiyor. Belki de zirhli bir savasçi görevlendirmek isinizi görür?</Text>
    </Row>
    <Row Tag="LOC_BOOST_TRIGGER_LONGDESC_MACHINERY">
      <Text>Oldukça büyük menzilli birliklerinizin performansini artirmak için makinelere bakiyorsunuz.</Text>
    </Row>
    <Row Tag="LOC_BOOST_TRIGGER_LONGDESC_EDUCATION">
      <Text>Büyük Bilim Adaminizdan gelen ögretiler, diyarinizda ögrenmeye olan ilginin yeniden canlanmasina ilham kaynagi oldu.</Text>
    </Row>
    <Row Tag="LOC_BOOST_TRIGGER_LONGDESC_MILITARY_ENGINEERING">
      <Text>Askeri liderleriniz su kemerinizdeki ilerlemeyi dikkatle takip etti. Bu mühendislik becerilerini kullanmanin yeni yollarini görüyorlar.</Text>
    </Row>
    <Row Tag="LOC_BOOST_TRIGGER_LONGDESC_CASTLES">
      <Text>Yeni hükümetimizin savunma bakani, hareketli baskentimizi korumak için etkileyici savunmalar insa etmek isteyebilecegimizi öne sürüyor.</Text>
    </Row>
    <Row Tag="LOC_BOOST_TRIGGER_LONGDESC_CARTOGRAPHY">
      <Text>Imparatorlugunuzun limanlarindan bu kadar çok gemi ayrilirken, kesiflerinizi belgelemek için can atiyorsunuz.</Text>
    </Row>
    <Row Tag="LOC_BOOST_TRIGGER_LONGDESC_MASS_PRODUCTION">
      <Text>Artik standartlastirilmis panolardan olusan hazir bir tedarikiniz olduguna göre, nakliye sektörünüz yakinda yükselise geçecektir.</Text>
    </Row>
    <Row Tag="LOC_BOOST_TRIGGER_LONGDESC_BANKING">
      <Text>Gelismekte olan loncalarinizin büyük miktarda altin akisina ihtiyaç duyan planlari var. Belki de kredi almalarini saglayacak bir yol bulabiliriz?</Text>
    </Row>
    <Row Tag="LOC_BOOST_TRIGGER_LONGDESC_GUNPOWDER">
      <Text>Cephanelikteki adamlarin rakiplerini mahvedecek yeni bir silah gelistiriyor.</Text>
    </Row>
    <Row Tag="LOC_BOOST_TRIGGER_LONGDESC_PRINTING">
      <Text>Zorunluluktan dolayi akademisyenleriniz kitaplari hizla kopyalamak için yöntemler gelistiriyor.</Text>
    </Row>
    <Row Tag="LOC_BOOST_TRIGGER_LONGDESC_SQUARE_RIGGING">
      <Text>Tüfekçilerinizin karadaki basarisi yeni bir fikir dogurdu: Denizde barutlu silahlara geçsek nasil olur?</Text>
    </Row>
    <Row Tag="LOC_BOOST_TRIGGER_LONGDESC_ASTRONOMY">
      <Text>Bilim adamlariniz gökyüzünü daha net görebilmek için daglara tirmaniyor. Belki kalici bir tesis yardimci olur?</Text>
    </Row>
    <Row Tag="LOC_BOOST_TRIGGER_LONGDESC_METAL_CASTING">
      <Text>Sahada bu kadar çok Arbaletçi varken, menzilli silahlar üzerinde çok fazla pratik yaptik.</Text>
    </Row>
    <Row Tag="LOC_BOOST_TRIGGER_LONGDESC_SIEGE_TACTICS">
      <Text>Bombardimanlar olusturduktan sonra kalelerin zaptedilemez olmadigini fark edersiniz - daha saglam bir savunmaya ihtiyaciniz vardir!</Text>
    </Row>
    <Row Tag="LOC_BOOST_TRIGGER_LONGDESC_INDUSTRIALIZATION">
      <Text>Imparatorlugunuzun yogun atölyeleri gelecek olan büyüklüge isaret ediyor. Bir Sanayi Devrimi baslamak üzere mi?</Text>
    </Row>
    <Row Tag="LOC_BOOST_TRIGGER_LONGDESC_SCIENTIFIC_THEORY">
      <Text>Alanimizda bir aydinlanma çaginin baslamasi, bilimsel yöntemlerimiz hakkinda ciddi bir tartisma baslatti.</Text>
    </Row>
    <Row Tag="LOC_BOOST_TRIGGER_LONGDESC_BALLISTICS">
      <Text>Sehirleriniz birden fazla tahkimatla korunuyor, ya toplarla savunulabilseydi?</Text>
    </Row>
    <Row Tag="LOC_BOOST_TRIGGER_LONGDESC_MILITARY_SCIENCE">
      <Text>Yigit Sövalyeniz düsmanini yendi. Bu zaferden ders alalim ve askeri islerin ögrencisi olalim.</Text>
    </Row>
    <Row Tag="LOC_BOOST_TRIGGER_LONGDESC_STEAM_POWER">
      <Text>Endüstriyel zekamizi yeni insa edilen tersanelerinize uygulayalim. Buhar gücüyle çalisan donanma gemileri denizlere hükmedebilir.</Text>
    </Row>
    <Row Tag="LOC_BOOST_TRIGGER_LONGDESC_SANITATION">
      <Text>Mahallelerin devreye girmesiyle birlikte sehirlerimiz hiç olmadigi kadar büyüyor.  Bir saglik plani gelistirmek çok önemlidir.</Text>
    </Row>
    <Row Tag="LOC_BOOST_TRIGGER_LONGDESC_ECONOMICS">
      <Text>Bankalarinizin gücü artiyor.  Ulusal ekonominizi sekillendiren güçleri resmi olarak incelemenin zamani geldi.</Text>
    </Row>
    <Row Tag="LOC_BOOST_TRIGGER_LONGDESC_RIFLING">
      <Text>Bir niter kaynagi ile atesli silah endüstriniz en üst vitese geçiyor. Bir sonraki adim isabet oranimizi arttirmak olacak.</Text>
    </Row>
    <Row Tag="LOC_BOOST_TRIGGER_LONGDESC_FLIGHT">
      <Text>Modern bir harikayi tamamlayan mühendislerimiz her seyin üstesinden gelebileceklerinden eminler. Sirada ne var, uçurmayi mi düsünüyorlar?</Text>
    </Row>
    <Row Tag="LOC_BOOST_TRIGGER_LONGDESC_REPLACEABLE_PARTS">
      <Text>Silah yapimcilariniz bu kadar çok tüfegi elle yapmaktan bikti.  Belki biraz standardizasyon yardimci olur?</Text>
    </Row>
    <Row Tag="LOC_BOOST_TRIGGER_LONGDESC_STEEL">
      <Text>Kömürle çalisan yüksek firinlariniz ve bir Ironclad ile yaptiginiz test çalismalari yakinda en iyi kalitede çelik üretmemizi saglayacaktir.</Text>
    </Row>
    <Row Tag="LOC_BOOST_TRIGGER_LONGDESC_ELECTRICITY">
      <Text>Kurnaz korsanlariniz elektrik akiminin kesfinden çok etkilendiler. Bunu gizli bir itici güç yaratmak için kullanabilirler mi?</Text>
    </Row>
    <Row Tag="LOC_BOOST_TRIGGER_LONGDESC_RADIO">
      <Text>Yeni ulusal parkinizin ziyaretçilere ihtiyaci var. Belki de yeni bir iletisim biçimi bunun reklamini yapmaniza yardimci olur?</Text>
    </Row>
    <Row Tag="LOC_BOOST_TRIGGER_LONGDESC_CHEMISTRY">
      <Text>Diger uluslarla güçlerini birlestirmek bilimsel ilerlemelerde zincirleme bir reaksiyon baslatti.  Bir sonraki hamle kimyada mi olacak?</Text>
    </Row>
    <Row Tag="LOC_BOOST_TRIGGER_LONGDESC_COMBUSTION">
      <Text>Arkeologunuz kayalardan sizan petrolü fark etti. Belki jeologlariniz bir göz atmak isterler?</Text>
    </Row>
    <Row Tag="LOC_BOOST_TRIGGER_LONGDESC_ADVANCED_FLIGHT">
      <Text>Cift kanatli uçaklarla ilgili kapsamli deneyiminiz birçok havacilik bulusuna öncülük etti.</Text>
    </Row>
    <Row Tag="LOC_BOOST_TRIGGER_LONGDESC_ADVANCED_BALLISTICS">
      <Text>Yeni enerji santrallerinin gelistirilmesi, silah üretiminize yardimci olabilecek endüstriyel ilerlemeleri tesvik etti.</Text>
    </Row>
    <Row Tag="LOC_BOOST_TRIGGER_LONGDESC_COMBINED_ARMS">
      <Text>Artik ordunuz genisledigine göre yeni bir kaynakla daha da gelistirilebilir mi?</Text>
    </Row>
    <Row Tag="LOC_BOOST_TRIGGER_LONGDESC_PLASTICS">
      <Text>Bir petrokimya kaynagina sahip olmak birçok ilerlemeye yol açacaktir. Esnekligi özellikle ilgi çekicidir.</Text>
    </Row>
    <Row Tag="LOC_BOOST_TRIGGER_LONGDESC_COMPUTERS">
      <Text>Modern bir hükümet çok sayida bürokrasiyi beraberinde getirir. Verileri verimli bir sekilde takip etmenin yollarini gelistirmek büyük bir yardim olacaktir.</Text>
    </Row>
    <Row Tag="LOC_BOOST_TRIGGER_LONGDESC_SYNTHETIC_MATERIALS">
      <Text>Birçok sehirde bulunan uçak tesisleriyle havacilik sektörünüz yükselise geçiyor.</Text>
    </Row>
    <Row Tag="LOC_BOOST_TRIGGER_LONGDESC_TELECOMMUNICATIONS">
      <Text>Radyo ve televizyondaki öncüleriniz sayesinde, verileri hizli bir sekilde iletme konusunda ustalastiniz.</Text>
    </Row>
    <Row Tag="LOC_BOOST_TRIGGER_LONGDESC_GUIDANCE_SYSTEMS">
      <Text>Ordunuz bir düsman uçagini yendi. Simdi düsman uçaklarina karsi en iyi savunmayi yapma zamani.</Text>
    </Row>
    <Row Tag="LOC_BOOST_TRIGGER_LONGDESC_COMPOSITES">
      <Text>Tanklar ordunuzun bel kemigi olmustur, bu nedenle bilim adamlariniz daha gelismis bir model için çabalamaktadir.</Text>
    </Row>
    <Row Tag="LOC_BOOST_TRIGGER_LONGDESC_ROBOTICS">
      <Text>Üzerinde deney yapabileceginiz çesitli metallerin olmasi, bilim insanlarinizin yeni alanlara yönelmesine yardimci olacaktir.</Text>
    </Row>
    <Row Tag="LOC_BOOST_TRIGGER_LONGDESC_NANOTECHNOLOGY">
      <Text>Üzerinde deney yapabileceginiz çesitli metallerin olmasi, bilim insanlarinizin yeni alanlara yönelmesine yardimci olacaktir.</Text>
    </Row>
    <Row Tag="LOC_BOOST_TRIGGER_LONGDESC_TEAM_MEMBER_OWNS_TECH">
      <Text>Bir ekip üyesi, yakin zamanda edinilen bir teknoloji için arastirma notlarini paylasti. Onlarin yenilikleri bizim ilerlememizi önemli ölçüde artiracaktir.</Text>
    </Row>
  </BaseGameText>
</GameData>