﻿<?xml version="1.0" encoding="utf-8"?>
<!-- edited with XMLSPY v2004 rel. 2 U (http://www.xmlspy.com) by Ed Beach (Firaxis Games) -->
<GameData>
  <BaseGameText>
    <!-- Promotion Class Names -->
    <Row Tag="LOC_PROMOTION_CLASS_RECON_NAME">
      <Text>Recon</Text>
    </Row>
    <Row Tag="LOC_PROMOTION_CLASS_MELEE_NAME">
      <Text>Yakin Dövüs</Text>
    </Row>
    <Row Tag="LOC_PROMOTION_CLASS_RANGED_NAME">
      <Text>Menzilli</Text>
    </Row>
    <Row Tag="LOC_PROMOTION_CLASS_SIEGE_NAME">
      <Text>Kusatma</Text>
    </Row>
    <Row Tag="LOC_PROMOTION_CLASS_ANTI_CAVALRY_NAME">
      <Text>Anti Süvari</Text>
    </Row>
    <Row Tag="LOC_PROMOTION_CLASS_LIGHT_CAVALRY_NAME">
      <Text>Hafif Süvari</Text>
    </Row>
    <Row Tag="LOC_PROMOTION_CLASS_HEAVY_CAVALRY_NAME">
      <Text>Agir Süvari</Text>
    </Row>
    <Row Tag="LOC_PROMOTION_CLASS_AIR_FIGHTER_NAME">
      <Text>Hava Savasçisi</Text>
    </Row>
    <Row Tag="LOC_PROMOTION_CLASS_AIR_BOMBER_NAME">
      <Text>Hava Bombacisi</Text>
    </Row>
    <Row Tag="LOC_PROMOTION_CLASS_NAVAL_MELEE_NAME">
      <Text>Yakin Deniz Savasi</Text>
    </Row>
    <Row Tag="LOC_PROMOTION_CLASS_NAVAL_RANGED_NAME">
      <Text>Deniz Menzilli</Text>
    </Row>
    <Row Tag="LOC_PROMOTION_CLASS_NAVAL_CARRIER_NAME">
      <Text>Deniz Tasiyici</Text>
    </Row>
    <Row Tag="LOC_PROMOTION_CLASS_NAVAL_RAIDER_NAME">
      <Text>Deniz Akincisi</Text>
    </Row>
    <Row Tag="LOC_PROMOTION_CLASS_APOSTLE_NAME">
      <Text>Dini Havari</Text>
    </Row>
    <Row Tag="LOC_PROMOTION_CLASS_INQUISITOR_NAME">
      <Text>Dini Engizisyoncu</Text>
    </Row>
    <Row Tag="LOC_PROMOTION_CLASS_SUPPORT_NAME">
      <Text>Destek</Text>
    </Row>
    <Row Tag="LOC_PROMOTION_CLASS_SPY_NAME">
      <Text>Casusluk</Text>
    </Row>
    <Row Tag="LOC_PROMOTION_CLASS_MONK_NAME">
      <Text>Savasçi Kesis</Text>
    </Row>
    <!-- Formation Class Names -->
    <Row Tag="LOC_FORMATION_CLASS_AIR_NAME">
      <Text>Hava Savasi</Text>
    </Row>
    <Row Tag="LOC_FORMATION_CLASS_CIVILIAN_NAME">
      <Text>Sivil</Text>
    </Row>
    <Row Tag="LOC_FORMATION_CLASS_LAND_COMBAT_NAME">
      <Text>Kara Savasi</Text>
    </Row>
    <Row Tag="LOC_FORMATION_CLASS_NAVAL_NAME">
      <Text>Deniz Savasi</Text>
    </Row>
    <Row Tag="LOC_FORMATION_CLASS_SUPPORT_NAME">
      <Text>Destek</Text>
    </Row>
    <!-- Damage Message -->
    <Row Tag="LOC_WORLD_FAITH_INCREASE_FLOATER">
      <Text>+{1_Num} [ICON_Faith]</Text>
    </Row>
    <Row Tag="LOC_WORLD_FAITH_DECREASE_FLOATER">
      <Text>{1_Num} [ICON_Faith] [COLOR_RED]KAYIP[ENDCOLOR]</Text>
    </Row>
    <!-- Damage Message -->
    <Row Tag="LOC_WORLD_UNIT_DAMAGE_DECREASE_FLOATER">
      <Text>[COLOR_GREEN]+{1_Num}[ENDCOLOR]</Text>
    </Row>
    <Row Tag="LOC_WORLD_UNIT_DAMAGE_INCREASE_FLOATER">
      <Text>[COLOR_RED]{1_Num}[ENDCOLOR]</Text>
    </Row>
    <!-- Experience Message -->
    <Row Tag="LOC_WORLD_UNIT_EXPERIENCE_INCREASE_FLOATER">
      <Text>[COLOR_LIGHTBLUE]+{1_Num}XP[ENDCOLOR]</Text>
    </Row>
    <Row Tag="LOC_WORLD_UNIT_EXPERIENCE_INCREASE_LEVEL_FLOATER">
      <Text>[COLOR_LIGHTBLUE]+{1_Num}XP[NEWLINE]*PROMOTION AVAILABLE*[ENDCOLOR]</Text>
    </Row>
    <!-- Production Yield Message -->
    <Row Tag="LOC_WORLD_PRODUCTION_INCREASE_FLOATER">
      <Text>[COLOR_FLOAT_PRODUCTION]+{1_Num} [ICON_Production][ENDCOLOR]</Text>
    </Row>
    <Row Tag="LOC_WORLD_PRODUCTION_DECREASE_FLOATER">
      <Text>[COLOR_FLOAT_PRODUCTION]{1_Num}[ICON_Production][ENDCOLOR] [COLOR_RED]LOST[ENDCOLOR]</Text>
    </Row>
    <!-- Food Yield Message -->
    <Row Tag="LOC_WORLD_FOOD_INCREASE_FLOATER">
      <Text>[COLOR_FLOAT_FOOD]+{1_Num} [ICON_Food][ENDCOLOR]</Text>
    </Row>
    <Row Tag="LOC_WORLD_FOOD_DECREASE_FLOATER">
      <Text>[COLOR_FLOAT_FOOD]{1_Num} [ICON_Food][ENDCOLOR] [COLOR_RED]KAYIP[ENDCOLOR]</Text>
    </Row>
    <!-- Gold Yield Message -->
    <Row Tag="LOC_WORLD_GOLD_INCREASE_FLOATER">
      <Text>[COLOR_FLOAT_GOLD]+{1_Num} [ICON_Gold][ENDCOLOR]</Text>
    </Row>
    <Row Tag="LOC_WORLD_GOLD_DECREASE_FLOATER">
      <Text>[COLOR_FLOAT_GOLD]{1_Num} [ICON_Gold][ENDCOLOR] [COLOR_RED]KAYIP[ENDCOLOR]</Text>
    </Row>
    <!-- Science Yield Message -->
    <Row Tag="LOC_WORLD_SCIENCE_INCREASE_FLOATER">
      <Text>[COLOR_FLOAT_SCIENCE]+{1_Num} [ICON_Science][ENDCOLOR]</Text>
    </Row>
    <Row Tag="LOC_WORLD_SCIENCE_DECREASE_FLOATER">
      <Text>[COLOR_FLOAT_SCIENCE]{1_Num} [ICON_Science][ENDCOLOR] [COLOR_RED]KAYIP[ENDCOLOR]</Text>
    </Row>
    <!-- Culture Yield Message -->
    <Row Tag="LOC_WORLD_CULTURE_INCREASE_FLOATER">
      <Text>[COLOR_FLOAT_CULTURE]+{1_Num} [ICON_Culture][ENDCOLOR]</Text>
    </Row>
    <Row Tag="LOC_WORLD_CULTURE_DECREASE_FLOATER">
      <Text>[COLOR_FLOAT_CULTURE]{1_Num} [ICON_Culture][ENDCOLOR] [COLOR_RED]KAYIP[ENDCOLOR]</Text>
    </Row>
    <!-- Civilian-->
    <Row Tag="LOC_UNIT_SETTLER_DESCRIPTION">
      <Text>Yeni sehirler olusturabilir. Tamamlandiginda sehrin [ICON_Citizen] Nüfusunu 1 azaltir.</Text>
    </Row>
    <Row Tag="LOC_UNIT_BUILDER_DESCRIPTION">
      <Text>Karo iyilestirmeleri olusturabilir, Orman veya Yagmur Ormani gibi özellikleri kaldirabilir veya bazi kaynaklari hasat edebilir. Insaatçilar 3 kez kullanilabilir. Bu sayi politikalar veya Piramitler gibi harikalar araciligiyla artirilabilir.</Text>
    </Row>
    <Row Tag="LOC_UNIT_TRADER_DESCRIPTION">
      <Text>Tek bir [ICON_TradeRoute] Ticaret Rotasi olusturabilir ve sürdürebilir. Seyahat ederken otomatik olarak Yollar olusturur.</Text>
    </Row>
    <Row Tag="LOC_UNIT_MISSIONARY_DESCRIPTION">
      <Text>Vatandaslari kendi Dinlerine döndürebilir [ICON_Citizen]. Diger Dinlerin birimleriyle teolojik savas baslatamaz (ancak savunabilir).</Text>
    </Row>
    <Row Tag="LOC_UNIT_APOSTLE_DESCRIPTION">
      <Text>Vatandaslari kendi Dinlerine [ICON_Citizen] dönüstürebilir ve diger Dinlerin birimleriyle teolojik savas baslatabilir. Her oyunda bir kez Engizisyoncularin satin alinmasina izin vermek için Engizisyonu Baslatabilir. Her oyunda bir kez, Dinlerine ek bir Inanç eklemek için Inanci Evangelize edebilir. Bu kullanimlar Havari'yi tüketir.</Text>
    </Row>
    <Row Tag="LOC_UNIT_INQUISITOR_DESCRIPTION">
      <Text>Bölgelerindeki diger Dinlerin varligini ortadan kaldirabilir ve diger Dinlerin birimleriyle teolojik savas baslatabilir.</Text>
    </Row>
    <Row Tag="LOC_UNIT_GURU_DESCRIPTION">
      <Text>Kendisini ve tüm komsu dost dini birimleri iyilestirmek için bir hücum kullanabilir. Diger Dinlerin birimleriyle teolojik savas baslatamaz (ancak savunabilir).</Text>
    </Row>
    <Row Tag="LOC_UNIT_WARRIOR_MONK_DESCRIPTION">
      <Text>Benzersiz bir terfi agacina sahip hizli hareket eden kara muharebe birimi.</Text>
    </Row>
    <Row Tag="LOC_UNIT_ARCHAEOLOGIST_DESCRIPTION">
      <Text>Kendi sehirlerinin Müzesinde sergilenmek üzere [ICON_GreatWork_Artifact] Antik Alanlardan [ICON_RESOURCE_ANTIQUITY_SITE] Eserler bulun ve çikarin.</Text>
    </Row>
    <Row Tag="LOC_UNIT_SPY_DESCRIPTION">
      <Text>Yabanci sehirlerde gizli görevler gerçeklestirir ve sehirlerinizi düsman Casuslardan korur.</Text>
    </Row>
    <Row Tag="LOC_UNIT_NATURALIST_DESCRIPTION">
      <Text>[ICON_Tourism] Turist çekmek için tek bir Milli Park olusturabilen geç oyun sivilidir. [ICON_Faith] Inanç ile satin alinmalidir.</Text>
    </Row>
    <!-- Great People-->
    <Row Tag="LOC_UNIT_GREAT_GENERAL_DESCRIPTION">
      <Text>Her [ICON_GreatGeneral] Büyük General, pasif bir etki ve bir Emekli etkisi de dahil olmak üzere benzersiz yeteneklere sahiptir. Daha fazla bilgi edinmek ve ilerlemenizi takip etmek için Büyük Insanlar panelini ziyaret edin.</Text>
    </Row>
    <Row Tag="LOC_UNIT_GREAT_ADMIRAL_DESCRIPTION">
      <Text>Her [ICON_GreatAdmiral] Büyük Amiral, pasif bir etki ve bir Emekli etkisi de dahil olmak üzere benzersiz yeteneklere sahiptir. Daha fazla bilgi edinmek ve ilerlemenizi takip etmek için Büyük Insanlar panelini ziyaret edin.</Text>
    </Row>
    <Row Tag="LOC_UNIT_GREAT_ENGINEER_DESCRIPTION">
      <Text>Her [ICON_GreatEngineer] Büyük Mühendis etkinlestirildiginde benzersiz yeteneklere sahiptir. Daha fazla bilgi edinmek ve ilerlemenizi takip etmek için Büyük Insanlar panelini ziyaret edin.</Text>
    </Row>
    <Row Tag="LOC_UNIT_GREAT_MERCHANT_DESCRIPTION">
      <Text>Her [ICON_GreatMerchant] Büyük Tüccar etkinlestirildiginde benzersiz yeteneklere sahiptir. Daha fazla bilgi edinmek ve ilerlemenizi takip etmek için Büyük Insanlar panelini ziyaret edin.</Text>
    </Row>
    <Row Tag="LOC_UNIT_GREAT_PROPHET_DESCRIPTION">
      <Text>Büyük [ICON_GreatProphet] Peygamberler etkinlestirildiklerinde bir Din kurabilirler. Daha fazla bilgi edinmek ve ilerlemenizi takip etmek için Büyük Insanlar panelini ziyaret edin.</Text>
    </Row>
    <Row Tag="LOC_UNIT_GREAT_SCIENTIST_DESCRIPTION">
      <Text>Her [ICON_GreatScientist] Büyük Bilim Insani etkinlestirildiginde benzersiz yeteneklere sahiptir. Daha fazlasini ögrenmek ve ilerlemenizi takip etmek için Büyük Insanlar panelini ziyaret edin.</Text>
    </Row>
    <Row Tag="LOC_UNIT_GREAT_WRITER_DESCRIPTION">
      <Text>Her [ICON_GreatWriter] Büyük Yazar etkinlestirildiginde bir [ICON_GreatWork_Writing] Büyük Yazi Eseri üretir. Daha fazla bilgi edinmek ve ilerlemenizi takip etmek için Büyük Insanlar panelini ziyaret edin.</Text>
    </Row>
    <Row Tag="LOC_UNIT_GREAT_ARTIST_DESCRIPTION">
      <Text>Her [ICON_GreatArtist] Büyük Sanatçi etkinlestirildiginde bir [ICON_GreatWork_Landscape] Büyük Sanat Eseri üretir. Daha fazla bilgi edinmek ve ilerlemenizi takip etmek için Büyük Insanlar panelini ziyaret edin.</Text>
    </Row>
    <Row Tag="LOC_UNIT_GREAT_MUSICIAN_DESCRIPTION">
      <Text>Her [ICON_GreatMusician] Büyük Müzisyen etkinlestirildiginde bir [ICON_GreatWork_Music] Büyük Müzik Eseri üretir. Daha fazla bilgi edinmek ve ilerlemenizi takip etmek için Büyük Insanlar panelini ziyaret edin.</Text>
    </Row>
    <!-- Recon-->
    <Row Tag="LOC_UNIT_SCOUT_DESCRIPTION">
      <Text>Hizli hareket eden Antik Cag kesif birimi.</Text>
    </Row>
    <Row Tag="LOC_UNIT_RANGER_DESCRIPTION">
      <Text>Hizli hareket eden Sanayi dönemi kesif birimi.</Text>
    </Row>
    <!-- Melee-->
    <Row Tag="LOC_UNIT_WARRIOR_DESCRIPTION">
      <Text>Zayif Antik Cag yakin dövüs birimi.</Text>
    </Row>
    <Row Tag="LOC_UNIT_SPEARMAN_DESCRIPTION">
      <Text>Antik çag anti-süvari birligi.</Text>
    </Row>
    <Row Tag="LOC_UNIT_SWORDSMAN_DESCRIPTION">
      <Text>Güçlü Klasik dönem yakin muharebe birimi.</Text>
    </Row>
    <Row Tag="LOC_UNIT_PIKEMAN_DESCRIPTION">
      <Text>Ortaçag dönemi anti-süvari birligi.</Text>
    </Row>
    <Row Tag="LOC_UNIT_MUSKETMAN_DESCRIPTION">
      <Text>Rönesans dönemi yakin dövüs birimi.</Text>
    </Row>
    <Row Tag="LOC_UNIT_INFANTRY_DESCRIPTION">
      <Text>Modern çag yakin dövüs birimi.</Text>
    </Row>
    <Row Tag="LOC_UNIT_MECHANIZED_INFANTRY_DESCRIPTION">
      <Text>Bilgi çagi yakin dövüs birimi.</Text>
    </Row>
    <Row Tag="LOC_UNIT_AT_CREW_DESCRIPTION">
      <Text>Süvari sinifi birimlere karsi modern çag.</Text>
    </Row>
    <Row Tag="LOC_UNIT_MODERN_AT_DESCRIPTION">
      <Text>Bilgi çagi süvari sinifi birimlere karsi.</Text>
    </Row>
    <!-- Ranged-->
    <Row Tag="LOC_UNIT_SLINGER_DESCRIPTION">
      <Text>Zayif Antik Cag menzilli birimi. Saldirida savunmadan daha iyidir.</Text>
    </Row>
    <Row Tag="LOC_UNIT_ARCHER_DESCRIPTION">
      <Text>[ICON_Range] Menzili 2 olan ilk Antik Cag menzilli birimi.</Text>
    </Row>
    <Row Tag="LOC_UNIT_CROSSBOWMAN_DESCRIPTION">
      <Text>Ortaçag dönemi menzilli birimi.</Text>
    </Row>
    <Row Tag="LOC_UNIT_FIELD_CANNON_DESCRIPTION">
      <Text>Endüstriyel dönem menzil birimi.</Text>
    </Row>
    <Row Tag="LOC_UNIT_MACHINE_GUN_DESCRIPTION">
      <Text>Atomik dönem menzilli birimi.</Text>
    </Row>
    <!-- Light Cavalry-->
    <Row Tag="LOC_UNIT_HORSEMAN_DESCRIPTION">
      <Text>Hizli hareket eden Klasik dönem hafif süvari birligi.</Text>
    </Row>
    <Row Tag="LOC_UNIT_CAVALRY_DESCRIPTION">
      <Text>Hizli hareket eden Sanayi dönemi hafif süvari birligi.</Text>
    </Row>
    <Row Tag="LOC_UNIT_HELICOPTER_DESCRIPTION">
      <Text>Hizli hareket eden Atomik dönem hafif süvari birligi.</Text>
    </Row>
    <!-- Siege-->
    <Row Tag="LOC_UNIT_CATAPULT_DESCRIPTION">
      <Text>Klasik dönem kusatma birimi, sehirlere saldirmak için ideal. Uzman Mürettebat terfisini kazanmadiklari sürece ayni turda hareket edemez ve saldiramazlar.</Text>
    </Row>
    <Row Tag="LOC_UNIT_BOMBARD_DESCRIPTION">
      <Text>Rönesans dönemi kusatma birimi, sehirlere saldirmak için ideal. Uzman Mürettebat terfisini kazanmadiklari sürece ayni turda hareket edemez ve saldiramazlar.</Text>
    </Row>
    <Row Tag="LOC_UNIT_ARTILLERY_DESCRIPTION">
      <Text>Modern çag kusatma birimi, sehirlere saldirmak için ideal. Uzman Mürettebat terfisini kazanmadiklari sürece ayni turda hareket edemez ve saldiramazlar.</Text>
    </Row>
    <Row Tag="LOC_UNIT_ROCKET_ARTILLERY_DESCRIPTION">
      <Text>Bilgi çagi kusatma birimi, sehirlere saldirmak için ideal. Uzman Mürettebat terfisini kazanmadiklari sürece ayni turda hareket edemez ve saldiramazlar.</Text>
    </Row>
    <!-- Support-->
    <Row Tag="LOC_UNIT_BATTERING_RAM_DESCRIPTION">
      <Text>Antik çag destek birimi. Bir sehre bitisik oldugunda, saldiran yakin dövüs birimleri sehrin Surlarina tam hasar verir.</Text>
    </Row>
    <Row Tag="LOC_UNIT_SIEGE_TOWER_DESCRIPTION">
      <Text>Klasik dönem destek birimi. Bir sehre bitisik oldugunda, saldiran yakin dövüs birimleri Surlari yok sayar ve hemen sehre saldirir.</Text>
    </Row>
    <Row Tag="LOC_UNIT_MEDIC_DESCRIPTION">
      <Text>Endüstriyel çag destek birimi. Komsu birimleri iyilestirebilir.</Text>
    </Row>
    <Row Tag="LOC_UNIT_OBSERVATION_BALLOON_DESCRIPTION">
      <Text>Modern çag destek birimi. 1 hex içindeki Kusatma sinifi birimlere +1 [ICON_Range] Menzil verir.</Text>
    </Row>
    <Row Tag="LOC_UNIT_MILITARY_ENGINEER_DESCRIPTION">
      <Text>Ortaçag dönemi destek birimi. Üretmek için bir Cephanelik gerektirir. Yollar, Kaleler, Uçak Pistleri ve Füze Silolari insa edebilir.</Text>
    </Row>
    <Row Tag="LOC_UNIT_ANTIAIR_GUN_DESCRIPTION">
      <Text>Atomik dönem hava savunma destek birimi. Silahtan 1 hex uzakliga kadar hava saldirilarina karsi koruma saglar.</Text>
    </Row>
    <Row Tag="LOC_UNIT_MOBILE_SAM_DESCRIPTION">
      <Text>Bilgi çagi hava savunma destek birimi. Silahtan 1 hex uzakliga kadar hava ve nükleer saldirilara karsi koruma saglar.</Text>
    </Row>
    <!-- Heavy Cavalry -->
    <Row Tag="LOC_UNIT_HEAVY_CHARIOT_DESCRIPTION">
      <Text>Sert vuruslu, Antik Cag agir süvari birimi. Siraya Orman, Yagmur Ormani veya Tepe olmayan düz bir karede baslarsa 1 bonus [ICON_Movement] Hareket kazanir.</Text>
    </Row>
    <Row Tag="LOC_UNIT_KNIGHT_DESCRIPTION">
      <Text>Sert vuruslu, Ortaçag dönemi agir süvari birligi.</Text>
    </Row>
    <Row Tag="LOC_UNIT_MODERN_ARMOR_DESCRIPTION">
      <Text>Hizli ve güçlü olan bilgi çagi agir süvari birimi.</Text>
    </Row>
    <Row Tag="LOC_UNIT_TANK_DESCRIPTION">
      <Text>Kontrol alanini yok sayan, hizli hareket eden Modern çag agir süvari birimi.</Text>
    </Row>
    <!--Naval-->
    <Row Tag="LOC_UNIT_GALLEY_DESCRIPTION">
      <Text>Antik çag yakin muharebe deniz savas birimi. Haritacilik arastirilana kadar sadece Kiyi sularinda çalisabilir.</Text>
    </Row>
    <Row Tag="LOC_UNIT_QUADRIREME_DESCRIPTION">
      <Text>Klasik dönem menzilli donanma birimi. Haritacilik arastirilana kadar sadece Kiyi sularinda çalisabilir.</Text>
    </Row>
    <Row Tag="LOC_UNIT_CARAVEL_DESCRIPTION">
      <Text>Hizli Rönesans dönemi kesif yakin muharebe deniz birimi.</Text>
    </Row>
    <Row Tag="LOC_UNIT_IRONCLAD_DESCRIPTION">
      <Text>Güçlü Endüstri dönemi zirhli yakin muharebe deniz birimi.</Text>
    </Row>
    <Row Tag="LOC_UNIT_NUCLEAR_SUBMARINE_DESCRIPTION">
      <Text>Nükleer silahlarla donatilabilen son derece gelismis Bilgi çagi menzilli akinci deniz birimi. Yaninda olmadigi sürece sadece diger Deniz Akincilari tarafindan görülebilir. Görüs menzilindeki Deniz Akincilarini açiga çikarir.</Text>
    </Row>
    <Row Tag="LOC_UNIT_SUBMARINE_DESCRIPTION">
      <Text>Modern çag menzilli akinci deniz birimi. Yaninda olmadigi sürece sadece diger Deniz Akincilari tarafindan görülebilir. Görüs menzilindeki Deniz Akincilarini ortaya çikarir.</Text>
    </Row>
    <Row Tag="LOC_UNIT_PRIVATEER_DESCRIPTION">
      <Text>Kiyi baskini yetenegine sahip Rönesans dönemi menzilli deniz birimi. Bitisiginde olmadigi sürece yalnizca diger Deniz Akincilari tarafindan görülebilir. Görüs menzilindeki Deniz Akincilarini ortaya çikarir.</Text>
    </Row>
    <Row Tag="LOC_UNIT_FRIGATE_DESCRIPTION">
      <Text>Rönesans dönemi menzilli deniz birligi.</Text>
    </Row>
    <Row Tag="LOC_UNIT_AIRCRAFT_CARRIER_DESCRIPTION">
      <Text>Hava birimlerini tasiyabilen atomik dönem yakin muharebe deniz birimi.</Text>
    </Row>
    <Row Tag="LOC_UNIT_BATTLESHIP_DESCRIPTION">
      <Text>Modern çag deniz menzilli birimi. Hava ve nükleer saldirilara karsi 1 karo uzakliga kadar koruma saglar.</Text>
    </Row>
    <Row Tag="LOC_UNIT_MISSILE_CRUISER_DESCRIPTION">
      <Text>Bilgi çaginda mevcut olan en güçlü menzilli deniz birimi.</Text>
    </Row>
    <Row Tag="LOC_UNIT_DESTROYER_DESCRIPTION">
      <Text>En güçlü yakin muharebe donanma birimi. Görüs menzilindeki Donanma Akincilarini ortaya çikarir.</Text>
    </Row>
    <!--Air Units-->
    <Row Tag="LOC_UNIT_BIPLANE_DESCRIPTION">
      <Text>Modern çagda mevcut olan ilk hava muharebe birimi.</Text>
    </Row>
    <Row Tag="LOC_UNIT_FIGHTER_DESCRIPTION">
      <Text>Atomik dönem çift kanatli uçak yükseltmesi.</Text>
    </Row>
    <Row Tag="LOC_UNIT_BOMBER_DESCRIPTION">
      <Text>Atomik dönemde mevcut olan ilk bombardiman birimi.</Text>
    </Row>
    <Row Tag="LOC_UNIT_JET_FIGHTER_DESCRIPTION">
      <Text>Bilgi çagi Fighter yükseltmesi.</Text>
    </Row>
    <Row Tag="LOC_UNIT_JET_BOMBER_DESCRIPTION">
      <Text>Bilgi çagi Bomber yükseltmesi.</Text>
    </Row>
    <Row Tag="LOC_UNIT_MAN_AT_ARMS_DESCRIPTION">
      <Text>Ortaçag Dönemi yakin dövüs birimi.</Text>
    </Row>
    <Row Tag="LOC_UNIT_LINE_INFANTRY_DESCRIPTION">
      <Text>Endüstri Cagi yakin dövüs birimi.</Text>
    </Row>
    <Row Tag="LOC_UNIT_TREBUCHET_DESCRIPTION">
      <Text>Ortaçag dönemi kusatma birimi, sehirlere saldirmak için ideal. Uzman Mürettebat terfisini kazanmadiklari sürece ayni turda hareket edemez ve saldiramazlar.</Text>
    </Row>
    <!-- Unique Units-->
    <Row Tag="LOC_UNIT_BARBARIAN_HORSEMAN_DESCRIPTION">
      <Text>Antik çagin ilkel atli savasçisi.</Text>
    </Row>
    <Row Tag="LOC_UNIT_BARBARIAN_HORSE_ARCHER_DESCRIPTION">
      <Text>Antik çag ilkel atli okçusu.</Text>
    </Row>
    <Row Tag="LOC_UNIT_EGYPTIAN_CHARIOT_ARCHER_DESCRIPTION">
      <Text>Agir Savas Arabasinin yerini alan Misir'a özgü Antik çag menzilli birimi. 4 [ICON_Movement] Açik arazide baslarken hareket.</Text>
    </Row>
    <Row Tag="LOC_UNIT_GREEK_HOPLITE_DESCRIPTION">
      <Text>Mizrakçinin yerini alan Yunan'a özgü Antik dönem anti-süvari birimi. Bitisiginde en az bir Hoplit birimi varsa +10 [ICON_Strength] Savas Gücü.</Text>
    </Row>
    <Row Tag="LOC_UNIT_SCYTHIAN_HORSE_ARCHER_DESCRIPTION">
      <Text>Iskitlere özgü Klasik dönem birimi. [ICON_Range] Menzili 1 olan 4 [ICON_Movement] Hareketli Menzilli birim.</Text>
    </Row>
    <Row Tag="LOC_UNIT_SUMERIAN_WAR_CART_DESCRIPTION">
      <Text>Sümerlere özgü Antik Cag birimi. Diger tüm baslangiç birimlerinden daha güçlü. Süvari karsiti birimlere karsi ceza yok. Bu birim açik arazide baslarsa 4 [ICON_Movement] Hareket.</Text>
    </Row>
    <Row Tag="LOC_UNIT_ENGLISH_REDCOAT_DESCRIPTION">
      <Text>Victoria'nin lider oldugu Ingilizlere özgü Sanayi dönemi birimi, Hat Piyadesinin yerini alir. Baskentinizin bulundugu kitadan baska bir kitada savasirken +10 [ICON_Strength] Savas Gücü. Karaya çikma maliyeti yok.</Text>
    </Row>
    <Row Tag="LOC_UNIT_AMERICAN_ROUGH_RIDER_DESCRIPTION">
      <Text>Teddy Roosevelt'in liderleri oldugu Amerika'ya özgü Endüstriyel dönem birimi. [ICON_Culture] Kültür, [ICON_Capital] Baskentlerinin kitasindaki öldürmelerden kazanilir. Tepelerde savasirken +10 [ICON_Strength] Savas Gücü. Daha düsük bakim maliyeti.</Text>
    </Row>
    <Row Tag="LOC_UNIT_ROMAN_LEGION_DESCRIPTION">
      <Text>Kiliç Ustasi'nin yerini alan Roma'ya özgü Klasik dönem yakin muharebe birimi. Bir Roma Kalesi insa edebilir.</Text>
    </Row>
    <Row Tag="LOC_UNIT_JAPANESE_SAMURAI_DESCRIPTION">
      <Text>Man-At-Arms'in yerini alan Japonlara özgü Ortaçag dönemi yakin dövüs birimi. Hasar gördügünde savas cezalarina maruz kalmaz.</Text>
    </Row>
    <Row Tag="LOC_UNIT_NORWEGIAN_BERSERKER_DESCRIPTION">
      <Text>Man-At-Arms'in yerini alan Norveç'e özgü Ortaçag dönemi yakin muharebe birimi. 4 [ICON_Movement] Bu birim düsman bölgesinde baslarsa hareket eder. Saldirirken +10 [ICON_Strength] Savas Gücü ve yakin dövüs saldirilarina karsi savunma yaparken -5 [ICON_Strength] Savas Gücü.</Text>
    </Row>
    <Row Tag="LOC_UNIT_NORWEGIAN_LONGSHIP_DESCRIPTION">
      <Text>Kadirganin yerini alan Norveç'e özgü Antik dönem deniz birimi. Kiyi akini yetenegini kullanarak düsman kiyi topraklarini yagmalayabilir ve bitisikse sivilleri ele geçirebilir. 4 [ICON_Movement] Kiyi sularindayken hareket.</Text>
    </Row>
    <Row Tag="LOC_UNIT_CHINESE_CROUCHING_TIGER_DESCRIPTION">
      <Text>Cin'e özgü Ortaçag dönemi birimi. Menzili [ICON_Range] 1 olan ve yüksek savas gücüne sahip menzilli birim.</Text>
    </Row>
    <Row Tag="LOC_UNIT_SPANISH_CONQUISTADOR_DESCRIPTION">
      <Text>Tüfekçinin yerini alan Ispanyollara özgü Rönesans dönemi birimi. Bir altigen içinde dini bir birim oldugunda +10 [ICON_Strength] Savas Gücü. Bu birim bir sehri ele geçirirse veya ele geçirildiginde bir sehre bitisikse, sehir otomatik olarak Fetihçi oyuncunun Dinini baskin Din olarak benimseyecektir.</Text>
    </Row>
    <Row Tag="LOC_UNIT_RUSSIAN_COSSACK_DESCRIPTION">
      <Text>Süvarilerin yerini alan Rusya'ya özgü Sanayi dönemi birimi. Süvariden daha güçlüdür ve kendi bölgesinde veya kendi bölgesine bitisik savasirken +5 [ICON_Strength] Savas Gücü kazanir. Saldiridan sonra [ICON_Movement] Hareket puani kalirsa hareket edebilir.</Text>
    </Row>
    <Row Tag="LOC_UNIT_INDIAN_VARU_DESCRIPTION">
      <Text>Hintlilere özgü Klasik dönem agir süvari birimi.  Bitisik düsman birimleri -5 [ICON_STRENGTH] Savas Gücü alir.</Text>
    </Row>
    <Row Tag="LOC_UNIT_KONGO_SHIELD_BEARER_DESCRIPTION">
      <Text>Kiliç Ustasinin yerini alan Kongo'ya özgü Klasik dönem birimi. Menzilli saldirilara karsi savunma yaparken +10 [ICON_Strength] Savas Gücü. Ormanda ve Yagmur Ormaninda hareket edebilir ve görebilir.</Text>
    </Row>
    <Row Tag="LOC_UNIT_ARABIAN_MAMLUK_DESCRIPTION">
      <Text>Sövalyenin yerini alan Araplara özgü Ortaçag dönemi birimi. Hareket ettikten veya saldirdiktan sonra bile her turun sonunda iyilesir.</Text>
    </Row>
    <Row Tag="LOC_UNIT_ENGLISH_SEADOG_DESCRIPTION">
      <Text>Privateer'in yerini alan Ingilizlere özgü Rönesans dönemi deniz birimi. Yenilmis düsman gemilerini ele geçirme sansi vardir. Yaninda olmadigi sürece sadece diger Deniz Akincilari tarafindan görülebilir. Görüs menzilindeki Deniz Akincilarini açiga çikarir.</Text>
    </Row>
    <Row Tag="LOC_UNIT_FRENCH_GARDE_IMPERIALE_DESCRIPTION">
      <Text>Hat Piyadesinin yerini alan Fransizlara özgü Sanayi dönemi yakin muharebe birimi. Baskentinizin kitasinda savasirken +10 [ICON_Strength] Savas Gücü. [ICON_GreatGeneral] Birimleri öldürmek için Büyük General puanlari.</Text>
    </Row>
    <Row Tag="LOC_UNIT_GERMAN_UBOAT_DESCRIPTION">
      <Text>Denizaltinin yerini alan Almanlara özgü Modern dönem deniz birimi. Üretimi daha ucuz, +1 Görüs ve Okyanus taslarinda savasirken +10 [ICON_Strength] Savas Gücü. Diger stealthed birimleri ortaya çikarabilir.</Text>
    </Row>
    <Row Tag="LOC_UNIT_AMERICAN_P51_DESCRIPTION">
      <Text>Avci Uçagi'nin yerini alan Amerika'ya özgü Atomik dönem hava birimi.  Avci uçaklarina karsi +5 [ICON_Strength] Savas Gücü kazanir, +2 uçus menziline sahiptir ve +%50 deneyim kazanir.</Text>
    </Row>
    <Row Tag="LOC_UNIT_BRAZILIAN_MINAS_GERAES_DESCRIPTION">
      <Text>Savas Gemisi'nin yerini alan Brezilya'ya özgü Endüstri dönemi birimi. Savas Gemisinden daha güçlüdür. Milliyetçilik ile açilir.</Text>
    </Row>
    <Row Tag="LOC_UNIT_UNIT_TYPE_NAME_SUFFIX">
      <Text>({1_UnitTypeName})</Text>
    </Row>
  </BaseGameText>
</GameData>