﻿<?xml version="1.0" encoding="utf-8"?>
<GameData>
  <EnglishText>
    <Row Tag="LOC_MOD_VIKINGS_SCENARIO_TITLE">
      <Text>Senaryo: Vikingler, Tüccarlar ve Akincilar!</Text>
    </Row>
    <Row Tag="LOC_MOD_VIKINGS_SCENARIO_TEASER">
      <Text>Bir viking krali olarak en büyük serveti toplayabilir misin? 60 Tur sürer.</Text>
    </Row>
    <Row Tag="LOC_MOD_VIKINGS_SCENARIO_DESCRIPTION">
      <Text>Bu 60 turluk senaryoda en güçlü Viking lordu olarak Avrupa'yi egemenliginiz altina alin. Danimarka, Norveç veya Isveç'ten üç benzersiz Viking hükümdarindan biri olarak oynayin ve Avrupa'da yagma ve baskin yapin. Ingiltere'ye bir deniz istilasi baslatin, Paris'i fethedin veya Cebelitarik'a yelken açip Akdeniz'e akin edin. [NEWLINE][NEWLINE] Ülkenize döndügünüzde, mümkün olan en kârli sehirlerle ticaret yollari biriktirirken bir tüccar imparatorlugu kurun. Ve eger kendinizi bir dini takip ederken bulursaniz, iyi sözü yayin ve halkiniz için [ICON_Faith] Inanç olusturun.</Text>
    </Row>
    <Row Tag="LOC_MOD_VIKINGSLANDMARKS_TITLE">
      <Text>Vikingler Içerik</Text>
    </Row>
    <Row Tag="LOC_MOD_VIKINGSLANDMARKS_TEASER">
      <Text>Üç yeni doga harikasi ve alti yeni sehir devleti.</Text>
    </Row>
    <Row Tag="LOC_MOD_VIKINGSLANDMARKS_DESCRIPTION">
      <Text>Üç yeni doga harikasi ve ikisi yeni karo iyilestirmeleri saglayan alti yeni sehir devleti.</Text>
    </Row>
  </EnglishText>
</GameData>