﻿<?xml version="1.0" encoding="utf-8"?>
<GameData>
  <EnglishText>
    <Row Tag="LOC_WORLDBUILDER_TAB_TECHS">
      <Text>Teknisyenler</Text>
    </Row>
    <Row Tag="LOC_WORLDBUILDER_TAB_CIVICS">
      <Text>Yurttaslik Bilgisi</Text>
    </Row>
    <Row Tag="LOC_WORLDBUILDER_TAB_CITIES">
      <Text>Sehirler</Text>
    </Row>
    <Row Tag="LOC_WORLDBUILDER_TAB_UNITS">
      <Text>Birimler</Text>
    </Row>
    <Row Tag="LOC_WORLDBUILDER_TAB_GENERAL">
      <Text>Genel</Text>
    </Row>
    <Row Tag="LOC_WORLDBUILDER_TAB_DISTRICTS">
      <Text>Ilçeler</Text>
    </Row>
    <Row Tag="LOC_WORLDBUILDER_TAB_BUILDINGS">
      <Text>Binalar</Text>
    </Row>
    <Row Tag="LOC_WORLDBUILDER_TAB_MOD">
      <Text>Bagimliliklar</Text>
    </Row>
    <Row Tag="LOC_WORLDBUILDER_TAB_TEXT">
      <Text>Metin</Text>
    </Row>
    <Row Tag="LOC_WORLDBUILDER_BUTTON_ADD_PLAYER">
      <Text>Oyuncu Ekle</Text>
    </Row>
    <Row Tag="LOC_WORLDBUILDER_BUTTON_ADD_AI_PLAYER">
      <Text>Yapay Zeka Oyuncu Ekle</Text>
    </Row>
    <Row Tag="LOC_WORLDBUILDER_BUTTON_REMOVE_PLAYER">
      <Text>Oyuncuyu Kaldir</Text>
    </Row>
    <Row Tag="LOC_WORLDBUILDER_BUTTON_ADD_CITY">
      <Text>Sehir Ekle</Text>
    </Row>
    <Row Tag="LOC_WORLDBUILDER_BUTTON_REMOVE_CITY">
      <Text>Sehir Kaldir</Text>
    </Row>
    <Row Tag="LOC_WORLDBUILDER_ATTRIBUTE_PILLAGED">
      <Text>Yagmalanmis</Text>
    </Row>
    <Row Tag="LOC_WORLDBUILDER_ATTRIBUTE_GOLD">
      <Text>Altin</Text>
    </Row>
    <Row Tag="LOC_WORLDBUILDER_ATTRIBUTE_FAITH">
      <Text>Inanç</Text>
    </Row>
    <Row Tag="LOC_WORLDBUILDER_ATTRIBUTE_GARRISON_DAMAGE">
      <Text>Garnizon Hasari</Text>
    </Row>
    <Row Tag="LOC_WORLDBUILDER_ATTRIBUTE_OUTER_DAMAGE">
      <Text>Dis Hasar</Text>
    </Row>
    <Row Tag="LOC_WORLDBUILDER_ATTRIBUTE_POPULATION">
      <Text>Nüfus</Text>
    </Row>
    <Row Tag="LOC_WORLDBUILDER_ATTRIBUTE_TERRAIN">
      <Text>Arazi</Text>
    </Row>
    <Row Tag="LOC_WORLDBUILDER_ATTRIBUTE_FEATURE">
      <Text>Özellik</Text>
    </Row>
    <Row Tag="LOC_WORLDBUILDER_ATTRIBUTE_FEATURE_DIRECTION">
      <Text>Özellik Rotasyonu</Text>
    </Row>
    <Row Tag="LOC_WORLDBUILDER_ATTRIBUTE_RESOURCE">
      <Text>Kaynak</Text>
    </Row>
    <Row Tag="LOC_WORLDBUILDER_ATTRIBUTE_RESOURCE_AMOUNT">
      <Text>Kaynak Miktari</Text>
    </Row>
    <Row Tag="LOC_WORLDBUILDER_ATTRIBUTE_IMPROVEMENT">
      <Text>Iyilestirme</Text>
    </Row>
    <Row Tag="LOC_WORLDBUILDER_ATTRIBUTE_IMPROVEMENT_PILLAGED">
      <Text>Iyilestirme Yagmalandi</Text>
    </Row>
    <Row Tag="LOC_WORLDBUILDER_ATTRIBUTE_DISTRICT">
      <Text>Bölge</Text>
    </Row>
    <Row Tag="LOC_WORLDBUILDER_ATTRIBUTE_DISTRICT_PILLAGED">
      <Text>Bölge Yagmalandi</Text>
    </Row>
    <Row Tag="LOC_WORLDBUILDER_ATTRIBUTE_ROUTE">
      <Text>Rota</Text>
    </Row>
    <Row Tag="LOC_WORLDBUILDER_ATTRIBUTE_ROUTE_PILLAGED">
      <Text>Pilajli Rota</Text>
    </Row>
    <Row Tag="LOC_WORLDBUILDER_ATTRIBUTE_OWNER">
      <Text>Sahibi</Text>
    </Row>
    <Row Tag="LOC_WORLDBUILDER_ATTRIBUTE_LOWLAND_TYPE">
      <Text>Ova Tipi</Text>
    </Row>
    <Row Tag="LOC_WORLDBUILDER_PLACEMENT_MODE_TERRAIN">
      <Text>Arazi</Text>
    </Row>
    <Row Tag="LOC_WORLDBUILDER_PLACEMENT_MODE_FEATURES">
      <Text>Özellikler</Text>
    </Row>
    <Row Tag="LOC_WORLDBUILDER_PLACEMENT_MODE_CONTINENT">
      <Text>Kita</Text>
    </Row>
    <Row Tag="LOC_WORLDBUILDER_PLACEMENT_MODE_RIVERS">
      <Text>Nehirler</Text>
    </Row>
    <Row Tag="LOC_WORLDBUILDER_PLACEMENT_MODE_CLIFFS">
      <Text>Uçurumlar</Text>
    </Row>
    <Row Tag="LOC_WORLDBUILDER_PLACEMENT_MODE_RESOURCES">
      <Text>Kaynaklar</Text>
    </Row>
    <Row Tag="LOC_WORLDBUILDER_PLACEMENT_MODE_CITIES">
      <Text>Sehirler</Text>
    </Row>
    <Row Tag="LOC_WORLDBUILDER_PLACEMENT_MODE_DISTRICTS">
      <Text>Ilçeler</Text>
    </Row>
    <Row Tag="LOC_WORLDBUILDER_PLACEMENT_MODE_BUILDINGS">
      <Text>Binalar</Text>
    </Row>
    <Row Tag="LOC_WORLDBUILDER_PLACEMENT_MODE_UNITS">
      <Text>Birimler</Text>
    </Row>
    <Row Tag="LOC_WORLDBUILDER_PLACEMENT_MODE_IMPROVEMENTS">
      <Text>Iyilestirmeler</Text>
    </Row>
    <Row Tag="LOC_WORLDBUILDER_PLACEMENT_MODE_ROUTES">
      <Text>Rotalar</Text>
    </Row>
    <Row Tag="LOC_WORLDBUILDER_PLACEMENT_MODE_START_POSITIONS">
      <Text>Baslangiç Pozisyonlari</Text>
    </Row>
    <Row Tag="LOC_WORLDBUILDER_PLACEMENT_MODE_OWNER">
      <Text>Sahibi</Text>
    </Row>
    <Row Tag="LOC_WORLDBUILDER_PLACEMENT_MODE_SET_VISIBILITY">
      <Text>Arazi Görünürlügü</Text>
    </Row>
    <Row Tag="LOC_WORLDBUILDER_PLACEMENT_MODE_GOODY_HUTS">
      <Text>Kabile Köyleri</Text>
    </Row>
    <Row Tag="LOC_WORLD_BUILDER_MAP_EDITOR_TT">
      <Text>Harita Detaylari ve Metin</Text>
    </Row>
    <Row Tag="LOC_WORLD_BUILDER_PLAYER_EDITOR_TT">
      <Text>Oyuncu Editörü</Text>
    </Row>
    <Row Tag="LOC_WORLD_BUILDER_PLACEMENT_HELP">
      <Text>Yerlestirmek için sol tiklayin, kaldirmak için sag tiklayin, boyamak için sag tiklayin sürükleyin. Bir yerlestirmeyi geri almak için CTRL-Z'ye, yeniden yapmak için CTRL-Y'ye basin.</Text>
    </Row>
    <Row Tag="LOC_WORLD_BUILDER_NO_PLOT_SELECTED_HELP">
      <Text>Seçili arsa yok</Text>
    </Row>
    <Row Tag="LOC_WORLD_BUILDER_PLACEMENT_TT">
      <Text>Haritayi boyamanizi saglar</Text>
    </Row>
    <Row Tag="LOC_WORLD_BUILDER_PLOT_TT">
      <Text>Her bir çizim üzerinde daha ayrintili kontrol saglar</Text>
    </Row>
    <Row Tag="LOC_WORLDBUILDER_ATTRIBUTE_ID">
      <Text>KIMLIK</Text>
    </Row>
    <Row Tag="LOC_WORLDBUILDER_GENERATE_NEW_ID">
      <Text>Yeni Kimlik Olustur...</Text>
    </Row>
    <Row Tag="LOC_WORLDBUILDER_ATTRIBUTE_WIDTH">
      <Text>Genislik</Text>
    </Row>
    <Row Tag="LOC_WORLDBUILDER_ATTRIBUTE_HEIGHT">
      <Text>Yükseklik</Text>
    </Row>
    <Row Tag="LOC_WORLDBUILDER_ATTRIBUTE_RULESET">
      <Text>Kural Seti</Text>
    </Row>
    <Row Tag="LOC_WORLDBUILDER_ATTRIBUTE_MAP_SCRIPT">
      <Text>Harita Senaryosu</Text>
    </Row>
    <Row Tag="LOC_WORLDBUILDER_ATTRIBUTE_IS_MOD">
      <Text>Mod Olarak Paket Haritasi</Text>
    </Row>
    <Row Tag="LOC_WORLDBUILDER_ATTRIBUTE_IS_MOD_TT">
      <Text>Isaretlenirse, World Builder haritasi bagimsiz bir Moddur ve bir oyuna baslarken Harita Türü olarak kullanilabilir.  Isaretlenmezse, haritanin daha büyük bir Modun parçasi olarak kullanildigi varsayilir.</Text>
    </Row>
    <Row Tag="LOC_WORLDBUILDER_ATTRIBUTE_REFERENCE_MAP">
      <Text>Referans Haritasi</Text>
    </Row>
    <Row Tag="LOC_WORLDBUILDER_ATTRIBUTE_REFERENCE_ALPHA">
      <Text>Referans Alfa</Text>
    </Row>
    <Row Tag="LOC_WORLDBUILDER_REFERENCE_MAP_LOADED">
      <Text>Referans haritasi basariyla yüklendi</Text>
    </Row>
    <Row Tag="LOC_WORLDBUILDER_REFERENCE_MAP_NOT_FOUND">
      <Text>Referans harita dosyasi bulunamadi</Text>
    </Row>
    <Row Tag="LOC_WORLDBUILDER_RULESET_TT">
      <Text>Bu haritanin hangi kural kümesi için yapildigini belirler.</Text>
    </Row>
    <Row Tag="LOC_WORLDBUILDER_SCRIPT_TT">
      <Text>Varsa, bu haritayi olusturmak için hangi LUA dosyasinin kullanilacagini belirler.</Text>
    </Row>
    <Row Tag="LOC_WORLDBUILDER_REFERENCE_MAP_TT">
      <Text>World Builder'in haritasinin üzerine yari saydam bir sekilde bindirmek için bir PNG dosyasi ayarlar.</Text>
    </Row>
    <Row Tag="LOC_WORLDBUILDER_REFERENCE_ALPHA_TT">
      <Text>Haritaya karsi kaplamanin ne kadarini göreceginizi ayarlar.[NEWLINE]0.0 tüm haritayi gösterir ve kaplama göstermez ve 1.0 tüm kaplamayi gösterir ve harita göstermez.[NEWLINE]0.5 baslangiç degeridir.</Text>
    </Row>
    <Row Tag="LOC_WORLDBUILDER_REFERENCE_ALPHA_SET">
      <Text>Yeni referans harita alfa seti</Text>
    </Row>
    <Row Tag="LOC_WORLDBUILDER_REFERENCE_ALPHA_BAD">
      <Text>Alfa 0,0 ile 1,0 arasinda olmalidir</Text>
    </Row>
    <Row Tag="LOC_WORLDBUILDER_REFERENCE_ALPHA_BAD_2">
      <Text>Alfa bir sayi olmalidir</Text>
    </Row>
    <Row Tag="LOC_WORLDBUILDER_DEFAULT_MAP_NAME">
      <Text>Isimsiz Harita</Text>
    </Row>
    <Row Tag="LOC_WORLDBUILDER_DEFAULT_MAP_DESCRIPTION">
      <Text>World Builder Tarafindan Yapilan Isimsiz Bir Harita</Text>
    </Row>
    <Row Tag="LOC_WORLDBUILDER_DEFAULT_MOD_TITLE">
      <Text>Isimsiz Harita Modu</Text>
    </Row>
    <Row Tag="LOC_WORLDBUILDER_DEFAULT_MOD_DESCRIPTION">
      <Text>World Builder tarafindan yapilmis bir Harita Modu</Text>
    </Row>
    <Row Tag="LOC_WORLDBUILDER_ADD_BUTTON">
      <Text>Ekle</Text>
    </Row>
    <Row Tag="LOC_WORLDBUILDER_REMOVE_BUTTON">
      <Text>Kaldirmak</Text>
    </Row>
    <Row Tag="LOC_WORLDBUILDER_NO_FEATURE">
      <Text>Özellik Yok</Text>
    </Row>
    <Row Tag="LOC_WORLDBUILDER_NO_LOWLAND">
      <Text>Kiyi Ovasi Degil</Text>
    </Row>
    <Row Tag="LOC_WORLDBUILDER_NO_CITY">
      <Text>Sehir Yok</Text>
    </Row>
    <Row Tag="LOC_WORLDBUILDER_NO_DIRECTION">
      <Text>Yön Yok</Text>
    </Row>
    <Row Tag="LOC_WORLDBUILDER_DIRECTION_NORTHEAST">
      <Text>Kuzeydogu</Text>
    </Row>
    <Row Tag="LOC_WORLDBUILDER_DIRECTION_EAST">
      <Text>Dogu</Text>
    </Row>
    <Row Tag="LOC_WORLDBUILDER_DIRECTION_SOUTHEAST">
      <Text>Güneydogu</Text>
    </Row>
    <Row Tag="LOC_WORLDBUILDER_DIRECTION_SOUTHWEST">
      <Text>Güneybati</Text>
    </Row>
    <Row Tag="LOC_WORLDBUILDER_DIRECTION_WEST">
      <Text>Bati</Text>
    </Row>
    <Row Tag="LOC_WORLDBUILDER_DIRECTION_NORTHWEST">
      <Text>Kuzeybati</Text>
    </Row>
    <Row Tag="LOC_WORLDBUILDER_AUTO_FIT">
      <Text>Otomatik Uyum</Text>
    </Row>
    <Row Tag="LOC_WORLDBUILDER_ROTATE_PLACEMENT_LEFT_TOOLTIP">
      <Text>Yerlestirme rotasyonunu sola çevirin</Text>
    </Row>
    <Row Tag="LOC_WORLDBUILDER_ROTATE_PLACEMENT_RIGHT_TOOLTIP">
      <Text>Yerlestirme rotasyonunu saga çevirin</Text>
    </Row>
    <Row Tag="LOC_WORLDBUILDER_NO_RESOURCE">
      <Text>Kaynak Yok</Text>
    </Row>
    <Row Tag="LOC_WORLDBUILDER_NO_IMPROVEMENT">
      <Text>Iyilesme Yok</Text>
    </Row>
    <Row Tag="LOC_WORLDBUILDER_NO_DISTRICT">
      <Text>Bölge Yok</Text>
    </Row>
    <Row Tag="LOC_WORLDBUILDER_NO_ROUTE">
      <Text>Rota Yok</Text>
    </Row>
    <Row Tag="LOC_WORLDBUILDER_REVEAL_ALL">
      <Text>Tümünü Göster</Text>
    </Row>
    <Row Tag="LOC_WORLDBUILDER_NONE">
      <Text>Hiçbiri</Text>
    </Row>
    <Row Tag="LOC_WORLDBUILDER_PLAYER">
      <Text>Oyuncu</Text>
    </Row>
    <Row Tag="LOC_WORLDBUILDER_LEADER">
      <Text>Lider</Text>
    </Row>
    <Row Tag="LOC_WORLDBUILDER_CIVILIZATION">
      <Text>Uygarlik</Text>
    </Row>
    <Row Tag="LOC_WORLDBUILDER_RANDOM_PLAYER">
      <Text>Rastgele Oyuncu</Text>
    </Row>
    <Row Tag="LOC_WORLDBUILDER_RANDOM_CITY_STATE">
      <Text>Rastgele Sehir Eyalet</Text>
    </Row>
    <Row Tag="LOC_WORLDBUILDER_RANDOM">
      <Text>Rastgele</Text>
    </Row>
    <Row Tag="LOC_WORLDBUILDER_ANY">
      <Text>Herhangi bir</Text>
    </Row>
    <Row Tag="LOC_WORLDBUILDER_DEFAULT">
      <Text>Varsayilan</Text>
    </Row>
    <Row Tag="LOC_WORLDBUILDER_ADVANCED">
      <Text>Gelismis</Text>
    </Row>
    <Row Tag="LOC_WORLDBUILDER_BASIC">
      <Text>Temel</Text>
    </Row>
    <Row Tag="LOC_WORLDBUILDER_SWITCH_ADV">
      <Text>Gelismis Moda Geçin</Text>
    </Row>
    <Row Tag="LOC_WORLDBUILDER_SWITCH_BASIC">
      <Text>Temel Moda Geçin</Text>
    </Row>
    <Row Tag="LOC_WORLDBUILDER_SWITCH_ADV_POPUP_TITLE">
      <Text>World Builder Gelismis Moduna geçelim mi?</Text>
    </Row>
    <Row Tag="LOC_WORLDBUILDER_SWITCH_ADV_POPUP_TEXT">
      <Text>Gelismis Mod hala gelistirme asamasindadir ve tamamen desteklenmemektedir. Bunu, gelismis senaryo özelliklerini denemek isteyen ileri düzey modcular için kullanima sunduk. Bu modda olusturulan ve oyuna yüklenen modlar Civilization VI'nin kararsiz hale gelmesine neden olabilir.</Text>
    </Row>
    <Row Tag="LOC_WORLDBUILDER_IMPORT_UNSUPPORTED_TEXT">
      <Text>Uyari! Harici bir düzenleyicide olusturulan bir haritanin içe aktarilmasi resmi olarak desteklenmez ve WorldBuilder'da sorunlara neden olabilir.</Text>
    </Row>
    <Row Tag="LOC_WORLDBUILDER_SWITCH_BASIC_TOOLTIP">
      <Text>World Builder'i Temel Moda geri döndürür.  Bu harita yine de Gelismis Mod olarak kaydedilecek ve Gelismis Modda yapilan düzenlemeler oldugu gibi kalacaktir.</Text>
    </Row>
    <Row Tag="LOC_WORLDBUILDER_CIVILIZATION_LEVEL">
      <Text>Seviye</Text>
    </Row>
    <Row Tag="LOC_WORLDBUILDER_CIVILIZATION_LEVEL_TRIBE">
      <Text>Kabile</Text>
    </Row>
    <Row Tag="LOC_WORLDBUILDER_CIVILIZATION_LEVEL_FULL_CIV">
      <Text>Uygarlik</Text>
    </Row>
    <Row Tag="LOC_WORLDBUILDER_CIVILIZATION_LEVEL_CITY_STATE">
      <Text>Sehir-Devlet</Text>
    </Row>
    <Row Tag="LOC_WORLDBUILDER_CIVILIZATION_LEVEL_FREE_CITIES">
      <Text>Özgür Sehir</Text>
    </Row>
    <Row Tag="LOC_WORLDBUILDER_PLACEMENT_OK">
      <Text>Basarili yerlestirme</Text>
    </Row>
    <Row Tag="LOC_WORLDBUILDER_BLANK_PLACEMENT_OK">
      <Text>{1_Name} yerlestirme basarili</Text>
    </Row>
    <Row Tag="LOC_WORLDBUILDER_BLANK_PLACEMENT_ERROR">
      <Text>{1_Name} yerlestirme basarisiz oldu</Text>
    </Row>
    <Row Tag="LOC_WORLDBUILDER_VIS_SET_OK">
      <Text>Bu konumu {1_CivName} için görünür olacak sekilde ayarlayin</Text>
    </Row>
    <Row Tag="LOC_WORLDBUILDER_VIS_CLEAR_OK">
      <Text>Bu konumu {1_CivName} tarafindan görülmeyecek sekilde ayarlayin</Text>
    </Row>
    <Row Tag="LOC_WORLDBUILDER_VIS_ERROR">
      <Text>{1_CivName} için bu konumun görünürlügü ayarlanamiyor</Text>
    </Row>
    <Row Tag="LOC_WORLDBUILDER_PLACEMENT_NEEDED">
      <Text>Bu bir {1_Name} bölgesinde olmalidir</Text>
    </Row>
    <Row Tag="LOC_WORLDBUILDER_CREATE_DISTRICT">
      <Text>Bunu yerlestirmek için bir {1_Name} bölgesi olusturmalisiniz</Text>
    </Row>
    <Row Tag="LOC_WORLDBUILDER_CITY_NEEDED">
      <Text>Bu bir sehre yerlestirilmelidir</Text>
    </Row>
    <Row Tag="LOC_WORLDBUILDER_IN_PROGRESS">
      <Text>Bunlardan biri halihazirda devam ediyor</Text>
    </Row>
    <Row Tag="LOC_WORLDBUILDER_ALREADY_EXISTS">
      <Text>Bunlardan biri zaten mevcut</Text>
    </Row>
    <Row Tag="LOC_WORLDBUILDER_ALREADY_EXISTS_LOCATION">
      <Text>Bunlardan biri bu konumda zaten mevcut</Text>
    </Row>
    <Row Tag="LOC_WORLDBUILDER_OCCUPIED_BY_ENEMY">
      <Text>Bölge bir rakip tarafindan isgal edilmistir</Text>
    </Row>
    <Row Tag="LOC_WORLDBUILDER_IS_PILLAGED">
      <Text>Bölge yagmalandi</Text>
    </Row>
    <Row Tag="LOC_WORLDBUILDER_DISTRICT_REQUIRES">
      <Text>Bölge sunlari gerektirir</Text>
    </Row>
    <Row Tag="LOC_WORLDBUILDER_POPULATION">
      <Text>nüfus</Text>
    </Row>
    <Row Tag="LOC_WORLDBUILDER_IS_CONTAMINATED">
      <Text>Bölge kirlenmis durumda</Text>
    </Row>
    <Row Tag="LOC_WORLDBUILDER_HIGHER_TECH">
      <Text>Civ'in bunu yerlestirmek için Teknik'e {1_Name} ihtiyaci vardir</Text>
    </Row>
    <Row Tag="LOC_WORLDBUILDER_HIGHER_CIVIC">
      <Text>Civ'in bunu yerlestirmek için Civic'e {1_Name} ihtiyaci vardir</Text>
    </Row>
    <Row Tag="LOC_WORLDBUILDER_FAILURE_UNKNOWN">
      <Text>Bunu yerlestiremedim ve nedenini belirleyemedim</Text>
    </Row>
    <Row Tag="LOC_WORLDBUILDER_FAILURE_FEATURE">
      <Text>Buraya bir özellik yerlestirilemedi</Text>
    </Row>
    <Row Tag="LOC_WORLDBUILDER_FEATURE_ROTATION">
      <Text>Özelligin rotasyonu basariyla degistirildi</Text>
    </Row>
    <Row Tag="LOC_WORLDBUILDER_FAILURE_FEATURE_ROTATION">
      <Text>Bu özellik seçilen rotasyonda buraya yerlestirilemez</Text>
    </Row>
    <Row Tag="LOC_WORLDBUILDER_STATUS_STARTUP">
      <Text>World Builder'a hos geldiniz!</Text>
    </Row>
    <Row Tag="LOC_WORLDBUILDER_UNIT_PLACED">
      <Text>Birim basariyla yerlestirildi</Text>
    </Row>
    <Row Tag="LOC_WORLDBUILDER_UNIT_ERROR">
      <Text>Bu konuma bir {1_Name} yerlestirilemedi</Text>
    </Row>
    <Row Tag="LOC_WORLDBUILDER_UNIT_ERROR_DISTRICT">
      <Text>{1_Name} bir Bölgeye yerlestirilmelidir</Text>
    </Row>
    <Row Tag="LOC_WORLDBUILDER_RIVER_PLACED">
      <Text>Nehir basariyla yerlestirildi</Text>
    </Row>
    <Row Tag="LOC_WORLDBUILDER_RIVER_REMOVED">
      <Text>Nehir basariyla kaldirildi</Text>
    </Row>
    <Row Tag="LOC_WORLDBUILDER_RIVER_ERROR">
      <Text>Bu konuma bir nehir yerlestirilemedi</Text>
    </Row>
    <Row Tag="LOC_WORLDBUILDER_RIVER_INVALID_LOCATION">
      <Text>Nehir segmenti için geçersiz konum</Text>
    </Row>
    <Row Tag="LOC_WORLDBUILDER_RIVER_JOINING_RIVERS">
      <Text>Iki farkli nehri birlestiremezsiniz</Text>
    </Row>
    <Row Tag="LOC_WORLDBUILDER_RIVER_NOT_NEAR_RIVER_OR_WATER">
      <Text>Bu konumda nehre veya suya katilma yok</Text>
    </Row>
    <Row Tag="LOC_WORLDBUILDER_RIVER_SPLITTING_RIVER">
      <Text>Bir nehri agzindan ayiramazsin</Text>
    </Row>
    <Row Tag="LOC_WORLDBUILDER_RIVER_REMOVED_ERROR">
      <Text>Bu konumdan bir nehir çikarilamadi</Text>
    </Row>
    <Row Tag="LOC_WORLDBUILDER_CLIFF_PLACED">
      <Text>Cliff basariyla yerlestirildi</Text>
    </Row>
    <Row Tag="LOC_WORLDBUILDER_CLIFF_REMOVED">
      <Text>Cliff basariyla kaldirildi</Text>
    </Row>
    <Row Tag="LOC_WORLDBUILDER_CLIFF_ERROR">
      <Text>Bu konuma bir uçurum yerlestirilemedi</Text>
    </Row>
    <Row Tag="LOC_WORLDBUILDER_CLIFF_REMOVED_ERROR">
      <Text>Bu konumdan bir uçurum kaldirilamadi</Text>
    </Row>
    <Row Tag="LOC_WORLDBUILDER_FEATURE_REMOVED">
      <Text>Özellik basariyla kaldirildi</Text>
    </Row>
    <Row Tag="LOC_WORLDBUILDER_NO_FEATURE_TO_REMOVE">
      <Text>Kaldirilacak Özellik Bulunamadi</Text>
    </Row>
    <Row Tag="LOC_WORLDBUILDER_WONDER_REMOVED">
      <Text>Wonder basariyla kaldirildi</Text>
    </Row>
    <Row Tag="LOC_WORLDBUILDER_NO_WONDER_TO_REMOVE">
      <Text>Kaldirmak için Wonder bulunamadi</Text>
    </Row>
    <Row Tag="LOC_WORLDBUILDER_WONDER_DISTANCE">
      <Text>Bu konum baska bir Wonder'a çok yakin</Text>
    </Row>
    <Row Tag="LOC_WORLDBUILDER_RESOURCE_REMOVED">
      <Text>Kaynaklar basariyla kaldirildi</Text>
    </Row>
    <Row Tag="LOC_WORLDBUILDER_NO_RESOURCE_TO_REMOVE">
      <Text>Kaldirilacak Kaynak Bulunamadi</Text>
    </Row>
    <Row Tag="LOC_WORLDBUILDER_CITY_REMOVED">
      <Text>Sehir basariyla kaldirildi</Text>
    </Row>
    <Row Tag="LOC_WORLDBUILDER_CITY_REMOVED_NONE">
      <Text>Kaldirilacak sehir bulunamadi</Text>
    </Row>
    <Row Tag="LOC_WORLDBUILDER_DISTRICT_REMOVED">
      <Text>Bölge basariyla kaldirildi</Text>
    </Row>
    <Row Tag="LOC_WORLDBUILDER_NO_DISTRICT_TO_REMOVE">
      <Text>Kaldirilacak Bölge bulunamadi</Text>
    </Row>
    <Row Tag="LOC_WORLDBUILDER_BUILDING_REMOVED">
      <Text>Bina basariyla kaldirildi</Text>
    </Row>
    <Row Tag="LOC_WORLDBUILDER_NO_BUILDING_TO_REMOVE">
      <Text>Kaldirilacak Bina Bulunamadi</Text>
    </Row>
    <Row Tag="LOC_WORLDBUILDER_NO_BUILDING_TO_REMOVE_CITY">
      <Text>Karo Sehir içermez, bu nedenle Bina mümkün degildir</Text>
    </Row>
    <Row Tag="LOC_WORLDBUILDER_NO_BUILDING_TO_REMOVE_DISTRICT">
      <Text>Karo hiçbir Bölge içermez, bu nedenle hiçbir Bina mümkün degildir</Text>
    </Row>
    <Row Tag="LOC_WORLDBUILDER_IMPROVEMENT_REMOVED">
      <Text>Iyilestirme basariyla kaldirildi</Text>
    </Row>
    <Row Tag="LOC_WORLDBUILDER_NO_IMPROVEMENT_TO_REMOVE">
      <Text>Kaldirmak için Iyilestirme bulunamadi</Text>
    </Row>
    <Row Tag="LOC_WORLDBUILDER_GHIMPROVEMENT_REMOVED">
      <Text>Goody Hut basariyla kaldirildi</Text>
    </Row>
    <Row Tag="LOC_WORLDBUILDER_NO_GHIMPROVEMENT_TO_REMOVE">
      <Text>Kaldirilacak Goody Hut bulunamadi</Text>
    </Row>
    <Row Tag="LOC_WORLDBUILDER_ROUTE_REMOVED">
      <Text>Rota basariyla kaldirildi</Text>
    </Row>
    <Row Tag="LOC_WORLDBUILDER_SPAWN_REMOVED">
      <Text>Baslangiç Pozisyonu basariyla kaldirildi</Text>
    </Row>
    <Row Tag="LOC_WORLDBUILDER_NO_SPAWN_TO_REMOVE">
      <Text>Kaldirilacak Baslangiç Konumu bulunamadi</Text>
    </Row>
    <Row Tag="LOC_WORLDBUILDER_UNIT_REMOVED">
      <Text>Ünite basariyla çikarildi</Text>
    </Row>
    <Row Tag="LOC_WORLDBUILDER_CONTINENT_PLACED">
      <Text>Bu çizimi {1_Name}'nin bir parçasi haline getirmeyi basardim</Text>
    </Row>
    <Row Tag="LOC_WORLDBUILDER_CONTINENT_ERROR">
      <Text>Bu çizim {1_Name}'nin bir parçasi olacak sekilde degistirilemedi</Text>
    </Row>
    <Row Tag="LOC_WORLDBUILDER_OWNERSHIP_SET">
      <Text>Arsa sahibini basariyla ayarlayin</Text>
    </Row>
    <Row Tag="LOC_WORLDBUILDER_OWNERSHIP_REMOVED">
      <Text>Sahiplik basariyla kaldirildi</Text>
    </Row>
    <Row Tag="LOC_WORLDBUILDER_START_POS_SET">
      <Text>Baslangiç pozisyonu basariyla ayarlandi</Text>
    </Row>
    <Row Tag="LOC_WORLDBUILDER_CLEAR_RESOURCES">
      <Text>Kaynaklari Temizle</Text>
    </Row>
    <Row Tag="LOC_WORLDBUILDER_CLEAR_RESOURCES_HELP">
      <Text>Tüm kaynaklari haritadan kaldirir</Text>
    </Row>
    <Row Tag="LOC_WORLDBUILDER_ADVANCED_TOOLS">
      <Text>Gelismis:</Text>
    </Row>
    <Row Tag="LOC_WORLDBUILDER_SCATTER_RESOURCES">
      <Text>Dagilim Kaynaklari</Text>
    </Row>
    <Row Tag="LOC_WORLDBUILDER_SCATTER_RESOURCES_HELP">
      <Text>Haritadaki tüm kaynaklari temizler ve yenilerini olusturur (bu islem birkaç saniye sürecektir)</Text>
    </Row>
    <Row Tag="LOC_WORLDBUILDER_STATUS_RESOURCES_CLEARED">
      <Text>Tüm kaynaklar temizlendi</Text>
    </Row>
    <Row Tag="LOC_WORLDBUILDER_STATUS_RESOURCES_SCATTERED">
      <Text>Tüm kaynaklar temizlendi ve yeniden olusturuldu</Text>
    </Row>
    <Row Tag="LOC_WORLDBUILDER_STATUS_CANT_REDO">
      <Text>Yeniden yapilacak bir sey yok</Text>
    </Row>
    <Row Tag="LOC_WORLDBUILDER_STATUS_CANT_UNDO">
      <Text>Geri alinacak bir sey yok</Text>
    </Row>
    <Row Tag="LOC_WORLDBUILDER_STATUS_REDO">
      <Text>Yineleme basarili</Text>
    </Row>
    <Row Tag="LOC_WORLDBUILDER_STATUS_UNDO">
      <Text>Basarili geri al</Text>
    </Row>
    <Row Tag="LOC_WORLDBUILDER_BRUSH_LABEL">
      <Text>Firça boyutu</Text>
    </Row>
    <Row Tag="LOC_WORLDBUILDER_BRUSH_SMALL">
      <Text>Küçük firça</Text>
    </Row>
    <Row Tag="LOC_WORLDBUILDER_BRUSH_SMALL_HELP">
      <Text>Küçük (1 hex) firçayi seçer</Text>
    </Row>
    <Row Tag="LOC_WORLDBUILDER_BRUSH_MEDIUM">
      <Text>Orta boy firça</Text>
    </Row>
    <Row Tag="LOC_WORLDBUILDER_BRUSH_MEDIUM_HELP">
      <Text>Orta boy (7 altigen) firçayi seçer</Text>
    </Row>
    <Row Tag="LOC_WORLDBUILDER_BRUSH_LARGE">
      <Text>Büyük firça</Text>
    </Row>
    <Row Tag="LOC_WORLDBUILDER_BRUSH_LARGE_HELP">
      <Text>Büyük (19 altigen) firçayi seçer</Text>
    </Row>
    <Row Tag="LOC_WORLDBUILDER_UNDO">
      <Text>Geri al</Text>
    </Row>
    <Row Tag="LOC_WORLDBUILDER_UNDO_TOOLTIP">
      <Text>Son eylemi geri almak için tiklayin</Text>
    </Row>
    <Row Tag="LOC_WORLDBUILDER_REDO">
      <Text>Yeniden Yap</Text>
    </Row>
    <Row Tag="LOC_WORLDBUILDER_REDO_TOOLTIP">
      <Text>Geri alinan son eylemi tekrar yapmak için tiklayin</Text>
    </Row>
    <Row Tag="LOC_WORLDBUILDER_PLACEMENT_PLACE_PLOT">
      <Text>Yer Arsa</Text>
    </Row>
    <Row Tag="LOC_WORLDBUILDER_SELECTED_PLOT">
      <Text>Seçilmis arsa:</Text>
    </Row>
    <Row Tag="LOC_WORLDBUILDER_START_POSITION">
      <Text>Baslangiç pozisyonu:</Text>
    </Row>
    <Row Tag="LOC_WORLDBUILDER_PLACE">
      <Text>Yer</Text>
    </Row>
    <Row Tag="LOC_WORLDBUILDER_PLOT">
      <Text>Arsa</Text>
    </Row>
    <Row Tag="LOC_WORLDBUILDER_MAP_EDITOR">
      <Text>Harita Editörü</Text>
    </Row>
    <Row Tag="LOC_WORLDBUILDER_MAPEDIT_MODTITLE">
      <Text>Mod adi (gerekli)</Text>
    </Row>
    <Row Tag="LOC_WORLDBUILDER_MAPEDIT_MODDESC">
      <Text>Mod açiklamasi (gerekli)</Text>
    </Row>
    <Row Tag="LOC_WORLDBUILDER_MAPEDIT_MAPTITLE">
      <Text>Harita adi (gerekli)</Text>
    </Row>
    <Row Tag="LOC_WORLDBUILDER_MAPEDIT_MAPDESC">
      <Text>Harita açiklamasi (gerekli)</Text>
    </Row>
    <Row Tag="LOC_WORLDBUILDER_MAPEDIT_ADDLDATA">
      <Text>Mod olusturucunun kullanimi için (istege bagli)</Text>
    </Row>
    <Row Tag="LOC_WORLDBUILDER_MAPEDIT_DUMMYID">
      <Text>DUMMY_ID</Text>
    </Row>
    <Row Tag="LOC_WORLDBUILDER_MAPEDIT_DUMMYTEXT">
      <Text>Kukla metin</Text>
    </Row>
    <!-- Front End Text -->
    <Row Tag="LOC_SETUP_CREATE_MAP">
      <Text>Harita Olustur</Text>
    </Row>
    <Row Tag="LOC_SETUP_WORLDBUILDER_START">
      <Text>Olusturmak</Text>
    </Row>
    <Row Tag="LOC_WORLDBUILDER_MAP_NAME">
      <Text>Harita Adi</Text>
    </Row>
    <Row Tag="LOC_SETUP_WORLDBUILDER_WORLDWRAP">
      <Text>World Wrap</Text>
    </Row>
    <Row Tag="LOC_WORLDBUILDER_MAP_NAME_DESC">
      <Text>Haritanin adi.  Bu daha sonra degistirilebilir.</Text>
    </Row>
    <Row Tag="LOC_WORLDBUILDER_MAP_MOD_TEMPLATE">
      <Text>Harita: {1_MapName}</Text>
    </Row>
    <Row Tag="LOC_GAME_MENU_RETURN_TO_WORLDBUILDER">
      <Text>Haritaya Geri Dön</Text>
    </Row>
    <Row Tag="LOC_WORLDBUILDER_MENU_NAME">
      <Text>Menü</Text>
    </Row>
    <!-- World Builder Maps -->
    <Row Tag="LOC_MAP_WORLDBUILDER_EMPTY">
      <Text>Bos Harita</Text>
    </Row>
    <Row Tag="LOC_MAP_WORLDBUILDER_EMPTY_DESCRIPTION">
      <Text>Bos bir tuval.</Text>
    </Row>
    <!-- Misc strings -->
    <Row Tag="LOC_LEADER_FREE_CITIES_NAME">
      <Text>Özgür Sehirler Lideri</Text>
    </Row>
    <Row Tag="LOC_WORLDBUILDER_AI">
      <Text>YAPAY ZEKA</Text>
    </Row>
    <Row Tag="LOC_WORLDBUILDER_HUMAN">
      <Text>Insan</Text>
    </Row>
    <Row Tag="LOC_WORLDBUILDER_UNDEFINED">
      <Text>TANIMLANMAMIS</Text>
    </Row>
    <Row Tag="LOC_WORLDBUILDER_TITLE">
      <Text>Dünya Olusturucu</Text>
    </Row>
    <Row Tag="LOC_WORLDBUILDER_ERA">
      <Text>Era</Text>
    </Row>
    <Row Tag="LOC_WORLDBUILDER_TOOL_ITEM_TIP">
      <Text>Kisayol Tusu: {1_KeyName}</Text>
    </Row>
  </EnglishText>
</GameData>