﻿<?xml version="1.0" encoding="utf-8"?>
<GameData>
  <EnglishText>
    <!-- Sejong-->
    <Row Tag="LOC_DIPLO_MODIFIER_SEJONG_LAGGING">
      <Text>Sejong küçük Bilim ve Kültüre sahip olmanızdan memnun</Text>
    </Row>
    <Row Tag="LOC_DIPLO_MODIFIER_SEJONG_LEADING">
      <Text>Sejong Bilim ve Kültürünüzden Hayal Kırıklığına Uğradı</Text>
    </Row>
    <Row Tag="LOC_AGENDA_SEJONG_NAME">
      <Text>Neo-Konfüçyüsçülük</Text>
    </Row>
    <Row Tag="LOC_AGENDA_SEJONG_DESCRIPTION">
      <Text>[ICON_Science] Bilim ve [ICON_Culture] Kültürde eksik olan geri kalmış uygarlıklara dostça yaklaşır.  [ICON_Science] Bilim ve [ICON_Culture] Kültürde kendisinden ileride olan uygarlıklardan hoşlanmaz.</Text>
    </Row>
    <!-- Diplo VO -->
    <Row Tag="LOC_DIPLO_FIRST_MEET_LEADER_SEJONG_ANY">
      <Text>Ben Sejong'um, bir zamanlar şiddetli bölünmenin olduğu yere sakin bir düzen getirdim.</Text>
    </Row>
    <Row Tag="LOC_DIPLO_DECLARE_WAR_FROM_HUMAN_LEADER_SEJONG_ANY">
      <Text>Joseon senin kötü etkinden kurtulacak!</Text>
    </Row>
    <Row Tag="LOC_DIPLO_DECLARE_WAR_FROM_AI_LEADER_SEJONG_ANY">
      <Text>Çok uzun zamandır gölgen topraklarımızı kararttı! Senin gelmeni beklemeyeceğiz - biz sana geliyoruz!</Text>
    </Row>
    <Row Tag="LOC_DIPLO_KUDO_EXIT_LEADER_SEJONG_ANY">
      <Text>Gerçek bilgin liderlik eder ve diğerlerinin takip etmesi için bir örnek oluşturur.</Text>
    </Row>
    <Row Tag="LOC_DIPLO_WARNING_EXIT_LEADER_SEJONG_ANY">
      <Text>Yanlış bir yolda bir adım atmak ilerleme değildir.</Text>
    </Row>
    <Row Tag="LOC_DIPLO_DEFEAT_FROM_AI_LEADER_SEJONG_ANY">
      <Text>Ordularımı yenebilir ve şehirlerimi yağmalayabilirsiniz. Ancak kalplerimizde size karşı taşıyacağımız kini asla silemezsiniz.</Text>
    </Row>
    <!-- Diplo Text -->
    <Row Tag="LOC_DIPLO_ACCEPT_DECLARE_FRIEND_FROM_HUMAN_LEADER_SEJONG_ANY">
      <Text>Birbirimize Yol'da önderlik edebiliriz.</Text>
    </Row>
    <Row Tag="LOC_DIPLO_REJECT_DECLARE_FRIEND_FROM_HUMAN_LEADER_SEJONG_ANY">
      <Text>Birlikte çalışacağım kişileri iyi seçmeliyim.</Text>
    </Row>
    <Row Tag="LOC_DIPLO_DECLARE_FRIEND_FROM_AI_LEADER_SEJONG_ANY">
      <Text>Sadece arkadaşlarımızdan öğrenerek büyürüz.</Text>
    </Row>
    <Row Tag="LOC_DIPLO_ACCEPT_DECLARE_FRIEND_FROM_AI_LEADER_SEJONG_ANY">
      <Text>Kendi rollerimizi bildiğimiz sürece barış işe yarayacaktır.</Text>
    </Row>
    <Row Tag="LOC_DIPLO_REJECT_DECLARE_FRIEND_FROM_AI_LEADER_SEJONG_ANY">
      <Text>Doğru bir şekilde çizdiğimiz sınırların üzerinden bir öküz gibi geçiyorsunuz.</Text>
    </Row>
    <Row Tag="LOC_DIPLO_ACCEPT_DELEGATION_FROM_HUMAN_LEADER_SEJONG_ANY">
      <Text>Heyetinizi Anapji'deki antik göle götürdük, orada şiirler yazdık ve şarap kadehlerini alacakaranlıkta yüzdürdük. Delegelerinizin şiirleri pek iyi değildi.</Text>
    </Row>
    <Row Tag="LOC_DIPLO_REJECT_DELEGATION_FROM_HUMAN_LEADER_SEJONG_ANY">
      <Text>Biz kendi sınırlarımıza dikkat ediyoruz, siz de kendi sınırlarınıza dikkat edin.</Text>
    </Row>
    <Row Tag="LOC_DIPLO_DELEGATION_FROM_AI_LEADER_SEJONG_ANY">
      <Text>İşte, bir surasang! Joseon'da yenebilecek her şeyden yemekler - sura, jjim, tang ve dokuz farklı çeşit kimchi.</Text>
    </Row>
    <Row Tag="LOC_DIPLO_DENOUNCE_FROM_HUMAN_LEADER_SEJONG_ANY">
      <Text>Öfkeyle söylenen sözlerin hiçbir üretken faydası olamaz.</Text>
    </Row>
    <Row Tag="LOC_DIPLO_DENOUNCE_FROM_AI_LEADER_SEJONG_ANY">
      <Text>Burada çok büyük bir hataya düştünüz. (Sizi kınıyor)</Text>
    </Row>
    <Row Tag="LOC_DIPLO_FIRST_MEET_VISIT_RECIPIENT_LEADER_SEJONG_ANY">
      <Text>Topraklarınız etkileyici, yine de evimizi özlüyoruz.</Text>
    </Row>
    <Row Tag="LOC_DIPLO_FIRST_MEET_NEAR_INITIATOR_POSITIVE_LEADER_SEJONG_ANY">
      <Text>Aynen öyle.</Text>
    </Row>
    <Row Tag="LOC_DIPLO_FIRST_MEET_NO_MANS_INFO_EXCHANGE_LEADER_SEJONG_ANY">
      <Text>Diğerlerinin topraklarını anlamalıyız ki daha iyi öğrenebilelim.</Text>
    </Row>
    <Row Tag="LOC_DIPLO_GREETING_LEADER_SEJONG_ANY">
      <Text>Bugün birbirimizden nasıl öğrenebiliriz?</Text>
    </Row>
    <Row Tag="LOC_DIPLO_MAKE_ALLIANCE_FROM_AI_LEADER_SEJONG_ANY">
      <Text>Bir gemi iki direkle daha hızlı yol alır, öyle değil mi?</Text>
    </Row>
    <Row Tag="LOC_DIPLO_MAKE_PEACE_AI_ACCEPT_DEAL_LEADER_SEJONG_ANY">
      <Text>Zorlukların sonunda mutluluk gelir.</Text>
    </Row>
    <Row Tag="LOC_DIPLO_MAKE_PEACE_AI_REFUSE_DEAL_LEADER_SEJONG_ANY">
      <Text>Hala kin besliyoruz.</Text>
    </Row>
    <Row Tag="LOC_DIPLO_MAKE_PEACE_FROM_AI_LEADER_SEJONG_ANY">
      <Text>Topraklarınız etkileyici, yine de evimizi özlüyoruz.</Text>
    </Row>
    <Row Tag="LOC_DIPLO_ACCEPT_OPEN_BORDERS_FROM_HUMAN_LEADER_SEJONG_ANY">
      <Text>Birlikte yürüyelim ve büyüyelim.</Text>
    </Row>
    <Row Tag="LOC_DIPLO_REJECT_OPEN_BORDERS_FROM_HUMAN_LEADER_SEJONG_ANY">
      <Text>Size yeterince güvenmiyoruz.</Text>
    </Row>
    <Row Tag="LOC_DIPLO_OPEN_BORDERS_FROM_AI_LEADER_SEJONG_ANY">
      <Text>Halklarımız arasında dostluğu arttırırsak bilgimizi birlikte genişletebiliriz.</Text>
    </Row>
    <Row Tag="LOC_DIPLO_WARNING_TOO_MANY_TROOPS_NEAR_ME_LEADER_SEJONG_ANY">
      <Text>Sınırımdaki tehditleri görmezden gelerek büyük bir kral olmadım.</Text>
    </Row>
    <Row Tag="LOC_DIPLO_REJECT_MAKE_DEAL_FROM_AI_LEADER_SEJONG_ANY">
      <Text>Bu olamaz.</Text>
    </Row>
    <Row Tag="LOC_DIPLO_ACCEPT_MAKE_DEAL_FROM_AI_LEADER_SEJONG_ANY">
      <Text>Birlikte büyüyeceğiz.</Text>
    </Row>
    <!-- Ludwig II-->
    <Row Tag="LOC_CITY_NAME_MUNICH_CAPITAL">
      <Text>Münih</Text>
    </Row>
    <Row Tag="LOC_DIPLO_WARNING_LEADER_LUDWIG_REASON_ANY">
      <Text>(Şehirlerinizi ilçelerle doldurdunuz.)</Text>
    </Row>
    <Row Tag="LOC_DIPLO_KUDO_LEADER_LUDWIG_REASON_ANY">
      <Text>(Şehirlerinizi mümkün olan tüm bölgelerle doldurmuyorsunuz).</Text>
    </Row>
    <Row Tag="LOC_DIPLO_MODIFIER_ETERNAL_LAGGING">
      <Text>Ludwig, bina bölgeleri konusunda geride kalmanızdan memnuniyet duyuyor.</Text>
    </Row>
    <Row Tag="LOC_DIPLO_MODIFIER_ETERNAL_LEADING">
      <Text>Ludwig, şehirlerinizi bölgelerle doldurduğunuz için mutsuz.</Text>
    </Row>
    <Row Tag="LOC_AGENDA_ETERNAL_NAME">
      <Text>Ebedi Muamma</Text>
    </Row>
    <Row Tag="LOC_AGENDA_ETERNAL_DESCRIPTION">
      <Text>Her şehirde maksimum sayıda Bölge bulundurmayan uygarlıkları sever. Mümkün olduğunca çok bölge inşa eden uygarlıkları sevmez.</Text>
    </Row>
    <!-- Diplo VO -->
    <Row Tag="LOC_DIPLO_FIRST_MEET_LEADER_LUDWIG_ANY">
      <Text>Ben Bavyeralı Ludwig, bu toprakların kralı ve efsanedeki Kuğu-Şövalye'nin vücut bulmuş haliyim.</Text>
    </Row>
    <Row Tag="LOC_DIPLO_DECLARE_WAR_FROM_HUMAN_LEADER_LUDWIG_ANY">
      <Text>Alçak! Sen de Kont Telramund kadar aşağılıksın! Fafnir kadar!</Text>
    </Row>
    <Row Tag="LOC_DIPLO_DECLARE_WAR_FROM_AI_LEADER_LUDWIG_ANY">
      <Text>Buyurun o zaman! Bu günün yeni efsanelerini yazacağız!</Text>
    </Row>
    <Row Tag="LOC_DIPLO_KUDO_EXIT_LEADER_LUDWIG_ANY">
      <Text>Memleketinizin ormanlarını ve göllerini nasıl değerlendireceğinizi iyi biliyorsunuz.</Text>
    </Row>
    <Row Tag="LOC_DIPLO_WARNING_EXIT_LEADER_LUDWIG_ANY">
      <Text>Şehirlerinizi bir defter gibi sıralıyorsunuz: burası bilim insanlarının, şurası şairlerin bölgesi. Sıradanlık.</Text>
    </Row>
    <Row Tag="LOC_DIPLO_DEFEAT_FROM_AI_LEADER_LUDWIG_ANY">
      <Text>Belki de Orman ve Dünya arasındaki yolda karşılaşabiliriz.</Text>
    </Row>
    <!-- Diplo Text -->
    <Row Tag="LOC_DIPLO_ACCEPT_DECLARE_FRIEND_FROM_HUMAN_LEADER_LUDWIG_ANY">
      <Text>Arkadaşlığınızı tüm kalbimle kabul ediyorum. Şimdi yalnız kalabilir miyim?</Text>
    </Row>
    <Row Tag="LOC_DIPLO_REJECT_DECLARE_FRIEND_FROM_HUMAN_LEADER_LUDWIG_ANY">
      <Text>Müzik ve sanat varken arkadaşlara ne ihtiyacım var?</Text>
    </Row>
    <Row Tag="LOC_DIPLO_DECLARE_FRIEND_FROM_AI_LEADER_LUDWIG_ANY">
      <Text>Yoldaş olalım! Sık sık görüşmek zorunda kalmadığımız sürece. Ve maske takmak zorunda kalacaksın.</Text>
    </Row>
    <Row Tag="LOC_DIPLO_ACCEPT_DECLARE_FRIEND_FROM_AI_LEADER_LUDWIG_ANY">
      <Text>Harika. Lütfen git buradan.</Text>
    </Row>
    <Row Tag="LOC_DIPLO_REJECT_DECLARE_FRIEND_FROM_AI_LEADER_LUDWIG_ANY">
      <Text>Çok kötü. Lütfen git buradan.</Text>
    </Row>
    <Row Tag="LOC_DIPLO_ACCEPT_DELEGATION_FROM_HUMAN_LEADER_LUDWIG_ANY">
      <Text>Heyetiniz başkentimde dokuz saat süren bir Alman romantik müzik performansına katıldı. Gösterinin sonunda gözlerinden yaşlar aktığını görebiliyordum, o kadar sevmişlerdi ki.</Text>
    </Row>
    <Row Tag="LOC_DIPLO_REJECT_DELEGATION_FROM_HUMAN_LEADER_LUDWIG_ANY">
      <Text>O gece için planlarım var. Kitap okumayı ve ağaçlardaki yağmuru düşünmeyi planlıyorum.</Text>
    </Row>
    <Row Tag="LOC_DIPLO_DELEGATION_FROM_AI_LEADER_LUDWIG_ANY">
      <Text>Size yüz kuğu gönderdim- Size elli kuğu gönderdim- Affedersiniz, onları iyi bağlamadım. Size bir kuğu gönderdim.</Text>
    </Row>
    <Row Tag="LOC_DIPLO_DENOUNCE_FROM_HUMAN_LEADER_LUDWIG_ANY">
      <Text>Bu... bu hiç hoş değil.</Text>
    </Row>
    <Row Tag="LOC_DIPLO_DENOUNCE_FROM_AI_LEADER_LUDWIG_ANY">
      <Text>Ahlak kurallarım bana seni bir cani ve hain olarak mahkum etmemi emrediyor. İşte. Mahkum edildin. (Seni İhbar Ediyor)</Text>
    </Row>
    <Row Tag="LOC_DIPLO_FIRST_MEET_VISIT_RECIPIENT_LEADER_LUDWIG_ANY">
      <Text>Gel ve kuğu mağarasını gör. Evimin kulelerini ve kulelerini görün.</Text>
    </Row>
    <Row Tag="LOC_DIPLO_FIRST_MEET_NEAR_INITIATOR_POSITIVE_LEADER_LUDWIG_ANY">
      <Text>Öyle olsun.</Text>
    </Row>
    <Row Tag="LOC_DIPLO_FIRST_MEET_NO_MANS_INFO_EXCHANGE_LEADER_LUDWIG_ANY">
      <Text>Bana topraklarınızın şarkılarını söyleyin! Kuğularınız var mı?</Text>
    </Row>
    <Row Tag="LOC_DIPLO_GREETING_LEADER_LUDWIG_ANY">
      <Text>Sadece burayı okuyordum. Sen de kimsin?</Text>
    </Row>
    <Row Tag="LOC_DIPLO_MAKE_ALLIANCE_FROM_AI_LEADER_LUDWIG_ANY">
      <Text>İttifak yapalım mı? İşte, bu pelerini ve maskeyi takabilirsin.</Text>
    </Row>
    <Row Tag="LOC_DIPLO_MAKE_PEACE_AI_ACCEPT_DEAL_LEADER_LUDWIG_ANY">
      <Text>Savaşta mıydık?</Text>
    </Row>
    <Row Tag="LOC_DIPLO_MAKE_PEACE_AI_REFUSE_DEAL_LEADER_LUDWIG_ANY">
      <Text>Savaşçılarımdan en heyecan verici kahramanlık öykülerini topluyordum; artık duramam.</Text>
    </Row>
    <Row Tag="LOC_DIPLO_MAKE_PEACE_FROM_AI_LEADER_LUDWIG_ANY">
      <Text>Az önce bana savaşta olduğumuz söylendi! İnsanlar birbirini öldürmeye çalışıyor! Hikayelerde bu harika, ama artık buna bir son verelim.</Text>
    </Row>
    <Row Tag="LOC_DIPLO_ACCEPT_OPEN_BORDERS_FROM_HUMAN_LEADER_LUDWIG_ANY">
      <Text>Ormanlarımı ve derelerimi, saraylarımı ve şatolarımı ziyaret edebilirsiniz. Sadece önce benim orada olup olmadığımı kontrol edin.</Text>
    </Row>
    <Row Tag="LOC_DIPLO_REJECT_OPEN_BORDERS_FROM_HUMAN_LEADER_LUDWIG_ANY">
      <Text>Yaklaşırsanız, ağaç ruhlarının vahşiliği sizi dehşete düşürür! Böylesi daha iyi.</Text>
    </Row>
    <Row Tag="LOC_DIPLO_OPEN_BORDERS_FROM_AI_LEADER_LUDWIG_ANY">
      <Text>Uzak diyarların hikayelerini arıyoruz!</Text>
    </Row>
    <Row Tag="LOC_DIPLO_WARNING_TOO_MANY_TROOPS_NEAR_ME_LEADER_LUDWIG_ANY">
      <Text>Yığınak yapan birliklerinize bakarken askerlerimin göğüslerinde şövalyeliğin ateşli kalbi atıyor. Yalvarırım onları kesinlikle görkemli yiğitlik eylemlerine kışkırtmayın!</Text>
    </Row>
    <Row Tag="LOC_DIPLO_REJECT_MAKE_DEAL_FROM_AI_LEADER_LUDWIG_ANY">
      <Text>Kuğu Şövalye için inşa etmem gereken kırk metrelik bir anıt var ve bunu bu tür anlaşmalarla yapamam.</Text>
    </Row>
    <Row Tag="LOC_DIPLO_ACCEPT_MAKE_DEAL_FROM_AI_LEADER_LUDWIG_ANY">
      <Text>Çok güzel. Mağarada bir resepsiyon vereceğiz. Gece tabii ki.</Text>
    </Row>
    <!-- Theodora-->
    <Row Tag="LOC_DISTRICT_FARM_1_FAITH">
      <Text>+{1_num} [ICON_Faith] Bitişik {1_Num : plural 1?Farm; other?Farms;}'ten gelen inanç.</Text>
    </Row>
    <Row Tag="LOC_AGENDA_NEW_ROME_NAME">
      <Text>Yeni Roma</Text>
    </Row>
    <Row Tag="LOC_AGENDA_NEW_ROME_DESCRIPTION">
      <Text>[ICON_Culture] Kültürü geliştirmeye çalışır ve [ICON_Culture] Kültürüne de odaklanan medeniyetleri sever.</Text>
    </Row>
    <!-- Diplo VO -->
    <Row Tag="LOC_DIPLO_FIRST_MEET_LEADER_THEODORA_ANY">
      <Text>Ben Theodora'yım, hiçlikten tahta sadece hayallerle çıktım.</Text>
    </Row>
    <Row Tag="LOC_DIPLO_DECLARE_WAR_FROM_HUMAN_LEADER_THEODORA_ANY">
      <Text>Kimse imparatoriçeyi köşeye sıkıştıramaz.</Text>
    </Row>
    <Row Tag="LOC_DIPLO_DECLARE_WAR_FROM_AI_LEADER_THEODORA_ANY">
      <Text>Halkım daha iyi bir yaşam talep ediyor. Siz bunun önünde duruyorsunuz.</Text>
    </Row>
    <Row Tag="LOC_DIPLO_KUDO_EXIT_LEADER_THEODORA_ANY">
      <Text>Sahne dekorları ve sahne setleriyle, şiir ve zarafetle güç yaratıyoruz.</Text>
    </Row>
    <Row Tag="LOC_DIPLO_WARNING_EXIT_LEADER_THEODORA_ANY">
      <Text>Hayatta sizin sunduğunuzdan daha fazlası olduğuna emin misiniz?</Text>
    </Row>
    <Row Tag="LOC_DIPLO_DEFEAT_FROM_AI_LEADER_THEODORA_ANY">
      <Text>Taht görkemli bir mezardır.</Text>
    </Row>
    <!-- Diplo Text -->
    <Row Tag="LOC_DIPLO_ACCEPT_DECLARE_FRIEND_FROM_HUMAN_LEADER_THEODORA_ANY">
      <Text>Çok güzel. Tahmin edilebilir ama güzel.</Text>
    </Row>
    <Row Tag="LOC_DIPLO_REJECT_DECLARE_FRIEND_FROM_HUMAN_LEADER_THEODORA_ANY">
      <Text>Bir sosyal tırmanışçıyı tanımak için bir sosyal tırmanışçı gerekir.</Text>
    </Row>
    <Row Tag="LOC_DIPLO_DECLARE_FRIEND_FROM_AI_LEADER_THEODORA_ANY">
      <Text>Arkadaşlık ve sohbet her başarının kalbidir, öyle değil mi?</Text>
    </Row>
    <Row Tag="LOC_DIPLO_ACCEPT_DECLARE_FRIEND_FROM_AI_LEADER_THEODORA_ANY">
      <Text>Roma'nın cazibesinin işe yaradığını görüyorum.</Text>
    </Row>
    <Row Tag="LOC_DIPLO_REJECT_DECLARE_FRIEND_FROM_AI_LEADER_THEODORA_ANY">
      <Text>Yapacak daha iyi işlerim ve konuşacak daha önemli insanlar var.</Text>
    </Row>
    <Row Tag="LOC_DIPLO_ACCEPT_DELEGATION_FROM_HUMAN_LEADER_THEODORA_ANY">
      <Text>Heyetinizi, ne yazık ki Yeşiller lehine tezahürat yaptıkları at arabası yarışlarına götürdük. Kalanları size iade ediyoruz.</Text>
    </Row>
    <Row Tag="LOC_DIPLO_REJECT_DELEGATION_FROM_HUMAN_LEADER_THEODORA_ANY">
      <Text>Heyetinize daha iyi davranışlar öğretin, belki o zaman.</Text>
    </Row>
    <Row Tag="LOC_DIPLO_DELEGATION_FROM_AI_LEADER_THEODORA_ANY">
      <Text>Leda ve Kuğu'yu canlandırmaları için size bir dansçı grubu gönderiyoruz. Çok fazla rezil olmamaya çalışın.</Text>
    </Row>
    <Row Tag="LOC_DIPLO_DENOUNCE_FROM_HUMAN_LEADER_THEODORA_ANY">
      <Text>Şok edici. Daha kötülerini de duymuştum.</Text>
    </Row>
    <Row Tag="LOC_DIPLO_DENOUNCE_FROM_AI_LEADER_THEODORA_ANY">
      <Text>Kendinize bir bakın. Halkınız haksızlıklara uğruyor, dostlarınız sizi terk ediyor ve görünüşe göre terziniz grevde. (Sizi İhbar Ediyor)</Text>
    </Row>
    <Row Tag="LOC_DIPLO_FIRST_MEET_VISIT_RECIPIENT_LEADER_THEODORA_ANY">
      <Text>Gelin ve gemilerin boğazlardan geçişini görün, hipodromda arabacının çağrısını duyun, gelin ve ihtişamımızı görün.</Text>
    </Row>
    <Row Tag="LOC_DIPLO_FIRST_MEET_NEAR_INITIATOR_POSITIVE_LEADER_THEODORA_ANY">
      <Text>Doğru anlaşma sağlandığı takdirde, ben de aynı fikirdeyim.</Text>
    </Row>
    <Row Tag="LOC_DIPLO_FIRST_MEET_NO_MANS_INFO_EXCHANGE_LEADER_THEODORA_ANY">
      <Text>Size imparatorluğumuzu ve onun zevklerini gösterelim!</Text>
    </Row>
    <Row Tag="LOC_DIPLO_GREETING_LEADER_THEODORA_ANY">
      <Text>Kulağım sende.</Text>
    </Row>
    <Row Tag="LOC_DIPLO_MAKE_ALLIANCE_FROM_AI_LEADER_THEODORA_ANY">
      <Text>Bir ortaklığın değerini her zaman bildim. Bir tane oluşturalım mı?</Text>
    </Row>
    <Row Tag="LOC_DIPLO_MAKE_PEACE_AI_ACCEPT_DEAL_LEADER_THEODORA_ANY">
      <Text>Hipodrom'da savaşlar çok daha eğlenceli.</Text>
    </Row>
    <Row Tag="LOC_DIPLO_MAKE_PEACE_AI_REFUSE_DEAL_LEADER_THEODORA_ANY">
      <Text>Askerlerimiz bunca yolu sadece evlerine dönmek için mi geldiler?</Text>
    </Row>
    <Row Tag="LOC_DIPLO_MAKE_PEACE_FROM_AI_LEADER_THEODORA_ANY">
      <Text>Zekâ ve söz savaşları, spor ve beceri savaşları çok daha ilginçtir.</Text>
    </Row>
    <Row Tag="LOC_DIPLO_ACCEPT_OPEN_BORDERS_FROM_HUMAN_LEADER_THEODORA_ANY">
      <Text>Dünyanın kavşak noktasında durduğumuzu biliyoruz.</Text>
    </Row>
    <Row Tag="LOC_DIPLO_REJECT_OPEN_BORDERS_FROM_HUMAN_LEADER_THEODORA_ANY">
      <Text>Dünyanın kavşak noktalarını kontrol ediyoruz, bu da hayır dememizi sağlıyor.</Text>
    </Row>
    <Row Tag="LOC_DIPLO_OPEN_BORDERS_FROM_AI_LEADER_THEODORA_ANY">
      <Text>İmparatorluğumuz genişliyor; bu konuda bize yardımcı olur musunuz?</Text>
    </Row>
    <Row Tag="LOC_DIPLO_WARNING_TOO_MANY_TROOPS_NEAR_ME_LEADER_THEODORA_ANY">
      <Text>İmparatorluğumuza dost olarak, ziyaretçi olarak, hacı olarak gelin. Ama asker olarak değil.</Text>
    </Row>
    <Row Tag="LOC_DIPLO_REJECT_MAKE_DEAL_FROM_AI_LEADER_THEODORA_ANY">
      <Text>Hadi ama, daha iyisini yapabilirsin.</Text>
    </Row>
    <Row Tag="LOC_DIPLO_ACCEPT_MAKE_DEAL_FROM_AI_LEADER_THEODORA_ANY">
      <Text>Bunu hayata geçirelim.</Text>
    </Row>
  </EnglishText>
</GameData>