﻿<?xml version="1.0" encoding="utf-8"?>
<!-- edited with XMLSPY v2004 rel. 2 U (http://www.xmlspy.com) by Ed Beach (Firaxis Games) -->
<GameData>
  <EnglishText>
    <!-- OVERRIDES-->
    <Row Tag="LOC_UI_RELIGION_WORKING_TOWARDS_RELIGION">
      <Text>Bir Din İçin Çalışmak</Text>
    </Row>
    <Row Tag="LOC_RELIGIONPANEL_NEXT_STEP_EARN_PROPHET">
      <Text>Tam bir Din başlatmak için bir Yüce Peygamber kazanın (2 İnanç ekler).</Text>
    </Row>
    <Row Tag="LOC_WORLD_RANKINGS_SCORE_DETAILS">
      <Text>Bir [COLOR:NeutralCS]SCORE[ENDCOLOR] zaferi, oyunun sonuna kadar hiçbir uygarlık başka bir zafer elde edemediğinde ortaya çıkar. Bu durumda, genel olarak en yüksek [COLOR:NeutralCS]PUAN[ENDCOLOR]'a sahip uygarlık kazanacaktır!</Text>
    </Row>
    <Row Tag="LOC_MINOR_CIV_CULTURAL_TRAIT_MEDIUM_INFLUENCE_BONUS">
      <Text>+2 [ICON_Culture] Her Tiyatro Meydanı bölgesinde kültür.</Text>
    </Row>
    <Row Tag="LOC_MINOR_CIV_CULTURAL_TRAIT_LARGE_INFLUENCE_BONUS">
      <Text>Ek +2 [ICON_Culture] Her Tiyatro Meydanı bölgesinde kültür.</Text>
    </Row>
    <Row Tag="LOC_MINOR_CIV_SCIENTIFIC_TRAIT_MEDIUM_INFLUENCE_BONUS">
      <Text>+2 [ICON_Science] Her Kampüs bölgesinde bilim.</Text>
    </Row>
    <Row Tag="LOC_MINOR_CIV_SCIENTIFIC_TRAIT_LARGE_INFLUENCE_BONUS">
      <Text>Her Kampüs bölgesinde ek +2 [ICON_Science] Bilim.</Text>
    </Row>
    <!-- Beliefs-->
    <Row Tag="LOC_BELIEF_NUN_NAME">
      <Text>Sulu Uçurum Tanrısı (Rahibe)</Text>
    </Row>
    <Row Tag="LOC_BELIEF_ATUM_NAME">
      <Text>Yaratılış Tanrısı (Atum)</Text>
    </Row>
    <Row Tag="LOC_BELIEF_AMON_NAME">
      <Text>Tüm Tanrıların Efendisi (Amun)</Text>
    </Row>
    <Row Tag="LOC_BELIEF_ISIS_NAME">
      <Text>Bereket Tanrıçası (İsis)</Text>
    </Row>
    <Row Tag="LOC_BELIEF_APEDEMAK_NAME">
      <Text>Savaş Tanrısı (Apedemak)</Text>
    </Row>
    <Row Tag="LOC_BELIEF_ANUBIS_NAME">
      <Text>Mumyalama Tanrısı (Anubis)</Text>
    </Row>
    <Row Tag="LOC_BELIEF_HORUS_NAME">
      <Text>Firavunların Koruyucusu (Horus)</Text>
    </Row>
    <Row Tag="LOC_BELIEF_SEBIUMEKER_NAME">
      <Text>Koruyucu Tanrı (Sebiumeker)</Text>
    </Row>
    <Row Tag="LOC_BELIEF_BES_NAME">
      <Text>Ev Tanrısı (Bes)</Text>
    </Row>
    <Row Tag="LOC_BELIEF_ASH_NAME">
      <Text>Vahaların Tanrısı (Kül)</Text>
    </Row>
    <Row Tag="LOC_BELIEF_NUN_DESCRIPTION">
      <Text>+1 [ICON_Production] Balıkçı Teknelerinden Üretim.</Text>
    </Row>
    <Row Tag="LOC_BELIEF_ATUM_DESCRIPTION">
      <Text>Tüm İnşaatçılar fazladan 1 iyileştirme inşa edebilir.</Text>
    </Row>
    <Row Tag="LOC_BELIEF_AMON_DESCRIPTION">
      <Text>+%30 [ICON_Production] Mucizelere yönelik üretim. [ICON_Faith] İnanç satın alma maliyetleri %30 azalır%.</Text>
    </Row>
    <Row Tag="LOC_BELIEF_ISIS_DESCRIPTION">
      <Text>Şehir büyüme oranı %15 daha yüksektir.</Text>
    </Row>
    <Row Tag="LOC_BELIEF_APEDEMAK_DESCRIPTION">
      <Text>Savaş zaferleri, mağlup edilen birimin [ICON_Strength] Savaş Gücünün %50'sine eşit [ICON_Science] Bilim sağlar.</Text>
    </Row>
    <Row Tag="LOC_BELIEF_ANUBIS_DESCRIPTION">
      <Text>Tüm Kutsal Alan binaları +2 [ICON_Faith] İnanç sağlar.</Text>
    </Row>
    <Row Tag="LOC_BELIEF_HORUS_DESCRIPTION">
      <Text>Herhangi bir devlette fazladan bir Wildcard poliçe yuvası.</Text>
    </Row>
    <Row Tag="LOC_BELIEF_SEBIUMEKER_DESCRIPTION">
      <Text>Savaş birimleri dost şehirlerin sınırları içindeyken +10 [ICON_Strength] Savaş Gücü kazanır.</Text>
    </Row>
    <Row Tag="LOC_BELIEF_BES_DESCRIPTION">
      <Text>Tüm dost şehirler +1 [ICON_Amenities] Nimet alır.</Text>
    </Row>
    <Row Tag="LOC_BELIEF_ASH_DESCRIPTION">
      <Text>Vaha karolarında +3 [ICON_Culture] Kültür, +3 [ICON_Faith] İnanç ve +2 [ICON_Production] Üretim.</Text>
    </Row>
    <Row Tag="LOC_PROMOTION_SEBIUMEKER_DESCRIPTION">
      <Text>+{1_Value} Koruyucu Tanrı (Sebiumeker) İnancı</Text>
    </Row>
    <!-- Buildings-->
    <Row Tag="LOC_BUILDING_OBELISK_NAME">
      <Text>Dikilitaş</Text>
    </Row>
    <Row Tag="LOC_BUILDING_NUBIAN_SHRINE_NAME">
      <Text>Tapınak</Text>
    </Row>
    <Row Tag="LOC_BUILDING_TEMPLE_AMUN_NAME">
      <Text>Amun Tapınağı</Text>
    </Row>
    <Row Tag="LOC_BUILDING_NILOMETER_NAME">
      <Text>Nilometre</Text>
    </Row>
    <Row Tag="LOC_BUILDING_NILOMETER_DESCRIPTION">
      <Text>Tüm Taşkın Ovası karelerinde +1 [ICON_Food] Gıda ve +1 [ICON_Production] Üretim. Sadece bir Nil Nehri karesine bitişik bir şehirde inşa edilebilir.</Text>
    </Row>
    <Row Tag="LOC_BUILDING_NUBIA_SCENARIO_WALLS_DESCRIPTION">
      <Text>Şehir Merkezi ve Kamp bölgesinin etrafında Surlar sağlar. Surlar, Şehir Merkezi ve Kamp bölgesinden [ICON_Ranged] Menzilli Saldırılara izin verir ve bir şehre saldırılmadan önce yenilmesi gerekir.</Text>
    </Row>
    <Row Tag="LOC_BUILDING_NUBIA_SCENARIO_GREAT_LIBRARY_DESCRIPTION">
      <Text>Tüm Antik ve Klasik dönem teknolojilerinde destek alın. Düz arazi üzerine inşa edilmelidir.</Text>
    </Row>
    <Row Tag="LOC_BUILDING_NUBIA_SCENARIO_GREAT_LIGHTHOUSE_DESCRIPTION">
      <Text>Tüm deniz birimleri için +2 [ICON_Movement] Hareket[NEWLINE][NEWLINE]Kıyıda inşa edilmeli ve karaya ve Deniz Feneri olan bir Liman bölgesine bitişik olmalıdır.</Text>
    </Row>
    <Row Tag="LOC_BUILDING_NUBIA_SCENARIO_PYRAMIDS_DESCRIPTION">
      <Text>Senaryo başlamadan önce On şehir devletinin yakınındaki Giza'da önceden inşa edilmiştir. Büyük bir İnanç kaynağı elde etmek ve tüm yeni İnşaatçılara fazladan 1 iyileştirme inşa etme yeteneği vermek için ele geçirilebilir.</Text>
    </Row>
    <!-- City State-->
    <Row Tag="LOC_CITY_NAME_SCENARIO_ASHMUNEIN">
      <Text>Ashmunein</Text>
    </Row>
    <Row Tag="LOC_CITY_NAME_SCENARIO_BAHARIYA">
      <Text>Bahariya</Text>
    </Row>
    <Row Tag="LOC_CITY_NAME_SCENARIO_BYBLOS">
      <Text>Byblos</Text>
    </Row>
    <Row Tag="LOC_CITY_NAME_SCENARIO_DAKHLA">
      <Text>Dakhla</Text>
    </Row>
    <Row Tag="LOC_CITY_NAME_SCENARIO_IHNASIYA">
      <Text>Ihnasiya</Text>
    </Row>
    <Row Tag="LOC_CITY_NAME_SCENARIO_IREM">
      <Text>İrem</Text>
    </Row>
    <Row Tag="LOC_CITY_NAME_SCENARIO_KHARGA">
      <Text>Kharga</Text>
    </Row>
    <Row Tag="LOC_CITY_NAME_SCENARIO_NEKHEN">
      <Text>Nekhen</Text>
    </Row>
    <Row Tag="LOC_CITY_NAME_SCENARIO_ON">
      <Text>Açık</Text>
    </Row>
    <Row Tag="LOC_CITY_NAME_SCENARIO_PUNT">
      <Text>Punt</Text>
    </Row>
    <Row Tag="LOC_CITY_NAME_SCENARIO_SHARUHEN">
      <Text>Sharuhen</Text>
    </Row>
    <Row Tag="LOC_CITY_NAME_SCENARIO_SERABIT_EL_KHADIM">
      <Text>Serabit el-Khadim</Text>
    </Row>
    <Row Tag="LOC_CITY_NAME_SCENARIO_THINIS">
      <Text>Thinis</Text>
    </Row>
    <Row Tag="LOC_CIVILIZATION_SCENARIO_ASHMUNEIN_DESCRIPTION">
      <Text>Ashmunein şehir devleti</Text>
    </Row>
    <Row Tag="LOC_CIVILIZATION_SCENARIO_BAHARIYA_DESCRIPTION">
      <Text>Bahariya şehir devleti</Text>
    </Row>
    <Row Tag="LOC_CIVILIZATION_SCENARIO_BYBLOS_DESCRIPTION">
      <Text>Byblos şehir devleti</Text>
    </Row>
    <Row Tag="LOC_CIVILIZATION_SCENARIO_DAKHLA_DESCRIPTION">
      <Text>Dakhla şehir devleti</Text>
    </Row>
    <Row Tag="LOC_CIVILIZATION_SCENARIO_IHNASIYA_DESCRIPTION">
      <Text>İhnasiya şehir devleti</Text>
    </Row>
    <Row Tag="LOC_CIVILIZATION_SCENARIO_IREM_DESCRIPTION">
      <Text>İrem şehir devleti</Text>
    </Row>
    <Row Tag="LOC_CIVILIZATION_SCENARIO_KHARGA_DESCRIPTION">
      <Text>Kharga şehir devleti</Text>
    </Row>
    <Row Tag="LOC_CIVILIZATION_SCENARIO_NEKHEN_DESCRIPTION">
      <Text>Nekhen şehir devleti</Text>
    </Row>
    <Row Tag="LOC_CIVILIZATION_SCENARIO_ON_DESCRIPTION">
      <Text>Şehir devleti üzerine</Text>
    </Row>
    <Row Tag="LOC_CIVILIZATION_SCENARIO_PUNT_DESCRIPTION">
      <Text>Punt şehir devleti</Text>
    </Row>
    <Row Tag="LOC_CIVILIZATION_SCENARIO_SHARUHEN_DESCRIPTION">
      <Text>Sharuhen şehir devleti</Text>
    </Row>
    <Row Tag="LOC_CIVILIZATION_SCENARIO_SERABIT_EL_KHADIM_DESCRIPTION">
      <Text>Serabit el-Hadim şehir devleti</Text>
    </Row>
    <Row Tag="LOC_CIVILIZATION_SCENARIO_THINIS_DESCRIPTION">
      <Text>Thinis şehir devleti</Text>
    </Row>
    <Row Tag="LOC_TRAIT_NUBIA_SCENARIO_IREM_NAME">
      <Text>İrem Süzerain Bonus</Text>
    </Row>
    <Row Tag="LOC_TRAIT_NUBIA_SCENARIO_BYBLOS_NAME">
      <Text>Byblos Süzerain Bonus</Text>
    </Row>
    <Row Tag="LOC_TRAIT_NUBIA_SCENARIO_SERABIT_NAME">
      <Text>Serabit el-Khadim Suzerain Bonus</Text>
    </Row>
    <Row Tag="LOC_TRAIT_NUBIA_SCENARIO_OASES_NAME">
      <Text>Çöl Vahası Süzerain Bonusu</Text>
    </Row>
    <Row Tag="LOC_TRAIT_NUBIA_SCENARIO_PUNT_NAME">
      <Text>Punt Suzerain Bonusu</Text>
    </Row>
    <Row Tag="LOC_LEADER_TRAIT_NONE_NAME">
      <Text>Suzerain Bonusu Yok</Text>
    </Row>
    <Row Tag="LOC_LEADER_TRAIT_NONE_DESCRIPTION">
      <Text>Bu şehir devletinin Suzerain'i olmak için benzersiz bir bonus yoktur.</Text>
    </Row>
    <!-- Civilizations-->
    <Row Tag="LOC_CIVILIZATION_SCENARIO_HYKSOS_DESCRIPTION">
      <Text>Hyksos İmparatorluğu</Text>
    </Row>
    <Row Tag="LOC_CIVILIZATION_SCENARIO_LIBYANS_DESCRIPTION">
      <Text>Libya İmparatorluğu</Text>
    </Row>
    <Row Tag="LOC_CIVILIZATION_SCENARIO_ASSYRIA_DESCRIPTION">
      <Text>Asur İmparatorluğu</Text>
    </Row>
    <Row Tag="LOC_CIVILIZATION_SCENARIO_PERSIA_DESCRIPTION">
      <Text>Pers İmparatorluğu</Text>
    </Row>
    <Row Tag="LOC_CIVILIZATION_SCENARIO_MACEDON_DESCRIPTION">
      <Text>Makedonya İmparatorluğu</Text>
    </Row>
    <Row Tag="LOC_CIVILIZATION_SCENARIO_HYKSOS_ADJECTIVE">
      <Text>Hyksos</Text>
    </Row>
    <Row Tag="LOC_CIVILIZATION_SCENARIO_LIBYANS_ADJECTIVE">
      <Text>Libya</Text>
    </Row>
    <Row Tag="LOC_CIVILIZATION_SCENARIO_ASSYRIA_ADJECTIVE">
      <Text>Asurlu</Text>
    </Row>
    <Row Tag="LOC_CIVILIZATION_SCENARIO_PERSIA_ADJECTIVE">
      <Text>Farsça</Text>
    </Row>
    <Row Tag="LOC_CIVILIZATION_SCENARIO_MACEDON_ADJECTIVE">
      <Text>Makedonca</Text>
    </Row>
    <!-- Civics-->
    <Row Tag="LOC_CIVIC_ROYAL_DYNASTIES_NAME">
      <Text>Kraliyet Hanedanları</Text>
    </Row>
    <Row Tag="LOC_CIVIC_HIEROGLYPHICS_NAME">
      <Text>Hiyeroglifler</Text>
    </Row>
    <Row Tag="LOC_CIVIC_MUMMIFICATION_NAME">
      <Text>Mumyalama</Text>
    </Row>
    <Row Tag="LOC_CIVIC_SCRIBES_NAME">
      <Text>Kâtipler</Text>
    </Row>
    <Row Tag="LOC_CIVIC_BOOK_OF_THE_DEAD_NAME">
      <Text>Ölüler Kitabı</Text>
    </Row>
    <Row Tag="LOC_CIVIC_INSTITUTION_OF_THE_MUSES_NAME">
      <Text>İlham Perileri Kurumu</Text>
    </Row>
    <Row Tag="LOC_CIVIC_SEPATS_NAME">
      <Text>Sepats</Text>
    </Row>
    <Row Tag="LOC_CIVIC_BOARDGAMES_ATHLETICS_NAME">
      <Text>Masa Oyunları ve Atletizm</Text>
    </Row>
    <Row Tag="LOC_CIVIC_AMUN_LORD_OF_ALL_GODS_NAME">
      <Text>Amun: Tüm Tanrıların Efendisi</Text>
    </Row>
    <Row Tag="LOC_CIVIC_ROYAL_DYNASTIES_DESCRIPTION">
      <Text>Tamamlandığında [ICON_Capital] Başkentinizde ücretsiz bir Yerleşimci kazanın.</Text>
    </Row>
    <Row Tag="LOC_CIVIC_HIEROGLYPHICS_DESCRIPTION">
      <Text>Ödüller 1 [ICON_Envoy] Elçi.</Text>
    </Row>
    <Row Tag="LOC_CIVIC_MUMMIFICATION_DESCRIPTION">
      <Text>Dininize bir İnanç eklemenizi sağlar.</Text>
    </Row>
    <Row Tag="LOC_CIVIC_NUBIA_SCENARIO_STATE_WORKFORCE_DESCRIPTION">
      <Text>Tamamlandığında [ICON_Capital] Başkentinizde ücretsiz bir Yerleşimci kazanın.</Text>
    </Row>
    <Row Tag="LOC_CIVIC_NUBIA_SCENARIO_FOREIGN_TRADE_DESCRIPTION">
      <Text>Bir tane daha [ICON_TradeRoute] Ticaret Yolu oluşturulmasına izin verir. 1 [ICON_Envoy] Elçi ödüllendirir.</Text>
    </Row>
    <Row Tag="LOC_CIVIC_SCRIBES_DESCRIPTION">
      <Text>Ödüller 1 [ICON_Envoy] Elçi.</Text>
    </Row>
    <Row Tag="LOC_CIVIC_BOOK_OF_THE_DEAD_DESCRIPTION">
      <Text>Dininize bir İnanç eklemenizi sağlar.</Text>
    </Row>
    <Row Tag="LOC_CIVIC_INSTITUTION_OF_THE_MUSES_DESCRIPTION">
      <Text>Ödüller 1 [ICON_Envoy] Elçi.</Text>
    </Row>
    <Row Tag="LOC_CIVIC_SEPATS_DESCRIPTION">
      <Text>Tamamlandığında [ICON_Capital] Başkentinizde ücretsiz bir Yerleşimci kazanın.</Text>
    </Row>
    <Row Tag="LOC_CIVIC_BOARDGAMES_ATHLETICS_DESCRIPTION">
      <Text>Tamamlandığında [ICON_Capital] Başkentinizde ücretsiz bir [ICON_GreatGeneral] Büyük General kazanın. Tüm muharebe birimlerine kanat ve destek muharebe bonusları verir.</Text>
    </Row>
    <Row Tag="LOC_CIVIC_AMUN_LORD_OF_ALL_GODS_DESCRIPTION">
      <Text>Dininize bir İnanç eklemenizi sağlar.</Text>
    </Row>
    <Row Tag="LOC_CIVIC_NUBIA_SCENARIO_FUTURE_CIVIC_DESCRIPTION">
      <Text>Birden fazla kez tamamlanabilir.</Text>
    </Row>
    <!-- Districts-->
    <Row Tag="LOC_DISTRICT_NUBIA_SCENARIO_HARBOR_DESCRIPTION">
      <Text>Şehrinizdeki denizcilik faaliyetleri için bir bölge. Ayrıca bu kareye iniş ve binişler için [ICON_Movement] Hareket cezasını da kaldırır. Karaya bitişik Sahil, Nil Nehri veya Göl Arazisi üzerine inşa edilmelidir. [NEWLINE][NEWLINE]+1 [ICON_TradeRoute] Ticaret Yolu kapasitesi, eğer bu şehirde henüz bir Ticaret Merkezi bölgesi yoksa.</Text>
    </Row>
    <Row Tag="LOC_DISTRICT_NILE_RIVER_FAITH">
      <Text>+{1_num} [ICON_Faith] Bitişikteki Nil Nehri'nden {1_Num : plural 1?tile; other?tiles;} gelen inanç.</Text>
    </Row>
    <Row Tag="LOC_DISTRICT_NILE_RIVER_GOLD">
      <Text>+{1_num} [ICON_Gold] Komşu Nil Nehri'nden gelen altın {1_Num : plural 1?tile; other?tiles;}.</Text>
    </Row>
    <!-- Governments-->
    <Row Tag="LOC_GOVERNMENT_KANDAKE_NAME">
      <Text>Kandake</Text>
    </Row>
    <Row Tag="LOC_GOVERNMENT_PHARAOH_NAME">
      <Text>Firavun</Text>
    </Row>
    <Row Tag="LOC_GOVT_INHERENT_BONUS_KANDAKE">
      <Text>+1 [ICON_TradeRoute] Ticaret Yolları.</Text>
    </Row>
    <Row Tag="LOC_GOVT_INHERENT_BONUS_PHARAOH">
      <Text>[ICON_Capital] Sermaye tüm getirilere +2 destek alır.</Text>
    </Row>
    <Row Tag="LOC_GOVT_ACCUMULATING_BONUS_KANDAKE">
      <Text>[ICON_Gold] Altın ile yapılan alışverişlerde %15 indirim.</Text>
    </Row>
    <Row Tag="LOC_GOVT_ACCUMULATING_BONUS_PHARAOH">
      <Text>+2 [ICON_Housing] Kutsal Alanı olan herhangi bir şehirde konut.</Text>
    </Row>
    <!-- Great People-->
    <Row Tag="LOC_NUBIA_SCENARIO_DOUBLE_COMBAT_STRENGTH_AOE_LAND">
      <Text>2 karo içindeki tüm birimlere +10 [ICON_Strength] Savaş Bonusu.</Text>
    </Row>
    <Row Tag="LOC_NUBIA_SCENARIO_DOUBLE_COMBAT_STRENGTH_AOE_LAND_MODIFIER">
      <Text>[ICON_GreatGeneral] Büyük General'den +10 [ICON_Strength] Savaş Bonusu.</Text>
    </Row>
    <Row Tag="LOC_GREAT_PERSON_INDIVIDUAL_MONTUHOTEP_NAME">
      <Text>Mentuhotep II</Text>
    </Row>
    <Row Tag="LOC_GREAT_PERSON_INDIVIDUAL_PIYE_NAME">
      <Text>Piye</Text>
    </Row>
    <Row Tag="LOC_GREAT_PERSON_INDIVIDUAL_AMANIRENAS_NAME">
      <Text>Amanirenas</Text>
    </Row>
    <Row Tag="LOC_GREAT_PERSON_INDIVIDUAL_SHA_NABU_SHU_NAME">
      <Text>Sha-Nabu-shu</Text>
    </Row>
    <Row Tag="LOC_GREAT_PERSON_INDIVIDUAL_CAMBYSES_NAME">
      <Text>Cambyses II</Text>
    </Row>
    <Row Tag="LOC_GREAT_PERSON_INDIVIDUAL_ALEXANDER_NAME">
      <Text>Alexander</Text>
    </Row>
    <Row Tag="LOC_GREAT_PERSON_INDIVIDUAL_AMANISHAKETO_NAME">
      <Text>Amanishaketo</Text>
    </Row>
    <Row Tag="LOC_GREAT_PERSON_INDIVIDUAL_HOREMHEB_NAME">
      <Text>Horemheb</Text>
    </Row>
    <!-- Improvements-->
    <Row Tag="LOC_IMPROVEMENT_NUBIA_SCENARIO_SPHINX_DESCRIPTION">
      <Text>Baş Rahibenin Mısır'a özgü bir Sfenks inşa etme yeteneğinin kilidini açar. [NEWLINE][NEWLINE]+1 [ICON_Faith] İnanç ve +1 [ICON_Culture] Kültür. +1 Cazibe. Bir harikanın veya Kutsal Alanın yanındaysa +2 [ICON_Faith] İnanç. Başka bir Sfenks'in yanına inşa edilemez. Taşkın Ovaları üzerine inşa edilebilir.</Text>
    </Row>
    <!-- Policies-->
    <Row Tag="LOC_POLICY_ABU_SIMBEL_NAME">
      <Text>Ebu Simbel</Text>
    </Row>
    <Row Tag="LOC_POLICY_FRONTIER_FORTRESSES_NAME">
      <Text>Sınır Kaleleri</Text>
    </Row>
    <Row Tag="LOC_POLICY_INUNDATION_CALENDAR_NAME">
      <Text>Su Baskını Takvimi</Text>
    </Row>
    <Row Tag="LOC_POLICY_MERCENARIES_NAME">
      <Text>Paralı Askerler</Text>
    </Row>
    <Row Tag="LOC_POLICY_MILITARY_COMMUNICATION_NAME">
      <Text>Askeri İletişim</Text>
    </Row>
    <Row Tag="LOC_POLICY_MUSAEUM_NAME">
      <Text>Musaeum</Text>
    </Row>
    <Row Tag="LOC_POLICY_RECORDKEEPING_NAME">
      <Text>Kayıt Tutma</Text>
    </Row>
    <Row Tag="LOC_POLICY_ROYAL_BODYGUARDS_NAME">
      <Text>Kraliyet Korumaları</Text>
    </Row>
    <Row Tag="LOC_POLICY_SCORPION_KING_NAME">
      <Text>Akrep Kral</Text>
    </Row>
    <Row Tag="LOC_POLICY_TRADE_AGREEMENT_NAME">
      <Text>Ticaret Anlaşması</Text>
    </Row>
    <Row Tag="LOC_POLICY_VALLEY_OF_THE_KINGS_NAME">
      <Text>Krallar Vadisi</Text>
    </Row>
    <Row Tag="LOC_POLICY_NUBIA_SCENARIO_CONSCRIPTION_DESCRIPTION">
      <Text>Antik ve Klasik dönem yakın dövüşçü ve menzilli birimlere yönelik +%50 [ICON_Production] Üretim.</Text>
    </Row>
    <Row Tag="LOC_POLICY_NUBIA_SCENARIO_GOD_KING_DESCRIPTION">
      <Text>+2 [ICON_Faith] Başkente İnanç [ICON_Capital].</Text>
    </Row>
    <Row Tag="LOC_POLICY_NUBIA_SCENARIO_MANEUVER_DESCRIPTION">
      <Text>Antik ve Klasik dönem ağır ve hafif süvari birimlerine yönelik +%100 [ICON_Production] Üretim.</Text>
    </Row>
    <Row Tag="LOC_POLICY_ABU_SIMBEL_DESCRIPTION">
      <Text>Kutsal Alan binalarından +%100 [ICON_Culture] Kültür.</Text>
    </Row>
    <Row Tag="LOC_POLICY_FRONTIER_FORTRESSES_DESCRIPTION">
      <Text>Tüm [ICON_TradeRoute] Ticaret Yollarından +4 [ICON_Gold] Altın.</Text>
    </Row>
    <Row Tag="LOC_POLICY_INUNDATION_CALENDAR_DESCRIPTION">
      <Text>Bir su karesine komşu her şehir için +1 [ICON_Science] Bilim.</Text>
    </Row>
    <Row Tag="LOC_POLICY_MERCENARIES_DESCRIPTION">
      <Text>Şehir devleti birimlerini toplamak için normal maliyetin yarısını ödeyin.</Text>
    </Row>
    <Row Tag="LOC_POLICY_MILITARY_COMMUNICATION_DESCRIPTION">
      <Text>Tüm kara birimleri için +2 [ICON_Movement] Hareket.</Text>
    </Row>
    <Row Tag="LOC_POLICY_MUSAEUM_DESCRIPTION">
      <Text>Tüm şehirlerinizin bilim çıktısını ikiye katlar [ICON_Science].</Text>
    </Row>
    <Row Tag="LOC_POLICY_RECORDKEEPING_DESCRIPTION">
      <Text>Birim bakımı, birim başına tur başına 1 [ICON_Gold] Altın azaltıldı.</Text>
    </Row>
    <Row Tag="LOC_POLICY_ROYAL_BODYGUARDS_DESCRIPTION">
      <Text>+2 [ICON_Culture] Başkentte [ICON_Capital] Kültür.</Text>
    </Row>
    <Row Tag="LOC_POLICY_SCORPION_KING_DESCRIPTION">
      <Text>Tüm birimler için +4 [ICON_Strength] Savaş Gücü.</Text>
    </Row>
    <Row Tag="LOC_COMBAT_PREVIEW_SCORPION_KING_COMBAT_STRENGTH">
      <Text>Akrep Kral'dan +{1_Value}.</Text>
    </Row>
    <Row Tag="LOC_POLICY_TRADE_AGREEMENT_DESCRIPTION">
      <Text>Uluslararası [ICON_TradeRoute] Ticaret Yollarından +2 [ICON_Gold] Altın.</Text>
    </Row>
    <Row Tag="LOC_POLICY_VALLEY_OF_THE_KINGS_DESCRIPTION">
      <Text>+%100 Kutsal Alan bölgesi bitişiklik bonusları.</Text>
    </Row>
    <!-- Religions-->
    <Row Tag="LOC_RELIGION_NUBIA_SCENARIO_NUBIA_NAME">
      <Text>Nübye Tanrıları</Text>
    </Row>
    <Row Tag="LOC_RELIGION_NUBIA_SCENARIO_EGYPT_NAME">
      <Text>Mısır Tanrıları</Text>
    </Row>
    <!-- Resources-->
    <Row Tag="LOC_RESOURCE_SCENARIO_GOLD_NAME">
      <Text>Altın Cevheri</Text>
    </Row>
    <!-- Routes-->
    <Row Tag="LOC_ROUTE_NUBIA_SCENARIO_ROAD_DESCRIPTION">
      <Text>[ICON_TradeRoute] Ticaret Yolları üzerinden inşa edilebilir. Bir yol karesinden diğerine hareket eden herhangi bir birimin hareket hızını [ICON_Movement] artırır.</Text>
    </Row>
    <!-- Technologies-->
    <Row Tag="LOC_TECH_FISHING_NAME">
      <Text>Balıkçılık</Text>
    </Row>
    <Row Tag="LOC_TECH_MEDICINE_NAME">
      <Text>Tıp</Text>
    </Row>
    <Row Tag="LOC_TECH_FORTIFICATION_NAME">
      <Text>Güçlendirme</Text>
    </Row>
    <Row Tag="LOC_TECH_TOMB_BUILDING_NAME">
      <Text>Mezar Binası</Text>
    </Row>
    <Row Tag="LOC_TECH_FISHING_DESCRIPTION">
      <Text>İnşaatçıların yola çıkmasına izin verir.</Text>
    </Row>
    <Row Tag="LOC_TECH_NUBIA_SCENARIO_SAILING_DESCRIPTION">
      <Text>Tüm kara birimlerinin gemiye çıkmasına izin verir.</Text>
    </Row>
    <Row Tag="LOC_TECH_NUBIA_SCENARIO_MATHEMATICS_DESCRIPTION">
      <Text>Tüm deniz birimleri için +2 [ICON_Movement] Hareket.</Text>
    </Row>
    <Row Tag="LOC_TECH_MEDICINE_DESCRIPTION">
      <Text>Tamamlandığında [ICON_Capital] Başkentinizde 2 ücretsiz Yerleşimci kazanın.</Text>
    </Row>
    <!-- Units-->
    <Row Tag="LOC_UNIT_NUBIA_SCENARIO_GREAT_GENERAL_DESCRIPTION">
      <Text>Her [ICON_GreatGeneral] Büyük Generalin bu senaryoda yakındaki birimler üzerinde pasif bir savaş etkisi vardır.</Text>
    </Row>
    <Row Tag="LOC_UNIT_NUBIA_SCENARIO_GREAT_PROPHET_DESCRIPTION">
      <Text>Büyük [ICON_GreatProphet] Peygamberler bu senaryoda bulunmaz. Hem Mısır hem de Nubya, başkentleri kurulur kurulmaz otomatik olarak bir din kazanır.</Text>
    </Row>
    <Row Tag="LOC_UNIT_NUBIA_SCENARIO_EGYPTIAN_CHARIOT_ARCHER_DESCRIPTION">
      <Text>Ağır Savaş Arabasının yerini alan Mısır'a özgü Antik çağ menzilli birimi. 6 [ICON_Movement] Açık arazide başlarken hareket.</Text>
    </Row>
    <Row Tag="LOC_UNIT_NUBIA_SCENARIO_SETTLER_DESCRIPTION">
      <Text>Yeni şehirler oluşturabilir. Yerleşimciler bu senaryoda sadece Yurttaşlık ve Teknoloji Tıbbı tamamlanarak elde edilir.  Asla inşa edilemezler.</Text>
    </Row>
    <Row Tag="LOC_UNIT_HIGH_PRIESTESS_NAME">
      <Text>Baş Rahibe</Text>
    </Row>
    <Row Tag="LOC_UNIT_MEDJAY_NAME">
      <Text>Medjay</Text>
    </Row>
    <Row Tag="LOC_UNIT_HIGH_PRIESTESS_DESCRIPTION">
      <Text>Tek işlevi tek bir Sfenks veya Nubya Piramidi oluşturmak olan benzersiz bir İnşaatçı.</Text>
    </Row>
    <Row Tag="LOC_UNIT_MEDJAY_DESCRIPTION">
      <Text>Dost bölgede ve bir Kutsal Alanın 1 karesi içindeyse büyük bir savaş bonusuna sahip güçlü yakın dövüş birimi. Medjay'i yalnızca bir Tapınak binası içeren bir Kutsal Alana sahip bir şehirde inşa edebilir.</Text>
    </Row>
    <Row Tag="LOC_ABILITY_MEDJAY_HOLY_SITE_COMBAT_MODIFIER_DESCRIPTION">
      <Text>+{1_Value} Kutsal Alan yakınındaki dost bölgede Savaş Gücü.</Text>
    </Row>
    <Row Tag="LOC_ABILITY_GREAT_GENERAL_DOUBLE_STRENGTH_NAME">
      <Text>Çifte Güç</Text>
    </Row>
    <Row Tag="LOC_ABILITY_GREAT_GENERAL_DOUBLE_STRENGTH_DESCRIPTION">
      <Text>Büyük General'den +10 [ICON_Strength] Savaş Bonusu.</Text>
    </Row>
    <Row Tag="LOC_ABILITY_MEDJAY_DESCRIPTION">
      <Text>Bir Kutsal Alan Mabedine bitişik olduğunda +20 [ICON_Strength] Savaş Bonusu.</Text>
    </Row>
    <!-- Civic Boosts-->
    <Row Tag="LOC_BOOST_NUBIA_SCENARIO_TRIGGER_STATE_WORKFORCE">
      <Text>8 taş geliştirin.</Text>
    </Row>
    <Row Tag="LOC_BOOST_NUBIA_SCENARIO_TRIGGER_FOREIGN_TRADE">
      <Text>6 şehir devletiyle tanışın.</Text>
    </Row>
    <Row Tag="LOC_BOOST_NUBIA_SCENARIO_TRIGGER_SCRIBES">
      <Text>2 farklı uzmanlık bölgesi oluşturun.</Text>
    </Row>
    <Row Tag="LOC_BOOST_NUBIA_SCENARIO_TRIGGER_BOOK_OF_THE_DEAD">
      <Text>Bir şehri fethet.</Text>
    </Row>
    <Row Tag="LOC_BOOST_NUBIA_SCENARIO_TRIGGER_INSTITUTION_OF_THE_MUSES">
      <Text>Matematik teknolojisini araştırın.</Text>
    </Row>
    <Row Tag="LOC_BOOST_NUBIA_SCENARIO_TRIGGER_SEPATS">
      <Text>2 Kamp bölgesi inşa edin.</Text>
    </Row>
    <Row Tag="LOC_BOOST_NUBIA_SCENARIO_TRIGGER_BOARDGAMES_ATHLETICS">
      <Text>Medeniyetinizi en az 24 nüfusa kadar büyütün.</Text>
    </Row>
    <Row Tag="LOC_BOOST_NUBIA_SCENARIO_TRIGGER_AMUN_LORD_OF_ALL_GODS">
      <Text>3 Tapınak inşa edin.</Text>
    </Row>
    <Row Tag="LOC_BOOST_NUBIA_SCENARIO_TRIGGER_LONGDESC_STATE_WORKFORCE">
      <Text>İlk şehirlerimizin etrafındaki arazi güzel bir şekilde gelişirken, üretim tekniklerimize ince ayar yapabiliriz.</Text>
    </Row>
    <Row Tag="LOC_BOOST_NUBIA_SCENARIO_TRIGGER_LONGDESC_FOREIGN_TRADE">
      <Text>Diğer devletlerle olan temasınız kazançlı ticaret fırsatları yarattı.</Text>
    </Row>
    <Row Tag="LOC_BOOST_NUBIA_SCENARIO_TRIGGER_LONGDESC_SCRIBES">
      <Text>Şehrimiz o kadar hızlı büyüyor ki, her şeyi takip etmemize yardımcı olacak yeni bir işçi sınıfına ihtiyacımız var.</Text>
    </Row>
    <Row Tag="LOC_BOOST_NUBIA_SCENARIO_TRIGGER_LONGDESC_BOOK_OF_THE_DEAD">
      <Text>Şehri fethederken şehit düşen kahramanlarımız var. Yeraltı dünyasına geçişlerini kolaylaştıralım.</Text>
    </Row>
    <Row Tag="LOC_BOOST_NUBIA_SCENARIO_TRIGGER_LONGDESC_INSTITUTION_OF_THE_MUSES">
      <Text>Bilgili matematikçilerimiz bilim için bir modeldir.  Dünyanın bilgisini tek bir çatı altında toplayarak onlara yardımcı olalım.</Text>
    </Row>
    <Row Tag="LOC_BOOST_NUBIA_SCENARIO_TRIGGER_LONGDESC_SEPATS">
      <Text>Topraklarımızı savunmak ve sınırlarımızı araştırmak için Kamp'ın kurulmasıyla birlikte artık bölgesel otoritemizi ortaya koyabiliriz.</Text>
    </Row>
    <Row Tag="LOC_BOOST_NUBIA_SCENARIO_TRIGGER_LONGDESC_BOARDGAMES_ATHLETICS">
      <Text>Topraklarınızda sayıları giderek artan vatandaşların daha fazla eğlenceye ihtiyacı var. Senet oynayalım mı yoksa okçulukta şansımızı deneyelim mi?</Text>
    </Row>
    <Row Tag="LOC_BOOST_NUBIA_SCENARIO_TRIGGER_LONGDESC_AMUN_LORD_OF_ALL_GODS">
      <Text>Halkımız artık tek yüce tanrıyı, Amun'u tanıyor. Yaşamın asasının bu yaratıcısını kutlamak için büyük tapınaklar inşa edelim.</Text>
    </Row>
    <!-- Tech Boosts-->
    <Row Tag="LOC_BOOST_NUBIA_SCENARIO_TRIGGER_SAILING">
      <Text>2 deniz kaynağını iyileştirin.</Text>
    </Row>
    <Row Tag="LOC_BOOST_NUBIA_SCENARIO_TRIGGER_IRRIGATION">
      <Text>4 Çiftlik İnşa Et.</Text>
    </Row>
    <Row Tag="LOC_BOOST_NUBIA_SCENARIO_TRIGGER_THE_WHEEL">
      <Text>Bir Mera İnşa Et.</Text>
    </Row>
    <Row Tag="LOC_BOOST_NUBIA_SCENARIO_TRIGGER_MEDICINE">
      <Text>2 Plantasyon inşa edin.</Text>
    </Row>
    <Row Tag="LOC_BOOST_NUBIA_SCENARIO_TRIGGER_FORTIFICATION">
      <Text>Bir Savaş İlanı'nın hedefi olun.</Text>
    </Row>
    <Row Tag="LOC_BOOST_NUBIA_SCENARIO_TRIGGER_TOMB_BUILDING">
      <Text>Ölüler Kitabı'nı al.</Text>
    </Row>
    <Row Tag="LOC_BOOST_NUBIA_SCENARIO_TRIGGER_CELESTIAL_NAVIGATION">
      <Text>2 Kadırga sahibi.</Text>
    </Row>
    <Row Tag="LOC_BOOST_NUBIA_SCENARIO_TRIGGER_MATHEMATICS">
      <Text>3 Nilometre oluşturun.</Text>
    </Row>
    <Row Tag="LOC_BOOST_NUBIA_SCENARIO_TRIGGER_IRON_WORKING">
      <Text>Bir düşman Kılıç Ustası öldür.</Text>
    </Row>
    <Row Tag="LOC_BOOST_NUBIA_SCENARIO_TRIGGER_HORSEBACK_RIDING">
      <Text>Bir düşman Süvari öldür.</Text>
    </Row>
    <Row Tag="LOC_BOOST_NUBIA_SCENARIO_TRIGGER_LONGDESC_SAILING">
      <Text>Balıkçılarınız askeri amaçlı teknelerin nasıl inşa edileceğini öğrenmemize yardımcı oluyor.</Text>
    </Row>
    <Row Tag="LOC_BOOST_NUBIA_SCENARIO_TRIGGER_LONGDESC_IRRIGATION">
      <Text>Çok sayıda çiftliğiniz, ürünlerinizi sulamanın önemini takdir etmenizi sağlıyor.</Text>
    </Row>
    <Row Tag="LOC_BOOST_NUBIA_SCENARIO_TRIGGER_LONGDESC_THE_WHEEL">
      <Text>Hayvanları evcilleştirmek faydalı olacaktır. Savaşta asker taşımalarını sağlayabilir miyiz?</Text>
    </Row>
    <Row Tag="LOC_BOOST_NUBIA_SCENARIO_TRIGGER_LONGDESC_MEDICINE">
      <Text>Tarlalarınızdaki ürünlere şifalı otlar karıştırıyorsunuz. Bazılarının tıbbi kullanımı var mı?</Text>
    </Row>
    <Row Tag="LOC_BOOST_NUBIA_SCENARIO_TRIGGER_LONGDESC_FORTIFICATION">
      <Text>İşgal tehdidiyle karşı karşıya kalan halkınız yenilikçi savunmalar geliştirmeye hazır.</Text>
    </Row>
    <Row Tag="LOC_BOOST_NUBIA_SCENARIO_TRIGGER_LONGDESC_TOMB_BUILDING">
      <Text>Tüm uygun duaların kaydedilmesiyle birlikte, artık en büyük insanlarımızı onurlandırmak için mezarlar inşa edebiliriz.</Text>
    </Row>
    <Row Tag="LOC_BOOST_NUBIA_SCENARIO_TRIGGER_LONGDESC_CELESTIAL_NAVIGATION">
      <Text>Kadırga mürettebatınız gece gökyüzünü inceleyerek seyahatlerini nasıl yönlendireceklerini öğreniyor.</Text>
    </Row>
    <Row Tag="LOC_BOOST_NUBIA_SCENARIO_TRIGGER_LONGDESC_MATHEMATICS">
      <Text>En iyi bilim adamlarınız Nil taşkınlarına ilişkin tahminlerinde oldukça isabetli olmaya başladılar.</Text>
    </Row>
    <Row Tag="LOC_BOOST_NUBIA_SCENARIO_TRIGGER_LONGDESC_IRON_WORKING">
      <Text>Yakında benzer birimleri sahaya sürebilmemiz için yeterince Kılıç Ustası yendik.</Text>
    </Row>
    <Row Tag="LOC_BOOST_NUBIA_SCENARIO_TRIGGER_LONGDESC_HORSEBACK_RIDING">
      <Text>Yakında benzer birlikleri sahaya sürebilecek kadar çok Atlı yendik.</Text>
    </Row>
    <!-- Terrain/Features-->
    <Row Tag="LOC_FEATURE_CATARACT_NAME">
      <Text>Katarakt</Text>
    </Row>
    <Row Tag="LOC_TERRAIN_NILE_RIVER_NAME">
      <Text>Nil Nehri</Text>
    </Row>
    <!-- Victories -->
    <Row Tag="LOC_VICTORY_NUBIA_SCENARIO_TEXT">
      <Text>Büyük tanrı Amun'un görkemi için 7 Tapınak inşa eden ilk oyuncu oldunuz. Elbette başarılarınızı kutlamak için büyük bir piramit inşa edilmeli!</Text>
    </Row>
    <Row Tag="LOC_VICTORY_TEMPLE_COUNT">
      <Text>{1_Player} - Amun için inşa edilen tapınaklar: {2_Num}</Text>
    </Row>
    <Row Tag="LOC_NUBIA_SCENARIO_ENDGAME_RANKING_LEADER_1_NAME">
      <Text>Amun'un Yaşayan Görüntüsü</Text>
    </Row>
    <Row Tag="LOC_NUBIA_SCENARIO_ENDGAME_RANKING_LEADER_2_NAME">
      <Text>İsis tarafından saygı duyulan</Text>
    </Row>
    <Row Tag="LOC_NUBIA_SCENARIO_ENDGAME_RANKING_LEADER_3_NAME">
      <Text>Anubis tarafından kutsanmış</Text>
    </Row>
    <Row Tag="LOC_NUBIA_SCENARIO_ENDGAME_RANKING_LEADER_4_NAME">
      <Text>Horus'un Öğrencisi</Text>
    </Row>
    <Row Tag="LOC_NUBIA_SCENARIO_ENDGAME_RANKING_LEADER_5_NAME">
      <Text>Bes tarafından unutuldu</Text>
    </Row>
    <Row Tag="LOC_NUBIA_SCENARIO_ENDGAME_RANKING_LEADER_6_NAME">
      <Text>Ash tarafından dışlanmış</Text>
    </Row>
    <Row Tag="LOC_NUBIA_SCENARIO_ENDGAME_RANKING_LEADER_1_QUOTE">
      <Text>Tüm tanrıların efendisi seni onurlandırıyor. (Kafana girmesine izin verme.)</Text>
    </Row>
    <Row Tag="LOC_NUBIA_SCENARIO_ENDGAME_RANKING_LEADER_2_QUOTE">
      <Text>Başarınız için sevinç gözyaşları döküyor.</Text>
    </Row>
    <Row Tag="LOC_NUBIA_SCENARIO_ENDGAME_RANKING_LEADER_3_QUOTE">
      <Text>İç organlarınız için özel kanopik kavanozlar hazırlıyor.</Text>
    </Row>
    <Row Tag="LOC_NUBIA_SCENARIO_ENDGAME_RANKING_LEADER_4_QUOTE">
      <Text>Onun eserlerini onurlandırdığınız için asla bir kum fırtınasıyla karşılaşmayacaksınız.</Text>
    </Row>
    <Row Tag="LOC_NUBIA_SCENARIO_ENDGAME_RANKING_LEADER_5_QUOTE">
      <Text>Belki bir dahaki sefere seni yılanlar hakkında uyarmayı unutmaz.</Text>
    </Row>
    <Row Tag="LOC_NUBIA_SCENARIO_ENDGAME_RANKING_LEADER_6_QUOTE">
      <Text>Hiçbir çölde vaha bulamazsınız; sadece kum üstüne kum.</Text>
    </Row>
    <!-- Events-->
    <Row Tag="LOC_SCENARIO_NUBIA_EVENT_TITLE_1">
      <Text>Eski Krallığı Yeniden Kurun</Text>
    </Row>
    <Row Tag="LOC_SCENARIO_NUBIA_EVENT_TITLE_2">
      <Text>Nubia Yayını Çekiyor</Text>
    </Row>
    <Row Tag="LOC_SCENARIO_NUBIA_EVENT_TITLE_3">
      <Text>Pítati Nubia'ya Geri Dönüyor</Text>
    </Row>
    <Row Tag="LOC_SCENARIO_NUBIA_EVENT_TITLE_4">
      <Text>Pítati Servisimize Geri Dönün</Text>
    </Row>
    <Row Tag="LOC_SCENARIO_NUBIA_EVENT_TITLE_5">
      <Text>Firavun Mentuhotep II Tahta Çıkıyor</Text>
    </Row>
    <Row Tag="LOC_SCENARIO_NUBIA_EVENT_TITLE_6">
      <Text>Firavun Mentuhotep II Osiris ile Buluşuyor</Text>
    </Row>
    <Row Tag="LOC_SCENARIO_NUBIA_EVENT_TITLE_7">
      <Text>Baş Rahibe Kutsal Alanı Adadı</Text>
    </Row>
    <Row Tag="LOC_SCENARIO_NUBIA_EVENT_TITLE_8">
      <Text>Kral Piye Tahta Çıkıyor</Text>
    </Row>
    <Row Tag="LOC_SCENARIO_NUBIA_EVENT_TITLE_9">
      <Text>Kral Piye Osiris ile Buluşuyor</Text>
    </Row>
    <Row Tag="LOC_SCENARIO_NUBIA_EVENT_TITLE_10">
      <Text>Kraliçe Amanirenas Tahta Çıkıyor</Text>
    </Row>
    <Row Tag="LOC_SCENARIO_NUBIA_EVENT_TITLE_11">
      <Text>Kraliçe Amanirenas Osiris ile Buluşuyor</Text>
    </Row>
    <Row Tag="LOC_SCENARIO_NUBIA_EVENT_TITLE_12">
      <Text>Hyksos İstilası</Text>
    </Row>
    <Row Tag="LOC_SCENARIO_NUBIA_EVENT_TITLE_13">
      <Text>Libya İşgal Ediyor</Text>
    </Row>
    <Row Tag="LOC_SCENARIO_NUBIA_EVENT_TITLE_14">
      <Text>Asur İstilası</Text>
    </Row>
    <Row Tag="LOC_SCENARIO_NUBIA_EVENT_TITLE_15">
      <Text>Pers İstilası</Text>
    </Row>
    <Row Tag="LOC_SCENARIO_NUBIA_EVENT_TITLE_16">
      <Text>Makedon İstilası</Text>
    </Row>
    <Row Tag="LOC_SCENARIO_NUBIA_EVENT_TITLE_17">
      <Text>Roma İstila Ediyor</Text>
    </Row>
    <Row Tag="LOC_SCENARIO_NUBIA_EVENT_TITLE_18">
      <Text>Gizli Savaş Filleri</Text>
    </Row>
    <Row Tag="LOC_SCENARIO_NUBIA_EVENT_DESCRIPTION_1">
      <Text>Eski Krallık artık yok. İç savaş ülkeyi sarsıyor olsa da, ailenizin kaderi yeniden birleşmiş bir Mısır. Belki de Nubyalı paralı askerlerin kısa süreli yardımı Nil nehri boyunca uzanan şehirleri geri almanıza yardımcı olabilir.</Text>
    </Row>
    <Row Tag="LOC_SCENARIO_NUBIA_EVENT_DESCRIPTION_2">
      <Text>Aileniz Nil nehrinin hayati bir bölümüne hükmediyor. Kuzeydeki Mısırlı komşularınız iç çekişmelerle boğuşurken, Yay Ülkesi kendini imparatorluğun eşiğinde buluyor.</Text>
    </Row>
    <Row Tag="LOC_SCENARIO_NUBIA_EVENT_DESCRIPTION_3">
      <Text>Nubyalı paralı askerler kontratlarını tamamladı. Yay Ülkesi'ne dönüyorlar.</Text>
    </Row>
    <Row Tag="LOC_SCENARIO_NUBIA_EVENT_DESCRIPTION_4">
      <Text>Paralı okçularımız Mısır'la olan sözleşmelerini tamamladılar. Evlerine tecrübeli ve iyi maaşla dönüyorlar.</Text>
    </Row>
    <Row Tag="LOC_SCENARIO_NUBIA_EVENT_DESCRIPTION_5">
      <Text>Büyük Mentuhotep II, Yukarı ve Aşağı Mısır'ın yeniden birleşmesinden başka bir şey istememektedir. Eğer başarılı olursa, onu "İki Ülkeyi Birleştiren Horus" unvanıyla onurlandıracağız.</Text>
    </Row>
    <Row Tag="LOC_SCENARIO_NUBIA_EVENT_DESCRIPTION_6">
      <Text>Mentuhotep II'nin ölümüyle birlikte yaşam gücü bedeninden ayrılır ve öbür dünyaya doğru yeni bir yolculuğa başlar. Orada Osiris'in yargısıyla karşılaşacaktır. Yaptıkları ona sonsuz yaşamı kazandırsın.</Text>
    </Row>
    <Row Tag="LOC_SCENARIO_NUBIA_EVENT_DESCRIPTION_7">
      <Text>Yeni ibadet yerinizi tamamlamak için dini bir lider ortaya çıkıyor. Onun yardımıyla tanrılarımızın sahip olduğu ilahi güçlerin yeni sembollerini oluşturabiliriz.</Text>
    </Row>
    <Row Tag="LOC_SCENARIO_NUBIA_EVENT_DESCRIPTION_8">
      <Text>Dürüst Kral Piye, Mısır halkını efendilerinin kalbindeki çürümüşlükten kurtarmaya çalışır. Bunu, Nübye egemenliği Mısır topraklarının derinliklerine yayılsa bile yapmalıdır.</Text>
    </Row>
    <Row Tag="LOC_SCENARIO_NUBIA_EVENT_DESCRIPTION_9">
      <Text>Piye'nin ölümüyle birlikte yaşam gücü bedeninden ayrılır ve öbür dünyaya doğru yeni bir yolculuğa başlar. Orada Osiris'in yargısıyla karşılaşacak. Yaptıkları ona sonsuz yaşamı kazandırsın.</Text>
    </Row>
    <Row Tag="LOC_SCENARIO_NUBIA_EVENT_DESCRIPTION_10">
      <Text>Acımasız Kraliçe Amanirenas yabancı istilacılardan korkmaz. Herhangi biri Nubia'yı tehdit ederse, dünyanın en güçlü orduları olsalar bile saldırıya bizzat liderlik edecektir.</Text>
    </Row>
    <Row Tag="LOC_SCENARIO_NUBIA_EVENT_DESCRIPTION_11">
      <Text>Amanirenas'ın ölümüyle birlikte yaşam gücü bedeninden ayrılır ve öbür dünyaya doğru yeni bir yolculuğa başlar. Orada Osiris'in yargısıyla karşılaşacak. Yaptıkları ona sonsuz yaşamı kazandırsın.</Text>
    </Row>
    <Row Tag="LOC_SCENARIO_NUBIA_EVENT_DESCRIPTION_12">
      <Text>Yabancı istilacılar kuzeydoğudan geliyor! Hiksoslar, Levant'tan gelen savaş arabalarıyla donatılmış vahşi bir orduya komuta etmektedir. Nil boyunca daha önce hiç görülmemiş bir savaş aracıyla geliyorlar: At.</Text>
    </Row>
    <Row Tag="LOC_SCENARIO_NUBIA_EVENT_DESCRIPTION_13">
      <Text>Yabancı istilacılar Akdeniz'den geliyor! Libyalılar batıdan geliyor, kıyı boyunca Nil'e doğru yürüyorlar. Doğudan ise gizemli müttefikleri Deniz İnsanları geliyor.</Text>
    </Row>
    <Row Tag="LOC_SCENARIO_NUBIA_EVENT_DESCRIPTION_14">
      <Text>Yabancı istilacılar kuzeydoğudan geliyor! Sha-Nabu-shu liderliğindeki Asurlular Mezopotamya topraklarını çoktan fethetti. Bu korkunç düşmana dikkat edin!</Text>
    </Row>
    <Row Tag="LOC_SCENARIO_NUBIA_EVENT_DESCRIPTION_15">
      <Text>Yabancı istilacılar kuzeyden geliyor! Persler Asurluların peşinde. Doğudan gelen krallıklardan biri Nil boyunca bir yer edinecek mi?</Text>
    </Row>
    <Row Tag="LOC_SCENARIO_NUBIA_EVENT_DESCRIPTION_16">
      <Text>Yabancı istilacılar kuzeydoğudan geliyor! Makedonyalı İskender'in fetihlerinin dünyanın öbür ucuna kadar uzandığı söylenir. Şimdi de Nil halkını imparatorluğuna katmaya çalışıyor.</Text>
    </Row>
    <Row Tag="LOC_SCENARIO_NUBIA_EVENT_DESCRIPTION_17">
      <Text>Yabancı istilacılar kuzeyden geliyor! Roma ordusunun kudretli lejyonları Nil'i kendilerine almak için batıdan geldi. Dönemin en güçlü ordusunu durdurabilecek biri var mı?</Text>
    </Row>
    <Row Tag="LOC_SCENARIO_NUBIA_EVENT_DESCRIPTION_18">
      <Text>Büyük masraflarla, gizli bir eğitim sahasında savaş filleri yetiştirdik. Onları yakından koruyun - yavaş üremelerine rağmen sayılarını koruyabiliriz, ancak daha fazlasını eğitmeyi beklemeyin.</Text>
    </Row>
    <Row Tag="LOC_SCENARIO_NUBIA_EVENT_EFFECT_1">
      <Text>Bu Nubyalı Pítati Okçuları, önümüzdeki 6 tur boyunca ordunuzda görev yapacak.</Text>
    </Row>
    <Row Tag="LOC_SCENARIO_NUBIA_EVENT_EFFECT_2">
      <Text>Bir şehir kurun ve yakınlardaki zengin maden yataklarını keşfedin.</Text>
    </Row>
    <Row Tag="LOC_SCENARIO_NUBIA_EVENT_EFFECT_3">
      <Text>Pítati Okçu birimleriniz kaldırıldı.</Text>
    </Row>
    <Row Tag="LOC_SCENARIO_NUBIA_EVENT_EFFECT_4">
      <Text>Bu deneyimli Pítati Okçuları artık [ICON_Capital] Başkentimizin yakınlarında bulunuyor. Ayrıca 100 [ICON_Gold] Altın kazandık.</Text>
    </Row>
    <Row Tag="LOC_SCENARIO_NUBIA_EVENT_EFFECT_5">
      <Text>Bu [ICON_GreatGeneral] Büyük General önümüzdeki 15 tur boyunca birliklerimize liderlik edecek.</Text>
    </Row>
    <Row Tag="LOC_SCENARIO_NUBIA_EVENT_EFFECT_6">
      <Text>[ICON_GreatGeneral] Büyük General Mentuhotep II kaldırıldı.</Text>
    </Row>
    <Row Tag="LOC_SCENARIO_NUBIA_EVENT_EFFECT_7">
      <Text>Bu Baş Rahibe, Duvarcılık teknolojisini araştırdıktan sonra benzersiz geliştirmenizi (Sfenks veya Nubya Piramidi) inşa etmek için kullanılabilir.</Text>
    </Row>
    <Row Tag="LOC_SCENARIO_NUBIA_EVENT_EFFECT_8">
      <Text>Bu [ICON_GreatGeneral] Büyük General önümüzdeki 15 tur boyunca birliklerimize liderlik edecek.</Text>
    </Row>
    <Row Tag="LOC_SCENARIO_NUBIA_EVENT_EFFECT_9">
      <Text>[ICON_GreatGeneral] Büyük General Piye kaldırıldı.</Text>
    </Row>
    <Row Tag="LOC_SCENARIO_NUBIA_EVENT_EFFECT_10">
      <Text>Bu [ICON_GreatGeneral] Büyük General önümüzdeki 15 tur boyunca birliklerimize liderlik edecek.</Text>
    </Row>
    <Row Tag="LOC_SCENARIO_NUBIA_EVENT_EFFECT_11">
      <Text>[ICON_GreatGeneral] Büyük General Amanirenas kaldırıldı.</Text>
    </Row>
    <Row Tag="LOC_SCENARIO_NUBIA_EVENT_EFFECT_12">
      <Text>Bu Hyksos istilacıları Akdeniz kıyısı boyunca şehirleri fethetmeye ve bir krallık kurmaya çalışacaklardır.</Text>
    </Row>
    <Row Tag="LOC_SCENARIO_NUBIA_EVENT_EFFECT_13">
      <Text>Bu Libyalı istilacılar şehirleri fethetmeye ve Akdeniz kıyısı boyunca bir krallık kurmaya çalışacaklar.</Text>
    </Row>
    <Row Tag="LOC_SCENARIO_NUBIA_EVENT_EFFECT_14">
      <Text>Bu Asurlu istilacılar Akdeniz kıyısı boyunca şehirleri fethetmeye ve bir krallık kurmaya çalışacaklardır.</Text>
    </Row>
    <Row Tag="LOC_SCENARIO_NUBIA_EVENT_EFFECT_15">
      <Text>Bu Pers istilacılar Akdeniz kıyısı boyunca şehirleri fethetmeye ve bir krallık kurmaya çalışacaklardır.</Text>
    </Row>
    <Row Tag="LOC_SCENARIO_NUBIA_EVENT_EFFECT_16">
      <Text>Bu Makedonyalı istilacılar şehirleri fethetmeye ve Akdeniz kıyısı boyunca bir krallık kurmaya çalışacaklardır.</Text>
    </Row>
    <Row Tag="LOC_SCENARIO_NUBIA_EVENT_EFFECT_17">
      <Text>Bu Romalı istilacılar şehirleri fethetmeye ve Akdeniz kıyısı boyunca bir krallık kurmaya çalışacaklardır.</Text>
    </Row>
    <Row Tag="LOC_SCENARIO_NUBIA_EVENT_EFFECT_18">
      <Text>Yeni Savaş Fili birimleri artık mevcut. Bir şehirde inşa edilemezler ve yalnızca bu etkinlikle alınabilirler.</Text>
    </Row>
  </EnglishText>
</GameData>