﻿<?xml version="1.0" encoding="utf-8" standalone="yes"?>
<!-- edited with XMLSPY v2004 rel. 2 U (http://www.xmlspy.com) by Ed Beach (Firaxis Games) -->
<GameData>
  <EnglishText>
    <!-- Civs-->
    <Row Tag="LOC_PEDIA_CIVILIZATIONS_PAGE_CIVILIZATION_SCYTHIA_CHAPTER_HISTORY_PARA_1">
      <Text>İskitler, yaklaşık bin yıl boyunca Orta Asya bozkırlarında dolaşan, okuma yazma bilmeyen göçebe-çobanlardan oluşan gevşek (çok gevşek) bir konfederasyondu. Onlar hakkında bilinenlerin çoğu bir avuç antik "tarihçiden" - Yunan Herodot ve Roma-Yunan Strabo gibileri ve birkaç Hindu metninden - gelmektedir ve bu çok fazla değildir. İskitler zirvede oldukları dönemde Pontus-Hazar Bozkırı'nın tamamına ve ötesine, bugünkü Ukrayna'dan Mançurya sınırlarına kadar yayılmışlardı. İpek Yolu'nun üzerinde oturuyorlardı, köle ticaretiyle zenginleştiler, kendilerine özgü bir sanatsal tarz geliştirdiler ve uygarlığa sentor ve Amazon efsaneleri bıraktılar... ama başka pek bir şey bırakmadılar.</Text>
    </Row>
    <Row Tag="LOC_PEDIA_CIVILIZATIONS_PAGE_CIVILIZATION_SCYTHIA_CHAPTER_HISTORY_PARA_2">
      <Text>Modern akademisyenler "İskit" teriminin antik yazarlar tarafından bozkırlarda yaşayan, birbiriyle ilgisi olmayan ancak yaşam tarzı ve dil açısından bazı benzerlikler taşıyan çok çeşitli atlı savaşçıları ifade etmek için kullanıldığını belirtmektedir. Herodot, İskitlerin doğu bozkırlarında ortaya çıktıklarını ve burada yakın akraba oldukları Massagetae ile savaştıklarını ancak "kötü bir başarı elde ettiklerini" belirtir. Bu nedenle İskit kabileleri batıya göç etmiş, Araxes nehrini geçmiş ve 30 yıl içinde Kimmerleri (kendileri de Asur'a göç etmiş ve orada cehennemi yaratmışlardır) yerinden etmiştir. Usta atlılar ve yetenekli okçular olan İskit kabileleri bölgeye yayılmış ve kaliteli zamanlarını Makedon ve Pers yerleşimlerine akınlar düzenleyerek geçirmişlerdir.</Text>
    </Row>
    <Row Tag="LOC_PEDIA_CIVILIZATIONS_PAGE_CIVILIZATION_SUMERIA_CHAPTER_HISTORY_PARA_1">
      <Text>Asla bir krallık ya da imparatorluk olmayan, daha çok ortak geleneklere ve bazen merkezi bir otoriteye sahip şehir devletleri topluluğu olan Sümer, yine de dünyanın ilk "uygarlığı" olarak kabul edilir. Krallık (ya da daha doğrusu hegemonya), yerleşik ve etkili şehir devletlerinin yöneticilerinden birbirini izleyen kısa ömürlü hanedanlar yaratma eğiliminde olan rahiplik tarafından verilmeye başlandı: Kiş, Lagaş, Ur, Uruk, Adab ve diğerleri. MÖ 3000'den önce bir noktada, Sümerler yazılı bir dil geliştirdiler (daha doğrusu proto-okuryazarlık dönemlerinde logografik bir dil), bu yüzden en azından tarihçiler ne yaptıklarına dair bir fikre sahipler.</Text>
    </Row>
    <Row Tag="LOC_PEDIA_CIVILIZATIONS_PAGE_CIVILIZATION_SUMERIA_CHAPTER_HISTORY_PARA_2">
      <Text>Bu yazılardan ve herhangi bir şüphe varsa diye arkeolojik kanıtlardan, Ubeydlilerin Sümer olarak adlandırılan bölgedeki ilk uygarlaştırıcı (uygarlık standartları yüksek değil) güç olduğu anlaşılıyor. Fırat Nehri boyunca bataklıkları kurutmuşlar, kerpiçten kulübeler ve duvarlar inşa etmişler, tarlaları sulamışlar, dokumacılığı, dericiliği, duvarcılığı, çömlekçiliği ve yazılı bir dili geliştirmişlerdir. Zamanla uygar toplumların bir başka özelliğini, kuzeydeki dağlık bölgeden ele geçirdikleri köleleri kullanmaya başladılar. Daha sonra, genellikle tapınak merkezli ve bir tür merkezi yönetime sahip (genellikle bir grup yaşlı danışmanla birlikte bir rahip-kral) birkaç şehir inşa ettiler. Tüm bu kentleşmeyle birlikte, Sümer uygarlığı nihayet MÖ dördüncü bin yıl civarında bir araya geldi.</Text>
    </Row>
    <Row Tag="LOC_PEDIA_CIVILIZATIONS_PAGE_CIVILIZATION_INDIA_CHAPTER_HISTORY_PARA_1">
      <Text>Hindistan, dünyanın en eski medeniyetlerinden biri ya da en yenilerinden biri olarak görülebilir. Dünyanın kavşak noktasında yer alan Hindistan, kuzeyde Maurya ve Gupta (tesadüfen bir noktada İskender'le ters düşmüştür) ve güneyde Güneydoğu Asya ile derin bağlantıları olan Chola gibi imparatorluklardan ve fatihlerden payını almıştır. Ancak Rönesans ve Erken Modern dönemlerin çoğunda Hindistan başka istilacıların egemenliği altındaydı: Moğolların torunları tarafından kurulan Babür İmparatorluğu, Hint sanatının, mimarisinin ve başarılarının en parlak noktalarından biri haline geldi. Bu İslami yönetim altında Tac Mahal ve Kızıl Kale gibi yapılar yükseldi... ta ki İngiliz Doğu Hindistan Şirketi ortaya çıkana kadar.</Text>
    </Row>
    <Row Tag="LOC_PEDIA_CIVILIZATIONS_PAGE_CIVILIZATION_INDIA_CHAPTER_HISTORY_PARA_2">
      <Text>MS 1498 yılında Vasco de Gama'nın filosu Afrika'yı dolaşarak Hindistan'ı "keşfetmeyi" başardı; her ne kadar bazı krallık ve imparatorluklar Roma İmparatorluğu döneminden beri Batı ile ticaret yapıyor olsalar da. Portekizliler alt kıtanın kıyıları boyunca ticaret karakolları kurdular; onları Hollandalılar, İngilizler ve nihayetinde Fransızlar izledi - hepsi de kiralık ticaret şirketleri kisvesi altında. Bir anonim şirket olan Honorable East India Company, Aralık 1600'de I. Elizabeth tarafından Uzak Doğu ile temel malların ticaretini yapmak üzere kuruldu; en güçlü olduğu dönemde dünya ticaretinin yarısını gerçekleştiriyordu. Zaman içinde Hindistan'da varlığı olan tek Avrupalı şirket haline geldi.</Text>
    </Row>
    <Row Tag="LOC_PEDIA_CIVILIZATIONS_PAGE_CIVILIZATION_GREECE_CHAPTER_HISTORY_PARA_1">
      <Text>Yunanistan'ın Klasik (genellikle Helenik olarak adlandırılır) Çağı, MÖ 510'da son Atinalı tiranın ölümüyle başlar ve MÖ 336'da Makedonyalı Phillip II'nin öldürülmesiyle sona erer. Bu dönemin büyük adamların ölümleriyle tanımlanması yerinde olmuştur, çünkü iki uzun savaş, etkili şehir devletlerinin düşüşü ve Makedon hegemonyasının yükselişiyle damgalanan kanlı bir dönemdi. Ancak bu 174 yıl aynı zamanda Yunanistan'ın Batı medeniyetinin temellerini attığı yıllardı: deneyciliğin, sanatsal estetiğin, siyasi yapıların, edebi formların ve kültürü oluşturan şeylerin çoğunun başlangıcı. Dolayısıyla, zıtlıklarla dolu bir çağdı ve dünya tarihinde ikonik bir dönem ve yerdi.</Text>
    </Row>
    <Row Tag="LOC_PEDIA_CIVILIZATIONS_PAGE_CIVILIZATION_GREECE_CHAPTER_HISTORY_PARA_2">
      <Text>Yunanlılar (o zamandan beri yanlış kullanılan) polis terimini şehir devletlerini ifade etmek için icat ettiler; geleneksel olarak bu terim klasik Atina tarzı siyasi birim için kullanılıyordu - çok daha küçük yakın kasaba ve köylere hükmeden merkezi bir şehir. Ancak bu terim, Sparta'nın örgütlenmesine daha yakın bir şekilde, tüm güce sahip bir merkezi şehir olmaksızın, müttefik küçük kasabalardan oluşan bir gruplaşmayı da tanımlayabilir. Ve bu fark klasik Yunanistan tarihi hakkında pek çok şeyi açıklamaktadır. Diğerlerinden daha etkili dört şehir devleti vardı: Korint, Teb, Atina ve Sparta. Her polis, yalnızca kendi vatandaşlarına karşı sorumlu olan egemen bir siyasi varlıktı. Şehir devletlerinin vatandaşları ortak bir dili, tarihi ve kültürü (tabii ki Yunanca) paylaşıyor olsalar da, bu onları kendi aralarında sürekli didişmekten ve ruh hallerine göre birbirleriyle savaşmaktan alıkoymuyordu. Yunanlılar ortak bir düşmanla yüzleşmek için bir araya gelebilirlerdi, ancak bu tür ittifaklar, anlık kriz sona erdiğinde ve birbirlerini katletmeye geri dönebildiklerinde hızla terk edildi.</Text>
    </Row>
    <Row Tag="LOC_PEDIA_CIVILIZATIONS_PAGE_CIVILIZATION_ROME_CHAPTER_HISTORY_PARA_1">
      <Text>Roma'nın M.Ö. 750 civarında Romulus ve Remus tarafından mı, Truva'dan gelen mülteciler tarafından mı, yoksa yakınlarda temiz su kaynağı olan güzel bir tepe bulan serseri bir ekip tarafından mı kurulduğuna inanılırsa inanılsın, birkaç yüzyıl boyunca - deyim yerindeyse - tüm yollar ona çıkmıştır. Zamanla patrisyenler, plebleri ekmek ve sirklerle ciddi meselelere karşı ilgisiz tutabileceklerini keşfettiler - hala bir gerçek - ve Cumhuriyet bir diktatörlüğe ve daha sonra bir İmparatorluğa dönüştü. Roma, Batı medeniyetinin temelini atmıştır ve gelenekleri (iyi ve kötü) bugün de yaşamaktadır.</Text>
    </Row>
    <Row Tag="LOC_PEDIA_CIVILIZATIONS_PAGE_CIVILIZATION_ROME_CHAPTER_HISTORY_PARA_2">
      <Text>Roma inanışına göre şehir, tanrı Mars ile bir insan kralın kızının oğulları olan Romulus ve Remus adlı ikiz kardeşler tarafından kurulmuştur. Çocuklar doğduklarında terk edilmişlerdi, ancak onları emziren bir dişi kurt tarafından kurtarıldılar. Olgunluğa eriştiklerinde çocuklar yeni bir şehir kurdular, sonra kimin yöneteceği (ya da bazılarının dediği gibi, bir duvarın yüksekliği) konusunda kavga ettiler. Romulus kazandı; kardeşini öldürdü ve Roma'nın ilk kralı oldu. Bu terk edilme, dişi kurt ve cinayet hikâyesi Roma'nın sonraki tarihi hakkında epeyce bilgi verebilir.</Text>
    </Row>
    <Row Tag="LOC_PEDIA_CIVILIZATIONS_PAGE_CIVILIZATION_ARABIA_CHAPTER_HISTORY_PARA_1">
      <Text>Veda haccından birkaç ay sonra - böylece haccın temelini atmış olan - Peygamber Muhammed 62 yaşındayken hastalandı ve MS 632 yılının Haziran ayında Medine'de vefat etti. Sünni yazına göre, takipçileri Ebu Bekir Sıddık'ı Emirü'l-Mü'minin ("Sadıkların Komutanı"), Muhammed'in halefi ve Raşidun halifelerinin ilki olarak seçmiştir. Şii Müslümanlar ise bunun yerine Peygamber'in damadı ve kuzeni olan Ali'nin Muhammed'in kendi seçtiği ruhani ve zamansal halefi olduğunu savunur ve böylece bugün de devam eden bir bölünme ortaya çıkar.</Text>
    </Row>
    <Row Tag="LOC_PEDIA_CIVILIZATIONS_PAGE_CIVILIZATION_ARABIA_CHAPTER_HISTORY_PARA_2">
      <Text>Ebubekir ve Medine'den yöneten üç yetenekli halefinin yönetiminde, Peygamber'in vizyonuyla ateşlenen İslam savaşçıları çölleri ve ovaları her yönden geçerek İran, Suriye, Mısır ve Anadolu'nun büyük bölümünü ve Kuzey Afrika kıyılarını ele geçirdiler. 650 ile 655 yılları arasında Akdeniz adaları Kıbrıs, Girit, Rodos ve Sicilya'nın büyük bir bölümünü de ekleyerek Bizans İmparatorluğu'nun kapısını çaldılar. Bizans imparatoru Constans II, 655 yılında Arap saldırısına karşı bir filoyu bizzat yönetmiş, ancak 500 kadar gemi kaybederek canını zor kurtarmıştır. Raşidun halifeliği zirveye ulaştığında o güne kadarki en büyük imparatorluktu.</Text>
    </Row>
    <!-- City States -->
    <Row Tag="LOC_PEDIA_CITYSTATES_PAGE_CIVILIZATION_ASHMUNEIN_CHAPTER_HISTORY_PARA_1">
      <Text>"Bir zamanlar Mısır'ın Eski Krallığı'nın bir parçası olan Aşmunein şehri günümüzde Yukarı ve Aşağı Mısır sınırında yer almaktadır."</Text>
    </Row>
    <Row Tag="LOC_PEDIA_CITYSTATES_PAGE_CIVILIZATION_BAHARIYA_CHAPTER_HISTORY_PARA_1">
      <Text>"Nil deltasının batısında Bahariye vahası var. Oraya ulaşabilirsek Libyalı kabilelerle ticaret yapabiliriz."</Text>
    </Row>
    <Row Tag="LOC_PEDIA_CITYSTATES_PAGE_CIVILIZATION_BYBLOS_CHAPTER_HISTORY_PARA_1">
      <Text>"Sedir şehri Nil'in insanlarından daha uzun süredir var. İçinden sadece en iyi mallar geçer."</Text>
    </Row>
    <Row Tag="LOC_PEDIA_CITYSTATES_PAGE_CIVILIZATION_DAKHLA_CHAPTER_HISTORY_PARA_1">
      <Text>"Dakhla vahası Batı Çölü'nün derinliklerinde yer alır. Nil'in kucağından uzaklaşan tüccarlar için hayati bir duraktır."</Text>
    </Row>
    <Row Tag="LOC_PEDIA_CITYSTATES_PAGE_CIVILIZATION_IHNASIYA_CHAPTER_HISTORY_PARA_1">
      <Text>"Kraliyet Çocuğu'nun Evi olan İhnasiye, Eski Krallık'ın çöküşünden bu yana Aşağı Mısır'ın varsayılan başkenti olmuştur."</Text>
    </Row>
    <Row Tag="LOC_PEDIA_CITYSTATES_PAGE_CIVILIZATION_IREM_CHAPTER_HISTORY_PARA_1">
      <Text>"Nil üzerinde Altıncı Katarakt'ın ötesine tünemiş olan uzak İrem, fildişi ticaretiyle tanınır."</Text>
    </Row>
    <Row Tag="LOC_PEDIA_CITYSTATES_PAGE_CIVILIZATION_KHARGA_CHAPTER_HISTORY_PARA_1">
      <Text>"Kharga'dan çok fazla altın akar. Bu hayati vaha Birinci Katarakt'ın kuzeybatısında yer alır."</Text>
    </Row>
    <Row Tag="LOC_PEDIA_CITYSTATES_PAGE_CIVILIZATION_NEKHEN_CHAPTER_HISTORY_PARA_1">
      <Text>"Firavun Khasekhemwy, Mısır'ın Eski Krallık döneminin bir parçasıyken Nekhen'i geliştirmiştir. Boyalı mezarları ilham verici bir manzaradır."</Text>
    </Row>
    <Row Tag="LOC_PEDIA_CITYSTATES_PAGE_CIVILIZATION_ON_CHAPTER_HISTORY_PARA_1">
      <Text>"Mısır'ın Eski Krallığı'nın piramitleri, Nil'in bittiği ve deltasının başladığı yere yakın olan On şehrine gölge düşürüyor."</Text>
    </Row>
    <Row Tag="LOC_PEDIA_CITYSTATES_PAGE_CIVILIZATION_PUNT_CHAPTER_HISTORY_PARA_1">
      <Text>"Doğudan gelen baharatlar Punt şehrinden geçer. Kızıldeniz'deki bir ticaret kaynağı, sahip olunması gereken değerli bir ortaktır."</Text>
    </Row>
    <Row Tag="LOC_PEDIA_CITYSTATES_PAGE_CIVILIZATION_SHARUHEN_CHAPTER_HISTORY_PARA_1">
      <Text>"Filistin'le ticaret yapmak mı istiyorsunuz? Sharuhen rotayı vahadaki aslanlar gibi kontrol ediyor. En iyisi onlarla doydukları zaman uğraşmak."</Text>
    </Row>
    <Row Tag="LOC_PEDIA_CITYSTATES_PAGE_CIVILIZATION_SERABIT_EL_KHADIM_CHAPTER_HISTORY_PARA_1">
      <Text>"Serabit el-Khadim maden kasabası topraktan çıkarılan zenginliklerle süslenmiştir. Müttefikleri de bu fazlalıktan faydalanıyor."</Text>
    </Row>
    <Row Tag="LOC_PEDIA_CITYSTATES_PAGE_CIVILIZATION_THINIS_CHAPTER_HISTORY_PARA_1">
      <Text>"En eski firavun hanedanları Thinis'i Mısır'ın başkenti olarak kabul etmişlerdir. Batı Çölü'ndeki hayati vahalara açılan bir kapı olmaya devam ediyor."</Text>
    </Row>
    <!-- Leaders -->
    <Row Tag="LOC_PEDIA_LEADERS_PAGE_LEADER_GANDHI_CHAPTER_HISTORY_PARA_1">
      <Text>Çok az kişi meşru olarak ülkesinin bapu'su (Gujarati dilinde "baba") olarak adlandırılabilir; daha da azı bu lakaba çok fazla kan dökmeden ulaşmıştır. Ancak dünya çapında daha çok Mahatma (Sanskritçe "saygıdeğer") Gandhi olarak bilinen Mohandas Gandhi bunu yapabilir. Satyagraha (kendi bulduğu bir terim, kelimenin tam anlamıyla "hakikat gücü") ya da kitlesel sivil itaatsizlik yoluyla zorbalığa karşı direniş yaklaşımına öncülük etti ve bu taktiğin anavatanına bağımsızlık getirmek için kullanılmasını istedi.</Text>
    </Row>
    <Row Tag="LOC_PEDIA_LEADERS_PAGE_LEADER_GILGAMESH_CHAPTER_HISTORY_PARA_1">
      <Text>Tarihçiler yarı efsanevi (aslında neredeyse tamamen efsanevi) Gılgamış hakkında çok az şey biliyor. Yaklaşık dört bin yıl önce kil tabletler üzerine çivi yazısıyla kazınan ve edebiyatın ilk büyük eseri olarak kabul edilen Gılgamış Destanı'nda Gılgamış, Sümer uygarlığındaki Uruk şehir devletinin kralı olan insanüstü güce sahip bir yarı tanrıdır. O büyük kaslarını kullanarak, sevgili halkını barbar akınlarına karşı korumak için Uruk'un yüksek surlarını inşa etmiştir. Ayrıca kaslarını kırsal alana dağılmış zigguratların inşasında da kullanmıştır.</Text>
    </Row>
    <Row Tag="LOC_PEDIA_LEADERS_PAGE_LEADER_PERICLES_CHAPTER_HISTORY_PARA_1">
      <Text>Döneminin tartışmasız en etkili Yunan hatibi ve generali olan Perikles, çağdaş tarihçi Thukydides'ten başkası tarafından "Atina'nın ilk vatandaşı" olarak adlandırılmamıştır (ancak kendisi siyaseti kişisel çıkar ve korkuya dayalı olarak görmüştür, bu nedenle görüşüne biraz tolerans gösterilmelidir). Tamamen kendine hizmet eden Perikles, Perslere karşı mücadeleyi sürdürecek olan Delian Birliği'ni bir Atina proto-imparatorluğuna dönüştürdü. Ayrıca Atina'yı Yunanistan'ın sanatsal ve kültürel merkezi haline getirmeye çalıştı ve bunda da oldukça başarılı oldu. Çiçeği burnunda Atina demokrasisine verdiği destekten dolayı da "popülist" olarak adlandırılmıştır (ki kendisi de buna gülerdi).</Text>
    </Row>
    <Row Tag="LOC_PEDIA_LEADERS_PAGE_LEADER_SALADIN_CHAPTER_HISTORY_PARA_1">
      <Text>Düşmanları tarafından Selahaddin olarak bilinen Salahaddin Yusuf ibn Eyyub, Mısır ve Suriye'nin ilk sultanı olarak İnananların Arap ordularına komuta edecek kadar yükselmiş bir Kürt soylusuydu. MS 1138 civarında Tikrit'te doğan Selahaddin'in kişisel adı Yusuf'tu, ancak kendisine verilen isim bir laqab'dı; "Salah ad-Din" gevşek bir şekilde "İnancın Doğruluğu" olarak tercüme edilir. Ve dürüst Selahaddin, Tikrit'teki kalenin eski muhafızı olan babası Necmeddin Eyyub tarafından askeri ve dini bir eğitim aldı. Eyyub ailesi bir kan davasına karıştı ve Tikrit'ten sürüldü - sözde Selahaddin'in doğduğu gece ayrıldılar - ve 1139'da Musul'da son buldu.</Text>
    </Row>
    <Row Tag="LOC_PEDIA_LEADERS_PAGE_LEADER_TOMYRIS_CHAPTER_HISTORY_PARA_1">
      <Text>Antik İskit "kraliçesi" Tomyris'ten Herodot, Strabon, Polyaenus, Cassiodorus ve Jordanes'in "tarihlerinde" bahsedilmektedir. Fransız şair Deschamps, 14. yüzyılda yazdığı baladlarında onu dokuz "Değerli Kadın "dan biri olarak listelemiştir. Gerçekte neye benzediğini kimse bilmese de Rubens, Allegrini, Mattia Preti ve Gustave Moreau gibi ünlü isimler tarafından sanatsal olarak tasvir edilmiştir. Aslında, Herodot tarafından bildirilen ve başkaları tarafından durmadan tekrarlanan tek bir askeri çatışma dışında, Tomyris hakkında gerçek olan çok az şey bilinmektedir.</Text>
    </Row>
    <Row Tag="LOC_PEDIA_LEADERS_PAGE_LEADER_TRAJAN_CHAPTER_HISTORY_PARA_1">
      <Text>İmparator Trajan, kendisinden önce kısa süre hüküm süren ve pek de dikkat çekmeyen Nerva'nın tahta geçmesi ve Hadrianus'un onu takip etmesiyle imparatorluğu toprak genişliğinin zirvesine taşıdı. Yetenekli asker-imparator aslında Roma Senatosu tarafından resmi olarak optimus princeps ("en iyi yönetici") ilan edildi, belki tarafsız değildi ama belli bir bakış açısına sahipti. Trajan aynı zamanda (en azından diğer imparatorların çoğuna kıyasla) nispeten hayırsever hükümdarlığıyla da tanınır; geniş çaplı kamu binaları projeleri başlatmış ve ileri görüşlü sosyal politikalar uygulamıştır, ancak bunların çoğu MS 117'de ölümünden sonra dar görüşlü Senato tarafından terk edilmiştir. "Beş İyi İmparator "un ikincisi olarak kabul edilir (her ne kadar Machiavelli bu terimi 1503'te ortaya atmış olsa da, bu nedenle oldukça büyük bir tuz tanesi ile alın).</Text>
    </Row>
    <!-- Units -->
    <Row Tag="LOC_PEDIA_UNITS_PAGE_UNIT_HIGH_PRIESTESS_CHAPTER_HISTORY_PARA_1">
      <Text>Baş rahibeler dini gelenekleri sürdürür ve Nil boyunca uzanan tapınakların bakımını yaparlardı. Nil halkı arasında önemli bir nüfuza sahiptiler, zaman zaman Nubya kraliyet soylarından ve Mısır hanedanlarından daha fazla güce sahiptiler. Daha sonraki hükümdarlar ülkenin servetinin büyük kısmını rahipler tarafından kontrol edilen binalara yatırmamayı öğreneceklerdi.</Text>
    </Row>
    <Row Tag="LOC_PEDIA_UNITS_PAGE_UNIT_MEDJAY_CHAPTER_HISTORY_PARA_1">
      <Text>Bir zamanlar Nübye toprağı Medja'dan gelen insanlara atıfta bulunan "medjay" adı, M.Ö. 16. yüzyıla gelindiğinde hem Nübyelileri hem de Mısırlıları istihdam eden seçkin bir güçle eşanlamlı hale gelmişti. Anıtları, sarayları ve mezarları korumakla görevlendirilen ve çoğunlukla özerk olan medjay, tahsisatlarını denetleyen bölgesel kaptanlara rapor veriyordu.</Text>
    </Row>
    <!-- NPC Civs -->
    <!-- Buildings -->
    <Row Tag="LOC_PEDIA_BUILDINGS_PAGE_BUILDING_OBELISK_CHAPTER_HISTORY_PARA_1">
      <Text>Bu büyük taş sütunların çiftleri genellikle Nil bölgesindeki tapınakların girişlerini çevreliyordu. M.Ö. İkinci Binyılda güneş tanrısı Ra (daha sonra Amun ve son olarak Amun-Ra) ile ilişkilendirilmişlerdir. Dikilitaşların tek bir parça olarak oyulması, taşınması ve nihayetinde yerlerine kaldırılması antik mühendisliğin etkileyici başarılarıydı.</Text>
    </Row>
    <Row Tag="LOC_PEDIA_BUILDINGS_PAGE_BUILDING_NUBIAN_SHRINE_CHAPTER_HISTORY_PARA_1">
      <Text>Nil bölgesinde hem tanrılara hem de tanrısal olarak görülen kişilere adanmış küçük tapınak mabetleri bulunurdu; bu sonuncular görünüşte dini olsa da, bu tür adanmışlıklar kesinlikle oldukça politikti. Bu tapınaklar dini eserler içeriyordu ve hem kendilerine atanan rahipler hem de hırsızları uzak tutan muhafızlar tarafından ziyaret ediliyordu.</Text>
    </Row>
    <Row Tag="LOC_PEDIA_BUILDINGS_PAGE_BUILDING_TEMPLE_AMUN_CHAPTER_HISTORY_PARA_1">
      <Text>Tanrı Amun'un Nil bölgesi için önemini anlamak için tapınaklarına bakın. Karnak'taki Amun Tapınağı o kadar büyüktür ki beş Büyük Piramit'i barındırabilir. Nubya'daki Jebel Barkal'da bulunan Amun Tapınağı da, eğer Romalılar M.Ö. 25 yılında onu yerle bir etmemiş olsalardı, bu ihtişama ulaşabilirdi.</Text>
    </Row>
    <Row Tag="LOC_PEDIA_BUILDINGS_PAGE_BUILDING_NILOMETER_CHAPTER_HISTORY_PARA_1">
      <Text>Nil Vadisi halkı hayatta kalabilmek için yıllık sellere (ya da "taşkınlara") bağımlıydı. Usta işi nilometreler sel sularının yüksekliğini ölçerdi: çok yüksek olursa insanlar tehlikeli seller bekleyebilirdi. Çok alçak olursa kıtlık yaşanırdı. Bu işaretler arasında kalan her şey nispeten bereketli bir mevsime işaret ediyordu.</Text>
    </Row>
    <!-- Terrain/Features-->
    <Row Tag="LOC_PEDIA_FEATURES_PAGE_FEATURE_CATARACT_CHAPTER_HISTORY_PARA_1">
      <Text>Nil nehrinin altı kataraktı sığlıklar ve akıntılar arasında değişmektedir. Su seviyesine bağlı olarak, kataraktları geçerek ya da tekneyle geçmek mümkündü. Geleneksel olarak Mısır, Nil'in Birinci Katarakt'ın kuzeyindeki kısmını, Nubya ise güneyindeki kısmını sahiplenmiştir.</Text>
    </Row>
    <Row Tag="LOC_PEDIA_FEATURES_PAGE_TERRAIN_NILE_RIVER_CHAPTER_HISTORY_PARA_1">
      <Text>Orta Afrika'nın doğusundan Akdeniz'deki kuzey deltasına akan Nil'in düzenli taşkınları, aksi takdirde yaşanmaz hale gelecek olan çöl arazisine hayat getirmiştir.  Nil olmasaydı Mısır ve Nubya asla var olamazdı.</Text>
    </Row>
    <!-- Techs -->
    <Row Tag="LOC_PEDIA_TECHNOLOGIES_PAGE_TECH_FISHING_CHAPTER_HISTORY_PARA_1">
      <Text>Nil'e bel bağlayan insanlar, iyi hedeflenmiş bir mızrakla kendilerini beslemek için balık tutabilirlerdi. Basit bir kanca, biraz yem ve elde tutulan bir olta ailelerini beslemek için yeterliydi. Ancak balık ağları, tüm şehirleri beslemek için gereken toplu toplamaya yol açtı.</Text>
    </Row>
    <Row Tag="LOC_PEDIA_TECHNOLOGIES_PAGE_TECH_MEDICINE_CHAPTER_HISTORY_PARA_1">
      <Text>Tıp, Hipokrat'ta belirtildiği gibi vücudun hümörlerini - kan, balgam, kara safra ve sarı safra - dengelemenin pratik sanatıdır. Astroloji (gök cisimleri bu hümörleri etkilediği için) ve dört ana elementin incelenmesini de içerebilir: Ateş, toprak, hava ve su. Mantık ve teoloji gibi yüce disiplinleri tam olarak takdir edemeyen kişiler için uygun bir çalışma şeklidir.</Text>
    </Row>
    <Row Tag="LOC_PEDIA_TECHNOLOGIES_PAGE_TECH_FORTIFICATION_CHAPTER_HISTORY_PARA_1">
      <Text>Nil halkının serveti arttıkça, komşularının kıskançlığı da arttı. Sonuç olarak, Mısırlılar ve Nubyalılar en azından M.Ö. İkinci Binyılın başlarında kalıcı kaleler inşa ettiler. Bu kale yerleşimleri tipik olarak büyük kerpiç duvarlara sahipti ve Nil'in stratejik noktalarında kontrol sağlamalarına olanak tanıyordu.</Text>
    </Row>
    <Row Tag="LOC_PEDIA_TECHNOLOGIES_PAGE_TECH_TOMB_BUILDING_CHAPTER_HISTORY_PARA_1">
      <Text>Masrafları karşılayabilen Nil halkı, dini ve pratik nedenlerle ölülerini gömüyordu. İster basit kuyu mezarlar, ister devasa Mısır piramitleri ya da çok daha az gösterişli Nubya piramitleri olsun, kalın bir taş ve toprak tabakası kişinin ölümden sonraki varlığını ve abartılı bir mezar eşyası koleksiyonunu koruyordu.</Text>
    </Row>
    <!-- Civics -->
    <Row Tag="LOC_PEDIA_CIVICS_PAGE_CIVIC_ROYAL_DYNASTIES_CHAPTER_HISTORY_PARA_1">
      <Text>Kavramsal olarak kraliyet hanedanlığı basittir; bir hükümdar iktidarı hükümdarın soyundan gelen birine devreder ve böylece tutarlı bir konsolide iktidar standardını korur. Mısır bu kanıtlanmış istikrar kavramından o kadar keyif almıştır ki, Pers Artaxerxes'in onları satraplık kavramıyla agresif bir şekilde tanıştırdığı M.Ö. 343 yılına kadar 30 farklı kraliyet hanedanına sahip olmuştur.</Text>
    </Row>
    <Row Tag="LOC_PEDIA_CIVICS_PAGE_CIVIC_HIEROGLYPHICS_CHAPTER_HISTORY_PARA_1">
      <Text>Sözlerinizin sonsuza dek kalıcı olmasını istiyorsanız, neden onları taşa kazımayasınız? Stilize edilmiş logogramları dört bin yıl sonra bile varlığını sürdüren eski Mısırlılar da böyle düşünüyordu. Meroë Krallığı, M.Ö. 2. yüzyıldan sonra inşa edilen Nubya anıtlarında ve mezarlarında hala görülebilen çok daha anlaşılır bir varyasyon geliştirdi.</Text>
    </Row>
    <Row Tag="LOC_PEDIA_CIVICS_PAGE_CIVIC_MUMMIFICATION_CHAPTER_HISTORY_PARA_1">
      <Text>Nil halkının defin uygulamaları, mumyalama işlemi yoluyla ölüyü muhafaza etmeyi amaçlıyordu. Bu işlemde iç organlar çıkarılır, iç kısımlar baharatlarla yıkanır ve ceset birkaç ay boyunca tuzla kapatılırdı; bu da cesedi susuz bırakır ve aç böceklere karşı dayanıklı hale getirirdi.</Text>
    </Row>
    <Row Tag="LOC_PEDIA_CIVICS_PAGE_CIVIC_SCRIBES_CHAPTER_HISTORY_PARA_1">
      <Text>Uygarlığınız bir bilgi, yazı ve matematik tanrısına taptığında, okuma, yazma ve matematikle görevlendirilen insanlar ayrıcalıklı bir kast olarak kabul edilirdi. Nil bölgesindeki kâtipler için de durum böyleydi; Mısırlılar onları kraliyet sarayının üyeleri olarak görecek kadar ileri gitmişlerdi.</Text>
    </Row>
    <Row Tag="LOC_PEDIA_CIVICS_PAGE_CIVIC_BOOK_OF_THE_DEAD_CHAPTER_HISTORY_PARA_1">
      <Text>Ölü Kitapları, hem cesetlerin tedavisi için pratik tavsiyeler hem de yakın zamanda ölenlere Yeraltı Dünyası'nda rehberlik etmek için tasarlanmış ritüel büyüler sunan cenaze talimatları koleksiyonlarıydı. Bunları yaptırmaya gücü yetenler mezarlarında bir kopyasını saklardı; bu, ölümden sonraki yaşam için hazır bir kullanım kılavuzuydu.</Text>
    </Row>
    <Row Tag="LOC_PEDIA_CIVICS_PAGE_CIVIC_INSTITUTION_OF_THE_MUSES_CHAPTER_HISTORY_PARA_1">
      <Text>Yaklaşık olarak M.Ö. Üçüncü Yüzyılda kurulan İskenderiye'deki "Musalar Enstitüsü" en parlak bilimsel, sanatsal ve felsefi zihinleri öğretmek, yaratmak ve felsefe yapmak için bir araya getirmiştir. Modern üniversite kavramına benzer şekilde, "Musaeum" genç bir Arşimet'e (kendi Eureka anından önce) ev sahipliği yapmış olabilir.</Text>
    </Row>
    <Row Tag="LOC_PEDIA_CIVICS_PAGE_CIVIC_SEPATS_CHAPTER_HISTORY_PARA_1">
      <Text>Nil'in yolu boyunca uzanan uygarlıklar, topraklarının her bölümünü merkezi bir konumdan kolayca yönetemezlerdi. Nil halkları bu sorunu sepatlar ya da Yunanca konuşan Ptolemaiosların daha sonra adlandırdığı şekliyle "nomlar" ile çözmüştür. Bu idari bölgeler Nil'in her bir bölümünden ya da Nil Deltası'nın bir kısmından sorumluydu.</Text>
    </Row>
    <Row Tag="LOC_PEDIA_CIVICS_PAGE_CIVIC_BOARDGAMES_ATHLETICS_CHAPTER_HISTORY_PARA_1">
      <Text>Nil halkı savaşın bir uzantısı olarak masa oyunları ve atletizm geliştirdi. Yarış koşabilen, rakipleriyle güreşebilen ve sapan taşı ya da okla uzaktaki hedefleri vurabilen denekler bu dersleri savaşa uygulayabiliyordu. Aynı şekilde, senet ya da mehen'de rakiplerini alt edebilenler savaş meydanı stratejilerinin önemini anlayabilirdi.</Text>
    </Row>
    <Row Tag="LOC_PEDIA_CIVICS_PAGE_CIVIC_AMUN_LORD_OF_ALL_GODS_CHAPTER_HISTORY_PARA_1">
      <Text>Teb'in koruyucu tanrısı Amun, Nil halkı için büyük bir öneme sahipti. Rüzgâr tanrısı sonunda Mısırlılar ve daha sonra Nubya halkı tarafından tanrıların kralı olarak kabul edildi. İyi ve adil olan her şeyi savunduğu düşünülen Amun'un, ezilenleri onlara haksızlık edenlere karşı savunduğuna inanılırdı.</Text>
    </Row>
    <!-- Resources -->
    <Row Tag="LOC_PEDIA_RESOURCES_PAGE_RESOURCE_GOLD_CHAPTER_HISTORY_PARA_1">
      <Text>Altın 19. yüzyılın başlarında keşfedilmiş olmasına rağmen, Avustralya 1851 yılına kadar "altın humması" hastalığına yakalanmamıştı. O kadar çok altın cevheri çıkarıldı ki, İngiltere Sydney Darphanesini açtı ve ilk kez İngiliz sikkelerinin İngiltere dışında basılmasına izin verildi. Altın sürekli olarak Avustralya'nın kârlı bir ihracatı olmaya devam etmiştir.</Text>
    </Row>
    <!-- Governments -->
    <Row Tag="LOC_PEDIA_GOVERNMENTS_PAGE_GOVERNMENT_KANDAKE_CHAPTER_HISTORY_PARA_1">
      <Text>Nubia hükümdarları kraliyet karı-kocası arasında ortak hükümdarlık uygulardı. Bir kandake ya da kraliçe, kocası kadar ya da daha fazla güce sahipti ve en üst düzeyde veto hakkına sahipti - kral kandake'nin hoşuna gitmezse, ona kendi canına kıymasını emredebilirdi.</Text>
    </Row>
    <Row Tag="LOC_PEDIA_GOVERNMENTS_PAGE_GOVERNMENT_PHARAOH_CHAPTER_HISTORY_PARA_1">
      <Text>Uzun Mısır hükümdarları soyu, kabaca "Büyük Ev" anlamına gelen firavun unvanını kullanmıştır. Bu hükümdarlar Mısır'da neredeyse mutlak bir güce sahipti, ancak bu güç Mısırlı yüksek rahiplerin firavun otoritesini dengelemesiyle bin yıl içinde azaldı.</Text>
    </Row>
    <!-- Policies -->
    <Row Tag="LOC_PEDIA_GOVERNMENTS_PAGE_POLICY_ABU_SIMBEL_CHAPTER_HISTORY_PARA_1">
      <Text>"Büyük bir tapınak komşularımızı etkilemekten daha fazlasını yapacaktır; onu gören herkese üstünlüğümüzü ilan edecektir. Zamanla komşularımız bunu sorgusuz sualsiz kabul edecektir."</Text>
    </Row>
    <Row Tag="LOC_PEDIA_GOVERNMENTS_PAGE_POLICY_FRONTIER_FORTRESSES_CHAPTER_HISTORY_PARA_1">
      <Text>"Zenginliğimiz arttıkça, onu bizden almak isteyen düşmanlar da artıyor. Uygarlığımızın sınırlarına inşa edilen bir dizi kale, yaklaşan ordulara karşı bizi uyaracak."</Text>
    </Row>
    <Row Tag="LOC_PEDIA_GOVERNMENTS_PAGE_POLICY_INUNDATION_CALENDAR_CHAPTER_HISTORY_PARA_1">
      <Text>"Nil hem yaşam hem de ölüm getirir. Bu yılki sellerin ne zaman geldiğini bilmek, gelecek yılki taşkınları tahmin etmemizi sağlar. Daha çok yaşam, daha az ölüm."</Text>
    </Row>
    <Row Tag="LOC_PEDIA_GOVERNMENTS_PAGE_POLICY_MERCENARIES_CHAPTER_HISTORY_PARA_1">
      <Text>"Orduların bakımı pahalıdır. Güçlerimizi geçici olarak paralı askerlerle çok daha ucuza takviye edebiliriz ve eğer önce onların hizmetini satın alırsak düşmanlarımız bunu yapamaz."</Text>
    </Row>
    <Row Tag="LOC_PEDIA_GOVERNMENTS_PAGE_POLICY_MILITARY_COMMUNICATION_CHAPTER_HISTORY_PARA_1">
      <Text>"Hareketlerini koordine edemeyen orduları çöllere göndermenin bize bir faydası yok. Hızlı savaş arabalarımız komutanlarımıza hayati mesajlar iletebilir."</Text>
    </Row>
    <Row Tag="LOC_PEDIA_GOVERNMENTS_PAGE_POLICY_MUSAEUM_CHAPTER_HISTORY_PARA_1">
      <Text>"Bilimsel keşiflerden uzun zamandır faydalanıyoruz. Akademisyenlere bir araya gelmeleri ve keşfetmeleri için ödeme yapmak, onların entelektüel bahçelerinin meyvelerini toplar."</Text>
    </Row>
    <Row Tag="LOC_PEDIA_GOVERNMENTS_PAGE_POLICY_RECORDKEEPING_CHAPTER_HISTORY_PARA_1">
      <Text>"Titiz kayıtlar kâtiplerimizin askerlerimizin ve erzaklarının durumunu takip etmesini sağlar. Arabalarımızdan daha az khopesh kaybolacak."</Text>
    </Row>
    <Row Tag="LOC_PEDIA_GOVERNMENTS_PAGE_POLICY_ROYAL_BODYGUARDS_CHAPTER_HISTORY_PARA_1">
      <Text>"Bazılarının kraliyet ailemize zarar vereceği soğuk bir gerçek. Onları kraliyete sadık eşsiz bir asker kadrosuyla korumalıyız."</Text>
    </Row>
    <Row Tag="LOC_PEDIA_GOVERNMENTS_PAGE_POLICY_SCORPION_KING_CHAPTER_HISTORY_PARA_1">
      <Text>"Neden sadece hasat tamamlandığında savaşa gitmek zorundayız? Eğer bir grup askeri besler ve savaşmaya devam edersek, yılın hangi zamanı olursa olsun topraklarımızı birleştirebiliriz."</Text>
    </Row>
    <Row Tag="LOC_PEDIA_GOVERNMENTS_PAGE_POLICY_TRADE_AGREEMENT_CHAPTER_HISTORY_PARA_1">
      <Text>"Tüccarlarımız uzun zamandır uzak diyarlarla ticaret yapıyor. Resmi bir anlaşma hem kasamızı dolduracak hem de yabancı komşularımızı savaştan caydıracaktır."</Text>
    </Row>
    <Row Tag="LOC_PEDIA_GOVERNMENTS_PAGE_POLICY_VALLEY_OF_THE_KINGS_CHAPTER_HISTORY_PARA_1">
      <Text>"Bu dünyadan öbür dünyaya göç ettikten sonra liderlerimizin mezarlarını hazineyle doldururuz. Bunu sürekli koruma altında tutabileceğimiz bir yerde yapmak en iyisidir."</Text>
    </Row>
    <!-- Beliefs -->
    <Row Tag="LOC_PEDIA_RELIGIONS_PAGE_BELIEF_GOD_OF_CREATION_ATUM_CHAPTER_HISTORY_PARA_1">
      <Text>"Atum, ilk tanrı, kendini sulu uçurumdan yarattı. Kehanete göre dünyanın sonunda o da bulunacak."</Text>
    </Row>
    <Row Tag="LOC_PEDIA_RELIGIONS_PAGE_BELIEF_GOD_OF_WATERY_ABYSS_NUN_CHAPTER_HISTORY_PARA_1">
      <Text>"Nun, sulu uçurum, tüm yaratılışın kendisinden türediği şekilsiz kütledir."</Text>
    </Row>
    <Row Tag="LOC_PEDIA_RELIGIONS_PAGE_BELIEF_GOD_OF_MUMMIFICATION_ANUBIS_CHAPTER_HISTORY_PARA_1">
      <Text>"Anubis, köpek başlı mumyalama tanrısı, ruhları öbür dünyaya götürür. Mezarlıklara ve mezarlara göz kulak olur."</Text>
    </Row>
    <Row Tag="LOC_PEDIA_RELIGIONS_PAGE_BELIEF_GOD_OF_THE_OASES_ASH_CHAPTER_HISTORY_PARA_1">
      <Text>"Vahaların tanrısı Kül, sert çöllerde bulunan yaşam adalarını gözetir. Set'e bağlı hayvanların başlarını takar."</Text>
    </Row>
    <Row Tag="LOC_PEDIA_RELIGIONS_PAGE_BELIEF_GOD_OF_WAR_APEDEMAK_CHAPTER_HISTORY_PARA_1">
      <Text>"Apedemak, savaş tanrısı, Nubia halkını savunur. Bir aslan başı taşır, bazen de üç."</Text>
    </Row>
    <Row Tag="LOC_PEDIA_RELIGIONS_PAGE_BELIEF_GODDESS_OF_FERTILITY_ISIS_CHAPTER_HISTORY_PARA_1">
      <Text>"Bereket tanrıçası İsis, yavrular için kutsamalarından daha fazlasını sağlar. Gerçekten de Nil'in her yıl taşmasına onun gözyaşları neden olur."</Text>
    </Row>
    <Row Tag="LOC_PEDIA_RELIGIONS_PAGE_BELIEF_GUARDIAN_GOD_SEBIUMEKER_CHAPTER_HISTORY_PARA_1">
      <Text>"Eski Kush'un Koruyucu Tanrısı Sebiumeker, Nubya tapınaklarını yabancılardan korur."</Text>
    </Row>
    <Row Tag="LOC_PEDIA_RELIGIONS_PAGE_BELIEF_HOUSE_GOD_BES_CHAPTER_HISTORY_PARA_1">
      <Text>"Bes, ev tanrısı, çeşitli evleri yılanlara karşı korur. Aslan gibi bir yüzü vardır."</Text>
    </Row>
    <Row Tag="LOC_PEDIA_RELIGION_PAGE_BELIEFS_LORD_OF_ALL_GODS_AMUN_CHAPTER_HISTORY_PARA_1">
      <Text>"Tüm tanrıların efendisi Amun öylesine önem kazanmıştır ki, diğer tüm tanrılar onun birer görünümü olarak görülür."</Text>
    </Row>
    <Row Tag="LOC_PEDIA_RELIGION_PAGE_BELIEFS_PROTECTOR_OF_THE_PHARAOHS_HORUS_CHAPTER_HISTORY_PARA_1">
      <Text>"Firavunların koruyucusu Horus, İsis ve Osiris'in oğludur. Gökyüzü tanrısına yakışan bir şahin başı taşır."</Text>
    </Row>
  </EnglishText>
</GameData>