﻿<?xml version="1.0" encoding="utf-8"?>
<!--Sid Meier's Civilization V -->
<!--Copyright Firaxis Games 2010 -->
<!--File created by Paul Murphy-->
<GameData>
  <Language_en_US>
    <Row Tag="TXT_KEY_CIV5_VICTORY_CONQUEST_TITLE">
      <Text>Fetih Zaferi</Text>
    </Row>
    <Row Tag="TXT_KEY_CIV5_VICTORY_CONQUEST_TEXT">
      <Text>Fetih yoluyla zafer kazandiniz, savas alaninda tüm düsmanlarinizi yendiniz! Ordularini dagittiniz ve sehirlerini ele geçirdiniz! Insanlar sanli zaferinizi uzun süre hatirlayacaklar!</Text>
    </Row>
    <Row Tag="TXT_KEY_CIV5_VICTORY_ALTCONQUEST_TITLE">
      <Text>Alternatif Fetih Zaferi</Text>
    </Row>
    <Row Tag="TXT_KEY_CIV5_VICTORY_ALTCONQUEST_TEXT">
      <Text>Dünya savasla sarsildi. Pek çok büyük ve güçlü uygarlik yikildi ama siz hayatta kaldiniz ve zaferle çiktiniz! Dünya sizin sanli zaferinizi uzun süre hatirlayacak!</Text>
    </Row>
    <Row Tag="TXT_KEY_CIV5_VICTORY_SCIENCE_TITLE">
      <Text>Bilim Zaferi</Text>
    </Row>
    <Row Tag="TXT_KEY_CIV5_VICTORY_SCIENCE_TEXT">
      <Text>Bilimde ustalasarak zafere ulastiniz! Doganin gizemlerini fethettiniz ve halkinizi cesur yeni bir dünyaya yolculuga çikardiniz! Zaferiniz gece gökyüzünde yildizlar yandigi sürece hatirlanacak!</Text>
    </Row>
    <Row Tag="TXT_KEY_CIV5_VICTORY_DIPLOMATIC_TITLE">
      <Text>Diplomatik Zafer</Text>
    </Row>
    <Row Tag="TXT_KEY_CIV5_VICTORY_DIPLOMATIC_TEXT">
      <Text>Diplomasi sanati sayesinde düsmanlariniza karsi zafer kazandiniz! Kurnazligin ve bilgeligin sana büyük dostlar kazandirdi - ve düsmanlarin arasinda bölünme ve karisiklik yaratti! Sonsuza dek yorgun bir dünyaya baris getiren lider olarak hatirlanacaksin!</Text>
    </Row>
    <Row Tag="TXT_KEY_CIV5_VICTORY_CULTURE_TITLE">
      <Text>Kültür Zaferi</Text>
    </Row>
    <Row Tag="TXT_KEY_CIV5_VICTORY_CULTURE_TEXT">
      <Text>Kültürünüzün müthis gücü sayesinde zafere ulastiniz. Uygarliginizin büyüklügü - anitlarinin ihtisami ve sanatçilarinin gücü - dünyayi hayrete düsürdü! Güzellik yorgun bir kalbe sevinç getirdigi sürece sairler sizi onurlandiracaktir.</Text>
    </Row>
    <Row Tag="TXT_KEY_CIV5_VICTORY_LOSS_TITLE">
      <Text>Kayip</Text>
    </Row>
    <Row Tag="TXT_KEY_CIV5_VICTORY_LOSS_TEXT">
      <Text>Yenildiniz. Uygarliginiz birçok düsmani tarafindan ezildi. Ama halkiniz umutsuzluga kapilmiyor, çünkü bir gün geri döneceginizi ve onlari zafere tasiyacaginizi biliyorlar!</Text>
    </Row>
    <Row Tag="TXT_KEY_EXTENDED_GAME_YES">
      <Text>Bekle! Sadece... bir... daha... dön...</Text>
    </Row>
    <Row Tag="TXT_KEY_EXTENDED_GAME_DEMO">
      <Text>TAM SÜRÜMÜ SATIN ALIN</Text>
    </Row>
    <Row Tag="TXT_KEY_CIV5_VICTORY_DEMO_TEXT">
      <Text>Büyük ve güçlü uygarliginiz yolunda ilerliyor, ancak buradaki zamaniniz sona erdi. Halkiniz umutsuzluga kapilmiyor, çünkü bir gün geri döneceginizi ve onlari zafere tasiyacaginizi biliyorlar!</Text>
    </Row>
    <Row Tag="TXT_KEY_CIV5_VICTORY_DEMO_BULLET_TEXT">
      <Text>[ICON_BULLET]Civilization V deneyimini tam oyunla yasayin.[NEWLINE][NEWLINE][ICON_BULLET]Insanligin dogusundan uzay çagina kadar 18 uygarligi yönetin.[NEWLINE][NEWLINE][ICON_BULLET]Özel içerikler ve modlar indirin ve dünya çapindaki oyuncularla yarisin.[NEWLINE][NEWLINE][ICON_BULLET]Uygarliginiz neyi temsil edecek?</Text>
    </Row>
    <Row Tag="TXT_KEY_GO_BEYOND_EARTH">
      <Text>DÜNYANIN ÖTESINE GEC</Text>
    </Row>
  </Language_en_US>
</GameData>