﻿<?xml version="1.0" encoding="utf-8"?>
<GameData>
  <EnglishText>
    <Row Tag="LOC_PROJECT_COURT_FESTIVAL_NAME">
      <Text>Mahkeme Festivali</Text>
    </Row>
    <Row Tag="LOC_PROJECT_COURT_FESTIVAL_SHORT_NAME">
      <Text>Mahkeme Festivali</Text>
    </Row>
    <Row Tag="LOC_PROJECT_ECOURT_FESTIVAL_DESCRIPTION">
      <Text>Bu proje tamamlandiginda, Fransa'nin sahip oldugu Lüks kaynaklarinin fazla kopyalarinin sayisina bagli olarak 50 [ICON_CULTURE] Kültür ve 50 [ICON_TOURISM] Turizm (Standart hizda) kazandirir.</Text>
    </Row>
    <Row Tag="LOC_TRAIT_AGENDA_MAGNIFICENCES_NAME">
      <Text>Görkemli Kiyafetler</Text>
    </Row>
    <Row Tag="LOC_TRAIT_AGENDA_MAGNIFICENCES_DESCRIPTION">
      <Text>Lüks kaynaklarini onunla takas eden uygarliklari sever. Böyle bir ticaret yapmayan uygarliklari sevmez. Lüks kaynaklarin mümkün oldugunca çok kopyasini toplamaya çalisir.</Text>
    </Row>
    <!-- Diplo text-->
    <Row Tag="LOC_DIPLO_REJECT_DECLARE_FRIEND_FROM_HUMAN_LEADER_CATHERINE_DE_MEDICI_ALT_ANY">
      <Text>Özür dilerim ama bu çok ani bir degisiklik olur. Belki baska bir zaman?</Text>
    </Row>
    <Row Tag="LOC_DIPLO_ACCEPT_DECLARE_FRIEND_FROM_AI_LEADER_CATHERINE_DE_MEDICI_ALT_ANY">
      <Text>Tesekkür ederim.</Text>
    </Row>
    <Row Tag="LOC_DIPLO_REJECT_DECLARE_FRIEND_FROM_AI_LEADER_CATHERINE_DE_MEDICI_ALT_ANY">
      <Text>Ne talihsizlik!</Text>
    </Row>
    <Row Tag="LOC_DIPLO_ACCEPT_DECLARE_FRIEND_FROM_HUMAN_LEADER_CATHERINE_DE_MEDICI_ALT_ANY">
      <Text>Arkadaslik teklifinizi kabul ediyorum. Ve tabii ki, bir sonraki kraliyet dügününe davet edileceksin.</Text>
    </Row>
    <Row Tag="LOC_DIPLO_DECLARE_FRIEND_FROM_AI_LEADER_CATHERINE_DE_MEDICI_ALT_ANY">
      <Text>Sana dostluk için kraliyet elini uzatiyorum. Kabul edecek misiniz?</Text>
    </Row>
    <Row Tag="LOC_DIPLO_DECLARE_WAR_FROM_AI_LEADER_CATHERINE_DE_MEDICI_ALT_ANY">
      <Text>Arkadas gibi davranmak eglenceliydi, degil mi?  Ne yazik ki bu numarayi birakip isimize bakmanin zamani geldi.</Text>
    </Row>
    <Row Tag="LOC_DIPLO_DECLARE_WAR_FROM_HUMAN_LEADER_CATHERINE_DE_MEDICI_ALT_ANY">
      <Text>Egemen kralligima saldirmaya cüret mi ediyorsun? Nostradamus'un bile bunu tahmin edebilecegine inanmiyorum!</Text>
    </Row>
    <Row Tag="LOC_DIPLO_DEFEAT_FROM_AI_LEADER_CATHERINE_DE_MEDICI_ALT_ANY">
      <Text>Ne zaman yenildigimi bilecek kadar uzun yasadim. Devam et.</Text>
    </Row>
    <Row Tag="LOC_DIPLO_REJECT_DELEGATION_FROM_HUMAN_LEADER_CATHERINE_DE_MEDICI_ALT_ANY">
      <Text>Cezbedici ama hayir.</Text>
    </Row>
    <Row Tag="LOC_DIPLO_DELEGATION_FROM_AI_LEADER_CATHERINE_DE_MEDICI_ALT_ANY">
      <Text>Size alisilagelmis tüm hediyelerle birlikte bir ticaret heyeti gönderdim: otlar, zeytinler, çesitli peynirler ve tabii ki bunlari yemek için bagetler.</Text>
    </Row>
    <Row Tag="LOC_DIPLO_ACCEPT_DELEGATION_FROM_HUMAN_LEADER_CATHERINE_DE_MEDICI_ALT_ANY">
      <Text>Heyetinizi sarayda kabul ettik. Tesekkür ederiz. Hediyelerin kiymetini bilecegiz.</Text>
    </Row>
    <Row Tag="LOC_DIPLO_DENOUNCE_FROM_AI_LEADER_CATHERINE_DE_MEDICI_ALT_ANY">
      <Text>Yaptigin sey hosuma gitmedi. Arkadaslariniz bu bilgi hakkinda ne düsünür? (Seni kiniyor).</Text>
    </Row>
    <Row Tag="LOC_DIPLO_DENOUNCE_FROM_HUMAN_LEADER_CATHERINE_DE_MEDICI_ALT_ANY">
      <Text>Fransa'nin sani ve kudreti bu tür bariz yalanlarla lekelenmeyecektir.</Text>
    </Row>
    <Row Tag="LOC_DIPLO_FIRST_MEET_VISIT_RECIPIENT_LEADER_CATHERINE_DE_MEDICI_ALT_ANY">
      <Text>Yiyecek ve içecek lezzetlerimizi tatmadan yasamis sayilmazsiniz. Isterseniz size nasil çatal kullanilacagini da gösterebilirim.</Text>
    </Row>
    <Row Tag="LOC_DIPLO_FIRST_MEET_NEAR_INITIATOR_POSITIVE_LEADER_CATHERINE_DE_MEDICI_ALT_ANY">
      <Text>Elbette.  Büyüyen sehrinizi yakindan görmek büyük bir zevk olacak.</Text>
    </Row>
    <Row Tag="LOC_DIPLO_FIRST_MEET_NO_MANS_INFO_EXCHANGE_LEADER_CATHERINE_DE_MEDICI_ALT_ANY">
      <Text>Mimariye hayranim. Söyleyin bana, baskentinizde zafer taklari ya da büyük metal kuleler var mi?</Text>
    </Row>
    <Row Tag="LOC_DIPLO_FIRST_MEET_LEADER_CATHERINE_DE_MEDICI_ALT_ANY">
      <Text>Ben Catherine, Fransa'nin Ana Kraliçesi ve kralliga hos geldiniz diyorum. Hakkinizda bilinmesi gereken her seyi ögrenmek için sabirsizlaniyorum.</Text>
    </Row>
    <Row Tag="LOC_DIPLO_GREETING_LEADER_CATHERINE_DE_MEDICI_ALT_ANY">
      <Text>Her zamanki gibi bir zevkti.</Text>
    </Row>
    <Row Tag="LOC_DIPLO_MAKE_ALLIANCE_FROM_AI_LEADER_CATHERINE_DE_MEDICI_ALT_ANY">
      <Text>Bir ittifak kurmak ister misiniz?</Text>
    </Row>
    <Row Tag="LOC_DIPLO_MAKE_PEACE_AI_ACCEPT_DEAL_LEADER_CATHERINE_DE_MEDICI_ALT_ANY">
      <Text>Bir savas kiskirticisi olarak hatirlanmak istemiyorum. Farkliliklarimizi bir kenara birakalim.</Text>
    </Row>
    <Row Tag="LOC_DIPLO_MAKE_PEACE_AI_REFUSE_DEAL_LEADER_CATHERINE_DE_MEDICI_ALT_ANY">
      <Text>Kesinlikle olmaz.</Text>
    </Row>
    <Row Tag="LOC_DIPLO_MAKE_PEACE_FROM_AI_LEADER_CATHERINE_DE_MEDICI_ALT_ANY">
      <Text>Sevdiklerimizin hatiri için yalvariyorum, aramizda baris olsun.</Text>
    </Row>
    <Row Tag="LOC_DIPLO_REJECT_OPEN_BORDERS_FROM_HUMAN_LEADER_CATHERINE_DE_MEDICI_ALT_ANY">
      <Text>Ne yazik ki buna izin veremem. Elbette güvenlik için.</Text>
    </Row>
    <Row Tag="LOC_DIPLO_OPEN_BORDERS_FROM_AI_LEADER_CATHERINE_DE_MEDICI_ALT_ANY">
      <Text>Ordum topraklarinizdan geçmek için izin istiyor. Barisçil bir sekilde elbette.</Text>
    </Row>
    <Row Tag="LOC_DIPLO_ACCEPT_OPEN_BORDERS_FROM_HUMAN_LEADER_CATHERINE_DE_MEDICI_ALT_ANY">
      <Text>Oh, pekala. Devam edebilirsiniz.</Text>
    </Row>
    <Row Tag="LOC_DIPLO_WARNING_TOO_MANY_TROOPS_NEAR_ME_LEADER_CATHERINE_DE_MEDICI_ALT_ANY">
      <Text>Bizi güç kullanarak korkutmayi mi düsünüyorsunuz? Bu sizin için hiç de iyi olmaz.</Text>
    </Row>
    <Row Tag="LOC_DIPLO_MODIFIER_MAGNIFICENCES_POSITIVE_TRADE">
      <Text>Catherine, lüks kaynaklari onunla takas etmenizden memnuniyet duyuyor.</Text>
    </Row>
    <Row Tag="LOC_DIPLO_MODIFIER_MAGNIFICENCES_NEGATIVE_TRADE">
      <Text>Catherine, kendisinin sahip olmayi tercih edecegi lüks kaynaklari istiflediginiz için üzgün.</Text>
    </Row>
    <!-- Kudos and warnings -->
    <Row Tag="LOC_DIPLO_KUDO_EXIT_LEADER_CATHERINE_DE_MEDICI_ALT_ANY">
      <Text>Bütün sevgililerim senin mallarindan alabilmek için birbirlerini öldürüyorlar. Ne eglenceli!</Text>
    </Row>
    <Row Tag="LOC_DIPLO_WARNING_EXIT_LEADER_CATHERINE_DE_MEDICI_ALT_ANY">
      <Text>Siz bana hiç göndermezken benim Uçan Filom sizin sözde lükslerinizi nasil elestirebilir?</Text>
    </Row>
  </EnglishText>
</GameData>