﻿<?xml version="1.0" encoding="utf-8"?>
<GameData>
  <EnglishText>
    <!-- Shell -->
    <Row Tag="LOC_BLACKDEATH_SCENARIO_NAME">
      <Text>Kara Ölüm</Text>
    </Row>
    <Row Tag="LOC_LOADING_INFO_BLACKDEATH_SCENARIO">
      <Text>Kara Ölüm, 14. yüzyılın ortalarında Avrupa ve Batı Asya'yı kasıp kavurdu ve dünya tarihindeki diğer tüm olaylardan daha büyük bir nüfus oranını öldürdü. Salgın milyonlarca insanı öldürdü, ekonomileri mahvetti, siyasi hanedanları altüst etti ve Batı dünyasının çehresini değiştirdi.[NEWLINE][NEWLINE]Sizin göreviniz bu felaket boyunca ulusunuza liderlik etmek: terör ve umutsuzluk dolu bir dünyada nüfusunuzu hayatta, ekonominizi güçlü ve inancınızı sarsılmamış tutmak.</Text>
    </Row>
    <Row Tag="LOC_BLACKDEATH_SCENARIO_HOF_PLAGUE_DEATHS">
      <Text>Veba Ölümleri</Text>
    </Row>
    <Row Tag="LOC_BLACKDEATH_SCENARIO_HOF_CITY_PLAGUE_DEATHS">
      <Text>Şehir Vebası Ölümleri</Text>
    </Row>
    <Row Tag="LOC_BLACKDEATH_SCENARIO_HOF_CITY_MOST_PLAGUE_DEATHS">
      <Text>En Yüksek Şehir Ölüm Oranı</Text>
    </Row>
    <Row Tag="LOC_BLACKDEATH_SCENARIO_HOF_CITY_MOST_PLAGUE_DEATHS_ANNOTATION">
      <Text>{Amount: plural 1?{Amount} death;other?{Amount} deaths;}</Text>
    </Row>
    <!-- Misc -->
    <Row Tag="LOC_VICTORY_BLACKDEATH_SCENARIO_NAME">
      <Text>Kara Ölüm Zaferi</Text>
    </Row>
    <Row Tag="LOC_VICTORY_BLACKDEATH_SCENARIO_TEXT">
      <Text>Vebanın karanlık günlerini atlattınız ve daha güçlü ve daha aydınlanmış olarak ortaya çıktınız. Elde ettiğiniz teknolojik ve medeni ilerleme, gelecek yüzyıllar boyunca Avrupa'nın refahına ışık tutacak!</Text>
    </Row>
    <Row Tag="LOC_VICTORY_BLACKDEATH_SCENARIO_TT">
      <Text>Senaryo sona ermeden önce İcat Teknolojisi veya Orta Sınıf Sivil'in kilidini açabilirseniz bu zaferi kazanırsınız.</Text>
    </Row>
    <!-- Map -->
    <Row Tag="LOC_MAPSIZE_BLACKDEATH_SCENARIO_NAME">
      <Text>Ortaçağ Avrupası</Text>
    </Row>
    <Row Tag="LOC_MAPSIZE_BLACKDEATH_SCENARIO_DESCRIPTION">
      <Text>Batı Avrupa'nın 14. yüzyılın ortalarında nasıl görünmüş olabileceğini gösteren küçük bir harita.</Text>
    </Row>
    <!-- Units -->
    <Row Tag="LOC_UNIT_TEUTONIC_KNIGHT_NAME">
      <Text>Töton Şövalyesi</Text>
    </Row>
    <Row Tag="LOC_UNIT_TEUTONIC_KNIGHT_DESCRIPTION">
      <Text>Kılıç Ustası'nın yerini alan Kutsal Roma İmparatorluğu'na özgü birim. Altın bakımı yok [ICON_Gold]. Düşman topraklarında savaşırken +8 [ICON_Strength] Savaş Gücü</Text>
    </Row>
    <!-- France -->
    <Row Tag="LOC_LEADER_BLACKDEATH_SCENARIO_FRANCE_NAME">
      <Text>Kral Philip VI</Text>
    </Row>
    <Row Tag="LOC_CIVILIZATION_BLACKDEATH_SCENARIO_FRANCE_NAME">
      <Text>Fransa</Text>
    </Row>
    <Row Tag="LOC_CIVILIZATION_BLACKDEATH_SCENARIO_FRANCE_DESCRIPTION">
      <Text>Fransa Krallığı</Text>
    </Row>
    <Row Tag="LOC_CIVILIZATION_BLACKDEATH_SCENARIO_FRANCE_ADJECTIVE">
      <Text>Fransızca</Text>
    </Row>
    <Row Tag="LOC_CIVILIZATION_BLACKDEATH_SCENARIO_FRANCE_ABILITY_NAME">
      <Text>Papalık Liderliği</Text>
    </Row>
    <Row Tag="LOC_CIVILIZATION_BLACKDEATH_SCENARIO_FRANCE_ABILITY_DESCRIPTION">
      <Text>Fransa hükümeti özel bir 'Papalık Politikası' joker yuvası kazanır. Bu yuva isteğe bağlıdır, ancak kullanılırsa tur başına [ICON_Faith] İnanç tüketir.</Text>
    </Row>
    <!-- England -->
    <Row Tag="LOC_LEADER_BLACKDEATH_SCENARIO_ENGLAND_NAME">
      <Text>Kral III. Edward</Text>
    </Row>
    <Row Tag="LOC_CIVILIZATION_BLACKDEATH_SCENARIO_ENGLAND_NAME">
      <Text>İngiltere</Text>
    </Row>
    <Row Tag="LOC_CIVILIZATION_BLACKDEATH_SCENARIO_ENGLAND_DESCRIPTION">
      <Text>İngiltere Krallığı</Text>
    </Row>
    <Row Tag="LOC_CIVILIZATION_BLACKDEATH_SCENARIO_ENGLAND_ADJECTIVE">
      <Text>İngilizce</Text>
    </Row>
    <Row Tag="LOC_CIVILIZATION_BLACKDEATH_SCENARIO_ENGLAND_ABILITY_NAME">
      <Text>İşgücü Zorlaması</Text>
    </Row>
    <Row Tag="LOC_CIVILIZATION_BLACKDEATH_SCENARIO_ENGLAND_ABILITY_DESCRIPTION">
      <Text>Tüm İngiliz şehirleri 'Zorla' komutunu kazanır: [ICON_Gold] Altın harcayarak vebalı bir karonun 10 tur boyunca çalışmasına, gelişmesine veya inşa edilmesine izin verin.</Text>
    </Row>
    <!-- Holy Roman Empire -->
    <Row Tag="LOC_LEADER_BLACKDEATH_SCENARIO_HOLY_ROMAN_EMPIRE_NAME">
      <Text>İmparator Louis IV</Text>
    </Row>
    <Row Tag="LOC_CIVILIZATION_BLACKDEATH_SCENARIO_HOLY_ROMAN_EMPIRE_NAME">
      <Text>Kutsal Roma İmparatorluğu</Text>
    </Row>
    <Row Tag="LOC_CIVILIZATION_BLACKDEATH_SCENARIO_HOLY_ROMAN_EMPIRE_DESCRIPTION">
      <Text>Kutsal Roma İmparatorluğu</Text>
    </Row>
    <Row Tag="LOC_CIVILIZATION_BLACKDEATH_SCENARIO_HOLY_ROMAN_EMPIRE_ADJECTIVE">
      <Text>İmparatorluk</Text>
    </Row>
    <Row Tag="LOC_CIVILIZATION_BLACKDEATH_SCENARIO_HOLY_ROMAN_EMPIRE_ABILITY_NAME">
      <Text>Töton Tarikatı</Text>
    </Row>
    <Row Tag="LOC_CIVILIZATION_BLACKDEATH_SCENARIO_HOLY_ROMAN_EMPIRE_ABILITY_DESCRIPTION">
      <Text>Töton Şövalyesi benzersiz birimi Kılıç Ustalarının yerini alır. Töton Şövalyelerinin düşman topraklarında savaşırken Altın bakımı yoktur [ICON_Gold] ve +8 [ICON_Strength] Savaş Gücü vardır.</Text>
    </Row>
    <!-- Castile -->
    <Row Tag="LOC_LEADER_BLACKDEATH_SCENARIO_CASTILE_NAME">
      <Text>Alfonso XI</Text>
    </Row>
    <Row Tag="LOC_CIVILIZATION_BLACKDEATH_SCENARIO_CASTILE_NAME">
      <Text>Kastilya</Text>
    </Row>
    <Row Tag="LOC_CIVILIZATION_BLACKDEATH_SCENARIO_CASTILE_DESCRIPTION">
      <Text>Kastilya Krallığı</Text>
    </Row>
    <Row Tag="LOC_CIVILIZATION_BLACKDEATH_SCENARIO_CASTILE_ADJECTIVE">
      <Text>Kastilya</Text>
    </Row>
    <Row Tag="LOC_CIVILIZATION_BLACKDEATH_SCENARIO_CASTILE_ABILITY_NAME">
      <Text>İnanç Kılıcı</Text>
    </Row>
    <Row Tag="LOC_CIVILIZATION_BLACKDEATH_SCENARIO_CASTILE_ABILITY_DESCRIPTION">
      <Text>Tüm Kastilya birimleri 'Kutsal Şevk' birim komutunu kazanır: Birim her turda bir kez, hareketlerini ve saldırılarını yenilemek için [ICON_Faith] İnanç harcayabilir.</Text>
    </Row>
    <!-- City-States -->
    <Row Tag="LOC_CIVILIZATION_BLACKDEATH_SCENARIO_BRAGA_NAME">
      <Text>Braga</Text>
    </Row>
    <Row Tag="LOC_CIVILIZATION_BLACKDEATH_SCENARIO_BRAGA_DESCRIPTION">
      <Text>Braga Şehri</Text>
    </Row>
    <Row Tag="LOC_CIVILIZATION_BLACKDEATH_SCENARIO_LISBON_NAME">
      <Text>Lizbon</Text>
    </Row>
    <Row Tag="LOC_CIVILIZATION_BLACKDEATH_SCENARIO_LISBON_DESCRIPTION">
      <Text>Lizbon Şehri</Text>
    </Row>
    <Row Tag="LOC_CIVILIZATION_BLACKDEATH_SCENARIO_FARO_NAME">
      <Text>Faro</Text>
    </Row>
    <Row Tag="LOC_CIVILIZATION_BLACKDEATH_SCENARIO_FARO_DESCRIPTION">
      <Text>Faro Şehri</Text>
    </Row>
    <Row Tag="LOC_CIVILIZATION_BLACKDEATH_SCENARIO_PAMPLONA_NAME">
      <Text>Pamplona</Text>
    </Row>
    <Row Tag="LOC_CIVILIZATION_BLACKDEATH_SCENARIO_PAMPLONA_DESCRIPTION">
      <Text>Pamplona Şehri</Text>
    </Row>
    <Row Tag="LOC_CIVILIZATION_BLACKDEATH_SCENARIO_VALENCIA_NAME">
      <Text>Valencia</Text>
    </Row>
    <Row Tag="LOC_CIVILIZATION_BLACKDEATH_SCENARIO_VALENCIA_DESCRIPTION">
      <Text>Valensiya Şehri</Text>
    </Row>
    <Row Tag="LOC_CIVILIZATION_BLACKDEATH_SCENARIO_BARCELONA_NAME">
      <Text>Barselona</Text>
    </Row>
    <Row Tag="LOC_CIVILIZATION_BLACKDEATH_SCENARIO_BARCELONA_DESCRIPTION">
      <Text>Barselona Şehri</Text>
    </Row>
    <Row Tag="LOC_CIVILIZATION_BLACKDEATH_SCENARIO_GRENADA_NAME">
      <Text>Granada</Text>
    </Row>
    <Row Tag="LOC_CIVILIZATION_BLACKDEATH_SCENARIO_GRENADA_DESCRIPTION">
      <Text>Grenada Şehri</Text>
    </Row>
    <Row Tag="LOC_CIVILIZATION_BLACKDEATH_SCENARIO_PALMA_NAME">
      <Text>Palma</Text>
    </Row>
    <Row Tag="LOC_CIVILIZATION_BLACKDEATH_SCENARIO_CORK_NAME">
      <Text>Mantar</Text>
    </Row>
    <Row Tag="LOC_CIVILIZATION_BLACKDEATH_SCENARIO_ABERDEEN_NAME">
      <Text>Aberdeen</Text>
    </Row>
    <Row Tag="LOC_CIVILIZATION_BLACKDEATH_SCENARIO_EDINBURGH_NAME">
      <Text>Edinburgh</Text>
    </Row>
    <Row Tag="LOC_CIVILIZATION_BLACKDEATH_SCENARIO_MARSEILLES_NAME">
      <Text>Marsilya</Text>
    </Row>
    <Row Tag="LOC_CIVILIZATION_BLACKDEATH_SCENARIO_GENEVA_NAME">
      <Text>Cenevre</Text>
    </Row>
    <Row Tag="LOC_CIVILIZATION_BLACKDEATH_SCENARIO_MILAN_NAME">
      <Text>Milan</Text>
    </Row>
    <Row Tag="LOC_CIVILIZATION_BLACKDEATH_SCENARIO_GENOA_NAME">
      <Text>Cenova</Text>
    </Row>
    <Row Tag="LOC_CIVILIZATION_BLACKDEATH_SCENARIO_VENICE_NAME">
      <Text>Venedik</Text>
    </Row>
    <Row Tag="LOC_CIVILIZATION_BLACKDEATH_SCENARIO_PISA_NAME">
      <Text>Pisa</Text>
    </Row>
    <Row Tag="LOC_CIVILIZATION_BLACKDEATH_SCENARIO_ROME_NAME">
      <Text>Roma</Text>
    </Row>
    <Row Tag="LOC_CIVILIZATION_BLACKDEATH_SCENARIO_NAPLES_NAME">
      <Text>Napoli</Text>
    </Row>
    <Row Tag="LOC_CIVILIZATION_BLACKDEATH_SCENARIO_COPENHAGEN_NAME">
      <Text>Kopenhag</Text>
    </Row>
    <Row Tag="LOC_CIVILIZATION_BLACKDEATH_SCENARIO_ALBORG_NAME">
      <Text>Alborg</Text>
    </Row>
    <Row Tag="LOC_CIVILIZATION_BLACKDEATH_SCENARIO_STOCKHOLM_NAME">
      <Text>Stockholm</Text>
    </Row>
    <Row Tag="LOC_CIVILIZATION_BLACKDEATH_SCENARIO_KALMAR_NAME">
      <Text>Kalmar</Text>
    </Row>
    <Row Tag="LOC_CIVILIZATION_BLACKDEATH_SCENARIO_OSLO_NAME">
      <Text>Oslo</Text>
    </Row>
    <Row Tag="LOC_CIVILIZATION_BLACKDEATH_SCENARIO_STAVANGER_NAME">
      <Text>Stavanger</Text>
    </Row>
    <Row Tag="LOC_CIVILIZATION_BLACKDEATH_SCENARIO_SPLIT_NAME">
      <Text>Bölünmüş</Text>
    </Row>
    <Row Tag="LOC_CIVILIZATION_BLACKDEATH_SCENARIO_DUBROVNIK_NAME">
      <Text>Dubrovnik</Text>
    </Row>
    <Row Tag="LOC_CIVILIZATION_BLACKDEATH_SCENARIO_ZAGREB_NAME">
      <Text>Zagreb</Text>
    </Row>
    <Row Tag="LOC_CIVILIZATION_BLACKDEATH_SCENARIO_PRAGUE_NAME">
      <Text>Prag</Text>
    </Row>
    <Row Tag="LOC_CIVILIZATION_BLACKDEATH_SCENARIO_VIENNA_NAME">
      <Text>Viyana</Text>
    </Row>
    <Row Tag="LOC_CIVILIZATION_BLACKDEATH_SCENARIO_SZCZECIN_NAME">
      <Text>Szczecin</Text>
    </Row>
    <Row Tag="LOC_CIVILIZATION_BLACKDEATH_SCENARIO_GDANSK_NAME">
      <Text>Gdansk</Text>
    </Row>
    <Row Tag="LOC_CIVILIZATION_BLACKDEATH_SCENARIO_PALMA_DESCRIPTION">
      <Text>Palma Şehri</Text>
    </Row>
    <Row Tag="LOC_CIVILIZATION_BLACKDEATH_SCENARIO_CORK_DESCRIPTION">
      <Text>Cork Şehri</Text>
    </Row>
    <Row Tag="LOC_CIVILIZATION_BLACKDEATH_SCENARIO_ABERDEEN_DESCRIPTION">
      <Text>Aberdeen Şehri</Text>
    </Row>
    <Row Tag="LOC_CIVILIZATION_BLACKDEATH_SCENARIO_EDINBURGH_DESCRIPTION">
      <Text>Edinburgh Şehri</Text>
    </Row>
    <Row Tag="LOC_CIVILIZATION_BLACKDEATH_SCENARIO_MARSEILLES_DESCRIPTION">
      <Text>Marsilya Şehri</Text>
    </Row>
    <Row Tag="LOC_CIVILIZATION_BLACKDEATH_SCENARIO_GENEVA_DESCRIPTION">
      <Text>Cenevre Şehri</Text>
    </Row>
    <Row Tag="LOC_CIVILIZATION_BLACKDEATH_SCENARIO_MILAN_DESCRIPTION">
      <Text>Milano Şehri</Text>
    </Row>
    <Row Tag="LOC_CIVILIZATION_BLACKDEATH_SCENARIO_GENOA_DESCRIPTION">
      <Text>Cenova Şehri</Text>
    </Row>
    <Row Tag="LOC_CIVILIZATION_BLACKDEATH_SCENARIO_VENICE_DESCRIPTION">
      <Text>Venedik Şehri</Text>
    </Row>
    <Row Tag="LOC_CIVILIZATION_BLACKDEATH_SCENARIO_PISA_DESCRIPTION">
      <Text>Pisa Şehri</Text>
    </Row>
    <Row Tag="LOC_CIVILIZATION_BLACKDEATH_SCENARIO_ROME_DESCRIPTION">
      <Text>Roma Şehri</Text>
    </Row>
    <Row Tag="LOC_CIVILIZATION_BLACKDEATH_SCENARIO_NAPLES_DESCRIPTION">
      <Text>Napoli Şehri</Text>
    </Row>
    <Row Tag="LOC_CIVILIZATION_BLACKDEATH_SCENARIO_COPENHAGEN_DESCRIPTION">
      <Text>Kopenhag Şehri</Text>
    </Row>
    <Row Tag="LOC_CIVILIZATION_BLACKDEATH_SCENARIO_ALBORG_DESCRIPTION">
      <Text>Alborg Şehri</Text>
    </Row>
    <Row Tag="LOC_CIVILIZATION_BLACKDEATH_SCENARIO_STOCKHOLM_DESCRIPTION">
      <Text>Stockholm Şehri</Text>
    </Row>
    <Row Tag="LOC_CIVILIZATION_BLACKDEATH_SCENARIO_KALMAR_DESCRIPTION">
      <Text>Kalmar Şehri</Text>
    </Row>
    <Row Tag="LOC_CIVILIZATION_BLACKDEATH_SCENARIO_OSLO_DESCRIPTION">
      <Text>Oslo Şehri</Text>
    </Row>
    <Row Tag="LOC_CIVILIZATION_BLACKDEATH_SCENARIO_STAVANGER_DESCRIPTION">
      <Text>Stavanger Şehri</Text>
    </Row>
    <Row Tag="LOC_CIVILIZATION_BLACKDEATH_SCENARIO_SPLIT_DESCRIPTION">
      <Text>Split Şehri</Text>
    </Row>
    <Row Tag="LOC_CIVILIZATION_BLACKDEATH_SCENARIO_DUBROVNIK_DESCRIPTION">
      <Text>Dubrovnik Şehri</Text>
    </Row>
    <Row Tag="LOC_CIVILIZATION_BLACKDEATH_SCENARIO_ZAGREB_DESCRIPTION">
      <Text>Zagreb Şehri</Text>
    </Row>
    <Row Tag="LOC_CIVILIZATION_BLACKDEATH_SCENARIO_PRAGUE_DESCRIPTION">
      <Text>Prag Şehri</Text>
    </Row>
    <Row Tag="LOC_CIVILIZATION_BLACKDEATH_SCENARIO_VIENNA_DESCRIPTION">
      <Text>Viyana Şehri</Text>
    </Row>
    <Row Tag="LOC_CIVILIZATION_BLACKDEATH_SCENARIO_SZCZECIN_DESCRIPTION">
      <Text>Szczecin Şehri</Text>
    </Row>
    <Row Tag="LOC_CIVILIZATION_BLACKDEATH_SCENARIO_GDANSK_DESCRIPTION">
      <Text>Gdansk Şehri</Text>
    </Row>
    <Row Tag="LOC_CIVILIZATION_BLACKDEATH_SCENARIO_CITY_STATE_NAME">
      <Text>Şehir Eyalet Lideri</Text>
    </Row>
    <Row Tag="LOC_OPTIONS_HOTKEY_LENSES_PLAGUE">
      <Text>Veba</Text>
    </Row>
    <Row Tag="LOC_OPTIONS_HOTKEY_LENSES_PLAGUE_HELP">
      <Text>Veba merceğini değiştirir.</Text>
    </Row>
  </EnglishText>
</GameData>