﻿<?xml version="1.0" encoding="utf-8"?>
<GameData>
  <LocalizedText>
    <!-- REPLACEMENTS -->
    <Delete Tag="LOC_PRODUCTION_ITEM_DECONTAMINATE" />
    <Delete Tag="LOC_TOOLTIP_PLOT_CONTAMINATED_TEXT" />
    <Delete Tag="LOC_GOVERNMENT_MONARCHY_NAME" />
    <Delete Tag="LOC_GOVT_INHERENT_BONUS_MONARCHY" />
    <Delete Tag="LOC_HUD_CITY_PURCHASE_TILE" />
    <Delete Tag="LOC_NOTIFICATION_UNIT_LOST_TO_RADIATION_POISONING" />
  </LocalizedText>
  <EnglishText>
    <!-- REPLACEMENTS -->
    <Row Tag="LOC_PRODUCTION_ITEM_DECONTAMINATE">
      <Text>(Dekontamine edin)</Text>
    </Row>
    <Row Tag="LOC_TOOLTIP_PLOT_CONTAMINATED_TEXT">
      <Text>[COLOR:Civ6Red]KİRLENMİŞ: {1_Fallout} döner[ENDCOLOR]</Text>
    </Row>
    <Row Tag="LOC_GOVERNMENT_MONARCHY_NAME">
      <Text>Monarşi</Text>
    </Row>
    <Row Tag="LOC_GOVT_INHERENT_BONUS_MONARCHY">
      <Text>Savunma binalarına yönelik +%50 [ICON_Production] Üretim. Her duvar seviyesi için +1 [ICON_Housing] Konut.</Text>
    </Row>
    <Row Tag="LOC_HUD_CITY_PURCHASE_TILE">
      <Text>Karo Satın Alın</Text>
    </Row>
    <!-- City Names -->
    <Row Tag="LOC_CITY_NAME_BREST">
      <Text>Brest</Text>
    </Row>
    <Row Tag="LOC_CITY_NAME_ANGERS">
      <Text>Angers</Text>
    </Row>
    <Row Tag="LOC_CITY_NAME_LANCASTER">
      <Text>Lancaster</Text>
    </Row>
    <Row Tag="LOC_CITY_NAME_DUBLIN">
      <Text>Dublin</Text>
    </Row>
    <Row Tag="LOC_CITY_NAME_MUNICH">
      <Text>Münih</Text>
    </Row>
    <Row Tag="LOC_CITY_NAME_STRASBOURG">
      <Text>Strasbourg</Text>
    </Row>
    <Row Tag="LOC_CITY_NAME_BRANDENBURG">
      <Text>Brandenburg</Text>
    </Row>
    <Row Tag="LOC_CITY_NAME_LEON">
      <Text>León</Text>
    </Row>
    <Row Tag="LOC_CITY_NAME_UTRECHT">
      <Text>Utrecht</Text>
    </Row>
    <!-- Units -->
    <Row Tag="LOC_UNIT_SCHOLAR_NAME">
      <Text>Akademisyen</Text>
    </Row>
    <Row Tag="LOC_UNIT_SCHOLAR_DESCRIPTION">
      <Text>Bilim [Icon_Science] kazanmak için vebalı şehirleri inceleyebilen sivil birim. Bilginler 2 kez kullanılabilir. Bu sayı Studia Generalia politikası ile artırılabilir.</Text>
    </Row>
    <Row Tag="LOC_UNIT_PLAGUE_DOCTOR_NAME">
      <Text>Veba Doktoru</Text>
    </Row>
    <Row Tag="LOC_UNIT_PLAGUE_DOCTOR_DESCRIPTION">
      <Text>Vebaya yakalanmış karelerde vebanın süresini kısaltabilen ve şehirlere Sadakati geri kazandırabilen sivil birim. Veba Doktorları 2 kez kullanılabilir. Bu sayı Studia Generalia politikası ile artırılabilir.</Text>
    </Row>
    <Row Tag="LOC_UNIT_FLAGELLANT_NAME">
      <Text>Flagellant</Text>
    </Row>
    <Row Tag="LOC_UNIT_FLAGELLANT_DESCRIPTION">
      <Text>Vebaya yakalanmış şehirlerden [Icon_Faith] İnanç, [Icon_Culture] Kültür ve Sadakat kazanabilen sivil birim.</Text>
    </Row>
    <!-- Unit Commands -->
    <Row Tag="LOC_UNITCOMMAND_STUDY_NAME">
      <Text>Çalışma Vebası</Text>
    </Row>
    <Row Tag="LOC_UNITCOMMAND_STUDY_DESCRIPTION">
      <Text>Kazanç {1_Num} [ICON_Science] Bilim.</Text>
    </Row>
    <Row Tag="LOC_UNITCOMMAND_STUDY_DISABLED_TT">
      <Text>[COLOR:Civ6Red]Veba salgını olan bir şehirde kullanılmalıdır. Daha önce Çalışılmış bir şehirde kullanılamaz.[ENDCOLOR]</Text>
    </Row>
    <Row Tag="LOC_UNITCOMMAND_MINISTER_NAME">
      <Text>Hasta Bakıcı</Text>
    </Row>
    <Row Tag="LOC_UNITCOMMAND_MINISTER_DESCRIPTION">
      <Text>Bu karo üzerindeki vebanın süresini 50%. azaltın</Text>
    </Row>
    <Row Tag="LOC_UNITCOMMAND_MINISTER_DISABLED_TT">
      <Text>[COLOR:Civ6Red]Vebaya yakalanmış bir karo üzerinde kullanılmalıdır.[ENDCOLOR]</Text>
    </Row>
    <Row Tag="LOC_UNITCOMMAND_PACIFY_NAME">
      <Text>Pasifize Şehir</Text>
    </Row>
    <Row Tag="LOC_UNITCOMMAND_PACIFY_DESCRIPTION">
      <Text>Ekle {1_Num} Şehre sadakat.</Text>
    </Row>
    <Row Tag="LOC_UNITCOMMAND_PACIFY_DISABLED_TT">
      <Text>[COLOR:Civ6Red]Bir şehirde kullanılmalıdır.[ENDCOLOR]</Text>
    </Row>
    <Row Tag="LOC_UNITCOMMAND_PURGE_NAME">
      <Text>Günahlardan Arınma</Text>
    </Row>
    <Row Tag="LOC_UNITCOMMAND_PURGE_DESCRIPTION">
      <Text>{1_Num} [ICON_Faith] İnanç ve ([2] [ICON_Culture] Kültür kazanın. Ekle {3_Num} Şehre sadakat. Flagellant bu eylem tarafından tüketilir.</Text>
    </Row>
    <Row Tag="LOC_UNITCOMMAND_PURGE_DISABLED_TT">
      <Text>[COLOR:Civ6Red]Veba salgını olan bir şehirde kullanılmalıdır.[ENDCOLOR]</Text>
    </Row>
    <Row Tag="LOC_UNITCOMMAND_HOLY_FERVOR_NAME">
      <Text>Kutsal Şevk</Text>
    </Row>
    <Row Tag="LOC_UNITCOMMAND_HOLY_FERVOR_DESCRIPTION">
      <Text>Bu birimin hareket ve saldırı puanlarını geri kazanmak için {1_Num} [ICON_Faith] İnanç harcayın. Her turda yalnızca bir kez kullanılabilir.</Text>
    </Row>
    <Row Tag="LOC_UNITCOMMAND_HOLY_FERVOR_DISABLED_TT">
      <Text>[COLOR:Civ6Red]Sadece hareket ettikten veya bir eylemde bulunduktan sonra kullanılabilir [ENDCOLOR].</Text>
    </Row>
    <!-- Unit Abilities -->
    <Row Tag="LOC_ABILITY_TEUTONIC_KNIGHT_NAME">
      <Text>Haçlı Gayreti</Text>
    </Row>
    <Row Tag="LOC_ABILITY_TEUTONIC_KNIGHT_DESCRIPTION">
      <Text>Düşman bölgesinde +8 [ICON_Strength] Savaş Gücü.</Text>
    </Row>
    <Row Tag="LOC_COMBAT_PREVIEW_SCENARIO_ABILITY_TEUTONIC_KNIGHT_STRENGTH_ENEMY_TERRITORY_DESCRIPTION">
      <Text>+{1_Amount} Düşman bölgesinde Savaş Gücü.</Text>
    </Row>
    <!-- Districts -->
    <Row Tag="LOC_DISTRICT_WALLED_QUARTER_NAME">
      <Text>Duvarlı Mahalle</Text>
    </Row>
    <Row Tag="LOC_DISTRICT_WALLED_QUARTER_DESCRIPTION">
      <Text>Her turda veba ölümlerinden kaçınmak için %15 şans.</Text>
    </Row>
    <Row Tag="LOC_DISTRICT_THEATER_CULTURE">
      <Text>+{1_num} [ICON_Culture] Komşu Tiyatro bölgesinden kültür.</Text>
    </Row>
    <Row Tag="LOC_DISTRICT_COMMERCIAL_GOLD">
      <Text>+{1_num} [ICON_Gold] Bitişik Ticari Merkez bölgesinden altın.</Text>
    </Row>
    <Row Tag="LOC_DISTRICT_HOLY_SITE_FAITH">
      <Text>+{1_num} [ICON_Faith] Bitişik Kutsal Alan bölgesinden gelen inanç.</Text>
    </Row>
    <Row Tag="LOC_DISTRICT_CAMPUS_SCIENCE">
      <Text>+{1_num} [ICON_Science] Komşu Kampüs bölgesinden bilim.</Text>
    </Row>
    <!-- Buildings -->
    <Row Tag="LOC_BUILDING_GUILDHALL_NAME">
      <Text>Guildhall</Text>
    </Row>
    <Row Tag="LOC_BUILDING_MASS_GRAVE_NAME">
      <Text>Toplu Mezar</Text>
    </Row>
    <Row Tag="LOC_BUILDING_MASS_GRAVE_DESCRIPTION">
      <Text>Bu şehirdeki veba süresini 2 tur azaltın (en az 1).</Text>
    </Row>
    <Row Tag="LOC_BUILDING_SCENARIO_SEWER_DESCRIPTION">
      <Text>Her turda veba ölümlerinden kaçınmak için %20 şans.</Text>
    </Row>
    <Row Tag="LOC_BUILDING_PLAGUE_HOSPITAL_NAME">
      <Text>Veba Hastanesi</Text>
    </Row>
    <Row Tag="LOC_BUILDING_PLAGUE_HOSPITAL_DESCRIPTION">
      <Text>Bilginler ve Veba Doktorları inşa ederken +%50 [ICON_Production] Üretim.</Text>
    </Row>
    <Row Tag="LOC_BUILDING_KEEP_NAME">
      <Text>Sakla</Text>
    </Row>
    <Row Tag="LOC_BUILDING_KEEP_DESCRIPTION">
      <Text>Bu şehirdeki veba süresini 1 tur azaltın (en az 1).</Text>
    </Row>
    <!-- Techs -->
    <Row Tag="LOC_TECH_SCENARIO_CIVIL_ENGINEERING_NAME">
      <Text>İnşaat Mühendisliği</Text>
    </Row>
    <Row Tag="LOC_TECH_SCENARIO_MEDICINE_NAME">
      <Text>Tıp</Text>
    </Row>
    <Row Tag="LOC_TECH_SCENARIO_INVENTION_NAME">
      <Text>Buluş</Text>
    </Row>
    <Row Tag="LOC_TECH_SCENARIO_INVENTION_DESCRIPTION">
      <Text>Senaryoyu kazan.</Text>
    </Row>
    <!-- Civics -->
    <Row Tag="LOC_CIVIC_SCENARIO_FEUDALISM_DESCRIPTION">
      <Text>+1 [ICON_Food] Çiftlik iyileştirmelerinden elde edilen gıda.</Text>
    </Row>
    <Row Tag="LOC_CIVIC_SCENARIO_WAGE_REFORM_NAME">
      <Text>Ücret Reformu</Text>
    </Row>
    <Row Tag="LOC_CIVIC_SCENARIO_HIGHER_LEARNING_NAME">
      <Text>Yüksek Öğrenim</Text>
    </Row>
    <Row Tag="LOC_CIVIC_SCENARIO_LABOR_ECONOMY_NAME">
      <Text>Çalışma Ekonomisi</Text>
    </Row>
    <Row Tag="LOC_CIVIC_SCENARIO_URBANIZATION_NAME">
      <Text>Kentleşme</Text>
    </Row>
    <Row Tag="LOC_CIVIC_SCENARIO_MIDDLE_CLASS_NAME">
      <Text>Orta Sınıf</Text>
    </Row>
    <Row Tag="LOC_CIVIC_SCENARIO_MIDDLE_CLASS_DESCRIPTION">
      <Text>Senaryoyu kazan.</Text>
    </Row>
    <!-- Policies -->
    <Row Tag="LOC_SCENARIO_POLICY_CHIVALRY_DESCRIPTION">
      <Text>Askeri birimler için +%50 [ICON_Production] Üretim.</Text>
    </Row>
    <Row Tag="LOC_SCENARIO_POLICY_SERFDOM_DESCRIPTION">
      <Text>Çiftlikler ve Tarlalar +1 [ICON_Food] Gıda alır.</Text>
    </Row>
    <Row Tag="LOC_SCENARIO_POLICY_TOWN_CHARTERS_DESCRIPTION">
      <Text>+%100 Ticari Merkez bölgesi bitişiklik bonusları.</Text>
    </Row>
    <Row Tag="LOC_SCENARIO_POLICY_MERITOCRACY_DESCRIPTION">
      <Text>+%100 Kampüs bölgesi bitişiklik bonusları.</Text>
    </Row>
    <Row Tag="LOC_POLICY_FEALTY_NAME">
      <Text>Sadakat</Text>
    </Row>
    <Row Tag="LOC_POLICY_FEALTY_DESCRIPTION">
      <Text>Sivil birimler için +%50 [ICON_Production] Üretim.</Text>
    </Row>
    <Row Tag="LOC_POLICY_UNDERCLASS_NAME">
      <Text>Kentsel Alt Sınıf</Text>
    </Row>
    <Row Tag="LOC_POLICY_UNDERCLASS_DESCRIPTION">
      <Text>Tüm şehirlerde +2 [ICON_Gold] Altın ve +2 [ICON_Faith] İnanç.</Text>
    </Row>
    <Row Tag="LOC_POLICY_STUDIA_GENERALIA_NAME">
      <Text>Studia Generalia</Text>
    </Row>
    <Row Tag="LOC_POLICY_STUDIA_GENERALIA_DESCRIPTION">
      <Text>Yeni eğitilen Bilginler 2 ekstra şarj kazanır. Yeni eğitilen Veba Doktorları 1 ekstra şarj kazanır.</Text>
    </Row>
    <Row Tag="LOC_POLICY_COTTAGE_INDUSTRIES_NAME">
      <Text>Yazlık Endüstrileri</Text>
    </Row>
    <Row Tag="LOC_POLICY_COTTAGE_INDUSTRIES_DESCRIPTION">
      <Text>Atölye binalarından +3 [ICON_Gold] Altın.</Text>
    </Row>
    <Row Tag="LOC_POLICY_SKILLED_TRADES_NAME">
      <Text>Nitelikli Zanaatlar</Text>
    </Row>
    <Row Tag="LOC_POLICY_SKILLED_TRADES_DESCRIPTION">
      <Text>+%100 Sanayi Bölgesi bölgesi bitişiklik bonusları.</Text>
    </Row>
    <Row Tag="LOC_POLICY_PUBLIC_SERVANTS_NAME">
      <Text>Kamu Görevlileri</Text>
    </Row>
    <Row Tag="LOC_POLICY_PUBLIC_SERVANTS_DESCRIPTION">
      <Text>[ICON_Gold] Altın ile bina ve sivil birim satın alırken %50 indirim.</Text>
    </Row>
    <Row Tag="LOC_POLICY_SPECIALIZATION_NAME">
      <Text>Uzmanlık</Text>
    </Row>
    <Row Tag="LOC_POLICY_SPECIALIZATION_DESCRIPTION">
      <Text>+4 [ICON_Production] Fabrika binalarından üretim.</Text>
    </Row>
    <Row Tag="LOC_POLICY_COMMERCIAL_LEAGUE_NAME">
      <Text>Ticari Lig</Text>
    </Row>
    <Row Tag="LOC_POLICY_COMMERCIAL_LEAGUE_DESCRIPTION">
      <Text>+4 [ICON_Gold] Guildhall binalarından gelen altın.</Text>
    </Row>
    <Row Tag="LOC_POLICY_INDENTURE_NAME">
      <Text>Sözleşme</Text>
    </Row>
    <Row Tag="LOC_POLICY_INDENTURE_DESCRIPTION">
      <Text>İyileştirmeler içeren arazilerde vebalı iken çalışılabilir.</Text>
    </Row>
    <Row Tag="LOC_POLICY_LABOR_MARKET_NAME">
      <Text>İşgücü Piyasası</Text>
    </Row>
    <Row Tag="LOC_POLICY_LABOR_MARKET_DESCRIPTION">
      <Text>Bölge başına +1 [ICON_Housing] Konut, tüm şehirlerde +2 [ICON_Gold] Altın.</Text>
    </Row>
    <Row Tag="LOC_POLICY_CIVIL_QUARANTINE_NAME">
      <Text>Sivil Karantina</Text>
    </Row>
    <Row Tag="LOC_POLICY_CIVIL_QUARANTINE_DESCRIPTION">
      <Text>Kampüs bölgelerinden +2 [ICON_Science] Bilim. Vebaya yakalanmış şehirler her turda %10 [ICON_Citizen] Nüfus kaybından kaçınma şansı elde eder.</Text>
    </Row>
    <Row Tag="LOC_POLICY_POGROM_NAME">
      <Text>Pogrom</Text>
    </Row>
    <Row Tag="LOC_POLICY_POGROM_DESCRIPTION">
      <Text>Tüm şehirlerde +2 [ICON_Culture] Kültür, +4 [ICON_Gold] Altın.</Text>
    </Row>
    <Row Tag="LOC_POLICY_PATRONAGE_NAME">
      <Text>Patronaj</Text>
    </Row>
    <Row Tag="LOC_POLICY_PATRONAGE_DESCRIPTION">
      <Text>+%100 Tiyatro Meydanı bölgesi bitişiklik bonusları.</Text>
    </Row>
    <Row Tag="LOC_POLICY_NOBLESSE_OBLIGE_NAME">
      <Text>Noblesse Oblige</Text>
    </Row>
    <Row Tag="LOC_POLICY_NOBLESSE_OBLIGE_DESCRIPTION">
      <Text>Birim bakımı, birim başına tur başına 1 [ICON_Gold] Altın azaltıldı.</Text>
    </Row>
    <!-- Misc -->
    <Row Tag="LOC_SCENARIO_GOVT_INHERENT_BONUS_MONARCHY">
      <Text>Yok.</Text>
    </Row>
    <!-- ************************************************ -->
    <!-- UI -->
    <!-- ************************************************ -->
    <!-- HUD -->
    <Row Tag="LOC_SCENARIO_HUD_CHARGES">
      <Text>Ücretler</Text>
    </Row>
    <Row Tag="LOC_FLYOVER_PLAGUE_POS">
      <Text>[COLOR:FoodDark]+{1_Num} Veba[ENDCOLOR]</Text>
    </Row>
    <Row Tag="LOC_FLYOVER_PLAGUE">
      <Text>[COLOR:FoodDark]{1_Num} Veba[ENDCOLOR]</Text>
    </Row>
    <Row Tag="LOC_FLYOVER_LOYALTY_POS">
      <Text>[COLOR:Happiness]+{1_Num} Sadakat [ENDCOLOR]</Text>
    </Row>
    <Row Tag="LOC_FLYOVER_LOYALTY">
      <Text>[COLOR:Happiness]{1_Num} Sadakat [ENDCOLOR]</Text>
    </Row>
    <Row Tag="LOC_FLYOVER_HOLY_FERVOR">
      <Text>[COLOR_FLOAT_FAITH] Kutsal Şevk! [ENDCOLOR]</Text>
    </Row>
    <Row Tag="LOC_GOVT_PAPAL_SLOT_NAME">
      <Text>Papalık Politikası</Text>
    </Row>
    <Row Tag="LOC_GOVT_PAPAL_SLOT_DESC">
      <Text>Sürdürme: {1_Num} [ICON_Faith] Tur başına İnanç</Text>
    </Row>
    <Row Tag="LOC_GOVT_PAPAL_SLOT_FAITH_TT">
      <Text>{1_Num} Papalık Politikası'ndan</Text>
    </Row>
    <Row Tag="LOC_PLOTINFO_COERCE_LABEL">
      <Text>Zorla ({1_Num} [ICON_Gold] Altın)</Text>
    </Row>
    <Row Tag="LOC_PLOTINFO_COERCE_TT">
      <Text>Bu taşa {1_NumTurns} tur boyunca baskı uygulayın. Baskı altındaki karolar vebalı olsalar bile normal şekilde işlenebilir, geliştirilebilir veya üzerine inşa edilebilir.</Text>
    </Row>
    <Row Tag="LOC_PLOTINFO_YOU_NEED_MORE_GOLD_TO_COERCE">
      <Text>Bu taşı zorlamak için {1_num} daha fazla [ICON_Gold] Altına ihtiyacınız var.</Text>
    </Row>
    <Row Tag="LOC_PLOTINFO_COERCED_TURNS_LABEL">
      <Text>Zorlanmış: {1_Num} Dönüşler</Text>
    </Row>
    <Row Tag="LOC_HUD_PLAGUE_LENS">
      <Text>Veba</Text>
    </Row>
    <Row Tag="LOC_HUD_PLAGUE_LENS_TT">
      <Text>Kara Veba tarafından enfekte edilen karoları gösterir (siyah karolar enfeksiyonun en yoğun olduğu, beyaz karolar ise enfeksiyondan kurtulmaya yakın olduğu karolardır).</Text>
    </Row>
    <Row Tag="LOC_HUD_PLAGUE_LENS_KEY_MIN">
      <Text>Veba Mevcut</Text>
    </Row>
    <Row Tag="LOC_HUD_PLAGUE_LENS_KEY_MAX">
      <Text>Veba Salgını</Text>
    </Row>
    <!-- Notifications -->
    <Row Tag="LOC_BLACKDEATH_NOTIFICATION_PLAGUE_RUMOR_MESSAGE">
      <Text>Veba Söylentisi</Text>
    </Row>
    <Row Tag="LOC_BLACKDEATH_NOTIFICATION_PLAGUE_RUMOR_SUMMARY">
      <Text>Kara Ölüm'ün {1_CityName} şehrinde mevcut olabileceği haberi geldi.</Text>
    </Row>
    <Row Tag="LOC_BLACKDEATH_NOTIFICATION_PLAGUE_OUTBREAK_MESSAGE">
      <Text>Veba Salgını!</Text>
    </Row>
    <Row Tag="LOC_BLACKDEATH_NOTIFICATION_PLAGUE_OUTBREAK_SUMMARY">
      <Text>Kara Ölüm {1_CityName} şehrimize geldi!</Text>
    </Row>
    <Row Tag="LOC_BLACKDEATH_NOTIFICATION_FRANCE_PAPAL_SLOT_SUMMARY">
      <Text>Papalık Politikası yuvamızın kullanımını sürdürmek için yeterli [ICON_Faith] İnanç yoktur.</Text>
    </Row>
    <Row Tag="LOC_BLACKDEATH_NOTIFICATION_FRANCE_PAPAL_SLOT_MESSAGE">
      <Text>Papalık Politikası Düştü!</Text>
    </Row>
    <Row Tag="LOC_NOTIFICATION_UNIT_LOST_TO_RADIATION_POISONING">
      <Text>Radyasyon zehirlenmesi nedeniyle bir {1_UnitName} kaybettiniz.</Text>
    </Row>
    <!-- Victory Conditions -->
    <Row Tag="LOC_WORLD_RANKINGS_BLACKDEATH_SCENARIO_RULES">
      <Text>Bu senaryoda Orta Çağ uygarlığınıza kötü şöhretli Kara Ölüm boyunca rehberlik etmeli, halk ölüm ve umutsuzluk içinde kıvranırken kültürel ve bilimsel çabalarını canlı tutmalısınız. Kazanmak için ya nihai Teknolojinin (İcat) ya da nihai Yurttaşlığın (Orta Sınıf) kilidini açmalı ve gelecek Aydınlanmanın tohumlarını atmalısınız. [NEWLINE][NEWLINE]VEBA[NEWLINE][NEWLINE]85 tur boyunca Kara Ölüm dalgalar halinde kıtayı kasıp kavuracak. Her ulusun liman şehirlerinde ortaya çıkar ve tüm coğrafyaya yayılır. Dağlar hariç her kara parçasına yayılabilir ve şehirlere, yollara, Liman bölgeleri içeren Kıyılara ve kırsal iyileştirmelere daha kolay yayılır. Veba bir kareye ulaştığında, o karo birkaç tur boyunca [COLOR:Red]Veba Hastası[ENDCOLOR] olur. Turlar sona erdiğinde karo iyileşir, ancak vebalı iken aşağıdaki etkilere maruz kalır:[NEWLINE][NEWLINE][COLOR:Red][ICON_BULLET]Vebalı karolar vatandaşlar tarafından işlenemez, iyileştirilemez veya onarılamaz ve zaten bir bölge varsa bölge inşa etmek veya bina eklemek için kullanılamaz[NEWLINE][NEWLINE][ICON_BULLET]Karo bir şehir merkeziyse, vebanın devam ettiği her turda bir nüfusun ölme ihtimali yüksektir. Bu şans, belirli binalar inşa edilerek veya belirli hükümet politikaları kullanılarak azaltılabilir[NEWLINE][NEWLINE][ICON_BULLET]Sırasını vebalı bir karede bitiren birimler 20 hasar alır[ENDCOLOR][NEWLINE][NEWLINE]Kara Ölümle mücadele etmek için şehirlerinizin felaket boyunca çalışmaya devam etme gücünü korumaya bakın. Vatandaşlarınızın gücü varken temel bölgeleri inşa edin. [ICON_Gold] Altın ve [ICON_Faith] İnanç rezervlerinizi yüksek tutarak şehirleriniz zarar gördüğünde binalar ve birimler satın alın. Bilim ve kültür merkezlerini erkenden kurun ve elinizden geldiğince koruyun. Veba Doktorları mevcut olduğunda, onları en savunmasız bölgelerinizi korumak veya tereddüt eden şehirlerin Sadakatini desteklemek için kullanın. [NEWLINE][NEWLINE]Zorluk [ICON_GOLD] Altın ve [ICON_FAITH] İnancı etkiler.</Text>
    </Row>
    <Row Tag="LOC_VICTORY_BLACKDEATH_REQUIRES_PLAYER_HAS_FINAL_CIVIC_PROGRESS">
      <Text>Yurttaşlık Bilgisi: {NumCompleted}\{NumTotal} ( ~{EstimatedTurns}[ICON_Turn])</Text>
    </Row>
    <Row Tag="LOC_VICTORY_BLACKDEATH_REQUIRES_PLAYER_HAS_FINAL_TECH_PROGRESS">
      <Text>Teknolojiler: {NumCompleted}\{NumTotal} ( ~{EstimatedTurns}[ICON_Turn])</Text>
    </Row>
    <Row Tag="LOC_WORLD_RANKINGS_VICTORY_BLACKDEATH_SCENARIO">
      <Text>{1_CompletedCivics}\{2_TotalCivics} Yurttaşlık Bilgisi, {3_CompletedTechs}\{4_TotalTechs} Teknolojileri</Text>
    </Row>
    <!-- Tooltips -->
    <Row Tag="LOC_CITY_BANNER_PLAGUE_TT">
      <Text>Bu şehir vebaya yakalandı. Vebanın devam ettiği her turda Sadakat ve potansiyel olarak [ICON_Citizen] Nüfus kaybedecektir.</Text>
    </Row>
    <Row Tag="LOC_DISTRICT_CULTURE_THEATER">
      <Text>+{1_num} [ICON_Culture] Bitişik Tiyatro'dan kültür.</Text>
    </Row>
    <Row Tag="LOC_DISTRICT_GOLD_COMMERCIAL_HUB">
      <Text>+{1_num} [ICON_Gold] Bitişik Ticari Merkezden altın.</Text>
    </Row>
    <Row Tag="LOC_DISTRICT_FAITH_HOLY_SITE">
      <Text>+{1_num} [ICON_Faith] Komşu Kutsal Bölgeden gelen inanç.</Text>
    </Row>
    <Row Tag="LOC_DISTRICT_SCIENCE_CAMPUS">
      <Text>+{1_num} [ICON_Science] Bitişik Kampüsten Bilim.</Text>
    </Row>
    <!--Historic Rankings-->
    <Row Tag="LOC_BLACKDEATH_SCENARIO_ENDGAME_RANK_1_NAME">
      <Text>Lekesiz</Text>
    </Row>
    <Row Tag="LOC_BLACKDEATH_SCENARIO_ENDGAME_RANK_1_QUOTE">
      <Text>Eğer kâhin içeri girip bakar ve veba salgınının evde yayılmadığını görürse, veba salgını iyileştiği için evi temiz ilan edecektir.</Text>
    </Row>
    <Row Tag="LOC_BLACKDEATH_SCENARIO_ENDGAME_RANK_2_NAME">
      <Text>Veba Doktoru</Text>
    </Row>
    <Row Tag="LOC_BLACKDEATH_SCENARIO_ENDGAME_RANK_2_QUOTE">
      <Text>Çünkü diğer tüm sanatlarda, onları uygulayanlar beceri ve bilgi açısından birbirlerinden çok farklı oldukları gibi, Tıpta da durum aynıdır.</Text>
    </Row>
    <Row Tag="LOC_BLACKDEATH_SCENARIO_ENDGAME_RANK_3_NAME">
      <Text>Üçüncü Emlak</Text>
    </Row>
    <Row Tag="LOC_BLACKDEATH_SCENARIO_ENDGAME_RANK_3_QUOTE">
      <Text>Baksteres and brewesteres,\And bochiers manye;\Wollen webbesters,\And weveres of lynnen,\Taillours and tynkers,\And tollers in marketettes,\Masons and mynours,\And many other craftes.</Text>
    </Row>
    <Row Tag="LOC_BLACKDEATH_SCENARIO_ENDGAME_RANK_4_NAME">
      <Text>Filozof</Text>
    </Row>
    <Row Tag="LOC_BLACKDEATH_SCENARIO_ENDGAME_RANK_4_QUOTE">
      <Text>İnsanın bilgisinin ötesinde olan şeyler insan tarafından aklıyla aranamayabilirse de, yine de Tanrı tarafından açıklandıktan sonra imanla kabul edilmelidir.</Text>
    </Row>
    <Row Tag="LOC_BLACKDEATH_SCENARIO_ENDGAME_RANK_5_NAME">
      <Text>Mendicant</Text>
    </Row>
    <Row Tag="LOC_BLACKDEATH_SCENARIO_ENDGAME_RANK_5_QUOTE">
      <Text>: Oradaki kardeşlerimi severim, Dört emri yerine getiririm, İnsanlara yardım ederim.</Text>
    </Row>
    <Row Tag="LOC_BLACKDEATH_SCENARIO_ENDGAME_RANK_6_NAME">
      <Text>Ratcatcher</Text>
    </Row>
    <Row Tag="LOC_BLACKDEATH_SCENARIO_ENDGAME_RANK_6_QUOTE">
      <Text>Neden bir köpeğin, bir atın, bir farenin hayatı var da senin hiç nefesin yok?</Text>
    </Row>
    <Row Tag="LOC_BLACKDEATH_SCENARIO_ENDGAME_RANK_7_NAME">
      <Text>Mezarcı</Text>
    </Row>
    <Row Tag="LOC_BLACKDEATH_SCENARIO_ENDGAME_RANK_7_QUOTE">
      <Text>...çok uzun ya da çok resmi bir törenle uğraşmadan, ilk buldukları boş mezara girerlerdi.</Text>
    </Row>
    <Row Tag="LOC_BLACKDEATH_SCENARIO_ENDGAME_RANK_8_NAME">
      <Text>Flagellant</Text>
    </Row>
    <Row Tag="LOC_BLACKDEATH_SCENARIO_ENDGAME_RANK_8_QUOTE">
      <Text>Pie Jesu Domine, Dona eis requiem.</Text>
    </Row>
    <!-- Popup Events -->
    <Row Tag="LOC_POPUP_SCENARIO_GENERIC_WHICH_PATH">
      <Text>Hangi yolu seçeceksiniz?</Text>
    </Row>
    <!-- A New Plague Appears (Intro) -->
    <Row Tag="LOC_POPUP_SCENARIO_PLAGUE_APPEARS_TITLE">
      <Text>Yeni Bir Hastalık Ortaya Çıkıyor</Text>
    </Row>
    <Row Tag="LOC_POPUP_SCENARIO_PLAGUE_APPEARS_DESCRIPTION">
      <Text>Akdeniz'in hareketli limanlarında ölümcül bir hastalığın ortaya çıktığına dair söylentiler yayıldı. Ticaret gemilerinin ambarlarında, vagonların sırtında çoktan kıyılarınıza doğru yola çıkmış olabilir.</Text>
    </Row>
    <Row Tag="LOC_POPUP_SCENARIO_PLAGUE_APPEARS_EFFECT">
      <Text>İlk salgın belirtisi için yollarınızı ve limanlarınızı izleyin. Yayılmayı kontrol altına almak için hızlı hareket etmeniz gerekecektir.</Text>
    </Row>
    <!-- Outbreak! -->
    <Row Tag="LOC_POPUP_SCENARIO_OUTBREAK_TITLE">
      <Text>Salgın!</Text>
    </Row>
    <Row Tag="LOC_POPUP_SCENARIO_OUTBREAK_DESCRIPTION">
      <Text>Veba [COLOR:Civ6Yellow]{1_CityName}[ENDCOLOR]'e ulaştı! Artık sadece bir söylenti değil, hastalık artık aramızda ve halk dehşet ve paniğe kapılıyor.</Text>
    </Row>
    <Row Tag="LOC_POPUP_SCENARIO_OUTBREAK_EFFECT">
      <Text>Ölü sayısı kaçınılmaz olabilir, ancak yine de yayılmayı yavaşlatırken şehri sabit tutmalıyız.</Text>
    </Row>
    <Row Tag="LOC_POPUP_SCENARIO_OUTBREAK_REPEAT_DESCRIPTION">
      <Text>Veba [COLOR:Civ6Yellow]{1_CityName}[ENDCOLOR]'e ulaştı!</Text>
    </Row>
    <Row Tag="LOC_POPUP_SCENARIO_OUTBREAK_REPEAT_EFFECT">
      <Text>Önceki salgınlarda olduğu gibi, bu şehir de karoları ve bölgeleri çalışamaz hale geldikçe ve nüfusu düştükçe felç olacak. Açlık ve sadakat kaybı tehdidine karşı tetikte olun.</Text>
    </Row>
    <!-- The Nobility Flees -->
    <Row Tag="LOC_POPUP_SCENARIO_NOBILITY_FLEES_TITLE">
      <Text>Soylular Kaçıyor</Text>
    </Row>
    <Row Tag="LOC_POPUP_SCENARIO_NOBILITY_FLEES_DESCRIPTION">
      <Text>Zengin toprak sahipleri, ölümcül hastalıktan yoğun şehirlerde bol miktarda bulunan kokuşmuş dumanlar olan miazmayı sorumlu tutuyor. Sürüler halinde taşradaki malikanelerine kaçıyor, maiyetlerini de yanlarına alarak sokakları yoksullara ve evsizlere bırakıyorlar.</Text>
    </Row>
    <Row Tag="LOC_POPUP_SCENARIO_NOBILITY_FLEES_EFFECT">
      <Text>Korku, bazı nüfusları şehirlerinize doğru çekerken diğerlerini onlardan uzaklaştırıyor. Yeni Politikalar hangisini destekleyeceğinizi seçmenize olanak tanıyor.</Text>
    </Row>
    <!-- False Cures, Empty Promises -->
    <Row Tag="LOC_POPUP_SCENARIO_FALSE_CURES_TITLE">
      <Text>Sahte Tedaviler, Boş Vaatler</Text>
    </Row>
    <Row Tag="LOC_POPUP_SCENARIO_FALSE_CURES_DESCRIPTION">
      <Text>Pek çok kişi vebayı durduracak güce ya da bilgiye sahip olduğunu iddia eder. Ancak ister şarlatan, ister rahip, ister hekim ya da kral olsun, veba hepsine meydan okur. İnsanlar perişan ve çaresizce cevap arıyor.</Text>
    </Row>
    <Row Tag="LOC_POPUP_SCENARIO_FALSE_CURES_EFFECT">
      <Text>Yeni Politikalar, kamuoyunu rahatlatmak için daha sert önlemler almanıza olanak tanır.</Text>
    </Row>
    <!-- We All Fall Down -->
    <Row Tag="LOC_POPUP_SCENARIO_ALL_FALL_DOWN_TITLE">
      <Text>Hepimiz Düşeriz</Text>
    </Row>
    <Row Tag="LOC_POPUP_SCENARIO_ALL_FALL_DOWN_DESCRIPTION">
      <Text>Veba ve onun tüyler ürpertici hasadı ülkeyi kaplıyor. Halkınız nereye dönse ölümle karşılaşıyor. Yüksek ve alçak, zengin ve fakir aynı şekilde vurulduğunda çabalamanın ne faydası var?</Text>
    </Row>
    <Row Tag="LOC_POPUP_SCENARIO_ALL_FALL_DOWN_EFFECT">
      <Text>Tüm şehirlerde -%30 [ICON_Food] Büyüme, -%3 [ICON_Production] Üretim, -%3 [ICON_Gold] Altın ve -%3 [ICON_Faith] İnanç.</Text>
    </Row>
    <!-- Sick in Body and Soul -->
    <Row Tag="LOC_POPUP_SCENARIO_SICK_IN_BODY_TITLE">
      <Text>Bedenen ve Ruhen Hasta</Text>
    </Row>
    <Row Tag="LOC_POPUP_SCENARIO_SICK_IN_BODY_DESCRIPTION">
      <Text>Hastalık ülkeyi kasıp kavuruyor, toplumumuzun onlarca yıldır dayandığı istikrar ve gelenekleri altüst ediyor. İktidardakiler, çökmekte olan toplumsal düzene nasıl tepki verileceğinin örneğini oluşturuyor.</Text>
    </Row>
    <Row Tag="LOC_POPUP_SCENARIO_SICK_IN_BODY_CHOICE_A">
      <Text>Pişmanlık Pratiği Yapın</Text>
    </Row>
    <Row Tag="LOC_POPUP_SCENARIO_SICK_IN_BODY_CHOICE_A_EFFECT">
      <Text>-2 [ICON_Production] Üretim, +3 [ICON_Faith] Tüm şehirlerde İnanç</Text>
    </Row>
    <Row Tag="LOC_POPUP_SCENARIO_SICK_IN_BODY_CHOICE_B">
      <Text>Zamparalığı Kucaklayın</Text>
    </Row>
    <Row Tag="LOC_POPUP_SCENARIO_SICK_IN_BODY_CHOICE_B_EFFECT">
      <Text>Tüm şehirlerde -%20 [ICON_Food] Büyüme, +3 [ICON_Gold] Altın</Text>
    </Row>
    <!-- Physician, Heal Thyself -->
    <Row Tag="LOC_POPUP_SCENARIO_HEAL_THYSELF_TITLE">
      <Text>Doktor, Kendini İyileştir</Text>
    </Row>
    <Row Tag="LOC_POPUP_SCENARIO_HEAL_THYSELF_DESCRIPTION">
      <Text>Ölü sayısı arttıkça, insanlar güvendikleri yetkililerden yardım isterler. Birçoğu anahtarın bilimde olduğunu savunur ve hastalarla ilgilenmeleri için doktorlar tutmak ister. Diğerleri fanatizme sürüklenir ve vebayı durdurması için Tanrı'ya yalvarmak üzere kefaret talep eder.</Text>
    </Row>
    <Row Tag="LOC_POPUP_SCENARIO_HEAL_THYSELF_CHOICE_A">
      <Text>Hastaları Tedavi Edin</Text>
    </Row>
    <Row Tag="LOC_POPUP_SCENARIO_HEAL_THYSELF_CHOICE_B">
      <Text>Günahkarı Utançlandırın</Text>
    </Row>
    <!-- The End of the World -->
    <Row Tag="LOC_POPUP_SCENARIO_END_OF_THE_WORLD_TITLE">
      <Text>Dünyanın Sonu</Text>
    </Row>
    <Row Tag="LOC_POPUP_SCENARIO_END_OF_THE_WORLD_DESCRIPTION">
      <Text>Ölü sayısı tahminlerin ötesinde artıyor. Umutsuzluk baş gösterdikçe hem kiliseye hem de devlete olan inanç çöküyor. Toplum bu şekilde devam edemez - bir kırılma yaşanmalı.</Text>
    </Row>
    <Row Tag="LOC_POPUP_SCENARIO_END_OF_THE_WORLD_CHOICE_A">
      <Text>Tanrı'ya Teslimiyet</Text>
    </Row>
    <Row Tag="LOC_POPUP_SCENARIO_END_OF_THE_WORLD_CHOICE_A_EFFECT">
      <Text>[ICON_Faith] hariç tüm getirilere -3 Tüm şehirlerde inanç</Text>
    </Row>
    <Row Tag="LOC_POPUP_SCENARIO_END_OF_THE_WORLD_CHOICE_B">
      <Text>Tanrı'dan vazgeçin</Text>
    </Row>
    <Row Tag="LOC_POPUP_SCENARIO_END_OF_THE_WORLD_CHOICE_B_EFFECT">
      <Text>-10 [ICON_Faith] Tüm şehirlerde inanç</Text>
    </Row>
    <!-- Is This God's Judgement? -->
    <Row Tag="LOC_POPUP_SCENARIO_GODS_JUDGEMENT_TITLE">
      <Text>Bu Tanrı'nın Hükmü mü?</Text>
    </Row>
    <Row Tag="LOC_POPUP_SCENARIO_GODS_JUDGEMENT_DESCRIPTION">
      <Text>Ölüler şehirleri doldurur ve mezarlıkları taşırır. En muhafazakârlar bile yıkıma tanık olur ve dünyanın kötülüğünün sonunda ilahi cezayı hak edip etmediğini merak eder.</Text>
    </Row>
    <Row Tag="LOC_POPUP_SCENARIO_GODS_JUDGEMENT_CHOICE_A">
      <Text>Ruhlarımız tükendi</Text>
    </Row>
    <Row Tag="LOC_POPUP_SCENARIO_GODS_JUDGEMENT_CHOICE_A_EFFECT">
      <Text>-1 [ICON_Culture] Kültür, -1 [ICON_Faith] Tüm şehirlerde İnanç</Text>
    </Row>
    <Row Tag="LOC_POPUP_SCENARIO_GODS_JUDGEMENT_CHOICE_B">
      <Text>Çabalarımız işe yaramaz</Text>
    </Row>
    <Row Tag="LOC_POPUP_SCENARIO_GODS_JUDGEMENT_CHOICE_B_EFFECT">
      <Text>-1 [ICON_Science] Bilim, -%10 [ICON_Food] Tüm şehirlerde büyüme</Text>
    </Row>
    <!-- ************************************************ -->
    <!-- CIVILOPEDIA -->
    <!-- ************************************************ -->
    <!--Units-->
    <Row Tag="LOC_PEDIA_UNITS_PAGE_UNIT_SCHOLAR_CHAPTER_HISTORY_PARA_1">
      <Text>Kara Ölüm'den önce, Avrupa'da öğrenim ve eğitimde bir gelişme vardı ve üniversitenin yükselişi, kendini çalışmaya adamış yeni bir eğitimli profesyonel sınıf anlamına geliyordu. Bazı akademisyenler hukuk gibi pratik konulara odaklanırken, giderek büyüyen bir grup bilginin doğası ve doğa felsefesi ile ilgili sorulara yönelerek erken Rönesans'ın yolunu açtı.</Text>
    </Row>
    <Row Tag="LOC_PEDIA_UNITS_PAGE_UNIT_PLAGUE_DOCTOR_CHAPTER_HISTORY_PARA_1">
      <Text>Kara Ölüm'ün en çarpıcı figürlerinden biri, ürkütücü gaga şeklindeki maskesi, uzun cübbesi ve asasıyla veba doktorudur. Gaga şeklindeki maskenin ucunda aromatik bitkilerden oluşan bir poşet bulunurdu (tatlı kokunun yanlışlıkla vebayı uzaklaştırdığı düşünülürdü).  Bir hastanın (ya da cesedin) vebaya yakalandığından şüphelenildiğinde veba doktoru çağrılırdı. Doktor, vakayı belgelemek ya da hastayı temize çıkarmak için sopasını ya da asasını kullanarak hastaya dokunmadan üzerini arardı.</Text>
    </Row>
    <Row Tag="LOC_PEDIA_UNITS_PAGE_UNIT_FLAGELLANT_CHAPTER_HISTORY_PARA_1">
      <Text>Geç Ortaçağ'ın dinsel yüklü dünyasında vebanın insanlığın günahları için ilahi bir ceza olduğu düşünülüyordu. Bazı insan grupları, günahkâr insanlık adına aşırı derecede tövbe etme eylemlerine girişmiş, ülkenin dört bir yanına giderek kendilerini kırbaçlamış ya da "kamçılamış "tır. İlk başlarda bu gösteriler kilise yetkililerinin (en azından zımni) rızasına sahipti, ancak uygulama aşırılaştıkça kilise yetkilileri bunu kınadı. Bu ne kırbaçlama uygulamasını ne de kırbaççıların alaylarını sona erdirdi.</Text>
    </Row>
    <Row Tag="LOC_PEDIA_UNITS_PAGE_UNIT_TEUTONIC_KNIGHT_CHAPTER_HISTORY_PARA_1">
      <Text>Avrupa'daki dini şövalyelik tarikatlarından biri olan Töton Şövalyeleri, Baltık bölgesindeki pagan kabilelere karşı Kuzey Haçlı Seferini yürütmüştür. Özellikle saldırganlıkları, uzlaşmazlıkları, zenginlikleri ve Haçlı tarikatlarının standartlarına göre bile sade yaşam tarzlarıyla dikkat çekmişlerdir.</Text>
    </Row>
    <!--Districts-->
    <Row Tag="LOC_PEDIA_DISTRICTS_PAGE_DISTRICT_WALLED_QUARTER_CHAPTER_HISTORY_PARA_1">
      <Text>Vebanın epidemiyolojisini tam olarak anlayamayan şehir sakinleri yine de Kara Ölüm'ü kontrol altına almak için bir sistem keşfetti: Kurbanları kalıcı bir karantinaya almak. Bu acımasız önlem, duvarla çevrili kurbanları korkunç bir kadere mahkum ediyordu ama vebanın ilerlemesini ara sıra kontrol edebiliyordu. Bazı sağlıklı insanların vebanın yayıldığını görmektense karantinayı isteyerek kabul etmesi, Kara Ölüm'deki korkunç acı hesabının bir örneğidir.</Text>
    </Row>
    <!--Buildings-->
    <Row Tag="LOC_PEDIA_BUILDINGS_PAGE_BUILDING_GUILDHALL_CHAPTER_HISTORY_PARA_1">
      <Text>Lonca binası, üyelerine bir toplantı alanı sağlamanın yanı sıra zenginliklerini ve güçlerini göstermek için bir loncanın sahip olduğu yarı kamusal bir binadır. Genellikle sivil ve ticari gururun güçlü bir ifadesi olarak süslü bir şekilde dekore edilmişlerdir.</Text>
    </Row>
    <Row Tag="LOC_PEDIA_BUILDINGS_PAGE_BUILDING_MASS_GRAVE_CHAPTER_HISTORY_PARA_1">
      <Text>Kara Ölüm sırasında ölü sayısı arttıkça, bireysel cenaze törenleri pratik olmaktan çıktı ve ölüler, ölüler için sağlanabilecek her türlü alçakgönüllülükle çok sayıda gömüldü. Bazen yer kazanmak için kısmen çürümüş cesetler mezardan çıkarılır ve birlikte yeniden gömülürdü. Diğer durumlarda ise mezarlıklar o kadar tıkanmıştır ki ölüler yer üstüne gömülmüştür. Tüm toplu mezarlar işaretlenmemiştir ve günümüzde de keşfedilmeye devam etmektedir.</Text>
    </Row>
    <Row Tag="LOC_PEDIA_BUILDINGS_PAGE_BUILDING_PLAGUE_HOSPITAL_CHAPTER_HISTORY_PARA_1">
      <Text>Şehirler veba kurbanlarını ellerinden geldiğince tedavi etmeye ya da en azından acılarını en aza indirmeye çalıştılar. Veba hastaneleri en iyi ihtimalle şüpheli bir bakım sağlamış olabilir, ancak en azından hastalarına birilerinin onları önemsediğine dair bir umut veriyorlardı.</Text>
    </Row>
    <Row Tag="LOC_PEDIA_BUILDINGS_PAGE_BUILDING_KEEP_CHAPTER_HISTORY_PARA_1">
      <Text>Bir kalenin veya tahkimatın orta kısmı, dış duvarların aşılması durumunda bir sığınak ve son savunma hattı olarak kullanılır. Kalelerin genellikle çok az sayıda ve çok dar girişleri vardır, böylece bir avuç savunmacı işgalcileri hala uzak tutabilir.</Text>
    </Row>
    <!--Techs-->
    <Row Tag="LOC_PEDIA_TECHNOLOGIES_PAGE_TECH_CIVIL_ENGINEERING_CHAPTER_HISTORY_PARA_1">
      <Text>Ortaçağ döneminde inşaat mühendisliğindeki gelişmeleri etkileyen çeşitli faktörler arasında güçlü kaleler inşa etmenin önemi, bu kaleleri kuşatmanın önemi ve kendi atıkları içinde debelenmeden büyük nüfusları barındırabilecek şehirler inşa etme ihtiyacı sayılabilir.</Text>
    </Row>
    <Row Tag="LOC_PEDIA_TECHNOLOGIES_PAGE_TECH_INVENTION_CHAPTER_HISTORY_PARA_1">
      <Text>Yetenekli zanaatkârlar ve sanatçılar, klasik dünyada bilinen sistemleri ve teknolojileri yeniden keşfetmeye başladı. Kara Veba sırasında yaşanan çok sayıda ölümle birlikte, emek tasarrufu sağlayan makineler daha önemli hale geldi.</Text>
    </Row>
    <Row Tag="LOC_PEDIA_TECHNOLOGIES_PAGE_TECH_MEDICINE_CHAPTER_HISTORY_PARA_1">
      <Text>Tıp, Hipokrat'ta belirtildiği gibi vücudun hümörlerini - kan, balgam, kara safra ve sarı safra - dengelemenin pratik sanatıdır. Astroloji (gök cisimleri bu hümörleri etkilediği için) ve dört ana elementin incelenmesini de içerebilir: Ateş, toprak, hava ve su. Mantık ve teoloji gibi yüce disiplinleri tam olarak takdir edemeyen kişiler için uygun bir çalışma şeklidir.</Text>
    </Row>
    <!--Civics-->
    <Row Tag="LOC_PEDIA_CIVICS_PAGE_CIVIC_WAGE_REFORM_CHAPTER_HISTORY_PARA_1">
      <Text>Kara Ölüm'den sonra yaşanan işçi kıtlığı, Avrupa'daki geleneksel serflik sistemlerinin gerilemesine yol açtı. Artık tarım işçileri ve diğer işçiler, yaptıkları iş için zorla ücret almak yerine kendilerine ücret ödenmesini bekleyebilirlerdi.</Text>
    </Row>
    <Row Tag="LOC_PEDIA_CIVICS_PAGE_CIVIC_HIGHER_LEARNING_CHAPTER_HISTORY_PARA_1">
      <Text>Orta Çağ'da Roma Hukuku metinlerinin yeniden keşfi, Bologna ve Paris gibi şehirlerde Üniversite sisteminin büyümesine yol açmıştır. Eğitim, kilisenin dışında geniş çapta erişilebilir hale geldi ve Rönesans'ın temelini attı.</Text>
    </Row>
    <Row Tag="LOC_PEDIA_CIVICS_PAGE_CIVIC_LABOR_ECONOMY_CHAPTER_HISTORY_PARA_1">
      <Text>Kara Veba'nın ölümlerinden sonra işçi kıtlığı emeğin değerini artırdı. Artık soylular köylüleri döverek toprakta çalıştıramazdı, çünkü bu nankörler kendilerine para ödeyecek yeni bir lorda hizmet etmeye giderlerdi.</Text>
    </Row>
    <Row Tag="LOC_PEDIA_CIVICS_PAGE_CIVIC_MIDDLE_CLASS_CHAPTER_HISTORY_PARA_1">
      <Text>Avrupa'da şehirlerin yükselişi, feodal dünyanın geleneksel aristokrat-seklastik-köylü modelinin dışında yeni bir sınıfın yükselişi anlamına geliyordu. Çoğu yönetici onları savaşları finanse etmek için yararlı bir vergi tabanı olarak gördü.</Text>
    </Row>
    <!--Policies-->
    <Row Tag="LOC_PEDIA_GOVERNMENTS_PAGE_POLICY_FEALTY_CHAPTER_HISTORY_PARA_1">
      <Text>Sadakat, feodal bir sistemde bir efendiye bağlılık yemini etme sürecidir; örneğin bir şövalyenin bir barona hizmet etmeye yemin etmesi veya baronun bir krala hizmet etmeye yemin etmesi gibi.</Text>
    </Row>
    <Row Tag="LOC_PEDIA_GOVERNMENTS_PAGE_POLICY_UNDERCLASS_CHAPTER_HISTORY_PARA_1">
      <Text>Kentlerin yükselişi, tüccarların ve yetenekli zanaatkârların bir araya gelmesinin yanı sıra, feodal dönemin sosyal normlarına tam olarak uymadıkları için sosyal konumları aşağı görülen veya istenmeyen bir sınıfın ortaya çıkması anlamına geliyordu. Muhtemelen bu tutumlar günümüze kadar uzanmaktadır.</Text>
    </Row>
    <Row Tag="LOC_PEDIA_GOVERNMENTS_PAGE_POLICY_STUDIA_GENERALIA_CHAPTER_HISTORY_PARA_1">
      <Text>Üniversite ya da üniversitede verilen eğitimin orijinal adı, "genel çalışmalar" anlamına gelmektedir. Yedi liberal sanatın aksine, Studia için tanımlanmış bir müfredat yoktu, bu da üniversitelerin bir öğrencinin başarılı bir şekilde çalıştığının ve bir şeyler öğrenmiş olabileceğinin tanınması olarak diploma sunmasını gerektiriyordu.</Text>
    </Row>
    <Row Tag="LOC_PEDIA_GOVERNMENTS_PAGE_POLICY_COTTAGE_INDUSTRIES_CHAPTER_HISTORY_PARA_1">
      <Text>Küçük sanayi, bir birey ya da aile tarafından kendilerini geçindirmek ya da ek gelir sağlamak amacıyla kurulan küçük işletmelerdir. Bu küçük işletmeler genellikle feodal ekonomilerden piyasa temelli ekonomilere geçişin bir parçası olarak kabul edilir.</Text>
    </Row>
    <Row Tag="LOC_PEDIA_GOVERNMENTS_PAGE_POLICY_SKILLED_TRADES_CHAPTER_HISTORY_PARA_1">
      <Text>Özellikle gümüş eşya, kumaş, cam eşya ve makine gibi değerli malların üretimi gibi yetenekli zanaatlar ya da sanatlar ancak uzun süreli pratikle ustalaşılabilir. Esnaflar, birlikte çalışabilecekleri şehirlerde toplanır, geleceğin uygulayıcılarını eğitir, fiyatları belirler ve malları için piyasayı kontrol etmeye çalışırlardı. Yetenekli tüccarlar tarihteki ilk gerçek orta sınıf vatandaşlardan bazılarıydı.</Text>
    </Row>
    <Row Tag="LOC_PEDIA_GOVERNMENTS_PAGE_POLICY_PUBLIC_SERVANTS_CHAPTER_HISTORY_PARA_1">
      <Text>Devletlerin yöneticilerinin ötesinde siyasi varlıklar olduğu fikrinin giderek güçlenmesi, görevlerini hükümdara değil devlete hizmet olarak ifade eden bir hizmetkâr sınıfının oluşmasına yol açtı. Bu durum, devletin iyiliğine tarafsız bir şekilde hizmet etmelerini sağladı ancak vergi toplama zamanı geldiğinde onları daha popüler yapmadı.</Text>
    </Row>
    <Row Tag="LOC_PEDIA_GOVERNMENTS_PAGE_POLICY_SPECIALIZATION_CHAPTER_HISTORY_PARA_1">
      <Text>Karmaşık nesneler üretirken, bireylerin üretimin bir yönüne odaklanması, tek bir zanaatkârın bir parçayı malzemeden tamamlanmasına kadar çalışmasından daha yüksek bir üretim hızına olanak tanır. Orta Çağ ve Erken Modern Dönem boyunca silahlar ve zırhlar da dahil olmak üzere pek çok nesne bu şekilde üretilmiştir. Uzmanlaşmanın yükselişi en sonunda Sanayi Çağı ve montaj hattında tam ifadesini bulacaktır.</Text>
    </Row>
    <Row Tag="LOC_PEDIA_GOVERNMENTS_PAGE_POLICY_COMMERCIAL_LEAGUE_CHAPTER_HISTORY_PARA_1">
      <Text>Tüccar grupları daha fazla ekonomik güce sahip olmak için bir araya gelecekti. Bu ticari birlikler sonunda modern bankacılık ve para sistemlerinin temelini oluşturacaktı.</Text>
    </Row>
    <Row Tag="LOC_PEDIA_GOVERNMENTS_PAGE_POLICY_INDENTURE_CHAPTER_HISTORY_PARA_1">
      <Text>Indenture, bir kişinin emeğini, sonunda bir şey kazanacağı beklentisiyle, belirli bir süre için bir başkasıyla sözleşme yapma sürecidir. Çırakların eğitimlerinin başlangıcında ustalarına bağlandıkları süreçtir.</Text>
    </Row>
    <Row Tag="LOC_PEDIA_GOVERNMENTS_PAGE_POLICY_LABOR_MARKET_CHAPTER_HISTORY_PARA_1">
      <Text>Bir noktada işgücü piyasası, kelimenin tam anlamıyla, vasıfsız işçilerin bir araya gelerek belirli bir iş için işe alınmayı bekledikleri bir yerdi. Bazı yerlerde hala öyle.</Text>
    </Row>
    <Row Tag="LOC_PEDIA_GOVERNMENTS_PAGE_POLICY_CIVIL_QUARANTINE_CHAPTER_HISTORY_PARA_1">
      <Text>Karantina, bir hastalığın nüfus içinde yayılmasını önlemek için hasta insanların izole edilmesidir. Sarı bayraklar Kara Ölüm'den bu yana karantinaya alınan yerleri işaretlemek için kullanılmaktadır.</Text>
    </Row>
    <Row Tag="LOC_PEDIA_GOVERNMENTS_PAGE_POLICY_POGROM_CHAPTER_HISTORY_PARA_1">
      <Text>Rusça'da "yok etmek" anlamına gelen pogrom, devletin onayıyla bir grubun sistematik olarak öldürülmesi ve baskı altına alınmasıdır. Ezilen grup genellikle bir azınlıktır, örneğin Avrupa tarihinin büyük bölümünde Avrupa'daki Yahudiler gibi. Gerekçe genellikle işlemedikleri bir suç için iftira atılmasıdır. Pogromların uzun ve korkunç bir tarihi vardır ve her birinin ardından insanların "bir daha asla yaşanmayacak" diye yemin etmelerine rağmen, bu tür katliamlar pek çok kez yaşanmıştır.</Text>
    </Row>
    <Row Tag="LOC_PEDIA_GOVERNMENTS_PAGE_POLICY_PATRONAGE_CHAPTER_HISTORY_PARA_1">
      <Text>Bir başkasının çalışmasını doğrudan destekleme uygulamasına patronaj denir. Patronaj, zenginliğin göze çarpan bir göstergesi olabileceği gibi, gerçekten özverili nedenlerle de gerçekleştirilebilir. Birçok büyük sanat ve edebiyat eseri, varlıklı hamilerin emriyle yapılmıştır.</Text>
    </Row>
    <Row Tag="LOC_PEDIA_GOVERNMENTS_PAGE_POLICY_NOBLESSE_OBLIGE_CHAPTER_HISTORY_PARA_1">
      <Text>Kelimesi kelimesine "Soylular sağlar" anlamına gelen bu ifade, daha yüksek sosyal statü ve imkânlara sahip kişilerin cömert olması ve daha az imkânlara sahip olanlara yardımda bulunması gerektiği anlamına gelir. Talep edilmeden yapılan hayırseverlik her zaman veren tarafından beklenen hürmetkar tevazu ile karşılanmaz.</Text>
    </Row>
    <!--Leaders-->
    <Row Tag="LOC_PEDIA_LEADERS_PAGE_LEADER_BLACKDEATH_SCENARIO_FRANCE_CHAPTER_HISTORY_PARA_1">
      <Text>Philip VI, Valois hanedanının ilk Fransız kralıdır ve saltanatı İngiltere ile Yüz Yıl Savaşları'nın başlamasıyla tanımlanır. İlk icraatlarından biri Flandre'daki bir isyanı bastırmak ve Kont Louis'i yeniden tahta oturtmak oldu. İngiltere Kralı Edward III ile ilişkileri iyi başladı, ancak Akitanya Dükalığı'nın statüsü ve Edward'ın Philip'in vasalı olup olmadığı konusunda bozuldu. Bu ve diğer meseleler Yüz Yıl Savaşları'nı tetikleyen olaylardan bazılarıydı.</Text>
    </Row>
    <Row Tag="LOC_PEDIA_LEADERS_PAGE_LEADER_BLACKDEATH_SCENARIO_FRANCE_CHAPTER_HISTORY_PARA_2">
      <Text>Philip, Edward'ı akın ve yıpratma savaşına tutarken, Fransa'nın zenginliği nedeniyle avantajlıydı, ancak açık ve kararlı savaş İngilizlerin daha lehine oldu. 1346'daki Crecy Savaşı'ndan sonra, Fransız soyluları ve müttefikleri o kadar kötü bir şekilde yok edildi ki, Fransa Estates'i daha fazla savaş için ödeme yapmayı reddetti. Kara Ölüm'ün 1348'de gelişi de en az onun kadar yıkıcıydı ve ölenler arasında karısı Kraliçe Joan da vardı.</Text>
    </Row>
    <Row Tag="LOC_PEDIA_LEADERS_PAGE_LEADER_BLACKDEATH_SCENARIO_ENGLAND_CHAPTER_HISTORY_PARA_1">
      <Text>Belki de İngiltere'nin en başarılı ortaçağ kralı olan Edward'ın 50 yıllık saltanatına savaşlar, Parlamento'nun yükselişi ve veba salgını damgasını vurdu. Babası Edward II, Edward III henüz bir çocukken tahttan indirildi, ancak Edward kısa sürede kendi başına hüküm sürmeye başladı.</Text>
    </Row>
    <Row Tag="LOC_PEDIA_LEADERS_PAGE_LEADER_BLACKDEATH_SCENARIO_ENGLAND_CHAPTER_HISTORY_PARA_2">
      <Text>İskoçya ve Fransa'ya karşı savaşlar yürüten Edward III ve ona bağlı komutanlar (özellikle en büyük oğlu Kara Prens Edward), Sluys'daki deniz savaşı da dahil olmak üzere Yüz Yıl Savaşları'nın en büyük İngiliz zaferlerinin çoğundan sorumluydu. Edward'ın kendisi de Crecy Savaşı'nda birliklere komuta etmiş ve İngiliz uzun yaylıları bir öğleden sonra Fransız asilzadelerini kılıçtan geçirmiştir.</Text>
    </Row>
    <Row Tag="LOC_PEDIA_LEADERS_PAGE_LEADER_BLACKDEATH_SCENARIO_ENGLAND_CHAPTER_HISTORY_PARA_3">
      <Text>1361'deki Kara Ölüm onun hükümdarlığının gerilemesine ve alacakaranlığına işaret eder. Veba ölümü onu savaşmak için gereken kaynaklardan mahrum bıraktı ve evde yükselen sosyal gerilimler onu hayatının geri kalanının çoğunda meşgul etti.</Text>
    </Row>
    <Row Tag="LOC_PEDIA_LEADERS_PAGE_LEADER_BLACKDEATH_SCENARIO_CASTILE_CHAPTER_HISTORY_PARA_1">
      <Text>Adil Alfonso olarak bilinen Alfonso, Kastilya ve Leon kralıydı ve henüz bir yaşındayken tahtı babası IV Ferdinand'dan devraldı. 1325'te tahta geçtikten sonra soylu aileler arasındaki çekişmeleri (ve gücü) başarılı bir şekilde bastırdı, Alcala de Hernares Nizamnamesi'nde önemli yasal reformlar başlattı ve Endülüs'teki Salado Nehri Savaşı'nda önemli bir zafer kazanarak Marinid Berberilerine karşı savaş açtı.</Text>
    </Row>
    <Row Tag="LOC_PEDIA_LEADERS_PAGE_LEADER_BLACKDEATH_SCENARIO_CASTILE_CHAPTER_HISTORY_PARA_2">
      <Text>Alfonso 1350'de Cebelitarık kuşatması sırasında Kara Ölüm'den öldü ve saltanat oğlu Zalim Peter'e geçti.</Text>
    </Row>
    <Row Tag="LOC_PEDIA_LEADERS_PAGE_LEADER_BLACKDEATH_SCENARIO_HOLY_ROMAN_EMPIRE_CHAPTER_HISTORY_PARA_1">
      <Text>Kutsal Roma İmparatoru Bavyeralı Louis, Almanların ilk Wittelsbach imparatoruydu. Saltanatının ilk dönemleri Habsburg ve Lüksemburg ailelerine ve onların imparatorluk tacına talip olmalarına karşı mücadelelerle geçti. Bu çatışma, Louis'i bir sapkın olarak aforoz eden Papa ile yan bir çatışmaya dönüştü. Louis 1328 yılında Roma'da Roma halkı tarafından İmparator olarak taçlandırıldığında bu durum biraz garip bir hal aldı. Louis'nin imparator olarak saltanatı, rakiplerinin ölümü ve imparatorluktaki büyük hanedanların bitmek bilmeyen veraset planlarından kaynaklanan genel yorgunluğun bir sonucu olarak sonunda güvence altına alındı.</Text>
    </Row>
    <Row Tag="LOC_PEDIA_LEADERS_PAGE_LEADER_BLACKDEATH_SCENARIO_HOLY_ROMAN_EMPIRE_CHAPTER_HISTORY_PARA_2">
      <Text>İngiltere Kralı Edward III ile ittifak halindeyken Fransa (ve Avignon'daki Papa) ile karşı karşıya geldi ve bu durum ülkesindeki siyasi durumunu daha da kötüleştirdi. 1347'de Münih yakınlarında öldüğünde, Wittelsbach'ları İmparatorluk siyasetinde baskın bir hanedan olarak kurmayı başaramamıştı.</Text>
    </Row>
    <Row Tag="LOC_PEDIA_CIVILIZATIONS_PAGE_CIVILIZATION_BLACKDEATH_SCENARIO_HOLY_ROMAN_EMPIRE_CHAPTER_HISTORY_PARA_1">
      <Text>Kara Ölüm sırasında Orta Avrupa'daki en büyük siyasi yapı, hepsi de İmparatorun laik yönetimi altında olan krallıklar, prenslikler, piskoposluklar, dükalıklar, serbest şehirler, tartışmalı topraklar, baronluklar ve cemaatlerden oluşan çok dilli ve çok etnikli bir topluluktu. Güçlü yönetici aileler ve Papa genellikle kendi bölgeleri için etkin kontrol veya özerklik için mücadele ediyordu.</Text>
    </Row>
    <Row Tag="LOC_PEDIA_CIVILIZATIONS_PAGE_CIVILIZATION_BLACKDEATH_SCENARIO_CASTILE_CHAPTER_HISTORY_PARA_1">
      <Text>Kastilya bölgesi, bugünkü İspanya ülkesinin merkezi alanının büyük bir bölümünü kaplamaktadır. Ortaçağ boyunca krallık genellikle İspanya'nın güneyindeki Müslüman bölgelerle savaş halindeydi. Kastilya ve komşu Leon krallıklarının birleşmesi, Kastilya'nın İber Yarımadası'nda egemen güç haline gelmesine zemin hazırlayacaktır.</Text>
    </Row>
    <Row Tag="LOC_PEDIA_CIVILIZATIONS_PAGE_CIVILIZATION_BLACKDEATH_SCENARIO_ENGLAND_CHAPTER_HISTORY_PARA_1">
      <Text>Kara Ölüm sırasında İngiltere'yi yöneten Plantagenet ailesi hem İngiliz hem de Fransız tahtında hak iddia ediyordu. İskoçya ve Galler'e karşı askeri fetihlere girişmişlerdi. Zamanla İngiltere kralı, gücünü Parlamento'ya ve soylulara devretmek zorunda kaldı, bu da İngiliz krallarının diğer Avrupa hükümdarlarına göre nispeten daha az güçlü olduğu anlamına geliyordu.</Text>
    </Row>
    <Row Tag="LOC_PEDIA_CIVILIZATIONS_PAGE_CIVILIZATION_BLACKDEATH_SCENARIO_FRANCE_CHAPTER_HISTORY_PARA_1">
      <Text>Ortaçağ boyunca Fransa, Avrupa'nın en zengin ve müreffeh bölgelerinden biriydi. Bu dönemde Fransa kralları önemli miktarda toprağı doğrudan kontrolleri altında tutuyorlardı ve bu da onları dönemin en merkezi krallıkları arasına sokuyordu.</Text>
    </Row>
  </EnglishText>
</GameData>