﻿<?xml version="1.0" encoding="utf-8"?>
<GameData>
  <EnglishText>
    <!-- Tokugawa-->
    <Row Tag="LOC_LEADER_TOKUGAWA_NAME">
      <Text>Tokugawa</Text>
    </Row>
    <Row Tag="LOC_TRAIT_LEADER_TOKUGAWA_NAME">
      <Text>Bakuhan</Text>
    </Row>
    <Row Tag="LOC_TRAIT_LEADER_TOKUGAWA_DESCRIPTION">
      <Text>Uluslararası [ICON_TradeRoute] Ticaret Rotaları -%25 Verim ve [ICON_Tourism] Turizm alır, ancak Yurtiçi [ICON_TradeRoute] Ticaret Rotaları Varış Noktasındaki her Uzmanlık Bölgesi için +1 [ICON_Culture] Kültür, +1 [ICON_Science] Bilim ve +2 [ICON_Gold] Altın sağlar. Japonya'nın [ICON_Capital] Başkentinin 6 karesi içindeki şehirler +4 [ICON_Amenities] Kolaylık alır ve Uçuş araştırmasından sonra her Bölge için +1 [ICON_Tourism] Turizm alır.</Text>
    </Row>
    <Row Tag="LOC_TRAIT_LEADER_TOKUGAWA_XP_DESCRIPTION">
      <Text>Uluslararası [ICON_TradeRoute] Ticaret Rotaları -%25 Verim ve [ICON_Tourism] Turizm alır, ancak Yurtiçi [ICON_TradeRoute] Ticaret Rotaları Varış Noktasındaki her Uzmanlık Bölgesi için +1 [ICON_Culture] Kültür, +1 [ICON_Science] Bilim ve +2 [ICON_Gold] Altın sağlar. Japonya'nın [ICON_Capital] Başkentinin 6 karesi içindeki şehirler %100 sadıktır ve Uçuş araştırmasından sonra her Bölge için +1 [ICON_Tourism] Turizm alır.</Text>
    </Row>
    <Row Tag="LOC_LOADING_INFO_LEADER_TOKUGAWA">
      <Text>Büyük Shōgun Tokugawa Ieyasu, iyi biliyorsunuz ki sabırlı kılıç, yuvayı vuracak olandır. Vatanınızı yerli ve yabancı gaspçılardan dikkatle koruyun ve halkınızın sanayisine ve becerikliliğine güvenin, çünkü yalnızca onlara güvenilebilir. Yönetim görevi uzun ve yükü ağırdır, ancak eliniz kılıç üzerindeyken ne hoşnutsuzluğa ne de umutsuzluğa yer vardır.</Text>
    </Row>
    <!-- Nzinga Mbande-->
    <Row Tag="LOC_LEADER_NADER_SHAH_NAME">
      <Text>Nader Shah</Text>
    </Row>
    <Row Tag="LOC_TRAIT_LEADER_NADER_SHAH_NAME">
      <Text>Pers Kılıcı</Text>
    </Row>
    <Row Tag="LOC_TRAIT_LEADER_NADER_SHAH_DESCRIPTION">
      <Text>Tam Sağlık Birimlerine saldırırken +5 [ICON_Strength] Savaş Gücü. Nader Shah tarafından kurulmayan şehirler, İç [ICON_TradeRoute] Ticaret Yollarında +2 [Icon_Faith] İnanç ve +3 [Icon_Gold] Altın alır.</Text>
    </Row>
    <Row Tag="LOC_LOADING_INFO_LEADER_NADER_SHAH">
      <Text>Esaretten dünyanın en zengin kralı olmaya yükselen Şahların Şahı, sana sesleniyoruz! Güçlerini ülkenin dört bir yanına yay ve ateş ve çelikle dünyayı bir kez daha ateşe ver ki, alevlerin ışıltısıyla altının parlaklığını daha iyi görebilelim.</Text>
    </Row>
    <!-- Suleiman Alt-->
    <Row Tag="LOC_LEADER_SULEIMAN_ORIGINAL_NAME">
      <Text>Süleyman (Kanuni)</Text>
    </Row>
    <Row Tag="LOC_LEADER_SULEIMAN_ALT_NAME">
      <Text>Süleyman (Muhteşem)</Text>
    </Row>
    <Row Tag="LOC_TRAIT_LEADER_SULEIMAN_ALT_NAME">
      <Text>Muhteşem</Text>
    </Row>
    <Row Tag="LOC_TRAIT_LEADER_SULEIMAN_ALT_DESCRIPTION">
      <Text>Bir [ICON_GLORY_GOLDEN_AGE] Altın Çağ veya Kahramanlık Çağı'ndayken +%15 [Icon_Science] Bilim ve [Icon_Culture] Kültür. Bir [ICON_GLORY_GOLDEN_AGE] Altın Çağ veya Kahramanlık Çağı'nda değilken, yine bir [ICON_GLORY_GOLDEN_AGE] Altın Çağ veya Kahramanlık Çağı'nda olmayan Medeniyetlere karşı +4 [ICON_Strength] Savaş Gücü.</Text>
    </Row>
  </EnglishText>
</GameData>