﻿<?xml version="1.0" encoding="utf-8"?>
<GameData>
  <EnglishText>
    <!-- Tokugawa-->
    <Row Tag="LOC_AGENDA_SAKOKU_NAME">
      <Text>Sakoku</Text>
    </Row>
    <Row Tag="LOC_AGENDA_SAKOKU_DESCRIPTION">
      <Text>Fetihlere karşı güvende kalmak ister. Diğer oyuncuların orijinal başkentlerini fethedenleri sevmez.</Text>
    </Row>
    <!-- Diplo VO -->
    <Row Tag="LOC_DIPLO_FIRST_MEET_LEADER_TOKUGAWA_ANY">
      <Text>Ben Tokugawa Ieyasu, Japonya'nın şōgunuyum. Burada benim sözüm olmadan hiçbir şey olmaz.</Text>
    </Row>
    <Row Tag="LOC_DIPLO_DECLARE_WAR_FROM_HUMAN_LEADER_TOKUGAWA_ANY">
      <Text>Dikkatli ol ve bana doğru gel! Savunmasız noktanı bekleyeceğim.</Text>
    </Row>
    <Row Tag="LOC_DIPLO_DECLARE_WAR_FROM_AI_LEADER_TOKUGAWA_ANY">
      <Text>Keskin kenarlı kılıç boşluğu keser ve kızgın ateşin içinde serin bir rüzgâr eser.</Text>
    </Row>
    <Row Tag="LOC_DIPLO_KUDO_EXIT_LEADER_TOKUGAWA_ANY">
      <Text>Güçlü sınırlar iyi komşular yaratır.</Text>
    </Row>
    <Row Tag="LOC_DIPLO_WARNING_EXIT_LEADER_TOKUGAWA_ANY">
      <Text>Kendi işlerimizi kendimiz halledebiliriz. Siz olmadan.</Text>
    </Row>
    <Row Tag="LOC_DIPLO_DEFEAT_FROM_AI_LEADER_TOKUGAWA_ANY">
      <Text>Savaşçıların hayallerinden geriye kalan tek şey yaz otlarıdır.</Text>
    </Row>
    <!-- Diplo Text -->
    <Row Tag="LOC_DIPLO_ACCEPT_DECLARE_FRIEND_FROM_HUMAN_LEADER_TOKUGAWA_ANY">
      <Text>Dostluk ruhu içerisinde ilerlemeye devam edeceğiz.</Text>
    </Row>
    <Row Tag="LOC_DIPLO_REJECT_DECLARE_FRIEND_FROM_HUMAN_LEADER_TOKUGAWA_ANY">
      <Text>Kendi işine bak ve benimkine karışma.</Text>
    </Row>
    <Row Tag="LOC_DIPLO_DECLARE_FRIEND_FROM_AI_LEADER_TOKUGAWA_ANY">
      <Text>Barışın değerini anlıyorum. Siz de anlıyor musunuz?</Text>
    </Row>
    <Row Tag="LOC_DIPLO_ACCEPT_DECLARE_FRIEND_FROM_AI_LEADER_TOKUGAWA_ANY">
      <Text>Gitmeden önce bir fincan çayı paylaşalım.</Text>
    </Row>
    <Row Tag="LOC_DIPLO_REJECT_DECLARE_FRIEND_FROM_AI_LEADER_TOKUGAWA_ANY">
      <Text>Kendi işlerimizi kendimiz yönetiriz.</Text>
    </Row>
    <Row Tag="LOC_DIPLO_ACCEPT_DELEGATION_FROM_HUMAN_LEADER_TOKUGAWA_ANY">
      <Text>Heyetiniz yüzen dünyayı ziyaret etti ve hayallerle dolu zihinlerle geri döndü.</Text>
    </Row>
    <Row Tag="LOC_DIPLO_REJECT_DELEGATION_FROM_HUMAN_LEADER_TOKUGAWA_ANY">
      <Text>İhanet her zaman dostluk maskesi takar.</Text>
    </Row>
    <Row Tag="LOC_DIPLO_DELEGATION_FROM_AI_LEADER_TOKUGAWA_ANY">
      <Text>Size Edo'nun tüm mallarının bir temsilini gönderiyoruz: gümüş, çelik, sanatçılarımızın gravürleri. Ve biraz da mochi, sonrası için.</Text>
    </Row>
    <Row Tag="LOC_DIPLO_DENOUNCE_FROM_HUMAN_LEADER_TOKUGAWA_ANY">
      <Text>Kızgınlık ne başkaları için ne de kişinin kendisi için uygundur.</Text>
    </Row>
    <Row Tag="LOC_DIPLO_DENOUNCE_FROM_AI_LEADER_TOKUGAWA_ANY">
      <Text>Bizim için bir tehdit haline geldiniz. (Sizi İhbar Ediyor)</Text>
    </Row>
    <Row Tag="LOC_DIPLO_FIRST_MEET_VISIT_RECIPIENT_LEADER_TOKUGAWA_ANY">
      <Text>Şehrimizi kısaca görmenize izin vereceğiz.</Text>
    </Row>
    <Row Tag="LOC_DIPLO_FIRST_MEET_NEAR_INITIATOR_POSITIVE_LEADER_TOKUGAWA_ANY">
      <Text>Anlaşılmaz biri değilim.</Text>
    </Row>
    <Row Tag="LOC_DIPLO_FIRST_MEET_NO_MANS_INFO_EXCHANGE_LEADER_TOKUGAWA_ANY">
      <Text>Kapsamımızı ve sınırlarımızı sizinle paylaşacağım, böylece neyin benim olduğunu, neyin sizin olmadığını bileceksiniz.</Text>
    </Row>
    <Row Tag="LOC_DIPLO_GREETING_LEADER_TOKUGAWA_ANY">
      <Text>Zamanım az.</Text>
    </Row>
    <Row Tag="LOC_DIPLO_MAKE_ALLIANCE_FROM_AI_LEADER_TOKUGAWA_ANY">
      <Text>Sadık bir müttefik olabilirim; Oda'ya sor, Hideyoshi'ye sor.</Text>
    </Row>
    <Row Tag="LOC_DIPLO_MAKE_PEACE_AI_ACCEPT_DEAL_LEADER_TOKUGAWA_ANY">
      <Text>Kahramanlar geri çekilir ve evlerine giderler. Gece çöker ve gün sisle kırılır.</Text>
    </Row>
    <Row Tag="LOC_DIPLO_MAKE_PEACE_AI_REFUSE_DEAL_LEADER_TOKUGAWA_ANY">
      <Text>Özür dilerim. Bu hala sürdürmemiz gereken bir savaş. Senin için acı verici olacak.</Text>
    </Row>
    <Row Tag="LOC_DIPLO_MAKE_PEACE_FROM_AI_LEADER_TOKUGAWA_ANY">
      <Text>Savaşçılarımız tarlalarına döndüklerinde zırhları paslanacaktır. Olması gerektiği gibi.</Text>
    </Row>
    <Row Tag="LOC_DIPLO_ACCEPT_OPEN_BORDERS_FROM_HUMAN_LEADER_TOKUGAWA_ANY">
      <Text>Topraklarımıza girmenize izin vereceğiz, ama yakın gözetim altında.</Text>
    </Row>
    <Row Tag="LOC_DIPLO_REJECT_OPEN_BORDERS_FROM_HUMAN_LEADER_TOKUGAWA_ANY">
      <Text>Yabancıların ülkemde dolaşmasına izin vererek ülkemi savaşa sürüklemeyeceğim.</Text>
    </Row>
    <Row Tag="LOC_DIPLO_OPEN_BORDERS_FROM_AI_LEADER_TOKUGAWA_ANY">
      <Text>Başka hedeflere giderken topraklarınızdan geçmeyi arzuluyoruz.</Text>
    </Row>
    <Row Tag="LOC_DIPLO_WARNING_TOO_MANY_TROOPS_NEAR_ME_LEADER_TOKUGAWA_ANY">
      <Text>Dostluk iddiasıyla seyahat eden ama savaş anlamına gelen çok fazla ordu gördüm.</Text>
    </Row>
    <Row Tag="LOC_DIPLO_REJECT_MAKE_DEAL_FROM_AI_LEADER_TOKUGAWA_ANY">
      <Text>Dikkatlice düşünmeliyiz ve şimdi kabul edemeyiz.</Text>
    </Row>
    <Row Tag="LOC_DIPLO_ACCEPT_MAKE_DEAL_FROM_AI_LEADER_TOKUGAWA_ANY">
      <Text>Buradaki faydayı görebiliyorum.</Text>
    </Row>
    <!-- Nader Shah-->
    <Row Tag="LOC_CITY_NAME_MASHHAD">
      <Text>Meşhed</Text>
    </Row>
    <Row Tag="LOC_ABILITY_NADER_SHAH_COMBAT_DESCRIPTION">
      <Text>Tam Sağlık Birimlerine saldıran +5 [ICON_Strength] Savaş Gücü. (Nader Shah)</Text>
    </Row>
    <Row Tag="LOC_AGENDA_PREFER_LANDPOWER_NAME">
      <Text>Jazayerchi</Text>
    </Row>
    <Row Tag="LOC_AGENDA_PREFER_LANDPOWER_DESCRIPTION">
      <Text>Yüksek miktarda kara birimine sahip uygarlıkları sever. Düşük miktarda kara birimine sahip uygarlıkları sevmez.</Text>
    </Row>
    <Row Tag="LOC_DIPLO_KUDO_LEADER_NADER_SHAH_REASON_ANY">
      <Text>(Geniş arazi birimleri yelpazenizi takdir ediyor.)</Text>
    </Row>
    <Row Tag="LOC_DIPLO_WARNING_LEADER_NADER_SHAH_REASON_ANY">
      <Text>(Ordunuz kara birliklerinden yoksundur.)</Text>
    </Row>
    <Row Tag="LOC_DIPLO_MODIFIER_LANDPOWER_LEADING">
      <Text>Nadir Şah büyük ordunuzdan memnun.</Text>
    </Row>
    <Row Tag="LOC_DIPLO_MODIFIER_LANDPOWER_LAGGING">
      <Text>Nadir Şah büyük bir daimi orduya sahip olmadığınız için mutsuz</Text>
    </Row>
    <!-- Diplo VO -->
    <Row Tag="LOC_DIPLO_FIRST_MEET_LEADER_NADER_SHAH_ANY">
      <Text>Toynak sesleri ovayı bir kez daha titretiyor ve dünya Nadir Şah'ın adını duyunca nefesini tutuyor.</Text>
    </Row>
    <Row Tag="LOC_DIPLO_DECLARE_WAR_FROM_HUMAN_LEADER_NADER_SHAH_ANY">
      <Text>Bu savaşı özlüyorum.</Text>
    </Row>
    <Row Tag="LOC_DIPLO_DECLARE_WAR_FROM_AI_LEADER_NADER_SHAH_ANY">
      <Text>Soylularınızın ve saray mensuplarınızın fısıltıları, askerlerimin gürültüsü arasında kaybolacak.</Text>
    </Row>
    <Row Tag="LOC_DIPLO_KUDO_EXIT_LEADER_NADER_SHAH_ANY">
      <Text>Sizinle atların güzelliği hakkında konuşmayı çok isterim.</Text>
    </Row>
    <Row Tag="LOC_DIPLO_WARNING_EXIT_LEADER_NADER_SHAH_ANY">
      <Text>Benim kıtamda asla bir kara savaşı istememelisiniz.</Text>
    </Row>
    <Row Tag="LOC_DIPLO_DEFEAT_FROM_AI_LEADER_NADER_SHAH_ANY">
      <Text>Bir insan yazılanlardan nasıl kaçabilir? Kaderimden nasıl kaçabilirim?</Text>
    </Row>
    <!-- Diplo Text -->
    <Row Tag="LOC_DIPLO_ACCEPT_DECLARE_FRIEND_FROM_HUMAN_LEADER_NADER_SHAH_ANY">
      <Text>Nefesiniz sıcak olsun!</Text>
    </Row>
    <Row Tag="LOC_DIPLO_REJECT_DECLARE_FRIEND_FROM_HUMAN_LEADER_NADER_SHAH_ANY">
      <Text>Dalkavukluk yaparak yükselen sosyal tırmanıcılara katlanamıyorum.</Text>
    </Row>
    <Row Tag="LOC_DIPLO_DECLARE_FRIEND_FROM_AI_LEADER_NADER_SHAH_ANY">
      <Text>Bölünerek yok olmamak için dostlukta birleşmeliyiz.</Text>
    </Row>
    <Row Tag="LOC_DIPLO_ACCEPT_DECLARE_FRIEND_FROM_AI_LEADER_NADER_SHAH_ANY">
      <Text>Düşmanlarla dolu bir dünyada, bir dost bulmak en iyi şeydir.</Text>
    </Row>
    <Row Tag="LOC_DIPLO_REJECT_DECLARE_FRIEND_FROM_AI_LEADER_NADER_SHAH_ANY">
      <Text>Komplolarınızı ve planlarınızı görüyorum ve bunların bir parçası olmayacağım.</Text>
    </Row>
    <Row Tag="LOC_DIPLO_ACCEPT_DELEGATION_FROM_HUMAN_LEADER_NADER_SHAH_ANY">
      <Text>Heyetiniz, mücevherlerle gözleri kamaşmış ve askeri birliklerimizin gürültüsüyle sağır olmuş bir şekilde geri döndü.</Text>
    </Row>
    <Row Tag="LOC_DIPLO_REJECT_DELEGATION_FROM_HUMAN_LEADER_NADER_SHAH_ANY">
      <Text>Bana servet göndermen okyanusa su dökmek gibi bir şey. Okyanusun etkilenmesini mi bekliyorsun?</Text>
    </Row>
    <Row Tag="LOC_DIPLO_DELEGATION_FROM_AI_LEADER_NADER_SHAH_ANY">
      <Text>Pers İmparatorluğu'nun harikaları: lavaş ve kureş, kebap ve köfte, sonrasında gülsuyu aromalı erişte.</Text>
    </Row>
    <Row Tag="LOC_DIPLO_DENOUNCE_FROM_HUMAN_LEADER_NADER_SHAH_ANY">
      <Text>Zekice. Bakalım ateş ve çeliğe ne cevap vereceksiniz?</Text>
    </Row>
    <Row Tag="LOC_DIPLO_DENOUNCE_FROM_AI_LEADER_NADER_SHAH_ANY">
      <Text>Değerli bir düşmandan zevk alırım. Seninle yetinmek zorundayım. (Seni İhbar Ediyor)</Text>
    </Row>
    <Row Tag="LOC_DIPLO_FIRST_MEET_VISIT_RECIPIENT_LEADER_NADER_SHAH_ANY">
      <Text>Dünyanın tüm zenginlikleri şehirlerime akıyor. Gelin, görün onları.</Text>
    </Row>
    <Row Tag="LOC_DIPLO_FIRST_MEET_NEAR_INITIATOR_POSITIVE_LEADER_NADER_SHAH_ANY">
      <Text>Dünyanın tüm zenginlikleri şehirlerime akıyor. Gelin, görün onları.</Text>
    </Row>
    <Row Tag="LOC_DIPLO_FIRST_MEET_NO_MANS_INFO_EXCHANGE_LEADER_NADER_SHAH_ANY">
      <Text>Gelin ve imparatorluğumuzun genişliğini görün ve bize kendi imparatorluğunuzu anlatın.</Text>
    </Row>
    <Row Tag="LOC_DIPLO_GREETING_LEADER_NADER_SHAH_ANY">
      <Text>Huzurumdasınız. Konuş.</Text>
    </Row>
    <Row Tag="LOC_DIPLO_MAKE_ALLIANCE_FROM_AI_LEADER_NADER_SHAH_ANY">
      <Text>Dostluk içinde birbirimizi çevreleyelim.</Text>
    </Row>
    <Row Tag="LOC_DIPLO_MAKE_PEACE_AI_ACCEPT_DEAL_LEADER_NADER_SHAH_ANY">
      <Text>Yapabileceğimiz her şeyi yaptık.</Text>
    </Row>
    <Row Tag="LOC_DIPLO_MAKE_PEACE_AI_REFUSE_DEAL_LEADER_NADER_SHAH_ANY">
      <Text>Yangınlar hala devam ediyor - topraklarınızda, kalplerimizde.</Text>
    </Row>
    <Row Tag="LOC_DIPLO_MAKE_PEACE_FROM_AI_LEADER_NADER_SHAH_ANY">
      <Text>Bıçaklarımız köreldi ve kalplerimiz soğudu. Bırakın barış olsun.</Text>
    </Row>
    <Row Tag="LOC_DIPLO_ACCEPT_OPEN_BORDERS_FROM_HUMAN_LEADER_NADER_SHAH_ANY">
      <Text>İran'ın yolların kesiştiği bir noktada bulunduğunu biliyoruz; bu yollarda seyahat etmekte özgürsünüz.</Text>
    </Row>
    <Row Tag="LOC_DIPLO_REJECT_OPEN_BORDERS_FROM_HUMAN_LEADER_NADER_SHAH_ANY">
      <Text>Savunmamızı keşfedip bir sonraki saldırını planlayabilmen için seni içeri alayım mı? Hayır, asla.</Text>
    </Row>
    <Row Tag="LOC_DIPLO_OPEN_BORDERS_FROM_AI_LEADER_NADER_SHAH_ANY">
      <Text>Görkemli bir fetih için yola çıkıyoruz - topraklarınızdan barış içinde geçebilir miyiz?</Text>
    </Row>
    <Row Tag="LOC_DIPLO_WARNING_TOO_MANY_TROOPS_NEAR_ME_LEADER_NADER_SHAH_ANY">
      <Text>Siz de benim gibi savaşa aç mısınız? Bana açıkça söyle.</Text>
    </Row>
    <Row Tag="LOC_DIPLO_REJECT_MAKE_DEAL_FROM_AI_LEADER_NADER_SHAH_ANY">
      <Text>Bunu reddetmek benim hakkım.</Text>
    </Row>
    <Row Tag="LOC_DIPLO_ACCEPT_MAKE_DEAL_FROM_AI_LEADER_NADER_SHAH_ANY">
      <Text>Bana böyle bir anlaşma önermeniz çok doğal.</Text>
    </Row>
    <!-- Suleiman-->
    <Row Tag="LOC_AGENDA_GOLDEN_AGE_NAME">
      <Text>Süleyman'ın Altın Çağı</Text>
    </Row>
    <Row Tag="LOC_AGENDA_GOLDEN_AGE_DESCRIPTION">
      <Text>Altın Çağ'a ulaşan her uygarlıktan etkilenir. Karanlık Çağ'da olanları sevmez.</Text>
    </Row>
    <Row Tag="LOC_ABILITY_SULEIMAN_COMBAT_DESCRIPTION">
      <Text>[ICON_GLORY_GOLDEN_AGE] Altın Çağ'da değilken, [ICON_GLORY_GOLDEN_AGE] Altın Çağ'da da olmayan birimlere karşı +4 [ICON_Strength] Savaş Gücü. (Suleiman)</Text>
    </Row>
    <Row Tag="LOC_DIPLO_DECLARE_WAR_FROM_HUMAN_LEADER_SULEIMAN_ALT_ANY">
      <Text>{LOC_DIPLO_DECLARE_WAR_FROM_HUMAN_LEADER_SULEIMAN_ANY}</Text>
    </Row>
    <Row Tag="LOC_DIPLO_DECLARE_WAR_FROM_AI_LEADER_SULEIMAN_ALT_ANY">
      <Text>{LOC_DIPLO_DECLARE_WAR_FROM_AI_LEADER_SULEIMAN_ANY}</Text>
    </Row>
    <Row Tag="LOC_DIPLO_FIRST_MEET_LEADER_SULEIMAN_ALT_ANY">
      <Text>{LOC_DIPLO_FIRST_MEET_LEADER_SULEIMAN_ANY}</Text>
    </Row>
    <Row Tag="LOC_DIPLO_FIRST_MEET_VISIT_RECIPIENT_LEADER_SULEIMAN_ALT_ANY">
      <Text>{LOC_DIPLO_FIRST_MEET_VISIT_RECIPIENT_LEADER_SULEIMAN_ANY}</Text>
    </Row>
    <Row Tag="LOC_DIPLO_FIRST_MEET_NEAR_INITIATOR_POSITIVE_LEADER_SULEIMAN_ALT_ANY">
      <Text>{LOC_DIPLO_FIRST_MEET_NEAR_INITIATOR_POSITIVE_LEADER_SULEIMAN_ANY}</Text>
    </Row>
    <Row Tag="LOC_DIPLO_FIRST_MEET_NO_MANS_INFO_EXCHANGE_LEADER_SULEIMAN_ALT_ANY">
      <Text>{LOC_DIPLO_FIRST_MEET_NO_MANS_INFO_EXCHANGE_LEADER_SULEIMAN_ANY}</Text>
    </Row>
    <Row Tag="LOC_DIPLO_KUDO_EXIT_LEADER_SULEIMAN_ALT_ANY">
      <Text>{LOC_DIPLO_KUDO_EXIT_LEADER_SULEIMAN_ANY}</Text>
    </Row>
    <Row Tag="LOC_DIPLO_WARNING_EXIT_LEADER_SULEIMAN_ALT_ANY">
      <Text>{LOC_DIPLO_WARNING_EXIT_LEADER_SULEIMAN_ANY}</Text>
    </Row>
    <Row Tag="LOC_DIPLO_ACCEPT_DECLARE_FRIEND_FROM_HUMAN_LEADER_SULEIMAN_ALT_ANY">
      <Text>{LOC_DIPLO_ACCEPT_DECLARE_FRIEND_FROM_HUMAN_LEADER_SULEIMAN_ANY}</Text>
    </Row>
    <Row Tag="LOC_DIPLO_REJECT_DECLARE_FRIEND_FROM_HUMAN_LEADER_SULEIMAN_ALT_ANY">
      <Text>{LOC_DIPLO_REJECT_DECLARE_FRIEND_FROM_HUMAN_LEADER_SULEIMAN_ANY}</Text>
    </Row>
    <Row Tag="LOC_DIPLO_DECLARE_FRIEND_FROM_AI_LEADER_SULEIMAN_ALT_ANY">
      <Text>{LOC_DIPLO_DECLARE_FRIEND_FROM_AI_LEADER_SULEIMAN_ANY}</Text>
    </Row>
    <Row Tag="LOC_DIPLO_ACCEPT_DECLARE_FRIEND_FROM_AI_LEADER_SULEIMAN_ALT_ANY">
      <Text>{LOC_DIPLO_ACCEPT_DECLARE_FRIEND_FROM_AI_LEADER_SULEIMAN_ANY}</Text>
    </Row>
    <Row Tag="LOC_DIPLO_REJECT_DECLARE_FRIEND_FROM_AI_LEADER_SULEIMAN_ALT_ANY">
      <Text>{LOC_DIPLO_REJECT_DECLARE_FRIEND_FROM_AI_LEADER_SULEIMAN_ANY}</Text>
    </Row>
    <Row Tag="LOC_DIPLO_ACCEPT_DELEGATION_FROM_HUMAN_LEADER_SULEIMAN_ALT_ANY">
      <Text>{LOC_DIPLO_ACCEPT_DELEGATION_FROM_HUMAN_LEADER_SULEIMAN_ANY}</Text>
    </Row>
    <Row Tag="LOC_DIPLO_REJECT_DELEGATION_FROM_HUMAN_LEADER_SULEIMAN_ALT_ANY">
      <Text>{LOC_DIPLO_REJECT_DELEGATION_FROM_HUMAN_LEADER_SULEIMAN_ANY}</Text>
    </Row>
    <Row Tag="LOC_DIPLO_DELEGATION_FROM_AI_LEADER_SULEIMAN_ALT_ANY">
      <Text>{LOC_DIPLO_DELEGATION_FROM_AI_LEADER_SULEIMAN_ANY}</Text>
    </Row>
    <Row Tag="LOC_DIPLO_DENOUNCE_FROM_HUMAN_LEADER_SULEIMAN_ALT_ANY">
      <Text>{LOC_DIPLO_DENOUNCE_FROM_HUMAN_LEADER_SULEIMAN_ANY}</Text>
    </Row>
    <Row Tag="LOC_DIPLO_DENOUNCE_FROM_AI_LEADER_SULEIMAN_ALT_ANY">
      <Text>{LOC_DIPLO_DENOUNCE_FROM_AI_LEADER_SULEIMAN_ANY}</Text>
    </Row>
    <Row Tag="LOC_DIPLO_GREETING_LEADER_SULEIMAN_ALT_ANY">
      <Text>{LOC_DIPLO_GREETING_LEADER_SULEIMAN_ANY}</Text>
    </Row>
    <Row Tag="LOC_DIPLO_MAKE_ALLIANCE_FROM_AI_LEADER_SULEIMAN_ALT_ANY">
      <Text>{LOC_DIPLO_MAKE_ALLIANCE_FROM_AI_LEADER_SULEIMAN_ANY}</Text>
    </Row>
    <Row Tag="LOC_DIPLO_MAKE_PEACE_AI_ACCEPT_DEAL_LEADER_SULEIMAN_ALT_ANY">
      <Text>{LOC_DIPLO_MAKE_PEACE_AI_ACCEPT_DEAL_LEADER_SULEIMAN_ANY}</Text>
    </Row>
    <Row Tag="LOC_DIPLO_MAKE_PEACE_AI_REFUSE_DEAL_LEADER_SULEIMAN_ALT_ANY">
      <Text>{LOC_DIPLO_MAKE_PEACE_AI_REFUSE_DEAL_LEADER_SULEIMAN_ANY}</Text>
    </Row>
    <Row Tag="LOC_DIPLO_MAKE_PEACE_FROM_AI_LEADER_SULEIMAN_ALT_ANY">
      <Text>{LOC_DIPLO_MAKE_PEACE_FROM_AI_LEADER_SULEIMAN_ANY}</Text>
    </Row>
    <Row Tag="LOC_DIPLO_ACCEPT_OPEN_BORDERS_FROM_HUMAN_LEADER_SULEIMAN_ALT_ANY">
      <Text>{LOC_DIPLO_ACCEPT_OPEN_BORDERS_FROM_HUMAN_LEADER_SULEIMAN_ANY}</Text>
    </Row>
    <Row Tag="LOC_DIPLO_REJECT_OPEN_BORDERS_FROM_HUMAN_LEADER_SULEIMAN_ALT_ANY">
      <Text>{LOC_DIPLO_REJECT_OPEN_BORDERS_FROM_HUMAN_LEADER_SULEIMAN_ANY}</Text>
    </Row>
    <Row Tag="LOC_DIPLO_OPEN_BORDERS_FROM_AI_LEADER_SULEIMAN_ALT_ANY">
      <Text>{LOC_DIPLO_OPEN_BORDERS_FROM_AI_LEADER_SULEIMAN_ANY}</Text>
    </Row>
    <Row Tag="LOC_DIPLO_WARNING_TOO_MANY_TROOPS_NEAR_ME_LEADER_SULEIMAN_ALT_ANY">
      <Text>{LOC_DIPLO_WARNING_TOO_MANY_TROOPS_NEAR_ME_LEADER_SULEIMAN_ANY}</Text>
    </Row>
    <Row Tag="LOC_DIPLO_DEFEAT_FROM_AI_LEADER_SULEIMAN_ALT_ANY">
      <Text>{LOC_DIPLO_DEFEAT_FROM_AI_LEADER_SULEIMAN_ANY}</Text>
    </Row>
    <Row Tag="LOC_DIPLO_REJECT_MAKE_DEAL_FROM_AI_LEADER_SULEIMAN_ALT_ANY">
      <Text>{LOC_DIPLO_REJECT_MAKE_DEAL_FROM_AI_LEADER_SULEIMAN_ANY}</Text>
    </Row>
    <Row Tag="LOC_DIPLO_ACCEPT_MAKE_DEAL_FROM_AI_LEADER_SULEIMAN_ALT_ANY">
      <Text>{LOC_DIPLO_ACCEPT_MAKE_DEAL_FROM_AI_LEADER_SULEIMAN_ANY}</Text>
    </Row>
  </EnglishText>
</GameData>