﻿<?xml version="1.0" encoding="utf-8"?>
<GameData>
  <EnglishText>
    <Row Tag="LOC_TREE_RANDOMIZER_MOD_TITLE">
      <Text>Teknik ve Sivil Karisik Oyun Modu</Text>
    </Row>
    <Row Tag="LOC_TREE_RANDOMIZER_MOD_TEASER">
      <Text>Rastgele Teknoloji ve Sivil Agaçlar içeren bir oyun modu</Text>
    </Row>
    <Row Tag="LOC_TREE_RANDOMIZER_MOD_DESCRIPTION">
      <Text>Rastgele Teknoloji ve Sivil Agaçlari ile Teknoloji ve Sivil Karistirma oyun modunu içerir.</Text>
    </Row>
  </EnglishText>
</GameData>