﻿<?xml version="1.0" encoding="utf-8"?>
<GameData>
  <EnglishText>
    <!-- Tree Randomizer -->
    <Row Tag="LOC_GAMEMODE_TREE_RANDOMIZER_NAME">
      <Text>Teknik ve Sivil Karistirma Modu</Text>
    </Row>
    <Row Tag="LOC_GAMEMODE_TREE_RANDOMIZER_DESCRIPTION">
      <Text>Bu oyun modu, teknolojileri ve yurttasliklari kendi tarihsel dönemleri içinde karistirarak normalden farkli maliyetlere ve ön kosullara yol açar. Ortaya çikan agaçlar tüm oyuncular için aynidir. Teknolojiler ve yurttasliklar da bir ön kosul kazanilana kadar gizlenir ve oyunun sonuna kadar kesfin gizemini korur.</Text>
    </Row>
  </EnglishText>
</GameData>