﻿<?xml version="1.0" encoding="utf-8"?>
<GameData>
  <EnglishText>
    <!--Indonesia-->
    <Row Tag="LOC_LOADING_INFO_LEADER_GITARJA">
      <Text>Cesur Gitarja, on bin adanın Majapahit kraliçesi, Endonezya'nın denizleri senin en büyük gücün. Üç Dünyanın Yüce Tanrıçası olarak, ilahi etkinizi güneşin dokunduğu tüm sulara yayacaksınız. Sadık filonuza güvenin, cesur kraliçe! Endonezya kıyılarına kargaşa getirenlerin üzerine korkunç bir fırtına salın.</Text>
    </Row>
    <Row Tag="LOC_CIVILIZATION_INDONESIA_NAME">
      <Text>Endonezya</Text>
    </Row>
    <Row Tag="LOC_CIVILIZATION_INDONESIA_DESCRIPTION">
      <Text>Endonezya İmparatorluğu</Text>
    </Row>
    <Row Tag="LOC_IMPROVEMENT_KAMPUNG_NAME">
      <Text>Kampung</Text>
    </Row>
    <Row Tag="LOC_IMPROVEMENT_KAMPUNG_DESCRIPTION">
      <Text>Endonezya'ya özgü bir Kampung inşa etmek için İnşaatçı yeteneğinin kilidini açar.[NEWLINE][NEWLINE]+1 [ICON_PRODUCTION] Üretim ve +1 [ICON_Housing] Konut. Bitişik her Balıkçı Teknesi için +1 [ICON_FOOD] Yiyecek. Teknoloji ve Yurttaşlık Ağacında ilerledikçe ilave [ICON_PRODUCTION] Üretim, [ICON_Housing] Konut ve [ICON_TOURISM] Turizm. Bir deniz kaynağına bitişik bir Kıyı veya Göl karesine yerleştirilmelidir.</Text>
    </Row>
    <Row Tag="LOC_LEADER_GITARJA_NAME">
      <Text>Gitarja</Text>
    </Row>
    <Row Tag="LOC_TRAIT_CIVILIZATION_IMPROVEMENT_KAMPUNG_NAME">
      <Text>Endonezya'ya özgü iyileştirme: Kampung</Text>
    </Row>
    <Row Tag="LOC_TRAIT_CIVILIZATION_INDONESIA_NUSANTARA_NAME">
      <Text>Büyük Nusantara</Text>
    </Row>
    <Row Tag="LOC_TRAIT_CIVILIZATION_INDONESIA_NUSANTARA_DESCRIPTION">
      <Text>Kıyı ve Göl karoları Kutsal Alan, Kampüs, Sanayi Bölgesi ve Tiyatro Meydanı bölgeleri için küçük bir bitişiklik bonusu sağlar. +1 [ICON_AMENITIES] Bir Sahil veya Göl karosuna bitişik her Eğlence Kompleksine eğlenceden sağlanan avantaj.</Text>
    </Row>
    <Row Tag="LOC_TRAIT_CIVILIZATION_UNIT_INDONESIAN_JONG_NAME">
      <Text>Endonezya'ya özgü bir birim: Jong</Text>
    </Row>
    <Row Tag="LOC_TRAIT_LEADER_EXALTED_GODDESS_NAME">
      <Text>Üç Dünyanın Yüce Tanrıçası</Text>
    </Row>
    <Row Tag="LOC_TRAIT_LEADER_EXALTED_GODDESS_DESCRIPTION">
      <Text>Donanma birimleri [ICON_FAITH] İnanç ile satın alınabilir. Dini birimler gemiye binmek veya gemiden inmek için hareket ödemez. Kıyı veya Göl karelerine bitişik Şehir Merkezlerine +2[ICON_FAITH] İnanç.</Text>
    </Row>
    <Row Tag="LOC_UNIT_INDONESIAN_JONG_NAME">
      <Text>Jong</Text>
    </Row>
    <Row Tag="LOC_UNIT_INDONESIAN_JONG_DESCRIPTION">
      <Text>Fırkateynin yerini alan Endonezya'ya özgü Ortaçağ dönemi deniz birimi. Oluşum birimlerinin tümü, bir oluşum içindeyken eskortun [ICON_Movement] Hareket hızını ve +5 [ICON_Strength] Savaş Gücünü miras alır.</Text>
    </Row>
    <!--Khmer-->
    <Row Tag="LOC_LOADING_INFO_LEADER_JAYAVARMAN">
      <Text>Bilge Jayavarman, bu ismi taşıyan yedinci kişi, Khmerler kendilerini onların refahına adamana hayranlık duyuyor. Ülkenin tatlı sularına hükmetmen, aç halkını doyurmanı sağladığı gibi, seni Cennet'e daha da yaklaştırıyor. İleri git, ilahi mimar! Mükemmele yaklaşan bir imparatorluk kur ve düşmanların sonlarını güçlü savaş fillerinin altında bulsunlar.</Text>
    </Row>
    <Row Tag="LOC_BUILDING_PRASAT_NAME">
      <Text>Prasat</Text>
    </Row>
    <Row Tag="LOC_BUILDING_PRASAT_DESCRIPTION">
      <Text>Khmer'e özgü bir bina. Tapınağın yerini alır. [ICON_Faith] İnanca sahip Havariler ve Engizisyoncular satın almak için gereklidir. Bu şehirde satın alınan Misyonerler, bu Misyoner Teolojik Savaşta ölürse bir [ICON_GreatWork_Relic] Kalıntı veren Şehit yeteneği alır.</Text>
    </Row>
    <Row Tag="LOC_BUILDING_PRASAT_EXPANSION1_DESCRIPTION">
      <Text>+6 [ICON_FAITH] İnanç. Khmer'e özgü bir bina. Tapınağın yerini alır. [ICON_Faith] İnanca sahip Havariler ve Engizisyoncular satın almak için gereklidir. Bu şehirdeki her [ICON_CITIZEN] nüfus için +0,5 [ICON_Culture] Kültür. Uçuş araştırıldıktan sonra, şehir [ICON_CITIZEN] nüfusu 10 veya daha fazlaysa +10 [ICON_Tourism] Turizm ve şehir [ICON_CITIZEN] nüfusu 20 veya daha fazlaysa +20 [ICON_Tourism] Turizm alırsınız.</Text>
    </Row>
    <Row Tag="LOC_BUILDING_PRASAT_EXPANSION2_DESCRIPTION">
      <Text>+6 [ICON_FAITH] İnanç. Khmer'e özgü bir bina. Tapınağın yerini alır. [ICON_Faith] İnanca sahip Havariler ve Engizisyoncular satın almak için gereklidir. Bu şehirdeki her [ICON_CITIZEN] nüfus için +0,5 [ICON_Culture] Kültür. Uçuş araştırıldıktan sonra, şehir [ICON_CITIZEN] nüfusu 10 veya daha fazlaysa +10 [ICON_Tourism] Turizm ve şehir [ICON_CITIZEN] nüfusu 20 veya daha fazlaysa +20 [ICON_Tourism] Turizm alırsınız.</Text>
    </Row>
    <Row Tag="LOC_CIVILIZATION_KHMER_NAME">
      <Text>Khmer</Text>
    </Row>
    <Row Tag="LOC_CIVILIZATION_KHMER_DESCRIPTION">
      <Text>Khmer İmparatorluğu</Text>
    </Row>
    <Row Tag="LOC_LEADER_JAYAVARMAN_NAME">
      <Text>Jayavarman VII</Text>
    </Row>
    <Row Tag="LOC_TRAIT_CIVILIZATION_BUILDING_PRASAT_NAME">
      <Text>Khmer'in eşsiz binası: Prasat</Text>
    </Row>
    <Row Tag="LOC_TRAIT_CIVILIZATION_KHMER_BARAYS_NAME">
      <Text>Grand Barays</Text>
    </Row>
    <Row Tag="LOC_TRAIT_CIVILIZATION_KHMER_BARAYS_DESCRIPTION">
      <Text>Su Kemeri olan her şehre +3 [ICON_FAITH] İnanç ve +1 [ICON_AMENITIES] Eğlence. Çiftlikler bir Su Kemerine bitişikse +2 [ICON_FOOD] Gıda sağlar.</Text>
    </Row>
    <Row Tag="LOC_TRAIT_CIVILIZATION_KHMER_BARAYS_EXPANSION1_DESCRIPTION">
      <Text>Su Kemeri olan şehirler her [ICON_CITIZEN] nüfus için +1 [ICON_AMENITIES] Eğlence ve +1 [ICON_FAITH] İnanç alır. Çiftlikler bir Su Kemerine bitişikse +2 [ICON_FOOD] Yiyecek ve bir Kutsal Alana bitişikse +1 [ICON_FAITH] İnanç sağlar.</Text>
    </Row>
    <Row Tag="LOC_TRAIT_CIVILIZATION_KHMER_BARAYS_EXPANSION2_DESCRIPTION">
      <Text>Su Kemeri olan şehirler her [ICON_CITIZEN] nüfus için +1 [ICON_AMENITIES] Eğlence ve +1 [ICON_FAITH] İnanç alır. Çiftlikler bir Su Kemerine bitişikse +2 [ICON_FOOD] Yiyecek ve bir Kutsal Alana bitişikse +1 [ICON_FAITH] İnanç sağlar.</Text>
    </Row>
    <Row Tag="LOC_TRAIT_CIVILIZATION_UNIT_KHMER_DOMREY_NAME">
      <Text>Khmer benzersiz birimi: Domrey</Text>
    </Row>
    <Row Tag="LOC_TRAIT_LEADER_MONASTERIES_KING_NAME">
      <Text>Kral Manastırları</Text>
    </Row>
    <Row Tag="LOC_TRAIT_LEADER_MONASTERIES_KING_DESCRIPTION">
      <Text>Kutsal Mekanlar bir nehir üzerine yerleştirilirse +2 [ICON_FOOD] Gıda ve +1 [ICON_HOUSING] Konut sağlar. Kutsal Alanlar bir Kültür Bombasını tetikler.</Text>
    </Row>
    <Row Tag="LOC_TRAIT_LEADER_MONASTERIES_KING_EXPANSION1_DESCRIPTION">
      <Text>Kutsal Mekanlar Nehirlerle Büyük bir bitişiklik, bir Kültür Bombası, [ICON_FOOD] bitişiklik bonusuna eşit Gıda ve bir Nehir üzerindeyse +2 [ICON_Housing] Konut kazanır.</Text>
    </Row>
    <Row Tag="LOC_TRAIT_LEADER_MONASTERIES_KING_EXPANSION2_DESCRIPTION">
      <Text>Kutsal Mekanlar Nehirlerle Büyük bir bitişiklik, bir Kültür Bombası, [ICON_FOOD] bitişiklik bonusuna eşit Gıda ve bir Nehir üzerindeyse +2 [ICON_Housing] Konut kazanır.</Text>
    </Row>
    <Row Tag="LOC_UNIT_KHMER_DOMREY_NAME">
      <Text>Domrey</Text>
    </Row>
    <Row Tag="LOC_UNIT_KHMER_DOMREY_DESCRIPTION">
      <Text>Trebuchet'in yerini alan Khmerlere özgü Ortaçağ dönemi kuşatma birimi. Bu birim, Trebuchet'ten daha yüksek [ICON_Strength] Yakın Dövüş ve Menzil Gücüne sahiptir. Aynı turda hareket edebilir ve ateş edebilir ve kontrol alanı uygular.</Text>
    </Row>
    <!--Map-->
    <Row Tag="LOC_MAP_TSLEAST_ASIA_STANDARD_NAME">
      <Text>Gerçek Başlangıç Yeri Doğu Asya</Text>
    </Row>
    <Row Tag="LOC_MAP_TSLEAST_ASIA_STANDARD_DESCRIPTION">
      <Text>Medeniyetler, Asya haritası üzerindeki tarihi başkentlerinin bulunduğu yerde başlar.</Text>
    </Row>
    <Row Tag="LOC_MAP_EAST_ASIA_STANDARD_NAME">
      <Text>Doğu Asya</Text>
    </Row>
    <Row Tag="LOC_MAP_EAST_ASIA_STANDARD_DESCRIPTION">
      <Text>Kaynakları, arazisi ve tarihi konumlarını yansıtan özellikleriyle Doğu Asya'nın bir temsili.</Text>
    </Row>
    <!-- Natural Wonders -->
    <Row Tag="LOC_FEATURE_HA_LONG_BAY_NAME">
      <Text>Hạ Long Körfezi</Text>
    </Row>
    <Row Tag="LOC_FEATURE_HA_LONG_BAY_DESCRIPTION">
      <Text>Kıyı arazisinde bulunabilen ve +3 [ICON_FOOD] Gıda, +1 [ICON_PRODUCTION] Üretim ve +1 [ICON_CULTURE] Kültür sağlayan iki kareli doğa harikası. Bu karede savunma yaparken +15 [ICON_Strength] Savaş Gücü.</Text>
    </Row>
  </EnglishText>
</GameData>