﻿<?xml version="1.0" encoding="utf-8"?>
<GameData>
  <EnglishText>
    <Row Tag="LOC_PEDIA_LEADERS_PAGE_LEADER_DARIUS_III_CHAPTER_HISTORY_PARA_1">
      <Text>Darius III iktidara geldiğinde Ahameniş İmparatorluğu bir uçurumun kenarında, atları çoktan ayrı yönlere kaçmış, kalan tek tekerleği üzerinde dengede duran tam yüklü bir savaş arabasının işlevsel eşdeğeriydi. Persepolis'e olan uzaklıklarını bağımsızlıklarını göstermek için kullanan son derece bağımsız (ve zaman zaman açıkça isyankâr) satrapları uzlaştırmak Darius'a kalmıştı.</Text>
    </Row>
    <Row Tag="LOC_PEDIA_LEADERS_PAGE_LEADER_DARIUS_III_CHAPTER_HISTORY_PARA_2">
      <Text>Ne yazık ki Büyük İskender, savaş arabasındaki değerli her şeyi almak ve geriye kalanlara iyi ve hızlı bir tekme atmak için geldi. Bir dizi aşağılayıcı yenilginin ardından Darius sonunda bir darbeye kurban gitti ve bir öküz arabasının üzerinde ölüme terk edildi.</Text>
    </Row>
    <Row Tag="LOC_PEDIA_CITYSTATES_PAGE_CIVILIZATION_ATHENS_CHAPTER_HISTORY_PARA_1">
      <Text>Atina şehri hem uzun ömrü hem de batı medeniyetini tanımlamaya yardımcı olacak kültürel katkılarıyla bilinir. M.Ö. 5. yüzyıldan itibaren demokrasinin beşiği olarak hizmet veren Atina, kriz zamanlarında diğer Yunan şehir devletleriyle ittifak kurmuştur. Pers kralı Xerxes'in işgalini meşhur bir şekilde savuşturduktan sonra Atina'nın talihi Peloponez Savaşı sırasında kısa bir süreliğine Spartalıların eline geçti ve ardından M.Ö. 338'de Philip II'nin bağımsız Atina'yı bir süreliğine sona erdirmesiyle daha da kalıcı hale geldi. Bununla birlikte, yüzyıllar boyunca bir kültür ve bilim merkezi olmaya devam etmiştir.</Text>
    </Row>
    <Row Tag="LOC_PEDIA_CITYSTATES_PAGE_CIVILIZATION_MARAKANDA_CHAPTER_HISTORY_PARA_1">
      <Text>Makedonlar tarafından Maracanda (ve modern zamanlarda Özbek şehri Semerkant) olarak bilinen Pers Soğd satraplığının başkenti M.Ö. 329 yılında Büyük İskender tarafından fethedilmiştir. Yeni yöneticileri tarafından yeniden canlandırılan Markand, bir Soğd isyanını bastırırken İskender'in kuvvetleri için evden uzakta bir evdi. Markand, İskender'in Hindistan'ı işgal edeceğini ilan ettiği yerdir. Aynı zamanda sarhoşken çıkan bir tartışmanın ardından generallerinden biri olan Siyah Cleitus'a mızrak fırlattığı yerdir. Hem Cleitus hem de Hindistan için kötü şans.</Text>
    </Row>
    <Row Tag="LOC_PEDIA_CITYSTATES_PAGE_CIVILIZATION_PATALA_CHAPTER_HISTORY_PARA_1">
      <Text>Patala antik kenti bugünkü Pakistan topraklarında bulunmaktaydı, ancak Büyük İskender zamanında tam olarak nerede olduğu konusunda net bir fikir birliği yoktur - muhtemelen Hyperabad veya Thatta. Eski metinler buranın İndus Nehri üzerinde, Umman Denizi'ne döküldüğü yere yakın bir şehir olduğunu öne sürmektedir. (İndus Nehri'nin iki bin yıl boyunca dalgalanması coğrafi karışıklığı açıklamaya yardımcı olmaktadır). İndus deltasının toprakları olan Patalene'nin başkenti olan bu şehrin kralı, imparatorluğunun güney sınırı olan Umman Denizi'ne giden yolu keşfederken birliklerini buraya yerleştiren İskender'e akıllıca boyun eğmiştir.</Text>
    </Row>
    <Row Tag="LOC_PEDIA_GREATPEOPLE_PAGE_GREAT_PERSON_INDIVIDUAL_ANTIGENES_CHAPTER_HISTORY_PARA_1">
      <Text>Tek gözlü Antigenes kariyerine Philip II'nin emrinde başlamış, seferleri boyunca İskender'in generali olarak sadakatle hizmet etmiş ve sonunda Susiana satraplığıyla ödüllendirilmiştir. Ne yazık ki Antigenes yanlış halef devletin yanında yer alma talihsizliğini yaşamış ve kariyerini bir çukurda diri diri yakılarak sonlandırmıştır.</Text>
    </Row>
    <Row Tag="LOC_PEDIA_GREATPEOPLE_PAGE_GREAT_PERSON_INDIVIDUAL_COENUS_CHAPTER_HISTORY_PARA_1">
      <Text>Coenus örnek olarak liderlik etmeyi tercih eden güvenilir bir generaldi. İskender'le olan mizaç benzerliği, muhtemelen Makedon çekiç ve füzelerinin önemli bir parçası olan en sağdaki falanksın komutasının ona verilmesinin nedenidir. Coenus o kadar saygı kazanmıştı ki, İskender'i Hindistan fetihlerinden geri dönmeye ikna etmişti.</Text>
    </Row>
    <Row Tag="LOC_PEDIA_GREATPEOPLE_PAGE_GREAT_PERSON_INDIVIDUAL_CRATERUS_CHAPTER_HISTORY_PARA_1">
      <Text>Yetenekli Craterus İskender'in en güvenilir komutanlarından biriydi. Issus ve Tyre'deki erken başarıları, Pers seferi sırasında İskender'in yanında başkomutan olarak görev yapmasını sağladı. Rakibi Philotas'ı ihanetle suçlamak gibi politikadan uzak değildi, ancak kralına olan sadakatinde tereddütsüzdü.</Text>
    </Row>
    <Row Tag="LOC_PEDIA_GREATPEOPLE_PAGE_GREAT_PERSON_INDIVIDUAL_MELEAGER_CHAPTER_HISTORY_PARA_1">
      <Text>Meleager İskender'in generalleri arasında hiçbir zaman öne çıkmamış olsa da, kralının seferleri boyunca bir falanks tümenine komuta eden güvenilir bir subaydı. Belki de bunun nedeni açık sözlü olmasıydı; İskender'in ölümünün ardından mutsuz askerleri sakinleştirmesi istendiğinde, general arkadaşlarına karşı bir isyana katıldı (ve liderlik etti).</Text>
    </Row>
    <Row Tag="LOC_PEDIA_GREATPEOPLE_PAGE_GREAT_PERSON_INDIVIDUAL_POLYPERCHON_CHAPTER_HISTORY_PARA_1">
      <Text>Polyperchon, kralının ölümüne kadar İskender'in emrinde bir falanksa komuta etmiş olsa da, daha çok sonraki veraset savaşlarına katılımıyla tanınır. Diadochi'nin en az üç savaşı sırasında sürekli değişen sadakatleri başarıyla yönlendiren Polyperchon'un M.Ö. 3. Yüzyıl boyunca hayatta kaldığı düşünülmektedir.</Text>
    </Row>
    <Row Tag="LOC_PEDIA_GREATPEOPLE_PAGE_GREAT_PERSON_INDIVIDUAL_SELEUCUS_CHAPTER_HISTORY_PARA_1">
      <Text>Selevkos İskender'in çağdaşıydı ve Makedonyalı Philip II'nin en iyi ve en parlak adamlarıyla birlikte eğitim görmüştü. İskender'in seferleri sırasında seçkin hypaspistai'ye komuta etti ve İskender'in kanatlarını koruma sorumluluğu, Selevkos'un nihayetinde günümüz Türkiye'sinden Afganistan'a kadar uzanan Selevkos İmparatorluğu'nu kurduğu ölümünden sonra da devam etti.</Text>
    </Row>
    <Row Tag="LOC_PEDIA_GREATPEOPLE_PAGE_GREAT_PERSON_INDIVIDUAL_CLEITUS_CHAPTER_HISTORY_PARA_1">
      <Text>Siyah Cleitus, Büyük İskender'in emrinde süvari generali olarak görev yapmıştır. Seferlerinin başlangıcında genç kralın hayatını kurtaran Cleitus, yıllar sonra sarhoşken göğsüne fırlattığı bir mızrakla ve İskender'in bu olaydan sonra bariz bir şekilde dehşete düşmesiyle bu borcunu ödemek gibi şüpheli bir ayrıcalığa sahiptir.</Text>
    </Row>
    <Row Tag="LOC_PEDIA_GREATPEOPLE_PAGE_GREAT_PERSON_INDIVIDUAL_ERIGYIUS_CHAPTER_HISTORY_PARA_1">
      <Text>Erigyius İskender'e o kadar sadıktı ki, şüphelenen Philip II onu Makedonya'dan sürgün ettirdi. Eski kralın ölümü üzerine yeni kralın süvari komutanlarına ihtiyacı vardı ve Erigyius bu görev için biçilmiş kaftandı. İskender'in seferleri boyunca sadakatle hizmet etti, ancak sonunda Baktrialılarla yapılan savaşta öldürüldü.</Text>
    </Row>
    <Row Tag="LOC_PEDIA_GREATPEOPLE_PAGE_GREAT_PERSON_INDIVIDUAL_HEPHAESTION_CHAPTER_HISTORY_PARA_1">
      <Text>Büyük İskender'in çocukluğundan beri en yakın arkadaşı olan Hephaistion, İskender'in seferleri sırasında hetairoi'ye komuta edecekti. Bu bir iltimas değildi-Hephaestion tartışmasız zeki ve yetenekli bir komutandı. Ani hastalığı ve ölümü, cenazesi için hiçbir masraftan kaçınmayan ve birçok kalıcı anma töreni planlayan İskender için ağır bir darbe oldu.</Text>
    </Row>
    <Row Tag="LOC_PEDIA_GREATPEOPLE_PAGE_GREAT_PERSON_INDIVIDUAL_LEONNATUS_CHAPTER_HISTORY_PARA_1">
      <Text>Leonnatus, Büyük İskender'in sadık bir süvari generaliydi ve kralın kişisel korumalarından biri olacak kadar güvenilir ve yetenekliydi. İskender'in seferleri boyunca görev yapmıştır. İskender'in ölümünden sonra Leonnatus veraset savaşlarına karıştı. Lamian Savaşı'nda Atinalıların elinde son buldu.</Text>
    </Row>
    <Row Tag="LOC_PEDIA_GREATPEOPLE_PAGE_GREAT_PERSON_INDIVIDUAL_PERDICCAS_CHAPTER_HISTORY_PARA_1">
      <Text>Perdikkas askeri kariyerine bir falanks komutanı olarak başlamış olsa da, Büyük İskender Hephaistion'un ölümünden sonra onu hetairoi'nin (Yoldaş süvariler) komutanı olarak atamıştır. İskender'in ölüm döşeğindeyken Perdikkas başkomutan ve naip olarak atandı; bu pozisyonu kötü politikalarla çarçur etti ve ilk veraset savaşına yol açtı.</Text>
    </Row>
    <Row Tag="LOC_PEDIA_GREATPEOPLE_PAGE_GREAT_PERSON_INDIVIDUAL_PHILOTAS_CHAPTER_HISTORY_PARA_1">
      <Text>Philip'in generali Parmenion İskender'in tahta çıkışını destekledi. Buna karşılık yeni kral da Parmenion'un oğlu Philotas'ı Companion süvarilerinin komutanı olarak generalliğe yükseltti. Savaş alanındaki kabiliyetine rağmen, Philotas'ın asi damarı onu ihanet planları yapmaya yöneltti ve bu da kendisinin ve babasının ölümüne neden oldu.</Text>
    </Row>
    <Row Tag="LOC_PEDIA_GREATPEOPLE_PAGE_GREAT_PERSON_INDIVIDUAL_ALEXANDER_CHAPTER_HISTORY_PARA_1">
      <Text>İskender'in cepheden liderlik etmek gibi bir ünü vardı; askerleriyle aynı (ya da daha fazla) tehlikeyi paylaşarak onlara kendini sevdirirdi. Sık sık hetairoi'ye (Yoldaş süvariler) savaşta önderlik ederdi ve bir keresinde kuşatılmış bir şehrin surlarına saldırmak için o kadar sabırsızlanmıştı ki, birkaç askeriyle birlikte kendilerini önleri kesilmiş ve düşman tarafından kuşatılmış halde buldular. Ağır bir yara almasına rağmen, görünüşte imkansız olan bu durumdan kurtuldu ve askerleri onu cesaretinden dolayı daha da çok sevdi - kurnaz İskender kesinlikle onları sınırlarının ötesine itmek için kullandı.</Text>
    </Row>
  </EnglishText>
</GameData>