﻿<?xml version="1.0" encoding="utf-8"?>
<GameData>
  <EnglishText>
    <!-- Named Rivers -->
    <Row Tag="LOC_NAMED_RIVER_BLUE_NILE_RIVER_NAME">
      <Text>Mavi Nil Nehri</Text>
    </Row>
    <Row Tag="LOC_NAMED_RIVER_BARO_RIVER_NAME">
      <Text>Baro Nehri</Text>
    </Row>
    <Row Tag="LOC_NAMED_RIVER_DAWA_RIVER_NAME">
      <Text>Dawa Nehri</Text>
    </Row>
    <Row Tag="LOC_NAMED_RIVER_GANALE_DORYA_RIVER_NAME">
      <Text>Ganale Dorya Nehri</Text>
    </Row>
    <Row Tag="LOC_NAMED_RIVER_SHEBELLE_RIVER_NAME">
      <Text>Shebelle Nehri</Text>
    </Row>
    <Row Tag="LOC_NAMED_RIVER_AWASH_RIVER_NAME">
      <Text>Awash Nehri</Text>
    </Row>
    <!-- Named Volcanoes -->
    <Row Tag="LOC_NAMED_VOLCANO_MOUNT_ALAYTA_NAME">
      <Text>Alayta Dagi</Text>
    </Row>
    <Row Tag="LOC_NAMED_VOLCANO_DABBAHU_VOLCANO_NAME">
      <Text>Dabbahu Yanardagi</Text>
    </Row>
    <Row Tag="LOC_NAMED_VOLCANO_DALLOL_VOLCANO_NAME">
      <Text>Dallol Yanardagi</Text>
    </Row>
    <Row Tag="LOC_NAMED_VOLCANO_MOUNT_FENTALE_NAME">
      <Text>Fentale Dagi</Text>
    </Row>
    <Row Tag="LOC_NAMED_VOLCANO_KONE_NAME">
      <Text>Kone</Text>
    </Row>
    <Row Tag="LOC_NAMED_VOLCANO_MANDA_HARARO_NAME">
      <Text>Manda Hararo</Text>
    </Row>
    <Row Tag="LOC_NAMED_VOLCANO_ALU_DALAFILLA_NAME">
      <Text>Alu-Dalafilla</Text>
    </Row>
    <!-- Named Mountains -->
    <Row Tag="LOC_NAMED_MOUNTAIN_BALE_MOUNTAINS_NAME">
      <Text>Balya Daglari</Text>
    </Row>
    <Row Tag="LOC_NAMED_MOUNTAIN_ARSI_MOUNTAINS_NAME">
      <Text>Arsi Daglari</Text>
    </Row>
    <Row Tag="LOC_NAMED_MOUNTAIN_WOLLO_HIGHLANDS_NAME">
      <Text>Wollo Highlands</Text>
    </Row>
    <Row Tag="LOC_NAMED_MOUNTAIN_AHMAR_MOUNTAINS_NAME">
      <Text>Ahmar Daglari</Text>
    </Row>
    <Row Tag="LOC_NAMED_MOUNTAIN_AMARO_MOUNTAINS_NAME">
      <Text>Amaro Daglari</Text>
    </Row>
    <!-- Named Lakes -->
    <Row Tag="LOC_NAMED_LAKE_LAKE_ABAYA_NAME">
      <Text>Abaya Gölü</Text>
    </Row>
    <Row Tag="LOC_NAMED_LAKE_LAKE_ZIWAY_NAME">
      <Text>Ziway Gölü</Text>
    </Row>
    <Row Tag="LOC_NAMED_LAKE_LAKE_CHAMO_NAME">
      <Text>Chamo Gölü</Text>
    </Row>
    <Row Tag="LOC_NAMED_LAKE_LAKE_SHALA_NAME">
      <Text>Shala Gölü</Text>
    </Row>
    <Row Tag="LOC_NAMED_LAKE_LAKE_CHEW_BAHIR_NAME">
      <Text>Chew Bahir Gölü</Text>
    </Row>
    <Row Tag="LOC_NAMED_LAKE_LAKE_ABBE_NAME">
      <Text>Abbe Gölü</Text>
    </Row>
  </EnglishText>
</GameData>