﻿<?xml version="1.0" encoding="utf-8"?>
<GameData>
  <EnglishText>
    <!-- Secret Societies Mode -->
    <Row Tag="LOC_GAMEMODE_SECRETSOCIETIES_NAME">
      <Text>Gizli Topluluklar Modu</Text>
    </Row>
    <Row Tag="LOC_GAMEMODE_SECRETSOCIETIES_DESCRIPTION">
      <Text>Bu oyun modu, her biri geçmisteki kurgusal veya efsanevi örgütlere dayanan dört adede kadar güçlü, gizemli ve genellikle alçak Gizli Toplulugu dünyaya ekler. Izleri Barbar Kamplarinda, Kabile Köylerinde veya Sehir Devletlerine Elçiler göndererek ve Dogal Harikalar bularak bulunabilir. Alternatif olarak, diger liderler bir Toplulugu kesfetmisse, onlarla diplomatik görünürlük seviyenizi artirarak onlar hakkinda bilgi edinebilirsiniz.[NEWLINE][NEWLINE]Bir Toplulugu kesfetmek otomatik olarak ona katilmak anlamina gelmez, ancak bir sehre atanmasi gerekmeyen yeni bir Valinin kilidini açar. Bu vali için bir Vali Unvani harcamak, topluma katilmak anlamina gelir ve size güçlü bonuslar verir. Ancak akillica seçim yapin - bu valiyi atadiginizda, oyunun geri kalani için üyeliginizi taahhüt etmis olursunuz ve diger liderler karariniza tepki gösterecektir. Topluluga bagliliginizi kanitlamak ve daha derin gizemlerinin kilidini açmak için ek Vali Unvanlari harcayin.</Text>
    </Row>
    <!-- Ethiopia: Civ Info -->
    <Row Tag="LOC_CIVILIZATION_ETHIOPIA_NAME">
      <Text>Etiyopya</Text>
    </Row>
    <Row Tag="LOC_CIVILIZATION_ETHIOPIA_DESCRIPTION">
      <Text>Etiyopya Imparatorlugu</Text>
    </Row>
    <Row Tag="LOC_CIVILIZATION_ETHIOPIA_ADJECTIVE">
      <Text>Etiyopyali</Text>
    </Row>
    <Row Tag="LOC_TRAIT_CIVILIZATION_ETHIOPIA_NAME">
      <Text>Aksumite Mirasi</Text>
    </Row>
    <Row Tag="LOC_TRAIT_CIVILIZATION_ETHIOPIA_DESCRIPTION">
      <Text>Etiyopya'nin Uluslararasi Ticaret Yollari, kaynaktaki kaynak basina +0,5 [ICON_Faith] Inanç verir. Gelistirilmis kaynaklar, sehrin sahip oldugu her kopya için +1 [ICON_Faith] Inanç saglar. Arkeoloji Müzeleri ve Arkeologlari [ICON_Faith] Inanç ile satin alabilir.</Text>
    </Row>
    <Row Tag="LOC_CITY_YIELD_FROM_RESOURCES_TOOLTIP">
      <Text>{Deger : sayi +#.# -#.#} from Kaynaklar</Text>
    </Row>
    <!-- Ethiopia: Improvement Info -->
    <Row Tag="LOC_IMPROVEMENT_ROCK_HEWN_CHURCH_NAME">
      <Text>Rock-Hewn Kilisesi</Text>
    </Row>
    <Row Tag="LOC_IMPROVEMENT_ROCK_HEWN_CHURCH_DESCRIPTION">
      <Text>Etiyopya'ya özgü bir Tastan Kilise insa etmek için Insaatçi yeteneginin kilidini açar.[NEWLINE][NEWLINE]+1 [ICON_Faith] Inanç. Bitisik her Dag ve Tepe karesi için +1 [ICON_Faith] Inanç. Uçus arastirmasindan sonra [ICON_FAITH] Inançtan [ICON_TOURISM] Turizm saglar. +1 Cazibe. Yalnizca baska bir Kayadan Yapma Kiliseye bitisik olmayan Tepeler üzerine insa edilebilir.</Text>
    </Row>
    <Row Tag="LOC_IMPROVEMENT_ROCK_HEWN_CHURCH_EXPANSION2_DESCRIPTION">
      <Text>Etiyopya'ya özgü bir Tastan Kilise insa etmek için Insaatçi yeteneginin kilidini açar.[NEWLINE][NEWLINE]+1 [ICON_Faith] Inanç. Her bitisik Dag ve Tepe karesi için +1 [ICON_Faith] Inanç. Uçus arastirmasindan sonra [ICON_FAITH] Inançtan [ICON_TOURISM] Turizm saglar. +1 Cazibe. Sadece dogal afetler tarafindan yagmalanabilir (asla yok edilemez). Yalnizca baska bir Kayadan Yapilmis Kiliseye bitisik olmayan Tepeler veya Volkanik Toprak üzerine insa edilebilir.</Text>
    </Row>
    <!-- Ethiopia: Leader Info -->
    <Row Tag="LOC_LEADER_MENELIK_NAME">
      <Text>Menelik II</Text>
    </Row>
    <Row Tag="LOC_TRAIT_LEADER_MENELIK_NAME">
      <Text>Bakanlar Kurulu</Text>
    </Row>
    <Row Tag="LOC_TRAIT_LEADER_MENELIK_DESCRIPTION">
      <Text>Tepelerde kurulan sehirlerde [ICON_FAITH] Inanç üretiminizin %15'ine esit [ICON_SCIENCE] Bilim ve [ICON_CULTURE] Kültür alin. Birimler Tepelerde +4 [ICON_STRENGTH] Savas Gücü alir.</Text>
    </Row>
    <Row Tag="LOC_ABILITY_MENELIK_HILLS_COMBAT_NAME">
      <Text>Etiyopya Yaylalari</Text>
    </Row>
    <Row Tag="LOC_ABILITY_MENELIK_HILLS_COMBAT_DESCRIPTION">
      <Text>+4 [ICON_Strength] Tepelerde Savas Gücü (Bakanlar Kurulu)</Text>
    </Row>
    <Row Tag="LOC_ABILITY_MENELIK_HILLS_COMBAT_STRENGTH_DESCRIPTION">
      <Text>+{1_Amount} [ICON_Strength] Muharebe Gücü (Bakanlar Kurulu)</Text>
    </Row>
    <!-- Ethiopia: Unit Info -->
    <Row Tag="LOC_UNIT_ETHIOPIAN_OROMO_CAVALRY_NAME">
      <Text>Oromo Süvarileri</Text>
    </Row>
    <Row Tag="LOC_UNIT_ETHIOPIAN_OROMO_CAVALRY_DESCRIPTION">
      <Text>Etiyopya'ya özgü Ortaçag dönemi hafif süvari birligi. Ek görüse sahiptir ve Tepelerde hareket etmekten [ICON_Movement] Hareket cezasi almaz.</Text>
    </Row>
    <Row Tag="LOC_UNIT_ETHIOPIAN_OROMO_CAVALRY_EXPANSION2_DESCRIPTION">
      <Text>Etiyopya'ya özgü Ortaçag dönemi hafif süvari birligi. Yerini aldigi Courser'den daha güçlü ve daha iyi görüse sahiptir. Tepelerde hareket ederken [ICON_Movement] Hareket cezasi almaz.</Text>
    </Row>
    <Row Tag="LOC_ABILITY_ETHIOPIAN_OROMO_CAVALRY_NAME">
      <Text>Oromo Süvarileri</Text>
    </Row>
    <Row Tag="LOC_ABILITY_ETHIOPIAN_OROMO_CAVALRY_DESCRIPTION">
      <Text>Tepelerde hareket etmekten dolayi hareket cezasi almaz.</Text>
    </Row>
    <!-- Ethiopia: Agenda Info -->
    <Row Tag="LOC_DIPLO_MODIFIER_ETHIOPIAN_HIGHLANDS">
      <Text>Menelik sehirlerinizi tepelerden uzakta kurmanizi istiyor.</Text>
    </Row>
    <Row Tag="LOC_TOOLTIP_SAMPLE_DIPLOMACY_ETHIOPIAN_HIGHLANDS_POSITIVE">
      <Text>Menelik, yaylalari ona birakmanizdan memnun.</Text>
    </Row>
    <Row Tag="LOC_TOOLTIP_SAMPLE_DIPLOMACY_ETHIOPIAN_HIGHLANDS_NEGATIVE">
      <Text>Menelik, tepeler için onunla rekabet ettigin için üzgün.</Text>
    </Row>
    <Row Tag="LOC_TOOLTIP_SAMPLE_DIPLOMACY_ETHIOPIAN_HIGHLANDS">
      <Text>Tepelerden uzaklara yerlesenleri sever</Text>
    </Row>
    <Row Tag="LOC_AGENDA_ETHIOPIAN_HIGHLANDS_NAME">
      <Text>Etiyopya Yaylalari</Text>
    </Row>
    <Row Tag="LOC_AGENDA_ETHIOPIAN_HIGHLANDS_DESCRIPTION">
      <Text>Mümkünse Tepelerin üzerinde ve çevresinde insa etmekten hoslanir ve Tepelerin yakinindaki alanlari kendisine birakan diger medeniyetleri sever. Tepelerin üzerine ve çevresine yerlesen ve insa edenlerden hoslanmaz.</Text>
    </Row>
    <!-- Ethiopia: Fawn of Man -->
    <Row Tag="LOC_LOADING_INFO_LEADER_MENELIK">
      <Text>Menelik II, büyük Kral ve Imparator, halkiniz için bir vizyonunuz var. Hem dostluklar hem de fabrikalar, ittifaklar ve demiryollari insa edecek ve Etiyopya'yi parlak ve özgür bir gelecege tasimak için aklinizi ve bilgeliginizi kullanacaksiniz.</Text>
    </Row>
  </EnglishText>
</GameData>