﻿<?xml version="1.0" encoding="utf-8"?>
<GameData>
  <EnglishText>
    <Row Tag="LOC_DISTRICT_DIPLOMATIC_QUARTER_NAME">
      <Text>Diplomatik Mahalle</Text>
    </Row>
    <Row Tag="LOC_DISTRICT_DIPLOMATIC_QUARTER_DESCRIPTION">
      <Text>Uygarliginiz, diplomasi yoluyla yabanci bir uygarliktan gelen her Delegasyon veya Elçilik için +1 [ICON_CULTURE] Kültür alir. Sehir merkezinin yanina insa edilirse +1 [ICON_ENVOY] Elçi. Düsman Casuslari bu bölgeyi ve komsu bölgeleri hedef alarak normalin 2 seviye altinda çalisir.  Imparatorlugunuzda ayni anda sadece 1 tane bulunabilir.</Text>
    </Row>
    <Row Tag="LOC_DISTRICT_DIPLOMATIC_QUARTER_EXPANSION2_DESCRIPTION">
      <Text>Uygarliginiz, diplomasi yoluyla yabanci bir uygarliktan gelen her Delegasyon veya Elçilik için +1 [ICON_FAVOR] Diplomatik Iyilik alir. Sehir merkezinin yanina insa edilirse +1 [ICON_ENVOY] Elçi. Düsman Casuslari bu bölgeyi ve komsu bölgeleri hedef alarak normalin 2 seviye altinda faaliyet gösterir. Imparatorlugunuzda ayni anda sadece 1 tane bulunabilir.</Text>
    </Row>
  </EnglishText>
</GameData>