﻿<?xml version="1.0" encoding="utf-8" standalone="yes"?>
<GameData>
  <EnglishText>
    <!-- Loading Screen -->
    <Row Tag="LOC_LOADING_INFO_CIVROYALE_SCENARIO">
      <Text>{LOC_CIV_ROYALE_MOD_DESCRIPTION_TUTORIAL}</Text>
    </Row>
    <!-- Victories -->
    <Row Tag="LOC_CIV_ROYALE_VICTORY_WIN_BLURB">
      <Text>Hepsi bize güldü. İniş aracına ulaşamayacak kadar zayıf ve az sayıda olduğumuzu söylediler. Peki, şimdi kim gülüyor? Bu aptal, çürümüş gezegenden ayrılan son grup kim? Kimin pırıl pırıl yeni bir uzay gemisine, temiz su içmeye ve zehirli toz içermeyen havayı solumaya tek yönlü bileti var? Biziz! [NEWLINE] [NEWLINE] Buradan gidiyoruz! Dikkat et, evren!</Text>
    </Row>
    <!-- Goody Huts -->
    <Row Tag="LOC_GOODYHUT_MILITARY_GRANT_WARRIOR_DESCRIPTION">
      <Text>[COLOR_FLOAT_MILITARY]Bir Piyade birimi fraksiyonunuza katıldı. [ENDCOLOR]</Text>
    </Row>
    <Row Tag="LOC_GOODYHUT_MILITARY_GRANT_ARCHER_DESCRIPTION">
      <Text>[COLOR_FLOAT_MILITARY]Bir Makineli Tüfek birimi grubunuza katıldı.[ENDCOLOR]</Text>
    </Row>
    <Row Tag="LOC_GOODYHUT_MILITARY_GRANT_AT_TEAM_DESCRIPTION">
      <Text>[COLOR_FLOAT_MILITARY]Bir Anti-Tank birimi grubunuza katıldı. [ENDCOLOR]</Text>
    </Row>
    <Row Tag="LOC_GOODYHUT_MILITARY_GRANT_SETTLER_DESCRIPTION">
      <Text>[COLOR_FLOAT_MILITARY]Harabelerde barınan siviller grubunuza katıldı. [ENDCOLOR]</Text>
    </Row>
    <Row Tag="LOC_GOODYHUT_MILITARY_GRANT_GUNSHIP_DESCRIPTION">
      <Text>[COLOR_FLOAT_MILITARY]İşlevsel bir Helikopter keşfettiniz. [ENDCOLOR]</Text>
    </Row>
    <Row Tag="LOC_GOODYHUT_MILITARY_GRANT_TANK_DESCRIPTION">
      <Text>[COLOR_FLOAT_MILITARY]İşlevsel bir Tank keşfettiniz. [ENDCOLOR]</Text>
    </Row>
    <Row Tag="LOC_GOODYHUT_MILITARY_GRANT_ARTILLERY_DESCRIPTION">
      <Text>[COLOR_FLOAT_MILITARY]Bir Topçu birimi grubunuza katıldı. [ENDCOLOR]</Text>
    </Row>
    <Row Tag="LOC_GOODYHUT_MILITARY_GRANT_NUKE_STRIKE_DESCRIPTION">
      <Text>[COLOR_FLOAT_MILITARY]İşlevsel bir Termonükleer Aygıt keşfettiniz. [ENDCOLOR]</Text>
    </Row>
    <Row Tag="LOC_GOODYHUT_MILITARY_GRANT_ZOMBIES_DESCRIPTION">
      <Text>[COLOR_FLOAT_MILITARY]Zombileriniz bir kurban daha aldı. [ENDCOLOR]</Text>
    </Row>
    <Row Tag="LOC_GOODYHUT_MILITARY_GRANT_ZOMBIES_DESCRIPTION_B">
      <Text>[COLOR_FLOAT_MILITARY]Sürü için daha fazla ceset. [ENDCOLOR]</Text>
    </Row>
    <Row Tag="LOC_GOODYHUT_MILITARY_GRANT_ZOMBIES_DESCRIPTION_C">
      <Text>[COLOR_FLOAT_MILITARY]Bir zombi sürüsü keşfettiniz. [ENDCOLOR]</Text>
    </Row>
    <Row Tag="LOC_GOODYHUT_IMPROVISED_TRAP_GOODIES">
      <Text>Tuzağa düştün!</Text>
    </Row>
    <Row Tag="LOC_GOODYHUT_GRIEVING_GIFT_GOODIES">
      <Text>Bu bir tuzaktı!</Text>
    </Row>
    <!-- HUD UI -->
    <Row Tag="LOC_CIV_ROYALE_HUD_TURNS_UNTIL_RING_SHRINKS">
      <Text>Güvenli Bölge küçülene kadar çevirin.</Text>
    </Row>
    <Row Tag="LOC_CIV_ROYALE_HUD_TURNS_UNTIL_RING_SHRINKS_B">
      <Text>{1_Turns} Güvenli Bölge küçülene kadar çevirin.</Text>
    </Row>
    <Row Tag="LOC_CIV_ROYALE_HUD_TURNS_UNTIL_RING_SHRINKS_MIN_SIZE">
      <Text>Güvenli Bölge minimum boyuttadır.</Text>
    </Row>
    <Row Tag="LOC_CIV_ROYALE_HUD_TURNS_UNTIL_RING_SHRINKS_MIN_SIZE_B">
      <Text>Güvenli Bölge stabilize oldu. [COLOR_RED]Tahliye, hayatta kalan diğer gruplar tarafından engelleniyor. [ENDCOLOR]</Text>
    </Row>
    <Row Tag="LOC_CIV_ROYALE_HUD_TURNS_UNTIL_RING_SHRINKS_MIN_SIZE_C">
      <Text>Güvenli Bölge stabilize oldu. [COLOR_RED]Uzaktan iniş aracı sinyali hala diğer gruplar tarafından engelleniyor![ENDCOLOR]</Text>
    </Row>
    <Row Tag="LOC_CIV_ROYALE_HUD_STORM_STRENGTH">
      <Text>Serpinti: Kategori {1_safeZonePhase} (Hasar {2_dangerZoneDamage})</Text>
    </Row>
    <Row Tag="LOC_CIV_ROYALE_HUD_CATEGORY">
      <Text>Kategori</Text>
    </Row>
    <Row Tag="LOC_CIV_ROYALE_HUD_CATEGORY_TOOLTIP">
      <Text>Bir birim halkadaki serpintiden {1_Damage} hasar alacaktır.[NEWLINE]Şimdiye kadar Güvenli Bölge {2_RingCount} {2_RingCount : plural 1?time; other?times;} kapandı.</Text>
    </Row>
    <Row Tag="LOC_CIV_ROYALE_HUD_DAMAGE">
      <Text>Hasar</Text>
    </Row>
    <Row Tag="LOC_CIV_ROYALE_HUD_DAMAGE_TOOLTIP">
      <Text>Hayatta kalanlarınızın Kızıl Ölüm'de karşılaşacağı hasar miktarı.</Text>
    </Row>
    <Row Tag="LOC_CIV_ROYALE_HUD_TURNS">
      <Text>{1_Turns : plural 1?Turn; other?Turns;}</Text>
    </Row>
    <Row Tag="LOC_CIV_ROYALE_HUD_TURNS_TOOLTIP">
      <Text>Kızıl Ölüm'ün Güvenli Bölge'ye ulaşmasına kaç tur var.</Text>
    </Row>
    <Row Tag="LOC_CIV_ROYALE_HUD_CIVILIAN_WARNING">
      <Text>Siviliniz serpintinin içinde!</Text>
    </Row>
    <Row Tag="LOC_CIV_ROYALE_HUD_PLAYER_NAME_LABEL">
      <Text>Oyuncunun adı:</Text>
    </Row>
    <!--Global Ability Tracker-->
    <Row Tag="LOC_CIV_ROYALE_GLOBAL_ABILITY_AVAILABLE">
      <Text>Yetenek Mevcut!</Text>
    </Row>
    <Row Tag="LOC_CIV_ROYALE_GLOBAL_ABILITY_CHARGES">
      <Text>Ücretler: {1_CurrentCharges} \ {2_Max_Charges}</Text>
    </Row>
    <!-- Notifications -->
    <Row Tag="LOC_CIVROYALE_NOTIFICATION_SUPPLY_DROP_MESSAGE">
      <Text>Tedarik Düştü!</Text>
    </Row>
    <Row Tag="LOC_CIVROYALE_NOTIFICATION_SUPPLY_DROP_SUMMARY">
      <Text>Bir Erzak Damlası ortaya çıktı!</Text>
    </Row>
    <Row Tag="LOC_NOTIFICATION_DISCOVER_GOODY_HUT_MESSAGE">
      <Text>Kabile Köyü Keşfedildi</Text>
    </Row>
    <Row Tag="LOC_NOTIFICATION_DISCOVER_GOODY_HUT_SUMMARY">
      <Text>Dost bir kabilenin yaşadığı bir köy buldunuz.</Text>
    </Row>
    <Row Tag="LOC_CIVROYALE_NOTIFICATION_SAFE_ZONE_APPEARED_MESSAGE">
      <Text>Güvenli Bölge Kuruldu</Text>
    </Row>
    <Row Tag="LOC_CIVROYALE_NOTIFICATION_SAFE_ZONE_APPEARED_SUMMARY">
      <Text>Kızıl Ölüm yeniden şekilleniyor. Haritanızda fırtınanın gözünde bir Güvenli Bölge işaretlendi.</Text>
    </Row>
    <Row Tag="LOC_CIVROYALE_NOTIFICATION_SAFE_ZONE_CHANGED_MESSAGE">
      <Text>Güvenli Bölge Küçüldü</Text>
    </Row>
    <Row Tag="LOC_CIVROYALE_NOTIFICATION_SAFE_ZONE_CHANGED_SUMMARY">
      <Text>Kızıl Ölüm giderek kötüleşiyor. Güvenli Bölge değişti ve küçüldü.</Text>
    </Row>
    <Row Tag="LOC_CIVROYALE_NOTIFICATION_NEW_TREASURE_MAP_MESSAGE">
      <Text>Yeni Hazine Haritası</Text>
    </Row>
    <Row Tag="LOC_CIVROYALE_NOTIFICATION_NEW_TREASURE_MAP_SUMMARY">
      <Text>Yeni bir gömülü hazine haritası keşfettiniz.</Text>
    </Row>
    <Row Tag="LOC_CIVROYALE_NOTIFICATION_HAIL_MARY_READY_MESSAGE">
      <Text>Hail Mary Hazır</Text>
    </Row>
    <Row Tag="LOC_CIVROYALE_NOTIFICATION_HAIL_MARY_READY_SUMMARY">
      <Text>Hail Mary göreve hazır.</Text>
    </Row>
    <Row Tag="LOC_CIVROYALE_NOTIFICATION_ZOMBIE_DECAYED_MESSAGE">
      <Text>Zombi Sürüsü Çürüdü</Text>
    </Row>
    <Row Tag="LOC_CIVROYALE_NOTIFICATION_ZOMBIE_DECAYED_SUMMARY">
      <Text>Zombi Sürünüz çürüme nedeniyle öldürüldü.</Text>
    </Row>
    <!-- Supply Drop Improvement -->
    <Row Tag="LOC_IMPROVEMENT_SUPPLY_DROP_NAME">
      <Text>Tedarik Düşüşü</Text>
    </Row>
    <!-- Goody Hut Improvements -->
    <Row Tag="LOC_CIV_ROYALE_IMPROVEMENT_GOODY_HUT_NAME">
      <Text>Şehir Harabeleri</Text>
    </Row>
    <Row Tag="LOC_IMPROVEMENT_POPPED_GOODY_NAME">
      <Text>Keşfedilen Şehir Kalıntıları</Text>
    </Row>
    <!--Improvised Trap Improvement-->
    <Row Tag="LOC_IMPROVEMENT_IMPROVISED_TRAP">
      <Text>Doğaçlama Tuzak</Text>
    </Row>
    <!-- Destroyed City Feature -->
    <Row Tag="LOC_FEATURE_DESTROYED_CITY_NAME">
      <Text>Yıkılmış Şehir</Text>
    </Row>
    <!-- MiniMap -->
    <Row Tag="LOC_MINIMAP_RED_DEATH_TOOLTIP">
      <Text>Kızıl Ölüm</Text>
    </Row>
    <Row Tag="LOC_MINIMAP_SAFE_ZONE_TOOLTIP">
      <Text>Güvenli Bölge</Text>
    </Row>
    <!-- Promotions -->
    <Row Tag="LOC_PROMOTION_SCOUTING_REGIMENT_NAME">
      <Text>Gözcü Alayı</Text>
    </Row>
    <Row Tag="LOC_PROMOTION_SCOUTING_REGIMENT_DESCRIPTION">
      <Text>Birim ve oluşumu Ormanlar, Yağmur Ormanları ve Tepeler için Hareket cezalarını [ICON_Movement] yok sayar.</Text>
    </Row>
    <Row Tag="LOC_CIVROYALE_PROMOTION_CAPARISON_DESCRIPTION">
      <Text>AT Mürettebatına karşı +5 [ICON_Strength] Savaş Gücü.</Text>
    </Row>
    <Row Tag="LOC_CIVROYALE_PROMOTION_COURSERS_DESCRIPTION">
      <Text>Makineli Tüfeklere saldırırken +5 [ICON_Strength] Savaş Gücü.</Text>
    </Row>
    <Row Tag="LOC_CIVROYALE_PROMOTION_ARMOR_PIERCING_DESCRIPTION">
      <Text>Diğer Tanklara karşı +7 [ICON_Strength] Savaş Gücü.</Text>
    </Row>
    <Row Tag="LOC_CIVROYALE_PROMOTION_REACTIVE_ARMOR_DESCRIPTION">
      <Text>Tanklara ve AT Mürettebatına karşı savunma yaparken +7 [ICON_Strength] Savaş Gücü.</Text>
    </Row>
    <Row Tag="LOC_CIVROYALE_PROMOTION_ECHELON_DESCRIPTION">
      <Text>Tanklara ve Helikopterlere karşı +5 [ICON_Strength] Savaş Gücü.</Text>
    </Row>
    <Row Tag="LOC_CIVROYALE_PROMOTION_HOLD_THE_LINE_DESCRIPTION">
      <Text>Farklı sınıftaki bitişik birimler, Tanklara ve Helikopterlere karşı +10 [ICON_Strength] Savaş Gücü kazanır.</Text>
    </Row>
    <Row Tag="LOC_CIVROYALE_PROMOTION_CHOKE_POINTS_DESCRIPTION">
      <Text>Orman, Ormanda, Tepelerde veya Bataklıkta savunma yaparken +7 [ICON_Strength] Savaş Gücü.</Text>
    </Row>
    <Row Tag="LOC_PROMOTION_GDR_ATTACK_RANGE_NAME">
      <Text>Fırlatıcı Tüplerini Değiştirin</Text>
    </Row>
    <Row Tag="LOC_PROMOTION_GDR_ATTACK_RANGE_DESC">
      <Text>+1 [ICON_Range] Saldırı Menzili</Text>
    </Row>
    <Row Tag="LOC_PROMOTION_GDR_MOVE_NAME">
      <Text>Bacak Aktüatörlerini Değiştirin</Text>
    </Row>
    <Row Tag="LOC_PROMOTION_GDR_MOVE_DESC">
      <Text>+2 [ICON_Movement] Hareket</Text>
    </Row>
    <Row Tag="LOC_PROMOTION_GDR_LIMITED_HEAL_NAME">
      <Text>Onarım Nanitlerini Doldurun</Text>
    </Row>
    <Row Tag="LOC_PROMOTION_GDR_LIMITED_HEAL_DESC">
      <Text>+10 iyileşme oranı</Text>
    </Row>
    <Row Tag="LOC_PROMOTION_GDR_ATTACK_1_NAME">
      <Text>Tüfek Namlularının Değiştirilmesi</Text>
    </Row>
    <Row Tag="LOC_PROMOTION_GDR_ATTACK_1_DESC">
      <Text>+8 [ICON_Strength] Savaş Gücü</Text>
    </Row>
    <Row Tag="LOC_PROMOTION_GDR_ATTACK_2_NAME">
      <Text>Hedefleme Bilgisayarını Değiştirin</Text>
    </Row>
    <Row Tag="LOC_PROMOTION_GDR_ATTACK_2_DESC">
      <Text>+8 [ICON_Strength] Savaş Gücü</Text>
    </Row>
    <Row Tag="LOC_PROMOTION_GDR_ATTACK_3_NAME">
      <Text>Taze Cephane</Text>
    </Row>
    <Row Tag="LOC_PROMOTION_GDR_ATTACK_3_DESC">
      <Text>+8 [ICON_Strength] Savaş Gücü</Text>
    </Row>
    <Row Tag="LOC_PROMOTION_ZOMBIE_ATTACK_1_NAME">
      <Text>Beyin!</Text>
    </Row>
    <Row Tag="LOC_PROMOTION_ZOMBIE_ATTACK_1_DESC">
      <Text>+5 [ICON_Strength] Savaş Gücü</Text>
    </Row>
    <Row Tag="LOC_PROMOTION_ZOMBIE_ATTACK_2_NAME">
      <Text>Beyin!!</Text>
    </Row>
    <Row Tag="LOC_PROMOTION_ZOMBIE_ATTACK_2_DESC">
      <Text>+5 [ICON_Strength] Savaş Gücü</Text>
    </Row>
    <Row Tag="LOC_PROMOTION_ZOMBIE_ATTACK_3_NAME">
      <Text>Beyin!!!</Text>
    </Row>
    <Row Tag="LOC_PROMOTION_ZOMBIE_ATTACK_3_DESC">
      <Text>+5 [ICON_Strength] Savaş Gücü</Text>
    </Row>
    <Row Tag="LOC_PROMOTION_ZOMBIE_LESS_DECAY_NAME">
      <Text>Ugh!</Text>
    </Row>
    <Row Tag="LOC_PROMOTION_ZOMBIE_LESS_DECAY_DESC">
      <Text>Çürüme Hasarı Yok</Text>
    </Row>
    <Row Tag="LOC_PROMOTION_ZOMBIE_MOVE_1_NAME">
      <Text>Grah!</Text>
    </Row>
    <Row Tag="LOC_PROMOTION_ZOMBIE_MOVE_1_DESC">
      <Text>+1 [ICON_Movement] Hareket</Text>
    </Row>
    <Row Tag="LOC_PROMOTION_ZOMBIE_MOVE_2_NAME">
      <Text>Grah!!</Text>
    </Row>
    <Row Tag="LOC_PROMOTION_ZOMBIE_MOVE_2_DESC">
      <Text>+1 [ICON_Movement] Hareket</Text>
    </Row>
    <Row Tag="LOC_PROMOTION_ZOMBIE_MOVE_3_NAME">
      <Text>Grah!!!</Text>
    </Row>
    <Row Tag="LOC_PROMOTION_ZOMBIE_MOVE_3_DESC">
      <Text>+1 [ICON_Movement] Hareket</Text>
    </Row>
    <!-- Unit Abilities -->
    <Row Tag="LOC_ABILITY_TANK_MOVEMENT_DESCRIPTION">
      <Text>Çorak Topraklar'da başlıyorsa +1 [ICON_Movement] Hareket.</Text>
    </Row>
    <Row Tag="LOC_ABILITY_ALIENS_HEAL_MOVE_NAME">
      <Text>Ksenolojik Rejenerasyon</Text>
    </Row>
    <Row Tag="LOC_ABILITY_ALIENS_HEAL_MOVE_DESCRIPTION">
      <Text>Birim, su veya serpinti dışında her turda iyileşir. Standart oranın %50'si oranında iyileştirir.</Text>
    </Row>
    <Row Tag="LOC_ABILITY_ALIENS_HEAL_MOVE_UNITPANEL_DESCRIPTION">
      <Text>Su veya serpinti dışında her tur iyileştirir. Standart oranın %50'si oranında iyileştirir.</Text>
    </Row>
    <Row Tag="LOC_ABILITY_ALIENS_XENO_STEALTH_NAME">
      <Text>Ksenolojik Kamuflaj</Text>
    </Row>
    <Row Tag="LOC_ABILITY_ALIENS_XENO_STEALTH_DESCRIPTION">
      <Text>Bitişik olmadıkça düşman birimlerine görünmez.</Text>
    </Row>
    <Row Tag="LOC_ABILITY_CULTISTS_UNIT_SIGHT_NAME">
      <Text>Sonu Gözlemlemek</Text>
    </Row>
    <Row Tag="LOC_ABILITY_CULTISTS_UNIT_SIGHT_DESCRIPTION">
      <Text>+3 görüş.</Text>
    </Row>
    <Row Tag="LOC_ABILITY_UNIT_BASE_WMD_RESISTANCE_NAME">
      <Text>Felakete alışkın</Text>
    </Row>
    <Row Tag="LOC_ABILITY_UNIT_BASE_WMD_RESISTANCE_DESCRIPTION">
      <Text>WMD'lere anında ölmek yerine 50 HP kaybeder.</Text>
    </Row>
    <Row Tag="LOC_ABILITY_ABILITY_WMD_STRIKE_NAME">
      <Text>KİS Fırlatma Kapasitesi</Text>
    </Row>
    <Row Tag="LOC_ABILITY_WMD_STRIKE_DESCRIPTION">
      <Text>Kitle imha silahlarını fırlatabilir.</Text>
    </Row>
    <Row Tag="LOC_ABILITY_PIRATES_IGNORE_EMBARK_DISEMBARK_COST_DESCRIPTION">
      <Text>Gemiye binme ve gemiden inmeden kaynaklanan ek [ICON_Movement] Hareket maliyetini yok sayar.</Text>
    </Row>
    <Row Tag="LOC_ABILITY_MAD_SCIENTISTS_UNIT_SHIELD_NAME">
      <Text>Savunma Amaçlı Atalet Kalkanı</Text>
    </Row>
    <Row Tag="LOC_ABILITY_MAD_SCIENTISTS_UNIT_SHIELD_DESCRIPTION">
      <Text>Savunma yaparken +10 [ICON_Strength] Savaş Gücü. Su, Kızıl Ölüm ve WMD hasarına karşı tamamen bağışıktır.</Text>
    </Row>
    <Row Tag="LOC_ABILITY_CRIPPLED_GDR_NO_HEAL_NAME">
      <Text>Yedek Parça Yok</Text>
    </Row>
    <Row Tag="LOC_ABILITY_CRIPPLED_GDR_NO_HEAL_DESCRIPTION">
      <Text>Birim tur başına iyileşmez.</Text>
    </Row>
    <Row Tag="LOC_ABILITY_ZOMBIES_NO_HEAL_NAME">
      <Text>Zombi Çürümesi</Text>
    </Row>
    <Row Tag="LOC_ABILITY_ZOMBIES_NO_HEAL_DESCRIPTION">
      <Text>Her turda çürüme hasarı alır ve sadece terfilerle ya da zombi olmayan birimleri öldürerek iyileşir.</Text>
    </Row>
    <Row Tag="LOC_ABILITY_ZOMBIES_COMBAT_SPAWN_NAME">
      <Text>Zombi Savaş Yumurtası</Text>
    </Row>
    <Row Tag="LOC_ABILITY_ZOMBIES_COMBAT_SPAWN_DESCRIPTION">
      <Text>Zombi olmayan bir birim öldürüldüğünde bir zombi sürüsü ortaya çıkar.</Text>
    </Row>
    <Row Tag="LOC_ABILITY_ZOMBIES_RANGED_RESISTANCE_NAME">
      <Text>Acı Yok</Text>
    </Row>
    <Row Tag="LOC_ABILITY_ZOMBIES_RANGED_RESISTANCE_DESCRIPTION">
      <Text>Menzilli saldırılara karşı savunma yaparken +5 [ICON_Strength] Savaş Gücü.</Text>
    </Row>
    <Row Tag="LOC_MUTANTS_SPREAD_FALLOUT_IMMUNE_NAME">
      <Text>Mutant Yayılımı Serpinti Bağışıklığı</Text>
    </Row>
    <Row Tag="LOC_MUTANTS_SPREAD_FALLOUT_IMMUNE_DESCRIPTION">
      <Text>Mutant yayılımı Kızıl Ölüm'ün hasarına karşı bağışıktır.</Text>
    </Row>
    <Row Tag="LOC_MUTANTS_FALLOUT_SPEED_NAME">
      <Text>Radyoaktif Hareket</Text>
    </Row>
    <Row Tag="LOC_MUTANTS_FALLOUT_SPEED_DESCRIPTION">
      <Text>+3 [ICON_Movement] Kızıl Ölüm Hareketi.</Text>
    </Row>
    <Row Tag="LOC_MUTANTS_FALLOUT_RESISTANCE_NAME">
      <Text>Radyoaktif Direnç</Text>
    </Row>
    <Row Tag="LOC_MUTANTS_FALLOUT_RESISTANCE_DESCRIPTION">
      <Text>-%50 Kızıl Ölüm hasarı.</Text>
    </Row>
    <Row Tag="LOC_MAD_SCIENTISTS_UNIT_SHIELD_MODIFIER">
      <Text>+{1_Amount} Ataletsel Kalkanlama</Text>
    </Row>
    <Row Tag="LOC_BORDERLORD_EDGENESS_COMBAT_BONUS_MODIFIER">
      <Text>+{1_Amount} Kenarlık</Text>
    </Row>
    <Row Tag="LOC_ZOMBIES_DEFENSE_BONUS_VS_RANGED_COMBAT_MODIFIER">
      <Text>+{1_Amount} Zombi Menzilli Direnci</Text>
    </Row>
    <Row Tag="LOC_SHIELDS_DEPLETED">
      <Text>Kalkanlar Tükendi</Text>
    </Row>
    <Row Tag="LOC_UNIT_SHIELD_TT">
      <Text>Savunma Amaçlı Atalet Kalkanı[NEWLINE][NEWLINE]Savunma sırasında +10 [ICON_Strength] Savaş Gücü sağlayan Savunma Amaçlı Atalet Kalkanı. Kalkan ayrıca su, Kızıl Ölüm ve WMD patlama hasarına karşı tam bağışıklık sağlar. Savunmacı Atalet Kalkanı 4 tur sürer ve yeniden şarj olması 6 tur alır.</Text>
    </Row>
    <Row Tag="LOC_UNIT_SHIELD_ACTIVE_TT">
      <Text>Kalkan Aktif. Kalan Dönüşler: {1_turnsRemaining}</Text>
    </Row>
    <Row Tag="LOC_UNIT_SHIELD_ACTIVE_WORLDTEXT">
      <Text>Kalkanlar yukarı!</Text>
    </Row>
    <Row Tag="LOC_UNIT_SHIELD_RECHARGING_TT">
      <Text>Kalkan Şarj Ediliyor. Kalan Dönüşler: {1_turnsRemaining}</Text>
    </Row>
    <Row Tag="LOC_ROAD_VISION_NAME">
      <Text>Yol Vizyonu</Text>
    </Row>
    <Row Tag="LOC_ROAD_VISION_TT">
      <Text>Yol Görüşü[NEWLINE][NEWLINE]Daha önce keşfedilen tüm bölgeleri ortaya çıkarır.</Text>
    </Row>
    <Row Tag="LOC_ROAD_VISION_ACTIVE_TT">
      <Text>Yol Görüşü Aktif. Kalan Dönüşler: {1_turnsRemaining}</Text>
    </Row>
    <Row Tag="LOC_ROAD_VISION_ACTIVE_WORLDTEXT">
      <Text>Bunu hatırlıyorum!</Text>
    </Row>
    <Row Tag="LOC_ROAD_VISION_RECHARGING_TT">
      <Text>Yol Görüşü Şarj Ediliyor. Kalan Dönüşler: {1_turnsRemaining}</Text>
    </Row>
    <Row Tag="LOC_PLACE_TRAP_TT">
      <Text>Doğaçlama Tuzak Kur[NEWLINE][NEWLINE]Geçerli hex'e bir Doğaçlama Tuzak yerleştirin.</Text>
    </Row>
    <Row Tag="LOC_PLACE_TRAP_OUT_OF_TRAPS_TT">
      <Text>Tuzakların dışında.</Text>
    </Row>
    <Row Tag="LOC_PLACE_TRAP_FAILED_WORLDTEXT">
      <Text>Tuzak Buraya Yerleştirilemiyor</Text>
    </Row>
    <Row Tag="LOC_UNIT_PANEL_TRAPS">
      <Text>Tuzaklar</Text>
    </Row>
    <Row Tag="LOC_GRIEVING_GIFT_NAME">
      <Text>Kederli Hediye Gönder</Text>
    </Row>
    <Row Tag="LOC_GRIEVING_GIFT_TT">
      <Text>Kederli Hediye Gönder[NEWLINE][NEWLINE]Bir sonraki turda bubi tuzaklı bir Kederli Hediye konuşlandırmak için bir altıgen seçin. Yas Hediyesi diğer tüm oyunculara normal bir Erzak Düşüşü gibi görünecektir. En fazla iki Yas Hediyesi depolayabilirsiniz ve yeniden şarj olmaları 5 tur sürer.</Text>
    </Row>
    <Row Tag="LOC_GRIEVING_GIFT_ACTIVE_WORLDTEXT">
      <Text>Buraya Hediye Yerleştirilemiyor</Text>
    </Row>
    <Row Tag="LOC_GRIEVING_GIFT_COUNT_TT">
      <Text>Hazır Hediyeler: {1_giftCount}</Text>
    </Row>
    <Row Tag="LOC_GRIEVING_GIFT_RECHARGING_TT">
      <Text>Yeni Hediyeler Paketleniyor. Kalan Dönüşler: {1_turnsRemaining}</Text>
    </Row>
    <Row Tag="LOC_GRIEVING_GIFT_EMPTY_TT">
      <Text>Kederli Hediyelerin Dışında.</Text>
    </Row>
    <Row Tag="LOC_UNIT_CLOAK_TT">
      <Text>Ksenolojik Kamuflaj[NEWLINE][NEWLINE]Çoğunlukla görünmez olun.</Text>
    </Row>
    <Row Tag="LOC_UNIT_CLOAK_ACTIVE_TT">
      <Text>Pelerin Aktif. Kalan Dönüşler: {1_turnsRemaining}</Text>
    </Row>
    <Row Tag="LOC_UNIT_CLOAK_RECHARGING_TT">
      <Text>Pelerin Şarj Ediliyor. Kalan Dönüşler: {1_turnsRemaining}</Text>
    </Row>
    <Row Tag="LOC_BURN_TREASURE_MAP_NAME">
      <Text>Yanık Hazine Haritası</Text>
    </Row>
    <Row Tag="LOC_BURN_TREASURE_MAP_TT">
      <Text>Hazine Haritasını Yak[NEWLINE][NEWLINE]Gömülü hazine haritanı yak ve yeni bir tane al.[NEWLINE] "Artık hazinemi asla bulamayacaklar!"</Text>
    </Row>
    <Row Tag="LOC_BURN_TREASURE_MAP_ACTIVE_WORLDTEXT">
      <Text>Yanıyor!</Text>
    </Row>
    <Row Tag="LOC_BURN_TREASURE_MAP_RECHARGING_TT">
      <Text>Yanık Hazine Haritası Şarj Ediliyor. Kalan Dönüşler: {1_turnsRemaining}</Text>
    </Row>
    <Row Tag="LOC_UNIT_SACRIFICE_TT">
      <Text>Birimi Feda Et[NEWLINE][NEWLINE]Ölümsüz Göz'e bir terfi vermek için bu birimi feda et.</Text>
    </Row>
    <Row Tag="LOC_UNIT_SACRIFICE_TT_B">
      <Text>Birimi Feda Et[NEWLINE][NEWLINE]Bu birimi {1_UnitName}'e bir terfi vermek için feda et.</Text>
    </Row>
    <Row Tag="LOC_UNIT_SACRIFICE_TT_C">
      <Text>Walk the Plank[NEWLINE][NEWLINE]GDRRRrrrr'ın mürettebatını eğlendirmek ve ona bir terfi vermek için bu birimi yok edin.</Text>
    </Row>
    <Row Tag="LOC_UNIT_SACRIFICE_WORLDTEXT">
      <Text>Hizmet etmek için ölürüm!</Text>
    </Row>
    <Row Tag="LOC_UNIT_SACRIFICE_WORLDTEXT_PIRATE">
      <Text>Arr! Derinlerin tanrılarına bir lütuf!</Text>
    </Row>
    <Row Tag="LOC_UNIT_SACRIFICE_NOT_ADJACENT_TT">
      <Text>Ölümsüz Göz yalnızca komşu altıgenlerden gelen kurbanları kabul eder.</Text>
    </Row>
    <Row Tag="LOC_UNIT_SACRIFICE_NOT_ADJACENT_TT_B">
      <Text>{1_UnitName} sadece komşu altıgenlerden gelen fedakarlıkları kabul eder.</Text>
    </Row>
    <Row Tag="LOC_UNIT_SACRIFICE_NOT_ADJACENT_TT_C">
      <Text>Birimleri sadece GDRRRrrrr'a bitişikken tahta üzerinde yürütebilirsiniz.</Text>
    </Row>
    <Row Tag="LOC_UNIT_SACRIFICE_MAX_PROMOTIONS_TT">
      <Text>Ölmeyen Göz tamamen ortaya çıktı ve artık kurban gerektirmiyor.</Text>
    </Row>
    <Row Tag="LOC_UNIT_SACRIFICE_MAX_PROMOTIONS_TT_B">
      <Text>{1_UnitName} tamamen tezahür etmiştir ve artık kurbanlara ihtiyaç duymamaktadır.</Text>
    </Row>
    <Row Tag="LOC_UNIT_SACRIFICE_MAX_PROMOTIONS_TT_C">
      <Text>GDRRRrrrr'ın mürettebatı, birimlerin tahtada yürümesini izlemekten sıkıldı.</Text>
    </Row>
    <Row Tag="LOC_UNIT_RAD_SPREAD_TT">
      <Text>Işıldayan Kişilikleri Değiştir[NEWLINE][NEWLINE]Bu birimin hareket ederken Kızıl Ölüm radyasyonu yayma özelliğini değiştir.</Text>
    </Row>
    <!-- Terrain Replacements -->
    <Row Tag="LOC_CIVROYALE_TERRAIN_WASTELAND_NAME">
      <Text>Çorak Topraklar</Text>
    </Row>
    <Row Tag="LOC_CIVROYALE_TERRAIN_WASTELAND_HILLS_NAME">
      <Text>Çorak Topraklar (Tepeler)</Text>
    </Row>
    <Row Tag="LOC_CIVROYALE_TERRAIN_WASTELAND_MOUNTAIN_NAME">
      <Text>Çorak Toprak (Dağ)</Text>
    </Row>
    <Row Tag="LOC_TERRAIN_DESERT_NAME">
      <Text>Çöl</Text>
    </Row>
    <Row Tag="LOC_TERRAIN_DESERT_HILLS_NAME">
      <Text>Çöl (Tepeler)</Text>
    </Row>
    <Row Tag="LOC_TERRAIN_DESERT_MOUNTAIN_NAME">
      <Text>Çöl (Dağ)</Text>
    </Row>
    <Row Tag="LOC_TERRAIN_GRASS_NAME">
      <Text>Otlak</Text>
    </Row>
    <Row Tag="LOC_TERRAIN_GRASS_HILLS_NAME">
      <Text>Otlak (Tepeler)</Text>
    </Row>
    <Row Tag="LOC_TERRAIN_GRASS_MOUNTAIN_NAME">
      <Text>Otlak (Dağ)</Text>
    </Row>
    <Row Tag="LOC_TERRAIN_OCEAN_NAME">
      <Text>Okyanus</Text>
    </Row>
    <Row Tag="LOC_TOOLTIP_LAKE">
      <Text>Göl</Text>
    </Row>
    <Row Tag="LOC_TOOLTIP_COAST">
      <Text>Sahil</Text>
    </Row>
    <Row Tag="LOC_TERRAIN_PLAINS_NAME">
      <Text>Ovalar</Text>
    </Row>
    <Row Tag="LOC_TERRAIN_PLAINS_HILLS_NAME">
      <Text>Ovalar (Tepeler)</Text>
    </Row>
    <Row Tag="LOC_TERRAIN_PLAINS_MOUNTAIN_NAME">
      <Text>Ovalar (Dağ)</Text>
    </Row>
    <Row Tag="LOC_TERRAIN_SNOW_NAME">
      <Text>Kar</Text>
    </Row>
    <Row Tag="LOC_TERRAIN_SNOW_HILLS_NAME">
      <Text>Kar (Tepeler)</Text>
    </Row>
    <Row Tag="LOC_TERRAIN_SNOW_MOUNTAIN_NAME">
      <Text>Kar (Dağ)</Text>
    </Row>
    <Row Tag="LOC_TERRAIN_TUNDRA_NAME">
      <Text>Tundra</Text>
    </Row>
    <Row Tag="LOC_TERRAIN_TUNDRA_HILLS_NAME">
      <Text>Tundra (Tepeler)</Text>
    </Row>
    <Row Tag="LOC_TERRAIN_TUNDRA_MOUNTAIN_NAME">
      <Text>Tundra (Dağ)</Text>
    </Row>
    <Row Tag="LOC_FEATURE_ICE_NAME">
      <Text>Buz</Text>
    </Row>
    <Row Tag="LOC_FEATURE_MARSH_NAME">
      <Text>Marsh</Text>
    </Row>
    <!-- Unit Replacements -->
    <Row Tag="LOC_UNIT_SETTLER_NAME">
      <Text>Yerleşimci</Text>
    </Row>
    <!-- Barbarian Replacements -->
    <Row Tag="LOC_IMPROVEMENT_BARBARIAN_CAMP_NAME">
      <Text>Barbar Karakolu</Text>
    </Row>
    <Row Tag="LOC_CIVILIZATION_BARBARIAN_NAME">
      <Text>Barbarlar</Text>
    </Row>
    <Row Tag="LOC_CIVILIZATION_BARBARIAN_DESCRIPTION">
      <Text>Barbarlar</Text>
      <Plurality>2</Plurality>
    </Row>
    <Row Tag="LOC_NOTIFICATION_NEW_BARBARIAN_CAMP_MESSAGE">
      <Text>Yeni Barbar Karakolu</Text>
    </Row>
    <Row Tag="LOC_NOTIFICATION_NEW_BARBARIAN_CAMP_SUMMARY">
      <Text>Yeni bir Barbar kabilesinin yakın bir bölgeye taşındığına dair söylentiler aldık.</Text>
    </Row>
    <!-- Overlays -->
    <Row Tag="LOC_EDGELORD_COMBAT_BONUS_OVERLAY_TT">
      <Text>Edgelord Savaş Bonus Bölgesi</Text>
    </Row>
    <!-- Zombie Combat Unit -->
    <Row Tag="LOC_UNIT_ZOMBIE_NAME">
      <Text>Zombi Sürüsü</Text>
    </Row>
    <Row Tag="LOC_UNIT_ZOMBIE_DESCRIPTION">
      <Text>Zar zor silahlandırılmış zombi sürüsü</Text>
    </Row>
    <!-- Crippled GDR -->
    <Row Tag="LOC_UNIT_CRIPPLED_GDR_NAME">
      <Text>Sakat Doğu Almanya</Text>
    </Row>
    <Row Tag="LOC_UNIT_CRIPPLED_GDR_DESCRIPTION">
      <Text>Bu Dev Ölüm Robotu daha iyi günler gördü. Asla eskisi gibi olmayacak ama hâlâ hesaba katılması gereken bir güç.</Text>
    </Row>
    <!-- Faction Specific Unit Naming -->
    <Row Tag="LOC_UNIT_UNDYING_EYE_NAME">
      <Text>Ölümsüz Göz</Text>
    </Row>
    <Row Tag="LOC_UNIT_PIRATE_TREASURE_TANK_NAME">
      <Text>Hazine Tankı</Text>
    </Row>
    <Row Tag="LOC_UNIT_PIRATE_TREASURE_CRIPPLED_GDR_NAME">
      <Text>GDRRRrrrr</Text>
    </Row>
    <Row Tag="LOC_UNIT_PIRATE_TREASURE_INFANTRY_NAME">
      <Text>Landlubber</Text>
    </Row>
    <!-- Combat Modifier Strings -->
    <Row Tag="LOC_TRAIT_JOCKS_COMBAT_BONUS_DESC">
      <Text>+{1_Amount} Mükemmelliğe Tanık Olun</Text>
    </Row>
    <!-- WMDs -->
    <Row Tag="LOC_WMD_HAIL_MARY_NAME">
      <Text>Hail Mary</Text>
    </Row>
    <Row Tag="LOC_WMD_HAIL_MARY_DISABLED_COOLDOWN">
      <Text>[COLOR:Red]{1_turns} bir sonraki Hail Mary savaş başlığına kadar döner.[ENDCOLOR]</Text>
    </Row>
    <!-- Treasure Locations -->
    <Row Tag="LOC_TREASURE_UNIT_INFANTRY_RECRUITED">
      <Text>Yeni elemanlar bulduk!</Text>
    </Row>
    <Row Tag="LOC_TREASURE_UNIT_TANK_RECRUITED">
      <Text>Bu bir tank!</Text>
    </Row>
    <Row Tag="LOC_TREASURE_UNIT_CRIPPLED_GDR_RECRUITED">
      <Text>GDRRRRrrrr!</Text>
    </Row>
    <!-- UFO Unit Names -->
    <Row Tag="LOC_UFO_UNIT_NAME1">
      <Text>"Bataklık Gazı"</Text>
    </Row>
    <Row Tag="LOC_UFO_UNIT_NAME2">
      <Text>"Nadir Bulutlar"</Text>
    </Row>
    <Row Tag="LOC_UFO_UNIT_NAME3">
      <Text>"Sarhoş Tanık"</Text>
    </Row>
    <Row Tag="LOC_UFO_UNIT_NAME4">
      <Text>"Uyku İlaçları"</Text>
    </Row>
    <Row Tag="LOC_UFO_UNIT_NAME5">
      <Text>"İzi Sürülmemiş Göktaşı"</Text>
    </Row>
    <Row Tag="LOC_UFO_UNIT_NAME6">
      <Text>"Gizli Silah Testi"</Text>
    </Row>
  </EnglishText>
</GameData>