﻿<?xml version="1.0" encoding="utf-8"?>
<!-- edited with XMLSPY v2004 rel. 2 U (http://www.xmlspy.com) by Scott Lewis (Firaxis Games) -->
<GameData>
  <Language_en_US>
    <Row Tag="TXT_KEY_SPY_NAME_DENMARK_0">
      <Text>Jørgen</Text>
    </Row>
    <Row Tag="TXT_KEY_SPY_NAME_DENMARK_1">
      <Text>Mette feminen</Text>
      <Gender>feminine</Gender>
    </Row>
    <Row Tag="TXT_KEY_SPY_NAME_DENMARK_2">
      <Text>Henrik</Text>
    </Row>
    <Row Tag="TXT_KEY_SPY_NAME_DENMARK_3">
      <Text>Niels</Text>
    </Row>
    <Row Tag="TXT_KEY_SPY_NAME_DENMARK_4">
      <Text>Helle kadinsi</Text>
      <Gender>feminine</Gender>
    </Row>
    <Row Tag="TXT_KEY_SPY_NAME_DENMARK_5">
      <Text>Frederik</Text>
    </Row>
    <Row Tag="TXT_KEY_SPY_NAME_DENMARK_6">
      <Text>Ida feminen</Text>
      <Gender>feminine</Gender>
    </Row>
    <Row Tag="TXT_KEY_SPY_NAME_DENMARK_7">
      <Text>Thea kadinsi</Text>
      <Gender>feminine</Gender>
    </Row>
    <Row Tag="TXT_KEY_SPY_NAME_DENMARK_8">
      <Text>Freja kadinsi</Text>
      <Gender>feminine</Gender>
    </Row>
    <Row Tag="TXT_KEY_SPY_NAME_DENMARK_9">
      <Text>Morten</Text>
    </Row>
  </Language_en_US>
</GameData>