﻿<?xml version="1.0" encoding="utf-8"?>
<GameData>
  <EnglishText>
    <!--Historic Agendas-->
    <Row Tag="LOC_AGENDA_LADY_SIX_SKY_NAME">
      <Text>Yalnız</Text>
    </Row>
    <Row Tag="LOC_AGENDA_LADY_SIX_SKY_DESCRIPTION">
      <Text>Başkentinin yakınına yerleşir. Uzakta yerleşen uygarlıkları sever. Maya topraklarına tecavüz eden uygarlıklardan hoşlanmaz.</Text>
    </Row>
    <Row Tag="LOC_AGENDA_SIMON_BOLIVAR_NAME">
      <Text>Carabobo</Text>
    </Row>
    <Row Tag="LOC_AGENDA_SIMON_BOLIVAR_DESCRIPTION">
      <Text>Yüksek terfili birimlere sahip uygarlıkları sever. Az sayıda yüksek terfili birimi olan uygarlıkları sevmez.</Text>
    </Row>
    <!--City-States-->
    <Row Tag="LOC_CIVILIZATION_CAGUANA_NAME">
      <Text>Caguana</Text>
    </Row>
    <Row Tag="LOC_CIVILIZATION_CAGUANA_DESCRIPTION">
      <Text>Caguana şehir devleti</Text>
    </Row>
    <Row Tag="LOC_CIVILIZATION_CAGUANA_ADJECTIVE">
      <Text>Caguana</Text>
    </Row>
    <Row Tag="LOC_LEADER_TRAIT_CAGUANA_NAME">
      <Text>Caguana Suzerain Bonus</Text>
    </Row>
    <Row Tag="LOC_LEADER_TRAIT_CAGUANA_DESCRIPTION">
      <Text>İnşaatçılarınız artık Batey iyileştirmeleri yapabilir.[NEWLINE][NEWLINE]+1 [ICON_Culture] Kültür. Her bitişik Bonus kaynak ve Eğlence Kompleksi için +1 [ICON_Culture] Kültür (Keşif keşfedildiğinde +2 [Icon_Culture] Kültüre çıkar). Uçuş araştırıldıktan sonra [Icon_Tourism] Turizm sağlar. Başka bir Batey'e bitişik inşa edilemez.</Text>
    </Row>
    <Row Tag="LOC_CIVILIZATION_HUNZA_NAME">
      <Text>Hunza</Text>
    </Row>
    <Row Tag="LOC_CIVILIZATION_HUNZA_DESCRIPTION">
      <Text>Hunza şehir devleti</Text>
    </Row>
    <Row Tag="LOC_CIVILIZATION_HUNZA_ADJECTIVE">
      <Text>Hunza</Text>
    </Row>
    <Row Tag="LOC_LEADER_TRAIT_HUNZA_NAME">
      <Text>Hunza Suzerain Bonus</Text>
    </Row>
    <Row Tag="LOC_LEADER_TRAIT_HUNZA_DESCRIPTION">
      <Text>[ICON_TradeRoute] Ticaret Yollarınız kat ettikleri her 5 karo için +1 [ICON_Gold] Altın üretir.</Text>
    </Row>
    <Row Tag="LOC_CIVILIZATION_LAHORE_NAME">
      <Text>Lahor</Text>
    </Row>
    <Row Tag="LOC_CIVILIZATION_LAHORE_DESCRIPTION">
      <Text>Lahor şehir devleti</Text>
    </Row>
    <Row Tag="LOC_CIVILIZATION_LAHORE_ADJECTIVE">
      <Text>Lahori</Text>
    </Row>
    <Row Tag="LOC_LEADER_TRAIT_LAHORE_NAME">
      <Text>Lahore Suzerain Bonus</Text>
    </Row>
    <Row Tag="LOC_LEADER_TRAIT_LAHORE_DESCRIPTION">
      <Text>Şehirleriniz artık Nihang birimlerini eğitebilir. [NEWLINE] [NEWLINE] [ICON_Faith] İnanç ile satın alınabilen benzersiz bir Terfi ağacına sahip bir birim. [ICON_Strength] Kışla, Cephanelik ve Askeri Akademi binaları ilk inşa edildiğinde Savaş Gücü artar.</Text>
    </Row>
    <Row Tag="LOC_CIVILIZATION_SINGAPORE_NAME">
      <Text>Singapur</Text>
    </Row>
    <Row Tag="LOC_CIVILIZATION_SINGAPORE_DESCRIPTION">
      <Text>Singapur şehir devleti</Text>
    </Row>
    <Row Tag="LOC_CIVILIZATION_SINGAPORE_ADJECTIVE">
      <Text>Singapurlu</Text>
    </Row>
    <Row Tag="LOC_LEADER_TRAIT_SINGAPORE_NAME">
      <Text>Singapur Suzerain Bonusu</Text>
    </Row>
    <Row Tag="LOC_LEADER_TRAIT_SINGAPORE_DESCRIPTION">
      <Text>Şehirleriniz, [ICON_TradeRoute] Ticaret Yoluna sahip oldukları her yabancı uygarlık için +2 [ICON_Production] Üretim alır.</Text>
    </Row>
    <Row Tag="LOC_CIVILIZATION_TARUGA_NAME">
      <Text>Taruga</Text>
    </Row>
    <Row Tag="LOC_CIVILIZATION_TARUGA_DESCRIPTION">
      <Text>Taruga şehir devleti</Text>
    </Row>
    <Row Tag="LOC_CIVILIZATION_TARUGA_ADJECTIVE">
      <Text>Taruga</Text>
    </Row>
    <Row Tag="LOC_LEADER_TRAIT_TARUGA_NAME">
      <Text>Taruga Suzerain Bonus</Text>
    </Row>
    <Row Tag="LOC_LEADER_TRAIT_TARUGA_DESCRIPTION">
      <Text>Sahip oldukları her farklı geliştirilmiş Stratejik kaynak için tüm şehirlerde +%5 [ICON_SCIENCE] Bilim.</Text>
    </Row>
    <Row Tag="LOC_CIVILIZATION_VATICAN_CITY_NAME">
      <Text>Vatikan Şehri</Text>
    </Row>
    <Row Tag="LOC_CIVILIZATION_VATICAN_CITY_DESCRIPTION">
      <Text>Vatikan Şehir Devleti</Text>
    </Row>
    <Row Tag="LOC_CIVILIZATION_VATICAN_CITY_ADJECTIVE">
      <Text>Vatikan</Text>
    </Row>
    <Row Tag="LOC_LEADER_TRAIT_VATICAN_CITY_NAME">
      <Text>Vatikan Şehri Suzerain Bonusu</Text>
    </Row>
    <Row Tag="LOC_LEADER_TRAIT_VATICAN_CITY_DESCRIPTION">
      <Text>Bir [ICON_GreatPerson] Yüce Kişiyi etkinleştirdiğinizde, 10 karo içindeki şehirlere sizin kurduğunuz (veya çoğunluk) dinin 400 Dini baskısını yayarlar.</Text>
    </Row>
    <Row Tag="LOC_TOOLTIP_SAMPLE_DIPLOMACY_SIMON_BOLIVAR">
      <Text>Kendisinden daha fazla terfi almış birimlere sahip uygarlıkları sever</Text>
    </Row>
  </EnglishText>
</GameData>