﻿<?xml version="1.0" encoding="utf-8"?>
<GameData>
  <EnglishText>
    <!--Gran Colombia-->
    <Row Tag="LOC_CITIZEN_GRAN_COLOMBIA_MALE_1">
      <Text>Feliciano</Text>
    </Row>
    <Row Tag="LOC_CITIZEN_GRAN_COLOMBIA_MALE_2">
      <Text>Vicente</Text>
    </Row>
    <Row Tag="LOC_CITIZEN_GRAN_COLOMBIA_MALE_3">
      <Text>Fernando</Text>
    </Row>
    <Row Tag="LOC_CITIZEN_GRAN_COLOMBIA_MALE_4">
      <Text>Francisco</Text>
    </Row>
    <Row Tag="LOC_CITIZEN_GRAN_COLOMBIA_MALE_5">
      <Text>Joaquín</Text>
    </Row>
    <Row Tag="LOC_CITIZEN_GRAN_COLOMBIA_MALE_6">
      <Text>Atanasio</Text>
    </Row>
    <Row Tag="LOC_CITIZEN_GRAN_COLOMBIA_MALE_7">
      <Text>Antonio</Text>
    </Row>
    <Row Tag="LOC_CITIZEN_GRAN_COLOMBIA_MALE_8">
      <Text>Mariano</Text>
    </Row>
    <Row Tag="LOC_CITIZEN_GRAN_COLOMBIA_MALE_9">
      <Text>Onofre</Text>
    </Row>
    <Row Tag="LOC_CITIZEN_GRAN_COLOMBIA_MALE_10">
      <Text>Ramón</Text>
    </Row>
    <Row Tag="LOC_CITIZEN_GRAN_COLOMBIA_FEMALE_1">
      <Text>Josefina</Text>
    </Row>
    <Row Tag="LOC_CITIZEN_GRAN_COLOMBIA_FEMALE_2">
      <Text>Manuela</Text>
    </Row>
    <Row Tag="LOC_CITIZEN_GRAN_COLOMBIA_FEMALE_3">
      <Text>María</Text>
    </Row>
    <Row Tag="LOC_CITIZEN_GRAN_COLOMBIA_FEMALE_4">
      <Text>Nicolasa</Text>
    </Row>
    <Row Tag="LOC_CITIZEN_GRAN_COLOMBIA_FEMALE_5">
      <Text>Bernardina</Text>
    </Row>
    <Row Tag="LOC_CITIZEN_GRAN_COLOMBIA_FEMALE_6">
      <Text>Joaquina</Text>
    </Row>
    <Row Tag="LOC_CITIZEN_GRAN_COLOMBIA_FEMALE_7">
      <Text>Margarita</Text>
    </Row>
    <Row Tag="LOC_CITIZEN_GRAN_COLOMBIA_FEMALE_8">
      <Text>Francisca</Text>
    </Row>
    <Row Tag="LOC_CITIZEN_GRAN_COLOMBIA_FEMALE_9">
      <Text>Pancha</Text>
    </Row>
    <Row Tag="LOC_CITIZEN_GRAN_COLOMBIA_FEMALE_10">
      <Text>Policarpa</Text>
    </Row>
    <Row Tag="LOC_CITIZEN_GRAN_COLOMBIA_MODERN_MALE_1">
      <Text>Diego</Text>
    </Row>
    <Row Tag="LOC_CITIZEN_GRAN_COLOMBIA_MODERN_MALE_2">
      <Text>Luis</Text>
    </Row>
    <Row Tag="LOC_CITIZEN_GRAN_COLOMBIA_MODERN_MALE_3">
      <Text>Tomás</Text>
    </Row>
    <Row Tag="LOC_CITIZEN_GRAN_COLOMBIA_MODERN_MALE_4">
      <Text>Narciso</Text>
    </Row>
    <Row Tag="LOC_CITIZEN_GRAN_COLOMBIA_MODERN_MALE_5">
      <Text>Rafael</Text>
    </Row>
    <Row Tag="LOC_CITIZEN_GRAN_COLOMBIA_MODERN_MALE_6">
      <Text>Jacinto</Text>
    </Row>
    <Row Tag="LOC_CITIZEN_GRAN_COLOMBIA_MODERN_MALE_7">
      <Text>Florentino</Text>
    </Row>
    <Row Tag="LOC_CITIZEN_GRAN_COLOMBIA_MODERN_MALE_8">
      <Text>Manuel</Text>
    </Row>
    <Row Tag="LOC_CITIZEN_GRAN_COLOMBIA_MODERN_MALE_9">
      <Text>Liborio</Text>
    </Row>
    <Row Tag="LOC_CITIZEN_GRAN_COLOMBIA_MODERN_MALE_10">
      <Text>Germán</Text>
    </Row>
    <Row Tag="LOC_CITIZEN_GRAN_COLOMBIA_MODERN_FEMALE_1">
      <Text>Carmen</Text>
    </Row>
    <Row Tag="LOC_CITIZEN_GRAN_COLOMBIA_MODERN_FEMALE_2">
      <Text>Juana</Text>
    </Row>
    <Row Tag="LOC_CITIZEN_GRAN_COLOMBIA_MODERN_FEMALE_3">
      <Text>Ana</Text>
    </Row>
    <Row Tag="LOC_CITIZEN_GRAN_COLOMBIA_MODERN_FEMALE_4">
      <Text>Rosa</Text>
    </Row>
    <Row Tag="LOC_CITIZEN_GRAN_COLOMBIA_MODERN_FEMALE_5">
      <Text>Antonia</Text>
    </Row>
    <Row Tag="LOC_CITIZEN_GRAN_COLOMBIA_MODERN_FEMALE_6">
      <Text>Natalia</Text>
    </Row>
    <Row Tag="LOC_CITIZEN_GRAN_COLOMBIA_MODERN_FEMALE_7">
      <Text>Dolores</Text>
    </Row>
    <Row Tag="LOC_CITIZEN_GRAN_COLOMBIA_MODERN_FEMALE_8">
      <Text>Teresa</Text>
    </Row>
    <Row Tag="LOC_CITIZEN_GRAN_COLOMBIA_MODERN_FEMALE_9">
      <Text>Dominga</Text>
    </Row>
    <Row Tag="LOC_CITIZEN_GRAN_COLOMBIA_MODERN_FEMALE_10">
      <Text>Mercedes</Text>
    </Row>
    <!--Maya-->
    <Row Tag="LOC_CITIZEN_MAYA_MALE_1">
      <Text>Bağlı Taş Jaguar</Text>
    </Row>
    <Row Tag="LOC_CITIZEN_MAYA_MALE_2">
      <Text>Sigara İçen Sincap</Text>
    </Row>
    <Row Tag="LOC_CITIZEN_MAYA_MALE_3">
      <Text>Parşömen Yılan</Text>
    </Row>
    <Row Tag="LOC_CITIZEN_MAYA_MALE_4">
      <Text>Ay Jaguar</Text>
    </Row>
    <Row Tag="LOC_CITIZEN_MAYA_MALE_5">
      <Text>Kalkan Kafatası</Text>
    </Row>
    <Row Tag="LOC_CITIZEN_MAYA_MALE_6">
      <Text>Kaplumbağa Dişi</Text>
    </Row>
    <Row Tag="LOC_CITIZEN_MAYA_MALE_7">
      <Text>Lord Çikolata</Text>
    </Row>
    <Row Tag="LOC_CITIZEN_MAYA_MALE_8">
      <Text>Kuş Pençesi</Text>
    </Row>
    <Row Tag="LOC_CITIZEN_MAYA_MALE_9">
      <Text>Fırtına Gökyüzü</Text>
    </Row>
    <Row Tag="LOC_CITIZEN_MAYA_MALE_10">
      <Text>Beyaz Hilly Gopher</Text>
    </Row>
    <Row Tag="LOC_CITIZEN_MAYA_FEMALE_1">
      <Text>On İki Yavru Macaws</Text>
    </Row>
    <Row Tag="LOC_CITIZEN_MAYA_FEMALE_2">
      <Text>Yıldız Evi</Text>
    </Row>
    <Row Tag="LOC_CITIZEN_MAYA_FEMALE_3">
      <Text>Bayan Beyaz Quetzal</Text>
    </Row>
    <Row Tag="LOC_CITIZEN_MAYA_FEMALE_4">
      <Text>Bebek Jaguar</Text>
    </Row>
    <Row Tag="LOC_CITIZEN_MAYA_FEMALE_5">
      <Text>Lady Skull</Text>
    </Row>
    <Row Tag="LOC_CITIZEN_MAYA_FEMALE_6">
      <Text>Elde kaydırma</Text>
    </Row>
    <Row Tag="LOC_CITIZEN_MAYA_FEMALE_7">
      <Text>Nilüfer El</Text>
    </Row>
    <Row Tag="LOC_CITIZEN_MAYA_FEMALE_8">
      <Text>Eveningstar</Text>
    </Row>
    <Row Tag="LOC_CITIZEN_MAYA_FEMALE_9">
      <Text>Kabuk Yıldızı</Text>
    </Row>
    <Row Tag="LOC_CITIZEN_MAYA_FEMALE_10">
      <Text>Bayan Timsah</Text>
    </Row>
    <Row Tag="LOC_CITIZEN_MAYA_MODERN_MALE_1">
      <Text>Spearthrower Baykuş</Text>
    </Row>
    <Row Tag="LOC_CITIZEN_MAYA_MODERN_MALE_2">
      <Text>Stokes-the-Sky</Text>
    </Row>
    <Row Tag="LOC_CITIZEN_MAYA_MODERN_MALE_3">
      <Text>Onsekiz Tavşan</Text>
    </Row>
    <Row Tag="LOC_CITIZEN_MAYA_MODERN_MALE_4">
      <Text>Cauac Head</Text>
    </Row>
    <Row Tag="LOC_CITIZEN_MAYA_MODERN_MALE_5">
      <Text>Jaguar Duman</Text>
    </Row>
    <Row Tag="LOC_CITIZEN_MAYA_MODERN_MALE_6">
      <Text>Ağaç Dalı Yağmur Tanrısı</Text>
    </Row>
    <Row Tag="LOC_CITIZEN_MAYA_MODERN_MALE_7">
      <Text>Ay Kırkayağı</Text>
    </Row>
    <Row Tag="LOC_CITIZEN_MAYA_MODERN_MALE_8">
      <Text>Sigara İçen Kurbağa</Text>
    </Row>
    <Row Tag="LOC_CITIZEN_MAYA_MODERN_MALE_9">
      <Text>Ay Sıfır Kuşu</Text>
    </Row>
    <Row Tag="LOC_CITIZEN_MAYA_MODERN_MALE_10">
      <Text>Maymun Yıldız</Text>
    </Row>
    <Row Tag="LOC_CITIZEN_MAYA_MODERN_FEMALE_1">
      <Text>Batzek</Text>
    </Row>
    <Row Tag="LOC_CITIZEN_MAYA_MODERN_FEMALE_2">
      <Text>Büyük Çiçek</Text>
    </Row>
    <Row Tag="LOC_CITIZEN_MAYA_MODERN_FEMALE_3">
      <Text>Bayan Yeşil Quetzal</Text>
    </Row>
    <Row Tag="LOC_CITIZEN_MAYA_MODERN_FEMALE_4">
      <Text>Lady Shield</Text>
    </Row>
    <Row Tag="LOC_CITIZEN_MAYA_MODERN_FEMALE_5">
      <Text>Dünya Köpekbalığı</Text>
    </Row>
    <Row Tag="LOC_CITIZEN_MAYA_MODERN_FEMALE_6">
      <Text>Binding-K'inich</Text>
    </Row>
    <Row Tag="LOC_CITIZEN_MAYA_MODERN_FEMALE_7">
      <Text>Rüzgarın Kalbi Yeri</Text>
    </Row>
    <Row Tag="LOC_CITIZEN_MAYA_MODERN_FEMALE_8">
      <Text>Yohl Ik'nal</Text>
    </Row>
    <Row Tag="LOC_CITIZEN_MAYA_MODERN_FEMALE_9">
      <Text>Kuş Jaguar</Text>
    </Row>
    <Row Tag="LOC_CITIZEN_MAYA_MODERN_FEMALE_10">
      <Text>Tam Çiçek</Text>
    </Row>
  </EnglishText>
</GameData>