﻿<?xml version="1.0" encoding="utf-8"?>
<!-- edited with XMLSPY v2004 rel. 2 U (http://www.xmlspy.com) by Ed Beach (Firaxis Games) -->
<GameData>
  <EnglishText>
    <Row Tag="LOC_RANDOM_EVENT_METEOR_SHOWER_NAME">
      <Text>Meteor Yağmuru</Text>
    </Row>
    <Row Tag="LOC_RANDOM_EVENT_METEOR_SHOWER_DESCRIPTION">
      <Text>Gökyüzünden enkaz yağıyor.  Güçlü bir birim kazanmak için kalıntıları toplayın.</Text>
    </Row>
    <Row Tag="LOC_RANDOM_EVENT_COMET_STRIKE_NAME">
      <Text>Kuyruklu Yıldız Saldırısı</Text>
    </Row>
    <Row Tag="LOC_RANDOM_EVENT_COMET_STRIKE_DESCRIPTION">
      <Text>Asteroitler gezegene çarpıyor.</Text>
    </Row>
    <Row Tag="LOC_RANDOM_EVENT_FOREST_FIRE_NAME">
      <Text>Orman Yangını</Text>
    </Row>
    <Row Tag="LOC_RANDOM_EVENT_FOREST_FIRE_DESCRIPTION">
      <Text>Ağaçlar tutuşur ve durdurulamaz bir yangın yaratarak tüm araziyi sarar.  Bunu sadece sen önleyebilirdin.</Text>
    </Row>
    <Row Tag="LOC_RANDOM_EVENT_SOLAR_FLARE_NAME">
      <Text>Güneş Patlaması</Text>
    </Row>
    <Row Tag="LOC_RANDOM_EVENT_SOLAR_FLARE_DESCRIPTION">
      <Text>Bir güneş radyasyonu patlaması atmosferi aydınlatarak ileri teknolojiyi devre dışı bırakır.</Text>
    </Row>
    <!--Random Event Effect Strings-->
    <Row Tag="LOC_RANDOM_EVENT_COMET_STRIKE_EFFECT_DESCRIPTION">
      <Text>- Arkasında bir etki alanı bırakarak, şehir merkezleri de dahil olmak üzere üzerine düştüğü her şeyi yok eder</Text>
    </Row>
    <Row Tag="LOC_RANDOM_EVENT_SOLAR_FLARE_EFFECT_DESCRIPTION">
      <Text>- Gelişmiş birimlere ve iyileştirmelere, [ICON_POWER] Güçle ilgili binalara, Kampüs Bölgelerine, Sanayi Bölgesi Bölgelerine ve Uzay Limanı Bölgelerine zarar verebilir.</Text>
    </Row>
    <Row Tag="LOC_RANDOM_EVENT_FIRE_EFFECT_DESCRIPTION">
      <Text>+ Ormanın daha iyi verimle yeniden büyümesine neden olur [NEWLINE]- Birimlere ve iyileştirmelere zarar verir</Text>
    </Row>
    <Row Tag="LOC_RANDOM_EVENT_METEOR_SHOWER_EFFECT_DESCRIPTION">
      <Text>+ Oyuncuların kareye herhangi bir birim getirerek toplayabilecekleri bir iyileştirme yerleştirir.  Bunu yapmak gelişmiş bir birim kazandırır</Text>
    </Row>
  </EnglishText>
</GameData>