﻿<?xml version="1.0" encoding="utf-8"?>
<GameData>
  <EnglishText>
    <!-- Lady Six Sky-->
    <Row Tag="LOC_DIPLO_ACCEPT_DECLARE_FRIEND_FROM_HUMAN_LEADER_LADY_SIX_SKY_ANY">
      <Text>Hizalandık.</Text>
    </Row>
    <Row Tag="LOC_DIPLO_REJECT_DECLARE_FRIEND_FROM_HUMAN_LEADER_LADY_SIX_SKY_ANY">
      <Text>Yıldızlar doğru değil.</Text>
    </Row>
    <Row Tag="LOC_DIPLO_DECLARE_FRIEND_FROM_AI_LEADER_LADY_SIX_SKY_ANY">
      <Text>Savaş Yılanı gökyüzünde azalıyor ve iyi duygular yükseliyor. Arkadaş olabilir miyiz?</Text>
    </Row>
    <Row Tag="LOC_DIPLO_ACCEPT_DECLARE_FRIEND_FROM_AI_LEADER_LADY_SIX_SKY_ANY">
      <Text>Gökyüzünde birlikte parlıyoruz, sen ve ben.</Text>
    </Row>
    <Row Tag="LOC_DIPLO_REJECT_DECLARE_FRIEND_FROM_AI_LEADER_LADY_SIX_SKY_ANY">
      <Text>Seni yanlış değerlendirmiş olmalıyım.</Text>
    </Row>
    <Row Tag="LOC_DIPLO_DECLARE_WAR_FROM_HUMAN_LEADER_LADY_SIX_SKY_ANY">
      <Text>Daha fazla iktidarda kalmanıza izin vermeyeceğim. Beni çok uzun zamandır rahatsız ediyorsun!</Text>
    </Row>
    <Row Tag="LOC_DIPLO_DECLARE_WAR_FROM_AI_LEADER_LADY_SIX_SKY_ANY">
      <Text>Hükümdarlığa layık değilsiniz. Kentlerinizi ve halkınızı alıp sizin için yöneteceğim.</Text>
    </Row>
    <Row Tag="LOC_DIPLO_ACCEPT_DELEGATION_FROM_HUMAN_LEADER_LADY_SIX_SKY_ANY">
      <Text>Heyetinizin başkentimizi ziyaret etmesine izin verildi. Kimsenin Savaş Yılanı'nın büyük sunağına zorla götürülmeyeceğine söz veriyorum.</Text>
    </Row>
    <Row Tag="LOC_DIPLO_REJECT_DELEGATION_FROM_HUMAN_LEADER_LADY_SIX_SKY_ANY">
      <Text>Heyetiniz istenmiyor. Belki bir kurban olarak?</Text>
    </Row>
    <Row Tag="LOC_DIPLO_DELEGATION_FROM_AI_LEADER_LADY_SIX_SKY_ANY">
      <Text>Elçilerim size acı biber ve balla öğütülmüş içme çikolatası getirdiler. Onları içeri alır mısınız?</Text>
    </Row>
    <Row Tag="LOC_DIPLO_DENOUNCE_FROM_HUMAN_LEADER_LADY_SIX_SKY_ANY">
      <Text>Jaguarlar geceleyin senin için gelecek ve kimse ölümünün yasını tutmayacak!</Text>
    </Row>
    <Row Tag="LOC_DIPLO_DENOUNCE_FROM_AI_LEADER_LADY_SIX_SKY_ANY">
      <Text>Öğütlerimi sabırla söyledim ama siz dikkate almadınız. Şimdi öfke ve hayal kırıklığı içinde konuşuyorum. (Seni kınıyor).</Text>
    </Row>
    <Row Tag="LOC_DIPLO_FIRST_MEET_LEADER_LADY_SIX_SKY_ANY">
      <Text>Leydi Altı Gökyüzü'nün huzurundasınız, rahibe ve savaşçı, Maya kraliçesi. Selamlar.</Text>
    </Row>
    <Row Tag="LOC_DIPLO_FIRST_MEET_VISIT_RECIPIENT_LEADER_LADY_SIX_SKY_ANY">
      <Text>Top sahasında en iyi iki takımımız arasında bir maç yapıyoruz. Kazananlar için tapınak meydanında bir festival düzenledik. Kaybedenler için de sunağın tepesinde düzenlemeler yaptık. Gelip bizimle kutlar mısınız?</Text>
    </Row>
    <Row Tag="LOC_DIPLO_FIRST_MEET_NEAR_INITIATOR_POSITIVE_LEADER_LADY_SIX_SKY_ANY">
      <Text>Evet.</Text>
    </Row>
    <Row Tag="LOC_DIPLO_FIRST_MEET_NO_MANS_INFO_EXCHANGE_LEADER_LADY_SIX_SKY_ANY">
      <Text>Evlerimiz hakkında bilgi alışverişinde bulunalım.</Text>
    </Row>
    <Row Tag="LOC_DIPLO_GREETING_LEADER_LADY_SIX_SKY_ANY">
      <Text>Seni bana getiren nedir?</Text>
    </Row>
    <Row Tag="LOC_DIPLO_KUDO_EXIT_LEADER_LADY_SIX_SKY_ANY">
      <Text>Maya anavatanından uzak durmaya devam edin. Şimdilik yıldızlar sizin lehinize parlıyor.</Text>
    </Row>
    <Row Tag="LOC_DIPLO_WARNING_EXIT_LEADER_LADY_SIX_SKY_ANY">
      <Text>Yıldızlar bile senin yaptıklarını görmezden geliyor. Topraklarıma yaklaşmayın.</Text>
    </Row>
    <Row Tag="LOC_DIPLO_MAKE_ALLIANCE_FROM_AI_LEADER_LADY_SIX_SKY_ANY">
      <Text>Venüs belirlenen saatte batıyor ve ay piramidin üzerinde yükseliyor. İşaretler bir ittifak için doğru.</Text>
    </Row>
    <Row Tag="LOC_DIPLO_MAKE_PEACE_AI_ACCEPT_DEAL_LEADER_LADY_SIX_SKY_ANY">
      <Text>Yıldızlar yeniden barışa doğru dönüyor. Ben de silahlarımı bırakacağım.</Text>
    </Row>
    <Row Tag="LOC_DIPLO_MAKE_PEACE_AI_REFUSE_DEAL_LEADER_LADY_SIX_SKY_ANY">
      <Text>Hayır. Cizin, yeraltı dünyasının efendisi, hala kana susamış.</Text>
    </Row>
    <Row Tag="LOC_DIPLO_MAKE_PEACE_FROM_AI_LEADER_LADY_SIX_SKY_ANY">
      <Text>Kan, kan. Çok fazla kan. Bırak bitsin.</Text>
    </Row>
    <Row Tag="LOC_DIPLO_ACCEPT_OPEN_BORDERS_FROM_HUMAN_LEADER_LADY_SIX_SKY_ANY">
      <Text>Halkınız yollarımızda yürümeye davetlidir</Text>
    </Row>
    <Row Tag="LOC_DIPLO_REJECT_OPEN_BORDERS_FROM_HUMAN_LEADER_LADY_SIX_SKY_ANY">
      <Text>Maya yolları halkınızın ayaklarını taşımayacak.</Text>
    </Row>
    <Row Tag="LOC_DIPLO_OPEN_BORDERS_FROM_AI_LEADER_LADY_SIX_SKY_ANY">
      <Text>Maya ayakları senin yollarında yürüyebilir mi?</Text>
    </Row>
    <Row Tag="LOC_DIPLO_WARNING_TOO_MANY_TROOPS_NEAR_ME_LEADER_LADY_SIX_SKY_ANY">
      <Text>Savaşçılarınız Maya topraklarının yakınında toplanıyor. Onları hemen uzaklaştırın!</Text>
    </Row>
    <Row Tag="LOC_DIPLO_WARNING_TOO_MANY_TROOPS_NEAR_ME_AI_RESPONSE_NEGATIVE_LEADER_LADY_SIX_SKY_ANY">
      <Text>Savaş Yılanı bize burada rehberlik etti. Sen kimsin ki bizi reddediyorsun?</Text>
    </Row>
    <Row Tag="LOC_DIPLO_WARNING_TOO_MANY_TROOPS_NEAR_ME_AI_RESPONSE_POSITIVE_LEADER_LADY_SIX_SKY_ANY">
      <Text>Savaş Yılanı sizin için gelmiyor. Geri çekileceğiz.</Text>
    </Row>
    <Row Tag="LOC_DIPLO_DEFEAT_FROM_AI_LEADER_LADY_SIX_SKY_ANY">
      <Text>Maya döngüsü sona eriyor. Ama sizin zamanınızın da sonu gelecek. Yakında olması için dua ediyorum.</Text>
    </Row>
    <Row Tag="LOC_DIPLO_REJECT_MAKE_DEAL_FROM_AI_LEADER_LADY_SIX_SKY_ANY">
      <Text>Şimdi sırası değil.</Text>
    </Row>
    <Row Tag="LOC_DIPLO_ACCEPT_MAKE_DEAL_FROM_AI_LEADER_LADY_SIX_SKY_ANY">
      <Text>Yıldızlar haklı.</Text>
    </Row>
    <Row Tag="LOC_DIPLO_MODIFIER_LADY_SIX_SKY_NEIGHBOR">
      <Text>Leydi Altı Gökyüzü, şehirlerinden birinin yakınına yerleşmenizden rahatsız oldu.</Text>
    </Row>
    <Row Tag="LOC_DIPLO_MODIFIER_LADY_SIX_SKY_NOT_NEIGHBOR">
      <Text>Leydi Altı Gökyüzü, imparatorluğundan uzağa yerleşmiş olmanızdan memnun.</Text>
    </Row>
    <!-- Simon Bolivar-->
    <Row Tag="LOC_DIPLO_ACCEPT_DECLARE_FRIEND_FROM_HUMAN_LEADER_SIMON_BOLIVAR_ANY">
      <Text>Evet! Evet! Kölelik zincirlerini birlikte kıralım!</Text>
    </Row>
    <Row Tag="LOC_DIPLO_REJECT_DECLARE_FRIEND_FROM_HUMAN_LEADER_SIMON_BOLIVAR_ANY">
      <Text>Özgürlük için savaştığınıza henüz ikna olmadım.</Text>
    </Row>
    <Row Tag="LOC_DIPLO_DECLARE_FRIEND_FROM_AI_LEADER_SIMON_BOLIVAR_ANY">
      <Text>İkimiz de devrime hizmet ediyoruz. Denizi birlikte sürelim mi?</Text>
    </Row>
    <Row Tag="LOC_DIPLO_ACCEPT_DECLARE_FRIEND_FROM_AI_LEADER_SIMON_BOLIVAR_ANY">
      <Text>Mükemmel!</Text>
    </Row>
    <Row Tag="LOC_DIPLO_REJECT_DECLARE_FRIEND_FROM_AI_LEADER_SIMON_BOLIVAR_ANY">
      <Text>Sana elimi uzatıyorum ve sen tokatla uzaklaştırıyorsun. Üzücü.</Text>
    </Row>
    <Row Tag="LOC_DIPLO_DECLARE_WAR_FROM_HUMAN_LEADER_SIMON_BOLIVAR_ANY">
      <Text>Sizin gibi engereklerle uğraşırken savaşa başvurmak üzücü ama gerekli.</Text>
    </Row>
    <Row Tag="LOC_DIPLO_DECLARE_WAR_FROM_AI_LEADER_SIMON_BOLIVAR_ANY">
      <Text>Zulmünüz, kontrol edilmezse, dünyayı karanlığa mahkum eder ve bu nedenle size savaş ilan etmeliyim.</Text>
    </Row>
    <Row Tag="LOC_DIPLO_ACCEPT_DELEGATION_FROM_HUMAN_LEADER_SIMON_BOLIVAR_ANY">
      <Text>Heyetinizin onuruna kasaba meydanında bir geçit töreni ve festival düzenledik. Uzun bir gece geçirdiler. Bırakın uyusunlar.</Text>
    </Row>
    <Row Tag="LOC_DIPLO_REJECT_DELEGATION_FROM_HUMAN_LEADER_SIMON_BOLIVAR_ANY">
      <Text>Gran Colombia bugün kendi yolunda yürüyor.</Text>
    </Row>
    <Row Tag="LOC_DIPLO_DELEGATION_FROM_AI_LEADER_SIMON_BOLIVAR_ANY">
      <Text>Size kahve ve şeker taşıyan en iyi atlılarımdan oluşan bir heyet gönderiyorum. Onları içeri alır mısınız?</Text>
    </Row>
    <Row Tag="LOC_DIPLO_DENOUNCE_FROM_HUMAN_LEADER_SIMON_BOLIVAR_ANY">
      <Text>Tiran! Halkın zalimi! Özgürlük düşmanı! Hesaplaşma günün yaklaşıyor!</Text>
    </Row>
    <Row Tag="LOC_DIPLO_DENOUNCE_FROM_AI_LEADER_SIMON_BOLIVAR_ANY">
      <Text>Belki başkalarını kandırabilirsiniz ama benim sizin kötü emellerinize dair hiçbir yanılsamam yok. (Sizi kınıyor).</Text>
    </Row>
    <Row Tag="LOC_DIPLO_FIRST_MEET_LEADER_SIMON_BOLIVAR_ANY">
      <Text>Ben, Başkan Simon Bolivar, Gran Colombia'ya hoş geldiniz diyorum.</Text>
    </Row>
    <Row Tag="LOC_DIPLO_FIRST_MEET_VISIT_RECIPIENT_LEADER_SIMON_BOLIVAR_ANY">
      <Text>Şehrimde özgürlüğün doğası hakkında açık bir tartışma düzenliyoruz. Gelip beni dinlemek ister misiniz?</Text>
    </Row>
    <Row Tag="LOC_DIPLO_FIRST_MEET_NEAR_INITIATOR_POSITIVE_LEADER_SIMON_BOLIVAR_ANY">
      <Text>Evet.</Text>
    </Row>
    <Row Tag="LOC_DIPLO_FIRST_MEET_NO_MANS_INFO_EXCHANGE_LEADER_SIMON_BOLIVAR_ANY">
      <Text>Dostluk ruhuyla, birbirimizin başkentini ziyaret edelim.</Text>
    </Row>
    <Row Tag="LOC_DIPLO_GREETING_LEADER_SIMON_BOLIVAR_ANY">
      <Text>Tekrar hoş geldiniz.</Text>
    </Row>
    <Row Tag="LOC_DIPLO_KUDO_EXIT_LEADER_SIMON_BOLIVAR_ANY">
      <Text>İyi terfi etmiş bir orduyla hem tarihi hem de devlet yönetimini anladığınız görülüyor. Halkınız liderliğinizden faydalanıyor.</Text>
    </Row>
    <Row Tag="LOC_DIPLO_WARNING_EXIT_LEADER_SIMON_BOLIVAR_ANY">
      <Text>Dostça bir uyarıda bulunabilir miyim? Yolunu değiştir dostum, yoksa terfi ettirilmiş orduları yönetenler senin için yollarını değiştirir.</Text>
    </Row>
    <Row Tag="LOC_DIPLO_MAKE_ALLIANCE_FROM_AI_LEADER_SIMON_BOLIVAR_ANY">
      <Text>Özgürlük mücadelemde bana katılacak mısınız?</Text>
    </Row>
    <Row Tag="LOC_DIPLO_MAKE_PEACE_AI_ACCEPT_DEAL_LEADER_SIMON_BOLIVAR_ANY">
      <Text>Evet, barış zamanı geldi. Silahlarımızı bırakalım.</Text>
    </Row>
    <Row Tag="LOC_DIPLO_MAKE_PEACE_AI_REFUSE_DEAL_LEADER_SIMON_BOLIVAR_ANY">
      <Text>Geri dönmeyeceğiz! Kurtuluşumuza ve mahvınıza doğru ilerliyoruz!</Text>
    </Row>
    <Row Tag="LOC_DIPLO_MAKE_PEACE_FROM_AI_LEADER_SIMON_BOLIVAR_ANY">
      <Text>Buyurun. Barış adına kılıcımı sunuyorum. Şartları konuşalım.</Text>
    </Row>
    <Row Tag="LOC_DIPLO_ACCEPT_OPEN_BORDERS_FROM_HUMAN_LEADER_SIMON_BOLIVAR_ANY">
      <Text>Evet, birlikte yürüyelim!</Text>
    </Row>
    <Row Tag="LOC_DIPLO_REJECT_OPEN_BORDERS_FROM_HUMAN_LEADER_SIMON_BOLIVAR_ANY">
      <Text>Kolombiya'nın yollarını özgürlere bırakın.</Text>
    </Row>
    <Row Tag="LOC_DIPLO_OPEN_BORDERS_FROM_AI_LEADER_SIMON_BOLIVAR_ANY">
      <Text>Özgürlük orduları topraklarınızdan geçebilir mi?</Text>
    </Row>
    <Row Tag="LOC_DIPLO_WARNING_TOO_MANY_TROOPS_NEAR_ME_LEADER_SIMON_BOLIVAR_ANY">
      <Text>Güçleriniz topraklarımızı tehdit ediyor. Onları hemen uzaklaştırın!</Text>
    </Row>
    <Row Tag="LOC_DIPLO_WARNING_TOO_MANY_TROOPS_NEAR_ME_AI_RESPONSE_NEGATIVE_LEADER_SIMON_BOLIVAR_ANY">
      <Text>Özgürlüğün görkemli orduları hareket ettirilemez.</Text>
    </Row>
    <Row Tag="LOC_DIPLO_WARNING_TOO_MANY_TROOPS_NEAR_ME_AI_RESPONSE_POSITIVE_LEADER_SIMON_BOLIVAR_ANY">
      <Text>Özgürlüğün görkemli orduları kendilerini başka bir yere götüreceklerdir.</Text>
    </Row>
    <Row Tag="LOC_DIPLO_DEFEAT_FROM_AI_LEADER_SIMON_BOLIVAR_ANY">
      <Text>Yaptığım her şeyi Gran Colombia ulusu için yaptım. Sonuna kadar bir vatansever olarak kalacağım.</Text>
    </Row>
    <Row Tag="LOC_DIPLO_REJECT_MAKE_DEAL_FROM_AI_LEADER_SIMON_BOLIVAR_ANY">
      <Text>Kötü bir anlaşma gördüğümde anlarım.</Text>
    </Row>
    <Row Tag="LOC_DIPLO_ACCEPT_MAKE_DEAL_FROM_AI_LEADER_SIMON_BOLIVAR_ANY">
      <Text>Evet! Evet! Bundan ikimiz de kazançlı çıkalım!</Text>
    </Row>
    <Row Tag="LOC_DIPLO_MODIFIER_AGENDA_SIMON_BOLIVAR">
      <Text>Simón Bolívar birliklerinizin ilerleyişinden memnun.</Text>
    </Row>
  </EnglishText>
</GameData>