﻿<?xml version="1.0" encoding="utf-8"?>
<GameData>
  <EnglishText>
    <Row Tag="LOC_PEDIA_CONCEPTS_PAGE_MEGADISASTERS_CHAPTER_CONTENT_TITLE">
      <Text>Kıyamet</Text>
    </Row>
    <Row Tag="LOC_PEDIA_CONCEPTS_PAGE_MEGADISASTERS_CHAPTER_WELCOME_TITLE">
      <Text>Hoş geldiniz</Text>
    </Row>
    <Row Tag="LOC_PEDIA_CONCEPTS_PAGE_MEGADISASTERS_CHAPTER_WELCOME_PARA_1">
      <Text>Oyun kurulumunda oyuncular Kıyamet oyun modunu açarak felaketlerin şiddetini değiştirebilir, yeni bir Puanlı Müsabaka ve birim ekleyebilir ve sonunda gezegen ve medeniyetleri kuyruklu yıldızlar tarafından ezilirken dünyanın sonunu görebilirler.</Text>
    </Row>
    <Row Tag="LOC_PEDIA_CONCEPTS_PAGE_MEGADISASTERS_CHAPTER_SOOTHSAYER_TITLE">
      <Text>Kâhin</Text>
    </Row>
    <Row Tag="LOC_PEDIA_CONCEPTS_PAGE_MEGADISASTERS_CHAPTER_SOOTHSAYER_PARA_1">
      <Text>Kıyamet oyun modu yeni bir birim olan Kahin'i tanıtıyor.  Bu birimin doğal afetlere neden olma gibi benzersiz bir yeteneği var: uygun bir yere getirin ve Afete Neden Ol eylemini kullanarak yakındaki karelerde bir sel, fırtına, yangın veya volkanik patlama başlatın.  Bu, iklim değişikliğini hızlandıran az miktarda CO2 üretir.</Text>
    </Row>
    <Row Tag="LOC_PEDIA_CONCEPTS_PAGE_MEGADISASTERS_CHAPTER_SOOTHSAYER_PARA_2">
      <Text>Kâhinler yalnızca [ICON_Faith] İnanç ile satın alınabilir ve onlara eşlik edilebilir.  Her terfide, felaketlere neden oldukları için daha fazla ücret kazanırlar.  Kahinler deneyim kazanmazlar: bunun yerine, yeni bir Puanlı Yarışma aracılığıyla yeni terfilerin kilidini açarlar.</Text>
    </Row>
    <Row Tag="LOC_PEDIA_CONCEPTS_PAGE_MEGADISASTERS_CHAPTER_SCORED_COMPETITION_TITLE">
      <Text>Tanrıları Yatıştırmak</Text>
    </Row>
    <Row Tag="LOC_PEDIA_CONCEPTS_PAGE_MEGADISASTERS_CHAPTER_SCORED_COMPETITION_PARA_1">
      <Text>Kahinlerinize terfi kazandırmak için Tanrıları Yatıştırın Puanlı Yarışmasına katılmanız gerekecektir.  Bu yarışma oyun boyunca karşınıza çıkacak ve puan kazanmak için yanardağların yakınındaki savaş birimlerinizi feda etmek üzere Kahinlerinizi kullanmanızı sağlayacaktır.  Yüksek puan alan oyuncular, mevcut ve gelecekteki tüm Kahinleri için terfiler kazanır.  Birimleri kurban etmek, iklim değişikliğini hızlandıran az miktarda CO2 üretir.</Text>
    </Row>
    <Row Tag="LOC_PEDIA_CONCEPTS_PAGE_MEGADISASTERS_CHAPTER_NEW_DISASTERS_TITLE">
      <Text>Yeni Felaketler</Text>
    </Row>
    <Row Tag="LOC_PEDIA_CONCEPTS_PAGE_MEGADISASTERS_CHAPTER_NEW_DISASTERS_PARA_1">
      <Text>Apocalypse oyun moduna özel iki yeni felaket: [NEWLINE][ICON_BULLET] Güneş Patlamaları: Dünya genelinde güneş radyasyonu gezegeni bombalayarak güçle ilgili binalara ve iyileştirmelere zarar verir, belirli bölgeleri yağmalar ve oyun sonu birimlerine zarar verir [NEWLINE][ICON_BULLET] Kuyruklu Yıldız Saldırıları: Bir kuyruklu yıldız gezegene çarparak yoluna çıkan her şeyi, hatta şehirleri bile yok eder</Text>
    </Row>
    <Row Tag="LOC_PEDIA_CONCEPTS_PAGE_MEGADISASTERS_CHAPTER_END_OF_WORLD_TITLE">
      <Text>Dünyanın Sonu</Text>
    </Row>
    <Row Tag="LOC_PEDIA_CONCEPTS_PAGE_MEGADISASTERS_CHAPTER_END_OF_WORLD_PARA_1">
      <Text>Korkunç, yüksek hasarlı felaketler, özellikle de kuyruklu yıldız çarpmaları, iklim değişikliği maksimum seviyeye ulaştıktan sonra daha yaygın hale gelir.  Bu noktada, oyuncular hızlı bir şekilde kazanmak zorunda kalacaklar, yoksa dünyanın sonu onlar için galibi belirleyecek.</Text>
    </Row>
    <Row Tag="LOC_PEDIA_CONCEPTS_PAGE_ENVIRONMENTAL_EFFECTS_CHAPTER_FLARES_TITLE">
      <Text>Güneş Patlamaları</Text>
    </Row>
    <Row Tag="LOC_PEDIA_CONCEPTS_PAGE_ENVIRONMENTAL_EFFECTS_CHAPTER_FLARES_PARA_1">
      <Text>Güneş Patlamaları tüm haritayı etkiler.  Tetiklendikleri turda [ICON_POWER] Enerji Santrali binalarını yok ederler ve gelişmiş birimlere ve iyileştirmelere, [ICON_POWER] Güçle ilgili binalara, Kampüs Bölgelerine, Sanayi Bölgesi Bölgelerine ve Uzay Limanı Bölgelerine zarar verebilirler.</Text>
    </Row>
    <Row Tag="LOC_PEDIA_CONCEPTS_PAGE_ENVIRONMENTAL_EFFECTS_CHAPTER_COMETS_TITLE">
      <Text>Kuyruklu Yıldız Çarpması</Text>
    </Row>
    <Row Tag="LOC_PEDIA_CONCEPTS_PAGE_ENVIRONMENTAL_EFFECTS_CHAPTER_COMETS_PARA_1">
      <Text>Kuyruklu Yıldız Saldırıları dört bitişik kareyi veya hedef şehir merkezlerini etkileyerek önlerine çıkan her şeyi yok eder ve kareyi geçilmez hale getirir.</Text>
    </Row>
    <!-- units -->
    <Row Tag="LOC_PEDIA_UNITS_PAGE_UNIT_SOOTHSAYER_CHAPTER_HISTORY_PARA_1">
      <Text>Kriz zamanlarında insanlar uzun zamandır bir tür kurtuluş vaat edenlere yönelmişlerdir. Doğal, siyasi ya da ekonomik düzen bozulduğunda, insanlara felaketi savuşturmanın, felaketten kurtulmanın ya da felaketi düşmanlarına yaşatmanın bir yolunu sunabilecek kâhinler ortaya çıkar. Buradaki Kahin ünitesi belirli bir kültürü veya tarihsel anı yansıtmak için tasarlanmamış olsa da, İspanyolların gelişine Mezoamerikan tepkisinden, Avrupa'daki bin yıllık kültlere ve Cennetin Kapısı gibi günümüz gruplarına kadar dünyanın her yerinde ve tarih boyunca bu tür figürlere benzer yönelimler bulabiliriz.</Text>
    </Row>
    <Row Tag="LOC_PEDIA_UNITS_PAGE_UNIT_SOOTHSAYER_CHAPTER_HISTORY_PARA_2">
      <Text>Örneğin, 20. yüzyılın başında Güneydoğu Asya'nın Lao dili konuşulan bölgelerinde yeni peygamberler, "kutsal adamlar" ortaya çıktı. Topraklarının Fransız ve Siyam güçleri arasında bölündüğünü, yeni vergilendirme sistemlerini ve Vientiane şehrinin yıkıldığını gören Lao halkına daha kötü şeylerin olacağını vaat ettiler. İnekler ve domuzlar şeytana dönüşecekti. Para değersizleşecek, şu anda değersiz olan çakıl ise altına dönüşecekti. Büyük bir rüzgar ülkeyi kasıp kavuracak ve bir tutam limon otuna tutunamayan herkesi beraberinde götürecekti. Pek çok kişi bu kahinlere inandı, çakıl topladı ve kendi hayvanlarını öldürdü, hepsi de gelecek olan büyük değişimi bekliyordu.</Text>
    </Row>
    <Row Tag="LOC_PEDIA_UNITS_PAGE_UNIT_SOOTHSAYER_CHAPTER_HISTORY_PARA_3">
      <Text>Kahinlerin sonu nadiren iyi biter. Lao hareketi Siyam birlikleri tarafından bastırıldı, Aztek duaları İspanyol fethini durduramadı ve görünüşe göre son zamanlar hiç gelmedi.</Text>
    </Row>
    <!-- promotions -->
    <Row Tag="LOC_PEDIA_UNITPROMOTIONS_PAGE_PROMOTION_SOOTHSAYER_MESSENGER_CHAPTER_HISTORY_PARA_1">
      <Text>Kâhinler genellikle kendilerini ilahi olanla doğrudan iletişim halindeymiş gibi sunmuşlardır. Bazıları Lao "kutsal adamları" gibi kutsal rüyalardan ilham alıyordu; bazıları 20. yüzyılın başlarında okültist Aleister Crowley'in yaptığı gibi tanrılar tarafından kendilerine verilen ilahi metinlere sahip olduklarını iddia ediyordu; ve hatta bazıları İsa Mesih'in kardeşi olduğunu iddia eden Taiping İsyanı'nın lideri Hong Xiuquan gibi kendilerinin ilahi figürlerle akraba olduklarını söylüyordu. Ancak hepsinin ötelerden gelen ve iletmek zorunda hissettikleri bir mesajları vardı.</Text>
    </Row>
    <Row Tag="LOC_PEDIA_UNITPROMOTIONS_PAGE_PROMOTION_SOOTHSAYER_INQUISITOR_CHAPTER_HISTORY_PARA_1">
      <Text>Engizisyoncu basitçe soru soran kişidir. Ancak, İspanyol Engizisyonundan bu yana, bu terim sapkın inançları keşfetmeye ve onları ortadan kaldırmaya çalışanlarla ilişkilendirilmiştir. Eğer birinin kutsal bir mesajı varsa, karşıt mesajları ortadan kaldırması gerekir.</Text>
    </Row>
    <Row Tag="LOC_PEDIA_UNITPROMOTIONS_PAGE_PROMOTION_SOOTHSAYER_ZEALOT_CHAPTER_HISTORY_PARA_1">
      <Text>Birbirinden farklı apokaliptik hareketleri birleştiren tek şey bağnazlıklarıdır. Bu tür grupların talep ettiği eylemleri gerçekleştirmek ve takipçilerinin yaptığı fedakarlıkları yapmak için, kıyamet gruplarının adanmışları inançlarında birleşirler. Bu, onları bu kadar ikna edici ve korkutucu yapan şeyin bir parçasıdır.</Text>
    </Row>
    <Row Tag="LOC_PEDIA_UNITPROMOTIONS_PAGE_PROMOTION_SOOTHSAYER_INCANTATION_CHAPTER_HISTORY_PARA_1">
      <Text>Kıyamet gruplarının genellikle gizli bir duası vardı ve kahinler genellikle bu duayı söylemenin kişiyi güvende tutacağını vaat ederlerdi. Bunlar Tanrı'nın gizli isimleri, tekrarlanan "saf topraklar" çağrısı ya da kahinin bile anlayamayacağı kadar gizli bir dilde bir şeyler olabilirdi.</Text>
    </Row>
    <Row Tag="LOC_PEDIA_UNITPROMOTIONS_PAGE_PROMOTION_SOOTHSAYER_PLAGUE_BEARER_CHAPTER_HISTORY_PARA_1">
      <Text>Zamanın sonunun geleceğini öngören gruplar bazen bunu gerçekleştirmek için harekete geçerler. Ortaçağda veba biyolojik bir silah olarak kullanılmış, en önemlisi de Caffa kuşatması sırasında kuşatmacı birliklerin enfekte olmuş cesetleri şehre fırlatarak bir salgına neden olmalarıdır. Ancak bu kadar geriye gitmemize gerek yok - 1995 gibi yakın bir tarihte, kıyamet günü tarikatı Aum Shinrikyo Tokyo metrosuna sarin gazıyla saldırarak yeni bir çağ başlatmaya çalıştı.</Text>
    </Row>
    <Row Tag="LOC_PEDIA_FEATURES_PAGE_FEATURE_COMET_LAKE_CHAPTER_HISTORY_PARA_1">
      <Text>1908 yılında S. Semenov Vanavara Ticaret Merkezi'nde otururken, kendi deyimiyle, "gökyüzü ikiye ayrıldı ve ormanın üzerinde yüksek ve geniş bir ateş belirdi". Yaz günü dayanılmaz derecede sıcaktı ve sonra "gökyüzü kapandı... ondan sonra öyle bir gürültü geldi ki, sanki kayalar düşüyor ya da toplar ateşleniyordu... sıcak rüzgar evlerin arasında, sanki toplardan fırlamış gibi, patikalar gibi yerde izler bıraktı." Semenov'un yaşadığı Tunguska olayı, yaklaşık 200ft (65m) çapında bir buz topu olan bir kuyruklu yıldız parçasının Sibirya taygasına çarpması sonucu meydana gelen, atom bombasının yaklaşık bin katı gücünde bir patlamaydı. Tunguska olayı gibi çarpmalar nükleer bir silah kadar yıkıcı olabilirken, daha büyük kuyruklu yıldız çarpmaları - ayaklar yerine miller mertebesinde - sadece bölgeyi değil, tüm dünyayı etkileyerek katlanarak felaket etkilerine sahip olacaktır. Çarpmanın yakınında bulunanlar yanarken, kuyruklu yıldız da atmosfere toz püskürterek güneş ışığını engelleyecek, iklimleri soğutacak ve bitki örtüsünü öldürerek (böylece büyük orman yangınları için çıra oluşturarak) tüm dünyayı etkileyecektir.</Text>
    </Row>
  </EnglishText>
</GameData>