﻿<?xml version="1.0" encoding="utf-8"?>
<!-- edited with XMLSPY v2004 rel. 2 U (http://www.xmlspy.com) by Ed Beach (Firaxis Games) -->
<GameData>
  <EnglishText>
    <Row Tag="LOC_TUTORIAL_FIRST_TIME_MEGADISASTERS">
      <Text>Dünyamız bize karşı döndü! Kıyamet Modu etkinleştirildiğinde kuraklıklar, fırtınalar, seller ve volkanik patlamalar daha sık ve daha tehlikeli hale geliyor.  Neyse ki, bu felaketleri düşmanlarınıza çevirebilecek bir Kahin eğitebilirsiniz. Bir gözünüz iklimde olsun; son bir sıcaklık artışıyla dünya Kıyamet'e girecek ve felaketler her fırsatta sizi vuracak!</Text>
    </Row>
    <Row Tag="LOC_TUTORIAL_FOREST_FIRES">
      <Text>Yıldırım ya da insan hatası bir orman yangınına yol açtı! Alevler bitişikteki herhangi bir ormana veya ormana yayılacaktır. Duman bize biraz sorun çıkaracak olsa da, kül iyi bir gübre sağlayacaktır. Tabii alevler söndükten sonra.</Text>
    </Row>
    <Row Tag="LOC_TUTORIAL_METEOR_SHOWERS">
      <Text>Gökten meteorlar düştü! Bakalım yanlarında ne getirmişler.</Text>
    </Row>
    <Row Tag="LOC_TUTORIAL_COMET_IMPACT">
      <Text>Bir kuyruklu yıldız Dünya'ya çarptı! Kuyruklu yıldızlar çarptıkları her şeyi yok eder.[NEWLINE]'En başından beri hiçbir şey kalıcı olmamıştır.</Text>
    </Row>
    <Row Tag="LOC_TUTORIAL_SOLAR_FLARES">
      <Text>Dünya, tüm elektrikli ekipmanlarımıza zarar veren bir güneş patlaması yaşıyor. Elektrik üreten binalarımız ve iyileştirmelerimiz, hatta elektrik kullanan birimlerimiz bile hasar gördü!</Text>
    </Row>
    <Row Tag="LOC_TUTORIAL_SOOTHSAYERS">
      <Text>Kâhinler artık İnanç aracılığıyla bize ulaşabilir. Kahinler düşmanlarınızın üzerine felaketler çağırabilir. Diğer medeniyetlerle rekabet ederek, savaş birimlerinizi yanardağlara kurban ederek onların gücünü artırabilirsiniz.</Text>
    </Row>
    <Row Tag="LOC_TUTORIAL_APOCALYPSE">
      <Text>Dünya sona eriyor! Daha önce hiç görmediğimiz büyüklükte felaketler başlıyor! Yok olmadan önce zafere koşun!</Text>
    </Row>
  </EnglishText>
</GameData>