﻿<?xml version="1.0" encoding="utf-8"?>
<GameData>
  <EnglishText>
    <!-- Soothsayer Emergency -->
    <Row Tag="LOC_EMERGENCY_APPEASE_NAME">
      <Text>Tanrilari Yatistirin</Text>
    </Row>
    <Row Tag="LOC_WORLD_CONGRESS_APPEASE_SUMMARY">
      <Text>"Tanrilar bizi uyardi: Dünyanin sonu geliyor.  Müritlerine nimetler bahsedecekler, ama önce gayretimizi kanitlamaliyiz.  Sadece en gayretli olanlar ödüllendirilecek."</Text>
    </Row>
    <Row Tag="LOC_EMERGENCY_DESCRIPTION_APPEASE">
      <Text>Tanrilar bizi sonun yakin oldugu konusunda uyardi.  Müritlerine nimetler bahsedecekler, ama önce sevkimizi kanitlamaliyiz.  Sadece en gayretli olanlar ödüllendirilecek.</Text>
    </Row>
    <Row Tag="LOC_EMERGENCY_FLAVOR_APPEASE">
      <Text>Tanrilar bizi sonun yakin oldugu konusunda uyardi.  Müritlerine nimetler bahsedecekler, ama önce sevkimizi kanitlamaliyiz.  Sadece en gayretli olanlar ödüllendirilecek.</Text>
    </Row>
    <Row Tag="LOC_EMERGENCY_SCORE_APPEASE_DESC">
      <Text>Soothsayer birimiyle "Bitisik Birimi Feda Et" eylemini kullanarak, feda edilen birimin [ICON_Strength] Savas Gücüne esit puan kazanir.</Text>
    </Row>
    <Row Tag="LOC_EMERGENCY_MEMBER_BUFF_DESCRIPTION_ACCESS_TO_APPEASE_UNIT_ACTION">
      <Text>Üyelerin Kahin birimleri, aktif yanardaglara bitisik dost birimler üzerinde "Bitisik Birimi Feda Et" eylemini kullanabilir.</Text>
    </Row>
    <Row Tag="LOC_EMERGENCY_REWARD_FREE_SOOTHSAYER_DESCRIPTION">
      <Text>1 ücretsiz Kahin birimi</Text>
    </Row>
    <Row Tag="LOC_EMERGENCY_REWARD_SOOTHSAYER_PROMOTION_DESCRIPTION">
      <Text>1 mevcut ve gelecekteki tüm Kahin birimleri için ücretsiz rastgele Promosyon.</Text>
    </Row>
    <Row Tag="LOC_EMERGENCY_REWARD_FAITH_PER_TURN_DESCRIPTION">
      <Text>Tur basina +2 [ICON_Faith] Inanç</Text>
    </Row>
    <Row Tag="LOC_ACTIVATE_BLOCKER_NO_ADJACENT_VOLCANO">
      <Text>Aktif bir volkana komsu olan dost bir savas birimine komsu olmalidir.</Text>
    </Row>
    <Row Tag="LOC_ACTIVATE_BLOCKER_NOT_VALID_DISASTER_TILE">
      <Text>Dogal afetten etkilenebilecek bir karo üzerinde olmalidir.</Text>
    </Row>
    <Row Tag="LOC_ACTIVATE_BLOCKER_NOT_VALID_TERRITORY_TILE">
      <Text>Yabanci topraklarda bir felakete neden olmak için sahibi olan oyuncu ile savas halinde olmalidir.</Text>
    </Row>
  </EnglishText>
</GameData>