﻿<?xml version="1.0" encoding="utf-8"?>
<GameData>
  <EnglishText>
    <!-- civs -->
    <Row Tag="LOC_CIVINFO_MAYA_LOCATION">
      <Text>Orta Amerika, bugünkü Meksika, Guatemala, Honduras, Belize ve El Salvador'un bazi kisimlari dahil.</Text>
    </Row>
    <Row Tag="LOC_CIVINFO_MAYA_SIZE">
      <Text>Zirvede 120.000 mil kare (yaklasik 200 bin km kare). Karsilastirma yapmak gerekirse bu, ortaçag Ingiltere'sinin yaklasik iki kati büyüklügündedir.</Text>
    </Row>
    <Row Tag="LOC_CIVINFO_MAYA_POPULATION">
      <Text>Genelde en yüksek oldugu dönemde yaklasik 5 milyon oldugu varsayilir, ancak yeni arkeolojik kesifler gerçek sayinin 10 veya 15 milyona yakin olabilecegini düsündürmektedir. Günümüzde Maya dilini konusan yaklasik 5 milyon kisi vardir.</Text>
    </Row>
    <Row Tag="LOC_CIVINFO_MAYA_CAPITAL">
      <Text>Hiçbir zaman tek bir imparatorluk halinde birlesmeyen Mayalarin Tikal, Caracol, Mayapan, Calakmul ve daha sonra Chichen Itza gibi bir dizi önemli sehri vardi.</Text>
    </Row>
    <Row Tag="LOC_PEDIA_CIVILIZATIONS_PAGE_CIVILIZATION_MAYA_CHAPTER_HISTORY_PARA_1">
      <Text>Erken Mayalar Yucatán Yarimadasi'nda yükselmis ve MÖ 2000 ile MS 250 yillari arasinda sehir devletleri kurmuslardir. Bu sehir devletleri tanrisal olarak kutsanmis yöneticiler tarafindan yönetilmis ve bugün El Mirador olarak bilinen sehir devleti gibi küçük yerlesimlerden metropollere kadar çesitlilik göstermistir. Sehir devletleri hiçbir zaman diger Mezoamerikan kültürleri gibi siyasi olarak birlesmemisti ama yine de ortak bir dil ve kültürü paylasiyorlardi. Büyüme ve güç projeksiyonu için birbirlerine güvendikleri kadar rekabet de ettiler.</Text>
    </Row>
    <Row Tag="LOC_PEDIA_CIVILIZATIONS_PAGE_CIVILIZATION_MAYA_CHAPTER_HISTORY_PARA_2">
      <Text>Mayalar yerlesmek için benzersiz (ve oldukça cesur) bir yer seçtiler. Yucatán Yarimadasi diger uygarliklarin çogunun uyguladigi türden bir tarim için uygun degildi. Mayalar nehir vadilerinin etrafina yerlesmek yerine tropik yagmur ormanlarinda, kireçtasi temeller üzerine ince toprakla insa ettiler. Nehir olmamasi ulasimin zor oldugu ve içme suyu bulmanin sorunlu oldugu anlamina geliyordu. Ancak zorluklar çogu zaman yeniliklere yol açabilir. Suyun çok tuzlu oldugu yerlerde, ilk Mayalar suyu içilebilir hale getirmek için kireçtasindan nasil süzeceklerini ögrendiler ve ormanin çok yogun oldugu yerlerde, üzerinde ekin yetistirmek için yükseltilmis toprak höyükler olusturdular. Mayalarin kaydettigi en önemli gelismelerden biri de gliflerden olusan yazi dilini yaratmalariydi.</Text>
    </Row>
    <Row Tag="LOC_PEDIA_CIVILIZATIONS_PAGE_CIVILIZATION_MAYA_CHAPTER_HISTORY_PARA_3">
      <Text>Maya glifleri tek tek bloklara sigacak ve neredeyse çizgi roman panelleri gibi okunacak sekilde tasarlanmisti  sola, saga, sonra ilk soldakinin altina ve bu sekilde devam ediyordu. Bu glifler günümüz Japoncasi gibi piktografik ve fonetik karakterlerin bir karisimiydi.  Mayalar hevesli kayit tutuculardi ve yazilari Avrupalilarin Mezoamerika'ya gelisine kadar kullanilmaya devam etti.</Text>
    </Row>
    <Row Tag="LOC_PEDIA_CIVILIZATIONS_PAGE_CIVILIZATION_MAYA_CHAPTER_HISTORY_PARA_4">
      <Text>Kitaplarinin (agaç kabugundan yapilmis kodeksler) çogu Ispanyol fethi sirasinda yakilmis olsa da, anitlari ya da "stelleri" günümüze ulasmistir. Mayalar dikilitaslarini Uzun Sayim takvimine göre tarihlendirdiklerinden, bu dikilitaslari oldukça eskiye dayanan tarihsel tarihleri belirlemek için kullanabiliriz.</Text>
    </Row>
    <Row Tag="LOC_PEDIA_CIVILIZATIONS_PAGE_CIVILIZATION_MAYA_CHAPTER_HISTORY_PARA_5">
      <Text>MS 250 yilina gelindiginde Mayalar Calakmul, Palenque, Tikal, Bonampak, Kaminaljuyu ve Copán gibi büyük sehirlerde güçlerini artirmaya basladilar. Bu dönemde, nüfuslari 5.000 ile 50.000 arasinda degisen 40'tan fazla Maya sehri vardi. Bu sehirler büyüdükçe Mayalar da gelisti. Popüler oyunlar için top sahalari insa ettiler, devasa piramitler insa ettiler (Maya'nin katmanli insa yöntemleri sayesinde daha da büyüdüler) ve bilimsel bir elit yetistirdiler.</Text>
    </Row>
    <Row Tag="LOC_PEDIA_CIVILIZATIONS_PAGE_CIVILIZATION_MAYA_CHAPTER_HISTORY_PARA_6">
      <Text>Maya piramitleri Misir piramitlerinden farkli bir sekilde insa edilmistir. Sadece tugla kullanmak yerine, kireçtasi ve harçtan olusan bir temelle ise basladilar. Daha sonra bunu siva ile kapliyorlar ve ardindan boyuyorlardi. Ne zaman iyilestirme yapmak isteseler, sadece biraz daha kireçtasi atmalari, tekrar kaplamalari ve boyamalari gerekiyordu. Uzun ve karmasik tadilatlara gerek yoktu ve yapisal sorunlar hakkinda endiselenmeleri de gerekmiyordu. Bu piramitler genellikle ibadet yerleriydi. "K'uh nah" olarak bilinen bu tapinaklarin her biri bir tanriya adanmis birden fazla odasi vardi.</Text>
    </Row>
    <Row Tag="LOC_PEDIA_CIVILIZATIONS_PAGE_CIVILIZATION_MAYA_CHAPTER_HISTORY_PARA_7">
      <Text>Maya sehirleri genis bir alana yayilmisti ve hepsi de merkezi plazalarin etrafinda yer alan bu tapinaklar, saraylar ve top sahalarindan olusuyordu. Sehirlerin birden fazla meydani olabiliyordu ve diger yapilar bu meydanlardan disari dogru büyüyordu. Sanat freskleri ve heykeller daha zengin bölgeleri süslüyordu. Sanat kraliyet sarayi için ya da en azindan onlarla ilgili olacak sekilde yaratilirdi. Sanat ayni zamanda tarihlerindeki önemli anlari anmak için de kullaniliyordu. Radar teknolojisindeki son gelismeler bu sehirlerin boyutlarini ortaya çikardi  daha önce arkeologlar Mayalarin sadece tapinak komplekslerinde bir araya gelen, büyük ölçüde daginik bir halk oldugunu varsayarken, yeni çalismalar ormana yayilmis çarpici derecede büyük yerlesimleri ortaya çikardi.</Text>
    </Row>
    <Row Tag="LOC_PEDIA_CIVILIZATIONS_PAGE_CIVILIZATION_MAYA_CHAPTER_HISTORY_PARA_8">
      <Text>Maya yasami sadece anitlar, matematik, spor ve bilimden ibaret degildi. Yönetim kurmak, ticaret yollarini kontrol altina almak ya da düsman bir sehir devletine mesaj göndermek için sik sik askeri seferler düzenlenirdi. Muharebeler ve ardindan gelen savaslar, sanatta ve hiyeroglif gravürlerde anilacak ve yüceltilecek kadar önemliydi. Iyi bir hükümdar olmak için bir Maya'nin ayni zamanda iyi bir savasçi olmasi gerekiyordu. Savaslari yönetmeleri ve iyi taktikçiler olmalari beklenirdi. Yenilen krallar ve toplumun ileri gelenleri yakalanir ve daha sonra kurban edilirdi. Ancak bu tür kurbanlar nadirdi ve Mayalar çogunlukla baska tür kurbanlara odaklanmisti: örnegin adak olarak yakilan kâgit üzerindeki kan damlalari.</Text>
    </Row>
    <Row Tag="LOC_PEDIA_CIVILIZATIONS_PAGE_CIVILIZATION_MAYA_CHAPTER_HISTORY_PARA_9">
      <Text>900'lere gelindiginde Mayalar hem güç hem de nüfus bakimindan gerilemis ve bazi sehirler tamamen terk edilmistir. Ancak bu düsüsün, yükselis ve düsüs döngüsündeki bir baska devrim oldugu ortaya çikti ve 1100'lere gelindiginde, özellikle Karayipler ve Körfez kiyilarinda yeni sehirler kurulmaya baslandi.</Text>
    </Row>
    <Row Tag="LOC_PEDIA_CIVILIZATIONS_PAGE_CIVILIZATION_MAYA_CHAPTER_HISTORY_PARA_10">
      <Text>Bu sehirlerin en güçlülerinden biri olan Mayapan, Ispanyollar 1511'de tesadüfen (kelimenin tam anlamiyla - gemi kazasina ugramislardi) geldiklerinde bir baska çöküs halindeydi. Ilk temasin ardindan Ispanyollar Yucatán'a üç sefer daha gönderdi ve 1521'de Tenochtitlan'daki Aztek baskentini ele geçirdi. Oradan güneye, günümüz Guatemala'sina döndüler ve Orta Amerika'yi fethetmeye basladilar. Ispanyollar 1697'de son Maya sehri Nojpeté'yi de ele geçirdiler.</Text>
    </Row>
    <Row Tag="LOC_PEDIA_CIVILIZATIONS_PAGE_CIVILIZATION_MAYA_CHAPTER_HISTORY_PARA_11">
      <Text>Maya sehirlerinin yok olmasina ve Ispanyollarin Maya kültürünün unsurlarini silmeye çalismasina ragmen, Mayalar geleneksel yasamlarini sürdürdükleri küçük köylerde varliklarini sürdürmeye devam ettiler. Fetihten sonra bile bu uygulamalardan bazilari, özellikle de yemek kültürü ve el sanatlari devam etti. Bugün Mayalar hala buralardadir ve dil, tzolk'in ritüel takvimi ve Maya toplumunun diger unsurlari gelismektedir.</Text>
    </Row>
    <Row Tag="LOC_CIVINFO_GRAN_COLOMBIA_LOCATION">
      <Text>Güney ve Orta Amerika.</Text>
    </Row>
    <Row Tag="LOC_CIVINFO_GRAN_COLOMBIA_SIZE">
      <Text>973 bin mil kare (2,5 milyon km kare).</Text>
    </Row>
    <Row Tag="LOC_CIVINFO_GRAN_COLOMBIA_POPULATION">
      <Text>2.5 milyon</Text>
    </Row>
    <Row Tag="LOC_CIVINFO_GRAN_COLOMBIA_CAPITAL">
      <Text>Bogotá</Text>
    </Row>
    <Row Tag="LOC_PEDIA_CIVILIZATIONS_PAGE_CIVILIZATION_GRAN_COLOMBIA_CHAPTER_HISTORY_PARA_1">
      <Text>Gran Colombia, Orta Amerika'nin güneyi ve Güney Amerika'nin kuzeyinde bir alev gibi yükseldi  parlak ve hizli bir sekilde yaniyordu. On iki yil boyunca, Avrupa egemenligine karsi bagimsizligini ilan etmek için kurulan birlesik bir ulusu temsil etti.</Text>
    </Row>
    <Row Tag="LOC_PEDIA_CIVILIZATIONS_PAGE_CIVILIZATION_GRAN_COLOMBIA_CHAPTER_HISTORY_PARA_2">
      <Text>Gran Colombia'ya dönüsecek olan bölgenin kökeni Ispanyollarin Yeni Dünya'yi fethine dayanmaktadir. Ispanyollardan önce bölge çesitli halklara ev sahipligi yapiyordu - güneybatida Quimbaya, Karayip kiyilarinda Arawak ve Carib, orta savanda Chibcha (Hunza sehrinin Muisca'si dahil) ve bir dizi baska halk. Altin, isgücü ve din degistirenlerin pesindeki Ispanyollar bu gruplara agir darbeler vurdu. El Dorado efsaneleri Ispanyol maceracilari iç kesimlere, büyük sehirlerini saklamaya çalisan altin zengini Muisca Konfederasyonu'na dogru itti... ama nafile. Bugün Bogota bir Muisca köyünün üzerine kurulmustur. Daha sonra bu bölge, Ispanyol kolonilerinin idari bir bölgesi olan Yeni Granada Genel Valiligi'nin merkezi haline geldi - ve zengin ve güçlü bir bölge. Ancak refahla birlikte, yerel elitler otoritelerini saglamlastirmaya ve Avrupa kontrolünü yerinden etmeye çalistikça kizginlik da artti. Sonunda bu kizginlik devrime yol açti.</Text>
    </Row>
    <Row Tag="LOC_PEDIA_CIVILIZATIONS_PAGE_CIVILIZATION_GRAN_COLOMBIA_CHAPTER_HISTORY_PARA_3">
      <Text>Simón Bolívar'in Kolombiya ve Venezüella bagimsizlik savaslari sirasinda kazandigi zaferin ardindan, galipler hizla bir hükümet kurmak için çalistilar. Ancak birçok cephede anlasmazlik vardi - Bolívar'in grubu merkezi bir hükümet altinda yönetilen birlesik bir Gran Kolombiya'yi tercih ederken, digerleri Venezuela ve Ekvador için bagimsizlik istiyordu. Bolivar ayni zamanda kalitsal bir Senato ile güçlü bir otoriter hükümeti tercih ederken, digerleri (özellikle Bolivar'in generali Santander) bunun yerine kisisellik yerine hukukun üstünlügünü istiyordu. Gran Colombia, en azindan baslangiçta Bolívar'in vizyonunu takip etti ve yeni ülke farkli yargi, yasama ve yürütme organlarina sahip merkezi bir hükümete sahip oldu.</Text>
    </Row>
    <Row Tag="LOC_PEDIA_CIVILIZATIONS_PAGE_CIVILIZATION_GRAN_COLOMBIA_CHAPTER_HISTORY_PARA_4">
      <Text>17 Aralik 1819'da Kolombiya Cumhuriyeti kuruldu ("Gran Colombia" modern tarihçiler tarafindan bugünkü Kolombiya ulusuyla karistirilmamasi için kullanilan isimdir). Ancak Ispanyol birlikleri hala mevcuttu ve Bolivar'in savasa nihayet bir son verdigini ilan etmesi 1822'yi buldu.</Text>
    </Row>
    <Row Tag="LOC_PEDIA_CIVILIZATIONS_PAGE_CIVILIZATION_GRAN_COLOMBIA_CHAPTER_HISTORY_PARA_5">
      <Text>Ancak Cumhuriyet rahat durmadi. Bolivar ve Santander arasindaki ideolojik farkliliklara ek olarak - Kurtaricinin kisisel karizmasina odaklanan yönetim ile Anayasa tarafindan yönetilen yönetim arasindaki daha büyük gerilimleri yansitan - bölgesel bölünmeler de vardi. 1826'da ünlü süvari lideri José Antonio Páez, özgür bir Venezüella talebiyle Bolivar'a karsi bir isyana önderlik etti. Bolivar'in Páez'i yatistirma girisimleri Santander'i daha da sinirlendirdi ve yeni ülkenin fay hatlarini derinlestirdi.</Text>
    </Row>
    <Row Tag="LOC_PEDIA_CIVILIZATIONS_PAGE_CIVILIZATION_GRAN_COLOMBIA_CHAPTER_HISTORY_PARA_6">
      <Text>Daha fazla huzursuzluk, Bolivar'in 1828'de ömür boyu baskanlik önermesine yol açti  bu hareket Santander'in muhalefet ederek radikal federalist bir Anayasa kabul etmesine neden oldu. Bu ayni zamanda o yil Bolivar'a yönelik bir suikast girisimine de yol açan bir hamleydi.</Text>
    </Row>
    <Row Tag="LOC_PEDIA_CIVILIZATIONS_PAGE_CIVILIZATION_GRAN_COLOMBIA_CHAPTER_HISTORY_PARA_7">
      <Text>Siyasi ya da bölgesel olarak kendini bir arada tutamayan Gran Colombia gerilemeye basladi. General Rafael Urdaneta ve Bolívar yanlisi diger unsurlarin Bolívar'i geri dönmeye ikna etme çabalarina ragmen, 1830 yilina gelindiginde Bolívar artan popülaritesi ve kötülesen sagligi nedeniyle istifa etmek zorunda kaldi. Gran Colombia 1831 yilinda çöktü ve nihayetinde bagimsiz devletlere bölündü. 1830 ve 1831 yillari arasinda üç ayri baskan Gran Colombia'yi dagilmaktan kurtarmaya çalisti.</Text>
    </Row>
    <Row Tag="LOC_PEDIA_CIVILIZATIONS_PAGE_CIVILIZATION_GRAN_COLOMBIA_CHAPTER_HISTORY_PARA_8">
      <Text>Ancak Ispanya hiçbir zaman geri dönmedi. Gran Colombia'dan sonra kurulan devletler büyük ölçüde bugün var olan devletlerdir: Kolombiya, Venezuela, Panama, Ekvador ve Guyana.</Text>
    </Row>
    <!-- leaders -->
    <Row Tag="LOC_PEDIA_LEADERS_PAGE_LEADER_LADY_SIX_SKY_TITLE">
      <Text>Lady Six Sky</Text>
    </Row>
    <Row Tag="LOC_PEDIA_LEADERS_PAGE_LEADER_LADY_SIX_SKY_QUOTE">
      <Text>Ben Leydi Alti Gökyüzü'yüm, yenilmis düsmanlarimin üzerinde duran bir savasçiyim.</Text>
    </Row>
    <Row Tag="LOC_PEDIA_LEADERS_PAGE_LEADER_LADY_SIX_SKY_CHAPTER_HISTORY_PARA_1">
      <Text>Eski tarihçiler Dos Pilas'ta kral gibi hüküm süren bir kadindan bahsederler. Bu kadin erkek hükümdarlarin unvanlarini almis ve güçlü bir lider oldugunu kanitlamistir. Dönemin vakanüvisleri onun adini hiç anmasa da Dos Pilas'in Leydisi'nin ünü yasamaya devam etti.</Text>
    </Row>
    <Row Tag="LOC_PEDIA_LEADERS_PAGE_LEADER_LADY_SIX_SKY_CHAPTER_HISTORY_PARA_2">
      <Text>Wak Chan Ahau olarak da bilinen Lady Six Sky, babasi B'alaj Chan K'awiil'in izinden giderek Dos Pilas'in hükümdari oldu. 600'lü yillarin sonlarinda tahta geçtikten sonra Leydi Alti Gökyüzü Dos Pilas'taki evini terk ederek Wak Kab'nal'a gitti. Kral olmak asla kolay degildir (özellikle de bir kadin olarak) ve Leydi Alti Gökyüzü'nün bölgedeki ve özellikle de Wak Kab'nal'daki gücünü daha da saglamlastirmasi gerekiyordu. Hem kan hükümdari olarak hem de ilahi seçim yoluyla otoritesini kanitlamak için, gelisinden kisa bir süre sonra birkaç ritüel gerçeklestirdi. Cogunlukla halk tarafindan iyi karsilandi ve Naranjo'nun taç giymis hükümdari olarak hiçbir zaman tam anlamiyla yükselememis olsa da otoritesine nihayetinde saygi duyuldu. Yine de halki, taçli ya da taçsiz yönetimine saygi duyduklarini göstermek için onun adina anitlar dikti. Kendisi gerçek bir kraliyet mensubu gibi giysiler içinde gösterilmistir (bu biraz kasitsiz bir tokat olabilir, ancak muhtemelen bu hediyeyi zarafetle kabul etmistir).</Text>
    </Row>
    <Row Tag="LOC_PEDIA_LEADERS_PAGE_LEADER_LADY_SIX_SKY_CHAPTER_HISTORY_PARA_3">
      <Text>Lady Six Sky'in oglu K'ahk Tiliw Chan Chaak (ya da arkadaslarinin bildigi adiyla Sigara Içen Sincap) bes yasinda tahta geçti, ancak Lady Six Sky onun yerine hüküm sürmeye devam etti (çocuk olmakla biraz mesguldü). Her iyi anne gibi, bu süre zarfinda oglunun ve dolayisiyla kendisinin hükümdarligina meydan okuyan yakinlardaki yönetimlere karsi birkaç basarili askeri sefer düzenledi. Anitlari, onu düsmanlarinin üzerinde duran, dengeli ve muzaffer bir savasçi olarak tasvir etmeye basladi. Oglu on yasina geldiginde, onun adina çoktan bir dizi basarili sefer gerçeklestirmisti.</Text>
    </Row>
    <Row Tag="LOC_PEDIA_LEADERS_PAGE_LEADER_LADY_SIX_SKY_CHAPTER_HISTORY_PARA_4">
      <Text>Leydi Alti Gökyüzü'nün kraliçe ve naip olarak hüküm sürdügü süre boyunca ugrastigi tek sey savas ve fetih degildi. Kendi konumundaki birinden beklenen dini törenlerin gerçeklestirilmesine de yardimci oldu. Bunlardan biri olan mid-katun'u, Wak Kab'nal'in önceki krali ile ayni sekilde yapti.</Text>
    </Row>
    <Row Tag="LOC_PEDIA_LEADERS_PAGE_LEADER_LADY_SIX_SKY_CHAPTER_HISTORY_PARA_5">
      <Text>Leydi Alti Gökyüzü, ana reisi oldugu yeni bir hanedanlik kurmaya kararliydi. Bu sadece savas ve dini örneklerle yönetimini güçlendirmeye devam etmek degil, ayni zamanda halkinin refahini daha da ilerletmek anlamina geliyordu. Leydi Alti Gök bir kadin ve çok genç, dolayisiyla savunmasiz bir kralin annesi olarak gücünü korumak istiyorsa bu kesinlikle gerekliydi. Sadece iyi bir zaman için degil, ayni zamanda uzun bir süre için de orada olmayi planliyordu.</Text>
    </Row>
    <Row Tag="LOC_PEDIA_LEADERS_PAGE_LEADER_LADY_SIX_SKY_CHAPTER_HISTORY_PARA_6">
      <Text>Lady Six Sky'in oglu Smoking Squirrel nihayet basa geçtiginde, annesinin mirasini takip etti ve Tikal de dahil olmak üzere diger büyük Maya sehirlerine karsi askeri seferler düzenlemeye devam etti. Leydi Alti Gökyüzü bu süre boyunca Sigara Sincabi'nin yaninda kaldi ve onun es hükümdari olarak hareket etti. Wak Kab'nal halki ve soylulari, tutarli, birlesik eylemleri ve politikalari sayesinde Leydi Alti Gökyüzü ve Sigara Içen Sincap'in ortak yönetimine saygi duydular.</Text>
    </Row>
    <Row Tag="LOC_PEDIA_LEADERS_PAGE_LEADER_LADY_SIX_SKY_CHAPTER_HISTORY_PARA_7">
      <Text>Leydi Alti Gökyüzü'nün ve halkinin dehsetine ragmen, Sigara Içen Sincap'in yönetimi kisa sürdü. Erken yasta öldü ve torunu tahta çikacak kadar büyüyene ya da güçlenene kadar Leydi Alti Gökyüzü'nü bir kez daha liderlik etmek zorunda birakti.</Text>
    </Row>
    <Row Tag="LOC_PEDIA_LEADERS_PAGE_LEADER_LADY_SIX_SKY_CHAPTER_HISTORY_PARA_8">
      <Text>Lady Six Sky MS 741 yilinda ölmeden önce yirmi yil daha yasadi. Torunu Tikal tarafindan yenilgiye ugratildi, yakalandi ve ne yazik ki idam edildi, böylece kurmak için çok çalistigi hanedan sona erdi.</Text>
    </Row>
    <Row Tag="LOC_PEDIA_LEADERS_PAGE_LEADER_LADY_SIX_SKY_CHAPTER_CAPSULE_BODY">
      <Text>Lady Six Sky, siki sikiya bagli imparatorlugunu kurmak için geleneksel tatli su kaynaklarina güvenmiyor, bunun yerine yildizlara ulasmak için Ciftlikler ve Plantasyonlardan olusan bir agdan yararlaniyor.</Text>
    </Row>
    <Row Tag="LOC_PEDIA_LEADERS_PAGE_LEADER_LADY_SIX_SKY_CHAPTER_DETAILED_BODY">
      <Text>Mayalar yerlesimlerini diger uygarliklardan farkli bir sekilde planlar. Konutlarini Tatli Suya yakin olmak yerine Ciftliklerden elde etmeye çalisirlar. Lüks yerlere yakin yerlesmek onlara ek olanaklar da saglar. Leydi Alti Gökyüzü sehirlerini baskentine yakin tutmak ister. Bu yüzden erken bir sehir kümesine yerlesin ve Hulche atlatlistlerinizle onlari güçlü bir sekilde savunun. Düzgün yerlestirilmis Gözlemevi bölgeleri, komsu Ciftlikler ve Plantasyonlardan ekstra bilim alarak teknolojide diger medeniyetlerin önüne geçmeye baslayabilir, halkinizi uzaya firlatabilir veya baska bir zafere dogru önemli bir destek saglayabilirsiniz.</Text>
    </Row>
    <Row Tag="LOC_PEDIA_LEADERS_PAGE_LEADER_SIMON_BOLIVAR_TITLE">
      <Text>Simón Bolívar</Text>
    </Row>
    <Row Tag="LOC_PEDIA_LEADERS_PAGE_LEADER_SIMON_BOLIVAR_QUOTE">
      <Text>Cömert ruhlar, Yaratici'nin ve Doga'nin kendilerine tanidigi haklari geri almak için çabalayan bir halkin kaderiyle her zaman ilgilenirler.</Text>
    </Row>
    <Row Tag="LOC_PEDIA_LEADERS_PAGE_LEADER_SIMON_BOLIVAR_CHAPTER_HISTORY_PARA_1">
      <Text>Daha sonra Kurtarici olarak taninacak olan Simón Bolívar, 1783 yilinda varlikli, üst sinif bir Venezuelali ailenin çocugu olarak dünyaya geldi. Olumlu ve parlak bir yetisme dönemi geçirmesini saglayacak kadar parasi olmasina ragmen, Bolívar'in çocuklugu mükemmel olmaktan çok uzakti. Babasi o henüz üç yasindayken öldü. Alti yil sonra annesi de vefat etti ve onu amcasinin bakimina birakti. Bolivar'in amcasi mirasin yöneticisi oldu ve ona iyi egitimli birkaç özel ögretmen ayarladi. Bu ögretmenlerin birçogu onun üzerinde ve hayati boyunca tasiyacagi felsefeler üzerinde kalici bir etkiye sahip olacakti. Klasik düsünce okullarinda egitim gördü ve daha yeni ve hizla gelisenleri ögrenmeye basladi. Hocalarindan biri olan Simón Rodriguez, Aydinlanma hareketine ve özellikle de Jean-Jacques Rousseau'nun felsefelerine kapi açti.</Text>
    </Row>
    <Row Tag="LOC_PEDIA_LEADERS_PAGE_LEADER_SIMON_BOLIVAR_CHAPTER_HISTORY_PARA_2">
      <Text>Bolívar'in amcasi onu on alti yasindayken Ispanya ve Avrupa'da egitim görmesi için yurtdisina gönderdi. Cogu ideal Avrupa yurtdisi egitim gezisinde oldugu gibi, Bolivar Ispanya'da aski buldu. Geldikten üç yil sonra, bir Ispanyol soylusunun kizi olan María Teresa del Toro y Alayza ile evlendi ve ülkesine döndü. Ancak bu kisa süreli mutluluk kisa sürdü. Esi, evliliklerinin birinci yildönümünden önce sari hummadan öldü. Bolívar ne yazik ki ölüme asina olsa da, bu kayip onu derinden etkiledi ve degistirdi.</Text>
    </Row>
    <Row Tag="LOC_PEDIA_LEADERS_PAGE_LEADER_SIMON_BOLIVAR_CHAPTER_HISTORY_PARA_3">
      <Text>Avrupa'ya döndü ve Napolyon'un yükselisini izledi. Bolivar bir süre ona hayranlik duydu. Ancak Bolívar Venezüella'ya döndügünde, Napolyon'un Joseph Bonaparte'i Ispanya'nin ve dolayisiyla sömürgelerinin krali yapmasinin ardindan Napolyon'la olan dostlugunu fiilen sona erdirdi. Bu Bolivar'in memleketi Venezüella'yi da kapsiyordu ve onu direnise katilmaya itti.</Text>
    </Row>
    <Row Tag="LOC_PEDIA_LEADERS_PAGE_LEADER_SIMON_BOLIVAR_CHAPTER_HISTORY_PARA_4">
      <Text>1810'da Caracas cuntasi bagimsizligini ilan etti ve Bolivar hem diplomatik becerileri hem de uzun mesafeler kat ederken gösterdigi kolaylik nedeniyle bir kez daha Avrupa'ya gönderildi. Ingiltere'ye vardi ve bir yil orada kaldiktan sonra tekrar Venezüella'ya dogru uzun bir yolculuga çikti. Eve dönüsü pek hos karsilanmadi ve bagimsizlik lideri Francisco de Miranda ile aralarinin açildigi söylentileri yayildi. Miranda'nin daha sonra tutuklanmasi ve Bolívar'in hizla Cartagena de Indias'a kaçmasi bu iddialara yardimci olmadi. Söylentilere ragmen Bolivar bu durumdan yararlandi. Uzakta oldugu süre boyunca Manifiesto de Cartagena'yi yazdi. Bolivar bu kitapta Ispanya'dan bagimsizlik için bastirmaya devam etti. Bu süre zarfinda, felsefeleri ve Miranda'nin yoklugunun da yardimiyla ünü artti.</Text>
    </Row>
    <Row Tag="LOC_PEDIA_LEADERS_PAGE_LEADER_SIMON_BOLIVAR_CHAPTER_HISTORY_PARA_5">
      <Text>Yeni bir Ispanyol kralinin yeni Venezüella cumhuriyetini devirmesinin ardindan Bolívar, Yeni Granada ordusu içinde görev aldi ve Venezüella'ya yönelik bir istilaya öncülük etti. El Libertador unvanini ülkesini özgürlestirmek için yaptigi sayisiz seferle kazandi. Ne yazik ki Bolivar ve kuvvetleri baskent Caracas'i uzun süre ellerinde tutamadi ve birlikleri sehirden çikarildi. Bolivar yenilmesine izin vermek yerine, Güney Amerika'nin dört bir yanindan ve hatta Büyük Britanya'dan müttefiklerini toplayarak Ispanyol ve Kraliyet güçlerini nihayet ve kararli bir sekilde kovdu.</Text>
    </Row>
    <Row Tag="LOC_PEDIA_LEADERS_PAGE_LEADER_SIMON_BOLIVAR_CHAPTER_HISTORY_PARA_6">
      <Text>Bölgenin daha fazla özgürlestirilmesinin ardindan Bolívar ve müttefikleri Gran Kolombiya Cumhuriyeti'ni kurdu. Bolívar baskan oldu, askeri ve siyasi lider Francisco de Paula Santander de baskan yardimciligini üstlendi. Hükümeti ve baskanligi barisçil olmaktan çok uzakti. Bölge, uzun süren savaslarin biraktigi kirilgan durum nedeniyle huzursuzluk içindeydi. Genis Gran Colombia'ya hükmetmek kolay bir is degildi ve Peru Kongresi Bolivar'i Peru'nun diktatörü ilan ettikten sonra daha da zorlasti. Güç kaypaktir, elde tutulmasi zordur ve kontrol edilmesi daha da zordur. Bölgesel ayaklanmalar ve muhalefet Bolivar'i tedirgin ediyordu. Bolivar, birlesik bir Gran Kolombiya hayalini saglamlastirmak için 1828'de bir anayasa kongresi çagrisinda bulundu. Ne yazik ki delegeler onun önerdigi, halefini seçebilecek bir "ömür boyu baskan" ile tamamlanmis merkeziyetçi bir hükümet modeli vizyonuna katilmadilar. Nihayetinde sinirli bir hükümete inansa da Bolívar, Gran Colombia'nin kirilganligindan endise ediyordu. Gerçek ideallerini uygulayabilmesi için Gran Kolombiya'nin büyümesi gerektigini düsünüyordu.</Text>
    </Row>
    <Row Tag="LOC_PEDIA_LEADERS_PAGE_LEADER_SIMON_BOLIVAR_CHAPTER_HISTORY_PARA_7">
      <Text>Bolivar, hükümetinin ve halkin gözünden düsmemek için kendisini diktatör ilan etti ve bunun geçici bir önlem oldugunu herkese garanti etti. Bu hareket siyasi muhalifleri arasinda büyük tepkiyle karsilandi ve kil payi kurtuldugu bir suikast girisimine yol açti.</Text>
    </Row>
    <Row Tag="LOC_PEDIA_LEADERS_PAGE_LEADER_SIMON_BOLIVAR_CHAPTER_HISTORY_PARA_8">
      <Text>Iki yil daha "baskan" olarak görev yaptiktan sonra Bolivar istifa etti. Bir kez daha Avrupa'ya yolculuk etmeyi umarak esyalarini topladi. Ancak Bolivar gemiye hiç binmedi. Nihayetinde 17 Aralik 1830'da ölümüne yol açan tüberküloza yakalandi. Ölümünden önce Bolivar, yaveri General Daniel Florencio O'Leary'den tüm yazilarini imha etmesini istedi. Anayasa Kongresi'ndeki delegeleri gibi O'Leary de bu emre karsi çikti ve Bolívar'in önemli eserlerini yakmadi. Ölümünün üzerinden on yildan fazla bir süre geçtikten sonra Bolivar memleketi Karakas'a gömüldü. Orada onu ve basarilarini kutlamak için bir anit dikildi.</Text>
    </Row>
    <Row Tag="LOC_PEDIA_LEADERS_PAGE_LEADER_SIMON_BOLIVAR_CHAPTER_CAPSULE_BODY">
      <Text>Simón Bolívar'in birlikleri, ister hücumda ister savunmada olsun, hesaba katilmasi gereken çevik bir güçtür. Birçok Comandante Generalini akillica kullanarak ordusunu neredeyse durdurulamaz hale getirir.</Text>
    </Row>
    <Row Tag="LOC_PEDIA_LEADERS_PAGE_LEADER_SIMON_BOLIVAR_CHAPTER_DETAILED_BODY">
      <Text>Askeri birlikler için ek hareket, ister kendi topraklarinda devriye geziyor ister düsman topraklarini kurtariyor olsun, Gran Colombia için ovalar veya tepeler boyunca uzun yürüyüsleri çocuk oyuncagi haline getirir. Saha terfileri bir birligin sirasini sona erdirmez ve hemen savasa geri dönmelerini saglar. Her yeni dönemde katilan Comandante Generalleri ile Simón Bolívar'in ordusu ek savas gücü ve hareket ile daha da güçlendirilir. Llanerolar, bu Komutan Generallerin ve diger Llanerolarin yakininda en iyisidir ve oyun ortasi askeri gücü için güçlü bir omurga görevi görür. Hacienda, savas yoluna devam etmek için besin ve üretim saglayacaktir. Simón Bolívar, Gran Colombia'yi bir Hakimiyet Zaferine dogru götürmek için en iyisidir, ancak böyle bir güç kaynaklari baska yollara da yönlendirebilir.</Text>
    </Row>
    <!-- buildings and districts -->
    <Row Tag="LOC_PEDIA_DISTRICTS_PAGE_DISTRICT_OBSERVATORY_CHAPTER_HISTORY_PARA_1">
      <Text>Hem yogun tarimci hem de mükemmel matematikçiler olan Mayalar, göklerin hareketine yogun bir ilgi duyuyorlardi. Palenque ve Chichén Itzá gibi Maya sehirlerindeki gözlemevlerinde, Maya gökbilimcileri yapay bir ufuk - düzenli boyutlarda düz, dairesel bir platform - kullanarak yildizlarin, gezegenlerin, ayin ve günesin her yil dogup battigi noktalari dikkatlice isaretlediler. Mayalar bu gözlemleri ayrintili takvimler olusturmak için kullandilar. Günes takvimine asinayiz - 365 günlük takvimimiz günesin bir döngüyü tamamlamasi için geçen süreye dayanir, ancak birçok kültür ayni zamanda ay takvimi de kullanir (yani ayin 12 kez agdalanmasi ve alçalmasi için geçen süre). Mayalar buna giderek daha fazla döngü eklemislerdir. Örnegin, Venüs gezegeninin Maya gözlemevlerinin yapay ufuklarindan birinin kenarindaki ayni noktaya dönmesi 584 gün sürer. Bunu fark eden ve kaydeden Mayalar bir Venüs takvimi de gelistirdiler. Son olarak Mayalar bu astronomik gözlemlere 260 günlük bir takvim eklemislerdir ki bu takvim insanin ana rahmine düsmesinden dogumuna kadar geçen ortalama süreye denk gelmektedir.</Text>
    </Row>
    <Row Tag="LOC_PEDIA_DISTRICTS_PAGE_DISTRICT_OBSERVATORY_CHAPTER_HISTORY_PARA_2">
      <Text>Bu astronominin islevi astroloji, din, tarim ve politikayi bir araya getirmekti. Yildizlar ve gezegenler (zaman zaman Maya hükümdarlari gibi) Maya tanrilariydi. Takvimler birbirine baglandikça, farkli faaliyetler - ekim, savas, festivaller, belirli bir liderin talihi - az ya da çok ugurlu hale gelirdi. Gözlemevi araciligiyla astronomi, Mayalar için dogal dünyanin, dogaüstü dünyanin ve politik dünyanin birbiriyle nasil baglantili oldugunu izlemenin bir yoluydu. Günümüzde astronomik gözlemler ve takvim döngüleri Mayalarin yerli dinlerini ve kehanetlerini uygulama biçimlerini etkilemeye devam etmektedir.</Text>
    </Row>
    <!-- improvements -->
    <Row Tag="LOC_PEDIA_IMPROVEMENTS_PAGE_IMPROVEMENT_BATEY_CHAPTER_HISTORY_PARA_1">
      <Text>Meksika'da "ulama" olarak adlandirilan Mezoamerikan top oyunu çok eskidir. Muhtemelen birkaç bin yil önce Olmekler tarafindan icat edilmis olsa da, M.S. ilk bin yilda popüler hale gelmis ve Mezoamerikan kökenlerinin ötesine geçerek Kuzey Amerika ve Karayipler'e yayilmistir. Maya versiyonlarinda, elleri kullanmadan lastik bir topu tas bir halkanin (belki de yeralti dünyasindaki yolculuklarinda günesi temsil ediyordu) içinden geçirmeyi içeriyordu. Oyuncular genellikle savas esirleriydi ve kaybedenler tanrilara kurban edilebiliyordu. Bu tür kurbanlarin resimleri Chichén Itzá'daki Maya top sahalarinin duvarlarinda açikça görülmektedir.</Text>
    </Row>
    <Row Tag="LOC_PEDIA_IMPROVEMENTS_PAGE_IMPROVEMENT_BATEY_CHAPTER_HISTORY_PARA_2">
      <Text>Porto Riko'daki Caguana'da bulunan bateyler bu kadar büyük degildir. Burada, Maya sahalarini karakterize eden tas halkalarin olmadigi kabaca dikdörtgen, düz sahalardir. O zamanlar kurallar muhtemelen farkliydi, takimlar arasinda topun firlatilmasini içeriyordu, ancak saha ile dini yasam arasindaki baglanti devam etti - Caguana'nin bateyleri petrogliflerle (tas oymalar) süslenmistir ve Porto Riko'daki Taíno dini yasaminin merkezi olan bir dagin tabaninin etrafinda kümelenmistir.</Text>
    </Row>
    <Row Tag="LOC_PEDIA_IMPROVEMENTS_PAGE_IMPROVEMENT_BATEY_CHAPTER_HISTORY_PARA_3">
      <Text>Taíno dilinde "batey" kelimesi sömürgelestirmeden bu yana kötü bir yasam sürmüstür. Kelime aslen "top sahasi" anlamina gelse de, günümüzde yaygin olarak seker plantasyonlarinda çalisan isçilerin geçici barinaklarini ifade etmek için kullaniliyor  hem tarihi plantasyonlardaki kölelestirilmis halklar hem de birçogu hala gönülsüz çalismaya zorlanan günümüz isçileri için. Taíno dilinde top sahasi anlamina gelen kelimenin nasil bu kadar farkli bir anlama geldigi belirsizdir  burada "batey" kelimenin orijinal anlamina atifta bulunmaktadir.</Text>
    </Row>
    <Row Tag="LOC_PEDIA_IMPROVEMENTS_PAGE_IMPROVEMENT_HACIENDA_CHAPTER_HISTORY_PARA_1">
      <Text>Ciftlik ile fabrika arasinda bir yerde yer alan Latin Amerika'daki hacienda, 19. yüzyilda toprak mülkiyetinin baskin biçimi haline gelen, zengin bir patron tarafindan sahip olunan büyük bir mülktü. Bir plantasyondan daha iç kesimlerde yer alan ve denize erisimi olmayan haciendalar, ihracat için ürün üretmenin yani sira tarimsal olarak da kendi kendine yeterli olmak zorundaydi. Gran Colombia'da bu ürünler kahve, koka, seker, tütün ya da digerleri olabiliyordu.</Text>
    </Row>
    <Row Tag="LOC_PEDIA_IMPROVEMENTS_PAGE_IMPROVEMENT_HACIENDA_CHAPTER_HISTORY_PARA_2">
      <Text>Hacienda sistemi dogasi geregi sömürüye dayaliydi. Afrika kökenli insanlarin kölelestirilmesi kiyi plantasyonlarinda daha baskin olsa da, iç kesimlerdeki haciendalar yerli halklarin mülksüzlestirilmesine dayaniyordu. Bu insanlar genellikle ücretsiz olarak çalistiriliyor ve emekleri karsiliginda hacienda topraklarinda kalmalarina "izin veriliyordu" - bu topraklar çogu durumda ilk basta kendilerinden ya da atalarindan alinmisti.</Text>
    </Row>
    <Row Tag="LOC_PEDIA_IMPROVEMENTS_PAGE_IMPROVEMENT_HACIENDA_CHAPTER_HISTORY_PARA_3">
      <Text>Köleligin kaldirilmasiyla ve Latin Amerika'nin büyük bölümünde yapilan sosyal ve isgücü reformlariyla birlikte hacienda sistemi sona ermis olsa da, nostalji kokan çiftlikler ya da malikaneler hala bu ismi kullaniyor olabilir.</Text>
    </Row>
    <!-- units -->
    <Row Tag="LOC_PEDIA_UNITS_PAGE_UNIT_MAYAN_HULCHE_CHAPTER_HISTORY_PARA_1">
      <Text>Ok ya da dart atmak için kullanilan bir Maya silahi olan hul'che ilk bakista oldukça basit görünmektedir. Ucunda bir okun oturdugu bir çentik bulunan uzun bir ahsap safttir. Deneyimli bir nisanci tarafindan kullanilan hul'che, bir oku saatte üç yüz milden (saniyede 150 metre) fazla bir hizla firlatarak atis gücünü büyük ölçüde artirir. Hafif zirhli Mezoamerikan askerlerine karsi hul'che ölümcül olabilirdi. Birçok eski toplumda kullanilmistir: Aztekler buna atlatl, Avustralya yerlileri woomera demislerdir ve Avrupa'da da benzer aletlere dair arkeolojik kanitlar mevcuttur.</Text>
    </Row>
    <Row Tag="LOC_PEDIA_UNITS_PAGE_UNIT_MAYAN_HULCHE_CHAPTER_HISTORY_PARA_2">
      <Text>Hem Maya erkekleri hem de kadinlari hul'che kullanimi konusunda egitimliydi. Maya savaslari hul'che oklarinin degis tokusuyla baslar, bireysel yakin dövüsçüler bireysel zafer arayisina girmeden önce rakiplerini yaralarlardi.</Text>
    </Row>
    <Row Tag="LOC_PEDIA_UNITS_PAGE_UNIT_COLOMBIAN_LLANERO_CHAPTER_HISTORY_PARA_1">
      <Text>Llanos otlaklari dogu Kolombiya ve bati Venezuela boyunca uzanir ve bu ülkelerin cesur, dayanikli sigir çobanlari olan llaneroslarin evidir. Zengin Karayip limanlarindan ayri kalan llanerolar, Latin Amerika bagimsizlik savaslarinin her iki tarafinda da süvari olarak görev yaptiklarinda onlara alkis kazandiran güçlü bir bireyci ve becerikli bir çizgi gelistirdiler. Içlerinden biri olan José Antonio Páez, özellikle José Tomás Boves'in benzer sekilde örgütlenmis kralci llanerolarina karsi llanerolari etkili bir savas gücü haline getirmistir.</Text>
    </Row>
    <Row Tag="LOC_PEDIA_UNITS_PAGE_UNIT_COLOMBIAN_LLANERO_CHAPTER_HISTORY_PARA_2">
      <Text>Llanero kültürü, Ispanyol yerlesimcilerin yerli gruplara yakin yasamasi ve onlarla kaynasmasiyla ortaya çikmis, kendi müzigi, mutfagi ve özellikle de atçilik gelenegi olan yeni ve kendine özgü bir toplum yaratmistir. Kiyi elitlerinden hoslanmadiklari için llanerolar baslangiçta Kraliyet için savasmaya ikna edildiler, ancak Páez yönetiminde llanerolar bagimsizlik için güçlü bir güç haline gelerek Boyacá ve Carabobo savaslarinda devrimcileri zafere tasidilar. Unutulmaz bir sahnede, Páez llanerolarini yanan bir ovadan geçirerek, alevler ve dumandan ne yapacaklarini sasiran Ispanyollari saskina çevirdi... ve dörtnala üzerlerine gelen binlerce atin gürültüsü!</Text>
    </Row>
    <Row Tag="LOC_PEDIA_UNITS_PAGE_UNIT_LAHORE_NIHANG_CHAPTER_HISTORY_PARA_1">
      <Text>Nihanglar 17. ve 19. yüzyillar arasinda bugün kuzey Hindistan, Pakistan ve Afganistan'da yasayan Sih din savasçilarinin bir mezhebiydi. Farsçada "timsah" anlamina gelen isimleri savastaki vahsiliklerine atifta bulunuyordu, ancak kendilerine Akali, yani "ölümsüzler" diyorlardi. Elektrik mavisinden olusan ikonik bir kiyafet ve bir ayak yüksekliginde bir türban giyen Nihanglar, Sih dövüs sanatlari olan shastar vidya ustalariydi. Askeri yeteneklerinin yani sira, alkol, tütün ve diger düskünlükleri yasaklayan kati ahlak kurallari ve dini disiplinleriyle taninirlardi  dönemin bir Sih alimine göre bir Nihang, "Sih tapinaklarini maddi kazanç arzusu olmadan koruyan, her zaman adil ve dogru bir savas için istekli olan kisidir." Ve savastilar da  bir yetkilinin bildirdigine göre, Nihang "acidan veya rahatliktan etkilenmezdi... savasin oldugu yerde, ölüm korkusu olmadan, asla geri adim atmazdi."</Text>
    </Row>
    <Row Tag="LOC_PEDIA_UNITS_PAGE_UNIT_LAHORE_NIHANG_CHAPTER_HISTORY_PARA_2">
      <Text>Ancak, her ne kadar zorlu savasçilar olsalar da, bir ordu degillerdi. Daha ziyade, kirsal kesimde dolasarak ihtiyaç duyduklari seylere yardim eden ve Sih topluluklarini ve tapinaklarini uygun gördükleri sekilde savunan savasçi rahiplerdi. Ingilizlerin gelisi onlari sürekli kontrolden çikma tehdidiyle karsi karsiya birakan tabandan gelen bir direnis hareketine dönüstürdü. Sonuç olarak, kisa ömürlü Sih Imparatorlugu'nun lideri Ranjit Singh, 1800'lerin basinda Lahor'un fethi sirasinda birkaç bin Nihang'i ordusunda örgütlediginde, onlarin siddetli savas gücünü kontrol altina almaya ve ortaklasa kullanmaya çalisti.</Text>
    </Row>
    <Row Tag="LOC_PEDIA_UNITS_PAGE_UNIT_LAHORE_NIHANG_CHAPTER_HISTORY_PARA_3">
      <Text>1800'lerin ortalarina gelindiginde Nihang ve Sih Imparatorlugu yenilgiye ugramisti. Bununla birlikte, sanatlari Hindistan ve Birlesik Krallik'taki bazi Sih topluluklarinda hala uygulanmaktadir.</Text>
    </Row>
    <Row Tag="LOC_PEDIA_UNITS_PAGE_UNIT_COMANDANTE_GENERAL_CHAPTER_HISTORY_PARA_1">
      <Text>Gran Colombia'nin tarihine direnis damgasini vurmustur ve bu direnis bir dizi parlak askeri komutan tarafindan yönetilmistir. José de St Martín'den José María Córdova'ya, Francisco de Paula Santander'den José Antonio Páez'e ve "El Libertador" Simón Bolívar'in kendisine kadar Latin Amerikali askeri liderler Güney Amerika tarihinin gidisatini sekillendirmistir.</Text>
    </Row>
    <Row Tag="LOC_PEDIA_UNITS_PAGE_UNIT_COMANDANTE_GENERAL_CHAPTER_HISTORY_PARA_2">
      <Text>Cesaretlerinin bir örnegi olarak, Yeni Granada'nin kurtarilmasi sirasinda Bolivar 3.000 askerini yagmur mevsiminde tasan nehirlerden geçirerek buz tutmus And Daglari'nin eteklerine kadar götürdü ki bu baska bir general için neredeyse intihar anlamina gelecek bir hareketti. Ancak Bolivar tepelerden asagi inerek Ispanyollari geride birakti ve takviye kuvvetlerin önünü kesti. Ispanyol sömürge baskenti Bogota sadece birkaç gün sonra düstü.</Text>
    </Row>
    <!-- resources -->
    <Row Tag="LOC_PEDIA_RESOURCES_PAGE_RESOURCE_MAIZE_CHAPTER_HISTORY_PARA_1">
      <Text>Misir - Kuzey Amerikalilarin "corn" dedigi - ilk olarak Mezoamerika'da teosinte ot bitkisinden yetistirilen bir tahildir. Orta Amerika milpaslarinda (kesilip yakilan misir tarlalari) veya chinampalarda (yüzen misir tarlalari) bilinçli ekim ve seçici yetistirme, küçük teosinte tanelerini bugün asina oldugumuz büyük koçanlara dönüstürmüstür. Temel bir ürün olarak misir, Maya ve Aztek imparatorluklarinin büyük Yeni Dünya sehirlerinin genislemesini ve hakimiyetini saglamis ve Orta Amerika mutfagi için önemini korumustur. Avrupa ile temastan kisa bir süre sonra misir, pirinç, bugday veya arpadan farkli toprak ve topografya türlerini kullandigi için Eski Dünya'nin büyük bir kismina da yayildi. Tahil, misirin ilk kez Portekizliler tarafindan tanitildigi ve kitadaki tarimsal uygulamalari ve arazi kullanimini dönüstürdügü Afrika'da coskuyla benimsendi: misir yetistiriciligi, daha hizli büyüme mevsimi ve yogun isleme isiyle, birçok Afrika toplumunda kadin emegi için yeni roller açti ve böylece girdigi toplumlardaki sosyal bölünmeleri daha da degistirdi.</Text>
    </Row>
    <Row Tag="LOC_PEDIA_RESOURCES_PAGE_RESOURCE_HONEY_CHAPTER_HISTORY_PARA_1">
      <Text>Bal, larvalarin yemesi için kovanda saklanan arilar tarafindan çiçek nektarindan yapilan dogal bir tatlandiricidir - kelimenin tam anlamiyla böcek kusmugudur. Ama ayni zamanda insanlik tarihinin en eski lezzetlerinden biridir  Ispanya'nin Valencia kentindeki bir kaya resminde yabani bir ari kovanindan bal alan bir kisi görülmektedir. Bal toplamak için hemen hemen her toplumda ayni teknik kullanilir: aricilar - ya da ari avcilari - kovani dumanla doldurarak böcekleri uyusturur, böylece arilarin aci veren ignelerine maruz kalmadan petek bal alinabilir. Balin çok çesitli kullanim alanlari vardir  biz bali çogunlukla tatlandirici olarak görsek de, bal ayni zamanda güçlü antimikrobiyal özelliklere sahiptir ve yara ve yaniklarin tedavisinde kullanilmistir. Ayrica, en eski alkollü içecek olan bal likörü baldan yapilir ve bu "bal-sarabi "na Yunan, Hint, Cin ve Iskandinav mitlerinde atifta bulunulur.</Text>
    </Row>
    <!-- city states -->
    <Row Tag="LOC_PEDIA_CITYSTATES_PAGE_CIVILIZATION_SINGAPORE_CHAPTER_HISTORY_PARA_1">
      <Text>Singapur, Güneydogu Asya'da Malay Yarimadasi'nin ucundaki bir adada yer alan bir sehir devletidir. Ada, Johor Bogazi'nda, Güney Asya ve Hint Denizi'ni Dogu Asya ve Pasifik'e baglayan hayati bir ticaret yolunun tam ortasinda yer almaktadir. Sömürge döneminden önce bölge, Sumatra'daki Srivijaya, Java'daki Majapahit ve Malay sultanliklari agi gibi bir dizi yerli imparatorluga ev sahipligi yapiyordu. Avrupalilar bölgeye geldiklerinde, Ispanyollar ve Portekizliler yerel halki Katoliklige döndürmeye çalistilar (basarisiz oldular), Ingilizler ve Hollandalilar ise baharat ticaretinden faydalanmak istediler. Ancak 1800'den önce Singapur adasi, Malay anakarasinda suyun hemen karsisinda bir Malay kralligi olan Johor Sultanligi'nin kontrolü altinda küçük bir balikçi köyü olarak kaldi.</Text>
    </Row>
    <Row Tag="LOC_PEDIA_CITYSTATES_PAGE_CIVILIZATION_SINGAPORE_CHAPTER_HISTORY_PARA_2">
      <Text>Ancak 1819'da ada, potansiyel olarak kârli konumuyla, Hint afyonunun Ingiliz gemileriyle Cin pazarlarina ulasmasini saglamak için Bogazlari kontrol etmek isteyen Britanya Imparatorlugu'nun gözüne girdi. Bir Ingiliz subayi olan Sir Stamford Raffles, Johor'da bir darbe düzenledi ve yeni kurulan sultan da ödül olarak Ingilizlere adanin haklarini verdi - tam da Raffles'in planladigi gibi. Singapur, bölgedeki Ingiliz sömürge operasyonlarinin merkezi olarak önem kazandi: sadece bir ticaret merkezi degil, ayni zamanda yeni nakit mahsuller için bir laboratuvar ve Hindistan'daki Ingiliz varliginin doguya dogru bir uzantisi. Ingilizler adaya bir dizi yeni göçmen getirdi: Güney Cin'den Hokkien, Kanton ve Hakka göçmenleri  Güney Hindistan'dan Tamil isçileri ve Malaya'nin baska yerlerinden yeni göçmenler. Singapur, Malaya'daki Ingiliz kolonilerinin hayati kalbi haline geldi: Bogazlar Yerlesimleri olarak bilinecek olan yer.</Text>
    </Row>
    <Row Tag="LOC_PEDIA_CITYSTATES_PAGE_CIVILIZATION_SINGAPORE_CHAPTER_HISTORY_PARA_3">
      <Text>1900'lü yillarda Singapur'un kaderi bir kez daha degisti. Japon Imparatorluk ordusu Ikinci Dünya Savasi'nda ölümcül bir kusatmayla adayi ele geçirdi. Japonlar sonunda teslim olurken, Ingilizlerin adayi korumadaki basarisizligi, Bogaz Yerlesimleri nüfusunun sömürge yönetimine geri dönme konusunda isteksiz oldugu anlamina geliyordu - Avrupa emperyalizmi dönemi sona ermisti. Kitlesel gösteriler ve ajitasyon yoluyla sonunda bagimsizliklarini kazandilar, ancak bir sonraki soru ortaya çikti: Ingiliz sonrasi Malaya'nin karakteri ne olacakti? Cogunlugu Müslüman olan Malaya, Malaylari eski koloninin dogal mirasçilari, Cinlileri ise yabanci olarak görüyordu. Kanli etnik siddet olaylari yasandi ve etnik Cinliler büyük sayilarla çogunlugu Cinli olan Singapur'a ve Singapur'un lideri Lee Kuan Yew'e kaçti. Gergin müzakerelerin ardindan Malaya -simdiki Malezya- 1965 yilinda Singapur'u disladi.</Text>
    </Row>
    <Row Tag="LOC_PEDIA_CITYSTATES_PAGE_CIVILIZATION_SINGAPORE_CHAPTER_HISTORY_PARA_4">
      <Text>Lee, Singapur'un basarisiz olmasini istemiyordu ve zaman zaman agir bir el ile yöneterek etnik ve isçi gerilimlerini herkesin ekonomik refahina olan bagliligi ile dengelemeye çalisti. Belki Lee'nin kararliligi, belki de Singapur'un Bogazlar'daki tesadüfi konumu nedeniyle Singapur 21. yüzyila ekonomik bir güç merkezi olarak girdi. Bugün yaklasik alti milyonluk kozmopolit nüfusu ve küresel bakis açisiyla Singapur, bölgede siyasi açidan istikrarli ama ekonomik açidan dinamik bir güç olmaya devam ediyor. Singapur, hem çevresindeki isçilerden ve zenginliklerden yararlanan bir sömürge mirasi hem de Lee'nin oglu Lee Hsien Loong yönetiminde "yumusak otoriter" bir siyasi yönelim tasimakla birlikte, bagimsiz bakis açisini ve her seyden önce siyasete pragmatik yaklasimini korumaktadir.</Text>
    </Row>
    <Row Tag="LOC_PEDIA_CITYSTATES_PAGE_CIVILIZATION_CAGUANA_CHAPTER_HISTORY_PARA_1">
      <Text>Kolomb Karayipler'e yelken açtiginda karsilastigi ilk halk, günümüzde Porto Riko, Hispaniola ve Küba'da yasayan bir grup tarim insani olan Taino'lardi. Tainolar anasoylu bir toplumdu - soyu anne soyundan sayiyorlardi - ve Taino kadinlari ve erkekleri ayri topluluklar halinde yasiyorlardi. Zaman zaman kanolarla Taino yerlesimlerine baskinlar düzenleyen daha savasçi Karayiplerle ("Karayip" kelimesini buradan aliyoruz) sürekli gerilim içinde yasadilar, ancak buna ragmen Tainolar farkli bir soylu sinifi, karmasik bir dini ve sporu olan gelisen bir toplum kurmayi basardilar.</Text>
    </Row>
    <Row Tag="LOC_PEDIA_CITYSTATES_PAGE_CIVILIZATION_CAGUANA_CHAPTER_HISTORY_PARA_2">
      <Text>Arkeologlar Kolomb karaya çiktiginda bölgede belki de iki milyon Taino'nun yasadigini tahmin etmektedir. Ancak bu sayi, hastalik, kölelestirme ve savasin karisimi Taino'yu harap ettikçe düsecektir. Kolomb'un gelisinden on yil kadar sonra yazan Ispanyol rahip Bartolome de las Casas, aradan geçen yillarda üç milyon insanin öldügünü tahmin ediyordu. "Gelecek nesillerde buna kim inanir?" diye merak ediyordu.</Text>
    </Row>
    <Row Tag="LOC_PEDIA_CITYSTATES_PAGE_CIVILIZATION_CAGUANA_CHAPTER_HISTORY_PARA_3">
      <Text>Taino halki için önemli bir merkez olan Caguana bölgesi Porto Riko'nun merkezinde yer almaktadir. Otuza yakin top sahasi - Mezoamerikan top oyununun oynandigi arenalar - içermektedir. Ayrica petrogliflerle kapli oyma taslar, yakindaki daglari tanrilariyla iliskilendiren Taino halki için bölgenin önemini kanitlamaktadir. Caguana, 1200'lü yillardaki zirvesinde dini senliklerin, astronomik gözlemlerin ve sporun yapildigi bir yerdi - Taino için muhtemelen baglantili olan faaliyetler. Porto Riko için bir kültürel miras alani olmaya devam etmektedir.</Text>
    </Row>
    <Row Tag="LOC_PEDIA_CITYSTATES_PAGE_CIVILIZATION_LAHORE_CHAPTER_HISTORY_PARA_1">
      <Text>Lahor, bugün önemli bir dünya kenti ve Himalayalar'in güneyinde yer alan ve Hindistan ile Pakistan arasinda bölünmüs kurak bir bölge olan Pencap bölgesinde bir ticaret ve kültür merkezidir. Sehir Babür Imparatorlugu, kisa ömürlü Sih Imparatorlugu ve Ingiliz Hindistan'inda önemli roller oynamistir ve su anda Pakistan'in ikinci büyük sehridir. Asya'daki iç ticaret yollarinin kavsagi olmasinin yani sira Lahor, Pakistan ve ötesi için önemli bir kültür baskenti olmaya devam etmektedir.</Text>
    </Row>
    <Row Tag="LOC_PEDIA_CITYSTATES_PAGE_CIVILIZATION_LAHORE_CHAPTER_HISTORY_PARA_2">
      <Text>Lahor'a ilk yerlesim muhtemelen M.S. ilk bin yilda olmustur, ancak asil yükselisi Mogol ordularindan arta kalan, Islam'i kabul eden, yerlesen, kültürlesen ve 16. yüzyildan 19. yüzyila kadar Güney Asya'yi yöneten Babür Imparatorlugu döneminde gerçeklesmistir. Babürlü yöneticiler Lahor'da, sehir disina çikan yollardaki devasa kapilar ve kutsal mekanlar olan azizlerin mezarlari ve kraliyet camileri de dahil olmak üzere, cömertçe insa ettiler. 18. yüzyila gelindiginde Lahor'un zenginligi dünyaca ünlü hale geldi  hatta Lahor, Milton'un Kayip Cennet'inde, Milton'un Adem'ine bir dünya harikasi olarak gösterilen "Büyük Babür'ün Koltugu" olarak bir zenginlik ve güç sehri olarak anildi. Diger Ingiliz yazarlar da benzer sekilde sehre hayran kalmislardir: sömürgeci Ingiliz yazar Rudyard Kipling Lahor'u "ögle sicagi insan seslerini susturdugunda ve caminin güvercinlerini uyuttugunda bile güzelliklerle dolu" olarak tanimlar ve çocukken Lahor'un Ermeni yapimi büyük "Zam-Zammeh" topunu gördügünde kendinden geçer.</Text>
    </Row>
    <Row Tag="LOC_PEDIA_CITYSTATES_PAGE_CIVILIZATION_LAHORE_CHAPTER_HISTORY_PARA_3">
      <Text>Babür Imparatorlugu gerilemeye basladikça bölgede yeni güçler ortaya çikti ve Pencap için savastilar. Lahor'u ilk ele geçirenler, 1758'de sehri Babürlülerden alan Maratha'nin Hindu ordulari oldu. Ancak Marathalar Babürlüler kadar uzun ömürlü olmadi ve Lahor tekrar el degistirerek Sih ve Afgan güçlerinin eline geçti. Sehir 1799 yilinda Ranjit Singh yönetimindeki Sih Imparatorlugu'nun merkezi haline geldi. "Pencap Aslani" Singh, yeni bir imparatorluk için yeni bir ordu kurmaya çalisti ve bunu yaparken hem uluslararasi hem de yerel güç kaynaklarina ulasti, birliklerini egitmek için Napolyon'un ordusundan askerler getirdi ve vahsi Nihang savasçi-rahiplerini güçlerine katti. Ancak Sih imparatorlugu Singh olmadan devam edemedi ve Singh'in ölümünden sonra bölge tamamen Ingiliz imparatorluguna baglandi.</Text>
    </Row>
    <Row Tag="LOC_PEDIA_CITYSTATES_PAGE_CIVILIZATION_LAHORE_CHAPTER_HISTORY_PARA_4">
      <Text>Ingiliz yönetimindeki Lahor, sömürge yetkililerinin yeni insaatlar için Babür bölgesini terk etmesiyle sehrin tamamen yeni bir mahallesinin gelisimine tanik oldu. Pencap, Ingilizler için bazi sorunlar arz ediyordu: Catismali bir sinira yakindi ve Ingilizlerin yogunlastigi limanlardan uzakti. Gerçekten de Lahor, 1929 yilinda Pandit Nehru'nun Ingiltere'den "tam bagimsizlik" ilan ettigi ve üç renkli Hint bayragini göndere çektigi yer olarak Hindistan bagimsizlik hareketi için önemli bir merkez haline geldi.</Text>
    </Row>
    <Row Tag="LOC_PEDIA_CITYSTATES_PAGE_CIVILIZATION_LAHORE_CHAPTER_HISTORY_PARA_5">
      <Text>Ancak bagimsizligin ardindan kanli bölünme olayi geldi. Kendisini Müslüman bir ulus olarak ilan eden Pakistan'in Hindistan'dan ayrilmasiyla ayaklanmalar patlak verdi. Hindular ve Müslümanlar kitlesel bir siddet çilginligi içinde birbirlerini öldürdüler. Lahor da bir istisna degildi ve Hindularin yaygin bir sekilde katledilmesine tanik oldu. Lahor'da yasayan bir Hindu olan Indira Kumar, çocukken siddetten kaçip daglara siginirken, "Özgürlügün bedeli nedir ve ne için?" diye merak ediyordu.</Text>
    </Row>
    <Row Tag="LOC_PEDIA_CITYSTATES_PAGE_CIVILIZATION_LAHORE_CHAPTER_HISTORY_PARA_6">
      <Text>Bölünmenin sona ermesi siddetin de sona erdigi anlamina gelmiyordu. Lahor, 1965 yilinda Hindistan ve Pakistan'in yeniden savastigi bir baska siddet olayinda hasar gördü. Bugün Lahor varligini sürdürmektedir. Pakistan'in Pencap eyaletinin baskentidir ve 10 milyondan fazla nüfusa ev sahipligi yapmaktadir.</Text>
    </Row>
    <Row Tag="LOC_PEDIA_CITYSTATES_PAGE_CIVILIZATION_VATICAN_CITY_CHAPTER_HISTORY_PARA_1">
      <Text>Vatikan Sehri, 0,2 mil kareden daha az bir alan ve 1.000 sakini ile dünyanin en küçük egemen devletidir. Vatikan'in mirasi, Katolik Kilisesi'nin ve bir milyardan fazla takipçisinin idari kalbi olan Kutsal Makam'in evi olarak yaklasik iki bin yil öncesine dayanmaktadir.</Text>
    </Row>
    <Row Tag="LOC_PEDIA_CITYSTATES_PAGE_CIVILIZATION_VATICAN_CITY_CHAPTER_HISTORY_PARA_2">
      <Text>Adini üzerinde bulundugu tepeden alan Vatikan, Roma'nin tarihi kalbinden Tiber Nehri'nin karsisinda yer almaktadir. Romalilar için Vatikan Tepesi pagan tanrilarin mezarlarinin ve tapinaklarinin bulundugu bir yerdi ve Roma Imparatoru Neron bahçelerini ve devasa eglence kompleksini bu alana insa etti. Ve Katolik gelenegine göre Havari Petrus'u bas asagi çarmiha gerdigi yer de bu kompleksti. Ancak Neron'un sirki ayakta kalamazken, 300'lü yillarda Roma Imparatoru Konstantin, havarinin öldügü yere Aziz Petrus Bazilikasi'ni insa etti. Konstantin ayrica Imparatorluk genelinde popüler hac yerleri belirledi ve böylece Vatikan gezginler için popüler bir yer haline geldi. Bu da yeni tadilatlarin yapilmasini gerektirdi - konaklama yerleri, bir pazar yeri (Borgo) ve daha yüksek ve daha ayrintili duvarlar.</Text>
    </Row>
    <Row Tag="LOC_PEDIA_CITYSTATES_PAGE_CIVILIZATION_VATICAN_CITY_CHAPTER_HISTORY_PARA_3">
      <Text>Belki de Neron ve bahçelerinden nihai bir intikam olarak Vatikan, çilgin Imparator'unkini çok asan bir Rönesans sanati merkezi haline geldi ve en ünlüsü Papa Julius II tarafindan yaptirilan Michelangelo'nun 1508 tarihli tavani ile Sistine Sapeli'ne ev sahipligi yapti. Julius ayrica bin yillik Aziz Petrus Bazilikasi'ni yeniden sekillendirmeye çalismis ve yüz yildan fazla bir süre sonra, 1626'da tamamlanan yeni bir bazilika yaptirmistir.</Text>
    </Row>
    <Row Tag="LOC_PEDIA_CITYSTATES_PAGE_CIVILIZATION_VATICAN_CITY_CHAPTER_HISTORY_PARA_4">
      <Text>Katolik Kilisesi'nin kalbi olan Vatikan, birçok önemli kararin alindigi yerdi. Bati Roma Imparatorlugu'nun çöküsü, Dogu Ortodoks Kilisesi ile yasanan bölünme ve Orta Cag boyunca varligini sürdürmüstür. 14. yüzyilda papalar Vatikan'i kisa bir süreligine Fransa için terk etti, ancak birkaç on yil sonra geri döndü. Katolik krallar mesrulastirma ve destek için Vatikan'a basvurdular ve bu yeterli olmayinca girisimci papalar Italya'ya dogru genisleyerek Papalik Devletlerini kurdular.</Text>
    </Row>
    <Row Tag="LOC_PEDIA_CITYSTATES_PAGE_CIVILIZATION_VATICAN_CITY_CHAPTER_HISTORY_PARA_5">
      <Text>Ancak seküler güçler yükselisteydi ve 1870'te artik birlesmis olan Italya, Vatikan disindaki papalik topraklarini ele geçirdi. Bu çatisma, Benito Mussolini'nin Vatikan'in kayiplarini tazmin ettigi ve Vatikan'i egemen bir devlet olarak tanidigi 1929 yilina kadar çözümsüz kaldi.</Text>
    </Row>
    <Row Tag="LOC_PEDIA_CITYSTATES_PAGE_CIVILIZATION_VATICAN_CITY_CHAPTER_HISTORY_PARA_6">
      <Text>Bugün Papa hala Vatikan'da ikamet etmektedir ve Vatikan dünya meselelerinde kültürel, dini ve siyasi olarak önemli bir ses olmaya devam etmektedir. Etkileyici sanat müzelerine, mimari özelliklere ve bahçelere ev sahipligi yapmaya devam etmektedir.</Text>
    </Row>
    <Row Tag="LOC_PEDIA_CITYSTATES_PAGE_CIVILIZATION_TARUGA_CHAPTER_HISTORY_PARA_1">
      <Text>Taruga, Nijerya'nin merkezinde bulunan ve Bati Afrika'daki en eski demir üretimine dair kanitlariyla önem tasiyan bir arkeolojik alanin adidir. Buna ek olarak, bu bölgede ilk sanatsal ve bilimsel gelismelerden bazilari olan ayrintili saç stilleri ve uzun yüzleri ile ilgi çekici pismis toprak figürler ortaya çikmistir.</Text>
    </Row>
    <Row Tag="LOC_PEDIA_CITYSTATES_PAGE_CIVILIZATION_TARUGA_CHAPTER_HISTORY_PARA_2">
      <Text>Taruga'da yasayan insanlarin sehirlerine verdikleri isim de kendilerine verdikleri isim gibi tarihe karisti. Arkeologlar, baska bir ikonik bölgeye atfen onlari "Nok kültürü" olarak adlandirmislardir. Arkeologlar "Nok halki" ya da "Nok imparatorlugu" yerine "Nok kültürü" terimini kullanmaktadirlar, çünkü siyasi bir birligi paylasip paylasmadiklarini, belirli bir halk mi yoksa ortak bir kültürü paylasan bir grup mu olduklarini bilmiyoruz. Günümüz Portekiz'i ile ayni büyüklükte ve baskent Abuja da dahil olmak üzere günümüz Nijerya'sinin çogunu kapsayan bir bölgede yasiyorlardi. Yeni arkeolojik arastirmalara göre Nok kültürü M.Ö. 500'lerde en büyük boyutuna ulasmis olsa da, yaklasik bin yil önce ortaya çikmis olabilirler. Basit akrabalik iliskilerinin ötesine geçen, seçkin bir yönetici sinifi da içeren bir sosyal örgütlenme sistemine sahiptiler. Nok heykellerinde balkabagi, yerlesimlerinde ise sorgum ve dari tanelerinin izlerine rastlanmistir. Nok nüfusu büyüdükçe, bu ürünlerin kontrolü, ticareti ve depolanmasi giderek daha önemli ve karmasik hale gelmis, bu da büyük tahil ambarlarina ve ticaret aglarina yol açmistir.</Text>
    </Row>
    <Row Tag="LOC_PEDIA_CITYSTATES_PAGE_CIVILIZATION_TARUGA_CHAPTER_HISTORY_PARA_3">
      <Text>Noklarin dünya tarihinde en önemli iki özelligi vardir: demir islemeyi erken kesfetmeleri ve pismis toprak heykelleri. Nok demirhaneleri tarim aletlerinin yani sira savas aletleri de üretmistir - savas Nok sanatinda önemli bir yer tutmasa da, Nok oklari ve mizraklari farkli bir hikaye anlatir. Nok heykelleri gündelik ve fantastik olanin bir karisimidir. Birçogu ritüel silahlar tasiyan, küçük kare sakalli ve biyiklari sadece agizlarinin köselerinde uzamis erkeklerdir. Digerleri ise insan-hayvan melezidir: insan gözlü bir fil, kus gagali adamlar, vs.</Text>
    </Row>
    <Row Tag="LOC_PEDIA_CITYSTATES_PAGE_CIVILIZATION_TARUGA_CHAPTER_HISTORY_PARA_4">
      <Text>Nok, bilinmeyen nedenlerden dolayi MS 200 civarinda gerilemistir. Ancak daha sonraki Bati Afrika uygarliklarini etkiledikleri açiktir ve erken bir tarihte inovasyon ve bilimsel üretimin bir örnegidirler.</Text>
    </Row>
    <Row Tag="LOC_PEDIA_CITYSTATES_PAGE_CIVILIZATION_HUNZA_CHAPTER_HISTORY_PARA_1">
      <Text>Ispanyollar Güney Amerika'ya vardiklarinda, "El Dorado", "altin olan", bir altin sehri hikayeleri onlari cezbetti. Büyülenmelerinin çogu basit bir açgözlülükten kaynaklansa da, daha sonraki yazarlar, batan günesin altinda kerpiçten pueblo sehirlerinin görüntüsünün kasiflerin hayal güçleri üzerinde ne gibi etkileri olabilecegini merak etmislerdir. Bu tür fanteziler pek çok Güney Amerika kentinin katiksiz zenginligiyle beslenmis olabilir. Muisca halkinin kalbi Hunza, altinla dolup tasan böyle bir yerdi. Ispanyollar burayi bulduklarinda Güney Amerika'nin en zengin kralliklarindan biriydi ve Muisca'yi fethettikten sonra topraklarini Kolombiya'ya dönüsecek olan Ispanyol yerlesimlerinin baskenti yaptilar.</Text>
    </Row>
    <Row Tag="LOC_PEDIA_CITYSTATES_PAGE_CIVILIZATION_HUNZA_CHAPTER_HISTORY_PARA_2">
      <Text>Chibcha dilini konusan Muisca halki, Ispanyollar geldiginde yaklasik 120.000 ila 160.000 kisi arasindaydi. Biri zipa olarak bilinen krallar, digeri zaque olarak bilinen krallar tarafindan yönetilen iki ana yönetime bölünmüslerdi. Bunlar bir tür konfederasyonun krallariydi: yari özerk topluluklardaki bireyler bir kaptan tarafindan birlestirilir, o da iktidardaki zaque'ye (ya da zipa) hesap verirdi. Muisca köyleri, sazdan çatilari, karmasik bir ilahlar panteonuna ait tapinaklari ve yöneticiler için saraylari ile oldukça yogundu. Birçok toplumda oldugu gibi din ve hükümdarlik birbirine bagliydi ve zipa ve zaque ezoterik büyülü bilgi kaynaklari üzerinde hak iddia ederek mesruiyetlerini genislettiler.</Text>
    </Row>
    <Row Tag="LOC_PEDIA_CITYSTATES_PAGE_CIVILIZATION_HUNZA_CHAPTER_HISTORY_PARA_3">
      <Text>Muisca topraklari zengin ama kurakti. Misir yetistirirken, daha sulak ovalarda yasayan komsularina da baskinlar düzenleyerek tahilin yani sira tarla ve ev islerinde çalistirilmak üzere köleler ve insan kurbanlari da götürüyorlardi. Muisca savasçilari dehset vericiydi  bu "guecha savasçilari" bazen güçlerini göstermek için sirtlarinda mumyalanmis cesetler tasirlardi - gerçekten de isimlerinin bir çevirisi "ölüm getiren adam" anlamina gelmektedir. Daha barisçil zamanlarda Muisca, zengin madenlerinden elde ettikleri ganimetlerin yani sira özenle islenmis tekstil ürünlerini de komsulariyla takas ederdi. Bugün oldugu gibi, And Daglari'nin bu bölgesindeki madenler zümrüt ve kömür (Muisca'nin ev atesi için kullandigi) üretmektedir. Ve tabii ki Muisca altin isliyordu.</Text>
    </Row>
    <Row Tag="LOC_PEDIA_CITYSTATES_PAGE_CIVILIZATION_HUNZA_CHAPTER_HISTORY_PARA_4">
      <Text>Muiska'lar altin içinde yüzüyorlardi, bazen kelimenin tam anlamiyla. Guatavita Gölü'nde tanrilara adaklarini yerine getirirken Muisca adanmislari kendilerini altin tozuna boyar ve suda yikanirlardi. Zipa ve zaque süsleri som altindandi (Muisca madenlerinden degil, ticaret yoluyla elde edilen altin) ve böyle bir figürle karsilasmak Ispanyollarin aklina fetihten elde edilebilecek kârlari ya da tamamen metalden yapilmis efsanevi bir uzak sehri getirmis olmali. 1537'de El Dorado'yu arayan bir Ispanyol kesif birligi Bogota savanasina, yani Muisca bölgesinin kalbi olan tarih öncesi göl yatagina ulasti.</Text>
    </Row>
    <Row Tag="LOC_PEDIA_CITYSTATES_PAGE_CIVILIZATION_HUNZA_CHAPTER_HISTORY_PARA_5">
      <Text>Muisca lideri Quemuenchatocha, Ispanyollarin olusturdugu tehdidi fark etti ve onlardan saklanmaya çalisti. Ancak bu uzun sürmedi  Ispanyollar onu altin ve zümrütlerle süslenmis olarak bulduklarinda, arkadaslari kaçti. Ispanyollar onun degerli esyalarini ve kendisini ele geçirdi. Onun topraklari üzerinde - Hunza - Ispanyol kasabasi Tunja insa edildi ve verimli Muisca topraklari üzerinde daha sonra Bogota'nin baskenti kurulacakti.</Text>
    </Row>
    <Row Tag="LOC_PEDIA_CITYSTATES_PAGE_CIVILIZATION_HUNZA_CHAPTER_HISTORY_PARA_6">
      <Text>Bugün, yakin zamanda yapilan bir nüfus sayimina göre Kolombiya'da on bes binden az Muisca kalmistir. Yerel gruplar son zamanlarda Kolombiya'daki çevresel yikimi protesto etmek ve kültürel miraslarini korumak için konseyler olusturdu.</Text>
    </Row>
    <!-- great people -->
    <Row Tag="LOC_PEDIA_GREATPEOPLE_PAGE_GREAT_PERSON_INDIVIDUAL_COMMANDANTE_JOSE_DE_SUCRE_CHAPTER_HISTORY_PARA_1">
      <Text>"Ekvador ve Peru'nun Kurtaricisi" olarak anilan Antonio José de Sucre, Ispanya'ya karsi bagimsizlik savaslari sirasinda Simon Bolívar'in bas tegmeniydi. Askeri kariyerine 15 yasinda basladi ve kisa sürede cumhuriyetçi (Ispanyol yanlisi kraliyetçilere karsi) davaya dahil oldu. En ünlü zaferi, daginik ve düzensiz bir cumhuriyetçi orduyla karsilasmayi bekleyen kralci güçlerin aptalca bir sekilde güçlerini dagitip Sucre'ye saldirdigi Ayacucho savasinda geldi. Sucre'nin askerleri saglam durdu ve kralcilarin kanat manevrasini daha pozisyon alamadan yok etti. Bu savas Peru'nun ve Güney Amerika'nin daglik bölgelerinin bagimsizligini güvence altina aldi.</Text>
    </Row>
    <Row Tag="LOC_PEDIA_GREATPEOPLE_PAGE_GREAT_PERSON_INDIVIDUAL_COMMANDANTE_JOSE_DE_SUCRE_CHAPTER_HISTORY_PARA_2">
      <Text>Sucre daha sonra bugün Bolivya olan Yukari Peru'nun ilk seçilmis lideri oldu ve gümüs zengini bölgeyi geri almak için Ispanyol yanlisi birkaç girisimi yenilgiye ugratti. Ancak zaferden sonra yerel generaller kendi aralarinda savasmaya basladi. Sucre'nin özellikle Katolik topraklarini yeni ulusa mal etme girisimi Güney Amerika'daki muhafazakar unsurlari rahatsiz etti. Rakibinin bagimsiz bir Ekvador yaratma planinin bir parçasi olarak 1830'da pusuya düsürüldü ve suikaste ugradi.</Text>
    </Row>
    <Row Tag="LOC_PEDIA_GREATPEOPLE_PAGE_GREAT_PERSON_INDIVIDUAL_COMMANDANTE_PAULA_SANTANDER_CHAPTER_HISTORY_PARA_1">
      <Text>Uzun süre Simon Bolívar'in muadili olan Francisco de Paula Santander, Kurtarici'nin hem müttefiki hem de düsmaniydi ve bugüne kadar en büyük Kolombiyali kahramanlardan biri olarak kaldi. Kolombiya'daki Ispanyol gücünün kalbine yönelik bir saldiri olan Boyaca Muharebesi'nde iki bas komutandan biri olarak görev yapmis, Bolívar'la birlikte Ispanyollari hazirliksiz yakalamak için yagmurla tasan nehirlerden ve buzlu dag geçitlerinden geçen zorlu bir yürüyüste birliklere liderlik etmistir. Bu savas Kolombiya'nin zaferini garantiledi ve savasin basarisi Bolivar'in Gran Kolombiya'nin kurtulusunun tamamlandigini ilan etmesine yol açti.</Text>
    </Row>
    <Row Tag="LOC_PEDIA_GREATPEOPLE_PAGE_GREAT_PERSON_INDIVIDUAL_COMMANDANTE_PAULA_SANTANDER_CHAPTER_HISTORY_PARA_2">
      <Text>Ancak ortakliklari zor günler görecekti. Bolivar liderler için ömür boyu yönetimden yanayken ve kendisi için bir kisilik kültü gelistirirken, Santander, daha sonra bilinen adiyla "Kanunlarin Adami", anayasal yönetimden yanaydi. Bolivar kendisini diktatör ilan ettiginde, Santander'in hiçbir sekilde destekleyemeyecegi bir sey olan muhalefeti daha da güçlendi. Muhalefeti ona, general arkadaslari da dahil olmak üzere Bolivar'in destekçilerinin çogunun düsmanligini kazandirdi. Ancak Bolívar'in destekçilerinin yani sira Santander, Gran Kolombiya'nin daha küçük, bagimsiz birimlere bölünmesini isteyenlerle de karsi karsiya kaldi.</Text>
    </Row>
    <Row Tag="LOC_PEDIA_GREATPEOPLE_PAGE_GREAT_PERSON_INDIVIDUAL_COMMANDANTE_PAULA_SANTANDER_CHAPTER_HISTORY_PARA_3">
      <Text>Bolivar'a karsi bir komploya adi karisan Santander sürgüne gönderildi. Ancak Bolivar yumusadi ve yillar sonra Gran Kolombiya daha küçük devletlere bölündükten sonra Santander'in geri dönmesine izin verildi. Yeni Granada'nin baskani oldu ve bugün Kolombiya'da, özellikle hukukun üstünlügünü ve askeri gücün denetlenmesini destekleyenler için merkezi bir figür olmaya devam ediyor.</Text>
    </Row>
    <Row Tag="LOC_PEDIA_GREATPEOPLE_PAGE_GREAT_PERSON_INDIVIDUAL_COMMANDANTE_ANTONIO_PAEZ_CHAPTER_HISTORY_PARA_1">
      <Text>At sirtindaki becerisi nedeniyle "Ovalarin Centaur'u" olarak adlandirilan José Antionio Páez, tarih yazari Mike Duncan'a göre, Venezuela'nin uzak güneyindeki çimenli bir ova olan "llanos "ta dogmus "kisa boylu, tiknaz, okuma yazma bilmeyen bir kovboy "du. Páez, askeri kariyerinden önce bir çiftlik isçisi ve sigir çobaniydi. Ancak devrim dalgasi Güney Amerika'yi kasip kavururken, Páez bir grup llaneros'u -Venezuelali kovboylari- sasirtici derecede etkili bir süvari birligi olarak örgütledi. Bu konuda genellikle Bolivar'dan bagimsiz hareket etti ve Bolivar'in generali Santander'in katilma girisimlerini reddetti. Ancak Páez ve Bolívar sonunda karsilastiklarinda, yikici bir güç olduklarini kanitladilar. Bir savasta, Páez 1100 adamini 4000 kralciya karsi yönetti ve Ispanyollari defalarca sasirtarak zafere ulasti. Atlilarini geceleyin kamplarina sokmus, kuru topragi toz haline getirdikten sonra üzerine hücum etmisti. Ardindan, Ispanyollar kuru otlarla kapli bir alanda yeniden toplanirken, Páez otlari atese verdirdi ve adamlarini alevlerin arasindan Ispanyollarin üzerine sürdü.</Text>
    </Row>
    <Row Tag="LOC_PEDIA_GREATPEOPLE_PAGE_GREAT_PERSON_INDIVIDUAL_COMMANDANTE_ANTONIO_PAEZ_CHAPTER_HISTORY_PARA_2">
      <Text>Bagimsizliktan sonra Páez, Venezüella egemenliginin sadik bir savunucusu olarak kaldi ve Gran Colombia'nin otoritesine ve Santander yönetimine karsi bir isyana liderlik etti (Páez, otoriter ve karizmatik Bolívar'i "Kanunlarin Adami" Santander'e tercih etti). Venezüella bagimsiz olduktan sonra Páez ilk devlet baskani oldu. Ama bu uzun sürmedi. Rakipleri onu tahttan indirdi ve Ovalarin Centaur'u kendini yeniden kendi Venezüella'si için savasirken buldu.</Text>
    </Row>
    <Row Tag="LOC_PEDIA_GREATPEOPLE_PAGE_GREAT_PERSON_INDIVIDUAL_COMMANDANTE_URDANETA_CHAPTER_HISTORY_PARA_1">
      <Text>Rafael Urdaneta, Bolivar'in Venezüella'daki Ispanyol yönetimine karsi yürüttügü "Takdire Sayan Sefer "de generaldi ve bagimsizliktan sonra üst düzey bir devlet adami oldu. Urdaneta'dan "Dahi" olarak bahseden Bolivar'a siddetle sadik olan Urdaneta, onu iç ve dis tehditlere karsi korumaya çalisti.</Text>
    </Row>
    <Row Tag="LOC_PEDIA_GREATPEOPLE_PAGE_GREAT_PERSON_INDIVIDUAL_COMMANDANTE_URDANETA_CHAPTER_HISTORY_PARA_2">
      <Text>Bagimsizliktan sonra Urdaneta, Bolívar'in bir baska sirdasi olan ve anayasal yönetimi savunan (Bolívar'in kendisi tarafindan daha otoriter, kisilik merkezli bir yönetim yerine) Francisco de Paula Santander ile çatisti. Santander, Bolivar'a sadik birlikleri baskentten uzaklastirmaya çalisti, ancak bunu yaparken Santander'e sadik gruplar ile Bolivar'a sadik olanlar arasinda bir kavgaya neden oldu. Santander'in gitmesiyle Urdaneta Kolombiya'nin kontrolünü ele geçirdi ve yasli ve zayif Bolivar'i iktidara dönmeye ikna etmeye çalisti. Bolívar bunu reddedince Urdaneta, Santander yanlisi güçler tarafindan tahttan indirildi.</Text>
    </Row>
    <Row Tag="LOC_PEDIA_GREATPEOPLE_PAGE_GREAT_PERSON_INDIVIDUAL_COMMANDANTE_MARINO_CHAPTER_HISTORY_PARA_1">
      <Text>Gran Colombia genis bir bölgede çatismalara sahne oluyordu. Bolivar, Venezüella'yi kurtarmak için "Takdire Sayan Sefer "de oldugu gibi, zaman zaman dogrudan çatismali bir bölgeye askeri seferler düzenledi. Ancak zaman zaman cumhuriyetçi (kraliyet karsiti) ordular neredeyse bagimsiz hareket ediyor gibi görünüyordu. Santiago Mariño'nun durumu da böyleydi. Aslen bugünkü Venezüella'nin Margarita adasindan olan Mariño, bölgeyi Ispanyollardan tek basina kurtarmaya çalisti. Bolívar batidan isgal ederken, Mariño dogudan Venezüella'ya saldirdi. Her ikisi de ayni amaç ugruna savastigini iddia ediyordu ama ikisi de digerinin baskin oldugunu kabul etmiyordu. Bir rivayete göre Mariño, tam askeri üniformasini giymis olarak bir keresinde atasesine söyle böbürlenmisti: "Antonio, ben gencim, zenginim, yakisikliyim, 25 yasinda bir generalim! Neyim eksik?" Asistani basitçe "Sagduyu" diye cevap vermis.</Text>
    </Row>
    <Row Tag="LOC_PEDIA_GREATPEOPLE_PAGE_GREAT_PERSON_INDIVIDUAL_COMMANDANTE_MARINO_CHAPTER_HISTORY_PARA_2">
      <Text>Mariño sonunda geri çekilmek zorunda kaldi ve Bolívar ona Venezüella cephesinin komutasini verdi. Ikili birlikte savasmaya devam etti ve hatta Gran Kolombiya'nin bati yarisini yönetmeye çalisan kendi generallerinden biri olan José Ribas tarafindan birlikte tutuklandilar.</Text>
    </Row>
    <Row Tag="LOC_PEDIA_GREATPEOPLE_PAGE_GREAT_PERSON_INDIVIDUAL_COMMANDANTE_MARINO_CHAPTER_HISTORY_PARA_3">
      <Text>Buna ragmen Mariño kendi Venezüella devletinin hayalini her zaman aklinda tuttu. José Antonio Páez'in sonunda bagimsiz bir Venezüella ilan etmesinin ardindan Mariño da bagimsiz bir "Dogu Devleti" ilan etti. Mariño, dogmakta olan devleti yikilinca kaçmak zorunda kaldi, ancak mahkum edilmedi - bir darbe girisimine liderlik edecekti ve daha sonra Páez'in rakipleri iktidari ele geçirip eski Baskani tahttan indirdiginde, onunla sahada karsilasan - ve onu yenen - Mariño oldu.</Text>
    </Row>
    <Row Tag="LOC_PEDIA_GREATPEOPLE_PAGE_GREAT_PERSON_INDIVIDUAL_COMMANDANTE_MACGREGOR_CHAPTER_HISTORY_PARA_1">
      <Text>Tarihçi Richard Slatta Iskoç maceraperesti "zapt edilemez ve belki de tamamen akli basinda olmayan" biri olarak tanimliyor. Bu etiket uygun görünüyor. Gregor MacGregor, Napolyon'a karsi savasmis genç bir Iskoç askeriydi ama asil söhreti, kendisine sövalye ve soylu unvanlari uydurmasi ve Edinburgh'da lüks bir faytonla dolasmasiydi. Latin Amerika'da Ispanyol egemenligine karsi verilen mücadeleyi duyan MacGregor, bu mücadeleye katilmak için Caracas'a tasindi ve devrimci davayi desteklemeye hazir oldugunu ilan etti. MacGregor'un tuhafliklarini görmezden gelen ya da önemsemeyen yerel ordu, emektar bir askerin istihdam edilmesinde fayda gördü ve MacGregor'u askerleri egitmekle görevlendirdi.</Text>
    </Row>
    <Row Tag="LOC_PEDIA_GREATPEOPLE_PAGE_GREAT_PERSON_INDIVIDUAL_COMMANDANTE_MACGREGOR_CHAPTER_HISTORY_PARA_2">
      <Text>Kisa süre sonra kendini yeniden askeri harekâtin içinde buldu ve en ünlü manevrasi bir zafer degil, bir geri çekilmeyi içeriyordu. Ispanyol kuvvetlerine yenildikten sonra MacGregor, pesindeki kralcilarin bir adim önünde durarak birliklerini Venezüella boyunca ilerletti. Ardindan yeni bir kuvvet tarafindan önünün kesildigini görünce, düsmanlarini bir batakliga çekti ve çogunlugu yerli olan okçularinin yaylim atesiyle onlari kistirdi. Bu yüzden Bolivar ona "Amerika'nin Ksenophon'u" lakabini takti ve Pers kuvvetlerini takip ederken sersemleten Yunan komutanin adini verdi.</Text>
    </Row>
    <Row Tag="LOC_PEDIA_GREATPEOPLE_PAGE_GREAT_PERSON_INDIVIDUAL_COMMANDANTE_MACGREGOR_CHAPTER_HISTORY_PARA_3">
      <Text>Daha sonra MacGregor bir dizi tuhaf (yanlis) maceraya basladi. Florida'yi isgal etmeyi tasarladi ve o zamanlar hala Ispanyol olan bölgenin Karayipler'de daha fazla sömürge karsiti müdahale baslatmak için uygun bir üs olacagini düsündü. Ancak bu girisim, kisa süre sonra Florida'yi Ispanya'dan kendisi için satin alacak olan Amerika Birlesik Devletleri tarafindan durduruldu.</Text>
    </Row>
    <Row Tag="LOC_PEDIA_GREATPEOPLE_PAGE_GREAT_PERSON_INDIVIDUAL_COMMANDANTE_MACGREGOR_CHAPTER_HISTORY_PARA_4">
      <Text>Daha sonra Avrupa'ya döndü ve (hayali) bir Güney Amerika ülkesinin lideri oldugunu iddia etti. Zengin Ingiliz ve Iskoç yatirimcilardan para topladi ve ortaya çikmadan önce küçük bir servet biriktirdi - yatirimcilar "Poyais "e vardiklarinda ormandan baska bir sey bulamadilar. Hayatinin ilerleyen dönemlerinde Venezüella'ya dönmüs ve eski yoldaslarini gazi maasiyla emekli olmasina izin vermeleri için ikna etmeyi basarmistir.</Text>
    </Row>
    <Row Tag="LOC_PEDIA_GREATPEOPLE_PAGE_GREAT_PERSON_INDIVIDUAL_COMMANDANTE_PIAR_CHAPTER_HISTORY_PARA_1">
      <Text>Latin Amerika bagimsizlik savaslarinin kaosunda, gelecegin ne olabilecegine dair yeni vizyonlar ortaya çikti, tartisildi ve zaman zaman da yok oldu: Hangi yeni devletler ortaya çikabilir? Nasil yönetileceklerdi? Bu eyaletlerde farkli soylardan gelen insanlara ne olacakti? Manuel Piar bu ütopik umudun bir kisminin yani sira kirilganligini da temsil ediyordu.</Text>
    </Row>
    <Row Tag="LOC_PEDIA_GREATPEOPLE_PAGE_GREAT_PERSON_INDIVIDUAL_COMMANDANTE_PIAR_CHAPTER_HISTORY_PARA_2">
      <Text>Piar bir morisco idi  bu kelime Ispanyol kolonilerinde annesinin Avrupali-Afrikali karisik bir soydan geldigi anlamina geliyordu. Bu da criollo (Avrupa kökenli) yoldaslari tarafindan belli ölçüde ayrimciliga ugradigi anlamina geliyordu ki bu da muhtemelen onun savasma motivasyonunu ve nihayetinde kaderini etkiledi.</Text>
    </Row>
    <Row Tag="LOC_PEDIA_GREATPEOPLE_PAGE_GREAT_PERSON_INDIVIDUAL_COMMANDANTE_PIAR_CHAPTER_HISTORY_PARA_3">
      <Text>Piar, Ingilizleri Curaco'dan kovmakla baslayarak birçok farkli sömürge rejimine karsi savasti. Ardindan, Yeni Dünya'daki ilk gerçek kölelik karsiti devrimlerden biri olan Haiti Devrimi'nde savasmaya devam etti. Haiti'den sonra Piar, Bolívar'a ve Latin Amerika bagimsizlik mücadelesine katildi, ancak daha da ileri gitmeye devam etti - Guayana'yi özgürlestirme (ve muhtemelen ele geçirme) girisiminde Santiago Mariño ile önemli ölçüde birlesti.</Text>
    </Row>
    <Row Tag="LOC_PEDIA_GREATPEOPLE_PAGE_GREAT_PERSON_INDIVIDUAL_COMMANDANTE_PIAR_CHAPTER_HISTORY_PARA_4">
      <Text>Piar'in temel motivasyonu, ister kendi kisisel deneyimlerinden ister Haitili isyancilar arasinda geçirdigi zamandan kaynaklansin, saf Avrupali kani tasimayan Latin Amerikalilarin, yani mestizo nüfusun esit haklara sahip olmasiydi. Bagimsizlik sonrasi Bolivarci rejime karsi yürüttügü ajitasyon nedeniyle unvani elinden alindi ve Guayana'ya geri kaçti. Orada Marino, José Félix Ribas ve Bolivar'in Latin Amerika'sinin sekillenmesinden memnun olmayan diger generallerle isbirligi yapti. Bu isyan onun - ve sadece onun - hayatina mal olacakti. Bolivar onun tutuklanmasini ve ardindan idam edilmesini emretti. Bolivar'in Piar'in ölümünü duyduktan sonra bir pismanlik ifadesi olarak - ya da sadece bir hikaye olarak - "kanimi döktüm" dedigi söylenir.</Text>
    </Row>
    <Row Tag="LOC_PEDIA_GREATPEOPLE_PAGE_GREAT_PERSON_INDIVIDUAL_COMMANDANTE_NARINO_CHAPTER_HISTORY_PARA_1">
      <Text>Latin Amerika bagimsizlik savaslari Fransiz Devrimi'nin hemen ardindan geldi ve kismen bu mücadelenin ideallerinden ilham aldi. Bogotá'nin zengin tüccarlarindan Antonio Nariño için de durum kesinlikle böyleydi.  Nariño, Fransiz ve Amerikan Devrimci liderlerini idol olarak görüyordu (evindeki söminenin üzerine Benjamin Franklin'in bir portresini asmisti). Nariño, Fransiz Insan Haklari Bildirgesi'ni tercüme etti, basti ve Latin Amerika'da yeni ortaya çikan devrimcilere dagitti  bu da Ispanyol yetkililerle basini derde soktu. Bildirge'nin özgür siyasi örgütlenme, ulusal egemenlik ve toplumsal ayrimlarin sadece kamu yarari için var olmasi gerektigi yönündeki çagrilari, Ispanyollarin monarsi fikrine dayanan otorite iddiasina ters düsüyordu. Ancak Nariño isleri daha da ileri götürerek koloni genel valisine Ispanyol yönetiminden "halkin her yerde hosnutsuz oldugunu" yazdi. Bu nedenle Nariño, Devrimin "Öncüsü" olarak adlandirildi. Ayrica tutuklandi.</Text>
    </Row>
    <Row Tag="LOC_PEDIA_GREATPEOPLE_PAGE_GREAT_PERSON_INDIVIDUAL_COMMANDANTE_NARINO_CHAPTER_HISTORY_PARA_2">
      <Text>Ama geri dönecekti. Nariño 1811'de devrimciler tarafindan hapishane hücresinden kurtarildi ve Yeni Granadan güçlerine komuta etmeye devam ederek devrimciler için Popayan'i (Kolombiya'da) ele geçirdi. Devrimlerdeki rolü nedeniyle Nariño'nun adi Kolombiya milli marsinda yer almakta ve günümüz cumhuriyetinin bir kahramani olarak kabul edilmektedir.</Text>
    </Row>
    <Row Tag="LOC_PEDIA_GREATPEOPLE_PAGE_GREAT_PERSON_INDIVIDUAL_COMMANDANTE_MONTILLA_CHAPTER_HISTORY_PARA_1">
      <Text>Mariano Montilla, 1810 yilinda Venezüella devletinin bagimsizlik ilaninda hazir bulunarak bagimsizligin ilk destekçileri arasinda yer aldi. Ancak bu devrim ve Birinci Venezüella Cumhuriyeti dünya için uzun sürmedi. 1812'de meydana gelen yikici bir deprem ve bir dizi askeri yenilginin ardindan Cumhuriyet ortadan kalkti ve Montilla Amerika Birlesik Devletleri'ne kaçti. Böylece, Cumhuriyet'in çöküsünü takip eden siddetin en kötüsünden kaçmis oldu.</Text>
    </Row>
    <Row Tag="LOC_PEDIA_GREATPEOPLE_PAGE_GREAT_PERSON_INDIVIDUAL_COMMANDANTE_MONTILLA_CHAPTER_HISTORY_PARA_2">
      <Text>Ancak Montilla sürgünde kalirken, Bolivar, Mariño'nun doguda baslattigi sefer gibi, Venezüella'yi batidan kurtarmak için "Takdire Sayan Seferine" basladi. Montilla geri döndü ve bir zamanlar bagimsiz bir Venezüella için (birlesik bir Gran Kolombiya'nin aksine) savasmis olmasina ragmen, Bolívar'in güçlerine katildi. Montilla San Mateo, Ocumare ve Carabobo'nun savunmasinda savasti. Ayrica Cartagena sehrinin savunmasina da önderlik etti, ancak sehir düstügünde Montilla - tekrar - kuzeyde sürgüne zorlandi.</Text>
    </Row>
    <Row Tag="LOC_PEDIA_GREATPEOPLE_PAGE_GREAT_PERSON_INDIVIDUAL_COMMANDANTE_MONTILLA_CHAPTER_HISTORY_PARA_3">
      <Text>Tekrar geri döndü ve bu kez Margarita adasindaki Irlanda birliginin basina getirildi. Oradan Karayip kiyilari boyunca kraliyet isgali altindaki bölgelere akinlar düzenledi ve sonunda bir baska Cartagena kusatmasinda savasti - bu kez kusatmacilarin tarafinda ve bu kez galip geldi.</Text>
    </Row>
    <Row Tag="LOC_PEDIA_GREATPEOPLE_PAGE_GREAT_PERSON_INDIVIDUAL_COMMANDANTE_MONTILLA_CHAPTER_HISTORY_PARA_4">
      <Text>Bagimsizliktan sonra Montilla, Gran Kolombiya siyasetinin Bolivarci kanadini destekledi. Bu nedenle bir kez daha sürgüne gönderildi ve bu kez bagimsiz Venezüella'nin kurulusunu desteklemek ve nihayetinde görmek için tekrar geri döndü. Naasi simdi Caracas'ta, Venezüella Ulusal Pantheon'unda en yüksek seref yerinde bulunmaktadir.</Text>
    </Row>
    <Row Tag="LOC_PEDIA_GREATPEOPLE_PAGE_GREAT_PERSON_INDIVIDUAL_COMMANDANTE_RIBAS_CHAPTER_HISTORY_PARA_1">
      <Text>José Félix Ribas, Latin Amerika'da Ispanyol kraliyetine karsi yürütülen savaslarda yer almis bir bagimsizlik lideriydi. Venezüella'da dogan Ribas'in askeri bir geçmisi yoktu, ancak Ispanyol yönetimine karsi ajitasyon konusunda aktifti. Ayni zamanda zengindi ve kendi taburunu finanse ettiginde askeri bir pozisyon elde edebildi.</Text>
    </Row>
    <Row Tag="LOC_PEDIA_GREATPEOPLE_PAGE_GREAT_PERSON_INDIVIDUAL_COMMANDANTE_RIBAS_CHAPTER_HISTORY_PARA_2">
      <Text>Ribas'in en önemli askeri zaferi, kralcilarin sehri kusattigi La Victoria savasiydi. Adam sikintisi çeken Ribas, yerel kolejlerden ve seminerlerden ögrencileri silahlandirdi ve onlara "zafer ya da ölüm arasinda seçim yapamayiz  zafere ulasmaliyiz!" dedi. Ve zafere ulasti - Morales komutasindaki Ispanyol kuvvetleri bozguna ugratildi. Ribas "Tiranlara Karsi Zafer Kazanan" unvanini aldi ve savasin tarihi, Ribas'in ögrencileri silahlandirmasinin anisina bugün Venezüella'da Gençlik Günü olarak kutlaniyor.</Text>
    </Row>
    <Row Tag="LOC_PEDIA_GREATPEOPLE_PAGE_GREAT_PERSON_INDIVIDUAL_COMMANDANTE_RIBAS_CHAPTER_HISTORY_PARA_3">
      <Text>Yine de Ribas'in kariyeri pek parlak geçmedi. Bir noktada, Aragua de Barcelona'daki yenilginin cumhuriyetçi güçleri dagitmasinin ardindan Bolívar'i bile tutukladi. Bolívar, sehrin kilise gümüslerini Margarita adasina tasiyarak su yoluyla kaçti. Bolívar'in kaçtigini gören ve kendisi için Gran Colombia'da hak iddia etme firsati yakaladigini düsünen Ribas, Bolívar'i hain ilan etti, ancak daha sonra yumusadi.</Text>
    </Row>
    <Row Tag="LOC_PEDIA_GREATPEOPLE_PAGE_GREAT_PERSON_INDIVIDUAL_COMMANDANTE_RIBAS_CHAPTER_HISTORY_PARA_4">
      <Text>Urica Savasi'nda Ribas'in sonu geldi. Büyük bir çatismada Ribas'in kralci rakibi Boves öldürüldü, ancak Boves'in kuvvetleri bastirdi ve günü Ispanyollara kazandirdi. Ribas kaçti ama kralcilar tarafindan bulundu ve öldürüldü. Ancak bu yenilgiye ragmen, Boves'in ölümü birçok Venezuelali llaneros'un (süvariye dönüsen kovboylar) Ispanyol tarafini birakip karizmatik cumhuriyetçi lider Páez'e siginmasi anlamina geliyordu. Urica ve La Victoria'nin bir sonucu olarak Ribas, Latin Amerika bagimsizlik davasinin bir kahramani olarak kalmistir.</Text>
    </Row>
    <!-- features -->
    <Row Tag="LOC_PEDIA_FEATURES_PAGE_FEATURE_BERMUDA_TRIANGLE_CHAPTER_HISTORY_PARA_1">
      <Text>Garip isiklarla ilgili raporlarla basladi. Daha sonra kayip ve hayalet mürettebatli gemi hikâyelerine dönüstü. 19. yüzyilin ortalarindan beri (ve belki de Kolomb'un günlüklerine inanilacak olursa daha da önce), gemiler ve uçaklar Bermuda Seytan Üçgeni olarak bilinen bölgede kaybolmaktadir. Iddialara göre 50'den fazla gemi ve 20 uçak üçgen içinde bir daha görülmemek üzere kaybolmustur. Uzaylilar, ulasim araçlarinin ve insanlarin kitlesel kayboluslari için popüler bir teori olsa da, üçgeni açiklamak için birkaç daha siradan hipotez var. Bazi bilim insanlari gemileri batirmis olabilecek "hava bombalari" ya da mikro patlamalar oldugunu öne sürmektedir. Diger bilim insanlari ise dev "haydut dalgalar" ya da pusulalarda gerçek kuzeyle ilgili yalan söyleyen manyetik kaymalar oldugunu öne sürmektedir. Inatçi efsane ve söylentilere ragmen, Bermuda Seytan Üçgeni'ndeki kaybolma ve batiklarin sikliginin, iyi seyahat edilen okyanusun diger bölümlerinden daha fazla olmadigi genel kabul görmektedir.</Text>
    </Row>
    <Row Tag="LOC_PEDIA_FEATURES_PAGE_FEATURE_FOUNTAIN_OF_YOUTH_CHAPTER_HISTORY_PARA_1">
      <Text>Efsanedeki Gençlik Cesmesi, çimento ya da tas bir çesmeden ziyade, içinde yüzen ya da içen herkesin gençligini geri getirdigi söylenen bir kaynaktir. Güvenilir Herodot M.Ö. 5. yüzyilda çesme hakkinda yazmis ve Büyük Iskender'in yüz yil sonra sifali bir nehir buldugu iddia edilmistir. Ne yazik ki her ikisi de hayatlarinin ilerleyen dönemlerinde yaslilik ve yaralar onlari Hades'e götürdügünde kendilerine yardimci olmasi için suyu siselememislerdir. Sayisiz yüzyillar boyunca efsane devam etti ve Juan Ponce de Leon gibi kasifler mistik kaynagi aramak için sayisiz yillar harcadi. Bulan olduysa da bu sirri dünyayla paylasmadi.</Text>
    </Row>
    <Row Tag="LOC_PEDIA_FEATURES_PAGE_FEATURE_PAITITI_CHAPTER_HISTORY_PARA_1">
      <Text>Her zaman "kayip sehirler", özellikle de Kayip Altin Sehirleri arayisinda olan insanlar, büyük zenginlik ve refah efsanelerine yönelme egilimindedir. Cogu mistik sehir gibi Païtiti'nin de bilinmeyen vahsi doganin derinliklerinde kesfedilmeyi bekledigi düsüncesi hakimdir. Inkalar sehri Ispanyol fethine karsi son güvenli siginak olarak görmüslerdir. Ancak, digerleri (çogunlukla 1600'lerden itibaren Inka olmayan kasifler) sehri yagmalanmayi bekleyen bir hazine olarak algilamislardir. Païtiti'nin zenginligine dair efsaneler Francisco Pizarro'nun saldirisi ve Inka'nin son hükümdari Atahualpa'yi öldürmesiyle devam ettirildi. Var oldugu söylenen kalan altini aradi, ancak Pizarro fethinden umutsuzca elde etmeye çalistigi sözde altinin tamamini asla alamadi. Amazon'un "bilinmeyen" ormanlarina yapilan çok sayida kesif gezisine ragmen, hiçbir kasif Païtiti'nin yerini henüz kesfedememistir.</Text>
    </Row>
    <Row Tag="LOC_PEDIA_CONCEPTS_PAGE_ENVIRONMENTAL_EFFECTS_CHAPTER_FIRES_TITLE">
      <Text>Orman Yanginlari</Text>
    </Row>
    <Row Tag="LOC_PEDIA_CONCEPTS_PAGE_ENVIRONMENTAL_EFFECTS_CHAPTER_FIRES_PARA_1">
      <Text>Orman veya Yagmur Ormani bulunan herhangi bir karo alev alabilir.  Ates üç tur boyunca sicak bir sekilde yanar, karedeki iyilestirmeleri yok eder, sahip olan sehrin nüfusunu azaltir ve birimlere zarar verir.  Ikinci ve üçüncü turlarda, bu yangin bitisikteki Orman veya Yagmur Ormani karelerine yayilabilir.</Text>
    </Row>
    <Row Tag="LOC_PEDIA_CONCEPTS_PAGE_ENVIRONMENTAL_EFFECTS_CHAPTER_FIRES_PARA_2">
      <Text>Ates söndügünde, Orman veya Yagmur Ormani Yanmis bir varyantla degistirilir ve karonun [ICON_Food] Gida verimini artirir.  Sonraki 3 tur boyunca, normal durumuna dönene kadar yeniden büyür ve bu noktada karonun [ICON_Production] Üretim verimini de artirir.</Text>
    </Row>
    <Row Tag="LOC_PEDIA_CONCEPTS_PAGE_ENVIRONMENTAL_EFFECTS_CHAPTER_SHOWERS_TITLE">
      <Text>Meteor Yagmuru</Text>
    </Row>
    <Row Tag="LOC_PEDIA_CONCEPTS_PAGE_ENVIRONMENTAL_EFFECTS_CHAPTER_SHOWERS_PARA_1">
      <Text>Meteorlar, oyuncu bölgeleri arasindaki boslukta karada herhangi bir yere düsebilir ve arkalarinda bir Meteor Alani birakabilir.  Herhangi bir birim bu Meteor Bölgesini toplayabilir, düsen kayalardaki kolayca erisilebilen gelismis cevherleri toplayarak en yakin sehirlerinde ücretsiz bir Agir Süvari birimi verebilir.  Bu birimin kaynak bakim maliyeti yoktur.</Text>
    </Row>
    <!-- promotions -->
    <Row Tag="LOC_PEDIA_UNITPROMOTIONS_PAGE_PROMOTION_NIHANG_SUZERAIN_COMBAT_BONUS_CHAPTER_HISTORY_PARA_1">
      <Text>Bir Nihang'in takacagi ilk ekipmanlardan biri kara, yani çelik bileziktir. Savasçinin en güçlü eline takilan bilezik hem kiliç dövüsleri sirasinda fiziksel bir savunma saglar hem de Nihang'in ettigi yeminlerin bir sembolü olurdu. Bilezigin gücü savasçinin Tanri'ya olan bagliliginin gücü olmaliydi ve çeligin kopmayan halkasi da benzer sekilde Tanri'nin ebedi varligini ve takan kisinin kopmayan inancini sembolize ediyordu.</Text>
    </Row>
    <Row Tag="LOC_PEDIA_UNITPROMOTIONS_PAGE_PROMOTION_NIHANG_MOVEMENT_BONUS_CHAPTER_HISTORY_PARA_1">
      <Text>Bir Nihang kilici, silahi ve ayakkabilariyla savasmayi ögrenirdi. Jangi mojeh, bir askerin tekmelerine ekstra bir ölümcül kenar ekleyen biçakli terliklerdi.</Text>
    </Row>
    <Row Tag="LOC_PEDIA_UNITPROMOTIONS_PAGE_PROMOTION_NIHANG_FLANKED_BONUS_CHAPTER_HISTORY_PARA_1">
      <Text>Tegh, kisaca "kiliç", Sihlerin tasidigi geleneksel kirpan veya hançere ek olarak "on yumruk uzunlugunda" genis, kavisli bir biçagi ifade eder. Bu silahlar bagimsizliga olan bagliligi, kötülügü cezalandirma ve dünyadaki iyiligi koruma yeminini sembolize eder. Tegh'in kullanimi, iyilik ve hayirseverligin ("deg" veya "kettle") yeterli olmadigi kanitlandiktan sonra basvurulan son çare olmaliydi.</Text>
    </Row>
    <Row Tag="LOC_PEDIA_UNITPROMOTIONS_PAGE_PROMOTION_NIHANG_NO_WOUNDED_PENALTY_CHAPTER_HISTORY_PARA_1">
      <Text>Zincir zirh - sanjo - Pencap'ta birinci binyilin baslarinda Persler tarafindan kullanilmaya baslanmasina kadar uzanan uzun bir geçmise sahiptir ve zincir gömlek bir Nihang'in teçhizatinin temel bir parçasiydi. 18. yüzyil savaslarinda tüfekler mevcuttu ve Nihang bunlarin kullanimi konusunda kesinlikle egitimliydi, ancak tüfekler yavas ve güvenilmezdi ve gerçek bir savas her zaman kiliç ve zirhla sonuçlanirdi.</Text>
    </Row>
    <Row Tag="LOC_PEDIA_UNITPROMOTIONS_PAGE_PROMOTION_NIHANG_FAITH_FOR_VICTORIES_CHAPTER_HISTORY_PARA_1">
      <Text>Savasta kendini kanitlamis bir Nihang için en büyük onur, üç disli mizragi - Trehsool Mukh - sarigina takmakti. Bu, savasçinin Siva'ya olan yakinligini gösterir ve çok keskin, çok yakin bir son çare silahi saglardi.</Text>
    </Row>
  </EnglishText>
</GameData>