﻿<?xml version="1.0" encoding="utf-8"?>
<GameData>
  <EnglishText>
    <Row Tag="LOC_GRANCOLOMBIA_MAYA_MOD_TITLE">
      <Text>Maya ve Gran Colombia Paketi</Text>
    </Row>
    <Row Tag="LOC_GRANCOLOMBIA_MAYA_MOD_TEASER">
      <Text>Yeni Medeniyetler ve Liderler - Mayalarin Lady Six Sky'i ve Gran Colombia'nin Simón Bolívar'i</Text>
    </Row>
    <Row Tag="LOC_GRANCOLOMBIA_MAYA_MOD_DESCRIPTION">
      <Text>Iki yeni uygarlik ve lider, alti yeni sehir devleti, iki yeni kaynak, üç yeni doga harikasi, ek felaketler ve Kiyamet oyun modu içerir.</Text>
    </Row>
  </EnglishText>
</GameData>