﻿<?xml version="1.0" encoding="utf-8"?>
<!-- edited with XMLSPY v2004 rel. 2 U (http://www.xmlspy.com) by Ed Beach (Firaxis Games) -->
<GameData>
  <EnglishText>
    <!--Improvements-->
    <Row Tag="LOC_IMPROVEMENT_BATEY_NAME">
      <Text>Batey</Text>
    </Row>
    <Row Tag="LOC_IMPROVEMENT_BATEY_DESCRIPTION">
      <Text>Bir Batey insa etmek için Insaatçi yeteneginin kilidini açar.[NEWLINE][NEWLINE]+1 [ICON_Culture] Kültür. Her bitisik Bonus Kaynak ve Eglence Kompleksi için +1 [ICON_Culture] Kültür (Kesif kesfedildiginde +2 [Icon_Culture] Kültüre yükselir). Uçus arastirildiktan sonra [Icon_Tourism] Turizm saglar. Baska bir Batey'e bitisik veya Tepeler üzerine insa edilemez.</Text>
    </Row>
    <Row Tag="LOC_IMPROVEMENT_METEOR_GOODY_NAME">
      <Text>Meteor Sitesi</Text>
    </Row>
    <Row Tag="LOC_IMPROVEMENT_METEOR_GOODY_DESCRIPTION">
      <Text>Meteor yagmuru felaketleri tarafindan birakilmistir.  Herhangi bir birimle bu kareye geçmek, oyuncunun su anda insa edebileceginden daha güçlü, ücretsiz, kaynaksiz bir agir süvari birimi verir.</Text>
    </Row>
    <Row Tag="LOC_METEOR_GOODIES_GRANT_UNIT_DESCRIPTION">
      <Text>[COLOR_FLOAT_MILITARY]Ücretsiz askeri birlik! [ENDCOLOR]</Text>
    </Row>
  </EnglishText>
</GameData>