﻿<?xml version="1.0" encoding="utf-8"?>
<GameData>
  <EnglishText>
    <!-- Apocalypse Mode -->
    <Row Tag="LOC_GAMEMODE_APOCALYPSE_NAME">
      <Text>Kiyamet Modu</Text>
    </Row>
    <Row Tag="LOC_GAMEMODE_APOCALYPSE_DESCRIPTION">
      <Text>Bu oyun modu yeni dogal felaketler, mevcut felaketlerin daha büyük ve daha etkili versiyonlarini ekler ve tüm dogal felaketlerin olasiligini artirir. Kiyamet Modu ayrica oyuna Kâhin birimini ekler ve iklimin son degisim seviyesine ulasmasi durumunda kuyruklu yildizlar dünyaya çarparak insanligi yok eder.</Text>
    </Row>
    <!-- Gran Colombia: Civ Info -->
    <Row Tag="LOC_CIVILIZATION_GRAN_COLOMBIA_NAME">
      <Text>Gran Kolombiya</Text>
    </Row>
    <Row Tag="LOC_CIVILIZATION_GRAN_COLOMBIA_DESCRIPTION">
      <Text>Gran Kolombiya Imparatorlugu</Text>
    </Row>
    <Row Tag="LOC_CIVILIZATION_GRAN_COLOMBIA_ADJECTIVE">
      <Text>Gran Colombian</Text>
    </Row>
    <Row Tag="LOC_TRAIT_CIVILIZATION_EJERCITO_PATRIOTA_NAME">
      <Text>Ejército Patriota</Text>
    </Row>
    <Row Tag="LOC_TRAIT_CIVILIZATION_EJERCITO_PATRIOTA_DESCRIPTION">
      <Text>Tüm birimlere +1 [ICON_Movement] Hareket. Bir birimi terfi ettirmek o birimin sirasini sona erdirmez.</Text>
    </Row>
    <Row Tag="LOC_ABILITY_EJERCITO_PATRIOTA_EXTRA_MOVEMENT_NAME">
      <Text>Ejército Patriota</Text>
    </Row>
    <Row Tag="LOC_ABILITY_EJERCITO_PATRIOTA_EXTRA_MOVEMENT_DESCRIPTION">
      <Text>+1 [ICON_Movement] Tüm birimlere hareket (Ejército Patriota)</Text>
    </Row>
    <!-- Feature Info -->
    <Row Tag="LOC_FEATURE_BERMUDA_TRIANGLE_NAME">
      <Text>Bermuda Seytan Üçgeni</Text>
    </Row>
    <Row Tag="LOC_FEATURE_BERMUDA_TRIANGLE_DESCRIPTION">
      <Text>Üç kareli doga harikasi. Bitisik karelere +5 [ICON_Science] Bilim saglar. Içine giren birimler uzaktaki bir okyanusa isinlanir, ancak bunu yapan deniz birimleri 'Gizemli Akintilar' (+1 [ICON_Movement] Hareket) yetenegi kazanir.</Text>
    </Row>
    <Row Tag="LOC_FEATURE_FOUNTAIN_OF_YOUTH_NAME">
      <Text>Gençlik Cesmesi</Text>
    </Row>
    <Row Tag="LOC_FEATURE_FOUNTAIN_OF_YOUTH_DESCRIPTION">
      <Text>Bir karo doga harikasi. 4 [ICON_Science] Bilim, +4 [ICON_Faith] Inanç ve Tatli Su saglar. Içine giren kara savasi birimleri 'Yasam Suyu' yetenegi kazanir (herhangi bir bölgede +10 HP iyilestirme).</Text>
    </Row>
    <Row Tag="LOC_FEATURE_PAITITI_NAME">
      <Text>Païtiti</Text>
    </Row>
    <Row Tag="LOC_FEATURE_PAITITI_DESCRIPTION">
      <Text>Üç kiremitli geçilmez doga harikasi. Bitisik karelere +3 [ICON_Gold] Altin ve +2 [ICON_Culture] Kültür saglar. Kareye sahip olan sehir, giden uluslararasi [ICON_TradeRoute] Ticaret Yollarinda +4 [ICON_Gold] Altin alir.</Text>
    </Row>
    <!-- Gran Colombia: Improvement Info -->
    <Row Tag="LOC_IMPROVEMENT_HACIENDA_NAME">
      <Text>Hacienda</Text>
    </Row>
    <Row Tag="LOC_IMPROVEMENT_HACIENDA_DESCRIPTION">
      <Text>Gran Colombia'ya özgü bir Hacienda insa etmek için Insaatçi yeteneginin kilidini açar. [NEWLINE][NEWLINE]+2 [ICON_GOLD] Altin, +1 [ICON_PRODUCTION] Üretim ve +0,5 [Icon_Housing] Konut. Her iki komsu Plantasyon için +1 [ICON_Food] Gida (Degistirilebilir Parçalara sahip her Plantasyon için artirilmistir). Tarlalar ve Haciendalar, bitisik her iki Hacienda için +1 [ICON_Production] Üretim alir (Hizli Dagitim ile her Hacienda'ya yükseltilir). Yalnizca Ovalar, Ovalar Tepeleri, Otlaklar ve Otlak Tepeleri üzerine insa edilebilir.</Text>
    </Row>
    <!-- Gran Colombia: Leader Info -->
    <Row Tag="LOC_LEADER_SIMON_BOLIVAR_NAME">
      <Text>Simón Bolívar</Text>
    </Row>
    <Row Tag="LOC_LOADING_INFO_LEADER_SIMON_BOLIVAR">
      <Text>Meslektaslariniz Simón Bolívar'in kaprislerini takip edebilirdiniz, ancak bunun yerine Kurtarici olmayi seçtiniz. Zorluklar sizi asla yildirmadi, bu yüzden ideallerinize simsiki sarilin ve cumhuriyetinizi yeni bir refah çagina tasiyin.</Text>
    </Row>
    <Row Tag="LOC_TRAIT_LEADER_CAMPANA_ADMIRABLE_NAME">
      <Text>Campaña Admirable</Text>
    </Row>
    <Row Tag="LOC_TRAIT_LEADER_CAMPANA_ADMIRABLE_DESCRIPTION">
      <Text>Yeni bir döneme girerken bir Comandante Generali kazanin.</Text>
    </Row>
    <Row Tag="LOC_TRAIT_LEADER_CAMPANA_ADMIRABLE_DESCRIPTION_XP1">
      <Text>Oyun yeni bir döneme girdiginde bir Comandante Generali kazanin.</Text>
    </Row>
    <!-- Gran Colombia: Unit Info -->
    <Row Tag="LOC_UNIT_COMANDANTE_GENERAL_NAME">
      <Text>Comandante General</Text>
    </Row>
    <Row Tag="LOC_UNIT_COMANDANTE_GENERAL_DESCRIPTION">
      <Text>Sadece Simón Bolívar'in kullanabildigi özel bir Yüce Kisi türü. Her birinin pasif bir etki ve bir Emekli etkisi de dahil olmak üzere benzersiz yetenekleri vardir.</Text>
    </Row>
    <Row Tag="LOC_UNIT_COLOMBIAN_LLANERO_NAME">
      <Text>Llanero</Text>
    </Row>
    <Row Tag="LOC_UNIT_COLOMBIAN_LLANERO_DESCRIPTION">
      <Text>Süvarilerin yerini alan Gran Kolombiya Sanayi dönemine özgü birim. Düsük bakim maliyeti. Her komsu Llanero için +2 [ICON_Strength] Savas Gücü. Emekli etme yetenegini etkinlestiren bir Comandante General'in menzilindeyken tamamen iyilesir.</Text>
    </Row>
    <!-- Maya: Civ Info -->
    <Row Tag="LOC_CIVILIZATION_MAYA_NAME">
      <Text>Maya
			Masculine:the
			2</Text>
      <Gender>Masculine:the</Gender>
      <Plurality>2</Plurality>
    </Row>
    <Row Tag="LOC_CIVILIZATION_MAYA_DESCRIPTION">
      <Text>Maya Imparatorlugu</Text>
    </Row>
    <Row Tag="LOC_CIVILIZATION_MAYA_ADJECTIVE">
      <Text>Maya</Text>
    </Row>
    <Row Tag="LOC_TRAIT_CIVILIZATION_MAYAB_NAME">
      <Text>Mayab</Text>
    </Row>
    <Row Tag="LOC_TRAIT_CIVILIZATION_MAYAB_DESCRIPTION">
      <Text>Tatli Su ve Kiyiya bitisik yerlesmek ekstra [ICON_HOUSING] Konut saglamaz, bunun yerine her Ciftlik ek +1 [ICON_HOUSING] Konut, bitisik her Gözlemevi için +1 [ICON_PRODuction] Üretim ve +1 [ICON_GOLD] Altin saglar. Sehir Merkezine bitisik her Lüks için +1 [ICON_AMENITIES] Kolaylik.</Text>
    </Row>
    <!-- Maya: District Info -->
    <Row Tag="LOC_DISTRICT_OBSERVATORY_NAME">
      <Text>Gözlemevi</Text>
    </Row>
    <Row Tag="LOC_DISTRICT_OBSERVATORY_DESCRIPTION">
      <Text>Bilimsel çalismalar için Maya'lara özgü bir bölge. Kampüs bölgesinin yerini alir ve insa edilmesi daha ucuzdur. [NEWLINE][NEWLINE]+2 [ICON_Science] Bitisik Tarlalar için bilim bonusu. +1 [ICON_Science] Bitisik her iki Ciftlik veya bölge karesi için bilim bonusu.</Text>
    </Row>
    <Row Tag="LOC_DISTRICT_OBSERVATORY_DESCRIPTION_ADJACENCY">
      <Text>Bitisiklik: Bitisik her Plantasyon için Major [ICON_Science] Bilim bonusu. Minör [ICON_Science] Bitisik Ciftlik veya bölge karolari için bilim bonusu</Text>
    </Row>
    <Row Tag="LOC_DISTRICT_PLANTATION_SCIENCE">
      <Text>+{1_num} [ICON_Science] Bitisik Plantasyondan Bilim {1_Num : plural 1?tile  other?tiles }.</Text>
    </Row>
    <Row Tag="LOC_DISTRICT_FARM_SCIENCE">
      <Text>+{1_num} [ICON_Science] Bitisik Ciftlikten Bilim {1_Num : plural 1?tile  other?tiles }.</Text>
    </Row>
    <!-- Maya: Leader Info -->
    <Row Tag="LOC_LEADER_LADY_SIX_SKY_NAME">
      <Text>Lady Six Sky</Text>
    </Row>
    <Row Tag="LOC_LOADING_INFO_LEADER_LADY_SIX_SKY">
      <Text>Dos Pilas ve Wak Kab'nal'in büyük savasçi annesi Leydi Alti Gök, halkini yeni bir hanedanliga yönlendir. Uzak ve yakin düsmanlarini fethedebilmen için elinin uzanmasina izin ver. Tanrilar sana rehberlik edecek ve sen de sadik vatandaslarini zafere tasiyacaksin.</Text>
    </Row>
    <Row Tag="LOC_TRAIT_LEADER_MUTAL_NAME">
      <Text>Ix Mutal Ajaw</Text>
    </Row>
    <Row Tag="LOC_TRAIT_LEADER_MUTAL_DESCRIPTION">
      <Text>[ICON_Capital] Baskentin 6 karesi içindeki baskent olmayan sehirler tüm getirilere +%10 ekler ve kurulduklarinda bir insaatçi alirlar. Diger baskent olmayan sehirler tüm hasilatlara -%15 alir. [ICON_Capital] Baskentin 6 karesi içindeki birimlere +5 [ICON_Strength] Savas Gücü.</Text>
    </Row>
    <Row Tag="LOC_ABILITY_MUTAL_COMBAT_STRENGTH_NEAR_CAPITAL_NAME">
      <Text>Mutal</Text>
    </Row>
    <Row Tag="LOC_ABILITY_MUTAL_COMBAT_STRENGTH_NEAR_CAPITAL_DESCRIPTION">
      <Text>[ICON_Capital] Baskentin 6 karesi içindeki birimlere +5 [ICON_Strength] Savas Gücü (Ix Mutal Ajaw)</Text>
    </Row>
    <Row Tag="LOC_ABILITY_MUTAL_NEAR_CAPITAL_COMBAT_DESCRIPTION">
      <Text>+{1_Amount} Mutal özelliginden gelen Savas Gücü</Text>
    </Row>
    <!-- Maya: Unit Info -->
    <Row Tag="LOC_UNIT_MAYAN_HULCHE_NAME">
      <Text>Hul'che</Text>
    </Row>
    <Row Tag="LOC_UNIT_MAYAN_HULCHE_DESCRIPTION">
      <Text>Okçu'nun yerini alan Maya'ya özgü Antik Cag menzilli birimi. Güçlü menzilli saldiri. Yarali bir rakiple savasirken +5 [ICON_Strength] Savas Gücü.</Text>
    </Row>
    <Row Tag="LOC_ABILITY_HULCHE_DESCRIPTION">
      <Text>Yarali bir rakiple savasirken +5 [ICON_Strength] Savas Gücü.</Text>
    </Row>
    <Row Tag="LOC_UNIT_LAHORE_NIHANG_NAME">
      <Text>Nihang</Text>
    </Row>
    <Row Tag="LOC_UNIT_LAHORE_NIHANG_DESCRIPTION">
      <Text>Benzersiz bir Promosyon agacina sahip Lahor Sehir-Devlet benzersiz birimi. [ICON_Faith] Inanç ile satin alinabilir. [ICON_Strength] Kisla, Cephanelik ve Askeri Akademi binalari ilk insa edildiginde Savas Gücü artar.</Text>
    </Row>
    <!--Apocalypse: Unit Info-->
    <Row Tag="LOC_UNIT_SOOTHSAYER_NAME">
      <Text>Kâhin</Text>
    </Row>
    <Row Tag="LOC_UNIT_SOOTHSAYER_DESCRIPTION">
      <Text>Kiyamet moduna özgü bir destek birimi.  Birimin yakinindaki altigenlerde rastgele bir felaket baslatmak için Felakete Neden Ol eylemini kullanabilir.  Bunu yapmak, baska yükü kalmamissa Kahin'i yok eder.</Text>
    </Row>
    <Row Tag="LOC_CLIMATE_FOREST_FIRE">
      <Text>Orman Yanginlari</Text>
    </Row>
    <Row Tag="LOC_CLIMATE_FOREST_FIRE_EVENT_DESCRIPTION_TOOLTIP">
      <Text>ORMAN YANGINI ETKINLIGI[NEWLINE][NEWLINE]Etkinlik gerçeklestiginde:[NEWLINE]- Rastgele bir Orman veya Yagmur Ormani karesinde baslar.[NEWLINE]- Bitisik Orman veya Yagmur Ormanina yayilir.[NEWLINE][NEWLINE]Yanan kareler birimlere hasar verir ve iyilestirmeleri yagmalar.</Text>
    </Row>
  </EnglishText>
</GameData>