﻿<?xml version="1.0" encoding="utf-8"?>
<GameData>
  <EnglishText>
    <!--Gran Colombia-->
    <Row Tag="LOC_CITY_NAME_BOGOTA">
      <Text>Bogotá</Text>
    </Row>
    <Row Tag="LOC_CITY_NAME_CARACAS">
      <Text>Caracas</Text>
    </Row>
    <Row Tag="LOC_CITY_NAME_QUITO">
      <Text>Quito</Text>
    </Row>
    <Row Tag="LOC_CITY_NAME_GUAYAQUIL">
      <Text>Guayaquil</Text>
    </Row>
    <Row Tag="LOC_CITY_NAME_MARACAIBO">
      <Text>Maracaibo</Text>
    </Row>
    <Row Tag="LOC_CITY_NAME_CARTAGENA_DE_INDIAS">
      <Text>Cartagena de Indias</Text>
    </Row>
    <Row Tag="LOC_CITY_NAME_PANAMA">
      <Text>Panama</Text>
    </Row>
    <Row Tag="LOC_CITY_NAME_POPAYAN">
      <Text>Popayán</Text>
    </Row>
    <Row Tag="LOC_CITY_NAME_CUENCA">
      <Text>Cuenca</Text>
    </Row>
    <Row Tag="LOC_CITY_NAME_CUMANA">
      <Text>Cumaná</Text>
    </Row>
    <Row Tag="LOC_CITY_NAME_BARINAS">
      <Text>Barinas</Text>
    </Row>
    <Row Tag="LOC_CITY_NAME_CALI">
      <Text>Cali</Text>
    </Row>
    <Row Tag="LOC_CITY_NAME_VALENCIA_DE_CARABOBO">
      <Text>Valencia de Carabobo</Text>
    </Row>
    <Row Tag="LOC_CITY_NAME_SANTA_MARTA">
      <Text>Santa Marta</Text>
    </Row>
    <Row Tag="LOC_CITY_NAME_LOJA">
      <Text>Loja</Text>
    </Row>
    <Row Tag="LOC_CITY_NAME_ANGOSTURA">
      <Text>Angostura</Text>
    </Row>
    <Row Tag="LOC_CITY_NAME_PASTO">
      <Text>Pasto</Text>
    </Row>
    <Row Tag="LOC_CITY_NAME_NUEVA_BARCELONA">
      <Text>Nueva Barcelona</Text>
    </Row>
    <Row Tag="LOC_CITY_NAME_NEIVA">
      <Text>Neiva</Text>
    </Row>
    <Row Tag="LOC_CITY_NAME_MERIDA">
      <Text>Mérida</Text>
    </Row>
    <Row Tag="LOC_CITY_NAME_PORTOVIEJO">
      <Text>Portoviejo</Text>
    </Row>
    <Row Tag="LOC_CITY_NAME_RIOBAMBA">
      <Text>Riobamba</Text>
    </Row>
    <Row Tag="LOC_CITY_NAME_IBARRA">
      <Text>Ibarra</Text>
    </Row>
    <Row Tag="LOC_CITY_NAME_RIOHACHA">
      <Text>Riohacha</Text>
    </Row>
    <Row Tag="LOC_CITY_NAME_QUIBDO">
      <Text>Quibdó</Text>
    </Row>
    <Row Tag="LOC_CITY_NAME_NUEVA_PAMPLONA">
      <Text>Nueva Pamplona</Text>
    </Row>
    <Row Tag="LOC_CITY_NAME_SANTIAGO_DE_VERAGUAS">
      <Text>Santiago de Veraguas</Text>
    </Row>
    <Row Tag="LOC_CITY_NAME_LA_ASUNCION">
      <Text>La Asunción</Text>
    </Row>
    <Row Tag="LOC_CITY_NAME_ACHAGUAS">
      <Text>Achaguas</Text>
    </Row>
    <Row Tag="LOC_CITY_NAME_HONDA">
      <Text>Honda</Text>
    </Row>
    <Row Tag="LOC_CITY_NAME_SOCORRO">
      <Text>Socorro</Text>
    </Row>
    <Row Tag="LOC_CITY_NAME_MOMPOS">
      <Text>Mompós</Text>
    </Row>
    <Row Tag="LOC_CITY_NAME_TRUJILLO">
      <Text>Trujillo</Text>
    </Row>
    <Row Tag="LOC_CITY_NAME_SANTA_FE_DE_ANTIOQUIA">
      <Text>Santa Fe de Antioquia</Text>
    </Row>
    <Row Tag="LOC_CITY_NAME_PORE">
      <Text>Gözenek</Text>
    </Row>
    <Row Tag="LOC_CITY_NAME_CUCUTA">
      <Text>Cúcuta</Text>
    </Row>
    <Row Tag="LOC_CITY_NAME_MARIQUITA">
      <Text>Mariquita</Text>
    </Row>
    <Row Tag="LOC_CITY_NAME_SAN_FERNANDO_DE_APURE">
      <Text>San Fernando de Apure</Text>
    </Row>
    <Row Tag="LOC_CITY_NAME_MEDELLIN">
      <Text>Medellín</Text>
    </Row>
    <Row Tag="LOC_CITY_NAME_BARQUISIMETO">
      <Text>Barquisimeto</Text>
    </Row>
    <!--Maya-->
    <Row Tag="LOC_CITY_NAME_NARANJO">
      <Text>Wak Kab'nal</Text>
    </Row>
    <Row Tag="LOC_CITY_NAME_PALENQUE_MAYA">
      <Text>Palenque</Text>
    </Row>
    <Row Tag="LOC_CITY_NAME_TIKAL">
      <Text>Tikal</Text>
    </Row>
    <Row Tag="LOC_CITY_NAME_CHICHEN_ITZA">
      <Text>Chichen Itza</Text>
    </Row>
    <Row Tag="LOC_CITY_NAME_UXMAL">
      <Text>Uxmal</Text>
    </Row>
    <Row Tag="LOC_CITY_NAME_COPAN">
      <Text>Copan</Text>
    </Row>
    <Row Tag="LOC_CITY_NAME_COBA">
      <Text>Coba</Text>
    </Row>
    <Row Tag="LOC_CITY_NAME_EL_MIRADOR">
      <Text>El Mirador</Text>
    </Row>
    <Row Tag="LOC_CITY_NAME_CALAKMUL">
      <Text>Calakmul</Text>
    </Row>
    <Row Tag="LOC_CITY_NAME_XUNANTUNICH">
      <Text>Xunantunich</Text>
    </Row>
    <Row Tag="LOC_CITY_NAME_YAXCHILAN">
      <Text>Yaxchilan</Text>
    </Row>
    <Row Tag="LOC_CITY_NAME_YOKIB">
      <Text>Yokib</Text>
    </Row>
    <Row Tag="LOC_CITY_NAME_QUIRIGUA">
      <Text>Quirigua</Text>
    </Row>
    <Row Tag="LOC_CITY_NAME_UAXACTUN">
      <Text>Uaxactun</Text>
    </Row>
    <Row Tag="LOC_CITY_NAME_TONINA">
      <Text>Tonina</Text>
    </Row>
    <Row Tag="LOC_CITY_NAME_KAMINALJUYU">
      <Text>Kaminaljuyu</Text>
    </Row>
    <Row Tag="LOC_CITY_NAME_UCANAL">
      <Text>Ucanal</Text>
    </Row>
    <Row Tag="LOC_CITY_NAME_IZAPA">
      <Text>Izapa</Text>
    </Row>
    <Row Tag="LOC_CITY_NAME_COMALCALCO">
      <Text>Comalcalco</Text>
    </Row>
    <Row Tag="LOC_CITY_NAME_LAMANAI">
      <Text>Lamanai</Text>
    </Row>
    <Row Tag="LOC_CITY_NAME_DZIBILCHALTUN">
      <Text>Dzibilchaltun</Text>
    </Row>
    <Row Tag="LOC_CITY_NAME_EDZNA">
      <Text>Edzna</Text>
    </Row>
    <Row Tag="LOC_CITY_NAME_SACUL">
      <Text>Sacul</Text>
    </Row>
    <Row Tag="LOC_CITY_NAME_BECAN">
      <Text>Becan</Text>
    </Row>
    <Row Tag="LOC_CITY_NAME_SAYIL">
      <Text>Sayil</Text>
    </Row>
    <Row Tag="LOC_CITY_NAME_MAYAPAN">
      <Text>Mayapan</Text>
    </Row>
    <Row Tag="LOC_CITY_NAME_DOS_PILAS">
      <Text>Dos Pilas</Text>
    </Row>
    <Row Tag="LOC_CITY_NAME_BONAMPAK">
      <Text>Bonampak</Text>
    </Row>
    <Row Tag="LOC_CITY_NAME_KABAH">
      <Text>Kabah</Text>
    </Row>
    <Row Tag="LOC_CITY_NAME_SEIBA">
      <Text>Seibal</Text>
    </Row>
    <Row Tag="LOC_CITY_NAME_IZAMAL">
      <Text>Izamal</Text>
    </Row>
    <Row Tag="LOC_CITY_NAME_ALTAR_DE_SACRIFICIOS">
      <Text>Kurban Sunagi</Text>
    </Row>
    <Row Tag="LOC_CITY_NAME_RIO_BEC">
      <Text>Rio Bec</Text>
    </Row>
    <Row Tag="LOC_CITY_NAME_MACHAQUILA">
      <Text>Machaquila</Text>
    </Row>
    <Row Tag="LOC_CITY_NAME_XTAMPAK">
      <Text>Xtampak</Text>
    </Row>
    <Row Tag="LOC_CITY_NAME_CHINKULTIC">
      <Text>Chinkultic</Text>
    </Row>
    <Row Tag="LOC_CITY_NAME_XPUHIL">
      <Text>Xpuhil</Text>
    </Row>
    <!--City-States-->
    <Row Tag="LOC_CITY_NAME_CAGUANA">
      <Text>Caguana</Text>
    </Row>
    <Row Tag="LOC_CITY_NAME_HUNZA">
      <Text>Hunza</Text>
    </Row>
    <Row Tag="LOC_CITY_NAME_LAHORE">
      <Text>Lahor</Text>
    </Row>
    <Row Tag="LOC_CITY_NAME_SINGAPORE">
      <Text>Singapur</Text>
    </Row>
    <Row Tag="LOC_CITY_NAME_TARUGA">
      <Text>Taruga</Text>
    </Row>
    <Row Tag="LOC_CITY_NAME_VATICAN_CITY">
      <Text>Vatikan Sehri</Text>
    </Row>
  </EnglishText>
</GameData>