﻿<?xml version="1.0" encoding="utf-8"?>
<GameData>
  <Language_en_US>
    <Row Tag="TXT_KEY_MAP_FOLDER_DLC_2_TITLE">
      <Text>Karistirilmis Kitalar</Text>
    </Row>
    <Row Tag="TXT_KEY_MAP_FOLDER_DLC_2_DESC">
      <Text>Karisik Kitalar Harita Paketi</Text>
    </Row>
    <Row Tag="TXT_KEY_CW_MAP_PACK_AFRICA">
      <Text>Afrika</Text>
    </Row>
    <Row Tag="TXT_KEY_CW_MAP_PACK_AFRICA_DUEL">
      <Text>Afrika - Düello</Text>
    </Row>
    <Row Tag="TXT_KEY_CW_MAP_PACK_AFRICA_SMALL">
      <Text>Afrika - Küçük</Text>
    </Row>
    <Row Tag="TXT_KEY_CW_MAP_PACK_AFRICA_STANDARD">
      <Text>Afrika - Standart</Text>
    </Row>
    <Row Tag="TXT_KEY_CW_MAP_PACK_AFRICA_LARGE">
      <Text>Afrika - Büyük</Text>
    </Row>
    <Row Tag="TXT_KEY_CW_MAP_PACK_AFRICA_DESC">
      <Text>Bazi temel özellikler disinda rastgele çizilmis bir Afrika haritasi.</Text>
    </Row>
    <Row Tag="TXT_KEY_CW_MAP_PACK_ANTARCTICA_THAWED">
      <Text>Antarktika Cözüldü</Text>
    </Row>
    <Row Tag="TXT_KEY_CW_MAP_PACK_ANTARCTICA_THAWED_DESC">
      <Text>Antarktika'nin sadece küçük bir kisminin donmus olarak kaldigi rastgele bir fantezi versiyonu.</Text>
    </Row>
    <Row Tag="TXT_KEY_CW_MAP_PACK_EARTH">
      <Text>Dünya</Text>
    </Row>
    <Row Tag="TXT_KEY_CW_MAP_PACK_EARTH_TINY">
      <Text>Dünya - Minik</Text>
    </Row>
    <Row Tag="TXT_KEY_CW_MAP_PACK_EARTH_DUEL">
      <Text>Dünya - Düello</Text>
    </Row>
    <Row Tag="TXT_KEY_CW_MAP_PACK_EARTH_SMALL">
      <Text>Dünya - Küçük</Text>
    </Row>
    <Row Tag="TXT_KEY_CW_MAP_PACK_EARTH_STANDARD">
      <Text>Toprak - Standart</Text>
    </Row>
    <Row Tag="TXT_KEY_CW_MAP_PACK_EARTH_LARGE">
      <Text>Dünya - Büyük</Text>
    </Row>
    <Row Tag="TXT_KEY_CW_MAP_PACK_EARTH_HUGE">
      <Text>Dünya - Devasa</Text>
    </Row>
    <Row Tag="TXT_KEY_CW_MAP_PACK_EARTH_DESC">
      <Text>Cografi olarak dogru yeryüzü sekilleri ve rastgele arazi ve özelliklerle tüm Dünya.</Text>
    </Row>
    <Row Tag="TXT_KEY_CW_MAP_PACK_EAST_ASIA">
      <Text>Dogu Asya</Text>
    </Row>
    <Row Tag="TXT_KEY_CW_MAP_PACK_EAST_ASIA_DESC">
      <Text>Yeryüzü sekillerinin ve Himalayalarin sabit oldugu, diger tüm arazilerin rastgele seçildigi bir Dogu Asya haritasi.</Text>
    </Row>
    <Row Tag="TXT_KEY_CW_MAP_PACK_EAST_ASIA_SMALL">
      <Text>Dogu Asya - Küçük</Text>
    </Row>
    <Row Tag="TXT_KEY_CW_MAP_PACK_EAST_ASIA_SMALL_DESC">
      <Text>Yeryüzü sekillerinin ve Himalayalarin sabit oldugu, diger tüm arazilerin rastgele seçildigi küçük bir Dogu Asya haritasi.</Text>
    </Row>
    <Row Tag="TXT_KEY_CW_MAP_PACK_EAST_ASIA_LARGE">
      <Text>Dogu Asya - Büyük</Text>
    </Row>
    <Row Tag="TXT_KEY_CW_MAP_PACK_EAST_ASIA_LARGE_DESC">
      <Text>Yeryüzü sekillerinin ve Himalayalarin sabit oldugu, diger tüm arazilerin rastgele seçildigi büyük bir Dogu Asya haritasi.</Text>
    </Row>
    <Row Tag="TXT_KEY_CW_MAP_PACK_WESTERN_EUROPE">
      <Text>Bati Avrupa</Text>
    </Row>
    <Row Tag="TXT_KEY_CW_MAP_PACK_WESTERN_EUROPE_DESC">
      <Text>Yeryüzü sekillerinin ve dag siralarinin sabit oldugu, diger tüm arazi ve özelliklerin rastgele seçildigi bir Bati Avrupa haritasi.</Text>
    </Row>
    <Row Tag="TXT_KEY_CW_MAP_PACK_WESTERN_EUROPE_SMALL">
      <Text>Bati Avrupa - Küçük</Text>
    </Row>
    <Row Tag="TXT_KEY_CW_MAP_PACK_WESTERN_EUROPE_SMALL_DESC">
      <Text>Yeryüzü sekillerinin ve dag siralarinin sabit oldugu, diger tüm arazi ve özelliklerin rastgele seçildigi küçük bir Bati Avrupa haritasi.</Text>
    </Row>
    <Row Tag="TXT_KEY_CW_MAP_PACK_WESTERN_EUROPE_STANDARD">
      <Text>Bati Avrupa - Standart</Text>
    </Row>
    <Row Tag="TXT_KEY_CW_MAP_PACK_WESTERN_EUROPE_STANDARD_DESC">
      <Text>Yeryüzü sekillerinin ve dag siralarinin sabit oldugu, diger tüm arazi ve özelliklerin rastgele seçildigi standart bir Bati Avrupa haritasi.</Text>
    </Row>
    <Row Tag="TXT_KEY_CW_MAP_PACK_OCEANIA">
      <Text>Okyanusya</Text>
    </Row>
    <Row Tag="TXT_KEY_CW_MAP_PACK_OCEANIA_DESC">
      <Text>Archipelago'ya benzer sekilde, kirik kita kümeleri, küçük adalar ve bol miktarda açik su ile daha kitasal bir his.</Text>
    </Row>
    <Row Tag="TXT_KEY_CW_MAP_PACK_SMALL_CONT_PLUS">
      <Text>Küçük Kitalar Plus</Text>
    </Row>
    <Row Tag="TXT_KEY_CW_MAP_PACK_SMALL_CONT_PLUS_DESC">
      <Text>Orijinal Küçük Kitalar haritasina yeni bir yaklasim, genisleyen ada zincirleri ve daha iyi kita üretimi ekleniyor.</Text>
    </Row>
    <Row Tag="TXT_KEY_CW_MAP_PACK_NORTH_AMERICA">
      <Text>Kuzey Amerika</Text>
    </Row>
    <Row Tag="TXT_KEY_CW_MAP_PACK_NORTH_AMERICA_DUEL">
      <Text>Kuzey Amerika - Düello</Text>
    </Row>
    <Row Tag="TXT_KEY_CW_MAP_PACK_NORTH_AMERICA_TINY">
      <Text>Kuzey Amerika - Minik</Text>
    </Row>
    <Row Tag="TXT_KEY_CW_MAP_PACK_NORTH_AMERICA_SMALL">
      <Text>Kuzey Amerika - Küçük</Text>
    </Row>
    <Row Tag="TXT_KEY_CW_MAP_PACK_NORTH_AMERICA_STANDARD">
      <Text>Kuzey Amerika - Standart</Text>
    </Row>
    <Row Tag="TXT_KEY_CW_MAP_PACK_NORTH_AMERICA_LARGE">
      <Text>Kuzey Amerika - Büyük</Text>
    </Row>
    <Row Tag="TXT_KEY_CW_MAP_PACK_NORTH_AMERICA_HUGE">
      <Text>Kuzey Amerika - Büyük</Text>
    </Row>
    <Row Tag="TXT_KEY_CW_MAP_PACK_NORTH_AMERICA_DESC">
      <Text>Kolombiya'dan Alaska'ya uzanan, yeryüzü sekillerinin ve kuzey tundrasinin sabit oldugu ve diger tüm arazi ve özelliklerin rastgele seçildigi bir Kuzey Amerika haritasi.</Text>
    </Row>
    <Row Tag="TXT_KEY_CW_MAP_PACK_SOUTH_AMERICA">
      <Text>Güney Amerika</Text>
    </Row>
    <Row Tag="TXT_KEY_CW_MAP_PACK_SOUTH_AMERICA_TINY">
      <Text>Güney Amerika - Minik</Text>
    </Row>
    <Row Tag="TXT_KEY_CW_MAP_PACK_SOUTH_AMERICA_STANDARD">
      <Text>Güney Amerika - Standart</Text>
    </Row>
    <Row Tag="TXT_KEY_CW_MAP_PACK_SOUTH_AMERICA_DESC">
      <Text>Yeryüzü seklinin sabit oldugu ve "gezgin" siradaglar da dahil olmak üzere diger tüm arazi ve özelliklerin rastgele seçildigi bir Güney Amerika haritasi.</Text>
    </Row>
    <Row Tag="TXT_KEY_CW_MAP_PACK_MIDDLE_EAST">
      <Text>Orta Dogu</Text>
    </Row>
    <Row Tag="TXT_KEY_CW_MAP_PACK_MIDDLE_EAST_DUEL">
      <Text>Orta Dogu - Düello</Text>
    </Row>
    <Row Tag="TXT_KEY_CW_MAP_PACK_MIDDLE_EAST_TINY">
      <Text>Orta Dogu - Minik</Text>
    </Row>
    <Row Tag="TXT_KEY_CW_MAP_PACK_MIDDLE_EAST_SMALL">
      <Text>Orta Dogu - Küçük</Text>
    </Row>
    <Row Tag="TXT_KEY_CW_MAP_PACK_MIDDLE_EAST_STANDARD">
      <Text>Orta Dogu - Standart</Text>
    </Row>
    <Row Tag="TXT_KEY_CW_MAP_PACK_MIDDLE_EAST_LARGE">
      <Text>Orta Dogu - Büyük</Text>
    </Row>
    <Row Tag="TXT_KEY_CW_MAP_PACK_MIDDLE_EAST_DESC">
      <Text>Karadeniz'den Umman Denizi'ne kadar uzanan, yeryüzü sekillerinin sabit oldugu ve diger tüm arazilerin rastgele seçildigi bir Orta Dogu haritasi.</Text>
    </Row>
  </Language_en_US>
</GameData>