﻿<?xml version="1.0" encoding="utf-8"?>
<!-- edited with XMLSPY v2004 rel. 2 U (http://www.xmlspy.com) by Ed Beach (Firaxis Games) -->
<GameData>
  <Language_en_US>
    <Row Tag="TXT_KEY_CIV5_FEATURES_FOUNTAIN_YOUTH_TEXT">
      <Text>Bu efsanevi pinarla ilgili en eski anlatilardan biri Herodot'a aittir  Herodot pinari, içen herkese olaganüstü uzun bir yasam veren özel bir "Yasam Suyu" olarak tanimlar.  Benzer hikâyeler Karayipler ve Güney Amerika'nin yerli halklari arasinda da anlatilmis ve Gençlik Pinari Ispanya'nin kesif döneminde ön plana çikmistir.  Popüler bir hikayeye göre, 1513 yilinda Ispanyol fatih Juan Ponce de Leon Porto Riko'daki seyahatleri sirasinda çesme hakkinda hikayeler duymus ve sonsuz yasami aramak için yelken açmistir.  Bunu yaparken Florida'yi kesfetti (ve Amerikan topraklarina ayak basan ilk Avrupalilardan biri oldu) ancak efsanevi çesmeyi asla bulamadi.  Gençlik Pinari günümüzde de izleyicileri büyülemeye devam ediyor - filmler, kitaplar, çizgi romanlar ve oyunlarin hepsi efsanevi pinari ve insanin onu elde etmek için sonsuz arayisini içeriyor.</Text>
    </Row>
    <Row Tag="TXT_KEY_CIV5_FEATURES_FOUNTAIN_YOUTH_HELP">
      <Text>Yaninda bulunan tüm birimler oyunun geri kalaninda iki kat hizda iyilesir.</Text>
    </Row>
    <Row Tag="TXT_KEY_CIV5_FEATURES_POTOSI_TEXT">
      <Text>Bolivya'nin güneyinde yer alan Potosi dagi, imparatorluk günlerinde Ispanyollar tarafindan çikarilan gümüsün neredeyse tamamini üretiyordu.  Gümüs dagdan çikarildiktan sonra lama ve katirlarla kiyiya götürülüyor ve buradan da Avrupa'ya giden hazine gemilerine yükleniyordu.   200 yil boyunca yaklasik 41.000 ton saf gümüs çikarilmis ve bunun 8.200 tonu dogrudan Ispanyol kraliyetine gitmistir.  1800'den sonra ana gümüs madenleri tükendi, ancak Potosi madenciligi bugün hala devam ediyor - bazilari gümüs için ama simdi çogunlukla kalay için.</Text>
    </Row>
    <Row Tag="TXT_KEY_CIV5_FEATURES_EL_DORADO_TEXT">
      <Text>Bu efsanevi "Kayip Altin Sehir", anlatilmamis zenginliklerine rastlama umuduyla pek çok Ispanyol fatihi Yeni Dünya'ya çekti. Yaklasik üç yüzyil boyunca, degerli taslar ve altin efsanesi kasifleri Güney Amerika kiyilarina çekmis ve yol boyunca bulduklari diger sehirleri yagmalamislardir. El Dorado yüzyillar boyunca kasifleri büyülemis ve yerini tespit etmek için 1804 gibi geç bir tarihte kesif gezileri düzenlenmistir. Ancak artik efsanevi sehrin, bir inisiyasyonun parçasi olarak kendini ince bir altin tozu tabakasiyla kaplayan ve Guatavita Gölü'ne dalan bir Muisca sefinin adindan esinlenildigine inaniliyor.</Text>
    </Row>
    <Row Tag="TXT_KEY_CIV5_FEATURES_EL_DORADO_HELP">
      <Text>Onu kesfeden ilk oyuncuya 500 [ICON_GOLD] Altin verir.</Text>
    </Row>
  </Language_en_US>
</GameData>