﻿<?xml version="1.0" encoding="utf-8"?>
<GameData>
  <Language_en_US>
    <Row Tag="TXT_KEY_MAP_FOLDER_DLC_3_TITLE">
      <Text>Karistirilmis Milletler</Text>
    </Row>
    <Row Tag="TXT_KEY_MAP_FOLDER_DLC_3_DESC">
      <Text>Karistirilmis Milletler Harita Paketi</Text>
    </Row>
    <Row Tag="TXT_KEY_CW_MAP_PACK_AUSTRALIA">
      <Text>Avustralya</Text>
    </Row>
    <Row Tag="TXT_KEY_CW_MAP_PACK_AUSTRALIA_DESC">
      <Text>Rastgele arazi ve kiyi baslangiç konumlarina sahip bir Avustralya haritasi.</Text>
    </Row>
    <Row Tag="TXT_KEY_CW_MAP_PACK_AUSTRALIA_DUEL">
      <Text>Avustralya - Düello</Text>
    </Row>
    <Row Tag="TXT_KEY_CW_MAP_PACK_AUSTRALIA_TINY">
      <Text>Avustralya - Minik</Text>
    </Row>
    <Row Tag="TXT_KEY_CW_MAP_PACK_AUSTRALIA_SMALL">
      <Text>Avustralya - Küçük</Text>
    </Row>
    <Row Tag="TXT_KEY_CW_MAP_PACK_AUSTRALIA_STANDARD">
      <Text>Avustralya - Standart</Text>
    </Row>
    <Row Tag="TXT_KEY_CW_MAP_PACK_CANADA">
      <Text>Kanada</Text>
    </Row>
    <Row Tag="TXT_KEY_CW_MAP_PACK_CANADA_DESC">
      <Text>Kuzeyde tundra ve kar bantlari ile rastgele olusturulmus düzlükler, otlaklar ve ormanlardan olusan bir Kanada haritasi.</Text>
    </Row>
    <Row Tag="TXT_KEY_CW_MAP_PACK_CANADA_DUEL">
      <Text>Kanada - Düello</Text>
    </Row>
    <Row Tag="TXT_KEY_CW_MAP_PACK_CANADA_TINY">
      <Text>Kanada - Minik</Text>
    </Row>
    <Row Tag="TXT_KEY_CW_MAP_PACK_CANADA_SMALL">
      <Text>Kanada - Küçük</Text>
    </Row>
    <Row Tag="TXT_KEY_CW_MAP_PACK_CANADA_STANDARD">
      <Text>Kanada - Standart</Text>
    </Row>
    <Row Tag="TXT_KEY_CW_MAP_PACK_CANADA_LARGE">
      <Text>Kanada - Büyük</Text>
    </Row>
    <Row Tag="TXT_KEY_CW_MAP_PACK_SCAN">
      <Text>Iskandinavya</Text>
    </Row>
    <Row Tag="TXT_KEY_CW_MAP_PACK_SCAN_DESC">
      <Text>Bazi temel özellikler disinda rastgele çizilmis bir Iskandinavya haritasi.</Text>
    </Row>
    <Row Tag="TXT_KEY_CW_MAP_PACK_SCAN_LARGE">
      <Text>Iskandinavya - Büyük</Text>
    </Row>
    <Row Tag="TXT_KEY_CW_MAP_PACK_SCAN_STANDARD">
      <Text>Iskandinavya - Standart</Text>
    </Row>
    <Row Tag="TXT_KEY_CW_MAP_PACK_SCAN_SMALL">
      <Text>Iskandinavya - Küçük</Text>
    </Row>
    <Row Tag="TXT_KEY_CW_MAP_PACK_JAPAN">
      <Text>Japonya</Text>
    </Row>
    <Row Tag="TXT_KEY_CW_MAP_PACK_JAPAN_DESC">
      <Text>Yeryüzü sekillerinin ve önemli daglarin sabit oldugu ve diger tüm arazilerin rastgele seçildigi bir Japonya haritasi.</Text>
    </Row>
    <Row Tag="TXT_KEY_CW_MAP_PACK_JAPAN_DUEL">
      <Text>Japonya - Düello</Text>
    </Row>
    <Row Tag="TXT_KEY_CW_MAP_PACK_JAPAN_TINY">
      <Text>Japonya - Minik</Text>
    </Row>
    <Row Tag="TXT_KEY_CW_MAP_PACK_JAPAN_SMALL">
      <Text>Japonya - Küçük</Text>
    </Row>
    <Row Tag="TXT_KEY_CW_MAP_PACK_JAPAN_STANDARD">
      <Text>Japonya - Standart</Text>
    </Row>
    <Row Tag="TXT_KEY_CW_MAP_PACK_JAPAN_LARGE">
      <Text>Japonya - Büyük</Text>
    </Row>
    <Row Tag="TXT_KEY_CW_MAP_PACK_ITALY">
      <Text>Italya</Text>
    </Row>
    <Row Tag="TXT_KEY_CW_MAP_PACK_ITALY_DESC">
      <Text>Yeryüzü sekillerinin ve Alplerin sabit oldugu, diger tüm arazilerin rastgele seçildigi bir Italya haritasi.</Text>
    </Row>
    <Row Tag="TXT_KEY_CW_MAP_PACK_ITALY_SMALL">
      <Text>Italya - Küçük</Text>
    </Row>
    <Row Tag="TXT_KEY_CW_MAP_PACK_ITALY_STANDARD">
      <Text>Italya - Standart</Text>
    </Row>
    <Row Tag="TXT_KEY_CW_MAP_PACK_UK">
      <Text>Birlesik Krallik</Text>
    </Row>
    <Row Tag="TXT_KEY_CW_MAP_PACK_UK_DESC">
      <Text>Ingiltere, Iskoçya ve Kuzey Irlanda'yi içeren, tüm arazilerin rastgele seçildigi bir Birlesik Krallik haritasi.</Text>
    </Row>
    <Row Tag="TXT_KEY_CW_MAP_PACK_UK_DUEL">
      <Text>Birlesik Krallik - Düello</Text>
    </Row>
    <Row Tag="TXT_KEY_CW_MAP_PACK_UK_TINY">
      <Text>Birlesik Krallik - Tiny</Text>
    </Row>
    <Row Tag="TXT_KEY_CW_MAP_PACK_UK_SMALL">
      <Text>Birlesik Krallik - Küçük</Text>
    </Row>
    <Row Tag="TXT_KEY_CW_MAP_PACK_UK_STANDARD">
      <Text>Birlesik Krallik - Standart</Text>
    </Row>
    <Row Tag="TXT_KEY_CW_MAP_PACK_UK_LARGE">
      <Text>Birlesik Krallik - Büyük</Text>
    </Row>
    <Row Tag="TXT_KEY_CW_MAP_PACK_CHINA">
      <Text>Cin</Text>
    </Row>
    <Row Tag="TXT_KEY_CW_MAP_PACK_CHINA_DESC">
      <Text>Cin'in sekline ve arazisine benzeyen, tamamen rastgele olusturulmus, senaryo güdümlü bir harita.</Text>
    </Row>
    <Row Tag="TXT_KEY_CW_MAP_PACK_CHINA_DUEL">
      <Text>Cin - Düello</Text>
    </Row>
    <Row Tag="TXT_KEY_CW_MAP_PACK_CHINA_TINY">
      <Text>Cin - Minik</Text>
    </Row>
    <Row Tag="TXT_KEY_CW_MAP_PACK_CHINA_SMALL">
      <Text>Cin - Küçük</Text>
    </Row>
    <Row Tag="TXT_KEY_CW_MAP_PACK_CHINA_STANDARD">
      <Text>Cin - Standart</Text>
    </Row>
    <Row Tag="TXT_KEY_CW_MAP_PACK_CHINA_LARGE">
      <Text>Cin - Büyük</Text>
    </Row>
    <Row Tag="TXT_KEY_CW_MAP_PACK_RUSSIA">
      <Text>Rusya</Text>
    </Row>
    <Row Tag="TXT_KEY_CW_MAP_PACK_RUSSIA_DESC">
      <Text>Yeryüzü seklinin sabit oldugu ve tüm iç arazinin rastgele seçildigi bir Rusya haritasi.</Text>
    </Row>
    <Row Tag="TXT_KEY_CW_MAP_PACK_RUSSIA_DUEL">
      <Text>Rusya - Düello</Text>
    </Row>
    <Row Tag="TXT_KEY_CW_MAP_PACK_RUSSIA_TINY">
      <Text>Rusya - Minik</Text>
    </Row>
    <Row Tag="TXT_KEY_CW_MAP_PACK_RUSSIA_SMALL">
      <Text>Rusya - Küçük</Text>
    </Row>
    <Row Tag="TXT_KEY_CW_MAP_PACK_RUSSIA_STANDARD">
      <Text>Rusya - Standart</Text>
    </Row>
    <Row Tag="TXT_KEY_CW_MAP_PACK_RUSSIA_LARGE">
      <Text>Rusya - Büyük</Text>
    </Row>
    <Row Tag="TXT_KEY_CW_MAP_PACK_RUSSIA_HUGE">
      <Text>Rusya - Devasa</Text>
    </Row>
    <Row Tag="TXT_KEY_CW_MAP_PACK_TURKEY">
      <Text>Türkiye</Text>
    </Row>
    <Row Tag="TXT_KEY_CW_MAP_PACK_TURKEY_DESC">
      <Text>Yeryüzü seklinin sabit oldugu ve tüm iç arazinin daglik ve rastgele oldugu bir Türkiye haritasi.</Text>
    </Row>
    <Row Tag="TXT_KEY_CW_MAP_PACK_TURKEY_DUEL">
      <Text>Türkiye - Düello</Text>
    </Row>
    <Row Tag="TXT_KEY_CW_MAP_PACK_TURKEY_TINY">
      <Text>Türkiye - Minik</Text>
    </Row>
    <Row Tag="TXT_KEY_CW_MAP_PACK_TURKEY_SMALL">
      <Text>Hindi - Küçük</Text>
    </Row>
    <Row Tag="TXT_KEY_CW_MAP_PACK_TURKEY_STANDARD">
      <Text>Türkiye - Standart</Text>
    </Row>
    <Row Tag="TXT_KEY_CW_MAP_PACK_TURKEY_LARGE">
      <Text>Hindi - Büyük</Text>
    </Row>
    <Row Tag="TXT_KEY_CW_MAP_PACK_TURKEY_HUGE">
      <Text>Türkiye - Büyük</Text>
    </Row>
    <Row Tag="TXT_KEY_CW_MAP_PACK_FRANCE">
      <Text>Fransa</Text>
    </Row>
    <Row Tag="TXT_KEY_CW_MAP_PACK_FRANCE_DESC">
      <Text>Yeryüzü seklinin sabit oldugu ve tüm iç arazinin rastgele seçildigi bir Fransa haritasi.</Text>
    </Row>
    <Row Tag="TXT_KEY_CW_MAP_PACK_FRANCE_DUEL">
      <Text>Fransa - Düello</Text>
    </Row>
    <Row Tag="TXT_KEY_CW_MAP_PACK_FRANCE_TINY">
      <Text>Fransa - Minik</Text>
    </Row>
    <Row Tag="TXT_KEY_CW_MAP_PACK_FRANCE_SMALL">
      <Text>Fransa - Küçük</Text>
    </Row>
    <Row Tag="TXT_KEY_CW_MAP_PACK_FRANCE_STANDARD">
      <Text>Fransa - Standart</Text>
    </Row>
    <Row Tag="TXT_KEY_CW_MAP_PACK_FRANCE_LARGE">
      <Text>Fransa - Büyük</Text>
    </Row>
    <Row Tag="TXT_KEY_CW_MAP_PACK_FRANCE_HUGE">
      <Text>Fransa - Büyük</Text>
    </Row>
  </Language_en_US>
</GameData>