﻿<?xml version="1.0" encoding="utf-8"?>
<GameData>
  <EnglishText>
    <!-- Portugal: Building Info -->
    <Row Tag="LOC_BUILDING_NAVIGATION_SCHOOL_NAME">
      <Text>Navigasyon Okulu</Text>
    </Row>
    <Row Tag="LOC_BUILDING_NAVIGATION_SCHOOL_DESCRIPTION">
      <Text>Portekiz'e özgü bir bina. Bu sehirdeki deniz birimlerine yönelik +%25 [ICON_PRODUCTION] Üretim. Bu sehirdeki her iki kiyi veya göl karesi için +1 [ICON_SCiENCE] Bilim. Tur basina +1 [ICON_GreatAdmiral] Büyük Amiral ve +1 [ICON_GreatScientist] Büyük Bilim Adami puani.</Text>
    </Row>
    <Row Tag="LOC_CITY_YIELD_FROM_TERRAIN_TOOLTIP">
      <Text>{Deger : sayi +#.# -#.#} Terrain'den</Text>
    </Row>
    <!-- Portugal: Civ Info -->
    <Row Tag="LOC_CIVILIZATION_PORTUGAL_NAME">
      <Text>Portekiz</Text>
    </Row>
    <Row Tag="LOC_CIVILIZATION_PORTUGAL_DESCRIPTION">
      <Text>Portekiz Imparatorlugu</Text>
    </Row>
    <Row Tag="LOC_CIVILIZATION_PORTUGAL_ADJECTIVE">
      <Text>Portekizce</Text>
    </Row>
    <Row Tag="LOC_TRAIT_CIVILIZATION_PORTUGAL_NAME">
      <Text>Casa da Índia</Text>
    </Row>
    <Row Tag="LOC_TRAIT_CIVILIZATION_PORTUGAL_DESCRIPTION">
      <Text>Uluslararasi [ICON_TradeRoute] Ticaret Yollari bir kiyi sehrinden baslamalidir ve yalnizca kiyidaki veya Limani olan sehirlere ulasabilir, ancak tüm getirilere +%50 eklenir. Tüccar birimleri su üzerinde +%50 menzile sahiptir ve kilitleri açilir açilmaz gemiye binebilirler.</Text>
    </Row>
    <!-- Portugal: Improvement Info -->
    <Row Tag="LOC_IMPROVEMENT_FEITORIA_NAME">
      <Text>Feitoria</Text>
    </Row>
    <Row Tag="LOC_IMPROVEMENT_FEITORIA_DESCRIPTION">
      <Text>Nau'nun Portekiz'e özgü Feitoria insa etme yeteneginin kilidini açar.[NEWLINE][NEWLINE]+4 [ICON_Gold] Altin ve +1 [ICON_Production] Üretim saglar. Portekiz'den bu sehre gönderilen ticaret yollari +4 [ICON_GOLD] Altin ve +1 [ICON_PRODUCTION] Üretim kazanir. Yalnizca Açik Sinirlariniz olan diger Medeniyetlere veya Sehir Devletlerine ait topraklardaki Lüks veya Bonus kaynaklara bitisik olarak insa edilebilir. Karaya bitisik bir Sahil veya Göl karesi üzerine insa edilmeli ve baska bir Feitoria'ya bitisik olmamalidir. Feitoria'lar kaldirilamaz.</Text>
    </Row>
    <!-- Portugal: Leader Info -->
    <Row Tag="LOC_LEADER_JOAO_III_NAME">
      <Text>João III</Text>
    </Row>
    <Row Tag="LOC_LOADING_INFO_LEADER_JOAO_III">
      <Text>João III, inançlarinizda saglam durun ve baskalarini da onlara yönlendirin. Dininizi ve ticaret aglarinizi kiyilarinizin ötesine yayarken, halkiniza refahi geri getirin, böylece daha önce görülmemis yeni varolus biçimlerini deneyimleyebilirler.</Text>
    </Row>
    <Row Tag="LOC_TRAIT_LEADER_JOAO_III_NAME">
      <Text>Porta do Cerco</Text>
    </Row>
    <Row Tag="LOC_TRAIT_LEADER_JOAO_III_DESCRIPTION">
      <Text>Tüm birimler +1 görüs kazanir. Bir uygarlikla karsilasildiginda +1 [ICON_TradeRoute] Ticaret Yolu kapasitesi. Tüm sehir devletleri ile Açik Sinirlar.</Text>
    </Row>
    <Row Tag="LOC_ABILITY_PORTA_DO_CERCO_EXTRA_SIGHT_NAME">
      <Text>Porta do Cerco</Text>
    </Row>
    <Row Tag="LOC_ABILITY_PORTA_DO_CERCO_EXTRA_SIGHT_DESCRIPTION">
      <Text>Porta do Cerco özelliginden +1 Görüs.</Text>
    </Row>
    <!-- Portugal: Unit Info -->
    <Row Tag="LOC_UNIT_PORTUGUESE_NAU_NAME">
      <Text>Nau</Text>
    </Row>
    <Row Tag="LOC_UNIT_PORTUGUESE_NAU_DESCRIPTION">
      <Text>Karavel'in yerini alan Portekiz'e özgü deniz yakin muharebe birimi. 1 serbest Terfi ile baslar ve daha az bakim gerektirir. Feitorias insa etmek için iki sarji vardir.</Text>
    </Row>
    <Row Tag="LOC_ABILITY_NAU_NAME">
      <Text>Nau</Text>
    </Row>
    <Row Tag="LOC_ABILITY_NAU_DESCRIPTION">
      <Text>1 ücretsiz promosyon ile baslar.</Text>
    </Row>
    <!-- Portugal: Game mode info -->
    <Row Tag="LOC_GAMEMODE_TOWERDEFENSE_NAME">
      <Text>Zombi Savunma Modu</Text>
    </Row>
    <Row Tag="LOC_GAMEMODE_TOWERDEFENSE_DESCRIPTION">
      <Text>Bu oyun modunda, ölüler yasayanlar arasinda tahribat yaratmak için yükseliyor!  Bölgenizi korumak için yeni savunma yapilari kullanin ve rakiplerinizi yavaslatmak için zombileri manipüle edin.</Text>
    </Row>
    <Row Tag="LOC_HOF_STAT_ZOMBIES_KILLED">
      <Text>Öldürülen Zombiler</Text>
    </Row>
    <!-- Highlands-->
    <Row Tag="LOC_MAP_WETLANDS_NAME">
      <Text>Sulak Alanlar</Text>
    </Row>
    <Row Tag="LOC_MAP_WETLANDS_DESCRIPTION">
      <Text>Nehirler ve batakliklarla dolu bir kita haritasi. Ekstra Ormanlar, Sel Ovalari ve Yagmur Ormanlari da var.</Text>
    </Row>
  </EnglishText>
</GameData>