﻿<?xml version="1.0" encoding="utf-8"?>
<GameData>
  <EnglishText>
    <!-- concepts -->
    <Row Tag="LOC_PEDIA_CONCEPTS_PAGE_ZOMBIE_SIEGE_CHAPTER_CONTENT_TITLE">
      <Text>Zombi Savunmasi</Text>
    </Row>
    <Row Tag="LOC_PEDIA_CONCEPTS_PAGE_ZOMBIE_SIEGE_CHAPTER_WELCOME_TITLE">
      <Text>Hos geldiniz</Text>
    </Row>
    <Row Tag="LOC_PEDIA_CONCEPTS_PAGE_ZOMBIE_SIEGE_CHAPTER_WELCOME_PARA_1">
      <Text>Zombi Savunmasi oyun modu, Medeniyetinize tehlikeli bir tehdit getiriyor: ölü kalmayan ölüler. Zombiler savasin küllerinden dogabilir ve sizin ve digerlerinin topraklarini avladikça ölümcül lanetlerini yayarlar. En azindan bir tur daha sehirlerinizi ele geçirmelerini engellemeye çalisin!</Text>
    </Row>
    <Row Tag="LOC_PEDIA_CONCEPTS_PAGE_ZOMBIE_SIEGE_CHAPTER_ZOMBIES_TITLE">
      <Text>Zombiler</Text>
    </Row>
    <Row Tag="LOC_PEDIA_CONCEPTS_PAGE_ZOMBIE_SIEGE_CHAPTER_ZOMBIES_PARA_1">
      <Text>Zombiler, çorak arazilerde dolasan yakin dövüs birimleridir. Iyilestirmelerinizi yagmalayamazlar  sadece bununla ilgilenmezler. Ancak disarida dolasan herhangi bir birim için hemen harekete geçeceklerdir, bu nedenle sehirlerinizden ayrilirken gözünüzü açik tuttugunuzdan emin olun. Ayrica sehirlerinize saldirarak yok edilen Nüfusu daha fazla zombiye dönüstürebilirler...</Text>
    </Row>
    <Row Tag="LOC_PEDIA_CONCEPTS_PAGE_ZOMBIE_SIEGE_CHAPTER_ZOMBIES_PARA_2">
      <Text>Bir birim haritada öldügünde, birkaç tur sonra bir Zombi birimi olarak geri dönme sansi azdir. Ancak, bir birim bir Zombi tarafindan yok edilirse, bir sonraki turda kesinlikle yeniden dirilecektir. Yine de zombi tehdidi giderek büyür - dünyanin herhangi bir yerinde öldürülen her Zombi için, kalan ve yeni Zombiler daha da güçlenir. Ölülerle savasa girdiginizde neye bulastiginizi bildiginizden emin olun!</Text>
    </Row>
    <Row Tag="LOC_PEDIA_CONCEPTS_PAGE_ZOMBIE_SIEGE_CHAPTER_ZOMBIES_PARA_3">
      <Text>Kutsal Mekanlar ve Kampüsler zombi sürüsüne karsi geçici bir çözüm sunar. Bir Kutsal Mekânda Hortlaga Dönüs projesini veya bir Kampüste Karanlik Sinyal projesini kullanmak, sehir sinirlariniz içindeki Zombilerin kontrolünü kisa süreligine ele geçirmenize olanak taniyacak, yani sürüyü düsmanlariniza karsi çevirebileceksiniz. Sadece kontrolünüz sona erdiginde ya da stratejik olarak sonlandirdiginizda güvenli bir sekilde ulasamayacaginiz bir yerde oldugunuzdan emin olun. Ayrica Casuslariniz Zombi Salgini eylemiyle ölümcül laneti düsmanlariniza yayabilir.</Text>
    </Row>
    <Row Tag="LOC_PEDIA_CONCEPTS_PAGE_ZOMBIE_SIEGE_CHAPTER_DEFENSES_TITLE">
      <Text>Savunma</Text>
    </Row>
    <Row Tag="LOC_PEDIA_CONCEPTS_PAGE_ZOMBIE_SIEGE_CHAPTER_DEFENSES_PARA_1">
      <Text>Topraklarinizda sürüye karsi savunmasiz degilsiniz. Kutsal Yerler veya Kampüslerdeki Projelere ek olarak, insaatçilariniz düsmanlarinizi (canli veya ölü) savusturmaya yardimci olmak için Barikatlar veya Tuzaklar olusturabilir. Bir Barikat, içinden veya bitisigindeki karelerden geçen herhangi bir düsman birime az miktarda hasar verirken, bir Tuzak dogrudan içinden geçen herhangi bir düsman birime önemli miktarda hasar verir. Daha sonraki çaglar daha güçlü Barikatlar veya Tuzaklar olusturma yetenegi kazandirabilir.</Text>
    </Row>
    <Row Tag="LOC_PEDIA_CONCEPTS_PAGE_ZOMBIE_SIEGE_CHAPTER_DEFENSES_PARA_2">
      <Text>Bunlar yasayan ölülere karsi güçlü savunmalar olabilirken, her tür düsmana hasar verdikleri için daha canli düsmanlariniza karsi da yararli olabilirler. Bunlari stratejik olarak planlarsaniz geceyi atlatabilirsiniz.</Text>
    </Row>
    <!-- improvements -->
    <Row Tag="LOC_PEDIA_IMPROVEMENTS_PAGE_IMPROVEMENT_ANCIENT_TOWER_DEFENSE_CHAPTER_HISTORY_PARA_1">
      <Text>Zombilerin tekinsizligi belirsizliklerinden kaynaklanir. Onlar sadece canli bir materyal midir, yoksa bir tür canli varliklar midir? Insanlara karsi savunmalar, yürüyen cesetler için geçerli olmayan bir dizi seye dayanir: aci, korkutma, yorgunluk. Dikenli teller hissedemeyen bir sey için hiçbir sey ifade etmez. Ek olarak, zombilerin silahlari sinirlidir: zombiler trebuche insa etmezler  ok atmazlar. Bu yüzden ölülere karsi savunmalar, yasamayanlari düsünen bir düsman olarak degil, hareket eden bir madde olarak ele alir - sivriltilmis sopalar öldürmeye degil, hareketsiz birakmaya çalisir, geri çekilebilir merdivenli kuleler ipe tirmanacak beyni olmayan düsmanlara siginak saglar, hendekler köprü insa edemeyen düsmanlari tutar. En azindan sayilari çok fazla olana kadar.</Text>
    </Row>
    <Row Tag="LOC_PEDIA_IMPROVEMENTS_PAGE_IMPROVEMENT_MODERN_TOWER_DEFENSE_CHAPTER_HISTORY_PARA_1">
      <Text>Yürüyen ölüler yorulmaz. Bu onlarin en büyük avantajidir - tipki bir deniz gibi, onlari durdurmak için insa edilen savunmalari sürekli zorlarlar. Sonunda, ahsap ve bambu duvarlar parçalanir ve hatta tarla tasi duvarlar bile yikilir. Burada modern malzemeler - betonarme, çelik - devreye giriyor. Tipki Rönesans dönemi yildiz kalesinin açili duvarlariyla top atesinin etkisini absorbe etmek yerine saptirmak için tasarlanmasi gibi, modern savunmalar da yürüyen ölüleri durdurmak yerine saptirmayi vurguluyor. Esnek malzemeler bükülür ama kirilmaz, çünkü ölüler onlari acimasizca iter. Pürüzsüz yüzeyler kemikli parmaklarin tutunmasina izin vermez ve savak kapilari hendeklerin ve hendeklerin disari atilmasini saglayarak eski zombi savunma biçimlerinin üstesinden gelebilecek ceset yigini rampalarini önler. Bunlarin arkasinda güvende olmaliyiz. Güvende olmaliyiz.</Text>
    </Row>
    <Row Tag="LOC_PEDIA_IMPROVEMENTS_PAGE_IMPROVEMENT_ANCIENT_TRAP_DEFENSE_CHAPTER_HISTORY_PARA_1">
      <Text>Duvarlar düsmanlari disarida tutmaya çalisan bir savunma türü iken, tuzaklar düsmanlari ortadan kaldirmaya, yavaslatmaya veya hareketsiz hale getirmeye çalisir. Ve yürüyen ölüler acimasiz olsalar da zeki degillerdir. Bir kuledeki tek bir insan, sulu insan beyniyle, ölüleri - ya da "korumasiz" bir düsmani alt etmek isteyen düsman insanlari - halledilebilecekleri yakin bölgelere getirmek için yeterli bir yem görevi görebilir. Ancak ölüleri dagitmak insan düsmanlarla ugrasmaktan çok daha fazlasini gerektirir. Kovalanamazlar, hatta agir yaralanamazlar  yok edilmeleri gerekir. Kadim tuzaklar arasinda yanan zift, gizli çukurlar ya da okçularla dolu kuleler olabilir. Ta ki oklar tükenene kadar...</Text>
    </Row>
    <Row Tag="LOC_PEDIA_IMPROVEMENTS_PAGE_IMPROVEMENT_MODERN_TRAP_DEFENSE_CHAPTER_HISTORY_PARA_1">
      <Text>Yillar geçtikçe, ölümsüz tehdit hakkinda daha fazla sey ögrendik. Daha önceki tuzaklarda canli insanlar (gönüllü ya da baska sekilde) yem olarak kullaniliyordu, ancak mühendisler kimyasal ya da hayvansal ikameler gelistirdiler. Buna ek olarak, oyuk uçlu ya da anti-personel mermiler dokuya daha fazla zarar vermekte ve isabet oranini artirmaktadir. Her okçu William Tell degildir, yayli tüfekle bir elmayi tam isabetle vuramaz ve yivler ve dürbünler giderek daha hassas "öldürmeler" anlamina gelir ve keskin nisancilarin bulundugu siginaklar ölülere karsi da diger düsmanlara karsi oldugu kadar ise yarar. Rafine edilmis petrol ve napalm, zombilerin - ya da insan düsmanlarin - daha önceki malzemelerin yapamadigi sekilde parçalanmasini saglar. Buna ek olarak, modern tuzaklar zombilerin zayifliklarindan yararlanir: bir daire içinde durmaksizin yürüyen, köpek yarisi pistinde oldugu gibi mekanik bir pistte bir beyni kovalayan bir zombi sürüsü basit bir çukurdan çok daha etkili olabilir.</Text>
    </Row>
    <!-- units -->
    <Row Tag="LOC_PEDIA_UNITS_PAGE_UNIT_MODE_ZOMBIE_CHAPTER_HISTORY_PARA_1">
      <Text>Zombiler en taninmis korku mecazlarindan biri haline gelmistir. Ancak yirtici, karmakarisik cesetlerin görüntüsü ve özellikle de küresel bir ölümsüzler salgini fikri ancak son yillarda ortaya çikan bir seydir. Birçok Karayip folklor geleneginde zombi ya da jumbee, Bati Afrika geleneklerinden türeyen kötücül bir ruh için kullanilan genel bir kategoridir. Ancak Haiti'de zombi baska bir seye dönüstü - köleligin tüm dehsetini temsil ediyordu. O zamanlar Fransiz kolonisi olan Saint-Domingue'deki kölelestirilmis Afrikalilar için hayat neredeyse dayanilmazdi. Ölüm en azindan bir kurtulus ve Afrika'da sonunda özgür olabilecekleri bir cennete geri dönüs vaat ediyordu. Ancak intihar bu kapiyi kapatacak ve talihsiz ruhun sonsuza dek Karayipler'de, sonsuza dek kölelestirilmis bir zombi olarak kalmasina neden olacakti.</Text>
    </Row>
    <Row Tag="LOC_PEDIA_UNITS_PAGE_UNIT_MODE_ZOMBIE_CHAPTER_HISTORY_PARA_2">
      <Text>Haiti Devrimi'nin ardindan zombi, kötü niyetli bir büyücünün ya da bazi anlatilara göre bir voudun (vudu) rahibinin hizmetkâri olarak yerel folklora girmistir. Büyülenmis ya da yeniden canlandirilmis zombi, efendisi için çalismaya devam ediyor, böylece özgür olmak ve özgür kalmak için çok mücadele etmis bir halka köleligin korkunç bir sekilde geri dönüsünü hatirlatiyordu. Gerçekten de zombi, küresel popüler kültürde ilk kez bu anlamda ortaya çikmistir. Amerikan filmleri zombiyi egzotik büyünün bir sembolü olarak, Karayiplerin ya da basitçe "diger" dinlerin irkçi tasvirlerinde kullandi. Baska yerlerde zombiler, ister düpedüz köleligin geri gelmesiyle olsun, ister Güney Afrika gibi bölgelerde kapitalizmin yeni biçimlerinin kafa karistirici ve sömürücü bir sekilde tezahür etmesinin bir metaforu olarak olsun, kisinin emeginin çalinmasi korkusu olarak ortaya çikti.</Text>
    </Row>
    <Row Tag="LOC_PEDIA_UNITS_PAGE_UNIT_MODE_ZOMBIE_CHAPTER_HISTORY_PARA_3">
      <Text>Ancak çogu insan George Romero'nun "Yasayan Ölülerin Gecesi" filminde meshur ettigi ordulara asina olabilir. Romero burada, gömülmemis ölülerin hayata dönmesiyle alt üst olan bir dünya sunuyor. Romero'nun hiçbir zaman "zombi" terimini kullanmamasi, bunun yerine onlari "gulyabani" olarak adlandirmasi dikkat çekicidir - kendisi de bir Arap yamyam ruhuna gönderme yapmaktadir. Zombiler 20. yüzyilin sonlarinda yeni bir metafor haline geldi ve akilsiz, ruhsuz tüketiciligin  nükleer serpinti korkusunun ya da büyük toplumsal kargasa tehdidinin tezahürleri olarak ortaya çikti. 21. yüzyilda zombiler, hastalik korkusu ve toplumun çöküsüyle yakindan iliskili hale geldi. Dehsetin odagi, kisinin kendi üzerindeki kontrolünü kaybetme korkusundan, diger her sey ölmüs gibi göründükten sonra hayatta kalma fantezisine dönüstü. Burada zombiler tamamen yikici bir güçtür - muhtemelen kendi avantajiniza çevirebileceginiz bir yikim.</Text>
    </Row>
  </EnglishText>
</GameData>