﻿<?xml version="1.0" encoding="utf-8" standalone="yes"?>
<GameData xmlns:xsi="http://www.w3.org/2001/XMLSchema-instance">
  <BaseGameText>
    <!-- Ruleset -->
    <Row Tag="LOC_ANCIENT_RIVALS_RULESET_TITLE">
      <Text>Kadim Rakipler</Text>
    </Row>
    <Row Tag="LOC_ANCIENT_RIVALS_RULESET_TEASER">
      <Text>Antik Çağ'da geçen bu keşif ve kültür tabanlı senaryoda ufkunuzu genişletin ve medenileşin.  50 Tur sürer.[NEWLINE]Zafer Koşulları[NEWLINE]Tur sınırında, zafer aşağıdaki koşullardan en çoğuna sahip olan oyuncuya verilir. Beraberlikler skora göre çözülür.[NEWLINE][ICON_Bullet]Kültürlü - En fazla yurttaşlık araştırması yapın.[NEWLINE][ICON_Bullet]Kaşif - Haritada en fazla altıgeni ortaya çıkarın.[NEWLINE][ICON_Bullet]Kadim Yağmacı - En fazla altıgeni yağmalayın.[NEWLINE][ICON_Bullet]Antik Dünya Harikası - En fazla harikaya sahip olun.</Text>
    </Row>
    <!-- Victories  -->
    <Row Tag="LOC_ANCIENT_RIVALS_VICTORY_TITLE">
      <Text>Kadim Rakipler</Text>
    </Row>
    <Row Tag="LOC_ANCIENT_RIVALS_VICTORY_DESC">
      <Text>Tur sınırında, zafer aşağıdaki koşullardan en çoğuna sahip olan oyuncuya verilir. Beraberlikler skora göre çözülür.[NEWLINE][ICON_Bullet]Kültürlü - En çok yurttaşlık araştırması yapan.[NEWLINE][ICON_Bullet]Kaşif - Haritada en çok altıgeni ortaya çıkaran.[NEWLINE][ICON_Bullet]Kadim Yağmacı - En çok altıgeni yağmalayan.[NEWLINE][ICON_Bullet]Kadim Dünya Harikası - En çok harikaya sahip olan.[NEWLINE]</Text>
    </Row>
    <!-- Victories -->
    <Row Tag="LOC_ANCIENT_RIVALS_VICTORY_WIN_BLURB">
      <Text>Bana yeterince uzun bir kaldıraç ve onu yerleştirebileceğim bir dayanak noktası verin, ben de dünyayı hareket ettireyim. - Arşimet</Text>
    </Row>
    <!-- Scenario Package -->
    <Row Tag="LOC_ANCIENT_RIVALS_MOD_TITLE">
      <Text>Çok Oyunculu Senaryo: Kadim Rakipler</Text>
    </Row>
    <Row Tag="LOC_ANCIENT_RIVALS_MOD_TEASER">
      <Text>Antik Çağ'da geçen bu keşif ve kültür temelli senaryoda ufkunuzu genişletin ve medenileşin.  50 Tur sürer.</Text>
    </Row>
    <Row Tag="LOC_ANCIENT_RIVALS_MOD_DESCRIPTION">
      <Text>Zafer Koşulları[NEWLINE]Tur sınırında, zafer aşağıdaki koşullardan en çoğuna sahip olan oyuncuya verilir. Beraberlikler skora göre çözülür.[NEWLINE]Kültürlü - En çok yurttaşlık araştırması yapan.[NEWLINE]Kaşif - Haritada en çok altıgeni ortaya çıkaran.[NEWLINE]Kadim Yağmacı - En çok altıgeni yağmalayan.[NEWLINE]Kadim Dünya Harikası - En çok harikaya sahip olan.[NEWLINE]</Text>
    </Row>
    <Row Tag="LOC_AR_GAME_TURN_LIMIT_REACHED_PROGRESS">
      <Text>Dönüş Sınırı {ElapsedTurns}\{MinGameTurn} {StatusIcon}</Text>
    </Row>
    <Row Tag="LOC_VICTORY_ANCIENT_RIVALS_PLAYER_HAS_MOST_ANCIENT_RIVALS_POINTS_PROGRESS">
      <Text>Zafer Puanları {VictoryPoints} {VictoryStatusIcon}[NEWLINE]Keşfedilen Kareler {HexesExplored} {ExploredStatusIcon}[NEWLINE]Yağmalanan Kareler {TilesPillaged} {PillagedStatusIcon}[NEWLINE]Tamamlanan Yurttaşlıklar {CivicsCompleted} {CivicsStatusIcon}[NEWLINE]Sahip Olunan Harikalar {WondersPossessed} {WondersStatusIcon}</Text>
    </Row>
  </BaseGameText>
</GameData>