﻿<?xml version="1.0" encoding="utf-8"?>
<GameData>
  <EnglishText>
    <Row Tag="LOC_AUSTRALIA_MOD_TITLE">
      <Text>Avustralya Uygarlık Paketi</Text>
    </Row>
    <Row Tag="LOC_AUSTRALIA_MOD_TEASER">
      <Text>Yeni Uygarlık ve Lider - Avustralya'dan John Curtin</Text>
    </Row>
    <Row Tag="LOC_AUSTRALIA_MOD_DESCRIPTION">
      <Text>Yeni bir medeniyet ve lider içerir.</Text>
    </Row>
    <Row Tag="LOC_MOD_AUSTRALIA_SCENARIO_TITLE">
      <Text>Senaryo: Outback Tycoon</Text>
    </Row>
    <Row Tag="LOC_MOD_AUSTRALIA_SCENARIO_TEASER">
      <Text>Hangi koloni Avustralya'nın doğal zenginliklerinden en iyi şekilde yararlanacak?</Text>
    </Row>
    <Row Tag="LOC_MOD_AUSTRALIA_SCENARIO_DESCRIPTION">
      <Text>Bu 60 turluk senaryoda Avustralya'yı keşfetmek, doğal kaynaklarını bulmak ve bunları koloninizi zenginleştirmek için kullanmak için yarışıyorsunuz. Bu rekabetçi ekonomik senaryoda savaş yoktur. Keşif ve bölgesel genişlemeyi vurgulayarak, puanınız olan Tur Başına Altın net gelirinizi artırır.[NEWLINE][NEWLINE]Tek oyunculu: Her zorluğun bir Sıra Başına Altın eşiği vardır. Kazanmak için oyun bitmeden bu sayıyı aşın.[NEWLINE][NEWLINE]Çok oyunculu: Oyun sonunda Tur Başına En Yüksek Altına sahip olan oyuncu kazanır.</Text>
    </Row>
  </EnglishText>
</GameData>