﻿<?xml version="1.0" encoding="utf-8"?>
<GameData>
  <BaseGameText>
    <Row Tag="LOC_AUTONARRATE_BUTTON_DONE">
      <Text>Bitti</Text>
    </Row>
    <Row Tag="LOC_AUTONARRATE_CITY_FOUNDED">
      <Text>{1_CivName} tarafından bir şehir kurulmuştur.</Text>
    </Row>
    <Row Tag="LOC_AUTONARRATE_WONDER_COMPLETED_BY">
      <Text>Bir mucize {1_CivName} tarafından tamamlanmıştır.</Text>
    </Row>
    <Row Tag="LOC_AUTONARRATE_PLAYER_DEFEATED_BY">
      <Text>{1_CivName}, {2_CivName} tarafından mağlup edilmiştir.</Text>
    </Row>
    <Row Tag="LOC_AUTONARRATE_PLAYER_DEFEATED">
      <Text>{1_CivName} mağlup edilmiştir.</Text>
    </Row>
    <!-- Victories -->
    <Row Tag="LOC_AUTONARRATE_PLAYER_VICTORY">
      <Text>{1_CivName} oyunu kazandı!</Text>
    </Row>
    <Row Tag="LOC_AUTONARRATE_PLAYER_VICTORY_CONQUEST">
      <Text>{1_CivName} oyunu fetihle kazandı!</Text>
    </Row>
    <Row Tag="LOC_AUTONARRATE_PLAYER_VICTORY_CULTURE">
      <Text>{1_CivName} kültürel bir zafer kazandı!</Text>
    </Row>
    <Row Tag="LOC_AUTONARRATE_PLAYER_VICTORY_RELIGIOUS">
      <Text>{1_CivName} dini bir zafer kazanmıştır!</Text>
    </Row>
    <Row Tag="LOC_AUTONARRATE_PLAYER_VICTORY_SCORE">
      <Text>{1_CivName} bir skor zaferi kazandı!</Text>
    </Row>
    <Row Tag="LOC_AUTONARRATE_PLAYER_VICTORY_TECHNOLOGY">
      <Text>{1_CivName} bir bilim zaferi kazandı!</Text>
    </Row>
    <!-- -->
    <Row Tag="LOC_AUTONARRATE_MAKE_PEACE">
      <Text>{1_CivName}, {2_CivName} ile barış yapmıştır.</Text>
    </Row>
    <Row Tag="LOC_AUTONARRATE_DECLARE_WAR">
      <Text>{1_CivName}, {2_CivName}'e savaş ilan etmiştir.</Text>
    </Row>
    <!-- Era Change -->
    <Row Tag="LOC_AUTONARRATE_PLAYER_ERA_CHANGED">
      <Text>{1_CivName} yeni bir döneme girmiştir.</Text>
    </Row>
    <Row Tag="LOC_AUTONARRATE_PLAYER_ERA_ANCIENT">
      <Text>{1_CivName} Antik çağa girmiştir.</Text>
    </Row>
    <Row Tag="LOC_AUTONARRATE_PLAYER_ERA_CLASSICAL">
      <Text>{1_CivName} Klasik çağa girmiştir.</Text>
    </Row>
    <Row Tag="LOC_AUTONARRATE_PLAYER_ERA_MEDIEVAL">
      <Text>{1_CivName} Ortaçağ dönemine girmiştir.</Text>
    </Row>
    <Row Tag="LOC_AUTONARRATE_PLAYER_ERA_RENAISSANCE">
      <Text>{1_CivName} Rönesans dönemine girmiştir.</Text>
    </Row>
    <Row Tag="LOC_AUTONARRATE_PLAYER_ERA_INDUSTRIAL">
      <Text>{1_CivName} Sanayi çağına girmiştir.</Text>
    </Row>
    <Row Tag="LOC_AUTONARRATE_PLAYER_ERA_MODERN">
      <Text>{1_CivName} Modern çağa girmiştir.</Text>
    </Row>
    <Row Tag="LOC_AUTONARRATE_PLAYER_ERA_ATOMIC">
      <Text>{1_CivName} Atom çağına girmiştir.</Text>
    </Row>
    <Row Tag="LOC_AUTONARRATE_PLAYER_ERA_INFORMATION">
      <Text>{1_CivName} Bilgi çağına girmiştir.</Text>
    </Row>
  </BaseGameText>
</GameData>