﻿<?xml version="1.0" encoding="utf-8"?>
<GameData>
  <FrontEndText>
    <Row Tag="LOC_AZTEC_MONTEZUMA_MOD_TITLE">
      <Text>Aztek Uygarlığı Paketi</Text>
    </Row>
    <Row Tag="LOC_AZTEC_MONTEZUMA_MOD_TEASER">
      <Text>Yeni Uygarlık ve Lider - Azteklerin Montezuma'sı</Text>
    </Row>
    <Row Tag="LOC_AZTEC_MONTEZUMA_MOD_DESCRIPTION">
      <Text>Yeni bir medeniyet ve liderin yanı sıra yeni bir dünya harikası içeriyor.</Text>
    </Row>
  </FrontEndText>
</GameData>