﻿<?xml version="1.0" encoding="utf-8" standalone="yes"?>
<GameData>
  <BaseGameText>
    <Row Tag="LOC_TRAIT_CIVILIZATION_LEGEND_FIVE_SUNS_NAME">
      <Text>Beş Güneş Efsanesi</Text>
    </Row>
    <Row Tag="LOC_TRAIT_CIVILIZATION_LEGEND_FIVE_SUNS_DESCRIPTION">
      <Text>Orijinal bölge maliyetinin %20'sini tamamlamak için Builder ücretlerini harcayın.</Text>
    </Row>
    <Row Tag="LOC_TRAIT_LEADER_GIFTS_FOR_TLATOANI_NAME">
      <Text>Tlatoani için Hediyeler</Text>
    </Row>
    <Row Tag="LOC_TRAIT_LEADER_GIFTS_FOR_TLATOANI_DESCRIPTION">
      <Text>Bölgesindeki lüks kaynaklar fazladan 2 şehre [ICON_Amenities] Kolaylık sağlar. Askeri birimler, Aztek topraklarında geliştirilen her farklı Lüks kaynak için saldırırken +1 [ICON_Strength] Savaş Gücü alır.</Text>
    </Row>
    <Row Tag="LOC_UNIT_AZTEC_EAGLE_WARRIOR_NAME">
      <Text>Kartal Savaşçı
 	 	 	 Eril:an</Text>
      <Gender>Masculine:an</Gender>
    </Row>
    <Row Tag="LOC_UNIT_AZTEC_EAGLE_WARRIOR_DESCRIPTION">
      <Text>Savaşçının yerini alan Azteklere özgü Antik çağ birimi.  Diğer uygarlıkların askeri birimlerini İnşaatçılara dönüştürerek ele geçirme şansı vardır.</Text>
    </Row>
    <Row Tag="LOC_BUILDING_TLACHTLI_NAME">
      <Text>Tlachtli</Text>
    </Row>
    <Row Tag="LOC_BUILDING_TLACHTLI_DESCRIPTION">
      <Text>Azteklere özgü bir bina. 2 [ICON_Amenities] Kolaylık, +1 [ICON_Culture] Kültür, +2 [ICON_Faith] İnanç ve bir [ICON_GreatGeneral] Büyük Genel Puan sağlar.</Text>
    </Row>
    <Row Tag="LOC_BUILDING_TLACHTLI_XP1_DESCRIPTION">
      <Text>Azteklere özgü bir bina. 2 [ICON_Amenities] Kolaylık, +2 [ICON_Culture] Kültür, +2 [ICON_Faith] İnanç ve bir [ICON_GreatGeneral] Büyük Genel Puan sağlar. Sivil Koruma seviyesine ilerledikten sonra +1 [ICON_TOURISM] Turizm sağlar.</Text>
    </Row>
  </BaseGameText>
</GameData>