﻿<?xml version="1.0" encoding="utf-8"?>
<GameData>
  <BaseGameText>
    <!-- Name and Description-->
    <Row Tag="LOC_BALANCEDMAPS_NAME">
      <Text>Resmi Dengeli Haritalar</Text>
    </Row>
    <Row Tag="LOC_BALANCEDMAPS_DESCRIPTION">
      <Text>Özellikle çok oyunculu maçlar için ideal olan dengeli haritalar.</Text>
    </Row>
    <!--Map Name-->
    <Row Tag="LOC_BALANCEDMAPS_MAP_STANDARD_NAME">
      <Text>Dengeli Haritalar</Text>
    </Row>
    <!--Map Description-->
    <Row Tag="LOC_BALANCEDMAPS_MAP_STANDARD_DESCRIPTION">
      <Text>Özellikle çok oyunculu maçlar için ideal olan dengeli haritalar.</Text>
    </Row>
    <!--Map Description-->
    <Row Tag="LOC_BALANCEDMAPS_MAP_OPTION1_NAME">
      <Text>4 Yapraklı Yonca</Text>
    </Row>
    <Row Tag="LOC_BALANCEDMAPS_MAP_OPTION1_DESCRIPTION">
      <Text>Medeniyetler dört dengeli bölgede başlar. Harita oyuncuları merkeze doğru zorlar.</Text>
    </Row>
    <Row Tag="LOC_BALANCEDMAPS_MAP_OPTION2_NAME">
      <Text>6 Kollu Kar Tanesi</Text>
    </Row>
    <Row Tag="LOC_BALANCEDMAPS_MAP_OPTION2_DESCRIPTION">
      <Text>Medeniyetler altı dengeli bölgede başlar ve yakın adalarda Şehir Devletleri bulunur. Harita oyuncuları merkeze doğru zorlar.</Text>
    </Row>
    <Row Tag="LOC_BALANCEDMAPS_MAP_OPTION3_NAME">
      <Text>Vaat Edilmiş Topraklar</Text>
    </Row>
    <Row Tag="LOC_BALANCEDMAPS_MAP_OPTION3_DESCRIPTION">
      <Text>Medeniyetler dengeli başlangıç konumlarıyla başlar ve haritanın merkezindeki değerli bölge için rekabet eder.</Text>
    </Row>
  </BaseGameText>
</GameData>