﻿<?xml version="1.0" encoding="utf-8" standalone="yes"?>
<GameData>
  <BaseGameText>
    <Row Tag="LOC_BUILDING_HUEY_TEOCALLI_NAME">
      <Text>Huey Teocalli
 	 	 	 Eril:no_article</Text>
      <Gender>Masculine:no_article</Gender>
    </Row>
    <Row Tag="LOC_BUILDING_HUEY_TEOCALLI_DESCRIPTION">
      <Text>Huey Teocalli'nin bir karesi içindeki her Göl karesi için +1 [ICON_Amenities] Eğlence. İmparatorluğunuzdaki her Göl karesi için +1 [ICON_Food] Gıda ve +1 [ICON_Production] Üretim. Karaya bitişik bir Göl karesi üzerine inşa edilmelidir.</Text>
    </Row>
    <Row Tag="LOC_PEDIA_WONDERS_PAGE_BUILDING_HUEY_TEOCALLI_CHAPTER_HISTORY_PARA_1">
      <Text>Aztek İmparatorluğu'nda teocalli, tepesinde bir tapınak bulunan ve şehirdeki tüm önemli dini ritüellerin gerçekleştirildiği teraslı bir piramitti. En büyüğü Tenochtitlan'ın kalbinde yer alan Huey Teocalli (ya da İspanyollara göre Templo Mayor) bir çift tanrıya adanmıştı: Savaş tanrısı Huitzilopochtli ve tarım tanrısı Tlatoc (Aztek kültüründe neyin önemli olduğunun bir göstergesi). Her tanrının ayrı merdivenlerle ulaşılan ayrı bir tapınağı vardı. Mezoamerikan piramitleri, önceki yapıyı yeni, genişletilmiş versiyon için temel olarak kullanarak yeniden inşa edilme eğilimindeydi. Böylece Huey Teocalli, ilki MS 1325 civarında tamamlandıktan sonra altı kez yeniden inşa edilmiştir. Yedinci ve sonuncusu Cortes ve fatihleri tarafından yağmalanmış ve yıkılmıştır. Muhtemelen burası tuhaf kutlamalara sahne olduğu için pek hoş karşılanmamıştı... Huitzilopochtli'nin kutlandığı Panquetzaliztli festivalinde olduğu gibi, amarant tohumları, kemikler, bal ve insan kanından yapılan tanrı heykeline saygı gösterildikten sonra yenmesi için halka dağıtılıyordu.</Text>
    </Row>
    <Row Tag="LOC_BUILDING_HUEY_TEOCALLI_QUOTE">
      <Text>"Ancak Huitzilopochtli'nin öfkesi büyüktü ve kurban güneş tanrısına adanmış dört odanın her birinden geçerken, güneş gökyüzünde kayboldu ya da yeniden belirdi."[NEWLINE]- Fray Diego Durán</Text>
    </Row>
  </BaseGameText>
</GameData>