﻿<?xml version="1.0" encoding="utf-8"?>
<!-- edited with XMLSPY v2004 rel. 2 U (http://www.xmlspy.com) by Anton Strenger (Firaxis Games) -->
<GameData>
  <BaseGameText>
    <Row Tag="LOC_CITY_NAME_BLANK">
      <Text>Şehir</Text>
    </Row>
    <!--America-->
    <Row Tag="LOC_CITY_NAME_WASHINGTON">
      <Text>Washington</Text>
    </Row>
    <Row Tag="LOC_CITY_NAME_NEW_YORK">
      <Text>New York</Text>
    </Row>
    <Row Tag="LOC_CITY_NAME_PHILADELPHIA">
      <Text>Philadelphia</Text>
    </Row>
    <Row Tag="LOC_CITY_NAME_BOSTON">
      <Text>Boston</Text>
    </Row>
    <Row Tag="LOC_CITY_NAME_BALTIMORE">
      <Text>Baltimore</Text>
    </Row>
    <Row Tag="LOC_CITY_NAME_CHARLESTON">
      <Text>Charleston</Text>
    </Row>
    <Row Tag="LOC_CITY_NAME_NEW_ORLEANS">
      <Text>New Orleans</Text>
    </Row>
    <Row Tag="LOC_CITY_NAME_CINCINNATI">
      <Text>Cincinnati</Text>
    </Row>
    <Row Tag="LOC_CITY_NAME_LOS_ANGELES">
      <Text>Los Angeles</Text>
    </Row>
    <Row Tag="LOC_CITY_NAME_ST_LOUIS">
      <Text>St. Louis</Text>
    </Row>
    <Row Tag="LOC_CITY_NAME_CHICAGO">
      <Text>Şikago</Text>
    </Row>
    <Row Tag="LOC_CITY_NAME_BUFFALO">
      <Text>Buffalo</Text>
    </Row>
    <Row Tag="LOC_CITY_NAME_SAN_FRANCISCO">
      <Text>San Francisco</Text>
    </Row>
    <Row Tag="LOC_CITY_NAME_CLEVELAND">
      <Text>Cleveland</Text>
    </Row>
    <Row Tag="LOC_CITY_NAME_DETROIT">
      <Text>Detroit</Text>
    </Row>
    <Row Tag="LOC_CITY_NAME_HOUSTON">
      <Text>Houston</Text>
    </Row>
    <Row Tag="LOC_CITY_NAME_ATLANTA">
      <Text>Atlanta</Text>
    </Row>
    <Row Tag="LOC_CITY_NAME_DALLAS">
      <Text>Dallas</Text>
    </Row>
    <Row Tag="LOC_CITY_NAME_SAN_DIEGO">
      <Text>San Diego</Text>
    </Row>
    <Row Tag="LOC_CITY_NAME_PHOENIX">
      <Text>Phoenix</Text>
    </Row>
    <Row Tag="LOC_CITY_NAME_SAN_ANTONIO">
      <Text>San Antonio</Text>
    </Row>
    <Row Tag="LOC_CITY_NAME_SAN_JOSE">
      <Text>San Jose</Text>
    </Row>
    <Row Tag="LOC_CITY_NAME_SEATTLE">
      <Text>Seattle</Text>
    </Row>
    <Row Tag="LOC_CITY_NAME_PORTLAND">
      <Text>Portland</Text>
    </Row>
    <Row Tag="LOC_CITY_NAME_MIAMI">
      <Text>Miami</Text>
    </Row>
    <Row Tag="LOC_CITY_NAME_DENVER">
      <Text>Denver</Text>
    </Row>
    <Row Tag="LOC_CITY_NAME_JACKSONVILLE">
      <Text>Jacksonville</Text>
    </Row>
    <Row Tag="LOC_CITY_NAME_KANSAS_CITY">
      <Text>Kansas City</Text>
    </Row>
    <Row Tag="LOC_CITY_NAME_RICHMOND">
      <Text>Richmond</Text>
    </Row>
    <Row Tag="LOC_CITY_NAME_PITTSBURGH">
      <Text>Pittsburgh</Text>
    </Row>
    <Row Tag="LOC_CITY_NAME_LAS_VEGAS">
      <Text>Las Vegas</Text>
    </Row>
    <Row Tag="LOC_CITY_NAME_ALBUQUERQUE">
      <Text>Albuquerque</Text>
    </Row>
    <Row Tag="LOC_CITY_NAME_MINNEAPOLIS">
      <Text>Minneapolis</Text>
    </Row>
    <Row Tag="LOC_CITY_NAME_SPARKS">
      <Text>Kıvılcımlar</Text>
    </Row>
    <Row Tag="LOC_CITY_NAME_NASHVILLE">
      <Text>Nashville</Text>
    </Row>
    <Row Tag="LOC_CITY_NAME_SAN_JUAN">
      <Text>San Juan</Text>
    </Row>
    <Row Tag="LOC_CITY_NAME_PROVIDENCE">
      <Text>Providence</Text>
    </Row>
    <Row Tag="LOC_CITY_NAME_SPRINGFIELD">
      <Text>Springfield</Text>
    </Row>
    <Row Tag="LOC_CITY_NAME_BOISE">
      <Text>Boise</Text>
    </Row>
    <Row Tag="LOC_CITY_NAME_CENTRALIA">
      <Text>Centralia</Text>
    </Row>
    <!-- Arabia -->
    <Row Tag="LOC_CITY_NAME_CAIRO">
      <Text>Kahire</Text>
    </Row>
    <Row Tag="LOC_CITY_NAME_MECCA">
      <Text>Mekke</Text>
    </Row>
    <Row Tag="LOC_CITY_NAME_MEDINA">
      <Text>Medine</Text>
    </Row>
    <Row Tag="LOC_CITY_NAME_DAMASCUS">
      <Text>Şam</Text>
    </Row>
    <Row Tag="LOC_CITY_NAME_BAGHDAD">
      <Text>Bağdat</Text>
    </Row>
    <Row Tag="LOC_CITY_NAME_ALEPPO">
      <Text>Halep</Text>
    </Row>
    <Row Tag="LOC_CITY_NAME_SANAA">
      <Text>Sana'a</Text>
    </Row>
    <Row Tag="LOC_CITY_NAME_HATTIN">
      <Text>Hattin</Text>
    </Row>
    <Row Tag="LOC_CITY_NAME_DAMIETTA">
      <Text>Damietta</Text>
    </Row>
    <Row Tag="LOC_CITY_NAME_HOMS">
      <Text>Humus</Text>
    </Row>
    <Row Tag="LOC_CITY_NAME_JEDDAH">
      <Text>Cidde</Text>
    </Row>
    <Row Tag="LOC_CITY_NAME_HALAB">
      <Text>Halab</Text>
    </Row>
    <Row Tag="LOC_CITY_NAME_ADEN">
      <Text>Aden</Text>
    </Row>
    <Row Tag="LOC_CITY_NAME_BARQAH">
      <Text>Barqah</Text>
    </Row>
    <Row Tag="LOC_CITY_NAME_AR_RAQQAH">
      <Text>Ar-Rakkah</Text>
    </Row>
    <Row Tag="LOC_CITY_NAME_TRIPOLI">
      <Text>Trablus</Text>
    </Row>
    <Row Tag="LOC_CITY_NAME_AYDHAB">
      <Text>'Aydhab</Text>
    </Row>
    <Row Tag="LOC_CITY_NAME_TAIF">
      <Text>Taif</Text>
    </Row>
    <Row Tag="LOC_CITY_NAME_TABUK">
      <Text>Tabuk</Text>
    </Row>
    <Row Tag="LOC_CITY_NAME_HAMA">
      <Text>Hama</Text>
    </Row>
    <Row Tag="LOC_CITY_NAME_AL_BAB">
      <Text>El-Bab</Text>
    </Row>
    <Row Tag="LOC_CITY_NAME_SUEZ">
      <Text>Süveyş</Text>
    </Row>
    <Row Tag="LOC_CITY_NAME_AQABA">
      <Text>Akabe</Text>
    </Row>
    <Row Tag="LOC_CITY_NAME_TAIZZ">
      <Text>Ta'izz</Text>
    </Row>
    <Row Tag="LOC_CITY_NAME_AL_QUNFUDHAH">
      <Text>Al Qunfudhah</Text>
    </Row>
    <Row Tag="LOC_CITY_NAME_ZABID">
      <Text>Zebīd</Text>
    </Row>
    <Row Tag="LOC_CITY_NAME_BILBEIS">
      <Text>Bilbeis</Text>
    </Row>
    <Row Tag="LOC_CITY_NAME_AL_KARAK">
      <Text>Al Karak</Text>
    </Row>
    <Row Tag="LOC_CITY_NAME_AYLA">
      <Text>Ayla</Text>
    </Row>
    <Row Tag="LOC_CITY_NAME_IRBID">
      <Text>İrbid</Text>
    </Row>
    <!-- Brazil -->
    <Row Tag="LOC_CITY_NAME_RIO_DE_JANEIRO">
      <Text>Rio de Janeiro</Text>
    </Row>
    <Row Tag="LOC_CITY_NAME_SAO_PAULO">
      <Text>São Paulo</Text>
    </Row>
    <Row Tag="LOC_CITY_NAME_SALVADOR">
      <Text>Salvador da Bahia</Text>
    </Row>
    <Row Tag="LOC_CITY_NAME_BRASILIA">
      <Text>Brasília</Text>
    </Row>
    <Row Tag="LOC_CITY_NAME_FORTALEZA">
      <Text>Fortaleza</Text>
    </Row>
    <Row Tag="LOC_CITY_NAME_MANAUS">
      <Text>Manaus</Text>
    </Row>
    <Row Tag="LOC_CITY_NAME_CURITIBA">
      <Text>Curitiba</Text>
    </Row>
    <Row Tag="LOC_CITY_NAME_RECIFE">
      <Text>Recife</Text>
    </Row>
    <Row Tag="LOC_CITY_NAME_PORTO_ALEGRE">
      <Text>Porto Alegre</Text>
    </Row>
    <Row Tag="LOC_CITY_NAME_BELEM">
      <Text>Belém</Text>
    </Row>
    <Row Tag="LOC_CITY_NAME_GUARULHOS">
      <Text>Guarulhos</Text>
    </Row>
    <Row Tag="LOC_CITY_NAME_NATAL">
      <Text>Natal</Text>
    </Row>
    <Row Tag="LOC_CITY_NAME_CAMPINAS">
      <Text>Campinas</Text>
    </Row>
    <Row Tag="LOC_CITY_NAME_SAO_LUIS">
      <Text>São Luis</Text>
    </Row>
    <Row Tag="LOC_CITY_NAME_MACEIO">
      <Text>Maceió</Text>
    </Row>
    <Row Tag="LOC_CITY_NAME_VICTORIA">
      <Text>Victória</Text>
    </Row>
    <Row Tag="LOC_CITY_NAME_BELO_HORIZONTE">
      <Text>Belo Horizonte</Text>
    </Row>
    <Row Tag="LOC_CITY_NAME_GOIANIA">
      <Text>Goiânia</Text>
    </Row>
    <Row Tag="LOC_CITY_NAME_DUQUE_DE_CAXIAS">
      <Text>Duque de Caxias</Text>
    </Row>
    <Row Tag="LOC_CITY_NAME_CAMPO_GRANDE">
      <Text>Campo Grande</Text>
    </Row>
    <Row Tag="LOC_CITY_NAME_PARNAIBA">
      <Text>Parnaíba</Text>
    </Row>
    <Row Tag="LOC_CITY_NAME_FLORIANOPOLIS">
      <Text>Florianópolis</Text>
    </Row>
    <Row Tag="LOC_CITY_NAME_NOVA_IGUACU">
      <Text>Nova Iguaçu</Text>
    </Row>
    <Row Tag="LOC_CITY_NAME_SAO_BERNARDO_DO_CAMPO">
      <Text>São Bernardo do Campo</Text>
    </Row>
    <Row Tag="LOC_CITY_NAME_JOAO_PESSOA">
      <Text>João Pessoa</Text>
    </Row>
    <Row Tag="LOC_CITY_NAME_OSASCO">
      <Text>Osasco</Text>
    </Row>
    <Row Tag="LOC_CITY_NAME_JABOATAO_DOS_GUARARAPES">
      <Text>Jaboatão dos Guararapes</Text>
    </Row>
    <Row Tag="LOC_CITY_NAME_SAO_JOSE_DOS_CAMPOS">
      <Text>São José dos Campos</Text>
    </Row>
    <Row Tag="LOC_CITY_NAME_CONTAGEM">
      <Text>Contagem</Text>
    </Row>
    <Row Tag="LOC_CITY_NAME_UBERLANDIA">
      <Text>Uberlândia</Text>
    </Row>
    <Row Tag="LOC_CITY_NAME_ARACAJU">
      <Text>Aracaju</Text>
    </Row>
    <Row Tag="LOC_CITY_NAME_CUIABA">
      <Text>Cuiabá</Text>
    </Row>
    <Row Tag="LOC_CITY_NAME_FEIRA_DE_SANTANA">
      <Text>Feira de Santana</Text>
    </Row>
    <Row Tag="LOC_CITY_NAME_JUIZ_DE_FORA">
      <Text>Juiz de Fora</Text>
    </Row>
    <Row Tag="LOC_CITY_NAME_JOINVILLE">
      <Text>Joinville</Text>
    </Row>
    <Row Tag="LOC_CITY_NAME_MACAPA">
      <Text>Macapá</Text>
    </Row>
    <Row Tag="LOC_CITY_NAME_JUNDIAI">
      <Text>Jundiaí</Text>
    </Row>
    <!-- China-->
    <Row Tag="LOC_CITY_NAME_XIAN">
      <Text>Xi'an</Text>
    </Row>
    <Row Tag="LOC_CITY_NAME_BEIJING">
      <Text>Pekin</Text>
    </Row>
    <Row Tag="LOC_CITY_NAME_TAIYUAN">
      <Text>Taiyuan</Text>
    </Row>
    <Row Tag="LOC_CITY_NAME_CHENGDU">
      <Text>Chengdu</Text>
    </Row>
    <Row Tag="LOC_CITY_NAME_JIAODONG">
      <Text>Jiaodong</Text>
    </Row>
    <Row Tag="LOC_CITY_NAME_CHANGSHA">
      <Text>Changsha</Text>
    </Row>
    <Row Tag="LOC_CITY_NAME_LONGXI">
      <Text>Longxi</Text>
    </Row>
    <Row Tag="LOC_CITY_NAME_GUANGZHOU">
      <Text>Guangzhou</Text>
    </Row>
    <Row Tag="LOC_CITY_NAME_HANDAN">
      <Text>Handan</Text>
    </Row>
    <Row Tag="LOC_CITY_NAME_SHENYANG">
      <Text>Shenyang</Text>
    </Row>
    <Row Tag="LOC_CITY_NAME_SHANGHAI">
      <Text>Şanghay</Text>
    </Row>
    <Row Tag="LOC_CITY_NAME_WUHAN">
      <Text>Wuhan</Text>
    </Row>
    <Row Tag="LOC_CITY_NAME_YIYANG">
      <Text>Yiyang</Text>
    </Row>
    <Row Tag="LOC_CITY_NAME_XIURONG">
      <Text>Xiurong</Text>
    </Row>
    <Row Tag="LOC_CITY_NAME_CHEN">
      <Text>Chen</Text>
    </Row>
    <Row Tag="LOC_CITY_NAME_XINGZHOU">
      <Text>Xingzhou</Text>
    </Row>
    <Row Tag="LOC_CITY_NAME_QUXIAN">
      <Text>Quxian</Text>
    </Row>
    <Row Tag="LOC_CITY_NAME_NANJING">
      <Text>Nanjing</Text>
    </Row>
    <Row Tag="LOC_CITY_NAME_LANGFANG">
      <Text>Langfang</Text>
    </Row>
    <Row Tag="LOC_CITY_NAME_LINZI">
      <Text>Linzi</Text>
    </Row>
    <Row Tag="LOC_CITY_NAME_JIUJIANG">
      <Text>Jiujiang</Text>
    </Row>
    <Row Tag="LOC_CITY_NAME_KAIFENG">
      <Text>Kaifeng</Text>
    </Row>
    <Row Tag="LOC_CITY_NAME_XUZHOU">
      <Text>Xuzhou</Text>
    </Row>
    <Row Tag="LOC_CITY_NAME_HEFEI">
      <Text>Hefei</Text>
    </Row>
    <Row Tag="LOC_CITY_NAME_XINZHENG">
      <Text>Xinzheng</Text>
    </Row>
    <Row Tag="LOC_CITY_NAME_LUAN">
      <Text>Lu'an</Text>
    </Row>
    <Row Tag="LOC_CITY_NAME_QUFU">
      <Text>Qufu</Text>
    </Row>
    <Row Tag="LOC_CITY_NAME_JIANGZHOU">
      <Text>Jiangzhou</Text>
    </Row>
    <Row Tag="LOC_CITY_NAME_LUOYANG">
      <Text>Luoyang</Text>
    </Row>
    <Row Tag="LOC_CITY_NAME_YINGCHUAN">
      <Text>Yinchuan</Text>
    </Row>
    <!-- Egypt-->
    <Row Tag="LOC_CITY_NAME_RA_KEDET">
      <Text>Râ-Kedet</Text>
    </Row>
    <Row Tag="LOC_CITY_NAME_THEBES">
      <Text>Thebes</Text>
    </Row>
    <Row Tag="LOC_CITY_NAME_MEMPHIS">
      <Text>Memphis</Text>
    </Row>
    <Row Tag="LOC_CITY_NAME_AKHETATEN">
      <Text>Akhetaten</Text>
    </Row>
    <Row Tag="LOC_CITY_NAME_SHEDET">
      <Text>Shedet</Text>
    </Row>
    <Row Tag="LOC_CITY_NAME_IWNW">
      <Text>ỉwnw</Text>
    </Row>
    <Row Tag="LOC_CITY_NAME_SWENETT">
      <Text>Swenett</Text>
    </Row>
    <Row Tag="LOC_CITY_NAME_NEKHEN">
      <Text>Nekhen</Text>
    </Row>
    <Row Tag="LOC_CITY_NAME_SAIS">
      <Text>Sais</Text>
    </Row>
    <Row Tag="LOC_CITY_NAME_ABYDOS">
      <Text>Abydos</Text>
    </Row>
    <Row Tag="LOC_CITY_NAME_APU">
      <Text>Apu</Text>
    </Row>
    <Row Tag="LOC_CITY_NAME_EDFU">
      <Text>Edfu</Text>
    </Row>
    <Row Tag="LOC_CITY_NAME_MENDES">
      <Text>Mendes</Text>
    </Row>
    <Row Tag="LOC_CITY_NAME_SENA">
      <Text>Sena</Text>
    </Row>
    <Row Tag="LOC_CITY_NAME_CYRENE">
      <Text>Cyrene</Text>
    </Row>
    <Row Tag="LOC_CITY_NAME_BUTO">
      <Text>Buto</Text>
    </Row>
    <Row Tag="LOC_CITY_NAME_GIZA">
      <Text>Giza</Text>
    </Row>
    <Row Tag="LOC_CITY_NAME_KHMUN">
      <Text>Khmun</Text>
    </Row>
    <Row Tag="LOC_CITY_NAME_ASYUT">
      <Text>Asyut</Text>
    </Row>
    <Row Tag="LOC_CITY_NAME_PITHOM">
      <Text>Pithom</Text>
    </Row>
    <Row Tag="LOC_CITY_NAME_BUSIRIS">
      <Text>Busiris</Text>
    </Row>
    <Row Tag="LOC_CITY_NAME_PIEMRO">
      <Text>Piemro</Text>
    </Row>
    <Row Tag="LOC_CITY_NAME_ORYX">
      <Text>Oryx</Text>
    </Row>
    <Row Tag="LOC_CITY_NAME_HUT_HERYIB">
      <Text>Hut-heryib</Text>
    </Row>
    <Row Tag="LOC_CITY_NAME_TANIS">
      <Text>Tanis</Text>
    </Row>
    <Row Tag="LOC_CITY_NAME_PER_BAST">
      <Text>Per-Bast</Text>
    </Row>
    <Row Tag="LOC_CITY_NAME_THIS">
      <Text>Bu</Text>
    </Row>
    <Row Tag="LOC_CITY_NAME_ARSINOE">
      <Text>Arsinoe</Text>
    </Row>
    <Row Tag="LOC_CITY_NAME_TJEBNUTJER">
      <Text>Tjebnutjer</Text>
    </Row>
    <Row Tag="LOC_CITY_NAME_AKHMIM">
      <Text>Akhmim</Text>
    </Row>
    <Row Tag="LOC_CITY_NAME_KARNAK">
      <Text>Karnak</Text>
    </Row>
    <!-- England-->
    <Row Tag="LOC_CITY_NAME_LONDON">
      <Text>Londra</Text>
    </Row>
    <Row Tag="LOC_CITY_NAME_LIVERPOOL">
      <Text>Liverpool</Text>
    </Row>
    <Row Tag="LOC_CITY_NAME_MANCHESTER">
      <Text>Manchester</Text>
    </Row>
    <Row Tag="LOC_CITY_NAME_BIRMINGHAM">
      <Text>Birmingham</Text>
    </Row>
    <Row Tag="LOC_CITY_NAME_LEEDS">
      <Text>Leeds</Text>
    </Row>
    <Row Tag="LOC_CITY_NAME_SHEFFIELD">
      <Text>Sheffield</Text>
    </Row>
    <Row Tag="LOC_CITY_NAME_BRISTOL">
      <Text>Bristol</Text>
    </Row>
    <Row Tag="LOC_CITY_NAME_PLYMOUTH">
      <Text>Plymouth</Text>
    </Row>
    <Row Tag="LOC_CITY_NAME_NEWCASTLE_UPON_TYNE">
      <Text>Newcastle upon Tyne</Text>
    </Row>
    <Row Tag="LOC_CITY_NAME_BRADFORD">
      <Text>Bradford</Text>
    </Row>
    <Row Tag="LOC_CITY_NAME_STOKE_UPON_TRENT">
      <Text>Stoke-upon-Trent</Text>
    </Row>
    <Row Tag="LOC_CITY_NAME_HULL">
      <Text>Gövde</Text>
    </Row>
    <Row Tag="LOC_CITY_NAME_PORTSMOUTH">
      <Text>Portsmouth</Text>
    </Row>
    <Row Tag="LOC_CITY_NAME_PRESTON">
      <Text>Preston</Text>
    </Row>
    <Row Tag="LOC_CITY_NAME_SUNDERLAND">
      <Text>Sunderland</Text>
    </Row>
    <Row Tag="LOC_CITY_NAME_BRIGHTON">
      <Text>Brighton</Text>
    </Row>
    <Row Tag="LOC_CITY_NAME_NORWICH">
      <Text>Norwich</Text>
    </Row>
    <Row Tag="LOC_CITY_NAME_NOTTINGHAM">
      <Text>Nottingham</Text>
    </Row>
    <Row Tag="LOC_CITY_NAME_YORK">
      <Text>York</Text>
    </Row>
    <Row Tag="LOC_CITY_NAME_LEICESTER">
      <Text>Leicester</Text>
    </Row>
    <Row Tag="LOC_CITY_NAME_BLACKBURN">
      <Text>Blackburn</Text>
    </Row>
    <Row Tag="LOC_CITY_NAME_WOLVERHAMPTON">
      <Text>Wolverhampton</Text>
    </Row>
    <Row Tag="LOC_CITY_NAME_BATH">
      <Text>Banyo</Text>
    </Row>
    <Row Tag="LOC_CITY_NAME_COVENTRY">
      <Text>Coventry</Text>
    </Row>
    <Row Tag="LOC_CITY_NAME_EXETER">
      <Text>Exeter</Text>
    </Row>
    <Row Tag="LOC_CITY_NAME_LINCOLN">
      <Text>Lincoln</Text>
    </Row>
    <Row Tag="LOC_CITY_NAME_CANTERBURY">
      <Text>Canterbury</Text>
    </Row>
    <Row Tag="LOC_CITY_NAME_IPSWICH">
      <Text>Ipswich</Text>
    </Row>
    <Row Tag="LOC_CITY_NAME_DOVER">
      <Text>Dover</Text>
    </Row>
    <Row Tag="LOC_CITY_NAME_HASTINGS">
      <Text>Hastings</Text>
    </Row>
    <Row Tag="LOC_CITY_NAME_OXFORD">
      <Text>Oxford</Text>
    </Row>
    <Row Tag="LOC_CITY_NAME_SHREWSBURY">
      <Text>Shrewsbury</Text>
    </Row>
    <Row Tag="LOC_CITY_NAME_CAMBRIDGE">
      <Text>Cambridge</Text>
    </Row>
    <Row Tag="LOC_CITY_NAME_NEWCASTLE">
      <Text>Newcastle</Text>
    </Row>
    <!--France-->
    <Row Tag="LOC_CITY_NAME_PARIS">
      <Text>Paris</Text>
    </Row>
    <Row Tag="LOC_CITY_NAME_LYON">
      <Text>Lyon</Text>
    </Row>
    <Row Tag="LOC_CITY_NAME_ROUEN">
      <Text>Rouen</Text>
    </Row>
    <Row Tag="LOC_CITY_NAME_BORDEAUX">
      <Text>Bordeaux</Text>
    </Row>
    <Row Tag="LOC_CITY_NAME_MARSEILLE">
      <Text>Marsilya</Text>
    </Row>
    <Row Tag="LOC_CITY_NAME_TOULOUSE">
      <Text>Toulouse</Text>
    </Row>
    <Row Tag="LOC_CITY_NAME_LA_ROCHELLE">
      <Text>La Rochelle</Text>
    </Row>
    <Row Tag="LOC_CITY_NAME_AMBOISE">
      <Text>Amboise</Text>
    </Row>
    <Row Tag="LOC_CITY_NAME_NANTES">
      <Text>Nantes</Text>
    </Row>
    <Row Tag="LOC_CITY_NAME_RENNES">
      <Text>Rennes</Text>
    </Row>
    <Row Tag="LOC_CITY_NAME_CALAIS">
      <Text>Calais</Text>
    </Row>
    <Row Tag="LOC_CITY_NAME_RHEIMS">
      <Text>Rheims</Text>
    </Row>
    <Row Tag="LOC_CITY_NAME_AVIGNON">
      <Text>Avignon</Text>
    </Row>
    <Row Tag="LOC_CITY_NAME_BOULOGNE">
      <Text>Boulogne</Text>
    </Row>
    <Row Tag="LOC_CITY_NAME_DIJON">
      <Text>Dijon</Text>
    </Row>
    <Row Tag="LOC_CITY_NAME_MONTPELLIER">
      <Text>Montpellier</Text>
    </Row>
    <Row Tag="LOC_CITY_NAME_LIMOGES">
      <Text>Limoges</Text>
    </Row>
    <Row Tag="LOC_CITY_NAME_CHARTRES">
      <Text>Chartres</Text>
    </Row>
    <Row Tag="LOC_CITY_NAME_BLOIS">
      <Text>Blois</Text>
    </Row>
    <Row Tag="LOC_CITY_NAME_TOURS">
      <Text>Turlar</Text>
    </Row>
    <Row Tag="LOC_CITY_NAME_VERDUN">
      <Text>Verdun</Text>
    </Row>
    <Row Tag="LOC_CITY_NAME_GRENOBLE">
      <Text>Grenoble</Text>
    </Row>
    <Row Tag="LOC_CITY_NAME_JARNAC">
      <Text>Jarnac</Text>
    </Row>
    <Row Tag="LOC_CITY_NAME_AMIENS">
      <Text>Amiens</Text>
    </Row>
    <Row Tag="LOC_CITY_NAME_TROYES">
      <Text>Troyes</Text>
    </Row>
    <Row Tag="LOC_CITY_NAME_DIEPPE">
      <Text>Dieppe</Text>
    </Row>
    <Row Tag="LOC_CITY_NAME_TOUL">
      <Text>Toul</Text>
    </Row>
    <Row Tag="LOC_CITY_NAME_BRIANCON">
      <Text>Briançon</Text>
    </Row>
    <Row Tag="LOC_CITY_NAME_METZ">
      <Text>Metz</Text>
    </Row>
    <Row Tag="LOC_CITY_NAME_MONTELIMAR">
      <Text>Montélimar</Text>
    </Row>
    <Row Tag="LOC_CITY_NAME_CARCASSONNE">
      <Text>Carcassonne</Text>
    </Row>
    <Row Tag="LOC_CITY_NAME_GAP">
      <Text>Boşluk</Text>
    </Row>
    <Row Tag="LOC_CITY_NAME_ALBA_LA_ROMAINE">
      <Text>Alba-la-Romaine</Text>
    </Row>
    <!--Germany-->
    <Row Tag="LOC_CITY_NAME_AACHEN">
      <Text>Aachen</Text>
    </Row>
    <Row Tag="LOC_CITY_NAME_COLOGNE">
      <Text>Köln</Text>
    </Row>
    <Row Tag="LOC_CITY_NAME_FRANKFURT">
      <Text>Frankfurt</Text>
    </Row>
    <Row Tag="LOC_CITY_NAME_MAGDEBURG">
      <Text>Magdeburg</Text>
    </Row>
    <Row Tag="LOC_CITY_NAME_MAINZ">
      <Text>Mainz</Text>
    </Row>
    <Row Tag="LOC_CITY_NAME_HEIDELBERG">
      <Text>Heidelberg</Text>
    </Row>
    <Row Tag="LOC_CITY_NAME_TRIER">
      <Text>Trier</Text>
    </Row>
    <Row Tag="LOC_CITY_NAME_BERLIN">
      <Text>Berlin</Text>
    </Row>
    <Row Tag="LOC_CITY_NAME_ULM">
      <Text>Ulm</Text>
    </Row>
    <Row Tag="LOC_CITY_NAME_HAMBURG">
      <Text>Hamburg</Text>
    </Row>
    <Row Tag="LOC_CITY_NAME_DORTMUND">
      <Text>Dortmund</Text>
    </Row>
    <Row Tag="LOC_CITY_NAME_NUREMBERG">
      <Text>Nürnberg</Text>
    </Row>
    <Row Tag="LOC_CITY_NAME_BREMEN">
      <Text>Bremen</Text>
    </Row>
    <Row Tag="LOC_CITY_NAME_AUGSBURG">
      <Text>Augsburg</Text>
    </Row>
    <Row Tag="LOC_CITY_NAME_MUNSTER">
      <Text>Münster</Text>
    </Row>
    <Row Tag="LOC_CITY_NAME_REGENSBURG">
      <Text>Regensburg</Text>
    </Row>
    <Row Tag="LOC_CITY_NAME_ERFURT">
      <Text>Erfurt</Text>
    </Row>
    <Row Tag="LOC_CITY_NAME_LUBECK">
      <Text>Lübeck</Text>
    </Row>
    <Row Tag="LOC_CITY_NAME_FREIBURG">
      <Text>Freiburg</Text>
    </Row>
    <Row Tag="LOC_CITY_NAME_WURZBURG">
      <Text>Würzburg</Text>
    </Row>
    <Row Tag="LOC_CITY_NAME_HANOVER">
      <Text>Hanover</Text>
    </Row>
    <Row Tag="LOC_CITY_NAME_ROSTOCK">
      <Text>Rostock</Text>
    </Row>
    <Row Tag="LOC_CITY_NAME_SCHWERIN">
      <Text>Schwerin</Text>
    </Row>
    <Row Tag="LOC_CITY_NAME_LEIPZIG">
      <Text>Leipzig</Text>
    </Row>
    <Row Tag="LOC_CITY_NAME_BONN">
      <Text>Bonn</Text>
    </Row>
    <Row Tag="LOC_CITY_NAME_ESSEN">
      <Text>Essen</Text>
    </Row>
    <Row Tag="LOC_CITY_NAME_STUTTGART">
      <Text>Stuttgart</Text>
    </Row>
    <Row Tag="LOC_CITY_NAME_DRESDEN">
      <Text>Dresden</Text>
    </Row>
    <Row Tag="LOC_CITY_NAME_DUSSELDORF">
      <Text>Düsseldorf</Text>
    </Row>
    <Row Tag="LOC_CITY_NAME_WORMS">
      <Text>Solucanlar</Text>
    </Row>
    <Row Tag="LOC_CITY_NAME_POTSDAM">
      <Text>Potsdam</Text>
    </Row>
    <!--Greece-->
    <Row Tag="LOC_CITY_NAME_ATHENS">
      <Text>Atina</Text>
    </Row>
    <Row Tag="LOC_CITY_NAME_SPARTA">
      <Text>Sparta</Text>
    </Row>
    <Row Tag="LOC_CITY_NAME_CORINTH">
      <Text>Korint</Text>
    </Row>
    <Row Tag="LOC_CITY_NAME_EPHESUS">
      <Text>Efes</Text>
    </Row>
    <Row Tag="LOC_CITY_NAME_ARGOS">
      <Text>Argos</Text>
    </Row>
    <Row Tag="LOC_CITY_NAME_KNOSSOS">
      <Text>Knossos</Text>
    </Row>
    <Row Tag="LOC_CITY_NAME_MYCENAE">
      <Text>Miken</Text>
    </Row>
    <Row Tag="LOC_CITY_NAME_PHARSALOS">
      <Text>Pharsalos</Text>
    </Row>
    <Row Tag="LOC_CITY_NAME_RHODES">
      <Text>Rodos</Text>
    </Row>
    <Row Tag="LOC_CITY_NAME_OLYMPIA">
      <Text>Olympia</Text>
    </Row>
    <Row Tag="LOC_CITY_NAME_ERETRIA">
      <Text>Eretria</Text>
    </Row>
    <Row Tag="LOC_CITY_NAME_PERGAMON">
      <Text>Pergamon</Text>
    </Row>
    <Row Tag="LOC_CITY_NAME_MILETOS">
      <Text>Miletos</Text>
    </Row>
    <Row Tag="LOC_CITY_NAME_MEGARA">
      <Text>Megara</Text>
    </Row>
    <Row Tag="LOC_CITY_NAME_PHOCAEA">
      <Text>Phocaea</Text>
    </Row>
    <Row Tag="LOC_CITY_NAME_SICYON">
      <Text>Sicyon</Text>
    </Row>
    <Row Tag="LOC_CITY_NAME_TIRYNS">
      <Text>Tiryns</Text>
    </Row>
    <Row Tag="LOC_CITY_NAME_SAMOS">
      <Text>Samos</Text>
    </Row>
    <Row Tag="LOC_CITY_NAME_MYTILENE">
      <Text>Midilli</Text>
    </Row>
    <Row Tag="LOC_CITY_NAME_CHIOS">
      <Text>Sakız Adası</Text>
    </Row>
    <Row Tag="LOC_CITY_NAME_PAROS">
      <Text>Paros</Text>
    </Row>
    <Row Tag="LOC_CITY_NAME_TEGEA">
      <Text>Tegea</Text>
    </Row>
    <Row Tag="LOC_CITY_NAME_SYRACUSE">
      <Text>Syracuse</Text>
    </Row>
    <Row Tag="LOC_CITY_NAME_DELPHI">
      <Text>Delphi</Text>
    </Row>
    <Row Tag="LOC_CITY_NAME_GORTYN">
      <Text>Gortyn</Text>
    </Row>
    <Row Tag="LOC_CITY_NAME_CHALKIS">
      <Text>Chalkis</Text>
    </Row>
    <Row Tag="LOC_CITY_NAME_PYLOS">
      <Text>Pylos</Text>
    </Row>
    <Row Tag="LOC_CITY_NAME_NAXOS">
      <Text>Naxos</Text>
    </Row>
    <Row Tag="LOC_CITY_NAME_LARISSA">
      <Text>Larissa</Text>
    </Row>
    <Row Tag="LOC_CITY_NAME_PATRAS">
      <Text>Patras</Text>
    </Row>
    <Row Tag="LOC_CITY_NAME_LAMIA">
      <Text>Lamia</Text>
    </Row>
    <Row Tag="LOC_CITY_NAME_MARATHON">
      <Text>Maraton</Text>
    </Row>
    <Row Tag="LOC_CITY_NAME_NAFPLION">
      <Text>Nafplion</Text>
    </Row>
    <Row Tag="LOC_CITY_NAME_APOLYTON">
      <Text>Apolyton</Text>
    </Row>
    <!--India-->
    <Row Tag="LOC_CITY_NAME_DELHI">
      <Text>Delhi</Text>
    </Row>
    <Row Tag="LOC_CITY_NAME_MUMBAI">
      <Text>Mumbai</Text>
    </Row>
    <Row Tag="LOC_CITY_NAME_CALCUTTA">
      <Text>Kalküta</Text>
    </Row>
    <Row Tag="LOC_CITY_NAME_AGRA">
      <Text>Agra</Text>
    </Row>
    <Row Tag="LOC_CITY_NAME_MADURAI">
      <Text>Madurai</Text>
    </Row>
    <Row Tag="LOC_CITY_NAME_CHENNAI">
      <Text>Chennai</Text>
    </Row>
    <Row Tag="LOC_CITY_NAME_PATNA">
      <Text>Patna</Text>
    </Row>
    <Row Tag="LOC_CITY_NAME_HYDERABAD">
      <Text>Haydarabad</Text>
    </Row>
    <Row Tag="LOC_CITY_NAME_JABALPUR">
      <Text>Jabalpur</Text>
    </Row>
    <Row Tag="LOC_CITY_NAME_MYSORE">
      <Text>Mysore</Text>
    </Row>
    <Row Tag="LOC_CITY_NAME_SRINAGAR">
      <Text>Srinagar</Text>
    </Row>
    <Row Tag="LOC_CITY_NAME_AHMADABAD">
      <Text>Ahmadabad</Text>
    </Row>
    <Row Tag="LOC_CITY_NAME_BANGALORE">
      <Text>Bangalore</Text>
    </Row>
    <Row Tag="LOC_CITY_NAME_TRIVANDRUM">
      <Text>Trivandrum</Text>
    </Row>
    <Row Tag="LOC_CITY_NAME_KOLAR">
      <Text>Kolar</Text>
    </Row>
    <Row Tag="LOC_CITY_NAME_KOZHIKODE">
      <Text>Kozhikode</Text>
    </Row>
    <Row Tag="LOC_CITY_NAME_RANCHI">
      <Text>Ranchi</Text>
    </Row>
    <Row Tag="LOC_CITY_NAME_WARANGAL">
      <Text>Warangal</Text>
    </Row>
    <Row Tag="LOC_CITY_NAME_LUCKNOW">
      <Text>Lucknow</Text>
    </Row>
    <Row Tag="LOC_CITY_NAME_NAGPUR">
      <Text>Nagpur</Text>
    </Row>
    <Row Tag="LOC_CITY_NAME_MATHURA">
      <Text>Mathura</Text>
    </Row>
    <Row Tag="LOC_CITY_NAME_RAJAHMUNDRY">
      <Text>Rajahmundry</Text>
    </Row>
    <Row Tag="LOC_CITY_NAME_CUTTACK">
      <Text>Cuttack</Text>
    </Row>
    <Row Tag="LOC_CITY_NAME_THANJAVUR">
      <Text>Thanjavur</Text>
    </Row>
    <Row Tag="LOC_CITY_NAME_VARANASI">
      <Text>Varanasi</Text>
    </Row>
    <Row Tag="LOC_CITY_NAME_ALLAHABAD">
      <Text>Allahabad</Text>
    </Row>
    <Row Tag="LOC_CITY_NAME_AMRITSAR">
      <Text>Amritsar</Text>
    </Row>
    <Row Tag="LOC_CITY_NAME_KOLHAPUR">
      <Text>Kolhapur</Text>
    </Row>
    <Row Tag="LOC_CITY_NAME_PUNE">
      <Text>Pune</Text>
    </Row>
    <Row Tag="LOC_CITY_NAME_IMPHAL">
      <Text>Imphal</Text>
    </Row>
    <!--Japan-->
    <Row Tag="LOC_CITY_NAME_KYOTO">
      <Text>Kyoto</Text>
    </Row>
    <Row Tag="LOC_CITY_NAME_TOKYO">
      <Text>Tokyo</Text>
    </Row>
    <Row Tag="LOC_CITY_NAME_OSAKA">
      <Text>Osaka</Text>
    </Row>
    <Row Tag="LOC_CITY_NAME_NAGOYA">
      <Text>Nagoya</Text>
    </Row>
    <Row Tag="LOC_CITY_NAME_FUKUOKA">
      <Text>Fukuoka</Text>
    </Row>
    <Row Tag="LOC_CITY_NAME_SENDAI">
      <Text>Sendai</Text>
    </Row>
    <Row Tag="LOC_CITY_NAME_SHIZUOKA">
      <Text>Shizuoka</Text>
    </Row>
    <Row Tag="LOC_CITY_NAME_OKAYAMA">
      <Text>Okayama</Text>
    </Row>
    <Row Tag="LOC_CITY_NAME_TAKAMATSU">
      <Text>Takamatsu</Text>
    </Row>
    <Row Tag="LOC_CITY_NAME_YOKOHAMA">
      <Text>Yokohama</Text>
    </Row>
    <Row Tag="LOC_CITY_NAME_GIFU">
      <Text>Gifu</Text>
    </Row>
    <Row Tag="LOC_CITY_NAME_NAGANO">
      <Text>Nagano</Text>
    </Row>
    <Row Tag="LOC_CITY_NAME_TAKASAKI">
      <Text>Takasaki</Text>
    </Row>
    <Row Tag="LOC_CITY_NAME_OTSU">
      <Text>Otsu</Text>
    </Row>
    <Row Tag="LOC_CITY_NAME_AOMORI">
      <Text>Aomori</Text>
    </Row>
    <Row Tag="LOC_CITY_NAME_FUKUSHIMA">
      <Text>Fukuşima</Text>
    </Row>
    <Row Tag="LOC_CITY_NAME_MORIOKA">
      <Text>Morioka</Text>
    </Row>
    <Row Tag="LOC_CITY_NAME_HAKODATE">
      <Text>Hakodate</Text>
    </Row>
    <Row Tag="LOC_CITY_NAME_KOBE">
      <Text>Kobe</Text>
    </Row>
    <Row Tag="LOC_CITY_NAME_HAMAMATSU">
      <Text>Hamamatsu</Text>
    </Row>
    <Row Tag="LOC_CITY_NAME_OKAZAKI">
      <Text>Okazaki</Text>
    </Row>
    <Row Tag="LOC_CITY_NAME_FUKUI">
      <Text>Fukui</Text>
    </Row>
    <Row Tag="LOC_CITY_NAME_YAMAGATA">
      <Text>Yamagata</Text>
    </Row>
    <Row Tag="LOC_CITY_NAME_KAGOSHIMA">
      <Text>Kagoshima</Text>
    </Row>
    <Row Tag="LOC_CITY_NAME_HIROSHIMA">
      <Text>Hiroşima</Text>
    </Row>
    <Row Tag="LOC_CITY_NAME_HIMEJI">
      <Text>Himeji</Text>
    </Row>
    <Row Tag="LOC_CITY_NAME_MATSUMOTO">
      <Text>Matsumoto</Text>
    </Row>
    <Row Tag="LOC_CITY_NAME_OTA">
      <Text>Ōta</Text>
    </Row>
    <Row Tag="LOC_CITY_NAME_NUMAZU">
      <Text>Numazu</Text>
    </Row>
    <Row Tag="LOC_CITY_NAME_SAPPORO">
      <Text>Sapporo</Text>
    </Row>
    <Row Tag="LOC_CITY_NAME_NAGASAKI">
      <Text>Nagasaki</Text>
    </Row>
    <Row Tag="LOC_CITY_NAME_TOTTORI">
      <Text>Tottori</Text>
    </Row>
    <Row Tag="LOC_CITY_NAME_NAGAHAMA">
      <Text>Nagahama</Text>
    </Row>
    <!--Kongo-->
    <Row Tag="LOC_CITY_NAME_MBANZA_KONGO">
      <Text>Mbanza Kongo</Text>
    </Row>
    <Row Tag="LOC_CITY_NAME_MBUMBI">
      <Text>Mbumbi</Text>
    </Row>
    <Row Tag="LOC_CITY_NAME_MBAMBA">
      <Text>Mbamba</Text>
    </Row>
    <Row Tag="LOC_CITY_NAME_MBANZA_NSUNDI">
      <Text>Mbanza Nsundi</Text>
    </Row>
    <Row Tag="LOC_CITY_NAME_MBWILA">
      <Text>Mbwila</Text>
    </Row>
    <Row Tag="LOC_CITY_NAME_MPINDA">
      <Text>Mpinda</Text>
    </Row>
    <Row Tag="LOC_CITY_NAME_KWILA">
      <Text>Kwila</Text>
    </Row>
    <Row Tag="LOC_CITY_NAME_MBANZA_MBATA">
      <Text>Mbanza Mbata</Text>
    </Row>
    <Row Tag="LOC_CITY_NAME_KINCHASSA">
      <Text>Kinchassa</Text>
    </Row>
    <Row Tag="LOC_CITY_NAME_KWANGO">
      <Text>Kwango</Text>
    </Row>
    <Row Tag="LOC_CITY_NAME_MBUJI_MAYI">
      <Text>Mbuji-Mayi</Text>
    </Row>
    <Row Tag="LOC_CITY_NAME_MBANZA_MPANGU">
      <Text>Mbanza Mpangu</Text>
    </Row>
    <Row Tag="LOC_CITY_NAME_BAKAVU">
      <Text>Bakavu</Text>
    </Row>
    <Row Tag="LOC_CITY_NAME_SANGA">
      <Text>Sanga</Text>
    </Row>
    <Row Tag="LOC_CITY_NAME_KATANGO">
      <Text>Katango</Text>
    </Row>
    <Row Tag="LOC_CITY_NAME_MBANZA_WEMBO">
      <Text>Mbanza Wembo</Text>
    </Row>
    <Row Tag="LOC_CITY_NAME_MBAMBA_LOVATA">
      <Text>Mbamba Lovata</Text>
    </Row>
    <Row Tag="LOC_CITY_NAME_NKUNGA">
      <Text>Nkunga</Text>
    </Row>
    <Row Tag="LOC_CITY_NAME_NKONDO">
      <Text>Nkondo</Text>
    </Row>
    <Row Tag="LOC_CITY_NAME_LEMBA_BULA">
      <Text>Lemba-Bula</Text>
    </Row>
    <Row Tag="LOC_CITY_NAME_KIBANGU">
      <Text>Kibangu</Text>
    </Row>
    <Row Tag="LOC_CITY_NAME_MANGA">
      <Text>Manga</Text>
    </Row>
    <Row Tag="LOC_CITY_NAME_MBANZA_MPEMBA">
      <Text>Mbanza Mpemba</Text>
    </Row>
    <Row Tag="LOC_CITY_NAME_MULUMBI">
      <Text>Mulumbi</Text>
    </Row>
    <Row Tag="LOC_CITY_NAME_MAKUTA">
      <Text>Makuta</Text>
    </Row>
    <Row Tag="LOC_CITY_NAME_ZOMBO">
      <Text>Zombo</Text>
    </Row>
    <Row Tag="LOC_CITY_NAME_BANZA">
      <Text>Banza</Text>
    </Row>
    <Row Tag="LOC_CITY_NAME_UMPUKA">
      <Text>Umpuka</Text>
    </Row>
    <Row Tag="LOC_CITY_NAME_MATADI">
      <Text>Matadi</Text>
    </Row>
    <Row Tag="LOC_CITY_NAME_MBANDAKA">
      <Text>Mbandaka</Text>
    </Row>
    <Row Tag="LOC_CITY_NAME_LUBUMBASHI">
      <Text>Lubumbashi</Text>
    </Row>
    <Row Tag="LOC_CITY_NAME_MBANZA_SOYO">
      <Text>Mbanza Soyo</Text>
    </Row>
    <Row Tag="LOC_CITY_NAME_KINDU">
      <Text>Kindu</Text>
    </Row>
    <Row Tag="LOC_CITY_NAME_KALEMIE">
      <Text>Kalemie</Text>
    </Row>
    <Row Tag="LOC_CITY_NAME_KIKWIT">
      <Text>Kikwit</Text>
    </Row>
    <Row Tag="LOC_CITY_NAME_POPOKABAKA">
      <Text>Popokabaka</Text>
    </Row>
    <!--Norway-->
    <Row Tag="LOC_CITY_NAME_NIDAROS">
      <Text>Nidaros</Text>
    </Row>
    <Row Tag="LOC_CITY_NAME_OSLO">
      <Text>Oslo</Text>
    </Row>
    <Row Tag="LOC_CITY_NAME_BERGEN">
      <Text>Bergen</Text>
    </Row>
    <Row Tag="LOC_CITY_NAME_STAVANGER">
      <Text>Stavanger</Text>
    </Row>
    <Row Tag="LOC_CITY_NAME_KRISTIANSAND">
      <Text>Kristiansand</Text>
    </Row>
    <Row Tag="LOC_CITY_NAME_SKEDSMO">
      <Text>Skedsmo</Text>
    </Row>
    <Row Tag="LOC_CITY_NAME_SARPSBORG">
      <Text>Sarpsborg</Text>
    </Row>
    <Row Tag="LOC_CITY_NAME_TROMSO">
      <Text>Tromsø</Text>
    </Row>
    <Row Tag="LOC_CITY_NAME_ALESUND">
      <Text>Ålesund</Text>
    </Row>
    <Row Tag="LOC_CITY_NAME_HAMAR">
      <Text>Hamar</Text>
    </Row>
    <Row Tag="LOC_CITY_NAME_SKIEN">
      <Text>Skien</Text>
    </Row>
    <Row Tag="LOC_CITY_NAME_BJARKOY">
      <Text>Bjarkøy</Text>
    </Row>
    <Row Tag="LOC_CITY_NAME_DRAMMEN">
      <Text>Drammen</Text>
    </Row>
    <Row Tag="LOC_CITY_NAME_NAMSOS">
      <Text>Namsos</Text>
    </Row>
    <Row Tag="LOC_CITY_NAME_AVALDSNES">
      <Text>Avaldsnes</Text>
    </Row>
    <Row Tag="LOC_CITY_NAME_SOGNDAL">
      <Text>Sogndal</Text>
    </Row>
    <Row Tag="LOC_CITY_NAME_TONSBERG">
      <Text>Tønsberg</Text>
    </Row>
    <Row Tag="LOC_CITY_NAME_KARMOY">
      <Text>Karmøy</Text>
    </Row>
    <Row Tag="LOC_CITY_NAME_FROSTA">
      <Text>Frosta</Text>
    </Row>
    <Row Tag="LOC_CITY_NAME_KVITSOY">
      <Text>Kvitsøy</Text>
    </Row>
    <Row Tag="LOC_CITY_NAME_STIKLESTAD">
      <Text>Stiklestad</Text>
    </Row>
    <Row Tag="LOC_CITY_NAME_HUNDORP">
      <Text>Hundorp</Text>
    </Row>
    <Row Tag="LOC_CITY_NAME_STANGE">
      <Text>Stange</Text>
    </Row>
    <Row Tag="LOC_CITY_NAME_REYKJAVIK">
      <Text>Reykjavík</Text>
    </Row>
    <Row Tag="LOC_CITY_NAME_TJOTTA">
      <Text>Tjøtta</Text>
    </Row>
    <Row Tag="LOC_CITY_NAME_VERDAL">
      <Text>Verdal</Text>
    </Row>
    <Row Tag="LOC_CITY_NAME_BRATTAHLID">
      <Text>Brattahlíð</Text>
    </Row>
    <Row Tag="LOC_CITY_NAME_KRISTIANSUND">
      <Text>Kristiansund</Text>
    </Row>
    <Row Tag="LOC_CITY_NAME_RINGERIKE">
      <Text>Ringerike</Text>
    </Row>
    <Row Tag="LOC_CITY_NAME_SANDNAES">
      <Text>Sandnæs</Text>
    </Row>
    <Row Tag="LOC_CITY_NAME_MOSTER">
      <Text>Moster</Text>
    </Row>
    <Row Tag="LOC_CITY_NAME_VINLAND">
      <Text>Vinland</Text>
    </Row>
    <!--Rome-->
    <Row Tag="LOC_CITY_NAME_ROME">
      <Text>Roma</Text>
    </Row>
    <Row Tag="LOC_CITY_NAME_OSTIA">
      <Text>Ostia</Text>
    </Row>
    <Row Tag="LOC_CITY_NAME_ANTIUM">
      <Text>Antium</Text>
    </Row>
    <Row Tag="LOC_CITY_NAME_CUMAE">
      <Text>Cumae</Text>
    </Row>
    <Row Tag="LOC_CITY_NAME_AQUILEIA">
      <Text>Aquileia</Text>
    </Row>
    <Row Tag="LOC_CITY_NAME_RAVENNA">
      <Text>Ravenna</Text>
    </Row>
    <Row Tag="LOC_CITY_NAME_PUTEOLI">
      <Text>Puteoli</Text>
    </Row>
    <Row Tag="LOC_CITY_NAME_ARRETIUM">
      <Text>Arretium</Text>
    </Row>
    <Row Tag="LOC_CITY_NAME_MEDIOLANUM">
      <Text>Mediolanum</Text>
    </Row>
    <Row Tag="LOC_CITY_NAME_LUGDUNUM">
      <Text>Lugdunum</Text>
    </Row>
    <Row Tag="LOC_CITY_NAME_ARPINUM">
      <Text>Arpinum</Text>
    </Row>
    <Row Tag="LOC_CITY_NAME_SETIA">
      <Text>Setia</Text>
    </Row>
    <Row Tag="LOC_CITY_NAME_VELITRAE">
      <Text>Velitrae</Text>
    </Row>
    <Row Tag="LOC_CITY_NAME_DUROCORTORUM">
      <Text>Durocortorum</Text>
    </Row>
    <Row Tag="LOC_CITY_NAME_BRUNDISIUM">
      <Text>Brundisium</Text>
    </Row>
    <Row Tag="LOC_CITY_NAME_CAESARAUGUSTA">
      <Text>Caesaraugusta</Text>
    </Row>
    <Row Tag="LOC_CITY_NAME_PALMYRA">
      <Text>Palmyra</Text>
    </Row>
    <Row Tag="LOC_CITY_NAME_HISPALIS">
      <Text>Hispalis</Text>
    </Row>
    <Row Tag="LOC_CITY_NAME_CAESAREA">
      <Text>Caesarea</Text>
    </Row>
    <Row Tag="LOC_CITY_NAME_ARTAXATA">
      <Text>Artaxata</Text>
    </Row>
    <Row Tag="LOC_CITY_NAME_PAPHOS">
      <Text>Baf</Text>
    </Row>
    <Row Tag="LOC_CITY_NAME_SALONAE">
      <Text>Salonae</Text>
    </Row>
    <Row Tag="LOC_CITY_NAME_EBURACUM">
      <Text>Eburacum</Text>
    </Row>
    <Row Tag="LOC_CITY_NAME_LAURIACUM">
      <Text>Lauriacum</Text>
    </Row>
    <Row Tag="LOC_CITY_NAME_VERONA">
      <Text>Verona</Text>
    </Row>
    <Row Tag="LOC_CITY_NAME_COLONIA_AGRIPPINA">
      <Text>Colonia Agrippina</Text>
    </Row>
    <Row Tag="LOC_CITY_NAME_NARBO">
      <Text>Narbo</Text>
    </Row>
    <Row Tag="LOC_CITY_NAME_TINGI">
      <Text>Tingi</Text>
    </Row>
    <Row Tag="LOC_CITY_NAME_SARMIZEGETUSA">
      <Text>Sarmizegetusa</Text>
    </Row>
    <Row Tag="LOC_CITY_NAME_SIRMIUM">
      <Text>Sirmium</Text>
    </Row>
    <!--Russia-->
    <Row Tag="LOC_CITY_NAME_ST_PETERSBURG">
      <Text>Petersburg</Text>
    </Row>
    <Row Tag="LOC_CITY_NAME_MOSCOW">
      <Text>Moskova</Text>
    </Row>
    <Row Tag="LOC_CITY_NAME_NOVGOROD">
      <Text>Novgorod</Text>
    </Row>
    <Row Tag="LOC_CITY_NAME_KAZAN">
      <Text>Kazan</Text>
    </Row>
    <Row Tag="LOC_CITY_NAME_ASTRAKHAN">
      <Text>Astrakhan</Text>
    </Row>
    <Row Tag="LOC_CITY_NAME_YAROSLAVL">
      <Text>Yaroslavl</Text>
    </Row>
    <Row Tag="LOC_CITY_NAME_SMOLENSK">
      <Text>Smolensk</Text>
    </Row>
    <Row Tag="LOC_CITY_NAME_VORONEZH">
      <Text>Voronezh</Text>
    </Row>
    <Row Tag="LOC_CITY_NAME_TULA">
      <Text>Tula</Text>
    </Row>
    <Row Tag="LOC_CITY_NAME_SOLIKAMSK">
      <Text>Solikamsk</Text>
    </Row>
    <Row Tag="LOC_CITY_NAME_TVER">
      <Text>Tver</Text>
    </Row>
    <Row Tag="LOC_CITY_NAME_NIZHNIY_NOVGOROD">
      <Text>Nizhniy Novgorod</Text>
    </Row>
    <Row Tag="LOC_CITY_NAME_ARKHANGELSK">
      <Text>Arkhangelsk</Text>
    </Row>
    <Row Tag="LOC_CITY_NAME_VOLOGDA">
      <Text>Vologda</Text>
    </Row>
    <Row Tag="LOC_CITY_NAME_OLONETS">
      <Text>Olonets</Text>
    </Row>
    <Row Tag="LOC_CITY_NAME_SARATOV">
      <Text>Saratov</Text>
    </Row>
    <Row Tag="LOC_CITY_NAME_TAMBOV">
      <Text>Tambov</Text>
    </Row>
    <Row Tag="LOC_CITY_NAME_PSKOV">
      <Text>Pskov</Text>
    </Row>
    <Row Tag="LOC_CITY_NAME_KRASNOYARSK">
      <Text>Krasnoyarsk</Text>
    </Row>
    <Row Tag="LOC_CITY_NAME_IRKUTSK">
      <Text>Irkutsk</Text>
    </Row>
    <Row Tag="LOC_CITY_NAME_YEKATERINBURG">
      <Text>Yekaterinburg</Text>
    </Row>
    <Row Tag="LOC_CITY_NAME_ROSTOV">
      <Text>Rostov</Text>
    </Row>
    <Row Tag="LOC_CITY_NAME_BRYANSK">
      <Text>Bryansk</Text>
    </Row>
    <Row Tag="LOC_CITY_NAME_YAKUTSK">
      <Text>Yakutsk</Text>
    </Row>
    <Row Tag="LOC_CITY_NAME_STARAYA_RUSSA">
      <Text>Staraya Russa</Text>
    </Row>
    <Row Tag="LOC_CITY_NAME_PERM">
      <Text>Perm</Text>
    </Row>
    <Row Tag="LOC_CITY_NAME_PETROZAVODSK">
      <Text>Petrozavodsk</Text>
    </Row>
    <Row Tag="LOC_CITY_NAME_OKHOTSK">
      <Text>Okhotsk</Text>
    </Row>
    <Row Tag="LOC_CITY_NAME_KOSTROMA">
      <Text>Kostroma</Text>
    </Row>
    <Row Tag="LOC_CITY_NAME_NIZHNEKOLYMSK">
      <Text>Nizhnekolymsk</Text>
    </Row>
    <Row Tag="LOC_CITY_NAME_SERGIYEV_POSAD">
      <Text>Sergiyev Posad</Text>
    </Row>
    <Row Tag="LOC_CITY_NAME_OMSK">
      <Text>Omsk</Text>
    </Row>
    <!--Scythia-->
    <Row Tag="LOC_CITY_NAME_POKROVKA">
      <Text>Pokrovka</Text>
    </Row>
    <Row Tag="LOC_CITY_NAME_ISSYK">
      <Text>Issyk</Text>
    </Row>
    <Row Tag="LOC_CITY_NAME_KUL_OBA">
      <Text>Kul Oba</Text>
    </Row>
    <Row Tag="LOC_CITY_NAME_GELONUS">
      <Text>Gelonus</Text>
    </Row>
    <Row Tag="LOC_CITY_NAME_PAZYRYK">
      <Text>Pazyryk</Text>
    </Row>
    <Row Tag="LOC_CITY_NAME_CHERTOMLYK">
      <Text>Chertomlyk</Text>
    </Row>
    <Row Tag="LOC_CITY_NAME_NEAPOLIS">
      <Text>Neapolis</Text>
    </Row>
    <Row Tag="LOC_CITY_NAME_KOSTROMSKAYA">
      <Text>Kostromskaya</Text>
    </Row>
    <Row Tag="LOC_CITY_NAME_MYRIV">
      <Text>Myriv</Text>
    </Row>
    <Row Tag="LOC_CITY_NAME_SOLOKHA">
      <Text>Solokha</Text>
    </Row>
    <Row Tag="LOC_CITY_NAME_MAIKOP">
      <Text>Maikop</Text>
    </Row>
    <Row Tag="LOC_CITY_NAME_KAMIANKA_DNIPROVSKA">
      <Text>Kamianka-Dniprovska</Text>
    </Row>
    <Row Tag="LOC_CITY_NAME_TOLSTAYA">
      <Text>Tolstaya</Text>
    </Row>
    <Row Tag="LOC_CITY_NAME_SEVEN_BROTHERS">
      <Text>Yedi Kardeş</Text>
    </Row>
    <Row Tag="LOC_CITY_NAME_OLBIA">
      <Text>Olbia</Text>
    </Row>
    <Row Tag="LOC_CITY_NAME_KELERMES">
      <Text>Kelermes</Text>
    </Row>
    <Row Tag="LOC_CITY_NAME_SOLOCHA">
      <Text>Solocha</Text>
    </Row>
    <Row Tag="LOC_CITY_NAME_ULSKI">
      <Text>Ulski</Text>
    </Row>
    <Row Tag="LOC_CITY_NAME_ARZHAN">
      <Text>Arzhan</Text>
    </Row>
    <Row Tag="LOC_CITY_NAME_ELIZAVETOVSKAYA">
      <Text>Elizavetovskaya</Text>
    </Row>
    <Row Tag="LOC_CITY_NAME_MELGUNOV">
      <Text>Melgunov</Text>
    </Row>
    <Row Tag="LOC_CITY_NAME_PANTICAPAEUM">
      <Text>Panticapaeum</Text>
    </Row>
    <Row Tag="LOC_CITY_NAME_TSARSKAYA">
      <Text>Tsarskaya</Text>
    </Row>
    <Row Tag="LOC_CITY_NAME_OGUZ">
      <Text>Ogüz</Text>
    </Row>
    <Row Tag="LOC_CITY_NAME_TANAIS">
      <Text>Tanais</Text>
    </Row>
    <Row Tag="LOC_CITY_NAME_ALEXANDROPOL">
      <Text>Alexandropol</Text>
    </Row>
    <Row Tag="LOC_CITY_NAME_KURDZHIPS">
      <Text>Kurdzhips</Text>
    </Row>
    <Row Tag="LOC_CITY_NAME_TSYMBALKA">
      <Text>Tsymbalka</Text>
    </Row>
    <Row Tag="LOC_CITY_NAME_THEODOSIA">
      <Text>Theodosia</Text>
    </Row>
    <Row Tag="LOC_CITY_NAME_KOZEL">
      <Text>Kozel</Text>
    </Row>
    <!--Spain-->
    <Row Tag="LOC_CITY_NAME_MADRID">
      <Text>Madrid</Text>
    </Row>
    <Row Tag="LOC_CITY_NAME_SEVILLE">
      <Text>Sevilla</Text>
    </Row>
    <Row Tag="LOC_CITY_NAME_BARCELONA">
      <Text>Barselona</Text>
    </Row>
    <Row Tag="LOC_CITY_NAME_TOLEDO">
      <Text>Toledo</Text>
    </Row>
    <Row Tag="LOC_CITY_NAME_CORDOBA">
      <Text>Córdoba</Text>
    </Row>
    <Row Tag="LOC_CITY_NAME_VALENCIA">
      <Text>Valencia</Text>
    </Row>
    <Row Tag="LOC_CITY_NAME_ZARAGOZA">
      <Text>Zaragoza</Text>
    </Row>
    <Row Tag="LOC_CITY_NAME_VALLADOLID">
      <Text>Valladolid</Text>
    </Row>
    <Row Tag="LOC_CITY_NAME_BILBAO">
      <Text>Bilbao</Text>
    </Row>
    <Row Tag="LOC_CITY_NAME_A_CORUNA">
      <Text>A Coruña</Text>
    </Row>
    <Row Tag="LOC_CITY_NAME_CARTAGENA">
      <Text>Cartagena</Text>
    </Row>
    <Row Tag="LOC_CITY_NAME_CADIZ">
      <Text>Cádiz</Text>
    </Row>
    <Row Tag="LOC_CITY_NAME_SALAMANCA">
      <Text>Salamanca</Text>
    </Row>
    <Row Tag="LOC_CITY_NAME_LAS_PALMAS">
      <Text>Las Palmas</Text>
    </Row>
    <Row Tag="LOC_CITY_NAME_MURCIA">
      <Text>Murcia</Text>
    </Row>
    <Row Tag="LOC_CITY_NAME_PAMPLONA">
      <Text>Pamplona</Text>
    </Row>
    <Row Tag="LOC_CITY_NAME_VIGO">
      <Text>Vigo</Text>
    </Row>
    <Row Tag="LOC_CITY_NAME_ORAN">
      <Text>Oran</Text>
    </Row>
    <Row Tag="LOC_CITY_NAME_VITORIA_GASTEIZ">
      <Text>Vitoria-Gasteiz</Text>
    </Row>
    <Row Tag="LOC_CITY_NAME_OVIEDO">
      <Text>Oviedo</Text>
    </Row>
    <Row Tag="LOC_CITY_NAME_MALAGA">
      <Text>Málaga</Text>
    </Row>
    <Row Tag="LOC_CITY_NAME_HAVANA">
      <Text>Havana</Text>
    </Row>
    <Row Tag="LOC_CITY_NAME_JAEN">
      <Text>Jaen</Text>
    </Row>
    <Row Tag="LOC_CITY_NAME_MANILA">
      <Text>Manila</Text>
    </Row>
    <Row Tag="LOC_CITY_NAME_SANTANDER">
      <Text>Santander</Text>
    </Row>
    <Row Tag="LOC_CITY_NAME_ALMERIA">
      <Text>Almeria</Text>
    </Row>
    <Row Tag="LOC_CITY_NAME_ALICANTE">
      <Text>Alicante</Text>
    </Row>
    <Row Tag="LOC_CITY_NAME_BADALONA">
      <Text>Badalona</Text>
    </Row>
    <Row Tag="LOC_CITY_NAME_BURGOS">
      <Text>Burgos</Text>
    </Row>
    <Row Tag="LOC_CITY_NAME_GIJON">
      <Text>Gijón</Text>
    </Row>
    <!--Sumeria-->
    <Row Tag="LOC_CITY_NAME_URUK">
      <Text>Uruk</Text>
    </Row>
    <Row Tag="LOC_CITY_NAME_ERIDU">
      <Text>Eridu</Text>
    </Row>
    <Row Tag="LOC_CITY_NAME_KISH">
      <Text>Kish</Text>
    </Row>
    <Row Tag="LOC_CITY_NAME_UR">
      <Text>Ur</Text>
    </Row>
    <Row Tag="LOC_CITY_NAME_LAGASH">
      <Text>Lagash</Text>
    </Row>
    <Row Tag="LOC_CITY_NAME_NIPPUR">
      <Text>Nippur</Text>
    </Row>
    <Row Tag="LOC_CITY_NAME_BAD_TIBIRA">
      <Text>Bad-Tibira</Text>
    </Row>
    <Row Tag="LOC_CITY_NAME_SIPPAR">
      <Text>Sippar</Text>
    </Row>
    <Row Tag="LOC_CITY_NAME_SHURUPPAK">
      <Text>Shuruppak</Text>
    </Row>
    <Row Tag="LOC_CITY_NAME_ADAB">
      <Text>Adab</Text>
    </Row>
    <Row Tag="LOC_CITY_NAME_ISIN">
      <Text>Isin</Text>
    </Row>
    <Row Tag="LOC_CITY_NAME_LARAK">
      <Text>Larak</Text>
    </Row>
    <Row Tag="LOC_CITY_NAME_ABU_SALABIKH">
      <Text>Abu Salabikh</Text>
    </Row>
    <Row Tag="LOC_CITY_NAME_AKSHAK">
      <Text>Akshak</Text>
    </Row>
    <Row Tag="LOC_CITY_NAME_UMMA">
      <Text>Umma</Text>
    </Row>
    <Row Tag="LOC_CITY_NAME_LARSA">
      <Text>Larsa</Text>
    </Row>
    <Row Tag="LOC_CITY_NAME_HAMAZI">
      <Text>Hamazi</Text>
    </Row>
    <Row Tag="LOC_CITY_NAME_GIRSU">
      <Text>Girsu</Text>
    </Row>
    <Row Tag="LOC_CITY_NAME_JEMDET_NASR">
      <Text>Jemdet Nasr</Text>
    </Row>
    <Row Tag="LOC_CITY_NAME_NINA">
      <Text>Nina</Text>
    </Row>
    <Row Tag="LOC_CITY_NAME_KUARA">
      <Text>Kuara</Text>
    </Row>
    <Row Tag="LOC_CITY_NAME_DILBAT">
      <Text>Dilbat</Text>
    </Row>
    <Row Tag="LOC_CITY_NAME_KUTHA">
      <Text>Kutha</Text>
    </Row>
    <Row Tag="LOC_CITY_NAME_MARAD">
      <Text>Marad</Text>
    </Row>
    <Row Tag="LOC_CITY_NAME_ZABALAM">
      <Text>Zabalam</Text>
    </Row>
    <Row Tag="LOC_CITY_NAME_KISURRA">
      <Text>Kisurra</Text>
    </Row>
    <Row Tag="LOC_CITY_NAME_PAZURISH_DAGAN">
      <Text>Pazurish-Dagan</Text>
    </Row>
    <Row Tag="LOC_CITY_NAME_HARBIDUM">
      <Text>Harbidum</Text>
    </Row>
    <Row Tag="LOC_CITY_NAME_KESH">
      <Text>Kesh</Text>
    </Row>
    <Row Tag="LOC_CITY_NAME_FAILAKA">
      <Text>Failaka</Text>
    </Row>
    <!--City-States-->
    <Row Tag="LOC_CITY_NAME_AMSTERDAM_1">
      <Text>Amsterdam</Text>
    </Row>
    <Row Tag="LOC_CITY_NAME_AMSTERDAM">
      <Text>Amsterdam</Text>
    </Row>
    <Row Tag="LOC_CITY_NAME_BANDAR_BRUNEI">
      <Text>Bandar Brunei</Text>
    </Row>
    <Row Tag="LOC_CITY_NAME_BRUSSELS_1">
      <Text>Brüksel</Text>
    </Row>
    <Row Tag="LOC_CITY_NAME_BRUSSELS">
      <Text>Brüksel</Text>
    </Row>
    <Row Tag="LOC_CITY_NAME_BUENOS_AIRES_1">
      <Text>Buenos Aires</Text>
    </Row>
    <Row Tag="LOC_CITY_NAME_BUENOS_AIRES">
      <Text>Buenos Aires</Text>
    </Row>
    <Row Tag="LOC_CITY_NAME_CARTHAGE_1">
      <Text>Kartaca</Text>
    </Row>
    <Row Tag="LOC_CITY_NAME_CARTHAGE">
      <Text>Kartaca</Text>
    </Row>
    <Row Tag="LOC_CITY_NAME_GENEVA_1">
      <Text>Cenevre</Text>
    </Row>
    <Row Tag="LOC_CITY_NAME_GENEVA">
      <Text>Cenevre</Text>
    </Row>
    <Row Tag="LOC_CITY_NAME_HATTUSA_1">
      <Text>Hattuşa</Text>
    </Row>
    <Row Tag="LOC_CITY_NAME_HATTUSA">
      <Text>Hattuşa</Text>
    </Row>
    <Row Tag="LOC_CITY_NAME_HONG_KONG_1">
      <Text>Hong Kong</Text>
    </Row>
    <Row Tag="LOC_CITY_NAME_HONG_KONG">
      <Text>Hong Kong</Text>
    </Row>
    <Row Tag="LOC_CITY_NAME_JAKARTA_1">
      <Text>Cakarta</Text>
    </Row>
    <Row Tag="LOC_CITY_NAME_JAKARTA">
      <Text>Cakarta</Text>
    </Row>
    <Row Tag="LOC_CITY_NAME_JERUSALEM_1">
      <Text>Kudüs</Text>
    </Row>
    <Row Tag="LOC_CITY_NAME_JERUSALEM">
      <Text>Kudüs</Text>
    </Row>
    <Row Tag="LOC_CITY_NAME_KABUL_1">
      <Text>Kabil</Text>
    </Row>
    <Row Tag="LOC_CITY_NAME_KABUL">
      <Text>Kabil</Text>
    </Row>
    <Row Tag="LOC_CITY_NAME_KANDY_1">
      <Text>Kandy</Text>
    </Row>
    <Row Tag="LOC_CITY_NAME_KANDY">
      <Text>Kandy</Text>
    </Row>
    <Row Tag="LOC_CITY_NAME_KUMASI_1">
      <Text>Kumasi</Text>
    </Row>
    <Row Tag="LOC_CITY_NAME_KUMASI">
      <Text>Kumasi</Text>
    </Row>
    <Row Tag="LOC_CITY_NAME_LA_VENTA_1">
      <Text>La Venta</Text>
    </Row>
    <Row Tag="LOC_CITY_NAME_LA_VENTA">
      <Text>La Venta</Text>
    </Row>
    <Row Tag="LOC_CITY_NAME_LISBON_1">
      <Text>Mogadişu</Text>
    </Row>
    <Row Tag="LOC_CITY_NAME_LISBON">
      <Text>Mogadişu</Text>
    </Row>
    <Row Tag="LOC_CITY_NAME_MOHENJO_DARO_1">
      <Text>Mohenjo-Daro</Text>
    </Row>
    <Row Tag="LOC_CITY_NAME_MOHENJO_DARO">
      <Text>Mohenjo-Daro</Text>
    </Row>
    <Row Tag="LOC_CITY_NAME_PRESLAV_1">
      <Text>Preslav</Text>
    </Row>
    <Row Tag="LOC_CITY_NAME_PRESLAV">
      <Text>Preslav</Text>
    </Row>
    <Row Tag="LOC_CITY_NAME_NAN_MADOL_1">
      <Text>Nan Madol</Text>
    </Row>
    <Row Tag="LOC_CITY_NAME_NAN_MADOL">
      <Text>Nan Madol</Text>
    </Row>
    <Row Tag="LOC_CITY_NAME_SEOUL_1">
      <Text>Seul</Text>
    </Row>
    <Row Tag="LOC_CITY_NAME_SEOUL">
      <Text>Seul</Text>
    </Row>
    <Row Tag="LOC_CITY_NAME_STOCKHOLM_1">
      <Text>Stockholm</Text>
    </Row>
    <Row Tag="LOC_CITY_NAME_STOCKHOLM">
      <Text>Stockholm</Text>
    </Row>
    <Row Tag="LOC_CITY_NAME_TORONTO_1">
      <Text>Toronto</Text>
    </Row>
    <Row Tag="LOC_CITY_NAME_TORONTO">
      <Text>Toronto</Text>
    </Row>
    <Row Tag="LOC_CITY_NAME_VALLETTA_1">
      <Text>Valletta</Text>
    </Row>
    <Row Tag="LOC_CITY_NAME_VALLETTA">
      <Text>Valletta</Text>
    </Row>
    <Row Tag="LOC_CITY_NAME_VILNIUS_1">
      <Text>Vilnius</Text>
    </Row>
    <Row Tag="LOC_CITY_NAME_VILNIUS">
      <Text>Vilnius</Text>
    </Row>
    <Row Tag="LOC_CITY_NAME_YEREVAN_1">
      <Text>Yerevan</Text>
    </Row>
    <Row Tag="LOC_CITY_NAME_YEREVAN">
      <Text>Yerevan</Text>
    </Row>
    <Row Tag="LOC_CITY_NAME_ZANZIBAR_1">
      <Text>Zanzibar</Text>
    </Row>
    <Row Tag="LOC_CITY_NAME_ZANZIBAR">
      <Text>Zanzibar</Text>
    </Row>
  </BaseGameText>
</GameData>