﻿<?xml version="1.0" encoding="utf-8"?>
<GameData>
  <FrontEndText>
    <!-- This texted is all duplicated and new strings needed for the City-State Picker -->
    <!-- FrontEnd -->
    <Row Tag="LOC_CITY_STATE_PICKER_TOO_FEW_WARNING">
      <Text>Mevcut Şehir-Devleti yuvalarını dolduracak kadar Şehir-Devleti seçmediniz. Oyunun başlatılması sadece seçilen Şehir Devletlerinin yaratılmasıyla sonuçlanacaktır. Bu uygun mu?</Text>
    </Row>
    <!-- Base Game -->
    <Row Tag="LOC_CIVILIZATION_AMSTERDAM_BONUS">
      <Text>Yabancı şehirlere giden [ICON_TradeRoute] Ticaret Yollarınız, varış noktasındaki her Lüks kaynak için +1 [ICON_Gold] Altın kazandırır.</Text>
    </Row>
    <Row Tag="LOC_CIVILIZATION_BRUSSELS_BONUS">
      <Text>Şehirleriniz harikalara yönelik +%15 [ICON_Production] Üretim kazanır.</Text>
    </Row>
    <Row Tag="LOC_CIVILIZATION_BUENOS_AIRES_BONUS">
      <Text>Bonus kaynaklarınız Lüks kaynaklar gibi davranır ve tür başına 1 [ICON_Amenities] Kolaylık sağlar.</Text>
    </Row>
    <Row Tag="LOC_CIVILIZATION_CARTHAGE_BONUS">
      <Text>Kamp bölgelerinizin her biri +1 [ICON_TradeRoute] Ticaret Yolu kapasitesi sağlar.</Text>
    </Row>
    <Row Tag="LOC_CIVILIZATION_GENEVA_BONUS">
      <Text>Şehirleriniz, herhangi bir uygarlıkla savaş halinde olmadığınız zamanlarda +%15 [ICON_Science] Bilim kazanır.</Text>
    </Row>
    <Row Tag="LOC_CIVILIZATION_HATTUSA_BONUS">
      <Text>Ortaya çıkardığınız ancak sahip olmadığınız her Stratejik kaynaktan size 1 tane sağlar.</Text>
    </Row>
    <Row Tag="LOC_CIVILIZATION_HONG_KONG_BONUS">
      <Text>Şehirleriniz, şehir projelerine yönelik +%20 [ICON_Production] Üretim kazanır.</Text>
    </Row>
    <Row Tag="LOC_CIVILIZATION_JAKARTA_BONUS">
      <Text>Yabancı şehirlerdeki [ICON_TradingPost] Ticaret Karakollarınız, şehirden geçen veya şehre giden [ICON_TradeRoute] Ticaret Yollarınıza +1 [ICON_Gold] Altın sağlar.</Text>
    </Row>
    <Row Tag="LOC_CIVILIZATION_JERUSALEM_BONUS">
      <Text>Kurduğunuz Dine otomatik olarak dönüşür ve o Din için sanki Kutsal Şehirmiş gibi baskı uygular.</Text>
    </Row>
    <Row Tag="LOC_CIVILIZATION_KABUL_BONUS">
      <Text>Birimleriniz başlattıkları savaşlardan iki kat deneyim kazanır.</Text>
    </Row>
    <Row Tag="LOC_CIVILIZATION_KANDY_BONUS">
      <Text>Her yeni doğa harikası keşfettiğinizde bir [ICON_GreatWork_Relic] Yadigâr alın ve tüm [ICON_GreatWork_Relic] Yadigârlardan +%50 [ICON_Faith] İnanç kazanın.</Text>
    </Row>
    <Row Tag="LOC_CIVILIZATION_KUMASI_BONUS">
      <Text>Herhangi bir şehir devletine giden [ICON_TradeRoute] Ticaret Yollarınız, menşe şehirdeki her uzmanlık bölgesi için +2 [ICON_Culture] Kültür ve +1 [ICON_Gold] Altın sağlar.</Text>
    </Row>
    <Row Tag="LOC_CIVILIZATION_LA_VENTA_BONUS">
      <Text>İnşaatçılarınız artık Devasa Kafa geliştirmeleri yapabilir.[NEWLINE][NEWLINE]Devasa Kafalar +2 [ICON_Faith] İnanç sağlar. Bitişik her 2 Yağmur Ormanı için +1 [ICON_Faith] İnanç. Bitişik her 2 Orman için +1 [ICON_Faith] İnanç. Kar veya Kar Tepeleri üzerine inşa edilemez.</Text>
    </Row>
    <Row Tag="LOC_CIVILIZATION_LISBON_BONUS">
      <Text>Tüccar birimleriniz su taşları üzerinde yağmalanmaya karşı bağışıktır.</Text>
    </Row>
    <Row Tag="LOC_CIVILIZATION_MOHENJO_DARO_BONUS">
      <Text>Şehirleriniz, sanki hepsi bir Nehrin yanındaymış gibi sudan tam [ICON_Housing] Konutlara sahiptir.</Text>
    </Row>
    <Row Tag="LOC_CIVILIZATION_NAN_MADOL_BONUS">
      <Text>Kıyı veya Göl karoları üzerindeki veya yanındaki bölgeleriniz +2 [ICON_Culture] Kültür sağlar.</Text>
    </Row>
    <Row Tag="LOC_CIVILIZATION_PRESLAV_BONUS">
      <Text>Hafif ve ağır süvari birlikleriniz tepe karelerinde savaşırken +5 [ICON_Strength] Güce sahiptir.</Text>
    </Row>
    <Row Tag="LOC_CIVILIZATION_SEOUL_BONUS">
      <Text>Yeni bir çağa girdiğinizde, o çağdan 1 rastgele [ICON_TechBoosted] Eureka kazanın.</Text>
    </Row>
    <Row Tag="LOC_CIVILIZATION_STOCKHOLM_BONUS">
      <Text>Bölgeleriniz kendi türlerinde +1 [ICON_GreatPerson] Büyük Kişi puanı sağlar ([ICON_GreatWriter] Büyük Yazar, [ICON_GreatArtist] Büyük Sanatçı ve [ICON_GreatMusician] Tiyatro Meydanı bölgeleri için Büyük Müzisyen).</Text>
    </Row>
    <Row Tag="LOC_CIVILIZATION_TORONTO_BONUS">
      <Text>Sanayi Bölgesi ve Eğlence Kompleksi bölgelerinizden gelen bölgesel etkiler 3 karo daha uzağa ulaşır.</Text>
    </Row>
    <Row Tag="LOC_CIVILIZATION_VALLETTA_BONUS">
      <Text>Şehir Merkezi binaları ve Kamp bölgesi binaları [ICON_Faith] İnanç ile satın alınabilir. Kadim, Ortaçağ ve Rönesans Surlarını satın alma maliyeti azalır, ancak bunlar yalnızca [ICON_Faith] İnanç ile satın alınabilir.</Text>
    </Row>
    <Row Tag="LOC_CIVILIZATION_VILNIUS_BONUS">
      <Text>Yeni bir çağa girdiğinizde, o çağdan 1 rastgele [ICON_CivicBoosted] İlham kazanın.</Text>
    </Row>
    <Row Tag="LOC_CIVILIZATION_YEREVAN_BONUS">
      <Text>Havari birimleriniz rastgele bir terfi almak yerine olası herhangi bir terfiden birini seçebilir.</Text>
    </Row>
    <Row Tag="LOC_CIVILIZATION_ZANZIBAR_BONUS">
      <Text>[ICON_RESOURCE_CINNAMON] Tarçın ve [ICON_RESOURCE_CLOVES] Karanfil Lüks kaynaklarını alın. Bunlar oyunda başka bir şekilde kazanılamaz ve her biri 6 [ICON_Amenities] Kolaylık sağlar.</Text>
    </Row>
    <!-- Expasion 1 -->
    <Row Tag="LOC_CIVILIZATION_ANTIOCH_FRONTEND_NAME">
      <Text>Venedik</Text>
    </Row>
    <Row Tag="LOC_CIVILIZATION_ANTIOCH_BONUS">
      <Text>Yabancı şehirlere giden [ICON_TradeRoute] Ticaret Yollarınız, varış noktasındaki her Lüks kaynak için +1 [ICON_Gold] Altın kazandırır.</Text>
    </Row>
    <Row Tag="LOC_CIVILIZATION_BABYLON_FRONTEND_NAME">
      <Text>Anshan</Text>
    </Row>
    <Row Tag="LOC_CIVILIZATION_BABYLON_BONUS">
      <Text>Her [ICON_GreatWork_WRITING] Büyük Yazı Eserinden +2 [ICON_SCIENCE] Bilim. Her [ICON_GreatWork_RELIC] Kalıntı ve [ICON_GreatWork_Artifact] Eserden +1 [ICON_SCIENCE] Bilim.</Text>
    </Row>
    <!-- Expasion 1 Overrides -->
    <Row Tag="LOC_CIVILIZATION_CARTHAGE_BONUS_XP1">
      <Text>Kara muharebe birimleri, o şehirdeki her bir Kamp bölgesi binası için [ICON_GOLD] Altın ile %20 daha ucuza satın alınabilir.</Text>
    </Row>
    <Row Tag="LOC_CIVILIZATION_JERUSALEM_BONUS_XP1">
      <Text>Kutsal Alanlara sahip şehirleriniz Kutsal Şehirlermiş gibi baskı uygular (10 karo içindeki tüm şehirler üzerinde 4 kat Din baskısı).</Text>
    </Row>
    <Row Tag="LOC_CIVILIZATION_PRESLAV_BONUS_XP1">
      <Text>Şehirlerde her Kamp bölgesi binası için tur başına +2 Sadakat alırsınız.</Text>
    </Row>
    <Row Tag="LOC_CIVILIZATION_STOCKHOLM_BONUS_XP1">
      <Text>Bina bulunan mıntıkalarınız kendi türlerinde +1 [ICON_GreatPerson] Büyük Kişi puanı sağlar ([ICON_GreatWriter] Büyük Yazar, [ICON_GreatArtist] Büyük Sanatçı ve [ICON_GreatMusician] Büyük Müzisyen bina bulunan Tiyatro Meydanı mıntıkaları için).</Text>
    </Row>
    <Row Tag="LOC_CIVILIZATION_TORONTO_BONUS_XP1">
      <Text>Sanayi Bölgesi, Su Parkı ve Eğlence Kompleksi bölgelerinizden gelen bölgesel etkiler 3 karo daha uzağa ulaşır.</Text>
    </Row>
    <Row Tag="LOC_CIVILIZATION_VILNIUS_BONUS_XP1">
      <Text>En yüksek aktif İttifak Seviyesi için, tüm Tiyatro Meydanı bölgeleriniz +%50 bitişiklik bonusu alır.</Text>
    </Row>
    <!-- Expasion 2 -->
    <Row Tag="LOC_CIVILIZATION_AKKAD_FRONTEND_NAME">
      <Text>Akkad</Text>
    </Row>
    <Row Tag="LOC_CIVILIZATION_AKKAD_BONUS">
      <Text>Yakın dövüş ve anti-süvari birimlerinin saldırıları şehrin Surlarına tam hasar verir.</Text>
    </Row>
    <Row Tag="LOC_CIVILIZATION_BOLOGNA_FRONTEND_NAME">
      <Text>Bologna</Text>
    </Row>
    <Row Tag="LOC_CIVILIZATION_BOLOGNA_BONUS">
      <Text>Bina bulunan mıntıkalarınız kendi türlerinde +1 [ICON_GreatPerson] Büyük Kişi puanı sağlar ([ICON_GreatWriter] Büyük Yazar, [ICON_GreatArtist] Büyük Sanatçı ve [ICON_GreatMusician] Büyük Müzisyen bina bulunan Tiyatro Meydanı mıntıkaları için).</Text>
    </Row>
    <Row Tag="LOC_CIVILIZATION_CAHOKIA_FRONTEND_NAME">
      <Text>Cahokia</Text>
    </Row>
    <Row Tag="LOC_CIVILIZATION_CAHOKIA_BONUS">
      <Text>İnşaatçılarınız artık Cahokia Höyüğü iyileştirmeleri yapabilir.[NEWLINE][NEWLINE]Cahokia Höyüğü +3 [ICON_GOLD] Altın sağlar. Şehirler ilk Cahokia Höyüğü iyileştirmelerinden +1 [ICON_AMENITIES] Amenity alırlar. Doğa Tarihini keşfettikten sonra şehirler ikinci Cahokia Höyüğü iyileştirmelerinden +1 [ICON_AMENITIES] Amenity alırlar. Feodalizm keşfedildiğinde her 2 komşu Bölge için veya Değiştirilebilir Parçalar araştırıldığında her komşu Bölge için +1 [ICON_FOOD] Yiyecek. +1 [ICON_HOUSING] Barınma sağlar. Kültürel Miras keşfedildiğinde ilave bir [ICON_HOUSING] Konut elde edilir. Diğer Cahokia Höyüklerine bitişik inşa edilemez.</Text>
    </Row>
    <Row Tag="LOC_CIVILIZATION_CARDIFF_FRONTEND_NAME">
      <Text>Cardiff</Text>
    </Row>
    <Row Tag="LOC_CIVILIZATION_CARDIFF_BONUS">
      <Text>Şehirler her Liman binası için +2 [ICON_Power] Güç alır.</Text>
    </Row>
    <Row Tag="LOC_CIVILIZATION_FEZ_FRONTEND_NAME">
      <Text>Fez</Text>
    </Row>
    <Row Tag="LOC_CIVILIZATION_FEZ_BONUS">
      <Text>Bir şehri ilk kez dönüştürmek için dini bir birim kullandığınızda, o şehrin [ICON_Citizen] Nüfusu başına 20 [ICON_SCIENCE] Bilim kazanın (Standart Hızda).</Text>
    </Row>
    <Row Tag="LOC_CIVILIZATION_MEXICO_CITY_FRONTEND_NAME">
      <Text>Meksika Şehri</Text>
    </Row>
    <Row Tag="LOC_CIVILIZATION_MEXICO_CITY_BONUS">
      <Text>Sanayi Bölgesi, Su Parkı ve Eğlence Kompleksi bölgelerinizden gelen bölgesel etkiler 3 karo daha uzağa ulaşır.</Text>
    </Row>
    <Row Tag="LOC_CIVILIZATION_NAZCA_FRONTEND_NAME">
      <Text>Nazca</Text>
    </Row>
    <Row Tag="LOC_CIVILIZATION_NAZCA_BONUS">
      <Text>İnşaatçılarınız artık Nazca Hattı iyileştirmeleri yapabilir.[NEWLINE][NEWLINE]Nazca Hatları komşu karolara +1 [ICON_Faith] İnanç sağlar. Bir kaynağa sahip komşu karolara +1 [ICON_Faith] İnanç. +1 [ICON_FOOD] Sivil Hizmet keşfedildikten sonra bitişik Çöl ve Çöl Tepesi karolarına yiyecek. Seri Üretim keşfedildikten sonra bitişik düz karolara +1 [ICON_PRODUCTION] Üretim. +1 İtiraz. Sadece düz Çöl üzerine inşa edilebilir. Bu karo üzerinde çalışılamaz.</Text>
    </Row>
    <Row Tag="LOC_CIVILIZATION_NGAZARGAMU_FRONTEND_NAME">
      <Text>Ngazargamu</Text>
    </Row>
    <Row Tag="LOC_CIVILIZATION_NGAZARGAMU_BONUS">
      <Text>Kara savaşı veya Destek birimleri, o şehirdeki her Kamp bölgesi binası için [ICON_GOLD] Altın ile %20 daha ucuza satın alınır.</Text>
    </Row>
    <Row Tag="LOC_CIVILIZATION_RAPA_NUI_FRONTEND_NAME">
      <Text>Rapa Nui</Text>
    </Row>
    <Row Tag="LOC_CIVILIZATION_RAPA_NUI_BONUS">
      <Text>İnşaatçılarınız artık Moai iyileştirmeleri yapabilir.[NEWLINE][NEWLINE]Moai +1 [ICON_Culture] Kültür sağlar. Bitişik her 2 Moai için +1 [ICON_Culture] Kültür. Volkanik Toprak karesi üzerinde veya bitişiğindeyse +2 [ICON_Culture] Kültür. Bir Kıyı veya Göl karesine bitişikse +1 [ICON_Culture] Kültür. Yurttaşlık ve Teknoloji Ağacında ilerledikçe ilave [ICON_Culture] Kültür ve [ICON_Tourism] Turizm. Ovalar, Ovalar Tepeleri, Otlaklar, Otlak Tepeleri veya Volkanik Toprak üzerine inşa edilebilir. Bir Orman veya Yağmur Ormanı karesine bitişik olarak yerleştirilemez.</Text>
    </Row>
    <!-- Expasion 2 Overrides -->
    <Row Tag="LOC_CIVILIZATION_HATTUSA_BONUS_XP2">
      <Text>Her turda ortaya çıkardığınız ancak geliştirmediğiniz her Stratejik kaynaktan 2 tane sağlar.</Text>
    </Row>
    <Row Tag="LOC_CIVILIZATION_ARMAGH_BONUS_XP2">
      <Text>İnşaatçılarınız artık Manastır iyileştirmeleri yapabilir.[NEWLINE][NEWLINE]Manastırlar +2 [ICON_Faith] İnanç sağlar. Bu karede bulunan ve bu tur saldırmamış dost dini birim için +15 HP iyileştirme. Her 2 komşu Bölge için +1 [ICON_FAITH] İnanç. +1 [ICON_HOUSING] Konut sağlar. Sömürgecilik keşfedildiğinde ek bir [ICON_HOUSING] Konut alın. Başka bir Manastırın yanına inşa edilemez.</Text>
    </Row>
    <Row Tag="LOC_CIVILIZATION_LA_VENTA_BONUS_XP2">
      <Text>İnşaatçılarınız artık Devasa Kafa geliştirmeleri yapabilir.[NEWLINE][NEWLINE]Devasa Kafalar +2 [ICON_Faith] İnanç sağlar. Bitişikteki her 2 Yağmur Ormanı için veya Hümanizm keşfedildikten sonra bitişikteki her Yağmur Ormanı için +1 [ICON_Faith] İnanç. Her 2 bitişik Orman için veya Hümanizm keşfedildikten sonra her bitişik Orman için +1 [ICON_Faith] İnanç. [ICON_TOURISM] Uçuş keşfedildiğinde [ICON_FAITH] İnanç'tan Turizm. Kar veya Kar Tepeleri üzerine inşa edilemez.</Text>
    </Row>
    <Row Tag="LOC_CIVILIZATION_GRANADA_BONUS_XP2">
      <Text>İnşaatçılarınız artık Alcázar iyileştirmeleri yapabilir.[NEWLINE][NEWLINE]Alcázar'lar +2 [ICON_Culture] Kültür sağlar. Karonun Çekiciliğinin %50'sine eşit [ICON_SCIENCE] Bilim sağlar. İşgal eden birim +4 [ICON_Strength] Savunma Gücü alır ve otomatik olarak 2 tur tahkimat kazanır. Uçuş araştırmasından sonra [ICON_TOURISM] Turizm sağlar. Başka bir Alcázar'ın yanına inşa edilemez.</Text>
    </Row>
    <!-- VikingsLandmarks -->
    <Row Tag="LOC_CIVILIZATION_AUCKLAND_FRONTEND_NAME">
      <Text>Auckland</Text>
    </Row>
    <Row Tag="LOC_CIVILIZATION_ANTANANARIVO_FRONTEND_NAME">
      <Text>Antananarivo</Text>
    </Row>
    <Row Tag="LOC_CIVILIZATION_ARMAGH_FRONTEND_NAME">
      <Text>Armagh</Text>
    </Row>
    <Row Tag="LOC_CIVILIZATION_GRANADA_FRONTEND_NAME">
      <Text>Granada</Text>
    </Row>
    <Row Tag="LOC_CIVILIZATION_MUSCAT_FRONTEND_NAME">
      <Text>Muskat</Text>
    </Row>
    <Row Tag="LOC_CIVILIZATION_PALENQUE_FRONTEND_NAME">
      <Text>Mitla</Text>
    </Row>
    <Row Tag="LOC_CIVILIZATION_AUCKLAND_BONUS">
      <Text>Sahip olduğunuz sığ su karoları +1 [ICON_Production] Üretim sağlar. Sanayi çağına ulaştığınızda ilave +1.</Text>
    </Row>
    <Row Tag="LOC_CIVILIZATION_ANTANANARIVO_BONUS">
      <Text>Uygarlığınız şimdiye kadar kazandığı her Büyük Kişi için +%2 [ICON_Culture] Kültür kazanır, toplamda +30%.'a kadar.</Text>
    </Row>
    <Row Tag="LOC_CIVILIZATION_ARMAGH_BONUS">
      <Text>İnşaatçılarınız artık Manastır iyileştirmeleri yapabilir.[NEWLINE][NEWLINE]Manastırlar +2 [ICON_Faith] İnanç sağlar. Bu karede bulunan ve bu tur saldırmamış dost dini birim için +15 HP iyileştirme. Başka bir Manastırın yanına inşa edilemez</Text>
    </Row>
    <Row Tag="LOC_CIVILIZATION_GRANADA_BONUS">
      <Text>İnşaatçılarınız artık Alcázar iyileştirmeleri yapabilir. [NEWLINE][NEWLINE]Alcázar'lar +2 [ICON_Culture] Kültür sağlar. İşgal eden birim +4 [ICON_Strength] Savunma Gücü alır ve otomatik olarak 2 tur tahkimat kazanır. Başka bir Alcázar'ın yanına inşa edilemez.</Text>
    </Row>
    <Row Tag="LOC_CIVILIZATION_MUSCAT_BONUS">
      <Text>+1 [ICON_Amenities] Ticari Merkez bölgesi olan şehirlerde çevre.</Text>
    </Row>
    <Row Tag="LOC_CIVILIZATION_PALENQUE_BONUS">
      <Text>Kampüs bölgesi olan şehirlerde büyüme oranı %15 daha yüksektir.</Text>
    </Row>
    <!-- Babylon -->
    <Row Tag="LOC_CIVILIZATION_AYUTTHAYA_FRONTEND_NAME">
      <Text>Ayutthaya</Text>
    </Row>
    <Row Tag="LOC_CIVILIZATION_AYUTTHAYA_BONUS">
      <Text>Kazanç [ICON_CULTURE] Binaları bitirirken inşaat maliyetinin %10'una eşit kültür.</Text>
    </Row>
    <Row Tag="LOC_CIVILIZATION_CHINGUETTI_FRONTEND_NAME">
      <Text>Chinguetti</Text>
    </Row>
    <Row Tag="LOC_CIVILIZATION_CHINGUETTI_BONUS">
      <Text>Uluslararası ve yerel [ICON_TradeRoute] Ticaret Yolları, bu şehirdeki yerleşik veya çoğunluk dininizin her bir takipçisi için +1 [ICON_FAITH] İnanç alır.</Text>
    </Row>
    <Row Tag="LOC_CIVILIZATION_JOHANNESBURG_FRONTEND_NAME">
      <Text>Johannesburg</Text>
    </Row>
    <Row Tag="LOC_CIVILIZATION_JOHANNESBURG_BONUS">
      <Text>Şehirler her gelişmiş kaynak türü için +1 [ICON_Production] Üretim alır. Sanayileşmeyi araştırdıktan sonra bu +2 [ICON_PRODUCTION] Üretim olur.</Text>
    </Row>
    <Row Tag="LOC_CIVILIZATION_NALANDA_FRONTEND_NAME">
      <Text>Nalanda</Text>
    </Row>
    <Row Tag="LOC_CIVILIZATION_NALANDA_BONUS">
      <Text>İnşaatçılarınız artık Mahavihara iyileştirmeleri yapabilir.[NEWLINE][NEWLINE]+2 [ICON_SCIENCE] Bilim ve +1 [Icon_Housing] Konut. Bitişik her Kutsal Alan bölgesi için +1 [ICON_Faith] İnanç ve bitişik her Kampüs bölgesi için +1 [ICON_Science] Bilim. Bilimsel Teoriyi araştırdıktan sonra, bitişik her Kampüs için ek +1 [Icon_Science] Bilim alırsınız. Bir oyuncu ilk Mahavihara'sını inşa ettiğinde rastgele bir teknoloji alır. Başka bir Mahavihara'ya bitişik olmayan düz bir arazide inşa edilmelidir.</Text>
    </Row>
    <Row Tag="LOC_CIVILIZATION_SAMARKAND_FRONTEND_NAME">
      <Text>Semerkant</Text>
    </Row>
    <Row Tag="LOC_CIVILIZATION_SAMARKAND_BONUS">
      <Text>İnşaatçılarınız artık Ticaret Kubbesi iyileştirmeleri yapabilir. [NEWLINE][NEWLINE]+2 [ICON_GOLD] Altın. Her bitişik Lüks kaynak için +1 [ICON_Gold] Altın. Giden uluslararası [ICON_TradeRoute] Ticaret Yollarınız, başlangıçtaki Ticaret Kubbesi başına +1 [ICON_GOLD] Altın verir. Başka bir Ticaret Kubbesinin yanına inşa edilemez.</Text>
    </Row>
    <Row Tag="LOC_CIVILIZATION_WOLIN_FRONTEND_NAME">
      <Text>Wolin</Text>
    </Row>
    <Row Tag="LOC_CIVILIZATION_WOLIN_BONUS">
      <Text>Bir kara birimi büyük veya küçük bir uygarlığın birimini yendiğinde [ICON_GreatGeneral] Büyük General puanı ve bir deniz birimi büyük veya küçük bir uygarlığın birimini yendiğinde [ICON_GreatAdmiral] karşı birimin gücünün %25'ine eşit Büyük Amiral puanı alır (Standart Hız).</Text>
    </Row>
    <!-- GranColombia Maya -->
    <Row Tag="LOC_CIVILIZATION_CAGUANA_FRONTEND_NAME">
      <Text>Caguana</Text>
    </Row>
    <Row Tag="LOC_CIVILIZATION_CAGUANA_BONUS">
      <Text>İnşaatçılarınız artık Batey iyileştirmeleri yapabilir.[NEWLINE][NEWLINE]+1 [ICON_Culture] Kültür. Her bitişik Bonus kaynak ve Eğlence Kompleksi için +1 [ICON_Culture] Kültür (Keşif keşfedildiğinde +2 [Icon_Culture] Kültüre çıkar). Uçuş araştırıldıktan sonra [Icon_Tourism] Turizm sağlar. Başka bir Batey'e bitişik inşa edilemez.</Text>
    </Row>
    <Row Tag="LOC_CIVILIZATION_HUNZA_FRONTEND_NAME">
      <Text>Hunza</Text>
    </Row>
    <Row Tag="LOC_CIVILIZATION_HUNZA_BONUS">
      <Text>[ICON_TradeRoute] Ticaret Yollarınız kat ettikleri her 5 karo için +1 [ICON_Gold] Altın üretir.</Text>
    </Row>
    <Row Tag="LOC_CIVILIZATION_LAHORE_FRONTEND_NAME">
      <Text>Lahor</Text>
    </Row>
    <Row Tag="LOC_CIVILIZATION_LAHORE_BONUS">
      <Text>Şehirleriniz artık Nihang birimlerini eğitebilir. [NEWLINE] [NEWLINE] [ICON_Faith] İnanç ile satın alınabilen benzersiz bir Terfi ağacına sahip bir birim. [ICON_Strength] Kışla, Cephanelik ve Askeri Akademi binaları ilk inşa edildiğinde Savaş Gücü artar.</Text>
    </Row>
    <Row Tag="LOC_CIVILIZATION_SINGAPORE_FRONTEND_NAME">
      <Text>Singapur</Text>
    </Row>
    <Row Tag="LOC_CIVILIZATION_SINGAPORE_BONUS">
      <Text>Şehirleriniz, [ICON_TradeRoute] Ticaret Yoluna sahip oldukları her yabancı uygarlık için +2 [ICON_Production] Üretim alır.</Text>
    </Row>
    <Row Tag="LOC_CIVILIZATION_TARUGA_FRONTEND_NAME">
      <Text>Taruga</Text>
    </Row>
    <Row Tag="LOC_CIVILIZATION_TARUGA_BONUS">
      <Text>Sahip oldukları her farklı geliştirilmiş Stratejik kaynak için tüm şehirlerde +%5 [ICON_SCIENCE] Bilim.</Text>
    </Row>
    <Row Tag="LOC_CIVILIZATION_VATICAN_CITY_FRONTEND_NAME">
      <Text>Vatikan Şehri</Text>
    </Row>
    <Row Tag="LOC_CIVILIZATION_VATICAN_CITY_BONUS">
      <Text>Bir [ICON_GreatPerson] Yüce Kişiyi etkinleştirdiğinizde, 10 karo içindeki şehirlere sizin kurduğunuz (veya çoğunluk) dinin 400 Dini baskısını yayarlar.</Text>
    </Row>
  </FrontEndText>
</GameData>