﻿<?xml version="1.0" encoding="utf-8" standalone="yes"?>
<GameData xmlns:xsi="http://www.w3.org/2001/XMLSchema-instance">
  <BaseGameText>
    <!-- Sections -->
    <Row Tag="LOC_PEDIA_CONCEPTS_TITLE">
      <Text>Kavramlar</Text>
    </Row>
    <Row Tag="LOC_PEDIA_CIVILIZATIONS_TITLE">
      <Text>Başlıca Medeniyetler</Text>
    </Row>
    <Row Tag="LOC_PEDIA_LEADERS_TITLE">
      <Text>Liderler</Text>
    </Row>
    <Row Tag="LOC_PEDIA_CITYSTATES_TITLE">
      <Text>Şehir Devletleri</Text>
    </Row>
    <Row Tag="LOC_PEDIA_DISTRICTS_TITLE">
      <Text>İlçeler</Text>
    </Row>
    <Row Tag="LOC_PEDIA_BUILDINGS_TITLE">
      <Text>Binalar</Text>
    </Row>
    <Row Tag="LOC_PEDIA_WONDERS_TITLE">
      <Text>Harikalar ve Projeler</Text>
    </Row>
    <Row Tag="LOC_PEDIA_UNITS_TITLE">
      <Text>Birimler</Text>
    </Row>
    <Row Tag="LOC_PEDIA_UNITPROMOTIONS_TITLE">
      <Text>Birim Tanıtımları</Text>
    </Row>
    <Row Tag="LOC_PEDIA_GREATPEOPLE_TITLE">
      <Text>Harika İnsanlar</Text>
    </Row>
    <Row Tag="LOC_PEDIA_TECHNOLOGIES_TITLE">
      <Text>Teknolojileri</Text>
    </Row>
    <Row Tag="LOC_PEDIA_CIVICS_TITLE">
      <Text>Yurttaşlık Bilgisi</Text>
    </Row>
    <Row Tag="LOC_PEDIA_GOVERNMENTS_TITLE">
      <Text>Hükümetler ve Politikalar</Text>
    </Row>
    <Row Tag="LOC_PEDIA_RELIGIONS_TITLE">
      <Text>Dinler</Text>
    </Row>
    <Row Tag="LOC_PEDIA_FEATURES_TITLE">
      <Text>Araziler ve Özellikler</Text>
    </Row>
    <Row Tag="LOC_PEDIA_RESOURCES_TITLE">
      <Text>Kaynaklar</Text>
    </Row>
    <Row Tag="LOC_PEDIA_IMPROVEMENTS_TITLE">
      <Text>İyileştirmeler ve Güzergahlar</Text>
    </Row>
    <!-- Common page text -->
    <Row Tag="LOC_PEDIA_PAGE_INTRO_TITLE">
      <Text>Giriş</Text>
    </Row>
    <Row Tag="LOC_PEDIA_CONCEPTS_PAGE_INTRO_TITLE">
      <Text>Temel Kavramlar</Text>
    </Row>
    <Row Tag="LOC_PEDIA_CONCEPTS_GETTING_STARTED_TITLE">
      <Text>Başlarken</Text>
    </Row>
    <Row Tag="LOC_PEDIA_PAGE_CHAPTER_HISTORY_TITLE">
      <Text>Tarihsel Bağlam</Text>
    </Row>
    <Row Tag="LOC_PEDIA_PAGE_CHAPTER_CAPSULE_TITLE">
      <Text>Özet</Text>
    </Row>
    <Row Tag="LOC_PEDIA_PAGE_CHAPTER_DETAILED_TITLE">
      <Text>Detaylı Yaklaşım</Text>
    </Row>
    <!-- Common chapter header -->
    <Row Tag="LOC_PEDIA_PAGE_CHAPTER_INTRO_TITLE">
      <Text>Giriş</Text>
    </Row>
    <!-- Page group text>-->
    <Row Tag="LOC_PEDIA_CITYSTATES_PAGEGROUP_CULTURAL_NAME">
      <Text>Kültürel</Text>
    </Row>
    <Row Tag="LOC_PEDIA_CITYSTATES_PAGEGROUP_INDUSTRIAL_NAME">
      <Text>Endüstriyel</Text>
    </Row>
    <Row Tag="LOC_PEDIA_CITYSTATES_PAGEGROUP_MILITARISTIC_NAME">
      <Text>Militarist</Text>
    </Row>
    <Row Tag="LOC_PEDIA_CITYSTATES_PAGEGROUP_RELIGIOUS_NAME">
      <Text>Dini</Text>
    </Row>
    <Row Tag="LOC_PEDIA_CITYSTATES_PAGEGROUP_SCIENTIFIC_NAME">
      <Text>Bilimsel</Text>
    </Row>
    <Row Tag="LOC_PEDIA_CITYSTATES_PAGEGROUP_TRADE_NAME">
      <Text>Ticaret</Text>
    </Row>
    <Row Tag="LOC_PEDIA_FEATURES_PAGEGROUP_TERRAINS_NAME">
      <Text>Araziler</Text>
    </Row>
    <Row Tag="LOC_PEDIA_FEATURES_PAGEGROUP_FEATURES_NAME">
      <Text>Özellikler</Text>
    </Row>
    <Row Tag="LOC_PEDIA_FEATURES_PAGEGROUP_NATURAL_WONDERS_NAME">
      <Text>Doğa Harikaları</Text>
    </Row>
    <Row Tag="LOC_PEDIA_GOVERNMENTS_PAGEGROUP_GOVERNMENTS_NAME">
      <Text>Hükümetler</Text>
    </Row>
    <Row Tag="LOC_PEDIA_GOVERNMENTS_PAGEGROUP_MILITARY_POLICIES_NAME">
      <Text>Askeri Politikalar</Text>
    </Row>
    <Row Tag="LOC_PEDIA_GOVERNMENTS_PAGEGROUP_ECONOMIC_POLICES_NAME">
      <Text>Ekonomi Politikaları</Text>
    </Row>
    <Row Tag="LOC_PEDIA_GOVERNMENTS_PAGEGROUP_DIPLOMATIC_POLICIES_NAME">
      <Text>Diplomatik Politikalar</Text>
    </Row>
    <Row Tag="LOC_PEDIA_GOVERNMENTS_PAGEGROUP_GREATPEOPLE_POLICIES_NAME">
      <Text>Harika İnsan Politikaları</Text>
    </Row>
    <Row Tag="LOC_PEDIA_GOVERNMENTS_PAGEGROUP_WILDCARD_POLICIES_NAME">
      <Text>Wildcard Politikaları</Text>
    </Row>
    <Row Tag="LOC_PEDIA_IMPROVEMENTS_PAGEGROUP_IMPROVEMENTS_NAME">
      <Text>İyileştirmeler</Text>
    </Row>
    <Row Tag="LOC_PEDIA_IMPROVEMENTS_PAGEGROUP_ROUTES_NAME">
      <Text>Rotalar</Text>
    </Row>
    <Row Tag="LOC_PEDIA_RELIGIONS_PAGEGROUP_RELIGIONS_NAME">
      <Text>Tarihi Dinler</Text>
    </Row>
    <Row Tag="LOC_PEDIA_RELIGIONS_PAGEGROUP_PANTHEON_BELIEFS_NAME">
      <Text>Pantheon İnançları</Text>
    </Row>
    <Row Tag="LOC_PEDIA_RELIGIONS_PAGEGROUP_WORSHIP_BELIEFS_NAME">
      <Text>İbadet İnançları</Text>
    </Row>
    <Row Tag="LOC_PEDIA_RELIGIONS_PAGEGROUP_FOLLOWER_BELIEFS_NAME">
      <Text>Takipçi İnançları</Text>
    </Row>
    <Row Tag="LOC_PEDIA_RELIGIONS_PAGEGROUP_FOUNDER_BELIEFS_NAME">
      <Text>Kurucu İnançları</Text>
    </Row>
    <Row Tag="LOC_PEDIA_RELIGIONS_PAGEGROUP_ENHANCER_BELIEFS_NAME">
      <Text>Güçlendirici İnançlar</Text>
    </Row>
    <Row Tag="LOC_PEDIA_RESOURCES_PAGEGROUP_BONUS_NAME">
      <Text>Bonus</Text>
    </Row>
    <Row Tag="LOC_PEDIA_RESOURCES_PAGEGROUP_LUXURY_NAME">
      <Text>Lüks</Text>
    </Row>
    <Row Tag="LOC_PEDIA_RESOURCES_PAGEGROUP_STRATEGIC_NAME">
      <Text>Stratejik</Text>
    </Row>
    <Row Tag="LOC_PEDIA_RESOURCES_PAGEGROUP_ARTIFACT_NAME">
      <Text>Artefakt</Text>
    </Row>
    <Row Tag="LOC_PEDIA_WONDERS_PAGEGROUP_WONDERS_NAME">
      <Text>Harikalar</Text>
    </Row>
    <Row Tag="LOC_PEDIA_WONDERS_PAGEGROUP_PROJECTS_NAME">
      <Text>Projeler</Text>
    </Row>
    <Row Tag="LOC_PEDIA_UNITPROMOTIONS_PAGEGROUP_UNIT_ABILITIES_NAME">
      <Text>Birim Yetenekleri</Text>
    </Row>
  </BaseGameText>
</GameData>