﻿<?xml version="1.0" encoding="utf-8" standalone="yes"?>
<!-- edited with XMLSPY v2004 rel. 2 U (http://www.xmlspy.com) by Anton Strenger (Firaxis Games) -->
<GameData xmlns:xsi="http://www.w3.org/2001/XMLSchema-instance">
  <BaseGameText>
    <Row Tag="LOC_PEDIA_CITYSTATES_PAGE_INTRO_CHAPTER_CONTENT_PARA_1">
      <Text>Şehir devletleri, oyunu kazanamayan ancak bir medeniyetin zafere doğru ilerlemesine büyük ölçüde yardımcı olabilecek veya engelleyebilecek daha küçük siyasi oluşumlardır. Bu şehir devletleriyle başa çıkmak için birkaç seçenek vardır. Onlarla dost olabilir ve bir dizi önemli avantaj elde edebilirsiniz, onları görmezden gelebilirsiniz veya onları fethedebilirsiniz.</Text>
    </Row>
    <Row Tag="LOC_PEDIA_CITYSTATES_PAGE_CHAPTER_HISTORY_TITLE">
      <Text>Tarihsel Bağlam</Text>
    </Row>
    <Row Tag="LOC_PEDIA_CITYSTATES_PAGE_CIVILIZATION_AMSTERDAM_CHAPTER_HISTORY_PARA_1">
      <Text>Hollanda'nın başkenti Amsterdam'ın orijinal adı olan Amstelredamme, MS 12. yüzyılda Amstel Nehri üzerindeki bir barajın yakınında kurulmuş küçük bir balıkçı köyüydü. Köy sakinleri kısa süre sonra yakındaki köprülerden geçiş ücretlerinden ve çevredeki çamurdan turba kazarak daha fazla para kazanabileceklerini anladılar - istemeden de olsa kasabanın etrafındaki polderin ıslahına başladılar. Amsterdam'a 1300 yılı civarında Hollanda ve Zeeland Kontu tarafından şehir hakları verildi. Hollandalılar Katolik İspanya yönetimine karşı ayaklandığında, İspanya'nın kontrolündeki bölgelerden ekonomik ve dini mülteciler (o sinsi Protestanlar) Amsterdam'a akın etti. Kısa süre içinde özgür Hollanda'nın en büyük şehri ve aynı zamanda gelişen bir liman oldu.</Text>
    </Row>
    <Row Tag="LOC_PEDIA_CITYSTATES_PAGE_CIVILIZATION_AMSTERDAM_CHAPTER_HISTORY_PARA_2">
      <Text>17. Yüzyıl boyunca Amsterdam dünyanın en zengin şehri oldu... en azından İngiliz-Hollanda Savaşları'nda İngilizler Hollanda'yı yenene ve Napolyon Savaşları sırasında Napolyon ülkeyi ele geçirene kadar. Ancak şehir hala Hollandalı tüccarların Kuzey Amerika, Afrika, Uzak Doğu ve tüm Avrupa'ya yelken açarak dünyanın dört bir yanında ticaret yaptığı "Altın Çağı "nın hayalini kuruyor. Burası büyük sanatın merkeziydi, çünkü sanatçılar kolay paraya yönelme eğilimindeydi. 1602 yılında Hollanda Doğu Hint Adaları Şirketi'nin Amsterdam ofisleri, kendi hisseleriyle ticaret yaparak dünyanın ilk borsası haline geldi.</Text>
    </Row>
    <Row Tag="LOC_PEDIA_CITYSTATES_PAGE_CIVILIZATION_AMSTERDAM_CHAPTER_HISTORY_PARA_3">
      <Text>Şehir, 1800'lü yıllardaki sıkıntıların ardından büyük bir liman olma konumunu nihayetinde geri kazanmıştır. Amsterdam-Rhine Kanalı ve Kuzey Denizi Kanalı ticareti önemli ölçüde geliştirdiğinden ve erken bir tren istasyonu orta Avrupa'dan malları rıhtımlarına getirdiğinden, Sanayi Devrimi Amsterdam'a erken geldi. İkinci Dünya Savaşı'nın etkilerine rağmen (Hollanda Birinci Dünya Savaşı'ndan kaçınmayı başarmıştır) Amsterdam, yaklaşık 1,5 milyon kişiye (metropol alanı) ev sahipliği yapan dünyanın en büyük ticaret merkezlerinden biri olmaya devam etmektedir.</Text>
    </Row>
    <Row Tag="LOC_PEDIA_CITYSTATES_PAGE_CIVILIZATION_BRUSSELS_CHAPTER_HISTORY_PARA_1">
      <Text>Brüksel, MS 979 yılında Lorraine'li Charles'ın küçük bir Katolik şapeli ve kasabasının etrafına ilk surları inşa etmesiyle Senne Nehri kıyısında kurulmuştur. Şehir nehir boyunca alçakta uzanıyordu ve sık sık sular altında kalıyordu, bu da ona Hollandaca Broeksel, yani "bataklıktaki ev" adını verdi. Kent sakinleri yüzyıllar boyunca bunu unutturmaya çalışmış ve kenti "yeni Avrupa "da bir sanayi merkezi haline getirmeye odaklanmışlardır. Şehrin 11. ve 14. yüzyıllar arasında inşa edilen ve genişletilen geniş surları, o dönem için nadir görülen bir büyüme, genişleme ve göreceli güvenlik dönemine olanak sağlamıştır.</Text>
    </Row>
    <Row Tag="LOC_PEDIA_CITYSTATES_PAGE_CIVILIZATION_BRUSSELS_CHAPTER_HISTORY_PARA_2">
      <Text>Yaklaşık iki yüz yıl boyunca şehir bir hükümdardan diğerine geçti... az ya da çok barış içinde. Bu durum 1695 yılında Fransa Kralı 14. Louis'nin Brüksel'e asker göndermesi ve şehri top ateşine tutarak Grand Place'i ve şehrin neredeyse üçte birini yerle bir etmesiyle aniden sona erdi. Bu, en azından kültürel açıdan, Belçika'ya zorla "Fransızlaştırma" getirdi.</Text>
    </Row>
    <Row Tag="LOC_PEDIA_CITYSTATES_PAGE_CIVILIZATION_BRUSSELS_CHAPTER_HISTORY_PARA_3">
      <Text>Böylece, kaçınılmaz olarak, 1830'da o zamanki Hollanda Krallığı'nın Fransızca konuşulan güney eyaletleri "Belçika Devrimi" ile Felemenkçe konuşulan eyaletlerden ayrıldı ve çatışma büyük ölçüde Brüksel'de gerçekleşti. Belçika'nın bağımsızlığını kazanmasının ardından yeni kral I. Leopold, başkentinde yeni inşaatlara ve daha modern binalara yer açmak için eski şehir surlarını yıkmaya başladı. Bir zamanlar şehrin can damarı olan Senne artık açık bir kanalizasyona dönüşmüştü ve bu nedenle 1867 ile 1871 yılları arasında üzeri kapatıldı.</Text>
    </Row>
    <Row Tag="LOC_PEDIA_CITYSTATES_PAGE_CIVILIZATION_BRUSSELS_CHAPTER_HISTORY_PARA_4">
      <Text>Brüksel, stratejik öneminin olmaması, Alman işgalcilerin dikkatsizliği ve sakinlerinin genel pasifliği nedeniyle iki dünya savaşından nispeten zarar görmeden kurtulmuştur. Belki de kenti günümüzün uluslararası ticaret merkezi, Avrupa Birliği'nin fiili başkenti ve NATO'nun karargâhı haline getiren şey bu - ya da önemli bir ulaşım merkezi olması - olmuştur.</Text>
    </Row>
    <Row Tag="LOC_PEDIA_CITYSTATES_PAGE_CIVILIZATION_BUENOS_AIRES_CHAPTER_HISTORY_PARA_1">
      <Text>Río de la Plata boyunca kuzeyden güneye uzanan canlı bir şehir olan Buenos Aires, kuruluşundan bu yana Arjantin'e açılan kapı olmuştur. Buenos Aires'in çok uluslu vatandaşlarının kendilerini adlandırdıkları şekliyle Porteños, İspanyol, Portekiz, İtalyan, Alman, İrlandalı, Polonyalı, Yahudi ve yerli etkilerden oluşan ayrıntılı ve zengin bir kültürel kimliğe sahiptir; şehir genellikle "Güney Amerika'nın Paris'i" olarak anılır. Yaşam tarzı ve mimarisi, güney yarımküredeki diğer tüm şehirlerden daha belirgin bir şekilde Avrupalıdır. Fiziksel düzeni, insanları, mutfağı ve müziği kadar çeşitli bir mozaiktir. Buenos Aires, şaşırtıcı olmayan bir şekilde, Güney Amerika'da en çok ziyaret edilen şehirdir (Rio de Janeiro'nun bile önünde).</Text>
    </Row>
    <Row Tag="LOC_PEDIA_CITYSTATES_PAGE_CIVILIZATION_BUENOS_AIRES_CHAPTER_HISTORY_PARA_2">
      <Text>Şehir, MS 1536 yılında bir İspanyol keşif heyeti tarafından Ciudad de Nuestra Señora Santa María del Buen Ayre ("Adil Rüzgarların Meryem Ana Şehri") olarak kurulmuştur. Arjantin 1816 yılında bağımsızlığını kazandığında, bu kozmopolit şehir başkent olmuştur. 1880-1940 yılları arasında Buenos Aires, Avrupa'nın çeşitli ülkelerindeki siyasi, dini, ideolojik ve sanatsal zulümden kaçanlar için bir sığınak olmuştur. Aç İrlandalılardan dindar Yahudilere ve Çarlık döneminden sağ kurtulanlara kadar her göçmen dalgası kendi geleneklerini ve yeteneklerini de katarak şehri herhangi bir dünya başkentinin kültürel rakibi haline getirdi.</Text>
    </Row>
    <Row Tag="LOC_PEDIA_CITYSTATES_PAGE_CIVILIZATION_BUENOS_AIRES_CHAPTER_HISTORY_PARA_3">
      <Text>Tüm sanat ve kültürün yanı sıra Buenos Aires, kent ekonomisinin %16'sını oluşturan ağır sanayi ile birinci dereceden bir üretim merkezidir. Çoğunlukla kentsel yayılmanın güney kesiminde yoğunlaşan fabrikalar tekstil, kimyasal madde, otomobil, içecek ve petrol ürünleri üretmektedir. Ayrıca Arjantin'in et, süt, tütün, tahıl ve yün gibi zengin tarımsal ürünlerinin ihracat merkezi olarak da hizmet vermektedir. Buenos Aires artık sadece tangodan ibaret değil.</Text>
    </Row>
    <Row Tag="LOC_PEDIA_CITYSTATES_PAGE_CIVILIZATION_CARTHAGE_CHAPTER_HISTORY_PARA_1">
      <Text>Romalı Publius Scipio Africanus Üçüncü Pön Savaşı'nı sona erdirmek için Kartaca'yı yerle bir edip toprağı tuzlayana kadar (efsaneye göre) Kartaca antik çağın en büyük şehirlerinden biriydi. Tunus Körfezi kıyısındaki doğuşu da bir o kadar efsanevidir ve efsanevi ilk kraliçesi Dido'nun ellerinden çıkmıştır. Daha açık bir ifadeyle, aslında MÖ birinci binyılda kurulan bir Fenike kolonisinden doğmuştur.</Text>
    </Row>
    <Row Tag="LOC_PEDIA_CITYSTATES_PAGE_CIVILIZATION_CARTHAGE_CHAPTER_HISTORY_PARA_2">
      <Text>Afrika'nın kuzey kıyısında ideal bir konuma sahip olan Kartaca, sonraki birkaç yüzyıl boyunca Akdeniz'de giderek daha önemli bir ticaret merkezi haline geldi. Ancak bu başarı sonuçsuz kalmadı; Kartaca sonunda hem Yunanistan'ın hem de Roma'nın öfkesini üzerine çekti ve bu korkutucu rakiplerle yaşanan çatışmalar giderek daha efsanevi bir hal aldı.</Text>
    </Row>
    <Row Tag="LOC_PEDIA_CITYSTATES_PAGE_CIVILIZATION_CARTHAGE_CHAPTER_HISTORY_PARA_3">
      <Text>Sicilya şehirlerinin ve iç içe geçmiş ticaret yollarının kontrolü konusunda Yunanistan'la yaşanan gerilim, Sicilya Savaşları olarak adlandırılan bir dizi çatışmaya yol açmıştır. Hamilcar Mago ve torunu Hannibal Mago gibi dönemin en büyük generallerinden bazılarıyla kutsanan Kartaca, MÖ 3. yüzyıla gelindiğinde ada üzerinde tam bir hakimiyet kurmuştur. Devam eden bu çatışmalar sırasında Roma, gücünü tüm İtalya'ya yaymak için harekete geçti.</Text>
    </Row>
    <Row Tag="LOC_PEDIA_CITYSTATES_PAGE_CIVILIZATION_CARTHAGE_CHAPTER_HISTORY_PARA_4">
      <Text>Pyrrhic Savaşı'nın sona ermesinden kısa bir süre sonra, genişleyen Roma'nın devam eden baskısı Kartaca'nın öfkesini çekti ve iki rakip toprak ve ticaretin kontrolü için savaştı. Günümüzde Pön Savaşları olarak bilinen ve giderek tırmanan bir dizi çatışma, MÖ 264 yılında her iki gücün de Sicilya şehri Messina'nın kontrolü için yerel bir kavgaya karışmasıyla patlak verdi. Başta Hannibal ve diğer yetenekli liderler sayesinde M.Ö. 146 yılına kadar dayanabilen kuşatılmış Kartaca sonunda teslim olmak zorunda kaldı. Şehrin kendisi yakılıp yıkıldı ve kalan nüfusun çoğu katledildi, hayatta kalanlar köle olarak satıldı.</Text>
    </Row>
    <Row Tag="LOC_PEDIA_CITYSTATES_PAGE_CIVILIZATION_GENEVA_CHAPTER_HISTORY_PARA_1">
      <Text>Başlangıçta bir grup Paleolitik göçebe tarafından güzel bir göle bakan bir tepeye yerleştirilen Cenevre, M.Ö. 121'de Romalılar tarafından alınmadan önce, M.Ö. 500'lerde Keltlerin müstahkem bir kasabası haline gelmiştir. Şehrin mülkiyeti, MS 1033 yılında Almanların eline geçene kadar savaşan komşu devletler arasında gidip gelmeye devam etti. Bu tarihten itibaren Cenevre önemli bir dini merkez haline gelmiş ve şehrin piskoposu, toprak sahibi bir prens olarak Kutsal Roma İmparatoru'nun doğrudan vassalı olmuştur.</Text>
    </Row>
    <Row Tag="LOC_PEDIA_CITYSTATES_PAGE_CIVILIZATION_GENEVA_CHAPTER_HISTORY_PARA_2">
      <Text>Kilise ve devlet ayrımı çok kesin olmadığından, Cenevre'de iktidar sonraki beş yüzyıl boyunca Savoy dükleri ve Katolik papalar arasında çekişmeye sahne oldu. Son yönetici piskopos 1533'te şehirden kaçtığında, Cenevre halkı hem Katoliklerden hem de Savoylardan kurtulmak için riskli bir hamle yaptı - şehir Protestan Bern eyaleti ile ittifak kurdu ve 1536'da Cenevre'yi Protestan egemenliği ilan etti. Nüfusun bir kısmı 17. Yüzyılın başlarında Katolikliğe geri dönmüş olsa da, Cenevre yıllarca Protestan inancının kalesi olarak kaldı.</Text>
    </Row>
    <Row Tag="LOC_PEDIA_CITYSTATES_PAGE_CIVILIZATION_GENEVA_CHAPTER_HISTORY_PARA_3">
      <Text>Zaman içinde Cenevre bilimsel öğrenim ve araştırma merkezi haline geldi. John Calvin 1559 yılında "hümanist" bir seminer olarak Cenevre Akademisini (daha sonra Cenevre Üniversitesi) kurdu. Kısa süre içinde, öncü jeolog Jean-Andre Deluc, fizikçi Firmin Abauzit ve doğa bilimci Francois Huber gibi çeşitli bilim insanları geldi ve ilginç şeyler keşfetti. 1909 yılında buradaki üniversite Albert Einstein'a fahri doktoralarının ilkini verdi. Daha yakın zamanlarda Cenevre, Werner Arber'e (1978 Nobel Tıp Ödülü) ve şehrin kuzeybatı banliyösünde bulunan CERN'in ilk direktörü Felix Bloch'a ev sahipliği yapmıştır. Şehirden sızan tüm bu bilimsel ilerlemenin anısına Cenevre'de Musée d'Histoire des Sciences bile bulunmaktadır.</Text>
    </Row>
    <Row Tag="LOC_PEDIA_CITYSTATES_PAGE_CIVILIZATION_HATTUSA_CHAPTER_HISTORY_PARA_1">
      <Text>Bir zamanlar güçlü Hitit İmparatorluğu'nun başkenti olan Hattuşa, UNESCO'nun Dünya Mirası listesine eklenmiş olmasına rağmen artık sadece güneşin kavurduğu harabelerden ibarettir. Hattiler, M.Ö. 2000'den bir süre önce, Büyükkale sırtlarında bulunan ve savunulabilirliği dışında pek bir özelliği olmayan tarih öncesi terk edilmiş bir yerleşim yerinin üzerine inşa etmeye karar vermişlerdir. MÖ 19. ve 18. yüzyıllarda Asurlu tüccarlar kentte bir ticaret merkezi kurmuş ve çivi yazısını tanıtmışlardır. Bir yüzyıl sonra Kral Anitta kenti yerle bir etti ve ardından bir kayanın üzerine "Benden sonra kim kral olursa Hattuşaş'ı yeniden kursun, Gökyüzünün Fırtına Tanrısı onu çarpsın" yazarak lanetledi.</Text>
    </Row>
    <Row Tag="LOC_PEDIA_CITYSTATES_PAGE_CIVILIZATION_HATTUSA_CHAPTER_HISTORY_PARA_2">
      <Text>Sadece bir nesil sonra, bir Hitit kralının yeni sarayı ve başkenti için burayı seçmesiyle laneti göz ardı edildi. Bu, 27'sinin adı hâlâ bilinen Hitit "büyük krallar" silsilesinin başlangıcı oldu. Hattuşa, imparatorluğun öğrenim, din ve siyaset merkezi haline geldi; en parlak döneminde şehir 1,8 kilometrekarelik bir alanı kaplıyordu ve MÖ 1333'te Suppiluliuma döneminde inşa edilen devasa surlarla çevriliydi. Güney kesiminde, kerpiç evler ve dükkânlarla çevrili, taştan inşa edilmiş dört büyük tapınak yer alıyordu. O dönemde Hattuşa'da yaklaşık 40 ila 50 bin kişi yaşıyordu.</Text>
    </Row>
    <Row Tag="LOC_PEDIA_CITYSTATES_PAGE_CIVILIZATION_HATTUSA_CHAPTER_HISTORY_PARA_3">
      <Text>Kesin olarak bilinmemekle birlikte, Hattuşa muhtemelen Hititler tarafından gerçekleştirilen birçok teknolojik ilerlemenin yapıldığı yerdi. Demirle çalıştıkları, daha iyi silahlar ve aletler dövdükleri bilinen ilk topluluktur. Hititler iki atlı savaş arabalarını ilk geliştirenlerdi ve demir kenarlı tekerlekleri (kayalık yollar için oldukça iyi) kullandılar. Çiftçiler sulamayı geliştirdi, ekinleri dönüşümlü olarak ekti ve bir dizi tarım aleti icat etti. Ancak sonuçta tüm bunların pek bir faydası olmadı; kanıtlar şehrin tüm Hitit İmparatorluğu ile birlikte MÖ 1200 civarında yıkıldığını gösteriyor.</Text>
    </Row>
    <Row Tag="LOC_PEDIA_CITYSTATES_PAGE_CIVILIZATION_HONG_KONG_CHAPTER_HISTORY_PARA_1">
      <Text>En gerçek haliyle 99 yıldır bir şehir devleti olan Hong Kong ("Güzel Kokulu Liman" anlamına gelmektedir) Çin kıyılarında büyük bir limandır. Şu anda yedi milyondan fazla sakine ev sahipliği yapan Hong Kong adası ve anakara bölgesi, bir zamanlar yabancı tüccarlar tarafından inşa edilenler de dahil olmak üzere çok sayıda küçük yerleşim yeriydi. Aslında, Hong Kong'un var olmasının tek nedeni ticaret ve ticarettir.</Text>
    </Row>
    <Row Tag="LOC_PEDIA_CITYSTATES_PAGE_CIVILIZATION_HONG_KONG_CHAPTER_HISTORY_PARA_2">
      <Text>Jin Hanedanlığı döneminde adadaki köy, korunaklı limanı ve yakınlardaki tuz üretimi sayesinde bölgesel bir ticaret merkezine dönüşmüştür. 300 yıllık Tang hanedanlığı döneminde Hong Kong uluslararası bir liman olarak gelişti; Tuen Mun bölgesi önemli bir deniz üssü haline geldi. MS 1513'te Portekizli Jorge Álvares geldi ve Avrupa ile ticareti başlattı. Ancak Ming hanedanının Haijin fermanı (kapalı kapı politikası) altında şehir sönmeye başladı. Ta ki İngilizler (ağır) bir el atana kadar.</Text>
    </Row>
    <Row Tag="LOC_PEDIA_CITYSTATES_PAGE_CIVILIZATION_HONG_KONG_CHAPTER_HISTORY_PARA_3">
      <Text>Çin'in Qing Hanedanlığı döneminde, 19. yüzyılda İngiltere ile ilişkiler, Hindistan'dan Çin'e afyon ithalatı konusunda artan endişeler nedeniyle bozuldu. İngiltere, Çin'den giderek daha pahalı hale gelen çay ticaretini, Hindistan'dan Çin'e giderek daha fazla miktarda afyon ihraç ederek dengelemeyi umuyordu. Ancak Qing yöneticileri buna karşı çıktı ve gelen afyon sevkiyatlarına el koymaya çalışarak 1839'da Afyon Savaşlarını başlattı.</Text>
    </Row>
    <Row Tag="LOC_PEDIA_CITYSTATES_PAGE_CIVILIZATION_HONG_KONG_CHAPTER_HISTORY_PARA_4">
      <Text>Uzun yıllar süren çatışmaların ardından Nanking Antlaşması, Birleşik Krallık'a Hong Kong'un 99 yıllık kiralanması da dahil olmak üzere çeşitli ganimetler sağlamıştır. Bir asır boyunca İngiliz kolonisi olarak gelişen Hong Kong, nihayet 1997 yılında barışçıl bir iktidar devrinin ardından Çin'e iade edildi. Halk Cumhuriyeti'nin açık komünizmine rağmen Hong Kong, serbest ticareti destekleyen yarı özerk bir yönetim sistemini sürdürmekte ve şehir medeniyetin finans merkezlerinden biri olmaya devam etmektedir.</Text>
    </Row>
    <Row Tag="LOC_PEDIA_CITYSTATES_PAGE_CIVILIZATION_JAKARTA_CHAPTER_HISTORY_PARA_1">
      <Text>Kampong Ayer'deki su köyü bir zamanlar bir gezgin tarafından 'Doğu'nun Venedik'i' olarak tanımlanmıştır. Bu başkent 16. yüzyıldan beri Brunei Sultanlığı'nın kalbi olmuştur.</Text>
    </Row>
    <Row Tag="LOC_PEDIA_CITYSTATES_PAGE_CIVILIZATION_JAKARTA_CHAPTER_HISTORY_PARA_2">
      <Text>Brunei Nehri'nin kuzey kıyısında yer alan Bandar Brunei'nin tarihi, MS Sekizinci Yüzyılda bölgedeki ilk Malay yerleşimcilere kadar uzanmaktadır. Bu, 1500'lerde Sultanlık altında müreffeh bir liman haline gelmeden önce ve tüm o korsanlardan kurtulduktan sonra olacaktı. Kota Batu ve daha sonra Kampong Ayer'i oluşturan 42 köyün ardından (daha sonra dahil olacak) Brunei'nin üçüncü başkenti olacaktı. Bir mücevher olmanın dezavantajı, herkesin sizin için savaşmak istemesidir; modern çağda Bandar Brunei, müreffeh, bağımsız bir petrol merkezi haline gelmeden önce İkinci Dünya Savaşı sırasında tartışmalı bir bölge haline gelecektir.</Text>
    </Row>
    <Row Tag="LOC_PEDIA_CITYSTATES_PAGE_CIVILIZATION_JERUSALEM_CHAPTER_HISTORY_PARA_1">
      <Text>Eski şehrin bazı bölümlerinin 6000 yıl önce inşa edilmiş olmasıyla Kudüs, dünyanın hâlâ ayakta duran en eski şehirlerinden biridir. Çalkantılı tarihi boyunca Kudüs pek çok kez saldırıya uğramış, hırslı imparatorluklar ve din savaşçıları şehrin kontrolünü birbirlerinden almak için binlerce kişiyi öldürmüşlerdir.</Text>
    </Row>
    <Row Tag="LOC_PEDIA_CITYSTATES_PAGE_CIVILIZATION_JERUSALEM_CHAPTER_HISTORY_PARA_2">
      <Text>Kudüs'teki en eski mahalleler olan "Davut Şehri "nin efsanevi kral tarafından MÖ birinci binyılda inşa edildiği söylenmektedir. Bunu takip eden yüzyıllar boyunca, bir dizi kral, rahip ve peygamber yönetiminde yaşayan göçmenler ve mülteciler şehri genişletmek için çalışmışlardır. İslam halifeleri MS 7. yüzyılda iktidara gelip 638 yılında Allah adına şehri ele geçirdiklerinde Kudüs Makedonya, Roma ve Bizans imparatorlukları tarafından çoktan istila edilmişti.</Text>
    </Row>
    <Row Tag="LOC_PEDIA_CITYSTATES_PAGE_CIVILIZATION_JERUSALEM_CHAPTER_HISTORY_PARA_3">
      <Text>Şehrin mevcut yönetiminden memnun olmayan Papa Urban II, 1095 yılında Hıristiyan şövalyeleri Kudüs'ü kılıçla özgürleştirmeye çağırdı. Bunun ardından iki yüz yıl boyunca kan döküldü. Sonunda Araplar (bir süreliğine kaybetmiş olsalar da) şehri yönetmeye devam etti. Onları da Osmanlılar, İngilizler ve Ürdünlüler takip etti.</Text>
    </Row>
    <Row Tag="LOC_PEDIA_CITYSTATES_PAGE_CIVILIZATION_JERUSALEM_CHAPTER_HISTORY_PARA_4">
      <Text>Geçtiğimiz yüzyıl, İsrail Yahudi devletinin kurulması ve 1967'deki Altı Gün Savaşı'nın ardından şehrin tamamını ilhak etmesinin ardından Kudüs'ün hüzünlü tarihinin tartışmasız en tartışmalı yüzyılı olmuştur.</Text>
    </Row>
    <Row Tag="LOC_PEDIA_CITYSTATES_PAGE_CIVILIZATION_KABUL_CHAPTER_HISTORY_PARA_1">
      <Text>Abed Rahmani, Afgan dostlarına "Bir yağmur gibi birlik olun; bir okyanus gibi güçlü olun" diye yazmıştı. Afganistan'ın en büyük şehri olan Kabil'in halkı, kendine özgü kültür ve kimliklerini korumak için tekrarlanan emperyal istilaları atlatarak bunu başardı denebilir. Hindukuş'ta bir vadiye sıkışmış olan Kabil, güney ve orta Asya arasındaki güzergahta, Hayber Geçidi'ne yaklaşımı kontrol eden stratejik bir konuma sahiptir. Ve yüzyıllardır işgalcilere karşı direnme tecrübesine sahip olduğundan, tüm bu zaman boyunca şiddetli savaşçılar üretmiştir. Yabancılarla savaşmadıkları zamanlarda tepe kabileleri birbirleriyle savaşmaktan mutluluk duyarlardı.</Text>
    </Row>
    <Row Tag="LOC_PEDIA_CITYSTATES_PAGE_CIVILIZATION_KABUL_CHAPTER_HISTORY_PARA_2">
      <Text>Kabil 3500 yıldan daha eskidir ama nadiren özgürdür. Hindu Rigveda burayı ideal bir şehir, "dağlarda kurulmuş bir cennet vizyonu" olarak övmüştür. Ahameniş Dönemi'nin sonlarında şehir Zerdüştlük için bir merkez haline geldi. Sonraki bir düzine yüzyıl boyunca çok sayıda krallık ve imparatorluk Kabil'i elinde tutmuştur. MS 1504 yılında şehir Babür İmparatorluğu'nu kurarken burayı karargâhı haline getiren Babür tarafından alındı. Babür, yirmi yıl boyunca yaşadığı şehri o kadar sevmişti ki mezarında Farsça bir kitabe bulunuyordu: "Eğer yeryüzünde bir cennet varsa, işte burasıdır, işte burasıdır."</Text>
    </Row>
    <Row Tag="LOC_PEDIA_CITYSTATES_PAGE_CIVILIZATION_KABUL_CHAPTER_HISTORY_PARA_3">
      <Text>Afganlar 1800'lü yılların çoğunu İngilizlerle savaşarak geçirecekti. Nihayet 20. yüzyıla girildiğinde özgür kalan Kabil, 60 yıl süren bir rönesans yaşadı. Liberal Muhammed Zahir Şah döneminde modern iletişim, ulaşım... ve silahlanma alanlarında Avrupa yatırımları yapıldı. On yıllık Sovyet işgali, Rusların 1989'da çekilmesinin ardından iç savaşla sonuçlandı ve baskıcı Taliban kontrolündeki Afganistan İslam Emirliği ortaya çıktı. 2001 yılında Amerika liderliğindeki bir koalisyon Taliban'ı yerinden etti, ancak 2020 yılına gelindiğinde Taliban geri dönmeye hazır görünüyordu.</Text>
    </Row>
    <Row Tag="LOC_PEDIA_CITYSTATES_PAGE_CIVILIZATION_KANDY_CHAPTER_HISTORY_PARA_1">
      <Text>Kayıtlar - az çok tarihi - Sri Lanka'nın Kandy şehrinin Gampola hükümdarı Vikramabahu III tarafından kurulduğunu ve başlangıçta Watapuluwa yakınlarında Senkadagalapura olarak adlandırıldığını göstermektedir (bu kadar küçük bir yer için çok fazla harf). MS 1400 civarında Kandy, Kotte kraliyet ailesinden Sena Sammatha Wickramabahu'nun yönetimi altında bağımsız bir krallık haline geldi. Kandyan Krallığı, İngilizler işgal edene kadar bağımsız ve oldukça müreffeh ve güvenli kaldı. İkinci Kandiya Savaşı'nda İngiliz kuvvetleri hiçbir direnişle karşılaşmadı ve Şubat 1815'te şehri ele geçirdi.</Text>
    </Row>
    <Row Tag="LOC_PEDIA_CITYSTATES_PAGE_CIVILIZATION_KANDY_CHAPTER_HISTORY_PARA_2">
      <Text>Bunun bir nedeni kent sakinlerinin kentin yerle bir edilmesini istememeleri olabilir, zira kent Theravada Budizmi, Hinduizm, İslam ve hatta Hıristiyanlık gibi birçok inanca ve çeşitli kutsal mabetlere ev sahipliği yapıyordu. Örneğin, 1595 yılında inşa edilen Budist Kutsal Diş Tapınağı kraliyet sarayının içinde yer alıyordu. Budist topluluğu ayda bir kez Poya Günleri'ni dini olarak kutluyordu ve hala da kutluyor. Hindular (yaklaşık %13) ve Müslümanlar (yaklaşık %10) da kendi kutlamalarını ve kutsal günlerini aynı hararetle sürdürüyorlardı.</Text>
    </Row>
    <Row Tag="LOC_PEDIA_CITYSTATES_PAGE_CIVILIZATION_KANDY_CHAPTER_HISTORY_PARA_3">
      <Text>Avrupalıların önderliğinde Seylan (o zamanki adıyla) hızlı ve köklü bir modernleşme sürecine girdi. Birkaç isyan dışında - 1818'de Uva ve 1848'de Matale - Kandy, Britanya İmparatorluğu'nun sakin bir köşesiydi. İkinci Dünya Savaşı sırasında Müttefik Güney Doğu Asya Komutanlığı'na ev sahipliği yaptı, ancak hiçbir zaman tehdit altında olmadı. 1930'larda aralarında dini hoşgörünün de bulunduğu Donoughmore reformları sonunda Sri Lanka'nın 1948'de bağımsız Dominyon statüsü kazanmasına yol açtı. O zamandan beri ada siyasi çekişmeler, çeşitli suikastlar, aralıklı isyanlar ve bir iç savaşla (1983-2009) boğuşmaktadır.</Text>
    </Row>
    <Row Tag="LOC_PEDIA_CITYSTATES_PAGE_CIVILIZATION_KUMASI_CHAPTER_HISTORY_PARA_1">
      <Text>Kumasi'de Neolitik dönemden beri bir yerleşim olduğuna dair arkeolojik kanıtlar bulunmaktadır.  Ancak şehir, Osei Tutu yönetimindeki Ashanti Konfederasyonu'nun merkezi haline geldiği MS 1695 yılına kadar yaygın olarak bilinmiyordu. Denkyira kabilelerine karşı kazanılan 1701 zaferiyle birlikte Kumasi, Ashanti etnik grubunun hem kültürel hem de siyasi merkezi haline geldi. İki Sahra ticaret yolunun üzerinde yer alan şehir aynı zamanda oldukça zenginleşti... ve krallıkta altının keşfedilmesi de cabası.</Text>
    </Row>
    <Row Tag="LOC_PEDIA_CITYSTATES_PAGE_CIVILIZATION_KUMASI_CHAPTER_HISTORY_PARA_2">
      <Text>Hiç şüphesiz bu sonuncusu, rahip ve kanun koyucu Ohomfo Anokye'nin, Ashanti halklarının ruhunun - geçmiş, şimdiki ve gelecek - somutlaşmış hali olan Altın Tabureyi cennetten aldığı efsanesine katkıda bulunmuştur. Tabii ki köleler hariç; kölelik Ashantiler arasında tarihi bir gelenekti ve genellikle savaşta ya da yakın kabilelere yapılan baskınlarda ele geçirilirdi. Köleler zaman zaman kurban edilir ve efendilerini öbür dünyaya kadar takip etmeleri beklenirdi (genellikle biraz yardımla). Ancak olumlu tarafı, Ashanti köleleri başka kölelere sahip olabiliyor ve hatta istismar edildiklerini düşündüklerinde mülkiyetin devrini talep edebiliyorlardı.</Text>
    </Row>
    <Row Tag="LOC_PEDIA_CITYSTATES_PAGE_CIVILIZATION_KUMASI_CHAPTER_HISTORY_PARA_3">
      <Text>Kumasi, Anglo-Ashanti Savaşlarına kadar oldukça iyi durumdaydı, her şeye rağmen sanatsal bir metropoldü... 1824 ve 1901 yılları arasında beş savaş yaşandı. Çatışmalar, Ashanti'nin yayılmasıyla tehdit edilen Gana'daki birkaç kıyı krallığının İngilizlerden koruma talep etmesiyle tetiklendi; İngilizlerin altın hırsı da bir etken olabilir. Sebepler ne olursa olsun, Üçüncü Anglo-Ashanti Savaşı'nın sonuna doğru, saray da dahil olmak üzere Kumasi'nin büyük bir kısmı, Amoaful ve Ordashu'daki zorlu savaşlarda kazandıkları zaferlerin ardından İngiliz kuvvetleri tarafından yok edildi. İki savaş daha geride kalmasına rağmen, Kumasi hiçbir zaman önemini ve itibarını geri kazanamadı.</Text>
    </Row>
    <Row Tag="LOC_PEDIA_CITYSTATES_PAGE_CIVILIZATION_KUMASI_CHAPTER_HISTORY_PARA_4">
      <Text>Ancak Kumasi Ashanti'nin kültürel merkezi olarak kaldı; Kumasi'nin törensel kontrolü 1926'da Ashanti'ye geri verildi. 1935 yılında İngiliz topraklarında başkenti Kumasi olan Ashanti Özerk Bölgesi kuruldu.</Text>
    </Row>
    <Row Tag="LOC_PEDIA_CITYSTATES_PAGE_CIVILIZATION_LA_VENTA_CHAPTER_HISTORY_PARA_1">
      <Text>İspanyol kaşifler antik Olmek (Mezoamerika'nın "ana kültürü") şehirlerinin kalıntılarına rastladıklarında, La Venta'da yaptıkları gibi onlara İspanyol isimleri verdiler. Orijinal Olmek şehri "San Lorenzo" M.Ö. 900 civarında terk edilmiş ve La Venta bölgede öne çıkmıştır. La Venta'nın kendisi de MÖ 400'lerde terk edilecekti, ancak aradan geçen beş yüzyıl boyunca Olmek kültürünün, sanatının ve dininin kalbi oldu. Çoğu Mezoamerikan şehrinin aksine, yakınlarda çok az taş vardı, bu nedenle yerleşim çoğunlukla kil ve dolgu topraktan inşa edildi.</Text>
    </Row>
    <Row Tag="LOC_PEDIA_CITYSTATES_PAGE_CIVILIZATION_LA_VENTA_CHAPTER_HISTORY_PARA_2">
      <Text>Rio Palma'nın çıkışına bakan bir kıyı bataklığının ortasında iki mil karelik bir adada yer alan La Venta pek de hoş bir yer değildi. Ancak bazı muhteşem mühendislik ve zenginlik gösterileriyle kutsaldı. Buradaki Büyük Piramit, o zamanlar Amerika'daki en büyük yapıydı; 2500 yıllık erozyondan sonra bile düz adanın 34 metre üzerinde yükseliyor.</Text>
    </Row>
    <Row Tag="LOC_PEDIA_CITYSTATES_PAGE_CIVILIZATION_LA_VENTA_CHAPTER_HISTORY_PARA_3">
      <Text>Çok sayıda anıt ve heykelin süslediği komplekste mezar ve sunaklar da keşfedilmiştir. Olmekler tarafından oyulmuş ikonik "Devasa Kafalar" arasında La Venta en ünlü dört tanesine sahiptir. Her biri birkaç ton ağırlığında olan bu devasa oymalar için Olmeklerin taşı nasıl bulduklarına arkeologlar hala hayret etmektedir.</Text>
    </Row>
    <Row Tag="LOC_PEDIA_CITYSTATES_PAGE_CIVILIZATION_LA_VENTA_CHAPTER_HISTORY_PARA_4">
      <Text>Ve zenginlik... Kazı yapan arkeologlar tarafından bölgede zengin sunular bulunmuştur: 1000 ton cilalı serpantin blok, geniş mozaikler ve yeşim taşı, çanak çömlek, figürinler ve hematit aynalardan oluşan 48 birikinti. Ve çok sayıda kölenin iskelet kalıntıları ile birlikte kan akıtmaya yaradığı düşünülen aletler (törensel çiviler vb.), dini amaçlarla insan kurban edildiğine dair spekülasyonlara yol açmıştır.</Text>
    </Row>
    <Row Tag="LOC_PEDIA_CITYSTATES_PAGE_CIVILIZATION_LA_VENTA_CHAPTER_HISTORY_PARA_5">
      <Text>Ancak La Venta'nın büyük bir kısmı ilerleme adına yerle bir edildiği için tarihin bunu kesin olarak bilmesi pek mümkün değil. Örneğin, adanın güney ucunun tamamı bir petrol rafinerisi ile kaplıdır. Ve 2009 yılında, Kolomb öncesi döneme ait olduğu varsayılan bir dini ritüeli gerçekleştirmeye çalışan bir grup tarafından bazı kafalara zarar verilmiştir.</Text>
    </Row>
    <Row Tag="LOC_PEDIA_CITYSTATES_PAGE_CIVILIZATION_LISBON_CHAPTER_HISTORY_PARA_1">
      <Text>Somali kıyıları eski çağlardan beri hayati bir öneme sahip olmuştur. Günümüzde Süveyş Kanalı'ndan geçerek Hint alt kıtasına ulaşan ticareti düşünsek de, bölge daha önce de hayati bir öneme sahipti. Roma döneminde Somalili ve Arap tüccarlar, Roma pazarlarına çok yakın oldukları için (bu kazançlı bağlantıyı kendilerine saklamak için) Hintli tüccarları Afrika Boynuzu'nun kuzeyindeki limanlara gitmekten caydırdılar, ancak Mogadişu gibi limanlara yerleşmekte özgürdüler ve böylece şehir Afrika'daki Hintli tüccarlar için bir yuva haline geldi. Hindistan ve Roma'ya ek olarak Somalili tüccarlar Fenike, Mısır, Yunanistan, İran ve ötesinden kumaş ve diğer malları Svahili kıyılarına taşıdılar. Ancak ağlar batıya, Sudan ve Etiyopya'ya da uzanıyordu. 14'üncü yüzyılın Arap filozofu İbn Haldun, Mogadişu'yu müreffeh bir şehir olarak tanımlamıştı, ancak hala temelde göçebe bir karaktere sahipti - Haldun, göçebe halklar ile yerleşik halkların sürekli gerilim içinde olduğu bir tarih döngüsü önermişti ve Mogadişu göçebelerin zaferini temsil ediyordu.</Text>
    </Row>
    <Row Tag="LOC_PEDIA_CITYSTATES_PAGE_CIVILIZATION_LISBON_CHAPTER_HISTORY_PARA_2">
      <Text>İtalyanlar sömürgecilik arayışında diğer Avrupalı güçlere katılmaya - geç - karar verdiklerinde, gözlerini Afrika Boynuzu'na diktiler. 19. yüzyılın sonlarında, İngilizler tarafından şimdiki Eritre (Latince'de sadece "Kızıldeniz") "verildi", Etiyopya'yı fethetmeye çalıştılar (ve Etiyopya İmparatoru Menelik II sayesinde başarısız oldular) ve Somali sultanlarına İtalyan himayesi altına girmeleri için imza attırdılar. Mogadişu daha sonra kısa bir süreliğine İtalyanların oldu, ancak 1940'larda İtalya Somali'yi İngilizlere kaybetti ve onlar da bölgeyi 1960'lardaki bağımsızlığa kadar Birleşmiş Milletler'e devretti. Somali bağımsızlığını kazandığında Mogadişu başkent oldu.</Text>
    </Row>
    <Row Tag="LOC_PEDIA_CITYSTATES_PAGE_CIVILIZATION_MOHENJO_DARO_CHAPTER_HISTORY_PARA_1">
      <Text>M.Ö. 2500 yıllarında inşa edilen Mohenjo-daro, Harappan uygarlığının en büyük yerleşim yerlerinden biri, kuzey Hindistan ve Pakistan'a yayılan gelişen bir kültürün merkeziydi. Mısırlılar firavunları için piramitler inşa ederken ve Minoslular spor için boğaların üzerinden atlarken, Mohenjo-daro'nun 40.000 (ya da daha fazla) vatandaşı pişmiş ve harçlı tuğladan çarpıcı yapılar inşa ediyordu: halk hamamları, halka açık bir kuyusu olan merkezi bir pazar, geniş evler, büyük bir tahıl ambarı (tahılı kurutmak için hava kanalları olan), toplantılar için "Sütunlu Salon" ve "Kolej Salonu" (rahipler için bir konut olduğu düşünülen 78 oda).</Text>
    </Row>
    <Row Tag="LOC_PEDIA_CITYSTATES_PAGE_CIVILIZATION_MOHENJO_DARO_CHAPTER_HISTORY_PARA_2">
      <Text>Arkeologlar ve hırsızlar Mohenjo-daro'da yaptıkları kazılarda her türlü muhteşem sanat eseri ve obje bulmuşlardır: oturan ve ayakta duran figürlerin heykelleri, bakır aletler, resmi mühürler, altın ve jasper mücevherler, terazi kefeleri, çocuk oyuncakları, ticaret için ağırlıklar, oyma mobilyalar. En dikkat çekici parçalar arasında bronz "Dans Eden Kız", Pashupati mührü ve 4500 yıllık olduğu tahmin edilen yedi telli bir kolye bulunmaktadır. Şehir yaşamak için rahat bir yer olmalı.</Text>
    </Row>
    <Row Tag="LOC_PEDIA_CITYSTATES_PAGE_CIVILIZATION_MOHENJO_DARO_CHAPTER_HISTORY_PARA_3">
      <Text>Ve nispeten huzurluydu. Şehrin dış surları yoktu, ancak doğuda nöbetçi kuleleri ve güneyde bazı savunma yapıları vardı. Görünüşe göre hiçbir insan tehdidi sükûneti bozmamış olsa da, doğa şeklindeki öfkeli tanrılar kesinlikle bozmuştur. Mohenjo-daro en az yedi kez yıkıldı ve yeniden inşa edildi - yenisi doğrudan eskisinin üzerine. İndus nehrinin taşması periyodik olarak tüm bu kültürü boğmuş gibi görünüyor. Ancak her seferinde yeniden dünyanın en sofistike şehri haline geldi.</Text>
    </Row>
    <Row Tag="LOC_PEDIA_CITYSTATES_PAGE_CIVILIZATION_MOHENJO_DARO_CHAPTER_HISTORY_PARA_4">
      <Text>Ancak her güzel şeyin bir sonu vardır. Harappa uygarlığı MÖ 1900'lerde ani ve henüz açıklanamayan bir düşüşe geçtiğinde - tarihçilerin pek çok teorisi olmasına rağmen - Mohenjo-daro yavaş yavaş terk edildi. Ziyarete gelen Hintli bir tarihçi olan Rakhaldas Banerji'nin orada eski bir çakmaktaşı kazıyıcı bulduğu MS 1920 yılına kadar kayıptı.</Text>
    </Row>
    <Row Tag="LOC_PEDIA_CITYSTATES_PAGE_CIVILIZATION_PRESLAV_CHAPTER_HISTORY_PARA_1">
      <Text>MS 9. Yüzyılın başlarında tahkim edilene kadar Preslav sadece uykulu küçük bir Slav yerleşim yeriydi. Ancak I. Boris'in taç giyme töreni sırasında, başkenti yakınlardaki Pliska'dayken, önemli bir stratejik merkez ve başkentin garnizon komutanı ve krallığın ordusunun fiili başı olan Bulgar 'İçirgu-boil'in merkeziydi. Kasaba aynı zamanda Bulgarların 864 yılında Hıristiyanlığı kabul edip burada bir dizi kilise inşa etmesiyle dini bir merkez haline gelmiştir.</Text>
    </Row>
    <Row Tag="LOC_PEDIA_CITYSTATES_PAGE_CIVILIZATION_PRESLAV_CHAPTER_HISTORY_PARA_2">
      <Text>Ancak Preslav'ın öncelikli işi savaştı. Bir pagan isyanı 892 yılında nihayet bastırılıp Boris I. Simeon'u halefi olarak atadığında, başkentin Pliska'dan çok daha Hıristiyan olan Preslav'a taşınmasına karar verildi. Sonraki 80 yıl boyunca yeni başkent sadece Bulgaristan'ın siyasi ve askeri merkezi olmakla kalmadı, aynı zamanda kültürel, sanatsal ve dini merkezi haline de geldi. Surlar genişletilip güçlendirildi ve kışlalar Bulgarların ihtişam hayallerinin eğitim alanı haline geldi.</Text>
    </Row>
    <Row Tag="LOC_PEDIA_CITYSTATES_PAGE_CIVILIZATION_PRESLAV_CHAPTER_HISTORY_PARA_3">
      <Text>Ta ki Bulgarlar Kiev Prensi Sviatoslav Igorevich tarafından yenilgiye uğratılana ve Preslav şehri işgal edene kadar. Bizans ve Kiev arasında çıkan savaşta şehir harabeye döndü ve kurtarıcı Bizans orduları tarafından neredeyse yerle bir edildi. Müttefiklerine karşı dikkatli olmak konusunda bir ders. Bizanslılar Bulgar hazinesini, kraliyet mücevherlerini ve kraliyet kütüphanesinin çoğunu alıp götürdüler.</Text>
    </Row>
    <Row Tag="LOC_PEDIA_CITYSTATES_PAGE_CIVILIZATION_PRESLAV_CHAPTER_HISTORY_PARA_4">
      <Text>Preslav, "İkinci Bulgar İmparatorluğu "nun ilk yıllarında, yaklaşık 1185'te askeri öneminin bir kısmını geri kazanmıştır. Gerçekten de, Tırnovgrad'daki kaleyle birlikte, ortak hükümdarların yönetimindeki krallığın ortak merkezlerinden biriydi. Ancak Tırnovgrad'ın stratejik savunma konumu, dış tehditlere karşı daha iyi direnebildiğini kanıtladı. 1270'lerdeki Tatar akınları Preslav'da hayatta kalan vatandaşları sürüp götürdü; birkaç mil ötede aynı adı taşıyan yeni bir köy inşa ettiler ve inşaat malzemeleri için bir zamanlar güçlü olan duvarları yağmaladılar.</Text>
    </Row>
    <Row Tag="LOC_PEDIA_CITYSTATES_PAGE_CIVILIZATION_NAN_MADOL_CHAPTER_HISTORY_PARA_1">
      <Text>Çoğu arkeolog ve tarihçi, Mikronezya'daki Pohnpei adasının doğu kıyısında yer alan terk edilmiş Nan Madol şehrinin kalıntılarının kayıp Mu kıtasının bir kalıntısı olduğuna inanmamaktadır. Şehir bunun yerine bir lagünde inşa edilmiş ve gelgit kanallarıyla ayrılmış taş ve mercan dolgu platformları üzerine inşa edilmiş yaklaşık 100 küçük yapay adacıktan oluşuyordu. Bir kıtanın tarih öncesi batışından arta kalanlar yerine, en iyi tahmin bu adacıkların inşasının MS 8. yüzyılda başladığı ve üzerlerindeki megalitik yapıların inşasının 12. ve 13. yüzyıllarda gerçekleştiği yönündedir. Böylece Sandeleur hanedanının elit tabakası halkla karışmak zorunda kalmamıştır.</Text>
    </Row>
    <Row Tag="LOC_PEDIA_CITYSTATES_PAGE_CIVILIZATION_NAN_MADOL_CHAPTER_HISTORY_PARA_2">
      <Text>Lagün-şehrin orijinal adı Soun Nan-leng ("Cennet Resifi") idi ve Avrupalı kaşifler buraya "Pasifik'in Venedik'i" adını verdiler. Adı geçen adacıkların çoğu yerleşim yeriydi, şeflerin ve rahiplerin evleriydi... ancak bazıları özel ihtiyaçlara hizmet ediyordu: yiyecek hazırlama, Peinering'de hindistan cevizi yağı üretimi, Dapahu'da kano yapımı. Morg "mahallesi", mezarlarla kaplı yaklaşık 58 adacık içermektedir. Nan Madol, Pohnpei ve Temwen adalarındaki klanları (toplamda yaklaşık 25 bin kişi) birleştirmeyi başaran Sandeleur'un siyasi, dini ve kültürel güç merkeziydi. Kısa bir süre sonra hükümdar kabile reislerini, onları gözetim altında tutabileceği yeni şehre taşınmaya zorladı.</Text>
    </Row>
    <Row Tag="LOC_PEDIA_CITYSTATES_PAGE_CIVILIZATION_NAN_MADOL_CHAPTER_HISTORY_PARA_3">
      <Text>Nan Madol'un nüfusu en yoğun olduğu dönemde belki de 1000 civarındaydı. Adacıklarda yiyecek ya da tatlı su kaynağı bulunmadığından, her şeyin Pohnpei'den kürekle getirilmesi gerekiyordu. Efsaneye göre, tüm binalar ve mezarlar için kullanılan taşlar, Sandeleur'u kuran ikiz büyücüler Olisihpa ve Olosohpa tarafından adaya uçurulmuştur. Yaratılışıyla ilgili gerçekler ne olursa olsun, 1800'lerin başında Avrupalılar geldiğinde Nan Madol terk edilmişti, muhtemelen 1450 civarında Sandeleur çöktüğünde.</Text>
    </Row>
    <Row Tag="LOC_PEDIA_CITYSTATES_PAGE_CIVILIZATION_SEOUL_CHAPTER_HISTORY_PARA_1">
      <Text>Seul çevresindeki alan Paleolitik Çağ'dan beri yerleşime açık olsa da, şehir resmi olarak M.Ö. 18 yılında Baekje Krallığı'nın başkenti Wiryeseong'u inşa etmesine kadar kurulmamıştır. Baekje zamanla küçük bir devletten, MS birinci bin yılın büyük bir kısmında yarımadaya hakim olan bir grup ülke olan Kore'nin Üç Krallığı'ndan biri haline geldi. Zaman içinde Seul, büyük siyasi, kültürel ve ticari öneme sahip müthiş bir şehir haline geldi.</Text>
    </Row>
    <Row Tag="LOC_PEDIA_CITYSTATES_PAGE_CIVILIZATION_SEOUL_CHAPTER_HISTORY_PARA_2">
      <Text>Sonunda Üç Krallık tek bir yönetim altında birleştirildi ve MS 1394 yılında bu yeni oluşumun başkenti Seul'e taşındı. Hırsızları olduğu kadar ayıları ve diğer büyük, korkunç hayvanları da uzak tutmak için şehrin etrafına büyük duvarlar inşa edildi... bu sinir bozucu barbarlar gibi. Nihayetinde Seul, 1800'lerin sonlarında Uzak Doğu'ya gelen batılılara kapılarını açtı ve şehir hızla modernleşti. Aslında Seul, elektriğe, akan suya ve telefona sahip olan ilk Asya şehriydi.</Text>
    </Row>
    <Row Tag="LOC_PEDIA_CITYSTATES_PAGE_CIVILIZATION_SEOUL_CHAPTER_HISTORY_PARA_3">
      <Text>Ancak Seul yüzyıllardır teknolojik ilerlemelerin merkezi olduğu için bu şaşırtıcı değil. Sivil bakan Choe Yun-ui, MS 1234 yılında Sangjeong yemun'un 50 kopyasını basmak için hareketli metal daktiloyu icat etmiştir... Gutenberg'in aynı fikri bulmasından çok önce. Joseon Hanedanlığı su saatinin, gözetleme camının, üdometrenin ve daha pek çok akıllı aletin icadına tanıklık etmiştir. 1442 yılında, yedi gök cisminin rotalarına ilişkin hesaplamaların bir derlemesi olan Chiljeongsan ile astronomik ilerlemelerin zirvesine ulaşıldı. Bir de 1860'larda icat edilen ve Kore ordusu için bir nimet olan dünyanın ilk balistik yeleği var.</Text>
    </Row>
    <Row Tag="LOC_PEDIA_CITYSTATES_PAGE_CIVILIZATION_SEOUL_CHAPTER_HISTORY_PARA_4">
      <Text>Samsung ve LG Corporation gibi şirketlerin ve diğerlerinin merkezlerinin bu şehirde olması nedeniyle bilimsel çalışmalar o günden bu yana hız kesmedi. 2008 yılında Güney Kore dünyadaki en yüksek beşinci Ar-Ge harcamasına sahipti ve bu harcamaların çoğu Seul'de toplanıyordu. Elektronik, bilgisayar, robotik, yenilenebilir enerji ve diğer pek çok alanda Seul, her zamankinden daha fazla keşif için en ileri noktadadır.</Text>
    </Row>
    <Row Tag="LOC_PEDIA_CITYSTATES_PAGE_CIVILIZATION_STOCKHOLM_CHAPTER_HISTORY_PARA_1">
      <Text>Stockholm'e dair en eski yazılı belgeler MS 1252 yılına kadar uzanmakta ve şehri bir demir ticaret kasabası olarak tanımlamaktadır, ancak bazı İskandinav destanlarında şehrin kayıp Agnafit şehri (efsanevi Kral Ange'nin esir gelini Skjalf tarafından asıldığı yer) olduğu iddia edilmektedir. Bir başka rivayete göre ise şehir, İsveçli Birger Jarl tarafından yeni kurulan ülkeyi işgalci donanmalardan korumak için kurulmuştur. Hangisi doğru olursa olsun, şehir hızla büyüyerek ticaret, madencilik ve balıkçılık merkezi haline gelmiş ve sonunda Hansa Birliği'ne katılmıştır.</Text>
    </Row>
    <Row Tag="LOC_PEDIA_CITYSTATES_PAGE_CIVILIZATION_STOCKHOLM_CHAPTER_HISTORY_PARA_2">
      <Text>15. Yüzyılda İsveç halkı Danimarkalı yöneticilerini devirmek için can atarken Stockholm'de ulusal bir bağımsızlık hareketi oluşmaya başladı. Devrim ne yazık ki iyi gitmedi ve 1520'de Danimarka Kralı Christian II şehre girerek İsveçli muhalif güçlerin çoğunun katledildiği Stockholm Kan Gölü'nü kışkırttı. İlerleyen yıllarda ülke genelinde meydana gelen diğer ayaklanmalar daha başarılı olmuş ve Kalmar Birliği'ni (Danimarka'nın İskandinavya üzerindeki kontrolünün hoş adı) parçalamış ve İsveç nihayet bağımsızlığını kazanmıştır. İsveç'in ilk kralı Gustav Vasa 1523 yılında taç giydi ve Stockholm nüfusu hızla artmaya başladı. Yüz yıl içinde vatandaş sayısı altı kat arttı.</Text>
    </Row>
    <Row Tag="LOC_PEDIA_CITYSTATES_PAGE_CIVILIZATION_STOCKHOLM_CHAPTER_HISTORY_PARA_3">
      <Text>Stockholm, 20. yüzyılın ikinci yarısında Avrupa'nın en büyük öğrenim merkezlerinden biri haline gelmiştir. Dünyanın en eskilerinden biri olan Karlberg Askeri Akademisi 1792 yılında; Avrupa'nın en prestijli tıp okullarından biri olan Karolinska Enstitüsü 1811 yılında; Kraliyet Teknoloji Enstitüsü ise 1827 yılında kurulmuştur. Ancak en eskisi, Nobel Ödülleri'ne ev sahipliği yapan ve ünlü doğa bilimci Carl Linnaeus tarafından 1739 yılında kurulan İsveç Kraliyet Bilimler Akademisi'dir. Şehir balıkçılık, madencilik ve gemicilik köklerinden uzaklaşarak yüksek teknoloji araştırmalarına, modern üretime ve tanınmayan bilim insanlarına milyonlar dağıtmaya devam etmiştir.</Text>
    </Row>
    <Row Tag="LOC_PEDIA_CITYSTATES_PAGE_CIVILIZATION_TORONTO_CHAPTER_HISTORY_PARA_1">
      <Text>Kanada'nın en kalabalık şehri (2011'de 2,6 milyon) olan Toronto, Kunduz Savaşları'nın sonunda Iroquois'in bölgeyi terk etmesinin ardından MS 1750'de küçük bir Fransız ticaret merkezi olarak başladı. Ancak burası çok iyi bir yer olmamış olmalı ki Fransızlar 1759'da burayı kendileri terk etti. Mississaugalar bölgeyi miras olarak aldılar, ancak Amerikan koloni ayaklanması sırasında Ontario Gölü'nün kuzeyindeki uygarlaşmamış sınıra bir İngiliz Sadıklar akını geldi. Böylece, 1787 yılında İngilizler Mississaugalar ile "Toronto Satın Alma" anlaşmasını yaparak çeyrek milyon dönümden fazla araziyi güvence altına aldılar.</Text>
    </Row>
    <Row Tag="LOC_PEDIA_CITYSTATES_PAGE_CIVILIZATION_TORONTO_CHAPTER_HISTORY_PARA_2">
      <Text>İngilizler, 1812 savaşı sırasında Amerikan güçleri tarafından ele geçirilip yok edilmesi için tam zamanında Toronto limanının girişine York Kalesi'ni inşa etti. (Az bilinen bir gerçek: York'un yağmalanması, Washington'un İngiliz birlikleri tarafından yakılmasının temel motivasyonlarından biriydi). Bu tatsızlığın ardından - ve 1837'de Toronto'lu William Mackenzie'nin önderlik ettiği başarısız Yukarı Kanada İsyanı'nın ardından - Toronto büyüme, gelişme ve sanayileşme çağına girdi. Grand Trunk ve Northern demiryolları Union Station'ı inşa etmek için güçlerini birleştirdi; bu arada Ontario Gölü'ndeki buharlı gemiler ve guletler Toronto'yu kıtanın iç kısımlarındaki kaynaklara açılan önemli bir kapı haline getirdi.</Text>
    </Row>
    <Row Tag="LOC_PEDIA_CITYSTATES_PAGE_CIVILIZATION_TORONTO_CHAPTER_HISTORY_PARA_3">
      <Text>Tüm bunlar Toronto'nun bir sanayi merkezi haline gelmesine katkıda bulundu. Örneğin, bir dizi damıtma tesisi faaliyete geçerek şehri Kuzey Amerika'nın en büyük alkol üreticisi haline getirdi; Gooderham &amp; Worts damıtma tesisi 1860'ların ortalarında dünyanın en büyük viski fabrikası haline geldi. 1904'teki Büyük Yangın şehir merkezinin büyük bir kısmını yok etti, ancak bölge daha kibar bir şekilde yeniden inşa edildi ve endüstrinin çoğu banliyölere taşındı. Fabrikalar ve depolar demiryolu ve liman çevresinde kümelendi. Alkollü içkilerin yanı sıra Toronto artık otomobil, demir-çelik, kimyasal madde, kağıt ve paketlenmiş gıda üretmektedir.</Text>
    </Row>
    <Row Tag="LOC_PEDIA_CITYSTATES_PAGE_CIVILIZATION_VALLETTA_CHAPTER_HISTORY_PARA_1">
      <Text>Malta Cumhuriyeti'nde yer alan Valletta, MS 1566 yılında Rodos ve Malta Kudüslü Aziz John'un Egemen Askeri Hospitaller Tarikatı'nın 49. Büyük Üstadı Jean Parisot de la Valette tarafından kurulmuştur. Bu, Hospitaller Şövalyeleri'nin bir yıl önce Osmanlı İmparatorluğu'nun adayı kuşatması ve işgaline karşı koymasının ardından gerçekleşmiştir. (Malta, 1530 yılında İspanya Kralı V. Charles tarafından Osmanlı dalgasına karşı bir siper olarak hizmet etmesi için tarikata ebediyen verilmişti).</Text>
    </Row>
    <Row Tag="LOC_PEDIA_CITYSTATES_PAGE_CIVILIZATION_VALLETTA_CHAPTER_HISTORY_PARA_2">
      <Text>Yeni şehri ve adayı inşa etmek ve güçlendirmek için Valette, Hıristiyan âleminin krallarından ve prenslerinden yardım istedi. Ve yardım da geldi... Belli ki, bir grup militan bağnazın yaklaşmakta olan Müslümanlarla yüzleşmesinin kendi birlikleri ve gemilerinden daha iyi olacağını düşünüyorlardı. Papa V. Pius tahkimatı tasarlaması için kendi askeri mimarını gönderdi ve İspanya Kralı II. Philip gemiler ve silahlar verdi. Diğerleri de kiliselere, kışlalara ve liman tesislerine sponsor olmak için büyük miktarlarda para bağışladı.</Text>
    </Row>
    <Row Tag="LOC_PEDIA_CITYSTATES_PAGE_CIVILIZATION_VALLETTA_CHAPTER_HISTORY_PARA_3">
      <Text>Güzel limanı ve stratejik konumuyla kasaba, İkinci Dünya Savaşı'na kadar yüzyıllar boyunca süren savaşlara göğüs gerecekti. Şövalyeler, Hıristiyan Avrupa ile Levant arasındaki Akdeniz nakliye yollarını denetleme, Berberi korsanlar ve diğer korsanlarla savaşma görevlerini üstlendiler. Ayrıca, çoğunlukla Osmanlı gemilerine baskınlar düzenleyerek Hıristiyan köleleri serbest bırakmaya başladılar. Ancak Cenova, Venedik ve Pisa'nın yükselişi ve daha sonra Protestan Reformu, Valletta'nın mali desteğinin çoğunu aşındırdı.</Text>
    </Row>
    <Row Tag="LOC_PEDIA_CITYSTATES_PAGE_CIVILIZATION_VALLETTA_CHAPTER_HISTORY_PARA_4">
      <Text>Böylece, 1798'de Napolyon Mısır'ı işgal etmek için yola çıktığında Malta'yı ele geçirdiğinde, sadece Napoli ve İngilizler çok endişeli görünüyordu. Birkaç yıl sonra Maltalılar Fransız garnizonuna karşı ayaklandı; galip gelen isyancı liderler adayı İngilizlere sunarak imparatorluğun bir dominyonu haline getirilmesini talep etti. 1814 Paris Antlaşması İngiliz kontrolünü onayladı ve ada 1964'teki bağımsızlığa kadar İngiliz kontrolü altında kaldı.</Text>
    </Row>
    <Row Tag="LOC_PEDIA_CITYSTATES_PAGE_CIVILIZATION_VILNIUS_CHAPTER_HISTORY_PARA_1">
      <Text>Baltık Denizi'nden yaklaşık 194 mil uzaklıktaki Vilnia ve Neris nehirlerinin birleştiği noktada yer alan Vilnius, Litvanya'nın ormanlık alanlarının derinliklerinde bir ticaret merkezi olarak kurulmuştur. Kasabadan yazılı kayıtlarda ilk kez MS 1323 yılında, Alman Yahudileri dini hoşgörü ve ticari fırsatlar vaat eden Dük Gediminas tarafından Litvanya Büyük Dükalığı'nın başkentine taşınmaya davet edildiğinde bahsedilmektedir. İlerleyen yıllarda hırslı dük ve oğullarının yönetiminde düklük, modern Litvanya, Belarus, Ukrayna, Transdinyester ve Polonya ile kuzey Rusya'nın bir kısmını kapsayana kadar genişledi. 1569'da Lublin Birliği ile şehir, Polonya-Litvanya Topluluğu'nda önemli bir ticaret merkezi haline geldi.</Text>
    </Row>
    <Row Tag="LOC_PEDIA_CITYSTATES_PAGE_CIVILIZATION_VILNIUS_CHAPTER_HISTORY_PARA_2">
      <Text>Bu dönemde Vilnius, bir durgun su karakolundan kültürel ve siyasi bir merkeze doğru dramatik bir değişim geçirdi. Göçmenler yetkililer tarafından memnuniyetle karşılandı ve binlerce Slav, Alman ve Yahudi gelişen şehre taşındı. 1579 yılında Kral Stefan Báthory, kısa sürede Avrupa'nın en önemli bilim ve kültür merkezlerinden biri haline gelen ve Baltık Devletleri'ndeki en eski üniversite olan 'Vilniaus universitetas'a dönüşecek olan kurumu kurdu. Çeşitli türlerde sanat ve zanaat loncaları kuruldu ve şehir İskandinavya ile Polonya'nın iç kesimleri ve kuzey Rusya arasındaki ticaretin ana merkezi olarak hizmet verdi.</Text>
    </Row>
    <Row Tag="LOC_PEDIA_CITYSTATES_PAGE_CIVILIZATION_VILNIUS_CHAPTER_HISTORY_PARA_3">
      <Text>Tüm bu hazır para, sakinlerinin - Polonyalılar, İsveçliler, Ruslar veya Almanlarla savaşmadıkları zamanlarda - iyi bir hayat yaşayabilecekleri anlamına geliyordu. Her ne kadar "Barok" bir şehir olarak adlandırılsa da Vilnius, iyi korunmuş ve eşsiz Eski Kent'inde (1994 yılında UNESCO Dünya Mirası Listesi'ne alınmıştır) Gotik, Rönesans, Neo-Klasik ve benzeri mimari tarzların bir karışımına sahiptir. Her türden müze ve anıt şehri süslemektedir. Gediminas Kulesi, Katedral Meydanı ve görkemli Büyük Dükler Sarayı, İmzacılar Evi ve ulusal müze ve kütüphaneler birçok düşmanın işgalinden kurtulmayı başarmıştır ... ve 1990'daki bağımsızlıktan bu yana yine Litvanya'nın kalbini oluşturmaktadır.</Text>
    </Row>
    <Row Tag="LOC_PEDIA_CITYSTATES_PAGE_CIVILIZATION_YEREVAN_CHAPTER_HISTORY_PARA_1">
      <Text>Ermenistan'ın başkenti yakınlarında tarih öncesinden kalma insan yerleşimine dair kanıtlar bulunmaktadır. Erivan mağarasından on binlerce yıl öncesine tarihlenen işlenmiş taş aletler çıkarılmıştır. Erivan'daki Shengavit bölgesi M.Ö. 3200 yıllarında yerleşime açılmış olup, dünyanın en iyi bilinen duvarlı Bronz Çağı arkeolojik alanlarından biridir. Buna karşın Erivan kenti neredeyse moderndir ve aslen 2.500 yıl önce "Erebuni" adı verilen bir surun bulunduğu yerde kurulmuştur.</Text>
    </Row>
    <Row Tag="LOC_PEDIA_CITYSTATES_PAGE_CIVILIZATION_YEREVAN_CHAPTER_HISTORY_PARA_2">
      <Text>Ermenistan, 4. yüzyılın başlarında Hıristiyanlığı din olarak kabul eden ilk ülkedir. Erivan aynı zamanda deri işlemeciliğiyle de ünlüdür (5.000 yıllık bir deri ayakkabı Ermenistan Tarih Müzesi'nde sergilenmektedir). Asya ve Yakın Doğu'daki çeşitli imparatorlukların kavşağında yer alan Ermenistan, Medler, Romalılar, Bizanslılar, Araplar, Persler, Osmanlılar ve Ruslar tarafından yönetilmiştir. Bu kültürlerin yükselişi ve çöküşü, şehrin ayakta kalan mimarisine ve kültürüne hala yansımaktadır.</Text>
    </Row>
    <Row Tag="LOC_PEDIA_CITYSTATES_PAGE_CIVILIZATION_YEREVAN_CHAPTER_HISTORY_PARA_3">
      <Text>Eski kiliseler Erivan'ı süslemektedir. Küçük Katoghike Kilisesi, dünyanın en büyük Ermeni Apostolik Kilisesi olan görkemli Aziz Gregory the Illuminator Katedrali ile tezat oluşturmaktadır. Ancak 5. yüzyıldan kalma Aziz Paul ve Peter Kilisesi gibi bazıları kaybolmuştur (ancak parçaları tarih müzelerinde bulunmaktadır.) Mavi Cami birkaç on yıl boyunca kapalı kalmış ve Erivan Şehri Müzesi olarak kullanılmıştır, ancak o zamandan beri restore edilmiş ve yeniden ibadethane olarak kullanılmaktadır.</Text>
    </Row>
    <Row Tag="LOC_PEDIA_CITYSTATES_PAGE_CIVILIZATION_YEREVAN_CHAPTER_HISTORY_PARA_4">
      <Text>Yerevan aynı zamanda Yerevan Satranç Evi'ne de ev sahipliği yapmaktadır. Satranç ve öncülleri Ermenistan'da en az 9. yüzyıldan, muhtemelen 6. yüzyıldan beri oynanmaktadır ve bugün Ermeniler ülkelerini en üst düzey yarışmalarda temsil etmeye devam etmektedir.</Text>
    </Row>
    <Row Tag="LOC_PEDIA_CITYSTATES_PAGE_CIVILIZATION_ZANZIBAR_CHAPTER_HISTORY_PARA_1">
      <Text>Ticaretin yoğun olduğu Svahili Sahili'nin bir parçası olan Zanzibar adası, insanların Afrika'dan buraya ulaşmayı başarmasının ardından yaklaşık 20 bin yıldır insanlara ev sahipliği yapmaktadır. Muhammed'in MS 632 yılındaki ölümüne kadar Zanzibar'a dair çok az kayıt bulunmaktadır. Ancak konumu onu Arapların, Svahililerin, Hintlilerin ve Perslerin ticaret yolları için önemli bir nokta haline getirdi; tüm bu ülkelerden tüccarlar ve diğerleri Zanzibar'a göç etti. Ada aynı zamanda Doğu Afrika kıyıları boyunca köle akınları için de uygun bir üs olmuştur.</Text>
    </Row>
    <Row Tag="LOC_PEDIA_CITYSTATES_PAGE_CIVILIZATION_ZANZIBAR_CHAPTER_HISTORY_PARA_2">
      <Text>Da Gama'nın 1498'deki ziyareti memlekettekilerin ilgisini çekmiş; 1503'te küçük bir askeri seferin karaya çıkıp yerel sultandan barış karşılığında haraç talep etmesi ve almasıyla Zanzibar Portekiz İmparatorluğu'nun bir parçası haline gelmiş. Ancak Portekizliler oldukça gevşek toprak sahipleriydi, çünkü 1591'de bir İngiliz gemisi uğradığında kaptan Portekiz kalesi veya garnizonu bulamadı, sadece bir feitoria buldu.</Text>
    </Row>
    <Row Tag="LOC_PEDIA_CITYSTATES_PAGE_CIVILIZATION_ZANZIBAR_CHAPTER_HISTORY_PARA_3">
      <Text>Hiç şüphesiz Portekizlilerin barışı korumaya yönelik ilgisinin bir parçası da adalarda karanfil, vanilya, tarçın ve hindistan cevizi gibi daha az değerli baharatların yetiştirilmesiydi. Köleler koloninin dört bir yanında ortaya çıkan büyük plantasyonlarda çalışıyordu. Bu arada, hem Avrupalı hem de Asyalı her türlü ticaret gemisi limanlara girip çıkıyordu. Portekizliler paylarını aldıkları sürece, sultanlar önümüzdeki iki yüzyıl boyunca Stone Town'dan (şimdiki Zanzibar Şehri'nin kalbi) yönetmeye devam ettiler.</Text>
    </Row>
    <Row Tag="LOC_PEDIA_CITYSTATES_PAGE_CIVILIZATION_ZANZIBAR_CHAPTER_HISTORY_PARA_4">
      <Text>Ancak bu yarı-özerklik, İngilizlerin Portekiz ve Arap köle ticaretini engellemeye başlamasıyla sona erdi. Onlarca yıl süren müzakereler, tehditler ve zaman zaman yaşanan şiddet olaylarının ardından 1873 yılında imzalanan Anglo-Zanzibari Antlaşması bu uygulamaya son verdi ve Zanzibar'ın ekonomisi çöktü. Portekizliler çekildi ve 1890'da bölgede çıkarı olan diğer tek güç olan Almanya, Zanzibar üzerindeki "İngiliz himayesini" resmen tanıdı. Protektora Aralık 1963'te Birleşik Krallık tarafından tek taraflı olarak feshedilecek ve Zanzibar, Tanzanya'yı oluşturmak üzere Tanganika'ya katılacaktır.</Text>
    </Row>
  </BaseGameText>
</GameData>