﻿<?xml version="1.0" encoding="utf-8" standalone="yes"?>
<GameData xmlns:xsi="http://www.w3.org/2001/XMLSchema-instance">
  <BaseGameText>
    <Row Tag="LOC_PEDIA_FEATURES_PAGE_INTRO_CHAPTER_CONTENT_PARA_1">
      <Text>Özellikler, hex'in arazisinin üzerinde görünebilen arazi veya bitki örtüsü unsurlarıdır. (Örneğin, bir Otlak altıgeninin üzerinde Orman veya Bataklık olabilir.) Özellikler bir altıgenin üretkenliğini değiştirir ve bir birimin altıgene girerken harcadığı "hareket puanı" (MP) miktarını da değiştirebilir. Özellikler ayrıca o kareyi işgal eden bir birime savunma savaşı bonusları veya cezaları da sağlayabilir.</Text>
    </Row>
    <Row Tag="LOC_PEDIA_FEATURES_PAGE_FEATURE_BARRIER_REEF_CHAPTER_HISTORY_PARA_1">
      <Text>Avustralya'nın kuzeydoğu kıyılarında dolanan 2300 km'lik (1400 mil) Büyük Set Resifi, canlı organizmalar tarafından inşa edilen en büyük yapıdır ve yörüngeden bile görülebilir. Yarım milyar yıl boyunca milyarlarca mercan polipi tarafından inşa edilen resif, şu anda yaklaşık 2900 ayrı resif ve 900 adadan oluşmakta ve 30 tür balina, yunus ve domuzbalığından 215 kuş türüne kadar inanılmaz bir fauna çeşitliliğine ev sahipliği yapmaktadır. Ne yazık ki kirlilik, aşırı avlanma, turizm ve iklim değişikliği resifin geleceğini tehdit ediyor; mercan ağarması hızlanıyor ve bilim adamları, ciddi adımlar atılmazsa, MS 2030 yılına kadar Büyük Set Resifi'nin "geri dönüşü olmayan bir hasara" uğrayacağını tahmin ediyor.</Text>
    </Row>
    <Row Tag="LOC_PEDIA_FEATURES_PAGE_FEATURE_CLIFFS_DOVER_CHAPTER_HISTORY_PARA_1">
      <Text>Dover'ın ünlü Beyaz Kayalıkları, Manş Denizi'nin Avrupa kıtasına bakan en dar yerinde nöbet tutmaktadır. Siyah çakmaktaşı ile çizgili tebeşirden oluşan kayalıklar yer yer 110 metre (350 feet) yüksekliğe ulaşmaktadır. Açık bir günde kayalıklar Fransa'dan görülebilmektedir. Bu doğa harikası, ününü sembolik değerine olduğu kadar, sonsuza kadar sürmeyebilecek doğal güzelliğine de borçludur (her ikisi de); uçurumun yüzü yılda yaklaşık bir santimetre aşınmakta ve zaman zaman büyük parçalar kopmaktadır... bu nedenle ziyaretçilerin uçurumun kenarından uzak durmaları tavsiye edilmektedir (bir İngiliz'in Dover Beyaz Kayalıkları'ndan düşmesi iyi olmaz).</Text>
    </Row>
    <Row Tag="LOC_PEDIA_FEATURES_PAGE_FEATURE_CRATER_LAKE_CHAPTER_HISTORY_PARA_1">
      <Text>Zaman zaman "Derin Mavi Göl" ve "Majesty Gölü" olarak adlandırılan Krater Gölü, gölü tarihsel olarak gökyüzü tanrısı Skell ile yeraltı tanrısı Llao arasındaki bir savaşa atfeden yerel Klamath grupları için kutsal bir alandır. Yaklaşık 7700 yıl önce Kuzey Amerika Cascade Sıradağları'ndaki stratovolkan Mazama'nın çökmesiyle oluşan Krater Gölü, derin bir kaldera gölüdür. Göle nehir girip çıkmadığından, göldeki tatlı sular yağmur ve kar sularından oluşmaktadır; bilim insanları suyun ancak 250 yılda bir tamamen yenilendiğini tahmin etmektedir. Muhteşem Cascade patikalarında yürüyüş yaparken matarayı doldurmak için en iyi yer değil.</Text>
    </Row>
    <Row Tag="LOC_PEDIA_FEATURES_PAGE_FEATURE_DEAD_SEA_CHAPTER_HISTORY_PARA_1">
      <Text>Antik İbraniler tarafından "Tuz Denizi", Araplar tarafından ise "Ölüm Denizi" olarak bilinen Ölü Deniz, Levant bölgesinde yer alan bir tuz gölüdür ve dünya üzerindeki en alçak kara yükseltisidir (deniz seviyesinin 420 metre altında). Yüzde 34,2'lik tuzluluk oranıyla gezegendeki en tuzlu su kütlelerinden biridir... pek de bahçe yeri sayılmaz. Ancak Büyük Herod tarafından çok tercih edilen tarihin ilk sağlık merkezlerinden biriydi ve sedef hastalığı, rinosinüzit, kistik fibrozis ve osteoartrit gibi hastalıklar için varsayılan tedaviler sunduğu düşünülüyordu. Kıyı bölgesinde madencilik, mumyalama için asfalttan gübre için potasa kadar her türlü ticaret fırsatını sağlamıştır. İnsanoğlu her şeyde bir hayır bulma becerisine sahiptir... Ölü Deniz'de bile.</Text>
    </Row>
    <Row Tag="LOC_PEDIA_FEATURES_PAGE_FEATURE_EVEREST_CHAPTER_HISTORY_PARA_1">
      <Text>Tibet dilinde "kutsal anne" ya da Qomolangma olarak adlandırılan Everest Dağı, deniz seviyesinden 8848 metre (29029 feet) yükseklikte bulunan ve Himalaya sıradağlarının bir parçası olan dünyanın en yüksek dağıdır. Burası 9. Yüzyıl Budist bilgesi Padmasambhava tarafından belirlenen "gizli sığınak vadilerinden" biridir ve 1922'den bu yana 250'den fazla fatihin katilidir. MS 1802 yılında İngilizler, dünyanın en yüksek zirvelerini belirlemek için dev teodolitler kullanarak Hindistan'ın Büyük Trigonometrik Araştırması'nı başlattı. Yarım asır sonra, 1858'de Hindistan Genel Araştırmacısı Andrew Waugh, Peak XV'in (yani Everest'in) en yüksek olduğunu kesin olarak açıkladı. Ve maceracılar o zamandan beri ona tırmanmaya çalışıyorlar... "Çünkü orada."</Text>
    </Row>
    <Row Tag="LOC_PEDIA_FEATURES_PAGE_FEATURE_FLOODPLAINS_CHAPTER_HISTORY_PARA_1">
      <Text>Taşkın yatakları, nehirlere bitişik alçak alanlardır ve her yıl (veya daha sık) sel baskınlarına maruz kalırlar ve bu nedenle toprak birikintilerinden ve bilinen en verimli tarım arazilerinden bazılarından verimlidirler. Belki de en iyi bilinenleri, eski Mısır'ın tarihin en büyük medeniyetlerinden biri olmasına yardımcı olan Nil boyunca uzananlardır.</Text>
    </Row>
    <Row Tag="LOC_PEDIA_FEATURES_PAGE_FEATURE_FLOODPLAINS_CHAPTER_HISTORY_PARA_2">
      <Text>Bölgeler, Mısır olarak oynanmadığı sürece normalde Taşkın Yatakları üzerine inşa edilemez.</Text>
    </Row>
    <Row Tag="LOC_PEDIA_FEATURES_PAGE_FEATURE_FOREST_CHAPTER_HISTORY_PARA_1">
      <Text>Ormanların cömertliği, birden fazla kabilenin hayatta kalmasında çok önemli olmuş, hayal gücünü şaşırtacak kadar çeşitli kereste, hayvan ve bitki sağlamıştır. Ne yazık ki, medeniyet çiftliklere, yollara ve banliyölere yer açmak için onları sık sık kesmiştir... ve bir de postlardan, kütüklerden ve metallerden zengin olmak isteyen açgözlü şirketler vardır.</Text>
    </Row>
    <Row Tag="LOC_PEDIA_FEATURES_PAGE_FEATURE_GALAPAGOS_CHAPTER_HISTORY_PARA_1">
      <Text>Galapagos Adaları ilk kez bir Avrupalı tarafından, Panama'nın İspanyol Piskoposu Fray Tomás de Berlanga'nın MS 1535 yılında Peru'ya giderken rotasından sapmasıyla ziyaret edilmiştir. Charles Darwin adında genç bir doğa bilimcinin içinde bulunduğu HMS Beagle gemisinin Pasifik limanlarına yaklaşırken uğradığı 1835 yılına kadar bu izole ekvator takımadalarına bir daha kimse fazla ilgi göstermedi. Darwin Charles Adası'nda dolaştı ve buradaki kaplumbağaların zincirdeki diğer adalardakilerden farklı olduğunu fark etti. Onları kesebildiğinde Darwin, farklı varyasyonlara rağmen adalarda tek bir ispinoz türü buldu. Böylece Türlerin Kökeni ortaya çıktı... ve insanoğlunun biyolojik (ruhani demiyorum) hemen her şey hakkındaki anlayışı bir daha asla aynı olmayacaktı.</Text>
    </Row>
    <Row Tag="LOC_PEDIA_FEATURES_PAGE_FEATURE_ICE_CHAPTER_HISTORY_PARA_1">
      <Text>Buz, gemiler için geçilmezdir (Titanik'in mürettebatına sorun, birkaç tanesi felakete uğramıştır) ve diğer gezginler için pek eğlenceli değildir. Belki kutup ayıları hariç.</Text>
    </Row>
    <Row Tag="LOC_PEDIA_FEATURES_PAGE_FEATURE_JUNGLE_CHAPTER_HISTORY_PARA_1">
      <Text>Yağmur ormanları aşırı biyolojik çeşitliliğe sahip yerlerdir, bu da onları geçilmesi zor, ancak bilimsel ve tıbbi bilgi hazineleri haline getirir.  Asya, Afrika ve Güney Amerika'daki yağmur ormanları modern uygarlığa her türlü zenginliği, gıdayı ve şimdi de pahalı ilaçları sağlamıştır.</Text>
    </Row>
    <Row Tag="LOC_PEDIA_FEATURES_PAGE_FEATURE_KILIMANJARO_CHAPTER_HISTORY_PARA_1">
      <Text>Maasai dilinde Kilimanjaro, Ngaje Ngai, yani "Tanrı'nın Evi" olarak bilinir. En yükseği 5,900 metreye (19,340 feet) ulaşan üç volkanik koniden oluşan - bu da onu Afrika'nın en yüksek noktası ve dünyanın en yüksek bağımsız dağı yapar - Kilimanjaro masifi Tanzanya'nın kuzeydoğusunda yer alır. Bir stratovolkan olarak kabul edilen Kilimanjaro'nun iki zirvesi (Mawenzi ve Shira) sönmüş, en yüksek zirvesi (Kibo) ise uykuda; son patlaması yaklaşık 150 bin yıl öncesine dayanıyor. Birçok başarısız girişimin ardından Kibo'nun zirvesine nihayet 1889 yılında Alman Hans Meyer ve Avusturyalı Ludwig Purtscheller tarafından ulaşılmış ve Kibo'nun gerçekten de bir krateri olduğu teyit edilmiştir. Daha sonra üzerinde gezinilmesine rağmen, Kibo'nun haritası birkaç yıl önce yapılan hava fotoğraflarına dayanarak 1964 yılına kadar çıkarılamamıştır.</Text>
    </Row>
    <Row Tag="LOC_PEDIA_FEATURES_PAGE_FEATURE_MARSH_CHAPTER_HISTORY_PARA_1">
      <Text>Odunsu bitkilerden ziyade otsu bitkilerle kaplı olan bu tatlı su sulak alanları genellikle yavaş akan nehirler boyunca veya göl kıyılarında bulunur. Bitki ve hayvanlardan oluşan inanılmaz çeşitlilikteki değerli şeylere ev sahipliği yapan bazı uygarlıklarda bataklık ve bataklıklardaki kasabalar büyük şehirlere dönüşmüştür: Petersburg, New Orleans ve Pantanal'daki Brezilya şehirleri gibi.</Text>
    </Row>
    <Row Tag="LOC_PEDIA_FEATURES_PAGE_FEATURE_OASIS_CHAPTER_HISTORY_PARA_1">
      <Text>Efsanelere konu olan ve çölde dolaşanlar için hayati önem taşıyan vahalar, temiz ve bol su kaynaklarının üzerinde yer alır. Çorak ve cansız topraklardaki bu harika karakollar hakkında hikayeler anlatılır... ve onları kontrol etmek için savaşlar yapılır.</Text>
    </Row>
    <Row Tag="LOC_PEDIA_FEATURES_PAGE_FEATURE_PANTANAL_CHAPTER_HISTORY_PARA_1">
      <Text>Pantanal, 195 bin kilometrekareye (yaklaşık 75 bin mil kare) kadar yayılan su, bataklık, bataklık ve çamurla dünyanın en büyük tropikal sulak alanı olarak kabul edilir. Elbette, yaklaşık 1000 kuş türü ve 480 sürüngen türü de dahil olmak üzere son derece çeşitli bir flora ve fauna biyo-sistemine ev sahipliği yapmaktadır. Bororo halkı yüzyıllar boyunca bunların arasında mutlu bir şekilde yaşamış, ancak 1800'lerin sonunda hastalıklar ve Brezilyalı kaşifler, köle tüccarları, maden arayıcıları ve yerleşimciler tarafından yok edilmişlerdir. Şimdi Pantanal'da birkaç Brezilya şehri bulunmaktadır.</Text>
    </Row>
    <Row Tag="LOC_PEDIA_FEATURES_PAGE_FEATURE_PIOPIOTAHI_CHAPTER_HISTORY_PARA_1">
      <Text>Yerleşimciler tarafından Milford Sound olarak bilinen Piopiotahi, Maoriler tarafından artık nesli tükenmiş olan piopio kuşunun adını almıştır - Yeni Zelanda'nın Güney Adası Te Waipounamu kıyısında muhteşem bir doğal fiyorttur. Buzullar tarafından oyulan Yeni Zelanda fiyordunun uçurumları karanlık sulardan dikey olarak yükselirken, şelaleler yüzlerden aşağı 1000 metreye kadar düşmektedir. Kaptan James Cook gibi ilk kaşifler tarafından göz ardı edilen fiyort, İngilizce adını Galler'deki belirsiz bir noktadan sonra buraya ilk yelken açanlar tarafından almıştır. 1888 yılında, dünyanın en iyi yürüyüş parkurlarından biri olan Milford Track boyunca fiyorda erişim sağlayan MacKinnon Geçidi bulunmuştur. Günümüzde yılda üç çeyrek milyon ziyaretçi bu fiyortta gezinmekte ve yelken açmaktadır; bu da burayı ülkenin en ünlü turizm merkezi haline getirmektedir.</Text>
    </Row>
    <Row Tag="LOC_PEDIA_FEATURES_PAGE_FEATURE_TORRES_DEL_PAINE_CHAPTER_HISTORY_PARA_1">
      <Text>Torres del Paine'nin dik kuleleri isimlerini renklerinden almaktadır - "paine" Tehuelche dilinde "mavi" anlamına gelmektedir. Feminist ve muhabir Lady Florence Dixie, 1880 tarihli kitabında üç granit kuleyi "Kleopatra'nın İğneleri" olarak tanımlamıştır; bölgeye gelen "ilk yabancı turist" olma gibi şüpheli bir ayrıcalığa sahiptir. Ne yazık ki o sonuncu değildi, çünkü Torres del Paine Parkı 1985'ten bu yana dikkatsiz sırt çantalı gezginler nedeniyle üç büyük orman yangınına maruz kaldı. Neyse ki deniz seviyesinden 2850 metre yükseklikteki Paine Masifi'nin göller ve buzullarla çevrili üç zirvesi alevlerden nispeten etkilenmedi. Torres del Paine zirvelerini kapsayan park 1977 yılında Şili hükümeti tarafından kurulmuş ve ertesi yıl UNESCO tarafından Dünya Biyosfer Rezervi olarak belirlenmiştir.</Text>
    </Row>
    <Row Tag="LOC_PEDIA_FEATURES_PAGE_FEATURE_TSINGY_CHAPTER_HISTORY_PARA_1">
      <Text>Çocuklar için pek de tatil yeri olmayan Tsingy de Bemaraha, Madagaskar adasında, obruklar ve mağaralarla kesilmiş, pürüzlü kireçtaşı oluşumlarından oluşan bir karst topolojisidir. Bitişiğindeki Sıkı Doğa Koruma Alanı ile birlikte (on bir lemur türü de dahil olmak üzere pek çok hayvan, birbirine karışmış kuleler ve ormanlar arasında evlerini yapmaktadır), 1990 yılında UNESCO Dünya Mirası Alanı olarak belirlenmiştir. Dikey kayalardan oluşan labirente - yer yer 300 fit yüksekliğinde ve hepsi jilet keskinliğinde - ulaşmak pek kolay değil (Madagaskar'ın başkentinden beş günlük bir yolculuk) ve yüreği zayıf olanlar için değil. Tsingy de Bemaraha'ya girmeye cesaret eden doğa bilimciler tıbbi yardım için sürünerek çıkmak zorunda kalmışlardır. Tsingy, "çıplak ayakla yürünemeyen yer" anlamına gelen Malgaşça bir kelime olduğunda bu beklenen bir şeydir.</Text>
    </Row>
    <Row Tag="LOC_PEDIA_FEATURES_PAGE_FEATURE_YOSEMITE_CHAPTER_HISTORY_PARA_1">
      <Text>Yoğun çam ormanlarıyla kaplı ve El Capitan ile Half Dome'un granit zirveleriyle çevrili 13 kilometre (sekiz mil) uzunluğundaki Yosemite Vadisi, Sierra Nevada'nın batısında yer almaktadır. Yosemite, başlangıçta kendilerine "Ahwahnee vadisinin insanları", "Ahwahnechee" diyen ilk sakinleri tarafından Ahwahnee olarak adlandırılmıştır. Ancak Amerika'nın batısı için çok tanıdık olan bir hikayede, kaynaklara (bu durumda altın) ulaşma arzusu, ordunun gücüyle desteklenen Avrupalı-Amerikalı yerleşimcileri getirdi. 1851 yılında, Kaliforniya yerlileri ile Birleşik Devletler Ordusu arasında yaşanan daha büyük çaplı bir savaş sırasında, Mariposa Taburu, Tenaya adındaki şefleri tarafından yönetilen Ahwahnechee sakinlerine saldırdı. Ahwahnechee'ler yenilgilerinin ardından burada kalırken, yeni "boş" (en azından devlete göre) bölge, doğal güzelliği ve dev sekoya ağaçlarının antik duruşu nedeniyle ABD'de türünün ilk örneği olan doğal bir park haline gelecekti ve turistler ve sanatçılar (Thomas Ayres dahil) bölgeye akın etti. Ahwahnee'nin güzelliği, Ahwahnechee'nin güzelliği gibi devam etmektedir, ancak kuruluş tarihi genellikle arazinin doğal güzelliği altında göz ardı edilmektedir.</Text>
    </Row>
    <Row Tag="LOC_PEDIA_FEATURES_PAGE_TERRAIN_COAST_CHAPTER_HISTORY_PARA_1">
      <Text>Kıyı suları (tabii ki bir göl değilse) ilk uygarlıkları, her türlü zenginliği ve yiyecek iyi şeyleri buldukları karadan açılmaya çağırdı. Böylece binlerce yıl boyunca insanların karadan uzaklara yelken açmaya ihtiyacı (ya da korkusu) olmadı.</Text>
    </Row>
    <Row Tag="LOC_PEDIA_FEATURES_PAGE_TERRAIN_DESERT_CHAPTER_HISTORY_PARA_1">
      <Text>Genel olarak çöller, orada yaşamayı öğrenmiş olan canlılar ve insanlar dışında, oldukça faydasızdır. Dünyanın gerçek çölleri - Sahra, Gobi, Mojave, Büyük Victoria ve benzerleri - tarih başladığından beri insanları ve medeniyetleri yutmaktadır.</Text>
    </Row>
    <Row Tag="LOC_PEDIA_FEATURES_PAGE_TERRAIN_DESERT_HILLS_CHAPTER_HISTORY_PARA_1">
      <Text>Düz çölden bile daha az çekici olan çöl tepelerinin iyi olduğu tek şey bir savaşta savunma yapmaktır. Bu özellik onları Bedeviler, Tuaregler, Berberiler ve diğer çöl sakinleri gibi gruplar için sığınak haline getirmiştir.</Text>
    </Row>
    <Row Tag="LOC_PEDIA_FEATURES_PAGE_TERRAIN_DESERT_MOUNTAIN_CHAPTER_HISTORY_PARA_1">
      <Text>Tarih söz konusu olduğunda, dağlar hareket için misafirperver olmayan engellerdir ve bir medeniyete çok az fayda sağlar ya da hiç sağlamaz... istilaya karşı bariyerler dışında. Bu nedenle sadece fotoğrafçılara, münzevilere ve dağcılara hitap ederler.</Text>
    </Row>
    <Row Tag="LOC_PEDIA_FEATURES_PAGE_TERRAIN_GRASS_CHAPTER_HISTORY_PARA_1">
      <Text>Zengin ve verimli topraklarla kutsanmış otlaklar, genişleme için gerekli olan yiyecek ve açık sınırları sağlayarak birçok medeniyetin kalbi olmuştur. Ne yazık ki her barbar da bunun farkındadır ve bu yüzden otlaklar yüzyıllar boyunca kanla gübrelenmiştir.</Text>
    </Row>
    <Row Tag="LOC_PEDIA_FEATURES_PAGE_TERRAIN_GRASS_HILLS_CHAPTER_HISTORY_PARA_1">
      <Text>Tüm bu zenginlikleri korumanın bir yolu da saldırıya uğradıklarında birlikleri tepelere yerleştirmekti, çünkü (mermiler ve bombalar icat edilene kadar) yüksek yerleri tutmak oldukça iyi bir stratejiydi. Böylece, zaman içinde tepeler, çevredeki kırsal alanın güzel manzarasına sahip uygarlık kaleleri ve şatolarıyla doldu.</Text>
    </Row>
    <Row Tag="LOC_PEDIA_FEATURES_PAGE_TERRAIN_GRASS_MOUNTAIN_CHAPTER_HISTORY_PARA_1">
      <Text>Tarih söz konusu olduğunda, dağlar hareket için misafirperver olmayan engellerdir ve bir medeniyete çok az fayda sağlar ya da hiç sağlamaz... istilaya karşı bariyerler dışında. Bu nedenle sadece fotoğrafçılara, münzevilere ve dağcılara hitap ederler.</Text>
    </Row>
    <Row Tag="LOC_PEDIA_FEATURES_PAGE_TERRAIN_OCEAN_CHAPTER_HISTORY_PARA_1">
      <Text>Okyanusların derin suları tarih boyunca insanoğlunu korkutmuş, sadece Polinezyalılar ve Vikingler tarafından cesaret edilebilmiştir. Bu sulara cesaret etmek için gelişmiş yelken teknolojisi gerekiyordu - ve bugün okyanusları birkaç saat içinde uçarak geçiyoruz.</Text>
    </Row>
    <Row Tag="LOC_PEDIA_FEATURES_PAGE_TERRAIN_PLAINS_CHAPTER_HISTORY_PARA_1">
      <Text>Ova, toprağı verimli otlaklar kadar zengin olmayan ancak çöl kadar da kuru olmayan geniş, düz bir arazi parçasıdır. Bu nedenle, kendi haline bırakıldığında (tüm o traktörler ortaya çıkmadan önce) ovalar bizon, antilop ve at gibi büyük hayvan sürüleri için mükemmel olma eğilimindedir.</Text>
    </Row>
    <Row Tag="LOC_PEDIA_FEATURES_PAGE_TERRAIN_PLAINS_HILLS_CHAPTER_HISTORY_PARA_1">
      <Text>Ovalarda tepeler yer işaretleri olma eğilimindedir... Iowa'nın en yüksek noktası olan 1670 feet (510 metre) yüksekliğindeki Hawkeye Point'i düşünün. Her tarafın düz olduğu düşünüldüğünde, bunlar sonsuz, sıkıcı manzaralar üzerinde uzun mesafeler için güzel görüş hatları sağlar.</Text>
    </Row>
    <Row Tag="LOC_PEDIA_FEATURES_PAGE_TERRAIN_PLAINS_MOUNTAIN_CHAPTER_HISTORY_PARA_1">
      <Text>Tarih söz konusu olduğunda, dağlar hareket için misafirperver olmayan engellerdir ve bir medeniyete çok az fayda sağlar ya da hiç sağlamaz... istilaya karşı bariyerler dışında. Bu nedenle sadece fotoğrafçılara, münzevilere ve dağcılara hitap ederler.</Text>
    </Row>
    <Row Tag="LOC_PEDIA_FEATURES_PAGE_TERRAIN_SNOW_CHAPTER_HISTORY_PARA_1">
      <Text>Tarih, soğuk iklimlerde karla kaplı topraklarda insanların hayatta kaldığına dair çok az örnek sunmaktadır. Inupiat gibi birkaç istisna dışında, insanlar uzak kutup bölgelerinde geçimlerini sağlamakta zorlanmışlardır.</Text>
    </Row>
    <Row Tag="LOC_PEDIA_FEATURES_PAGE_TERRAIN_SNOW_HILLS_CHAPTER_HISTORY_PARA_1">
      <Text>Çok pitoresk, çok canlandırıcı, kayakçıların, kayakla atlayanların ve diğer aptalların sevgilisi. Tepelerde kar çok güzeldir ve çok eğlencelidir... tabii hiç erimediği sürece.</Text>
    </Row>
    <Row Tag="LOC_PEDIA_FEATURES_PAGE_TERRAIN_SNOW_MOUNTAIN_CHAPTER_HISTORY_PARA_1">
      <Text>Tarih söz konusu olduğunda, dağlar hareket için misafirperver olmayan engellerdir ve bir medeniyete çok az fayda sağlar ya da hiç sağlamaz... istilaya karşı bariyerler dışında. Bu nedenle sadece fotoğrafçılara, münzevilere ve dağcılara hitap ederler.</Text>
    </Row>
    <Row Tag="LOC_PEDIA_FEATURES_PAGE_TERRAIN_TUNDRA_CHAPTER_HISTORY_PARA_1">
      <Text>Tundra, dünyanın daha soğuk iklimlerinde bulunan yarı donmuş topraklardır. Kaynaklar için çaresiz olmadıkça (tundra geniş maden ve petrol yataklarını örtme eğilimindedir) ... ya da gidecek başka yerleri olmadıkça kimse tundrada şehirler inşa etmez.</Text>
    </Row>
    <Row Tag="LOC_PEDIA_FEATURES_PAGE_TERRAIN_TUNDRA_HILLS_CHAPTER_HISTORY_PARA_1">
      <Text>Tundra topraklarındaki tepeler çorak topaklar olma eğilimindedir, çünkü yıllık erime toprağı ve fideleri alıp götürür. Ancak tarih boyunca tundrada kurulan kasabaların çoğu tepelere kurulmuştur... Bu da kurtları ve ayıları sokaklardan uzak tutmaya yardımcı olmuştur.</Text>
    </Row>
    <Row Tag="LOC_PEDIA_FEATURES_PAGE_TERRAIN_TUNDRA_MOUNTAIN_CHAPTER_HISTORY_PARA_1">
      <Text>Tarih söz konusu olduğunda, dağlar hareket için misafirperver olmayan engellerdir ve bir medeniyete çok az fayda sağlar ya da hiç sağlamaz... istilaya karşı bariyerler dışında. Bu nedenle sadece fotoğrafçılara, münzevilere ve dağcılara hitap ederler.</Text>
    </Row>
  </BaseGameText>
</GameData>