﻿<?xml version="1.0" encoding="utf-8"?>
<!-- edited with XMLSPY v2004 rel. 2 U (http://www.xmlspy.com) by Ed Beach (Firaxis Games) -->
<GameData>
  <BaseGameText>
    <!-- Empire Names-->
    <Row Tag="LOC_CIVILIZATION_AMERICA_DESCRIPTION">
      <Text>Amerikan İmparatorluğu</Text>
    </Row>
    <Row Tag="LOC_CIVILIZATION_ARABIA_DESCRIPTION">
      <Text>Arap İmparatorluğu</Text>
    </Row>
    <Row Tag="LOC_CIVILIZATION_BARBARIAN_DESCRIPTION">
      <Text>Barbarlar
 	 	 	 2</Text>
      <Plurality>2</Plurality>
    </Row>
    <Row Tag="LOC_CIVILIZATION_BRAZIL_DESCRIPTION">
      <Text>Brezilya İmparatorluğu</Text>
    </Row>
    <Row Tag="LOC_CIVILIZATION_CHINA_DESCRIPTION">
      <Text>Çin İmparatorluğu</Text>
    </Row>
    <Row Tag="LOC_CIVILIZATION_EGYPT_DESCRIPTION">
      <Text>Mısır İmparatorluğu</Text>
    </Row>
    <Row Tag="LOC_CIVILIZATION_ENGLAND_DESCRIPTION">
      <Text>İngiliz İmparatorluğu</Text>
    </Row>
    <Row Tag="LOC_CIVILIZATION_FRANCE_DESCRIPTION">
      <Text>Fransız İmparatorluğu</Text>
    </Row>
    <Row Tag="LOC_CIVILIZATION_GERMANY_DESCRIPTION">
      <Text>Alman İmparatorluğu</Text>
    </Row>
    <Row Tag="LOC_CIVILIZATION_GREECE_DESCRIPTION">
      <Text>Yunan İmparatorluğu</Text>
    </Row>
    <Row Tag="LOC_CIVILIZATION_INDIA_DESCRIPTION">
      <Text>Hint İmparatorluğu</Text>
    </Row>
    <Row Tag="LOC_CIVILIZATION_JAPAN_DESCRIPTION">
      <Text>Japon İmparatorluğu</Text>
    </Row>
    <Row Tag="LOC_CIVILIZATION_KONGO_DESCRIPTION">
      <Text>Kongo İmparatorluğu</Text>
    </Row>
    <Row Tag="LOC_CIVILIZATION_NORWAY_DESCRIPTION">
      <Text>Norveç İmparatorluğu</Text>
    </Row>
    <Row Tag="LOC_CIVILIZATION_ROME_DESCRIPTION">
      <Text>Roma İmparatorluğu</Text>
    </Row>
    <Row Tag="LOC_CIVILIZATION_RUSSIA_DESCRIPTION">
      <Text>Rus İmparatorluğu</Text>
    </Row>
    <Row Tag="LOC_CIVILIZATION_SCYTHIA_DESCRIPTION">
      <Text>İskit İmparatorluğu</Text>
    </Row>
    <Row Tag="LOC_CIVILIZATION_SPAIN_DESCRIPTION">
      <Text>İspanyol İmparatorluğu</Text>
    </Row>
    <Row Tag="LOC_CIVILIZATION_SUMERIA_DESCRIPTION">
      <Text>Sümer İmparatorluğu</Text>
    </Row>
    <!-- City-State Empire Names-->
    <Row Tag="LOC_CIVILIZATION_AMSTERDAM_DESCRIPTION">
      <Text>Amsterdam şehir devleti</Text>
    </Row>
    <Row Tag="LOC_CIVILIZATION_BANDAR_BRUNEI_DESCRIPTION">
      <Text>Bandar Brunei şehir devleti</Text>
    </Row>
    <Row Tag="LOC_CIVILIZATION_BRUSSELS_DESCRIPTION">
      <Text>Brüksel şehir devleti</Text>
    </Row>
    <Row Tag="LOC_CIVILIZATION_BUENOS_AIRES_DESCRIPTION">
      <Text>Buenos Aires şehir devleti</Text>
    </Row>
    <Row Tag="LOC_CIVILIZATION_CARTHAGE_DESCRIPTION">
      <Text>Kartaca şehir devleti</Text>
    </Row>
    <Row Tag="LOC_CIVILIZATION_GENEVA_DESCRIPTION">
      <Text>Cenevre şehir devleti</Text>
    </Row>
    <Row Tag="LOC_CIVILIZATION_HATTUSA_DESCRIPTION">
      <Text>Hattuşa şehir devleti</Text>
    </Row>
    <Row Tag="LOC_CIVILIZATION_HONG_KONG_DESCRIPTION">
      <Text>Hong Kong şehir devleti</Text>
    </Row>
    <Row Tag="LOC_CIVILIZATION_JAKARTA_DESCRIPTION">
      <Text>Cakarta şehir devleti</Text>
    </Row>
    <Row Tag="LOC_CIVILIZATION_JERUSALEM_DESCRIPTION">
      <Text>Kudüs şehir devleti</Text>
    </Row>
    <Row Tag="LOC_CIVILIZATION_KABUL_DESCRIPTION">
      <Text>Kabil şehir devleti</Text>
    </Row>
    <Row Tag="LOC_CIVILIZATION_KANDY_DESCRIPTION">
      <Text>Kandy şehir devleti</Text>
    </Row>
    <Row Tag="LOC_CIVILIZATION_KUMASI_DESCRIPTION">
      <Text>Kumasi şehir devleti</Text>
    </Row>
    <Row Tag="LOC_CIVILIZATION_LA_VENTA_DESCRIPTION">
      <Text>La Venta şehir devleti</Text>
    </Row>
    <Row Tag="LOC_CIVILIZATION_LISBON_DESCRIPTION">
      <Text>Mogadişu şehir devleti</Text>
    </Row>
    <Row Tag="LOC_CIVILIZATION_MOHENJO_DARO_DESCRIPTION">
      <Text>Mohenjo-Daro şehir devleti</Text>
    </Row>
    <Row Tag="LOC_CIVILIZATION_PRESLAV_DESCRIPTION">
      <Text>Preslav şehir devleti</Text>
    </Row>
    <Row Tag="LOC_CIVILIZATION_NAN_MADOL_DESCRIPTION">
      <Text>Nan Madol şehir devleti</Text>
    </Row>
    <Row Tag="LOC_CIVILIZATION_SEOUL_DESCRIPTION">
      <Text>Seul şehir devleti</Text>
    </Row>
    <Row Tag="LOC_CIVILIZATION_STOCKHOLM_DESCRIPTION">
      <Text>Stockholm şehir devleti</Text>
    </Row>
    <Row Tag="LOC_CIVILIZATION_TORONTO_DESCRIPTION">
      <Text>Toronto şehir devleti</Text>
    </Row>
    <Row Tag="LOC_CIVILIZATION_VALLETTA_DESCRIPTION">
      <Text>Valletta şehir devleti</Text>
    </Row>
    <Row Tag="LOC_CIVILIZATION_VILNIUS_DESCRIPTION">
      <Text>Vilnius şehir devleti</Text>
    </Row>
    <Row Tag="LOC_CIVILIZATION_YEREVAN_DESCRIPTION">
      <Text>Erivan şehir devleti</Text>
    </Row>
    <Row Tag="LOC_CIVILIZATION_ZANZIBAR_DESCRIPTION">
      <Text>Zanzibar şehir devleti</Text>
    </Row>
    <!-- Adjectives -->
    <Row Tag="LOC_CIVILIZATION_AMERICA_ADJECTIVE">
      <Text>Amerikan
 	 	 	 Eril:an</Text>
      <Gender>Masculine:an</Gender>
    </Row>
    <Row Tag="LOC_CIVILIZATION_ARABIA_ADJECTIVE">
      <Text>Arap
 	 	 	 Eril:an</Text>
      <Gender>Masculine:an</Gender>
    </Row>
    <Row Tag="LOC_CIVILIZATION_BARBARIAN_ADJECTIVE">
      <Text>Barbar</Text>
    </Row>
    <Row Tag="LOC_CIVILIZATION_BRAZIL_ADJECTIVE">
      <Text>Brezilya</Text>
    </Row>
    <Row Tag="LOC_CIVILIZATION_CHINA_ADJECTIVE">
      <Text>Çince</Text>
    </Row>
    <Row Tag="LOC_CIVILIZATION_EGYPT_ADJECTIVE">
      <Text>Mısırlı
 	 	 	 Eril:an</Text>
      <Gender>Masculine:an</Gender>
    </Row>
    <Row Tag="LOC_CIVILIZATION_ENGLAND_ADJECTIVE">
      <Text>İngilizce
 	 	 	 Eril:an</Text>
      <Gender>Masculine:an</Gender>
    </Row>
    <Row Tag="LOC_CIVILIZATION_FRANCE_ADJECTIVE">
      <Text>Fransızca</Text>
    </Row>
    <Row Tag="LOC_CIVILIZATION_GERMANY_ADJECTIVE">
      <Text>Alman</Text>
    </Row>
    <Row Tag="LOC_CIVILIZATION_GREECE_ADJECTIVE">
      <Text>Yunan</Text>
    </Row>
    <Row Tag="LOC_CIVILIZATION_INDIA_ADJECTIVE">
      <Text>Hint
 	 	 	 Eril:an</Text>
      <Gender>Masculine:an</Gender>
    </Row>
    <Row Tag="LOC_CIVILIZATION_JAPAN_ADJECTIVE">
      <Text>Japonca</Text>
    </Row>
    <Row Tag="LOC_CIVILIZATION_KONGO_ADJECTIVE">
      <Text>Kongolese</Text>
    </Row>
    <Row Tag="LOC_CIVILIZATION_NORWAY_ADJECTIVE">
      <Text>Norveççe</Text>
    </Row>
    <Row Tag="LOC_CIVILIZATION_ROME_ADJECTIVE">
      <Text>Roman</Text>
    </Row>
    <Row Tag="LOC_CIVILIZATION_RUSSIA_ADJECTIVE">
      <Text>Rusça</Text>
    </Row>
    <Row Tag="LOC_CIVILIZATION_SCYTHIA_ADJECTIVE">
      <Text>İskit</Text>
    </Row>
    <Row Tag="LOC_CIVILIZATION_SPAIN_ADJECTIVE">
      <Text>İspanyolca</Text>
    </Row>
    <Row Tag="LOC_CIVILIZATION_SUMERIA_ADJECTIVE">
      <Text>Sümerce
 	 	 	 Eril:an</Text>
      <Gender>Masculine:an</Gender>
    </Row>
    <Row Tag="LOC_CIVILIZATION_AMSTERDAM_ADJECTIVE">
      <Text>Amsterdamer</Text>
    </Row>
    <Row Tag="LOC_CIVILIZATION_BANDAR_BRUNEI_ADJECTIVE">
      <Text>Bandar Bruneian
 	 	 	 Eril:an</Text>
      <Gender>Masculine:an</Gender>
    </Row>
    <Row Tag="LOC_CIVILIZATION_BRUSSELS_ADJECTIVE">
      <Text>Brüksel</Text>
    </Row>
    <Row Tag="LOC_CIVILIZATION_BUENOS_AIRES_ADJECTIVE">
      <Text>Buenos Aires</Text>
    </Row>
    <Row Tag="LOC_CIVILIZATION_CARTHAGE_ADJECTIVE">
      <Text>Kartacalı
 	 	 	 Eril:an</Text>
      <Gender>Masculine:an</Gender>
    </Row>
    <Row Tag="LOC_CIVILIZATION_GENEVA_ADJECTIVE">
      <Text>Ceneviz</Text>
    </Row>
    <Row Tag="LOC_CIVILIZATION_HATTUSA_ADJECTIVE">
      <Text>Hattuşa</Text>
    </Row>
    <Row Tag="LOC_CIVILIZATION_HONG_KONG_ADJECTIVE">
      <Text>Hongkongese</Text>
    </Row>
    <Row Tag="LOC_CIVILIZATION_JAKARTA_ADJECTIVE">
      <Text>Jakartan
 	 	 	 Eril:an</Text>
      <Gender>Masculine:an</Gender>
    </Row>
    <Row Tag="LOC_CIVILIZATION_JERUSALEM_ADJECTIVE">
      <Text>Kudüs</Text>
    </Row>
    <Row Tag="LOC_CIVILIZATION_KABUL_ADJECTIVE">
      <Text>Kabil</Text>
    </Row>
    <Row Tag="LOC_CIVILIZATION_KANDY_ADJECTIVE">
      <Text>Kandyan
 	 	 	 Eril:an</Text>
      <Gender>Masculine:an</Gender>
    </Row>
    <Row Tag="LOC_CIVILIZATION_KUMASI_ADJECTIVE">
      <Text>Kumasi</Text>
    </Row>
    <Row Tag="LOC_CIVILIZATION_LA_VENTA_ADJECTIVE">
      <Text>La Venta</Text>
    </Row>
    <Row Tag="LOC_CIVILIZATION_LISBON_ADJECTIVE">
      <Text>Mogadishan</Text>
    </Row>
    <Row Tag="LOC_CIVILIZATION_MOHENJO_DARO_ADJECTIVE">
      <Text>Mohenjo-Daro</Text>
    </Row>
    <Row Tag="LOC_CIVILIZATION_PRESLAV_ADJECTIVE">
      <Text>Preslav</Text>
    </Row>
    <Row Tag="LOC_CIVILIZATION_NAN_MADOL_ADJECTIVE">
      <Text>Nan Madol</Text>
    </Row>
    <Row Tag="LOC_CIVILIZATION_SEOUL_ADJECTIVE">
      <Text>Seulite</Text>
    </Row>
    <Row Tag="LOC_CIVILIZATION_STOCKHOLM_ADJECTIVE">
      <Text>Stockholmer</Text>
    </Row>
    <Row Tag="LOC_CIVILIZATION_TORONTO_ADJECTIVE">
      <Text>Torontonian
 	 	 	 Eril:an</Text>
      <Gender>Masculine:an</Gender>
    </Row>
    <Row Tag="LOC_CIVILIZATION_VALLETTA_ADJECTIVE">
      <Text>Valletta</Text>
    </Row>
    <Row Tag="LOC_CIVILIZATION_VILNIUS_ADJECTIVE">
      <Text>Vilnian
 	 	 	 Eril:an</Text>
      <Gender>Masculine:an</Gender>
    </Row>
    <Row Tag="LOC_CIVILIZATION_YEREVAN_ADJECTIVE">
      <Text>Yerevantsi</Text>
    </Row>
    <Row Tag="LOC_CIVILIZATION_ZANZIBAR_ADJECTIVE">
      <Text>Zanzibari</Text>
    </Row>
    <!-- Civ Traits-->
    <Row Tag="LOC_TRAIT_CIVILIZATION_AMAZON_NAME">
      <Text>Amazon</Text>
    </Row>
    <Row Tag="LOC_TRAIT_CIVILIZATION_AMAZON_DESCRIPTION">
      <Text>Yağmur Ormanı karoları Kampüs, Ticaret Merkezi, Kutsal Alan ve Tiyatro Meydanı bölgeleri için +1 bitişiklik bonusu sağlar ve komşu karolara normalde -1 olan cazibe yerine +1 cazibe verir.</Text>
    </Row>
    <Row Tag="LOC_TRAIT_CIVILIZATION_DYNASTIC_CYCLE_NAME">
      <Text>Dinastik Döngü</Text>
    </Row>
    <Row Tag="LOC_TRAIT_CIVILIZATION_DYNASTIC_CYCLE_DESCRIPTION">
      <Text>[ICON_TechBoosted] Eurekas ve [ICON_CivicBoosted] Inspirations yurttaşlık bilgisi ve teknolojilerinin %50'si yerine %60'ını sağlamaktadır%. Bir mucizeyi tamamlarken, eğer varsa, mucizenin döneminden rastgele bir [ICON_TechBoosted] Eureka ve [ICON_CivicBoosted] İlham alın.</Text>
    </Row>
    <Row Tag="LOC_TRAIT_INEXPENSIVE_BUILDERS_NAME">
      <Text>Ucuz İnşaatçılar</Text>
    </Row>
    <Row Tag="LOC_TRAIT_INEXPENSIVE_BUILDERS_DESCRIPTION">
      <Text>Tren İnşaatçıları normal sürenin yarısında.</Text>
    </Row>
    <Row Tag="LOC_TRAIT_CIVILIZATION_ADJACENT_DISTRICTS_NAME">
      <Text>Meiji Restorasyonu</Text>
    </Row>
    <Row Tag="LOC_TRAIT_CIVILIZATION_ADJACENT_DISTRICTS_DESCRIPTION">
      <Text>Tüm ilçeler, başka bir ilçeye komşu oldukları için ek bir standart bitişiklik bonusu alırlar.</Text>
    </Row>
    <Row Tag="LOC_TRAIT_CIVILIZATION_DOUBLE_ARCHAEOLOGY_SLOTS_NAME">
      <Text>British Museum</Text>
    </Row>
    <Row Tag="LOC_TRAIT_CIVILIZATION_DOUBLE_ARCHAEOLOGY_SLOTS_DESCRIPTION">
      <Text>Her Arkeoloji Müzesi 3 yerine 6 [ICON_GreatWork_Artifact] Eser barındırır ve aynı anda 2 Arkeologu destekleyebilir. Arkeoloji Müzeleri 6 [ICON_GreatWork_Artifact] Esere sahip olduklarında otomatik olarak temalı olurlar.</Text>
    </Row>
    <Row Tag="LOC_TRAIT_CIVILIZATION_EXTRA_LIGHT_CAVALRY_NAME">
      <Text>Bozkır İnsanları</Text>
    </Row>
    <Row Tag="LOC_TRAIT_CIVILIZATION_EXTRA_LIGHT_CAVALRY_DESCRIPTION">
      <Text>Her hafif süvari birimi veya Saka Atlı Okçusu eğittiğinizde ikinci bir hafif süvari birimi veya Saka Atlı Okçusu kazanın.</Text>
    </Row>
    <Row Tag="LOC_BONUS_AGAINST_BARBS_NAME">
      <Text>Vahşi</Text>
    </Row>
    <Row Tag="LOC_BONUS_AGAINST_BARBS_DESCRIPTION">
      <Text>Barbarlara karşı bonus.</Text>
    </Row>
    <Row Tag="LOC_TRAIT_CIVILIZATION_FIRST_CIVILIZATION_NAME">
      <Text>Destansı Görevler</Text>
    </Row>
    <Row Tag="LOC_TRAIT_CIVILIZATION_FIRST_CIVILIZATION_DESCRIPTION">
      <Text>Bir Barbar Karakolu ele geçirdiğinizde, normal [ICON_Gold] Altına ek olarak bir Kabile Köyü ödülü kazanın. Şehir devleti birimlerini toplamak için normal maliyetin yarısını ödeyin.</Text>
    </Row>
    <Row Tag="LOC_TRAIT_CIVILIZATION_ITERU_NAME">
      <Text>Iteru</Text>
    </Row>
    <Row Tag="LOC_TRAIT_CIVILIZATION_ITERU_DESCRIPTION">
      <Text>Bir Nehrin yanına yerleştirilirse, mıntıkalar ve harikalar için +%15 [ICON_Production] Üretim. Taşkın yatakları, bölgelerin ve harikaların yerleştirilmesini engellemez.</Text>
    </Row>
    <Row Tag="LOC_TRAIT_CIVILIZATION_PLATOS_REPUBLIC_NAME">
      <Text>Platon'un Cumhuriyeti</Text>
    </Row>
    <Row Tag="LOC_TRAIT_CIVILIZATION_PLATOS_REPUBLIC_DESCRIPTION">
      <Text>Herhangi bir devlette fazladan bir Wildcard poliçe yuvası.</Text>
    </Row>
    <Row Tag="LOC_TRAIT_CIVILIZATION_MOTHER_RUSSIA_NAME">
      <Text>Rusya Ana</Text>
    </Row>
    <Row Tag="LOC_TRAIT_CIVILIZATION_MOTHER_RUSSIA_DESCRIPTION">
      <Text>Şehirler kurulduğunda ekstra bölge. Tundra'dan +1 [ICON_Faith] İnanç ve +1 [ICON_Production] Üretim.</Text>
    </Row>
    <Row Tag="LOC_TRAIT_CIVILIZATION_LAST_PROPHET_NAME">
      <Text>Son Peygamber</Text>
    </Row>
    <Row Tag="LOC_TRAIT_CIVILIZATION_LAST_PROPHET_DESCRIPTION">
      <Text>Sondan bir önceki Büyük Peygamber talep edildiğinde otomatik olarak son [ICON_GreatProphet] Büyük Peygamberi alırsınız (halihazırda bir [ICON_GreatProphet] Büyük Peygamber kazanmadıysanız). Arabistan'ın Dinini takip eden her yabancı şehir için +1 [ICON_Science] Bilim.</Text>
    </Row>
    <Row Tag="LOC_TRAIT_CIVILIZATION_NKISI_NAME">
      <Text>Nkisi</Text>
    </Row>
    <Row Tag="LOC_TRAIT_CIVILIZATION_NKISI_DESCRIPTION">
      <Text>Her [ICON_GreatWork_Relic] Kalıntı, [ICON_GreatWork_Artifact] Eser ve Heykel [ICON_GreatWork_Sculpture] Büyük Sanat Eserinden +2 [ICON_Food] Gıda, +2 [ICON_Production] Üretim, +1 [ICON_Faith] İnanç ve +4 [ICON_Gold] Altın, normal [ICON_Culture] Kültüre ek olarak. 50 daha fazla [ICON_GreatArtist] Büyük Sanatçı, [ICON_GreatMusician] Büyük Müzisyen ve [ICON_GreatMerchant] Büyük Tüccar puanı kazanın. Sarayda 5 Büyük Eser için yer vardır.</Text>
    </Row>
    <Row Tag="LOC_TRAIT_CIVILIZATION_TREASURE_FLEET_NAME">
      <Text>Hazine Filosu</Text>
    </Row>
    <Row Tag="LOC_TRAIT_CIVILIZATION_TREASURE_FLEET_DESCRIPTION">
      <Text>Milliyetçilik ve Seferberlik yerine Merkantilizm ile Filolar ve Armadalar oluşturabilir. [ICON_TradeRoute] Ticaret Yolları +3 [ICON_Gold] Altın, +2 [ICON_Faith] İnanç ve +1 [ICON_Production] Üretim alır. [ICON_TradeRoute] Birden fazla kıta arasındaki Ticaret Yolları bu sayıların üç katını alır. Asıl Başkentinizin kıtasında olmayan şehirler, kurulduklarında bölgelere ve bir inşaatçıya yönelik +%25 [ICON_Production] Üretim alır.</Text>
    </Row>
    <Row Tag="LOC_TRAIT_CIVILIZATION_FOUNDING_FATHERS_NAME">
      <Text>Kurucu Babalar</Text>
    </Row>
    <Row Tag="LOC_TRAIT_CIVILIZATION_FOUNDING_FATHERS_DESCRIPTION">
      <Text>Tüm devlet mirası bonuslarını normal sürenin yarısında kazanın.</Text>
    </Row>
    <Row Tag="LOC_TRAIT_CIVILIZATION_DHARMA_NAME">
      <Text>Dharma</Text>
    </Row>
    <Row Tag="LOC_TRAIT_CIVILIZATION_DHARMA_DESCRIPTION">
      <Text>Bir şehirde en az 1 takipçisi olan her Dinden Takipçi İnancı bonusları alır.</Text>
    </Row>
    <Row Tag="LOC_TRAIT_CIVILIZATION_WONDER_TOURISM_NAME">
      <Text>Büyük Tur</Text>
    </Row>
    <Row Tag="LOC_TRAIT_CIVILIZATION_WONDER_TOURISM_DESCRIPTION">
      <Text>Ortaçağ, Rönesans ve Sanayi dönemi harikalarına yönelik +%20 [ICON_Production] Üretim. [ICON_Tourism] Herhangi bir çağın harikalarından gelen turizm +100%.</Text>
    </Row>
    <Row Tag="LOC_TRAIT_CIVILIZATION_IMPERIAL_FREE_CITIES_NAME">
      <Text>Özgür İmparatorluk Şehirleri</Text>
    </Row>
    <Row Tag="LOC_TRAIT_CIVILIZATION_IMPERIAL_FREE_CITIES_DESCRIPTION">
      <Text>Her şehir normalden bir fazla bölge inşa edebilir [ICON_Citizen] Nüfusa dayalı normal sınırı aşarak).</Text>
    </Row>
    <Row Tag="LOC_TRAIT_CIVILIZATION_ALL_ROADS_TO_ROME_NAME">
      <Text>Tüm Yollar Roma'ya Çıkar</Text>
    </Row>
    <Row Tag="LOC_TRAIT_CIVILIZATION_ALL_ROADS_TO_ROME_DESCRIPTION">
      <Text>Bulduğunuz veya fethettiğiniz tüm şehirler bir Ticaret Karakolu ile başlar. Eğer [ICON_Capital] Başkentinizin [ICON_TradeRoute] Ticaret Yolu menzilindeyse, ona giden bir yolla da başlarlar. [ICON_TradeRoute] Ticaret Yollarınız, kendi şehirlerinizdeki Ticaret Karakollarından geçtiği için +1 [ICON_Gold] Altın kazanır.</Text>
    </Row>
    <Row Tag="LOC_TRAIT_CIVILIZATION_EARLY_OCEAN_NAVIGATION_NAME">
      <Text>Knarr</Text>
    </Row>
    <Row Tag="LOC_TRAIT_CIVILIZATION_EARLY_OCEAN_NAVIGATION_DESCRIPTION">
      <Text>Birimler, Gemi İnşa teknolojisini araştırdıktan sonra Okyanus karolarına girme yeteneği kazanır. Donanma yakın muharebe birimleri tarafsız bölgede iyileşir. Birimler, gemiye binme ve karaya çıkma nedeniyle ek [ICON_Movement] Hareket maliyetlerini yok sayar.</Text>
    </Row>
    <!-- Civilization Info -->
    <Row Tag="LOC_CIVINFO_LOCATION">
      <Text>Konum</Text>
    </Row>
    <Row Tag="LOC_CIVINFO_SIZE">
      <Text>Boyut</Text>
    </Row>
    <Row Tag="LOC_CIVINFO_POPULATION">
      <Text>Nüfus</Text>
    </Row>
    <Row Tag="LOC_CIVINFO_CAPITAL">
      <Text>Sermaye</Text>
    </Row>
    <Row Tag="LOC_CIVINFO_AMERICA_LOCATION">
      <Text>Kuzey Amerika</Text>
    </Row>
    <Row Tag="LOC_CIVINFO_AMERICA_SIZE">
      <Text>Yaklaşık 3,8 milyon mil kare (9,6 milyon kilometrekare)</Text>
    </Row>
    <Row Tag="LOC_CIVINFO_AMERICA_POPULATION">
      <Text>Yaklaşık 318 milyon</Text>
    </Row>
    <Row Tag="LOC_CIVINFO_AMERICA_CAPITAL">
      <Text>Çeşitli (Philadelphia, New York, şu anda Washington)</Text>
    </Row>
    <Row Tag="LOC_CIVINFO_ARABIA_LOCATION">
      <Text>Asya-Afrika</Text>
    </Row>
    <Row Tag="LOC_CIVINFO_ARABIA_SIZE">
      <Text>Emevi Halifeliği Döneminde, Tah. 5,79 milyon mil kare (15 milyon km kare)</Text>
    </Row>
    <Row Tag="LOC_CIVINFO_ARABIA_POPULATION">
      <Text>Emeviler döneminde yaklaşık 34 milyon</Text>
    </Row>
    <Row Tag="LOC_CIVINFO_ARABIA_CAPITAL">
      <Text>Çok sayıda (Medine, Kufe, Şam, Bağdat, Kahire)</Text>
    </Row>
    <Row Tag="LOC_CIVINFO_BRAZIL_LOCATION">
      <Text>Güney Amerika</Text>
    </Row>
    <Row Tag="LOC_CIVINFO_BRAZIL_SIZE">
      <Text>Yaklaşık 3,29 milyon mil kare (8,5 milyon km kare)</Text>
    </Row>
    <Row Tag="LOC_CIVINFO_BRAZIL_POPULATION">
      <Text>Tahmini 193 milyon</Text>
    </Row>
    <Row Tag="LOC_CIVINFO_BRAZIL_CAPITAL">
      <Text>Çeşitli (Salvador, Rio de Janeiro, şu anda Brasilia)</Text>
    </Row>
    <Row Tag="LOC_CIVINFO_CHINA_LOCATION">
      <Text>Asya</Text>
    </Row>
    <Row Tag="LOC_CIVINFO_CHINA_SIZE">
      <Text>Tahmini 3,7 milyon mil kare (9,6 milyon km kare)</Text>
    </Row>
    <Row Tag="LOC_CIVINFO_CHINA_POPULATION">
      <Text>1990 yılında 1,1 milyar</Text>
    </Row>
    <Row Tag="LOC_CIVINFO_CHINA_CAPITAL">
      <Text>Birçoğu (başlıca dört tanesi: Nanjing, Luoyang, Chang'an ve şu anda Pekin)</Text>
    </Row>
    <Row Tag="LOC_CIVINFO_ENGLAND_LOCATION">
      <Text>Avrupa</Text>
    </Row>
    <Row Tag="LOC_CIVINFO_ENGLAND_SIZE">
      <Text>Kabaca 94 bin mil kare (243458,88 km kare)</Text>
    </Row>
    <Row Tag="LOC_CIVINFO_ENGLAND_POPULATION">
      <Text>Tahmini 64,1 milyon</Text>
    </Row>
    <Row Tag="LOC_CIVINFO_ENGLAND_CAPITAL">
      <Text>Londra (genellikle)</Text>
    </Row>
    <Row Tag="LOC_CIVINFO_EGYPT_LOCATION">
      <Text>Afrika</Text>
    </Row>
    <Row Tag="LOC_CIVINFO_EGYPT_SIZE">
      <Text>Tahmini 390 bin mil kare (1 milyon km kare)</Text>
    </Row>
    <Row Tag="LOC_CIVINFO_EGYPT_POPULATION">
      <Text>Tahmini 7,5 milyon (Ptolemaic Hanedanlığı)</Text>
    </Row>
    <Row Tag="LOC_CIVINFO_EGYPT_CAPITAL">
      <Text>Çeşitli (Memphis, Thebes, İskenderiye ve şu anda Kahire)</Text>
    </Row>
    <Row Tag="LOC_CIVINFO_FRANCE_LOCATION">
      <Text>Avrupa</Text>
    </Row>
    <Row Tag="LOC_CIVINFO_FRANCE_SIZE">
      <Text>Tahmini 246,2 bin mil kare (640,6 bin km kare)</Text>
    </Row>
    <Row Tag="LOC_CIVINFO_FRANCE_POPULATION">
      <Text>Tahmini 66,6 milyon</Text>
    </Row>
    <Row Tag="LOC_CIVINFO_FRANCE_CAPITAL">
      <Text>Çeşitli (Orleans, Tours, Versailles, Vichy, çoğunlukla Paris)</Text>
    </Row>
    <Row Tag="LOC_CIVINFO_GERMANY_LOCATION">
      <Text>Avrupa</Text>
    </Row>
    <Row Tag="LOC_CIVINFO_GERMANY_SIZE">
      <Text>Tahmini 390 bin mil kare (MS 1050'de 1 milyon km kare)</Text>
    </Row>
    <Row Tag="LOC_CIVINFO_GERMANY_POPULATION">
      <Text>Tahmini 26,3 milyon (MS 1780'de)</Text>
    </Row>
    <Row Tag="LOC_CIVINFO_GERMANY_CAPITAL">
      <Text>Şu anda Berlin</Text>
    </Row>
    <Row Tag="LOC_CIVINFO_GREECE_LOCATION">
      <Text>Avrupa</Text>
    </Row>
    <Row Tag="LOC_CIVINFO_GREECE_SIZE">
      <Text>Kabaca (çok) 50,9 bin mil kare (131,9 bin km kare)</Text>
    </Row>
    <Row Tag="LOC_CIVINFO_GREECE_POPULATION">
      <Text>Tahmini 667,5 bin (Peloponez Savaşı sırasında)</Text>
    </Row>
    <Row Tag="LOC_CIVINFO_GREECE_CAPITAL">
      <Text>Başta Sparta ve Atina olmak üzere tüm şehirler ve şu anda Atina</Text>
    </Row>
    <Row Tag="LOC_CIVINFO_INDIA_LOCATION">
      <Text>Asya</Text>
    </Row>
    <Row Tag="LOC_CIVINFO_INDIA_SIZE">
      <Text>Tahmini 1,3 milyon mil kare (3,3 milyon km kare)</Text>
    </Row>
    <Row Tag="LOC_CIVINFO_INDIA_POPULATION">
      <Text>Tahmini 1,2 milyar (her gün artıyor)</Text>
    </Row>
    <Row Tag="LOC_CIVINFO_INDIA_CAPITAL">
      <Text>Çeşitli (Kalküta, Delhi, şimdi Yeni Delhi)</Text>
    </Row>
    <Row Tag="LOC_CIVINFO_JAPAN_LOCATION">
      <Text>Asya</Text>
    </Row>
    <Row Tag="LOC_CIVINFO_JAPAN_SIZE">
      <Text>Tahmini 146 bin mil kare (378 bin km kare)</Text>
    </Row>
    <Row Tag="LOC_CIVINFO_JAPAN_POPULATION">
      <Text>Son 126,4 milyon</Text>
    </Row>
    <Row Tag="LOC_CIVINFO_JAPAN_CAPITAL">
      <Text>Çeşitli (Kyoto'ya kadar listelenemeyecek kadar çok sayıda; şu anda Tokyo)</Text>
    </Row>
    <Row Tag="LOC_CIVINFO_KONGO_LOCATION">
      <Text>Afrika</Text>
    </Row>
    <Row Tag="LOC_CIVINFO_KONGO_SIZE">
      <Text>En büyük boyutta, 49,9 bin mil kare (129,4 bin km kare)</Text>
    </Row>
    <Row Tag="LOC_CIVINFO_KONGO_POPULATION">
      <Text>Tahmini. MS 1650 yılında 509 bin</Text>
    </Row>
    <Row Tag="LOC_CIVINFO_KONGO_CAPITAL">
      <Text>M'banza Kongo</Text>
    </Row>
    <Row Tag="LOC_CIVINFO_NORWAY_LOCATION">
      <Text>Avrupa</Text>
    </Row>
    <Row Tag="LOC_CIVINFO_NORWAY_SIZE">
      <Text>Tahmini 148,7 bin mil kare (385,2 bin km kare)</Text>
    </Row>
    <Row Tag="LOC_CIVINFO_NORWAY_POPULATION">
      <Text>En son tahmin. 5,1 milyon</Text>
    </Row>
    <Row Tag="LOC_CIVINFO_NORWAY_CAPITAL">
      <Text>Çeşitli (Trondheim, Bergen ve şu anda Oslo)</Text>
    </Row>
    <Row Tag="LOC_CIVINFO_ROME_LOCATION">
      <Text>Avrupa (ve Küçük Asya, Afrika, Orta Doğu ve diğer bitler)</Text>
    </Row>
    <Row Tag="LOC_CIVINFO_ROME_SIZE">
      <Text>Trajan döneminde yaklaşık 2,5 milyon mil kare (6,5 milyon km kare)</Text>
    </Row>
    <Row Tag="LOC_CIVINFO_ROME_POPULATION">
      <Text>Tahmini 88 milyon (en yüksek seviyede)</Text>
    </Row>
    <Row Tag="LOC_CIVINFO_ROME_CAPITAL">
      <Text>Roma</Text>
    </Row>
    <Row Tag="LOC_CIVINFO_RUSSIA_LOCATION">
      <Text>Avrupa-Asya (ve kısaca Kuzey Amerika'nın bir parçası)</Text>
    </Row>
    <Row Tag="LOC_CIVINFO_RUSSIA_SIZE">
      <Text>Yaklaşık 8,4 milyon mil kare (21,8 milyon km kare)</Text>
    </Row>
    <Row Tag="LOC_CIVINFO_RUSSIA_POPULATION">
      <Text>Tahmini 181,5 milyon</Text>
    </Row>
    <Row Tag="LOC_CIVINFO_RUSSIA_CAPITAL">
      <Text>Moskova, sonra St. Petersburg</Text>
    </Row>
    <Row Tag="LOC_CIVINFO_SCYTHIA_LOCATION">
      <Text>Asya</Text>
    </Row>
    <Row Tag="LOC_CIVINFO_SCYTHIA_SIZE">
      <Text>Kabaca 384 bin mil kare (994 bin km kare)</Text>
    </Row>
    <Row Tag="LOC_CIVINFO_SCYTHIA_POPULATION">
      <Text>Bilinmiyor, en iyi tahmin zirvede 40-50 bin</Text>
    </Row>
    <Row Tag="LOC_CIVINFO_SCYTHIA_CAPITAL">
      <Text>Hiçbiri (tarihlerde adı geçen tek şehir, MS 3. yüzyılda Gotlar tarafından yok edilen "İskit Neapolis "tir)</Text>
    </Row>
    <Row Tag="LOC_CIVINFO_SPAIN_LOCATION">
      <Text>Avrupa</Text>
    </Row>
    <Row Tag="LOC_CIVINFO_SPAIN_SIZE">
      <Text>Tahmini 195 bin mil kare (504,4 bin km kare)</Text>
    </Row>
    <Row Tag="LOC_CIVINFO_SPAIN_POPULATION">
      <Text>Tahmini 47,6 milyon</Text>
    </Row>
    <Row Tag="LOC_CIVINFO_SPAIN_CAPITAL">
      <Text>Madrid (çoğunlukla)</Text>
    </Row>
    <Row Tag="LOC_CIVINFO_SUMERIA_LOCATION">
      <Text>Asya</Text>
    </Row>
    <Row Tag="LOC_CIVINFO_SUMERIA_SIZE">
      <Text>Söylemesi imkansız</Text>
    </Row>
    <Row Tag="LOC_CIVINFO_SUMERIA_POPULATION">
      <Text>Tahmini 1,1 ila 1,5 milyon arasında</Text>
    </Row>
    <Row Tag="LOC_CIVINFO_SUMERIA_CAPITAL">
      <Text>Birçok (Lagaş, Eridu, Uruk, Kiş, Ur veya mevcut kral nereden geliyorsa)</Text>
    </Row>
    <!-- Uniques -->
    <Row Tag="LOC_TRAIT_CIVILIZATION_BUILDING_FILM_STUDIO_NAME">
      <Text>Amerika'nın eşsiz binası: Film Stüdyosu</Text>
    </Row>
    <Row Tag="LOC_TRAIT_CIVILIZATION_BUILDING_MADRASA_NAME">
      <Text>Araplara özgü bir bina: Medrese</Text>
    </Row>
    <Row Tag="LOC_TRAIT_CIVILIZATION_IMPROVEMENT_GREAT_WALL_NAME">
      <Text>Çin'in eşsiz gelişimi: Çin Seddi</Text>
    </Row>
    <Row Tag="LOC_TRAIT_CIVILIZATION_IMPROVEMENT_SPHINX_NAME">
      <Text>Mısır'a özgü gelişim: Sfenks</Text>
    </Row>
    <Row Tag="LOC_TRAIT_CIVILIZATION_UNIT_EGYPTIAN_CHARIOT_ARCHER_NAME">
      <Text>Mısır'a özgü birim: Maryannu Savaş Arabası Okçusu</Text>
    </Row>
    <Row Tag="LOC_TRAIT_CIVILIZATION_UNIT_CHINESE_CROUCHING_TIGER_NAME">
      <Text>Çin'in eşsiz birimi: Çömelen Kaplan</Text>
    </Row>
    <Row Tag="LOC_TRAIT_CIVILIZATION_IMPROVEMENT_CHATEAU_NAME">
      <Text>Fransız eşsiz gelişimi: Château</Text>
    </Row>
    <Row Tag="LOC_TRAIT_CIVILIZATION_DISTRICT_HANSA_NAME">
      <Text>Almanya'nın eşsiz bölgesi: Hansa</Text>
    </Row>
    <Row Tag="LOC_TRAIT_CIVILIZATION_DISTRICT_ACROPOLIS_NAME">
      <Text>Yunanistan'ın eşsiz bölgesi: Akropolis</Text>
    </Row>
    <Row Tag="LOC_TRAIT_CIVILIZATION_UNIT_GREEK_HOPLITE_NAME">
      <Text>Yunan eşsiz birimi: Hoplite</Text>
    </Row>
    <Row Tag="LOC_TRAIT_CIVILIZATION_IMPROVEMENT_STEPWELL_NAME">
      <Text>Hindistan'a özgü iyileştirme: Stepwell</Text>
    </Row>
    <Row Tag="LOC_TRAIT_CIVILIZATION_BUILDING_ELECTRONICS_FACTORY_NAME">
      <Text>Japon eşsiz binası: Elektronik Fabrikası</Text>
    </Row>
    <Row Tag="LOC_TRAIT_CIVILIZATION_UNIT_JAPANESE_SAMURAI_NAME">
      <Text>Japon eşsiz birimi: Samuray</Text>
    </Row>
    <Row Tag="LOC_TRAIT_CIVILIZATION_MBANZA_NAME">
      <Text>Kongolese eşsiz bölgesi: Mbanza</Text>
    </Row>
    <Row Tag="LOC_TRAIT_CIVILIZATION_BUILDING_STAVE_CHURCH_NAME">
      <Text>Norveç'in eşsiz binası: Stave Kilisesi</Text>
    </Row>
    <Row Tag="LOC_TRAIT_CIVILIZATION_DISTRICT_BATH_NAME">
      <Text>Roma'nın eşsiz bölgesi: Bath</Text>
    </Row>
    <Row Tag="LOC_TRAIT_CIVILIZATION_UNIT_ROMAN_LEGION_NAME">
      <Text>Roma'ya özgü bir birim: Lejyon</Text>
    </Row>
    <Row Tag="LOC_TRAIT_CIVILIZATION_UNIT_KONGO_SHIELD_BEARER_NAME">
      <Text>Kongolese benzersiz birimi: Ngao Mbeba</Text>
    </Row>
    <Row Tag="LOC_TRAIT_CIVILIZATION_DISTRICT_LAVRA_NAME">
      <Text>Rusya'nın eşsiz bölgesi: Lavra</Text>
    </Row>
    <Row Tag="LOC_TRAIT_CIVILIZATION_IMPROVEMENT_KURGAN_NAME">
      <Text>İskitlere özgü gelişim: Kurgan</Text>
    </Row>
    <Row Tag="LOC_TRAIT_CIVILIZATION_UNIT_SCYTHIAN_HORSE_ARCHER_NAME">
      <Text>İskitlere özgü birim: Saka Atlı Okçusu</Text>
    </Row>
    <Row Tag="LOC_TRAIT_CIVILIZATION_IMPROVEMENT_MISSION_NAME">
      <Text>İspanyolca benzersiz iyileştirme: Görev</Text>
    </Row>
    <Row Tag="LOC_TRAIT_CIVILIZATION_UNIT_SPANISH_CONQUISTADOR_NAME">
      <Text>İspanyol benzersiz birimi: Conquistador</Text>
    </Row>
    <Row Tag="LOC_TRAIT_CIVILIZATION_UNIT_RUSSIAN_COSSACK_NAME">
      <Text>Rus eşsiz birimi: Kazak</Text>
    </Row>
    <Row Tag="LOC_TRAIT_CIVILIZATION_IMPROVEMENT_ZIGGURAT_NAME">
      <Text>Sümerlere özgü gelişim: Ziggurat</Text>
    </Row>
    <Row Tag="LOC_TRAIT_CIVILIZATION_UNIT_SUMERIAN_WAR_CART_NAME">
      <Text>Sümerlere özgü birim: Savaş Arabası</Text>
    </Row>
    <Row Tag="LOC_TRAIT_CIVILIZATION_UNIT_INDIAN_VARU_NAME">
      <Text>Hindistan'a özgü bir birim: Varu</Text>
    </Row>
    <Row Tag="LOC_TRAIT_CIVILIZATION_UNIT_ENGLISH_SEADOG_NAME">
      <Text>İngilizce benzersiz birim: Deniz Köpeği</Text>
    </Row>
    <Row Tag="LOC_TRAIT_CIVILIZATION_UNIT_ARABIAN_MAMLUK">
      <Text>Arap eşsiz birimi: Memlük</Text>
    </Row>
    <Row Tag="LOC_TRAIT_CIVILIZATION_UNIT_FRENCH_GARDE_IMPERIALE_NAME">
      <Text>Fransız eşsiz birimi: Garde Impériale</Text>
    </Row>
    <Row Tag="LOC_TRAIT_CIVILIZATION_UNIT_GERMAN_UBOAT_NAME">
      <Text>Alman eşsiz birimi: U-Bot</Text>
    </Row>
    <Row Tag="LOC_TRAIT_CIVILIZATION_UNIT_AMERICAN_P51_NAME">
      <Text>Amerika'nın eşsiz birimi: P-51 Mustang</Text>
    </Row>
    <Row Tag="LOC_TRAIT_CIVILIZATION_UNIT_BRAZILIAN_MINAS_GERAES_NAME">
      <Text>Brezilya'nın eşsiz birimi: Minas Geraes</Text>
    </Row>
    <Row Tag="LOC_TRAIT_CIVILIZATION_UNIT_NORWEGIAN_BERSERKER_NAME">
      <Text>Norveç'e özgü birim: Berserker</Text>
    </Row>
    <Row Tag="LOC_TRAIT_CIVILIZATION_STREET_CARNIVAL_NAME">
      <Text>Brezilya'nın eşsiz bölgesi: Sokak Karnavalı</Text>
    </Row>
    <Row Tag="LOC_TRAIT_CIVILIZATION_ROYAL_NAVY_DOCKYARD_NAME">
      <Text>İngiliz eşsiz bölgesi: Kraliyet Donanması Tersanesi</Text>
    </Row>
  </BaseGameText>
</GameData>