﻿<?xml version="1.0" encoding="utf-8" standalone="yes"?>
<!-- edited with XMLSPY v2004 rel. 2 U (http://www.xmlspy.com) by Anton Strenger (Firaxis Games) -->
<GameData xmlns:xsi="http://www.w3.org/2001/XMLSchema-instance">
  <BaseGameText>
    <Row Tag="LOC_PEDIA_RESOURCES_PAGE_INTRO_CHAPTER_CONTENT_PARA_1">
      <Text>Kaynaklar [ICON_Food] Gıda, [ICON_Production] Üretim, [ICON_Science] Bilim, [ICON_Gold] Altın veya [ICON_Culture] Kültür kaynaklarıdır ve bir uygarlığa özel bonuslar sağlayabilirler. Uygarlığınızın zenginliği ve gücü büyük ölçüde kontrol ettiğiniz kaynakların sayısı ve türüne göre belirlenir. Bir kaynağı kullanmak için önce o kaynak uygarlığınızın sınırları içinde olmalı, sonra da o altıgende uygun "iyileştirmeyi" inşa etmelisiniz. Örneğin, bir Muz kaynağından faydalanmak için Plantasyon iyileştirmesini inşa etmelisiniz.</Text>
    </Row>
    <Row Tag="LOC_PEDIA_RESOURCES_PAGE_RESOURCE_ALUMINUM_CHAPTER_HISTORY_PARA_1">
      <Text>Yunanlılar ve Romalılar alüminyum tuzlarını büzücü ve banyo tozu olarak kullanmışlardır. Yüzyıllar boyunca, Danimarkalı kimyager Hans Orsted 1825'te bir parça alüminyum metali yaratmayı başarana kadar alüminyum bu işe yaradı. 1850'lerde saf alüminyum üretmek o kadar zordu ki, külçeleri altından daha değerliydi ve hatta 1855'teki Exposition Universelle'de bir merak unsuru olarak sergilendi. Bilim insanları elbette bunun için kullanım alanları bulmak zorundaydı ve şimdi alüminyum uzay araçlarından tavalara kadar her şeyde bulunuyor.</Text>
    </Row>
    <Row Tag="LOC_PEDIA_RESOURCES_PAGE_RESOURCE_ANTIQUITY_SITE_CHAPTER_HISTORY_PARA_1">
      <Text>Francis Bacon 1605 yılında şöyle yazmıştır: "Eski eserler, tahrif edilmiş tarihtir ya da zamanın batışından tesadüfen kurtulmuş bazı tarih kalıntılarıdır." Hazine avcıları, mezar soyguncuları ve akademisyenler bin yıldır uygarlığa geri götürecekleri "eski eserler" aramaktadır. Tanım olarak eski eserler, basit ok uçlarından sanatsal hazinelere kadar geçmişten gelen nesnelerdir. Kayıp bir medeniyetin kalıntılarının ve eserlerinin sistematik bir şekilde incelenmesiyle ortaya çıkarılabileceği duygusu, amatör koleksiyoncuları ve seçkin akademisyenleri (ve hırsızları), bilinen en misafirperver olmayan yerler de dahil olmak üzere dünyanın dört bir yanındaki antik bölgelerde bunları aramaya ve kazmaya itmiştir. İnsanlığın geçmişinden arta kalanları toplamaya yönelik bu tutku, sonunda yeni bir akademik disiplinin, arkeoloji alanının doğmasına neden oldu.</Text>
    </Row>
    <Row Tag="LOC_PEDIA_RESOURCES_PAGE_RESOURCE_BANANAS_CHAPTER_HISTORY_PARA_1">
      <Text>Lezzetli ve besleyici olan muz ve daha az tatlı olan plantain, tropikal iklimlerde bulunan büyük, otsu, çiçekli bitkilerin ürünüdür. İlk olarak Yeni Gine ve Güneydoğu Asya'da yetiştirilen muzun ilk olarak M.Ö. 5000 yıllarında Kuk Bataklığı'nda bilinçli olarak yetiştirildiğine dair kayıtlar (çoğunlukla halk hikayeleri) bulunmaktadır. Zamanla, tüccarlar muz bitkilerini Madagaskar'a taşımış ve bunların yetiştirilmesi Afrika'ya yayılmıştır - yeni bir ikram arayan Avrupalılar tarafından keşfedilmek üzere.</Text>
    </Row>
    <Row Tag="LOC_PEDIA_RESOURCES_PAGE_RESOURCE_CATTLE_CHAPTER_HISTORY_PARA_1">
      <Text>İster etçi, ister sütçü, ister taslak hayvanlar olsun, sığırlar tarihin başlangıcından bu yana insanlığa hizmet etmektedir. Aslında, yabani yaban öküzlerinin yaklaşık 10.500 yıl önce bugünkü Türkiye'de bir noktada evcilleştirildiği anlaşılmaktadır. Kanıtlar, sığırların M.Ö. 7000 yıllarında Hint alt kıtasında takas aracı olarak kullanıldığını göstermektedir. O zamandan beri sığır ve öküzler et ve süt, deri ve boynuz sağlamış, yük hayvanı ve dini bağlılık nesnesi olmuştur.</Text>
    </Row>
    <Row Tag="LOC_PEDIA_RESOURCES_PAGE_RESOURCE_CINNAMON_CHAPTER_HISTORY_PARA_1">
      <Text>Romalı yazar Pliny'ye göre, bir Roma poundu (yaklaşık 11,5 ons) tarçın 300 denarii'ye kadar mal oluyordu... şehirdeki sıradan bir işçinin on aylık ücreti. Tarçın antik çağlardan beri ilaç, afrodizyak olarak ve hem tatlı hem de tuzlu yiyecekleri tatlandırmak için kullanılmaktadır. M.Ö. 2000'li yılların başlarında Mısır'a ithal edilmiştir ve Yunanlılar arasında o kadar değerliydi ki Milet'teki tapınağında Apollo'ya hediye olarak küçük miktarlarda verilirdi. Baharat o kadar değerliydi ki tüccarlar kaynağını (Sri Lanka'da ve Hindistan'ın Malabar kıyılarında bulunan Cinnamomum ağaçlarının kabuğu) yüzyıllar boyunca gizli tuttular.</Text>
    </Row>
    <Row Tag="LOC_PEDIA_RESOURCES_PAGE_RESOURCE_CITRUS_CHAPTER_HISTORY_PARA_1">
      <Text>Citrus cinsi, portakal, mandalina, greyfurt, misket limonu, limon ve binlerce yıldır insan beslenmesinin temelini oluşturan diğerleri de dahil olmak üzere çeşitli meyveler üreten bir dizi çiçekli bitkiyi içerir. İlk olarak Güneydoğu Asya'da yetiştirilen bu ağaç ve çalılardan elde edilen meyveler iyi bir C vitamini kaynağıdır ve eksikliği iskorbüt hastalığına yol açar... oldukça kötü bir ölüm biçimine yol açabilen zayıflatıcı bir durum. Bu nedenle, uzun yolculuklarda komutanlar ellerinde bir miktar narenciye bulundurmayı faydalı bulmuşlardır.</Text>
    </Row>
    <Row Tag="LOC_PEDIA_RESOURCES_PAGE_RESOURCE_CLOVES_CHAPTER_HISTORY_PARA_1">
      <Text>Karanfil, Endonezya'daki Maluku Adaları'na özgü bir ağacın kurutulmuş çiçek tomurcuğudur; aromatik bir baharattır ve dünya çapında mutfaklarda kullanılır. Günümüzde ağırlıklı olarak Endonezya, Hindistan, Zanzibar ve Madagaskar'da hasat edilen karanfil, ağız dokuları üzerinde uyuşturucu bir etkiye sahiptir ve geçmişte baharatın yanı sıra ilaç olarak da kullanılmıştır. Adaların dışında ekilene kadar, Hollanda Doğu Hindistan Şirketi baharat üzerinde sanal bir tekele sahipti; 17. ve 18. yüzyıllarda Avrupa'da karanfil, talep nedeniyle tam anlamıyla ağırlığınca altın değerindeydi.</Text>
    </Row>
    <Row Tag="LOC_PEDIA_RESOURCES_PAGE_RESOURCE_COAL_CHAPTER_HISTORY_PARA_1">
      <Text>Eski İngilizce'de "fosilleşmiş karbon minerali" anlamına gelen col teriminden gelen kömür, binlerce yıldır evler, demirhaneler, dökümhaneler, elektrik santralleri ve benzerleri için uygarlığın birincil ısı kaynağı olmuştur. Binlerce yıl boyunca sıkıştırılan ayrışmış bitki maddesi olan kömür, ilk olarak Çin'in Shenyang bölgesinde bulunan M.Ö. 4000 yıllarına ait oyma süs eşyaları için kullanılmıştır. O zamandan beri insanlar kömürü topraktan çıkarıyor.</Text>
    </Row>
    <Row Tag="LOC_PEDIA_RESOURCES_PAGE_RESOURCE_COCOA_CHAPTER_HISTORY_PARA_1">
      <Text>Çikolata kakao çekirdeklerinden elde edilir ve kakao çekirdekleri Orta ve Güney Amerika'ya özgü yaprak dökmeyen bir ağaç olan kakao ağacından elde edilir. Erken Mezoamerikan uygarlıklarında çekirdek yetiştiriciliği yaygındı; M.Ö. 1750'lere kadar uzanan Olmek kalıntılarında çikolatalı içecek kalıntıları bulunmuştur. İspanyollar tarafından Avrupa'ya tanıtılan kakao, 1700'lerin ortalarında sıcak içecek, yemek malzemesi ve hatta ilaç olarak son derece popülerdi.</Text>
    </Row>
    <Row Tag="LOC_PEDIA_RESOURCES_PAGE_RESOURCE_COFFEE_CHAPTER_HISTORY_PARA_1">
      <Text>Kahve çekirdekleri 70'ten fazla ülkede yetiştirilmekte ve bunlardan üretilen acı içecek dünya çapında tüketilmektedir. Kakao ve tütün gibi kahve de bir uyarıcı olarak işlev görür... bu durumda bir adenozin antagonisti olan kafeinin varlığı nedeniyle. Efsaneye göre, her şey 9. Yüzyılda Etiyopyalı Kaldi'nin keçilerinin yabani bir kahve bitkisinin çekirdeklerini kemirdikten sonra enerjik hale geldiğini fark etmesiyle başladı. Muhtemelen uydurma bir hikayedir, ancak 15. Yüzyılda kahve çekirdeklerinin kavrulduğu, öğütüldüğü ve Arabistan'da içeceklerde kullanıldığı bilinmektedir.</Text>
    </Row>
    <Row Tag="LOC_PEDIA_RESOURCES_PAGE_RESOURCE_COPPER_CHAPTER_HISTORY_PARA_1">
      <Text>Yüksek ısı ve elektrik iletkenliği ile sünek olan bakır, insanlar tarafından binlerce yıldır, en azından MÖ 8000'den beri (Bakır Çağı olarak adlandırılan döneme adını veren) kullanılmaktadır. Ancak çoğunlukla bronz, pirinç ve kupronikel gibi alaşımlarda kullanılmıştır, bunların hepsi çok daha dayanıklı ve daha güçlüdür ve bu nedenle zırh ve kılıç gibi şeyler için iyidir. Bakırın kendisinin de bazı faydalı özellikleri vardır, en önemlisi de insanların bazı rahatsız edici zayıflatıcı durumlardan kaçınmak için diyetlerinde eser miktarda bakıra ihtiyaç duymalarıdır.</Text>
    </Row>
    <Row Tag="LOC_PEDIA_RESOURCES_PAGE_RESOURCE_COSMETICS_CHAPTER_HISTORY_PARA_1">
      <Text>Kozmetik kullanımı 6000 yılı ve neredeyse her uygarlığı kapsamaktadır. Öyle ya da böyle - ritüel, din, kur yapma, sanat - kozmetikler insan olmanın temel unsurlarından biri olmuştur. Antik Roma'da (örneğin ahlaksız Kleopatra bu yüzden kınanmıştır) ve antik İsrail'de (Eski Ahit'te İzebel boyalı gözleri yüzünden kınanmıştır) olduğu gibi hoş karşılanmasa bile. MS 1900 gibi geç bir tarihte bile kozmetik kullanmak bir şekilde itibarsızdı, ancak "Flapper Dönemi" Amerika ve Avrupa'da bunu ön plana çıkardı ve büyük bir iş haline getirdi. Kozmetik endüstrisi, günümüzde yaygın olan "gençlik kültürü" tarafından yönlendirilerek o zamandan beri istikrarlı bir şekilde büyümüştür.</Text>
    </Row>
    <Row Tag="LOC_PEDIA_RESOURCES_PAGE_RESOURCE_COTTON_CHAPTER_HISTORY_PARA_1">
      <Text>Yaklaşık yedi bin yıl önceki erken İndus Vadisi uygarlığından beri yetiştirilen pamuk bitkisi, bir koza içinde olgunlaşan ve kolayca hasat edilebilen yumuşak bir elyaf üretir. İplik haline getirilen elyaf, sıcak iklimler için mükemmel olan yumuşak, esnek, hafif bir kumaş ortaya çıkarır. Yılda yaklaşık 27,5 milyon ton üretilmesiyle faydalı olmaya devam etmektedir. Ve pamuk, 1700'lerin sonunda mekanize iplik eğirme makineleri ve çırçır icat edildikten sonra Sanayi Devrimi'nin teşvik edilmesine yardımcı olmuştur.</Text>
    </Row>
    <Row Tag="LOC_PEDIA_RESOURCES_PAGE_RESOURCE_CRABS_CHAPTER_HISTORY_PARA_1">
      <Text>Hem tuzlu hem de tatlı suda ve hatta karada yaşayan çeşitli yengeç türleri (800'den fazla) kalın bir dış iskelete ve çift pençeye sahiptir. Yengeçler binlerce yıldır insanlar için bir besin kaynağı olmuştur; bugün dünya çapında yakalanan, yetiştirilen ve tüketilen tüm deniz kabuklularının %20'sinden fazlasını oluşturmaktadırlar. Feromonlar, tamamen suda yaşayan yengeçler tarafından bir eşi çekmek için kullanılır - ne kadar lezzetli oldukları göz önüne alındığında, gerekli bir hayatta kalma becerisi - karada yaşayan yengeçler genellikle erkek kemancı yengeçlerinin bir dişiyi çekmek için büyük pençelerini sallaması gibi görsel sinyaller kullanır.</Text>
    </Row>
    <Row Tag="LOC_PEDIA_RESOURCES_PAGE_RESOURCE_DEER_CHAPTER_HISTORY_PARA_1">
      <Text>Gezegendeki hemen hemen her iklim ve arazide bulunan geyik sürüleri, ilkel insanlar tarafından hem ihtiyaç hem de spor amacıyla mızraklarla (ya da artık silahlarla) avlanmıştır. Üst Paleolitik dönemde, ren geyiği Cro-Magnon insanlarının birincil etiydi; Çin'de Homo erectus sika geyiğiyle beslendi; eski Keltler kızıl geyik avladı. Geyik çok bol (ve çok lezzetli) olduğu için, birçok medeniyetin sanatsal kültüründe ve hanedanlık armalarında da yer almıştır.</Text>
    </Row>
    <Row Tag="LOC_PEDIA_RESOURCES_PAGE_RESOURCE_DIAMONDS_CHAPTER_HISTORY_PARA_1">
      <Text>Aşırı ısı ve basınç koşulları altında litosferik mantoda oluşan, daha çok elmas olarak bilinen karbonun parçalanabilir allotropları, antik Hindistan günlerinden bu yana medeniyette merak ve açgözlülüğü körüklemiştir. Yüzeye yakın yataklarda bulunan elmaslar, M.Ö. 4. yüzyıla gelindiğinde birçok Hint yerleşiminde ticarete konu olmuş ve kaçınılmaz olarak Avrupa'ya kadar ulaşmıştır. Kesilmemiş ve cilalanmamış olmasına rağmen -bunun için gerekli teknoloji 1300'lerin sonuna kadar geliştirilemeyecekti- elmaslar güç ve ayrıcalığın bir işareti haline geldi. Her ne kadar artık laboratuvarlarda sahte elmaslar yapılabiliyor olsa da hala öyledirler.</Text>
    </Row>
    <Row Tag="LOC_PEDIA_RESOURCES_PAGE_RESOURCE_DYES_CHAPTER_HISTORY_PARA_1">
      <Text>İnsanlar her zaman parlak renkleri sevmişlerdir. Ve medeniyetler görünüşe göre sonsuza dek renkleri rol ve rütbeyi, statü ve üyeliği belirtmek için kullanmışlardır. Eski insanlar, bitkiler, mineraller ve hayvan parçaları gibi çok çeşitli maddelerin bu parlak renkleri sağlayacak boyalar üretmek için kullanılabileceğini keşfetti. Böylece, yaklaşık 37 bin yıldır insanlar kumaşlarını, boyalarını, ciltlerini ve saçlarını boyuyorlardı.</Text>
    </Row>
    <Row Tag="LOC_PEDIA_RESOURCES_PAGE_RESOURCE_FISH_CHAPTER_HISTORY_PARA_1">
      <Text>Protein, yağ ve mineraller açısından zengin olan balık, yaklaşık 40 bin yıl önceki Paleolitik Çağ'dan bu yana insanların beslenmesinde önemli bir yer tutmaktadır. Deniz kabukları, balık kemiği yığınları, mağara resimleri ve Tianyuan Adamı üzerinde yapılan analizler, tatlı su balıklarının tarih öncesi ilkeller tarafından düzenli olarak tüketildiğini göstermektedir. Teknoloji geliştikçe, özellikle de denizde giden tekneler alanında, balıklar ve onlardan elde edilen her şey uygarlıklar için giderek daha erişilebilir hale geldi. Öyle ki, Dünya okyanuslarında aşırı avlanma tüm türleri yok etme tehlikesiyle karşı karşıya bırakmıştır.</Text>
    </Row>
    <Row Tag="LOC_PEDIA_RESOURCES_PAGE_RESOURCE_FURS_CHAPTER_HISTORY_PARA_1">
      <Text>Homo sapiens, yaklaşık 125 bin yıl önce soğuk iklimlerde dolaşmaya başladığından beri diğer memelilerin postlarını giymektedir. Çok daha dayanıklı, daha sıcak ve temiz tutulması daha kolay olan yün ve pazen kumaşlar geliştirildikten sonra, kürk giymek sadece bir gösteriş haline geldi. Bununla birlikte, 1700'lü ve 1800'lü yıllarda birçok türün nesli tükenmek üzereyken avlandı - kunduz, tilki, vizon, fok, liste uzayıp gidiyor. Diğerleri esaret altında yetiştirildi - ermin, samur, çinçilla vb. - kürkleri için hasat edilmek üzere. Ve "kürk ticareti" (Hudson's Bay Company'yi düşünün) bazı insanları çok zengin etti.</Text>
    </Row>
    <Row Tag="LOC_PEDIA_RESOURCES_PAGE_RESOURCE_GYPSUM_CHAPTER_HISTORY_PARA_1">
      <Text>Sert, ancak oyulması nispeten kolay olan alçıtaşı, tortul kayalardaki birikintilerde bulunan sülfatlı, buharlaşmış bir mineraldir. İnce taneli, beyaz veya açık renkli bir çeşidi olan kaymaktaşı, eski Mısırlılar, Mezopotamyalılar, Romalılar, Bizanslılar ve Orta Çağ boyunca İngilizler tarafından heykeller ve anıtlar için kullanılmıştır. Oldukça yaygın olan alçıtaşı toz haline getirilip gübre olarak, alçı yapımında ve hatta çeşitli yiyeceklerin (örneğin ekmek, bira ve bal likörü), şampuanların ve kremlerin hazırlanmasında kullanılabilir. Uygarlıkta alçıtaşı kadar faydalı çok az şey vardır.</Text>
    </Row>
    <Row Tag="LOC_PEDIA_RESOURCES_PAGE_RESOURCE_HORSES_CHAPTER_HISTORY_PARA_1">
      <Text>At, Equus ferus'un günümüze ulaşan iki alt türünden biridir ve insanların MÖ 3500 yıllarında Orta Asya'da evcilleştirdiği ilk hayvanlardan biridir.  Görünüşe göre atlar, ilkellerin yapması gereken tüm o hareket etme ve avlanma işleri için çok kullanışlıydı. Yük hayvanı, askeri binek, yoldaş ve ara sıra besin kaynağı olarak at, muhtemelen tarihteki en önemli evcilleştirilmiş hayvandır.</Text>
    </Row>
    <Row Tag="LOC_PEDIA_RESOURCES_PAGE_RESOURCE_INCENSE_CHAPTER_HISTORY_PARA_1">
      <Text>Hem tıbbi hem de mistik niteliklere sahip olduğuna inanılan tütsü, yakıldığında aromatik bir duman çıkaran herhangi bir malzemedir - genellikle bir bitkinin bir kısmı -. Tütsünün MÖ 3300'lerde hem eski Mısır'da hem de eski Hindistan'da yaygın olarak kullanıldığı bilinmektedir. Dini törenlerdeki kullanımının yanı sıra, tütsü evlerde kalabalık insanlığın zengin kokusunu örtmek için kullanılırken, tiksindirici kokusu Mısırlılar için mumyaların çürüme kokusunu hafifletmeye yardımcı olmuştur.</Text>
    </Row>
    <Row Tag="LOC_PEDIA_RESOURCES_PAGE_RESOURCE_IRON_CHAPTER_HISTORY_PARA_1">
      <Text>Kütle olarak Dünya'daki en yaygın element olan ve atom numarası 26 olan demir, ısı altında oldukça şekillendirilebilir ... ve oldukça kullanışlıdır. Mısır'ın Gerzah kentindeki kazılarda MÖ 3500 yıllarına tarihlenen demir boncuklar bulunmuştur. Demir, ilk uygarlıkların ihtiyaç duyduğu her türlü şey için yararlı olmuştur: pişirme kapları, menteşeler, aletler ve diğer insanları bıçaklamak için sivri uçlu silahlar.</Text>
    </Row>
    <Row Tag="LOC_PEDIA_RESOURCES_PAGE_RESOURCE_IVORY_CHAPTER_HISTORY_PARA_1">
      <Text>Fil, balina, su aygırı, mors ve benzeri çeşitli hayvan türlerinin diş ve azı dişlerinden elde edilen fildişinin parlaklığı ve dayanıklılığı onu (plastiğin daha uygun olduğu kanıtlanmadan önce) medeniyetteki en değerli mallardan biri haline getirmiştir. Yunanlılar, Romalılar ve Çinliler, uzun ömürlü süslemeler, heykelcikler, kaplar, mutfak eşyaları ve takma dişlere oyulabilme özelliği nedeniyle fildişine değer verdiler. Bu durum, nesli tükenmek üzere olan hayvanlar için talihsiz bir durumdu. MS 1831 yılında sadece Büyük Britanya'da fildişine olan talep, o yıl 4000'den fazla filin ölümüne neden olmuştur.</Text>
    </Row>
    <Row Tag="LOC_PEDIA_RESOURCES_PAGE_RESOURCE_JADE_CHAPTER_HISTORY_PARA_1">
      <Text>Moğolistan'ın Hongshan kültüründe ve Çin'in Liangzhu kültüründe, MÖ 3500'lerde, yeşim taşı hem faydacı hem de törensel amaçlarla kullanılmıştır. Silikat mineralinin yüzey yatakları her iki bölgede de kolayca çıkarılabiliyordu. Yeşim taşı, biraz daha geç olmakla birlikte hem Hindistan hem de Kore'de de kullanılmaya başlanmıştır. Daha da sonra, Kolomb öncesi Mezoamerika'daki seçkinler, dini ritüellerde sembolik kullanımı için ona değer verdiler. Yeşim taşı cazibesinden hiçbir şey kaybetmemiştir ve hala parlaklığı ve neredeyse her şekle sokulabilmesi nedeniyle zanaatkarlar ve sanatçılar tarafından değer görmektedir.</Text>
    </Row>
    <Row Tag="LOC_PEDIA_RESOURCES_PAGE_RESOURCE_JEANS_CHAPTER_HISTORY_PARA_1">
      <Text>Jacob Davis ve Levi Strauss tarafından 1873 yılında icat edilen kot pantolon, batıdaki altına hücum döneminde daha sağlam bir pantolona duyulan ihtiyaçtan doğmuştur.</Text>
    </Row>
    <Row Tag="LOC_PEDIA_RESOURCES_PAGE_RESOURCE_MARBLE_CHAPTER_HISTORY_PARA_1">
      <Text>Eskiler mermeri bir yapı malzemesi olarak dayanıklı ve güzel, kumtaşından daha kalıcı ve granitten daha kolay çıkarılabilir buldular. Renk ve konumlarına göre sınıflandırılan mermer, kültürel bir gelenek ve zevk standardı haline geldi. Yunanlılar ve Romalılar tarafından büyük değer verilen mermer, heykeltıraşlar ve mühendisler tarafından zamanın testine dayanması gereken şeyler için kullanıldı. Şimdi beton kullanıyorlar... daha az dayanıklı ama çok daha ucuz.</Text>
    </Row>
    <Row Tag="LOC_PEDIA_RESOURCES_PAGE_RESOURCE_MERCURY_CHAPTER_HISTORY_PARA_1">
      <Text>Cıva - ya da hızlı gümüş - normal sıcaklık ve basınç koşulları altında sıvı halde bulunan sadece iki elementten biridir. Yüzyıllardır bilinmesine rağmen, yararlı olmaktan çok bir merak konusuydu; Çin ve Tibet'te yaşamı uzattığı ve dinçliği koruduğu düşünülürken, Yunanlılar onu merhemlere, Romalılar ise kozmetik ürünlere koyuyordu (sağlık üzerinde ciddi olumsuz etkileri olduğunu öğrendiklerinde hepsi şok olurdu). Termometreler, barometreler, manometreler, tansiyon ölçerler, cıvalı anahtarlar ve diğer her türlü cihazda yararlı olduğu Bilimsel Devrim'e kadar kanıtlanmadı.</Text>
    </Row>
    <Row Tag="LOC_PEDIA_RESOURCES_PAGE_RESOURCE_NITER_CHAPTER_HISTORY_PARA_1">
      <Text>Daha çok güherçile olarak bilinen niter, potasyum nitratın mineral formudur. Binlerce yıldır bilinmesine rağmen, MS 1. Yüzyılın ortalarında Çinliler barut yapmak için kükürt ile birleştirilebileceğini keşfedene kadar önemli hale gelmemiştir. Ve barut havai fişek yapmak ve bir şeyleri patlatmak için gerçekten iyidir. Niter aynı zamanda bir gübre ve gıda koruyucusu olarak da faydalıdır, ancak çok az insan bunu hatırlar.</Text>
    </Row>
    <Row Tag="LOC_PEDIA_RESOURCES_PAGE_RESOURCE_OIL_CHAPTER_HISTORY_PARA_1">
      <Text>Petrol, tabiri caizse modern uygarlığın tekerleklerini yağlar. İçten yanmalı motorun ortaya çıkmasından önce yüzyıllar boyunca petrol ateş yakmak, yağlamak ve asfalt yapmak için kullanıldı. MS 347 yılında Çin'de bambudan açılan kuyulardan petrol üretiliyordu. Ancak 1847 yılında James Young petrolden gazyağı damıtmak için bir yöntem keşfedince petrol sondajı hızla gelişen bir endüstri haline geldi. Bu patlama, ham petrolden benzin elde etme yöntemlerinin keşfedilmesiyle daha da hızlandı.</Text>
    </Row>
    <Row Tag="LOC_PEDIA_RESOURCES_PAGE_RESOURCE_PEARLS_CHAPTER_HISTORY_PARA_1">
      <Text>Eşmerkezli katmanlar halinde kalsiyum karbonattan oluşan inci, istiridye tarafından yumuşak iç dokularını tahriş eden bir şeyin etrafına salgılanır. Bazı insanlar bu küçük kaplamalı tahrişleri oldukça çekici bulur ve bu nedenle inciler yüzyıllardır oldukça değerli olmuştur. En azından MÖ 6. Yüzyıldan beri Hint ve Pasifik okyanuslarındaki dalgıçlar mücevher olarak kullanılmak, giysilere dikilmek ve taç ve tahtları süslemek üzere derinliklerden inci çıkarmışlardır.</Text>
    </Row>
    <Row Tag="LOC_PEDIA_RESOURCES_PAGE_RESOURCE_PERFUME_CHAPTER_HISTORY_PARA_1">
      <Text>İnsanlar bazen koktukları için, çözücüler ve sabitleyicilerle karıştırılmış kokulu yağlar uygar insanlar tarafından binlerce yıldır kullanılmaktadır. Antik kayıtlar ve modern arkeologların bulguları, ilk insan yerleşimlerinden bu yana bitkilerden, hayvan parçalarından ve hatta bazı minerallerden yapılan çeşitli türlerde parfümlerin kullanıldığını doğrulamaktadır. Kökleri 14. Yüzyıl Arabistan ve Fransa'sına kadar uzanan modern parfüm endüstrisi, aroma bileşimlerini sürekli yeni karışımlarla genişletmiştir. Belki de parfümlerin astım krizlerine, alerjik cilt reaksiyonlarına, baş ağrılarına veya mide bulantısına neden olabileceğini bilselerdi, bunu yapmazlardı.</Text>
    </Row>
    <Row Tag="LOC_PEDIA_RESOURCES_PAGE_RESOURCE_RICE_CHAPTER_HISTORY_PARA_1">
      <Text>Pirinç, çoğunluğu Asya'da olmak üzere dünya insan nüfusunun yarısından fazlasının temel besin maddesidir. Çin efsanesi, pirincin ilk ekimini tarımı "icat eden" Shennong'a atfetmektedir. Bunun doğruluğu ne olursa olsun, eski Mısırlıların pirinç ihraç ettikleri bilinmektedir ve MS 1. Yüzyıla tarihlenen Roma kamplarında büyük miktarda korunmuş pirinç yatakları bulunmuştur. Pirinç kıtlığı önlemek için hayati önem taşımaya devam etmektedir; dünya pirinç üretimi 1960 yılında yaklaşık 200 milyon ton iken 2000 yılında 600 milyon tona yükselmiştir.</Text>
    </Row>
    <Row Tag="LOC_PEDIA_RESOURCES_PAGE_RESOURCE_SALT_CHAPTER_HISTORY_PARA_1">
      <Text>Yiyecekleri muhafaza etmek ve pişirirken çeşnilendirmek için kullanılan tuz, aynı zamanda hayvan yaşamı için de gereklidir. Tuzun işlendiğine dair en eski kanıtlar altı bin yıl öncesine, Romanya ve Çin'de bulunan tuz fabrikalarının kalıntılarına dayanmaktadır. Tuz madenden çıkarılabilir ya da deniz suyunun buharlaştırılmasıyla elde edilebilir; her iki işlem de okuma yazma bilmeyen barbarlar için bile yeterince basittir.</Text>
    </Row>
    <Row Tag="LOC_PEDIA_RESOURCES_PAGE_RESOURCE_SHEEP_CHAPTER_HISTORY_PARA_1">
      <Text>Evcil koyunlar muhtemelen Avrupa ve Asya'da dağınık olarak bulunan yabani muflon ırklarının torunlarıdır. Çobanlık, yaklaşık 5000 yıl önce Küçük Asya'da başlayan, belgelenmiş en eski meslektir. Erkekler ve köpekleri koyunları yırtıcı hayvanlardan korur, böylece köy halkı eski Mezopotamya uygarlıklarının yükselişi için gerekli olan yün ve koyun etinden faydalanabilirdi. Bu uygulama Avrupa, Kuzey Afrika ve Orta Doğu'ya yayılmıştır. Bugün, her biri belirli bir kalite için yetiştirilen 200'den fazla koyun ırkı bulunmaktadır: dayanıklılık, büyüklük, yapağı miktarı ve kalitesi, süt üretimi ... ve lezzet.</Text>
    </Row>
    <Row Tag="LOC_PEDIA_RESOURCES_PAGE_RESOURCE_SHIPWRECK_CHAPTER_HISTORY_PARA_1">
      <Text>Gemiler batar... denizciler tarafından iyi bilinen bir gerçektir. Hazine avcıları, kurtarma dalgıçları ve sualtı arkeologları da gemi enkazından eserler (özellikle de altın olanlar) çıkararak kendilerine bir isim yapmaya çalışırlar. Bir gemi enkazı bir hazinedir: sualtı arkeologları onun aracılığıyla geçmişi anlamaya çalışırlar; kurtarma dalgıçları ondan kargo veya parça kurtarmaya çalışırlar; hazine avcıları - tüm romantik kavramlara rağmen - ondan zengin olmaya çalışırlar. Deniz dibinde bulunan kayıp hazinenin cazibesi, Nuestra Senora de Atocha'nın enkazı (yaklaşık $450 milyon değerinde) veya Whydah Gally ($400 milyon değerinde) korsan gemisi gibi bazı muhteşem keşiflerle desteklenmiştir. Daha küçük batıklar arasında Portekiz Flor de la Mar (tahmini hazine $2.6 milyar)) hala oralarda bir yerlerde.</Text>
    </Row>
    <Row Tag="LOC_PEDIA_RESOURCES_PAGE_RESOURCE_SILK_CHAPTER_HISTORY_PARA_1">
      <Text>Doğal bir protein lifi olan ipek, böcek larvaları tarafından koza oluşturmak için üretilir. Çinlilerin M.Ö. 3630 civarında keşfettiği gibi (arkeologlar o döneme ait bir çocuğun cesedini ipek sargılar içinde ortaya çıkarmıştır), en iyi ipek kalitesi dut ipekböceğinin kozalarından elde edilir. Efsane, İmparatoriçe Leizu'nun ipek dokumacılığını geliştirdiğini ve onun hükümdarlığı sırasında Uzak Doğu'ya yayıldığını anlatır. Çok geçmeden İpek Yolu boyunca taşınarak Çin'in Batı'ya önemli bir ihracatı haline gelmiştir.</Text>
    </Row>
    <Row Tag="LOC_PEDIA_RESOURCES_PAGE_RESOURCE_SILVER_CHAPTER_HISTORY_PARA_1">
      <Text>Dövülebilir ve parlak olan gümüş, Küçük Asya'da ve birkaç Ege adasında ilk kez çıkarıldığından beri, en az 6000 yıldır hem maden arayıcılarını hem de hırsızları cezbetmiştir. Roma para birimi gümüşe dayanıyordu ve Roma madenciliği (çoğunlukla köleler tarafından yapılan) henüz görülmemiş bir ölçekte gümüş üretti. Çin hanedanları da gümüşü değişim aracı olarak kullanmış ve sömürgeci güçlere olan borçlarını ödemek için sikke halinde basmışlardır. Yeni Dünya'da İspanyol Cerro de Potosi tarihin en büyük gümüş madeniydi ve Comstock Lode binlerce kişiyi batıya, Nevada'ya getirdi. Tüm bunlar Judas Iscariot'un 30 parça gümüşünü çok küçük gösteriyordu.</Text>
    </Row>
    <Row Tag="LOC_PEDIA_RESOURCES_PAGE_RESOURCE_SPICES_CHAPTER_HISTORY_PARA_1">
      <Text>Baharatlar, hazırlanan yiyeceklerin lezzetini artırır (veya maskeler) ve tohum, kabuk, kök, yaprak, çiçek veya bir bitkinin hemen hemen herhangi bir kısmından yapılabilir. "Baharat ticareti" Güney Asya ve Orta Doğu'da M.Ö. 2000 yıllarında insanların uygun şekilde hazırlanmış tarçın ve biberin bozulmuş yiyecekleri lezzetli hale getirdiğini keşfetmesiyle gelişmiştir. Birkaç yüzyıl içinde baharat tüccarları bilinen dünyanın dört bir yanına yayıldı ve Doğu ile Batı'yı birbirine bağladı. Baharatlar gerçekten de "hayatın baharatı "ydı ve o zamandan beri onlara olan talep doymak bilmedi.</Text>
    </Row>
    <Row Tag="LOC_PEDIA_RESOURCES_PAGE_RESOURCE_STONE_CHAPTER_HISTORY_PARA_1">
      <Text>Jeologlara göre taş, "bir veya daha fazla mineral veya mineraloidin doğal olarak oluşan katı bir toplamıdır." Örneğin granit, feldispat, biyotit ve kuvarsın bir karışımıdır. Yer kabuğunun tüm dış katmanı kayadan oluşur. Dolayısıyla, "uygar" insanın Taş Devri'nden bu yana yapılarda, aletlerde, silahlarda, süslemelerde ve kağıt ağırlıklarında taş kullanması şaşırtıcı değildir.</Text>
    </Row>
    <Row Tag="LOC_PEDIA_RESOURCES_PAGE_RESOURCE_SUGAR_CHAPTER_HISTORY_PARA_1">
      <Text>Şeker, şeker kamışından (veya pancarından) elde edilen inanılmaz derecede tatlı kısa zincirli bir karbonhidrattır. Şekerin ilk olarak Polinezyalılar tarafından yiyecek ve içeceklerini baharatlandırmak için kullanıldığına ve uygulamanın Hindistan ve Çin'e, oradan da Asya ve Avrupa'ya yayıldığına inanılmaktadır. Sonunda şeker kamışı Karayipler'e, Kuzey ve Güney Amerika'ya nakledilmiş ve burada inanılmaz derecede iyi yetiştiği görülmüştür... yeter ki ona bakacak birileri olsun.</Text>
    </Row>
    <Row Tag="LOC_PEDIA_RESOURCES_PAGE_RESOURCE_TEA_CHAPTER_HISTORY_PARA_1">
      <Text>Kurutulmuş yaprakları sıcak veya kaynar suda demlenen çay, dünyada insanların en çok tükettiği (sudan sonra) ikinci içecektir. Çay bitkisinin anavatanı Doğu ve Güney Asya'dır ve çay içimi Çin'deki Shang hanedanlığı döneminde muhtemelen tıbbi bir tedavi olarak başlamış ve sonradan edinilen bir zevke dönüşmüştür. Darjeeling veya yeşil çaylar gibi birçok çay acı, buruk bir tada sahiptir, ancak hafif uyarıcı bir etkisi vardır. Yüzyıllar boyunca tatlıdan çiçeğe, cevizden çime kadar pek çok çay çeşidi geliştirilmiştir.</Text>
    </Row>
    <Row Tag="LOC_PEDIA_RESOURCES_PAGE_RESOURCE_TOBACCO_CHAPTER_HISTORY_PARA_1">
      <Text>Tütün, Solanaceae (patlıcangiller) familyasının bir üyesi olan tütün bitkisinin kurutulmuş yapraklarıdır. Bir uyarıcı olarak hizmet eden tütün içmek veya çiğnemek aynı zamanda insan vücudunda zevk ve ödül duygusu veren dopamin salgılatır; dopamin normalde yeme, içme ve diğer zevkli aktivitelerle salgılanır. MÖ 1400'lerden beri Amerika yerlileri tarafından hem sosyal hem de dini amaçlarla kullanılan tütün, pek çok kötü alışkanlık gibi, MS 1559 civarında Kral Philip II'nin emriyle Avrupa'ya tohum ve yaprak getiren İspanyol kaşifler tarafından dünyaya tanıtılmıştır.</Text>
    </Row>
    <Row Tag="LOC_PEDIA_RESOURCES_PAGE_RESOURCE_TOYS_CHAPTER_HISTORY_PARA_1">
      <Text>Her ebeveynin bildiği gibi, çocuklar ellerindeki her şeyle oynarlar - taşlar, sopalar, karton kutular, kağıt torbalar, ölü böcekler vb. Ancak medeni çocuklar medeni oyuncaklarla oynarlar - bebekler, bloklar, küçük askerler, tahta silahlar, oyma hayvanlar, vs... Psikologlara göre bunların hepsi onları yetişkin hayatına hazırlamak içindir. Yetişkin oyuncakları kavramını bir kenara bırakırsak, İndus Vadisi uygarlığı (MÖ 3010 civarı) ve Mezopotamya şehir devletlerine kadar uzanan mezarlarda oyun eşyaları bulunmuştur. Aydınlanma ve çocukların çocukluktan "zevk alması" gerektiği düşüncesiyle birlikte "oyun" büyük bir endüstri haline geldi ... ve birden fazla yenilikçi, çocukların kaprislerini karşılayarak bir servet kazandı.</Text>
    </Row>
    <Row Tag="LOC_PEDIA_RESOURCES_PAGE_RESOURCE_TRUFFLES_CHAPTER_HISTORY_PARA_1">
      <Text>Nadir ve pahalı bir lezzet olan trüf mantarı, yeraltında yetişen bir mantar ailesinin meyvesidir. Keskin bir aromaya ve güçlü bir tada sahip olan trüf mantarları, öncelikle çeşitli mutfaklarda yemeklere çeşni katmak için kullanılır. Ancak trüf mantarı bulmak zahmetli bir süreçtir. "Trüf mantarı domuzları" özellikle trüf mantarı bulmak amacıyla evcilleştirilmiştir; esrarengiz koku alma duyularıyla bu domuzların Roma İmparatorluğu'ndan beri kullanıldığı söylenmektedir.</Text>
    </Row>
    <Row Tag="LOC_PEDIA_RESOURCES_PAGE_RESOURCE_URANIUM_CHAPTER_HISTORY_PARA_1">
      <Text>Altısı değerlik elektronu olmak üzere 92 proton ve elektrona sahip olan uranyum, hafif radyoaktif olan gümüş-beyaz bir metaldir. Uranyumun kullanımı, seramik sırlarına sarımsı bir renk katmak için kullanıldığı en az MS 79 yılına kadar uzanmaktadır. Ancak Enrico Fermi metal için daha kötü niyetli bir kullanım buldu; 1934'teki araştırması "nükleer fisyonun" keşfine yol açtı. Ve Aralık 1942'de Manhattan Projesi'nin bir parçası olarak Fermi liderliğindeki bir başka ekip dünyanın ilk kendi kendine devam eden nükleer reaksiyonunu başlattı. Birkaç yıl sonra uranyum sayesinde Hiroşima semaları aydınlandı.</Text>
    </Row>
    <Row Tag="LOC_PEDIA_RESOURCES_PAGE_RESOURCE_WHALES_CHAPTER_HISTORY_PARA_1">
      <Text>Balinalar etleri, yağları, ambergrisleri, yağları ve kemikleri (baskın türe çok faydalı olmamak en iyisidir) için neredeyse yok olana kadar avlanmışlardır. Balinalar 17. Yüzyıldan beri ticari olarak avlanmaktadır, ancak ticari balina avcılığı artık birkaç uluslararası komisyon tarafından yasaklanmıştır... Norveç, İzlanda, Japonya ve diğerleri balina avlama gemilerine lisans vermeye devam etmişlerdir. Bu hayvanlar aynı zamanda birçok medeniyetin folklorunda da önemli bir yer tutmaktadır. 1851 tarihli 'Moby Dick' romanını kim unutabilir ki?</Text>
    </Row>
    <Row Tag="LOC_PEDIA_RESOURCES_PAGE_RESOURCE_WHEAT_CHAPTER_HISTORY_PARA_1">
      <Text>İlk olarak M.Ö. 8000 yıllarında Orta Doğu'nun Bereketli Hilal bölgesinde yetiştirilen buğday son derece çok yönlü bir tahıldır; öğütülerek un haline getirilebilir, çiftlik hayvanlarına yedirilebilir ve bira yapılabilir. MÖ 5000'lerde buğday tarımı çok uzaklara yayılmıştı; arkeologlar Çin, Hindistan ve hatta İngiltere'de ekim yapıldığına dair kanıtlar buldular. Yetiştirmesi nispeten kolay ve verimi nispeten yüksek olan buğday, büyüyen ve obur bir uygarlık için mükemmeldi. Buğday kendini tekrar tekrar diyet tartışmalarının merkezinde bulsa da, dünya çapında temel bir gıda olmaya devam etmektedir.</Text>
    </Row>
    <Row Tag="LOC_PEDIA_RESOURCES_PAGE_RESOURCE_WINE_CHAPTER_HISTORY_PARA_1">
      <Text>"In vino, veritas. Şarapta, gerçek. Şarap meyve, bal, pirinç ve fermente edilebilen hemen her şeyden yapılan alkollü bir içecektir. Arkeolojik kanıtlar, şarabın Neolitik Çağ'da Zagros Dağları'nda üzümden üretildiğini göstermektedir. Şarap o kadar önemsenmiştir ki tarih boyunca pek çok dini törenin, ulusal kutlamanın ve kendini beğenmiş züppelerin akşam yemeği partilerinin vazgeçilmezi haline gelmiştir.</Text>
    </Row>
  </BaseGameText>
</GameData>