﻿<?xml version="1.0" encoding="utf-8" standalone="yes"?>
<GameData xmlns:xsi="http://www.w3.org/2001/XMLSchema-instance">
  <BaseGameText>
    <Row Tag="LOC_PEDIA_IMPROVEMENTS_PAGE_INTRO_CHAPTER_CONTENT_PARA_1">
      <Text>Geliştirmeler taşlarınızın çıktısını artırabilir [ICON_Production] Üretim, [ICON_Gold] Altın ve [ICON_Food] Yiyecek gibi). Ayrıca belirli kaynaklar tarafından sağlanan özel bonuslara erişim sağlarlar. Toprağınızı geliştirmezseniz, uygarlığınız neredeyse kesinlikle daha köklü uygarlıklar tarafından ezilecektir.</Text>
    </Row>
    <Row Tag="LOC_PEDIA_IMPROVEMENTS_PAGE_IMPROVEMENT_AIRSTRIP_CHAPTER_HISTORY_PARA_1">
      <Text>İlk havacılar aceleyle inecek bir yere ihtiyaç duyduklarında, oldukça düz ve üzerinde bir şey olmayan herhangi bir alan iş görürdü... pek çok çiftçiyi şaşırtacak şekilde. Zamanla bunlardan bazıları iyi bilinir ve sıklıkla kullanılır hale geldi, dolayısıyla "uçak pisti" oldu. Dünyanın dört bir yanındaki ücra yerlerde, bunlar hava yolculuğunu her yere genişletti. Çoğu çimenli bir pistten ve belki de bazı yakıt depolama tankları ve pompalardan oluşuyordu. Çok fazla olanak yoktu, ancak bunlar turistler ve sıradan gezginler için tasarlanmamıştı. Havaalanı ve havaalanlarının aksine - her ne kadar bazı pistler bunlara dönüşmüş olsa da - pistler daha çok plansız duraklamalar için ya da durgun bir yerleşim yerinin yakınına inmek için bir araç olarak kullanılıyordu. Petrol sahaları, kereste kampları, koyun istasyonları, sığır çiftlikleri ve benzerleri genellikle bir uçak pistini güçlendirirdi. Bazıları hala öyle.</Text>
    </Row>
    <Row Tag="LOC_PEDIA_IMPROVEMENTS_PAGE_IMPROVEMENT_BARBARIAN_CAMP_CHAPTER_HISTORY_PARA_1">
      <Text>Tarihsel olarak barbarlar iki türdür: gezip dolaşanlar ve yerleşik hayata geçenler. İkinciler "medeni" oldular ve şehirler, imparatorluklar ve benzerlerini inşa ettiler. Birinciler ise ikincilerin başına bela olmuş, sınırlara baskınlar düzenlemiş ve imparatorluk vatandaşlarını rahatsız etmiştir. Genellikle kabile çizgisinde örgütlenen bu barbarlar - "asil vahşi" stereotipinden uzak, çoğu gerçekten acımasız, zalim ve savaşçıydı- göçebelerdi ve medeniyete ve birbirlerine saldırmak için geçici karakollar kuruyorlardı. Tüm bu azgınlığın eğlencesi geçtiğinde ya da organize bir ordu ortaya çıkıp onları bozguna uğrattığında, hayatta kalan barbarlar toparlanır ve başka bir yerde başka bir karakol kurmak üzere yola devam ederlerdi. Bir barbar için uygarlar tarafından kolayca bulunamamak genellikle iyi bir fikir olduğundan, karakollar zamanla daha ulaşılmaz (ve savunulabilir) yerlere yerleştirildi ... tabii ki böyle bir yer kalmayana kadar.</Text>
    </Row>
    <Row Tag="LOC_PEDIA_IMPROVEMENTS_PAGE_IMPROVEMENT_BEACH_RESORT_CHAPTER_HISTORY_PARA_1">
      <Text>Deniz kenarı tatil beldeleri Roma İmparatorluğu'ndan bu yana var olmuştur; halkın - zengin halkın - uzanarak geçirecek zamanı olduğu ilk yerler; Napoli Körfezi'ndeki Roma kasabası Baiae, Capri adası ve lanetli Pompeii kasabası imparatorluğun seçkinleri tarafından tercih edilmiştir. Ancak 18. Yüzyılın ortalarına kadar zenginler göze çarpan tüketimlerinin bir parçası olarak deniz kenarındaki tatil beldelerine akın ettiler; tembel zenginlere hitap eden ilk yer MS 1720'de Scarborough oldu. 1793 yılında açılan Heiligendamm, Avrupa aristokrasisini Baltık kıyılarına taşıdı. Sanayi Devrimi'nin gelişiyle birlikte, sonradan görme zenginler de sıcak sularda yüzmeye başladı. Daha sonra, çalışma saatleri azalıp harcanabilir gelir arttıkça, çalışan sınıflar bile Brighton, Nice ve Coney Island'da onlara katılabildi... pis zenginleri güneş ve eğlence için Monte Carlo ve Acapulco gibi yerlere gitmeye zorladı.</Text>
    </Row>
    <Row Tag="LOC_PEDIA_IMPROVEMENTS_PAGE_IMPROVEMENT_CAMP_CHAPTER_HISTORY_PARA_1">
      <Text>Bir zamanlar kamplar hayatta kalmak için hayati önem taşırdı... İster gezgin barbarların kurduğu geçici bir barınak olsun, ister artan nüfusa av, balık ya da kümes hayvanı sağlayan yarı kalıcı bir av kampı. İnsanoğlu daha güvenilir bir et kaynağı için çiftlik hayvanlarını evcilleştirmeyi ve ağıla almayı öğrenene kadar, av kampları uygarlığın devam etmesini sağladı. Zamanla kamplar kürk, yakacak odun tedariki ya da yakınlardaki yerlilerle ticaret fırsatları gibi yeni roller üstlendi. Günümüzde ise "kamp" -geçici ya da kalıcı- çoğu zaman şehirli insanların "doğaya geri dönebildikleri" bir dinlenme alanıdır. Ve artık uygar insanlar hayatta kalmaktan ziyade spor için av, balık ve kümes hayvanı avlıyor.</Text>
    </Row>
    <Row Tag="LOC_PEDIA_IMPROVEMENTS_PAGE_IMPROVEMENT_CHATEAU_CHAPTER_HISTORY_PARA_1">
      <Text>Biri sormak zorunda kalırsa, buna gücü yetmez. Şato, genellikle surları olmayan bir malikane veya toprak sahibi soyluların kır evidir. Orta Çağ'da bir şato, lordun demesne'si (kalıtsal topraklar) tarafından desteklenerek büyük ölçüde kendi kendine yeterliydi. 1600'lerde, zengin ve aristokrat Fransız lordları kırsal bölgeleri Château de Maisons gibi zarif, bereketli, mimari açıdan rafine malikanelerle donattı. Ancak bu görkemli evlerin çoğu köylü isyanları ve popülist devrimler sırasında yakıldı. Ancak birkaç tanesi turistik cazibe merkezi olarak kalmıştır. Bugün, şato terimi gevşek bir şekilde kullanılmaktadır; örneğin, ne kadar mütevazı olursa olsun, herhangi bir şaraphane veya hanın adının önüne "Şato" eklenmesi yaygındır.</Text>
    </Row>
    <Row Tag="LOC_PEDIA_IMPROVEMENTS_PAGE_IMPROVEMENT_FARM_CHAPTER_HISTORY_PARA_1">
      <Text>İnsanlar bir yerde kalıp ürün yetiştirmenin, etrafta dolaşıp ne yetişiyorsa toplamaktan çok daha kolay olduğunu anladıktan sonra "uygarlık" ortaya çıktı. Yaklaşık 12.000 yıl önce, bu "Neolitik Devrim" idi. Tarım, kalıcı yerleşimlerin kendi kendini idame ettirebileceği ve hasat edilebilen daha fazla gıda ile daha büyük yerleşimlerin büyüyebileceği anlamına geliyordu. O zamandan beri, teknolojideki ilerlemeler tarımı daha verimli hale getirdi: sulama, makineler, gübreler, böcek ilaçları, GDO'lar vb. Verim hızla arttı.</Text>
    </Row>
    <Row Tag="LOC_PEDIA_IMPROVEMENTS_PAGE_IMPROVEMENT_FISHING_BOATS_CHAPTER_HISTORY_PARA_1">
      <Text>Rab, "Bakın, birçok balıkçı göndereceğim" dedi, "Onlar da balık tutacaklar." (Yeremya 16:16) Ve insanlar ister deniz kıyısından ister nehir kıyısından olsun, sulara ilk kez kanca ve ağ attıklarından beri bu böyle olmuştur. Sonunda, bu balıkçı halk, balıkları daha derin sularda takip etmek için tekneler inşa etti. Pasifik'teki Polinezyalılardan Kuzey Denizi'ndeki İskandinavlara kadar pek çok uygarlık gıda, petrol, hammadde ve ticari mallar için balıkçılığa bel bağlamıştır. Tarımın uygulanabilir olduğu yerlerde bile balıkçı tekneleri, başka hiçbir yolla elde edilemeyen temel ihtiyaç maddelerini sağlıyordu. Küçük sandallardan büyük ticari gemilere kadar balıkçı tekneleri her limanda faaliyet göstermektedir; MS 2004 itibariyle kayıtlı yaklaşık dört milyon balıkçı teknesi bulunmaktadır. Trol tekneleri, gırgır tekneleri, paragat tekneleri ve balina avcıları yüzyıllardır denizlerde dolaşmaktadır. Hatta bazı insanlar balıkçılığı bir spor olarak görmektedir...</Text>
    </Row>
    <Row Tag="LOC_PEDIA_IMPROVEMENTS_PAGE_IMPROVEMENT_COLOSSAL_HEAD_CHAPTER_HISTORY_PARA_1">
      <Text>M.Ö. 900'den öncesine tarihlenen 17 taş heykelden oluşan devasa "Olmek Kafaları", bir zamanlar gelişen MezoAmerikan Olmek uygarlığının (en azından turistler tarafından) en iyi bilinen kalıntılarıdır. Tek bir kayadan oyulduktan sonra kilometrelerce taşınan heykellerin her biri, muhtemelen güçlü bir Olmek hükümdarının ya da bazı teorilere göre ünlü bir top oyuncusunun (eğer öyleyse, pek bir şey değişmemiştir) olgun bir adamın başını ve yüzünü tasvir etmektedir. Veracruz yakınlarındaki Sierra de los Tuxtlas sıradağlarındaki taş ocaklarından çıkarılan bazalttan yapılan devasa başların ağırlığı altı (en küçüğü) ile 50 ton (en büyüğü, ancak tamamlanmamış) arasındadır. Olmeklerin metal aletleri olmadığı düşünüldüğünde, bu heykelleri kırsal alana yaymak için harcanan çaba muazzamdı... insanoğlunun dünyaya iz bırakma arzusunun bir başka örneği.</Text>
    </Row>
    <Row Tag="LOC_PEDIA_IMPROVEMENTS_PAGE_IMPROVEMENT_FORT_CHAPTER_HISTORY_PARA_1">
      <Text>İlk ego manyağı kabile reisi topraktan bir duvar örüp arkasındaki her şeyin kendisine ait olduğunu ilan ettiğinden beri askerler surlar inşa ediyor. İster yeni toprakları sakinleştirmek, ister sınırları korumak ya da yönetilenlerin küstahlaşmamasını sağlamak için olsun, askeri düşünenler hendekler ve hendekler kazmış, kazıklar ve çiviler dikmiş ve her türden duvarlar örmüşlerdir. Bazıları bu tür askeri mühendisliği bir sanat haline getirmiştir, örneğin Roma lejyonları gün boyunca yürüyebilir ve akşam karanlığında müstahkem bir kamp kurabilirlerdi. Zamanla barutun ortaya çıkması tahkimatlarda yeniliklere yol açtı; bu ahşap ve taş duvarlar artık yeterli değildi. Bu yüzden tahkimat yapmak yerine tahkimatlar azaltıldı - siperler ve sığınaklar, koruganlar ve mayın tarlaları, dikenli teller ve "derinlemesine savunma". Ancak amaç aynı kaldı; askerleri korumak ve uygarlığı hem dışarıdan hem de içeriden güvende tutmak.</Text>
    </Row>
    <Row Tag="LOC_PEDIA_IMPROVEMENTS_PAGE_IMPROVEMENT_ROMAN_FORT_CHAPTER_HISTORY_PARA_1">
      <Text>{LOC_PEDIA_IMPROVEMENTS_PAGE_IMPROVEMENT_FORT_CHAPTER_HISTORY_PARA_1}</Text>
    </Row>
    <Row Tag="LOC_PEDIA_IMPROVEMENTS_PAGE_IMPROVEMENT_GOODY_HUT_CHAPTER_HISTORY_PARA_1">
      <Text>Kabile köyleri, yıkanmamış, medenileşmemiş insanların yaşadığı yerlerdi. Solgunluğun ötesinde. "Uygar" yerlerden gelen kaşifler bu köylere vardıklarında, yerliler onları genellikle kollarını açarak, hediyeler, bilgi, huşu ve saygıyla karşılardı. Kabile köyleri medeni yerleşimlerden bir dizi faktörle ayrılıyordu: inançları deneyimsel, hükümetleri yerel, ekonomileri takas temelli, yasaları sağduyulu, örgütleri (rekabetçi olmaktan ziyade) işbirlikçi, sosyal yapıları basit, aileleri geniş ve kültürleri pratik olma eğilimindeydi. Aslında, bu kabile köylerinden bazıları, bu ilkelliğin hiçbirinin hayatta kalmadığı şehirlere dönüştü.</Text>
    </Row>
    <Row Tag="LOC_PEDIA_IMPROVEMENTS_PAGE_IMPROVEMENT_GREAT_WALL_CHAPTER_HISTORY_PARA_1">
      <Text>Bazı uygarlıklar uygar olmayanların dışarıda kalmasını sağlamaya çalıştığında tahkim edilmiş bir sınır yeni bir anlam kazandı. Bir dizi imparatorluk "büyük duvarlar" inşa etti - Roma Hadrian Duvarı, Chola-Pandya Madukkarai Duvarı, Sasani Gorgan Seddi, Fransız Maginot Hattı ve tabii ki Çin Seddi. Çoğu toprak ve taştan inşa edilmiş, çoğu doğal arazi özelliklerini (tepeler, nehirler ve benzerleri) bünyesinde barındırmış ve çoğunun uzunluğu boyunca dağılmış kaleleri veya garnizonları olmuştur. Bunlar aşamalı olarak, bazen de uzun bir zaman diliminde inşa edilmiştir. Amaç açısından bunların hiçbiri pek işe yaramadı, çünkü yabancılar ne kadar büyük olursa olsun sınır duvarlarını "aşmayı" defalarca başardılar. Öte yandan, bu büyük duvarlar imparatorluk vatandaşlarına psikolojik bir destek sağlamış ve daha az barbar olan barbarları sınır yerleşimlerine baskın yapmaktan caydırmıştır. Tarihin onları es geçmesiyle birlikte, büyük surların çoğu bakımsızlığa ve bilinmezliğe gömüldü... ya da turist tuzakları haline geldi.</Text>
    </Row>
    <Row Tag="LOC_PEDIA_IMPROVEMENTS_PAGE_IMPROVEMENT_KURGAN_CHAPTER_HISTORY_PARA_1">
      <Text>Nedense uygarlığın en büyük mühendislik ve inşaat başarılarından bazıları anıt mezarlar ve türbelerdir ve nedense bu büyük yığınlar genellikle askeri ve siyasi liderler için ayrılmıştır. İskitler için bu yığınlar, günümüzde Türkçe "höyük" anlamına gelen kurgan olarak adlandırılan büyük toprak yığınlarıydı. Orta Asya bozkırlarındaki barbar göçebelerin bir kısmının liderlerini MÖ 4. yüzyıl civarında bu höyüklere defnetmeye başladığı anlaşılmaktadır. Erken Demir Çağı'na gelindiğinde, İskitlerin ve diğer kabilelerin kurganları gerçekten etkileyici höyüklerdi, bazıları tabanda 500 metre (1600 feet) genişliğindeydi ve 27 metre (89 feet) yüksekliğe kadar çıkabiliyordu. Dolayısıyla, bunlar bozkırların inişli çıkışlı açık arazisinde göze çarpma eğilimindeydi. Ve sonra İskitler, burada büyük bir adamın (ya da belki de kadının) yattığının herkesin dikkatini çekmesini sağlamak için tümülüsleri kölelerin ve atların cesetleriyle süslediler.</Text>
    </Row>
    <Row Tag="LOC_PEDIA_IMPROVEMENTS_PAGE_IMPROVEMENT_LUMBER_MILL_CHAPTER_HISTORY_PARA_1">
      <Text>Yüzyıllar boyunca bir kereste değirmeninin amacı değişmemiştir: tomruklar bir uçtan girer ve kesilmiş kirişler, tahtalar, direkler ve kiremitler diğer uçtan çıkar. Güvenilir bir şekilde tarihlendirilebilen bilinen en eski kereste fabrikası, Hierapolis'te ortaya çıkarılan ve MS 3. yüzyıla tarihlenen Roma dönemine ait suyla çalışan bir değirmendir. Küçük, suyla çalışan değirmenler, ağaçların bol olduğu Avrupa ve Orta Doğu'da yaygındı ve tasarımlar daha sonra Avrupalı sömürgecilerle birlikte gitti, böylece başka yerlerde de bakir ormanları kesmeye başlayabildiler. Sanayi Devrimi tüm süreci hızlandırdı, çünkü buharlı demiryolları tomrukları buharlı kereste fabrikalarına taşıyabiliyor ve ardından "bitmiş" (birden fazla şekilde) ahşap ürünleri gelişen şehirlerdeki pazara ulaştırabiliyordu. Zamanla, kesme ve biçme işlemlerinin yan ürünleri bile kağıt, yakıt ve ambalaj olarak kullanılmaya başlandı.</Text>
    </Row>
    <Row Tag="LOC_PEDIA_IMPROVEMENTS_PAGE_IMPROVEMENT_MINE_CHAPTER_HISTORY_PARA_1">
      <Text>Değerli (ya da bazen o kadar da değerli olmayan) madenlerin çıkarılması, çiftçilik ya da savaş yapmak kadar uygarlığın bir parçasıdır. "Tarih öncesi" zamanlarda bile, Neolitik avcı-toplayıcılar çakmaktaşını damarlardan çıkararak Grimes Mezarları'ndaki (MÖ 4000 civarı) gibi madenler yaratmışlardır. Mısırlılar malakit, Yunanlılar gümüş, Romalılar kalay ve kurşun madeni çıkarmış ve o zamandan beri her uygarlık yeryüzünde ihtiyaç duydukları ya da istedikleri bir şey bulmuştur. Sanayi Devrimi'ne kadar yapılan işlerin çoğu, madencilik ister açık ocak ister yeraltı tüneli olsun, köleler ya da ücretli köleler tarafından kazma, kürek ve çekiç kullanılarak elle yapılmıştır. Uygarlığın ilk büyük şirketlerinden bazıları madencilik şirketleriydi ve maden arayıcıları sınırları daha da genişletti. Günümüzde tüm zor işleri - maden arama, çıkarma ve rafine etme - makineler yapıyor. Değerli olan her şeyi çıkarıp yollarına devam etmede o kadar etkililer ki, şu anda sadece Amerika Birleşik Devletleri'nde 560 binden fazla terk edilmiş maden var.</Text>
    </Row>
    <Row Tag="LOC_PEDIA_IMPROVEMENTS_PAGE_IMPROVEMENT_MISSILE_SILO_CHAPTER_HISTORY_PARA_1">
      <Text>Roketçilikle ilgili her şeyde olduğu gibi yeraltı füze silolarında da Almanlar öncülük etmiş ve 1944 yılında Saint-Omer yakınlarında bu türden ilk kompleksi inşa etmişlerdir. İngiltere'ye V2'leri depolamak ve fırlatmak için tasarlanmıştı, ancak ağır Müttefik bombardımanı nedeniyle hiçbir zaman hizmete girmedi. İngilizler 1950'lerde füzeleri için yeraltı fırlatma tesisleri fikriyle oynadılar ve hatta ICBM'lerini fırlatmak için denizaltıları kullanmayı tercih etmeden önce bir tane inşa ettiler. Ancak nükleer füzeleri yeraltına yerleştirme fikrini asıl benimseyenler Amerikalılar ve Ruslardı - sanki 3. Dünya Savaşı durumunda bunun bir faydası olacakmış gibi. Siloların temel amacı Sovyet UR-100 ya da Amerikan Titan II füzelerinin hızlı bir şekilde fırlatılarak karşılıklı imha edilmesini sağlamaktı. Soğuk Savaş'tan bu yana Ruslar ICBM'lerinin çoğunu denizaltılara taşıdı, Amerikalıların hala çalışır durumda olan yaklaşık 450 silosu var ve Çin birkaç silo inşa etti ancak hala mobil ICBM fırlatıcılarını tercih ediyor.</Text>
    </Row>
    <Row Tag="LOC_PEDIA_IMPROVEMENTS_PAGE_IMPROVEMENT_MISSION_CHAPTER_HISTORY_PARA_1">
      <Text>Katolik Kilisesi'ne göre misyonlar, yerel halka eğitim vermeye, onlara bakmaya ve yardım etmeye adanmış, böylece İsa'nın ideallerini destekleyen dini topluluklardır. Elbette İspanyol, Portekiz ve Fransız misyonları da kendilerini yerel halkı dönüştürmeye ve ardından kültürel asimilasyon yoluyla onları "medenileştirmeye" adamışlardır. İspanyol misyonları, kiliseleri, yatakhaneleri, tarlaları ve otlakları, bahçeleri, ahırları, çalışma odaları, hastaneleri ve okullarıyla kendi kendini destekleyen yerleşim bölgeleri olarak geleneksel bir şablon görevi görmektedir. Hatta bazı yerlerde bunlar, karşı koymalara karşı kendilerini savunmaya hazır olacak şekilde tahkim edilmişlerdir. Amerika, Asya ve Afrika'daki misyonların çoğu Kilise'nin kendisi tarafından değil Fransiskenler, Cizvitler, Dominikenler ve Augustinyanlar gibi dini tarikatlar tarafından yönetiliyordu, ancak etkileri aynıydı. Bununla birlikte, misyonlar genellikle Avrupa'nın sömürgeleştirme çabalarının etrafında birleşebileceği bir çekirdek görevi görmüştür.</Text>
    </Row>
    <Row Tag="LOC_PEDIA_IMPROVEMENTS_PAGE_IMPROVEMENT_OFFSHORE_OIL_RIG_CHAPTER_HISTORY_PARA_1">
      <Text>Bir zamanlar, uzun zaman önce, bir açık deniz platformu ilkeller tarafından balık tutmak, yosun toplamak veya deniz kabuğu toplamak için kullanılırdı. Ancak uygarlık petrolün tüm kullanım alanlarını keşfettiğinde, açık deniz platformları deniz tabanının altındaki petrolü çıkarmak için derin sulara demirleyen devasa yapılar haline geldi. İlk sualtı petrol sondajı, MS 1891'de tatlı su Ohio gölü St. Mary's'de kazıklar üzerindeki platformlarda yapıldı. İlk gerçek açık deniz sondaj kulesi 1896 yılında Santa Barbara yakınlarındaki Kaliforniya kıyılarındaki Summerland sahasında kuruldu. Çok geçmeden, 1910'larda Teksas ve Louisiana kıyı şeridinde, 1920'lerde Azerbaycan yakınlarındaki Hazar Denizi'nde, Basra Körfezi'nde, Kuzey Denizi'nde, Brezilya açıklarındaki Campos ve Santos havzalarında ve petrol şirketlerinin gözlerini diktiği her yerde açık deniz platformları filizlenmeye başladı. Denizaltı boru hatları nihayet petrolü karaya ucuza çıkarma sorununu çözdü. Her ne kadar petrol sondaj kuleleri pahalı olsa ve zaman zaman biri batsa ya da sızıntı yapsa da, elde edilen kâr maliyetlerden daha ağır basıyor... en azından kısa vadede.</Text>
    </Row>
    <Row Tag="LOC_PEDIA_IMPROVEMENTS_PAGE_IMPROVEMENT_OIL_WELL_CHAPTER_HISTORY_PARA_1">
      <Text>J. Paul Getty'nin dediği gibi, "Başarının formülü: erken kalk, çok çalış, petrol çıkar." Çin'de MS 340 civarında bambu direklere bağlı metal uçlar kullanılarak ilk petrol kuyuları açıldığından beri insanlar tam da bunu yapmaya çalışıyorlar. O zamandan bu yana geçen bir buçuk bin yıl boyunca, uygarlığın petrolden elde edilen her şeyi kullanmanın yeni yollarını bulmasıyla teknoloji ilerledi: benzin, yağlayıcılar, asfalt, petrokimyasallar, katran, plastikler, gübre, böcek ilaçları ve daha binlerce şey. Kuzey Amerika'daki ilk "modern" ticari petrol kuyusu 1858 yılında Oil Springs, Ontario'da faaliyete geçti. Ardından otomobilin geliştirilmesi geldi ve insanlığın petrole olan susuzluğu doyumsuz hale geldi. O zamandan bu yana petrol için savaşlar yapıldı, petrol yüzünden rejimler devrildi ve kontrolsüz kirlilik ortaya çıktı. Ancak Getty'nin de tanıklık edebileceği gibi, petrolden inanılmaz servetler de kazanıldı.</Text>
    </Row>
    <Row Tag="LOC_PEDIA_IMPROVEMENTS_PAGE_IMPROVEMENT_PASTURE_CHAPTER_HISTORY_PARA_1">
      <Text>Kırsal alanda başıboş dolaşmayan hayvanları takip etmek çok daha kolay olduğundan, otlayan hayvanların evcilleştirilmesinden kısa bir süre sonra tembel bir çoban onları merada tutmak için bir çit tasarladı. Yaylacılık yapan çobanların bile mevsimlik yolculuklarının her iki ucunda kaba otlakları vardı. Meralar (çayırlarla karıştırılmamalıdır) tipik olarak yaz boyunca otlatılır ve kasıtlı olarak ekilmiş ya da basitçe çitle çevrilmiş meralar olabilir. Çitler, hayvanları içeride ve yerel yırtıcıları (hayvan veya insan) dışarıda tutacak hemen hemen her şeyden yapılabilir: kaya ve taş, direkler ve raylar, dikenli çalılar, dikenli tel veya elektrikli tel. Çoğu yerde toprak mülkiyeti, feodal toplumlarda ya da Amerika'nın batısındaki ilerici çiftlik sahiplerinde olduğu gibi çitle çevrili otlaklara bağlıydı.</Text>
    </Row>
    <Row Tag="LOC_PEDIA_IMPROVEMENTS_PAGE_IMPROVEMENT_PLANTATION_CHAPTER_HISTORY_PARA_1">
      <Text>Sadece süslü bir çiftlik değil (bazılarının gerçekten güzel evleri olmasına rağmen), plantasyon genellikle tek bir değerli "nakit" ürüne (pamuk, tütün, çay, şeker kamışı, kauçuk, kahve ve benzeri) adanmış ve yerleşik işçiler tarafından işletilen büyük bir tarım işletmesidir. Mahsuller her zaman olmasa da genellikle bölgeye özgüdür ve tarihteki plantasyonların çoğu tropikal veya yarı tropikal iklimlerdeydi. Ürünler yağmur ve sıcağa dayanabiliyordu ve bu da plantasyon sahibinin işçileri sıcak tutmak için para harcamak zorunda kalmaması anlamına geliyordu. Avrupalılar imparatorluklarını dünyanın dört bir yanına yayarken plantasyon formülünü de beraberlerinde Amerika, Hindistan ve Afrika'ya götürdüler. Ürünler yerel tüketim için değil, medeni halkın bu zengin nimetin kıymetini bilebileceği Avrupa pazarlarına gönderiliyordu.</Text>
    </Row>
    <Row Tag="LOC_PEDIA_IMPROVEMENTS_PAGE_IMPROVEMENT_QUARRY_CHAPTER_HISTORY_PARA_1">
      <Text>İnsanlar sopa ve çamur yerine taştan yapılar inşa etmeye başladıktan sonra taş ve kayaya olan ihtiyaç artmıştır. Bunlar, kazma, çekiç ve keskilerin (ve daha sonra dinamit ve buldozerlerin) mermer, kireçtaşı, granit, arduvaz, kumtaşı veya işe yarayan başka her şeyin parçalarını kesip çıkarmak için kullanıldığı açık bir ocak olan taş ocaklarından geliyordu. Aletler daha sofistike hale geldikçe, levhalar kesilebiliyor ve daha sonra sahada cilalanabiliyordu. Bilinen en eski taş ocakları Mısır'ın Asvan bölgesinde bulunmaktadır ve bir zamanlar Roma İmparatorluğu'nun toprakları mermer ocaklarıyla doludur (tüm o büyük binalar için çok ihtiyaçları vardı). Mısırlılar, Romalılar ve diğer medeni eskiler çoğunlukla köleleri ve hüküm giymiş suçluları kullanırken (taş ocaklarında beklenen yaşam süresi uzun değildir), Paskalya Adası'nda tüm topluluk taş ocaklarından moai yontmuştur. Bugün, taş ocağı madencileri yetenekli profesyoneller olarak kabul edilmektedir.</Text>
    </Row>
    <Row Tag="LOC_PEDIA_IMPROVEMENTS_PAGE_IMPROVEMENT_SPHINX_CHAPTER_HISTORY_PARA_1">
      <Text>Yunan versiyonunun aksine, Mısır sfenksi bir aslan gövdesi üzerinde bir insan kafasına sahiptir, yardımseverdir ve tapınakların ve mezarların koruyucusudur. Belki de ilk Mısır sfenksi Dördüncü Hanedanlık döneminde (MÖ 2500 civarı) inşa edilmiş ve ünlü Khufu'nun kızı Kraliçe Hetepheres II'nin yüzünü tasvir etmiştir. Ancak sfenks, sonsuzluk takıntılı firavunlar arasında yaygın bir motifti; diğer ünlüleri arasında Hatşepsut'u ve Memfis'in "kaymaktaşı sfenksini" tasvir edenler de vardır. Bir de Giza'da bulunan ve firavun Khafra'nın benzerini taşıyan "Büyük Sfenks" vardır (bunun dışında tarihsel olarak önemsizdir). Daha küçükleri mezarlara ve tapınaklara yaklaşırken sıralanır, saraylarda ve halka açık yerlerde merdivenlerin tepesine istenilen sayıda konurdu. 18. Hanedanlık döneminde Mısır'da bir sfenkse çarpmadan kedi sallamak neredeyse imkansızdı.</Text>
    </Row>
    <Row Tag="LOC_PEDIA_IMPROVEMENTS_PAGE_IMPROVEMENT_STEPWELL_CHAPTER_HISTORY_PARA_1">
      <Text>"Basamaklı kuyu", bir dizi basamakla ulaşılabilen bir kuyu veya havuzdur. Diğer bölgelerde de bulunmasına rağmen, basamaklı kuyular (çeşitli isimlerle bilinir) Hindistan ve Güneydoğu Asya'da yaygındır. Hindistan'daki ilk kayaya oyulmuş basamaklı kuyular MÖ 200'lerden kalmadır ve MS 600'lerde Gujarat bölgesinde yaygındı; akademisyenler "silindirik tuğla kaplı kuyuların" erken Bronz Çağı İndus Vadisi uygarlığının bir ürünü olduğuna inanmaktadır. Eski Hint yerleşimlerinin çoğunda basamaklı kuyular vardı ve bazıları Hindu tapınaklarındaki kadar ayrıntılı olan süslemeler bu kuyuların halk tarafından çok önemsendiğini göstermektedir. Bölgedeki temiz su kıtlığı göz önüne alındığında şaşırtıcı değil. Ne yazık ki, Raj'ın İngiliz gözetmenleri kuyuların hijyenini arzu edilenden daha az buldular ve bu nedenle işletmelerindeki basamaklı kuyuların yerine pompalar ve borular yerleştirdiler. Çok daha az pitoresk, ama kesinlikle daha verimli.</Text>
    </Row>
    <Row Tag="LOC_PEDIA_IMPROVEMENTS_PAGE_IMPROVEMENT_ZIGGURAT_CHAPTER_HISTORY_PARA_1">
      <Text>Mısırlılar Nil boyunca piramitler inşa ederken, Akadlar, Sümerler, Elamlılar, Babilliler ve Asurlular Mezopotamya'nın her yerinde zigguratlar inşa ediyorlardı. Bunlar, üzerine bir tapınak yerleştirilebilmesi için bazen kesilen teraslı piramitlerdir. En eskileri Erken Hanedan Dönemi'ne, kabaca MÖ 2900 ila 2400 yıllarına, en yenileri ise MÖ 600'lere tarihlenmektedir. Güneşte pişmiş tuğlalar merkezi oluşturuyordu ve daha dayanıklı olan ateş sırlı tuğlalarla kaplanmıştı. Mısır piramitlerinin aksine, zigguratlar genellikle sağlamdı ve zirvelerinde tapınaklar ve mabetler vardı, bazen de birden fazla (herhangi bir tanrıyı gücendirmek istemedikleri için). Ne yazık ki savaşlar, depremler ve dini coşku sayesinde tapınak ve mabetlerin hiçbiri günümüze ulaşamamıştır, ancak büyük tuğla yığınları günümüze ulaşmıştır. Aralarında Babil'de bulunan ve Babil Kulesi masalına ilham vermiş olabilecek Tanrı Marduk'a adanmış olanın da bulunduğu bir dizi "büyük" ziggurat vardı.</Text>
    </Row>
  </BaseGameText>
</GameData>