﻿<?xml version="1.0" encoding="utf-8" standalone="yes"?>
<GameData xmlns:xsi="http://www.w3.org/2001/XMLSchema-instance">
  <BaseGameText>
    <Row Tag="LOC_PEDIA_BUILDINGS_PAGE_INTRO_CHAPTER_CONTENT_PARA_1">
      <Text>Bir bölge inşa edildikten sonra, binalarla doldurulabilir. Binalar, bölgelerin inşa edildiği "Üretim Menüsü" aracılığıyla inşa edilebilir. Bazı binaların diğer binalar veya teknoloji gibi ön koşulları vardır; bu binalar Üretim menünüzde görünmeyecektir.</Text>
    </Row>
    <Row Tag="LOC_PEDIA_BUILDINGS_PAGE_BUILDING_AIRPORT_CHAPTER_HISTORY_PARA_1">
      <Text>Teknik olarak "havaalanı" uçakların, helikopterlerin, zeplinlerin veya diğer hava araçlarının kalkış ve iniş yapabildiği her türlü yerdir. Ancak yaygın kullanımda havaalanı, ticari yolcu uçakları için pistlerden, kontrol kulelerinden, hangarlardan, terminallerden, acil durum tesislerinden ve hatta park yapılarından oluşan bir komplekstir. İnsanoğlunun aceleci olma eğilimi, havaalanlarını her şehir manzarasının doğal bir parçası haline getirmiştir (ancak çoğu ticari havaalanı, gürültü ve kirlilik göz önüne alındığında artık şehirden oldukça uzakta yer almaktadır). 1930'dan önce havaalanlarının çoğu 2000 feet'ten daha kısa pistlere sahip küçük havaalanları ya da havaalanlarıydı. 1939 yılında New York'taki yoğun La Guardia ayda yaklaşık çeyrek milyon yolcu taşıyordu; havaalanı yolcu trafiğine ilişkin en güncel istatistikler Atlanta'daki Hartsfield-Jackson'ı 2011 yılında 92 milyondan fazla yolcuyla dünyanın en işlek havaalanı olarak listelemektedir.</Text>
    </Row>
    <Row Tag="LOC_PEDIA_BUILDINGS_PAGE_BUILDING_AMPHITHEATER_CHAPTER_HISTORY_PARA_1">
      <Text>Ekmek ve sirkler kitleleri mutlu etmediğinde, onların dikkatini dağıtmak için her zaman tiyatro vardı. Bir amfitiyatro, performanslar, spor etkinlikleri ve halka açık konuşmalar için bir mekan olarak hizmet veren bir açık hava arenasıdır (terimin modern kullanımı oldukça gevşektir). Daha önce de çeşitli yerlerde halka açık gösteriler yapılmış olsa da, bunlar geçici olarak sahnelenme eğilimindeydi. Ancak Yunanlılar MÖ 532 civarında oyunlar yazmaya başladıklarında, bunları sergilemek için küçük, açık hava yapıları (theatron adı verilen) inşa ettiler; her zaman daha büyük ve daha iyisini inşa etmek isteyen Romalılar ise amfitiyatroyu yarattılar. Romalılar fethettikleri tüm topraklarda bu yapıları inşa ettiler, çünkü her sınır karakolu medenileşmek istiyordu. Bu uygulama imparatorluktan başka yerlere de yayıldı, çünkü amfitiyatrolar oyunların, gladyatör ve olimpiyat oyunlarının, dini gösterilerin, idamların, siyasi tartışmaların, konserlerin ve diğer her türlü eğlencenin sahnelenmesi için harika yerlerdi.</Text>
    </Row>
    <Row Tag="LOC_PEDIA_BUILDINGS_PAGE_BUILDING_ARENA_CHAPTER_HISTORY_PARA_1">
      <Text>Kapalı bir amfi tiyatro... Latince harena'dan gelen "arena", Roma İmparatorluğu'ndaki kolezyumlarda kanı emmede çok iyi olan ince bir kum. Bugünlerde spor etkinlikleri, konserler ve diğer performansları (siyasi konuşmalar gibi) izlemek için arenalara gidenler tarafından bu unutuldu. Bir arenanın en ayırt edici özelliği, performans alanının ana mekandaki en alçak nokta olması ve seyirciler için oturma yerlerinin bunun etrafında sıralanmasıdır. Eskiler geniş alanların üzerini kapatmakta zorlandıkları için, medeniyetin ilk kapalı arenası olarak neyin adlandırılabileceği bilinmemektedir, ancak ünlü Kolezyum'un seyirci alanını kapatmak için açılır kapanır tenteleri vardı. Şu anda dünyanın en büyük arenası Bocaue'deki yaklaşık 55 bin kişilik Philippine Arena'dır. Ancak muhtemelen en iyi bilineni Manhattan'daki Madison Square Garden'dır, bu ismin dördüncüsü, ilk olarak 1879 yılında P.T. Barnum'a kiralanarak açılmıştır. Etkinliğe bağlı olarak 18 ila 20 bin kişi kapasiteli mevcut Garden, 1968 yılında açılmış ve o zamandan beri kalp kırıklıklarına ve tarihe ev sahipliği yapmıştır.</Text>
    </Row>
    <Row Tag="LOC_PEDIA_BUILDINGS_PAGE_BUILDING_ARMORY_CHAPTER_HISTORY_PARA_1">
      <Text>Bir cephanelik (ya da cephanelik, bazı önemli farklılıklar olmasına rağmen terimler karıştırılma eğilimindedir) silahların ve zırhların üretildiği, onarıldığı ve diğer insanları öldürmek için kullanılmadığı zamanlarda - yani barış zamanında - depolandığı yerdir. Düşmanla karşı karşıya gelmeyi planlamadıkları sürece askerler genellikle silahlarını ve zırhlarını yanlarında taşımazlar (özellikle de silahları mızrak ve zırhları plaka ise). İlk cephanelikler ilk profesyonel ordulara, Sümer ve Akad ordularına kadar uzanır. O zamandan beri her daimi ordunun, belki iyi korunan basit (halkın herhangi bir silahı ele geçirmesine izin vermeyecek) bir depo ya da tüfek üreten bir üretim tesisi kadar ayrıntılı cephanelikleri olmuştur. Silahların askerlerden uzakta, şehrin diğer ucunda olması mantıklı olmadığından, cephanelik genellikle kışlaların yakınındaydı. Cephanelikler çeşitli nedenlerle medeniyetin gidişatını bile şekillendirmiştir: Londra Kulesi, Harper's Ferry, Kremlin Cephaneliği, Springfield Cephaneliği, Berlin'deki Zeughaus ve diğerleri.</Text>
    </Row>
    <Row Tag="LOC_PEDIA_BUILDINGS_PAGE_BUILDING_BANK_CHAPTER_HISTORY_PARA_1">
      <Text>Her ne kadar daha önce de tefeciler ve hazineler olsa da (ne de olsa para medeniyetin çarklarını yağlar), bankacılık erken Rönesans İtalya'sında, Cenova, Venedik, Floransa, Siena ve Lucca gibi kuzeyin zengin şehirlerinde başlar. 14. yüzyıl boyunca, zaten varlıklı ve açgözlü olan Bardi, de Medici, Peruzzi, Cerchi, Gondi ve diğer aileler sadece kendi şehir devletlerindeki ticari bankacılığa hakim olmakla kalmayıp Avrupa'nın dört bir yanında şubeler kurdular. Halen faaliyette olan en eski banka Siena'daki Monte dei Paschi'dir ve MS 1472'den beri kesintisiz olarak faaliyet göstermektedir. Bankacılık 1600 yılına gelindiğinde Kutsal Roma İmparatorluğu ve kuzey Avrupa uluslarına yayılmış ve Avrupalılar dünyayı sömürgeleştirmek için yola çıktıklarında bu uygulamayı da yanlarında götürmüşlerdir. Teknolojiyle birlikte ayrıntılar önemli ölçüde değişmiş olsa da, bankacılık kârlarının temelleri aynı kalmıştır: çek ve tasarruf ücretleri, krediler ve kredi kartları, döviz bozdurma, fon yönetimi vb.</Text>
    </Row>
    <Row Tag="LOC_PEDIA_BUILDINGS_PAGE_BUILDING_BARRACKS_CHAPTER_HISTORY_PARA_1">
      <Text>Milislerin evleri vardı, işleri vardı, kendilerini besler ve giydirirlerdi, sadece hükümet tarafından çağrıldıklarında savaşırlardı; profesyonel askerlerin evleri yoktu, savaş onların işiydi ve yiyeceklerini ve şık üniformalarını hükümetten alırlardı. Yazı icat edildikten sonra profesyonel ordular mümkün oldu (krallar ve medeniyetler de dahil olmak üzere diğer pek çok şeyle birlikte). Evleri olmadığından, kışlalar onları barındırıyordu... genellikle şehrin merkezine yakındı, böylece askerler iç ya da dış her türlü tehdide karşı tepki verebiliyordu. Kışlalar, eğitim alanları, banyo odaları, tıbbi tesisler, yemekhaneler ve jimnastik salonları gibi olanakların eklendiği kalıcı kamplardı. Genellikle bu kışlalar, sorun çıkması ihtimaline karşı en azından asgari düzeyde tahkim edilirdi. Ne kadar mütevazı olursa olsun, ev kalbin olduğu yerdir... bu durumda, savaş.</Text>
    </Row>
    <Row Tag="LOC_PEDIA_BUILDINGS_PAGE_BUILDING_BROADCAST_CENTER_CHAPTER_HISTORY_PARA_1">
      <Text>Ticari radyo yayınlarının başlamasından kısa bir süre sonra ilk "yayın merkezi" inşa edildi: Broadcasting House, British Broadcasting Corporation'ın (dünyanın en eski ve en büyük) evi, MS 1932'de. Bir "yayın merkezi", radyo ve televizyon dalgalarını ev alıcılarına göndermek ve böylece halkı saatlerce pasif bir şekilde eğlendirmek için kullanılan bir komplekstir (stüdyolar, ses kabinleri, antenler ve çok sayıda ezoterik elektrikli ekipman). BBC, 1922 yılında Büyük Britanya halkına eğitici eğlence ve bilgi sağlamak amacıyla hükümet destekli bir operasyon olarak kurulmuştur. Kısa bir süre sonra bir dizi İngiliz Milletler Topluluğu ülkesi de aynı yaklaşımı benimsedi. Amerikan modelinde, özel yayın şirketleri, "sponsorlara" reklam süresi satışıyla finanse edilen rekabetçi programlar sağladı. 1928 yılına gelindiğinde Amerika Birleşik Devletleri'nin üç ulusal kanalı vardı (ikisi NBC'ye aitti). Bu rakip (reklam gelirlerine dönüşen izleyici sayıları için) ağların her biri elektronik çöplüğü beslemek için kendi yayın merkez(ler)ini inşa etti.</Text>
    </Row>
    <Row Tag="LOC_PEDIA_BUILDINGS_PAGE_BUILDING_CASTLE_CHAPTER_HISTORY_PARA_1">
      <Text>Latince castellum kelimesinden gelen kale, önemli kişileri (ve belki de onlara hizmet edenleri) düşmanlarından korumak için tasarlanmıştır. Bazen hendekler ve mottelerle, çoğu zaman palisades ve baileys ve enceinte ile çevrili, genellikle işler gerçekten ters gittiğinde merkezi bir kaleye sahip olan büyük kaleler, sıkıntılı zamanlarda son sığınaktı. Kendilerini buraya adamış savunucular surlardan ve kulelerden saldırganların üzerine ölüm yağdırabilirdi... eğer akıllılarsa, içeridekiler açlıktan ölene ve mantıklı bir şekilde teslim olana kadar yığını kuşatırlardı. Tarihçiler bu tür kalelerin ne zaman ortaya çıktığından tam olarak emin değiller (pek de şaşırtıcı değil), ancak çoğu bu gelişmeyi MS 9. ve 10. yüzyıllarda Magyarlar, Müslümanlar ve Vikingler gibilerden korumak için lordların evlerinin etrafındaki duvarların evrimine bağlıyor. Kanıtlanmış Roma mühendislik teknikleri, medeniyetin bu ileri karakollarını mümkün olduğunca zapt edilemez hale getirmek için uyarlanmıştır. Zamanla kraliyet, köylüler isyan etmeye başladığında şehirlerinde de bazılarına ihtiyaç duyabileceklerine karar verdi. Yeterince işe yaradı, ta ki köylülerin barutu olana kadar.</Text>
    </Row>
    <Row Tag="LOC_PEDIA_BUILDINGS_PAGE_BUILDING_CATHEDRAL_CHAPTER_HISTORY_PARA_1">
      <Text>İtalya'da her kavşakta Katolik kiliseleri varken, bazı piskoposlar her piskoposluk veya piskoposluk merkezi olarak hizmet verecek daha büyük bir şeye ihtiyaç duyduklarına karar verdiler. Böylece Latince "koltuk" ya da "sandalye" anlamına gelen cathedra kelimesinden gelen katedral ortaya çıktı. Katedral kavramı MS 313 yılında, imparator Konstantin'in Hıristiyanlığı kabul etmesiyle başlar; bununla birlikte Hıristiyanlık küçük bir inanç olmaktan çıkıp Roma'nın dini haline gelir ve piskoposlar imparatorluk genelinde yargıçların görevlerini ve saygınlığını üstlenmeyi az çok isteyerek kabul ederler. Eski Roma yargıçları son derece süslü bir salonda (bazilika) bulunan bir tahttan başkanlık ettikleri için, piskoposların (daha önce cemaatlerine başkanlık ederken hiç oturmamış olan) köylüleri Tanrı'nın görkemiyle etkilemek için tasarlanmış devasa yapılar olan katedraller inşa etmeye başlamaları uzun sürmedi. Sadık köylüler tarafından "bağışlanan" para, malzeme ve işçilikle inşa edilen bu yapıların yapımı genellikle bir ömür sürdü... ancak tüm uygarlığın en etkileyici yapıları arasında yer aldılar. İlk katedral Aquileia'daki (319 civarı) katedraldir ve henüz inşa edilmeye devam etmektedir.</Text>
    </Row>
    <Row Tag="LOC_PEDIA_BUILDINGS_PAGE_BUILDING_DAR_E_MEHR_CHAPTER_HISTORY_PARA_1">
      <Text>İlk olarak M.Ö. Dokuzuncu Yüzyıl civarında görülen ve 'Dar-e Mehr' olarak adlandırılan ilk Zerdüşt yapıları 'Atar' ("kutsal ateş") kavramıyla bağlantılıdır. Dar-e Mehr'in merkezindeki ateş ve temiz suya tapınılmaz, bunun yerine ritüel saflık elde etmek için bir araçtır.</Text>
    </Row>
    <Row Tag="LOC_PEDIA_BUILDINGS_PAGE_BUILDING_DAR_E_MEHR_CHAPTER_HISTORY_PARA_2">
      <Text>Bir tapınak, içinde barındırdığı ateşin türüne göre adlandırılırdı; en kutsalı "Zafer Ateşi" ya da "Ataş Behram" olup kutsanmış sayılması için 32 rahip ve 16 kutsal kaynaktan bir yıl boyunca ateş yakılması gerekirdi.</Text>
    </Row>
    <Row Tag="LOC_PEDIA_BUILDINGS_PAGE_BUILDING_DAR_E_MEHR_CHAPTER_HISTORY_PARA_3">
      <Text>Genellikle bir tepede veya daha yüksek bir yerde inşa edilen bu tapınaklarda, ataşgah adı verilen bir odada ritüelleştirilmiş alevler bulunur. Ancak, eğer inançsız biriyseniz, ataşgahı ya da içindeki alevi görmeyi beklemeyin: geleneklere göre kutsal ateşi sadece inançlı kişilerin görmesine izin verilir.</Text>
    </Row>
    <Row Tag="LOC_PEDIA_BUILDINGS_PAGE_BUILDING_ELECTRONICS_FACTORY_CHAPTER_HISTORY_PARA_1">
      <Text>Tüketici elektroniğinin ortaya çıkmasıyla birlikte, eğlence, iletişim ve vakit geçirmeye yönelik her türlü alet ve edevat pazarı 20. Yüzyılın sonlarında patlamıştır. Tüketici Elektroniği Derneği, bilgisayarlardan MP3 çalarlara, hesap makinelerinden dijital kameralara kadar kişisel kullanıma yönelik elektronik satışlarının 2007 yılında 150 milyar doları aştığını tahmin etmektedir. Bu postmodern bağımlılığı beslemek için, genişleyen elektronik fabrikalarında çalışan yarı vasıflı işçiler, standartlaştırılmış parçaları sürekli artan yeni ürün selinde bir araya getirmektedir. Bu gelgit dalgasına öncülük eden Japonya, dünyanın en büyük elektronik endüstrisine sahip olmakla birlikte, Güney Kore ve Çin de giderek daha rekabetçi hale gelmektedir. İlk "modern" elektronik fabrikası MS 1946 yılında kurulan Sony tarafından inşa edilmiştir. Japon mühendisler 1950'lerde transistörün, 1970 ve 1980'lerde ise yarı iletkenin ticari uygulamalarına öncülük etmiştir. Japonların minyatürleştirme ve elektronik üretimini standartlaştırma alanındaki yenilikleri, fabrikalarının tüketim alanında şimdiye kadar görülen en rekabetçi alanda en karlı fabrikalar olmasını sağlamıştır.</Text>
    </Row>
    <Row Tag="LOC_PEDIA_BUILDINGS_PAGE_BUILDING_FACTORY_CHAPTER_HISTORY_PARA_1">
      <Text>Sanayi Devrimi uygarlığın üzerine çöktü ve bir zamanlar elle yapılan her şey kısa süre içinde fabrikalarda yapılmaya başlandı... hem de büyük miktarlarda. Usta zanaatkârların gururla elleriyle bir şeyler yaptığı atölyeler, yerlerini montaj hattına ve standartlaştırılmış ürünlerin seri üretimine bıraktı. İngiliz Richard Arkwright, modern fabrikanın prototipini yaratmasıyla tanınır; 1769'da suyla çalışan bir eğirme cihazı olan "water frame "in patentini aldı ve Derbyshire'da Cromford Mill'i inşa etti. Bu süreçte, vasıflı işçileri (çıkrıklarda) daha hızlı (daha düşük kalitede olsa da) daha fazla iplik üretebilen vasıfsız göçmenlerle değiştirdi; aslında Arkwright, işçileri fabrikasında değiştirilebilir bir meta haline getirdi. Çok geçmeden diğerleri de bu formülü kopyaladı ve teknoloji önce buharı, ardından da elektriği atölyelere getirdikçe bu formül diğer endüstrilere de uygulandı. İşyerinin sanayileşmesindeki son adım: Henry Ford, 1913 yılında 93 dakikada değiştirilebilir parçalar kullanarak bir Model T Ford üretebilen ilk montaj hattı ile fabrika üretiminde devrim yarattı.</Text>
    </Row>
    <Row Tag="LOC_PEDIA_BUILDINGS_PAGE_BUILDING_FILM_STUDIO_CHAPTER_HISTORY_PARA_1">
      <Text>West Orange, New Jersey'de Thomas Edison tarafından MS 1893 yılında inşa edilen muşamba kaplı bir baraka olan "Black Maria" cömertçe ilk "film stüdyosu" olarak adlandırılabilir; Edison burada vodvil ve tiyatro oyuncularının maskaralıklarını çekerek paralı oyun salonlarında, kullanılmayan tiyatrolarda ve panayır çadırlarında halka göstermek için film kullandı. 1909'da Edwin Thanhouser eski bir buz pateni pistini kiraladı ve 1910-1917 yılları arasında 1086 adet ticari film çekti. Bu arada Avrupa'da Pathé (Fransa), Münchner Lichtspielkunst AG (Bavyera) gibi stüdyolar. Mosfilm (Rusya) ve Ealing Studios (İngiltere) gibi stüdyolar kuruluyordu. Ancak, açıklanamayan nedenlerden dolayı, Los Angeles ve çevresinde bir dizi stüdyo filizlendi (en iyi açıklama, doğal güneş ışığının o zamanın ham film kameraları için en iyisi olduğudur), ilki 1911'de Nestor Stüdyoları'ydı. 1920'ye gelindiğinde Hollywood'un banliyösünde, medeniyetin en son kaçış bağımlılığını beslemek için millerce film üreten bir düzine faaliyet gösteriyordu. Film stüdyoları büyük ölçüde tarihe karışmış olsa da (çoğu prodüksiyon "yerinde" gerçekleştiriliyor), bazıları dünyanın garip köşelerinde faaliyet göstermeye devam ediyor.</Text>
    </Row>
    <Row Tag="LOC_PEDIA_BUILDINGS_PAGE_BUILDING_GRANARY_CHAPTER_HISTORY_PARA_1">
      <Text>Çiftçilik gerçekten gelişmeye başladığında, fazla tahılı farelerden, böceklerden ve diğer insanlardan korumak için koyacak bir yere ihtiyaç duyuldu. Şimdiye kadar ortaya çıkarılan en eski tahıl ambarları Ürdün Vadisi'ndeki çanak çömlek öncesi Neolitik döneme, yaklaşık MÖ 9500'e kadar uzanmaktadır. İndus Vadisi'nde ise en eskisi M.Ö. 6000'lere kadar uzanmaktadır ve Mısırlılar da bu tarihlerde kötü hasatlara karşı bir önlem olarak fazla tahılı "silo" çukurlarında depolamaktaydı. Doğu Asya'da, Çin'deki Yangshao'lar MÖ 5000 civarında Sarı Nehir boyunca yükseltilmiş tahıl ambarları inşa ediyorlardı ve sonunda Koreliler (MÖ 1000 civarı) ve Japonlar (MÖ 800 civarı) da bunu anladılar. Modern zamanlarda, tahıl ambarları - diğer her şey gibi - daha büyük, otomatik ve daha karmaşık hale geldi; özellikle Amerika Birleşik Devletleri ve Rusya'nın zengin tarım arazileri, uygarlığın kalabalık kitlelerini beslemeye yardımcı olmak için devasa silolar ve tahıl asansörleriyle doludur.</Text>
    </Row>
    <Row Tag="LOC_PEDIA_BUILDINGS_PAGE_BUILDING_GURDWARA_CHAPTER_HISTORY_PARA_1">
      <Text>Gurdwara ("guruya açılan kapı" anlamına gelir) bir Sih tapınağıdır, ancak tüm inançlardan olanlar burada kendi tarzlarında ibadet edebilirler. Gurdwara'da geleneksel olarak Guru Granth Sahib'in sergilendiği büyük bir salon (Darbar Sahib) ve ziyaretçilerin Sih topluluğu tarafından sunulan ücretsiz yemeklerden yiyebileceği bir Langar bulunur. Bu eşitlikçi komplekste ayrıca bir kreş, kütüphane, hastane ve sınıflar da bulunabilir. İlk Sih gurusu Nanak Dev Ji, ilk gurdwara'yı MS 1521 yılında Pencap'ın Ravi Nehri kıyısında inşa etmiştir... efsaneye göre öyle. İlk gurdwaralar, inananların mevcut gurunun konuşmasını dinlemek ve Waheguru'ya (gevşekçe "Tanrı") ilahiler söylemek için toplandıkları yerlerdi. Bu tür yerlere nihayet "gurdwara" adını veren altıncı Sih gurusu olmuştur. Meditasyon ve kutsal kitapların incelenmesi Sihizm'in merkezinde yer aldığından, gurdwara bir Sih'in "doğru" ahlaki ve ruhani gelişimi için hayati önem taşır.</Text>
    </Row>
    <Row Tag="LOC_PEDIA_BUILDINGS_PAGE_BUILDING_HANGAR_CHAPTER_HISTORY_PARA_1">
      <Text>Gemilerin rıhtımlara, uçakların hangarlara ihtiyacı vardır. Havadan daha ağır olan ilk uçakların hava koşullarından korunmaya, onarıma ve sürekli bakıma ihtiyaç duydukları ve tüm bunların en iyi ahşap ve kumaştan yapılmış kavernöz yapıların içinde yapılabileceği kısa sürede keşfedildi (artık neredeyse tüm hangarlar metal ve betondan yapılıyor). Uçak ne kadar büyükse, hangar da o kadar büyük olmalıdır; XXL hangarlar (120 metreden daha geniş) dünyanın en büyük uçaklarını barındırmak için kullanılmaktadır: Airbus A380, Antonov 225 ve Boeing 747. Ancak uygarlıktaki en büyük hangarlar, Lakehurst'te (Hindenburg felaketinin yaşandığı yer) bulunan ABD Donanması'nın Hangar 1'i gibi zeplinler ve zeplinler için inşa edilen hangarlardı. S'den XXL'e, hangarlar bu hızlı çağda askeri havaalanlarının ve sivil havaalanlarının operasyonları için hayati önem taşımaktadır (bu nedenle hangarlar her modern savaşta başlıca hedeflerdir).</Text>
    </Row>
    <Row Tag="LOC_PEDIA_BUILDINGS_PAGE_BUILDING_LIBRARY_CHAPTER_HISTORY_PARA_1">
      <Text>Okuryazarlık uygarlığı etkisi altına aldığında, okuma materyallerinin (kitaplar, süreli yayınlar, haritalar, gazeteler, parşömenler, tabletler, her türden belgeler) tek bir yerde toplanması kaçınılmazdı - bir kütüphane. İlk kütüphaneler, yaklaşık M.Ö. 2600'lere tarihlenen Sümer kütüphaneleri, çivi yazısıyla kaplı kil tabletlerden oluşan arşivlerdi. Ninova'daki Ashurbanipal Kütüphanesi'nde Gılgamış Destanı da dahil olmak üzere 30 binden fazla kil tablet ortaya çıkarılmıştır. İskenderiye Kütüphanesi klasik dünyanın en büyük ve en önemli kütüphanesiydi, ancak yakıldı - çoğu büyük kütüphanenin uğradığı bir kader gibi görünüyor. Avrupa Karanlık Çağ'a sürüklenirken, kütüphaneler, kâğıt yapımını geliştirerek bilinen dünyadan metinler edinmelerine önemli ölçüde yardımcı olan Müslüman Araplar döneminde gelişti. Bu tarihi kütüphanelerin birçoğu herkese açık olsa da, ücretsiz halk kütüphanelerinin temeli 1850 tarihli İngiliz Halk Kütüphaneleri Yasası ile atılmıştır ve bu yasa, düşük doğum oranlarına bakılmaksızın okur-yazarlar (1870'te yaklaşık %76) için bir nimet olmuştur.</Text>
    </Row>
    <Row Tag="LOC_PEDIA_BUILDINGS_PAGE_BUILDING_LIGHTHOUSE_CHAPTER_HISTORY_PARA_1">
      <Text>Deniz tehlikeli bir yerdir; dikkatsiz bir gemiyi felakete sürüklemek için bekleyen sığlıklar, kayalıklar ve kayalıklarla doludur. Ve yorgun mürettebat güvenli bir liman bulmakta zorlanabilir. Bu nedenle, antik çağda, insanlar denize açılmaya başladıktan kısa bir süre sonra, gemiyi tehlikeden uzaklaştırıp limana yönlendirmek için işaret ateşleri yakıldı; bu tür işaret ateşleri yükseltilirse daha da görünür olacağından, ilk denizci uygarlıklar tarafından burunlar üzerine "deniz fenerleri" inşa edilmeye başlandı. Bunların en ünlüsü, bir zamanlar dünyanın en işlek limanı olan İskenderiye'de gemilere yol gösteren Pharos'tur. O zamandan bu yana geçen iki bin yıl boyunca, denizcilerin boğulmaması ve yüklerin kaybolmaması için ihtiyaç duyulan her yerde deniz fenerleri inşa edildi. Taş, ahşap ve tuğla yerini çelik ve beton konstrüksiyona, ateş yerini ark lambalarına bıraktı ama prensip aynı kaldı.</Text>
    </Row>
    <Row Tag="LOC_PEDIA_BUILDINGS_PAGE_BUILDING_MADRASA_CHAPTER_HISTORY_PARA_1">
      <Text>Medrese (Arapça'da medrese veya Türkçe'de medrese), genellikle dini bir bileşeni olmasına rağmen laik bir eğitim kurumudur. Medreseler tıp, hukuk, bilim, felsefe, din veya kadınların eğitimi konularında uzmanlaşırdı. Bazıları da mantık, dünya tarihi, yabancı diller, matematik, sanat ve karşılaştırmalı edebiyat öğretirdi. İlk medrese olan Gama'at al-Qarawiyyn, zengin bir tüccarın kızı olan Fatıma al-Fihri tarafından MS 859 yılında kurulmuştur. Fatımi, Eyyubi ve Memlük hanedanlarının yönetimi sırasında, yönetici, zengin elitlerin medreselere sponsor olma uygulaması Mısır ve Orta Doğu'ya yayıldı. İlk Osmanlı medresesi 1331 yılında İznik'te kuruldu ve Sünni İslam geleneklerini takip etti. Türklerin ve Arapların medreseleri, Avrupa Karanlık Çağ'da tökezlerken, Klasik bilginin en iyilerini canlı tutacak ve kendi icatlarıyla üzerine inşa edecekti.</Text>
    </Row>
    <Row Tag="LOC_PEDIA_BUILDINGS_PAGE_BUILDING_MARKET_CHAPTER_HISTORY_PARA_1">
      <Text>İster çarşı (Arapça), ister pazar (Farsça), ister mercado (İspanyolca) ya da palengke (Filipince) olarak adlandırılsın, pazarlar çiftçilerin ürün fazlası olduğundan ve tüccarların kasaba halkına satacak malları olduğundan beri var olmuştur. İlkel pazarlar takas sistemiyle işliyor olsa da, pazarları kârlı ve aslında medeniyet için vazgeçilmez kılan şey yazının ve madeni paranın gelişi olmuştur. Pazarlar, hem ulaşım merkezleri hem de tüketim merkezleri olan şehirlerde, hatta bu şehirler alışılmışın dışında olsa bile bulunuyordu. Teb, Babil, Atina, Roma, Bangkok, Marakeş, Londra ve Delhi'deki pazar yerleri, her yerde ve her zaman egzotik, yenilikçi ve gündelik olanı satışa sunmuştur. Şekilleri ve tarzları önemli ölçüde farklılık gösterebilir - yüzen pazarlar, kapalı pazarlar, sokak pazarları, gece pazarları, pazar meydanları, sonsuza kadar - ancak amaç aynıdır: tezgah sahipleri için kar elde etmek.</Text>
    </Row>
    <Row Tag="LOC_PEDIA_BUILDINGS_PAGE_BUILDING_MEETING_HOUSE_CHAPTER_HISTORY_PARA_1">
      <Text>Katolik Kilisesi'nin görkemli katedral ve kiliselerine karşı Protestanlar ibadetin ciddi ve sanattan uzak olması gerektiğini düşünüyorlardı. Bu nedenle bazı Cemaatçiler yerel kaynaklardan (genellikle ahşap ve taş) inşa edilen sade, süssüz binalar olan toplantı evlerinde ibadet ediyorlardı. Yeni Dünya'da, Protestan kolonilerinin çoğunun sosyal ve kültürel merkezi, yerleşimciler için hem ibadet hem de kamusal söylem yeri olarak hizmet veren toplantı eviydi. Birçok erken dönem Quaker, Mennonite, Unitarian, Puritan, Baptist ve diğer dindar tipler için toplantı evi aynı zamanda siyasi tartışmaların, oylamaların ve kararların alındığı fiili belediye binası olarak da hizmet vermiştir. Tüm Atlantik kıyısı kolonileri boyunca, yükselen ilk kamu binası tipik olarak toplantı eviydi. Yeni Birleşik Devletler'de kilise ve devletin ayrılması yaygın bir ilke haline geldiğinde, bu toplantı evlerinin hepsi belediye binalarına dönüştürüldü.</Text>
    </Row>
    <Row Tag="LOC_PEDIA_BUILDINGS_PAGE_BUILDING_MILITARY_ACADEMY_CHAPTER_HISTORY_PARA_1">
      <Text>Eğer bir uygarlık profesyonel bir orduya sahip olacaksa, onu yönetecek profesyonellere ihtiyaç duyar. (Bu, pahalı ordunun her halükarda boşa gitmemesine yardımcı olur ama kesinlikle garanti etmez). Bir askeri akademi, savaş "sanatında" subay yetiştirmeye adanmış bir "yüksek" öğrenim kurumudur. Avrupa'da ilk askeri akademiler 1700'lerin başında (en eskisi, 1720'de Woolwich'teki Kraliyet Askeri Akademisi) mühendisler ve topçular gibi ordunun "teknik" dallarında subay yetiştirmek üzere kurulmuştur. Fransa'da, genel askeri eğitim veren ilk okul olan École Royale Militaire 1751 yılında kurulmuştur. Bir nesil içinde Prusya, Rusya, Avusturya, İsveç ve daha küçük Avrupa devletlerinin çoğu subay yetiştiren askeri akademilere sahip oldu. Ve neden erkek çocuklara da savaş yöntemlerini öğretmeye başlamayalım ki, Birleşik Krallık'ta (Welbeck Koleji gibi), Fransa'da (örneğin Saint-Cyr), Amerika Birleşik Devletleri'nde (Valley Forge Askeri Akademisi ve diğerleri), Rusya'da (Suvorov Askeri Okulları) ve başka yerlerde üniversite öncesi öğrenciler için özel yatılı okullar kuruldu.</Text>
    </Row>
    <Row Tag="LOC_PEDIA_BUILDINGS_PAGE_BUILDING_MONUMENT_CHAPTER_HISTORY_PARA_1">
      <Text>İnsanlar unutkan bir tür oldukları için - ya da belki de sadece egoist oldukları için - her türlü şeyi anmak için anıtlar dikerler - "önemli" insanlar, olaylar, askeri zaferler, tanrılar ve hatta kurgusal karakterler (Kensington Gardens'daki Peter Pan anıtı gibi). Bu anıtları özellikle şehirlerin ortasına dikmeyi seviyorlar, böylece herkes onları görmek ve etraflarında yürümek ya da araba kullanmak zorunda kalıyor. Anıtlar her şekil ve boyutta, güzel ve korkunçtur. Zafer takları, sütunlar, dikilitaşlar, anıtlar ve mezar anıtları hemen hemen her büyük kent metropolünde bulunabilir ve sözde kent sakinlerine vatandaşlık ve ulusal gurur aşılar. Ya da, genellikle olduğu gibi, güvercinler için yuva yerleri ve turist fotoğrafları için tanınabilir arka planlar olarak hizmet ederler.</Text>
    </Row>
    <Row Tag="LOC_PEDIA_BUILDINGS_PAGE_BUILDING_MOSQUE_CHAPTER_HISTORY_PARA_1">
      <Text>İslam fıkhında bir binanın cami olabilmesi için katı gereklilikler ve standartlar vardır ve bunları karşılamayan ibadet yerleri yalnızca musalladır ("toplanma evleri"). Şeriat hukukuna göre, bir cami resmi olarak kutsal bir yer olarak belirlendiğinde, Kıyamet Günü'ne (Yawm ad-Din) kadar öyle kalır. Dünyanın en eski ve en büyük camisi olan Mescid-i Haram, MS 638 yılında Mekke şehrinde inşa edilmiştir; İslam'daki tüm mekânların en kutsalı olan Kâbe'nin kutsal alanını kapsamaktadır. Peygamber'in kendisi de başta Medine'deki cami olmak üzere başka camiler inşa etmiştir. Oradan, kendine özgü kubbeleri, minareleri ve bir imam tarafından yönetilen ibadet salonlarıyla camiler, 7. Yüzyıl boyunca Arabistan, Orta Doğu ve Kuzey Afrika'ya inananların kılıçlarıyla taşındı. Uzak Doğu'da inşa edilen ilk caminin - Xi'an'daki - 8. Yüzyılın ortalarına ait olduğu bildirilmektedir. Bir dua, hayır ve öğrenim mekânı olan cami, İslam medeniyetinin fiziksel kalbidir.</Text>
    </Row>
    <Row Tag="LOC_PEDIA_BUILDINGS_PAGE_BUILDING_MUSEUM_ART_CHAPTER_HISTORY_PARA_1">
      <Text>Sanat müzeleri (veya sanat galerileri), kitleleri eğitmek ve yüceltmek amacıyla sanat eserlerine ev sahipliği yapan - genellikle vergiler şeklinde halk tarafından ödenen - kamusal alanlardır. Sanat eserleri pek çok şekilde olabilir: resimler, eskizler, heykeller, seramikler, metal işleri, baskılar ve hatta artık videolar. Belki de yüksek kültürü halka ulaştırmaya yönelik bu türden ilk çaba MS 1671 yılında Basel'deki Amerbach-Cabinet'te (şimdiki Kunstmuseum) gerçekleşmiştir. Ancak halkın eğitimi için bu tür koleksiyonların oluşturulması fikri, Capitoline, Vatikan ve Uffizi gibi galerilerin kurulmasıyla Rönesans döneminde gerçekten ortaya çıkmıştır. 1700'lerde başka bir ikonik koleksiyon dalgası açıldı: Hermitage, Prado, Louvre ve 1773'te ilk Amerikan müzesi olan Charleston Müzesi. Louvre 1793 yılında, Fransız Devrimi'nden kısa bir süre sonra, kraliyet sanat koleksiyonunun halkın malı ilan edilmesiyle kuruldu ve sanatı zenginlerin elinden alıp halkın aval aval bakması için zevkli bir şekilde sergileme eğilimini başlattı.</Text>
    </Row>
    <Row Tag="LOC_PEDIA_BUILDINGS_PAGE_BUILDING_MUSEUM_ARTIFACT_CHAPTER_HISTORY_PARA_1">
      <Text>İnsanlar çok fazla çöp üretir. Ayrıca eski hurdalara da hayranlık duyarlar ve bu yüzden müzeler yaratırlar. Müze, uygarlığın en değerli eşyalarını halkın görmesi için tutmak üzere tasarlanmış bir binadır. Sanat koleksiyonları içeren müzeler olduğu gibi fosillerin, tarihi ilgi alanlarının ya da popüler kültür meraklarının sergilendiği müzeler de vardır. Ayrıca kostümler, mücevherler, silahlar, aletler ya da salonlarından geçen insanların ilgisini çekebilecek hemen her şeyi barındıran müzeler de vardır. Bilinen en eski koleksiyon, M.Ö. 530'larda Ennigaldi-Nanna'nın Müzesi'nde sergilenmiştir ve bu müzede sergilenen eşyaların etiketlenmesine yetecek kadar ziyaretçi bulunmaktadır (arkeologlar için bu harabenin bir müze olduğuna dair bir ipucu). Ancak halkın eğitimi için bu tür koleksiyonlar oluşturma fikri, Aydınlanma döneminde Londra Kulesi'ndeki Kraliyet Cephanelikleri, Besancon'daki Musée des Beaux-Arts et d'Archeologie ve St. Bu ve diğer müzeler artık neredeyse sergiledikleri hurdalar kadar tarihidir.</Text>
    </Row>
    <Row Tag="LOC_PEDIA_BUILDINGS_PAGE_BUILDING_PAGODA_CHAPTER_HISTORY_PARA_1">
      <Text>Teknik olarak "pagoda" bir binadan ziyade bir yapı tarzıdır - sarkan saçaklı katmanlı bir kule - ancak aydınlanmamış olanlar için Uzak Doğu'da çoğunlukla Budist ama aynı zamanda Taoist, Şinto ve Konfüçyüsçü dini yapılar için genel bir terim haline gelmiştir. Pagoda yapısının kökeni M.Ö. 3. Yüzyıl Nepal stupalarına kadar uzanmaktadır. Buradan Çin ve Doğu Asya'ya yayılan mimari tarz, Budistlerin kutsal emanetleri ve metinleri barındıran binaları için benimsenmiştir. Budist misyonerler, hacılar ve rahipler için bu pagodalar, Gautama Buddha'nın öne çıkan ve bolca bulunan resimleriyle inançlarının yeryüzündeki merkezleri haline gelmiştir. Yapı malzemeleri ve dekorasyon, süssüzden süslüye, bölgeden bölgeye ve inançtan inanca büyük çeşitlilik göstermiştir. Ancak pagodalar geleneksel olarak tek sayıda kata sahiptir, bunun dikkate değer istisnası Sir William Chambers tarafından 1762'de Londra'daki Kew Gardens'a dikilen ve İngilizler tarafından zekice olduğu düşünülen 163 metrelik "pagoda çılgınlığı "dır.</Text>
    </Row>
    <Row Tag="LOC_PEDIA_BUILDINGS_PAGE_BUILDING_PALACE_CHAPTER_HISTORY_PARA_1">
      <Text>Bir kabile reisi kral olmayı başarır başarmaz, ihtişam hayalleri kurmaya başladı; herkes gibi bir kulübede yaşamak olmazdı. Saray, bir uygarlığın hükümdarının ikamet ettiği yerdir. Bu terim biraz anakroniktir, çünkü günümüzde her türlü şeye "saray" denmektedir, hatta kumar kumarhanelerine bile. Şu anda çoğu hükümdar "Beyaz Saray" veya "Hükümet Konağı" gibi isimler verilen süslü binalarda yaşamaktadır, ancak etki aynıdır. Saraylar (ve modern muadilleri) üç şey için tasarlanmıştır: hükümdarın yönetmek için gerekli insanlara ve iletişime erişimini sağlamak, lideri saldırılardan korumak ve tebaaya ve yabancı ziyaretçilere liderin önemini ve şaşırtıcı kibrini etkilemek.</Text>
    </Row>
    <Row Tag="LOC_PEDIA_BUILDINGS_PAGE_BUILDING_POWER_PLANT_CHAPTER_HISTORY_PARA_1">
      <Text>Bir enerji santralinin (ya da elektrik santrali, üretim tesisi ya da elektrik santrali) tek amacı - ister hidro, nükleer, güneş, fosil yakıt, gelgit ya da başka bir şey olsun - uygarlığın son 160 yılda geliştirdiği doymak bilmez elektrik iştahını doyurmaktır. Biçimi ne olursa olsun, prensip aynıdır: bir enerji türünü diğerine dönüştürerek insanların rahat etmesini sağlamak. İlk elektrik santrali Baron William Armstrong tarafından MS 1868'de (bilim adamları hala laboratuarlarda elektrikle oynarken) Cragside'da tasarlandı ve inşa edildi; dinamoları döndürmek için bir gölden gelen su kullanıldı ve elde edilen elektrik, yakındaki mülklerinde ışıklara, ısıtmaya, sıcak su ısıtıcılarına, bir asansöre ve diğer garip cihazlara güç sağladı. Ocak 1882'de Londra'da ilk kamu elektrik santrali faaliyete geçti ve Eylül ayında New York'ta Pearl Street İstasyonu aşağı Manhattan'a elektrik sağlayarak faaliyete başladı. Pearl Street İstasyonu 1890'da yanmış olsa da artık çok geçti - insanlar elektrik ışığına bağlanmıştı ve şu anda sadece Amerika Birleşik Devletleri'nde 7300'den fazla elektrik santrali faaliyet gösteriyor.</Text>
    </Row>
    <Row Tag="LOC_PEDIA_BUILDINGS_PAGE_BUILDING_RESEARCH_LAB_CHAPTER_HISTORY_PARA_1">
      <Text>Bir araştırma laboratuvarı, tıp, fizik, kimya, robotik, temiz enerji veya TV reklamları için yeni ürünler gibi bir konunun ileri düzeyde incelenmesine adanmış bir enstitüdür. Bu tür laboratuarlar kamu tarafından finanse edilebilir ya da kar peşinde koşan zengin şirketler tarafından işletilebilir; araştırma laboratuarları üniversitelere bağlı olabilir ya da akademik sınırlardan ve etikten bağımsız olabilirler. "Verimli" araştırma laboratuvarlarının her disiplindeki araştırmanın geleceği olduğu oldukça açıktır. Medeniyetin dünyayı kavrayışı ilerledikçe, kendini işine adamış bilim insanının bodrumunda tek başına çalışıp "Eureka!" diye bağırdığı günler geride kaldı. Doğal dünya hakkında ne tür bir anlayış kazanırsak kazanalım, hangi yeni teknolojik oyuncak dikkatimizi çekerse çeksin, günlük hayatımızda ne tür bir gelişme olursa olsun, hangi dehşet ortaya çıkarsa çıksın, ister büyük (CERN'in Büyük Hadron Çarpıştırıcısı) ister küçük (bilgisayar simülasyon modellemesi) olsun, muhtemelen bir araştırma laboratuvarından çıkacaktır.</Text>
    </Row>
    <Row Tag="LOC_PEDIA_BUILDINGS_PAGE_BUILDING_SEAPORT_CHAPTER_HISTORY_PARA_1">
      <Text>Antik limanların yerleri kara ya da nehir yollarına erişimi optimize etmek, demirli gemileri korumak ve liman ücretlerini en üst düzeye çıkarmak için seçilmiştir - Qin Çin'indeki Guangzhou, Atina için Pire, Mısır'da Canopus ve İskenderiye, Harappa için Lothal, Roma'nın Ostia Antica'sı. Bir limandan çok daha fazlası olan bir liman, denizde giden gemiler ve mürettebatları için gerekli olan her şeyi sunuyordu: halat ve marangoz atölyeleri, rıhtımlar ve kızaklar, barlar ve genelevler, depolar vs. Avrupa'nın limanları, dünyanın keşfi ve sömürgeleştirilmesi için fırlatma noktaları ve askeri tarihte öne çıkan deniz üsleriydi. Ticari imparatorluklar, limanlarının kaderine bağlı olarak yükseldi ve çöktü: Fenike, Srivijaya, Portekiz ve diğerleri. Denizlere bakan limanlara kıyasla daha az yaygın olsa da New Orleans ya da Kalküta gibi iç limanlar geniş bölgelerin okyanuslara erişimini sağlıyordu. Bugün dünyanın büyük limanları - Port Said, Hamburg, Şangay, Melbourne, Santos, Hong Kong, Los Angeles ve Vancouver bunlardan birkaçı - bir vinç ormanı, bir karayolu ve demiryolu labirenti, bir depolar ve depolama tankları şehridir ve hepsi de ihracat ve ithalattan kar elde etmeye adanmıştır.</Text>
    </Row>
    <Row Tag="LOC_PEDIA_BUILDINGS_PAGE_BUILDING_SEWER_CHAPTER_HISTORY_PARA_1">
      <Text>Bir yere yeterince insan ve hayvan koyun, sokakları asfaltlayın, yağmur yağsın... ve bir kanalizasyon sistemine ihtiyaç olduğu ortaya çıksın. En azından Hintliler için öyleydi; arkeologlar tarafından ortaya çıkarılan en eski üstü kapalı kanalizasyonlar İndus Vadisi uygarlığının kalıntılarında bulundu. Atık su ve kanalizasyonun nereye akıtılacağı her zaman bir sorun olmuştur; antik Roma'da bir mühendislik harikası olarak kabul edilen büyük Cloaca Maxima, Tiber Nehri'ne boşalıyordu (umarım şehrin içme suyunun elde edildiği nehrin aşağısında). Birçok yerde doğal bir su yolunun üzeri kapatılarak kanalizasyon sistemi olarak kullanılmıştır; Londra'daki River Fleet bunlardan biridir. Sanayi Devrimi'nin gelişi ve şehirlerin hızla büyümesiyle birlikte, 19. Yüzyılın başlarında birçok inşaat mühendisi entegre, amaca yönelik su ve kanalizasyon sistemlerinin inşasını teşvik etti. 1858'de Londra'da yaşanan "Büyük Koku", Parlamento tarafından finanse edilen ilk "modern" kanalizasyon sistemiyle sonuçlandı ve o zamandan bu yana tüm kanalizasyon yeniliklerinin temelini oluşturdu.</Text>
    </Row>
    <Row Tag="LOC_PEDIA_BUILDINGS_PAGE_BUILDING_SHIPYARD_CHAPTER_HISTORY_PARA_1">
      <Text>Bilinen en eski tersaneler - MÖ 2400'lere tarihlenen - Hindistan'ın Gujarat eyaletindeki Lothal kalıntılarında bulunmuştur. Naupactus Yunanca'da "tersane" anlamına gelir; bu antik kentin savaş gemileri inşa etmesiyle tanınması şaşırtıcı değildir. İmparatorluk olma iddiasındaki her ulusun tersaneleri vardı. Gemiler seri olarak üretilen ilk şeylerden biriydi; harikulade Sanayi Devrimi'nden yüzyıllar önce, Venedik'teki Arsenal, bir montaj hattında önceden üretilmiş ve standartlaştırılmış parçalar kullanarak bir günde bir ticaret veya savaş gemisi üretebiliyordu. Demir ve çelik gemilerin ortaya çıkmasıyla birlikte tersaneler her zamankinden daha fazla fabrikaya dönüştü ve okyanusta giden en büyük gemileri inşa etmek için devasa kuru havuzlar kuruldu... ancak bu bir günden daha uzun sürdü. Belfast'taki geniş Harland &amp; Wolff tersanesinde, RMS Titanic'in temelleri Mart 1909'da atıldı ancak Mayıs 1911'e kadar denize indirilemedi; geminin tamamlanmasına ve kaderini belirleyecek ilk yolculuğuna daha yaklaşık bir yıl vardı.</Text>
    </Row>
    <Row Tag="LOC_PEDIA_BUILDINGS_PAGE_BUILDING_SHRINE_CHAPTER_HISTORY_PARA_1">
      <Text>Bir tanrıyı (veya tanrıçayı) yatıştırmak için bir tapınak inşa edin. İster basit olsun - bir akarsuyun yanındaki orman açıklığında büyük bir kaya - isterse ayrıntılı olsun - yükselen kemerler ve yivli sütunlardan oluşan mermer bir yapı - amaç aynıdır: inananların hac ziyaretleri ve adaklar sunacakları bir yer. Kaçınılmaz olarak bir peygamberin (ya da belki sadece bir azizin) mucize gösterdiği, vahiy aldığı, kitlelere konuştuğu ya da bir tür cennete yükseldiği yer olan uygarlığın manzarası mabetlerle doludur. Bu kutsal yerler hemen hemen her dinin temelini oluşturur, ancak genellikle yeni bir din bölgeyi ele geçirdiğinde ve yeni bir tanrının yatıştırılması gerektiğinde yıkılır.</Text>
    </Row>
    <Row Tag="LOC_PEDIA_BUILDINGS_PAGE_BUILDING_STABLE_CHAPTER_HISTORY_PARA_1">
      <Text>Kışlalar süvari askerleri için neyse, ahırlar da binekleri için oydu. Gerçekten de ordunun atları ve katırları genellikle onlara bakan köylülerden daha iyi durumdaydı. Çoğu yerde ahırlar, İmparatorluk Roma turmasından Britanya Hanedan Süvarileri'ne kadar süvari birliğinin kışlalarını da kapsıyordu. Ahırlara, yemliklere, yem depolarına, seyislerin odalarına (atlarla birlikte uyumadıkları sürece) ek olarak, askeri ahırlar aynı zamanda eğitim ve talim için geniş muhafazalar sağlıyordu ve tabii ki veterinerlerin odaları da vardı. Zamanla, İngiltere gibi bazı yerlerde "ahır" terimi bir süvari alayının karargâhı anlamına bile gelmeye başladı. Ülkedeki askeri ahırların yanı sıra, hükümdarın kişisel bineklerinin ve arabalarının tutulduğu kraliyet ahırları ve konakları da vardı; bunların içinde genellikle bir tür atlı kraliyet muhafızı bulunurdu. Günümüzde çoğu süvari ahırının yerini daha az göz alıcı olan "motor havuzları" almıştır.</Text>
    </Row>
    <Row Tag="LOC_PEDIA_BUILDINGS_PAGE_BUILDING_STADIUM_CHAPTER_HISTORY_PARA_1">
      <Text>Stadyum, daha geniş atıştırmalık seçenekleri ve daha fazla tuvaleti ile kolezyumun daha iyi bir versiyonudur. Spor müsabakalarına adanmış bir açık hava mekânı olan bilinen en eski stadyum, batı Mora Yarımadası'ndaydı ve ilk olarak MÖ 776'da düzenlenen antik Olimpiyat Oyunları'nın yapıldığı yerdi. Yunan ve Roma stadyumları, rekabet kültürlerinin bir kanıtı olarak birçok şehrin kalıntılarında bulunmuştur. Viktorya Çağı'nda boş zamanların artması ve organize sporların popülerleşmesiyle - özellikle Avrupa'da futbol (medeni olmayanlar için futbol) ve Amerika'da beyzbol - stadyumlar dünya çapında büyük bir hızla inşa edilmeye başlandı. Bu endüstriyel çağ stadyumlarının çoğu, Dublin'deki Lansdowne Road (1872-2006) veya Boston'daki South End Grounds (1871-1914) gibi ahşaptan inşa edilmişti. Günümüzde modern beton ve çelik stadyumlar bir spor karşılaşması, rock konseri ya da siyasi miting için 100 binden fazla çığlık atan, iğrenç taraftarı ağırlayabilmektedir.</Text>
    </Row>
    <Row Tag="LOC_PEDIA_BUILDINGS_PAGE_BUILDING_STAR_FORT_CHAPTER_HISTORY_PARA_1">
      <Text>Toplar savaşa girdiğinde, o eski, yüksek, düz şehir duvarları pek iyi dayanamadı. Rönesans döneminde İtalya'da yaşanan amansız savaşlar sayesinde, buradaki askeri mühendisler MS 15. Yüzyılın ortalarında "yıldız kaleyi" (daha doğru bir ifadeyle trace italienne) tasarladılar. Bir yıldız kalenin tasarımı herhangi bir taslaktan anlaşılabilir: düz, alçak ve kalın ve eğimli duvarlı bir yapı, birbirlerine koruma ateşi sağlayacak şekilde yerleştirilmiş birçok üçgen burçtan oluşur, hepsi gülleleri saptırmak için bir glacis ve piyadeleri caydırmak için bir hendekle çevrilidir. Yıldız kaleler Michelangelo tarafından Floransa için yaptığı savunma tasarımlarında kullanılmış ve daha sonra bu kavramlar mühendis Peruzzi (Siena için) ve yazar Scamozzi tarafından geliştirilmiştir. Sık sık istilacı Fransızlara ve Habsburglara karşı İtalyan şehirleri kısa sürede geleneksel tahkimatlardan vazgeçerek şehirlerini yıldız kalelerle çevreledi. Bu etkili tasarım 1530'lu ve 1540'lı yıllarda İtalya'nın dışına yayılarak büyük askeri mühendis Vauban'ın zamanında tüm Avrupa'da standart haline geldi.</Text>
    </Row>
    <Row Tag="LOC_PEDIA_BUILDINGS_PAGE_BUILDING_STAVE_CHURCH_CHAPTER_HISTORY_PARA_1">
      <Text>Vikingler Hıristiyanlığı kabul ettikten sonra, Ortaçağ İskandinavya'sında ahşap, direkli ve kirişli yapılar inşa edilmiştir. Sadece İsveç'te, en eskisi 1100'lerin ortalarına kadar uzanan binden fazla çıtalı kilisenin dağınık halde bulunduğu tahmin edilmektedir. Dini işlevlerinin yanı sıra, bunlar genellikle toplantı salonları, kültür merkezleri, adliye binaları ve hatta pazar yerleri olarak hizmet vermiştir. Erken dönem çıtalı kiliseler, ağır kar yağışından korunmak için dik eğimli çatıları olan parmaklıklı yapılardı. Kiliselerde, genellikle Hıristiyan tasarımlı, ancak zaman zaman Hıristiyanlık öncesi kahramanları ve mitleri tasvir eden özenli ahşap oymalar vardı. Daha sonraları sadece köşe direkleri toprağa oturtulmuş ve iskelet tahta ile kaplanmıştır. Şu anda ikisi Norveç'te olmak üzere 30 çıtalı kilise ayakta kalmıştır.</Text>
    </Row>
    <Row Tag="LOC_PEDIA_BUILDINGS_PAGE_BUILDING_STOCK_EXCHANGE_CHAPTER_HISTORY_PARA_1">
      <Text>Borsalar, "hisse senedi" - "halka açık" şirketlerdeki mülkiyet payları - değerinin yükselmesi ve düşmesi üzerine spekülasyon yaparak rafine bir şekilde kumar oynamayı seven insanlar için vardır. Her zaman ücret alan borsa simsarlarının tavsiyesiyle, herkes hisse senedi, tahvil veya diğer menkul kıymetlerde işlem yapabilir. Bu uygulamanın kökeni, Rönesans döneminde İtalyan bankaları tarafından bir şirket ya da girişimdeki (örneğin bir ticaret seferindeki) alacaklı hissesi olarak alınıp satılabilen tahvillerin yaratılmasına dayanmaktadır. MS 1602'de kurulan Hollanda Doğu Hint Adaları Şirketi, satın almaya gücü yeten herkesin spekülatif yatırımları için gecikmeli temettüler (yıllık karının bir kısmı) sunarak hisselerini satışa çıkaran ilk şirket oldu. Tüm bu yeni orta sınıf halkı buna karşı koyamadı ve çok geçmeden diğer şirketler de aynısını yapmaya başladı. Zamanla, Jonathan's Coffee House'da faaliyet gösteren John Castaing adında şüpheli bir İngiliz, hisse senedi ve emtia fiyatlarının düzenli bir listesini yayınlamaya ve bir ücret karşılığında bunlarda komisyoncu olarak hizmet vermeye başladı; bu Londra Menkul Kıymetler Borsası'nın başlangıcını işaret eder. Güney Denizi Balonu, Lale Çılgınlığı ve diğer tüm dolandırıcılık ve skandallara rağmen bu uygulama o zamandan beri devam etmektedir.</Text>
    </Row>
    <Row Tag="LOC_PEDIA_BUILDINGS_PAGE_BUILDING_STUPA_CHAPTER_HISTORY_PARA_1">
      <Text>Swat Vadisi'ne yolunuz düşer ve kendinizi Shingardar köyünde bulursanız, küçük kasabanın üzerinde yükselen ve her ikisinin de arkasındaki dağlar tarafından cüceleştirilen devasa bir taş kubbe göreceksiniz. Bu yapı, MS İkinci ve Üçüncü Yüzyıllar arasında Swat'ın Budist kralı tarafından inşa edilmiş bir stupadır.</Text>
    </Row>
    <Row Tag="LOC_PEDIA_BUILDINGS_PAGE_BUILDING_STUPA_CHAPTER_HISTORY_PARA_2">
      <Text>Budist krallar sırf hoşlarına gittiği için dev kubbeler inşa etmeye meraklı değillerdi; Asya'nın dört bir yanında inşa edilen stupalar, ilk olarak M.Ö. Dördüncü Yüzyılda Hindistan'da ortaya çıkan anıtlardı.</Text>
    </Row>
    <Row Tag="LOC_PEDIA_BUILDINGS_PAGE_BUILDING_STUPA_CHAPTER_HISTORY_PARA_3">
      <Text>Birçok stupa genellikle Buddha, yaşamı ve müritleriyle ilgili kalıntılar içerir. Çin'deki Ningxia'nın 108 Stupası gibi diğerleri, bazı teolojik önemleri göz önünde bulundurularak veya potansiyel ruhani faydaları için inşa edilmiştir.</Text>
    </Row>
    <Row Tag="LOC_PEDIA_BUILDINGS_PAGE_BUILDING_STUPA_CHAPTER_HISTORY_PARA_4">
      <Text>Birçoğu ayakta kalmış olsa da, tarih Asya'nın stupalarına biraz sert davranmıştır: birçoğu çatışma ve felaketlerin bir sonucu olarak kubbelerine zarar vermiştir.</Text>
    </Row>
    <Row Tag="LOC_PEDIA_BUILDINGS_PAGE_BUILDING_MBANZA_CHAPTER_HISTORY_PARA_1">
      <Text>Mbanza Kongo dilinde "şehir" ya da bazı durumlarda sadece "yerleşim yeri" anlamına gelmektedir. Portekizliler Orta Afrika'ya vardıklarında, M'banza Kongo ticaret ve zanaat üretiminden zengin büyük bir şehirdi, ancak nüfusun çoğu onu çevreleyen vadilerde yerleşim bölgelerinde yaşıyordu - belki de 100 bin kişi kadar. Bu küçük kasabalarda bir pazar ve bir atölye olsa da, önemli şeyler - kiliseler, saray, okullar, klinikler, vergi daireleri - tepedeki başkentte bulunuyordu. M'banza Kongo'ya yamaçlardaki birkaç yolla bağlıydılar ve bunlar bayram ve vergi günleri gibi zamanlarda oldukça kalabalık oluyordu. Tüm bunlar, ziyaretçi Francesco da Roma'ya göre MS 1648 yılında gerçekleşmiştir. Yani Kongolular medeniyete sadece banliyöyü değil, aynı zamanda "iş çıkış saatlerini" de kazandırmışlardı.</Text>
    </Row>
    <Row Tag="LOC_PEDIA_BUILDINGS_PAGE_BUILDING_SYNAGOGUE_CHAPTER_HISTORY_PARA_1">
      <Text>Geleneksel olarak sinagog terimi (Yunanca "toplantı" anlamına gelir) tüm Yahudi tapınaklarını tanımlamak için kullanılır ve hem ibadet hem de eğitim yeridir. İbadet ve dua ana oda olan kutsal alanda gerçekleşir. Dua bir haham ("öğretmen") tarafından yönetilebilir - ancak bu zorunlu değildir ve birçok sinagogda haham bulunmaz. Toplu ibadet bir 'minyan' (on Yahudi) toplandığında gerçekleşebilir. Sinagoglar Kudüs'teki İkinci Tapınak'ın MS 70 yılında yıkılmasından önce de mevcut olmasına rağmen, hahamlarından biri olan Yohanan ben Zakkai, dağılmış Yahudilerin kendilerini bulabilecekleri her yerde bireysel ibadet evleri kurma fikrini desteklemiştir. Böylece, o zamandan beri, herhangi bir Yahudi (kral, zengin patron, âlim, vb.) veya Yahudi grubu (Sefarad, Hasidik, Karay, Ortodoks, Reform, vb.) bir sinagog kurabilir.</Text>
    </Row>
    <Row Tag="LOC_PEDIA_BUILDINGS_PAGE_BUILDING_TEMPLE_CHAPTER_HISTORY_PARA_1">
      <Text>Tapınak, bir tanrıya adanmış ruhani faaliyetler - dua, cemaat, kurban ve benzerleri - için ayrılmış yapıdır. Neredeyse her örgütlü dinin bir tür tapınağı vardır; tapınakların aksine bunlar planlı dindarlıktır, Tanrı'nın gücü tezahür eder. Tapınaklar aynı zamanda ondalıklar ve bağışlar sayesinde rahiplerin, yardımcıların, bakire rahiplerin, keşişlerin, hahamların vs. beslenmesine, giydirilmesine ve desteklenmesine hizmet eden ticari kuruluşlardır. Mezopotamya'da bulunan bilinen en eski tapınaklar MÖ 10. yüzyıldan kalmadır ve basit yapılardır. Ancak zamanla tapınaklar daha ayrıntılı ve görkemli hale gelmiş ve medeniyet üzerinde önemli bir etki yaratmıştır - Teb'deki Karnak Tapınağı, Atina'daki Parthenon, Bihar'daki Mahabodhi Tapınağı veya Salt Lake'teki İsa Mesih'in Son Zaman Azizler Kilisesi Tapınağı gibi.</Text>
    </Row>
    <Row Tag="LOC_PEDIA_BUILDINGS_PAGE_BUILDING_UNIVERSITY_CHAPTER_HISTORY_PARA_1">
      <Text>MS 1100'lerden beri bir yüksek öğrenim kurumu olan modern üniversitenin kökleri 6. yüzyıla kadar uzanan Katolik katedral ve manastır okullarına dayanmaktadır. Paris Üniversitesi (yaklaşık 1150'de kurulmuştur) haricinde, ilk üniversitelerin çoğu ülkenin kral ve kraliçeleri tarafından - Bologna (1088), Oxford (1167), Modena (1175), Cambridge (1209) Padua (1222), Krakow (1364) ve diğerlerinde - Katolik okullarına alternatif (ve onları engelleyici) olarak kurulmuştur. Katolik Kilisesi'nin aksine (ve ona meydan okuyarak), bu devlet üniversiteleri akademik özgürlüğü benimsedi; bunlardan ilki 1155'te Bologna Üniversitesi'nin Kutsal Roma İmparatoru Frederick Barbarossa tarafından garanti altına alınan ve burada okuyan akademisyenlere haklar ve korumalar sağlayan Constitutio Habita'sıydı. O zamanlar üniversiteler hukuk, tıp, mantık, felsefe, bazı bilimler ve klasikler alanında eğitim veriyordu; şimdi ise genç akademisyenler Budist edebiyatı, biyomühendislik ve hatta oyun tasarımı alanlarında derece alabiliyor.</Text>
    </Row>
    <Row Tag="LOC_PEDIA_BUILDINGS_PAGE_BUILDING_WALLS_CHAPTER_HISTORY_PARA_1">
      <Text>Barut, bombardıman uçakları ve nükleer füzeler gibi şeyler onları oldukça anlamsız hale getirene kadar, bir şehir dokunulmaz kalmak istiyorsa şehir duvarları oldukça önemliydi. Eğer bir şehir vatandaşlarını nispeten güvende tutmak ve mallarını kapıdaki barbarlardan korumak istiyorsa, etrafını çevreleyen nispeten güçlü bir duvara ihtiyacı vardı. Sümer şehri Uruk, tanrı-kral Gılgamış tarafından inşa edildiği varsayılan, tamamen bir duvarla çevrili bilinen en eski yerleşim yeridir. İndus Vadisi'ndeki Kot Diji gibi bazı erken yerleşim yerlerinin koruma amaçlı devasa taş ve tuğla duvarları vardı. Öte yandan, eğer şehirde müthiş savaşçılar yaşıyorsa, genellikle surlar olmadan da idare edilebilirdi - Sparta ve Roma, surlar inşa edilmeden önce birkaç yüzyıl boyunca hayatta kalmıştır. Bugün, şehir surlarının kalan kısımları ya görmezden geliniyor ya da "yerel rengin" bir parçası olarak kabul ediliyor.</Text>
    </Row>
    <Row Tag="LOC_PEDIA_BUILDINGS_PAGE_BUILDING_WAT_CHAPTER_HISTORY_PARA_1">
      <Text>Kamboçya, Tayland ve Laos'taki Budist manastırları "wats" (Sanskritçe "muhafaza" anlamına gelir) olarak adlandırılır. Wat genellikle bir okulu kapsar ve dolayısıyla hem kutsal hem de eğitimseldir. Bir wat genellikle Buda heykellerinin bulunduğu bir tapınak, bir dua odası, dini metinlerin bulunduğu bir oda, dinlenmek için bir pavyon, bir kütüphane, çalışma salonu, çan kuleleri, davul kuleleri ve yaşam alanlarından oluşur. Watlar iki türdür: wisungkhamasima (kraliyet himayesi) verilenler ve verilmeyenler (samnak song). Güneydoğu Asya'da bol miktarda bulunurlar ve mimari tarzları halklar kadar çeşitlidir - ancak keşişler ve acemiler için yaşam alanları her zaman kutsal yapılardan ayrıdır. Genellikle süslü bir şekilde dekore edilmiş ve yaldızlanmış olan watlar, 12. yüzyılın başlarında Kral Suryavarman II'nin himayesinde inşa edilen Kamboçya'daki Angkor'daki ünlü yapı da dahil olmak üzere bölgedeki en farklı ve tarihi yapılardan bazılarıdır.</Text>
    </Row>
    <Row Tag="LOC_PEDIA_BUILDINGS_PAGE_BUILDING_WATER_MILL_CHAPTER_HISTORY_PARA_1">
      <Text>Bir su değirmeni, tahıl, kereste, tekstil, cevher, metal, kağıt ve benzeri her türlü yararlı şeyi öğütmek, eğirmek, kesmek veya dövmek için diğer çarkları döndürmek üzere dişli bir su çarkını döndürmek için akan suyu kullanır. Çoğu insan su değirmenlerini, tahıldan un üretmeye uyarlanmış değirmenler olarak düşünür... ve bu kesinlikle bulunan en eski türdür. Bizanslı Yunan mühendis Philo (M.Ö. 280-220) bir su değirmeninin işleyişine dair bir açıklama bırakmıştır; Romalı Vitruvius ise bir su değirmeni inşa etmenin ilk teknik tanımını sunmuştur. Su değirmeni o kadar kullanışlıydı ki, Karanlık Çağ'a gelindiğinde her yerleşimin yakınında bulunabiliyordu ve (kaybolan pek çok bilginin aksine) Avrupalılar suyla çalışan ızgara değirmenleri inşa etmek ve çalıştırmak için gerekli temel bilgileri muhafaza etmeyi başardılar. Daha sonra, buhar gücü ve elektrik gücü daha verimli ve ekonomik olarak su çarklarının yerini almıştır; bugün sadece barbarlar mısır ve buğdaylarını öğütmek için gerçek su değirmenlerini kullanmaktadır.</Text>
    </Row>
    <Row Tag="LOC_PEDIA_BUILDINGS_PAGE_BUILDING_WORKSHOP_CHAPTER_HISTORY_PARA_1">
      <Text>Bir atölye çalışmak içindir... yani ahşap, metal, cam, seramik ve değerli bir şey yapmak için gereken diğer her şeyi çalışmak için. Aletler ve basit makinelerle dolu olan atölyeler, yüzlerce yıldır kapılardan kapı tokmaklarına, cam eşyalardan nallara kadar her şeyi yapan usta zanaatkârların meskeni olmuştur (demirci ocağı da bir tür atölyedir). Antik atölyeler, insanoğlunu "homo faber" olarak damgalayan medeniyetin ilk yerleşimlerine kadar uzanmaktadır. Ortaçağ'a gelindiğinde atölye "ekonomisi" iyice yerleşmiş, uygulamalar giderek daha katı bir hal almıştır - çıraklık sistemi örneğinde olduğu gibi, genç oğlanlar kendilerine yetenekli işlerinin inceliklerini öğreten usta zanaatkârlara bağlanmışlardır. Çıraklık genellikle yedi yıl sürüyordu, bu süre sonunda çırak usta oluyor ve kendi atölyesine sahip olabiliyordu (olmayanlar kalfa oluyordu). Ancak Sanayi Devrimi, fabrikaların ürünleri daha ucuza (daha düşük kalitede olsa da) seri olarak üretebilmesiyle tüm sistemin sonunu getirmiştir.</Text>
    </Row>
    <Row Tag="LOC_PEDIA_BUILDINGS_PAGE_BUILDING_ZOO_CHAPTER_HISTORY_PARA_1">
      <Text>Bilinen en eski hayvanat bahçesi (ya da "zoolojik park", yani hayvanat bahçesi) Hierakonpolis'te kazılmıştır ve MÖ 3500'lere tarihlenmektedir; arkeologlara göre burada su aygırları, filler, hartebeest, babunlar ve yaban kedileri bulunmaktaydı. MÖ 12. Yüzyılda Çin imparatoriçesi Tanki'nin bir "geyik evi" vardı ve daha sonra Zhou'lu Wen 1500 dönümlük bir hayvanat bahçesi kurdu. Büyük İskender, sergilenmek üzere Yunanistan'a alışılmadık hayvanların canlı örneklerini göndermiş ve Roma imparatorlarının çoğu, vatandaşların bakması için geniş hayvan koleksiyonlarına sahip olmuştur. İnsanlar kafesteki hayvanları izlemekten her zaman büyülenmişlerdir, ancak kimse insanlara bakan hayvanların ne düşündüğünden tam olarak emin değildir; muhtemelen bilmemek daha iyidir. Mevcut en eski hayvanat bahçesi olan Viyana'daki Tiergarten Schoenbrunn, Habsburg hanedanlığı tarafından muhafaza edilen egzotik hayvan koleksiyonundan evrilmiş ve MS 1765 yılında halka açılmıştır. İngiltere'deki Whipsnade Vahşi Hayvan Parkı 1931 yılında ilk arabalı "safari" parkı olarak açıldı... kafeslerle dolu geleneksel hayvanat bahçesine göre sözde bir "ilerleme".</Text>
    </Row>
  </BaseGameText>
</GameData>