﻿<?xml version="1.0" encoding="utf-8"?>
<!-- edited with XMLSPY v2004 rel. 2 U (http://www.xmlspy.com) by Ed Beach (Firaxis Games) -->
<GameData>
  <BaseGameText>
    <!-- Civics-->
    <Row Tag="LOC_CIVIC_FOREIGN_TRADE_DESCRIPTION">
      <Text>[ICON_TradeRoute] Ticaret Yollarının oluşturulmasına izin verir.</Text>
    </Row>
    <Row Tag="LOC_CIVIC_MILITARY_TRADITION_DESCRIPTION">
      <Text>Tüm muharebe birimlerine kuşatma ve destek muharebe bonusları verir.</Text>
    </Row>
    <Row Tag="LOC_CIVIC_EARLY_EMPIRE_DESCRIPTION">
      <Text>Sınırları zorlama ve diğer medeniyetlere Açık Sınırlar verme yeteneklerinin kilidini açar.</Text>
    </Row>
    <Row Tag="LOC_CIVIC_MYSTICISM_DESCRIPTION">
      <Text>Ödüller 1 [ICON_Envoy] Elçi.</Text>
    </Row>
    <Row Tag="LOC_CIVIC_MILITARY_TRAINING_DESCRIPTION">
      <Text>Ödüller 1 [ICON_Envoy] Elçi.</Text>
    </Row>
    <Row Tag="LOC_CIVIC_THEOLOGY_DESCRIPTION">
      <Text>Ödüller 1 [ICON_Envoy] Elçi.</Text>
    </Row>
    <Row Tag="LOC_CIVIC_NAVAL_TRADITION_DESCRIPTION">
      <Text>Ödüller 1 [ICON_Envoy] Elçi.</Text>
    </Row>
    <Row Tag="LOC_CIVIC_FEUDALISM_DESCRIPTION">
      <Text>Çiftlik iyileştirmeleri artık her 2 komşu Çiftlik iyileştirmesinden +1 [ICON_Food] Gıda kazanıyor.</Text>
    </Row>
    <Row Tag="LOC_CIVIC_CIVIL_SERVICE_DESCRIPTION">
      <Text>İttifaklara İzin Verir.</Text>
    </Row>
    <Row Tag="LOC_CIVIC_MERCENARIES_DESCRIPTION">
      <Text>Ödüller 1 [ICON_Envoy] Elçi.</Text>
    </Row>
    <Row Tag="LOC_CIVIC_EXPLORATION_DESCRIPTION">
      <Text>Mera iyileştirmeleri +1 [ICON_Food] Gıda alır.</Text>
    </Row>
    <Row Tag="LOC_CIVIC_DIPLOMATIC_SERVICE_DESCRIPTION">
      <Text>Bir Spy inşa etme yeteneği verir.</Text>
    </Row>
    <Row Tag="LOC_CIVIC_MERCANTILISM_DESCRIPTION">
      <Text>Kamp iyileştirmeleri +1 [ICON_Production] Üretim ve +1 [ICON_Food] Gıda alır.</Text>
    </Row>
    <Row Tag="LOC_CIVIC_THE_ENLIGHTENMENT_DESCRIPTION">
      <Text>Dini [ICON_Tourism] Turizm etkileri uygarlığınıza karşı yarı yarıya azalır.</Text>
    </Row>
    <Row Tag="LOC_CIVIC_COLONIALISM_DESCRIPTION">
      <Text>Ödüller 2 [ICON_Envoy] Elçiler.</Text>
    </Row>
    <Row Tag="LOC_CIVIC_CIVIL_ENGINEERING_DESCRIPTION">
      <Text>Otlak Tepeler ve Ova Tepeler üzerinde Çiftlikler inşa edebilir.</Text>
    </Row>
    <Row Tag="LOC_CIVIC_NATIONALISM_DESCRIPTION">
      <Text>İlave bir Spy inşa etme yeteneği verir. Birbirinin aynısı iki birimin bir Kolordu veya Filo haline getirilmesine izin verir. Savaşları haklı çıkarmak için kullanılabilecek yeni bir Casus Belli'ye izin verir: Koloni Savaşı.</Text>
    </Row>
    <Row Tag="LOC_CIVIC_OPERA_BALLET_DESCRIPTION">
      <Text>Ödüller 2 [ICON_Envoy] Elçiler.</Text>
    </Row>
    <Row Tag="LOC_CIVIC_NATURAL_HISTORY_DESCRIPTION">
      <Text>Antik Alanları ortaya çıkarır [ICON_RESOURCE_ANTIQUITY_SITE]. Arkeologların inşasına izin verir. 2 [ICON_Envoy] Elçi Ödüllendirir.</Text>
    </Row>
    <Row Tag="LOC_CIVIC_SCORCHED_EARTH_DESCRIPTION">
      <Text>Ödüller 2 [ICON_Envoy] Elçiler.</Text>
    </Row>
    <Row Tag="LOC_CIVIC_CONSERVATION_DESCRIPTION">
      <Text>3 [ICON_Envoy] Elçi ödüllendirir. Milli Parkların inşa edilmesine ve [ICON_Faith] İnançlı Doğa Bilimcilerin satın alınmasına izin verir. İnşaatçıların Orman (ikinci büyüme) dikmesine izin verir. Bölgenizdeki hiç kaldırılmamış ormanlar (eski büyüme) +1 Cazibe kazanır. Surlardan [ICON_TOURISM] Turizm alırsınız.</Text>
    </Row>
    <Row Tag="LOC_CIVIC_MOBILIZATION_DESCRIPTION">
      <Text>Savunma Paktları oluşturulmasına izin verir. Birbirinin aynı üç birimin bir Ordu veya Armada oluşturmasına izin verir. Savaşları haklı çıkarmak için kullanılabilecek yeni bir Casus Belli'ye izin verir: Bölgesel Genişleme Savaşı.</Text>
    </Row>
    <Row Tag="LOC_CIVIC_IDEOLOGY_DESCRIPTION">
      <Text>İlave bir Spy inşa etme yeteneği verir.</Text>
    </Row>
    <Row Tag="LOC_CIVIC_COLD_WAR_DESCRIPTION">
      <Text>İlave bir Spy inşa etme yeteneği verir.</Text>
    </Row>
    <Row Tag="LOC_CIVIC_CULTURAL_HERITAGE_DESCRIPTION">
      <Text>[ICON_RESOURCE_SHIPWRECK] Gemi Enkazlarını ortaya çıkarır ve Arkeologların bunlardan [ICON_GreatWork_Artifact] Eser çıkarmasına izin verir. 3 [ICON_Envoy] Elçi ödüllendirir.</Text>
    </Row>
    <Row Tag="LOC_CIVIC_RAPID_DEPLOYMENT_DESCRIPTION">
      <Text>Havaalanları içeren Havaalanı bölgeleri arasında kara birimlerinin taşınmasına izin verir.</Text>
    </Row>
    <Row Tag="LOC_CIVIC_GLOBALIZATION_DESCRIPTION">
      <Text>+2 [ICON_Gold] Altından Plantasyonlara.</Text>
    </Row>
    <Row Tag="LOC_CIVIC_FUTURE_CIVIC_DESCRIPTION">
      <Text>Birden fazla kez tamamlanabilir ve Puan Zaferi'ne doğru puanlarınızı artırabilirsiniz.</Text>
    </Row>
    <Row Tag="LOC_CIVIC_ENVOY_AWARDED_TOOLTIP">
      <Text>Ödüller {1_NumOfEnvoys} [ICON_Envoy] {1_NumOfEnvoys : plural 1?Envoy; other?Envoys;}</Text>
    </Row>
    <!-- Civic Boosts-->
    <Row Tag="LOC_BOOST_TRIGGER_CRAFTSMANSHIP">
      <Text>3 karo geliştirin.</Text>
    </Row>
    <Row Tag="LOC_BOOST_TRIGGER_FOREIGN_TRADE">
      <Text>İkinci bir kıta keşfedin.</Text>
    </Row>
    <Row Tag="LOC_BOOST_TRIGGER_MILITARY_TRADITION">
      <Text>Bir Barbar Karakolunu temizle.</Text>
    </Row>
    <Row Tag="LOC_BOOST_TRIGGER_STATE_WORKFORCE">
      <Text>Herhangi bir uzmanlık bölgesi oluşturun.</Text>
    </Row>
    <Row Tag="LOC_BOOST_TRIGGER_EARLY_EMPIRE">
      <Text>Medeniyetinizi en az 6 nüfusa kadar büyütün.</Text>
    </Row>
    <Row Tag="LOC_BOOST_TRIGGER_MYSTICISM">
      <Text>Bir panteon buldum.</Text>
    </Row>
    <Row Tag="LOC_BOOST_TRIGGER_GAMES_RECREATION">
      <Text>İnşaat teknolojisini araştırın.</Text>
    </Row>
    <Row Tag="LOC_BOOST_TRIGGER_POLITICAL_PHILOSOPHY">
      <Text>3 şehir devletiyle tanışın.</Text>
    </Row>
    <Row Tag="LOC_BOOST_TRIGGER_DRAMA_POETRY">
      <Text>Bir mucize yaratın.</Text>
    </Row>
    <Row Tag="LOC_BOOST_TRIGGER_MILITARY_TRAINING">
      <Text>Bir Kamp Kurun.</Text>
    </Row>
    <Row Tag="LOC_BOOST_TRIGGER_DEFENSIVE_TACTICS">
      <Text>Bir Savaş İlanı'nın hedefi olun.</Text>
    </Row>
    <Row Tag="LOC_BOOST_TRIGGER_RECORDED_HISTORY">
      <Text>2 Kampüs bölgesi oluşturun.</Text>
    </Row>
    <Row Tag="LOC_BOOST_TRIGGER_THEOLOGY">
      <Text>Bir din buldum.</Text>
    </Row>
    <Row Tag="LOC_BOOST_TRIGGER_NAVAL_TRADITION">
      <Text>Quadrireme ile bir birim öldür.</Text>
    </Row>
    <Row Tag="LOC_BOOST_TRIGGER_FEUDALISM">
      <Text>6 Çiftlik inşa edin.</Text>
    </Row>
    <Row Tag="LOC_BOOST_TRIGGER_CIVIL_SERVICE">
      <Text>Bir şehri 10 nüfusa kadar büyütün.</Text>
    </Row>
    <Row Tag="LOC_BOOST_TRIGGER_MERCENARIES">
      <Text>Ordunuzda 8 kara muharebe birimi bulundurun.</Text>
    </Row>
    <Row Tag="LOC_BOOST_TRIGGER_MEDIEVAL_FAIRES">
      <Text>4 Ticaret Rotasını Koruyun.</Text>
    </Row>
    <Row Tag="LOC_BOOST_TRIGGER_GUILDS">
      <Text>2 Pazar Oluşturun.</Text>
    </Row>
    <Row Tag="LOC_BOOST_TRIGGER_DIVINE_RIGHT">
      <Text>2 Tapınak inşa edin.</Text>
    </Row>
    <Row Tag="LOC_BOOST_TRIGGER_EXPLORATION">
      <Text>2 Caravel inşa edin.</Text>
    </Row>
    <Row Tag="LOC_BOOST_TRIGGER_HUMANISM">
      <Text>Büyük Bir Sanatçı Kazanın.</Text>
    </Row>
    <Row Tag="LOC_BOOST_TRIGGER_DIPLOMATIC_SERVICE">
      <Text>Başka bir uygarlıkla ittifak kurun.</Text>
    </Row>
    <Row Tag="LOC_BOOST_TRIGGER_REFORMED_CHURCH">
      <Text>Dininizi takip eden 6 şehir var.</Text>
    </Row>
    <Row Tag="LOC_BOOST_TRIGGER_MERCANTILISM">
      <Text>Harika Bir Tüccar Kazanın.</Text>
    </Row>
    <Row Tag="LOC_BOOST_TRIGGER_THE_ENLIGHTENMENT">
      <Text>3 Büyük İnsan Kazanın.</Text>
    </Row>
    <Row Tag="LOC_BOOST_TRIGGER_CIVIL_ENGINEERING">
      <Text>7 farklı uzmanlık bölgesi oluşturun.</Text>
    </Row>
    <Row Tag="LOC_BOOST_TRIGGER_NATIONALISM">
      <Text>Casus belli kullanarak savaş ilan et.</Text>
    </Row>
    <Row Tag="LOC_BOOST_TRIGGER_OPERA_BALLET">
      <Text>Bir Sanat Müzesi inşa edin.</Text>
    </Row>
    <Row Tag="LOC_BOOST_TRIGGER_COLONIALISM">
      <Text>Astronomi teknolojisini araştırın.</Text>
    </Row>
    <Row Tag="LOC_BOOST_TRIGGER_NATURAL_HISTORY">
      <Text>Bir Arkeoloji Müzesi kurun.</Text>
    </Row>
    <Row Tag="LOC_BOOST_TRIGGER_URBANIZATION">
      <Text>Bir şehri 15 nüfusa kadar büyütün.</Text>
    </Row>
    <Row Tag="LOC_BOOST_TRIGGER_SCORCHED_EARTH">
      <Text>2 Saha Topu inşa edin.</Text>
    </Row>
    <Row Tag="LOC_BOOST_TRIGGER_CONSERVATION">
      <Text>Nefes Kesen Çekiciliğe Sahip Bir Mahalle Bölgesine Sahip Olun.</Text>
    </Row>
    <Row Tag="LOC_BOOST_TRIGGER_MOBILIZATION">
      <Text>Ordunuzda 3 kolordu var.</Text>
    </Row>
    <Row Tag="LOC_BOOST_TRIGGER_MASS_MEDIA">
      <Text>Araştırma Radyosu.</Text>
    </Row>
    <Row Tag="LOC_BOOST_TRIGGER_CAPITALISM">
      <Text>3 Menkul Kıymetler Borsası oluşturun.</Text>
    </Row>
    <Row Tag="LOC_BOOST_TRIGGER_NUCLEAR_PROGRAM">
      <Text>Bir Araştırma Laboratuvarı Kurun.</Text>
    </Row>
    <Row Tag="LOC_BOOST_TRIGGER_SUFFRAGE">
      <Text>4 Kanalizasyon inşa edin.</Text>
    </Row>
    <Row Tag="LOC_BOOST_TRIGGER_TOTALITARIANISM">
      <Text>3 Askeri Akademi inşa edin.</Text>
    </Row>
    <Row Tag="LOC_BOOST_TRIGGER_CLASS_STRUGGLE">
      <Text>3 Fabrika inşa edin.</Text>
    </Row>
    <Row Tag="LOC_BOOST_TRIGGER_COLD_WAR">
      <Text>Nükleer Fisyon teknolojisini araştırın.</Text>
    </Row>
    <Row Tag="LOC_BOOST_TRIGGER_PROFESSIONAL_SPORTS">
      <Text>4 Eğlence Kompleksi bölgesi inşa edin.</Text>
    </Row>
    <Row Tag="LOC_BOOST_TRIGGER_CULTURAL_HERITAGE">
      <Text>Temalı Bir Binaya Sahip Olun.</Text>
    </Row>
    <Row Tag="LOC_BOOST_TRIGGER_RAPID_DEPLOYMENT">
      <Text>Yabancı bir kıtada bir Havaalanı veya Uçak Pisti inşa edin.</Text>
    </Row>
    <Row Tag="LOC_BOOST_TRIGGER_SPACE_RACE">
      <Text>Bir Uzay Limanı bölgesi inşa edin.</Text>
    </Row>
    <Row Tag="LOC_BOOST_TRIGGER_GLOBALIZATION">
      <Text>3 Havaalanı inşa edin.</Text>
    </Row>
    <Row Tag="LOC_BOOST_TRIGGER_SOCIAL_MEDIA">
      <Text>Telekomünikasyon teknolojisini araştırın.</Text>
    </Row>
    <!-- Civic Boosts Long Descriptions-->
    <Row Tag="LOC_BOOST_TRIGGER_LONGDESC_CRAFTSMANSHIP">
      <Text>İlk şehrimizin etrafındaki arazi güzel bir şekilde gelişirken, üretim tekniklerimize ince ayar yapabiliriz.</Text>
    </Row>
    <Row Tag="LOC_BOOST_TRIGGER_LONGDESC_FOREIGN_TRADE">
      <Text>Başka bir kıtayı keşfettikten sonra geniş bir ticaret fırsatları dünyası olduğunu fark ettik.</Text>
    </Row>
    <Row Tag="LOC_BOOST_TRIGGER_LONGDESC_MILITARY_TRADITION">
      <Text>Askerleriniz bir Barbar Karakoluna karşı kazandığınız zaferin uzun bir askeri başarı serisinin başlangıcı olmasını umuyor.</Text>
    </Row>
    <Row Tag="LOC_BOOST_TRIGGER_LONGDESC_STATE_WORKFORCE">
      <Text>İlk bölgemizin faaliyete geçmesi, devlet projeleri için işçilerin askere alınmasının değerini kanıtlamıştır.</Text>
    </Row>
    <Row Tag="LOC_BOOST_TRIGGER_LONGDESC_EARLY_EMPIRE">
      <Text>Topraklarınızda giderek artan sayıda vatandaş bir imparatorluğa sahip olmayı hayal ediyor.</Text>
    </Row>
    <Row Tag="LOC_BOOST_TRIGGER_LONGDESC_MYSTICISM">
      <Text>Tanrılar panteonunuza tapınmak, dünyamızdaki ruhani güçler hakkında daha fazla soruyu gündeme getirdi.</Text>
    </Row>
    <Row Tag="LOC_BOOST_TRIGGER_LONGDESC_GAMES_RECREATION">
      <Text>İnşaat alanındaki yeni becerileriniz, oyun ve eğlence mekanları yaratmanıza kesinlikle yardımcı olacaktır.</Text>
    </Row>
    <Row Tag="LOC_BOOST_TRIGGER_LONGDESC_POLITICAL_PHILOSOPHY">
      <Text>Diğer devletlerle olan temaslarınız, kendi halkınızı yönetme konusundaki fikirlerinizi kristalize etti.</Text>
    </Row>
    <Row Tag="LOC_BOOST_TRIGGER_LONGDESC_DRAMA_POETRY">
      <Text>Bir mucizeyi tamamlamanın görkemi halkınıza enerji verdi. Bu büyük olayı anmak için eserler yazıyorlar.</Text>
    </Row>
    <Row Tag="LOC_BOOST_TRIGGER_LONGDESC_MILITARY_TRAINING">
      <Text>Artık bir Kamp ile askeri eğitimimizi resmileştirebiliriz.</Text>
    </Row>
    <Row Tag="LOC_BOOST_TRIGGER_LONGDESC_DEFENSIVE_TACTICS">
      <Text>İşgal tehdidiyle karşı karşıya kalan halkınız yenilikçi savunmalar geliştirmeye hazır.</Text>
    </Row>
    <Row Tag="LOC_BOOST_TRIGGER_LONGDESC_RECORDED_HISTORY">
      <Text>Kampüslerinizdeki kütüphanelerde çok sayıda parşömen barındırma planlarıyla, halkınız imparatorluğunuzun tarihini kaydetmeye başlar.</Text>
    </Row>
    <Row Tag="LOC_BOOST_TRIGGER_LONGDESC_THEOLOGY">
      <Text>Yüce Peygamberiniz tarafından bir Dinin oluşturulması, ilahi olanın doğası hakkında daha derin düşünmeye ilham verir.</Text>
    </Row>
    <Row Tag="LOC_BOOST_TRIGGER_LONGDESC_NAVAL_TRADITION">
      <Text>Denizdeki zaferiniz, halkınıza bir deniz gücü olma yolunda çaba göstermeleri için ilham veriyor.</Text>
    </Row>
    <Row Tag="LOC_BOOST_TRIGGER_LONGDESC_FEUDALISM">
      <Text>İmparatorluğunuzun tüm tarım arazilerini yönetmek için bir lordlar ve vasallar sistemi oluşuyor.</Text>
    </Row>
    <Row Tag="LOC_BOOST_TRIGGER_LONGDESC_CIVIL_SERVICE">
      <Text>Büyük kent merkeziniz yakında bir bürokrat ordusuna ihtiyaç duyacaktır.</Text>
    </Row>
    <Row Tag="LOC_BOOST_TRIGGER_LONGDESC_MERCENARIES">
      <Text>Böylesine büyük bir orduya sahipken, ordunuzun daha da genişlemesi gerekiyorsa paralı askerler eklemeyi düşünebilirsiniz.</Text>
    </Row>
    <Row Tag="LOC_BOOST_TRIGGER_LONGDESC_MEDIEVAL_FAIRES">
      <Text>Topraklarınızda ticaretin artması yakında bir ticaret fuarını da beraberinde getirecektir.</Text>
    </Row>
    <Row Tag="LOC_BOOST_TRIGGER_LONGDESC_GUILDS">
      <Text>Ticari bölgelerinizin başarısı ticaret loncalarının büyümesini teşvik etti.</Text>
    </Row>
    <Row Tag="LOC_BOOST_TRIGGER_LONGDESC_DIVINE_RIGHT">
      <Text>Dindar halkınız, yönetiminizin ilahi bir lütuf olduğuna kuvvetle inanıyor.</Text>
    </Row>
    <Row Tag="LOC_BOOST_TRIGGER_LONGDESC_EXPLORATION">
      <Text>Karavel keşiflerinden öğrendiğiniz dersler, halkınızı yönetmenin yeni bir yolunu açtı.</Text>
    </Row>
    <Row Tag="LOC_BOOST_TRIGGER_LONGDESC_HUMANISM">
      <Text>Yeni kazandığınız Büyük Sanatçının verdiği ilham, halkımızı bireyin gücüne karşı uyandırıyor.</Text>
    </Row>
    <Row Tag="LOC_BOOST_TRIGGER_LONGDESC_DIPLOMATIC_SERVICE">
      <Text>Bir ittifak kurmak için yapılan çalışmalar ilk diplomatlarınızı yetiştirdi.</Text>
    </Row>
    <Row Tag="LOC_BOOST_TRIGGER_LONGDESC_REFORMED_CHURCH">
      <Text>Dininizin büyümesi bölünme tehlikesini de beraberinde getirir. Yozlaşmış kilise uygulamalarında reform bir an önce yapılsa iyi olur!</Text>
    </Row>
    <Row Tag="LOC_BOOST_TRIGGER_LONGDESC_MERCANTILISM">
      <Text>Yeni Büyük Tüccarınız, ekonomik rakiplerimize karşı nasıl üstünlük sağlayabileceğimiz konusunda fikirlerini paylaşıyor.</Text>
    </Row>
    <Row Tag="LOC_BOOST_TRIGGER_LONGDESC_THE_ENLIGHTENMENT">
      <Text>Büyük insanlarınızın fikirleri, ülke çapında entelektüel tartışmalara ilham verdi.</Text>
    </Row>
    <Row Tag="LOC_BOOST_TRIGGER_LONGDESC_COLONIALISM">
      <Text>Gökler hakkındaki yeni bilginiz donanmanızın yön bulmasına ve küresel bir imparatorluk kurmasına yardımcı oluyor.</Text>
    </Row>
    <Row Tag="LOC_BOOST_TRIGGER_LONGDESC_CIVIL_ENGINEERING">
      <Text>Çok sayıda ilçe inşa etmiş olan mühendisleriniz şehir inşası konusunda uzmanlaştı.</Text>
    </Row>
    <Row Tag="LOC_BOOST_TRIGGER_LONGDESC_NATIONALISM">
      <Text>Halkınız bu savaşın adil olduğuna inanıyor.  Bu bizim için ulusal bir gurur meselesi haline geldi!</Text>
    </Row>
    <Row Tag="LOC_BOOST_TRIGGER_LONGDESC_OPERA_BALLET">
      <Text>Yeni bir müzenin açılışı insanları sanata çekiyor. Belki de sırada dans ve opera vardır?</Text>
    </Row>
    <Row Tag="LOC_BOOST_TRIGGER_LONGDESC_NATURAL_HISTORY">
      <Text>Artık bulgularınızı saklamaya hazır bir müze ile doğal dünyada neler keşfedebileceğinizi görmenin zamanı geldi.</Text>
    </Row>
    <Row Tag="LOC_BOOST_TRIGGER_LONGDESC_URBANIZATION">
      <Text>Büyük şehriniz aşırı kalabalıklaşıyor. Banliyöler için plan yapmaya başlamanın zamanı geldi.</Text>
    </Row>
    <Row Tag="LOC_BOOST_TRIGGER_LONGDESC_SCORCHED_EARTH">
      <Text>Modern savaş açıkça acımasız bir olaydır.  Askeri doktrininiz topyekûn savaşın bu ilkelerinden bazılarını yansıtmaya başlıyor.</Text>
    </Row>
    <Row Tag="LOC_BOOST_TRIGGER_LONGDESC_CONSERVATION">
      <Text>Nefes kesici yeni mahallenizin sakinleri, dünyanın tüm doğal hazinelerini koruyacak bir plan için feryat ediyor.</Text>
    </Row>
    <Row Tag="LOC_BOOST_TRIGGER_LONGDESC_MASS_MEDIA">
      <Text>Radyonun ortaya çıkışı yeni bir iletişim çağının başlangıcını işaret etmektedir.</Text>
    </Row>
    <Row Tag="LOC_BOOST_TRIGGER_LONGDESC_MOBILIZATION">
      <Text>Ordunuz daha iyi organize oldu. Şimdi gücünüzü dünya sahnesine çıkarma zamanı.</Text>
    </Row>
    <Row Tag="LOC_BOOST_TRIGGER_LONGDESC_CAPITALISM">
      <Text>Birçok şehirde borsaların açılmasıyla yatırım sermayesi bollaşmış ve bir piyasa ekonomisi ortaya çıkmaya hazır hale gelmiştir.</Text>
    </Row>
    <Row Tag="LOC_BOOST_TRIGGER_LONGDESC_NUCLEAR_PROGRAM">
      <Text>Özel bir araştırma laboratuvarının kurulmasıyla birlikte, bilim insanlarını nükleer araştırma programına dahil etme girişiminiz başlayabilir.</Text>
    </Row>
    <Row Tag="LOC_BOOST_TRIGGER_LONGDESC_SUFFRAGE">
      <Text>İmparatorluğunuzun kadınları uygun sağlık koşulları için feryat ettiler. Bu savaşı kazandıktan sonra, şimdi de oy kullanma hakkına ihtiyaçları var.</Text>
    </Row>
    <Row Tag="LOC_BOOST_TRIGGER_LONGDESC_TOTALITARIANISM">
      <Text>Askeri akademileriniz tarafından aşılanan disiplin artık vatandaşlarınız için ikinci doğa haline geldi.</Text>
    </Row>
    <Row Tag="LOC_BOOST_TRIGGER_LONGDESC_CLASS_STRUGGLE">
      <Text>Fabrika işçileriniz daha iyi çalışma koşulları için feryat ediyor. Dünya işçilerinin birleşme zamanı geldi!</Text>
    </Row>
    <Row Tag="LOC_BOOST_TRIGGER_LONGDESC_COLD_WAR">
      <Text>Nükleer silahların ortaya çıkışı, dünya genelinde silahlı çatışmaların doğasını kesinlikle değiştirecektir.</Text>
    </Row>
    <Row Tag="LOC_BOOST_TRIGGER_LONGDESC_PROFESSIONAL_SPORTS">
      <Text>Eğlence Komplekslerine sahip 2 şehriniz yeni bir profesyonel spor liginde rekabet etmek istiyor.</Text>
    </Row>
    <Row Tag="LOC_BOOST_TRIGGER_LONGDESC_CULTURAL_HERITAGE">
      <Text>Mükemmel bir şekilde düzenlenmiş bir müze ile halkınızın güçlü kültürel mirası herkesin görebileceği şekilde sergilenir.</Text>
    </Row>
    <Row Tag="LOC_BOOST_TRIGGER_LONGDESC_RAPID_DEPLOYMENT">
      <Text>Artık dünyanın dört bir yanına yayılan hava üsleriyle ordumuz her an dünyanın herhangi bir yerinde konuşlanmaya hazırdır.</Text>
    </Row>
    <Row Tag="LOC_BOOST_TRIGGER_LONGDESC_SPACE_RACE">
      <Text>Yeni Uzay Üssünüzün açılışı, halkınızı uzaya çıkma konusunda harekete geçirdi.</Text>
    </Row>
    <Row Tag="LOC_BOOST_TRIGGER_LONGDESC_GLOBALIZATION">
      <Text>Bu kadar çok havalimanı varken, dünya gerçekten de daha küçük bir yer haline geliyor.</Text>
    </Row>
    <Row Tag="LOC_BOOST_TRIGGER_LONGDESC_SOCIAL_MEDIA">
      <Text>İletişim teknolojisindeki ilerlemeleriniz, insanların çevrimiçi ortamda bir araya gelmesine olanak sağlıyor.</Text>
    </Row>
    <!-- Governments -->
    <Row Tag="LOC_GOVERNMENT_OF">
      <Text>{1_civ} Hükümeti</Text>
    </Row>
    <Row Tag="LOC_CHANGE_GOVERNMENT">
      <Text>Hükümet Değişikliği</Text>
    </Row>
    <Row Tag="LOC_MY_GOVERNMENT">
      <Text>Benim Hükümetim</Text>
    </Row>
    <Row Tag="LOC_policIES">
      <Text>Politikalar</Text>
    </Row>
    <Row Tag="LOC_GOVERNMENTS">
      <Text>Hükümetler</Text>
    </Row>
    <Row Tag="LOC_CULTURE_PER_TURN">
      <Text>Dönüş Başına Kültür: +{1_Culture}</Text>
    </Row>
    <Row Tag="LOC_MILITARY">
      <Text>Askeri</Text>
    </Row>
    <Row Tag="LOC_ECONOMIC">
      <Text>Ekonomik</Text>
    </Row>
    <Row Tag="LOC_DIPLOMATIC">
      <Text>Diplomatik</Text>
    </Row>
    <Row Tag="LOC_WILDCARD">
      <Text>Wildcard</Text>
    </Row>
    <Row Tag="LOC_EMPTY_POLICY_SLOT">
      <Text>Boş {1_policyType} politika Yuvası</Text>
    </Row>
    <Row Tag="LOC_NO_AVAIL_policIES">
      <Text>Mevcut poliçe yok</Text>
    </Row>
    <Row Tag="LOC_VIEW_LOCKED_policIES">
      <Text>Kilitli politikaları görüntüle</Text>
    </Row>
    <!-- Government Effects-->
    <Row Tag="LOC_GOVT_INHERENT_BONUS_CHIEFDOM">
      <Text>Bonus yok.</Text>
    </Row>
    <Row Tag="LOC_GOVT_INHERENT_BONUS_AUTOCRACY">
      <Text>Sermaye tüm getirilere +1 destek alır.</Text>
    </Row>
    <Row Tag="LOC_GOVT_INHERENT_BONUS_OLIGARCHY">
      <Text>Tüm Kara Yakın Dövüş birimleri +4 [ICON_Strength] Savaş Gücü kazanır.</Text>
    </Row>
    <Row Tag="LOC_GOVT_INHERENT_BONUS_CLASSREP">
      <Text>Bölgesi olan tüm şehirler +1 [ICON_Amenities] Kolaylık alır.</Text>
    </Row>
    <Row Tag="LOC_GOVT_INHERENT_BONUS_MONARCHY">
      <Text>Savunma binalarına yönelik +%50 [ICON_Production] Üretim. Her duvar seviyesi için +1 [ICON_Housing] Konut.</Text>
    </Row>
    <Row Tag="LOC_GOVT_INHERENT_BONUS_THEOCRACY">
      <Text>İnanç ile kara muharebe birimleri satın alabilir. Teolojik savaşta tüm birimler +5 [ICON_Religion] Dini Güç.</Text>
    </Row>
    <Row Tag="LOC_GOVT_INHERENT_BONUS_MERCHREP">
      <Text>+2 [ICON_TradeRoute] Ticaret Yolları.</Text>
    </Row>
    <Row Tag="LOC_GOVT_INHERENT_BONUS_FASCISM">
      <Text>Tüm savaş birimleri +5 [ICON_Strength] Savaş Gücü kazanır.</Text>
    </Row>
    <Row Tag="LOC_GOVT_INHERENT_BONUS_COMMUNISM">
      <Text>Kara birimleri +4 [ICON_Strength] Savunma Gücü kazanır.</Text>
    </Row>
    <Row Tag="LOC_GOVT_INHERENT_BONUS_DEMOCRACY">
      <Text>Büyük İnsanların Himayesi %50 daha az Altına mal olur.</Text>
    </Row>
    <Row Tag="LOC_GOVT_ACCUMULATED_BONUS_BRIEF_CHIEFDOM">
      <Text>Bonus yok.</Text>
    </Row>
    <Row Tag="LOC_GOVT_ACCUMULATED_BONUS_BRIEF_AUTOCRACY">
      <Text>Harika üretim için bonus.</Text>
    </Row>
    <Row Tag="LOC_GOVT_ACCUMULATED_BONUS_BRIEF_OLIGARCHY">
      <Text>Savaş birimleri için deneyim.</Text>
    </Row>
    <Row Tag="LOC_GOVT_ACCUMULATED_BONUS_BRIEF_CLASSREP">
      <Text>Bonus Harika İnsanlar puanları.</Text>
    </Row>
    <Row Tag="LOC_GOVT_ACCUMULATED_BONUS_BRIEF_MONARCHY">
      <Text>Bonus Etki puanları.</Text>
    </Row>
    <Row Tag="LOC_GOVT_ACCUMULATED_BONUS_BRIEF_THEOCRACY">
      <Text>İnanç alışverişlerinde indirim.</Text>
    </Row>
    <Row Tag="LOC_GOVT_ACCUMULATED_BONUS_BRIEF_MERCHREP">
      <Text>Altın alımlarında indirim.</Text>
    </Row>
    <Row Tag="LOC_GOVT_ACCUMULATED_BONUS_BRIEF_FASCISM">
      <Text>Birim Üretimde Bonus.</Text>
    </Row>
    <Row Tag="LOC_GOVT_ACCUMULATED_BONUS_BRIEF_COMMUNISM">
      <Text>Tüm Üretime Bonus.</Text>
    </Row>
    <Row Tag="LOC_GOVT_ACCUMULATED_BONUS_BRIEF_DEMOCRACY">
      <Text>Bölge projelerinden elde edilen bonus getiriler.</Text>
    </Row>
    <Row Tag="LOC_GOVT_ACCUMULATED_BONUS_CHIEFDOM">
      <Text>Bonus yok.</Text>
    </Row>
    <Row Tag="LOC_GOVT_ACCUMULATED_BONUS_AUTOCRACY">
      <Text>Mucize [ICON_Production] Üretimine Bonus (%10, artı Standart hızda her 20 tur için %1).</Text>
    </Row>
    <Row Tag="LOC_GOVT_ACCUMULATED_BONUS_OLIGARCHY">
      <Text>Birimler için bonus savaş deneyimi (%20, artı Standart hızda her 5 tur için %1).</Text>
    </Row>
    <Row Tag="LOC_GOVT_ACCUMULATED_BONUS_CLASSREP">
      <Text>Bonus [ICON_GreatPerson] Büyük İnsanlar puanları (%15, artı Standart hızda her 15 tur için %1).</Text>
    </Row>
    <Row Tag="LOC_GOVT_ACCUMULATED_BONUS_MONARCHY">
      <Text>[ICON_Envoy] Elçilere yönelik Bonus Nüfuz puanları (%20, artı Standart hızda her 10 tur için %1).</Text>
    </Row>
    <Row Tag="LOC_GOVT_ACCUMULATED_BONUS_THEOCRACY">
      <Text>[ICON_Faith] İnanç satın alımlarında indirim (%15, artı Standart hızda her 15 tur için %1).</Text>
    </Row>
    <Row Tag="LOC_GOVT_ACCUMULATED_BONUS_MERCHREP">
      <Text>[ICON_Gold] Altın alımlarında indirim (%15, artı Standart hızda her 15 tur için %1).</Text>
    </Row>
    <Row Tag="LOC_GOVT_ACCUMULATED_BONUS_FASCISM">
      <Text>Birim [ICON_Production] Üretimine bonus (%20, artı Standart hızda her 10 tur için %1).</Text>
    </Row>
    <Row Tag="LOC_GOVT_ACCUMULATED_BONUS_COMMUNISM">
      <Text>Tüm [ICON_Production] Üretim için bonus (%10, artı Standart hızda her 20 tur için %1).</Text>
    </Row>
    <Row Tag="LOC_GOVT_ACCUMULATED_BONUS_DEMOCRACY">
      <Text>Bölge projelerinden elde edilen bonus getiriler (%30, artı Standart hızda her 10 tur için %1).</Text>
    </Row>
    <Row Tag="LOC_GOVT_POLICIES_NO_REMAINING_PLACED">
      <Text>Bu hükümet için daha fazla {1_policyName} belirlenemez.</Text>
    </Row>
    <Row Tag="LOC_GOVT_POLICIES_NO_TOTAL_PLACED">
      <Text>Bu hükümet altında hiçbir {1_policyName} belirlenemez.</Text>
    </Row>
    <Row Tag="LOC_GOVT_POLICIES_REMAINING_PLACED">
      <Text>{1_Num: sayı #} {2_policyName} alanına daha fazla {1_Num : plural 1?policy; other?policies;} yerleştirilebilir.</Text>
    </Row>
    <Row Tag="LOC_GOVT_POLICIES_TOTAL_PLACED">
      <Text>{1_Num: sayı #} {1_Num : plural 1?policy; other?policies;} {2_policyName} alanında ayarlanabilir.</Text>
    </Row>
    <Row Tag="LOC_GOVT_INFLUENCE_POINTS_TOWARDS_ENVOYS">
      <Text>Kazanç {1_InfluencePointRate} [ICON_Turn] Dönüş başına {1_InfluencePointRate : plural 1?point; other?points;} etki. {2_InfluencePointThreshold} {2_InfluencePointThreshold : plural 1?point; other?points;}'de, ([5] [ICON_Envoy] {3_EnvoysPerThreshold : plural 1?Envoy; other?Envoys;} kazanın.)</Text>
    </Row>
    <!-- Policy Descriptions-->
    <Row Tag="LOC_POLICY_PLACEHOLDER_DESC">
      <Text>Yer tutucu.</Text>
    </Row>
    <Row Tag="LOC_POLICY_AESTHETICS_DESCRIPTION">
      <Text>+%100 Tiyatro Meydanı bölgesi bitişiklik bonusları.</Text>
    </Row>
    <Row Tag="LOC_POLICY_AGOGE_DESCRIPTION">
      <Text>Antik ve Klasik dönem yakın dövüş, süvari karşıtı ve menzilli birimlere yönelik +%50 [ICON_Production] Üretim.</Text>
    </Row>
    <Row Tag="LOC_POLICY_ARSENAL_OF_DEMOCRACY_DESCRIPTION">
      <Text>Bir Müttefikin şehrine giden [ICON_TradeRoute] Ticaret Yollarınız her iki şehir için de +2 [ICON_Food] Gıda ve +2 [ICON_Production] Üretim sağlar.</Text>
    </Row>
    <Row Tag="LOC_POLICY_BASTIONS_DESCRIPTION">
      <Text>+6 Şehir [ICON_Strength] Savunma Gücü. +5 Şehir [ICON_Ranged] Menzilli Güç.</Text>
    </Row>
    <Row Tag="LOC_POLICY_CARAVANSARIES_DESCRIPTION">
      <Text>Tüm [ICON_TradeRoute] Ticaret Yollarından +2 [ICON_Gold] Altın.</Text>
    </Row>
    <Row Tag="LOC_POLICY_CHARISMATIC_LEADER_DESCRIPTION">
      <Text>Şehir devleti kazanmaya yönelik tur başına +2 Etki puanı [ICON_Envoy] Elçiler.</Text>
    </Row>
    <Row Tag="LOC_POLICY_CHIVALRY_DESCRIPTION">
      <Text>+%50 [ICON_Production] Sanayi dönemi ve öncesi ağır ve hafif süvari birimlerine yönelik üretim.</Text>
    </Row>
    <Row Tag="LOC_POLICY_COLLECTIVE_ACTIVISM_DESCRIPTION">
      <Text>Suzerain'i olduğunuz şehir devleti başına +%5 [ICON_Culture] Kültür.</Text>
    </Row>
    <Row Tag="LOC_POLICY_COLLECTIVIZATION_DESCRIPTION">
      <Text>+4 [ICON_Food] Yerli gıda [ICON_TradeRoute] Ticaret Yolları.</Text>
    </Row>
    <Row Tag="LOC_POLICY_COLONIAL_OFFICES_DESCRIPTION">
      <Text>Orijinal [ICON_Capital] Başkentinizin kıtasında olmayan şehirler için +%15 daha hızlı büyüme.</Text>
    </Row>
    <Row Tag="LOC_POLICY_COLONIAL_TAXES_DESCRIPTION">
      <Text>Orijinal [ICON_Capital] Başkentinizin kıtasında olmayan şehirlerde +%25 [ICON_Gold] Altın.</Text>
    </Row>
    <Row Tag="LOC_POLICY_COLONIZATION_DESCRIPTION">
      <Text>Yerleşimcilere yönelik +%50 [ICON_Production] Üretim.</Text>
    </Row>
    <Row Tag="LOC_POLICY_CONSCRIPTION_DESCRIPTION">
      <Text>Birim bakımı, birim başına tur başına 1 [ICON_Gold] Altın azaltıldı.</Text>
    </Row>
    <Row Tag="LOC_POLICY_CONTAINMENT_DESCRIPTION">
      <Text>Bir şehir devletine gönderdiğiniz her [ICON_Envoy] Elçi, o şehir devletinin Suzerain'i sizden farklı bir hükümete sahipse iki sayılır.</Text>
    </Row>
    <Row Tag="LOC_POLICY_CORVEE_DESCRIPTION">
      <Text>Antik ve Klasik harikalara yönelik +%15 [ICON_Production] Üretim.</Text>
    </Row>
    <Row Tag="LOC_POLICY_CRAFTSMEN_DESCRIPTION">
      <Text>100 Sanayi Bölgesi bitişiklik bonusları.</Text>
    </Row>
    <Row Tag="LOC_POLICY_CRYPTOGRAPHY_DESCRIPTION">
      <Text>Topraklarınızdaki düşman casus seviyesi 2 azaltılır. Saldırı operasyonları için Spy seviyeniz 1 artırılır.</Text>
    </Row>
    <Row Tag="LOC_POLICY_DEFENSE_OF_MOTHERLAND_DESCRIPTION">
      <Text>Bölgenizdeki çatışmalardan dolayı savaş yorgunluğu yok.</Text>
    </Row>
    <Row Tag="LOC_POLICY_DIPLOMATIC_LEAGUE_DESCRIPTION">
      <Text>Her şehir devletine gönderdiğiniz ilk [ICON_Envoy] Elçi, iki [ICON_Envoy] Elçi olarak sayılır.</Text>
    </Row>
    <Row Tag="LOC_POLICY_DISCIPLINE_DESCRIPTION">
      <Text>Barbarlarla savaşırken +5 [ICON_Strength] Birim Savaş Gücü.</Text>
    </Row>
    <Row Tag="LOC_POLICY_ECOMMERCE_DESCRIPTION">
      <Text>Uluslararası [ICON_TradeRoute] Ticaret Yollarından +5 [ICON_Production] Üretim ve +10 [ICON_Gold] Altın.</Text>
    </Row>
    <Row Tag="LOC_POLICY_ECONOMIC_UNION_DESCRIPTION">
      <Text>+%100 Ticari Merkez ve Liman bölgesi bitişiklik bonusları.</Text>
    </Row>
    <Row Tag="LOC_POLICY_EXPROPRIATION_DESCRIPTION">
      <Text>Yerleşimcilere yönelik +%50 [ICON_Production] Üretim. Arsa satın alma maliyeti %20 azaltıldı%.</Text>
    </Row>
    <Row Tag="LOC_POLICY_FEUDAL_CONTRACT_DESCRIPTION">
      <Text>Antik, Klasik, Ortaçağ ve Rönesans dönemi yakın muharebe, anti-süvari ve menzilli birimlere yönelik +%50 [ICON_Production] Üretim.</Text>
    </Row>
    <Row Tag="LOC_POLICY_FINEST_HOUR_DESCRIPTION">
      <Text>Modern ve Atomik hava birimlerine yönelik +%50 [ICON_Production] Üretim.</Text>
    </Row>
    <Row Tag="LOC_POLICY_FIVE_YEAR_PLAN_DESCRIPTION">
      <Text>+%100 Kampüs ve Sanayi Bölgesi bölgesi bitişiklik bonusları.</Text>
    </Row>
    <Row Tag="LOC_POLICY_FREE_MARKET_DESCRIPTION">
      <Text>Ticari Merkez bölgesi binalarından +%100 [ICON_Gold] Altın getirisi.</Text>
    </Row>
    <Row Tag="LOC_POLICY_FRESCOES_DESCRIPTION">
      <Text>Tur başına +2 [ICON_GreatArtist] Büyük Sanatçı puanı.</Text>
    </Row>
    <Row Tag="LOC_POLICY_GOD_KING_DESCRIPTION">
      <Text>[ICON_Capital] Başkentte +1 [ICON_Faith] İnanç ve +1 [ICON_Gold] Altın.</Text>
    </Row>
    <Row Tag="LOC_POLICY_GOTHIC_ARCHITECTURE_DESCRIPTION">
      <Text>Rönesans, Ortaçağ, Klasik ve Antik harikalara yönelik +%15 [ICON_Production] Üretim.</Text>
    </Row>
    <Row Tag="LOC_POLICY_GRANDE_ARMEE_DESCRIPTION">
      <Text>Sanayi dönemi ve daha önceki yakın dövüş, süvari karşıtı ve menzilli birimlere yönelik +%50 [ICON_Production] Üretim.</Text>
    </Row>
    <Row Tag="LOC_POLICY_GRAND_OPERA_DESCRIPTION">
      <Text>Tiyatro Meydanı bölgesi binalarından +%100 [ICON_Culture] Kültür getirisi.</Text>
    </Row>
    <Row Tag="LOC_POLICY_GUNBOAT_DIPLOMACY_DESCRIPTION">
      <Text>Tüm şehir devletleriyle Açık Sınırlar ve [ICON_Envoy] Elçi kazanmak için tur başına +4 Etki puanı.</Text>
    </Row>
    <Row Tag="LOC_POLICY_HERITAGE_TOURISM_DESCRIPTION">
      <Text>[ICON_GreatWork_Landscape] Büyük Sanat Eserlerinden ve [ICON_GreatWork_Artifact] Eserlerden +%100 [ICON_Tourism] Turizm.</Text>
    </Row>
    <Row Tag="LOC_POLICY_ILKUM_DESCRIPTION">
      <Text>İnşaatçılara yönelik +%30 [ICON_Production] Üretim.</Text>
    </Row>
    <Row Tag="LOC_POLICY_INSPIRATION_DESCRIPTION">
      <Text>Tur başına +2 [ICON_GreatScientist] Büyük Bilim İnsanı puanı.</Text>
    </Row>
    <Row Tag="LOC_POLICY_INSULAE_DESCRIPTION">
      <Text>+1 [ICON_Housing] En az 2 uzmanlık bölgesi olan tüm şehirlerde konut.</Text>
    </Row>
    <Row Tag="LOC_POLICY_INTEGRATED_SPACE_CELL_DESCRIPTION">
      <Text>Bir şehrin Askeri Akademisi veya Limanı varsa Uzay Yarışı projelerine +%15 [ICON_Production] Üretim.</Text>
    </Row>
    <Row Tag="LOC_POLICY_INTERNATIONAL_SPACE_AGENCY_DESCRIPTION">
      <Text>Suzerain'i olduğunuz şehir devleti başına +%5 [ICON_Science] Bilim.</Text>
    </Row>
    <Row Tag="LOC_POLICY_INTERNATIONAL_WATERS_DESCRIPTION">
      <Text>+%100 [ICON_Production] Taşıyıcılar hariç tüm donanma birimlerine yönelik üretim.</Text>
    </Row>
    <Row Tag="LOC_POLICY_INVENTION_DESCRIPTION">
      <Text>Tur başına +2 [ICON_GreatEngineer] Büyük Mühendis puanı.</Text>
    </Row>
    <Row Tag="LOC_POLICY_LAISSEZ_FAIRE_DESCRIPTION">
      <Text>Tur başına +4 [ICON_GreatMerchant] Büyük Tüccar puanı.</Text>
    </Row>
    <Row Tag="LOC_POLICY_LAND_SURVEYORS_DESCRIPTION">
      <Text>Bir karo satın alma maliyetini 20%. azaltır</Text>
    </Row>
    <Row Tag="LOC_POLICY_LEVEE_EN_MASSE_DESCRIPTION">
      <Text>Birim bakım maliyeti birim başına tur başına 2 [ICON_Gold] Altın azaltıldı.</Text>
    </Row>
    <Row Tag="LOC_POLICY_LIBERALISM_DESCRIPTION">
      <Text>+1 [ICON_Amenities] En az 2 uzmanlık bölgesine sahip tüm şehirlere uygunluk.</Text>
    </Row>
    <Row Tag="LOC_POLICY_LIGHTNING_WARFARE_DESCRIPTION">
      <Text>Tüm ağır ve hafif süvari birimleri için +%50 [ICON_Production] Üretim.</Text>
    </Row>
    <Row Tag="LOC_POLICY_LIMES_DESCRIPTION">
      <Text>Savunma binalarına yönelik +%100 [ICON_Production] Üretim.</Text>
    </Row>
    <Row Tag="LOC_POLICY_LITERARY_TRADITION_DESCRIPTION">
      <Text>Tur başına +2 [ICON_GreatWriter] Büyük Yazar puanı.</Text>
    </Row>
    <Row Tag="LOC_POLICY_LOGISTICS_DESCRIPTION">
      <Text>Dönüşe dost bölgede başlanırsa +1 Hareket.</Text>
    </Row>
    <Row Tag="LOC_POLICY_MACHIAVELLIANISM_DESCRIPTION">
      <Text>Casuslara yönelik +%50 [ICON_Production] Üretim. Casus operasyonları %25 daha az zaman alır.</Text>
    </Row>
    <Row Tag="LOC_POLICY_MANEUVER_DESCRIPTION">
      <Text>Antik ve Klasik dönem ağır ve hafif süvari birimlerine yönelik +%50 [ICON_Production] Üretim.</Text>
    </Row>
    <Row Tag="LOC_POLICY_MARITIME_INDUSTRIES_DESCRIPTION">
      <Text>Antik ve Klasik dönem deniz birimlerine yönelik +%100 [ICON_Production] Üretim.</Text>
    </Row>
    <Row Tag="LOC_POLICY_MARKET_ECONOMY_DESCRIPTION">
      <Text>Uluslararası [ICON_TradeRoute] Ticaret Yollarınız, varış noktasında geliştirilmiş Lüks ve Stratejik kaynak başına +1 [ICON_Gold] Altının yanı sıra +2 [ICON_Culture] Kültür ve +2 [ICON_Science] Bilim sağlar.</Text>
    </Row>
    <Row Tag="LOC_POLICY_MARTIAL_LAW_DESCRIPTION">
      <Text>Normalden %25 daha az savaş yorgunluğu biriktirin.</Text>
    </Row>
    <Row Tag="LOC_POLICY_MEDINA_QUARTER_DESCRIPTION">
      <Text>+2 [ICON_Housing] En az 3 uzmanlık bölgesi olan tüm şehirlerde konut.</Text>
    </Row>
    <Row Tag="LOC_POLICY_MERCHANT_CONFEDERATION_DESCRIPTION">
      <Text>Şehir devletlerindeki [ICON_Envoy] Elçilerinizin her birinden +1 [ICON_Gold] Altın.</Text>
    </Row>
    <Row Tag="LOC_POLICY_MERITOCRACY_DESCRIPTION">
      <Text>Her şehir inşa ettiği her uzmanlık bölgesi için +1 [ICON_Culture] Kültür alır.</Text>
    </Row>
    <Row Tag="LOC_POLICY_MILITARY_FIRST_DESCRIPTION">
      <Text>Tüm yakın dövüş, anti-süvari ve menzilli birimlere karşı +%50 [ICON_Production] Üretim.</Text>
    </Row>
    <Row Tag="LOC_POLICY_MILITARY_ORGANIZATION_DESCRIPTION">
      <Text>Tur başına +4 [ICON_GreatGeneral] Büyük General puanı.</Text>
    </Row>
    <Row Tag="LOC_POLICY_MILITARY_RESEARCH_DESCRIPTION">
      <Text>Askeri Akademiler ve Limanlar +1 [ICON_Science] Bilim üretir.</Text>
    </Row>
    <Row Tag="LOC_POLICY_NATIONAL_IDENTITY_DESCRIPTION">
      <Text>Birimler yaralanma nedeniyle %50 daha az [ICON_Strength] Savaş Gücü azalmasına sahiptir.</Text>
    </Row>
    <Row Tag="LOC_POLICY_NATIVE_CONQUEST_DESCRIPTION">
      <Text>Daha önceki dönemlere ait birimlere karşı kazanılan savaş zaferleri, yenilen birimin [ICON_Strength] Savaş Gücünün %50'sine eşit [ICON_Gold] Altın sağlar. (Standart Hızda)</Text>
    </Row>
    <Row Tag="LOC_POLICY_NATURAL_PHILOSOPHY_DESCRIPTION">
      <Text>+%100 Kampüs bölgesi bitişiklik bonusları.</Text>
    </Row>
    <Row Tag="LOC_POLICY_NAVAL_INFRASTRUCTURE_DESCRIPTION">
      <Text>+%100 Liman bölgesi bitişiklik bonusları.</Text>
    </Row>
    <Row Tag="LOC_POLICY_NAVIGATION_DESCRIPTION">
      <Text>Tur başına +2 [ICON_GreatAdmiral] Büyük Amiral puanı.</Text>
    </Row>
    <Row Tag="LOC_POLICY_NEW_DEAL_DESCRIPTION">
      <Text>+4 [ICON_Housing] Konut, +2 [ICON_Amenities] Olanaklar, -8 [ICON_Gold] Altın en az 3 uzmanlık bölgesine sahip tüm şehirlere.</Text>
    </Row>
    <Row Tag="LOC_POLICY_NOBEL_PRIZE_DESCRIPTION">
      <Text>Tur başına +4 [ICON_GreatScientist] Büyük Bilim İnsanı puanı.</Text>
    </Row>
    <Row Tag="LOC_POLICY_NUCLEAR_ESPIONAGE_DESCRIPTION">
      <Text>Tespit edilmeden bir teknoloji desteği çalan casuslar ekstra bir destek kazanır.</Text>
    </Row>
    <Row Tag="LOC_POLICY_ONLINE_COMMUNITIES_DESCRIPTION">
      <Text>[ICON_TradeRoute] Ticaret Rotasına sahip olduğunuz uygarlıklara +%50 [ICON_Tourism] Turizm çıktısı.</Text>
    </Row>
    <Row Tag="LOC_POLICY_PATRIOTIC_WAR_DESCRIPTION">
      <Text>Modern, Atomik ve Bilgi çağı destek birimleri için +%100 [ICON_Production] Üretim.</Text>
    </Row>
    <Row Tag="LOC_POLICY_POLICE_STATE_DESCRIPTION">
      <Text>Topraklarınızdaki Düşman Casuslarının seviyesi 2 azalır. Ancak tüm şehirler -1 [ICON_Amenities] Dostluğa maruz kalır.</Text>
    </Row>
    <Row Tag="LOC_POLICY_PRESS_GANGS_DESCRIPTION">
      <Text>100 [ICON_Production] Sanayi dönemi ve daha önceki deniz birimlerine yönelik üretim.</Text>
    </Row>
    <Row Tag="LOC_POLICY_PROFESSIONAL_ARMY_DESCRIPTION">
      <Text>Tüm birim yükseltmelerinde %50 indirim.</Text>
    </Row>
    <Row Tag="LOC_POLICY_PROPAGANDA_DESCRIPTION">
      <Text>Normalden %25 daha az savaş yorgunluğu biriktirin.</Text>
    </Row>
    <Row Tag="LOC_POLICY_PUBLIC_TRANSPORT_DESCRIPTION">
      <Text>Bir Çiftliği bir Mahalle bölgesiyle değiştirirken karo Temyizi başına 50 [ICON_Gold] Altın kazanın.</Text>
    </Row>
    <Row Tag="LOC_POLICY_PUBLIC_WORKS_DESCRIPTION">
      <Text>İnşaatçılar için +%30 [ICON_Production] Üretim ve yeni eğitilen İnşaatçılar fazladan 2 inşa eylemi kazanır.</Text>
    </Row>
    <Row Tag="LOC_POLICY_RAJ_DESCRIPTION">
      <Text>Suzerain olduğunuz her şehir devletinden +2 [ICON_Science] Bilim, [ICON_Culture] Kültür, [ICON_Faith] İnanç ve [ICON_Gold] Altın.</Text>
    </Row>
    <Row Tag="LOC_POLICY_RAID_DESCRIPTION">
      <Text>Yağmalamadan elde edilen verim, yağma iyileştirmeleri için iki katına çıkarılır.</Text>
    </Row>
    <Row Tag="LOC_POLICY_RATIONALISM_DESCRIPTION">
      <Text>Kampüs bölgesi binalarından +%100 [ICON_Science] Bilim.</Text>
    </Row>
    <Row Tag="LOC_POLICY_RELIGIOUS_ORDERS_DESCRIPTION">
      <Text>Tüm Dini birimler teolojik savaşta +5 [ICON_Religion] Dini Güç.</Text>
    </Row>
    <Row Tag="LOC_POLICY_RESOURCE_MANAGEMENT_DESCRIPTION">
      <Text>Bir Stratejik kaynağın 1 kopyası, herhangi bir şehirde ona ihtiyaç duyan birimleri üretmenizi ve satın almanızı sağlar.</Text>
    </Row>
    <Row Tag="LOC_POLICY_RETAINERS_DESCRIPTION">
      <Text>+1 [ICON_Amenities] Garnizonlu bir birime sahip şehirler için kolaylık.</Text>
    </Row>
    <Row Tag="LOC_POLICY_REVELATION_DESCRIPTION">
      <Text>Tur başına +2 [ICON_GreatProphet] Büyük Peygamber puanı.</Text>
    </Row>
    <Row Tag="LOC_POLICY_SACK_DESCRIPTION">
      <Text>Yağmadan elde edilen verim, yağma bölgeleri için iki katına çıkar.</Text>
    </Row>
    <Row Tag="LOC_POLICY_SATELLITE_BROADCASTS_DESCRIPTION">
      <Text>+200% [ICON_Tourism] Büyük Müzik Eserlerinden [ICON_GreatWork_Music] Turizm.</Text>
    </Row>
    <Row Tag="LOC_POLICY_SCRIPTURE_DESCRIPTION">
      <Text>+%100 Kutsal Alan bitişiklik bonusları.</Text>
    </Row>
    <Row Tag="LOC_POLICY_SERFDOM_DESCRIPTION">
      <Text>Yeni eğitilen İnşaatçılar fazladan 2 inşa eylemi kazanır.</Text>
    </Row>
    <Row Tag="LOC_POLICY_SIMULTANEUM_DESCRIPTION">
      <Text>Çiftler [ICON_Faith] Kutsal Alan bölgesi binalarından elde edilen inanç verimi.</Text>
    </Row>
    <Row Tag="LOC_POLICY_SKYSCRAPERS_DESCRIPTION">
      <Text>Tüm harikalar için +%15 [ICON_Production] Üretim.</Text>
    </Row>
    <Row Tag="LOC_POLICY_SPORTS_MEDIA_DESCRIPTION">
      <Text>+100 Tiyatro Meydanı bölgesi bitişiklik bonusları ve Stadyumlar +1 [ICON_Amenities] Amenity üretir.</Text>
    </Row>
    <Row Tag="LOC_POLICY_STRATEGIC_AIR_FORCE_DESCRIPTION">
      <Text>Tüm hava birimlerine ve Taşıyıcılara yönelik +%50 [ICON_Production] Üretim.</Text>
    </Row>
    <Row Tag="LOC_POLICY_STRATEGOS_DESCRIPTION">
      <Text>Tur başına +2 [ICON_GreatGeneral] Büyük General puanı.</Text>
    </Row>
    <Row Tag="LOC_POLICY_SURVEY_DESCRIPTION">
      <Text>Keşif birimleri için çifte deneyim.</Text>
    </Row>
    <Row Tag="LOC_POLICY_SYMPHONIES_DESCRIPTION">
      <Text>Tur başına +4 [ICON_GreatMusician] Büyük Müzisyen puanı.</Text>
    </Row>
    <Row Tag="LOC_POLICY_THIRD_ALTERNATIVE_DESCRIPTION">
      <Text>Her Araştırma Laboratuvarı, Askeri Akademi ve Enerji Santralinden +4 [ICON_Gold] Altın.</Text>
    </Row>
    <Row Tag="LOC_POLICY_TOTAL_WAR_DESCRIPTION">
      <Text>Yağmalamadan elde edilen verim iki katına çıkar.</Text>
    </Row>
    <Row Tag="LOC_POLICY_TOWN_CHARTERS_DESCRIPTION">
      <Text>+%100 Ticari Merkez bölgesi bitişiklik bonusları.</Text>
    </Row>
    <Row Tag="LOC_POLICY_TRADE_CONFEDERATION_DESCRIPTION">
      <Text>Uluslararası [ICON_TradeRoute] Ticaret Yollarından +1 [ICON_Culture] Kültür ve +1 [ICON_Science] Bilim.</Text>
    </Row>
    <Row Tag="LOC_POLICY_TRAVELING_MERCHANTS_DESCRIPTION">
      <Text>Tur başına +2 [ICON_GreatMerchant] Büyük Tüccar puanı.</Text>
    </Row>
    <Row Tag="LOC_POLICY_TRIANGULAR_TRADE_DESCRIPTION">
      <Text>Tüm [ICON_TradeRoute] Ticaret Yollarından +4 [ICON_Gold] Altın ve +1 [ICON_Faith] İnanç.</Text>
    </Row>
    <Row Tag="LOC_POLICY_URBAN_PLANNING_DESCRIPTION">
      <Text>+1 [ICON_Production] Tüm şehirlerde üretim.</Text>
    </Row>
    <Row Tag="LOC_POLICY_VETERANCY_DESCRIPTION">
      <Text>Kamp bölgeleri ve o bölge için binalara yönelik +%30 [ICON_Production] Üretim.</Text>
    </Row>
    <Row Tag="LOC_POLICY_WARS_OF_RELIGION_DESCRIPTION">
      <Text>Dini olmayan bir birim başka bir Dini takip eden bir uygarlıkla savaştığında +4 [ICON_Strength] Savaş Gücü.</Text>
    </Row>
    <!-- Preview Text -->
    <Row Tag="LOC_GOVT_OLIGARCHY_COMBAT_BONUS_DESCRIPTION">
      <Text>+4 Oligarşi bonusu</Text>
    </Row>
    <!-- Temporary UI -->
    <Row Tag="LOC_CIVIC_STARTED">
      <Text>Civic'e doğru ilerleme başladı: {1_CivicName}</Text>
    </Row>
    <Row Tag="LOC_CIVIC_COMPLETE">
      <Text>Sivil tamamlandı: {1_CivicName}</Text>
    </Row>
  </BaseGameText>
</GameData>