﻿<?xml version="1.0" encoding="utf-8" standalone="yes"?>
<GameData xmlns:xsi="http://www.w3.org/2001/XMLSchema-instance">
  <BaseGameText>
    <Row Tag="LOC_PEDIA_RELIGIONS_PAGE_INTRO_CHAPTER_CONTENT_PARA_1">
      <Text>Dini seçimleriniz medeniyetiniz üzerinde büyük bir etkiye sahip olacak. Yepyeni Dini Zafer ve Teolojik Savaş ile İnançlarınızı diğer şehirlere ve medeniyetlere yaymak için elinizin altında yeni ve heyecan verici araçlar var.</Text>
    </Row>
    <Row Tag="LOC_PEDIA_RELIGIONS_PAGE_RELIGION_BUDDHISM_CHAPTER_HISTORY_PARA_1">
      <Text>Ve çark döner... yani dharma çarkı, Buddha'nın Nirvana'ya giden yol hakkındaki öğretileri döner. Bugün dünya çapında 350 milyondan fazla kişi tarafından takip edilen Budizm, "Yüce Buda, Aydınlanmış Kişi" olarak bilinen saygıdeğer ruhani lider Siddhartha Gautama'nın öğretilerine dayanmaktadır.</Text>
    </Row>
    <Row Tag="LOC_PEDIA_RELIGIONS_PAGE_RELIGION_BUDDHISM_CHAPTER_HISTORY_PARA_2">
      <Text>Budizm'in merkezi figürü olan Buddha bir tanrı olarak tanınmadığı gibi, Tanrı ile bir bağlantısı olduğunu da iddia etmemiştir. Aksine, Buddha takipçilerine kendi yaşam deneyimine dayanan bir aydınlanma yolu öğretmiştir ki bu da Budizm'i dünyanın diğer büyük dinlerinden ayıran bir farktır.</Text>
    </Row>
    <Row Tag="LOC_PEDIA_RELIGIONS_PAGE_RELIGION_BUDDHISM_CHAPTER_HISTORY_PARA_3">
      <Text>Bir zamanlar 29 yaşına kadar küçük bir Hint krallığında prens olan Siddhartha, sarayın sınırlarının dışına çıktıktan sonra çileci bir hayata yöneldi. Birkaç yıl boyunca Hindistan'da dolaşmış ve sonunda meditasyon yapmak için bir incir ağacının altına oturmuştur; orada birkaç gün sonra aydınlanmayı bulmuş ve böylece kendini dünyevi acı döngüsünden kurtararak Buda olarak ortaya çıkmıştır. Bu aydınlanma hem ruhani bir bilgi (örneğin kişinin geçmiş yaşamlarının bilgisi), hem metafiziksel bir bilgi (karmanın işleyişinin bilgisi), hem de felsefi bir bilgidir (Dört Yüce Gerçeğin anlaşılması).</Text>
    </Row>
    <Row Tag="LOC_PEDIA_RELIGIONS_PAGE_RELIGION_BUDDHISM_CHAPTER_HISTORY_PARA_4">
      <Text>Budizm'in temel ilkeleri olan Dört Yüce Hakikat ve Sekiz Katlı Yol, kişinin Nirvana'ya veya bitmek bilmeyen acılardan huzura ulaşmasının yollarını ortaya koyar. En basit haliyle Dört Yüce Gerçek bize yaşamın acı olduğunu, acının arzulara olan bağlılığımızdan kaynaklandığını, bu bağlılık sona erdiğinde acının da sona ereceğini ve acıdan kurtulmanın ancak Sekiz Katlı Yol'u uygulamakla mümkün olacağını söyler. Kişi arzularından vazgeçerek dünyayı olduğu gibi kabul eder ve artık dünyevi arzulara bağlı değildir - özgürdür.</Text>
    </Row>
    <Row Tag="LOC_PEDIA_RELIGIONS_PAGE_RELIGION_BUDDHISM_CHAPTER_HISTORY_PARA_5">
      <Text>Budizm'in üç ana kolu vardır: Theravada, Mahayana ve Vajrayna; bunlar sırasıyla Güneydoğu Asya, Doğu Asya ve Tibet'te bulunur. Bunlar bazı temel doktrinlerde farklılık gösterir: Theravada uygulayıcıları Siddhartha'yı tek Buddha olarak ve Buddha'yı da dünyadan temelde kopuk olarak görür: uygulayıcı onun yolunu izler ama onunla temas kuramaz. Mahayana uygulayıcıları, uygulayıcılara kendi arayışlarında yardımcı olmak için geride kalan büyük bir aydınlanmış ruhlar topluluğu görürler. Vajrayana uygulayıcıları Tantrik uygulamalar yoluyla insanın içindeki ilahi nitelikleri geliştirmeye odaklanır. Bugün dünyanın yaklaşık %6'sı Budisttir ve bu sayı büyük ölçüde seküler Doğu Asya nüfusunu yansıtmamaktadır.</Text>
    </Row>
    <Row Tag="LOC_PEDIA_RELIGIONS_PAGE_RELIGION_CATHOLICISM_CHAPTER_HISTORY_PARA_1">
      <Text>Roma Katolikliği, Roma merkezli papalık olan Kutsal Makam'ın himayesi altındaki Hristiyan kilisesinin teolojisi ve doktrinini ifade eder. Din bilginlerine göre Katoliklik, kilisenin geleneklerine, ayinlere ve İncil'in yorumcuları olarak rahipliğe bağlılığı ile Hıristiyanlığın diğer kollarından ayrılır.</Text>
    </Row>
    <Row Tag="LOC_PEDIA_RELIGIONS_PAGE_RELIGION_CATHOLICISM_CHAPTER_HISTORY_PARA_2">
      <Text>"Katolik Kilisesi" teriminin bilinen en eski kullanımı MS 107 civarında Antakyalı Ignatius tarafından yapılmıştır. İlk kilise, Roma, İskenderiye ve Antakya patrikleri olmak üzere üç patriğin yönetimine göre örgütlenmiştir - bunlara daha sonra Konstantinopolis ve Kudüs patrikleri de eklenmiştir. Ancak çok fazla patrik kutsal suları bulandırma eğilimindedir.</Text>
    </Row>
    <Row Tag="LOC_PEDIA_RELIGIONS_PAGE_RELIGION_CATHOLICISM_CHAPTER_HISTORY_PARA_3">
      <Text>Kısa süre sonra Roma patriği, Aziz Petrus ile bu şehir arasındaki bağlantıya dayanarak özel yetki talep etti. Konstantinopolis ile yeni kurulan Kutsal Roma İmparatorluğu arasındaki siyasi mücadelelerin yanı sıra Yunanca konuşan bir dini dünya ile Latince konuşan bir dini dünya arasındaki kültürel bölünmelerle ilgili bir bölünme olan Doğu Ortodoksluğunun ortaya çıkmasına neden olan MS 1054'teki Büyük Bölünmeye kadar Roma Katolikliği 1000 yıl boyunca Avrupa'ya hakim oldu. Yaklaşık 500 yıl sonra, Avrupa'da pek çok kişinin Katolikliğin öğretilerini ve uygulamalarını daha kişisel inanç ifadeleri lehine reddettiği Protestan Reformu ile Hıristiyanlıkta bir başka büyük bölünme meydana geldi.</Text>
    </Row>
    <Row Tag="LOC_PEDIA_RELIGIONS_PAGE_RELIGION_CATHOLICISM_CHAPTER_HISTORY_PARA_4">
      <Text>Şu anda Roma Katolik Kilisesi, Vatikan'la birlik içinde olmayanları "Katolik olmayanlar" olarak kabul etmekte ancak İncil'in farklı yorumlarını hoş görmektedir. Kafirleri ve Katolik dogmasından farklı düşünen hemen herkesi yaktığı günlerden bu yana biraz değişiklik oldu.</Text>
    </Row>
    <Row Tag="LOC_PEDIA_RELIGIONS_PAGE_RELIGION_CONFUCIANISM_CHAPTER_HISTORY_PARA_1">
      <Text>Konfüçyüsçülük bir inançtan ziyade Çinli filozof Konfüçyüs'ün (MÖ 551-479) öğretilerine dayanan bir siyaset felsefesidir. Başlangıçta ayrıcalıklı seçkinler için etik ve sosyal bir felsefe olarak ortaya çıkan Konfüçyüsçülük, günümüzde çoğunlukla Doğu Asya bölgelerinde yoğunlaşan birkaç milyonluk bir takipçi kitlesine ulaşmıştır.</Text>
    </Row>
    <Row Tag="LOC_PEDIA_RELIGIONS_PAGE_RELIGION_CONFUCIANISM_CHAPTER_HISTORY_PARA_2">
      <Text>Konfüçyüs yaşamı boyunca, her bireyin toplumdaki "uygun" rolüne hizmet ederken, kişisel ahlak, sosyal sorumluluk ve aile sadakatine güçlü bir inanç aşılamaya çalıştı. Düşüncelerini Beş Klasik olarak adlandırılan kitapta toplamıştır. Hümanist bir felsefe olarak Konfüçyüsçülük, her insanın etik davranış ve başkalarını düşünme yoluyla öğrenme, büyüme ve gelişme yeteneğine odaklanır ve yönetici de dahil olmak üzere herkesin sosyal rolünü vurgular.</Text>
    </Row>
    <Row Tag="LOC_PEDIA_RELIGIONS_PAGE_RELIGION_CONFUCIANISM_CHAPTER_HISTORY_PARA_3">
      <Text>Konfüçyüs'ün ölümünün ardından öğretileri, hükümdarı her şeyin üstünde tutmaya çalışan Qin Hanedanlığı tarafından felsefeyi bastırma girişimleri ciddi bir şekilde başlatılana kadar yaklaşık 200 yıl boyunca yayıldı. Qin yöneticileri Konfüçyüsçülüğün otoritelerine doğrudan bir tehdit oluşturduğuna inanmış ve bunun sonucunda Konfüçyüs'ün orijinal yazıları da dahil olmak üzere Konfüçyüsçü kitapların çoğunu yaktırmışlardır. Ülke genelinde tapınaklar yıkıldı ve Konfüçyüsçülüğün birkaç inatçı takipçisi diri diri gömüldü.</Text>
    </Row>
    <Row Tag="LOC_PEDIA_RELIGIONS_PAGE_RELIGION_CONFUCIANISM_CHAPTER_HISTORY_PARA_4">
      <Text>Konfüçyüs öğretilerini ortadan kaldırmaya yönelik bu girişimlere rağmen, daha sonra bir alimin evinin duvarlarında gizli bir Konfüçyüs el yazmaları deposu keşfedildi ve din Qin'in düşüşünden sonra yeni bir hayat buldu. Günümüzde, Konfüçyüsçülük eserleri dünyanın dört bir yanındaki halk tarafından, genellikle bir dinden çok siyasi ve ahlaki bir felsefe olarak incelenmektedir.</Text>
    </Row>
    <Row Tag="LOC_PEDIA_RELIGIONS_PAGE_RELIGION_HINDUISM_CHAPTER_HISTORY_PARA_1">
      <Text>Günümüzde halen uygulanmakta olan en eski din olarak kabul edilen Hinduizm - ya da Sanatana Dharma ("ebedi yasa") - Vedalar olarak bilinen bir dizi eski el yazmasına dayanmaktadır. Dört ana kutsal kitabı kapsayan bu Sanskritçe metinler koleksiyonunun 3500 yıl önce yazıldığı düşünülmektedir. Bugün dünya çapında (çoğu Hindistan ve Güneydoğu Asya'da olmak üzere) bir milyar (ve giderek artan) takipçisi olan Hinduizm, tek bir kurucusu veya inancı olmayan, çeşitli kültür ve geleneklerin bir birleşimidir ve bir din olduğu kadar bir yaşam biçimidir. Bazıları için Budizm ve Jainizm de daha geniş ve çeşitli Hindu uygulamalarının bir parçasıdır. Hindistan Hinduizm'in kalbi olsa da, din Güneydoğu Asya'ya da yayılmıştır ve Endonezya'daki Bali, dünyanın dört bir yanındaki diaspora toplulukları gibi kendine özgü yerel bir Hindu uygulamasını sürdürmektedir.</Text>
    </Row>
    <Row Tag="LOC_PEDIA_RELIGIONS_PAGE_RELIGION_HINDUISM_CHAPTER_HISTORY_PARA_2">
      <Text>Hinduizm birçok yerde çok tanrıcılıkla eşanlamlı hale gelmiştir (ve aslında Avrupa'nın çok tanrılı gelenekleriyle bir ilişki paylaşmaktadır). Çoğu gelenek dünyadaki üç hayati gücü vurgular: yaratma (tanrı Brahma'nın altında), yaşatma (tanrı Vişnu'nun altında) ve yok etme (tanrı Şiva'nın altında). Diğer gelenekler varoluşumuzun tüm yönlerini yöneten tek ve birleştirici bir güç olduğunu varsayar. Hinduizm'de ve Budizm'de dharma ya da "Nihai Gerçeklik", var olan her şeyin bağlı olduğu evrensel güç ya da yasa ve karma kavramıdır: hayatlarımızın nasıl ilerlediği üzerinde neden-sonuç ilişkisi olan hem iyi hem de kötü eylemlerin bir kaydı.</Text>
    </Row>
    <Row Tag="LOC_PEDIA_RELIGIONS_PAGE_RELIGION_HINDUISM_CHAPTER_HISTORY_PARA_3">
      <Text>"Hinduizm" bir terim olarak İngiliz sömürge döneminde ne Hıristiyan ne de Müslüman olanları ifade etmek için yaygınlaştı. Zamanla Jain ve Budist inananlar kendi kimliklerini oluşturdular, ancak Hinduizm bu çeşitlilik ve çeşitlilik duygusunu korudu. Dünya nüfusunun yaklaşık %15'i Hindu'dur.</Text>
    </Row>
    <Row Tag="LOC_PEDIA_RELIGIONS_PAGE_RELIGION_ISLAM_CHAPTER_HISTORY_PARA_1">
      <Text>Dünyanın ikinci büyük dini olan İslam, iradesini yeryüzünde bir dizi peygamber aracılığıyla ortaya koyan tek bir gerçek Tanrı olduğu inancına dayanmaktadır. Bu peygamberlerin en önemlisi olan Muhammed (MS 570-632), bir dizi görüm gördükten sonra Tanrı'nın sözlerini Müslümanların kutsal kitabı Kuran'a kaydetmiştir. Bu noktadan itibaren Muhammed, kurtuluşa giden tek yolun, günlük dua ve Tanrı'nın koyduğu yasalara sıkı sıkıya bağlılık yoluyla kendini tamamen Tanrı'ya adamak olduğunu vaaz etmiştir.</Text>
    </Row>
    <Row Tag="LOC_PEDIA_RELIGIONS_PAGE_RELIGION_ISLAM_CHAPTER_HISTORY_PARA_2">
      <Text>Kurtuluşa ulaşmanın çerçevesini oluşturan İslam'ın Beş Şartı, en temel haliyle, Allah'tan başka ilah olmadığını ve Muhammed'in onun peygamberi olduğunu; her gün belirlenen beş vakitte Allah'a dua edilmesi gerektiğini; muhtaçlara destek olmak için bağışta bulunulması gerektiğini; Ramazan ayı boyunca şafaktan gün batımına kadar oruç tutulması gerektiğini ve kutsal Zilhicce ayı boyunca hayat boyunca en az bir kez Mekke'ye hac ziyaretinde bulunulması gerektiğini ifade eder.</Text>
    </Row>
    <Row Tag="LOC_PEDIA_RELIGIONS_PAGE_RELIGION_ISLAM_CHAPTER_HISTORY_PARA_3">
      <Text>Çoğu dinin kuruluşunda olduğu gibi, Muhammed ve takipçileri de diğer inançların sert direnişiyle karşılaştı. Buna rağmen mesaj, ölümünün ardından Orta Doğu'ya yayılmıştır. Orta Çağ boyunca İslam, İpek Yolu (Güneydoğu Asya deniz İpek Yolu da dahil olmak üzere) boyunca tüccarlar arasında popüler hale geldi ve ticaret hatları boyunca yayıldı. O zamandan bu yana İslam, Muhammed'in atanmış takipçilerini mi yoksa onun soyundan gelenleri mi takip edeceklerine dair yorumlarına göre farklılık gösteren Sünni ve Şii mezhepleri olmak üzere en büyükleri birbiriyle rekabet eden bir dizi kola ayrılmıştır.</Text>
    </Row>
    <Row Tag="LOC_PEDIA_RELIGIONS_PAGE_RELIGION_JUDAISM_CHAPTER_HISTORY_PARA_1">
      <Text>Rabbinik Yahudiliğe göre, ataerkil bir Tanrı, "Seçilmiş Halk" esaretten kaçtıktan sonra çölde dolaşırken Sina Dağı'nda Musa'ya yasalarını ve emirlerini vahyetmiştir. Ve bunların hepsi Tanah'ın temelini oluşturan Tevrat'ta (bazı bölümleri Hıristiyan Eski Ahit'ine dönüşerek) yazılı hale geldi. Genel olarak akademisyenler, Yahudiliğin ilk olarak yaklaşık 3500 yıl önce, MÖ 6. Yüzyıl civarında çeşitli Babil dinlerinin bir evrimi olarak en eski tek tanrılı dinlerden biri olarak ortaya çıktığına inanmaktadır.</Text>
    </Row>
    <Row Tag="LOC_PEDIA_RELIGIONS_PAGE_RELIGION_JUDAISM_CHAPTER_HISTORY_PARA_2">
      <Text>Yahudiliğin temel doktrinleri hahamlar tarafından yüzyıllardır tartışılsa da, Yahudiler Tanrı tarafından kendileriyle antlaşma yapmak üzere seçildiklerine ve Tanrı'nın tüm seçilmişleri İsrail'e geri getirmek üzere bir mesih göndereceğine inanırlar. Bu Mesih olduğunu iddia eden pek çok kişi ortaya çıkmış olsa da, günümüz Yahudileri için gerçek Mesih henüz gelmemiştir. Yahudiler tarih boyunca zulme uğramış ve dünyanın dört bir yanına dağılmış olsalar da, bir din olarak Yahudilik hayatta kalmış ve hatta gelişmiştir. Yahudi etnik dininin nüfusu yaklaşık 14 milyon, yani dünya nüfusunun yaklaşık %0,2'sidir.</Text>
    </Row>
    <Row Tag="LOC_PEDIA_RELIGIONS_PAGE_RELIGION_JUDAISM_CHAPTER_HISTORY_PARA_3">
      <Text>Aralarındaki doğal farklılıklara rağmen, Yahudiliğin birçok yönü hem Hıristiyanlık hem de İslam ile yakından bağlantılıdır, çünkü hepsi de hem İshak'ın (İsrailoğullarının atası) hem de İsmail'in (Muhammed'in atası) babası İbrahim'in soyundan gelen "İbrahimi" dinler olarak kabul edilir.</Text>
    </Row>
    <Row Tag="LOC_PEDIA_RELIGIONS_PAGE_RELIGION_ORTHODOXY_CHAPTER_HISTORY_PARA_1">
      <Text>Tahminen 300 milyon Ortodoks Hristiyan'ın amacı, daha "Mesih gibi" olmak için ruhani bir hac yolculuğu olan teosis yoluyla yaşamları boyunca Tanrı'ya yaklaşmaktır. Hıristiyanlıkla ilgili olarak "ortodoks" teriminin kaydedilen en eski kullanımı Codex Justinianus'ta (MS 530 civarı) "ilk Kilise'nin inançlarına uygun" anlamına geliyordu.</Text>
    </Row>
    <Row Tag="LOC_PEDIA_RELIGIONS_PAGE_RELIGION_ORTHODOXY_CHAPTER_HISTORY_PARA_2">
      <Text>Ortodoks Kilisesi'nin kökleri Büyük Bölünme'ye dayanmaktadır. MS 9. ve 10. yüzyıllar boyunca Konstantinopolis Patriği yönetimindeki Hıristiyan kilisesi, Kiev Rusya'sı ve Balkanlar da dahil olmak üzere Doğu Avrupa halkları arasında önemli din değiştirmeler gerçekleştirmiştir. Roma ve Konstantinopolis'in siyasi ve ekonomik rekabeti ile şiddetlenen filioque bölünmesi ve Papa'nın dini konularda Patrik üzerindeki otoritesi gibi doktrinel sorunlar bir ayrılığa yol açmıştır. Ortodoks Kilisesi, Mesih tarafından tesis edilen ve Havariler tarafından aktarılan orijinal ve gerçek inancı yalnızca kendisinin uyguladığını savunmaktadır.</Text>
    </Row>
    <Row Tag="LOC_PEDIA_RELIGIONS_PAGE_RELIGION_ORTHODOXY_CHAPTER_HISTORY_PARA_3">
      <Text>Dahası, Konstantinopolis'in 1453'te Osmanlıların eline geçmesinden sonra, Doğu Kilisesi Türklerin nispeten hoşgörülü yönetimi altında Roma'dan daha da izole hale geldi. Bu arada Ortodoks Kilisesi, Slavlar arasında çok sayıda din değiştirenle birlikte Rus çarları altında gelişti. Komünist yönetim ve resmi laiklik politikaları nedeniyle biraz azalmış olsa da, Doğu Ortodoksluğu günah, kurtuluş ve ruhun bedenleşmesine dair eski Hıristiyan inancına sıkı sıkıya bağlıdır.</Text>
    </Row>
    <Row Tag="LOC_PEDIA_RELIGIONS_PAGE_RELIGION_PROTESTANTISM_CHAPTER_HISTORY_PARA_1">
      <Text>Protestan Reformu, sonunda Hıristiyan Avrupa'yı bölecek bir hareket olarak, Almanya'da özellikle kurtuluş, aklanma ve İncil'in yorumlanması konularında Katolik doktrin ve uygulamalarına karşı bir protesto olarak başladı. Bazı farklılıklar olsa da, tüm Protestan hareketler iki ilkeyi savunmuştur: Papalık yorumundan ziyade "İyi Kitap "ın Hıristiyanlar için tek otorite kaynağı olduğu; ve kurtuluşun kilisenin atadığı bir aracıdan ziyade Mesih olarak İsa ile kişisel bir bağlantı yoluyla geldiği.</Text>
    </Row>
    <Row Tag="LOC_PEDIA_RELIGIONS_PAGE_RELIGION_PROTESTANTISM_CHAPTER_HISTORY_PARA_2">
      <Text>Hümanist akademisyenlerin okumalarına dayanarak, MS 1517'de Wittenberg üniversite kentinde bir Alman rahip olan Martin Luther, Katolik Kilisesi'nin bazı uygulamalarını eleştiren 95 tezini yayınladı. Onun örneğiyle diğer liberal dini düşünürler de kiliseye yönelik kendi eleştirilerini geliştirdiler; kısa süre içinde Almanya ve İskandinavya'da "evanjelik" Lutherci mezhepler ve İsviçre'de John Calvin yönetiminde "reformcu" inançlar ortaya çıktı. Bu arada din, İngiltere'de ve başka yerlerde siyasetle iç içe geçerek daha fazla Protestan kilisesinin ortaya çıkmasına neden oldu (her ne kadar Henry'nin Anne Boleyn'e olan tutkusunun İngiliz bölünmesiyle inançtan daha fazla ilgisi olsa da).</Text>
    </Row>
    <Row Tag="LOC_PEDIA_RELIGIONS_PAGE_RELIGION_PROTESTANTISM_CHAPTER_HISTORY_PARA_3">
      <Text>Katolik inancındaki bölünme bir dizi din savaşını ateşleyecek, Hıristiyanlar Hıristiyanları katledecekti... yankıları hala sürüyor. O zamandan bu yana Protestanlık içindeki sayısız hareket ve bölünmeye rağmen, çok sayıdaki (takip edilemeyecek kadar çok sayıdaki) mezhebin toplam üye sayısı yaklaşık 670 milyondur.</Text>
    </Row>
    <Row Tag="LOC_PEDIA_RELIGIONS_PAGE_RELIGION_SHINTO_CHAPTER_HISTORY_PARA_1">
      <Text>Kurucu bir figürü ve merkezi bir doktrini olmayan Şinto, Japon halkının bireyin fiziksel dünyayla ... ve Japonya'nın kendisiyle olan bağlantısına dayanan oldukça amorf ruhani inancıdır. Şinto'nun kayıtlı tarihi, İmparatoriçe Gemmei'nin emriyle O no Yasumaro tarafından yazılan iki büyük esere kadar uzanır: Kojiki (MS 712 civarı) ve Nihon Shoki (MS 720 civarı). Sözlü geleneklere dayanan bu eserlerden ilki imparatorluk ailesini Japon kültürünün ruhu olarak kurarken, ikincisi sosyal hiyerarşinin "doğruluğu" ve düzenli yaşam üzerine odaklanır. Hinduizm çok tanrılı bir dinden dünya dinine dönüşmüşse, Şinto da animizmden devlet dinine dönüşmüştür.</Text>
    </Row>
    <Row Tag="LOC_PEDIA_RELIGIONS_PAGE_RELIGION_SHINTO_CHAPTER_HISTORY_PARA_2">
      <Text>Şintoizm'in merkezi yönlerinden biri, tapınakların ziyaret edilmesi yoluyla kabul edilen ve Kami olarak bilinen ruhlara tapınmaktır. Kami tanrı olarak kabul edilmese de, insanlarla yakın bağları olan ruhlar veya varlıklardır ve kişinin varoluşunun seyri üzerinde faydalı bir etkiye sahip olabilirler. Bununla birlikte, Şinto Kami'ye olan inanca değil, bağlılık ritüelinin kendisine odaklanır. Tapınaklarda Kami'ye saygı göstererek kişi ilgi göstermiş olur ve böylece Kami olumlu faydalar sağlayabilir.</Text>
    </Row>
    <Row Tag="LOC_PEDIA_RELIGIONS_PAGE_RELIGION_SHINTO_CHAPTER_HISTORY_PARA_3">
      <Text>Şinto yüzyıllardır Japon yaşamının merkezinde yer almasına ve bugün Japonya'da 100 milyondan fazla taraftarı bulunmasına rağmen, Şinto geleneksel anlamda bir din değil, Japonya'ya özgü kökleşmiş bir inançtır.</Text>
    </Row>
    <Row Tag="LOC_PEDIA_RELIGIONS_PAGE_RELIGION_SIKHISM_CHAPTER_HISTORY_PARA_1">
      <Text>MS 15. Yüzyılda Guru Nanak Dev tarafından kurulan Sihizm, barış, eşitlik ve özverili hizmet erdemlerini benimseyen birbirini izleyen Sih gurularının çabalarıyla büyümüştür. Sihizm'in şu anda ağırlıklı olarak Hindistan'ın Pencap bölgesinde yaşayan 20 milyondan fazla takipçisi bulunmaktadır. Sihler fiziksel bir şekli olmayan tek bir Tanrı'ya inanır, ancak her Sih Tanrı ile konuşma yeteneğine sahiptir ve Tanrı'nın gözünde herkes eşittir - son derece eşitlikçi bir inançtır.</Text>
    </Row>
    <Row Tag="LOC_PEDIA_RELIGIONS_PAGE_RELIGION_SIKHISM_CHAPTER_HISTORY_PARA_2">
      <Text>Sihler başkalarına karşı cömertlikleriyle tanınırlar, çünkü dinlerinin temel ilkelerinden biri din, ırk veya cinsiyetten bağımsız olarak tüm insanların eşit yaratıldığı fikridir. Diğer büyük dinlerden farklı olarak Sihizm, başkalarına hizmet eden iyilik eylemlerinin her türlü ritüelden daha önemli olduğu inancını destekler.</Text>
    </Row>
    <Row Tag="LOC_PEDIA_RELIGIONS_PAGE_RELIGION_SIKHISM_CHAPTER_HISTORY_PARA_3">
      <Text>Sihler aynı zamanda hakikat ve barışın her şeyin üstünde tutulması gerektiğinden, haksızlıklara karşı durmak ve ezilen herkesi desteklemekle yükümlüdür. Sihler kurtuluşa erişmek için her Sih'in disiplinli bir meditasyon uygulaması gerektiğine inanır, zira kurtuluşa ancak kişisel gözlem ve Tanrı'ya odaklanma yoluyla erişilebilir. Bu nedenle, Sih inancının takipçilerine, saçlarını kesmemeleri, sarhoş edici maddeler tüketmemeleri ve özellikle de herhangi bir ritüel, batıl inanç veya hac yapmamaları şartı da dahil olmak üzere bir dizi kısıtlama getirilmiştir.</Text>
    </Row>
    <Row Tag="LOC_PEDIA_RELIGIONS_PAGE_RELIGION_TAOISM_CHAPTER_HISTORY_PARA_1">
      <Text>Taoizm, MS 2. Yüzyıl Çin krallıklarının eski inanç ve felsefeleri temelinde kurulmuş eşsiz bir dindir. Çoğu inanç gibi doğrudan tek bir kurucu figüre atfedilmese de Taoizm, MÖ 4. Yüzyılda Tao Te Ching'i yazan filozof Lao-Tsu'nun yazılarına dayanarak gelişmiştir. İlk "Göksel Usta" Zhang Daoling, Lao-Tsu'nun eserlerine dayanan ilk Tao okulunu kurmuştur. Bunu diğerleri izlemiştir.</Text>
    </Row>
    <Row Tag="LOC_PEDIA_RELIGIONS_PAGE_RELIGION_TAOISM_CHAPTER_HISTORY_PARA_2">
      <Text>Çoğu modern dinin aksine, Taoizm efsanevi, her şeye gücü yeten, antropomorfik bir "tanrının" varlığına bağlı değildir. Aksine, hayata felsefi bir yaklaşımdır. Dinin en iyi bilinen ilkelerinden biri olan Yin ve Yang, uyum ve denge içindeki tamamlayıcı güçlerle dolu dünyayı temsil eder, bunun yaygın bir örneği de aydınlık ve karanlıktır. Taoizm'in takipçileri, dünyadaki bu dengeyi korumak için günlük yaşamlarında alçakgönüllülük, nezaket ve şefkat göstermeye teşvik edilir.</Text>
    </Row>
    <Row Tag="LOC_PEDIA_RELIGIONS_PAGE_RELIGION_TAOISM_CHAPTER_HISTORY_PARA_3">
      <Text>Taoizm tarihi boyunca, Çin geleneğinin diğer unsurları felsefeye sızdıkça, orijinal okuldan ayrılan birçok mezhep ve kola sahip olmuştur. Büyü, simya ve diğer mistik güçler, Taoist düşüncenin ilk günlerinden beri bazı biçimlerine dahil edilmiştir. Toplam takipçi sayısına ilişkin tahminler büyük farklılıklar gösterse de, bugün Çin'de ve çevre bölgelerde hala birkaç milyon "gerçek" inanan olduğuna inanılmaktadır.</Text>
    </Row>
    <Row Tag="LOC_PEDIA_RELIGIONS_PAGE_RELIGION_ZOROASTRIANISM_CHAPTER_HISTORY_PARA_1">
      <Text>Peygamber Zerdüşt'ün öğretilerine dayanan kadim bir inanç olan Zerdüştlüğün yaklaşık 3500 yıl önce Pers bölgesinde kurulduğuna inanılmaktadır. Bir zamanlar dünyanın en büyük dinlerinden biri olan Zerdüştlük, bugün yalnızca Hindistan, Pakistan ve İran'da yaşayan tahmini 200 bin taraftar tarafından takip edilmektedir. Genel olarak, MS 7. yüzyıldan sonra Sasani İmparatorluğu'nun çöküşünden bu yana marjinalleşmiş ve İslam tarafından gölgede bırakılmıştır.</Text>
    </Row>
    <Row Tag="LOC_PEDIA_RELIGIONS_PAGE_RELIGION_ZOROASTRIANISM_CHAPTER_HISTORY_PARA_2">
      <Text>Zerdüştlük bazıları tarafından dünyanın en eski tek tanrılı dini olarak kabul edilir, ancak bu akademisyenler arasında bir tartışma konusudur. Zerdüşt inançlarının merkezinde, tüm Zerdüşt gelenek ve ibadetlerinin odak noktası olan yaratıcı tanrı Ahura Mazda yer alır. Ahura Mazda'nın bilgeliğini Zerdüşt'e açıkladığı ve onun da öğretileri tüm bölgeye yaymak için dolaştığı söylenir. Topluca Avesta olarak bilinen Zerdüştlüğün kutsal metinleri, Zerdüşt'ün kendisi tarafından yazıldığı söylenen ilahileri içerir.</Text>
    </Row>
    <Row Tag="LOC_PEDIA_RELIGIONS_PAGE_RELIGION_ZOROASTRIANISM_CHAPTER_HISTORY_PARA_3">
      <Text>Çoğu dinde olduğu gibi, Zerdüştlük de insanların sözde uyum içinde yaşayabilmelerinin yollarını, bu durumda "iyi düşünceler ve iyi eylemler" yoluyla ana hatlarıyla belirtir. Zerdüştler, kısmen ateşin Zerdüşt ritüellerinde bir sembol olarak yaygınlığı nedeniyle, genellikle ateşe tapanlar olarak yanlış tanımlanırlar. Zerdüştlükte ateş Ahura Mazda'nın ışığını temsil eder ve inananlar ateşin kendisine değil ışığa doğru dua ederler.</Text>
    </Row>
  </BaseGameText>
</GameData>