﻿<?xml version="1.0" encoding="utf-8"?>
<GameData>
  <FrontEndText>
    <Row Tag="LOC_CREDITS_BACK_BUTTON">
      <Text>Geri</Text>
    </Row>
    <Row Tag="LOC_CREDITS_BASEGAME">
      <Text>Temel Oyun</Text>
    </Row>
    <Row Tag="LOC_CREDITS">
      <Text>[3]CREDITS
 
 
 
 [2]Firaxis Games
 [1]Sid Meier's Civilization VI
 
 
 
 
 [2]TEAM LİDERLİK
 [3]Baş Tasarımcı
 [4]Ed Beach
 
 [3]Baş Mühendis
 [4]Ken Grey
 
 [3]Sanat Yönetmeni
 [4]Brian Busatti
 
 [3]DLC Sanat Yönetmeni
 [4]Jason Johnson
 
 [3]Kıdemli Yapımcı
 [4]Dennis Shirk
 
 [3]DLC Kıdemli Yapımcı
 [4]Andrew Frederiksen
 
 [i]TechTree_Meter_Done
 
 [2]TASARIM EKİBİ
 
 [3]Baş Tasarımcı
 [4]Ed Beach
 
 [3]Tasarımcı\Programcılar
 [4]Matthew Beach
 [4]Brian Feldges
 [4]Andrew Garrett
 [4]Anton Strenger
 
 [3]Baş Yapay Zeka Mühendisi
 [4]Andrew Garrett
 
 [i]TechTree_Meter_Done
 
 [2]YAPIM EKİBİ
 
 [3]Kıdemli Yapımcı
 [4]Dennis Shirk
 
 [3]DLC Kıdemli Yapımcı
 [4]Andrew Frederiksen
 
 [3]Yardımcı Yapımcı
 [4]Sarah Darney
 
 [3]Ek Yapım
 [4]Amy Pickens, Teknik Animasyon Grubu
 [4]Stuart E. Zissu, Sistemler ve IHV Desteği
 
 [3]Yazarlar
 [4]Alexander Horn
 [4]Rex Martin
 [4]Zach Bush
 
 [3]Addi</Text>
    </Row>
    <Row Tag="LOC_FRONTIER_CREDITS_NAME">
      <Text>Yeni Sınır Geçişi</Text>
    </Row>
    <Row Tag="LOC_FRONTIER_CREDITS">
      <Text>[3]KREDİLER
 
 [1]Firaxis Games 
 
 [1]Sid Meier's Civilization VI
 [2]New Frontier Pass
 
 
 [2]TAKIM LİDERLİĞİ
 
 [3]Baş Tasarımcı
 [4]Anton Strenger
 
 [3]Baş Mühendis
 [4]Ken Grey
 
 [3]Sanat Yönetmeni
 [4]Kat Berkley
 
 [3]Ek Sanat Yönetmenliği
 [4]Jason Johnson
 
 [3]Kıdemli Yapımcı
 [4]Dennis Shirk
 
 [3]Baş Yapımcı
 [4]Amanda Bonacorso
 
 [i]TechTree_Meter_Done
 
 [2]DESIGN TEAM
 
 [3]Franchise Baş Tasarımcısı
 [4]Ed Beach
 
 [3]Lead Yapay Zeka Mühendisi
 [4]Andrew Garrett
 
 [3]Yapay Zeka Katılımcıları
 [4]Matthew Beach
 
 [3]Baş Tasarımcı
 [4]Anton Strenger
 
 [3]Designer\Programmers
 [4]Matthew Beach
 [4]Brian Feldges
 [4]David Raabe
 [4]David McDonough
 [4]Bradley Olson
 
 [i]TechTree_Meter_Done
 
 [2]PRODUCTION TEAM
 
 [3]Senior Producer
 [4]Dennis Shirk
 
 [3]Lead Producer
 [4]Amanda Bonacorso
 
 [3]Yardımcı Yapımcılar
 [4]Kevin Schultz
 [4]Rony Kahana
 
 [3]Yazarlar
 [4]Peter Murray
 [4]Andrew Jo</Text>
    </Row>
    <Row Tag="LOC_LEADERPASS_CREDITS_NAME">
      <Text>Lider Kartı</Text>
    </Row>
    <Row Tag="LOC_LEADERPASS_CREDITS">
      <Text>[3]CREDITS
 
 [1]Firaxis Games 
 
 [1]Sid Meier's Civilization VI
 [2]Leader Pass
 
 [2]TEAM LEADERSHIP
 
 [3]Franchise Baş Tasarımcı
 [4]Ed Beach
 
 [3]Baş Tasarımcı
 [4]Matthew Beach
 
 [3]Baş Mühendis
 [4]Ken Grey
 
 [3]Yönetici Yapımcı
 [4]Dennis Shirk
 
 [i]TechTree_Meter_Done
 
 [2]TASARIM EKİBİ
 
 [3]Baş Tasarımcı
 [4]Matthew Beach
 
 [3]Tarihçi ve Yazar
 [4]Andrew Johnson
 
 [i]TechTree_Meter_Done
 
 [2]YAPIM EKİBİ
 
 [3]Baş Yapımcı
 [4]Dennis Shirk
 
 [3]Stüdyo Dış Kaynak Yöneticisi
 [4]Sean Murphy
 
 [3]Yapımcı
 [4]Amanda Belmont
 
 [3]Dış Kaynak Yapımcısı
 [4]Austin Angelman
 
 [3]Üretim Desteği
 [4]Kevin Shultz
 
 [3]Üretim Stajyeri
 [4]Aidan Miller
 
 [i]TechTree_Meter_Done
 
 [2]MÜHENDİSLİK EKİBİ
 
 [3]Lider Mühendis
 [4]Ken Grey
 
 [3]Lider Araç Mühendisi
 [4]Brian Whitman
 
 [3]Lider Veritabanı\Modding Engineer
 [4]Shaun Seckman
 
 [3]Epic Build Engineer
 [4]Don Wuenschell
 
 [3]User Interface Support
 [4]T</Text>
    </Row>
  </FrontEndText>
</GameData>