﻿<?xml version="1.0" encoding="utf-8"?>
<!-- edited with XMLSPY v2004 rel. 2 U (http://www.xmlspy.com) by Ed Beach (Firaxis Games) -->
<GameData>
  <EnglishText>
    <Row Tag="LOC_MULTIPLAYER_CROSSPLAY_GAME">
      <Text>İnternet (Birleşik Bilgisayar Oyunu)</Text>
    </Row>
    <Row Tag="LOC_MULTIPLAYER_CROSSPLAY_NEW_GAME">
      <Text>[ICON_Exclamation] İnternet (Birleşik PC Oyunu)</Text>
    </Row>
    <Row Tag="LOC_MULTIPLAYER_CROSSPLAY_GAME_OFFLINE">
      <Text>[ICON_CheckFail] İnternet (Birleşik PC Oyunu)</Text>
    </Row>
    <Row Tag="LOC_MULTIPLAYER_CROSSPLAY_NEW_GAME_OFFLINE">
      <Text>[ICON_Exclamation] [ICON_CheckFail] İnternet (Birleşik PC Oyunu)</Text>
    </Row>
    <Row Tag="LOC_MULTIPLAYER_CROSSPLAY_GAME_TT">
      <Text>Diğer platformlardaki kullanıcılara karşı internet üzerinden çok oyunculu bir oyun oynayın.</Text>
    </Row>
    <Row Tag="LOC_MULTIPLAYER_CROSSPLAY_NEW_GAME_TT">
      <Text>Yeni çok oyunculu mod: Diğer platformlardaki kullanıcılara karşı internet üzerinden çok oyunculu bir oyun oynayın.</Text>
    </Row>
    <Row Tag="LOC_MULTIPLAYER_CROSSPLAY_GAME_OFFLINE_TT">
      <Text>Unified Play sunucuları çevrimdışıyken Unified PC Play oyunları kullanılamaz.</Text>
    </Row>
    <Row Tag="LOC_MULTIPLAYER_CROSSPLAY_NEW_GAME_OFFLINE_TT">
      <Text>Yeni çok oyunculu mod: Unified Play sunucuları çevrimdışıyken Unified PC Play oyunları kullanılamaz.</Text>
    </Row>
    <Row Tag="LOC_MULTIPLAYER_CROSSPLAY_GAME_NEW_MODE_TT">
      <Text>Yeni çok oyunculu mod mevcut!</Text>
    </Row>
    <Row Tag="LOC_MULTIPLAYER_CROSSPLAY_LOBBY">
      <Text>BIRLEŞIK PC OYUN OYNAMAK</Text>
    </Row>
    <Row Tag="TXT_KEY_CROSSPLAY_OK">
      <Text>Tamam.</Text>
    </Row>
    <Row Tag="TXT_KEY_CROSSPLAY_LOGIN_ERROR_TITLE">
      <Text>Giriş Hatası</Text>
    </Row>
    <Row Tag="TXT_KEY_CROSSPLAY_LOGIN_ERROR_MESSAGE">
      <Text>Giriş denemenizde bir hata oluştu.</Text>
    </Row>
    <Row Tag="TXT_KEY_CROSSPLAY_AUTHORIZATION_ERROR_MESSAGE">
      <Text>Steam hesabınızı doğrularken bir sorun oluştu.</Text>
    </Row>
    <Row Tag="TXT_KEY_CROSSPLAY_CREATE_USER_ERROR_MESSAGE">
      <Text>Hesabınız için Birleşik Oyun Kimliği oluşturulurken bir sorun yaşandı.</Text>
    </Row>
    <Row Tag="TXT_KEY_EOS_INVITE_TITLE">
      <Text>Davetiye Talep Edildi</Text>
    </Row>
    <Row Tag="TXT_KEY_EOS_PLAYER_INVITE_TEXT">
      <Text>{1_PlayerName} sizi çok oyunculu bir oyun oynamaya davet etti.  Bu oyuna katılmak istiyor musunuz?</Text>
    </Row>
    <Row Tag="TXT_KEY_EOS_PLAYER_INVITE_TEXT_IN_GAME">
      <Text>{1_PlayerName} sizi çok oyunculu bir oyun oynamaya davet etti.  Bu oyuna katılmak istiyor musunuz?  Mevcut ilerlemeniz kaydedilmeyecektir.</Text>
    </Row>
    <Row Tag="TXT_KEY_EOS_INVITE_TEXT">
      <Text>Bir arkadaşınız sizi çok oyunculu bir oyun oynamaya davet etti.  Bu oyuna katılmak istiyor musunuz?</Text>
    </Row>
    <Row Tag="TXT_KEY_EOS_INVITE_TEXT_IN_GAME">
      <Text>Bir arkadaşınız sizi çok oyunculu bir oyun oynamaya davet etti.  Bu oyuna katılmak istiyor musunuz?  Mevcut ilerlemeniz kaydedilmeyecektir.</Text>
    </Row>
  </EnglishText>
</GameData>