﻿<?xml version="1.0" encoding="utf-8"?>
<!-- edited with XMLSPY v2004 rel. 2 U (http://www.xmlspy.com) by Ed Beach (Firaxis Games) -->
<GameData>
  <BaseGameText>
    <Row Tag="LOC_DIFFICULTY_SETTLER_NAME">
      <Text>Yerleşimci</Text>
    </Row>
    <Row Tag="LOC_DIFFICULTY_CHIEFTAIN_NAME">
      <Text>Reis</Text>
    </Row>
    <Row Tag="LOC_DIFFICULTY_WARLORD_NAME">
      <Text>Savaş Lordu</Text>
    </Row>
    <Row Tag="LOC_DIFFICULTY_PRINCE_NAME">
      <Text>Prens</Text>
    </Row>
    <Row Tag="LOC_DIFFICULTY_KING_NAME">
      <Text>Kral</Text>
    </Row>
    <Row Tag="LOC_DIFFICULTY_EMPEROR_NAME">
      <Text>İmparator</Text>
    </Row>
    <Row Tag="LOC_DIFFICULTY_IMMORTAL_NAME">
      <Text>Ölümsüz</Text>
    </Row>
    <Row Tag="LOC_DIFFICULTY_DEITY_NAME">
      <Text>İlah</Text>
    </Row>
  </BaseGameText>
</GameData>