﻿<?xml version="1.0" encoding="utf-8"?>
<GameData>
  <BaseGameText>
    <!-- Default -->
    <Row Tag="LOC_DIPLOMACY_DEFAULT_NOTIFICATION_MESSAGE_INITIAL">
      <Text>Bir mesajınız var</Text>
    </Row>
    <Row Tag="LOC_DIPLOMACY_DEFAULT_NOTIFICATION_SUMMARY_INITIAL">
      <Text>{1_name} size bir mesaj gönderdi.</Text>
    </Row>
    <!-- Declare Friend -->
    <Row Tag="LOC_DIPLOMACY_DECLARE_FRIEND_NOTIFICATION_MESSAGE_INITIAL">
      <Text>Dostluk Beyanı Talebi</Text>
    </Row>
    <Row Tag="LOC_DIPLOMACY_DECLARE_FRIEND_NOTIFICATION_SUMMARY_INITIAL">
      <Text>{1_name} uygarlıklarınız arasında bir dostluk ilan edilmesini talep etti.</Text>
    </Row>
    <Row Tag="LOC_DIPLOMACY_DECLARE_FRIEND_NOTIFICATION_MESSAGE_POSITIVE">
      <Text>Dostluk Beyanı Kabul Edildi</Text>
    </Row>
    <Row Tag="LOC_DIPLOMACY_DECLARE_FRIEND_NOTIFICATION_SUMMARY_POSITIVE">
      <Text>{1_name} dostluk beyanınızı kabul etti.</Text>
    </Row>
    <Row Tag="LOC_DIPLOMACY_DECLARE_FRIEND_NOTIFICATION_MESSAGE_NEGATIVE">
      <Text>Dostluk Beyanı Reddedildi</Text>
    </Row>
    <Row Tag="LOC_DIPLOMACY_DECLARE_FRIEND_NOTIFICATION_SUMMARY_NEGATIVE">
      <Text>{1_name} dostluk beyanınızı reddetti.</Text>
    </Row>
    <!-- Send Delegation -->
    <Row Tag="LOC_DIPLOMACY_SEND_DELEGATION_NOTIFICATION_MESSAGE_INITIAL">
      <Text>Diplomatik Heyet Beklemede</Text>
    </Row>
    <Row Tag="LOC_DIPLOMACY_SEND_DELEGATION_NOTIFICATION_SUMMARY_INITIAL">
      <Text>{1_name} başkentinize [Icon_Capital] diplomatik bir heyet göndermeyi talep etti.</Text>
    </Row>
    <Row Tag="LOC_DIPLOMACY_SEND_DELEGATION_NOTIFICATION_MESSAGE_POSITIVE">
      <Text>Diplomatik Heyet Kabul Edildi</Text>
    </Row>
    <Row Tag="LOC_DIPLOMACY_SEND_DELEGATION_NOTIFICATION_SUMMARY_POSITIVE">
      <Text>{1_name} delegasyonunuzu kabul etmiştir.</Text>
    </Row>
    <Row Tag="LOC_DIPLOMACY_SEND_DELEGATION_NOTIFICATION_MESSAGE_NEGATIVE">
      <Text>Diplomatik Heyet Reddedildi</Text>
    </Row>
    <Row Tag="LOC_DIPLOMACY_SEND_DELEGATION_NOTIFICATION_SUMMARY_NEGATIVE">
      <Text>{1_name} delegasyonunuzu reddetti.</Text>
    </Row>
    <!-- Declare War -->
    <Row Tag="LOC_DIPLOMACY_DECLARE_WAR_NOTIFICATION_MESSAGE_INITIAL">
      <Text>Savaş İlan Edildi</Text>
    </Row>
    <Row Tag="LOC_DIPLOMACY_DECLARE_WAR_NOTIFICATION_SUMMARY_INITIAL">
      <Text>{1_name} uygarlığınıza savaş ilan etti.</Text>
    </Row>
    <!-- Denounce -->
    <Row Tag="LOC_DIPLOMACY_DENOUNCE_NOTIFICATION_MESSAGE_INITIAL">
      <Text>İhbar Edildiniz</Text>
    </Row>
    <Row Tag="LOC_DIPLOMACY_DENOUNCE_NOTIFICATION_SUMMARY_INITIAL">
      <Text>{1_name} medeniyetinizi kınadı.</Text>
    </Row>
    <!-- Embassy -->
    <Row Tag="LOC_DIPLOMACY_EMBASSY_NOTIFICATION_MESSAGE_INITIAL">
      <Text>Talep Edilen Büyükelçilik</Text>
    </Row>
    <Row Tag="LOC_DIPLOMACY_EMBASSY_NOTIFICATION_SUMMARY_INITIAL">
      <Text>{1_name} başkentinizde bir elçilik kurmak istiyor.</Text>
    </Row>
    <Row Tag="LOC_DIPLOMACY_EMBASSY_NOTIFICATION_MESSAGE_POSITIVE">
      <Text>Büyükelçilik Kabul Edildi</Text>
    </Row>
    <Row Tag="LOC_DIPLOMACY_EMBASSY_NOTIFICATION_SUMMARY_POSITIVE">
      <Text>{1_name} elçilik talebinizi kabul etti.</Text>
    </Row>
    <Row Tag="LOC_DIPLOMACY_EMBASSY_NOTIFICATION_MESSAGE_NEGATIVE">
      <Text>Büyükelçilik Reddedildi</Text>
    </Row>
    <Row Tag="LOC_DIPLOMACY_EMBASSY_NOTIFICATION_SUMMARY_NEGATIVE">
      <Text>{1_name} elçilik talebinizi reddetmiştir.</Text>
    </Row>
    <!-- Make Alliance -->
    <Row Tag="LOC_DIPLOMACY_MAKE_ALLIANCE_NOTIFICATION_MESSAGE_INITIAL">
      <Text>İttifak Talep Edildi</Text>
    </Row>
    <Row Tag="LOC_DIPLOMACY_MAKE_ALLIANCE_NOTIFICATION_SUMMARY_INITIAL">
      <Text>{1_name} uluslarınız arasında bir ittifak ilan etmek istiyor.</Text>
    </Row>
    <Row Tag="LOC_DIPLOMACY_MAKE_ALLIANCE_NOTIFICATION_MESSAGE_POSITIVE">
      <Text>İttifak Kabul Edildi</Text>
    </Row>
    <Row Tag="LOC_DIPLOMACY_MAKE_ALLIANCE_NOTIFICATION_SUMMARY_POSITIVE">
      <Text>{1_name} ittifak talebinizi kabul etti.</Text>
    </Row>
    <Row Tag="LOC_DIPLOMACY_MAKE_ALLIANCE_NOTIFICATION_MESSAGE_NEGATIVE">
      <Text>İttifak Reddedildi</Text>
    </Row>
    <Row Tag="LOC_DIPLOMACY_MAKE_ALLIANCE_NOTIFICATION_SUMMARY_NEGATIVE">
      <Text>{1_name} ittifak talebinizi reddetti.</Text>
    </Row>
    <!-- Make Peace -->
    <Row Tag="LOC_DIPLOMACY_MAKE_PEACE_NOTIFICATION_MESSAGE_INITIAL">
      <Text>Barış Talebi</Text>
    </Row>
    <Row Tag="LOC_DIPLOMACY_MAKE_PEACE_NOTIFICATION_SUMMARY_INITIAL">
      <Text>{1_name} uygarlığınızla barış yapmak istiyor.</Text>
    </Row>
    <Row Tag="LOC_DIPLOMACY_MAKE_PEACE_NOTIFICATION_MESSAGE_POSITIVE">
      <Text>Barış Kabul Edildi</Text>
    </Row>
    <Row Tag="LOC_DIPLOMACY_MAKE_PEACE_NOTIFICATION_SUMMARY_POSITIVE">
      <Text>{1_name} barış talebinizi kabul etti.</Text>
    </Row>
    <Row Tag="LOC_DIPLOMACY_MAKE_PEACE_NOTIFICATION_MESSAGE_NEGATIVE">
      <Text>Savaş Devam Ediyor</Text>
    </Row>
    <Row Tag="LOC_DIPLOMACY_MAKE_PEACE_NOTIFICATION_SUMMARY_NEGATIVE">
      <Text>{1_name} barış talebinizi reddetti.</Text>
    </Row>
    <!-- Open Borders -->
    <Row Tag="LOC_DIPLOMACY_OPEN_BORDERS_NOTIFICATION_MESSAGE_INITIAL">
      <Text>Açık Sınır Talebi</Text>
    </Row>
    <Row Tag="LOC_DIPLOMACY_OPEN_BORDERS_NOTIFICATION_SUMMARY_INITIAL">
      <Text>{1_name} uygarlığınızla açık sınırlar talep etti.</Text>
    </Row>
    <Row Tag="LOC_DIPLOMACY_OPEN_BORDERS_NOTIFICATION_MESSAGE_POSITIVE">
      <Text>Açık Sınırlar Kabul Edildi</Text>
    </Row>
    <Row Tag="LOC_DIPLOMACY_OPEN_BORDERS_NOTIFICATION_SUMMARY_POSITIVE">
      <Text>{1_name} açık sınır talebinizi kabul etti.</Text>
    </Row>
    <Row Tag="LOC_DIPLOMACY_OPEN_BORDERS_NOTIFICATION_MESSAGE_NEGATIVE">
      <Text>Açık Sınırlar Reddedildi</Text>
    </Row>
    <Row Tag="LOC_DIPLOMACY_OPEN_BORDERS_NOTIFICATION_SUMMARY_NEGATIVE">
      <Text>{1_name} açık sınır talebinizi reddetmiştir.</Text>
    </Row>
    <!-- Warning -->
    <Row Tag="LOC_DIPLOMACY_WARNING_NOTIFICATION_MESSAGE_INITIAL">
      <Text>Uyarıldınız</Text>
    </Row>
    <Row Tag="LOC_DIPLOMACY_WARNING_NOTIFICATION_SUMMARY_INITIAL">
      <Text>{1_name} size bir uyarı gönderdi.</Text>
    </Row>
    <!-- Defeat -->
    <Row Tag="LOC_DIPLOMACY_DEFEAT_NOTIFICATION_MESSAGE_INITIAL">
      <Text>Oyuncu Yenildi</Text>
    </Row>
    <Row Tag="LOC_DIPLOMACY_DEFEAT_NOTIFICATION_SUMMARY_INITIAL">
      <Text>{1_name} mağlup edilmiştir.</Text>
    </Row>
    <!-- Kudo -->
    <Row Tag="LOC_DIPLOMACY_KUDO_NOTIFICATION_MESSAGE_INITIAL">
      <Text>Bir mesajınız var</Text>
    </Row>
    <Row Tag="LOC_DIPLOMACY_KUDO_NOTIFICATION_SUMMARY_INITIAL">
      <Text>{1_name} size bir mesaj gönderdi.</Text>
    </Row>
    <!-- First Meet -->
    <Row Tag="LOC_DIPLOMACY_FIRST_MEET_NOTIFICATION_MESSAGE_INITIAL">
      <Text>Başka bir uygarlıkla tanıştınız</Text>
    </Row>
    <Row Tag="LOC_DIPLOMACY_FIRST_MEET_NOTIFICATION_SUMMARY_INITIAL">
      <Text>{1_Civ} ile tanıştınız.</Text>
    </Row>
    <!-- Make Deal -->
    <Row Tag="LOC_DIPLOMACY_MAKE_DEAL_NOTIFICATION_MESSAGE_INITIAL">
      <Text>Anlaşma Teklifi</Text>
    </Row>
    <Row Tag="LOC_DIPLOMACY_MAKE_DEAL_NOTIFICATION_SUMMARY_INITIAL">
      <Text>{1_name} uygarlığınızla bir anlaşma yapmak istiyor.</Text>
    </Row>
    <Row Tag="LOC_DIPLOMACY_MAKE_DEAL_NOTIFICATION_MESSAGE_POSITIVE">
      <Text>Anlaşma Kabul Edildi</Text>
    </Row>
    <Row Tag="LOC_DIPLOMACY_MAKE_DEAL_NOTIFICATION_SUMMARY_POSITIVE">
      <Text>{1_name} anlaşmanızı kabul etti.</Text>
    </Row>
    <Row Tag="LOC_DIPLOMACY_MAKE_DEAL_NOTIFICATION_MESSAGE_NEGATIVE">
      <Text>Anlaşma Reddedildi</Text>
    </Row>
    <Row Tag="LOC_DIPLOMACY_MAKE_DEAL_NOTIFICATION_SUMMARY_NEGATIVE">
      <Text>{1_name} anlaşmanızı reddetti.</Text>
    </Row>
    <Row Tag="LOC_DIPLOMACY_MAKE_DEAL_NOTIFICATION_MESSAGE_ADJUSTED">
      <Text>Anlaşma Düzeltilmiş</Text>
    </Row>
    <Row Tag="LOC_DIPLOMACY_MAKE_DEAL_NOTIFICATION_SUMMARY_ADJUSTED">
      <Text>{1_name} anlaşmanızı ayarladı.</Text>
    </Row>
    <Row Tag="LOC_DIPLOMACY_MAKE_DEAL_NOTIFICATION_MESSAGE_DEMANDED">
      <Text>Anlaşma Talep Edildi</Text>
    </Row>
    <Row Tag="LOC_DIPLOMACY_MAKE_DEAL_NOTIFICATION_SUMMARY_DEMANDED">
      <Text>{1_name} bir anlaşma talep etti.</Text>
    </Row>
    <Row Tag="LOC_DIPLOMACY_MAKE_DEAL_NOTIFICATION_MESSAGE_PROPOSED">
      <Text>Anlaşma Önerisi</Text>
    </Row>
    <Row Tag="LOC_DIPLOMACY_MAKE_DEAL_NOTIFICATION_SUMMARY_PROPOSED">
      <Text>{1_name} bir anlaşma önerdi.</Text>
    </Row>
    <Row Tag="LOC_DIPLOMACY_MAKE_DEAL_NOTIFICATION_MESSAGE_EQUALIZE">
      <Text>Anlaşmayı Adil Yapın</Text>
    </Row>
    <Row Tag="LOC_DIPLOMACY_MAKE_DEAL_NOTIFICATION_SUMMARY_EQUALIZE">
      <Text>{1_name} bir anlaşmayı eşitlemenizi istiyor.</Text>
    </Row>
    <Row Tag="LOC_DIPLOMACY_MAKE_DEAL_NOTIFICATION_MESSAGE_CLOSED">
      <Text>Anlaşma Teklifi İptal Edildi</Text>
    </Row>
    <Row Tag="LOC_DIPLOMACY_MAKE_DEAL_NOTIFICATION_SUMMARY_CLOSED">
      <Text>{1_name} bir anlaşma müzakeresini iptal etti.</Text>
    </Row>
  </BaseGameText>
</GameData>