﻿<?xml version="1.0" encoding="utf-8"?>
<!-- edited with XMLSPY v2004 rel. 2 U (http://www.xmlspy.com) by Ed Beach (Firaxis Games) -->
<GameData>
  <BaseGameText>
    <!-- AI accepts from human -->
    <Row Tag="LOC_DIPLO_ACCEPT_MAKE_ALLIANCE_FROM_HUMAN_ANY_ANY">
      <Text>İttifak teklifinizi kabul etmekten memnuniyet duyuyoruz.</Text>
    </Row>
    <!-- AI Rejects from human -->
    <Row Tag="LOC_DIPLO_REJECT_MAKE_ALLIANCE_FROM_HUMAN_ANY_ANY">
      <Text>Şu anda ilgilenmiyoruz.</Text>
    </Row>
    <!-- AI Requests an alliance from human -->
    <Row Tag="LOC_DIPLO_MAKE_ALLIANCE_FROM_AI_ANY_ANY">
      <Text>Bir ittifak kurmak ister misiniz?</Text>
    </Row>
    <Row Tag="LOC_DIPLO_MAKE_ALLIANCE_FROM_AI_LEADER_MVEMBA_ANY">
      <Text>Bir ittifak kurmak ister misiniz?</Text>
    </Row>
    <Row Tag="LOC_DIPLO_MAKE_ALLIANCE_FROM_AI_LEADER_CATHERINE_DE_MEDICI_ANY">
      <Text>Bir ittifak kurmak ister misiniz?</Text>
    </Row>
    <Row Tag="LOC_DIPLO_MAKE_ALLIANCE_FROM_AI_LEADER_CLEOPATRA_ANY">
      <Text>Müttefiklerimi dikkatle seçerim ve seni buna layık buldum.</Text>
    </Row>
    <Row Tag="LOC_DIPLO_MAKE_ALLIANCE_FROM_AI_LEADER_BARBAROSSA_ANY">
      <Text>Bir ittifak kurmak ister misiniz?</Text>
    </Row>
    <Row Tag="LOC_DIPLO_MAKE_ALLIANCE_FROM_AI_LEADER_GANDHI_ANY">
      <Text>Bir ittifak kurmak ister misiniz?</Text>
    </Row>
    <Row Tag="LOC_DIPLO_MAKE_ALLIANCE_FROM_AI_LEADER_GILGAMESH_ANY">
      <Text>Bir ittifak kurmak ister misiniz?</Text>
    </Row>
    <Row Tag="LOC_DIPLO_MAKE_ALLIANCE_FROM_AI_LEADER_GORGO_ANY">
      <Text>Bir ittifak kurmak ister misiniz?</Text>
    </Row>
    <Row Tag="LOC_DIPLO_MAKE_ALLIANCE_FROM_AI_LEADER_HARDRADA_ANY">
      <Text>Bir ittifak kurmak ister misiniz?</Text>
    </Row>
    <Row Tag="LOC_DIPLO_MAKE_ALLIANCE_FROM_AI_LEADER_HOJO_ANY">
      <Text>İmparatorluğumuzun dostu oldunuz. Bir ittifakta bana katılırsanız onur duyarım.</Text>
    </Row>
    <Row Tag="LOC_DIPLO_MAKE_ALLIANCE_FROM_AI_LEADER_PEDRO_ANY">
      <Text>Bir ittifak kurmak ister misiniz?</Text>
    </Row>
    <Row Tag="LOC_DIPLO_MAKE_ALLIANCE_FROM_AI_LEADER_PERICLES_ANY">
      <Text>Bir ittifak kurmak ister misiniz?</Text>
    </Row>
    <Row Tag="LOC_DIPLO_MAKE_ALLIANCE_FROM_AI_LEADER_PETER_GREAT_ANY">
      <Text>Bir ittifak kurmak ister misiniz?</Text>
    </Row>
    <Row Tag="LOC_DIPLO_MAKE_ALLIANCE_FROM_AI_LEADER_PHILIP_II_ANY">
      <Text>Bir ittifak kurmak ister misiniz?</Text>
    </Row>
    <Row Tag="LOC_DIPLO_MAKE_ALLIANCE_FROM_AI_LEADER_QIN_ANY">
      <Text>Bir ittifak kurmak ister misiniz?</Text>
    </Row>
    <Row Tag="LOC_DIPLO_MAKE_ALLIANCE_FROM_AI_LEADER_SALADIN_ANY">
      <Text>Bir ittifak kurmak ister misiniz?</Text>
    </Row>
    <Row Tag="LOC_DIPLO_MAKE_ALLIANCE_FROM_AI_LEADER_T_ROOSEVELT_ANY">
      <Text>Saygımı kazandınız. Bir ittifak kuralım mı?</Text>
    </Row>
    <Row Tag="LOC_DIPLO_MAKE_ALLIANCE_FROM_AI_LEADER_TOMYRIS_ANY">
      <Text>Bir ittifak kurmak ister misiniz?</Text>
    </Row>
    <Row Tag="LOC_DIPLO_MAKE_ALLIANCE_FROM_AI_LEADER_TRAJAN_ANY">
      <Text>Bir ittifak kurmak ister misiniz?</Text>
    </Row>
    <Row Tag="LOC_DIPLO_MAKE_ALLIANCE_FROM_AI_LEADER_VICTORIA_ANY">
      <Text>Bir ittifak kurmak ister misiniz?</Text>
    </Row>
    <!-- Human accepts AI requests, AI responds -->
    <Row Tag="LOC_DIPLO_ACCEPT_MAKE_ALLIANCE_FROM_AI_LEADER_ANY_ANY">
      <Text>Harika.</Text>
    </Row>
    <!-- Human rejects AI requests, AI responds -->
    <Row Tag="LOC_DIPLO_REJECT_MAKE_ALLIANCE_FROM_AI_LEADER_ANY_ANY">
      <Text>Bu talihsiz bir durum.</Text>
    </Row>
    <Row Tag="LOC_DIPLO_MAKE_ALLIANCE_CHOICE_NEGATIVE">
      <Text>Üzgünüm ama şu anda bir ittifaka bağlı kalamayız.</Text>
    </Row>
    <Row Tag="LOC_DIPLO_MAKE_ALLIANCE_CHOICE_POSITIVE">
      <Text>Dünyaya bir ittifakımız olduğunu bildirmekten mutluluk duyarız.</Text>
    </Row>
  </BaseGameText>
</GameData>