﻿<?xml version="1.0" encoding="utf-8"?>
<GameData>
  <BaseGameText>
    <Row Tag="LOC_DIPLOMACY_DISCUSS">
      <Text>Söz İsteyin</Text>
    </Row>
    <Row Tag="LOC_DIPLOMACY_CASUS_BELLI">
      <Text>Casus Belli</Text>
    </Row>
    <Row Tag="LOC_DIPLOMACY_CASUS_BELLI_TT">
      <Text>Casus Belli, savaş ilanı veya şehirlerin ele geçirilmesi için normal Savaş Kışkırtıcısı cezasının azaltıldığı veya ortadan kaldırıldığı savaşa girme nedenlerini temsil eder.</Text>
    </Row>
    <Row Tag="LOC_DIPLOMACY_INTEL_TITLE">
      <Text>İNTEL RAPORU</Text>
    </Row>
    <Row Tag="LOC_DIPLOMACY_INTEL_GOSSIP_COLON">
      <Text>Dedikodu malzemeleri:</Text>
    </Row>
    <Row Tag="LOC_DIPLOMACY_INTEL_GOSSIP_NAME">
      <Text>GOSSIP</Text>
    </Row>
    <Row Tag="LOC_DIPLOMACY_INTEL_ACCESS_LEVEL_COLON">
      <Text>Erişim Seviyesi:</Text>
    </Row>
    <Row Tag="LOC_DIPLOMACY_INTEL_ACCESS_LEVEL">
      <Text>Erişim Seviyesi:</Text>
    </Row>
    <Row Tag="LOC_DIPLOMACY_INTEL_ACCESS_LEVEL_HEADER">
      <Text>ERİŞİM SEVİYESİ</Text>
    </Row>
    <Row Tag="LOC_DIPLOMACY_INTEL_OUR_RELATIONSHIP">
      <Text>İlişkimiz:</Text>
    </Row>
    <Row Tag="LOC_DIPLOMACY_INTEL_OUR_RELATIONSHIP_HEADER">
      <Text>ILIŞKIMIZ</Text>
    </Row>
    <Row Tag="LOC_DIPLOMACY_INTEL_TO_RAISE_RELATIONSHIP">
      <Text>İlişkinizi [COLOR_Civ6Green]yükseltmek[ENDCOLOR] için şunları yapabilirsiniz:[NEWLINE]</Text>
    </Row>
    <Row Tag="LOC_DIPLOMACY_INTEL_TO_LOWER_RELATIONSHIP">
      <Text>İlişkinizi [COLOR_Civ6Red]düşürmek[ENDCOLOR] için şunları yapabilirsiniz:[NEWLINE]</Text>
    </Row>
    <Row Tag="LOC_DIPLOMACY_INTEL_AGREEMENTS">
      <Text>Anlaşmalar:</Text>
    </Row>
    <Row Tag="LOC_DIPLOMACY_INTEL_ADGENDAS">
      <Text>Gündemler:</Text>
    </Row>
    <Row Tag="LOC_DIPLOMACY_INTEL_GOVERNMENT">
      <Text>Hükümet:</Text>
    </Row>
    <Row Tag="LOC_DIPLOMACY_INTEL_RELATIONSHIPS">
      <Text>İlişkiler:</Text>
    </Row>
    <Row Tag="LOC_DIPLOMACY_INTEL_RELATIONSHIP">
      <Text>İlişki</Text>
    </Row>
    <Row Tag="LOC_DIPLOMACY_INTEL_RELATIONSHIP_REASONS">
      <Text>MEVCUT ILIŞKININ NEDENLERI</Text>
    </Row>
    <Row Tag="LOC_DIPLOMACY_INTEL_RELATIONSHIP_NOTHING_ABJECT">
      <Text>Şu anda hiçbir şey ilişkinizi kötü yönde etkilemiyor.</Text>
    </Row>
    <Row Tag="LOC_DIPLOMACY_INTEL_INFORMATION_SHARED_HEADER">
      <Text>Bilgi Paylaşımı:</Text>
    </Row>
    <Row Tag="LOC_DIPLOMACY_INTEL_NEXT_ACCESS_LEVEL_HEADER">
      <Text>Sonraki Erişim Seviyesi:</Text>
    </Row>
    <Row Tag="LOC_DIPLOMACY_INTEL_GAIN_ACCESS_LEVEL_HEADER">
      <Text>Erişim seviyenizi [COLOR_Civ6Green]yükseltmek[ENDCOLOR] için şunları yapabilirsiniz:</Text>
    </Row>
    <Row Tag="LOC_DIPLOMACY_INTEL_LAST_TEN_TURNS">
      <Text>SON ON TUR</Text>
    </Row>
    <Row Tag="LOC_DIPLOMACY_INTEL_OLDER">
      <Text>DAHA ESKİ</Text>
    </Row>
    <Row Tag="LOC_DIPLOMACY_GOSSIP_ITEM_NONE">
      <Text>Hiçbiri</Text>
    </Row>
    <Row Tag="LOC_DIPLOMACY_GOSSIP_ITEM_COUNT">
      <Text>+{1_Value} Yeni {1_Value : plural 1?Report; other?Reports;}</Text>
    </Row>
    <Row Tag="LOC_DIPLOMACY_GOSSIP_ITEM_NONE_THIS_TURN">
      <Text>Yeni Ürün Yok</Text>
    </Row>
    <Row Tag="LOC_DIPLOMACY_GOSSIP_ITEM_NO_RECENT">
      <Text>[COLOR_Grey]Son 10 turda hiçbir şey rapor edilmedi.</Text>
    </Row>
    <Row Tag="LOC_DIPLOMACY_INTEL_HISTORICAL_AGENDA">
      <Text>Tarihsel Gündem</Text>
    </Row>
    <Row Tag="LOC_DIPLOMACY_INTEL_RANDOM_AGENDA">
      <Text>Rastgele Gündemler</Text>
    </Row>
    <Row Tag="LOC_DIPLOMACY_AGENDA_NOT_REVEALED">
      <Text>Rastgele gündem gizlidir. Açığa çıkarmak için GİZLİ seviye erişim kazanın.</Text>
    </Row>
    <Row Tag="LOC_DIPLOMACY_HISTORICAL_AGENDA_NONE">
      <Text>Tarihsel gündem yok</Text>
    </Row>
    <Row Tag="LOC_DIPLOMACY_RANDOM_AGENDA_NONE">
      <Text>Rastgele gündem yok</Text>
    </Row>
    <!-- Used in titles -->
    <Row Tag="LOC_DIPLOMACY_OF">
      <Text>OF</Text>
    </Row>
    <Row Tag="LOC_DIPLOMACY_ADVISOR_OFFER">
      <Text>Uygun bir takas teklif edin.</Text>
    </Row>
    <Row Tag="LOC_DIPLOMACY_ADVISOR_DENOUNCE">
      <Text>{1_Civ}'nin kınadığı bir medeniyeti kınayın.</Text>
    </Row>
    <Row Tag="LOC_DIPLOMACY_ADVISOR_TRADE_ROUTE">
      <Text>{1_Civ} ile bir [ICON_TradeRoute] Ticaret Rotası oluşturun.</Text>
    </Row>
    <Row Tag="LOC_DIPLOMACY_ADVISOR_OPEN_BORDERS">
      <Text>{1_Civ}'ye Açık Sınırlar Verin.</Text>
    </Row>
    <Row Tag="LOC_DIPLOMACY_ADVISOR_DELEGATION_EMBASSY">
      <Text>Bir heyet gönderin veya bir elçilik kurun.</Text>
    </Row>
    <Row Tag="LOC_DIPLOMACY_ADVISOR_POSITIVE_AGENDA">
      <Text>Gündemlerinden birini tatmin et.</Text>
    </Row>
    <Row Tag="LOC_DIPLOMACY_ADVISOR_NEGATIVE_AGENDA">
      <Text>Gündemlerinden birine karşı çık.</Text>
    </Row>
    <Row Tag="LOC_DIPLOMACY_ADVISOR_DENOUNCE_THEM">
      <Text>Bu lideri kınayın.</Text>
    </Row>
    <Row Tag="LOC_DIPLOMACY_ADVISOR_REJECT_PROMISE">
      <Text>İstedikleri bir sözü yerine getirmemek.</Text>
    </Row>
    <Row Tag="LOC_DIPLOMACY_ADVISOR_BREAK_PROMISE">
      <Text>Onlara verdiğiniz bir sözü bozun.</Text>
    </Row>
    <Row Tag="LOC_DIPLOMACY_ADVISOR_DENOUNCE_FRIEND">
      <Text>{1_Civ}'nin bir arkadaşını ihbar edin.</Text>
    </Row>
    <Row Tag="LOC_DIPLOMACY_ADVISOR_DECLARE_FRIENDSHIP">
      <Text>{1_Civ}'nin bilinen bir düşmanı ile Dostluk ilan edin.</Text>
    </Row>
    <Row Tag="LOC_DIPLOMACY_DRAG_BUTTON_TOOLTIP">
      <Text>Yeniden boyutlandırmak için sürükleyin.</Text>
    </Row>
    <Row Tag="LOC_DIPLOMACY_DRAG_BUTTON_CLICK_TOOLTIP">
      <Text>Yeniden boyutlandırmak için tıklayın</Text>
    </Row>
    <Row Tag="LOC_DIPLOMACY_MAKE_DEAL_EQUITABLE">
      <Text>Bu anlaşmayı daha adil hale getirin.</Text>
    </Row>
    <Row Tag="LOC_DIPLOMACY_MAKE_DEAL_EQUITABLE_TOOLTIP">
      <Text>Daha iyi bir anlaşma bulmak için liderle pazarlık yapın.[NEWLINE]Bu, anlaşma masasının HER İKİ TARAFINDAKİ öğeleri değiştirebilir.</Text>
    </Row>
    <Row Tag="LOC_DIPLOMACY_DEAL_MY_OFFER">
      <Text>TEKLİFİM:</Text>
    </Row>
    <Row Tag="LOC_DIPLOMACY_DEAL_THEIR_OFFER">
      <Text>TEKLİFLERİ:</Text>
    </Row>
    <Row Tag="LOC_DIPLOMACY_DEAL_WHAT_IT_WILL_TAKE_TOOLTIP">
      <Text>Bu lidere, bunu onlardan almak için ne gerektiğini sorun. [NEWLINE] Bu sadece anlaşma masasının bizim tarafına öğeler ekleyecektir.</Text>
    </Row>
    <Row Tag="LOC_DIPLOMACY_INTEL_GOSSIP_COLON_TOOLTIP">
      <Text>Erişim Seviyenizin bir sonucu olarak kulak misafiri olduğunuz tüm Dedikoduları görüntüleyin.</Text>
    </Row>
    <Row Tag="LOC_DIPLOMACY_INTEL_OVERVIEW_COLON_TOOLTIP">
      <Text>Genel Bakış</Text>
    </Row>
    <Row Tag="LOC_DIPLOMACY_INTEL_ACCESS_LEVEL_COLON_TOOLTIP">
      <Text>Ne tür Dedikodulara erişebileceğiniz de dahil olmak üzere, bu liderle Erişim Seviyeniz hakkında önemli bilgileri görüntüleyin.</Text>
    </Row>
    <Row Tag="LOC_DIPLOMACY_INTEL_OUR_RELATIONSHIP_TOOLTIP">
      <Text>Mevcut ilişkinizin bilinen nedenleri de dahil olmak üzere bu liderle olan ilişki ayrıntılarınızı görüntüleyin. Burada ek bilgileri ortaya çıkarmak için Erişim Seviyenizi artırın.</Text>
    </Row>
    <Row Tag="LOC_DIPLOMACY_INTEL_ADGENDAS_TOOLTIP">
      <Text>Gündemler, diğer liderlerle olan ilişkilerinizde önemli bir itici güçtür. Liderlerin bir Tarihi Gündemi, bir de Gizli Gündemi vardır. Gizli Gündemi ortaya çıkarmak, bu lideri neyin memnun ettiğini ve neyin memnun etmediğini bilmek açısından önemlidir.</Text>
    </Row>
    <Row Tag="LOC_DIPLOMACY_INTEL_GOVERNMENT_TOOLTIP">
      <Text>Bu uygarlığın benimsediği mevcut hükümet.</Text>
    </Row>
    <Row Tag="LOC_DIPLOMACY_OVERVIEW_GOSSIP">
      <Text>Dedikodu</Text>
    </Row>
    <Row Tag="LOC_DIPLOMACY_OVERVIEW_ACCESS_LEVEL">
      <Text>Erişim Seviyesi</Text>
    </Row>
    <Row Tag="LOC_DIPLOMACY_OVERVIEW_GOVERNMENT">
      <Text>Hükümet</Text>
    </Row>
    <Row Tag="LOC_DIPLOMACY_OVERVIEW_AGENDAS">
      <Text>Gündemler</Text>
    </Row>
    <Row Tag="LOC_DIPLOMACY_OVERVIEW_AGREEMENTS">
      <Text>Anlaşmalar</Text>
    </Row>
    <Row Tag="LOC_DIPLOMACY_OVERVIEW_OUR_RELATIONSHIP">
      <Text>Bizim İlişkimiz</Text>
    </Row>
    <Row Tag="LOC_DIPLOMACY_OVERVIEW_OTHER_RELATIONSHIPS">
      <Text>İlişkiler</Text>
    </Row>
    <Row Tag="LOC_DIPLOMACY_INTEL_REPORT_OVERVIEW">
      <Text>Intel Raporu: Genel Bakış</Text>
    </Row>
    <Row Tag="LOC_DIPLOMACY_INTEL_REPORT_GOSSIP">
      <Text>Intel Raporu : Dedikodu</Text>
    </Row>
    <Row Tag="LOC_DIPLOMACY_INTEL_REPORT_ACCESS_LEVEL">
      <Text>Intel Raporu : Erişim Seviyesi</Text>
    </Row>
    <Row Tag="LOC_DIPLOMACY_INTEL_REPORT_RELATIONSHIP">
      <Text>Intel Raporu : İlişki</Text>
    </Row>
    <Row Tag="LOC_GOVERNMENT_ANARCHY_TURNS">
      <Text>Anarşi ({1_num} {1_Num : plural 1?turn; other?turns;})</Text>
    </Row>
    <Row Tag="LOC_DIPLOMACY_GOVERNMENT_NONE">
      <Text>Hiçbiri</Text>
    </Row>
    <Row Tag="LOC_DIPLOMACY_DENOUNCED_TOOLTIP">
      <Text>{1_CivName}, {2_CivName}'ün kötü eylemlerini kınamıştır.</Text>
    </Row>
    <Row Tag="LOC_DIPLOMACY_DECLARED_FRIENDSHIP_TOOLTIP">
      <Text>{1_CivName}, {2_CivName} ile dostluklarını ilan etti. [{3_RemainingTurns} daha ([4])])</Text>
    </Row>
  </BaseGameText>
</GameData>