﻿<?xml version="1.0" encoding="utf-8"?>
<!-- edited with XMLSPY v2004 rel. 2 U (http://www.xmlspy.com) by Ed Beach (Firaxis Games) -->
<GameData>
  <BaseGameText>
    <!-- AI accepts from human -->
    <Row Tag="LOC_DIPLO_ACCEPT_OPEN_BORDERS_FROM_HUMAN_ANY_ANY">
      <Text>Sınırlarımızı birimlerinize açmaktan mutluluk duyuyoruz.</Text>
    </Row>
    <Row Tag="LOC_DIPLO_ACCEPT_OPEN_BORDERS_FROM_HUMAN_LEADER_MVEMBA_ANY">
      <Text>Sınırlarımızı birimlerinize açmaktan mutluluk duyuyoruz.</Text>
    </Row>
    <Row Tag="LOC_DIPLO_ACCEPT_OPEN_BORDERS_FROM_HUMAN_LEADER_CATHERINE_DE_MEDICI_ANY">
      <Text>Oh, pekala. Devam edebilirsiniz.</Text>
    </Row>
    <Row Tag="LOC_DIPLO_ACCEPT_OPEN_BORDERS_FROM_HUMAN_LEADER_CLEOPATRA_ANY">
      <Text>Antik mirasımıza saygı göstermeniz koşuluyla Mısır'a geçebilirsiniz.</Text>
    </Row>
    <Row Tag="LOC_DIPLO_ACCEPT_OPEN_BORDERS_FROM_HUMAN_LEADER_BARBAROSSA_ANY">
      <Text>Umarım Almanya'nın iyiliği için buna izin veririm.</Text>
    </Row>
    <Row Tag="LOC_DIPLO_ACCEPT_OPEN_BORDERS_FROM_HUMAN_LEADER_GANDHI_ANY">
      <Text>Sınırlarımızı birimlerinize açmaktan mutluluk duyuyoruz.</Text>
    </Row>
    <Row Tag="LOC_DIPLO_ACCEPT_OPEN_BORDERS_FROM_HUMAN_LEADER_GILGAMESH_ANY">
      <Text>Sümer'den geçebilirsin, dostum. Ama halkımı rahatsız etme.</Text>
    </Row>
    <Row Tag="LOC_DIPLO_ACCEPT_OPEN_BORDERS_FROM_HUMAN_LEADER_GORGO_ANY">
      <Text>Size sınırları açacağım, ama Sparta'da oyalanmayın.</Text>
    </Row>
    <Row Tag="LOC_DIPLO_ACCEPT_OPEN_BORDERS_FROM_HUMAN_LEADER_HARDRADA_ANY">
      <Text>Evet, keşfedin. Dünya tek bir yerde kalmak için çok geniş.</Text>
    </Row>
    <Row Tag="LOC_DIPLO_ACCEPT_OPEN_BORDERS_FROM_HUMAN_LEADER_HOJO_ANY">
      <Text>Halkınız sınırlarımızdan geçebilir ama bizim yollarımıza saygı göstermelidir.</Text>
    </Row>
    <Row Tag="LOC_DIPLO_ACCEPT_OPEN_BORDERS_FROM_HUMAN_LEADER_PEDRO_ANY">
      <Text>Sınırlarımızı birimlerinize açmaktan mutluluk duyuyoruz.</Text>
    </Row>
    <Row Tag="LOC_DIPLO_ACCEPT_OPEN_BORDERS_FROM_HUMAN_LEADER_PERICLES_ANY">
      <Text>Evet, Demokrasi'den geçmenize izin vereceğiz. Belki siz bizden bir şeyler öğrenirsiniz, biz de sizden öğreniriz.</Text>
    </Row>
    <Row Tag="LOC_DIPLO_ACCEPT_OPEN_BORDERS_FROM_HUMAN_LEADER_PETER_GREAT_ANY">
      <Text>Pekala, size topraklarımdan geçmeniz için izin veriyorum.</Text>
    </Row>
    <Row Tag="LOC_DIPLO_ACCEPT_OPEN_BORDERS_FROM_HUMAN_LEADER_PHILIP_II_ANY">
      <Text>Evet, topraklarımdan geçebilirsiniz. Bu kadar geniş bir Krallığın geçişini yasaklamak adil olmaz.</Text>
    </Row>
    <Row Tag="LOC_DIPLO_ACCEPT_OPEN_BORDERS_FROM_HUMAN_LEADER_QIN_ANY">
      <Text>Elbette geçebilirsiniz. Orta Krallık için nasıl bir tehdit oluşturabilirsin ki?</Text>
    </Row>
    <Row Tag="LOC_DIPLO_ACCEPT_OPEN_BORDERS_FROM_HUMAN_LEADER_SALADIN_ANY">
      <Text>Evet, topraklarımızdan geçebilirsiniz, bizim topraklarımız olarak kalmaları şartıyla. Savaş yerine bu pazarlığı her zaman kabul edeceğim.</Text>
    </Row>
    <Row Tag="LOC_DIPLO_ACCEPT_OPEN_BORDERS_FROM_HUMAN_LEADER_T_ROOSEVELT_ANY">
      <Text>Sınırlarımızı birimlerinize açmaktan mutluluk duyuyoruz.</Text>
    </Row>
    <Row Tag="LOC_DIPLO_ACCEPT_OPEN_BORDERS_FROM_HUMAN_LEADER_TOMYRIS_ANY">
      <Text>Sınırlarımızı birimlerinize açmaktan mutluluk duyuyoruz.</Text>
    </Row>
    <Row Tag="LOC_DIPLO_ACCEPT_OPEN_BORDERS_FROM_HUMAN_LEADER_TRAJAN_ANY">
      <Text>Sınırlarımızı birimlerinize açmaktan mutluluk duyuyoruz.</Text>
    </Row>
    <Row Tag="LOC_DIPLO_ACCEPT_OPEN_BORDERS_FROM_HUMAN_LEADER_VICTORIA_ANY">
      <Text>Ortak barış arzumuzun minnettarlığıyla güçlerinizi kendi güçlerimiz arasında kabul ediyoruz.</Text>
    </Row>
    <!-- AI rejects from human -->
    <Row Tag="LOC_DIPLO_REJECT_OPEN_BORDERS_FROM_HUMAN_ANY_ANY">
      <Text>Şu anda ilgilenmiyoruz.</Text>
    </Row>
    <Row Tag="LOC_DIPLO_REJECT_OPEN_BORDERS_FROM_HUMAN_LEADER_MVEMBA_ANY">
      <Text>Şu anda ilgilenmiyoruz.</Text>
    </Row>
    <Row Tag="LOC_DIPLO_REJECT_OPEN_BORDERS_FROM_HUMAN_LEADER_CATHERINE_DE_MEDICI_ANY">
      <Text>Ne yazık ki buna izin veremem. Elbette güvenlik için.</Text>
    </Row>
    <Row Tag="LOC_DIPLO_REJECT_OPEN_BORDERS_FROM_HUMAN_LEADER_CLEOPATRA_ANY">
      <Text>Mısır'a giremezsiniz. Sadece layık olanlar bu topraklara ayak basabilir.</Text>
    </Row>
    <Row Tag="LOC_DIPLO_REJECT_OPEN_BORDERS_FROM_HUMAN_LEADER_BARBAROSSA_ANY">
      <Text>Düşmanlarımın topraklarımdan geçmesine izin verecek kadar aptal doğmadım.</Text>
    </Row>
    <Row Tag="LOC_DIPLO_REJECT_OPEN_BORDERS_FROM_HUMAN_LEADER_GANDHI_ANY">
      <Text>Şu anda ilgilenmiyoruz.</Text>
    </Row>
    <Row Tag="LOC_DIPLO_REJECT_OPEN_BORDERS_FROM_HUMAN_LEADER_GILGAMESH_ANY">
      <Text>Hayır, Sümer'den geçemezsiniz. Sadece gerçek müttefiklerim girebilir.</Text>
    </Row>
    <Row Tag="LOC_DIPLO_REJECT_OPEN_BORDERS_FROM_HUMAN_LEADER_GORGO_ANY">
      <Text>Eurotas'ta yıkanmamış olan sen - agoge hakkında hiçbir şey bilmeyen sen - Sparta'dan geçemezsin.</Text>
    </Row>
    <Row Tag="LOC_DIPLO_REJECT_OPEN_BORDERS_FROM_HUMAN_LEADER_HARDRADA_ANY">
      <Text>Krallığımı böyle bir ihanet yüzünden zaten bir kez kaybettim... Bunu bir daha yapmayacağım.</Text>
    </Row>
    <Row Tag="LOC_DIPLO_REJECT_OPEN_BORDERS_FROM_HUMAN_LEADER_HOJO_ANY">
      <Text>Saf Topraklar sizin için reddedildi. Kendinize "neden?" diye sorun.</Text>
    </Row>
    <Row Tag="LOC_DIPLO_REJECT_OPEN_BORDERS_FROM_HUMAN_LEADER_PEDRO_ANY">
      <Text>Şu anda ilgilenmiyoruz.</Text>
    </Row>
    <Row Tag="LOC_DIPLO_REJECT_OPEN_BORDERS_FROM_HUMAN_LEADER_PERICLES_ANY">
      <Text>Ne yazık ki, Demokrasi şu anda geçişinize izin verilmemesi yönünde oy kullanmıştır.</Text>
    </Row>
    <Row Tag="LOC_DIPLO_REJECT_OPEN_BORDERS_FROM_HUMAN_LEADER_PETER_GREAT_ANY">
      <Text>Anavatana potansiyel bir tehdit oluşturamam. Umarım anlayabilirsiniz.</Text>
    </Row>
    <Row Tag="LOC_DIPLO_REJECT_OPEN_BORDERS_FROM_HUMAN_LEADER_PHILIP_II_ANY">
      <Text>Kirli yöntemlerinizle tebaamı yozlaştırmanıza izin vermeyeceğim.</Text>
    </Row>
    <Row Tag="LOC_DIPLO_REJECT_OPEN_BORDERS_FROM_HUMAN_LEADER_QIN_ANY">
      <Text>Hayır, yabancıların harikulade imparatorluğumuzu bozmasına izin vermeyeceğim.</Text>
    </Row>
    <Row Tag="LOC_DIPLO_REJECT_OPEN_BORDERS_FROM_HUMAN_LEADER_SALADIN_ANY">
      <Text>Tek gerçek Tanrı'nın lütfu ve merhameti sayesinde, yabancıların onun kutsal topraklarını bozmasına izin veremem.</Text>
    </Row>
    <Row Tag="LOC_DIPLO_REJECT_OPEN_BORDERS_FROM_HUMAN_LEADER_T_ROOSEVELT_ANY">
      <Text>Şu anda ilgilenmiyoruz.</Text>
    </Row>
    <Row Tag="LOC_DIPLO_REJECT_OPEN_BORDERS_FROM_HUMAN_LEADER_TOMYRIS_ANY">
      <Text>Şu anda ilgilenmiyoruz.</Text>
    </Row>
    <Row Tag="LOC_DIPLO_REJECT_OPEN_BORDERS_FROM_HUMAN_LEADER_TRAJAN_ANY">
      <Text>Şu anda ilgilenmiyoruz.</Text>
    </Row>
    <Row Tag="LOC_DIPLO_REJECT_OPEN_BORDERS_FROM_HUMAN_LEADER_VICTORIA_ANY">
      <Text>Halkımın güvenliği için maalesef talebinizi reddetmek zorundayım. Umarım anlayabilirsiniz.</Text>
    </Row>
    <!-- AI requests from human -->
    <Row Tag="LOC_DIPLO_OPEN_BORDERS_FROM_AI_ANY_ANY">
      <Text>Birimlerimizin bölgenizden geçmesine izin verecek misiniz?</Text>
    </Row>
    <Row Tag="LOC_DIPLO_OPEN_BORDERS_FROM_AI_LEADER_MVEMBA_ANY">
      <Text>Birimlerimizin bölgenizden geçmesine izin verecek misiniz?</Text>
    </Row>
    <Row Tag="LOC_DIPLO_OPEN_BORDERS_FROM_AI_LEADER_CATHERINE_DE_MEDICI_ANY">
      <Text>Ordum topraklarınızdan geçmek için izin istiyor. Barışçıl bir şekilde elbette.</Text>
    </Row>
    <Row Tag="LOC_DIPLO_OPEN_BORDERS_FROM_AI_LEADER_CLEOPATRA_ANY">
      <Text>Halkımın topraklarınızdan geçmesine izin verin. Buna değmesini sağlayacağım...</Text>
    </Row>
    <Row Tag="LOC_DIPLO_OPEN_BORDERS_FROM_AI_LEADER_BARBAROSSA_ANY">
      <Text>Ordumu topraklarınızdan geçirmeliyim. Buna izin verecek misiniz?</Text>
    </Row>
    <Row Tag="LOC_DIPLO_OPEN_BORDERS_FROM_AI_LEADER_GANDHI_ANY">
      <Text>Birimlerimizin bölgenizden geçmesine izin verecek misiniz?</Text>
    </Row>
    <Row Tag="LOC_DIPLO_OPEN_BORDERS_FROM_AI_LEADER_GILGAMESH_ANY">
      <Text>Gılgamış düşmanlarını ezmek için topraklarınızdan geçiyor, değil mi?</Text>
    </Row>
    <Row Tag="LOC_DIPLO_OPEN_BORDERS_FROM_AI_LEADER_GORGO_ANY">
      <Text>Spartalılarım topraklarınızdan geçmek istiyor, onlara cesaret şansı tanımayacak mısınız?</Text>
    </Row>
    <Row Tag="LOC_DIPLO_OPEN_BORDERS_FROM_AI_LEADER_HARDRADA_ANY">
      <Text>Vikinglerimin geçmesine izin verecek misiniz? Huzursuz olduklarında asi olurlar.</Text>
    </Row>
    <Row Tag="LOC_DIPLO_OPEN_BORDERS_FROM_AI_LEADER_HOJO_ANY">
      <Text>Sınırlarınızdan geçmek için naçizane izin istiyorum. Barışı koruyacağız.</Text>
    </Row>
    <Row Tag="LOC_DIPLO_OPEN_BORDERS_FROM_AI_LEADER_PEDRO_ANY">
      <Text>Birimlerimizin bölgenizden geçmesine izin verecek misiniz?</Text>
    </Row>
    <Row Tag="LOC_DIPLO_OPEN_BORDERS_FROM_AI_LEADER_PERICLES_ANY">
      <Text>Atina sizin bölgenizden geçmek istiyor. İzin verecek misiniz?</Text>
    </Row>
    <Row Tag="LOC_DIPLO_OPEN_BORDERS_FROM_AI_LEADER_PETER_GREAT_ANY">
      <Text>Halkım topraklarınızdan geçip bu dünyayı daha yakından görmek istiyor. Buna izin verir misiniz?</Text>
    </Row>
    <Row Tag="LOC_DIPLO_OPEN_BORDERS_FROM_AI_LEADER_PHILIP_II_ANY">
      <Text>İspanya Krallığı topraklarınızdan geçmeyi rica ediyor. Size zarar vermek istemiyoruz.</Text>
    </Row>
    <Row Tag="LOC_DIPLO_OPEN_BORDERS_FROM_AI_LEADER_QIN_ANY">
      <Text>Bölgenizden geçmeli ve alçakgönüllülükle alanınıza girmek için izin istemeliyiz.</Text>
    </Row>
    <Row Tag="LOC_DIPLO_OPEN_BORDERS_FROM_AI_LEADER_SALADIN_ANY">
      <Text>Halkımın topraklarınızdan geçmesine izin verecek misiniz? Sizi temin ederim ki barışçıl olacaklar.</Text>
    </Row>
    <Row Tag="LOC_DIPLO_OPEN_BORDERS_FROM_AI_LEADER_T_ROOSEVELT_ANY">
      <Text>Birimlerimizin bölgenizden geçmesine izin verecek misiniz?</Text>
    </Row>
    <Row Tag="LOC_DIPLO_OPEN_BORDERS_FROM_AI_LEADER_TOMYRIS_ANY">
      <Text>Birimlerimizin bölgenizden geçmesine izin verecek misiniz?</Text>
    </Row>
    <Row Tag="LOC_DIPLO_OPEN_BORDERS_FROM_AI_LEADER_TRAJAN_ANY">
      <Text>Birimlerimizin bölgenizden geçmesine izin verecek misiniz?</Text>
    </Row>
    <Row Tag="LOC_DIPLO_OPEN_BORDERS_FROM_AI_LEADER_VICTORIA_ANY">
      <Text>Askerlerimizin sizin bölgenizden geçmesi için naçizane izin talep ediyoruz. Ne diyorsunuz?</Text>
    </Row>
    <!-- Human accepts AI, AI respones -->
    <Row Tag="LOC_DIPLO_ACCEPT_OPEN_BORDERS_FROM_AI_ANY_ANY">
      <Text>Mükemmel!</Text>
    </Row>
    <!-- Human rejects AI, AI respones -->
    <Row Tag="LOC_DIPLO_REJECT_OPEN_BORDERS_FROM_AI_ANY_ANY">
      <Text>Bu talihsiz bir durum.</Text>
    </Row>
    <!-- Selections -->
    <Row Tag="LOC_DIPLO_OPEN_BORDERS_CHOICE_NEGATIVE">
      <Text>Şu anda ordunuzun sınırlarımıza girmesine izin vermeyeceğiz.</Text>
    </Row>
    <Row Tag="LOC_DIPLO_OPEN_BORDERS_CHOICE_POSITIVE">
      <Text>Birlikleriniz topraklarımızdan geçebilir.</Text>
    </Row>
  </BaseGameText>
</GameData>