﻿<?xml version="1.0" encoding="utf-8"?>
<GameData>
  <BaseGameText>
    <!-- AI accepts from human -->
    <Row Tag="LOC_DIPLO_MAKE_PEACE_AI_ACCEPT_DEAL_ANY_ANY">
      <Text>Barış şartlarınızı kabul ediyorum.</Text>
    </Row>
    <Row Tag="LOC_DIPLO_MAKE_PEACE_AI_ACCEPT_DEAL_LEADER_MVEMBA_ANY">
      <Text>Barış sizinle olsun.</Text>
    </Row>
    <Row Tag="LOC_DIPLO_MAKE_PEACE_AI_ACCEPT_DEAL_LEADER_CATHERINE_DE_MEDICI_ANY">
      <Text>Bir savaş kışkırtıcısı olarak hatırlanmak istemiyorum. Farklılıklarımızı bir kenara bırakalım.</Text>
    </Row>
    <Row Tag="LOC_DIPLO_MAKE_PEACE_AI_ACCEPT_DEAL_LEADER_CLEOPATRA_ANY">
      <Text>İtiraf etmeliyim ki, seninle huzur içinde olmayı tercih ederim.</Text>
    </Row>
    <Row Tag="LOC_DIPLO_MAKE_PEACE_AI_ACCEPT_DEAL_LEADER_BARBAROSSA_ANY">
      <Text>Cesurca savaştınız ve barışı hak ettiniz. Ateşkes teklif etmekten mutluluk duyarız.</Text>
    </Row>
    <Row Tag="LOC_DIPLO_MAKE_PEACE_AI_ACCEPT_DEAL_LEADER_GANDHI_ANY">
      <Text>Evet, evet. Bu iyi bir şey.</Text>
    </Row>
    <Row Tag="LOC_DIPLO_MAKE_PEACE_AI_ACCEPT_DEAL_LEADER_GILGAMESH_ANY">
      <Text>Güçlü bir rakibe saygı duyarım. Barış içinde olalım.</Text>
    </Row>
    <Row Tag="LOC_DIPLO_MAKE_PEACE_AI_ACCEPT_DEAL_LEADER_GORGO_ANY">
      <Text>Bu savaş artık sona erdi. Eğer yaşamak istiyorsanız, barış yapabilirsiniz.</Text>
    </Row>
    <Row Tag="LOC_DIPLO_MAKE_PEACE_AI_ACCEPT_DEAL_LEADER_HARDRADA_ANY">
      <Text>Çok iyi.</Text>
    </Row>
    <Row Tag="LOC_DIPLO_MAKE_PEACE_AI_ACCEPT_DEAL_LEADER_HOJO_ANY">
      <Text>Savaş alanında dengimi bulmaktan onur duyuyorum. Böyle büyük bir savaşçıyı yok etmektense kılıcımı kınına sokarım.</Text>
    </Row>
    <Row Tag="LOC_DIPLO_MAKE_PEACE_AI_ACCEPT_DEAL_LEADER_PEDRO_ANY">
      <Text>Barış şartlarınızı kabul ediyorum.</Text>
    </Row>
    <Row Tag="LOC_DIPLO_MAKE_PEACE_AI_ACCEPT_DEAL_LEADER_PERICLES_ANY">
      <Text>İyi bir teklif, kabul ediyoruz.</Text>
    </Row>
    <Row Tag="LOC_DIPLO_MAKE_PEACE_AI_ACCEPT_DEAL_LEADER_PETER_GREAT_ANY">
      <Text>Ölümden çok yaşamı sürdürmekle ilgileniyorum. Aramızda barış olsun.</Text>
    </Row>
    <Row Tag="LOC_DIPLO_MAKE_PEACE_AI_ACCEPT_DEAL_LEADER_PHILIP_II_ANY">
      <Text>Size ve İmparatorluğunuza barış. Savaştan yorulduk.</Text>
    </Row>
    <Row Tag="LOC_DIPLO_MAKE_PEACE_AI_ACCEPT_DEAL_LEADER_QIN_ANY">
      <Text>Etkilendik. Aramızda barış olsun.</Text>
    </Row>
    <Row Tag="LOC_DIPLO_MAKE_PEACE_AI_ACCEPT_DEAL_LEADER_SALADIN_ANY">
      <Text>Bu kadar çok savaş yaşamışken şimdi bilgeliği ve barışı tanıyalım.</Text>
    </Row>
    <Row Tag="LOC_DIPLO_MAKE_PEACE_AI_ACCEPT_DEAL_LEADER_T_ROOSEVELT_ANY">
      <Text>Kendi hak ve çıkarlarını korumak ulusumuzun görevidir. Bu görev tamamlandı; barış içinde ilerleyelim.</Text>
    </Row>
    <Row Tag="LOC_DIPLO_MAKE_PEACE_AI_ACCEPT_DEAL_LEADER_TOMYRIS_ANY">
      <Text>Barış şartlarınızı kabul ediyorum.</Text>
    </Row>
    <Row Tag="LOC_DIPLO_MAKE_PEACE_AI_ACCEPT_DEAL_LEADER_TRAJAN_ANY">
      <Text>Evet, ateşkes ilan edelim. Bu savaş bizi hiçbir yere götürmüyor.</Text>
    </Row>
    <Row Tag="LOC_DIPLO_MAKE_PEACE_AI_ACCEPT_DEAL_LEADER_VICTORIA_ANY">
      <Text>Büyük Britanya ve İrlanda Birleşik Krallığı adına, iki ulusumuz arasındaki bu barışı onaylıyorum.</Text>
    </Row>
    <!-- AI refuses human -->
    <Row Tag="LOC_DIPLO_MAKE_PEACE_AI_REFUSE_DEAL_ANY_ANY">
      <Text>Aramızda barış olamaz!</Text>
    </Row>
    <Row Tag="LOC_DIPLO_MAKE_PEACE_AI_REFUSE_DEAL_LEADER_MVEMBA_ANY">
      <Text>Evet diyemem.</Text>
    </Row>
    <Row Tag="LOC_DIPLO_MAKE_PEACE_AI_REFUSE_DEAL_LEADER_CATHERINE_DE_MEDICI_ANY">
      <Text>Kesinlikle olmaz.</Text>
    </Row>
    <Row Tag="LOC_DIPLO_MAKE_PEACE_AI_REFUSE_DEAL_LEADER_CLEOPATRA_ANY">
      <Text>Hayır! Bunu kabul etmiyorum!</Text>
    </Row>
    <Row Tag="LOC_DIPLO_MAKE_PEACE_AI_REFUSE_DEAL_LEADER_BARBAROSSA_ANY">
      <Text>Ben yaşarken olmaz.</Text>
    </Row>
    <Row Tag="LOC_DIPLO_MAKE_PEACE_AI_REFUSE_DEAL_LEADER_GANDHI_ANY">
      <Text>Üzgünüm ama hayır.</Text>
    </Row>
    <Row Tag="LOC_DIPLO_MAKE_PEACE_AI_REFUSE_DEAL_LEADER_GILGAMESH_ANY">
      <Text>Gılgamış reddediyor.</Text>
    </Row>
    <Row Tag="LOC_DIPLO_MAKE_PEACE_AI_REFUSE_DEAL_LEADER_GORGO_ANY">
      <Text>Bunu daha sonra düşüneceğim.</Text>
    </Row>
    <Row Tag="LOC_DIPLO_MAKE_PEACE_AI_REFUSE_DEAL_LEADER_HARDRADA_ANY">
      <Text>Hayır. Kabul edemem.</Text>
    </Row>
    <Row Tag="LOC_DIPLO_MAKE_PEACE_AI_REFUSE_DEAL_LEADER_HOJO_ANY">
      <Text>Ben yaşarken olmaz.</Text>
    </Row>
    <Row Tag="LOC_DIPLO_MAKE_PEACE_AI_REFUSE_DEAL_LEADER_PEDRO_ANY">
      <Text>Aramızda barış olamaz!</Text>
    </Row>
    <Row Tag="LOC_DIPLO_MAKE_PEACE_AI_REFUSE_DEAL_LEADER_PERICLES_ANY">
      <Text>Atina geriliyor.</Text>
    </Row>
    <Row Tag="LOC_DIPLO_MAKE_PEACE_AI_REFUSE_DEAL_LEADER_PETER_GREAT_ANY">
      <Text>Tüm Ruslar için değil.</Text>
    </Row>
    <Row Tag="LOC_DIPLO_MAKE_PEACE_AI_REFUSE_DEAL_LEADER_PHILIP_II_ANY">
      <Text>Hayır, Tanrı aşkına!</Text>
    </Row>
    <Row Tag="LOC_DIPLO_MAKE_PEACE_AI_REFUSE_DEAL_LEADER_QIN_ANY">
      <Text>Yalvarışlarınızı görmezden geleceğiz.</Text>
    </Row>
    <Row Tag="LOC_DIPLO_MAKE_PEACE_AI_REFUSE_DEAL_LEADER_SALADIN_ANY">
      <Text>Daha iyi bir teklif yapmalısın.</Text>
    </Row>
    <Row Tag="LOC_DIPLO_MAKE_PEACE_AI_REFUSE_DEAL_LEADER_T_ROOSEVELT_ANY">
      <Text>Ciddi olamazsın!</Text>
    </Row>
    <Row Tag="LOC_DIPLO_MAKE_PEACE_AI_REFUSE_DEAL_LEADER_TOMYRIS_ANY">
      <Text>Aramızda barış olamaz!</Text>
    </Row>
    <Row Tag="LOC_DIPLO_MAKE_PEACE_AI_REFUSE_DEAL_LEADER_TRAJAN_ANY">
      <Text>Tüm İmparatorluğunuz için değil.</Text>
    </Row>
    <Row Tag="LOC_DIPLO_MAKE_PEACE_AI_REFUSE_DEAL_LEADER_VICTORIA_ANY">
      <Text>Kesinlikle hayır.</Text>
    </Row>
    <!-- AI requests from human -->
    <Row Tag="LOC_DIPLO_MAKE_PEACE_FROM_AI_ANY_ANY">
      <Text>Barış, tamam mı?</Text>
    </Row>
    <Row Tag="LOC_DIPLO_MAKE_PEACE_FROM_AI_LEADER_MVEMBA_ANY">
      <Text>Bu savaşın sona ermesine izin verin. Bunun yerine barışın kutsal ışığında yürüyelim.</Text>
    </Row>
    <Row Tag="LOC_DIPLO_MAKE_PEACE_FROM_AI_LEADER_CATHERINE_DE_MEDICI_ANY">
      <Text>Sevdiklerimizin hatırı için yalvarıyorum, aramızda barış olsun.</Text>
    </Row>
    <Row Tag="LOC_DIPLO_MAKE_PEACE_FROM_AI_LEADER_CLEOPATRA_ANY">
      <Text>Barış savaştan çok daha ilginç, sizce de öyle değil mi?</Text>
    </Row>
    <Row Tag="LOC_DIPLO_MAKE_PEACE_FROM_AI_LEADER_BARBAROSSA_ANY">
      <Text>Halkınızı iyi savundunuz. Eğer kabul ederseniz, şimdi size barış vereceğim.</Text>
    </Row>
    <Row Tag="LOC_DIPLO_MAKE_PEACE_FROM_AI_LEADER_GANDHI_ANY">
      <Text>Göze göz sadece dünyayı kör eder. Bunun yerine barışa sahip olalım.</Text>
    </Row>
    <Row Tag="LOC_DIPLO_MAKE_PEACE_FROM_AI_LEADER_GILGAMESH_ANY">
      <Text>Yeraltı dünyasının derinliklerinden Ea'nın dağlarına kadar, senin kadar güçlü bir rakiple hiç savaşmadım. Barış yapalım.</Text>
    </Row>
    <Row Tag="LOC_DIPLO_MAKE_PEACE_FROM_AI_LEADER_GORGO_ANY">
      <Text>Dinlenmeyi hak ettiniz... Huzur mu?</Text>
    </Row>
    <Row Tag="LOC_DIPLO_MAKE_PEACE_FROM_AI_LEADER_HARDRADA_ANY">
      <Text>Eğer istersen sana barış veririm. İkimizin de sayacak ganimeti var.</Text>
    </Row>
    <Row Tag="LOC_DIPLO_MAKE_PEACE_FROM_AI_LEADER_HOJO_ANY">
      <Text>Uğruna savaşacak bir şey kalmadı. Bunun yerine eylemlerimiz üzerinde düşünelim.</Text>
    </Row>
    <Row Tag="LOC_DIPLO_MAKE_PEACE_FROM_AI_LEADER_PEDRO_ANY">
      <Text>Barış zamanı geldi. Katılıyor musunuz?</Text>
    </Row>
    <Row Tag="LOC_DIPLO_MAKE_PEACE_FROM_AI_LEADER_PERICLES_ANY">
      <Text>Demokrasi barış için oy verdi. Bu savaşın sona ermesini kabul edecek misiniz?</Text>
    </Row>
    <Row Tag="LOC_DIPLO_MAKE_PEACE_FROM_AI_LEADER_PETER_GREAT_ANY">
      <Text>Eğer müzakere etmeye istekliyseniz, bu savaşı sona erdirmek için ortak bir zemin bulabilirim.</Text>
    </Row>
    <Row Tag="LOC_DIPLO_MAKE_PEACE_FROM_AI_LEADER_PHILIP_II_ANY">
      <Text>Aramızda Tanrı'nın esenliği olsun.</Text>
    </Row>
    <Row Tag="LOC_DIPLO_MAKE_PEACE_FROM_AI_LEADER_QIN_ANY">
      <Text>Barış zamanı geldi. Bu savaşı bitirelim.</Text>
    </Row>
    <Row Tag="LOC_DIPLO_MAKE_PEACE_FROM_AI_LEADER_SALADIN_ANY">
      <Text>Barış senin ve ikimizin üzerine olsun. Bu savaşı bitirmeme yardım edecek misin?</Text>
    </Row>
    <Row Tag="LOC_DIPLO_MAKE_PEACE_FROM_AI_LEADER_T_ROOSEVELT_ANY">
      <Text>Ülkenin çıkarlarını korudum ve haklarımızı muhafaza ettim. Bu iş tamamlandı. Artık barış içinde yaşayabiliriz.</Text>
    </Row>
    <Row Tag="LOC_DIPLO_MAKE_PEACE_FROM_AI_LEADER_TOMYRIS_ANY">
      <Text>Barış zamanı geldi. Katılıyor musunuz?</Text>
    </Row>
    <Row Tag="LOC_DIPLO_MAKE_PEACE_FROM_AI_LEADER_TRAJAN_ANY">
      <Text>Savaş, korkunç savaş! Bunun yerine bir Roma barışı yapalım. Cevabınız nedir?</Text>
    </Row>
    <Row Tag="LOC_DIPLO_MAKE_PEACE_FROM_AI_LEADER_VICTORIA_ANY">
      <Text>Karşılıklı memnuniyetimizi sağlayacak bir anlaşmaya varılabileceğini düşünmeden edemiyoruz.</Text>
    </Row>
    <!-- Human accepts, AI responds -->
    <Row Tag="LOC_DIPLO_ACCEPT_MAKE_PEACE_FROM_AI_ANY_ANY">
      <Text>Savaş sona erdi.</Text>
    </Row>
    <!-- Human rejects, AI responds -->
    <Row Tag="LOC_DIPLO_REJECT_MAKE_PEACE_FROM_AI_ANY_ANY">
      <Text>O zaman savaş devam eder.</Text>
    </Row>
    <!-- Choices -->
    <Row Tag="LOC_DIPLO_MAKE_PEACE_CHOICE_NEGATIVE">
      <Text>Barış Anlaşmasını Reddetmek</Text>
    </Row>
    <Row Tag="LOC_DIPLO_MAKE_PEACE_CHOICE_POSITIVE">
      <Text>Barış Anlaşmasını Kabul Et</Text>
    </Row>
  </BaseGameText>
</GameData>