﻿<?xml version="1.0" encoding="utf-8"?>
<!-- edited with XMLSPY v2004 rel. 2 U (http://www.xmlspy.com) by Ed Beach (Firaxis Games) -->
<GameData>
  <BaseGameText>
    <!-- AI Accepts -->
    <Row Tag="LOC_DIPLO_ACCEPT_DELEGATION_FROM_HUMAN_ANY_ANY">
      <Text>Heyetinizi başkentimizde ağırlamaktan mutluluk duyuyoruz.</Text>
    </Row>
    <Row Tag="LOC_DIPLO_ACCEPT_DELEGATION_FROM_HUMAN_LEADER_MVEMBA_ANY">
      <Text>Ticaret heyetiniz başkentime ulaştı ve biz de onları kollarımızı açarak karşıladık. Ve hediyeleriniz için teşekkür ederim.</Text>
    </Row>
    <Row Tag="LOC_DIPLO_ACCEPT_DELEGATION_FROM_HUMAN_LEADER_CATHERINE_DE_MEDICI_ANY">
      <Text>Heyetinizi sarayda kabul ettik. Teşekkür ederiz. Hediyelerin kıymetini bileceğiz.</Text>
    </Row>
    <Row Tag="LOC_DIPLO_ACCEPT_DELEGATION_FROM_HUMAN_LEADER_CLEOPATRA_ANY">
      <Text>Ticaret heyetinizden Yeni İsis'e yaptığınız teklifleri aldım. Nezaketinizi unutmayacağım.</Text>
    </Row>
    <Row Tag="LOC_DIPLO_ACCEPT_DELEGATION_FROM_HUMAN_LEADER_BARBAROSSA_ANY">
      <Text>Elçiniz geldi ve onları şahsen karşıladım. İmparatorluğumuz diplomasiden faydalanabilir.</Text>
    </Row>
    <Row Tag="LOC_DIPLO_ACCEPT_DELEGATION_FROM_HUMAN_LEADER_GANDHI_ANY">
      <Text>Çok naziksin dostum. Hediyeleriniz ticaret heyetinizle birlikte geldi ve onlara şahsen teşekkür ettim.</Text>
    </Row>
    <Row Tag="LOC_DIPLO_ACCEPT_DELEGATION_FROM_HUMAN_LEADER_GILGAMESH_ANY">
      <Text>Gılgamış haraçlarınızı ve elçinizi kabul etti. Uruk'a girmelerine izin verecek.</Text>
    </Row>
    <Row Tag="LOC_DIPLO_ACCEPT_DELEGATION_FROM_HUMAN_LEADER_GORGO_ANY">
      <Text>Spartalılar maddi şeylerle ilgilenmezler ama heyetinizin bana getirdiği hediyeler için teşekkür ederim.</Text>
    </Row>
    <Row Tag="LOC_DIPLO_ACCEPT_DELEGATION_FROM_HUMAN_LEADER_HARDRADA_ANY">
      <Text>Heyetiniz geldi. Onları uzun evde bir ziyafetle karşıladık.</Text>
    </Row>
    <Row Tag="LOC_DIPLO_ACCEPT_DELEGATION_FROM_HUMAN_LEADER_HOJO_ANY">
      <Text>Heyetiniz geldi ve cömertliğiniz karşısında boynumuz bükük kaldı.</Text>
    </Row>
    <Row Tag="LOC_DIPLO_ACCEPT_DELEGATION_FROM_HUMAN_LEADER_PEDRO_ANY">
      <Text>Heyetinizi başkentimizde ağırlamaktan mutluluk duyuyoruz.</Text>
    </Row>
    <Row Tag="LOC_DIPLO_ACCEPT_DELEGATION_FROM_HUMAN_LEADER_PERICLES_ANY">
      <Text>İnsanlar delegasyonunuzu ve hediyelerinizi memnuniyetle kabul etti. Teşekkür ederim.</Text>
    </Row>
    <Row Tag="LOC_DIPLO_ACCEPT_DELEGATION_FROM_HUMAN_LEADER_PETER_GREAT_ANY">
      <Text>Ticaret heyetiniz geldi ve yurtdışından gelen ziyaretçileri ağırlamaktan her zaman mutluluk duyarım, özellikle de hediye getirdiklerinde.</Text>
    </Row>
    <Row Tag="LOC_DIPLO_ACCEPT_DELEGATION_FROM_HUMAN_LEADER_PHILIP_II_ANY">
      <Text>Heret'i, yani ticaret heyetinizi kabul ettik. Onlara bizim yöntemlerimizi öğreteceğimden emin olabilirsiniz.</Text>
    </Row>
    <Row Tag="LOC_DIPLO_ACCEPT_DELEGATION_FROM_HUMAN_LEADER_QIN_ANY">
      <Text>Ticaret heyetinizi ağırlamaktan mutluluk duyuyoruz. Kendilerine hak ettikleri onurla muamele edilecektir.</Text>
    </Row>
    <Row Tag="LOC_DIPLO_ACCEPT_DELEGATION_FROM_HUMAN_LEADER_SALADIN_ANY">
      <Text>Hediyeleriniz için binlerce kez teşekkürler. Heyetinize en üst düzeyde saygı gösterilecektir.</Text>
    </Row>
    <Row Tag="LOC_DIPLO_ACCEPT_DELEGATION_FROM_HUMAN_LEADER_T_ROOSEVELT_ANY">
      <Text>Heyetinize büyük Amerika Birleşik Devletleri'ne hoş geldiniz diyorum.</Text>
    </Row>
    <Row Tag="LOC_DIPLO_ACCEPT_DELEGATION_FROM_HUMAN_LEADER_TOMYRIS_ANY">
      <Text>Heyetiniz İmparatoriçe'ye övgülerinizi iletmek üzere geldi. Çok makbule geçti.</Text>
    </Row>
    <Row Tag="LOC_DIPLO_ACCEPT_DELEGATION_FROM_HUMAN_LEADER_TRAJAN_ANY">
      <Text>Ticaret heyetiniz geldi, gördü ve nezaketleriyle bizi fethetti. Hediyeler için teşekkür ederim.</Text>
    </Row>
    <Row Tag="LOC_DIPLO_ACCEPT_DELEGATION_FROM_HUMAN_LEADER_VICTORIA_ANY">
      <Text>Ticaret heyetinizi kabul ettik ve onlara hak ettikleri saygınlıkla muamele edeceğimizden emin olabilirsiniz.</Text>
    </Row>
    <!-- AI Rejects -->
    <Row Tag="LOC_DIPLO_REJECT_DELEGATION_FROM_HUMAN_ANY_ANY">
      <Text>Heyetinizi kibarca reddediyoruz.</Text>
    </Row>
    <Row Tag="LOC_DIPLO_REJECT_DELEGATION_FROM_HUMAN_LEADER_MVEMBA_ANY">
      <Text>Evet diyemem.</Text>
    </Row>
    <Row Tag="LOC_DIPLO_REJECT_DELEGATION_FROM_HUMAN_LEADER_CATHERINE_DE_MEDICI_ANY">
      <Text>Cezbedici ama hayır.</Text>
    </Row>
    <Row Tag="LOC_DIPLO_REJECT_DELEGATION_FROM_HUMAN_LEADER_CLEOPATRA_ANY">
      <Text>Belki başka bir zaman?</Text>
    </Row>
    <Row Tag="LOC_DIPLO_REJECT_DELEGATION_FROM_HUMAN_LEADER_BARBAROSSA_ANY">
      <Text>Hayır, tabii ki değil.</Text>
    </Row>
    <Row Tag="LOC_DIPLO_REJECT_DELEGATION_FROM_HUMAN_LEADER_GANDHI_ANY">
      <Text>Ne yazık ki hayır.</Text>
    </Row>
    <Row Tag="LOC_DIPLO_REJECT_DELEGATION_FROM_HUMAN_LEADER_GILGAMESH_ANY">
      <Text>Sanmıyorum.</Text>
    </Row>
    <Row Tag="LOC_DIPLO_REJECT_DELEGATION_FROM_HUMAN_LEADER_GORGO_ANY">
      <Text>Bu sefer değil.</Text>
    </Row>
    <Row Tag="LOC_DIPLO_REJECT_DELEGATION_FROM_HUMAN_LEADER_HARDRADA_ANY">
      <Text>Hayır. Kabul edemem.</Text>
    </Row>
    <Row Tag="LOC_DIPLO_REJECT_DELEGATION_FROM_HUMAN_LEADER_HOJO_ANY">
      <Text>Hayır, teşekkür ederim.</Text>
    </Row>
    <Row Tag="LOC_DIPLO_REJECT_DELEGATION_FROM_HUMAN_LEADER_PEDRO_ANY">
      <Text>Heyetinizi kibarca reddediyoruz.</Text>
    </Row>
    <Row Tag="LOC_DIPLO_REJECT_DELEGATION_FROM_HUMAN_LEADER_PERICLES_ANY">
      <Text>Atina geriliyor.</Text>
    </Row>
    <Row Tag="LOC_DIPLO_REJECT_DELEGATION_FROM_HUMAN_LEADER_PETER_GREAT_ANY">
      <Text>Kabul edemem.</Text>
    </Row>
    <Row Tag="LOC_DIPLO_REJECT_DELEGATION_FROM_HUMAN_LEADER_PHILIP_II_ANY">
      <Text>Kabul edemem.</Text>
    </Row>
    <Row Tag="LOC_DIPLO_REJECT_DELEGATION_FROM_HUMAN_LEADER_QIN_ANY">
      <Text>Teklifinizi reddediyoruz.</Text>
    </Row>
    <Row Tag="LOC_DIPLO_REJECT_DELEGATION_FROM_HUMAN_LEADER_SALADIN_ANY">
      <Text>Hayır, kabul edemeyiz.</Text>
    </Row>
    <Row Tag="LOC_DIPLO_REJECT_DELEGATION_FROM_HUMAN_LEADER_T_ROOSEVELT_ANY">
      <Text>Reddetmeliyiz.</Text>
    </Row>
    <Row Tag="LOC_DIPLO_REJECT_DELEGATION_FROM_HUMAN_LEADER_TOMYRIS_ANY">
      <Text>Kabul etmeyeceğim.</Text>
    </Row>
    <Row Tag="LOC_DIPLO_REJECT_DELEGATION_FROM_HUMAN_LEADER_TRAJAN_ANY">
      <Text>İyi bir teklif ama kabul edemem.</Text>
    </Row>
    <Row Tag="LOC_DIPLO_REJECT_DELEGATION_FROM_HUMAN_LEADER_VICTORIA_ANY">
      <Text>Parlamentom bunu onaylamıyor.</Text>
    </Row>
    <!-- AI Requests -->
    <Row Tag="LOC_DIPLO_DELEGATION_FROM_AI_ANY_ANY">
      <Text>Diplomatik heyetimizi başkentinizde kabul edecek misiniz?</Text>
    </Row>
    <Row Tag="LOC_DIPLO_DELEGATION_FROM_AI_LEADER_MVEMBA_ANY">
      <Text>Ticaret heyetim yakında fufu ile gelir. Afiyet olsun!</Text>
    </Row>
    <Row Tag="LOC_DIPLO_DELEGATION_FROM_AI_LEADER_CATHERINE_DE_MEDICI_ANY">
      <Text>Size alışılagelmiş tüm hediyelerle birlikte bir ticaret heyeti gönderdim: otlar, zeytinler, çeşitli peynirler ve tabii ki bunları yemek için bagetler.</Text>
    </Row>
    <Row Tag="LOC_DIPLO_DELEGATION_FROM_AI_LEADER_CLEOPATRA_ANY">
      <Text>Diplomatik delegasyonum size Yeni İsis'ten küçük bir papirüs hediyesi getiriyor. Beni karşıladığınız gibi onları da karşılayın.</Text>
    </Row>
    <Row Tag="LOC_DIPLO_DELEGATION_FROM_AI_LEADER_BARBAROSSA_ANY">
      <Text>Size diplomatik bir elçi gönderdik. Swabia Dükü, Burgonya Kralı, Almanya Kralı, Romalıların Kralı, İtalya Kralı ve Kutsal Roma İmparatoru olan bana nasıl davranıyorsanız onlara da öyle davranın.</Text>
    </Row>
    <Row Tag="LOC_DIPLO_DELEGATION_FROM_AI_LEADER_GANDHI_ANY">
      <Text>Size topraklarımızdan hediyeler getiren bir ticaret heyeti gönderdim: çaylar, sariler ve sitarlar.</Text>
    </Row>
    <Row Tag="LOC_DIPLO_DELEGATION_FROM_AI_LEADER_GILGAMESH_ANY">
      <Text>Gılgamış'ın heyeti size Sümer mücevherlerinden ve Ur'dan lirlerden oluşan hediyeler getiriyor. Onları şehrinize kabul edecek misiniz?</Text>
    </Row>
    <Row Tag="LOC_DIPLO_DELEGATION_FROM_AI_LEADER_GORGO_ANY">
      <Text>Spartalı bir heyet sizi zeytinyağı ve kara çorba hediyeleriyle onurlandırıyor. Onları onurla kabul edin.</Text>
    </Row>
    <Row Tag="LOC_DIPLO_DELEGATION_FROM_AI_LEADER_HARDRADA_ANY">
      <Text>Size rün taşları hediye eden tüccarlar gönderdim. Onlar güçlüdür - taşlar, tüccarlar değil.</Text>
    </Row>
    <Row Tag="LOC_DIPLO_DELEGATION_FROM_AI_LEADER_HOJO_ANY">
      <Text>Size en büyük eserlerimizden bazıları olan yosegi-zukuri hediyeleriyle bir heyet gönderdik.</Text>
    </Row>
    <Row Tag="LOC_DIPLO_DELEGATION_FROM_AI_LEADER_PEDRO_ANY">
      <Text>Diplomatik heyetimizi başkentinizde kabul edecek misiniz?</Text>
    </Row>
    <Row Tag="LOC_DIPLO_DELEGATION_FROM_AI_LEADER_PERICLES_ANY">
      <Text>Size hediyeler taşıyan bir heyet gönderdik. Endişelenmeyin, büyük bir tahta at söz konusu değil.</Text>
    </Row>
    <Row Tag="LOC_DIPLO_DELEGATION_FROM_AI_LEADER_PETER_GREAT_ANY">
      <Text>Size en iyi havyar hediyelerini taşıyan bir ticaret heyeti gönderdim. Lütfen tadını çıkarın.</Text>
    </Row>
    <Row Tag="LOC_DIPLO_DELEGATION_FROM_AI_LEADER_PHILIP_II_ANY">
      <Text>Şehrinize bir heyet gönderdim. Lütfen churrosların tadını çıkarın ve onları nazikçe karşılayın.</Text>
    </Row>
    <Row Tag="LOC_DIPLO_DELEGATION_FROM_AI_LEADER_QIN_ANY">
      <Text>Ticaret heyetimiz, Orta Krallık'taki en iyi baharat, çay ve ipekten oluşan hediyelerle yakında burada olacak. Lütfen, tadını çıkarın.</Text>
    </Row>
    <Row Tag="LOC_DIPLO_DELEGATION_FROM_AI_LEADER_SALADIN_ANY">
      <Text>Size imparatorluğumuzdan hediyelerle bir heyet gönderdim. En tatlı meyveleri, en sıcak günde bile sizi serinletecek nadir karları ve en mükemmel atları getirdiler. Lütfen onları nezaketimiz olarak kabul edin.</Text>
    </Row>
    <Row Tag="LOC_DIPLO_DELEGATION_FROM_AI_LEADER_T_ROOSEVELT_ANY">
      <Text>Sizi gördüğüme sevindim. Diplomatik heyetim birazdan taze pişmiş elmalı turtalarla gelecek. Eminim onları sıcak bir şekilde karşılayacaksınız.</Text>
    </Row>
    <Row Tag="LOC_DIPLO_DELEGATION_FROM_AI_LEADER_TOMYRIS_ANY">
      <Text>Size hediye olarak süslü bir gorytos taşıyan bir ticaret heyeti gönderdim. Bir yayınız var, değil mi?</Text>
    </Row>
    <Row Tag="LOC_DIPLO_DELEGATION_FROM_AI_LEADER_TRAJAN_ANY">
      <Text>Size bir ticaret heyeti gönderdim. Pecorino Romano'nun tadını çıkarın: yiyebileceğiniz en iyi tuzlu, koyun sütü peyniri.</Text>
    </Row>
    <Row Tag="LOC_DIPLO_DELEGATION_FROM_AI_LEADER_VICTORIA_ANY">
      <Text>Selamlar. Birleşik Krallık adına bir Kraliyet elçisi gönderdik. Umarız iyi karşılanırlar.</Text>
    </Row>
    <Row Tag="LOC_DIPLO_DELEGATION_CHOICE_NEGATIVE">
      <Text>Başkentimiz şu anda ziyaretçilere açık değildir.</Text>
    </Row>
    <Row Tag="LOC_DIPLO_DELEGATION_CHOICE_POSITIVE">
      <Text>Heyetiniz hoş geldiniz.</Text>
    </Row>
    <!-- Human Accepts -->
    <Row Tag="LOC_DIPLO_ACCEPT_DELEGATION_FROM_AI_ANY_ANY">
      <Text>Mükemmel!</Text>
    </Row>
    <!-- Human Rejects -->
    <Row Tag="LOC_DIPLO_REJECT_DELEGATION_FROM_AI_ANY_ANY">
      <Text>Bu çok kötü, belki daha sonraki bir tarihte.</Text>
    </Row>
  </BaseGameText>
</GameData>