﻿<?xml version="1.0" encoding="utf-8"?>
<!-- edited with XMLSPY v2004 rel. 2 U (http://www.xmlspy.com) by Ed Beach (Firaxis Games) -->
<GameData>
  <BaseGameText>
    <Row Tag="LOC_ESPIONAGE_CONFIRMATION">
      <Text>{1_Name}[NEWLINE][NEWLINE]{2_Yield}[NEWLINE]{3_Header}[NEWLINE]{4_Success}[NEWLINE]{5_SuccessEscape}[NEWLINE]{6_Fail}[NEWLINE]{7_FailEscape}[NEWLINE]{8_Capture}[NEWLINE]{9_Killed}</Text>
    </Row>
    <Row Tag="LOC_ESPIONAGE_MISSION_HEADER">
      <Text>GÖREV BRİFİNGİ[NEWLINE][NEWLINE]Göreviniz: {1_Mission}[NEWLINE]Süre: {2_Num} Dönüşler</Text>
    </Row>
    <Row Tag="LOC_ESPIONAGE_OPERATION_YIELD">
      <Text>Başarı {1_Award}.[NEWLINE] verecektir.</Text>
    </Row>
    <Row Tag="LOC_ESPIONAGE_OPERATION_CHANCES">
      <Text>Olası Sonuçlar:</Text>
    </Row>
    <Row Tag="LOC_ESPIONAGE_SUCCESS">
      <Text>{1_Num}% - Başarılı</Text>
    </Row>
    <Row Tag="LOC_ESPIONAGE_SUCCESS_ESCAPE">
      <Text>{1_Num}% - Kaçış şehri ise başarılı</Text>
    </Row>
    <Row Tag="LOC_ESPIONAGE_FAILURE">
      <Text>{1_Num}% - Başarısızlık</Text>
    </Row>
    <Row Tag="LOC_ESPIONAGE_FAILURE_ESCAPE">
      <Text>{1_Num}% - Başarısız ve şehirden kaçmalı</Text>
    </Row>
    <Row Tag="LOC_ESPIONAGE_CAPTURED">
      <Text>[COLOR_RED]{1_Num}%[ENDCOLOR] - Casus Yakalandı</Text>
    </Row>
    <Row Tag="LOC_ESPIONAGE_KILLED">
      <Text>[COLOR_RED]{1_Num}%[ENDCOLOR] - Casus Öldürüldü</Text>
    </Row>
    <Row Tag="LOC_ESPIONAGE_START_MISSION">
      <Text>Kabul et</Text>
    </Row>
    <Row Tag="LOC_ESPIONAGE_ABORT_MISSION">
      <Text>İptal</Text>
    </Row>
    <Row Tag="LOC_ESPIONAGE_HEIST_REWARD">
      <Text>Bölgeden Büyük Bir Çalışma</Text>
    </Row>
    <Row Tag="LOC_ESPIONAGE_PARTISAN_REWARD">
      <Text>hoşnutsuz partizanların ayaklanması</Text>
    </Row>
    <Row Tag="LOC_ESPIONAGE_SABOTAGE_REWARD">
      <Text>Sanayi Bölgesi bölgesindeki tüm binaların yağmalanması</Text>
    </Row>
    <Row Tag="LOC_ESPIONAGE_SIPHON_REWARD">
      <Text>sonraki {1_Num} dönüşlerde şehrin [ICON_Gold] Altın çıktısı</Text>
    </Row>
    <Row Tag="LOC_ESPIONAGE_ROCKETRY_REWARD">
      <Text>Düşman Uzay Limanı bölgesinin yağmalanması</Text>
    </Row>
    <Row Tag="LOC_ESPIONAGE_TECH_REWARD">
      <Text>teknoloji desteği</Text>
    </Row>
    <Row Tag="LOC_ESPIONAGE_GAIN_SOURCES">
      <Text>GÖREV BRİFİNGİ[NEWLINE][NEWLINE]Göreviniz: Kaynak Kazan[NEWLINE]Süre: {1_Num} Dönüşler[NEWLINE][NEWLINE]Spy yerel bağlantıları bulmak için gerekli zamanı harcadığında, bu görev otomatik olarak başarılı olacaktır. Sonraki {2_Duration} tur boyunca bu şehirdeki tüm saldırgan Spy operasyonlarının şansını artıracaktır.</Text>
    </Row>
    <Row Tag="LOC_ESPIONAGE_LISTENING_POST">
      <Text>GÖREV BRİFİNGİ[NEWLINE][NEWLINE]Göreviniz: Dinleme Görevi[NEWLINE]Süre: {1_Num} Turns[NEWLINE][NEWLINE]Bu görev otomatik olarak başarılı olur. Çalışırken bu uygarlık üzerindeki diplomatik görünürlüğünüzü 1 seviye artıracaktır.</Text>
    </Row>
    <Row Tag="LOC_ESPIONAGE_ESCAPE_PANEL_HEADER">
      <Text>ŞASE SIRASI</Text>
    </Row>
    <Row Tag="LOC_ESPIONAGE_ESCAPE_CITY_HEADER">
      <Text>içinde {1_CityName}</Text>
    </Row>
    <Row Tag="LOC_ESPIONAGE_ESCAPE_AGENT_LABEL">
      <Text>Ajan:</Text>
    </Row>
    <Row Tag="LOC_ESPIONAGE_NO_LOOT">
      <Text>Hiçbiri</Text>
    </Row>
    <Row Tag="LOC_ESPIONAGE_ESCAPE_LOOT_LABEL">
      <Text>Ganimet:</Text>
    </Row>
    <Row Tag="LOC_ESPIONAGE_ESCAPE_BOOST_LOOT">
      <Text>{1_TechName} sırlar</Text>
    </Row>
    <Row Tag="LOC_ESPIONAGE_ESCAPE_PURSUIT_LABEL">
      <Text>Peşindeyim:</Text>
    </Row>
    <Row Tag="LOC_ESPIONAGE_ESCAPE_PURSUIT_POLICE">
      <Text>Polis</Text>
    </Row>
    <Row Tag="LOC_ESPIONAGE_ESCAPE_PURSUIT_COUNTERSPY">
      <Text>Polis ve ajan {1_Counterspy}</Text>
    </Row>
    <Row Tag="LOC_ESPIONAGE_ESCAPE_CHOICE_HEADER">
      <Text>Ajanınızın nasıl kaçmaya çalışacağını seçin:</Text>
    </Row>
    <Row Tag="LOC_ESPIONAGE_ESCAPE_CHOICE_1">
      <Text>Uçak</Text>
    </Row>
    <Row Tag="LOC_ESPIONAGE_ESCAPE_CHOICE_2">
      <Text>Tekne</Text>
    </Row>
    <Row Tag="LOC_ESPIONAGE_ESCAPE_CHOICE_3">
      <Text>Araç</Text>
    </Row>
    <Row Tag="LOC_ESPIONAGE_ESCAPE_CHOICE_4">
      <Text>Ayak</Text>
    </Row>
    <Row Tag="LOC_ESPIONAGE_ESCAPE_NO_DISTRICT">
      <Text>Şehirde {1_DistrictName} yok</Text>
    </Row>
    <Row Tag="LOC_ESPIONAGE_ESCAPE_TURNS">
      <Text>Geri dönüşler: {1_Turns}</Text>
    </Row>
    <Row Tag="LOC_ESPIONAGE_ESCAPE_TOOLTIP">
      <Text>Ajanınız için şehirden kaçış yolunu seçin. Polisin Havaalanı veya Liman gibi hızlı çıkışlarda devriye gezmesi daha olasıdır. Yürüyerek çıkış her zaman en güvenli seçenektir.</Text>
    </Row>
    <Row Tag="LOC_ESPIONAGE_LEVEL_1_NAME">
      <Text>Casus Acemi</Text>
    </Row>
    <Row Tag="LOC_ESPIONAGE_LEVEL_2_NAME">
      <Text>Ajan</Text>
    </Row>
    <Row Tag="LOC_ESPIONAGE_LEVEL_3_NAME">
      <Text>Gizli Ajan</Text>
    </Row>
    <Row Tag="LOC_ESPIONAGE_LEVEL_4_NAME">
      <Text>Usta Casus</Text>
    </Row>
    <Row Tag="LOC_ESPIONAGE_SIPHON_ESTIMATE">
      <Text>+{1_Amount} [ICON_Gold]</Text>
    </Row>
    <Row Tag="LOC_ESPIONAGE_STEAL_TECH_ESTIMATE">
      <Text>{2_TechName} dahil olmak üzere {1_Amount} {1_Amount : plural 1?boost; other?boosts;} çalın.</Text>
    </Row>
    <!-- ==================== Espionage Text ==================== -->
    <Row Tag="LOC_ESPIONAGEPANEL_PANEL_HEADER">
      <Text>{1_CivName} için casuslar</Text>
    </Row>
    <Row Tag="LOC_ESPIONAGEPANEL_PANEL_NAME">
      <Text>SPY ADI</Text>
    </Row>
    <Row Tag="LOC_ESPIONAGEPANEL_PANEL_LEVEL">
      <Text>SEVİYE</Text>
    </Row>
    <Row Tag="LOC_ESPIONAGEPANEL_PANEL_PROMOTION">
      <Text>PROMOSYON</Text>
    </Row>
    <Row Tag="LOC_ESPIONAGEPANEL_PANEL_CITY">
      <Text>ŞEHİR</Text>
    </Row>
    <Row Tag="LOC_ESPIONAGEPANEL_PANEL_MISSION">
      <Text>MİSYON</Text>
    </Row>
    <Row Tag="LOC_ESPIONAGEPANEL_PANEL_TURNS">
      <Text>KALAN DÖNÜŞLER</Text>
    </Row>
    <Row Tag="LOC_ESPIONAGEPANEL_NO_MISSION">
      <Text>Hiçbiri</Text>
    </Row>
    <!-- ==================== EspionageChooser ==================== -->
    <Row Tag="LOC_ESPIONAGECHOOSER_PANEL_HEADER">
      <Text>EMBED SPY</Text>
    </Row>
    <Row Tag="LOC_ESPIONAGECHOOSER_SELECT_A_CITY">
      <Text>Casusluk için hedef olarak bir şehir seçin.</Text>
    </Row>
    <Row Tag="LOC_ESPIONAGECHOOSER_POSSIBLE_MISSIONS">
      <Text>OLASI GÖREVLER:</Text>
    </Row>
    <Row Tag="LOC_ESPIONAGECHOOSER_CONFIRM_PLACEMENT">
      <Text>YERLEŞIMI ONAYLAYIN</Text>
    </Row>
    <Row Tag="LOC_ESPIONAGECHOOSER_CANCEL">
      <Text>İPTAL</Text>
    </Row>
    <Row Tag="LOC_ESPIONAGECHOOSER_CHOOSE_MISSION">
      <Text>MİSYON SEÇİN</Text>
    </Row>
    <Row Tag="LOC_ESPIONAGECHOOSER_GAIN_SOURCES_ACTIVE">
      <Text>Kazanç Kaynakları Aktif! ({1_Turns}[Icon_Turn])</Text>
    </Row>
    <Row Tag="LOC_ESPIONAGECHOOSER_SUCCESS_BOOSTED">
      <Text>Görev başarısı arttı</Text>
    </Row>
    <Row Tag="LOC_ESPIONAGECHOOSER_NO_BOOST_ACTIVE">
      <Text>Güçlendirme Yok Aktif</Text>
    </Row>
    <Row Tag="LOC_ESPIONAGECHOOSER_TRAVEL_TIME_TOOLTIP">
      <Text>{1_TravelTime} {1_TravelTime : plural 1?turn; other?turns;} şehre seyahat etmek[NEWLINE]{2_EstablishTime} {2_EstablishTime : plural 1?turn; other?turns;} şehirde yerleşmek</Text>
    </Row>
    <!-- ==================== Spy Operation Details ==================== -->
    <Row Tag="LOC_SPYMISSIONDETAILS_UNITOPERATION_SPY_LISTENING_POST">
      <Text>Diplomatik Görünürlüğü [ICON_VisLimited] 1 seviye artırır.</Text>
    </Row>
    <Row Tag="LOC_SPYMISSIONDETAILS_UNITOPERATION_SPY_GAIN_SOURCES">
      <Text>Casuslar {2_Turns} {2_Turns : plural 1?turn; other?turns;} için ([1] {1_Levels : plural 1?level; other?levels;} daha yüksek hızda çalışacaktır.)</Text>
    </Row>
    <Row Tag="LOC_SPYMISSIONDETAILS_UNITOPERATION_SPY_GREAT_WORK_HEIST">
      <Text>Bu şehirden {1_GreatWorkName} çalın</Text>
    </Row>
    <Row Tag="LOC_SPYMISSIONDETAILS_UNITOPERATION_SPY_SABOTAGE_PRODUCTION">
      <Text>Sanayi bölgesindeki tüm binaları yağmalayın.</Text>
    </Row>
    <Row Tag="LOC_SPYMISSIONDETAILS_UNITOPERATION_SPY_SIPHON_FUNDS">
      <Text>Görev süresi boyunca {1_CityName}'ün [ICON_Gold] Altın getirilerini kazanın. ({2_GoldString})</Text>
    </Row>
    <Row Tag="LOC_SPYMISSIONDETAILS_UNITOPERATION_SPY_DISRUPT_ROCKETRY">
      <Text>Şehirdeki uzay limanını devre dışı bırak.</Text>
    </Row>
    <Row Tag="LOC_SPYMISSIONDETAILS_UNITOPERATION_SPY_RECRUIT_PARTISANS">
      <Text>Şehir içinde isyancı birimler oluşturun.</Text>
    </Row>
    <Row Tag="LOC_SPYMISSIONDETAILS_UNITOPERATION_SPY_STEAL_TECH_BOOST">
      <Text>Bir teknoloji desteği çalın.</Text>
    </Row>
    <Row Tag="LOC_ESPIONAGECHOOSER_COUNTERSPY">
      <Text>{1_District}'yi (ve tüm komşu bölgeleri) düşman casuslarından koruyun.</Text>
    </Row>
    <!-- ==================== EspionagePopup ==================== -->
    <Row Tag="LOC_ESPIONAGEPOPUP_MISSION_BRIEFING">
      <Text>GÖREV BİLGİLENDİRMESİ: {1_MissionName}</Text>
    </Row>
    <Row Tag="LOC_ESPIONAGEPOPUP_CURRENT_MISSION">
      <Text>MEVCUT GÖREV: {1_MissionName}</Text>
    </Row>
    <Row Tag="LOC_ESPIONAGEPOPUP_MISSION_OBJECTIVE">
      <Text>GÖREV HEDEFİ</Text>
    </Row>
    <Row Tag="LOC_ESPIONAGEPOPUP_MISSION_DETAILS">
      <Text>GÖREV DETAYLARI</Text>
    </Row>
    <Row Tag="LOC_ESPIONAGEPOPUP_MISSION_OUTCOME">
      <Text>GÖREV SONUCU</Text>
    </Row>
    <Row Tag="LOC_ESPIONAGEPOPUP_SUCCESS">
      <Text>BAŞARI!</Text>
    </Row>
    <Row Tag="LOC_ESPIONAGEPOPUP_FAILURE">
      <Text>BAŞARISIZLIK</Text>
    </Row>
    <Row Tag="LOC_ESPIONAGEPOPUP_MISSION_DURATION">
      <Text>GÖREV SÜRESI</Text>
    </Row>
    <Row Tag="LOC_ESPIONAGEPOPUP_TURNS">
      <Text>{1_NumberOfTurns} {1_NumberOfTurns : plural 1?Turn; other?Turns;}</Text>
    </Row>
    <Row Tag="LOC_ESPIONAGEPOPUP_TURNS_REMAINING">
      <Text>{1_RemainingTurns} daha fazla {1_RemainingTurns : plural 1?turn; other?turns;}</Text>
    </Row>
    <Row Tag="LOC_ESPIONAGEPOPUP_POSSIBLE_OUTCOMES">
      <Text>OLASI SONUÇLAR</Text>
    </Row>
    <Row Tag="LOC_ESPIONAGEPOPUP_OUTCOME_DETAILS">
      <Text>İstihbaratımız aşağıdaki olasılıkları öngörmektedir:</Text>
    </Row>
    <Row Tag="LOC_ESPIONAGEPOPUP_SUCCESS_OUTCOME_CHANCE">
      <Text>Görev başarısı şansı</Text>
    </Row>
    <Row Tag="LOC_ESPIONAGEPOPUP_FAILURE_OUTCOME_CHANCE">
      <Text>Görev başarısızlığı olasılığı</Text>
    </Row>
    <Row Tag="LOC_ESPIONAGEPOPUP_CAPTUREDORKILLED_OUTCOME_CHANCE">
      <Text>Yakalanma veya öldürülme şansı</Text>
    </Row>
    <Row Tag="LOC_ESPIONAGEPOPUP_DISCOVERED_WARNING">
      <Text>Keşfedilirse {1_TargetName} bize olan saygısını kaybedecektir</Text>
    </Row>
    <Row Tag="LOC_ESPIONAGEPOPUP_TARGET">
      <Text>HEDEF</Text>
    </Row>
    <Row Tag="LOC_ESPIONAGEPOPUP_ACCEPT_MISSION">
      <Text>MİSYONU KABUL ET</Text>
    </Row>
    <Row Tag="LOC_ESPIONAGEPOPUP_RENEW_MISSION">
      <Text>MİSYONU YENİLE</Text>
    </Row>
    <Row Tag="LOC_ESPIONAGEPOPUP_ABORT_MISSION">
      <Text>GÖREV İPTAL!</Text>
    </Row>
    <Row Tag="LOC_ESPIONAGEPOPUP_CANCEL">
      <Text>İPTAL</Text>
    </Row>
    <Row Tag="LOC_ESPIONAGEPOPUP_GAIN_SOURCES_OUTCOME">
      <Text>Bu şehirdeki sonraki operasyonlarda şansınızı artıracaktır. Casusunuz için hiçbir risk yok.</Text>
    </Row>
    <Row Tag="LOC_ESPIONAGEPOPUP_SUCCESSBUTTON">
      <Text>TAMAM.</Text>
    </Row>
    <Row Tag="LOC_ESPIONAGEPOPUP_FAILUREBUTTON">
      <Text>GÖRÜYORUM.</Text>
    </Row>
    <Row Tag="LOC_ESPIONAGEPOPUP_REWARDS">
      <Text>ÖDÜLLER</Text>
    </Row>
    <Row Tag="LOC_ESPIONAGEPOPUP_PROMOTIONREADY">
      <Text>Terfi {1_NextRank}</Text>
    </Row>
    <Row Tag="LOC_ESPIONAGEPOPUP_AGENTREADYFORPROMOTION">
      <Text>Ajan terfi için hazır. Özel bir bonus seçmek için birim eylem düğmesini kullanın. {1_SpyName} ayrıca gelecekteki tüm operasyonlarda daha yüksek başarı şansına sahip olacaktır.</Text>
    </Row>
    <Row Tag="LOC_ESPIONAGEPOPUP_LOOTREWARD_TITLE">
      <Text>Çaldı {1_LootName}</Text>
    </Row>
    <Row Tag="LOC_ESPIONAGEPOPUP_LOOTREWARD_DESCRIPTION">
      <Text>Başarıyla satın alındı {1_LootName}.</Text>
    </Row>
    <Row Tag="LOC_ESPIONAGEPOPUP_CONSEQUENCES">
      <Text>SONUÇLAR</Text>
    </Row>
    <Row Tag="LOC_ESPIONAGEPOPUP_RELATIONSHIP_DAMAGED_TITLE">
      <Text>Hasarlı İlişki</Text>
    </Row>
    <Row Tag="LOC_ESPIONAGEPOPUP_RELATIONSHIP_DAMAGED_DESC">
      <Text>Rakibimiz bize olan saygısını kaybetti.</Text>
    </Row>
    <Row Tag="LOC_ESPIONAGEPOPUP_AGENT_CAPTURED_TITLE">
      <Text>Ajan Yakalandı</Text>
    </Row>
    <Row Tag="LOC_ESPIONAGEPOPUP_AGENT_CAPTURED_DESC">
      <Text>{1_AgentName}, {2_CityName} şehrinde ele geçirildi. Serbest bırakılmaları için takas yapmayı deneyebilirsiniz.</Text>
    </Row>
    <Row Tag="LOC_ESPIONAGEPOPUP_AGENT_KILLED_TITLE">
      <Text>Ajan Öldürüldü</Text>
    </Row>
    <Row Tag="LOC_ESPIONAGEPOPUP_AGENT_KILLED_DESC">
      <Text>{1_AgentName} {2_CityName} şehrinde öldürüldü.</Text>
    </Row>
    <!-- ==================== EspionageOverview ==================== -->
    <Row Tag="LOC_ESPIONAGEOVERVIEW_OPERATIVES_HEADER">
      <Text>Operatörler</Text>
    </Row>
    <Row Tag="LOC_ESPIONAGEOVERVIEW_OPERATIVES_SUBHEADER">
      <Text>OPERATÖRLER ({1_NumberOfSpies}\{2_SpyCapacity})</Text>
    </Row>
    <Row Tag="LOC_ESPIONAGEOVERVIEW_AWAITING_ASSIGNMENT">
      <Text>Atama Bekleniyor...</Text>
    </Row>
    <Row Tag="LOC_ESPIONAGEOVERVIEW_MORE_TURNS">
      <Text>{1_RemainingTurns} daha fazla {1_RemainingTurns : plural 1?turn; other?turns;}</Text>
    </Row>
    <Row Tag="LOC_ESPIONAGEOVERVIEW_CITY_ACTIVITY_HEADER">
      <Text>Şehir Etkinliği</Text>
    </Row>
    <Row Tag="LOC_ESPIONAGEOVERVIEW_CITY_ACTIVITY_SUBHEADER">
      <Text>ŞEHİR AKTİVİTESİ</Text>
    </Row>
    <Row Tag="LOC_ESPIONAGEOVERVIEW_CITY">
      <Text>Şehir</Text>
    </Row>
    <Row Tag="LOC_ESPIONAGEOVERVIEW_TRANSIT_TO">
      <Text>Aktarılıyor {1_DestinationName}</Text>
    </Row>
    <Row Tag="LOC_ESPIONAGEOVERVIEW_CAPTURED">
      <Text>Tarafından yakalandı</Text>
    </Row>
    <Row Tag="LOC_ESPIONAGEOVERVIEW_ASK_FOR_TRADE">
      <Text>Ticaret İçin Sor</Text>
    </Row>
    <Row Tag="LOC_ESPIONAGEOVERVIEW_TRAVELING">
      <Text>Seyahat</Text>
    </Row>
    <Row Tag="LOC_ESPIONAGE_NO_GREAT_WORK_TO_STEAL">
      <Text>Çalınacak Büyük Bir İş Yok</Text>
    </Row>
    <Row Tag="LOC_ESPIONAGE_NO_TECH_BOOST_TO_STEAL">
      <Text>Çalınacak Teknoloji Desteği Yok</Text>
    </Row>
    <Row Tag="LOC_ESPIONAGEOVERVIEW_MISSION_HISTORY_HEADER">
      <Text>Görev Geçmişi</Text>
    </Row>
    <Row Tag="LOC_ESPIONAGEOVERVIEW_MISSION_HISTORY_SUBHEADER">
      <Text>GÖREV TARİHİ</Text>
    </Row>
    <Row Tag="LOC_ESPIONAGEOVERVIEW_CAPTURED_SPIES">
      <Text>YAKALANAN CASUSLAR:</Text>
    </Row>
    <Row Tag="LOC_ESPIONAGEOVERVIEW_OFFER_TRADE">
      <Text>Ticaret Teklifi</Text>
    </Row>
    <Row Tag="LOC_ESPIONAGEOVERVIEW_VIEW_CITY">
      <Text>Bu şehri haritada görüntüleyin.</Text>
    </Row>
    <Row Tag="LOC_ESPIONAGEOVERVIEW_TURNS_AGO">
      <Text>{1_RemainingTurns} {1_RemainingTurns : plural 1?turn; other?turns;} önce</Text>
    </Row>
    <Row Tag="LOC_ESPIONAGEOVERVIEW_MISSIONOUTCOME">
      <Text>Görev Sonucu:</Text>
    </Row>
    <Row Tag="LOC_ESPIONAGEOVERVIEW_TARGETACQUIRED">
      <Text>Hedef Satın Alındı</Text>
    </Row>
    <Row Tag="LOC_ESPIONAGEOVERVIEW_FAILURE">
      <Text>Başarısızlık</Text>
    </Row>
    <Row Tag="LOC_ESPIONAGEOVERVIEW_SUCCESS">
      <Text>Başarı</Text>
    </Row>
    <Row Tag="LOC_ESPIONAGEOVERVIEW_SPYCAUGHT">
      <Text>Casus Yakalandı!</Text>
    </Row>
    <Row Tag="LOC_ESPIONAGEOVERVIEW_SPYKILLED">
      <Text>Casus Öldürüldü!</Text>
    </Row>
    <Row Tag="LOC_ESPIONAGEOVERVIEW_SPYAPPREHENDED">
      <Text>Casus Yakalandı</Text>
    </Row>
    <Row Tag="LOC_ESPIONAGEOVERVIEW_MISSIONOUTCOME_SUCCESS_COUNTERSPY">
      <Text>Düşman faaliyetlerini izleme görevi {1_CityName} herhangi bir casus tespit edilmeden tamamlandı.</Text>
    </Row>
    <Row Tag="LOC_ESPIONAGEOVERVIEW_MISSIONOUTCOME_SUCCESS_UNDETECTED">
      <Text>Görev {1_CityName} şehrinde başarılı oldu ve casus tespit edilmedi.</Text>
    </Row>
    <Row Tag="LOC_ESPIONAGEOVERVIEW_MISSIONOUTCOME_SUCCESS_UNDETECTED_STOLELOOT">
      <Text>{1_LootName}'ü {2_CityName} şehrinden fark edilmeden çaldı.</Text>
    </Row>
    <Row Tag="LOC_ESPIONAGEOVERVIEW_MISSIONOUTCOME_SUCCESS_DETECTED_STOLELOOT">
      <Text>{2_CityName} şehrinden tespit edilmekten kaçtıktan sonra {1_LootName} çaldı.</Text>
    </Row>
    <Row Tag="LOC_ESPIONAGEOVERVIEW_MISSIONOUTCOME_SUCCESS_DETECTED_ESCAPED">
      <Text>Görev {1_CityName} şehrinde başarılı oldu ve casus tespit edildikten sonra yakalanmaktan başarıyla kurtuldu.</Text>
    </Row>
    <Row Tag="LOC_ESPIONAGEOVERVIEW_MISSIONOUTCOME_SUCCESS_DETECTED_CAPTURED">
      <Text>Görev {1_CityName} şehrinde başarılı oldu ancak casus tespit edildikten sonra yakalandı.</Text>
    </Row>
    <Row Tag="LOC_ESPIONAGEOVERVIEW_MISSIONOUTCOME_SUCCESS_DETECTED_CAPTURED_STOLELOOT">
      <Text>{1_Loot}'ü çalma görevi {2_CityName} şehrinde başarılı oldu ancak casus tespit edildikten sonra yakalandı.</Text>
    </Row>
    <Row Tag="LOC_ESPIONAGEOVERVIEW_MISSIONOUTCOME_SUCCESS_DETECTED_KILLED">
      <Text>Görev {1_CityName} şehrinde başarılı oldu ancak casus tespit edildikten sonra öldürüldü.</Text>
    </Row>
    <Row Tag="LOC_ESPIONAGEOVERVIEW_MISSIONOUTCOME_SUCCESS_DETECTED_KILLED_STOLELOOT">
      <Text>{1_Loot}'ü çalma görevi {2_CityName} şehrinde başarılı oldu ancak casus tespit edildikten sonra öldürüldü.</Text>
    </Row>
    <Row Tag="LOC_ESPIONAGEOVERVIEW_MISSIONOUTCOME_FAILURE_UNDETECTED">
      <Text>Görev {1_CityName} şehrinde başarısız oldu ancak casus tespit edilemedi.</Text>
    </Row>
    <Row Tag="LOC_ESPIONAGEOVERVIEW_MISSIONOUTCOME_FAILURE_UNDETECTED_STOLELOOT">
      <Text>{1_Loot}'ü çalma görevi {2_CityName} şehrinde başarısız oldu ancak casus tespit edilmedi.</Text>
    </Row>
    <Row Tag="LOC_ESPIONAGEOVERVIEW_MISSIONOUTCOME_FAILURE_DETECTED_ESCAPED">
      <Text>Görev {1_CityName} şehrinde başarısız oldu ancak casus tespit edildikten sonra yakalanmaktan başarıyla kurtuldu.</Text>
    </Row>
    <Row Tag="LOC_ESPIONAGEOVERVIEW_MISSIONOUTCOME_FAILURE_DETECTED_ESCAPED_STOLELOOT">
      <Text>{1_Loot}'ü çalma görevi {2_CityName} şehrinde başarısız oldu ancak casus tespit edildikten sonra yakalanmaktan başarıyla kurtuldu.</Text>
    </Row>
    <Row Tag="LOC_ESPIONAGEOVERVIEW_MISSIONOUTCOME_FAILURE_DETECTED_CAPTURED">
      <Text>Görev {1_CityName} şehrinde başarısız oldu ve casus tespit edildikten sonra yakalandı.</Text>
    </Row>
    <Row Tag="LOC_ESPIONAGEOVERVIEW_MISSIONOUTCOME_FAILURE_DETECTED_CAPTURED_STOLELOOT">
      <Text>{1_Loot}'ü çalma görevi {2_CityName} şehrinde başarısız oldu ve casus tespit edildikten sonra yakalandı.</Text>
    </Row>
    <Row Tag="LOC_ESPIONAGEOVERVIEW_MISSIONOUTCOME_FAILURE_DETECTED_KILLED">
      <Text>Görev {1_CityName} şehrinde başarısız oldu ve casus tespit edildikten sonra öldürüldü.</Text>
    </Row>
    <Row Tag="LOC_ESPIONAGEOVERVIEW_MISSIONOUTCOME_FAILURE_DETECTED_KILLED_STOLELOOT">
      <Text>{1_Loot}'ü çalma görevi {2_CityName} şehrinde başarısız oldu ve casus tespit edildikten sonra öldürüldü.</Text>
    </Row>
    <Row Tag="LOC_ESPIONAGEOVERVIEW_MISSIONOUTCOME_GOLD">
      <Text>[ICON_Gold] {1_AmountOfGold} Altın</Text>
    </Row>
    <Row Tag="LOC_ESPIONAGEOVERVIEW_MISSIONOUTCOME_NO_GOLD">
      <Text>[ICON_Gold] Altın</Text>
    </Row>
    <Row Tag="LOC_ESPIONAGEOVERVIEW_MISSIONOUTCOME_KILLED">
      <Text>Spy {1_CityName} şehrinde bir görev sırasında öldürüldü.</Text>
    </Row>
    <Row Tag="LOC_ESPIONAGEOVERVIEW_MISSIONOUTCOME_KILLED_STOLELOOT">
      <Text>Spy, {2_CityName} şehrinde {1_Loot}'ü çalma görevi sırasında öldürüldü.</Text>
    </Row>
    <Row Tag="LOC_ESPIONAGEOVERVIEW_MISSIONOUTCOME_CAPTURED">
      <Text>Casus {1_CityName} şehrinde bir görev sırasında yakalanmıştır.</Text>
    </Row>
    <Row Tag="LOC_ESPIONAGEOVERVIEW_MISSIONOUTCOME_CAPTURED_STOLELOOT">
      <Text>Spy, {2_CityName} şehrinde {1_Loot}'ü çalma görevi sırasında yakalanmıştır.</Text>
    </Row>
    <Row Tag="LOC_ESPIONAGEOVERVIEW_NOMISSIONHISTORY">
      <Text>Yakın Zamanda Casusluk Görevi Yok</Text>
    </Row>
    <!-- ==================== Speculative text for temporary Captured Spies tab (which would become part of Mission History) ==================== -->
    <Row Tag="LOC_ESPIONAGEOVERVIEW_CAPTURED_SPIES_HEADER">
      <Text>Yakalanan Casuslar</Text>
    </Row>
    <Row Tag="LOC_ESPIONAGEOVERVIEW_CAPTURED_SPIES_SUBHEADER">
      <Text>YAKALANAN SPIES</Text>
    </Row>
    <!-- ==================== UnitPanel - Espionage ==================== -->
    <Row Tag="LOC_UNITPANEL_ESPIONAGE_LOCATED_IN">
      <Text>İçinde bulunan</Text>
    </Row>
    <Row Tag="LOC_UNITPANEL_ESPIONAGE_MORE_TURNS">
      <Text>{1_RemainingTurns} daha fazla {1_RemainingTurns : plural 1?turn; other?turns;}</Text>
    </Row>
    <Row Tag="LOC_UNITPANEL_ESPIONAGE_AWAITING_ASSIGNMENT">
      <Text>Atama Bekleniyor...</Text>
    </Row>
    <Row Tag="LOC_UNITPANEL_ESPIONAGE_SPY_RANK">
      <Text>{1_RankName} (Seviye {2_RankLevel})</Text>
    </Row>
    <Row Tag="LOC_UNITPANEL_ESPIONAGE_CANCEL_MISSION">
      <Text>Görevi İptal Et</Text>
    </Row>
    <Row Tag="LOC_UNITPANEL_ESPIONAGE_CHOOSE_MISSION">
      <Text>Görev Seçiniz</Text>
    </Row>
    <Row Tag="LOC_ESPIONAGE_SPY_TRADE_DISABLED_AT_WAR">
      <Text>[COLOR_RED]{1_SpyName} için ticaret yapmak şu anda mümkün değil. {2_CivName} ile savaş halindesiniz.</Text>
    </Row>
    <Row Tag="LOC_ESPIONAGE_NO_OPERATIVES">
      <Text>Şehirlerinizden birinde bir casus üreterek durumunu buradan görüntüleyin.</Text>
    </Row>
    <Row Tag="LOC_ESPIONAGE_NO_CITIES">
      <Text>Kendinize ait bir şehir inşa edin veya başka bir medeniyetin şehrini keşfederek buradaki casusluk faaliyetlerini görüntüleyin.</Text>
    </Row>
    <Row Tag="LOC_ESPIONAGE_NO_HISTORY">
      <Text>Görev geçmişinizi buradan görüntülemek için casusluk görevlerini çalıştırın.</Text>
    </Row>
  </BaseGameText>
</GameData>