﻿<?xml version="1.0" encoding="utf-8"?>
<GameData>
  <EnglishText>
    <Row Tag="LOC_EXPANSION1_MOD_TITLE">
      <Text>Genişleme: Yükseliş ve Düşüş</Text>
    </Row>
    <Row Tag="LOC_EXPANSION1_MOD_TEASER">
      <Text>Büyük Çağlar, Sadakat, Valiler, Acil Durumlar, yeni medeniyetler ve liderler ve çok daha fazlasını içeren bir Genişleme paketi!</Text>
    </Row>
    <Row Tag="LOC_EXPANSION1_MOD_DESCRIPTION">
      <Text>Bu oyun, Büyük Çağlar, Sadakat, Valiler ve Acil Durumları içeren Yükseliş ve Çöküş Genişleme Paketini kullanan bir oyundur. Halkınızı refah dolu bir Altın Çağ'a götürebilecek misiniz? Yoksa imparatorluğunuz Karanlık Çağ'ın zorluklarıyla mı karşılaşacak?</Text>
    </Row>
  </EnglishText>
</GameData>