﻿<?xml version="1.0" encoding="utf-8"?>
<!-- edited with XMLSPY v2004 rel. 2 U (http://www.xmlspy.com) by matthew beach (Firaxis Games) -->
<GameData>
  <BaseGameText>
    <!-- Natural Wonders -->
    <Row Tag="LOC_UI_FEATURE_NATURAL_WONDER_DISCOVERY">
      <Text>Doğa Harikası Keşfedildi</Text>
    </Row>
    <Row Tag="LOC_FEATURE_NATURAL_WONDER_DESCRIPTION">
      <Text>Bir doğa harikasının keşfi İzcilere bonus deneyim kazandırır. Doğa harikaları ayrıca Kutsal Alan bölgelerine bir bitişiklik bonusu verir. Tüm bitişik kareler +2 İtiraz alır.</Text>
    </Row>
    <Row Tag="LOC_FEATURE_BARRIER_REEF_DESCRIPTION">
      <Text>Kıyı arazisinde bulunabilen ve +3 [ICON_Food] Gıda ve +2 [ICON_Science] Bilim sağlayan iki kareli doğa harikası. Kampüs bölgesine büyük bitişiklik bonusu.</Text>
    </Row>
    <Row Tag="LOC_FEATURE_CLIFFS_DOVER_DESCRIPTION">
      <Text>İki kareli doğa harikası. Suya bitişik Kayalıklarla birlikte görünür ve +3 [ICON_Culture] Kültür, +3 [ICON_Gold] Altın, +2 [ICON_Food] Gıda sağlar. Üzerine iyileştirmeler yerleştirilemez.</Text>
    </Row>
    <Row Tag="LOC_FEATURE_CRATER_LAKE_DESCRIPTION">
      <Text>Bir karelik doğa harikası. Göl olarak görünür ve +5 [ICON_Faith] İnanç, +1 [ICON_Science] Bilim ve Tatlı Su sağlar.</Text>
    </Row>
    <Row Tag="LOC_FEATURE_DEAD_SEA_DESCRIPTION">
      <Text>İki kareli doğa harikası. Bir göl olarak görünür ve +2 [ICON_Faith] İnanç ve +2 [ICON_Culture] Kültür sağlar. Birimler Ölü Deniz'in bitişiğinde bir tur boyunca iyileşirlerse tamamen iyileşirler. Tatlı Su sağlamaz.</Text>
    </Row>
    <Row Tag="LOC_FEATURE_EVEREST_DESCRIPTION">
      <Text>Üç karelik geçilmez doğa harikası. Bitişik karelere +1 [ICON_Faith] İnanç sağlar. Everest Dağı'nın yanına hareket eden dini birimler oyunun geri kalanında Tepeleri görmezden gelir.</Text>
    </Row>
    <Row Tag="LOC_FEATURE_GALAPAGOS_DESCRIPTION">
      <Text>İki kareden oluşan geçilmez doğa harikası. Kıyı arazisinde görünür ve bitişik karelere +2 [ICON_Science] Bilim sağlar.</Text>
    </Row>
    <Row Tag="LOC_FEATURE_KILIMANJARO_DESCRIPTION">
      <Text>Bir karelik geçilmez doğa harikası. Bitişik karelere +2 [ICON_Food] Gıda sağlar.</Text>
    </Row>
    <Row Tag="LOC_FEATURE_PANTANAL_DESCRIPTION">
      <Text>Dört kareli doğa harikası. 2 [ICON_Food] Yiyecek ve +2 [ICON_Culture] Kültür sağlar.</Text>
    </Row>
    <Row Tag="LOC_FEATURE_PIOPIOTAHI_DESCRIPTION">
      <Text>Üç kareden oluşan geçilmez doğa harikası. Bitişik karelere +1 [ICON_Culture] Kültür ve +1 [ICON_Gold] Altın sağlar.</Text>
    </Row>
    <Row Tag="LOC_FEATURE_TORRES_DEL_PAINE_DESCRIPTION">
      <Text>İki karo geçilmez doğa harikası. Tüm komşu karoların arazi verimini iki katına çıkarır.</Text>
    </Row>
    <Row Tag="LOC_FEATURE_TSINGY_DESCRIPTION">
      <Text>Bir karo geçilmez doğa harikası. Bitişik karelere +1 [ICON_Culture] Kültür ve +1 [ICON_Science] Bilim sağlar.</Text>
    </Row>
    <Row Tag="LOC_FEATURE_YOSEMITE_DESCRIPTION">
      <Text>İki kareli geçilmez doğa harikası. Bitişik karelere +1 [ICON_Gold] Altın ve +1 [ICON_Science] Bilim sağlar.</Text>
    </Row>
  </BaseGameText>
</GameData>