﻿<?xml version="1.0" encoding="utf-8"?>
<!-- edited with XMLSPY v2004 rel. 2 U (http://www.xmlspy.com) by Edward Beach (Firaxis Games) -->
<GameData>
  <FrontEndText>
    <!-- Generic -->
    <Row Tag="LOC_GENERIC_TEST">
      <Text>Tomáš</Text>
    </Row>
    <Row Tag="LOC_GENERIC_DOT_DOT_DOT">
      <Text>...</Text>
    </Row>
    <Row Tag="LOC_YES_BUTTON">
      <Text>Evet</Text>
    </Row>
    <Row Tag="LOC_NO_BUTTON">
      <Text>Hayır</Text>
    </Row>
    <Row Tag="LOC_OK_BUTTON">
      <Text>TAMAM.</Text>
    </Row>
    <Row Tag="LOC_DEFAULT_BUTTON">
      <Text>Varsayılan</Text>
    </Row>
    <Row Tag="LOC_GENERIC_CONFIRM_BUTTON">
      <Text>Onaylayın</Text>
    </Row>
    <Row Tag="LOC_SELECTION_NOTHING">
      <Text>Hiçbir şey</Text>
    </Row>
    <Row Tag="LOC_SELECTION_EVERYTHING">
      <Text>Her şey</Text>
    </Row>
    <Row Tag="LOC_SELECTION_CUSTOM">
      <Text>Özel {1_Count})</Text>
    </Row>
    <Row Tag="LOC_SELECT_ALL">
      <Text>Tümünü Seçin</Text>
    </Row>
    <Row Tag="LOC_SELECT_NONE">
      <Text>Hiçbirini Seçmeyin</Text>
    </Row>
    <!-- Front End Popups -->
    <Row Tag="LOC_FRONTEND_POPUP_UNKNOWN_DEVICE">
      <Text>Grafik aygıtı özellikleri belirlenemedi.[NEWLINE][NEWLINE]Lütfen grafik seçeneklerinizi manuel olarak ayarlayın.</Text>
    </Row>
    <Row Tag="LOC_FRONTEND_POPUP_OUTDATED_DRIVER">
      <Text>Grafik sürücünüz önerilen minimum sürümden daha eski.[NEWLINE][NEWLINE]Lütfen sürücünüzü en son sürüme güncelleyin.</Text>
    </Row>
    <Row Tag="LOC_FRONTEND_POPUP_OUTDATED_DRIVER_QUIET">
      <Text>Beni bir daha rahatsız etme.</Text>
    </Row>
    <Row Tag="LOC_FRONTEND_POPUP_OUTDATED_DRIVER_LOUD">
      <Text>Bir dahaki sefere hatırlat.</Text>
    </Row>
    <Row Tag="LOC_FRONTEND_POPUP_GRAPHICS_SETTINGS_CHANGED">
      <Text>Grafik ayarları ayarlanmıştır. Bu ayarları Seçenekler menüsünden inceleyebilir veya değiştirebilirsiniz.</Text>
    </Row>
    <!-- Main Menu-->
    <Row Tag="LOC_MAIN_MENU_RESUME_GAME">
      <Text>Özgeçmiş Oyunu</Text>
    </Row>
    <Row Tag="LOC_PLAY_CIVILIZATION_6">
      <Text>Şimdi Oyna</Text>
    </Row>
    <Row Tag="LOC_SINGLE_PLAYER">
      <Text>Tek Oyuncu</Text>
    </Row>
    <Row Tag="LOC_PLAY_MULTIPLAYER">
      <Text>Çok Oyunculu</Text>
    </Row>
    <Row Tag="LOC_LOAD_GAME">
      <Text>Oyun Yükle</Text>
    </Row>
    <Row Tag="LOC_LOAD_CONFIG">
      <Text>Yük Konfigürasyonu</Text>
    </Row>
    <Row Tag="LOC_LOAD_MAP">
      <Text>Harita Yükle</Text>
    </Row>
    <Row Tag="LOC_LOAD_TILED">
      <Text>Editörden Harita Aktarma</Text>
    </Row>
    <Row Tag="LOC_OPEN_DIRECTORY">
      <Text>Açık</Text>
    </Row>
    <Row Tag="LOC_NO_FILE_SELECTED">
      <Text>Şu anda seçili dosya yok</Text>
    </Row>
    <Row Tag="LOC_MAIN_MENU_OPTIONS">
      <Text>Oyun Seçenekleri</Text>
    </Row>
    <Row Tag="LOC_MAIN_MENU_MODS">
      <Text>Modlar</Text>
    </Row>
    <Row Tag="LOC_MAIN_MENU_MODS_AND_DLC">
      <Text>Modlar ve DLC</Text>
    </Row>
    <Row Tag="LOC_MAIN_MENU_MODS_AND_DLC_TT">
      <Text>Civilization VI'yı genişletmek ve geliştirmek için modifikasyonlar ve indirilebilir içerik.</Text>
    </Row>
    <Row Tag="LOC_MAIN_MENU_MY2K_LOGIN">
      <Text>My2K Giriş</Text>
    </Row>
    <Row Tag="LOC_MAIN_MENU_EXIT_TO_DESKTOP">
      <Text>Masaüstüne Çıkış</Text>
    </Row>
    <Row Tag="LOC_MAIN_MENU_BENCH">
      <Text>Benchmark</Text>
    </Row>
    <Row Tag="LOC_MAIN_MENU_CREDITS">
      <Text>Krediler</Text>
    </Row>
    <Row Tag="LOC_MAIN_MENU_TUTORIAL">
      <Text>Öğretici</Text>
    </Row>
    <!-- Load / Save Menus -->
    <Row Tag="LOC_DELETE_BUTTON">
      <Text>Silme</Text>
    </Row>
    <Row Tag="LOC_BACK_BUTTON">
      <Text>Geri</Text>
    </Row>
    <Row Tag="LOC_AUTOSAVES">
      <Text>Otomatik Kaydetmeler</Text>
    </Row>
    <Row Tag="LOC_STEAMCLOUD">
      <Text>Bulut</Text>
    </Row>
    <Row Tag="LOC_2K_CLOUD">
      <Text>Çok Platformlu Bulut</Text>
    </Row>
    <Row Tag="LOC_STANDARD_CLOUD_SAVES_HELP">
      <Text>Standart Bulut Kayıtları - Civilization VI'nın PC, Mac ve Linux sürümleriyle uyumlu</Text>
    </Row>
    <Row Tag="LOC_2K_CLOUD_SAVES_HELP">
      <Text>Çok Platformlu Bulut Kayıtları - desteklenen platformlarla uyumludur (Ana Menüde 2K hesabının etkinleştirilmesini gerektirir)</Text>
    </Row>
    <Row Tag="LOC_NO_SAVED_GAMES">
      <Text>Kayıtlı oyun yok</Text>
    </Row>
    <Row Tag="LOC_NO_SAVED_CONFIGS">
      <Text>Kaydedilmiş konfigürasyon yok</Text>
    </Row>
    <Row Tag="LOC_NO_SAVED_MAPS">
      <Text>Kayıtlı harita yok</Text>
    </Row>
    <Row Tag="LOC_SORTBY_NAME">
      <Text>İsme Göre Sırala</Text>
    </Row>
    <Row Tag="LOC_SORTBY_LASTMODIFIED">
      <Text>Son Değiştirilene Göre Sırala</Text>
    </Row>
    <Row Tag="LOC_LOAD_MENU_MODS">
      <Text>MODLAR</Text>
    </Row>
    <Row Tag="LOC_LOAD_MENU_DLC">
      <Text>DLC</Text>
    </Row>
    <Row Tag="LOC_SAVE_GAME">
      <Text>Oyunu Kaydet</Text>
    </Row>
    <Row Tag="LOC_SAVE_MAP_BUTTON">
      <Text>Haritayı Kaydet</Text>
    </Row>
    <Row Tag="LOC_SAVE_CONFIG">
      <Text>Yapılandırmayı Kaydet</Text>
    </Row>
    <Row Tag="LOC_SAVE_OBSERVER_MODE_TT">
      <Text>Gözlemci modundayken kaydedilemiyor.</Text>
    </Row>
    <Row Tag="LOC_SAVE_AT_MAXIMUM_CLOUD_SAVES_TOOLTIP">
      <Text>Maksimum Bulut kayıt sayısına ulaştınız. Bir kaydın üzerine yazın veya silin.</Text>
    </Row>
    <Row Tag="LOC_SAVE_INVALID_FILE_NAME_TOOLTIP">
      <Text>Geçersiz dosya adı.</Text>
    </Row>
    <Row Tag="LOC_SAVE_WAITING_FOR_CLOUD_SAVE_LIST_TOOLTIP">
      <Text>Bulut kayıt listesini bekliyorum.</Text>
    </Row>
    <Row Tag="LOC_CONFIRM_TITLE_TXT">
      <Text>Üzerine Yazmayı Onayla</Text>
    </Row>
    <Row Tag="LOC_CONFIRM_DELETE_TITLE_TXT">
      <Text>Silme İşlemini Onayla</Text>
    </Row>
    <Row Tag="LOC_CONFIRM_CHOICE">
      <Text>Emin misin?</Text>
    </Row>
    <Row Tag="LOC_CONFIRM_EXIT_TXT">
      <Text>Oyundan çıkmak istediğinizden emin misiniz?</Text>
    </Row>
    <Row Tag="LOC_CONFIRM_TXT">
      <Text>Bu, kaydetme dosyanızı kalıcı olarak silecektir. Bunu yapmak istediğinizden emin misiniz?</Text>
    </Row>
    <Row Tag="LOC_CONFIRM_TITLE_LOAD_TXT">
      <Text>Dosya Yüklemeyi Onayla</Text>
    </Row>
    <Row Tag="LOC_CONFIRM_LOAD_TXT">
      <Text>Bu, kaydedilmemiş tüm ilerlemeyi kaybedecektir. Bunu yapmak istediğinizden emin misiniz?</Text>
    </Row>
    <Row Tag="LOC_OVERWRITE_TXT">
      <Text>Bu, mevcut kayıt dosyanızın üzerine yazacaktır. Bunu yapmak istediğinizden emin misiniz?</Text>
    </Row>
    <Row Tag="LOC_DELETE_MOD_TXT">
      <Text>Bu, bu Modu kalıcı olarak silecektir. Bunu yapmak istediğine emin misin?</Text>
    </Row>
    <Row Tag="LOC_CONFIRM_DISABLE_MOD">
      <Text>Bu modu devre dışı bırakmak istediğinizden emin misiniz?</Text>
    </Row>
    <Row Tag="LOC_WILL_ALSO_DISABLE_MODS">
      <Text>Bu aynı zamanda aşağıdaki modları da devre dışı bırakacaktır:</Text>
    </Row>
    <Row Tag="LOC_CONFIRM_ENABLE_MOD">
      <Text>Bu modu etkinleştirmek istediğinizden emin misiniz?</Text>
    </Row>
    <Row Tag="LOC_WILL_ALSO_ENABLE_MODS">
      <Text>Bu aynı zamanda aşağıdaki modları da etkinleştirecektir:</Text>
    </Row>
    <Row Tag="LOC_EFFECTED_MODS_TXT">
      <Text>Etkilenen Modlar:</Text>
    </Row>
    <Row Tag="LOC_MOD_VERSION_AVAILABLE">
      <Text>Sürüm {1_VersionNumber} mevcuttur.</Text>
    </Row>
    <Row Tag="LOC_LOADSAVE_CURRENT_TURN">
      <Text>DÖNÜŞ[ICON_Turn] {1}</Text>
    </Row>
    <Row Tag="LOC_LOADSAVE_SCENARIO_HEADER_TITLE">
      <Text>Senaryo Açıklaması</Text>
    </Row>
    <Row Tag="LOC_LOADSAVE_GAME_OPTIONS_HEADER_TITLE">
      <Text>Oyun Seçenekleri</Text>
    </Row>
    <Row Tag="LOC_LOADSAVE_GAME_OPTIONS_RULESET_TYPE_TITLE">
      <Text>Kural seti:</Text>
    </Row>
    <Row Tag="LOC_LOADSAVE_GAME_OPTIONS_MAP_TYPE_TITLE">
      <Text>Harita Türü:</Text>
    </Row>
    <Row Tag="LOC_LOADSAVE_GAME_OPTIONS_MAP_SIZE_TITLE">
      <Text>Harita Boyutu:</Text>
    </Row>
    <Row Tag="LOC_LOADSAVE_GAME_OPTIONS_WORLD_AGE_TITLE">
      <Text>Dünya Çağı:</Text>
    </Row>
    <Row Tag="LOC_LOADSAVE_SAVED_BY_VERSION_TITLE">
      <Text>Versiyona Göre Kaydedildi:</Text>
    </Row>
    <Row Tag="LOC_LOADSAVE_GAME_OPTIONS_ADVANCED_TITLE">
      <Text>Gelişmiş Seçenekler:</Text>
    </Row>
    <Row Tag="LOC_LOADSAVE_NO_MAP_DATA">
      <Text>HARİTA VERİSİ YOK</Text>
    </Row>
    <Row Tag="LOC_LOADSAVE_TUNER_ACTIVE_TITLE">
      <Text>Tuner Aktif:</Text>
    </Row>
    <Row Tag="LOC_LOADSAVE_QUICK_SAVE">
      <Text>(Hızlı Kaydet)</Text>
    </Row>
    <!-- Advanced Game Setup -->
    <Row Tag="LOC_NETWORK_NAME_TT">
      <Text>Ağ Adı[NEWLINE]Adınız diğer oyunculara bu şekilde görünecektir.</Text>
    </Row>
    <Row Tag="LOC_NUMBER_OF_CIVILIZATIONS">
      <Text>Uygarlık Sayısı</Text>
    </Row>
    <Row Tag="LOC_PLAYERS">
      <Text>Oyuncular</Text>
    </Row>
    <Row Tag="LOC_TEAM">
      <Text>Takım| Takımlar
 	 	 	 1| 2</Text>
      <Plurality>1|2</Plurality>
    </Row>
    <Row Tag="LOC_TEAM_GENERIC_NAME">
      <Text>Takım {1_Number}</Text>
    </Row>
    <Row Tag="LOC_TEAM_UNKNOWN_NAME">
      <Text>Bilinmeyen Ekip</Text>
    </Row>
    <Row Tag="LOC_BACK">
      <Text>Geri</Text>
    </Row>
    <Row Tag="LOC_GAME_HANDICAP">
      <Text>Oyun Zorluğu</Text>
    </Row>
    <Row Tag="LOC_OPTIONS">
      <Text>Seçenekler</Text>
    </Row>
    <Row Tag="LOC_MAP_OPTIONS">
      <Text>Harita Seçenekleri</Text>
    </Row>
    <!-- Multiplayer Game Abandoned Popup -->
    <Row Tag="LOC_GAME_ABANDONED_KICKED">
      <Text>Ev sahibi tarafından oyundan atıldınız.</Text>
    </Row>
    <Row Tag="LOC_GAME_ABANDONED_KICKED_TITLE">
      <Text>Tekmelendi!</Text>
    </Row>
    <Row Tag="LOC_GAME_ABANDONED_HOST_LOSTED">
      <Text>Ana bilgisayarla ağ bağlantısı kesildi.</Text>
    </Row>
    <Row Tag="LOC_GAME_ABANDONED_HOST_LOSTED_TITLE">
      <Text>Ana Bilgisayar Bağlantısı Kayboldu</Text>
    </Row>
    <Row Tag="LOC_GAME_ABANDONED_ROOM_FULL">
      <Text>Oyun maksimum oyuncu sayısına sahiptir.</Text>
    </Row>
    <Row Tag="LOC_GAME_ABANDONED_ROOM_FULL_TITLE">
      <Text>Tam Oyun</Text>
    </Row>
    <Row Tag="LOC_GAME_ABANDONED_VERSION_MISMATCH">
      <Text>Ana bilgisayar ile sürüm uyuşmazlığı.</Text>
    </Row>
    <Row Tag="LOC_GAME_ABANDONED_VERSION_MISMATCH_TITLE">
      <Text>Sürüm Uyuşmazlığı</Text>
    </Row>
    <Row Tag="LOC_GAME_ABANDONED_MOD_ERROR">
      <Text>Ek içerik uygulanamıyor.</Text>
    </Row>
    <Row Tag="LOC_GAME_ABANDONED_MOD_ERROR_TITLE">
      <Text>Mod Hatası</Text>
    </Row>
    <Row Tag="LOC_GAME_ABANDONED_MOD_MISSING">
      <Text>Ek içerik gereklidir ancak ya satın alınmamıştır ya da yüklenmemiştir.[NEWLINE]İçerik:[NEWLINE]</Text>
    </Row>
    <Row Tag="LOC_GAME_ABANDONED_MOD_MISSING_TITLE">
      <Text>Mod Eksik</Text>
    </Row>
    <Row Tag="LOC_GAME_ABANDONED_MOD_ACCESS_DENIED">
      <Text>Steam Atölyesi gerekli ek içeriğe erişimi reddetti.[NEWLINE]İçerik:[NEWLINE]</Text>
    </Row>
    <Row Tag="LOC_GAME_ABANDONED_MOD_MISSING_DOWNLOADS_DISABLED">
      <Text>Bu oyun, yüklü olmayan ek içerik gerektirmektedir.  Ek içeriğin otomatik olarak indirilmesi şu anda devre dışıdır.  Otomatik indirmeler Oyun Seçeneklerinden etkinleştirilebilir.[NEWLINE]İçerik:[NEWLINE]</Text>
    </Row>
    <Row Tag="LOC_GAME_ABANDONED_CONNECTION_LOST">
      <Text>Ağ bağlantısı kesildi.</Text>
    </Row>
    <Row Tag="LOC_GAME_ABANDONED_CONNECTION_LOST_TITLE">
      <Text>Bağlantı kesildi</Text>
    </Row>
    <Row Tag="LOC_GAME_ABANDONED_JOIN_FAILED">
      <Text>Çok oyunculu oturuma katılırken hata oluştu.</Text>
    </Row>
    <Row Tag="LOC_GAME_ABANDONED_JOIN_FAILED_TITLE">
      <Text>Katılma Başarısız</Text>
    </Row>
    <Row Tag="LOC_GAME_ABANDONED_MATCH_DELETED">
      <Text>Ev sahibi oyunu sildi.</Text>
    </Row>
    <Row Tag="LOC_GAME_ABANDONED_MATCH_DELETED_TITLE">
      <Text>Oyun Silindi</Text>
    </Row>
    <!-- Multiplayer PlayByCloud End Turn Error Popup -->
    <Row Tag="LOC_GAME_CLOUD_END_TURN_FAILED">
      <Text>Oyun, bir hata nedeniyle oyun sıranızı işleyemedi. İnternet bağlantınızı kontrol edin ve tekrar deneyin.[NEWLINE]Hata Kodu: {1_ErrorCode}</Text>
    </Row>
    <Row Tag="LOC_GAME_CLOUD_END_TURN_FAILED_TITLE">
      <Text>Dönüş Sonu Başarısız</Text>
    </Row>
    <!-- Multiplayer Select Screen-->
    <Row Tag="LOC_MULTIPLAYER_DEFAULT_GAME_NAME">
      <Text>{1_PlayerName}'nin Oyunu</Text>
    </Row>
    <Row Tag="LOC_MULTIPLAYER_STANDARD_GAME">
      <Text>Standart</Text>
    </Row>
    <Row Tag="LOC_MULTIPLAYER_STANDARD_GAME_TT">
      <Text>Oyuncuların birbirleriyle sürekli olarak sırayla oynadıkları çok oyunculu bir oyun oynayın.</Text>
    </Row>
    <Row Tag="LOC_MULTIPLAYER_INTERNET_GAME">
      <Text>İnternet</Text>
    </Row>
    <Row Tag="LOC_MULTIPLAYER_INTERNET_GAME_OFFLINE">
      <Text>[ICON_CheckFail] İnternet</Text>
    </Row>
    <Row Tag="LOC_MULTIPLAYER_INTERNET_GAME_TT">
      <Text>İnternet üzerinden çok oyunculu bir oyun oynayın.</Text>
    </Row>
    <Row Tag="LOC_MULTIPLAYER_INTERNET_GAME_OFFLINE_TT">
      <Text>Steam çevrimdışıyken internet oyunları kullanılamaz.</Text>
    </Row>
    <Row Tag="LOC_MULTIPLAYER_INTERNET_GAME_OFFLINE_AGE_TT">
      <Text>Bu bağlantılı 2K Hesabı ile ilişkili yaş, oyunun belirli bölümlerine erişmek için yasal yaş gereksinimlerini karşılamıyor. Lütfen yardım için müşteri desteğiyle iletişime geçin.</Text>
    </Row>
    <Row Tag="LOC_MULTIPLAYER_LAN_GAME">
      <Text>Yerel Ağ</Text>
    </Row>
    <Row Tag="LOC_MULTIPLAYER_LAN_GAME_TT">
      <Text>Yerel ağ üzerinde çok oyunculu bir oyun oynayın.</Text>
    </Row>
    <Row Tag="LOC_MULTIPLAYER_HOTSEAT_GAME">
      <Text>Sıcak Koltuk</Text>
    </Row>
    <Row Tag="LOC_MULTIPLAYER_HOTSEAT_GAME_TT">
      <Text>Oyuncuların bu makinede dönüşümlü olarak sırayla yer aldığı çok oyunculu bir oyun oynayın.</Text>
    </Row>
    <Row Tag="LOC_MENU_BACK">
      <Text>Geri</Text>
    </Row>
    <!-- Multiplayer Chat Commands -->
    <Row Tag="LOC_CHAT_HELP_COMMAND_HINT">
      <Text>[COLOR:ChatMessage_Help]Sohbet komutu yardımı için \help yazın [ENDCOLOR].</Text>
    </Row>
    <Row Tag="LOC_CHAT_HELP_COMMAND_TEXT">
      <Text>[COLOR:ChatMessage_Help]SOHBET KOMUTLARI[NEWLINE]\t Bir takım kanalına mesaj gönder[NEWLINE]\g Bir global kanala mesaj gönder[NEWLINE]\w [PlayerName] Bir oyuncuya fısıldayarak mesaj gönder[NEWLINE]\r Bir fısıltıyı yanıtla[NEWLINE]\help Bu yardım mesajını görüntüler[ENDCOLOR]</Text>
    </Row>
    <!-- Multiplayer Lobby Screen -->
    <Row Tag="LOC_MULTIPLAYER_REFRESH_GAME_LIST">
      <Text>YENİLE</Text>
    </Row>
    <Row Tag="LOC_MULTIPLAYER_REFRESH_GAME_LIST_TT">
      <Text>En son oyun listesi bilgilerini alın.</Text>
    </Row>
    <Row Tag="LOC_MULTIPLAYER_STOP_REFRESH_GAME_LIST">
      <Text>DURDUR YENİLE</Text>
    </Row>
    <Row Tag="LOC_MULTIPLAYER_STOP_REFRESH_GAME_LIST_TT">
      <Text>Oyun listesi bilgilerinin alınmasını durdurun.</Text>
    </Row>
    <Row Tag="LOC_MULTIPLAYER_BACK">
      <Text>GERİ</Text>
    </Row>
    <Row Tag="LOC_MULTIPLAYER_END_GAME">
      <Text>SİL</Text>
    </Row>
    <Row Tag="LOC_MULTIPLAYER_ENDING_GAME_TITLE">
      <Text>Oyunu Sil</Text>
    </Row>
    <Row Tag="LOC_MULTIPLAYER_ENDING_GAME_PROMPT">
      <Text>Oyun Bitiyor...</Text>
    </Row>
    <Row Tag="LOC_MULTIPLAYER_ENDING_GAME_FAIL_TITLE">
      <Text>Hatayı Sil</Text>
    </Row>
    <Row Tag="LOC_MULTIPLAYER_ENDING_GAME_FAIL">
      <Text>Oyun sonlandırılırken hata oluştu.</Text>
    </Row>
    <Row Tag="LOC_MULTIPLAYER_ENDING_GAME_FAIL_ACCEPT">
      <Text>Tamam.</Text>
    </Row>
    <Row Tag="LOC_MULTIPLAYER_GAME_LAUNCH_FAILED_TITLE">
      <Text>Başlatma Hatası</Text>
    </Row>
    <Row Tag="LOC_MULTIPLAYER_GAME_LAUNCH_FAILED">
      <Text>Oyun başlatılamadı.</Text>
    </Row>
    <Row Tag="LOC_MULTIPLAYER_GAME_LAUNCH_FAILED_ACCEPT">
      <Text>Tamam.</Text>
    </Row>
    <Row Tag="LOC_MULTIPLAYER_JOIN_GAME">
      <Text>Oyuna Katıl</Text>
    </Row>
    <Row Tag="LOC_MULTIPLAYER_JOIN_GAME_TT">
      <Text>Mevcut bir çok oyunculu oyuna katılın.</Text>
    </Row>
    <Row Tag="LOC_MULTIPLAYER_JOIN_CODE">
      <Text>Katılım Kodunu Kullanın</Text>
    </Row>
    <Row Tag="LOC_MULTIPLAYER_JOIN_CODE_TT">
      <Text>Katılma Kodu kullanarak mevcut bir çok oyunculu oyuna katılın.</Text>
    </Row>
    <Row Tag="LOC_MISC_BACK">
      <Text>Geri</Text>
    </Row>
    <Row Tag="LOC_MULTIPLAYER_CONNECT_TO_IP">
      <Text>IP Adresine Bağlan</Text>
    </Row>
    <Row Tag="LOC_MULTIPLAYER_CONNECT_TO_IP_TT">
      <Text>Belirli bir genel IP adresindeki bir pitboss oyununa bağlanın.</Text>
    </Row>
    <Row Tag="LOC_MULTIPLAYER_CREATE_GAME">
      <Text>Oyun Oluştur</Text>
    </Row>
    <Row Tag="LOC_MULTIPLAYER_CONFIRM_SETTINGS">
      <Text>Ayarları Onayla</Text>
    </Row>
    <Row Tag="LOC_MULTIPLAYER_HOST_GAME">
      <Text>ÇOK OYUNCULU OYUN KURULUMU</Text>
    </Row>
    <Row Tag="LOC_MULTIPLAYER_HOST_GAME_TT">
      <Text>Yeni bir çok oyunculu oyun başlatın.</Text>
    </Row>
    <Row Tag="LOC_MULTIPLAYER_LOAD_GAME_TT">
      <Text>Mevcut bir kayıttan çok oyunculu bir oyun oluşturun.</Text>
    </Row>
    <Row Tag="LOC_MULTIPLAYER_FRIENDS">
      <Text>Arkadaşlar</Text>
    </Row>
    <Row Tag="LOC_MULTIPLAYER_SHOW_FRIENDS">
      <Text>Arkadaş Listesini Göster</Text>
    </Row>
    <Row Tag="LOC_MULTIPLAYER_GAME_SETUP">
      <Text>OYUN KURULUMU</Text>
    </Row>
    <Row Tag="LOC_MULTIPLAYER_GAME_SUMMARY">
      <Text>OYUN ÖZETİ</Text>
    </Row>
    <Row Tag="LOC_MULTIPLAYER_GAME_NAME">
      <Text>Oyun Adı</Text>
    </Row>
    <Row Tag="LOC_MULTIPLAYER_GAME_RULESET">
      <Text>Kural Seti</Text>
    </Row>
    <Row Tag="LOC_AD_SETUP_MAP_TYPE">
      <Text>Harita Türü</Text>
    </Row>
    <Row Tag="LOC_AD_SETUP_GAME_SPEED">
      <Text>Oyun Hızı</Text>
    </Row>
    <Row Tag="LOC_AD_SETUP_MAP_SIZE">
      <Text>Harita Boyutu</Text>
    </Row>
    <Row Tag="LOC_MULTIPLAYER_PLAYERS">
      <Text>Oyuncular</Text>
    </Row>
    <Row Tag="LOC_MULTIPLAYER_DLCHOSTED">
      <Text>DLC</Text>
    </Row>
    <Row Tag="LOC_MULTIPLAYER_MODSHOSTED">
      <Text>Modlar</Text>
    </Row>
    <Row Tag="LOC_STAGING_ROOM_LOADING_SAVE">
      <Text>Oyun Kaydetme Yükleniyor</Text>
    </Row>
    <Row Tag="LOC_STAGING_ROOM_GAME_IN_PROGRESS">
      <Text>Oyun Devam Ediyor</Text>
    </Row>
    <Row Tag="LOC_MULTIPLAYER_INTERNET_LOBBY">
      <Text>İNTERNET OYUNLARI</Text>
    </Row>
    <Row Tag="LOC_MULTIPLAYER_LAN_LOBBY">
      <Text>YEREL AĞ OYUNLARI</Text>
    </Row>
    <Row Tag="LOC_MULTIPLAYER_LOBBY_MODS">
      <Text>Ek İçerik</Text>
    </Row>
    <Row Tag="LOC_MULTIPLAYER_LOBBY_GAMEMODES_OFFICIAL">
      <Text>Resmi Oyun Modları:</Text>
    </Row>
    <Row Tag="LOC_MULTIPLAYER_LOBBY_MODS_OFFICIAL">
      <Text>Resmi İçerik:</Text>
    </Row>
    <Row Tag="LOC_MULTIPLAYER_LOBBY_MODS_COMMUNITY">
      <Text>Topluluk İçeriği:</Text>
    </Row>
    <Row Tag="LOC_MULTIPLAYER_UNKNOWN">
      <Text>Bilinmiyor</Text>
    </Row>
    <Row Tag="LOC_MULTIPLAYER_UNKNOWN_MAP_SIZE">
      <Text>Bilinmeyen Harita Boyutu</Text>
    </Row>
    <Row Tag="LOC_MULTIPLAYER_TRUE">
      <Text>Doğru</Text>
    </Row>
    <Row Tag="LOC_MULTIPLAYER_FALSE">
      <Text>Yanlış</Text>
    </Row>
    <!-- Options -->
    <Row Tag="LOC_CONFIRM_KEY_BINDING">
      <Text>Anahtar Bağlamayı Onayla</Text>
    </Row>
    <Row Tag="LOC_CONFIRM">
      <Text>Onaylayın</Text>
    </Row>
    <Row Tag="LOC_OPTIONS_GAME">
      <Text>Oyun</Text>
    </Row>
    <Row Tag="LOC_OPTIONS_GRAPHICS">
      <Text>Grafikler</Text>
    </Row>
    <Row Tag="LOC_OPTIONS_AUDIO">
      <Text>Ses</Text>
    </Row>
    <Row Tag="LOC_OPTIONS_LANGUAGE">
      <Text>Dil</Text>
    </Row>
    <Row Tag="LOC_OPTIONS_INTERFACE">
      <Text>Arayüz</Text>
    </Row>
    <Row Tag="LOC_OPTIONS_KEY_BINDINGS">
      <Text>Anahtar Bağlamaları</Text>
    </Row>
    <Row Tag="LOC_OPTIONS_APPLICATION">
      <Text>Uygulama</Text>
    </Row>
    <Row Tag="LOC_OPTIONS_GAME_OPTIONS">
      <Text>Oyun Seçenekleri</Text>
    </Row>
    <Row Tag="LOC_OPTIONS_GRAPHICS_OPTIONS">
      <Text>Grafik Seçenekleri</Text>
    </Row>
    <Row Tag="LOC_OPTIONS_AUDIO_OPTIONS">
      <Text>Ses Seçenekleri</Text>
    </Row>
    <Row Tag="LOC_OPTIONS_LANGUAGE_OPTIONS">
      <Text>Dil Seçenekleri</Text>
    </Row>
    <Row Tag="LOC_OPTIONS_INTERFACE_OPTIONS">
      <Text>Arayüz Seçenekleri</Text>
    </Row>
    <Row Tag="LOC_OPTIONS_KEY_BINDINGS_OPTIONS">
      <Text>Anahtar Bağlamaları</Text>
    </Row>
    <Row Tag="LOC_OPTIONS_QUICK_COMBAT">
      <Text>Hızlı savaş:</Text>
    </Row>
    <Row Tag="LOC_OPTIONS_QUICK_MOVEMENT">
      <Text>Hızlı hareket:</Text>
    </Row>
    <Row Tag="LOC_OPTIONS_AUTO_END_TURN">
      <Text>Otomatik Son Dönüş:</Text>
    </Row>
    <Row Tag="LOC_OPTIONS_CITY_RANGE_ATTACK">
      <Text>Şehir Menzilli Saldırı Dönüş Engelleme:</Text>
    </Row>
    <Row Tag="LOC_OPTIONS_CITY_RANGE_ATTACK_TOOLTIP">
      <Text>Etkinleştirildiğinde, şehir menzilli saldırıları dönüş engelleme özelliğine sahip olur.</Text>
    </Row>
    <Row Tag="LOC_OPTIONS_TIME_OF_DAY">
      <Text>Günün saati:</Text>
    </Row>
    <Row Tag="LOC_OPTIONS_TUNER">
      <Text>Ayarlayıcı (başarıları devre dışı bırakır):</Text>
    </Row>
    <Row Tag="LOC_OPTIONS_TUTORIAL">
      <Text>Danışman:</Text>
    </Row>
    <Row Tag="LOC_OPTIONS_TURNS_BETWEEN_AUTOSAVES">
      <Text>Otomatik kaydetmeler arasında geçiş yapar:</Text>
    </Row>
    <Row Tag="LOC_OPTIONS_AUTOSAVES_TO_KEEP">
      <Text>Saklanacak otomatik kaydetme sayısı:</Text>
    </Row>
    <Row Tag="LOC_OPTIONS_LAN_PLAYER_NAME">
      <Text>Yerel Ağ Oyuncu Adı:</Text>
    </Row>
    <Row Tag="LOC_OPTIONS_AUTO_DOWNLOAD_ADDITIONAL_CONTENT">
      <Text>Ek İçeriği Otomatik İndir:</Text>
    </Row>
    <Row Tag="LOC_OPTIONS_AUTO_DOWNLOAD_ADDITIONAL_CONTENT_TOOLTIP">
      <Text>Çok oyunculu bir oyuna katılmak için gerekli olduğunda topluluk tarafından oluşturulan ek içeriği otomatik olarak indirin.</Text>
    </Row>
    <Row Tag="LOC_OPTIONS_STEAM_CONTROLLER_MESSAGE">
      <Text>Steam Kontrolcüsü yapılandırması Steam istemcisinin içinde gerçekleşir, bu kullanıcı arayüzünde değil.  Kaçış, sol fare düğmesi ve sağ fare düğmesi ayrılmıştır ve bağlanamaz.</Text>
    </Row>
    <Row Tag="LOC_OPTIONS_BIND_HEADER_PRIMARY">
      <Text>Birincil bağlama</Text>
    </Row>
    <Row Tag="LOC_OPTIONS_BIND_HEADER_ALT">
      <Text>Alternatif bağlama</Text>
    </Row>
    <Row Tag="LOC_OPTIONS_APPLICATION_OPTIONS">
      <Text>Uygulama Seçenekleri</Text>
    </Row>
    <Row Tag="LOC_OPTIONS_SPOKEN_LANGUAGE">
      <Text>Konuşulan dil:</Text>
    </Row>
    <Row Tag="LOC_OPTIONS_STRATEGIC_VIEW_START">
      <Text>Stratejik Görünüm'de başlayın:</Text>
    </Row>
    <Row Tag="LOC_OPTIONS_DISPLAY_LANGUAGE">
      <Text>Ekran Dili:</Text>
    </Row>
    <Row Tag="LOC_OPTIONS_MASTER_VOLUME">
      <Text>Ana Ses:</Text>
    </Row>
    <Row Tag="LOC_OPTIONS_MUSIC_VOLUME">
      <Text>Müzik sesi:</Text>
    </Row>
    <Row Tag="LOC_OPTIONS_EFFECTS_VOLUME">
      <Text>Ses Efektleri Ses Seviyesi:</Text>
    </Row>
    <Row Tag="LOC_OPTIONS_AMBIENT_VOLUME">
      <Text>Ortam Sesleri Ses Seviyesi:</Text>
    </Row>
    <Row Tag="LOC_OPTIONS_SPEECH_VOLUME">
      <Text>Konuşma Hacmi:</Text>
    </Row>
    <Row Tag="LOC_OPTIONS_MUTE_FOCUS">
      <Text>Oyun penceresi etkin olmadığında sesi kapatın:</Text>
    </Row>
    <Row Tag="LOC_OPTIONS_CLEAR">
      <Text>Temiz</Text>
    </Row>
    <!-- Front End Popop -->
    <Row Tag="LOC_CLOSE">
      <Text>Kapat</Text>
    </Row>
    <!-- Multiplayer Joining Room Screen -->
    <Row Tag="LOC_MULTIPLAYER_JOINING_ROOM_TITLE">
      <Text>LÜTFEN BEKLEYİN</Text>
    </Row>
    <Row Tag="LOC_MULTIPLAYER_JOINING_ROOM">
      <Text>Katılma Odası...</Text>
    </Row>
    <Row Tag="LOC_MULTIPLAYER_JOINING_HOST">
      <Text>Ana Bilgisayar Bilgilerini Alma...</Text>
    </Row>
    <Row Tag="LOC_MULTIPLAYER_CONFIGURING_CONTENT">
      <Text>Oyun İçeriğini Yapılandırma...</Text>
    </Row>
    <Row Tag="LOC_MULTIPLAYER_CONNECTING_TO_PLAYERS">
      <Text>Oyunculara Bağlanıyor...</Text>
    </Row>
    <Row Tag="LOC_MULTIPLAYER_MATCHMAKING">
      <Text>Bir Oyun Bulmak...</Text>
    </Row>
    <Row Tag="LOC_MP_ROOM_FULL">
      <Text>Oyuna katılınamıyor. Oyun maksimum oyuncu sayısına sahip.</Text>
    </Row>
    <Row Tag="LOC_MP_ROOM_FULL_TITLE">
      <Text>Tam Oyun</Text>
    </Row>
    <Row Tag="LOC_MP_JOIN_FAILED">
      <Text>Çok oyunculu oturuma katılırken hata oluştu.</Text>
    </Row>
    <Row Tag="LOC_MP_JOIN_FAILED_TITLE">
      <Text>Katılma Başarısız</Text>
    </Row>
    <Row Tag="LOC_MP_ROOM_GAME_STARTED">
      <Text>Oyuna katılamıyorum. Oyun zaten başlatıldı.</Text>
    </Row>
    <Row Tag="LOC_MP_ROOM_GAME_STARTED_TITLE">
      <Text>Katılma Başarısız</Text>
    </Row>
    <!-- Multiplayer Staging Room Screen -->
    <Row Tag="LOC_MP_SWAP_PLAYER">
      <Text>Takas</Text>
    </Row>
    <Row Tag="TXT_KEY_MP_SWAP_BUTTON_TT">
      <Text>Bu oyuncu yuvasına takas edin.</Text>
    </Row>
    <Row Tag="TXT_KEY_MP_SWAP_WITH_PLAYER_BUTTON_TT">
      <Text>Sadece diğer oyuncu da takas etmeyi seçerse bu oyuncu yuvasına takas edin.</Text>
    </Row>
    <Row Tag="LOC_MP_KICK_PLAYER">
      <Text>Tekme Oyuncusu</Text>
    </Row>
    <Row Tag="LOC_MULTIPLAYER_STAGING_ROOM">
      <Text>Hazırlık Odası</Text>
    </Row>
    <Row Tag="LOC_READY_BUTTON">
      <Text>Hazır</Text>
    </Row>
    <Row Tag="LOC_ARE_YOU_READY">
      <Text>Hazır mısın?</Text>
    </Row>
    <Row Tag="LOC_MP_GAME_SUMMARY_GAME_SETTINGS">
      <Text>Oyun Ayarları</Text>
    </Row>
    <Row Tag="LOC_MP_GAME_SUMMARY_ADDITIONAL_CONTENT">
      <Text>Ek İçerik</Text>
    </Row>
    <!-- Multiplayer Status Strings -->
    <Row Tag="LOC_READY_LABEL">
      <Text>Hazır!</Text>
    </Row>
    <Row Tag="LOC_NOT_READY">
      <Text>Hazır Değil</Text>
    </Row>
    <Row Tag="LOC_INVALID_SLOT_MAP_SIZE">
      <Text>[COLOR:StagingStatus_Invalid]Harita Boyutu için Geçersiz [ENDCOLOR]</Text>
    </Row>
    <Row Tag="LOC_INVALID_SLOT_MAP_SIZE_TT">
      <Text>Bu oyuncu yuvası mevcut harita boyutu için kullanılamıyor. Ev sahibinin harita boyutunu artırmasını veya uygun bir oyuncu yuvasına geçmesini sağlayın.</Text>
    </Row>
    <Row Tag="LOC_INVALID_SLOT_HUMAN_REQUIRED">
      <Text>[COLOR:StagingStatus_Invalid]Oyuncu Gerekiyor [ENDCOLOR]</Text>
    </Row>
    <Row Tag="LOC_INVALID_SLOT_HUMAN_REQUIRED_TT">
      <Text>Oyuna başlamak için bu oyuncu slotunun bir insan oyuncu tarafından doldurulması gerekir.</Text>
    </Row>
    <!-- Multiplayer Status Strings END -->
    <Row Tag="LOC_JOIN">
      <Text>Katılın!</Text>
    </Row>
    <Row Tag="LOC_SLOTTYPE_OPEN">
      <Text>Açık</Text>
    </Row>
    <Row Tag="LOC_SLOTTYPE_OPEN_TT">
      <Text>Açık slotlar katılan oyuncular tarafından doldurulabilir.</Text>
    </Row>
    <Row Tag="LOC_SLOTTYPE_HUMANREQ">
      <Text>Açık</Text>
    </Row>
    <Row Tag="LOC_SLOTTYPE_HUMANREQ_TT">
      <Text>Açık slotlar, oyunun başlayabilmesi için bir insan oyuncu gerektirir.</Text>
    </Row>
    <Row Tag="LOC_SLOTTYPE_OBSERVER">
      <Text>Gözlemci</Text>
    </Row>
    <Row Tag="LOC_SLOTTYPE_OBSERVER_TT">
      <Text>Oyuna doğrudan katılmak yerine gözlemleyin.</Text>
    </Row>
    <Row Tag="LOC_SLOTLABEL_HOST">
      <Text>[ICON_Host] Ev sahibi</Text>
    </Row>
    <Row Tag="LOC_SLOTLABEL_PLAYER">
      <Text>Oyuncu</Text>
    </Row>
    <Row Tag="LOC_SLOTLABEL_COMPUTER">
      <Text>Bilgisayar</Text>
    </Row>
    <Row Tag="LOC_SLOTLABEL_OPEN">
      <Text>Açık</Text>
    </Row>
    <Row Tag="LOC_SLOTLABEL_OBSERVER">
      <Text>Gözlemci</Text>
    </Row>
    <Row Tag="LOC_SLOTLABEL_OBSERVER_HOST">
      <Text>[ICON_Host] Gözlemci</Text>
    </Row>
    <Row Tag="LOC_SLOTTYPE_AI">
      <Text>YAPAY ZEKA</Text>
    </Row>
    <Row Tag="LOC_SLOTTYPE_AI_TT">
      <Text>Yapay Zeka Oyuncusu</Text>
    </Row>
    <Row Tag="LOC_SLOTTYPE_CLOSED">
      <Text>Kapalı</Text>
    </Row>
    <Row Tag="LOC_SLOTTYPE_CLOSED_TT">
      <Text>Kapalı slotlar oyuncular tarafından kullanılamaz.</Text>
    </Row>
    <Row Tag="LOC_SLOTTYPE_HUMAN">
      <Text>İnsan</Text>
    </Row>
    <Row Tag="LOC_SLOTTYPE_HUMAN_TT">
      <Text>İnsan Oyuncu</Text>
    </Row>
    <Row Tag="LOC_MULTIPLAYER_DEFAULT_NO_TEAM_NAME">
      <Text>Hiçbiri</Text>
    </Row>
    <Row Tag="LOC_MULTIPLAYER_DEFAULT_TEAM_NAME">
      <Text>{1_Num}</Text>
    </Row>
    <Row Tag="LOC_CREATE_NEW_TEAM">
      <Text>Yeni</Text>
    </Row>
    <Row Tag="LOC_MULTIPLAYER_TEAM_HEADER">
      <Text>Takım</Text>
    </Row>
    <Row Tag="LOC_MULTIPLAYER_DIFFICULTY_HEADER">
      <Text>Zorluk</Text>
    </Row>
    <Row Tag="LOC_MULTIPLAYER_READY_HEADER">
      <Text>Hazır mısın?</Text>
    </Row>
    <Row Tag="LOC_MULTIPLAYER_CIV_LEADER_HEADER">
      <Text>Uygarlık ve Lider</Text>
    </Row>
    <Row Tag="LOC_GAMESTART_COUNTDOWN_FORMAT">
      <Text>Oyun Başlıyor</Text>
    </Row>
    <Row Tag="LOC_READY_COUNTDOWN_FORMAT">
      <Text>Hazır Olun</Text>
    </Row>
    <Row Tag="LOC_WAITING_FOR_PLAYERS_COUNTDOWN_FORMAT">
      <Text>Oyuncuları Bekliyoruz</Text>
    </Row>
    <Row Tag="LOC_HOTSEAT_DEFAULT_PLAYER_NAME">
      <Text>Oyuncu</Text>
    </Row>
    <Row Tag="LOC_MULTIPLAYER_HOTSEAT_PASSWORD">
      <Text>Şifre</Text>
    </Row>
    <Row Tag="LOC_MULTIPLAYER_HOTSEAT_PASSWORD_VERIFY">
      <Text>Yeniden yaz</Text>
    </Row>
    <Row Tag="LOC_MULTIPLAYER_HOTSEAT_PASSWORDS_MATCH">
      <Text>Maç</Text>
    </Row>
    <Row Tag="LOC_MULTIPLAYER_HOTSEAT_PASSWORDS_DONT_MATCH">
      <Text>Şifreler Eşleşmiyor.</Text>
    </Row>
    <!-- Staging Room Ready Button-->
    <Row Tag="LOC_READY_UNSUPPORTED">
      <Text>Desteklenmiyor.</Text>
    </Row>
    <Row Tag="LOC_READY_UNSUPPORTED_TT">
      <Text>Desteklenmeyen oyuncu sayısı.</Text>
    </Row>
    <Row Tag="LOC_READY_BLOCKED_TEAMS_INVALID">
      <Text>Geçersiz Ekipler</Text>
    </Row>
    <Row Tag="LOC_READY_BLOCKED_TEAMS_INVALID_TT">
      <Text>Oyun başlatılamıyor. Tüm uygarlıklar aynı takımda.</Text>
    </Row>
    <Row Tag="LOC_READY_BLOCKED_CONNECTING_PLAYER">
      <Text>Oyun başlatılamıyor. Oyuncular oyuna katılıyor.</Text>
    </Row>
    <Row Tag="LOC_READY_BLOCKED_PLAYER_MAP_SIZE">
      <Text>Harita Boyutu Sorunu</Text>
    </Row>
    <Row Tag="LOC_READY_BLOCKED_PLAYER_MAP_SIZE_TT">
      <Text>Oyun başlatılamıyor. Bir oyuncu mevcut harita boyutu için geçersiz bir oyuncu yuvasında. Mevcut harita sadece {1_number} oyuncuyu destekliyor.</Text>
    </Row>
    <Row Tag="LOC_READY_BLOCKED_NOT_ENOUGH_PLAYERS">
      <Text>Yeterli Oyuncu Yok</Text>
    </Row>
    <Row Tag="LOC_READY_BLOCKED_NOT_ENOUGH_PLAYERS_TT">
      <Text>Oyun başlatılamıyor. Başlamak için iki oyuncu gereklidir.</Text>
    </Row>
    <Row Tag="LOC_READY_BLOCKED_PLAYERS_CONNECTING">
      <Text>Oyuna Katılan Oyuncular</Text>
    </Row>
    <Row Tag="LOC_READY_BLOCKED_PLAYERS_CONNECTING_TT">
      <Text>Oyuna katılacak oyuncuları bekliyorum.</Text>
    </Row>
    <Row Tag="LOC_READY_BLOCKED_PLAYERS_NOT_MOD_READY">
      <Text>Oyuncu Kayıp Modları</Text>
    </Row>
    <Row Tag="LOC_READY_BLOCKED_PLAYERS_NOT_MOD_READY_TT">
      <Text>Bu oyun için gerekli modlara sahip olmayan oyuncuları bekliyorum.</Text>
    </Row>
    <Row Tag="LOC_READY_BLOCKED_HOTSEAT_PASSWORD_MISMATCH">
      <Text>Parola Uyuşmazlığı</Text>
    </Row>
    <Row Tag="LOC_READY_BLOCKED_HOTSEAT_PASSWORD_MISMATCH_TT">
      <Text>Tüm parolalar eşleşmelidir.</Text>
    </Row>
    <Row Tag="LOC_READY_BLOCKED_HOTSEAT_NO_HUMAN_PLAYERS">
      <Text>İnsan Oyuncu Yok</Text>
    </Row>
    <Row Tag="LOC_READY_BLOCKED_HOTSEAT_NO_HUMAN_PLAYERS_TT">
      <Text>En az 1 insan oyuncuya ihtiyaç var</Text>
    </Row>
    <Row Tag="LOC_READY_BLOCKED_HOTSEAT_INVALID_TEAMS">
      <Text>Geçersiz Ekipler</Text>
    </Row>
    <Row Tag="LOC_READY_BLOCKED_HOTSEAT_INVALID_TEAMS_TT">
      <Text>En az 2 oyuncunun farklı takımlarda olması gerekir</Text>
    </Row>
    <!-- Staging Room Invite Button -->
    <Row Tag="LOC_INVITE_BUTTON">
      <Text>Arkadaşlarınızı Davet Edin</Text>
    </Row>
    <Row Tag="LOC_INVITE_BUTTON_TT">
      <Text>Steam arkadaş listenizdeki arkadaşlarınızı bu oyuna davet edin.</Text>
    </Row>
    <!-- Confirm Kick Popup -->
    <Row Tag="LOC_CANCEL_BUTTON">
      <Text>İptal</Text>
    </Row>
    <Row Tag="LOC_ACCEPT_BUTTON">
      <Text>Kabul et</Text>
    </Row>
    <Row Tag="LOC_CONFIRM_KICK_PLAYER_DESC">
      <Text>{1_player}'yi oyundan atmak istediğinizden emin misiniz?</Text>
    </Row>
    <!-- Edit Hotseat Player Popup -->
    <Row Tag="LOC_HOTSEAT_EDIT_PLAYER_TT">
      <Text>Sıcak Koltuk Oyuncusunu Düzenle.</Text>
    </Row>
    <Row Tag="LOC_HOTSEAT_EDIT_PLAYER">
      <Text>Sıcak Koltuk Oyuncusunu Düzenle</Text>
    </Row>
    <Row Tag="LOC_HOTSEAT_PLAYER_NAME">
      <Text>Oyuncunun adı:</Text>
    </Row>
    <Row Tag="LOC_HOTSEAT_PASSWORD">
      <Text>Şifre:</Text>
    </Row>
    <Row Tag="LOC_HOTSEAT_RETYPE_PASSWORD">
      <Text>Şifreyi yeniden yaz:</Text>
    </Row>
    <!-- Network Connection Status -->
    <Row Tag="LOC_MP_PLAYER_CONNECTED">
      <Text>Oyuncu şu anda oyunda.</Text>
    </Row>
    <Row Tag="LOC_MP_PLAYER_CONNECTED_SUMMARY">
      <Text>[COLOR:ConnectionStatus_Connected]Bağlandı[ENDCOLOR]</Text>
    </Row>
    <Row Tag="LOC_MP_PLAYER_NOTCONNECTED">
      <Text>Oynatıcı bağlı değil.</Text>
    </Row>
    <Row Tag="LOC_MP_PLAYER_NOTCONNECTED_SUMMARY">
      <Text>[COLOR:ConnectionStatus_Offline]Çevrimdışı[ENDCOLOR]</Text>
    </Row>
    <Row Tag="LOC_MP_PLAYER_CONNECTING">
      <Text>Oyuncu oyuna katılıyor.</Text>
    </Row>
    <Row Tag="LOC_MP_PLAYER_CONNECTING_SUMMARY">
      <Text>[COLOR:ConnectionStatus_Connecting]Birleştirme [ENDCOLOR]</Text>
    </Row>
    <Row Tag="LOC_MP_PLAYER_NOT_MOD_READY">
      <Text>Oyuncu bu oyunda oynamak için gerekli modlara sahip değil.</Text>
    </Row>
    <Row Tag="LOC_MP_PLAYER_NOT_MOD_READY_SUMMARY">
      <Text>[COLOR:ConnectionStatus_NotModReady]Modlar Eksik [ENDCOLOR]</Text>
    </Row>
    <Row Tag="LOC_MP_PLAYER_RESYNCING">
      <Text>Oyuncu bir desync'i düzeltmek için yeniden yükleniyor.</Text>
    </Row>
    <Row Tag="LOC_MP_PLAYER_RESYNCING_SUMMARY">
      <Text>[COLOR:ConnectionStatus_Resyncing]Yeniden senkronize ediliyor [ENDCOLOR]</Text>
    </Row>
    <Row Tag="LOC_TIME_MILLISECONDS">
      <Text>ms</Text>
    </Row>
    <Row Tag="LOC_TIME_SECONDS">
      <Text>s</Text>
    </Row>
    <!-- Friend Actions  -->
    <Row Tag="LOC_FRIEND_ACTION_PROFILE">
      <Text>Buhar Profili</Text>
    </Row>
    <Row Tag="LOC_FRIEND_ACTION_PROFILE_TT">
      <Text>Bu arkadaşınızın profil sayfasını görüntüleyin.</Text>
    </Row>
    <Row Tag="LOC_FRIEND_ACTION_CHAT">
      <Text>Mesaj Gönder</Text>
    </Row>
    <Row Tag="LOC_FRIEND_ACTION_CHAT_TT">
      <Text>Bu arkadaşınıza bir mesaj gönderin.</Text>
    </Row>
    <Row Tag="LOC_FRIEND_ACTION_INVITE">
      <Text>Oyuna Davet Et</Text>
    </Row>
    <Row Tag="LOC_FRIEND_ACTION_INVITE_TT">
      <Text>Bu arkadaşınızı oynamaya davet edin.</Text>
    </Row>
    <!-- Friend Status  -->
    <Row Tag="LOC_PRESENCE_ONLINE">
      <Text>[COLOR:ButtonCS]Çevrimiçi [ENDCOLOR]</Text>
    </Row>
    <Row Tag="LOC_PRESENCE_IN_SHELL">
      <Text>[COLOR:ConnectionStatus_Connected]Ana Menü [ENDCOLOR]</Text>
    </Row>
    <Row Tag="LOC_PRESENCE_HOSTING_GAME">
      <Text>[COLOR:ConnectionStatus_Connected]Hosting Oyunu [ENDCOLOR]</Text>
    </Row>
    <Row Tag="LOC_PRESENCE_IN_STAGING_ROOM">
      <Text>[COLOR:ConnectionStatus_Connected]Sahne Odası [ENDCOLOR]</Text>
    </Row>
    <Row Tag="LOC_PRESENCE_IN_GAME_SP">
      <Text>[COLOR:ConnectionStatus_Connected]Tek Oyuncu[ENDCOLOR]</Text>
    </Row>
    <Row Tag="LOC_PRESENCE_IN_GAME_ONLINE">
      <Text>[COLOR:ConnectionStatus_Connected]Çok Oyunculu (Çevrimiçi)[ENDCOLOR]</Text>
    </Row>
    <Row Tag="LOC_PRESENCE_IN_GAME_LAN">
      <Text>[COLOR:ConnectionStatus_Connected]Çok Oyunculu (LAN)[ENDCOLOR]</Text>
    </Row>
    <Row Tag="LOC_PRESENCE_IN_GAME_HOTSEAT">
      <Text>[COLOR:ConnectionStatus_Connected]Çok Oyunculu (Sıcak Koltuk)[ENDCOLOR]</Text>
    </Row>
    <Row Tag="LOC_PRESENCE_IN_GAME_PLAYBYCLOUD">
      <Text>[COLOR:ConnectionStatus_Connected]Çok Oyunculu (Bulutla Oyna)[ENDCOLOR]</Text>
    </Row>
    <Row Tag="LOC_PRESENCE_INVITED_ONLINE">
      <Text>[COLOR:ConnectionStatus_Connected]Davet Edildi[ENDCOLOR]</Text>
    </Row>
    <Row Tag="LOC_PRESENCE_INVITED_OFFLINE">
      <Text>[COLOR:ButtonCS]Davet Edildi [ENDCOLOR]</Text>
    </Row>
    <Row Tag="LOC_PRESENCE_WORLD_BUILDER">
      <Text>[COLOR:ConnectionStatus_Connected]World Builder [ENDCOLOR]</Text>
    </Row>
    <!-- Player Connection EVents -->
    <Row Tag="LOC_MP_PLAYER_CONNECTED_CHAT">
      <Text>Bağlı</Text>
    </Row>
    <Row Tag="LOC_MP_PLAYER_DISCONNECTED_CHAT">
      <Text>Bağlantı kesildi</Text>
    </Row>
    <Row Tag="LOC_MP_PLAYER_HOST_MIGRATED_CHAT">
      <Text>Artık Ev Sahibi</Text>
    </Row>
    <Row Tag="LOC_MP_PLAYER_KICKED_CHAT">
      <Text>Tekmelendi</Text>
    </Row>
    <!-- Multiplayer Chat -->
    <Row Tag="LOC_MULTIPLAYER_CHAT">
      <Text>SOHBET</Text>
    </Row>
    <Row Tag="LOC_MULTIPLAYER_TO_ALL">
      <Text>Herkese:</Text>
    </Row>
    <!-- Multiplayer Mod Downloads -->
    <Row Tag="LOC_BYTES">
      <Text>b</Text>
    </Row>
    <Row Tag="LOC_KILOBYTES">
      <Text>Kb</Text>
    </Row>
    <Row Tag="LOC_MEGABYTES">
      <Text>Mb</Text>
    </Row>
    <!-- Setup -->
    <Row Tag="LOC_SETUP_CREATE_GAME">
      <Text>Oyun Oluştur</Text>
    </Row>
    <Row Tag="LOC_SETUP_CHOOSE_RULESET">
      <Text>Kural Seti Seçin</Text>
    </Row>
    <Row Tag="LOC_SETUP_CHOOSE_SCENARIO">
      <Text>Senaryo Seçin</Text>
    </Row>
    <Row Tag="LOC_SETUP_SCENARIOS">
      <Text>Senaryolar</Text>
    </Row>
    <Row Tag="LOC_SETUP_SCENARIO">
      <Text>Senaryo</Text>
    </Row>
    <Row Tag="LOC_SETUP_CIVILIZATION">
      <Text>Uygarlığı Seçin</Text>
    </Row>
    <Row Tag="LOC_SETUP_DIFFICULTY">
      <Text>Oyun Zorluğunu Seçin</Text>
    </Row>
    <Row Tag="LOC_SETUP_SPEED">
      <Text>Oyun Hızını Seçin</Text>
    </Row>
    <Row Tag="LOC_SETUP_MAP_TYPE">
      <Text>Harita Türünü Seçin</Text>
    </Row>
    <Row Tag="LOC_SETUP_MAP_SIZE">
      <Text>Harita Boyutunu Seçin</Text>
    </Row>
    <Row Tag="LOC_SETUP_MODE_SELECT">
      <Text>Oyun Modları</Text>
    </Row>
    <Row Tag="LOC_SETUP_NO_GAME_MODES">
      <Text>Oyun Modu mevcut değil.</Text>
    </Row>
    <Row Tag="LOC_DELETE_AI">
      <Text>Silme</Text>
    </Row>
    <Row Tag="LOC_SETUP_ADVANCED_OPTIONS">
      <Text>Gelişmiş Kurulum</Text>
    </Row>
    <Row Tag="LOC_SETUP_VICTORY_CONDITIONS">
      <Text>Zafer Koşulları</Text>
    </Row>
    <Row Tag="LOC_SETUP_GAME_MODES">
      <Text>Oyun Modları</Text>
    </Row>
    <Row Tag="LOC_ADVANCED_OPTIONS">
      <Text>Gelişmiş Seçenekler</Text>
    </Row>
    <Row Tag="LOC_EDIT_BUTTON">
      <Text>Düzenle</Text>
    </Row>
    <Row Tag="LOC_SETUP_ADD_PLAYER">
      <Text>Oyuncu Ekle</Text>
    </Row>
    <Row Tag="LOC_SETUP_ADD_PLAYER_TT">
      <Text>Oyuna bir oyuncu ekleyin.</Text>
    </Row>
    <Row Tag="LOC_SETUP_ADD_AI_PLAYER">
      <Text>Yapay Zeka Oyuncu Ekle</Text>
    </Row>
    <Row Tag="LOC_SETUP_ADD_AI_PLAYER_TT">
      <Text>Oyuna bir yapay zeka oyuncusu ekleyin.</Text>
    </Row>
    <Row Tag="LOC_SETUP_RESTORE_DEFAULT">
      <Text>Varsayılanları Geri Yükle</Text>
    </Row>
    <Row Tag="LOC_SETUP_RESTORE_DEFAULT_TT">
      <Text>Tüm parametreleri varsayılan değerlerine geri yükleyin.</Text>
    </Row>
    <Row Tag="LOC_SETUP_MAP_MAP_SELECT">
      <Text>Harita Seçimi</Text>
    </Row>
    <Row Tag="LOC_SETUP_MAP_CREATE_GAME_SELECT_MAP">
      <Text>Harita Seçiniz</Text>
    </Row>
    <Row Tag="LOC_SETUP_MAP_SELECT_MAP">
      <Text>Harita Seçiniz</Text>
    </Row>
    <Row Tag="LOC_SETUP_MAP_OFFICIAL_MAPS">
      <Text>Resmi Haritalar</Text>
    </Row>
    <Row Tag="LOC_SETUP_MAP_FIRAXIS_MAPS">
      <Text>Firaxis Haritaları</Text>
    </Row>
    <Row Tag="LOC_SETUP_MAP_FIRAXIS_MAPS_TOOLTIP">
      <Text>Sadece Firaxis tarafından yapılan resmi haritaları gösterin.</Text>
    </Row>
    <Row Tag="LOC_SETUP_MAP_WORLD_BUILDER_MAPS">
      <Text>Dünya Oluşturucu Haritaları</Text>
    </Row>
    <Row Tag="LOC_SETUP_MAP_WORLD_BUILDER_MAPS_TOOLTIP">
      <Text>Yalnızca World Builder haritalarını gösterin.</Text>
    </Row>
    <Row Tag="LOC_SETUP_MAP_ALL_MAPS">
      <Text>Tüm Haritalar</Text>
    </Row>
    <Row Tag="LOC_SETUP_MAP_ALL_MAPS_TOOLTIP">
      <Text>Tüm haritaları göster.</Text>
    </Row>
    <Row Tag="LOC_SETUP_MAP_MAP_INFO">
      <Text>Harita Bilgisi</Text>
    </Row>
    <Row Tag="LOC_SETUP_MAP_SELECTED_MAP">
      <Text>Seçilmiş Harita</Text>
    </Row>
    <Row Tag="LOC_START_GAME">
      <Text>Oyunu Başlat</Text>
    </Row>
    <Row Tag="LOC_START_WORLD_BUILDER">
      <Text>Dünya Oluşturucuyu Başlat</Text>
    </Row>
    <Row Tag="LOC_WORLD_BUILDER_START_NEW">
      <Text>Yeni Harita</Text>
    </Row>
    <Row Tag="LOC_WORLD_BUILDER_LOAD">
      <Text>Harita Yükle</Text>
    </Row>
    <Row Tag="LOC_WORLD_BUILDER_IMPORT">
      <Text>Editörden Harita Aktarma</Text>
    </Row>
    <Row Tag="LOC_WORLD_BUILDER_START_NEW_TOOLTIP">
      <Text>Düzenlemek için yeni bir boş veya oluşturulmuş World Builder haritası oluşturur.</Text>
    </Row>
    <Row Tag="LOC_WORLD_BUILDER_LOAD_TOOLTIP">
      <Text>Önceden kaydedilmiş bir World Builder haritasını yükler.</Text>
    </Row>
    <Row Tag="LOC_WORLD_BUILDER_IMPORT_TOOLTIP">
      <Text>Düzgün yapılandırılmış bir .TMX harita dosyasını World Builder haritasına dönüştürür.</Text>
    </Row>
    <Row Tag="LOC_RANDOM_LEADER">
      <Text>Rastgele Lider</Text>
    </Row>
    <Row Tag="LOC_RANDOM_CIVILIZATION">
      <Text>Rastgele Uygarlık</Text>
    </Row>
    <Row Tag="LOC_SETUP_ERROR_NO_DUPLICATE_LEADERS">
      <Text>Mükerrer Lider Yok</Text>
    </Row>
    <Row Tag="LOC_SETUP_ERROR_NO_DUPLICATE_CIVILIZATIONS">
      <Text>Mükerrer Uygarlık Yok</Text>
    </Row>
    <Row Tag="LOC_SETUP_ERROR_HUMANS_REQUIRED">
      <Text>İlave Oyuncular Bekleniyor</Text>
    </Row>
    <Row Tag="LOC_SETUP_ERROR_HUMANS_REQUIRED_TT">
      <Text>Oyun başlatılamıyor. Oyunun başlayabilmesi için tüm Açık oyuncu slotlarının dolu olması gerekir.</Text>
    </Row>
    <Row Tag="LOC_READY_BLOCKED_READY_COUNTDOWN_TT">
      <Text>Oyun başlatılamıyor. Hazır Geri Sayım veya tam, hazır oyun bekleniyor.</Text>
    </Row>
    <Row Tag="LOC_READY_COUNTDOWN_TT">
      <Text>Bu geri sayımın sonunda hazır olarak ayarlanacaksınız. Şimdi hazır konumuna geçmek için tıklayın.</Text>
    </Row>
    <Row Tag="LOC_WAITING_FOR_PLAYERS_COUNTDOWN_TT">
      <Text>İlave oyuncular bekleniyor. Oyun, geri sayımın sonunda veya oyun hazır oyuncularla dolduğunda başlayacaktır.</Text>
    </Row>
    <Row Tag="LOC_SETUP_ERROR_INVALID_OPTION">
      <Text>Geçersiz Seçenek</Text>
    </Row>
    <Row Tag="LOC_SETUP_ERROR_LEADER_NOT_OWNED">
      <Text>Sahip Değil</Text>
    </Row>
    <Row Tag="LOC_SETUP_PARAMETER_ERROR">
      <Text>Bir veya daha fazla seçenek geçersiz.</Text>
    </Row>
    <Row Tag="LOC_SETUP_PLAYER_PARAMETER_ERROR">
      <Text>Bir veya daha fazla oyuncu seçeneği geçersiz.</Text>
    </Row>
    <Row Tag="LOC_SETUP_PLAYER_PARAMETER_ERROR_POPUP">
      <Text>Bu genellikle oyun seçenekleri çiftlere izin vermeyecek şekilde ayarlandığında çift liderler veya medeniyetler seçilmesinden kaynaklanır.</Text>
    </Row>
    <Row Tag="LOC_SETUP_PLAYER_COLOR_COLLISION">
      <Text>Bu uygarlığın renkleri başka bir uygarlığın renkleriyle çakışabilir.  İsterseniz açılır listeden alternatif bir renk düzeni seçebilirsiniz.</Text>
    </Row>
    <!-- Configuration Parameters.  Move these to a better location -->
    <Row Tag="LOC_RULESET">
      <Text>Kural Seti</Text>
    </Row>
    <Row Tag="LOC_GAME_NAME">
      <Text>Oyun Adı</Text>
    </Row>
    <Row Tag="LOC_GAME_NAME_DESC">
      <Text>Çok oyunculu sunucu listesinde bu oyun için görüntülenen ad.</Text>
    </Row>
    <Row Tag="LOC_PRIVATE_GAME">
      <Text>Özel Oyun</Text>
    </Row>
    <Row Tag="LOC_PRIVATE_GAME_DESC">
      <Text>Özel oyunlar çok oyunculu lobide gösterilmez.  Özel bir oyuna yalnızca bir oyun daveti veya Steam arkadaş listesi aracılığıyla erişilebilir.  Bu ayar Yerel Ağ oyunları için geçerli değildir.</Text>
    </Row>
    <Row Tag="LOC_GAME_VICTORY_TIME">
      <Text>Zaman</Text>
    </Row>
    <Row Tag="LOC_GAME_VICTORY_SCIENCE">
      <Text>Bilim</Text>
    </Row>
    <Row Tag="LOC_GAME_NO_GOODY_HUTS">
      <Text>Kabile Köyleri Yok</Text>
    </Row>
    <Row Tag="LOC_GAME_NO_BARBARIANS">
      <Text>Barbarlar Yok</Text>
    </Row>
    <Row Tag="LOC_GAME_ALLIES_SHARE_VISIBILITY">
      <Text>Ekipler Görünürlüğü Paylaşıyor</Text>
    </Row>
    <Row Tag="LOC_GAME_ALLIES_SHARE_VISIBILITY_DESCRIPTION">
      <Text>Aynı takımdaki oyuncular haritadaki görünürlüklerini paylaşacaklardır.</Text>
    </Row>
    <Row Tag="LOC_GAME_TURNTIMER_TYPE">
      <Text>Dönüş Zamanlayıcısı</Text>
    </Row>
    <Row Tag="LOC_GAME_TURN_TIMER_TIME">
      <Text>Dönüş Zamanı</Text>
    </Row>
    <Row Tag="LOC_GAME_TURN_TIMER_TIME_TOOLTIP">
      <Text>Standart Dönüş Zamanlayıcısı modu tarafından kullanılan dönüş süresi (saniye cinsinden).</Text>
    </Row>
    <Row Tag="LOC_GAME_TURNPHASE_TYPE">
      <Text>Dönüş Modu</Text>
    </Row>
    <Row Tag="LOC_GAME_TURNPHASE_DESC">
      <Text>Çok oyunculu modda insan kontrollü oyuncular tarafından kullanılan dönüş modu.</Text>
    </Row>
    <Row Tag="LOC_GAME_SYNC_RANDOM_SEED">
      <Text>Oyun Rastgele Tohum</Text>
    </Row>
    <Row Tag="LOC_GAME_SYNC_RANDOM_SEED_TOOLTIP">
      <Text>Oyun kuralları için rastgele tohum.</Text>
    </Row>
    <Row Tag="LOC_MAP_RANDOM_SEED">
      <Text>Harita Rastgele Tohum</Text>
    </Row>
    <Row Tag="LOC_MAP_RANDOM_SEED_TOOLTIP">
      <Text>Harita üretimi için rastgele tohum.</Text>
    </Row>
    <Row Tag="LOC_MAP_WORLD_AGE_NAME">
      <Text>Dünya Çağı</Text>
    </Row>
    <Row Tag="LOC_MAP_WORLD_AGE_NEW_NAME">
      <Text>Yeni</Text>
    </Row>
    <Row Tag="LOC_MAP_WORLD_AGE_STANDARD_NAME">
      <Text>Standart</Text>
    </Row>
    <Row Tag="LOC_MAP_WORLD_AGE_OLD_NAME">
      <Text>Eski</Text>
    </Row>
    <Row Tag="LOC_MAP_WORLD_AGE_RANDOM_NAME">
      <Text>Rastgele</Text>
    </Row>
    <Row Tag="LOC_MAP_TEMPERATURE_NAME">
      <Text>Sıcaklık</Text>
    </Row>
    <Row Tag="LOC_MAP_TEMPERATURE_HOT_NAME">
      <Text>Sıcak</Text>
    </Row>
    <Row Tag="LOC_MAP_TEMPERATURE_STANDARD_NAME">
      <Text>Standart</Text>
    </Row>
    <Row Tag="LOC_MAP_TEMPERATURE_COLD_NAME">
      <Text>Soğuk</Text>
    </Row>
    <Row Tag="LOC_MAP_TEMPERATURE_RANDOM_NAME">
      <Text>Rastgele</Text>
    </Row>
    <Row Tag="LOC_MAP_RAINFALL_NAME">
      <Text>Yağış</Text>
    </Row>
    <Row Tag="LOC_MAP_RAINFALL_ARID_NAME">
      <Text>Kurak</Text>
    </Row>
    <Row Tag="LOC_MAP_RAINFALL_STANDARD_NAME">
      <Text>Standart</Text>
    </Row>
    <Row Tag="LOC_MAP_RAINFALL_WET_NAME">
      <Text>Islak</Text>
    </Row>
    <Row Tag="LOC_MAP_RAINFALL_RANDOM_NAME">
      <Text>Rastgele</Text>
    </Row>
    <Row Tag="LOC_MAP_SEA_LEVEL_NAME">
      <Text>Deniz Seviyesi</Text>
    </Row>
    <Row Tag="LOC_MAP_SEA_LEVEL_LOW_NAME">
      <Text>Düşük</Text>
    </Row>
    <Row Tag="LOC_MAP_SEA_LEVEL_STANDARD_NAME">
      <Text>Standart</Text>
    </Row>
    <Row Tag="LOC_MAP_SEA_LEVEL_HIGH_NAME">
      <Text>Yüksek</Text>
    </Row>
    <Row Tag="LOC_MAP_SEA_LEVEL_RANDOM_NAME">
      <Text>Rastgele</Text>
    </Row>
    <Row Tag="LOC_MAP_RESOURCES_NAME">
      <Text>Kaynaklar</Text>
    </Row>
    <Row Tag="LOC_MAP_RESOURCES_SPARSE_NAME">
      <Text>Seyrek</Text>
    </Row>
    <Row Tag="LOC_MAP_RESOURCES_STANDARD_NAME">
      <Text>Standart</Text>
    </Row>
    <Row Tag="LOC_MAP_RESOURCES_ABUNDANT_NAME">
      <Text>Bereketli</Text>
    </Row>
    <Row Tag="LOC_MAP_RESOURCES_RANDOM_NAME">
      <Text>Rastgele</Text>
    </Row>
    <Row Tag="LOC_MAP_START_POSITION_NAME">
      <Text>Başlangıç Pozisyonu</Text>
    </Row>
    <Row Tag="LOC_MAP_START_POSITION_BALANCED_NAME">
      <Text>Dengeli</Text>
    </Row>
    <Row Tag="LOC_MAP_START_POSITION_STANDARD_NAME">
      <Text>Standart</Text>
    </Row>
    <Row Tag="LOC_MAP_START_POSITION_LEGENDARY_NAME">
      <Text>Efsanevi</Text>
    </Row>
    <Row Tag="LOC_MAP_PREDEFINED_START_LOCATIONS_NAME">
      <Text>Önceden Tanımlanmış Başlangıç Konumları</Text>
    </Row>
    <Row Tag="LOC_MAP_START_POSITION_MIRRORED_NAME">
      <Text>Aynalı</Text>
    </Row>
    <Row Tag="LOC_MAP_PREDEFINED_START_LOCATIONS_DESCRIPTION">
      <Text>Haritada önceden tanımlanmış başlangıç konumlarını kullanın.</Text>
    </Row>
    <!--Game Speed Descriptions -->
    <Row Tag="LOC_GAMESPEED_MARATHON_HELP">
      <Text>Çok uzun süreli oyun (%200 daha yavaş).</Text>
    </Row>
    <Row Tag="LOC_GAMESPEED_EPIC_HELP">
      <Text>Uzun süreli oyun (%50 daha yavaş).</Text>
    </Row>
    <Row Tag="LOC_GAMESPEED_STANDARD_HELP">
      <Text>Normal hızda oyun.</Text>
    </Row>
    <Row Tag="LOC_GAMESPEED_QUICK_HELP">
      <Text>Hızlı oyun (%33 daha hızlı).</Text>
    </Row>
    <Row Tag="LOC_GAMESPEED_ONLINE_HELP">
      <Text>Çevrimiçi çok oyunculu için kullanılan çift hızlı oyun.</Text>
    </Row>
    <!-- Map Type Descriptions -->
    <Row Tag="LOC_MAP_ARCHIPELAGO_DESCRIPTION">
      <Text>Birkaç büyük ada ile çok sayıda küçük ada.</Text>
    </Row>
    <Row Tag="LOC_MAP_CONTINENTS_DESCRIPTION">
      <Text>Birkaç büyük kara parçası.</Text>
    </Row>
    <Row Tag="LOC_MAP_FRACTAL_DESCRIPTION">
      <Text>Bir veya birçok kara parçasıyla sonuçlanabilecek öngörülemeyen harita.</Text>
    </Row>
    <Row Tag="LOC_MAP_INLANDSEA_DESCRIPTION">
      <Text>Haritanın ortasında büyük bir okyanus.</Text>
    </Row>
    <Row Tag="LOC_MAP_SEVEN_SEAS_DESCRIPTION">
      <Text>Kara ile çevrili birkaç büyük su kütlesi. Bu sularda adalar bulunabilir.</Text>
    </Row>
    <Row Tag="LOC_MAP_SMALL_CONTINENTS_DESCRIPTION">
      <Text>Dünya birkaç orta büyüklükte kara parçasından ve bazı küçük adalardan oluşacaktır.</Text>
    </Row>
    <Row Tag="LOC_MAP_ISLAND_PLATES_DESCRIPTION">
      <Text>Büyüklükleri küçükten büyüğe değişen adalar.</Text>
    </Row>
    <Row Tag="LOC_MAP_LAKES_DESCRIPTION">
      <Text>Okyanusların olmadığı, sadece göllerin ve iç denizlerin olduğu bir dünya.</Text>
    </Row>
    <Row Tag="LOC_MAP_MIRROR_DESCRIPTION">
      <Text>Rastgele oluşturulan dengeli dört oyunculu harita, rekabetçi çok oyunculu maçlar için idealdir.</Text>
    </Row>
    <Row Tag="LOC_MAP_PANGAEA_DESCRIPTION">
      <Text>Çevresindeki adalarla birlikte büyük bir kara parçası.</Text>
    </Row>
    <Row Tag="LOC_MAP_SHUFFLE_DESCRIPTION">
      <Text>Bu harita hangi sırları açığa çıkaracak?</Text>
    </Row>
    <Row Tag="LOC_MAP_TERRA_DESCRIPTION">
      <Text>Tüm büyük uygarlıkların en büyük kıtada başladığı bir kıtalar haritası.</Text>
    </Row>
    <!-- Map Size Descriptions -->
    <Row Tag="LOC_MAPSIZE_DUEL_DESCRIPTION">
      <Text>2 oyuncu için çok küçük bir harita.</Text>
    </Row>
    <Row Tag="LOC_MAPSIZE_TINY_DESCRIPTION">
      <Text>Dört oyuncu için biraz daha küçük harita.</Text>
    </Row>
    <Row Tag="LOC_MAPSIZE_SMALL_DESCRIPTION">
      <Text>6 oyuncu için küçük harita.</Text>
    </Row>
    <Row Tag="LOC_MAPSIZE_STANDARD_DESCRIPTION">
      <Text>Sekiz oyuncu için ortalama büyüklükte harita.</Text>
    </Row>
    <Row Tag="LOC_MAPSIZE_LARGE_DESCRIPTION">
      <Text>10 oyuncu için geniş harita.</Text>
    </Row>
    <Row Tag="LOC_MAPSIZE_HUGE_DESCRIPTION">
      <Text>12 oyuncu için devasa bir harita.</Text>
    </Row>
    <!-- City-State Exclusion -->
    <Row Tag="LOC_EXCLUDE_CITY_STATES_NAME">
      <Text>Şehir-Eyalet Seçiniz</Text>
    </Row>
    <Row Tag="LOC_EXCLUDE_CITY_STATES_DESC">
      <Text>Oyunda hangi Şehir Devletlerinin görünebileceğini seçin.</Text>
    </Row>
    <Row Tag="LOC_CITY_STATE_PICKER_SORT_BY">
      <Text>Sırala:</Text>
    </Row>
    <Row Tag="LOC_CITY_STATE_PICKER_SORT_NAME">
      <Text>İsim</Text>
    </Row>
    <Row Tag="LOC_CITY_STATE_PICKER_SORT_TYPE">
      <Text>Tip</Text>
    </Row>
    <Row Tag="LOC_CITY_STATE_PICKER_COUNT_WARNING">
      <Text>[COLOR_RED]En az {1_Min} Devam etmek için Şehir Devletleri seçilmelidir. {2_Remaining} daha fazla seçin.[ENDCOLOR]</Text>
    </Row>
    <!-- Natural Wonder Exclusion -->
    <Row Tag="LOC_EXCLUDE_NATURAL_WONDER_NAME">
      <Text>Doğal Harikaları Seçin</Text>
    </Row>
    <Row Tag="LOC_EXCLUDE_NATURAL_WONDER_DESC">
      <Text>Haritada hangi Doğa Harikalarının görünebileceğini seçin.</Text>
    </Row>
    <!-- Turn Timer Settings -->
    <Row Tag="LOC_TURNTIMER_NONE">
      <Text>Dönüş Zamanlayıcısı Yok</Text>
    </Row>
    <Row Tag="LOC_TURNTIMER_NONE_DESC">
      <Text>Oyuncular zaman kısıtlaması olmaksızın sırayla oynarlar.</Text>
    </Row>
    <Row Tag="LOC_TURNTIMER_DYNAMIC">
      <Text>Dinamik Dönüş Zamanlayıcısı</Text>
    </Row>
    <Row Tag="LOC_TURNTIMER_DYNAMIC_DESC">
      <Text>Dönüş süresi, oyundaki şehir ve birim sayısına göre dinamik olarak ölçeklendirilir.</Text>
    </Row>
    <Row Tag="LOC_TURNTIMER_STANDARD">
      <Text>Standart Dönüş Zamanlayıcısı</Text>
    </Row>
    <Row Tag="LOC_TURNTIMER_STANDARD_DESC">
      <Text>Dönüş süresi, Dönüş Süresi seçeneğine (saniye cinsinden) bağlıdır.</Text>
    </Row>
    <!-- Turn Mode Settings -->
    <Row Tag="LOC_TURNPHASE_SIMULTANEOUS">
      <Text>Eşzamanlı Dönüşler</Text>
    </Row>
    <Row Tag="LOC_TURNPHASE_SIMULTANEOUS_DESC">
      <Text>Oyuncular sıralarını aynı anda alırlar.</Text>
    </Row>
    <Row Tag="LOC_TURNPHASE_DYNAMIC">
      <Text>Dinamik Dönüşler</Text>
    </Row>
    <Row Tag="LOC_TURNPHASE_DYNAMIC_DESC">
      <Text>Barış halindeki oyuncular sıralarını aynı anda alırlar.  Savaştaki oyuncular sırayla sıralarını alırlar.</Text>
    </Row>
    <!-- Map Config Descriptions -->
    <Row Tag="LOC_MAP_WORLD_AGE_DESCRIPTION">
      <Text>Haritaların yüksekliğini değiştirir (Tepeler ve Dağlar).</Text>
    </Row>
    <Row Tag="LOC_MAP_WORLD_AGE_NEW_DESCRIPTION">
      <Text>Daha fazla tepe, dağ ve volkan içeren bir harita.</Text>
    </Row>
    <Row Tag="LOC_MAP_WORLD_AGE_STANDARD_DESCRIPTION">
      <Text>Standart tepeler, dağlar ve volkanlar içeren bir harita.</Text>
    </Row>
    <Row Tag="LOC_MAP_WORLD_AGE_OLD_DESCRIPTION">
      <Text>Daha az tepe, dağ ve volkan içeren bir harita.</Text>
    </Row>
    <Row Tag="LOC_MAP_WORLD_AGE_RANDOM_DESCRIPTION">
      <Text>Rastgele tepeler, dağlar ve volkanlar içeren bir harita.</Text>
    </Row>
    <Row Tag="LOC_MAP_TEMPERATURE_DESCRIPTION">
      <Text>Haritanın arazisini ayarlar.</Text>
    </Row>
    <Row Tag="LOC_MAP_TEMPERATURE_HOT_DESCRIPTION">
      <Text>Daha fazla Çöl ve daha az Tundra ve Kar içeren bir harita.</Text>
    </Row>
    <Row Tag="LOC_MAP_TEMPERATURE_STANDARD_DESCRIPTION">
      <Text>Dünya'nın arazi şekillerine benzer ortalama araziye sahip bir harita.</Text>
    </Row>
    <Row Tag="LOC_MAP_TEMPERATURE_COLD_DESCRIPTION">
      <Text>Daha fazla Tundra ve Kar ve daha az Çöl içeren bir harita.</Text>
    </Row>
    <Row Tag="LOC_MAP_TEMPERATURE_RANDOM_DESCRIPTION">
      <Text>Rastgele arazi sıcaklık bölgeleri içeren bir harita.</Text>
    </Row>
    <Row Tag="LOC_MAP_RAINFALL_DESCRIPTION">
      <Text>Bir haritada bulunan özelliklerin miktarını değiştirir.</Text>
    </Row>
    <Row Tag="LOC_MAP_RAINFALL_ARID_DESCRIPTION">
      <Text>Daha az orman, yağmur ormanı ve bataklık içeren bir harita.</Text>
    </Row>
    <Row Tag="LOC_MAP_RAINFALL_STANDARD_DESCRIPTION">
      <Text>Ortalama miktarda orman, yağmur ormanı ve bataklık içeren bir harita.</Text>
    </Row>
    <Row Tag="LOC_MAP_RAINFALL_WET_DESCRIPTION">
      <Text>Daha fazla orman, yağmur ormanı ve bataklık içeren bir harita.</Text>
    </Row>
    <Row Tag="LOC_MAP_RAINFALL_RANDOM_DESCRIPTION">
      <Text>Rastgele miktarda özellik içeren bir harita.</Text>
    </Row>
    <Row Tag="LOC_MAP_SEA_LEVEL_DESCRIPTION">
      <Text>Haritadaki su miktarını değiştirir.</Text>
    </Row>
    <Row Tag="LOC_MAP_SEA_LEVEL_LOW_DESCRIPTION">
      <Text>Daha az su içeren bir harita.</Text>
    </Row>
    <Row Tag="LOC_MAP_SEA_LEVEL_STANDARD_DESCRIPTION">
      <Text>Normal miktarda su içeren bir harita.</Text>
    </Row>
    <Row Tag="LOC_MAP_SEA_LEVEL_HIGH_DESCRIPTION">
      <Text>Daha fazla su içeren bir harita.</Text>
    </Row>
    <Row Tag="LOC_MAP_SEA_LEVEL_RANDOM_DESCRIPTION">
      <Text>Rastgele miktarda su içeren bir harita.</Text>
    </Row>
    <Row Tag="LOC_MAP_RESOURCES_DESCRIPTION">
      <Text>Kaynak miktarını değiştirin.</Text>
    </Row>
    <Row Tag="LOC_MAP_RESOURCES_SPARSE_DESCRIPTION">
      <Text>Daha az kaynağa sahip bir harita.</Text>
    </Row>
    <Row Tag="LOC_MAP_RESOURCES_STANDARD_DESCRIPTION">
      <Text>Standart kaynakları içeren bir harita.</Text>
    </Row>
    <Row Tag="LOC_MAP_RESOURCES_ABUNDANT_DESCRIPTION">
      <Text>Daha fazla kaynak içeren bir harita.</Text>
    </Row>
    <Row Tag="LOC_MAP_RESOURCES_RANDOM_DESCRIPTION">
      <Text>Rastgele miktarda kaynak içeren bir harita.</Text>
    </Row>
    <Row Tag="LOC_MAP_START_POSITION_DESCRIPTION">
      <Text>Başlangıç pozisyonunuzun değerini değiştirir.</Text>
    </Row>
    <Row Tag="LOC_MAP_START_POSITION_BALANCED_DESCRIPTION">
      <Text>Tüm oyuncular eşit derecede iyi başlangıç noktalarına sahiptir.</Text>
    </Row>
    <Row Tag="LOC_MAP_START_POSITION_STANDARD_DESCRIPTION">
      <Text>Standart başlangıç pozisyonları.</Text>
    </Row>
    <Row Tag="LOC_MAP_START_POSITION_LEGENDARY_DESCRIPTION">
      <Text>Tüm oyuncular harika ama eşit başlangıçlar yapmak zorunda değiller.</Text>
    </Row>
    <Row Tag="LOC_MAP_START_POSITION_MIRRORED_DESCRIPTION">
      <Text>Tüm oyuncular kendi harita çeyreklerinde tam olarak aynı konumda başlar.</Text>
    </Row>
    <Row Tag="LOC_GAME_START_ERA">
      <Text>Başlangıç Dönemi</Text>
    </Row>
    <Row Tag="LOC_KICK_VOTE">
      <Text>Kick Oylama</Text>
    </Row>
    <Row Tag="LOC_KICK_VOTE_TT">
      <Text>Atma Oylaması, bir oyuncuyu oyundan başarılı bir şekilde atmak için çoğunluk oyu gerektirir.</Text>
    </Row>
    <Row Tag="LOC_MAP_SCRIPT">
      <Text>Harita</Text>
    </Row>
    <!-- Tutorial Select Screen-->
    <Row Tag="LOC_SETUP_TUTORIAL_TITLE">
      <Text>Uygarlığa Hoş Geldiniz</Text>
    </Row>
    <Row Tag="LOC_SETUP_TUTORIAL_DESCRIPTION">
      <Text>Mütevazı başlangıçlardan büyüklüğe doğru bir imparatorluk kurma yolculuğumuza burada başlıyoruz ve tarihin kendi versiyonunu yazıyoruz.[NEWLINE][NEWLINE]Büyük savaşlarda dünyayı fethedecek misiniz yoksa halkınızı yıldızlara gönderen ilk kişi mi olacaksınız? Halkınızın kültürüyle dünyayı etkileyecek misiniz yoksa inançlarınız dünyanın sonuna kadar yayılacak mı?[NEWLINE][NEWLINE]Bunu sadece zaman gösterecek...[NEWLINE][NEWLINE]Tüm büyük medeniyetler büyük bir liderle başlar. Bu eğitimde oynamak istediğiniz uygarlığı aşağıdan seçin.</Text>
    </Row>
    <Row Tag="LOC_SETUP_TUTORIAL_LEADER_1">
      <Text>Mısır İmparatorluğu'nun Kleopatra'sı, güçlü müttefikler ve büyük şehir kurucularından oluşan bir uygarlığı yönetir.</Text>
    </Row>
    <Row Tag="LOC_SETUP_TUTORIAL_LEADER_2">
      <Text>Sümer imparatorluğunun Gılgamış'ı geniş toprakları yönetir ve saygı duyulan bir fatihdir.</Text>
    </Row>
    <!-- Loading Screen / Dawn of man -->
    <Row Tag="LOC_LOADING_DOMAIN_LAND">
      <Text>Benzersiz bir arazi birimi</Text>
    </Row>
    <Row Tag="LOC_LOADING_DOMAIN_SEA">
      <Text>Benzersiz bir donanma birimi</Text>
    </Row>
    <Row Tag="LOC_LOADING_DOMAIN_AIR">
      <Text>Benzersiz bir hava ünitesi</Text>
    </Row>
    <Row Tag="LOC_LOADING_PLEASE_WAIT">
      <Text>Yükleniyor, lütfen bekleyin...</Text>
    </Row>
    <Row Tag="LOC_LOADING_DISTRICT_BUILDING">
      <Text>{1_DistrictName} Bölge Binası</Text>
    </Row>
    <Row Tag="LOC_LOADING_UNIQUE_BUILDING">
      <Text>Eşsiz bir bina</Text>
    </Row>
    <Row Tag="LOC_LOADING_UNIQUE_DISTRICT">
      <Text>Eşsiz bir bölge</Text>
    </Row>
    <Row Tag="LOC_LOADING_UNIQUE_IMPROVEMENT">
      <Text>Benzersiz bir gelişme</Text>
    </Row>
    <Row Tag="LOC_LOADING_JOIN_THE_WORLD_STAGE">
      <Text>Dünya Sahnesine Katılıyor</Text>
    </Row>
    <Row Tag="LOC_LOADING_FEATURES_ABILITIES">
      <Text>Özellikler ve Yetenekler</Text>
    </Row>
    <Row Tag="LOC_LOADING_START_GAME">
      <Text>Oyunu Başlat</Text>
    </Row>
    <Row Tag="LOC_LOADING_CONTINUE_GAME">
      <Text>Oyuna Devam Et</Text>
    </Row>
    <Row Tag="LOC_LOADING_INFO_LEADER_DEFAULT">
      <Text>Zamana meydan okuyacak bir medeniyet inşa ederek halkınızı zafere ulaştırmak sizin elinizde.</Text>
    </Row>
    <Row Tag="LOC_LOADING_INFO_LEADER_BARBAROSSA">
      <Text>Kahraman Frederick, Almanların kralı, göreviniz sizi çevreleyen bağımsız devletleri bir imparatorluğa dönüştürmek. Büyük bir askeri lider olarak kutsanmışsın - bu yeteneklerini bu şehirleri egemenliğin altına almak için kullan, böylece ticari ve endüstriyel güç merkezlerine dönüşebilirler.  Şüphesiz o zaman ozanlar kızıl sakallı kudretli Frederick'i, büyük Kutsal Roma İmparatoru'nu söyleyecekler.</Text>
    </Row>
    <Row Tag="LOC_LOADING_INFO_LEADER_CATHERINE_DE_MEDICI">
      <Text>Halkınızı birleştirmek için bilgi ve sanat yeteneklerinizi kullanmak size düşüyor, Catherine de Medici. Bu sıkıntılı zamanlarda dikkatli olun, Fransa'nın Ana Kraliçesi. Dünyanın dört bir yanından ziyaretçileri çekecek büyük harikalar inşa edeceksiniz. Hem görünen hem de gölgelerde saklı olan her şey hakkındaki keskin farkındalığınızla, imparatorluğunuz kesinlikle zamanın testine dayanacaktır.</Text>
    </Row>
    <Row Tag="LOC_LOADING_INFO_LEADER_CLEOPATRA">
      <Text>Sizi küçümseyenler olacaktır ama siz kurnaz ve hilelerle dolusunuz Kraliçe Kleopatra. Cazibeniz dünyanın en güçlü liderleriyle yıkılmaz ittifaklar kurmanızı sağlayacak. Dostlarınızı yanınızdan ayırmayın ve Mısır'ın görkemiyle dünyayı fethetmeye hazırlanırken kendinizi dokunulmaz bulacaksınız.</Text>
    </Row>
    <Row Tag="LOC_LOADING_INFO_LEADER_GANDHI">
      <Text>Nazik ol Gandhi Bapu, kendini gerçek dostlarla çevrili bulacaksın. Hint halkını güvende tut, onları muhteşem fil savaşçılarıyla koru. İnancınız size barış ve uyum için rehberlik edecektir. Zihninizi açık tutun ve dünyada görmek istediğiniz değişim olun.</Text>
    </Row>
    <Row Tag="LOC_LOADING_INFO_LEADER_GILGAMESH">
      <Text>Omuzlarınızda çok şey var, Kral Gılgamış. Kendi halkın ve dünyadaki pek çok insan sana lider olarak bakıyor. Ama sen sıradan bir insandan daha fazlasısın ve dünyanın ağırlığı seni asla tereddüde düşürmeyecek. Sümer halkını nehirler boyunca uzanan verimli topraklara yerleşmeye teşvik et ve müttefiklerini dikkatle seçtiğinden emin ol; çünkü senin gücünden pay almak için yarışan pek çok kişi olacak. İlerleyin, çünkü destansı hikayenize başlamanın zamanı geldi.</Text>
    </Row>
    <Row Tag="LOC_LOADING_INFO_LEADER_GORGO">
      <Text>Gorgo, Sparta Kraliçesi; sana ve sadık hoplit ordularına şan olsun! Yunanistan, her zaferin getirdiği Ares'in nimetlerinin tadını çıkarıyor. Ve halkınız düşünceli yönetiminizi ve kültürel mucizelerinizi alkışlıyor. Gururlu durun, çünkü Yunanistan'ın ve başarılarınızın mirası nesiller boyunca tekrar tekrar anlatılacak.</Text>
    </Row>
    <Row Tag="LOC_LOADING_INFO_LEADER_HARDRADA">
      <Text>Herkes gemilerinizin yaklaşmasından korkar, Norveç Kralı Harald, Kuzeyin Yıldırım'ı. Uzun tekneleriniz dalgalara hükmediyor, kuşkulanmayan bir kıyıya vahşi ordularını salmak için her zaman hazır bekliyorlar.  Odin krallığınızı kutsasın ve kaykaycılar kudretli savaşçılarınızın zaferlerinin hikâyelerini söylesin.</Text>
    </Row>
    <Row Tag="LOC_LOADING_INFO_LEADER_HOJO">
      <Text>Budizm'in büyük dalgası sizi takip ediyor, Japonya'nın Shikken'i, Hojo Tokimune. Halkınız dengeyi uygulamanın ne olduğunu gerçekten anlıyor ve en iyi samuraylarınız bile iyi öğrenmiş ve ruhsal olarak uygun olacak. Güçlü ol, ilahi rüzgârı kucakla ve aydınlanmaya ulaşacaksın.</Text>
    </Row>
    <Row Tag="LOC_LOADING_INFO_LEADER_MVEMBA">
      <Text>Toprak Ana'nın size pek çok hediyesi var, Kral Mvemba a Nzinga. Halkınız sık ormanları ve yağmur ormanlarını evleri olarak bilir ve içlerinde kolaylıkla süzülür.  Uzak diyarların gezginlerinden gelen hediyeler de büyüktür. Açık fikirli olun, çünkü açık dünyanın ilhamı halkımızın güç ve görkemle sanat yaratmasını sağlayacaktır.</Text>
    </Row>
    <Row Tag="LOC_LOADING_INFO_LEADER_PEDRO">
      <Text>Halkınız Brezilya'yı dünya sahnesine çıkarmanız için size güveniyor, İmparator Pedro II. Sanatçıların, bilim insanlarının ve mühendislerin hamisi olarak sahip olduğunuz ünü, en büyük beyinleri bereketli yurdumuza çekmek için kullanın. Çünkü halkınız, yaşamla iç içe olan yemyeşil yağmur ormanlarında gelişir. Karnavalda senin büyük başarılarını kutlamak için samba dansı yaparken onları izle, Pedro the Magnanimous.</Text>
    </Row>
    <Row Tag="LOC_LOADING_INFO_LEADER_PERICLES">
      <Text>Söz söyleme ustalığın çok değerli bir armağandır, gümüş dilli Perikles, Yunanlıların lideri. Bu sayede bir devletler birliğinin bağlılığını çekebilir, kendini onların ihtişamıyla çevreleyebilirsin. Halkınızı güçlü yönetiminizin arkasında birleştirmek için Yunanistan'ın kayalık kıyıları boyunca kültürel alanlar kurun.  Her şey yolunda giderse Sirenler Perikles Çağı'nı söyleyecek!</Text>
    </Row>
    <Row Tag="LOC_LOADING_INFO_LEADER_PETER_GREAT">
      <Text>Anavatan'ın soğuk rüzgarlarını kucaklayın, Çar Peter. Bilime ve kültüre olan hayranlığınız bir armağandır ve yabancı topraklardaki Büyük Elçiliklerinizden çok şey öğreneceksiniz. Sizin yönetiminiz altında Rusya kesinlikle gelişecek ve yayılacak, etrafındaki her şeyi emecek, belki de bu dünyada görülen en büyük kara imparatorluğunu yaratacaktır.</Text>
    </Row>
    <Row Tag="LOC_LOADING_INFO_LEADER_PHILIP_II">
      <Text>Tüm İspanya dualarınıza cevap vermeye hazır, dindar Kral Philip II.  El Escorial'daki sarayınızdan takipçilerinizi gönderebilirsiniz: misyonerler, havariler ve fetihçiler, en kutsal imparatorluğunuz hakkında iyi haberi yaymak için denizlerin ötesine gitmeye hazır.  Ortaya çıkardıkları hazineler, dünyayı tek bir inanç ve tek bir imparatorluk altında birleştirme arayışınızı körüklesin ve sizi gerçekten En Katolik kral yapsın.</Text>
    </Row>
    <Row Tag="LOC_LOADING_INFO_LEADER_QIN">
      <Text>En büyük gücünüz halkınızda yatıyor, İmparator Qin Shi Huang. Dünyanın dört bir yanından, başkaları birleşmiş Çin'inizin büyük duvarlarını ve yükselen harikalarını seyretmeye gelecek. Dünyanın bildiği en etkileyici yapıları yükseltmek için çok ve hızlı çalışan adamlarının elleri asla kabarmasın. Onları iyi koruyun ve sonsuza dek ölümsüzleşin.</Text>
    </Row>
    <Row Tag="LOC_LOADING_INFO_LEADER_SALADIN">
      <Text>Bilim ve dinin evliliği hassas bir dengedir, ancak sen bu konuda ustalaştın Selahaddin. Bilgi arayışın asilce ve halkın sana derin bir saygı duyuyor. Ama bilinmeyene doğru acele etmemelisin. Zamanla, hayatın en şaşırtıcı sorularının cevapları Arabistan'a geri dönmenin yolunu bulacaktır.</Text>
    </Row>
    <Row Tag="LOC_LOADING_INFO_LEADER_TOMYRIS">
      <Text>Tüm insanlar senin için korku ve saygıyla titreyecek, büyük savaşçı Kraliçe Tomyris. Çünkü İskit halkına aygırının sırtından bakacak ve onlara önderlik edeceksin. Bozkırdan çıkan atlı savaşçılar hakkında büyük destanlar anlatılacak ve her savaşın ön cephesinde seni bulacaklar. Atını sür, vahşi kraliçe ve düşmanların bocalarken dostların doğru olsun.</Text>
    </Row>
    <Row Tag="LOC_LOADING_INFO_LEADER_TRAJAN">
      <Text>Ağını geniş tut, ey güçlü Roma'nın imparatoru Trajan. Lejyonların sefere çıkmak ve dünyanın gördüğü en büyük imparatorluğu kurmak için hazır bekliyor. Eğer gerçekten tüm yolların Roma'ya çıkmasını sağlayabilirsen, senin imparatorluğun büyük bir zenginlik ve lüks imparatorluğu olacaktır.  Şüphesiz o zaman vatandaşlarımız sizi en iyi hükümdarları, Optimus Princeps olarak ilan edeceklerdir.</Text>
    </Row>
    <Row Tag="LOC_LOADING_INFO_LEADER_T_ROOSEVELT">
      <Text>Ve bu yüzden, Theodore Roosevelt, halkına büyük maceralarında önderlik etmek için geniş omuzlarına yüklendi. Askeri gücünüzü kullanarak anavatanınızın halklarına umutsuzca hak ettikleri anlaşmayı sağlayın. Şüphesiz Amerika'yı ilgi odağı haline getirecek ve topraklarınızı görmek için okyanusların ötesinden ziyaretçiler çekeceksiniz. Aferin size Sayın Başkan.</Text>
    </Row>
    <Row Tag="LOC_LOADING_INFO_LEADER_VICTORIA">
      <Text>Majesteleri İngiltere Kraliçesi Victoria, erişiminizi sınırlarınızın ötesine ve dünyanın dört bir yanına genişletin.  Sadık kırmızı ceketlileriniz ve ezici donanmanız için yenilgi olasılığı konusunda endişelenmeyin, kesinlikle günü taşıyacaktır. Sakin ve istikrarlı dokunuşunuzla tüm toprakları İngiltere'nin egemenliği altına alabilir, gerçek bir Pax Britannica kurabilirsiniz.</Text>
    </Row>
    <Row Tag="LOC_ERA_ANCIENT_DESCRIPTION">
      <Text>Suyun altındaki yaşamın ilk kıpırtılarından... Taş Devri'nin büyük hayvanlarına... insanın ilk dik adımlarını atmasına kadar çok yol kat ettiniz.  Şimdi en büyük maceranız başlıyor: medeniyetin bu ilk beşiğinden yıldızlara doğru.</Text>
    </Row>
    <Row Tag="LOC_ERA_CLASSICAL_DESCRIPTION">
      <Text>Mütevazı başlangıçlardan itibaren kayda değer bir büyüme gösterdiniz. Demir için bronzunuzu bırakın ve at ve kılıçla hükmedin. Yukarıdaki gökyüzü sırlarını ifşa etmeye başlar, kalplerimizi yükselten ve bizi yabancı kıyılara yönlendiren bir cennet koleksiyonu.</Text>
    </Row>
    <Row Tag="LOC_ERA_MEDIEVAL_DESCRIPTION">
      <Text>Taştan büyük şehirler inşa ettiniz ve ilk imparatorlukların yükselişine ve çöküşüne tanık oldunuz.  Yakında cesur şövalyelerinizle birlikte kalelerin yükselen zirvelerinin altında duracaksınız. İşte halkınızın hikâyesi burada yazılacak. Tıpkı genç bir çırağın kılıç taşımayı öğrenmesi gibi, siz de bu dünyadaki yerinizi anlamak için büyüyeceksiniz.</Text>
    </Row>
    <Row Tag="LOC_ERA_RENAISSANCE_DESCRIPTION">
      <Text>Tüfeklerin namlusundan gökyüzündeki ateş çiçeklerine kadar yeni güçler ortaya çıkıyor. Yeni basılmış sayfalardaki sessiz kelimeler bile içinde büyük değişiklikler barındırıyor. Bir zamanlar çok geniş ve gizemli olan dünya küçüldü ve daha tanıdık hale geldi. Yine de her zaman yanıtlanması gereken sorular, test edilmesi gereken inançlar ve oluşturulması gereken ulusal kimlikler vardır.</Text>
    </Row>
    <Row Tag="LOC_ERA_INDUSTRIAL_DESCRIPTION">
      <Text>Makinelerin sabit uğultusu, dumanın keskin kokusu, kül ve isin bulanıklaştırdığı görüş - bunlar değişen zamanın işaretleridir. Bilimsel ve kültürel ilerlemenin cazibesi, krallığınızı ileriye götüren motordur.  Şimdi sizin göreviniz dünya ile insan, barış ile savaş arasındaki hassas dengeyi korumak.</Text>
    </Row>
    <Row Tag="LOC_ERA_MODERN_DESCRIPTION">
      <Text>Başlangıçta uçan adam efsaneleri yükseliyordu. Ve bugün, bu efsaneleri gerçeğe dönüştürmenin eşiğindesiniz. Uçuş ve yeni iletişim biçimleriyle küçük ve samimi bir dünya yaratabilirsiniz.  Ama bunun bedeli ne olacak? Nasıl yönetileceğine ve nasıl yaşanacağına dair birbiriyle yarışan fikirlerimiz, küresel ölçekte bir çatışma tehdidi yaratıyor.  Bu yükselen ideolojik hitabet gürültüsünde kendi yolunuzu seçmelisiniz.</Text>
    </Row>
    <Row Tag="LOC_ERA_ATOMIC_DESCRIPTION">
      <Text>Keşiflerin yeni sınırları, küçücük atomdan uzayın görkemine kadar anlayışımızı genişletiyor. Uzun zamandır hoşgörülen gizemler, kolayca görebildiklerimizin ötesinde, en derin sırlarını açığa çıkarmaya her zamankinden daha yakın. Bu bilgiyi nasıl kullanacağınızı seçecek ve şimdiye kadar karşılaştığımız en büyük karanlığı geri püskürteceksiniz.</Text>
    </Row>
    <Row Tag="LOC_ERA_INFORMATION_DESCRIPTION">
      <Text>Bir bilgi dünyası avucunuzun içinde duruyor ve anlık iletişim ağları tüm dünyayı sarmış durumda.  Yine de geleceğimize dair birleşik bir vizyon asla inşa edilemedi.  Teknoloji, kültür ve siyaset alanında rekabet halindeyiz. Gezegenimizi yok edebilecek ölümcül silahlara sahibiz. Bize dikkatle ama cesurca liderlik edin ve gelecek yıllar boyunca ayakta kalabilecek küresel bir toplum inşa edin.</Text>
    </Row>
    <Row Tag="LOC_TUTORIAL_DISABLE">
      <Text>Danışmanı devre dışı bırakın.</Text>
    </Row>
    <Row Tag="LOC_TUTORIAL_NEW_TO_STRATEGY">
      <Text>Sıra tabanlı stratejide yeniyim.</Text>
    </Row>
    <Row Tag="LOC_TUTORIAL_NEW_TO_CIV">
      <Text>Medeniyette Yeni</Text>
    </Row>
    <Row Tag="LOC_TUTORIAL_NEW_TO_CIV_6">
      <Text>Civilization VI'da Yeni</Text>
    </Row>
    <Row Tag="LOC_NO_DUPLICATE_CIVILIZATIONS_NAME">
      <Text>Mükerrer Uygarlık Yok</Text>
    </Row>
    <Row Tag="LOC_NO_DUPLICATE_LEADERS_NAME">
      <Text>Mükerrer Lider Yok</Text>
    </Row>
    <Row Tag="LOC_NO_TEAMS_NAME">
      <Text>Takım Yok</Text>
    </Row>
    <Row Tag="LOC_NO_DUPLICATE_CIVILIZATIONS_DESCRIPTION">
      <Text>Bu seçeneğin etkinleştirilmesi, iki veya daha fazla oyuncunun aynı uygarlığı seçmesini engeller.</Text>
    </Row>
    <Row Tag="LOC_NO_DUPLICATE_LEADERS_DESCRIPTION">
      <Text>Bu seçeneğin etkinleştirilmesi, iki veya daha fazla oyuncunun aynı lideri seçmesini engeller.</Text>
    </Row>
    <Row Tag="LOC_NO_TEAMS_DESCRIPTION">
      <Text>Bu seçeneğin etkinleştirilmesi takım oyununu devre dışı bırakır.</Text>
    </Row>
    <Row Tag="LOC_LIMIT_TURNS_NAME">
      <Text>Limit Dönüşleri</Text>
    </Row>
    <Row Tag="LOC_LIMIT_TURNS_DESCRIPTION">
      <Text>Maksimum dönüş sayısını sınırlayın</Text>
    </Row>
    <Row Tag="LOC_TURNLIMIT_NONE_NAME">
      <Text>Dönüş Sınırı Yok</Text>
    </Row>
    <Row Tag="LOC_TURNLIMIT_NONE_DESCRIPTION">
      <Text>Dönüş sayısı için bir sınır yoktur.</Text>
    </Row>
    <Row Tag="LOC_TURNLIMIT_GAMESPEED_NAME">
      <Text>Game Speed tarafından</Text>
    </Row>
    <Row Tag="LOC_TURNLIMIT_GAMESPEED_DESCRIPTION">
      <Text>Oyun MS 2050'de sona erecek.</Text>
    </Row>
    <Row Tag="LOC_TURNLIMIT_CUSTOM_NAME">
      <Text>Özel</Text>
    </Row>
    <Row Tag="LOC_TURNLIMIT_CUSTOM_DESCRIPTION">
      <Text>Oyun belirtilen tur sayısında sona erecektir.</Text>
    </Row>
    <Row Tag="LOC_CITYSTATE_COUNT_NAME">
      <Text>Şehir Devletleri</Text>
    </Row>
    <Row Tag="LOC_CITYSTATE_COUNT_DESCRIPTION">
      <Text>Oyuna dahil edilecek şehir devleti sayısı.</Text>
    </Row>
    <Row Tag="LOC_MAX_TURNS_NAME">
      <Text>Maksimum Dönüşler:</Text>
    </Row>
    <Row Tag="LOC_MAX_TURNS_DESCRIPTION">
      <Text>Belirtilen tur sayısı geçtikten sonra oyun sona erecektir.</Text>
    </Row>
    <Row Tag="LOC_MAINMENU_RESUME_GAME_TT">
      <Text>Oynadığınız son oyuna devam edin.</Text>
    </Row>
    <Row Tag="LOC_MAINMENU_LOAD_GAME_TT">
      <Text>Önceden kaydedilmiş bir oyunu yükleyin.</Text>
    </Row>
    <Row Tag="LOC_MAINMENU_PLAY_NOW_TT">
      <Text>Rastgele liderlerle küçük bir Kıtalar haritasında oynayın.</Text>
    </Row>
    <Row Tag="LOC_MAINMENU_CREATE_GAME_TT">
      <Text>Kendi ayarlarınızla yeni bir oyun oluşturun.</Text>
    </Row>
    <Row Tag="LOC_MAINMENU_SCENARIOS_TT">
      <Text>Belirli kuralları, liderleri ve hedefleri olan benzersiz bir deneyim olan bir senaryo oynayın.</Text>
    </Row>
    <Row Tag="LOC_MAINMENU_SINGLE_PLAYER_TT">
      <Text>Şimdi oynayın, yeni bir oyun oluşturun veya mevcut bir oyuna devam edin.</Text>
    </Row>
    <Row Tag="LOC_MAINMENU_MULTIPLAYER_TT">
      <Text>İnternet, ağ ve sıcak koltuk maçları burada kurulabilir veya katılabilir.</Text>
    </Row>
    <Row Tag="LOC_MAINMENU_GAME_OPTIONS_TT">
      <Text>Grafikler, ses, tuş bağlamaları ve daha fazlası için ayarlar.</Text>
    </Row>
    <Row Tag="LOC_MAINMENU_MODS_TT">
      <Text>Civilization VI'yı genişletmek ve genişletmek için hayranlar tarafından özel kreasyonlar.</Text>
    </Row>
    <Row Tag="LOC_MAINMENU_TUTORIAL_TT">
      <Text>Franchise'da tamamen yeni misiniz veya tazelemeye mi ihtiyacınız var? Yardım etmek için buradayız!</Text>
    </Row>
    <Row Tag="LOC_MAINMENU_BENCHMARK_TT">
      <Text>Donanımınız ne durumda?</Text>
    </Row>
    <Row Tag="LOC_MAINMENU_WORLDBUILDER_TT">
      <Text>World Builder harita düzenleyicisi.</Text>
    </Row>
    <Row Tag="LOC_MAINMENU_CREDITS_TT">
      <Text>Civilization VI'ya katkıda bulunan herkes.</Text>
    </Row>
    <Row Tag="LOC_MAINMENU_EXIT_GAME_TT">
      <Text>Oyundan tamamen çıkın.</Text>
    </Row>
    <Row Tag="LOC_MAIN_MENU_HALL_OF_FAME">
      <Text>Şöhretler Salonu</Text>
    </Row>
    <Row Tag="LOC_MAIN_MENU_HALL_OF_FAME_TT">
      <Text>Oyununuz zaman testine dayanıyor mu?</Text>
    </Row>
    <!-- Copyright screen -->
    <Row Tag="LOC_COPYRIGHT_TEXT">
      <Text>© 1991 - 2023 Take-Two Interactive Software, Inc. Firaxis Games tarafından geliştirilmiştir. 2K, Firaxis Games, Sid Meier's Civilization VI, Sid Meier's Civilization, Civilization, Civ ve ilgili logoları Take-Two Interactive Software, Inc. şirketinin ticari markalarıdır. Bink Video'yu kullanır. Telif Hakkı © 1997 - 2020 RAD Game Tools, Inc. Granny Animation kullanır. Telif Hakkı © 1999 - 2020 RAD Game Tools Inc. WWise tarafından desteklenmektedir © 2006- 2020 Audiokinetic Inc. Tüm hakları saklıdır. Fork Telif Hakkı © 2020 Fork Particle, Inc. Sid Meier's Civilization VI Havok® kullanmaktadır. © 1999 - 2020 Havok.com, Inc. (ve Lisans Sahipleri). Tüm Hakları Saklıdır. Ayrıntılar için www.havok.com adresine bakın. Microsoft, DirectX, Visual Studio ve Windows, Microsoft Corporation'ın Amerika Birleşik Devletleri ve\veya diğer ülkelerdeki tescilli ticari markaları veya ticari markalarıdır. Lua Telif Hakkı © 1994 - 2020 Lua.org, PUC-Rio. Diğer tüm markalar ve ticari markalar ilgili sahiplerinin mülkiyetindedir. Tüm hakları saklıdır. Bu video oyununun içeriği kurgusaldır ve oyunun tarihsel ortamındaki olayların, kişilerin veya varlıkların gerçek bir kaydını temsil etmesi veya tasvir etmesi amaçlanmamıştır.</Text>
    </Row>
    <Row Tag="LOC_COPYRIGHT_ACCEPT">
      <Text>Devam et</Text>
    </Row>
    <Row Tag="LOC_VICTORY_DEFAULT_NAME">
      <Text>Zafer</Text>
    </Row>
    <Row Tag="LOC_VICTORY_HEADER">
      <Text>ZAFER!</Text>
    </Row>
    <Row Tag="LOC_DEFEATED_SUBHEADER">
      <Text>KAYBEDİLDİ</Text>
    </Row>
    <Row Tag="LOC_ELIMINATED_SUBHEADER">
      <Text>ELENDİ</Text>
    </Row>
    <Row Tag="LOC_VICTORY_SCORE_SUBHEADER">
      <Text>ZAFER SKORU</Text>
    </Row>
    <Row Tag="LOC_VICTORY_SCIENCE_SUBHEADER">
      <Text>BİLİM ZAFERİ</Text>
    </Row>
    <Row Tag="LOC_VICTORY_CULTURE_SUBHEADER">
      <Text>KÜLTÜR ZAFERİ</Text>
    </Row>
    <Row Tag="LOC_VICTORY_DOMINATION_SUBHEADER">
      <Text>HAKIMIYET ZAFERI</Text>
    </Row>
    <Row Tag="LOC_VICTORY_RELIGIOUS_SUBHEADER">
      <Text>DINI ZAFER</Text>
    </Row>
    <Row Tag="LOC_VICTORY_SCENARIO_SUBHEADER">
      <Text>ZAFER: {1_ScenarioName}</Text>
    </Row>
    <Row Tag="LOC_VICTORY_SCENARIO_VICTORY_TYPE_SUBHEADER">
      <Text>{1_ScenarioVictoryType}</Text>
    </Row>
    <Row Tag="LOC_VICTORY_GAME_WINNER_SUBHEADER">
      <Text>OYUN KAZANANI</Text>
    </Row>
    <Row Tag="LOC_VICTORY_SCORE_NAME">
      <Text>Skor Zaferi</Text>
    </Row>
    <Row Tag="LOC_VICTORY_SCIENCE_NAME">
      <Text>Bilim Zaferi</Text>
    </Row>
    <Row Tag="LOC_VICTORY_CULTURE_NAME">
      <Text>Kültür Zaferi</Text>
    </Row>
    <Row Tag="LOC_VICTORY_DOMINATION_NAME">
      <Text>Hakimiyet Zaferi</Text>
    </Row>
    <Row Tag="LOC_VICTORY_RELIGIOUS_NAME">
      <Text>Dini Zafer</Text>
    </Row>
    <Row Tag="LOC_VICTORY_SCORE_TT">
      <Text>Büyük bir zafer elde edememiş olsanız da, alabildiğinizi alacaksınız. Bu zafer, zaman dolduğunda ve başka galip olmadığında tetiklenir.</Text>
    </Row>
    <Row Tag="LOC_VICTORY_SCIENCE_TT">
      <Text>Bilim zaferi kazanmak için Mars'ı kolonileştiren ilk kişi olun. Bu zafer basittir, ancak zaman dolmadan önce elde edilmesi zor olabilir.</Text>
    </Row>
    <Row Tag="LOC_VICTORY_CULTURE_TT">
      <Text>Kültürel büyüklüğünüz dünyadaki tüm insanları imparatorluğunuza çekecektir. Bu, elde edilmesi en zor zaferdir.</Text>
    </Row>
    <Row Tag="LOC_VICTORY_DOMINATION_TT">
      <Text>Askeri güç ve hüner sayesinde dünyayı dize getirirsiniz. Bu, elde edilecek en temel zaferdir.</Text>
    </Row>
    <Row Tag="LOC_VICTORY_RELIGIOUS_TT">
      <Text>Dininizi Dünya'nın dört bir yanına yayarak karanlık bir Dünya'ya ışık getirin. Dünyayı tek gerçek dine dönüştürmeyi umuyorsanız diplomatik ilişkilerde ustalaşmanız gerekecek.</Text>
    </Row>
    <Row Tag="LOC_RULESET_NAME">
      <Text>Standart Kurallar</Text>
    </Row>
    <Row Tag="LOC_RULESET_DESCRIPTION">
      <Text>Bu standart bir Civilization VI oyunudur.</Text>
    </Row>
    <Row Tag="LOC_TUTORIAL_PLAY_CLEO_NAME">
      <Text>Kleopatra olarak oyna</Text>
    </Row>
    <Row Tag="LOC_TUTORIAL_PLAY_GILG_NAME">
      <Text>Gılgamış olarak oyna</Text>
    </Row>
    <Row Tag="LOC_MAIN_MENU_ADDITIONAL_CONTENT">
      <Text>Ek İçerik</Text>
    </Row>
    <Row Tag="LOC_MAIN_MENU_ADDITIONAL_CONTENT_TT">
      <Text>Civilization VI için ek içerik.</Text>
    </Row>
    <Row Tag="LOC_MAIN_MENU_DEMO">
      <Text>Demo</Text>
    </Row>
    <Row Tag="LOC_MAIN_MENU_DEMO_PURCHASE">
      <Text>Şimdi Satın Al</Text>
    </Row>
    <Row Tag="LOC_MAIN_MENU_DEMO_PURCHASE_TT">
      <Text>Sid Meier's Civilization VI'yı satın almak için Steam Mağazasını açın</Text>
    </Row>
    <Row Tag="LOC_DEMO_COMPLETE_CONTENT">
      <Text>Tebrikler! Zamanın testine dayanacak bir Medeniyet inşa etmek için ilk adımları attınız. Kendinizi tarihin en büyük liderlerine karşı sınamaya devam edecek misiniz? Halkınızın kültürü gelişebilecek mi? Biliminiz aydınlatabilir mi? İnancınız ilham verebilir mi? Ordunuz hükmedebilecek mi?[NEWLINE][NEWLINE]Sid Meier's Civilization VI'da nasıl liderlik edeceksiniz? Yolculuğa şimdi devam edin.[NEWLINE][NEWLINE]İnşa edin. Fethet. İlham Ver.</Text>
    </Row>
    <Row Tag="LOC_DEMO_COMPLETE_MAIN_MENU">
      <Text>Tarihe Karışmak</Text>
    </Row>
    <Row Tag="LOC_DEMO_COMPLETE_BUY">
      <Text>Mükemmelliğe Ulaşmak</Text>
    </Row>
    <Row Tag="LOC_ARX_VICTORY_PROGRESS">
      <Text>{1_CivName} Zafer İlerlemesi</Text>
    </Row>
    <Row Tag="LOC_ARX_TOP_5">
      <Text>İlk 5</Text>
    </Row>
    <Row Tag="LOC_ARX_GOSSIP_LOG">
      <Text>Dedikodu Günlüğü</Text>
    </Row>
    <!-- File Errors -->
    <Row Tag="LOC_SERIALIZATION_ERROR_VERSION_MISMATCH">
      <Text>Oyunun bu sürümünde kayıt yüklenemez.</Text>
    </Row>
    <Row Tag="LOC_SERIALIZATION_ERROR_FAILED_TO_OPEN">
      <Text>Kayıt açılamıyor.</Text>
    </Row>
    <Row Tag="LOC_SERIALIZATION_ERROR_FAILED_TO_WRITE">
      <Text>Kayıt yazılamıyor.</Text>
    </Row>
    <Row Tag="LOC_SERIALIZATION_ERROR_FAILED_TO_READ">
      <Text>Kayıt okunamıyor.</Text>
    </Row>
    <Row Tag="LOC_SERIALIZATION_ERROR_FAILED_TO_REMOVE">
      <Text>Kayıt kaldırılamıyor.</Text>
    </Row>
    <Row Tag="LOC_SERIALIZATION_ERROR_NOT_SAVE_GAME">
      <Text>Dosya bir kayıt oyunu değildir.</Text>
    </Row>
    <Row Tag="LOC_SERIALIZATION_ERROR_CORRUPT_SAVE">
      <Text>Kayıt oyunu bozuk.</Text>
    </Row>
    <Row Tag="LOC_SERIALIZATION_ERROR_UNEXPECTED_END_OF_FILE">
      <Text>Kaydetme yüklemesi beklenmedik bir şekilde sona erdi.</Text>
    </Row>
    <Row Tag="LOC_SERIALIZATION_ERROR_RESTORING_STATE">
      <Text>Oyun durumu geri yüklenemiyor.</Text>
    </Row>
    <Row Tag="LOC_SERIALIZATION_ERROR_PATH_NOT_FOUND">
      <Text>Kayıt yolu bulunamıyor.</Text>
    </Row>
    <Row Tag="LOC_SERIALIZATION_ERROR_INVALID_DEVICE">
      <Text>Kaydetme aygıtı geçersiz.</Text>
    </Row>
    <Row Tag="LOC_SERIALIZATION_ERROR_MISSING_REQUIRED_FILE_LIST">
      <Text>Cihazdan kayıt listesi alınamıyor.</Text>
    </Row>
    <Row Tag="LOC_SERIALIZATION_ERROR_MISSING_REQUIRED_MOD">
      <Text>Kayıt için gerekli bir veya daha fazla Mod yüklü değil.</Text>
    </Row>
    <Row Tag="LOC_SERIALIZATION_ERROR_MISSING_REQUIRED_DLC">
      <Text>Kayıt için gerekli bir veya daha fazla DLC paketi yüklü değil.</Text>
    </Row>
    <Row Tag="LOC_SERIALIZATION_ERROR_MISSING_REQUIRED_EXPANSION">
      <Text>Kaydetme için gerekli bir veya daha fazla Genişleme paketi yüklü değil.</Text>
    </Row>
    <Row Tag="LOC_TEAM_NAME_SELECT_TITLE">
      <Text>Takım Adı</Text>
    </Row>
    <Row Tag="LOC_TEAM_NAME_ENTRY_TITLE">
      <Text>Takım Adını Girin</Text>
    </Row>
    <Row Tag="LOC_CHOOSE_TEAM_ICON">
      <Text>Ekip Simgesini Seçin</Text>
    </Row>
    <Row Tag="LOC_MESSAGE_OF_THE_DAY_HEADING">
      <Text>Günün Mesajı:</Text>
    </Row>
    <!-- -->
    <Row Tag="LOC_GAME_START_ERROR_DESC">
      <Text>Oyunu başlatırken bir hata oluştu.[NEWLINE][NEWLINE]Tüm modları devre dışı bırakıp tekrar denemenizi öneririz.</Text>
    </Row>
    <Row Tag="LOC_GAME_START_ERROR_CODE">
      <Text>Hata - {1_ErrorCode}</Text>
    </Row>
    <Row Tag="LOC_GAME_START_VIEW_MODS">
      <Text>Modları Yönet</Text>
    </Row>
    <Row Tag="LOC_GAME_START_ERROR_TITLE">
      <Text>Oyun Başlatılırken Hata</Text>
    </Row>
    <Row Tag="LOC_GAME_START_ERROR_UNKNOWN_VERSION">
      <Text>Kaydetme sürümü uyumsuz.</Text>
    </Row>
    <Row Tag="LOC_GAME_START_ERROR_MOD_CONTENT">
      <Text>Bir veya daha fazla Mod içerik yükleyemedi.</Text>
    </Row>
    <Row Tag="LOC_GAME_START_ERROR_MOD_CONFIG">
      <Text>Bir veya daha fazla Mod, içeriği veya veritabanı girişlerini yapılandıramadı.</Text>
    </Row>
    <Row Tag="LOC_GAME_START_ERROR_MOD_OWNERSHIP">
      <Text>Bir veya daha fazla Mod satın alınmamıştır.</Text>
    </Row>
    <Row Tag="LOC_GAME_START_ERROR_SCRIPT_PROCESSING">
      <Text>Başlangıç komut dosyalarından birinde veya daha fazlasında hata var. Bkz. lua.log</Text>
    </Row>
    <Row Tag="LOC_CLOUD_SAVES_REQUIRE_LINKED_ACCOUNT">
      <Text>Bulut kayıtları için bağlantılı bir 2K Hesabı gerekir.</Text>
    </Row>
    <Row Tag="LOC_CLOUD_SAVES_SERVICE_NOT_CONNECTED">
      <Text>Bulut kaydetme hizmetleri kullanılamıyor.</Text>
    </Row>
    <Row Tag="LOC_PAUSEMENU_INFO_OVERVIEW_TOOLTIP">
      <Text>Bu oyun hakkında teknik bilgiler:</Text>
    </Row>
    <Row Tag="LOC_PAUSEMENU_INFO_VERSION_TOOLTIP">
      <Text>Sürüm: {1_Version}</Text>
    </Row>
    <Row Tag="LOC_PAUSEMENU_INFO_MAP_SEED">
      <Text>Harita Tohumu: {1_MapSeed}</Text>
    </Row>
    <Row Tag="LOC_PAUSEMENU_INFO_GAME_SEED">
      <Text>Oyun Tohumu: {1_GameSeed}</Text>
    </Row>
    <Row Tag="LOC_PAUSEMENU_INFO_MOUSE_COPY_TOOLTIP">
      <Text>Bilgileri kopyalamak için sağ tıklayın.</Text>
    </Row>
    <Row Tag="LOC_PAUSEMENU_INFO_TOUCH_COPY_TOOLTIP">
      <Text>Bilgileri kopyalamak için 5 saniye basılı tutun.</Text>
    </Row>
    <Row Tag="LOC_MOD_SCOUT_CAT_TITLE">
      <Text>İzci Kedi</Text>
    </Row>
    <Row Tag="LOC_MOD_SCOUT_CAT_TEASER">
      <Text>İzcinin köpeğini bir sürü kediyle değiştirir.</Text>
    </Row>
    <Row Tag="LOC_MOD_SCOUT_CAT_DESCRIPTION">
      <Text>Bazen bir oyuncu köpek "Scout "u o kadar çok sever ki Scout'un vahşi doğada bu kadar çok çalıştığını görmeye dayanamaz. Bu yüzden bariz çözüm, Scout'un köyde dinlenebilmesi için bir sürü kedi göndermektir. Ya da kedigillerin büyük bir hayranıysanız, bu DLC sadece bir yanlışı düzeltiyor.</Text>
    </Row>
    <!-- Leader Pools -->
    <Row Tag="LOC_LEADER_POOL_1_NAME">
      <Text>Lider Havuzu 1</Text>
    </Row>
    <Row Tag="LOC_LEADER_POOL_1_DESC">
      <Text>Bu lider seçimi, Rastgele Liderden (Havuz 1) lider seçerken kullanılacaktır.</Text>
    </Row>
    <Row Tag="LOC_LEADER_POOL_2_NAME">
      <Text>Lider Havuzu 2</Text>
    </Row>
    <Row Tag="LOC_LEADER_POOL_2_DESC">
      <Text>Bu lider seçimi, Rastgele Liderden (Havuz 2) lider seçerken kullanılacaktır.</Text>
    </Row>
    <Row Tag="LOC_LEADER_POOL_COUNTER_WARNING">
      <Text>[COLOR_RED]En az {1_Min} lider seçilmelidir.[ENDCOLOR]</Text>
    </Row>
    <Row Tag="LOC_LEADER_POOL_PRESETS">
      <Text>Ön ayarlar:</Text>
    </Row>
    <Row Tag="LOC_LEADER_PICK_PRESET_ALL">
      <Text>Tümü</Text>
    </Row>
    <Row Tag="LOC_LEADER_PICK_PRESET_NONE">
      <Text>Hiçbiri</Text>
    </Row>
    <Row Tag="LOC_LEADER_PICK_PRESET_NO_WINS">
      <Text>Galibiyeti olmayan liderler</Text>
    </Row>
    <Row Tag="LOC_RANDOM_LEADER_POOL_1">
      <Text>Rastgele Lider (Havuz 1)</Text>
    </Row>
    <Row Tag="LOC_RANDOM_LEADER_POOL_2">
      <Text>Rastgele Lider (Havuz 2)</Text>
    </Row>
    <Row Tag="LOC_LEADER_POOL_TOO_FEW_WARNING">
      <Text>Lider Havuzlarından birinde, o havuzu seçen her oyuncu için yeterli lider yok. Devam ederseniz, bu oyunculardan bazılarına o havuzun dışında liderler atanacaktır. Bu sorun olur mu?</Text>
    </Row>
  </FrontEndText>
</GameData>