﻿<?xml version="1.0" encoding="utf-8"?>
<GameData>
  <FrontEndText>
    <Row Tag="LOC_PLAY_MULTIPLAYER_HAVE_CLOUD_NOTIFY">
      <Text>[ICON_Exclamation] Çok Oyunculu</Text>
    </Row>
    <Row Tag="LOC_PLAY_MULTIPLAYER_UNSEEN_COMPLETE_GAME">
      <Text>[ICON_Exclamation] Çok Oyunculu</Text>
    </Row>
    <Row Tag="LOC_PLAY_MULTIPLAYER_NEW_MP_MODE">
      <Text>[ICON_Exclamation] Çok Oyunculu</Text>
    </Row>
    <Row Tag="LOC_MULTIPLAYER_CLOUD_GAME">
      <Text>Bulutla Oyna</Text>
    </Row>
    <Row Tag="LOC_MULTIPLAYER_CLOUD_GAME_HAVE_CLOUD_NOTIFY">
      <Text>[ICON_Exclamation] Bulutla Oynayın</Text>
    </Row>
    <Row Tag="LOC_MULTIPLAYER_CLOUD_UNSEEN_COMPLETE_GAME">
      <Text>[ICON_Exclamation] Bulutla Oynayın</Text>
    </Row>
    <Row Tag="LOC_MULTIPLAYER_CLOUD_NEW_MODE">
      <Text>[ICON_Exclamation] Bulutla Oynayın</Text>
    </Row>
    <Row Tag="LOC_MULTIPLAYER_CLOUD_GAME_TT">
      <Text>Bulutta depolanacak ve tüm oyuncularla paylaşılacak eşzamansız çok oyunculu bir oyun oynayın. Civilization sunucularına aktif bir bağlantı gerektirir.</Text>
    </Row>
    <Row Tag="LOC_MULTIPLAYER_CLOUD_GAME_NO_LOGIN_TT">
      <Text>Civilization sunucularında oturum açılmadı.</Text>
    </Row>
    <Row Tag="LOC_MULTIPLAYER_CLOUD_GAME_NO_LOGIN_AGE_TT">
      <Text>Bu bağlantılı 2K Hesabı ile ilişkili yaş, oyunun belirli bölümlerine erişmek için yasal yaş gereksinimlerini karşılamıyor. Lütfen yardım için müşteri desteğiyle iletişime geçin.</Text>
    </Row>
    <Row Tag="LOC_MULTIPLAYER_CLOUD_GAME_HAVE_TURN_TT">
      <Text>Play By Cloud oyununda sıra sizde.</Text>
    </Row>
    <Row Tag="LOC_MULTIPLAYER_CLOUD_GAME_GAME_READY_TT">
      <Text>Play By Cloud oyunlarınızdan biri başlamaya hazır.</Text>
    </Row>
    <Row Tag="LOC_MULTIPLAYER_CLOUD_UNSEEN_COMPLETE_GAME_TT">
      <Text>Play By Cloud oyunlarınızdan biri kısa süre önce tamamlandı.</Text>
    </Row>
    <Row Tag="LOC_MULTIPLAYER_CLOUD_GAME_NEW_MODE_TT">
      <Text>Yeni çok oyunculu mod mevcut!</Text>
    </Row>
    <Row Tag="LOC_PLAYBYCLOUD_REMOTE_READY_POPUP_TITLE">
      <Text>Oynamaya Hazır</Text>
    </Row>
    <Row Tag="LOC_PLAYBYCLOUD_REMOTE_READY_POPUP_TEXT">
      <Text>Bu oyunda hazırsınız. Sıra size geldiğinde ana menüde ve Play By Cloud lobisinde bilgilendirileceksiniz. Bu oyundan güvenle çıkabilir ve başka tek oyunculu veya çok oyunculu oyunlar oynayabilirsiniz.</Text>
    </Row>
    <Row Tag="LOC_PLAYBYCLOUD_REMOTE_READY_POPUP_OK">
      <Text>HİÇBİR ŞEY YAPMA</Text>
    </Row>
    <Row Tag="LOC_PLAYBYCLOUD_REMOTE_READY_POPUP_LOBBY_EXIT">
      <Text>LOBİYE ÇIKIŞ</Text>
    </Row>
    <Row Tag="LOC_MULTIPLAYER_CLOUD_LOBBY">
      <Text>Bulutla Oyna</Text>
    </Row>
    <!-- Cloud Game Screen -->
    <Row Tag="LOC_MULTIPLAYER_CLOUD_LIST">
      <Text>Liste</Text>
    </Row>
    <Row Tag="LOC_MULTIPLAYER_CLOUD_TEMPLATE">
      <Text>Şablon</Text>
    </Row>
    <Row Tag="LOC_MULTIPLAYER_CLOUD_HOST">
      <Text>Ev sahibi</Text>
    </Row>
    <Row Tag="LOC_MULTIPLAYER_CLOUD_JOIN">
      <Text>Katılın</Text>
    </Row>
    <Row Tag="LOC_MULTIPLAYER_CLOUD_START">
      <Text>Başlangıç</Text>
    </Row>
    <Row Tag="LOC_LOBBY_MY_GAMES">
      <Text>Benim Oyunlarım</Text>
    </Row>
    <Row Tag="LOC_LOBBY_MY_GAMES_TT">
      <Text>İçinde bulunduğunuz aktif oyunları görüntüleyin.</Text>
    </Row>
    <Row Tag="LOC_LOBBY_OPEN_GAMES">
      <Text>Açık Oyunlar</Text>
    </Row>
    <Row Tag="LOC_LOBBY_OPEN_GAMES_TT">
      <Text>Katılabileceğiniz genel oyunları görüntüleyin.</Text>
    </Row>
    <Row Tag="LOC_LOBBY_COMPLETED_GAMES">
      <Text>Tamamlanan Oyunlar</Text>
    </Row>
    <Row Tag="LOC_LOBBY_COMPLETED_GAMES_TT">
      <Text>Tamamladığınız oyunların geçmişini görüntüleyin.</Text>
    </Row>
    <Row Tag="LOC_LOBBY_COMPLETED_GAMES_UNSEEN">
      <Text>[ICON_Exclamation] Tamamlanan Oyunlar</Text>
    </Row>
    <Row Tag="LOC_LOBBY_COMPLETED_GAMES_UNSEEN_TT">
      <Text>Play By Cloud oyunlarınızdan biri yakın zamanda tamamlandı.[NEWLINE][NEWLINE]Tamamladığınız oyunların geçmişini görüntüleyin.</Text>
    </Row>
    <Row Tag="LOC_LOBBY_GAME_YOUR_TURN_TOOLTIP">
      <Text>Bu oyunda sıra sende.</Text>
    </Row>
    <Row Tag="LOC_LOBBY_GAME_GAME_READY_TOOLTIP">
      <Text>Bu oyun başlamaya hazır.</Text>
    </Row>
    <Row Tag="LOC_LOBBY_GAME_UNSEEN_COMPLETE_TOOLTIP">
      <Text>Bu oyun yakın zamanda tamamlandı.</Text>
    </Row>
    <Row Tag="LOC_LOBBY_GAME_CLOUD_PLAYER_TURN_TOOLTIP">
      <Text>Bu oyunda sıra {1_playerName}'de.</Text>
    </Row>
    <Row Tag="LOC_LOBBY_GAME_NAME_YOUR_TURN">
      <Text>[ICON_Exclamation] {1_gameName}</Text>
    </Row>
    <Row Tag="LOC_LOBBY_GAME_NAME_UNSEEN_COMPLETE">
      <Text>[ICON_Exclamation] {1_gameName}</Text>
    </Row>
    <Row Tag="LOC_SETUP_ERROR_PLAYBYCLOUD_REMOTE_READY">
      <Text>Oyun Başlangıcı Bekleniyor</Text>
    </Row>
    <Row Tag="LOC_SETUP_ERROR_PLAYBYCLOUD_REMOTE_READY_TT">
      <Text>Ev sahibinin oyunu başlatmasını bekliyorum.</Text>
    </Row>
    <Row Tag="LOC_READY_BLOCKED_NOT_ENOUGH_HUMANS">
      <Text>Yeterli İnsan Oyuncu Yok</Text>
    </Row>
    <Row Tag="LOC_READY_BLOCKED_NOT_ENOUGH_HUMANS_TT">
      <Text>Oyun başlatılamıyor.  Başlamak için iki insan oyuncu gereklidir.</Text>
    </Row>
    <Row Tag="LOC_MAINMENU_MULTIPLAYER_HAVE_CLOUD_TURN_TT">
      <Text>Play By Cloud oyununda sıra sizde.</Text>
    </Row>
    <Row Tag="LOC_MAINMENU_MULTIPLAYER_GAME_READY_TT">
      <Text>Play By Cloud oyunlarınızdan biri başlamaya hazır.</Text>
    </Row>
    <Row Tag="LOC_MAINMENU_MULTIPLAYER_UNSEEN_COMPLETE_GAME_TT">
      <Text>Play By Cloud oyunlarınızdan biri kısa süre önce tamamlandı.</Text>
    </Row>
    <Row Tag="LOC_MAINMENU_MULTIPLAYER_NEW_MP_MODE_TT">
      <Text>Yeni çok oyunculu mod mevcut!</Text>
    </Row>
    <Row Tag="LOC_MAINMENU_MULTIPLAYER_BASE_TT">
      <Text>Play By Cloud, İnternet, ağ ve sıcak koltuk maçları burada kurulabilir veya katılabilir.</Text>
    </Row>
    <Row Tag="LOC_MULTIPLAYER_PITBOSS_LOBBY">
      <Text>PITBOSS OYUNLARI</Text>
    </Row>
    <Row Tag="LOC_MULTIPLAYER_PITBOSS_GAME">
      <Text>Pitboss</Text>
    </Row>
    <Row Tag="LOC_MULTIPLAYER_PITBOSS_GAME_TT">
      <Text>Özel bir sunucunun oyunu uzun bir süre boyunca kontrol ettiği çok oyunculu bir oyun oynayın.</Text>
    </Row>
    <!-- Multiplayer Joining Room Screen -->
    <Row Tag="LOC_MP_ROOM_TOO_MANY_MATCHES">
      <Text>Oyuna katılınamıyor. Zaten izin verilen maksimum aktif Play By Cloud oyunu sayısındasınız.</Text>
    </Row>
    <Row Tag="LOC_MP_ROOM_TOO_MANY_MATCHES_TITLE">
      <Text>Çok Fazla Kibrit</Text>
    </Row>
    <!-- Lobby Screen -->
    <Row Tag="LOC_MULTIPLAYER_PLAY_GAME">
      <Text>Oyun Oyna</Text>
    </Row>
    <Row Tag="LOC_MULTIPLAYER_PLAY_GAME_TT">
      <Text>Halihazırda katıldığınız çok oyunculu bir oyunu oynamaya devam edin.</Text>
    </Row>
    <!-- Join Code Popup  -->
    <Row Tag="LOC_JOIN_CODE_POPUP_TITLE">
      <Text>Katılım Kodu ile Katılın</Text>
    </Row>
    <Row Tag="LOC_JOIN_CODE_POPUP_TEXT">
      <Text>Bir oyuna Katılma Kodu kullanarak katılın. Katılma Kodu, oyunun Hazırlık Odasının Oyun Özeti sekmesinde bulunabilir. Katılım Kodları büyük/küçük harfe duyarlıdır.</Text>
    </Row>
    <Row Tag="LOC_JOIN_CODE_POPUP_EDITBOX">
      <Text>Katılma Kodu:</Text>
    </Row>
    <Row Tag="LOC_JOIN_CODE_POPUP_CANCEL">
      <Text>İptal</Text>
    </Row>
    <!-- Staging Room -->
    <Row Tag="LOC_START_WAITING_FOR_TURN">
      <Text>Sıra Bekliyor</Text>
    </Row>
    <Row Tag="LOC_START_WAITING_FOR_TURN_TT">
      <Text>Mevcut oyun dünyası durumunu gözlemlemek için tıklayın.</Text>
    </Row>
    <Row Tag="LOC_MULTIPLAYER_QUIT_GAME">
      <Text>İSTİFA</Text>
    </Row>
    <Row Tag="LOC_GAME_MENU_QUIT_GAME_TITLE">
      <Text>Oyundan Çık</Text>
    </Row>
    <Row Tag="LOC_GAME_MENU_QUIT_GAME_WARNING">
      <Text>Bu çok oyunculu oyundan çıkmak istediğinizden emin misiniz? İlerlemenizi kaybedecek ve bu oyundan çıkarılacaksınız.</Text>
    </Row>
    <Row Tag="LOC_MULTIPLAYER_QUITING_GAME_TITLE">
      <Text>Oyundan Çık</Text>
    </Row>
    <Row Tag="LOC_MULTIPLAYER_QUITING_GAME_PROMPT">
      <Text>Oyunu bırakıyorum.</Text>
    </Row>
    <Row Tag="LOC_MULTIPLAYER_QUITING_GAME_FAIL_TITLE">
      <Text>Çıkma Hatası</Text>
    </Row>
    <Row Tag="LOC_MULTIPLAYER_QUITING_GAME_FAIL">
      <Text>Oyundan çıkarken hata oluştu.</Text>
    </Row>
    <Row Tag="LOC_MULTIPLAYER_QUITING_GAME_FAIL_ACCEPT">
      <Text>Tamam.</Text>
    </Row>
    <Row Tag="LOC_STAGING_ROOM_JOIN_CODE">
      <Text>Katılma Kodu:</Text>
    </Row>
    <Row Tag="LOC_STAGING_ROOM_COPY_JOIN_CODE">
      <Text>Kopyalamak için Katılma Koduna tıklayın</Text>
    </Row>
    <Row Tag="LOC_GAME_MENU_END_GAME_TITLE">
      <Text>Oyunu Sil</Text>
    </Row>
    <Row Tag="LOC_GAME_MENU_END_GAME_WARNING">
      <Text>Bu çok oyunculu oyunu silmek istediğinizden emin misiniz? Bu, bu oyunu tüm oyuncular için sonlandıracaktır.</Text>
    </Row>
    <!-- Options Screen -->
    <Row Tag="LOC_OPTIONS_WEBHOOK_URL">
      <Text>Play By Cloud Webhook URL'si:</Text>
    </Row>
    <Row Tag="LOC_OPTIONS_WEBHOOK_FREQ">
      <Text>Play By Cloud Webhook Frekansı:</Text>
    </Row>
    <Row Tag="LOC_OPTIONS_WEBHOOK_MODE">
      <Text>Bulut Modu ile Oynayın:</Text>
    </Row>
    <Row Tag="LOC_OPTIONS_WEBHOOK_MODE_TOOLTIP">
      <Text>Mod A - IFTTT ile uyumlu[NEWLINE]JSON Payload Değişkenleri[NEWLINE][ICON_Bullet] "value1" = Oyun Adı[NEWLINE][ICON_Bullet] "value2" = Oyuncu Adı[NEWLINE][ICON_Bullet] "value3" = Oyun Sırası[NEWLINE]Mod B - Discord ile uyumlu[NEWLINE]JSON Payload Değişkenleri[NEWLINE][ICON_Bullet] "content" = Bildirim Mesajı</Text>
    </Row>
    <Row Tag="LOC_WEBHOOK_FREQ_MY_TURN">
      <Text>Benim Sıram</Text>
    </Row>
    <Row Tag="LOC_WEBHOOK_FREQ_EVERY_TURN">
      <Text>Her Dönüş</Text>
    </Row>
    <Row Tag="LOC_WEBHOOK_PAYLOAD_MODE_A">
      <Text>Mod A</Text>
    </Row>
    <Row Tag="LOC_WEBHOOK_PAYLOAD_MODE_B">
      <Text>B Modu</Text>
    </Row>
    <!-- PlayByCloud Notification Reminder Popup -->
    <Row Tag="LOC_PBC_NOTIFY_REMINDER_TITLE">
      <Text>Bildirimlerinizi ayarlayın!</Text>
    </Row>
    <Row Tag="LOC_PBC_OVERVIEW_DESC">
      <Text>Play By Cloud, tüm oyuncuların barındırılan bir sunucuda depolanan ortak bir kayıt oyunu üzerinde sırayla oynadıkları eşzamansız bir çok oyunculu formattır. Bu, arkadaşlar arasında ortak bir kayıt dosyasına sahip bir disketi paylaşmanın eski bir uygulaması olan "kayıt oyununu geçirme" nin daha modern bir versiyonudur ("disket" kavramına aşina değilseniz, lütfen saygıdeğer bir yetişkine sorun). [NEWLINE][NEWLINE] Bir Play By Cloud oyunu, her oyuncu sırasını kendileri için uygun bir zamanda aldığı için uzun sürebilir (günler veya haftalar sırasına göre). Oyun sırası size geldiğinde bildirimler alacaksınız. Steam aktifse bir Steam bildirimi görebilirsiniz veya web kancalarını kullanabilirsiniz. Web kancaları, teknik açıdan istekli olanların diğer mesajlaşma hizmetlerine, e-postalara veya Nesnelerin İnterneti cihazlarına entegre edebilecekleri genel bir mesaj formatıdır.[NEWLINE][NEWLINE]Eşzamansız çok oyunculu oyunlarda, oyunun devam etmesini sağlamak için sıranızı mümkün olan en erken zamanda almanız nazik bir davranış olarak kabul edilir. Eski zamanlarda, oyuncular ahlaki olarak disketi bozulmaya karşı korumakla yükümlüydü, vicdansız oyuncular savunulamaz bir durumda kaldıklarında savegame'i "kaybetmeye" başvururlardı. Play By Cloud bu tür alçakça davranışları ortadan kaldırır.</Text>
    </Row>
    <Row Tag="LOC_PBC_NOTIFY_REMINDER_DESC">
      <Text>Bir Play By Cloud maçına başlamadan önce bildirimleri etkinleştirmenizi öneririz.[NEWLINE][NEWLINE]Sid Meier's Civilization VI dışında bildirim almak için bildirimleri yapılandırmış olmanız gerekir.</Text>
    </Row>
    <Row Tag="LOC_DO_NOT_REMIND_ALT">
      <Text>Hatırlatmayın</Text>
    </Row>
    <Row Tag="LOC_DO_NOT_REMIND_ALT_TT">
      <Text>Bu hatırlatmayı bir daha asla göstermeyin.</Text>
    </Row>
    <Row Tag="LOC_DO_NOT_REMIND">
      <Text>Bunu bir daha gösterme</Text>
    </Row>
    <Row Tag="LOC_DO_NOT_REMIND_TT">
      <Text>Bu hatırlatmayı bir daha asla göstermeyin.</Text>
    </Row>
  </FrontEndText>
</GameData>