﻿<?xml version="1.0" encoding="utf-8"?>
<GameData>
  <EnglishText>
    <Row Tag="LOC_HOF_GRAPH_CITY_BUILDINGS">
      <Text>Şehir Binaları</Text>
    </Row>
    <Row Tag="LOC_HOF_GRAPH_CITY_CULTURE">
      <Text>Şehir Kültürü</Text>
    </Row>
    <Row Tag="LOC_HOF_GRAPH_CITY_DISTRICTS">
      <Text>Şehir Bölgeleri</Text>
    </Row>
    <Row Tag="LOC_HOF_GRAPH_CITY_FAITH">
      <Text>Şehir İnancı</Text>
    </Row>
    <Row Tag="LOC_HOF_GRAPH_CITY_FOOD">
      <Text>Şehir Yemekleri</Text>
    </Row>
    <Row Tag="LOC_HOF_GRAPH_CITY_GOLD">
      <Text>Şehir Altını</Text>
    </Row>
    <Row Tag="LOC_HOF_GRAPH_CITY_POPULATION">
      <Text>Şehir Nüfusu</Text>
    </Row>
    <Row Tag="LOC_HOF_GRAPH_CITY_PRODUCTION">
      <Text>Şehir Prodüksiyonu</Text>
    </Row>
    <Row Tag="LOC_HOF_GRAPH_CITY_SCIENCE">
      <Text>Şehir Bilimi</Text>
    </Row>
    <Row Tag="LOC_HOF_GRAPH_CITY_TOURISM">
      <Text>Şehir Turizmi</Text>
    </Row>
    <Row Tag="LOC_HOF_GRAPH_CITY_WONDERS">
      <Text>Şehir Harikaları</Text>
    </Row>
    <Row Tag="LOC_HOF_GRAPH_PLAYER_BARBARIAN_CAMPS">
      <Text>Barbar Kampları Temizlendi</Text>
    </Row>
    <Row Tag="LOC_HOF_GRAPH_PLAYER_BARBARIAN_KILLS">
      <Text>Öldürülen Barbarlar</Text>
    </Row>
    <Row Tag="LOC_HOF_GRAPH_PLAYER_BUILDINGS">
      <Text>İnşa Edilen Binalar</Text>
    </Row>
    <Row Tag="LOC_HOF_GRAPH_PLAYER_CITIES_CAPTURED">
      <Text>Yakalanan Şehirler</Text>
    </Row>
    <Row Tag="LOC_HOF_GRAPH_PLAYER_CITIES_FOUNDED">
      <Text>Kurulan Şehirler</Text>
    </Row>
    <Row Tag="LOC_HOF_GRAPH_PLAYER_CITIES_LOST">
      <Text>Kayıp Şehirler</Text>
    </Row>
    <Row Tag="LOC_HOF_GRAPH_PLAYER_CIVICS">
      <Text>Yurttaşlık Bilgisi Edinildi</Text>
    </Row>
    <Row Tag="LOC_HOF_GRAPH_PLAYER_COMBATS">
      <Text>Mücadele Sayısı</Text>
    </Row>
    <Row Tag="LOC_HOF_GRAPH_PLAYER_CULTURE">
      <Text>Oyuncu Kültürü</Text>
    </Row>
    <Row Tag="LOC_HOF_GRAPH_PLAYER_DISTRICTS">
      <Text>İnşa Edilen İlçeler</Text>
    </Row>
    <Row Tag="LOC_HOF_GRAPH_PLAYER_FAITH">
      <Text>Oyuncu İnancı</Text>
    </Row>
    <Row Tag="LOC_HOF_GRAPH_PLAYER_GOLD">
      <Text>Oyuncu Altın</Text>
    </Row>
    <Row Tag="LOC_HOF_GRAPH_PLAYER_GOODY_HUTS">
      <Text>Kabile Köyleri Keşfedildi</Text>
    </Row>
    <Row Tag="LOC_HOF_GRAPH_PLAYER_GREAT_PEOPLE">
      <Text>Büyük İnsanlar Kazandı</Text>
    </Row>
    <Row Tag="LOC_HOF_GRAPH_PLAYER_NATURAL_WONDERS">
      <Text>Keşfedilen Doğa Harikaları</Text>
    </Row>
    <Row Tag="LOC_HOF_GRAPH_PLAYER_NUKES">
      <Text>Nükleer Füzeler Fırlatıldı</Text>
    </Row>
    <Row Tag="LOC_HOF_GRAPH_PLAYER_SCIENCE">
      <Text>Oyuncu Bilimi</Text>
    </Row>
    <Row Tag="LOC_HOF_GRAPH_PLAYER_SCORE">
      <Text>Oyuncu Skoru</Text>
    </Row>
    <Row Tag="LOC_HOF_GRAPH_PLAYER_TECHS">
      <Text>Satın Alınan Teknolojiler</Text>
    </Row>
    <Row Tag="LOC_HOF_GRAPH_PLAYER_UNITS_KILLED">
      <Text>Öldürülen Birimler</Text>
    </Row>
    <Row Tag="LOC_HOF_GRAPH_PLAYER_UNITS_LOST">
      <Text>Kaybedilen Birimler</Text>
    </Row>
    <Row Tag="LOC_HOF_GRAPH_PLAYER_WARS_DECLARED">
      <Text>İlan Edilen Savaşlar</Text>
    </Row>
    <Row Tag="LOC_HOF_GRAPH_PLAYER_WARS_RECEIVED">
      <Text>Alınan Savaş İlanları</Text>
    </Row>
    <Row Tag="LOC_HOF_GRAPH_PLAYER_WONDERS">
      <Text>Harikalar İnşa Edildi</Text>
    </Row>
    <Row Tag="LOC_HOF_GRAPH_RELIGION_BELIEFS">
      <Text>Dini İnançlar</Text>
    </Row>
    <Row Tag="LOC_HOF_GRAPH_RELIGION_CITIES">
      <Text>Dini Şehirler</Text>
    </Row>
    <Row Tag="LOC_HOF_GRAPH_RELIGION_FOLLOWERS">
      <Text>Dini Takipçiler</Text>
    </Row>
    <Row Tag="LOC_HOF_REPORTS_CITY_STATUS">
      <Text>Şehir Durumu</Text>
    </Row>
    <Row Tag="LOC_HOF_REPORTS_CITY_STATUS_BUILDINGS">
      <Text>Binalar</Text>
    </Row>
    <Row Tag="LOC_HOF_REPORTS_CITY_STATUS_DISTRICTS">
      <Text>İlçeler</Text>
    </Row>
    <Row Tag="LOC_HOF_REPORTS_CITY_STATUS_INITIAL_COLUMN">
      <Text>Şehir</Text>
    </Row>
    <Row Tag="LOC_HOF_REPORTS_CITY_STATUS_POPULATION">
      <Text>Nüfus</Text>
    </Row>
    <Row Tag="LOC_HOF_REPORTS_CITY_STATUS_TURN_FOUNDED">
      <Text>Turn Founded</Text>
    </Row>
    <Row Tag="LOC_HOF_REPORTS_CITY_STATUS_WONDERS">
      <Text>Harikalar</Text>
    </Row>
    <Row Tag="LOC_HOF_REPORTS_CITY_YIELDS">
      <Text>Şehir Getirileri</Text>
    </Row>
    <Row Tag="LOC_HOF_REPORTS_CITY_YIELDS_CULTURE">
      <Text>Kültür</Text>
    </Row>
    <Row Tag="LOC_HOF_REPORTS_CITY_YIELDS_FAITH">
      <Text>İnanç</Text>
    </Row>
    <Row Tag="LOC_HOF_REPORTS_CITY_YIELDS_FOOD">
      <Text>Yemek</Text>
    </Row>
    <Row Tag="LOC_HOF_REPORTS_CITY_YIELDS_GOLD">
      <Text>Altın</Text>
    </Row>
    <Row Tag="LOC_HOF_REPORTS_CITY_YIELDS_INITIAL_COLUMN">
      <Text>Şehir</Text>
    </Row>
    <Row Tag="LOC_HOF_REPORTS_CITY_YIELDS_PRODUCTION">
      <Text>Üretim</Text>
    </Row>
    <Row Tag="LOC_HOF_REPORTS_CITY_YIELDS_SCIENCE">
      <Text>Bilim</Text>
    </Row>
    <Row Tag="LOC_HOF_REPORTS_CITY_YIELDS_TOURISM">
      <Text>Turizm</Text>
    </Row>
    <Row Tag="LOC_HOF_REPORTS_GOVERNMENTS">
      <Text>Hükümetler</Text>
    </Row>
    <Row Tag="LOC_HOF_REPORTS_GOVERNMENTS_INITIAL_COLUMN">
      <Text>Hükümet</Text>
    </Row>
    <Row Tag="LOC_HOF_REPORTS_GOVERNMENTS_TURNS_ACTIVE">
      <Text>Aktif Hale Gelir</Text>
    </Row>
    <Row Tag="LOC_HOF_REPORTS_RELIGIONS">
      <Text>Dinler</Text>
    </Row>
    <Row Tag="LOC_HOF_REPORTS_RELIGIONS_BELIEFS">
      <Text>İnançlar</Text>
    </Row>
    <Row Tag="LOC_HOF_REPORTS_RELIGIONS_CITIES">
      <Text>Şehirler</Text>
    </Row>
    <Row Tag="LOC_HOF_REPORTS_RELIGIONS_FOLLOWERS">
      <Text>Takipçiler</Text>
    </Row>
    <Row Tag="LOC_HOF_REPORTS_RELIGIONS_FOUNDER">
      <Text>Kurucu</Text>
    </Row>
    <Row Tag="LOC_HOF_REPORTS_RELIGIONS_HOLY_CITY">
      <Text>Kutsal Şehir</Text>
    </Row>
    <Row Tag="LOC_HOF_REPORTS_RELIGIONS_INITIAL_COLUMN">
      <Text>Din</Text>
    </Row>
    <Row Tag="LOC_HOF_REPORTS_RELIGIONS_TURN_FOUNDED">
      <Text>Turn Founded</Text>
    </Row>
    <Row Tag="LOC_HOF_REPORTS_UNITS">
      <Text>Birimler</Text>
    </Row>
    <Row Tag="LOC_HOF_REPORTS_UNITS_INITIAL_COLUMN">
      <Text>Birim</Text>
    </Row>
    <Row Tag="LOC_HOF_REPORTS_UNITS_KILLS">
      <Text>Öldürür</Text>
    </Row>
    <Row Tag="LOC_HOF_REPORTS_UNITS_LOST">
      <Text>Kayıp</Text>
    </Row>
    <Row Tag="LOC_HOF_REPORTS_UNITS_TRAINED">
      <Text>Eğitimli</Text>
    </Row>
    <Row Tag="LOC_HOF_STAT_BARBARIANS_KILLED">
      <Text>Öldürülen Barbarlar</Text>
    </Row>
    <Row Tag="LOC_HOF_STAT_BARBARIAN_CAMPS">
      <Text>Barbar Kampları Temizlendi</Text>
    </Row>
    <Row Tag="LOC_HOF_STAT_CITIES_CAPTURED">
      <Text>Fethedilen Şehirler</Text>
    </Row>
    <Row Tag="LOC_HOF_STAT_CITIES_FOUNDED">
      <Text>Kurulan Şehirler</Text>
    </Row>
    <Row Tag="LOC_HOF_STAT_CITIES_LOST">
      <Text>Kayıp Şehirler</Text>
    </Row>
    <Row Tag="LOC_HOF_STAT_CIVICS">
      <Text>Yurttaşlık Bilgisi Edinildi</Text>
    </Row>
    <Row Tag="LOC_HOF_STAT_CIVIC_BOOSTS">
      <Text>Yurttaşlık Bilgisi Güçlendirildi</Text>
    </Row>
    <Row Tag="LOC_HOF_STAT_COMBATS">
      <Text>Verilen Savaşlar</Text>
    </Row>
    <Row Tag="LOC_HOF_STAT_FAVORITE_GOVERNMENT">
      <Text>Favori Hükümet</Text>
    </Row>
    <Row Tag="LOC_HOF_STAT_FAVORITE_GOVERNMENT_ANNOTATION">
      <Text>Birleşik {Amount: plural 1?{Amount} turn;other?{Amount} turns;} için aktif.</Text>
    </Row>
    <Row Tag="LOC_HOF_STAT_FAVORITE_UNIT">
      <Text>Favori Birim</Text>
    </Row>
    <Row Tag="LOC_HOF_STAT_FAVORITE_UNIT_ANNOTATION">
      <Text>{Amount: plural 1?{Amount} unit;other?{Amount} units;} eğitimli</Text>
    </Row>
    <Row Tag="LOC_HOF_STAT_GOODY_HUTS">
      <Text>Kabile Köyleri Keşfedildi</Text>
    </Row>
    <Row Tag="LOC_HOF_STAT_GOVERNMENT">
      <Text>Hükümet</Text>
    </Row>
    <Row Tag="LOC_HOF_STAT_GREAT_PEOPLE">
      <Text>Büyük İnsanlar Kazandı</Text>
    </Row>
    <Row Tag="LOC_HOF_STAT_LARGEST_CITY">
      <Text>En Büyük Şehir</Text>
    </Row>
    <Row Tag="LOC_HOF_STAT_LARGEST_CITY_ANNOTATION">
      <Text>{Amount: plural 1?{Amount} citizen;other?{Amount} citizens;}</Text>
    </Row>
    <Row Tag="LOC_HOF_STAT_NATURAL_WONDERS">
      <Text>Keşfedilen Doğa Harikaları</Text>
    </Row>
    <Row Tag="LOC_HOF_STAT_NUKES">
      <Text>Nükleer Füze Fırlatmaları</Text>
    </Row>
    <Row Tag="LOC_HOF_STAT_POPULAR_RELIGION">
      <Text>En Çok Takip Edilen Din</Text>
    </Row>
    <Row Tag="LOC_HOF_STAT_POPULAR_RELIGION_ANNOTATION">
      <Text>{Amount: plural 1?{Amount} follower;other?{Amount} followers;}.</Text>
    </Row>
    <Row Tag="LOC_HOF_STAT_RELGIONS_FOUNDED">
      <Text>Kurulan Dinler</Text>
    </Row>
    <Row Tag="LOC_HOF_STAT_STRONGEST_UNIT">
      <Text>En Güçlü Birim</Text>
    </Row>
    <Row Tag="LOC_HOF_STAT_STRONGEST_UNIT_ANNOTATION">
      <Text>Öldürüldü {Amount: plural 1?{Amount} unit;other?{Amount} units;}.</Text>
    </Row>
    <Row Tag="LOC_HOF_STAT_TECHS">
      <Text>Satın Alınan Teknisyenler</Text>
    </Row>
    <Row Tag="LOC_HOF_STAT_TECH_BOOSTS">
      <Text>Teknisyenler Güçlendirildi</Text>
    </Row>
    <Row Tag="LOC_HOF_STAT_UNITS_KILLED">
      <Text>Öldürülen Birimler</Text>
    </Row>
    <Row Tag="LOC_HOF_STAT_UNITS_LOST">
      <Text>Kaybedilen Birimler</Text>
    </Row>
    <Row Tag="LOC_HOF_STAT_UNITS_TRAINED">
      <Text>Eğitilen Birimler</Text>
    </Row>
    <Row Tag="LOC_HOF_STAT_WARS_DECLARED">
      <Text>İlan Edilen Savaşlar</Text>
    </Row>
    <Row Tag="LOC_HOF_STAT_WARS_RECEIVED">
      <Text>Alınan Savaşlar</Text>
    </Row>
    <Row Tag="LOC_HOF_STAT_WEAKEST_UNIT">
      <Text>En Zayıf Birim</Text>
    </Row>
    <Row Tag="LOC_HOF_STAT_WEAKEST_UNIT_ANNOTATION">
      <Text>{Amount: plural 1?{Amount} unit;other?{Amount} units;} kaybetti.</Text>
    </Row>
    <Row Tag="LOC_HOF_STAT_WONDERS">
      <Text>Harikalar İnşa Edildi</Text>
    </Row>
  </EnglishText>
</GameData>