﻿<?xml version="1.0" encoding="utf-8"?>
<GameData>
  <EnglishText>
    <Row Tag="LOC_GREAT_BUILDERS_MOD_TITLE">
      <Text>Büyük İnşaatçılar Lider Paketi</Text>
    </Row>
    <Row Tag="LOC_GREAT_BUILDERS_MOD_TEASER">
      <Text>Yeni Alternatif Liderler - Kore'den Sejong, Almanya'dan Ludwig II ve Bizans'tan Theodora</Text>
    </Row>
    <Row Tag="LOC_GREAT_BUILDERS_MOD_DESCRIPTION">
      <Text>Mevcut Medeniyetler için 3 yeni alternatif Lider içerir. Sejong, Ludwig II ve Theodora'yı içerir.</Text>
    </Row>
  </EnglishText>
</GameData>