﻿<?xml version="1.0" encoding="utf-8"?>
<!-- edited with XMLSPY v2004 rel. 2 U (http://www.xmlspy.com) by matthew beach (Firaxis Games) -->
<GameData>
  <BaseGameText>
    <!--Improvements Description-->
    <Row Tag="LOC_IMPROVEMENT_BARBARIAN_CAMP_DESCRIPTION">
      <Text>İlave Barbarlar yaratır.[ICON_Gold] Yok edilirse altın ödülü. -1 İtiraz</Text>
    </Row>
    <Row Tag="LOC_IMPROVEMENT_BEACH_RESORT_DESCRIPTION">
      <Text>Deniz Kenarı Tatil Köyleri inşa etmek için İnşaatçı yeteneğinin kilidini açar. [NEWLINE][NEWLINE]Karonun Çekiciliğine eşit [ICON_Tourism] Turizm sağlar. Yalnızca Kıyı Çölü, Kıyı Ovaları veya Kıyı Otlakları karoları üzerine inşa edilebilir. Minimum Nefes Kesici Cazibe.</Text>
    </Row>
    <Row Tag="LOC_IMPROVEMENT_FARM_DESCRIPTION">
      <Text>Çiftlik inşa etmek için İnşaatçı yeteneğinin kilidini açar.[NEWLINE][NEWLINE]+1 [ICON_Food] Gıda. Yalnızca Otlak veya Ovalarda inşa edilebilir.[NEWLINE][NEWLINE]Diğer Çiftliklere bitişik çiftlikler inşa etmek Barınma için bonus sağlar.</Text>
    </Row>
    <Row Tag="LOC_IMPROVEMENT_MINE_DESCRIPTION">
      <Text>Maden inşa etmek için İnşaatçı yeteneğinin kilidini açar.[NEWLINE][NEWLINE]+1 [ICON_Production] Üretim. -1 Çekicilik. Tepeler veya geçerli kaynaklar üzerine inşa edilebilir.[NEWLINE][NEWLINE]Lüks veya Stratejik kaynaklar üzerine inşa edilirse, şehir o kaynaktan yararlanır.</Text>
    </Row>
    <Row Tag="LOC_IMPROVEMENT_QUARRY_DESCRIPTION">
      <Text>Taş Ocakları inşa etmek için İnşaatçı yeteneğinin kilidini açar.[NEWLINE][NEWLINE]+1 [ICON_Production] Üretim. -1 İtiraz. Yalnızca geçerli kaynaklar üzerine inşa edilebilir.[NEWLINE][NEWLINE]Lüks bir kaynak üzerine inşa edilirse, şehir o kaynaktan yararlanır.</Text>
    </Row>
    <Row Tag="LOC_IMPROVEMENT_FISHING_BOATS_DESCRIPTION">
      <Text>Balıkçı Tekneleri inşa etmek için İnşaatçı yeteneğinin kilidini açar.[NEWLINE][NEWLINE]+1 [ICON_Food] Gıda. Sadece geçerli kaynaklar üzerine inşa edilebilir.[NEWLINE][NEWLINE]Lüks kaynaklar üzerine inşa edilirse, şehir o kaynaktan faydalanır.</Text>
    </Row>
    <Row Tag="LOC_IMPROVEMENT_PASTURE_DESCRIPTION">
      <Text>İnşaatçının Mera inşa etme yeteneğinin kilidini açar.[NEWLINE][NEWLINE]+1 [ICON_Production] Üretim. Sadece geçerli kaynaklar üzerine inşa edilebilir.[NEWLINE][NEWLINE]Stratejik kaynaklar üzerine inşa edilirse, şehir o kaynaktan faydalanır.</Text>
    </Row>
    <Row Tag="LOC_IMPROVEMENT_PLANTATION_DESCRIPTION">
      <Text>Tarlalar inşa etmek için İnşaatçı yeteneğinin kilidini açar.[NEWLINE][NEWLINE]+2 [ICON_Gold] Altın. Yalnızca geçerli kaynaklar üzerine inşa edilebilir.[NEWLINE][NEWLINE]Lüks kaynaklar üzerine inşa edilirse, şehir o kaynaktan yararlanır.</Text>
    </Row>
    <Row Tag="LOC_IMPROVEMENT_CAMP_DESCRIPTION">
      <Text>İnşaatçının Kamp inşa etme yeteneğinin kilidini açar.[NEWLINE][NEWLINE]+1 [ICON_Gold] Altın. Yalnızca geçerli kaynaklar üzerine inşa edilebilir.[NEWLINE][NEWLINE]Lüks kaynaklar üzerine inşa edilirse, şehir o kaynaktan yararlanır.</Text>
    </Row>
    <Row Tag="LOC_IMPROVEMENT_LUMBER_MILL_DESCRIPTION">
      <Text>Kereste Değirmeni inşa etmek için İnşaatçı yeteneğinin kilidini açar.[NEWLINE][NEWLINE]+1 [ICON_Production] Üretim. Nehre bitişikse +1 [ICON_Production] Üretim. Yalnızca Ormanlar üzerine inşa edilebilir.</Text>
    </Row>
    <Row Tag="LOC_IMPROVEMENT_OIL_WELL_DESCRIPTION">
      <Text>Bir Petrol Kuyusu inşa etmek için İnşaatçı yeteneğinin kilidini açar.[NEWLINE][NEWLINE]-1 İtiraz. Yalnızca[ICON_RESOURCE_OIL] Petrol bulunan kara taşları üzerine inşa edilebilir.</Text>
    </Row>
    <Row Tag="LOC_IMPROVEMENT_OFFSHORE_OIL_RIG_DESCRIPTION">
      <Text>Bir Açık Deniz Petrol Kulesi inşa etmek için İnşaatçı yeteneğinin kilidini açar.[NEWLINE][NEWLINE]-1 İtiraz. Yalnızca [ICON_RESOURCE_OIL] Petrol içeren Kıyı veya Göl karoları üzerine inşa edilebilir.</Text>
    </Row>
    <Row Tag="LOC_IMPROVEMENT_FORT_DESCRIPTION">
      <Text>İşgal eden birim +4 [ICON_Strength] Savunma Gücü alır ve otomatik olarak 2 tur tahkimat kazanır.</Text>
    </Row>
    <Row Tag="LOC_IMPROVEMENT_AIRSTRIP_DESCRIPTION">
      <Text>Askeri Mühendisin bir Hava Pisti inşa etme yeteneğinin kilidini açar.[NEWLINE][NEWLINE]3 hava birimini destekleyebilir. Sadece düz arazide inşa edilebilir. -1 Çekicilik.</Text>
    </Row>
    <!--Unique Improvements Description-->
    <Row Tag="LOC_IMPROVEMENT_CHATEAU_DESCRIPTION">
      <Text>Fransa'ya özgü bir Şato inşa etmek için İnşaatçı yeteneğinin kilidini açar.[NEWLINE][NEWLINE]+2 [ICON_Culture] Kültür ve +1 [ICON_Gold] Altın. +1 Cazibe. Her komşu mucize için +1 [ICON_Culture] Kültür (Uçuş araştırmasından sonra +2 olur). Nehir kenarı içeren bir karo üzerindeyse +2 [ICON_Gold] Altın. Uçuş araştırmasından sonra [ICON_CULTURE] Kültürden [ICON_TOURISM] Turizm sağlar. Bir Bonus veya Lüks kaynağına bitişik olarak yerleştirilmelidir. Başka bir Şatoya bitişik inşa edilemez.</Text>
    </Row>
    <Row Tag="LOC_IMPROVEMENT_COLOSSAL_HEAD_DESCRIPTION">
      <Text>Bir Devasa Kafa inşa etmek için İnşaatçı yeteneğinin kilidini açar.[NEWLINE][NEWLINE]+2 [ICON_Faith] İnanç. Bitişik her 2 Yağmur Ormanı için +1 [ICON_Faith] İnanç. Bitişik her 2 Orman için +1 [ICON_Faith] İnanç. Kar veya Kar Tepeleri üzerine inşa edilemez.</Text>
    </Row>
    <Row Tag="LOC_IMPROVEMENT_GREAT_WALL_DESCRIPTION">
      <Text>Çin'e özgü Büyük Duvar inşa etmek için İnşaatçı yeteneğinin kilidini açar.[NEWLINE][NEWLINE]Savunma [ICON_Strength] artışı sağlar. Diğer segmentlere bitişikse [ICON_Gold] Altın için bonus. Bitişik segmentler için Teknoloji Ağacında ilerledikçe ilave [ICON_Culture] Kültür ve [ICON_Tourism] Turizm. İmparatorluğunuzun sınırları boyunca bir çizgi halinde inşa edilmelidir.</Text>
    </Row>
    <Row Tag="LOC_IMPROVEMENT_KURGAN_DESCRIPTION">
      <Text>İskitya'ya özgü bir Kurgan inşa etmek için İnşaatçı yeteneğinin kilidini açar. [NEWLINE][NEWLINE]+1 [ICON_Faith] İnanç ve +3 [ICON_Gold] Altın. Bitişik her Mera için +1 [ICON_Faith] İnanç (Üzengi araştırıldıktan sonra +2 olur). Uçuş araştırıldıktan sonra [ICON_FAITH] İnançtan [ICON_TOURISM] Turizm sağlar. Tepeler üzerine inşa edilemez.</Text>
    </Row>
    <Row Tag="LOC_IMPROVEMENT_MISSION_DESCRIPTION">
      <Text>İspanya'ya özgü bir Görev inşa etmek için İnşaatçı yeteneğinin kilidini açar.[NEWLINE][NEWLINE]+2 [ICON_Faith] İnanç. Kültürel Miras keşfedildiğinde ilave +2 [ICON_SCIENCE] Bilim. [ICON_Capital] Başkentinizden farklı bir kıtadaysa +2 [ICON_Faith] İnanç, +1 [ICON_PRODUCTION] Üretim ve +1 [ICON_FOod] Gıda. Bitişik her Kampüs ve Kutsal Alan bölgesi için +1 [ICON_Science] Bilim.</Text>
    </Row>
    <Row Tag="LOC_IMPROVEMENT_ROMAN_FORT_DESCRIPTION">
      <Text>Roma'ya özgü bir Roma Kalesi inşa etmek için Roma Lejyonu yeteneğinin kilidini açar. [NEWLINE][NEWLINE]İşgal eden birim +4 [ICON_Strength] Savunma Gücü alır ve otomatik olarak 2 tur tahkimat kazanır.</Text>
    </Row>
    <Row Tag="LOC_IMPROVEMENT_SPHINX_DESCRIPTION">
      <Text>Mısır'a özgü bir Sfenks inşa etmek için İnşaatçı yeteneğinin kilidini açar.[NEWLINE][NEWLINE]+1 [ICON_Faith] İnanç ve +1 [ICON_Culture] Kültür. +1 Cazibe. Bir mucizenin yanında ise +2 [ICON_Faith] İnanç. Başka bir Sfenks'in yanına inşa edilemez. Taşkın Ovaları üzerine inşa edilebilir.</Text>
    </Row>
    <Row Tag="LOC_IMPROVEMENT_STEPWELL_DESCRIPTION">
      <Text>Hindistan'a özgü bir Stepwell inşa etmek için İnşaatçı yeteneğinin kilidini açar. [NEWLINE][NEWLINE]+1 [ICON_Food] Gıda ve +1 [ICON_Housing] Konut. Bir Kutsal Alan bölgesine bitişikse +1 [ICON_Faith] İnanç. Bir Çiftliğe bitişikse +1 [ICON_Food] Yiyecek. Teknoloji ve Yurttaşlık Ağacında ilerledikçe ilave [ICON_Housing] Konut, [ICON_Faith] İnanç ve [ICON_Food] Gıda. Tepelere veya başka bir Stepwell'e bitişik inşa edilemez.</Text>
    </Row>
    <Row Tag="LOC_IMPROVEMENT_ZIGGURAT_DESCRIPTION">
      <Text>Sümer'e özgü bir Ziggurat inşa etmek için İnşaatçı yeteneğinin kilidini açar.[NEWLINE][NEWLINE]+2 [ICON_Science] Bilim. Nehrin yanındaysa +1 [ICON_Culture] Kültür. Tepeler üzerine inşa edilemez.</Text>
    </Row>
    <!--Goody Huts -->
    <Row Tag="LOC_GOODYHUT_CULTURE_RELIC_DESCRIPTION">
      <Text>[COLOR_FLOAT_CULTURE]{1_Relic} Kalıntı Ödüllendirildi[ENDCOLOR]</Text>
    </Row>
    <Row Tag="LOC_GOODYHUT_LARGE_GOLD_DESCRIPTION">
      <Text>[COLOR_FLOAT_GOLD]+{1_Num} [ICON_Gold][ENDCOLOR]</Text>
    </Row>
    <Row Tag="LOC_GOODYHUT_MEDIUM_GOLD_DESCRIPTION">
      <Text>[COLOR_FLOAT_GOLD]+{1_Num} [ICON_Gold][ENDCOLOR]</Text>
    </Row>
    <Row Tag="LOC_GOODYHUT_SMALL_GOLD_DESCRIPTION">
      <Text>[COLOR_FLOAT_GOLD]+{1_Num} [ICON_Gold][ENDCOLOR]</Text>
    </Row>
    <Row Tag="LOC_GOODYHUT_LARGE_FAITH_DESCRIPTION">
      <Text>+{1_Num} [ICON_Faith]</Text>
    </Row>
    <Row Tag="LOC_GOODYHUT_MEDIUM_FAITH_DESCRIPTION">
      <Text>+{1_Num} [ICON_Faith]</Text>
    </Row>
    <Row Tag="LOC_GOODYHUT_SMALL_FAITH_DESCRIPTION">
      <Text>+{1_Num} [ICON_Faith]</Text>
    </Row>
    <Row Tag="LOC_GOODYHUT_MILITARY_GRANT_UNIT_DESCRIPTION">
      <Text>[COLOR_FLOAT_MILITARY]Size bir keşif birimi verildi. [ENDCOLOR]</Text>
    </Row>
    <Row Tag="LOC_GOODYHUT_MILITARY_GRANT_UPGRADE_DESCRIPTION">
      <Text>[COLOR_FLOAT_MILITARY]Biriminiz yükseltildi. [ENDCOLOR]</Text>
    </Row>
    <Row Tag="LOC_GOODYHUT_MILITARY_GRANT_EXPERIENCE_DESCRIPTION">
      <Text>[COLOR_FLOAT_MILITARY]Biriminiz deneyim kazandı. [ENDCOLOR]</Text>
    </Row>
    <Row Tag="LOC_GOODYHUT_MILITARY_HEAL_DESCRIPTION">
      <Text>[COLOR_FLOAT_MILITARY]Biriminiz iyileştirildi. [ENDCOLOR]</Text>
    </Row>
    <Row Tag="LOC_GOODYHUT_SCIENCE_ONE_TECH_DESCRIPTION">
      <Text>[COLOR_FLOAT_SCIENCE]Bir ücretsiz Teknoloji. [ENDCOLOR]</Text>
    </Row>
    <Row Tag="LOC_GOODYHUT_SURVIVORS_ADD_POP_DESCRIPTION">
      <Text>+{1_Num} Yeni Nüfus</Text>
    </Row>
    <Row Tag="LOC_GOODYHUT_SURVIVORS_GRANT_UNIT_DESCRIPTION">
      <Text>Size {1_Num} {1_Num: plural 1?{2_Unit} unit; other?{2_Unit} units;} verilmiştir.</Text>
    </Row>
    <!--Barbarian Camps -->
    <Row Tag="LOC_BARB_CAMP_DISPERSAL_DESCRIPTION">
      <Text>[COLOR_FLOAT_GOLD]+{1_Num} [ICON_Gold][ENDCOLOR]</Text>
    </Row>
    <Row Tag="LOC_BARB_CAMP_DISPERSAL_DESCRIPTION_FAITH">
      <Text>[COLOR_FLOAT_FAITH]+{1_Num} [ICON_Faith][ENDCOLOR]</Text>
    </Row>
    <!--Nuclear -->
    <Row Tag="LOC_IMPROVEMENT_MISSILE_SILO_DESCRIPTION">
      <Text>Askeri Mühendisin bir Füze Silosu inşa etme yeteneğini açar.[NEWLINE][NEWLINE]Nükleer ve Termonükleer Aygıtlar için bir fırlatma alanı görevi görür.</Text>
    </Row>
  </BaseGameText>
</GameData>