﻿<?xml version="1.0" encoding="utf-8"?>
<GameData>
  <BaseGameText>
    <!-- ==================== Action Panel ==================== -->
    <Row Tag="LOC_ACTION_PANEL_CLOUD_TURN_UPLOADING">
      <Text>DÖNÜŞÜ TAAHHÜT ETMEK</Text>
    </Row>
    <Row Tag="LOC_ACTION_PANEL_CLOUD_TURN_UPLOADING_TOOLTIP">
      <Text>Sıranız buluta yükleniyor. Oyundan çıkmak ilerleme kaybına neden olabilir.</Text>
    </Row>
    <Row Tag="LOC_ACTION_PANEL_CLOUD_TURN_UPLOADED">
      <Text>ÇIKIŞ</Text>
    </Row>
    <Row Tag="LOC_ACTION_PANEL_CLOUD_TURN_UPLOADED_TOOLTIP">
      <Text>Sıranız buluta yüklendi. Ana menüye dönülüyor.</Text>
    </Row>
    <Row Tag="LOC_ACTION_PANEL_END_TURN_ASK_ME_TITLE">
      <Text>Bulut Dönüşü Taahhüt Edildi</Text>
    </Row>
    <Row Tag="LOC_ACTION_PANEL_END_TURN_ASK_ME_TEXT">
      <Text>Sıranız buluta aktarıldı. İlerlemeniz kaydedildi. Şimdi ne yapmak istiyorsunuz? Bu seçenek oyun seçeneklerinden değiştirilebilir.</Text>
    </Row>
    <Row Tag="LOC_REMEMBER_MY_CHOICE">
      <Text>Seçimimi Hatırla</Text>
    </Row>
    <!-- ==================== Your Turn Notification Popup ==================== -->
    <Row Tag="LOC_PBC_NOTIFY_POPUP_YOUR_TURN_TITLE">
      <Text>Bulut Sırasına Göre Oynayın</Text>
    </Row>
    <Row Tag="LOC_PBC_NOTIFY_POPUP_YOUR_TURN_BODY">
      <Text>Play By Cloud oyununda sıra sizde:[NEWLINE]([1][NEWLINE][NEWLINE]Maça şimdi katılırsanız, kaydedilmemiş tüm ilerlemeler kaybolacaktır.</Text>
    </Row>
    <Row Tag="LOC_PBC_NOTIFY_JOIN_MATCH">
      <Text>Eşleşmeye Katıl</Text>
    </Row>
    <!-- ==================== Unseen Completed Cloud Game Notification Popup ==================== -->
    <Row Tag="LOC_PBC_NOTIFY_POPUP_UNSEEN_COMPLETE_TITLE">
      <Text>Bulutla Oyna Oyun Bitti</Text>
    </Row>
    <Row Tag="LOC_PBC_NOTIFY_POPUP_UNSEEN_COMPLETE_BODY">
      <Text>Play By Cloud oyununda oyununuz sona erdi:[NEWLINE]([1][NEWLINE][NEWLINE]Sonuçları şimdi görüntülerseniz, kaydedilmemiş tüm ilerlemeler kaybolacaktır.</Text>
    </Row>
    <Row Tag="LOC_PBC_NOTIFY_VIEW_RESULTS">
      <Text>Sonuçları Görüntüle</Text>
    </Row>
  </BaseGameText>
</GameData>