﻿<?xml version="1.0" encoding="utf-8"?>
<!-- edited with XMLSPY v2004 rel. 2 U (http://www.xmlspy.com) by Ed Beach (Firaxis Games) -->
<GameData>
  <BaseGameText>
    <!--Leader Names-->
    <Row Tag="LOC_REPRESENTATIVE">
      <Text>bir temsilci</Text>
    </Row>
    <Row Tag="LOC_LEADER_BARBAROSSA_NAME">
      <Text>Frederick Barbarossa</Text>
    </Row>
    <Row Tag="LOC_LEADER_CATHERINE_DE_MEDICI_NAME">
      <Text>Catherine de Medici</Text>
    </Row>
    <Row Tag="LOC_LEADER_CLEOPATRA_NAME">
      <Text>Kleopatra</Text>
    </Row>
    <Row Tag="LOC_LEADER_GANDHI_NAME">
      <Text>Gandhi</Text>
    </Row>
    <Row Tag="LOC_LEADER_GILGAMESH_NAME">
      <Text>Gılgamış</Text>
    </Row>
    <Row Tag="LOC_LEADER_GORGO_NAME">
      <Text>Gorgo</Text>
    </Row>
    <Row Tag="LOC_LEADER_HARDRADA_NAME">
      <Text>Harald Hardrada</Text>
    </Row>
    <Row Tag="LOC_LEADER_HOJO_NAME">
      <Text>Hojo Tokimune</Text>
    </Row>
    <Row Tag="LOC_LEADER_MVEMBA_NAME">
      <Text>Mvemba a Nzinga</Text>
    </Row>
    <Row Tag="LOC_LEADER_PEDRO_NAME">
      <Text>Pedro II</Text>
    </Row>
    <Row Tag="LOC_LEADER_PERICLES_NAME">
      <Text>Perikles</Text>
    </Row>
    <Row Tag="LOC_LEADER_PETER_GREAT_NAME">
      <Text>Peter</Text>
    </Row>
    <Row Tag="LOC_LEADER_PHILIP_II_NAME">
      <Text>Philip II</Text>
    </Row>
    <Row Tag="LOC_LEADER_QIN_NAME">
      <Text>Qin Shi Huang</Text>
    </Row>
    <Row Tag="LOC_LEADER_SALADIN_NAME">
      <Text>Saladin</Text>
    </Row>
    <Row Tag="LOC_LEADER_TOMYRIS_NAME">
      <Text>Tomyris</Text>
    </Row>
    <Row Tag="LOC_LEADER_TRAJAN_NAME">
      <Text>Trajan</Text>
    </Row>
    <Row Tag="LOC_LEADER_T_ROOSEVELT_NAME">
      <Text>Teddy Roosevelt</Text>
    </Row>
    <Row Tag="LOC_LEADER_VICTORIA_NAME">
      <Text>Victoria</Text>
    </Row>
    <!--Agenda Names-->
    <Row Tag="LOC_AGENDA_ALLY_OF_ENKIDU_NAME">
      <Text>Enkidu'nun Müttefiki</Text>
    </Row>
    <Row Tag="LOC_AGENDA_AYYUBID_DYNASTY_NAME">
      <Text>Eyyubi Hanedanlığı</Text>
    </Row>
    <Row Tag="LOC_AGENDA_BACKSTAB_AVERSE_NAME">
      <Text>Arkadan Bıçaklamaktan Kaçınan</Text>
    </Row>
    <Row Tag="LOC_AGENDA_BIG_STICK_POLICY_NAME">
      <Text>Büyük Sopa Politikası</Text>
    </Row>
    <Row Tag="LOC_AGENDA_BLACK_QUEEN_NAME">
      <Text>Siyah Kraliçe</Text>
    </Row>
    <Row Tag="LOC_AGENDA_BUSHIDO_NAME">
      <Text>Bushido</Text>
    </Row>
    <Row Tag="LOC_AGENDA_CITY_STATE_ALLY_NAME">
      <Text>Şehir-Devlet Müttefiki</Text>
    </Row>
    <Row Tag="LOC_AGENDA_COUNTER_REFORMER_NAME">
      <Text>Karşı Reformcu</Text>
    </Row>
    <Row Tag="LOC_AGENDA_DELIAN_LEAGUE_NAME">
      <Text>Delian Birliği</Text>
    </Row>
    <Row Tag="LOC_AGENDA_ENTHUSIASTIC_DISCIPLE_NAME">
      <Text>Hevesli Öğrenci</Text>
    </Row>
    <Row Tag="LOC_AGENDA_GREAT_PERSON_OBSESSED_NAME">
      <Text>Sanatın Hamisi</Text>
    </Row>
    <Row Tag="LOC_AGENDA_IRON_CROWN_NAME">
      <Text>Demir Taç</Text>
    </Row>
    <Row Tag="LOC_AGENDA_LAST_VIKING_KING_NAME">
      <Text>Son Viking Kralı</Text>
    </Row>
    <Row Tag="LOC_AGENDA_OPTIMUS_PRINCEPS_NAME">
      <Text>Optimus Princeps</Text>
    </Row>
    <Row Tag="LOC_AGENDA_PARANOID_NAME">
      <Text>Paranoyak</Text>
    </Row>
    <Row Tag="LOC_AGENDA_PEACEKEEPER_NAME">
      <Text>Barış Muhafızı</Text>
    </Row>
    <Row Tag="LOC_AGENDA_QUEEN_OF_THE_NILE_NAME">
      <Text>Nil Kraliçesi</Text>
    </Row>
    <Row Tag="LOC_AGENDA_SUN_NEVER_SETS_NAME">
      <Text>Güneş Asla Batmaz</Text>
    </Row>
    <Row Tag="LOC_AGENDA_TLATOANI_NAME">
      <Text>Tlatoani</Text>
    </Row>
    <Row Tag="LOC_AGENDA_WESTERNIZER_NAME">
      <Text>Batılılaştırıcı</Text>
    </Row>
    <Row Tag="LOC_AGENDA_WITH_YOUR_SHIELD_OR_ON_IT_NAME">
      <Text>Kalkanınızla veya Üzerinde</Text>
    </Row>
    <Row Tag="LOC_AGENDA_WONDER_OBSESSED_NAME">
      <Text>10,000 Li Duvarı</Text>
    </Row>
    <Row Tag="LOC_AGENDA_AIRPOWER_NAME">
      <Text>Hava Gücü</Text>
    </Row>
    <Row Tag="LOC_AGENDA_BARBARIAN_LOVER_NAME">
      <Text>Barbar Müttefik</Text>
    </Row>
    <Row Tag="LOC_AGENDA_CITY_STATE_PROTECTOR_NAME">
      <Text>Şehir Devlet Koruyucusu</Text>
    </Row>
    <Row Tag="LOC_AGENDA_CIVILIZED_NAME">
      <Text>Medeni</Text>
    </Row>
    <Row Tag="LOC_AGENDA_CULTURED_NAME">
      <Text>Kültürlü</Text>
    </Row>
    <Row Tag="LOC_AGENDA_DARWINIST_NAME">
      <Text>Darwinist</Text>
    </Row>
    <Row Tag="LOC_AGENDA_DEVOUT_NAME">
      <Text>Dindar</Text>
    </Row>
    <Row Tag="LOC_AGENDA_ENVIRONMENTALIST_NAME">
      <Text>Çevreci</Text>
    </Row>
    <Row Tag="LOC_AGENDA_EXPLOITATIVE_NAME">
      <Text>İstismarcı</Text>
    </Row>
    <Row Tag="LOC_AGENDA_EXPLORER_NAME">
      <Text>Kaşif</Text>
    </Row>
    <Row Tag="LOC_AGENDA_FUN_LOVING_NAME">
      <Text>Eğlenceyi Seven</Text>
    </Row>
    <Row Tag="LOC_AGENDA_GREAT_PERSON_ADVOCATE_NAME">
      <Text>Harika İnsan Savunucusu</Text>
    </Row>
    <Row Tag="LOC_AGENDA_IDEOLOGUE_NAME">
      <Text>İdeolog</Text>
    </Row>
    <Row Tag="LOC_AGENDA_INDUSTRIALIST_NAME">
      <Text>Ağır Sanayi</Text>
    </Row>
    <Row Tag="LOC_AGENDA_MONEY_GRUBBER_NAME">
      <Text>Money Grubber</Text>
    </Row>
    <Row Tag="LOC_AGENDA_NATURALIST_NAME">
      <Text>Doğa Bilimci</Text>
    </Row>
    <Row Tag="LOC_AGENDA_NUKE_LOVER_NAME">
      <Text>Nuke Happy</Text>
    </Row>
    <Row Tag="LOC_AGENDA_POPULOUS_NAME">
      <Text>Populous</Text>
    </Row>
    <Row Tag="LOC_AGENDA_STANDING_ARMY_NAME">
      <Text>Daimi Ordu</Text>
    </Row>
    <Row Tag="LOC_AGENDA_TECHNOPHILE_NAME">
      <Text>Teknofil</Text>
    </Row>
    <Row Tag="LOC_AGENDA_WONDER_ADVOCATE_NAME">
      <Text>Mucize Takıntılı</Text>
    </Row>
    <Row Tag="LOC_AGENDA_ZEALOT_NAME">
      <Text>Zealot</Text>
    </Row>
    <!--Agenda Description-->
    <Row Tag="LOC_AGENDA_ALLY_OF_ENKIDU_DESCRIPTION">
      <Text>Uzun vadeli bir ittifak kurmaya istekli uygarlıkları sever. Dostlarını ve müttefiklerini kınayan veya onlara saldıran herkesten hoşlanmaz.</Text>
    </Row>
    <Row Tag="LOC_AGENDA_AYYUBID_DYNASTY_DESCRIPTION">
      <Text>İbadet binasının birçok şehirde olmasını ister ve onunla birlikte bir medeniyeti sever. Diğer Dinleri takip eden medeniyetlerden veya kendi Dininin takipçilerine savaş açan medeniyetlerden hoşlanmaz.</Text>
    </Row>
    <Row Tag="LOC_AGENDA_BACKSTAB_AVERSE_DESCRIPTION">
      <Text>Kendileriyle dost olduğunu ilan eden medeniyetleri sever. Arkadan bıçaklayan ve sürpriz savaşlar ilan eden uygarlıklardan nefret eder.</Text>
    </Row>
    <Row Tag="LOC_AGENDA_BIG_STICK_POLICY_DESCRIPTION">
      <Text>Kendi kıtasında bir şehri olan barışçıl medeniyetleri sever. Kendi kıtasında bulunan bir şehir devletine veya medeniyete karşı savaş başlatan medeniyetlerden nefret eder.</Text>
    </Row>
    <Row Tag="LOC_AGENDA_BLACK_QUEEN_DESCRIPTION">
      <Text>Mümkün olduğunca çok casus ve diplomatik erişim elde eder.  Bu casusluk faaliyetlerini görmezden gelen uygarlıkları sevmez.</Text>
    </Row>
    <Row Tag="LOC_AGENDA_BUSHIDO_DESCRIPTION">
      <Text>Güçlü bir orduya ve [ICON_Faith]İnanç ve [ICON_Culture] Kültür çıktısına sahip uygarlıkları sever. Askeri açıdan güçlü ancak [ICON_Faith]İnanç ve [ICON_Culture] Kültür çıktısı açısından zayıf uygarlıkları sevmez.</Text>
    </Row>
    <Row Tag="LOC_AGENDA_CITY_STATE_ALLY_DESCRIPTION">
      <Text>Aynı şehir devletine bağlılık için rekabet etmeyen uygarlıkları sever. Şehir devletine bağlılık için doğrudan rekabet eden uygarlıkları sevmez.</Text>
    </Row>
    <Row Tag="LOC_AGENDA_COUNTER_REFORMER_DESCRIPTION">
      <Text>Aynı Dini takip eden uygarlıkları sever ve şehirlerinin hepsinin aynı Dini takip etmesini ister.  Dinlerini imparatorluklarına yaymaya çalışan herkesten nefret eder.</Text>
    </Row>
    <Row Tag="LOC_AGENDA_DELIAN_LEAGUE_DESCRIPTION">
      <Text>Aynı şehir devletine bağlılık için rekabet etmeyen uygarlıkları sever. Şehir devletine bağlılık için doğrudan rekabet eden uygarlıkları sevmez.</Text>
    </Row>
    <Row Tag="LOC_AGENDA_ENTHUSIASTIC_DISCIPLE_DESCRIPTION">
      <Text>Kongo'ya Din getiren uygarlıkları sever. Bir Din kuran ancak bunu Kongo şehrine getirmeyen medeniyetlerden hoşlanmaz.</Text>
    </Row>
    <Row Tag="LOC_AGENDA_GREAT_PERSON_OBSESSED_DESCRIPTION">
      <Text>[ICON_GreatPerson] Büyük İnsanlar için rekabet etmeyen uygarlıkları sever ve mümkün olduğunda [ICON_GreatPerson] Büyük İnsanları işe alır. Bir [ICON_GreatPerson] Büyük İnsanı başka bir uygarlığa kaptırmaktan hoşlanmaz.</Text>
    </Row>
    <Row Tag="LOC_AGENDA_IRON_CROWN_DESCRIPTION">
      <Text>Şehir devletleri ile ilişki kurmayan medeniyetleri sever. Şehir devletlerinin suzerlerini veya şehir devletlerini fetheden uygarlıkları sevmez.</Text>
    </Row>
    <Row Tag="LOC_AGENDA_LAST_VIKING_KING_DESCRIPTION">
      <Text>Büyük bir donanma inşa eder ve onları takip eden uygarlıklara saygı duyar.  Zayıf donanmaya sahip uygarlıkları sevmez.</Text>
    </Row>
    <Row Tag="LOC_AGENDA_OPTIMUS_PRINCEPS_DESCRIPTION">
      <Text>İmparatorluklarına mümkün olduğunca çok bölgeyi dahil etmeye çalışır.  Az toprak kontrol eden uygarlıkları sevmez.</Text>
    </Row>
    <Row Tag="LOC_AGENDA_PARANOID_DESCRIPTION">
      <Text>Tehdit oluşturmayan uygarlıkları sever. Güçlü orduları veya yakın şehirleri olan uygarlıklardan hoşlanmaz.</Text>
    </Row>
    <Row Tag="LOC_AGENDA_QUEEN_OF_THE_NILE_DESCRIPTION">
      <Text>Güçlü ordulara sahip uygarlıkları sever ve zarar verici askeri çatışmalardan kaçınmak için onlarla ittifak kurmaya çalışır. Zayıf ordulara sahip uygarlıkları sevmez.</Text>
    </Row>
    <Row Tag="LOC_AGENDA_PEACEKEEPER_DESCRIPTION">
      <Text>Savaş kışkırtıcısı olarak damgalanabileceği savaşları asla ilan etmez ve barışı koruyanlarla dost olmaya çalışır. Savaş çığırtkanlarından nefret eder.</Text>
    </Row>
    <Row Tag="LOC_AGENDA_SUN_NEVER_SETS_DESCRIPTION">
      <Text>Kendi kıtasındaki uygarlıkları sever ve tüm kıtalara yayılmak ister. İngiltere'nin şehri olmayan kıtalardaki medeniyetleri sevmez.</Text>
    </Row>
    <Row Tag="LOC_AGENDA_TLATOANI_DESCRIPTION">
      <Text>Kendisiyle aynı Lüks kaynaklara sahip uygarlıkları sever ve mevcut her Lüks kaynağı toplamaya çalışır. Henüz toplamadığı yeni bir Lüks kaynağa sahip olan uygarlıkları sevmez.</Text>
    </Row>
    <Row Tag="LOC_AGENDA_WESTERNIZER_DESCRIPTION">
      <Text>[ICON_Science] Bilim ve [ICON_Culture] Kültürde kendisinden ileride olan uygarlıklara dostça yaklaşır.  [ICON_Science] Bilim ve [ICON_Culture] Kültürde eksik olan geri kalmış uygarlıklardan hoşlanmaz.</Text>
    </Row>
    <Row Tag="LOC_AGENDA_WITH_YOUR_SHIELD_OR_ON_IT_DESCRIPTION">
      <Text>Bir barış anlaşmasında asla eşyalarından vazgeçmez ve bu yaklaşıma uyan uygarlıkları sever. Teslim olmuş veya hiç savaşa girmemiş uygarlıklardan hoşlanmaz.</Text>
    </Row>
    <Row Tag="LOC_AGENDA_WONDER_OBSESSED_DESCRIPTION">
      <Text>Medeniyetlerin harikalar için rekabet etmemesini sever ve mümkün olduğunda harikalar inşa eder. Bir harikayı başka bir uygarlığa kaptırmaktan hoşlanmaz.</Text>
    </Row>
    <Row Tag="LOC_AGENDA_BARBARIAN_LOVER_DESCRIPTION">
      <Text>Barbarlara sempati duyar.  Barbar karakollarını yok eden uygarlıkları sevmez.</Text>
    </Row>
    <Row Tag="LOC_AGENDA_CIVILIZED_DESCRIPTION">
      <Text>Barbarlardan nefret eder. Barbar karakollarını temizleyen uygarlıkları sever. Barbar karakollarını görmezden gelen uygarlıkları sevmez.</Text>
    </Row>
    <Row Tag="LOC_AGENDA_CULTURED_DESCRIPTION">
      <Text>[ICON_Culture] Kültürü geliştirmeye çalışır ve [ICON_Culture] Kültürüne de odaklanan medeniyetleri sever.</Text>
    </Row>
    <Row Tag="LOC_AGENDA_DARWINIST_DESCRIPTION">
      <Text>Medeniyetleri savaş halinde görmeyi sever ve sürekli mücadeleye inanır.</Text>
    </Row>
    <Row Tag="LOC_AGENDA_FUN_LOVING_DESCRIPTION">
      <Text>Her şehirdeki vatandaşları mümkün olduğunca mutlu etmeye çalışır. Bu şekilde gelişen medeniyetleri de sever.</Text>
    </Row>
    <Row Tag="LOC_AGENDA_INDUSTRIALIST_DESCRIPTION">
      <Text>Sanayi kurmaya çalışır ve [ICON_Production] Üretime de odaklanan medeniyetleri sever.</Text>
    </Row>
    <Row Tag="LOC_AGENDA_MONEY_GRUBBER_DESCRIPTION">
      <Text>Tur başına mümkün olan en yüksek [ICON_Gold] Altın gelirine sahip olmaya çalışır. Diğer yüksek gelirli uygarlıklara saygı duyar.</Text>
    </Row>
    <Row Tag="LOC_AGENDA_NATURALIST_DESCRIPTION">
      <Text>Tüm doğa harikalarını bulmaya çalışır.  Ormanları ve Yağmur Ormanlarını kesmeden koruyan ve Milli Parklar kuran uygarlıkları sever.</Text>
    </Row>
    <Row Tag="LOC_AGENDA_NUKE_LOVER_DESCRIPTION">
      <Text>Nükleer silah kullanmaktan çekinmez. Nükleer silahlarla güç gösterisi yapan diğer medeniyetlere saygı duyar.</Text>
    </Row>
    <Row Tag="LOC_AGENDA_POPULOUS_DESCRIPTION">
      <Text>En yüksek toplam nüfusa sahip olmaya çalışır.  Diğer yüksek nüfuslu uygarlıklara saygı duyar.</Text>
    </Row>
    <Row Tag="LOC_AGENDA_STANDING_ARMY_DESCRIPTION">
      <Text>Daima büyük bir ordu bulundurmaya çalışır. Büyük orduları olan diğer uygarlıklara saygı duyar.</Text>
    </Row>
    <Row Tag="LOC_AGENDA_TECHNOPHILE_DESCRIPTION">
      <Text>[ICON_Science] Bilimi geliştirmeye çalışır ve [ICON_Science] Bilime de odaklanan medeniyetleri sever.</Text>
    </Row>
    <Row Tag="LOC_AGENDA_AIRPOWER_DESCRIPTION">
      <Text>Hava gücü oluşturmaya çalışır. Daha büyük hava gücüne sahip uygarlıklara hayranlık duyar. Zayıf hava gücüne sahip uygarlıkları sevmez.</Text>
    </Row>
    <Row Tag="LOC_AGENDA_CITY_STATE_PROTECTOR_DESCRIPTION">
      <Text>Himaye savaşlarını vurgular. Himaye savaşları başlatan medeniyetlere hayranlık duyar. Şehir devletlerine saldıran uygarlıklardan hoşlanmaz.</Text>
    </Row>
    <Row Tag="LOC_AGENDA_EXPLOITATIVE_DESCRIPTION">
      <Text>Tüm özellikleri temizler ve mümkün olan tüm karoları geliştirir. Geliştirilmiş karo yüzdesi yüksek olan uygarlıkları sever. Geliştirilmiş karo yüzdesi düşük olan veya Milli Parkları bulunan uygarlıkları sevmez.</Text>
    </Row>
    <Row Tag="LOC_AGENDA_ENVIRONMENTALIST_DESCRIPTION">
      <Text>Milli Parklar inşa eder, arazileri temizlemez, ormanlar diker. Orman diken veya Milli Parklar kuran uygarlıkları sever. Özellikleri temizleyen uygarlıkları sevmez.</Text>
    </Row>
    <Row Tag="LOC_AGENDA_IDEOLOGUE_DESCRIPTION">
      <Text>Aynı hükümet türüne sahip medeniyetleri tercih eder, farklı hükümetlere sahip medeniyetlerden hoşlanmaz ve kendisiyle aynı çağda farklı hükümetlere sahip medeniyetlerden gerçekten hoşlanmaz.</Text>
    </Row>
    <Row Tag="LOC_AGENDA_DEVOUT_DESCRIPTION">
      <Text>[ICON_Faith] İnancı geliştirmeye çalışır ve [ICON_Faith] İnanca da odaklanan medeniyetleri sever.</Text>
    </Row>
    <Row Tag="LOC_AGENDA_EXPLORER_DESCRIPTION">
      <Text>Haritayı keşfetmeye çalışır ve haritanın kendisinden daha azını keşfetmiş uygarlıkları sever ve haritanın kendisinden daha fazlasını keşfetmiş uygarlıkları sevmez.</Text>
    </Row>
    <Row Tag="LOC_AGENDA_ZEALOT_DESCRIPTION">
      <Text>Dini bir zafer kazanmaya çalışır. Zaten dinlerini benimsemiş olan sivilleri sever.</Text>
    </Row>
    <!-- City-State Traits-->
    <Row Tag="LOC_MINOR_CIV_SMALL_INFLUENCE_ENVOYS">
      <Text>1 [ICON_Envoy] Elçi:</Text>
    </Row>
    <Row Tag="LOC_MINOR_CIV_MEDIUM_INFLUENCE_ENVOYS">
      <Text>3 [ICON_Envoy] Elçi:</Text>
    </Row>
    <Row Tag="LOC_MINOR_CIV_LARGE_INFLUENCE_ENVOYS">
      <Text>6 [ICON_Envoy] Elçiler:</Text>
    </Row>
    <Row Tag="LOC_MINOR_CIV_SCIENTIFIC_TRAIT_NAME">
      <Text>Bilimsel Şehir-Devlet</Text>
    </Row>
    <Row Tag="LOC_MINOR_CIV_SCIENTIFIC_TRAIT_DESCRIPTION">
      <Text>{LOC_MINOR_CIV_SMALL_INFLUENCE_ENVOYS} {LOC_MINOR_CIV_SCIENTIFIC_TRAIT_SMALL_INFLUENCE_BONUS}[NEWLINE]{LOC_MINOR_CIV_MEDIUM_INFLUENCE_ENVOYS} {LOC_MINOR_CIV_SCIENTIFIC_TRAIT_MEDIUM_INFLUENCE_BONUS}[NEWLINE]{LOC_MINOR_CIV_LARGE_INFLUENCE_ENVOYS} {LOC_MINOR_CIV_SCIENTIFIC_TRAIT_LARGE_INFLUENCE_BONUS}</Text>
    </Row>
    <Row Tag="LOC_MINOR_CIV_SCIENTIFIC_TRAIT_SMALL_INFLUENCE_BONUS">
      <Text>[ICON_Capital] Başkentinizde +2 [ICON_Science] Bilim.</Text>
    </Row>
    <Row Tag="LOC_MINOR_CIV_SCIENTIFIC_TRAIT_MEDIUM_INFLUENCE_BONUS">
      <Text>+2 [ICON_Science] Her Kampüs bölgesinde bilim.</Text>
    </Row>
    <Row Tag="LOC_MINOR_CIV_SCIENTIFIC_TRAIT_LARGE_INFLUENCE_BONUS">
      <Text>Her Kampüs bölgesinde ek +2 [ICON_Science] Bilim.</Text>
    </Row>
    <Row Tag="LOC_MINOR_CIV_RELIGIOUS_TRAIT_NAME">
      <Text>Dini Şehir-Devlet</Text>
    </Row>
    <Row Tag="LOC_MINOR_CIV_RELIGIOUS_TRAIT_DESCRIPTION">
      <Text>{LOC_MINOR_CIV_SMALL_INFLUENCE_ENVOYS} {LOC_MINOR_CIV_RELIGIOUS_TRAIT_SMALL_INFLUENCE_BONUS}[NEWLINE]{LOC_MINOR_CIV_MEDIUM_INFLUENCE_ENVOYS} {LOC_MINOR_CIV_RELIGIOUS_TRAIT_MEDIUM_INFLUENCE_BONUS}[NEWLINE]{LOC_MINOR_CIV_LARGE_INFLUENCE_ENVOYS} {LOC_MINOR_CIV_RELIGIOUS_TRAIT_LARGE_INFLUENCE_BONUS}</Text>
    </Row>
    <Row Tag="LOC_MINOR_CIV_RELIGIOUS_TRAIT_SMALL_INFLUENCE_BONUS">
      <Text>+2 [ICON_Faith] Başkente İnanç [ICON_Capital].</Text>
    </Row>
    <Row Tag="LOC_MINOR_CIV_RELIGIOUS_TRAIT_MEDIUM_INFLUENCE_BONUS">
      <Text>+2 [ICON_Faith] Her Kutsal Alan bölgesinde inanç.</Text>
    </Row>
    <Row Tag="LOC_MINOR_CIV_RELIGIOUS_TRAIT_LARGE_INFLUENCE_BONUS">
      <Text>Her Kutsal Alan bölgesinde ilave +2 [ICON_Faith] İnanç.</Text>
    </Row>
    <Row Tag="LOC_MINOR_CIV_TRADE_TRAIT_NAME">
      <Text>Ticaret Şehir-Devlet</Text>
    </Row>
    <Row Tag="LOC_MINOR_CIV_TRADE_TRAIT_DESCRIPTION">
      <Text>{LOC_MINOR_CIV_SMALL_INFLUENCE_ENVOYS} {LOC_MINOR_CIV_TRADE_TRAIT_SMALL_INFLUENCE_BONUS}[NEWLINE]{LOC_MINOR_CIV_MEDIUM_INFLUENCE_ENVOYS} {LOC_MINOR_CIV_TRADE_TRAIT_MEDIUM_INFLUENCE_BONUS}[NEWLINE]{LOC_MINOR_CIV_LARGE_INFLUENCE_ENVOYS} {LOC_MINOR_CIV_TRADE_TRAIT_LARGE_INFLUENCE_BONUS}</Text>
    </Row>
    <Row Tag="LOC_MINOR_CIV_TRADE_TRAIT_SMALL_INFLUENCE_BONUS">
      <Text>Başkentte +4 [ICON_Gold] Altın [ICON_Capital].</Text>
    </Row>
    <Row Tag="LOC_MINOR_CIV_TRADE_TRAIT_MEDIUM_INFLUENCE_BONUS">
      <Text>Her Ticari Merkez bölgesinde +4 [ICON_Gold] Altın.</Text>
    </Row>
    <Row Tag="LOC_MINOR_CIV_TRADE_TRAIT_LARGE_INFLUENCE_BONUS">
      <Text>Her Ticari Merkez bölgesinde ilave +4 [ICON_Gold] Altın.</Text>
    </Row>
    <Row Tag="LOC_MINOR_CIV_CULTURAL_TRAIT_NAME">
      <Text>Kültürel Şehir-Devlet</Text>
    </Row>
    <Row Tag="LOC_MINOR_CIV_CULTURAL_TRAIT_DESCRIPTION">
      <Text>{LOC_MINOR_CIV_SMALL_INFLUENCE_ENVOYS} {LOC_MINOR_CIV_CULTURAL_TRAIT_SMALL_INFLUENCE_BONUS}[NEWLINE]{LOC_MINOR_CIV_MEDIUM_INFLUENCE_ENVOYS} {LOC_MINOR_CIV_CULTURAL_TRAIT_MEDIUM_INFLUENCE_BONUS}[NEWLINE]{LOC_MINOR_CIV_LARGE_INFLUENCE_ENVOYS} {LOC_MINOR_CIV_CULTURAL_TRAIT_LARGE_INFLUENCE_BONUS}</Text>
    </Row>
    <Row Tag="LOC_MINOR_CIV_CULTURAL_TRAIT_SMALL_INFLUENCE_BONUS">
      <Text>+2 [ICON_Culture] Başkentte [ICON_Capital] Kültür.</Text>
    </Row>
    <Row Tag="LOC_MINOR_CIV_CULTURAL_TRAIT_MEDIUM_INFLUENCE_BONUS">
      <Text>+2 [ICON_Culture] Her Tiyatro Meydanı bölgesinde kültür.</Text>
    </Row>
    <Row Tag="LOC_MINOR_CIV_CULTURAL_TRAIT_LARGE_INFLUENCE_BONUS">
      <Text>Ek +2 [ICON_Culture] Her Tiyatro Meydanı bölgesinde kültür.</Text>
    </Row>
    <Row Tag="LOC_MINOR_CIV_MILITARISTIC_TRAIT_NAME">
      <Text>Militarist Şehir Devleti</Text>
    </Row>
    <Row Tag="LOC_MINOR_CIV_MILITARISTIC_TRAIT_DESCRIPTION">
      <Text>{LOC_MINOR_CIV_SMALL_INFLUENCE_ENVOYS} {LOC_MINOR_CIV_MILITARISTIC_TRAIT_SMALL_INFLUENCE_BONUS}[NEWLINE]{LOC_MINOR_CIV_MEDIUM_INFLUENCE_ENVOYS} {LOC_MINOR_CIV_MILITARISTIC_TRAIT_MEDIUM_INFLUENCE_BONUS}[NEWLINE]{LOC_MINOR_CIV_LARGE_INFLUENCE_ENVOYS} {LOC_MINOR_CIV_MILITARISTIC_TRAIT_LARGE_INFLUENCE_BONUS}</Text>
    </Row>
    <Row Tag="LOC_MINOR_CIV_MILITARISTIC_TRAIT_SMALL_INFLUENCE_BONUS">
      <Text>+2 [ICON_Production] Birim üretirken [ICON_Capital] Sermayedeki üretim.</Text>
    </Row>
    <Row Tag="LOC_MINOR_CIV_MILITARISTIC_TRAIT_MEDIUM_INFLUENCE_BONUS">
      <Text>Birim üretirken her Kamp bölgesinde +2 [ICON_Production] Üretim.</Text>
    </Row>
    <Row Tag="LOC_MINOR_CIV_MILITARISTIC_TRAIT_LARGE_INFLUENCE_BONUS">
      <Text>Birim üretirken her Kamp bölgesinde ilave +2 [ICON_Production] Üretim.</Text>
    </Row>
    <Row Tag="LOC_MINOR_CIV_INDUSTRIAL_TRAIT_NAME">
      <Text>Endüstriyel Şehir-Devlet</Text>
    </Row>
    <Row Tag="LOC_MINOR_CIV_INDUSTRIAL_TRAIT_DESCRIPTION">
      <Text>{LOC_MINOR_CIV_SMALL_INFLUENCE_ENVOYS} {LOC_MINOR_CIV_INDUSTRIAL_TRAIT_SMALL_INFLUENCE_BONUS}[NEWLINE]{LOC_MINOR_CIV_MEDIUM_INFLUENCE_ENVOYS} {LOC_MINOR_CIV_INDUSTRIAL_TRAIT_MEDIUM_INFLUENCE_BONUS}[NEWLINE]{LOC_MINOR_CIV_LARGE_INFLUENCE_ENVOYS} {LOC_MINOR_CIV_INDUSTRIAL_TRAIT_LARGE_INFLUENCE_BONUS}</Text>
    </Row>
    <Row Tag="LOC_MINOR_CIV_INDUSTRIAL_TRAIT_SMALL_INFLUENCE_BONUS">
      <Text>Harikalar, binalar ve semtler üretirken [ICON_Capital] Başkentte +2 [ICON_Production] Üretim.</Text>
    </Row>
    <Row Tag="LOC_MINOR_CIV_INDUSTRIAL_TRAIT_MEDIUM_INFLUENCE_BONUS">
      <Text>+2 [ICON_Production] Harikalar, binalar ve bölgeler üretirken her Sanayi Bölgesi bölgesinde üretim.</Text>
    </Row>
    <Row Tag="LOC_MINOR_CIV_INDUSTRIAL_TRAIT_LARGE_INFLUENCE_BONUS">
      <Text>Her Sanayi Bölgesi bölgesinde harikalar, binalar ve semtler üretirken ek +2 [ICON_Production] Üretim.</Text>
    </Row>
    <Row Tag="LOC_LEADER_TRAIT_AMSTERDAM_NAME">
      <Text>Amsterdam Suzerain Bonus</Text>
    </Row>
    <Row Tag="LOC_LEADER_TRAIT_AMSTERDAM_DESCRIPTION">
      <Text>Yabancı şehirlere giden [ICON_TradeRoute] Ticaret Yollarınız, varış noktasındaki her Lüks kaynak için +1 [ICON_Gold] Altın kazandırır.</Text>
    </Row>
    <Row Tag="LOC_LEADER_TRAIT_BANDAR_BRUNEI_NAME">
      <Text>Bandar Brunei Suzerain Bonus</Text>
    </Row>
    <Row Tag="LOC_LEADER_TRAIT_BRUSSELS_NAME">
      <Text>Brüksel Süzerain Bonusu</Text>
    </Row>
    <Row Tag="LOC_LEADER_TRAIT_BRUSSELS_DESCRIPTION">
      <Text>Şehirleriniz harikalara yönelik +%15 [ICON_Production] Üretim kazanır.</Text>
    </Row>
    <Row Tag="LOC_LEADER_TRAIT_BUENOS_AIRES_NAME">
      <Text>Buenos Aires Suzerain Bonus</Text>
    </Row>
    <Row Tag="LOC_LEADER_TRAIT_BUENOS_AIRES_DESCRIPTION">
      <Text>Bonus kaynaklarınız Lüks kaynaklar gibi davranır ve tür başına 1 [ICON_Amenities] Kolaylık sağlar.</Text>
    </Row>
    <Row Tag="LOC_LEADER_TRAIT_CARTHAGE_NAME">
      <Text>Carthage Suzerain Bonus</Text>
    </Row>
    <Row Tag="LOC_LEADER_TRAIT_CARTHAGE_DESCRIPTION">
      <Text>Kamp bölgelerinizin her biri +1 [ICON_TradeRoute] Ticaret Yolu kapasitesi sağlar.</Text>
    </Row>
    <Row Tag="LOC_LEADER_TRAIT_GENEVA_NAME">
      <Text>Cenevre Suzerain Bonus</Text>
    </Row>
    <Row Tag="LOC_LEADER_TRAIT_GENEVA_DESCRIPTION">
      <Text>Şehirleriniz, herhangi bir uygarlıkla savaş halinde olmadığınız zamanlarda +%15 [ICON_Science] Bilim kazanır.</Text>
    </Row>
    <Row Tag="LOC_LEADER_TRAIT_HATTUSA_NAME">
      <Text>Hattuşa Süzerain Bonus</Text>
    </Row>
    <Row Tag="LOC_LEADER_TRAIT_HATTUSA_DESCRIPTION">
      <Text>Ortaya çıkardığınız ancak sahip olmadığınız her Stratejik kaynaktan size 1 tane sağlar.</Text>
    </Row>
    <Row Tag="LOC_LEADER_TRAIT_HONG_KONG_NAME">
      <Text>Hong Kong Suzerain Bonusu</Text>
    </Row>
    <Row Tag="LOC_LEADER_TRAIT_HONG_KONG_DESCRIPTION">
      <Text>Şehirleriniz, şehir projelerine yönelik +%20 [ICON_Production] Üretim kazanır.</Text>
    </Row>
    <Row Tag="LOC_LEADER_TRAIT_JAKARTA_NAME">
      <Text>Jakarta Suzerain Bonus</Text>
    </Row>
    <Row Tag="LOC_LEADER_TRAIT_JAKARTA_DESCRIPTION">
      <Text>Yabancı şehirlerdeki [ICON_TradingPost] Ticaret Karakollarınız, şehirden geçen veya şehre giden [ICON_TradeRoute] Ticaret Yollarınıza +1 [ICON_Gold] Altın sağlar.</Text>
    </Row>
    <Row Tag="LOC_LEADER_TRAIT_JERUSALEM_NAME">
      <Text>Kudüs Süzerain Bonusu</Text>
    </Row>
    <Row Tag="LOC_LEADER_TRAIT_JERUSALEM_DESCRIPTION">
      <Text>Kurduğunuz Dine otomatik olarak dönüşür ve o Din için sanki Kutsal Şehirmiş gibi baskı uygular.</Text>
    </Row>
    <Row Tag="LOC_LEADER_TRAIT_KABUL_NAME">
      <Text>Kabil Suzerain Bonus</Text>
    </Row>
    <Row Tag="LOC_LEADER_TRAIT_KABUL_DESCRIPTION">
      <Text>Birimleriniz başlattıkları savaşlardan iki kat deneyim kazanır.</Text>
    </Row>
    <Row Tag="LOC_LEADER_TRAIT_KANDY_NAME">
      <Text>Kandy Suzerain Bonus</Text>
    </Row>
    <Row Tag="LOC_LEADER_TRAIT_KANDY_DESCRIPTION">
      <Text>Her yeni doğa harikası keşfettiğinizde bir [ICON_GreatWork_Relic] Yadigâr alın ve tüm [ICON_GreatWork_Relic] Yadigârlardan +%50 [ICON_Faith] İnanç kazanın.</Text>
    </Row>
    <Row Tag="LOC_LEADER_TRAIT_KUMASI_NAME">
      <Text>Kumasi Suzerain Bonus</Text>
    </Row>
    <Row Tag="LOC_LEADER_TRAIT_KUMASI_DESCRIPTION">
      <Text>Herhangi bir şehir devletine giden [ICON_TradeRoute] Ticaret Yollarınız, menşe şehirdeki her uzmanlık bölgesi için +2 [ICON_Culture] Kültür ve +1 [ICON_Gold] Altın sağlar.</Text>
    </Row>
    <Row Tag="LOC_LEADER_TRAIT_LA_VENTA_NAME">
      <Text>La Venta Suzerain Bonus</Text>
    </Row>
    <Row Tag="LOC_LEADER_TRAIT_LA_VENTA_DESCRIPTION">
      <Text>İnşaatçılarınız artık Devasa Kafa geliştirmeleri yapabilir.[NEWLINE][NEWLINE]Devasa Kafalar +2 [ICON_Faith] İnanç sağlar. Bitişik her 2 Yağmur Ormanı için +1 [ICON_Faith] İnanç. Bitişik her 2 Orman için +1 [ICON_Faith] İnanç. Kar veya Kar Tepeleri üzerine inşa edilemez.</Text>
    </Row>
    <Row Tag="LOC_LEADER_TRAIT_LISBON_NAME">
      <Text>Mogadişu Suzerain Bonus</Text>
    </Row>
    <Row Tag="LOC_LEADER_TRAIT_LISBON_DESCRIPTION">
      <Text>Tüccar birimleriniz su taşları üzerinde yağmalanmaya karşı bağışıktır.</Text>
    </Row>
    <Row Tag="LOC_LEADER_TRAIT_MOHENJO_DARO_NAME">
      <Text>Mohenjo-Daro Suzerain Bonusu</Text>
    </Row>
    <Row Tag="LOC_LEADER_TRAIT_MOHENJO_DARO_DESCRIPTION">
      <Text>Şehirleriniz, sanki hepsi bir Nehrin yanındaymış gibi sudan tam [ICON_Housing] Konutlara sahiptir.</Text>
    </Row>
    <Row Tag="LOC_LEADER_TRAIT_NAN_MADOL_NAME">
      <Text>Nan Madol Suzerain Bonus</Text>
    </Row>
    <Row Tag="LOC_LEADER_TRAIT_NAN_MADOL_DESCRIPTION">
      <Text>Kıyı veya Göl karoları üzerindeki veya yanındaki bölgeleriniz +2 [ICON_Culture] Kültür sağlar.</Text>
    </Row>
    <Row Tag="LOC_LEADER_TRAIT_PRESLAV_NAME">
      <Text>Preslav Suzerain Bonus</Text>
    </Row>
    <Row Tag="LOC_LEADER_TRAIT_PRESLAV_DESCRIPTION">
      <Text>Hafif ve ağır süvari birlikleriniz tepe karelerinde savaşırken +5 [ICON_Strength] Güce sahiptir.</Text>
    </Row>
    <Row Tag="LOC_LEADER_TRAIT_SEOUL_NAME">
      <Text>Seul Süzerain Bonusu</Text>
    </Row>
    <Row Tag="LOC_LEADER_TRAIT_SEOUL_DESCRIPTION">
      <Text>Yeni bir çağa girdiğinizde, o çağdan 1 rastgele [ICON_TechBoosted] Eureka kazanın.</Text>
    </Row>
    <Row Tag="LOC_LEADER_TRAIT_STOCKHOLM_NAME">
      <Text>Stockholm Suzerain Bonus</Text>
    </Row>
    <Row Tag="LOC_LEADER_TRAIT_STOCKHOLM_DESCRIPTION">
      <Text>Bölgeleriniz kendi türlerinde +1 [ICON_GreatPerson] Büyük Kişi puanı sağlar ([ICON_GreatWriter] Büyük Yazar, [ICON_GreatArtist] Büyük Sanatçı ve [ICON_GreatMusician] Tiyatro Meydanı bölgeleri için Büyük Müzisyen).</Text>
    </Row>
    <Row Tag="LOC_LEADER_TRAIT_TORONTO_NAME">
      <Text>Toronto Suzerain Bonus</Text>
    </Row>
    <Row Tag="LOC_LEADER_TRAIT_TORONTO_DESCRIPTION">
      <Text>Sanayi Bölgesi ve Eğlence Kompleksi bölgelerinizden gelen bölgesel etkiler 3 karo daha uzağa ulaşır.</Text>
    </Row>
    <Row Tag="LOC_LEADER_TRAIT_VALLETTA_NAME">
      <Text>Valletta Suzerain Bonus</Text>
    </Row>
    <Row Tag="LOC_LEADER_TRAIT_VALLETTA_DESCRIPTION">
      <Text>Şehir Merkezi binaları ve Kamp bölgesi binaları [ICON_Faith] İnanç ile satın alınabilir. Kadim, Ortaçağ ve Rönesans Surlarını satın alma maliyeti azalır, ancak bunlar yalnızca [ICON_Faith] İnanç ile satın alınabilir.</Text>
    </Row>
    <Row Tag="LOC_LEADER_TRAIT_VILNIUS_NAME">
      <Text>Vilnius Suzerain Bonus</Text>
    </Row>
    <Row Tag="LOC_LEADER_TRAIT_VILNIUS_DESCRIPTION">
      <Text>Yeni bir çağa girdiğinizde, o çağdan 1 rastgele [ICON_CivicBoosted] İlham kazanın.</Text>
    </Row>
    <Row Tag="LOC_LEADER_TRAIT_YEREVAN_NAME">
      <Text>Yerevan Suzerain Bonus</Text>
    </Row>
    <Row Tag="LOC_LEADER_TRAIT_YEREVAN_DESCRIPTION">
      <Text>Havari birimleriniz rastgele bir terfi almak yerine olası herhangi bir terfiden birini seçebilir.</Text>
    </Row>
    <Row Tag="LOC_LEADER_TRAIT_ZANZIBAR_NAME">
      <Text>Zanzibar Suzerain Bonus</Text>
    </Row>
    <Row Tag="LOC_LEADER_TRAIT_ZANZIBAR_DESCRIPTION">
      <Text>[ICON_RESOURCE_CINNAMON] Tarçın ve [ICON_RESOURCE_CLOVES] Karanfil Lüks kaynaklarını alın. Bunlar oyunda başka bir şekilde kazanılamaz ve her biri 6 [ICON_Amenities] Kolaylık sağlar.</Text>
    </Row>
    <!--Leader Trait Names-->
    <Row Tag="LOC_TRAIT_LEADER_THERMOPYLAE_NAME">
      <Text>Thermopylae</Text>
    </Row>
    <Row Tag="LOC_TRAIT_LEADER_ADVENTURES_ENKIDU_NAME">
      <Text>Enkidu'nun Maceraları</Text>
    </Row>
    <Row Tag="LOC_TRAIT_LEADER_MEDITERRANEAN_NAME">
      <Text>Akdeniz'in Gelini</Text>
    </Row>
    <Row Tag="LOC_TRAIT_LEADER_DIVINE_WIND_NAME">
      <Text>İlahi Rüzgar</Text>
    </Row>
    <Row Tag="LOC_TRAIT_LEADER_EL_ESCORIAL_NAME">
      <Text>El Escorial</Text>
    </Row>
    <Row Tag="LOC_TRAIT_LEADER_GRAND_EMBASSY_NAME">
      <Text>Büyük Elçilik</Text>
    </Row>
    <Row Tag="LOC_TRAIT_LEADER_HOLY_ROMAN_EMPEROR_NAME">
      <Text>Kutsal Roma İmparatoru</Text>
    </Row>
    <Row Tag="LOC_TRAIT_LEADER_PAX_BRITANNICA_NAME">
      <Text>Pax Britannica</Text>
    </Row>
    <Row Tag="LOC_TRAIT_LEADER_RIGHTEOUSNESS_OF_FAITH_NAME">
      <Text>İnancın Doğruluğu</Text>
    </Row>
    <Row Tag="LOC_TRAIT_LEADER_RELIGIOUS_CONVERT_NAME">
      <Text>Din Değiştirme</Text>
    </Row>
    <Row Tag="LOC_TRAIT_LEADER_ROOSEVELT_COROLLARY_NAME">
      <Text>Roosevelt Sonuç</Text>
    </Row>
    <Row Tag="LOC_TRAIT_LEADER_SATYAGRAHA_NAME">
      <Text>Satyagraha</Text>
    </Row>
    <Row Tag="LOC_TRAIT_LEADER_THUNDERBOLT_NAME">
      <Text>Kuzeyin Yıldırımları</Text>
    </Row>
    <Row Tag="LOC_TRAIT_LEADER_FIRST_EMPEROR_NAME">
      <Text>İlk İmparator</Text>
    </Row>
    <Row Tag="LOC_TRAIT_LEADER_FLYING_SQUADRON_NAME">
      <Text>Catherine'in Uçan Filosu</Text>
    </Row>
    <Row Tag="LOC_TRAIT_LEADER_TRAJANS_COLUMN_NAME">
      <Text>Trajan'ın Sütunu</Text>
    </Row>
    <Row Tag="LOC_TRAIT_LEADER_KILLER_OF_CYRUS_NAME">
      <Text>Cyrus'un Katili</Text>
    </Row>
    <Row Tag="LOC_TRAIT_LEADER_MAGNANIMOUS_NAME">
      <Text>Magnanimous</Text>
    </Row>
    <Row Tag="LOC_TRAIT_LEADER_SURROUNDED_BY_GLORY_NAME">
      <Text>Zaferle Çevrili</Text>
    </Row>
    <Row Tag="LOC_TRAIT_LEADER_UNIT_ENGLISH_REDCOAT_NAME">
      <Text>Victoria'nın eşsiz birimi: Kırmızı Ceket</Text>
    </Row>
    <Row Tag="LOC_TRAIT_LEADER_UNIT_NORWEGIAN_LONGSHIP_NAME">
      <Text>Harald Hardrada benzersiz birimi: Viking Uzun Gemisi</Text>
    </Row>
    <Row Tag="LOC_TRAIT_LEADER_UNIT_AMERICAN_ROUGH_RIDER_NAME">
      <Text>Theodore Roosevelt benzersiz birimi: Rough Rider</Text>
    </Row>
    <!--Leader Trait Descriptions-->
    <Row Tag="LOC_TRAIT_LEADER_THERMOPYLAE_DESCRIPTION">
      <Text>Savaş zaferleri, yenilen birimin [ICON_Strength] Savaş Gücünün %50'sine eşit [ICON_Culture] Kültür sağlar. (Standart Hızda) Yerleştirilen her Askeri Politika için +1 [ICON_Strength] Savaş Gücü.</Text>
    </Row>
    <Row Tag="LOC_TRAIT_LEADER_ADVENTURES_ENKIDU_DESCRIPTION">
      <Text>Müttefikleriyle savaş halinde olan herkese savaş kışkırtıcılığı cezası almadan savaş ilan edebilir. Ortak bir düşmanla savaş halindeyken, kendileri ve müttefikleri yağma ödüllerini paylaşır ve 5 karo içindeyse savaş deneyimi kazanımlarını paylaşır.</Text>
    </Row>
    <Row Tag="LOC_TRAIT_LEADER_MEDITERRANEAN_DESCRIPTION">
      <Text>Diğer medeniyetlere giden [ICON_TradeRoute] Ticaret Yollarınız Mısır için +4 [ICON_Gold] Altın sağlar. Diğer uygarlıkların [ICON_TradeRoute] Mısır'a giden Ticaret Yolları onlar için +2 [ICON_Food] Gıda ve Mısır için +2 [ICON_Gold] Altın sağlar.</Text>
    </Row>
    <Row Tag="LOC_TRAIT_LEADER_DIVINE_WIND_DESCRIPTION">
      <Text>Kara birimleri Sahile bitişik kara karelerinde +5 [ICON_Strength] Savaş Gücü alır; deniz birimleri sığ su karelerinde +5 [ICON_Strength] Savaş Gücü alır. Kamp, Kutsal Alan ve Tiyatro Meydanı bölgelerini yarı sürede inşa eder.</Text>
    </Row>
    <Row Tag="LOC_TRAIT_LEADER_EL_ESCORIAL_DESCRIPTION">
      <Text>Engizisyoncular Sapkınlığı fazladan bir kez kaldırabilir. Savaş ve Dini birimler, diğer Dinleri takip eden oyunculara karşı +5 [ICON_Strength] Savaş Gücü bonusuna sahiptir.</Text>
    </Row>
    <Row Tag="LOC_TRAIT_LEADER_GRAND_EMBASSY_DESCRIPTION">
      <Text>Rusya'dan daha gelişmiş uygarlıklara giden [ICON_TradeRoute] Ticaret Yollarından [ICON_Science] Bilim veya [ICON_Culture] Kültür alır. İlerideki her 3 teknoloji veya medeniyet için +1.</Text>
    </Row>
    <Row Tag="LOC_TRAIT_LEADER_HOLY_ROMAN_EMPEROR_DESCRIPTION">
      <Text>Ek Askeri politika yuvası. Şehir devletlerine saldırırken +7 [ICON_Strength] Savaş Gücü.</Text>
    </Row>
    <Row Tag="LOC_TRAIT_LEADER_PAX_BRITANNICA_DESCRIPTION">
      <Text>Ana kıtanız dışında bir kıtada kurulan tüm şehirler ücretsiz bir yakın muharebe birimi alır. O şehirde bir Kraliyet Donanması Tersanesi inşa etmek, ek bir ücretsiz yakın muharebe birimi kazandırır. Askeri Bilim teknolojisi araştırıldığında Kırmızı Ceket benzersiz birimini kazanın.</Text>
    </Row>
    <Row Tag="LOC_TRAIT_LEADER_RIGHTEOUSNESS_OF_FAITH_DESCRIPTION">
      <Text>Dinleri için ibadet binası herhangi bir oyuncu tarafından normal [ICON_Faith] İnanç maliyetinin sadece onda biri karşılığında satın alınabilir.  Bu tapınma binası, Arap şehirlerinin [ICON_Science] Bilim, [ICON_Faith] İnanç ve [ICON_Culture] Kültür çıktılarına %10 ekleyecek şekilde geliştirilmiştir.</Text>
    </Row>
    <Row Tag="LOC_TRAIT_LEADER_RELIGIOUS_CONVERT_DESCRIPTION">
      <Text>Kutsal Bölge bölgeleri inşa edemez, Büyük Peygamberler kazanamaz veya Dinler kuramaz. Şehirlerinin çoğunluğuna yerleşmiş olan herhangi bir Dinin tüm İnançlarını kazanır. Bir M'banza veya Tiyatro Meydanı bölgesini (o şehrin çoğunluk Dinine ait) her bitirişinde bir Havari alır.</Text>
    </Row>
    <Row Tag="LOC_TRAIT_LEADER_ROOSEVELT_COROLLARY_DESCRIPTION">
      <Text>Birimler kendi kıtalarında +5 [ICON_Strength] Savaş Gücü alır. Milli Parkı olan bir şehirdeki tüm karelere +1 İtiraz. Tüfek teknolojisini araştırdıklarında Rough Rider benzersiz birimini kazanırlar.</Text>
    </Row>
    <Row Tag="LOC_TRAIT_LEADER_SATYAGRAHA_DESCRIPTION">
      <Text>Karşılaştıkları, bir Din kurmuş ve şu anda savaşta olmayan her medeniyet (Hindistan dahil) için +5 [ICON_Faith] İnanç. Karşıt medeniyetler Gandhi'ye karşı savaştıkları için iki kat savaş yorgunluğu alırlar.</Text>
    </Row>
    <Row Tag="LOC_TRAIT_LEADER_THUNDERBOLT_DESCRIPTION">
      <Text>Tüm yakın deniz birimleri için kıyı baskınına ve tüm yakın deniz birimleri için +%50 [ICON_PRODUCTION] Üretime izin verir. Yelkenli ile Viking Uzun Gemisi benzersiz birimini kazanın.</Text>
    </Row>
    <Row Tag="LOC_TRAIT_LEADER_FIRST_EMPEROR_DESCRIPTION">
      <Text>Antik ve Klasik harikalar inşa ederken, orijinal harikanın maliyetinin %15'ini tamamlamak için İnşaatçı ücretleri harcayabilirsiniz. İnşaatçılar ek bir ücret alır.</Text>
    </Row>
    <Row Tag="LOC_TRAIT_LEADER_FLYING_SQUADRON_DESCRIPTION">
      <Text>Karşılaştığı her uygarlıkla normalden 1 seviye [ICON_VisLimited] daha fazla Diplomatik Görünürlüğe sahiptir. Şato teknolojisi ile ücretsiz bir Casus (ve ekstra casus kapasitesi) alır. Tüm casuslar ücretsiz bir terfi ile Ajan olarak başlar.</Text>
    </Row>
    <Row Tag="LOC_TRAIT_LEADER_TRAJANS_COLUMN_DESCRIPTION">
      <Text>Tüm şehirler ek bir Şehir Merkezi binası ile başlar. (Antik Çağ'da bir Anıt binası ile başlar).</Text>
    </Row>
    <Row Tag="LOC_TRAIT_LEADER_KILLER_OF_CYRUS_DESCRIPTION">
      <Text>Tüm birimler yaralı birimlere saldırırken +5 [ICON_Strength] Savaş Gücü alır. Bir birimi ortadan kaldırdıklarında, 30 vuruş puanına kadar iyileşirler.</Text>
    </Row>
    <Row Tag="LOC_TRAIT_LEADER_MAGNANIMOUS_DESCRIPTION">
      <Text>Bir [ICON_GreatPerson] Büyük Kişiyi işe aldıktan veya himaye ettikten sonra, [ICON_GreatPerson] Büyük Kişi puan maliyetinin %20'si iade edilir.</Text>
    </Row>
    <Row Tag="LOC_TRAIT_LEADER_SURROUNDED_BY_GLORY_DESCRIPTION">
      <Text>Suzerain'i olduğunuz şehir devleti başına +%5 [ICON_Culture] Kültür.</Text>
    </Row>
  </BaseGameText>
</GameData>