﻿<?xml version="1.0" encoding="utf-8"?>
<GameData>
  <EnglishText>
    <Row Tag="LOC_MACEDONIA_PERSIA_MOD_TITLE">
      <Text>Pers ve Makedon Uygarlık Paketi</Text>
    </Row>
    <Row Tag="LOC_MACEDONIA_PERSIA_MOD_TEASER">
      <Text>Yeni Medeniyetler ve Liderler - Makedonyalı Büyük İskender ve İranlı Kiros</Text>
    </Row>
    <Row Tag="LOC_MACEDONIA_PERSIA_MOD_DESCRIPTION">
      <Text>İki yeni uygarlık, iki lider ve iki yeni dünya harikası içerir.</Text>
    </Row>
    <Row Tag="LOC_MOD_ALEXANDER_SCENARIO_TITLE">
      <Text>Senaryo: İskender'in Fetihleri</Text>
    </Row>
    <Row Tag="LOC_MOD_ALEXANDER_SCENARIO_TEASER">
      <Text>Büyük İskender'e layık bir imparatorluğu fethedebilir misiniz? En fazla 60 Tur sürer.</Text>
    </Row>
    <Row Tag="LOC_MOD_ALEXANDER_SCENARIO_DESCRIPTION">
      <Text>Bu süreli tek oyunculu senaryoda, "Büyük İskender" unvanını gerçekten kazanmak için imparatorluğunuzu genişletmek için acele etmelisiniz. Bu senaryo savaş, toprak genişletme ve yanınızda savaşacak Büyük Generallerin hesaplı kullanımını vurgular.[NEWLINE][NEWLINE]Kazanmak için zorluk seviyenize göre belirlenen sayıda tur içinde haritadaki her şehri fethedin:[NEWLINE][NEWLINE]Yerleşimci: 60 tur[NEWLINE]Savaş Lordu veya Şef: 55 tur[NEWLINE]Kral veya Prens: 50 tur[NEWLINE]Ölümsüz veya İmparator: 45 tur[NEWLINE]İlah: 37 tur</Text>
    </Row>
  </EnglishText>
</GameData>