﻿<?xml version="1.0" encoding="utf-8"?>
<GameData>
  <BaseGameText>
    <!-- Modifier Object Text - Used in GameCore -->
    <Row Tag="LOC_MODIFIER_OBJECT_BUILDING">
      <Text>Bina| Binalar
 1| 2</Text>
      <Plurality>1|2</Plurality>
    </Row>
    <Row Tag="LOC_MODIFIER_OBJECT_CITY">
      <Text>Şehir| Şehirler
 1| 2</Text>
      <Plurality>1|2</Plurality>
    </Row>
    <Row Tag="LOC_MODIFIER_OBJECT_DISTRICT">
      <Text>İlçe| İlçeler
 1| 2</Text>
      <Plurality>1|2</Plurality>
    </Row>
    <Row Tag="LOC_MODIFIER_OBJECT_GOVERNMENT">
      <Text>Hükümet| Hükümetler
 1| 2</Text>
      <Plurality>1|2</Plurality>
    </Row>
    <Row Tag="LOC_MODIFIER_OBJECT_PLAYER">
      <Text>Oyuncu| Oyuncular
 1| 2</Text>
      <Plurality>1|2</Plurality>
    </Row>
    <Row Tag="LOC_MODIFIER_OBJECT_PLAYER_CAPTURED_UNIT">
      <Text>Oyuncu tarafından ele geçirilen birim| Oyuncu tarafından ele geçirilen birimler
 1| 2</Text>
      <Plurality>1|2</Plurality>
    </Row>
    <Row Tag="LOC_MODIFIER_OBJECT_POLICY">
      <Text>Politika| Politikalar
 1| 2</Text>
      <Plurality>1|2</Plurality>
    </Row>
    <Row Tag="LOC_MODIFIER_OBJECT_TEAM">
      <Text>Takım| Takımlar
 1| 2</Text>
      <Plurality>1|2</Plurality>
    </Row>
    <Row Tag="LOC_MODIFIER_OBJECT_TECHNOLOGY">
      <Text>Teknoloji| Teknolojiler
 1| 2</Text>
      <Plurality>1|2</Plurality>
    </Row>
    <Row Tag="LOC_MODIFIER_OBJECT_UNIT">
      <Text>Birim| Birimler
 1| 2</Text>
      <Plurality>1|2</Plurality>
    </Row>
    <Row Tag="LOC_MODIFIER_OBJECT_UNIT_PROMOTION">
      <Text>Birim Tanıtımı| Birim Tanıtımı
 1| 2</Text>
      <Plurality>1|2</Plurality>
    </Row>
  </BaseGameText>
</GameData>