﻿<?xml version="1.0" encoding="utf-8"?>
<!-- edited with XMLSPY v2004 rel. 2 U (http://www.xmlspy.com) by Ed Beach (Firaxis Games) -->
<GameData>
  <FrontEndText>
    <Row Tag="TXT_KEY_MY2K">
      <Text>2K Hesap</Text>
    </Row>
    <!-- String needed for MY2K but not (yet) provided by the server system... -->
    <Row Tag="TXT_KEY_MY2K_ADDITION_SIGN_UP_TITLE">
      <Text>2K Hesabı için kaydolun</Text>
    </Row>
    <Row Tag="TXT_KEY_MY2K_ADDITION_CREATE_NEW_USER_MESSAGE">
      <Text>Bir 2K Hesabına kaydolmak için lütfen aşağıdaki alana geçerli bir e-posta adresi girin. Kayıt onayı için bu adrese bir doğrulama e-postası gönderilecektir.</Text>
    </Row>
    <Row Tag="TXT_KEY_MY2K_ADDITION_LOGOUT_TITLE">
      <Text>Oturumu Kapat</Text>
    </Row>
    <Row Tag="TXT_KEY_MY2K_ADDITION_LOGOUT_MESSAGE">
      <Text>Oturumu kapatmak istiyor musunuz?</Text>
    </Row>
    <Row Tag="TXT_KEY_MY2K_ADDITION_YES">
      <Text>Evet</Text>
    </Row>
    <Row Tag="TXT_KEY_MY2K_ADDITION_NO">
      <Text>Hayır</Text>
    </Row>
    <Row Tag="TXT_KEY_MY2K_ADDITION_LOGIN_USER">
      <Text>Giriş</Text>
    </Row>
    <Row Tag="TXT_KEY_MY2K_ADDITION_OK">
      <Text>TAMAM.</Text>
    </Row>
    <Row Tag="TXT_KEY_MY2K_ADDITION_CANCEL">
      <Text>İptal</Text>
    </Row>
    <Row Tag="TXT_KEY_MY2K_ADDITION_READ">
      <Text>Okuyun</Text>
    </Row>
    <Row Tag="TXT_KEY_MY2K_ADDITION_CREATE_NEW_USER">
      <Text>Yeni Kullanıcı Oluştur</Text>
    </Row>
    <Row Tag="TXT_KEY_MY2K_ADDITION_SIGN_UP">
      <Text>Kayıt Olun</Text>
    </Row>
    <Row Tag="TXT_KEY_MY2K_ADDITION_CONNECTION_ISSUE">
      <Text>Bağlantı Sorunu</Text>
    </Row>
    <Row Tag="TXT_KEY_MY2K_ADDITION_FIRAXIS_LIVE_NOT_CONNECTED">
      <Text>Civilization VI ile bağlantı kurulamadı. Civilization VI özelliklerine erişilemeyebilir.</Text>
    </Row>
    <Row Tag="TXT_KEY_MOTD">
      <Text>Gelen İletim</Text>
    </Row>
    <Row Tag="TXT_KEY_MY2K_ADDITION_WELCOME_BACK_TITLE">
      <Text>Tekrar hoş geldiniz!</Text>
    </Row>
    <Row Tag="TXT_KEY_MY2K_ADDITION_WELCOME_BACK_MESSAGE">
      <Text>İmzaladım.</Text>
    </Row>
    <Row Tag="TXT_KEY_MY2K_ADDITION_SILENT_LOGIN_FAILURE_TITLE">
      <Text>Sessiz Giriş Bildirimi</Text>
    </Row>
    <Row Tag="TXT_KEY_MY2K_ADDITION_SILENT_LOGIN_FAILURE_MESSAGE">
      <Text>2K Hesabınıza manuel olarak giriş yapmanız gerekir.</Text>
    </Row>
    <Row Tag="TXT_KEY_MY2K_ADDITION_CONNECTION_RESTORED">
      <Text>Bağlantı Yeniden Sağlandı</Text>
    </Row>
    <Row Tag="TXT_KEY_MY2K_ADDITION_LINK_TO_EXISTING">
      <Text>Mevcut Hesaba Bağlantı</Text>
    </Row>
    <Row Tag="TXT_KEY_MY2K_ADDITION_ALREADY_LINKED">
      <Text>Platform hesabı zaten bir 2K Hesabına bağlı.</Text>
    </Row>
    <Row Tag="TXT_KEY_MY2K_ADDITION_UNABLE_TO_LINK_ACCOUNT">
      <Text>Platform hesabı 2K Hesabınıza bağlanamıyor.</Text>
    </Row>
    <Row Tag="TXT_KEY_MY2K_ADDITION_UNLINK_ACCOUNT_TITLE">
      <Text>Hesap Bağlantısını Kaldır</Text>
    </Row>
    <Row Tag="TXT_KEY_MY2K_ADDITION_LINK_ACCOUNT_TITLE">
      <Text>Hesap Bağlantısı</Text>
    </Row>
    <Row Tag="TXT_KEY_MY2K_ADDITION_UNLINK_ACCOUNT">
      <Text>2K Hesabınızın bağlantısını kaldırmak istediğinizden emin misiniz? Hesabınızı yönetebilir veya www.2k.com adresinden çevrimiçi olarak yasal ve gizlilik politikalarını inceleyebilirsiniz.</Text>
    </Row>
    <Row Tag="TXT_KEY_MY2K_ADDITION_LOGIN_PENDING">
      <Text>Hesap girişi beklemede</Text>
    </Row>
    <Row Tag="TXT_KEY_MY2K_MODE_ANONYMOUS">
      <Text>Çevrimdışı</Text>
    </Row>
    <Row Tag="TXT_KEY_MY2K_MODE_AGE_RESTRICTED">
      <Text>Yaş Sınırlaması</Text>
    </Row>
    <Row Tag="TXT_KEY_MY2K_MODE_AGE_RESTRICTED_TOOLTIP">
      <Text>Bu bağlantılı 2K Hesabı ile ilişkili yaş, oyunun belirli bölümlerine erişmek için yasal yaş gereksinimlerini karşılamıyor. Lütfen yardım için müşteri desteğiyle iletişime geçin.</Text>
    </Row>
    <Row Tag="TXT_KEY_MY2K_MODE_LINKED_ONLINE">
      <Text>Bağlantılı - Çevrimiçi</Text>
    </Row>
    <Row Tag="TXT_KEY_MY2K_MODE_LINKED_OFFLINE">
      <Text>Bağlantılı - Çevrimdışı</Text>
    </Row>
    <Row Tag="TXT_KEY_MY2K_MODE_UNLINKED_TOOLTIP">
      <Text>Scout Cat ve Julius Caesar ödüllerinin kilidini açmak (oyunun yeniden başlatılmasını gerektirir) ve oyununuzu başlatıp diğer platformlarda devam edebilmeniz için platformlar arası bulut kayıtlarını etkinleştirmek için bir 2K Hesabına kaydolun. Ayrıca, en son Sid Meier's Civilization haberlerini alacaksınız!</Text>
    </Row>
    <Row Tag="TXT_KEY_MY2K_MODE_LINKED_TOOLTIP">
      <Text>2K Hesabı bağlantılı. Platformlar arası bulut tasarrufu etkin. Scout Cat ve Julius Caesar ödüllerinin kilidi açıldı ("Ek İçerik" bölümüne bakın).</Text>
    </Row>
  </FrontEndText>
</GameData>