﻿<?xml version="1.0" encoding="utf-8"?>
<!-- edited with XMLSPY v2004 rel. 2 U (http://www.xmlspy.com) by Ed Beach (Firaxis Games) -->
<GameData>
  <EnglishText>
    <Row Tag="LOC_NUBIA_MOD_TITLE">
      <Text>Nubia Uygarlık Paketi</Text>
    </Row>
    <Row Tag="LOC_NUBIA_MOD_TEASER">
      <Text>Yeni Uygarlık ve Lider - Nubia Kraliçesi Amanitore</Text>
    </Row>
    <Row Tag="LOC_NUBIA_MOD_DESCRIPTION">
      <Text>Yeni bir medeniyet ve liderin yanı sıra yeni bir dünya harikası içeriyor.</Text>
    </Row>
    <Row Tag="LOC_MOD_NUBIA_SCENARIO_TITLE">
      <Text>Senaryo: Nil'in Hediyeleri</Text>
    </Row>
    <Row Tag="LOC_MOD_NUBIA_SCENARIO_TEASER">
      <Text>Nil Nehri vadisinde baskın imparatorluk olabilir misiniz? En fazla 125 Tur sürer.</Text>
    </Row>
    <Row Tag="LOC_MOD_NUBIA_SCENARIO_DESCRIPTION">
      <Text>Bu 125 turluk senaryoda, büyük tanrı Amun tarafından en çok kutsanan halk olmak için yarışarak imparatorluğunuzu Nil Nehri vadisinde yukarı ve aşağı doğru genişletmelisiniz.  Onun görkemi için 7 tapınak inşa edin ve zafer sizin olsun!</Text>
    </Row>
  </EnglishText>
</GameData>