﻿<?xml version="1.0" encoding="utf-8"?>
<!-- edited with XMLSPY v2004 rel. 2 U (http://www.xmlspy.com) by Anton Strenger (Firaxis Games) -->
<GameData>
  <BaseGameText>
    <Row Tag="LOC_PROJECT_REPAIR_OUTER_DEFENSES_DESCRIPTION">
      <Text>Bu şehrin dış savunmasındaki hasarı onarın. Sadece bu şehir en az 3 tur boyunca saldırıya uğramadıysa mümkündür.</Text>
    </Row>
    <Row Tag="LOC_PROJECT_ENHANCE_DISTRICT_ENCAMPMENT_DESCRIPTION">
      <Text>Her turda [ICON_Gold] Altın ve tamamlandığında [ICON_GreatGeneral] Büyük Genel puan sağlayan bölge tabanlı proje.</Text>
    </Row>
    <Row Tag="LOC_PROJECT_ENHANCE_DISTRICT_HARBOR_DESCRIPTION">
      <Text>Her turda [ICON_Gold] Altın ve tamamlandığında [ICON_GreatAdmiral] Büyük Amiral puanı sağlayan bölge tabanlı proje.</Text>
    </Row>
    <Row Tag="LOC_PROJECT_ENHANCE_DISTRICT_INDUSTRIAL_ZONE_DESCRIPTION">
      <Text>Her turda [ICON_Gold] Altın ve tamamlandığında [ICON_GreatEngineer] Büyük Mühendis puanı sağlayan bölge tabanlı proje.</Text>
    </Row>
    <Row Tag="LOC_PROJECT_ENHANCE_DISTRICT_COMMERCIAL_HUB_DESCRIPTION">
      <Text>Her turda büyük miktarda [ICON_Gold] Altın ve tamamlandığında [ICON_GreatMerchant] Büyük Tüccar puanı sağlayan bölge tabanlı proje.</Text>
    </Row>
    <Row Tag="LOC_PROJECT_ENHANCE_DISTRICT_HOLY_SITE_DESCRIPTION">
      <Text>Her turda [ICON_Faith] İnanç ve tamamlandığında [ICON_GreatProphet] Büyük Peygamber puanı sağlayan bölge tabanlı proje.</Text>
    </Row>
    <Row Tag="LOC_PROJECT_ENHANCE_DISTRICT_CAMPUS_DESCRIPTION">
      <Text>Her turda [ICON_Science] Bilim ve tamamlandığında [ICON_GreatScientist] Büyük Bilim İnsanı puanı sağlayan bölge tabanlı proje.</Text>
    </Row>
    <Row Tag="LOC_PROJECT_ENHANCE_DISTRICT_THEATER_DESCRIPTION">
      <Text>Her turda [ICON_Culture] Kültür ve tamamlandığında az miktarda [ICON_GreatWriter] Büyük Yazar, [ICON_GreatArtist] Büyük Sanatçı ve [ICON_GreatMusician] Büyük Müzisyen puanı sağlayan bölge tabanlı proje.</Text>
    </Row>
    <Row Tag="LOC_PROJECT_CARNIVAL_DESCRIPTION">
      <Text>Aktif olduğunda +1 [ICON_Amenities] Amenity ve tamamlandığında [ICON_GreatEngineer] Büyük Mühendisler, [ICON_GreatMerchant] Büyük Tüccarlar, [ICON_GreatWriter] Büyük Yazarlar, [ICON_GreatArtist] Büyük Sanatçılar ve [ICON_GreatMusician] Büyük Müzisyenler için [ICON_GreatPerson] Büyük Kişi Puanı sağlayan Brezilya'nın eşsiz projesi.</Text>
    </Row>
    <Row Tag="LOC_PROJECT_LAUNCH_EARTH_SATELLITE_DESCRIPTION">
      <Text>Yörüngeye küçük bir uydu fırlatan Uzay Yarışı projesi. Dünyanın keşfedilmemiş herhangi bir köşesinin coğrafyasını ortaya çıkarır ve Bilim Zaferi'ne doğru atılan ilk adımı işaret eder.</Text>
    </Row>
    <Row Tag="LOC_PROJECT_LAUNCH_MOON_LANDING_DESCRIPTION">
      <Text>Ay'a insan indirmek için büyük bir roket fırlatan Uzay Yarışı projesi. Tur başına [ICON_Science] Biliminizin 10 katına eşit bir kerelik [ICON_Culture] Kültür bonusu verir ve Bilim Zaferine doğru ikinci adımı işaret eder.</Text>
    </Row>
    <Row Tag="LOC_PROJECT_LAUNCH_MARS_REACTOR_DESCRIPTION">
      <Text>Mars Kolonisi görevi için yörüngeye bir Reaktör modülü fırlatan Uzay Yarışı projesi. Üç modülü de fırlatmak Bilim Zaferi'ni kazandırır.</Text>
    </Row>
    <Row Tag="LOC_PROJECT_LAUNCH_MARS_HABITATION_DESCRIPTION">
      <Text>Mars Kolonisi görevi için yörüngeye bir Yerleşim modülü fırlatan Uzay Yarışı projesi. Üç modülü de fırlatan Bilim Zaferi'ni kazanır.</Text>
    </Row>
    <Row Tag="LOC_PROJECT_LAUNCH_MARS_HYDROPONICS_DESCRIPTION">
      <Text>Mars Kolonisi görevi için yörüngeye bir Hidroponik modül fırlatan Uzay Yarışı projesi. Üç modülü de fırlatan Bilim Zaferi'ni kazanır.</Text>
    </Row>
    <Row Tag="LOC_PROJECT_MANHATTAN_PROJECT_DESCRIPTION">
      <Text>Nükleer Aygıtların oluşturulmasına izin verir.</Text>
    </Row>
    <Row Tag="LOC_PROJECT_OPERATION_IVY_DESCRIPTION">
      <Text>Termonükleer Aygıtların oluşturulmasına izin verir.</Text>
    </Row>
    <Row Tag="LOC_PROJECT_BUILD_NUCLEAR_DEVICE_DESCRIPTION">
      <Text>Ulusunuzun envanterine bir Nükleer Aygıt ekler. [ICON_Resource_Uranium] Uranyum gerektirir. Bakımı 14 [ICON_Gold] Altındır.</Text>
    </Row>
    <Row Tag="LOC_PROJECT_BUILD_THERMONUCLEAR_DEVICE_DESCRIPTION">
      <Text>Ulusunuzun envanterine bir Termonükleer Aygıt ekler. [ICON_Resource_Uranium] Uranyum gerektirir. Bakımı 16 [ICON_Gold] Altındır.</Text>
    </Row>
    <Row Tag="LOC_PROJECT_LAUNCH_EARTH_SATELLITE_POPUP">
      <Text>Yörüngeye başarıyla bir uydu fırlattınız! Dünyanın keşfedilmemiş herhangi bir köşesinin coğrafyasını ortaya çıkarır ve Bilim Zaferi'ne doğru atılan ilk adımı işaret eder.</Text>
    </Row>
    <Row Tag="LOC_PROJECT_LAUNCH_MOON_LANDING_POPUP">
      <Text>Ay'a başarıyla bir insan indirdiniz! Tur başına [ICON_Science] Biliminizin 10 katına eşit bir kerelik [ICON_Culture] Kültür bonusu verir ve Bilim Zaferine doğru ikinci adımı işaret eder.</Text>
    </Row>
    <Row Tag="LOC_PROJECT_LAUNCH_MARS_REACTOR_POPUP">
      <Text>Mars Kolonisi uzay aracınızın önemli bir bileşeni olan Reaktör modülünü başarıyla fırlattınız. Üç modülün de yörüngeye fırlatılmasıyla uzay aracı tamamlanır ve Bilim Zaferi kazanılır.</Text>
    </Row>
    <Row Tag="LOC_PROJECT_LAUNCH_MARS_HABITATION_POPUP">
      <Text>Mars Kolonisi uzay aracınızın önemli bir bileşeni olan bir Yerleşim modülünü başarıyla fırlattınız. Üç modülün de yörüngeye fırlatılmasıyla uzay aracı tamamlanır ve Bilim Zaferi kazanılır.</Text>
    </Row>
    <Row Tag="LOC_PROJECT_LAUNCH_MARS_HYDROPONICS_POPUP">
      <Text>Mars Kolonisi uzay aracınızın önemli bir bileşeni olan Hidroponik modülünü başarıyla fırlattınız. Üç modülün de yörüngeye fırlatılmasıyla uzay aracı tamamlanır ve Bilim Zaferi kazanılır.</Text>
    </Row>
  </BaseGameText>
</GameData>