﻿<?xml version="1.0" encoding="utf-8"?>
<!-- edited with XMLSPY v2004 rel. 2 U (http://www.xmlspy.com) by Ed Beach (Firaxis Games) -->
<GameData>
  <BaseGameText>
    <!--RELIGIONS-->
    <Row Tag="LOC_RELIGION_PANTHEON">
      <Text>Pantheon</Text>
    </Row>
    <Row Tag="LOC_RELIGION_BUDDHISM">
      <Text>Budizm</Text>
    </Row>
    <Row Tag="LOC_RELIGION_CATHOLICISM">
      <Text>Katoliklik</Text>
    </Row>
    <Row Tag="LOC_RELIGION_CONFUCIANISM">
      <Text>Konfüçyanizm</Text>
    </Row>
    <Row Tag="LOC_RELIGION_HINDUISM">
      <Text>Hinduizm</Text>
    </Row>
    <Row Tag="LOC_RELIGION_ISLAM">
      <Text>İslam</Text>
    </Row>
    <Row Tag="LOC_RELIGION_JUDAISM">
      <Text>Yahudilik</Text>
    </Row>
    <Row Tag="LOC_RELIGION_ORTHODOXY">
      <Text>Doğu Ortodoksluğu</Text>
    </Row>
    <Row Tag="LOC_RELIGION_PROTESTANTISM">
      <Text>Protestanlık</Text>
    </Row>
    <Row Tag="LOC_RELIGION_SHINTO">
      <Text>Şinto</Text>
    </Row>
    <Row Tag="LOC_RELIGION_SIKHISM">
      <Text>Sihizm</Text>
    </Row>
    <Row Tag="LOC_RELIGION_TAOISM">
      <Text>Taoizm</Text>
    </Row>
    <Row Tag="LOC_RELIGION_ZOROASTRIANISM">
      <Text>Zerdüştlük</Text>
    </Row>
    <!--BELIEF CLASSES-->
    <Row Tag="LOC_BELIEF_CLASS_PANTHEON_NAME">
      <Text>Pantheon</Text>
    </Row>
    <Row Tag="LOC_BELIEF_CLASS_FOLLOWER_NAME">
      <Text>Takipçi</Text>
    </Row>
    <Row Tag="LOC_BELIEF_CLASS_WORSHIP_NAME">
      <Text>İbadet</Text>
    </Row>
    <Row Tag="LOC_BELIEF_CLASS_FOUNDER_NAME">
      <Text>Kurucu</Text>
    </Row>
    <Row Tag="LOC_BELIEF_CLASS_ENHANCER_NAME">
      <Text>Güçlendirici</Text>
    </Row>
    <!--MISCELLANEOUS-->
    <Row Tag="LOC_RELIGION_MARTYRED_APOSTLE">
      <Text>Şehit Havari</Text>
    </Row>
    <Row Tag="LOC_RELIC_TRIBAL_VILLAGE">
      <Text>Kabile Köyü</Text>
    </Row>
    <Row Tag="LOC_RELIC_GOVERNOR">
      <Text>Vali</Text>
    </Row>
    <Row Tag="LOC_RELIC_CITY_STATE">
      <Text>Suzerain</Text>
    </Row>
    <!--PANTHEON NAMES-->
    <!--1. PANTHEON BELIEFS-->
    <!--Pantheon - Adjacency Bonuses-->
    <Row Tag="LOC_BELIEF_DANCE_OF_THE_AURORA_NAME">
      <Text>Aurora'nın Dansı</Text>
    </Row>
    <Row Tag="LOC_BELIEF_DESERT_FOLKLORE_NAME">
      <Text>Çöl Folkloru</Text>
    </Row>
    <Row Tag="LOC_BELIEF_SACRED_PATH_NAME">
      <Text>Kutsal Yol</Text>
    </Row>
    <!--Pantheon - Amenity Bonuses-->
    <Row Tag="LOC_BELIEF_RIVER_GODDESS_NAME">
      <Text>Nehir Tanrıçası</Text>
    </Row>
    <!--Pantheon - Gameplay Race Bonuses-->
    <Row Tag="LOC_BELIEF_MONUMENT_TO_THE_GODS_NAME">
      <Text>Tanrılar Anıtı</Text>
    </Row>
    <Row Tag="LOC_BELIEF_DIVINE_SPARK_NAME">
      <Text>İlahi Kıvılcım</Text>
    </Row>
    <!--Pantheon - Local Feature Bonuses-->
    <Row Tag="LOC_BELIEF_LADY_OF_THE_REEDS_AND_MARSHES_NAME">
      <Text>Sazlıkların ve Bataklıkların Leydisi</Text>
    </Row>
    <!--Pantheon - Local Resource Bonuses-->
    <Row Tag="LOC_BELIEF_GOD_OF_THE_SEA_NAME">
      <Text>Deniz Tanrısı</Text>
    </Row>
    <Row Tag="LOC_BELIEF_GOD_OF_THE_OPEN_SKY_NAME">
      <Text>Açık Gökyüzünün Tanrısı</Text>
    </Row>
    <Row Tag="LOC_BELIEF_GODDESS_OF_THE_HUNT_NAME">
      <Text>Av Tanrıçası</Text>
    </Row>
    <Row Tag="LOC_BELIEF_STONE_CIRCLES_NAME">
      <Text>Taş Çemberler</Text>
    </Row>
    <Row Tag="LOC_BELIEF_RELIGIOUS_IDOLS_NAME">
      <Text>Dini Putlar</Text>
    </Row>
    <Row Tag="LOC_BELIEF_GOD_OF_CRAFTSMEN_NAME">
      <Text>Zanaatkarların Tanrısı</Text>
    </Row>
    <Row Tag="LOC_BELIEF_GODDESS_OF_FESTIVALS_NAME">
      <Text>Festivaller Tanrıçası</Text>
    </Row>
    <Row Tag="LOC_BELIEF_ORAL_TRADITION_NAME">
      <Text>Sözlü Gelenek</Text>
    </Row>
    <!--Pantheon - Military -->
    <Row Tag="LOC_BELIEF_GOD_OF_THE_FORGE_NAME">
      <Text>Demirci Tanrısı</Text>
    </Row>
    <Row Tag="LOC_BELIEF_GOD_OF_WAR_NAME">
      <Text>Savaş Tanrısı</Text>
    </Row>
    <Row Tag="LOC_BELIEF_INITIATION_RITES_NAME">
      <Text>İnisiyasyon Törenleri</Text>
    </Row>
    <Row Tag="LOC_BELIEF_GOD_OF_HEALING_NAME">
      <Text>Şifa Tanrısı</Text>
    </Row>
    <!--Pantheon - General Purpose-->
    <Row Tag="LOC_BELIEF_FERTILITY_RITES_NAME">
      <Text>Doğurganlık Törenleri</Text>
    </Row>
    <Row Tag="LOC_BELIEF_RELIGIOUS_SETTLEMENTS_NAME">
      <Text>Dini Yerleşimler</Text>
    </Row>
    <Row Tag="LOC_BELIEF_GODDESS_OF_THE_HARVEST_NAME">
      <Text>Hasat Tanrıçası</Text>
    </Row>
    <Row Tag="LOC_BELIEF_CITY_PATRON_GODDESS_NAME">
      <Text>Şehir Koruyucu Tanrıçası</Text>
    </Row>
    <Row Tag="LOC_BELIEF_EARTH_GODDESS_NAME">
      <Text>Toprak Tanrıçası</Text>
    </Row>
    <!--2. WORSHIP BELIEFS-->
    <Row Tag="LOC_BELIEF_CATHEDRAL_NAME">
      <Text>Katedral</Text>
    </Row>
    <Row Tag="LOC_BELIEF_DAR_E_MEHR_NAME">
      <Text>Dar-e Mehr</Text>
    </Row>
    <Row Tag="LOC_BELIEF_GURDWARA_NAME">
      <Text>Gurdwara</Text>
    </Row>
    <Row Tag="LOC_BELIEF_MEETING_HOUSE_NAME">
      <Text>Toplantı Evi</Text>
    </Row>
    <Row Tag="LOC_BELIEF_MOSQUE_NAME">
      <Text>Cami</Text>
    </Row>
    <Row Tag="LOC_BELIEF_PAGODA_NAME">
      <Text>Pagoda</Text>
    </Row>
    <Row Tag="LOC_BELIEF_STUPA_NAME">
      <Text>Stupa</Text>
    </Row>
    <Row Tag="LOC_BELIEF_SYNAGOGUE_NAME">
      <Text>Sinagog</Text>
    </Row>
    <Row Tag="LOC_BELIEF_WAT_NAME">
      <Text>Wat</Text>
    </Row>
    <!--3. FOLLOWER BELIEFS-->
    <Row Tag="LOC_BELIEF_CHORAL_MUSIC_NAME">
      <Text>Koro Müziği</Text>
    </Row>
    <Row Tag="LOC_BELIEF_DIVINE_INSPIRATION_NAME">
      <Text>İlahi İlham</Text>
    </Row>
    <Row Tag="LOC_BELIEF_FEED_THE_WORLD_NAME">
      <Text>Dünyayı Besleyin</Text>
    </Row>
    <Row Tag="LOC_BELIEF_JESUIT_EDUCATION_NAME">
      <Text>Cizvit Eğitimi</Text>
    </Row>
    <Row Tag="LOC_BELIEF_RELIQUARIES_NAME">
      <Text>Reliquaries</Text>
    </Row>
    <Row Tag="LOC_BELIEF_RELIGIOUS_COMMUNITY_NAME">
      <Text>Dini Topluluk</Text>
    </Row>
    <Row Tag="LOC_BELIEF_WARRIOR_MONKS_NAME">
      <Text>Savaşçı Keşişler</Text>
    </Row>
    <Row Tag="LOC_BELIEF_WORK_ETHIC_NAME">
      <Text>İş Ahlakı</Text>
    </Row>
    <Row Tag="LOC_BELIEF_ZEN_MEDITATION_NAME">
      <Text>Zen Meditasyonu</Text>
    </Row>
    <!--4. FOUNDER BELIEFS-->
    <Row Tag="LOC_BELIEF_CHURCH_PROPERTY_NAME">
      <Text>Kilise Mülkü</Text>
    </Row>
    <Row Tag="LOC_BELIEF_CROSS_CULTURAL_DIALOGUE_NAME">
      <Text>Kültürler Arası Diyalog</Text>
    </Row>
    <Row Tag="LOC_BELIEF_LAY_MINISTRY_NAME">
      <Text>Meslekten Olmayan Bakanlık</Text>
    </Row>
    <Row Tag="LOC_BELIEF_PAPAL_PRIMACY_NAME">
      <Text>Papalık Önceliği</Text>
    </Row>
    <Row Tag="LOC_BELIEF_PILGRIMAGE_NAME">
      <Text>Hac Yolculuğu</Text>
    </Row>
    <Row Tag="LOC_BELIEF_RELIGIOUS_UNITY_NAME">
      <Text>Dini Birlik</Text>
    </Row>
    <Row Tag="LOC_BELIEF_STEWARDSHIP_NAME">
      <Text>Vekilharçlık</Text>
    </Row>
    <Row Tag="LOC_BELIEF_TITHE_NAME">
      <Text>Öşür</Text>
    </Row>
    <Row Tag="LOC_BELIEF_WORLD_CHURCH_NAME">
      <Text>Dünya Kilisesi</Text>
    </Row>
    <!--5. ENHANCER BELIEFS-->
    <Row Tag="LOC_BELIEF_BURIAL_GROUNDS_NAME">
      <Text>Mezar Alanları</Text>
    </Row>
    <Row Tag="LOC_BELIEF_DEFENDER_OF_FAITH_NAME">
      <Text>İnancın Savunucusu</Text>
    </Row>
    <Row Tag="LOC_BELIEF_HOLY_ORDER_NAME">
      <Text>Kutsal Düzen</Text>
    </Row>
    <Row Tag="LOC_BELIEF_ITINERANT_PREACHERS_NAME">
      <Text>Gezici Vaizler</Text>
    </Row>
    <Row Tag="LOC_BELIEF_JUST_WAR_NAME">
      <Text>Haçlı Seferi</Text>
    </Row>
    <Row Tag="LOC_BELIEF_MISSIONARY_ZEAL_NAME">
      <Text>Misyonerlik Gayreti</Text>
    </Row>
    <Row Tag="LOC_BELIEF_MONASTIC_ISOLATION_NAME">
      <Text>Manastır İzolasyonu</Text>
    </Row>
    <Row Tag="LOC_BELIEF_RELIGIOUS_COLONIZATION_NAME">
      <Text>Dini Kolonizasyon</Text>
    </Row>
    <Row Tag="LOC_BELIEF_SCRIPTURE_NAME">
      <Text>Kutsal Kitap</Text>
    </Row>
    <!--PANTHEON DESCRIPTIONS-->
    <!--1. PANTHEON BELIEFS-->
    <!--Pantheon - Adjacency Bonuses-->
    <Row Tag="LOC_BELIEF_DANCE_OF_THE_AURORA_DESCRIPTION">
      <Text>Kutsal Alan bölgeleri, bitişik Tundra karolarından +1 [ICON_Faith] İnanç alır.</Text>
    </Row>
    <Row Tag="LOC_BELIEF_DESERT_FOLKLORE_DESCRIPTION">
      <Text>Kutsal Bölge bölgeleri, bitişik Çöl karolarından +1 [ICON_Faith] İnanç alır.</Text>
    </Row>
    <Row Tag="LOC_BELIEF_SACRED_PATH_DESCRIPTION">
      <Text>Kutsal Alan bölgeleri, bitişik Yağmur Ormanı karolarından +1 [ICON_Faith] İnanç alır.</Text>
    </Row>
    <!--Pantheon - Amenity Bonuses-->
    <Row Tag="LOC_BELIEF_RIVER_GODDESS_DESCRIPTION">
      <Text>+1 [ICON_Amenities] Bir Nehre bitişik bir Kutsal Alan bölgesine sahip olan şehirlere avantaj.</Text>
    </Row>
    <!--Pantheon - Gameplay Race Bonuses-->
    <Row Tag="LOC_BELIEF_MONUMENT_TO_THE_GODS_DESCRIPTION">
      <Text>Antik ve Klasik dönem harikalarına yönelik +%15 [ICON_Production] Üretim.</Text>
    </Row>
    <Row Tag="LOC_BELIEF_DIVINE_SPARK_DESCRIPTION">
      <Text>Kutsal Alan (Peygamber), Kampüs (Bilim Adamı) ve Tiyatro Meydanı (Yazar) bölgelerinden +1 [ICON_GreatPerson] Büyük Kişi puanı.</Text>
    </Row>
    <!--Pantheon - Local Feature Bonuses-->
    <Row Tag="LOC_BELIEF_LADY_OF_THE_REEDS_AND_MARSHES_DESCRIPTION">
      <Text>+1 [ICON_Production] Bataklık, Vaha ve Taşkın Alanlarından Üretim.</Text>
    </Row>
    <!--Pantheon - Local Resource Bonuses-->
    <Row Tag="LOC_BELIEF_GOD_OF_THE_SEA_DESCRIPTION">
      <Text>+1 [ICON_Production] Balıkçı Teknelerinden Üretim.</Text>
    </Row>
    <Row Tag="LOC_BELIEF_GOD_OF_THE_OPEN_SKY_DESCRIPTION">
      <Text>+1 [ICON_Culture] Meralardan Kültür.</Text>
    </Row>
    <Row Tag="LOC_BELIEF_GODDESS_OF_THE_HUNT_DESCRIPTION">
      <Text>+1 [ICON_Food] Kamplardan Yiyecek.</Text>
    </Row>
    <Row Tag="LOC_BELIEF_STONE_CIRCLES_DESCRIPTION">
      <Text>Taş Ocaklarından +2 [ICON_Faith] İnanç.</Text>
    </Row>
    <Row Tag="LOC_BELIEF_RELIGIOUS_IDOLS_DESCRIPTION">
      <Text>Madenlerden gelen +2 [ICON_Faith] İnanç, Lüks ve Bonus kaynaklara üstündür.</Text>
    </Row>
    <Row Tag="LOC_BELIEF_GOD_OF_CRAFTSMEN_DESCRIPTION">
      <Text>+1 [ICON_Production] Stratejik kaynaklar üzerinden Madenlerden Üretim.</Text>
    </Row>
    <Row Tag="LOC_BELIEF_GODDESS_OF_FESTIVALS_DESCRIPTION">
      <Text>+1 [ICON_Food] [ICON_RESOURCE_WINE] Şarap, [ICON_RESOURCE_INCENSE] Tütsü, [ICON_RESOURCE_COCOA] Kakao, [ICON_RESOURCE_TOBACCO] Tütün, [ICON_RESOURCE_COFFEE] Kahve ve [ICON_RESOURCE_TEA] Çay Plantasyonlarından elde edilen gıda.</Text>
    </Row>
    <Row Tag="LOC_BELIEF_ORAL_TRADITION_DESCRIPTION">
      <Text>+1 [ICON_Culture] [ICON_RESOURCE_BANANAS] Muz, [ICON_RESOURCE_CITRUS] Narenciye, [ICON_RESOURCE_COTTON] Pamuk, [ICON_RESOURCE_DYES] Boya, [ICON_RESOURCE_SILK] İpek, [ICON_RESOURCE_SPICES] Baharat ve [ICON_RESOURCE_SUGAR] Şeker Plantasyonlarından elde edilen kültür.</Text>
    </Row>
    <!--Pantheon - Military -->
    <Row Tag="LOC_BELIEF_GOD_OF_THE_FORGE_DESCRIPTION">
      <Text>Antik ve Klasik askeri birimlere yönelik +%25 [ICON_Production] Üretim.</Text>
    </Row>
    <Row Tag="LOC_BELIEF_GOD_OF_HEALING_DESCRIPTION">
      <Text>Kutsal Alan bölgenizde veya komşu karolarda İyileştirmeyi +30 artırır.</Text>
    </Row>
    <Row Tag="LOC_BELIEF_GOD_OF_WAR_DESCRIPTION">
      <Text>Bonus [ICON_Faith] Bir Kutsal Alan bölgesinin 8 karesi içinde öldürülen her savaş biriminin gücünün %50'sine eşit inanç. (Standart Hızda)</Text>
    </Row>
    <Row Tag="LOC_BELIEF_INITIATION_RITES_DESCRIPTION">
      <Text>Temizlenen her Barbar Karakolu için +50 [ICON_Faith] İnanç.</Text>
    </Row>
    <!--Pantheon - General Purpose-->
    <Row Tag="LOC_BELIEF_FERTILITY_RITES_DESCRIPTION">
      <Text>Şehir büyüme oranı %10 daha yüksektir.</Text>
    </Row>
    <Row Tag="LOC_BELIEF_RELIGIOUS_SETTLEMENTS_DESCRIPTION">
      <Text>Sınır genişleme oranı %15 daha yüksektir.</Text>
    </Row>
    <Row Tag="LOC_BELIEF_GODDESS_OF_THE_HARVEST_DESCRIPTION">
      <Text>Bir kaynağın hasat edilmesi veya bir özelliğin kaldırılması [ICON_Faith] Diğer verimin miktarına eşit inanç alır.</Text>
    </Row>
    <Row Tag="LOC_BELIEF_CITY_PATRON_GODDESS_DESCRIPTION">
      <Text>+25 [ICON_Production] Uzmanlık bölgesi olmayan şehirlerdeki bölgelere yönelik üretim.</Text>
    </Row>
    <Row Tag="LOC_BELIEF_EARTH_GODDESS_DESCRIPTION">
      <Text>Büyüleyici veya daha iyi Çekiciliğe sahip karolardan +1 İnanç [ICON_Faith].</Text>
    </Row>
    <!--2. WORSHIP BELIEFS-->
    <Row Tag="LOC_BELIEF_CATHEDRAL_DESCRIPTION">
      <Text>Katedrallerin inşasına izin verir (+3 [ICON_Faith] İnanç, dini sanat için 1 slot).</Text>
    </Row>
    <Row Tag="LOC_BELIEF_DAR_E_MEHR_DESCRIPTION">
      <Text>Dar-e Mehrs'in inşasına izin verir (+3 [ICON_Faith] İnanç, inşa edildiği veya son onarıldığı tarihten itibaren her dönem için +1 ilave [ICON_FAITH]).</Text>
    </Row>
    <Row Tag="LOC_BELIEF_GURDWARA_DESCRIPTION">
      <Text>Gurdwaraların inşasına izin verir (+3 [ICON_Faith] İnanç, +2 [ICON_Food] Gıda).</Text>
    </Row>
    <Row Tag="LOC_BELIEF_MEETING_HOUSE_DESCRIPTION">
      <Text>Toplantı Evlerinin inşasına izin verir (+3 [ICON_Faith] İnanç, +2 [ICON_Production] Üretim).</Text>
    </Row>
    <Row Tag="LOC_BELIEF_MOSQUE_DESCRIPTION">
      <Text>Camilerin inşasına izin verir (+3 [ICON_Faith] İnanç). Misyonerler ve Havariler +1 Yayılma.</Text>
    </Row>
    <Row Tag="LOC_BELIEF_PAGODA_DESCRIPTION">
      <Text>Pagoda inşasına izin verir (+3 [ICON_Faith] İnanç, +1 [ICON_Housing] Konut).</Text>
    </Row>
    <Row Tag="LOC_BELIEF_STUPA_DESCRIPTION">
      <Text>Stupa inşasına izin verir (+3 [ICON_Faith] İnanç, +1 [ICON_Amenities] Amenity).</Text>
    </Row>
    <Row Tag="LOC_BELIEF_SYNAGOGUE_DESCRIPTION">
      <Text>Sinagogların inşasına izin verir (+5 [ICON_Faith] İnanç).</Text>
    </Row>
    <Row Tag="LOC_BELIEF_WAT_DESCRIPTION">
      <Text>Wats'ın inşasına izin verir (+3 [ICON_Faith] İnanç, +2 [ICON_Science] Bilim).</Text>
    </Row>
    <!--3. FOLLOWER BELIEFS-->
    <Row Tag="LOC_BELIEF_CHORAL_MUSIC_DESCRIPTION">
      <Text>Türbeler ve Tapınaklar kendi içsel [ICON_Faith] İnanç çıktılarına eşit [ICON_Culture] Kültür sağlar.</Text>
    </Row>
    <Row Tag="LOC_BELIEF_DIVINE_INSPIRATION_DESCRIPTION">
      <Text>Tüm dünya harikaları +4 [ICON_Faith] İnanç sağlar.</Text>
    </Row>
    <Row Tag="LOC_BELIEF_FEED_THE_WORLD_DESCRIPTION">
      <Text>Türbeler ve Tapınaklar kendi içsel [ICON_Faith] İnanç çıktılarına eşit [ICON_Food] Gıda sağlar.</Text>
    </Row>
    <Row Tag="LOC_BELIEF_JESUIT_EDUCATION_DESCRIPTION">
      <Text>Kampüs ve Tiyatro Meydanı bölgesi binalarını [ICON_Faith] İnanç ile satın alabilir.</Text>
    </Row>
    <Row Tag="LOC_BELIEF_RELIQUARIES_DESCRIPTION">
      <Text>[ICON_GreatWork_Relic] Kutsal Emanetler hem [ICON_Faith] İnanç hem de [ICON_Tourism] Turizmin üçlü verimine sahiptir.</Text>
    </Row>
    <Row Tag="LOC_BELIEF_RELIGIOUS_COMMUNITY_DESCRIPTION">
      <Text>Türbeler ve Tapınakların her biri +1 [ICON_Housing] Konut sağlar.</Text>
    </Row>
    <Row Tag="LOC_BELIEF_WARRIOR_MONKS_DESCRIPTION">
      <Text>Eşsiz bir terfi ağacına sahip ortaçağ kara muharebe birimleri olan Savaşçı Keşişleri eğitmek için [ICON_Faith] İnanç harcamaya izin verir. Yalnızca Kutsal Bölgesinde Tapınak bulunan bir şehirde satın alınabilir.</Text>
    </Row>
    <Row Tag="LOC_BELIEF_WORK_ETHIC_DESCRIPTION">
      <Text>Şehirde bu dine mensup her bir vatandaş için +1% [ICON_Production] Üretim.</Text>
    </Row>
    <Row Tag="LOC_BELIEF_ZEN_MEDITATION_DESCRIPTION">
      <Text>+1 [ICON_Amenities] 2 uzmanlık bölgesi olan şehirlerde kolaylık.</Text>
    </Row>
    <!--4. FOUNDER BELIEFS-->
    <Row Tag="LOC_BELIEF_CHURCH_PROPERTY_DESCRIPTION">
      <Text>Bu Dini takip eden her şehir için +2 [ICON_Gold] Altın.</Text>
    </Row>
    <Row Tag="LOC_BELIEF_CROSS_CULTURAL_DIALOGUE_DESCRIPTION">
      <Text>Diğer uygarlıklarda bu Dinin her 5 takipçisi için +1 [ICON_Science] Bilim.</Text>
    </Row>
    <Row Tag="LOC_BELIEF_LAY_MINISTRY_DESCRIPTION">
      <Text>Bu Dini takip eden bir şehirdeki her Kutsal Alan veya Tiyatro Meydanı bölgesi sırasıyla +1 [ICON_Faith] İnanç veya +1 [ICON_Culture] Kültür sağlar.</Text>
    </Row>
    <Row Tag="LOC_BELIEF_PAPAL_PRIMACY_DESCRIPTION">
      <Text>Dininizi takip eden şehir devletlerinden gelen tür bonusları %50 daha güçlüdür.</Text>
    </Row>
    <Row Tag="LOC_BELIEF_PILGRIMAGE_DESCRIPTION">
      <Text>Diğer medeniyetlerde ve Şehir Devletlerinde bu Dini takip eden her şehir için +2 [ICON_Faith] İnanç.</Text>
    </Row>
    <Row Tag="LOC_BELIEF_RELIGIOUS_UNITY_DESCRIPTION">
      <Text>+1 [ICON_Envoy] Bu Dini ilk kez benimseyen her Şehir Devletinde, bir Şehir Devleti görevinden gelen herhangi bir elçiye ek olarak Elçi.</Text>
    </Row>
    <Row Tag="LOC_BELIEF_STEWARDSHIP_DESCRIPTION">
      <Text>Bu Dini takip eden bir şehirdeki her Kampüs veya Ticari Merkez bölgesi sırasıyla +1 [ICON_Science] Bilim veya +1 [ICON_Gold] Altın sağlar.</Text>
    </Row>
    <Row Tag="LOC_BELIEF_TITHE_DESCRIPTION">
      <Text>Bu Dinin her 4 takipçisi için +1 [ICON_Gold] Altın.</Text>
    </Row>
    <Row Tag="LOC_BELIEF_WORLD_CHURCH_DESCRIPTION">
      <Text>Diğer medeniyetlerde bu Dinin her 5 takipçisi için +1 [ICON_Culture] Kültür.</Text>
    </Row>
    <!--5. ENHANCER BELIEFS-->
    <Row Tag="LOC_BELIEF_BURIAL_GROUNDS_DESCRIPTION">
      <Text>Bir Kutsal Alanı tamamlarken bitişik karoları Kültür Bombası.</Text>
    </Row>
    <Row Tag="LOC_BELIEF_DEFENDER_OF_FAITH_DESCRIPTION">
      <Text>Savaş birimleri, bu Dini takip eden dost şehirlerin sınırları içindeyken +5 [ICON_Strength] Savaş Gücü kazanır.</Text>
    </Row>
    <Row Tag="LOC_BELIEF_HOLY_ORDER_DESCRIPTION">
      <Text>Misyonerler ve Havariler %30 daha ucuza satın alınabilir.</Text>
    </Row>
    <Row Tag="LOC_BELIEF_ITINERANT_PREACHERS_DESCRIPTION">
      <Text>Din %30 daha uzaktaki şehirlere yayılır.</Text>
    </Row>
    <Row Tag="LOC_BELIEF_JUST_WAR_DESCRIPTION">
      <Text>Savaş birimleri, bu Dini takip eden yabancı şehirlerin sınırları içindeyken +10 [ICON_Strength] Savaş Gücü kazanır.</Text>
    </Row>
    <Row Tag="LOC_BELIEF_MISSIONARY_ZEAL_DESCRIPTION">
      <Text>Dini birimler arazi ve özelliklerin hareket maliyetlerini [ICON_Movement] göz ardı eder.</Text>
    </Row>
    <Row Tag="LOC_BELIEF_MONASTIC_ISOLATION_DESCRIPTION">
      <Text>Teolojik Savaştaki kayıplar nedeniyle Dininizin basıncı asla düşmez.</Text>
    </Row>
    <Row Tag="LOC_BELIEF_RELIGIOUS_COLONIZATION_DESCRIPTION">
      <Text>Şehirler, çoğunluk Dini bu olan bir oyuncu tarafından kurulursa bu Din ile başlar.</Text>
    </Row>
    <Row Tag="LOC_BELIEF_SCRIPTURE_DESCRIPTION">
      <Text>Komşu şehir baskısından kaynaklanan dini yayılma %25 daha güçlüdür. Baskı araştırıldığında %50'ye yükseltilir.</Text>
    </Row>
    <!--BELIEF COMBAT BONUSES-->
    <Row Tag="LOC_PROMOTION_DEFENDER_OF_FAITH_DESCRIPTION">
      <Text>+{1_Value} İnanç Savunucusu İnanç</Text>
    </Row>
    <Row Tag="LOC_PROMOTION_JUST_WAR_DESCRIPTION">
      <Text>+{1_Value} Haçlı Seferi İnancı</Text>
    </Row>
    <Row Tag="LOC_CITY_BANNER_INCOMING_RELIGION_PRESSURE">
      <Text>Dönüş başına gelen basınç</Text>
    </Row>
    <Row Tag="LOC_CITY_BANNER_OUTGOING_RELIGION_PRESSURE">
      <Text>Dönüş başına giden basınç</Text>
    </Row>
    <Row Tag="LOC_CITY_BANNER_PREDOMINANT_RELIGION">
      <Text>{1_ReligionName} (Baskın)</Text>
    </Row>
    <Row Tag="LOC_CITY_BANNER_FOLLOWER_PRESSURE_TOOLTIP_HEADER">
      <Text>Takipçiler \ Toplam Basınç Alındı:</Text>
    </Row>
    <Row Tag="LOC_CITY_BANNER_FOLLOWER_PRESSURE_TOOLTIP">
      <Text>{1_ReligionName}:[NEWLINE]{2_Followers} Takipçiler, {3_TotalPressure} baskı</Text>
    </Row>
  </BaseGameText>
</GameData>