﻿<?xml version="1.0" encoding="utf-8"?>
<GameData>
  <EnglishText>
    <Row Tag="LOC_RULERS_OF_THE_SAHARA_MOD_TITLE">
      <Text>Sahra'nın Hükümdarları Lider Paketi</Text>
    </Row>
    <Row Tag="LOC_RULERS_OF_THE_SAHARA_MOD_TEASER">
      <Text>Yeni Alternatif Liderler - Mısırlı Ramses II, Mali'li Sundiata Keita ve Mısırlı Kleopatra (Ptolemaik)</Text>
    </Row>
    <Row Tag="LOC_RULERS_OF_THE_SAHARA_MOD_DESCRIPTION">
      <Text>Mevcut Medeniyetler için 3 yeni alternatif Lider içerir. Ramses II, Sundiata Keita ve Kleopatra (Ptolemaik) dahildir.</Text>
    </Row>
  </EnglishText>
</GameData>