﻿<?xml version="1.0" encoding="utf-8" standalone="yes"?>
<!-- edited with XMLSPY v2004 rel. 2 U (http://www.xmlspy.com) by Anton Strenger (Firaxis Games) -->
<GameData xmlns:xsi="http://www.w3.org/2001/XMLSchema-instance">
  <BaseGameText>
    <Row Tag="LOC_TECH_POTTERY_DESCRIPTION">
      <Text>Çiftlikler tarafından geliştirilen Bonus kaynaklarının hasat edilmesine izin verir.</Text>
    </Row>
    <Row Tag="LOC_TECH_ANIMAL_HUSBANDRY_DESCRIPTION">
      <Text>[ICON_RESOURCE_CATTLE] Sığır, [ICON_RESOURCE_SHEEP] Koyun ve [ICON_RESOURCE_DEER] Geyik hasadına izin verir.</Text>
    </Row>
    <Row Tag="LOC_TECH_MINING_DESCRIPTION">
      <Text>Ormanların kesilmesine ve [ICON_RESOURCE_Copper] Bakır hasadına izin verir.</Text>
    </Row>
    <Row Tag="LOC_TECH_SAILING_DESCRIPTION">
      <Text>İnşaatçıların yola çıkmasına izin verir.</Text>
    </Row>
    <Row Tag="LOC_TECH_IRRIGATION_DESCRIPTION">
      <Text>Bataklığın temizlenmesine ve [ICON_RESOURCE_BANANAS] Muz hasadına izin verir.</Text>
    </Row>
    <Row Tag="LOC_TECH_MASONRY_DESCRIPTION">
      <Text>[ICON_RESOURCE_STONE] Taşının hasat edilmesine izin verir.</Text>
    </Row>
    <Row Tag="LOC_TECH_BRONZE_WORKING_DESCRIPTION">
      <Text>Yağmur Ormanlarının kesilmesine izin verir. Demir [ICON_RESOURCE_IRON] ortaya çıkarır.</Text>
    </Row>
    <Row Tag="LOC_TECH_SHIPBUILDING_DESCRIPTION">
      <Text>Tüm kara birimlerinin gemiye çıkmasına izin verir.</Text>
    </Row>
    <Row Tag="LOC_TECH_CELESTIAL_NAVIGATION_DESCRIPTION">
      <Text>Tüccarların gemiye binmesine ve [ICON_RESOURCE_FISH] Balık ve [ICON_RESOURCE_CRABS] Yengeç hasadına izin verir.</Text>
    </Row>
    <Row Tag="LOC_TECH_MATHEMATICS_DESCRIPTION">
      <Text>+1 [ICON_Movement] Tüm deniz birimleri için hareket.</Text>
    </Row>
    <Row Tag="LOC_TECH_APPRENTICESHIP_DESCRIPTION">
      <Text>Maden iyileştirmesine +1 [ICON_Production] Üretim.</Text>
    </Row>
    <Row Tag="LOC_TECH_STIRRUPS_DESCRIPTION">
      <Text>Mera iyileştirmeleri +1 [ICON_Food] Gıda alır.</Text>
    </Row>
    <Row Tag="LOC_TECH_CASTLES_DESCRIPTION">
      <Text>Bonus [ICON_Culture] Bitişiklik için Büyük Duvar iyileştirmesi için kültür. Catherine de Medici (Kara Kraliçe) olarak oynuyorsanız ücretsiz bir Casus kazanın.</Text>
    </Row>
    <Row Tag="LOC_TECH_CARTOGRAPHY_DESCRIPTION">
      <Text>Balıkçı Teknesi iyileştirmesinden +2 [ICON_Gold] Altın. Tüm donanma ve gemili birimler Okyanus karelerinde gezinebilir.</Text>
    </Row>
    <Row Tag="LOC_TECH_SQUARE_RIGGING_DESCRIPTION">
      <Text>+1 [ICON_Movement] Bindirilmiş birimler için hareket.</Text>
    </Row>
    <Row Tag="LOC_TECH_BANKING_DESCRIPTION">
      <Text>+2 [ICON_Gold] Taş Ocağı iyileştirmesinden gelen altın.</Text>
    </Row>
    <Row Tag="LOC_TECH_PRINTING_DESCRIPTION">
      <Text>Diğer tüm medeniyetler üzerinde bir seviye daha fazla diplomatik görünürlük sağlar. [ICON_GreatWork_Writing] Büyük Yazma Eserlerinden elde edilen tüm [ICON_Tourism] Turizm getirileri iki katına çıkar.</Text>
    </Row>
    <Row Tag="LOC_TECH_RADIO_DESCRIPTION">
      <Text>Alüminyum [ICON_RESOURCE_ALUMINUM] ortaya çıkarır.</Text>
    </Row>
    <Row Tag="LOC_TECH_INDUSTRIALIZATION_DESCRIPTION">
      <Text>Maden iyileştirmesine +1 [ICON_Production] Üretim.</Text>
    </Row>
    <Row Tag="LOC_TECH_SCIENTIFIC_THEORY_DESCRIPTION">
      <Text>Araştırma Anlaşması diplomatik eylemine izin verir. +1 [ICON_Food] Plantasyon iyileştirmesinden gelen gıda.</Text>
    </Row>
    <Row Tag="LOC_TECH_SANITATION_DESCRIPTION">
      <Text>Stepwell iyileştirmeleri +1 [ICON_Housing] Konut alır.</Text>
    </Row>
    <Row Tag="LOC_TECH_STEAM_POWER_DESCRIPTION">
      <Text>+2 [ICON_Movement] Bindirilmiş birimler için hareket.</Text>
    </Row>
    <Row Tag="LOC_TECH_FLIGHT_DESCRIPTION">
      <Text>[ICON_Culture] Kültür sağlayan tüm iyileştirmelerden [ICON_Tourism] Turizm alın.  Üretilen [ICON_Tourism] Turizm miktarı iyileştirmenin [ICON_Culture] Kültür çıktısına eşittir.</Text>
    </Row>
    <Row Tag="LOC_TECH_REPLACEABLE_PARTS_DESCRIPTION">
      <Text>Çiftlik iyileştirmelerini Mekanize Tarıma yükseltir. Bitişik oldukları her Çiftlik iyileştirmesi için +1 [ICON_Food] Gıda Bitişiklik bonusu.</Text>
    </Row>
    <Row Tag="LOC_TECH_STEEL_DESCRIPTION">
      <Text>Kereste Fabrikası iyileştirmesinden +1 [ICON_Production] Üretim. Şehir Savunmalarının kilidini açarak tüm şehirlerinize otomatik olarak 400 Tahkimat Gücü ve menzilli saldırı gerçekleştirme yeteneği kazandırır. Önceki tüm duvar iyileştirmeleri geçersiz hale gelir ve kuşatma destek birimleri artık etkili değildir.</Text>
    </Row>
    <Row Tag="LOC_TECH_COMBUSTION_DESCRIPTION">
      <Text>+1 [ICON_Movement] Bindirilmiş birimler için hareket.</Text>
    </Row>
    <Row Tag="LOC_TECH_ROCKETRY_DESCRIPTION">
      <Text>+1 [ICON_Production] Taş Ocağı iyileştirmesinden elde edilen üretim.</Text>
    </Row>
    <Row Tag="LOC_TECH_PLASTICS_DESCRIPTION">
      <Text>+1 [ICON_Food] Balıkçı Teknelerine Yiyecek.</Text>
    </Row>
    <Row Tag="LOC_TECH_COMPUTERS_DESCRIPTION">
      <Text>İlave bir Spy inşa etme yeteneği verir. İmparatorluğunuz genelinde +%100 [ICON_Tourism] Turizm.</Text>
    </Row>
    <Row Tag="LOC_TECH_SYNTHETIC_MATERIALS_DESCRIPTION">
      <Text>+1 [ICON_Gold] Kamplara Altın.</Text>
    </Row>
    <Row Tag="LOC_TECH_ROBOTICS_DESCRIPTION">
      <Text>+1 [ICON_Production] Meralara Üretim.</Text>
    </Row>
    <Row Tag="LOC_TECH_FUTURE_TECH_DESCRIPTION">
      <Text>Birden fazla kez tamamlanabilir ve Puan Zaferi'ne doğru puanlarınızı artırabilirsiniz.</Text>
    </Row>
    <Row Tag="LOC_BOOST_TRIGGER_SAILING">
      <Text>Sahilde bir şehir buldum.</Text>
    </Row>
    <Row Tag="LOC_BOOST_TRIGGER_ASTROLOGY">
      <Text>Bir doğa harikası bulun.</Text>
    </Row>
    <Row Tag="LOC_BOOST_TRIGGER_IRRIGATION">
      <Text>Çiftlik bir kaynak.</Text>
    </Row>
    <Row Tag="LOC_BOOST_TRIGGER_ARCHERY">
      <Text>Slinger ile bir birim öldür.</Text>
    </Row>
    <Row Tag="LOC_BOOST_TRIGGER_WRITING">
      <Text>Başka bir uygarlıkla tanışın.</Text>
    </Row>
    <Row Tag="LOC_BOOST_TRIGGER_MASONRY">
      <Text>Bir Taş Ocağı İnşa Et.</Text>
    </Row>
    <Row Tag="LOC_BOOST_TRIGGER_BRONZE_WORKING">
      <Text>3 Barbar öldür.</Text>
    </Row>
    <Row Tag="LOC_BOOST_TRIGGER_THE_WHEEL">
      <Text>Bir kaynak çıkar.</Text>
    </Row>
    <Row Tag="LOC_BOOST_TRIGGER_CELESTIAL_NAVIGATION">
      <Text>2 deniz kaynağını iyileştirin.</Text>
    </Row>
    <Row Tag="LOC_BOOST_TRIGGER_CURRENCY">
      <Text>Bir [ICON_TradeRoute] Ticaret Rotası oluşturun.</Text>
    </Row>
    <Row Tag="LOC_BOOST_TRIGGER_HORSEBACK_RIDING">
      <Text>Bir Mera İnşa Et.</Text>
    </Row>
    <Row Tag="LOC_BOOST_TRIGGER_IRON_WORKING">
      <Text>Bir Demir Madeni inşa edin.</Text>
    </Row>
    <Row Tag="LOC_BOOST_TRIGGER_SHIPBUILDING">
      <Text>2 Kadırga sahibi.</Text>
    </Row>
    <Row Tag="LOC_BOOST_TRIGGER_MATHEMATICS">
      <Text>3 farklı uzmanlık bölgesi oluşturun.</Text>
    </Row>
    <Row Tag="LOC_BOOST_TRIGGER_CONSTRUCTION">
      <Text>Bir Su Değirmeni İnşa Edin.</Text>
    </Row>
    <Row Tag="LOC_BOOST_TRIGGER_ENGINEERING">
      <Text>Antik Duvarlar İnşa Edin.</Text>
    </Row>
    <Row Tag="LOC_BOOST_TRIGGER_MILITARY_TACTICS">
      <Text>Mızraklı ile bir birim öldür.</Text>
    </Row>
    <Row Tag="LOC_BOOST_TRIGGER_APPRENTICESHIP">
      <Text>3 Mayın inşa edin.</Text>
    </Row>
    <Row Tag="LOC_BOOST_TRIGGER_STIRRUPS">
      <Text>Feodalizm medeniyeti var.</Text>
    </Row>
    <Row Tag="LOC_BOOST_TRIGGER_MACHINERY">
      <Text>3 okçunuz var.</Text>
    </Row>
    <Row Tag="LOC_BOOST_TRIGGER_EDUCATION">
      <Text>Büyük Bir Bilim İnsanı Kazanın.</Text>
    </Row>
    <Row Tag="LOC_BOOST_TRIGGER_MILITARY_ENGINEERING">
      <Text>Bir su kemeri inşa edin.</Text>
    </Row>
    <Row Tag="LOC_BOOST_TRIGGER_CASTLES">
      <Text>6 politika yuvası olan bir hükümetiniz olsun.</Text>
    </Row>
    <Row Tag="LOC_BOOST_TRIGGER_CARTOGRAPHY">
      <Text>2 Liman inşa edin.</Text>
    </Row>
    <Row Tag="LOC_BOOST_TRIGGER_MASS_PRODUCTION">
      <Text>Bir Kereste Fabrikası İnşa Edin.</Text>
    </Row>
    <Row Tag="LOC_BOOST_TRIGGER_BANKING">
      <Text>Loncalar sivil olsun.</Text>
    </Row>
    <Row Tag="LOC_BOOST_TRIGGER_GUNPOWDER">
      <Text>Bir cephanelik inşa et.</Text>
    </Row>
    <Row Tag="LOC_BOOST_TRIGGER_PRINTING">
      <Text>2 Üniversite kurun.</Text>
    </Row>
    <Row Tag="LOC_BOOST_TRIGGER_SQUARE_RIGGING">
      <Text>Tüfekçi ile bir birim öldür.</Text>
    </Row>
    <Row Tag="LOC_BOOST_TRIGGER_ASTRONOMY">
      <Text>Dağa bitişik bir üniversite inşa edin.</Text>
    </Row>
    <Row Tag="LOC_BOOST_TRIGGER_METAL_CASTING">
      <Text>2 Arbaletçiniz var.</Text>
    </Row>
    <Row Tag="LOC_BOOST_TRIGGER_SIEGE_TACTICS">
      <Text>2 Trebuchet sahibi.</Text>
    </Row>
    <Row Tag="LOC_BOOST_TRIGGER_INDUSTRIALIZATION">
      <Text>3 Atölye Oluşturun.</Text>
    </Row>
    <Row Tag="LOC_BOOST_TRIGGER_SCIENTIFIC_THEORY">
      <Text>Aydınlanma medeniyeti var.</Text>
    </Row>
    <Row Tag="LOC_BOOST_TRIGGER_BALLISTICS">
      <Text>Bölgenizde 2 kale var. İkisi de bir Askeri Mühendis tarafından inşa edildi.</Text>
    </Row>
    <Row Tag="LOC_BOOST_TRIGGER_MILITARY_SCIENCE">
      <Text>Şövalye ile bir birim öldür.</Text>
    </Row>
    <Row Tag="LOC_BOOST_TRIGGER_STEAM_POWER">
      <Text>2 Tersane inşa edin.</Text>
    </Row>
    <Row Tag="LOC_BOOST_TRIGGER_SANITATION">
      <Text>2 Mahalle İnşa Edin.</Text>
    </Row>
    <Row Tag="LOC_BOOST_TRIGGER_ECONOMICS">
      <Text>2 Banka İnşa Et.</Text>
    </Row>
    <Row Tag="LOC_BOOST_TRIGGER_RIFLING">
      <Text>Bir Niter Madeni inşa et.</Text>
    </Row>
    <Row Tag="LOC_BOOST_TRIGGER_FLIGHT">
      <Text>Sanayi dönemi veya sonrası için bir harika inşa edin.</Text>
    </Row>
    <Row Tag="LOC_BOOST_TRIGGER_REPLACEABLE_PARTS">
      <Text>3 hat piyadesi.</Text>
    </Row>
    <Row Tag="LOC_BOOST_TRIGGER_STEEL">
      <Text>Bir Kömür Madeni ve bir Ironclad inşa edin.</Text>
    </Row>
    <Row Tag="LOC_BOOST_TRIGGER_ELECTRICITY">
      <Text>3 Privateers'ım var.</Text>
    </Row>
    <Row Tag="LOC_BOOST_TRIGGER_RADIO">
      <Text>Bir Ulusal Park inşa edin.</Text>
    </Row>
    <Row Tag="LOC_BOOST_TRIGGER_CHEMISTRY">
      <Text>Bir Araştırma Sözleşmesi doldurun.</Text>
    </Row>
    <Row Tag="LOC_BOOST_TRIGGER_COMBUSTION">
      <Text>Bir obje çıkarın.</Text>
    </Row>
    <Row Tag="LOC_BOOST_TRIGGER_ADVANCED_FLIGHT">
      <Text>3 Çift kanatlı uçak inşa edin.</Text>
    </Row>
    <Row Tag="LOC_BOOST_TRIGGER_ADVANCED_BALLISTICS">
      <Text>2 Enerji Santrali inşa edin.</Text>
    </Row>
    <Row Tag="LOC_BOOST_TRIGGER_COMBINED_ARMS">
      <Text>3 Ordu veya Armadaya sahip olun</Text>
    </Row>
    <Row Tag="LOC_BOOST_TRIGGER_PLASTICS">
      <Text>Bir Petrol Kuyusu İnşa Et.</Text>
    </Row>
    <Row Tag="LOC_BOOST_TRIGGER_COMPUTERS">
      <Text>8 politika yuvası olan bir hükümetiniz olsun.</Text>
    </Row>
    <Row Tag="LOC_BOOST_TRIGGER_SYNTHETIC_MATERIALS">
      <Text>2 Aerodrom inşa edin.</Text>
    </Row>
    <Row Tag="LOC_BOOST_TRIGGER_TELECOMMUNICATIONS">
      <Text>2 Yayın Merkezi inşa edin.</Text>
    </Row>
    <Row Tag="LOC_BOOST_TRIGGER_GUIDANCE_SYSTEMS">
      <Text>Bir dövüşçüyü öldür.</Text>
    </Row>
    <Row Tag="LOC_BOOST_TRIGGER_COMPOSITES">
      <Text>3 tankın var.</Text>
    </Row>
    <Row Tag="LOC_BOOST_TRIGGER_ROBOTICS">
      <Text>Küreselleşme medeniyeti var.</Text>
    </Row>
    <Row Tag="LOC_BOOST_TRIGGER_NANOTECHNOLOGY">
      <Text>Bir Alüminyum Madeni İnşa Edin.</Text>
    </Row>
    <Row Tag="LOC_BOOST_TRIGGER_MUST_STEAL">
      <Text>Büyük Bilim Adamı veya Casus ile güçlendirin.</Text>
    </Row>
    <Row Tag="LOC_BOOST_TRIGGER_LONGDESC_SAILING">
      <Text>Kıyıda bir şehir kazanmak, uygarlığınıza dalgalarda yön bulma konusunda fikir verdi.</Text>
    </Row>
    <Row Tag="LOC_BOOST_TRIGGER_LONGDESC_ASTROLOGY">
      <Text>Bir doğa harikasını keşfetmek, halkınıza evrenin görkemiyle ilgili ilham verdi.</Text>
    </Row>
    <Row Tag="LOC_BOOST_TRIGGER_LONGDESC_IRRIGATION">
      <Text>Bir kaynakla çiftçilik yapmak, ürünlerinizi sulamanın önemini anlamanızı sağladı.</Text>
    </Row>
    <Row Tag="LOC_BOOST_TRIGGER_LONGDESC_ARCHERY">
      <Text>Sonunda bir Slinger ile bir düşmanı öldürdükten sonra, daha güçlü bir menzilli silah istiyorsunuz.</Text>
    </Row>
    <Row Tag="LOC_BOOST_TRIGGER_LONGDESC_WRITING">
      <Text>Başka bir medeniyetle tanıştıktan sonra iletişim kurmak için yeni yollara ihtiyaç duyduğunuzu görüyorsunuz.</Text>
    </Row>
    <Row Tag="LOC_BOOST_TRIGGER_LONGDESC_MASONRY">
      <Text>Bir kaynağın taş ocağından çıkarılması size taş ustası çalıştırmak için gereken hammaddeleri sağladı.</Text>
    </Row>
    <Row Tag="LOC_BOOST_TRIGGER_LONGDESC_BRONZE_WORKING">
      <Text>Barbarlarla olan savaşlarınız daha güçlü silahlara olan ihtiyacı vurguluyor.</Text>
    </Row>
    <Row Tag="LOC_BOOST_TRIGGER_LONGDESC_THE_WHEEL">
      <Text>Madencilik faaliyetleriniz size bir aks yaratma becerisi kazandırdı. Tekerlek takip edecek mi?</Text>
    </Row>
    <Row Tag="LOC_BOOST_TRIGGER_LONGDESC_CELESTIAL_NAVIGATION">
      <Text>Balıkçılarınız gece gökyüzünü inceleyerek seyahatlerine nasıl rehberlik edeceklerini öğreniyorlar.</Text>
    </Row>
    <Row Tag="LOC_BOOST_TRIGGER_LONGDESC_CURRENCY">
      <Text>Ticaret Rotanız [ICON_TradeRoute] doğrudan mal alışverişi yapar, ancak bir değişim aracı ticareti daha esnek hale getirecektir.</Text>
    </Row>
    <Row Tag="LOC_BOOST_TRIGGER_LONGDESC_HORSEBACK_RIDING">
      <Text>Hayvanlar artık meralarda evcilleştirildiğinden, ata binmeyi öğrenme zamanı gelmiştir.</Text>
    </Row>
    <Row Tag="LOC_BOOST_TRIGGER_LONGDESC_IRON_WORKING">
      <Text>Düzenli bir demir kaynağına erişim, daha iyi silahlar ve daha güçlü zırhlar yapmanızı sağladı.</Text>
    </Row>
    <Row Tag="LOC_BOOST_TRIGGER_LONGDESC_SHIPBUILDING">
      <Text>Bir kadırga filosu inşa etmek size daha büyük gemiler inşa etme konusunda çok şey öğretti.</Text>
    </Row>
    <Row Tag="LOC_BOOST_TRIGGER_LONGDESC_MATHEMATICS">
      <Text>Bölge planlamacılarınız geometrinin temellerini çözdüler. Belki de yakında tam bir matematiksel sistem ortaya çıkar?</Text>
    </Row>
    <Row Tag="LOC_BOOST_TRIGGER_LONGDESC_CONSTRUCTION">
      <Text>Su Değirmeni'ndeki çalışmalar, işçilerinize inşaat uygulamaları hakkında çok şey öğretti.</Text>
    </Row>
    <Row Tag="LOC_BOOST_TRIGGER_LONGDESC_ENGINEERING">
      <Text>Şehrinizin etrafındaki duvarları tamamlamak, Su Kemerleri ve Mancınıklar için gereken mühendislik ilkelerini gösterdi.</Text>
    </Row>
    <Row Tag="LOC_BOOST_TRIGGER_LONGDESC_MILITARY_TACTICS">
      <Text>Mızrakçılarınız etkili olduklarını kanıtlıyorlar ama artık rakipleriniz daha güçlü ve hızlı. Belki de daha uzun bir silaha ihtiyaç vardır?</Text>
    </Row>
    <Row Tag="LOC_BOOST_TRIGGER_LONGDESC_APPRENTICESHIP">
      <Text>Hammaddeler artık çok çeşitli madenlerden geldiği için, yeni zanaatkârlara bunları kullanmayı daha iyi öğretme ihtiyacı çok önemlidir.</Text>
    </Row>
    <Row Tag="LOC_BOOST_TRIGGER_LONGDESC_STIRRUPS">
      <Text>Krallığınızdaki feodal lordlar topraklarını savunacak bir şampiyon istiyor. Belki de zırhlı bir savaşçı görevlendirmek işinizi görür?</Text>
    </Row>
    <Row Tag="LOC_BOOST_TRIGGER_LONGDESC_MACHINERY">
      <Text>Oldukça büyük menzilli birliklerinizin performansını artırmak için makinelere bakıyorsunuz.</Text>
    </Row>
    <Row Tag="LOC_BOOST_TRIGGER_LONGDESC_EDUCATION">
      <Text>Büyük Bilim Adamınızdan gelen öğretiler, diyarınızda öğrenmeye olan ilginin yeniden canlanmasına ilham kaynağı oldu.</Text>
    </Row>
    <Row Tag="LOC_BOOST_TRIGGER_LONGDESC_MILITARY_ENGINEERING">
      <Text>Askeri liderleriniz su kemerinizdeki ilerlemeyi dikkatle takip etti. Bu mühendislik becerilerini kullanmanın yeni yollarını görüyorlar.</Text>
    </Row>
    <Row Tag="LOC_BOOST_TRIGGER_LONGDESC_CASTLES">
      <Text>Yeni hükümetimizin savunma bakanı, hareketli başkentimizi korumak için etkileyici savunmalar inşa etmek isteyebileceğimizi öne sürüyor.</Text>
    </Row>
    <Row Tag="LOC_BOOST_TRIGGER_LONGDESC_CARTOGRAPHY">
      <Text>İmparatorluğunuzun limanlarından bu kadar çok gemi ayrılırken, keşiflerinizi belgelemek için can atıyorsunuz.</Text>
    </Row>
    <Row Tag="LOC_BOOST_TRIGGER_LONGDESC_MASS_PRODUCTION">
      <Text>Artık standartlaştırılmış panolardan oluşan hazır bir tedarikiniz olduğuna göre, nakliye sektörünüz yakında yükselişe geçecektir.</Text>
    </Row>
    <Row Tag="LOC_BOOST_TRIGGER_LONGDESC_BANKING">
      <Text>Gelişmekte olan loncalarınızın büyük miktarda altın akışına ihtiyaç duyan planları var. Belki de kredi almalarını sağlayacak bir yol bulabiliriz?</Text>
    </Row>
    <Row Tag="LOC_BOOST_TRIGGER_LONGDESC_GUNPOWDER">
      <Text>Cephanelikteki adamların rakiplerini mahvedecek yeni bir silah geliştiriyor.</Text>
    </Row>
    <Row Tag="LOC_BOOST_TRIGGER_LONGDESC_PRINTING">
      <Text>Zorunluluktan dolayı akademisyenleriniz kitapları hızla kopyalamak için yöntemler geliştiriyor.</Text>
    </Row>
    <Row Tag="LOC_BOOST_TRIGGER_LONGDESC_SQUARE_RIGGING">
      <Text>Tüfekçilerinizin karadaki başarısı yeni bir fikir doğurdu: Denizde barutlu silahlara geçsek nasıl olur?</Text>
    </Row>
    <Row Tag="LOC_BOOST_TRIGGER_LONGDESC_ASTRONOMY">
      <Text>Bilim adamlarınız gökyüzünü daha net görebilmek için dağlara tırmanıyor. Belki kalıcı bir tesis yardımcı olur?</Text>
    </Row>
    <Row Tag="LOC_BOOST_TRIGGER_LONGDESC_METAL_CASTING">
      <Text>Sahada bu kadar çok Arbaletçi varken, menzilli silahlar üzerinde çok fazla pratik yaptık.</Text>
    </Row>
    <Row Tag="LOC_BOOST_TRIGGER_LONGDESC_SIEGE_TACTICS">
      <Text>Bombardımanlar oluşturduktan sonra kalelerin zaptedilemez olmadığını fark edersiniz - daha sağlam bir savunmaya ihtiyacınız vardır!</Text>
    </Row>
    <Row Tag="LOC_BOOST_TRIGGER_LONGDESC_INDUSTRIALIZATION">
      <Text>İmparatorluğunuzun yoğun atölyeleri gelecek olan büyüklüğe işaret ediyor. Bir Sanayi Devrimi başlamak üzere mi?</Text>
    </Row>
    <Row Tag="LOC_BOOST_TRIGGER_LONGDESC_SCIENTIFIC_THEORY">
      <Text>Alanımızda bir aydınlanma çağının başlaması, bilimsel yöntemlerimiz hakkında ciddi bir tartışma başlattı.</Text>
    </Row>
    <Row Tag="LOC_BOOST_TRIGGER_LONGDESC_BALLISTICS">
      <Text>Şehirleriniz birden fazla tahkimatla korunuyor, ya toplarla savunulabilseydi?</Text>
    </Row>
    <Row Tag="LOC_BOOST_TRIGGER_LONGDESC_MILITARY_SCIENCE">
      <Text>Yiğit Şövalyeniz düşmanını yendi. Bu zaferden ders alalım ve askeri işlerin öğrencisi olalım.</Text>
    </Row>
    <Row Tag="LOC_BOOST_TRIGGER_LONGDESC_STEAM_POWER">
      <Text>Endüstriyel zekamızı yeni inşa edilen tersanelerinize uygulayalım. Buhar gücüyle çalışan donanma gemileri denizlere hükmedebilir.</Text>
    </Row>
    <Row Tag="LOC_BOOST_TRIGGER_LONGDESC_SANITATION">
      <Text>Mahallelerin devreye girmesiyle birlikte şehirlerimiz hiç olmadığı kadar büyüyor.  Bir sağlık planı geliştirmek çok önemlidir.</Text>
    </Row>
    <Row Tag="LOC_BOOST_TRIGGER_LONGDESC_ECONOMICS">
      <Text>Bankalarınızın gücü artıyor.  Ulusal ekonominizi şekillendiren güçleri resmi olarak incelemenin zamanı geldi.</Text>
    </Row>
    <Row Tag="LOC_BOOST_TRIGGER_LONGDESC_RIFLING">
      <Text>Bir niter kaynağı ile ateşli silah endüstriniz en üst vitese geçiyor. Bir sonraki adım isabet oranımızı arttırmak olacak.</Text>
    </Row>
    <Row Tag="LOC_BOOST_TRIGGER_LONGDESC_FLIGHT">
      <Text>Modern bir harikayı tamamlayan mühendislerimiz her şeyin üstesinden gelebileceklerinden eminler. Sırada ne var, uçurmayı mı düşünüyorlar?</Text>
    </Row>
    <Row Tag="LOC_BOOST_TRIGGER_LONGDESC_REPLACEABLE_PARTS">
      <Text>Silah yapımcılarınız bu kadar çok tüfeği elle yapmaktan bıktı.  Belki biraz standardizasyon yardımcı olur?</Text>
    </Row>
    <Row Tag="LOC_BOOST_TRIGGER_LONGDESC_STEEL">
      <Text>Kömürle çalışan yüksek fırınlarınız ve bir Ironclad ile yaptığınız test çalışmaları yakında en iyi kalitede çelik üretmemizi sağlayacaktır.</Text>
    </Row>
    <Row Tag="LOC_BOOST_TRIGGER_LONGDESC_ELECTRICITY">
      <Text>Kurnaz korsanlarınız elektrik akımının keşfinden çok etkilendiler. Bunu gizli bir itici güç yaratmak için kullanabilirler mi?</Text>
    </Row>
    <Row Tag="LOC_BOOST_TRIGGER_LONGDESC_RADIO">
      <Text>Yeni ulusal parkınızın ziyaretçilere ihtiyacı var. Belki de yeni bir iletişim biçimi bunun reklamını yapmanıza yardımcı olur?</Text>
    </Row>
    <Row Tag="LOC_BOOST_TRIGGER_LONGDESC_CHEMISTRY">
      <Text>Diğer uluslarla güçlerini birleştirmek bilimsel ilerlemelerde zincirleme bir reaksiyon başlattı.  Bir sonraki hamle kimyada mı olacak?</Text>
    </Row>
    <Row Tag="LOC_BOOST_TRIGGER_LONGDESC_COMBUSTION">
      <Text>Arkeoloğunuz kayalardan sızan petrolü fark etti. Belki jeologlarınız bir göz atmak isterler?</Text>
    </Row>
    <Row Tag="LOC_BOOST_TRIGGER_LONGDESC_ADVANCED_FLIGHT">
      <Text>Çift kanatlı uçaklarla ilgili kapsamlı deneyiminiz birçok havacılık buluşuna öncülük etti.</Text>
    </Row>
    <Row Tag="LOC_BOOST_TRIGGER_LONGDESC_ADVANCED_BALLISTICS">
      <Text>Yeni enerji santrallerinin geliştirilmesi, silah üretiminize yardımcı olabilecek endüstriyel ilerlemeleri teşvik etti.</Text>
    </Row>
    <Row Tag="LOC_BOOST_TRIGGER_LONGDESC_COMBINED_ARMS">
      <Text>Artık ordunuz genişlediğine göre yeni bir kaynakla daha da geliştirilebilir mi?</Text>
    </Row>
    <Row Tag="LOC_BOOST_TRIGGER_LONGDESC_PLASTICS">
      <Text>Bir petrokimya kaynağına sahip olmak birçok ilerlemeye yol açacaktır. Esnekliği özellikle ilgi çekicidir.</Text>
    </Row>
    <Row Tag="LOC_BOOST_TRIGGER_LONGDESC_COMPUTERS">
      <Text>Modern bir hükümet çok sayıda bürokrasiyi beraberinde getirir. Verileri verimli bir şekilde takip etmenin yollarını geliştirmek büyük bir yardım olacaktır.</Text>
    </Row>
    <Row Tag="LOC_BOOST_TRIGGER_LONGDESC_SYNTHETIC_MATERIALS">
      <Text>Birçok şehirde bulunan uçak tesisleriyle havacılık sektörünüz yükselişe geçiyor.</Text>
    </Row>
    <Row Tag="LOC_BOOST_TRIGGER_LONGDESC_TELECOMMUNICATIONS">
      <Text>Radyo ve televizyondaki öncüleriniz sayesinde, verileri hızlı bir şekilde iletme konusunda ustalaştınız.</Text>
    </Row>
    <Row Tag="LOC_BOOST_TRIGGER_LONGDESC_GUIDANCE_SYSTEMS">
      <Text>Ordunuz bir düşman uçağını yendi. Şimdi düşman uçaklarına karşı en iyi savunmayı yapma zamanı.</Text>
    </Row>
    <Row Tag="LOC_BOOST_TRIGGER_LONGDESC_COMPOSITES">
      <Text>Tanklar ordunuzun bel kemiği olmuştur, bu nedenle bilim adamlarınız daha gelişmiş bir model için çabalamaktadır.</Text>
    </Row>
    <Row Tag="LOC_BOOST_TRIGGER_LONGDESC_ROBOTICS">
      <Text>Üzerinde deney yapabileceğiniz çeşitli metallerin olması, bilim insanlarınızın yeni alanlara yönelmesine yardımcı olacaktır.</Text>
    </Row>
    <Row Tag="LOC_BOOST_TRIGGER_LONGDESC_NANOTECHNOLOGY">
      <Text>Üzerinde deney yapabileceğiniz çeşitli metallerin olması, bilim insanlarınızın yeni alanlara yönelmesine yardımcı olacaktır.</Text>
    </Row>
    <Row Tag="LOC_BOOST_TRIGGER_LONGDESC_TEAM_MEMBER_OWNS_TECH">
      <Text>Bir ekip üyesi, yakın zamanda edinilen bir teknoloji için araştırma notlarını paylaştı. Onların yenilikleri bizim ilerlememizi önemli ölçüde artıracaktır.</Text>
    </Row>
  </BaseGameText>
</GameData>