﻿<?xml version="1.0" encoding="utf-8"?>
<!-- edited with XMLSPY v2004 rel. 2 U (http://www.xmlspy.com) by Edward Beach (Firaxis Games) -->
<GameData>
  <BaseGameText>
    <!-- Types -->
    <Row Tag="LOC_BELIEF_NAME">
      <Text>İnanç</Text>
    </Row>
    <Row Tag="LOC_BUILDING_NAME">
      <Text>Bina</Text>
    </Row>
    <Row Tag="LOC_BUILDING_NAME_REPLACES">
      <Text>Bina ({1_BuildingName} yerine geçer)</Text>
    </Row>
    <Row Tag="LOC_CIVIC_NAME">
      <Text>Sivil</Text>
    </Row>
    <Row Tag="LOC_DISTRICT_NAME">
      <Text>Bölge</Text>
    </Row>
    <Row Tag="LOC_DISTRICT_NAME_REPLACES">
      <Text>Bölge ({1_DistrictName} yerine geçer)</Text>
    </Row>
    <Row Tag="LOC_ENVOY_NAME">
      <Text>Elçi</Text>
    </Row>
    <Row Tag="LOC_ERA_NAME">
      <Text>Era</Text>
    </Row>
    <Row Tag="LOC_GOVERNMENT_NAME">
      <Text>Hükümet</Text>
    </Row>
    <Row Tag="LOC_IMPROVEMENT_NAME">
      <Text>İyileştirme</Text>
    </Row>
    <Row Tag="LOC_POLICY_NAME">
      <Text>Politika</Text>
    </Row>
    <Row Tag="LOC_PROJECT_NAME">
      <Text>Proje</Text>
    </Row>
    <Row Tag="LOC_RESOURCE_NAME">
      <Text>Kaynak</Text>
    </Row>
    <Row Tag="LOC_ROUTE_NAME">
      <Text>Rota</Text>
    </Row>
    <Row Tag="LOC_SPY_NAME">
      <Text>Casus</Text>
    </Row>
    <Row Tag="LOC_TECHNOLOGY_NAME">
      <Text>Teknoloji</Text>
    </Row>
    <Row Tag="LOC_UNIT_NAME">
      <Text>Birim</Text>
    </Row>
    <Row Tag="LOC_UNIT_NAME_REPLACES">
      <Text>Birim ({1_UnitName} yerine geçer)</Text>
    </Row>
    <Row Tag="LOC_WONDER_NAME">
      <Text>Mucize</Text>
    </Row>
    <Row Tag="LOC_WONDER_NAME_REPLACES">
      <Text>Wonder (replaces {1_WonderName})</Text>
    </Row>
    <Row Tag="LOC_NATURAL_WONDER_NAME">
      <Text>Doğa Harikası</Text>
    </Row>
    <!-- Buildings -->
    <Row Tag="LOC_BUILDING_AIRPORT_NAME">
      <Text>Havaalanı
 	 	 	 Eril:an</Text>
      <Gender>Masculine:an</Gender>
    </Row>
    <Row Tag="LOC_BUILDING_ALHAMBRA_NAME">
      <Text>Alhambra
 	 	 	 Eril:the</Text>
      <Gender>Masculine:the</Gender>
    </Row>
    <Row Tag="LOC_BUILDING_AMPHITHEATER_NAME">
      <Text>Amfitiyatro
 	 	 	 Eril:an</Text>
      <Gender>Masculine:an</Gender>
    </Row>
    <Row Tag="LOC_BUILDING_ARENA_NAME">
      <Text>Arena
 	 	 	 Eril:an</Text>
      <Gender>Masculine:an</Gender>
    </Row>
    <Row Tag="LOC_BUILDING_ARMORY_NAME">
      <Text>Armory
 	 	 	 Eril:an</Text>
      <Gender>Masculine:an</Gender>
    </Row>
    <Row Tag="LOC_BUILDING_BANK_NAME">
      <Text>Banka</Text>
    </Row>
    <Row Tag="LOC_BUILDING_BARRACKS_NAME">
      <Text>Kışla</Text>
    </Row>
    <Row Tag="LOC_BUILDING_BIG_BEN_NAME">
      <Text>Big Ben
 	 	 	 Eril:no_article</Text>
      <Gender>Masculine:no_article</Gender>
    </Row>
    <Row Tag="LOC_BUILDING_BOLSHOI_THEATRE_NAME">
      <Text>Bolşoy Tiyatrosu
 	 	 	 Eril:tiyatro</Text>
      <Gender>Masculine:the</Gender>
    </Row>
    <Row Tag="LOC_BUILDING_BROADCAST_CENTER_NAME">
      <Text>Yayın Merkezi</Text>
    </Row>
    <Row Tag="LOC_BUILDING_BROADWAY_NAME">
      <Text>Broadway
 	 	 	 Eril:no_article</Text>
      <Gender>Masculine:no_article</Gender>
    </Row>
    <Row Tag="LOC_BUILDING_BUILDINGS">
      <Text>Binalar</Text>
    </Row>
    <Row Tag="LOC_BUILDING_CASTLE_NAME">
      <Text>Ortaçağ Duvarları</Text>
    </Row>
    <Row Tag="LOC_BUILDING_CATHEDRAL_NAME">
      <Text>Katedral</Text>
    </Row>
    <Row Tag="LOC_BUILDING_CHICHEN_ITZA_NAME">
      <Text>Chichen Itza
 	 	 	 Eril:no_article</Text>
      <Gender>Masculine:no_article</Gender>
    </Row>
    <Row Tag="LOC_BUILDING_COLOSSEUM_NAME">
      <Text>Kolezyum</Text>
    </Row>
    <Row Tag="LOC_BUILDING_COLOSSUS_NAME">
      <Text>Colossus
 	 	 	 Eril:the</Text>
      <Gender>Masculine:the</Gender>
    </Row>
    <Row Tag="LOC_BUILDING_CRISTO_REDENTOR_NAME">
      <Text>Cristo Redentor
 	 	 	 Eril:no_article</Text>
      <Gender>Masculine:no_article</Gender>
    </Row>
    <Row Tag="LOC_BUILDING_DAR_E_MEHR_NAME">
      <Text>Dar-e Mehr</Text>
    </Row>
    <Row Tag="LOC_BUILDING_EIFFEL_TOWER_NAME">
      <Text>Eyfel Kulesi
 	 	 	 Eril:the</Text>
      <Gender>Masculine:the</Gender>
    </Row>
    <Row Tag="LOC_BUILDING_ELECTRONICS_FACTORY_NAME">
      <Text>Elektronik Fabrikası</Text>
    </Row>
    <Row Tag="LOC_BUILDING_ESTADIO_DO_MARACANA_NAME">
      <Text>Estádio do Maracanã
 	 	 Eril:the</Text>
      <Gender>Masculine:the</Gender>
    </Row>
    <Row Tag="LOC_BUILDING_FACTORY_NAME">
      <Text>Fabrika</Text>
    </Row>
    <Row Tag="LOC_BUILDING_FILM_STUDIO_NAME">
      <Text>Film Stüdyosu</Text>
    </Row>
    <Row Tag="LOC_BUILDING_FORBIDDEN_CITY_NAME">
      <Text>Yasak Şehir
 	 	 	 Eril:the</Text>
      <Gender>Masculine:the</Gender>
    </Row>
    <Row Tag="LOC_BUILDING_GRANARY_NAME">
      <Text>Tahıl Ambarı</Text>
    </Row>
    <Row Tag="LOC_BUILDING_GREAT_LIBRARY_NAME">
      <Text>Büyük Kütüphane
 	 	 	 Eril:the</Text>
      <Gender>Masculine:the</Gender>
    </Row>
    <Row Tag="LOC_BUILDING_GREAT_LIGHTHOUSE_NAME">
      <Text>Büyük Deniz Feneri
 	 	 	 Eril:the</Text>
      <Gender>Masculine:the</Gender>
    </Row>
    <Row Tag="LOC_BUILDING_GREAT_ZIMBABWE_NAME">
      <Text>Büyük Zimbabve
 	 	 	 Eril:the</Text>
      <Gender>Masculine:the</Gender>
    </Row>
    <Row Tag="LOC_BUILDING_GURDWARA_NAME">
      <Text>Gurdwara</Text>
    </Row>
    <Row Tag="LOC_BUILDING_HAGIA_SOPHIA_NAME">
      <Text>Ayasofya
 	 	 	 Eril:no_article</Text>
      <Gender>Masculine:no_article</Gender>
    </Row>
    <Row Tag="LOC_BUILDING_HANGAR_NAME">
      <Text>Hangar</Text>
    </Row>
    <Row Tag="LOC_BUILDING_HANGING_GARDENS_NAME">
      <Text>Asma Bahçeler
 	 	 	 Eril:the</Text>
      <Gender>Masculine:the</Gender>
    </Row>
    <Row Tag="LOC_BUILDING_HERMITAGE_NAME">
      <Text>Hermitage</Text>
    </Row>
    <Row Tag="LOC_BUILDING_LARGE_ROCKET_NAME">
      <Text>Büyük Roket</Text>
    </Row>
    <Row Tag="LOC_BUILDING_LIBRARY_NAME">
      <Text>Kütüphane</Text>
    </Row>
    <Row Tag="LOC_BUILDING_LIGHTHOUSE_NAME">
      <Text>Deniz Feneri</Text>
    </Row>
    <Row Tag="LOC_BUILDING_MADRASA_NAME">
      <Text>Medrese</Text>
    </Row>
    <Row Tag="LOC_BUILDING_MAHABODHI_TEMPLE_NAME">
      <Text>Mahabodhi Tapınağı
 	 	 	 Eril:the</Text>
      <Gender>Masculine:the</Gender>
    </Row>
    <Row Tag="LOC_BUILDING_MARKET_NAME">
      <Text>Pazar</Text>
    </Row>
    <Row Tag="LOC_BUILDING_MEDIUM_ROCKET_NAME">
      <Text>Orta Boy Roket</Text>
    </Row>
    <Row Tag="LOC_BUILDING_MEETING_HOUSE_NAME">
      <Text>Toplantı Evi</Text>
    </Row>
    <Row Tag="LOC_BUILDING_MILITARY_ACADEMY_NAME">
      <Text>Askeri Akademi</Text>
    </Row>
    <Row Tag="LOC_BUILDING_MONT_ST_MICHEL_NAME">
      <Text>Mont St Michel
 	 	 	 Eril:no_article</Text>
      <Gender>Masculine:no_article</Gender>
    </Row>
    <Row Tag="LOC_BUILDING_MONUMENT_NAME">
      <Text>Anıt</Text>
    </Row>
    <Row Tag="LOC_BUILDING_MOSQUE_NAME">
      <Text>Cami</Text>
    </Row>
    <Row Tag="LOC_BUILDING_MUSEUM_ART_NAME">
      <Text>Sanat Müzesi
 	 	 	 Eril:an</Text>
      <Gender>Masculine:an</Gender>
    </Row>
    <Row Tag="LOC_BUILDING_MUSEUM_ARTIFACT_NAME">
      <Text>Arkeoloji Müzesi
 	 	 	 Eril:an</Text>
      <Gender>Masculine:an</Gender>
    </Row>
    <Row Tag="LOC_BUILDING_OBSERVATORY">
      <Text>Gözlemevi</Text>
    </Row>
    <Row Tag="LOC_BUILDING_ORACLE_NAME">
      <Text>Oracle
 	 	 	 Eril:an</Text>
      <Gender>Masculine:an</Gender>
    </Row>
    <Row Tag="LOC_BUILDING_OXFORD_UNIVERSITY_NAME">
      <Text>Oxford Üniversitesi</Text>
    </Row>
    <Row Tag="LOC_BUILDING_PAGODA_NAME">
      <Text>Pagoda</Text>
    </Row>
    <Row Tag="LOC_BUILDING_PALACE_NAME">
      <Text>Saray</Text>
    </Row>
    <Row Tag="LOC_BUILDING_PETRA_NAME">
      <Text>Petra
 	 	 	 Eril:no_article</Text>
      <Gender>Masculine:no_article</Gender>
    </Row>
    <Row Tag="LOC_BUILDING_POTALA_PALACE_NAME">
      <Text>Potala Sarayı
 	 	 	 Eril:no_article</Text>
      <Gender>Masculine:no_article</Gender>
    </Row>
    <Row Tag="LOC_BUILDING_POWER_PLANT_NAME">
      <Text>Enerji Santrali</Text>
    </Row>
    <Row Tag="LOC_BUILDING_PYRAMIDS_NAME">
      <Text>Piramitler
 	 	 	 Eril:the</Text>
      <Gender>Masculine:the</Gender>
    </Row>
    <Row Tag="LOC_BUILDING_RESEARCH_LAB_NAME">
      <Text>Araştırma Laboratuvarı</Text>
    </Row>
    <Row Tag="LOC_BUILDING_RUHR_VALLEY_NAME">
      <Text>Ruhr Vadisi
 	 	 	 Eril:no_article</Text>
      <Gender>Masculine:no_article</Gender>
    </Row>
    <Row Tag="LOC_BUILDING_SEAPORT_NAME">
      <Text>Liman</Text>
    </Row>
    <Row Tag="LOC_BUILDING_SEWER_NAME">
      <Text>Kanalizasyon</Text>
    </Row>
    <Row Tag="LOC_BUILDING_SHIPYARD_NAME">
      <Text>Tersane</Text>
    </Row>
    <Row Tag="LOC_BUILDING_SHRINE_NAME">
      <Text>Tapınak</Text>
    </Row>
    <Row Tag="LOC_BUILDING_SMALL_ROCKET_NAME">
      <Text>Küçük Roket</Text>
    </Row>
    <Row Tag="LOC_BUILDING_STABLE_NAME">
      <Text>Kararlı</Text>
    </Row>
    <Row Tag="LOC_BUILDING_STADIUM_NAME">
      <Text>Stadyum</Text>
    </Row>
    <Row Tag="LOC_BUILDING_STAR_FORT_NAME">
      <Text>Rönesans Duvarları</Text>
    </Row>
    <Row Tag="LOC_BUILDING_STAVE_CHURCH_NAME">
      <Text>Stave Kilisesi</Text>
    </Row>
    <Row Tag="LOC_BUILDING_STOCK_EXCHANGE_NAME">
      <Text>Menkul Kıymetler Borsası</Text>
    </Row>
    <Row Tag="LOC_BUILDING_STONEHENGE_NAME">
      <Text>Stonehenge</Text>
    </Row>
    <Row Tag="LOC_BUILDING_STUPA_NAME">
      <Text>Stupa</Text>
    </Row>
    <Row Tag="LOC_BUILDING_SYDNEY_OPERA_HOUSE_NAME">
      <Text>Sydney Opera Binası
 	 	 	 Eril:the</Text>
      <Gender>Masculine:the</Gender>
    </Row>
    <Row Tag="LOC_BUILDING_SYNAGOGUE_NAME">
      <Text>Sinagog</Text>
    </Row>
    <Row Tag="LOC_BUILDING_TEMPLE_NAME">
      <Text>Tapınak</Text>
    </Row>
    <Row Tag="LOC_BUILDING_TERRACOTTA_ARMY_NAME">
      <Text>Terracotta Ordusu
 	 	 	 Eril:</Text>
      <Gender>Masculine:the</Gender>
    </Row>
    <Row Tag="LOC_BUILDING_UNIVERSITY_NAME">
      <Text>Üniversite</Text>
    </Row>
    <Row Tag="LOC_BUILDING_VENETIAN_ARSENAL_NAME">
      <Text>Venedik Cephaneliği</Text>
    </Row>
    <Row Tag="LOC_BUILDING_WALLS_NAME">
      <Text>Antik Duvarlar</Text>
    </Row>
    <Row Tag="LOC_BUILDING_WAT_NAME">
      <Text>Wat</Text>
    </Row>
    <Row Tag="LOC_BUILDING_WATER_MILL_NAME">
      <Text>Su Değirmeni</Text>
    </Row>
    <Row Tag="LOC_BUILDING_WORKSHOP_NAME">
      <Text>Atölye Çalışması</Text>
    </Row>
    <Row Tag="LOC_BUILDING_ZOO_NAME">
      <Text>Hayvanat Bahçesi</Text>
    </Row>
    <!--Civics -->
    <Row Tag="LOC_CIVIC_CODE_OF_LAWS_NAME">
      <Text>Kanunlar Kodu</Text>
    </Row>
    <Row Tag="LOC_CIVIC_CRAFTSMANSHIP_NAME">
      <Text>Zanaatkarlık</Text>
    </Row>
    <Row Tag="LOC_CIVIC_FOREIGN_TRADE_NAME">
      <Text>Dış Ticaret</Text>
    </Row>
    <Row Tag="LOC_CIVIC_MILITARY_TRADITION_NAME">
      <Text>Askeri Gelenek</Text>
    </Row>
    <Row Tag="LOC_CIVIC_STATE_WORKFORCE_NAME">
      <Text>Eyalet İşgücü</Text>
    </Row>
    <Row Tag="LOC_CIVIC_EARLY_EMPIRE_NAME">
      <Text>Erken İmparatorluk</Text>
    </Row>
    <Row Tag="LOC_CIVIC_MYSTICISM_NAME">
      <Text>Mistisizm</Text>
    </Row>
    <Row Tag="LOC_CIVIC_GAMES_RECREATION_NAME">
      <Text>Oyunlar ve Rekreasyon</Text>
    </Row>
    <Row Tag="LOC_CIVIC_POLITICAL_PHILOSOPHY_NAME">
      <Text>Siyaset Felsefesi</Text>
    </Row>
    <Row Tag="LOC_CIVIC_DRAMA_POETRY_NAME">
      <Text>Drama ve Şiir</Text>
    </Row>
    <Row Tag="LOC_CIVIC_MILITARY_TRAINING_NAME">
      <Text>Askeri Eğitim</Text>
    </Row>
    <Row Tag="LOC_CIVIC_DEFENSIVE_TACTICS_NAME">
      <Text>Savunma Taktikleri</Text>
    </Row>
    <Row Tag="LOC_CIVIC_RECORDED_HISTORY_NAME">
      <Text>Kaydedilmiş Tarih</Text>
    </Row>
    <Row Tag="LOC_CIVIC_THEOLOGY_NAME">
      <Text>Teoloji</Text>
    </Row>
    <Row Tag="LOC_CIVIC_NAVAL_TRADITION_NAME">
      <Text>Denizcilik Geleneği</Text>
    </Row>
    <Row Tag="LOC_CIVIC_FEUDALISM_NAME">
      <Text>Feodalizm</Text>
    </Row>
    <Row Tag="LOC_CIVIC_CIVIL_SERVICE_NAME">
      <Text>Kamu Hizmeti</Text>
    </Row>
    <Row Tag="LOC_CIVIC_MERCENARIES_NAME">
      <Text>Paralı Askerler</Text>
    </Row>
    <Row Tag="LOC_CIVIC_MEDIEVAL_FAIRES_NAME">
      <Text>Ortaçağ Fuarları</Text>
    </Row>
    <Row Tag="LOC_CIVIC_GUILDS_NAME">
      <Text>Loncalar</Text>
    </Row>
    <Row Tag="LOC_CIVIC_DIVINE_RIGHT_NAME">
      <Text>İlahi Hak</Text>
    </Row>
    <Row Tag="LOC_CIVIC_EXPLORATION_NAME">
      <Text>Keşif</Text>
    </Row>
    <Row Tag="LOC_CIVIC_HUMANISM_NAME">
      <Text>Hümanizm</Text>
    </Row>
    <Row Tag="LOC_CIVIC_DIPLOMATIC_SERVICE_NAME">
      <Text>Diplomatik Hizmet</Text>
    </Row>
    <Row Tag="LOC_CIVIC_REFORMED_CHURCH_NAME">
      <Text>Reform Kilisesi</Text>
    </Row>
    <Row Tag="LOC_CIVIC_MERCANTILISM_NAME">
      <Text>Merkantilizm</Text>
    </Row>
    <Row Tag="LOC_CIVIC_THE_ENLIGHTENMENT_NAME">
      <Text>Aydınlanma</Text>
    </Row>
    <Row Tag="LOC_CIVIC_COLONIALISM_NAME">
      <Text>Sömürgecilik</Text>
    </Row>
    <Row Tag="LOC_CIVIC_CIVIL_ENGINEERING_NAME">
      <Text>İnşaat Mühendisliği</Text>
    </Row>
    <Row Tag="LOC_CIVIC_NATIONALISM_NAME">
      <Text>Milliyetçilik</Text>
    </Row>
    <Row Tag="LOC_CIVIC_OPERA_BALLET_NAME">
      <Text>Opera ve Bale</Text>
    </Row>
    <Row Tag="LOC_CIVIC_NATURAL_HISTORY_NAME">
      <Text>Doğal Tarih</Text>
    </Row>
    <Row Tag="LOC_CIVIC_URBANIZATION_NAME">
      <Text>Kentleşme</Text>
    </Row>
    <Row Tag="LOC_CIVIC_SCORCHED_EARTH_NAME">
      <Text>Kavrulmuş Toprak</Text>
    </Row>
    <Row Tag="LOC_CIVIC_CONSERVATION_NAME">
      <Text>Koruma</Text>
    </Row>
    <Row Tag="LOC_CIVIC_MASS_MEDIA_NAME">
      <Text>Kitle İletişim Araçları</Text>
    </Row>
    <Row Tag="LOC_CIVIC_MOBILIZATION_NAME">
      <Text>Seferberlik</Text>
    </Row>
    <Row Tag="LOC_CIVIC_CAPITALISM_NAME">
      <Text>Kapitalizm</Text>
    </Row>
    <Row Tag="LOC_CIVIC_NUCLEAR_PROGRAM_NAME">
      <Text>Nükleer Program</Text>
    </Row>
    <Row Tag="LOC_CIVIC_IDEOLOGY_NAME">
      <Text>İdeoloji</Text>
    </Row>
    <Row Tag="LOC_CIVIC_SUFFRAGE_NAME">
      <Text>Oy Hakkı</Text>
    </Row>
    <Row Tag="LOC_CIVIC_TOTALITARIANISM_NAME">
      <Text>Totalitarizm</Text>
    </Row>
    <Row Tag="LOC_CIVIC_CLASS_STRUGGLE_NAME">
      <Text>Sınıf Mücadelesi</Text>
    </Row>
    <Row Tag="LOC_CIVIC_COLD_WAR_NAME">
      <Text>Soğuk Savaş</Text>
    </Row>
    <Row Tag="LOC_CIVIC_PROFESSIONAL_SPORTS_NAME">
      <Text>Profesyonel Sporlar</Text>
    </Row>
    <Row Tag="LOC_CIVIC_CULTURAL_HERITAGE_NAME">
      <Text>Kültürel Miras</Text>
    </Row>
    <Row Tag="LOC_CIVIC_RAPID_DEPLOYMENT_NAME">
      <Text>Hızlı Dağıtım</Text>
    </Row>
    <Row Tag="LOC_CIVIC_SPACE_RACE_NAME">
      <Text>Uzay Yarışı</Text>
    </Row>
    <Row Tag="LOC_CIVIC_SOCIAL_MEDIA_NAME">
      <Text>Sosyal Medya</Text>
    </Row>
    <Row Tag="LOC_CIVIC_GLOBALIZATION_NAME">
      <Text>Küreselleşme</Text>
    </Row>
    <Row Tag="LOC_CIVIC_FUTURE_CIVIC_NAME">
      <Text>Future Civic</Text>
    </Row>
    <!-- Civilizations-->
    <Row Tag="LOC_CIVILIZATION_AMERICA_NAME">
      <Text>Amerika</Text>
    </Row>
    <Row Tag="LOC_CIVILIZATION_ARABIA_NAME">
      <Text>Arabistan</Text>
    </Row>
    <Row Tag="LOC_CIVILIZATION_BARBARIAN_NAME">
      <Text>Barbarlar</Text>
    </Row>
    <Row Tag="LOC_CIVILIZATION_BRAZIL_NAME">
      <Text>Brezilya</Text>
    </Row>
    <Row Tag="LOC_CIVILIZATION_CHINA_NAME">
      <Text>Çin</Text>
    </Row>
    <Row Tag="LOC_CIVILIZATION_EGYPT_NAME">
      <Text>Mısır</Text>
    </Row>
    <Row Tag="LOC_CIVILIZATION_ENGLAND_NAME">
      <Text>İngiltere</Text>
    </Row>
    <Row Tag="LOC_CIVILIZATION_FRANCE_NAME">
      <Text>Fransa</Text>
    </Row>
    <Row Tag="LOC_CIVILIZATION_GERMANY_NAME">
      <Text>Almanya</Text>
    </Row>
    <Row Tag="LOC_CIVILIZATION_GREECE_NAME">
      <Text>Yunanistan</Text>
    </Row>
    <Row Tag="LOC_CIVILIZATION_INDIA_NAME">
      <Text>Hindistan</Text>
    </Row>
    <Row Tag="LOC_CIVILIZATION_JAPAN_NAME">
      <Text>Japonya</Text>
    </Row>
    <Row Tag="LOC_CIVILIZATION_KONGO_NAME">
      <Text>Kongo</Text>
    </Row>
    <Row Tag="LOC_CIVILIZATION_NORWAY_NAME">
      <Text>Norveç</Text>
    </Row>
    <Row Tag="LOC_CIVILIZATION_ROME_NAME">
      <Text>Roma</Text>
    </Row>
    <Row Tag="LOC_CIVILIZATION_RUSSIA_NAME">
      <Text>Rusya</Text>
    </Row>
    <Row Tag="LOC_CIVILIZATION_SCYTHIA_NAME">
      <Text>İskitya</Text>
    </Row>
    <Row Tag="LOC_CIVILIZATION_SPAIN_NAME">
      <Text>İspanya</Text>
    </Row>
    <Row Tag="LOC_CIVILIZATION_SUMERIA_NAME">
      <Text>Sümer</Text>
    </Row>
    <!--City-States-->
    <Row Tag="LOC_CIVILIZATION_AMSTERDAM_NAME">
      <Text>Amsterdam</Text>
    </Row>
    <Row Tag="LOC_CIVILIZATION_BANDAR_BRUNEI_NAME">
      <Text>Bandar Brunei</Text>
    </Row>
    <Row Tag="LOC_CIVILIZATION_BRUSSELS_NAME">
      <Text>Brüksel</Text>
    </Row>
    <Row Tag="LOC_CIVILIZATION_BUENOS_AIRES_NAME">
      <Text>Buenos Aires</Text>
    </Row>
    <Row Tag="LOC_CIVILIZATION_CARTHAGE_NAME">
      <Text>Kartaca</Text>
    </Row>
    <Row Tag="LOC_CIVILIZATION_GENEVA_NAME">
      <Text>Cenevre</Text>
    </Row>
    <Row Tag="LOC_CIVILIZATION_HATTUSA_NAME">
      <Text>Hattuşa</Text>
    </Row>
    <Row Tag="LOC_CIVILIZATION_HONG_KONG_NAME">
      <Text>Hong Kong</Text>
    </Row>
    <Row Tag="LOC_CIVILIZATION_JAKARTA_NAME">
      <Text>Cakarta</Text>
    </Row>
    <Row Tag="LOC_CIVILIZATION_JERUSALEM_NAME">
      <Text>Kudüs</Text>
    </Row>
    <Row Tag="LOC_CIVILIZATION_KABUL_NAME">
      <Text>Kabil</Text>
    </Row>
    <Row Tag="LOC_CIVILIZATION_KANDY_NAME">
      <Text>Kandy</Text>
    </Row>
    <Row Tag="LOC_CIVILIZATION_KUMASI_NAME">
      <Text>Kumasi</Text>
    </Row>
    <Row Tag="LOC_CIVILIZATION_LA_VENTA_NAME">
      <Text>La Venta</Text>
    </Row>
    <Row Tag="LOC_CIVILIZATION_LISBON_NAME">
      <Text>Mogadişu</Text>
    </Row>
    <Row Tag="LOC_CIVILIZATION_MOHENJO_DARO_NAME">
      <Text>Mohenjo-Daro</Text>
    </Row>
    <Row Tag="LOC_CIVILIZATION_PRESLAV_NAME">
      <Text>Preslav</Text>
    </Row>
    <Row Tag="LOC_CIVILIZATION_NAN_MADOL_NAME">
      <Text>Nan Madol</Text>
    </Row>
    <Row Tag="LOC_CIVILIZATION_SEOUL_NAME">
      <Text>Seul</Text>
    </Row>
    <Row Tag="LOC_CIVILIZATION_STOCKHOLM_NAME">
      <Text>Stockholm</Text>
    </Row>
    <Row Tag="LOC_CIVILIZATION_TORONTO_NAME">
      <Text>Toronto</Text>
    </Row>
    <Row Tag="LOC_CIVILIZATION_VALLETTA_NAME">
      <Text>Valletta</Text>
    </Row>
    <Row Tag="LOC_CIVILIZATION_VILNIUS_NAME">
      <Text>Vilnius</Text>
    </Row>
    <Row Tag="LOC_CIVILIZATION_YEREVAN_NAME">
      <Text>Yerevan</Text>
    </Row>
    <Row Tag="LOC_CIVILIZATION_ZANZIBAR_NAME">
      <Text>Zanzibar</Text>
    </Row>
    <!--Continents-->
    <Row Tag="LOC_CONTINENT_AFRICA_DESCRIPTION">
      <Text>Afrika</Text>
    </Row>
    <Row Tag="LOC_CONTINENT_AMASIA_DESCRIPTION">
      <Text>Amasia</Text>
    </Row>
    <Row Tag="LOC_CONTINENT_AMERICA_DESCRIPTION">
      <Text>Amerika</Text>
    </Row>
    <Row Tag="LOC_CONTINENT_ANTARCTICA_DESCRIPTION">
      <Text>Antarktika</Text>
    </Row>
    <Row Tag="LOC_CONTINENT_ARCTICA_DESCRIPTION">
      <Text>Arctica</Text>
    </Row>
    <Row Tag="LOC_CONTINENT_ASIA_DESCRIPTION">
      <Text>Asya</Text>
    </Row>
    <Row Tag="LOC_CONTINENT_ASIAMERICA_DESCRIPTION">
      <Text>Asyaamerika</Text>
    </Row>
    <Row Tag="LOC_CONTINENT_ATLANTICA_DESCRIPTION">
      <Text>Atlantica</Text>
    </Row>
    <Row Tag="LOC_CONTINENT_ATLANTIS_DESCRIPTION">
      <Text>Atlantis</Text>
    </Row>
    <Row Tag="LOC_CONTINENT_AUSTRALIA_DESCRIPTION">
      <Text>Avustralya</Text>
    </Row>
    <Row Tag="LOC_CONTINENT_AVALONIA_DESCRIPTION">
      <Text>Avalonia</Text>
    </Row>
    <Row Tag="LOC_CONTINENT_AZANIA_DESCRIPTION">
      <Text>Azania</Text>
    </Row>
    <Row Tag="LOC_CONTINENT_BALTICA_DESCRIPTION">
      <Text>Baltica</Text>
    </Row>
    <Row Tag="LOC_CONTINENT_CIMMERIA_DESCRIPTION">
      <Text>Cimmeria</Text>
    </Row>
    <Row Tag="LOC_CONTINENT_COLUMBIA_DESCRIPTION">
      <Text>Columbia</Text>
    </Row>
    <Row Tag="LOC_CONTINENT_CONGO_CRATON_DESCRIPTION">
      <Text>Kongo Kratonu</Text>
    </Row>
    <Row Tag="LOC_CONTINENT_EURAMERICA_DESCRIPTION">
      <Text>Avroamerika</Text>
    </Row>
    <Row Tag="LOC_CONTINENT_EUROPE_DESCRIPTION">
      <Text>Avrupa</Text>
    </Row>
    <Row Tag="LOC_CONTINENT_GONDWANA_DESCRIPTION">
      <Text>Gondwana</Text>
    </Row>
    <Row Tag="LOC_CONTINENT_KALAHARIA_DESCRIPTION">
      <Text>Kalaharia</Text>
    </Row>
    <Row Tag="LOC_CONTINENT_KAZAKHSTANIA_DESCRIPTION">
      <Text>Kazakistan</Text>
    </Row>
    <Row Tag="LOC_CONTINENT_KERNORLAND_DESCRIPTION">
      <Text>Kernorland</Text>
    </Row>
    <Row Tag="LOC_CONTINENT_KUMARI_KANDAM_DESCRIPTION">
      <Text>Kumari Kandam</Text>
    </Row>
    <Row Tag="LOC_CONTINENT_LAURASIA_DESCRIPTION">
      <Text>Laurasia</Text>
    </Row>
    <Row Tag="LOC_CONTINENT_LAURENTIA_DESCRIPTION">
      <Text>Laurentia</Text>
    </Row>
    <Row Tag="LOC_CONTINENT_LEMURIA_DESCRIPTION">
      <Text>Lemurya</Text>
    </Row>
    <Row Tag="LOC_CONTINENT_MU_DESCRIPTION">
      <Text>Mu</Text>
    </Row>
    <Row Tag="LOC_CONTINENT_NENA_DESCRIPTION">
      <Text>Nena</Text>
    </Row>
    <Row Tag="LOC_CONTINENT_NORTH_AMERICA_DESCRIPTION">
      <Text>Kuzey Amerika</Text>
    </Row>
    <Row Tag="LOC_CONTINENT_NOVOPANGAEA_DESCRIPTION">
      <Text>Novopangaea</Text>
    </Row>
    <Row Tag="LOC_CONTINENT_NUNA_DESCRIPTION">
      <Text>Nuna</Text>
    </Row>
    <Row Tag="LOC_CONTINENT_OCEANIA_DESCRIPTION">
      <Text>Okyanusya</Text>
    </Row>
    <Row Tag="LOC_CONTINENT_PANGAEA_DESCRIPTION">
      <Text>Pangaea</Text>
    </Row>
    <Row Tag="LOC_CONTINENT_PANGAEA_ULTIMA_DESCRIPTION">
      <Text>Pangaea Ultima</Text>
    </Row>
    <Row Tag="LOC_CONTINENT_PANNOTIA_DESCRIPTION">
      <Text>Pannotia</Text>
    </Row>
    <Row Tag="LOC_CONTINENT_RODINIA_DESCRIPTION">
      <Text>Rodinia</Text>
    </Row>
    <Row Tag="LOC_CONTINENT_SIBERIA_DESCRIPTION">
      <Text>Sibirya</Text>
    </Row>
    <Row Tag="LOC_CONTINENT_SOUTH_AMERICA_DESCRIPTION">
      <Text>Güney Amerika</Text>
    </Row>
    <Row Tag="LOC_CONTINENT_TERRA_AUSTRALIS_DESCRIPTION">
      <Text>Terra Australis</Text>
    </Row>
    <Row Tag="LOC_CONTINENT_UR_DESCRIPTION">
      <Text>Ur</Text>
    </Row>
    <Row Tag="LOC_CONTINENT_VAALBARA_DESCRIPTION">
      <Text>Vaalbara</Text>
    </Row>
    <Row Tag="LOC_CONTINENT_VENDIAN_DESCRIPTION">
      <Text>Vendian</Text>
    </Row>
    <Row Tag="LOC_CONTINENT_ZEALANDIA_DESCRIPTION">
      <Text>Zealandia</Text>
    </Row>
    <!--Diplomatic States-->
    <Row Tag="LOC_DIPLO_STATE_ALLIED_NAME">
      <Text>Müttefik</Text>
    </Row>
    <Row Tag="LOC_DIPLO_STATE_DECLARED_FRIEND_NAME">
      <Text>İlan Edilmiş Arkadaş</Text>
    </Row>
    <Row Tag="LOC_DIPLO_STATE_FRIENDLY_NAME">
      <Text>Dostça</Text>
    </Row>
    <Row Tag="LOC_DIPLO_STATE_NEUTRAL_NAME">
      <Text>Nötr</Text>
    </Row>
    <Row Tag="LOC_DIPLO_STATE_UNFRIENDLY_NAME">
      <Text>Düşmanca</Text>
    </Row>
    <Row Tag="LOC_DIPLO_STATE_DENOUNCED_NAME">
      <Text>İhbar Edildi</Text>
    </Row>
    <Row Tag="LOC_DIPLO_STATE_WAR_NAME">
      <Text>Savaşta</Text>
    </Row>
    <Row Tag="LOC_DIPLO_STATE_NO_INFLUENCE_NAME">
      <Text>Etki Olmadan</Text>
    </Row>
    <Row Tag="LOC_DIPLO_STATE_INFLUENTIAL_NAME">
      <Text>Bazı Etkiler</Text>
    </Row>
    <Row Tag="LOC_DIPLO_STATE_MAX_INFLUENCE_NAME">
      <Text>Maksimum Etki</Text>
    </Row>
    <Row Tag="LOC_DIPLO_STATE_WAR_WITH_MINOR_NAME">
      <Text>Savaşta</Text>
    </Row>
    <Row Tag="LOC_DIPLO_STATE_AWARE_NAME">
      <Text>Kim olduklarını biliyoruz</Text>
    </Row>
    <Row Tag="LOC_DIPLO_STATE_PATRON_NAME">
      <Text>Biraz etkileri var</Text>
    </Row>
    <Row Tag="LOC_DIPLO_STATE_PROTECTOR_NAME">
      <Text>Onlar bizim koruyucularımız</Text>
    </Row>
    <Row Tag="LOC_DIPLO_STATE_WAR_WITH_MAJOR_NAME">
      <Text>Savaşta</Text>
    </Row>
    <Row Tag="LOC_DIPLO_STATE_MINOR_MINOR_NAME">
      <Text>Seni gördüm.</Text>
    </Row>
    <Row Tag="LOC_DIPLO_STATE_MINOR_MINOR_WAR_NAME">
      <Text>Küçük uygarlıklar savaşta</Text>
    </Row>
    <!-- Districts -->
    <Row Tag="LOC_DISTRICT_AERODROME_NAME">
      <Text>Havaalanı
 	 	 	 Eril:an</Text>
      <Gender>Masculine:an</Gender>
    </Row>
    <Row Tag="LOC_DISTRICT_CAMPUS_NAME">
      <Text>Kampüs</Text>
    </Row>
    <Row Tag="LOC_DISTRICT_CITY_CENTER_NAME">
      <Text>Şehir Merkezi</Text>
    </Row>
    <Row Tag="LOC_DISTRICT_COMMERCIAL_HUB_NAME">
      <Text>Ticari Merkez</Text>
    </Row>
    <Row Tag="LOC_DISTRICT_ENCAMPMENT_NAME">
      <Text>Kamp
 	 	 	 Eril:an</Text>
      <Gender>Masculine:an</Gender>
    </Row>
    <Row Tag="LOC_DISTRICT_ENTERTAINMENT_COMPLEX_NAME">
      <Text>Eğlence Kompleksi
 	 	 	 Eril:an</Text>
      <Gender>Masculine:an</Gender>
    </Row>
    <Row Tag="LOC_DISTRICT_HARBOR_NAME">
      <Text>Liman</Text>
    </Row>
    <Row Tag="LOC_DISTRICT_HOLY_SITE_NAME">
      <Text>Kutsal Mekan</Text>
    </Row>
    <Row Tag="LOC_DISTRICT_THEATER_NAME">
      <Text>Tiyatro Meydanı</Text>
    </Row>
    <Row Tag="LOC_DISTRICT_INDUSTRIAL_ZONE_NAME">
      <Text>Sanayi Bölgesi
 	 	 	 Eril:an</Text>
      <Gender>Masculine:an</Gender>
    </Row>
    <Row Tag="LOC_DISTRICT_NEIGHBORHOOD_NAME">
      <Text>Mahalle</Text>
    </Row>
    <Row Tag="LOC_DISTRICT_AQUEDUCT_NAME">
      <Text>Su kemeri
 	 	 	 Eril:an</Text>
      <Gender>Masculine:an</Gender>
    </Row>
    <Row Tag="LOC_DISTRICT_SPACEPORT_NAME">
      <Text>Uzay limanı</Text>
    </Row>
    <Row Tag="LOC_DISTRICT_ACROPOLIS_NAME">
      <Text>Akropolis
 	 	 	 Eril:an</Text>
      <Gender>Masculine:an</Gender>
    </Row>
    <Row Tag="LOC_DISTRICT_BATH_NAME">
      <Text>Banyo</Text>
    </Row>
    <Row Tag="LOC_DISTRICT_HANSA_NAME">
      <Text>Hansa</Text>
    </Row>
    <Row Tag="LOC_DISTRICT_LAVRA_NAME">
      <Text>Lavra</Text>
    </Row>
    <Row Tag="LOC_DISTRICT_MBANZA_NAME">
      <Text>Mbanza</Text>
    </Row>
    <Row Tag="LOC_DISTRICT_STREET_CARNIVAL_NAME">
      <Text>Sokak Karnavalı</Text>
    </Row>
    <Row Tag="LOC_DISTRICT_ROYAL_NAVY_DOCKYARD_NAME">
      <Text>Kraliyet Donanması Tersanesi</Text>
    </Row>
    <!-- Eras-->
    <Row Tag="LOC_ERA_ANCIENT_NAME">
      <Text>Antik Çağ</Text>
    </Row>
    <Row Tag="LOC_ERA_CLASSICAL_NAME">
      <Text>Klasik Dönem</Text>
    </Row>
    <Row Tag="LOC_ERA_MEDIEVAL_NAME">
      <Text>Ortaçağ Dönemi</Text>
    </Row>
    <Row Tag="LOC_ERA_RENAISSANCE_NAME">
      <Text>Rönesans Dönemi</Text>
    </Row>
    <Row Tag="LOC_ERA_INDUSTRIAL_NAME">
      <Text>Endüstriyel Dönem</Text>
    </Row>
    <Row Tag="LOC_ERA_MODERN_NAME">
      <Text>Modern Dönem</Text>
    </Row>
    <Row Tag="LOC_ERA_ATOMIC_NAME">
      <Text>Atom Çağı</Text>
    </Row>
    <Row Tag="LOC_ERA_INFORMATION_NAME">
      <Text>Bilgi Çağı</Text>
    </Row>
    <!--Game Speeds-->
    <Row Tag="LOC_GAME_SPEED">
      <Text>Oyun Hızı</Text>
    </Row>
    <Row Tag="LOC_GAMESPEED_MARATHON_NAME">
      <Text>Maraton</Text>
    </Row>
    <Row Tag="LOC_GAMESPEED_EPIC_NAME">
      <Text>Destansı</Text>
    </Row>
    <Row Tag="LOC_GAMESPEED_STANDARD_NAME">
      <Text>Standart</Text>
    </Row>
    <Row Tag="LOC_GAMESPEED_QUICK_NAME">
      <Text>Hızlı</Text>
    </Row>
    <Row Tag="LOC_GAMESPEED_ONLINE_NAME">
      <Text>Çevrimiçi</Text>
    </Row>
    <!-- Map Scripts -->
    <Row Tag="LOC_MAP_CONTINENTS">
      <Text>Kıtalar</Text>
    </Row>
    <Row Tag="LOC_MAP_FRACTAL">
      <Text>Fraktal</Text>
    </Row>
    <Row Tag="LOC_MAP_INLANDSEA">
      <Text>İç Deniz</Text>
    </Row>
    <Row Tag="LOC_MAP_ISLAND_PLATES">
      <Text>Ada Tabakları</Text>
    </Row>
    <Row Tag="LOC_MAP_LAKES">
      <Text>Göller</Text>
    </Row>
    <Row Tag="LOC_MAP_MIRROR">
      <Text>Ayna</Text>
    </Row>
    <Row Tag="LOC_MAP_PANGAEA">
      <Text>Pangaea</Text>
    </Row>
    <Row Tag="LOC_MAP_SEVEN_SEAS">
      <Text>Yedi Denizler</Text>
    </Row>
    <Row Tag="LOC_MAP_SMALL_CONTINENTS">
      <Text>Küçük Kıtalar</Text>
    </Row>
    <Row Tag="LOC_MAP_SHUFFLE">
      <Text>Karıştır</Text>
    </Row>
    <Row Tag="LOC_MAP_TERRA">
      <Text>Terra</Text>
    </Row>
    <!-- Map Sizes -->
    <Row Tag="LOC_MAP_SIZE">
      <Text>Harita Boyutu</Text>
    </Row>
    <Row Tag="LOC_MAPSIZE_DUEL_NAME">
      <Text>Düello</Text>
    </Row>
    <Row Tag="LOC_MAPSIZE_TINY_NAME">
      <Text>Küçük</Text>
    </Row>
    <Row Tag="LOC_MAPSIZE_SMALL_NAME">
      <Text>Küçük</Text>
    </Row>
    <Row Tag="LOC_MAPSIZE_STANDARD_NAME">
      <Text>Standart</Text>
    </Row>
    <Row Tag="LOC_MAPSIZE_LARGE_NAME">
      <Text>Büyük</Text>
    </Row>
    <Row Tag="LOC_MAPSIZE_HUGE_NAME">
      <Text>Çok büyük</Text>
    </Row>
    <!-- Features -->
    <Row Tag="LOC_FEATURE_FLOODPLAINS_NAME">
      <Text>Taşkın Alanları</Text>
    </Row>
    <Row Tag="LOC_FEATURE_FOREST_NAME">
      <Text>Woods</Text>
    </Row>
    <Row Tag="LOC_FEATURE_ICE_NAME">
      <Text>Buz</Text>
    </Row>
    <Row Tag="LOC_FEATURE_JUNGLE_NAME">
      <Text>Yağmur Ormanı</Text>
    </Row>
    <Row Tag="LOC_FEATURE_MARSH_NAME">
      <Text>Marsh</Text>
    </Row>
    <Row Tag="LOC_FEATURE_OASIS_NAME">
      <Text>Oasis</Text>
    </Row>
    <!-- Features: Natural Wonders -->
    <Row Tag="LOC_FEATURE_BARRIER_REEF_NAME">
      <Text>Büyük Set Resifi</Text>
    </Row>
    <Row Tag="LOC_FEATURE_CLIFFS_DOVER_NAME">
      <Text>Dover Kayalıkları</Text>
    </Row>
    <Row Tag="LOC_FEATURE_CRATER_LAKE_NAME">
      <Text>Krater Gölü</Text>
    </Row>
    <Row Tag="LOC_FEATURE_DEAD_SEA_NAME">
      <Text>Ölü Deniz</Text>
    </Row>
    <Row Tag="LOC_FEATURE_EVEREST_NAME">
      <Text>Everest Dağı</Text>
    </Row>
    <Row Tag="LOC_FEATURE_GALAPAGOS_NAME">
      <Text>Galápagos Adaları</Text>
    </Row>
    <Row Tag="LOC_FEATURE_GRAND_CANYON">
      <Text>Büyük Kanyon</Text>
    </Row>
    <Row Tag="LOC_FEATURE_KILIMANJARO_NAME">
      <Text>Kilimanjaro Dağı</Text>
    </Row>
    <Row Tag="LOC_FEATURE_PANTANAL_NAME">
      <Text>Pantanal</Text>
    </Row>
    <Row Tag="LOC_FEATURE_PIOPIOTAHI_NAME">
      <Text>Piopiotahi</Text>
    </Row>
    <Row Tag="LOC_FEATURE_TORRES_DEL_PAINE_NAME">
      <Text>Torres del Paine</Text>
    </Row>
    <Row Tag="LOC_FEATURE_TSINGY_NAME">
      <Text>Tsingy de Bemaraha</Text>
    </Row>
    <Row Tag="LOC_FEATURE_YOSEMITE_NAME">
      <Text>Yosemite</Text>
    </Row>
    <!-- Great People Individuals-->
    <Row Tag="LOC_GREAT_PERSON_INDIVIDUAL_BOUDICA_NAME">
      <Text>Boudica</Text>
    </Row>
    <Row Tag="LOC_GREAT_PERSON_INDIVIDUAL_HANNIBAL_BARCA_NAME">
      <Text>Hannibal Barca</Text>
    </Row>
    <Row Tag="LOC_GREAT_PERSON_INDIVIDUAL_SUN_TZU_NAME">
      <Text>Sun Tzu</Text>
    </Row>
    <Row Tag="LOC_GREAT_PERSON_INDIVIDUAL_AETHELFLAED_NAME">
      <Text>Æthelflæd</Text>
    </Row>
    <Row Tag="LOC_GREAT_PERSON_INDIVIDUAL_EL_CID_NAME">
      <Text>El Cid</Text>
    </Row>
    <Row Tag="LOC_GREAT_PERSON_INDIVIDUAL_GENGHIS_KHAN_NAME">
      <Text>Cengiz Han</Text>
    </Row>
    <Row Tag="LOC_GREAT_PERSON_INDIVIDUAL_GUSTAVUS_ADOLPHUS_NAME">
      <Text>Gustavus Adolphus</Text>
    </Row>
    <Row Tag="LOC_GREAT_PERSON_INDIVIDUAL_JOAN_OF_ARC_NAME">
      <Text>Jeanne d'Arc</Text>
    </Row>
    <Row Tag="LOC_GREAT_PERSON_INDIVIDUAL_ANA_NZINGA_NAME">
      <Text>Ana Nzinga</Text>
    </Row>
    <Row Tag="LOC_GREAT_PERSON_INDIVIDUAL_NAPOLEON_BONAPARTE_NAME">
      <Text>Napoleon Bonaparte</Text>
    </Row>
    <Row Tag="LOC_GREAT_PERSON_INDIVIDUAL_RANI_LAKSHMIBAI_NAME">
      <Text>Rani Lakshmibai</Text>
    </Row>
    <Row Tag="LOC_GREAT_PERSON_INDIVIDUAL_JOSE_DE_SAN_MARTIN_NAME">
      <Text>José de San Martín</Text>
    </Row>
    <Row Tag="LOC_GREAT_PERSON_INDIVIDUAL_JOHN_MONASH_NAME">
      <Text>John Monash</Text>
    </Row>
    <Row Tag="LOC_GREAT_PERSON_INDIVIDUAL_MARINA_RASKOVA_NAME">
      <Text>Marina Raskova</Text>
    </Row>
    <Row Tag="LOC_GREAT_PERSON_INDIVIDUAL_SAMORI_TURE_NAME">
      <Text>Samori Touré</Text>
    </Row>
    <Row Tag="LOC_GREAT_PERSON_INDIVIDUAL_DWIGHT_EISENHOWER_NAME">
      <Text>Dwight Eisenhower</Text>
    </Row>
    <Row Tag="LOC_GREAT_PERSON_INDIVIDUAL_GEORGY_ZHUKOV_NAME">
      <Text>Georgy Zhukov</Text>
    </Row>
    <Row Tag="LOC_GREAT_PERSON_INDIVIDUAL_DOUGLAS_MACARTHUR_NAME">
      <Text>Douglas MacArthur</Text>
    </Row>
    <Row Tag="LOC_GREAT_PERSON_INDIVIDUAL_SUDIRMAN_NAME">
      <Text>Sudirman</Text>
    </Row>
    <Row Tag="LOC_GREAT_PERSON_INDIVIDUAL_AHMAD_SHAH_MASSOUD_NAME">
      <Text>Ahmad Shah Massoud</Text>
    </Row>
    <Row Tag="LOC_GREAT_PERSON_INDIVIDUAL_VIJAYA_WIMALARATNE_NAME">
      <Text>Vijaya Wimalaratne</Text>
    </Row>
    <Row Tag="LOC_GREAT_PERSON_INDIVIDUAL_ARTEMISIA_NAME">
      <Text>Artemisia</Text>
    </Row>
    <Row Tag="LOC_GREAT_PERSON_INDIVIDUAL_GAIUS_DUILIUS_NAME">
      <Text>Gaius Duilius</Text>
    </Row>
    <Row Tag="LOC_GREAT_PERSON_INDIVIDUAL_THEMISTOCLES_NAME">
      <Text>Themistocles</Text>
    </Row>
    <Row Tag="LOC_GREAT_PERSON_INDIVIDUAL_LEIF_ERIKSON_NAME">
      <Text>Leif Erikson</Text>
    </Row>
    <Row Tag="LOC_GREAT_PERSON_INDIVIDUAL_RAJENDRA_CHOLA_NAME">
      <Text>Rajendra Chola</Text>
    </Row>
    <Row Tag="LOC_GREAT_PERSON_INDIVIDUAL_ZHENG_HE_NAME">
      <Text>Zheng He</Text>
    </Row>
    <Row Tag="LOC_GREAT_PERSON_INDIVIDUAL_FRANCIS_DRAKE_NAME">
      <Text>Francis Drake</Text>
    </Row>
    <Row Tag="LOC_GREAT_PERSON_INDIVIDUAL_SANTA_CRUZ_NAME">
      <Text>Santa Cruz</Text>
    </Row>
    <Row Tag="LOC_GREAT_PERSON_INDIVIDUAL_YI_SUN_SIN_NAME">
      <Text>Yi Sun-sin</Text>
    </Row>
    <Row Tag="LOC_GREAT_PERSON_INDIVIDUAL_CHING_SHIH_NAME">
      <Text>Ching Shih</Text>
    </Row>
    <Row Tag="LOC_GREAT_PERSON_INDIVIDUAL_HORATIO_NELSON_NAME">
      <Text>Horatio Nelson</Text>
    </Row>
    <Row Tag="LOC_GREAT_PERSON_INDIVIDUAL_LASKARINA_BOUBOULINA_NAME">
      <Text>Laskarina Bouboulina</Text>
    </Row>
    <Row Tag="LOC_GREAT_PERSON_INDIVIDUAL_FRANZ_VON_HIPPER_NAME">
      <Text>Franz von Hipper</Text>
    </Row>
    <Row Tag="LOC_GREAT_PERSON_INDIVIDUAL_JOAQUIM_MARQUES_LISBOA_NAME">
      <Text>Joaquim Marques Lisboa</Text>
    </Row>
    <Row Tag="LOC_GREAT_PERSON_INDIVIDUAL_TOGO_HEIHACHIRO_NAME">
      <Text>Togo Heihachiro</Text>
    </Row>
    <Row Tag="LOC_GREAT_PERSON_INDIVIDUAL_CHESTER_NIMITZ_NAME">
      <Text>Chester Nimitz</Text>
    </Row>
    <Row Tag="LOC_GREAT_PERSON_INDIVIDUAL_GRACE_HOPPER_NAME">
      <Text>Grace Hopper</Text>
    </Row>
    <Row Tag="LOC_GREAT_PERSON_INDIVIDUAL_SERGEY_GORSHKOV_NAME">
      <Text>Sergei Gorshkov</Text>
    </Row>
    <Row Tag="LOC_GREAT_PERSON_INDIVIDUAL_CLANCY_FERNANDO_NAME">
      <Text>Clancy Fernando</Text>
    </Row>
    <Row Tag="LOC_GREAT_PERSON_INDIVIDUAL_BI_SHENG_NAME">
      <Text>Bi Sheng</Text>
    </Row>
    <Row Tag="LOC_GREAT_PERSON_INDIVIDUAL_ISIDORE_OF_MILETUS_NAME">
      <Text>Miletoslu Isidore</Text>
    </Row>
    <Row Tag="LOC_GREAT_PERSON_INDIVIDUAL_JAMES_OF_ST_GEORGE_NAME">
      <Text>St. George'lu James</Text>
    </Row>
    <Row Tag="LOC_GREAT_PERSON_INDIVIDUAL_FILIPPO_BRUNELLESCHI_NAME">
      <Text>Filippo Brunelleschi</Text>
    </Row>
    <Row Tag="LOC_GREAT_PERSON_INDIVIDUAL_LEONARDO_DA_VINCI_NAME">
      <Text>Leonardo da Vinci</Text>
    </Row>
    <Row Tag="LOC_GREAT_PERSON_INDIVIDUAL_MIMAR_SINAN_NAME">
      <Text>Mimar Sinan</Text>
    </Row>
    <Row Tag="LOC_GREAT_PERSON_INDIVIDUAL_ADA_LOVELACE_NAME">
      <Text>Ada Lovelace</Text>
    </Row>
    <Row Tag="LOC_GREAT_PERSON_INDIVIDUAL_GUSTAVE_EIFFEL_NAME">
      <Text>Gustave Eiffel</Text>
    </Row>
    <Row Tag="LOC_GREAT_PERSON_INDIVIDUAL_JAMES_WATT_NAME">
      <Text>James Watt</Text>
    </Row>
    <Row Tag="LOC_GREAT_PERSON_INDIVIDUAL_ALVAR_AALTO_NAME">
      <Text>Alvar Aalto</Text>
    </Row>
    <Row Tag="LOC_GREAT_PERSON_INDIVIDUAL_NIKOLA_TESLA_NAME">
      <Text>Nikola Tesla</Text>
    </Row>
    <Row Tag="LOC_GREAT_PERSON_INDIVIDUAL_ROBERT_GODDARD_NAME">
      <Text>Robert Goddard</Text>
    </Row>
    <Row Tag="LOC_GREAT_PERSON_INDIVIDUAL_JOHN_A_ROEBLING_NAME">
      <Text>John Roebling</Text>
    </Row>
    <Row Tag="LOC_GREAT_PERSON_INDIVIDUAL_JANE_DREW_NAME">
      <Text>Jane Drew</Text>
    </Row>
    <Row Tag="LOC_GREAT_PERSON_INDIVIDUAL_SERGEI_KOROLEV_NAME">
      <Text>Sergei Korolev</Text>
    </Row>
    <Row Tag="LOC_GREAT_PERSON_INDIVIDUAL_CHARLES_CORREA_NAME">
      <Text>Charles Correa</Text>
    </Row>
    <Row Tag="LOC_GREAT_PERSON_INDIVIDUAL_JOSEPH_PAXTON_NAME">
      <Text>Joseph Paxton</Text>
    </Row>
    <Row Tag="LOC_GREAT_PERSON_INDIVIDUAL_WERNHER_VON_BRAUN_NAME">
      <Text>Wernher von Braun</Text>
    </Row>
    <Row Tag="LOC_GREAT_PERSON_INDIVIDUAL_COLAEUS_NAME">
      <Text>Colaeus</Text>
    </Row>
    <Row Tag="LOC_GREAT_PERSON_INDIVIDUAL_MARCUS_LICINIUS_CRASSUS_NAME">
      <Text>Marcus Licinius Crassus</Text>
    </Row>
    <Row Tag="LOC_GREAT_PERSON_INDIVIDUAL_ZHANG_QIAN_NAME">
      <Text>Zhang Qian</Text>
    </Row>
    <Row Tag="LOC_GREAT_PERSON_INDIVIDUAL_MARCO_POLO_NAME">
      <Text>Marco Polo</Text>
    </Row>
    <Row Tag="LOC_GREAT_PERSON_INDIVIDUAL_PIERO_DE_BARDI_NAME">
      <Text>Piero de' Bardi</Text>
    </Row>
    <Row Tag="LOC_GREAT_PERSON_INDIVIDUAL_IRENE_OF_ATHENS_NAME">
      <Text>Atinalı Irene</Text>
    </Row>
    <Row Tag="LOC_GREAT_PERSON_INDIVIDUAL_GIOVANNI_DE_MEDICI_NAME">
      <Text>Giovanni de' Medici</Text>
    </Row>
    <Row Tag="LOC_GREAT_PERSON_INDIVIDUAL_JAKOB_FUGGER_NAME">
      <Text>Jakob Fugger</Text>
    </Row>
    <Row Tag="LOC_GREAT_PERSON_INDIVIDUAL_RAJA_TODAR_MAL_NAME">
      <Text>Raja Todar Mal</Text>
    </Row>
    <Row Tag="LOC_GREAT_PERSON_INDIVIDUAL_ADAM_SMITH_NAME">
      <Text>Adam Smith</Text>
    </Row>
    <Row Tag="LOC_GREAT_PERSON_INDIVIDUAL_JOHN_SPILSBURY">
      <Text>John Spilsbury</Text>
    </Row>
    <Row Tag="LOC_GREAT_PERSON_INDIVIDUAL_JOHN_JACOB_ASTOR_NAME">
      <Text>John Jacob Astor</Text>
    </Row>
    <Row Tag="LOC_GREAT_PERSON_INDIVIDUAL_LEVI_STRAUSS_NAME">
      <Text>Levi Strauss</Text>
    </Row>
    <Row Tag="LOC_GREAT_PERSON_INDIVIDUAL_JOHN_ROCKEFELLER_NAME">
      <Text>John Rockefeller</Text>
    </Row>
    <Row Tag="LOC_GREAT_PERSON_INDIVIDUAL_SARAH_BREEDLOVE_NAME">
      <Text>Sarah Breedlove</Text>
    </Row>
    <Row Tag="LOC_GREAT_PERSON_INDIVIDUAL_HELENA_RUBINSTEIN_NAME">
      <Text>Helena Rubinstein</Text>
    </Row>
    <Row Tag="LOC_GREAT_PERSON_INDIVIDUAL_MELITTA_BENTZ">
      <Text>Melitta Bentz</Text>
    </Row>
    <Row Tag="LOC_GREAT_PERSON_INDIVIDUAL_MARY_KATHERINE_GODDARD_NAME">
      <Text>Mary Katherine Goddard</Text>
    </Row>
    <Row Tag="LOC_GREAT_PERSON_INDIVIDUAL_ESTEE_LAUDER">
      <Text>Estée Lauder</Text>
    </Row>
    <Row Tag="LOC_GREAT_PERSON_INDIVIDUAL_MASARU_IBUKA_NAME">
      <Text>Masaru Ibuka</Text>
    </Row>
    <Row Tag="LOC_GREAT_PERSON_INDIVIDUAL_JAMSETJI_TATA_NAME">
      <Text>Jamsetji Tata</Text>
    </Row>
    <Row Tag="LOC_GREAT_PERSON_INDIVIDUAL_JOHN_THE_BAPTIST_NAME">
      <Text>Vaftizci Yahya</Text>
    </Row>
    <Row Tag="LOC_GREAT_PERSON_INDIVIDUAL_CONFUCIUS_NAME">
      <Text>Konfüçyüs</Text>
    </Row>
    <Row Tag="LOC_GREAT_PERSON_INDIVIDUAL_ZOROASTER_NAME">
      <Text>Zerdüşt</Text>
    </Row>
    <Row Tag="LOC_GREAT_PERSON_INDIVIDUAL_SIDDHARTHA_GAUTAMA_NAME">
      <Text>Siddhartha Gautama</Text>
    </Row>
    <Row Tag="LOC_GREAT_PERSON_INDIVIDUAL_LAOZI_NAME">
      <Text>Laozi</Text>
    </Row>
    <Row Tag="LOC_GREAT_PERSON_INDIVIDUAL_SIMON_PETER_NAME">
      <Text>Simon Peter</Text>
    </Row>
    <Row Tag="LOC_GREAT_PERSON_INDIVIDUAL_BODHIDHARMA_NAME">
      <Text>Bodhidharma</Text>
    </Row>
    <Row Tag="LOC_GREAT_PERSON_INDIVIDUAL_ADI_SHANKARA_NAME">
      <Text>Adi Shankara</Text>
    </Row>
    <Row Tag="LOC_GREAT_PERSON_INDIVIDUAL_SONGTSAN_GAMPO_NAME">
      <Text>Songtsan Gampo</Text>
    </Row>
    <Row Tag="LOC_GREAT_PERSON_INDIVIDUAL_O_NO_YASUMARO_NAME">
      <Text>O no Yasumaro</Text>
    </Row>
    <Row Tag="LOC_GREAT_PERSON_INDIVIDUAL_IRENAEUS_NAME">
      <Text>Irenaeus</Text>
    </Row>
    <Row Tag="LOC_GREAT_PERSON_INDIVIDUAL_MARTIN_LUTHER_NAME">
      <Text>Martin Luther</Text>
    </Row>
    <Row Tag="LOC_GREAT_PERSON_INDIVIDUAL_FRANCIS_OF_ASSISI_NAME">
      <Text>Assisili Francis</Text>
    </Row>
    <Row Tag="LOC_GREAT_PERSON_INDIVIDUAL_MADHVA_ACHARYA_NAME">
      <Text>Madhva Acharya</Text>
    </Row>
    <Row Tag="LOC_GREAT_PERSON_INDIVIDUAL_THOMAS_AQUINAS_NAME">
      <Text>Thomas Aquinas</Text>
    </Row>
    <Row Tag="LOC_GREAT_PERSON_INDIVIDUAL_HAJI_HUUD_NAME">
      <Text>Haji Huud</Text>
    </Row>
    <Row Tag="LOC_GREAT_PERSON_INDIVIDUAL_ARYABHATA_NAME">
      <Text>Aryabhata</Text>
    </Row>
    <Row Tag="LOC_GREAT_PERSON_INDIVIDUAL_EUCLID_NAME">
      <Text>Öklid</Text>
    </Row>
    <Row Tag="LOC_GREAT_PERSON_INDIVIDUAL_HYPATIA_NAME">
      <Text>Hypatia</Text>
    </Row>
    <Row Tag="LOC_GREAT_PERSON_INDIVIDUAL_ABU_AL_QASIM_AL_ZAHRAWI_NAME">
      <Text>Ebu el-Kasım el-Zehravi</Text>
    </Row>
    <Row Tag="LOC_GREAT_PERSON_INDIVIDUAL_HILDEGARD_OF_BINGEN_NAME">
      <Text>Bingen'li Hildegard</Text>
    </Row>
    <Row Tag="LOC_GREAT_PERSON_INDIVIDUAL_OMAR_KHAYYAM_NAME">
      <Text>Ömer Hayyam</Text>
    </Row>
    <Row Tag="LOC_GREAT_PERSON_INDIVIDUAL_GALILEO_GALILEI_NAME">
      <Text>Galileo Galilei</Text>
    </Row>
    <Row Tag="LOC_GREAT_PERSON_INDIVIDUAL_ISAAC_NEWTON_NAME">
      <Text>Isaac Newton</Text>
    </Row>
    <Row Tag="LOC_GREAT_PERSON_INDIVIDUAL_EMILIE_DU_CHATELET_NAME">
      <Text>Emilie du Chatelet</Text>
    </Row>
    <Row Tag="LOC_GREAT_PERSON_INDIVIDUAL_ALFRED_NOBEL_NAME">
      <Text>Alfred Nobel</Text>
    </Row>
    <Row Tag="LOC_GREAT_PERSON_INDIVIDUAL_CHARLES_DARWIN_NAME">
      <Text>Charles Darwin</Text>
    </Row>
    <Row Tag="LOC_GREAT_PERSON_INDIVIDUAL_DMITRI_MENDELEEV_NAME">
      <Text>Dmitri Mendeleev</Text>
    </Row>
    <Row Tag="LOC_GREAT_PERSON_INDIVIDUAL_ALAN_TURING_NAME">
      <Text>Alan Turing</Text>
    </Row>
    <Row Tag="LOC_GREAT_PERSON_INDIVIDUAL_ALBERT_EINSTEIN_NAME">
      <Text>Albert Einstein</Text>
    </Row>
    <Row Tag="LOC_GREAT_PERSON_INDIVIDUAL_JAMES_YOUNG_NAME">
      <Text>James Young</Text>
    </Row>
    <Row Tag="LOC_GREAT_PERSON_INDIVIDUAL_JANAKI_AMMAL_NAME">
      <Text>Janaki Ammal</Text>
    </Row>
    <Row Tag="LOC_GREAT_PERSON_INDIVIDUAL_MARY_LEAKEY_NAME">
      <Text>Mary Leakey</Text>
    </Row>
    <Row Tag="LOC_GREAT_PERSON_INDIVIDUAL_ERWIN_SCHRODINGER_NAME">
      <Text>Erwin Schrödinger</Text>
    </Row>
    <Row Tag="LOC_GREAT_PERSON_INDIVIDUAL_ABDUS_SALAM_NAME">
      <Text>Abdus Salam</Text>
    </Row>
    <Row Tag="LOC_GREAT_PERSON_INDIVIDUAL_CARL_SAGAN_NAME">
      <Text>Carl Sagan</Text>
    </Row>
    <Row Tag="LOC_GREAT_PERSON_INDIVIDUAL_STEPHANIE_KWOLEK_NAME">
      <Text>Stephanie Kwolek</Text>
    </Row>
    <Row Tag="LOC_GREAT_PERSON_INDIVIDUAL_BHASA_NAME">
      <Text>Bhasa</Text>
    </Row>
    <Row Tag="LOC_GREAT_PERSON_INDIVIDUAL_HOMER_NAME">
      <Text>Homer</Text>
    </Row>
    <Row Tag="LOC_GREAT_PERSON_INDIVIDUAL_OVID_NAME">
      <Text>Ovid</Text>
    </Row>
    <Row Tag="LOC_GREAT_PERSON_INDIVIDUAL_QU_YUAN_NAME">
      <Text>Qu Yuan</Text>
    </Row>
    <Row Tag="LOC_GREAT_PERSON_INDIVIDUAL_GEOFFREY_CHAUCER_NAME">
      <Text>Geoffrey Chaucer</Text>
    </Row>
    <Row Tag="LOC_GREAT_PERSON_INDIVIDUAL_LI_BAI_NAME">
      <Text>Li Bai</Text>
    </Row>
    <Row Tag="LOC_GREAT_PERSON_INDIVIDUAL_MURASAKI_SHIKIBU_NAME">
      <Text>Murasaki Shikibu</Text>
    </Row>
    <Row Tag="LOC_GREAT_PERSON_INDIVIDUAL_MARGARET_CAVENDISH_NAME">
      <Text>Margaret Cavendish</Text>
    </Row>
    <Row Tag="LOC_GREAT_PERSON_INDIVIDUAL_MIGUEL_DE_CERVANTES_NAME">
      <Text>Miguel de Cervantes</Text>
    </Row>
    <Row Tag="LOC_GREAT_PERSON_INDIVIDUAL_NICCOLO_MACHIAVELLI_NAME">
      <Text>Niccolò Machiavelli</Text>
    </Row>
    <Row Tag="LOC_GREAT_PERSON_INDIVIDUAL_WILLIAM_SHAKESPEARE_NAME">
      <Text>William Shakespeare</Text>
    </Row>
    <Row Tag="LOC_GREAT_PERSON_INDIVIDUAL_MARIE_CATHERINE_D_AULNOY_NAME">
      <Text>Marie-Catherine d'Aulnoy</Text>
    </Row>
    <Row Tag="LOC_GREAT_PERSON_INDIVIDUAL_ALEXANDER_PUSHKIN_NAME">
      <Text>Alexander Pushkin</Text>
    </Row>
    <Row Tag="LOC_GREAT_PERSON_INDIVIDUAL_EDGAR_ALLEN_POE_NAME">
      <Text>Edgar Allan Poe</Text>
    </Row>
    <Row Tag="LOC_GREAT_PERSON_INDIVIDUAL_JANE_AUSTEN_NAME">
      <Text>Jane Austen</Text>
    </Row>
    <Row Tag="LOC_GREAT_PERSON_INDIVIDUAL_JOHANN_WOLFGANG_VON_GOETHE_NAME">
      <Text>Johann Wolfgang von Goethe</Text>
    </Row>
    <Row Tag="LOC_GREAT_PERSON_INDIVIDUAL_MARY_SHELLEY_NAME">
      <Text>Mary Shelley</Text>
    </Row>
    <Row Tag="LOC_GREAT_PERSON_INDIVIDUAL_ABDUL_MUIS_NAME">
      <Text>Abdul Muis</Text>
    </Row>
    <Row Tag="LOC_GREAT_PERSON_INDIVIDUAL_JAMES_JOYCE_NAME">
      <Text>James Joyce</Text>
    </Row>
    <Row Tag="LOC_GREAT_PERSON_INDIVIDUAL_EMILY_DICKINSON_NAME">
      <Text>Emily Dickinson</Text>
    </Row>
    <Row Tag="LOC_GREAT_PERSON_INDIVIDUAL_LEO_TOLSTOY_NAME">
      <Text>Leo Tolstoy</Text>
    </Row>
    <Row Tag="LOC_GREAT_PERSON_INDIVIDUAL_MARK_TWAIN_NAME">
      <Text>Mark Twain</Text>
    </Row>
    <Row Tag="LOC_GREAT_PERSON_INDIVIDUAL_F_SCOTT_FITZGERALD_NAME">
      <Text>F. Scott Fitzgerald</Text>
    </Row>
    <Row Tag="LOC_GREAT_PERSON_INDIVIDUAL_HG_WELLS_NAME">
      <Text>H.G. Wells</Text>
    </Row>
    <Row Tag="LOC_GREAT_PERSON_INDIVIDUAL_RABINDRANATH_TAGORE_NAME">
      <Text>Rabindranath Tagore</Text>
    </Row>
    <Row Tag="LOC_GREAT_PERSON_INDIVIDUAL_KAREL_CAPEK_NAME">
      <Text>Karel Capek</Text>
    </Row>
    <Row Tag="LOC_GREAT_PERSON_INDIVIDUAL_ANDREY_RUBLEV_NAME">
      <Text>Andrei Rublev</Text>
    </Row>
    <Row Tag="LOC_GREAT_PERSON_INDIVIDUAL_HIERONYMUS_BOSCH_NAME">
      <Text>Hieronymus Bosch</Text>
    </Row>
    <Row Tag="LOC_GREAT_PERSON_INDIVIDUAL_DONATELLO_NAME">
      <Text>Donatello</Text>
    </Row>
    <Row Tag="LOC_GREAT_PERSON_INDIVIDUAL_MICHELANGELO_NAME">
      <Text>Michelangelo</Text>
    </Row>
    <Row Tag="LOC_GREAT_PERSON_INDIVIDUAL_QIU_YING_NAME">
      <Text>Qiu Ying</Text>
    </Row>
    <Row Tag="LOC_GREAT_PERSON_INDIVIDUAL_TITIAN_NAME">
      <Text>Titian</Text>
    </Row>
    <Row Tag="LOC_GREAT_PERSON_INDIVIDUAL_ANGELICA_KAUFFMAN_NAME">
      <Text>Angelica Kauffman</Text>
    </Row>
    <Row Tag="LOC_GREAT_PERSON_INDIVIDUAL_EL_GRECO_NAME">
      <Text>El Greco</Text>
    </Row>
    <Row Tag="LOC_GREAT_PERSON_INDIVIDUAL_REMBRANDT_VAN_RIJN_NAME">
      <Text>Rembrandt van Rijn</Text>
    </Row>
    <Row Tag="LOC_GREAT_PERSON_INDIVIDUAL_SOFONISBA_ANGUISSOLA_NAME">
      <Text>Sofonisba Anguissola</Text>
    </Row>
    <Row Tag="LOC_GREAT_PERSON_INDIVIDUAL_JANG_SEUNG_EOP_NAME">
      <Text>Jang Seung-eop</Text>
    </Row>
    <Row Tag="LOC_GREAT_PERSON_INDIVIDUAL_KATSUSHIKA_HOKUSAI_NAME">
      <Text>Katsushika Hokusai</Text>
    </Row>
    <Row Tag="LOC_GREAT_PERSON_INDIVIDUAL_VINCENT_VAN_GOGH_NAME">
      <Text>Vincent van Gogh</Text>
    </Row>
    <Row Tag="LOC_GREAT_PERSON_INDIVIDUAL_EDMONIA_LEWIS_NAME">
      <Text>Edmonia Lewis</Text>
    </Row>
    <Row Tag="LOC_GREAT_PERSON_INDIVIDUAL_BORIS_ORLOVSKY_NAME">
      <Text>Boris Orlovsky</Text>
    </Row>
    <Row Tag="LOC_GREAT_PERSON_INDIVIDUAL_GUSTAV_KLIMT_NAME">
      <Text>Gustav Klimt</Text>
    </Row>
    <Row Tag="LOC_GREAT_PERSON_INDIVIDUAL_MARIE_ANNE_COLLOT_NAME">
      <Text>Marie-Anne Collot</Text>
    </Row>
    <Row Tag="LOC_GREAT_PERSON_INDIVIDUAL_CLAUDE_MONET_NAME">
      <Text>Claude Monet</Text>
    </Row>
    <Row Tag="LOC_GREAT_PERSON_INDIVIDUAL_AMRITA_SHER_GIL_NAME">
      <Text>Amrita Sher-Gil</Text>
    </Row>
    <Row Tag="LOC_GREAT_PERSON_INDIVIDUAL_MARY_CASSATT_NAME">
      <Text>Mary Cassatt</Text>
    </Row>
    <Row Tag="LOC_GREAT_PERSON_INDIVIDUAL_ANTONIO_VIVALDI_NAME">
      <Text>Antonio Vivaldi</Text>
    </Row>
    <Row Tag="LOC_GREAT_PERSON_INDIVIDUAL_JOHANN_SEBASTIAN_BACH_NAME">
      <Text>Johann Sebastian Bach</Text>
    </Row>
    <Row Tag="LOC_GREAT_PERSON_INDIVIDUAL_LUDWIG_VAN_BEETHOVEN_NAME">
      <Text>Ludwig van Beethoven</Text>
    </Row>
    <Row Tag="LOC_GREAT_PERSON_INDIVIDUAL_WOLFGANG_AMADEUS_MOZART_NAME">
      <Text>Wolfgang Amadeus Mozart</Text>
    </Row>
    <Row Tag="LOC_GREAT_PERSON_INDIVIDUAL_YATSUHASHI_KENGYO_NAME">
      <Text>Yatsuhashi Kengyo</Text>
    </Row>
    <Row Tag="LOC_GREAT_PERSON_INDIVIDUAL_ANTONIO_CARLOS_GOMEZ_NAME">
      <Text>Antônio Carlos Gomes</Text>
    </Row>
    <Row Tag="LOC_GREAT_PERSON_INDIVIDUAL_FRANZ_LISZT_NAME">
      <Text>Franz Liszt</Text>
    </Row>
    <Row Tag="LOC_GREAT_PERSON_INDIVIDUAL_FREDERIC_CHOPIN_NAME">
      <Text>Frederic Chopin</Text>
    </Row>
    <Row Tag="LOC_GREAT_PERSON_INDIVIDUAL_PETER_ILYICH_TCHAIKOVSKY_NAME">
      <Text>Peter Ilyich Tchaikovsky</Text>
    </Row>
    <Row Tag="LOC_GREAT_PERSON_INDIVIDUAL_LIU_TIANHUA_NAME">
      <Text>Liu Tianhua</Text>
    </Row>
    <Row Tag="LOC_GREAT_PERSON_INDIVIDUAL_ANTONIN_DVORAK_NAME">
      <Text>Antonin Dvorak</Text>
    </Row>
    <Row Tag="LOC_GREAT_PERSON_INDIVIDUAL_CLARA_SCHUMANN_NAME">
      <Text>Clara Schumann</Text>
    </Row>
    <Row Tag="LOC_GREAT_PERSON_INDIVIDUAL_JUVENTINO_ROSAS_NAME">
      <Text>Juventino Rosas</Text>
    </Row>
    <Row Tag="LOC_GREAT_PERSON_INDIVIDUAL_LILIUOKALANI_NAME">
      <Text>Lili'uokalani</Text>
    </Row>
    <Row Tag="LOC_GREAT_PERSON_INDIVIDUAL_GAUHAR_JAAN_NAME">
      <Text>Gauhar Jaan</Text>
    </Row>
    <Row Tag="LOC_GREAT_PERSON_INDIVIDUAL_MYKOLA_LEONTOVYCH_NAME">
      <Text>Mykola Leontovych</Text>
    </Row>
    <!-- Great Work Objects-->
    <Row Tag="LOC_GREAT_WORK_OBJECT_SCULPTURE_NAME">
      <Text>Heykel</Text>
    </Row>
    <Row Tag="LOC_GREAT_WORK_OBJECT_PORTRAIT_NAME">
      <Text>Portre</Text>
    </Row>
    <Row Tag="LOC_GREAT_WORK_OBJECT_LANDSCAPE_NAME">
      <Text>Peyzaj</Text>
    </Row>
    <Row Tag="LOC_GREAT_WORK_OBJECT_RELIGIOUS_NAME">
      <Text>Dini</Text>
    </Row>
    <Row Tag="LOC_GREAT_WORK_OBJECT_ARTIFACT_NAME">
      <Text>Eser
 	 	 	 Eril:an</Text>
      <Gender>Masculine:an</Gender>
    </Row>
    <Row Tag="LOC_GREAT_WORK_OBJECT_WRITING_NAME">
      <Text>Yazma</Text>
    </Row>
    <Row Tag="LOC_GREAT_WORK_OBJECT_MUSIC_NAME">
      <Text>Müzik</Text>
    </Row>
    <Row Tag="LOC_GREAT_WORK_OBJECT_RELIC_NAME">
      <Text>Kalıntı</Text>
    </Row>
    <!-- Governments-->
    <Row Tag="LOC_GOVERNMENT_ANARCHY_NAME">
      <Text>Anarşi</Text>
    </Row>
    <Row Tag="LOC_GOVERNMENT_CHIEFDOM_NAME">
      <Text>Şeflik</Text>
    </Row>
    <Row Tag="LOC_GOVERNMENT_AUTOCRACY_NAME">
      <Text>Otokrasi</Text>
    </Row>
    <Row Tag="LOC_GOVERNMENT_OLIGARCHY_NAME">
      <Text>Oligarşi</Text>
    </Row>
    <Row Tag="LOC_GOVERNMENT_CLASSICAL_REPUBLIC_NAME">
      <Text>Klasik Cumhuriyet</Text>
    </Row>
    <Row Tag="LOC_GOVERNMENT_MONARCHY_NAME">
      <Text>Monarşi</Text>
    </Row>
    <Row Tag="LOC_GOVERNMENT_THEOCRACY_NAME">
      <Text>Teokrasi</Text>
    </Row>
    <Row Tag="LOC_GOVERNMENT_MERCHANT_REPUBLIC_NAME">
      <Text>Tüccar Cumhuriyeti</Text>
    </Row>
    <Row Tag="LOC_GOVERNMENT_FASCISM_NAME">
      <Text>Faşizm</Text>
    </Row>
    <Row Tag="LOC_GOVERNMENT_COMMUNISM_NAME">
      <Text>Komünizm</Text>
    </Row>
    <Row Tag="LOC_GOVERNMENT_DEMOCRACY_NAME">
      <Text>Demokrasi</Text>
    </Row>
    <!-- Happinesses-->
    <Row Tag="LOC_HAPPINESS_REVOLT_NAME">
      <Text>İsyan</Text>
    </Row>
    <Row Tag="LOC_HAPPINESS_UNREST_NAME">
      <Text>Huzursuzluk</Text>
    </Row>
    <Row Tag="LOC_HAPPINESS_UNHAPPY_NAME">
      <Text>Mutsuz</Text>
    </Row>
    <Row Tag="LOC_HAPPINESS_DISPLEASED_NAME">
      <Text>Hoşnutsuz</Text>
    </Row>
    <Row Tag="LOC_HAPPINESS_CONTENT_NAME">
      <Text>İçerik</Text>
    </Row>
    <Row Tag="LOC_HAPPINESS_HAPPY_NAME">
      <Text>Mutlu</Text>
    </Row>
    <Row Tag="LOC_HAPPINESS_ECSTATIC_NAME">
      <Text>Ecstatic</Text>
    </Row>
    <!-- Improvements -->
    <Row Tag="LOC_IMPROVEMENT_BARBARIAN_CAMP_NAME">
      <Text>Barbar Karakolu</Text>
    </Row>
    <Row Tag="LOC_IMPROVEMENT_GOODY_HUT_NAME">
      <Text>Kabile Köyü</Text>
    </Row>
    <Row Tag="LOC_IMPROVEMENT_FARM_NAME">
      <Text>Çiftlik</Text>
    </Row>
    <Row Tag="LOC_IMPROVEMENT_MINE_NAME">
      <Text>Maden</Text>
    </Row>
    <Row Tag="LOC_IMPROVEMENT_QUARRY_NAME">
      <Text>Taş Ocağı</Text>
    </Row>
    <Row Tag="LOC_IMPROVEMENT_FISHING_BOATS_NAME">
      <Text>Balıkçı Tekneleri</Text>
    </Row>
    <Row Tag="LOC_IMPROVEMENT_PASTURE_NAME">
      <Text>Mera</Text>
    </Row>
    <Row Tag="LOC_IMPROVEMENT_PLANTATION_NAME">
      <Text>Plantasyon</Text>
    </Row>
    <Row Tag="LOC_IMPROVEMENT_CAMP_NAME">
      <Text>Kamp</Text>
    </Row>
    <Row Tag="LOC_IMPROVEMENT_LUMBER_MILL_NAME">
      <Text>Kereste Fabrikası</Text>
    </Row>
    <Row Tag="LOC_IMPROVEMENT_OIL_WELL_NAME">
      <Text>Petrol Kuyusu</Text>
    </Row>
    <Row Tag="LOC_IMPROVEMENT_OFFSHORE_OIL_RIG_NAME">
      <Text>Açık Deniz Petrol Sondajı</Text>
    </Row>
    <Row Tag="LOC_IMPROVEMENT_BEACH_RESORT_NAME">
      <Text>Seaside Resort</Text>
    </Row>
    <Row Tag="LOC_IMPROVEMENT_FORT_NAME">
      <Text>Kale</Text>
    </Row>
    <Row Tag="LOC_IMPROVEMENT_AIRSTRIP_NAME">
      <Text>Hava Pisti</Text>
    </Row>
    <Row Tag="LOC_IMPROVEMENT_CHATEAU_NAME">
      <Text>Şato</Text>
    </Row>
    <Row Tag="LOC_IMPROVEMENT_COLOSSAL_HEAD_NAME">
      <Text>Devasa Kafa</Text>
    </Row>
    <Row Tag="LOC_IMPROVEMENT_GREAT_WALL_NAME">
      <Text>Büyük Duvar</Text>
    </Row>
    <Row Tag="LOC_IMPROVEMENT_KURGAN_NAME">
      <Text>Kurgan</Text>
    </Row>
    <Row Tag="LOC_IMPROVEMENT_MISSION_NAME">
      <Text>Görev</Text>
    </Row>
    <Row Tag="LOC_IMPROVEMENT_ROMAN_FORT_NAME">
      <Text>Roma Kalesi</Text>
    </Row>
    <Row Tag="LOC_IMPROVEMENT_SPHINX_NAME">
      <Text>Sfenks</Text>
    </Row>
    <Row Tag="LOC_IMPROVEMENT_STEPWELL_NAME">
      <Text>Stepwell</Text>
    </Row>
    <Row Tag="LOC_IMPROVEMENT_ZIGGURAT_NAME">
      <Text>Ziggurat</Text>
    </Row>
    <Row Tag="LOC_IMPROVEMENT_MISSILE_SILO">
      <Text>Füze Silosu</Text>
    </Row>
    <!-- Policies-->
    <Row Tag="LOC_POLICY_AESTHETICS_NAME">
      <Text>Estetik</Text>
    </Row>
    <Row Tag="LOC_POLICY_AGOGE_NAME">
      <Text>Agoge</Text>
    </Row>
    <Row Tag="LOC_POLICY_ARSENAL_OF_DEMOCRACY_NAME">
      <Text>Demokrasinin Cephaneliği</Text>
    </Row>
    <Row Tag="LOC_POLICY_BASTIONS_NAME">
      <Text>Tabyalar</Text>
    </Row>
    <Row Tag="LOC_POLICY_CARAVANSARIES_NAME">
      <Text>Kervansaraylar</Text>
    </Row>
    <Row Tag="LOC_POLICY_CHARISMATIC_LEADER_NAME">
      <Text>Karizmatik Lider</Text>
    </Row>
    <Row Tag="LOC_POLICY_CHIVALRY_NAME">
      <Text>Şövalyelik</Text>
    </Row>
    <Row Tag="LOC_POLICY_COLLECTIVE_ACTIVISM_NAME">
      <Text>Kolektif Aktivizm</Text>
    </Row>
    <Row Tag="LOC_POLICY_COLLECTIVIZATION_NAME">
      <Text>Kolektifleştirme</Text>
    </Row>
    <Row Tag="LOC_POLICY_COLONIAL_OFFICES_NAME">
      <Text>Koloni Ofisleri</Text>
    </Row>
    <Row Tag="LOC_POLICY_COLONIAL_TAXES_NAME">
      <Text>Koloni Vergileri</Text>
    </Row>
    <Row Tag="LOC_POLICY_COLONIZATION_NAME">
      <Text>Kolonizasyon</Text>
    </Row>
    <Row Tag="LOC_POLICY_CONSCRIPTION_NAME">
      <Text>Zorunlu Askerlik</Text>
    </Row>
    <Row Tag="LOC_POLICY_CONTAINMENT_NAME">
      <Text>Sınırlama</Text>
    </Row>
    <Row Tag="LOC_POLICY_CORVEE_NAME">
      <Text>Corvée</Text>
    </Row>
    <Row Tag="LOC_POLICY_CRAFTSMEN_NAME">
      <Text>Zanaatkarlar</Text>
    </Row>
    <Row Tag="LOC_POLICY_CRYPTOGRAPHY_NAME">
      <Text>Kriptografi</Text>
    </Row>
    <Row Tag="LOC_POLICY_DEFENSE_OF_MOTHERLAND_NAME">
      <Text>Anavatan Savunması</Text>
    </Row>
    <Row Tag="LOC_POLICY_DIPLOMATIC_LEAGUE_NAME">
      <Text>Diplomatik Birlik</Text>
    </Row>
    <Row Tag="LOC_POLICY_DISCIPLINE_NAME">
      <Text>Disiplin</Text>
    </Row>
    <Row Tag="LOC_POLICY_ECOMMERCE_NAME">
      <Text>E-ticaret</Text>
    </Row>
    <Row Tag="LOC_POLICY_ECONOMIC_UNION_NAME">
      <Text>Ekonomik Birlik</Text>
    </Row>
    <Row Tag="LOC_POLICY_EXPROPRIATION_NAME">
      <Text>Kamulaştırma</Text>
    </Row>
    <Row Tag="LOC_POLICY_FEUDAL_CONTRACT_NAME">
      <Text>Feodal Sözleşme</Text>
    </Row>
    <Row Tag="LOC_POLICY_FINEST_HOUR_NAME">
      <Text>En Güzel Saatleri</Text>
    </Row>
    <Row Tag="LOC_POLICY_FIVE_YEAR_PLAN_NAME">
      <Text>Beş Yıllık Plan</Text>
    </Row>
    <Row Tag="LOC_POLICY_FREE_MARKET_NAME">
      <Text>Serbest Piyasa</Text>
    </Row>
    <Row Tag="LOC_POLICY_FRESCOES_NAME">
      <Text>Freskler</Text>
    </Row>
    <Row Tag="LOC_POLICY_GOD_KING_NAME">
      <Text>Tanrı Kral</Text>
    </Row>
    <Row Tag="LOC_POLICY_GOTHIC_ARCHITECTURE_NAME">
      <Text>Gotik Mimari</Text>
    </Row>
    <Row Tag="LOC_POLICY_GRAND_OPERA_NAME">
      <Text>Büyük Opera</Text>
    </Row>
    <Row Tag="LOC_POLICY_GRANDE_ARMEE_NAME">
      <Text>Grande Armée</Text>
    </Row>
    <Row Tag="LOC_POLICY_GUNBOAT_DIPLOMACY_NAME">
      <Text>Gunboat Diplomasisi</Text>
    </Row>
    <Row Tag="LOC_POLICY_HERITAGE_TOURISM_NAME">
      <Text>Miras Turizmi</Text>
    </Row>
    <Row Tag="LOC_POLICY_ILKUM_NAME">
      <Text>Ilkum</Text>
    </Row>
    <Row Tag="LOC_POLICY_INSPIRATION_NAME">
      <Text>İlham kaynağı</Text>
    </Row>
    <Row Tag="LOC_POLICY_INSULAE_NAME">
      <Text>Insulae</Text>
    </Row>
    <Row Tag="LOC_POLICY_INTEGRATED_SPACE_CELL_NAME">
      <Text>Entegre Uzay Hücresi</Text>
    </Row>
    <Row Tag="LOC_POLICY_INTERNATIONAL_SPACE_AGENCY_NAME">
      <Text>Uluslararası Uzay Ajansı</Text>
    </Row>
    <Row Tag="LOC_POLICY_INTERNATIONAL_WATERS_NAME">
      <Text>Uluslararası Sular</Text>
    </Row>
    <Row Tag="LOC_POLICY_INVENTION_NAME">
      <Text>Buluş</Text>
    </Row>
    <Row Tag="LOC_POLICY_LAISSEZ_FAIRE_NAME">
      <Text>Laissez-Faire</Text>
    </Row>
    <Row Tag="LOC_POLICY_LAND_SURVEYORS_NAME">
      <Text>Arazi Araştırmacıları</Text>
    </Row>
    <Row Tag="LOC_POLICY_LEVEE_EN_MASSE_NAME">
      <Text>Levée en Masse</Text>
    </Row>
    <Row Tag="LOC_POLICY_LIBERALISM_NAME">
      <Text>Liberalizm</Text>
    </Row>
    <Row Tag="LOC_POLICY_LIGHTNING_WARFARE_NAME">
      <Text>Yıldırım Savaşı</Text>
    </Row>
    <Row Tag="LOC_POLICY_LIMES_NAME">
      <Text>Misket Limonu</Text>
    </Row>
    <Row Tag="LOC_POLICY_LITERARY_TRADITION_NAME">
      <Text>Edebi Gelenek</Text>
    </Row>
    <Row Tag="LOC_POLICY_LOGISTICS_NAME">
      <Text>Lojistik</Text>
    </Row>
    <Row Tag="LOC_POLICY_MACHIAVELLIANISM_NAME">
      <Text>Makyavelizm</Text>
    </Row>
    <Row Tag="LOC_POLICY_MANEUVER_NAME">
      <Text>Manevra</Text>
    </Row>
    <Row Tag="LOC_POLICY_MARITIME_INDUSTRIES_NAME">
      <Text>Denizcilik Endüstrileri</Text>
    </Row>
    <Row Tag="LOC_POLICY_MARKET_ECONOMY_NAME">
      <Text>Pazar Ekonomisi</Text>
    </Row>
    <Row Tag="LOC_POLICY_MARTIAL_LAW_NAME">
      <Text>Sıkıyönetim</Text>
    </Row>
    <Row Tag="LOC_POLICY_MEDINA_QUARTER_NAME">
      <Text>Medine Mahallesi</Text>
    </Row>
    <Row Tag="LOC_POLICY_MERCHANT_CONFEDERATION_NAME">
      <Text>Tüccar Konfederasyonu</Text>
    </Row>
    <Row Tag="LOC_POLICY_MERITOCRACY_NAME">
      <Text>Meritokrasi</Text>
    </Row>
    <Row Tag="LOC_POLICY_MILITARY_FIRST_NAME">
      <Text>Önce Ordu</Text>
    </Row>
    <Row Tag="LOC_POLICY_MILITARY_ORGANIZATION_NAME">
      <Text>Askeri Organizasyon</Text>
    </Row>
    <Row Tag="LOC_POLICY_MILITARY_RESEARCH_NAME">
      <Text>Askeri Araştırma</Text>
    </Row>
    <Row Tag="LOC_POLICY_NATIONAL_IDENTITY_NAME">
      <Text>Ulusal Kimlik</Text>
    </Row>
    <Row Tag="LOC_POLICY_NATIVE_CONQUEST_NAME">
      <Text>Yerli Fetih</Text>
    </Row>
    <Row Tag="LOC_POLICY_NATURAL_PHILOSOPHY_NAME">
      <Text>Doğa Felsefesi</Text>
    </Row>
    <Row Tag="LOC_POLICY_NAVAL_INFRASTRUCTURE_NAME">
      <Text>Denizcilik Altyapısı</Text>
    </Row>
    <Row Tag="LOC_POLICY_NAVIGATION_NAME">
      <Text>Navigasyon</Text>
    </Row>
    <Row Tag="LOC_POLICY_NEW_DEAL_NAME">
      <Text>Yeni Anlaşma</Text>
    </Row>
    <Row Tag="LOC_POLICY_NOBEL_PRIZE_NAME">
      <Text>Nobel Ödülü</Text>
    </Row>
    <Row Tag="LOC_POLICY_NUCLEAR_ESPIONAGE_NAME">
      <Text>Nükleer Casusluk</Text>
    </Row>
    <Row Tag="LOC_POLICY_ONLINE_COMMUNITIES_NAME">
      <Text>Çevrimiçi Topluluklar</Text>
    </Row>
    <Row Tag="LOC_POLICY_PATRIOTIC_WAR_NAME">
      <Text>Vatanseverlik Savaşı</Text>
    </Row>
    <Row Tag="LOC_POLICY_POLICE_STATE_NAME">
      <Text>Polis Devleti</Text>
    </Row>
    <Row Tag="LOC_POLICY_PRESS_GANGS_NAME">
      <Text>Basın Çeteleri</Text>
    </Row>
    <Row Tag="LOC_POLICY_PROFESSIONAL_ARMY_NAME">
      <Text>Profesyonel Ordu</Text>
    </Row>
    <Row Tag="LOC_POLICY_PROPAGANDA_NAME">
      <Text>Propaganda</Text>
    </Row>
    <Row Tag="LOC_POLICY_PUBLIC_TRANSPORT_NAME">
      <Text>Toplu Taşıma</Text>
    </Row>
    <Row Tag="LOC_POLICY_PUBLIC_WORKS_NAME">
      <Text>Bayındırlık İşleri</Text>
    </Row>
    <Row Tag="LOC_POLICY_RAJ_NAME">
      <Text>Raj</Text>
    </Row>
    <Row Tag="LOC_POLICY_RAID_NAME">
      <Text>Baskın</Text>
    </Row>
    <Row Tag="LOC_POLICY_RATIONALISM_NAME">
      <Text>Rasyonalizm</Text>
    </Row>
    <Row Tag="LOC_POLICY_RELIGIOUS_ORDERS_NAME">
      <Text>Dini Tarikatlar</Text>
    </Row>
    <Row Tag="LOC_POLICY_RESOURCE_MANAGEMENT_NAME">
      <Text>Kaynak Yönetimi</Text>
    </Row>
    <Row Tag="LOC_POLICY_RETAINERS_NAME">
      <Text>Tutucular</Text>
    </Row>
    <Row Tag="LOC_POLICY_REVELATION_NAME">
      <Text>Vahiy</Text>
    </Row>
    <Row Tag="LOC_POLICY_SACK_NAME">
      <Text>Çuval</Text>
    </Row>
    <Row Tag="LOC_POLICY_SATELLITE_BROADCASTS_NAME">
      <Text>Uydu Yayınları</Text>
    </Row>
    <Row Tag="LOC_POLICY_SCRIPTURE_NAME">
      <Text>Kutsal Kitap</Text>
    </Row>
    <Row Tag="LOC_POLICY_SERFDOM_NAME">
      <Text>Serflik</Text>
    </Row>
    <Row Tag="LOC_POLICY_SIMULTANEUM_NAME">
      <Text>Simultaneum</Text>
    </Row>
    <Row Tag="LOC_POLICY_SKYSCRAPERS_NAME">
      <Text>Gökdelenler</Text>
    </Row>
    <Row Tag="LOC_POLICY_SPORTS_MEDIA_NAME">
      <Text>Spor Medyası</Text>
    </Row>
    <Row Tag="LOC_POLICY_STRATEGIC_AIR_FORCE_NAME">
      <Text>Stratejik Hava Kuvvetleri</Text>
    </Row>
    <Row Tag="LOC_POLICY_STRATEGOS_NAME">
      <Text>Strategos</Text>
    </Row>
    <Row Tag="LOC_POLICY_SURVEY_NAME">
      <Text>Anket</Text>
    </Row>
    <Row Tag="LOC_POLICY_SYMPHONIES_NAME">
      <Text>Senfoniler</Text>
    </Row>
    <Row Tag="LOC_POLICY_THIRD_ALTERNATIVE_NAME">
      <Text>Üçüncü Alternatif</Text>
    </Row>
    <Row Tag="LOC_POLICY_TOWN_CHARTERS_NAME">
      <Text>Şehir Kiralama</Text>
    </Row>
    <Row Tag="LOC_POLICY_TRADE_CONFEDERATION_NAME">
      <Text>Ticaret Konfederasyonu</Text>
    </Row>
    <Row Tag="LOC_POLICY_TRAVELING_MERCHANTS_NAME">
      <Text>Gezgin Tüccarlar</Text>
    </Row>
    <Row Tag="LOC_POLICY_TRIANGULAR_TRADE_NAME">
      <Text>Üçgen Ticaret</Text>
    </Row>
    <Row Tag="LOC_POLICY_TOTAL_WAR_NAME">
      <Text>Topyekün Savaş</Text>
    </Row>
    <Row Tag="LOC_POLICY_URBAN_PLANNING_NAME">
      <Text>Kentsel Planlama</Text>
    </Row>
    <Row Tag="LOC_POLICY_VETERANCY_NAME">
      <Text>Veterinerlik</Text>
    </Row>
    <Row Tag="LOC_POLICY_WARS_OF_RELIGION_NAME">
      <Text>Din Savaşları</Text>
    </Row>
    <!-- Projects-->
    <Row Tag="LOC_PROJECT_ENHANCE_DISTRICT_ENCAMPMENT_NAME">
      <Text>Kamp Eğitimi</Text>
    </Row>
    <Row Tag="LOC_PROJECT_ENHANCE_DISTRICT_ENCAMPMENT_SHORT_NAME">
      <Text>Kamp Eğitimi</Text>
    </Row>
    <Row Tag="LOC_PROJECT_ENHANCE_DISTRICT_HARBOR_NAME">
      <Text>Liman Taşımacılığı</Text>
    </Row>
    <Row Tag="LOC_PROJECT_ENHANCE_DISTRICT_HARBOR_SHORT_NAME">
      <Text>Liman Taşımacılığı</Text>
    </Row>
    <Row Tag="LOC_PROJECT_ENHANCE_DISTRICT_INDUSTRIAL_ZONE_NAME">
      <Text>Sanayi Bölgesi Lojistiği</Text>
    </Row>
    <Row Tag="LOC_PROJECT_ENHANCE_DISTRICT_INDUSTRIAL_ZONE_SHORT_NAME">
      <Text>Sanayi Bölgesi Lojistiği</Text>
    </Row>
    <Row Tag="LOC_PROJECT_ENHANCE_DISTRICT_COMMERCIAL_HUB_NAME">
      <Text>Ticari Merkez Yatırımı</Text>
    </Row>
    <Row Tag="LOC_PROJECT_ENHANCE_DISTRICT_COMMERCIAL_HUB_SHORT_NAME">
      <Text>Ticari Merkez Yatırımı</Text>
    </Row>
    <Row Tag="LOC_PROJECT_ENHANCE_DISTRICT_HOLY_SITE_NAME">
      <Text>Kutsal Mekan Duaları</Text>
    </Row>
    <Row Tag="LOC_PROJECT_ENHANCE_DISTRICT_HOLY_SITE_SHORT_NAME">
      <Text>Kutsal Mekan Duaları</Text>
    </Row>
    <Row Tag="LOC_PROJECT_ENHANCE_DISTRICT_CAMPUS_NAME">
      <Text>Kampüs Araştırma Hibeleri</Text>
    </Row>
    <Row Tag="LOC_PROJECT_ENHANCE_DISTRICT_CAMPUS_SHORT_NAME">
      <Text>Kampüs Araştırma Hibeleri</Text>
    </Row>
    <Row Tag="LOC_PROJECT_ENHANCE_DISTRICT_THEATER_NAME">
      <Text>Tiyatro Meydanı Festivali</Text>
    </Row>
    <Row Tag="LOC_PROJECT_ENHANCE_DISTRICT_THEATER_SHORT_NAME">
      <Text>Tiyatro Meydanı Festivali</Text>
    </Row>
    <Row Tag="LOC_PROJECT_CARNIVAL_NAME">
      <Text>Karnaval</Text>
    </Row>
    <Row Tag="LOC_PROJECT_CARNIVAL_SHORT_NAME">
      <Text>Karnaval</Text>
    </Row>
    <Row Tag="LOC_PROJECT_REPAIR_OUTER_DEFENSES_NAME">
      <Text>Dış Savunmaları Onarın</Text>
    </Row>
    <Row Tag="LOC_PROJECT_REPAIR_OUTER_DEFENSES_SHORT_NAME">
      <Text>Dış Savunmaları Onarın</Text>
    </Row>
    <Row Tag="LOC_PROJECT_LAUNCH_EARTH_SATELLITE_NAME">
      <Text>Dünya Uydusunu Fırlatın</Text>
    </Row>
    <Row Tag="LOC_PROJECT_LAUNCH_EARTH_SATELLITE_SHORT_NAME">
      <Text>Dünya Uydusunu Fırlatın</Text>
    </Row>
    <Row Tag="LOC_PROJECT_LAUNCH_MOON_LANDING_NAME">
      <Text>Fırlatma Ay İnişi</Text>
    </Row>
    <Row Tag="LOC_PROJECT_LAUNCH_MOON_LANDING_SHORT_NAME">
      <Text>Fırlatma Ay İnişi</Text>
    </Row>
    <Row Tag="LOC_PROJECT_LAUNCH_MARS_REACTOR_NAME">
      <Text>Mars Reaktörünü Fırlatın</Text>
    </Row>
    <Row Tag="LOC_PROJECT_LAUNCH_MARS_REACTOR_SHORT_NAME">
      <Text>Mars Koloni Reaktörü</Text>
    </Row>
    <Row Tag="LOC_PROJECT_LAUNCH_MARS_HABITATION_NAME">
      <Text>Mars Yerleşimini Başlatın</Text>
    </Row>
    <Row Tag="LOC_PROJECT_LAUNCH_MARS_HABITATION_SHORT_NAME">
      <Text>Mars Koloni Yerleşimi</Text>
    </Row>
    <Row Tag="LOC_PROJECT_LAUNCH_MARS_HYDROPONICS_NAME">
      <Text>Mars Hydroponics'i Başlatın</Text>
    </Row>
    <Row Tag="LOC_PROJECT_LAUNCH_MARS_HYDROPONICS_SHORT_NAME">
      <Text>Mars Kolonisi Hidroponik</Text>
    </Row>
    <Row Tag="LOC_PROJECT_MANHATTAN_PROJECT_NAME">
      <Text>Manhattan Projesi</Text>
    </Row>
    <Row Tag="LOC_PROJECT_MANHATTAN_PROJECT_SHORT_NAME">
      <Text>Manhattan Projesi</Text>
    </Row>
    <Row Tag="LOC_PROJECT_OPERATION_IVY_NAME">
      <Text>Operasyon Ivy</Text>
    </Row>
    <Row Tag="LOC_PROJECT_OPERATION_IVY_SHORT_NAME">
      <Text>Operasyon Ivy</Text>
    </Row>
    <Row Tag="LOC_PROJECT_BUILD_NUCLEAR_DEVICE_NAME">
      <Text>Nükleer Cihaz İnşa Et</Text>
    </Row>
    <Row Tag="LOC_PROJECT_BUILD_NUCLEAR_DEVICE_SHORT_NAME">
      <Text>Nükleer Cihaz İnşa Et</Text>
    </Row>
    <Row Tag="LOC_PROJECT_BUILD_THERMONUCLEAR_DEVICE_NAME">
      <Text>Termonükleer Aygıt İnşa Et</Text>
    </Row>
    <Row Tag="LOC_PROJECT_BUILD_THERMONUCLEAR_DEVICE_SHORT_NAME">
      <Text>Termonükleer Aygıt İnşa Et</Text>
    </Row>
    <!-- Quests-->
    <Row Tag="LOC_QUEST_CONVERT_CAPITAL_TO_RELIGION_NAME">
      <Text>Dini Dönüşüm</Text>
    </Row>
    <Row Tag="LOC_QUEST_SEND_TRADE_ROUTE_NAME">
      <Text>Ticaret Rotası Gönder</Text>
    </Row>
    <Row Tag="LOC_QUEST_CLEAR_BARBARIAN_CAMP_NAME">
      <Text>Barbar Karakolunu 5 karo içinde yok et</Text>
    </Row>
    <Row Tag="LOC_QUEST_TRAIN_UNIT_TYPE_NAME">
      <Text>Tren Birimi</Text>
    </Row>
    <Row Tag="LOC_QUEST_ZONE_DISTRICT_TYPE_NAME">
      <Text>Bölge İnşa Et</Text>
    </Row>
    <Row Tag="LOC_QUEST_TRIGGER_TECH_BOOST_NAME">
      <Text>Tetikleyici Eureka</Text>
    </Row>
    <Row Tag="LOC_QUEST_TRIGGER_CIVIC_BOOST_NAME">
      <Text>Tetikleyici İlham</Text>
    </Row>
    <Row Tag="LOC_QUEST_RECRUIT_GREAT_PERSON_CLASS_NAME">
      <Text>Harika Kişileri İşe Alın</Text>
    </Row>
    <!-- Resource class names -->
    <Row Tag="LOC_RESOURCECLASS_BONUS_NAME">
      <Text>Bonus</Text>
    </Row>
    <Row Tag="LOC_RESOURCECLASS_LUXURY_NAME">
      <Text>Lüks</Text>
    </Row>
    <Row Tag="LOC_RESOURCECLASS_STRATEGIC_NAME">
      <Text>Stratejik</Text>
    </Row>
    <Row Tag="LOC_RESOURCECLASS_ARTIFACT_NAME">
      <Text>Artefakt</Text>
    </Row>
    <!-- Resources: Bonus-->
    <Row Tag="LOC_RESOURCE_BANANAS_NAME">
      <Text>Muz
 	 	 	 2</Text>
      <Plurality>2</Plurality>
    </Row>
    <Row Tag="LOC_RESOURCE_CATTLE_NAME">
      <Text>Sığır
 	 	 	 2</Text>
      <Plurality>2</Plurality>
    </Row>
    <Row Tag="LOC_RESOURCE_COPPER_NAME">
      <Text>Bakır</Text>
    </Row>
    <Row Tag="LOC_RESOURCE_CRABS_NAME">
      <Text>Yengeçler
 	 	 	 2</Text>
      <Plurality>2</Plurality>
    </Row>
    <Row Tag="LOC_RESOURCE_DEER_NAME">
      <Text>Geyik</Text>
    </Row>
    <Row Tag="LOC_RESOURCE_FISH_NAME">
      <Text>Balık</Text>
    </Row>
    <Row Tag="LOC_RESOURCE_RICE_NAME">
      <Text>Pirinç</Text>
    </Row>
    <Row Tag="LOC_RESOURCE_SHEEP_NAME">
      <Text>Koyun</Text>
    </Row>
    <Row Tag="LOC_RESOURCE_STONE_NAME">
      <Text>Taş</Text>
    </Row>
    <Row Tag="LOC_RESOURCE_WHEAT_NAME">
      <Text>Buğday</Text>
    </Row>
    <!-- Resources: Luxury-->
    <Row Tag="LOC_RESOURCE_CITRUS_NAME">
      <Text>Narenciye</Text>
    </Row>
    <Row Tag="LOC_RESOURCE_COCOA_NAME">
      <Text>Kakao</Text>
    </Row>
    <Row Tag="LOC_RESOURCE_COFFEE_NAME">
      <Text>Kahve</Text>
    </Row>
    <Row Tag="LOC_RESOURCE_COTTON_NAME">
      <Text>Pamuk</Text>
    </Row>
    <Row Tag="LOC_RESOURCE_DIAMONDS_NAME">
      <Text>Elmaslar</Text>
    </Row>
    <Row Tag="LOC_RESOURCE_DYES_NAME">
      <Text>Boyalar 
 	 	 	 2</Text>
      <Plurality>2</Plurality>
    </Row>
    <Row Tag="LOC_RESOURCE_FURS_NAME">
      <Text>Kürkler
 	 	 	 2</Text>
      <Plurality>2</Plurality>
    </Row>
    <Row Tag="LOC_RESOURCE_GYPSUM_NAME">
      <Text>Alçı</Text>
    </Row>
    <Row Tag="LOC_RESOURCE_INCENSE_NAME">
      <Text>Tütsü</Text>
    </Row>
    <Row Tag="LOC_RESOURCE_IVORY_NAME">
      <Text>Fildişi</Text>
    </Row>
    <Row Tag="LOC_RESOURCE_JADE_NAME">
      <Text>Yeşim</Text>
    </Row>
    <Row Tag="LOC_RESOURCE_MARBLE_NAME">
      <Text>Mermer</Text>
    </Row>
    <Row Tag="LOC_RESOURCE_MERCURY_NAME">
      <Text>Merkür</Text>
    </Row>
    <Row Tag="LOC_RESOURCE_PEARLS_NAME">
      <Text>İnciler
 	 	 	 2</Text>
      <Plurality>2</Plurality>
    </Row>
    <Row Tag="LOC_RESOURCE_SALT_NAME">
      <Text>Tuz</Text>
    </Row>
    <Row Tag="LOC_RESOURCE_SILK_NAME">
      <Text>İpek</Text>
    </Row>
    <Row Tag="LOC_RESOURCE_SILVER_NAME">
      <Text>Gümüş</Text>
    </Row>
    <Row Tag="LOC_RESOURCE_SPICES_NAME">
      <Text>Baharatlar
 	 	 	 2</Text>
      <Plurality>2</Plurality>
    </Row>
    <Row Tag="LOC_RESOURCE_SUGAR_NAME">
      <Text>Şeker</Text>
    </Row>
    <Row Tag="LOC_RESOURCE_TEA_NAME">
      <Text>Çay</Text>
    </Row>
    <Row Tag="LOC_RESOURCE_TRUFFLES_NAME">
      <Text>Truffles
 	 	 	 2</Text>
      <Plurality>2</Plurality>
    </Row>
    <Row Tag="LOC_RESOURCE_TOBACCO_NAME">
      <Text>Tütün</Text>
    </Row>
    <Row Tag="LOC_RESOURCE_WHALES_NAME">
      <Text>Balinalar
 	 	 	 2</Text>
      <Plurality>2</Plurality>
    </Row>
    <Row Tag="LOC_RESOURCE_WINE_NAME">
      <Text>Şarap</Text>
    </Row>
    <Row Tag="LOC_RESOURCE_JEANS_NAME">
      <Text>Jeans
 	 	 	 2</Text>
      <Plurality>2</Plurality>
    </Row>
    <Row Tag="LOC_RESOURCE_PERFUME_NAME">
      <Text>Parfüm</Text>
    </Row>
    <Row Tag="LOC_RESOURCE_COSMETICS_NAME">
      <Text>Kozmetik 
 	 	 	 2</Text>
      <Plurality>2</Plurality>
    </Row>
    <Row Tag="LOC_RESOURCE_TOYS_NAME">
      <Text>Oyuncaklar
 	 	 	 2</Text>
      <Plurality>2</Plurality>
    </Row>
    <Row Tag="LOC_RESOURCE_CINNAMON_NAME">
      <Text>Tarçın</Text>
    </Row>
    <Row Tag="LOC_RESOURCE_CLOVES_NAME">
      <Text>Karanfil
 	 	 	 2</Text>
      <Plurality>2</Plurality>
    </Row>
    <!-- Resources: Strategic-->
    <Row Tag="LOC_RESOURCE_ALUMINUM_NAME">
      <Text>Alüminyum</Text>
    </Row>
    <Row Tag="LOC_RESOURCE_COAL_NAME">
      <Text>Kömür</Text>
    </Row>
    <Row Tag="LOC_RESOURCE_HORSES_NAME">
      <Text>Atlar
 	 	 	 2</Text>
      <Plurality>2</Plurality>
    </Row>
    <Row Tag="LOC_RESOURCE_IRON_NAME">
      <Text>Demir</Text>
    </Row>
    <Row Tag="LOC_RESOURCE_NITER_NAME">
      <Text>Niter</Text>
    </Row>
    <Row Tag="LOC_RESOURCE_OIL_NAME">
      <Text>Yağ</Text>
    </Row>
    <Row Tag="LOC_RESOURCE_URANIUM_NAME">
      <Text>Uranyum</Text>
    </Row>
    <Row Tag="LOC_RESOURCE_ANTIQUITY_SITE_NAME">
      <Text>Antik Çağ Sitesi</Text>
    </Row>
    <Row Tag="LOC_RESOURCE_SHIPWRECK_NAME">
      <Text>Gemi Enkazı</Text>
    </Row>
    <!-- Routes-->
    <Row Tag="LOC_ROUTE_ANCIENT_ROAD_NAME">
      <Text>Antik Yol</Text>
    </Row>
    <Row Tag="LOC_ROUTE_MEDIEVAL_ROAD_NAME">
      <Text>Klasik Yol</Text>
    </Row>
    <Row Tag="LOC_ROUTE_INDUSTRIAL_ROAD_NAME">
      <Text>Endüstriyel Yol</Text>
    </Row>
    <Row Tag="LOC_ROUTE_MODERN_ROAD_NAME">
      <Text>Modern Yol</Text>
    </Row>
    <!-- Slots-->
    <Row Tag="LOC_SLOT_ECONOMIC_NAME">
      <Text>Ekonomik</Text>
    </Row>
    <Row Tag="LOC_SLOT_MILITARY_NAME">
      <Text>Askeri</Text>
    </Row>
    <Row Tag="LOC_SLOT_DIPLOMATIC_NAME">
      <Text>Diplomatik</Text>
    </Row>
    <Row Tag="LOC_SLOT_GREAT_PERSON_NAME">
      <Text>Harika İnsan</Text>
    </Row>
    <Row Tag="LOC_SLOT_WILDCARD_NAME">
      <Text>Wildcard</Text>
    </Row>
    <Row Tag="LOC_EMPTY_SLOT_ECONOMIC">
      <Text>Boş Ekonomi Politikası Yuvası</Text>
    </Row>
    <Row Tag="LOC_EMPTY_SLOT_MILITARY">
      <Text>Boş Askeri Politika Yuvası</Text>
    </Row>
    <Row Tag="LOC_EMPTY_SLOT_DIPLOMATIC">
      <Text>Boş Diplomatik Politika Yuvası</Text>
    </Row>
    <Row Tag="LOC_EMPTY_SLOT_WILDCARD">
      <Text>Boş Joker Yuvası</Text>
    </Row>
    <!-- Techs -->
    <Row Tag="LOC_TECH_ADVANCED_BALLISTICS_NAME">
      <Text>İleri Balistik</Text>
    </Row>
    <Row Tag="LOC_TECH_ADVANCED_FLIGHT_NAME">
      <Text>Gelişmiş Uçuş</Text>
    </Row>
    <Row Tag="LOC_TECH_ANIMAL_HUSBANDRY_NAME">
      <Text>Hayvan Yetiştiriciliği</Text>
    </Row>
    <Row Tag="LOC_TECH_ARCHERY_NAME">
      <Text>Okçuluk</Text>
    </Row>
    <Row Tag="LOC_TECH_ASTROLOGY_NAME">
      <Text>Astroloji</Text>
    </Row>
    <Row Tag="LOC_TECH_ASTRONOMY_NAME">
      <Text>Astronomi</Text>
    </Row>
    <Row Tag="LOC_TECH_BALLISTICS_NAME">
      <Text>Balistik</Text>
    </Row>
    <Row Tag="LOC_TECH_BANKING_NAME">
      <Text>Bankacılık</Text>
    </Row>
    <Row Tag="LOC_TECH_BRONZE_WORKING_NAME">
      <Text>Bronz İşleme</Text>
    </Row>
    <Row Tag="LOC_TECH_CARTOGRAPHY_NAME">
      <Text>Kartografya</Text>
    </Row>
    <Row Tag="LOC_TECH_CELESTIAL_NAVIGATION_NAME">
      <Text>Göksel Navigasyon</Text>
    </Row>
    <Row Tag="LOC_TECH_CHEMISTRY_NAME">
      <Text>Kimya</Text>
    </Row>
    <Row Tag="LOC_TECH_COMBINED_ARMS_NAME">
      <Text>Birleşik Silahlar</Text>
    </Row>
    <Row Tag="LOC_TECH_COMBUSTION_NAME">
      <Text>Yanma</Text>
    </Row>
    <Row Tag="LOC_TECH_COMPOSITES_NAME">
      <Text>Kompozitler</Text>
    </Row>
    <Row Tag="LOC_TECH_COMPUTERS_NAME">
      <Text>Bilgisayarlar</Text>
    </Row>
    <Row Tag="LOC_TECH_CONSTRUCTION_NAME">
      <Text>İnşaat</Text>
    </Row>
    <Row Tag="LOC_TECH_CURRENCY_NAME">
      <Text>Para Birimi</Text>
    </Row>
    <Row Tag="LOC_TECH_ECONOMICS_NAME">
      <Text>Ekonomi</Text>
    </Row>
    <Row Tag="LOC_TECH_EDUCATION_NAME">
      <Text>Eğitim</Text>
    </Row>
    <Row Tag="LOC_TECH_ELECTRICITY_NAME">
      <Text>Elektrik</Text>
    </Row>
    <Row Tag="LOC_TECH_ENGINEERING_NAME">
      <Text>Mühendislik</Text>
    </Row>
    <Row Tag="LOC_TECH_FLIGHT_NAME">
      <Text>Uçuş</Text>
    </Row>
    <Row Tag="LOC_TECH_CASTLES_NAME">
      <Text>Kaleler</Text>
    </Row>
    <Row Tag="LOC_TECH_FUTURE_TECH_NAME">
      <Text>Geleceğin Teknolojisi</Text>
    </Row>
    <Row Tag="LOC_TECH_GUIDANCE_SYSTEMS_NAME">
      <Text>Yönlendirme Sistemleri</Text>
    </Row>
    <Row Tag="LOC_TECH_GUNPOWDER_NAME">
      <Text>Barut</Text>
    </Row>
    <Row Tag="LOC_TECH_HORSEBACK_RIDING_NAME">
      <Text>At Binme</Text>
    </Row>
    <Row Tag="LOC_TECH_INDUSTRIALIZATION_NAME">
      <Text>Sanayileşme</Text>
    </Row>
    <Row Tag="LOC_TECH_IRON_WORKING_NAME">
      <Text>Demir İşleme</Text>
    </Row>
    <Row Tag="LOC_TECH_IRRIGATION_NAME">
      <Text>Sulama</Text>
    </Row>
    <Row Tag="LOC_TECH_LASERS_NAME">
      <Text>Lazerler</Text>
    </Row>
    <Row Tag="LOC_TECH_MACHINERY_NAME">
      <Text>Makine</Text>
    </Row>
    <Row Tag="LOC_TECH_MASONRY_NAME">
      <Text>Duvarcılık</Text>
    </Row>
    <Row Tag="LOC_TECH_MASS_PRODUCTION_NAME">
      <Text>Seri Üretim</Text>
    </Row>
    <Row Tag="LOC_TECH_MATHEMATICS_NAME">
      <Text>Matematik</Text>
    </Row>
    <Row Tag="LOC_TECH_APPRENTICESHIP_NAME">
      <Text>Çıraklık</Text>
    </Row>
    <Row Tag="LOC_TECH_METAL_CASTING_NAME">
      <Text>Metal Döküm</Text>
    </Row>
    <Row Tag="LOC_TECH_MILITARY_ENGINEERING_NAME">
      <Text>Askeri Mühendislik</Text>
    </Row>
    <Row Tag="LOC_TECH_STIRRUPS_NAME">
      <Text>Üzengi</Text>
    </Row>
    <Row Tag="LOC_TECH_MILITARY_SCIENCE_NAME">
      <Text>Askeri Bilim</Text>
    </Row>
    <Row Tag="LOC_TECH_MILITARY_TACTICS_NAME">
      <Text>Askeri Taktikler</Text>
    </Row>
    <Row Tag="LOC_TECH_MINING_NAME">
      <Text>Madencilik</Text>
    </Row>
    <Row Tag="LOC_TECH_NANOTECHNOLOGY_NAME">
      <Text>Nanoteknoloji</Text>
    </Row>
    <Row Tag="LOC_TECH_NUCLEAR_FISSION_NAME">
      <Text>Nükleer Fisyon</Text>
    </Row>
    <Row Tag="LOC_TECH_NUCLEAR_FUSION_NAME">
      <Text>Nükleer Füzyon</Text>
    </Row>
    <Row Tag="LOC_TECH_POTTERY_NAME">
      <Text>Çömlekçilik</Text>
    </Row>
    <Row Tag="LOC_TECH_PLASTICS_NAME">
      <Text>Plastikler</Text>
    </Row>
    <Row Tag="LOC_TECH_PRINTING_NAME">
      <Text>Baskı</Text>
    </Row>
    <Row Tag="LOC_TECH_RADIO_NAME">
      <Text>Radyo</Text>
    </Row>
    <Row Tag="LOC_TECH_REPLACEABLE_PARTS_NAME">
      <Text>Değiştirilebilir Parçalar</Text>
    </Row>
    <Row Tag="LOC_TECH_RIFLING_NAME">
      <Text>Yivli</Text>
    </Row>
    <Row Tag="LOC_TECH_ROBOTICS_NAME">
      <Text>Robotik</Text>
    </Row>
    <Row Tag="LOC_TECH_ROCKETRY_NAME">
      <Text>Roketçilik</Text>
    </Row>
    <Row Tag="LOC_TECH_SAILING_NAME">
      <Text>Yelken</Text>
    </Row>
    <Row Tag="LOC_TECH_SANITATION_NAME">
      <Text>Sanitasyon</Text>
    </Row>
    <Row Tag="LOC_TECH_SATELLITES_NAME">
      <Text>Uydular</Text>
    </Row>
    <Row Tag="LOC_TECH_SCIENTIFIC_THEORY_NAME">
      <Text>Bilimsel Teori</Text>
    </Row>
    <Row Tag="LOC_TECH_SHIPBUILDING_NAME">
      <Text>Gemi İnşaatı</Text>
    </Row>
    <Row Tag="LOC_TECH_SIEGE_TACTICS_NAME">
      <Text>Kuşatma Taktikleri</Text>
    </Row>
    <Row Tag="LOC_TECH_SQUARE_RIGGING_NAME">
      <Text>Kare Arma</Text>
    </Row>
    <Row Tag="LOC_TECH_STEALTH_TECHNOLOGY_NAME">
      <Text>Gizli Teknoloji</Text>
    </Row>
    <Row Tag="LOC_TECH_STEAM_POWER_NAME">
      <Text>Buhar Gücü</Text>
    </Row>
    <Row Tag="LOC_TECH_STEEL_NAME">
      <Text>Çelik</Text>
    </Row>
    <Row Tag="LOC_TECH_SYNTHETIC_MATERIALS_NAME">
      <Text>Sentetik Malzemeler</Text>
    </Row>
    <Row Tag="LOC_TECH_TELECOMMUNICATIONS_NAME">
      <Text>Telekomünikasyon</Text>
    </Row>
    <Row Tag="LOC_TECH_THE_WHEEL_NAME">
      <Text>Tekerlek</Text>
    </Row>
    <Row Tag="LOC_TECH_WRITING_NAME">
      <Text>Yazma</Text>
    </Row>
    <!-- Terrain -->
    <Row Tag="LOC_TERRAIN_COAST_NAME">
      <Text>Kıyı ve Göl</Text>
    </Row>
    <Row Tag="LOC_TERRAIN_DESERT_NAME">
      <Text>Çöl</Text>
    </Row>
    <Row Tag="LOC_TERRAIN_DESERT_HILLS_NAME">
      <Text>Çöl (Tepeler)</Text>
    </Row>
    <Row Tag="LOC_TERRAIN_DESERT_MOUNTAIN_NAME">
      <Text>Çöl (Dağ)</Text>
    </Row>
    <Row Tag="LOC_TERRAIN_GRASS_NAME">
      <Text>Otlak</Text>
    </Row>
    <Row Tag="LOC_TERRAIN_GRASS_HILLS_NAME">
      <Text>Otlak (Tepeler)</Text>
    </Row>
    <Row Tag="LOC_TERRAIN_GRASS_MOUNTAIN_NAME">
      <Text>Otlak (Dağ)</Text>
    </Row>
    <Row Tag="LOC_TERRAIN_OCEAN_NAME">
      <Text>Okyanus</Text>
    </Row>
    <Row Tag="LOC_TERRAIN_PLAINS_NAME">
      <Text>Ovalar</Text>
    </Row>
    <Row Tag="LOC_TERRAIN_PLAINS_HILLS_NAME">
      <Text>Ovalar (Tepeler)</Text>
    </Row>
    <Row Tag="LOC_TERRAIN_PLAINS_MOUNTAIN_NAME">
      <Text>Ovalar (Dağ)</Text>
    </Row>
    <Row Tag="LOC_TERRAIN_SNOW_NAME">
      <Text>Kar</Text>
    </Row>
    <Row Tag="LOC_TERRAIN_SNOW_HILLS_NAME">
      <Text>Kar (Tepeler)</Text>
    </Row>
    <Row Tag="LOC_TERRAIN_SNOW_MOUNTAIN_NAME">
      <Text>Kar (Dağ)</Text>
    </Row>
    <Row Tag="LOC_TERRAIN_TUNDRA_NAME">
      <Text>Tundra</Text>
    </Row>
    <Row Tag="LOC_TERRAIN_TUNDRA_HILLS_NAME">
      <Text>Tundra (Tepeler)</Text>
    </Row>
    <Row Tag="LOC_TERRAIN_TUNDRA_MOUNTAIN_NAME">
      <Text>Tundra (Dağ)</Text>
    </Row>
    <Row Tag="LOC_TERRAIN_OUTOFPLAY_NAME">
      <Text>Void Hex</Text>
    </Row>
    <Row Tag="LOC_TERRAIN_CLASS_GRASS_NAME">
      <Text>Çim Sınıfı</Text>
    </Row>
    <Row Tag="LOC_TERRAIN_CLASS_MOUNTAIN_NAME">
      <Text>Dağ Sınıfı</Text>
    </Row>
    <Row Tag="LOC_TERRAIN_CLASS_PLAINS_NAME">
      <Text>Ovalar Sınıfı</Text>
    </Row>
    <Row Tag="LOC_TERRAIN_CLASS_DESERT_NAME">
      <Text>Çöl Sınıfı</Text>
    </Row>
    <Row Tag="LOC_TERRAIN_CLASS_TUNDRA_NAME">
      <Text>Tundra Sınıfı</Text>
    </Row>
    <Row Tag="LOC_TERRAIN_CLASS_SNOW_NAME">
      <Text>Kar Sınıfı</Text>
    </Row>
    <Row Tag="LOC_TERRAIN_CLASS_WATER_NAME">
      <Text>Su Sınıfı</Text>
    </Row>
    <!-- Units -->
    <Row Tag="LOC_UNIT_AIRCRAFT_CARRIER_NAME">
      <Text>Uçak Gemisi
 	 	 	 eril:an</Text>
      <Gender>masculine:an</Gender>
    </Row>
    <Row Tag="LOC_UNIT_ANTIAIR_GUN_NAME">
      <Text>Anti-Hava Silahı
 	 	 	 eril:an</Text>
      <Gender>masculine:an</Gender>
    </Row>
    <Row Tag="LOC_UNIT_APOSTLE_NAME">
      <Text>Havari
 	 	 	 Eril:an</Text>
      <Gender>Masculine:an</Gender>
    </Row>
    <Row Tag="LOC_UNIT_ARCHAEOLOGIST_NAME">
      <Text>Arkeolog
 	 	 	 Eril:an</Text>
      <Gender>Masculine:an</Gender>
    </Row>
    <Row Tag="LOC_UNIT_ARCHER_NAME">
      <Text>Okçu
 	 	 	 Eril:an</Text>
      <Gender>Masculine:an</Gender>
    </Row>
    <Row Tag="LOC_UNIT_ARTILLERY_NAME">
      <Text>Topçu
 	 	 	 Eril:an</Text>
      <Gender>Masculine:an</Gender>
    </Row>
    <Row Tag="LOC_UNIT_AT_CREW_NAME">
      <Text>AT Crew
 	 	 	 Eril:an</Text>
      <Gender>Masculine:an</Gender>
    </Row>
    <Row Tag="LOC_UNIT_BARBARIAN_HORSEMAN_NAME">
      <Text>Barbar Süvari</Text>
    </Row>
    <Row Tag="LOC_UNIT_BARBARIAN_HORSE_ARCHER_NAME">
      <Text>Barbar Atlı Okçu</Text>
    </Row>
    <Row Tag="LOC_UNIT_BATTERING_RAM_NAME">
      <Text>Koçbaşı</Text>
    </Row>
    <Row Tag="LOC_UNIT_BATTLESHIP_NAME">
      <Text>Savaş Gemisi</Text>
    </Row>
    <Row Tag="LOC_UNIT_BUILDER_NAME">
      <Text>İnşaatçı</Text>
    </Row>
    <Row Tag="LOC_UNIT_BIPLANE_NAME">
      <Text>Çift Kanatlı</Text>
    </Row>
    <Row Tag="LOC_UNIT_BOMBER_NAME">
      <Text>Bombacı</Text>
    </Row>
    <Row Tag="LOC_UNIT_BOMBARD_NAME">
      <Text>Bombardıman</Text>
    </Row>
    <Row Tag="LOC_UNIT_CARAVEL_NAME">
      <Text>Caravel</Text>
    </Row>
    <Row Tag="LOC_UNIT_CATAPULT_NAME">
      <Text>Mancınık</Text>
    </Row>
    <Row Tag="LOC_UNIT_CAVALRY_NAME">
      <Text>Süvari</Text>
    </Row>
    <Row Tag="LOC_UNIT_DESTROYER_NAME">
      <Text>Destroyer</Text>
    </Row>
    <Row Tag="LOC_UNIT_CROSSBOWMAN_NAME">
      <Text>Arbaletçi</Text>
    </Row>
    <Row Tag="LOC_UNIT_FIELD_CANNON_NAME">
      <Text>Saha Topu</Text>
    </Row>
    <Row Tag="LOC_UNIT_FIGHTER_NAME">
      <Text>Savaşçı</Text>
    </Row>
    <Row Tag="LOC_UNIT_FRIGATE_NAME">
      <Text>Fırkateyn</Text>
    </Row>
    <Row Tag="LOC_UNIT_GALLEY_NAME">
      <Text>Kadırga</Text>
    </Row>
    <Row Tag="LOC_GREAT_PERSON_CLASS_GENERAL_NAME">
      <Text>Büyük General</Text>
    </Row>
    <Row Tag="LOC_UNIT_GREAT_GENERAL_NAME">
      <Text>Büyük General</Text>
    </Row>
    <Row Tag="LOC_GREAT_PERSON_CLASS_ADMIRAL_NAME">
      <Text>Büyük Amiral</Text>
    </Row>
    <Row Tag="LOC_UNIT_GREAT_ADMIRAL_NAME">
      <Text>Büyük Amiral</Text>
    </Row>
    <Row Tag="LOC_GREAT_PERSON_CLASS_ENGINEER_NAME">
      <Text>Büyük Mühendis</Text>
    </Row>
    <Row Tag="LOC_UNIT_GREAT_ENGINEER_NAME">
      <Text>Büyük Mühendis</Text>
    </Row>
    <Row Tag="LOC_GREAT_PERSON_CLASS_MERCHANT_NAME">
      <Text>Büyük Tüccar</Text>
    </Row>
    <Row Tag="LOC_UNIT_GREAT_MERCHANT_NAME">
      <Text>Büyük Tüccar</Text>
    </Row>
    <Row Tag="LOC_GREAT_PERSON_CLASS_PROPHET_NAME">
      <Text>Büyük Peygamber</Text>
    </Row>
    <Row Tag="LOC_UNIT_GREAT_PROPHET_NAME">
      <Text>Büyük Peygamber</Text>
    </Row>
    <Row Tag="LOC_GREAT_PERSON_CLASS_SCIENTIST_NAME">
      <Text>Büyük Bilim İnsanı</Text>
    </Row>
    <Row Tag="LOC_UNIT_GREAT_SCIENTIST_NAME">
      <Text>Büyük Bilim İnsanı</Text>
    </Row>
    <Row Tag="LOC_GREAT_PERSON_CLASS_WRITER_NAME">
      <Text>Büyük Yazar</Text>
    </Row>
    <Row Tag="LOC_UNIT_GREAT_WRITER_NAME">
      <Text>Büyük Yazar</Text>
    </Row>
    <Row Tag="LOC_GREAT_PERSON_CLASS_ARTIST_NAME">
      <Text>Büyük Sanatçı</Text>
    </Row>
    <Row Tag="LOC_UNIT_GREAT_ARTIST_NAME">
      <Text>Büyük Sanatçı</Text>
    </Row>
    <Row Tag="LOC_GREAT_PERSON_CLASS_MUSICIAN_NAME">
      <Text>Büyük Müzisyen</Text>
    </Row>
    <Row Tag="LOC_UNIT_GREAT_MUSICIAN_NAME">
      <Text>Büyük Müzisyen</Text>
    </Row>
    <Row Tag="LOC_UNIT_GURU_NAME">
      <Text>Guru</Text>
    </Row>
    <Row Tag="LOC_UNIT_HEAVY_CHARIOT_NAME">
      <Text>Ağır Savaş Arabası</Text>
    </Row>
    <Row Tag="LOC_UNIT_HELICOPTER_NAME">
      <Text>Helikopter</Text>
    </Row>
    <Row Tag="LOC_UNIT_HORSEMAN_NAME">
      <Text>Atlı</Text>
    </Row>
    <Row Tag="LOC_UNIT_INFANTRY_NAME">
      <Text>Piyade
 	 	 	 Eril:an</Text>
      <Gender>Masculine:an</Gender>
    </Row>
    <Row Tag="LOC_UNIT_INQUISITOR_NAME">
      <Text>Inquisitor
 	 	 	 Eril:an</Text>
      <Gender>Masculine:an</Gender>
    </Row>
    <Row Tag="LOC_UNIT_IRONCLAD_NAME">
      <Text>Ironclad
 	 	 	 Eril:an</Text>
      <Gender>Masculine:an</Gender>
    </Row>
    <Row Tag="LOC_UNIT_JET_BOMBER_NAME">
      <Text>Jet Bombacı</Text>
    </Row>
    <Row Tag="LOC_UNIT_JET_FIGHTER_NAME">
      <Text>Jet Savaşçısı</Text>
    </Row>
    <Row Tag="LOC_UNIT_KNIGHT_NAME">
      <Text>Şövalye</Text>
    </Row>
    <Row Tag="LOC_UNIT_MACHINE_GUN_NAME">
      <Text>Makineli Tüfek</Text>
    </Row>
    <Row Tag="LOC_UNIT_MECHANIZED_INFANTRY_NAME">
      <Text>Mekanize Piyade</Text>
    </Row>
    <Row Tag="LOC_UNIT_MEDIC_NAME">
      <Text>Medic</Text>
    </Row>
    <Row Tag="LOC_UNIT_MILITARY_ENGINEER_NAME">
      <Text>Askeri Mühendis</Text>
    </Row>
    <Row Tag="LOC_UNIT_MISSILE_CRUISER_NAME">
      <Text>Füze Kruvazörü</Text>
    </Row>
    <Row Tag="LOC_UNIT_MISSIONARY_NAME">
      <Text>Misyonerlik</Text>
    </Row>
    <Row Tag="LOC_UNIT_MODERN_AT_NAME">
      <Text>Modern AT</Text>
    </Row>
    <Row Tag="LOC_UNIT_MODERN_ARMOR_NAME">
      <Text>Modern Zırh</Text>
    </Row>
    <Row Tag="LOC_UNIT_MUSKETMAN_NAME">
      <Text>Silahşör</Text>
    </Row>
    <Row Tag="LOC_UNIT_NATURALIST_NAME">
      <Text>Doğa Bilimci</Text>
    </Row>
    <Row Tag="LOC_UNIT_NUCLEAR_SUBMARINE_NAME">
      <Text>Nükleer Denizaltı</Text>
    </Row>
    <Row Tag="LOC_UNIT_OBSERVATION_BALLOON_NAME">
      <Text>Gözlem Balonu
 	 	 	 Eril:an</Text>
      <Gender>Masculine:an</Gender>
    </Row>
    <Row Tag="LOC_UNIT_PIKEMAN_NAME">
      <Text>Pikeman</Text>
    </Row>
    <Row Tag="LOC_UNIT_PRIVATEER_NAME">
      <Text>Privateer</Text>
    </Row>
    <Row Tag="LOC_UNIT_QUADRIREME_NAME">
      <Text>Quadrireme</Text>
    </Row>
    <Row Tag="LOC_UNIT_RANGER_NAME">
      <Text>Ranger</Text>
    </Row>
    <Row Tag="LOC_UNIT_ROCKET_ARTILLERY_NAME">
      <Text>Roket Topları</Text>
    </Row>
    <Row Tag="LOC_UNIT_MOBILE_SAM_NAME">
      <Text>Mobil SAM</Text>
    </Row>
    <Row Tag="LOC_UNIT_SCOUT_NAME">
      <Text>İzci</Text>
    </Row>
    <Row Tag="LOC_UNIT_SETTLER_NAME">
      <Text>Yerleşimci</Text>
    </Row>
    <Row Tag="LOC_UNIT_SIEGE_TOWER_NAME">
      <Text>Kuşatma Kulesi</Text>
    </Row>
    <Row Tag="LOC_UNIT_SLINGER_NAME">
      <Text>Slinger</Text>
    </Row>
    <Row Tag="LOC_UNIT_SPEARMAN_NAME">
      <Text>Spearman</Text>
    </Row>
    <Row Tag="LOC_UNIT_SPY_NAME">
      <Text>Casus</Text>
    </Row>
    <Row Tag="LOC_UNIT_SUBMARINE_NAME">
      <Text>Denizaltı</Text>
    </Row>
    <Row Tag="LOC_UNIT_SWORDSMAN_NAME">
      <Text>Kılıç Ustası</Text>
    </Row>
    <Row Tag="LOC_UNIT_TANK_NAME">
      <Text>Tank</Text>
    </Row>
    <Row Tag="LOC_UNIT_TRADER_NAME">
      <Text>Tüccar</Text>
    </Row>
    <Row Tag="LOC_UNIT_WARRIOR_NAME">
      <Text>Savaşçı</Text>
    </Row>
    <Row Tag="LOC_UNIT_WARRIOR_MONK_NAME">
      <Text>Savaşçı Keşiş</Text>
    </Row>
    <Row Tag="LOC_UNIT_EGYPTIAN_CHARIOT_ARCHER_NAME">
      <Text>Maryannu Savaş Arabası Okçusu</Text>
    </Row>
    <Row Tag="LOC_UNIT_GREEK_HOPLITE_NAME">
      <Text>Hoplite</Text>
    </Row>
    <Row Tag="LOC_UNIT_SCYTHIAN_HORSE_ARCHER_NAME">
      <Text>Saka Atlı Okçusu</Text>
    </Row>
    <Row Tag="LOC_UNIT_SUMERIAN_WAR_CART_NAME">
      <Text>Savaş Arabası</Text>
    </Row>
    <Row Tag="LOC_UNIT_AMERICAN_ROUGH_RIDER_NAME">
      <Text>Rough Rider</Text>
    </Row>
    <Row Tag="LOC_UNIT_ENGLISH_REDCOAT_NAME">
      <Text>Kırmızı Ceket</Text>
    </Row>
    <Row Tag="LOC_UNIT_SPANISH_CONQUISTADOR_NAME">
      <Text>Conquistador</Text>
    </Row>
    <Row Tag="LOC_UNIT_ROMAN_LEGION_NAME">
      <Text>Lejyon</Text>
    </Row>
    <Row Tag="LOC_UNIT_JAPANESE_SAMURAI_NAME">
      <Text>Samuray</Text>
    </Row>
    <Row Tag="LOC_UNIT_NORWEGIAN_BERSERKER_NAME">
      <Text>Berserker</Text>
    </Row>
    <Row Tag="LOC_UNIT_NORWEGIAN_LONGSHIP_NAME">
      <Text>Viking Uzun Gemisi</Text>
    </Row>
    <Row Tag="LOC_UNIT_CHINESE_CROUCHING_TIGER_NAME">
      <Text>Crouching Tiger</Text>
    </Row>
    <Row Tag="LOC_UNIT_RUSSIAN_COSSACK_NAME">
      <Text>Kazak</Text>
    </Row>
    <Row Tag="LOC_UNIT_INDIAN_VARU_NAME">
      <Text>Varu</Text>
    </Row>
    <Row Tag="LOC_UNIT_ARABIAN_MAMLUK_NAME">
      <Text>Memlük</Text>
    </Row>
    <Row Tag="LOC_UNIT_ENGLISH_SEADOG_NAME">
      <Text>Deniz Köpeği</Text>
    </Row>
    <Row Tag="LOC_UNIT_KONGO_SHIELD_BEARER_NAME">
      <Text>Ngao Mbeba</Text>
    </Row>
    <Row Tag="LOC_UNIT_FRENCH_GARDE_IMPERIALE_NAME">
      <Text>Garde Impériale</Text>
    </Row>
    <Row Tag="LOC_UNIT_GERMAN_UBOAT_NAME">
      <Text>U-Bot</Text>
    </Row>
    <Row Tag="LOC_UNIT_AMERICAN_P51_NAME">
      <Text>P-51 Mustang</Text>
    </Row>
    <Row Tag="LOC_UNIT_BRAZILIAN_MINAS_GERAES_NAME">
      <Text>Minas Geraes</Text>
    </Row>
    <Row Tag="LOC_UNIT_MAN_AT_ARMS_NAME">
      <Text>Silahlı Adam</Text>
    </Row>
    <Row Tag="LOC_UNIT_LINE_INFANTRY_NAME">
      <Text>Hat Piyadeleri</Text>
    </Row>
    <Row Tag="LOC_UNIT_TREBUCHET_NAME">
      <Text>Trebuchet</Text>
    </Row>
    <!-- WMDs -->
    <Row Tag="LOC_WMD_NUCLEAR_DEVICE_NAME">
      <Text>Nükleer Aygıt</Text>
    </Row>
    <Row Tag="LOC_WMD_THERMONUCLEAR_DEVICE_NAME">
      <Text>Termonükleer Aygıt</Text>
    </Row>
    <!-- Yields -->
    <Row Tag="LOC_YIELD_CULTURE_NAME">
      <Text>Kültür</Text>
    </Row>
    <Row Tag="LOC_YIELD_FAITH_NAME">
      <Text>İnanç</Text>
    </Row>
    <Row Tag="LOC_YIELD_FOOD_NAME">
      <Text>Yemek</Text>
    </Row>
    <Row Tag="LOC_YIELD_GOLD_NAME">
      <Text>Altın</Text>
    </Row>
    <Row Tag="LOC_YIELD_PRODUCTION_NAME">
      <Text>Üretim</Text>
    </Row>
    <Row Tag="LOC_YIELD_SCIENCE_NAME">
      <Text>Bilim</Text>
    </Row>
    <Row Tag="LOC_CIVILIZATION_AZTEC_NAME">
      <Text>Aztek
 Eril:the
 2</Text>
      <Gender>Masculine:the</Gender>
      <Plurality>2</Plurality>
    </Row>
    <Row Tag="LOC_LEADER_MONTEZUMA_NAME">
      <Text>Montezuma</Text>
    </Row>
  </BaseGameText>
</GameData>