﻿<?xml version="1.0" encoding="utf-8"?>
<GameData>
  <FrontEndText>
    <Row Tag="LOC_UI_PEDIA_TITLE">
      <Text>SİVİLOPEDİ</Text>
    </Row>
    <Row Tag="LOC_UI_PEDIA_CIVILIZATIONS">
      <Text>Medeniyetler</Text>
    </Row>
    <Row Tag="LOC_UI_PEDIA_GEOGRAPHY_AND_SOCIAL_DATA">
      <Text>Coğrafya ve Sosyal Veriler</Text>
    </Row>
    <Row Tag="LOC_UI_PEDIA_PREFERENCES">
      <Text>Tercihler</Text>
    </Row>
    <Row Tag="LOC_UI_PEDIA_AGENDAS">
      <Text>Gündemler</Text>
    </Row>
    <Row Tag="LOC_UI_PEDIA_PREFERRED_RELIGION">
      <Text>Din</Text>
    </Row>
    <Row Tag="LOC_UI_PEDIA_LEADERS">
      <Text>Liderler</Text>
    </Row>
    <Row Tag="LOC_UI_PEDIA_PREFERS_RIVERS">
      <Text>Nehirler</Text>
    </Row>
    <Row Tag="LOC_UI_PEDIA_PREFERS_RIVERS_FOOTNOTE">
      <Text>(nehirleri de tercih eder)</Text>
    </Row>
    <Row Tag="LOC_UI_PEDIA_SPECIAL_INFRASTRUCTURE">
      <Text>Özel Altyapı</Text>
    </Row>
    <Row Tag="LOC_UI_PEDIA_SPECIAL_UNITS">
      <Text>Özel Birimler</Text>
    </Row>
    <Row Tag="LOC_UI_PEDIA_SUZERAIN">
      <Text>Become Suzerain Of</Text>
    </Row>
    <Row Tag="LOC_UI_PEDIA_START_BIAS">
      <Text>Önyargıyı Başlat</Text>
    </Row>
    <Row Tag="LOC_UI_PEDIA_DESCRIPTION">
      <Text>Açıklama</Text>
    </Row>
    <Row Tag="LOC_UI_PEDIA_BELIEF_CLASS">
      <Text>İnanç Sınıfı</Text>
    </Row>
    <Row Tag="LOC_UI_PEDIA_PROMOTION_CLASS">
      <Text>Terfi Sınıfı</Text>
    </Row>
    <Row Tag="LOC_UI_PEDIA_TRAITS">
      <Text>Özellikler</Text>
    </Row>
    <Row Tag="LOC_UI_PEDIA_MADE_OBSOLETE_BY">
      <Text>Tarafından geçersiz kılındı</Text>
    </Row>
    <Row Tag="LOC_UI_PEDIA_APPLIES_TO">
      <Text>Şunlar için geçerlidir</Text>
    </Row>
    <Row Tag="LOC_UI_PEDIA_REPLACES">
      <Text>Değiştirir</Text>
    </Row>
    <Row Tag="LOC_UI_PEDIA_REQUIRED_CIVICS">
      <Text>Zorunlu Yurttaşlık Bilgisi</Text>
    </Row>
    <Row Tag="LOC_UI_PEDIA_REQUIRED_TECHNOLOGIES">
      <Text>Gerekli Teknolojiler</Text>
    </Row>
    <Row Tag="LOC_UI_PEDIA_UNLOCKS">
      <Text>Kilitleri açar</Text>
    </Row>
    <Row Tag="LOC_UI_PEDIA_BOOSTS">
      <Text>Güçlendirir</Text>
    </Row>
    <Row Tag="LOC_UI_PEDIA_FOLLOWERS">
      <Text>Takipçiler</Text>
    </Row>
    <Row Tag="LOC_UI_PEDIA_PROGRESSION">
      <Text>İlerleme</Text>
    </Row>
    <Row Tag="LOC_UI_PEDIA_LEADS_TO_CIVICS">
      <Text>Yurttaşlık Bilgisine Yönlendirir</Text>
    </Row>
    <Row Tag="LOC_UI_PEDIA_LEADS_TO_TECHS">
      <Text>Teknolojilere Yönlendirir</Text>
    </Row>
    <Row Tag="LOC_UI_PEDIA_PRODUCTION_COST">
      <Text>Üretim Maliyeti</Text>
    </Row>
    <Row Tag="LOC_UI_PEDIA_PURCHASE_COST">
      <Text>Satın Alma Maliyeti</Text>
    </Row>
    <Row Tag="LOC_UI_PEDIA_MAITENANCE_COST">
      <Text>Bakım Maliyeti</Text>
    </Row>
    <Row Tag="LOC_UI_PEDIA_CULTURE_COST">
      <Text>Kültür Maliyeti</Text>
    </Row>
    <Row Tag="LOC_UI_PEDIA_RESEARCH_COST">
      <Text>Araştırma Maliyeti</Text>
    </Row>
    <Row Tag="LOC_UI_PEDIA_BASE_COST">
      <Text>Temel Maliyet: {1_Miktar : sayı #} {2_YieldIcon} {3_YieldName}</Text>
    </Row>
    <Row Tag="LOC_UI_PEDIA_REQUIREMENTS">
      <Text>Gereksinimler</Text>
    </Row>
    <Row Tag="LOC_UI_PEDIA_BUILD_CHARGES">
      <Text>Yapı Ücretleri</Text>
    </Row>
    <Row Tag="LOC_UI_PEDIA_HEAL_CHARGES">
      <Text>İyileştirme Yükleri</Text>
    </Row>
    <Row Tag="LOC_UI_PEDIA_MOVEMENT_POINTS">
      <Text>Hareket Noktaları</Text>
    </Row>
    <Row Tag="LOC_UI_PEDIA_MELEE_STRENGTH">
      <Text>Yakın Dövüş Gücü</Text>
    </Row>
    <Row Tag="LOC_UI_PEDIA_RANGED_STRENGTH">
      <Text>Menzilli Güç</Text>
    </Row>
    <Row Tag="LOC_UI_PEDIA_BOMBARD_STRENGTH">
      <Text>Bombardıman Gücü</Text>
    </Row>
    <Row Tag="LOC_UI_PEDIA_RELIGIOUS_STRENGTH">
      <Text>Dini Güç</Text>
    </Row>
    <Row Tag="LOC_UI_PEDIA_ANTIAIR_STRENGTH">
      <Text>Anti-hava Gücü</Text>
    </Row>
    <Row Tag="LOC_UI_PEDIA_SPREAD_CHARGES">
      <Text>Spread Ücretleri</Text>
    </Row>
    <Row Tag="LOC_UI_PEDIA_RANGE">
      <Text>Menzil</Text>
    </Row>
    <Row Tag="LOC_UI_PEDIA_REPLACED_BY">
      <Text>Tarafından değiştirildi</Text>
    </Row>
    <Row Tag="LOC_UI_PEDIA_UNLOCKED_BY">
      <Text>Tarafından Açıldı</Text>
    </Row>
    <Row Tag="LOC_UI_PEDIA_BUILT_BY">
      <Text>Tarafından inşa edildi</Text>
    </Row>
    <Row Tag="LOC_UI_PEDIA_USAGE">
      <Text>Kullanım</Text>
    </Row>
    <Row Tag="LOC_UI_PEDIA_USAGE_UNLOCKS_BUILDINGS">
      <Text>Binaların Kilidini Açar</Text>
    </Row>
    <Row Tag="LOC_UI_PEDIA_USAGE_UNLOCKS_UNITS">
      <Text>Birimlerin Kilidini Açar</Text>
    </Row>
    <Row Tag="LOC_UI_PEDIA_USAGE_CAN_CONSTRUCT">
      <Text>İnşaat Yapabilir</Text>
    </Row>
    <Row Tag="LOC_UI_PEDIA_PLACEMENT">
      <Text>Yerleştirme</Text>
    </Row>
    <Row Tag="LOC_UI_PEDIA_ADJACENCY">
      <Text>Bitişiklik</Text>
    </Row>
    <Row Tag="LOC_UI_PEDIA_EXCLUSIVE_WITH">
      <Text>Karşılıklı Münhasırlık</Text>
    </Row>
    <Row Tag="LOC_UI_PEDIA_PLACEMENT_ADJ_TO_COAST">
      <Text>Kıyıya, karaya bitişik olarak yerleştirilmelidir</Text>
    </Row>
    <Row Tag="LOC_UI_PEDIA_PLACEMENT_ADJ_TO_CITY">
      <Text>Şehir Merkezinin yanı sıra bitişik bir Nehir, Göl, Vaha veya Dağa komşu olmalıdır</Text>
    </Row>
    <Row Tag="LOC_UI_PEDIA_PLACEMENT_NOT_ADJ_TO_CITY">
      <Text>Şehir Merkezine bitişik olamaz</Text>
    </Row>
    <Row Tag="LOC_UI_PEDIA_ADJACENCY_BONUS">
      <Text>Bitişiklik Bonusu</Text>
    </Row>
    <Row Tag="LOC_UI_PEDIA_CITIZEN_YIELDS">
      <Text>Vatandaş Verimliliği (vatandaş başına)</Text>
    </Row>
    <Row Tag="LOC_UI_PEDIA_TRADE_YIELDS">
      <Text>Ticaret Getirileri</Text>
    </Row>
    <Row Tag="LOC_UI_PEDIA_TRADE_ORIGIN">
      <Text>Köken</Text>
    </Row>
    <Row Tag="LOC_UI_PEDIA_TRADE_DOMESTIC_DESTINATION">
      <Text>Yurtiçi Varış Noktası</Text>
    </Row>
    <Row Tag="LOC_UI_PEDIA_TRADE_INTERNATIONAL_DESTINATION">
      <Text>Uluslararası Destinasyon</Text>
    </Row>
    <Row Tag="LOC_UI_PEDIA_UPGRADES_TO">
      <Text>Yükseltmeler</Text>
    </Row>
    <Row Tag="LOC_UI_PEDIA_UPGRADE_FROM">
      <Text>Şuradan Yükselt</Text>
    </Row>
    <Row Tag="LOC_UI_PEDIA_UNIQUE_TO">
      <Text>Benzersiz</Text>
    </Row>
    <Row Tag="LOC_UI_PEDIA_UNIQUE_ABILITY">
      <Text>Benzersiz Yetenek</Text>
    </Row>
    <Row Tag="LOC_UI_PEDIA_PROMOTIONS">
      <Text>Terfi(ler)</Text>
    </Row>
    <Row Tag="LOC_UI_PEDIA_PROJECTS">
      <Text>Proje(ler)</Text>
    </Row>
    <Row Tag="LOC_UI_PEDIA_CITY_STATE_TYPE">
      <Text>Şehir-Eyalet Tipi</Text>
    </Row>
    <Row Tag="LOC_UI_PEDIA_CREATES">
      <Text>Yaratır</Text>
    </Row>
    <Row Tag="LOC_UI_PEDIA_CREATED_BY">
      <Text>Tarafından Oluşturuldu</Text>
    </Row>
    <Row Tag="LOC_UI_PEDIA_ESPIONAGE_MISSIONS">
      <Text>Casusluk Görevleri</Text>
    </Row>
    <Row Tag="LOC_TYPE_TRAIT_TURNS">
      <Text>Dönüşler: {1_Name} (Standart Hız)</Text>
    </Row>
    <Row Tag="LOC_TYPE_TRAIT_BASE_PROBABILITY">
      <Text>Temel Olasılık: {1_Name}%</Text>
    </Row>
    <Row Tag="LOC_TYPE_TRAIT_TARGET_DISTRICT">
      <Text>Hedef Bölge: {1_Name}</Text>
    </Row>
    <Row Tag="LOC_UI_PEDIA_IMPROVED_BY">
      <Text>Tarafından Geliştirildi</Text>
    </Row>
    <Row Tag="LOC_UI_PEDIA_HARVEST">
      <Text>Hasat</Text>
    </Row>
    <Row Tag="LOC_UI_PEDIA_REQUIRES">
      <Text>Gerektirir: {1_Name}</Text>
    </Row>
    <Row Tag="LOC_UI_PEDIA_VALID_RESOURCES">
      <Text>Geçerli Kaynaklar</Text>
    </Row>
    <Row Tag="LOC_UI_PEDIA_GREATPERSON_ACTION">
      <Text>{1_ActionName} ({2_ChargeAmount} {2_ChargeAmount : plural 1?charge; other?charges;})</Text>
    </Row>
    <Row Tag="LOC_UI_PEDIA_GREAT_WORKS">
      <Text>Harika İşler</Text>
    </Row>
    <Row Tag="LOC_UI_PEDIA_TERRAIN_MOUNTAINS">
      <Text>Dağlar</Text>
    </Row>
    <Row Tag="LOC_UI_PEDIA_TERRAIN_HILLS">
      <Text>Tepeler</Text>
    </Row>
    <Row Tag="LOC_UI_PEDIA_TERRAIN_WATER">
      <Text>Su</Text>
    </Row>
    <Row Tag="LOC_UI_PEDIA_TERRAIN_SHALLOW_WATER">
      <Text>Sığ Su</Text>
    </Row>
    <Row Tag="LOC_UI_PEDIA_TERRAIN_IMPASSABLE">
      <Text>Geçilmez</Text>
    </Row>
    <Row Tag="LOC_UI_PEDIA_ABILITY_INACTIVE">
      <Text>Aktif değil</Text>
    </Row>
    <Row Tag="LOC_UI_PEDIA_ABILITY_INACTIVE_DESC">
      <Text>Etkinleştirmek için özel gereksinimlerin karşılanması gerekir.  Daha fazla ayrıntı için açıklamaya bakın.</Text>
    </Row>
    <Row Tag="LOC_UI_PEDIA_MADE_REMOVED_IF">
      <Text>Oyun şu tarihten sonra başladıysa kaldırıldı</Text>
    </Row>
    <Row Tag="LOC_UI_PEDIA_PLACEMENT_REQUIRES_ADJACENT_RIVER">
      <Text>Bir nehre bitişik olmalıdır</Text>
    </Row>
    <Row Tag="LOC_UI_PEDIA_PLACEMENT_REQUIRES_ADJACENT_MOUNTAIN">
      <Text>Bir dağa bitişik olmalıdır</Text>
    </Row>
    <Row Tag="LOC_UI_PEDIA_PLACEMENT_REQUIRES_COAST">
      <Text>Kıyı üzerine inşa edilmelidir</Text>
    </Row>
    <Row Tag="LOC_UI_PEDIA_PLACEMENT_REQUIRES_LAKE">
      <Text>Bir göl üzerinde inşa edilmiş olmalı</Text>
    </Row>
    <Row Tag="LOC_UI_PEDIA_PLACEMENT_REQUIRES_NOT_LAKE">
      <Text>Göl üzerine inşa edilemez</Text>
    </Row>
    <Row Tag="LOC_UI_PEDIA_REQUIRES_FOUND_RELIGION">
      <Text>Bir din kurmuş olmalı</Text>
    </Row>
    <Row Tag="LOC_UI_PEDIA_REQUIRED_BUILDINGS_OR">
      <Text>Binalar (herhangi biri)</Text>
    </Row>
    <Row Tag="LOC_UI_PEDIA_MOVEMENT_CHANGE">
      <Text>[ICON_Movement] Hareket Değişikliği: {1_Amount}</Text>
    </Row>
  </FrontEndText>
</GameData>