﻿<?xml version="1.0" encoding="utf-8"?>
<GameData>
  <BaseGameText>
    <!-- Base Menu-->
    <Row Tag="LOC_UI_ENDGAME_REPLAY_MOVIE">
      <Text>Filmin Tekrarı</Text>
    </Row>
    <Row Tag="LOC_UI_ENDGAME_MAIN_MENU">
      <Text>Ana Menü</Text>
    </Row>
    <Row Tag="LOC_UI_ENDGAME_EXTENDED_GAME">
      <Text>Sadece bir tur daha...</Text>
    </Row>
    <Row Tag="LOC_UI_ENDGAME_MP_PLAYER_CHANGE_CONTINUE">
      <Text>Sıradaki Oyuncu</Text>
    </Row>
    <Row Tag="LOC_UI_ENDGAME_VICTORY_INFO">
      <Text>SONUÇLAR</Text>
    </Row>
    <Row Tag="LOC_UI_ENDGAME_RANKING">
      <Text>SIRALAMA</Text>
    </Row>
    <Row Tag="LOC_UI_ENDGAME_REPLAY">
      <Text>GRAFİKLER</Text>
    </Row>
    <Row Tag="LOC_UI_ENDGAME_CHAT">
      <Text>SOHBET</Text>
    </Row>
    <Row Tag="LOC_UI_ENDGAME_NUMBERING_FORMAT">
      <Text>{1_number}.</Text>
    </Row>
    <Row Tag="LOC_UI_ENDGAME_POP_SCORE">
      <Text>Skor</Text>
    </Row>
    <Row Tag="LOC_UI_ENDGAME_LEADER_NAME">
      <Text>Lider Adı</Text>
    </Row>
    <!-- Rankings -->
    <Row Tag="LOC_UI_ENDGAME_RANKING_STATEMENT">
      <Text>{1_LeaderName} seviyesine ulaştınız</Text>
    </Row>
    <Row Tag="LOC_UI_ENDGAME_RANKING_LEADER_1_NAME">
      <Text>Augustus Caesar</Text>
    </Row>
    <Row Tag="LOC_UI_ENDGAME_RANKING_LEADER_1_QUOTE">
      <Text>Roma'yı tuğladan bir şehir olarak buldum ve mermerden bir şehir olarak bıraktım.</Text>
    </Row>
    <Row Tag="LOC_UI_ENDGAME_RANKING_LEADER_2_NAME">
      <Text>Hammurabi</Text>
    </Row>
    <Row Tag="LOC_UI_ENDGAME_RANKING_LEADER_2_QUOTE">
      <Text>Hükümetin ilk görevi güçsüzleri güçlülerden korumaktır.</Text>
    </Row>
    <Row Tag="LOC_UI_ENDGAME_RANKING_LEADER_3_NAME">
      <Text>Abraham Lincoln</Text>
    </Row>
    <Row Tag="LOC_UI_ENDGAME_RANKING_LEADER_3_QUOTE">
      <Text>Bugün yapılabilecek hiçbir şeyi yarına bırakmayın.</Text>
    </Row>
    <Row Tag="LOC_UI_ENDGAME_RANKING_LEADER_4_NAME">
      <Text>Winston Churchill</Text>
    </Row>
    <Row Tag="LOC_UI_ENDGAME_RANKING_LEADER_4_QUOTE">
      <Text>Büyük gücün olduğu yerde büyük sorumluluk vardır; daha az gücün olduğu yerde daha az sorumluluk vardır; ve bence gücün olmadığı yerde sorumluluk da olamaz.</Text>
    </Row>
    <Row Tag="LOC_UI_ENDGAME_RANKING_LEADER_5_NAME">
      <Text>Nelson Mandela</Text>
    </Row>
    <Row Tag="LOC_UI_ENDGAME_RANKING_LEADER_5_QUOTE">
      <Text>Gerçek liderler, halklarının özgürlüğü için her şeyi feda etmeye hazır olmalıdır.</Text>
    </Row>
    <Row Tag="LOC_UI_ENDGAME_RANKING_LEADER_6_NAME">
      <Text>Büyük Katerina</Text>
    </Row>
    <Row Tag="LOC_UI_ENDGAME_RANKING_LEADER_6_QUOTE">
      <Text>Bir ulusun güveni olmadan güç hiçbir şeydir.</Text>
    </Row>
    <Row Tag="LOC_UI_ENDGAME_RANKING_LEADER_7_NAME">
      <Text>Ashoka</Text>
    </Row>
    <Row Tag="LOC_UI_ENDGAME_RANKING_LEADER_7_QUOTE">
      <Text>Diğer mezhepleri kötülemek yasaktır; gerçek mümin onlarda şerefe layık olan her şeye şeref verir.</Text>
    </Row>
    <Row Tag="LOC_UI_ENDGAME_RANKING_LEADER_8_NAME">
      <Text>Marcus Aurelius</Text>
    </Row>
    <Row Tag="LOC_UI_ENDGAME_RANKING_LEADER_8_QUOTE">
      <Text>Hayatın amacı çoğunluğun tarafında olmak değil, kendini deliler safında bulmaktan kaçmaktır.</Text>
    </Row>
    <Row Tag="LOC_UI_ENDGAME_RANKING_LEADER_9_NAME">
      <Text>Lech Wałęsa</Text>
    </Row>
    <Row Tag="LOC_UI_ENDGAME_RANKING_LEADER_9_QUOTE">
      <Text>Bir ulus olarak kendi meselelerimize karar verme, kendi geleceğimizi şekillendirme hakkına sahibiz.</Text>
    </Row>
    <Row Tag="LOC_UI_ENDGAME_RANKING_LEADER_10_NAME">
      <Text>Hatşepsut</Text>
    </Row>
    <Row Tag="LOC_UI_ENDGAME_RANKING_LEADER_10_QUOTE">
      <Text>Dinleyin, tüm insanlar! Ne kadar çoksanız o kadar çok insan! Ben her şeyi yüreğimin tasarısına göre yaptım.</Text>
    </Row>
    <Row Tag="LOC_UI_ENDGAME_RANKING_LEADER_11_NAME">
      <Text>Charles de Gaulle</Text>
    </Row>
    <Row Tag="LOC_UI_ENDGAME_RANKING_LEADER_11_QUOTE">
      <Text>Sağlam, saf ve sadık olalım; üzüntümüzün sonunda, dünyanın en büyük zaferi, pes etmeyen insanlarınki vardır.</Text>
    </Row>
    <Row Tag="LOC_UI_ENDGAME_RANKING_LEADER_12_NAME">
      <Text>Aquitaine'li Eleanor</Text>
    </Row>
    <Row Tag="LOC_UI_ENDGAME_RANKING_LEADER_12_QUOTE">
      <Text>Zavallı ve kimsenin acımadığı, iki krallığın hükümdarı, iki kralın annesi olan ben neden bu iğrenç yaşlılığın rezilliğine geldim? Bağırsaklarım benden koparıldı, ailem götürüldü ve benden uzaklaştırıldı.</Text>
    </Row>
    <Row Tag="LOC_UI_ENDGAME_RANKING_LEADER_13_NAME">
      <Text>Korkunç İvan</Text>
    </Row>
    <Row Tag="LOC_UI_ENDGAME_RANKING_LEADER_13_QUOTE">
      <Text>Sakalı tıraş etmek, tüm şehitlerin kanının temizleyemeyeceği bir günahtır. Bu, Tanrı'nın suretini tahrif etmektir.</Text>
    </Row>
    <Row Tag="LOC_UI_ENDGAME_RANKING_LEADER_14_NAME">
      <Text>Herbert Hoover</Text>
    </Row>
    <Row Tag="LOC_UI_ENDGAME_RANKING_LEADER_14_QUOTE">
      <Text>Ülkenin ihtiyacı olan şey kocaman bir kahkaha... Eğer birisi her on günde bir iyi bir espri yapabilseydi, sanırım sorunlarımız sona ererdi.</Text>
    </Row>
    <Row Tag="LOC_UI_ENDGAME_RANKING_LEADER_15_NAME">
      <Text>Louis XVI</Text>
    </Row>
    <Row Tag="LOC_UI_ENDGAME_RANKING_LEADER_15_QUOTE">
      <Text>Ne zaman yüksek bir makamı doldursam, yüzlerce hoşnutsuz adam ve bir nankör yaratıyorum.</Text>
    </Row>
    <Row Tag="LOC_UI_ENDGAME_RANKING_LEADER_16_NAME">
      <Text>Neville Chamberlain</Text>
    </Row>
    <Row Tag="LOC_UI_ENDGAME_RANKING_LEADER_16_QUOTE">
      <Text>Zamanımızda barış.</Text>
    </Row>
    <Row Tag="LOC_UI_ENDGAME_RANKING_LEADER_17_NAME">
      <Text>Nero</Text>
    </Row>
    <Row Tag="LOC_UI_ENDGAME_RANKING_LEADER_17_QUOTE">
      <Text>Her zaman kendisine söylenenlere inanmaya hazır olan bir adam asla başarılı olamaz.</Text>
    </Row>
    <Row Tag="LOC_UI_ENDGAME_RANKING_LEADER_18_NAME">
      <Text>Warren G. Harding</Text>
    </Row>
    <Row Tag="LOC_UI_ENDGAME_RANKING_LEADER_18_QUOTE">
      <Text>En tehlikeli eğilimimiz, hükümetten çok fazla şey beklemek ve aynı zamanda onun için çok az şey yapmaktır.</Text>
    </Row>
    <Row Tag="LOC_UI_ENDGAME_RANKING_LEADER_19_NAME">
      <Text>Ethelred the Unready</Text>
    </Row>
    <Row Tag="LOC_UI_ENDGAME_RANKING_LEADER_19_QUOTE">
      <Text>Kutsal Üçleme adına, tebaam olan bu Hıristiyan halka üç şey vaat ediyorum: Birincisi, Tanrı'nın Kilisesi'ni ve krallığımın tüm Hıristiyan halkını gerçek barış içinde tutacağıma; ikincisi, her koşuldaki insana her türlü tecavüzü ve adaletsizliği yasaklayacağıma; üçüncüsü, tüm yargılarda adalet ve merhamet vaat ve emrediyorum.</Text>
    </Row>
    <Row Tag="LOC_UI_ENDGAME_RANKING_LEADER_20_NAME">
      <Text>I. Mary Tudor</Text>
    </Row>
    <Row Tag="LOC_UI_ENDGAME_RANKING_LEADER_20_QUOTE">
      <Text>Sana güveniyorum, ya Rab, beni asla şaşırtma; Tanrı bizden yanaysa, kim bize karşı olabilir?</Text>
    </Row>
    <Row Tag="LOC_UI_ENDGAME_RANKING_LEADER_21_NAME">
      <Text>Dan Quayle</Text>
    </Row>
    <Row Tag="LOC_UI_ENDGAME_RANKING_LEADER_21_QUOTE">
      <Text>Meydana gelebilecek veya gelmeyecek her türlü öngörülemeyen olay için hazırız.</Text>
    </Row>
    <!-- Replay -->
    <Row Tag="LOC_UI_ENDGAME_REPLAY_NOGRAPHDATA">
      <Text>Grafik Verisi Yok</Text>
    </Row>
    <!-- Graph Data Sets -->
    <Row Tag="LOC_REPLAYDATASET_CULTURE_NAME">
      <Text>Tur başına kültür</Text>
    </Row>
    <Row Tag="LOC_REPLAYDATASET_CULTURE_DESC">
      <Text>Tur başına elde edilen Kültür miktarı.</Text>
    </Row>
    <Row Tag="LOC_REPLAYDATASET_TOTALGOLD_NAME">
      <Text>Altın bakiyesi</Text>
    </Row>
    <Row Tag="LOC_REPLAYDATASET_TOTALGOLD_DESC">
      <Text>Oyuncunun toplam Altını.</Text>
    </Row>
    <Row Tag="LOC_REPLAYDATASET_TOTALCITIESBUILT_NAME">
      <Text>Kurulan toplam şehirler</Text>
    </Row>
    <Row Tag="LOC_REPLAYDATASET_TOTALDISTRICTSBUILT_NAME">
      <Text>İnşa edilen toplam ilçe</Text>
    </Row>
    <Row Tag="LOC_REPLAYDATASET_TOTALWONDERSBUILT_NAME">
      <Text>İnşa edilen toplam harikalar</Text>
    </Row>
    <Row Tag="LOC_REPLAYDATASET_TOTALBUILDINGSBUILT_NAME">
      <Text>İnşa edilen toplam bina</Text>
    </Row>
    <Row Tag="LOC_REPLAYDATASET_TOTALCITIESCAPTURED_NAME">
      <Text>Yakalanan toplam şehirler</Text>
    </Row>
    <Row Tag="LOC_REPLAYDATASET_TOTALCITIESLOST_NAME">
      <Text>Kaybedilen toplam şehirler</Text>
    </Row>
    <Row Tag="LOC_REPLAYDATASET_TOTALCITIESDESTROYED_NAME">
      <Text>Yok edilen toplam şehirler</Text>
    </Row>
    <Row Tag="LOC_REPLAYDATASET_TOTALWARSDECLARED_NAME">
      <Text>İlan edilen toplam savaşlar</Text>
    </Row>
    <Row Tag="LOC_REPLAYDATASET_TOTALWARSWON_NAME">
      <Text>Kazanılan toplam savaşlar</Text>
    </Row>
    <Row Tag="LOC_REPLAYDATASET_TOTALCOMBATS_NAME">
      <Text>Toplam savaş sayısı</Text>
    </Row>
    <Row Tag="LOC_REPLAYDATASET_TOTALUNITSDESTROYED_NAME">
      <Text>Öldürülen toplam birim</Text>
    </Row>
    <Row Tag="LOC_REPLAYDATASET_TOTALPLAYERUNITSDESTROYED_NAME">
      <Text>Kaybedilen toplam birim</Text>
    </Row>
    <Row Tag="LOC_REPLAYDATASET_TOTALRELIGIONSFOUNDED_NAME">
      <Text>Kurulan toplam dinler</Text>
    </Row>
    <Row Tag="LOC_REPLAYDATASET_GREATPEOPLEEARNED_NAME">
      <Text>Toplam Büyük İnsanlar kazandı</Text>
    </Row>
    <Row Tag="LOC_REPLAYDATASET_TOTALWARSAGAINSTPLAYER_NAME">
      <Text>Alınan toplam savaş bildirimleri</Text>
    </Row>
    <Row Tag="LOC_REPLAYDATASET_TOTALPANTHEONSFOUNDED_NAME">
      <Text>Kurulan toplam panteonlar</Text>
    </Row>
    <Row Tag="LOC_REPLAYDATASET_SCOREPERTURN_NAME">
      <Text>Tur başına puan</Text>
    </Row>
    <Row Tag="LOC_REPLAYDATASET_SCIENCEPERTURN_NAME">
      <Text>Tur başına bilim</Text>
    </Row>
    <Row Tag="LOC_REPLAYDATASET_FAITHPERTURN_NAME">
      <Text>Tur başına inanç</Text>
    </Row>
  </BaseGameText>
</GameData>