﻿<?xml version="1.0" encoding="utf-8"?>
<GameData>
  <EnglishText>
    <Row Tag="LOC_GAMESUMMARY_TITLE">
      <Text>Şöhretler Salonu</Text>
    </Row>
    <Row Tag="LOC_GAMESUMMARY_OVERVIEW">
      <Text>Genel Bakış</Text>
    </Row>
    <Row Tag="LOC_GAMESUMMARY_HISTORY">
      <Text>Tarih</Text>
    </Row>
    <Row Tag="LOC_GAMESUMMARY_MAP">
      <Text>Harita</Text>
    </Row>
    <Row Tag="LOC_GAMESUMMARY_GRAPHS">
      <Text>Grafikler</Text>
    </Row>
    <Row Tag="LOC_GAMESUMMARY_REPORTS">
      <Text>Raporlar</Text>
    </Row>
    <Row Tag="LOC_GAMESUMMARY_VICTORY">
      <Text>ZAFER!</Text>
    </Row>
    <Row Tag="LOC_GAMESUMMARY_DEFEAT">
      <Text>[COLOR_RED]DEFEAT[ENDCOLOR]</Text>
    </Row>
    <Row Tag="LOC_GAMESUMMARY_YOU">
      <Text>Sen</Text>
    </Row>
    <Row Tag="LOC_GAMESUMMARY_NOBODY_WON">
      <Text>Kimse Kazanmadı</Text>
    </Row>
    <Row Tag="LOC_GAMESUMMARY_TURNS">
      <Text>[ICON_TURN] {1_Turns} döner</Text>
    </Row>
    <Row Tag="LOC_GAMESUMMARY_ERA_STARTED">
      <Text>{1_EraName}'de başladı</Text>
    </Row>
    <Row Tag="LOC_GAMESUMMARY_LAST_PLAYED">
      <Text>Son Oynanan {1_Time: datetime short}</Text>
    </Row>
    <Row Tag="LOC_GAMESUMMARY_CONTEXT">
      <Text>{1_PlayerName}</Text>
    </Row>
    <Row Tag="LOC_GAMESUMMARY_CONTEXT_GLOBAL">
      <Text>Genel olarak</Text>
    </Row>
    <Row Tag="LOC_GAMESUMMARY_CONTEXT_LOCAL">
      <Text>{1_PlayerName} (Siz)</Text>
    </Row>
    <Row Tag="LOC_GAMESUMMARY_CONTEXT_LOCAL_WINNER">
      <Text>{1_PlayerName} (Siz - Kazanan)</Text>
    </Row>
    <Row Tag="LOC_GAMESUMMARY_CONTEXT_WINNER">
      <Text>{1_PlayerName} (Kazanan)</Text>
    </Row>
    <Row Tag="LOC_GAMESUMMARY_VICTORYPROGRESS_COUNT">
      <Text>{1_Count} kez başarıldı.</Text>
    </Row>
    <Row Tag="LOC_GAMESUMMARY_VICTORYPROGRESS_LEADER">
      <Text>En son {1_LeaderName} olarak elde edilmiştir.</Text>
    </Row>
    <Row Tag="LOC_GAMESUMMARY_LEADERPROGRESS_PLAYCOUNT">
      <Text>{1_Num} oyun oynadı.</Text>
    </Row>
    <Row Tag="LOC_GAMESUMMARY_LEADERPROGRESS_WINCOUNT">
      <Text>{2_NumPlayed} maçtan {1_NumVictories}'ünü kazandı.</Text>
    </Row>
    <Row Tag="LOC_GAMESUMMARY_LEADERPROGRESS_VICTORY">
      <Text>En son bir {1_Victory} kazandı.</Text>
    </Row>
    <Row Tag="LOC_GAMESUMMARY_UNKNOWN">
      <Text>Bilinmiyor</Text>
    </Row>
    <Row Tag="LOC_GAMESUMMARY_HIGHLIGHTS">
      <Text>Önemli Noktalar</Text>
    </Row>
    <Row Tag="LOC_GAMESUMMARY_PLAYERS">
      <Text>Oyuncular</Text>
    </Row>
    <Row Tag="LOC_GAMESUMMARY_VICTORYPROGRESS">
      <Text>Zafer İlerlemesi</Text>
    </Row>
    <Row Tag="LOC_GAMESUMMARY_LEADERPROGRESS">
      <Text>Lider İlerlemesi</Text>
    </Row>
    <Row Tag="LOC_GAMESUMMARY_HISTORY_SCORE">
      <Text>Skor</Text>
    </Row>
    <Row Tag="LOC_GAMESUMMARY_HISTORY_YOU">
      <Text>Sen</Text>
    </Row>
    <Row Tag="LOC_GAMESUMMARY_HISTORY_RESULTS">
      <Text>Sonuçlar</Text>
    </Row>
    <Row Tag="LOC_GAMESUMMARY_HISTORY_VICTORY">
      <Text>Zafer</Text>
    </Row>
    <Row Tag="LOC_GAMESUMMARY_HISTORY_SETTINGS">
      <Text>Ayarlar</Text>
    </Row>
    <Row Tag="LOC_GAMESUMMARY_VIEWDETAILS">
      <Text>Oyun Detayları</Text>
    </Row>
    <Row Tag="LOC_GAMESUMMARY_DELETE_GAME">
      <Text>Oyunu Sil</Text>
    </Row>
    <Row Tag="LOC_GAMESUMMARY_DELETE_GAME_PROMPT">
      <Text>Bu oyunu silmek istediğinizden emin misiniz?</Text>
    </Row>
    <Row Tag="LOC_GAMESUMMARY_DELETE_GAME_TOOLTIP">
      <Text>Bu işlem oyunu Hall of Fame'den kaldıracak ve ilgili tüm istatistikleri ve lider\zafer ilerlemesini ayarlayacaktır.</Text>
    </Row>
    <Row Tag="LOC_GAMESUMMARY_LOADCONFIGURATION">
      <Text>Yük Konfigürasyonu</Text>
    </Row>
    <Row Tag="LOC_GAMESUMMARY_NOREPORTDATA">
      <Text>Rapor Verisi Yok</Text>
    </Row>
    <Row Tag="LOC_GAMESUMMARY_NOGRAPHDATA">
      <Text>Grafik Verisi Yok</Text>
    </Row>
    <Row Tag="LOC_GAMESUMMARY_CATEGORY_GENERAL">
      <Text>Genel</Text>
    </Row>
    <Row Tag="LOC_GAMESUMMARY_CATEGORY_COMBAT">
      <Text>Savaş</Text>
    </Row>
    <Row Tag="LOC_GAMESUMMARY_CATEGORY_PROSPERITY">
      <Text>Refah</Text>
    </Row>
    <Row Tag="LOC_GAMESUMMARY_CATEGORY_DIPLOMACY">
      <Text>Diplomasi</Text>
    </Row>
    <Row Tag="LOC_GAMESUMMARY_CATEGORY_DISCOVERY">
      <Text>Keşif</Text>
    </Row>
    <Row Tag="LOC_GAMESUMMARY_CATEGORY_RELIGION">
      <Text>Din</Text>
    </Row>
    <Row Tag="LOC_GAMESUMMARY_CATEGORY_EXTRA">
      <Text>Ekstra</Text>
    </Row>
    <Row Tag="LOC_GAMESUMMARY_CATEGORY_ENABLED_GAMEMODES">
      <Text>Etkin Oyun Modları</Text>
    </Row>
  </EnglishText>
</GameData>