﻿<?xml version="1.0" encoding="utf-8"?>
<GameData>
  <FrontEndText>
    <Row Tag="LOC_OPTIONS_TITLE">
      <Text>SEÇENEKLER</Text>
    </Row>
    <Row Tag="LOC_OPTIONS_RESET_OPTIONS_POPUP_TEXT">
      <Text>Bu işlem TÜM seçenekleri varsayılan değerlerine sıfırlayacaktır.[NEWLINE][NEWLINE][COLOR_RED]Bazı değişiklikler siz uygulamayı yeniden başlatana kadar etkili olmayabilir.[ENDCOLOR][NEWLINE][NEWLINE]Seçenekleri sıfırla?</Text>
    </Row>
    <Row Tag="LOC_OPTIONS_CHANGES_REQUIRE_APP_RESTART">
      <Text>Bazı değişiklikler siz uygulamayı yeniden başlatana kadar etkili olmayabilir.</Text>
    </Row>
    <Row Tag="LOC_OPTIONS_CHANGES_REQUIRE_GAME_RESTART">
      <Text>Bazı değişiklikler, mevcut oyunu yeniden başlatana kadar etkili olmayabilir.</Text>
    </Row>
    <Row Tag="LOC_OPTIONS_RESOLUTION_OK">
      <Text>Mevcut çözünürlük ayarlarını korumak istiyor musunuz?</Text>
    </Row>
    <Row Tag="LOC_OPTIONS_RESET_OPTIONS_POPUP_OK">
      <Text>TAMAM.</Text>
    </Row>
    <Row Tag="LOC_OPTIONS_RESET_OPTIONS_POPUP_YES">
      <Text>Evet</Text>
    </Row>
    <Row Tag="LOC_OPTIONS_RESET_OPTIONS_POPUP_NO">
      <Text>Hayır</Text>
    </Row>
    <!-- Option Enums -->
    <Row Tag="LOC_OPTIONS_ENABLED">
      <Text>Etkin</Text>
    </Row>
    <Row Tag="LOC_OPTIONS_DISABLED">
      <Text>Engelli</Text>
    </Row>
    <Row Tag="LOC_OPTIONS_MINIMUM">
      <Text>Minimum</Text>
    </Row>
    <Row Tag="LOC_OPTIONS_LOW">
      <Text>Düşük</Text>
    </Row>
    <Row Tag="LOC_OPTIONS_MEDIUM">
      <Text>Orta</Text>
    </Row>
    <Row Tag="LOC_OPTIONS_HIGH">
      <Text>Yüksek</Text>
    </Row>
    <Row Tag="LOC_OPTIONS_ULTRA">
      <Text>Ultra</Text>
    </Row>
    <Row Tag="LOC_OPTIONS_CUSTOM">
      <Text>Özel</Text>
    </Row>
    <Row Tag="LOC_OPTIONS_TOD_NONE">
      <Text>Hiçbiri</Text>
    </Row>
    <Row Tag="LOC_OPTIONS_TOD_REAL_LIFE">
      <Text>Maç yerel saati</Text>
    </Row>
    <Row Tag="LOC_OPTIONS_TOD_X_TURNS">
      <Text>Her {1_num} dönüş</Text>
    </Row>
    <Row Tag="LOC_OPTIONS_TOD_10_TURNS">
      <Text>Her 10 turda bir</Text>
    </Row>
    <Row Tag="LOC_OPTIONS_TOD_ERA_PROGRESSION">
      <Text>Çağlar ilerledikçe</Text>
    </Row>
    <Row Tag="LOC_OPTIONS_NEVER">
      <Text>Asla</Text>
    </Row>
    <Row Tag="LOC_OPTIONS_ALWAYS">
      <Text>Her zaman</Text>
    </Row>
    <!-- Gameplay Panel -->
    <Row Tag="LOC_OPTIONS_TUTORIAL_EXPERIENCED_PLAYER">
      <Text>Deneyimli Oyuncu</Text>
    </Row>
    <Row Tag="LOC_OPTIONS_TUTORIAL_NEW_TO_XP2">
      <Text>Civilization VI - Gathering Storm'da Yeni</Text>
    </Row>
    <Row Tag="LOC_OPTIONS_TUTORIAL_NEW_TO_XP1">
      <Text>Civilization VI - Yükseliş ve Düşüş'te Yeni</Text>
    </Row>
    <Row Tag="LOC_OPTIONS_TUTORIAL_FAMILIAR_CIVILIZATION">
      <Text>Civilization VI'da Yeni</Text>
    </Row>
    <Row Tag="LOC_OPTIONS_TUTORIAL_FAMILIAR_STRATEGY">
      <Text>Medeniyette Yeni</Text>
    </Row>
    <Row Tag="LOC_OPTIONS_TUTORIAL_NEWBIE">
      <Text>Sıra tabanlı stratejide yeni</Text>
    </Row>
    <Row Tag="LOC_OPTIONS_TIME_OF_DAY_TEXT">
      <Text>Animasyonlu Günün Saati:</Text>
    </Row>
    <Row Tag="LOC_OPTIONS_HISTORIC_MOMENT_ANIMATION">
      <Text>Tarihi An Animasyonunu Göster:</Text>
    </Row>
    <Row Tag="LOC_OPTIONS_TOUCH_ENABLED">
      <Text>Dokunmatik Giriş Etkin</Text>
    </Row>
    <!-- Graphics Panel - Option Enums -->
    <Row Tag="LOC_OPTIONS_TICK_INTERVAL_30_FPS">
      <Text>30 FPS</Text>
    </Row>
    <Row Tag="LOC_OPTIONS_TICK_INTERVAL_20_FPS">
      <Text>20 FPS</Text>
    </Row>
    <Row Tag="LOC_OPTIONS_TICK_INTERVAL_60_FPS">
      <Text>60 FPS</Text>
    </Row>
    <Row Tag="LOC_OPTIONS_WINDOW_MODE_WINDOWED">
      <Text>Pencereli</Text>
    </Row>
    <Row Tag="LOC_OPTIONS_WINDOW_MODE_FULLSCREEN">
      <Text>Tam Ekran</Text>
    </Row>
    <Row Tag="LOC_OPTIONS_WINDOW_MODE_BORDERLESS">
      <Text>Kenarlıksız Pencere</Text>
    </Row>
    <Row Tag="LOC_OPTIONS_MSAA_2X">
      <Text>MSAA 2X</Text>
    </Row>
    <Row Tag="LOC_OPTIONS_MSAA_4X">
      <Text>MSAA 4X</Text>
    </Row>
    <Row Tag="LOC_OPTIONS_MSAA_8X">
      <Text>MSAA 8X</Text>
    </Row>
    <Row Tag="LOC_OPTIONS_MSAA_16X">
      <Text>MSAA 16X</Text>
    </Row>
    <Row Tag="LOC_OPTIONS_MSAA_32X">
      <Text>MSAA 32X</Text>
    </Row>
    <Row Tag="LOC_OPTIONS_MSAA_FULL">
      <Text>MSAA Tam</Text>
    </Row>
    <Row Tag="LOC_OPTIONS_CSAA_2X">
      <Text>CSAA 2X \ 4X</Text>
    </Row>
    <Row Tag="LOC_OPTIONS_CSAA_4X">
      <Text>CSAA 4X \ 8X</Text>
    </Row>
    <Row Tag="LOC_OPTIONS_CSAA_8X">
      <Text>CSAA 8X \ 16X</Text>
    </Row>
    <Row Tag="LOC_OPTIONS_CSAA_16X">
      <Text>CSAA 16X \ 32X</Text>
    </Row>
    <Row Tag="LOC_OPTIONS_CSAA_32X">
      <Text>CSAA 32X \ 64X</Text>
    </Row>
    <Row Tag="LOC_OPTIONS_CSAA_FULL">
      <Text>CSAA Tam</Text>
    </Row>
    <Row Tag="LOC_OPTIONS_EQAA_2X">
      <Text>EQAA 2X \ 4X</Text>
    </Row>
    <Row Tag="LOC_OPTIONS_EQAA_4X">
      <Text>EQAA 4X \ 8X</Text>
    </Row>
    <Row Tag="LOC_OPTIONS_EQAA_8X">
      <Text>EQAA 8X \ 16X</Text>
    </Row>
    <Row Tag="LOC_OPTIONS_EQAA_16X">
      <Text>EQAA 16X \ 32X</Text>
    </Row>
    <Row Tag="LOC_OPTIONS_EQAA_32X">
      <Text>EQAA 32X \ 64X</Text>
    </Row>
    <Row Tag="LOC_OPTIONS_EQAA_FULL">
      <Text>EQAA Tam</Text>
    </Row>
    <Row Tag="LOC_OPTIONS_LOW_MEMORY_OPTIMIZED">
      <Text>Düşük (Bellek Optimize Edilmiş)</Text>
    </Row>
    <Row Tag="LOC_OPTIONS_LOW_PERFORMANCE_OPTIMIZED">
      <Text>Düşük (Performans Optimize Edilmiş)</Text>
    </Row>
    <Row Tag="LOC_OPTIONS_MEDIUM_MEMORY_OPTIMIZED">
      <Text>Orta (Bellek Optimize Edilmiş)</Text>
    </Row>
    <Row Tag="LOC_OPTIONS_MEDIUM_PERFORMANCE_OPTIMIZED">
      <Text>Orta (Performans Optimize Edilmiş)</Text>
    </Row>
    <Row Tag="LOC_OPTIONS_REFLECTION_1PASS">
      <Text>1 Pas</Text>
    </Row>
    <Row Tag="LOC_OPTIONS_REFLECTION_2PASSES">
      <Text>2 Geçiş</Text>
    </Row>
    <Row Tag="LOC_OPTIONS_REFLECTION_3PASSES">
      <Text>3 Geçiş</Text>
    </Row>
    <Row Tag="LOC_OPTIONS_REFLECTION_4PASSES">
      <Text>4 Geçiş</Text>
    </Row>
    <Row Tag="LOC_OPTIONS_LEADERS_STATIC">
      <Text>Statik (Ses Yok)</Text>
    </Row>
    <Row Tag="LOC_OPTIONS_100_PERCENT">
      <Text>100%</Text>
    </Row>
    <Row Tag="LOC_OPTIONS_150_PERCENT">
      <Text>150%</Text>
    </Row>
    <Row Tag="LOC_OPTIONS_200_PERCENT">
      <Text>200%</Text>
    </Row>
    <!-- Graphics Panel - Main -->
    <Row Tag="LOC_OPTIONS_VIDEO_ADAPTER_TEXT">
      <Text>GPU Seçimi:</Text>
    </Row>
    <Row Tag="LOC_OPTIONS_VIDEO_ADAPTER_TOOLTIP">
      <Text>Oyuna hangi grafik kartının kullanılacağını söyler.[NEWLINE][NEWLINE][COLOR_RED]Uygulamanın yeniden başlatılmasını gerektirir![ENDCOLOR]</Text>
    </Row>
    <Row Tag="LOC_OPTIONS_VIDEO_MULTI_GPU_TEXT">
      <Text>Bölünmüş ekran Multi-GPU</Text>
    </Row>
    <Row Tag="LOC_OPTIONS_VIDEO_MULTI_GPU_TOOLTIP">
      <Text>Yalnızca DX12 çoklu GPU kurulumlarında kullanılabilir.[NEWLINE][NEWLINE][COLOR_RED]Uygulamanın yeniden başlatılmasını gerektirir![ENDCOLOR]</Text>
    </Row>
    <Row Tag="LOC_OPTIONS_VIDEO_RESOLUTION_TEXT">
      <Text>Çözüm:</Text>
    </Row>
    <Row Tag="LOC_OPTIONS_VIDEO_RESOLUTION_TOOLTIP">
      <Text>Oyunun işleneceği çözünürlüğü ayarlar.[NEWLINE][NEWLINE]Düşük değerler [COLOR_Civ6DarkRed]performansı artırır[ENDCOLOR].</Text>
    </Row>
    <Row Tag="LOC_OPTIONS_VIDEO_UI_UPSCALE_TEXT">
      <Text>UI Yükseltme:</Text>
    </Row>
    <Row Tag="LOC_OPTIONS_VIDEO_UI_UPSCALE_TOOLTIP">
      <Text>Kullanıcı arayüzünün boyutunu artırır.[NEWLINE](Yalnızca belirli çözünürlüklerde kullanılabilir.)</Text>
    </Row>
    <Row Tag="LOC_OPTIONS_VIDEO_WINDOW_MODE_TEXT">
      <Text>Pencere Modu:</Text>
    </Row>
    <Row Tag="LOC_OPTIONS_VIDEO_WINDOW_MODE_TOOLTIP">
      <Text>Oyun penceresinin nasıl görüntüleneceğini değiştirir.</Text>
    </Row>
    <Row Tag="LOC_OPTIONS_VIDEO_PERFORMANCE_TEXT">
      <Text>Performans Etkisi:</Text>
    </Row>
    <Row Tag="LOC_OPTIONS_VIDEO_PERFORMANCE_TOOLTIP">
      <Text>Gelişmiş ayarları istenen performans etkisine uyacak şekilde değiştirir.[NEWLINE][NEWLINE]Düşük değerler görsel doğruluğu azaltır, ancak [COLOR_Civ6DarkRed]performansı artırır[ENDCOLOR].</Text>
    </Row>
    <Row Tag="LOC_OPTIONS_VIDEO_MEMORY_TEXT">
      <Text>Hafıza Etkisi:</Text>
    </Row>
    <Row Tag="LOC_OPTIONS_VIDEO_MEMORY_TOOLTIP">
      <Text>Gelişmiş ayarları istenen bellek etkisine uyacak şekilde değiştirir.[NEWLINE][NEWLINE]Düşük değerler görsel doğruluğu azaltır, ancak [COLOR_Blue]bellek kullanımını azaltır[ENDCOLOR].</Text>
    </Row>
    <!-- Graphics Panel - Advanced -->
    <Row Tag="LOC_OPTIONS_SHOW_ADVANCED_GRAPHICS">
      <Text>Gelişmiş Seçenekleri Göster</Text>
    </Row>
    <Row Tag="LOC_OPTIONS_HIDE_ADVANCED_GRAPHICS">
      <Text>Gelişmiş Seçenekleri Gizle</Text>
    </Row>
    <Row Tag="LOC_OPTIONS_ADVANCED_GRAPHICS">
      <Text>Gelişmiş Grafik Ayarları</Text>
    </Row>
    <Row Tag="LOC_OPTIONS_VIDEO_VSYNC_ENABLED_TEXT">
      <Text>Dikey Senkronizasyon</Text>
    </Row>
    <Row Tag="LOC_OPTIONS_VIDEO_VSYNC_ENABLED_TOOLTIP">
      <Text>Görsel yırtılmayı önler.</Text>
    </Row>
    <Row Tag="LOC_OPTIONS_PERFORMANCE_TICK_INTERVAL_TEXT">
      <Text>Çerçeve Sınırlayıcı:</Text>
    </Row>
    <Row Tag="LOC_OPTIONS_PERFORMANCE_TICK_INTERVAL_TOOLTIP">
      <Text>Oyunun işleme hızını sınırlar.[NEWLINE][NEWLINE]Etkinleştirildiğinde taşınabilir cihazlarda pil ömrünü artırabilir.</Text>
    </Row>
    <Row Tag="LOC_OPTIONS_VIDEO_MSAA_TEXT">
      <Text>Örtüşme Önleme:</Text>
    </Row>
    <Row Tag="LOC_OPTIONS_VIDEO_MSAA_TOOLTIP">
      <Text>Pürüzlü kenarları düzeltir.[NEWLINE][NEWLINE]Düşük değerler [COLOR_Civ6DarkRed]performansı artırır[ENDCOLOR] ve [COLOR_Blue]bellek kullanımını azaltır[ENDCOLOR].</Text>
    </Row>
    <Row Tag="LOC_OPTIONS_VIDEO_HIGH_RESOLUTION_ASSET_TEXTURES_TEXT">
      <Text>Yüksek Çözünürlüklü Varlık Dokuları</Text>
    </Row>
    <Row Tag="LOC_OPTIONS_VIDEO_HIGH_RESOLUTION_ASSET_TEXTURES_TOOLTIP">
      <Text>Oyun varlıkları için yüksek detaylı dokular kullanır.[NEWLINE][NEWLINE]Devre dışı bırakmak [COLOR_Blue]bellek kullanımını azaltır[ENDCOLOR].</Text>
    </Row>
    <Row Tag="LOC_OPTIONS_VIDEO_VFX_DETAIL_LEVEL_TEXT">
      <Text>Yüksek Kaliteli Görsel Efektler:</Text>
    </Row>
    <Row Tag="LOC_OPTIONS_VIDEO_VFX_DETAIL_LEVEL_TOOLTIP">
      <Text>Daha fazla parçacık efekti ortaya çıkarır.[NEWLINE][NEWLINE]Devre dışı bırakmak [COLOR_Civ6DarkRed]performansı artırır[ENDCOLOR].</Text>
    </Row>
    <!-- Graphics Panel - Lighting -->
    <Row Tag="LOC_OPTIONS_LIGHTING">
      <Text>Aydınlatma</Text>
    </Row>
    <Row Tag="LOC_OPTIONS_LIGHTING_AO_ENABLED_TEXT">
      <Text>Ortam Oklüzyonu</Text>
    </Row>
    <Row Tag="LOC_OPTIONS_LIGHTING_AO_ENABLED_TOOLTIP">
      <Text>Ortam ışığına daha az maruz kalan nesnelerin alanlarını koyulaştırır.[NEWLINE][NEWLINE]Devre dışı bırakmak [COLOR_Civ6DarkRed]performansı artırır[ENDCOLOR].</Text>
    </Row>
    <Row Tag="LOC_OPTIONS_LIGHTING_AO_DEPTH_RESOLUTION_TEXT">
      <Text>Ortam Oklüzyon Derinliği Çözünürlüğü:</Text>
    </Row>
    <Row Tag="LOC_OPTIONS_LIGHTING_AO_DEPTH_RESOLUTION_TOOLTIP">
      <Text>Ortam oklüzyonu detayını değiştirir.[NEWLINE][NEWLINE]Düşük değerler [COLOR_Blue]bellek kullanımını azaltır[ENDCOLOR].</Text>
    </Row>
    <Row Tag="LOC_OPTIONS_LIGHTING_AO_RENDER_RESOLUTION_TEXT">
      <Text>Ortam Oklüzyonu Render Çözünürlüğü:</Text>
    </Row>
    <Row Tag="LOC_OPTIONS_LIGHTING_AO_RENDER_RESOLUTION_TOOLTIP">
      <Text>Ortam tıkanıklığı kalitesini değiştirir.[NEWLINE][NEWLINE]Düşük değerler [COLOR_Blue]bellek kullanımını azaltır[ENDCOLOR].</Text>
    </Row>
    <Row Tag="LOC_OPTIONS_LIGHTING_BLOOM_ENABLED_TEXT">
      <Text>Bloom</Text>
    </Row>
    <Row Tag="LOC_OPTIONS_LIGHTING_BLOOM_ENABLED_TOOLTIP">
      <Text>Parlak ışıklara ve yansımalara parlaklık katar.[NEWLINE][NEWLINE]Devre dışı bırakmak [COLOR_Civ6DarkRed]performansı artırır[ENDCOLOR].</Text>
    </Row>
    <Row Tag="LOC_OPTIONS_LIGHTING_DYNAMIC_LIGHTING_ENABLED_TEXT">
      <Text>Dinamik Aydınlatma</Text>
    </Row>
    <Row Tag="LOC_OPTIONS_LIGHTING_DYNAMIC_LIGHTING_ENABLED_TOOLTIP">
      <Text>Güneş dışında ışık kaynakları ekler.[NEWLINE][NEWLINE]Devre dışı bırakmak [COLOR_Civ6DarkRed]performansı artırır[ENDCOLOR].</Text>
    </Row>
    <!-- Graphics Panel - Shadows -->
    <Row Tag="LOC_OPTIONS_SHADOWS">
      <Text>Gölgeler</Text>
    </Row>
    <Row Tag="LOC_OPTIONS_SHADOWS_ENABLED_TEXT">
      <Text>Gölgeler</Text>
    </Row>
    <Row Tag="LOC_OPTIONS_SHADOWS_ENABLED_TOOLTIP">
      <Text>Işığın bir nesne tarafından engellendiği karanlık alanlar ekleyin.[NEWLINE][NEWLINE]Devre dışı bırakmak [COLOR_Civ6DarkRed]performansı artırır[ENDCOLOR].</Text>
    </Row>
    <Row Tag="LOC_OPTIONS_SHADOWS_RESOLUTION_TEXT">
      <Text>Gölge Çözünürlüğü:</Text>
    </Row>
    <Row Tag="LOC_OPTIONS_SHADOWS_RESOLUTION_TOOLTIP">
      <Text>Gölgelerin keskinliğini ve ayrıntılarını değiştirir.[NEWLINE][NEWLINE]Düşük değerler [COLOR_Blue]bellek kullanımını azaltır[ENDCOLOR].</Text>
    </Row>
    <Row Tag="LOC_OPTIONS_CLOUD_SHADOWS_ENABLED_TEXT">
      <Text>Bulut Gölgeleri</Text>
    </Row>
    <Row Tag="LOC_OPTIONS_CLOUD_SHADOWS_ENABLED_TOOLTIP">
      <Text>Işığın bulutlar tarafından engellendiği karanlık alanlar ekleyin.[NEWLINE][NEWLINE]Devre dışı bırakmak [COLOR_Civ6DarkRed]performansı artırır[ENDCOLOR].</Text>
    </Row>
    <!-- Graphics Panel - Overlay -->
    <Row Tag="LOC_OPTIONS_OVERLAY">
      <Text>Kaplama</Text>
    </Row>
    <Row Tag="LOC_OPTIONS_SSOVERLAY_ENABLED_TEXT">
      <Text>Ekran-Uzay Yerleşimi</Text>
    </Row>
    <Row Tag="LOC_OPTIONS_SSOVERLAY_ENABLED_TOOLTIP">
      <Text>Kaplamaları sadece arazinin üstüne değil, her şeyin üstüne çizer.[NEWLINE][NEWLINE]Devre dışı bırakmak [COLOR_Civ6DarkRed]performansı artırır[ENDCOLOR].</Text>
    </Row>
    <!-- Graphics Panel - Terrain -->
    <Row Tag="LOC_OPTIONS_TERRAIN">
      <Text>Arazi</Text>
    </Row>
    <Row Tag="LOC_OPTIONS_TERRAIN_QUALITY_TEXT">
      <Text>Kalite:</Text>
    </Row>
    <Row Tag="LOC_OPTIONS_TERRAIN_QUALITY_TOOLTIP">
      <Text>Arazi detayını değiştirir.[NEWLINE][NEWLINE]Düşük değerler [COLOR_Civ6DarkRed]performansı artırır[ENDCOLOR] ve\veya [COLOR_Blue]bellek kullanımını azaltır[ENDCOLOR].</Text>
    </Row>
    <Row Tag="LOC_OPTIONS_TERRAIN_HIGH_RESOLUTION_TEXT">
      <Text>Yüksek Çözünürlüklü Geometri</Text>
    </Row>
    <Row Tag="LOC_OPTIONS_TERRAIN_HIGH_RESOLUTION_TOOLTIP">
      <Text>Arazi geometrisi daha keskin ve daha ayrıntılı hale gelir.[NEWLINE][NEWLINE]Devre dışı bırakmak [COLOR_Civ6DarkRed]performansı artırır[ENDCOLOR].</Text>
    </Row>
    <Row Tag="LOC_OPTIONS_TERRAIN_HIGH_RESOLUTION_TEXTURES_TEXT">
      <Text>Yüksek Çözünürlüklü Dokular</Text>
    </Row>
    <Row Tag="LOC_OPTIONS_TERRAIN_HIGH_RESOLUTION_TEXTURES_TOOLTIP">
      <Text>Arazi dokuları daha keskin ve ayrıntılı hale gelir.[NEWLINE][NEWLINE]Devre dışı bırakmak [COLOR_Blue]bellek kullanımını azaltır[ENDCOLOR].</Text>
    </Row>
    <Row Tag="LOC_OPTIONS_TERRAIN_HIGH_QUALITY_SHADER_TEXT">
      <Text>Yüksek Kaliteli Gölgelendirici</Text>
    </Row>
    <Row Tag="LOC_OPTIONS_TERRAIN_HIGH_QUALITY_SHADER_TOOLTIP">
      <Text>Arazi aydınlatmasını değiştirir.[NEWLINE][NEWLINE]Devre dışı bırakmak [COLOR_Civ6DarkRed]performansı artırır[ENDCOLOR] ve [COLOR_Blue]bellek kullanımını azaltır[ENDCOLOR].</Text>
    </Row>
    <Row Tag="LOC_OPTIONS_TERRAIN_HIGH_DETAIL_CLUTTER_TEXT">
      <Text>Yüksek Detay Dağınıklığı</Text>
    </Row>
    <Row Tag="LOC_OPTIONS_TERRAIN_HIGH_DETAIL_CLUTTER_TOOLTIP">
      <Text>Ağaç ve buz parçalarının miktarını artırır.[NEWLINE][NEWLINE]Devre dışı bırakmak [COLOR_Civ6DarkRed]performansı artırır[ENDCOLOR].</Text>
    </Row>
    <!-- Graphics Panel - Water -->
    <Row Tag="LOC_OPTIONS_WATER">
      <Text>Su</Text>
    </Row>
    <Row Tag="LOC_OPTIONS_WATER_HIGH_RESOLUTION_TEXT">
      <Text>Yüksek Çözünürlüklü Su</Text>
    </Row>
    <Row Tag="LOC_OPTIONS_WATER_HIGH_RESOLUTION_TOOLTIP">
      <Text>Su dalgaları ve vurgular daha keskin ve ayrıntılı hale gelir.[NEWLINE][NEWLINE]Devre dışı bırakmak [COLOR_Blue]bellek kullanımını azaltır[ENDCOLOR].</Text>
    </Row>
    <Row Tag="LOC_OPTIONS_WATER_HIGH_QUALITY_SHADER_TEXT">
      <Text>Yüksek Kaliteli Gölgelendirici</Text>
    </Row>
    <Row Tag="LOC_OPTIONS_WATER_HIGH_QUALITY_SHADER_TOOLTIP">
      <Text>Su aydınlatmasını değiştirir.[NEWLINE][NEWLINE]Devre dışı bırakmak [COLOR_Civ6DarkRed]performansı artırır[ENDCOLOR].</Text>
    </Row>
    <Row Tag="LOC_OPTIONS_WATER_REFLECTION_PASSES_TEXT">
      <Text>Yansımalar:</Text>
    </Row>
    <Row Tag="LOC_OPTIONS_WATER_REFLECTION_PASSES_TOOLTIP">
      <Text>Su yansımalarının kalitesini kontrol edin.[NEWLINE][NEWLINE]Devre dışı bırakmak [COLOR_Civ6DarkRed]performansı artırır[ENDCOLOR].</Text>
    </Row>
    <!-- Graphics Panel - Reflections -->
    <Row Tag="LOC_OPTIONS_REFLECTIONS">
      <Text>Yansımalar</Text>
    </Row>
    <Row Tag="LOC_OPTIONS_REFLECTIONS_ENABLED_TEXT">
      <Text>Yansımalar</Text>
    </Row>
    <Row Tag="LOC_OPTIONS_REFLECTIONS_ENABLED_TOOLTIP">
      <Text>Araziye ve suya yansımalar ekleyin.[NEWLINE][NEWLINE]Devre dışı bırakmak [COLOR_Civ6DarkRed]performansı artırır[ENDCOLOR].</Text>
    </Row>
    <Row Tag="LOC_OPTIONS_REFLECTION_PASSES_TEXT">
      <Text>Yansıma Kalitesi:</Text>
    </Row>
    <Row Tag="LOC_OPTIONS_REFLECTION_PASSES_TOOLTIP">
      <Text>Yansımaların kalitesini kontrol edin.[NEWLINE][NEWLINE]Daha az geçiş kullanmak veya devre dışı bırakmak [COLOR_Civ6DarkRed]performansı artıracaktır[ENDCOLOR].</Text>
    </Row>
    <!-- Graphics Panel - Leaders -->
    <Row Tag="LOC_OPTIONS_LEADERS">
      <Text>Animasyonlu Liderler</Text>
    </Row>
    <Row Tag="LOC_OPTIONS_LEADER_QUALITY_TEXT">
      <Text>Kalite:</Text>
    </Row>
    <Row Tag="LOC_OPTIONS_LEADER_QUALITY_TOOLTIP">
      <Text>Liderlerin görsel-işitsel kalitesini değiştirir.[NEWLINE][NEWLINE]Devre dışı bırakmak [COLOR_Civ6DarkRed]performansı artırır[ENDCOLOR] ve daha düşük değerler [COLOR_Blue]bellek kullanımını azaltır[ENDCOLOR].</Text>
    </Row>
    <Row Tag="LOC_OPTIONS_LEADER_MOTIONBLUR_TEXT">
      <Text>Hareket Bulanıklığı</Text>
    </Row>
    <Row Tag="LOC_OPTIONS_LEADER_MOTIONBLUR_TOOLTIP">
      <Text>Liderlerde hareket bulanıklığını etkinleştirin.</Text>
    </Row>
    <!-- Application Panel -->
    <Row Tag="LOC_OPTIONS_APP_SHOW_MOVIE">
      <Text>Tanıtım Videosunu Göster:</Text>
    </Row>
    <Row Tag="LOC_OPTIONS_APP_WARN_MOD_COMPATIBILITY">
      <Text>Mod uyumluluğu hakkında uyarın</Text>
    </Row>
    <!-- Interface Panel -->
    <Row Tag="LOC_OPTIONS_INTERFACE_GRAB_MOUSE">
      <Text>Fareyi Pencereye Kilitle:</Text>
    </Row>
    <Row Tag="LOC_OPTIONS_INTERFACE_EDGE_SCROLL">
      <Text>Fare Kenardayken Kaydırma:</Text>
    </Row>
    <Row Tag="LOC_OPTIONS_INTERFACE_OPEN_TO_PROD_QUEUE">
      <Text>Her Zaman Açık Üretim Kuyruğu:</Text>
    </Row>
    <Row Tag="LOC_OPTIONS_INTERFACE_FORCE_CLICK_TO_DRAG">
      <Text>Tut-Sürükle'yi Tıklamalar ile değiştirin:</Text>
    </Row>
    <Row Tag="LOC_OPTIONS_INTERFACE_FORCE_CLICK_TO_DRAG_TT">
      <Text>Bu seçenek, sürüklenebilir kullanıcı arabirimi öğelerinin Sürüklemek İçin Tut davranışını, bunları almak ve bırakmak için basit tıklamalarla değiştirir.</Text>
    </Row>
    <Row Tag="LOC_OPTIONS_INTERFACE_CLOCK_FORMAT">
      <Text>Saat Formatı:</Text>
    </Row>
    <Row Tag="LOC_OPTIONS_12HOUR">
      <Text>12 Saatlik</Text>
    </Row>
    <Row Tag="LOC_OPTIONS_24HOUR">
      <Text>24 Saat</Text>
    </Row>
    <Row Tag="LOC_OPTIONS_INTERFACE_TIME_OF_DAY">
      <Text>Günün saati davranışı:</Text>
    </Row>
    <Row Tag="LOC_OPTIONS_AUTO_UNIT_CYCLING">
      <Text>Otomatik Birim Döngüsü:</Text>
    </Row>
    <Row Tag="LOC_OPTIONS_CHAT_TEXT_SIZE">
      <Text>Sohbet için Metin Boyutu:</Text>
    </Row>
    <Row Tag="LOC_OPTIONS_CHAT_TEXT_SIZE_VALUE">
      <Text>{1_Value : number #.##}</Text>
    </Row>
    <Row Tag="LOC_OPTIONS_INTERFACE_MINIMAP_SIZE">
      <Text>Minimap Boyutu:</Text>
    </Row>
    <Row Tag="LOC_OPTIONS_PLOT_TOOLTIP_DELAY">
      <Text>Çizim Araç İpucu Gecikmesi:</Text>
    </Row>
    <Row Tag="LOC_OPTIONS_PLOT_TOOLTIP_DELAY_VALUE">
      <Text>{1_Value : number #.##}s</Text>
    </Row>
    <Row Tag="LOC_OPTIONS_SCROLL_SPEED">
      <Text>Fare Tekerleği Hızı:</Text>
    </Row>
    <Row Tag="LOC_OPTIONS_SCROLL_SPEED_VALUE">
      <Text>{1_Value : number #.##}</Text>
    </Row>
    <Row Tag="LOC_OPTIONS_SCROLL_TEXT_SPEED">
      <Text>Metin Kaydırma Hızı:</Text>
    </Row>
    <Row Tag="LOC_OPTIONS_SCROLL_TEXT_SPEED_VALUE">
      <Text>{1_Value : number #.##}</Text>
    </Row>
    <Row Tag="LOC_OPTIONS_RIBBON_STATS_LABEL">
      <Text>HUD Şeridinde Verimleri Göster:</Text>
    </Row>
    <Row Tag="LOC_OPTIONS_RIBBON_STATS_ALWAYS_HIDE">
      <Text>Her Zaman Gizle (kapalı)</Text>
    </Row>
    <Row Tag="LOC_OPTIONS_RIBBON_STATS_MOUSE_OVER">
      <Text>Fare üzerinde göster</Text>
    </Row>
    <Row Tag="LOC_OPTIONS_RIBBON_STATS_ALWAYS_SHOW">
      <Text>Daima Göster</Text>
    </Row>
    <Row Tag="LOC_OPTIONS_INTERFACE_PLAYBYCLOUD_END_TURN_BEHAVIOR">
      <Text>Play By Cloud Dönüş Sonu Davranışı:</Text>
    </Row>
    <Row Tag="LOC_OPTIONS_PLAYBYCLOUD_END_TURN_BEHAVIOR_ASK_ME">
      <Text>Bana Sor</Text>
    </Row>
    <Row Tag="LOC_OPTIONS_PLAYBYCLOUD_END_TURN_BEHAVIOR_DO_NOTHING">
      <Text>Hiçbir şey yapmayın</Text>
    </Row>
    <Row Tag="LOC_OPTIONS_PLAYBYCLOUD_END_TURN_BEHAVIOR_EXIT_TO_MAINMENU">
      <Text>Ana Menüden Çıkış</Text>
    </Row>
    <Row Tag="LOC_OPTIONS_INTERFACE_PLAYBYCLOUD_READY_BEHAVIOR">
      <Text>Play By Cloud Hazır Davranış:</Text>
    </Row>
    <Row Tag="LOC_OPTIONS_PLAYBYCLOUD_READY_BEHAVIOR_ASK_ME">
      <Text>Bana Sor</Text>
    </Row>
    <Row Tag="LOC_OPTIONS_PLAYBYCLOUD_READY_BEHAVIOR_DO_NOTHING">
      <Text>Hiçbir şey yapmayın</Text>
    </Row>
    <Row Tag="LOC_OPTIONS_PLAYBYCLOUD_READY_BEHAVIOR_EXIT_TO_LOBBY">
      <Text>Lobiye Çıkış</Text>
    </Row>
    <Row Tag="LOC_OPTIONS_INTERFACE_PLAYBYCLOUD_CLIENT_READY_BEHAVIOR">
      <Text>Play By Cloud İstemci Hazır Davranışı:</Text>
    </Row>
    <Row Tag="LOC_OPTIONS_PLAYBYCLOUD_CLIENT_READY_BEHAVIOR_ASK_ME">
      <Text>Bana Sor</Text>
    </Row>
    <Row Tag="LOC_OPTIONS_PLAYBYCLOUD_CLIENT_READY_BEHAVIOR_DO_NOTHING">
      <Text>Hiçbir şey yapmayın</Text>
    </Row>
    <Row Tag="LOC_OPTIONS_PLAYBYCLOUD_CLIENT_READY_BEHAVIOR_EXIT_TO_LOBBY">
      <Text>Lobiye Çıkış</Text>
    </Row>
    <Row Tag="LOC_OPTIONS_INTERFACE_COLOR_BLINDNESS_ADAPTATION">
      <Text>Renk Körü Erişilebilirliği:</Text>
    </Row>
    <Row Tag="LOC_OPTIONS_CBADAPT_DO_NOTHING">
      <Text>Varsayılan Renkler</Text>
    </Row>
    <Row Tag="LOC_OPTIONS_CBADAPT_PROTANOPIA">
      <Text>Kırmızı Kör Protanopi</Text>
    </Row>
    <Row Tag="LOC_OPTIONS_CBADAPT_DEUTERANOPIA">
      <Text>Yeşil Kör Deuteranopia</Text>
    </Row>
    <Row Tag="LOC_OPTIONS_CBADAPT_TRITANOPIA">
      <Text>Mavi Kör Tritanopia</Text>
    </Row>
    <Row Tag="LOC_OPTIONS_INTERFACE_LIGHTING">
      <Text>Uyumlu RGB aydınlatma donanımı kullanın</Text>
    </Row>
    <Row Tag="LOC_OPTIONS_INTERFACE_LIGHTING_TOOLTIP">
      <Text>Civilization VI'nın Logitech Gaming Software veya Alienware AlienFX ile uyumlu bilgisayarlarda ve çevre birimlerinde aydınlatmayı kontrol etmesini sağlar.</Text>
    </Row>
    <Row Tag="LOC_OPTIONS_SWITCH_UI_LAYOUT">
      <Text>Kullanıcı Arayüzü Düzenini Değiştir</Text>
    </Row>
    <Row Tag="LOC_OPTIONS_LAYOUT_PC">
      <Text>PC \ Klavye ve Fare</Text>
    </Row>
    <Row Tag="LOC_OPTIONS_LAYOUT_CONSOLE">
      <Text>Konsol \ Gamepad</Text>
    </Row>
    <Row Tag="LOC_OPTIONS_QUEUE_DISPLAY">
      <Text>Üretim Kuyruğu:</Text>
    </Row>
    <Row Tag="LOC_OPTIONS_QUEUE_HIDE">
      <Text>Gizle</Text>
    </Row>
    <Row Tag="LOC_OPTIONS_QUEUE_SHOW_FILLED">
      <Text>Dolu olduğunda göster</Text>
    </Row>
    <Row Tag="LOC_OPTIONS_QUEUE_ALWAYS_SHOW">
      <Text>Her Zaman Şehir Kuyruğunu Göster</Text>
    </Row>
    <Row Tag="LOC_OPTIONS_QUEUE_ALWAYS_SHOW_MANGER">
      <Text>Kuyruk Yöneticisini Her Zaman Göster</Text>
    </Row>
    <!-- Hotkeys Panel -->
    <!-- Expansion 2 - Additional Hotkeys-->
    <Row Tag="LOC_OPTIONS_HOTKEY_CATEGORY_UI_XP2">
      <Text>Kullanıcı Arayüzü (Gathering Storm):</Text>
    </Row>
    <Row Tag="LOC_OPTIONS_HOTKEY_UI_WORLDCLIMATE">
      <Text>Dünya İklimi Açılır Penceresini Değiştir</Text>
    </Row>
    <Row Tag="LOC_OPTIONS_HOTKEY_UI_WORLDCLIMATE_HELP">
      <Text>Dünya İklim Ekranının görünürlüğünü değiştirir</Text>
    </Row>
    <Row Tag="LOC_OPTIONS_HOTKEY_LENSES_POWER">
      <Text>Güç</Text>
    </Row>
    <Row Tag="LOC_OPTIONS_HOTKEY_LENSES_POWER_HELP">
      <Text>Güç merceğini değiştirir.</Text>
    </Row>
    <!-- Expansion 1 - Additional Hotkeys-->
    <Row Tag="LOC_OPTIONS_HOTKEY_UI_GOVERNORS">
      <Text>Valiler Açılır Penceresini Değiştir</Text>
    </Row>
    <Row Tag="LOC_OPTIONS_HOTKEY_UI_GOVERNORS_HELP">
      <Text>Yönetici Ekranının görünürlüğünü değiştirir</Text>
    </Row>
    <Row Tag="LOC_OPTIONS_HOTKEY_UI_TIMELINE">
      <Text>Zaman Çizelgesi Açılır Penceresini Değiştir</Text>
    </Row>
    <Row Tag="LOC_OPTIONS_HOTKEY_UI_TIMELINE_HELP">
      <Text>Tarihi Zaman Çizelgesi Ekranının görünürlüğünü değiştirir</Text>
    </Row>
    <Row Tag="LOC_OPTIONS_HOTKEY_UI_ERA_PROGRESS">
      <Text>Toggle Era İlerleme Paneli</Text>
    </Row>
    <Row Tag="LOC_OPTIONS_HOTKEY_UI_ERA_PROGRESS_HELP">
      <Text>Dönem İlerleme Panelinin görünürlüğünü değiştirir</Text>
    </Row>
    <Row Tag="LOC_OPTIONS_HOTKEY_GLOBAL_CAPITALCITY">
      <Text>Başkent</Text>
    </Row>
    <Row Tag="LOC_OPTIONS_HOTKEY_GLOBAL_CAPITALCITY_HELP">
      <Text>Başkente Geçişler</Text>
    </Row>
    <Row Tag="LOC_OPTIONS_HOTKEY_CATEGORY_UI_XP1">
      <Text>Kullanıcı Arayüzü (Yükseliş ve Düşüş):</Text>
    </Row>
    <!-- Base Game Hot Keys-->
    <Row Tag="LOC_OPTIONS_HOTKEY_CATEGORY_UI">
      <Text>Kullanıcı Arayüzü:</Text>
    </Row>
    <Row Tag="LOC_OPTIONS_HOTKEY_UI_TECH">
      <Text>Teknik Ağacı Değiştir</Text>
    </Row>
    <Row Tag="LOC_OPTIONS_HOTKEY_UI_CIVICS">
      <Text>Yurttaşlık Bilgisi Ağacını Aç / Kapat</Text>
    </Row>
    <Row Tag="LOC_OPTIONS_HOTKEY_UI_GOV">
      <Text>Hükümet Ekranını Değiştir</Text>
    </Row>
    <Row Tag="LOC_OPTIONS_HOTKEY_UI_RELIGION">
      <Text>Din Ekranını Değiştir</Text>
    </Row>
    <Row Tag="LOC_OPTIONS_HOTKEY_UI_GPEOPLE">
      <Text>Harika İnsanlar Ekranını Değiştir</Text>
    </Row>
    <Row Tag="LOC_OPTIONS_HOTKEY_UI_GWORKS">
      <Text>Büyük İşler Ekranını Değiştir</Text>
    </Row>
    <Row Tag="LOC_OPTIONS_HOTKEY_UI_RANKINGS">
      <Text>Sıralamalar Ekranını Değiştir</Text>
    </Row>
    <Row Tag="LOC_OPTIONS_HOTKEY_UI_CITYSTATES">
      <Text>Şehir Devletleri Ekranını Değiştir</Text>
    </Row>
    <Row Tag="LOC_OPTIONS_HOTKEY_UI_ESPIONAGE">
      <Text>Casusluk Ekranını Değiştir</Text>
    </Row>
    <Row Tag="LOC_OPTIONS_HOTKEY_UI_TRADEROUTES">
      <Text>Ticaret Rotaları Ekranını Değiştir</Text>
    </Row>
    <Row Tag="LOC_OPTIONS_HOTKEY_UI_CIVILOPEDIA">
      <Text>Civilopedia'yı açın</Text>
    </Row>
    <Row Tag="LOC_OPTIONS_HOTKEY_UI_CIVBACK">
      <Text>Civilopedia Geçmişi Geri</Text>
    </Row>
    <Row Tag="LOC_OPTIONS_HOTKEY_UI_CIVFWD">
      <Text>Civilopedia Tarihi İleri</Text>
    </Row>
    <Row Tag="LOC_OPTIONS_HOTKEY_UI_FSMAP">
      <Text>Tam Ekran Haritayı Aç / Kapat</Text>
    </Row>
    <Row Tag="LOC_OPTIONS_HOTKEY_UI_TECH_HELP">
      <Text>Teknik Ağacın görünürlüğünü değiştirir</Text>
    </Row>
    <Row Tag="LOC_OPTIONS_HOTKEY_UI_CIVICS_HELP">
      <Text>Yurttaşlık Ağacı'nın görünürlüğünü değiştirir</Text>
    </Row>
    <Row Tag="LOC_OPTIONS_HOTKEY_UI_GOV_HELP">
      <Text>Hükümet Ekranının görünürlüğünü değiştirir</Text>
    </Row>
    <Row Tag="LOC_OPTIONS_HOTKEY_UI_RELIGION_HELP">
      <Text>Din Ekranının görünürlüğünü değiştirir</Text>
    </Row>
    <Row Tag="LOC_OPTIONS_HOTKEY_UI_GPEOPLE_HELP">
      <Text>Büyük İnsanlar Ekranının görünürlüğünü değiştirir</Text>
    </Row>
    <Row Tag="LOC_OPTIONS_HOTKEY_UI_GWORKS_HELP">
      <Text>Büyük İşler Ekranının görünürlüğünü değiştirir</Text>
    </Row>
    <Row Tag="LOC_OPTIONS_HOTKEY_UI_RANKINGS_HELP">
      <Text>Sıralamalar Ekranının görünürlüğünü değiştirir</Text>
    </Row>
    <Row Tag="LOC_OPTIONS_HOTKEY_UI_CITYSTATES_HELP">
      <Text>Şehir Devletleri Ekranının görünürlüğünü değiştirir</Text>
    </Row>
    <Row Tag="LOC_OPTIONS_HOTKEY_UI_ESPIONAGE_HELP">
      <Text>Casusluk Ekranının görünürlüğünü değiştirir</Text>
    </Row>
    <Row Tag="LOC_OPTIONS_HOTKEY_UI_TRADEROUTES_HELP">
      <Text>Ticaret Rotaları Ekranının görünürlüğünü değiştirir</Text>
    </Row>
    <Row Tag="LOC_OPTIONS_HOTKEY_UI_CIVILOPEDIA_HELP">
      <Text>Civilopedia'yı açar</Text>
    </Row>
    <Row Tag="LOC_OPTIONS_HOTKEY_UI_CIVBACK_HELP">
      <Text>Civilopedia açıkken sayfa geçmişinde geriye gider</Text>
    </Row>
    <Row Tag="LOC_OPTIONS_HOTKEY_UI_CIVFWD_HELP">
      <Text>Civilopedia açıkken sayfa geçmişinde ileri gider</Text>
    </Row>
    <Row Tag="LOC_OPTIONS_HOTKEY_UI_FSMAP_HELP">
      <Text>Tam Ekran Haritanın görünürlüğünü değiştirir</Text>
    </Row>
    <Row Tag="LOC_OPTIONS_HOTKEY_CATEGORY_UNIT">
      <Text>Birim Eylemleri:</Text>
    </Row>
    <Row Tag="LOC_OPTIONS_HOTKEY_UNIT_FOUNDCITY">
      <Text>Bulunan Şehir</Text>
    </Row>
    <Row Tag="LOC_OPTIONS_HOTKEY_UNIT_MOVETO">
      <Text>Hareket Et</Text>
    </Row>
    <Row Tag="LOC_OPTIONS_HOTKEY_UNIT_FORTIFY">
      <Text>Güçlendirmek</Text>
    </Row>
    <Row Tag="LOC_OPTIONS_HOTKEY_UNIT_FORTIFY_HEAL">
      <Text>Güçlendirilmiş İyileştirme</Text>
    </Row>
    <Row Tag="LOC_OPTIONS_HOTKEY_UNIT_DELETE">
      <Text>Birimi Sil</Text>
    </Row>
    <Row Tag="LOC_OPTIONS_HOTKEY_UNIT_ATTACK">
      <Text>Saldırı</Text>
    </Row>
    <Row Tag="LOC_OPTIONS_HOTKEY_UNIT_RANGED">
      <Text>Menzilli Saldırı</Text>
    </Row>
    <Row Tag="LOC_OPTIONS_HOTKEY_UNIT_AUTOEXP">
      <Text>Keşfi Otomatikleştirin</Text>
    </Row>
    <Row Tag="LOC_OPTIONS_HOTKEY_UNIT_SKIPTURN">
      <Text>Dönüşü Atla</Text>
    </Row>
    <Row Tag="LOC_OPTIONS_HOTKEY_UNIT_SLEEP">
      <Text>Uyku</Text>
    </Row>
    <Row Tag="LOC_OPTIONS_HOTKEY_UNIT_ALERT">
      <Text>Uyarı</Text>
    </Row>
    <Row Tag="LOC_OPTIONS_ALL_AUTOSAVES">
      <Text>Tümü</Text>
    </Row>
    <Row Tag="LOC_OPTIONS_HOTKEY_UNIT_FOUNDCITY_HELP">
      <Text>Seçilen birim bir Yerleşimci ise Şehir Bulundu eylemini gerçekleştirir.</Text>
    </Row>
    <Row Tag="LOC_OPTIONS_HOTKEY_UNIT_MOVETO_HELP">
      <Text>Seçilen birim ile Şuraya Taşı eylemini gerçekleştirir.</Text>
    </Row>
    <Row Tag="LOC_OPTIONS_HOTKEY_UNIT_FORTIFY_HELP">
      <Text>Seçilen birimi güçlendirir.</Text>
    </Row>
    <Row Tag="LOC_OPTIONS_HOTKEY_UNIT_FORTIFY_HEAL_HELP">
      <Text>Seçilen birimi tamamen iyileşene kadar güçlendirir.</Text>
    </Row>
    <Row Tag="LOC_OPTIONS_HOTKEY_UNIT_DELETE_HELP">
      <Text>Seçilen birimi siler.</Text>
    </Row>
    <Row Tag="LOC_OPTIONS_HOTKEY_UNIT_ATTACK_HELP">
      <Text>Seçilen birim ile Saldırı eylemini gerçekleştirir.</Text>
    </Row>
    <Row Tag="LOC_OPTIONS_HOTKEY_UNIT_RANGED_HELP">
      <Text>Seçilen birimle Menzilli Saldırı eylemini gerçekleştirir.</Text>
    </Row>
    <Row Tag="LOC_OPTIONS_HOTKEY_UNIT_AUTOEXP_HELP">
      <Text>Seçilen birimde otomatik araştırmayı etkinleştirir.</Text>
    </Row>
    <Row Tag="LOC_OPTIONS_HOTKEY_UNIT_SKIPTURN_HELP">
      <Text>Seçilen birim geçerli dönüşü atlar.</Text>
    </Row>
    <Row Tag="LOC_OPTIONS_HOTKEY_UNIT_SLEEP_HELP">
      <Text>Seçilen birim ile Uyku eylemini gerçekleştirir.</Text>
    </Row>
    <Row Tag="LOC_OPTIONS_HOTKEY_UNIT_ALERT_HELP">
      <Text>Seçilen birim ile Uyarı eylemini gerçekleştirir.</Text>
    </Row>
    <Row Tag="LOC_OPTIONS_HOTKEY_CATEGORY_GLOBAL">
      <Text>Küresel Eylemler:</Text>
    </Row>
    <Row Tag="LOC_OPTIONS_HOTKEY_GLOBAL_ENDTURN">
      <Text>Sonraki Eylem</Text>
    </Row>
    <Row Tag="LOC_OPTIONS_HOTKEY_GLOBAL_TOGGLEGRID">
      <Text>Izgarayı Değiştir</Text>
    </Row>
    <Row Tag="LOC_OPTIONS_HOTKEY_GLOBAL_PAUSEMENU">
      <Text>Oyun İçi Menü</Text>
    </Row>
    <Row Tag="LOC_OPTIONS_HOTKEY_GLOBAL_QUICKSAVE">
      <Text>Hızlı Kaydet</Text>
    </Row>
    <Row Tag="LOC_OPTIONS_HOTKEY_GLOBAL_QUICKLOAD">
      <Text>QuickLoad</Text>
    </Row>
    <Row Tag="LOC_OPTIONS_HOTKEY_GLOBAL_NEXTUNIT">
      <Text>Sonraki Hazır Birim</Text>
    </Row>
    <Row Tag="LOC_OPTIONS_HOTKEY_GLOBAL_PREVUNIT">
      <Text>Önceki Hazır Birim</Text>
    </Row>
    <Row Tag="LOC_OPTIONS_HOTKEY_GLOBAL_TOGGLEYIELD">
      <Text>Verim Simgelerini Değiştir</Text>
    </Row>
    <Row Tag="LOC_OPTIONS_HOTKEY_GLOBAL_PANUP">
      <Text>Yukarı kaydırın</Text>
    </Row>
    <Row Tag="LOC_OPTIONS_HOTKEY_GLOBAL_PANDOWN">
      <Text>Aşağı kaydırın</Text>
    </Row>
    <Row Tag="LOC_OPTIONS_HOTKEY_GLOBAL_PANLEFT">
      <Text>Sola kaydırın</Text>
    </Row>
    <Row Tag="LOC_OPTIONS_HOTKEY_GLOBAL_PANRIGHT">
      <Text>Sağa kaydırın</Text>
    </Row>
    <Row Tag="LOC_OPTIONS_HOTKEY_GLOBAL_ZOOMIN">
      <Text>Yakınlaştır</Text>
    </Row>
    <Row Tag="LOC_OPTIONS_HOTKEY_GLOBAL_ZOOMOUT">
      <Text>Uzaklaştır</Text>
    </Row>
    <Row Tag="LOC_OPTIONS_HOTKEY_GLOBAL_NEXTCITY">
      <Text>Sonraki Şehir</Text>
    </Row>
    <Row Tag="LOC_OPTIONS_HOTKEY_GLOBAL_PREVCITY">
      <Text>Önceki Şehir</Text>
    </Row>
    <Row Tag="LOC_OPTIONS_HOTKEY_GLOBAL_TOGGLERESOURCES">
      <Text>Kaynak Simgelerini Değiştir</Text>
    </Row>
    <Row Tag="LOC_OPTIONS_HOTKEY_GLOBAL_TOGGLE2DVIEW">
      <Text>Stratejik Görünümü Değiştir</Text>
    </Row>
    <Row Tag="LOC_OPTIONS_HOTKEY_GLOBAL_ENDTURN_HELP">
      <Text>Mümkünse oyuncunun sırasını sonlandırır.</Text>
    </Row>
    <Row Tag="LOC_OPTIONS_HOTKEY_GLOBAL_TOGGLEGRID_HELP">
      <Text>Arazi üzerinde bir ızgara kaplaması açar.</Text>
    </Row>
    <Row Tag="LOC_OPTIONS_HOTKEY_GLOBAL_PAUSEMENU_HELP">
      <Text>Oyun içi menüyü getirir.</Text>
    </Row>
    <Row Tag="LOC_OPTIONS_HOTKEY_GLOBAL_QUICKSAVE_HELP">
      <Text>Hızlı bir kaydetme gerçekleştirir.</Text>
    </Row>
    <Row Tag="LOC_OPTIONS_HOTKEY_GLOBAL_QUICKLOAD_HELP">
      <Text>Varsa en son hızlı kaydetmeyi yükler.</Text>
    </Row>
    <Row Tag="LOC_OPTIONS_HOTKEY_GLOBAL_NEXTUNIT_HELP">
      <Text>Bir sonraki hazır birime geçer.</Text>
    </Row>
    <Row Tag="LOC_OPTIONS_HOTKEY_GLOBAL_PREVUNIT_HELP">
      <Text>Bir önceki hazır birime geçer.</Text>
    </Row>
    <Row Tag="LOC_OPTIONS_HOTKEY_GLOBAL_TOGGLEYIELD_HELP">
      <Text>Verim simgelerinin görünürlüğünü değiştirir.</Text>
    </Row>
    <Row Tag="LOC_OPTIONS_HOTKEY_GLOBAL_PANUP_HELP">
      <Text>Harita görünümünü yukarı kaydırır</Text>
    </Row>
    <Row Tag="LOC_OPTIONS_HOTKEY_GLOBAL_PANDOWN_HELP">
      <Text>Haritanın görünümünü aşağı kaydırır</Text>
    </Row>
    <Row Tag="LOC_OPTIONS_HOTKEY_GLOBAL_PANLEFT_HELP">
      <Text>Haritanın görünümünü sola kaydırır</Text>
    </Row>
    <Row Tag="LOC_OPTIONS_HOTKEY_GLOBAL_PANRIGHT_HELP">
      <Text>Haritanın görünümünü sağa kaydırır</Text>
    </Row>
    <Row Tag="LOC_OPTIONS_HOTKEY_GLOBAL_NEXTCITY_HELP">
      <Text>Bir sonraki şehre geçer.</Text>
    </Row>
    <Row Tag="LOC_OPTIONS_HOTKEY_GLOBAL_PREVCITY_HELP">
      <Text>Bir önceki şehre geçer.</Text>
    </Row>
    <Row Tag="LOC_OPTIONS_HOTKEY_GLOBAL_TOGGLERESOURCES_HELP">
      <Text>Kaynak simgelerinin görünürlüğünü değiştirir.</Text>
    </Row>
    <Row Tag="LOC_OPTIONS_HOTKEY_GLOBAL_TOGGLE2DVIEW_HELP">
      <Text>Oyunu standart ve stratejik (2D) görünümler arasında değiştirir.</Text>
    </Row>
    <Row Tag="LOC_OPTIONS_HOTKEY_CATEGORY_ONLINE">
      <Text>Çevrimiçi Eylemler:</Text>
    </Row>
    <Row Tag="LOC_OPTIONS_HOTKEY_ONLINE_PAUSE">
      <Text>Çevrimiçi Duraklama</Text>
    </Row>
    <Row Tag="LOC_OPTIONS_HOTKEY_ONLINE_PAUSE_HELP">
      <Text>Çevrimiçi oyunu duraklatır.</Text>
    </Row>
    <Row Tag="LOC_OPTIONS_HOTKEY_CATEGORY_LENSES">
      <Text>Lensler:</Text>
    </Row>
    <Row Tag="LOC_OPTIONS_HOTKEY_LENSES_RELIGION">
      <Text>Din</Text>
    </Row>
    <Row Tag="LOC_OPTIONS_HOTKEY_LENSES_CONTINENT">
      <Text>Kıta</Text>
    </Row>
    <Row Tag="LOC_OPTIONS_HOTKEY_LENSES_APPEAL">
      <Text>İtiraz</Text>
    </Row>
    <Row Tag="LOC_OPTIONS_HOTKEY_LENSES_SETTLER">
      <Text>Yerleşimci</Text>
    </Row>
    <Row Tag="LOC_OPTIONS_HOTKEY_LENSES_GOVERNMENT">
      <Text>Hükümet</Text>
    </Row>
    <Row Tag="LOC_OPTIONS_HOTKEY_LENSES_POLITICAL">
      <Text>Siyasi</Text>
    </Row>
    <Row Tag="LOC_OPTIONS_HOTKEY_LENSES_TOURISM">
      <Text>Turizm</Text>
    </Row>
    <Row Tag="LOC_OPTIONS_HOTKEY_LENSES_LOYALTY">
      <Text>Sadakat</Text>
    </Row>
    <Row Tag="LOC_OPTIONS_HOTKEY_LENSES_EMPIRE">
      <Text>İmparatorluk</Text>
    </Row>
    <Row Tag="LOC_OPTIONS_HOTKEY_MOVE_CURSOR">
      <Text>İmleci Taşı</Text>
    </Row>
    <Row Tag="LOC_OPTIONS_HOTKEY_LEFT_CLICK_CURSOR">
      <Text>Sol Tıklama İmleci</Text>
    </Row>
    <Row Tag="LOC_OPTIONS_CAMERA_PAN_UP">
      <Text>Kamera Kaydırma Yukarı</Text>
    </Row>
    <Row Tag="LOC_OPTIONS_CAMERA_PAN_DOWN">
      <Text>Kamera Kaydırma Aşağı</Text>
    </Row>
    <Row Tag="LOC_OPTIONS_CAMERA_PAN_LEFT">
      <Text>Kamera Kaydırma Sol</Text>
    </Row>
    <Row Tag="LOC_OPTIONS_CAMERA_PAN_RIGHT">
      <Text>Kamera Kaydırma Sağ</Text>
    </Row>
    <Row Tag="LOC_OPTIONS_HOTKEY_LENSES_RELIGION_HELP">
      <Text>Din merceğini değiştirir.</Text>
    </Row>
    <Row Tag="LOC_OPTIONS_HOTKEY_LENSES_CONTINENT_HELP">
      <Text>Kıta merceğini değiştirir.</Text>
    </Row>
    <Row Tag="LOC_OPTIONS_HOTKEY_LENSES_APPEAL_HELP">
      <Text>Temyiz merceğini değiştirir.</Text>
    </Row>
    <Row Tag="LOC_OPTIONS_HOTKEY_LENSES_SETTLER_HELP">
      <Text>Yerleşimci merceğini değiştirir.</Text>
    </Row>
    <Row Tag="LOC_OPTIONS_HOTKEY_LENSES_GOVERNMENT_HELP">
      <Text>Hükümet merceğini değiştirir.</Text>
    </Row>
    <Row Tag="LOC_OPTIONS_HOTKEY_LENSES_POLITICAL_HELP">
      <Text>Siyasi merceği değiştirir.</Text>
    </Row>
    <Row Tag="LOC_OPTIONS_HOTKEY_LENSES_TOURISM_HELP">
      <Text>Turizm merceğini değiştirir.</Text>
    </Row>
    <Row Tag="LOC_OPTIONS_HOTKEY_LENSES_LOYALTY_HELP">
      <Text>Sadakat merceğini değiştirir.</Text>
    </Row>
    <Row Tag="LOC_OPTIONS_HOTKEY_LENSES_EMPIRE_HELP">
      <Text>İmparatorluk merceğini değiştirir.</Text>
    </Row>
    <Row Tag="LOC_OPTIONS_HOTKEY_MOVE_CURSOR_HELP">
      <Text>Analog çubukları kullanarak imleç hareketini taklit eder.</Text>
    </Row>
    <Row Tag="LOC_OPTIONS_HOTKEY_LEFT_CLICK_CURSOR_HELP">
      <Text>İmlece sol tıklamayı taklit eder.</Text>
    </Row>
    <Row Tag="LOC_OPTIONS_CAMERA_PAN_UP_HELP">
      <Text>Oyun kamerasını yukarı kaydırın.</Text>
    </Row>
    <Row Tag="LOC_OPTIONS_CAMERA_PAN_DOWN_HELP">
      <Text>Oyun kamerasını aşağı kaydırın.</Text>
    </Row>
    <Row Tag="LOC_OPTIONS_CAMERA_PAN_LEFT_HELP">
      <Text>Oyun kamerasını sola kaydırın.</Text>
    </Row>
    <Row Tag="LOC_OPTIONS_CAMERA_PAN_RIGHT_HELP">
      <Text>Oyun kamerasını sağa kaydırın.</Text>
    </Row>
    <!-- Console Actions -->
    <Row Tag="LOC_OPTIONS_FOCUS_NEXT">
      <Text>Sonraki Odak</Text>
    </Row>
    <Row Tag="LOC_OPTIONS_FOCUS_NEXT_HELP">
      <Text>Odağı sağdaki bir sonraki seçeneğe geçirin.</Text>
    </Row>
    <Row Tag="LOC_OPTIONS_FOCUS_PREV">
      <Text>Odaklanma Önceki</Text>
    </Row>
    <Row Tag="LOC_OPTIONS_FOCUS_PREV_HELP">
      <Text>Odağı soldaki bir önceki seçeneğe geçirin.</Text>
    </Row>
    <Row Tag="LOC_OPTIONS_SELECT">
      <Text>Seçiniz</Text>
    </Row>
    <Row Tag="LOC_OPTIONS_SELECT_HELP">
      <Text>Geçerli seçeneği veya vurgulanan grafiği seçer.</Text>
    </Row>
    <Row Tag="LOC_OPTIONS_BACK">
      <Text>Geri</Text>
    </Row>
    <Row Tag="LOC_OPTIONS_BACK_HELP">
      <Text>Geçerli menüyü kapatır veya geçerli seçimin seçimini kaldırır.</Text>
    </Row>
    <Row Tag="LOC_OPTIONS_NEXT_ACTION">
      <Text>Sonraki Eylem</Text>
    </Row>
    <Row Tag="LOC_OPTIONS_NEXT_ACTION_HELP">
      <Text>Yapılması gereken bir sonraki dönüş engelleme eylemini seçer.</Text>
    </Row>
    <Row Tag="LOC_OPTIONS_NOTIFICATIONS">
      <Text>Bildirimler</Text>
    </Row>
    <Row Tag="LOC_OPTIONS_NOTIFICATIONS_HELP">
      <Text>Bildirim menüsünü açın.</Text>
    </Row>
    <Row Tag="LOC_OPTIONS_TOGGLE_TOOLTIPS">
      <Text>Araç İpuçlarını Değiştir</Text>
    </Row>
    <Row Tag="LOC_OPTIONS_TOGGLE_TOOLTIPS_HELP">
      <Text>Seçili menüde araç ipuçlarını etkinleştirir\devre dışı bırakır.</Text>
    </Row>
    <Row Tag="LOC_OPTIONS_INGAME_MENU">
      <Text>Oyun İçi Menü</Text>
    </Row>
    <Row Tag="LOC_OPTIONS_INGAME_MENU_HELP">
      <Text>Oyun içi menüyü açar.</Text>
    </Row>
    <Row Tag="LOC_OPTIONS_NAVIGATE_MAP">
      <Text>Haritada Gezin</Text>
    </Row>
    <Row Tag="LOC_OPTIONS_NAVIGATE_MAP_HELP">
      <Text>Harita üzerinde çizim seçimini kontrol eder.</Text>
    </Row>
    <Row Tag="LOC_OPTIONS_CAMERA_PAN">
      <Text>Pan Kamera</Text>
    </Row>
    <Row Tag="LOC_OPTIONS_CAMERA_PAN_HELP">
      <Text>Harita seçildiğinde kamerayı kaydırın.</Text>
    </Row>
    <Row Tag="LOC_OPTIONS_SELECT_CENTER_PLOT">
      <Text>Merkez Çizimi Seçin</Text>
    </Row>
    <Row Tag="LOC_OPTIONS_SELECT_CENTER_PLOT_HELP">
      <Text>O anda kameranın merkezinde bulunan çizimi seçin.</Text>
    </Row>
    <Row Tag="LOC_OPTIONS_ZOOM_IN">
      <Text>Yakınlaştır</Text>
    </Row>
    <Row Tag="LOC_OPTIONS_ZOOM_IN_HELP">
      <Text>Harita kamerasını yakınlaştırın.</Text>
    </Row>
    <Row Tag="LOC_OPTIONS_ZOOM_OUT">
      <Text>Uzaklaştır</Text>
    </Row>
    <Row Tag="LOC_OPTIONS_ZOOM_OUT_HELP">
      <Text>Harita kamerasını uzaklaştırın.</Text>
    </Row>
    <Row Tag="LOC_OPTIONS_MENU_UP">
      <Text>Menü Yukarı</Text>
    </Row>
    <Row Tag="LOC_OPTIONS_MENU_UP_HELP">
      <Text>Geçerli seçimin üzerindeki menü öğesini seçin.</Text>
    </Row>
    <Row Tag="LOC_OPTIONS_MENU_DOWN">
      <Text>Menü Aşağı</Text>
    </Row>
    <Row Tag="LOC_OPTIONS_MENU_DOWN_HELP">
      <Text>Geçerli seçimin altındaki menü öğesini seçin.</Text>
    </Row>
    <Row Tag="LOC_OPTIONS_MENU_LEFT">
      <Text>Menü Sol</Text>
    </Row>
    <Row Tag="LOC_OPTIONS_MENU_LEFT_HELP">
      <Text>Geçerli seçimin solundaki menü öğesini seçin.</Text>
    </Row>
    <Row Tag="LOC_OPTIONS_MENU_RIGHT">
      <Text>Menü Sol</Text>
    </Row>
    <Row Tag="LOC_OPTIONS_MENU_RIGHT_HELP">
      <Text>Geçerli seçimin sağındaki menü öğesini seçin.</Text>
    </Row>
    <!-- End Console Actions -->
    <Row Tag="LOC_OPTIONS_KEY_UNDERSCORE">
      <Text>_</Text>
    </Row>
    <Row Tag="LOC_OPTIONS_KEY_A">
      <Text>A</Text>
    </Row>
    <Row Tag="LOC_OPTIONS_KEY_B">
      <Text>B</Text>
    </Row>
    <Row Tag="LOC_OPTIONS_KEY_C">
      <Text>C</Text>
    </Row>
    <Row Tag="LOC_OPTIONS_KEY_D">
      <Text>D</Text>
    </Row>
    <Row Tag="LOC_OPTIONS_KEY_E">
      <Text>E</Text>
    </Row>
    <Row Tag="LOC_OPTIONS_KEY_F">
      <Text>F</Text>
    </Row>
    <Row Tag="LOC_OPTIONS_KEY_G">
      <Text>G</Text>
    </Row>
    <Row Tag="LOC_OPTIONS_KEY_H">
      <Text>H</Text>
    </Row>
    <Row Tag="LOC_OPTIONS_KEY_I">
      <Text>I</Text>
    </Row>
    <Row Tag="LOC_OPTIONS_KEY_J">
      <Text>J</Text>
    </Row>
    <Row Tag="LOC_OPTIONS_KEY_K">
      <Text>K</Text>
    </Row>
    <Row Tag="LOC_OPTIONS_KEY_L">
      <Text>L</Text>
    </Row>
    <Row Tag="LOC_OPTIONS_KEY_M">
      <Text>M</Text>
    </Row>
    <Row Tag="LOC_OPTIONS_KEY_N">
      <Text>N</Text>
    </Row>
    <Row Tag="LOC_OPTIONS_KEY_O">
      <Text>O</Text>
    </Row>
    <Row Tag="LOC_OPTIONS_KEY_P">
      <Text>P</Text>
    </Row>
    <Row Tag="LOC_OPTIONS_KEY_Q">
      <Text>Q</Text>
    </Row>
    <Row Tag="LOC_OPTIONS_KEY_R">
      <Text>R</Text>
    </Row>
    <Row Tag="LOC_OPTIONS_KEY_S">
      <Text>S</Text>
    </Row>
    <Row Tag="LOC_OPTIONS_KEY_T">
      <Text>T</Text>
    </Row>
    <Row Tag="LOC_OPTIONS_KEY_U">
      <Text>U</Text>
    </Row>
    <Row Tag="LOC_OPTIONS_KEY_V">
      <Text>V</Text>
    </Row>
    <Row Tag="LOC_OPTIONS_KEY_W">
      <Text>W</Text>
    </Row>
    <Row Tag="LOC_OPTIONS_KEY_X">
      <Text>X</Text>
    </Row>
    <Row Tag="LOC_OPTIONS_KEY_Y">
      <Text>Y</Text>
    </Row>
    <Row Tag="LOC_OPTIONS_KEY_Z">
      <Text>Z</Text>
    </Row>
    <Row Tag="LOC_OPTIONS_KEY_0">
      <Text>0</Text>
    </Row>
    <Row Tag="LOC_OPTIONS_KEY_1">
      <Text>1</Text>
    </Row>
    <Row Tag="LOC_OPTIONS_KEY_2">
      <Text>2</Text>
    </Row>
    <Row Tag="LOC_OPTIONS_KEY_3">
      <Text>3</Text>
    </Row>
    <Row Tag="LOC_OPTIONS_KEY_4">
      <Text>4</Text>
    </Row>
    <Row Tag="LOC_OPTIONS_KEY_5">
      <Text>5</Text>
    </Row>
    <Row Tag="LOC_OPTIONS_KEY_6">
      <Text>6</Text>
    </Row>
    <Row Tag="LOC_OPTIONS_KEY_7">
      <Text>7</Text>
    </Row>
    <Row Tag="LOC_OPTIONS_KEY_8">
      <Text>8</Text>
    </Row>
    <Row Tag="LOC_OPTIONS_KEY_9">
      <Text>9</Text>
    </Row>
    <Row Tag="LOC_OPTIONS_KEY_NP_0">
      <Text>0 (Sayı Pedi)</Text>
    </Row>
    <Row Tag="LOC_OPTIONS_KEY_NP_1">
      <Text>1 (Sayı Pedi)</Text>
    </Row>
    <Row Tag="LOC_OPTIONS_KEY_NP_2">
      <Text>2 (Sayı Pedi)</Text>
    </Row>
    <Row Tag="LOC_OPTIONS_KEY_NP_3">
      <Text>3 (Sayı Pedi)</Text>
    </Row>
    <Row Tag="LOC_OPTIONS_KEY_NP_4">
      <Text>4 (Sayı Pedi)</Text>
    </Row>
    <Row Tag="LOC_OPTIONS_KEY_NP_5">
      <Text>5 (Sayı Pedi)</Text>
    </Row>
    <Row Tag="LOC_OPTIONS_KEY_NP_6">
      <Text>6 (Sayı Pedi)</Text>
    </Row>
    <Row Tag="LOC_OPTIONS_KEY_NP_7">
      <Text>7 (Sayı Pedi)</Text>
    </Row>
    <Row Tag="LOC_OPTIONS_KEY_NP_8">
      <Text>8 (Sayı Pedi)</Text>
    </Row>
    <Row Tag="LOC_OPTIONS_KEY_NP_9">
      <Text>9 (Sayı Pedi)</Text>
    </Row>
    <Row Tag="LOC_OPTIONS_KEY_NP_MULTIPLY">
      <Text>* (Sayı Tamponu)</Text>
    </Row>
    <Row Tag="LOC_OPTIONS_KEY_NP_PLUS">
      <Text>+ (Sayı Tamponu)</Text>
    </Row>
    <Row Tag="LOC_OPTIONS_KEY_NP_MINUS">
      <Text>- (Sayı Pedi)</Text>
    </Row>
    <Row Tag="LOC_OPTIONS_KEY_NP_DECIMAL">
      <Text>. (Sayı Pedi)</Text>
    </Row>
    <Row Tag="LOC_OPTIONS_KEY_NP_DIVIDE">
      <Text>\ (Sayı Tamponu)</Text>
    </Row>
    <Row Tag="LOC_OPTIONS_KEY_NP_CENTER">
      <Text>Merkez (Sayı Pedi)</Text>
    </Row>
    <Row Tag="LOC_OPTIONS_KEY_F1">
      <Text>F1</Text>
    </Row>
    <Row Tag="LOC_OPTIONS_KEY_F2">
      <Text>F2</Text>
    </Row>
    <Row Tag="LOC_OPTIONS_KEY_F3">
      <Text>F3</Text>
    </Row>
    <Row Tag="LOC_OPTIONS_KEY_F4">
      <Text>F4</Text>
    </Row>
    <Row Tag="LOC_OPTIONS_KEY_F5">
      <Text>F5</Text>
    </Row>
    <Row Tag="LOC_OPTIONS_KEY_F6">
      <Text>F6</Text>
    </Row>
    <Row Tag="LOC_OPTIONS_KEY_F7">
      <Text>F7</Text>
    </Row>
    <Row Tag="LOC_OPTIONS_KEY_F8">
      <Text>F8</Text>
    </Row>
    <Row Tag="LOC_OPTIONS_KEY_F9">
      <Text>F9</Text>
    </Row>
    <Row Tag="LOC_OPTIONS_KEY_F10">
      <Text>F10</Text>
    </Row>
    <Row Tag="LOC_OPTIONS_KEY_F11">
      <Text>F11</Text>
    </Row>
    <Row Tag="LOC_OPTIONS_KEY_F12">
      <Text>F12</Text>
    </Row>
    <Row Tag="LOC_OPTIONS_KEY_F13">
      <Text>F13</Text>
    </Row>
    <Row Tag="LOC_OPTIONS_KEY_F14">
      <Text>F14</Text>
    </Row>
    <Row Tag="LOC_OPTIONS_KEY_F15">
      <Text>F15</Text>
    </Row>
    <Row Tag="LOC_OPTIONS_KEY_F16">
      <Text>F16</Text>
    </Row>
    <Row Tag="LOC_OPTIONS_KEY_F17">
      <Text>F17</Text>
    </Row>
    <Row Tag="LOC_OPTIONS_KEY_F18">
      <Text>F18</Text>
    </Row>
    <Row Tag="LOC_OPTIONS_KEY_F19">
      <Text>F19</Text>
    </Row>
    <Row Tag="LOC_OPTIONS_KEY_F20">
      <Text>F20</Text>
    </Row>
    <Row Tag="LOC_OPTIONS_KEY_F21">
      <Text>F21</Text>
    </Row>
    <Row Tag="LOC_OPTIONS_KEY_F22">
      <Text>F22</Text>
    </Row>
    <Row Tag="LOC_OPTIONS_KEY_F23">
      <Text>F23</Text>
    </Row>
    <Row Tag="LOC_OPTIONS_KEY_F24">
      <Text>F24</Text>
    </Row>
    <Row Tag="LOC_OPTIONS_KEY_INSERT">
      <Text>Ekleme</Text>
    </Row>
    <Row Tag="LOC_OPTIONS_KEY_HOME">
      <Text>Ev</Text>
    </Row>
    <Row Tag="LOC_OPTIONS_KEY_PAGEUP">
      <Text>Sayfa Yukarı</Text>
    </Row>
    <Row Tag="LOC_OPTIONS_KEY_DELETE">
      <Text>Silme</Text>
    </Row>
    <Row Tag="LOC_OPTIONS_KEY_END">
      <Text>Bitiş</Text>
    </Row>
    <Row Tag="LOC_OPTIONS_KEY_PAGEDOWN">
      <Text>Sayfa Aşağı</Text>
    </Row>
    <Row Tag="LOC_OPTIONS_KEY_LEFT">
      <Text>Sol Ok</Text>
    </Row>
    <Row Tag="LOC_OPTIONS_KEY_UP">
      <Text>Yukarı Ok</Text>
    </Row>
    <Row Tag="LOC_OPTIONS_KEY_RIGHT">
      <Text>Sağ Ok</Text>
    </Row>
    <Row Tag="LOC_OPTIONS_KEY_DOWN">
      <Text>Aşağı Ok</Text>
    </Row>
    <Row Tag="LOC_OPTIONS_KEY_SEMICOLON">
      <Text>;</Text>
    </Row>
    <Row Tag="LOC_OPTIONS_KEY_PLUS">
      <Text>=</Text>
    </Row>
    <Row Tag="LOC_OPTIONS_KEY_COMMA">
      <Text>,</Text>
    </Row>
    <Row Tag="LOC_OPTIONS_KEY_MINUS">
      <Text>-</Text>
    </Row>
    <Row Tag="LOC_OPTIONS_KEY_PERIOD">
      <Text>.</Text>
    </Row>
    <Row Tag="LOC_OPTIONS_KEY_SLASH">
      <Text>\</Text>
    </Row>
    <Row Tag="LOC_OPTIONS_KEY_TILDE">
      <Text>~</Text>
    </Row>
    <Row Tag="LOC_OPTIONS_KEY_LBRACKET">
      <Text>[</Text>
    </Row>
    <Row Tag="LOC_OPTIONS_KEY_BACKSLASH">
      <Text>\</Text>
    </Row>
    <Row Tag="LOC_OPTIONS_KEY_RBRACKET">
      <Text>]</Text>
    </Row>
    <Row Tag="LOC_OPTIONS_KEY_QUOTE">
      <Text>"</Text>
    </Row>
    <Row Tag="LOC_OPTIONS_KEY_PRINTSCREEN">
      <Text>Baskı Scrn</Text>
    </Row>
    <Row Tag="LOC_OPTIONS_KEY_PAUSE">
      <Text>Duraklat</Text>
    </Row>
    <Row Tag="LOC_OPTIONS_KEY_SPACE">
      <Text>Uzay</Text>
    </Row>
    <Row Tag="LOC_OPTIONS_KEY_TAB">
      <Text>Tab</Text>
    </Row>
    <Row Tag="LOC_OPTIONS_KEY_RETURN">
      <Text>Dönüş</Text>
    </Row>
    <Row Tag="LOC_OPTIONS_KEY_ESCAPE">
      <Text>Esc</Text>
    </Row>
    <Row Tag="LOC_OPTIONS_KEY_BACKSPACE">
      <Text>Backspace</Text>
    </Row>
    <Row Tag="LOC_OPTIONS_KEY_CANCEL">
      <Text>İptal</Text>
    </Row>
    <Row Tag="LOC_OPTIONS_KEY_SHIFT">
      <Text>Vardiya</Text>
    </Row>
    <Row Tag="LOC_OPTIONS_KEY_CONTROL">
      <Text>Kontrol</Text>
    </Row>
    <Row Tag="LOC_OPTIONS_KEY_ALT">
      <Text>Alt</Text>
    </Row>
    <Row Tag="LOC_OPTIONS_KEY_LSHIFT">
      <Text>Sola Kaydırma</Text>
    </Row>
    <Row Tag="LOC_OPTIONS_KEY_LCONTROL">
      <Text>Sol Kontrol</Text>
    </Row>
    <Row Tag="LOC_OPTIONS_KEY_LALT">
      <Text>Sol Alt</Text>
    </Row>
    <Row Tag="LOC_OPTIONS_KEY_RSHIFT">
      <Text>Sağa Kaydırma</Text>
    </Row>
    <Row Tag="LOC_OPTIONS_KEY_RCONTROL">
      <Text>Sağ Kontrol</Text>
    </Row>
    <Row Tag="LOC_OPTIONS_KEY_RALT">
      <Text>Sağ Alt</Text>
    </Row>
    <Row Tag="LOC_OPTIONS_KEY_LBUTTON">
      <Text>Sol Fare Düğmesi</Text>
    </Row>
    <Row Tag="LOC_OPTIONS_KEY_RBUTTON">
      <Text>Sağ Fare Düğmesi</Text>
    </Row>
    <Row Tag="LOC_OPTIONS_KEY_MBUTTON">
      <Text>Orta Fare Düğmesi</Text>
    </Row>
    <Row Tag="LOC_OPTIONS_KEY_CAPSLOCK">
      <Text>Büyük harf kilidi</Text>
    </Row>
    <Row Tag="LOC_OPTIONS_KEY_NUMLOCK">
      <Text>Num Kilidi</Text>
    </Row>
    <Row Tag="LOC_OPTIONS_KEY_SCROLLLOCK">
      <Text>Kaydırma Kilidi</Text>
    </Row>
    <Row Tag="LOC_OPTIONS_KEY_LWIN">
      <Text>Sol Kazanç</Text>
    </Row>
    <Row Tag="LOC_OPTIONS_KEY_RWIN">
      <Text>Doğru Kazan</Text>
    </Row>
    <Row Tag="LOC_OPTIONS_KEY_APPS">
      <Text>Uygulamalar</Text>
    </Row>
    <Row Tag="LOC_OPTIONS_MOUSE_L">
      <Text>Sol Fare</Text>
    </Row>
    <Row Tag="LOC_OPTIONS_MOUSE_R">
      <Text>Sağ Fare</Text>
    </Row>
    <Row Tag="LOC_OPTIONS_MOUSE_M">
      <Text>Orta Fare</Text>
    </Row>
    <Row Tag="LOC_OPTIONS_MOUSE_X">
      <Text>Fare {1_ButtonIndex}</Text>
    </Row>
    <Row Tag="LOC_OPTIONS_MOUSE_X1">
      <Text>Fare X1</Text>
    </Row>
    <Row Tag="LOC_OPTIONS_MOUSE_X2">
      <Text>Fare X2</Text>
    </Row>
    <Row Tag="LOC_OPTIONS_PAD_A">
      <Text>Ped A</Text>
    </Row>
    <Row Tag="LOC_OPTIONS_PAD_B">
      <Text>Ped B</Text>
    </Row>
    <Row Tag="LOC_OPTIONS_PAD_X">
      <Text>Ped X</Text>
    </Row>
    <Row Tag="LOC_OPTIONS_PAD_Y">
      <Text>Ped Y</Text>
    </Row>
    <Row Tag="LOC_OPTIONS_PAD_RSHOULDER">
      <Text>Ped RB</Text>
    </Row>
    <Row Tag="LOC_OPTIONS_PAD_LSHOULDER">
      <Text>Ped LB</Text>
    </Row>
    <Row Tag="LOC_OPTIONS_PAD_LTRIGGER">
      <Text>Ped LT</Text>
    </Row>
    <Row Tag="LOC_OPTIONS_PAD_LTRIGGER_CLICK">
      <Text>Pad LT Tıklama</Text>
    </Row>
    <Row Tag="LOC_OPTIONS_PAD_RTRIGGER">
      <Text>Ped RT</Text>
    </Row>
    <Row Tag="LOC_OPTIONS_PAD_RTRIGGER_CLICK">
      <Text>Pad RT Tıklama</Text>
    </Row>
    <Row Tag="LOC_OPTIONS_PAD_DPAD_UP">
      <Text>Ped Dpad Yukarı</Text>
    </Row>
    <Row Tag="LOC_OPTIONS_PAD_DPAD_DOWN">
      <Text>Ped Dpad Aşağı</Text>
    </Row>
    <Row Tag="LOC_OPTIONS_PAD_DPAD_LEFT">
      <Text>Ped Dpad Sol</Text>
    </Row>
    <Row Tag="LOC_OPTIONS_PAD_DPAD_RIGHT">
      <Text>Ped Dpad Sağ</Text>
    </Row>
    <Row Tag="LOC_OPTIONS_PAD_RIGHT_DPAD_UP">
      <Text>Ped Sağ Dpad Yukarı</Text>
    </Row>
    <Row Tag="LOC_OPTIONS_PAD_RIGHT_DPAD_DOWN">
      <Text>Pad Sağ Dpad Aşağı</Text>
    </Row>
    <Row Tag="LOC_OPTIONS_PAD_RIGHT_DPAD_LEFT">
      <Text>Ped Sağ Dpad Sol</Text>
    </Row>
    <Row Tag="LOC_OPTIONS_PAD_RIGHT_DPAD_RIGHT">
      <Text>Pad Sağ Dpad Sağ</Text>
    </Row>
    <Row Tag="LOC_OPTIONS_PAD_START">
      <Text>Ped Başlangıcı</Text>
    </Row>
    <Row Tag="LOC_OPTIONS_PAD_BACK">
      <Text>Ped Arkası</Text>
    </Row>
    <Row Tag="LOC_OPTIONS_PAD_LTHUMB_PRESS">
      <Text>Ped LStick Press</Text>
    </Row>
    <Row Tag="LOC_OPTIONS_PAD_RTHUMB_PRESS">
      <Text>Ped RStick Press</Text>
    </Row>
    <Row Tag="LOC_OPTIONS_PAD_LTHUMB_AXIS">
      <Text>Ped Sol Çubuk</Text>
    </Row>
    <Row Tag="LOC_OPTIONS_PAD_RTHUMB_AXIS">
      <Text>Ped Sağ Çubuk</Text>
    </Row>
    <Row Tag="LOC_OPTIONS_PAD_LEFT_GRIP">
      <Text>Ped Sol Kavrama</Text>
    </Row>
    <Row Tag="LOC_OPTIONS_PAD_RIGHT_GRIP">
      <Text>Ped Sağ Kavrama</Text>
    </Row>
    <Row Tag="LOC_OPTIONS_PAD_LEFT_TOUCHPAD_TOUCH">
      <Text>Sol Dokunmatik Yüzey Dokunma</Text>
    </Row>
    <Row Tag="LOC_OPTIONS_PAD_LEFT_TOUCHPAD_SWIPE">
      <Text>Sol Dokunmatik Yüzey Kaydırma</Text>
    </Row>
    <Row Tag="LOC_OPTIONS_PAD_LEFT_TOUCHPAD_CLICK">
      <Text>Sol Dokunmatik Yüzey Tıklaması</Text>
    </Row>
    <Row Tag="LOC_OPTIONS_PAD_MIDDLE_TOUCHPAD_TOUCH">
      <Text>Orta Dokunmatik Yüzey Dokunmatik</Text>
    </Row>
    <Row Tag="LOC_OPTIONS_PAD_MIDDLE_TOUCHPAD_SWIPE">
      <Text>Orta Dokunmatik Yüzey Kaydırma</Text>
    </Row>
    <Row Tag="LOC_OPTIONS_PAD_MIDDLE_TOUCHPAD_CLICK">
      <Text>Orta Dokunmatik Yüzey Tıklaması</Text>
    </Row>
    <Row Tag="LOC_OPTIONS_PAD_RIGHT_TOUCHPAD_TOUCH">
      <Text>Sağ Dokunmatik Yüzeye Dokunma</Text>
    </Row>
    <Row Tag="LOC_OPTIONS_PAD_RIGHT_TOUCHPAD_SWIPE">
      <Text>Sağ Dokunmatik Yüzey Kaydırma</Text>
    </Row>
    <Row Tag="LOC_OPTIONS_PAD_RIGHT_TOUCHPAD_CLICK">
      <Text>Sağ Dokunmatik Yüzeye Tıklama</Text>
    </Row>
    <Row Tag="LOC_OPTIONS_PAD_GYRO_MOVE">
      <Text>Ped Gyro Hareketi</Text>
    </Row>
    <Row Tag="LOC_OPTIONS_PAD_GYRO_PITCH">
      <Text>Ped Gyro Pitch</Text>
    </Row>
    <Row Tag="LOC_OPTIONS_PAD_GYRO_YAW">
      <Text>Ped Gyro Yaw</Text>
    </Row>
    <Row Tag="LOC_OPTIONS_PAD_GYRO_ROLL">
      <Text>Pad Gyro Roll</Text>
    </Row>
    <Row Tag="LOC_OPTIONS_KEY_VOLUME_MUTE">
      <Text>Sessiz</Text>
    </Row>
    <Row Tag="LOC_OPTIONS_KEY_VOLUME_DOWN">
      <Text>Cilt Aşağı</Text>
    </Row>
    <Row Tag="LOC_OPTIONS_KEY_VOLUME_UP">
      <Text>Cilt Yukarı</Text>
    </Row>
    <Row Tag="LOC_OPTIONS_KEY_MEDIA_NEXT_TRACK">
      <Text>Sonraki Parça</Text>
    </Row>
    <Row Tag="LOC_OPTIONS_KEY_MEDIA_PREV_TRACK">
      <Text>Önceki Parça</Text>
    </Row>
    <Row Tag="LOC_OPTIONS_KEY_MEDIA_STOP">
      <Text>Dur</Text>
    </Row>
    <Row Tag="LOC_OPTIONS_KEY_MEDIA_PLAY_PAUSE">
      <Text>Oynat \ Duraklat</Text>
    </Row>
    <Row Tag="LOC_OPTIONS_PAD_TOOLTIP_REFRESH">
      <Text>Araç İpucu Yenileme</Text>
    </Row>
    <Row Tag="LOC_OPTIONS_KEY_NUM_KEYS">
      <Text>Numara Tuşları</Text>
    </Row>
    <Row Tag="LOC_OPTIONS_SUBTITLES">
      <Text>Sinematik Altyazılar:</Text>
    </Row>
  </FrontEndText>
</GameData>