﻿<?xml version="1.0" encoding="utf-8"?>
<!-- edited with XMLSPY v2004 rel. 2 U (http://www.xmlspy.com) by Anton Strenger (Firaxis Games) -->
<GameData>
  <BaseGameText>
    <!-- Names -->
    <Row Tag="LOC_ABILITY_ANTI_CAVALRY_NAME">
      <Text>Anti-Süvari</Text>
    </Row>
    <Row Tag="LOC_ABILITY_HEAVY_CHARIOT_NAME">
      <Text>Ağır Savaş Arabası</Text>
    </Row>
    <Row Tag="LOC_ABILITY_IGNORE_TERRAIN_COST_NAME">
      <Text>Arazi Maliyetini Yoksay</Text>
    </Row>
    <Row Tag="LOC_ABILITY_IGNORE_CROSSING_RIVERS_COST_NAME">
      <Text>Nehirleri Geçme Maliyetini Yoksay</Text>
    </Row>
    <Row Tag="LOC_ABILITY_IGNORE_ZOC_NAME">
      <Text>ZOC'yi Yoksay</Text>
    </Row>
    <Row Tag="LOC_ABILITY_LIGHT_CHARIOT_NAME">
      <Text>Hafif Savaş Arabası</Text>
    </Row>
    <Row Tag="LOC_ABILITY_NO_MOVE_AND_SHOOT_NAME">
      <Text>Hareket Etme ve Ateş Etme Yok</Text>
    </Row>
    <Row Tag="LOC_ABILITY_NO_OCEAN_NAME">
      <Text>Sadece Kıyı</Text>
    </Row>
    <Row Tag="LOC_ABILITY_CANNOT_ATTACK">
      <Text>Saldıramaz</Text>
    </Row>
    <Row Tag="LOC_ABILITY_FRIENDLY_TERRITORY_COMBAT">
      <Text>Dost Bölge Bonusu</Text>
    </Row>
    <Row Tag="LOC_ABILITY_ENABLE_WALL_ATTACK_NAME">
      <Text>Duvar Saldırısını Etkinleştirir</Text>
    </Row>
    <Row Tag="LOC_ABILITY_BYPASS_WALLS_NAME">
      <Text>Bypass Duvarları</Text>
    </Row>
    <Row Tag="LOC_ABILITY_ANTI_SPEAR_NAME">
      <Text>Anti-Mızrak</Text>
    </Row>
    <Row Tag="LOC_ABILITY_GRANT_RANGE_BONUS_NAME">
      <Text>Hedef Tespiti</Text>
    </Row>
    <Row Tag="LOC_ABILITY_UNOBSTRUCTED_VIEW_NAME">
      <Text>Engelsiz Manzara</Text>
    </Row>
    <Row Tag="LOC_ABILITY_OLIGARCHY_MELEE_BUFF_NAME">
      <Text>Oligarşi Kavgası</Text>
    </Row>
    <Row Tag="LOC_ABILITY_THEOCRACY_RELIGIOUS_BUFF_NAME">
      <Text>Teokrasi</Text>
    </Row>
    <Row Tag="LOC_ABILITY_RELIGIOUS_ORDERS_BUFF_NAME">
      <Text>Dini Tarikatlar</Text>
    </Row>
    <Row Tag="LOC_ABILITY_FASCISM_ATTACK_BUFF_NAME">
      <Text>Faşizm Saldırısı</Text>
    </Row>
    <Row Tag="LOC_ABILITY_COMMUNISM_DEFENSE_BUFF_NAME">
      <Text>Komünizm Toprak Savunması</Text>
    </Row>
    <Row Tag="LOC_ABILITY_MEDIC_HEAL_NAME">
      <Text>Medic Şifa</Text>
    </Row>
    <Row Tag="LOC_ABILITY_STEALTH_NAME">
      <Text>Gizli</Text>
    </Row>
    <Row Tag="LOC_ABILITY_SEE_HIDDEN_NAME">
      <Text>Gizliliği Ortaya Çıkar</Text>
    </Row>
    <Row Tag="LOC_ABILITY_COASTAL_RAID_NAME">
      <Text>Kıyı Baskını</Text>
    </Row>
    <Row Tag="LOC_ABILITY_MELEE_COASTAL_RAID_NAME">
      <Text>Thunderbolt Kıyı Baskını</Text>
    </Row>
    <Row Tag="LOC_ABILITY_BYPASS_COMBAT_UNIT_NAME">
      <Text>Yönlendirilmiş Saldırı</Text>
    </Row>
    <Row Tag="LOC_ABILITY_HEAL_NEUTRAL_TERRITORY_NAME">
      <Text>Tarafsız Bölgeyi İyileştir</Text>
    </Row>
    <Row Tag="LOC_ABILITY_TRADE_ROUTE_PLUNDER_IMMUNITY_SEA_NAME">
      <Text>Denizde Yağma Dokunulmazlığı</Text>
    </Row>
    <Row Tag="LOC_ABILITY_BERSERKER_RAGE_NAME">
      <Text>Vahşi Öfke</Text>
    </Row>
    <Row Tag="LOC_ABILITY_BERSERKER_MOVEMENT_NAME">
      <Text>Berserker Hareketi</Text>
    </Row>
    <Row Tag="LOC_ABILITY_LONGSHIP_MOVEMENT_NAME">
      <Text>Uzun Gemi Hareketi</Text>
    </Row>
    <Row Tag="LOC_ABILITY_PRIZE_SHIPS_NAME">
      <Text>Ödül Gemileri</Text>
    </Row>
    <Row Tag="LOC_ABILITY_CAPTIVE_WORKERS_NAME">
      <Text>Esir Çalışanlar</Text>
    </Row>
    <Row Tag="LOC_ABILITY_BALKAN_CAVALRY_NAME">
      <Text>Balkan Süvarileri</Text>
    </Row>
    <Row Tag="LOC_ABILITY_ALTITUDE_TRAINING_NAME">
      <Text>Yükseklik Eğitimi</Text>
    </Row>
    <Row Tag="LOC_ABILITY_COSSACK_NAME">
      <Text>Ve Don Sessizce Akıyor</Text>
    </Row>
    <Row Tag="LOC_ABILITY_REDCOAT_NAME">
      <Text>Küresel Ordu</Text>
    </Row>
    <Row Tag="LOC_ABILITY_VARU_NAME">
      <Text>Korku</Text>
    </Row>
    <Row Tag="LOC_ABILITY_NAGAO_NAME">
      <Text>Orman Savaşçısı</Text>
    </Row>
    <Row Tag="LOC_ABILITY_CONQUISTADOR_NAME">
      <Text>Zorla Dönüştürme</Text>
    </Row>
    <Row Tag="LOC_ABILITY_GARDE_NAME">
      <Text>Napolyon'un Seçkinleri</Text>
    </Row>
    <Row Tag="LOC_ABILITY_HOPLITE_NAME">
      <Text>Phalanx</Text>
    </Row>
    <Row Tag="LOC_ABILITY_UBOAT_NAME">
      <Text>Wolfsrudel</Text>
    </Row>
    <Row Tag="LOC_ABILITY_ROUGH_RIDER_NAME">
      <Text>Teddy'nin Kabadayı Binicisi</Text>
    </Row>
    <Row Tag="LOC_ABILITY_MUSTANG_NAME">
      <Text>Mustang</Text>
    </Row>
    <Row Tag="LOC_ABILITY_MAMLUK_NAME">
      <Text>Furusiyya</Text>
    </Row>
    <Row Tag="LOC_ABILITY_SAMURAI_NAME">
      <Text>Samuray</Text>
    </Row>
    <Row Tag="LOC_ABILITY_NO_FOREIGN_SPREAD_NAME">
      <Text>Yurtiçi Yayılma</Text>
    </Row>
    <Row Tag="LOC_ABILITY_ARCHAEOLOGIST_ENTER_FOREIGN_LANDS_NAME">
      <Text>Yabancı Topraklara Girin</Text>
    </Row>
    <Row Tag="LOC_ABILITY_RELIGIOUS_CANNOT_ATTACK_NAME">
      <Text>Barış Muhafızı</Text>
    </Row>
    <Row Tag="LOC_ABILITY_FRIENDLY_TERRITORY_RELIGIOUS_NAME">
      <Text>Dost Bölge Avantajı</Text>
    </Row>
    <Row Tag="LOC_ABILITY_RELIGIOUS_ENTER_FOREIGN_LANDS_NAME">
      <Text>Sınırları Yok Sayar</Text>
    </Row>
    <Row Tag="LOC_ABILITY_RELIGIOUS_IGNORE_TERRAIN_COST_NAME">
      <Text>Havada Yürümek</Text>
    </Row>
    <!-- Full description -->
    <Row Tag="LOC_ABILITY_ANTI_CAVALRY_DESCRIPTION">
      <Text>Hafif ve Ağır süvari birimlerine karşı +10 [ICON_Strength] Savaş Gücü.</Text>
    </Row>
    <Row Tag="LOC_ABILITY_ANTI_SPEAR_DESCRIPTION">
      <Text>Karşı süvari birliklerine karşı +5 [ICON_Strength] Savaş Gücü.</Text>
    </Row>
    <Row Tag="LOC_ABILITY_HEAVY_CHARIOT_DESCRIPTION">
      <Text>Çöl, Ova, Otlak veya Tundra'da başlıyorsa +1 [ICON_Movement] Hareket.</Text>
    </Row>
    <Row Tag="LOC_ABILITY_RELIGIOUS_IGNORE_TERRAIN_COST_DESCRIPTION">
      <Text>Orman, Orman, Tepeler ve Bataklık sadece bir [ICON_Movement] Hareket alır.</Text>
    </Row>
    <Row Tag="LOC_ABILITY_IGNORE_ZOC_DESCRIPTION">
      <Text>Düşman kontrol bölgesinden etkilenmez.</Text>
    </Row>
    <Row Tag="LOC_ABILITY_LIGHT_CHARIOT_DESCRIPTION">
      <Text>Çöl, Ova, Otlak veya Tundra'da başlıyorsa +2 [ICON_Movement] Hareket.</Text>
    </Row>
    <Row Tag="LOC_ABILITY_NO_MOVE_AND_SHOOT_DESCRIPTION">
      <Text>Aynı turda hareket edemez ve saldıramaz.</Text>
    </Row>
    <Row Tag="LOC_ABILITY_NO_OCEAN_DESCRIPTION">
      <Text>Okyanus altıgenlerine giremezsiniz.</Text>
    </Row>
    <Row Tag="LOC_ABILITY_CANNOT_ATTACK_DESCRIPTION">
      <Text>Düşmanlara saldıramaz; sadece savunma yapabilir.</Text>
    </Row>
    <Row Tag="LOC_ABILITY_FRIENDLY_TERRITORY_COMBAT_DESCRIPTION">
      <Text>Dost bölgede savaş bonusu.</Text>
    </Row>
    <Row Tag="LOC_ABILITY_ENABLE_WALL_ATTACK_DESCRIPTION">
      <Text>Bir düşman şehrine bitişik olduğunda, yakın dövüş birimleri şehrin Surlarına tam hasar verir.</Text>
    </Row>
    <Row Tag="LOC_ABILITY_BYPASS_WALLS_DESCRIPTION">
      <Text>Bir düşman şehrine bitişik olduğunda, dost yakın dövüş birimleri şehir surlarını atlayıp şehre doğrudan saldırabilir.</Text>
    </Row>
    <Row Tag="LOC_ABILITY_ANIT_SPEAR_DESCRIPTION">
      <Text>+5 [ICON_Strength] Mızrakçılara ve Mızraklılara karşı Savaş Gücü.</Text>
    </Row>
    <Row Tag="LOC_ABILITY_GRANT_RANGE_BONUS_DESCRIPTION">
      <Text>+1 [ICON_Range] Yakındaki menzilli kuşatma birimlerine menzil.</Text>
    </Row>
    <Row Tag="LOC_ABILITY_UNOBSTRUCTED_VIEW_DESCRIPTION">
      <Text>Arazi tarafından engellenmemiş görüş mesafesi.</Text>
    </Row>
    <Row Tag="LOC_ABILITY_OBSERVATION_STRENGTH_BONUS_DESCRIPTION">
      <Text>1 hex içindeki Kuşatma sınıfı birimlere +1 [ICON_Range] Menzil verir.</Text>
    </Row>
    <Row Tag="LOC_ABILITY_OLIGARCHY_MELEE_BUFF_DESCRIPTION">
      <Text>Oligarşi hükümetinden +4 [ICON_Strength] Savaş Gücü.</Text>
    </Row>
    <Row Tag="LOC_ABILITY_THEOCRACY_RELIGIOUS_BUFF_DESCRIPTION">
      <Text>Teokrasi hükümetinden +5 [ICON_Religion] Dini Güç.</Text>
    </Row>
    <Row Tag="LOC_ABILITY_RELIGIOUS_ORDERS_BUFF_DESCRIPTION">
      <Text>Dini Tarikatlar politikasından +5 [ICON_Religion] Dini Güç.</Text>
    </Row>
    <Row Tag="LOC_ABILITY_FASCISM_ATTACK_BUFF_DESCRIPTION">
      <Text>Faşizm hükümetinden saldırırken +5 [ICON_Strength] Savaş Gücü.</Text>
    </Row>
    <Row Tag="LOC_ABILITY_COMMUNISM_DEFENSE_BUFF_DESCRIPTION">
      <Text>Komünizm hükümetine karşı savunma yaparken +6 [ICON_Strength] Savaş Gücü.</Text>
    </Row>
    <Row Tag="LOC_ABILITY_MEDIC_HEAL_DESCRIPTION">
      <Text>Oyuncunun 1 karo içindeki birimleri için +20 HP iyileştirme.</Text>
    </Row>
    <Row Tag="LOC_ABILITY_STEALTH_DESCRIPTION">
      <Text>Bir hektardan daha uzaktaki birimlerden gizli kalır.</Text>
    </Row>
    <Row Tag="LOC_ABILITY_SEE_HIDDEN_DESCRIPTION">
      <Text>Haritadaki görüş menzilindeki gizli birimleri ortaya çıkarın.</Text>
    </Row>
    <Row Tag="LOC_ABILITY_COASTAL_RAID_DESCRIPTION">
      <Text>Binaları ve iyileştirmeleri yağmalayabilir ve kıyı topraklarındaki sivil birimleri ele geçirebilir.</Text>
    </Row>
    <Row Tag="LOC_ABILITY_MELEE_COASTAL_RAID_NAME_DESCRIPTION">
      <Text>Binaları ve iyileştirmeleri yağmalayabilir ve kıyı topraklarındaki sivil birimleri ele geçirebilir. (Hardrada)</Text>
    </Row>
    <Row Tag="LOC_ABILITY_BYPASS_COMBAT_UNIT_DESCRIPTION">
      <Text>Bir muharebe birimiyle aynı düzende olsalar bile destek birimlerine doğrudan saldırın.</Text>
    </Row>
    <Row Tag="LOC_ABILITY_HEAL_NEUTRAL_TERRITORY_DESCRIPTION">
      <Text>Tarafsız bölgede iyileşebilir. (Knarr)</Text>
    </Row>
    <Row Tag="LOC_ABILITY_TRADE_ROUTE_PLUNDER_IMMUNITY_SEA_DESCRIPTION">
      <Text>Bir su karesi üzerindeyken, [ICON_TradeRoute] Ticaret Yolu düşman birimleri tarafından yağmalanamaz. Lizbon şehir devletinin Suzerain'i olduğunda elde edilir.</Text>
    </Row>
    <Row Tag="LOC_ABILITY_BERSERKER_RAGE_DESCRIPTION">
      <Text>Saldırırken +10 [ICON_Strength]Savaş Gücü.[NEWLINE][ICON_Bullet]-5 [ICON_Strength] Savunurken Savaş Gücü.</Text>
    </Row>
    <Row Tag="LOC_ABILITY_BERSERKER_MOVEMENT_DESCRIPTION">
      <Text>Bu birim düşman bölgesinde başlarsa +2 [ICON_Movement] Hareket.</Text>
    </Row>
    <Row Tag="LOC_ABILITY_LONGSHIP_MOVEMENT_DESCRIPTION">
      <Text>+1 [ICON_Movement] Kıyı sularında hareket.</Text>
    </Row>
    <Row Tag="LOC_ABILITY_PRIZE_SHIPS_DESCRIPTION">
      <Text>Yenilmiş düşman donanma gemilerini ele geçirebilir.</Text>
    </Row>
    <Row Tag="LOC_ABILITY_CAPTIVE_WORKERS_DESCRIPTION">
      <Text>Yenilmiş düşman uygarlık savaş birimlerini ele geçirebilir ve onları İnşaatçılara dönüştürebilir.</Text>
    </Row>
    <Row Tag="LOC_ABILITY_BALKAN_CAVALRY_DESCRIPTION">
      <Text>Preslav şehir devletinin Suzerain'i olduğunda Tepelerdeki ağır ve hafif süvarilere +5 [ICON_Strength] Savaş Gücü.</Text>
    </Row>
    <Row Tag="LOC_ABILITY_ALTITUDE_TRAINING_DESCRIPTION">
      <Text>Misyonerler, Engizisyoncular ve Havariler, Everest Dağı doğa harikasının yanına taşındıktan sonra Tepelerin üzerinden daha hızlı geçebilir.</Text>
    </Row>
    <Row Tag="LOC_ABILITY_COSSACK_DESCRIPTION">
      <Text>Saldırdıktan sonra hareket edebilir. [NEWLINE][ICON_Bullet]+5 [ICON_Strength] Bölgenizde veya bölgenize bitişik Savaş Gücü.</Text>
    </Row>
    <Row Tag="LOC_ABILITY_REDCOAT_DESCRIPTION">
      <Text>[ICON_Capital] Başkentinizin bulunduğu kıtadan başka bir kıtada savaşırken +10 [ICON_Strength] Savaş Gücü [NEWLINE][ICON_Bullet]Karaya çıkmak için [ICON_Movement] Hareket maliyeti yok</Text>
    </Row>
    <Row Tag="LOC_ABILITY_VARU_DESCRIPTION">
      <Text>Bitişik düşman birimlerine -5 [ICON_Strength] Savaş Gücü.</Text>
    </Row>
    <Row Tag="LOC_ABILITY_NAGAO_DESCRIPTION">
      <Text>Menzilli birimlere karşı savunma yaparken +10 [ICON_Strength] Savaş Gücü.[NEWLINE][ICON_Bullet]Özelliklerin arkasını görebilir[NEWLINE][ICON_Bullet]Orman ve Yağmur Ormanı'nda [ICON_Movement] Hareket cezası olmadan hareket edebilir.</Text>
    </Row>
    <Row Tag="LOC_ABILITY_CONQUISTADOR_DESCRIPTION">
      <Text>+10 [ICON_Strength] Bir hex içinde dini bir birim olduğunda Savaş Gücü.[NEWLINE][ICON_Bullet]Bu birim bir şehri ele geçirirse veya ele geçirildiğinde bir şehre bitişikse, şehir otomatik olarak Fetihçi oyuncunun çoğunluk Dinine dönüşecektir.</Text>
    </Row>
    <Row Tag="LOC_ABILITY_GARDE_DESCRIPTION">
      <Text>[ICON_Capital] Başkent ile aynı kıtadayken +10 [ICON_Strength] Savaş Gücü. [NEWLINE][ICON_Bullet]+10 [ICON_GreatGeneral] Öldürmeler için Büyük General puanı.</Text>
    </Row>
    <Row Tag="LOC_ABILITY_HOPLITE_DESCRIPTION">
      <Text>Bitişikte en az bir Hoplit varsa +10 [ICON_Strength] Savaş Gücü.</Text>
    </Row>
    <Row Tag="LOC_ABILITY_UBOAT_DESCRIPTION">
      <Text>Okyanus savaşında +10 [ICON_Strength] Savaş Gücü.</Text>
    </Row>
    <Row Tag="LOC_ABILITY_ROUGH_RIDER_DESCRIPTION">
      <Text>[ICON_Capital] Başkentinizin kıtasındaki bir düşman birimini yenerken, tepelerde savaşırken o birimin temel [ICON_Strength] Savaşma Gücünün (Standart Hızda)[NEWLINE][ICON_Bullet]+10 [ICON_Strength] Savaşma Gücünün %50'sine eşit [ICON_Culture] Kültür kazanın.</Text>
    </Row>
    <Row Tag="LOC_ABILITY_MUSTANG_DESCRIPTION">
      <Text>Savaşçılara karşı +5 [ICON_Strength] Savaş Gücü bonusu[NEWLINE][ICON_Bullet]+%50 savaş deneyimi.</Text>
    </Row>
    <Row Tag="LOC_ABILITY_MAMLUK_DESCRIPTION">
      <Text>Bu birim, hareket ettikten veya savaştıktan sonra bile her tur iyileşir.</Text>
    </Row>
    <Row Tag="LOC_ABILITY_SAMURAI_DESCRIPTION">
      <Text>Bu birim hasar gördüğünde savaş cezalarına maruz kalmaz.</Text>
    </Row>
    <Row Tag="LOC_ABILITY_BARRACKS_TRAINED_UNIT_XP_DESCRIPTION">
      <Text>+%25 Kışladan kazanılan deneyim</Text>
    </Row>
    <Row Tag="LOC_ABILITY_STABLE_TRAINED_UNIT_XP_DESCRIPTION">
      <Text>Stable'dan +%25 Kazanılmış deneyim</Text>
    </Row>
    <Row Tag="LOC_ABILITY_ARMORY_TRAINED_UNIT_XP_DESCRIPTION">
      <Text>+25% Armory'den kazanılan deneyim</Text>
    </Row>
    <Row Tag="LOC_ABILITY_MILITARY_ACADEMY_TRAINED_UNIT_XP_DESCRIPTION">
      <Text>+%25 Askeri Akademi'den kazanılan deneyim</Text>
    </Row>
    <Row Tag="LOC_ABILITY_LIGHTHOUSE_TRAINED_UNIT_XP_DESCRIPTION">
      <Text>Lighthouse'dan +25% Kazanılmış deneyim</Text>
    </Row>
    <Row Tag="LOC_ABILITY_SHIPYARD_TRAINED_UNIT_XP_DESCRIPTION">
      <Text>+%25 Tersaneden kazanılan deneyim</Text>
    </Row>
    <Row Tag="LOC_ABILITY_SEAPORT_TRAINED_UNIT_XP_DESCRIPTION">
      <Text>+%25 Seaport'tan kazanılan deneyim</Text>
    </Row>
    <Row Tag="LOC_ABILITY_HANGAR_TRAINED_AIRCRAFT_XP_DESCRIPTION">
      <Text>Hangar'dan +25% Kazanılmış deneyim</Text>
    </Row>
    <Row Tag="LOC_ABILITY_AIRPORT_TRAINED_AIRCRAFT_XP_DESCRIPTION">
      <Text>+%50 Havaalanından kazanılan deneyim</Text>
    </Row>
    <Row Tag="LOC_ABILITY_ROYAL_NAVY_DOCKYARD_MOVEMENT_BONUS_DESCRIPTION">
      <Text>+1 [ICON_Movement] Kraliyet Donanması Tersanesi'nden hareket.</Text>
    </Row>
    <Row Tag="LOC_ABILITY_ROMAN_LEGION_BUILD_DESCRIPTION">
      <Text>Roma Kalesi'ni benzersiz bir şekilde geliştirebilir.</Text>
    </Row>
    <Row Tag="LOC_ABILITY_GREAT_LIGHTHOUSE_MOVEMENT_DESCRIPTION">
      <Text>Büyük Deniz Feneri'nden +1 [ICON_Movement] Hareket.</Text>
    </Row>
    <Row Tag="LOC_ABILITY_GREAT_LIGHTHOUSE_EMBARKED_MOVEMENT_DESCRIPTION">
      <Text>+1 Gemiye Alındı [ICON_Movement] Büyük Deniz Feneri'nden hareket.</Text>
    </Row>
    <Row Tag="LOC_ABILITY_RANGED_ATTACK_DISTRICT_DEBUFF_DESCRIPTION">
      <Text>[COLOR_RED]-17 [ICON_Ranged][ENDCOLOR]Bölgeler ve Donanma birimlerine karşı Menzilli Güç.</Text>
    </Row>
    <Row Tag="LOC_ABILITY_BOMBARD_ATTACK_UNIT_DEBUFF_DESCRIPTION">
      <Text>[COLOR_RED]-17 [ICON_Bombard][ENDCOLOR]Birimlere karşı Bombardıman Gücü.</Text>
    </Row>
    <Row Tag="LOC_ABILITY_AIR_FIGHTER_ATTACK_DISTRICT_DEBUFF_DESCRIPTION">
      <Text>[COLOR_RED]-17 [ICON_Ranged][ENDCOLOR]Bölgelere karşı Menzilli Güç.</Text>
    </Row>
    <Row Tag="LOC_ABILITY_AIR_BOMBER_ATTACK_UNIT_DEBUFF_DESCRIPTION">
      <Text>[COLOR_RED]-17 [ICON_Bombard][ENDCOLOR]Birimlere karşı Bombardıman Gücü.</Text>
    </Row>
    <Row Tag="LOC_ABILITY_ANTI_AIR_COVER_DESCRIPTION">
      <Text>Hava saldırılarına karşı 1 hex uzaklığa kadar savunma sağlar.</Text>
    </Row>
    <Row Tag="LOC_PREVIEW_MONTEZUMA_COMBAT_BONUS_PER_LUXURY_DESCRIPTION">
      <Text>+{1_Amount} [ICON_Strength] Lükslerden Gelen Savaş Gücü. (Montezuma)</Text>
    </Row>
    <Row Tag="LOC_ABILITY_PHILIP_II_COMBAT_BONUS_OTHER_RELIGION_DESCRIPTION">
      <Text>+5 [ICON_Strength] Başka bir dine mensup birimlere karşı Savaş Gücü. (Philip II)</Text>
    </Row>
    <Row Tag="LOC_ABILITY_BARBAROSSA_COMBAT_BONUS_VS_CITY_STATES_DESCRIPTION">
      <Text>Şehir Devletlerine karşı +7 [ICON_Strength] Savaş Gücü. (Barbarossa)</Text>
    </Row>
    <Row Tag="LOC_ABILITY_ROOSEVELT_COMBAT_BONUS_HOME_CONTINENT_DESCRIPTION">
      <Text>Ana kıtada +5 [ICON_Strength] Savaş Gücü. (Roosevelt)</Text>
    </Row>
    <Row Tag="LOC_ABILITY_TOMYRIS_BONUS_VS_WOUNDED_UNITS_DESCRIPTION">
      <Text>Yaralı birimlere karşı +5 [ICON_Strength] Savaş Gücü. (Tomyris)</Text>
    </Row>
    <Row Tag="LOC_ABILITY_TOMYRIS_HEAL_AFTER_DEFEATING_UNIT_DESCRIPTION">
      <Text>Bir düşman birimini yendikten sonra +30 [ICON_Damaged] Sağlık. (Tomyris)</Text>
    </Row>
    <Row Tag="LOC_ABILITY_KNARR_IGNORE_EMBARK_DISEMBARK_COST_DESCRIPTION">
      <Text>Gemiye binme ve gemiden inmeden kaynaklanan ek hareket maliyetini yok sayar. (Knarr)</Text>
    </Row>
    <!--Great People Assigned-->
    <Row Tag="LOC_ABILITY_RAJENDRA_CHOLA_PLUNDER_BONUS_DESCRIPTION">
      <Text>Ticaret yollarını yağmalamak için +%40 Ödül (Rajendra Chola)</Text>
    </Row>
    <Row Tag="LOC_ABILITY_FRANCIS_DRAKE_PLUNDER_BONUS_DESCRIPTION">
      <Text>Ticaret yollarını yağmalamak için +%50 Ödül (Francis Drake)</Text>
    </Row>
    <Row Tag="LOC_ABILITY_CHING_SHIH_PLUNDER_BONUS_DESCRIPTION">
      <Text>Ticaret yollarını yağmalamak için +60% Ödül (Ching Shih)</Text>
    </Row>
    <Row Tag="LOC_ABILITY_CLANCY_FERNANDO_BONUS_EXPERIENCE_DESCRIPTION">
      <Text>+200% Savaştan kazanılan deneyim. (Clancy Fernando)</Text>
    </Row>
    <Row Tag="LOC_ABILITY_HORATIO_NELSON_FLANKING_BONUS_DESCRIPTION">
      <Text>+%50 Yanaşma bonusu. (Horatio Nelson)</Text>
    </Row>
    <Row Tag="LOC_ABILITY_LASKARINA_BOUBOULINA_BONUS_EXPERIENCE_DESCRIPTION">
      <Text>+50% Savaştan kazanılan deneyim. (Laskarina Bouboulina)</Text>
    </Row>
    <Row Tag="LOC_ABILITY_SERGEY_GORSHKOV_BONUS_EXPERIENCE_DESCRIPTION">
      <Text>+%100 Savaştan kazanılan deneyim (Sergey Gorshkov)</Text>
    </Row>
    <Row Tag="LOC_ABILITY_GEORGY_ZHUKOV_FLANKING_BONUS_DESCRIPTION">
      <Text>+%50 Yanaşma bonusu. (Georgy Zhukov)</Text>
    </Row>
    <Row Tag="LOC_ABILITY_JOHN_MONASH_BONUS_EXPERIENCE_DESCRIPTION">
      <Text>+75 Savaştan kazanılan deneyim. (John Monash)</Text>
    </Row>
    <Row Tag="LOC_ABILITY_VIJAYA_WIMALARATNE_BONUS_EXPERIENCE_DESCRIPTION">
      <Text>+100 Savaştan kazanılan deneyim. (Vijaya Wimalaratne)</Text>
    </Row>
    <Row Tag="LOC_ABILITY_HOJO_TOKIMUNE_COASTAL_COMBAT_BONUS_DESCRIPTION">
      <Text>Kıyı karasında savaşırken +5 [ICON_Strength] Savaş Gücü. (Hojo Tokimune)</Text>
    </Row>
    <Row Tag="LOC_ABILITY_HOJO_TOKIMUNE_SHALLOW_WATER_COMBAT_BONUS_DESCRIPTION">
      <Text>Sığ suda savaşırken +5 [ICON_Strength] Savaş Gücü. (Hojo Tokimune)</Text>
    </Row>
    <Row Tag="LOC_ABILITY_MONTEZUMA_COMBAT_BONUS_PER_LUXURY_DESCRIPTION">
      <Text>Sahip olunan her benzersiz lüks için +1 [ICON_Strength] Savaş Gücü.</Text>
    </Row>
    <Row Tag="LOC_ABILITY_GORGO_POLICY_SLOT_COMBAT_BONUS_DESCRIPTION">
      <Text>Mevcut hükümette yer alan her bir Askeri politika için +1 [ICON_Strength] Savaş Gücü.</Text>
    </Row>
    <!-- Combat preview description -->
    <Row Tag="LOC_COMBAT_DIFFICULTY_SCALING">
      <Text>+{Amount} [ICON_Strength] Zorluk nedeniyle Savaş Gücü bonusu.</Text>
    </Row>
    <Row Tag="LOC_ABILITY_ANTI_CAVALRY_MODIFIER_DESCRIPTION">
      <Text>Süvarilere karşı +10 [ICON_Strength] Savaş Gücü</Text>
    </Row>
    <Row Tag="LOC_ABILITY_ANTI_FIGHTER_AIRCRAFT_MODIFIER_DESCRIPTION">
      <Text>Savaş uçaklarına karşı +5 [ICON_Strength] Savaş Gücü</Text>
    </Row>
    <Row Tag="LOC_ABILITY_HEAVY_CHARIOT_MODIFIER_DESCRIPTION">
      <Text>+1 [ICON_Movement] Açık arazide başlarken hareket.</Text>
    </Row>
    <Row Tag="LOC_ABILITY_IGNORE_TERRAIN_COST_MODIFIER_DESCRIPTION">
      <Text>Tüm araziler 1 [ICON_Movement] Harekete mal olur.</Text>
    </Row>
    <Row Tag="LOC_ABILITY_IGNORE_ZOC_MODIFIER_DESCRIPTION">
      <Text>ZOC'den etkilenmez.</Text>
    </Row>
    <Row Tag="LOC_ABILITY_LIGHT_CHARIOT_MODIFIER_DESCRIPTION">
      <Text>Açık arazide başlarken +2 [ICON_Movement] Hareket.</Text>
    </Row>
    <Row Tag="LOC_ABILITY_NO_MOVE_AND_SHOOT_MODIFIER_DESCRIPTION">
      <Text>Önce hareket edip sonra saldıramazsınız.</Text>
    </Row>
    <Row Tag="LOC_ABILITY_NO_OCEAN_MODIFIER_DESCRIPTION">
      <Text>Okyanus altıgenlerine giremezsiniz.</Text>
    </Row>
    <Row Tag="LOC_ABILITY_CANNOT_ATTACK_MODIFIER_DESCRIPTION">
      <Text>Birimin saldırmasını engeller.</Text>
    </Row>
    <Row Tag="LOC_ABILITY_FRIENDLY_TERRITORY_COMBAT_MODIFIER_DESCRIPTION">
      <Text>Dost bölgede [ICON_Strength] Savaş Gücü bonusu.</Text>
    </Row>
    <Row Tag="LOC_ABILITY_ENABLE_WALL_ATTACK_MODIFIER_DESCRIPTION">
      <Text>Yakın dövüş birimlerinin duvarlara saldırmasını sağlar.</Text>
    </Row>
    <Row Tag="LOC_ABILITY_BYPASS_WALLS_MODIFIER_DESCRIPTION">
      <Text>Yakın dövüş birimlerinin duvarları aşmasını sağlar.</Text>
    </Row>
    <Row Tag="LOC_ABILITY_ANIT_SPEAR_MODIFIER_DESCRIPTION">
      <Text>+5 [ICON_Strength] Süvari karşıtı birimlere karşı Savaş Gücü.</Text>
    </Row>
    <Row Tag="LOC_ABILITY_GRANT_RANGE_BONUS_MODIFIER_DESCRIPTION">
      <Text>+1 [ICON_Ranged] Yakındaki kuşatma toplarına Saldırı Menzili.</Text>
    </Row>
    <Row Tag="LOC_ABILITY_UNOBSTRUCTED_VIEW_MODIFIER_DESCRIPTION">
      <Text>Engelsiz Görüş</Text>
    </Row>
    <Row Tag="LOC_ABILITY_OLIGARCHY_MELEE_BUFF_MODIFIER_DESCRIPTION">
      <Text>Oligarşiden +4 [ICON_Strength] Savaş Gücü</Text>
    </Row>
    <Row Tag="LOC_ABILITY_THEOCRACY_RELIGIOUS_BUFF_MODIFIER_DESCRIPTION">
      <Text>Teokrasiden +5 [ICON_Strength] Savaş Gücü</Text>
    </Row>
    <Row Tag="LOC_ABILITY_RELIGIOUS_ORDERS_BUFF_MODIFIER_DESCRIPTION">
      <Text>Dini Tarikatlardan +5 [ICON_Strength] Savaş Gücü</Text>
    </Row>
    <Row Tag="LOC_ABILITY_FASCISM_ATTACK_BUFF_MODIFIER_DESCRIPTION">
      <Text>Faşizmden +5 Saldırı [ICON_Strength] Savaş Gücü</Text>
    </Row>
    <Row Tag="LOC_ABILITY_COMMUNISM_DEFENSE_BUFF_MODIFIER_DESCRIPTION">
      <Text>+4 Savunma [ICON_Strength] Komünizmden Gelen Savaş Gücü</Text>
    </Row>
    <Row Tag="LOC_PROMOTION_COMBAT_OTHER_RELIGION_DESCRIPTION">
      <Text>+5 [ICON_Strength] Başka bir Dini takip eden uygarlıklara karşı Savaş Gücü.</Text>
    </Row>
    <Row Tag="LOC_PROMOTION_COMBAT_WARS_OF_RELIGION">
      <Text>Din Savaşları: +4 [ICON_Strength] Başka bir Dini takip eden uygarlıklara karşı Savaş Gücü.</Text>
    </Row>
    <Row Tag="LOC_PROMOTION_COMBAT_HOME_CONTINENT_DESCRIPTION">
      <Text>Ana kıtada +5 [ICON_Strength] Savaş Gücü.</Text>
    </Row>
    <Row Tag="LOC_PROMOTION_COMBAT_VS_CITY_STATES_DESCRIPTION">
      <Text>Şehir Devletlerine karşı +7 [ICON_Strength] Savaş Gücü.</Text>
    </Row>
    <Row Tag="LOC_PROMOTION_COMBAT_LAND_ON_COAST_DESCRIPTION">
      <Text>Kıyı karasında +5 [ICON_Strength] Savaş Gücü</Text>
    </Row>
    <Row Tag="LOC_PROMOTION_COMBAT_SHALLOW_WATER_DESCRIPTION">
      <Text>Sığ sularda +5 [ICON_Strength] Savaş Gücü</Text>
    </Row>
    <Row Tag="LOC_ABILITY_MEDIC_HEAL_MODIFIER_DESCRIPTION">
      <Text>+{1_Amount} Bir karo içindeki birimler için HP iyileştirmesi</Text>
    </Row>
    <Row Tag="LOC_ABILITY_STRONG_WHEN_ATTACKING_DESCRIPTION">
      <Text>Saldırırken +{1_Amount} [ICON_Strength] Savaş Gücü</Text>
    </Row>
    <Row Tag="LOC_ABILITY_WEAK_WHEN_DEFENDING_DESCRIPTION">
      <Text>{1_Amount} [ICON_Strength] Savunma yaparken Savaş Gücü</Text>
    </Row>
    <Row Tag="LOC_ABILITY_PRIZE_SHIPS_MODIFIER_DESCRIPTION">
      <Text>{1_Amount}% düşmanı yakalama şansı.</Text>
    </Row>
    <Row Tag="LOC_ABILITY_CAPTIVE_WORKERS_MODIFIER_DESCRIPTION">
      <Text>{1_Amount}% düşmanı yakalama şansı</Text>
    </Row>
    <Row Tag="LOC_ABILITY_BALKAN_CAVALRY_COMBAT_HILLS_MODIFIER_DESCRIPTION">
      <Text>Tepelerde savaşırken +{1_Amount} [ICON_Strength] Savaş Gücü</Text>
    </Row>
    <Row Tag="LOC_ABILITY_COSSACK_LOCAL_COMBAT_MODIFIER_DESCRIPTION">
      <Text>+{1_Amount} [ICON_Strength] Bölgenizde veya bölgenize bitişik olduğunda Savaş Gücü</Text>
    </Row>
    <Row Tag="LOC_ABILITY_REDCOAT_FOREIGN_COMBAT_MODIFIER_DESCRIPTION">
      <Text>Başkentinizin bulunduğu kıtadan başka bir kıtada savaşırken +{1_Amount} [ICON_Strength] Savaş Gücü</Text>
    </Row>
    <Row Tag="LOC_ABILITY_VARU_NEGATIVE_COMBAT_MODIFIER_DESCRIPTION">
      <Text>{1_Amount} [ICON_Strength] Bir düşman Varu'ya bitişik olduğunda Savaş Gücü</Text>
    </Row>
    <Row Tag="LOC_ABILITY_NAGAO_RANGED_DEFENSE_MODIFIER_DESCRIPTION">
      <Text>+{1_Amount} [ICON_Strength] Menzilli savunma yaparken Savaş Gücü</Text>
    </Row>
    <Row Tag="LOC_ABILITY_CONQUISTADOR_SPECIFIC_UNIT_COMBAT_MODIFIER_DESCRIPTION">
      <Text>+{1_Amount} [ICON_Strength] Bir hex içinde dini bir birim olduğunda Savaş Gücü</Text>
    </Row>
    <Row Tag="LOC_ABILITY_GARDE_CONTINENT_COMBAT_MODIFIER_DESCRIPTION">
      <Text>+{1_Amount} [ICON_Strength] Başkentinizle aynı kıtada Savaş Gücü</Text>
    </Row>
    <Row Tag="LOC_ABILITY_HOPLITE_NEIGHBOR_COMBAT_MODIFIER_DESCRIPTION">
      <Text>Başka bir Hoplitin yanındayken +{1_Amount} [ICON_Strength] Savaş Gücü</Text>
    </Row>
    <Row Tag="LOC_ABILITY_UBOAT_OCEAN_COMBAT_MODIFIER_DESCRIPTION">
      <Text>+{1_Amount} [ICON_Strength] Okyanus Arazisinde Savaş Gücü</Text>
    </Row>
    <Row Tag="LOC_ABILITY_ROUGH_RIDER_BONUS_IN_HILLS_DESCRIPTION">
      <Text>+{1_Amount} [ICON_Strength] Tepe arazisinde Savaş Gücü</Text>
    </Row>
    <Row Tag="LOC_ABILITY_NO_FOREIGN_SPREAD_DESCRIPTION">
      <Text>Dinlerini sadece imparatorlukları içindeki şehirlere yayabilirler.</Text>
    </Row>
    <Row Tag="LOC_ABILITY_RELIGIOUS_CANNOT_ATTACK_DESCRIPTION">
      <Text>Teolojik Savaş başlatılamaz.</Text>
    </Row>
    <Row Tag="LOC_ABILITY_FRIENDLY_TERRITORY_RELIGIOUS_DESCRIPTION">
      <Text>İmparatorluklarındaki Teolojik Savaş için önemli bir avantaj.</Text>
    </Row>
    <Row Tag="LOC_ABILITY_RELIGIOUS_ENTER_FOREIGN_LANDS_DESCRIPTION">
      <Text>Açık Sınırlar olmasa bile bu birim yabancı topraklara girebilir.</Text>
    </Row>
    <Row Tag="LOC_ABILITY_IGNORE_TERRAIN_COST_DESCRIPTION">
      <Text>Orman, Orman, Tepeler ve Bataklık sadece bir [ICON_Movement] Hareket alır.</Text>
    </Row>
    <Row Tag="LOC_ABILITY_IGNORE_CROSSING_RIVERS_COST_DESCRIPTION">
      <Text>Nehir geçişi için hareket maliyetini göz ardı edin.</Text>
    </Row>
    <Row Tag="LOC_ABILITY_ARCHAEOLOGIST_ENTER_FOREIGN_LANDS_DESCRIPTION">
      <Text>Açık Sınırlar olmasa bile bu birim yabancı topraklara girebilir.</Text>
    </Row>
  </BaseGameText>
</GameData>