﻿<?xml version="1.0" encoding="utf-8"?>
<GameData>
  <FrontEndText>
    <Row Tag="LOC_KNOWN_GRAPHICS_CARD_ISSUES">
      <Text>Civilization VI'nın DirectX 12 sürümünü mevcut donanım yapılandırmanızla çalıştırırken ortaya çıkabilecek bilinen sorunlar vardır. DirectX 12 sürümü şu anda AMD veya NVidia (Maxwell serisi veya üstü) uyumlu bir grafik kartı gerektirmektedir.</Text>
    </Row>
    <Row Tag="LOC_USER_WARNING_PROCEED_ANYWAY">
      <Text>Her Neyse Devam Edin</Text>
    </Row>
    <Row Tag="LOC_USER_WARNING_QUIT">
      <Text>Bırak</Text>
    </Row>
  </FrontEndText>
</GameData>