﻿<?xml version="1.0" encoding="utf-8"?>
<GameData>
  <BaseGameText>
    <Row Tag="LOC_SURPRISE_WAR_NAME">
      <Text>Sürpriz Savaş</Text>
    </Row>
    <Row Tag="LOC_FORMAL_WAR_NAME">
      <Text>Resmi Savaş</Text>
    </Row>
    <Row Tag="LOC_HOLY_WAR_NAME">
      <Text>Kutsal Savaş</Text>
    </Row>
    <Row Tag="LOC_RECONQUEST_WAR_NAME">
      <Text>Yeniden Fetih Savaşı</Text>
    </Row>
    <Row Tag="LOC_LIBERATION_WAR_NAME">
      <Text>Kurtuluş Savaşı</Text>
    </Row>
    <Row Tag="LOC_DEFENSIVE_PACT_NAME">
      <Text>Savunma Paktı</Text>
    </Row>
    <Row Tag="LOC_JOINT_WAR_NAME">
      <Text>Ortak Savaş</Text>
    </Row>
    <Row Tag="LOC_SUZERAIN_WAR_NAME">
      <Text>Suzerain Savaşı</Text>
    </Row>
    <Row Tag="LOC_PROTECTORATE_WAR_NAME">
      <Text>Protektora Savaşı</Text>
    </Row>
    <Row Tag="LOC_COLONIAL_WAR_NAME">
      <Text>Koloni Savaşı</Text>
    </Row>
    <Row Tag="LOC_TERRITORIAL_WAR_NAME">
      <Text>Bölgesel Savaş</Text>
    </Row>
  </BaseGameText>
</GameData>