﻿<?xml version="1.0" encoding="utf-8"?>
<!-- edited with XMLSPY v2004 rel. 2 U (http://www.xmlspy.com) by Ed Beach (Firaxis Games) -->
<GameData>
  <Language_en_US>
    <Row Tag="TXT_KEY_WONDER_SCENARIO_LEADER_HARUN">
      <Text>Gilgamis</Text>
    </Row>
    <Row Tag="TXT_KEY_WONDER_SCENARIO_LEADER_SULEIMAN">
      <Text>Muwatallis</Text>
    </Row>
    <Row Tag="TXT_KEY_WONDER_SCENARIO_LEADER_GILGAMESH_NAME">
      <Text>Gilgamis</Text>
    </Row>
    <Row Tag="TXT_KEY_WONDER_SCENARIO_LEADER_MUWATALLIS_NAME">
      <Text>Muwatallis</Text>
    </Row>
  </Language_en_US>
</GameData>