﻿<?xml version="1.0" encoding="utf-8"?>
<!-- edited with XMLSPY v2004 rel. 2 U (http://www.xmlspy.com) by Ed Beach (Firaxis Games) -->
<GameData>
  <Language_en_US>
    <Row Tag="TXT_KEY_WONDER_SCENARIO_FEATURE_GIBRALTAR">
      <Text>Olimpos Dagi</Text>
    </Row>
    <Row Tag="TXT_KEY_WONDER_SCENARIO_FEATURE_VOLCANO">
      <Text>Thera Dagi</Text>
    </Row>
    <Row Tag="TXT_KEY_WONDER_SCENARIO_FEATURE_MESA">
      <Text>Kapadokya</Text>
    </Row>
    <Row Tag="TXT_KEY_WONDER_SCENARIO_FEATURE_MT_FUJI">
      <Text>Agri Dagi</Text>
    </Row>
  </Language_en_US>
</GameData>