﻿<?xml version="1.0" encoding="utf-8"?>
<!-- edited with XMLSPY v2004 rel. 2 U (http://www.xmlspy.com) by Ed Beach (Firaxis Games) -->
<GameData>
  <Language_en_US>
    <Row Tag="TXT_KEY_WONDER_SCENARIO_CIV_ARABIA_DESC">
      <Text>Sümer Imparatorlugu</Text>
    </Row>
    <Row Tag="TXT_KEY_WONDER_SCENARIO_CIV_ARABIA_SHORT_DESC">
      <Text>Sümer</Text>
    </Row>
    <Row Tag="TXT_KEY_WONDER_SCENARIO_CIV_ARABIA_ADJECTIVE">
      <Text>Sümerce</Text>
    </Row>
    <Row Tag="TXT_KEY_WONDER_SCENARIO_CIV_OTTOMAN_DESC">
      <Text>Hitit Imparatorlugu</Text>
    </Row>
    <Row Tag="TXT_KEY_WONDER_SCENARIO_CIV_OTTOMAN_SHORT_DESC">
      <Text>Hititler</Text>
    </Row>
    <Row Tag="TXT_KEY_WONDER_SCENARIO_CIV_OTTOMAN_ADJECTIVE">
      <Text>Hititçe</Text>
    </Row>
  </Language_en_US>
</GameData>