﻿<?xml version="1.0" encoding="utf-8"?>
<!-- edited with XMLSPY v2004 rel. 2 U (http://www.xmlspy.com) by Scott Lewis (Firaxis Games) -->
<!-- Sid Meier's Civilization V -->
<!-- Copyright Firaxis Games 2010 -->
<!-- -->
<!-- Game Text Objects -->
<GameData>
  <Language_en_US>
    <Row Tag="TXT_KEY_BUILDING_STATUE_ZEUS">
      <Text>Zeus Heykeli</Text>
    </Row>
    <Row Tag="TXT_KEY_BUILDING_TEMPLE_ARTEMIS">
      <Text>Artemis Tapinagi</Text>
    </Row>
    <Row Tag="TXT_KEY_BUILDING_MAUSOLEUM_HALICARNASSUS">
      <Text>Halikarnas Mozolesi</Text>
    </Row>
    <Row Tag="TXT_KEY_WONDER_STATUE_ZEUS_HELP">
      <Text>Tüm birimler sehirlere saldirirken +%15 [ICON_STRENGTH] savas gücü kazanir.</Text>
    </Row>
    <Row Tag="TXT_KEY_WONDER_TEMPLE_ARTEMIS_HELP">
      <Text>Tüm sehirlerde +%10 [ICON_FOOD] Büyüme. Menzilli birimler insa ederken +%15 [ICON_PRODUCTION] Üretim.</Text>
    </Row>
    <Row Tag="TXT_KEY_WONDER_MAUSOLEUM_HALICARNASSUS_HELP">
      <Text>Her Büyük Insan harcandiginda 100 [ICON_GOLD] Altin kazanin. Bu Sehir tarafindan islenen her [ICON_RES_MARBLE] Mermer veya [ICON_RES_STONE] Tas kaynagi +2 [ICON_GOLD] Altin üretir.</Text>
    </Row>
    <Row Tag="TXT_KEY_WONDER_STATUE_ZEUS_DESC">
      <Text>Yunanistan'in Olympia kentindeki Zeus Tapinagi'nda bulunan ve 40 metreyi (12m) asan boyuyla Zeus Heykeli, Antik Dünyanin Yedi Harikasi'ndan bir digeridir. Yunan heykeltiras Phidias tarafindan M.Ö. 440 civarinda yapildigi bilinen bu devasa heykel, Zeus altin bir tahtta otururken bile tapinagin içine zor sigiyordu. Heykelin, Zeus tapinaginin yakildigi MS 425 yilindan daha geç bir tarihte yok edildigi düsünülmektedir.  Heykelin o dönemde hala mevcut olup olmadigi büyük bir tartisma konusudur.</Text>
    </Row>
    <Row Tag="TXT_KEY_WONDER_TEMPLE_ARTEMIS_DESC">
      <Text>Ilk olarak MÖ 880 yilinda insa edilen bir Yunan tapinagi olan Artemis Tapinagi, vahsi dogayi, avi ve ayi temsil eden Tanriça Artemis'e adanmistir. Aslen Efes sehrinde insa edilen tapinagin, hem dogal hem de insan kaynakli felaketlerin kurbani olarak en az yedi kez yikildigi ve yeniden insa edildigi söylenmektedir. Antik Dünyanin Yedi Harikasi'ndan biri olarak kabul edilen alan, 1800'lerin sonunda Ingiliz arkeologlar tarafindan yeniden kesfedildi ve bugün alanda bulunan kazi kalintilarindan olusan tek bir sütunla isaretleniyor.</Text>
    </Row>
    <Row Tag="TXT_KEY_WONDER_MAUSOLEUM_HALICARNASSUS_DESC">
      <Text>Halikarnas Mozolesi M.Ö. 350 yillarinda Karya (modern Türkiye'nin bir bölgesi) hükümdari Mausolos için bir mezar olarak insa edilmistir. Dönemin en büyük heykeltiraslari ve ustalari tarafindan tasarlanip insa edildigi söylenen tapinak, ayrintili heykel kabartmalari ve yaklasik 150 fit (47 m) yüksekligindeki etkileyici ölçegiyle biliniyordu. MS 1. binyilda bölgeyi vuran bir dizi depremle yikilan mezarin bazi bölümleri 19. yüzyilin ortalarinda Ingiliz arkeologlar tarafindan kazilmistir. Antik Dünyanin Yedi Harikasi'ndan biri olan ve günümüzde kullanilan "Mausoleum" teriminin kökeni bu mezara dayanmaktadir.</Text>
    </Row>
    <Row Tag="TXT_KEY_WONDER_STATUE_ZEUS_QUOTE">
      <Text>[NEWLINE][TAB][TAB] "Kronos'un oglu konustu ve kara kaslariyla basini salladi ve büyük tanrinin ölümsüzce meshedilmis saçlari kutsal basindan savruldu ve tüm Olympos sarsildi."[NEWLINE][TAB][TAB] - Ilyada[NEWLINE][TAB]</Text>
    </Row>
    <Row Tag="TXT_KEY_WONDER_TEMPLE_ARTEMIS_QUOTE">
      <Text>[NEWLINE][TAB][TAB] "Ormanin insanlarin kalbinde hak iddia etmesinin nedeni güzelligi degil, o ince sey, o hava kalitesi, o yasli agaçlardan yayilan ve yorgun bir ruhu harika bir sekilde degistiren ve yenileyen seydir."[NEWLINE][TAB][TAB] - Robert Louis Stevenson[NEWLINE][TAB]</Text>
    </Row>
    <Row Tag="TXT_KEY_WONDER_MAUSOLEUM_HALICARNASSUS_QUOTE">
      <Text>[NEWLINE][TAB][TAB] "Tüm yeryüzü kahraman insanlarin mezaridir ve onlarin hikayesi sadece killerinin üzerindeki taslarda degil, baska insanlarin hayatlarina dokunmus görünür bir sembol olmadan her yerde yasar."[NEWLINE][TAB][TAB] - Pericles[NEWLINE][TAB]</Text>
    </Row>
    <Row Tag="TXT_KEY_PROMOTION_STATUE_ZEUS">
      <Text>Zeus Heykeli</Text>
    </Row>
    <Row Tag="TXT_KEY_PROMOTION_STATUE_ZEUS_HELP">
      <Text>Sehirlere saldirirken +%15 [ICON_STRENGTH] Savas Gücü.</Text>
    </Row>
  </Language_en_US>
</GameData>