﻿<?xml version="1.0" encoding="utf-8"?>
<!-- edited with XMLSPY v2004 rel. 2 U (http://www.xmlspy.com) by Ed Beach (Firaxis Games) -->
<!--Sid Meier's Civilization V -->
<!--Copyright Firaxis Games 2010 -->
<GameData>
  <Language_en_US>
    <Row Tag="TXT_KEY_WONDER_SCENARIO_CITYSTATE_TROY">
      <Text>Troy</Text>
    </Row>
    <Row Tag="TXT_KEY_WONDER_SCENARIO_CITYSTATE_TROY_ADJ">
      <Text>Trojan</Text>
    </Row>
    <Row Tag="TXT_KEY_WONDER_SCENARIO_CITYSTATE_TROY_DESC">
      <Text>MÖ 3. ve 2. binyilda zirveye ulastigi varsayilan efsanevi Troya kenti, Ege Denizi'nde zengin bir ticaret merkeziydi. Homeros'un epik siiri "Ilyada "da agirlikli olarak yer alan sehrin uzun süre tamamen mitolojik oldugu düsünülmüstür. Ancak 19. yüzyilda yapilan arkeolojik kesifler, modern Türkiye'de Troya sehri olduguna inanilan kalintilari ortaya çikarmistir.</Text>
    </Row>
    <Row Tag="TXT_KEY_WONDER_SCENARIO_CITYSTATE_KNOSSOS">
      <Text>Knossos</Text>
    </Row>
    <Row Tag="TXT_KEY_WONDER_SCENARIO_CITYSTATE_KNOSSOS_ADJ">
      <Text>Knossian</Text>
    </Row>
    <Row Tag="TXT_KEY_WONDER_SCENARIO_CITYSTATE_KNOSSOS_DESC">
      <Text>Yunanistan'in Girit adasinda bulunan Knossos yerlesimi, Minoslularin antik Bronz Cagi uygarligina ev sahipligi yapmistir. MÖ ikinci binyil boyunca Yunan toplumunu etkileyen Knossos Minoslularinin, Misirlilarla sik sik ticaret yapan yetenekli zanaatkârlar oldugu söylenmektedir.</Text>
    </Row>
    <Row Tag="TXT_KEY_WONDER_SCENARIO_CITYSTATE_BYBLOS">
      <Text>Byblos</Text>
    </Row>
    <Row Tag="TXT_KEY_WONDER_SCENARIO_CITYSTATE_BYBLOS_ADJ">
      <Text>Byblosian</Text>
    </Row>
    <Row Tag="TXT_KEY_WONDER_SCENARIO_CITYSTATE_BYBLOS_DESC">
      <Text>Dünyanin en eski sehirlerinden biri olan ve modern Lübnan'da bulunan Fenike yerlesimi Byblos, MÖ 5. binyilda kurulmustur. Aslen Gebal olarak bilinen Byblos'a (Yunanca Papirüs anlamina gelen "Bublos "tan) Yunanlilar tarafindan verilen isim, sehrin Misir papirüsünün baslica ithalatçisi olmasindan kaynaklanmaktadir.</Text>
    </Row>
    <Row Tag="TXT_KEY_WONDER_SCENARIO_CITYSTATE_UGARIT">
      <Text>Ugarit</Text>
    </Row>
    <Row Tag="TXT_KEY_WONDER_SCENARIO_CITYSTATE_UGARIT_ADJ">
      <Text>Ugaritçe</Text>
    </Row>
    <Row Tag="TXT_KEY_WONDER_SCENARIO_CITYSTATE_UGARIT_DESC">
      <Text>Dogu Akdeniz'de yer alan antik Ugarit kenti bugün modern Suriye'de bulunmaktadir. MÖ 6. binyilda yerlesilen Ugarit, basarili bir liman kenti olarak gelismis ve 2. binyilin sonlarindaki en parlak döneminde Misirlilar ve Yunanlilarla ticaret yapmistir.</Text>
    </Row>
    <Row Tag="TXT_KEY_WONDER_SCENARIO_CITYSTATE_KYRENE">
      <Text>Cyrene</Text>
    </Row>
    <Row Tag="TXT_KEY_WONDER_SCENARIO_CITYSTATE_KYRENE_ADJ">
      <Text>Cyrenaic</Text>
    </Row>
    <Row Tag="TXT_KEY_WONDER_SCENARIO_CITYSTATE_KYRENE_DESC">
      <Text>Günümüz Libya'sinda bulunan antik Yunan kolonisi Cyrene'ye ilk olarak MÖ 630 yilinda Thera adasindan gelen Yunan kolonistler yerlesmistir. Bölgede bir ticaret merkezi haline gelen Cyrene, bölgedeki diger Yunan kolonilerini birbirine baglayan çesitli ticaret yollarinin merkeziydi.</Text>
    </Row>
    <Row Tag="TXT_KEY_WONDER_SCENARIO_CITYSTATE_STOBI">
      <Text>Stobi</Text>
    </Row>
    <Row Tag="TXT_KEY_WONDER_SCENARIO_CITYSTATE_STOBI_ADJ">
      <Text>Stobi</Text>
    </Row>
    <Row Tag="TXT_KEY_WONDER_SCENARIO_CITYSTATE_STOBI_DESC">
      <Text>Antik Stobi kenti bir zamanlar günümüz Makedonya'sinda bulunan "Macedonia Salutaris" eyaletinin Roma baskentiydi. Crna ve Axios nehirleri üzerinde stratejik bir ticaret merkezi olan Stobi, MS 518 yilinda bir depremle yikilmistir.</Text>
    </Row>
    <Row Tag="TXT_KEY_WONDER_SCENARIO_CITYSTATE_SEUTHOPOLIS">
      <Text>Seuthopolis</Text>
    </Row>
    <Row Tag="TXT_KEY_WONDER_SCENARIO_CITYSTATE_SEUTHOPOLIS_ADJ">
      <Text>Seuthopolitan</Text>
    </Row>
    <Row Tag="TXT_KEY_WONDER_SCENARIO_CITYSTATE_SEUTHOPOLIS_DESC">
      <Text>MÖ 4. yüzyilda Trakya krali Seuthes III tarafindan kurulan Seuthopolis sehri, MÖ 281 yilinda Keltler tarafindan yagmalanmadan önce Odrys kralliginin baskenti olarak hizmet vermistir. Seuthopolis'in kalintilari günümüz Bulgaristan'inda bulunmaktadir.</Text>
    </Row>
    <Row Tag="TXT_KEY_WONDER_SCENARIO_CITYSTATE_ENKOMI">
      <Text>Enkomi</Text>
    </Row>
    <Row Tag="TXT_KEY_WONDER_SCENARIO_CITYSTATE_ENKOMI_ADJ">
      <Text>Enkomi</Text>
    </Row>
    <Row Tag="TXT_KEY_WONDER_SCENARIO_CITYSTATE_ENKOMI_DESC">
      <Text>Enkomi kenti MÖ 2. binyil boyunca bakir ticaretinin önemli bir merkezi olarak hizmet vermistir. Kibris adasinda yer alan Enkomi, bir depremden agir hasar görüp terk edildigi MÖ 1050 yilina kadar gelismistir.</Text>
    </Row>
    <Row Tag="TXT_KEY_WONDER_SCENARIO_CITYSTATE_ELAM">
      <Text>Elam</Text>
    </Row>
    <Row Tag="TXT_KEY_WONDER_SCENARIO_CITYSTATE_ELAM_ADJ">
      <Text>Elamite</Text>
    </Row>
    <Row Tag="TXT_KEY_WONDER_SCENARIO_CITYSTATE_ELAM_DESC">
      <Text>Günümüz Iran'inda bulunan Elam, Iran'in çesitli eyaletlerinin yani sira Irak'in bazi bölümlerini de kapsayan genis bir bölgeydi. MÖ 3. binyildan itibaren birkaç bin yil boyunca varligini sürdüren Elam, MS 1. yüzyilin safaginda iç çekismelerin yani sira dis çatismalara da yenik düstü.</Text>
    </Row>
    <Row Tag="TXT_KEY_WONDER_SCENARIO_CITYSTATE_NAKHCHIVAN">
      <Text>Nahçivan</Text>
    </Row>
    <Row Tag="TXT_KEY_WONDER_SCENARIO_CITYSTATE_NAKHCHIVAN_ADJ">
      <Text>Nahçivan</Text>
    </Row>
    <Row Tag="TXT_KEY_WONDER_SCENARIO_CITYSTATE_NAKHCHIVAN_DESC">
      <Text>Ermenistan, Iran ve Türkiye topraklarini kapsayan ve denize kiyisi olmayan Nahçivan bölgesinin 5.000 yildan daha uzun bir süre önce kolonize edildigi söylenmektedir. Bölge, tarihi boyunca Pers imparatorluklarinin yani sira Makedonlarin da dahil oldugu bir dizi askeri harekata sahne olmustur. Nahçivan bugün hala Azerbaycan Cumhuriyeti'nin bir bölgesi olarak varligini sürdürmektedir.</Text>
    </Row>
    <Row Tag="TXT_KEY_WONDER_SCENARIO_CITYSTATE_WASHUKANNI">
      <Text>Washukanni</Text>
    </Row>
    <Row Tag="TXT_KEY_WONDER_SCENARIO_CITYSTATE_WASHUKANNI_ADJ">
      <Text>Washukanni</Text>
    </Row>
    <Row Tag="TXT_KEY_WONDER_SCENARIO_CITYSTATE_WASHUKANNI_DESC">
      <Text>Washukanni sehri, MÖ 2. binyilda Mitanni halkinin Hurriler kralliginin baskenti olarak hizmet vermistir. Bugün tam yeri bilinmemekle birlikte, Habur Nehri kiyisinda var oldugu düsünülmektedir.</Text>
    </Row>
    <Row Tag="TXT_KEY_WONDER_SCENARIO_CITYSTATE_SHARUHEN">
      <Text>Sharuhen</Text>
    </Row>
    <Row Tag="TXT_KEY_WONDER_SCENARIO_CITYSTATE_SHARUHEN_ADJ">
      <Text>Sharuhen</Text>
    </Row>
    <Row Tag="TXT_KEY_WONDER_SCENARIO_CITYSTATE_SHARUHEN_DESC">
      <Text>Güney Israil'in Negev Cölü'nde bulunan antik Sharuhen kasabasi, bir zamanlar MÖ 16. yüzyilda Misir'dan sürülen Hyksos halkinin siginagiydi. Yerlesim daha sonra Misir Firavunu I. Ahmose tarafindan yikilmistir.</Text>
    </Row>
  </Language_en_US>
</GameData>