﻿<?xml version="1.0" encoding="utf-8"?>
<GameData>
  <EnglishText>
    <!-- leaders -->
    <Row Tag="LOC_PEDIA_LEADERS_PAGE_LEADER_YONGLE_TITLE">
      <Text>Yongle</Text>
    </Row>
    <Row Tag="LOC_PEDIA_LEADERS_PAGE_LEADER_YONGLE_QUOTE">
      <Text>Birçok devlet, bir yönetici halkının işlerini bilmediği için yıkılmıştır.</Text>
    </Row>
    <Row Tag="LOC_PEDIA_LEADERS_PAGE_LEADER_YONGLE_CHAPTER_HISTORY_PARA_1">
      <Text>Ming imparatorları arasında en ileri görüşlü ve dışa dönük olan Yongle, Ming'in uluslararası sisteminin temelini attı ve altyapısını yeniden inşa etti. Bunu, iddiasına karşı tüm muhalefeti yok ettiği, ancak daha sonra dışa doğru genişleyerek Çin'in en önemli imparatorluğu haline gelecek olan şey için destek ve yabancı altın topladığı acımasız bir meşruiyet mücadelesi yoluyla yaptı.</Text>
    </Row>
    <Row Tag="LOC_PEDIA_LEADERS_PAGE_LEADER_YONGLE_CHAPTER_HISTORY_PARA_2">
      <Text>Ming Hanedanlığı, yıllarca süren yabancı egemenliğinin ardından Han Çinlilerinin yüzyıllar boyunca sürecek ve refah içinde kalacak Han merkezli bir güç kurduğu Çin için bir yeniden konsolidasyon anıydı. Ming zengin, barışçıl ve... bir süreliğine... gelişmiş bir ülkeydi. Ming komşularını kendi yörüngesine dahil etmekte de başarılıydı; haraç sistemi Doğu Asya'nın çoğunu bölgesel istikrara ve Konfüçyüsçü değerlerin yayılmasına yol açacak bir koruma ittifakı içinde bir araya getirdi. Ancak zamanla Ming rehavete ve izolasyona kapıldı ve yarışa rakiplerinin çok önünde girmesine rağmen, zayıflamış, yabancı altına aşırı bağımlı ve etrafındaki dünyanın nasıl değiştiğine hazırlıksız bir şekilde çıktı.</Text>
    </Row>
    <Row Tag="LOC_PEDIA_LEADERS_PAGE_LEADER_YONGLE_CHAPTER_HISTORY_PARA_3">
      <Text>Yongle imparatorunun istediği olsaydı bu tür olaylar yaşanmayabilirdi.</Text>
    </Row>
    <Row Tag="LOC_PEDIA_LEADERS_PAGE_LEADER_YONGLE_CHAPTER_HISTORY_PARA_4">
      <Text>Yongle 1360 yılında Zhu Di olarak doğdu. Bir başka büyük Ming imparatoru olan Hongwu imparatorunun ikinci oğluydu. Bu nedenle, hem Yuan Hanedanlığı'nın kalıntıları hem de batının büyük Hanlıkları olan Moğollarla savaşan önemli bir kişi ve askeri bir komutandı. Zhu Di, ağabeyi Zhu Biao'dan sonra taht için sıradaydı. Rivayete göre Zhu Di, İmparator'un birincil eşinin değil, daha küçük bir cariyenin oğluydu.</Text>
    </Row>
    <Row Tag="LOC_PEDIA_LEADERS_PAGE_LEADER_YONGLE_CHAPTER_HISTORY_PARA_5">
      <Text>Ama Zhu Biao babasının gözdesiydi. Ve bu iyilik, oğlu da dahil olmak üzere Biao'nun ailesine kadar uzanıyordu. Bu yüzden Zhu Biao aniden öldüğünde, Hongwu imparatoru Zhu Di'yi değil Zhu Biao'nun oğlunu sıradaki kişi olarak atadı... ve Zhu Di isyan etti.</Text>
    </Row>
    <Row Tag="LOC_PEDIA_LEADERS_PAGE_LEADER_YONGLE_CHAPTER_HISTORY_PARA_6">
      <Text>Zhu Di üç yıl süren bir savaş verdi ve savaşı kazanarak adını Yongle İmparatoru olarak değiştirdi. Ardından bürokraside yeğeninin etkisinden eser kalmaması için acımasızca bir temizlik yaptı. Konfüçyüsçülerin barışçıl bir yönetimi kabul etmeleri yönündeki fermanlarını hatırlayacak olursak, pek çok bilgin bu yönetime karşı çıktı. Ancak diğer pek çok kişi de bu birlikteliğe dahil edildi - Yongle düşmanlarının, özellikle de ünlü Fang Xiarou'nun, aynı zamanda Fang'ın görev süresi boyunca sınavlarını geçen herkesin, Fang'ın tüm akrabalarının (onuncu dereceye kadar) ve daha fazlasının öldürülmesini emretti. Binlerce kişi öldürüldü. Ayrıca Yongle, Yuan döneminde baskın olan Moğol kültürel formlarını yasakladı.</Text>
    </Row>
    <Row Tag="LOC_PEDIA_LEADERS_PAGE_LEADER_YONGLE_CHAPTER_HISTORY_PARA_7">
      <Text>Yongle daha sonra yeni bir toplum yaratmaya koyuldu. Hadımların rolünü genişletti, hatta imparatora sadık bir gizli polisi (Doğu Deposu) bile dahil etti. Akademisyenleri ve tarihçileri de genişletti - en azından yeğenini tarihten silmeyi kabul edenleri (ve bazılarına göre tarihi yeniden yazarak Yongle'yi Koreli bir cariye değil, İmparatoriçe'nin oğlu yaptı). Bu yönetim yeni bir kaynaktan da yayılıyordu: Pekin'i yeni bir başkent olarak işaretlemek için inşa edilen Yasak Şehir, Moğol hatlarına daha yakın (böylece savaşı daha iyi yönetebilecekti) ve Yongle'nin eski askeri karakollarına daha yakındı. Bununla birlikte Çin Seddi'nin yeniden inşası ve yeniden tahkim edilmesi ve Büyük Kanal'ın yeniden açılması gündeme geldi.</Text>
    </Row>
    <Row Tag="LOC_PEDIA_LEADERS_PAGE_LEADER_YONGLE_CHAPTER_HISTORY_PARA_8">
      <Text>Hongwu (Yongle'nin babası) bir izolasyonistti; gerçekten de izolasyon Ming'in vebası olacaktı. Fakat Yongle bunun tam tersiydi. Haraç sistemini aktif bir şekilde geliştirdi ve genişletti - aslında Zheng He'nin yolculuklarının amacı da buydu - yeni potansiyel haraç kolları bulmak. Bu seyahatler Hindistan'a, Basra Körfezi'ne ve Afrika'ya kadar uzanıyordu, ancak haraçlar gerçekte yalnızca Doğu Asya'dan geliyordu. Burada Tibet'e kur yapması önemliydi - Tibet'in Çin tarihinin büyük kısmında Budist bilginin kaynağı olarak kaldığını hatırlayın; Ming de farklı değildir. Askeri açıdan bakıldığında, Yongle Moğollara ve Vietnam'a saldırmış, ikincisini Çin imparatorluğuna dahil etmiş ve Tran soylularının katledilmesine yol açmıştır.</Text>
    </Row>
    <Row Tag="LOC_PEDIA_LEADERS_PAGE_LEADER_YONGLE_CHAPTER_HISTORY_PARA_9">
      <Text>Bir başka başarı da, o zamana kadarki tüm Çin bilgisini kapsayan devasa bir eser olan Yongle Dadian Ansiklopedisi'ydi. Burada çok az yeni şey var, ancak daha önce bilinen her şeyin bir derlemesi.</Text>
    </Row>
    <Row Tag="LOC_PEDIA_LEADERS_PAGE_LEADER_YONGLE_CHAPTER_HISTORY_PARA_10">
      <Text>Yongle, 1424 yılında 64 yaşındayken Moğollara karşı düzenlenen bir askeri sefer sırasında öldü.</Text>
    </Row>
    <Row Tag="LOC_PEDIA_LEADERS_PAGE_LEADER_YONGLE_CHAPTER_CAPSULE_BODY">
      <Text>Yongle şehirlerini ilk başta Projelerle kontrol eder ve daha büyük şehirler nüfuslarından ek [ICON_Gold] Altın, [Icon_Science] Bilim ve [ICON_Culture] Kültür alır.</Text>
    </Row>
    <Row Tag="LOC_PEDIA_LEADERS_PAGE_LEADER_YONGLE_CHAPTER_DETAILED_BODY">
      <Text>Yongle, Lijia yeteneği ile nüfusunu kontrol etmek istiyor. Şehirlerinde, benzersiz projeler [ICON_Production] Üretimlerini [ICON_Food] Gıda, [ICON_Faith] İnanç veya [ICON_Gold] Altına dönüştürür. Ardından, şehir 10 nüfusa ulaştığında, nüfus ek [ICON_Gold] Altın, [Icon_Science] Bilim ve [ICON_Culture] Kültür ile kutlanır. Uygarlık yeteneği, [Icon_Science] Bilim ve [ICON_Culture] Kültür ilerlemesine ücretsiz ve daha iyi Eurekalar ve İlhamlarla daha da yardımcı olur. Çömelen Kaplan imparatorluğunu istilacılardan korumaya yardımcı olur, ancak onu Kültür Zaferi yolunda güçlü bir kuvvet haline getiren Çin Seddi'dir.</Text>
    </Row>
    <Row Tag="LOC_PEDIA_LEADERS_PAGE_LEADER_WU_ZETIAN_TITLE">
      <Text>Wu Zetian</Text>
    </Row>
    <Row Tag="LOC_PEDIA_LEADERS_PAGE_LEADER_WU_ZETIAN_QUOTE">
      <Text>İnsanlar yeniden diriltilemez. Bu tamamen kaderdir. Önemli olan, hayatta olanların yaşamaya devam etmeleridir.</Text>
    </Row>
    <Row Tag="LOC_PEDIA_LEADERS_PAGE_LEADER_WU_ZETIAN_CHAPTER_HISTORY_PARA_1">
      <Text>Çin tahtına oturan ilk ve tek kadın olan Wu Zetian, bulunduğu yere suikastlar, manipülasyonlar ve kurnaz saray stratejileriyle geldi. Saraya odaklanırken, Çin siyasetinin işleyişini de daha meritokratik bir sisteme doğru ve soylu himayesinden uzak bir şekilde değiştirdi.</Text>
    </Row>
    <Row Tag="LOC_PEDIA_LEADERS_PAGE_LEADER_WU_ZETIAN_CHAPTER_HISTORY_PARA_2">
      <Text>600'lü yıllardan karanlık bir çağ olarak bahsetmeye alışkınız. Ancak bu sadece Avrupa'yı gören bir bakış açısıdır. Dünyanın geri kalanında bu dönem, İslam dünyasının büyümesi, Chola imparatorluklarının güçlenmesi vs. ile ilgili olsun ya da olmasın, bir genişleme ve karşılıklı bağlantı dönemidir. Çin'de Tang, Han'ın ardından büyük bir imparatorluğun yeniden ortaya çıkışıydı. Ancak Tang daha da ileri giderek çok etnikli bir dizi bağımlılık inşa etti ve daha sonraki ve daha büyük Çin imparatorluklarına zemin hazırlayacak olan sanatın gelişmesini sağladı.</Text>
    </Row>
    <Row Tag="LOC_PEDIA_LEADERS_PAGE_LEADER_WU_ZETIAN_CHAPTER_HISTORY_PARA_3">
      <Text>Tang bir saray kültürü çağıydı. Porselen, çay ve İpek Yolu'ndan elde edilen tüm kazançlar imparatorluğun başarısına katkıda bulundu ve başkent Chang'an zamanında dünyanın en büyük şehriydi. Haraç sistemleri, daha sonraki Ming sistemleri düzeyinde olmasa da, Hindistan ve İran'a kadar ulaşan himayelerin yanı sıra kurulmuştur. Hepsinden önemlisi, şiir ve sanat Tang döneminde zirveye ulaşmıştı.</Text>
    </Row>
    <Row Tag="LOC_PEDIA_LEADERS_PAGE_LEADER_WU_ZETIAN_CHAPTER_HISTORY_PARA_4">
      <Text>Bir saray kültürünün bir saray kötü adamına ihtiyacı vardır. Ve burada Wu Zetian devreye girer. Wu ailesi varlıklı kereste tüccarlarıydı ve pek çok güçlü aile gibi, İmparator Taizong yönetimindeki İmparatorluk sarayına cariye olarak bir kız göndermek gelenekti. Ama Taizong öldü ve hastalıklı Gaozong başa geçti.</Text>
    </Row>
    <Row Tag="LOC_PEDIA_LEADERS_PAGE_LEADER_WU_ZETIAN_CHAPTER_HISTORY_PARA_5">
      <Text>Gaozong'un İmparatoriçe Wang adında bir karısı vardı ama Xiao adında bir cariyeyi tercih ediyor ve ondan çocuk sahibi oluyordu. Wang, Gaozong'un dikkatini bu rakibinden uzaklaştırmaya ve Wu'yu sarayda yükseltmeye çalıştı. Ama geri tepti. Wu yükseldi ve hem Wang hem de Xiao düştü - ve o kadar kötü düştüler ki Wang, Wu'nun kızını beşiğinde boğdurdu (veya başkalarına göre Wu kendi kızını öldürdü ve bunun için Wang'ı suçladı). Ölümlerinden sonra Wu, onların ruhları tarafından rahatsız edildiğini iddia etti.</Text>
    </Row>
    <Row Tag="LOC_PEDIA_LEADERS_PAGE_LEADER_WU_ZETIAN_CHAPTER_HISTORY_PARA_6">
      <Text>Wu'nun Gaozong üzerindeki etkisi, özellikle de sağlığı bozuldukça arttı. Goguryeo'nun (Kuzey Kore) fethine karşı uyarıda bulunmasına rağmen, etkisi öncelikle saray entrikalarına odaklandı. Tüm toplantılarında hazır bulunarak bir inci perdenin arkasından ona danışmanlık yapmaya başladı. Ölümünün ardından oğlu Li Zhe (Zhongzong İmparatoru) yönetimi devralır, ancak kısa sürede annesi yerine kendi kayınvalidesini tercih eder. Bu durum iki aile arasında ve Wu'nun gölge yönetimi ile iktidarın standart işleyişi arasında, Wu'nun kazanacağı bir çatışmaya yol açar. Kendi oğlunu tahttan indirir ve yerine 684 yılında daha genç, daha uysal kardeşi Li Dan'ı (Ruizhong) getirir.</Text>
    </Row>
    <Row Tag="LOC_PEDIA_LEADERS_PAGE_LEADER_WU_ZETIAN_CHAPTER_HISTORY_PARA_7">
      <Text>Burada Wu'nun gücü daha açıktı. Açıkça emirler veriyor ve 690 yılında kendini İmparatoriçe ilan ederek kendi hanedanlığı olan Zhou'yu kuruyordu. Çin tahtına oturan ilk ve tek kadındı. Ancak ilerleyen yıllarda kendisi de gerilemeye başlayınca, danışmanlarına, özellikle de Zhang Yizhi ve Zhang Changzong adlı iki kardeşe giderek daha fazla güvenmeye başladı. Güçle birlikte hırs da geldi ve iki Zhang kardeş, Wu'nun kendi bağlantıları dışında yapacağı her türlü bağlantıya veya atamaya kızmaya başladı. Sonunda, saraydaki rakipler Zhang kardeşlerin ölümünü planladılar ve Wu bir kez olsun düşmanlarını durduramadı. Zhang kardeşler öldürüldü ve Wu - nihayet - tahttan indirildi.</Text>
    </Row>
    <Row Tag="LOC_PEDIA_LEADERS_PAGE_LEADER_WU_ZETIAN_CHAPTER_HISTORY_PARA_8">
      <Text>Wu yurt içinde, hem kendi -görece- mütevazı kökenlerini yansıtan hem de onun izinden gitmek isteyenlerin önüne engeller koyan bir dizi reform başlattı. Kadın sanatçıları kısıtlayan ve kadın modasına sınırlamalar getiren kamu reformları başlatırken, aynı zamanda idari sınavları statü gözetmeksizin tüm erkeklere açtı. Dahası, çarpıcı bir güç gösterisiyle imparatorluk ailesinin tüm kollarını ortadan kaldırarak Çin'deki gücün odağını güçlü ailelerden merkezileşmiş bürokrasiye doğru kaydırdı. Wu'nun rejimi gizli polisi aracılığıyla uygulandı ve kendisine karşı çıkan herkese karşı gizli şiddet tehdidi içeriyordu. Ancak bu şiddet büyük ölçüde saraya yönelikti. Sıradan insanlar için Wu'nun hükümdarlığı nispeten aydınlanmış olabilirdi - orduyu azalttı, yetenekli memurları terfi ettirdi ve kraliyet topraklarının çoğunu sıradan insanlara verdi.</Text>
    </Row>
    <Row Tag="LOC_PEDIA_LEADERS_PAGE_LEADER_WU_ZETIAN_CHAPTER_HISTORY_PARA_9">
      <Text>Wu uluslararası alanda Budizm'i destekledi, hatta kendisini müstakbel Buddha Maitreya ilan etti ama Tibet'in yanı sıra batıdaki Türk kabileleriyle de açıkça çatıştı. Tibet bağımsız kalırken, Tibet İmparatorluğu geçmiş yıllarda elde ettiği toprakları kaybetti. Wu Türk bölgelerine doğru ilerlerken, Batılı göçebe güçler birkaç yüzyıl sonra kendi günlerini yaşayacaklardı.</Text>
    </Row>
    <Row Tag="LOC_PEDIA_LEADERS_PAGE_LEADER_WU_ZETIAN_CHAPTER_CAPSULE_BODY">
      <Text>Sizinle kafa kafaya savaşacak liderler var, bir de Wu Zetian var. Onun yetenekleri saldırgan casusluk görevleri düzenlemek.</Text>
    </Row>
    <Row Tag="LOC_PEDIA_LEADERS_PAGE_LEADER_WU_ZETIAN_CHAPTER_DETAILED_BODY">
      <Text>Wu Zetian yönetimindeki Çin, rakiplerinin medeniyetini içeriden yıkarken imparatorluğunu inşa etmeye odaklanır. Casusluk bonusları ona fazladan bir Casus kazandırır ve ayrıca saldırgan casus operasyonlarına yardımcı olur. Düşmanlarını gözetlemekte başarılı olduğunda, Teknoloji ve Yurttaşlık Ağaçlarında ilerlemek için [Icon_Science] Bilim ve [ICON_Culture] Kültür alır. Bu [Icon_Science] Bilim ve [ICON_Culture] Kültür, Eurekalar ve İlhamlar Çin'in Hanedan Döngüsü yeteneği ile daha da ileri gittiğinden, ilerlerken daha da yararlıdır. Kültür Zaferi, Büyük Eserleri kolayca çalma yeteneği ve Çin Seddi'nin [ICON_Tourism] Turizmi göz önüne alındığında Wu Zetian ile en iyisidir.</Text>
    </Row>
    <Row Tag="LOC_PEDIA_LEADERS_PAGE_LEADER_QIN_TITLE">
      <Text>Qin Shi Huang</Text>
    </Row>
    <Row Tag="LOC_PEDIA_LEADERS_PAGE_LEADER_QIN_ALT_TITLE">
      <Text>Qin (Birleştirici)</Text>
    </Row>
    <Row Tag="LOC_PEDIA_LEADERS_PAGE_LEADER_QIN_ALT_QUOTE">
      <Text>İmparatorluğun tüm yazılarını topladım ve işe yaramayanları yaktım.</Text>
    </Row>
    <Row Tag="LOC_PEDIA_LEADERS_PAGE_LEADER_QIN_ALT_CHAPTER_CAPSULE_BODY">
      <Text>Barbarlar, dünyayı Qin'in sancağı altında birleştirmek için Yakın Dövüş birimlerinizle birlikte kullanacağınız müttefiklerinizdir.</Text>
    </Row>
    <Row Tag="LOC_PEDIA_LEADERS_PAGE_LEADER_QIN_ALT_CHAPTER_DETAILED_BODY">
      <Text>Qin, Barbarların istilaya başlamasına izin verip sonra onları kendi tarafına çektiğinde en iyisidir; bu strateji, bir Barbar ordusu elde etmek için bir Yakın Dövüş birimini feda etmeyi içerebilir. Çin Seddi'nin ek savunması ve Çömelen Kaplan ile imparatorluğunu daha da koruyabilir. Daha güçlü birimlerin kilidini açmak için fazladan Eureka'larını ve İlhamlarını kullanın ve Barbar dönüştürmelerinizle Hakimiyet zaferine doğru ilerleyin.</Text>
    </Row>
  </EnglishText>
</GameData>