﻿<?xml version="1.0" encoding="utf-8"?>
<GameData>
  <EnglishText>
    <!-- Ramses-->
    <Row Tag="LOC_LEADER_YONGLE_NAME">
      <Text>Yongle</Text>
    </Row>
    <Row Tag="LOC_TRAIT_LEADER_YONGLE_NAME">
      <Text>Lijia</Text>
    </Row>
    <Row Tag="LOC_TRAIT_LEADER_YONGLE_DESCRIPTION">
      <Text>Tüm Şehirler, [Icon_Production] Üretimlerinin %50'sini [Icon_Food] Gıdaya, [Icon_Faith] İnanca veya [Icon_GOLD] Altın ise %100'üne dönüştürebilecekleri Projeler alırlar.</Text>
    </Row>
    <Row Tag="LOC_TRAIT_LEADER_YONGLE_XP_DESCRIPTION">
      <Text>Tüm Şehirler, [Icon_Production] Üretimlerinin %50'sini [Icon_Food] Gıdaya, [Icon_Faith] İnanca veya [Icon_GOLD] Altın ise %100'üne dönüştürebilecekleri Projeler alırlar. Nüfusu 10 veya daha fazla olan Şehirler, şehirdeki her Nüfus için tur başına +2 [Icon_Gold] Altın, +1 [Icon_Science] Bilim ve +1 [Icon_Culture] Kültür alır.</Text>
    </Row>
    <!-- Qin Alt-->
    <Row Tag="LOC_LEADER_QIN_ORIGINAL_NAME">
      <Text>Qin (Cennetin Mandası)</Text>
    </Row>
    <Row Tag="LOC_LEADER_QIN_ALT_NAME">
      <Text>Qin (Birleştirici)</Text>
    </Row>
    <Row Tag="LOC_TRAIT_LEADER_QIN_ALT_NAME">
      <Text>Otuz Altı Stratagem</Text>
    </Row>
    <Row Tag="LOC_TRAIT_LEADER_QIN_ALT_DESCRIPTION">
      <Text>Yakın dövüş birimleri Barbarları Dönüştür eylemini alır. Bu eylem Barbar birimlerini sizin birimlerinize dönüştürür, ancak yakın dövüş birimini ortadan kaldırır.</Text>
    </Row>
    <!-- Wu Zetian-->
    <Row Tag="LOC_LEADER_WU_ZETIAN_NAME">
      <Text>Wu Zetian</Text>
    </Row>
    <Row Tag="LOC_TRAIT_LEADER_WU_ZETIAN_NAME">
      <Text>Tuzağa Düşürme El Kitabı</Text>
    </Row>
    <Row Tag="LOC_TRAIT_LEADER_WU_ZETIAN_DESCRIPTION">
      <Text>Tüm saldırgan Casuslar 1 seviye daha yüksekte çalışır. Saldırgan bir casus görevi başarılı olduğunda, hedeflenen şehrin o tur kazandığı [ICON_Culture] Kültür ve [ICON_SCIENCE] Bilimin %50'sini de kazanırsınız. Savunma Taktiklerini keşfettikten sonra ücretsiz bir casus (ve ekstra casus kapasitesi) kazanın.</Text>
    </Row>
    <Row Tag="LOC_LOADING_INFO_LEADER_YONGLE">
      <Text>Dünya sizi bekliyor, Ming Çin'inin büyük Yongle İmparatoru. Elini uzat ve onun zenginliklerini ve bilgisini kavra. Ulusunuzu her şeyin merkezine yerleştirin ve herkesin size yalvarmasına izin verin. Kimse senin hakkında kötü konuşmasın.</Text>
    </Row>
    <Row Tag="LOC_LOADING_INFO_LEADER_WU_ZETIAN">
      <Text>Mütevazı başlangıçlardan dünyanın merkezine yükseldin, Wu Zetian, Çin İmparatoriçesi. Sarayının entrikalarının seni durdurmasına izin verme, çünkü sen hepsini alt ettin. İster ressamın fırçasıyla, ister kelimelerle olan becerinle, ister zehirli bir kılıçla olsun, düşmanlarının üzerine çıkacak ve dünyanın sana boyun eğmesine neden olacaksın - sevgiden ya da korkudan, pek bir fark yok.</Text>
    </Row>
  </EnglishText>
</GameData>