﻿<?xml version="1.0" encoding="utf-8"?>
<GameData>
  <EnglishText>
    <Row Tag="LOC_LEADER_T_ROOSEVELT_ROUGHRIDER_NAME">
      <Text>Teddy Roosevelt (Rough Rider)</Text>
    </Row>
    <Row Tag="LOC_LEADER_T_ROOSEVELT_ORIGINAL_NAME">
      <Text>Teddy Roosevelt (Bull Moose)</Text>
    </Row>
    <Row Tag="LOC_TRAIT_LEADER_ANTIQUES_AND_PARKS_NAME">
      <Text>Eski Eserler ve Parklar</Text>
    </Row>
    <Row Tag="LOC_TRAIT_LEADER_ANTIQUES_AND_PARKS_DESCRIPTION">
      <Text>Bir Doga Harikasi veya Daga komsu olan nefes kesici kareler +2 [ICON_SCIENCE] Bilim alir. Bir Doga Harikasi ya da Ormana bitisik nefes kesici karolar +2 [ICON_CULTURE] Kültür alir. Milli Parki olan bir sehirdeki tüm karolar +1 Itiraz alir.</Text>
    </Row>
    <Row Tag="LOC_TRAIT_LEADER_ROOSEVELT_COROLLARY_ROUGH_RIDER_DESCRIPTION">
      <Text>Birimler kendi kitalarinda +5 [ICON_Strength] Savas Gücü alir. [ICON_TradeRoute] Ticaret Yoluna sahip oldugunuz Sehir Devletlerine gönderilen Elçiler iki [ICON_Envoy] Elçi olarak sayilir. Tüfekli Rough Rider benzersiz birimini kazanin.</Text>
    </Row>
    <Row Tag="LOC_DIPLO_MODIFIER_BULL_MOOSE_POSITIVE_APPEAL">
      <Text>Imparatorlugunuzdaki pek çok çekici alana hayranlik duyuyorlar</Text>
    </Row>
    <Row Tag="LOC_DIPLO_MODIFIER_BULL_MOOSE_NEGATIVE_APPEAL">
      <Text>Imparatorlugunuzun cazip alanlardan yoksun olmasi onlari hayal kirikligina ugratiyor</Text>
    </Row>
  </EnglishText>
</GameData>