﻿<?xml version="1.0" encoding="utf-8"?>
<!-- edited with XMLSPY v2004 rel. 2 U (http://www.xmlspy.com) by Scott Lewis (Firaxis Games) -->
<GameData>
  <Language_en_US>
    <Row Tag="TXT_KEY_SPY_NAME_MONGOL_0">
      <Text>Asashōryū</Text>
    </Row>
    <Row Tag="TXT_KEY_SPY_NAME_MONGOL_1">
      <Text>Tömöriin</Text>
    </Row>
    <Row Tag="TXT_KEY_SPY_NAME_MONGOL_2">
      <Text>Zevegiin</Text>
    </Row>
    <Row Tag="TXT_KEY_SPY_NAME_MONGOL_3">
      <Text>Jigjidiin</Text>
    </Row>
    <Row Tag="TXT_KEY_SPY_NAME_MONGOL_4">
      <Text>Enkhbat</Text>
    </Row>
    <Row Tag="TXT_KEY_SPY_NAME_MONGOL_5">
      <Text>Mönkhbayar kadinsi</Text>
      <Gender>feminine</Gender>
    </Row>
    <Row Tag="TXT_KEY_SPY_NAME_MONGOL_6">
      <Text>Gündegmaa kadinsi</Text>
      <Gender>feminine</Gender>
    </Row>
    <Row Tag="TXT_KEY_SPY_NAME_MONGOL_7">
      <Text>Ssima kadinsi</Text>
      <Gender>feminine</Gender>
    </Row>
    <Row Tag="TXT_KEY_SPY_NAME_MONGOL_8">
      <Text>Batachikhan kadinsi</Text>
      <Gender>feminine</Gender>
    </Row>
    <Row Tag="TXT_KEY_SPY_NAME_MONGOL_9">
      <Text>Chulunny kadinsi</Text>
      <Gender>feminine</Gender>
    </Row>
  </Language_en_US>
</GameData>