﻿<?xml version="1.0" encoding="utf-8"?>
<!-- Sid Meier's Civilization V -->
<!-- Copyright Firaxis Games 2010 -->
<!-- -->
<!-- Game Text Objects -->
<GameData>
  <Language_en_US>
    <Row Tag="TXT_KEY_PROMOTION_MEDIC_GENERAL_HELP">
      <Text>Bu birim ve bitisik karelerdeki diger tüm birimler [COLOR_POSITIVE_TEXT]Her turda 2 Ek HP[ENDCOLOR] iyilestirir.</Text>
    </Row>
    <Row Tag="TXT_KEY_CIV5_MONGOLIA_KHAN_STRATEGY">
      <Text>Han, standart Büyük Generalin yerini alan bir Mogol Essiz Büyük Kisisidir.  Ayni savas bonuslari geçerlidir, ancak Han Kesik ile ayni hizda hareket eder (tur basina 5 puan) ve tur basina ek 2HP karsiliginda komsu birimleri iyilestirebilir. Bu güçlendirilmis General, süvari birimlerinin her zaman savasa hazir durumda olmasini saglar.</Text>
    </Row>
  </Language_en_US>
</GameData>