﻿<?xml version="1.0" encoding="utf-8"?>
<GameData>
  <EnglishText>
    <!-- leaders -->
    <Row Tag="LOC_PEDIA_LEADERS_PAGE_LEADER_YONGLE_TITLE">
      <Text>Yongle</Text>
    </Row>
    <Row Tag="LOC_PEDIA_LEADERS_PAGE_LEADER_YONGLE_QUOTE">
      <Text>Birçok devlet, bir yönetici halkinin islerini bilmedigi için yikilmistir.</Text>
    </Row>
    <Row Tag="LOC_PEDIA_LEADERS_PAGE_LEADER_YONGLE_CHAPTER_HISTORY_PARA_1">
      <Text>Ming imparatorlari arasinda en ileri görüslü ve disa dönük olan Yongle, Ming'in uluslararasi sisteminin temelini atti ve altyapisini yeniden insa etti. Bunu, iddiasina karsi tüm muhalefeti yok ettigi, ancak daha sonra disa dogru genisleyerek Cin'in en önemli imparatorlugu haline gelecek olan sey için destek ve yabanci altin topladigi acimasiz bir mesruiyet mücadelesi yoluyla yapti.</Text>
    </Row>
    <Row Tag="LOC_PEDIA_LEADERS_PAGE_LEADER_YONGLE_CHAPTER_HISTORY_PARA_2">
      <Text>Ming Hanedanligi, yillarca süren yabanci egemenliginin ardindan Han Cinlilerinin yüzyillar boyunca sürecek ve refah içinde kalacak Han merkezli bir güç kurdugu Cin için bir yeniden konsolidasyon aniydi. Ming zengin, barisçil ve... bir süreligine... gelismis bir ülkeydi. Ming komsularini kendi yörüngesine dahil etmekte de basariliydi  haraç sistemi Dogu Asya'nin çogunu bölgesel istikrara ve Konfüçyüsçü degerlerin yayilmasina yol açacak bir koruma ittifaki içinde bir araya getirdi. Ancak zamanla Ming rehavete ve izolasyona kapildi ve yarisa rakiplerinin çok önünde girmesine ragmen, zayiflamis, yabanci altina asiri bagimli ve etrafindaki dünyanin nasil degistigine hazirliksiz bir sekilde çikti.</Text>
    </Row>
    <Row Tag="LOC_PEDIA_LEADERS_PAGE_LEADER_YONGLE_CHAPTER_HISTORY_PARA_3">
      <Text>Yongle imparatorunun istedigi olsaydi bu tür olaylar yasanmayabilirdi.</Text>
    </Row>
    <Row Tag="LOC_PEDIA_LEADERS_PAGE_LEADER_YONGLE_CHAPTER_HISTORY_PARA_4">
      <Text>Yongle 1360 yilinda Zhu Di olarak dogdu. Bir baska büyük Ming imparatoru olan Hongwu imparatorunun ikinci ogluydu. Bu nedenle, hem Yuan Hanedanligi'nin kalintilari hem de batinin büyük Hanliklari olan Mogollarla savasan önemli bir kisi ve askeri bir komutandi. Zhu Di, agabeyi Zhu Biao'dan sonra taht için siradaydi. Rivayete göre Zhu Di, Imparator'un birincil esinin degil, daha küçük bir cariyenin ogluydu.</Text>
    </Row>
    <Row Tag="LOC_PEDIA_LEADERS_PAGE_LEADER_YONGLE_CHAPTER_HISTORY_PARA_5">
      <Text>Ama Zhu Biao babasinin gözdesiydi. Ve bu iyilik, oglu da dahil olmak üzere Biao'nun ailesine kadar uzaniyordu. Bu yüzden Zhu Biao aniden öldügünde, Hongwu imparatoru Zhu Di'yi degil Zhu Biao'nun oglunu siradaki kisi olarak atadi... ve Zhu Di isyan etti.</Text>
    </Row>
    <Row Tag="LOC_PEDIA_LEADERS_PAGE_LEADER_YONGLE_CHAPTER_HISTORY_PARA_6">
      <Text>Zhu Di üç yil süren bir savas verdi ve savasi kazanarak adini Yongle Imparatoru olarak degistirdi. Ardindan bürokraside yegeninin etkisinden eser kalmamasi için acimasizca bir temizlik yapti. Konfüçyüsçülerin barisçil bir yönetimi kabul etmeleri yönündeki fermanlarini hatirlayacak olursak, pek çok bilgin bu yönetime karsi çikti. Ancak diger pek çok kisi de bu birliktelige dahil edildi - Yongle düsmanlarinin, özellikle de ünlü Fang Xiarou'nun, ayni zamanda Fang'in görev süresi boyunca sinavlarini geçen herkesin, Fang'in tüm akrabalarinin (onuncu dereceye kadar) ve daha fazlasinin öldürülmesini emretti. Binlerce kisi öldürüldü. Ayrica Yongle, Yuan döneminde baskin olan Mogol kültürel formlarini yasakladi.</Text>
    </Row>
    <Row Tag="LOC_PEDIA_LEADERS_PAGE_LEADER_YONGLE_CHAPTER_HISTORY_PARA_7">
      <Text>Yongle daha sonra yeni bir toplum yaratmaya koyuldu. Hadimlarin rolünü genisletti, hatta imparatora sadik bir gizli polisi (Dogu Deposu) bile dahil etti. Akademisyenleri ve tarihçileri de genisletti - en azindan yegenini tarihten silmeyi kabul edenleri (ve bazilarina göre tarihi yeniden yazarak Yongle'yi Koreli bir cariye degil, Imparatoriçe'nin oglu yapti). Bu yönetim yeni bir kaynaktan da yayiliyordu: Pekin'i yeni bir baskent olarak isaretlemek için insa edilen Yasak Sehir, Mogol hatlarina daha yakin (böylece savasi daha iyi yönetebilecekti) ve Yongle'nin eski askeri karakollarina daha yakindi. Bununla birlikte Cin Seddi'nin yeniden insasi ve yeniden tahkim edilmesi ve Büyük Kanal'in yeniden açilmasi gündeme geldi.</Text>
    </Row>
    <Row Tag="LOC_PEDIA_LEADERS_PAGE_LEADER_YONGLE_CHAPTER_HISTORY_PARA_8">
      <Text>Hongwu (Yongle'nin babasi) bir izolasyonistti  gerçekten de izolasyon Ming'in vebasi olacakti. Fakat Yongle bunun tam tersiydi. Haraç sistemini aktif bir sekilde gelistirdi ve genisletti - aslinda Zheng He'nin yolculuklarinin amaci da buydu - yeni potansiyel haraç kollari bulmak. Bu seyahatler Hindistan'a, Basra Körfezi'ne ve Afrika'ya kadar uzaniyordu, ancak haraçlar gerçekte yalnizca Dogu Asya'dan geliyordu. Burada Tibet'e kur yapmasi önemliydi - Tibet'in Cin tarihinin büyük kisminda Budist bilginin kaynagi olarak kaldigini hatirlayin  Ming de farkli degildir. Askeri açidan bakildiginda, Yongle Mogollara ve Vietnam'a saldirmis, ikincisini Cin imparatorluguna dahil etmis ve Tran soylularinin katledilmesine yol açmistir.</Text>
    </Row>
    <Row Tag="LOC_PEDIA_LEADERS_PAGE_LEADER_YONGLE_CHAPTER_HISTORY_PARA_9">
      <Text>Bir baska basari da, o zamana kadarki tüm Cin bilgisini kapsayan devasa bir eser olan Yongle Dadian Ansiklopedisi'ydi. Burada çok az yeni sey var, ancak daha önce bilinen her seyin bir derlemesi.</Text>
    </Row>
    <Row Tag="LOC_PEDIA_LEADERS_PAGE_LEADER_YONGLE_CHAPTER_HISTORY_PARA_10">
      <Text>Yongle, 1424 yilinda 64 yasindayken Mogollara karsi düzenlenen bir askeri sefer sirasinda öldü.</Text>
    </Row>
    <Row Tag="LOC_PEDIA_LEADERS_PAGE_LEADER_YONGLE_CHAPTER_CAPSULE_BODY">
      <Text>Yongle sehirlerini ilk basta Projelerle kontrol eder ve daha büyük sehirler nüfuslarindan ek [ICON_Gold] Altin, [Icon_Science] Bilim ve [ICON_Culture] Kültür alir.</Text>
    </Row>
    <Row Tag="LOC_PEDIA_LEADERS_PAGE_LEADER_YONGLE_CHAPTER_DETAILED_BODY">
      <Text>Yongle, Lijia yetenegi ile nüfusunu kontrol etmek istiyor. Sehirlerinde, benzersiz projeler [ICON_Production] Üretimlerini [ICON_Food] Gida, [ICON_Faith] Inanç veya [ICON_Gold] Altina dönüstürür. Ardindan, sehir 10 nüfusa ulastiginda, nüfus ek [ICON_Gold] Altin, [Icon_Science] Bilim ve [ICON_Culture] Kültür ile kutlanir. Uygarlik yetenegi, [Icon_Science] Bilim ve [ICON_Culture] Kültür ilerlemesine ücretsiz ve daha iyi Eurekalar ve Ilhamlarla daha da yardimci olur. Cömelen Kaplan imparatorlugunu istilacilardan korumaya yardimci olur, ancak onu Kültür Zaferi yolunda güçlü bir kuvvet haline getiren Cin Seddi'dir.</Text>
    </Row>
    <Row Tag="LOC_PEDIA_LEADERS_PAGE_LEADER_WU_ZETIAN_TITLE">
      <Text>Wu Zetian</Text>
    </Row>
    <Row Tag="LOC_PEDIA_LEADERS_PAGE_LEADER_WU_ZETIAN_QUOTE">
      <Text>Insanlar yeniden diriltilemez. Bu tamamen kaderdir. Önemli olan, hayatta olanlarin yasamaya devam etmeleridir.</Text>
    </Row>
    <Row Tag="LOC_PEDIA_LEADERS_PAGE_LEADER_WU_ZETIAN_CHAPTER_HISTORY_PARA_1">
      <Text>Cin tahtina oturan ilk ve tek kadin olan Wu Zetian, bulundugu yere suikastlar, manipülasyonlar ve kurnaz saray stratejileriyle geldi. Saraya odaklanirken, Cin siyasetinin isleyisini de daha meritokratik bir sisteme dogru ve soylu himayesinden uzak bir sekilde degistirdi.</Text>
    </Row>
    <Row Tag="LOC_PEDIA_LEADERS_PAGE_LEADER_WU_ZETIAN_CHAPTER_HISTORY_PARA_2">
      <Text>600'lü yillardan karanlik bir çag olarak bahsetmeye aliskiniz. Ancak bu sadece Avrupa'yi gören bir bakis açisidir. Dünyanin geri kalaninda bu dönem, Islam dünyasinin büyümesi, Chola imparatorluklarinin güçlenmesi vs. ile ilgili olsun ya da olmasin, bir genisleme ve karsilikli baglanti dönemidir. Cin'de Tang, Han'in ardindan büyük bir imparatorlugun yeniden ortaya çikisiydi. Ancak Tang daha da ileri giderek çok etnikli bir dizi bagimlilik insa etti ve daha sonraki ve daha büyük Cin imparatorluklarina zemin hazirlayacak olan sanatin gelismesini sagladi.</Text>
    </Row>
    <Row Tag="LOC_PEDIA_LEADERS_PAGE_LEADER_WU_ZETIAN_CHAPTER_HISTORY_PARA_3">
      <Text>Tang bir saray kültürü çagiydi. Porselen, çay ve Ipek Yolu'ndan elde edilen tüm kazançlar imparatorlugun basarisina katkida bulundu ve baskent Chang'an zamaninda dünyanin en büyük sehriydi. Haraç sistemleri, daha sonraki Ming sistemleri düzeyinde olmasa da, Hindistan ve Iran'a kadar ulasan himayelerin yani sira kurulmustur. Hepsinden önemlisi, siir ve sanat Tang döneminde zirveye ulasmisti.</Text>
    </Row>
    <Row Tag="LOC_PEDIA_LEADERS_PAGE_LEADER_WU_ZETIAN_CHAPTER_HISTORY_PARA_4">
      <Text>Bir saray kültürünün bir saray kötü adamina ihtiyaci vardir. Ve burada Wu Zetian devreye girer. Wu ailesi varlikli kereste tüccarlariydi ve pek çok güçlü aile gibi, Imparator Taizong yönetimindeki Imparatorluk sarayina cariye olarak bir kiz göndermek gelenekti. Ama Taizong öldü ve hastalikli Gaozong basa geçti.</Text>
    </Row>
    <Row Tag="LOC_PEDIA_LEADERS_PAGE_LEADER_WU_ZETIAN_CHAPTER_HISTORY_PARA_5">
      <Text>Gaozong'un Imparatoriçe Wang adinda bir karisi vardi ama Xiao adinda bir cariyeyi tercih ediyor ve ondan çocuk sahibi oluyordu. Wang, Gaozong'un dikkatini bu rakibinden uzaklastirmaya ve Wu'yu sarayda yükseltmeye çalisti. Ama geri tepti. Wu yükseldi ve hem Wang hem de Xiao düstü - ve o kadar kötü düstüler ki Wang, Wu'nun kizini besiginde bogdurdu (veya baskalarina göre Wu kendi kizini öldürdü ve bunun için Wang'i suçladi). Ölümlerinden sonra Wu, onlarin ruhlari tarafindan rahatsiz edildigini iddia etti.</Text>
    </Row>
    <Row Tag="LOC_PEDIA_LEADERS_PAGE_LEADER_WU_ZETIAN_CHAPTER_HISTORY_PARA_6">
      <Text>Wu'nun Gaozong üzerindeki etkisi, özellikle de sagligi bozuldukça artti. Goguryeo'nun (Kuzey Kore) fethine karsi uyarida bulunmasina ragmen, etkisi öncelikle saray entrikalarina odaklandi. Tüm toplantilarinda hazir bulunarak bir inci perdenin arkasindan ona danismanlik yapmaya basladi. Ölümünün ardindan oglu Li Zhe (Zhongzong Imparatoru) yönetimi devralir, ancak kisa sürede annesi yerine kendi kayinvalidesini tercih eder. Bu durum iki aile arasinda ve Wu'nun gölge yönetimi ile iktidarin standart isleyisi arasinda, Wu'nun kazanacagi bir çatismaya yol açar. Kendi oglunu tahttan indirir ve yerine 684 yilinda daha genç, daha uysal kardesi Li Dan'i (Ruizhong) getirir.</Text>
    </Row>
    <Row Tag="LOC_PEDIA_LEADERS_PAGE_LEADER_WU_ZETIAN_CHAPTER_HISTORY_PARA_7">
      <Text>Burada Wu'nun gücü daha açikti. Açikça emirler veriyor ve 690 yilinda kendini Imparatoriçe ilan ederek kendi hanedanligi olan Zhou'yu kuruyordu. Cin tahtina oturan ilk ve tek kadindi. Ancak ilerleyen yillarda kendisi de gerilemeye baslayinca, danismanlarina, özellikle de Zhang Yizhi ve Zhang Changzong adli iki kardese giderek daha fazla güvenmeye basladi. Güçle birlikte hirs da geldi ve iki Zhang kardes, Wu'nun kendi baglantilari disinda yapacagi her türlü baglantiya veya atamaya kizmaya basladi. Sonunda, saraydaki rakipler Zhang kardeslerin ölümünü planladilar ve Wu bir kez olsun düsmanlarini durduramadi. Zhang kardesler öldürüldü ve Wu - nihayet - tahttan indirildi.</Text>
    </Row>
    <Row Tag="LOC_PEDIA_LEADERS_PAGE_LEADER_WU_ZETIAN_CHAPTER_HISTORY_PARA_8">
      <Text>Wu yurt içinde, hem kendi -görece- mütevazi kökenlerini yansitan hem de onun izinden gitmek isteyenlerin önüne engeller koyan bir dizi reform baslatti. Kadin sanatçilari kisitlayan ve kadin modasina sinirlamalar getiren kamu reformlari baslatirken, ayni zamanda idari sinavlari statü gözetmeksizin tüm erkeklere açti. Dahasi, çarpici bir güç gösterisiyle imparatorluk ailesinin tüm kollarini ortadan kaldirarak Cin'deki gücün odagini güçlü ailelerden merkezilesmis bürokrasiye dogru kaydirdi. Wu'nun rejimi gizli polisi araciligiyla uygulandi ve kendisine karsi çikan herkese karsi gizli siddet tehdidi içeriyordu. Ancak bu siddet büyük ölçüde saraya yönelikti. Siradan insanlar için Wu'nun hükümdarligi nispeten aydinlanmis olabilirdi - orduyu azaltti, yetenekli memurlari terfi ettirdi ve kraliyet topraklarinin çogunu siradan insanlara verdi.</Text>
    </Row>
    <Row Tag="LOC_PEDIA_LEADERS_PAGE_LEADER_WU_ZETIAN_CHAPTER_HISTORY_PARA_9">
      <Text>Wu uluslararasi alanda Budizm'i destekledi, hatta kendisini müstakbel Buddha Maitreya ilan etti ama Tibet'in yani sira batidaki Türk kabileleriyle de açikça çatisti. Tibet bagimsiz kalirken, Tibet Imparatorlugu geçmis yillarda elde ettigi topraklari kaybetti. Wu Türk bölgelerine dogru ilerlerken, Batili göçebe güçler birkaç yüzyil sonra kendi günlerini yasayacaklardi.</Text>
    </Row>
    <Row Tag="LOC_PEDIA_LEADERS_PAGE_LEADER_WU_ZETIAN_CHAPTER_CAPSULE_BODY">
      <Text>Sizinle kafa kafaya savasacak liderler var, bir de Wu Zetian var. Onun yetenekleri saldirgan casusluk görevleri düzenlemek.</Text>
    </Row>
    <Row Tag="LOC_PEDIA_LEADERS_PAGE_LEADER_WU_ZETIAN_CHAPTER_DETAILED_BODY">
      <Text>Wu Zetian yönetimindeki Cin, rakiplerinin medeniyetini içeriden yikarken imparatorlugunu insa etmeye odaklanir. Casusluk bonuslari ona fazladan bir Casus kazandirir ve ayrica saldirgan casus operasyonlarina yardimci olur. Düsmanlarini gözetlemekte basarili oldugunda, Teknoloji ve Yurttaslik Agaçlarinda ilerlemek için [Icon_Science] Bilim ve [ICON_Culture] Kültür alir. Bu [Icon_Science] Bilim ve [ICON_Culture] Kültür, Eurekalar ve Ilhamlar Cin'in Hanedan Döngüsü yetenegi ile daha da ileri gittiginden, ilerlerken daha da yararlidir. Kültür Zaferi, Büyük Eserleri kolayca çalma yetenegi ve Cin Seddi'nin [ICON_Tourism] Turizmi göz önüne alindiginda Wu Zetian ile en iyisidir.</Text>
    </Row>
    <Row Tag="LOC_PEDIA_LEADERS_PAGE_LEADER_QIN_TITLE">
      <Text>Qin Shi Huang</Text>
    </Row>
    <Row Tag="LOC_PEDIA_LEADERS_PAGE_LEADER_QIN_ALT_TITLE">
      <Text>Qin (Birlestirici)</Text>
    </Row>
    <Row Tag="LOC_PEDIA_LEADERS_PAGE_LEADER_QIN_ALT_QUOTE">
      <Text>Imparatorlugun tüm yazilarini topladim ve ise yaramayanlari yaktim.</Text>
    </Row>
    <Row Tag="LOC_PEDIA_LEADERS_PAGE_LEADER_QIN_ALT_CHAPTER_CAPSULE_BODY">
      <Text>Barbarlar, dünyayi Qin'in sancagi altinda birlestirmek için Yakin Dövüs birimlerinizle birlikte kullanacaginiz müttefiklerinizdir.</Text>
    </Row>
    <Row Tag="LOC_PEDIA_LEADERS_PAGE_LEADER_QIN_ALT_CHAPTER_DETAILED_BODY">
      <Text>Qin, Barbarlarin istilaya baslamasina izin verip sonra onlari kendi tarafina çektiginde en iyisidir  bu strateji, bir Barbar ordusu elde etmek için bir Yakin Dövüs birimini feda etmeyi içerebilir. Cin Seddi'nin ek savunmasi ve Cömelen Kaplan ile imparatorlugunu daha da koruyabilir. Daha güçlü birimlerin kilidini açmak için fazladan Eureka'larini ve Ilhamlarini kullanin ve Barbar dönüstürmelerinizle Hakimiyet zaferine dogru ilerleyin.</Text>
    </Row>
  </EnglishText>
</GameData>