﻿<?xml version="1.0" encoding="utf-8"?>
<GameData>
  <EnglishText>
    <!-- Yongle-->
    <Row Tag="LOC_PROJECT_LIJIA_FAITH_NAME">
      <Text>Lijia (Inanç)</Text>
    </Row>
    <Row Tag="LOC_PROJECT_LIJIA_FAITH_SHORT_NAME">
      <Text>Lijia (Inanç)</Text>
    </Row>
    <Row Tag="LOC_PROJECT_LIJIA_FAITH_DESCRIPTION">
      <Text>Her turda bu sehrin üretiminin %50'sine esit [ICON_Faith] Inanç saglayan proje.</Text>
    </Row>
    <Row Tag="LOC_PROJECT_LIJIA_FOOD_NAME">
      <Text>Lijia (Gida)</Text>
    </Row>
    <Row Tag="LOC_PROJECT_LIJIA_FOOD_SHORT_NAME">
      <Text>Lijia (Gida)</Text>
    </Row>
    <Row Tag="LOC_PROJECT_LIJIA_FOOD_DESCRIPTION">
      <Text>Her turda bu sehrin üretiminin %50'sine esit [ICON_Food] Gida saglayan proje.</Text>
    </Row>
    <Row Tag="LOC_PROJECT_LIJIA_GOLD_NAME">
      <Text>Lijia (Altin)</Text>
    </Row>
    <Row Tag="LOC_PROJECT_LIJIA_GOLD_SHORT_NAME">
      <Text>Lijia (Altin)</Text>
    </Row>
    <Row Tag="LOC_PROJECT_LIJIA_GOLD_DESCRIPTION">
      <Text>Her turda bu sehrin üretiminin %100'üne esit [ICON_Gold] Altin saglayan proje.</Text>
    </Row>
    <Row Tag="LOC_AGENDA_YINDING_NAME">
      <Text>Yinding</Text>
    </Row>
    <Row Tag="LOC_AGENDA_YINDING_DESCRIPTION">
      <Text>Tur basina pozitif geliri olan uygarliklari sever, tur basina negatif geliri olan uygarliklari sevmez.</Text>
    </Row>
    <Row Tag="LOC_DIPLO_MODIFIER_DESCRIPTION_POSITIVE_INCOME">
      <Text>Pozitif gelirinizden memnunlar</Text>
    </Row>
    <Row Tag="LOC_DIPLO_MODIFIER_DESCRIPTION_NEGATIVE_INCOME">
      <Text>Negatif gelirinizden dolayi üzgün</Text>
    </Row>
    <!-- Diplo VO -->
    <Row Tag="LOC_DIPLO_FIRST_MEET_LEADER_YONGLE_ANY">
      <Text>Ben Yongle Imparatoruyum, ticaret gemilerini bana dogru yönlendirenlerin dostu, bana karsi çikanlarin ise korkulu rüyasiyim.</Text>
    </Row>
    <Row Tag="LOC_DIPLO_DECLARE_WAR_FROM_HUMAN_LEADER_YONGLE_ANY">
      <Text>Cennetin kendisini fethetmeye de çalisabilirsin. Oklarinin ne kadar yüksege uçtugunu görelim.</Text>
    </Row>
    <Row Tag="LOC_DIPLO_DECLARE_WAR_FROM_AI_LEADER_YONGLE_ANY">
      <Text>Silah yoluyla fetih hiçbir zaman amacim olmadi, ancak artik baska bir alternatifin olmadigi bir noktaya geldik.</Text>
    </Row>
    <Row Tag="LOC_DIPLO_KUDO_EXIT_LEADER_YONGLE_ANY">
      <Text>Sadece sunacak bir seyleri olanlarla anlasma yapariz. Mesela senin gibi.</Text>
    </Row>
    <Row Tag="LOC_DIPLO_WARNING_EXIT_LEADER_YONGLE_ANY">
      <Text>Öküz sürücüsünden krala kadar zenginligi aramaliyiz.</Text>
    </Row>
    <Row Tag="LOC_DIPLO_DEFEAT_FROM_AI_LEADER_YONGLE_ANY">
      <Text>Önümdeki yol karanlik, etrafimdaki çamlar da simsiyah. Yukarida gökyüzünü, asagida da yeryüzünü göremiyorum.</Text>
    </Row>
    <!-- Diplo Text -->
    <Row Tag="LOC_DIPLO_ACCEPT_DECLARE_FRIEND_FROM_HUMAN_LEADER_YONGLE_ANY">
      <Text>Bizim örnegimizden ders almaniz dilegiyle.</Text>
    </Row>
    <Row Tag="LOC_DIPLO_REJECT_DECLARE_FRIEND_FROM_HUMAN_LEADER_YONGLE_ANY">
      <Text>Bir arkadas esittir. Sen degilsin.</Text>
    </Row>
    <Row Tag="LOC_DIPLO_DECLARE_FRIEND_FROM_AI_LEADER_YONGLE_ANY">
      <Text>Benzer düsünen insanlardan olusan bir koalisyon kuruyoruz. Katilmak ister misiniz?</Text>
    </Row>
    <Row Tag="LOC_DIPLO_ACCEPT_DECLARE_FRIEND_FROM_AI_LEADER_YONGLE_ANY">
      <Text>Her ikisi de yararlansin</Text>
    </Row>
    <Row Tag="LOC_DIPLO_REJECT_DECLARE_FRIEND_FROM_AI_LEADER_YONGLE_ANY">
      <Text>Böyle bir seyi kabul edemeyiz.</Text>
    </Row>
    <Row Tag="LOC_DIPLO_ACCEPT_DELEGATION_FROM_HUMAN_LEADER_YONGLE_ANY">
      <Text>Halkinizi iyi yönetisim, nezaket ve incelik konularinda egitmek için elimizden geleni yaptik. Basarili oldugumuzdan emin degilim.</Text>
    </Row>
    <Row Tag="LOC_DIPLO_REJECT_DELEGATION_FROM_HUMAN_LEADER_YONGLE_ANY">
      <Text>Bunlardan bazilarina zaten sahibiz.</Text>
    </Row>
    <Row Tag="LOC_DIPLO_DELEGATION_FROM_AI_LEADER_YONGLE_ANY">
      <Text>Ipek ve porselen, çay ve kumas - Cin imparatorlugunun can damari.</Text>
    </Row>
    <Row Tag="LOC_DIPLO_DENOUNCE_FROM_HUMAN_LEADER_YONGLE_ANY">
      <Text>Köpek havlamalari.</Text>
    </Row>
    <Row Tag="LOC_DIPLO_DENOUNCE_FROM_AI_LEADER_YONGLE_ANY">
      <Text>Size kötülükten kaçinmanizi defalarca söyledim. Yakinda söylemekten yorulacagim.</Text>
    </Row>
    <Row Tag="LOC_DIPLO_FIRST_MEET_VISIT_RECIPIENT_LEADER_YONGLE_ANY">
      <Text>Gelin ve Yüce Uyum Salonunu görün ve düsüncelerinizin durulmasina izin verin.</Text>
    </Row>
    <Row Tag="LOC_DIPLO_FIRST_MEET_NEAR_INITIATOR_POSITIVE_LEADER_YONGLE_ANY">
      <Text>Cennet bunun için var.</Text>
    </Row>
    <Row Tag="LOC_DIPLO_FIRST_MEET_NO_MANS_INFO_EXCHANGE_LEADER_YONGLE_ANY">
      <Text>Biz dünyanin bilgisini ariyoruz. Dünyanin merkezine dogru çekiliyorsunuz.</Text>
    </Row>
    <Row Tag="LOC_DIPLO_GREETING_LEADER_YONGLE_ANY">
      <Text>Cagrildim - ne oldu?</Text>
    </Row>
    <Row Tag="LOC_DIPLO_MAKE_ALLIANCE_FROM_AI_LEADER_YONGLE_ANY">
      <Text>Ming ile bir olmak, Cin ile bir olmak - bundan daha büyük ne olabilir?</Text>
    </Row>
    <Row Tag="LOC_DIPLO_MAKE_PEACE_AI_ACCEPT_DEAL_LEADER_YONGLE_ANY">
      <Text>Yeryüzünde baris oldugunda, göklerde de baris olacaktir.</Text>
    </Row>
    <Row Tag="LOC_DIPLO_MAKE_PEACE_AI_REFUSE_DEAL_LEADER_YONGLE_ANY">
      <Text>Her seyin merkezinin iradesine direnmeye devam ediyorsunuz.</Text>
    </Row>
    <Row Tag="LOC_DIPLO_MAKE_PEACE_FROM_AI_LEADER_YONGLE_ANY">
      <Text>Savas sadece dul birakir. Elbette daha kârli mesgaleler vardir.</Text>
    </Row>
    <Row Tag="LOC_DIPLO_ACCEPT_OPEN_BORDERS_FROM_HUMAN_LEADER_YONGLE_ANY">
      <Text>Dünya açik, birakin dolasalim.</Text>
    </Row>
    <Row Tag="LOC_DIPLO_REJECT_OPEN_BORDERS_FROM_HUMAN_LEADER_YONGLE_ANY">
      <Text>Girmek için iznimize ihtiyaciniz var ve biz izin vermiyoruz.</Text>
    </Row>
    <Row Tag="LOC_DIPLO_OPEN_BORDERS_FROM_AI_LEADER_YONGLE_ANY">
      <Text>Topraklariniza erismek isteyen ticaret filolarimiz ve tüccar kervanlarimiz var.</Text>
    </Row>
    <Row Tag="LOC_DIPLO_WARNING_TOO_MANY_TROOPS_NEAR_ME_LEADER_YONGLE_ANY">
      <Text>Sinirlarimizdaki barbar ordulariyla nasil basa çikacagimizi iyi biliyoruz.</Text>
    </Row>
    <Row Tag="LOC_DIPLO_REJECT_MAKE_DEAL_FROM_AI_LEADER_YONGLE_ANY">
      <Text>Bunu dinlemek için tahtimdan mi kalktim?</Text>
    </Row>
    <Row Tag="LOC_DIPLO_ACCEPT_MAKE_DEAL_FROM_AI_LEADER_YONGLE_ANY">
      <Text>Herkes hemfikir oldugunda ticaret o kadar da zor degildir.</Text>
    </Row>
    <Row Tag="LOC_DIPLO_KUDO_LEADER_ANY_REASON_AGENDA_POSITIVE_INCOME">
      <Text>(Tur basina pozitif geliriniz var.)</Text>
    </Row>
    <Row Tag="LOC_DIPLO_WARNING_LEADER_ANY_REASON_AGENDA_NEGATIVE_INCOME">
      <Text>(Tur basina negatif geliriniz var.)</Text>
    </Row>
    <!--Wu Zetian-->
    <Row Tag="LOC_CITY_NAME_SHEN_DU">
      <Text>Shendu</Text>
    </Row>
    <Row Tag="LOC_AGENDA_COURT_INTRIGUE_NAME">
      <Text>Saray Entrikasi</Text>
    </Row>
    <Row Tag="LOC_AGENDA_COURT_INTRIGUE_DESCRIPTION">
      <Text>Tehdit olusturmayan uygarliklari sever. Güçlü ordulari veya yakin sehirleri olan uygarliklardan hoslanmaz.</Text>
    </Row>
    <!-- Diplo VO -->
    <Row Tag="LOC_DIPLO_FIRST_MEET_LEADER_WU_ZETIAN_ANY">
      <Text>Ben Wu Zetian, Cin'in en korkulan ve sevilen Imparatoriçesiyim. Cin'deki tek Imparatoriçe.</Text>
    </Row>
    <Row Tag="LOC_DIPLO_DECLARE_WAR_FROM_HUMAN_LEADER_WU_ZETIAN_ANY">
      <Text>Etrafta kiliç sallayan ve bagiran bir grup adam geliyor. Yoksa bu karmasaya "sanat" mi demem gerekiyor?</Text>
    </Row>
    <Row Tag="LOC_DIPLO_DECLARE_WAR_FROM_AI_LEADER_WU_ZETIAN_ANY">
      <Text>Canim, gitme zamanin geldi.</Text>
    </Row>
    <Row Tag="LOC_DIPLO_KUDO_EXIT_LEADER_WU_ZETIAN_ANY">
      <Text>Benim için çok rahatlatici oldun. Hadimlarim kadar sadiksin.</Text>
    </Row>
    <Row Tag="LOC_DIPLO_WARNING_EXIT_LEADER_WU_ZETIAN_ANY">
      <Text>Buraya komplo kurmak için mi geldigimi saniyorsunuz? Komplo kuran benim!</Text>
    </Row>
    <Row Tag="LOC_DIPLO_DEFEAT_FROM_AI_LEADER_WU_ZETIAN_ANY">
      <Text>Lütfen... Eminim bir seyler ayarlayabiliriz. Bu son olmak zorunda degil... degil mi?</Text>
    </Row>
    <!-- Diplo Text -->
    <Row Tag="LOC_DIPLO_ACCEPT_DECLARE_FRIEND_FROM_HUMAN_LEADER_WU_ZETIAN_ANY">
      <Text>Harika. Sana kendi çocugummussun gibi davranacagim.</Text>
    </Row>
    <Row Tag="LOC_DIPLO_REJECT_DECLARE_FRIEND_FROM_HUMAN_LEADER_WU_ZETIAN_ANY">
      <Text>Korkarim bir sürü hayranim var.</Text>
    </Row>
    <Row Tag="LOC_DIPLO_DECLARE_FRIEND_FROM_AI_LEADER_WU_ZETIAN_ANY">
      <Text>Seni daha iyi tanimak isterim.</Text>
    </Row>
    <Row Tag="LOC_DIPLO_ACCEPT_DECLARE_FRIEND_FROM_AI_LEADER_WU_ZETIAN_ANY">
      <Text>Arkadaslar, hirsimizin merdivenlerini tirmanma seklimizdir.</Text>
    </Row>
    <Row Tag="LOC_DIPLO_REJECT_DECLARE_FRIEND_FROM_AI_LEADER_WU_ZETIAN_ANY">
      <Text>Seninle is birligi yapmak bana bir sey kazandirmaz.</Text>
    </Row>
    <Row Tag="LOC_DIPLO_ACCEPT_DELEGATION_FROM_HUMAN_LEADER_WU_ZETIAN_ANY">
      <Text>Neredeyse tüm delegasyonunuz bozulmadan geri döndü!</Text>
    </Row>
    <Row Tag="LOC_DIPLO_REJECT_DELEGATION_FROM_HUMAN_LEADER_WU_ZETIAN_ANY">
      <Text>Bu Han Hanedanligi döneminde ilginç olabilirdi. Korkarim artik güncelligini yitirdi.</Text>
    </Row>
    <Row Tag="LOC_DIPLO_DELEGATION_FROM_AI_LEADER_WU_ZETIAN_ANY">
      <Text>Size yesim tasindan oyulmus atlar, Cin'in tüm bölgelerinden dansçilar ve her zaman oldugu gibi dokuma tezgâhlarimizin ürettigi en iyi ipeklileri gönderiyorum.</Text>
    </Row>
    <Row Tag="LOC_DIPLO_DENOUNCE_FROM_HUMAN_LEADER_WU_ZETIAN_ANY">
      <Text>Sözleriniz keskin. Diger seyler daha keskin.</Text>
    </Row>
    <Row Tag="LOC_DIPLO_DENOUNCE_FROM_AI_LEADER_WU_ZETIAN_ANY">
      <Text>Uzun bir düsman listem var. Sen de o listedesin. (Seni Ihbar Ediyor)</Text>
    </Row>
    <Row Tag="LOC_DIPLO_FIRST_MEET_VISIT_RECIPIENT_LEADER_WU_ZETIAN_ANY">
      <Text>Baskentimizin tarih katmanlari var, sanat tozun topragin içine yerlesmis. Görmek ister misiniz?</Text>
    </Row>
    <Row Tag="LOC_DIPLO_FIRST_MEET_NEAR_INITIATOR_POSITIVE_LEADER_WU_ZETIAN_ANY">
      <Text>Tabii ki.</Text>
    </Row>
    <Row Tag="LOC_DIPLO_FIRST_MEET_NO_MANS_INFO_EXCHANGE_LEADER_WU_ZETIAN_ANY">
      <Text>Tüm yollar buraya, Zhou Imparatorlugu'na çikiyor.</Text>
    </Row>
    <Row Tag="LOC_DIPLO_GREETING_LEADER_WU_ZETIAN_ANY">
      <Text>Lütfen oturun. Biraz çay alin. Hayir, o fincandan degil. Bunu sadece sizin için yaptim.</Text>
    </Row>
    <Row Tag="LOC_DIPLO_MAKE_ALLIANCE_FROM_AI_LEADER_WU_ZETIAN_ANY">
      <Text>Arkadaslarinizi yakin tutun ve --- yani. Arkadaslarimizi yakin tutalim.</Text>
    </Row>
    <Row Tag="LOC_DIPLO_MAKE_PEACE_AI_ACCEPT_DEAL_LEADER_WU_ZETIAN_ANY">
      <Text>Bagiris çagiris olmadan ölüm çok daha keyifli.</Text>
    </Row>
    <Row Tag="LOC_DIPLO_MAKE_PEACE_AI_REFUSE_DEAL_LEADER_WU_ZETIAN_ANY">
      <Text>Dünya sahnesindeki yükselisimi durduracak misin? Sanmiyorum.</Text>
    </Row>
    <Row Tag="LOC_DIPLO_MAKE_PEACE_FROM_AI_LEADER_WU_ZETIAN_ANY">
      <Text>Bu savas ilham vermeyi birakti.</Text>
    </Row>
    <Row Tag="LOC_DIPLO_ACCEPT_OPEN_BORDERS_FROM_HUMAN_LEADER_WU_ZETIAN_ANY">
      <Text>Saklayacak bir seyimiz yok.</Text>
    </Row>
    <Row Tag="LOC_DIPLO_REJECT_OPEN_BORDERS_FROM_HUMAN_LEADER_WU_ZETIAN_ANY">
      <Text>Hayir. Yasak olanin gizemli bir yönü vardir, degil mi?</Text>
    </Row>
    <Row Tag="LOC_DIPLO_OPEN_BORDERS_FROM_AI_LEADER_WU_ZETIAN_ANY">
      <Text>Birbirimizi daha iyi taniyabilmemiz için ikimizin de topraklarinin genisligini ölçelim.</Text>
    </Row>
    <Row Tag="LOC_DIPLO_WARNING_TOO_MANY_TROOPS_NEAR_ME_LEADER_WU_ZETIAN_ANY">
      <Text>Buradaki varligin hiç hos degil.</Text>
    </Row>
    <Row Tag="LOC_DIPLO_REJECT_MAKE_DEAL_FROM_AI_LEADER_WU_ZETIAN_ANY">
      <Text>Verebilecegin daha çok sey var.</Text>
    </Row>
    <Row Tag="LOC_DIPLO_ACCEPT_MAKE_DEAL_FROM_AI_LEADER_WU_ZETIAN_ANY">
      <Text>Iyi bir anlasma gördügümde anlarim.</Text>
    </Row>
    <!-- Qin Alt-->
    <Row Tag="LOC_AGENDA_SIHAI_NAME">
      <Text>Sihai</Text>
    </Row>
    <Row Tag="LOC_AGENDA_SIHAI_DESCRIPTION">
      <Text>Tüm Barbarlarin kendi tarafini tutmasini ister. Barbar Karakollarini yok eden uygarliklari sevmez.</Text>
    </Row>
    <Row Tag="LOC_ABILITY_QIN_MELEE_UNITS_DESCRIPTION">
      <Text>Bu birim, bitisik Barbarlari kendi tarafiniza çevirmek için bir eylem kullanabilir, ancak bu birimi kaldirir. (Qin (Birlestirici))</Text>
    </Row>
    <Row Tag="LOC_DIPLO_MODIFIER_DESCRIPTION_SIHAI_ATTACKS_BARBARIANS">
      <Text>Barbar Karakollarini temizlediginiz için hayal kirikligina ugradi</Text>
    </Row>
    <Row Tag="LOC_DIPLO_MODIFIER_DESCRIPTION_SIHAI_IGNORES_BARBARIANS">
      <Text>Barbar Karakollarini temizlemediginizi görmekten memnunlar</Text>
    </Row>
    <Row Tag="LOC_DIPLO_ACCEPT_DECLARE_FRIEND_FROM_HUMAN_LEADER_QIN_ALT_ANY">
      <Text>{LOC_DIPLO_ACCEPT_DECLARE_FRIEND_FROM_HUMAN_LEADER_QIN_ANY}</Text>
    </Row>
    <Row Tag="LOC_DIPLO_REJECT_DECLARE_FRIEND_FROM_HUMAN_LEADER_QIN_ALT_ANY">
      <Text>{LOC_DIPLO_REJECT_DECLARE_FRIEND_FROM_HUMAN_LEADER_QIN_ANY}</Text>
    </Row>
    <Row Tag="LOC_DIPLO_DECLARE_FRIEND_FROM_AI_LEADER_QIN_ALT_ANY">
      <Text>{LOC_DIPLO_DECLARE_FRIEND_FROM_AI_LEADER_QIN_ANY}</Text>
    </Row>
    <Row Tag="LOC_DIPLO_ACCEPT_DECLARE_FRIEND_FROM_AI_LEADER_QIN_ALT_ANY">
      <Text>{LOC_DIPLO_ACCEPT_DECLARE_FRIEND_FROM_AI_LEADER_QIN_ANY}</Text>
    </Row>
    <Row Tag="LOC_DIPLO_REJECT_DECLARE_FRIEND_FROM_AI_LEADER_QIN_ALT_ANY">
      <Text>{LOC_DIPLO_REJECT_DECLARE_FRIEND_FROM_AI_LEADER_QIN_ANY}</Text>
    </Row>
    <Row Tag="LOC_DIPLO_DECLARE_WAR_FROM_HUMAN_LEADER_QIN_ALT_ANY">
      <Text>{LOC_DIPLO_DECLARE_WAR_FROM_HUMAN_LEADER_QIN_ANY}</Text>
    </Row>
    <Row Tag="LOC_DIPLO_DECLARE_WAR_FROM_AI_LEADER_QIN_ALT_ANY">
      <Text>{LOC_DIPLO_DECLARE_WAR_FROM_AI_LEADER_QIN_ANY}</Text>
    </Row>
    <Row Tag="LOC_DIPLO_DEFEAT_FROM_AI_LEADER_QIN_ALT_ANY">
      <Text>{LOC_DIPLO_DEFEAT_FROM_AI_LEADER_QIN_ANY}</Text>
    </Row>
    <Row Tag="LOC_DIPLO_ACCEPT_DELEGATION_FROM_HUMAN_LEADER_QIN_ALT_ANY">
      <Text>{LOC_DIPLO_ACCEPT_DELEGATION_FROM_HUMAN_LEADER_QIN_ANY}</Text>
    </Row>
    <Row Tag="LOC_DIPLO_REJECT_DELEGATION_FROM_HUMAN_LEADER_QIN_ALT_ANY">
      <Text>{LOC_DIPLO_REJECT_DELEGATION_FROM_HUMAN_LEADER_QIN_ANY}</Text>
    </Row>
    <Row Tag="LOC_DIPLO_DELEGATION_FROM_AI_LEADER_QIN_ALT_ANY">
      <Text>{LOC_DIPLO_DELEGATION_FROM_AI_LEADER_QIN_ANY}</Text>
    </Row>
    <Row Tag="LOC_DIPLO_DENOUNCE_FROM_HUMAN_LEADER_QIN_ALT_ANY">
      <Text>{LOC_DIPLO_DENOUNCE_FROM_HUMAN_LEADER_QIN_ANY}</Text>
    </Row>
    <Row Tag="LOC_DIPLO_DENOUNCE_FROM_AI_LEADER_QIN_ALT_ANY">
      <Text>{LOC_DIPLO_DENOUNCE_FROM_AI_LEADER_QIN_ANY}</Text>
    </Row>
    <Row Tag="LOC_DIPLO_FIRST_MEET_LEADER_QIN_ALT_ANY">
      <Text>{LOC_DIPLO_FIRST_MEET_LEADER_QIN_ANY}</Text>
    </Row>
    <Row Tag="LOC_DIPLO_FIRST_MEET_VISIT_RECIPIENT_LEADER_QIN_ALT_ANY">
      <Text>{LOC_DIPLO_FIRST_MEET_VISIT_RECIPIENT_LEADER_QIN_ANY}</Text>
    </Row>
    <Row Tag="LOC_DIPLO_FIRST_MEET_NEAR_INITIATOR_POSITIVE_LEADER_QIN_ALT_ANY">
      <Text>{LOC_DIPLO_FIRST_MEET_NEAR_INITIATOR_POSITIVE_LEADER_QIN_ANY}</Text>
    </Row>
    <Row Tag="LOC_DIPLO_FIRST_MEET_NO_MANS_INFO_EXCHANGE_LEADER_QIN_ALT_ANY">
      <Text>{LOC_DIPLO_FIRST_MEET_NO_MANS_INFO_EXCHANGE_LEADER_QIN_ANY}</Text>
    </Row>
    <Row Tag="LOC_DIPLO_GREETING_LEADER_QIN_ALT_ANY">
      <Text>{LOC_DIPLO_GREETING_LEADER_QIN_ANY}</Text>
    </Row>
    <Row Tag="LOC_DIPLO_KUDO_EXIT_LEADER_QIN_ALT_ANY">
      <Text>Tipki meyve vermeden önce topragi isledigimiz gibi, bize katilabilsinler diye daha küçük halklari da isliyoruz.</Text>
    </Row>
    <Row Tag="LOC_DIPLO_WARNING_EXIT_LEADER_QIN_ALT_ANY">
      <Text>Tüm oldugun bu mu, vahsi halkin katili mi?</Text>
    </Row>
    <Row Tag="LOC_DIPLO_MAKE_ALLIANCE_FROM_AI_LEADER_QIN_ALT_ANY">
      <Text>{LOC_DIPLO_MAKE_ALLIANCE_FROM_AI_LEADER_QIN_ANY}</Text>
    </Row>
    <Row Tag="LOC_DIPLO_MAKE_PEACE_AI_ACCEPT_DEAL_LEADER_QIN_ALT_ANY">
      <Text>{LOC_DIPLO_MAKE_PEACE_AI_ACCEPT_DEAL_LEADER_QIN_ANY}</Text>
    </Row>
    <Row Tag="LOC_DIPLO_MAKE_PEACE_AI_REFUSE_DEAL_LEADER_QIN_ALT_ANY">
      <Text>{LOC_DIPLO_MAKE_PEACE_AI_REFUSE_DEAL_LEADER_QIN_ANY}</Text>
    </Row>
    <Row Tag="LOC_DIPLO_MAKE_PEACE_FROM_AI_LEADER_QIN_ALT_ANY">
      <Text>{LOC_DIPLO_MAKE_PEACE_FROM_AI_LEADER_QIN_ANY}</Text>
    </Row>
    <Row Tag="LOC_DIPLO_ACCEPT_OPEN_BORDERS_FROM_HUMAN_LEADER_QIN_ALT_ANY">
      <Text>{LOC_DIPLO_ACCEPT_OPEN_BORDERS_FROM_HUMAN_LEADER_QIN_ANY}</Text>
    </Row>
    <Row Tag="LOC_DIPLO_REJECT_OPEN_BORDERS_FROM_HUMAN_LEADER_QIN_ALT_ANY">
      <Text>{LOC_DIPLO_REJECT_OPEN_BORDERS_FROM_HUMAN_LEADER_QIN_ANY}</Text>
    </Row>
    <Row Tag="LOC_DIPLO_OPEN_BORDERS_FROM_AI_LEADER_QIN_ALT_ANY">
      <Text>{LOC_DIPLO_OPEN_BORDERS_FROM_AI_LEADER_QIN_ANY}</Text>
    </Row>
    <Row Tag="LOC_DIPLO_WARNING_TOO_MANY_TROOPS_NEAR_ME_LEADER_QIN_ALT_ANY">
      <Text>{LOC_DIPLO_WARNING_TOO_MANY_TROOPS_NEAR_ME_LEADER_QIN_ANY}</Text>
    </Row>
    <Row Tag="LOC_DIPLO_ACCEPT_MAKE_DEAL_FROM_AI_LEADER_QIN_ALT_ANY">
      <Text>{LOC_DIPLO_ACCEPT_DECLARE_FRIEND_FROM_AI_LEADER_QIN_ANY}</Text>
    </Row>
    <Row Tag="LOC_DIPLO_REJECT_MAKE_DEAL_FROM_AI_LEADER_QIN_ALT_ANY">
      <Text>{LOC_DIPLO_REJECT_DECLARE_FRIEND_FROM_AI_LEADER_QIN_ANY}</Text>
    </Row>
    <Row Tag="LOC_DIPLO_WARNING_LEADER_ANY_REASON_AGENDA_ATTACKS_BARBARIANS">
      <Text>(Bir Barbar Kampina saldirdiniz.)</Text>
    </Row>
    <Row Tag="LOC_DIPLO_KUDOS_LEADER_ANY_REASON_AGENDA_IGNORES_BARBARIANS">
      <Text>(Barbar Kamplarini temizlemeyi göz ardi ettiniz.)</Text>
    </Row>
  </EnglishText>
</GameData>