﻿<?xml version="1.0" encoding="utf-8" standalone="yes"?>
<GameData xmlns:xsi="http://www.w3.org/2001/XMLSchema-instance">
  <BaseGameText>
    <!-- Leaders -->
    <Row Tag="LOC_PEDIA_LEADERS_PAGE_LEADER_RADZIWILL_CHAPTER_HISTORY_PARA_1">
      <Text>Litvanyalı bir soylu ve koyu bir Kalvinist olan Siyah Mikołaj her zaman hırslı olmuştur. Kuzeni Barbara'nın Polonya Kralı Sigismund II ile olan ilişkisinden kişisel servetini yükseltmek için yararlanır. Kuzeni Kızıl Mikołaj ile kurduğu ittifak, ailesinin Litvanya soyluları arasındaki nüfuzunu daha da artırmıştır.</Text>
    </Row>
    <Row Tag="LOC_PEDIA_LEADERS_PAGE_LEADER_RADZIWILL_CHAPTER_HISTORY_PARA_2">
      <Text>Mikołaj'ın Polonya ve Litvanya ile ilişkisi hakkındaki görüşleri karmaşıktır. Litvanya'nın egemenliğini ve resmileşmiş bir Lehistan-Litvanya birliğini şiddetle savunmasına rağmen, Litvanyalı soydaşlarını Polonya kültürünü benimsemeye çağırır. Belki de ortak bir dil, birliğe karşı daha güçlü bir şekilde savunmalarını sağlayacaktır.</Text>
    </Row>
    <Row Tag="LOC_PEDIA_LEADERS_PAGE_LEADER_RADZIWILL_CHAPTER_HISTORY_PARA_3">
      <Text>Litvanya'nın bağımsızlığı konusundaki duygularına rağmen, Polonya ve Litvanya halklarına yönelik birçok tehdide karşı kararlılığından şüphe yoktur. Litvanya'nın Büyük Şansölyesi olarak, ister kalem darbesi ister mızrak darbesi olsun, ulusunun düşmanlarını engellemek için tüm araçlara güvenecektir.</Text>
    </Row>
    <Row Tag="LOC_PEDIA_LEADERS_PAGE_LEADER_POTOCKI_CHAPTER_HISTORY_PARA_1">
      <Text>Polonya'nın gururlu oğlu Stanislaw "Rewera" Potocki ilk çatışmasına 18 yaşında katıldı. Polonyalı isyancılara karşı kendini yeterince iyi ifade ederek savaşmaya karşı bir sevgi kazandı ve o zamandan beri hayatının büyük bir kısmını savaş alanında geçirdi.</Text>
    </Row>
    <Row Tag="LOC_PEDIA_LEADERS_PAGE_LEADER_POTOCKI_CHAPTER_HISTORY_PARA_2">
      <Text>Stanislaw çok sayıda unvan almış olsa da, onun için gerçekten önemli olan tek unvan, Polonya kuvvetlerinin başkomutanı olan Büyük Taç Hetman'dır. Gerçekten de kariyeri, Polonya-Litvanya Milletler Topluluğu adına bir dizi önemli askeri angajmanla geçmiştir. En önemlisi, Stanislaw, İsveç ve Rus kuvvetlerinin Commonwealth'i işgal ettiği İsveç Tufanı'na karşı savunma yapmıştır.</Text>
    </Row>
    <Row Tag="LOC_PEDIA_LEADERS_PAGE_LEADER_POTOCKI_CHAPTER_HISTORY_PARA_3">
      <Text>Stanislaw'ın yanında hemen fark edileceği üzere, kendini beğenmişliğe karşı bir eğilimi vardır. Lakabını Latince "aslında" anlamına gelen "re vera" kelimesini oldukça çekilmez bir şekilde kullanmasından almıştır. Aslında bu lakaptan memnun olduğunu size ilk söyleyen kendisi olacaktır.</Text>
    </Row>
    <Row Tag="LOC_PEDIA_LEADERS_PAGE_LEADER_OSTROGSKI_CHAPTER_HISTORY_PARA_1">
      <Text>Hiçbir kelime Konstanty Ostrogski'nin karakterini bağlılıktan daha iyi ortaya koyamaz. Polonya-Litvanya Birliği'ne kesinlikle - Polonya Kralı I. John'un emrindeki yetenekli komutanlığı ona Büyük Hetman unvanını kazandırdı, bunu yapan ilk kişi oldu. Anavatanına, kesinlikle Volhynian soyundan geliyordu, birçok başarısına rağmen köklerini asla unutmadı.</Text>
    </Row>
    <Row Tag="LOC_PEDIA_LEADERS_PAGE_LEADER_OSTROGSKI_CHAPTER_HISTORY_PARA_2">
      <Text>Ama en önemlisi, Ortodoks Kilisesi'ne olan inancıdır. Kişisel servetini Ortodoks kiliseleri ve okulları inşa etmek için harcıyor ve kendisi de oldukça dindar. Katolik Polonya ve Litvanya için garip bir durum.</Text>
    </Row>
    <Row Tag="LOC_PEDIA_LEADERS_PAGE_LEADER_OSTROGSKI_CHAPTER_HISTORY_PARA_3">
      <Text>Yine de Konstanty'nin bağlılığı onu öylesine tanımlar ki çok az kişi sadakatini sorgulayabilir. Tatar, Moskof ya da Osmanlı fark etmez; Büyük Hetman onların ilerleyişini kıracak, kalelerini kuşatacak ve kuvvetlerini ayrıntılı bir şekilde yok edecektir. O, çekici kıran örstür.</Text>
    </Row>
    <!-- Civilizations-->
    <Row Tag="LOC_PEDIA_CIVILIZATIONS_PAGE_CIVILIZATION_RADZIWILL_CHAPTER_HISTORY_PARA_1">
      <Text>Litvanyalı soylular uzun zamandır Büyük Dükalık'ın servetinin ayrılmaz bir parçası olmuştur. Bu gururlu torunların, bazen Polonyalı müttefiklerinin zararına da olsa, Litvanya'nın kaygılarını yürekten önemsediklerine güvenebiliriz.</Text>
    </Row>
    <Row Tag="LOC_PEDIA_CIVILIZATIONS_PAGE_CIVILIZATION_RADZIWILL_CHAPTER_HISTORY_PARA_2">
      <Text>Bu, Litvanyalı soyluların Polonya-Litvanya refahını savunmak için sözde hizmet ettikleri anlamına gelmiyor; tam tersine. Büyük Dükalık'tan önemli sayıda asker getirirler ve onları Polonya Krallığı'nın hizmetine sunmakta gecikmezler. Bununla birlikte, aile gururu hırsla karışabilir ve kendi çıkarları ile Litvanya'nın çıkarlarının bir ve aynı olduğuna inanmalarına yol açabilir.</Text>
    </Row>
    <Row Tag="LOC_PEDIA_CIVILIZATIONS_PAGE_CIVILIZATION_POTOCKI_CHAPTER_HISTORY_PARA_1">
      <Text>Uzun ömürlü Polonyalı soylular genellikle mütevazı başlangıçlara sahiptir, ancak Polonya'nın yıldızının yükselişi, varlıklarını genişletmelerine ve Kraliyete olan bağlılıklarını defalarca kanıtlamalarına olanak sağlamıştır. Prestij kazandıkça aileler de servetlerine servet katıyor.</Text>
    </Row>
    <Row Tag="LOC_PEDIA_CIVILIZATIONS_PAGE_CIVILIZATION_POTOCKI_CHAPTER_HISTORY_PARA_2">
      <Text>Birkaç Polonyalı aileden daha fazlası asalet rütbesine yükseltilmiştir. Bahşedilen asalet tüyleri diken diken edebilir ancak imalı fısıltılara rağmen, bu tür ailelerin çoğu Kraliyet'in sadık savunucuları olduklarını kanıtlamışlardır. Mahkemedeki yaklaşımları da tıpkı savaştaki gibidir; rakibinizin gözünün içine bakın, ona manevra alanı bırakmayın ve asla geri adım atmayın.</Text>
    </Row>
    <Row Tag="LOC_PEDIA_CIVILIZATIONS_PAGE_CIVILIZATION_OSTROGSKI_CHAPTER_HISTORY_PARA_1">
      <Text>Volhynian aileleri Polonya-Litvanya Birliği'nde bir merak konusudur. Elbette sadıktırlar, ancak bazıları Katoliklik lehine Ortodoks Kilisesi'ne olan inançlarını terk etmeyi reddetmiştir.</Text>
    </Row>
    <Row Tag="LOC_PEDIA_CIVILIZATIONS_PAGE_CIVILIZATION_OSTROGSKI_CHAPTER_HISTORY_PARA_2">
      <Text>Birliğin gücü ve dini hoşgörüye ilişkin kodlanmış görüşleri böyledir. Birliğin davasını ilerlettikleri sürece istediklerini yapabilirler. Ve ilerlettiler de, bize karşı çıkan herkese doğrudan saldırdılar, sefer için gerektiğinde askerlerini, yemlerini ve hazinelerini kullanıma sundular. En iyileri ve en parlakları on binlerce Birlik askerine komuta ederek büyük başarılar elde ettiler.</Text>
    </Row>
    <Row Tag="LOC_PEDIA_CIVILIZATIONS_PAGE_CIVILIZATION_OSTROGSKI_CHAPTER_HISTORY_PARA_3">
      <Text>Bırakın istedikleri şekilde ibadet etsinler. Bunu yapmak onların davamıza olan dünyevi inançlarını güçlendirmeye hizmet ediyorsa, bu Birlik için daha faydalı olacaktır.</Text>
    </Row>
    <!-- City-States-->
    <Row Tag="LOC_PEDIA_CITYSTATES_PAGE_CIVILIZATION_GDANSK_CHAPTER_HISTORY_PARA_1">
      <Text>İyi bir nedenden ötürü Gdansk bağımsızlığından biraz daha fazlasını arzulamaktadır. Töton Şövalyelerinin (şehre "Danzig" adını vermekte ısrar eden) 150 yıllık istenmeyen yönetiminden sonra, Polonya Kralı Casimir IV, Gdansk'a Büyük Ayrıcalık'ı vererek özerkliğini yeniden teyit etti ve Polonya-Litvanya Birliği ile elverişli ticari ilişkiler sağladı. Artık Birlik pazarlarına ve Baltık'taki diğer Birlik şehirlerine ayrıcalıklı erişime sahip olan bir Hansa Birliği şehri için mükemmel bir haberdi.</Text>
    </Row>
    <Row Tag="LOC_PEDIA_CITYSTATES_PAGE_CIVILIZATION_GDANSK_CHAPTER_HISTORY_PARA_2">
      <Text>Gdansk için tüm iyi haberler -Töton Şövalyeleri istediklerini elde edip şehri kendi kontrollerine geri döndürmedikçe.</Text>
    </Row>
    <Row Tag="LOC_PEDIA_CITYSTATES_PAGE_CIVILIZATION_VIENNA_CHAPTER_HISTORY_PARA_1">
      <Text>Habsburglar Viyana'yı mahvetti. Bir zamanlar Kutsal Roma İmparatorluğu'nun en önemli şehri olan Viyana'da, bir dizi etkisiz imparator, bir zamanlar gelişen bu kültür ve ticaret merkezini, iki ucuna atlar bağlanmış bir arabaya indirgemiştir. Son olarak, öldürücü siyasi misillemeler şehri etkili bir hükümetten yoksun bıraktı.</Text>
    </Row>
    <Row Tag="LOC_PEDIA_CITYSTATES_PAGE_CIVILIZATION_VIENNA_CHAPTER_HISTORY_PARA_2">
      <Text>Osmanlı Türkleri izliyor ve bekliyorlar. Şimdiden Macaristan'ı ilhak ettiler ve Transilvanya'da bir vasal devlet kurdular. Viyana'nın surlarını kuşatma fırsatı çok yakında ellerine geçebilir. Viyana düşerse, sırada Polonya-Litvanya Birliği olabilir mi?</Text>
    </Row>
    <Row Tag="LOC_PEDIA_CITYSTATES_PAGE_CIVILIZATION_PRAGUE_CHAPTER_HISTORY_PARA_1">
      <Text>Rudolf II'nin sarayını tüccar şehri Prag'a taşımasından bu yana geçen kısa sürede, eksantrik Kutsal Roma İmparatoru şehri çoktan bir öğrenim ve kültür başkentine dönüştürdü. Rudolf II, simyacı John Dee, astronomlar Johannes Kepler ve Tycho Brahe ve ressam Giuseppe Arcimboldo gibi tanınmış şahsiyetlerin çalışmalarını finanse etmekten memnuniyet duyar.</Text>
    </Row>
    <Row Tag="LOC_PEDIA_CITYSTATES_PAGE_CIVILIZATION_PRAGUE_CHAPTER_HISTORY_PARA_2">
      <Text>Yine de Rudolf II'nin Osmanlı İmparatorluğu'na karşı bir Haçlı Seferi başlatmak gibi tuhaf fikirleri vardır. İki yüzyıl önce Bohemya Reformu'nun merkezi olan Prag'da bu konuda ısrar etmek, Rudolf II'nin evlat edindiği vatandaşlarının sabrını ciddi şekilde zorlayabilirdi.</Text>
    </Row>
    <!--Units-->
    <Row Tag="LOC_PEDIA_UNITS_PAGE_UNIT_OTTOMAN_JANISSARY_CHAPTER_HISTORY_PARA_1">
      <Text>Osmanlılar fethettikleri topraklardaki çocukları alıp yeniçeri dedikleri askerlere dönüştürüyorlar. Çocuklara nasıl konuşacaklarını, düşüneceklerini ve savaşacaklarını öğretiyorlar. Sonra onları daha fazla toprak fethetmeye, daha fazla çocuk almaya gönderiyorlar. Yeniçerilerin korkutucu ünü kısmen taşınabilir toplar da olabilen tüfeklerinden gelir. Avusturya'nın yumuşak karnına saplanan Osmanlı mızrağının ucu olacaklar.</Text>
    </Row>
    <Row Tag="LOC_PEDIA_UNITS_PAGE_UNIT_OTTOMAN_JANISSARY_CHAPTER_HISTORY_PARA_2">
      <Text>Viyana, Polonya'ya açılan kapıdır. Düşmemeli. Çocuklarımızın da aynı kaderi paylaşmasına izin veremeyiz.</Text>
    </Row>
    <Row Tag="LOC_PEDIA_UNITS_PAGE_UNIT_TEUTONIC_KNIGHT_CHAPTER_HISTORY_PARA_1">
      <Text>Avrupa'daki dini şövalyelik tarikatlarından biri olan Töton Şövalyeleri, Baltık bölgesindeki pagan kabilelere karşı Kuzey Haçlı Seferini yürütmüştür. Özellikle saldırganlıkları, uzlaşmazlıkları, zenginlikleri ve Haçlı tarikatlarının standartlarına göre bile sade yaşam tarzlarıyla dikkat çekmişlerdir.</Text>
    </Row>
    <Row Tag="LOC_PEDIA_UNITS_PAGE_UNIT_TEUTONIC_KNIGHT_CHAPTER_HISTORY_PARA_2">
      <Text>Töton Şövalyeleri böyle adamlardır. Bir Polonya kralı onların "şövalye tarikatını" Gdansk'ı kurtarmak için kiraladığında, bunu yaptılar ve sonra sadık Polonya halkını hayatlarından kurtardılar. Yeni Hıristiyan olmuş bir ulus olan Litvanya'ya karşı haçlı seferi düzenlerler. Sahip oldukları tek inanç maddesi paradır.</Text>
    </Row>
    <Row Tag="LOC_PEDIA_UNITS_PAGE_UNIT_TEUTONIC_KNIGHT_CHAPTER_HISTORY_PARA_3">
      <Text>Tanrı adına hareket ettiklerini mi iddia ediyorlar? O zaman onları Tanrı'ya gönderelim, iddialarını bizzat savunabilsinler.</Text>
    </Row>
    <Row Tag="LOC_PEDIA_UNITS_PAGE_UNIT_HORSE_ARCHER_CHAPTER_HISTORY_PARA_1">
      <Text>İnsanlarımızı Tatarlara kaptırmaya devam ediyoruz. O kadar çok kişiyi köle olarak alıyorlar ki -on binlercesini- sanki her yıl haritadan tüm kasabaları koparıyorlar. Atlı okçuları uzaktaki yerleşimlerimize yıldırım baskınları düzenliyor ve canlı ganimetleriyle geri dönüyorlar. Neredeyse eyer üzerinde büyüyen bu Tatarlar kendilerini Cengiz Han'ın varisleri olarak görüyorlar.</Text>
    </Row>
    <Row Tag="LOC_PEDIA_UNITS_PAGE_UNIT_HORSE_ARCHER_CHAPTER_HISTORY_PARA_2">
      <Text>Atlı okçular sınırlarımıza akın eder, devriyelerimizi taciz eder ve hanlıklarına çekilmeden önce milislerimizi oklarla doldururlar. Korktukları tek duvar mızraklardan yapılmış olanlardır.</Text>
    </Row>
    <!--Great People-->
    <Row Tag="LOC_PEDIA_GREATPEOPLE_PAGE_GREAT_PERSON_INDIVIDUAL_STANISLAW_SAMOSTRZELNIK_CHAPTER_HISTORY_PARA_1">
      <Text>Rönesans tarzında resim yapan Polonyalı bir keşiş olan Stanislaw Samostrzelnik, zengin tezhipleri ve renkli freskleriyle tanınır. 'Piskopos Piotr Tomicki'nin Portresi' altın ve yeşilin parlak bir kontrastıdır.</Text>
    </Row>
    <Row Tag="LOC_PEDIA_GREATPEOPLE_PAGE_GREAT_PERSON_INDIVIDUAL_STANISLAW_SAMOSTRZELNIK_CHAPTER_HISTORY_PARA_2">
      <Text>Renk körü olan biri için hiç fena değil.</Text>
    </Row>
    <Row Tag="LOC_PEDIA_GREATPEOPLE_PAGE_GREAT_PERSON_INDIVIDUAL_MARTIN_KOBER_CHAPTER_HISTORY_PARA_1">
      <Text>Yenilikçi sanatçı Martin Kober, Polonya-Litvanya Topluluğu'ndan Stephen Báthory ve Sigismund III'ün yanı sıra Kutsal Roma İmparatoru Rudolf II'nin saray ressamı olarak görev yapmıştır. Portre alanında uzmanlaşan Kober, gelecek nesillerin Kraliyet'in ihtişamını tanıyabilmesi için kraliyet mensuplarının benzerliklerini yakalıyor.</Text>
    </Row>
    <Row Tag="LOC_PEDIA_GREATPEOPLE_PAGE_GREAT_PERSON_INDIVIDUAL_BARTOLOMMEO_BERRECCI_CHAPTER_HISTORY_PARA_1">
      <Text>İtalyan mimar Bartolommeo Berrecci Polonya'ya kültürün ön saflarını getiriyor. Berrecci'yi topraklarımıza davet ettiği için Jan Łaski'ye teşekkür borçluyuz. Wawel Kalesi'ndeki kapsamlı çalışmaları arasında Sigismund Şapeli, Kraków'un tam ortasında İtalyan Rönesansı'nın muhteşem bir parçası olarak öne çıkıyor.</Text>
    </Row>
    <Row Tag="LOC_PEDIA_GREATPEOPLE_PAGE_GREAT_PERSON_INDIVIDUAL_ADAM_KOCHANSKI_CHAPTER_HISTORY_PARA_1">
      <Text>Adam Adamandy Kochański için matematikten daha büyük bir aşk yoktur - elbette Tanrı'dan başka, ama bir Cizvit için bunu söylemeye gerek yok. Pratik matematik söz konusu olduğunda da hiç yabancılık çekmemiş, devrim niteliğindeki saat tasarımlarıyla mekanik ustalığını ortaya koymuştur.</Text>
    </Row>
    <Row Tag="LOC_PEDIA_GREATPEOPLE_PAGE_GREAT_PERSON_INDIVIDUAL_KAZIMIERZ_SIEMIENOWICZ_CHAPTER_HISTORY_PARA_1">
      <Text>Polonya-Litvanyalı topçu generali Kazimierz Siemienowicz için savaş alanında patlayıcılarla çözülemeyecek hiçbir sorun yoktur. Siemienowicz'in 'Artis Magnae Artilleriae'si hakkında söyleyecek çok az şeyi olan çeşitli loncaların üzüntüsüne rağmen, roketçilik ve piroteknik üzerine düşünceleri tuhaf ama dönüştürücüdür.</Text>
    </Row>
    <Row Tag="LOC_PEDIA_GREATPEOPLE_PAGE_GREAT_PERSON_INDIVIDUAL_KRZYSZTOF_GRODZICKI_CHAPTER_HISTORY_PARA_1">
      <Text>Hollandalılar arasında eğitim görmüş Polonyalı bir topçu generali olan Krzysztof Grodzicki, kariyerinin büyük bölümünü toplarını İsveçliler ve Kazaklar üzerinde eğiterek geçirmiştir. Lviv'i İsveç Tufanı'na karşı başarıyla savunarak şehrin ele geçirilmesini engellemiştir ki bu, pahalıya mal olan savaştaki az sayıdaki zaferden biridir.</Text>
    </Row>
    <Row Tag="LOC_PEDIA_GREATPEOPLE_PAGE_GREAT_PERSON_INDIVIDUAL_SEBASTIANO_MONTELUPI_CHAPTER_HISTORY_PARA_1">
      <Text>Sebestiano Montelupi İtalyan doğumlu olmasına rağmen hayatının yarısından fazlasını Polonya'da geçirmiştir. Başarılı bir tüccar ve bankacı olan Montelupi, Polonya Kralı Stephen Báthory tarafından kraliyet posta genel müdürü yapıldı. Bu görevde Polonya-Litvanya Topluluğu'nun büyük şehirleri arasındaki teslimatları denetlemektedir.</Text>
    </Row>
    <Row Tag="LOC_PEDIA_GREATPEOPLE_PAGE_GREAT_PERSON_INDIVIDUAL_KONSTANTY_KORNIAKT_CHAPTER_HISTORY_PARA_1">
      <Text>Yunan Konstanty Korniakt hayatının erken dönemlerinde Polonya'ya gelmiş ve yetenekli bir tüccar olduğunu kanıtlamıştır. Ticareti uluslararası niteliktedir ve hatta Osmanlı İmparatorluğu ile güzergâhları güvence altına almayı başarmıştır. Sigismund II, Konstanty'nin zekâsına kraliyet geçiş ücretlerini kral adına toplayacak kadar güvenmektedir.</Text>
    </Row>
    <Row Tag="LOC_PEDIA_GREATPEOPLE_PAGE_GREAT_PERSON_INDIVIDUAL_NICOLAUS_COPERNICUS_CHAPTER_HISTORY_PARA_1">
      <Text>Astronom Nicolaus Copernicus tartışmalara yabancı değildir. Çünkü o, evrenin merkezinin dünya değil güneş olduğunu iddia etmektedir! Onun "güneş merkezli" teorileri, Katolik din adamları arasındaki ilgi olmasa -Papa Clement VII'nin kendisi de teorinin destekçileri arasındadır- tamamen saçma görünecektir.</Text>
    </Row>
    <Row Tag="LOC_PEDIA_GREATPEOPLE_PAGE_GREAT_PERSON_INDIVIDUAL_SENDIVOGIUS_CHAPTER_HISTORY_PARA_1">
      <Text>Simyacı Sendivogius kısa bir süre önce Prag'daki Rudolf II'nin sarayından bazı tuhaf ama umut verici fikirlerle geldi. Soluduğumuz havanın bir kase bigos gibi olduğunu ve yaşamı sürdürmek için malzemelerden yalnızca birinin gerekli olduğunu öne sürüyor. Kral Sigismund III'ün bu kadar ilgisini çekmeseydi, bu saçma olurdu.</Text>
    </Row>
    <Row Tag="LOC_PEDIA_GREATPEOPLE_PAGE_GREAT_PERSON_INDIVIDUAL_PIOTR_SKARGA_CHAPTER_HISTORY_PARA_1">
      <Text>Sözünü asla sakınmayan Cizvit Piotr Skarga'nın Polonya-Litvanya Milletler Topluluğu'nun siyaseti hakkında söyleyecek çok şeyi olduğu gibi Protestanlığın yayılmasına karşı Karşı Reformasyon hakkında da söyleyecek çok şeyi var. Onu ister bir bal kavanozu ister içinde yüzen bir sinek olarak görün, kimse onun kelimelerle olan yeteneğini sorgulayamaz.</Text>
    </Row>
    <Row Tag="LOC_PEDIA_GREATPEOPLE_PAGE_GREAT_PERSON_INDIVIDUAL_JAN_KOCHANOWSKI_CHAPTER_HISTORY_PARA_1">
      <Text>Rönesans şairi Jan Kochanowski yıllarını Sigismund II'nin sarayında geçirmiş olsa da, asıl ününü başkentten ayrılıp bir kır evine yerleştiğinde kazanmıştır. Yakın zamanda yaşadığı bir trajedi -küçük kızı Urszula'nın ölümü- onun onuruna unutulmaz bir dizi ağıt bestelemesine ilham verdi.</Text>
    </Row>
  </BaseGameText>
</GameData>