﻿<?xml version="1.0" encoding="utf-8"?>
<GameData>
  <EnglishText>
    <!-- Sejong-->
    <Row Tag="LOC_LEADER_SEJONG_NAME">
      <Text>Sejong</Text>
    </Row>
    <Row Tag="LOC_TRAIT_LEADER_SEJONG_NAME">
      <Text>Hangul</Text>
    </Row>
    <Row Tag="LOC_TRAIT_LEADER_SEJONG_DESCRIPTION">
      <Text>Yeni bir Çağdan ilk Teknolojinizi tamamladığınızda, her turda [ICON_SCIENCE] Biliminizin iki katını [ICON_CULTURE] Kültür olarak alırsınız.</Text>
    </Row>
    <!-- Ludwig II-->
    <Row Tag="LOC_LEADER_LUDWIG_NAME">
      <Text>Ludwig II</Text>
    </Row>
    <Row Tag="LOC_TRAIT_LEADER_LUDWIG_NAME">
      <Text>Kuğu Kral</Text>
    </Row>
    <Row Tag="LOC_TRAIT_LEADER_LUDWIG_DESCRIPTION">
      <Text>Harikalar, tamamlanmamış olsalar bile, her bitişik Bölge için +2 [ICON_CULTURE] Kültür alır. Bu [ICON_CULTURE] Kültür Şehir Verimlerinde gösterilir. Tüm [ICON_CULTURE] Kültür bitişikleri, Kaleler keşfedildikten sonra [ICON_TOURISM] Turizm sağlar.</Text>
    </Row>
    <!-- Theodora-->
    <Row Tag="LOC_LEADER_THEODORA_NAME">
      <Text>Theodora</Text>
    </Row>
    <Row Tag="LOC_TRAIT_LEADER_THEODORA_NAME">
      <Text>Metanoia</Text>
    </Row>
    <Row Tag="LOC_TRAIT_LEADER_THEODORA_DESCRIPTION">
      <Text>Kutsal Mekanlar, bitişiklik bonuslarına eşit [ICON_CULTURE] Kültür sağlar. Çiftlikler Hipodromlara ve Kutsal Yerlere [ICON_FAITH] İnanç bitişikliği sağlar.</Text>
    </Row>
    <Row Tag="LOC_LOADING_INFO_LEADER_SEJONG">
      <Text>Sejong Dewang, Büyük Sejong, Joseon'un hükümdarı, kaleminizden tarihin akışını şekillendiren bildiriler akıyor. Yeni bir toplumu, yeni bir varoluş biçimini siz yöneteceksiniz. Bırakın halkınız sizin örneğinizde uyum içinde yaşasın ve bırakın bilgeliğiniz ve bilginiz Kore'yi kaderine doğru yönlendirsin.</Text>
    </Row>
    <Row Tag="LOC_LOADING_INFO_LEADER_LUDWIG">
      <Text>Kral Ludwig, size deli diyorlar ama sizin deliliğiniz rüyaların, şiirlerin ve peri hikayelerinin deliliği. Dünyanın başka türlü olabileceğini, her şeyin sıkıcı ve sıradan göründüğü yerde büyülü bir krallık kurabileceğimizi hayal ettiniz. Ey Kuğu Kral, dünyanın senin kalelerine ve şövalyelerine, ejderha perili dağlarına ve mistik mağaralarına ihtiyacı var. Tekrar gel ve bize yeni hayaller ver.</Text>
    </Row>
    <Row Tag="LOC_LOADING_INFO_LEADER_THEODORA">
      <Text>İmparatoriçe Theodora, Roma'nın kalıntılarını yönetmek için yoktan var oldunuz! Zekânız ve güzelliğinizle Konstantinopolis halkını büyülediniz ve elinizi büyük güç çarkının üzerine koydunuz. Çekişmelerin ve bölünmelerin yaşandığı bu dönemde, herkese senin öğütlerin rehberlik etsin ve topraklara senin parlak mührünü bassınlar.</Text>
    </Row>
  </EnglishText>
</GameData>