﻿<?xml version="1.0" encoding="utf-8"?>
<GameData>
  <EnglishText>
    <!-- leaders -->
    <Row Tag="LOC_PEDIA_LEADERS_PAGE_LEADER_SEJONG_TITLE">
      <Text>Sejong</Text>
    </Row>
    <Row Tag="LOC_PEDIA_LEADERS_PAGE_LEADER_SEJONG_QUOTE">
      <Text>İyi dengelenmiş bir eskrim duruşu veya makul bir argüman gibi, alimin hayatı da dengeli ve dengeli olmalıdır.</Text>
    </Row>
    <Row Tag="LOC_PEDIA_LEADERS_PAGE_LEADER_SEJONG_CHAPTER_HISTORY_PARA_1">
      <Text>Kore'nin Joseon Hanedanlığı, Kore'nin en büyük ve en uzun ömürlü hanedanlıklarından biriydi. Sejong da benzer şekilde bu imparatorluğun en üretken ve ünlü hükümdarlarından biri olup Joseon'un altyapısını, bilim ve sanat hayatını inşa etmesiyle tanınmaktadır.</Text>
    </Row>
    <Row Tag="LOC_PEDIA_LEADERS_PAGE_LEADER_SEJONG_CHAPTER_HISTORY_PARA_2">
      <Text>Kore Joseon Hanedanlığı (1392-1897) Ming ile birlikte ortaya çıktı. Ming'in Moğol egemenliğindeki Yuan hanedanına karşı yürüttüğü veraset savaşlarının karmaşasında, yükselen Ming'in yarımadanın Yuan işgali altındaki bölgelerini devirmek için Koreli müttefiklerine çağrıda bulunmasıyla Kore'de de benzer savaşlar yaşandı. Bu sırada her iki Çin pozisyonunun da zayıflığını hisseden bu işle görevli general isyan ederek iktidarı ele geçirmiş, krallığın adı olarak Joseon'u seçmiş ve ölümünden sonra Taejo adını almıştır. Bekleneceği üzere, bu durum bölgeyi daha fazla huzursuzluğa sürükledi. Bu huzursuzluk ancak Taejong'un oğlu Sejong'un (1418-1450) tahta geçmesiyle sona erecekti.</Text>
    </Row>
    <Row Tag="LOC_PEDIA_LEADERS_PAGE_LEADER_SEJONG_CHAPTER_HISTORY_PARA_3">
      <Text>Sejong'un yönetimi Konfüçyüsçülükten derin bir şekilde etkilenmiştir - Konfüçyüs'ün istikrarlı ve bilge bir yönetime yaptığı vurgu göz önüne alındığında bu şaşırtıcı değildir. Bu amaçla Sejong, Konfüçyüsçü öğrenciler için burslar uygulamış ve en önemlisi, yeni bir alfabe olan Hangul'u yaratmaları için devlet bilginlerine sponsor olmuştur. Daha önce Korece kelimeleri yazmak için Çince karakterler kullanılıyordu, ancak bu yazı Kore diliyle uyuşmuyordu (Korece de Japonca gibi Çin yazısından etkilenmişti, ancak karakter merkezli Çin yazı sistemi tarafından kolayca yakalanamayan fonemlere ve çekimlere sahipti). Daha muhafazakar akademisyenler böyle bir yazının benimsenmesinin eğitim ve anlayışta bir düşüşe yol açacağını düşündüklerinden bu durum tartışmalıydı, ancak yazı tutuldu ve bugün hala kullanılmaktadır.</Text>
    </Row>
    <Row Tag="LOC_PEDIA_LEADERS_PAGE_LEADER_SEJONG_CHAPTER_HISTORY_PARA_4">
      <Text>Daha az iyimser bir not olarak, Sejong'un hükümdarlığı Kore'de İslam ve Budizm'in bastırılmasına tanık oldu - ilki 9. yüzyıldaki Abbasi temasından beri az sayıda mevcuttu ve ikincisi her zaman önemliydi ancak Konfüçyüsçü fikirlerle çatışıyordu - Budizm bağlanmamayı ve bireysel aydınlanmayı vurgularken, Konfüçyüsçülük ailevi sorumluluğu ve devlete hizmeti vurguluyordu.</Text>
    </Row>
    <Row Tag="LOC_PEDIA_LEADERS_PAGE_LEADER_SEJONG_CHAPTER_HISTORY_PARA_5">
      <Text>Eğitime verdiği önemin bir parçası olarak Sejong, özellikle stratejik düşünenler için barutlu silahların geliştirilmesi ve çiftçilik üzerine metinler gibi bilimsel çalışmalar da yaptırdı. Çiftçilerin vergilerine karşı hoşgörü göstermiş ve hatta borçtan kurtulmak için kendilerini köle olarak satan Koreli nobi'ler için doğum izni uygulamasını başlatmıştır. Diğer önemli başarılar arasında standartlaştırılmış bir para birimi ve saltanatın bilimsel ve kültürel başarılarının bir koleksiyonu olan Hall of Worthies yer alıyordu. Hangul yazısına ek olarak bunlar arasında matbaa, yağmur ölçer ve diğer pratik ama yenilikçi önlemler de vardı.</Text>
    </Row>
    <Row Tag="LOC_PEDIA_LEADERS_PAGE_LEADER_SEJONG_CHAPTER_HISTORY_PARA_6">
      <Text>Dış ilişkilerde Joseon, Ming'in haraçgüzarı bir devletti - isyankar kökenleri göz önüne alındığında şaşırtıcı, ancak Ming'in erken dönemleri kin tutacak durumda değildi. Ming sistemindeki bir haraç, dış tehditlerden korunmak için Pekin'deki tahta ödeme yapan bir devletti. Bunun haraç verenler arasında barışı teşvik etmek gibi bir yan etkisi vardı - Joseon Kore ve Ashikaga Japonya'sı karşılıklı statülerini tanıyarak sıcak ilişkilere sahipti, ancak bu durum Japonya'nın Ming'den ayrılması ve Sengoku döneminin iç anlaşmazlıklarına sürüklenmesiyle iki yüzyıl içinde çökecekti.</Text>
    </Row>
    <Row Tag="LOC_PEDIA_LEADERS_PAGE_LEADER_SEJONG_CHAPTER_HISTORY_PARA_7">
      <Text>Haraç sisteminde olmayanlar için Sejong saldırgandı. Joseon, kuzeyinde Mançu devletleri (daha sonra Çin'in Qing Hanedanlığı'nın merkezini oluşturacak olan aynı devletler) ve Japonya'nın batı kıyısında, bir önceki nesilde Moğol liderliğindeki başarısız istilanın hedefi olan ve o dönemde kanunsuz bir sınır olarak kalan Tsushima adasında faaliyet gösteren Japon korsanlarla karşı karşıyaydı. Sejong'un buradaki nüfuzu ve yerel So klanıyla yaptığı akıllıca ticaret anlaşmaları, baskınların durmasını sağladı.</Text>
    </Row>
    <Row Tag="LOC_PEDIA_LEADERS_PAGE_LEADER_SEJONG_CHAPTER_HISTORY_PARA_8">
      <Text>Sejong 1450'de doğal nedenlerle öldü ve kraliyet veraseti tartışmalı olmaya devam etse de, inşa ettiği altyapı istikrarlı, müreffeh bir Kore toplumunun kemiklerini oluşturdu ve devamlılığını sağladı.</Text>
    </Row>
    <Row Tag="LOC_PEDIA_LEADERS_PAGE_LEADER_SEJONG_CHAPTER_CAPSULE_BODY">
      <Text>Bilim! Kore normalde [ICON_Science] Bilim söz konusu olduğunda her oyunda baskındır, ancak Sejong tarafından yönetildiğinde, [ICON_Science] Biliminiz [ICON_Culture] Kültür haline gelir.</Text>
    </Row>
    <Row Tag="LOC_PEDIA_LEADERS_PAGE_LEADER_SEJONG_CHAPTER_DETAILED_BODY">
      <Text>Herhangi bir [ICON_Science] Bilim oyununa başlamak için arayış Yazma ve Kampüs ile Kütüphanenin kilidinin açılmasıyla başlar. Aynı durum Sejong için de geçerlidir, ancak Seowon benzersiz bölgesi Kampüsten daha güçlüdür. Üç Krallık yeteneği, Seowon bölgesini Madenlerin yanına yerleştirdiğinizde daha da fazla [ICON_Science] Bilim sağlar. Bu güçlü [ICON_Science] Bilim bonusları, Sejong ile bir sonraki Çağa her ilerleyişinizde [ICON_Culture] Kültüre dönüşür. Kore, Bilim Zaferi için en önde gelen Medeniyettir.</Text>
    </Row>
    <Row Tag="LOC_PEDIA_LEADERS_PAGE_LEADER_LUDWIG_TITLE">
      <Text>Ludwig II</Text>
    </Row>
    <Row Tag="LOC_PEDIA_LEADERS_PAGE_LEADER_LUDWIG_QUOTE">
      <Text>Kendim ve başkaları için ebedi bir muamma olarak kalmak istiyorum.</Text>
    </Row>
    <Row Tag="LOC_PEDIA_LEADERS_PAGE_LEADER_LUDWIG_CHAPTER_HISTORY_PARA_1">
      <Text>Katolik Bavyera Krallığı'nın "Kuğu Kralı" Ludwig tuhaf bir karakterdi. Hükümdarlığı krallığı için karlı bir dönem değildi - Ludwig döneminde Bavyera Almanya'ya karşı bağımsızlığını kaybetti, ancak kendisi siyasetten ziyade bölgenin peri masallarını hayata geçirmekle ilgileniyordu. Projeleri ve sarayları hayal gücünün ya da deliliğin diyarlarıydı.</Text>
    </Row>
    <Row Tag="LOC_PEDIA_LEADERS_PAGE_LEADER_LUDWIG_CHAPTER_HISTORY_PARA_2">
      <Text>Bavyera, Alman eyaletlerinin en büyüğüdür ancak en güçlüsü değildir. Protestanlığın yoğun olduğu bir bölgede uzun süre Katoliklerin elinde kalan Bavyera, erken dönemlerden itibaren Roma varlığından etkilenmiştir. Daha sonraki yıllarda Bavyera, Kutsal Roma İmparatorluğu'nda güçlü bir elektördü ve Wittelsbach monarşisine (1214'ten itibaren) ev sahipliği yapıyordu - İmparatorlukta Avusturya'daki Hapsburglar ile rekabet eden bir hanedanlık, birçok durumda doğrudan savaşa yol açan bir rekabet. Bavyera ve Avusturya'nın dil, kültür ve din açısından Prusya'nın kuzeyinden daha fazla benzerlik gösterdiği unutulmamalıdır.</Text>
    </Row>
    <Row Tag="LOC_PEDIA_LEADERS_PAGE_LEADER_LUDWIG_CHAPTER_HISTORY_PARA_3">
      <Text>Modern dönemde Bavyera, Avusturya'daki rakiplerini yükselen yıldız Prusya'ya karşı oynadı ve oldukça başarılı oldu, ancak sonunda teslim olmak ve Prusya egemenliği altındaki Alman Federasyonu'na katılmak zorunda kaldılar - Bavyera bu şekilde bugün Almanya'nın bir parçası haline geldi.</Text>
    </Row>
    <Row Tag="LOC_PEDIA_LEADERS_PAGE_LEADER_LUDWIG_CHAPTER_HISTORY_PARA_4">
      <Text>Bugün Bavyera, güçlü bir Katolik eğilime sahip, biraz muhafazakâr bir görünüme sahip, zengin çiftçilerin ülkesidir. Aynı zamanda Alman halk kültürünün büyük bir kısmının sembolik evidir - insan Alplerin gölgesinde dururken biraz hayal kurmaktan kendini alamaz.</Text>
    </Row>
    <Row Tag="LOC_PEDIA_LEADERS_PAGE_LEADER_LUDWIG_CHAPTER_HISTORY_PARA_5">
      <Text>İşte bu noktada "Deli" Ludwig'e geliyoruz. Ludwig, Bavyera kraliyet ailesinin (annesi Prusya Veliaht Prensesiydi) elit ve nispeten soğuk bir ailesinde dünyaya geldi. Küçük yaşlardan itibaren efsanelerle çevriliydi; Alpler'de yürümekten, Kuğuların Şövalyesi Lohengrin'e adanmış Gotik tarzda bir fantezi kalesi olan Hohenschwangau Kalesi'ndeki çocukluk evine ve Wagner'e olan hayranlığına kadar. Şövalyeler, ejderhalar, cinler ve periler genç Ludwig'in hayatında hüküm sürüyordu, hatta 19 yaşında kendisi Bavyera'yı yönetmeye başladığında bile.</Text>
    </Row>
    <Row Tag="LOC_PEDIA_LEADERS_PAGE_LEADER_LUDWIG_CHAPTER_HISTORY_PARA_6">
      <Text>Ludwig'in cinselliği de burada kayda değerdir. Ludwig eşcinseldi ve muhafızlarıyla birkaç ilişkisi olmuştu - aslında, Wagner ve Ludwig'in sempati duymasının bir başka nedeni de ortak cinsellikti (Ludwig, Wagner'in antisemitizmini paylaşmıyordu).</Text>
    </Row>
    <Row Tag="LOC_PEDIA_LEADERS_PAGE_LEADER_LUDWIG_CHAPTER_HISTORY_PARA_7">
      <Text>Ludwig'in Alpler'e olan sadakati ve Avusturya kraliyetiyle olan dostluğu, sempatisini bu yöne kaydırdı ve bu diplomatik açıdan akıllıca değildi; Prusya Avusturya'yı yendiğinde, Bavyera ilkinin diplomatik yörüngesine çekildi ve sonunda Almanya ile birleşmeye zorlandı, ancak Bavyera'nın büyüklüğüne ve gücüne uygun olarak, kendi ordusuna ve büyük ölçüde bağımsızlığına izin verildi.</Text>
    </Row>
    <Row Tag="LOC_PEDIA_LEADERS_PAGE_LEADER_LUDWIG_CHAPTER_HISTORY_PARA_8">
      <Text>Ludwig'in siyasi hırslarından bu şekilde vazgeçmek zorunda kalması, fantezilerinin uçuşa geçmesini sağladı. 19. yüzyıl, yeni ve eski çeşitli ülkelerin kendi ulusal kültürlerini keşfetmeye, süslemeye ve zaman zaman tamamen icat etmeye yatırım yaptıkları bir milliyetçilik çağıydı. Ludwig için kale inşası (Wagner'in hamisi olarak hizmet etmenin yanı sıra) bunun önemli bir parçasıydı - Neuschwanstein. Bu, Ludwig'in erken dönem yaşamının bir parçasını oluşturan Kuğu Şövalye efsanelerinden esinlenen bir şatoydu - masumların onurunu korumak için kuğu benzeri bir tekneyle gelen ancak asla adı sorulmaması gereken bir şövalyenin hikayesi. Aynı zamanda mutlak monarşinin ve milliyetçilikle birlikte kralların ilahi hakkının da bir anıtıdır - kralların heybeti toprağın ruhundan kaynaklanır. Ancak bu onun tek projesi değildi - Versailles'ın bir kopyasını ve "vahşi, romantik" Falkenstein'da başka bir Gotik kale planladı ve Linderhof'ta Fransız tarzı bir kale ve Münih'in Bavyera kalesinde muhteşem bir daire inşa etti.</Text>
    </Row>
    <Row Tag="LOC_PEDIA_LEADERS_PAGE_LEADER_LUDWIG_CHAPTER_HISTORY_PARA_9">
      <Text>Kaleler harikadır. Ama aynı zamanda pahalıdır. Ludwig o kadar çok borçlandı ki, yönetimi onun deli olduğuna karar verdi. Kendisine el konuldu, ancak ertesi gün nakledilmeyi beklerken, kendisi ve doktoru kraliyet arazisindeki bir gölde ölü bulundu. Ölümün bir intihar (ve doktorun durumunda bir cinayet) olduğuna karar verildi, ancak adli tıp kanıtları, o zamanlar ne olursa olsun, bunu göstermiyor gibi görünüyordu, daha karanlık bir şeyi ima ediyordu. Ludwig'in sık sık "Kendim ve başkaları için ebedi bir muamma olarak kalmak istiyorum" dediği aktarılır.</Text>
    </Row>
    <Row Tag="LOC_PEDIA_LEADERS_PAGE_LEADER_LUDWIG_CHAPTER_CAPSULE_BODY">
      <Text>Kuğu Kral Ludwig II ile sıkıcı bir dünyaya mucize ve güzellik getirin.</Text>
    </Row>
    <Row Tag="LOC_PEDIA_LEADERS_PAGE_LEADER_LUDWIG_CHAPTER_DETAILED_BODY">
      <Text>Ludwig ile, bir şehrin sahip olabileceği kadar çok bölge inşa edin, ki bu Almanya'nın medeniyet yeteneği ile herkesten bir fazladır. Ardından, bölgenizin etrafına harikalar yerleştirin - onları bitirmeseniz bile size [ICON_Culture] Kültür getireceklerdir. Hansa'nın eşsiz bölgesi ekstra [ICON_Production] Üretim ile tamamlanmalarına yardımcı olacaktır. Modern Çağ sayesinde, kıskanç rakipleriniz harikalarınızı çalmaya çalışırsa korunursunuz - çünkü o zaman modern çağın kuğuları olan U-Botlarınız onların istilalarını kesinlikle engelleyecektir. Kalelerin kilidini açmak, Ludwig'in Kültür Zaferi arayışında kilit noktasıdır ve tamamlanmamış harikalar da dahil olmak üzere [ICON_Culture] Kültür sağlayan her bölgeye [ICON_Tourism] Turizm sağlar.</Text>
    </Row>
    <Row Tag="LOC_PEDIA_LEADERS_PAGE_LEADER_THEODORA_TITLE">
      <Text>Theodora</Text>
    </Row>
    <Row Tag="LOC_PEDIA_LEADERS_PAGE_LEADER_THEODORA_QUOTE">
      <Text>Taht görkemli bir mezardır.</Text>
    </Row>
    <Row Tag="LOC_PEDIA_LEADERS_PAGE_LEADER_THEODORA_CHAPTER_HISTORY_PARA_1">
      <Text>Eski bir aktris (ve genelev çalışanı) olan Theodora (yaklaşık 500-548), kocası Bizans İmparatoru Justinianus üzerinde güçlü bir etkiye sahip oldu. Ortodoks Hıristiyanlığın güçlenmesinde ve İmparatorluğun başka yerlerinde çöküşün yaşandığı bir dönemde Bizanslıların belkemiğini oluşturmada etkili olmuştur.</Text>
    </Row>
    <Row Tag="LOC_PEDIA_LEADERS_PAGE_LEADER_THEODORA_CHAPTER_HISTORY_PARA_2">
      <Text>MS birinci bin yılın başları Bizanslılar için zor bir dönemdi. Batı yüzlerce küçük krallığa bölünmüş, Doğu zengin ama potansiyel düşmanlarla dolu ve Kuzey hala potansiyel olarak tehlikeli barbar kabilelerle doluyken, Konstantinopolis'in ileriye dönük bir yol için bir vizyona ihtiyacı vardı. Ve Justinianus (527-565 arası) bu yolu sağladı.</Text>
    </Row>
    <Row Tag="LOC_PEDIA_LEADERS_PAGE_LEADER_THEODORA_CHAPTER_HISTORY_PARA_3">
      <Text>Doğu Roma İmparatorluğu dilsel olarak Yunanca ve Latince arasında, dinsel olarak Hıristiyanlığın Kalkedoncu ve Miyafizit kolları arasında, şehirler içindeki çeşitli sınıflar arasında ve bölgesel olarak bölünmüştü. Justinianus, Renovatio Imperii, "İmparatorluğun restorasyonu", Batı Roma İmparatorluğu'nu parçalayan gruplara, her taraftan düşmanlara karşı genişlemeyi içeren bir yeniden fetih ve sağlamlaştırma kampanyası başlattı. Bu, İtalya ve İspanya'nın yanı sıra Kuzey Afrika'daki barbar Vandal krallıklarının da yeniden fethi anlamına geliyordu. Justinianus kendi ülkesinde, günümüze kadar geçerliliğini koruyacak bir kanunlar kodu yazdı ve (Batı'nın yeniden fethinden kazandığı parayı kullanarak) başkentte Ayasofya gibi harikalar inşa ettirdi.</Text>
    </Row>
    <Row Tag="LOC_PEDIA_LEADERS_PAGE_LEADER_THEODORA_CHAPTER_HISTORY_PARA_4">
      <Text>Theodora, Konstantinopolis'te bir ayı terbiyecisinin kızı olan bir Yunanlıydı. Tarihe bir genelevde nispeten müstehcen gösteriler yapan bir aktris olarak çalışarak girer ve bir araba yarışı takımı olan Mavi fraksiyondan bir grup dansçıyla yakınlaşır. Özünde, amigo kızlar. Theodora oradan Justinianus'un dikkatini çeker, öyle ki yüksek rütbeli kişilerin aktrislerle evlenmesini yasaklayan yasayı değiştirir ve hemen ardından onunla evlenir.</Text>
    </Row>
    <Row Tag="LOC_PEDIA_LEADERS_PAGE_LEADER_THEODORA_CHAPTER_HISTORY_PARA_5">
      <Text>İlk sınavını, Mavi ve Yeşil savaş arabası taraftarları arasında çıkan ve Konstantinopolis'i neredeyse yerle bir eden Nika ayaklanmalarında verdi. Justinianus ve konsey üyeleri çeteler anarşiye sürüklenirken başkentten kaçmaya hazırlanırken, Theodora onun otorite duygusuna hitap etti - kaçmanın ölümden daha kötü olacağını söyledi ya da daha şiirsel bir şekilde, "kraliyet moru en asil kefendir."</Text>
    </Row>
    <Row Tag="LOC_PEDIA_LEADERS_PAGE_LEADER_THEODORA_CHAPTER_HISTORY_PARA_6">
      <Text>Kumar başarılı oldu - Jüstinyen isyanları bastırdı ve gücünü yeniden tesis etti. Bundan sonra Theodora her zaman onun yanındaydı ve etkisi evlilik yasalarında yaptığı reformlarda, kendi durumuna benzer durumlarda doğan genç kadınlara ve kızlara karşı gösterdiği hayırseverlikte ve sürekli saray entrikalarında görülebilir.</Text>
    </Row>
    <Row Tag="LOC_PEDIA_LEADERS_PAGE_LEADER_THEODORA_CHAPTER_HISTORY_PARA_7">
      <Text>Dini açıdan kocasıyla çatıştı ve aktif olarak bastırıldığı bir dönemde Miafizit Hıristiyanlığı destekledi. İki kol arasındaki fark şimdi belirsiz görünebilir, ancak 500'lü yıllarda bu bir ölüm kalım meselesiydi. Özünde, Kalkedon Konsili'nde rahipler İsa'nın ayrı bir insani ve ilahi doğaya sahip tek bir kişi olduğuna karar verirken, Miafizitler onun hem tamamen insani hem de tamamen ilahi olan tek bir doğaya sahip olduğunu savunuyordu. Günümüzde Miafizit felsefe Etiyopya Hıristiyanlığının özünü oluştururken, Kalkedon felsefesi hem Katolikliği (ve Protestanlığı) hem de Doğu Ortodoksluğunu (Yunanistan ve Rusya) bilgilendirmektedir.</Text>
    </Row>
    <Row Tag="LOC_PEDIA_LEADERS_PAGE_LEADER_THEODORA_CHAPTER_HISTORY_PARA_8">
      <Text>Muhtemelen 48 yaşında ölmeden önce Theodora, çok dinli, çok etnikli (Justinianus Latince konuşurken Theodora Yunancaydı) bir devleti, kontrolden çıkabileceği bir anda sağlam tutmaya yardımcı oldu. Bu, bir anlamda, Bizans'ı parçalayan güçler güçlendikçe ve Basil II döneminde olduğu gibi giderek daha inatçı tepkileri kışkırttıkça daha az geniş ve daha dar odaklı hale gelecek olan şeylerin eski düzenidir.</Text>
    </Row>
    <Row Tag="LOC_PEDIA_LEADERS_PAGE_LEADER_THEODORA_CHAPTER_CAPSULE_BODY">
      <Text>İmparatoriçe Theodora, mütevazı başlangıçlarınızdan yükselmek için ihtiyaç duyduğunuz gibi [ICON_Faith] İnanç ve Dine aynı bağlılığı getiriyor.</Text>
    </Row>
    <Row Tag="LOC_PEDIA_LEADERS_PAGE_LEADER_THEODORA_CHAPTER_DETAILED_BODY">
      <Text>Theodora Kutsal Mekânlar ve Astrolojiye yönelmek istiyor. Bizans'ın ek [ICON_GreatProphet] Büyük Peygamber puanlarıyla Kutsal Alanların oluşturulması, ona dini savaşlarda güçleri baskın olan bir Din verecektir. Metanoia yeteneği, Dini Zafer peşinde koşması için ona daha fazla [ICON_Faith] İnanç verecektir. Hipodrom eşsiz bölgesi halkınızın mutlu olmasını sağlayacaktır.</Text>
    </Row>
  </EnglishText>
</GameData>