﻿<?xml version="1.0" encoding="utf-8"?>
<GameData>
  <EnglishText>
    <!--City-States-->
    <Row Tag="LOC_MINOR_CIV_SCIENTIFIC_TRAIT_MEDIUM_INFLUENCE_BONUS">
      <Text>+2 [ICON_Science] Her Kampüs bölgesinde bilim.</Text>
    </Row>
    <Row Tag="LOC_MINOR_CIV_SCIENTIFIC_TRAIT_LARGE_INFLUENCE_BONUS">
      <Text>Her Kampüs bölgesinde ek +2 [ICON_Science] Bilim.</Text>
    </Row>
    <Row Tag="LOC_MINOR_CIV_RELIGIOUS_TRAIT_MEDIUM_INFLUENCE_BONUS">
      <Text>+2 [ICON_Faith] Her Kutsal Alan bölgesinde inanç.</Text>
    </Row>
    <Row Tag="LOC_MINOR_CIV_RELIGIOUS_TRAIT_LARGE_INFLUENCE_BONUS">
      <Text>Her Kutsal Alan bölgesinde ilave +2 [ICON_Faith] İnanç.</Text>
    </Row>
    <Row Tag="LOC_MINOR_CIV_TRADE_TRAIT_MEDIUM_INFLUENCE_BONUS">
      <Text>Her Ticari Merkez bölgesinde +4 [ICON_Gold] Altın.</Text>
    </Row>
    <Row Tag="LOC_MINOR_CIV_TRADE_TRAIT_LARGE_INFLUENCE_BONUS">
      <Text>Her Ticari Merkez bölgesinde ilave +4 [ICON_Gold] Altın.</Text>
    </Row>
    <Row Tag="LOC_MINOR_CIV_CULTURAL_TRAIT_MEDIUM_INFLUENCE_BONUS">
      <Text>+2 [ICON_Culture] Her Tiyatro Meydanı bölgesinde kültür.</Text>
    </Row>
    <Row Tag="LOC_MINOR_CIV_CULTURAL_TRAIT_LARGE_INFLUENCE_BONUS">
      <Text>Ek +2 [ICON_Culture] Her Tiyatro Meydanı bölgesinde kültür.</Text>
    </Row>
    <Row Tag="LOC_MINOR_CIV_MILITARISTIC_TRAIT_MEDIUM_INFLUENCE_BONUS">
      <Text>Birim üretirken her Kamp bölgesinde +2 [ICON_Production] Üretim.</Text>
    </Row>
    <Row Tag="LOC_MINOR_CIV_MILITARISTIC_TRAIT_LARGE_INFLUENCE_BONUS">
      <Text>Birim üretirken her Kamp bölgesinde ilave +2 [ICON_Production] Üretim.</Text>
    </Row>
    <Row Tag="LOC_MINOR_CIV_INDUSTRIAL_TRAIT_MEDIUM_INFLUENCE_BONUS">
      <Text>+2 [ICON_Production] Harikalar, binalar ve bölgeler üretirken her Sanayi Bölgesi bölgesinde üretim.</Text>
    </Row>
    <Row Tag="LOC_MINOR_CIV_INDUSTRIAL_TRAIT_LARGE_INFLUENCE_BONUS">
      <Text>Her Sanayi Bölgesi bölgesinde harikalar, binalar ve semtler üretirken ek +2 [ICON_Production] Üretim.</Text>
    </Row>
    <Row Tag="LOC_CIVILIZATION_ANTIOCH_NAME">
      <Text>Venedik</Text>
    </Row>
    <Row Tag="LOC_CIVILIZATION_ANTIOCH_DESCRIPTION">
      <Text>Venedik şehir devleti</Text>
    </Row>
    <Row Tag="LOC_LEADER_TRAIT_ANTIOCH_NAME">
      <Text>Venedik Süzerain Bonusu</Text>
    </Row>
    <Row Tag="LOC_LEADER_TRAIT_ANTIOCH_DESCRIPTION">
      <Text>Yabancı şehirlere giden [ICON_TradeRoute] Ticaret Yollarınız, varış noktasındaki her Lüks kaynak için +1 [ICON_Gold] Altın kazandırır.</Text>
    </Row>
    <Row Tag="LOC_CIVILIZATION_ANTIOCH_ADJECTIVE">
      <Text>Venedik</Text>
    </Row>
    <Row Tag="LOC_CIVILIZATION_BABYLON_NAME">
      <Text>Anshan</Text>
    </Row>
    <Row Tag="LOC_CIVILIZATION_BABYLON_DESCRIPTION">
      <Text>Anshan şehir devleti</Text>
    </Row>
    <Row Tag="LOC_LEADER_TRAIT_BABYLON_NAME">
      <Text>Anshan Suzerain Bonus</Text>
    </Row>
    <Row Tag="LOC_LEADER_TRAIT_BABYLON_DESCRIPTION">
      <Text>Her [ICON_GreatWork_WRITING] Büyük Yazı Eserinden +2 [ICON_SCIENCE] Bilim. Her [ICON_GreatWork_RELIC] Kalıntı ve [ICON_GreatWork_Artifact] Eserden +1 [ICON_SCIENCE] Bilim.</Text>
    </Row>
    <Row Tag="LOC_CIVILIZATION_BABYLON_ADJECTIVE">
      <Text>Babil</Text>
    </Row>
    <Row Tag="LOC_LEADER_TRAIT_CARTHAGE_DESCRIPTION">
      <Text>Kamp bölgelerinizin her biri +1 [ICON_TradeRoute] Ticaret Yolu kapasitesi sağlar.</Text>
    </Row>
    <Row Tag="LOC_LEADER_TRAIT_PRESLAV_DESCRIPTION">
      <Text>Hafif ve ağır süvari birlikleriniz tepe karelerinde savaşırken +5 [ICON_Strength] Güce sahiptir.</Text>
    </Row>
    <Row Tag="LOC_LEADER_TRAIT_STOCKHOLM_DESCRIPTION">
      <Text>Bölgeleriniz kendi türlerinde +1 [ICON_GreatPerson] Büyük Kişi puanı sağlar ([ICON_GreatWriter] Büyük Yazar, [ICON_GreatArtist] Büyük Sanatçı ve [ICON_GreatMusician] Tiyatro Meydanı bölgeleri için Büyük Müzisyen).</Text>
    </Row>
    <Row Tag="LOC_LEADER_TRAIT_TORONTO_XP1_DESCRIPTION">
      <Text>Sanayi Bölgesi, Su Parkı ve Eğlence Kompleksi bölgelerinizden gelen bölgesel etkiler 3 karo daha uzağa ulaşır.</Text>
    </Row>
    <Row Tag="LOC_LEADER_TRAIT_VILNIUS_DESCRIPTION">
      <Text>Yeni bir çağa girdiğinizde, o çağdan 1 rastgele [ICON_CivicBoosted] İlham kazanın.</Text>
    </Row>
    <Row Tag="LOC_LEADER_CAVALRY_COMBAT_BONUS_PREVIEW_TEXT">
      <Text>+{1_Amount} Moğol Sürüsü</Text>
    </Row>
    <Row Tag="LOC_LEADER_ALLIANCE_COMBAT_BONUS_PREVIEW_TEXT">
      <Text>Enkidu'nun Maceraları'ndan +{1_Amount}</Text>
    </Row>
    <!-- Free Cities -->
    <Row Tag="LOC_CIVILIZATION_FREE_CITIES_NAME">
      <Text>Ücretsiz Şehirler 
 	 	 	</Text>
      <Gender>Masculine:the</Gender>
    </Row>
    <Row Tag="LOC_CIVILIZATION_FREE_CITIES_DESCRIPTION">
      <Text>Özgür Şehirler</Text>
    </Row>
  </EnglishText>
</GameData>