﻿<?xml version="1.0" encoding="utf-8"?>
<GameData>
  <EnglishText>
    <!-- Policy Names -->
    <Row Tag="LOC_POLICY_AUTOCRACY_NAME">
      <Text>Otokratik Miras</Text>
    </Row>
    <Row Tag="LOC_POLICY_OLIGARCHY_NAME">
      <Text>Oligarşik Miras</Text>
    </Row>
    <Row Tag="LOC_POLICY_CLASSICAL_REPUBLIC_NAME">
      <Text>Cumhuriyetçi Miras</Text>
    </Row>
    <Row Tag="LOC_POLICY_MONARCHY_NAME">
      <Text>Monarşik Miras</Text>
    </Row>
    <Row Tag="LOC_POLICY_THEOCRACY_NAME">
      <Text>Teokratik Miras</Text>
    </Row>
    <Row Tag="LOC_POLICY_MERCHANT_REPUBLIC_NAME">
      <Text>Ticari Miras</Text>
    </Row>
    <Row Tag="LOC_POLICY_FASCISM_NAME">
      <Text>Faşist Miras</Text>
    </Row>
    <Row Tag="LOC_POLICY_COMMUNISM_NAME">
      <Text>Komünist Miras</Text>
    </Row>
    <Row Tag="LOC_POLICY_DEMOCRACY_NAME">
      <Text>Demokratik Miras</Text>
    </Row>
    <!-- Policies -->
    <Row Tag="LOC_POLICY_AFTER_ACTION_REPORTS_NAME">
      <Text>Eylem Sonrası Raporları</Text>
    </Row>
    <Row Tag="LOC_POLICY_AFTER_ACTION_REPORTS_DESCRIPTION">
      <Text>Tüm birimler +%25 savaş deneyimi kazanır.</Text>
    </Row>
    <Row Tag="LOC_POLICY_ARSENAL_OF_DEMOCRACY_DESCRIPTION">
      <Text>Bir Müttefikin şehrine giden [ICON_TradeRoute] Ticaret Yollarınız her iki şehir için de +2 [ICON_Food] Gıda ve +2 [ICON_Production] Üretim sağlar.</Text>
    </Row>
    <Row Tag="LOC_POLICY_CIVIL_PRESTIGE_NAME">
      <Text>Sivil Prestij</Text>
    </Row>
    <Row Tag="LOC_POLICY_CIVIL_PRESTIGE_DESCRIPTION">
      <Text>En az 2 Terfiye sahip [ICON_GOVERNOR] Valiler +1 [ICON_Amenities] Dostluk ve +2 [ICON_Housing] Konut sağlar.</Text>
    </Row>
    <Row Tag="LOC_POLICY_COLONIAL_OFFICES_DESCRIPTION">
      <Text>Orijinal [ICON_Capital] Başkentinizin kıtasında olmayan şehirler için +%15 daha hızlı büyüme.</Text>
    </Row>
    <Row Tag="LOC_POLICY_COLONIAL_TAXES_DESCRIPTION">
      <Text>Orijinal [ICON_Capital] Başkentinizin kıtasında olmayan şehirlerde +%25 [ICON_Gold] Altın.</Text>
    </Row>
    <Row Tag="LOC_POLICY_COMMUNICATIONS_OFFICE_NAME">
      <Text>İletişim Ofisi</Text>
    </Row>
    <Row Tag="LOC_POLICY_COMMUNICATIONS_OFFICE_DESCRIPTION">
      <Text>[ICON_Governor] Valiler, [ICON_Governor] Valinin sahip olduğu Terfi başına şehirlerine her tur +1 Sadakat sağlar.</Text>
    </Row>
    <Row Tag="LOC_POLICY_FREE_MARKET_DESCRIPTION">
      <Text>Ticari Merkez bölgesi binalarından +%100 [ICON_Gold] Altın getirisi.</Text>
    </Row>
    <Row Tag="LOC_POLICY_GRAND_OPERA_DESCRIPTION">
      <Text>Tiyatro Meydanı bölgesi binalarından +%100 [ICON_Culture] Kültür getirisi.</Text>
    </Row>
    <Row Tag="LOC_POLICY_LIMITANEI_NAME">
      <Text>Limitanei</Text>
    </Row>
    <Row Tag="LOC_POLICY_LIMITANEI_DESCRIPTION">
      <Text>Garnizonlu bir birime sahip şehirler için tur başına +2 Sadakat.</Text>
    </Row>
    <Row Tag="LOC_POLICY_MARTIAL_LAW_DESCRIPTION">
      <Text>Normalden %25 daha az savaş yorgunluğu biriktirin.</Text>
    </Row>
    <Row Tag="LOC_POLICY_POLICE_STATE_DESCRIPTION">
      <Text>Topraklarınızdaki Düşman Casuslarının seviyesi 2 azalır. Ancak tüm şehirler -1 [ICON_Amenities] Dostluğa maruz kalır.</Text>
    </Row>
    <Row Tag="LOC_POLICY_PRAETORIUM_NAME">
      <Text>Praetorium</Text>
    </Row>
    <Row Tag="LOC_POLICY_PRAETORIUM_DESCRIPTION">
      <Text>[ICON_Governor] Valiler şehirlerine tur başına +2 Sadakat sağlar.</Text>
    </Row>
    <Row Tag="LOC_POLICY_RATIONALISM_DESCRIPTION">
      <Text>Kampüs bölgesi binalarından +%100 [ICON_Science] Bilim.</Text>
    </Row>
    <Row Tag="LOC_POLICY_SECOND_STRIKE_CAPABILITY_NAME">
      <Text>İkinci Vuruş Yeteneği</Text>
    </Row>
    <Row Tag="LOC_POLICY_SECOND_STRIKE_CAPABILITY_DESCRIPTION">
      <Text>Nükleer Cihaz bakımı tur başına %50 [ICON_Gold] Altın azaltıldı.</Text>
    </Row>
    <Row Tag="LOC_POLICY_SIMULTANEUM_DESCRIPTION">
      <Text>Çiftler [ICON_Faith] Kutsal Alan bölgesi binalarından elde edilen inanç verimi.</Text>
    </Row>
    <Row Tag="LOC_POLICY_WISSELBANKEN_NAME">
      <Text>Wisselbanken</Text>
    </Row>
    <Row Tag="LOC_POLICY_WISSELBANKEN_DESCRIPTION">
      <Text>Bir Müttefikin şehrine giden [ICON_TradeRoute] Ticaret Yollarınız her iki şehir için de +2 [ICON_Food] Gıda ve +2 [ICON_Production] Üretim sağlar. Tüm müttefiklerle İttifak Puanları her turda ek bir .25 artar.</Text>
    </Row>
    <Row Tag="LOC_POLICY_MONASTICISM_NAME">
      <Text>Manastırcılık</Text>
    </Row>
    <Row Tag="LOC_POLICY_TWILIGHT_VALOR_NAME">
      <Text>Alacakaranlık Cesareti</Text>
    </Row>
    <Row Tag="LOC_POLICY_INQUISITION_NAME">
      <Text>Engizisyon</Text>
    </Row>
    <Row Tag="LOC_POLICY_ISOLATIONISM_NAME">
      <Text>İzolasyonizm</Text>
    </Row>
    <Row Tag="LOC_POLICY_LETTERS_OF_MARQUE_NAME">
      <Text>Marque Mektupları</Text>
    </Row>
    <Row Tag="LOC_POLICY_ROBBER_BARONS_NAME">
      <Text>Soyguncu Baronlar</Text>
    </Row>
    <Row Tag="LOC_POLICY_ELITE_FORCES_NAME">
      <Text>Elit Kuvvetler</Text>
    </Row>
    <Row Tag="LOC_POLICY_COLLECTIVISM_NAME">
      <Text>Kolektivizm</Text>
    </Row>
    <Row Tag="LOC_POLICY_ROGUE_STATE_NAME">
      <Text>Haydut Devlet</Text>
    </Row>
    <Row Tag="LOC_POLICY_MONASTICISM_DESCRIPTION">
      <Text>Kutsal Alanı olan şehirlerde +%75 [ICON_Science] Bilim.[NEWLINE]FAKAT: -%25 [ICON_Culture] Tüm şehirlerde Kültür.</Text>
    </Row>
    <Row Tag="LOC_POLICY_TWILIGHT_VALOR_DESCRIPTION">
      <Text>Tüm yakın dövüş saldırı birimleri için +5 [ICON_Strength] Savaş Gücü. [NEWLINE] ANCAK: Bölgenizin dışında iyileşemezsiniz.</Text>
    </Row>
    <Row Tag="LOC_POLICY_INQUISITION_DESCRIPTION">
      <Text>Engizisyonu 1 Havari hücumu ile başlatın. Dost topraklardaki tüm Dini birimler +15 [ICON_Religion] Dini Savaş Gücü. [NEWLINE]ANCAK: Tüm şehirlerde -25% [ICON_Science] Bilim.</Text>
    </Row>
    <Row Tag="LOC_POLICY_ISOLATIONISM_DESCRIPTION">
      <Text>İç hatlar +2 [ICON_Food] Gıda, +2 [ICON_Production] Üretim sağlar. [NEWLINE] ANCAK: Yerleşimcileri eğitemez veya satın alamaz ya da yeni şehirler kuramaz.</Text>
    </Row>
    <Row Tag="LOC_POLICY_LETTERS_OF_MARQUE_DESCRIPTION">
      <Text>Donanma Akıncıları: +%100 [ICON_Production] Üretim, +2 [ICON_Movement] Hareket. Ticaret Yollarını yağmalamanın getirisi iki katına çıkar. [NEWLINE] FAKAT: [ICON_TradeRoute] Ticaret Yolu getirisi -50%.</Text>
    </Row>
    <Row Tag="LOC_POLICY_ROBBER_BARONS_DESCRIPTION">
      <Text>Borsası olan şehirlerde +%50 [ICON_Gold] Altın. Fabrika bulunan şehirlerde +%25 [ICON_Production] Üretim. [NEWLINE] FAKAT: -2 [ICON_Amenities] Tüm şehirlerdeki olanaklar.</Text>
    </Row>
    <Row Tag="LOC_POLICY_ELITE_FORCES_DESCRIPTION">
      <Text>Tüm birimler için +%100 savaş deneyimi[NEWLINE]AMA: Her savaş ve casus biriminin bakımı için +2 [ICON_Gold] Altın.</Text>
    </Row>
    <Row Tag="LOC_POLICY_COLLECTIVISM_DESCRIPTION">
      <Text>Çiftlikler +1 [ICON_Food] Gıda. Tüm şehirler +2 [ICON_Housing] Konut. +100 Sanayi Bölgesi bitişiklik bonusları [NEWLINE] ANCAK: [ICON_GreatPerson] Büyük İnsan Puanları %50 daha yavaş kazanılır.</Text>
    </Row>
    <Row Tag="LOC_POLICY_ROGUE_STATE_DESCRIPTION">
      <Text>Nükleer program projeleri ve Nükleer Cihazlar için +%50 [ICON_Production] Üretim. [NEWLINE] ANCAK: Yeni [ICON_Envoy] Elçilere karşı hiçbir etki kazanmayın.</Text>
    </Row>
    <Row Tag="LOC_POLICY_RAID_EXPANSION1_DESCRIPTION">
      <Text>Yağma ve kıyı baskınlarından elde edilen verim +100%.</Text>
    </Row>
    <Row Tag="LOC_POLICY_RAID_EXPANSION1_ALT_DESCRIPTION">
      <Text>Yağma ve kıyı baskınlarından elde edilen verim +50%.</Text>
    </Row>
    <Row Tag="LOC_POLICY_MILITARY_RESEARCH_EXPANSION1_DESCRIPTION">
      <Text>Askeri Akademiler, Limanlar ve Rönesans Surları +2 [ICON_Science] Bilim üretir.</Text>
    </Row>
    <Row Tag="LOC_POLICY_PUBLIC_TRANSPORT_EXPANSION1_DESCRIPTION">
      <Text>Bir Çiftliği bir Mahalle bölgesiyle değiştirirken karo Temyizi başına 100 [ICON_Gold] Altın kazanın.</Text>
    </Row>
    <Row Tag="LOC_POLICY_ECOMMERCE_EXPANSION1_DESCRIPTION">
      <Text>Tüm [ICON_TradeRoute] Ticaret Yollarından +2 [ICON_Production] Üretim ve +5 [ICON_Gold] Altın.</Text>
    </Row>
    <Row Tag="LOC_POLICY_TOTAL_WAR_EXPANSION1_DESCRIPTION">
      <Text>Yağma ve kıyı baskınlarından elde edilen verim +100%. Yağmalamadan +%50 ödül [ICON_TradeRoute] Ticaret Yolları.</Text>
    </Row>
    <Row Tag="LOC_POLICY_TOTAL_WAR_EXPANSION1_ALT_DESCRIPTION">
      <Text>Yağma, kıyı baskınları ve yağmalamadan elde edilen verim [ICON_TradeRoute] Ticaret Yolları +50%.</Text>
    </Row>
    <!-- Updated from base game -->
    <Row Tag="LOC_CIVIC_MOBILIZATION_DESCRIPTION">
      <Text>Savunma Paktları oluşturulmasına izin verir. Birbirinin aynı üç birimin bir Ordu veya Armada oluşturmasına izin verir. Savaşları haklı çıkarmak için kullanılabilecek yeni bir Casus Belli'ye izin verir: Bölgesel Genişleme Savaşı.</Text>
    </Row>
  </EnglishText>
</GameData>