﻿<?xml version="1.0" encoding="utf-8"?>
<GameData>
  <EnglishText>
    <!--Moments-->
    <Row Tag="LOC_MOMENT_ARTIFACT_EXTRACTED">
      <Text>Çıkarılan Eser</Text>
    </Row>
    <Row Tag="LOC_MOMENT_ARTIFACT_EXTRACTED_DESCRIPTION">
      <Text>Bize geçmiş hakkında bilgi veren bir eser ortaya çıkarıldı.</Text>
    </Row>
    <Row Tag="LOC_MOMENT_ARTIFACT_EXTRACTED_INSTANCE_DESCRIPTION">
      <Text>Kirler temizlendikçe, {GreatWorkName} yıllar sonra güneşin ışığını görür. Yıllar boyunca {LOC_GRAMMAR_CIVNAME &lt;&lt; {ActingPlayerCivName}} müzelerini süsleyecektir.</Text>
    </Row>
    <Row Tag="LOC_MOMENT_ARTIFACT_EXTRACTED_SHIPWRECK_FIRST">
      <Text>Kazılan İlk Gemi Batığı</Text>
    </Row>
    <Row Tag="LOC_MOMENT_ARTIFACT_EXTRACTED_SHIPWRECK_FIRST_DESCRIPTION">
      <Text>Arkeologlarınız ilk gemi enkazını kazdılar.</Text>
    </Row>
    <Row Tag="LOC_MOMENT_ARTIFACT_EXTRACTED_SHIPWRECK_FIRST_INSTANCE_DESCRIPTION">
      <Text>Midyelerle kaplanmış, ancak yine de tanınabilir olan {GreatWorkName}, deniz arkeolojisinin bizi geçmişle ilişkilendirebileceğini kanıtlıyor.</Text>
    </Row>
    <Row Tag="LOC_MOMENT_ARTIFACT_EXTRACTED_SHIPWRECK_FIRST_IN_WORLD">
      <Text>Dünyanın İlk Gemi Batığı Kazıldı</Text>
    </Row>
    <Row Tag="LOC_MOMENT_ARTIFACT_EXTRACTED_SHIPWRECK_FIRST_IN_WORLD_DESCRIPTION">
      <Text>Arkeologlarınız dünyanın ilk gemi enkazı kazısını tamamladılar.</Text>
    </Row>
    <Row Tag="LOC_MOMENT_ARTIFACT_EXTRACTED_SHIPWRECK_FIRST_IN_WORLD_INSTANCE_DESCRIPTION">
      <Text>Dünyanın ilk deniz arkeolojisi keşif gezisi {GreatWorkName}'yi üretiyor ve denizin tarihin sırlarını daha fazla saklayamayacağını gösteriyor!</Text>
    </Row>
    <Row Tag="LOC_MOMENT_BARBARIAN_CAMP_DESTROYED">
      <Text>Barbar Kampı Yok Edildi</Text>
    </Row>
    <Row Tag="LOC_MOMENT_BARBARIAN_CAMP_DESTROYED_DESCRIPTION">
      <Text>Düşman bir barbar kampı bir birlik tarafından yerle bir edildi ve bölgeye barış yayıldı.</Text>
    </Row>
    <Row Tag="LOC_MOMENT_BARBARIAN_CAMP_DESTROYED_INSTANCE_DESCRIPTION">
      <Text>Kuvvetlerimiz bir barbar kampını temizledi ve büyüyen uygarlığımıza yönelik bir tehdit yok edildi.</Text>
    </Row>
    <Row Tag="LOC_MOMENT_BARBARIAN_CAMP_DESTROYED_NEAR_YOUR_CITY">
      <Text>Tehdit Oluşturan Kamp İmha Edildi</Text>
    </Row>
    <Row Tag="LOC_MOMENT_BARBARIAN_CAMP_DESTROYED_NEAR_YOUR_CITY_DESCRIPTION">
      <Text>Şehirlerinizden birinin 6 karesi içindeki düşman bir barbar kampı bir birim tarafından yok edildi.</Text>
    </Row>
    <Row Tag="LOC_MOMENT_BARBARIAN_CAMP_DESTROYED_NEAR_YOUR_CITY_INSTANCE_DESCRIPTION">
      <Text>{CityName}'nin eşiğindeki tehlike bertaraf edildi! Barbarlar uzaklaştırıldı.</Text>
    </Row>
    <Row Tag="LOC_MOMENT_BATTLE_FOUGHT">
      <Text>Verilen Savaş</Text>
    </Row>
    <Row Tag="LOC_MOMENT_BATTLE_FOUGHT_DESCRIPTION">
      <Text>Düşmanlar arasında bir savaş yapıldı. Arkeoloji sistemi tarafından potansiyel olarak [ICON_RESOURCE_ANTIQUITY_SITE] Antik Site kaynakları oluşturmak için kullanılır.</Text>
    </Row>
    <Row Tag="LOC_MOMENT_BELIEF_ADDED_MAX_BELIEFS_REACHED">
      <Text>Din Tüm İnançları Benimser</Text>
    </Row>
    <Row Tag="LOC_MOMENT_BELIEF_ADDED_MAX_BELIEFS_REACHED_DESCRIPTION">
      <Text>Dininiz son İnancını da ekledi ve artık tamamlandı.</Text>
    </Row>
    <Row Tag="LOC_MOMENT_BELIEF_ADDED_MAX_BELIEFS_REACHED_INSTANCE_DESCRIPTION">
      <Text>İlahiyatçılar {ReligionName}'nin ilkelerini ve İnançlarını açıklığa kavuşturur.</Text>
    </Row>
    <Row Tag="LOC_MOMENT_BELIEF_ADDED_MAX_BELIEFS_REACHED_FIRST_IN_WORLD">
      <Text>Dünyanın Tüm İnançları Benimseyen İlk Dini</Text>
    </Row>
    <Row Tag="LOC_MOMENT_BELIEF_ADDED_MAX_BELIEFS_REACHED_FIRST_IN_WORLD_DESCRIPTION">
      <Text>Sizin Dininiz dünyada son İnancını ekleyen ve tamamlanan ilk dindir.</Text>
    </Row>
    <Row Tag="LOC_MOMENT_BELIEF_ADDED_MAX_BELIEFS_REACHED_FIRST_IN_WORLD_INSTANCE_DESCRIPTION">
      <Text>{ReligionName} teologlarının argümanları büyük kitapları doldurur ve İnançlarını açıklayan ilk Din olur.</Text>
    </Row>
    <Row Tag="LOC_MOMENT_BUILDING_CONSTRUCTED_FIRST_UNIQUE">
      <Text>Eşsiz Bina İnşa Edildi</Text>
    </Row>
    <Row Tag="LOC_MOMENT_BUILDING_CONSTRUCTED_FIRST_UNIQUE_DESCRIPTION">
      <Text>Bu eşsiz binayı ilk kez tamamladınız.</Text>
    </Row>
    <Row Tag="LOC_MOMENT_BUILDING_CONSTRUCTED_FIRST_UNIQUE_INSTANCE_DESCRIPTION">
      <Text>Çalışanlarımız, değerlerimizi ve önceliklerimizi yansıtan {BuildingType} ile gurur duymaktadır.</Text>
    </Row>
    <Row Tag="LOC_MOMENT_BUILDING_CONSTRUCTED_FULL_AERODROME_FIRST">
      <Text>Tamamen Geliştirilen İlk Havaalanı</Text>
    </Row>
    <Row Tag="LOC_MOMENT_BUILDING_CONSTRUCTED_FULL_AERODROME_FIRST_DESCRIPTION">
      <Text>Bir Havaalanı bölgesindeki tüm binaları ilk kez tamamladınız.</Text>
    </Row>
    <Row Tag="LOC_MOMENT_BUILDING_CONSTRUCTED_FULL_AERODROME_FIRST_INSTANCE_DESCRIPTION">
      <Text>Pilotlar {CityName}'deki Havaalanına iniş yapmayı bir geçiş töreni olarak görmektedir. En eskileri, buranın sadece bir çiftlik alanı ve birkaç geçici hangar olduğu zamanları hatırlıyor.</Text>
    </Row>
    <Row Tag="LOC_MOMENT_BUILDING_CONSTRUCTED_FULL_ENCAMPMENT_FIRST">
      <Text>İlk Kamp Tamamen Geliştirildi</Text>
    </Row>
    <Row Tag="LOC_MOMENT_BUILDING_CONSTRUCTED_FULL_ENCAMPMENT_FIRST_DESCRIPTION">
      <Text>Bir Kamp bölgesindeki tüm binaları ilk kez tamamladınız.</Text>
    </Row>
    <Row Tag="LOC_MOMENT_BUILDING_CONSTRUCTED_FULL_ENCAMPMENT_FIRST_INSTANCE_DESCRIPTION">
      <Text>Askerler ritim tutarak yürüyorlar: Bilmiyorum ama {CityName}'deki hayat gerçekten eskidi.</Text>
    </Row>
    <Row Tag="LOC_MOMENT_BUILDING_CONSTRUCTED_FULL_ENTERTAINMENT_COMPLEX_FIRST">
      <Text>Tamamen Geliştirilen İlk Eğlence Kompleksi</Text>
    </Row>
    <Row Tag="LOC_MOMENT_BUILDING_CONSTRUCTED_FULL_ENTERTAINMENT_COMPLEX_FIRST_DESCRIPTION">
      <Text>Bir Eğlence Kompleksi bölgesindeki tüm binaları ilk kez tamamladınız.</Text>
    </Row>
    <Row Tag="LOC_MOMENT_BUILDING_CONSTRUCTED_FULL_ENTERTAINMENT_COMPLEX_FIRST_INSTANCE_DESCRIPTION">
      <Text>{LOC_GRAMMAR_CIVNAME &lt;&lt; {ActingPlayerCivName}}'te "öğleden sonrayı {CityName}'te geçirmek" ifadesi "harika vakit geçirmek" anlamına gelmektedir.</Text>
    </Row>
    <Row Tag="LOC_MOMENT_BUILDING_CONSTRUCTED_FULL_WATER_ENTERTAINMENT_COMPLEX_FIRST">
      <Text>Tamamen Geliştirilen İlk Su Parkı</Text>
    </Row>
    <Row Tag="LOC_MOMENT_BUILDING_CONSTRUCTED_FULL_WATER_ENTERTAINMENT_COMPLEX_FIRST_DESCRIPTION">
      <Text>Bir Su Parkı bölgesindeki tüm binaları ilk kez tamamladınız.</Text>
    </Row>
    <Row Tag="LOC_MOMENT_BUILDING_CONSTRUCTED_FULL_WATER_ENTERTAINMENT_COMPLEX_FIRST_INSTANCE_DESCRIPTION">
      <Text>{CityName} ziyaret etmenin en iyi yolunun bir yaz günü, güneş batarken ve Su Parkı'nın ışıkları yanarken tahta kaldırımdaki kalabalığı izlemek olduğunu söylüyorlar.</Text>
    </Row>
    <Row Tag="LOC_MOMENT_BUILDING_CONSTRUCTED_GAME_ERA_WONDER">
      <Text>Dünya Harikası Tamamlandı</Text>
    </Row>
    <Row Tag="LOC_MOMENT_BUILDING_CONSTRUCTED_GAME_ERA_WONDER_DESCRIPTION">
      <Text>Diğer medeniyetler üzerindeki ihtişamımızı gösteren bir dünya harikası tamamlandı.</Text>
    </Row>
    <Row Tag="LOC_MOMENT_BUILDING_CONSTRUCTED_GAME_ERA_WONDER_INSTANCE_DESCRIPTION">
      <Text>{BuildingType}'te duran {CityName} vatandaşları huşu içindeydi.</Text>
    </Row>
    <Row Tag="LOC_MOMENT_BUILDING_CONSTRUCTED_PAST_ERA_WONDER">
      <Text>Eski Dünya Harikası Tamamlandı</Text>
    </Row>
    <Row Tag="LOC_MOMENT_BUILDING_CONSTRUCTED_PAST_ERA_WONDER_DESCRIPTION">
      <Text>Bir Dünya Harikası tamamlandı. Geçmiş bir döneme ait olsa da, diğer medeniyetler üzerindeki ihtişamımızı göstermeye devam edecek.</Text>
    </Row>
    <Row Tag="LOC_MOMENT_BUILDING_CONSTRUCTED_PAST_ERA_WONDER_INSTANCE_DESCRIPTION">
      <Text>{BuildingType}'te duran {CityName} vatandaşları şanlı geçmişlerini hatırlıyor.</Text>
    </Row>
    <Row Tag="LOC_MOMENT_CITY_BUILT_BECAME_LARGEST_CIV_BY_MARGIN">
      <Text>Dünyanın En Büyük Uygarlığı</Text>
    </Row>
    <Row Tag="LOC_MOMENT_CITY_BUILT_BECAME_LARGEST_CIV_BY_MARGIN_DESCRIPTION">
      <Text>Medeniyetiniz, bir sonraki en büyük rakibinden en az 3 daha fazla şehirle dünyanın en büyüğü haline geldi.</Text>
    </Row>
    <Row Tag="LOC_MOMENT_CITY_BUILT_BECAME_LARGEST_CIV_BY_MARGIN_INSTANCE_DESCRIPTION">
      <Text>{CityName} genişleyen imparatorluğumuzdaki en son şehir ve diğer medeniyetler hayranlıkla izliyor.</Text>
    </Row>
    <Row Tag="LOC_MOMENT_CITY_BUILT_NEAR_NATURAL_WONDER">
      <Text>Huşu Şehri</Text>
    </Row>
    <Row Tag="LOC_MOMENT_CITY_BUILT_NEAR_NATURAL_WONDER_DESCRIPTION">
      <Text>Bir şehir, bir doğa harikasının 2 kare yakınına yerleştirilir.</Text>
    </Row>
    <Row Tag="LOC_MOMENT_CITY_BUILT_NEAR_NATURAL_WONDER_INSTANCE_DESCRIPTION">
      <Text>{FeatureType}'ün ilham verici görüntüsü yeni şehrimiz {CityName}'ün vatandaşlarını sevinçle dolduruyor.</Text>
    </Row>
    <Row Tag="LOC_MOMENT_CITY_BUILT_NEAR_OTHER_CIV_CITY">
      <Text>Agresif Şehir Yerleşimi</Text>
    </Row>
    <Row Tag="LOC_MOMENT_CITY_BUILT_NEAR_OTHER_CIV_CITY_DESCRIPTION">
      <Text>Bir şehir, başka bir uygarlığın şehrinin 5 taş yakınına yerleştirilir.</Text>
    </Row>
    <Row Tag="LOC_MOMENT_CITY_BUILT_NEAR_OTHER_CIV_CITY_INSTANCE_DESCRIPTION">
      <Text>{LOC_GRAMMAR_CIVNAME &lt;&lt; {TargetPlayerCivName}}'in bürokratları, ([2]'yı kendi şehirleri {OtherCityName}'nin bu kadar yakınına yerleştirme cesaretimizden çok etkilendiler.)</Text>
    </Row>
    <Row Tag="LOC_MOMENT_CITY_BUILT_NEW_CONTINENT">
      <Text>Yeni Kıtadaki Şehir</Text>
    </Row>
    <Row Tag="LOC_MOMENT_CITY_BUILT_NEW_CONTINENT_DESCRIPTION">
      <Text>Henüz yerleşmediğiniz bir kıtaya bir şehir yerleştirilir.</Text>
    </Row>
    <Row Tag="LOC_MOMENT_CITY_BUILT_NEW_CONTINENT_INSTANCE_DESCRIPTION">
      <Text>{CityName}, {ContinentName} üzerindeki ilk yerleşim yeri olur!</Text>
    </Row>
    <Row Tag="LOC_MOMENT_CITY_BUILT_ON_DESERT">
      <Text>Çöl Şehri</Text>
    </Row>
    <Row Tag="LOC_MOMENT_CITY_BUILT_ON_DESERT_DESCRIPTION">
      <Text>Zorlu Çöl arazisinde bir şehir kurularak vahşi doğaya erişiminiz genişletilir.</Text>
    </Row>
    <Row Tag="LOC_MOMENT_CITY_BUILT_ON_DESERT_INSTANCE_DESCRIPTION">
      <Text>Ziyaretçiler {CityName}'nin sıcağından şikayetçi, ama en azından kuru bir sıcaklık.</Text>
    </Row>
    <Row Tag="LOC_MOMENT_CITY_BUILT_ON_SNOW">
      <Text>Kar Şehri</Text>
    </Row>
    <Row Tag="LOC_MOMENT_CITY_BUILT_ON_SNOW_DESCRIPTION">
      <Text>Zorlu Kar arazisi üzerinde bir şehir kurularak vahşi doğaya erişiminiz genişletilir.</Text>
    </Row>
    <Row Tag="LOC_MOMENT_CITY_BUILT_ON_SNOW_INSTANCE_DESCRIPTION">
      <Text>{CityName} vatandaşlarının "kar" için yüzlerce kelimesi vardır.</Text>
    </Row>
    <Row Tag="LOC_MOMENT_CITY_BUILT_ON_TUNDRA">
      <Text>Tundra Şehri</Text>
    </Row>
    <Row Tag="LOC_MOMENT_CITY_BUILT_ON_TUNDRA_DESCRIPTION">
      <Text>Zorlu Tundra arazisinde bir şehir kurularak erişim alanınız vahşi doğaya doğru genişletilir.</Text>
    </Row>
    <Row Tag="LOC_MOMENT_CITY_BUILT_ON_TUNDRA_INSTANCE_DESCRIPTION">
      <Text>{CityName} vatandaşları topraklarının engebeli güzelliği ve kendi dayanıklılıklarıyla gurur duyarlar.</Text>
    </Row>
    <Row Tag="LOC_MOMENT_CITY_CHANGED_RELIGION_ENEMY_CITY_DURING_WAR">
      <Text>Düşman Şehir Dinimizi Benimsiyor</Text>
    </Row>
    <Row Tag="LOC_MOMENT_CITY_CHANGED_RELIGION_ENEMY_CITY_DURING_WAR_DESCRIPTION">
      <Text>Düşman bir şehir, savaşta olmasına rağmen ışığı gördü ve Dinimizi benimsedi.</Text>
    </Row>
    <Row Tag="LOC_MOMENT_CITY_CHANGED_RELIGION_ENEMY_CITY_DURING_WAR_INSTANCE_DESCRIPTION">
      <Text>Cennet {CityName} halkının gözlerini açar ve {LOC_GRAMMAR_CIVNAME &lt;&lt; {ActingPlayerCivName}} ile savaş halindeyken bile {ReligionName}'nın sadık takipçilerine katılırlar.</Text>
    </Row>
    <Row Tag="LOC_MOMENT_CITY_CHANGED_RELIGION_OTHER_HOLY_CITY">
      <Text>Rakip Kutsal Şehir Dönüştürüldü</Text>
    </Row>
    <Row Tag="LOC_MOMENT_CITY_CHANGED_RELIGION_OTHER_HOLY_CITY_DESCRIPTION">
      <Text>Başka bir dinin kutsal şehri bizim dinimize geçti.</Text>
    </Row>
    <Row Tag="LOC_MOMENT_CITY_CHANGED_RELIGION_OTHER_HOLY_CITY_INSTANCE_DESCRIPTION">
      <Text>{CityName} bir zamanlar {OldReligionName}'in beşiğiydi, ancak şimdi sadıklar {ReligionName} tapınaklarına akın ediyor.</Text>
    </Row>
    <Row Tag="LOC_MOMENT_CITY_SIZE_EXTRA_LARGE_FIRST">
      <Text>İlk Devasa Şehir</Text>
    </Row>
    <Row Tag="LOC_MOMENT_CITY_SIZE_EXTRA_LARGE_FIRST_DESCRIPTION">
      <Text>Uygarlığınızda ilk kez bir şehir 25 [ICON_Citizen] Nüfusa ulaştı.</Text>
    </Row>
    <Row Tag="LOC_MOMENT_CITY_SIZE_EXTRA_LARGE_FIRST_INSTANCE_DESCRIPTION">
      <Text>Kulelerinden apartmanlarına, {CityName} vatandaşları medeniyetimizin en büyük şehrine duydukları vatandaşlık gururuyla bağlıdırlar.</Text>
    </Row>
    <Row Tag="LOC_MOMENT_CITY_SIZE_EXTRA_LARGE_FIRST_IN_WORLD">
      <Text>Dünyanın İlk Devasa Şehri</Text>
    </Row>
    <Row Tag="LOC_MOMENT_CITY_SIZE_EXTRA_LARGE_FIRST_IN_WORLD_DESCRIPTION">
      <Text>Dünyada ilk kez bir şehir 25 [ICON_Citizen] nüfusa ulaştı.</Text>
    </Row>
    <Row Tag="LOC_MOMENT_CITY_SIZE_EXTRA_LARGE_FIRST_IN_WORLD_INSTANCE_DESCRIPTION">
      <Text>Hareketli ve kozmopolit {CityName} asla uyumaz, ancak vatandaşlarının hikayeleri muhteşem bir ortak uyanıklık rüyasında birlikte örülür.</Text>
    </Row>
    <Row Tag="LOC_MOMENT_CITY_SIZE_LARGE_FIRST">
      <Text>İlk Devasa Şehir</Text>
    </Row>
    <Row Tag="LOC_MOMENT_CITY_SIZE_LARGE_FIRST_DESCRIPTION">
      <Text>Uygarlığınızda ilk kez bir şehir 20 [ICON_Citizen] Nüfusa ulaştı.</Text>
    </Row>
    <Row Tag="LOC_MOMENT_CITY_SIZE_LARGE_FIRST_INSTANCE_DESCRIPTION">
      <Text>Çelişkili bir şekilde, {CityName} vatandaşları hem şehirlerinin büyüklüğüyle inanılmaz derecede gurur duyuyor hem de ne kadar kalabalıklaştığından şikayet etmekten asla vazgeçmiyorlar.</Text>
    </Row>
    <Row Tag="LOC_MOMENT_CITY_SIZE_LARGE_FIRST_IN_WORLD">
      <Text>Dünyanın İlk Devasa Şehri</Text>
    </Row>
    <Row Tag="LOC_MOMENT_CITY_SIZE_LARGE_FIRST_IN_WORLD_DESCRIPTION">
      <Text>Dünyada ilk kez bir şehir 20 [ICON_Citizen] nüfusa ulaştı.</Text>
    </Row>
    <Row Tag="LOC_MOMENT_CITY_SIZE_LARGE_FIRST_IN_WORLD_INSTANCE_DESCRIPTION">
      <Text>{CityName}'nin bulvar ve caddelerinde yürüyen kalabalığı görmeden ve insanlığın en büyük şehrinin manzarasını seyretmeden yaşamış sayılmazsınız derler.</Text>
    </Row>
    <Row Tag="LOC_MOMENT_CITY_SIZE_MEDIUM_FIRST">
      <Text>İlk Büyük Şehir</Text>
    </Row>
    <Row Tag="LOC_MOMENT_CITY_SIZE_MEDIUM_FIRST_DESCRIPTION">
      <Text>Uygarlığınızda ilk kez bir şehir 15 [ICON_Citizen] Nüfusa ulaştı.</Text>
    </Row>
    <Row Tag="LOC_MOMENT_CITY_SIZE_MEDIUM_FIRST_INSTANCE_DESCRIPTION">
      <Text>{CityName} daha da genişler ve halkımızın en büyük şehri haline gelir.</Text>
    </Row>
    <Row Tag="LOC_MOMENT_CITY_SIZE_MEDIUM_FIRST_IN_WORLD">
      <Text>Dünyanın İlk Büyük Şehri</Text>
    </Row>
    <Row Tag="LOC_MOMENT_CITY_SIZE_MEDIUM_FIRST_IN_WORLD_DESCRIPTION">
      <Text>Dünyada ilk kez bir şehir 15 [ICON_Citizen] nüfusa ulaştı.</Text>
    </Row>
    <Row Tag="LOC_MOMENT_CITY_SIZE_MEDIUM_FIRST_IN_WORLD_INSTANCE_DESCRIPTION">
      <Text>{CityName} sakinleri dünyanın en büyük, en sofistike şehrinde yaşamakla övünürler.</Text>
    </Row>
    <Row Tag="LOC_MOMENT_CITY_SIZE_SMALL_FIRST">
      <Text>İlk Hareketli Şehir</Text>
    </Row>
    <Row Tag="LOC_MOMENT_CITY_SIZE_SMALL_FIRST_DESCRIPTION">
      <Text>Uygarlığınızda ilk kez bir şehir 10 [ICON_Citizen] Nüfusa ulaştı.</Text>
    </Row>
    <Row Tag="LOC_MOMENT_CITY_SIZE_SMALL_FIRST_INSTANCE_DESCRIPTION">
      <Text>{CityName} büyüyor ve halkı gelişen metropol hayatından gurur duyuyor.</Text>
    </Row>
    <Row Tag="LOC_MOMENT_CITY_SIZE_SMALL_FIRST_IN_WORLD">
      <Text>Dünyanın İlk Hareketli Şehri</Text>
    </Row>
    <Row Tag="LOC_MOMENT_CITY_SIZE_SMALL_FIRST_IN_WORLD_DESCRIPTION">
      <Text>Dünyada ilk kez bir şehir 10 [ICON_Citizen] nüfusa ulaştı.</Text>
    </Row>
    <Row Tag="LOC_MOMENT_CITY_SIZE_SMALL_FIRST_IN_WORLD_INSTANCE_DESCRIPTION">
      <Text>Ziyaretçiler dünyanın en büyük şehri olan {CityName}'den hayranlıkla bahsediyor. Bu kadar çok insan nasıl bir arada barış içinde yaşıyor?</Text>
    </Row>
    <Row Tag="LOC_MOMENT_CITY_TRANSFERRED_DISLOYAL_FOREIGN_CITY">
      <Text>Yabancı Şehir Katılıyor</Text>
    </Row>
    <Row Tag="LOC_MOMENT_CITY_TRANSFERRED_DISLOYAL_FOREIGN_CITY_DESCRIPTION">
      <Text>Yabancı bir şehir bunun yerine bize sadakat yemini ederek imparatorluğumuza katılmaya karar verdi.</Text>
    </Row>
    <Row Tag="LOC_MOMENT_CITY_TRANSFERRED_DISLOYAL_FOREIGN_CITY_INSTANCE_DESCRIPTION">
      <Text>{CityName} halkı artık kendilerini {LOC_GRAMMAR_CIVNAME &lt;&lt; {TargetPlayerCivName}}'in bir parçası olarak hissetmiyor ve medeniyetimize katılmayı kabul ediyor.</Text>
    </Row>
    <Row Tag="LOC_MOMENT_CITY_TRANSFERRED_DISLOYAL_FREE_CITY">
      <Text>Özgür Şehir Katılıyor</Text>
    </Row>
    <Row Tag="LOC_MOMENT_CITY_TRANSFERRED_DISLOYAL_FREE_CITY_DESCRIPTION">
      <Text>Bir Özgür Şehir, imparatorluğumuza katılarak bize sadakat yemini etmeye karar verdi.</Text>
    </Row>
    <Row Tag="LOC_MOMENT_CITY_TRANSFERRED_DISLOYAL_FREE_CITY_INSTANCE_DESCRIPTION">
      <Text>{CityName} vatandaşları bizimle bir yakınlık hissediyor ve medeniyetimize isteyerek giriyorlar.</Text>
    </Row>
    <Row Tag="LOC_MOMENT_CITY_TRANSFERRED_FOREIGN_CAPITAL">
      <Text>Alınan Yabancı Sermaye</Text>
    </Row>
    <Row Tag="LOC_MOMENT_CITY_TRANSFERRED_FOREIGN_CAPITAL_DESCRIPTION">
      <Text>Yabancı bir gücün asıl başkentinin kontrolünü ele geçirdiniz.</Text>
    </Row>
    <Row Tag="LOC_MOMENT_CITY_TRANSFERRED_FOREIGN_CAPITAL_INSTANCE_DESCRIPTION">
      <Text>{LOC_GRAMMAR_CIVNAME &lt;&lt; {TargetPlayerCivName}}'in eski başkenti {CityName}, artık medeniyetimizin bir parçası!</Text>
    </Row>
    <Row Tag="LOC_MOMENT_CITY_TRANSFERRED_PLAYER_DEFEATED">
      <Text>Son Yabancı Şehir Alındı</Text>
    </Row>
    <Row Tag="LOC_MOMENT_CITY_TRANSFERRED_PLAYER_DEFEATED_DESCRIPTION">
      <Text>Bir medeniyetin kalan son şehrinin kontrolünü ele geçirdiniz.</Text>
    </Row>
    <Row Tag="LOC_MOMENT_CITY_TRANSFERRED_PLAYER_DEFEATED_INSTANCE_DESCRIPTION">
      <Text>{LOC_GRAMMAR_CIVNAME_UPPER &lt;&lt; {TargetPlayerCivName}} zaman testine dayanamayacaktır.</Text>
    </Row>
    <Row Tag="LOC_MOMENT_CITY_TRANSFERRED_TO_ORIGINAL_OWNER">
      <Text>Şehir Asıl Sahibine Geri Dönüyor</Text>
    </Row>
    <Row Tag="LOC_MOMENT_CITY_TRANSFERRED_TO_ORIGINAL_OWNER_DESCRIPTION">
      <Text>Bir şehir asıl sahibine geri döndü.</Text>
    </Row>
    <Row Tag="LOC_MOMENT_CITY_TRANSFERRED_TO_ORIGINAL_OWNER_INSTANCE_DESCRIPTION">
      <Text>{CityName} bir kez daha {LOC_GRAMMAR_CIVNAME &lt;&lt; {ActingPlayerCivName}}'e geri döner!</Text>
    </Row>
    <Row Tag="LOC_MOMENT_CIVIC_CULTURVATED_IN_ERA_FIRST">
      <Text>Yeni Dönemin İlk Civic'i</Text>
    </Row>
    <Row Tag="LOC_MOMENT_CIVIC_CULTURVATED_IN_ERA_FIRST_DESCRIPTION">
      <Text>Uygarlığınızın yeni bir keşif çağındaki ilk uygarlığını tamamladınız.</Text>
    </Row>
    <Row Tag="LOC_MOMENT_CIVIC_CULTURVATED_IN_ERA_FIRST_INSTANCE_DESCRIPTION">
      <Text>Başkaları ne derse desin, {PlayerEraType} kültürünün gerçek anlamda gelişmesi {CivicType}'nın {LOC_GRAMMAR_CIVNAME &lt;&lt; {ActingPlayerCivName}} tarafından keşfedilmesiyle başlamıştır.</Text>
    </Row>
    <Row Tag="LOC_MOMENT_CIVIC_CULTURVATED_IN_ERA_FIRST_IN_WORLD">
      <Text>Dünyanın İlk Yeni Dönem Civic'i</Text>
    </Row>
    <Row Tag="LOC_MOMENT_CIVIC_CULTURVATED_IN_ERA_FIRST_IN_WORLD_DESCRIPTION">
      <Text>Yeni bir keşif çağından dünyanın ilk sivilini tamamladınız.</Text>
    </Row>
    <Row Tag="LOC_MOMENT_CIVIC_CULTURVATED_IN_ERA_FIRST_IN_WORLD_INSTANCE_DESCRIPTION">
      <Text>{CivicType} ifademiz insanlığın {PlayerEraType}'teki geleceğini belirleyecektir!</Text>
    </Row>
    <Row Tag="LOC_MOMENT_DISTRICT_CONSTRUCTED_FIRST_UNIQUE">
      <Text>Benzersiz Bölge Tamamlandı</Text>
    </Row>
    <Row Tag="LOC_MOMENT_DISTRICT_CONSTRUCTED_FIRST_UNIQUE_DESCRIPTION">
      <Text>Bu eşsiz bölgeyi ilk kez tamamladınız.</Text>
    </Row>
    <Row Tag="LOC_MOMENT_DISTRICT_CONSTRUCTED_FIRST_UNIQUE_INSTANCE_DESCRIPTION">
      <Text>{DistrictType} bir kaza değil, halkımızın eşsiz dehasının bir sonucudur.</Text>
    </Row>
    <Row Tag="LOC_MOMENT_DISTRICT_CONSTRUCTED_HIGH_ADJACENCY_CAMPUS">
      <Text>Görkemli Kampüs Tamamlandı</Text>
    </Row>
    <Row Tag="LOC_MOMENT_DISTRICT_CONSTRUCTED_HIGH_ADJACENCY_CAMPUS_DESCRIPTION">
      <Text>Uygarlığınızın ilk Kampüsünü 3 [ICON_Science] Bilim veya daha yüksek bir başlangıç bitişiklik bonusuyla tamamladınız.</Text>
    </Row>
    <Row Tag="LOC_MOMENT_DISTRICT_CONSTRUCTED_HIGH_ADJACENCY_CAMPUS_INSTANCE_DESCRIPTION">
      <Text>Kampüsün {CityName} yakınındaki avlularda yürürken ve sınıfların dışında oyalanırken, akademisyenlerin dünyayı değiştirecek fikirleri tartıştıklarını duyabilirsiniz.</Text>
    </Row>
    <Row Tag="LOC_MOMENT_DISTRICT_CONSTRUCTED_HIGH_ADJACENCY_COMMERCIAL_HUB">
      <Text>Görkemli Ticaret Merkezi Tamamlandı</Text>
    </Row>
    <Row Tag="LOC_MOMENT_DISTRICT_CONSTRUCTED_HIGH_ADJACENCY_COMMERCIAL_HUB_DESCRIPTION">
      <Text>Uygarlığınızın ilk Ticari Merkezini 4 [ICON_Gold] Altın veya daha yüksek bir başlangıç bitişiklik bonusuyla tamamladınız.</Text>
    </Row>
    <Row Tag="LOC_MOMENT_DISTRICT_CONSTRUCTED_HIGH_ADJACENCY_COMMERCIAL_HUB_INSTANCE_DESCRIPTION">
      <Text>İnsanların {CityName} Ticaret Merkezi'ne sadece piyasadaki alım satım heyecanı için çekildiğini söylüyorlar. Ancak para da oldukça iyi.</Text>
    </Row>
    <Row Tag="LOC_MOMENT_DISTRICT_CONSTRUCTED_HIGH_ADJACENCY_HARBOR">
      <Text>Splendid Limanı Tamamlandı</Text>
    </Row>
    <Row Tag="LOC_MOMENT_DISTRICT_CONSTRUCTED_HIGH_ADJACENCY_HARBOR_DESCRIPTION">
      <Text>Uygarlığınızın ilk Limanını 4 [ICON_Gold] Altın veya daha yüksek bir başlangıç bitişiklik bonusuyla tamamladınız.</Text>
    </Row>
    <Row Tag="LOC_MOMENT_DISTRICT_CONSTRUCTED_HIGH_ADJACENCY_HARBOR_INSTANCE_DESCRIPTION">
      <Text>Denizciler ve liman işçileri {CityName} Limanı'ndaki hareketli rıhtımlar boyunca bağırıp şarkılar söylüyorlar.</Text>
    </Row>
    <Row Tag="LOC_MOMENT_DISTRICT_CONSTRUCTED_HIGH_ADJACENCY_HOLY_SITE">
      <Text>Görkemli Kutsal Alan Tamamlandı</Text>
    </Row>
    <Row Tag="LOC_MOMENT_DISTRICT_CONSTRUCTED_HIGH_ADJACENCY_HOLY_SITE_DESCRIPTION">
      <Text>Uygarlığınızın ilk Kutsal Bölgesini 3 [ICON_Faith] İnanç veya daha yüksek bir başlangıç bitişiklik bonusuyla tamamladınız.</Text>
    </Row>
    <Row Tag="LOC_MOMENT_DISTRICT_CONSTRUCTED_HIGH_ADJACENCY_HOLY_SITE_INSTANCE_DESCRIPTION">
      <Text>Çanlar ve ilahiler, tütsüler ve ikonalar, {CityName} Kutsal Alanı, ibadet edenleri ve hacıları daha yüksek meseleleri tefekkür etmeye getirir.</Text>
    </Row>
    <Row Tag="LOC_MOMENT_DISTRICT_CONSTRUCTED_HIGH_ADJACENCY_INDUSTRIAL_ZONE">
      <Text>Görkemli Sanayi Bölgesi Tamamlandı</Text>
    </Row>
    <Row Tag="LOC_MOMENT_DISTRICT_CONSTRUCTED_HIGH_ADJACENCY_INDUSTRIAL_ZONE_DESCRIPTION">
      <Text>Uygarlığınızın ilk Sanayi Bölgesini 4 [ICON_Production] Üretim veya daha yüksek bir başlangıç bitişiklik bonusuyla tamamladınız.</Text>
    </Row>
    <Row Tag="LOC_MOMENT_DISTRICT_CONSTRUCTED_HIGH_ADJACENCY_INDUSTRIAL_ZONE_INSTANCE_DESCRIPTION">
      <Text>Düdük sesleri yeni bir vardiyanın başladığını gösteriyor ve {CityName}'den gelen işçiler iyi bir gün geçirmeye hazır bir şekilde Sanayi Bölgesine akın ediyor.</Text>
    </Row>
    <Row Tag="LOC_MOMENT_DISTRICT_CONSTRUCTED_HIGH_ADJACENCY_THEATER_SQUARE">
      <Text>Görkemli Tiyatro Meydanı Tamamlandı</Text>
    </Row>
    <Row Tag="LOC_MOMENT_DISTRICT_CONSTRUCTED_HIGH_ADJACENCY_THEATER_SQUARE_DESCRIPTION">
      <Text>Uygarlığınızın ilk Tiyatro Meydanını 3 [ICON_Culture] Kültür veya daha yüksek bir başlangıç bitişiklik bonusuyla tamamladınız.</Text>
    </Row>
    <Row Tag="LOC_MOMENT_DISTRICT_CONSTRUCTED_HIGH_ADJACENCY_THEATER_SQUARE_INSTANCE_DESCRIPTION">
      <Text>Keyifli şarkılar, ilham verici sözler. {CityName}'nin sanatçıları, şairleri ve oyun yazarları Tiyatro Meydanımızın sokaklarında dolaşıyor.</Text>
    </Row>
    <Row Tag="LOC_MOMENT_DISTRICT_CONSTRUCTED_NEIGHBORHOOD_FIRST">
      <Text>İlk Mahalle Tamamlandı</Text>
    </Row>
    <Row Tag="LOC_MOMENT_DISTRICT_CONSTRUCTED_NEIGHBORHOOD_FIRST_DESCRIPTION">
      <Text>Medeniyetinizin ilk Mahalle bölgesini tamamladınız.</Text>
    </Row>
    <Row Tag="LOC_MOMENT_DISTRICT_CONSTRUCTED_NEIGHBORHOOD_FIRST_INSTANCE_DESCRIPTION">
      <Text>{CityName} vatandaşları, {CityName}'te yaşamaktan daha iyi olan tek şeyin, onun dışında biraz daha temiz bir yerde yaşamak olduğunu ilk keşfedenlerdir.</Text>
    </Row>
    <Row Tag="LOC_MOMENT_DISTRICT_CONSTRUCTED_NEIGHBORHOOD_FIRST_IN_WORLD">
      <Text>Dünyanın İlk Mahallesi</Text>
    </Row>
    <Row Tag="LOC_MOMENT_DISTRICT_CONSTRUCTED_NEIGHBORHOOD_FIRST_IN_WORLD_DESCRIPTION">
      <Text>Dünyanın ilk Mahalle bölgesini tamamladınız.</Text>
    </Row>
    <Row Tag="LOC_MOMENT_DISTRICT_CONSTRUCTED_NEIGHBORHOOD_FIRST_IN_WORLD_INSTANCE_DESCRIPTION">
      <Text>{CityName} vatandaşları, {CityName}'te yaşamaktan daha iyi olan tek şeyin, onun dışında biraz daha temiz bir yerde yaşamak olduğunu dünyada ilk keşfedenlerdir.</Text>
    </Row>
    <Row Tag="LOC_MOMENT_EMERGENCY_WON_AS_MEMBER">
      <Text>Acil Durum Başarıyla Tamamlandı</Text>
    </Row>
    <Row Tag="LOC_MOMENT_EMERGENCY_WON_AS_MEMBER_DESCRIPTION">
      <Text>Bir üye olarak, bir Acil Durum'da başarılı oldunuz.</Text>
    </Row>
    <Row Tag="LOC_MOMENT_EMERGENCY_WON_AS_MEMBER_INSTANCE_DESCRIPTION">
      <Text>{EmergencyType} ile {LOC_GRAMMAR_CIVNAME &lt;&lt; {TargetPlayerCivName}} arasındaki mücadele sona erdi ve biz zaferle çıktık. Ama gelecek ne getirecek?</Text>
    </Row>
    <Row Tag="LOC_MOMENT_EMERGENCY_WON_AS_TARGET">
      <Text>Acil Durum Başarıyla Savunuldu</Text>
    </Row>
    <Row Tag="LOC_MOMENT_EMERGENCY_WON_AS_TARGET_DESCRIPTION">
      <Text>Hedef olarak, size karşı bir Acil Durum'u savuşturmayı başardınız.</Text>
    </Row>
    <Row Tag="LOC_MOMENT_EMERGENCY_WON_AS_TARGET_INSTANCE_DESCRIPTION">
      <Text>Kıskanç uygarlıkların orduları halkımızı durdurmayı başaramadı! {EmergencyType} suçlama ve suçlama içinde çözülür.</Text>
    </Row>
    <Row Tag="LOC_MOMENT_FIND_NATURAL_WONDER">
      <Text>Bir Doğa Harikasının Keşfi</Text>
    </Row>
    <Row Tag="LOC_MOMENT_FIND_NATURAL_WONDER_DESCRIPTION">
      <Text>Uygarlığınız bu doğa harikasını ilk kez keşfediyor.</Text>
    </Row>
    <Row Tag="LOC_MOMENT_FIND_NATURAL_WONDER_INSTANCE_DESCRIPTION">
      <Text>{LOC_GRAMMAR_CIVNAME &lt;&lt; {ActingPlayerCivName}}'ün kaşifleri {FeatureType}'in görkemini keşfederler.</Text>
    </Row>
    <Row Tag="LOC_MOMENT_FIND_NATURAL_WONDER_FIRST_IN_WORLD">
      <Text>Bir Doğa Harikasının İlk Keşfi</Text>
    </Row>
    <Row Tag="LOC_MOMENT_FIND_NATURAL_WONDER_FIRST_IN_WORLD_DESCRIPTION">
      <Text>Medeniyetimizin kaşifleri, dünyada bu doğa harikasını gören ilk kişilerdir.</Text>
    </Row>
    <Row Tag="LOC_MOMENT_FIND_NATURAL_WONDER_FIRST_IN_WORLD_INSTANCE_DESCRIPTION">
      <Text>{LOC_GRAMMAR_CIVNAME &lt;&lt; {ActingPlayerCivName}}'ün kaşifleri {FeatureType}'i gören ilk büyük uygarlıktır!</Text>
    </Row>
    <Row Tag="LOC_MOMENT_FIND_NEW_CONTINENT_FIRST_IN_WORLD">
      <Text>Yeni Bir Kıtanın İlk Keşfi</Text>
    </Row>
    <Row Tag="LOC_MOMENT_FIND_NEW_CONTINENT_FIRST_IN_WORLD_DESCRIPTION">
      <Text>Medeniyetimizin kaşifleri dünyada bu kıtayı bulan ilk kaşiflerdir.</Text>
    </Row>
    <Row Tag="LOC_MOMENT_FIND_NEW_CONTINENT_FIRST_IN_WORLD_INSTANCE_DESCRIPTION">
      <Text>{LOC_GRAMMAR_CIVNAME &lt;&lt; {ActingPlayerCivName}}'ün kaşifleri {ContinentName} kıtasına ayak basan ilk büyük uygarlıktır!</Text>
    </Row>
    <Row Tag="LOC_MOMENT_FORMATION_ARMADA_FIRST">
      <Text>İlk Armada</Text>
    </Row>
    <Row Tag="LOC_MOMENT_FORMATION_ARMADA_FIRST_DESCRIPTION">
      <Text>Uygarlığınızın ilk donanması kuruldu.</Text>
    </Row>
    <Row Tag="LOC_MOMENT_FORMATION_ARMADA_FIRST_INSTANCE_DESCRIPTION">
      <Text>{UnitType}'nin güvertesinden, her biri medeniyetimizin bayrağını dalgalandıran, uzaklara uzanan ilk Armada'mızın gemileri görülebilir.</Text>
    </Row>
    <Row Tag="LOC_MOMENT_FORMATION_ARMADA_FIRST_IN_WORLD">
      <Text>Dünyanın İlk Donanması</Text>
    </Row>
    <Row Tag="LOC_MOMENT_FORMATION_ARMADA_FIRST_IN_WORLD_DESCRIPTION">
      <Text>Dünyanın ilk donanması sizin komutanız altında kuruldu.</Text>
    </Row>
    <Row Tag="LOC_MOMENT_FORMATION_ARMADA_FIRST_IN_WORLD_INSTANCE_DESCRIPTION">
      <Text>Dünyanın ilk Armada'sının muazzam gücü, emrimizle açık denizlere çıkmaya hazır!</Text>
    </Row>
    <Row Tag="LOC_MOMENT_FORMATION_ARMY_FIRST">
      <Text>Birinci Ordu</Text>
    </Row>
    <Row Tag="LOC_MOMENT_FORMATION_ARMY_FIRST_DESCRIPTION">
      <Text>Uygarlığınızın ilk ordusu kuruldu.</Text>
    </Row>
    <Row Tag="LOC_MOMENT_FORMATION_ARMY_FIRST_INSTANCE_DESCRIPTION">
      <Text>Birinci Ordumuzun kuvvetleri görünüşte sonu gelmeyen bir alay halinde ilerliyor!</Text>
    </Row>
    <Row Tag="LOC_MOMENT_FORMATION_ARMY_FIRST_IN_WORLD">
      <Text>Dünyanın İlk Ordusu</Text>
    </Row>
    <Row Tag="LOC_MOMENT_FORMATION_ARMY_FIRST_IN_WORLD_DESCRIPTION">
      <Text>Dünyanın ilk ordusu sizin komutanız altında kuruldu.</Text>
    </Row>
    <Row Tag="LOC_MOMENT_FORMATION_ARMY_FIRST_IN_WORLD_INSTANCE_DESCRIPTION">
      <Text>Dünya bizim {UnitType} ordumuz gibi bir orduyu daha önce hiç görmedi! Gücümüz eşsizdir.</Text>
    </Row>
    <Row Tag="LOC_MOMENT_FORMATION_CORPS_FIRST">
      <Text>Birinci Kolordu</Text>
    </Row>
    <Row Tag="LOC_MOMENT_FORMATION_CORPS_FIRST_DESCRIPTION">
      <Text>Uygarlığınızın ilk Kolordusu kuruldu.</Text>
    </Row>
    <Row Tag="LOC_MOMENT_FORMATION_CORPS_FIRST_INSTANCE_DESCRIPTION">
      <Text>Tek bir birlikten daha güçlü olan Birinci Kolordumuz, medeniyeti korumak için hazır bekliyor.</Text>
    </Row>
    <Row Tag="LOC_MOMENT_FORMATION_CORPS_FIRST_IN_WORLD">
      <Text>Dünyanın İlk Kolordusu</Text>
    </Row>
    <Row Tag="LOC_MOMENT_FORMATION_CORPS_FIRST_IN_WORLD_DESCRIPTION">
      <Text>Dünyanın ilk Kolordusu sizin komutanız altında kuruldu.</Text>
    </Row>
    <Row Tag="LOC_MOMENT_FORMATION_CORPS_FIRST_IN_WORLD_INSTANCE_DESCRIPTION">
      <Text>Personelimiz, dünyanın ilk Kolordusunun harekete geçmeye hazır olduğunu bildiriyor!</Text>
    </Row>
    <Row Tag="LOC_MOMENT_FORMATION_FLEET_FIRST">
      <Text>Birinci Filo</Text>
    </Row>
    <Row Tag="LOC_MOMENT_FORMATION_FLEET_FIRST_DESCRIPTION">
      <Text>Uygarlığınızın ilk filosu kuruldu.</Text>
    </Row>
    <Row Tag="LOC_MOMENT_FORMATION_FLEET_FIRST_INSTANCE_DESCRIPTION">
      <Text>İlk filomuz toplanırken herkes bayrağı selamlasın!</Text>
    </Row>
    <Row Tag="LOC_MOMENT_FORMATION_FLEET_FIRST_IN_WORLD">
      <Text>Dünyanın İlk Filosu</Text>
    </Row>
    <Row Tag="LOC_MOMENT_FORMATION_FLEET_FIRST_IN_WORLD_DESCRIPTION">
      <Text>Dünyanın ilk filosu sizin komutanız altında kuruldu.</Text>
    </Row>
    <Row Tag="LOC_MOMENT_FORMATION_FLEET_FIRST_IN_WORLD_INSTANCE_DESCRIPTION">
      <Text>Toplanan kaptanların hepsi gemilerinin demir almaya hazır olduğunu bildiriyor, çünkü dünyanın ilk Filosu harekete geçmeye hazır!</Text>
    </Row>
    <Row Tag="LOC_MOMENT_GAME_ERA_STARTED_WITH_DARK_AGE">
      <Text>Karanlık Çağ Başlıyor</Text>
    </Row>
    <Row Tag="LOC_MOMENT_GAME_ERA_STARTED_WITH_DARK_AGE_DESCRIPTION">
      <Text>Oyun yeni bir çağa giriyor ve uygarlığınızın üstesinden gelmesi gereken Karanlık Çağ zorlukları var.</Text>
    </Row>
    <Row Tag="LOC_MOMENT_GAME_ERA_STARTED_WITH_DARK_AGE_INSTANCE_DESCRIPTION">
      <Text>Oyun {PlayerEraType} dönemine giriyor ve uygarlığınızın üstesinden gelmesi gereken Karanlık Çağ zorlukları var.</Text>
    </Row>
    <Row Tag="LOC_MOMENT_GAME_ERA_STARTED_WITH_GOLDEN_AGE">
      <Text>Altın Çağ Başlıyor</Text>
    </Row>
    <Row Tag="LOC_MOMENT_GAME_ERA_STARTED_WITH_GOLDEN_AGE_DESCRIPTION">
      <Text>Oyun yeni bir çağa giriyor ve medeniyetiniz bir Altın Çağ kazandı.</Text>
    </Row>
    <Row Tag="LOC_MOMENT_GAME_ERA_STARTED_WITH_GOLDEN_AGE_INSTANCE_DESCRIPTION">
      <Text>Oyun {PlayerEraType} dönemine girer ve uygarlığınız bir Altın Çağ kazanmıştır.</Text>
    </Row>
    <Row Tag="LOC_MOMENT_GAME_ERA_STARTED_WITH_HEROIC_AGE">
      <Text>Kahramanlık Çağı Başlıyor</Text>
    </Row>
    <Row Tag="LOC_MOMENT_GAME_ERA_STARTED_WITH_HEROIC_AGE_DESCRIPTION">
      <Text>Oyun yeni bir çağa giriyor ve uygarlığınız geçmiş zorlukların üstesinden gelerek bir Kahramanlık Çağı kazandı.</Text>
    </Row>
    <Row Tag="LOC_MOMENT_GAME_ERA_STARTED_WITH_HEROIC_AGE_INSTANCE_DESCRIPTION">
      <Text>Oyun {PlayerEraType} dönemine girer ve uygarlığınız geçmiş zorlukların üstesinden gelerek bir Kahramanlık Çağı kazanmıştır.</Text>
    </Row>
    <Row Tag="LOC_MOMENT_GAME_ERA_STARTED_WITH_NORMAL_AGE">
      <Text>Normal Yaş Başlıyor</Text>
    </Row>
    <Row Tag="LOC_MOMENT_GAME_ERA_STARTED_WITH_NORMAL_AGE_DESCRIPTION">
      <Text>Oyun yeni bir çağa giriyor ve Karanlık Çağ'dan kurtulmuş oluyorsunuz.</Text>
    </Row>
    <Row Tag="LOC_MOMENT_GAME_ERA_STARTED_WITH_NORMAL_AGE_INSTANCE_DESCRIPTION">
      <Text>Oyun {PlayerEraType}'ye girer ve bir Karanlık Çağ'dan kaçınmış olursunuz.</Text>
    </Row>
    <Row Tag="LOC_MOMENT_GOODY_HUT_TRIGGERED">
      <Text>Temas Edilen Kabile Köyü</Text>
    </Row>
    <Row Tag="LOC_MOMENT_GOODY_HUT_TRIGGERED_DESCRIPTION">
      <Text>Gelişmekte olan şehirlerimize güç veren bir Kabile Köyü ile temasa geçildi.</Text>
    </Row>
    <Row Tag="LOC_MOMENT_GOODY_HUT_TRIGGERED_INSTANCE_DESCRIPTION">
      <Text>Köylüler medeniyetimize katılırken hediyeler getiriyorlar.</Text>
    </Row>
    <Row Tag="LOC_MOMENT_GOVERNMENT_ENACTED_TIER_1_FIRST">
      <Text>Birinci Kademe 1 Hükümet</Text>
    </Row>
    <Row Tag="LOC_MOMENT_GOVERNMENT_ENACTED_TIER_1_FIRST_DESCRIPTION">
      <Text>Uygarlığınız ilk 1. Kademe Hükümetini benimsiyor.</Text>
    </Row>
    <Row Tag="LOC_MOMENT_GOVERNMENT_ENACTED_TIER_1_FIRST_INSTANCE_DESCRIPTION">
      <Text>{LOC_GRAMMAR_CIVNAME &lt;&lt; {ActingPlayerCivName}}, {GovernmentType} tarafından yönetilmeyi benimseyerek vatandaşlar için yeni bir siyasi çağ başlatır.</Text>
    </Row>
    <Row Tag="LOC_MOMENT_GOVERNMENT_ENACTED_TIER_1_FIRST_IN_WORLD">
      <Text>Dünyanın İlk 1. Kademe Hükümeti</Text>
    </Row>
    <Row Tag="LOC_MOMENT_GOVERNMENT_ENACTED_TIER_1_FIRST_IN_WORLD_DESCRIPTION">
      <Text>Uygarlığınız dünyada 1. Kademe Hükümeti benimseyen ilk uygarlıktır.</Text>
    </Row>
    <Row Tag="LOC_MOMENT_GOVERNMENT_ENACTED_TIER_1_FIRST_IN_WORLD_INSTANCE_DESCRIPTION">
      <Text>{LOC_GRAMMAR_CIVNAME &lt;&lt; {ActingPlayerCivName}} halkı, siyasi felsefelerinin büyük sentezi olan {GovernmentType} hükümetini benimser.</Text>
    </Row>
    <Row Tag="LOC_MOMENT_GOVERNMENT_ENACTED_TIER_2_FIRST">
      <Text>Birinci Kademe 2 Hükümet</Text>
    </Row>
    <Row Tag="LOC_MOMENT_GOVERNMENT_ENACTED_TIER_2_FIRST_DESCRIPTION">
      <Text>Uygarlığınız ilk Kademe 2 Hükümetini kabul etti.</Text>
    </Row>
    <Row Tag="LOC_MOMENT_GOVERNMENT_ENACTED_TIER_2_FIRST_INSTANCE_DESCRIPTION">
      <Text>Eski yönetim gelenekleri evrim geçirir ve {ActingPlayerLeaderName} yeni yönetim şekli olarak {GovernmentType}'ü seçer.</Text>
    </Row>
    <Row Tag="LOC_MOMENT_GOVERNMENT_ENACTED_TIER_2_FIRST_IN_WORLD">
      <Text>Dünyadaki İlk 2. Kademe Hükümet</Text>
    </Row>
    <Row Tag="LOC_MOMENT_GOVERNMENT_ENACTED_TIER_2_FIRST_IN_WORLD_DESCRIPTION">
      <Text>Uygarlığınız dünyada 2. Kademe Hükümeti benimseyen ilk uygarlıktır.</Text>
    </Row>
    <Row Tag="LOC_MOMENT_GOVERNMENT_ENACTED_TIER_2_FIRST_IN_WORLD_INSTANCE_DESCRIPTION">
      <Text>Eski yöntemler iyiydi, ancak zaman onların zayıflığını gösterdi. {LOC_GRAMMAR_CIVNAME &lt;&lt; {ActingPlayerCivName}} halkı {GovernmentType}'i benimseyerek yeni bir güç bulmuştur.</Text>
    </Row>
    <Row Tag="LOC_MOMENT_GOVERNMENT_ENACTED_TIER_3_FIRST">
      <Text>Birinci Kademe 3 Hükümet</Text>
    </Row>
    <Row Tag="LOC_MOMENT_GOVERNMENT_ENACTED_TIER_3_FIRST_DESCRIPTION">
      <Text>Uygarlığınız ilk 3. Kademe Hükümetini kabul etti.</Text>
    </Row>
    <Row Tag="LOC_MOMENT_GOVERNMENT_ENACTED_TIER_3_FIRST_INSTANCE_DESCRIPTION">
      <Text>Geçmişin onurlu gelenekleri, {LOC_GRAMMAR_CIVNAME &lt;&lt; {ActingPlayerCivName}}'in seçtiği yeni {GovernmentType} hükümetinin bir parçasını oluşturmaya devam edecektir.</Text>
    </Row>
    <Row Tag="LOC_MOMENT_GOVERNMENT_ENACTED_TIER_3_FIRST_IN_WORLD">
      <Text>Dünyadaki İlk 3. Kademe Hükümet</Text>
    </Row>
    <Row Tag="LOC_MOMENT_GOVERNMENT_ENACTED_TIER_3_FIRST_IN_WORLD_DESCRIPTION">
      <Text>Uygarlığınız dünyada 3. Kademe Hükümeti benimseyen ilk uygarlıktır.</Text>
    </Row>
    <Row Tag="LOC_MOMENT_GOVERNMENT_ENACTED_TIER_3_FIRST_IN_WORLD_INSTANCE_DESCRIPTION">
      <Text>{LOC_GRAMMAR_CIVNAME &lt;&lt; {ActingPlayerCivName}} geleceğin yeni hükümeti olarak {GovernmentType}'i seçerken, yüzyıllardır süregelen siyasi felsefe nihai ifadesine ulaşıyor.</Text>
    </Row>
    <Row Tag="LOC_MOMENT_GOVERNMENT_ENACTED_TIER_1_FIRST_CLASSICAL_REPUBLIC_INSTANCE_DESCRIPTION">
      <Text>{LOC_GRAMMAR_CIVNAME &lt;&lt; {ActingPlayerCivName}} Klasik Cumhuriyeti kendi hükümetleri olarak benimsedikçe meydanlar yurttaş tartışmalarıyla canlanıyor.</Text>
    </Row>
    <Row Tag="LOC_MOMENT_GOVERNMENT_ENACTED_TIER_1_FIRST_CLASSICAL_REPUBLIC_IN_WORLD_INSTANCE_DESCRIPTION">
      <Text>{LOC_GRAMMAR_CIVNAME &lt;&lt; {ActingPlayerCivName}} vatandaşları kralların yönetiminden kurtuldukları ve Klasik Cumhuriyet ile kendilerini yönettikleri için sevinirler.</Text>
    </Row>
    <Row Tag="LOC_MOMENT_GOVERNMENT_ENACTED_TIER_1_FIRST_AUTOCRACY_INSTANCE_DESCRIPTION">
      <Text>Saraylılar, {LOC_GRAMMAR_CIVNAME &lt;&lt; {ActingPlayerCivName}}'in tahtına Otokrat olarak otururken {ActingPlayerLeaderName}'ün önünde eğilirler.</Text>
    </Row>
    <Row Tag="LOC_MOMENT_GOVERNMENT_ENACTED_TIER_1_FIRST_AUTOCRACY_IN_WORLD_INSTANCE_DESCRIPTION">
      <Text>{ActingPlayerLeaderName}, {LOC_GRAMMAR_CIVNAME &lt;&lt; {ActingPlayerCivName}} adına sadece kendilerinin konuştuğunu dünyaya ilan etmektedir.</Text>
    </Row>
    <Row Tag="LOC_MOMENT_GOVERNMENT_ENACTED_TIER_1_FIRST_OLIGARCHY_INSTANCE_DESCRIPTION">
      <Text>Yönetim {LOC_GRAMMAR_CIVNAME &lt;&lt; {ActingPlayerCivName}}, bir Oligarşiye yakışır şekilde, yalnızca en iyi türden insanlar tarafından yapılır.</Text>
    </Row>
    <Row Tag="LOC_MOMENT_GOVERNMENT_ENACTED_TIER_1_FIRST_OLIGARCHY_IN_WORLD_INSTANCE_DESCRIPTION">
      <Text>Bir filozof Oligarşi'nin en iyi yönetim şekli olduğunu ilan eder ve {LOC_GRAMMAR_CIVNAME &lt;&lt; {ActingPlayerCivName}} halkı da buna katılır.</Text>
    </Row>
    <Row Tag="LOC_MOMENT_GOVERNMENT_ENACTED_TIER_2_FIRST_THEOCRACY_INSTANCE_DESCRIPTION">
      <Text>{LOC_GRAMMAR_CIVNAME &lt;&lt; {ActingPlayerCivName}}'ün bir Teokrasi olması cennetin isteğidir.</Text>
    </Row>
    <Row Tag="LOC_MOMENT_GOVERNMENT_ENACTED_TIER_2_FIRST_THEOCRACY_IN_WORLD_INSTANCE_DESCRIPTION">
      <Text>{LOC_GRAMMAR_CIVNAME &lt;&lt; {ActingPlayerCivName}} Teokrasisi, {ActingPlayerLeaderName}'in ilahi rehberliği altında cennetin dünyayı yönetme şeklini yansıtır.</Text>
    </Row>
    <Row Tag="LOC_MOMENT_GOVERNMENT_ENACTED_TIER_2_FIRST_MONARCHY_INSTANCE_DESCRIPTION">
      <Text>{LOC_GRAMMAR_CIVNAME &lt;&lt; {ActingPlayerCivName}}'ün tacı {ActingPlayerLeaderName}'in başına yerleştirilirken çanlar çalar ve korolar şarkı söyler.</Text>
    </Row>
    <Row Tag="LOC_MOMENT_GOVERNMENT_ENACTED_TIER_2_FIRST_MONARCHY_IN_WORLD_INSTANCE_DESCRIPTION">
      <Text>{ActingPlayerLeaderName}, ([3]'in egemenidir, onlara gökten verilen tüm yetkinin kaynağıdır.</Text>
    </Row>
    <Row Tag="LOC_MOMENT_GOVERNMENT_ENACTED_TIER_2_FIRST_MERCHANT_REPUBLIC_INSTANCE_DESCRIPTION">
      <Text>{LOC_GRAMMAR_CIVNAME &lt;&lt; {ActingPlayerCivName}}'ün büyük ticaret aileleri, zenginliklerini ve nüfuzlarını dünyanın öbür ucuna yaymak için birleşir.</Text>
    </Row>
    <Row Tag="LOC_MOMENT_GOVERNMENT_ENACTED_TIER_2_FIRST_MERCHANT_REPUBLIC_IN_WORLD_INSTANCE_DESCRIPTION">
      <Text>{ActingPlayerLeaderName}'ün benzerini taşıyan sikkelerin alınıp satıldığı her yerde {LOC_GRAMMAR_CIVNAME &lt;&lt; {ActingPlayerCivName}} Tüccar Cumhuriyeti'ni bulacaksınız.</Text>
    </Row>
    <Row Tag="LOC_MOMENT_GOVERNMENT_ENACTED_TIER_3_FIRST_DEMOCRACY_INSTANCE_DESCRIPTION">
      <Text>{LOC_GRAMMAR_CIVNAME &lt;&lt; {ActingPlayerCivName}}'te her seçim günü bir bayramdır. Bayraklar dalgalanır, bandolar çalar ve {ActingPlayerLeaderName} aynı eski konuşmayı yapar.</Text>
    </Row>
    <Row Tag="LOC_MOMENT_GOVERNMENT_ENACTED_TIER_3_FIRST_DEMOCRACY_IN_WORLD_INSTANCE_DESCRIPTION">
      <Text>Yurttaşlara duyulan güven ve geleceğe yönelik iyimserlik {LOC_GRAMMAR_CIVNAME &lt;&lt; {ActingPlayerCivName}} halkını Demokrasiyi seçmeye yöneltmiştir.</Text>
    </Row>
    <Row Tag="LOC_MOMENT_GOVERNMENT_ENACTED_TIER_3_FIRST_COMMUNISM_INSTANCE_DESCRIPTION">
      <Text>Yoldaşlar! Birinci Vatandaş {ActingPlayerLeaderName} yönetiminde tarihi ve Komünizmi ilerletelim!</Text>
    </Row>
    <Row Tag="LOC_MOMENT_GOVERNMENT_ENACTED_TIER_3_FIRST_COMMUNISM_IN_WORLD_INSTANCE_DESCRIPTION">
      <Text>Dünya işçileri! {LOC_GRAMMAR_CIVNAME &lt;&lt; {ActingPlayerCivName}} proletaryası eski düzeni devirdi! Yeni Komünizmin yükselişine tanıklık edin!</Text>
    </Row>
    <Row Tag="LOC_MOMENT_GOVERNMENT_ENACTED_TIER_3_FIRST_FASCISM_INSTANCE_DESCRIPTION">
      <Text>Selam olsun {ActingPlayerLeaderName}! Halkınız {LOC_GRAMMAR_CIVNAME &lt;&lt; {ActingPlayerCivName}}'e sonsuz sadakat yemini ediyor!</Text>
    </Row>
    <Row Tag="LOC_MOMENT_GOVERNMENT_ENACTED_TIER_3_FIRST_FASCISM_IN_WORLD_INSTANCE_DESCRIPTION">
      <Text>Salonlar {LOC_GRAMMAR_CIVNAME &lt;&lt; {ActingPlayerCivName}} halkıyla dolup taşıyor ve onların ilahileriyle yankılanıyor: {ActingPlayerLeaderName}! {ActingPlayerLeaderName}!</Text>
    </Row>
    <Row Tag="LOC_MOMENT_GOVERNOR_ALL_APPOINTED_FIRST">
      <Text>Tüm Valiler Atandı</Text>
    </Row>
    <Row Tag="LOC_MOMENT_GOVERNOR_ALL_APPOINTED_FIRST_DESCRIPTION">
      <Text>Mevcut tüm [ICON_Governor] Valileri atadınız ve birçok şehrin refahını sağladınız.</Text>
    </Row>
    <Row Tag="LOC_MOMENT_GOVERNOR_ALL_APPOINTED_FIRST_INSTANCE_DESCRIPTION">
      <Text>{GovernorName}, {GovernorShortTitle}, hizmetinize giriyor ve yetenekli danışmanlar kadronuzu tamamlıyor.</Text>
    </Row>
    <Row Tag="LOC_MOMENT_GOVERNOR_FULLY_PROMOTED_FIRST">
      <Text>Vali Tamamen Terfi Etti</Text>
    </Row>
    <Row Tag="LOC_MOMENT_GOVERNOR_FULLY_PROMOTED_FIRST_DESCRIPTION">
      <Text>İlk kez bir [ICON_Governor] Valiyi tam olarak terfi ettirdiniz ve bir şehre yardım etmek için güçlü yeteneklerin kilidini açtınız.</Text>
    </Row>
    <Row Tag="LOC_MOMENT_GOVERNOR_FULLY_PROMOTED_FIRST_INSTANCE_DESCRIPTION">
      <Text>Yönetişim sanatı nihai ifadesini {GovernorName}, {GovernorShortTitle} liderliğinde bulur.</Text>
    </Row>
    <Row Tag="LOC_MOMENT_GREAT_PERSON_CREATED_GAME_ERA">
      <Text>Harika Bir İnsan İşe Alındı</Text>
    </Row>
    <Row Tag="LOC_MOMENT_GREAT_PERSON_CREATED_GAME_ERA_DESCRIPTION">
      <Text>Bir [ICON_GreatPerson] Yüce Kişi, eşsiz yeteneklerini paylaşmak üzere topraklarımıza geldi.</Text>
    </Row>
    <Row Tag="LOC_MOMENT_GREAT_PERSON_CREATED_GAME_ERA_INSTANCE_DESCRIPTION">
      <Text>Müzakerenin ardından {GreatPersonIndividualName} yeteneklerini {LOC_GRAMMAR_CIVNAME &lt;&lt; {ActingPlayerCivName}}'e getirmeyi seçer.</Text>
    </Row>
    <Row Tag="LOC_MOMENT_GREAT_PERSON_CREATED_PAST_ERA">
      <Text>Eski Büyük Kişi İşe Alındı</Text>
    </Row>
    <Row Tag="LOC_MOMENT_GREAT_PERSON_CREATED_PAST_ERA_DESCRIPTION">
      <Text>Bir [ICON_GreatPerson] Yüce Kişi topraklarımıza seyahat etti. Geçmiş bir çağa daha uygun olsalar da, yine de medeniyetimize büyük katkılarda bulunacaklar.</Text>
    </Row>
    <Row Tag="LOC_MOMENT_GREAT_PERSON_CREATED_PAST_ERA_INSTANCE_DESCRIPTION">
      <Text>Müzakerenin ardından {GreatPersonIndividualName} yeteneklerini {LOC_GRAMMAR_CIVNAME &lt;&lt; {ActingPlayerCivName}}'e getirmeyi seçer.</Text>
    </Row>
    <Row Tag="LOC_MOMENT_GREAT_PERSON_CREATED_PATRONAGE_FAITH_OVER_HALF">
      <Text>İmanla Cezbedilen Büyük İnsan</Text>
    </Row>
    <Row Tag="LOC_MOMENT_GREAT_PERSON_CREATED_PATRONAGE_FAITH_OVER_HALF_DESCRIPTION">
      <Text>Bir [ICON_GreatPerson] Büyük Kişi, işe alım maliyetlerinin yarısından fazlasını karşılamak için kullandığımız [ICON_Faith] İnanç sayesinde eşsiz yeteneklerini paylaşmak üzere topraklarımıza geldi.</Text>
    </Row>
    <Row Tag="LOC_MOMENT_GREAT_PERSON_CREATED_PATRONAGE_FAITH_OVER_HALF_INSTANCE_DESCRIPTION">
      <Text>İnananların duaları kabul oldu! {GreatPersonIndividualName}, {LOC_GRAMMAR_CIVNAME &lt;&lt; {ActingPlayerCivName}}'in kaderini değiştirecek gibi görünüyor.</Text>
    </Row>
    <Row Tag="LOC_MOMENT_GREAT_PERSON_CREATED_PATRONAGE_GOLD_OVER_HALF">
      <Text>Altının Cezbettiği Büyük İnsan</Text>
    </Row>
    <Row Tag="LOC_MOMENT_GREAT_PERSON_CREATED_PATRONAGE_GOLD_OVER_HALF_DESCRIPTION">
      <Text>Bir [ICON_GreatPerson] Büyük Kişi, [ICON_Gold] Altınlık cömert bursumuz sayesinde eşsiz yeteneklerini paylaşmak üzere topraklarımıza geldi.</Text>
    </Row>
    <Row Tag="LOC_MOMENT_GREAT_PERSON_CREATED_PATRONAGE_GOLD_OVER_HALF_INSTANCE_DESCRIPTION">
      <Text>{GreatPersonIndividualName}'ü çalışmalarına başlayacakları {LOC_GRAMMAR_CIVNAME &lt;&lt; {ActingPlayerCivName}}'e getirmek için hiçbir masraftan kaçınılmadı.</Text>
    </Row>
    <Row Tag="LOC_MOMENT_IMPROVEMENT_CONSTRUCTED_FIRST_UNIQUE">
      <Text>Benzersiz Karo İyileştirmesi Yapıldı</Text>
    </Row>
    <Row Tag="LOC_MOMENT_IMPROVEMENT_CONSTRUCTED_FIRST_UNIQUE_DESCRIPTION">
      <Text>Bu benzersiz karo iyileştirmesini ilk kez tamamladınız.</Text>
    </Row>
    <Row Tag="LOC_MOMENT_IMPROVEMENT_CONSTRUCTED_FIRST_UNIQUE_INSTANCE_DESCRIPTION">
      <Text>Gerçekten de bu {ImprovementType} medeniyetimizin ruhunu temsil ediyor ve imparatorluğumuzun manzarasını tanımlıyor.</Text>
    </Row>
    <Row Tag="LOC_MOMENT_IMPROVEMENT_CONSTRUCTED_SEASIDE_RESORT_FIRST">
      <Text>First Seaside Resort</Text>
    </Row>
    <Row Tag="LOC_MOMENT_IMPROVEMENT_CONSTRUCTED_SEASIDE_RESORT_FIRST_DESCRIPTION">
      <Text>İlk Seaside Resort karo iyileştirmenizi tamamladınız.</Text>
    </Row>
    <Row Tag="LOC_MOMENT_IMPROVEMENT_CONSTRUCTED_SEASIDE_RESORT_FIRST_INSTANCE_DESCRIPTION">
      <Text>İlk Seaside Resort'umuz {CityName}'de, atıştırmalıkları bir martı tarafından götürülen küçük bir çocuk dışında tüm halkımızın sevinciyle açıldı.</Text>
    </Row>
    <Row Tag="LOC_MOMENT_IMPROVEMENT_CONSTRUCTED_SEASIDE_RESORT_FIRST_IN_WORLD">
      <Text>Dünyanın İlk Deniz Kenarı Tesisi</Text>
    </Row>
    <Row Tag="LOC_MOMENT_IMPROVEMENT_CONSTRUCTED_SEASIDE_RESORT_FIRST_IN_WORLD_DESCRIPTION">
      <Text>Dünyanın ilk Seaside Resort karo iyileştirmesini tamamladınız.</Text>
    </Row>
    <Row Tag="LOC_MOMENT_IMPROVEMENT_CONSTRUCTED_SEASIDE_RESORT_FIRST_IN_WORLD_INSTANCE_DESCRIPTION">
      <Text>{LOC_GRAMMAR_CIVNAME &lt;&lt; {ActingPlayerCivName}}'in {CityName} kentinde dünyanın ilk Seaside Resort'u açılırken ailelerin kahkahaları ve aşıkların iç çekişleri havayı dolduruyor.</Text>
    </Row>
    <Row Tag="LOC_MOMENT_INQUISITION_LAUNCHED">
      <Text>Engizisyon Başlıyor</Text>
    </Row>
    <Row Tag="LOC_MOMENT_INQUISITION_LAUNCHED_DESCRIPTION">
      <Text>Dininiz bir engizisyon başlattı.</Text>
    </Row>
    <Row Tag="LOC_MOMENT_INQUISITION_LAUNCHED_INSTANCE_DESCRIPTION">
      <Text>Adil bir Engizisyon {ReligionName}'ye inanmayanları düzeltmeye başladığında gökler sevinir.</Text>
    </Row>
    <Row Tag="LOC_MOMENT_INQUISITION_LAUNCHED_FIRST_IN_WORLD">
      <Text>Dünyanın İlk Engizisyonu</Text>
    </Row>
    <Row Tag="LOC_MOMENT_INQUISITION_LAUNCHED_FIRST_IN_WORLD_DESCRIPTION">
      <Text>Dininiz dünyanın ilk engizisyonunu başlattı.</Text>
    </Row>
    <Row Tag="LOC_MOMENT_INQUISITION_LAUNCHED_FIRST_IN_WORLD_INSTANCE_DESCRIPTION">
      <Text>{ReligionName} sapkınlıkların kökünü kazımak için bir Engizisyon başlatan ilk Dindir.</Text>
    </Row>
    <Row Tag="LOC_MOMENT_NATIONAL_PARK_CREATED">
      <Text>Ulusal Park Kuruldu</Text>
    </Row>
    <Row Tag="LOC_MOMENT_NATIONAL_PARK_CREATED_DESCRIPTION">
      <Text>Bir Ulusal Park kurdunuz.</Text>
    </Row>
    <Row Tag="LOC_MOMENT_NATIONAL_PARK_CREATED_INSTANCE_DESCRIPTION">
      <Text>Medeniyetimizin vatandaşları en yeni Milli Park'a akın ediyor ve doğal dünyayla yeniden bağlantı kuruyor.</Text>
    </Row>
    <Row Tag="LOC_MOMENT_NATIONAL_PARK_CREATED_FIRST_IN_WORLD">
      <Text>Dünyanın İlk Milli Parkı</Text>
    </Row>
    <Row Tag="LOC_MOMENT_NATIONAL_PARK_CREATED_FIRST_IN_WORLD_DESCRIPTION">
      <Text>Dünyanın ilk Ulusal Parkı'nı kurdunuz.</Text>
    </Row>
    <Row Tag="LOC_MOMENT_NATIONAL_PARK_CREATED_FIRST_IN_WORLD_INSTANCE_DESCRIPTION">
      <Text>Dünyanın ilk Milli Parkı, ileri görüşlü birkaç çevrecinin doğru bildiklerini kanıtlıyor: {LOC_GRAMMAR_CIVNAME &lt;&lt; {ActingPlayerCivName}}'ün doğal güzelliğini gelecek nesiller için korumalıyız.</Text>
    </Row>
    <Row Tag="LOC_MOMENT_PANTHEON_FOUNDED">
      <Text>Pantheon Kuruldu</Text>
    </Row>
    <Row Tag="LOC_MOMENT_PANTHEON_FOUNDED_DESCRIPTION">
      <Text>Halkınız bir Panteon'a inanmayı benimsiyor.</Text>
    </Row>
    <Row Tag="LOC_MOMENT_PANTHEON_FOUNDED_INSTANCE_DESCRIPTION">
      <Text>Bu olağanüstü an diğer peygamberlerin bahsettiği şey olabilir mi?</Text>
    </Row>
    <Row Tag="LOC_MOMENT_PANTHEON_FOUNDED_FIRST_IN_WORLD">
      <Text>Dünyanın İlk Panteonu</Text>
    </Row>
    <Row Tag="LOC_MOMENT_PANTHEON_FOUNDED_FIRST_IN_WORLD_DESCRIPTION">
      <Text>Halkınız dünyada bir Panteon'a inanmayı benimseyen ilk halktır.</Text>
    </Row>
    <Row Tag="LOC_MOMENT_PANTHEON_FOUNDED_FIRST_IN_WORLD_INSTANCE_DESCRIPTION">
      <Text>İlk peygamber yıldızlı bir gökyüzünün altında bir içgörü parıltısı yaşar ve görünmeyen tanrılara şükranla eğilir.</Text>
    </Row>
    <Row Tag="LOC_MOMENT_PLAYER_GAVE_ENVOY_BECAME_SUZERAIN_FIRST_IN_WORLD">
      <Text>Şehir Devletinin İlk Suzerain'i</Text>
    </Row>
    <Row Tag="LOC_MOMENT_PLAYER_GAVE_ENVOY_BECAME_SUZERAIN_FIRST_IN_WORLD_DESCRIPTION">
      <Text>Bu şehir devletinin ilk Suzerain'i oldunuz.</Text>
    </Row>
    <Row Tag="LOC_MOMENT_PLAYER_GAVE_ENVOY_BECAME_SUZERAIN_FIRST_IN_WORLD_INSTANCE_DESCRIPTION">
      <Text>{CityStatePlayerCivName}'ün hükümdarları, dünyadaki ilk Suzerain'leri olan {LOC_GRAMMAR_CIVNAME &lt;&lt; {ActingPlayerCivName}}'in önünde eğilirler.</Text>
    </Row>
    <Row Tag="LOC_MOMENT_PLAYER_GAVE_ENVOY_CANCELED_LEVY">
      <Text>Levied Ordusu Geri Çekildi</Text>
    </Row>
    <Row Tag="LOC_MOMENT_PLAYER_GAVE_ENVOY_CANCELED_LEVY_DESCRIPTION">
      <Text>Elçileri [ICON_Envoy] kullanmanız, bu şehir devletinin haraç toplayan ordusunu geri çekilmeye ikna etti.</Text>
    </Row>
    <Row Tag="LOC_MOMENT_PLAYER_GAVE_ENVOY_CANCELED_LEVY_INSTANCE_DESCRIPTION">
      <Text>{LOC_GRAMMAR_CIVNAME_UPPER &lt;&lt; {TargetPlayerCivName}}, {LOC_GRAMMAR_CIVNAME &lt;&lt; {ActingPlayerCivName}}'nin {CityStatePlayerCivName}'de Suzerain statüsünü altüst etmesiyle siyasetin de bir savaş alanı olduğunu öğrenir.</Text>
    </Row>
    <Row Tag="LOC_MOMENT_PLAYER_GAVE_ENVOY_CANCELED_SUZERAIN_DURING_WAR">
      <Text>Düşman Şehir Devleti Pasifize Edildi</Text>
    </Row>
    <Row Tag="LOC_MOMENT_PLAYER_GAVE_ENVOY_CANCELED_SUZERAIN_DURING_WAR_DESCRIPTION">
      <Text>Kullandığınız [ICON_Envoy] Elçiler, düşman bir şehir devletinin Suzerain'ini devirerek sizinle olan düşmanlıklarını sona erdirmeye ikna etti.</Text>
    </Row>
    <Row Tag="LOC_MOMENT_PLAYER_GAVE_ENVOY_CANCELED_SUZERAIN_DURING_WAR_INSTANCE_DESCRIPTION">
      <Text>{LOC_GRAMMAR_CIVNAME &lt;&lt; {ActingPlayerCivName}}, {CityStatePlayerCivName}'in eski Suzerain'ini alaşağı ettiğinde, önceki paralı askerlik sözleşmeleri yeniden müzakereye tabidir.</Text>
    </Row>
    <Row Tag="LOC_MOMENT_PLAYER_LEVIED_MILITARY">
      <Text>Şehir-Devlet Ordusu Vergilendirildi</Text>
    </Row>
    <Row Tag="LOC_MOMENT_PLAYER_LEVIED_MILITARY_DESCRIPTION">
      <Text>Bir şehir devletinin askeri güçlerini topladınız.</Text>
    </Row>
    <Row Tag="LOC_MOMENT_PLAYER_LEVIED_MILITARY_INSTANCE_DESCRIPTION">
      <Text>{CityStatePlayerCivName} ordularının kontrolü etkileyici bir askeri törenle {LOC_GRAMMAR_CIVNAME &lt;&lt; {ActingPlayerCivName}}'e geçer.</Text>
    </Row>
    <Row Tag="LOC_MOMENT_PLAYER_LEVIED_MILITARY_NEAR_ENEMY_CITY">
      <Text>Şehir-Devlet Ordusu Düşman Yakınına Sevk Edildi</Text>
    </Row>
    <Row Tag="LOC_MOMENT_PLAYER_LEVIED_MILITARY_NEAR_ENEMY_CITY_DESCRIPTION">
      <Text>Bir şehir devletinin askeri güçlerini düşman bir medeniyetin vurucu mesafesine yerleştirdiniz.</Text>
    </Row>
    <Row Tag="LOC_MOMENT_PLAYER_LEVIED_MILITARY_NEAR_ENEMY_CITY_INSTANCE_DESCRIPTION">
      <Text>{LOC_GRAMMAR_CIVNAME &lt;&lt; {TargetPlayerCivName}} ve {LOC_GRAMMAR_CIVNAME &lt;&lt; {ActingPlayerCivName}} arasındaki savaşta yeni bir cephe açılırken, {CityStatePlayerCivName}'in kontrolü sınırlarda değişir.</Text>
    </Row>
    <Row Tag="LOC_MOMENT_PLAYER_MET_ALL_MAJORS">
      <Text>Tüm Medeniyetlerle Buluştu</Text>
    </Row>
    <Row Tag="LOC_MOMENT_PLAYER_MET_ALL_MAJORS_DESCRIPTION">
      <Text>Dünyada yaşayan tüm uygarlıklarla tanıştınız.</Text>
    </Row>
    <Row Tag="LOC_MOMENT_PLAYER_MET_ALL_MAJORS_INSTANCE_DESCRIPTION">
      <Text>Sonunda {LOC_GRAMMAR_CIVNAME &lt;&lt; {TargetPlayerCivName}} halkıyla tanıştıktan sonra, orada geriye hiçbir uygarlık kalmadığına dair içimizde tuhaf bir his var.</Text>
    </Row>
    <Row Tag="LOC_MOMENT_PLAYER_MET_ALL_MAJORS_FIRST_IN_WORLD">
      <Text>Dünyada İlk Kez Tüm Medeniyetlerle Buluşuyor</Text>
    </Row>
    <Row Tag="LOC_MOMENT_PLAYER_MET_ALL_MAJORS_FIRST_IN_WORLD_DESCRIPTION">
      <Text>Dünyada yaşayan tüm uygarlıklarla ilk tanışan sizsiniz.</Text>
    </Row>
    <Row Tag="LOC_MOMENT_PLAYER_MET_ALL_MAJORS_FIRST_IN_WORLD_INSTANCE_DESCRIPTION">
      <Text>{LOC_GRAMMAR_CIVNAME &lt;&lt; {TargetPlayerCivName}} halkıyla tanıştık ve dünyanın tüm medeniyetleriyle ilk tanışan biz olduk.</Text>
    </Row>
    <Row Tag="LOC_MOMENT_PLAYER_MET_MAJOR">
      <Text>Yeni Uygarlıkla Tanıştık</Text>
    </Row>
    <Row Tag="LOC_MOMENT_PLAYER_MET_MAJOR_DESCRIPTION">
      <Text>Yeni bir uygarlıkla temas kurdunuz.</Text>
    </Row>
    <Row Tag="LOC_MOMENT_PLAYER_MET_MAJOR_INSTANCE_DESCRIPTION">
      <Text>{LOC_GRAMMAR_CIVNAME &lt;&lt; {TargetPlayerCivName}} halkıyla buluşma anımıza temkinli karşılamalar ve meraklı bakışlar damgasını vurdu.</Text>
    </Row>
    <Row Tag="LOC_MOMENT_PLAYER_OVERCAME_DARK_AGE">
      <Text>Karanlık Çağın Üstesinden Geldi</Text>
    </Row>
    <Row Tag="LOC_MOMENT_PLAYER_OVERCAME_DARK_AGE_DESCRIPTION">
      <Text>Uygarlığınız Karanlık Çağını erken atlatmak ve Normal Çağa yükselmek için yeterli Çağ Puanı kazandı! Kazanacağınız bir sonraki Altın Çağ ekstra güçlü olacak.</Text>
    </Row>
    <Row Tag="LOC_MOMENT_PLAYER_OVERCAME_DARK_AGE_INSTANCE_DESCRIPTION">
      <Text>Ateşin altını saflaştırdığı gibi, Uygarlığımız da Karanlık Çağımızın sınavlarından geçerek saflaşmıştır. Şimdi herkes yenilenmiş ihtişamımıza baksın!</Text>
    </Row>
    <Row Tag="LOC_MOMENT_PROJECT_FOUNDED_MANHATTEN">
      <Text>Manhattan Projesi Tamamlandı</Text>
    </Row>
    <Row Tag="LOC_MOMENT_PROJECT_FOUNDED_MANHATTEN_DESCRIPTION">
      <Text>Bilim adamlarınız Manhattan Projesini tamamladı.</Text>
    </Row>
    <Row Tag="LOC_MOMENT_PROJECT_FOUNDED_MANHATTEN_INSTANCE_DESCRIPTION">
      <Text>Manhattan Projesi'ni tamamladığımıza göre atomun korkunç gücü artık bizim kontrolümüzde.</Text>
    </Row>
    <Row Tag="LOC_MOMENT_PROJECT_FOUNDED_MARS">
      <Text>Mars Bileşeni Fırlatıldı</Text>
    </Row>
    <Row Tag="LOC_MOMENT_PROJECT_FOUNDED_MARS_DESCRIPTION">
      <Text>Uygarlığınızın Mars uzay aracı için ilk bileşenini fırlattınız.</Text>
    </Row>
    <Row Tag="LOC_MOMENT_PROJECT_FOUNDED_MARS_INSTANCE_DESCRIPTION">
      <Text>Elbette, herkes {LOC_GRAMMAR_A_AN &lt;&lt; {ProjectShortName}} inşa edebilir. Ama herkes onu yörüngeye yerleştiremez.</Text>
    </Row>
    <Row Tag="LOC_MOMENT_PROJECT_FOUNDED_MARS_FIRST_IN_WORLD">
      <Text>Dünyanın İlk Mars Bileşeni Fırlatıldı</Text>
    </Row>
    <Row Tag="LOC_MOMENT_PROJECT_FOUNDED_MARS_FIRST_IN_WORLD_DESCRIPTION">
      <Text>Mars uzay aracı için bir bileşeni dünyada ilk siz fırlattınız.</Text>
    </Row>
    <Row Tag="LOC_MOMENT_PROJECT_FOUNDED_MARS_FIRST_IN_WORLD_INSTANCE_DESCRIPTION">
      <Text>Bir mühendis {ProjectShortName} taşıyan bir roketin fırlatma rampasından fırlayışını izliyor. "Bu gerçekten oluyor," diyor. "Mars'a gidiyoruz."</Text>
    </Row>
    <Row Tag="LOC_MOMENT_PROJECT_FOUNDED_MOON_LANDING">
      <Text>Ay'a indi</Text>
    </Row>
    <Row Tag="LOC_MOMENT_PROJECT_FOUNDED_MOON_LANDING_DESCRIPTION">
      <Text>Ay'a inmek için başarılı bir görev gönderdiniz.</Text>
    </Row>
    <Row Tag="LOC_MOMENT_PROJECT_FOUNDED_MOON_LANDING_INSTANCE_DESCRIPTION">
      <Text>Bilim adamlarınız diğerlerinin rapor ettiklerini doğruluyor: Ay çok tozlu.</Text>
    </Row>
    <Row Tag="LOC_MOMENT_PROJECT_FOUNDED_MOON_LANDING_FIRST_IN_WORLD">
      <Text>Dünyanın Ay'a İlk İnişi</Text>
    </Row>
    <Row Tag="LOC_MOMENT_PROJECT_FOUNDED_MOON_LANDING_FIRST_IN_WORLD_DESCRIPTION">
      <Text>Dünyada Ay'a ilk inen sizsiniz.</Text>
    </Row>
    <Row Tag="LOC_MOMENT_PROJECT_FOUNDED_MOON_LANDING_FIRST_IN_WORLD_INSTANCE_DESCRIPTION">
      <Text>Bu bir insan için küçük bir adım, insanlık için ise dev bir sıçrama, hepsi medeniyetimiz sayesinde.</Text>
    </Row>
    <Row Tag="LOC_MOMENT_PROJECT_FOUNDED_OPERATION_IVY">
      <Text>Ivy Operasyonu Tamamlandı</Text>
    </Row>
    <Row Tag="LOC_MOMENT_PROJECT_FOUNDED_OPERATION_IVY_DESCRIPTION">
      <Text>Bilim adamlarınız Ivy Operasyonu'nu tamamladı.</Text>
    </Row>
    <Row Tag="LOC_MOMENT_PROJECT_FOUNDED_OPERATION_IVY_INSTANCE_DESCRIPTION">
      <Text>Sıradan bir klasör Ivy Operasyonu'nun başarı raporunu içeriyor. Ama yeni silahlarımızın gücünü ne içerecek?</Text>
    </Row>
    <Row Tag="LOC_MOMENT_PROJECT_FOUNDED_SATELLITE_LAUNCH">
      <Text>Uydu Yörüngeye Fırlatıldı</Text>
    </Row>
    <Row Tag="LOC_MOMENT_PROJECT_FOUNDED_SATELLITE_LAUNCH_DESCRIPTION">
      <Text>Uygarlığınızın ilk uydusunu yörüngeye fırlattınız.</Text>
    </Row>
    <Row Tag="LOC_MOMENT_PROJECT_FOUNDED_SATELLITE_LAUNCH_INSTANCE_DESCRIPTION">
      <Text>Geceleri vatandaşlarımız gökyüzünde ilerleyen yeni bir yıldıza işaret ediyor - ilk Uydumuz!</Text>
    </Row>
    <Row Tag="LOC_MOMENT_PROJECT_FOUNDED_SATELLITE_LAUNCH_FIRST_IN_WORLD">
      <Text>Dünyanın İlk Uydusu Yörüngede</Text>
    </Row>
    <Row Tag="LOC_MOMENT_PROJECT_FOUNDED_SATELLITE_LAUNCH_FIRST_IN_WORLD_DESCRIPTION">
      <Text>Dünyanın ilk uydusunu yörüngeye fırlattınız.</Text>
    </Row>
    <Row Tag="LOC_MOMENT_PROJECT_FOUNDED_SATELLITE_LAUNCH_FIRST_IN_WORLD_INSTANCE_DESCRIPTION">
      <Text>Bip...bip...bip...bip...</Text>
    </Row>
    <Row Tag="LOC_MOMENT_RELIGION_FOUNDED">
      <Text>Din Kuruluşu</Text>
    </Row>
    <Row Tag="LOC_MOMENT_RELIGION_FOUNDED_DESCRIPTION">
      <Text>Büyük bir Peygamber bir Din kurar ve halkınıza ışık getirir.</Text>
    </Row>
    <Row Tag="LOC_MOMENT_RELIGION_FOUNDED_INSTANCE_DESCRIPTION">
      <Text>{ReligionName} gerçek kurtuluş yoludur! Lütfen diğerlerini görmezden gelin!</Text>
    </Row>
    <Row Tag="LOC_MOMENT_RELIGION_FOUNDED_FIRST_IN_WORLD">
      <Text>Dünyanın İlk Dini</Text>
    </Row>
    <Row Tag="LOC_MOMENT_RELIGION_FOUNDED_FIRST_IN_WORLD_DESCRIPTION">
      <Text>Sizin halkınız bir Din oluşturan ve tüm dünyaya ışık getiren ilk halktır!</Text>
    </Row>
    <Row Tag="LOC_MOMENT_RELIGION_FOUNDED_FIRST_IN_WORLD_INSTANCE_DESCRIPTION">
      <Text>Rivayete göre {GreatPersonIndividualName} dünyanın ilk dini olan {ReligionName}'ü kurduğunda güneş bulutları yarmış ve havayı tatlı bir koku doldurmuştur.</Text>
    </Row>
    <Row Tag="LOC_MOMENT_SHIP_SUNK">
      <Text>Gemi Battı</Text>
    </Row>
    <Row Tag="LOC_MOMENT_SHIP_SUNK_DESCRIPTION">
      <Text>Bir deniz birimi savaşta batırıldı. Arkeoloji sistemi tarafından potansiyel olarak [ICON_RESOURCE_SHIPWRECK] Gemi Enkazı kaynakları üretmek için kullanılır.</Text>
    </Row>
    <Row Tag="LOC_MOMENT_SPY_MAX_LEVEL">
      <Text>Usta Casus Kazanıldı</Text>
    </Row>
    <Row Tag="LOC_MOMENT_SPY_MAX_LEVEL_DESCRIPTION">
      <Text>Casuslarınızdan biri maksimum terfi seviyesine ulaştı.</Text>
    </Row>
    <Row Tag="LOC_MOMENT_SPY_MAX_LEVEL_INSTANCE_DESCRIPTION">
      <Text>{UnitCitizenName}'nin dünyanın her şehrinde bağlantıları, kusursuz bir giyim zevki ve motora dönüşebilen bir arabası olduğunu söylüyorlar.</Text>
    </Row>
    <Row Tag="LOC_MOMENT_SPY_MAX_LEVEL_FIRST">
      <Text>Kazanılan İlk Usta Casus</Text>
    </Row>
    <Row Tag="LOC_MOMENT_SPY_MAX_LEVEL_FIRST_DESCRIPTION">
      <Text>İlk kez, Casuslarınızdan biri maksimum terfi seviyesine ulaştı.</Text>
    </Row>
    <Row Tag="LOC_MOMENT_SPY_MAX_LEVEL_FIRST_INSTANCE_DESCRIPTION">
      <Text>Gizli bir yeraltı odasında, bir sonraki görev başlamadan önce başarılı bir hizmet kariyeri için {UnitCitizenName} teşekkür ediyorsunuz.</Text>
    </Row>
    <Row Tag="LOC_MOMENT_TECH_RESEARCHED_IN_ERA_FIRST">
      <Text>Yeni Çağın İlk Teknolojisi</Text>
    </Row>
    <Row Tag="LOC_MOMENT_TECH_RESEARCHED_IN_ERA_FIRST_DESCRIPTION">
      <Text>Uygarlığınızın yeni bir keşif çağına ait ilk teknolojisini tamamladınız.</Text>
    </Row>
    <Row Tag="LOC_MOMENT_TECH_RESEARCHED_IN_ERA_FIRST_INSTANCE_DESCRIPTION">
      <Text>Birçok kişi {PlayerEraType}'in gerçek başlangıcına itiraz etmektedir, ancak {LOC_GRAMMAR_CIVNAME &lt;&lt; {ActingPlayerCivName}}'nın {TechnologyType}'yi keşfettiği zaman olduğunu biliyorsunuz.</Text>
    </Row>
    <Row Tag="LOC_MOMENT_TECH_RESEARCHED_IN_ERA_FIRST_IN_WORLD">
      <Text>Yeni Çağın İlk Dünya Teknolojisi</Text>
    </Row>
    <Row Tag="LOC_MOMENT_TECH_RESEARCHED_IN_ERA_FIRST_IN_WORLD_DESCRIPTION">
      <Text>Yeni bir keşif çağından dünyanın ilk teknolojisini tamamladınız.</Text>
    </Row>
    <Row Tag="LOC_MOMENT_TECH_RESEARCHED_IN_ERA_FIRST_IN_WORLD_INSTANCE_DESCRIPTION">
      <Text>{TechnologyType}'in {LOC_GRAMMAR_CIVNAME &lt;&lt; {ActingPlayerCivName}} tarafından keşfi, {PlayerEraType}'de gelecekteki keşifler için dünya sahnesini hazırlıyor!</Text>
    </Row>
    <Row Tag="LOC_MOMENT_TRADING_POST_CONSTRUCTED_IN_OTHER_CIV">
      <Text>Yeni Uygarlıkta Kurulan Ticaret Merkezi</Text>
    </Row>
    <Row Tag="LOC_MOMENT_TRADING_POST_CONSTRUCTED_IN_OTHER_CIV_DESCRIPTION">
      <Text>Bu uygarlıkta ilk [ICON_TradingPost] Ticaret Karakolunuzu kurarak yeni pazarlara erişim sağladınız.</Text>
    </Row>
    <Row Tag="LOC_MOMENT_TRADING_POST_CONSTRUCTED_IN_OTHER_CIV_INSTANCE_DESCRIPTION">
      <Text>Tozlu ve yorgun ama pazarlık yapmaya hevesli tüccarlar {LOC_GRAMMAR_CIVNAME &lt;&lt; {TargetPlayerCivName}} topraklarında ilk Ticaret Merkezimizi açıyor.</Text>
    </Row>
    <Row Tag="LOC_MOMENT_TRADING_POST_CONSTRUCTED_IN_EVERY_CIV">
      <Text>Tüm Uygarlıklarda Ticaret Noktaları</Text>
    </Row>
    <Row Tag="LOC_MOMENT_TRADING_POST_CONSTRUCTED_IN_EVERY_CIV_DESCRIPTION">
      <Text>Tüm uygarlıklarda bir [ICON_TradingPost] Ticaret Merkezi kurdunuz.</Text>
    </Row>
    <Row Tag="LOC_MOMENT_TRADING_POST_CONSTRUCTED_IN_EVERY_CIV_INSTANCE_DESCRIPTION">
      <Text>Ticaret ağımız, {CityName}'de Ticaret Karakolu'nun açılmasından sonra tüm dünyaya yayıldı.</Text>
    </Row>
    <Row Tag="LOC_MOMENT_TRADING_POST_CONSTRUCTED_IN_EVERY_CIV_FIRST_IN_WORLD">
      <Text>Tüm Uygarlıklarda İlk Ticaret Noktaları</Text>
    </Row>
    <Row Tag="LOC_MOMENT_TRADING_POST_CONSTRUCTED_IN_EVERY_CIV_FIRST_IN_WORLD_DESCRIPTION">
      <Text>Dünyada tüm medeniyetler arasında bir [ICON_TradingPost] Ticaret Merkezi kuran ilk kişisiniz.</Text>
    </Row>
    <Row Tag="LOC_MOMENT_TRADING_POST_CONSTRUCTED_IN_EVERY_CIV_FIRST_IN_WORLD_INSTANCE_DESCRIPTION">
      <Text>{CityName}'de Ticaret Merkezimizi açtığımızda tüccarlar ve bankacılar bizi alkışlıyor. Dünyadaki her medeniyette ticaret yapan ilk biziz!</Text>
    </Row>
    <Row Tag="LOC_MOMENT_UNIT_CREATED_FIRST_DOMAIN_AIR">
      <Text>Uçuşa Geçmek</Text>
    </Row>
    <Row Tag="LOC_MOMENT_UNIT_CREATED_FIRST_DOMAIN_AIR_DESCRIPTION">
      <Text>İlk uçan ünitenize sahipsiniz. İnsanlar bunun getirdiği yeni olanaklara seviniyor.</Text>
    </Row>
    <Row Tag="LOC_MOMENT_UNIT_CREATED_FIRST_DOMAIN_AIR_INSTANCE_DESCRIPTION">
      <Text>{LOC_GRAMMAR_CIVNAME &lt;&lt; {ActingPlayerCivName}}'in {UnitType}'ü yukarı çıktı ve büyük bir sevinçle hemen aşağı inmedi.</Text>
    </Row>
    <Row Tag="LOC_MOMENT_UNIT_CREATED_FIRST_DOMAIN_AIR_IN_WORLD">
      <Text>Dünyanın İlk Uçuşu</Text>
    </Row>
    <Row Tag="LOC_MOMENT_UNIT_CREATED_FIRST_DOMAIN_AIR_IN_WORLD_DESCRIPTION">
      <Text>Dünyanın ilk uçan ünitesine sahipsiniz! İnsanlar bunun getirdiği yeni olanaklara seviniyor.</Text>
    </Row>
    <Row Tag="LOC_MOMENT_UNIT_CREATED_FIRST_DOMAIN_AIR_IN_WORLD_INSTANCE_DESCRIPTION">
      <Text>{LOC_GRAMMAR_CIVNAME &lt;&lt; {ActingPlayerCivName}}'in {UnitType} gökyüzüne çıkmasıyla insanlık ilk kez uçma hayalini gerçekleştirdi.</Text>
    </Row>
    <Row Tag="LOC_MOMENT_UNIT_CREATED_FIRST_DOMAIN_SEA">
      <Text>Dalgaların Üzerinde</Text>
    </Row>
    <Row Tag="LOC_MOMENT_UNIT_CREATED_FIRST_DOMAIN_SEA_DESCRIPTION">
      <Text>İlk denizcilik biriminize sahipsiniz. Ufukta olasılıklarla dolu bir dünya sizi bekliyor.</Text>
    </Row>
    <Row Tag="LOC_MOMENT_UNIT_CREATED_FIRST_DOMAIN_SEA_INSTANCE_DESCRIPTION">
      <Text>{UnitType} gemisinin {LOC_GRAMMAR_CIVNAME &lt;&lt; {ActingPlayerCivName}} mürettebatı ilk deniz yolculuklarından sonra denizci ipliğini icat eder.</Text>
    </Row>
    <Row Tag="LOC_MOMENT_UNIT_CREATED_FIRST_DOMAIN_SEA_IN_WORLD">
      <Text>Dünyanın İlk Denizciliği</Text>
    </Row>
    <Row Tag="LOC_MOMENT_UNIT_CREATED_FIRST_DOMAIN_SEA_IN_WORLD_DESCRIPTION">
      <Text>Dünyanın ilk denizcilik birimine sahipsiniz! Ufukta olasılıklarla dolu bir dünya sizi bekliyor.</Text>
    </Row>
    <Row Tag="LOC_MOMENT_UNIT_CREATED_FIRST_DOMAIN_SEA_IN_WORLD_INSTANCE_DESCRIPTION">
      <Text>Yeni maceralar için can atan {LOC_GRAMMAR_CIVNAME &lt;&lt; {ActingPlayerCivName}}'in {UnitType}'ü dünyada denizlerde dolaşan ilk gemidir.</Text>
    </Row>
    <Row Tag="LOC_MOMENT_UNIT_CREATED_FIRST_REQUIRING_STRATEGIC">
      <Text>Stratejik Kaynak Potansiyeli Serbest Bırakıldı</Text>
    </Row>
    <Row Tag="LOC_MOMENT_UNIT_CREATED_FIRST_REQUIRING_STRATEGIC_DESCRIPTION">
      <Text>Bu stratejik kaynağı kullanan ilk biriminizin sahibisiniz.</Text>
    </Row>
    <Row Tag="LOC_MOMENT_UNIT_CREATED_FIRST_REQUIRING_STRATEGIC_INSTANCE_DESCRIPTION">
      <Text>Şüpheciler şöyle sorabilir: "{ResourceType : plural 1?is; other?are;} {ResourceType} ne işe yarar?" Ama artık biliyoruz ki {ResourceType : plural 1?it is; other?they are;} bizim {UnitType} için müthiş bir silah.</Text>
    </Row>
    <Row Tag="LOC_MOMENT_UNIT_CREATED_FIRST_REQUIRING_STRATEGIC_IN_WORLD">
      <Text>Dünyanın İlk Stratejik Kaynak Potansiyeli Ortaya Çıktı</Text>
    </Row>
    <Row Tag="LOC_MOMENT_UNIT_CREATED_FIRST_REQUIRING_STRATEGIC_IN_WORLD_DESCRIPTION">
      <Text>Bu stratejik kaynağı kullanan bir birime sahip olan dünyanın ilk uygarlığısınız.</Text>
    </Row>
    <Row Tag="LOC_MOMENT_UNIT_CREATED_FIRST_REQUIRING_STRATEGIC_IN_WORLD_INSTANCE_DESCRIPTION">
      <Text>Daha önce {ResourceType} {ResourceType : plural 1?was; other?were;} sadece akademisyenlerin merakıydı. Şimdi bizim {UnitType}'miz {ResourceType : plural 1?it; other?them;}'i dünyada ilk kez bir silah olarak kullanıyor.</Text>
    </Row>
    <Row Tag="LOC_MOMENT_UNIT_CREATED_FIRST_UNIQUE">
      <Text>Benzersiz Birim Marşları</Text>
    </Row>
    <Row Tag="LOC_MOMENT_UNIT_CREATED_FIRST_UNIQUE_DESCRIPTION">
      <Text>Bu eşsiz birimi ilk kez eğiterek savaş alanında size avantaj sağladınız.</Text>
    </Row>
    <Row Tag="LOC_MOMENT_UNIT_CREATED_FIRST_UNIQUE_INSTANCE_DESCRIPTION">
      <Text>{LOC_GRAMMAR_CIVNAME &lt;&lt; {ActingPlayerCivName}}'ten başka kim {UnitType}'i yaratabilir? Ve kim buna karşı koyabilir?</Text>
    </Row>
    <Row Tag="LOC_MOMENT_UNIT_HIGH_LEVEL">
      <Text>Birim Ayrıcalıkla Terfi Etti</Text>
    </Row>
    <Row Tag="LOC_MOMENT_UNIT_HIGH_LEVEL_DESCRIPTION">
      <Text>Birliklerinizden biri dördüncü terfi seviyesine ulaşıyor.</Text>
    </Row>
    <Row Tag="LOC_MOMENT_UNIT_HIGH_LEVEL_INSTANCE_DESCRIPTION">
      <Text>Vatandaşlar {UnitType}'mizin son zaferini kutlamak için akın akın geliyor!</Text>
    </Row>
    <Row Tag="LOC_MOMENT_UNIT_HIGH_LEVEL_FIRST">
      <Text>İlk Birim Ayrıcalıkla Terfi Etti</Text>
    </Row>
    <Row Tag="LOC_MOMENT_UNIT_HIGH_LEVEL_FIRST_DESCRIPTION">
      <Text>İlk kez, birimlerinizden biri dördüncü terfi seviyesine ulaşıyor.</Text>
    </Row>
    <Row Tag="LOC_MOMENT_UNIT_HIGH_LEVEL_FIRST_INSTANCE_DESCRIPTION">
      <Text>Tüm askeri güçlerimiz arasında bu {UnitType} en ünlüsüdür. Şimdiye kadar hiçbiri savaşta bu kadar çok zafer kazanmamıştır.</Text>
    </Row>
    <Row Tag="LOC_MOMENT_UNIT_KILLED_ASSISTED_BY_ADMIRAL">
      <Text>Amiral Düşmanı Yendi</Text>
    </Row>
    <Row Tag="LOC_MOMENT_UNIT_KILLED_ASSISTED_BY_ADMIRAL_DESCRIPTION">
      <Text>[ICON_GreatAdmiral] Büyük Amirallerinizden biri, bir düşman birliğine karşı ilk muzaffer taarruzlarını yönetti.</Text>
    </Row>
    <Row Tag="LOC_MOMENT_UNIT_KILLED_ASSISTED_BY_ADMIRAL_INSTANCE_DESCRIPTION">
      <Text>{GreatPersonIndividualName} düşman gemileri okyanusun derinliklerine gömülürken gözünde dürbünle güvertede durur.</Text>
    </Row>
    <Row Tag="LOC_MOMENT_UNIT_KILLED_ASSISTED_BY_GENERAL">
      <Text>General Düşmanı Yendi</Text>
    </Row>
    <Row Tag="LOC_MOMENT_UNIT_KILLED_ASSISTED_BY_GENERAL_DESCRIPTION">
      <Text>[ICON_GreatGeneral] Büyük Generallerinizden biri, bir düşman birliğine karşı ilk muzaffer taarruzlarını yönetti.</Text>
    </Row>
    <Row Tag="LOC_MOMENT_UNIT_KILLED_ASSISTED_BY_GENERAL_INSTANCE_DESCRIPTION">
      <Text>{GreatPersonIndividualName} çarpıcı bir zaferin ardından geçit töreninde birliklere liderlik eder.</Text>
    </Row>
    <Row Tag="LOC_MOMENT_UNIT_KILLED_UNDERDOG_MILITARY_FORMATION">
      <Text>Düşman Formasyonu Yenildi</Text>
    </Row>
    <Row Tag="LOC_MOMENT_UNIT_KILLED_UNDERDOG_MILITARY_FORMATION_DESCRIPTION">
      <Text>Birliklerinizden biri üstün bir askeri düzene sahip bir düşman birliğini yendi.</Text>
    </Row>
    <Row Tag="LOC_MOMENT_UNIT_KILLED_UNDERDOG_MILITARY_FORMATION_INSTANCE_DESCRIPTION">
      <Text>Sayıca çok az olmalarına rağmen, {UnitType}'miz günü kazandı!</Text>
    </Row>
    <Row Tag="LOC_MOMENT_UNIT_KILLED_UNDERDOG_PROMOTIONS">
      <Text>Düşman Gazi Mağlup Edildi</Text>
    </Row>
    <Row Tag="LOC_MOMENT_UNIT_KILLED_UNDERDOG_PROMOTIONS_DESCRIPTION">
      <Text>Birimlerinizden biri, kendisinden en az 2 terfi fazla olan bir düşman birimini yendi.</Text>
    </Row>
    <Row Tag="LOC_MOMENT_UNIT_KILLED_UNDERDOG_PROMOTIONS_INSTANCE_DESCRIPTION">
      <Text>Bizim {UnitType} kıdemli bir düşmanın savaş standartlarını ele geçirdi!</Text>
    </Row>
    <Row Tag="LOC_MOMENT_WAR_DECLARED_USING_CASUS_BELLI">
      <Text>Savaş Nedeni</Text>
    </Row>
    <Row Tag="LOC_MOMENT_WAR_DECLARED_USING_CASUS_BELLI_DESCRIPTION">
      <Text>Başka bir uygarlığa savaş açmak için bir Casus Belli kullandınız.</Text>
    </Row>
    <Row Tag="LOC_MOMENT_WAR_DECLARED_USING_CASUS_BELLI_INSTANCE_DESCRIPTION">
      <Text>Dünya, {LOC_GRAMMAR_CIVNAME &lt;&lt; {TargetPlayerCivName}}'e karşı {WarType}'ümüzün haklı olduğunu kabul etmektedir.</Text>
    </Row>
    <Row Tag="LOC_MOMENT_WORLD_CIRCUMNAVIGATED">
      <Text>Dünyanın Çevresi Dolaşıldı</Text>
    </Row>
    <Row Tag="LOC_MOMENT_WORLD_CIRCUMNAVIGATED_DESCRIPTION">
      <Text>Uygarlığınız haritanın her dikey çizgisinde bir karo ortaya çıkardı. Bu, yol başladığı yerde bitmese bile dünya etrafında bir yol oluşturur.</Text>
    </Row>
    <Row Tag="LOC_MOMENT_WORLD_CIRCUMNAVIGATED_INSTANCE_DESCRIPTION">
      <Text>{LOC_GRAMMAR_CIVNAME &lt;&lt; {ActingPlayerCivName}} daha önce çok az kişinin gittiği yerleri takip ederek dünyanın çevresini dolaşıyor.</Text>
    </Row>
    <Row Tag="LOC_MOMENT_WORLD_CIRCUMNAVIGATED_FIRST_IN_WORLD">
      <Text>Dünyanın İlk Çevresel Dolaşımı</Text>
    </Row>
    <Row Tag="LOC_MOMENT_WORLD_CIRCUMNAVIGATED_FIRST_IN_WORLD_DESCRIPTION">
      <Text>Uygarlığınız, haritanın her dikey çizgisinde bir karo ortaya çıkaran ilk uygarlıktır. Bu, yol başladığı yerde bitmese bile dünya etrafında bir yol oluşturur.</Text>
    </Row>
    <Row Tag="LOC_MOMENT_WORLD_CIRCUMNAVIGATED_FIRST_IN_WORLD_INSTANCE_DESCRIPTION">
      <Text>{LOC_GRAMMAR_CIVNAME &lt;&lt; {ActingPlayerCivName}} dünyanın çevresindeki ilk turunu tamamladı!</Text>
    </Row>
    <!--Moment Data-->
    <Row Tag="LOC_MOMENT_DATA_BELIEF">
      <Text>İnanç</Text>
    </Row>
    <Row Tag="LOC_MOMENT_DATA_BUILDING">
      <Text>Bina</Text>
    </Row>
    <Row Tag="LOC_MOMENT_DATA_CITY_STATE_PLAYER">
      <Text>Şehir-Devlet Oyuncusu</Text>
    </Row>
    <Row Tag="LOC_MOMENT_DATA_CIVIC">
      <Text>Sivil</Text>
    </Row>
    <Row Tag="LOC_MOMENT_DATA_CONTINENT">
      <Text>Kıta</Text>
    </Row>
    <Row Tag="LOC_MOMENT_DATA_DISTRICT">
      <Text>Bölge</Text>
    </Row>
    <Row Tag="LOC_MOMENT_DATA_EMERGENCY">
      <Text>Acil Durum</Text>
    </Row>
    <Row Tag="LOC_MOMENT_DATA_FEATURE">
      <Text>Özellik</Text>
    </Row>
    <Row Tag="LOC_MOMENT_DATA_GOVERNMENT">
      <Text>Hükümet</Text>
    </Row>
    <Row Tag="LOC_MOMENT_DATA_GOVERNOR">
      <Text>Vali</Text>
    </Row>
    <Row Tag="LOC_MOMENT_DATA_GREAT_PERSON_INDIVIDUAL">
      <Text>Harika İnsan Birey</Text>
    </Row>
    <Row Tag="LOC_MOMENT_DATA_GREAT_WORK">
      <Text>Harika bir çalışma</Text>
    </Row>
    <Row Tag="LOC_MOMENT_DATA_IMPROVEMENT">
      <Text>İyileştirme</Text>
    </Row>
    <Row Tag="LOC_MOMENT_DATA_OLD_RELIGION">
      <Text>Eski Din</Text>
    </Row>
    <Row Tag="LOC_MOMENT_DATA_PLAYER_ERA">
      <Text>Oyuncu Dönemi</Text>
    </Row>
    <Row Tag="LOC_MOMENT_DATA_PROJECT">
      <Text>Proje</Text>
    </Row>
    <Row Tag="LOC_MOMENT_DATA_RELIGION">
      <Text>Din</Text>
    </Row>
    <Row Tag="LOC_MOMENT_DATA_RESOURCE">
      <Text>Kaynak</Text>
    </Row>
    <Row Tag="LOC_MOMENT_DATA_TARGET_PLAYER">
      <Text>Hedef Oyuncu</Text>
    </Row>
    <Row Tag="LOC_MOMENT_DATA_TARGET_PLAYER_ERA">
      <Text>Hedef Oyuncu Dönemi</Text>
    </Row>
    <Row Tag="LOC_MOMENT_DATA_TECHNOLOGY">
      <Text>Teknoloji</Text>
    </Row>
    <Row Tag="LOC_MOMENT_DATA_UNIT">
      <Text>Birim</Text>
    </Row>
    <Row Tag="LOC_MOMENT_DATA_WAR">
      <Text>Savaş</Text>
    </Row>
    <!-- Types of war (so we can specify in moment text) -->
    <Row Tag="LOC_MOMENT_DATA_WAR_SURPRISE_WAR">
      <Text>Sürpriz Savaş</Text>
    </Row>
    <Row Tag="LOC_MOMENT_DATA_WAR_FORMAL_WAR">
      <Text>Resmi Savaş</Text>
    </Row>
    <Row Tag="LOC_MOMENT_DATA_WAR_HOLY_WAR">
      <Text>Kutsal Savaş</Text>
    </Row>
    <Row Tag="LOC_MOMENT_DATA_WAR_RECONQUEST_WAR">
      <Text>Yeniden Fetih Savaşı</Text>
    </Row>
    <Row Tag="LOC_MOMENT_DATA_WAR_LIBERATION_WAR">
      <Text>Kurtuluş Savaşı</Text>
    </Row>
    <Row Tag="LOC_MOMENT_DATA_WAR_DEFENSIVE_PACT">
      <Text>Savunma Paktı</Text>
    </Row>
    <Row Tag="LOC_MOMENT_DATA_WAR_JOINT_WAR">
      <Text>Ortak Savaş</Text>
    </Row>
    <Row Tag="LOC_MOMENT_DATA_WAR_SUZERAIN_WAR">
      <Text>Suzerain Savaşı</Text>
    </Row>
    <Row Tag="LOC_MOMENT_DATA_WAR_PROTECTORATE_WAR">
      <Text>Protektora Savaşı</Text>
    </Row>
    <Row Tag="LOC_MOMENT_DATA_WAR_COLONIAL_WAR">
      <Text>Koloni Savaşı</Text>
    </Row>
    <Row Tag="LOC_MOMENT_DATA_WAR_TERRITORIAL_WAR">
      <Text>Bölgesel Genişleme Savaşı</Text>
    </Row>
    <Row Tag="LOC_MOMENT_DATA_WAR_GOLDEN_AGE_WAR">
      <Text>Altın Çağ Savaşı</Text>
    </Row>
    <Row Tag="LOC_MOMENT_DATA_WAR_EMERGENCY_WAR">
      <Text>Acil Durum Savaşı</Text>
    </Row>
    <Row Tag="LOC_MOMENT_DATA_WAR_WAR_OF_RETRIBUTION">
      <Text>İntikam Savaşı</Text>
    </Row>
    <Row Tag="LOC_MOMENT_DATA_WAR_IDEOLOGICAL_WAR">
      <Text>İdeolojik Savaş</Text>
    </Row>
    <!--Moment Categories and Bonuses-->
    <Row Tag="LOC_MOMENT_CATEGORY_AERONAUTICAL">
      <Text>Gökyüzü ve Yıldızlar</Text>
    </Row>
    <Row Tag="LOC_MOMENT_CATEGORY_AERONAUTICAL_BONUS_GOLDEN_AGE">
      <Text>Gökyüzü ve Yıldızlar Altın Çağı:[NEWLINE]Atom Çağındaysanız Gelişmiş Uçuş, Nükleer Fisyon ve Roketçilik için [ICON_TechBoosted] Eurekaların kilidini açar. Bilgi Çağındaysanız Uydular, Robotik, Nükleer Füzyon ve Nanoteknoloji Eurekalarının kilidi açılır. Tüm Hava Birimleri için +%100 XP kazanılır.</Text>
    </Row>
    <Row Tag="LOC_MOMENT_CATEGORY_AERONAUTICAL_BONUS_NORMAL_AGE">
      <Text>Gökyüzü ve Yıldızlar Adanmışlık Bonusu:[NEWLINE]İnşa edilen her Havaalanı binası için +1 Çağ Puanı kazanın. Her [ICON_GreatPerson] Büyük Kişi kazanıldığında veya satın alındığında +1 Çağ Puanı kazanın.</Text>
    </Row>
    <Row Tag="LOC_MOMENT_CATEGORY_AERONAUTICAL_BONUS_DARK_AGE">
      <Text>Gökyüzü ve Yıldızlar Adanmışlık Bonusu:[NEWLINE]İnşa edilen her Havaalanı binası için +1 Çağ Puanı kazanın. Her [ICON_GreatPerson] Büyük Kişi kazanıldığında veya satın alındığında +1 Çağ Puanı kazanın.</Text>
    </Row>
    <Row Tag="LOC_MOMENT_CATEGORY_CULTURAL">
      <Text>Kalem, Fırça ve Ses</Text>
    </Row>
    <Row Tag="LOC_MOMENT_CATEGORY_CULTURAL_BONUS_GOLDEN_AGE">
      <Text>Kalem, Fırça ve Ses Altın Çağı:[NEWLINE][ICON_CivicBoosted] İlhamlar, sivil maliyetlerin %10'u kadar ek maliyet sağlar. Her şehir, her uzmanlık bölgesi için +1 [ICON_Culture] Kültür alır</Text>
    </Row>
    <Row Tag="LOC_MOMENT_CATEGORY_CULTURAL_BONUS_NORMAL_AGE">
      <Text>Kalem, Fırça ve Ses Adanmışlık Bonusu:[NEWLINE]Her bir [ICON_CivicBoosted] İlham tetiklediğinizde +1 Çağ Puanı kazanın. Büyük İş Yuvası olan bir bina inşa etmek için +1 Çağ Puanı.</Text>
    </Row>
    <Row Tag="LOC_MOMENT_CATEGORY_CULTURAL_BONUS_DARK_AGE">
      <Text>Kalem, Fırça ve Ses Adanmışlık Bonusu:[NEWLINE]Her bir [ICON_CivicBoosted] İlham tetiklediğinizde +1 Çağ Puanı kazanın. Büyük İş Yuvası olan bir bina inşa etmek için +1 Çağ Puanı.</Text>
    </Row>
    <Row Tag="LOC_MOMENT_CATEGORY_ECONOMIC">
      <Text>Madeni Para Reformu</Text>
    </Row>
    <Row Tag="LOC_MOMENT_CATEGORY_ECONOMIC_BONUS_GOLDEN_AGE">
      <Text>Sikke Altın Çağı Reformu:[NEWLINE]Tüccarlarınız yağmalanamaz. Uluslararası [ICON_TradeRoute] Ticaret Yolları, yabancı şehirdeki uzmanlık bölgesi başına +3 [ICON_Gold] Altın sağlar.</Text>
    </Row>
    <Row Tag="LOC_MOMENT_CATEGORY_ECONOMIC_BONUS_NORMAL_AGE">
      <Text>Sikke Adanmışlık Bonusu Reformu:[NEWLINE]Bir [ICON_TradeRoute] Ticaret Rotasını başarıyla tamamladığınız her sefer +1 Çağ Puanı kazanın.</Text>
    </Row>
    <Row Tag="LOC_MOMENT_CATEGORY_ECONOMIC_BONUS_DARK_AGE">
      <Text>Sikke Adanmışlık Bonusu Reformu:[NEWLINE]Bir [ICON_TradeRoute] Ticaret Rotasını başarıyla tamamladığınız her sefer +1 Çağ Puanı kazanın.</Text>
    </Row>
    <Row Tag="LOC_MOMENT_CATEGORY_ESPIONAGE">
      <Text>Yalanların Koruması</Text>
    </Row>
    <Row Tag="LOC_MOMENT_CATEGORY_ESPIONAGE_BONUS_GOLDEN_AGE">
      <Text>Bodyguard of Lies Golden Age:[NEWLINE]Casuslar başka bir medeniyetin şehrinde varlıklarını kanıtlamak için hiç zaman kaybetmezler. Tüm saldırı görevlerini tamamlama süresi 25 azaltıldı%.</Text>
    </Row>
    <Row Tag="LOC_MOMENT_CATEGORY_ESPIONAGE_BONUS_NORMAL_AGE">
      <Text>Bodyguard of Lies Adanmışlık Bonusu:[NEWLINE]Her başarılı saldırgan Spy operasyonu için +1 Era Puanı kazanın.</Text>
    </Row>
    <Row Tag="LOC_MOMENT_CATEGORY_ESPIONAGE_BONUS_DARK_AGE">
      <Text>Bodyguard of Lies Adanmışlık Bonusu:[NEWLINE]Her başarılı saldırgan Spy operasyonu için +1 Era Puanı kazanın.</Text>
    </Row>
    <Row Tag="LOC_MOMENT_CATEGORY_EXPLORATION">
      <Text>Hic Sunt Dracones</Text>
    </Row>
    <Row Tag="LOC_MOMENT_CATEGORY_EXPLORATION_BONUS_GOLDEN_AGE">
      <Text>Hic Sunt Dracones Altın Çağ: [NEWLINE]+3 başlangıç [ICON_Citizen] İlk şehrinizden farklı bir kıtaya yerleşmiş şehirler için nüfus. +2 [ICON_Movement] Donanma ve gemiye binmiş birimler için hareket. İlk [ICON_Capital] Başkentinizin kıtasında olmayan şehirler için tur başına +2 Sadakat.</Text>
    </Row>
    <Row Tag="LOC_MOMENT_CATEGORY_EXPLORATION_BONUS_NORMAL_AGE">
      <Text>Hic Sunt Dracones Adanmışlık Bonusu:[NEWLINE]Her yeni bir Kıta veya doğa harikası keşfettiğinizde +3 Çağ Puanı kazanın. Savaşta Barbar olmayan bir donanma birimini her öldürdüğünüzde +1 Çağ Puanı kazanın.</Text>
    </Row>
    <Row Tag="LOC_MOMENT_CATEGORY_EXPLORATION_BONUS_DARK_AGE">
      <Text>Hic Sunt Dracones Adanmışlık Bonusu:[NEWLINE]Her yeni bir Kıta veya doğa harikası keşfettiğinizde +3 Çağ Puanı kazanın. Savaşta Barbar olmayan bir donanma birimini her öldürdüğünüzde +1 Çağ Puanı kazanın.</Text>
    </Row>
    <Row Tag="LOC_MOMENT_CATEGORY_INDUSTRIAL">
      <Text>Buharın Kalp Atışı</Text>
    </Row>
    <Row Tag="LOC_MOMENT_CATEGORY_INDUSTRIAL_BONUS_GOLDEN_AGE">
      <Text>Buharın Kalp Atışı Altın Çağ: [NEWLINE]+%10 [ICON_Production] Sanayi dönemi ve sonrası harikalarına yönelik üretim. Kampüs bölgesinin [ICON_SCIENCE] Bilim bitişiklik bonusu da [ICON_PRODUCTION] Üretim sağlar.</Text>
    </Row>
    <Row Tag="LOC_MOMENT_CATEGORY_INDUSTRIAL_BONUS_NORMAL_AGE">
      <Text>Buharın Kalp Atışı Adanmışlık Bonusu:[NEWLINE]İnşa edilen her Endüstriyel veya daha yeni bina için +1 Çağ Puanı kazanın.</Text>
    </Row>
    <Row Tag="LOC_MOMENT_CATEGORY_INDUSTRIAL_BONUS_DARK_AGE">
      <Text>Buharın Kalp Atışı Adanmışlık Bonusu:[NEWLINE]İnşa edilen her Endüstriyel veya daha yeni bina için +1 Çağ Puanı kazanın.</Text>
    </Row>
    <Row Tag="LOC_MOMENT_CATEGORY_INFRASTRUCTURE">
      <Text>Anıtsallık</Text>
    </Row>
    <Row Tag="LOC_MOMENT_CATEGORY_INFRASTRUCTURE_BONUS_GOLDEN_AGE">
      <Text>Anıtsallık Altın Çağı: [NEWLINE]+2 [ICON_Movement] Tüm İnşaatçılar için Hareket. [ICON_Faith] İnanç ile sivil birimler satın alınabilir. İnşaatçılar ve Yerleşimciler [ICON_FAITH] İnanç ve [ICON_GOLD] Altın ile %30 daha ucuza satın alınabilir.</Text>
    </Row>
    <Row Tag="LOC_MOMENT_CATEGORY_INFRASTRUCTURE_BONUS_NORMAL_AGE">
      <Text>Anıtsallığa Adanmışlık Bonusu:[NEWLINE]Her yeni bir uzmanlık Bölgesi inşa ettiğinizde +1 Çağ Puanı kazanın.</Text>
    </Row>
    <Row Tag="LOC_MOMENT_CATEGORY_INFRASTRUCTURE_BONUS_DARK_AGE">
      <Text>Anıtsallığa Adanmışlık Bonusu:[NEWLINE]Her yeni bir uzmanlık Bölgesi inşa ettiğinizde +1 Çağ Puanı kazanın.</Text>
    </Row>
    <Row Tag="LOC_MOMENT_CATEGORY_MILITARY">
      <Text>Silah başına!</Text>
    </Row>
    <Row Tag="LOC_MOMENT_CATEGORY_MILITARY_BONUS_GOLDEN_AGE">
      <Text>Silahlanın! Altın Çağ:[NEWLINE]Resmi Savaş'a göre %75 daha az savaş kışkırtıcılığı cezası veren ve hedefi İhbar ettikten hemen sonra kullanılabilen özel bir Casus Belli'nin kilidini açın. Askeri birimlere yönelik +%15 [ICON_Production] Üretim.</Text>
    </Row>
    <Row Tag="LOC_MOMENT_CATEGORY_MILITARY_BONUS_NORMAL_AGE">
      <Text>Silahlanın! Adanmışlık Bonusu:[NEWLINE]Savaşta Barbar olmayan bir Kolorduyu her öldürdüğünüzde +1 Çağ Puanı ve savaşta Barbar olmayan bir Orduyu her öldürdüğünüzde +2 Çağ Puanı kazanın.</Text>
    </Row>
    <Row Tag="LOC_MOMENT_CATEGORY_MILITARY_BONUS_DARK_AGE">
      <Text>Silahlanın! Adanmışlık Bonusu:[NEWLINE]Savaşta Barbar olmayan bir Kolorduyu her öldürdüğünüzde +1 Çağ Puanı ve savaşta Barbar olmayan bir Orduyu her öldürdüğünüzde +2 Çağ Puanı kazanın.</Text>
    </Row>
    <Row Tag="LOC_MOMENT_CATEGORY_RELIGIOUS">
      <Text>Evangelistlerin Göçü</Text>
    </Row>
    <Row Tag="LOC_MOMENT_CATEGORY_RELIGIOUS_BONUS_GOLDEN_AGE">
      <Text>Evangelistlerin Göçü Altın Çağ: [NEWLINE]+2 [ICON_Movement] Tüm Misyonerler, Havariler ve Engizisyoncular için Hareket. Ayrıca, yeni eğitilenler +2 Yük alır. Tur başına +4 [ICON_GreatProphet] Büyük Peygamber puanı.</Text>
    </Row>
    <Row Tag="LOC_MOMENT_CATEGORY_RELIGIOUS_BONUS_NORMAL_AGE">
      <Text>Evangelistlerin Göçü Adanmışlık Bonusu:[NEWLINE]Bir şehri ilk kez kendi kurduğunuz Dine dönüştürdüğünüzde +2 Çağ Puanı kazanın.</Text>
    </Row>
    <Row Tag="LOC_MOMENT_CATEGORY_RELIGIOUS_BONUS_DARK_AGE">
      <Text>Evangelistlerin Göçü Adanmışlık Bonusu:[NEWLINE]Bir şehri ilk kez kendi kurduğunuz Dine dönüştürdüğünüzde +2 Çağ Puanı kazanın.</Text>
    </Row>
    <Row Tag="LOC_MOMENT_CATEGORY_SCIENTIFIC">
      <Text>Ücretsiz Sorgulama</Text>
    </Row>
    <Row Tag="LOC_MOMENT_CATEGORY_SCIENTIFIC_BONUS_GOLDEN_AGE">
      <Text>Ücretsiz Sorgulama Altın Çağı:[NEWLINE][ICON_TechBoosted] Eurekalar teknoloji maliyetlerinin %10'unu daha sağlar. Ticaret Merkezi ve Liman bölgesinin [ICON_GOLD] Altın bitişiklik bonusu da [ICON_Science] Bilim sağlar.</Text>
    </Row>
    <Row Tag="LOC_MOMENT_CATEGORY_SCIENTIFIC_BONUS_NORMAL_AGE">
      <Text>Ücretsiz Sorgulama Adanmışlık Bonusu:[NEWLINE]Her [ICON_TechBoosted] Eureka tetiklediğinizde +1 Çağ Puanı kazanın. Temel verim olarak Bilim sağlayan bir bina inşa etmek için +1 Çağ Puanı.</Text>
    </Row>
    <Row Tag="LOC_MOMENT_CATEGORY_SCIENTIFIC_BONUS_DARK_AGE">
      <Text>Ücretsiz Sorgulama Adanmışlık Bonusu:[NEWLINE]Her [ICON_TechBoosted] Eureka tetiklediğinizde +1 Çağ Puanı kazanın. Temel verim olarak Bilim sağlayan bir bina inşa etmek için +1 Çağ Puanı.</Text>
    </Row>
    <Row Tag="LOC_MOMENT_CATEGORY_TOURISM">
      <Text>Keşke Burada Olsaydın</Text>
    </Row>
    <Row Tag="LOC_MOMENT_CATEGORY_TOURISM_BONUS_GOLDEN_AGE">
      <Text>Keşke Burada Olsaydın Altın Çağ: [NEWLINE]Valileri [ICON_Governor] olan şehirler Dünya Harikalarından +%50 [ICON_Tourism] Turizm alır. Tüm Milli Parklara +%100 [ICON_Tourism] Turizm.</Text>
    </Row>
    <Row Tag="LOC_MOMENT_CATEGORY_TOURISM_BONUS_NORMAL_AGE">
      <Text>Keşke Burada Olsaydın Adanmışlık Bonusu:[NEWLINE]Çıkarılan her Eser için +1 Çağ Puanı kazanın.</Text>
    </Row>
    <Row Tag="LOC_MOMENT_CATEGORY_TOURISM_BONUS_DARK_AGE">
      <Text>Keşke Burada Olsaydın Adanmışlık Bonusu:[NEWLINE]Çıkarılan her Eser için +1 Çağ Puanı kazanın.</Text>
    </Row>
    <Row Tag="LOC_MOMENT_NO_MOMENTS_TO_SHOW">
      <Text>Uygarlığınız herhangi bir Tarihi An yaşamadı.</Text>
    </Row>
  </EnglishText>
</GameData>