﻿<?xml version="1.0" encoding="utf-8"?>
<GameData>
  <EnglishText>
    <!-- FrontEnd Text -->
    <Row Tag="LOC_EXPANSION1_NAME">
      <Text>Genişleme: Yükseliş ve Düşüş</Text>
    </Row>
    <Row Tag="LOC_EXPANSION1_DESCRIPTION">
      <Text>Bu oyun, Büyük Çağlar, Sadakat, Valiler ve Acil Durumları içeren Yükseliş ve Çöküş Genişleme Paketini kullanan bir oyundur. Halkınızı refah dolu bir Altın Çağ'a götürebilecek misiniz? Yoksa imparatorluğunuz Karanlık Çağ'ın zorluklarıyla mı karşılaşacak?</Text>
    </Row>
    <!-- Map Config Text -->
    <Row Tag="LOC_MAP_ARCHIPELAGO_NAME">
      <Text>Takımadalar</Text>
    </Row>
    <Row Tag="LOC_TSLEUROPE_NAME">
      <Text>Gerçek Başlangıç Yeri Avrupa</Text>
    </Row>
    <Row Tag="LOC_TSLEUROPE_DESCRIPTION">
      <Text>Medeniyetler, Avrupa haritası üzerindeki tarihi başkentlerinin bulunduğu yerde başlar.</Text>
    </Row>
    <Row Tag="LOC_MAP_EUROPE_NAME">
      <Text>Avrupa</Text>
    </Row>
    <Row Tag="LOC_MAP_EUROPE_DESCRIPTION">
      <Text>Kaynakları, arazisi ve tarihi konumlarını yansıtan özellikleriyle Avrupa'nın bir temsili.</Text>
    </Row>
    <!-- Natural Wonders -->
    <Row Tag="LOC_FEATURE_DELICATE_ARCH_NAME">
      <Text>Narin Kemer</Text>
    </Row>
    <Row Tag="LOC_FEATURE_DELICATE_ARCH_DESCRIPTION">
      <Text>Bir karelik geçilmez doğa harikası. Bitişik karelere +2 [ICON_FAITH] İnanç ve +1 [ICON_GOLD] Altın sağlar.</Text>
    </Row>
    <Row Tag="LOC_FEATURE_EYE_OF_THE_SAHARA_NAME">
      <Text>Sahra'nın Gözü</Text>
    </Row>
    <Row Tag="LOC_FEATURE_EYE_OF_THE_SAHARA_DESCRIPTION">
      <Text>Üç kareli doğa harikası. +1 [ICON_PRODUCTION] Üretim sağlar. Oyun Atomik Çağa ulaştıktan sonra +1 [ICON_PRODUCTION] Üretim ve +3 [ICON_SCIENCE] Bilim daha sağlar.</Text>
    </Row>
    <Row Tag="LOC_FEATURE_MATTERHORN_NAME">
      <Text>Matterhorn</Text>
    </Row>
    <Row Tag="LOC_FEATURE_MATTERHORN_DESCRIPTION">
      <Text>Bir karo geçilmez doğa harikası. Bitişik karelere +1 [ICON_CULTURE] Kültür sağlar. Matterhorn'un yanına hareket eden kara savaş birimleri oyunun geri kalanında Tepeleri görmezden gelir ve tepelerde savaşırken +3[ICON_Strength] Savaş Gücü kazanır.</Text>
    </Row>
    <Row Tag="LOC_FEATURE_RORAIMA_NAME">
      <Text>Roraima Dağı</Text>
    </Row>
    <Row Tag="LOC_FEATURE_RORAIMA_DESCRIPTION">
      <Text>Dört kareden oluşan geçilmez doğa harikası. Bitişik karelere +1 [ICON_FAITH] İnanç ve +1 [ICON_SCIENCE] Bilim sağlar.</Text>
    </Row>
    <Row Tag="LOC_FEATURE_UBSUNUR_HOLLOW_NAME">
      <Text>Ubsunur Kovuğu</Text>
    </Row>
    <Row Tag="LOC_FEATURE_UBSUNUR_HOLLOW_DESCRIPTION">
      <Text>Dört kareli doğa harikası. 2 [ICON_FAITH] İnanç, +1 [ICON_FOOD] Yiyecek ve +1 [ICON_PRODUCTION] Üretim sağlar.</Text>
    </Row>
    <Row Tag="LOC_FEATURE_ZHANGYE_DANXIA_NAME">
      <Text>Zhangye Danxia</Text>
    </Row>
    <Row Tag="LOC_FEATURE_ZHANGYE_DANXIA_DESCRIPTION">
      <Text>Üç kareli geçilmez doğa harikası. Bu karolardan en az birine sahipseniz 2 [ICON_GREATGENERAL] Büyük General puanı ve 2 [ICON_GREATMERCHANT] Büyük Tüccar puanı sağlar.</Text>
    </Row>
    <Row Tag="LOC_FEATURE_LAKE_RETBA_NAME">
      <Text>Retba Gölü</Text>
    </Row>
    <Row Tag="LOC_FEATURE_LAKE_RETBA_DESCRIPTION">
      <Text>İki kareli doğa harikası. Bir Göl olarak görünür ve +2 [ICON_CULTURE] Kültür, +2 [ICON_GOLD] Altın ve +1 [ICON_PRODUCTION] Üretim sağlar. Tatlı Su sağlamaz.</Text>
    </Row>
    <!-- Player Config Text -->
    <!-- District Config Text -->
    <Row Tag="LOC_DISTRICT_WATER_STREET_CARNIVAL_NAME">
      <Text>Copacabana</Text>
    </Row>
    <Row Tag="LOC_DISTRICT_WATER_STREET_CARNIVAL_DESCRIPTION">
      <Text>Brezilya'ya özgü bir bölge. Su Parkı bölgesinin yerini alır ve +2 [ICON_Amenities] Kolaylık sağlar. Ayrıca Karnaval projesinin kilidini açar, bu proje devam ederken +1 [ICON_Amenities] ek Kolaylık ve tamamlandığında çeşitli [ICON_GreatPerson] Harika İnsanlar puanı verir. Sokak Karnavalı olan bir şehirde inşa edilemez. Resif üzerine inşa edilemez.</Text>
    </Row>
    <Row Tag="LOC_DISTRICT_STREET_CARNIVAL_EXPANSION1_DESCRIPTION">
      <Text>Brezilya'ya özgü bir bölge. Eğlence Kompleksi bölgesinin yerini alır ve +2 [ICON_Amenities] Kolaylık sağlar. Ayrıca Karnaval projesinin kilidini açar, bu proje devam ederken +1 [ICON_Amenities] ek Kolaylık ve tamamlandığında çeşitli [ICON_GreatPerson] Harika İnsanlar puanı verir. Copacabana bulunan bir şehirde inşa edilemez.</Text>
    </Row>
    <!-- Unit Config Text -->
    <Row Tag="LOC_UNIT_ZULU_IMPI_NAME">
      <Text>Impi</Text>
    </Row>
    <Row Tag="LOC_UNIT_ZULU_IMPI_DESCRIPTION">
      <Text>Mızrakçının yerini alan Zulu'ya özgü Ortaçağ Dönemi birimi. Artırılmış Yanaşma bonusu, düşük maliyet ve az bakım. Daha hızlı XP kazanır.</Text>
    </Row>
    <Row Tag="LOC_UNIT_KOREAN_HWACHA_NAME">
      <Text>Hwacha</Text>
    </Row>
    <Row Tag="LOC_UNIT_KOREAN_HWACHA_DESCRIPTION">
      <Text>Saha Topunun yerini alan Kore'ye özgü Rönesans Dönemi birimi. Yüksek [ICON_Ranged] Menzilli Saldırı Gücü. Aynı turda hareket edemez ve saldıramaz.</Text>
    </Row>
    <Row Tag="LOC_UNIT_SCOTTISH_HIGHLANDER_NAME">
      <Text>Highlander</Text>
    </Row>
    <Row Tag="LOC_UNIT_SCOTTISH_HIGHLANDER_DESCRIPTION">
      <Text>Ranger'ın yerini alan İskoçya'ya özgü Endüstri Çağı birimi. Güçlü keşif birimi. Tepe ve Orman arazisinde savaşırken +5 [ICON_Strength] Savaş Gücü bonusu.</Text>
    </Row>
    <Row Tag="LOC_UNIT_DE_ZEVEN_PROVINCIEN_NAME">
      <Text>Yedi Eyalet</Text>
    </Row>
    <Row Tag="LOC_UNIT_DE_ZEVEN_PROVINCIEN_DESCRIPTION">
      <Text>Fırkateynin yerini alan Hollanda'ya özgü Rönesans Dönemi birimi. Savunulabilir bölgelere saldırırken +7 [ICON_Strength] Savaş Gücü.</Text>
    </Row>
    <Row Tag="LOC_UNIT_MONGOLIAN_KESHIG_NAME">
      <Text>Keshig</Text>
    </Row>
    <Row Tag="LOC_UNIT_MONGOLIAN_KESHIG_DESCRIPTION">
      <Text>Moğolistan'a özgü Orta Çağ Menzilli Süvari birimi. Hareket halindeki sivil ve destek birimlerine daha yüksek [ICON_Movement] Hareket hızlarında eşlik edebilir.</Text>
    </Row>
    <Row Tag="LOC_UNIT_GEORGIAN_KHEVSURETI_NAME">
      <Text>Khevsur</Text>
    </Row>
    <Row Tag="LOC_UNIT_GEORGIAN_KHEVSURETI_DESCRIPTION">
      <Text>Silah Altındaki Adam'ın yerini alan Gürcistan'a özgü Ortaçağ Dönemi birimi. Tepe arazisinde savaşırken +7 [ICON_Strength] Savaş Gücü bonusu. Tepe arazisinde hareket cezası yok [ICON_Movement].</Text>
    </Row>
    <Row Tag="LOC_UNIT_MAPUCHE_MALON_RAIDER_NAME">
      <Text>Malón Raider</Text>
    </Row>
    <Row Tag="LOC_UNIT_MAPUCHE_MALON_RAIDER_DESCRIPTION">
      <Text>Mapuche eşsiz Rönesans Dönemi birimi. Dost toprakların 4 altıgeni içindeyse +5 [ICON_Strength] Savaş Gücü bonusu. Yağma 1 [ICON_Movement] Harekete mal olur.</Text>
    </Row>
    <Row Tag="LOC_UNIT_CREE_OKIHTCITAW_NAME">
      <Text>Okihtcitaw</Text>
    </Row>
    <Row Tag="LOC_UNIT_CREE_OKIHTCITAW_DESCRIPTION">
      <Text>Scout'un yerini alan Cree'ye özgü Antik dönem birimi. Güçlü keşif birimi. 1 ücretsiz terfi ile başlar.</Text>
    </Row>
    <!-- America -->
    <Row Tag="LOC_TRAIT_CIVILIZATION_FOUNDING_FATHERS_EXPANSION1_DESCRIPTION">
      <Text>Mevcut hükümetteki tüm Diplomatik politika yuvaları Wildcard yuvalarına dönüştürülür.</Text>
    </Row>
    <Row Tag="LOC_BUILDING_FILM_STUDIO_EXPANSION1_DESCRIPTION">
      <Text>Amerika'ya özgü bir bina. Oyun Modern çağa girdiğinde bu şehirden diğer medeniyetlere doğru +%100 [ICON_Tourism] turizm baskısı.</Text>
    </Row>
    <!-- China -->
    <Row Tag="LOC_TRAIT_CIVILIZATION_DYNASTIC_CYCLE_EXPANSION1_DESCRIPTION">
      <Text>[ICON_TechBoosted] Eurekas ve [ICON_CivicBoosted] Inspirations yurttaşlık bilgisi ve teknolojilerinin %40'ı yerine %50'sini sağlamaktadır %. Bir mucizeyi tamamlarken, eğer varsa, mucizenin döneminden rastgele bir [ICON_TechBoosted] Eureka ve [ICON_CivicBoosted] İlham alın.</Text>
    </Row>
    <!-- Cleopatra -->
    <Row Tag="LOC_TRAIT_LEADER_MEDITERRANEAN_EXPANSION1_DESCRIPTION">
      <Text>Diğer medeniyetlere giden [ICON_TradeRoute] Ticaret Yollarınız Mısır için +4 [ICON_Gold] Altın sağlar. Diğer uygarlıkların [ICON_TradeRoute] Mısır'a giden Ticaret Yolları onlar için +2 [ICON_Food] Gıda ve Mısır için +2 [ICON_Gold] Altın sağlar.  Müttefiklerle ticaret yapmak iki kat daha fazla bonus İttifak Puanı kazandırır.</Text>
    </Row>
    <!-- Chandragupta -->
    <Row Tag="LOC_LEADER_CHANDRAGUPTA_NAME">
      <Text>Chandragupta</Text>
    </Row>
    <Row Tag="LOC_TRAIT_LEADER_ARTHASHASTRA_NAME">
      <Text>Arthashastra</Text>
    </Row>
    <Row Tag="LOC_TRAIT_LEADER_ARTHASHASTRA_DESCRIPTION">
      <Text>Askeri Eğitim Civic'i kazandıktan sonra Bölgesel Genişleme Savaşı ilan edebilir.  Bölgesel Genişleme Savaşı ilan ettikten sonraki ilk 10 tur için +2 [ICON_Movement] Hareket ve +5 [ICON_Strength] Savaş Gücü.</Text>
    </Row>
    <!-- England -->
    <Row Tag="LOC_DISTRICT_ROYAL_NAVY_DOCKYARD_EXPANSION1_DESCRIPTION">
      <Text>Şehrinizdeki denizcilik faaliyetleri için İngiltere'ye özgü bir bölge. Liman bölgesinin yerini alır. Ayrıca bu kareye giriş ve çıkış için [ICON_Movement] Hareket cezasını da kaldırır. Karaya bitişik Sahil veya Göl Arazisi üzerine inşa edilmelidir.[NEWLINE][NEWLINE]+1 [ICON_Movement] Tersanede inşa edilen tüm deniz birimleri için hareket[NEWLINE]+2 [ICON_Gold] Yabancı bir kıtada inşa edildiğinde tur başına Altın ve +4 Sadakat. Resif üzerine inşa edilemez</Text>
    </Row>
    <!-- Lautaro-->
    <Row Tag="LOC_CIVILIZATION_MAPUCHE_NAME">
      <Text>Mapuche
 	 	 	</Text>
      <Gender>Masculine:the</Gender>
    </Row>
    <Row Tag="LOC_CIVILIZATION_MAPUCHE_ADJECTIVE">
      <Text>Mapuchen</Text>
    </Row>
    <Row Tag="LOC_CIVILIZATION_MAPUCHE_DESCRIPTION">
      <Text>Mapuche İmparatorluğu</Text>
    </Row>
    <Row Tag="LOC_TRAIT_CIVILIZATION_MAPUCHE_TOQUI_NAME">
      <Text>Toqui</Text>
    </Row>
    <Row Tag="LOC_TRAIT_CIVILIZATION_MAPUCHE_TOQUI_DESCRIPTION">
      <Text>Yerleşik [ICON_Governor] Valisi olan şehirler, bu şehirde eğitilen tüm birimlere +%5 [ICON_CULTURE] Kültür, +%5 [ICON_Production] Üretim ve +%10 savaş deneyimi sağlar. Mapuche tarafından kurulmamış şehirlerde bu sayılar üç katına çıkar. [ICON_Governor] Valinizin bulunduğu bir şehrin 9 karesi içindeki tüm şehirler, medeniyetinize karşı her turda +4 Sadakat kazanır.</Text>
    </Row>
    <Row Tag="LOC_TRAIT_TOQUI_COMBAT_BONUS_VS_GOLDEN_AGE_CIV_DESCRIPTION">
      <Text>+[1]) Altın Çağ'daki uygarlıklara karşı veya Özgür Şehir'e karşı</Text>
    </Row>
    <Row Tag="LOC_LEADER_LAUTARO_NAME">
      <Text>Lautaro</Text>
    </Row>
    <Row Tag="LOC_TRAIT_LEADER_LAUTARO_ABILITY_NAME">
      <Text>Swift Hawk</Text>
    </Row>
    <Row Tag="LOC_TRAIT_LEADER_LAUTARO_ABILITY_DESCRIPTION">
      <Text>Eğer bir Mapuche Birimi düşman şehrin sınırları içinde bir düşman birimini yenerse, o şehir 5 Sadakat kaybeder.</Text>
    </Row>
    <Row Tag="LOC_TRAIT_LEADER_LAUTARO_ABILITY_DESCRIPTION_ALT">
      <Text>Özgür Şehirlerle veya Altın ya da Kahramanlık Çağında olan medeniyetlerle savaşırken +10 [ICON_Strength] Savaş Gücü. Bir düşman şehrinin sınırları içindeki bir düşman birimini yenmek, o şehrin 20 Sadakat kaybetmesine ve eğer o uygarlık Altın veya Kahramanlık Çağındaysa 40 sadakat kaybetmesine neden olur.</Text>
    </Row>
    <Row Tag="LOC_IMPROVEMENT_CHEMAMULL_NAME">
      <Text>Chemamull</Text>
    </Row>
    <Row Tag="LOC_IMPROVEMENT_CHEMAMULL_DESCRIPTION">
      <Text>Mapuche'ye özgü bir Chemamull inşa etmek için İnşaatçı yeteneğinin kilidini açar.[NEWLINE][NEWLINE]+1 [Icon_Production] Üretim. Karonun Çekiciliğinin %75'ine eşit [ICON_CULTURE] Kültür sağlar. Uçuş araştırmasından sonra ilave [ICON_TOURISM] Turizm. Minimum Nefes Kesici Çekicilik.</Text>
    </Row>
    <!-- Gilgamesh-->
    <Row Tag="LOC_TRAIT_LEADER_ADVENTURES_ENKIDU_EXPANSION1_DESCRIPTION">
      <Text>Müttefikleriyle savaş halinde olan herkese savaş kışkırtıcılığı cezası almadan savaş ilan edebilir. Ortak bir düşmanla savaş halindeyken, kendileri ve müttefikleri yağma ödüllerini paylaşır ve 5 karo içindeyse savaş deneyimi kazançlarını paylaşır.  İttifakları, ortak bir düşmanla savaşta oldukları için İttifak Puanı kazanır. Sizinle ve müttefikinizle savaşta olan oyuncuların birimlerine karşı +5 [ICON_Strength] Savaş Gücü.</Text>
    </Row>
    <!-- Poundmaker-->
    <Row Tag="LOC_CIVILIZATION_CREE_NAME">
      <Text>Cree
 	 	 	</Text>
      <Gender>Masculine:the</Gender>
    </Row>
    <Row Tag="LOC_CIVILIZATION_CREE_ADJECTIVE">
      <Text>Cree</Text>
    </Row>
    <Row Tag="LOC_CIVILIZATION_CREE_DESCRIPTION">
      <Text>Cree İmparatorluğu</Text>
    </Row>
    <Row Tag="LOC_TRAIT_CIVILIZATION_CREE_TRADE_GAIN_TILES_NAME">
      <Text>Nîhithaw</Text>
    </Row>
    <Row Tag="LOC_TRAIT_CIVILIZATION_CREE_TRADE_GAIN_TILES_DESCRIPTION">
      <Text>+1 [ICON_TradeRoute] Ticaret Yolu kapasitesi ve Çömlekçilik teknolojisine sahip ücretsiz bir Tüccar. Bir Cree şehrinin 3 karesi içindeki sahipsiz kareler, bir Tüccar bu karelere ilk kez girdiğinde Cree kontrolü altına girer.</Text>
    </Row>
    <Row Tag="LOC_LEADER_POUNDMAKER_NAME">
      <Text>Poundmaker</Text>
    </Row>
    <Row Tag="LOC_LEADER_POUNDMAKER_ABILITY_NAME">
      <Text>Uygun Şartlar</Text>
    </Row>
    <Row Tag="LOC_LEADER_POUNDMAKER_ABILITY_DESCRIPTION">
      <Text>Tüm İttifak türleri Paylaşılan Görünürlük sağlar. [NEWLINE] Giden [ICON_TradeRoute] Ticaret Yollarınız, varış noktasındaki Kamp veya Mera başına Poundmaker'a +1 [ICON_Food] Gıda verir. [ICON_TradeRoute] Şehirlerinize gönderilen Ticaret Yolları, varış noktasındaki Kamp veya Mera başına Poundmaker'a +1 [ICON_Gold] Altın verir.</Text>
    </Row>
    <Row Tag="LOC_IMPROVEMENT_MEKEWAP_NAME">
      <Text>Mekewap</Text>
    </Row>
    <Row Tag="LOC_IMPROVEMENT_MEKEWAP_DESCRIPTION">
      <Text>Cree'ye özgü bir Mekewap inşa etmek için İnşaatçı yeteneğinin kilidini açar. [NEWLINE][NEWLINE]+1 [ICON_PRODUCTION] Üretim ve +1 [ICON_Housing] Konut sağlar. Bir Lüks kaynağa bitişikse +1 [ICON_GOLD] Altın.  Bitişik her 2 Bonus Kaynak için +1 [ICON_FOOD] Yiyecek.  Yurttaşlık ve Teknoloji Ağacında ilerledikçe ilave [ICON_PRODUCTION] Üretim, [ICON_GOLD] Altın, [ICON_FOOD] Gıda ve [ICON_HOUSING] Konut. Bir Bonus veya Lüks kaynağına bitişik olarak yerleştirilmelidir. Başka bir Mekewap'a bitişik olarak inşa edilemez.</Text>
    </Row>
    <!-- Robert the Bruce -->
    <Row Tag="LOC_CIVILIZATION_SCOTLAND_NAME">
      <Text>İskoçya</Text>
    </Row>
    <Row Tag="LOC_CIVILIZATION_SCOTLAND_ADJECTIVE">
      <Text>İskoç</Text>
    </Row>
    <Row Tag="LOC_CIVILIZATION_SCOTLAND_DESCRIPTION">
      <Text>İskoç İmparatorluğu</Text>
    </Row>
    <Row Tag="LOC_TRAIT_CIVILIZATION_SCOTTISH_ENLIGHTENMENT_NAME">
      <Text>İskoç Aydınlanması</Text>
    </Row>
    <Row Tag="LOC_TRAIT_CIVILIZATION_SCOTTISH_ENLIGHTENMENT_DESCRIPTION">
      <Text>Mutlu şehirler ek olarak +%5 [ICON_SCIENCE] Bilim ve +%5 [ICON_PRODUCTION] Üretim alır. Mutlu şehirler Kampüs başına +1 [ICON_GreatScientist] Büyük Bilim İnsanı puanı ve Sanayi Bölgesi başına +1 [ICON_GreatEngineer] Büyük Mühendis puanı üretir. Coşkulu şehirler tüm bu miktarları ikiye katlar.</Text>
    </Row>
    <Row Tag="LOC_LEADER_ROBERT_THE_BRUCE_NAME">
      <Text>Robert the Bruce</Text>
    </Row>
    <Row Tag="LOC_TRAIT_LEADER_BANNOCKBURN_NAME">
      <Text>Bannockburn</Text>
    </Row>
    <Row Tag="LOC_TRAIT_LEADER_BANNOCKBURN_DESCRIPTION">
      <Text>Savunma Taktikleri Civic'i kazandıktan sonra bir Kurtuluş Savaşı ilan edebilir.  Kurtuluş Savaşı ilan ettikten sonraki ilk 10 tur için +%100 [ICON_Production] Üretim ve +2 [ICON_Movement] Hareket.</Text>
    </Row>
    <Row Tag="LOC_IMPROVEMENT_GOLF_COURSE_NAME">
      <Text>Golf Sahası</Text>
    </Row>
    <Row Tag="LOC_IMPROVEMENT_GOLF_COURSE_DESCRIPTION">
      <Text>İskoçya'ya özgü bir Golf Sahası inşa etmek için İnşaatçı yeteneğinin kilidini açar.[NEWLINE][NEWLINE]+1 [ICON_AMENITIES] Amenity ve +2 [ICON_GOLD] Altın. Bir Şehir Merkezi bölgesine bitişikse +1 [ICON_CULTURE] Kültür ve bir Eğlence Kompleksi bölgesine bitişikse +1 [ICON_CULTURE] Kültür. Şehircilik ve Teknoloji Ağacında ilerledikçe ilave [ICON_TOURISM] Turizm ve [ICON_HOUSING] Konut. Çöl veya Çöl Tepelerine yerleştirilemez. Şehir başına bir tane. Golf Sahası olan karolar değiştirilemez. +1 Cazibe.</Text>
    </Row>
    <!-- Seondeok -->
    <Row Tag="LOC_CIVILIZATION_KOREA_NAME">
      <Text>Kore</Text>
    </Row>
    <Row Tag="LOC_CIVILIZATION_KOREA_ADJECTIVE">
      <Text>Korece</Text>
    </Row>
    <Row Tag="LOC_CIVILIZATION_KOREA_DESCRIPTION">
      <Text>Kore İmparatorluğu</Text>
    </Row>
    <Row Tag="LOC_TRAIT_CIVILIZATION_THREE_KINGDOMS_NAME">
      <Text>Üç Krallık</Text>
    </Row>
    <Row Tag="LOC_TRAIT_CIVILIZATION_THREE_KINGDOMS_DESCRIPTION">
      <Text>Madenler, her komşu Seowon bölgesi için +1 [ICON_SCIENCE] Bilim alır. Çiftlikler, her komşu Seowon bölgesi için +1 [ICON_FOOD] Gıda alır.</Text>
    </Row>
    <Row Tag="LOC_LEADER_SEONDEOK_NAME">
      <Text>Seondeok</Text>
    </Row>
    <Row Tag="LOC_TRAIT_LEADER_HWARANG_NAME">
      <Text>Hwarang</Text>
    </Row>
    <Row Tag="LOC_TRAIT_LEADER_HWARANG_DESCRIPTION">
      <Text>[ICON_Governor] Bir şehirde kurulan valiler, ilk terfileri de dahil olmak üzere kazandıkları her terfi için +%3 [ICON_Culture] Kültür ve [ICON_Science] Bilim sağlar.</Text>
    </Row>
    <Row Tag="LOC_DISTRICT_SEOWON_NAME">
      <Text>Seowon</Text>
    </Row>
    <Row Tag="LOC_DISTRICT_SEOWON_DESCRIPTION">
      <Text>Bilimsel çalışmalar için Kore'ye özgü bir bölge. Kampüs bölgesinin yerini alır. +4 [ICON_SCIENCE] Bilim. Her bitişik bölge karesi için -1 [ICON_Science] Bilim. Tepeler üzerine inşa edilmelidir.</Text>
    </Row>
    <Row Tag="LOC_DISTRICT_SEOWON_DESCRIPTION_ADJACENCY">
      <Text>Bitişiklik: Her bitişik Bölge için -1 [ICON_SCIENCE] Bilim.</Text>
    </Row>
    <!-- Genghis Khan -->
    <Row Tag="LOC_CIVILIZATION_MONGOLIA_NAME">
      <Text>Moğolistan</Text>
    </Row>
    <Row Tag="LOC_CIVILIZATION_MONGOLIA_ADJECTIVE">
      <Text>Moğolca</Text>
    </Row>
    <Row Tag="LOC_CIVILIZATION_MONGOLIA_DESCRIPTION">
      <Text>Moğol İmparatorluğu</Text>
    </Row>
    <Row Tag="LOC_TRAIT_CIVILIZATION_MONGOLIAN_ORTOO_NAME">
      <Text>Örtöö</Text>
    </Row>
    <Row Tag="LOC_TRAIT_CIVILIZATION_MONGOLIAN_ORTOO_DESCRIPTION">
      <Text>Bir [ICON_TradeRoute] Ticaret Rotası başlatmak, hedef şehirde hemen bir [ICON_TradingPost] Ticaret Karakolu oluşturur. Bir uygarlığın herhangi bir şehrinde bir [ICON_TradingPost] Ticaret Karakoluna sahip olmak için ekstra bir [ICON_VisLimited] Diplomatik Görünürlük seviyesi kazanın. Tüm Moğol birimleri, rakiplerinden daha yüksek [ICON_VisLimited] Diplomatik Görünürlük seviyesine sahip oldukları için normal [ICON_Strength] Savaş Bonusunu iki katına çıkarır.</Text>
    </Row>
    <Row Tag="LOC_LEADER_GENGHIS_KHAN_NAME">
      <Text>Cengiz Han</Text>
    </Row>
    <Row Tag="LOC_TRAIT_LEADER_GENGHIS_KHAN_ABILITY_NAME">
      <Text>Moğol Sürüsü</Text>
    </Row>
    <Row Tag="LOC_TRAIT_LEADER_GENGHIS_KHAN_ABILITY_DESCRIPTION">
      <Text>Tüm süvari sınıfı birimler +3 [ICON_Strength] Savaş Gücü ve mağlup edilmiş düşman süvari sınıfı birimleri ele geçirme şansı kazanır.</Text>
    </Row>
    <Row Tag="LOC_BUILDING_ORDU_NAME">
      <Text>Ordu</Text>
    </Row>
    <Row Tag="LOC_BUILDING_ORDU_DESCRIPTION">
      <Text>Moğolistan'a özgü bir bina. Bu şehirde eğitilen Ağır ve Hafif Süvarilere +1 [ICON_MOVEMENT] Hareket sağlayan bir yetenek verir. Bu şehirde eğitilen tüm süvari ve kuşatma sınıfı birimler için +%25 savaş deneyimi. Halihazırda Kışlası olan bir Kamp bölgesinde inşa edilemez.</Text>
    </Row>
    <!-- Shaka Zulu -->
    <Row Tag="LOC_CIVILIZATION_ZULU_NAME">
      <Text>Zulu
 	 	 	</Text>
      <Gender>Masculine:the</Gender>
    </Row>
    <Row Tag="LOC_CIVILIZATION_ZULU_ADJECTIVE">
      <Text>Zulu</Text>
    </Row>
    <Row Tag="LOC_CIVILIZATION_ZULU_DESCRIPTION">
      <Text>Zulu İmparatorluğu</Text>
    </Row>
    <Row Tag="LOC_TRAIT_CIVILIZATION_ZULU_ISIBONGO_NAME">
      <Text>Isibongo</Text>
    </Row>
    <Row Tag="LOC_TRAIT_CIVILIZATION_ZULU_ISIBONGO_DESCRIPTION">
      <Text>Garnizonlu bir birliğe sahip şehirler tur başına +3 Sadakat alır, eğer bu bir Kolordu veya Ordu ise +5 alır. Bir şehri bir birimle fethetmek, uygun Sivillerin kilidi açılmışsa, onu bir Kolordu veya Orduya yükseltir.</Text>
    </Row>
    <Row Tag="LOC_LEADER_SHAKA_NAME">
      <Text>Shaka</Text>
    </Row>
    <Row Tag="LOC_TRAIT_LEADER_AMABUTHO_NAME">
      <Text>Amabutho</Text>
    </Row>
    <Row Tag="LOC_TRAIT_LEADER_AMABUTHO_DESCRIPTION">
      <Text>Kolorduları (Sivil Paralı Askerler) ve Orduları (Sivil Milliyetçilik) daha önce oluşturabilir. Hem Kolordulara hem de Ordulara ilave +5 [ICON_STRENGTH] Temel Savaş Gücü.</Text>
    </Row>
    <Row Tag="LOC_DISTRICT_IKANDA_NAME">
      <Text>Ikanda</Text>
      <Gender>masculine:an</Gender>
    </Row>
    <Row Tag="LOC_DISTRICT_IKANDA_DESCRIPTION">
      <Text>Kampın yerini alan Zulu'ya özgü bir bölge. +1 [ICON_Housing] Konut sağlar. Yurttaşlık veya Teknoloji önkoşulu karşılandığında, Kolordular ve Ordular doğrudan inşa edilebilir. Ikanda'daki binalar +2 [ICON_GOLD] Altın ve +1 [ICON_SCIENCE] Bilim alır. Daha hızlı Kolordu ve Ordu oluşturma.</Text>
    </Row>
    <!-- Spain -->
    <Row Tag="LOC_TRAIT_CIVILIZATION_TREASURE_FLEET_EXPANSION1_DESCRIPTION">
      <Text>Milliyetçilik ve Seferberlik yerine Merkantilizm ile Filolar ve Armadalar oluşturabilir. [ICON_TradeRoute] Ticaret Yolları +3 [ICON_Gold] Altın, +2 [ICON_Faith] İnanç ve +1 [ICON_Production] Üretim alır. [ICON_TradeRoute] Birden fazla kıta arasındaki Ticaret Yolları bu sayıların üç katını alır. Asıl Başkentinizin kıtasında olmayan şehirler, kurulduklarında bölgelere ve bir inşaatçıya yönelik +%25 [ICON_Production] Üretim alır.</Text>
    </Row>
    <Row Tag="LOC_IMPROVEMENT_MISSION_EXPANSION1_DESCRIPTION">
      <Text>İspanya'ya özgü bir Görev inşa etmek için İnşaatçı yeteneğinin kilidini açar.[NEWLINE][NEWLINE]+2 [ICON_Faith] İnanç. [ICON_Capital] Başkentinizden farklı bir kıtadaysa +2 [ICON_Faith] İnanç, +1 [ICON_PRODUCTION] Üretim ve +1 [ICON_FOod] Gıda. Bitişik her Kampüs ve Kutsal Alan bölgesi için +1 [ICON_Science] Bilim. Kültürel Miras keşfedildiğinde ilave [ICON_SCIENCE] Bilim. Şehir Merkezine bitişik bir Görev iyileştirmesi olan ve orijinal [ICON_Capital] Başkentinizin kıtasında olmayan şehirler için tur başına +2 Sadakat.</Text>
    </Row>
    <Row Tag="LOC_DISTRICT_ACROPOLIS_EXPANSION1_DESCRIPTION">
      <Text>Kültürel alanlar için Yunanistan'a özgü bir bölge. Tiyatro Meydanı bölgesinin yerini alır ve inşa edilmesi daha ucuzdur. Tamamlandığında 1 [ICON_Envoy] Elçi ödüllendirir. [NEWLINE][NEWLINE]+1 [ICON_Culture] Bitişik her bölge için kültür bonusu ve bitişik Şehir Merkezi için ek +1 [ICON_Culture] Kültür bonusu. Bitişik her harikulade için +2 [ICON_Culture] Kültür bonusu. Sadece Tepeler üzerine inşa edilebilir.</Text>
    </Row>
    <!-- Tamar-->
    <Row Tag="LOC_CIVILIZATION_GEORGIA_NAME">
      <Text>Gürcistan</Text>
    </Row>
    <Row Tag="LOC_CIVILIZATION_GEORGIA_ADJECTIVE">
      <Text>Gürcüce</Text>
    </Row>
    <Row Tag="LOC_CIVILIZATION_GEORGIA_DESCRIPTION">
      <Text>Gürcü İmparatorluğu</Text>
    </Row>
    <Row Tag="LOC_TRAIT_CIVILIZATION_GOLDEN_AGE_QUESTS_NAME">
      <Text>Birlikten Kuvvet Doğar</Text>
    </Row>
    <Row Tag="LOC_TRAIT_CIVILIZATION_GOLDEN_AGE_QUESTS_DESCRIPTION">
      <Text>Altın Çağ'dayken fazladan bir Joker Politika Yuvası kazanır ve Karanlık Çağ Politikalarını kullanabilir.  Savunma binalarına yönelik +%50 [ICON_Production] Üretim.</Text>
    </Row>
    <Row Tag="LOC_LEADER_TAMAR_NAME">
      <Text>Tamar</Text>
    </Row>
    <Row Tag="LOC_TRAIT_LEADER_RELIGION_CITY_STATES_NAME">
      <Text>Dünyanın İhtişamı, Krallık ve İnanç</Text>
    </Row>
    <Row Tag="LOC_TRAIT_LEADER_RELIGION_CITY_STATES_DESCRIPTION">
      <Text>Savaş zaferleri, yenilen birimin Savaş Gücünün %50'sine eşit [ICON_FAITH] İnanç sağlar (Standart Hızda). Çoğunluk Dininizdeki bir şehir devletine gönderdiğiniz her [ICON_ENVOY] Elçi, iki [ICON_ENVOY] Elçi olarak sayılır. (Çoğunluk Dinine sahip olmalıdır).</Text>
    </Row>
    <Row Tag="LOC_BUILDING_TSIKHE_NAME">
      <Text>Tsikhe</Text>
    </Row>
    <Row Tag="LOC_BUILDING_TSIKHE_DESCRIPTION">
      <Text>Gürcistan'a özgü bir bina. Rönesans Duvarlarından daha düşük [ICON_Production] Üretim maliyeti. Dış savunmanızın gücünü mümkün olan en yüksek seviyeye yükseltir. Koruma Kenti'ne ilerledikten sonra +3 [ICON_TOURISM] Turizm sağlar. 3 [ICON_Faith] İnanç sağlar.</Text>
    </Row>
    <!-- Wilhemina -->
    <Row Tag="LOC_CIVILIZATION_NETHERLANDS_NAME">
      <Text>Hollanda
 	 	 	</Text>
      <Gender>Masculine:the</Gender>
    </Row>
    <Row Tag="LOC_CIVILIZATION_NETHERLANDS_ADJECTIVE">
      <Text>Hollandaca</Text>
    </Row>
    <Row Tag="LOC_CIVILIZATION_NETHERLANDS_DESCRIPTION">
      <Text>Hollanda İmparatorluğu</Text>
    </Row>
    <Row Tag="LOC_TRAIT_CIVILIZATION_GROTE_RIVIEREN_NAME">
      <Text>Grote Rivieren</Text>
    </Row>
    <Row Tag="LOC_TRAIT_CIVILIZATION_GROTE_RIVIEREN_DESCRIPTION">
      <Text>Bir nehrin yanındaysa Kampüsler, Tiyatro Meydanları ve Sanayi Bölgeleri için büyük bitişiklik bonusu. Bir Liman tamamlanırken bitişik karolara Kültür Bombası.</Text>
    </Row>
    <Row Tag="LOC_LEADER_WILHELMINA_NAME">
      <Text>Wilhelmina</Text>
    </Row>
    <Row Tag="LOC_TRAIT_RADIO_ORANJE_NAME">
      <Text>Oranje Radyosu</Text>
    </Row>
    <Row Tag="LOC_TRAIT_RADIO_ORANJE_DESCRIPTION">
      <Text>Kendi şehirlerinize giden [ICON_TradeRoute] Ticaret Yollarınız, başlangıç şehri için tur başına +2 Sadakat sağlar. [ICON_TradeRoute] Yabancı şehirlere giden veya yabancı şehirlerden gelen Ticaret Yolları size +2 [ICON_Culture] Kültür sağlar.</Text>
    </Row>
    <Row Tag="LOC_IMPROVEMENT_POLDER_NAME">
      <Text>Polder</Text>
    </Row>
    <Row Tag="LOC_IMPROVEMENT_POLDER_DESCRIPTION">
      <Text>Hollanda'ya özgü bir Polder inşa etmek için İnşaatçı yeteneğinin kilidini açar. [NEWLINE][NEWLINE]+1 [ICON_FOOD] Gıda, +1 [ICON_Production] Üretim ve +0,5 [ICON_Housing] Konut. Bir Polder iyileştirmesine bitişikse +1 [ICON_FOOD] Gıda. Yurttaşlık ve Teknoloji Ağacında ilerledikçe ilave [ICON_PRODUCTION] Üretim, [ICON_GOLD] Altın ve [ICON_FOOD] Gıda. Geçilebilir 3 veya daha fazla kara karesine bitişik bir Kıyı veya Göl karesine yerleştirilmelidir. Karonun [ICON_Movement] Hareket Maliyetini 3'e yükseltir.</Text>
    </Row>
    <!-- Jerusalem -->
    <!-- XP2 -->
    <Row Tag="LOC_BUILDING_TSIKHE_DESCRIPTION_XP2">
      <Text>Gürcistan'a özgü bir bina. Rönesans Surlarından daha düşük [ICON_Production] Üretim maliyeti ve daha yüksek dış savunma. Sivil Koruma seviyesine ilerledikten sonra +3 [ICON_TOURISM] Turizm sağlar. +4 [ICON_Faith] İnanç sağlar. Altın Çağ'dayken [ICON_TOURISM] Turizm ve [ICON_FAITH] İnanç +100%.'dür.</Text>
    </Row>
  </EnglishText>
</GameData>