﻿<?xml version="1.0" encoding="utf-8"?>
<GameData>
  <EnglishText>
    <Row Tag="LOC_ERAS_TURNS_TILL_NEXT_ERA">
      <Text>BIR SONRAKI DÖNEME KADAR:</Text>
    </Row>
    <Row Tag="LOC_ERAS_CURRENT_SCORE">
      <Text>GÜNCEL PUAN:</Text>
    </Row>
    <Row Tag="LOC_ERAS_CURRENT_AGE">
      <Text>GÜNCEL YAŞ:</Text>
    </Row>
    <Row Tag="LOC_ERAS_HEROIC">
      <Text>KAHRAMANLIK</Text>
    </Row>
    <Row Tag="LOC_ERAS_GOLDEN">
      <Text>ALTIN</Text>
    </Row>
    <Row Tag="LOC_ERAS_NORMAL">
      <Text>NORMAL</Text>
    </Row>
    <Row Tag="LOC_ERAS_DARK">
      <Text>KARANLIK</Text>
    </Row>
    <Row Tag="LOC_ERAS_CURRENT_AGE_BY_CIV">
      <Text>MEDENIYET TARAFINDAN MEVCUT ÇAĞ:</Text>
    </Row>
    <Row Tag="LOC_ERAS_TO_EARN_AGE_NEXT_ERA">
      <Text>GELECEK ÇAĞDA YENI BIR ÇAĞ KAZANMAK IÇIN:</Text>
    </Row>
    <Row Tag="LOC_ERAS_ERA_REQUIREMENTS_REDUCED">
      <Text>Era Puanı gereksinimleri azaltıldı</Text>
    </Row>
    <Row Tag="LOC_ERAS_ERA_REQUIREMENTS_INCREASED">
      <Text>Era Puanı gereksinimleri artırıldı</Text>
    </Row>
    <Row Tag="LOC_ERA_PROGRESS_TITLE">
      <Text>Çağın İlerlemesi</Text>
    </Row>
    <Row Tag="LOC_ERA_PROGRESS_NEW_ERA_THRESHOLD">
      <Text>GELECEK DÖNEM EŞİKLERİ</Text>
    </Row>
    <Row Tag="LOC_ERA_PROGRESS_ERA_TYPE_EFFECTS">
      <Text>{1_EraName} Etkileri</Text>
    </Row>
    <Row Tag="LOC_ERA_PROGRESS_THE_ERA">
      <Text>{1_EraName : upper}</Text>
    </Row>
    <Row Tag="LOC_ERA_PROGRESS_TIME_TO_NEXT_ERA">
      <Text>Bir sonraki döneme:</Text>
    </Row>
    <Row Tag="LOC_ERA_PROGRESS_TIME_TO_NEXT_ERA_VALUE">
      <Text>{1_MinTurns} - {2_MaxTurns} Dönüşler</Text>
    </Row>
    <Row Tag="LOC_ERA_PROGRESS_SPECIFIC_TURNS_TO_NEXT_ERA">
      <Text>{1_Turns} {1_Turns : plural 1?Turn; other?Turns;}</Text>
    </Row>
    <Row Tag="LOC_ERA_CHANGE_TITLE">
      <Text>DÜNYA GIRIYOR:</Text>
    </Row>
    <Row Tag="LOC_ERA_PROGRESS_HEROIC_AGE">
      <Text>Kahramanlık Çağı</Text>
    </Row>
    <Row Tag="LOC_ERA_PROGRESS_GOLDEN_AGE">
      <Text>Altın Çağ</Text>
    </Row>
    <Row Tag="LOC_ERA_PROGRESS_DARK_AGE">
      <Text>Karanlık Çağ</Text>
    </Row>
    <Row Tag="LOC_ERA_PROGRESS_NORMAL_AGE">
      <Text>Normal Yaş</Text>
    </Row>
    <Row Tag="LOC_ERA_PROGRESS_ACTIVE_BONUSES">
      <Text>Aktif Bonuslar:</Text>
    </Row>
    <Row Tag="LOC_ERA_PROGRESS_ERA_SCORE">
      <Text>Era Score:</Text>
    </Row>
    <Row Tag="LOC_PARTIALSCREEN_ERA_PROGRESS_TOOLTIP">
      <Text>Çağ İlerlemesi[NEWLINE][NEWLINE]Mevcut Çağ Puanını ve Adanmışlıkları görüntüleyin.</Text>
    </Row>
    <Row Tag="LOC_ERA_PROGRESS_GOLDEN_THRESHOLD">
      <Text>Altın Çağ için Eşik:</Text>
    </Row>
    <Row Tag="LOC_ERA_PROGRESS_DARK_THRESHOLD">
      <Text>Karanlık Çağ için eşik:</Text>
    </Row>
    <Row Tag="LOC_ERA_COMMEMORATION_POPUP_TITLE">
      <Text>Çağ Tamamlandı: {1_EraName}</Text>
    </Row>
    <Row Tag="LOC_ERA_COMMEMORATION_POPUP_DESCRIPTION">
      <Text>Çok şey başardınız, büyük lider! Kâtiplerimiz hangi zaferlerinizi tarihe kaydedecek?</Text>
    </Row>
    <Row Tag="LOC_ERA_COMMEMORATION_POPUP_DEDICATION">
      <Text>Adanmışlık</Text>
    </Row>
    <Row Tag="LOC_ERA_COMMEMORATION_POPUP_DEDICATION_SUBHEADER">
      <Text>{1_EraName} için Adanmışlığınızı yapın</Text>
    </Row>
    <Row Tag="LOC_ERA_COMMEMORATION_POPUP_CONFIRM">
      <Text>Onayla {1_NumSelected}\{2_NeededSelected}</Text>
    </Row>
    <Row Tag="LOC_ERA_REVIEW_POPUP_TITLE">
      <Text>DÜNYA [NEWLINE] {1_EraName}'E GIRDI</Text>
    </Row>
    <Row Tag="LOC_ERA_REVIEW_HAVE_HEROIC_AGE">
      <Text>Kahramanlık Çağı'ndasınız!</Text>
    </Row>
    <Row Tag="LOC_ERA_REVIEW_HAVE_GOLDEN_AGE">
      <Text>Altın Çağ'dasınız!</Text>
    </Row>
    <Row Tag="LOC_ERA_REVIEW_HAVE_DARK_AGE">
      <Text>Karanlık bir çağdasınız!</Text>
    </Row>
    <Row Tag="LOC_ERA_REVIEW_HAVE_NORMAL_AGE">
      <Text>Normal bir yaştasınız.</Text>
    </Row>
    <Row Tag="LOC_ERA_REVIEW_HAVE_HEROIC_AGE_LABEL">
      <Text>[ICON_GLORY_SUPER_GOLDEN_AGE] KAHRAMANLIK ÇAĞI</Text>
    </Row>
    <Row Tag="LOC_ERA_REVIEW_HAVE_GOLDEN_AGE_LABEL">
      <Text>[ICON_GLORY_GOLDEN_AGE] ALTIN ÇAĞ</Text>
    </Row>
    <Row Tag="LOC_ERA_REVIEW_HAVE_DARK_AGE_LABEL">
      <Text>[ICON_GLORY_DARK_AGE] KARANLIK ÇAĞ</Text>
    </Row>
    <Row Tag="LOC_ERA_REVIEW_HAVE_NORMAL_AGE_LABEL">
      <Text>[ICON_GLORY_NORMAL_AGE] NORMAL YAŞ</Text>
    </Row>
    <Row Tag="LOC_ERA_REVIEW_HAVE_HEROIC_AGE_EFFECT">
      <Text>{LOC_ERA_TT_HAVE_HEROIC_AGE_EFFECT}[NEWLINE][NEWLINE][ICON_BULLET]Her biri Çağ boyunca güçlü bir oyun bonusu sağlayacak olan 3 Adanmışlık yapabilirsiniz.</Text>
    </Row>
    <Row Tag="LOC_ERA_REVIEW_HAVE_GOLDEN_AGE_EFFECT">
      <Text>{LOC_ERA_TT_HAVE_GOLDEN_AGE_EFFECT}[NEWLINE][NEWLINE][ICON_BULLET]Çağ boyunca güçlü bir oyun bonusu sağlayacak bir Adanma yapabilirsiniz.</Text>
    </Row>
    <Row Tag="LOC_ERA_REVIEW_HAVE_DARK_AGE_EFFECT">
      <Text>{LOC_ERA_TT_HAVE_DARK_AGE_EFFECT}[NEWLINE][NEWLINE][ICON_BULLET]Çağ boyunca ek bir Çağ Puanı kaynağı sağlayacak bir Adanma yapabilirsiniz.</Text>
    </Row>
    <Row Tag="LOC_ERA_REVIEW_HAVE_NORMAL_AGE_EFFECT">
      <Text>{LOC_ERA_TT_HAVE_NORMAL_AGE_EFFECT}[NEWLINE][NEWLINE][ICON_BULLET]Çağ boyunca ek bir Çağ Puanı kaynağı sağlayacak bir Adanma yapabilirsiniz.</Text>
    </Row>
    <Row Tag="LOC_ERA_TT_HAVE_HEROIC_AGE_EFFECT">
      <Text>Bu oyun döneminde bir [ICON_GLORY_SUPER_GOLDEN_AGE] Kahramanlık Çağındasınız![NEWLINE][NEWLINE][ICON_BULLET]Her [ICON_Citizen] Vatandaşınız kendi şehrinde 1,5 Sadakat baskısı uygular. Bu baskı 9 karo içindeki diğer şehirleri de etkiler, ancak karo başına %10 daha az etkilidir. Şehirlerinizde Sadakati korumak ve yakındaki yabancı şehirlerin Sadakatine meydan okumak daha kolay olacaktır.</Text>
    </Row>
    <Row Tag="LOC_ERA_TT_HAVE_GOLDEN_AGE_EFFECT">
      <Text>Bu oyun döneminde [ICON_GLORY_GOLDEN_AGE] Altın Çağdasınız![NEWLINE][NEWLINE][ICON_BULLET]Her [ICON_Citizen] Vatandaşınız kendi şehrinde 1,5 Sadakat baskısı uygular. Bu baskı 9 karo içindeki diğer şehirleri de etkiler, ancak karo başına %10 daha az etkilidir. Şehirlerinizde Sadakati korumak ve yakındaki yabancı şehirlerin Sadakatine meydan okumak daha kolay olacaktır.</Text>
    </Row>
    <Row Tag="LOC_ERA_TT_HAVE_DARK_AGE_EFFECT">
      <Text>Bu oyun döneminde [ICON_GLORY_DARK_AGE] Karanlık Çağdasınız.[NEWLINE][NEWLINE][ICON_BULLET]Her [ICON_Citizen] Vatandaşınız kendi şehrinde 0,5 Sadakat baskısı uygular. Bu baskı 9 karo içindeki diğer şehirleri de etkiler, ancak karo başına %10 daha az etkilidir. Şehirlerinizdeki Sadakati korumak daha zor olacak ve yakındaki yabancı şehirlerin Sadakatini etkilemek daha zor olacaktır.[NEWLINE][NEWLINE][ICON_BULLET]Hükümetinizde güçlü Karanlık Politikalar benimseyebilirsiniz, ancak bunun bedeli ağır olabilir.[NEWLINE][NEWLINE][ICON_BULLET]Son Çağda değilseniz ve bir sonraki oyun çağında bir Altın Çağ için yeterli Çağ Puanı kazanırsanız, bunun yerine birden fazla güçlü bonus için birden fazla Adanma yapabilen bir Kahramanlık Çağı kazanırsınız.</Text>
    </Row>
    <Row Tag="LOC_ERA_TT_HAVE_NORMAL_AGE_EFFECT">
      <Text>Bu oyun döneminde [ICON_GLORY_NORMAL_AGE] Normal Çağdasınız.[NEWLINE][NEWLINE][ICON_BULLET]Her [ICON_Citizen] Vatandaşınız kendi şehrinde normal miktarda 1 Sadakat baskısı uygular. Bu baskı 9 karo içindeki diğer şehirleri de etkiler, ancak karo başına %10 daha az etkilidir.</Text>
    </Row>
    <Row Tag="LOC_ERA_REVIEW_HAVE_HEROIC_AGE_EFFECT_PARAM">
      <Text>{LOC_ERA_TT_HAVE_HEROIC_AGE_EFFECT_PARAM}[NEWLINE][NEWLINE][ICON_BULLET]Her biri Çağ boyunca güçlü bir oyun bonusu sağlayacak olan 3 Adanmışlık yapabilirsiniz.</Text>
    </Row>
    <Row Tag="LOC_ERA_REVIEW_HAVE_GOLDEN_AGE_EFFECT_PARAM">
      <Text>{LOC_ERA_TT_HAVE_GOLDEN_AGE_EFFECT_PARAM}[NEWLINE][NEWLINE][ICON_BULLET]Çağ boyunca güçlü bir oyun bonusu sağlayacak olan Altın Çağ Politikalarını yuvalayabilirsiniz.</Text>
    </Row>
    <Row Tag="LOC_ERA_REVIEW_HAVE_DARK_AGE_EFFECT_PARAM">
      <Text>{LOC_ERA_TT_HAVE_DARK_AGE_EFFECT_PARAM}[NEWLINE][NEWLINE][ICON_BULLET]Çağ boyunca güçlü bir oyun bonusu sağlayacak olan Karanlık Çağ Politikalarını yuvalayabilirsiniz.</Text>
    </Row>
    <Row Tag="LOC_ERA_REVIEW_HAVE_NORMAL_AGE_EFFECT_PARAM">
      <Text>{LOC_ERA_TT_HAVE_NORMAL_AGE_EFFECT_PARAM}[NEWLINE][NEWLINE][ICON_BULLET]Çağ boyunca ek bir Çağ Puanı kaynağı sağlayacak bir Adanma yapabilirsiniz.</Text>
    </Row>
    <Row Tag="LOC_ERA_TT_HAVE_HEROIC_AGE_EFFECT_PARAM">
      <Text>Bu oyun döneminde bir [ICON_GLORY_SUPER_GOLDEN_AGE] Kahramanlık Çağındasınız![NEWLINE][NEWLINE][ICON_BULLET]Her bir [ICON_Citizen] Vatandaşınız {Amount} Kendi şehirlerinde sadakat baskısı. Bu baskı 9 karo içindeki diğer şehirleri de etkiler, ancak karo başına %10 daha az etkilidir. Şehirlerinizdeki Sadakati korumak ve yakındaki yabancı şehirlerin Sadakatine meydan okumak daha kolay olacaktır.</Text>
    </Row>
    <Row Tag="LOC_ERA_TT_HAVE_GOLDEN_AGE_EFFECT_PARAM">
      <Text>Bu oyun döneminde [ICON_GLORY_GOLDEN_AGE] Altın Çağ'dasınız![NEWLINE][NEWLINE][ICON_BULLET]Her bir [ICON_Citizen] Vatandaşınız {Amount} Şehirlerinde sadakat baskısı. Bu baskı 9 karo içindeki diğer şehirleri de etkiler, ancak karo başına %10 daha az etkilidir.[NEWLINE][NEWLINE][ICON_BULLET]Tamamladığınız her Teknoloji veya Sivil için 1 Çağ Puanı kazanacaksınız.[NEWLINE][NEWLINE][ICON_BULLET]İlkinden sonra terfi eden her askeri birim için 1 Çağ Puanı kazanacaksınız.</Text>
    </Row>
    <Row Tag="LOC_ERA_TT_HAVE_DARK_AGE_EFFECT_PARAM">
      <Text>Bu oyun döneminde [ICON_GLORY_DARK_AGE] Karanlık Çağ'dasınız.[NEWLINE][NEWLINE][ICON_BULLET]Her bir [ICON_Citizen] Vatandaşınız {Amount} Şehirlerinde Sadakat baskısı. Bu baskı 9 karo içindeki diğer şehirleri de etkiler, ancak karo başına %10 daha az etkilidir.[NEWLINE][NEWLINE][ICON_BULLET]Bazı şehirleriniz isyan etmiş ve artan Sadakat baskısıyla Özgür Şehirler haline gelmiş olabilir. Dikkatli olun: Onlarla başa çıkmazsanız yakındaki diğer şehirleri kaybedebilirsiniz.[NEWLINE][NEWLINE][ICON_BULLET]Tamamladığınız her Teknoloji veya Sivil için 1 Çağ Puanı kazanacaksınız.[NEWLINE][NEWLINE][ICON_BULLET]İlkinden sonra terfi kazanan her askeri birim için 1 Çağ Puanı kazanacaksınız.</Text>
    </Row>
    <Row Tag="LOC_ERA_TT_HAVE_NORMAL_AGE_EFFECT_PARAM">
      <Text>Bu oyun döneminde [ICON_GLORY_NORMAL_AGE] Normal Çağdasınız.[NEWLINE][NEWLINE][ICON_BULLET]Her bir [ICON_Citizen] Vatandaşınız {Amount} Kendi şehirlerinde sadakat baskısı. Bu baskı 9 karo içindeki diğer şehirleri de etkiler, ancak karo başına %10 daha az etkilidir.</Text>
    </Row>
    <Row Tag="LOC_ERA_REVIEW_POPUP_ERA_SCORE_PRIDE_MOMENTS">
      <Text>Tarihi Anlar (her biri +1 ila +6)</Text>
    </Row>
    <Row Tag="LOC_ERA_REVIEW_NEW_ERA_THRESHOLDS">
      <Text>YENİ DÖNEM EŞİKLERİ</Text>
    </Row>
    <Row Tag="LOC_GLORY_HUD_ERA_ENDS_IN">
      <Text>Dönem Sona Erene Kadar Dönüşler: {1_Turns}</Text>
    </Row>
    <Row Tag="LOC_ERA_REVIEW_AGE_EFFECTS">
      <Text>YAŞ ETKİLERİ</Text>
    </Row>
    <Row Tag="LOC_ERA_REVIEW_POPUP_ERA_SCORE_TECH_BOOSTS">
      <Text>Adanmışlık Bonusu: Eurekas tetiklendi (her biri +{1_ScoreIncrement})</Text>
    </Row>
    <Row Tag="LOC_ERA_REVIEW_POPUP_ERA_SCORE_CIVIC_BOOSTS">
      <Text>Adanmışlık Bonusu: İlhamlar tetiklendi (her biri +[1]))</Text>
    </Row>
    <Row Tag="LOC_ERA_REVIEW_POPUP_ERA_SCORE_CITY_RELIGION_CONVERSIONS">
      <Text>Adanmışlık Bonusu: Dininize dönüştürülen şehirler (dönüşüm başına +[1])</Text>
    </Row>
    <Row Tag="LOC_ERA_REVIEW_POPUP_ERA_SCORE_DISTRICT_CONSTRUCTIONS">
      <Text>Adanma Bonusu: İnşa edilen bölgeler (her biri +{1_ScoreIncrement})</Text>
    </Row>
    <Row Tag="LOC_ERA_REVIEW_POPUP_ERA_SCORE_CORPS_KILLS">
      <Text>Adanmışlık Bonusu: Öldürülen Kolordular (her biri +[1]))</Text>
    </Row>
    <Row Tag="LOC_ERA_REVIEW_POPUP_ERA_SCORE_ARMY_KILLS">
      <Text>Adanma Bonusu: Öldürülen ordular (her biri +[1])</Text>
    </Row>
    <Row Tag="LOC_ERA_REVIEW_POPUP_ERA_SCORE_TRADE_ROUTE_COMPLETIONS">
      <Text>Adanmışlık Bonusu: Ticaret Yolları tamamlandı (her biri +[1]))</Text>
    </Row>
    <Row Tag="LOC_ERA_REVIEW_POPUP_ERA_SCORE_MAP_DISCOVERIES">
      <Text>Adanmışlık Bonusu: Keşfedilen yeni önemli noktalar (Kıtalar için +[1]), Doğal Harikalar için +{2_NaturalWonderScoreIncrement})</Text>
    </Row>
    <Row Tag="LOC_ERA_REVIEW_POPUP_ERA_SCORE_NON_BARBARIAN_UNIT_SEA_KILLS">
      <Text>Adanmışlık Bonusu: Öldürülen Barbar olmayan Donanma Birimleri (her biri +[1])</Text>
    </Row>
    <Row Tag="LOC_ERA_REVIEW_POPUP_ERA_SCORE_SCIENCE_BUILDING_CONSTRUCTIONS">
      <Text>Adanmışlık Bonusu: Temel verim olarak Bilim sağlayan inşa edilen binalar. (+{1_ScoreIncrement} her biri)</Text>
    </Row>
    <Row Tag="LOC_ERA_REVIEW_POPUP_ERA_SCORE_CULTURE_BUILDING_CONSTRUCTIONS">
      <Text>Adanmışlık Bonusu: Büyük Eser yuvası inşa edilen binalar (her biri +[1]))</Text>
    </Row>
    <Row Tag="LOC_ERA_REVIEW_POPUP_ERA_SCORE_AERODROME_BUILDING_CONSTRUCTIONS">
      <Text>Adanma Bonusu: Havaalanı bölgesinden inşa edilen binalar (her biri +{1_ScoreIncrement})</Text>
    </Row>
    <Row Tag="LOC_ERA_REVIEW_POPUP_ERA_SCORE_INDUSTRIAL_BUILDING_CONSTRUCTIONS">
      <Text>Adanma Bonusu: Endüstriyel veya daha sonra inşa edilen bina (her biri +[1])</Text>
    </Row>
    <Row Tag="LOC_ERA_REVIEW_POPUP_ERA_SCORE_SPY_MISSIONS">
      <Text>Adanmışlık Bonusu: Her başarılı saldırgan Casus operasyonu (her biri +[1])</Text>
    </Row>
    <Row Tag="LOC_ERA_REVIEW_POPUP_ERA_SCORE_ARTIFACT_EXTRACTIONS">
      <Text>Adanma Bonusu: Çıkarılan her eser (her biri +{1_ScoreIncrement})</Text>
    </Row>
    <Row Tag="LOC_ERA_REVIEW_POPUP_ERA_SCORE_GREAT_PEOPLE_EARNED">
      <Text>Adanmışlık Bonusu: Her Büyük Kişi (her biri +[1]) kazandı)</Text>
    </Row>
    <Row Tag="LOC_ERA_REVIEW_POPUP_ERA_SCORE_CURRENT_TECH_COMPLETIONS">
      <Text>Mevcut dönem veya sonrasında tamamlanan teknolojiler (her biri +[1])</Text>
    </Row>
    <Row Tag="LOC_ERA_REVIEW_POPUP_ERA_SCORE_CURRENT_CIVIC_COMPLETIONS">
      <Text>Mevcut dönem veya sonrasında tamamlanmış yurttaşlık bilgisi (her biri +{1_ScoreIncrement})</Text>
    </Row>
    <Row Tag="LOC_ERA_REVIEW_POPUP_ERA_SCORE_UNIT_PROMOTIONS_EARNED">
      <Text>İlkinden sonra kazanılan birim terfileri (her biri +{1_ScoreIncrement})</Text>
    </Row>
    <Row Tag="LOC_ERA_REVIEW_POPUP_ERA_SCORE_UNKNOWN_SOURCE">
      <Text>Diğer Kaynaklar</Text>
    </Row>
    <Row Tag="LOC_ERA_REVIEW_POPUP_THRESHOLD_BASELINE">
      <Text>Dönem başladığında skor</Text>
    </Row>
    <Row Tag="LOC_ERA_REVIEW_POPUP_THRESHOLD_SHIFT_BASE_GOLDEN_AGE">
      <Text>Temel Altın Çağ eşiği</Text>
    </Row>
    <Row Tag="LOC_ERA_REVIEW_POPUP_THRESHOLD_SHIFT_BASE_DARK_AGE">
      <Text>Temel Karanlık Çağ eşiği</Text>
    </Row>
    <Row Tag="LOC_ERA_REVIEW_POPUP_THRESHOLD_SHIFT_CITIES">
      <Text>Çağ başladığında şehirler ({1_ScoreIncrement} şehir başına)</Text>
    </Row>
    <Row Tag="LOC_ERA_REVIEW_POPUP_THRESHOLD_SHIFT_UNHAPPY_CITIES">
      <Text>Mutsuz Şehirler ({1_ScoreIncrement} eksik [ICON_Amenities] Amenity) başına)</Text>
    </Row>
    <Row Tag="LOC_ERA_REVIEW_POPUP_THRESHOLD_SHIFT_GOVERNMENT">
      <Text>Hükümet (İNAKTİF)</Text>
    </Row>
    <Row Tag="LOC_ERA_REVIEW_POPUP_THRESHOLD_SHIFT_INCOMPLETE_TECH">
      <Text>Bu Döneme Ait Tamamlanmamış Teknolojiler (ETKİN DEĞİL)</Text>
    </Row>
    <Row Tag="LOC_ERA_REVIEW_POPUP_THRESHOLD_SHIFT_INCOMPLETE_CIVIC">
      <Text>Bu Döneme Ait Tamamlanmamış Yurttaşlık Bilgisi (İNAKTİF)</Text>
    </Row>
    <Row Tag="LOC_ERA_REVIEW_POPUP_THRESHOLD_SHIFT_INCOMPLETE_OLD_TECH">
      <Text>Eski Dönemlerden Tamamlanmamış Teknolojiler (ETKİN DEĞİL)</Text>
    </Row>
    <Row Tag="LOC_ERA_REVIEW_POPUP_THRESHOLD_SHIFT_INCOMPLETE_OLD_CIVIC">
      <Text>Eski Dönemlere Ait Tamamlanmamış Yurttaşlık Bilgileri (ETKİN DEĞİL)</Text>
    </Row>
    <Row Tag="LOC_ERA_REVIEW_POPUP_THRESHOLD_SHIFT_INCOMPLETE_PAST_GOLDEN_AGES">
      <Text>Şimdiye kadar kazanılan Altın Çağlar {1_ScoreIncrement} Çağ başına)</Text>
    </Row>
    <Row Tag="LOC_ERA_REVIEW_POPUP_THRESHOLD_SHIFT_INCOMPLETE_PAST_DARK_AGES">
      <Text>Karanlık Çağlar şimdiye kadar Çağ başına {1_ScoreIncrement} kazandı)</Text>
    </Row>
    <Row Tag="LOC_ERA_REVIEW_POPUP_THRESHOLD_SHIFT_INCOMPLETE_ANARCHY">
      <Text>Bu Dönem Hükümet Anarşisi ({1_ScoreIncrement} Anarşi başına)</Text>
    </Row>
    <Row Tag="LOC_ERA_REVIEW_POPUP_THRESHOLD_SHIFT_UNKNOWN_SOURCE">
      <Text>Diğer Kaynaklar</Text>
    </Row>
    <Row Tag="LOC_ERA_SCORE_HEADER">
      <Text>Era Puanınız:</Text>
    </Row>
    <Row Tag="LOC_ERA_SCORE_SOURCE">
      <Text>{1_EraScoreNumber} from {2_EraScoreSourceType}</Text>
    </Row>
    <Row Tag="LOC_GOLDEN_AGE_THRESHOLD_TEXT">
      <Text>[NEWLINE]Bir sonraki çağda [ICON_GLORY_GOLDEN_AGE] Altın Çağ kazanma eşiği: {1_thresh} veya üzeri</Text>
    </Row>
    <Row Tag="LOC_DARK_AGE_THRESHOLD_TEXT">
      <Text>[NEWLINE]Bir sonraki çağda [ICON_GLORY_DARK_AGE] Karanlık Çağ'dan kaçınmak için eşik: {1_thresh} veya üzeri</Text>
    </Row>
    <Row Tag="LOC_ERA_STABILITY_HEADER">
      <Text>İstikrar Puanınız:</Text>
    </Row>
    <Row Tag="LOC_ERA_SCORE_LEADERBOARD_TITLE">
      <Text>Dönem Puanı</Text>
    </Row>
    <Row Tag="LOC_ERA_STABILITY_LEADERBOARD_TITLE">
      <Text>Kararlılık Puanı</Text>
    </Row>
    <!-- Golden/Dark Ages -->
    <Row Tag="LOC_NEW_TURN_PANEL_NEXT_ERA_COUNTDOWN">
      <Text>{2_EraName} {1_TurnsRemaining} {1_TurnsRemaining : plural 1?Turn; other?Turns;} ile biter</Text>
    </Row>
    <Row Tag="LOC_GAME_ERA_POPUP_ENTERED_NEW_ERA">
      <Text>Dünya {1_EraName}'ye girer.</Text>
    </Row>
    <Row Tag="LOC_GAME_ERA_POPUP_YOU_ENTERED_GOLDEN_AGE">
      <Text>Uygarlığınız geçen çağda zenginleşti ve bu çağ için bir Altın Çağ'a yol açtı!</Text>
    </Row>
    <Row Tag="LOC_GAME_ERA_POPUP_YOU_ENTERED_DARK_AGE">
      <Text>Uygarlığınız geçen çağda bocaladı ve bu çağ için bir Karanlık Çağ getirdi.</Text>
    </Row>
    <Row Tag="LOC_GAME_ERA_POPUP_GOLDEN_AGE_DESCRIPTION">
      <Text>Altın Çağlar Tarihi Anların tetiklenmesiyle kazanılır ve güçlü bonuslar sağlar.[NEWLINE]Bu oyuncular bu çağ için bir Altın Çağ kazanmıştır:</Text>
    </Row>
    <Row Tag="LOC_GAME_ERA_POPUP_DARK_AGE_DESCRIPTION">
      <Text>Karanlık Çağlar Ortaçağ döneminden itibaren mümkündür ve büyük ya da az gelişmiş medeniyetler için zorluklar teşkil eder. Tüm şehirlerde -1 [ICON_Amenities] Genişlik ve -%50 Büyüme. Bir oyuncu bir sonraki çağda tekrar Karanlık Çağ'a girerse, şehirlerinin yarısı harabeye döner ve barbar kamplarına dönüşür. [NEWLINE]Bu oyuncular bu çağ için bir Karanlık Çağ'a girmişlerdir:</Text>
    </Row>
    <Row Tag="LOC_GAME_ERA_POPUP_NO_MET_PLAYERS">
      <Text>(Tanıştığınız oyuncu yok)</Text>
    </Row>
    <Row Tag="LOC_DEDICATION_POPUP_HEROIC_AGE_ACHIEVED">
      <Text>Bir Kahramanlık Çağı kazandığınız için, üç Adanmışlık yapabilirsiniz.</Text>
    </Row>
    <Row Tag="LOC_DEDICATION_POPUP_GOLDEN_AGE_ACHIEVED">
      <Text>Bir Altın Çağ kazandığınız için, bir Adanmışlık yapabilirsiniz.</Text>
    </Row>
    <Row Tag="LOC_DEDICATION_POPUP_DARK_AGE_ACHIEVED">
      <Text>Bir Karanlık Çağ kazandığınız için, bir Adanmışlık yapabilirsiniz.</Text>
    </Row>
    <Row Tag="LOC_DEDICATION_POPUP_NORMAL_AGE_ACHIEVED">
      <Text>Normal Yaş kazandığınız için, bir Adanmışlık yapabilirsiniz.</Text>
    </Row>
    <Row Tag="LOC_ERAS_PREVIOUS_ERA_TOTAL_SCORE">
      <Text>Önceki dönemlerden toplam puan</Text>
    </Row>
    <Row Tag="LOC_ERAS_EFFECTS_ACTIVE_THIS_AGE">
      <Text>ETKILERI BU YAŞTA AKTIFTIR:</Text>
    </Row>
    <Row Tag="LOC_ERAS_YOU_WILL_EARN_BLANK_AGE_NEXT_ERA">
      <Text>Bir sonraki Era'da {1_AgeName} kazanacaksınız</Text>
    </Row>
  </EnglishText>
</GameData>