﻿<?xml version="1.0" encoding="utf-8"?>
<GameData>
  <EnglishText>
    <Row Tag="LOC_DIPLOACTION_THIRD_PARTY_WAR_NAME">
      <Text>Devam Eden Savaşa Katılın</Text>
    </Row>
    <Row Tag="LOC_DIPLOACTION_THIRD_PARTY_WAR_DESCRIPTION">
      <Text>Başka bir oyuncunun hedef uygarlığa karşı savaşına katılın.</Text>
    </Row>
    <Row Tag="LOC_DIPLOACTION_DECLARE_GOLDEN_AGE_WAR_NAME">
      <Text>Altın Çağ Savaşı İlan Et</Text>
    </Row>
    <Row Tag="LOC_DIPLOACTION_DECLARE_GOLDEN_AGE_WAR_DESCRIPTION">
      <Text>Bir Altın Çağ'dayken bir oyuncuya "Silahlara!" ile savaş ilan etmek için kullanılır. Adanmışlık. Bir uygarlığı İhbar ettikten hemen sonra, normal tur sayısını beklemeden kullanılabilir. Hangi şehirleri ele geçirebileceğiniz konusunda kısıtlama yok. Savaş kışkırtıcılığı cezaları 75%. azaltıldı</Text>
    </Row>
    <Row Tag="LOC_DIPLOACTION_DECLARE_WAR_OF_RETRIBUTION_NAME">
      <Text>İntikam Savaşı İlan Et</Text>
    </Row>
    <Row Tag="LOC_DIPLOACTION_DECLARE_WAR_OF_RETRIBUTION_DESCRIPTION">
      <Text>Son 30 tur içinde size verdiği sözü tutmayan bir oyuncuya savaş ilan etmek için kullanılır. Hangi şehirleri ele geçirebileceğiniz konusunda herhangi bir kısıtlama yoktur. Savaş kışkırtıcılığı cezaları 50%. azaltıldı</Text>
    </Row>
    <Row Tag="LOC_DIPLOACTION_DECLARE_IDEOLOGICAL_WAR_NAME">
      <Text>İdeolojik Savaş İlan Etmek</Text>
    </Row>
    <Row Tag="LOC_DIPLOACTION_DECLARE_IDEOLOGICAL_WAR_DESCRIPTION">
      <Text>Farklı bir Kademe 3 hükümetinde olan bir oyuncuya savaş ilan etmek için kullanılır. Hangi şehirleri ele geçirebileceğiniz konusunda herhangi bir kısıtlama yoktur. Savaş kışkırtıcılığı cezaları 50%. azaltıldı</Text>
    </Row>
    <Row Tag="LOC_DIPLOACTION_ALLIANCE_DESCRIPTION">
      <Text>İlan Edilmiş Bir Dost ile İttifak Kurun. Müttefikler savaşa giremez, otomatik olarak Açık Sınırlara sahip olur ve müttefiklerinden biri bir şehir kaybederse her biri saldırgan bir uygarlığa karşı Casus Belli alır.</Text>
    </Row>
  </EnglishText>
</GameData>