﻿<?xml version="1.0" encoding="utf-8"?>
<GameData>
  <EnglishText>
    <Row Tag="LOC_HUD_CITY_RELIGION_TT">
      <Text>Baskın Din: {1_ReligionName}</Text>
    </Row>
    <Row Tag="LOC_CITY_BELONGS_TT">
      <Text>{1_CivName}'ye aittir</Text>
    </Row>
    <Row Tag="LOC_CITY_BELONGS_FREECITY_TT">
      <Text>Özgür Bir Şehre Aittir</Text>
    </Row>
    <Row Tag="LOC_CITY_BANNER_TT">
      <Text>{1_CityName} ({2_CivName})</Text>
    </Row>
    <Row Tag="LOC_HUD_CITY_GOVERNOR_NO_ID">
      <Text>İstihbaratımız bir [ICON_Governor] Vali'nin bu şehirde olduğunu gösteriyor, ancak kim olduklarını veya yerleşik olup olmadıklarını belirleyemedik</Text>
    </Row>
    <Row Tag="LOC_HUD_CITY_GOVERNOR_NO_TURNS">
      <Text>İstihbaratımız [ICON_Governor] {1_GovernorName}'ün bu şehirde olduğunu gösteriyor, ancak yerleşik olup olmadıklarını belirleyemedik</Text>
    </Row>
    <Row Tag="LOC_CITY_BANNER_ACTIVE_TRADING">
      <Text>Burada bir Ticaret Merkeziniz var</Text>
    </Row>
    <Row Tag="LOC_CITY_BANNER_INACTIVE_TRADING">
      <Text>Burada bir Ticaret Merkeziniz var, ancak savaş nedeniyle faal değil</Text>
    </Row>
    <Row Tag="LOC_CITY_BANNER_CAN_STRIKE">
      <Text>Şehir menzilli bir saldırı gerçekleştirebilir</Text>
    </Row>
    <Row Tag="LOC_CITY_BANNER_FORTIFICATION_TT">
      <Text>Şehir hafifçe savunuluyor</Text>
    </Row>
    <Row Tag="LOC_CITY_BANNER_WALLED_FORTIFICATION_TT">
      <Text>Şehir bir duvarla korunuyor</Text>
    </Row>
    <Row Tag="LOC_CITY_BANNER_ORIGINAL_CAPITAL_TT">
      <Text>{1_Owner}'nin orijinal sermayesi</Text>
    </Row>
    <Row Tag="LOC_CITY_BANNER_NEW_CAPITAL_TT">
      <Text>{1_Owner}'nin yeni başkenti</Text>
    </Row>
    <Row Tag="LOC_CITY_BANNER_CAPTURED_CAPITAL_TT">
      <Text>{1_OriginalOwner}'nin orijinal başkenti (Yakalandı)</Text>
    </Row>
    <Row Tag="LOC_CITY_BANNER_OTHER_CITY_TT">
      <Text>{1_Owner} Şehri</Text>
    </Row>
    <Row Tag="LOC_CITY_BANNER_CITY_STATE_TT">
      <Text>Şehir Eyalet</Text>
    </Row>
    <Row Tag="LOC_CITY_BANNER_FREE_CITY_TT">
      <Text>Özgür Şehir</Text>
    </Row>
  </EnglishText>
</GameData>