﻿<?xml version="1.0" encoding="utf-8"?>
<GameData>
  <EnglishText>
    <!-- Combat Modifiers -->
    <Row Tag="LOC_GOVERNOR_DESCRIPTOR_PREVIEW_TEXT">
      <Text>(Vali)</Text>
    </Row>
    <Row Tag="LOC_ALLIANCE_DESCRIPTOR_PREVIEW_TEXT">
      <Text>(İttifak)</Text>
    </Row>
    <Row Tag="LOC_COMBAT_PREVIEW_DIPLOMATIC_BONUS">
      <Text>+{1_Value} Son Diplomatik Değişim</Text>
    </Row>
    <Row Tag="LOC_COMBAT_PREVIEW_ESPIONAGE_BONUS">
      <Text>+{1_Value} Rakibin hareketleri hakkında bilgi</Text>
    </Row>
    <Row Tag="LOC_COMBAT_PREVIEW_CITY_COMBAT_BONUS">
      <Text>+{1_Value} Garnizon Komutanı</Text>
    </Row>
    <Row Tag="LOC_COMBAT_PREVIEW_ALLIANCE_MILITARY_BUFF">
      <Text>Askeri İttifak'tan +{1_Value}</Text>
    </Row>
    <Row Tag="LOC_COMBAT_PREVIEW_EMERGENCY_MILITARY_BUFF">
      <Text>[COLOR_RED]{1_Value: number +#;-#}[ENDCOLOR] from Emergency</Text>
    </Row>
    <Row Tag="LOC_COMBAT_PREVIEW_ALLIANCE_RELIGIOUS_COMBAT_BUFF">
      <Text>Religious Alliance'tan +{1_Value}</Text>
    </Row>
    <Row Tag="LOC_COMBAT_PREVIEW_ANTI_AIR_DEFENSE_BONUS_DESC">
      <Text>+{1_Value} güçlendirilmiş Anti-Hava savunmaları</Text>
    </Row>
    <Row Tag="LOC_COMBAT_PREVIEW_RELIGIOUS_CITY_BONUS">
      <Text>+{1_Value} Büyük Engizisyon valisi terfisi</Text>
    </Row>
    <Row Tag="LOC_COMBAT_PREVIEW_LESS_EFFECTIVE_VS_LAND_UNITS_DESC">
      <Text>-{1_Value} Kara birimlerine karşı daha az etkili</Text>
    </Row>
    <Row Tag="LOC_COMBAT_PREVIEW_LESS_EFFECTIVE_VS_NAVAL_UNITS_DESC">
      <Text>-{1_Value} Deniz birliklerine karşı daha az etkili</Text>
    </Row>
    <Row Tag="LOC_HUD_CITY_GROWTH_OCCUPIED">
      <Text>Dolu: büyüme yok</Text>
    </Row>
    <Row Tag="LOC_REPORTS_LOYALTY">
      <Text>Sadakat</Text>
    </Row>
    <Row Tag="LOC_REPORTS_GOVERNOR">
      <Text>Vali</Text>
    </Row>
    <Row Tag="LOC_POST_COMBAT_LOYALTY_PLUS">
      <Text>[COLOR_LIGHTBLUE]+{1_Num} Sadakat [ENDCOLOR]</Text>
    </Row>
    <Row Tag="LOC_POST_COMBAT_LOYALTY_MINUS">
      <Text>[COLOR_RED]{1_Num} Sadakat [ENDCOLOR]</Text>
    </Row>
    <Row Tag="LOC_HUD_CITY_AMENITIES_LOST_FROM_GOVERNORS">
      <Text>Valilerin sağladığı olanaklar:</Text>
    </Row>
    <Row Tag="LOC_HUD_CITY_OCCUPIED_LOYALITY_STATUS">
      <Text>Dolu: {1_LoyalityStatus}</Text>
    </Row>
    <Row Tag="LOC_NO_GOVERNORS_TITLE_AVAILABLE">
      <Text>Mevcut Vali Başlığı Yok</Text>
    </Row>
    <Row Tag="LOC_GOVERNORS_TITLE">
      <Text>YÖNETİCİLER</Text>
    </Row>
    <Row Tag="LOC_LOYALTY_PANEL_UNMET_CIV">
      <Text>Karşılanmamış Uygarlık</Text>
    </Row>
    <Row Tag="LOC_GREAT_PEOPLE_PATRONAGE_FAITH_OFF">
      <Text>[COLOR_RED]Harcama [ICON_Faith] Himayeye olan inanç mevcut politikalarınızdan biri tarafından devre dışı bırakılmıştır. [ENDCOLOR]</Text>
    </Row>
    <Row Tag="LOC_GREAT_PEOPLE_PATRONAGE_GOLD_OFF">
      <Text>[COLOR_RED]Himaye için altın harcamak [ICON_Gold] mevcut politikalarınızdan biri tarafından devre dışı bırakıldı. [ENDCOLOR]</Text>
    </Row>
    <Row Tag="LOC_UNITOPERATIONS_CANNOT_REPAIR_BLOCKED_BY_POLICY">
      <Text>Politika seçimi nedeniyle bu bölgede iyileştirme yapılamıyor</Text>
    </Row>
    <!-- Alliance Text -->
    <Row Tag="LOC_DIPLOACTION_INVALID_REASON_YOU_HAVE_THIS_ALLIANCE">
      <Text>Başka bir uygarlıkla zaten bu tür bir İttifakınız var.</Text>
    </Row>
    <Row Tag="LOC_DIPLOACTION_INVALID_REASON_THEY_HAVE_THIS_ALLIANCE">
      <Text>{1_OtherCiv} zaten başka bir medeniyetle bu türden bir İttifaka sahiptir.</Text>
    </Row>
    <Row Tag="LOC_DIPLOMACY_ALLIANCE_LEVEL_COLON_INPUT">
      <Text>İttifak Seviyesi: {1_AllianceLevel}</Text>
    </Row>
    <Row Tag="LOC_DIPLOMACY_ALLIANCE_LEVEL_COLON">
      <Text>İttifak Seviyesi:</Text>
    </Row>
    <Row Tag="LOC_DIPLOMACY_ALLIANCE_LEVEL">
      <Text>İttifak Seviyesi</Text>
    </Row>
    <Row Tag="LOC_DIPLOMACY_ALLIANCE_POINTS_COLON">
      <Text>İttifak Puanları:</Text>
    </Row>
    <Row Tag="LOC_DIPLOMACY_ALLIANCE_POINTS_PER_TURN">
      <Text>+{1_PointsPerTurn}</Text>
    </Row>
    <Row Tag="LOC_DIPLOMACY_ALLIANCE_POINTS_NEEDED">
      <Text>\ {1_PointsNeeded}</Text>
    </Row>
    <Row Tag="LOC_DIPLOMACY_ALLIANCE_CURRENT">
      <Text>Mevcut ittifak: {1_AllianceTypeName}</Text>
    </Row>
    <Row Tag="LOC_DIPLOMACY_ALLIANCE_LEVEL_BUTTON_TOOLTIP">
      <Text>Hangi İttifak avantajlarına erişebileceğiniz de dahil olmak üzere, bu liderle İttifak Seviyeniz hakkında önemli bilgileri görüntüleyin.</Text>
    </Row>
    <Row Tag="LOC_DIPLOMACY_ALLIANCE_SCIENCE_NAME_LEVEL">
      <Text>Araştırma İttifakı seviyesi {1_AllianceLevel}</Text>
    </Row>
    <Row Tag="LOC_DIPLOMACY_ALLIANCE_CULTURAL_NAME_LEVEL">
      <Text>Kültürel İttifak seviyesi {1_AllianceLevel}</Text>
    </Row>
    <Row Tag="LOC_DIPLOMACY_ALLIANCE_ECONOMIC_NAME_LEVEL">
      <Text>Ekonomik İttifak seviyesi {1_AllianceLevel}</Text>
    </Row>
    <Row Tag="LOC_DIPLOMACY_ALLIANCE_MILITARY_NAME_LEVEL">
      <Text>Askeri İttifak seviyesi {1_AllianceLevel}</Text>
    </Row>
    <Row Tag="LOC_DIPLOMACY_ALLIANCE_RELIGIOUS_NAME_LEVEL">
      <Text>Dini İttifak seviyesi {1_AllianceLevel}</Text>
    </Row>
    <Row Tag="LOC_ALLIANCE_RESEARCH">
      <Text>Araştırma Birliği</Text>
    </Row>
    <Row Tag="LOC_ALLIANCE_CULTURAL">
      <Text>Kültürel İttifak</Text>
    </Row>
    <Row Tag="LOC_ALLIANCE_MILITARY">
      <Text>Askeri İttifak</Text>
    </Row>
    <Row Tag="LOC_ALLIANCE_ECONOMIC">
      <Text>Ekonomik İttifak</Text>
    </Row>
    <Row Tag="LOC_ALLIANCE_RELIGIOUS">
      <Text>Dini İttifak</Text>
    </Row>
    <Row Tag="LOC_DIPLO_CHOICE_ALLIANCE_RESEARCH">
      <Text>Bir Araştırma İttifakı Oluşturun</Text>
    </Row>
    <Row Tag="LOC_DIPLO_CHOICE_ALLIANCE_CULTURAL">
      <Text>Kültürel İttifak Oluşturun</Text>
    </Row>
    <Row Tag="LOC_DIPLO_CHOICE_ALLIANCE_MILITARY">
      <Text>Askeri İttifak Oluşturun</Text>
    </Row>
    <Row Tag="LOC_DIPLO_CHOICE_ALLIANCE_ECONOMIC">
      <Text>Ekonomik İttifak Oluşturun</Text>
    </Row>
    <Row Tag="LOC_DIPLO_CHOICE_ALLIANCE_RELIGIOUS">
      <Text>Bir Dini İttifak Oluşturun</Text>
    </Row>
    <Row Tag="LOC_DIPLO_CHOICE_RENEW_ALLIANCE">
      <Text>Yenileme İttifakı</Text>
    </Row>
    <Row Tag="LOC_DIPLOMACY_ALLIANCES">
      <Text>İttifaklar</Text>
    </Row>
    <Row Tag="LOC_DIPLOMACY_ALLIANCES_TT">
      <Text>Bu güçle bir İttifak önerin</Text>
    </Row>
    <Row Tag="LOC_DIPLOMACY_RENEW_ALLIANCE_TT">
      <Text>Bu güçle mevcut İttifakınızın süresini uzatmayı teklif edin</Text>
    </Row>
    <Row Tag="LOC_DIPLOMACY_ALLIANCES_CURRENT_BENEFITS_HEADER">
      <Text>Mevcut İttifakınız bu avantajları sağlamaktadır:</Text>
    </Row>
    <Row Tag="LOC_DIPLOMACY_ALLIANCES_LEVEL_UP_BENEFITS_HEADER">
      <Text>Bir sonraki İttifak Seviyesinde, İttifaklarınız bu ek avantajlara sahip olacak:</Text>
    </Row>
    <Row Tag="LOC_WORLD_RANKINGS_CULTURE_TOURIST_TOOLTIP_ALLIANCES">
      <Text>{1_Tooltip}[NEWLINE]Genel [ICON_Tourism] Turizm İttifaklardan +{2_Percent} Arttı</Text>
    </Row>
    <Row Tag="LOC_PLAYER_YIELD_SCIENCE_MODIFIER_FROM_ALLIANCES">
      <Text>{Değer : sayı +#;-#}% ({GerçekDeğer : sayı +#.#;-#.#}) İttifaklardan</Text>
    </Row>
    <Row Tag="LOC_PLAYER_YIELD_CULTURE_FROM_ALLIANCES">
      <Text>{Değer : sayı +#.#;-#.#}% ({GerçekDeğer : sayı +#.#;-#.#}) İttifaklardan</Text>
    </Row>
    <Row Tag="LOC_PLAYER_YIELD_FAITH_FROM_ALLIANCES">
      <Text>{Değer : sayı +#.#;-#.#} Dini İttifaklardan</Text>
    </Row>
    <Row Tag="LOC_ALLIANCE_SHARED_VIS_EFFECT">
      <Text>Paylaşılan Görünürlük</Text>
    </Row>
    <Row Tag="LOC_ALLIANCE_NO_CULTURE_PRESSURE_EFFECT">
      <Text>Müttefikinizin şehirleri sizinkiler üzerinde Sadakat baskısı oluşturmaz ve bunun tersi de geçerlidir</Text>
    </Row>
    <Row Tag="LOC_ALLIANCE_NO_RELIGIOUS_PRESSURE_EFFECT">
      <Text>Müttefikinizin Dini, sizin Dininizin hakim olduğu şehirler üzerinde Dini baskı uygulamaz ve bunun tersi de geçerlidir</Text>
    </Row>
    <Row Tag="LOC_ALLIANCE_LV1_MILITARY_EFFECT_1">
      <Text>Sizinle ve müttefikinizle savaş halinde olan oyuncuların birimlerine karşı +5 [ICON_Strength] Savaş Gücü</Text>
    </Row>
    <Row Tag="LOC_ALLIANCE_LV1_ECONOMIC_EFFECT_1">
      <Text>Müttefikinize giden [ICON_TradeRoute] Ticaret Yollarından +4 [ICON_GOLD] Altın</Text>
    </Row>
    <Row Tag="LOC_ALLIANCE_LV1_ECONOMIC_EFFECT_2">
      <Text>Müttefikinizden gelen [ICON_TradeRoute] Ticaret Yollarından +2 [ICON_GOLD] Altın</Text>
    </Row>
    <Row Tag="LOC_ALLIANCE_LV1_RELIGIOUS_EFFECT_1">
      <Text>[ICON_TradeRoute] Ticaret Yollarından müttefikinize +2 [ICON_FAITH] İnanç</Text>
    </Row>
    <Row Tag="LOC_ALLIANCE_LV1_RELIGIOUS_EFFECT_2">
      <Text>Müttefikinizin Ticaret Yollarından +1 [ICON_FAITH] İnanç [ICON_TradeRoute]</Text>
    </Row>
    <Row Tag="LOC_ALLIANCE_LV1_CULTURAL_EFFECT_1">
      <Text>[ICON_TradeRoute] Ticaret Yollarından müttefikinize +2 [ICON_Culture] Kültür</Text>
    </Row>
    <Row Tag="LOC_ALLIANCE_LV1_CULTURAL_EFFECT_2">
      <Text>Müttefikinizden gelen [ICON_TradeRoute] Ticaret Yollarından +1 [ICON_Culture] Kültür</Text>
    </Row>
    <Row Tag="LOC_ALLIANCE_LV1_RESEARCH_EFFECT_1">
      <Text>[ICON_TradeRoute] Ticaret Yollarından müttefikinize +2 [ICON_SCIENCE] Bilim</Text>
    </Row>
    <Row Tag="LOC_ALLIANCE_LV1_RESEARCH_EFFECT_2">
      <Text>Müttefikinizin Ticaret Yollarından +1 [ICON_SCIENCE] Bilim [ICON_TradeRoute]</Text>
    </Row>
    <Row Tag="LOC_ALLIANCE_LV2_ECONOMIC_EFFECT_1">
      <Text>Müttefikinizin Suzerain olduğu her Şehir Devleti için Bonus [ICON_Envoy] Elçi Puanı</Text>
    </Row>
    <Row Tag="LOC_ALLIANCE_LV2_MILITARY_EFFECT_1">
      <Text>Siz veya müttefikiniz savaştayken askeri birimlere yönelik +%15 [ICON_PRODUCTION] Üretim</Text>
    </Row>
    <Row Tag="LOC_ALLIANCE_LV2_RELIGIOUS_EFFECT_1">
      <Text>+10 Dinsel Olmayan Dinlere Karşı Dinsel Savaş Gücü</Text>
    </Row>
    <Row Tag="LOC_ALLIANCE_LV2_RESEARCH_EFFECT_1">
      <Text>Her 30 turda bir (Standartta), müttefikinizin araştırdığı veya güçlendirdiği, ancak sizin araştırmadığınız bir teknoloji için bir [ICON_TechBoosted] Eureka kilidini açarsınız</Text>
    </Row>
    <Row Tag="LOC_ALLIANCE_LV2_CULTURAL_EFFECT_1">
      <Text>[ICON_District] Bölgelerinizin her biri, o şehirden müttefikinize giden bir [ICON_TradeRoute] Ticaret Yolunuz varsa, tur başına ek bir [ICON_GreatPerson] Büyük Kişi Puanı verir</Text>
    </Row>
    <Row Tag="LOC_ALLIANCE_LV3_MILITARY_EFFECT_1">
      <Text>Birimler ücretsiz Promosyon ile başlar</Text>
    </Row>
    <Row Tag="LOC_ALLIANCE_LV3_RELIGIOUS_EFFECT_1">
      <Text>Müttefikinizin dinini takip eden her [ICON_Citizen] Vatandaşınız için +1 [ICON_FAITH] İnanç</Text>
    </Row>
    <Row Tag="LOC_ALLIANCE_LV3_RELIGIOUS_EFFECT_2">
      <Text>Müttefikinizin Dininin takipçisi olmayan şehirlerde Bonus Dini Baskı</Text>
    </Row>
    <Row Tag="LOC_ALLIANCE_LV3_RESEARCH_EFFECT_1">
      <Text>Siz veya müttefikiniz diğerinin tamamladığı bir teknolojiyi araştırırken veya aynı teknolojiyi araştırırken +%10 [ICON_SCIENCE] Bilim</Text>
    </Row>
    <Row Tag="LOC_ALLIANCE_LV3_CULTURAL_EFFECT_1">
      <Text>Şehirlerden müttefikinizin [ICON_Tourism] Turizminin +%20'sini kazanırsınız</Text>
    </Row>
    <Row Tag="LOC_ALLIANCE_LV3_CULTURAL_EFFECT_2">
      <Text>Şehirlerden müttefikinizin [ICON_Culture] Kültürünün +%10'unu kazanırsınız</Text>
    </Row>
    <Row Tag="LOC_ALLIANCE_LV3_ECONOMIC_EFFECT">
      <Text>Suzerain benzersiz bonuslarını müttefikinizle paylaşın</Text>
    </Row>
    <Row Tag="LOC_ALLIANCE_POINTS_FROM_DEFAULT">
      <Text>{1_Amount} Müttefik olmak için puanlar</Text>
    </Row>
    <Row Tag="LOC_ALLIANCE_POINTS_FROM_TRADE_ROUTES_TO_THEM">
      <Text>[NEWLINE]{1_Amount} Müttefikinize bir [ICON_TradeRoute] Ticaret Rotasına sahip olmanın puanları</Text>
    </Row>
    <Row Tag="LOC_ALLIANCE_POINTS_FROM_TRADE_ROUTES_FROM_THEM">
      <Text>[NEWLINE]{1_Amount} Müttefikinizden bir [ICON_TradeRoute] Ticaret Rotasına sahip olmaktan gelen puanlar</Text>
    </Row>
    <Row Tag="LOC_ALLIANCE_POINTS_FROM_COMMON_ENEMY">
      <Text>[NEWLINE]{1_Amount} Ortak bir düşmana karşı savaş ilan etmenin puanları</Text>
    </Row>
    <Row Tag="LOC_ALLIANCE_POINTS_FROM_YOUR_MODIFIER">
      <Text>[NEWLINE]{1_Amount} Diğer kaynaklarınızdan puanlar</Text>
    </Row>
    <Row Tag="LOC_ALLIANCE_POINTS_FROM_THEIR_MODIFIER">
      <Text>[NEWLINE]{1_Amount} Müttefikinizin diğer kaynaklarından gelen puanlar</Text>
    </Row>
    <!-- New Government Text -->
    <Row Tag="LOC_GOVT_POLICY_TYPE_DARKAGE">
      <Text>Karanlık Çağ Politikaları</Text>
    </Row>
    <Row Tag="LOC_GOVT_INHERENT_BONUS_AUTOCRACY_XP1">
      <Text>Bir şehirdeki her hükümet binası ve saray için tüm verimlere +1.</Text>
    </Row>
    <Row Tag="LOC_GOVT_INHERENT_BONUS_OLIGARCHY_XP1">
      <Text>Tüm kara yakın muharebe, süvari karşıtı ve deniz yakın muharebe sınıfı birimleri +4 [ICON_Strength] Savaş Gücü kazanır.</Text>
    </Row>
    <Row Tag="LOC_GOVT_INHERENT_BONUS_CLASSREP_XP1">
      <Text>Bölgesi olan tüm şehirler +1 [ICON_Housing] Konut ve +1 [ICON_Amenities] Çevre kazanır.</Text>
    </Row>
    <Row Tag="LOC_GOVT_INHERENT_BONUS_MONARCHY_XP1">
      <Text>Duvarların her seviyesi için +1 [ICON_Housing] Konut.</Text>
    </Row>
    <Row Tag="LOC_GOVT_INHERENT_BONUS_THEOCRACY_XP1">
      <Text>+5 [ICON_Religion] Teolojik Savaşta Dini Güç. [NEWLINE]+0,5 [ICON_Faith] Valileri olan şehirlerde [ICON_Citizen] Vatandaş başına İnanç [ICON_Governor].</Text>
    </Row>
    <Row Tag="LOC_GOVT_INHERENT_BONUS_MERCHREP_XP1">
      <Text>Yerleşik [ICON_Governor] Valisi olan tüm şehirlerde +%10 [ICON_GOLD] Altın.</Text>
    </Row>
    <Row Tag="LOC_GOVT_INHERENT_BONUS_FASCISM_XP1">
      <Text>Tüm birimler +5 [ICON_Strength] Savaş Gücü kazanır.  Savaş Yorgunluğu 15 azalır%.</Text>
    </Row>
    <Row Tag="LOC_GOVT_INHERENT_BONUS_COMMUNISM_XP1">
      <Text>Valilerin [ICON_Governor] bulunduğu şehirlerde [ICON_Citizen] Vatandaş başına +0,6 [ICON_Production] Üretim.</Text>
    </Row>
    <Row Tag="LOC_GOVT_INHERENT_BONUS_DEMOCRACY_XP1">
      <Text>Bölge başına +1 [ICON_Production] Üretim, +1 [ICON_Housing] Konut.</Text>
    </Row>
    <Row Tag="LOC_GOVT_ACCUMULATED_BONUS_BRIEF_AUTOCRACY_XP1">
      <Text>Harikalar için +%10 Üretim.</Text>
    </Row>
    <Row Tag="LOC_GOVT_ACCUMULATED_BONUS_BRIEF_OLIGARCHY_XP1">
      <Text>+%20 Birim Deneyimi.</Text>
    </Row>
    <Row Tag="LOC_GOVT_ACCUMULATED_BONUS_BRIEF_CLASSREP_XP1">
      <Text>+%15 Harika İnsan puanı.</Text>
    </Row>
    <Row Tag="LOC_GOVT_ACCUMULATED_BONUS_BRIEF_MONARCHY_XP1">
      <Text>+%50 Etki Puanı.</Text>
    </Row>
    <Row Tag="LOC_GOVT_ACCUMULATED_BONUS_BRIEF_THEOCRACY_XP1">
      <Text>[ICON_Faith] İnanç ile Yapılan Alışverişlerde %15 İndirim.</Text>
    </Row>
    <Row Tag="LOC_GOVT_ACCUMULATED_BONUS_BRIEF_MERCHREP_XP1">
      <Text>İlçelere yönelik +%15 Üretim.</Text>
    </Row>
    <Row Tag="LOC_GOVT_ACCUMULATED_BONUS_BRIEF_FASCISM_XP1">
      <Text>Birimlere doğru +%50 Üretim.</Text>
    </Row>
    <Row Tag="LOC_GOVT_ACCUMULATED_BONUS_BRIEF_COMMUNISM_XP1">
      <Text>+%15 Üretim.</Text>
    </Row>
    <Row Tag="LOC_GOVT_ACCUMULATED_BONUS_BRIEF_DEMOCRACY_XP1">
      <Text>[ICON_Gold] Altın ile Alışverişlerde %25 İndirim.</Text>
    </Row>
    <Row Tag="LOC_TOOLTIP_UNLOCKS_POLICY_CARD">
      <Text>{1_PolicyName} kilidini açar Poliçe Kartı.</Text>
    </Row>
    <Row Tag="LOC_ABILITY_OLIGARCHY_LEGACY_MELEE_BUFF_MODIFIER_DESCRIPTION">
      <Text>Oligarşik Mirastan +4</Text>
    </Row>
    <Row Tag="LOC_ABILITY_THEOCRACY_LEGACY_RELIGIOUS_BUFF_MODIFIER_DESCRIPTION">
      <Text>Teokratik Mirastan +5</Text>
    </Row>
    <Row Tag="LOC_ABILITY_FASCISM_LEGACY_ATTACK_BUFF_MODIFIER_DESCRIPTION">
      <Text>Faşist Mirastan +5</Text>
    </Row>
    <!-- Governors UI -->
    <Row Tag="LOC_GOVERNORS_SCREEN_TAB_OWNED_GOVERNORS">
      <Text>Mevcut Valiler</Text>
    </Row>
    <Row Tag="LOC_GOVERNORS_SCREEN_TAB_GOVERNOR_CANDIDATES">
      <Text>Adaylar</Text>
    </Row>
    <Row Tag="LOC_GOVERNORS_SCREEN_BUTTON_APPOINT_GOVERNOR">
      <Text>Atama</Text>
    </Row>
    <Row Tag="LOC_GOVERNORS_SCREEN_DETAILS">
      <Text>Detaylar</Text>
    </Row>
    <Row Tag="LOC_GOVERNORS_SCREEN_PROMOTE">
      <Text>Teşvik etmek</Text>
    </Row>
    <Row Tag="LOC_GOVERNORS_SCREEN_VIEW_PROMOTIONS">
      <Text>Promosyonları Görüntüle</Text>
    </Row>
    <Row Tag="LOC_GOVERNORS_SCREEN_GOVERNOR_ESTABLISHED_IN">
      <Text>Kurulduğu yer:</Text>
    </Row>
    <Row Tag="LOC_GOVERNORS_SCREEN_GOVERNOR_TRANSITIONING_TO">
      <Text>Siyasi gücün kurulması:</Text>
    </Row>
    <Row Tag="LOC_GOVERNORS_SCREEN_GOVERNOR_NEEDS_ASSIGNMENT">
      <Text>İhtiyaç Ataması</Text>
    </Row>
    <Row Tag="LOC_GOVERNOR_ASSIGNMENT_REPLACES">
      <Text>Yerine geçer:</Text>
    </Row>
    <Row Tag="LOC_GOVERNOR_ASSIGNMENT_CONFIRM_REPLACEMENT">
      <Text>VALININ YERINI MI ALACAK? Bu şehirde valinin yerini bu vali alacak.</Text>
    </Row>
    <Row Tag="LOC_GOVERNOR_ASSIGNMENT_PLUS_PRESSURE">
      <Text>{1_Pressure: sayı +#;-#}</Text>
    </Row>
    <Row Tag="LOC_GOVERNOR_ASSIGNMENT_IS_ESTABLISHED">
      <Text>{1_Name} ({2_Type}) bu şehirde kurulmuştur</Text>
    </Row>
    <Row Tag="LOC_GOVERNOR_ASSIGNMENT_IS_ESTABLISHING">
      <Text>{1_Name} ({2_Type}) bu şehirde kuruluyor</Text>
    </Row>
    <Row Tag="LOC_GOVERNOR_ASSIGNMENT_NO_GOVERNOR">
      <Text>Atanmış Vali Yok</Text>
    </Row>
    <Row Tag="LOC_GOVERNOR_ASSIGNMENT_CURRENT_IDENTITY_PRESSURE_TOOLTIP">
      <Text>Dönüş Başına Mevcut Sadakat</Text>
    </Row>
    <Row Tag="LOC_GOVERNOR_ASSIGNMENT_FUTURE_IDENTITY_PRESSURE_TOOLTIP">
      <Text>Bu Vali ile tur başına sadakat Kuruldu</Text>
    </Row>
    <Row Tag="LOC_GOVERNORS_SCREEN_GOVERNOR_TRANSITION_TURNS">
      <Text>{1_NumTurns} Dönüşler</Text>
    </Row>
    <Row Tag="LOC_GOVERNORS_SCREEN_GOVERNOR_TURNS_UNTIL_ESTABLISHED">
      <Text>{1_NumTurns} Yerleşene kadar döner</Text>
    </Row>
    <Row Tag="LOC_GOVERNORS_SCREEN_GOVERNOR_NAME_WITH_TURNS">
      <Text>{1_GovernorName} ({2_Turns} {2_Turns : plural 1?Turn; other?Turns;})</Text>
    </Row>
    <Row Tag="LOC_GOVERNORS_SCREEN_NEUTRALIZED">
      <Text>Nötralize edildi:</Text>
    </Row>
    <Row Tag="LOC_GOVERNORS_SCREEN_NEUTRALIZED_TURNS_REMAINING">
      <Text>({1_Turns} daha fazla {1_Turns : plural 1?turn; other?turns;})</Text>
    </Row>
    <Row Tag="LOC_GOVERNORS_SCREEN_GOVERNOR_CANDIDATE">
      <Text>Vali Adayı</Text>
    </Row>
    <Row Tag="LOC_GOVERNORS_SCREEN_GOVERNOR_ASSIGN_TO">
      <Text>{1_GovernorName}'ye atayın:</Text>
    </Row>
    <Row Tag="LOC_GOVERNORS_BASE_ABILITY_HEADER_TEXT">
      <Text>Temel Yetenek:</Text>
    </Row>
    <Row Tag="LOC_GOVERNORS_PROMOTIONS_HEADER_TEXT">
      <Text>Promosyonlar:</Text>
    </Row>
    <Row Tag="LOC_GOVERNORS_SCREEN_CHANGE_ASSIGNMENT">
      <Text>Şehir atamasını değiştir</Text>
    </Row>
    <Row Tag="LOC_GOVERNORS_GRANT_PROMOTION">
      <Text>Hibe Tanıtımı</Text>
    </Row>
    <Row Tag="LOC_GOVERNORS_GOVERNOR_NEUTRALIZED">
      <Text>Görev Dışı</Text>
    </Row>
    <Row Tag="LOC_GOVERNORS_CANCEL_PROMOTE_PROMPT">
      <Text>Bu ekrandan ayrılırsanız seçilen promosyon uygulanmayacaktır. Devam etmek istiyor musunuz?</Text>
    </Row>
    <!-- Governors -->
    <Row Tag="LOC_GOVERNOR_THE_DEFENDER_NAME">
      <Text>Victor</Text>
    </Row>
    <Row Tag="LOC_GOVERNOR_THE_AMBASSADOR_NAME">
      <Text>Amani</Text>
    </Row>
    <Row Tag="LOC_GOVERNOR_THE_CARDINAL_NAME">
      <Text>Moksha</Text>
    </Row>
    <Row Tag="LOC_GOVERNOR_THE_RESOURCE_MANAGER_NAME">
      <Text>Magnus</Text>
    </Row>
    <Row Tag="LOC_GOVERNOR_THE_BUILDER_NAME">
      <Text>Liang</Text>
    </Row>
    <Row Tag="LOC_GOVERNOR_THE_EDUCATOR_NAME">
      <Text>Pingala</Text>
    </Row>
    <Row Tag="LOC_GOVERNOR_THE_MERCHANT_NAME">
      <Text>Reyna</Text>
    </Row>
    <Row Tag="LOC_GOVERNOR_THE_DEFENDER_TITLE">
      <Text>Castellan</Text>
    </Row>
    <Row Tag="LOC_GOVERNOR_THE_AMBASSADOR_TITLE">
      <Text>Diplomat</Text>
    </Row>
    <Row Tag="LOC_GOVERNOR_THE_CARDINAL_TITLE">
      <Text>Kardinal</Text>
    </Row>
    <Row Tag="LOC_GOVERNOR_THE_RESOURCE_MANAGER_TITLE">
      <Text>Görevli</Text>
    </Row>
    <Row Tag="LOC_GOVERNOR_THE_BUILDER_TITLE">
      <Text>Sörveyör</Text>
    </Row>
    <Row Tag="LOC_GOVERNOR_THE_EDUCATOR_TITLE">
      <Text>Eğitimci</Text>
    </Row>
    <Row Tag="LOC_GOVERNOR_THE_MERCHANT_TITLE">
      <Text>Finansçı</Text>
    </Row>
    <Row Tag="LOC_GOVERNOR_THE_DEFENDER_SHORT_TITLE">
      <Text>Castellan</Text>
    </Row>
    <Row Tag="LOC_GOVERNOR_THE_AMBASSADOR_SHORT_TITLE">
      <Text>Diplomat</Text>
    </Row>
    <Row Tag="LOC_GOVERNOR_THE_CARDINAL_SHORT_TITLE">
      <Text>Kardinal</Text>
    </Row>
    <Row Tag="LOC_GOVERNOR_THE_RESOURCE_MANAGER_SHORT_TITLE">
      <Text>Steward</Text>
    </Row>
    <Row Tag="LOC_GOVERNOR_THE_BUILDER_SHORT_TITLE">
      <Text>Sörveyör</Text>
    </Row>
    <Row Tag="LOC_GOVERNOR_THE_EDUCATOR_SHORT_TITLE">
      <Text>Eğitimci</Text>
    </Row>
    <Row Tag="LOC_GOVERNOR_THE_MERCHANT_SHORT_TITLE">
      <Text>Finansçı</Text>
    </Row>
    <Row Tag="LOC_GOVERNOR_THE_DEFENDER_DESCRIPTION">
      <Text>Askeri odaklanma, bir şehirde kurulduktan sonra, {LOC_GOVERNOR_THE_DEFENDER_NAME} şehrin güçlendirilmesinde, korunmasında ve dış tehditlere karşı savunulmasında etkili olur.</Text>
    </Row>
    <Row Tag="LOC_GOVERNOR_THE_AMBASSADOR_DESCRIPTION">
      <Text>Uygarlığınız için destek kazanma ve etkisini yakın şehirlere yayma konusunda yeteneklidir. {LOC_GOVERNOR_THE_AMBASSADOR_NAME} bir şehir devletinde yabancı görev verilebilecek tek validir.</Text>
    </Row>
    <Row Tag="LOC_GOVERNOR_THE_CARDINAL_DESCRIPTION">
      <Text>Bir şehrin [ICON_Religion] Dini Gücünü ve orada konuşlanmış Dini birimleri artırabilen Ruhani ve Dini lider. {LOC_GOVERNOR_THE_CARDINAL_NAME} imparatorluğunuzda bir [ICON_FAITH] İnanç işaretidir.</Text>
    </Row>
    <Row Tag="LOC_GOVERNOR_THE_RESOURCE_MANAGER_DESCRIPTION">
      <Text>Girişimci ve yetenekli olan {LOC_GOVERNOR_THE_RESOURCE_MANAGER_NAME}, gerektiğinde değerli kaynakları temin edebilir. Ayrıca şehirdeki genel [ICON_PRODUCTION] Üretimi optimize etme konusunda da oldukça yeteneklidir.</Text>
    </Row>
    <Row Tag="LOC_GOVERNOR_THE_EDUCATOR_DESCRIPTION">
      <Text>{LOC_GOVERNOR_THE_EDUCATOR_NAME} kentte [ICON_SCIENCE] Bilimsel ve [ICON_Culture] Kültürel çabaların geliştirilmesine odaklanmıştır. Ayrıca [ICON_GreatPerson] Büyük İnsanları şehrine çekme konusunda da oldukça yeteneklidir.</Text>
    </Row>
    <Row Tag="LOC_GOVERNOR_THE_MERCHANT_DESCRIPTION">
      <Text>Kurnaz ve mali açıdan bilgili olan {LOC_GOVERNOR_THE_MERCHANT_NAME}, normalde mümkün olandan daha fazlasını sağlamak için finansmanı kullanarak bir şehrin ekonomik gücünü güçlendirebilir.</Text>
    </Row>
    <Row Tag="LOC_GOVERNOR_THE_BUILDER_DESCRIPTION">
      <Text>Verimlilik konusunda bir uzman olan {LOC_GOVERNOR_THE_BUILDER_NAME}, bina ve inşaatla ilgili her konuda yeteneklidir. Uzman bir planlamacı olarak, şehirdeki özel iyileştirmelerin gelişimini de denetleyebilir.</Text>
    </Row>
    <!-- Governor Promotions -->
    <Row Tag="LOC_GOVERNOR_PROMOTION_REDOUBT_NAME">
      <Text>Redoubt</Text>
    </Row>
    <Row Tag="LOC_GOVERNOR_PROMOTION_REDOUBT_DESCRIPTION">
      <Text>Şehir garnizonunun [ICON_Strength] Savaş Gücünü +5 artırır.</Text>
    </Row>
    <Row Tag="LOC_GOVERNOR_PROMOTION_GARRISON_COMMANDER_NAME">
      <Text>Garnizon Komutanı</Text>
    </Row>
    <Row Tag="LOC_GOVERNOR_PROMOTION_GARRISON_COMMANDER_DESCRIPTION">
      <Text>Şehrin sınırları içinde savunma yapan birimler +5 [ICON_Strength] Savaş Gücü kazanır.</Text>
    </Row>
    <Row Tag="LOC_GOVERNOR_PROMOTION_EMBRASURE_NAME">
      <Text>Embrasure</Text>
    </Row>
    <Row Tag="LOC_GOVERNOR_PROMOTION_EMBRASURE_DESCRIPTION">
      <Text>Şehir her turda ek bir [ICON_Ranged] Menzilli Saldırı kazanır.</Text>
    </Row>
    <Row Tag="LOC_GOVERNOR_PROMOTION_DEFENSE_LOGISTICS_NAME">
      <Text>Savunma Lojistiği</Text>
    </Row>
    <Row Tag="LOC_GOVERNOR_PROMOTION_SECURITY_EXPERT_NAME">
      <Text>Güvenlik Uzmanı</Text>
    </Row>
    <Row Tag="LOC_GOVERNOR_PROMOTION_SECURITY_EXPERT_DESCRIPTION">
      <Text>Düşman Casusları bu şehirde normalin 2 seviye altında çalışır.</Text>
    </Row>
    <Row Tag="LOC_GOVERNOR_PROMOTION_DEFENSE_LOGISTICS_DESCRIPTION">
      <Text>Şehir kuşatma altına alınamaz.</Text>
    </Row>
    <Row Tag="LOC_GOVERNOR_PROMOTION_AIR_DEFENSE_INITIATIVE_NAME">
      <Text>Hava Savunma Girişimi</Text>
    </Row>
    <Row Tag="LOC_GOVERNOR_PROMOTION_AIR_DEFENSE_INITIATIVE_DESCRIPTION">
      <Text>+25 [ICON_Strength] Uçaklara ve ICBM'lere karşı savunma yaparken şehrin sınırları içindeki hava savunma destek birimlerine Savaş Gücü.</Text>
    </Row>
    <Row Tag="LOC_GOVERNOR_PROMOTION_AMBASSADOR_MESSENGER_NAME">
      <Text>Haberci</Text>
    </Row>
    <Row Tag="LOC_GOVERNOR_PROMOTION_AMBASSADOR_MESSENGER_DESCRIPTION">
      <Text>Bir şehir devletine atanabilir ve burada 2 [ICON_Envoy] Elçi olarak görev yapar.</Text>
    </Row>
    <Row Tag="LOC_SETTLER_LOYALTY_WARNING_TOOLTIP">
      <Text>Yakındaki şehirlerin etkisi geçerli olacaktır {1_LoyaltyPerTurnAmount} Buraya yerleşen yeni bir şehre tur başına sadakat. Yeni şehirde bir [ICON_Governor] Vali kullanmayı veya başka bir yere yerleşmeyi düşünün.</Text>
    </Row>
    <Row Tag="LOC_GOVERNOR_PROMOTION_AMBASSADOR_EMISSARY_NAME">
      <Text>Elçi</Text>
    </Row>
    <Row Tag="LOC_GOVERNOR_PROMOTION_AMBASSADOR_EMISSARY_DESCRIPTION">
      <Text>9 taş içinde bulunan ve size ait olmayan diğer şehirler tur başına 2 Sadakat kaybeder.</Text>
    </Row>
    <Row Tag="LOC_GOVERNOR_PROMOTION_AMBASSADOR_PRESTIGE_NAME">
      <Text>Prestij</Text>
    </Row>
    <Row Tag="LOC_GOVERNOR_PROMOTION_AMBASSADOR_PRESTIGE_DESCRIPTION">
      <Text>9 taş içindeki diğer şehirleriniz uygarlığınıza karşı her turda +2 Sadakat kazanır.</Text>
    </Row>
    <Row Tag="LOC_GOVERNOR_PROMOTION_AMBASSADOR_AFFLUENCE_NAME">
      <Text>Refah</Text>
    </Row>
    <Row Tag="LOC_GOVERNOR_PROMOTION_AMBASSADOR_AFFLUENCE_DESCRIPTION">
      <Text>Bir şehir devletinde kurulduğunda, Lüks kaynaklarının bir kopyasını size sağlar.</Text>
    </Row>
    <Row Tag="LOC_GOVERNOR_PROMOTION_AMBASSADOR_PROMOTER_NAME">
      <Text>Organizatör</Text>
    </Row>
    <Row Tag="LOC_GOVERNOR_PROMOTION_AMBASSADOR_PROMOTER_DESCRIPTION">
      <Text>+4 [ICON_Amenities] Şehirdeki olanaklar.</Text>
    </Row>
    <Row Tag="LOC_GOVERNOR_PROMOTION_AMBASSADOR_PUPPETEER_NAME">
      <Text>Kuklacı</Text>
    </Row>
    <Row Tag="LOC_GOVERNOR_PROMOTION_AMBASSADOR_PUPPETEER_DESCRIPTION">
      <Text>Bir şehir devletinde kuruluyken, orada sahip olduğunuz [ICON_Envoy] Elçi sayısını iki katına çıkarır.</Text>
    </Row>
    <Row Tag="LOC_GOVERNOR_PROMOTION_CARDINAL_BISHOP_NAME">
      <Text>Piskopos</Text>
    </Row>
    <Row Tag="LOC_GOVERNOR_PROMOTION_CARDINAL_GRAND_INQUISITOR_NAME">
      <Text>Büyük Engizisyoncu</Text>
    </Row>
    <Row Tag="LOC_GOVERNOR_PROMOTION_CARDINAL_DIVINE_ARCHITECT_NAME">
      <Text>İlahi Mimar</Text>
    </Row>
    <Row Tag="LOC_GOVERNOR_PROMOTION_CARDINAL_LAYING_ON_OF_HANDS_NAME">
      <Text>Ellerin Üzerine Koymak</Text>
    </Row>
    <Row Tag="LOC_GOVERNOR_PROMOTION_CARDINAL_CITADEL_OF_GOD_NAME">
      <Text>Tanrı'nın Kalesi</Text>
    </Row>
    <Row Tag="LOC_GOVERNOR_PROMOTION_CARDINAL_PATRON_SAINT_NAME">
      <Text>Koruyucu Aziz</Text>
    </Row>
    <Row Tag="LOC_GOVERNOR_PROMOTION_CARDINAL_BISHOP_DESCRIPTION">
      <Text>Komşu şehirlere yönelik dini baskı bu şehirden %100 daha güçlüdür.</Text>
    </Row>
    <Row Tag="LOC_GOVERNOR_PROMOTION_CARDINAL_GRAND_INQUISITOR_DESCRIPTION">
      <Text>+10 [ICON_Religion] Bu şehrin karolarındaki teolojik savaşta Dini Güç.</Text>
    </Row>
    <Row Tag="LOC_GOVERNOR_PROMOTION_CARDINAL_DIVINE_ARCHITECT_DESCRIPTION">
      <Text>Şehirdeki Kutsal Alan binalarına yönelik +%20 [ICON_Production] Üretim.</Text>
    </Row>
    <Row Tag="LOC_GOVERNOR_PROMOTION_CARDINAL_LAYING_ON_OF_HANDS_DESCRIPTION">
      <Text>[ICON_Governor] Valinin dini birimleri bu şehrin karolarında bir turda tamamen iyileşir.</Text>
    </Row>
    <Row Tag="LOC_GOVERNOR_PROMOTION_CARDINAL_CITADEL_OF_GOD_DESCRIPTION">
      <Text>Şehir, [ICON_Governor] Valinin oyuncusu tarafından kurulmamış Dinlerden gelen baskı ve savaş etkilerini yok sayar.</Text>
    </Row>
    <Row Tag="LOC_GOVERNOR_PROMOTION_CARDINAL_PATRON_SAINT_DESCRIPTION">
      <Text>Şehirde eğitim gören Havariler ve Savaşçı Keşişler ilk terfilerini aldıklarında fazladan 1 terfi alırlar.</Text>
    </Row>
    <Row Tag="LOC_GOVERNOR_PROMOTION_RESOURCE_MANAGER_GROUNDBREAKER_NAME">
      <Text>Zemin Kırıcı</Text>
    </Row>
    <Row Tag="LOC_GOVERNOR_PROMOTION_RESOURCE_MANAGER_GROUNDBREAKER_DESCRIPTION">
      <Text>Şehirdeki arsa hasatlarından ve özellik kaldırmalarından +%50 verim.</Text>
    </Row>
    <Row Tag="LOC_GOVERNOR_PROMOTION_RESOURCE_MANAGER_SURPLUS_LOGISTICS_NAME">
      <Text>İhtiyaç Fazlası Lojistik</Text>
    </Row>
    <Row Tag="LOC_GOVERNOR_PROMOTION_RESOURCE_MANAGER_SURPLUS_LOGISTICS_DESCRIPTION">
      <Text>Şehirde +%20 [ICON_Food] Büyüme. Burada biten [ICON_TradeRoute] Ticaret Yollarınız başlangıç şehirlerine +2 [ICON_Food] Gıda sağlar.</Text>
    </Row>
    <Row Tag="LOC_GOVERNOR_PROMOTION_RESOURCE_MANAGER_EXPEDITION_NAME">
      <Text>Hükümler</Text>
    </Row>
    <Row Tag="LOC_GOVERNOR_PROMOTION_RESOURCE_MANAGER_EXPEDITION_DESCRIPTION">
      <Text>Şehirdeki Sanayi Bölgesi binaları için +%20 [ICON_Production]. Şehirde eğitilen yerleşimciler [ICON_Citizen] Nüfus tüketmez.</Text>
    </Row>
    <Row Tag="LOC_GOVERNOR_PROMOTION_RESOURCE_MANAGER_INDUSTRIALIST_NAME">
      <Text>Sanayici</Text>
    </Row>
    <Row Tag="LOC_GOVERNOR_PROMOTION_RESOURCE_MANAGER_INDUSTRIALIST_DESCRIPTION">
      <Text>Şehirdeki her Stratejik kaynaktan tur başına +1 [ICON_Production] Üretim.</Text>
    </Row>
    <Row Tag="LOC_GOVERNOR_PROMOTION_RESOURCE_MANAGER_BLACK_MARKETEER_NAME">
      <Text>Karaborsacı</Text>
    </Row>
    <Row Tag="LOC_GOVERNOR_PROMOTION_RESOURCE_MANAGER_BLACK_MARKETEER_DESCRIPTION">
      <Text>Kaynaklara bağlı birimler inşa etmek için şehirde stratejik kaynaklar gerekli değildir.</Text>
    </Row>
    <Row Tag="LOC_GOVERNOR_PROMOTION_RESOURCE_MANAGER_VERTICAL_INTEGRATION_NAME">
      <Text>Dikey Entegrasyon</Text>
    </Row>
    <Row Tag="LOC_GOVERNOR_PROMOTION_RESOURCE_MANAGER_VERTICAL_INTEGRATION_DESCRIPTION">
      <Text>Bu şehir, sadece ilkinden değil, 6 karo içindeki tüm Sanayi Bölgelerinden [ICON_Production] Üretim alır.</Text>
    </Row>
    <Row Tag="LOC_GOVERNOR_PROMOTION_BUILDER_GUILDMASTER_NAME">
      <Text>Lonca Yöneticisi</Text>
    </Row>
    <Row Tag="LOC_GOVERNOR_PROMOTION_BUILDER_GUILDMASTER_DESCRIPTION">
      <Text>Şehirde eğitilen tüm İnşaatçılar +1 inşa yükü alır.</Text>
    </Row>
    <Row Tag="LOC_GOVERNOR_PROMOTION_INFRASTRUCTURE_NAME">
      <Text>Altyapı</Text>
    </Row>
    <Row Tag="LOC_GOVERNOR_PROMOTION_INFRASTRUCTURE_DESCRIPTION">
      <Text>Şehir Merkezi ve Hükümet Plaza binalarına yönelik +%30 [ICON_Production] Üretim.</Text>
    </Row>
    <Row Tag="LOC_GOVERNOR_PROMOTION_AQUACULTURE_NAME">
      <Text>Akuakültür</Text>
    </Row>
    <Row Tag="LOC_GOVERNOR_PROMOTION_AQUACULTURE_DESCRIPTION">
      <Text>Balıkçılık benzersiz iyileştirmesi şehirde kıyı arazileri üzerine inşa edilebilir. 1 [ICON_Food] Yiyecek, bir deniz kaynağına bitişikse +1 [ICON_Food] Yiyecek verir.</Text>
    </Row>
    <Row Tag="LOC_GOVERNOR_PROMOTION_PARKS_RECREATION_NAME">
      <Text>Parklar ve Rekreasyon</Text>
    </Row>
    <Row Tag="LOC_GOVERNOR_PROMOTION_PARKS_RECREATION_DESCRIPTION">
      <Text>Şehir Parkı benzersiz iyileştirmesi şehirde inşa edilebilir. 2 Cazibe ve 1 [ICON_Culture] Kültür kazandırır. Suya bitişikse +1 [ICON_Amenities] Çevre.</Text>
    </Row>
    <Row Tag="LOC_GOVERNOR_PROMOTION_ZONING_COMMISSIONER_NAME">
      <Text>İmar Komisyonu Üyesi</Text>
    </Row>
    <Row Tag="LOC_GOVERNOR_PROMOTION_ZONING_COMMISSIONER_DESCRIPTION">
      <Text>+20 [ICON_Production] Şehirdeki bölgelerin inşasına yönelik üretim.</Text>
    </Row>
    <Row Tag="LOC_GOVERNOR_PROMOTION_ARCHITECT_NAME">
      <Text>Eğlence</Text>
    </Row>
    <Row Tag="LOC_GOVERNOR_PROMOTION_ARCHITECT_DESCRIPTION">
      <Text>+%30 [ICON_Production] Şehirdeki Eğlence Kompleksi ve Su Parkı binalarına yönelik üretim.</Text>
    </Row>
    <Row Tag="LOC_GOVERNOR_PROMOTION_EDUCATOR_LIBRARIAN_NAME">
      <Text>Kütüphaneci</Text>
    </Row>
    <Row Tag="LOC_GOVERNOR_PROMOTION_EDUCATOR_LIBRARIAN_DESCRIPTION">
      <Text>Şehir tarafından üretilen [ICON_Science] Bilim ve [ICON_Culture] Kültürde %15 artış.</Text>
    </Row>
    <Row Tag="LOC_GOVERNOR_PROMOTION_EDUCATOR_CONNOISSEUR_NAME">
      <Text>Uzman</Text>
    </Row>
    <Row Tag="LOC_GOVERNOR_PROMOTION_EDUCATOR_CONNOISSEUR_DESCRIPTION">
      <Text>Şehirdeki Tiyatro Meydanı binalarına yönelik +%20 [ICON_Production] Üretim.</Text>
    </Row>
    <Row Tag="LOC_GOVERNOR_PROMOTION_EDUCATOR_RESEARCHER_NAME">
      <Text>Araştırmacı</Text>
    </Row>
    <Row Tag="LOC_GOVERNOR_PROMOTION_EDUCATOR_RESEARCHER_DESCRIPTION">
      <Text>Şehirdeki Kampüs binalarına yönelik +%20 [ICON_Production] Üretim.</Text>
    </Row>
    <Row Tag="LOC_GOVERNOR_PROMOTION_EDUCATOR_GRANTS_NAME">
      <Text>Hibeler</Text>
    </Row>
    <Row Tag="LOC_GOVERNOR_PROMOTION_EDUCATOR_GRANTS_DESCRIPTION">
      <Text>Şehirde her turda +%100 [ICON_GreatPerson] Büyük İnsanlar puanı üretilir.</Text>
    </Row>
    <Row Tag="LOC_GOVERNOR_PROMOTION_EDUCATOR_ARMS_RACE_PROPONENT_NAME">
      <Text>Silahlanma Yarışı Savunucusu</Text>
    </Row>
    <Row Tag="LOC_GOVERNOR_PROMOTION_EDUCATOR_ARMS_RACE_PROPONENT_DESCRIPTION">
      <Text>30 [ICON_Production] Şehirdeki tüm nükleer silahlanma projelerine üretim artışı.</Text>
    </Row>
    <Row Tag="LOC_GOVERNOR_PROMOTION_EDUCATOR_SPACE_INITIATIVE_NAME">
      <Text>Uzay Girişimi</Text>
    </Row>
    <Row Tag="LOC_GOVERNOR_PROMOTION_EDUCATOR_SPACE_INITIATIVE_DESCRIPTION">
      <Text>30 [ICON_Production] Şehirdeki tüm mekan-program projelerine üretim artışı.</Text>
    </Row>
    <Row Tag="LOC_GOVERNOR_PROMOTION_MERCHANT_LAND_ACQUISITION_NAME">
      <Text>Arazi Edinimi</Text>
    </Row>
    <Row Tag="LOC_GOVERNOR_PROMOTION_MERCHANT_LAND_ACQUISITION_DESCRIPTION">
      <Text>Şehirde yeni karoları daha hızlı edinin.</Text>
    </Row>
    <Row Tag="LOC_GOVERNOR_PROMOTION_MERCHANT_HARBORMASTER_NAME">
      <Text>Liman Başkanı</Text>
    </Row>
    <Row Tag="LOC_GOVERNOR_PROMOTION_MERCHANT_HARBORMASTER_DESCRIPTION">
      <Text>Şehirdeki Ticari Merkezler ve Limanlardan çift bitişiklik bonusları.</Text>
    </Row>
    <Row Tag="LOC_GOVERNOR_PROMOTION_MERCHANT_FOREIGN_EXCHANGE_NAME">
      <Text>Yabancı Para</Text>
    </Row>
    <Row Tag="LOC_GOVERNOR_PROMOTION_MERCHANT_FOREIGN_EXCHANGE_DESCRIPTION">
      <Text>Şehirden geçen her yabancı [ICON_TradeRoute] Ticaret Yolundan tur başına +3 [ICON_Gold] Altın.</Text>
    </Row>
    <Row Tag="LOC_GOVERNOR_PROMOTION_MERCHANT_TARIFFS_NAME">
      <Text>Tarifeler</Text>
    </Row>
    <Row Tag="LOC_GOVERNOR_PROMOTION_MERCHANT_TARIFFS_DESCRIPTION">
      <Text>Şehir içindeki ve dışındaki tüm [ICON_TradeRoute] Ticaret Yollarından tur başına +3 [ICON_Gold] Altın.</Text>
    </Row>
    <Row Tag="LOC_GOVERNOR_PROMOTION_MERCHANT_TAX_COLLECTOR_NAME">
      <Text>Vergi Tahsildarı</Text>
    </Row>
    <Row Tag="LOC_GOVERNOR_PROMOTION_MERCHANT_TAX_COLLECTOR_DESCRIPTION">
      <Text>Şehirdeki her [ICON_Citizen] Vatandaş için tur başına +2 [ICON_Gold] Altın.</Text>
    </Row>
    <Row Tag="LOC_GOVERNOR_PROMOTION_MERCHANT_CONTRACTOR_NAME">
      <Text>Yüklenici</Text>
    </Row>
    <Row Tag="LOC_GOVERNOR_PROMOTION_MERCHANT_CONTRACTOR_DESCRIPTION">
      <Text>Şehrin [ICON_Gold] Altın ile bölge satın almasını sağlar.</Text>
    </Row>
    <Row Tag="LOC_GOVERNOR_PROMOTION_MERCHANT_CURATOR_NAME">
      <Text>Küratör</Text>
    </Row>
    <Row Tag="LOC_GOVERNOR_PROMOTION_MERCHANT_CURATOR_DESCRIPTION">
      <Text>Şehirdeki Büyük Sanat, Müzik ve Yazı Eserlerinden +%100 [ICON_Tourism] Turizm.</Text>
    </Row>
    <Row Tag="LOC_GOVERNOR_ACTION_AVAILABLE">
      <Text>Bir [ICON_Governor] Valiyi terfi ettirebilir veya atayabilirsiniz!</Text>
    </Row>
    <!-- Leader Agendas-->
    <Row Tag="LOC_TOOLTIP_SAMPLE_DIPLOMACY_HORN_CHEST_LOINS">
      <Text>Çok sayıda kolordusu ve ordusu olan medeniyetleri sever</Text>
    </Row>
    <Row Tag="LOC_TOOLTIP_SAMPLE_DIPLOMACY_HORSE_LORD">
      <Text>Süvariler için kendisiyle rekabet etmeyen sivilleri sever</Text>
    </Row>
    <Row Tag="LOC_TOOLTIP_SAMPLE_DIPLOMACY_CULTURAL_ID">
      <Text>Sadakati yüksek olan sivilleri sever, ancak düşük olanları sevmez</Text>
    </Row>
    <!-- Unit Abilities-->
    <Row Tag="LOC_ABILITY_ALPINE_TRAINING_NAME">
      <Text>Alp Eğitimi</Text>
    </Row>
    <Row Tag="LOC_ABILITY_ALPINE_TRAINING__DESCRIPTION">
      <Text>Alp Eğitimi: Tepelerde savaşırken +3 [ICON_Strength] Savaş Gücü ve Tepe arazisinde Hareket cezası yok.</Text>
    </Row>
    <Row Tag="LOC_ABILITY_ALPINE_TRAINING_COMBAT_HILLS_MODIFIER_DESCRIPTION">
      <Text>Tepelerde savaşırken +3 [ICON_Strength] Savaş Gücü</Text>
    </Row>
    <Row Tag="LOC_ABILITY_RECEIVE_BOMBARD_STRENGTH_BUFF_DESCRIPTION">
      <Text>Yardımcı birimden +5 [ICON_Bombard] Bombardıman Gücü</Text>
    </Row>
    <Row Tag="LOC_ABILITY_SCOTTISH_HIGHLANDER_DESCRIPTION">
      <Text>+5 [ICON_Strength] Tepe ve Ormanlarda Savaş Gücü bonusu</Text>
    </Row>
    <Row Tag="LOC_ABILITY_MONGOLIAN_KESHIG_DESCRIPTION">
      <Text>Hareket halindeki sivil ve destek birimlerine daha yüksek [ICON_Movement] Hareket hızlarında eşlik edebilir.</Text>
    </Row>
    <Row Tag="LOC_ABILITY_GEORGIAN_KHEVSURETI_DESCRIPTION">
      <Text>Tepe arazisinde savaşırken +7 [ICON_Strength] Savaş Gücü bonusu. [NEWLINE][ICON_Bullet]Yok [ICON_Movement] Tepe arazisinde hareket cezası.</Text>
    </Row>
    <Row Tag="LOC_ABILITY_MAPUCHE_MALON_RAIDER_DESCRIPTION">
      <Text>+5 [ICON_Strength] Dost bölgenin 4 heksi içinde Savaş Gücü bonusu. [NEWLINE][ICON_Bullet]Yağma 1 [ICON_Movement] Harekete mal olur.</Text>
    </Row>
    <Row Tag="LOC_ABILITY_PREVIEW_ZEVEN_PROVINCIEN_DESCRIPTION">
      <Text>Savunulabilir bölgelere karşı +7 [ICON_Strength] Savaş Gücü</Text>
    </Row>
    <Row Tag="LOC_ABILITY_DUTCH_ZEVEN_PROVINCIEN_DESCRIPTION">
      <Text>Savunulabilir bölgelere saldırırken +7 [ICON_Strength] Savaş Gücü.</Text>
    </Row>
    <Row Tag="LOC_ABILITY_CREE_OKIHTCITAW_DESCRIPTION">
      <Text>1 ücretsiz Promosyon ile başlar.</Text>
    </Row>
    <Row Tag="LOC_ABILITY_ZULU_IMPI_DESCRIPTION">
      <Text>+%100 Yanaşma bonusu.[NEWLINE][ICON_Bullet]%25 daha hızlı deneyim kazanır.</Text>
    </Row>
    <Row Tag="LOC_ABILITY_ORDU_INCREASED_MOVEMENT_NAME">
      <Text>Moğol Bozkırı</Text>
    </Row>
    <Row Tag="LOC_ABILITY_ORDU_INCREASED_MOVEMENT_DESCRIPTION">
      <Text>+1 [ICON_Movement] Hareket</Text>
    </Row>
    <Row Tag="LOC_ABILITY_ORDU_TRAINED_UNIT_XP_DESCRIPTION">
      <Text>Ordu'dan +%25 savaş deneyimi</Text>
    </Row>
    <Row Tag="LOC_ABILITY_ECONOMIC_GOLDEN_AGE_PLUNDER_IMMUNITY_NAME">
      <Text>Ekonomik Altın Çağ</Text>
    </Row>
    <Row Tag="LOC_ABILITY_ECONOMIC_GOLDEN_AGE_PLUNDER_IMMUNITY_DESCRIPTION">
      <Text>Bu birimin [ICON_TradeRoute] Ticaret Yolu düşman birimleri tarafından yağmalanamaz. Ekonomik Altın Çağ'ın bir parçası olarak elde edilir.</Text>
    </Row>
    <Row Tag="LOC_ABILITY_INQUISITION_FRIENDLY_TERRITORY_BONUS_NAME">
      <Text>Engizisyon</Text>
    </Row>
    <Row Tag="LOC_ABILITY_INQUISITION_FRIENDLY_TERRITORY_BONUS_DESCRIPTION">
      <Text>Dost bölgede +15 Dini Savaş Gücü.</Text>
    </Row>
    <Row Tag="LOC_ABILITY_TWILIGHT_VALOR_ATTACK_BONUS_NAME">
      <Text>Alacakaranlık Cesareti</Text>
    </Row>
    <Row Tag="LOC_ABILITY_TWILIGHT_VALOR_ATTACK_BONUS_DESCRIPTION">
      <Text>Tüm yakın dövüş saldırı birimleri için +5 [ICON_Strength] Savaş Gücü.</Text>
    </Row>
    <Row Tag="LOC_ABILITY_GRANT_MOVEMENT_BONUS_DESCRIPTION">
      <Text>Harekete başlayan birimlere 1 hex uzaklığa kadar +1 [ICON_Movement] Hareket verir.</Text>
    </Row>
    <Row Tag="LOC_ABILITY_PARADROP_DESCRIPTION">
      <Text>Dost kareden 7 karo uzaktaki bir konuma Paradrop yapabilir (Havaalanı veya Uçak Pistinden başlıyorsa 12).</Text>
    </Row>
    <Row Tag="LOC_ABILITY_TOQUI_XP_FROM_GOVERNOR_DESCRIPTION">
      <Text>+10% Savaştan kazanılan deneyim (Toqui)</Text>
    </Row>
    <Row Tag="LOC_ABILITY_TOQUI_XP_FROM_GOVERNOR_NOT_FOUNDED_DESCRIPTION">
      <Text>+30% Savaştan kazanılan deneyim (Toqui)</Text>
    </Row>
    <Row Tag="LOC_ABILITY_TOQUI_COMBAT_BUFF_VS_GOLDEN_AGE_DESCRIPTION">
      <Text>+10 [ICON_Strength] Özgür Şehirlere veya Altın Çağ'daki uygarlıklara karşı Savaş Gücü [NEWLINE]</Text>
    </Row>
    <Row Tag="LOC_ABILITY_TIMUR_BONUS_EXPERIENCE_DESCRIPTION">
      <Text>+25% Savaştan kazanılan deneyim (Timur)</Text>
    </Row>
    <Row Tag="LOC_ABILITY_DRONE_GRANT_SIEGE_BONUS_DESCRIPTION">
      <Text>1 hex içindeki Kuşatma sınıfı birimlere +5 [ICON_Bombard] Bombardıman Gücü verir.</Text>
    </Row>
    <Row Tag="LOC_ABILITY_GENGHIS_KHAN_CAVALRY_BONUS_DESCRIPTION">
      <Text>+3 [ICON_Strength] Savaş Gücü (Moğol Ordusu).</Text>
    </Row>
    <Row Tag="LOC_ABILITY_GENGHIS_KHAN_CAVALRY_CAPTURE_CAVALRY_DESCRIPTION">
      <Text>Yenilmiş süvari birimlerini ele geçirme yeteneği (Moğol Ordusu).</Text>
    </Row>
    <!-- Feature -->
    <Row Tag="LOC_FEATURE_REEF_NAME">
      <Text>Resif</Text>
    </Row>
    <!-- Cultural Identity UI-->
    <Row Tag="LOC_CULTURAL_IDENTITY_LOYALTY_SUBSECTION">
      <Text>Sadakat</Text>
    </Row>
    <Row Tag="LOC_CULTURAL_IDENTITY_ACCUMULATED_IDENTITY_SUBSECTION">
      <Text>Birikmiş Sadakat</Text>
    </Row>
    <Row Tag="LOC_CULTURAL_IDENTITY_SOURCE_DISTANCE_FROM_CAPITAL">
      <Text>Başkentinize yakınlık [ICON_Capital]</Text>
    </Row>
    <Row Tag="LOC_CULTURAL_IDENTITY_LOYALTY">
      <Text>[BOYUT:16]{1_Loyalty} [SIZE=12]Sadakat</Text>
    </Row>
    <Row Tag="LOC_CULTURAL_IDENTITY_OF">
      <Text>.</Text>
    </Row>
    <Row Tag="LOC_CULTURAL_IDENTITY_TOTAL_LOYALTY">
      <Text>[BOYUT:16]{1_Loyalty} [SIZE:12]Mümkün</Text>
    </Row>
    <Row Tag="LOC_CULTURAL_IDENTITY_STATUS">
      <Text>Durum:</Text>
    </Row>
    <Row Tag="LOC_CULTURAL_IDENTITY_LOYALTY_LINE">
      <Text>Tur başına sadakat:</Text>
    </Row>
    <Row Tag="LOC_CULTURAL_IDENTITY_PER_TURN_OWNERSHIP">
      <Text>Bu şehrin mülkiyeti</Text>
    </Row>
    <Row Tag="LOC_CULTURAL_IDENTITY_PER_TURN_POPULATION">
      <Text>[ICON_Citizen] Burada yaşayan vatandaşlar</Text>
    </Row>
    <Row Tag="LOC_CULTURAL_IDENTITY_PER_TURN_MARTIAL_LAW">
      <Text>İşgal sırasında garnizon birimi</Text>
    </Row>
    <Row Tag="LOC_CULTURAL_IDENTITY_PER_TURN_OCCUPATION">
      <Text>Meslek</Text>
    </Row>
    <Row Tag="LOC_CULTURAL_IDENTITY_PER_TURN_STARVATION">
      <Text>Açlık</Text>
    </Row>
    <Row Tag="LOC_CULTURAL_IDENTITY_PER_TURN_TRADE_ROUTES">
      <Text>[ICON_TradeRoute] Ticaret Yolları</Text>
    </Row>
    <Row Tag="LOC_CULTURAL_IDENTITY_PER_TURN_GOVERNOR">
      <Text>[ICON_Governor] Vali buraya yerleştirildi</Text>
    </Row>
    <Row Tag="LOC_CULTURAL_IDENTITY_PER_TURN_HAPPINESS">
      <Text>Mutluluk seviyesi</Text>
    </Row>
    <Row Tag="LOC_CULTURAL_IDENTITY_PER_TURN_RELIGION_MATCHING_FOUNDED">
      <Text>Kurduğunuz dini takip etmek [ICON_Religion] Din</Text>
    </Row>
    <Row Tag="LOC_CULTURAL_IDENTITY_PER_TURN_RELIGION_MISMATCHING_FOUNDED">
      <Text>Kurduğunuz dini takip etmemek [ICON_Religion] Din</Text>
    </Row>
    <Row Tag="LOC_CULTURAL_IDENTITY_PER_TURN_MODIFIERS">
      <Text>Diğer etkiler</Text>
    </Row>
    <Row Tag="LOC_CULTURAL_IDENTITY_PER_TURN_ORIGINAL_OWNERSHIP">
      <Text>Şehrin asıl sahibi olmak</Text>
    </Row>
    <Row Tag="LOC_CULTURAL_IDENTITY_PER_TURN_OWNERSHIP_BEFORE_OCCUPATION">
      <Text>İşgalden önce şehrin sahibi olmak</Text>
    </Row>
    <Row Tag="LOC_CULTURAL_IDENTITY_PER_TURN_FREE_CITIES">
      <Text>Bağımsızlık arzusu</Text>
    </Row>
    <Row Tag="LOC_CULTURAL_IDENTITY_PER_TURN_ALWAYS_LOYAL">
      <Text>Her zaman tamamen sadık</Text>
    </Row>
    <Row Tag="LOC_CULTURAL_IDENTITY_PER_TURN_NEARBY_CITIZEN_PRESSURE">
      <Text>Yakın çevrenin baskısı [ICON_Citizen] Vatandaşlar</Text>
    </Row>
    <Row Tag="LOC_CULTURAL_IDENTITY_PER_TURN_NEARBY_OWNED_CITIES">
      <Text>Yakındaki [ICON_Citizen] Vatandaşlar</Text>
    </Row>
    <Row Tag="LOC_CULTURAL_IDENTITY_PER_TURN_NEARBY_FOREIGN_CITIES">
      <Text>Yakındaki rakip [ICON_Citizen] Vatandaşlar</Text>
    </Row>
    <Row Tag="LOC_CULTURAL_IDENTITY_PER_TURN_NEARBY_OWNED_GOVERNORS">
      <Text>Yakın sahipli [ICON_Governor] Valiler</Text>
    </Row>
    <Row Tag="LOC_CULTURAL_IDENTITY_PER_TURN_NEARBY_FOREIGN_GOVERNORS">
      <Text>Yakındaki rakip Diplomat [ICON_Governor] Valiler</Text>
    </Row>
    <Row Tag="LOC_CULTURAL_IDENTITY_PRESSURE_OWNERSHIP">
      <Text>{1_IdentityPressureAmount} şehrin mülkiyetinden</Text>
    </Row>
    <Row Tag="LOC_CULTURAL_IDENTITY_PRESSURE_POPULATION">
      <Text>{1_IdentityPressureAmount} şehir vatandaşlarından [ICON_Citizen]</Text>
    </Row>
    <Row Tag="LOC_CULTURAL_IDENTITY_PRESSURE_AGES">
      <Text>{1_IdentityPressureAmount} Altın veya Karanlık Çağlardan</Text>
    </Row>
    <Row Tag="LOC_CULTURAL_IDENTITY_PRESSURE_GOVERNOR">
      <Text>{1_IdentityPressureAmount} Diplomat'tan [ICON_Governor] Vali</Text>
    </Row>
    <Row Tag="LOC_CULTURAL_IDENTITY_PRESSURE_MODIFIERS">
      <Text>{1_IdentityPressureAmount} diğer etkilerden</Text>
    </Row>
    <Row Tag="LOC_CULTURAL_IDENTITY_SOURCE_OWN_CITIES">
      <Text>Sizin [ICON_Citizen] 9 karo içindeki vatandaşlarınız</Text>
    </Row>
    <Row Tag="LOC_CULTURAL_IDENTITY_SOURCE_MARTIAL_LAW">
      <Text>Sıkıyönetim</Text>
    </Row>
    <Row Tag="LOC_CULTURAL_IDENTITY_SOURCE_OCCUPATION">
      <Text>[COLOR_RED]Meslek</Text>
    </Row>
    <Row Tag="LOC_CULTURAL_IDENTITY_SOURCE_TRADE_ROUTES">
      <Text>[ICON_TradeRoute] Ticaret Yolları</Text>
    </Row>
    <Row Tag="LOC_CULTURAL_IDENTITY_SOURCE_GOVERNOR">
      <Text>[ICON_Governor] Yerleşik Vali</Text>
    </Row>
    <Row Tag="LOC_CULTURAL_IDENTITY_SOURCE_BASE_DECAY">
      <Text>Temel Çürüme</Text>
    </Row>
    <Row Tag="LOC_CULTURAL_IDENTITY_SOURCE_HAPPINESS">
      <Text>Vatandaş Mutluluğu</Text>
    </Row>
    <Row Tag="LOC_CULTURAL_IDENTITY_SOURCE_UNHAPPINESS">
      <Text>[COLOR_RED]Vatandaş Mutsuzluğu</Text>
    </Row>
    <Row Tag="LOC_CULTURAL_IDENTITY_SOURCE_GOLDEN_AND_DARK_AGES">
      <Text>Altın ve Karanlık Çağlar</Text>
    </Row>
    <Row Tag="LOC_CULTURAL_IDENTITY_SOURCE_MISC">
      <Text>Diğer Değiştiriciler</Text>
    </Row>
    <Row Tag="LOC_CULTURAL_IDENTITY_SOURCE_INDEPENDENCE_DESIRE">
      <Text>[COLOR_RED]Genel huzursuzluk</Text>
    </Row>
    <Row Tag="LOC_CULTURAL_IDENTITY_SOURCE_FOREIGN_CITIES">
      <Text>[COLOR_RED]Diğer uygarlıkların [ICON_Citizen] 9 karo içindeki vatandaşları</Text>
    </Row>
    <Row Tag="LOC_CULTURAL_IDENTITY_SOURCE_STARVATION">
      <Text>[COLOR_RED]Şehir açlıktan ölüyor</Text>
    </Row>
    <Row Tag="LOC_CULTURAL_IDENTITY_SOURCE_ADDITIONAL">
      <Text>Ek Kaynaklar</Text>
    </Row>
    <Row Tag="LOC_CULTURAL_IDENTITY_LOYALTY_NO_GROWTH_PENALTY">
      <Text>Ceza Yok</Text>
    </Row>
    <Row Tag="LOC_HUD_CULTURAL_IDENTITY_LENS">
      <Text>Sadakat</Text>
    </Row>
    <Row Tag="LOC_HUD_CULTURAL_IDENTITY_LENS_TOOLTIP">
      <Text>Şehirlerin Sadakatini ve bunu etkileyen Sadakat kaynaklarını gösterin.</Text>
    </Row>
    <!-- Disloyal City UI -->
    <Row Tag="LOC_RAZE_CITY_LIBERATE_EXPLANATION">
      <!--New version of base game text used in conquer city UI popup, to describe Liberation effect on Loyalty-->
      <Text>Bir şehri özgürleştirmek, şehri önceki sahiplerinden birine geri verecek ve muhtemelen o uygarlığı oyuna geri getirecektir.[NEWLINE][NEWLINE]{1_WarmongerInfo}</Text>
    </Row>
    <Row Tag="LOC_DISLOYAL_CITY_HEADER">
      <Text>ŞEHİR İSYAN ETTİ</Text>
    </Row>
    <Row Tag="LOC_DISLOYAL_CITY_NAME_LABEL">
      <Text>Şehir Adı:</Text>
    </Row>
    <Row Tag="LOC_DISLOYAL_CITY_POPULATION_LABEL">
      <Text>Nüfus:</Text>
    </Row>
    <Row Tag="LOC_DISLOYAL_CITY_DISTRICTS_LABEL">
      <Text>Mevcut İlçe Sayısı:</Text>
    </Row>
    <Row Tag="LOC_DISLOYAL_CITY_CHOOSER_KEEP_BUTTON_LABEL">
      <Text>Şehirde Kal</Text>
    </Row>
    <Row Tag="LOC_DISLOYAL_CITY_CHOOSER_KEEP_EXPLANATION">
      <Text>Bu şehir sizde kalsın. İmparatorluğunuza katılan bu yeni vatandaşların Sadakatini güçlendirmek için buraya bir [ICON_Governor] Vali taşımak isteyebilirsiniz.</Text>
    </Row>
    <Row Tag="LOC_DISLOYAL_CITY_CHOOSER_REFUSE_BUTTON_LABEL">
      <Text>Çöp Şehri</Text>
    </Row>
    <Row Tag="LOC_DISLOYAL_CITY_CHOOSER_REFUSE_EXPLANATION">
      <Text>Bu şehrin imparatorluğunuza katılmasına izin vermeyi reddedin. Serbest Şehir olarak kalacaktır.[NEWLINE][NEWLINE]Bu şehir, şehirlerinizin ve valilerinizin Sadakat baskısına karşı bağışık olacak ve tekrar medeniyetinize katılmayı istemeyecektir. Yine de farklı bir uygarlık tarafından kazanılabilir.</Text>
    </Row>
    <Row Tag="LOC_CITY_YIELD_FROM_LOYALTY_TOOLTIP">
      <Text>{Değer : sayı +#;-#}% ({GerçekDeğer : sayı +#.#;-#.#}) from {1_LoyaltyLevelName}</Text>
    </Row>
    <Row Tag="LOC_CITY_YIELD_MODIFIER_PER_GOVERNOR_TITLE_TOOLTIP">
      <Text>{Değer : sayı +#;-#}% ({GerçekDeğer : sayı +#.#;-#.#}) from Hwarang ([ICON_Governor] Vali ile {1} {1 : plural 1?Promotion; other?Promotions;})</Text>
    </Row>
    <Row Tag="LOC_LOYALTY_LEVEL_3_NAME">
      <Text>Sadık</Text>
    </Row>
    <Row Tag="LOC_LOYALTY_LEVEL_2_NAME">
      <Text>Tereddütlü Sadakat</Text>
    </Row>
    <Row Tag="LOC_LOYALTY_LEVEL_1_NAME">
      <Text>Sadakatsiz</Text>
    </Row>
    <Row Tag="LOC_LOYALTY_LEVEL_0_NAME">
      <Text>Huzursuzluk</Text>
    </Row>
    <Row Tag="LOC_LOYALTY_LEVEL_3_DESCRIPTION">
      <Text>Vatandaşlar medeniyetinize sadıktır</Text>
    </Row>
    <Row Tag="LOC_LOYALTY_LEVEL_2_DESCRIPTION">
      <Text>Vatandaşların medeniyetinize olan sadakati azalıyor.</Text>
    </Row>
    <Row Tag="LOC_LOYALTY_LEVEL_1_DESCRIPTION">
      <Text>Vatandaşlar uygarlığınıza sadakatsizlik ediyor.</Text>
    </Row>
    <Row Tag="LOC_LOYALTY_LEVEL_0_DESCRIPTION">
      <Text>Vatandaşlar huzursuzluk içinde.</Text>
    </Row>
    <Row Tag="LOC_GLORY_SCORE_BREAKDOWN">
      <Text>{1_Icon}({2_Score}\{3_threshold})</Text>
    </Row>
    <!-- Resources -->
    <Row Tag="LOC_RESOURCE_AMBER_NAME">
      <Text>Amber</Text>
    </Row>
    <Row Tag="LOC_RESOURCE_OLIVES_NAME">
      <Text>Zeytinler</Text>
    </Row>
    <Row Tag="LOC_RESOURCE_TURTLES_NAME">
      <Text>Kaplumbağalar</Text>
    </Row>
    <!-- HUD -->
    <Row Tag="LOC_HUD_CITY_POPULATION_GRAPH_TOOLTIP">
      <Text>{1_Amount} {2_CivName} {1_Amount : plural 1?Citizen; other?Citizens;}</Text>
    </Row>
    <Row Tag="LOC_HUD_CITY_LOYALTY">
      <Text>{1_LoyaltyAmount} Sadakat ({2_LoyaltyPerTurn : sayı +#.#;-#.#} tur başına)</Text>
    </Row>
    <Row Tag="LOC_HUD_CITY_FULL_LOYALTY">
      <Text>Tam Sadakat</Text>
    </Row>
    <Row Tag="LOC_HUD_CITY_GAINING_LOYALTY">
      <Text>{1_Turns} {1_Turns : plural 1?turn; other?turns;}'te Tam Sadakat</Text>
    </Row>
    <Row Tag="LOC_HUD_CITY_LOSING_LOYALTY">
      <Text>{1_Turns} {1_Turns : plural 1?turn; other?turns;}'te İsyan</Text>
    </Row>
    <Row Tag="LOC_CITY_GET_UNIT_PRODUCTION_MODIFIER">
      <Text>{Değer : sayı +#.#;-#.#}% birimlere doğru</Text>
    </Row>
    <Row Tag="LOC_CITY_GET_BUILDING_PRODUCTION_MODIFIER">
      <Text>{Değer : sayı +#.#;-#.#}% binalara ve harikalara doğru</Text>
    </Row>
    <Row Tag="LOC_CITY_GET_BUILDING_NON_WONDER_PRODUCTION_MODIFIER">
      <Text>{Değer : sayı +#.#;-#.#}% binalara doğru</Text>
    </Row>
    <Row Tag="LOC_HUD_CITY_STABLE_LOYALTY">
      <Text>Vatandaş Sadakati değişmiyor</Text>
    </Row>
    <Row Tag="LOC_HUD_CITY_CULTURAL_EFFECT">
      <Text>Olumlu ya da olumsuz etki yok</Text>
    </Row>
    <Row Tag="LOC_HUD_CITY_GOVERNOR">
      <Text>Vali</Text>
    </Row>
    <Row Tag="LOC_HUD_CIVICS_TREE_AWARD_GOVERNOR">
      <Text>Ödüller 1 [Icon_Governor] Vali Unvanı</Text>
    </Row>
    <Row Tag="LOC_HUD_LAUNCHBAR_GOVERNOR_BUTTON">
      <Text>Valiler[NEWLINE][NEWLINE]Uygarlığınızdaki Valileri görüntüleyin veya yönetin [Icon_Governor].</Text>
    </Row>
    <Row Tag="LOC_HUD_LAUNCHBAR_HISTORIAN_BUTTON">
      <Text>Tarih Zaman Çizelgesi[NEWLINE][NEWLINE]Uygarlığınız tarafından gerçekleştirilen Tarihi Anların zaman çizelgesini görüntüleyin.</Text>
    </Row>
    <Row Tag="LOC_HUD_CITY_CULTURE_TOOLTIP">
      <Text>Sadakat ve Valiler</Text>
    </Row>
    <Row Tag="LOC_HUD_CITY_GOVERNOR_ESTABLISHED">
      <Text>Şehirde kurulmuştur</Text>
    </Row>
    <Row Tag="LOC_HUD_CITY_GOVERNOR_ASSIGNED_SPECIFIC">
      <Text>[ICON_Governor] Vali {1_GovernorName} şehre atandı</Text>
    </Row>
    <Row Tag="LOC_HUD_CITY_GOVERNOR_ESTABLISHED_SPECIFIC">
      <Text>[ICON_Governor] Şehirde kurulan Vali {1_GovernorName}</Text>
    </Row>
    <Row Tag="LOC_HUD_CITY_NO_GOVERNOR">
      <Text>Atanmış yok [ICON_Governor] Vali</Text>
    </Row>
    <Row Tag="LOC_HUD_CITY_NO_GOVERNOR_EFFECT">
      <Text>...</Text>
    </Row>
    <Row Tag="LOC_HUD_CITY_GOVERNOR_TURNS">
      <Text>{1_num} {1_Num : plural 1?turn; other?turns;}.</Text>
    </Row>
    <Row Tag="LOC_CITY_GOLD_FROM_POPULATION">
      <Text>{Değer : sayı +#.#;-#.#} ek vergilendirmeden</Text>
    </Row>
    <!-- Loyalty and Identity -->
    <Row Tag="LOC_LOYALTY_STATUS_LOYAL">
      <Text>[COLOR_GREEN]Sadık</Text>
    </Row>
    <Row Tag="LOC_LOYALTY_STATUS_DISLOYAL">
      <Text>[COLOR_RED]Sadakatsiz</Text>
    </Row>
    <Row Tag="LOC_LOYALTY_PER_TURN_STATUS_GAINING">
      <Text>[COLOR_GREEN][ICON_PressureUp] Yükseliyor</Text>
    </Row>
    <Row Tag="LOC_LOYALTY_PER_TURN_STATUS_STABLE">
      <Text>Kararlı</Text>
    </Row>
    <Row Tag="LOC_LOYALTY_PER_TURN_STATUS_LOSING">
      <Text>[COLOR_RED][ICON_PressureDown] Düşüyor</Text>
    </Row>
    <Row Tag="LOC_LOYALTY_EFFECT_NONE">
      <Text>Bu şehir size sadıktır ve hiçbir olumsuz etkisi yoktur.</Text>
    </Row>
    <Row Tag="LOC_LOYALTY_EFFECT_DANGER_OF_REBELLION_TO_PLAYER">
      <Text>[COLOR_RED]Sadakat 0'a düşerse, şehir isyan edecek ve burada en fazla Sadakat biriktirmiş olan {1_PlayerName}'e katılacaktır.</Text>
    </Row>
    <Row Tag="LOC_LOYALTY_EFFECT_DANGER_OF_REBELLION_TIED_PLAYERS">
      <Text>[COLOR_RED]Sadakat 0'a düşerse, şehir isyan eder ve burada en fazla Sadakat biriktirmiş olan diğer medeniyete katılır.</Text>
    </Row>
    <Row Tag="LOC_LOYALTY_GROWTH_AND_YIELD_EFFECTS_TEXT">
      <Text>Şehir Büyümesi {1_GrowthReduction}%[NEWLINE]Şehir Getirileri {2_YieldPercentage}% azaldı</Text>
    </Row>
    <!-- Emergency Text Blocks -->
    <Row Tag="LOC_EMERGENCY_PARTICIPANTS">
      <Text>KATILIMCILAR:</Text>
    </Row>
    <Row Tag="LOC_EMERGENCY_PENDING">
      <Text>Beklemede {1_TypeEmergency}</Text>
    </Row>
    <Row Tag="LOC_EMERGENCY_ONGOING">
      <Text>Devam ediyor {1_TypeEmergency}</Text>
    </Row>
    <Row Tag="LOC_EMERGENCY_COMPLETED">
      <Text>Tamamlandı {1_TypeEmergency}</Text>
    </Row>
    <Row Tag="LOC_EMERGENCY_TARGET">
      <Text>Hedef: {1_Target}</Text>
    </Row>
    <Row Tag="LOC_EMERGENCY_YOU_ARE_TARGET">
      <Text>Sen</Text>
    </Row>
    <Row Tag="LOC_EMERGENCY_JOIN">
      <Text>Kabul et</Text>
    </Row>
    <Row Tag="LOC_EMERGENCY_REJECT">
      <Text>Reddet</Text>
    </Row>
    <Row Tag="LOC_EMERGENCY_TURNS_REMAINING">
      <Text>[ICON_Turn] {1_Turns : plural 1?{1_Turns} Turn; other?{1_Turns} Turns;} Kalan</Text>
    </Row>
    <Row Tag="LOC_EMERGENCY_NO_TURNS_REMAINING">
      <Text>Bu Tur Sona Eriyor [ICON_Turn]</Text>
    </Row>
    <Row Tag="LOC_EMERGENCY_TURNS_OVER">
      <Text>Acil Durum Sona Erdi</Text>
    </Row>
    <Row Tag="LOC_EMERGENCY_BUFFS_EXPLANATION">
      <Text>Bu Acil Durum sırasında:</Text>
    </Row>
    <Row Tag="LOC_EMERGENCY_MEMBER_REWARDS_EXPLANATION">
      <Text>Eğer Üyeler başarılı olursa:</Text>
    </Row>
    <Row Tag="LOC_EMERGENCY_TARGET_REWARDS_EXPLANATION">
      <Text>Üyeler başarısız olursa:</Text>
    </Row>
    <Row Tag="LOC_EMERGENCY_MEMBERS_HAVE_WON_REWARDS">
      <Text>Üyelerin zaferi sayesinde:</Text>
    </Row>
    <Row Tag="LOC_EMERGENCY_TARGET_HAS_WON_REWARDS">
      <Text>Hedef'in zaferi nedeniyle:</Text>
    </Row>
    <Row Tag="LOC_EMERGENCY_COMPLETE_THESE_GOALS">
      <Text>Bu hedefleri tamamlayın:</Text>
    </Row>
    <Row Tag="LOC_EMERGENCY_PENDING_EXPLANATION">
      <Text>Bu Hedefe karşı bir Acil Duruma katılma şansınız var.[NEWLINE]([1][NEWLINE]Başarılı olursanız ödüllendirileceksiniz. Başarısız olursanız Hedef daha da güçlenir. Bu Acil Durumu Kabul Etmeli veya Reddetmelisiniz.</Text>
    </Row>
    <Row Tag="LOC_EMERGENCY_PENDING_EXPLANATION_DEFENDER">
      <Text>Size karşı Acil Durum ilan edildi![NEWLINE]{1_GoalsExplanation}[NEWLINE]Üyelerin bu hedefleri almasını başarıyla engellerseniz ödüllendirileceksiniz. Başarısız olursanız, Üyeler daha da güçlenecektir.</Text>
    </Row>
    <Row Tag="LOC_EMERGENCY_PENDING_SHORT_DESCRIPTION">
      <Text>BEKLEMEDE: KABUL ET VEYA REDDET</Text>
    </Row>
    <Row Tag="LOC_EMERGENCY_COMPLETE_MEMBERS_WIN">
      <Text>Üyeler Muzafferdir</Text>
    </Row>
    <Row Tag="LOC_EMERGENCY_COMPLETE_TARGET_WIN">
      <Text>Hedef Galip Geldi</Text>
    </Row>
    <Row Tag="LOC_EMERGENCY_MEMBER_GOLD_REWARD">
      <Text>Üye medeniyetler bir küp {1_Amount} [ICON_Gold] Altını paylaşırlar.</Text>
    </Row>
    <Row Tag="LOC_EMERGENCY_TARGET_GOLD_REWARD">
      <Text>Hedef [ICON_Gold] {1_Amount} alır Üye başına altın.</Text>
    </Row>
    <Row Tag="LOC_EMERGENCY_TARGET_BUFF_DESCRIPTION_IDENTITY_IN_CITY">
      <Text>Hedef, hedef şehirde her tur başına +20 Sadakat kazanır.</Text>
    </Row>
    <!-- |||||||||  Goal Specific                                                   ||||||||||||| -->
    <!-- |||||||||||||||||||||||||||||||||||||||||||||||||||||||||||||||||||||||||||||||||||||||| -->
    <Row Tag="LOC_EMERGENCY_GOAL_TENTATIVE_CAPTURE_CITIES">
      <Text>Acil Durum'a katılanların [ICON_Turn] {Turns} içindeki {TargetName} belirli şehirleri ele geçirmeleri gerekecektir. Dönüşler.</Text>
    </Row>
    <Row Tag="LOC_EMERGENCY_GOAL_TENTATIVE_CAPTURE_SPECIFIC_CITY">
      <Text>Acil Durum'a katılanların ([ICON_Turn] {Turns} içinde {TargetName}'ten {CityName} yakalamaları gerekecektir. Dönüşler.</Text>
    </Row>
    <Row Tag="LOC_EMERGENCY_GOAL_CAPTURE_CITIES">
      <Text>Acil Durum Üyeleri {TargetName}'den belirli şehirleri yakalamalıdır.</Text>
    </Row>
    <Row Tag="LOC_EMERGENCY_GOAL_CAPTURE_SPECIFIC_CITY">
      <Text>Acil Durum Üyeleri {TargetName}'ten {CityName}'ü yakalamalıdır.</Text>
    </Row>
    <Row Tag="LOC_EMERGENCY_GOAL_SHORT_CAPTURE_CITIES">
      <Text>Yakalama {1_CityName}</Text>
    </Row>
    <Row Tag="LOC_EMERGENCY_GOAL_SHORT_CAPTURE_CITIES_DEFENSE">
      <Text>Savun {1_CityName}</Text>
    </Row>
    <Row Tag="LOC_EMERGENCY_GOAL_LIST_CAPTURE_CITY_DEFENSE">
      <Text>Acil Durum'un sonuna kadar {1_CityName} savun.</Text>
    </Row>
    <Row Tag="LOC_EMERGENCY_GOAL_LIST_CAPTURE_CITIES">
      <Text>Acil Durum bitmeden önce {1_CityName} yakalayın.</Text>
    </Row>
    <!-- |||||||||||||||||||||||||||||||||||||||||||||||||||||||||||||||||||||||||||||||||||||||| -->
    <Row Tag="LOC_EMERGENCY_GOAL_TENTATIVE_UNCONVERT_CITY">
      <Text>Acil Durum'a katılanların {CityName}'in {TargetName}'nın Dinini takip etmesini {HalfTurns} bir sonraki [ICON_Turn] {Turns} için engellemesi gerekecektir. Dönüşler.</Text>
    </Row>
    <Row Tag="LOC_EMERGENCY_GOAL_UNCONVERT_CITY">
      <Text>Acil Durum Üyeleri {CityName}'ün {TargetName}'in [ICON_Turn] {HalfTurns} için Dinini takip etmesini engellemelidir Dönüşler.</Text>
    </Row>
    <Row Tag="LOC_EMERGENCY_GOAL_SHORT_UNCONVERT_CITY">
      <Text>Kınama {NewReligion}</Text>
    </Row>
    <Row Tag="LOC_EMERGENCY_GOAL_SHORT_UNCONVERT_CITY_DEFENSE">
      <Text>Savun {NewReligion}</Text>
    </Row>
    <Row Tag="LOC_EMERGENCY_GOAL_LIST_UNCONVERT_CITY_DEFENSE">
      <Text>{NewReligion}'ü {1_CityName}'te Baskın Din haline getirin.</Text>
    </Row>
    <Row Tag="LOC_EMERGENCY_GOAL_LIST_UNCONVERT_CITY">
      <Text>{NewReligion}'ün {1_CityName}'te Baskın Din olmasını önleyin.</Text>
    </Row>
    <!-- |||||||||||||||||||||||||||||||||||||||||||||||||||||||||||||||||||||||||||||||||||||||| -->
    <Row Tag="LOC_EMERGENCY_GOAL_TENTATIVE_LIBERATE_CITY">
      <Text>Acil Durum'a katılanların {CityName}'ü {TargetName}'in [ICON_Turn] {Turns} içindeki kontrolünden kurtarmaları gerekecektir. Dönüşler.</Text>
    </Row>
    <Row Tag="LOC_EMERGENCY_GOAL_LIBERATE_CITY">
      <Text>Acil Durum Üyeleri {CityName}'ü {TargetName}'ten kurtarmalıdır.</Text>
    </Row>
    <Row Tag="LOC_EMERGENCY_GOAL_SHORT_LIBERATE_CITY">
      <Text>Özgürleştir {1_CityName}</Text>
    </Row>
    <Row Tag="LOC_EMERGENCY_GOAL_SHORT_LIBERATE_CITY_DEFENSE">
      <Text>Savun {1_CityName}</Text>
    </Row>
    <Row Tag="LOC_EMERGENCY_GOAL_LIST_LIBERATE_CITY_DEFENSE">
      <Text>Acil Durum'un sonuna kadar {1_CityName} savun.</Text>
    </Row>
    <Row Tag="LOC_EMERGENCY_GOAL_LIST_LIBERATE_CITY">
      <Text>Acil Durum sona ermeden önce {1_CityName}'yi kurtarın.</Text>
    </Row>
    <!-- |||||||||  Emergency Specific                                              ||||||||||||| -->
    <!-- |||||||||||||||||||||||||||||||||||||||||||||||||||||||||||||||||||||||||||||||||||||||| -->
    <Row Tag="LOC_EMERGENCY_NAME_MILITARY">
      <Text>Askeri Acil Durum</Text>
    </Row>
    <Row Tag="LOC_EMERGENCY_FLAVOR_MILITARY">
      <Text>"Eğer birlik olmazsak, bu şehrin kaderi zaman içinde hepimizi bulacaktır."</Text>
    </Row>
    <Row Tag="LOC_EMERGENCY_DESCRIPTION_MILITARY">
      <Text>{TargetName}, dünya uygarlıklarının ön saflarında yer almasına rağmen {OldCityName}'i ele geçirmiştir. {TargetName}'nın kaçak başarısı büyük bir endişe konusudur.</Text>
    </Row>
    <Row Tag="LOC_EMERGENCY_EXTRA_EFFECTS_MILITARY">
      <Text>Buna ek olarak, tüm Üyeler birbirleriyle Barış, Açık Sınırlar ve Ortak Görünürlüğe sahip olacaktır.  Tüm Üyeler Hedef ile Savaşa girecektir.</Text>
    </Row>
    <Row Tag="LOC_EMERGENCY_MEMBER_BUFF_DESCRIPTION_MILITARY_MOVEMENT">
      <Text>Üye birimler Hedefin bölgesinde +1 [ICON_Movement] Hareket kazanır.</Text>
    </Row>
    <Row Tag="LOC_EMERGENCY_MEMBER_BUFF_DESCRIPTION_MILITARY_COMBAT_STRENGTH">
      <Text>Hedef birimler, Üye birimlerle savaşırken -2 [ICON_Strength] Savaşma Gücüne sahiptir.</Text>
    </Row>
    <Row Tag="LOC_EMERGENCY_MEMBER_REWARD_DESCRIPTION_MILITARY_INCREASED_HEALING">
      <Text>Üye birimler Hedefin bölgesinde +5 iyileştirme kazanır.</Text>
    </Row>
    <Row Tag="LOC_EMERGENCY_TARGET_REWARD_DESCRIPTION_MILITARY_CITY_STRIKE">
      <Text>Hedef, bir Şehir Saldırısı ile bir Üye birime saldırırken +2 [ICON_Strength] Savaş Gücü kazanır.</Text>
    </Row>
    <!-- |||||||||||||||||||||||||||||||||||||||||||||||||||||||||||||||||||||||||||||||||||||||| -->
    <Row Tag="LOC_EMERGENCY_MEMBER_BUFF_DESCRIPTION_SETTLEMENT_MOVEMENT">
      <Text>Üye birimler +1 [ICON_Movement] Hareket kazanır.</Text>
    </Row>
    <Row Tag="LOC_EMERGENCY_TARGET_BUFF_DESCRIPTION_SETTLEMENT_MOVEMENT">
      <Text>Hedef birimler +1 [ICON_Movement] Hareket kazanır.</Text>
    </Row>
    <Row Tag="LOC_EMERGENCY_MEMBER_REWARD_DESCRIPTION_SETTLEMENT_GOLD_PER_TURN">
      <Text>Üyeler tur başına +1 Altın kazanır.</Text>
    </Row>
    <Row Tag="LOC_EMERGENCY_TARGET_REWARD_DESCRIPTION_SETTLEMENT_GOLD_PER_TURN">
      <Text>Hedef tur başına +1 Altın kazanır.</Text>
    </Row>
    <!-- |||||||||||||||||||||||||||||||||||||||||||||||||||||||||||||||||||||||||||||||||||||||| -->
    <Row Tag="LOC_EMERGENCY_NAME_CITY_STATE">
      <Text>Şehir-Devlet Acil Durumu</Text>
    </Row>
    <Row Tag="LOC_EMERGENCY_FLAVOR_CITY_STATE">
      <Text>"Şehir Devletlerinin bağımsızlığına saygı duyuyoruz ve bu fethi görmezden gelmeyeceğiz."</Text>
    </Row>
    <Row Tag="LOC_EMERGENCY_DESCRIPTION_CITY_STATE">
      <Text>{TargetName}, {OldCityName}'i ele geçirdi.  {OldCityName}'nın fethi büyük bir endişe konusudur.</Text>
    </Row>
    <Row Tag="LOC_EMERGENCY_EXTRA_EFFECTS_CITY_STATE">
      <Text>Tüm Üyeler birbirleriyle Barış, Açık Sınırlar ve Ortak Görünürlüğe sahip olacaktır.  Tüm Üyeler Hedef ile Savaşa girecektir.</Text>
    </Row>
    <Row Tag="LOC_EMERGENCY_MEMBER_REWARD_DESCRIPTION_CITY_STATE_GOLD_PER_ENVOY">
      <Text>Üyeler her bir [ICON_Envoy] Elçileri için tur başına +1 [ICON_Gold] Altın kazanır.</Text>
    </Row>
    <Row Tag="LOC_EMERGENCY_TARGET_REWARD_DESCRIPTION_CITY_STATE_GOLD_FOR_TRADE_ROUTES">
      <Text>Şehir Devletlerine giden Hedef [ICON_TradeRoute] Ticaret Yolları tur başına +2 [ICON_Gold] Altın verir.</Text>
    </Row>
    <!-- |||||||||||||||||||||||||||||||||||||||||||||||||||||||||||||||||||||||||||||||||||||||| -->
    <Row Tag="LOC_EMERGENCY_NAME_RELIGIOUS">
      <Text>Dini Acil Durum</Text>
    </Row>
    <Row Tag="LOC_EMERGENCY_FLAVOR_RELIGIOUS">
      <Text>"İnananların çığlıkları göğe yükseliyor ve yeryüzünde haklı bir öfkeye kapılıyoruz."</Text>
    </Row>
    <Row Tag="LOC_EMERGENCY_DESCRIPTION_RELIGIOUS">
      <Text>{TargetName}, {OldReligion}'in Kutsal Şehri {OldCityName}'yi {NewReligion}'a dönüştürmüştür.  Görünen o ki {TargetName} dünyanın diğer büyük Dinleri ile barış içinde bir arada yaşamaya isteksizdir.</Text>
    </Row>
    <Row Tag="LOC_EMERGENCY_MEMBER_REWARD_DESCRIPTION_RELIGIOUS_RELICS">
      <Text>Her Üye bir Kalıntı kazanır.</Text>
    </Row>
    <Row Tag="LOC_EMERGENCY_TARGET_REWARD_DESCRIPTION_RELIGIOUS_PRESSURE">
      <Text>Hedefin Dini yakındaki tüm şehirlerde bir Basınç patlaması yaratır.</Text>
    </Row>
    <!-- |||||||||||||||||||||||||||||||||||||||||||||||||||||||||||||||||||||||||||||||||||||||| -->
    <Row Tag="LOC_EMERGENCY_NAME_SPYING">
      <Text>Casusluk Acil Durum</Text>
    </Row>
    <Row Tag="LOC_EMERGENCY_DESCRIPTION_SPYING">
      <Text>Herkes casusluk yapar, ama bu adam yakalandı!  Bu konuda bir şeyler yapalım!</Text>
    </Row>
    <Row Tag="LOC_EMERGENCY_GOAL_SPYING">
      <Text>Hedefin Operasyon yaptığı bir Şehirde Tuzak kurarak bir Hedef Spy'ı yakalayın.</Text>
    </Row>
    <Row Tag="LOC_EMERGENCY_MEMBER_BUFF_DESCRIPTION_SPYING_ACTION">
      <Text>Üye Casuslar, Üye Şehirlerde yeni bir eylem kazanır: Tuzak Kurmak.  Eğer bir Hedef Spy bu Şehirde bir Operasyona kalkışırsa, tuzağa yakalanır.</Text>
    </Row>
    <Row Tag="LOC_EMERGENCY_MEMBER_REWARD_DESCRIPTION_SPYING_SPY_KILLER">
      <Text>Yakalanan casus öldürülür.</Text>
    </Row>
    <Row Tag="LOC_EMERGENCY_MEMBER_REWARD_DESCRIPTION_SPYING_FORTITUDE">
      <Text>Hedefin Üye şehirlerdeki Casus Operasyonlarını tamamlaması daha zor olacaktır.</Text>
    </Row>
    <Row Tag="LOC_EMERGENCY_TARGET_REWARD_DESCRIPTION_SPYING_FREE_SPY">
      <Text>Hedef 1 ek Spy daha kazanır.</Text>
    </Row>
    <!-- |||||||||||||||||||||||||||||||||||||||||||||||||||||||||||||||||||||||||||||||||||||||| -->
    <Row Tag="LOC_EMERGENCY_NAME_NUCLEAR">
      <Text>Nükleer Acil Durum</Text>
    </Row>
    <Row Tag="LOC_EMERGENCY_FLAVOR_NUCLEAR">
      <Text>"İğrenç güçler, iğrenç amaçlar için kullanılıyor. Bir daha asla!"</Text>
    </Row>
    <Row Tag="LOC_EMERGENCY_DESCRIPTION_NUCLEAR">
      <Text>{TargetName} dünyanın en güçlü silahını kullandı ve nükleer cin şişeden çıktı. Yok oluşumuz yakın mı?</Text>
    </Row>
    <Row Tag="LOC_EMERGENCY_EXTRA_EFFECTS_NUCLEAR">
      <Text>Buna ek olarak, tüm Üyeler birbirleriyle Barış, Açık Sınırlar ve Ortak Görünürlüğe sahip olacaktır.  Tüm Üyeler Hedef ile Savaşa girecektir.</Text>
    </Row>
    <Row Tag="LOC_EMERGENCY_MEMBER_BUFF_DESCRIPTION_NUCLEAR_MOVEMENT">
      <Text>Üye birimler Hedefin bölgesinde +1 [ICON_Movement] hareket kazanır.</Text>
    </Row>
    <Row Tag="LOC_EMERGENCY_MEMBER_BUFF_DESCRIPTION_NUCLEAR_COMBAT_STRENGTH">
      <Text>Hedef birimler, Üye birimlerle savaşırken -2 [ICON_Strength] Savaşma Gücüne sahiptir</Text>
    </Row>
    <Row Tag="LOC_EMERGENCY_MEMBER_REWARD_DESCRIPTION_NUCLEAR_COMBAT_STRENGTH">
      <Text>Hedef birimler Üye birimlerle savaşırken -3 [ICON_Strength] Savaşma Gücüne sahiptir</Text>
    </Row>
    <Row Tag="LOC_EMERGENCY_TARGET_REWARD_DESCRIPTION_NUCLEAR_CULTURE_SCARE">
      <Text>Üye şehirler bir daha az Sadakat baskısı uygular.</Text>
    </Row>
    <!-- |||||||||||||||||||||||||||||||||||||||||||||||||||||||||||||||||||||||||||||||||||||||| -->
    <Row Tag="LOC_EMERGENCY_NAME_BACKSTAB">
      <Text>İhanet Acil Durum</Text>
    </Row>
    <Row Tag="LOC_EMERGENCY_FLAVOR_BACKSTAB">
      <Text>"Açık ve dürüst bir savaş, bu aldatıcı diplomasiden kesinlikle daha az nefret uyandırıcıdır."</Text>
    </Row>
    <Row Tag="LOC_EMERGENCY_DESCRIPTION_BACKSTAB">
      <Text>{TargetName} haince bir darbe vurarak uzun zamandır dostu olan {OldPlayerName}'e savaş ilan etti!  Görünüşe göre {TargetName}'nın saldırganlığından kimse güvende değil.</Text>
    </Row>
    <Row Tag="LOC_EMERGENCY_EXTRA_EFFECTS_BACKSTAB">
      <Text>Buna ek olarak, tüm Üyeler birbirleriyle Barış, Açık Sınırlar ve Ortak Görünürlüğe sahip olacaktır.  Tüm Üyeler Hedef ile Savaşa girecektir.</Text>
    </Row>
    <Row Tag="LOC_EMERGENCY_MEMBER_BUFF_DESCRIPTION_BACKSTAB_MOVEMENT">
      <Text>Üye birimler Hedefin bölgesinde +1 [ICON_Movement] hareket kazanır.</Text>
    </Row>
    <Row Tag="LOC_EMERGENCY_MEMBER_BUFF_DESCRIPTION_BACKSTAB_COMBAT_STRENGTH">
      <Text>Hedef birimler Üye birimlerle savaşırken -3 [ICON_Strength] Savaşma Gücüne sahiptir</Text>
    </Row>
    <Row Tag="LOC_EMERGENCY_MEMBER_BUFF_DESCRIPTION_BACKSTAB_CANCEL_TRADE_ROUTES">
      <Text>Üyeler ve Hedef arasındaki tüm Ticaret Yolları iptal edilir.</Text>
    </Row>
    <Row Tag="LOC_EMERGENCY_MEMBER_BUFF_DESCRIPTION_BACKSTAB_TRADING">
      <Text>Üyeler arasındaki tüm Ticaret Yolları +2 [ICON_Production] Üretim hakkı verir.</Text>
    </Row>
    <Row Tag="LOC_EMERGENCY_MEMBER_REWARD_DESCRIPTION_MILITARY_COMBAT_STRENGTH">
      <Text>Hedef birimler Üye birimlerle savaşırken -3 [ICON_Strength] Savaşma Gücüne sahiptir</Text>
    </Row>
    <Row Tag="LOC_EMERGENCY_TARGET_REWARD_DESCRIPTION_MILITARY_WAR_WEARINESS">
      <Text>Hedef, Üyelerle savaş halindeyken daha az Savaş Yorgunluğu alacaktır.</Text>
    </Row>
    <Row Tag="LOC_EMERGENCY_TAB_COMPLETED">
      <Text>Tamamlandı</Text>
    </Row>
    <!-- |||||||||||||||||||||||||||||||||||||||||||||||||||||||||||||||||||||||||||||||||||||||| -->
    <!--Spy-->
    <Row Tag="LOC_UNITOPERATION_SPY_FABRICATE_SCANDAL_DESCRIPTION">
      <Text>Uydurma Skandal</Text>
    </Row>
    <Row Tag="LOC_UNITOPERATION_SPY_FOMENT_UNREST_DESCRIPTION">
      <Text>Huzursuzluk Çıkarmak</Text>
    </Row>
    <Row Tag="LOC_UNITOPERATION_SPY_NEUTRALIZE_GOVERNOR_DESCRIPTION">
      <Text>Vali'yi etkisiz hale getirin</Text>
    </Row>
    <Row Tag="LOC_ESPIONAGE_FABRIRCATE_SCANDAL_REWARD">
      <Text>Düşman Elçilerinin uzaklaştırılması</Text>
    </Row>
    <Row Tag="LOC_ESPIONAGE_FOMENT_UNREST_REWARD">
      <Text>Sadakati azaltmak ve Sadakatimizi artırmak</Text>
    </Row>
    <Row Tag="LOC_ESPIONAGE_NEUTRALIZE_GOVERNOR_REWARD">
      <Text>düşmanı etkisiz hale getirmek [ICON_Governor] Vali</Text>
    </Row>
    <Row Tag="LOC_SPYMISSIONDETAILS_UNITOPERATION_SPY_FABRICATE_SCANDAL">
      <Text>En iyi rakipleri kaybetmeye zorlamak {1_EnvoyString}</Text>
    </Row>
    <Row Tag="LOC_SPYMISSIONDETAILS_UNITOPERATION_SPY_FOMENT_UNREST">
      <Text>Düşman Sadakatini {1_LoyaltyString} kadar azaltın</Text>
    </Row>
    <Row Tag="LOC_SPYMISSIONDETAILS_UNITOPERATION_SPY_NEUTRALIZE_GOVERNOR">
      <Text>Düşman [ICON_Governor] Vali'yi {1_TurnString} için görevden alın</Text>
    </Row>
    <Row Tag="LOC_ESPIONAGE_FABRICATE_SCANDAL_ESTIMATE">
      <Text>{1_Amount} [ICON_Envoy] Elçiler</Text>
    </Row>
    <Row Tag="LOC_ESPIONAGE_FOMENT_UNREST_ESTIMATE">
      <Text>{1_Amount}</Text>
    </Row>
    <Row Tag="LOC_ESPIONAGE_NEUTRALIZE_GOVERNOR_ESTIMATE">
      <Text>{1_Amount} döner</Text>
    </Row>
    <Row Tag="LOC_PROMOTION_SPY_SMEAR_CAMPAIGN_NAME">
      <Text>Karalama Kampanyası</Text>
    </Row>
    <Row Tag="LOC_PROMOTION_SPY_COVERT_ACTION_NAME">
      <Text>Gizli Eylem</Text>
    </Row>
    <Row Tag="LOC_PROMOTION_SPY_LICENSE_TO_KILL_NAME">
      <Text>Öldürme Lisansı</Text>
    </Row>
    <Row Tag="LOC_PROMOTION_SPY_SMEAR_CAMPAIGN_DESCRIPTION">
      <Text>Skandal'ı 2 seviye daha deneyimliymiş gibi uydurun.</Text>
    </Row>
    <Row Tag="LOC_PROMOTION_SPY_COVERT_ACTION_DESCRIPTION">
      <Text>Huzursuzluk Yarat sanki 2 seviye daha tecrübeliymiş gibi.</Text>
    </Row>
    <Row Tag="LOC_PROMOTION_SPY_LICENSE_TO_KILL_DESCRIPTION">
      <Text>Vali'yi 2 seviye daha tecrübeliymiş gibi etkisiz hale getirin.</Text>
    </Row>
    <!--Diplomacy modifiers-->
    <Row Tag="LOC_TOOLTIP_SAMPLE_DIPLOMACY_BROKEN_PLEDGE">
      <Text>Askerlerini sınırdan çekme taahhüdünü bozdu</Text>
    </Row>
    <Row Tag="LOC_TOOLTIP_SAMPLE_DIPLOMACY_KEPT_PLEDGE">
      <Text>Askerleri sınırlarından çekme sözünü tuttu</Text>
    </Row>
    <Row Tag="LOC_TOOLTIP_SAMPLE_DIPLOMACY_NO_PLEDGE">
      <Text>Birliklerin taşınması için söz vermemeye karar verdi</Text>
    </Row>
    <!--OPERATIONS AND COMMANDS TEXT-->
    <Row Tag="LOC_UNITCOMMAND_PARADROP_DESCRIPTION">
      <Text>Paradrop</Text>
    </Row>
    <Row Tag="LOC_UNITCOMMAND_PARADROP_FAILURE_IN_ZOC">
      <Text>Düşman Kontrol Bölgesinde</Text>
    </Row>
    <Row Tag="LOC_UNITCOMMAND_PARADROP_FAILURE_FRIENDLY_TERRITORY">
      <Text>Dost bölgede veya bir Hava Pisti veya Havaalanına bitişik olmalıdır.</Text>
    </Row>
    <Row Tag="LOC_UNITCOMMAND_PARADROP_FAILURE_REQUIRES_FULL_MOVEMENT">
      <Text>Tam hareket gerektirir</Text>
    </Row>
    <Row Tag="LOC_UNITCOMMAND_PROJECT_PRODUCTION_DESCRIPTION">
      <Text>Bir projeye [ICON_Production] Üretim ekleyin.  Her turda şehir başına yalnızca bir kez.</Text>
    </Row>
    <Row Tag="LOC_UNITCOMMAND_PRIORITY_TARGET_DESCRIPTION">
      <Text>Öncelikli Hedef</Text>
    </Row>
    <Row Tag="LOC_GOVERNOR_IDENTITY_PRESSURE">
      <Text>Tur başına sadakat</Text>
    </Row>
    <Row Tag="LOC_GOVERNOR_DETAILS_TURNS_TO_ESTABLISH">
      <Text>Kuruluşa Dönüyor</Text>
    </Row>
    <Row Tag="LOC_GOVERNOR_IDENTITY_PRESSURE_TOOLTIP">
      <Text>Bu Valinin şehre sağladığı, uygarlığınıza yönelik tur başına Sadakat miktarı.</Text>
    </Row>
    <Row Tag="LOC_GOVERNOR_TRANSITION_STRENGTH">
      <Text>Geçiş Gücü</Text>
    </Row>
    <Row Tag="LOC_GOVERNOR_TRANSITION_STRENGTH_TOOLTIP">
      <Text>Bu valinin bir şehirde yerleşik hale gelme hızı.</Text>
    </Row>
    <Row Tag="LOC_GOVERNOR_ASSIGN_GOVERNOR_TO">
      <Text>Valiyi atayın...</Text>
    </Row>
    <Row Tag="LOC_GOVERNOR_SELECT_A_CITY">
      <Text>Bir şehir seçin...</Text>
    </Row>
    <Row Tag="LOC_GOVERNOR_NO_PREVIOUS_GOVERNOR">
      <Text>Önceki Vali Yok</Text>
    </Row>
    <Row Tag="LOC_GOVERNOR_TURNS_TO_ESTABLISH">
      <Text>Vali kurulmadan önceki dönüş sayısı.</Text>
    </Row>
    <Row Tag="LOC_GOVERNOR_SKILL_TREE">
      <Text>Beceri Ağacı</Text>
    </Row>
    <Row Tag="LOC_GOVERNOR_PROMOTE">
      <Text>Teşvik etmek</Text>
    </Row>
    <Row Tag="LOC_GOVERNORS_SCREEN_BUTTON_ASSIGN_GOVERNOR">
      <Text>Atama</Text>
    </Row>
    <Row Tag="LOC_GOVERNORS_SCREEN_BUTTON_REASSIGN_GOVERNOR">
      <Text>Yeniden atama</Text>
    </Row>
    <Row Tag="LOC_GOVERNORS_SCREEN_ABILITIES">
      <Text>YETENEKLER</Text>
    </Row>
    <Row Tag="LOC_GOVERNORS_SCREEN_GOVERNOR_ABILITIES">
      <Text>VALİ YETENEKLERİ</Text>
    </Row>
    <Row Tag="LOC_GOVERNORS_SCREEN_GOVERNOR_ABILITIES_SUBTEXT">
      <Text>Vali Unvanlarını Promosyonlara Harcayın</Text>
    </Row>
    <Row Tag="LOC_GOVERNOR_GOVERNOR_TITLES">
      <Text>Vali Unvanları: {1_PointsAvailable}</Text>
    </Row>
    <Row Tag="LOC_GOVERNOR_GOVERNOR_TITLES_AVAILABLE">
      <Text>MEVCUT VALI BAŞLIKLARI: {1_PointsAvailable}</Text>
    </Row>
    <Row Tag="LOC_GOVERNOR_GOVERNOR_TITLES_SPENT">
      <Text>HARCANAN: {1_PointsSpent}</Text>
    </Row>
    <Row Tag="LOC_HISTORY_TIMELINE_TITLE">
      <Text>{1_PlayerCiv} Tarihçesi</Text>
    </Row>
    <Row Tag="LOC_HISTORY_NEW_MOMENT">
      <Text>{1_PlayerCiv} Tarih Yazıyor</Text>
    </Row>
    <Row Tag="LOC_HISTORY_MOMENT_EFFECTS">
      <Text>{1_MomentDate}    | Dönüş {2_MomentTurn}    | {3_MomentScore} Dönem Puanı</Text>
    </Row>
    <Row Tag="LOC_HISTORY_MOMENT_EFFECTS_NO_SCORE">
      <Text>{1_MomentDate}    | Dönüş {2_MomentTurn}</Text>
    </Row>
    <Row Tag="LOC_CULTURAL_IDENTITY_LOYALTY_PERCENTAGE">
      <Text>Sadakat: {1_CurrentLoyalty}\{2_MaxLoyalty} ({3_LoyaltyIcon}{4_LoyaltyPerTurn})</Text>
    </Row>
    <Row Tag="LOC_CULTURAL_IDENTITY_POSITIVE_PRESSURE">
      <Text>+{1_Value}</Text>
    </Row>
    <Row Tag="LOC_CULTURAL_IDENTITY_GOVERNORS_PRESSURE_TOOLTIP">
      <Text>[ICON_Governor] Vali buraya yerleştirildi</Text>
    </Row>
    <Row Tag="LOC_CULTURAL_IDENTITY_MY_CITIES_PRESSURE_TOOLTIP">
      <Text>Sahibinin [ICON_Citizen] 9 karo içindeki vatandaşları</Text>
    </Row>
    <Row Tag="LOC_CULTURAL_IDENTITY_THEIR_CITIES_PRESSURE_TOOLTIP">
      <Text>Diğer uygarlıkların [ICON_Citizen] 9 karo içindeki vatandaşları</Text>
    </Row>
    <Row Tag="LOC_CULTURAL_IDENTITY_INDEPENDENCE_PRESSURE_TOOLTIP">
      <Text>Bağımsızlık arzusu</Text>
    </Row>
    <Row Tag="LOC_CULTURAL_IDENTITY_HAPPINESS_PRESSURE_TOOLTIP">
      <Text>Mutluluk seviyesi</Text>
    </Row>
    <Row Tag="LOC_CULTURAL_IDENTITY_OTHER_PRESSURE_TOOLTIP">
      <Text>Diğer etkiler burada</Text>
    </Row>
    <Row Tag="LOC_CULTURAL_IDENTITY_CITY_STATES_PRESSURE_TOOLTIP">
      <Text>Şehir-Devlet olarak temel güç</Text>
    </Row>
    <Row Tag="LOC_CULTURAL_IDENTITY_FREE_CITIES_PRESSURE_TOOLTIP">
      <Text>Serbest Şehir olarak temel güç</Text>
    </Row>
    <Row Tag="LOC_CULTURAL_IDENTITY_POPULATION_PRESSURE_TOOLTIP">
      <Text>Yakın çevrenin baskısı [ICON_Citizen] Vatandaşlar</Text>
    </Row>
    <Row Tag="LOC_CULTURAL_IDENTITY_POPULATION_PRESSURE_TOOLTIP_MAJOR_CIVS">
      <Text>Şehrin sahibine ait yakındaki [ICON_Citizen] Vatandaşlardan ve farklı bir medeniyete ait yakındaki [ICON_Citizen] Vatandaşlardan gelen baskının karşılaştırılmasına bağlı olarak +20 ila -20 arasında değişir. [NEWLINE][ICON_Bullet]Normalde [ICON_Citizen] Vatandaş başına 1 Baskı[NEWLINE][ICON_BULLET]Başkentte [ICON_Capital] artırılır[NEWLINE][ICON_BULLET]Altın Çağ, Karanlık Çağ ve Ekmek ve Sirkler şehir projesinden etkilenebilir[NEWLINE][ICON_BULLET]9 karo içindeki diğer şehirler için de geçerlidir, ancak karo başına %10 daha az etkilidir</Text>
    </Row>
    <Row Tag="LOC_CULTURAL_IDENTITY_POPULATION_PRESSURE_TOOLTIP_MINOR_CIVS">
      <Text>Şehrin sahibine ait yakındaki [ICON_Citizen] Vatandaşlardan ve farklı bir medeniyete ait yakındaki [ICON_Citizen] Vatandaşlardan gelen baskının karşılaştırılmasına dayalı olarak +20 ila -20 arasında değişir. [NEWLINE][ICON_Bullet]Normalde [ICON_Citizen] Vatandaş başına 1 Baskı [NEWLINE][ICON_BULLET]Başkentte [ICON_Capital] Arttı</Text>
    </Row>
    <!-- Dedications-->
    <Row Tag="LOC_TECH_BOOST_DEDICATION_NOTIFICATION">
      <Text>Bir [ICON_TechBoosted] Eureka tetiklediniz.</Text>
    </Row>
    <Row Tag="LOC_CIVIC_BOOST_DEDICATION_NOTIFICATION">
      <Text>Bir [ICON_CivicBoosted] İlhamı tetiklediniz.</Text>
    </Row>
    <Row Tag="LOC_RELIGIOUS_CONVERSION_DEDICATION_NOTIFICATION">
      <Text>Bir şehri ilk kez kendi kurduğunuz Dine dönüştürdünüz.</Text>
    </Row>
    <Row Tag="LOC_DISTRICT_COMPLETION_DEDICATION_NOTIFICATION">
      <Text>Yeni bir Bölge inşa ettiniz.</Text>
    </Row>
    <Row Tag="LOC_TRADE_ROUTE_DEDICATION_NOTIFICATION">
      <Text>Bir [ICON_TradeRoute] Ticaret Rotasını tamamladınız.</Text>
    </Row>
    <Row Tag="LOC_MAP_DISCOVERY_DEDICATION_NOTIFICATION">
      <Text>Yeni bir Kıta veya Doğa Harikası keşfettiniz.</Text>
    </Row>
    <Row Tag="LOC_CORPS_KILL_DEDICATION_NOTIFICATION">
      <Text>Bir birliği yok ettiniz.</Text>
    </Row>
    <Row Tag="LOC_ARMY_KILL_DEDICATION_NOTIFICATION">
      <Text>Bir orduyu yok ettiniz.</Text>
    </Row>
    <Row Tag="LOC_NAVAL_UNIT_KILL_DEDICATION_NOTIFICATION">
      <Text>Barbar olmayan bir donanma birimini yok ettiniz.</Text>
    </Row>
    <Row Tag="LOC_SCIENCE_BUILDING_DEDICATION_NOTIFICATION">
      <Text>Temel verim olarak [ICON_Science] Bilim sağlayan bir bina inşa ettiniz.</Text>
    </Row>
    <Row Tag="LOC_CULTURE_BUILDING_DEDICATION_NOTIFICATION">
      <Text>Büyük İş yuvasına sahip bir bina inşa ettiniz.</Text>
    </Row>
    <Row Tag="LOC_INDUSTRIAL_BUILDING_DEDICATION_NOTIFICATION">
      <Text>Sanayi Dönemi veya sonrasına ait bir bina inşa ettiniz.</Text>
    </Row>
    <Row Tag="LOC_AERODROME_BUILDING_DEDICATION_NOTIFICATION">
      <Text>Aerodrome bölgesinde bir bina inşa ettiniz.</Text>
    </Row>
    <Row Tag="LOC_SPY_MISSION_DEDICATION_NOTIFICATION">
      <Text>Başarılı bir saldırgan casus operasyonunu tamamladınız.</Text>
    </Row>
    <Row Tag="LOC_ARTIFACT_EXTRACTION_DEDICATION_NOTIFICATION">
      <Text>Bir [ICON_GreatWork_Artifact] Artefakt çıkardınız.</Text>
    </Row>
    <Row Tag="LOC_GREATPERSON_EARNED_NOTIFICATION">
      <Text>Bir [ICON_GreatPerson] Büyük Kişi kazandınız.</Text>
    </Row>
    <!-- Scoring -->
    <Row Tag="LOC_CATEGORY_ERA_SCORE_NAME">
      <Text>Dönem Puanı</Text>
    </Row>
    <Row Tag="LOC_CITY_STATE_PANEL_HAS_AMBASSADOR_TOOLTIP">
      <Text>Diplomat [ICON_Governor] Valilerini bu şehir devletine atamış olan medeniyetler:</Text>
    </Row>
    <Row Tag="LOC_CITY_STATE_PANEL_HAS_AMBASSADOR_TOOLTIP_ENTRY">
      <Text>[NEWLINE][ICON_Bullet]{1_CivName} ({2_PlayerName})</Text>
    </Row>
    <Row Tag="LOC_CITY_STATE_PANEL_HAS_AMBASSADOR_TOOLTIP_ENTRY_UNMET">
      <Text>[NEWLINE][ICON_Bullet]{1_CivName}</Text>
    </Row>
    <Row Tag="LOC_CITY_STATE_PANEL_CIV_AMBASSADOR_TOOLTIP">
      <Text>{1_CivName} bu şehir devletine bir Diplomat atadı.</Text>
    </Row>
    <Row Tag="LOC_CITY_BANNER_HAS_AMBASSADOR_TOOLTIP_ENTRY_LIMITED">
      <Text>[NEWLINE][ICON_Bullet]{1_CivName} ({2_PlayerName})</Text>
    </Row>
    <Row Tag="LOC_CITY_BANNER_HAS_AMBASSADOR_TOOLTIP_ENTRY_FULL">
      <Text>[NEWLINE][ICON_Bullet]{1_CivName} ({2_PlayerName}) - {3_EstablishInfo}</Text>
    </Row>
    <Row Tag="LOC_GOVERNMENT_INHERENT_BONUS">
      <Text>Doğal bonus</Text>
    </Row>
    <Row Tag="LOC_GOVERNMENT_ACCUMULATED_BONUS">
      <Text>Miras bonusu</Text>
    </Row>
    <Row Tag="LOC_TECH_SCIENTIFIC_THEORY_DESCRIPTION">
      <Text>Araştırma Anlaşması diplomatik eylemine izin verir. +1 [ICON_Food] Plantasyon iyileştirmesinden gelen gıda.</Text>
    </Row>
    <Row Tag="LOC_GAME_MENU_NEW_FEATURES">
      <Text>Yeni Özellikler</Text>
    </Row>
    <Row Tag="LOC_GAME_MENU_NEW_FEATURES_TOOLTIP">
      <Text>Mevcut genişlemedeki yeni özellikleri gözden geçirin.</Text>
    </Row>
    <Row Tag="LOC_XP1_INTRO_NEXT">
      <Text>Sonraki</Text>
    </Row>
    <Row Tag="LOC_XP1_INTRO_PREVIOUS">
      <Text>Önceki</Text>
    </Row>
    <Row Tag="LOC_XP1_INTRO_CONTINUE">
      <Text>Devam et</Text>
    </Row>
    <Row Tag="LOC_XP_INTRO_HIDETHIS">
      <Text>Bunu bir daha gösterme.</Text>
    </Row>
    <Row Tag="LOC_END_GAME_MENU_HISTORIAN_BUTTON">
      <Text>Zaman Çizelgesini Görüntüle</Text>
    </Row>
    <Row Tag="LOC_END_GAME_MENU_EXPORT_HISTORIAN_BUTTON">
      <Text>Zaman Çizelgesini Dışa Aktar</Text>
    </Row>
    <Row Tag="LOC_LOYALTY_CITY_IS_LOYAL_TO_TT">
      <Text>Şehir {1_CivName}'ye Sadıktır</Text>
    </Row>
    <Row Tag="LOC_LOYALTY_CITY_WILL_FALL_TO_TT">
      <Text>Sadakat 0'a ulaştığında şehir {1_CivName}'ye düşecektir</Text>
    </Row>
    <Row Tag="LOC_LOYALTY_IS_RISING_BY_X_TT">
      <Text>{1_CivName}'e olan sadakat her turda {2_PointsPerTurn} {2_PointsPerTurn : plural 1?point; other?points;} yükseliyor</Text>
    </Row>
    <Row Tag="LOC_LOYALTY_IS_DROPPING_BY_X_TT">
      <Text>{1_CivName}'e sadakat her turda {2_PointsPerTurn} {2_PointsPerTurn : plural 1?point; other?points;} düşüyor</Text>
    </Row>
    <Row Tag="LOC_LOYALTY_IS_NOT_CHANGING_TT">
      <Text>{1_CivName}'ye olan sadakat bir sonraki turda değişmeyecek</Text>
    </Row>
    <Row Tag="LOC_LOYALTY_STATUS_TT">
      <Text>{1_LoyaltyIcon} BAĞLILIK {2_CurrentLoyalty}\{3_MaxLoyalty}[NEWLINE]Durum: {4_LoyaltyStatus}</Text>
    </Row>
    <Row Tag="LOC_TECH_TREE_ALLIANCE_TT">
      <Text>Tur başına [ICON_Science] Bilim artışı sağlamak için Araştırma Müttefikinizle aynı Teknolojiyi aktif olarak araştırın.</Text>
    </Row>
    <Row Tag="LOC_TECH_TREE_ALLIANCE_BONUS_TT">
      <Text>3. Seviye Araştırma İttifakı Bilim Bonusu almak. [NEWLINE]Araştırma Müttefikinizle aynı Teknolojiyi araştırmak, tur başına [ICON_Science] Bilim artışı sağlar.</Text>
    </Row>
    <Row Tag="LOC_LOYALTY_MAX_LOYALTY_TT">
      <Text>Şehir tamamen Sadık ve her turda Sadakat kazanıyor</Text>
    </Row>
    <Row Tag="LOC_LOYALTY_NO_CHANGE_TT">
      <Text>Değişiklik yok</Text>
    </Row>
    <Row Tag="LOC_LOYALTY_RISING_LOYALTY_TT">
      <Text>Yükselen {1_LoyaltyPerTurn}</Text>
    </Row>
    <Row Tag="LOC_LOYALTY_FALLING_LOYALTY_TT">
      <Text>Düşüyor {1_LoyaltyPerTurn}</Text>
    </Row>
    <!-- Replay DataSets -->
    <Row Tag="LOC_REPLAYDATASET_ERASCORE_NAME">
      <Text>Tur başına Dönem Puanı</Text>
    </Row>
    <Row Tag="LOC_REPLAYDATASET_GOVERNORS_NAME">
      <Text>Toplam Valiler</Text>
    </Row>
    <Row Tag="LOC_REPLAYDATASET_GOVERNORTITLES_NAME">
      <Text>Toplam Vali Unvanları</Text>
    </Row>
    <Row Tag="LOC_GOVT_FILTER_DARK">
      <Text>Karanlık</Text>
    </Row>
    <Row Tag="LOC_IMPROVEMENT_FISHERY_NAME">
      <Text>Balıkçılık</Text>
    </Row>
    <Row Tag="LOC_IMPROVEMENT_FISHERY_DESCRIPTION">
      <Text>Su Ürünleri Yetiştiriciliği promosyonuna sahip bir Sörveyör Valiye sahip bir şehirde inşa edilebilen [ICON_Governor] Valiye özgü bir iyileştirme. 1 [ICON_Food] Yiyecek, bir deniz kaynağına bitişikse +1 ilave [ICON_Food] Yiyecek verir. Bir kıyı arsası üzerine inşa edilmelidir.</Text>
    </Row>
    <Row Tag="LOC_IMPROVEMENT_CITY_PARK_NAME">
      <Text>Şehir Parkı</Text>
    </Row>
    <Row Tag="LOC_IMPROVEMENT_CITY_PARK_DESCRIPTION">
      <Text>Bir [ICON_Governor] Vali, Parklar ve Rekreasyon promosyonu ile bir Sörveyör Vali ile bir şehirde inşa edilebilecek benzersiz bir iyileştirme. 2 Cazibe ve 1 [ICON_Culture] Kültür kazandırır. Suya bitişikse +1 [ICON_Amenities] Çevre. Başka bir Şehir Parkına bitişik olamaz.</Text>
    </Row>
    <!-- MISC -->
    <Row Tag="LOC_CIVILIZATION_NOT_ABLE_TO_DECLARE_SURPRISE_WAR">
      <Text>Uygarlığınız sürpriz bir savaş ilan edemez; buna bir Şehir Devletine savaş ilan etmek de dahildir.</Text>
    </Row>
    <Row Tag="LOC_LEADER_TRAIT_JERUSALEM_DESCRIPTION_EXPANSION">
      <Text>Kutsal Alanlara sahip şehirleriniz Kutsal Şehirlermiş gibi baskı uygular (10 karo içindeki tüm şehirler üzerinde 4 kat Din baskısı).</Text>
    </Row>
    <!-- Type Traits-->
    <Row Tag="LOC_TYPE_TRAIT_GOVERNOR_POINTS">
      <Text>{1_Amount: number +#,###.#;-#,###.#} [ICON_STAT_GOVERNOR] Vali Puanları</Text>
    </Row>
    <Row Tag="LOC_TYPE_TRAIT_GOVERNOR_POINTS_WITH_REQUIREMENT">
      <Text>{1_Amount: number +#,###.#;-#,###.#} [ICON_STAT_GOVERNOR] Vali Puanları (requires {2_TechOrCivicName})</Text>
    </Row>
    <Row Tag="LOC_TYPE_TRAIT_REQUIRES_GOVERNMENT_TIER">
      <Text>Gerekli Devlet Kademesi: {1_GovernmentTier}</Text>
    </Row>
  </EnglishText>
</GameData>