﻿<?xml version="1.0" encoding="utf-8"?>
<!-- edited with XMLSPY v2004 rel. 2 U (http://www.xmlspy.com) by Ed Beach (Firaxis Games) -->
<GameData>
  <EnglishText>
    <!-- Buildings-->
    <Row Tag="LOC_BUILDING_SCENARIO_LIGHTHOUSE_DESCRIPTION">
      <Text>+1 [ICON_FOOD] Bu sehir için tüm Sahil karolarinda yiyecek.</Text>
    </Row>
    <Row Tag="LOC_BUILDING_SCENARIO_TEMPLE_DESCRIPTION">
      <Text>Burada egitim gören dini birimler ek bir terfi alirlar.</Text>
    </Row>
    <Row Tag="LOC_BUILDING_SCENARIO_SHIPYARD_DESCRIPTION">
      <Text>Bonus [ICON_Production] Liman bölgesinin bitisiklik bonusuna esit üretim.</Text>
    </Row>
    <Row Tag="LOC_BUILDING_SCENARIO_MOSQUE_DESCRIPTION">
      <Text>Burada olusturulan Misyoner ve Kesis birimleri +1 Yayilma özelligine sahiptir.</Text>
    </Row>
    <Row Tag="LOC_BUILDING_SCENARIO_PAGODA_DESCRIPTION">
      <Text>Burada yaratilan Rahip birimleri +1 Sapkinligi Kaldirma ve burada egitilen Guru birimleri için +1 Iyilestirme Yükü'ne sahiptir.</Text>
    </Row>
    <Row Tag="LOC_BUILDING_SCENARIO_MAHABODHI_TEMPLE_DESCRIPTION">
      <Text>Tamamlandiginda rastgele seçilen 2 ücretsiz yurttas verir. Yeni egitilen tüm Misyoner ve Kesis birimleri +1 Yayilma kazanir.[NEWLINE][NEWLINE]Orman veya Yagmur Ormani üzerine insa edilmelidir.</Text>
    </Row>
    <Row Tag="LOC_BUILDING_SCENARIO_ANGKOR_WAT_DESCRIPTION">
      <Text>Bu harika insa edildiginde tüm Mevcut Sehirlerde +3 [ICON_ENVOY] Elçi ve +1 [ICON_Citizen] Nüfus alirsiniz. Tüm sehirlerde +1 [ICON_Housing] Konut. [NEWLINE][NEWLINE]Bir Su Kemeri bölgesine bitisik olarak insa edilmelidir.</Text>
    </Row>
    <Row Tag="LOC_BUILDING_SCENARIO_POTALA_PALACE_DESCRIPTION">
      <Text>+1 Joker politika yuvasi[NEWLINE][NEWLINE]Bir Tepe üzerine insa edilmelidir.</Text>
    </Row>
    <!-- China-->
    <Row Tag="LOC_CITY_NAME_SCENARIO_KAIFENG">
      <Text>Kaifeng</Text>
    </Row>
    <Row Tag="LOC_CITY_NAME_SCENARIO_LINAN">
      <Text>Lin'an</Text>
    </Row>
    <Row Tag="LOC_CITY_NAME_SCENARIO_QUANZHOU">
      <Text>Quanzhou</Text>
    </Row>
    <Row Tag="LOC_CITY_NAME_SCENARIO_CHONGQING">
      <Text>Chongqing</Text>
    </Row>
    <Row Tag="LOC_CITY_NAME_SCENARIO_CHANGAN">
      <Text>Chang'an</Text>
    </Row>
    <Row Tag="LOC_CITY_NAME_SCENARIO_PANYU">
      <Text>Panyu</Text>
    </Row>
    <!-- Chola-->
    <Row Tag="LOC_CITY_NAME_SCENARIO_ANURADHAPURA">
      <Text>Anuradhapura</Text>
    </Row>
    <Row Tag="LOC_CITY_NAME_SCENARIO_VENGI">
      <Text>Vengi</Text>
    </Row>
    <Row Tag="LOC_CITY_NAME_SCENARIO_BANAVASI">
      <Text>Banavasi</Text>
    </Row>
    <Row Tag="LOC_CITY_NAME_SCENARIO_KADARAM">
      <Text>Kadaram</Text>
    </Row>
    <Row Tag="LOC_CITY_NAME_SCENARIO_PEGU">
      <Text>Pegu</Text>
    </Row>
    <Row Tag="LOC_CITY_NAME_SCENARIO_MA_NAKKAVARAM">
      <Text>Ma-Nakkavaram</Text>
    </Row>
    <!-- Ghaznavid-->
    <Row Tag="LOC_CITY_NAME_SCENARIO_GHAZNA">
      <Text>Gazne</Text>
    </Row>
    <Row Tag="LOC_CITY_NAME_SCENARIO_LAHORE">
      <Text>Lahor</Text>
    </Row>
    <Row Tag="LOC_CITY_NAME_SCENARIO_BALKH">
      <Text>Balkh</Text>
    </Row>
    <!-- Pala-->
    <Row Tag="LOC_CITY_NAME_SCENARIO_BIKRAMPUR">
      <Text>Bikrampur</Text>
    </Row>
    <Row Tag="LOC_CITY_NAME_SCENARIO_PATALIPUTRA">
      <Text>Pataliputra</Text>
    </Row>
    <Row Tag="LOC_CITY_NAME_SCENARIO_KANNAUJ">
      <Text>Kannauj</Text>
    </Row>
    <Row Tag="LOC_CITY_NAME_SCENARIO_DURJAYA">
      <Text>Durjaya</Text>
    </Row>
    <!-- Tufan-->
    <Row Tag="LOC_CITY_NAME_SCENARIO_LHASA">
      <Text>Lhasa</Text>
    </Row>
    <Row Tag="LOC_CITY_NAME_SCENARIO_QAMDO">
      <Text>Qamdo</Text>
    </Row>
    <Row Tag="LOC_CITY_NAME_SCENARIO_BURANG">
      <Text>Burang</Text>
    </Row>
    <Row Tag="LOC_CITY_NAME_SCENARIO_XINING">
      <Text>Xining</Text>
    </Row>
    <Row Tag="LOC_CITY_NAME_SCENARIO_NAGQU">
      <Text>Nagqu</Text>
    </Row>
    <!-- City States-->
    <Row Tag="LOC_CITY_NAME_SCENARIO_DALI">
      <Text>Dali</Text>
    </Row>
    <Row Tag="LOC_CIVILIZATION_SCENARIO_DALI_DESCRIPTION">
      <Text>Dali sehir devleti</Text>
    </Row>
    <Row Tag="LOC_CITY_NAME_SCENARIO_DELHI">
      <Text>Delhi</Text>
    </Row>
    <Row Tag="LOC_CIVILIZATION_SCENARIO_DELHI_DESCRIPTION">
      <Text>Delhi sehir devleti</Text>
    </Row>
    <Row Tag="LOC_CITY_NAME_SCENARIO_GAOCHANG">
      <Text>Gaochang</Text>
    </Row>
    <Row Tag="LOC_CIVILIZATION_SCENARIO_GAOCHANG_DESCRIPTION">
      <Text>Gaochang sehir devleti</Text>
    </Row>
    <Row Tag="LOC_CITY_NAME_SCENARIO_GOA">
      <Text>Goa</Text>
    </Row>
    <Row Tag="LOC_CIVILIZATION_SCENARIO_GOA_DESCRIPTION">
      <Text>Goa sehir devleti</Text>
    </Row>
    <Row Tag="LOC_CITY_NAME_SCENARIO_HEIAN">
      <Text>Heian</Text>
    </Row>
    <Row Tag="LOC_CIVILIZATION_SCENARIO_HEIAN_DESCRIPTION">
      <Text>Heian sehir devleti</Text>
    </Row>
    <Row Tag="LOC_CITY_NAME_SCENARIO_KAESONG">
      <Text>Kaesong</Text>
    </Row>
    <Row Tag="LOC_CIVILIZATION_SCENARIO_KAESONG_DESCRIPTION">
      <Text>Kaesong sehir devleti</Text>
    </Row>
    <Row Tag="LOC_CITY_NAME_SCENARIO_KASHGAR">
      <Text>Kasgar</Text>
    </Row>
    <Row Tag="LOC_CIVILIZATION_SCENARIO_KASHGAR_DESCRIPTION">
      <Text>Kasgar sehir devleti</Text>
    </Row>
    <Row Tag="LOC_CITY_NAME_SCENARIO_KHOTAN">
      <Text>Hotan</Text>
    </Row>
    <Row Tag="LOC_CIVILIZATION_SCENARIO_KHOTAN_DESCRIPTION">
      <Text>Hotan sehir devleti</Text>
    </Row>
    <Row Tag="LOC_CITY_NAME_SCENARIO_KUCHA">
      <Text>Kucha</Text>
    </Row>
    <Row Tag="LOC_CIVILIZATION_SCENARIO_KUCHA_DESCRIPTION">
      <Text>Kuça sehir devleti</Text>
    </Row>
    <Row Tag="LOC_CITY_NAME_SCENARIO_LAMPHUN">
      <Text>Lamphun</Text>
    </Row>
    <Row Tag="LOC_CIVILIZATION_SCENARIO_LAMPHUN_DESCRIPTION">
      <Text>Lamphun sehir devleti</Text>
    </Row>
    <Row Tag="LOC_CITY_NAME_SCENARIO_LAMURI">
      <Text>Lamuri</Text>
    </Row>
    <Row Tag="LOC_CIVILIZATION_SCENARIO_LAMURI_DESCRIPTION">
      <Text>Lamuri sehir devleti</Text>
    </Row>
    <Row Tag="LOC_CITY_NAME_SCENARIO_MALABANG">
      <Text>Malabang</Text>
    </Row>
    <Row Tag="LOC_CIVILIZATION_SCENARIO_MALABANG_DESCRIPTION">
      <Text>Malabang sehir devleti</Text>
    </Row>
    <Row Tag="LOC_CITY_NAME_SCENARIO_PAGAN">
      <Text>Pagan</Text>
    </Row>
    <Row Tag="LOC_CIVILIZATION_SCENARIO_PAGAN_DESCRIPTION">
      <Text>Pagan sehir devleti</Text>
    </Row>
    <Row Tag="LOC_CIVILIZATION_SCENARIO_PALEMBANG_DESCRIPTION">
      <Text>Palembang sehir devleti</Text>
    </Row>
    <Row Tag="LOC_CITY_NAME_SCENARIO_SAMARKAND">
      <Text>Semerkant</Text>
    </Row>
    <Row Tag="LOC_CIVILIZATION_SCENARIO_SAMARKAND_DESCRIPTION">
      <Text>Semerkant sehir devleti</Text>
    </Row>
    <Row Tag="LOC_CITY_NAME_SCENARIO_SOMNATH">
      <Text>Somnath</Text>
    </Row>
    <Row Tag="LOC_CIVILIZATION_SCENARIO_SOMNATH_DESCRIPTION">
      <Text>Somnath sehir devleti</Text>
    </Row>
    <Row Tag="LOC_CITY_NAME_SCENARIO_THANG_LONG">
      <Text>Thăng Long</Text>
    </Row>
    <Row Tag="LOC_CIVILIZATION_SCENARIO_THANG_LONG_DESCRIPTION">
      <Text>Thăng Long sehir devleti</Text>
    </Row>
    <Row Tag="LOC_CITY_NAME_SCENARIO_TEMASEK">
      <Text>Temasek</Text>
    </Row>
    <Row Tag="LOC_CIVILIZATION_SCENARIO_TEMASEK_DESCRIPTION">
      <Text>Temasek sehir devleti</Text>
    </Row>
    <Row Tag="LOC_CITY_NAME_SCENARIO_TONDO">
      <Text>Tondo</Text>
    </Row>
    <Row Tag="LOC_CIVILIZATION_SCENARIO_TONDO_DESCRIPTION">
      <Text>Tondo sehir devleti</Text>
    </Row>
    <Row Tag="LOC_CITY_NAME_SCENARIO_TURPAN">
      <Text>Turpan</Text>
    </Row>
    <Row Tag="LOC_CIVILIZATION_SCENARIO_TURPAN_DESCRIPTION">
      <Text>Turpan sehir devleti</Text>
    </Row>
    <Row Tag="LOC_CITY_NAME_SCENARIO_UJJAIN">
      <Text>Ujjain</Text>
    </Row>
    <Row Tag="LOC_CIVILIZATION_SCENARIO_UJJAIN_DESCRIPTION">
      <Text>Ujjain sehir devleti</Text>
    </Row>
    <Row Tag="LOC_CITY_NAME_SCENARIO_VIJAYA">
      <Text>Vijaya.</Text>
    </Row>
    <Row Tag="LOC_CIVILIZATION_SCENARIO_VIJAYA_DESCRIPTION">
      <Text>Vijaya sehir devleti</Text>
    </Row>
    <Row Tag="LOC_CITY_NAME_SCENARIO_XINGQING">
      <Text>Xingqing</Text>
    </Row>
    <Row Tag="LOC_CIVILIZATION_SCENARIO_XINGQING_DESCRIPTION">
      <Text>Xingqing sehir devleti</Text>
    </Row>
    <Row Tag="LOC_CITY_NAME_SCENARIO_ZHONGJING">
      <Text>Zhongjing</Text>
    </Row>
    <Row Tag="LOC_CIVILIZATION_SCENARIO_ZHONGJING_DESCRIPTION">
      <Text>Zhongjing sehir devleti</Text>
    </Row>
    <Row Tag="LOC_PEDIA_CITYSTATES_PAGEGROUP_SCENARIO_MARITIME_NAME">
      <Text>Denizcilik</Text>
    </Row>
    <!-- City States Traits-->
    <Row Tag="LOC_MINOR_CIV_SCENARIO_TRADE_TRAIT_DESCRIPTION">
      <Text>{LOC_MINOR_CIV_SMALL_INFLUENCE_ENVOYS} {LOC_MINOR_CIV_TRADE_TRAIT_SMALL_INFLUENCE_BONUS}[NEWLINE]{LOC_MINOR_CIV_MEDIUM_INFLUENCE_ENVOYS} {LOC_MINOR_CIV_TRADE_TRAIT_MEDIUM_INFLUENCE_BONUS}[NEWLINE]{LOC_MINOR_CIV_LARGE_INFLUENCE_ENVOYS} {LOC_MINOR_CIV_TRADE_TRAIT_LARGE_INFLUENCE_BONUS}</Text>
    </Row>
    <Row Tag="LOC_MINOR_CIV_TRADE_TRAIT_SMALL_INFLUENCE_BONUS">
      <Text>Baskentte +4 [ICON_Gold] Altin [ICON_Capital].</Text>
    </Row>
    <Row Tag="LOC_MINOR_CIV_TRADE_TRAIT_MEDIUM_INFLUENCE_BONUS">
      <Text>Her Ticari Merkez bölgesinde +4 [ICON_Gold] Altin.</Text>
    </Row>
    <Row Tag="LOC_MINOR_CIV_TRADE_TRAIT_LARGE_INFLUENCE_BONUS">
      <Text>Her Ticari Merkez bölgesinde ilave +4 [ICON_Gold] Altin.</Text>
    </Row>
    <Row Tag="LOC_MINOR_CIV_SCENARIO_CULTURAL_TRAIT_DESCRIPTION">
      <Text>{LOC_MINOR_CIV_SMALL_INFLUENCE_ENVOYS} {LOC_MINOR_CIV_CULTURAL_TRAIT_SMALL_INFLUENCE_BONUS}[NEWLINE]{LOC_MINOR_CIV_MEDIUM_INFLUENCE_ENVOYS} {LOC_MINOR_CIV_CULTURAL_TRAIT_MEDIUM_INFLUENCE_BONUS}[NEWLINE]{LOC_MINOR_CIV_LARGE_INFLUENCE_ENVOYS} {LOC_MINOR_CIV_CULTURAL_TRAIT_LARGE_INFLUENCE_BONUS}</Text>
    </Row>
    <Row Tag="LOC_MINOR_CIV_CULTURAL_TRAIT_SMALL_INFLUENCE_BONUS">
      <Text>+2 [ICON_Culture] Baskentte [ICON_Capital] Kültür.</Text>
    </Row>
    <Row Tag="LOC_MINOR_CIV_CULTURAL_TRAIT_MEDIUM_INFLUENCE_BONUS">
      <Text>+2 [ICON_Culture] Her Tiyatro Meydani bölgesinde kültür.</Text>
    </Row>
    <Row Tag="LOC_MINOR_CIV_CULTURAL_TRAIT_LARGE_INFLUENCE_BONUS">
      <Text>Ek +2 [ICON_Culture] Her Tiyatro Meydani bölgesinde kültür.</Text>
    </Row>
    <Row Tag="LOC_MINOR_CIV_SCENARIO_MARITIME_TRAIT_NAME">
      <Text>Denizcilik Sehir-Devlet</Text>
    </Row>
    <Row Tag="LOC_MINOR_CIV_SCENARIO_MARITIME_TRAIT_DESCRIPTION">
      <Text>{LOC_MINOR_CIV_SMALL_INFLUENCE_ENVOYS} {LOC_MINOR_CIV_SCENARIO_MARITIME_TRAIT_SMALL_INFLUENCE_BONUS}[NEWLINE]{LOC_MINOR_CIV_MEDIUM_INFLUENCE_ENVOYS} {LOC_MINOR_CIV_SCENARIO_MARITIME_TRAIT_MEDIUM_INFLUENCE_BONUS}[NEWLINE]{LOC_MINOR_CIV_LARGE_INFLUENCE_ENVOYS} {LOC_MINOR_CIV_SCENARIO_MARITIME_TRAIT_LARGE_INFLUENCE_BONUS}</Text>
    </Row>
    <Row Tag="LOC_MINOR_CIV_SCENARIO_MARITIME_TRAIT_SMALL_INFLUENCE_BONUS">
      <Text>+2 [ICON_FOOD] Baskentte [ICON_Capital] Gida.</Text>
    </Row>
    <Row Tag="LOC_MINOR_CIV_SCENARIO_MARITIME_TRAIT_MEDIUM_INFLUENCE_BONUS">
      <Text>+2 [ICON_FOOD] Her Liman bölgesinde gida.</Text>
    </Row>
    <Row Tag="LOC_MINOR_CIV_SCENARIO_MARITIME_TRAIT_LARGE_INFLUENCE_BONUS">
      <Text>Ek +2 [ICON_FOOD] Her Liman bölgesinde yiyecek.</Text>
    </Row>
    <Row Tag="LOC_MINOR_CIV_SCENARIO_INDUSTRIAL_TRAIT_DESCRIPTION">
      <Text>{LOC_MINOR_CIV_SMALL_INFLUENCE_ENVOYS} {LOC_MINOR_CIV_INDUSTRIAL_TRAIT_SMALL_INFLUENCE_BONUS}[NEWLINE]{LOC_MINOR_CIV_MEDIUM_INFLUENCE_ENVOYS} {LOC_MINOR_CIV_INDUSTRIAL_TRAIT_MEDIUM_INFLUENCE_BONUS}[NEWLINE]{LOC_MINOR_CIV_LARGE_INFLUENCE_ENVOYS} {LOC_MINOR_CIV_INDUSTRIAL_TRAIT_LARGE_INFLUENCE_BONUS}</Text>
    </Row>
    <Row Tag="LOC_MINOR_CIV_INDUSTRIAL_TRAIT_SMALL_INFLUENCE_BONUS">
      <Text>Harikalar, binalar ve semtler üretirken [ICON_Capital] Baskentte +2 [ICON_Production] Üretim.</Text>
    </Row>
    <Row Tag="LOC_MINOR_CIV_INDUSTRIAL_TRAIT_MEDIUM_INFLUENCE_BONUS">
      <Text>+2 [ICON_Production] Harikalar, binalar ve bölgeler üretirken her Sanayi Bölgesi bölgesinde üretim.</Text>
    </Row>
    <Row Tag="LOC_MINOR_CIV_INDUSTRIAL_TRAIT_LARGE_INFLUENCE_BONUS">
      <Text>Her Sanayi Bölgesi bölgesinde harikalar, binalar ve semtler üretirken ek +2 [ICON_Production] Üretim.</Text>
    </Row>
    <Row Tag="LOC_MINOR_CIV_SCENARIO_DALI_TRAIT_NAME">
      <Text>Dali Suzerain Bonus</Text>
    </Row>
    <Row Tag="LOC_MINOR_CIV_SCENARIO_DELHI_TRAIT_NAME">
      <Text>Delhi Suzerain Bonus</Text>
    </Row>
    <Row Tag="LOC_MINOR_CIV_SCENARIO_GAOCHANG_TRAIT_NAME">
      <Text>Gaochang Suzerain Bonus</Text>
    </Row>
    <Row Tag="LOC_MINOR_CIV_SCENARIO_GOA_TRAIT_NAME">
      <Text>Goa Suzerain Bonus</Text>
    </Row>
    <Row Tag="LOC_MINOR_CIV_SCENARIO_HEIAN_TRAIT_NAME">
      <Text>Heian Suzerain Bonusu</Text>
    </Row>
    <Row Tag="LOC_MINOR_CIV_SCENARIO_KAESONG_TRAIT_NAME">
      <Text>Kaesong Suzerain Bonus</Text>
    </Row>
    <Row Tag="LOC_MINOR_CIV_SCENARIO_KASHGAR_TRAIT_NAME">
      <Text>Kasgar Süzerain Bonus</Text>
    </Row>
    <Row Tag="LOC_MINOR_CIV_SCENARIO_KHOTAN_TRAIT_NAME">
      <Text>Hotan Süzerain Bonus</Text>
    </Row>
    <Row Tag="LOC_MINOR_CIV_SCENARIO_KUCHA_TRAIT_NAME">
      <Text>Kucha Suzerain Bonus</Text>
    </Row>
    <Row Tag="LOC_MINOR_CIV_SCENARIO_LAMPHUN_TRAIT_NAME">
      <Text>Lamphun Suzerain Bonus</Text>
    </Row>
    <Row Tag="LOC_MINOR_CIV_SCENARIO_LAMURI_TRAIT_NAME">
      <Text>Lamuri Suzerain Bonus</Text>
    </Row>
    <Row Tag="LOC_MINOR_CIV_SCENARIO_MALABANG_TRAIT_NAME">
      <Text>Malabang Suzerain Bonus</Text>
    </Row>
    <Row Tag="LOC_MINOR_CIV_SCENARIO_PAGAN_TRAIT_NAME">
      <Text>Pagan Suzerain Bonusu</Text>
    </Row>
    <Row Tag="LOC_MINOR_CIV_SCENARIO_PALEMBANG_TRAIT_NAME">
      <Text>Palembang Suzerain Bonus</Text>
    </Row>
    <Row Tag="LOC_MINOR_CIV_SCENARIO_SAMARKAND_TRAIT_NAME">
      <Text>Semerkand Süzerain Bonus</Text>
    </Row>
    <Row Tag="LOC_MINOR_CIV_SCENARIO_SOMNATH_TRAIT_NAME">
      <Text>Somnath Suzerain Bonus</Text>
    </Row>
    <Row Tag="LOC_MINOR_CIV_SCENARIO_THANG_LONG_TRAIT_NAME">
      <Text>Thăng Long Suzerain Bonus</Text>
    </Row>
    <Row Tag="LOC_MINOR_CIV_SCENARIO_TEMASEK_TRAIT_NAME">
      <Text>Temasek Süzerain Bonusu</Text>
    </Row>
    <Row Tag="LOC_MINOR_CIV_SCENARIO_TONDO_TRAIT_NAME">
      <Text>Tondo Suzerain Bonus</Text>
    </Row>
    <Row Tag="LOC_MINOR_CIV_SCENARIO_TURPAN_TRAIT_NAME">
      <Text>Turpan Süzerain Bonus</Text>
    </Row>
    <Row Tag="LOC_MINOR_CIV_SCENARIO_UJJAIN_TRAIT_NAME">
      <Text>Ujjain Suzerain Bonus</Text>
    </Row>
    <Row Tag="LOC_MINOR_CIV_SCENARIO_VIJAYA_TRAIT_NAME">
      <Text>Vijaya Suzerain Bonus</Text>
    </Row>
    <Row Tag="LOC_MINOR_CIV_SCENARIO_XINGQING_TRAIT_NAME">
      <Text>Xingqing Suzerain Bonus</Text>
    </Row>
    <Row Tag="LOC_MINOR_CIV_SCENARIO_ZHONGJING_TRAIT_NAME">
      <Text>Zhongjing Suzerain Bonus</Text>
    </Row>
    <Row Tag="LOC_MINOR_CIV_SCENARIO_BANDAR_BRUNEI_TRAIT_DESCRIPTION">
      <Text>Kiyi karolari üzerindeki veya yanindaki mintikalariniz +2 [ICON_FAITH] Inanç saglar.</Text>
    </Row>
    <Row Tag="LOC_MINOR_CIV_SCENARIO_DALI_TRAIT_DESCRIPTION">
      <Text>+1 [ICON_Amenities] Ticari Merkez bölgesine sahip sehirlerde kolaylik.</Text>
    </Row>
    <Row Tag="LOC_MINOR_CIV_SCENARIO_DELHI_TRAIT_DESCRIPTION">
      <Text>Herhangi bir sehir devletine giden [ICON_TradeRoute] Ticaret Yollariniz, mense sehirdeki her uzmanlik bölgesi için +2 [ICON_FAITH] Inanç saglar.</Text>
    </Row>
    <Row Tag="LOC_MINOR_CIV_SCENARIO_GAOCHANG_TRAIT_DESCRIPTION">
      <Text>+1 [ICON_Amenities] Ticari Merkez bölgesine sahip sehirlerde kolaylik.</Text>
    </Row>
    <Row Tag="LOC_MINOR_CIV_SCENARIO_GOA_TRAIT_DESCRIPTION">
      <Text>Kiyi karolari üzerindeki veya yanindaki mintikalariniz +2 [ICON_FAITH] Inanç saglar.</Text>
    </Row>
    <Row Tag="LOC_MINOR_CIV_SCENARIO_HEIAN_TRAIT_DESCRIPTION">
      <Text>Kiyi karolari üzerindeki veya yanindaki mintikalariniz +2 [ICON_FAITH] Inanç saglar.</Text>
    </Row>
    <Row Tag="LOC_MINOR_CIV_SCENARIO_KAESONG_TRAIT_DESCRIPTION">
      <Text>Herhangi bir sehir devletine giden [ICON_TradeRoute] Ticaret Yollariniz, mense sehirdeki her uzmanlik bölgesi için +2 [ICON_FAITH] Inanç saglar.</Text>
    </Row>
    <Row Tag="LOC_MINOR_CIV_SCENARIO_KASHGAR_TRAIT_DESCRIPTION">
      <Text>Yabanci sehirlere giden [ICON_TradeRoute] Ticaret Yollariniz, varis noktasindaki her Lüks kaynak için +1 [ICON_FAITH] Inanç kazanir.</Text>
    </Row>
    <Row Tag="LOC_MINOR_CIV_SCENARIO_KHOTAN_TRAIT_DESCRIPTION">
      <Text>+1 [ICON_Amenities] Ticari Merkez bölgesine sahip sehirlerde kolaylik.</Text>
    </Row>
    <Row Tag="LOC_MINOR_CIV_SCENARIO_KUCHA_TRAIT_DESCRIPTION">
      <Text>Yabanci sehirlerdeki [ICON_TradingPost] Ticaret Karakollariniz, sehirden geçen veya sehre giden [ICON_TradeRoute] Ticaret Yollariniza +1 [ICON_CULTURE] Kültür saglar.</Text>
    </Row>
    <Row Tag="LOC_MINOR_CIV_SCENARIO_LAMPHUN_TRAIT_DESCRIPTION">
      <Text>Bonus kaynaklariniz Lüks kaynaklar gibi davranir ve tür basina 1 [ICON_Amenities] Kolaylik saglar.</Text>
    </Row>
    <Row Tag="LOC_MINOR_CIV_SCENARIO_LAMURI_TRAIT_DESCRIPTION">
      <Text>Herhangi bir sehir devletine giden [ICON_TradeRoute] Ticaret Yollariniz, mense sehirdeki her uzmanlik bölgesi için +2 [ICON_FAITH] Inanç saglar.</Text>
    </Row>
    <Row Tag="LOC_MINOR_CIV_SCENARIO_MALABANG_TRAIT_DESCRIPTION">
      <Text>Herhangi bir sehir devletine giden [ICON_TradeRoute] Ticaret Yollariniz, mense sehirdeki her uzmanlik bölgesi için +2 [ICON_FAITH] Inanç saglar.</Text>
    </Row>
    <Row Tag="LOC_MINOR_CIV_SCENARIO_PAGAN_TRAIT_DESCRIPTION">
      <Text>Herhangi bir sehir devletine giden [ICON_TradeRoute] Ticaret Yollariniz, mense sehirdeki her uzmanlik bölgesi için +2 [ICON_FAITH] Inanç saglar.</Text>
    </Row>
    <Row Tag="LOC_MINOR_CIV_SCENARIO_PALEMBANG_TRAIT_DESCRIPTION">
      <Text>+1 [ICON_Amenities] Ticari Merkez bölgesine sahip sehirlerde kolaylik.</Text>
    </Row>
    <Row Tag="LOC_MINOR_CIV_SCENARIO_SAMARKAND_TRAIT_DESCRIPTION">
      <Text>+1 [ICON_Amenities] Ticari Merkez bölgesine sahip sehirlerde kolaylik.</Text>
    </Row>
    <Row Tag="LOC_MINOR_CIV_SCENARIO_SOMNATH_TRAIT_DESCRIPTION">
      <Text>Herhangi bir sehir devletine giden [ICON_TradeRoute] Ticaret Yollariniz, mense sehirdeki her uzmanlik bölgesi için +2 [ICON_FAITH] Inanç saglar.</Text>
    </Row>
    <Row Tag="LOC_MINOR_CIV_SCENARIO_THANG_LONG_TRAIT_DESCRIPTION">
      <Text>Kiyi karolari üzerindeki veya yanindaki mintikalariniz +2 [ICON_FAITH] Inanç saglar.</Text>
    </Row>
    <Row Tag="LOC_MINOR_CIV_SCENARIO_TEMASEK_TRAIT_DESCRIPTION">
      <Text>Bonus kaynaklariniz Lüks kaynaklar gibi davranir ve tür basina 1 [ICON_Amenities] Kolaylik saglar.</Text>
    </Row>
    <Row Tag="LOC_MINOR_CIV_SCENARIO_TONDO_TRAIT_DESCRIPTION">
      <Text>Kiyi karolari üzerindeki veya yanindaki mintikalariniz +2 [ICON_FAITH] Inanç saglar.</Text>
    </Row>
    <Row Tag="LOC_MINOR_CIV_SCENARIO_TURPAN_TRAIT_DESCRIPTION">
      <Text>Herhangi bir sehir devletine giden [ICON_TradeRoute] Ticaret Yollariniz, mense sehirdeki her uzmanlik bölgesi için +2 [ICON_FAITH] Inanç saglar.</Text>
    </Row>
    <Row Tag="LOC_MINOR_CIV_SCENARIO_UJJAIN_TRAIT_DESCRIPTION">
      <Text>Bonus kaynaklariniz Lüks kaynaklar gibi davranir ve tür basina 1 [ICON_Amenities] Kolaylik saglar.</Text>
    </Row>
    <Row Tag="LOC_MINOR_CIV_SCENARIO_VIJAYA_TRAIT_DESCRIPTION">
      <Text>Herhangi bir sehir devletine giden [ICON_TradeRoute] Ticaret Yollariniz, mense sehirdeki her uzmanlik bölgesi için +2 [ICON_FAITH] Inanç saglar.</Text>
    </Row>
    <Row Tag="LOC_MINOR_CIV_SCENARIO_XINGQING_TRAIT_DESCRIPTION">
      <Text>Bonus kaynaklariniz Lüks kaynaklar gibi davranir ve tür basina 1 [ICON_Amenities] Kolaylik saglar.</Text>
    </Row>
    <Row Tag="LOC_MINOR_CIV_SCENARIO_ZHONGJING_TRAIT_DESCRIPTION">
      <Text>Yabanci sehirlerdeki [ICON_TradingPost] Ticaret Karakollariniz, sehirden geçen veya sehre giden [ICON_TradeRoute] Ticaret Yollariniza +1 [ICON_CULTURE] Kültür saglar.</Text>
    </Row>
    <!-- Civics-->
    <Row Tag="LOC_CIVIC_SCENARIO_PAPERMAKING_NAME">
      <Text>Kagit Yapimi</Text>
    </Row>
    <Row Tag="LOC_BOOST_TRIGGER_SCENARIO_LONGDESC_PRINTING">
      <Text>Günlükler kagida. Kagitlar sayfalara. Sayfalar kitaplara. Kitaplar zihinlere. Zihinler ruhlara.</Text>
    </Row>
    <Row Tag="LOC_CIVIC_SCENARIO_COMPASS_NAME">
      <Text>Pusula</Text>
    </Row>
    <Row Tag="LOC_CIVIC_SCENARIO_CELESTIAL_NAVIGATION_DESCRIPTION">
      <Text>+2 [ICON_Movement] Bindirilmis birimler için hareket.</Text>
    </Row>
    <Row Tag="LOC_CIVIC_SCENARIO_FUTURE_CIVIC_DESCRIPTION">
      <Text>Birden fazla kez tamamlanabilir, ancak bu senaryoda Puan Zaferi için puanlarinizi ARTTIRMAZ.</Text>
    </Row>
    <Row Tag="LOC_BOOST_TRIGGER_SCENARIO_LONGDESC_GUILDS">
      <Text>Sehirlerimiz gelistikçe, benzer düsünen insanlar refah içinde bir araya geliyor.</Text>
    </Row>
    <Row Tag="LOC_BOOST_TRIGGER_SCENARIO_ENGINEERING">
      <Text>2 Tas Ocagi insa edin.</Text>
    </Row>
    <Row Tag="LOC_BOOST_TRIGGER_SCENARIO_LONGDESC_ENGINEERING">
      <Text>Standartlastirilmis bir kübitin seküler dünyada da degeri vardir.</Text>
    </Row>
    <Row Tag="LOC_BOOST_TRIGGER_SCENARIO_THEOLOGY">
      <Text>3 Misyonerimiz var.</Text>
    </Row>
    <Row Tag="LOC_BOOST_TRIGGER_SCENARIO_LONGDESC_THEOLOGY">
      <Text>Misyonerler gönderdikçe, ortodoks inanca ihtiyaç duyuyoruz.</Text>
    </Row>
    <Row Tag="LOC_BOOST_TRIGGER_SCENARIO_MACHINERY">
      <Text>2 Su Kemeri insa edin.</Text>
    </Row>
    <Row Tag="LOC_BOOST_TRIGGER_SCENARIO_LONGDESC_MACHINERY">
      <Text>Mühendislerimiz "Bir su çarki düsünün" diyor, "ama neredeyse her seyi çalistiriyor!"</Text>
    </Row>
    <Row Tag="LOC_BOOST_TRIGGER_SCENARIO_FEUDALISM">
      <Text>Bir sehri 14 nüfusa kadar büyütün.</Text>
    </Row>
    <Row Tag="LOC_BOOST_TRIGGER_SCENARIO_LONGDESC_FEUDALISM">
      <Text>Sehirlerimizde çok sayida insan yasiyor. Krallarin halktan insanlara karsi yükümlülüklerini düzenleyelim.</Text>
    </Row>
    <Row Tag="LOC_BOOST_TRIGGER_SCENARIO_PAPERMAKING">
      <Text>3 [ICON_TradeRoute] Ticaret Rotasini Koruyun.</Text>
    </Row>
    <Row Tag="LOC_BOOST_TRIGGER_SCENARIO_LONGDESC_PAPERMAKING">
      <Text>Karavan kayitlarini tutmanin çanak çömlek parçalarinin üzerine yazi yazmaktan daha iyi bir yolu var midir?</Text>
    </Row>
    <Row Tag="LOC_BOOST_TRIGGER_SCENARIO_CIVIL_SERVICE">
      <Text>Bir zamanlar 3 sehir devletinin Suzerain'i olmak.</Text>
    </Row>
    <Row Tag="LOC_BOOST_TRIGGER_SCENARIO_LONGDESC_CIVIL_SERVICE">
      <Text>Delegasyonlari bir sekreterler lejyonuna devredebilseydiniz ne olurdu?</Text>
    </Row>
    <Row Tag="LOC_BOOST_TRIGGER_SCENARIO_BANKING">
      <Text>2 [ICON_TradeRoute] Ticaret Rotasini Koruyun.</Text>
    </Row>
    <Row Tag="LOC_BOOST_TRIGGER_SCENARIO_LONGDESC_BANKING">
      <Text>Cennete giden yol altindan daha ince olabilir, ama altin da neredeyse onun kadar ödüllendiricidir.</Text>
    </Row>
    <Row Tag="LOC_BOOST_TRIGGER_SCENARIO_COMPASS">
      <Text>3 Deniz Feneri insa edin.</Text>
    </Row>
    <Row Tag="LOC_BOOST_TRIGGER_SCENARIO_LONGDESC_COMPASS">
      <Text>Bir denizci, görünmeyen bir cennet fenerinin rehberliginde yelken açmayi hayal eder.</Text>
    </Row>
    <Row Tag="LOC_BOOST_TRIGGER_SCENARIO_DIVINE_RIGHT">
      <Text>Dininizi takip eden 15 sehir var.</Text>
    </Row>
    <Row Tag="LOC_BOOST_TRIGGER_SCENARIO_LONGDESC_DIVINE_RIGHT">
      <Text>Inancinizin dogruluguna dair bu kadar çok kisinin gözlerinin üzerinizde olmasindan daha iyi bir kanit olabilir mi?</Text>
    </Row>
    <!-- Districts-->
    <Row Tag="LOC_DISTRICT_SCENARIO_RIVER_CULTURE">
      <Text>+{1_num} [ICON_CULTURE] Komsu Nehirden kültür.</Text>
    </Row>
    <Row Tag="LOC_DISTRICT_SCENARIO_HARBOR_CULTURE">
      <Text>+{1_num} [ICON_CULTURE] Komsu Liman bölgesinden kültür.</Text>
    </Row>
    <Row Tag="LOC_DISTRICT_SCENARIO_CITY_CENTER_CULTURE">
      <Text>+{1_num} [ICON_CULTURE] Komsu Sehir Merkezi bölgesinden kültür.</Text>
    </Row>
    <Row Tag="LOC_DISTRICT_SCENARIO_DISTRICT_CULTURE">
      <Text>+{1_num} [ICON_CULTURE] Bitisik {1_Num : plural 1?district  other?districts }'ten kültür.</Text>
    </Row>
    <Row Tag="LOC_DISTRICT_SCENARIO_SEARESOURCE_CULTURE">
      <Text>+{1_num} [ICON_CULTURE] Komsu denizden kültür {1_Num : plural 1?resource  other?resources }.</Text>
    </Row>
    <!-- Governments-->
    <Row Tag="LOC_GOVT_INHERENT_BONUS_SCENARIO_MONARCHY_DESCRIPTION">
      <Text>Sermaye +3 [ICON_FAITH] Inanç, +1 [ICON_CULTURE] Kültür, +1 [ICON_PRODUCTION] Üretim ve +1 [ICON_FOOD] Gida verimi alir.</Text>
    </Row>
    <Row Tag="LOC_GOVERNMENT_SCENARIO_THALASSOCRACY_NAME">
      <Text>Thalassokrasi</Text>
    </Row>
    <Row Tag="LOC_GOVT_INHERENT_BONUS_SCENARIO_THALASSOCRACY_DESCRIPTION">
      <Text>Her Balikçi Teknesi için +1 [ICON_FAITH] Inanç.</Text>
    </Row>
    <Row Tag="LOC_GOVT_INHERENT_BONUS_SCENARIO_THEOCRACY_DESCRIPTION">
      <Text>Tüm Dini birimler, bu birim Teolojik Savasta ölürse bir [ICON_GreatWork_Relic] Kalinti veren Sehit yetenegi kazanir.</Text>
    </Row>
    <!-- Improvements-->
    <Row Tag="LOC_IMPROVEMENT_SCENARIO_CAMP_DESCRIPTION">
      <Text>Insaatçinin Kamp insa etme yeteneginin kilidini açar.[NEWLINE][NEWLINE]+1 [ICON_FOOD] Gida. Sadece geçerli kaynaklar üzerine insa edilebilir.[NEWLINE][NEWLINE]Lüks kaynaklar üzerine insa edilirse, sehir o kaynaktan faydalanir.</Text>
    </Row>
    <Row Tag="LOC_IMPROVEMENT_SCENARIO_MINE_DESCRIPTION">
      <Text>Madenleri insa etmek için Maden Arayici yeteneginin kilidini açar.[NEWLINE][NEWLINE]+1 [ICON_Production] Üretim. +2 [ICON_Gold] Altin. -1 Cekicilik. Yalnizca Tepeler veya belirli kaynaklar üzerine insa edilebilir.[NEWLINE][NEWLINE]Lüks veya Stratejik kaynaklar üzerine insa edilirse, sehir o kaynaktan yararlanir.</Text>
    </Row>
    <Row Tag="LOC_IMPROVEMENT_SCENARIO_PASTURE_DESCRIPTION">
      <Text>Otlak insa etmek için Otlakçi yeteneginin kilidini açar.[NEWLINE][NEWLINE]+1 [ICON_Production] Üretim. +1 [ICON_Gold] Altin. Yalnizca [ICON_RESOURCE_CATTLE] Sigir, [ICON_RESOURCE_SHEEP] Koyun veya [ICON_RESOURCE_HORSES] At kaynaklari üzerine insa edilebilir.[NEWLINE][NEWLINE]Bir [ICON_RESOURCE_HORSES] At kaynagi üzerine insa edilirse, sehir bu kaynaktan yararlanir.</Text>
    </Row>
    <Row Tag="LOC_IMPROVEMENT_SCENARIO_PLANTATION_DESCRIPTION">
      <Text>Ciftçinin Plantasyon insa etme yeteneginin kilidini açar.[NEWLINE][NEWLINE]+1 [ICON_Gold] Altin. Yalnizca [ICON_RESOURCE_BANANAS] Muz, [ICON_RESOURCE_CITRUS] Narenciye, [ICON_RESOURCE_COTTON] Pamuk, [ICON_RESOURCE_SUGAR] Seker, [ICON_RESOURCE_TEA] Cay veya [ICON_RESOURCE_WINE] Sarap kaynaklari üzerine insa edilebilir.[NEWLINE][NEWLINE]Lüks bir kaynak üzerine insa edilirse, sehir o kaynaktan yararlanir.</Text>
    </Row>
    <Row Tag="LOC_IMPROVEMENT_SCENARIO_KAMPUNG_DESCRIPTION">
      <Text>Bir Kampung insa etmek için Insaatçi yeteneginin kilidini açar. [NEWLINE][NEWLINE]+1 [ICON_PRODUCTION] Üretim ve +1 [ICON_Housing] Konut. Bitisikteki her Balikçi Teknesi için +1 [ICON_FOOD] Yiyecek. Bir deniz kaynagina bitisik bir Sahil veya Göl karesine yerlestirilmelidir.</Text>
    </Row>
    <!-- Policies-->
    <Row Tag="LOC_POLICY_SCENARIO_URBAN_PLANNING_DESCRIPTION">
      <Text>+1 [ICON_FAITH] Tüm sehirlerde inanç.</Text>
    </Row>
    <Row Tag="LOC_POLICY_SCENARIO_CARAVANSARIES_DESCRIPTION">
      <Text>+1 [ICON_FAITH] Uluslararasi [ICON_TradeRoute] Ticaret Yollarindan Gelen Inanç.</Text>
    </Row>
    <Row Tag="LOC_POLICY_SCENARIO_NOBLE_PATH_NAME">
      <Text>Asil Yol</Text>
    </Row>
    <Row Tag="LOC_POLICY_SCENARIO_NOBLE_PATH_DESCRIPTION">
      <Text>+1 [ICON_FAITH] Yurtiçi [ICON_TradeRoute] Ticaret Yollarindan Inanç.</Text>
    </Row>
    <Row Tag="LOC_POLICY_SCENARIO_CORVEE_DESCRIPTION">
      <Text>Harikalara yönelik +%15 [ICON_Production] Üretim.</Text>
    </Row>
    <Row Tag="LOC_POLICY_SCENARIO_DEVOTION_NAME">
      <Text>Baglilik</Text>
    </Row>
    <Row Tag="LOC_POLICY_SCENARIO_DEVOTION_DESCRIPTION">
      <Text>Dini birimlere yönelik +%25 [ICON_Production] Üretim.</Text>
    </Row>
    <Row Tag="LOC_POLICY_SCENARIO_RAJ_DESCRIPTION">
      <Text>Suzerain'i oldugunuz her sehir devletinden +6 [ICON_Faith] Inanç.</Text>
    </Row>
    <Row Tag="LOC_POLICY_SCENARIO_MERITOCRACY_DESCRIPTION">
      <Text>Her sehir insa ettigi her uzmanlik bölgesi için +1 [ICON_FAITH] Inanç alir.</Text>
    </Row>
    <Row Tag="LOC_POLICY_SCENARIO_MERCHANT_CONFEDERATION_DESCRIPTION">
      <Text>Sehir devletlerindeki [ICON_Envoy] Elçilerinizin her birinden +1 [ICON_FAITH] Inanç.</Text>
    </Row>
    <Row Tag="LOC_POLICY_SCENARIO_CHARITY_NAME">
      <Text>Hayirseverlik</Text>
    </Row>
    <Row Tag="LOC_POLICY_SCENARIO_QUECHANG_NAME">
      <Text>Quechang</Text>
    </Row>
    <Row Tag="LOC_POLICY_SCENARIO_QUECHANG_DESCRIPTION">
      <Text>+%100 [ICON_PRODUCTION] Ticari Merkez bölge binalarindan elde edilen üretim verimi.</Text>
    </Row>
    <Row Tag="LOC_POLICY_SCENARIO_TRADE_CONFEDERATION_DESCRIPTION">
      <Text>Tüm [ICON_TradeRoute] Ticaret Yollarindan +3 [ICON_FAITH] Inanç.</Text>
    </Row>
    <Row Tag="LOC_POLICY_SCENARIO_JUNK_NAME">
      <Text>Hurda</Text>
    </Row>
    <Row Tag="LOC_POLICY_SCENARIO_JUNK_DESCRIPTION">
      <Text>Liman bölgesi binalarindan elde edilen [ICON_FOOD] Gida ve [ICON_PRODUCTION] Üretim verimlerini iki katina çikarir.</Text>
    </Row>
    <Row Tag="LOC_POLICY_SCENARIO_FESTIVALS_NAME">
      <Text>Festivaller</Text>
    </Row>
    <!-- Projects-->
    <Row Tag="LOC_PROJECT_SCENARIO_ENHANCE_DISTRICT_HARBOR_DESCRIPTION">
      <Text>Her firsatta [ICON_CULTURE] Kültür saglayan ilçe bazli proje.</Text>
    </Row>
    <Row Tag="LOC_PROJECT_SCENARIO_ENHANCE_DISTRICT_COMMERCIAL_HUB_DESCRIPTION">
      <Text>Her firsatta [ICON_CULTURE] Kültür saglayan ilçe bazli proje.</Text>
    </Row>
    <Row Tag="LOC_PROJECT_SCENARIO_ENHANCE_DISTRICT_HOLY_SITE_DESCRIPTION">
      <Text>Her turda büyük miktarda [ICON_FAITH] Inanç saglayan bölge bazli proje</Text>
    </Row>
    <!-- Religion-->
    <Row Tag="LOC_RELIGION_SCENARIO_CUSTOM1_NAME">
      <Text>Saivizm</Text>
    </Row>
    <Row Tag="LOC_RELIGION_SCENARIO_CUSTOM2_NAME">
      <Text>Hindu Dharma</Text>
    </Row>
    <Row Tag="LOC_RELIGION_SCENARIO_CUSTOM3_NAME">
      <Text>Theravada Budizmi</Text>
    </Row>
    <Row Tag="LOC_RELIGION_SCENARIO_CUSTOM4_NAME">
      <Text>Mahayana Budizmi</Text>
    </Row>
    <Row Tag="LOC_RELIGION_SCENARIO_CUSTOM5_NAME">
      <Text>Vajrayana Budizmi</Text>
    </Row>
    <Row Tag="LOC_BELIEF_SCENARIO_GOD_OF_THE_OPEN_SKY_DESCRIPTION">
      <Text>+2 [ICON_FOOD] Meralardan Gelen Yiyecekler.</Text>
    </Row>
    <Row Tag="LOC_BELIEF_SCENARIO_STONE_CIRCLES_DESCRIPTION">
      <Text>Tas Ocaklarindan +2 [ICON_Faith] Inanç ve +2 [ICON_Production] Üretim.</Text>
    </Row>
    <Row Tag="LOC_BELIEF_SCENARIO_DANA_NAME">
      <Text>Dāna</Text>
    </Row>
    <Row Tag="LOC_BELIEF_SCENARIO_DANA_DESCRIPTION">
      <Text>Tahil ambarlarinin her biri +3 [ICON_FAITH] Inanç saglar. Her Sehir için +1 [ICON_Amenities] Amenitiy.</Text>
    </Row>
    <Row Tag="LOC_BELIEF_SCENARIO_NUSANTARA_DESCRIPTION">
      <Text>Kiyi ve Göl karolari Kutsal Alan bölgeleri için küçük bir bitisiklik bonusu saglar.</Text>
    </Row>
    <Row Tag="LOC_BELIEF_SCENARIO_LINGA_NAME">
      <Text>Linga</Text>
    </Row>
    <Row Tag="LOC_BELIEF_SCENARIO_LINGA_DESCRIPTION">
      <Text>Ticari Merkez ve Liman bölgesi binalarini [ICON_Faith] Inanç ile satin alabilir.</Text>
    </Row>
    <Row Tag="LOC_BELIEF_SCENARIO_VAJRAYANA_STUPA_NAME">
      <Text>Vajrayana Stupa</Text>
    </Row>
    <Row Tag="LOC_BELIEF_SCENARIO_VAJRAYANA_STUPA_DESCRIPTION">
      <Text>Stupa insasina izin verir (+3 [ICON_Faith] Inanç, +1 [ICON_Amenities] Amenity) Baski ile açilir.</Text>
    </Row>
    <Row Tag="LOC_BELIEF_SCENARIO_MAHAYANA_STUPA_NAME">
      <Text>Mahayana Stupa</Text>
    </Row>
    <Row Tag="LOC_BELIEF_SCENARIO_MAHAYANA_STUPA_DESCRIPTION">
      <Text>Stupa yapimina izin verir (+3 [ICON_Faith] Inanç, +1 [ICON_Amenities] Amenity). Baski ile kilidi açilir.</Text>
    </Row>
    <Row Tag="LOC_BELIEF_SCENARIO_STEWARDSHIP_DESCRIPTION">
      <Text>Bu Dini takip eden bir sehirdeki her bir Ticaret Merkezi veya Liman bölgesi +1 [ICON_FAITH] Inanç saglar.</Text>
    </Row>
    <Row Tag="LOC_BELIEF_SCENARIO_KAMPUNG_DESCRIPTION">
      <Text>Insaatçilariniz artik Kampung iyilestirmeleri yapabilir. Loncalar ile kilidi açildi.</Text>
    </Row>
    <Row Tag="LOC_BELIEF_SCENARIO_MOSQUE_DESCRIPTION">
      <Text>Camilerin insasina izin verir (+3 [ICON_Faith] Inanç). Misyoner ve Kesis birimleri +1 Yayilma. Baski ile kilidi açilir.</Text>
    </Row>
    <Row Tag="LOC_BELIEF_SCENARIO_PAGODA_DESCRIPTION">
      <Text>Pagoda insasina izin verir (+3 [ICON_Faith] Inanç). Rahip birimleri +1 Sapkinligi Kaldir ve Guru +1 Iyilestirme Yükü. Baski ile kilidi açilir.</Text>
    </Row>
    <Row Tag="LOC_BELIEF_SCENARIO_WAT_DESCRIPTION">
      <Text>Wats insasina izin verir (+3 [ICON_Faith] Inanç, +1 [ICON_Housing] Konut). Baski ile açilir.</Text>
    </Row>
    <Row Tag="LOC_BELIEF_SCENARIO_HOLY_ORDER_DESCRIPTION">
      <Text>Misyonerler ve Kesisler %30 daha ucuza satin alinabilir.</Text>
    </Row>
    <Row Tag="LOC_BELIEF_SCENARIO_YOGA_NAME">
      <Text>Yoga</Text>
    </Row>
    <Row Tag="LOC_BELIEF_SCENARIO_YOGA_DESCRIPTION">
      <Text>Sivil birimleri [ICON_Faith] Inanç ile satin alabilir.</Text>
    </Row>
    <!-- Route-->
    <Row Tag="LOC_ROUTE_SCENARIO_ANCIENT_ROAD_DESCRIPTION">
      <Text>Bir yol karesinden digerine hareket eden herhangi bir birimin hareket hizini artirir [ICON_Movement].</Text>
    </Row>
    <Row Tag="LOC_ROUTE_SCENARIO_MEDIEVAL_ROAD_DESCRIPTION">
      <Text>Bir yol karesinden digerine hareket eden herhangi bir birimin hareket hizini artirir [ICON_Movement].</Text>
    </Row>
    <!-- Scoring-->
    <Row Tag="LOC_SCENARIO_CATEGORY_SCENARIO_FOLLOWERS_NAME">
      <Text>Dini Takip Eden Takipçiler</Text>
    </Row>
    <Row Tag="LOC_SCENARIO_CATEGORY_SCENARIO_FOREIGN_CITIES_NAME">
      <Text>Dini Takip Eden Yabanci Sehirler</Text>
    </Row>
    <Row Tag="LOC_SCENARIO_CATEGORY_SCENARIO_FAITH_NAME">
      <Text>Dönüs Basina Inanç</Text>
    </Row>
    <Row Tag="LOC_INDONESIAKHMER_SCENARIO_WORLD_RANKING_1">
      <Text>Özel Senaryo Kurallari:</Text>
    </Row>
    <Row Tag="LOC_INDONESIAKHMER_SCENARIO_WORLD_RANKING_2">
      <Text>Teknoloji Agaci, Altin, Diplomasi, Turizm veya Bilim yok. Kültür sinirlari sabittir. Özellikler kaldirilamaz.</Text>
    </Row>
    <Row Tag="LOC_INDONESIAKHMER_SCENARIO_WORLD_RANKING_3">
      <Text>Tüm Dini birimler 1 terfi ile baslar ve egitilebilir.</Text>
    </Row>
    <Row Tag="LOC_INDONESIAKHMER_SCENARIO_WORLD_RANKING_4">
      <Text>Sadece bir Sehir-Devleti Suzerain Bonusu, her Sehir-Devleti türüne ilave Verim veya [ICON_Amenities] Kolaylik ekler.</Text>
    </Row>
    <Row Tag="LOC_INDONESIAKHMER_SCENARIO_WORLD_RANKING_5">
      <Text>Tüccarlar yol yapmaz.</Text>
    </Row>
    <Row Tag="LOC_INDONESIAKHMER_SCENARIO_WORLD_RANKING_6">
      <Text>Puanlar suradan alinir:</Text>
    </Row>
    <Row Tag="LOC_INDONESIAKHMER_SCENARIO_WORLD_RANKING_7">
      <Text>Dininizin takipçileri: Bu Dinin her takipçisi için {1_Followers} {1_Followers: plural 1?Point  other?Points }.</Text>
    </Row>
    <Row Tag="LOC_INDONESIAKHMER_SCENARIO_WORLD_RANKING_8">
      <Text>Yabanci Sehirler:{2_Cities} {2_Cities : plural 1?Point  other?Points } bu Dini takip eden tüm yabanci sehirler için.</Text>
    </Row>
    <Row Tag="LOC_INDONESIAKHMER_SCENARIO_WORLD_RANKING_9">
      <Text>Inanç: [ICON_TURN] Dönüs basina her [ICON_FAITH] Inanç için {1_Faith} {2_Faith : plural 1?Point  other?Points }.</Text>
    </Row>
    <Row Tag="LOC_INDONESIAKHMER_SCENARIO_WORLD_RANKING_10">
      <Text>Bir Sehir-Devlete bir [ICON_ENVOY] Elçi gönderdiginizde, bu Sehir-Devlete 300 Dini baski ekler.</Text>
    </Row>
    <!-- Slots-->
    <Row Tag="LOC_SLOT_SCENARIO_RELIGIOUS_NAME">
      <Text>Dini</Text>
    </Row>
    <!-- Units-->
    <Row Tag="LOC_UNIT_SCENARIO_BUILDER_DESCRIPTION">
      <Text>Karo iyilestirmeleri olusturabilir veya bazi kaynaklari hasat edebilir. Insaatçilar 3 kez kullanilabilir. Bu sayi politikalar araciligiyla artirilabilir.</Text>
    </Row>
    <Row Tag="LOC_UNIT_SCENARIO_TRADER_DESCRIPTION">
      <Text>Tek bir [ICON_TradeRoute] Ticaret Rotasi olusturabilir ve sürdürebilir.</Text>
    </Row>
    <Row Tag="LOC_UNIT_SCENARIO_PRIEST_NAME">
      <Text>Rahip</Text>
    </Row>
    <Row Tag="LOC_UNIT_SCENARIO_MONK_NAME">
      <Text>Kesis</Text>
    </Row>
    <Row Tag="LOC_UI_RELIGION_PRIEST_TT">
      <Text>Rahipler kendi bölgelerindeki diger Dinlerin varligini ortadan kaldirabilir ve diger Dinlerin birimleriyle teolojik savas baslatabilir.</Text>
    </Row>
    <Row Tag="LOC_UI_RELIGION_MONK_TT">
      <Text>Kesisler Vatandaslari kendi Dinlerine döndürebilir [ICON_Citizen] ve diger Dinlerin birimleriyle teolojik savas baslatabilir.</Text>
    </Row>
    <!-- Unit Promotion Classes-->
    <Row Tag="LOC_PROMOTION_CLASS_SCENARIO_MISSIONARY_NAME">
      <Text>Dini Misyonerlik</Text>
    </Row>
    <Row Tag="LOC_PROMOTION_CLASS_SCENARIO_PRIEST_NAME">
      <Text>Dindar Rahip</Text>
    </Row>
    <Row Tag="LOC_PROMOTION_CLASS_SCENARIO_MONK_NAME">
      <Text>Dindar Kesis</Text>
    </Row>
    <Row Tag="LOC_PROMOTION_CLASS_SCENARIO_GURU_NAME">
      <Text>Dini Guru</Text>
    </Row>
    <!-- Unit Promotions-->
    <Row Tag="LOC_PROMOTION_SCENARIO_WALK_ON_WATER_NAME">
      <Text>Su Üzerinde Yürümek</Text>
    </Row>
    <Row Tag="LOC_PROMOTION_SCENARIO_WALK_ON_WATER_DESCRIPTION">
      <Text>Denizden veya nehirden hareket ederken [ICON_Movement] Hareket için ceza yok.</Text>
    </Row>
    <Row Tag="LOC_PROMOTION_SCENARIO_TRAVELER_NAME">
      <Text>Gezgin</Text>
    </Row>
    <Row Tag="LOC_PROMOTION_SCENARIO_TRAVELER_DESCRIPTION">
      <Text>Ormanda, Yagmur Ormaninda, Tepelerde veya Bataklikta Daha Hizli [ICON_Movement] Hareket.</Text>
    </Row>
    <Row Tag="LOC_PROMOTION_SCENARIO_PROPAGATOR_NAME">
      <Text>Propagatör</Text>
    </Row>
    <Row Tag="LOC_PROMOTION_SCENARIO_PROPAGATOR_DESCRIPTION">
      <Text>+2 [ICON_Movement] Hareket.</Text>
    </Row>
    <Row Tag="LOC_PROMOTION_SCENARIO_PRACTITIONER_NAME">
      <Text>Uygulayici</Text>
    </Row>
    <Row Tag="LOC_PROMOTION_SCENARIO_PRACTITIONER_DESCRIPTION">
      <Text>Yabanci topraklardayken Teolojik Savasta +10 [ICON_Religion] Dini Güç.</Text>
    </Row>
    <Row Tag="LOC_PROMOTION_SCENARIO_GARRISON_DESCRIPTION">
      <Text>Bir bölgeyi isgal ederken Teolojik Savasta +10 [ICON_Religion] Dini Güç.</Text>
    </Row>
    <Row Tag="LOC_PROMOTION_SCENARIO_ORATOR_DESCRIPTION">
      <Text>Sapkinligi fazladan 2 kez kaldirabilir.</Text>
    </Row>
    <Row Tag="LOC_PROMOTION_SCENARIO_ALCHEMIST_NAME">
      <Text>Simyaci</Text>
    </Row>
    <Row Tag="LOC_PROMOTION_SCENARIO_ALCHEMIST_DESCRIPTION">
      <Text>Orman, Yagmur Ormani, Tepe veya Bataklikta savunma yaparken Teolojik Savasta +7 [ICON_Religion] Dini Güç.</Text>
    </Row>
    <Row Tag="LOC_PROMOTION_SCENARIO_INTERPRETER_NAME">
      <Text>Tercüman</Text>
    </Row>
    <Row Tag="LOC_PROMOTION_SCENARIO_INTERPRETER_DESCRIPTION">
      <Text>Bu birim bir sehri ilk kez sizin Dininize dönüstürürse 75 [ICON_FAITH] Inanç kazanin.</Text>
    </Row>
    <Row Tag="LOC_PROMOTION_SCENARIO_SANGHA_NAME">
      <Text>Sangha</Text>
    </Row>
    <Row Tag="LOC_PROMOTION_SCENARIO_SANGHA_DESCRIPTION">
      <Text>2 kat yan bonus.</Text>
    </Row>
    <Row Tag="LOC_PROMOTION_SCENARIO_GUIDE_NAME">
      <Text>Kilavuz</Text>
    </Row>
    <Row Tag="LOC_PROMOTION_SCENARIO_GUIDE_DESCRIPTION">
      <Text>+1 [ICON_Movement] Sira basinda 2 karo içindeki Dini birimlere hareket.</Text>
    </Row>
    <Row Tag="LOC_PROMOTION_SCENARIO_SAGE_NAME">
      <Text>Sage</Text>
    </Row>
    <Row Tag="LOC_PROMOTION_SCENARIO_SAGE_DESCRIPTION">
      <Text>2 karo içindeki Dini birimlere karsi Teolojik Savasta +10 [ICON_Religion] Dini Güç.</Text>
    </Row>
    <Row Tag="LOC_PROMOTION_SCENARIO_TEACHER_NAME">
      <Text>Ögretmen</Text>
    </Row>
    <Row Tag="LOC_PROMOTION_SCENARIO_TEACHER_DESCRIPTION">
      <Text>Bu birim bir Sihhiye olarak çalisir ve 1 kare içindeki birimlere ekstra iyilestirme saglar.</Text>
    </Row>
    <Row Tag="LOC_PROMOTION_SCENARIO_MASTER_NAME">
      <Text>Usta</Text>
    </Row>
    <Row Tag="LOC_PROMOTION_SCENARIO_MASTER_DESCRIPTION">
      <Text>+1 Iyilestirme Yükü.</Text>
    </Row>
    <Row Tag="LOC_SCENARIO_SAGE_COMBAT_STRENGTH_AOE_RELIGIOUS_MODIFIER">
      <Text>Guru biriminin Bilge Terfisinden gelen Teolojik Savasta +10 [ICON_Religion] Dini Güç</Text>
    </Row>
    <Row Tag="LOC_SCENARIO_SAGE_COMBAT_STRENGTH_AOE_RELIGIOUS">
      <Text>2 karo içindeki Dini birimlere karsi Teolojik Savasta +10 [ICON_Religion] Dini Güç.</Text>
    </Row>
    <Row Tag="LOC_SCENARIO_GUIDE_MOVEMENT_AOE_RELIGIOUS">
      <Text>+1 [ICON_Movement] Sira basinda 2 karo içindeki Dini birimlere hareket.</Text>
    </Row>
    <Row Tag="LOC_CITY_STATES_SCENARIO_TYPE_MARITIME">
      <Text>Denizcilik</Text>
    </Row>
    <!--Citizen Names-->
    <Row Tag="LOC_CITIZEN_SCENARIO_TUFAN_MALE_1">
      <Text>Norbu</Text>
    </Row>
    <Row Tag="LOC_CITIZEN_SCENARIO_TUFAN_MALE_2">
      <Text>Phuntsok</Text>
    </Row>
    <Row Tag="LOC_CITIZEN_SCENARIO_TUFAN_MALE_3">
      <Text>Rabten</Text>
    </Row>
    <Row Tag="LOC_CITIZEN_SCENARIO_TUFAN_MALE_4">
      <Text>Tashi</Text>
    </Row>
    <Row Tag="LOC_CITIZEN_SCENARIO_TUFAN_MALE_5">
      <Text>Wangchuk</Text>
    </Row>
    <Row Tag="LOC_CITIZEN_SCENARIO_TUFAN_FEMALE_1">
      <Text>Dawa</Text>
    </Row>
    <Row Tag="LOC_CITIZEN_SCENARIO_TUFAN_FEMALE_2">
      <Text>Jungney</Text>
    </Row>
    <Row Tag="LOC_CITIZEN_SCENARIO_TUFAN_FEMALE_3">
      <Text>Pema</Text>
    </Row>
    <Row Tag="LOC_CITIZEN_SCENARIO_TUFAN_FEMALE_4">
      <Text>Rinchen</Text>
    </Row>
    <Row Tag="LOC_CITIZEN_SCENARIO_TUFAN_FEMALE_5">
      <Text>Tsering</Text>
    </Row>
    <Row Tag="LOC_GOVT_NO_MILITARY_SLOTS">
      <Text>Bu hükümet tarafindan hiçbir Askeri Politika yuvasi saglanmamaktadir.</Text>
    </Row>
    <Row Tag="LOC_GOVT_FILTER_MILITARY">
      <Text>Askeri</Text>
    </Row>
    <Row Tag="LOC_GOVT_POLICY_TYPE_MILITARY">
      <Text>Askeri Politikalar</Text>
    </Row>
    <!-- Victories -->
    <Row Tag="LOC_INDONESIAKHMER_SCENARIO_ENDGAME_RANKING_LEADER_1_NAME">
      <Text>Arahant</Text>
    </Row>
    <Row Tag="LOC_INDONESIAKHMER_SCENARIO_ENDGAME_RANKING_LEADER_2_NAME">
      <Text>Anāgāmi</Text>
    </Row>
    <Row Tag="LOC_INDONESIAKHMER_SCENARIO_ENDGAME_RANKING_LEADER_3_NAME">
      <Text>Sakadagami</Text>
    </Row>
    <Row Tag="LOC_INDONESIAKHMER_SCENARIO_ENDGAME_RANKING_LEADER_4_NAME">
      <Text>Sotāpanna</Text>
    </Row>
    <Row Tag="LOC_INDONESIAKHMER_SCENARIO_ENDGAME_RANKING_LEADER_5_NAME">
      <Text>Puthujjana</Text>
    </Row>
    <Row Tag="LOC_INDONESIAKHMER_SCENARIO_ENDGAME_RANKING_LEADER_1_QUOTE">
      <Text>Aydinlanmaya Ulasildi</Text>
    </Row>
    <Row Tag="LOC_INDONESIAKHMER_SCENARIO_ENDGAME_RANKING_LEADER_2_QUOTE">
      <Text>Fiziksel Dünyaya Geri Dönmeyen</Text>
    </Row>
    <Row Tag="LOC_INDONESIAKHMER_SCENARIO_ENDGAME_RANKING_LEADER_3_QUOTE">
      <Text>Fiziksel Dünyaya Bir Kez Geri Dönen</Text>
    </Row>
    <Row Tag="LOC_INDONESIAKHMER_SCENARIO_ENDGAME_RANKING_LEADER_4_QUOTE">
      <Text>Aydinlanma Yoluna Dogru Akisa Giren Bir Yolcu</Text>
    </Row>
    <Row Tag="LOC_INDONESIAKHMER_SCENARIO_ENDGAME_RANKING_LEADER_5_QUOTE">
      <Text>Siradan Bir Insan</Text>
    </Row>
  </EnglishText>
</GameData>