﻿<?xml version="1.0" encoding="utf-8"?>
<!-- edited with XMLSPY v2004 rel. 2 U (http://www.xmlspy.com) by matthew beach (Firaxis Games) -->
<GameData>
  <BaseGameText>
    <!-- City-State Empire Names-->
    <Row Tag="LOC_CIVILIZATION_SCENARIO_APUOLE_DESCRIPTION">
      <Text>Apuolė şehir devleti</Text>
    </Row>
    <Row Tag="LOC_CIVILIZATION_SCENARIO_ARLES_DESCRIPTION">
      <Text>Arles Krallığı</Text>
    </Row>
    <Row Tag="LOC_CIVILIZATION_SCENARIO_ASILAH_DESCRIPTION">
      <Text>Asilah şehir devleti</Text>
    </Row>
    <Row Tag="LOC_CIVILIZATION_SCENARIO_BALARM_DESCRIPTION">
      <Text>Sicilya Emirliği</Text>
    </Row>
    <Row Tag="LOC_CIVILIZATION_SCENARIO_DUMBARTON_DESCRIPTION">
      <Text>Alt Clut</Text>
    </Row>
    <Row Tag="LOC_CIVILIZATION_SCENARIO_GIJON_DESCRIPTION">
      <Text>Regnum Asturorum</Text>
    </Row>
    <Row Tag="LOC_CIVILIZATION_SCENARIO_KAIROUAN_DESCRIPTION">
      <Text>Zirid Hanedanlığı</Text>
    </Row>
    <Row Tag="LOC_CIVILIZATION_SCENARIO_PAMPLONA_DESCRIPTION">
      <Text>Nafarroako Erresuma</Text>
    </Row>
    <Row Tag="LOC_CIVILIZATION_SCENARIO_PISA_DESCRIPTION">
      <Text>Pisa Cumhuriyeti</Text>
    </Row>
    <Row Tag="LOC_CIVILIZATION_SCENARIO_PRESLAV_DESCRIPTION">
      <Text>Bulgar Hanlığı</Text>
    </Row>
    <Row Tag="LOC_CIVILIZATION_SCENARIO_ROME_DESCRIPTION">
      <Text>Pontificius Statüsü</Text>
    </Row>
    <Row Tag="LOC_CIVILIZATION_SCENARIO_TAMWORTH_DESCRIPTION">
      <Text>Miercna rīce</Text>
    </Row>
    <Row Tag="LOC_CIVILIZATION_SCENARIO_THETFORD_DESCRIPTION">
      <Text>Ēast Engla Rīce</Text>
    </Row>
    <Row Tag="LOC_CIVILIZATION_SCENARIO_TMUTARAKAN_DESCRIPTION">
      <Text>Tmutarakan şehir devleti</Text>
    </Row>
    <Row Tag="LOC_CIVILIZATION_SCENARIO_VENICE_DESCRIPTION">
      <Text>Repùblica Vèneta</Text>
    </Row>
    <Row Tag="LOC_CIVILIZATION_SCENARIO_WINCHESTER_DESCRIPTION">
      <Text>Westseaxna rīce</Text>
    </Row>
    <Row Tag="LOC_CIVILIZATION_SCENARIO_WOLIN_DESCRIPTION">
      <Text>Wòlin şehir devleti</Text>
    </Row>
    <Row Tag="LOC_CIVILIZATION_SCENARIO_YORK_DESCRIPTION">
      <Text>Norþhymbra rīce</Text>
    </Row>
    <!--Traits-->
    <Row Tag="LOC_TRAIT_CIVILIZATION_IMPROVEMENT_ALCAZAR_NAME">
      <Text>Endülüs'ün eşsiz gelişimi: Alcázar</Text>
    </Row>
    <Row Tag="TRAIT_CIVILIZATION_UNIT_MOORISH_FARFANES_NAME">
      <Text>Endülüs'e özgü bir birim: Farfanes</Text>
    </Row>
    <Row Tag="TRAIT_CIVILIZATION_IMPROVEMENT_MONASTERY_NAME">
      <Text>Benzersiz iyileştirme: Manastır</Text>
    </Row>
    <Row Tag="TRAIT_CIVILIZATION_UNIT_QUADRIREME_NAME">
      <Text>Bizans'ın eşsiz birimi: Quadrireme</Text>
    </Row>
    <Row Tag="TRAIT_CIVILIZATION_UNIT_FRANKISH_CABALLARII_NAME">
      <Text>Frenklere özgü birim: Caballarii</Text>
    </Row>
    <!--Denmark City Names-->
    <Row Tag="LOC_CITY_NAME_SCENARIO_ODENSE">
      <Text>Odense</Text>
    </Row>
    <Row Tag="LOC_CITY_NAME_SCENARIO_RIBE">
      <Text>Ribe</Text>
    </Row>
    <Row Tag="LOC_CITY_NAME_SCENARIO_ROSKILDE">
      <Text>Roskilde</Text>
    </Row>
    <Row Tag="LOC_CITY_NAME_SCENARIO_CAEN">
      <Text>Caen</Text>
    </Row>
    <Row Tag="LOC_CITY_NAME_SCENARIO_LUND">
      <Text>Lund</Text>
    </Row>
    <!--Sweden-->
    <Row Tag="LOC_CITY_NAME_SCENARIO_KOPINGSVIK">
      <Text>Köpingsvik</Text>
    </Row>
    <Row Tag="LOC_CITY_NAME_SCENARIO_BIRKA">
      <Text>Birka</Text>
    </Row>
    <Row Tag="LOC_CITY_NAME_SCENARIO_LADOGA">
      <Text>Ladoga</Text>
    </Row>
    <Row Tag="LOC_CITY_NAME_SCENARIO_KIEV">
      <Text>Kiev</Text>
    </Row>
    <Row Tag="LOC_CITY_NAME_SCENARIO_GNEZDOVO">
      <Text>Gnezdovo</Text>
    </Row>
    <!--Byzantium-->
    <Row Tag="LOC_CITY_NAME_SCENARIO_CONSTANTINOPLE">
      <Text>Konstantinopolis</Text>
    </Row>
    <Row Tag="LOC_CITY_NAME_SCENARIO_ATTALEIA">
      <Text>Attalea</Text>
    </Row>
    <Row Tag="LOC_CITY_NAME_SCENARIO_DYRRACHIUM">
      <Text>Dyrrhachium</Text>
    </Row>
    <Row Tag="LOC_CITY_NAME_SCENARIO_PHILIPPOPOLIS">
      <Text>Philippopolis</Text>
    </Row>
    <Row Tag="LOC_CITY_NAME_SCENARIO_TREBIZOND">
      <Text>Trebizond</Text>
    </Row>
    <!--Al-Andalus-->
    <Row Tag="LOC_CITY_NAME_SCENARIO_SEVILLE">
      <Text>Išbiliya</Text>
    </Row>
    <!--Francia-->
    <Row Tag="LOC_CITY_NAME_SCENARIO_AACHEN">
      <Text>Aix-la-Chapelle</Text>
    </Row>
    <Row Tag="LOC_CITY_NAME_SCENARIO_NARBONNE">
      <Text>Narbonne</Text>
    </Row>
    <Row Tag="LOC_CITY_NAME_SCENARIO_POITIERS">
      <Text>Poitiers</Text>
    </Row>
    <Row Tag="LOC_CITY_NAME_SCENARIO_RUSTRINGEN">
      <Text>Rüstringen</Text>
    </Row>
    <Row Tag="LOC_CITY_NAME_SCENARIO_UTRECHT">
      <Text>Utrecht</Text>
    </Row>
    <!--City-States-->
    <Row Tag="LOC_CITY_NAME_SCENARIO_APUOLE">
      <Text>Apuolė</Text>
    </Row>
    <Row Tag="LOC_CITY_NAME_SCENARIO_ARLES">
      <Text>Arles</Text>
    </Row>
    <Row Tag="LOC_CITY_NAME_SCENARIO_ASILAH">
      <Text>Asilah</Text>
    </Row>
    <Row Tag="LOC_CITY_NAME_SCENARIO_BALARM">
      <Text>Balarm</Text>
    </Row>
    <Row Tag="LOC_CITY_NAME_SCENARIO_DUMBARTON">
      <Text>Dùn Breatann</Text>
    </Row>
    <Row Tag="LOC_CITY_NAME_SCENARIO_GIJON">
      <Text>Xixón</Text>
    </Row>
    <Row Tag="LOC_CITY_NAME_SCENARIO_KAIROUAN">
      <Text>Al-Qayrawan</Text>
    </Row>
    <Row Tag="LOC_CITY_NAME_SCENARIO_PAMPLONA">
      <Text>Iruñea</Text>
    </Row>
    <Row Tag="LOC_CITY_NAME_SCENARIO_PISA">
      <Text>Pisa</Text>
    </Row>
    <Row Tag="LOC_CITY_NAME_SCENARIO_ROME">
      <Text>Roma</Text>
    </Row>
    <Row Tag="LOC_CITY_NAME_SCENARIO_TAMWORTH">
      <Text>Tamworth</Text>
    </Row>
    <Row Tag="LOC_CITY_NAME_SCENARIO_THETFORD">
      <Text>Thetford</Text>
    </Row>
    <Row Tag="LOC_CITY_NAME_SCENARIO_TMUTARAKAN">
      <Text>Tmutarakan</Text>
    </Row>
    <Row Tag="LOC_CITY_NAME_SCENARIO_VENICE">
      <Text>Venèxia</Text>
    </Row>
    <Row Tag="LOC_CITY_NAME_SCENARIO_WINCHESTER">
      <Text>Wintanceaster</Text>
    </Row>
    <Row Tag="LOC_CITY_NAME_SCENARIO_WOLIN">
      <Text>Wòlin</Text>
    </Row>
    <Row Tag="LOC_CITY_NAME_SCENARIO_YORK">
      <Text>Eoforwic</Text>
    </Row>
    <!--City-States-->
    <Row Tag="LOC_CIVILIZATION_SCENARIO_APUOLE_NAME">
      <Text>Apuolė</Text>
    </Row>
    <Row Tag="LOC_CIVILIZATION_SCENARIO_ARLES_NAME">
      <Text>Arles</Text>
    </Row>
    <Row Tag="LOC_CIVILIZATION_SCENARIO_ASILAH_NAME">
      <Text>Asilah</Text>
    </Row>
    <Row Tag="LOC_CIVILIZATION_SCENARIO_BALARM_NAME">
      <Text>Sicilya</Text>
    </Row>
    <Row Tag="LOC_CIVILIZATION_SCENARIO_DUMBARTON_NAME">
      <Text>Dùn Breatann</Text>
    </Row>
    <Row Tag="LOC_CIVILIZATION_SCENARIO_GIJON_NAME">
      <Text>Asturies</Text>
    </Row>
    <Row Tag="LOC_CIVILIZATION_SCENARIO_KAIROUAN_NAME">
      <Text>Zirid</Text>
    </Row>
    <Row Tag="LOC_CIVILIZATION_SCENARIO_PAMPLONA_NAME">
      <Text>Nafarroako</Text>
    </Row>
    <Row Tag="LOC_CIVILIZATION_SCENARIO_PISA_NAME">
      <Text>Pisa</Text>
    </Row>
    <Row Tag="LOC_CIVILIZATION_SCENARIO_PRESLAV_NAME">
      <Text>Bulgaristan</Text>
    </Row>
    <Row Tag="LOC_CIVILIZATION_SCENARIO_ROME_NAME">
      <Text>Roma</Text>
    </Row>
    <Row Tag="LOC_CIVILIZATION_SCENARIO_TAMWORTH_NAME">
      <Text>Mercia</Text>
    </Row>
    <Row Tag="LOC_CIVILIZATION_SCENARIO_THETFORD_NAME">
      <Text>Doğu Anglia</Text>
    </Row>
    <Row Tag="LOC_CIVILIZATION_SCENARIO_TMUTARAKAN_NAME">
      <Text>Tmutarakan</Text>
    </Row>
    <Row Tag="LOC_CIVILIZATION_SCENARIO_VENICE_NAME">
      <Text>Venèxia</Text>
    </Row>
    <Row Tag="LOC_CIVILIZATION_SCENARIO_WINCHESTER_NAME">
      <Text>Wessex</Text>
    </Row>
    <Row Tag="LOC_CIVILIZATION_SCENARIO_WOLIN_NAME">
      <Text>Wòlin</Text>
    </Row>
    <Row Tag="LOC_CIVILIZATION_SCENARIO_YORK_NAME">
      <Text>Northumbria</Text>
    </Row>
    <!-- Civilizations Adj-->
    <Row Tag="LOC_CIVILIZATION_SCENARIO_DENMARK_ADJECTIVE">
      <Text>Danimarka</Text>
    </Row>
    <Row Tag="LOC_CIVILIZATION_SCENARIO_SWEDEN_ADJECTIVE">
      <Text>İsveç</Text>
    </Row>
    <Row Tag="LOC_CIVILIZATION_SCENARIO_AL_ANDALUS_ADJECTIVE">
      <Text>Endülüs</Text>
    </Row>
    <Row Tag="LOC_CIVILIZATION_SCENARIO_BYZANTIUM_ADJECTIVE">
      <Text>Bizans</Text>
    </Row>
    <Row Tag="LOC_CIVILIZATION_SCENARIO_FRANCIA_ADJECTIVE">
      <Text>Frenkçe</Text>
    </Row>
    <!--City-States Adj-->
    <Row Tag="LOC_CIVILIZATION_SCENARIO_APUOLE_ADJECTIVE">
      <Text>Curonian</Text>
    </Row>
    <Row Tag="LOC_CIVILIZATION_SCENARIO_ARLES_ADJECTIVE">
      <Text>Arles</Text>
    </Row>
    <Row Tag="LOC_CIVILIZATION_SCENARIO_ASILAH_ADJECTIVE">
      <Text>Asilah</Text>
    </Row>
    <Row Tag="LOC_CIVILIZATION_SCENARIO_BALARM_ADJECTIVE">
      <Text>Sicilya</Text>
    </Row>
    <Row Tag="LOC_CIVILIZATION_SCENARIO_DUMBARTON_ADJECTIVE">
      <Text>Dùn Breatann</Text>
    </Row>
    <Row Tag="LOC_CIVILIZATION_SCENARIO_GIJON_ADJECTIVE">
      <Text>Asturien</Text>
    </Row>
    <Row Tag="LOC_CIVILIZATION_SCENARIO_KAIROUAN_ADJECTIVE">
      <Text>Zirid</Text>
    </Row>
    <Row Tag="LOC_CIVILIZATION_SCENARIO_PAMPLONA_ADJECTIVE">
      <Text>Iruñean</Text>
    </Row>
    <Row Tag="LOC_CIVILIZATION_SCENARIO_PISA_ADJECTIVE">
      <Text>Pisan</Text>
    </Row>
    <Row Tag="LOC_CIVILIZATION_SCENARIO_ROME_ADJECTIVE">
      <Text>Roman</Text>
    </Row>
    <Row Tag="LOC_CIVILIZATION_SCENARIO_PRESLAV_ADJECTIVE">
      <Text>Bulgarca</Text>
    </Row>
    <Row Tag="LOC_CIVILIZATION_SCENARIO_TAMWORTH_ADJECTIVE">
      <Text>Mercian</Text>
    </Row>
    <Row Tag="LOC_CIVILIZATION_SCENARIO_THETFORD_ADJECTIVE">
      <Text>Doğu Anglian</Text>
    </Row>
    <Row Tag="LOC_CIVILIZATION_SCENARIO_TMUTARAKAN_ADJECTIVE">
      <Text>Tmutarakan</Text>
    </Row>
    <Row Tag="LOC_CIVILIZATION_SCENARIO_VENICE_ADJECTIVE">
      <Text>Venèxian</Text>
    </Row>
    <Row Tag="LOC_CIVILIZATION_SCENARIO_WINCHESTER_ADJECTIVE">
      <Text>Wessexian</Text>
    </Row>
    <Row Tag="LOC_CIVILIZATION_SCENARIO_WOLIN_ADJECTIVE">
      <Text>Wòlin</Text>
    </Row>
    <Row Tag="LOC_CIVILIZATION_SCENARIO_YORK_ADJECTIVE">
      <Text>Northumbrian</Text>
    </Row>
    <!--Denmark-->
    <Row Tag="LOC_CITIZEN_DENMARK_SCENARIO_MALE_1">
      <Text>Magnus</Text>
    </Row>
    <Row Tag="LOC_CITIZEN_DENMARK_SCENARIO_MALE_2">
      <Text>Bjørk</Text>
    </Row>
    <Row Tag="LOC_CITIZEN_DENMARK_SCENARIO_MALE_3">
      <Text>Hrólfr</Text>
    </Row>
    <Row Tag="LOC_CITIZEN_DENMARK_SCENARIO_MALE_4">
      <Text>Gorm</Text>
    </Row>
    <Row Tag="LOC_CITIZEN_DENMARK_SCENARIO_MALE_5">
      <Text>Fróði</Text>
    </Row>
    <Row Tag="LOC_CITIZEN_DENMARK_SCENARIO_FEMALE_1">
      <Text>Helga</Text>
    </Row>
    <Row Tag="LOC_CITIZEN_DENMARK_SCENARIO_FEMALE_2">
      <Text>Tófa</Text>
    </Row>
    <Row Tag="LOC_CITIZEN_DENMARK_SCENARIO_FEMALE_3">
      <Text>Wealhþeow</Text>
    </Row>
    <Row Tag="LOC_CITIZEN_DENMARK_SCENARIO_FEMALE_4">
      <Text>Aslaug</Text>
    </Row>
    <Row Tag="LOC_CITIZEN_DENMARK_SCENARIO_FEMALE_5">
      <Text>Thyra</Text>
    </Row>
    <!--Sweden-->
    <Row Tag="LOC_CITIZEN_SWEDEN_MALE_1">
      <Text>Axel</Text>
    </Row>
    <Row Tag="LOC_CITIZEN_SWEDEN_SCENARIO_MALE_2">
      <Text>Håkan</Text>
    </Row>
    <Row Tag="LOC_CITIZEN_SWEDEN_SCENARIO_MALE_3">
      <Text>Anund</Text>
    </Row>
    <Row Tag="LOC_CITIZEN_SWEDEN_SCENARIO_MALE_4">
      <Text>Sven</Text>
    </Row>
    <Row Tag="LOC_CITIZEN_SWEDEN_SCENARIO_MALE_5">
      <Text>Alf</Text>
    </Row>
    <Row Tag="LOC_CITIZEN_SWEDEN_SCENARIO_FEMALE_1">
      <Text>Astrid</Text>
    </Row>
    <Row Tag="LOC_CITIZEN_SWEDEN_SCENARIO_FEMALE_2">
      <Text>Gunnhildr</Text>
    </Row>
    <Row Tag="LOC_CITIZEN_SWEDEN_SCENARIO_FEMALE_3">
      <Text>Ingeborg</Text>
    </Row>
    <Row Tag="LOC_CITIZEN_SWEDEN_SCENARIO_FEMALE_4">
      <Text>Þóra</Text>
    </Row>
    <Row Tag="LOC_CITIZEN_SWEDEN_SCENARIO_FEMALE_5">
      <Text>Christina</Text>
    </Row>
    <!--Great Admirals-->
    <Row Tag="LOC_GREAT_PERSON_INDIVIDUAL_SCENARIO_BJARNI_NAME">
      <Text>Bjarni Herjolfsson</Text>
    </Row>
    <Row Tag="LOC_GREAT_PERSON_INDIVIDUAL_SCENARIO_ERIK_NAME">
      <Text>Kızıl Erik</Text>
    </Row>
    <Row Tag="LOC_GREAT_PERSON_INDIVIDUAL_SCENARIO_INGVAR_NAME">
      <Text>Yngvarr víðförli</Text>
    </Row>
    <Row Tag="LOC_GREAT_PERSON_INDIVIDUAL_SCENARIO_FREYDIS_NAME">
      <Text>Freydís Eiríksdóttir</Text>
    </Row>
    <!--Great Generals  -->
    <Row Tag="LOC_GREAT_PERSON_INDIVIDUAL_SCENARIO_HALFDAN_NAME">
      <Text>Hálfdan Ragnarsson</Text>
    </Row>
    <Row Tag="LOC_GREAT_PERSON_INDIVIDUAL_SCENARIO_RORIK_NAME">
      <Text>Dorestadlı Rorik</Text>
    </Row>
    <Row Tag="LOC_GREAT_PERSON_INDIVIDUAL_SCENARIO_SVIATOSLAV_NAME">
      <Text>Cesur Sviatoslav</Text>
    </Row>
    <Row Tag="LOC_GREAT_PERSON_INDIVIDUAL_SCENARIO_OLAF_NAME">
      <Text>Olaf Tryggvason</Text>
    </Row>
    <Row Tag="LOC_GREAT_PERSON_INDIVIDUAL_SCENARIO_WILLIAM_NAME">
      <Text>Fatih William</Text>
    </Row>
    <Row Tag="LOC_GREAT_PERSON_INDIVIDUAL_SCENARIO_THORFIN_NAME">
      <Text>Kudretli Thorfinn</Text>
    </Row>
    <Row Tag="LOC_GREAT_PERSON_INDIVIDUAL_SCENARIO_ROGER_NAME">
      <Text>Sicilyalı Roger I</Text>
    </Row>
    <Row Tag="LOC_GREATPERSON_ADJACENT_PIOPIOTAHI_GOLD">
      <Text>Vinland'a bitişikken, etkinleştirme sırasına göre +500 [ICON_Gold] Altın ve Zafer Puanı kazanın.</Text>
    </Row>
    <Row Tag="LOC_GREATPERSON_HALFDAN_ACTIVE">
      <Text>1 Berserker birimi verin.</Text>
    </Row>
    <Row Tag="LOC_GREATPERSON_OLAF_ACTIVE">
      <Text>1 Misyonerlik birimi hibe edin.</Text>
    </Row>
    <Row Tag="LOC_GREATPERSON_WILLIAM_ACTIVE">
      <Text>+1 [ICON_TradeRoute] Ticaret Yolu kapasitesi. Bir Tüccar birimi verir.</Text>
    </Row>
    <Row Tag="LOC_GREATPERSON_ROGER_ACTIVE">
      <Text>1 terfi seviyesi ile 1 Mancınık birimi verin.</Text>
    </Row>
    <!--Technologies Name-->
    <Row Tag="LOC_TECH_SCENARIO_LONGSHIPS_NAME">
      <Text>Uzun Gemiler</Text>
    </Row>
    <Row Tag="LOC_TECH_SCENARIO_MEAD_HALLS_NAME">
      <Text>Mead Salonları</Text>
    </Row>
    <Row Tag="LOC_TECH_SCENARIO_PORTAGE_NAME">
      <Text>Portage</Text>
    </Row>
    <Row Tag="LOC_TECH_SCENARIO_SHIELDWALL_NAME">
      <Text>Kalkan Duvar</Text>
    </Row>
    <Row Tag="LOC_TECH_SCENARIO_KNARRS_NAME">
      <Text>Knarrs</Text>
    </Row>
    <Row Tag="LOC_TECH_SCENARIO_LANCES_NAME">
      <Text>Mızraklar</Text>
    </Row>
    <Row Tag="LOC_TECH_SCENARIO_GREAT_HEATHEN_ARMY_NAME">
      <Text>Büyük Kâfir Ordusu</Text>
    </Row>
    <Row Tag="LOC_TECH_SCENARIO_HACKSILVER_NAME">
      <Text>Hacksilver</Text>
    </Row>
    <!--Technologies Description-->
    <Row Tag="LOC_TECH_SCENARIO_SAILING_DESCRIPTION">
      <Text>Tüm deniz birimleri için +1 Hareket ve tüm kara birimlerinin gemiye çıkmasına izin verir.</Text>
    </Row>
    <Row Tag="LOC_TECH_SCENARIO_PORTAGE_DESCRIPTION">
      <Text>Nehir geçişleri daha fazla harekete mal olmaz.</Text>
    </Row>
    <Row Tag="LOC_TECH_SCENARIO_KNARRS_DESCRIPTION">
      <Text>Tüm birimler Okyanus'a geçebilir.</Text>
    </Row>
    <Row Tag="LOC_TECH_SCENARIO_HACKSILVER_DESCRIPTION">
      <Text>Ticari Merkezler ve Limanlar +1 Ticaret Yoluna sahiptir.</Text>
    </Row>
    <!--Technologies Boost-->
    <Row Tag="LOC_BOOST_TRIGGER_SCENARIO_PORTAGE">
      <Text>2 okçunuz var.</Text>
    </Row>
    <Row Tag="LOC_BOOST_TRIGGER_SCENARIO_STIRRIPS">
      <Text>Bir taş yağmalayın.</Text>
    </Row>
    <Row Tag="LOC_BOOST_TRIGGER_SCENARIO_SHIELDWALL">
      <Text>Bir Settler birimi var.</Text>
    </Row>
    <Row Tag="LOC_BOOST_TRIGGER_SCENARIO_KNARRS">
      <Text>Naval Empire Civic'e sahip olun.</Text>
    </Row>
    <Row Tag="LOC_BOOST_TRIGGER_SCENARIO_ENGINEERING">
      <Text>2 Taş Ocağı inşa edin.</Text>
    </Row>
    <Row Tag="LOC_BOOST_TRIGGER_SCENARIO_LANCES">
      <Text>Bir Şövalye birimini öldür.</Text>
    </Row>
    <Row Tag="LOC_BOOST_TRIGGER_SCENARIO_GREAT_HEATHEN_ARMY">
      <Text>3 Longship birimimiz var.</Text>
    </Row>
    <Row Tag="LOC_BOOST_TRIGGER_SCENARIO_HACKSILVER">
      <Text>4 Ticaret Rotası yapın.</Text>
    </Row>
    <Row Tag="LOC_BOOST_TRIGGER_SCENARIO_MACHINERY">
      <Text>2 Su Kemeri inşa edin.</Text>
    </Row>
    <Row Tag="LOC_BOOST_TRIGGER_SCENARIO_MILITARY_TACTICS">
      <Text>2 Şövalye birimimiz var.</Text>
    </Row>
    <Row Tag="LOC_BOOST_TRIGGER_SCENARIO_SHIPBUILDING">
      <Text>Harika Bir Amiral Kazanın.</Text>
    </Row>
    <Row Tag="LOC_BOOST_TRIGGER_SCENARIO_MEDIEVAL_FAIRES">
      <Text>12 Nüfuslu Bir Şehre Sahip Olun.</Text>
    </Row>
    <Row Tag="LOC_BOOST_TRIGGER_SCENARIO_MILITARY_ENGINEERING">
      <Text>Bir Şehir Yakalayın.</Text>
    </Row>
    <Row Tag="LOC_BOOST_TRIGGER_SCENARIO_CASTLES">
      <Text>2 Arbaletçi var.</Text>
    </Row>
    <!--Technologies Boost Description-->
    <Row Tag="LOC_BOOST_TRIGGER_LONGDESC_SCENARIO_PORTAGE">
      <Text>Okçular inşa ettikten sonra büyük ordunuz nehirlerin ötesinde ne olduğunu görmeyi umuyor.</Text>
    </Row>
    <Row Tag="LOC_BOOST_TRIGGER_LONGDESC_SCENARIO_STIRRIPS">
      <Text>Belki süvari birimleri daha fazla taş yağmalamanıza yardımcı olur?</Text>
    </Row>
    <Row Tag="LOC_BOOST_TRIGGER_LONGDESC_SCENARIO_SHIELDWALL">
      <Text>Yeni şehirler kendilerini savunmak için yeni bir birim oluşturuyor.</Text>
    </Row>
    <Row Tag="LOC_BOOST_TRIGGER_LONGDESC_SCENARIO_KNARRS">
      <Text>Daha büyük bir donanma filosuyla Okyanus'a açılabilirler mi?</Text>
    </Row>
    <Row Tag="LOC_BOOST_TRIGGER_LONGDESC_SCENARIO_ENGINEERING">
      <Text>Taş ocaklarınızdan çıkan taşlar artık bize büyük mühendislik eserlerinin temelini oluşturuyor.</Text>
    </Row>
    <Row Tag="LOC_BOOST_TRIGGER_LONGDESC_SCENARIO_LANCES">
      <Text>Artık bir Şövalye öldürdüğünüze göre belki Vikingleriniz bir Şövalye ile fethedebilir?</Text>
    </Row>
    <Row Tag="LOC_BOOST_TRIGGER_LONGDESC_SCENARIO_GREAT_HEATHEN_ARMY">
      <Text>3 uzun gemi ile ordunuz herhangi bir şehri istila edebilir.</Text>
    </Row>
    <Row Tag="LOC_BOOST_TRIGGER_LONGDESC_SCENARIO_HACKSILVER">
      <Text>Şimdi dört ticaret rotası oluşturduğunuza göre, ticaret imparatorluğunuz nasıl genişliyor?</Text>
    </Row>
    <Row Tag="LOC_BOOST_TRIGGER_LONGDESC_SCENARIO_MILITARY_TACTICS">
      <Text>Ordunuzda artık daha fazla süvari var, belki de piyade eklemelisiniz?</Text>
    </Row>
    <Row Tag="LOC_BOOST_TRIGGER_LONGDESC_SCENARIO_SHIPBUILDING">
      <Text>Büyük bir Amiral, halkınıza yeni gemi inşa yöntemleri geliştirmeleri için ilham verdi.</Text>
    </Row>
    <Row Tag="LOC_BOOST_TRIGGER_LONGDESC_SCENARIO_MEDIEVAL_FAIRES">
      <Text>Daha fazla vatandaşla belki eğlenceyi severler?</Text>
    </Row>
    <Row Tag="LOC_BOOST_TRIGGER_LONGDESC_SCENARIO_MILITARY_ENGINEERING">
      <Text>Bir şehrin ilham verici bir şekilde ele geçirilmesinden sonra, halkınız daha da etkili kuşatma fikirleri bulmak için ilham alır.</Text>
    </Row>
    <!--Civics Name-->
    <Row Tag="LOC_CIVIC_SCENARIO_NAVAL_EMPIRE_NAME">
      <Text>Deniz İmparatorluğu</Text>
    </Row>
    <Row Tag="LOC_CIVIC_SCENARIO_MONOTHEISM_NAME">
      <Text>Tektanrıcılık</Text>
    </Row>
    <Row Tag="LOC_CIVIC_SCENARIO_VIKING_NAME">
      <Text>Viking</Text>
    </Row>
    <!--Civics Description-->
    <Row Tag="LOC_CIVIC_SCENARIO_VIKING_DESCRIPTION">
      <Text>Tüm yakın dövüş birimlerine kanat ve destek muharebesi bonusları verir.</Text>
    </Row>
    <Row Tag="LOC_CIVIC_SCENARIO_FEUDALISM_DESCRIPTION">
      <Text>+1 [ICON_Food] Çiftlik iyileştirmelerinden elde edilen gıda.</Text>
    </Row>
    <!--Civics Boost-->
    <Row Tag="LOC_BOOST_TRIGGER_SCENARIO_NAVAL_TRADITION">
      <Text>3 Liman inşa edin.</Text>
    </Row>
    <Row Tag="LOC_BOOST_TRIGGER_SCENARIO_MILITARY_TRADITION">
      <Text>Berserker birimiyle bir birim öldür.</Text>
    </Row>
    <Row Tag="LOC_BOOST_TRIGGER_SCENARIO_NAVAL_EMPIRE">
      <Text>Bir Viking Uzun Gemisi ile savaş kazan.</Text>
    </Row>
    <Row Tag="LOC_BOOST_TRIGGER_SCENARIO_MILITARY_TRAINING">
      <Text>6 kara birimimiz var.</Text>
    </Row>
    <Row Tag="LOC_BOOST_TRIGGER_SCENARIO_MONOTHEISM">
      <Text>Çoğunluk Dinine Sahip Olun.</Text>
    </Row>
    <Row Tag="LOC_BOOST_TRIGGER_SCENARIO_VIKING">
      <Text>2 Huscarl'ım var</Text>
    </Row>
    <Row Tag="LOC_BOOST_TRIGGER_SCENARIO_FEUDALISM">
      <Text>Bir şehri 14 nüfusa kadar büyütün.</Text>
    </Row>
    <Row Tag="LOC_BOOST_TRIGGER_SCENARIO_THEOLOGY">
      <Text>3 Misyonerimiz var.</Text>
    </Row>
    <Row Tag="LOC_BOOST_TRIGGER_SCENARIO_MERCENARIES">
      <Text>10 Kara birimi var.</Text>
    </Row>
    <Row Tag="LOC_BOOST_TRIGGER_SCENARIO_RECORDED_HISTORY">
      <Text>Araştırma Makineleri</Text>
    </Row>
    <Row Tag="LOC_BOOST_TRIGGER_SCENARIO_GUILDS">
      <Text>Build 4 Piyasalar</Text>
    </Row>
    <Row Tag="LOC_BOOST_TRIGGER_SCENARIO_DIVINE_RIGHT">
      <Text>Dininizi takip eden 15 şehir var.</Text>
    </Row>
    <Row Tag="LOC_BOOST_TRIGGER_SCENARIO_EXPLORATION">
      <Text>Doğal Mucizeyi Bulun.</Text>
    </Row>
    <Row Tag="LOC_BOOST_TRIGGER_SCENARIO_REFORMED_CHURCH">
      <Text>İki misyonerimiz var.</Text>
    </Row>
    <!--Civics Boost Description-->
    <Row Tag="LOC_BOOST_TRIGGER_LONGDESC_SCENARIO_MILITARY_TRADITION">
      <Text>Artık bir berserker ile öldürdüğüne göre ordunu büyütebilir misin?</Text>
    </Row>
    <Row Tag="LOC_BOOST_TRIGGER_LONGDESC_SCENARIO_NAVAL_TRADITION">
      <Text>Limanlar inşa ettikten sonra donanmanız genişledi.</Text>
    </Row>
    <Row Tag="LOC_BOOST_TRIGGER_LONGDESC_SCENARIO_MILITARY_TRAINING">
      <Text>Büyük bir orduya sahip olan ordunuz çeşitlendirmek ister.</Text>
    </Row>
    <Row Tag="LOC_BOOST_TRIGGER_LONGDESC_SCENARIO_MONOTHEISM">
      <Text>Halkınız Pagan fikirlerinden uzaklaşmaya başladı. Artık ahşap kiliseler inşa etmeye başladılar.</Text>
    </Row>
    <Row Tag="LOC_BOOST_TRIGGER_LONGDESC_SCENARIO_VIKING">
      <Text>Artık ordunuz daha büyük olduğuna göre Viking'e gitme zamanı geldi!</Text>
    </Row>
    <Row Tag="LOC_BOOST_TRIGGER_LONGDESC_SCENARIO_THEOLOGY">
      <Text>Daha fazla Kutsal Yer ile ilahiyatçılarınız yayılmaya başladı.</Text>
    </Row>
    <Row Tag="LOC_BOOST_TRIGGER_LONGDESC_SCENARIO_RECORDED_HISTORY">
      <Text>Makine keşfiniz kayıp Kilise kayıtlarına karşı çıkabilir.</Text>
    </Row>
    <Row Tag="LOC_BOOST_TRIGGER_LONGDESC_SCENARIO_EXPLORATION">
      <Text>Artık Vinland'ı bulduğunuza göre hükümetiniz nasıl değişecek?</Text>
    </Row>
    <Row Tag="LOC_BOOST_TRIGGER_LONGDESC_SCENARIO_REFORMED_CHURCH">
      <Text>İlahiyatçıları işe aldıktan sonra halkınız yeni dini uygulamalar oluşturmaya başlıyor.</Text>
    </Row>
    <!--Scoring-->
    <Row Tag="LOC_CATEGORY_SCENARIO_VINLAND_NAME">
      <Text>Vinland</Text>
    </Row>
    <Row Tag="LOC_LINE_ITEM_PLUNDER_NAME">
      <Text>Yağma</Text>
    </Row>
    <Row Tag="LOC_LINE_ITEM_TRADE_NAME">
      <Text>Ticaret</Text>
    </Row>
    <Row Tag="LOC_LINE_ITEM_VINLAND_NAME">
      <Text>Vinland</Text>
    </Row>
    <Row Tag="LOC_VIKING_SCENARIO_RELIGION_DESCRIPTION">
      <Text>Senaryoda öncelikle Kutsal Alanları, Alkazarları, Manastırları ve Plantasyonları yağmalayarak [ICON_Faith] İnanç kazanacaksınız. Her [ICON_Faith] İnanç kazandığınızda, şehirleriniz Katolikliği benimseme yönünde daha fazla baskı kazanır.</Text>
    </Row>
    <Row Tag="LOC_VIKING_SCENARIO_SCORING_DESCRIPTION1">
      <Text>Şehirler yerle bir edilemez. Tüccarlar ve Amiraller şehirler arasında transfer edilemez. Zafer Puanları aşağıdaki şekilde kazanılır:[NEWLINE][ICON_Bullet]İmparatorluk: {1_CityVP} Şehir başına VP. {2_PopVP} Nüfus başına VP.[NEWLINE][ICON_Bullet]Prestij: {3_GPVP} Kazanılan her [ICON_GreatPerson] Büyük Kişi için VP.[NEWLINE][ICON_Bullet]Ticaret: {4_TradeVP} [ICON_TradeRoute] Ticaret Yolu kapasitesi başına VP.[NEWLINE][ICON_Bullet]Yağma: {5_PillageVP} Yağmalanan taş başına VP.</Text>
    </Row>
    <Row Tag="LOC_VIKING_SCENARIO_SCORING_DESCRIPTION2">
      <Text>[NEWLINE][ICON_Bullet]Vinland: {1_VinlandA} Vinland'a bitişik bir [ICON_GreatAdmiral] Büyük Amiral'i ilk etkinleştiren VP, ikincisi için {2_VinlandB}, üçüncüsü için {3_VinlandC}, daha sonra {4_VinlandD}.</Text>
    </Row>
    <Row Tag="LOC_VIKING_SCENARIO_SCORING_DESCRIPTION3">
      <Text>[NEWLINE][ICON_Bullet]Din: {1_PillageEarly} [ICON_Faith] İnanç başına VP, şehirlerinizin yarısından azı aynı dine sahip olduğunda bir kareyi yağmalamak için kazanılır. {2_PopLate} Şehirlerinizin yarısı veya daha fazlası aynı dine sahip olduğunda nüfus başına VP eklenir.[NEWLINE][ICON_Bullet]Bonus: Son turda {3_GoldEnd} Viking oyuncusunun hazinesindeki her {4_GoldPer} [ICON_Gold] Altın için VP ve {5_FaithEnd} Bir Viking oyuncusunun o anda sahip olduğu her {6_FaithPer} [ICON_Faith] İnanç için VP.</Text>
    </Row>
    <!--Features-->
    <Row Tag="LOC_FEATURE_SCENARIO_VINLAND_NAME">
      <Text>Vinland</Text>
    </Row>
    <Row Tag="LOC_FEATURE_SCENARIO_VINLAND_DESCRIPTION">
      <Text>VP Puanları: Birinci için 1000, ikinci için 500, üçüncü için 300, dördüncü için 100 ve beşinci için 100.</Text>
    </Row>
    <!--Policies-->
    <Row Tag="LOC_POLICY_SCENARIO_LEIDANGR_NAME">
      <Text>Leiðangr</Text>
    </Row>
    <Row Tag="LOC_POLICY_SCENARIO_VOLLEY_NAME">
      <Text>Voleybol</Text>
    </Row>
    <Row Tag="LOC_POLICY_SCENARIO_THING_NAME">
      <Text>Şey</Text>
    </Row>
    <Row Tag="LOC_POLICY_SCENARIO_TRAVELING_MONKS_NAME">
      <Text>Gezgin Keşişler</Text>
    </Row>
    <!--Policies Descriptions-->
    <Row Tag="LOC_POLICY_SCENARIO_CARAVANSERIES_DESCRIPTION">
      <Text>Uluslararası [ICON_TradeRoute] Ticaret Yollarından +2 [ICON_Gold] Altın.</Text>
    </Row>
    <Row Tag="LOC_POLICY_SCENARIO_CHIVALRY_DESCRIPTION">
      <Text>Binek birimlere yönelik +%100 [ICON_Production] Üretim.</Text>
    </Row>
    <Row Tag="LOC_POLICY_SCENARIO_FEUDAL_CONTRACT_DESCRIPTION">
      <Text>Yakın dövüş birimlerine karşı +%50 [ICON_Production] Üretim.</Text>
    </Row>
    <Row Tag="LOC_POLICY_SCENARIO_MARITIME_INDUSTRIES_DESCRIPTION">
      <Text>Donanma birimlerine yönelik +%100 [ICON_Production] Üretim.</Text>
    </Row>
    <Row Tag="LOC_POLICY_SCENARIO_MERITOCRACY_DESCRIPTION">
      <Text>Her şehir inşa ettiği her uzmanlık bölgesi için +1 [ICON_FAITH] İnanç alır.</Text>
    </Row>
    <Row Tag="LOC_POLICY_SCENARIO_NATURAL_PHILOSOPHY_DESCRIPTION">
      <Text>+%100 Kamp [ICON_Science] Bilim.</Text>
    </Row>
    <Row Tag="LOC_POLICY_SCENARIO_SIEGE_TACTICS_DESCRIPTION">
      <Text>Kuşatma ve destek birimlerine yönelik +%100 [ICON_Production] Üretim.</Text>
    </Row>
    <Row Tag="LOC_POLICY_SCENARIO_TRADE_CONFEDERATION_DESCRIPTION">
      <Text>Tüm [ICON_TradeRoute] Ticaret Yollarından +3 [ICON_FAITH] İnanç.</Text>
    </Row>
    <Row Tag="LOC_POLICY_SCENARIO_TRAVELING_MONKS_DESCRIPTION">
      <Text>Yurtiçi [ICON_TradeRoute] Ticaret Yolları +2 [ICON_Faith] İnanç.</Text>
    </Row>
    <Row Tag="LOC_POLICY_SCENARIO_VOLLEY_DESCRIPTION">
      <Text>Menzilli birimlere yönelik +%100 [ICON_Production] Üretim.</Text>
    </Row>
    <!--Units Name-->
    <Row Tag="LOC_UNIT_SCENARIO_HUSCARL_NAME">
      <Text>Huscarl</Text>
    </Row>
    <!--Units Description-->
    <Row Tag="LOC_UNIT_SCENARIO_HUSCARL_DESCRIPTION">
      <Text>Menzilli saldırılara karşı güçlü olan yakın dövüş birimi. Düşük [ICON_Production] Üretim maliyeti.</Text>
    </Row>
    <Row Tag="LOC_UNIT_SCENARIO_MISSIONARY_DESCRIPTION">
      <Text>Vatandaşları kendi dinlerine [ICON_Citizen] çevirebilen benzersiz Viking birimi.</Text>
    </Row>
    <!--Unit Abilities-->
    <Row Tag="LOC_ABILITY_GREAT_GENERAL_POINTS_DESCRIPTION">
      <Text>Yenilen her birim için +5 [ICON_GreatGeneral] Büyük General puanı.</Text>
    </Row>
    <Row Tag="LOC_ABILITY_GREAT_ADMIRAL_POINTS_DESCRIPTION">
      <Text>Öldürülen her birim için +10 Büyük Amiral puanı.</Text>
    </Row>
    <Row Tag="LOC_ABILITY_RANGED_DEFENSE_DESCRIPTION">
      <Text>Menzilli saldırılara karşı savunma yaparken +10 [ICON_Strength] Savaş Gücü.</Text>
    </Row>
    <!--Continent Descriptions-->
    <Row Tag="LOC_CONTINENT_SCENARIO_BRITAIN_DESCRIPTION">
      <Text>Büyük Britanya</Text>
    </Row>
    <Row Tag="LOC_CONTINENT_SCENARIO_FAROE_DESCRIPTION">
      <Text>Faroe Adaları</Text>
    </Row>
    <Row Tag="LOC_CONTINENT_SCENARIO_GREENLAND_DESCRIPTION">
      <Text>Grönland</Text>
    </Row>
    <Row Tag="LOC_CONTINENT_SCENARIO_HEBRIDES_DESCRIPTION">
      <Text>Hebridler</Text>
    </Row>
    <Row Tag="LOC_CONTINENT_SCENARIO_ICELAND_DESCRIPTION">
      <Text>İzlanda</Text>
    </Row>
    <Row Tag="LOC_CONTINENT_SCENARIO_IRELAND_DESCRIPTION">
      <Text>İrlanda</Text>
    </Row>
    <Row Tag="LOC_CONTINENT_SCENARIO_NORTHERN_ISLES_DESCRIPTION">
      <Text>Kuzey Adaları</Text>
    </Row>
    <Row Tag="LOC_CONTINENT_SCENARIO_SCANDINAVIA_DESCRIPTION">
      <Text>İskandinavya</Text>
    </Row>
    <Row Tag="LOC_CONTINENT_SCENARIO_VINLAND_DESCRIPTION">
      <Text>Vinland</Text>
    </Row>
    <!--Continent Cities-->
    <Row Tag="LOC_CITY_NAME_SCENARIO_TORSHAVN">
      <Text>Tórshavn</Text>
    </Row>
    <Row Tag="LOC_CITY_NAME_SCENARIO_FUNNINGUR">
      <Text>Funningur</Text>
    </Row>
    <Row Tag="LOC_CITY_NAME_SCENARIO_LEIRVIK">
      <Text>Leirvik</Text>
    </Row>
    <Row Tag="LOC_CITY_NAME_SCENARIO_BRATTAHLID">
      <Text>Brattahlíð</Text>
    </Row>
    <Row Tag="LOC_CITY_NAME_SCENARIO_HVALSEY">
      <Text>Hvalsey</Text>
    </Row>
    <Row Tag="LOC_CITY_NAME_SCENARIO_SANDNAES">
      <Text>Sandnæs</Text>
    </Row>
    <Row Tag="LOC_CITY_NAME_SCENARIO_GARDAR">
      <Text>Garðar</Text>
    </Row>
    <Row Tag="LOC_CITY_NAME_SCENARIO_HERJOLFSNES">
      <Text>Herjolfsnes</Text>
    </Row>
    <Row Tag="LOC_CITY_NAME_SCENARIO_SKID">
      <Text>Skíð</Text>
    </Row>
    <Row Tag="LOC_CITY_NAME_SCENARIO_MYL">
      <Text>Myl</Text>
    </Row>
    <Row Tag="LOC_CITY_NAME_SCENARIO_BARR_OY">
      <Text>Bjarnar-øy</Text>
    </Row>
    <Row Tag="LOC_CITY_NAME_SCENARIO_REYKJAVIK">
      <Text>Reykjavík</Text>
    </Row>
    <Row Tag="LOC_CITY_NAME_SCENARIO_HUSAVIK">
      <Text>Húsavík</Text>
    </Row>
    <Row Tag="LOC_CITY_NAME_SCENARIO_AKRANES">
      <Text>Akranes</Text>
    </Row>
    <Row Tag="LOC_CITY_NAME_SCENARIO_SKALHOLT">
      <Text>Skálaholt</Text>
    </Row>
    <Row Tag="LOC_CITY_NAME_SCENARIO_DYFLIN">
      <Text>Dyflin</Text>
    </Row>
    <Row Tag="LOC_CITY_NAME_SCENARIO_INIS_SIBHTONN">
      <Text>Inis Sibhtonn</Text>
    </Row>
    <Row Tag="LOC_CITY_NAME_SCENARIO_VEDRAFJORDR">
      <Text>Veðrafjǫrðr,</Text>
    </Row>
    <Row Tag="LOC_CITY_NAME_SCENARIO_VEISAFJORDR">
      <Text>Veisafjǫrðr</Text>
    </Row>
    <Row Tag="LOC_CITY_NAME_SCENARIO_KIRKJUVAGR">
      <Text>Kirkjuvagr</Text>
    </Row>
    <Row Tag="LOC_CITY_NAME_SCENARIO_SKALAVAGR">
      <Text>Skálavágr</Text>
    </Row>
    <Row Tag="LOC_CITY_NAME_SCENARIO_BIRGISHERD">
      <Text>Birgisherað</Text>
    </Row>
    <Row Tag="LOC_CITY_NAME_SCENARIO_EID">
      <Text>Eið</Text>
    </Row>
    <!--Religion-->
    <Row Tag="LOC_BELIEF_ODIN_NAME">
      <Text>Odin</Text>
    </Row>
    <Row Tag="LOC_BELIEF_ODIN_DESCRIPTION">
      <Text>Bir karoyu yağmaladığınızda ve baskın bir dininiz olmadığında +100 [ICON_Gold] Altın.</Text>
    </Row>
    <Row Tag="LOC_BELIEF_POPULATION_GROWTH_NAME">
      <Text>Nüfus Artışı</Text>
    </Row>
    <Row Tag="LOC_BELIEF_POPULATION_GROWTH_DESCRIPTION">
      <Text>Eğer bu din baskın din ise nüfus için iki kat zafer puanı.</Text>
    </Row>
    <!--Buildings-->
    <Row Tag="LOC_BUILDING_SCENARIO_HAGIA_SOPHIA_DESCRIPTION">
      <Text>Bizans için eşsiz bir mucize.</Text>
    </Row>
    <Row Tag="LOC_BUILDING_SCENARIO_ALHAMBRA_DESCRIPTION">
      <Text>Endülüs için eşsiz bir mucize.</Text>
    </Row>
    <Row Tag="LOC_BUILDING_SCENARIO_MONT_ST_MICHEL_DESCRIPTION">
      <Text>Francia için eşsiz bir mucize.</Text>
    </Row>
    <!--Float-->
    <Row Tag="LOC_PILLAGE_GOLD_DESCRIPTION">
      <Text>+100 [COLOR_FLOAT_GOLD]Altın[ENDCOLOR]</Text>
    </Row>
    <Row Tag="LOC_VINLAND_GOLD_DESCRIPTION">
      <Text>+500 [COLOR_FLOAT_GOLD]Altın[ENDCOLOR]</Text>
    </Row>
    <Row Tag="LOC_WORLD_POINTS_FLOATER">
      <Text>[COLOR_GREEN]+{1_Num} Points[ENDCOLOR]</Text>
    </Row>
    <!--District-->
    <Row Tag="LOC_DISTRICT_SCENARIO_ENCAMPMENT_DESCRIPTION">
      <Text>Şehrinizde askeri tesisler için bir bölge. Ayrıca bilim de sağlar.</Text>
    </Row>
    <Row Tag="LOC_DISTRICT_SCENARIO_HOLY_SITE_DESCRIPTION">
      <Text>Şehrinizde dini ibadet için bir bölge. Ayrıca kültür sağlar.</Text>
    </Row>
  </BaseGameText>
</GameData>