﻿<?xml version="1.0" encoding="utf-8" standalone="yes"?>
<GameData xmlns:xsi="http://www.w3.org/2001/XMLSchema-instance">
  <BaseGameText>
    <!-- Add text-->
    <Row Tag="LOC_PEDIA_LEADERS_PAGE_LEADER_CNUT_TITLE">
      <Text>Canute</Text>
    </Row>
    <Row Tag="LOC_PEDIA_LEADERS_PAGE_LEADER_CNUT_SUBTITLE">
      <Text>Danimarka Kralı</Text>
    </Row>
    <Row Tag="LOC_PEDIA_LEADERS_PAGE_LEADER_CNUT_CHAPTER_HISTORY_PARA_1">
      <Text>Tarihçiye bağlı olarak Cnut, Knut, Knud ve diğer çeşitli varyantlar olarak da bilinen Canute, zaman zaman Danimarka, Norveç, İngiltere ve hatta İsveç'in bir kısmının kralı olarak görev yaptı. Elbette tüm bunlar sınırların biraz değişken olduğu zamanlarda oldu. MS 11. yüzyılda kuzey Avrupa'nın değişen kaderinde bir güçtü ve hem İmparator hem de Papa tarafından saygıyla karşılanıyordu.</Text>
    </Row>
    <Row Tag="LOC_PEDIA_LEADERS_PAGE_LEADER_CNUT_CHAPTER_HISTORY_PARA_2">
      <Text>Kimse tam olarak ne zaman ve nerede doğduğundan emin değildir, ancak Danimarka Kralı Sweyn Forkbeard'ın oğlu olduğu kesindir, çünkü Canute 1013'te İngiltere'nin işgali sırasında yaşlı savaşçıya eşlik etmiştir. Lincolnshire'da filodan sorumlu olarak geride bırakıldığında, kendisine iki oğul doğuracak olan Aelfgifu ile birlikte oldu. Sweyn İngiltere kralı olarak kabul edildi ancak 1014 yılında öldü ve İngilizler Aethelred'i kralları olarak geri getirdiler. Yıl içinde Canute, Aethelred'in oğluna taht için meydan okumak üzere geri döndü. Kasım 1016'nın sonunda her şey sona erdi ve Canute tüm İngiltere'ye hükmetti. Daha sonra hayatının geri kalanının çoğunu (1035'te öldü) Danimarka tacına yönelik tehditlerle uğraşarak geçirdi ve bunu yapmak için genellikle İngiliz birliklerini kullandı.</Text>
    </Row>
    <Row Tag="LOC_PEDIA_LEADERS_PAGE_LEADER_OLOF_TITLE">
      <Text>Olof Skötkonung</Text>
    </Row>
    <Row Tag="LOC_PEDIA_LEADERS_PAGE_LEADER_OLOF_SUBTITLE">
      <Text>İsveç Kralı</Text>
    </Row>
    <Row Tag="LOC_PEDIA_LEADERS_PAGE_LEADER_OLOF_CHAPTER_HISTORY_PARA_1">
      <Text>Olof Eiriksson (bugün İsveç olarak bilinen Svear'ın "kralı" Erik VII Bjornsson'un oğlu) olarak doğan ve zaman zaman Olof Skotkonung olarak da bilinen Olof III, hayatının en güzel yıllarını Norveç Kralı Tryggvason'la savaşarak geçirmiştir. MS 993 yılında İsveç tahtına oturan Olof hakkında tarihçilerin bildikleri Snorri Sturluson ve Bremenli Adam'ın anlattıklarına dayanmaktadır.</Text>
    </Row>
    <Row Tag="LOC_PEDIA_LEADERS_PAGE_LEADER_OLOF_CHAPTER_HISTORY_PARA_2">
      <Text>Adam'a göre, Sweyn Forkbeard Danimarka tahtını Olof'un iddialarına karşı savunmak zorunda kalmıştı, ancak Sweyn Olof'un annesi Sigrid "Mağrur" ile evlenince bu çekişme kısa sürede çözüldü. Ayrıca, Snorri'ye göre, her ikisi de kısa süre sonra Norveç kralı Olav Tryggvason'u 999 ya da 1000 yılında Svolder deniz savaşında yenmek için ortak bir neden oluşturdular (Snorri yıldan çok emin değildi, ancak ayın Eylül olduğunu biliyordu). Sweyn ve Olof bundan sonra Norveç'i kendi aralarında paylaştılar.</Text>
    </Row>
    <Row Tag="LOC_PEDIA_LEADERS_PAGE_LEADER_OLOF_CHAPTER_HISTORY_PARA_3">
      <Text>Diğer İsveçlileri ışığa kavuşturma çabaları pek de iyi gitmedi. Yaklaşık 1008 yılında Aziz Sigfrid tarafından Hıristiyanlığa döndürülen Olof, yeni inancını tebaasına zorla kabul ettirmeye çalıştı. Adam'a göre işler pek de iyi gitmemiş, 1021 yılı civarında pagan putlarına kurban vermeyi reddedince Stockholm'de isyancı jarllar tarafından şehit edilmiştir.</Text>
    </Row>
    <Row Tag="LOC_PEDIA_LEADERS_PAGE_LEADER_AL_HAKAM_II_TITLE">
      <Text>Al-Hakam II</Text>
    </Row>
    <Row Tag="LOC_PEDIA_LEADERS_PAGE_LEADER_AL_HAKAM_II_SUBTITLE">
      <Text>Endülüs Halifesi</Text>
    </Row>
    <Row Tag="LOC_PEDIA_LEADERS_PAGE_LEADER_AL_HAKAM_II_CHAPTER_HISTORY_PARA_1">
      <Text>Endülüs'ün ikinci Emevi halifesi, büyük Abd al-Rahman III'ün oğlu, MS Kasım 915'te büyük Cordoba şehrinde doğdu, Ekim 976'da aynı büyük şehirde öldü, büyük saltanatı halifeliğin en büyük dönemini temsil ediyordu; kişisel himayesi altında Mağribi sanatları ve bilimi Endülüs'te altın çağına ulaştı.</Text>
    </Row>
    <Row Tag="LOC_PEDIA_LEADERS_PAGE_LEADER_AL_HAKAM_II_CHAPTER_HISTORY_PARA_2">
      <Text>El-Hakem II, kapısına dayanan Hıristiyanlara rağmen halkının durumunu iyileştirmeye çalıştı. Zaten zengin bir krallık olan el-Hakem, tarımsal üretimi artırmak için sulama projelerine sponsor oldu, şehirlerindeki caddeleri genişletti ve daha fazla pazar inşa edilmesini emretti. Hem Müslüman hem de Hıristiyan topraklarından davet edilen âlimlerin kullanması için 600 bin kitap olduğu söylenen büyük bir kişisel kütüphane kurdu (birden fazla tarihçi buna itiraz etmekte, birçoğu bu rakamı sadece 400 bin olarak vermektedir). İnşaat projeleri arasında Kurtuba'daki caminin genişletilmesi ve kraliyet konutu Medina Azahara'nın tamamlanması yer alıyordu.</Text>
    </Row>
    <Row Tag="LOC_PEDIA_LEADERS_PAGE_LEADER_AL_HAKAM_II_CHAPTER_HISTORY_PARA_3">
      <Text>Ancak her şey barışçıl değildi; el-Hakem hükümdarlığının başlarında istilacı Hıristiyan Navarre ve Kastilya ve Leon krallarına karşı başarılı bir savaş yürüttü. Deniz kuvvetleri deniz akıncılarını ve Norman korsanları yendi. Ve 973'te kuvvetleri Tanca'yı son İdrisîlerden alarak el-Hakem'in ölümünden hemen önce Fas'ı ilhak etti.</Text>
    </Row>
    <Row Tag="LOC_PEDIA_LEADERS_PAGE_LEADER_BASIL_II_TITLE">
      <Text>Basil II</Text>
    </Row>
    <Row Tag="LOC_PEDIA_LEADERS_PAGE_LEADER_BASIL_II_SUBTITLE">
      <Text>Bizans İmparatoru</Text>
    </Row>
    <Row Tag="LOC_PEDIA_LEADERS_PAGE_LEADER_BASIL_II_CHAPTER_HISTORY_PARA_1">
      <Text>Basil Porphyrogenita ("morlar içinde doğan") ve Basil Bulogaroctonus ("Bulgarların katili") olarak da bilinen Basil II, MS 958 yılında Bizans imparatoru Romanos II'nin en büyük oğlu olarak dünyaya geldi ve 976'dan 1025'e kadar imparator olarak hüküm sürdü. Saltanatının ilk yıllarına uzun süren bir iç savaş hâkim olmuştur. Basil, yardım için Kiev'deki Viking yerleşiminden Vladimir'e başvurdu ve Vladimir, Basil'in kız kardeşi Anna'nın eliyle ödüllendirildi (Hıristiyanlığı kabul etmesi şartıyla). Çatışmalar sona erdikten sonra, Kuzeylilerin çoğu Bizans hizmetinde kalarak ünlü Varangian Muhafızları'nın ilk kadrosunu oluşturdu.</Text>
    </Row>
    <Row Tag="LOC_PEDIA_LEADERS_PAGE_LEADER_BASIL_II_CHAPTER_HISTORY_PARA_2">
      <Text>İç savaşta kazandığı zaferden sonra, 989 yılı civarında, saltanatının geri kalanına neredeyse sürekli bir savaş hali damgasını vurdu. Basil II, sallanmakta olan imparatorluğun etrafında bir tampon oluşturarak elindeki toprakları genişletmeyi ve sağlamlaştırmayı amaçlıyordu. Bunun için zaman zaman Suriye, Ermenistan ve doğuda Gürcistan'a seferler düzenledi. Ancak en çok, son çarı Samuel yönetiminde yeniden canlanan Bulgaristan Krallığı'na karşı yürüttüğü ısrarlı ve muzaffer seferlerle tanınır. Başkenti Ochrida'nın düşmesiyle Bulgaristan imparatorluğa dahil edildi. Basil öldüğünde, Bizans'ın Sicilya'yı yeniden fethi için yapılan hazırlıkları denetliyordu.</Text>
    </Row>
    <Row Tag="LOC_PEDIA_LEADERS_PAGE_LEADER_CHARLEMAGNE_TITLE">
      <Text>Charlemagne</Text>
    </Row>
    <Row Tag="LOC_PEDIA_LEADERS_PAGE_LEADER_CHARLEMAGNE_SUBTITLE">
      <Text>Francia Kralı</Text>
    </Row>
    <Row Tag="LOC_PEDIA_LEADERS_PAGE_LEADER_CHARLEMAGNE_CHAPTER_HISTORY_PARA_1">
      <Text>I. Charles - Charlemagne - ortaçağ tarihinin, şövalyeliğin ve medeniyetin en büyük figürlerinden biridir. MS 814 yılının Ocak ayında öldüğünde, bugünkü Fransa, Almanya, Alçak Ülkeler, İtalya ve İberya ile Doğu Avrupa'nın büyük bir kısmına hükmediyordu. Babaları Kısa Pepin'in 768'de ölümü üzerine kardeşi I. Carloman ile birlikte Frankların "ortak" kralı oldu, ancak 771'de Carloman "açıklanamayan" koşullar altında öldü.</Text>
    </Row>
    <Row Tag="LOC_PEDIA_LEADERS_PAGE_LEADER_CHARLEMAGNE_CHAPTER_HISTORY_PARA_2">
      <Text>774 yılında Papa Adrian'ın emriyle Şarlman Lombard kralı Desiderous'u ezdi ve böylece o yıl geniş topraklarının kralı oldu. Saksonlarla savaşmakla meşgulken, 776'da asi Spoleto ve Fruili düklerini yenmek için kuzey İtalya'ya geri döndü. Bu arada Saksonlara karşı yürüttüğü seferler, 804 yılına kadar bitmeyen bir döngü içinde önce boyun eğme, sonra da ayaklanma şeklinde yaklaşık 30 yıl sürdü. Sakson krallıklarının çöküşüyle birlikte Bavyera 794 yılında Şarlman'ın yönetimine boyun eğdi.</Text>
    </Row>
    <Row Tag="LOC_PEDIA_LEADERS_PAGE_LEADER_CHARLEMAGNE_CHAPTER_HISTORY_PARA_3">
      <Text>Tüm bunların arasına serpiştirilen Charles (artık "Büyük" olarak anılıyordu), Macaristan'a yerleşmeye karar vermiş olan pagan Avarlarla periyodik olarak savaştı; büyük bir kuvvete liderlik ederek sonunda Avarları kendisini (ve Hıristiyanlığı) yeni hükümdarları olarak kabul etmeye zorladı. Ve 811'de güneye Ebro kıyılarına kadar ilerleyerek Moors'u İberya'da geri püskürttü. Tüm bu "Tanrı'nın işi" için Şarlman, MS 800 yılının Noel gününde Papa Leo III tarafından Kutsal Roma İmparatoru ilan edildi.</Text>
    </Row>
    <Row Tag="LOC_PEDIA_CIVILIZATIONS_PAGE_CIVILIZATION_DENMARK_CHAPTER_HISTORY_PARA_1">
      <Text>MS 8. yüzyılın sonlarından itibaren, Danimarka'nın Viking lordları her bahar Kuzey Denizi boyunca ve Manş Denizi'nin ötesine akınlar düzenler; Lindisfarne Hıristiyan manastırına yapılan ünlü Viking baskını "Viking Çağı "nın habercisi olur. Bu akınlar o kadar yaygın ve korkuluyordu ki, Avrupa kıyılarındaki bazı küçük krallıklar rahat bırakılmak için "Danegeld" olarak bilinen ve giderek artan ödemeler yapıyorlardı. Bir tür yıllık fidye, Danimarka'nın onlarca yıl boyunca kalkınmasını finanse etmeye yardımcı oldu.</Text>
    </Row>
    <Row Tag="LOC_PEDIA_CIVILIZATIONS_PAGE_CIVILIZATION_DENMARK_CHAPTER_HISTORY_PARA_2">
      <Text>Yaşlı Kral Gorm ("Yaşlı Gorm" olarak bilinirdi) 936 civarında Danimarkalı Vikinglerin birçoğunu birleştirerek krallığın kurulmasının temellerini attı ve 958'de ölene kadar hüküm sürdü. Onu Harald Bluetooth, Büyük Canute ve Sweyn Forkbeard takip edecekti. Sweyn II'nin çabaları sayesinde Vikingler arasında Hıristiyanlık yaygınlaştı; 27 yıllık hükümdarlığı sırasında Danimarka'nın her yerinde kiliseler inşa edildi ve çocukları Latince öğrenmeye zorlama çabalarına sponsor oldu. Üretken yaşlı kralın yaşamı boyunca 20'den fazla çocuğu oldu, öyle ki varisleri sonraki 60 yıl boyunca Danimarka'yı yönetecekti ... Danimarka'yı ortaçağ Avrupa kültürü ve ilişkilerinin ana akımına yönlendirdi.</Text>
    </Row>
    <Row Tag="LOC_PEDIA_CIVILIZATIONS_PAGE_CIVILIZATION_SWEDEN_CHAPTER_HISTORY_PARA_1">
      <Text>İskandinavya'da Neolitik dönem öncesinden beri insanlar yaşamaktadır ve bölge, adını yüksek statülü bireylerin dönem mezarlarında bulunan oyma taş baltalarından alan kendine özgü bir "Savaş Baltası Kültürü" ile işaretlenmiştir. Yerleşimlerin çoğunluğunu küçük gruplar ve yerleşimler oluşturuyordu ve Batı Roma İmparatorluğu'nun sonuna kadar (İskandinav kabileleri göç döneminin bir parçası gibi görünüyor) ve ortaçağın başlangıcına kadar Viking akıncılarının pagan bir diyarıydı.</Text>
    </Row>
    <Row Tag="LOC_PEDIA_CIVILIZATIONS_PAGE_CIVILIZATION_SWEDEN_CHAPTER_HISTORY_PARA_2">
      <Text>Hıristiyan misyonerler 9. yüzyılda, ilk olarak Aziz Ansgar tarafından ziyaret edilmiştir, ancak Hıristiyanlık bir bütün olarak 11. veya 12. yüzyıla kadar, Vikinglerin faaliyetlerinin zirvesinde olduğu döneme kadar yaygın bir şekilde yerleşmemiştir. Bu süre zarfında, geleneksel Viking yaşam tarzından daha çok feodal bir modele doğru kademeli bir değişim yaşandı ve 1280'de Kral Magnus Ladulas, İsveç'te gerçek bir feodal yönetim modeli kurdu.</Text>
    </Row>
    <Row Tag="LOC_PEDIA_CIVILIZATIONS_PAGE_CIVILIZATION_SWEDEN_CHAPTER_HISTORY_PARA_3">
      <Text>Bu feodal sistem ve hükümdarın konsolide yönetimi devam etti. İsveç'in ünlü "Tre Kronor" arması -mavi bir alan üzerinde üç altın taç- ilk olarak 1300'lerin başında kullanıldı ve hala ülkenin tanınabilir sembollerinden biridir.  1389 yılında Danimarka, İsveç ve Norveç'in taçları Danimarka Kraliçesi Margareta tarafından kişisel bir birlik içinde tutuldu. Bunun sonucunda ortaya çıkan 1397 Kalmar Birliği, üç ülkeyi de hükümdarın altında birleştirdi, ancak birleşme pratikte barışçıl olmadı.</Text>
    </Row>
    <Row Tag="LOC_PEDIA_CIVILIZATIONS_PAGE_CIVILIZATION_AL_ANDALUS_CHAPTER_HISTORY_PARA_1">
      <Text>MS 711 yılının Nisan ayında, Berberi komutan Tarık ibn-Zivad, Emevi Halifesi I. Vadi'nin emriyle, Müslüman topraklarından boğazların karşısındaki Cebelitarık'a küçük bir kuvvet çıkardı. Vizigot kralı Roderic'i kesin bir yenilgiye uğrattıktan sonra, Mağribliler İberya'nın büyük bölümünü ele geçirecekti. Böylece başlangıçta genişleyen Emevi imparatorluğunun bir parçası olan Endülüs başlar. Ancak 756'da sürgündeki Emevi prensi I. Abdurrahman Endülüs valisini görevden alır ve başkent Kurtuba olmak üzere kendisini bölgenin emiri olarak atar.</Text>
    </Row>
    <Row Tag="LOC_PEDIA_CIVILIZATIONS_PAGE_CIVILIZATION_AL_ANDALUS_CHAPTER_HISTORY_PARA_2">
      <Text>Birkaç on yıllık gerilemeden sonra, 912'de iktidarı ele geçiren büyük Abd al-Rahman III, krallığın servetini ve prestijini hızla geri kazanmakla kalmadı, aynı zamanda fetih yoluyla genişletti. 929 yılında kendisini "halife" ilan ederek Endülüs'ü İslam'ın en büyük krallıkları arasına yükseltti. Oğlu II. el-Hakem bunu daha da ileri götürdü. Akdeniz'e giden ticaret yollarına hakim olan krallık, kültürel ve bilimsel ilerlemelerin altın çağına girdi ve Tanca'nın ele geçirilmesiyle Kuzey Afrika'ya doğru genişledi.</Text>
    </Row>
    <Row Tag="LOC_PEDIA_CIVILIZATIONS_PAGE_CIVILIZATION_AL_ANDALUS_CHAPTER_HISTORY_PARA_3">
      <Text>Ancak Kurtuba halifeliği 1009'dan 1013'e kadar süren yıkıcı bir iç savaş sırasında çöktü. Endülüs, 1031 yılına kadar tökezleyerek devam etse de, küçük krallıklar ve şehirlerden oluşan bir yığına dönüştü. Böylece bu Hıristiyan krallıkların Mağribileri kovma çabalarına, yani Reconquista'ya ivme kazandırdı.</Text>
    </Row>
    <Row Tag="LOC_PEDIA_CIVILIZATIONS_PAGE_CIVILIZATION_BYZANTIUM_CHAPTER_HISTORY_PARA_1">
      <Text>Bizans - Bizans İmparatorluğu - eski Roma İmparatorluğu'nun doğu kısmını ifade eder. Burada yaşayanlar "Bizans" ismini bilmezlerdi, daha ziyade bu terim daha sonraki tarihçiler tarafından kullanılmaya başlanmıştır. Konstantin'in Konstantinopolis'i (şimdiki İstanbul; Konstantinopolis eserleri aldı) kuracağı köyün adını ifade eder. Doğu\Batı ayrımı, Akdeniz'deki temel bir kültürel, dilsel ve siyasi bölünmeye dayanan ve daha sonra Ortodoks (Doğu) ve Katolik (Batı) Hıristiyanlık arasındaki bölünmelere de yansıyan bir ayrımdı. Bizans, 1453'te Osmanlıların eline geçene kadar Roma'nın bölgedeki ilerlemesini ve varlığını sürdürmüş ve Doğu Avrupa üzerinde derin bir etki bırakmıştır.</Text>
    </Row>
    <Row Tag="LOC_PEDIA_CIVILIZATIONS_PAGE_CIVILIZATION_BYZANTIUM_CHAPTER_HISTORY_PARA_2">
      <Text>Roma, Yunanistan'ı MÖ 150 civarında fethetti. Ancak kültürel açıdan güçlü ancak askeri açıdan zayıf Yunanistan ile fatih Roma arasındaki ilişki karmaşıktı. Roma Yunan dinini, felsefesini ve öğrenimini kendine mal etmişti ama birçok Romalı Yunanlılarla aralarında temel bir fark görüyordu. Roma savaşçı ve yayılmacıyken, Yunanlılar felsefe ve şiiri tercih ediyordu. Bölünme devam etti: Adriyatik'in bir tarafında Latince, diğer tarafında Yunanca.</Text>
    </Row>
    <Row Tag="LOC_PEDIA_CIVILIZATIONS_PAGE_CIVILIZATION_FRANCIA_CHAPTER_HISTORY_PARA_1">
      <Text>Romalılar Galyalıları yönetmeye çalışmaktan vazgeçtikten sonra, erken Karanlık Çağlar boyunca bir dizi Frank krallığı yükseldi, bunların çoğu ancak birkaç nesil sürdü. Sonunda, MS 496 yılında Frankların kralı olarak taç giyen I. Clovis tarafından kurulan ortaçağ Francia Krallığı ortaya çıktı. Sonraki birkaç neslin neredeyse kesintisiz seferleri sayesinde - Şarlman'ın yönetimiyle doruğa ulaşan - Batı Francia 9. yüzyılın başlarında köklü ve güvenliydi. Ancak Dindar Louis'nin 840'ta ölümünün ardından her şey üç oğlu arasında paylaşıldı.</Text>
    </Row>
    <Row Tag="LOC_PEDIA_CIVILIZATIONS_PAGE_CIVILIZATION_FRANCIA_CHAPTER_HISTORY_PARA_2">
      <Text>Tam da Danimarkalı Vikinglerin 845'te Paris'in yağmalanmasıyla doruğa ulaşan kıyı şeridine akınlar düzenlemeye başladıkları sırada... Batı Francia kralı Kel Charles tarafından 7000 livre altın ve gümüşle satın alındıktan sonra geri çekildiler. Yağma ve fidye için birkaç kez daha geri dönecekler, nihayet 885 kışında şehir surları dayanacaktır.</Text>
    </Row>
    <Row Tag="LOC_PEDIA_CIVILIZATIONS_PAGE_CIVILIZATION_FRANCIA_CHAPTER_HISTORY_PARA_3">
      <Text>Son Karolenj kralının ölümüyle birlikte, Viking tehdidi karşısında bir hanedan iç savaşının kan dökmesini önlemek için, Reims Başpiskoposu yeni bir hükümdar seçmek üzere Francia'nın büyük lordlarını topladı. Ile-de-France Dükü Hugh Capet sonunda kral olarak seçildi ve Temmuz 987'de taç giydi. Bir anda, Viking tehdidi azalırken modern Fransa kurulmuş oldu.</Text>
    </Row>
    <Row Tag="LOC_PEDIA_UNITS_PAGE_UNIT_FRANKISH_CABALLARII_CHAPTER_HISTORY_PARA_1">
      <Text>Karolenj hanedanlığı döneminde Frank birliklerinin büyük çoğunluğu piyade mızrakçılardan oluşuyordu - Franklar geleneksel 'francisca' fırlatma baltalarını uzun zaman önce terk etmişlerdi - ancak kral ağır süvarilerden oluşan seçkin bir atlı birlik bulunduruyordu... ünlü caballarius. Başlangıçta bu caballarii sarayda ya da saraya yakın bir yerde bulunurken, zamanla büyük toprak sahiplerinin arasına da yayıldı. Birliklerin çoğu sadece savaş zamanında çağrılan askerlerden oluşurken, caballarius'lar "profesyonel "di ve hatta daha az eğitimli Frank birliklerine geçici liderler sağlıyorlardı. 'Scara'lara (standartlaştırılmamış alaylar) bölünmüş olan Charlemagne'ın caballarii'si, 'scholares' kralın kişisel koruması olmak üzere üç prestij rütbesine ayrılmış gibi görünmektedir. Görünüşe göre caballarii, ata bindiğinde gerçek şok birlikleri olarak kullanılabiliyor ya da attan inip yaya olarak savaşabiliyordu. Ve her iki durumda da oldukça etkili olduklarını kanıtlamışlardır.</Text>
    </Row>
    <Row Tag="LOC_PEDIA_UNITS_PAGE_UNIT_MOORISH_FARFANES_CHAPTER_HISTORY_PARA_1">
      <Text>Paralı askerlerin kullanımı Ortaçağ dünyasında oldukça kabul görmüştü ve Müslüman devletler geniş bir çeşitlilikten yararlanıyordu. Özellikle Endülüs'ün Mağribi halifeleri, hem atlı hem de yaya olarak yoğun birlikler halinde Avrupa tarzında savaşan farfanları - karşıt İberya Hıristiyan krallıklarından gelen paralı askerleri - kullandılar. Bu Hıristiyan askerlerin İslam sancakları altında savaşmasının pek çok nedeni vardı. Bazı durumlarda, ünlü El Cid'de olduğu gibi, memleketlerinden sürülmüş ya da sürgün edilmiş olabilirler. Diğerleri fethedilen halklar arasından İslam'a yeni geçenler ya da hizmet karşılığında özgürlük vaat edilen Hıristiyan köleler veya savaş esirleri olabilir. Sebep ne olursa olsun, farfanlar Mağribilerin pek çok düşmanı arasında korkulan kişiler haline geldiler... ve iyi maaş alıyorlardı.</Text>
    </Row>
    <Row Tag="LOC_PEDIA_UNITS_PAGE_UNIT_HUSCARL_CHAPTER_HISTORY_PARA_1">
      <Text>Huscarl'lar (ya da "housecarls") ilk kez Canute tarafından askeri bir güç olarak yetiştirilen seçkin askerlerdi; Canute onları Jomsvikings olarak bilinen yarı efsanevi İskandinav savaşçı kardeşliğinden esinlenerek oluşturmuştu. Gerçekten de huscarl'ların ilk oluşumunun ünlü Thorkell komutasında İngiltere'ye gelen Jomsvikings'in çekirdeği etrafında inşa edildiği varsayılmaktadır. Özel bir vergiyle desteklenen Canute, ikisi Londra yakınlarında ve üçüncüsü York yakınlarında olmak üzere üç "birlik" (toplam 3000-4000 adam) bulunduruyordu. Her zamanki silah ve zırh koleksiyonuyla donanmış olan huscarl'lar, özellikle hem disiplin hem de metanet gerektiren "kalkan duvarı" taktiğinde ustaydılar. Canute ve diğer Viking hükümdarları genellikle huscarl'larını ordunun geri kalanını sabitlemek için hattın ortasına yerleştirir ya da ilk düşman saldırısını karşılamak için onları tüm cephe boyunca yayarlardı. Savaştaki kahramanlıkları efsanelere konu olmuştur; örneğin, huscarl'lar Stamford Köprüsü'nde ve Hastings'de Godwinson'un ordusunun demir çekirdeğini oluşturmuştur.</Text>
    </Row>
    <Row Tag="LOC_PEDIA_CITYSTATES_PAGE_CIVILIZATION_APUOLE_CHAPTER_HISTORY_PARA_1">
      <Text>Bugün bile küçük bir köy olan (2011 Litvanya nüfus sayımına göre sadece 119 kişi yaşamaktadır) Apuolé, ortaçağın başlarında küçük bir Baltık kabilesi olan Curonianların bir tepe kalesiydi. Rimbert'in kronikleri, MS 854 yılında Curonyalıların İsveç Vikinglerine yıllık haraçlarını ödemeyi nasıl reddettiklerini anlatmaktadır. Kale ilk olarak, söz konusu belirsiz haracın alıcıları olarak İsveçlilerin yerini almak isteyen Danimarkalı Vikingler tarafından saldırıya uğramıştır. Yerliler Danimarkalı kuvvetleri bozguna uğratarak çok miktarda ganimet elde ettiler. Danimarkalıların geri püskürtüldüğünü duyan İsveç Kralı Olof büyük bir donanma toplayarak Curonyalıların üzerine yürüdü. Rimbert'e göre, oradaki 15000 kabile üyesi teslim olmadan önce sekiz gün boyunca direndi. Güya Curonlu reis kaledeki her adam için bir gümüş fidye ödemiş, Olof'a sadakat sözü vermiş ve gelecekteki ödemeleri garanti altına almak için 30 rehine vermiştir.</Text>
    </Row>
    <Row Tag="LOC_PEDIA_CITYSTATES_PAGE_CIVILIZATION_ARLES_CHAPTER_HISTORY_PARA_1">
      <Text>Roma İmparatorluğu'nun son dönemlerinde zirveye ulaşan - MS 395 yılında Galya Praetorian Valiliği'nin merkeziydi ve İmparator I. Konstantin burada hamamlar inşa ettirmişti - Arles şehri Gallia Narbonensis eyaletinde Rhone Nehri üzerinde yer alıyordu. Ancak 5. yüzyıldan 8. yüzyıla kadar Vizigotların, Sarazenlerin ve hatta kuzeyden gelen barbarların istilaları ve baskınları nedeniyle defalarca harap olmuştur. Sonunda, 739'da Charles Martel Provence'ı dize getirdi ve Arles yeniden canlanmaya başladı. Şehir 855 yılında Arles Krallığı'nın başkenti olmuştur. Ardından 933'te Arlesli Hugh, krallığını Burgonya'daki varlıklarla birleştiren Rudolph II'ye bıraktı; son olarak Rudolph'un soyundan gelen son kişinin ölümü üzerine krallık Salik İmparatoru Conrad II'ye miras kaldı. Böylece yavaş yavaş Fransa'ya dahil olma süreci başladı ve 1600'lere gelindiğinde krallık artık yoktu.</Text>
    </Row>
    <Row Tag="LOC_PEDIA_CITYSTATES_PAGE_CIVILIZATION_ASILAH_CHAPTER_HISTORY_PARA_1">
      <Text>Bir zamanlar Fenike limanı olan Asilah yerleşimi, İdrisiler tarafından MS 8. yüzyılda bir noktada kıyı ticaretini korumak için bir kale olarak kurulmuştur. 860 yılı civarında Bjorn Ironside ve kardeşi (ya da belki de üvey kardeşi) Hastein, Akdeniz kıyılarına akın yapmak üzere Loire'daki Viking yerleşiminden 62 uzun gemiden oluşan bir filoyu yönetmiştir. Yolculuk başlangıçta iyi gitmemiş, filo önce Asturyalılar, ardından da Kurtuba Halifeliği güçleri tarafından yenilgiye uğratılmıştır. Ancak Vikinglerin yağmacılığı Algeciras kentine indiklerinde ve yine Afrika'ya ulaşıp İdrisî halifeliğinin kıyı kentlerini ve Balear Adaları'ndaki Emevi kentlerini yağmaladıklarında başarılı oldu. Asilah kurtulmuş olsa da (tarihçiler emin değil), 10. yüzyıl boyunca Sicilya'dan gelen Normanların birkaç saldırısı kale kentinden geriye kalanları neredeyse ortadan kaldırdı.</Text>
    </Row>
    <Row Tag="LOC_PEDIA_CITYSTATES_PAGE_CIVILIZATION_BALARM_CHAPTER_HISTORY_PARA_1">
      <Text>Şu anda Palermo olarak bilinen şehir her fatih tarafından yeniden adlandırıldı ve birçok fatihi oldu. Fenikeliler tarafından M.Ö. 730 yılında Zis adıyla kurulan şehir, önce Kartaca'nın, sonra Roma'nın, ardından Vandalların, sonra Ostrogotların ve daha sonra da Bizans'ın eline geçmiştir. Müslümanlar şiddetli çatışmalardan sonra MS 904 yılında adayı ele geçirdiklerinde, Araplar kasabanın adını Balarm olarak değiştirmiş ve burayı Sicilya Emirliği'nin başkenti yapmışlardır. Sonraki on yıllar boyunca Balarm, - söylenenlere göre - etki ve ihtişam açısından Kurtuba ve Kahire ile rekabet edebilecek düzeye gelene kadar gelişti. Fatımi halifelerinin yönetimi altında, gelişen liman bir ticaret (çoğunlukla tarımsal ... Müslümanlar portakal, limon, antep fıstığı ve şeker kamışını tanıttı) ve kültür merkezi haline geldi. Ancak Müslümanlar arasındaki hanedan kavgalarının ardından Sicilya, 1072 yılında aralarında Norman Robert Guiscard'ın da bulunduğu Hıristiyan paralı askerler tarafından istila edildi.</Text>
    </Row>
    <Row Tag="LOC_PEDIA_CITYSTATES_PAGE_CIVILIZATION_DUMBARTON_CHAPTER_HISTORY_PARA_1">
      <Text>Dumbarton'un tarihinin anahtarı - en azından yerel tarihçilere göre - kırsal alanın üzerinde yükselen çift sivri volkanik kaya parçasıdır. Demir Çağı kadar erken bir dönemde stratejik konumu fark edilmiştir. Dumbarton'da bir yerleşim olduğuna dair belgelenmiş ilk kanıt, Aziz Patrick'in Strathclyde ve Alcluith kralı Ceretic'e MS 450 civarında yazdığı bir mektuptur. Sonraki birkaç yüzyıl boyunca kasabanın tarihi belirsizdir. Ancak 870 yılına gelindiğinde Dumbarton Rock, görünüşte müreffeh ve huzurlu küçük bir İngiliz kalesi ve yerleşim yeriydi. Ama sonra Vikingler geldi; Ivar Beinlaus komutasındaki bir kuvvet York'u yağmalamak için yola çıkmıştı; Beyaz Olaf da İrlanda'dan ona katıldı. Birlikte 15 hafta boyunca kasabayı kuşattılar, sonunda kasabaya saldırdılar, yaktılar ve çivilenmemiş her şeyi - hayatta kalanlar da dahil olmak üzere - 200 uzun gemiden oluşan bir filoyla İrlanda'ya geri taşıdılar.</Text>
    </Row>
    <Row Tag="LOC_PEDIA_CITYSTATES_PAGE_CIVILIZATION_GIJON_CHAPTER_HISTORY_PARA_1">
      <Text>Gijon, İberya'nın kuzey kıyısında uzanan sıradan bir yerdir. Gerçekten de kasaba çeşitli zamanlarda terk edilmiş, özellikle de MS 9. yüzyılda bir Norman filosu buraya yanaşmış ve burayı 'civitas deserta' ilan etmiştir. Daha önce çeşitli barbar yerleşimleri de hiçbir iz bırakmamıştı; 7. yüzyıla gelindiğinde Vizigot kralı Susebut, oldukça zayıf olan Roma hakimiyetinin yerini almıştı. Gijon, Pelagius'un Covadonga savaşını kazanarak Asturias'ın ilk kralı olduğu 722 yılına kadar yaklaşık bir yüzyıl boyunca Kantabrik Denizi boyunca uzanan Müslüman bölgelerinin başkenti olmuştur. MS 1270 yılına kadar kasabadan hiçbir kayıtta bahsedilmemiştir; o yıl X. Alfonso'nun kasabaya "Carta Pueblo" verdiği görülmektedir. Savaş ve Carta arasında Gijon'dan sadece birkaç Danimarka destanında bahsedilmektedir.</Text>
    </Row>
    <Row Tag="LOC_PEDIA_CITYSTATES_PAGE_CIVILIZATION_KAIROUAN_CHAPTER_HISTORY_PARA_1">
      <Text>Emevi halifesi Muaviye tarafından MS 670 civarında kurulan ve Afrika'nın kuzey kıyısında yer alan Kayravan, Sünni İslam'ın en önemli ilim ve eğitim merkezlerinden biri haline gelecek ve üniversitesi Arap dünyasının dört bir yanından âlimleri kendine çekecektir. Böylece ünü Kuzey Avrupa'ya bile yayıldı - her ne kadar zenginliğine dair hikayeler çok abartılmış olsa da. Peygamber'in sözleriyle Berberilerin kitlesel olarak din değiştirmesinin ardından, 745 yılında lüks bahçeleri ve geniş zeytinlikleriyle Kayravan'ı ele geçirdiler. İktidar mücadeleleri, bazıları hayırsever bazıları daha az hayırsever olan çeşitli hükümdarlar gördü. İmam Sahnun ve Esad ibn el-Furat döneminde saraylar, surlar ve su yapıları inşa edilerek şehir daha da ünlü hale getirildi. Şarlman ve Kutsal Roma İmparatorluğu saraylarından gelen elçiler Kayravan'ın büyük bahçeleri ve kütüphaneleri hakkında muhteşem hikâyelerle geri döndüler. Ancak 909'da Fatımi hanedanının yükselişiyle birlikte, yeni hükümdarlar başkentlerini daha savunulabilir başka bir yere taşıdıklarından şehir önemini ve etkisini kaybetti.</Text>
    </Row>
    <Row Tag="LOC_PEDIA_CITYSTATES_PAGE_CIVILIZATION_PAMPLONA_CHAPTER_HISTORY_PARA_1">
      <Text>Pirenelerin eteklerinin ortasında, Navarre'da yuvarlak bir vadide yer alan Pamplona, 9. yüzyıl boyunca kendi kendini yönetme, Vizigot egemenliği ve Frank hükümdarlığı arasında gidip geldi. Döngüsel olarak genişleyen ve daralan Pamplona Krallığı'nın hükümdarı Garcia Iniguez, Mağribi tehdidini savuşturmak için ülkesini Hıristiyan Asturias ile müttefik yaptı. Ancak bu durum, 859 yılında kralı esir alan ve ancak yüklü bir fidye karşılığında (efsaneye göre yaklaşık 70 bin altın dinar) geri veren Vikinglere karşı pek bir işe yaramadı. Ancak tarihçi Ann Christys, tüm bu olayın kayıtlarla desteklenmediği ve muhtemelen uydurma olduğu konusunda güçlü bir iddia ortaya koymaktadır. Pamplona'ya gelince, serbest bırakılan kral Garcia ve yeni dostu Asturiaslı I. Ordono'nun birlikte Albelda savaşında Musa ibn Musa ve bir Cordoba ordusunu yenmesiyle krallık sonunda Hıristiyanlık için kurtarılmıştır.</Text>
    </Row>
    <Row Tag="LOC_PEDIA_CITYSTATES_PAGE_CIVILIZATION_PISA_CHAPTER_HISTORY_PARA_1">
      <Text>İmparatorluğun son yıllarında Pisa, diğer Roma şehirleri kadar medeniyetin gerilemesinden etkilenmemiştir. Gerçekten de 700'lü yılların ortalarında şehir gelişen bir liman ve önemli bir ticaret merkezi olma yolunda ilerliyordu. Derken, Akdeniz'deki Müslüman kentlerini yağmalayan ve şimdi de gözlerini birkaç Hıristiyan kentine diken Vikingler Bjorn Ironside ve Hastein ortaya çıktı. Fransa'nın güneyini yağmaladıktan ve orada kışladıktan sonra, MS 861'de korumasız Pisa'ya inerek burayı ele geçirip yağmaladılar. İç kesimlere doğru ilerleyen kalabalık, efsaneye göre cahil vahşilerin Roma olduğuna inandıkları surlarla çevrili Luni kasabasını hile yoluyla ele geçirdi. Hayatta kalan İskandinav savaşçıları endişeliyken ve liderleri Roma'yı her zaman nihai hedef olarak ilan etmişken, Cebelitarık'taki boğazlara geri döndüler... burada Endülüs'ten gelen Sarazen donanmasıyla yapılan bir deniz savaşında ağır kayıplar (yaklaşık 40 gemi ve mürettebat) verdiler. Pisa yeniden inşa edildi ve bir daha asla Vikingler tarafından rahatsız edilmedi.</Text>
    </Row>
    <Row Tag="LOC_PEDIA_CITYSTATES_PAGE_CIVILIZATION_PRESLAV_CHAPTER_HISTORY_PARA_1">
      <Text>MS 9. Yüzyılın başlarında tahkim edilene kadar Preslav sadece uykulu küçük bir Slav yerleşim yeriydi. Ancak I. Boris'in taç giyme töreni sırasında, başkenti yakınlardaki Pliska'dayken, önemli bir stratejik merkez ve başkentin garnizon komutanı ve krallığın ordusunun fiili başı olan Bulgar 'İçirgu-boil'in merkeziydi. Kasaba aynı zamanda Bulgarların 864 yılında Hıristiyanlığı kabul edip burada bir dizi kilise inşa etmesiyle dini bir merkez haline gelmiştir.</Text>
    </Row>
    <Row Tag="LOC_PEDIA_CITYSTATES_PAGE_CIVILIZATION_ROME_CHAPTER_HISTORY_PARA_1">
      <Text>Viking Çağı'nda Ebedi Şehir'in hikâyesi çoğunlukla Papalık Devletleri'nin kuruluşu ve ilk yıllarının hikâyesidir. Burası bir kültür merkezi olarak kalmaya devam etmiş, hatta ara sıra gezip gören bir Danimarkalı ya da Rus bile görülebilmiştir. Bjorn ve Hastein yanlış şehri yağmalamayı başardıkları için - surlarla çevrili Luni şehrini Roma zannetmişlerdi - Romalılar hiçbir zaman İskandinavların gazabına uğramak zorunda kalmadılar. Bunun dışında, Roma ile Vikingler arasındaki başlıca etkileşim, çeşitli papazların onları "Gerçek Kilise "ye döndürmek için gösterdikleri ısrarlı çabalardı.</Text>
    </Row>
    <Row Tag="LOC_PEDIA_CITYSTATES_PAGE_CIVILIZATION_TAMWORTH_CHAPTER_HISTORY_PARA_1">
      <Text>Mercia Krallığı MS 600'lü yılların başında, Tamworth'un "kraliyet merkezi" olarak ilk kayıtlı kralı Penda'nın yönetiminde kurulmuştur. Kral Offa döneminde ise İngiltere'nin merkezi ve en büyük krallığının resmi başkenti olmuştur. Ancak Danimarkalı Vikingler ortaya çıktığında büyüklüğü ve konumu pek yardımcı olmadı. 868'de bir süre kalmak isteyen Viking istilacılar, hayati önem taşıyan Mercian kasabası Nottingham'ı işgal etti. Danimarkalıların Mercia kralını (Burgred) kovma seferinin bir parçası olarak Vikingler 874 yılında Tamworth'u yağmaladılar. Burası 913 yılına kadar bir harabe olarak kaldı, Aethellaed - sözde "Mercialıların Leydisi" - burayı yeniden inşa ettirdi ve ana ikametgahı haline getirdi. Tamworth Kilisesi, 926 yılında Kral Aethelstan'ın kız kardeşinin Dublin ve Northumbria'nın İskandinav kralı Sitric Caech ile evlenmesine ev sahipliği yapmıştır. 1016 yılında ihtişamlı günleri geride kalan Mercia, Cnut'a teslim edildi.</Text>
    </Row>
    <Row Tag="LOC_PEDIA_CITYSTATES_PAGE_CIVILIZATION_THETFORD_CHAPTER_HISTORY_PARA_1">
      <Text>Thetford, Demir Çağı'ndan önce Little Ouse nehri üzerindeki önemli bir geçidin etrafına kurulmuştur; en parlak döneminde Thetford, Doğu Anglia'nın Sakson başkentiydi... en azından Kasım 869'da Angles'in son yerli kralı "Şehit" Edmund, kendisini ve ordusunun çoğunu Kemiksiz Ivar ve kardeşi Ubba komutasındaki bir Viking ordusu tarafından öldürtmeyi başarana kadar. Kasaba daha sonra Danelaw'a, yani İngiltere'nin Viking egemenliği altındaki kısmına düştü. Ancak kasaba için her şey kötü değildi, çünkü Vikingler döneminde 900'lü yıllar boyunca geniş bir geçitte seyredilebilir bir nehir üzerinde yer aldığı için gelişti. Konumu onu bir ticaret ve zanaat merkezi (özellikle çömlek üretimi) haline getirdi. Ancak Sweyn Fordbeard'ın Vikinglere ve İngilizlere karşı düzenlediği seferler, 1004'te ve 1010'da tekrar yağmalanmasına yol açtı. Sweyn'in 1013'te İngiltere kralı olarak taç giymesiyle barış geri geldi.</Text>
    </Row>
    <Row Tag="LOC_PEDIA_CITYSTATES_PAGE_CIVILIZATION_TMUTARAKAN_CHAPTER_HISTORY_PARA_1">
      <Text>Tmutarakan, Karadeniz ile Azak Denizi arasındaki Kırım geçidinde yer alan önde gelen bir ticaret merkezi olan Kiev Rus Prensliği'ydi. Hazarlar MS 7. yüzyılda burada "büyük" bir kale inşa etmiş olsalar da, 10. yüzyılın sonlarında Rusların kontrolüne geçmişti - ancak Tmutarakan'ın tam olarak hangi tarihte ve hangi koşullarda ele geçirildiği bilinmiyor. Baharattan köleye kadar her türlü malın ticaretinin yapıldığı uluslararası bir ticaret merkezi olan bu şehir, Büyük Vladimir'in 1015'teki ölümünden önce oğullarına verdiği şehirlerden biriydi. Vlad'ın oğlu Mstislav öldükten sonra, Tmutarakan kısa ömürlü küçük tiranlar tarafından yönetildi. Hatta bir süre Bizans tarafından bile sahiplenildi. Ancak nihayet 1083'te Oleg Svyatoslavich şehri Ruslara geri verdi ve şehir de asıl amacına, yani kâr elde etmeye geri döndü.</Text>
    </Row>
    <Row Tag="LOC_PEDIA_CITYSTATES_PAGE_CIVILIZATION_VENICE_CHAPTER_HISTORY_PARA_1">
      <Text>Po ve Piave nehirlerinin ağızları arasındaki bataklık lagünde yer alan Venedik'in kuruluş tarihi kesin olarak bilinmemekle birlikte, bazı arkeolojik kanıtlar şehrin ilk sakinlerinin Cermen istilalarından ve Hunlardan kaçan Romalı mülteciler olabileceğini göstermektedir. Yüzyıllar geçtikçe, başlangıçta küçük olan yerleşim 118 adaya yayılmaya başlamış, sakinleri küçük dereleri ve kanalları yol olarak kullanmışlardır. MS 700'lerin sonunda dükalık merkezi Venedik'e taşınmış ve Evangelist Aziz Markos'a adanmış bir bazilika inşa edilerek "Adriyatik Kraliçesi "nin doğuşu müjdelenmiştir. Orta Çağ boyunca şehir, Avrupa ile dünyanın geri kalanı arasında bir ticaret merkezi olarak gelişti ve stratejik konumu sayesinde Adriyatik'te eşsiz bir ticari ve deniz gücüne sahip oldu.</Text>
    </Row>
    <Row Tag="LOC_PEDIA_CITYSTATES_PAGE_CIVILIZATION_WINCHESTER_CHAPTER_HISTORY_PARA_1">
      <Text>Romalılar geldikten kısa bir süre sonra, Winchester'a dönüşecek olan tepe kalesi bölgesindeki Belgae kabilesi işgalcileri kollarını açarak karşılamış gibi görünüyor. Roma kasabası önemli bir pazar ve askeri merkez haline gelmiş ve Romalılar çekildikten sonra bile öyle kalmıştır. Sonunda Büyük Alfred, Ashdown'da Danimarkalı Viking sürüsünü yendikten sonra Batı Saksonların hükümdarı olduğunda, Winchester'ı MS 871'de yeniden doğan Wessex'in başkenti yaptı. Hemen ardından krallığın savunmasını bir sonraki Danimarka akınına karşı güçlendirmeye başladı. Winchester'da bu bir tür kentsel yenileme anlamına geliyordu, çünkü surları güçlendirdi ve askerlerin hareket etmesine yardımcı olmak için sokakları ızgara şeklinde düzenledi. Ayrıca yerel milisleri bir "hızlı tepki gücü" olarak örgütledi. Hastings'teki savaşın ardından, Winchester'a sığınan Kral Harold'un dul eşi, müstahkem kenti savaşmadan Normanlara teslim etti.</Text>
    </Row>
    <Row Tag="LOC_PEDIA_CITYSTATES_PAGE_CIVILIZATION_WOLIN_CHAPTER_HISTORY_PARA_1">
      <Text>Slavlar, Roma İmparatorluğu'nun sonlarına doğru Avrupa sahnesine çıkan ve Romalıların, Yunanlıların ve Bizanslıların "barbarlar" olarak adlandırdığı bir dizi Avrupalı gruptan biriydi. Germenlerin doğusunda ortaya çıkan Slavlar, Doğu Avrupa'ya yerleşti ve birçok devlette çoğunluk haline geldi: Rusya, Polonya, Çekya ve diğerleri. Wolin, Polonya kıyılarının hemen açığındaki bir adada bulunan ilk yerleşim yerlerinden biriydi.</Text>
    </Row>
    <Row Tag="LOC_PEDIA_CITYSTATES_PAGE_CIVILIZATION_YORK_CHAPTER_HISTORY_PARA_1">
      <Text>Saksonların kuzey İngiltere'ye yerleşmesinden sonra York, Deira ve ardından Northumbria krallığının başkenti olmuştur. İlk olarak MS 866 yılında Kemiksiz Ivar'ın (tarihçiler hangisinin iktidarsız ya da bir bacağı eksik olduğu konusunda hemfikir değil) komutasındaki "Büyük Kâfir Ordusu" geldiğinde Vikingler tarafından ele geçirilmiştir. Bir Viking sürüsü 875 yılında geri döndü ve lideri Halfdan York'u Jorvik olarak bilinen yeni bir Viking krallığının merkezi yaptı. Yaklaşık 75 yıl sonra Jorvik'in son kralı Eric Bloodaxe kovuldu ve toprakları İngiltere'ye dahil edilerek yerel güç York Kontu'na verildi. Kontların yönetiminde şehir hem siyasi hem de dini bir merkez haline geldi. Kontların bazıları İskandinav, bazıları İngilizdi. Ama Fatih William geldikten sonra bunun bir önemi kalmadı. Danimarkalı Vikingler tarafından Jorvik'i yeniden kurmak için ara sıra girişimler olsa da, hepsi boşa çıktı.</Text>
    </Row>
    <Row Tag="LOC_PEDIA_GOVERNMENTS_PAGE_POLICY_ILKUM_CHAPTER_HISTORY_PARA_1">
      <Text>Zorunlu askerlik ilk kez Hammurabi döneminde (M.Ö. 1750 civarında) uygulanmıştır. Bu ilkum sistemine göre, Babil İmparatorluğu savaş zamanlarında herkesi orduya hizmet etmeye çağırabilirdi; bol barış zamanlarında ise tebaasından bunun yerine önemli görülen diğer faaliyetler için ücretsiz işgücü sağlamaları istenirdi - inşaat projeleri, ekin hasadı, ticaret malları üretimi ve "devletin iyiliği" için gerekli olabilecek her şey. (Karşılığında, askere alınanlar toprak sahibi olma hakkını elde ediyordu.) Sonraki yüzyıllarda, diğer çeşitli imparatorluklar da benzer sistemler kurdu ve sonunda Ortaçağ Avrupası köylüleri arasında çok popüler olan feodal sisteme dönüştü.</Text>
    </Row>
    <Row Tag="LOC_PEDIA_GOVERNMENTS_PAGE_POLICY_MEDINA_QUARTER_CHAPTER_HISTORY_PARA_1">
      <Text>Biraz tarihi kalmış tüm Arap şehirlerinin medinası vardır - tipik olarak duvarlarla çevrili, dar ve labirent gibi sokakları olan, bazı yerlerde bir metreden (39 inç) daha az genişliğe sahip bir kentsel yerleşim bölgesi. Peygamber, İslam'ın bir takipçisi için adil ve düzenli bir şehrin zorunlu olduğunu buyurmuştur ve bu nedenle medinaların tasarımı, genellikle merkezinde çeşmeler, camiler ve pazarlar içeren toplumsal değerleri yansıtmaktadır. Dolambaçlı, dar sokakları nedeniyle işgalcilere karşı savunma görevi de görmüşlerdir... ve ayrıca otomobil trafiğinden, genellikle motosikletlerden ve hatta bisikletlerden de arındırılmışlardır.</Text>
    </Row>
    <Row Tag="LOC_PEDIA_GOVERNMENTS_PAGE_POLICY_SIEGE_TACTICS_CHAPTER_HISTORY_PARA_1">
      <Text>Saldırdıkları şehirlerin çoğunun duvarları olmadığı ya da basit ahşap parmaklıkları olduğu ve Viking stratejisinin hareketlilik, vahşet ve sürprizlere dayandığı göz önüne alındığında, Viking "kuşatma silahları" en fazla doğaçlama koçbaşları ya da kuleler olma eğilimindeydi. Abbo'nun MS 845'teki Paris kuşatmasını anlattığı eserinde, kaba balistalardan bahsedilmektedir... ancak günümüze ulaşan başka hiçbir eserde Vikinglerin kuşatma silahları kullandıklarından bahsedilmemektedir; daha ziyade duvarları aşmak ve içeri girmek için merdiven kullanmışlardır.</Text>
    </Row>
    <Row Tag="LOC_PEDIA_GOVERNMENTS_PAGE_POLICY_VOLLEY_CHAPTER_HISTORY_PARA_1">
      <Text>İskandinavlar tarafından avlanmak ya da savaşmak için yaygın olarak kullanılan yay porsuk, dişbudak ya da karaağaçtan yapılırdı ve yaklaşık 90 libre çekiş gücüne sahipti, ancak daha yüksek çekiş gücüne sahip yaylar da bulunmuştur; okların başları demir ya da kemiktendi. Viking Çağı'nın sonlarında İsveç ve Norveç'teki yasalar, özgür toprak sahiplerinin genel içtimaya çağrıldıklarında sadece bir kılıç ya da balta ve bir kalkan getirmekle kalmayıp, aynı zamanda bir yay ve oklarla da silahlanmaları gerektiğini belirtiyordu.</Text>
    </Row>
    <Row Tag="LOC_PEDIA_GOVERNMENTS_PAGE_POLICY_TRAVELING_MONKS_CHAPTER_HISTORY_PARA_1">
      <Text>Hıristiyan keşişlerin çoğu istikrarlı, manastır topluluklarında yaşarken, dilenci tarikatları yoksulluk, gezici seyahat, müjdeleme ve özellikle halktan insanlara hizmet etme gibi bir yaşam tarzını benimsedi. Bu nedenle, toprakları ya da ticaretleri olmadığı için, bu "gezgin keşişler", her zaman işe yaramasa da, refahları için vaaz verdikleri kişilerin iyi niyetine bağlıydı.</Text>
    </Row>
    <Row Tag="LOC_PEDIA_GREATPEOPLE_PAGE_GREAT_PERSON_INDIVIDUAL_BJARNI_CHAPTER_HISTORY_PARA_1">
      <Text>Bazıları Kuzey Amerika'yı "keşfetme" ününü Leif Erikson'un değil, Bjarni Herjolfsson'un alması gerektiğine inanmaktadır. İzlanda'da doğmuş bir tüccar kaptanı olan Herjolfsson, her yaz babasını ziyaret etmek için Norveç'ten denize açılırdı. Babasının Kızıl Erik'le birlikte Grönland'a doğru yelken açtığını öğrenen Bjarni, onu bulmak için yola koyulur, ancak bunun yerine - rotadan saparak - ağaçlar ve tepelerle kaplı ıssız bir kıyı bulur. Mürettebatı keşfetmek istese de kaptan bunu reddetti ve bunun yerine Grönland'a yelken açtı. Bu olay MS 986 yılında gerçekleşti. Grönland'da, batıdaki zengin topraklara dair anlattıkları, Bjarni'nin yolculuğunun izini sürmeye karar veren Leif'in kulağına gitti.</Text>
    </Row>
    <Row Tag="LOC_PEDIA_GREATPEOPLE_PAGE_GREAT_PERSON_INDIVIDUAL_ERIK_CHAPTER_HISTORY_PARA_1">
      <Text>Daha çok Kızıl Erik olarak bilinen Erik Thorvaldsson, "bazı cinayetler" nedeniyle İzlanda'daki "medeni insanlar" topluluğundan sürgün edildikten sonra Grönland'daki ilk İskandinav yerleşimini kuran bir Norveçliydi. (Daha önce adam öldürme suçundan Norveç'ten sürgün edilen babasının mirasını devam ettiriyordu). Diğer Vikingler daha önce Grönland'ı ziyaret etmiş olsalar da, destanlar Erik'in sürgünde geçirdiği üç yılı burayı keşfederek geçirdiğini iddia eder. Kışı İzlanda'da geçirdikten sonra bir dizi kolonist topladı ve MS 985 yılında Grönland'a döndü. Burada iki yerleşim yeri kurmuş ve Grönland Küçük Buzul Çağı sırasında İskandinavlar tarafından terk edilene kadar bu yerleşim yerleri ayakta kalmayı başarmıştır.</Text>
    </Row>
    <Row Tag="LOC_PEDIA_GREATPEOPLE_PAGE_GREAT_PERSON_INDIVIDUAL_INGVAR_CHAPTER_HISTORY_PARA_1">
      <Text>MS 10. ve 11. yüzyıllar boyunca, Rusların yanı sıra kuzeyden gelen Vikingler de Hazar Denizi'nde Sarazenlere ve diğerlerine karşı akınlar düzenlediler. Sonuncusu, "Çok Gezmiş" Ingvar'ın önderliğinde, muhtemelen eski Kral Anund Jakob'un himayesinde 1036 yılında İsveç'ten yola çıktı. Sefer Volga üzerinden Sarazenlerin topraklarına doğru yelken açmış ve Ingvar komutasındaki Vikingler burada Sasireti savaşına katılmışlardır. Günümüze ulaşan İskandinav destanlarının hiçbirinde Ingvar'ın yolculuğundan bahsedilmemesine rağmen, bu bölük pörçük hikâyenin tek kaynağı İsveç'in Uppland bölgesine dağılmış olan 26 rün taşıdır.</Text>
    </Row>
    <Row Tag="LOC_PEDIA_GREATPEOPLE_PAGE_GREAT_PERSON_INDIVIDUAL_FREYDIS_CHAPTER_HISTORY_PARA_1">
      <Text>Freydis'in Kızıl Erik'in kızı ve Leif Erikson'un kız kardeşi (ya da üvey kız kardeşi) olarak 970 civarında doğduğu düşünülmektedir. Bir kadın olarak eski destanlardan sadece ikisinde kısaca bahsedilir; 'Groenlendinga' ve 'Eiriks Rauda'. Ayrıntılar farklı olsa da, her ikisinde de Vinland'a gittiği, zafer peşinde koşan sert ve güçlü iradeli bir kadın olduğu anlatılır. Ancak birinde "Kızıl Derililerin" saldırısını savuşturmaya yardım eder; diğerinde ise rakip bir Viking kampına saldırı düzenler ve kadınları katletmek için bir balta kullanır. Her ikisinde de Grönland'a döner ve masallardan kaybolur.</Text>
    </Row>
    <Row Tag="LOC_PEDIA_GREATPEOPLE_PAGE_GREAT_PERSON_INDIVIDUAL_LEIF_CHAPTER_HISTORY_PARA_1">
      <Text>Eski Nors dilinde Leifr; doğduğu topraklar olan İzlandaca'da Leifur; kanının olduğu topraklar olan Norveççe'de ise Leiv'dir. Yazılışı ne olursa olsun, Leif Erikson MS 970 civarında İzlanda'da Kızıl Erik'in oğlu olarak doğmuştur. İzlanda destanlarına göre aynı zamanda Viking kaşiflerinin en büyüğüdür. Birçokları tarafından Kolomb'dan çok önce Kuzey Amerika'ya ayak basan ilk Avrupalı olarak kabul edilmektedir. Leif'in Vinland'ı keşfini çevreleyen tarih tahmin edilebileceği gibi bulanık olsa da, destanlara göre Newfoundland'ın kuzey ucunda bir İskandinav yerleşimi kurmuştur (ancak bu uzun sürmemiştir).</Text>
    </Row>
    <Row Tag="LOC_PEDIA_GREATPEOPLE_PAGE_GREAT_PERSON_INDIVIDUAL_HALFDAN_CHAPTER_HISTORY_PARA_1">
      <Text>En çok MS 865'ten 878'e kadar İngiltere'yi baştan başa geçen Büyük Kâfir Ordusu'nun liderlerinden biri olarak bilinen Halfdan Ragnarsson, birkaç yıl boyunca Dublin'in tartışmalı kralı ve bir yıl boyunca da Jorvik'in (York) tartışmasız kralı oldu. Ancak çoğunlukla ordusuyla İngiltere'de dolaşmış, 865'te Doğu Anglia'yı, ardından 866'da Northumbria'yı, sonra Mercia'yı ... tekrar Doğu Anglia'yı ... Wessex'i ... vb. işgal etmiştir. "Ulster Yıllıkları "na göre, Dublin Kralı 875 yılında öldürüldü ve Halfdan bir şekilde tahta geçti. Ama Jorvik'i almak için geri döndüğünde Dublin'de bertaraf edildi. 877'de İrlanda'ya döndüğünde Strangford Lough savaşında öldürüldü.</Text>
    </Row>
    <Row Tag="LOC_PEDIA_GREATPEOPLE_PAGE_GREAT_PERSON_INDIVIDUAL_RORIK_CHAPTER_HISTORY_PARA_1">
      <Text>Babası Dindar Louis'ye karşı mücadelede I. Lothar'a yardım ettikleri için, 841 yılında aralarında Hrorik adında birinin de bulunduğu birkaç küçük Viking lorduna ölü Louis'nin Frizya'daki topraklarından parçalar verildi. Orada akınlar için Wieringen'de bir ada üssü kurdu. Hükümdarlığı Dorestad'a kadar uzanıyordu... ya da öyle olduğunu iddia ediyordu. MS 850'de Hrorek, Dorestad ve Utrecht'i ele geçirip elinde tutarak bunu resmileştirdi. Viking sadakat yemini etmeye ve vergi toplamaya istekli olduğu için, Lothar onu Friesland'ın hükümdarı olarak kabul etti. Dorestad'ın ticari bir liman olarak önemi zaten azalmaya başlamıştı, bu yüzden büyük bir fedakârlık sayılmazdı. Hrorek 882 yılında öldüğünde toprakları "Deniz Kralı" Godfried'e verildi.</Text>
    </Row>
    <Row Tag="LOC_PEDIA_GREATPEOPLE_PAGE_GREAT_PERSON_INDIVIDUAL_SVIATOSLAV_CHAPTER_HISTORY_PARA_1">
      <Text>MS 945'ten 972'deki ölümüne kadar Kiev'in Büyük Prensi olan Sviatoslav, Rus hükümdarları arasında İskandinav yerine Slavca bir isme sahip olan ilk kişidir. Aslında onun hükümdarlığı, kaygıları ve kültürü artık Vikinglerden önemli ölçüde farklılaşmış olan Ruslar üzerindeki Varangian etkisinin sonunu işaret etmektedir. Sviatoslav'ın hayata karşı tipik bir Viking yaklaşımı vardı, çünkü hükümdarlığı Hazarlara, Bulgarlara, çeşitli Doğu Slav kabilelerine, Alanlara ve Volga Bulgarlarına karşı sürekli savaşlarla geçti. Yılına göre Perçenekler ve Macarlar ile ya savaşıyor ya da müttefik oluyordu. Sviatoslav öldüğünde, o zaman için Avrupa'nın en büyük devletini kurmuştu.</Text>
    </Row>
    <Row Tag="LOC_PEDIA_GREATPEOPLE_PAGE_GREAT_PERSON_INDIVIDUAL_OLAF_CHAPTER_HISTORY_PARA_1">
      <Text>Beş yıl boyunca (MS 995-1000) Norveç Kralı olan Olaf, Harald Fairhair'in torunu ve (Vikingler için mesleki bir tehlike olan, çocuğun doğumundan hemen önce öldürülen) reis Tryggvi'nin oğluydu. Efsaneye göre, Olaf'ın annesi Astrid bebeği alarak Kiev'e kaçmış ve burada çocuk Viking usullerine göre eğitilmiştir. İngiltere'ye yapılan akınlara katıldıktan sonra Olaf, Norveç'te Kral Haakon'a karşı bir isyan olduğunu öğrendi; oraya dönerek Haakon'un 995'te ölümü üzerine kral ilan edildi. Ve tebaasına zorla Hıristiyanlığı empoze etmeye başladı. Olaf, Svolder savaşında öldürülmeden önce fazla ilerleme kaydedemedi.</Text>
    </Row>
    <Row Tag="LOC_PEDIA_GREATPEOPLE_PAGE_GREAT_PERSON_INDIVIDUAL_WILLIAM_CHAPTER_HISTORY_PARA_1">
      <Text>Piç William ve Fatih William olarak da bilinen Vikinglerin soyundan gelen I. William henüz sekiz yaşındayken Normandiya Dükü oldu. Fransa Kralı I. Henri'nin yardımıyla William, düklüğünü ve hayatını reşit olana kadar korumayı başardı. Hırslı bir tip olan William, MS 1064 yılına gelindiğinde komşu eyaletler Britanny ve Maine'i Norman topraklarına katmayı başarmıştı. 1066'da William, İngiliz tahtı üzerindeki zayıf iddiasını sürdürmek için Manş Denizi'nin ötesine geçti. Hayatının geri kalanı İngiltere üzerindeki hakimiyetini sağlamlaştırmaya çalışmak, kıta topraklarına yönelik tehditleri savuşturmak ve sorunlu büyük oğluyla uğraşmakla geçti.</Text>
    </Row>
    <Row Tag="LOC_PEDIA_GREATPEOPLE_PAGE_GREAT_PERSON_INDIVIDUAL_THORFIN_CHAPTER_HISTORY_PARA_1">
      <Text>Thorfinn, Orkney Kontu Sigurd Hlodvirsson'un beş oğlundan en küçüğüydü... ama kontun İskoçya Kralı Malcolm II'nin kızı olan ikinci karısından olan tek oğluydu. Sigurd 1011 yılında İrlanda'da öldürüldüğünde, Orkney hayatta kalan dört kardeş arasında paylaştırıldı ve en az payı iki yaşındaki Thorfinn aldı. Kral Malcolm ve Norveç Kralı Olaf'ın desteğiyle genç Thorfinn 1030'da Orkney'in kontrolünü ele geçirdi. Thorfinn hayatının geri kalanını Hebridleri fethederek, İrlanda'ya akınlar düzenleyerek, kuzeni Macbeth'in İskoç tahtına geçmesine yardım ederek ve tebaasını Hıristiyanlaştırarak geçirdi.</Text>
    </Row>
    <Row Tag="LOC_PEDIA_GREATPEOPLE_PAGE_GREAT_PERSON_INDIVIDUAL_ROGER_CHAPTER_HISTORY_PARA_1">
      <Text>Roger (Jarl Rogeirr olarak da bilinir) adayı Müslümanlardan geri alma çabalarının başlangıcından 29 yıl sonraki ölümüne kadar Sicilya'nın kendine özgü Norman Kontuydu. Roger İtalya'ya ilk olarak MS 1057 yılında açgözlü kardeşi Robert Guiscard'ın Calabria'yı Bizanslılardan almasına yardım etmek için gitti. Mayıs 1061'de kardeşler Sicilya'nın tamamını fethetmeye karar verdiler. Ocak 1072'de Palermo'yu ele geçirdikten sonra Robert, Roger'ı "Sicilya Kontu" olarak atadı. Papa 1098'de Roger ve varislerine adanın Apostolik Elçiliğini de verdi.</Text>
    </Row>
    <Row Tag="LOC_PEDIA_CIVICS_PAGE_CIVIC_VIKING_CHAPTER_HISTORY_PARA_1">
      <Text>Çoğu tarihçi-dilbilimci artık "Viking" terimini "korsan" anlamına gelen İskandinav vikingr ile ilişkilendirmektedir. Ancak çoğunluğun varsaydığı anlamda değil; daha ziyade vikinglik, sadece akıncılık için değil, kesinlikle böyle bir bakış açısı olsa da, keşif, ticaret veya paralı askerlik için herhangi bir denizaşırı sefere çıkmak anlamına geliyordu.</Text>
    </Row>
    <Row Tag="LOC_PEDIA_CIVICS_PAGE_CIVIC_NAVAL_EMPIRE_CHAPTER_HISTORY_PARA_1">
      <Text>Vikingler kıyılara akın etmeye başladıklarında, büyük ölçüde çok az krallığın daimi bir donanmaya sahip olması nedeniyle başarılı oldular. Krallar donanmalar oluşturmaya başladığında, bu Viking hakimiyetinin sonunu işaret ediyordu; zaman zaman bir araya gelen "yüz gemilik" Viking filolarının hiçbir uyumu, düzeni ya da koordinasyonu yoktu, sadece bireysel şefler ya da klanlar tarafından yönetilen daha küçük filolardan oluşan kitlelerdi.</Text>
    </Row>
    <Row Tag="LOC_PEDIA_CIVICS_PAGE_CIVIC_MONOTHEISM_CHAPTER_HISTORY_PARA_1">
      <Text>Tektanrıcılık basitçe tek bir tanrı (ya da tanrıça) olduğu inancıdır. Bu inanç Zerdüştlüğe kadar dayandırılabilir ve günümüzde Hristiyanlık, Sihizm ve diğer dinlerde hala mevcuttur.</Text>
    </Row>
    <Row Tag="LOC_PEDIA_TECHNOLOGIES_PAGE_TECH_GREAT_HEATHEN_ARMY_CHAPTER_HISTORY_PARA_1">
      <Text>865 yılında, efsanevi Ragnar Lodbrok'un üç intikamcı oğlu tarafından yönetildiği varsayılan binlerce Viking Doğu Anglia'ya indi. Bu "Büyük Kâfir Ordusu" İngiltere'nin dört bir yanına saldırdı, alabildiğini aldı, alamadığını kırdı. Tarihte Büyük Alfred olarak bilinen Anglo-Sakson Kralı Alfred, 878 yılında Büyük Kâfir Ordusu'nu nihayet yenilgiye uğrattı. Ancak Vikingler için her şey o kadar da kötü değildi; bunu takip eden antlaşmayla kuzey ve doğu İngiltere'nin büyük bir kısmı Viking yönetimine bırakıldı.</Text>
    </Row>
    <Row Tag="LOC_PEDIA_TECHNOLOGIES_PAGE_TECH_KNARRS_CHAPTER_HISTORY_PARA_1">
      <Text>Viking knarr'ı, uzun deniz yolculuklarında birkaç düzine ton mal ve mürettebat taşıyabilen ağır, yük taşıyan bir kargo gemisiydi. Rutin olarak Akdeniz, Baltık ve Kuzey denizlerinde ticaret yolculuklarına çıkan knarr, İskandinav kolonicilerini İzlanda, Grönland ve Vinland gibi yerlere de taşımıştır. Bir uzun geminin yanında ne şık ne de güzel dursa da, knarr Viking filolarının gerçek beygiriydi.</Text>
    </Row>
    <Row Tag="LOC_PEDIA_TECHNOLOGIES_PAGE_TECH_LONGSHIPS_CHAPTER_HISTORY_PARA_1">
      <Text>Viking uzun gemisi tasarımı, tarih öncesi İskandinav umiak'ından 6. yüzyılın klinker yapılı Nydam gemisine kadar bin yıl boyunca gelişmiştir. 9. yüzyıla gelindiğinde uzun gemi zarif, uzun ama dar, sığ su çekimli (nehirlerde seyredebilen) ve hafifti (limana yanaşmak için). Hızlı ahşap gemiler Vikingleri denizlerin efendisi haline getirdi ve uzun gemilerin ufukta görülmesi 13. yüzyıla kadar Avrupa'nın çoğunda korkuya neden oldu.</Text>
    </Row>
    <Row Tag="LOC_PEDIA_TECHNOLOGIES_PAGE_TECH_PORTAGE_CHAPTER_HISTORY_PARA_1">
      <Text>Portaging (ya da "gemileri bir su kütlesinden diğerine karadan taşıma") tekniği, bir kayaya yanaştırılmış bir sal üzerindeki ilk mağara adamından beri kullanılmaktadır. Açıkçası, bunu yapmak bazı yerlerde diğerlerine göre daha kolaydır - Viking uzun gemileri söz konusu olduğunda bir geçidi tanımak ve kurmak çok önemliydi. 8. ve 9. yüzyıllarda Viking maceracıları Rus krallığını kurmak ve zenginleştirmek için Volga, Dvina, Dneiper ve Don nehirlerini birbirine bağlayan bir geçit ağından yararlandılar. (Taşıma eylemi için özel bir teknik ya da teknoloji gerekmiyordu... sadece güçlü bir sırt yeterliydi).</Text>
    </Row>
    <Row Tag="LOC_PEDIA_TECHNOLOGIES_PAGE_TECH_HACKSILVER_CHAPTER_HISTORY_PARA_1">
      <Text>Vikingler sikkeyi pek kullanmazlardı. Bunun yerine, İskandinavlar servetlerini "kesilmiş gümüş" olarak biriktirmeyi tercih etmişlerdir - ticaret yaptıkları ya da yağma olarak aldıkları kesilmiş ya da bükülmüş gümüş eşyalar. Kanı yıkandıktan sonra gümüş takımları, mücevherleri ve haçları kesmek, gerçek sikkeleri dökmekten çok daha az çaba gerektiriyordu. Vikingler nesiller boyunca kesilmiş gümüşü tercih ettiler; gümüş açık ara en yaygın değerli metaldi ve işlenmesi en kolay olanıydı.</Text>
    </Row>
    <Row Tag="LOC_PEDIA_TECHNOLOGIES_PAGE_TECH_LANCES_CHAPTER_HISTORY_PARA_1">
      <Text>İnsanları şişlemek için sivri uçlu uzun bir sırık olan mızrak, Viking Çağı'nda ağır süvariler tarafından kullanılan başlıca silahtı. İskandinavların çok azı mızrak kullanmıştır ama düşmanlarının çoğu kullanmıştır. Bizans süvarileri de bu dönemde mızraklar ('kontarion' olarak bilinir) taşır ve bunları koltuk üstünden ya da koltuk altından geçirirlerdi. Ancak düşman piyadelerine ve önlerine çıkan herkese karşı bu kadar etkili olan tam saf halinde, kapalı sıra hücumunu mükemmelleştirenler Avrupalılardı.</Text>
    </Row>
    <Row Tag="LOC_PEDIA_TECHNOLOGIES_PAGE_TECH_MEAD_HALLS_CHAPTER_HISTORY_PARA_1">
      <Text>İskandinavya'nın 5. yüzyıldan 11. yüzyıla kadar uzanan eski içki salonları, kabile ziyafetlerinin yanı sıra Viking lordlarının ve maiyetlerinin zaman zaman ikamet ettikleri yerlerdi. İskandinav destanları ve efsaneleri bir içki salonunun kullanılabileceği pek çok alanla doludur: kutlamalar, törenler, festivaller, savaş konseyleri... hatta cinayet! ('Ynglinga' destanı Kral Ingjald'ın astlarını uyurken yakmak için bir içki salonu inşa etmesini anlatır). Vikingler, Valhalla ve Sessrumnir'in efsanevi salonları ölümden sonra bile eğlencelerinin devam etmesine izin verdiği için bal likörü salonlarına doyamıyorlardı.</Text>
    </Row>
    <Row Tag="LOC_PEDIA_TECHNOLOGIES_PAGE_TECH_SHIELDWALL_CHAPTER_HISTORY_PARA_1">
      <Text>Hem İskandinav destanlarında hem de Hristiyan kroniklerinde bahsedilen kalkan duvarı - Yunan ve Roma oluşumlarından evrimleşmiştir - hafif füze ateşine, toplu piyadelere ve hatta süvari hücumlarına karşı bir bariyer oluşturmak için üst üste binen kalkanları içeren basit bir savaş taktiğiydi. Bazı Viking klanları arasında favori bir oluşumdu ve Sakson ve Cermen düşmanları tarafından da kullanılıyordu. Viking akıncıları birçok nedenden ötürü baltaları tercih etse de, baltalar bir kalkan duvarının altındaki bacakları yarmak için idealdi. Orta Çağ'ın sonlarında bu taktik uzun sırıklı silahlar lehine terk edildi. Bunları kullanmak için iki el gerekiyordu ve hem düşman piyadelerini hem de süvarileri uzak tutmada daha da etkiliydi.</Text>
    </Row>
  </BaseGameText>
</GameData>