﻿<?xml version="1.0" encoding="utf-8"?>
<!-- edited with XMLSPY v2004 rel. 2 U (http://www.xmlspy.com) by matthew beach (Firaxis Games) -->
<GameData>
  <BaseGameText>
    <!-- Map Name -->
    <Row Tag="LOC_VIKING_SCENARIO_MAP_NAME">
      <Text>Midgard</Text>
    </Row>
    <Row Tag="LOC_VIKING_SCENARIO_MAP_DESCRIPTION">
      <Text>Vikinglerin ülkesi.</Text>
    </Row>
    <!--Game Speed-->
    <Row Tag="LOC_VIKING_SCENARIO_GAMESPEED_VALHALLA_NAME">
      <Text>Valhalla</Text>
    </Row>
    <Row Tag="LOC_VIKING_SCENARIO_GAMESPEED_VALHALLA_HELP">
      <Text>Sonsuz savasin hizi.</Text>
    </Row>
    <!-- Eras -->
    <Row Tag="LOC_VIKING_SCENARIO_ERA_EARLY_NAME">
      <Text>Lindisfarne</Text>
    </Row>
    <Row Tag="LOC_VIKING_SCENARIO_ERA_EARLY_DESCRIPTION">
      <Text>Lindisfarne Dönemi Vikinglerin baslangici.</Text>
    </Row>
    <Row Tag="LOC_VIKING_SCENARIO_ERA_MIDDLE_NAME">
      <Text>Rus</Text>
    </Row>
    <Row Tag="LOC_VIKING_SCENARIO_ERA_MIDDLE_DESCRIPTION">
      <Text>Rus Dönemi Vikinglerin zirvesi.</Text>
    </Row>
    <Row Tag="LOC_VIKING_SCENARIO_ERA_LATE_NAME">
      <Text>Hastings</Text>
    </Row>
    <Row Tag="LOC_VIKING_SCENARIO_ERA_LATE_DESCRIPTION">
      <Text>Hastings Dönemi, Vikinglerin alacakaranligi.</Text>
    </Row>
    <!-- Empire Names-->
    <Row Tag="LOC_CIVILIZATION_SCENARIO_DENMARK_DESCRIPTION">
      <Text>Danimarka Imparatorlugu</Text>
    </Row>
    <Row Tag="LOC_CIVILIZATION_SCENARIO_SWEDEN_DESCRIPTION">
      <Text>Isveç Imparatorlugu</Text>
    </Row>
    <Row Tag="LOC_CIVILIZATION_SCENARIO_AL_ANDALUS_DESCRIPTION">
      <Text>Endülüs Halifeligi</Text>
    </Row>
    <Row Tag="LOC_CIVILIZATION_SCENARIO_BYZANTIUM_DESCRIPTION">
      <Text>Bizans Imparatorlugu</Text>
    </Row>
    <Row Tag="LOC_CIVILIZATION_SCENARIO_FRANCIA_DESCRIPTION">
      <Text>Frank Imparatorlugu</Text>
    </Row>
    <!--Leader Names-->
    <Row Tag="LOC_LEADER_SCENARIO_AL_HAKAM_II_NAME">
      <Text>Al-Hakam II</Text>
    </Row>
    <Row Tag="LOC_LEADER_SCENARIO_BASIL_II_NAME">
      <Text>Basil II</Text>
    </Row>
    <Row Tag="LOC_LEADER_SCENARIO_CHARLEMAGNE_NAME">
      <Text>Charlemagne</Text>
    </Row>
    <Row Tag="LOC_LEADER_SCENARIO_CNUT_NAME">
      <Text>Canute</Text>
    </Row>
    <Row Tag="LOC_LEADER_SCENARIO_OLOF_NAME">
      <Text>Olof Skötkonung</Text>
    </Row>
    <!-- Civilizations-->
    <Row Tag="LOC_CIVILIZATION_SCENARIO_DENMARK_NAME">
      <Text>Danimarka</Text>
    </Row>
    <Row Tag="LOC_CIVILIZATION_SCENARIO_SWEDEN_NAME">
      <Text>Isveç</Text>
    </Row>
    <Row Tag="LOC_CIVILIZATION_SCENARIO_AL_ANDALUS_NAME">
      <Text>Endülüs</Text>
    </Row>
    <Row Tag="LOC_CIVILIZATION_SCENARIO_BYZANTIUM_NAME">
      <Text>Bizans</Text>
    </Row>
    <Row Tag="LOC_CIVILIZATION_SCENARIO_FRANCIA_NAME">
      <Text>Francia</Text>
    </Row>
    <!--Traits-->
    <Row Tag="LOC_TRAIT_SCENARIO_VIKING_NAME">
      <Text>Viking</Text>
    </Row>
    <Row Tag="LOC_TRAIT_SCENARIO_VIKING_DESCRIPTION">
      <Text>Birimler, gemiye binme ve gemiden inme nedeniyle olusan ek hareket maliyetlerini göz ardi eder.</Text>
    </Row>
    <Row Tag="LOC_TRAIT_SCENARIO_FRANKISH_NAME">
      <Text>Frenkçe</Text>
    </Row>
    <Row Tag="LOC_TRAIT_SCENARIO_FRANKISH_DESCRIPTION">
      <Text>Michel Dagi harikasi Rouen'de yer almaktadir.</Text>
    </Row>
    <Row Tag="LOC_TRAIT_SCENARIO_MOORISH_NAME">
      <Text>Magribi</Text>
    </Row>
    <Row Tag="LOC_TRAIT_SCENARIO_MOORISH_DESCRIPTION">
      <Text>Alhambra harikasi Išbiliya'da yer almaktadir.</Text>
    </Row>
    <Row Tag="LOC_TRAIT_SCENARIO_BYZANTINE_NAME">
      <Text>Bizans</Text>
    </Row>
    <Row Tag="LOC_TRAIT_SCENARIO_BYZANTINE_DESCRIPTION">
      <Text>Ayasofya Harikasi Konstantinopolis'te yer almaktadir.</Text>
    </Row>
    <Row Tag="LOC_TRAIT_LEADER_EXTRA_MILITARY_SLOT_NAME">
      <Text>Kuzey Denizi Imparatorlugu</Text>
    </Row>
    <Row Tag="LOC_TRAIT_LEADER_EXTRA_MILITARY_SLOT_DESCRIPTION">
      <Text>Fazladan bir askeri politika yuvasina sahiptir. Yerlesimci, Viking Uzun Gemisi, Misyonerler ve Liman insa edebilir.</Text>
    </Row>
    <Row Tag="LOC_TRAIT_LEADER_FASTER_SHIPS_DESCRIPTION">
      <Text>Donanma birimlerinin +2 hareketi vardir. Yerlesimci, Viking Uzun Gemisi, Misyonerler ve Liman Bölgesi insa edebilir.</Text>
    </Row>
    <Row Tag="LOC_TRAIT_LEADER_EXTRA_ECONOMIC_SLOT_NAME">
      <Text>Hazine Krali</Text>
    </Row>
    <Row Tag="LOC_TRAIT_LEADER_EXTRA_ECONOMIC_SLOT_DESCRIPTION">
      <Text>Fazladan bir ekonomik politika yuvasina sahiptir. Yerlesimci, Viking Uzun Gemisi, Misyonerler ve Liman Bölgesi insa edebilir.</Text>
    </Row>
    <Row Tag="LOC_TRAIT_LEADER_PIOUS_NAME">
      <Text>Pious</Text>
    </Row>
    <Row Tag="LOC_TRAIT_LEADER_PIOUS_DESCRIPTION">
      <Text>Teokrasi ve Sövalyeler insa etme yetenegi ile baslar.</Text>
    </Row>
    <!-- Scenario Name and Description-->
    <Row Tag="LOC_VIKING_SCENARIO_NAME">
      <Text>Vikingler, Tüccarlar ve Akincilar!</Text>
    </Row>
    <Row Tag="LOC_VIKING_SCENARIO_TOOLTIP">
      <Text>Bir viking krali olarak en büyük serveti toplayabilir misin? 60 Tur sürer.</Text>
    </Row>
    <Row Tag="LOC_VIKING_SCENARIO_DESCRIPTION">
      <Text>Bu 60 turluk senaryoda en güçlü Viking lordu olarak Avrupa'yi egemenliginiz altina alin. Danimarka, Norveç veya Isveç'ten üç benzersiz Viking hükümdarindan biri olarak oynayin ve Avrupa'da yagma ve baskin yapin. Ingiltere'ye bir deniz istilasi baslatin, Paris'i fethedin veya Cebelitarik'in etrafindan dolasip Akdeniz'e akin edin.[NEWLINE][NEWLINE]Evinize döndügünüzde, mümkün olan en kârli sehirlerle ticaret yollari biriktirirken bir ticaret imparatorlugu kurun. Ve eger kendinizi bir dini takip ederken bulursaniz, iyi sözü yayin ve halkiniz için [ICON_Faith] Inanç olusturun.</Text>
    </Row>
    <Row Tag="LOC_LOADING_INFO_VIKING_SCENARIO">
      <Text>Bir Viking lordunun degeri nedir? Bilinen dünyanin okyanuslari boyunca sizi takip edecek denizci savasçilar emrinizdedir. Uzun gemileriniz, servetlerini kiyidan uzak tutmak isteyenlerin kalplerine gölge düsürür. Ama kendi iyiligi için yagma basit bir haydutluktur. Siz, lordum, ne basit ne de haydutsunuz. Onlara savurduklari servetin aci gerçegini ögretin - eger onu koruyamiyorlarsa, o zaman asla onlarin olmamistir.</Text>
    </Row>
    <!--Units Name-->
    <Row Tag="LOC_UNIT_SCENARIO_FRANKISH_CABALLARII_NAME">
      <Text>Caballarii</Text>
    </Row>
    <Row Tag="LOC_UNIT_SCENARIO_MOORISH_FARFANES_NAME">
      <Text>Farfanes</Text>
    </Row>
    <!--Units Description-->
    <Row Tag="LOC_UNIT_SCENARIO_NORWEGIAN_BERSERKER_DESCRIPTION">
      <Text>Viking'e özgü birim. 4 [ICON_Movement] Bu birim düsman bölgesinde baslarsa hareket. Saldirirken +10 [ICON_Strength] Savas Gücü ve savunurken -5 [ICON_Strength] Savas Gücü. Öldürmelerden Büyük General puani kazanir.</Text>
    </Row>
    <Row Tag="LOC_UNIT_SCENARIO_NORWEGIAN_LONGSHIP_DESCRIPTION">
      <Text>Kadirganin yerini alan Viking'e özgü deniz birimi. Düsman kiyi topraklarini yagmalayabilir ve bitisikse sivilleri ele geçirebilir. Tarafsiz bölgede iyilesebilir. Öldürmelerden Büyük Amiral puani kazanir.</Text>
    </Row>
    <Row Tag="LOC_UNIT_SCENARIO_FRANKISH_CABALLARII_DESCRIPTION">
      <Text>Sövalyenin yerini alan Francia'ya özgü birim. Hasar gördügünde savas cezalarina maruz kalmaz.</Text>
    </Row>
    <Row Tag="LOC_UNIT_SCENARIO_MOORISH_FARFANES_DESCRIPTION">
      <Text>Al-Andulus'a özgü bir birimdir. Kendi topraklarina bitisik veya bu topraklarda daha iyi savasan hafif süvari birimi. Hareket puani kalirsa saldirdiktan sonra hareket edebilir.</Text>
    </Row>
    <Row Tag="LOC_UNIT_SCENARIO_SETTLER_DESCRIPTION">
      <Text>Yeni sehirler olusturabilir. Yerlesimciler bu senaryoda sadece Sivilleri tamamlayarak elde edilir.  Asla insa edilemezler.</Text>
    </Row>
    <Row Tag="LOC_UNIT_SCENARIO_QUADRIREME_DESCRIPTION">
      <Text>Bizans'in essiz birimi. Ilk deniz menzilli birimi.</Text>
    </Row>
    <!--District Description-->
    <Row Tag="LOC_DISTRICT_SCENARIO_HARBOR_DESCRIPTION">
      <Text>Sehrinizdeki denizcilik faaliyetleri için Vikinglere özgü bir bölge. Ayrica bu kareye binis ve inis için [ICON_Movement] Hareket cezasini da kaldirir. Karaya bitisik Sahil veya Göl Arazisi üzerine insa edilmelidir. [NEWLINE][NEWLINE]+1 [ICON_TradeRoute] Ticaret Yolu kapasitesi, eger bu sehirde henüz bir Ticaret Merkezi bölgesi yoksa. [NEWLINE][NEWLINE]Bitisiklik: Standart [ICON_Gold] Her bitisik kiyi kaynagi için altin bonusu. Minör [ICON_Gold] Bitisik bölge karolari için altin bonusu.</Text>
    </Row>
    <!--Improvements Name-->
    <Row Tag="LOC_IMPROVEMENT_SCENARIO_ALCAZAR_NAME">
      <Text>Alcázar</Text>
    </Row>
    <Row Tag="LOC_IMPROVEMENT_SCENARIO_MONASTERY_NAME">
      <Text>Manastir</Text>
    </Row>
    <!--Improvements Description-->
    <Row Tag="LOC_IMPROVEMENT_SCENARIO_ALCAZAR_DESCRIPTION">
      <Text>Tahkimat, [ICON_Faith] Inanç ve [ICON_Gold] Altin saglayan Al-Andulus Iyilestirmesi.</Text>
    </Row>
    <Row Tag="LOC_IMPROVEMENT_SCENARIO_MONASTERY_DESCRIPTION">
      <Text>Frank, Bizans ve Sehir Devleti, Inanç saglayan iyilestirme [ICON_Faith].</Text>
    </Row>
  </BaseGameText>
</GameData>