﻿<?xml version="1.0" encoding="utf-8"?>
<!--Sid Meier's Civilization V -->
<!--Copyright Firaxis Games 2010 -->
<GameData>
  <Language_en_US>
    <!--General phrases -->
    <!--Greeting (first time meeting) -->
    <Row Tag="TXT_KEY_LEADER_KAMEHAMEHA_FIRSTGREETING_1">
      <Text>Ah, bir yol arkadasi! Polinezya'nin büyük adalarina hos geldiniz!  Ben, Büyük Kamehameha, sizi ziyafetimi ve atesimi paylasmaya davet ediyorum.</Text>
    </Row>
    <Row Tag="TXT_KEY_LEADER_KAMEHAMEHA_FIRSTGREETING_2">
      <Text>Hos geldin, yabanci! Ben Kamehameha, Polinezya Krali.  Gelin, tanismamizi kutlamak için büyük bir hula düzenleyelim.</Text>
    </Row>
    <Row Tag="TXT_KEY_LEADER_KAMEHAMEHA_FIRSTGREETING_3">
      <Text>Selamlar ve kutsamalar senin üzerine olsun, dostum.  Ben Kamehameha, Polinezya'nin Büyük Krali.  Kaynaklarimizi paylasalim ve uyum içinde birlikte çalisalim!</Text>
    </Row>
    <!--Reacts to his bluff being called -->
    <Row Tag="TXT_KEY_LEADER_KAMEHAMEHA_WARBLUFF_1">
      <Text>Belki baska bir zaman.</Text>
    </Row>
    <Row Tag="TXT_KEY_LEADER_KAMEHAMEHA_WARBLUFF_2">
      <Text>Bastigin yere dikkat et, dostum.</Text>
    </Row>
    <Row Tag="TXT_KEY_LEADER_KAMEHAMEHA_WARBLUFF_3">
      <Text>Kahunalarimin sana verdiginden daha bilgesin.</Text>
    </Row>
    <!--Gloats after winning a war -->
    <Row Tag="TXT_KEY_LEADER_KAMEHAMEHA_WINWAR_1">
      <Text>Yüce Tanri Ku bu tartismada benim yanimda yer aldi.  Onun iradesi konusuyor - kavgalarimiza son verelim ve onu daha fazla kizdirmayalim.</Text>
    </Row>
    <Row Tag="TXT_KEY_LEADER_KAMEHAMEHA_WINWAR_2">
      <Text>Polinezya kuyruklu yildiziyla kapismayi mi düsündünüz?  Gelecekte, böyle çilginca eylemlere girismeden önce Kahunalariniza danismalisiniz.</Text>
    </Row>
    <!--Submissive after losing a war -->
    <Row Tag="TXT_KEY_LEADER_KAMEHAMEHA_LOSEWAR_1">
      <Text>Belki de yildizlar yaniliyordu... Bu konuda Kahunalarima danismaliyim.</Text>
    </Row>
    <Row Tag="TXT_KEY_LEADER_KAMEHAMEHA_LOSEWAR_2">
      <Text>Pele seni dansiyla onurlandiriyor. Onun begenisini kazandin dostum, ama sonsuza dek onun ilgisinden yararlanmayi umma.</Text>
    </Row>
    <!--Defeated and removed from game -->
    <Row Tag="TXT_KEY_LEADER_KAMEHAMEHA_DEFEATED_1">
      <Text>Yildizlar benim 'seflerin katili' olacagimi önceden bildirmisti.  Tahmin ettigim sonuç bu degildi ama kehanet gerçeklesmeli.</Text>
    </Row>
    <Row Tag="TXT_KEY_LEADER_KAMEHAMEHA_DEFEATED_2">
      <Text>Halkim zaferiniz hakkinda bir hula yazacak.  Belki bir gün tanrilarin bizi neden terk ettigini anlariz.</Text>
    </Row>
    <Row Tag="TXT_KEY_LEADER_KAMEHAMEHA_DEFEATED_3">
      <Text>Sert kabuklu yengeç boyun egiyor, kuyruklu yildizin dölleri soluyor.  Kanaloa simdi benim için geliyor.</Text>
    </Row>
    <!--Neutral -->
    <!--Greetings (subsequent meetings) -->
    <Row Tag="TXT_KEY_LEADER_KAMEHAMEHA_GREETING_1">
      <Text>Size iyi günler dilerim.</Text>
    </Row>
    <Row Tag="TXT_KEY_LEADER_KAMEHAMEHA_GREETING_2">
      <Text>Selamlar.</Text>
    </Row>
    <!--Goodbye -->
    <Row Tag="TXT_KEY_LEADER_KAMEHAMEHA_GOODBYE_1">
      <Text>Tekrar görüsene kadar.</Text>
    </Row>
    <Row Tag="TXT_KEY_LEADER_KAMEHAMEHA_GOODBYE_2">
      <Text>Güle güle.</Text>
    </Row>
    <!--Trade offer from player - yes -->
    <Row Tag="TXT_KEY_LEADER_KAMEHAMEHA_TRADE_YES_NEUTRAL">
      <Text>Kesinlikle!</Text>
    </Row>
    <!--Trade offer from player - sweeten the deal -->
    <Row Tag="TXT_KEY_LEADER_KAMEHAMEHA_TRADE_NEEDMORE_NEUTRAL_1">
      <Text>Iyi niyetimize deger veriyorum ama bundan daha iyisini yapmalisiniz.</Text>
    </Row>
    <Row Tag="TXT_KEY_LEADER_KAMEHAMEHA_TRADE_NEEDMORE_NEUTRAL_2">
      <Text>Bu yeterince iyi degil.</Text>
    </Row>
    <Row Tag="TXT_KEY_LEADER_KAMEHAMEHA_TRADE_NEEDMORE_NEUTRAL_3">
      <Text>Neredeyse...</Text>
    </Row>
    <!--Trade offer from player - no -->
    <Row Tag="TXT_KEY_LEADER_KAMEHAMEHA_TRADE_NO_NEUTRAL">
      <Text>Ilgilenmiyorum.</Text>
    </Row>
    <!--Demand for tribute from player - yes -->
    <Row Tag="TXT_KEY_LEADER_KAMEHAMEHA_TRIBUTE_YES_NEUTRAL">
      <Text>Daha nazik bir sekilde sormanizi dilerdim ama zenginligi paylasmak her zaman iyidir.</Text>
    </Row>
    <!--Demand for tribute from player - no -->
    <Row Tag="TXT_KEY_LEADER_KAMEHAMEHA_TRIBUTE_NO_NEUTRAL">
      <Text>Korkarim paylasacak bir ödülüm yok. Eliniz bos gitmek zorunda kalacaksiniz."</Text>
    </Row>
    <!--Requests a trade -->
    <Row Tag="TXT_KEY_LEADER_KAMEHAMEHA_TRADEREQUEST_NEUTRAL">
      <Text>Belki siz de bunu benim kadar sevimli bulursunuz?</Text>
    </Row>
    <!--Demands tribute -->
    <Row Tag="TXT_KEY_LEADER_KAMEHAMEHA_DEMANDTRIBUTE_NEUTRAL">
      <Text>Dostum, yardimina ihtiyacimiz var!</Text>
    </Row>
    <!--Agrees -->
    <Row Tag="TXT_KEY_LEADER_KAMEHAMEHA_AGREE_SHORT_1">
      <Text>Tamam.</Text>
    </Row>
    <Row Tag="TXT_KEY_LEADER_KAMEHAMEHA_AGREE_SHORT_2">
      <Text>Cok iyi.</Text>
    </Row>
    <!--Disagrees -->
    <Row Tag="TXT_KEY_LEADER_KAMEHAMEHA_DISAGREE_SHORT_1">
      <Text>Hayir, mümkün degil.</Text>
    </Row>
    <Row Tag="TXT_KEY_LEADER_KAMEHAMEHA_DISAGREE_SHORT_2">
      <Text>Reddediyorum.</Text>
    </Row>
    <!--Let's hear it -->
    <Row Tag="TXT_KEY_LEADER_KAMEHAMEHA_LETSHEARIT_1">
      <Text>Duyalim bakalim.</Text>
    </Row>
    <Row Tag="TXT_KEY_LEADER_KAMEHAMEHA_LETSHEARIT_2">
      <Text>Devam et.</Text>
    </Row>
    <!--Happy -->
    <!--Greetings (subsequent meetings) -->
    <Row Tag="TXT_KEY_LEADER_KAMEHAMEHA_GREETING_3">
      <Text>Hos geldin, dostum.</Text>
    </Row>
    <Row Tag="TXT_KEY_LEADER_KAMEHAMEHA_GREETING_4">
      <Text>Bu her zaman bir zevktir.</Text>
    </Row>
    <!--Goodbye -->
    <Row Tag="TXT_KEY_LEADER_KAMEHAMEHA_GOODBYE_3">
      <Text>Elveda, dostum.</Text>
    </Row>
    <Row Tag="TXT_KEY_LEADER_KAMEHAMEHA_GOODBYE_4">
      <Text>Güle güle.</Text>
    </Row>
    <!--Trade offer from player - yes -->
    <Row Tag="TXT_KEY_LEADER_KAMEHAMEHA_TRADE_YES_HAPPY">
      <Text>Ama tabii ki! Iste!</Text>
    </Row>
    <!--Trade offer from player - sweeten the deal -->
    <Row Tag="TXT_KEY_LEADER_KAMEHAMEHA_TRADE_NEEDMORE_HAPPY_1">
      <Text>Seni kardesim olarak görüyorum ama ailem bile bu kadar cesur olamaz.</Text>
    </Row>
    <Row Tag="TXT_KEY_LEADER_KAMEHAMEHA_TRADE_NEEDMORE_HAPPY_2">
      <Text>Yapabileceginin en iyisi bu mu?</Text>
    </Row>
    <Row Tag="TXT_KEY_LEADER_KAMEHAMEHA_TRADE_NEEDMORE_HAPPY_3">
      <Text>Neredeyse vardin.</Text>
    </Row>
    <!--Trade offer from player - no -->
    <Row Tag="TXT_KEY_LEADER_KAMEHAMEHA_TRADE_NO_HAPPY">
      <Text>Binlerce kez tesekkürler, ama hayir.</Text>
    </Row>
    <!--Demand for tribute from player - yes -->
    <Row Tag="TXT_KEY_LEADER_KAMEHAMEHA_TRIBUTE_YES_HAPPY">
      <Text>Elbette, arkadaslar serveti paylasmaktan baska ne ise yarar ki?</Text>
    </Row>
    <!--Demand for tribute from player - no -->
    <Row Tag="TXT_KEY_LEADER_KAMEHAMEHA_TRIBUTE_NO_HAPPY">
      <Text>Görüyorum ki bugün sakalar için yapilmis!</Text>
    </Row>
    <!--Demands tribute -->
    <Row Tag="TXT_KEY_LEADER_KAMEHAMEHA_DEMANDTRIBUTE_HAPPY">
      <Text>Dostum, hula için adil payini ödemedin.</Text>
    </Row>
    <!--Requests a trade -->
    <Row Tag="TXT_KEY_LEADER_KAMEHAMEHA_TRADEREQUEST_HAPPY">
      <Text>Gelin, halkimiz birlikte ziyafet çeksin!</Text>
    </Row>
    <!--Agrees -->
    <Row Tag="TXT_KEY_LEADER_KAMEHAMEHA_AGREE_SHORT_3">
      <Text>Kesinlikle.</Text>
    </Row>
    <!--Disagrees -->
    <Row Tag="TXT_KEY_LEADER_KAMEHAMEHA_DISAGREE_SHORT_3">
      <Text>Kesinlikle olmaz.</Text>
    </Row>
    <Row Tag="TXT_KEY_LEADER_KAMEHAMEHA_DISAGREE_SHORT_4">
      <Text>Bu kabul edilemez.</Text>
    </Row>
    <!--Let's hear it -->
    <Row Tag="TXT_KEY_LEADER_KAMEHAMEHA_LETSHEARIT_3">
      <Text>Devam edin.</Text>
    </Row>
    <Row Tag="TXT_KEY_LEADER_KAMEHAMEHA_LETSHEARIT_4">
      <Text>Dinliyorum.</Text>
    </Row>
    <!--Angry -->
    <!--Greetings (subsequent meetings) -->
    <Row Tag="TXT_KEY_LEADER_KAMEHAMEHA_GREETING_5">
      <Text>Eee?</Text>
    </Row>
    <Row Tag="TXT_KEY_LEADER_KAMEHAMEHA_GREETING_6">
      <Text>Bir sey mi istemistin?</Text>
    </Row>
    <!--Goodbye -->
    <Row Tag="TXT_KEY_LEADER_KAMEHAMEHA_GOODBYE_5">
      <Text>Hepsi bu kadar.</Text>
    </Row>
    <Row Tag="TXT_KEY_LEADER_KAMEHAMEHA_GOODBYE_6">
      <Text>Lütfen simdi git.</Text>
    </Row>
    <!--Trade offer from player - yes -->
    <Row Tag="TXT_KEY_LEADER_KAMEHAMEHA_TRADE_YES_ANGRY">
      <Text>Anlastik.</Text>
    </Row>
    <!--Trade offer from player - sweeten the deal -->
    <Row Tag="TXT_KEY_LEADER_KAMEHAMEHA_TRADE_NEEDMORE_ANGRY_1">
      <Text>Beni neden dolandirmak istediginizi anlamiyorum.  Lütfen teklifinizi gelistirin.</Text>
    </Row>
    <Row Tag="TXT_KEY_LEADER_KAMEHAMEHA_TRADE_NEEDMORE_ANGRY_2">
      <Text>Ne yazik ki, bu yeterince iyi degil.</Text>
    </Row>
    <Row Tag="TXT_KEY_LEADER_KAMEHAMEHA_TRADE_NEEDMORE_ANGRY_3">
      <Text>Bundan daha iyisini yapmalisin.</Text>
    </Row>
    <Row Tag="TXT_KEY_LEADER_KAMEHAMEHA_TRADE_NEEDMORE_ANGRY_4">
      <Text>Neredeyse...</Text>
    </Row>
    <!--Trade offer from player - no -->
    <Row Tag="TXT_KEY_LEADER_KAMEHAMEHA_TRADE_NO_ANGRY">
      <Text>Kahunalari basima mi indirmeyi düsünüyorsun? Bu ise yaramaz.</Text>
    </Row>
    <!--Demand for tribute from player - yes -->
    <Row Tag="TXT_KEY_LEADER_KAMEHAMEHA_TRIBUTE_YES_ANGRY">
      <Text>Yildizlar kabul etmem gerektigini söylüyor ama nedenlerini anlamiyorum.</Text>
    </Row>
    <!--Demand for tribute from player - no -->
    <Row Tag="TXT_KEY_LEADER_KAMEHAMEHA_TRIBUTE_NO_ANGRY">
      <Text>Bu talepleri kabul edersem Kahunalar kellemi isteyeceklerdir.</Text>
    </Row>
    <!--Demands tribute -->
    <Row Tag="TXT_KEY_LEADER_KAMEHAMEHA_DEMANDTRIBUTE_ANGRY">
      <Text>Yaklasan ziyafet için herkesin küçük bir bagista bulunmasi gerekmektedir.</Text>
    </Row>
    <!--Requests a trade -->
    <Row Tag="TXT_KEY_LEADER_KAMEHAMEHA_TRADEREQUEST_ANGRY">
      <Text>Geçmiste farkliliklarimiz oldu, ancak belki de telafi etmeye baslayabiliriz.</Text>
    </Row>
    <!--Agrees -->
    <Row Tag="TXT_KEY_LEADER_KAMEHAMEHA_AGREE_SHORT_4">
      <Text>Oh, çok iyi.</Text>
    </Row>
    <!--Disagrees -->
    <Row Tag="TXT_KEY_LEADER_KAMEHAMEHA_DISAGREE_SHORT_5">
      <Text>Tabii ki hayir.</Text>
    </Row>
    <Row Tag="TXT_KEY_LEADER_KAMEHAMEHA_DISAGREE_SHORT_6">
      <Text>Bu kabul edilemez.</Text>
    </Row>
    <Row Tag="TXT_KEY_LEADER_KAMEHAMEHA_DISAGREE_SHORT_7">
      <Text>Ciddi olamazsin!</Text>
    </Row>
    <!--Let's hear it -->
    <Row Tag="TXT_KEY_LEADER_KAMEHAMEHA_LETSHEARIT_5">
      <Text>Ne diyordun?</Text>
    </Row>
    <Row Tag="TXT_KEY_LEADER_KAMEHAMEHA_DECLAREWAR_1">
      <Text>Gökyüzünde yanip sönen kadim ates bugünün gelecegini haber veriyordu ama ben aptalca baska türlü olmasini ummustum.  Kendini yikima hazirla, dostum.</Text>
    </Row>
    <Row Tag="TXT_KEY_LEADER_KAMEHAMEHA_DECLAREWAR_2">
      <Text>'Naha Tasi'ni kaldirdim ama siz bana karsi duruyorsunuz.  Kehanet, topraklari birlestirmem gerektigini söylüyor ve sen yoluma çikiyorsun.</Text>
    </Row>
    <Row Tag="TXT_KEY_LEADER_KAMEHAMEHA_DECLAREWAR_3">
      <Text>Parçalanmis Kürek Yasalari son kez çignendi.  Bir babanin çocugunu terbiye ettigi gibi, seni yok ederken aglayacagim.</Text>
    </Row>
    <Row Tag="TXT_KEY_LEADER_KAMEHAMEHA_ATTACKED_1">
      <Text>Parçalanmis Kürek'in kutsal kanunlarini görmezden gelmeye nasil cüret edersin? Catismamiz beni çok üzüyor ama halkimi korumaliyim.</Text>
    </Row>
    <Row Tag="TXT_KEY_LEADER_KAMEHAMEHA_ATTACKED_2">
      <Text>Nimetlerimizi ve iyi talihimizi paylasma konusunda sana aptalca güvendigimi simdi anliyorum.  Aynisini baskalarina yapmana engel olacagim.</Text>
    </Row>
    <Row Tag="TXT_KEY_LEADER_KAMEHAMEHA_ATTACKED_3">
      <Text>Misafirperverligimden faydalandiniz ve bunu hileyle ödediniz! Seni ve gerçek niyetini yanlis degerlendirdigimi simdi anliyorum.</Text>
    </Row>
  </Language_en_US>
</GameData>