﻿<?xml version="1.0" encoding="utf-8" standalone="yes"?>
<GameData>
  <EnglishText>
    <Row Tag="LOC_PIRATES_MOD_TITLE">
      <Text>Korsanlar</Text>
    </Row>
    <Row Tag="LOC_PIRATES_MOD_TEASER">
      <Text>Korsanlığın Altın Çağı'nda açık denizleri yağmalayın.</Text>
    </Row>
    <Row Tag="LOC_PIRATES_MOD_DESCRIPTION">
      <Text>Arr, mateys! Korsanların bu Altın Çağı'nda, tropik deniz kanunsuz ve tehlikeli bir yerdir. Siz de bunun bir parçasısınız. İspanyol kalyonlarının ambarlarında ve İngiliz kasabalarında, Fransız fırkateynlerinde ve Hollanda tüccarlarında bol miktarda altın saklı, çalınması gereken altınlar var. Servet ve şöhret kazanacak ve Kara'nın korkunç Amirali olacak kadar korsan mısın? Yoksa Davey Jones ya da Jack Ketch'in pençesine mi düşeceksin? Yelkenli ve brigantinden oluşan filonuzu kurun, gömülü altınları bulun ve düşmanlarınızın şehirlerini ateşe verin!</Text>
    </Row>
    <Row Tag="LOC_PIRATES_MOD_DESCRIPTION_ALT_1">
      <Text>Korsanlığın altın çağında, tropik denizler tehlikeli ve kanunsuz yerlerdir. Siz de bunun bir parçasısınız. Büyük sömürgeci güçlerin servetini çalabilir, kötü şöhretinizi denizlere yayabilir ve başınızı koruyabilir misiniz? Bir korsan filosu kurun, gömülü hazineyi bulun, diğer korkunç korsanlarla karşılaşın ve şöhretinizi ve servetinizi inşa ederken güney denizlerinin şehirlerini yağmalayın ve talan edin!</Text>
    </Row>
    <Row Tag="LOC_MOD_PIRATES_SCENARIO_TITLE">
      <Text>Çok Oyunculu Senaryo: Korsanlar</Text>
    </Row>
  </EnglishText>
</GameData>