﻿<?xml version="1.0" encoding="utf-8" standalone="yes"?>
<GameData>
  <EnglishText>
    <!-- Ruleset -->
    <Row Tag="LOC_PIRATES_RULESET_TITLE">
      <Text>Korsanlar</Text>
    </Row>
    <Row Tag="LOC_PIRATES_RULESET_TEASER">
      <Text>Korsanlar açık denizlerde yağma, şöhret ve macerayla ilgilidir.</Text>
    </Row>
    <!-- Victories  -->
    <Row Tag="LOC_PIRATES_VICTORY_TITLE">
      <Text>Korsanların Kralı</Text>
    </Row>
    <Row Tag="LOC_PIRATES_VICTORY_DESC">
      <Text>Oyunun sonunda en çok Şöhrete sahip Korsan olun.</Text>
    </Row>
    <!-- Pirate King Civilization text -->
    <Row Tag="LOC_LEADER_PIRATES_SCENARIO_PIRATE_KING_NAME">
      <Text>Korsan Kral</Text>
    </Row>
    <Row Tag="LOC_CIVILIZATION_PIRATES_SCENARIO_PIRATE_KING_NAME">
      <Text>Korsan Kral</Text>
    </Row>
    <Row Tag="LOC_CIVILIZATION_PIRATES_SCENARIO_PIRATE_KING_DESCRIPTION">
      <Text>Kara Amiral. Yedi Denizin Belası. Liman kentlerindeki çocukların sessizliğe gömülüp sebzelerini yemelerinin nedeni. Korsan Kral.</Text>
    </Row>
    <Row Tag="LOC_CIVILIZATION_PIRATES_SCENARIO_PIRATE_KING_ADJECTIVE">
      <Text>Korsanlar</Text>
    </Row>
    <!-- Maps -->
    <Row Tag="LOC_MAP_PIRATE_ISLANDS">
      <Text>Korsan Adaları</Text>
    </Row>
    <Row Tag="LOC_MAP_PIRATE_ISLANDS_DESCRIPTION">
      <Text>Hazine ve ihanetle dolu lanetli adalar zinciri, batıda yoğun ve zengin bir anakara. Dalgalarda altın kokusu alıyorum. Ve kan.</Text>
    </Row>
    <Row Tag="LOC_MAP_PIRATES_CARIBBEAN">
      <Text>Karayip Adaları</Text>
    </Row>
    <Row Tag="LOC_MAP_PIRATES_CARIBBEAN_DESCRIPTION">
      <Text>İspanya ve Batı Hint Adaları 17. yüzyılın zirvesinde. Hazine filoları Meksika altınını İspanya'ya taşıyor, kara yelkenlilerin bir adım önünde duruyordu.</Text>
    </Row>
    <!-- Dread Pirate Text-->
    <Row Tag="LOC_LEADER_PIRATES_SCENARIO_DREAD_PIRATE_NAME">
      <Text>Korkunç Korsan</Text>
    </Row>
    <Row Tag="LOC_CIVILIZATION_PIRATES_SCENARIO_DREAD_PIRATE_NAME">
      <Text>Korkunç Korsan</Text>
    </Row>
    <Row Tag="LOC_CIVILIZATION_PIRATES_SCENARIO_DREAD_PIRATE_DESCRIPTION">
      <Text>Korkunç Korsan</Text>
    </Row>
    <Row Tag="LOC_CIVILIZATION_PIRATES_SCENARIO_DREAD_PIRATE_ADJECTIVE">
      <Text>Dehşet Korsanları</Text>
    </Row>
    <Row Tag="LOC_LOADING_INFO_DREAD_PIRATE_SCENARIO">
      <Text>Bazı korsanlar kralın bayrağı altında yelken açar. Bazıları kasadaki sekizliğin şıngırtısını duymak için yelken açar. Bazıları sadece dalgalar arasında yuvarlanan bir gülle sesi duymak ister. Bu önemsiz şeylerle işiniz bitti. En eski ve en güçlü para birimi korkudur ve bu sizin ticaretinizdir.</Text>
    </Row>
    <Row Tag="LOC_DREAD_PIRATE_PASSIVE_ABILITY_NAME">
      <Text>Savaşmak En İyi Yaptığımız Şeydir</Text>
    </Row>
    <Row Tag="LOC_DREAD_PIRATE_PASSIVE_ABILITY_DESCRIPTION">
      <Text>Bir birim her savaşa girdiğinde +10 [ICON_Gold] Altın.</Text>
    </Row>
    <Row Tag="LOC_DREAD_PIRATE_ACTIVE_ABILITY_NAME">
      <Text>Tahtada Yürü</Text>
    </Row>
    <Row Tag="LOC_DREAD_PIRATE_ACTIVE_ABILITY_DESCRIPTION">
      <Text>Her donanma gemisi Tahtada Yürü birim eylemine sahiptir. Tahtada Yürü, ağır hasar görmüş bir düşman gemisinde kullanılarak 5 tur boyunca +3 [ICON_Movement] Hareket ve +5 [Icon_Strength] Savaş Gücü karşılığında gemiyi batırabilir. Walk The Plank yeteneğinin yeniden şarj olması 5 tur sürer.</Text>
    </Row>
    <!-- Privateer Text-->
    <Row Tag="LOC_LEADER_PIRATES_SCENARIO_PRIVATEER_NAME">
      <Text>Privateer</Text>
    </Row>
    <Row Tag="LOC_CIVILIZATION_PIRATES_SCENARIO_PRIVATEER_NAME">
      <Text>Privateer</Text>
    </Row>
    <Row Tag="LOC_CIVILIZATION_PIRATES_SCENARIO_PRIVATEER_DESCRIPTION">
      <Text>Privateer</Text>
    </Row>
    <Row Tag="LOC_CIVILIZATION_PIRATES_SCENARIO_PRIVATEER_ADJECTIVE">
      <Text>Privateers</Text>
    </Row>
    <Row Tag="LOC_LOADING_INFO_PRIVATEER_SCENARIO">
      <Text>Kraliyet Donanması'nın denizlerde hedefleri vardır - yağmalanması gereken şehirler, ele geçirilmesi gereken gemiler. Ama Kraliyet Donanması'nın kuralları, yasaları, anlaşmaları var ve subayları peruk takıyor. Bu yüzden onların yapamadığı şeyleri yapabilmeniz için size bir marque mektubu veriyorlar. Gidin ve Kraliyet'in düşmanlarını ateşe verin!</Text>
    </Row>
    <Row Tag="LOC_PRIVATEER_PASSIVE_ABILITY_NAME">
      <Text>Marque Mektubu</Text>
    </Row>
    <Row Tag="LOC_PRIVATEER_PASSIVE_ABILITY_DESCRIPTION">
      <Text>Korsanın patron olarak rastgele atanan bir sömürge gücü vardır. Korsan, hamisinin tüm limanlarının yerini bilir. Ticaret yollarını yağmalamak ilave 100 [ICON_Gold] Altın kazandırır.</Text>
    </Row>
    <Row Tag="LOC_PRIVATEER_ACTIVE_ABILITY_NAME">
      <Text>Onu Eve Getirin</Text>
    </Row>
    <Row Tag="LOC_PRIVATEER_ACTIVE_ABILITY_DESCRIPTION">
      <Text>Her donanma gemisi Onu Evine Getir birim eylemine sahiptir. Onu Evine Getir, ağır hasar görmüş düşman gemilerinde, gemiyi Korsan'ın patronu için ele geçirmek için kullanılabilir. Onu Evine Getir'i kullanmak, olağan deniz zaferi ödüllerine ek olarak +5 Kötü Namlı Korsan Puanı ve +100 [ICON_Gold] Altın kazandırır. Onu Evine Getir yeteneğinin yeniden şarj olması 5 tur sürer.</Text>
    </Row>
    <!-- Swashbuckler Text-->
    <Row Tag="LOC_LEADER_PIRATES_SCENARIO_SWASHBUCKLER_NAME">
      <Text>Swashbuckler</Text>
    </Row>
    <Row Tag="LOC_CIVILIZATION_PIRATES_SCENARIO_SWASHBUCKLER_NAME">
      <Text>Swashbuckler</Text>
    </Row>
    <Row Tag="LOC_CIVILIZATION_PIRATES_SCENARIO_SWASHBUCKLER_DESCRIPTION">
      <Text>Swashbuckler</Text>
    </Row>
    <Row Tag="LOC_CIVILIZATION_PIRATES_SCENARIO_SWASHBUCKLER_ADJECTIVE">
      <Text>Swashbucklers</Text>
    </Row>
    <Row Tag="LOC_LOADING_INFO_SWASHBUCKLER_SCENARIO">
      <Text>Yolculuk darağacında ya da idam iskelesinde son bulabilir ama şimdilik özgürsünüz. Ufku geriye itmek ve orada yatan her şeyi bulmak ve talep etmek için yelken açıyorsunuz, ister hazine ister tehlike olsun. Evet, rüzgar tazeleniyor ve yelkenleriniz gergin!</Text>
    </Row>
    <Row Tag="LOC_SWASHBUCKLER_PASSIVE_ABILITY_NAME">
      <Text>Açık Denizlere Yelken Açmak</Text>
    </Row>
    <Row Tag="LOC_SWASHBUCKLER_PASSIVE_ABILITY_DESCRIPTION">
      <Text>Swashbuckler haritada ortaya çıkarılan her 50 altıgen için +1 Infamous Pirate Puanı kazanır.</Text>
    </Row>
    <Row Tag="LOC_SWASHBUCKLER_ACTIVE_ABILITY_NAME">
      <Text>Rüzgâra Karşı</Text>
    </Row>
    <Row Tag="LOC_SWASHBUCKLER_ACTIVE_ABILITY_DESCRIPTION">
      <Text>Tüm deniz birimleri bir tur boyunca [ICON_Movement] Hareketlerini ikiye katlamak için Rüzgâra Takılabilir. Rüzgâra Takla yeteneğinin yeniden şarj olması 6 tur sürer.</Text>
    </Row>
    <!-- Hoarder Text-->
    <Row Tag="LOC_LEADER_PIRATES_SCENARIO_HOARDER_NAME">
      <Text>İstifçi</Text>
    </Row>
    <Row Tag="LOC_CIVILIZATION_PIRATES_SCENARIO_HOARDER_NAME">
      <Text>İstifçi</Text>
    </Row>
    <Row Tag="LOC_CIVILIZATION_PIRATES_SCENARIO_HOARDER_DESCRIPTION">
      <Text>İstifçi</Text>
    </Row>
    <Row Tag="LOC_CIVILIZATION_PIRATES_SCENARIO_HOARDER_ADJECTIVE">
      <Text>Hoarders</Text>
    </Row>
    <Row Tag="LOC_LOADING_INFO_HOARDER_SCENARIO">
      <Text>Babanın mesleği bankacılıktı ve sen de bir çeşit bankacısın. Senin ambarın külçelerin girdiği bir kasa, diğerleri de çekilmek için olgunlaşmış. Şeytan da Jack Ketch de sana birkaç yıl daha vermeye ikna edilebilir, doğru fiyat ödenirse.</Text>
    </Row>
    <Row Tag="LOC_HOARDER_PASSIVE_ABILITY_NAME">
      <Text>Benimki! Benim! Benim! Benim! Benim!</Text>
    </Row>
    <Row Tag="LOC_HOARDER_PASSIVE_ABILITY_DESCRIPTION">
      <Text>Birim bakım maliyeti 3 azalır. Hazine gömmek için +10 Hazine Puanı. İstifçi her turda altın rezervleri üzerinden %3 faiz alır.</Text>
    </Row>
    <Row Tag="LOC_HOARDER_ACTIVE_ABILITY_NAME">
      <Text>Zincir Atışı</Text>
    </Row>
    <Row Tag="LOC_HOARDER_ACTIVE_ABILITY_DESCRIPTION">
      <Text>Serbest bir eylem olarak, tüm deniz birimleri Zincir Atışı yeteneğini kullanarak bir birimi bir tur boyunca yerine kilitleyebilir. Zincir Atışı'nın yeniden şarj olması 5 tur sürer.</Text>
    </Row>
    <!-- Spain Civilization text -->
    <Row Tag="LOC_LEADER_PIRATES_SCENARIO_SPAIN_NAME">
      <Text>İspanya</Text>
    </Row>
    <Row Tag="LOC_CIVILIZATION_PIRATES_SCENARIO_SPAIN_NAME">
      <Text>İspanya</Text>
    </Row>
    <Row Tag="LOC_CIVILIZATION_PIRATES_SCENARIO_SPAIN_DESCRIPTION">
      <Text>İspanya</Text>
    </Row>
    <Row Tag="LOC_CIVILIZATION_PIRATES_SCENARIO_SPAIN_ABILITY_DESCRIPTION">
      <Text>İspanyol İmparatorluğu 17. yüzyılda Aztek ve İnka imparatorluklarının kalıntılarından altın elde ederek ve doğuya, Filipinler'e kalyonlar göndererek zirveye ulaşmıştı. Hapsburg İspanyası zengindi ama yolsuzluk ve eşitsizlikle boğuşuyordu.</Text>
    </Row>
    <Row Tag="LOC_CIVILIZATION_PIRATES_SCENARIO_SPAIN_ADJECTIVE">
      <Text>İspanyolca</Text>
    </Row>
    <!-- England Civilization text -->
    <Row Tag="LOC_LEADER_PIRATES_SCENARIO_ENGLAND_NAME">
      <Text>İngiltere</Text>
    </Row>
    <Row Tag="LOC_CIVILIZATION_PIRATES_SCENARIO_ENGLAND_NAME">
      <Text>İngiltere</Text>
    </Row>
    <Row Tag="LOC_CIVILIZATION_PIRATES_SCENARIO_ENGLAND_DESCRIPTION">
      <Text>İngiltere</Text>
    </Row>
    <Row Tag="LOC_CIVILIZATION_PIRATES_SCENARIO_ENGLAND_ABILITY_DESCRIPTION">
      <Text>İngiliz İç Savaşı'ndan çıkan İngiltere, 17. yüzyılın sonlarında Kuzey Amerika'nın yanı sıra Karayipler'de de kendi sömürgeci genişlemesine başlıyordu. Bir yüzyıl içinde Britanya dalgalara hükmedecekti, ancak şimdi kaderi kılıcın ucunda duruyor.</Text>
    </Row>
    <Row Tag="LOC_CIVILIZATION_PIRATES_SCENARIO_ENGLAND_ADJECTIVE">
      <Text>İngilizce</Text>
    </Row>
    <!-- Netherlands Civilization text -->
    <Row Tag="LOC_LEADER_PIRATES_SCENARIO_NETHERLANDS_NAME">
      <Text>Hollanda</Text>
    </Row>
    <Row Tag="LOC_CIVILIZATION_PIRATES_SCENARIO_NETHERLANDS_NAME">
      <Text>Hollanda</Text>
    </Row>
    <Row Tag="LOC_CIVILIZATION_PIRATES_SCENARIO_NETHERLANDS_DESCRIPTION">
      <Text>Hollanda</Text>
    </Row>
    <Row Tag="LOC_CIVILIZATION_PIRATES_SCENARIO_NETHERLANDS_ABILITY_DESCRIPTION">
      <Text>17. yüzyıl, Doğu Hint Adaları ve Japonya'daki ticaretten elde edilen kârın ülke içindeki zenginlikle birleşmesiyle Hollanda İmparatorluğu için Altın Çağ oldu. Karayipler'de ise marjinal bir güçtüler... ama her fırsatı değerlendirmeye hazırdılar.</Text>
    </Row>
    <Row Tag="LOC_CIVILIZATION_PIRATES_SCENARIO_NETHERLANDS_ADJECTIVE">
      <Text>Hollandaca</Text>
    </Row>
    <!-- France Civilization text -->
    <Row Tag="LOC_LEADER_PIRATES_SCENARIO_FRANCE_NAME">
      <Text>Fransa</Text>
    </Row>
    <Row Tag="LOC_CIVILIZATION_PIRATES_SCENARIO_FRANCE_NAME">
      <Text>Fransa</Text>
    </Row>
    <Row Tag="LOC_CIVILIZATION_PIRATES_SCENARIO_FRANCE_DESCRIPTION">
      <Text>Fransa</Text>
    </Row>
    <Row Tag="LOC_CIVILIZATION_PIRATES_SCENARIO_FRANCE_ABILITY_DESCRIPTION">
      <Text>Fransa, mutlak monarkları ve Quebec ve Afrika'daki zengin mülkleriyle, 17. yüzyıl sona ererken İngiltere'nin rakibi olmaya hazırlanıyordu. Hollandalı komşularıyla yaptığı sürekli savaşlar, Fransız ordusunun savaş tecrübesine sahip ve yetkin olduğu anlamına geliyordu.</Text>
    </Row>
    <Row Tag="LOC_CIVILIZATION_PIRATES_SCENARIO_FRANCE_ADJECTIVE">
      <Text>Fransızca</Text>
    </Row>
    <!--HoF Text-->
    <Row Tag="LOC_HOF_STAT_BUCCANEERS_KILLED">
      <Text>Korsanlar Öldürüldü</Text>
    </Row>
    <Row Tag="LOC_HOF_STAT_BUCCANEERS_FORTS">
      <Text>Korsan Kaleleri Yağmalandı</Text>
    </Row>
    <Row Tag="LOC_HOF_GRAPH_BUCCANEERS_KILLED">
      <Text>Korsanlar Öldürüldü</Text>
    </Row>
    <Row Tag="LOC_HOF_GRAPH_BUCCANEERS_FORTS">
      <Text>Korsan Kaleleri Yağmalandı</Text>
    </Row>
    <Row Tag="LOC_HOF_GRAPH_PLAYER_RELICS">
      <Text>Kalıntılar Bulundu</Text>
    </Row>
    <Row Tag="LOC_CIVILIZATION_PIRATES_COLONIAL_POWER_NAME">
      <Text>Kolonyal Güç</Text>
    </Row>
    <Row Tag="LOC_CIVILIZATION_PIRATES_COLONIAL_POWER_DESCRIPTION">
      <Text>Sömürgeci güçler bölgedeki limanları kontrol ediyor. Korsanlar bir taverna ziyareti için limanlara gizlice girebilir veya büyük bir ganimet için limanı yağmalayabilir. Sömürgeci güçler korsanlığı hoş karşılamaz.</Text>
    </Row>
    <Row Tag="LOC_BLANK_STRING">
      <Text></Text>
    </Row>
  </EnglishText>
</GameData>