﻿<?xml version="1.0" encoding="utf-8" standalone="yes"?>
<GameData>
  <EnglishText>
    <!-- Unit Types -->
    <Row Tag="LOC_UNIT_SLOOP_NAME">
      <Text>Sloop</Text>
    </Row>
    <Row Tag="LOC_UNIT_BRIGANTINE_NAME">
      <Text>Brigantine</Text>
    </Row>
    <Row Tag="LOC_UNIT_GALLEON_NAME">
      <Text>Kalyon</Text>
    </Row>
    <!-- Unit Veteran Names -->
    <Row Tag="LOC_UNIT_TREASURE_FLEET_GOLD_SHIP_NAME">
      <Text>Hazine Gemisi</Text>
    </Row>
    <Row Tag="LOC_UNIT_TREASURE_FLEET_GUARD_SHIP_NAME">
      <Text>Hazine Escort</Text>
    </Row>
    <!-- Loading Screen -->
    <Row Tag="LOC_LOADING_INFO_PIRATES_SCENARIO">
      <Text>{LOC_PIRATES_MOD_DESCRIPTION_TUTORIAL}</Text>
    </Row>
    <!-- Victories -->
    <Row Tag="LOC_PIRATES_VICTORY_WIN_BLURB">
      <Text>Gün sizin!</Text>
    </Row>
    <!-- Scoring -->
    <Row Tag="LOC_SCORE_CATEGORY_TREASURE_NAME">
      <Text>Hazine</Text>
    </Row>
    <Row Tag="LOC_SCORE_CATEGORY_INFAMOUS_PIRATES_NAME">
      <Text>Kötü Namlı Korsanlar</Text>
    </Row>
    <Row Tag="LOC_SCORE_CATEGORY_FIGHTING_NAME">
      <Text>Fightin'</Text>
    </Row>
    <Row Tag="LOC_SCORE_CATEGORY_TREASURE_WORLDTEXT">
      <Text>{1_Points} Hazine</Text>
    </Row>
    <Row Tag="LOC_SCORE_CATEGORY_INFAMOUS_PIRATES_WORLDTEXT">
      <Text>{1_Points} Kötü Namlı Korsanlar</Text>
    </Row>
    <Row Tag="LOC_SCORE_CATEGORY_FIGHTING_WORLDTEXT">
      <Text>{1_Points} Fightin'</Text>
    </Row>
    <!-- Diplomacy Ribbon -->
    <Row Tag="LOC_HUD_RIBBON_SCORE">
      <Text>Genel skor (oyun sonunda eşitlik durumunda kullanılır)</Text>
    </Row>
    <!--Relic Screen Button Tooltip-->
    <Row Tag="LOC_HUD_GOVT_FREE_CHANGES">
      <Text>Politika ve Hükümet değişiklikleri bu turda serbesttir</Text>
    </Row>
    <!-- Unit Panel -->
    <Row Tag="LOC_HUD_UNIT_PANEL_CREW">
      <Text>Mürettebat</Text>
    </Row>
    <Row Tag="LOC_VICTORY_SCORE_NAME">
      <Text>Skor Zaferi</Text>
    </Row>
    <!-- Unit Promotions -->
    <Row Tag="LOC_PROMOTION_CLASS_BRIGANTINE_NAME">
      <Text>Brigantine</Text>
    </Row>
    <Row Tag="LOC_PROMOTION_PIRATES_SILENT_RUNNING_NAME">
      <Text>Bakır Kaplamalı Gövde</Text>
    </Row>
    <Row Tag="LOC_PROMOTION_PIRATES_WOLFPACK_NAME">
      <Text>Korsan Kodu</Text>
    </Row>
    <Row Tag="LOC_PROMOTION_PIRATES_BOARDING_NAME">
      <Text>Döner Tabanca</Text>
    </Row>
    <Row Tag="LOC_PROMOTION_PIRATES_HOMING_TORPEDOES_NAME">
      <Text>Patlayan Atış</Text>
    </Row>
    <Row Tag="LOC_PROMOTION_PIRATES_OBSERVATION_NAME">
      <Text>Venedik Casus Camı</Text>
    </Row>
    <Row Tag="LOC_PROMOTION_PIRATES_LOOT_NAME">
      <Text>Çakmaklı Tüfekler</Text>
    </Row>
    <!-- Unit Abilities -->
    <Row Tag="LOC_UNIT_ABILITY_NOT_ENOUGH_MOVEMENT">
      <Text>[COLOR:Red]Yeterli [ICON_Movement] Hareket Puanı mevcut değil.[ENDCOLOR]</Text>
    </Row>
    <Row Tag="LOC_VISIT_TAVERN_TOOLTIP">
      <Text>Tavernayı Ziyaret Et[NEWLINE][NEWLINE]Mürettebat toplamak ve yeni bir görev keşfetmek için limandaki bir tavernayı ziyaret edin. Sadece bir Koloni Şehir Merkezinin bitişiğinde kullanılabilir</Text>
    </Row>
    <Row Tag="LOC_VISIT_TAVERN_WORLDTEXT">
      <Text>+1 Mürettebat</Text>
    </Row>
    <Row Tag="LOC_VISIT_TAVERN_NOT_ADJACENT_TT">
      <Text>[COLOR:Red]Kolonyal Şehir Merkezine Bitişik Değil [ENDCOLOR]</Text>
    </Row>
    <Row Tag="LOC_CAREENING_TOOLTIP">
      <Text>Careening[NEWLINE][NEWLINE]Sığ suda acil durum onarımları yapın. Hızlı bir iyileşme karşılığında [ICON_Movement] Hareketi tüketin. İyileşme miktarı tüketilen [ICON_Movement] Hareket miktarına bağlıdır.</Text>
    </Row>
    <Row Tag="LOC_CAREENING_WORLDTEXT">
      <Text>Seni tekrar içine koy! Onu kurtarabiliriz!</Text>
    </Row>
    <Row Tag="LOC_CAREENING_NO_DAMAGE_TOOLTIP">
      <Text>[COLOR:Red]Hasar görmemişken Careen yapılamıyor [ENDCOLOR]</Text>
    </Row>
    <Row Tag="LOC_CAREENING_NO_MOVEMENT_TOOLTIP">
      <Text>[COLOR:Red]Careening [ICON_Movement] Hareket Puanı gerektirir.[ENDCOLOR]</Text>
    </Row>
    <Row Tag="LOC_CAREENING_ENEMY_TERRITORY_TOOLTIP">
      <Text>[COLOR:Red]Düşman bölgesindeyken Careen yapılamıyor [ENDCOLOR]</Text>
    </Row>
    <Row Tag="LOC_CAREENING_DEEP_WATER_TOOLTIP">
      <Text>[COLOR:Red]Careening için Sığ Su gerekir.[ENDCOLOR]</Text>
    </Row>
    <Row Tag="LOC_CAPTURE_BOAT_TOOLTIP">
      <Text>Tekne Ele Geçir[NEWLINE][NEWLINE]Hasarlı bir düşman gemisini ele geçirmek ve filonuza eklemek için bir Mürettebat tüketin.</Text>
    </Row>
    <Row Tag="LOC_CAPTURE_BOAT_WORLDTEXT">
      <Text>O bizim!</Text>
    </Row>
    <Row Tag="LOC_SHORE_PARTY_TOOLTIP">
      <Text>Kıyı Partisi[NEWLINE][NEWLINE]Bir Mürettebatı karaya çıkartın.</Text>
    </Row>
    <Row Tag="LOC_SHORE_PARTY_WORLDTEXT">
      <Text>Teknelere binin, sizi pis sintine fareleri!</Text>
    </Row>
    <Row Tag="LOC_SHORE_PARTY_NO_LAND_TOOLTIP">
      <Text>[COLOR:Red]Araziye Bitişik Değil [ENDCOLOR]</Text>
    </Row>
    <Row Tag="LOC_SHORE_PARTY_EMBARK_TOOLTIP">
      <Text>Embark[NEWLINE][NEWLINE]Kıyı Tarafını bitişik bir donanma gemisindeki Mürettebata geri verir.</Text>
    </Row>
    <Row Tag="LOC_SHORE_PARTY_EMBARK_WORLDTEXT">
      <Text>Kalkışa hazırız, efendim!</Text>
    </Row>
    <Row Tag="LOC_SHORE_PARTY_EMBARK_NO_SHIP_TOOLTIP">
      <Text>[COLOR:Red]Donanma gemisine bitişik değil [ENDCOLOR]</Text>
    </Row>
    <Row Tag="LOC_BURY_TREASURE_TOOLTIP">
      <Text>Hazine Göm[NEWLINE][NEWLINE]30 [ICON_TreasureScore] Hazine Puanı kazanmak için 600 Altın gömün.</Text>
    </Row>
    <Row Tag="LOC_BURY_TREASURE_TREASURE_IN_WAY_TOOLTIP">
      <Text>[COLOR:Red]Hazineyi başka bir hazine sandığının üstüne gömemezsiniz.[ENDCOLOR]</Text>
    </Row>
    <Row Tag="LOC_BURY_TREASURE_NOT_HERE_TOOLTIP">
      <Text>[Buraya hazine gömülemez. [ENDCOLOR]</Text>
    </Row>
    <Row Tag="LOC_BURY_TREASURE_WORLDTEXT">
      <Text>Burada bulamazlar!</Text>
    </Row>
    <Row Tag="LOC_NAVAL_FIELD_REPAIRS_NAME">
      <Text>Saha Onarımları</Text>
    </Row>
    <Row Tag="LOC_NAVAL_FIELD_REPAIRS_DESCRIPTION">
      <Text>Saha onarımları denizdeki donanma birimlerini sürekli iyileştirir.</Text>
    </Row>
    <Row Tag="LOC_DREAD_PIRATE_PASSIVE_NAME">
      <Text>Kan ve Demirle Yıkanmış</Text>
    </Row>
    <Row Tag="LOC_DREAD_PIRATE_PASSIVE_DESCRIPTION">
      <Text>Birim her çatışmaya girdiğinde +10 [ICON_Gold] Altın.</Text>
    </Row>
    <Row Tag="LOC_DREAD_PIRATE_PASSIVE_COMBAT_GOLD">
      <Text>+{1_Amount} [ICON_Gold]</Text>
    </Row>
    <Row Tag="LOC_ABILITY_DREAD_PIRATE_UNIT_ACTIVE_NAME">
      <Text>Tahtada Yürü</Text>
    </Row>
    <Row Tag="LOC_ABILITY_DREAD_PIRATE_UNIT_ACTIVE_DESCRIPTION">
      <Text>Mürettebat, düşmanların Tahtada Yürüdüğünü görerek ilham alır. [NEWLINE]+3 [ICON_Movement] Hareket. +5 [ICON_Strength] Savaş Gücü</Text>
    </Row>
    <Row Tag="LOC_DREAD_PIRATE_UNIT_ACTIVE_TOOLTIP">
      <Text>Walk the Plank[NEWLINE][NEWLINE]Ele geçirilebilir bir geminin mürettebatını tahtada yürümeye zorlayarak mürettebatınıza ilham verin. Tahtada Yürümek 5 tur boyunca +3 [ICON_Movement] Hareket ve +5 [ICON_Strength] Savaş Gücü kazandırır.</Text>
    </Row>
    <Row Tag="LOC_DREAD_PIRATE_ACTIVE_ACTIVATED_WORLDTEXT">
      <Text>Tahtaya! Ve uçuruma doğru.</Text>
    </Row>
    <Row Tag="LOC_DREAD_PIRATE_ACTIVE_DEACTIVATED_WORLDTEXT">
      <Text>Mürettebat sıkılmış ve kaygılı görünüyor.</Text>
    </Row>
    <Row Tag="LOC_DREAD_PIRATE_ACTIVE_ACTIVATED_TT">
      <Text>Walk the Plank aktif. Kalan Dönüşler: {1_turnsRemaining}</Text>
    </Row>
    <Row Tag="LOC_DREAD_PIRATE_ACTIVE_RECHARGING_TT">
      <Text>[COLOR:Red]Walk the Plank yeniden şarj oluyor. Kalan Dönüşler: {1_turnsRemaining}[ENDCOLOR]</Text>
    </Row>
    <Row Tag="LOC_PRIVATEER_UNIT_ACTIVE_TOOLTIP">
      <Text>Bring Her Home[NEWLINE][NEWLINE]Bir düşman gemisini ele geçirin ve +5 [ICON_PirateScore] Rezil Korsan Puanı ve +100 [ICON_Gold] Altın karşılığında haminize teslim edin.</Text>
    </Row>
    <Row Tag="LOC_PRIVATEER_ACTIVE_ACTIVATED_WORLDTEXT">
      <Text>Kraliyet için bir tane daha!</Text>
    </Row>
    <Row Tag="LOC_PRIVATEER_ACTIVE_ACTIVATED_TT">
      <Text>Onu Eve Getir aktif. Kalan Dönüşler: {1_turnsRemaining}</Text>
    </Row>
    <Row Tag="LOC_PRIVATEER_ACTIVE_RECHARGING_TT">
      <Text>[COLOR:Red]Onu Eve Getir yeniden şarj oluyor. Kalan Dönüşler: {1_turnsRemaining}[ENDCOLOR]</Text>
    </Row>
    <Row Tag="LOC_ABILITY_SWASHBUCKLER_UNIT_ACTIVE_NAME">
      <Text>Rüzgâra Karşı</Text>
    </Row>
    <Row Tag="LOC_ABILITY_SWASHBUCKLER_UNIT_ACTIVE_DESCRIPTION">
      <Text>2x [ICON_Movement] Hareket</Text>
    </Row>
    <Row Tag="LOC_SWASHBUCKLER_UNIT_ACTIVE_TOOLTIP">
      <Text>Mevcut ve bir sonraki tur için Rüzgara Karşı [NEWLINE][NEWLINE]2x [ICON_Movement] Hareket.</Text>
    </Row>
    <Row Tag="LOC_SWASHBUCKLER_ACTIVE_ACTIVATED_WORLDTEXT">
      <Text>Geliyor, kaçması zor! Sıkı tutunun!</Text>
    </Row>
    <Row Tag="LOC_SWASHBUCKLER_ACTIVE_DEACTIVATED_WORLDTEXT">
      <Text>Evet, gel bakalım. Şimdilik onu biraz dinlendirelim.</Text>
    </Row>
    <Row Tag="LOC_SWASHBUCKLER_ACTIVE_ACTIVATED_TT">
      <Text>Rüzgara doğru yelken açıyoruz. Kalan Dönüşler: {1_turnsRemaining}</Text>
    </Row>
    <Row Tag="LOC_SWASHBUCKLER_ACTIVE_RECHARGING_TT">
      <Text>[COLOR:Red]Rüzgâra Karşı Takla yeniden şarj oluyor. Kalan Dönüşler: {1_turnsRemaining}[ENDCOLOR]</Text>
    </Row>
    <Row Tag="LOC_HOARDER_UNIT_ACTIVE_TOOLTIP">
      <Text>Zincir Atışı[NEWLINE][NEWLINE]Bir düşman deniz birimini bir tur boyunca yerine kilitleyin.</Text>
    </Row>
    <Row Tag="LOC_HOARDER_ACTIVE_RECHARGING_TT">
      <Text>[COLOR:Red]Zincir Atışı yeniden şarj oluyor. Kalan Dönüşler: {1_turnsRemaining}[ENDCOLOR]</Text>
    </Row>
    <Row Tag="LOC_HOARDER_ACTIVE_ACTIVATED_WORLDTEXT">
      <Text>Yelkenlerini hedef alın! Zincir atışını yapın!</Text>
    </Row>
    <Row Tag="LOC_ABILITY_CHAINSHOT_MOVE_LOCKED_NAME">
      <Text>Zincir Atışı Sersemletti</Text>
    </Row>
    <Row Tag="LOC_ABILITY_CHAINSHOT_MOVE_LOCKED_DESCRIPTION">
      <Text>Zincir Atış nedeniyle hareket edemiyor.</Text>
    </Row>
    <Row Tag="LOC_UNITOPERATION_PILLAGE_DESCRIPTION">
      <Text>Yağma</Text>
    </Row>
    <Row Tag="LOC_UNITOPERATION_PILLAGE_DISABLED_TT_OWN_TREASURE">
      <Text>[COLOR:Red]Kendi hazinenizi yağmalayamıyorsunuz![ENDCOLOR]</Text>
    </Row>
    <Row Tag="LOC_UNITOPERATION_VISIT_TAVERN_RECHARGING_TT">
      <Text>[COLOR:Red]Taverna hala son ziyaretten sonra toparlanıyor. Kalan Dönüşler: {1_turnsRemaining}[ENDCOLOR]</Text>
    </Row>
    <Row Tag="LOC_UNITOPERATION_CAPTURE_BOAT_NO_CREW_TT">
      <Text>[COLOR:Red]Yeterli Ekip Mevcut Değil![ENDCOLOR]</Text>
    </Row>
    <Row Tag="LOC_UNITOPERATION_CAPTURE_BOAT_NO_DAMAGE_TT">
      <Text>[COLOR:Red]Düşman gemisinin daha fazla hasar görmesi gerekiyor![ENDCOLOR]s</Text>s
		</Row>
    <Row Tag="LOC_UNITOPERATION_CAPTURE_BOAT_FLAGSHIP_TT">
      <Text>[COLOR:Red]Amiral Gemileri ve Ünlü Korsanlar ele geçirilemez.[ENDCOLOR]</Text>
    </Row>
    <Row Tag="LOC_UNITOPERATION_SHORE_PARTY_NO_CREW_TT">
      <Text>[COLOR:Red]Yeterli Ekip Mevcut Değil![ENDCOLOR]</Text>
    </Row>
    <Row Tag="LOC_UNITOPERATION_EMBARK_NO_SHIP_TT">
      <Text>[COLOR:Red]Gemiye bitişik değil [ENDCOLOR]</Text>
    </Row>
    <Row Tag="LOC_UNITOPERATION_BURY_TREASURE_NO_GOLD_TT">
      <Text>[COLOR:Red]Yeterli altın yok. [ENDCOLOR]</Text>
    </Row>
    <Row Tag="LOC_UNITOPERATION_BURY_TREASURE_NO_LAND_TT">
      <Text>[COLOR:Red]Hazineyi sadece karaya gömebilirsiniz.[ENDCOLOR]</Text>
    </Row>
    <Row Tag="LOC_UNITOPERATION_BURY_TREASURE_ALREADY_IMPROVED_TT">
      <Text>[COLOR:Red]Hazineyi sadece boş bir arsaya gömebilirsiniz.[ENDCOLOR]</Text>
    </Row>
    <Row Tag="LOC_UNITOPERATION_BURY_TREASURE_OWNED_PLOT_TT">
      <Text>[COLOR:Red]Sadece sahipsiz bir arsaya Hazine Gömülebilir [ENDCOLOR]</Text>
    </Row>
    <Row Tag="LOC_FLAGSHIP_NAME">
      <Text>Amiral Gemisi</Text>
    </Row>
    <Row Tag="LOC_FLAGSHIP_DESCRIPTION">
      <Text>Bu gemi filonuzun amiral gemisi.</Text>
    </Row>
    <Row Tag="LOC_UNIT_PIRATES_NAME">
      <Text>Kıyı Partisi</Text>
    </Row>
    <Row Tag="LOC_UNIT_PIRATES_DESCRIPTION">
      <Text>Kara korsanlarının gezici çetesi.</Text>
    </Row>
    <!-- Combat Modifier Strings -->
    <Row Tag="LOC_DREAD_PIRATE_UNIT_ACTIVE_COMBAT_BONUS_MODIFIER">
      <Text>+{1_Amount} Tahtada Yürü</Text>
    </Row>
    <Row Tag="LOC_KRAKANNONS_COMBAT_BONUS_MODIFIER">
      <Text>+{1_Amount} Krakannonlar</Text>
    </Row>
    <Row Tag="LOC_SKULL_FIRESHOT_MODIFIER">
      <Text>+{1_Amount} Çığlık Atan Kafatası Atışı</Text>
    </Row>
    <Row Tag="LOC_COMBAT_PREVIEW_BONUS_VS_BARBARIANS">
      <Text>+{1_Value} Barbarlara Karşı Avantaj</Text>
    </Row>
    <!-- Infamous Pirates -->
    <Row Tag="LOC_PIRATE_HENRY_MORGAN">
      <Text>Henry Morgan</Text>
    </Row>
    <Row Tag="LOC_PIRATE_BLACKBEARD">
      <Text>Karasakal</Text>
    </Row>
    <Row Tag="LOC_PIRATE_CAPTAIN_KIDD">
      <Text>Kaptan Kidd</Text>
    </Row>
    <Row Tag="LOC_PIRATE_JEAN_LAFITTE">
      <Text>Jean Lafitte</Text>
    </Row>
    <Row Tag="LOC_PIRATE_STEDE_BONNET">
      <Text>Stede Bone</Text>
    </Row>
    <Row Tag="LOC_PIRATE_LOLONNAIS">
      <Text>l'Olonnais</Text>
    </Row>
    <Row Tag="LOC_PIRATE_ROC_BRASILIANO">
      <Text>Roche Braziliano</Text>
    </Row>
    <Row Tag="LOC_PIRATE_BART_ROBERTS">
      <Text>Bart Roberts</Text>
    </Row>
    <Row Tag="LOC_PIRATE_JACK_RACKHAM">
      <Text>Jack Rackham</Text>
    </Row>
    <!-- Improvements -->
    <Row Tag="LOC_IMPROVEMENT_BURIED_TREASURE_NAME">
      <Text>Gömülü Hazine</Text>
    </Row>
    <Row Tag="LOC_IMPROVEMENT_FLOATING_TREASURE_NAME">
      <Text>Yüzen Hazine</Text>
    </Row>
    <Row Tag="LOC_IMPROVEMENT_BARBARIAN_CAMP_NAME">
      <Text>Barbar Karakolu</Text>
    </Row>
    <!-- Notifications -->
    <Row Tag="LOC_NOTIFICATION_NEW_BURIED_TREASURE_MESSAGE">
      <Text>{1_playerName}'nin Hazine Haritası Bulundu</Text>
    </Row>
    <Row Tag="LOC_NOTIFICATION_NEW_BURIED_TREASURE_SUMMARY">
      <Text>{1_playerName}'nin hazinesine giden bir harita keşfettiniz.</Text>
    </Row>
    <Row Tag="LOC_NOTIFICATION_TREASURE_LOCATED_MESSAGE">
      <Text>Hazine Bulundu!</Text>
    </Row>
    <Row Tag="LOC_NOTIFICATION_TREASURE_LOCATED_SUMMARY">
      <Text>Hazineyi buldunuz.</Text>
    </Row>
    <Row Tag="LOC_NOTIFICATION_NEW_INFAMOUS_PIRATE_MESSAGE">
      <Text>Kötü şöhretli korsan tespit edildi!</Text>
    </Row>
    <Row Tag="LOC_NOTIFICATION_NEW_INFAMOUS_PIRATE_SUMMARY">
      <Text>Bu bölgede yelken açan kötü şöhretli bir korsanla ilgili söylentiler duymuşsunuzdur.</Text>
    </Row>
    <Row Tag="LOC_NOTIFICATION_INFAMOUS_PIRATE_DEFEATED_MESSAGE">
      <Text>{1_InfamousPirateName} Battı!</Text>
    </Row>
    <Row Tag="LOC_NOTIFICATION_INFAMOUS_PIRATE_DEFEATED_SUMMARY">
      <Text>{1_InfamousPirateName}'nin yenildiği haberi yayıldı.</Text>
    </Row>
    <Row Tag="LOC_NOTIFICATION_NEW_TREASURE_FLEET_MESSAGE">
      <Text>Yeni Hazine Filosu</Text>
    </Row>
    <Row Tag="LOC_NOTIFICATION_NEW_TREASURE_FLEET_SUMMARY">
      <Text>Yeni bir hazine filosu Avrupa'ya yelken açtı.</Text>
    </Row>
    <Row Tag="LOC_NOTIFICATION_TREASURE_MAP_PILLAGED_MESSAGE">
      <Text>Hazine Yağmalandı!</Text>
    </Row>
    <Row Tag="LOC_NOTIFICATION_TREASURE_MAP_PILLAGED_SUMMARY">
      <Text>Birisi bu hazineyi bizden önce bulmuş!</Text>
    </Row>
    <Row Tag="LOC_NOTIFICATION_YOUR_TREASURE_PILLAGED_MESSAGE">
      <Text>Hazine Çalındı!</Text>
    </Row>
    <Row Tag="LOC_NOTIFICATION_YOUR_TREASURE_PILLAGED_SUMMARY">
      <Text>Başka bir korsan gömülü hazinenizi çıkarıp götürdü!</Text>
    </Row>
    <Row Tag="LOC_NOTIFICATION_TREASURY_BANKRUPT_MESSAGE">
      <Text>Hazine İflas Etti!</Text>
    </Row>
    <Row Tag="LOC_NOTIFICATION_TREASURY_BANKRUPT_SUMMARY">
      <Text>Hiç [ICON_Gold] Altınımız kalmadı ve maliyetlerimiz gelirlerimizden daha yüksek. Böyle devam ederse şehirlerimiz [ICON_Amenities] olanaklarını kaybedecek ve birimlerimiz bizi terk edecek!</Text>
    </Row>
    <Row Tag="LOC_NOTIFICATION_DISCOVER_GOODY_HUT_MESSAGE">
      <Text>Kabile Köyü Keşfedildi</Text>
    </Row>
    <Row Tag="LOC_NOTIFICATION_DISCOVER_GOODY_HUT_SUMMARY">
      <Text>Dost bir kabilenin yaşadığı bir köy buldunuz.</Text>
    </Row>
    <Row Tag="LOC_NOTIFICATION_NEW_BARBARIAN_CAMP_MESSAGE">
      <Text>Yeni Barbar Karakolu</Text>
    </Row>
    <Row Tag="LOC_NOTIFICATION_NEW_BARBARIAN_CAMP_SUMMARY">
      <Text>Yeni bir Barbar kabilesinin yakın bir bölgeye taşındığına dair söylentiler aldık.</Text>
    </Row>
    <Row Tag="LOC_NOTIFICATION_LETTER_OF_MARQUE_MESSAGE">
      <Text>{1_CivAdjective} Marque Mektubu</Text>
    </Row>
    <Row Tag="LOC_NOTIFICATION_LETTER_OF_MARQUE_SUMMARY">
      <Text>Majesteleri bize bir marque mektubu vermeye karar verdi. Şimdi {1_CivShortName} adına denizleri yağmalıyoruz.</Text>
    </Row>
    <Row Tag="LOC_NOTIFICATION_NEW_RELIC_MESSAGE">
      <Text>Satın alındı {1_relicName}</Text>
    </Row>
    <Row Tag="LOC_NOTIFICATION_NEW_RELIC_SUMMARY">
      <Text>Seyahatleriniz sırasında güçlü bir kalıntı keşfettiniz.</Text>
    </Row>
    <!-- Governments -->
    <Row Tag="LOC_GOVERNMENT_PIRATE_KING_NAME">
      <Text>Korsan Kral</Text>
    </Row>
    <!-- Pirate Relics -->
    <Row Tag="LOC_GOVERNMENT_MANAGE_GOVERNMENT_AND_POLICIES">
      <Text>Hükümet[NEWLINE][NEWLINE]Uygarlığınızın hükümet seçimini ve bu hükümet altındaki politikaları görüntüleyin veya yönetin.</Text>
    </Row>
    <Row Tag="LOC_GOVERNMENT_DOESNT_UNLOCK">
      <Text>Hükümet[NEWLINE][NEWLINE]Kanunlar Kanunu sivil bölümünü tamamladığınızda açılır.</Text>
    </Row>
    <Row Tag="LOC_GOVT_POPUP_PROMPT_POLICIES_CLOSE">
      <Text>Menüyü kapatmak istediğinizden emin misiniz?[NEWLINE]Politika değişiklikleri onaylanmadı!</Text>
    </Row>
    <Row Tag="LOC_CIVIC_RELIC_SINGING_TOPMEN_NAME">
      <Text>Şarkı Söyleyen Topmenler</Text>
    </Row>
    <Row Tag="LOC_CIVIC_RELIC_SINGING_TOPMEN_DESCRIPTION">
      <Text>Güvertenin üst kısmında, arma üzerinde çalışan adamlar şarkılarıyla tanınırlar ve siz de mükemmel şarkıcılar tutmuşsunuz. Deniz şarkıları sislerin kasvetini dağıtır, fırtınalı denizlerin endişesini hafifletir ve sakin günlerin daha sorunsuz geçmesini sağlar.</Text>
    </Row>
    <Row Tag="LOC_POLICY_RELIC_SINGING_TOPMEN_NAME">
      <Text>Şarkı Söyleyen Topmenler</Text>
    </Row>
    <Row Tag="LOC_POLICY_RELIC_SINGING_TOPMEN_DESCRIPTION">
      <Text>Birim bakım maliyetini birim başına 3 azaltır.</Text>
    </Row>
    <Row Tag="LOC_CIVIC_RELIC_CURSED_PIECES_OF_EIGHT_NAME">
      <Text>Lanetli Şanslı Sekiz Parça</Text>
    </Row>
    <Row Tag="LOC_CIVIC_RELIC_CURSED_PIECES_OF_EIGHT_DESCRIPTION">
      <Text>Bir Kaptan Cleveland'ın bunları bir İspanyol kalyonunun ambarından aldığı, ancak bir düelloda kaybettiği söylenir. Galip gelen kişi bir süre zengin olmuş ama reddedilen sevgilisi tarafından zehirlenmiş ve çiçek hastalığına yakalanana kadar Tortuga'da bir taverna işletmiş. Bu altınlar hem şanslı hem de şanssız oldular ve artık sizindirler.</Text>
    </Row>
    <Row Tag="LOC_POLICY_RELIC_CURSED_PIECES_OF_EIGHT_NAME">
      <Text>Lanetli Şanslı Sekiz Parça</Text>
    </Row>
    <Row Tag="LOC_POLICY_RELIC_CURSED_PIECES_OF_EIGHT_DESCRIPTION">
      <Text>Birim bakım başına +3 altın (daha yüksek isyan şansı); her turda altın rezervlerine %3 faiz.</Text>
    </Row>
    <Row Tag="LOC_CIVIC_RELIC_CRATES_OF_RUM_NAME">
      <Text>Rom Kasaları</Text>
    </Row>
    <Row Tag="LOC_CIVIC_RELIC_CRATES_OF_RUM_DESCRIPTION">
      <Text>Nelson'ın aptallığından bir fıçı! Bunu ziyaret ettiğimiz limanlarda bolca paraya satabiliriz.</Text>
    </Row>
    <Row Tag="LOC_POLICY_RELIC_CRATES_OF_RUM_NAME">
      <Text>Rom Kasaları</Text>
    </Row>
    <Row Tag="LOC_POLICY_RELIC_CRATES_OF_RUM_DESCRIPTION">
      <Text>Tur başına +10 [ICON_Gold] Altın.</Text>
    </Row>
    <Row Tag="LOC_CIVIC_RELIC_CAPTAIN_KIDD_JOURNAL_NAME">
      <Text>Kaptan William Kidd'in Günlüğü</Text>
    </Row>
    <Row Tag="LOC_CIVIC_RELIC_CAPTAIN_KIDD_JOURNAL_DESCRIPTION">
      <Text>Efsanevi kaptanın günlüğü! Ve belki de gömülü zulalarının yerleri.</Text>
    </Row>
    <Row Tag="LOC_POLICY_RELIC_CAPTAIN_KIDD_JOURNAL_NAME">
      <Text>Kaptan William Kidd'in Günlüğü</Text>
    </Row>
    <Row Tag="LOC_POLICY_RELIC_CAPTAIN_KIDD_JOURNAL_DESCRIPTION">
      <Text>Bir tavernayı ziyaret ederken ek bir hazine haritası bulma şansı %50.</Text>
    </Row>
    <Row Tag="LOC_CIVIC_RELIC_LOLONNAIS_CUTLERY_NAME">
      <Text>L'Olonnais Çatal Bıçak Takımı</Text>
    </Row>
    <Row Tag="LOC_CIVIC_RELIC_LOLONNAIS_CUTLERY_DESCRIPTION">
      <Text>Korkunç korsanın ziyafetlerinde kullandığı kaliteli bir yemek takımı. Bıçak sapının etrafında çıkmayan paslı bir leke var.</Text>
    </Row>
    <Row Tag="LOC_POLICY_RELIC_LOLONNAIS_CUTLERY_NAME">
      <Text>L'Olonnais Çatal Bıçak Takımı</Text>
    </Row>
    <Row Tag="LOC_POLICY_RELIC_LOLONNAIS_CUTLERY_DESCRIPTION">
      <Text>Yenilen birimlerin [ICON_Strength] Savaş Gücüne bağlı olarak [ICON_gold] Altın kazanın.</Text>
    </Row>
    <Row Tag="LOC_CIVIC_RELIC_KRAKANNONS_NAME">
      <Text>Krakannonlar</Text>
    </Row>
    <Row Tag="LOC_CIVIC_RELIC_KRAKANNONS_DESCRIPTION">
      <Text>Bükülen demir namlular ve deniz canavarının tüm öfkesi! Bizzat Davey Jones tarafından dövülmüş toplar!</Text>
    </Row>
    <Row Tag="LOC_POLICY_RELIC_KRAKANNONS_NAME">
      <Text>Krakannonlar</Text>
    </Row>
    <Row Tag="LOC_POLICY_RELIC_KRAKANNONS_DESCRIPTION">
      <Text>Slooplar ve Brigantinler için +1 [ICON_range] Menzil. Deniz birimleri için +5 [ICON_Strength] Savaş Gücü.</Text>
    </Row>
    <Row Tag="LOC_CIVIC_RELIC_JOLLY_ROGERS_NAME">
      <Text>Jack Rackham'ın Jolly Rogers'ı</Text>
    </Row>
    <Row Tag="LOC_CIVIC_RELIC_JOLLY_ROGERS_DESCRIPTION">
      <Text>Terörün siyah bayrağı. Çoğunda bir ölünün başı ya da okla delinmiş kanayan bir kalp tasvir edilirdi. Bu isim, kırmızı bayrak anlamına gelen Fransızca "rouge" kelimesinden ya da Şeytan'ın bir lakabından gelmiş olabilir.</Text>
    </Row>
    <Row Tag="LOC_POLICY_RELIC_JOLLY_ROGERS_NAME">
      <Text>Jack Rackham'ın Jolly Rogers'ı</Text>
    </Row>
    <Row Tag="LOC_POLICY_RELIC_JOLLY_ROGERS_DESCRIPTION">
      <Text>Bir ticaret gemisini yağmalarken 50 ilave [ICON_Gold] Altın kazanın. Gemilerinizdeki bayrakların daha yırtık pırtık görünmesini sağlar.</Text>
    </Row>
    <Row Tag="LOC_CIVIC_RELIC_BLACKBEARD_FUSE_NAME">
      <Text>Karasakal'ın Kısa Sigortası</Text>
    </Row>
    <Row Tag="LOC_CIVIC_RELIC_BLACKBEARD_FUSE_DESCRIPTION">
      <Text>Korkunç korsan bunları sakalının içine koyar ve düşmanlarını korkutmak için ateşe verirdi. Belki de gerekli değillerdi.</Text>
    </Row>
    <Row Tag="LOC_POLICY_RELIC_BLACKBEARD_FUSE_NAME">
      <Text>Karasakal'ın Kısa Sigortası</Text>
    </Row>
    <Row Tag="LOC_POLICY_RELIC_BLACKBEARD_FUSE_DESCRIPTION">
      <Text>Deniz birimi saldırıları, bir sonraki tur için düşman gemilerine -2 [ICON_Movement] Hareket kazandırır.</Text>
    </Row>
    <Row Tag="LOC_CIVIC_RELIC_BONNY_PISTOLS_NAME">
      <Text>Bonny Brace of Pistols</Text>
    </Row>
    <Row Tag="LOC_CIVIC_RELIC_BONNY_PISTOLS_DESCRIPTION">
      <Text>Asıl adı Anne Fulford olan Anne Bonny, korsan Calico Jack'in sevgilisiydi ama Mary Read ile bir araya gelince Jack'i ektiler ve birlikte denize açıldılar. İşte tabancaları.</Text>
    </Row>
    <Row Tag="LOC_POLICY_RELIC_BONNY_PISTOLS_NAME">
      <Text>Bonny Brace of Pistols</Text>
    </Row>
    <Row Tag="LOC_POLICY_RELIC_BONNY_PISTOLS_DESCRIPTION">
      <Text>Tüm birimler için +1 ek saldırı. Tüm birimler saldırdıktan sonra hareket edebilir.</Text>
    </Row>
    <Row Tag="LOC_CIVIC_RELIC_SKULL_FIRESHOT_NAME">
      <Text>Çığlık Atan Kafatası Atışı</Text>
    </Row>
    <Row Tag="LOC_CIVIC_RELIC_SKULL_FIRESHOT_DESCRIPTION">
      <Text>Gerçek bir kafatası değil, akıllıca yapılmış bir demir gülle. Ancak batıl inançları olan korkak denizci düşmanlar bunları havada kendilerine doğru uçarken, göz çukurlarından ve ağızlarından ateş çıkarırken ve cırtlak bir ıslık yayarken gördüklerinde... onlara farklı bir şey söylemeye çalışın.</Text>
    </Row>
    <Row Tag="LOC_POLICY_RELIC_SKULL_FIRESHOT_NAME">
      <Text>Çığlık Atan Kafatası Atışı</Text>
    </Row>
    <Row Tag="LOC_POLICY_RELIC_SKULL_FIRESHOT_DESCRIPTION">
      <Text>Donanma gemileri için +3 [ICON_Strength] Savaş Gücü.</Text>
    </Row>
    <Row Tag="LOC_CIVIC_RELIC_FISHING_FLOATS_NAME">
      <Text>Kuzey Denizi Rüzgar Balıkçılık Şamandıraları</Text>
    </Row>
    <Row Tag="LOC_CIVIC_RELIC_FISHING_FLOATS_DESCRIPTION">
      <Text>Ağlarla birbirine bağlanmış renkli cam balıkçı şamandıralarından oluşan bu "cadı topları", Kuzey Denizi ticaret yollarında o kadar uzun süredir kullanılmaktadır ki, adaşlarının rüzgarlarını barındırır ve onlarla büyülenirler. Bir geminin seren kollarına asıldıklarında parlarlar ve en sakin günlerde bile geminin yelkenlerini doldururlar.</Text>
    </Row>
    <Row Tag="LOC_POLICY_RELIC_FISHING_FLOATS_NAME">
      <Text>Kuzey Denizi Rüzgar Balıkçılık Şamandıraları</Text>
    </Row>
    <Row Tag="LOC_POLICY_RELIC_FISHING_FLOATS_DESCRIPTION">
      <Text>+2 [ICON_Movement] Donanma gemileri için hareket.</Text>
    </Row>
    <Row Tag="LOC_CIVIC_RELIC_ENGLISH_POINTER_NAME">
      <Text>İngiliz Pointer Figür Başlığı</Text>
    </Row>
    <Row Tag="LOC_CIVIC_RELIC_ENGLISH_POINTER_DESCRIPTION">
      <Text>Köpek işaret etmekte ve ağzından aşağı sarkan bir fener tutmaktadır. Fener, figüran en yakın gemiye doğru işaret ettikçe gizemli bir şekilde daha parlak yanıyor.</Text>
    </Row>
    <Row Tag="LOC_POLICY_RELIC_ENGLISH_POINTER_NAME">
      <Text>İngiliz Pointer Figür Başlığı</Text>
    </Row>
    <Row Tag="LOC_POLICY_RELIC_ENGLISH_POINTER_DESCRIPTION">
      <Text>Her gemi 20 hektar içinde görünmeyen en yakın gemiyi hissedecektir.</Text>
    </Row>
    <Row Tag="LOC_CIVIC_RELIC_BLACK_SPOT_NAME">
      <Text>Siyah Nokta Marka Ütüsü</Text>
    </Row>
    <Row Tag="LOC_CIVIC_RELIC_BLACK_SPOT_DESCRIPTION">
      <Text>Bu demirle düşmanlarınızı, onları denizler boyunca takip edecek bir lanetle işaretleyebilirsiniz. Lanet devam ettiği sürece asla yıkanamaz.</Text>
    </Row>
    <Row Tag="LOC_POLICY_RELIC_BLACK_SPOT_NAME">
      <Text>Siyah Nokta Marka Ütüsü</Text>
    </Row>
    <Row Tag="LOC_POLICY_RELIC_BLACK_SPOT_DESCRIPTION">
      <Text>+10 [ICON_Strength] Korsan veya kötü şöhretli korsanlarla savaşırken Savaş Gücü.</Text>
    </Row>
    <Row Tag="LOC_CIVIC_RELIC_DOWSING_ROD_NAME">
      <Text>Dowsing Çubuğu</Text>
    </Row>
    <Row Tag="LOC_CIVIC_RELIC_DOWSING_ROD_DESCRIPTION">
      <Text>Batıl inançları olan insanlar tarafından su bulmak için kullanılan bir çiftçi çubuğu. Oradan buradan bir bükülmeyle, belki altını gösterir.</Text>
    </Row>
    <Row Tag="LOC_POLICY_RELIC_DOWSING_ROD_NAME">
      <Text>Dowsing Çubuğu</Text>
    </Row>
    <Row Tag="LOC_POLICY_RELIC_DOWSING_ROD_DESCRIPTION">
      <Text>Her gemi 20 hex içindeki en yakın hazine sandığını hissedebilir.</Text>
    </Row>
    <Row Tag="LOC_BLACKBEARD_FUSE_NAME">
      <Text>Karasakal'ın Kısa Sigortası</Text>
    </Row>
    <Row Tag="LOC_BLACKBEARD_FUSE_DESCRIPTION">
      <Text>Saldırılar, bir sonraki turda hedef birime -2 [ICON_Movement] Hareket kazandırır.</Text>
    </Row>
    <Row Tag="LOC_KRAKANNONS_RANGE_BONUS_NAME">
      <Text>Krakannons Menzil Bonusu</Text>
    </Row>
    <Row Tag="LOC_KRAKANNONS_RANGE_BONUS_DESCRIPTION">
      <Text>+1 [ICON_range] Aralık</Text>
    </Row>
    <Row Tag="LOC_KRAKANNONS_COMBAT_BONUS_NAME">
      <Text>Krakannonlar Savaş Bonusu</Text>
    </Row>
    <Row Tag="LOC_KRAKANNONS_COMBAT_BONUS_DESCRIPTION">
      <Text>+5 [ICON_Strength] Savaş Gücü</Text>
    </Row>
    <Row Tag="LOC_BONNY_PISTOLS_NUM_ATTACKS_NAME">
      <Text>Bonny Brace of Pistols</Text>
    </Row>
    <Row Tag="LOC_BONNY_PISTOLS_NUM_ATTACKS_DESCRIPTION">
      <Text>[ICON_Movement] Hareket izin veriyorsa tur başına +1 ek saldırı. Saldırdıktan sonra hareket edebilir.</Text>
    </Row>
    <Row Tag="LOC_SKULL_FIRESHOT_NAME">
      <Text>Çığlık Atan Kafatası Atışı</Text>
    </Row>
    <Row Tag="LOC_SKULL_FIRESHOT_DESCRIPTION">
      <Text>+3 [ICON_Strength] Savaş Gücü</Text>
    </Row>
    <Row Tag="LOC_FISHING_FLOATS_NAME">
      <Text>Kuzey Denizi Rüzgar Balıkçılık Şamandıraları</Text>
    </Row>
    <Row Tag="LOC_FISHING_FLOATS_DESCRIPTION">
      <Text>+2 [ICON_Movement] Hareket</Text>
    </Row>
    <!--Relics Screen-->
    <Row Tag="LOC_RELIC_SCREEN_TITLE">
      <Text>Korsan Kalıntıları</Text>
    </Row>
    <Row Tag="LOC_RELIC_SCREEN_CHOOSE_RELIC">
      <Text>Kalıntıyı Seçin</Text>
    </Row>
    <Row Tag="LOC_RELIC_SCREEN_ACTIVE_RELICS">
      <Text>Aktif Kalıntılar</Text>
    </Row>
    <Row Tag="LOC_RELIC_SCREEN_ASSIGN_ALL_RELICS">
      <Text>Tüm Kalıntıları Atayın</Text>
    </Row>
    <Row Tag="LOC_RELIC_SCREEN_CONFIRM_RELICS">
      <Text>Kalıntıları Onayla</Text>
    </Row>
    <Row Tag="LOC_RELIC_SCREEN_DRAG_RELIC_TEXT">
      <Text>Bir Kalıntıyı Sürükleyip Bırakarak Buraya Yerleştirin</Text>
    </Row>
    <!--Relic Popup-->
    <Row Tag="LOC_RELIC_POPUP_RELIC_FOUND">
      <Text>Kalıntı Bulundu</Text>
    </Row>
    <Row Tag="LOC_RELIC_POPUP_CHANGE_RELIC">
      <Text>Yadigar Donat</Text>
    </Row>
    <Row Tag="LOC_RELIC_POPUP_UNLOCKED_BY_RELIC">
      <Text>Bu Kalıntı ile açılır:</Text>
    </Row>
    <!--City Banner Tavern Indicator-->
    <Row Tag="LOC_TAVERN_AVAILABLE">
      <Text>Bu Taverna Ziyaret Edilebilir!</Text>
    </Row>
    <Row Tag="LOC_TAVERN_COOLDOWN">
      <Text>Rom bitti! [NEWLINE] {1_Turns: plural 1?{1_turns}turn; other?{1_Turns} turns;}'te tekrar ziyaret edin!</Text>
    </Row>
    <!--City Banner Sacked Indicator-->
    <Row Tag="LOC_PIRATES_CITY_SACKED">
      <Text>Şehirden hala dumanlar yükselmektedir.[NEWLINE]{1_Turns: plural 1?{1_turns}turn; other?{1_Turns} turns;}'te tekrar yağmalanabilir.</Text>
    </Row>
    <Row Tag="LOC_PIRATES_CITY_NOT_SACKED">
      <Text>Bu şehir hasat için olgunlaşmış durumda.</Text>
    </Row>
    <!--Morale Tracker (World Tracker Panel)-->
    <Row Tag="LOC_PIRATES_MORALE_TRACKER_TITLE">
      <Text>[ICON_GoldLarge]Mürettebat Morali[ICON_GoldLarge]</Text>
    </Row>
    <Row Tag="LOC_PIRATES_MORALE_TRACKER_GOLD">
      <Text>Altın: {1_totalGold}</Text>
    </Row>
    <Row Tag="LOC_PIRATES_MORALE_TRACKER_GOLD_USAGE">
      <Text>Dönüş Başına: {1_usagePerTurn}</Text>
    </Row>
    <Row Tag="LOC_PIRATES_MORALE_TRACKER_MUTINY_TURNS">
      <Text>{1_Turns: plural 1?{1_turns}turn; other?{1_Turns} turns;}'te isyan yaklaşıyor!</Text>
    </Row>
    <Row Tag="LOC_PIRATES_MORALE_TRACKER_PROFIT">
      <Text>Hazinemiz büyüyor!</Text>
    </Row>
    <Row Tag="LOC_PIRATES_MORALE_TRACKER_STABLE">
      <Text>Kasamız sağlam!</Text>
    </Row>
    <Row Tag="LOC_PIRATES_MORALE_TRACKER_TOTAL_MUTINY_TURNS">
      <Text>{1_Turns: plural 1?{1_turns}turn; other?{1_Turns} turns;}'te tam bir isyan!</Text>
    </Row>
    <Row Tag="LOC_PIRATES_MORALE_TRACKER_NO_MORE_UNITS">
      <Text>Filonuz boş!</Text>
    </Row>
    <!--Spain-->
    <Row Tag="LOC_CITY_NAME_VERA_CRUZ">
      <Text>Vera Cruz</Text>
    </Row>
    <Row Tag="LOC_CITY_NAME_VILLA_HERMOSA">
      <Text>Villa Hermosa</Text>
    </Row>
    <Row Tag="LOC_CITY_NAME_CAMPECHE">
      <Text>Campeche</Text>
    </Row>
    <Row Tag="LOC_CITY_NAME_LA_HABANA">
      <Text>La Habana</Text>
    </Row>
    <Row Tag="LOC_CITY_NAME_CARACAS">
      <Text>Caracas</Text>
    </Row>
    <Row Tag="LOC_CITY_NAME_ST_AUGUSTINE">
      <Text>Aziz Augustine</Text>
    </Row>
    <Row Tag="LOC_CITY_NAME_SANTA_CATALINA">
      <Text>Santa Catalina</Text>
    </Row>
    <Row Tag="LOC_CITY_NAME_PUERTO_BELLO">
      <Text>Puerto Bello</Text>
    </Row>
    <Row Tag="LOC_CITY_NAME_NOMBRE_DE_DIOS">
      <Text>Nombre de Dios</Text>
    </Row>
    <Row Tag="LOC_CITY_NAME_SANTA_MARTA">
      <Text>Santa Marta</Text>
    </Row>
    <Row Tag="LOC_CITY_NAME_RIO_DE_LA_HACHA">
      <Text>Rio de la Hacha</Text>
    </Row>
    <Row Tag="LOC_CITY_NAME_MARACAIBO">
      <Text>Maracaibo</Text>
    </Row>
    <Row Tag="LOC_CITY_NAME_PURTO_CABELLO">
      <Text>Puerto Cabello</Text>
    </Row>
    <Row Tag="LOC_CITY_NAME_GIBRALTAR">
      <Text>Cebelitarık</Text>
    </Row>
    <Row Tag="LOC_CITY_NAME_CUMANA">
      <Text>Cumaná</Text>
    </Row>
    <Row Tag="LOC_CITY_NAME_MARGARITA">
      <Text>Margarita</Text>
    </Row>
    <Row Tag="LOC_CITY_NAME_TRINIDAD">
      <Text>Trinidad</Text>
    </Row>
    <Row Tag="LOC_CITY_NAME_SANTO_DOMINGO">
      <Text>Santo Domingo</Text>
    </Row>
    <Row Tag="LOC_CITY_NAME_SANTIAGO">
      <Text>Santiago</Text>
    </Row>
    <!--England-->
    <Row Tag="LOC_CITY_NAME_PORT_ROYAL">
      <Text>Port Royal</Text>
    </Row>
    <Row Tag="LOC_CITY_NAME_ST_KITTS">
      <Text>St. Kitts</Text>
    </Row>
    <Row Tag="LOC_CITY_NAME_ANTIGUA">
      <Text>Antigua</Text>
    </Row>
    <Row Tag="LOC_CITY_NAME_BARBADOS">
      <Text>Barbados</Text>
    </Row>
    <Row Tag="LOC_CITY_NAME_NASSAU">
      <Text>Nassau</Text>
    </Row>
    <Row Tag="LOC_CITY_NAME_ELUTHERA">
      <Text>Eleuthera</Text>
    </Row>
    <Row Tag="LOC_CITY_NAME_GRAND_BAHAMA">
      <Text>Grand Bahama</Text>
    </Row>
    <Row Tag="LOC_CITY_NAME_NEVIS">
      <Text>Nevis</Text>
    </Row>
    <!--Netherlands-->
    <Row Tag="LOC_CITY_NAME_ST_MARTIN">
      <Text>St. Martin</Text>
    </Row>
    <Row Tag="LOC_CITY_NAME_ST_EUSTATIUS">
      <Text>Aziz Eustatius</Text>
    </Row>
    <Row Tag="LOC_CITY_NAME_CURACAO">
      <Text>Curacao</Text>
    </Row>
    <Row Tag="LOC_CITY_NAME_ARUBA">
      <Text>Aruba</Text>
    </Row>
    <Row Tag="LOC_CITY_NAME_BONAIRE">
      <Text>Bonaire</Text>
    </Row>
    <Row Tag="LOC_CITY_NAME_SABA">
      <Text>Saba</Text>
    </Row>
    <!--France-->
    <Row Tag="LOC_CITY_NAME_FLORIDA_KEYS">
      <Text>Florida Keys</Text>
    </Row>
    <Row Tag="LOC_CITY_NAME_TORTUGA">
      <Text>Tortuga</Text>
    </Row>
    <Row Tag="LOC_CITY_NAME_PORT_DE_PAIX">
      <Text>Port-de-Paix</Text>
    </Row>
    <Row Tag="LOC_CITY_NAME_LEOGANE">
      <Text>Leogane</Text>
    </Row>
    <Row Tag="LOC_CITY_NAME_PETIT_GOAVE">
      <Text>Petit Goave</Text>
    </Row>
    <Row Tag="LOC_CITY_NAME_MONTSERRAT">
      <Text>Montserrat</Text>
    </Row>
    <Row Tag="LOC_CITY_NAME_GUADELOUPE">
      <Text>Guadeloupe</Text>
    </Row>
    <Row Tag="LOC_CITY_NAME_MARTINIQUE">
      <Text>Martinique</Text>
    </Row>
    <!-- Plot ToolTips -->
    <Row Tag="LOC_PIRATES_PLOT_TOOLTIP_TREASURE_MAP">
      <Text>Ho ho me hearties! Rüzgarda altın kokusu alıyoruz, alıyoruz!</Text>
    </Row>
    <Row Tag="LOC_PIRATES_PLOT_TOOLTIP_INFAMOUS_PIRATE">
      <Text>[COLOR_RED]Köpüğün üzerinde bir korsan dümeni var. Çok yakındalar!</Text>
    </Row>
    <Row Tag="LOC_PIRATES_PLOT_TOOLTIP_TREASURE_FLEET">
      <Text>Bir hazine filosunun tam yolundayız!</Text>
    </Row>
    <Row Tag="LOC_PIRATES_PLOT_TOOLTIP_TREASURE_OWNER">
      <Text>Hazine {1_OwnerName}</Text>
    </Row>
    <Row Tag="LOC_PIRATES_PLOT_TOOLTIP_TREASURE_OWNER_NONE">
      <Text>Kötü şöhretli bir korsanın hazinesi</Text>
    </Row>
    <!-- Victory/Defeat Text -->
    <Row Tag="LOC_DEFEAT_PIRATE_NAME">
      <Text>Filo Kayıp!</Text>
    </Row>
    <Row Tag="LOC_DEFEAT_PIRATE_TEXT">
      <Text>Deniz kendine ait olanı almaya gelir.</Text>
    </Row>
    <Row Tag="LOC_DEFEAT_COLONIAL_NAME">
      <Text>Sömürge Gücü Yenildi</Text>
    </Row>
    <Row Tag="LOC_DEFEAT_COLONIAL_TEXT">
      <Text>Sömürgeci güçler yenilmemelidir. Kara Amiral devi nasıl devirdi?</Text>
    </Row>
    <!-- Misc Text -->
    <Row Tag="LOC_PIRATES_GRANT_GOLD_WORLD_TEXT">
      <Text>[COLOR_FLOAT_GOLD]+{1_Amount} [ICON_Gold][ENDCOLOR]</Text>
    </Row>
    <Row Tag="LOC_CITY_SACKED_WORLDTEXT">
      <Text>Duvarlar yıkılıyor! Altın bizimdir!</Text>
    </Row>
    <Row Tag="LOC_CITY_RECENTLY_SACKED_WORLDTEXT">
      <Text>Yar, burada altın falan yok.</Text>
    </Row>
    <Row Tag="LOC_UNKNOWN_TREASURE_OWNER">
      <Text>Bilinmeyen korsan</Text>
    </Row>
    <Row Tag="LOC_PIRATES_BUCCANEER_DESCRIPTION">
      <Text>Buccaneers</Text>
    </Row>
  </EnglishText>
</GameData>