﻿<?xml version="1.0" encoding="utf-8"?>
<GameData>
  <EnglishText>
    <!-- Named Rivers -->
    <Row Tag="LOC_NAMED_RIVER_DONG_NA_RIVER_NAME">
      <Text>Đồng Nai Nehri</Text>
    </Row>
    <Row Tag="LOC_NAMED_RIVER_BLACK_RIVER_NAME">
      <Text>Đà Nehri</Text>
    </Row>
    <Row Tag="LOC_NAMED_RIVER_CA_RIVER_NAME">
      <Text>Cả Nehri</Text>
    </Row>
    <Row Tag="LOC_NAMED_RIVER_MA_RIVER_NAME">
      <Text>Mã Nehri</Text>
    </Row>
    <!-- Named Volcanoes -->
    <Row Tag="LOC_NAMED_VOLCANO_TOROENG_PRONG_NAME">
      <Text>Toroeng Prong</Text>
    </Row>
    <Row Tag="LOC_NAMED_VOLCANO_BAS_DONG_NAI_NAME">
      <Text>Đồng Nai Hạ</Text>
    </Row>
    <Row Tag="LOC_NAMED_VOLCANO_HAUT_DONG_NAI_NAME">
      <Text>Đồng Nai Thượng</Text>
    </Row>
    <!-- Named Mountains -->
    <Row Tag="LOC_NAMED_MOUNTAIN_BA_VI_MOUNTAINS_NAME">
      <Text>Ba Vì Dağları</Text>
    </Row>
    <Row Tag="LOC_NAMED_MOUNTAIN_BAY_NUI_MOUNTAINS_NAME">
      <Text>Bảy Núi Aralığı</Text>
    </Row>
    <Row Tag="LOC_NAMED_MOUNTAIN_MARBLE_MOUNTAINS_NAME">
      <Text>Ngũ Hành Dağları</Text>
    </Row>
    <!-- Named Deserts -->
    <Row Tag="LOC_NAMED_DESERT_SAND_DUNES_OF_MUI_NE_NAME">
      <Text>Đồi Cát Mũi Né</Text>
    </Row>
    <!-- Named Lakes -->
    <Row Tag="LOC_NAMED_LAKE_BA_BE_LAKE_NAME">
      <Text>Ba Bể Gölü</Text>
    </Row>
    <Row Tag="LOC_NAMED_LAKE_HO_TAY_NAME">
      <Text>Hồ Tây</Text>
    </Row>
    <Row Tag="LOC_NAMED_LAKE_LAK_LAKE_NAME">
      <Text>Lắk Gölü</Text>
    </Row>
  </EnglishText>
</GameData>