﻿<?xml version="1.0" encoding="utf-8"?>
<GameData>
  <EnglishText>
    <!--Babylon-->
    <Row Tag="LOC_CITIZEN_VIETNAM_MALE_1">
      <Text>Nam</Text>
    </Row>
    <Row Tag="LOC_CITIZEN_VIETNAM_MALE_2">
      <Text>Văn</Text>
    </Row>
    <Row Tag="LOC_CITIZEN_VIETNAM_MALE_3">
      <Text>Dũng</Text>
    </Row>
    <Row Tag="LOC_CITIZEN_VIETNAM_MALE_4">
      <Text>Quang</Text>
    </Row>
    <Row Tag="LOC_CITIZEN_VIETNAM_MALE_5">
      <Text>Hồ</Text>
    </Row>
    <Row Tag="LOC_CITIZEN_VIETNAM_MALE_6">
      <Text>Giáp</Text>
    </Row>
    <Row Tag="LOC_CITIZEN_VIETNAM_MALE_7">
      <Text>Hiến</Text>
    </Row>
    <Row Tag="LOC_CITIZEN_VIETNAM_MALE_8">
      <Text>Tông</Text>
    </Row>
    <Row Tag="LOC_CITIZEN_VIETNAM_MALE_9">
      <Text>Túc</Text>
    </Row>
    <Row Tag="LOC_CITIZEN_VIETNAM_MALE_10">
      <Text>Mục</Text>
    </Row>
    <Row Tag="LOC_CITIZEN_VIETNAM_FEMALE_1">
      <Text>Lan</Text>
    </Row>
    <Row Tag="LOC_CITIZEN_VIETNAM_FEMALE_2">
      <Text>Chiêu</Text>
    </Row>
    <Row Tag="LOC_CITIZEN_VIETNAM_FEMALE_3">
      <Text>Thị</Text>
    </Row>
    <Row Tag="LOC_CITIZEN_VIETNAM_FEMALE_4">
      <Text>Khoa</Text>
    </Row>
    <Row Tag="LOC_CITIZEN_VIETNAM_FEMALE_5">
      <Text>Hoàng</Text>
    </Row>
    <Row Tag="LOC_CITIZEN_VIETNAM_FEMALE_6">
      <Text>Từ</Text>
    </Row>
    <Row Tag="LOC_CITIZEN_VIETNAM_FEMALE_7">
      <Text>Phật</Text>
    </Row>
    <Row Tag="LOC_CITIZEN_VIETNAM_FEMALE_8">
      <Text>Kim</Text>
    </Row>
    <Row Tag="LOC_CITIZEN_VIETNAM_FEMALE_9">
      <Text>Trắc</Text>
    </Row>
    <Row Tag="LOC_CITIZEN_VIETNAM_FEMALE_10">
      <Text>Nhị</Text>
    </Row>
    <Row Tag="LOC_CITIZEN_VIETNAM_MODERN_MALE_1">
      <Text>Định</Text>
    </Row>
    <Row Tag="LOC_CITIZEN_VIETNAM_MODERN_MALE_2">
      <Text>Dương</Text>
    </Row>
    <Row Tag="LOC_CITIZEN_VIETNAM_MODERN_MALE_3">
      <Text>Công</Text>
    </Row>
    <Row Tag="LOC_CITIZEN_VIETNAM_MODERN_MALE_4">
      <Text>Giang</Text>
    </Row>
    <Row Tag="LOC_CITIZEN_VIETNAM_MODERN_MALE_5">
      <Text>Hà</Text>
    </Row>
    <Row Tag="LOC_CITIZEN_VIETNAM_MODERN_MALE_6">
      <Text>Đức</Text>
    </Row>
    <Row Tag="LOC_CITIZEN_VIETNAM_MODERN_MALE_7">
      <Text>Huy</Text>
    </Row>
    <Row Tag="LOC_CITIZEN_VIETNAM_MODERN_MALE_8">
      <Text>Nam</Text>
    </Row>
    <Row Tag="LOC_CITIZEN_VIETNAM_MODERN_MALE_9">
      <Text>Nguyên</Text>
    </Row>
    <Row Tag="LOC_CITIZEN_VIETNAM_MODERN_MALE_10">
      <Text>Quân</Text>
    </Row>
    <Row Tag="LOC_CITIZEN_VIETNAM_MODERN_FEMALE_1">
      <Text>Bạch</Text>
    </Row>
    <Row Tag="LOC_CITIZEN_VIETNAM_MODERN_FEMALE_2">
      <Text>Binh</Text>
    </Row>
    <Row Tag="LOC_CITIZEN_VIETNAM_MODERN_FEMALE_3">
      <Text>Trà</Text>
    </Row>
    <Row Tag="LOC_CITIZEN_VIETNAM_MODERN_FEMALE_4">
      <Text>Chinh</Text>
    </Row>
    <Row Tag="LOC_CITIZEN_VIETNAM_MODERN_FEMALE_5">
      <Text>Huệ</Text>
    </Row>
    <Row Tag="LOC_CITIZEN_VIETNAM_MODERN_FEMALE_6">
      <Text>Hồng</Text>
    </Row>
    <Row Tag="LOC_CITIZEN_VIETNAM_MODERN_FEMALE_7">
      <Text>Linh</Text>
    </Row>
    <Row Tag="LOC_CITIZEN_VIETNAM_MODERN_FEMALE_8">
      <Text>Quỳnh</Text>
    </Row>
    <Row Tag="LOC_CITIZEN_VIETNAM_MODERN_FEMALE_9">
      <Text>Nguyệt</Text>
    </Row>
    <Row Tag="LOC_CITIZEN_VIETNAM_MODERN_FEMALE_10">
      <Text>Ngọc</Text>
    </Row>
  </EnglishText>
</GameData>