﻿<?xml version="1.0" encoding="utf-8"?>
<GameData>
  <EnglishText>
    <!-- leaders -->
    <Row Tag="LOC_PEDIA_LEADERS_PAGE_LEADER_ABRAHAM_LINCOLN_TITLE">
      <Text>Abraham Lincoln</Text>
    </Row>
    <Row Tag="LOC_PEDIA_LEADERS_PAGE_LEADER_ABRAHAM_LINCOLN_QUOTE">
      <Text>Insan var oldugu sürece, sadece kendi durumunu iyilestirmekle kalmayip, insanligi da iyilestirmeye yardimci olmak onun görevidir  ben en çok sayida insana en büyük iyiligi saglayacak araçlardan yanayim.</Text>
    </Row>
    <Row Tag="LOC_PEDIA_LEADERS_PAGE_LEADER_ABRAHAM_LINCOLN_CHAPTER_HISTORY_PARA_1">
      <Text>ABD tarihinin en taninmis simalarindan biri olan Abraham Lincoln sadece dört yil Baskanlik yapti, ancak bu süre zarfinda köleligi kaldirdi (ABD'nin Avrupali çagdaslarina kiyasla oldukça geç bir eylemdi), Iç Savasi basariyla yürüttü ve ABD'yi sanayi çagina firlatti.</Text>
    </Row>
    <Row Tag="LOC_PEDIA_LEADERS_PAGE_LEADER_ABRAHAM_LINCOLN_CHAPTER_HISTORY_PARA_2">
      <Text>Lincoln Orta Bati'da mütevazi bir aileden geliyordu. Ailesi, dönemin iki büyük mücadelesi arasinda kalmis fakir toprak sahipleriydi: batiya dogru yerli topraklarina dogru ilerleme ve kölelestirilen çiftçiler (servetin daha büyük toprak sahiplerinde toplanma egiliminde oldugu) ile kendi tarlalarini isleyenler arasindaki gerilim. Lincoln'ler kuzeye, Indiana'ya dogru itildiler ve burada agaç isçiligi ve çiftçilikle ugrastilar. Zor zamanlardi - Lincoln'ün annesi o küçük bir çocukken öldü ve Lincoln çogunlukla kendi kendini yetistirdi. Sauklara karsi milis kuvvetlerinde görev yaptiktan sonra döndügünde Lincoln hukuk okudu ve ciddi bir sekilde siyasetle ilgilenmeye basladi.</Text>
    </Row>
    <Row Tag="LOC_PEDIA_LEADERS_PAGE_LEADER_ABRAHAM_LINCOLN_CHAPTER_HISTORY_PARA_3">
      <Text>Lincoln'ün erken siyasi kariyeri, en azindan Amerika'da, baslangiçtaki monarsi karsiti statüsünün bir eseri olarak yürütme gücüne karsi birlesmis bir parti olan Whig'lerle geçti. ABD'de bu, Andrew Jackson gibi siyasi figürlerin genis kapsamli yürütme yetkileri kurma potansiyeliyle mücadele etmek anlamina geliyordu. Ancak ABD degisiyordu ve hakim bölünmeler artik Virginia'daki zengin plantasyon sahipleri (örnegin Washington veya Jefferson) ile tutumlu ve felsefi düsünen New England'lilar (örnegin Franklin veya Adams) arasinda degil, köle emegi ile çalisan endüstriyel tarima dogru ilerleyen Güney'e karsi Kuzey'deki endüstriyel sermaye arasindaydi. Whig'ler Cumhuriyetçi Parti'ye dönüsüp Güney'e karsi Kuzey'in endüstriyel çikarlariyla ittifak kurunca, Lincoln önde gelen bir ses haline geldi. Lincoln'ün görüsleri kölelik konusunda ilimlilik (bugün kulaga ne kadar kötü gelse de, o dönem için ilericiydi), uluslararasi ekonomik korumacilik ve yerli sanayiye destek çagrisinda bulundu - tüm politikalar serbest sermayeyi (en azindan ülke içinde ve beyaz erkekler arasinda), sanayilesmeyi ve sanayicilerin zenginligini destekliyordu.</Text>
    </Row>
    <Row Tag="LOC_PEDIA_LEADERS_PAGE_LEADER_ABRAHAM_LINCOLN_CHAPTER_HISTORY_PARA_4">
      <Text>Güney'deki bu beyaz toprak sahipleri, uluslararasi sanayi, tarimsal üretim ve küresel ticarete ayak uydurabilmek için kölelige bel baglamislardi. Yine de kölelik giderek savunulamaz (ve her zaman igrenç) bir uygulamaydi. Lincoln kölelige karsi oldugunu gizlemedi, ancak köleligin ortadan kaldirilmasini degil, kontrol altina alinmasini ileriye dönük bir yol olarak görüyordu. Ancak bu ilimlilik girisimi bile, onun seçilmesini Birlik içindeki güçlerinin geri dönülmez bir sekilde azaldigi ve kölelik kurumunun ve dolayisiyla ekonomik temellerinin sona erebileceginin bir isareti olarak yorumlayan Güney eyaletleri için çok uzakti. Böylece, onun seçilmesinin hemen ardindan Konfederasyon ayrildigini ilan etti.</Text>
    </Row>
    <Row Tag="LOC_PEDIA_LEADERS_PAGE_LEADER_ABRAHAM_LINCOLN_CHAPTER_HISTORY_PARA_5">
      <Text>Lincoln bir tartismaciydi ve bu nedenle durumun ciddiyetini hafife aldigi ve erken harekete geçmedigi için elestirildi, ancak sözlere ve ihtiyata olan tutkusu daha sonra ise yarayacakti. Iç Savas'ta Güney, kendi topraklarinin avantajina ve generaller ve stratejistler üretmek için iyi egitimli bir elit kesime sahipti, ancak neredeyse diger her faktörde Kuzey'in gerisinde kaldi. Güney'deki isgücünün büyük bir kismi kölelestirilmis oldugundan ve bu nedenle kendi köleliklerinin devami için mücadele etmekte zorlanacaklarindan, Güney yoksul topraksiz beyazlari savasa çekmek için propaganda kampanyalari kullanmak zorunda kalmistir. Ayrica, Güney fabrikalari ve sanayisi Kuzey'in gerisindeydi. Ve son olarak, Güney mevcut uluslararasi destekten yoksundu.</Text>
    </Row>
    <Row Tag="LOC_PEDIA_LEADERS_PAGE_LEADER_ABRAHAM_LINCOLN_CHAPTER_HISTORY_PARA_6">
      <Text>Ancak her ne kadar olasi görünmese de zafere giden bir yol vardi. Irksal kizginlik siyaseti devam ediyordu ve Lincoln, ayrilmayan eyaletlerde (örnegin Maryland) bile kölelik yanlisi duygulari hafife almisti - orada isyanlar ve sabotajcilar boldu. Daha da kötüsü, özellikle Lincoln'ün yabanci gümrük tarifelerine ve Amerikan ticaretini korumaya olan egilimi göz önüne alindiginda, Güney'in kendi sanayilerini beslemek için büyük ölçüde tarimsal hammadde üreticisi olarak kalmasini isteyen birçok uluslararasi güç vardi. Lincoln, Konfederasyon'dan Ingiltere'ye giden elçileri durdurdu, ancak akillica bir hareketle hosgörü gösterdi ve böylece uluslararasi bir olayi önledi.</Text>
    </Row>
    <Row Tag="LOC_PEDIA_LEADERS_PAGE_LEADER_ABRAHAM_LINCOLN_CHAPTER_HISTORY_PARA_7">
      <Text>Her sey farkli olabilirdi: yabanci bir güç müdahale edebilirdi. Kitlesel bir köle ayaklanmasi Konfederasyonu daha baslamadan yok edebilirdi. Kölelik yanlisi kitlesel bir ayaklanma Birlesik Devletler'in sanayisini sabote edebilirdi. Ancak bunlarin hiçbiri olmadi ve Kuzey'in sanayi makinesi Konfederasyon'u amansizca yok etti.</Text>
    </Row>
    <Row Tag="LOC_PEDIA_LEADERS_PAGE_LEADER_ABRAHAM_LINCOLN_CHAPTER_HISTORY_PARA_8">
      <Text>Bu sanayicilik temasi burada kilit önem tasimaktadir. Lincoln kendi ülkesinde, büyüyen ulusu merkezi kontrol altina almak için bir bankacilik idaresi ve bir tarim bakanligi kurmasiyla taniniyordu. Ancak Lincoln'ün dönemini düsündügümüzde aklimiza büyüyen fabrikalar, Avrupa'dan ABD'ye göçün artmasi, demiryollarinin büyümesi geliyor. Ayrica, bu endüstriyel güçlerin batidaki topraklara karsi hareketi - Lincoln'ün, özellikle geçmisi göz önüne alindiginda, kalbinde kitanin yerli halki için yumusak bir nokta yoktu.</Text>
    </Row>
    <Row Tag="LOC_PEDIA_LEADERS_PAGE_LEADER_ABRAHAM_LINCOLN_CHAPTER_HISTORY_PARA_9">
      <Text>Lincoln'ün zaferi ve savasin ardindan Güney'de yapilan reformlarin kizginliga yol açmasi kaçinilmazdi. Yeniden seçilmesinin hemen ardindan ve savasin bitiminden sadece birkaç gün sonra, 1865 yilinda Washington DC'de John Wilkes Booth tarafindan öldürüldü. Booth böyle bir suikastin savasin devam etmesine yol açacagina inaniyordu, ancak durum böyle olmadi. Lincoln'ün yerine özellikle beceriksiz bir lider olan Andrew Johnson geçti.</Text>
    </Row>
    <Row Tag="LOC_PEDIA_LEADERS_PAGE_LEADER_ABRAHAM_LINCOLN_CHAPTER_CAPSULE_BODY">
      <Text>Abraham Lincoln, uygarligindaki uyumsuzlugu önlemek için sanayilesmeden yararlanmak istiyor.</Text>
    </Row>
    <Row Tag="LOC_PEDIA_LEADERS_PAGE_LEADER_ABRAHAM_LINCOLN_CHAPTER_DETAILED_BODY">
      <Text>Ek Wildcard yuvalari ve Diplomatik Iyilik saglayan Kurucu Babalar yetenegi ile Abraham Lincoln için hükümet seçimi önemlidir.  Ayrica Ciraklik arastirmasi yapmak ve ücretsiz yakin dövüs birimleri almak için tüm sehirlerinde Sanayi Bölgeleri insa etmek istiyor. Lincoln Sulama ve Plantasyonlardan kaçinmalidir, böylece onlarin maluslarini almaz. Oyunun sonlarina dogru P-51 Mustang ve Film Stüdyosu zafere dogru son hamle için gelir.</Text>
    </Row>
    <Row Tag="LOC_PEDIA_LEADERS_PAGE_LEADER_NZINGA_MBANDE_TITLE">
      <Text>Nzinga Mbande</Text>
    </Row>
    <Row Tag="LOC_PEDIA_LEADERS_PAGE_LEADER_NZINGA_MBANDE_QUOTE">
      <Text>Sansini dene ve kaderin nereye götürdügünü gör.</Text>
    </Row>
    <Row Tag="LOC_PEDIA_LEADERS_PAGE_LEADER_NZINGA_MBANDE_CHAPTER_HISTORY_PARA_1">
      <Text>Angola bagimsizlik hareketinde ve Afrika'daki sömürgeciligin erken tarihinde önemli bir figür olan Nzinga Mbande, çesitli kralliklar arasinda gidip gelerek ve Avrupali güçleri birbirine düsürerek kendi sesini duyurmaya (ve yönetecek bir krallik kurmaya) çalismistir.</Text>
    </Row>
    <Row Tag="LOC_PEDIA_LEADERS_PAGE_LEADER_NZINGA_MBANDE_CHAPTER_HISTORY_PARA_2">
      <Text>Portekizliler Kongo'ya 1480'lerde ulasti. Orada bulduklari sey, 1300'lerden beri iktidarda olan seçimli bir monarsi olan Kongo Kralligi'ydi. Misyonerler Kongo'da okullar kurmus, senkretik bir dini uygulama gelistirmis ve on yil içinde krali vaftiz etmislerdi. Kölelik ise daha karmasik bir meseleydi. Kongolular uzun süredir köleligi uyguluyor, savaslardan ve baskinlardan baskente tebaalarini getirip onlari yerlesmeye ve çalismaya zorluyorlardi. Portekizliler Sao Tome'de plantasyonlarini kurduklarinda, Kongo adaya kölelestirilmis isgücü için esir tedarik etmek üzere özel bir ticaret anlasmasi yapti. Zamanla Kongo ve Portekiz huzursuz bir ittifak kurdu.</Text>
    </Row>
    <Row Tag="LOC_PEDIA_LEADERS_PAGE_LEADER_NZINGA_MBANDE_CHAPTER_HISTORY_PARA_3">
      <Text>Sorun Portekizlilerin Kongo'nun köle ticareti üzerindeki tekeline saygi göstermemesiydi ve Afonso - Mvemba a Nzinga - anlasmanin sona erdirilmesini istedi. Mvemba'nin köleligin sona erdirilmesini savunmadigi ya da emperyal saldirganligi protesto etmedigi, sadece Portekizlilerin anlasma sartlarina uymadigini belirtmek gerekir. Bu sorun Portekiz'in komsu kralliklarda hem ticaret kamplari hem de akin kamplari olarak kamplar kurmasina yol açar.</Text>
    </Row>
    <Row Tag="LOC_PEDIA_LEADERS_PAGE_LEADER_NZINGA_MBANDE_CHAPTER_HISTORY_PARA_4">
      <Text>Bir nesil sonra, Kongo'nun sinirlarinda bir zamanlar köle tacirlerinin hedefi olan bölgeler artik potansiyel ortaklardi. Ndongo bunlardan biriydi. 1590'da Portekizlilere ve Kongolu müttefiklerine karsi savas halindeydi ve Imbangala olarak bilinen özellikle vahsi bir parali asker grubunun saldirilarina maruz kaliyordu. Bu savas kötü gitmeye basladiginda, bir soylu darbe düzenleyerek, yakindaki Matamba kralligina kaçan Nzinga da dahil olmak üzere kraliyet sarayinin birçok üyesini görevden aldi. Ancak Ndongo'nun yeni lideri onun siyasi zekasina ve baglantilarina ihtiyaç duydu ve Portekizlilerle müzakere etmesi için onu görevlendirdi.</Text>
    </Row>
    <Row Tag="LOC_PEDIA_LEADERS_PAGE_LEADER_NZINGA_MBANDE_CHAPTER_HISTORY_PARA_5">
      <Text>Nzinga'nin parladigi yer burasiydi. Portekiz normlarina kasitli olarak meydan okudu. Müzakerelerde kendisine biçilen itaatkâr rolü üstlenmeyi reddederek yerel kiyafetler giydi ve kendisini bir tebaa degil, bir kraliçe olarak sundu. Portekizliler onu yere oturtmak istediklerinde, hizmetçisinin onun sandalyesi olmasini sagladi. Vaftiz konusunda direndi ve bunu müzakerelerde bir teklif olarak kullandi. Sonunda bir barisa ulasti.</Text>
    </Row>
    <Row Tag="LOC_PEDIA_LEADERS_PAGE_LEADER_NZINGA_MBANDE_CHAPTER_HISTORY_PARA_6">
      <Text>Ancak bu baris uzun sürmedi. Imbangala daha fazla toprak istiyordu ve hem Portekizlilere hem de Ndongo'ya meydan okuyarak savasi sürdürdü. Ülkedeki kriz derinlesirken, Ndongo krali öldü ve Nzinga, genis kapsamli siyasi ve stratejik müttefik agiyla kontrolü ele geçirmeye çalisti. Portekizliler onun atesini hatirlayarak onu tanimakta tereddüt ettiler ve kendi seçtikleri kukla krala itaat etmesini istediler. Bunu reddetti ve isyancilara -ayni Imbangala'ya- katilmak için kaçti. Bu grupla evlendi ve kuvvetlerini yeni halkinin son derece militarist tarzina göre yeniden insa etti. Bununla birlikte, tüm Ndongo'yu olmasa da Matamba'yi kendi topraklarina katarak bölgeyi süpürdü. Bu noktadan, direnise mali bir can simidi olarak köle takasi yaptigi Hollandali tüccarlarla bagimsiz iliskiler kurdu ve Portekizlilere karsi Hollandalilar ve Kongolularla bir ittifak olusturdu.</Text>
    </Row>
    <Row Tag="LOC_PEDIA_LEADERS_PAGE_LEADER_NZINGA_MBANDE_CHAPTER_HISTORY_PARA_7">
      <Text>Savas uzadikça uzadi. Hollandalilar Portekizliler tarafindan kovuldu, ancak ayni zamanda Portekiz Ispanya ile savasa girdi. Yillarca süren savasin ardindan 1656'da iki düsman bir baris anlasmasi üzerinde uzlasti - Portekiz kiyilarin büyük bir kismini kazanirken, Nzinga köle ticareti üzerindeki tekelini elde etti. Avrupalilarin tekrar iç bölgelere girmeye çalismasi için uzun yillar geçmesi gerekti.</Text>
    </Row>
    <Row Tag="LOC_PEDIA_LEADERS_PAGE_LEADER_NZINGA_MBANDE_CHAPTER_HISTORY_PARA_8">
      <Text>Simdi, özellikle Angola Iç Savasi tasvirlerinde Portekizlilere karsi bir güç olarak hatirlaniyor.</Text>
    </Row>
    <Row Tag="LOC_PEDIA_LEADERS_PAGE_LEADER_NZINGA_MBANDE_CHAPTER_CAPSULE_BODY">
      <Text>Nzinga Mbande için kendi kitasinda kalmak basarinin anahtaridir.</Text>
    </Row>
    <Row Tag="LOC_PEDIA_LEADERS_PAGE_LEADER_NZINGA_MBANDE_CHAPTER_DETAILED_BODY">
      <Text>Nzinga Mbande'nin Kongo'su kendi kitasinda üstün güç olmak istiyor. Nkisi yetenegi ile birlesen evindeki ek verimleri onu bir Kültür Zaferi için iyi bir sekilde hazirlar. Ngao Mbeba, ana kitasina giren herhangi bir uygarligi fethetmesine yardimci olur. Mbanza sehirlerinin büyümesine ve refaha kavusmasina yardimci olur.</Text>
    </Row>
    <Row Tag="LOC_PEDIA_LEADERS_PAGE_LEADER_SALADIN_TITLE">
      <Text>Saladin</Text>
    </Row>
    <Row Tag="LOC_PEDIA_LEADERS_PAGE_LEADER_SALADIN_ALT_TITLE">
      <Text>Selahaddin (Sultan)</Text>
    </Row>
    <Row Tag="LOC_PEDIA_LEADERS_PAGE_LEADER_SALADIN_ALT_QUOTE">
      <Text>Allah bir ise hükmettigi zaman o is bitmistir.</Text>
    </Row>
    <Row Tag="LOC_PEDIA_LEADERS_PAGE_LEADER_SALADIN_ALT_CHAPTER_CAPSULE_BODY">
      <Text>Sultan Selahaddin ile oynamanin temelinde rakipleri askeri ya da dini yöntemlerle yenmek yatar.</Text>
    </Row>
    <Row Tag="LOC_PEDIA_LEADERS_PAGE_LEADER_SALADIN_ALT_CHAPTER_DETAILED_BODY">
      <Text>Bir Büyük Peygamberin garanti edilmesi, Sultan Selahaddin'e ücretsiz Büyük Peygamberi gelene kadar ordusunu kurma sansi verir. Büyük Peygamber geldikten sonra Arabistan'in dinini ve ordusunu haritaya yaymaya devam edin. Memlük, her turda iyilestirme yetenegiyle uzak medeniyetleri fethetmek için bir varlik olacaktir. Medrese, daha güçlü askeri birimlerin kilidini açmaniza yardimci olurken daha fazla Havari satin almaniza da olanak taniyacak. Sultan Selahaddin'in liderligindeki Arabistan, Hakimiyet veya Dini Zaferler için harikadir.</Text>
    </Row>
    <Row Tag="LOC_PEDIA_GREATPEOPLE_PAGE_GREAT_PERSON_INDIVIDUAL_ANA_NZINGA_CHAPTER_HISTORY_PARA_1">
      <Text>Mbundu'nun (modern Angola) Ndongo ve Matamba kralliklarindan acimasiz ve isbirlikçi Nzinga Mbande, Portekizlilerle 35 yil boyunca savasacakti. Hakkinda çok sayida müstehcen efsane vardir: tahta geçmek için kardesini öldürdügü  kardesinin ailesini öldürdükten sonra cesaretlerini almak için kalplerini yedigi  savas öncesi bir ritüelde kölelerin baslarini kestirip kanlarini içtigi  60 kisilik bir harem kurdugu ve periyodik olarak bazilarini öldürerek yerlerine yenilerini aldigi. Portekiz propagandasinin bu söylentilerden bazilarini süslemis olmasi muhtemel olsa da, her birinin altinda bir gerçek yatmaktadir.</Text>
    </Row>
    <Row Tag="LOC_PEDIA_GREATPEOPLE_PAGE_GREAT_PERSON_INDIVIDUAL_ANA_NZINGA_CHAPTER_HISTORY_PARA_2">
      <Text>Ana de Sousa Nzinga Mbande (dogumunda göbek bagi boynuna dolandigi için "Nzinga" adini almistir) MS 1583 civarinda Mbundu prensesi olarak dogmustur. Tarihi kayitlarda ilk olarak 1621 yilinda isgalci Portekizlilerle yapilan baris görüsmelerinde kardesi Ngola'nin elçisi olarak görülür. Ancak Portekiz anlasmaya uymadi ve Nzinga onlarla savasmak için taci devraldi... Ngola intihar ettiginde ya da Nzinga onu zehirlediginde ya da kralin ölümünden hemen sonra Ngola'nin varisini öldürerek. Afrikali kabilelerden gelen iç ve dis tehditleri bastirmasi için Portekizlilerle kisa bir ittifaktan sonra, 1626'da Portekiz tekrar Ndongo'yu isgal etti. Kaçan Nzinga, kraliçesi Mwongo'nun "yerini alarak" komsu krallik Matamba'nin yönetimini üstlendi ve ikisini birlestirdi.</Text>
    </Row>
  </EnglishText>
</GameData>