﻿<?xml version="1.0" encoding="utf-8"?>
<GameData>
  <EnglishText>
    <!-- Lincoln-->
    <Row Tag="LOC_LEADER_ABRAHAM_LINCOLN_NAME">
      <Text>Abraham Lincoln</Text>
    </Row>
    <Row Tag="LOC_TRAIT_LEADER_LINCOLN_NAME">
      <Text>Özgürlük Bildirgesi</Text>
    </Row>
    <Row Tag="LOC_TRAIT_LEADER_LINCOLN_DESCRIPTION">
      <Text>Endüstriyel Bölgeler +2 [ICON_Amenities] Kolaylik saglar. Sanayi Bölgeleri ve binalarini insa ettikten sonra ücretsiz bir Yakin Dövüs birimi kazanin. Ücretsiz birim olusturuldugunda veya bakimi için kaynak gerektirmez ve +5 [ICON_Strength] Savas Gücü alir.</Text>
    </Row>
    <Row Tag="LOC_TRAIT_LEADER_LINCOLN_EXPANSION_DESCRIPTION">
      <Text>Sanayi Bölgeleri tur basina +3 Sadakat verirken, Tarlalariniz tur basina -2 Sadakat verir. Endüstriyel Bölgeleri ve binalarini insa ettikten sonra ücretsiz bir Yakin Dövüs birimi kazanin. Ücretsiz birim olusturulurken veya bakimi için kaynak gerektirmez ve +5 [ICON_Strength] Savas Gücü alir.</Text>
    </Row>
    <Row Tag="LOC_LOADING_INFO_LEADER_ABRAHAM_LINCOLN">
      <Text>Abraham Lincoln, ülkeniz kendini parçalara ayirirken siz meydan okudunuz. Demiryolu ve buhar, ilerleme ve özgürlük üzerine kurulu yeni, daha genç bir dünyanin gücünü ele geçirin ve esaret zincirlerini kirin. Büyük Kurtarici, bu yeni çekisme ve bölünme zamaninda, halkini bir kez daha birlestirme zamani geldi. Halkini özgürlük ve hürriyete yönlendir ve geçmisin zincirlerini sonsuza dek kir.</Text>
    </Row>
    <!-- Nzinga Mbande-->
    <Row Tag="LOC_LEADER_NZINGA_MBANDE_NAME">
      <Text>Nzinga Mbande</Text>
    </Row>
    <Row Tag="LOC_TRAIT_LEADER_NZINGA_MBANDE_NAME">
      <Text>Ndongo ve Matamba Kraliçesi</Text>
    </Row>
    <Row Tag="LOC_TRAIT_LEADER_NZINGA_MBANDE_DESCRIPTION">
      <Text>Sehirler [ICON_Capital] Baskentinizle ayni kitadaysa ([ICON_Capital] Baskentiniz dahil) +%10, baska bir kitadaysa -%15 Verim alir.</Text>
    </Row>
    <Row Tag="LOC_LOADING_INFO_LEADER_NZINGA_MBANDE">
      <Text>Ndongo kraliçesi Nzinga Mbande ve Imbangala savas lordu Matamba, gücün bahsedilmedigini, her an yeniden yaratilmasi gerektigini çok iyi biliyorsunuz. Topraklarinizi ve halkinizi kendi çikarlari için ele geçirmek isteyenlere karsi dikkatli olun. Sana karsi komplo kuranlara karsilik ver ve senin olani, hakkinla olmasa bile büyük bir vizyonla al.</Text>
    </Row>
    <!-- Saladin Alt-->
    <Row Tag="LOC_LEADER_SALADIN_ORIGINAL_NAME">
      <Text>Selahaddin (Vezir)</Text>
    </Row>
    <Row Tag="LOC_LEADER_SALADIN_ALT_NAME">
      <Text>Selahaddin (Sultan)</Text>
    </Row>
    <Row Tag="LOC_TRAIT_LEADER_SALADIN_ALT_NAME">
      <Text>Muzafferler</Text>
    </Row>
    <Row Tag="LOC_TRAIT_LEADER_SALADIN_ALT_DESCRIPTION">
      <Text>Tüm Savas ve Dini birimlere +%100 Yanasma ve Destek Bonusu.</Text>
    </Row>
  </EnglishText>
</GameData>