﻿<?xml version="1.0" encoding="utf-8"?>
<GameData>
  <EnglishText>
    <!-- ABRAHAM_LINCOLN-->
    <Row Tag="LOC_ABILITY_LINCOLN_MELEE_UNITS_DESCRIPTION">
      <Text>+5 [ICON_Strength] Savas Gücü ve bu birim olusturuldugunda veya sürdürüldügünde kaynak gerektirmez. (Abraham Lincoln)</Text>
    </Row>
    <Row Tag="LOC_AGENDA_PRESERVER_OF_THE_UNION_NAME">
      <Text>Birligin Koruyucusu</Text>
    </Row>
    <Row Tag="LOC_AGENDA_PRESERVER_OF_THE_UNION_DESCRIPTION">
      <Text>Ayni hükümet türüne sahip medeniyetleri tercih eder, farkli hükümetlere sahip medeniyetlerden hoslanmaz ve kendisiyle ayni çagda farkli hükümetlere sahip medeniyetlerden gerçekten hoslanmaz.</Text>
    </Row>
    <!-- Diplo VO -->
    <Row Tag="LOC_DIPLO_FIRST_MEET_LEADER_ABRAHAM_LINCOLN_ANY">
      <Text>Ben Abraham Lincoln, genç ama hayaller üzerine kurulu bir ulusun Baskaniyim.</Text>
    </Row>
    <Row Tag="LOC_DIPLO_DECLARE_WAR_FROM_HUMAN_LEADER_ABRAHAM_LINCOLN_ANY">
      <Text>Sözle kazanamadiginizi silahla da kazanamazsiniz.</Text>
    </Row>
    <Row Tag="LOC_DIPLO_DECLARE_WAR_FROM_AI_LEADER_ABRAHAM_LINCOLN_ANY">
      <Text>Baskalarinin özgürlügünü inkar edenlerin kendileri bunu hak etmez.</Text>
    </Row>
    <Row Tag="LOC_DIPLO_KUDO_EXIT_LEADER_ABRAHAM_LINCOLN_ANY">
      <Text>Ikimiz de adalete boyun egdigimizde anlasmak daha kolay degil mi?</Text>
    </Row>
    <Row Tag="LOC_DIPLO_WARNING_EXIT_LEADER_ABRAHAM_LINCOLN_ANY">
      <Text>Kendi içinde bölünmüs bir Meclis ayakta kalamaz. Özgürlük davasini ilerletme konusunda bizi takip edeceginizi umuyoruz.</Text>
    </Row>
    <Row Tag="LOC_DIPLO_DEFEAT_FROM_AI_LEADER_ABRAHAM_LINCOLN_ANY">
      <Text>Üzerime bir karanlik çöktü. Ama hiçbir karanlik yerini safaga birakmadi.</Text>
    </Row>
    <!-- Diplo Text -->
    <Row Tag="LOC_DIPLO_ACCEPT_DECLARE_FRIEND_FROM_HUMAN_LEADER_ABRAHAM_LINCOLN_ANY">
      <Text>Ya birlesiriz ya da yok oluruz!</Text>
    </Row>
    <Row Tag="LOC_DIPLO_REJECT_DECLARE_FRIEND_FROM_HUMAN_LEADER_ABRAHAM_LINCOLN_ANY">
      <Text>Bana dost olacaginizi söylüyorsunuz ama ruhum olan özgürlüge düsmansiniz.</Text>
    </Row>
    <Row Tag="LOC_DIPLO_DECLARE_FRIEND_FROM_AI_LEADER_ABRAHAM_LINCOLN_ANY">
      <Text>Bölünerek yok olmamak için dostlukta birlesmeliyiz.</Text>
    </Row>
    <Row Tag="LOC_DIPLO_ACCEPT_DECLARE_FRIEND_FROM_AI_LEADER_ABRAHAM_LINCOLN_ANY">
      <Text>Düsmanlarimizi dostumuz yaptigimizda onlari yok etmis olmuyor muyuz?</Text>
    </Row>
    <Row Tag="LOC_DIPLO_REJECT_DECLARE_FRIEND_FROM_AI_LEADER_ABRAHAM_LINCOLN_ANY">
      <Text>Birligimize, zaman içinde onu parçalayacak seyleri dahil edemeyiz.</Text>
    </Row>
    <Row Tag="LOC_DIPLO_ACCEPT_DELEGATION_FROM_HUMAN_LEADER_ABRAHAM_LINCOLN_ANY">
      <Text>Heyetinize buradaki mütevazi evimizi gezdirdik. Belki onlara tiyatroda da eslik edebilirim!</Text>
    </Row>
    <Row Tag="LOC_DIPLO_REJECT_DELEGATION_FROM_HUMAN_LEADER_ABRAHAM_LINCOLN_ANY">
      <Text>Biz yeni bir dünyada, yeni bir ulusuz. Eskinin tuzaklarina ihtiyacimiz yok.</Text>
    </Row>
    <Row Tag="LOC_DIPLO_DELEGATION_FROM_AI_LEADER_ABRAHAM_LINCOLN_ANY">
      <Text>Toplantimiz için tesekkür amaciyla sizlere kizarmis hindi, patates püresi, dolma ve kizilcik sosu gönderdik.</Text>
    </Row>
    <Row Tag="LOC_DIPLO_DENOUNCE_FROM_HUMAN_LEADER_ABRAHAM_LINCOLN_ANY">
      <Text>Gerçek genellikle iftiraya karsi en iyi savunmadir.</Text>
    </Row>
    <Row Tag="LOC_DIPLO_DENOUNCE_FROM_AI_LEADER_ABRAHAM_LINCOLN_ANY">
      <Text>Size ne diyeyim, siz ki ekmeginizi ezdiginiz insanlarin alin terinden çikariyorsunuz? (Sizi kiniyor)</Text>
    </Row>
    <Row Tag="LOC_DIPLO_FIRST_MEET_VISIT_RECIPIENT_LEADER_ABRAHAM_LINCOLN_ANY">
      <Text>Gelin ve burada yarattigimiz cesur yeni bir dünyanin bu yeni vizyonunu paylasin.</Text>
    </Row>
    <Row Tag="LOC_DIPLO_FIRST_MEET_NEAR_INITIATOR_POSITIVE_LEADER_ABRAHAM_LINCOLN_ANY">
      <Text>Mantikli bir fikrin önünde durmayacagim.</Text>
    </Row>
    <Row Tag="LOC_DIPLO_FIRST_MEET_NO_MANS_INFO_EXCHANGE_LEADER_ABRAHAM_LINCOLN_ANY">
      <Text>Amerika'nin kehribar rengi tahil dalgalari boyunca nasil uzandigini görebiliyor musunuz?</Text>
    </Row>
    <Row Tag="LOC_DIPLO_GREETING_LEADER_ABRAHAM_LINCOLN_ANY">
      <Text>Ne olacak? Hizmetinizdeyim.</Text>
    </Row>
    <Row Tag="LOC_DIPLO_MAKE_ALLIANCE_FROM_AI_LEADER_ABRAHAM_LINCOLN_ANY">
      <Text>Özgürlük davasinin ilerleyebilmesi için sizi birlige çagiriyorum!</Text>
    </Row>
    <Row Tag="LOC_DIPLO_MAKE_PEACE_AI_ACCEPT_DEAL_LEADER_ABRAHAM_LINCOLN_ANY">
      <Text>Merhamet kati adaletten daha zengin meyveler verir.</Text>
    </Row>
    <Row Tag="LOC_DIPLO_MAKE_PEACE_AI_REFUSE_DEAL_LEADER_ABRAHAM_LINCOLN_ANY">
      <Text>Bunu kabul etmek, askerlerimizin bos yere öldügünü kabul etmek anlamina gelecektir. Bunu yapamam.</Text>
    </Row>
    <Row Tag="LOC_DIPLO_MAKE_PEACE_FROM_AI_LEADER_ABRAHAM_LINCOLN_ANY">
      <Text>Halkimiz için yeni bir özgürlük dogusuna sahip olmak için silahlarimizi birakirdik, böylece yeryüzünden yok olmayabilirdik.</Text>
    </Row>
    <Row Tag="LOC_DIPLO_ACCEPT_OPEN_BORDERS_FROM_HUMAN_LEADER_ABRAHAM_LINCOLN_ANY">
      <Text>Amerikan topraklarinda hepsi ücretsizdir.</Text>
    </Row>
    <Row Tag="LOC_DIPLO_REJECT_OPEN_BORDERS_FROM_HUMAN_LEADER_ABRAHAM_LINCOLN_ANY">
      <Text>Zehirli yilanin evimize girmesine izin veriyor muyuz? Izin veremeyiz.</Text>
    </Row>
    <Row Tag="LOC_DIPLO_OPEN_BORDERS_FROM_AI_LEADER_ABRAHAM_LINCOLN_ANY">
      <Text>Halkimiz yeni topraklar ve yeni kiyilar görmek için can atiyor. Buna izin verecek misiniz?</Text>
    </Row>
    <Row Tag="LOC_DIPLO_WARNING_TOO_MANY_TROOPS_NEAR_ME_LEADER_ABRAHAM_LINCOLN_ANY">
      <Text>Elçileriniz baris diyor ama birlikleriniz silahlanmis ve yiginak yapiyor. Bundan ne anlam çikarmamizi bekliyorsunuz?</Text>
    </Row>
    <Row Tag="LOC_DIPLO_REJECT_MAKE_DEAL_FROM_AI_LEADER_ABRAHAM_LINCOLN_ANY">
      <Text>Buradaki davanin yalin gerçeklerini incelemeli ve akillica ve dogru olani seçmeliyim. Cevabim hayir.</Text>
    </Row>
    <Row Tag="LOC_DIPLO_ACCEPT_MAKE_DEAL_FROM_AI_LEADER_ABRAHAM_LINCOLN_ANY">
      <Text>Bu hediyeler için tesekkür ederiz - birligimizi daha da güçlendirmek için her zaman dünyanin en iyilerini getirdik.</Text>
    </Row>
    <!-- Nzinga Mbande-->
    <Row Tag="LOC_CITY_NAME_KABASA">
      <Text>Kabasa</Text>
    </Row>
    <Row Tag="LOC_ABILITY_NZINGA_FOREIGN_CONTINENT_DESCRIPTION">
      <Text>[ICON_Strength] Baskenti farkli bir kitada olan uygarliklara karsi Savas Gücü. (Nzinga Mbande)</Text>
    </Row>
    <Row Tag="LOC_AGENDA_DECOLONIZATION_NAME">
      <Text>Dekolonizasyon</Text>
    </Row>
    <Row Tag="LOC_AGENDA_DECOLONIZATION_DESCRIPTION">
      <Text>Sehirlerinin olmadigi kitalardaki uygarliklari sever. Kendi kitasinda bir sehri olan uygarliklari sevmez.</Text>
    </Row>
    <Row Tag="LOC_DIPLO_MODIFIER_DECOLONIZATION_HOME_CONTINENT">
      <Text>Nzinga Mbande ayni kitayi paylastiginiz için üzgün</Text>
    </Row>
    <Row Tag="LOC_DIPLO_MODIFIER_DECOLONIZATION_NEW_CONTINENT">
      <Text>Nzinga Mbande, henüz isgal ettigi bir kitaya yayilmamis olmanizi seviyor</Text>
    </Row>
    <Row Tag="LOC_GREAT_PERSON_INDIVIDUAL_AMINA_NAME">
      <Text>Amina</Text>
    </Row>
    <!-- Diplo VO -->
    <Row Tag="LOC_DIPLO_FIRST_MEET_LEADER_NZINGA_MBANDE_ANY">
      <Text>Ben kraliçe Nzinga. Lütfen, istediginiz yere oturun.</Text>
    </Row>
    <Row Tag="LOC_DIPLO_DECLARE_WAR_FROM_HUMAN_LEADER_NZINGA_MBANDE_ANY">
      <Text>Devam edin, askerlerinizi gönderin! Agaçlarin arasinda eriyecegiz ve taslardan size saldiracagiz.</Text>
    </Row>
    <Row Tag="LOC_DIPLO_DECLARE_WAR_FROM_AI_LEADER_NZINGA_MBANDE_ANY">
      <Text>Topraklarinizi ve bayraklarinizi atese vermeye geliyoruz.</Text>
    </Row>
    <Row Tag="LOC_DIPLO_KUDO_EXIT_LEADER_NZINGA_MBANDE_ANY">
      <Text>Fikir, altin ve mal alisverisinde bulunalim... Sadece toprak degil.</Text>
    </Row>
    <Row Tag="LOC_DIPLO_WARNING_EXIT_LEADER_NZINGA_MBANDE_ANY">
      <Text>Ilahi güç her birimize uygun gördügümüz sekilde yönetebilecegimiz bir toprak bahsetmistir. Kösende kal.</Text>
    </Row>
    <Row Tag="LOC_DIPLO_DEFEAT_FROM_AI_LEADER_NZINGA_MBANDE_ANY">
      <Text>Kiliçlariniz sadece eti keser. Zincirleriniz sadece elleri baglar. Ruhlarimiz bizim olarak kalir.</Text>
    </Row>
    <!-- Diplo Text -->
    <Row Tag="LOC_DIPLO_ACCEPT_DECLARE_FRIEND_FROM_HUMAN_LEADER_NZINGA_MBANDE_ANY">
      <Text>Dostlugun büyüdügü yerde cömertlik vardir.</Text>
    </Row>
    <Row Tag="LOC_DIPLO_REJECT_DECLARE_FRIEND_FROM_HUMAN_LEADER_NZINGA_MBANDE_ANY">
      <Text>Pek çogu dostluk teklif ederek geliyor ama gözlerinde açgözlülügün pariltisini görüyorum.</Text>
    </Row>
    <Row Tag="LOC_DIPLO_DECLARE_FRIEND_FROM_AI_LEADER_NZINGA_MBANDE_ANY">
      <Text>Bir kraliçe düsmanlarina karsi sert olmali, ancak elimizden geldigince dostluklar gelistirmeliyiz.</Text>
    </Row>
    <Row Tag="LOC_DIPLO_ACCEPT_DECLARE_FRIEND_FROM_AI_LEADER_NZINGA_MBANDE_ANY">
      <Text>Evet, gözlerinizde büyücülük olmadigini görebiliyoruz.</Text>
    </Row>
    <Row Tag="LOC_DIPLO_REJECT_DECLARE_FRIEND_FROM_AI_LEADER_NZINGA_MBANDE_ANY">
      <Text>Bu konulari dikkatle degerlendiriyoruz ve risk olusturacak bir seyi kabul edemeyiz.</Text>
    </Row>
    <Row Tag="LOC_DIPLO_ACCEPT_DELEGATION_FROM_HUMAN_LEADER_NZINGA_MBANDE_ANY">
      <Text>Heyetinizle çok sey konustuk ve bence uluslarimizin birbirlerinden ögrenecekleri çok sey var.</Text>
    </Row>
    <Row Tag="LOC_DIPLO_REJECT_DELEGATION_FROM_HUMAN_LEADER_NZINGA_MBANDE_ANY">
      <Text>Yeteneklerinizin her birinin altinda kisisel çikar vardir.</Text>
    </Row>
    <Row Tag="LOC_DIPLO_DELEGATION_FROM_AI_LEADER_NZINGA_MBANDE_ANY">
      <Text>Burada palmiye yagli fasulye, bamya ve kizarmis çekirge var. Bir avuç funge de bombo alin ve sosa batirin!</Text>
    </Row>
    <Row Tag="LOC_DIPLO_DENOUNCE_FROM_HUMAN_LEADER_NZINGA_MBANDE_ANY">
      <Text>Uzlasma yerine düsmanligi seçiyorsunuz. Belli ki kiminle muhatap oldugunuzu bilmiyorsunuz.</Text>
    </Row>
    <Row Tag="LOC_DIPLO_DENOUNCE_FROM_AI_LEADER_NZINGA_MBANDE_ANY">
      <Text>Kötü geleneklerinizi bize getirdiniz ve yaymaya çalisiyorsunuz. Buna izin veremeyiz. (Sizi Kiniyoruz)</Text>
    </Row>
    <Row Tag="LOC_DIPLO_FIRST_MEET_VISIT_RECIPIENT_LEADER_NZINGA_MBANDE_ANY">
      <Text>Bu topraklar zengin ve çesitlidir, harikalari deneyimlenmelidir!</Text>
    </Row>
    <Row Tag="LOC_DIPLO_FIRST_MEET_NEAR_INITIATOR_POSITIVE_LEADER_NZINGA_MBANDE_ANY">
      <Text>Bir anlasmaya vardigimiza sevindim.</Text>
    </Row>
    <Row Tag="LOC_DIPLO_FIRST_MEET_NO_MANS_INFO_EXCHANGE_LEADER_NZINGA_MBANDE_ANY">
      <Text>Size Kongol topraklarinin güzelliginden bahsedeyim mi? Ndongo'nun, Angola'nin?</Text>
    </Row>
    <Row Tag="LOC_DIPLO_GREETING_LEADER_NZINGA_MBANDE_ANY">
      <Text>Sizi kabul etmeye hazirim.</Text>
    </Row>
    <Row Tag="LOC_DIPLO_MAKE_ALLIANCE_FROM_AI_LEADER_NZINGA_MBANDE_ANY">
      <Text>Topraklarimizi birlestirin ki gelismelerine izin verelim!</Text>
    </Row>
    <Row Tag="LOC_DIPLO_MAKE_PEACE_AI_ACCEPT_DEAL_LEADER_NZINGA_MBANDE_ANY">
      <Text>Baris her zaman savasa tercih edilir. Bize birak.</Text>
    </Row>
    <Row Tag="LOC_DIPLO_MAKE_PEACE_AI_REFUSE_DEAL_LEADER_NZINGA_MBANDE_ANY">
      <Text>Baris aradiginizi iddia ediyorsunuz ama gözlerinizin ardinda yeni planlarin sekillendigini görüyorum. Hayir. Hayir.</Text>
    </Row>
    <Row Tag="LOC_DIPLO_MAKE_PEACE_FROM_AI_LEADER_NZINGA_MBANDE_ANY">
      <Text>Imbangala, adamlarinizi avlamak yerine antilop avlamaya geri döndü.</Text>
    </Row>
    <Row Tag="LOC_DIPLO_ACCEPT_OPEN_BORDERS_FROM_HUMAN_LEADER_NZINGA_MBANDE_ANY">
      <Text>Bizim topraklarimizda Handa'dan, Mucawana'dan, Mbundu'dan insanlar var. Neden sizinkiler olmasin?</Text>
    </Row>
    <Row Tag="LOC_DIPLO_REJECT_OPEN_BORDERS_FROM_HUMAN_LEADER_NZINGA_MBANDE_ANY">
      <Text>Huzur ve anlayisla birlikte güven de gelir. Henüz o noktada degiliz.</Text>
    </Row>
    <Row Tag="LOC_DIPLO_OPEN_BORDERS_FROM_AI_LEADER_NZINGA_MBANDE_ANY">
      <Text>Bilge bir lider kimin zarar vermek isteyip istemedigini bilir. Barisçil niyetimizi anlayabiliyor musunuz?</Text>
    </Row>
    <Row Tag="LOC_DIPLO_WARNING_TOO_MANY_TROOPS_NEAR_ME_LEADER_NZINGA_MBANDE_ANY">
      <Text>Lütfen. Savasa yabanci degilim. Nerede planlandigini görebiliyorum. Yanildigimi kanitla.</Text>
    </Row>
    <Row Tag="LOC_DIPLO_REJECT_MAKE_DEAL_FROM_AI_LEADER_NZINGA_MBANDE_ANY">
      <Text>Lütfen, bizi birkaç mücevherle satin alabilecegini mi saniyorsun? Daha iyisini dene.</Text>
    </Row>
    <Row Tag="LOC_DIPLO_ACCEPT_MAKE_DEAL_FROM_AI_LEADER_NZINGA_MBANDE_ANY">
      <Text>Hediyeler, evet, hediyeler uygundur. Kabul ediyorum.</Text>
    </Row>
    <!-- Saladin-->
    <Row Tag="LOC_ABILITY_SALADIN_FLANKING_UNITS_DESCRIPTION">
      <Text>+%100 Yanasma ve Destek Bonusu. (Selahaddin (Sultan))</Text>
    </Row>
    <Row Tag="LOC_AGENDA_SULTAN_NAME">
      <Text>Misir ve Suriye Sultani</Text>
    </Row>
    <Row Tag="LOC_AGENDA_SULTAN_DESCRIPTION">
      <Text>Bir Din kurmus ancak onu sehirlerinden birine getirmemis uygarliklari sever. Ona Dinlerini getiren uygarliklardan hoslanmaz.</Text>
    </Row>
    <Row Tag="LOC_DIPLO_ACCEPT_DECLARE_FRIEND_FROM_HUMAN_LEADER_SALADIN_ALT_ANY">
      <Text>{LOC_DIPLO_ACCEPT_DECLARE_FRIEND_FROM_HUMAN_LEADER_SALADIN_ANY}</Text>
    </Row>
    <Row Tag="LOC_DIPLO_REJECT_DECLARE_FRIEND_FROM_HUMAN_LEADER_SALADIN_ALT_ANY">
      <Text>{LOC_DIPLO_REJECT_DECLARE_FRIEND_FROM_HUMAN_LEADER_SALADIN_ANY}</Text>
    </Row>
    <Row Tag="LOC_DIPLO_DECLARE_FRIEND_FROM_AI_LEADER_SALADIN_ALT_ANY">
      <Text>{LOC_DIPLO_DECLARE_FRIEND_FROM_AI_LEADER_SALADIN_ANY}</Text>
    </Row>
    <Row Tag="LOC_DIPLO_ACCEPT_DECLARE_FRIEND_FROM_AI_LEADER_SALADIN_ALT_ANY">
      <Text>{LOC_DIPLO_ACCEPT_DECLARE_FRIEND_FROM_AI_LEADER_SALADIN_ANY}</Text>
    </Row>
    <Row Tag="LOC_DIPLO_REJECT_DECLARE_FRIEND_FROM_AI_LEADER_SALADIN_ALT_ANY">
      <Text>{LOC_DIPLO_REJECT_DECLARE_FRIEND_FROM_AI_LEADER_SALADIN_ANY}</Text>
    </Row>
    <Row Tag="LOC_DIPLO_DECLARE_WAR_FROM_HUMAN_LEADER_SALADIN_ALT_ANY">
      <Text>{LOC_DIPLO_DECLARE_WAR_FROM_HUMAN_LEADER_SALADIN_ANY}</Text>
    </Row>
    <Row Tag="LOC_DIPLO_DECLARE_WAR_FROM_AI_LEADER_SALADIN_ALT_ANY">
      <Text>{LOC_DIPLO_DECLARE_WAR_FROM_AI_LEADER_SALADIN_ANY}</Text>
    </Row>
    <Row Tag="LOC_DIPLO_DEFEAT_FROM_AI_LEADER_SALADIN_ALT_ANY">
      <Text>{LOC_DIPLO_DEFEAT_FROM_AI_LEADER_SALADIN_ANY}</Text>
    </Row>
    <Row Tag="LOC_DIPLO_ACCEPT_DELEGATION_FROM_HUMAN_LEADER_SALADIN_ALT_ANY">
      <Text>{LOC_DIPLO_ACCEPT_DELEGATION_FROM_HUMAN_LEADER_SALADIN_ANY}</Text>
    </Row>
    <Row Tag="LOC_DIPLO_REJECT_DELEGATION_FROM_HUMAN_LEADER_SALADIN_ALT_ANY">
      <Text>{LOC_DIPLO_REJECT_DELEGATION_FROM_HUMAN_LEADER_SALADIN_ANY}</Text>
    </Row>
    <Row Tag="LOC_DIPLO_DELEGATION_FROM_AI_LEADER_SALADIN_ALT_ANY">
      <Text>{LOC_DIPLO_DELEGATION_FROM_AI_LEADER_SALADIN_ANY}</Text>
    </Row>
    <Row Tag="LOC_DIPLO_DENOUNCE_FROM_HUMAN_LEADER_SALADIN_ALT_ANY">
      <Text>{LOC_DIPLO_DENOUNCE_FROM_HUMAN_LEADER_SALADIN_ANY}</Text>
    </Row>
    <Row Tag="LOC_DIPLO_DENOUNCE_FROM_AI_LEADER_SALADIN_ALT_ANY">
      <Text>{LOC_DIPLO_DENOUNCE_FROM_AI_LEADER_SALADIN_ANY}</Text>
    </Row>
    <Row Tag="LOC_DIPLO_FIRST_MEET_LEADER_SALADIN_ALT_ANY">
      <Text>{LOC_DIPLO_FIRST_MEET_LEADER_SALADIN_ANY}</Text>
    </Row>
    <Row Tag="LOC_DIPLO_FIRST_MEET_VISIT_RECIPIENT_LEADER_SALADIN_ALT_ANY">
      <Text>{LOC_DIPLO_FIRST_MEET_VISIT_RECIPIENT_LEADER_SALADIN_ANY}</Text>
    </Row>
    <Row Tag="LOC_DIPLO_FIRST_MEET_NEAR_INITIATOR_POSITIVE_LEADER_SALADIN_ALT_ANY">
      <Text>{LOC_DIPLO_FIRST_MEET_NEAR_INITIATOR_POSITIVE_LEADER_SALADIN_ANY}</Text>
    </Row>
    <Row Tag="LOC_DIPLO_FIRST_MEET_NO_MANS_INFO_EXCHANGE_LEADER_SALADIN_ALT_ANY">
      <Text>{LOC_DIPLO_FIRST_MEET_NO_MANS_INFO_EXCHANGE_LEADER_SALADIN_ANY}</Text>
    </Row>
    <Row Tag="LOC_DIPLO_GREETING_LEADER_SALADIN_ALT_ANY">
      <Text>{LOC_DIPLO_GREETING_LEADER_SALADIN_ANY}</Text>
    </Row>
    <Row Tag="LOC_DIPLO_MAKE_ALLIANCE_FROM_AI_LEADER_SALADIN_ALT_ANY">
      <Text>{LOC_DIPLO_MAKE_ALLIANCE_FROM_AI_LEADER_SALADIN_ANY}</Text>
    </Row>
    <Row Tag="LOC_DIPLO_ACCEPT_MAKE_DEAL_FROM_AI_LEADER_SALADIN_ALT_ANY">
      <Text>{LOC_DIPLO_ACCEPT_DECLARE_FRIEND_FROM_AI_LEADER_SALADIN_ANY}</Text>
    </Row>
    <Row Tag="LOC_DIPLO_REJECT_MAKE_DEAL_FROM_AI_LEADER_SALADIN_ALT_ANY">
      <Text>{LOC_DIPLO_REJECT_DECLARE_FRIEND_FROM_AI_LEADER_SALADIN_ANY}</Text>
    </Row>
    <Row Tag="LOC_DIPLO_MAKE_PEACE_AI_ACCEPT_DEAL_LEADER_SALADIN_ALT_ANY">
      <Text>{LOC_DIPLO_MAKE_PEACE_AI_ACCEPT_DEAL_LEADER_SALADIN_ANY}</Text>
    </Row>
    <Row Tag="LOC_DIPLO_MAKE_PEACE_AI_REFUSE_DEAL_LEADER_SALADIN_ALT_ANY">
      <Text>{LOC_DIPLO_MAKE_PEACE_AI_REFUSE_DEAL_LEADER_SALADIN_ANY}</Text>
    </Row>
    <Row Tag="LOC_DIPLO_MAKE_PEACE_FROM_AI_LEADER_SALADIN_ALT_ANY">
      <Text>{LOC_DIPLO_MAKE_PEACE_FROM_AI_LEADER_SALADIN_ANY}</Text>
    </Row>
    <Row Tag="LOC_DIPLO_ACCEPT_OPEN_BORDERS_FROM_HUMAN_LEADER_SALADIN_ALT_ANY">
      <Text>{LOC_DIPLO_ACCEPT_OPEN_BORDERS_FROM_HUMAN_LEADER_SALADIN_ANY}</Text>
    </Row>
    <Row Tag="LOC_DIPLO_REJECT_OPEN_BORDERS_FROM_HUMAN_LEADER_SALADIN_ALT_ANY">
      <Text>{LOC_DIPLO_REJECT_OPEN_BORDERS_FROM_HUMAN_LEADER_SALADIN_ANY}</Text>
    </Row>
    <Row Tag="LOC_DIPLO_OPEN_BORDERS_FROM_AI_LEADER_SALADIN_ALT_ANY">
      <Text>{LOC_DIPLO_OPEN_BORDERS_FROM_AI_LEADER_SALADIN_ANY}</Text>
    </Row>
    <Row Tag="LOC_DIPLO_WARNING_TOO_MANY_TROOPS_NEAR_ME_LEADER_SALADIN_ALT_ANY">
      <Text>{LOC_DIPLO_WARNING_TOO_MANY_TROOPS_NEAR_ME_LEADER_SALADIN_ANY}</Text>
    </Row>
    <Row Tag="LOC_DIPLO_WARNING_EXIT_LEADER_SALADIN_ALT_ANY">
      <Text>Kilicim seninle dünyanin kutsal yerleri arasinda duracak. Senin dokunusun onlari kirletmeyecek. (Siz bir Din kurdunuz ve onu Selahaddin'e getirdiniz)</Text>
    </Row>
    <Row Tag="LOC_DIPLO_KUDO_EXIT_LEADER_SALADIN_ALT_ANY">
      <Text>Inanç, güçlünün zayifi korudugu baris demektir. (Bir din kurdunuz ama onu Selahaddin'e getirmediniz).</Text>
    </Row>
    <Row Tag="LOC_DIPLO_MODIFIER_SULTAN_RECEIVED">
      <Text>Selahaddin dinini ona getirdigin için hayal kirikligina ugradi.</Text>
    </Row>
    <Row Tag="LOC_DIPLO_MODIFIER_SULTAN_NOT_RECEIVED">
      <Text>Selahaddin, dininizin onun topraklarinda olmamasindan memnun.</Text>
    </Row>
  </EnglishText>
</GameData>