﻿<?xml version="1.0" encoding="utf-8"?>
<GameData>
  <EnglishText>
    <!-- concepts -->
    <Row Tag="LOC_PEDIA_CONCEPTS_PAGE_ZOMBIE_SIEGE_CHAPTER_CONTENT_TITLE">
      <Text>Zombi Savunması</Text>
    </Row>
    <Row Tag="LOC_PEDIA_CONCEPTS_PAGE_ZOMBIE_SIEGE_CHAPTER_WELCOME_TITLE">
      <Text>Hoş geldiniz</Text>
    </Row>
    <Row Tag="LOC_PEDIA_CONCEPTS_PAGE_ZOMBIE_SIEGE_CHAPTER_WELCOME_PARA_1">
      <Text>Zombi Savunması oyun modu, Medeniyetinize tehlikeli bir tehdit getiriyor: ölü kalmayan ölüler. Zombiler savaşın küllerinden doğabilir ve sizin ve diğerlerinin topraklarını avladıkça ölümcül lanetlerini yayarlar. En azından bir tur daha şehirlerinizi ele geçirmelerini engellemeye çalışın!</Text>
    </Row>
    <Row Tag="LOC_PEDIA_CONCEPTS_PAGE_ZOMBIE_SIEGE_CHAPTER_ZOMBIES_TITLE">
      <Text>Zombiler</Text>
    </Row>
    <Row Tag="LOC_PEDIA_CONCEPTS_PAGE_ZOMBIE_SIEGE_CHAPTER_ZOMBIES_PARA_1">
      <Text>Zombiler, çorak arazilerde dolaşan yakın dövüş birimleridir. İyileştirmelerinizi yağmalayamazlar; sadece bununla ilgilenmezler. Ancak dışarıda dolaşan herhangi bir birim için hemen harekete geçeceklerdir, bu nedenle şehirlerinizden ayrılırken gözünüzü açık tuttuğunuzdan emin olun. Ayrıca şehirlerinize saldırarak yok edilen Nüfusu daha fazla zombiye dönüştürebilirler...</Text>
    </Row>
    <Row Tag="LOC_PEDIA_CONCEPTS_PAGE_ZOMBIE_SIEGE_CHAPTER_ZOMBIES_PARA_2">
      <Text>Bir birim haritada öldüğünde, birkaç tur sonra bir Zombi birimi olarak geri dönme şansı azdır. Ancak, bir birim bir Zombi tarafından yok edilirse, bir sonraki turda kesinlikle yeniden dirilecektir. Yine de zombi tehdidi giderek büyür - dünyanın herhangi bir yerinde öldürülen her Zombi için, kalan ve yeni Zombiler daha da güçlenir. Ölülerle savaşa girdiğinizde neye bulaştığınızı bildiğinizden emin olun!</Text>
    </Row>
    <Row Tag="LOC_PEDIA_CONCEPTS_PAGE_ZOMBIE_SIEGE_CHAPTER_ZOMBIES_PARA_3">
      <Text>Kutsal Mekanlar ve Kampüsler zombi sürüsüne karşı geçici bir çözüm sunar. Bir Kutsal Mekânda Hortlağa Dönüş projesini veya bir Kampüste Karanlık Sinyal projesini kullanmak, şehir sınırlarınız içindeki Zombilerin kontrolünü kısa süreliğine ele geçirmenize olanak tanıyacak, yani sürüyü düşmanlarınıza karşı çevirebileceksiniz. Sadece kontrolünüz sona erdiğinde ya da stratejik olarak sonlandırdığınızda güvenli bir şekilde ulaşamayacağınız bir yerde olduğunuzdan emin olun. Ayrıca Casuslarınız Zombi Salgını eylemiyle ölümcül laneti düşmanlarınıza yayabilir.</Text>
    </Row>
    <Row Tag="LOC_PEDIA_CONCEPTS_PAGE_ZOMBIE_SIEGE_CHAPTER_DEFENSES_TITLE">
      <Text>Savunma</Text>
    </Row>
    <Row Tag="LOC_PEDIA_CONCEPTS_PAGE_ZOMBIE_SIEGE_CHAPTER_DEFENSES_PARA_1">
      <Text>Topraklarınızda sürüye karşı savunmasız değilsiniz. Kutsal Yerler veya Kampüslerdeki Projelere ek olarak, inşaatçılarınız düşmanlarınızı (canlı veya ölü) savuşturmaya yardımcı olmak için Barikatlar veya Tuzaklar oluşturabilir. Bir Barikat, içinden veya bitişiğindeki karelerden geçen herhangi bir düşman birime az miktarda hasar verirken, bir Tuzak doğrudan içinden geçen herhangi bir düşman birime önemli miktarda hasar verir. Daha sonraki çağlar daha güçlü Barikatlar veya Tuzaklar oluşturma yeteneği kazandırabilir.</Text>
    </Row>
    <Row Tag="LOC_PEDIA_CONCEPTS_PAGE_ZOMBIE_SIEGE_CHAPTER_DEFENSES_PARA_2">
      <Text>Bunlar yaşayan ölülere karşı güçlü savunmalar olabilirken, her tür düşmana hasar verdikleri için daha canlı düşmanlarınıza karşı da yararlı olabilirler. Bunları stratejik olarak planlarsanız geceyi atlatabilirsiniz.</Text>
    </Row>
    <!-- improvements -->
    <Row Tag="LOC_PEDIA_IMPROVEMENTS_PAGE_IMPROVEMENT_ANCIENT_TOWER_DEFENSE_CHAPTER_HISTORY_PARA_1">
      <Text>Zombilerin tekinsizliği belirsizliklerinden kaynaklanır. Onlar sadece canlı bir materyal midir, yoksa bir tür canlı varlıklar mıdır? İnsanlara karşı savunmalar, yürüyen cesetler için geçerli olmayan bir dizi şeye dayanır: acı, korkutma, yorgunluk. Dikenli teller hissedemeyen bir şey için hiçbir şey ifade etmez. Ek olarak, zombilerin silahları sınırlıdır: zombiler trebuche inşa etmezler; ok atmazlar. Bu yüzden ölülere karşı savunmalar, yaşamayanları düşünen bir düşman olarak değil, hareket eden bir madde olarak ele alır - sivriltilmiş sopalar öldürmeye değil, hareketsiz bırakmaya çalışır, geri çekilebilir merdivenli kuleler ipe tırmanacak beyni olmayan düşmanlara sığınak sağlar, hendekler köprü inşa edemeyen düşmanları tutar. En azından sayıları çok fazla olana kadar.</Text>
    </Row>
    <Row Tag="LOC_PEDIA_IMPROVEMENTS_PAGE_IMPROVEMENT_MODERN_TOWER_DEFENSE_CHAPTER_HISTORY_PARA_1">
      <Text>Yürüyen ölüler yorulmaz. Bu onların en büyük avantajıdır - tıpkı bir deniz gibi, onları durdurmak için inşa edilen savunmaları sürekli zorlarlar. Sonunda, ahşap ve bambu duvarlar parçalanır ve hatta tarla taşı duvarlar bile yıkılır. Burada modern malzemeler - betonarme, çelik - devreye giriyor. Tıpkı Rönesans dönemi yıldız kalesinin açılı duvarlarıyla top ateşinin etkisini absorbe etmek yerine saptırmak için tasarlanması gibi, modern savunmalar da yürüyen ölüleri durdurmak yerine saptırmayı vurguluyor. Esnek malzemeler bükülür ama kırılmaz, çünkü ölüler onları acımasızca iter. Pürüzsüz yüzeyler kemikli parmakların tutunmasına izin vermez ve savak kapıları hendeklerin ve hendeklerin dışarı atılmasını sağlayarak eski zombi savunma biçimlerinin üstesinden gelebilecek ceset yığını rampalarını önler. Bunların arkasında güvende olmalıyız. Güvende olmalıyız.</Text>
    </Row>
    <Row Tag="LOC_PEDIA_IMPROVEMENTS_PAGE_IMPROVEMENT_ANCIENT_TRAP_DEFENSE_CHAPTER_HISTORY_PARA_1">
      <Text>Duvarlar düşmanları dışarıda tutmaya çalışan bir savunma türü iken, tuzaklar düşmanları ortadan kaldırmaya, yavaşlatmaya veya hareketsiz hale getirmeye çalışır. Ve yürüyen ölüler acımasız olsalar da zeki değillerdir. Bir kuledeki tek bir insan, sulu insan beyniyle, ölüleri - ya da "korumasız" bir düşmanı alt etmek isteyen düşman insanları - halledilebilecekleri yakın bölgelere getirmek için yeterli bir yem görevi görebilir. Ancak ölüleri dağıtmak insan düşmanlarla uğraşmaktan çok daha fazlasını gerektirir. Kovalanamazlar, hatta ağır yaralanamazlar; yok edilmeleri gerekir. Kadim tuzaklar arasında yanan zift, gizli çukurlar ya da okçularla dolu kuleler olabilir. Ta ki oklar tükenene kadar...</Text>
    </Row>
    <Row Tag="LOC_PEDIA_IMPROVEMENTS_PAGE_IMPROVEMENT_MODERN_TRAP_DEFENSE_CHAPTER_HISTORY_PARA_1">
      <Text>Yıllar geçtikçe, ölümsüz tehdit hakkında daha fazla şey öğrendik. Daha önceki tuzaklarda canlı insanlar (gönüllü ya da başka şekilde) yem olarak kullanılıyordu, ancak mühendisler kimyasal ya da hayvansal ikameler geliştirdiler. Buna ek olarak, oyuk uçlu ya da anti-personel mermiler dokuya daha fazla zarar vermekte ve isabet oranını artırmaktadır. Her okçu William Tell değildir, yaylı tüfekle bir elmayı tam isabetle vuramaz ve yivler ve dürbünler giderek daha hassas "öldürmeler" anlamına gelir ve keskin nişancıların bulunduğu sığınaklar ölülere karşı da diğer düşmanlara karşı olduğu kadar işe yarar. Rafine edilmiş petrol ve napalm, zombilerin - ya da insan düşmanların - daha önceki malzemelerin yapamadığı şekilde parçalanmasını sağlar. Buna ek olarak, modern tuzaklar zombilerin zayıflıklarından yararlanır: bir daire içinde durmaksızın yürüyen, köpek yarışı pistinde olduğu gibi mekanik bir pistte bir beyni kovalayan bir zombi sürüsü basit bir çukurdan çok daha etkili olabilir.</Text>
    </Row>
    <!-- units -->
    <Row Tag="LOC_PEDIA_UNITS_PAGE_UNIT_MODE_ZOMBIE_CHAPTER_HISTORY_PARA_1">
      <Text>Zombiler en tanınmış korku mecazlarından biri haline gelmiştir. Ancak yırtıcı, karmakarışık cesetlerin görüntüsü ve özellikle de küresel bir ölümsüzler salgını fikri ancak son yıllarda ortaya çıkan bir şeydir. Birçok Karayip folklor geleneğinde zombi ya da jumbee, Batı Afrika geleneklerinden türeyen kötücül bir ruh için kullanılan genel bir kategoridir. Ancak Haiti'de zombi başka bir şeye dönüştü - köleliğin tüm dehşetini temsil ediyordu. O zamanlar Fransız kolonisi olan Saint-Domingue'deki köleleştirilmiş Afrikalılar için hayat neredeyse dayanılmazdı. Ölüm en azından bir kurtuluş ve Afrika'da sonunda özgür olabilecekleri bir cennete geri dönüş vaat ediyordu. Ancak intihar bu kapıyı kapatacak ve talihsiz ruhun sonsuza dek Karayipler'de, sonsuza dek köleleştirilmiş bir zombi olarak kalmasına neden olacaktı.</Text>
    </Row>
    <Row Tag="LOC_PEDIA_UNITS_PAGE_UNIT_MODE_ZOMBIE_CHAPTER_HISTORY_PARA_2">
      <Text>Haiti Devrimi'nin ardından zombi, kötü niyetli bir büyücünün ya da bazı anlatılara göre bir voudun (vudu) rahibinin hizmetkârı olarak yerel folklora girmiştir. Büyülenmiş ya da yeniden canlandırılmış zombi, efendisi için çalışmaya devam ediyor, böylece özgür olmak ve özgür kalmak için çok mücadele etmiş bir halka köleliğin korkunç bir şekilde geri dönüşünü hatırlatıyordu. Gerçekten de zombi, küresel popüler kültürde ilk kez bu anlamda ortaya çıkmıştır. Amerikan filmleri zombiyi egzotik büyünün bir sembolü olarak, Karayiplerin ya da basitçe "diğer" dinlerin ırkçı tasvirlerinde kullandı. Başka yerlerde zombiler, ister düpedüz köleliğin geri gelmesiyle olsun, ister Güney Afrika gibi bölgelerde kapitalizmin yeni biçimlerinin kafa karıştırıcı ve sömürücü bir şekilde tezahür etmesinin bir metaforu olarak olsun, kişinin emeğinin çalınması korkusu olarak ortaya çıktı.</Text>
    </Row>
    <Row Tag="LOC_PEDIA_UNITS_PAGE_UNIT_MODE_ZOMBIE_CHAPTER_HISTORY_PARA_3">
      <Text>Ancak çoğu insan George Romero'nun "Yaşayan Ölülerin Gecesi" filminde meşhur ettiği ordulara aşina olabilir. Romero burada, gömülmemiş ölülerin hayata dönmesiyle alt üst olan bir dünya sunuyor. Romero'nun hiçbir zaman "zombi" terimini kullanmaması, bunun yerine onları "gulyabani" olarak adlandırması dikkat çekicidir - kendisi de bir Arap yamyam ruhuna gönderme yapmaktadır. Zombiler 20. yüzyılın sonlarında yeni bir metafor haline geldi ve akılsız, ruhsuz tüketiciliğin; nükleer serpinti korkusunun ya da büyük toplumsal kargaşa tehdidinin tezahürleri olarak ortaya çıktı. 21. yüzyılda zombiler, hastalık korkusu ve toplumun çöküşüyle yakından ilişkili hale geldi. Dehşetin odağı, kişinin kendi üzerindeki kontrolünü kaybetme korkusundan, diğer her şey ölmüş gibi göründükten sonra hayatta kalma fantezisine dönüştü. Burada zombiler tamamen yıkıcı bir güçtür - muhtemelen kendi avantajınıza çevirebileceğiniz bir yıkım.</Text>
    </Row>
  </EnglishText>
</GameData>