﻿<?xml version="1.0" encoding="utf-8"?>
<GameData>
  <EnglishText>
    <!-- Named Rivers -->
    <Row Tag="LOC_NAMED_RIVER_MINHO_RIVER_NAME">
      <Text>Minho Nehri</Text>
    </Row>
    <Row Tag="LOC_NAMED_RIVER_MONDEGO_RIVER_NAME">
      <Text>Mondego Nehri</Text>
    </Row>
    <Row Tag="LOC_NAMED_RIVER_ZEZERE_RIVER_NAME">
      <Text>Zêzere Nehri</Text>
    </Row>
    <!-- Named Volcanoes -->
    <Row Tag="LOC_NAMED_VOLCANO_AGUA_DE_PAU_MASSIF_NAME">
      <Text>Água de Pau Masifi</Text>
    </Row>
    <Row Tag="LOC_NAMED_VOLCANO_CAPELINHOS_VOLCANO_NAME">
      <Text>Capelinhos Yanardağı</Text>
    </Row>
    <Row Tag="LOC_NAMED_VOLCANO_FURNAS_VOLCANO_NAME">
      <Text>Furnas Yanardağı</Text>
    </Row>
    <Row Tag="LOC_NAMED_VOLCANO_MOUNT_PICO_NAME">
      <Text>Pico Dağı</Text>
    </Row>
    <Row Tag="LOC_NAMED_VOLCANO_SETE_CIDADES_MASSIF_NAME">
      <Text>Sete Cidades Masifi</Text>
    </Row>
    <!-- Named Mountains -->
    <Row Tag="LOC_NAMED_MOUNTAIN_SERRA_DA_ESTRELA_NAME">
      <Text>Serra da Estrela</Text>
    </Row>
    <Row Tag="LOC_NAMED_MOUNTAIN_SERRA_DE_MONCHIQUE_NAME">
      <Text>Serra de Monchique</Text>
    </Row>
    <!-- Named Deserts -->
    <Row Tag="LOC_NAMED_DESERT_BARREIRO_DA_FANECA_NAME">
      <Text>Barreiro da Faneca</Text>
    </Row>
    <!-- Named Lakes -->
    <Row Tag="LOC_NAMED_LAKE_LAGOA_DO_FOGO_NAME">
      <Text>Lagoa do Fogo</Text>
    </Row>
    <Row Tag="LOC_NAMED_LAKE_LAGOA_DAS_SETE_CIDADES_NAME">
      <Text>Lagoa das Sete Cidades</Text>
    </Row>
    <Row Tag="LOC_NAMED_LAKE_LAGOA_DAS_FURNAS_NAME">
      <Text>Lagoa das Furnas</Text>
    </Row>
    <Row Tag="LOC_NAMED_LAKE_LAGOA_DE_SANTIAGO_NAME">
      <Text>Lagoa de Santiago</Text>
    </Row>
    <Row Tag="LOC_NAMED_LAKE_LAGOAS_DE_BERTIANDOS_NAME">
      <Text>Lagoas de Bertiandos</Text>
    </Row>
    <Row Tag="LOC_NAMED_LAKE_PATEIRA_DE_FERMENTELOS_NAME">
      <Text>Pateira de Fermentelos</Text>
    </Row>
    <Row Tag="LOC_NAMED_LAKE_LAGOA_DA_VELA_NAME">
      <Text>Lagoa da Vela</Text>
    </Row>
    <!-- Named Seas -->
    <Row Tag="LOC_NAMED_SEA_SETUBAL_BAY_NAME">
      <Text>Setúbal Körfezi</Text>
    </Row>
    <Row Tag="LOC_NAMED_SEA_BAY_OF_ANGRA_NAME">
      <Text>Angra Körfezi</Text>
    </Row>
    <Row Tag="LOC_NAMED_SEA_BAY_OF_REFUGO_NAME">
      <Text>Refugo Körfezi</Text>
    </Row>
    <Row Tag="LOC_NAMED_SEA_FUNCHAL_BAY_NAME">
      <Text>Funchal Körfezi</Text>
    </Row>
  </EnglishText>
</GameData>