﻿<?xml version="1.0" encoding="utf-8"?>
<GameData>
  <EnglishText>
    <!-- Joao-->
    <Row Tag="LOC_DIPLO_ACCEPT_DECLARE_FRIEND_FROM_HUMAN_LEADER_JOAO_III_ANY">
      <Text>Yelkenlerinizi ufukta görmek bana neşe verecek.</Text>
    </Row>
    <Row Tag="LOC_DIPLO_REJECT_DECLARE_FRIEND_FROM_HUMAN_LEADER_JOAO_III_ANY">
      <Text>Arkadaşlığınıza hayır demek bana acı veriyor ama demeliyim.</Text>
    </Row>
    <Row Tag="LOC_DIPLO_DECLARE_FRIEND_FROM_AI_LEADER_JOAO_III_ANY">
      <Text>Deniz uçsuz bucaksız ve boş. Arkadaş olabilir miyiz?</Text>
    </Row>
    <Row Tag="LOC_DIPLO_ACCEPT_DECLARE_FRIEND_FROM_AI_LEADER_JOAO_III_ANY">
      <Text>Mükemmel!</Text>
    </Row>
    <Row Tag="LOC_DIPLO_REJECT_DECLARE_FRIEND_FROM_AI_LEADER_JOAO_III_ANY">
      <Text>Beni üzüyorsun.</Text>
    </Row>
    <Row Tag="LOC_DIPLO_DECLARE_WAR_FROM_HUMAN_LEADER_JOAO_III_ANY">
      <Text>Seni bu kadar kıracak ne yaptım? Bu hatayı düzeltmek için artık çok geç. Savaşa gitmek zorunda olmamız ne kadar üzücü.</Text>
    </Row>
    <Row Tag="LOC_DIPLO_DECLARE_WAR_FROM_AI_LEADER_JOAO_III_ANY">
      <Text>Sana karşı savaş ilan ettim. Bunu yapmak istemezdim ama artık seni de etrafımda istemiyorum.</Text>
    </Row>
    <Row Tag="LOC_DIPLO_ACCEPT_DELEGATION_FROM_HUMAN_LEADER_JOAO_III_ANY">
      <Text>Heyetiniz iyi karşılandı. Yeşil şarap içtik ve kederli fadistaların deniz şarkılarını dinledik.</Text>
    </Row>
    <Row Tag="LOC_DIPLO_REJECT_DELEGATION_FROM_HUMAN_LEADER_JOAO_III_ANY">
      <Text>Aşırı doymuş bir pazara hediye gönderiyorsunuz. Hiç istemiyoruz.</Text>
    </Row>
    <Row Tag="LOC_DIPLO_DELEGATION_FROM_AI_LEADER_JOAO_III_ANY">
      <Text>Denizlerin imparatorluğu size Hint Adaları'ndan baharatlar, Çin'den ipekler ve Afrika'dan altınlar getiriyor. Ve evden biraz bacalao.</Text>
    </Row>
    <Row Tag="LOC_DIPLO_DENOUNCE_FROM_HUMAN_LEADER_JOAO_III_ANY">
      <Text>Bana eziyet etmek için şeytan tarafından mı gönderildin? Neden gittiğin her yere nifak tohumları ekiyorsun?</Text>
    </Row>
    <Row Tag="LOC_DIPLO_DENOUNCE_FROM_AI_LEADER_JOAO_III_ANY">
      <Text>Neden dünyanın başına böyle bir bela olmak zorundasınız? Sözleriniz yalan, eylemleriniz saldırgan ve iddialarınız açıkçası aşırı.</Text>
    </Row>
    <Row Tag="LOC_DIPLO_FIRST_MEET_LEADER_JOAO_III_ANY">
      <Text>Tanrı'nın lütfuyla, ben Portekiz Kralı João. Size hoş geldiniz diyorum.</Text>
    </Row>
    <Row Tag="LOC_DIPLO_FIRST_MEET_VISIT_RECIPIENT_LEADER_JOAO_III_ANY">
      <Text>Zeytinyağı ve morina balığı, ızgara sardalya ve castella ziyafetimiz var! Gelip benimle fado dinler misin?</Text>
    </Row>
    <Row Tag="LOC_DIPLO_FIRST_MEET_NEAR_INITIATOR_POSITIVE_LEADER_JOAO_III_ANY">
      <Text>Evet.</Text>
    </Row>
    <Row Tag="LOC_DIPLO_FIRST_MEET_NO_MANS_INFO_EXCHANGE_LEADER_JOAO_III_ANY">
      <Text>Seyahatlerimiz ve evlerimiz hakkında hikayelerimizi paylaşalım.</Text>
    </Row>
    <Row Tag="LOC_DIPLO_GREETING_LEADER_JOAO_III_ANY">
      <Text>Görüyorum ki dönmüşsün.</Text>
    </Row>
    <Row Tag="LOC_DIPLO_KUDO_EXIT_LEADER_JOAO_III_ANY">
      <Text>Ah, evet. İkimiz de denizin tatlı melankolisini biliyoruz.</Text>
    </Row>
    <Row Tag="LOC_DIPLO_WARNING_EXIT_LEADER_JOAO_III_ANY">
      <Text>Kendi kıyılarınızda oturmaya ve ötesine bakmamaya nasıl dayanabilirsiniz?</Text>
    </Row>
    <Row Tag="LOC_DIPLO_MAKE_ALLIANCE_FROM_AI_LEADER_JOAO_III_ANY">
      <Text>Birlikte yelken açalım mı?</Text>
    </Row>
    <Row Tag="LOC_DIPLO_MAKE_PEACE_AI_ACCEPT_DEAL_LEADER_JOAO_III_ANY">
      <Text>Barışı memnuniyetle karşılıyoruz. Daha erken gelememiş olması utanç verici.</Text>
    </Row>
    <Row Tag="LOC_DIPLO_MAKE_PEACE_AI_REFUSE_DEAL_LEADER_JOAO_III_ANY">
      <Text>Savaş üzüntü vericidir. Ancak henüz barışa sahip olamıyoruz.</Text>
    </Row>
    <Row Tag="LOC_DIPLO_MAKE_PEACE_FROM_AI_LEADER_JOAO_III_ANY">
      <Text>Savaş alanlarından pazar yerleri yapalım.</Text>
    </Row>
    <Row Tag="LOC_DIPLO_ACCEPT_OPEN_BORDERS_FROM_HUMAN_LEADER_JOAO_III_ANY">
      <Text>Halkınıza yolculuklarında başarılar dileriz.</Text>
    </Row>
    <Row Tag="LOC_DIPLO_REJECT_OPEN_BORDERS_FROM_HUMAN_LEADER_JOAO_III_ANY">
      <Text>Üzgünüm ama birliklerinizin topraklarımızdan geçmesine tahammül edemeyiz.</Text>
    </Row>
    <Row Tag="LOC_DIPLO_OPEN_BORDERS_FROM_AI_LEADER_JOAO_III_ANY">
      <Text>Senin sularında yüzebilir ve senin yollarında yürüyebilir miyiz?</Text>
    </Row>
    <Row Tag="LOC_DIPLO_WARNING_TOO_MANY_TROOPS_NEAR_ME_LEADER_JOAO_III_ANY">
      <Text>Lütfen, felaketle sonuçlanabilecek bir şey olmadığı sürece birliklerinizi çekin.</Text>
    </Row>
    <Row Tag="LOC_DIPLO_WARNING_TOO_MANY_TROOPS_NEAR_ME_AI_RESPONSE_NEGATIVE_LEADER_JOAO_III_ANY">
      <Text>Üzgünüm ama planlarımız askerlerimizi bulundukları yere yerleştirmeyi gerektiriyor.</Text>
    </Row>
    <Row Tag="LOC_DIPLO_WARNING_TOO_MANY_TROOPS_NEAR_ME_AI_RESPONSE_POSITIVE_LEADER_JOAO_III_ANY">
      <Text>Anlaştık. Kuvvetlerim başka bir yere yelken açacak.</Text>
    </Row>
    <Row Tag="LOC_DIPLO_DEFEAT_FROM_AI_LEADER_JOAO_III_ANY">
      <Text>Bana Portekiz'in fatihi olduğunuz söylendi. Gerçek bu olabilir ama zaferinizi asla tanımayacağım. Defolun!</Text>
    </Row>
    <Row Tag="LOC_DIPLO_REJECT_MAKE_DEAL_FROM_AI_LEADER_JOAO_III_ANY">
      <Text>Bunu kabul edemem.</Text>
    </Row>
    <Row Tag="LOC_DIPLO_ACCEPT_MAKE_DEAL_FROM_AI_LEADER_JOAO_III_ANY">
      <Text>Tamamdır! Bu gibi anlaşmalar ikimizin de gelişmesini sağlayacaktır.</Text>
    </Row>
    <!-- AI Agenda Text -->
    <Row Tag="LOC_AGENDA_JOAO_EXPLORER_NAME">
      <Text>Navigator'ın Mirası</Text>
    </Row>
    <Row Tag="LOC_AGENDA_JOAO_EXPLORER_DESCRIPTION">
      <Text>Dünyayı keşfeden medeniyetleri takdir eder ve sınırlarına yakın kalanlardan hoşlanmaz.</Text>
    </Row>
    <Row Tag="LOC_TOOLTIP_SAMPLE_DIPLOMACY_JOAO_AGENDA_HIGH_EXPLORATION">
      <Text>João dünyayı keşfeden uygarlıkları seviyor</Text>
    </Row>
    <Row Tag="LOC_TOOLTIP_SAMPLE_DIPLOMACY_JOAO_AGENDA_LOW_EXPLORATION">
      <Text>João keşfetmekte başarısız olan uygarlıklardan hoşlanmaz.</Text>
    </Row>
    <Row Tag="LOC_TOOLTIP_SAMPLE_DIPLOMACY_JOAO_AGENDA_JOAO_HIGH_EXPLORATION">
      <Text>João dünyayı keşfeden uygarlıkları seviyor</Text>
    </Row>
    <Row Tag="LOC_TOOLTIP_SAMPLE_DIPLOMACY_JOAO_AGENDA_JOAO_LOW_EXPLORATION">
      <Text>João keşfetmekte başarısız olan uygarlıklardan hoşlanmaz.</Text>
    </Row>
    <Row Tag="LOC_TOOLTIP_KUDO_EXIT_JOAO_III_ANY">
      <Text>Araştırma ve keşif kendi ödülleridir, ancak tebriklerimin bunlara katkıda bulunmasına izin verin.</Text>
    </Row>
    <Row Tag="LOC_TOOLTIP_WARNING_EXIT_JOAO_III_ANY">
      <Text>Kendi topraklarını asla terk etmeyenler, yurt dışına çıkmaya cesaret edenlere yenileceklerdir.</Text>
    </Row>
  </EnglishText>
</GameData>