﻿<?xml version="1.0" encoding="utf-8"?>
<GameData>
  <EnglishText>
    <Row Tag="LOC_CITY_NAME_LISBON_STK">
      <Text>Lizbon</Text>
    </Row>
    <Row Tag="LOC_CITY_NAME_PORTO">
      <Text>Porto</Text>
    </Row>
    <Row Tag="LOC_CITY_NAME_BRAGA">
      <Text>Braga</Text>
    </Row>
    <Row Tag="LOC_CITY_NAME_COIMBRA">
      <Text>Coimbra</Text>
    </Row>
    <Row Tag="LOC_CITY_NAME_VISEU">
      <Text>Viseu</Text>
    </Row>
    <Row Tag="LOC_CITY_NAME_EVORA">
      <Text>Évora</Text>
    </Row>
    <Row Tag="LOC_CITY_NAME_FUNCHAL">
      <Text>Funchal</Text>
    </Row>
    <Row Tag="LOC_CITY_NAME_FARO">
      <Text>Faro</Text>
    </Row>
    <Row Tag="LOC_CITY_NAME_GUARDA">
      <Text>Guarda</Text>
    </Row>
    <Row Tag="LOC_CITY_NAME_BEJA">
      <Text>Beja</Text>
    </Row>
    <Row Tag="LOC_CITY_NAME_PONTA_DELGADA">
      <Text>Ponta Delgada</Text>
    </Row>
    <Row Tag="LOC_CITY_NAME_LEIRIA">
      <Text>Leiria</Text>
    </Row>
    <Row Tag="LOC_CITY_NAME_GUIMARAES">
      <Text>Guimarães</Text>
    </Row>
    <Row Tag="LOC_CITY_NAME_BRAGANCA">
      <Text>Bragança</Text>
    </Row>
    <Row Tag="LOC_CITY_NAME_CIDADE_VELHA">
      <Text>Cidade Velha</Text>
    </Row>
    <Row Tag="LOC_CITY_NAME_TOMAR">
      <Text>Tomar</Text>
    </Row>
    <Row Tag="LOC_CITY_NAME_PORTALEGRE">
      <Text>Portalegre</Text>
    </Row>
    <Row Tag="LOC_CITY_NAME_GOA">
      <Text>Goa</Text>
    </Row>
    <Row Tag="LOC_CITY_NAME_ELVAS">
      <Text>Elvas</Text>
    </Row>
    <Row Tag="LOC_CITY_NAME_SILVES">
      <Text>Silves</Text>
    </Row>
    <Row Tag="LOC_CITY_NAME_TAVIRA">
      <Text>Tavira</Text>
    </Row>
    <Row Tag="LOC_CITY_NAME_SAO_VICENTE">
      <Text>São Vicente</Text>
    </Row>
    <Row Tag="LOC_CITY_NAME_LAMEGO">
      <Text>Lamego</Text>
    </Row>
    <Row Tag="LOC_CITY_NAME_MIRANDA_DO_DOURO">
      <Text>Miranda do Douro</Text>
    </Row>
    <Row Tag="LOC_CITY_NAME_ANGRA">
      <Text>Angra</Text>
    </Row>
    <Row Tag="LOC_CITY_NAME_ALMADA">
      <Text>Almada</Text>
    </Row>
    <Row Tag="LOC_CITY_NAME_ALCOBACA">
      <Text>Alcobaça</Text>
    </Row>
    <Row Tag="LOC_CITY_NAME_DIU">
      <Text>Diu</Text>
    </Row>
    <Row Tag="LOC_CITY_NAME_OURIQUE">
      <Text>Ourique</Text>
    </Row>
    <Row Tag="LOC_CITY_NAME_SINTRA">
      <Text>Sintra</Text>
    </Row>
    <Row Tag="LOC_CITY_NAME_CHAVES">
      <Text>Chaves</Text>
    </Row>
    <Row Tag="LOC_CITY_NAME_LAGOS">
      <Text>Lagos</Text>
    </Row>
    <Row Tag="LOC_CITY_NAME_ALANDROAL">
      <Text>Alandroal</Text>
    </Row>
  </EnglishText>
</GameData>