﻿<?xml version="1.0" encoding="utf-8"?>
<!-- edited with XMLSPY v2004 rel. 2 U (http://www.xmlspy.com) by Ed Beach (Firaxis Games) -->
<GameData>
  <Language_en_US>
    <Row Tag="TXT_KEY_RELIGION_CATHOLICISM">
      <Text>Katoliklik</Text>
    </Row>
    <!-- BELIEF DESCRIPTIONS -->
    <Row Tag="TXT_KEY_BELIEF_CHARITABLE_MISSIONS">
      <Text>Sehir Devletlerine verilen [ICON_GOLD] Altin hediyelerden elde edilen nüfuz artislari 30%. artirildi</Text>
    </Row>
    <Row Tag="TXT_KEY_BELIEF_EVANGELISM">
      <Text>Misyonerlerin Dini Yayma eylemi, diger dinlerden gelen mevcut baskiyi erozyona ugratmaktadir.</Text>
    </Row>
    <Row Tag="TXT_KEY_BELIEF_HEATHEN_CONVERSION">
      <Text>Misyonerler komsu Barbar birimlerini bu uygarliga dönüstürür.</Text>
    </Row>
    <Row Tag="TXT_KEY_BELIEF_JESUIT_EDUCATION">
      <Text>[ICON_PEACE] Inanç ile Üniversiteler, Devlet Okullari ve Arastirma Laboratuvarlari insa edebilir.</Text>
    </Row>
    <Row Tag="TXT_KEY_BELIEF_RELIGIOUS_FERVOR">
      <Text>Sanayi Cagi (ve sonrasi) arazi birimlerini satin almak için [ICON_PEACE] Inancini kullanin.</Text>
    </Row>
    <Row Tag="TXT_KEY_BELIEF_SACRED_SITES">
      <Text>[ICON_PEACE] Inanç ile satin alinan tüm binalarin her biri 2 [ICON_TOURISM] Turizm saglar.</Text>
    </Row>
    <Row Tag="TXT_KEY_BELIEF_TO_GLORY_OF_GOD">
      <Text>Endüstri Cagindan baslayarak herhangi bir [ICON_GREAT_PEOPLE] Büyük Kisi türünü satin almak için [ICON_PEACE] Inanç kullanin.</Text>
    </Row>
    <Row Tag="TXT_KEY_BELIEF_UNDERGROUND_SECT">
      <Text>Casuslariniz isgal ettikleri sehirlere dini baski uyguluyor.</Text>
    </Row>
    <Row Tag="TXT_KEY_BELIEF_UNITY_OF_PROPHETS">
      <Text>Engizisyoncular ve Peygamberler bu dinin varligini yari yariya azaltir (ortadan kaldirmak yerine).</Text>
    </Row>
    <Row Tag="TXT_KEY_BELIEF_TEARS_OF_GODS">
      <Text>Her Mücevher ve Inci kaynagi için +2 [ICON_PEACE] Inanç</Text>
    </Row>
    <Row Tag="TXT_KEY_BELIEF_RELIGIOUS_ART">
      <Text>Hermitage sehirde +8 [ICON_CULTURE] Kültür saglar</Text>
    </Row>
    <Row Tag="TXT_KEY_BELIEF_EARTH_MOTHER">
      <Text>Her Bakir, Demir ve Tuz kaynagi için +1 [ICON_PEACE] Inanç</Text>
    </Row>
    <Row Tag="TXT_KEY_BELIEF_GOD_KING">
      <Text>Saray su getirilere +1 saglar: [ICON_CULTURE] , [ICON_PEACE] , [ICON_GOLD], [ICON_PRODUCTION], [ICON_RESEARCH]</Text>
    </Row>
    <Row Tag="TXT_KEY_BELIEF_SUN_GOD">
      <Text>Her Muz, Narenciye ve Bugday kaynagi için +1 [ICON_FOOD] Gida</Text>
    </Row>
    <!-- BELIEF NAMES -->
    <Row Tag="TXT_KEY_BELIEF_CHARITABLE_MISSIONS_SHORT">
      <Text>Hayirsever Görevler</Text>
    </Row>
    <Row Tag="TXT_KEY_BELIEF_EVANGELISM_SHORT">
      <Text>Evangelizm</Text>
    </Row>
    <Row Tag="TXT_KEY_BELIEF_HEATHEN_CONVERSION_SHORT">
      <Text>Kâfir Dönüsümü</Text>
    </Row>
    <Row Tag="TXT_KEY_BELIEF_JESUIT_EDUCATION_SHORT">
      <Text>Cizvit Egitimi</Text>
    </Row>
    <Row Tag="TXT_KEY_BELIEF_RELIGIOUS_FERVOR_SHORT">
      <Text>Dini Cosku</Text>
    </Row>
    <Row Tag="TXT_KEY_BELIEF_SACRED_SITES_SHORT">
      <Text>Kutsal Mekanlar</Text>
    </Row>
    <Row Tag="TXT_KEY_BELIEF_TO_GLORY_OF_GOD_SHORT">
      <Text>Tanri'nin Yüceligi Için</Text>
    </Row>
    <Row Tag="TXT_KEY_BELIEF_UNDERGROUND_SECT_SHORT">
      <Text>Yeralti Tarikati</Text>
    </Row>
    <Row Tag="TXT_KEY_BELIEF_UNITY_OF_PROPHETS_SHORT">
      <Text>Peygamberlerin Birligi</Text>
    </Row>
    <Row Tag="TXT_KEY_BELIEF_TEARS_OF_GODS_SHORT">
      <Text>Tanrilarin Gözyaslari</Text>
    </Row>
    <Row Tag="TXT_KEY_RELIGION_ORTHODOXY">
      <Text>Dogu Ortodokslugu</Text>
    </Row>
    <Row Tag="TXT_KEY_RELIGION_PROTESTANTISM">
      <Text>Protestanlik</Text>
    </Row>
    <Row Tag="TXT_KEY_BELIEF_EARTH_MOTHER_SHORT">
      <Text>Toprak Ana</Text>
    </Row>
    <Row Tag="TXT_KEY_BELIEF_GOD_KING_SHORT">
      <Text>Tanri-Kral</Text>
    </Row>
    <Row Tag="TXT_KEY_BELIEF_SUN_GOD_SHORT">
      <Text>Günes Tanrisi</Text>
    </Row>
  </Language_en_US>
</GameData>