﻿<?xml version="1.0" encoding="utf-8"?>
<!-- edited with XMLSPY v2004 rel. 2 U (http://www.xmlspy.com) by Ed Beach (Firaxis Games) -->
<GameData>
  <Language_en_US>
    <!-- Entry UI-->
    <Row Tag="TXT_KEY_SCRAMBLE_AFRICA_TITLE">
      <Text>Afrika için Mücadele</Text>
    </Row>
    <Row Tag="TXT_KEY_SCRAMBLE_AFRICA_DESC">
      <Text>1881 yilina gelindiginde Avrupalilar, Kara Kita Afrika disinda dünyanin büyük bir bölümünü kesfetmis ve sahiplenmisti. Bu son kitaya hükmetme yarisinda kim galip gelecek?</Text>
    </Row>
    <Row Tag="TXT_KEY_SCRAMBLE_AFRICA_TURNS_REMAINING">
      <Text>Sola Dönüyor: {1_TurnsRemaining}</Text>
    </Row>
    <!-- Dawn of Man-->
    <Row Tag="TXT_KEY_SCRAMBLE_AFRICA_CIV5_DAWN_TEXT">
      <Text>SENARYO ACIKLAMASI[NEWLINE]Avrupalilar baska yerlerdeki yerli topraklarin çogunu ele geçirmislerdi, ancak karanlik Afrika kitasini ele geçirememislerdi. Macera duygusu, zenginlik arzusu ve bilgiye susamislikla hareket eden kasifler ve yerlesimciler kuzeyden ve batidan Afrika'ya akin ettiler. Orada kayip kralliklarla, egzotik canavarlarla ve sömürgelestirme hayallerine meydan okuyan yerli imparatorluklarla karsilastilar. Bir Avrupali olarak Afrika'nin zenginliklerine sahip çikabilecek misiniz? Yoksa isgalcileri geri püskürtmeye mi çalisacaksiniz?[NEWLINE][NEWLINE]ZAFER KOSULLARI[NEWLINE]100 turdan sonra yüksek skor elde edin. Her bir Doga Harikasini +4 [ICON_HAPPINESS_1] Mutluluk için bulun. Avrupalilar (Belçika, Ingiltere, Fransa, Almanya, Italya, Portekiz) bir Doga Harikasini ilk kesfedenler olurlarsa ve Eserleri kurtarirlarsa VP kazanirlar. [ICON_GOLD] Altin kazanmak Kuzey Afrikalilar (Misir, Fas, Osmanlilar) için VP kazandirir  Alt-Sahralilar (Etiyopya, Boerler, Zulu) [ICON_CULTURE] Kültür için puan kazandirir. Süveys'in kontrolü ve iki sehir arasindaki en uzun demiryolu hatti da VP kazandirir. Toprak iki kat daha degerlidir.[NEWLINE][NEWLINE]ÖZEL KURALLAR[NEWLINE]Afrika'nin içi her oynadiginizda degisir. Sadece Avrupali medeniyetler gemiye binebilir, demiryolu insa edebilir ve tarihi eser arayabilir ve birbirlerine savas ilan edemezler. Ayni sekilde Kuzey Afrika medeniyetleri de birbirlerine savas ilan edemezler.</Text>
    </Row>
    <!-- Turns Remaining UI-->
    <Row Tag="TXT_KEY_SCRAMBLE_AFRICA_BRIEFING_BUTTON">
      <Text>Brifing</Text>
    </Row>
    <!-- Victory-->
    <!-- Civilopedia-->
    <!-- Civilizations-->
    <Row Tag="TXT_KEY_TRAIT_SUPERFAST_RIVERS_SHORT">
      <Text>Nehir Vapurlari</Text>
    </Row>
    <Row Tag="TXT_KEY_TRAIT_SUPERFAST_RIVERS">
      <Text>Nehirler ve onlara bitisik zorlu araziler hareket için açik arazi olarak sayilir. Nehirler kara ticaret yollarinin uzunlugunu yolmus gibi uzatir. +2 [ICON_PRODUCTION] Plantasyonlardan üretim.</Text>
    </Row>
    <Row Tag="TXT_KEY_SCRAMBLE_AFRICA_CIV_BELGIUM_HEADING_1">
      <Text>Tarih</Text>
    </Row>
    <Row Tag="TXT_KEY_SCRAMBLE_AFRICA_CIV_BELGIUM_TEXT_1">
      <Text>Bagimsizligini ancak 1830 yilinda kazanmis olan Belçika, Avrupa'nin Afrika'daki sömürge mücadelesine görece geç katilan bir ülkeydi. Belçika'nin sömürgeleri arasinda Ruanda ve Burundi gibi küçük topraklar bulunsa da, esas olarak Kongo Nehri tarafindan drene edilen genis bir alan olan Belçika Kongosu'ndan olusuyordu. Cogu sömürgenin aksine, Kongo hükümet tarafindan yönetilmiyordu, bunun yerine Belçika Krali Leopold II'nin özel mülküydü. Agustos 1879'dan Haziran 1884'e kadar, Kral Leopold ile nehirde gezinmek üzere sözlesme imzalayan kasif Henry Stanley, bir dizi kabile reisi ile kendi topraklari üzerindeki tüm haklarini Belçika kralina devrettikleri anlasmalar yapti. Leopold, kauçuk hasadi için özel askeri karakollar ve plantasyonlar kurmaya devam etti. 1884 yilinda Alman Sansölyesi Otto von Bismarck baskanliginda toplanan Berlin Konferansi, Leopold'un Kongo üzerindeki sahipligini tanidi. Ancak Leopold'un acimasiz politikalari sonunda uluslararasi tepkilere yol açti  1908'de, yaslanan Leopold'un bölgedeki kisisel yönetiminde reform yapma tekliflerine ragmen, Belçika parlamentosu isteksizce kralin "Kongo Özgür Devleti "ni bir koloni olarak ilhak etti.</Text>
    </Row>
    <Row Tag="TXT_KEY_TRAIT_INDIAN_FAST_WORKERS_SHORT">
      <Text>Rodos Heykeli</Text>
    </Row>
    <Row Tag="TXT_KEY_TRAIT_INDIAN_FAST_WORKERS">
      <Text>Karo iyilestirme insaat orani iki katina çikti.</Text>
    </Row>
    <Row Tag="TXT_KEY_TRAIT_CULTURE_BONUS_SHORT">
      <Text>Üçüncü Cumhuriyet</Text>
    </Row>
    <Row Tag="TXT_KEY_TRAIT_CULTURE_BONUS">
      <Text>Kurulan sehirler ek bölgelerle baslar.</Text>
    </Row>
    <Row Tag="TXT_KEY_TRAIT_GUNBOAT_DIPLOMACY_SHORT">
      <Text>Gunboat Diplomasisi</Text>
    </Row>
    <Row Tag="TXT_KEY_TRAIT_GUNBOAT_DIPLOMACY">
      <Text>Haraç talep edebileceginiz Sehir Devletleri ile her turda 9 ek [ICON_INFLUENCE] Nüfuz kazanin. Sehir Devletleri ayrica davetsiz gelen birimlerinizden rahatsiz olmazlar.</Text>
    </Row>
    <Row Tag="TXT_KEY_TRAIT_NORDIC_GENETICS_SHORT">
      <Text>Mare Nostrum</Text>
    </Row>
    <Row Tag="TXT_KEY_TRAIT_NORDIC_GENETICS">
      <Text>Gemiye alinan birimler +1 [ICON_MOVES] Harekete sahiptir ve denizden karaya geçmek için sadece 1 hareket puani öderler.</Text>
    </Row>
    <Row Tag="TXT_KEY_SCRAMBLE_AFRICA_CIV_ITALY_HEADING_1">
      <Text>Tarih</Text>
    </Row>
    <Row Tag="TXT_KEY_SCRAMBLE_AFRICA_CIV_ITALY_TEXT_1">
      <Text>Italyan Afrika Imparatorlugu, 1861 yilinda modern bir devlet olarak birlesen ulusun "Afrika için mücadeleye" katilmasinin ardindan ortaya çikmistir. O zamana kadar Fransa, Ingiltere, Ispanya, Portekiz ve Hollanda 100 yildir Afrika'da sömürgeler olusturuyordu. Kitanin henüz sahipsiz bölgelerini ele geçirmek isteyen Italya, I. Dünya Savasi patlak verdiginde Eritre, Somali ve Libya'yi ilhak etmisti. Ancak, 1895-1896 savasinda Etiyopya'yi fethetmek için yaptigi ilk girisimde yenilmisti  Etiyopya 1936 yilina kadar Italyan egemenligi altina girmeyecekti. 1915'te Italya, Ingiltere ve Fransa'nin Avrupa'da önemli topraklar ve Almanya'nin yenilgisi üzerine Alman Dogu Afrika mülklerinden oyulmus genis topraklar alacagi anlasmasiyla Batili Müttefiklerin yaninda I. Dünya Savasi'na girdi. Ancak savasi sona erdiren Versailles Antlasmasi'nda Italya'ya Avrupa'da çok az toprak verilirken Afrika'da hiç toprak verilmemesi, Avrupali sömürgeci güçlere karsi yirmi yil süren bir kizginliga yol açti.</Text>
    </Row>
    <Row Tag="TXT_KEY_TRAIT_CITY_CONNECTION_BOOST_SHORT">
      <Text>Muhammed Ali'nin Mirasi</Text>
    </Row>
    <Row Tag="TXT_KEY_TRAIT_CITY_CONNECTION_BOOST">
      <Text>Ticaret Yolu [ICON_GOLD] Kervansaray ve Limanlardan gelen altin bonusu iki katina çikar.</Text>
    </Row>
    <Row Tag="TXT_KEY_SCRAMBLE_AFRICA_CIV_BOERS_HEADING_1">
      <Text>Tarih</Text>
    </Row>
    <Row Tag="TXT_KEY_SCRAMBLE_AFRICA_CIV_BOERS_TEXT_1">
      <Text>"Boer" Afrikaans dilinde "çiftçi" anlamina gelen ve Ümit Burnu'ndaki Hollandali yerlesimcileri ve onlarin soyundan gelenleri ifade etmek için kullanilan bir sözcüktür. Orijinal Trekboerlar, bölge Hollanda Dogu Hint Adalari Sirketi tarafindan kontrol edilirken 1652-1795 yillari arasinda Güney Afrika'da yerlesim kurmak için göç eden Hollandali Kalvinistlerdi. Ingiliz sömürgeciliginden kaçinmak için Cape Kolonisi'ndeki Boerlerin çogu kuzeye dogru göç ederek birkaç Boer cumhuriyeti kurdu. Bagimsiz ülkeleri Transvaal ve Orange Free State'i savunmak için Ingilizlere karsi iki savas verdiler. Ingiliz zaferinden ve 1902'de iki Boer cumhuriyetinin yutulmasindan sonra, Hollandalilarin soyundan gelenlerin çogunun Arjantin, Kenya, Meksika ve güneybati Amerika Birlesik Devletleri'ne göç ettigi bir Boer diasporasi basladi. 1914'te I. Dünya Savasi patlak verdiginde kalan Boerler ayaklandi  isyan zorla bastirildi ve elebaslari vatana ihanetten hapsedildi ya da idam edildi. Böylece Boerlerin son kalintilari da tarihten silinmis oldu.</Text>
    </Row>
    <Row Tag="TXT_KEY_TRAIT_OLD_ZULU_SHORT">
      <Text>Günes Tutulmasi</Text>
    </Row>
    <Row Tag="TXT_KEY_TRAIT_OLD_ZULU">
      <Text>25 Birliginiz daha gelismis Teknoloji gerektiren bir düsman birimiyle savasiyorsa Savas bonusu.</Text>
    </Row>
    <Row Tag="TXT_KEY_TRAIT_BOER_SHORT">
      <Text>Büyük Yolculuk</Text>
    </Row>
    <Row Tag="TXT_KEY_TRAIT_BOER">
      <Text>Her çiftlikten +1 [ICON_CULTURE] Kültür ve +1 [ICON_FOOD] Gida.</Text>
    </Row>
    <!-- Leaders -->
    <Row Tag="TXT_KEY_SCRAMBLE_AFRICA_LEADER_PEDRO_NAME">
      <Text>{TXT_KEY_SCRAMBLE_AFRICA_LEADER_PEDRO}</Text>
    </Row>
    <Row Tag="TXT_KEY_SCRAMBLE_AFRICA_LEADER_PEDRO_FIRSTGREETING_1">
      <Text>Ben Leopold, Belçika Krali... Hosbese ayiracak vaktim yok, sizi buraya getiren nedir?</Text>
    </Row>
    <Row Tag="TXT_KEY_SCRAMBLE_AFRICA_LEADER_PEDRO_FIRSTGREETING_2">
      <Text>Kongo'ya hos geldiniz. Zaman en büyük degerlerimizden biridir  umarim benimkini bosa harcamazsiniz.</Text>
    </Row>
    <Row Tag="TXT_KEY_SCRAMBLE_AFRICA_LEADER_PEDRO_FIRSTGREETING_3">
      <Text>Seni Kongo'ya getiren nedir dostum? Ben Leopold, yapmamiz gereken bir is mi var?</Text>
    </Row>
    <Row Tag="TXT_KEY_SCRAMBLE_AFRICA_LEADER_PEDRO_WINWAR_1">
      <Text>Dikkatli bir rehberlikle Kongo'nun gücü tüm zorluklara ragmen parlar.</Text>
    </Row>
    <Row Tag="TXT_KEY_SCRAMBLE_AFRICA_LEADER_PEDRO_WINWAR_2">
      <Text>Dikkatli bir rehberlikle Kongo'nun gücü tüm zorluklara ragmen parlar.</Text>
    </Row>
    <Row Tag="TXT_KEY_SCRAMBLE_AFRICA_LEADER_PEDRO_SUBTITLE">
      <Text>Belçika ve Kongo Krali</Text>
    </Row>
    <Row Tag="TXT_KEY_SCRAMBLE_AFRICA_LEADER_PEDRO_LIVED">
      <Text>MS 1835 - 1909</Text>
    </Row>
    <Row Tag="TXT_KEY_SCRAMBLE_AFRICA_LEADER_PEDRO_HEADING_1">
      <Text>Tarih</Text>
    </Row>
    <Row Tag="TXT_KEY_SCRAMBLE_AFRICA_LEADER_PEDRO_TEXT_1">
      <Text>Bir koloniye sahsen sahip olan tek Avrupali hükümdar olan Leopold II (1865-1909 arasi hüküm sürdü), genis Kongo Havzasi'ni çesitli kabile reisleriyle yaptigi anlasmalarla ele geçirdi ve topraklarini kisisel kontrolüne devretti. Sonunda, yönetimi o kadar acimasiz oldu ki, uluslararasi kamuoyu Belçika hükümetini Kongo'nun yönetimini bir koloni olarak üstlenmeye zorladi.</Text>
    </Row>
    <Row Tag="TXT_KEY_SCRAMBLE_AFRICA_LEADER_ELIZABETH_NAME">
      <Text>{TXT_KEY_SCRAMBLE_AFRICA_LEADER_ELIZABETH}</Text>
    </Row>
    <Row Tag="TXT_KEY_SCRAMBLE_AFRICA_LEADER_ELIZABETH_FIRSTGREETING_3">
      <Text>Selamlar! Ben Victoria, Birlesik Krallik Kraliçesi. Sizi huzuruma getiren nedir?</Text>
    </Row>
    <Row Tag="TXT_KEY_SCRAMBLE_AFRICA_LEADER_ELIZABETH_FIRSTGREETING_4">
      <Text>Birlesik Krallik'a hos geldiniz.</Text>
    </Row>
    <Row Tag="TXT_KEY_SCRAMBLE_AFRICA_LEADER_ELIZABETH_SUBTITLE">
      <Text>Birlesik Krallik Kraliçesi</Text>
    </Row>
    <Row Tag="TXT_KEY_SCRAMBLE_AFRICA_LEADER_ELIZABETH_LIVED">
      <Text>MS 1819 - 1901</Text>
    </Row>
    <Row Tag="TXT_KEY_SCRAMBLE_AFRICA_LEADER_ELIZABETH_HEADING_1">
      <Text>Tarih</Text>
    </Row>
    <Row Tag="TXT_KEY_SCRAMBLE_AFRICA_LEADER_ELIZABETH_TEXT_1">
      <Text>Kraliçe Victoria'nin uzun saltanati (1837-1901), hem askeri felaketler hem de kesin zaferlerle damgalanan Imparatorlugun Afrika'daki varliklarinin genislemesi ve saglamlastirilmasiyla karakterize edildi. Afrika'daki Ingiliz politikasina, Kahire'den Cape Town'a kadar uzanan bitisik bir sömürge ve müsteri devletler hatti kurma kaygisi hakimdi ve bu hedefe I. Dünya Savasi'nin sonunda Alman Dogu Afrika topraklarini ele geçirdiginde nihayet ulasmisti.</Text>
    </Row>
    <Row Tag="TXT_KEY_SCRAMBLE_AFRICA_LEADER_NAPOLEON_NAME">
      <Text>{TXT_KEY_SCRAMBLE_AFRICA_LEADER_NAPOLEON}</Text>
    </Row>
    <Row Tag="TXT_KEY_SCRAMBLE_AFRICA_LEADER_NAPOLEON_FIRSTGREETING_1">
      <Text>Hos geldiniz. Ben Fransa'dan Jules Grevy, zebralarin asigiyim.</Text>
    </Row>
    <Row Tag="TXT_KEY_SCRAMBLE_AFRICA_LEADER_NAPOLEON_FIRSTGREETING_2">
      <Text>Hos geldin, Yabanci! Ben Jules Grevy, Fransa Cumhurbaskani! Dostlarima sadik, düsmanlarima ölümüm. Sen hangisi olacaksin?</Text>
    </Row>
    <Row Tag="TXT_KEY_SCRAMBLE_AFRICA_LEADER_NAPOLEON_FIRSTGREETING_3">
      <Text>Ah. Sonunda tanistik. Ben Jules Grevy, Fransa Cumhurbaskani. Gelin: Afrika'nin iki büyük ulusumuz arasindaki paylasimini tartisalim.</Text>
    </Row>
    <Row Tag="TXT_KEY_SCRAMBLE_AFRICA_LEADER_NAPOLEON_FIRSTGREETING_4">
      <Text>Selamlar. Ben Fransa'dan Jules Grevy. Bos konusmalara ayiracak vaktim yok  sizi buraya getiren nedir?</Text>
    </Row>
    <Row Tag="TXT_KEY_SCRAMBLE_AFRICA_LEADER_NAPOLEON_SUBTITLE">
      <Text>Fransa Cumhurbaskani</Text>
    </Row>
    <Row Tag="TXT_KEY_SCRAMBLE_AFRICA_LEADER_NAPOLEON_LIVED">
      <Text>1807 - 1891 MS</Text>
    </Row>
    <Row Tag="TXT_KEY_SCRAMBLE_AFRICA_LEADER_NAPOLEON_HEADING_1">
      <Text>Tarih</Text>
    </Row>
    <Row Tag="TXT_KEY_SCRAMBLE_AFRICA_LEADER_NAPOLEON_TEXT_1">
      <Text>Üçüncü Cumhuriyet'in (1879-1887) Cumhurbaskani Jules Grevy, 1881'de Tunus'un alinmasiyla baslayan Fransa'nin Afrika'daki genislemesini tasarlayan siddetli bir milliyetçiydi. Bir aile skandalinin ardindan istifa etmek zorunda kalmadan önce Grevy, Fransa'nin misyon civilisatrice politikasini, yani Afrika'nin "cahil" yerli halklarina medeniyet götürmenin Avrupa'nin kaderi oldugu ilkesini olusturdu.</Text>
    </Row>
    <Row Tag="TXT_KEY_SCRAMBLE_AFRICA_LEADER_BISMARCK_NAME">
      <Text>{TXT_KEY_SCRAMBLE_AFRICA_LEADER_BISMARCK}</Text>
    </Row>
    <Row Tag="TXT_KEY_SCRAMBLE_AFRICA_LEADER_BISMARCK_SUBTITLE">
      <Text>Alman Imparatorlugu Sansölyesi</Text>
    </Row>
    <Row Tag="TXT_KEY_SCRAMBLE_AFRICA_LEADER_BISMARCK_LIVED">
      <Text>MS 1815 - 1898</Text>
    </Row>
    <Row Tag="TXT_KEY_SCRAMBLE_AFRICA_LEADER_BISMARCK_HEADING_1">
      <Text>Tarih</Text>
    </Row>
    <Row Tag="TXT_KEY_SCRAMBLE_AFRICA_LEADER_BISMARCK_TEXT_1">
      <Text>Alman Sansölyesi Bismarck (görev süresi 1871-1890) Almanya'nin Afrika'ya olan ilgisini oyalanma olarak görse de, 1884'te çesitli sömürge iddialarini resmen çözmek için düzenledigi Berlin Konferansi araciligiyla Afrika için verilen mücadeleye yogun bir ilgi duydu ve yakindan dahil oldu. Bismarck'in arabuluculugundaki Berlin Konferansi, çesitli sinir anlasmazliklarini çözmenin yani sira Kongo'nun Leopold II'nin özel mülkü oldugunu, imzaci 14 ülkenin Kongo boyunca serbest ticaret yapabilecegini, Nijer ve Kongo nehirlerinin tüm trafige açik oldugunu, Islam topraklarinda köleligin kaldirilacagini belirledi ve bir sömürge iddiasi olusturmak için uluslararasi prosedürleri resmilestirdi.</Text>
    </Row>
    <Row Tag="TXT_KEY_SCRAMBLE_AFRICA_LEADER_AUGUSTUS_NAME">
      <Text>{TXT_KEY_SCRAMBLE_AFRICA_LEADER_AUGUSTUS}</Text>
    </Row>
    <Row Tag="TXT_KEY_SCRAMBLE_AFRICA_LEADER_AUGUSTUS_DECLAREWAR_1">
      <Text>Gök gürültüsü adina, güçlü Italya'ya yaptiginiz hakaretlerin bedelini ödeyeceksiniz. Ölmeye hazirlanin!</Text>
    </Row>
    <Row Tag="TXT_KEY_SCRAMBLE_AFRICA_LEADER_AUGUSTUS_DECLAREWAR_3">
      <Text>Italya'nin sani için, yemin ederim ki günleriniz sayili. Savasa hazirlanin.</Text>
    </Row>
    <Row Tag="TXT_KEY_SCRAMBLE_AFRICA_LEADER_AUGUSTUS_FIRSTGREETING_1">
      <Text>Selamlar. Ben Giuseppe Garibaldi, Italya'nin babasiyim. Eger Italya'nin dostuysaniz, hos geldiniz.</Text>
    </Row>
    <Row Tag="TXT_KEY_SCRAMBLE_AFRICA_LEADER_AUGUSTUS_FIRSTGREETING_2">
      <Text>Hos geldiniz. Italya müttefiklerine karsi dürüst, düsmanlarina karsi ölümdür. Siz hangisisiniz?</Text>
    </Row>
    <Row Tag="TXT_KEY_SCRAMBLE_AFRICA_LEADER_AUGUSTUS_FIRSTGREETING_3">
      <Text>Hos geldiniz! Italya varliginizla onur duymaktadir.</Text>
    </Row>
    <Row Tag="TXT_KEY_SCRAMBLE_AFRICA_LEADER_AUGUSTUS_TRADE_NEEDMORE_HAPPY_1">
      <Text>Kilise kadar tutumlusunuz. Daha iyisini yapamaz misiniz?</Text>
    </Row>
    <Row Tag="TXT_KEY_SCRAMBLE_AFRICA_LEADER_AUGUSTUS_WINWAR_1">
      <Text>Italya'nin ihtisami Roma'ninkine geri döndü!</Text>
    </Row>
    <Row Tag="TXT_KEY_SCRAMBLE_AFRICA_LEADER_AUGUSTUS_SUBTITLE">
      <Text>General, Italya'nin Politikacisi</Text>
    </Row>
    <Row Tag="TXT_KEY_SCRAMBLE_AFRICA_LEADER_AUGUSTUS_LIVED">
      <Text>1807 - 1882 MS</Text>
    </Row>
    <Row Tag="TXT_KEY_SCRAMBLE_AFRICA_LEADER_AUGUSTUS_HEADING_1">
      <Text>Tarih</Text>
    </Row>
    <Row Tag="TXT_KEY_SCRAMBLE_AFRICA_LEADER_AUGUSTUS_TEXT_1">
      <Text>Italya'nin birlesmesinin mimarlarindan biri olan Garibaldi (1807-1882 yillari arasinda yasamistir) bir general, siyasetçi devlet adami ve atesli bir milliyetçiydi. Bir milliyetçi olarak Garibaldi, mare nostrum'un yeniden dogusunu açikça desteklemis ve son yillarinda adini ve prestijini, Italya'nin 1881'de Fransa ve Ingiltere tarafindan engellenen Tunus'u ele geçirmeye yönelik basarisiz ilk çabasiyla baslayan Afrika mücadelesine Italyan katilimi için kiskirtan çesitli siyasi hareketlere vermistir.</Text>
    </Row>
    <Row Tag="TXT_KEY_SCRAMBLE_AFRICA_LEADER_MARIA_I_NAME">
      <Text>{TXT_KEY_SCRAMBLE_AFRICA_LEADER_MARIA_I}</Text>
    </Row>
    <Row Tag="TXT_KEY_SCRAMBLE_AFRICA_LEADER_MARIA_I_SUBTITLE">
      <Text>Portekiz Kraliçe Esi</Text>
    </Row>
    <Row Tag="TXT_KEY_SCRAMBLE_AFRICA_LEADER_MARIA_I_LIVED">
      <Text>MS 1847 - 1911</Text>
    </Row>
    <Row Tag="TXT_KEY_SCRAMBLE_AFRICA_LEADER_MARIA_I_HEADING_1">
      <Text>Tarih</Text>
    </Row>
    <Row Tag="TXT_KEY_SCRAMBLE_AFRICA_LEADER_MARIA_I_TEXT_1">
      <Text>Savoylu Maria Pia, Portekiz Krali I. Luis'in esiydi (1862-1889) ve hem savurganligi hem de hayirsever çabalariyla taniniyordu. "Hayir melegi" ve "yoksullarin annesi" olarak anilan Pia, Portekiz'in Afrika kolonilerinde, özellikle de Mozambik ve Angola'da bir dizi sosyal refah reformu ve projesine sponsor olmus, ücretsiz okullar ve tibbi klinikler finanse etmistir.</Text>
    </Row>
    <Row Tag="TXT_KEY_SCRAMBLE_AFRICA_LEADER_RAMESSES_NAME">
      <Text>{TXT_KEY_SCRAMBLE_AFRICA_LEADER_RAMESSES}</Text>
    </Row>
    <Row Tag="TXT_KEY_SCRAMBLE_AFRICA_LEADER_RAMESSES_FIRSTGREETING_1">
      <Text>Selamlar. Ben Ismail Pasa, güçlü Misir ve Sudan'in hükümdariyim. Bana yaklasarak büyük cesaret gösterdiniz.</Text>
    </Row>
    <Row Tag="TXT_KEY_SCRAMBLE_AFRICA_LEADER_RAMESSES_FIRSTGREETING_2">
      <Text>Hos geldiniz. Ben Misir ve Sudan'in Ismail Pasa'siyim. Allah gelisinizi önceden haber verdi.</Text>
    </Row>
    <Row Tag="TXT_KEY_SCRAMBLE_AFRICA_LEADER_RAMESSES_FIRSTGREETING_3">
      <Text>Selamlar. Ben Ismail Pasa, Akdeniz'i Kizildeniz'e baglayan Süveys Kanali'nin kontrolörüyüm.</Text>
    </Row>
    <Row Tag="TXT_KEY_SCRAMBLE_AFRICA_LEADER_RAMESSES_SUBTITLE">
      <Text>Misir ve Sudan Hidivi</Text>
    </Row>
    <Row Tag="TXT_KEY_SCRAMBLE_AFRICA_LEADER_RAMESSES_LIVED">
      <Text>MS 1830 - 1895</Text>
    </Row>
    <Row Tag="TXT_KEY_SCRAMBLE_AFRICA_LEADER_RAMESSES_HEADING_1">
      <Text>Tarih</Text>
    </Row>
    <Row Tag="TXT_KEY_SCRAMBLE_AFRICA_LEADER_RAMESSES_TEXT_1">
      <Text>Muhtesem Ismail olarak bilinen Ismail Pasa, 1867 yilinda Osmanli Babiali'sinin haraç artisi karsiliginda yönetimini taniyan bir ferman vermesiyle Misir ve Sudan Hidivi oldu. Yaptigi reformlara ve kentlesme programlarina ragmen, Etiyopya ile giristigi pahali bir savas (1875-1884) ülkesinin yeni açilan Süveys Kanali'ndaki hisselerinin satilmasiyla sonuçlandi ve Ismail Pasa, Ingiliz hükümetinin Misir'in maliyesine yönelik sorusturmasinin ardindan 1895'te iktidardan düsürülerek anayasal bir monarsi lehine tahttan çekilmek zorunda kaldi.</Text>
    </Row>
    <Row Tag="TXT_KEY_SCRAMBLE_AFRICA_LEADER_AHMAD_ALMANSUR_NAME">
      <Text>{TXT_KEY_SCRAMBLE_AFRICA_LEADER_AHMAD_ALMANSUR}</Text>
    </Row>
    <Row Tag="TXT_KEY_SCRAMBLE_AFRICA_LEADER_AHMAD_ALMANSUR_FIRSTGREETING_1">
      <Text>Fas'tan selamlar... Ben Hassan I. Size nasil yardimci olabilirim?</Text>
    </Row>
    <Row Tag="TXT_KEY_SCRAMBLE_AFRICA_LEADER_AHMAD_ALMANSUR_FIRSTGREETING_2">
      <Text>Ben Fas Sultani I. Ahmed Hassan, halkim adina size hos geldiniz diyorum.</Text>
    </Row>
    <Row Tag="TXT_KEY_SCRAMBLE_AFRICA_LEADER_AHMAD_ALMANSUR_SUBTITLE">
      <Text>Fas Sultani</Text>
    </Row>
    <Row Tag="TXT_KEY_SCRAMBLE_AFRICA_LEADER_AHMAD_ALMANSUR_LIVED">
      <Text>MS 1873 - 1894</Text>
    </Row>
    <Row Tag="TXT_KEY_SCRAMBLE_AFRICA_LEADER_AHMAD_ALMANSUR_HEADING_1">
      <Text>Tarih</Text>
    </Row>
    <Row Tag="TXT_KEY_SCRAMBLE_AFRICA_LEADER_AHMAD_ALMANSUR_TEXT_1">
      <Text>Alaouite hanedaninin en basarili sultanlarindan biri olan Mulay Hassan I (1873-1894 arasi hüküm sürdü), Kuzey Afrika'nin büyük bir kisminin Avrupa kontrolü altina girdigi bir dönemde Fas'i güçlendirmek için kapsamli askeri ve idari reformlar baslatti. Her ne kadar hem Fransa hem de Ispanya anklavlar kurup ayricalikli statü talep etseler de Hasan, Fas'in stratejik konumunu Avrupali güçleri birbirine düsürmek için kullanmakta usta oldugunu kanitladi ve ölümünden sonrasina kadar ülkesinin bagimsizligini garanti altina aldi.</Text>
    </Row>
    <Row Tag="TXT_KEY_SCRAMBLE_AFRICA_LEADER_SULEIMAN_NAME">
      <Text>{TXT_KEY_SCRAMBLE_AFRICA_LEADER_SULEIMAN}</Text>
    </Row>
    <Row Tag="TXT_KEY_SCRAMBLE_AFRICA_LEADER_SULEIMAN_FIRSTGREETING_1">
      <Text>Testerem ve kerestem adina, sizinle tanistigima memnun oldum! Ben 2. Abdülhamid, kudretli Osmanlilarin lideriyim!</Text>
    </Row>
    <Row Tag="TXT_KEY_SCRAMBLE_AFRICA_LEADER_SULEIMAN_FIRSTGREETING_2">
      <Text>Osmanli milleti seni selamliyor, Yabanci! Ben 2. Abdülhamid'im!</Text>
    </Row>
    <Row Tag="TXT_KEY_SCRAMBLE_AFRICA_LEADER_SULEIMAN_FIRSTGREETING_3">
      <Text>Selamlar, Yabanci! Ben Abdülhamid II, Osmanlilarin lideriyim! Bu büyük olayi kutlamak için ziyafet verelim!</Text>
    </Row>
    <Row Tag="TXT_KEY_SCRAMBLE_AFRICA_LEADER_SULEIMAN_SUBTITLE">
      <Text>Osmanli Imparatorlugu Sultani</Text>
    </Row>
    <Row Tag="TXT_KEY_SCRAMBLE_AFRICA_LEADER_SULEIMAN_LIVED">
      <Text>MS 1842 - 1918</Text>
    </Row>
    <Row Tag="TXT_KEY_SCRAMBLE_AFRICA_LEADER_SULEIMAN_HEADING_1">
      <Text>Tarih</Text>
    </Row>
    <Row Tag="TXT_KEY_SCRAMBLE_AFRICA_LEADER_SULEIMAN_TEXT_1">
      <Text>Abdülhamid (1876-1909 arasi hüküm sürdü), Sadiklarin Halifesi, Osmanli Imparatorlugu'nun 34. padisahi, imparatorlugun Afrika topraklari üzerinde etkili kontrol uygulayan son padisahti. 1878'deki Rus zaferinin ardindan Berlin Kongresi, Abdülhamid'i Kibris'i Büyük Britanya'ya "kiralamaya" ve Ingiliz kuvvetlerinin 1882'de Misir ve Sudan'i isgal etmesine izin vererek bu çekismeli Osmanli vilayetlerine "düzen getirmeye" zorladi.</Text>
    </Row>
    <Row Tag="TXT_KEY_SCRAMBLE_AFRICA_LEADER_WASHINGTON_NAME">
      <Text>{TXT_KEY_SCRAMBLE_AFRICA_LEADER_WASHINGTON}</Text>
    </Row>
    <Row Tag="TXT_KEY_SCRAMBLE_AFRICA_LEADER_WASHINGTON_DECLAREWAR_2">
      <Text>Boer halki konustu. Ahlaksiz saldirganliginiz bize baska seçenek birakmiyor: savasa hazirlanin!</Text>
    </Row>
    <Row Tag="TXT_KEY_SCRAMBLE_AFRICA_LEADER_WASHINGTON_DEFEATED_3">
      <Text>Bizi yendiniz - simdilik. Ama Boer Cumhuriyetleri geri dönecek!</Text>
    </Row>
    <Row Tag="TXT_KEY_SCRAMBLE_AFRICA_LEADER_WASHINGTON_FIRSTGREETING_1">
      <Text>Boer Cumhuriyetleri halki size hos geldiniz diyor. Özgürlügün dostu oldugunuza inaniyorum.</Text>
    </Row>
    <Row Tag="TXT_KEY_SCRAMBLE_AFRICA_LEADER_WASHINGTON_FIRSTGREETING_2">
      <Text>Boer Cumhuriyetleri vatandaslari adina size hos geldiniz diyorum.</Text>
    </Row>
    <Row Tag="TXT_KEY_SCRAMBLE_AFRICA_LEADER_WASHINGTON_FIRSTGREETING_3">
      <Text>Boer Cumhuriyetlerine hos geldiniz!</Text>
    </Row>
    <Row Tag="TXT_KEY_SCRAMBLE_AFRICA_LEADER_WASHINGTON_TRADE_NEEDMORE_NEUTRAL_1">
      <Text>Su anda yapilandirildigi sekliyle ticaretin Boer Cumhuriyetlerinin çikarina olacagini düsünmüyorum. Teklifinizi gelistirmek ister misiniz?</Text>
    </Row>
    <Row Tag="TXT_KEY_SCRAMBLE_AFRICA_LEADER_WASHINGTON_TRADE_YES_NEUTRAL">
      <Text>Teklifiniz Boer Cumhuriyetleri için kabul edilebilir.</Text>
    </Row>
    <Row Tag="TXT_KEY_SCRAMBLE_AFRICA_LEADER_WASHINGTON_TRADEREQUEST_HAPPY">
      <Text>Selamlar. Boer Cumhuriyetleri bir ticarette ilginizi çekebilir mi?</Text>
    </Row>
    <Row Tag="TXT_KEY_SCRAMBLE_AFRICA_LEADER_WASHINGTON_OPEN_BORDERS_EXCHANGE_1">
      <Text>Iki ülke arasindaki sinirlarin açilmasi dostlugumuzun daha da pekismesine yardimci olacaktir.</Text>
    </Row>
    <Row Tag="TXT_KEY_SCRAMBLE_AFRICA_LEADER_WASHINGTON_TRIBUTE_NO_HAPPY">
      <Text>Hazinemizi dostlarima bile bu kadar kibarca veremem. Ben zorba degilim: Boer Cumhuriyetleri halkina hesap vermek zorundayim.</Text>
    </Row>
    <Row Tag="TXT_KEY_SCRAMBLE_AFRICA_LEADER_WASHINGTON_WINWAR_1">
      <Text>Boer Cumhuriyetleri'nin hafife alinmamasi gerektigini ögrendiginize inaniyorum!</Text>
    </Row>
    <Row Tag="TXT_KEY_SCRAMBLE_AFRICA_LEADER_WASHINGTON_SUBTITLE">
      <Text>Güney Afrika Cumhuriyeti Cumhurbaskani</Text>
    </Row>
    <Row Tag="TXT_KEY_SCRAMBLE_AFRICA_LEADER_WASHINGTON_LIVED">
      <Text>MS 1825 - 1904</Text>
    </Row>
    <Row Tag="TXT_KEY_SCRAMBLE_AFRICA_LEADER_WASHINGTON_HEADING_1">
      <Text>Tarih</Text>
    </Row>
    <Row Tag="TXT_KEY_SCRAMBLE_AFRICA_LEADER_WASHINGTON_TEXT_1">
      <Text>Sevgiyle "Oom Paul" olarak bilinen Stephanus Paulus Kruger, Transvaal Cumhuriyeti'nin devlet baskaniydi (1883-1900) ve Güney Afrika'da Ingiliz emperyalizmine karsi Boer direnisinin lideri olarak uluslararasi ün kazandi. Yetenekli bir askeri komutan olan Kruger, 1881'de sona eren Birinci Anglo-Boer Savasi'ni sona erdiren görüsmelerde oldugu gibi müzakerelerde de ayni derecede becerikliydi. Ikinci Boer Savasi sirasinda Ingiliz kuvvetleri baskente yaklasirken dördüncü kez devlet baskani olarak görev yapan Kruger, bir daha Afrika'ya dönmemek üzere sürgüne kaçti.</Text>
    </Row>
    <Row Tag="TXT_KEY_SCRAMBLE_AFRICA_LEADER_SELASSIE_NAME">
      <Text>{TXT_KEY_SCRAMBLE_AFRICA_LEADER_SELASSIE}</Text>
    </Row>
    <Row Tag="TXT_KEY_SCRAMBLE_AFRICA_LEADER_SELASSIE_FIRSTGREETING_1">
      <Text>Güzel ulusumuza binlerce hos geldiniz. Ben Menelik II, Saba kraliçesinin torunu ve Etiyopya Imparatoru, mütevazi hizmetkariniz.</Text>
    </Row>
    <Row Tag="TXT_KEY_SCRAMBLE_AFRICA_LEADER_SELASSIE_FIRSTGREETING_3">
      <Text>Baris ve refah dolu topraklarima hos geldin dostum. Ben Krallarin Kraliyim, ama siz bana Menelik II diyebilirsiniz.</Text>
    </Row>
    <Row Tag="TXT_KEY_SCRAMBLE_AFRICA_LEADER_SELASSIE_SUBTITLE">
      <Text>Etiyopya Imparatoru</Text>
    </Row>
    <Row Tag="TXT_KEY_SCRAMBLE_AFRICA_LEADER_SELASSIE_LIVED">
      <Text>MS 1844 - 1913</Text>
    </Row>
    <Row Tag="TXT_KEY_SCRAMBLE_AFRICA_LEADER_SELASSIE_HEADING_1">
      <Text>Tarih</Text>
    </Row>
    <Row Tag="TXT_KEY_SCRAMBLE_AFRICA_LEADER_SELASSIE_TEXT_1">
      <Text>Yohannes IV'ün Mart 1889'da dervislere karsi savasta ölmesi üzerine Menelik (genellikle "modern Etiyopya'nin babasi" olarak anilir) kendisini imparator ilan etti. Cok geçmeden, bir antlasmanin yorumlanmasiyla ilgili bir anlasmazlikta, Italya 1895'te Etiyopya'yi isgal etti  Menelik, Amba Alagi, Mekele ve Adwa savaslarinda Italyanlari yenilgiye ugratan ve Italyanlari Etiyopya'nin mutlak egemen bagimsizligini taniyan bir antlasma imzalamaya zorlayan güçlü savunmaya liderlik etti.</Text>
    </Row>
    <Row Tag="TXT_KEY_SCRAMBLE_AFRICA_LEADER_SHAKA_NAME">
      <Text>{TXT_KEY_SCRAMBLE_AFRICA_LEADER_SHAKA}</Text>
    </Row>
    <Row Tag="TXT_KEY_SCRAMBLE_AFRICA_LEADER_SHAKA_FIRSTGREETING_1">
      <Text>Ben Cetshwayo'yum! Zulu Kralligi'nin hükümdari! Neden geldiniz?</Text>
    </Row>
    <Row Tag="TXT_KEY_SCRAMBLE_AFRICA_LEADER_SHAKA_SUBTITLE">
      <Text>Zulu Kralligi'nin Krali</Text>
    </Row>
    <Row Tag="TXT_KEY_SCRAMBLE_AFRICA_LEADER_SHAKA_LIVED">
      <Text>MS 1826 - 1884</Text>
    </Row>
    <Row Tag="TXT_KEY_SCRAMBLE_AFRICA_LEADER_SHAKA_HEADING_1">
      <Text>Tarih</Text>
    </Row>
    <Row Tag="TXT_KEY_SCRAMBLE_AFRICA_LEADER_SHAKA_TEXT_1">
      <Text>Zulu reisi Mpande'nin oglu olan Cetshwayo (1856-1879 arasi hüküm sürdü), Ingilizlerin Zulu sinir baskinlari için tazminat taleplerine karsi çikarak Anglo-Zulu Savasi'na önderlik etti. Isandlwana Savasi'nda ilk Ingiliz istilasini kararli bir sekilde yenmesine ragmen, Ingiliz ve sömürge birlikleri sonunda Ulundi'deki kraliyet kraalini kusatip yok etti ve kisa bir süre sonra Cetshwayo'yu yakaladi. 1883 yilina kadar Londra'ya sürgün edilen Cetshwayo, ölmek üzere Afrika'ya döndügünde göreceli bir bilinmezlik içindeydi.</Text>
    </Row>
    <!-- Scenario-specific Diplomacy Modifiers-->
    <!-- Technologies-->
    <!-- Improvements -->
    <Row Tag="TXT_KEY_CIV5_IMPROVEMENTS_ARCHAEOLOGICAL_DIG_AFRICA_TEXT">
      <Text>Bir Arkeolojik Kazi sadece bir Arkeolog tarafindan bir Antik Alan kaynaginda insa edilebilir. Tutankamon'un mezarindaki kazilar, önde gelen bir arkeolojik kazi alanina örnektir. Kaziyi insa ettikten sonra, Arkeologunuz bu konumda ne tür bir Eserin gömülü oldugunu kesfedecektir. Ardindan eser, bonus zafer puanlari için Avrupa'ya geri gönderilir...</Text>
    </Row>
    <Row Tag="TXT_KEY_BUILD_ARCHAEOLOGY_DIG_AFRICA_HELP">
      <Text>Antik Siteyi bir Arkeolojik Kaziya dönüstürerek eseri zafer puani karsiliginda Avrupa'ya geri gönderir.</Text>
    </Row>
    <Row Tag="TXT_KEY_BUILD_ARCHAEOLOGY_DIG_REC_AFRICA">
      <Text>Zafer puanlari için Avrupa'ya geri gönderebilir.</Text>
    </Row>
    <!-- Natural Wonders -->
    <Row Tag="TXT_KEY_SCRAMBLE_AFRICA_CIV5_FEATURES_FOUNTAIN_YOUTH_TEXT">
      <Text>Birkaç denemeye ragmen, ne Yunanlilar ne de Romalilar Nil'i Sudd sulak alanlarinin ötesine kadar takip etmeyi basaramadi. 1500'lü yillarda Etiyopya'yi ziyaret eden Avrupalilarin büyük nehrin kaynagina dair anlattiklari olsa da, bunlarin hiçbiri söylentiden öteye geçmemistir. 1800'lerin ortalarinda Avrupa kamuoyu Nil'in kaynaginin "Afrika'nin kalbinde" nerede olabilecegini ögrenmeyi takinti haline getirdi. 1858'de arastirmaci Richard Speke, kaynagin Victoria Gölü oldugunu iddia etti  Sir Richard Burton ve digerleri tarafindan itiraz edilmesine ragmen, Henry Stanley sonunda büyük gölün etrafini dolasarak ve Ripon Selalesi'nin çikisini "Nil'in Kaynagi" olarak rapor ederek Speke'in iddiasini dogruladi.</Text>
    </Row>
    <!-- Buildings in the seperate Buildings file-->
    <Row Tag="TXT_KEY_SCRAMBLE_AFRICA_STELE_STRATEGY">
      <Text>Stel, kentin [ICON_CULTURE] Kültür üretimini artiran essiz bir anit yapidir.</Text>
    </Row>
    <Row Tag="TXT_KEY_BUILDING_STAATSMUSEUM_STRATEGY">
      <Text>Staatsmuseum, sehrin [ICON_CULTURE] Kültür üretimini artiran (özellikle Büyük Eserleri barindirirken) Boer'e özgü bir binadir. Önceden insa edilmis olarak 1 Büyük Eser ile birlikte gelir. Staatsmuseum'a sahip bir sehri ele geçiren bir Avrupa medeniyeti, eser(ler)i ele geçirmek için VP kazanacaktir. Müzenin yerini alir.</Text>
    </Row>
    <Row Tag="TXT_KEY_CIV5_BUILDINGS_STAATSMUSEUM_TEXT">
      <Text>Ilk Staatsmuseum, özellikle bölgenin tarihi, etnografyasi, arkeolojisi ve doga bilimlerine odaklanarak "degerin kültürel yönlerine yönelik kamu bilincini gelistirmek ve sürdürmek" amaciyla MS 1892 yilinda Pretoria'da insa edilmistir. Anglo-Boer Savasi patlak verdiginde, Boer komandolarindaki burghers savas alanlarindan hatira esyalari bagislamaya tesvik edildiginden, devlet müzesinin vatansever yönleri daha da belirgin hale geldi. Boerler yenildikten sonra devlet müzeleri artik kamu fonlariyla desteklenmiyordu  bunun yerine Transvaal ve Orange Free State'teki kasabalardaki özel komiteler tarafindan finanse ediliyordu.</Text>
    </Row>
    <Row Tag="TXT_KEY_BUILDING_TURKISH_BATH_STRATEGY">
      <Text>Türk Hamami Osmanli'ya özgü bir yapidir. Bir borsa gibi Türk Hamami da sehrin zenginligini artirir. Ancak Türk Hamami ayni zamanda bir sehrin ürettigi [ICON_GOLD] Altin miktarini da artirir. Diger oyuncularin Pazari olan bir sehre yaptigi ticaret rotalari sehir sahibine fazladan 2 [ICON_GOLD] Altin kazandirir ve ticaret rotasi sahibi ticaret rotasi için fazladan 1 [ICON_GOLD] Altin kazanir. Türk Hamaminin insa edilebilmesi için sehrin bir Bankasi olmalidir.</Text>
    </Row>
    <Row Tag="TXT_KEY_BUILDING_TURKISH_BATH_HELP">
      <Text>Sehrin bir bankasi olmali.</Text>
    </Row>
    <Row Tag="TXT_KEY_BUILDING_TURKISH_BATH_TEXT">
      <Text>Antik Roma hamamlarindan evrilen Türk Hamami, Viktorya Cagi'nda bir rahatlama ve saglik yöntemi olarak Orta Dogu ve Avrupa'da popüler hale gelmistir.</Text>
    </Row>
    <!-- Units-->
    <Row Tag="TXT_KEY_UNIT_HELP_FORCE_PUBLIQUE">
      <Text>Engebeli arazide ve yarali birliklere karsi savasmakta uzmanlasmis bir piyade birligi. Sadece Belçikalilar insa edebilir.</Text>
    </Row>
    <Row Tag="TXT_KEY_UNIT_FORCE_PUBLIQUE_STRATEGY">
      <Text>Belçikalilar için Tüfekçi'nin yerini alir. Zorlu arazide daha iyi savasmasini saglayan Engebeli Arazi Terfisi alir. Bu birim ayrica yarali birimlere karsi gücünü artiran bir terfiye sahiptir.</Text>
    </Row>
    <Row Tag="TXT_KEY_CIVILOPEDIA_UNITS_RENAISSANCE_FORCE_PUBLIQUE_TEXT">
      <Text>Force Publique, 1908'den 1960'a kadar Belçika Kongosu'nda jandarma ve askeri güç olarak görev yapmis, bagimsizligin ardindan Kongo Ordusu'nun çekirdegini olusturmustur. Cogunlukla Haut-Congo, Zanzibar ve diger Belçika kolonilerinden gelen etnik olarak karisik Afrikalilardan olusan Force Publique, Belçika Ordusu gazileri ya da Avrupali parali askerler olan beyazlar tarafindan görevlendirildi. Bölgeye küçük müfrezeler halinde dagilan kuvvet kaçak avcilara, Arap köle tüccarlarina ve asi kabilelere karsi faaliyet göstermis ve her iki dünya savasinda da Dogu Afrika seferlerinde görev almistir.</Text>
    </Row>
    <Row Tag="TXT_KEY_UNIT_FRENCH_FOREIGNLEGION_STRATEGY2">
      <Text>Yabanci Lejyon, tüfekçinin yerini alan benzersiz bir Fransiz birimidir. Kendi topraklari disinda faaliyet gösterirken önemli bir savas bonusu alir, bu da onu düsman topraklarina karsi firlatmak için mükemmel bir birim haline getirir.</Text>
    </Row>
    <Row Tag="TXT_KEY_UNIT_HELP_FOREIGN_LEGION2">
      <Text>Sadece Fransizlar insa edebilir. Bu Birim, yerini aldigi Tüfekçinin aksine, dost bölge disinda bir savas bonusuna sahiptir.</Text>
    </Row>
    <Row Tag="TXT_KEY_UNIT_HELP_BRANDENBURG_CLASS">
      <Text>Bu Ironclad bu senaryodaki en güçlü gemidir. Sadece Almanlar insa edebilir.</Text>
    </Row>
    <Row Tag="TXT_KEY_UNIT_BRANDENBURG_CLASS_STRATEGY">
      <Text>Almanlar için Ironclad'in yerini alir. Daha yüksek bir savas gücüne sahiptir ve bu da sehir devletlerini etkileme konusunda daha büyük bir yetenek saglar.</Text>
    </Row>
    <Row Tag="TXT_KEY_CIVILOPEDIA_UNITS_RENAISSANCE_BRANDENBURG_CLASS_TEXT">
      <Text>Ilki MS 1893'te hizmete giren Alman Brandenburg sinifi dretnot öncesi gemilerin, büyük kiyi demirkladlari ile okyanusa açilan savas gemileri arasinda bir ara tasarim asamasi olmasi amaçlanmisti. Agir zirhli ve alti adet 11 inçlik agir topla donatilmis olan dört gemi sonunda denize indirildi. Bu sinif, satilmadan ya da hurdaya çikarilmadan önce Boxer Isyani sirasinda Cin'e ve I. Dünya Savasi sirasinda Akdeniz'e kadar uzanan bir alanda görev yapmistir.</Text>
    </Row>
    <Row Tag="TXT_KEY_UNIT_HELP_CAIO_DUILIO_CLASS">
      <Text>Sehirlere saldirma konusunda uzmanlasmis bir Demirklad. Sadece Italyanlar insa edebilir.</Text>
    </Row>
    <Row Tag="TXT_KEY_UNIT_CAIO_DUILIO_CLASS_STRATEGY">
      <Text>Italyanlar için Ironclad'in yerini alir. Sehirlere karsi gücünü artiran kiyi akincisi terfisini alir.</Text>
    </Row>
    <Row Tag="TXT_KEY_CIVILOPEDIA_UNITS_CAIO_DUILIO_CLASS_TEXT">
      <Text>Planlanan üç Caio Duilia sinifindan ikisi 1870'lerde Italyan Regia Marina tarafindan insa edildi. Okyanusa açilan bu demirkladlar, 100 tonluk yivli namludan dolma toplar ve 50 mm zirh plakasi ile donatildiklarindan zamanlari için o kadar devrimciydi ki, Ingilizler Italyan gemilerine karsi bir savas gemisi tasarlamak için planladiklari yeni savas gemisi sinifini hurdaya çikardilar. Caio Duilia ve Enrico Dandolo hiç savas görmemis ve sirasiyla 1909 ve 1920'de hurdaya çikarilmis olsalar da, Italyan çikarlarini korumak ya da desteklemek için birkaç kez Afrika'nin Akdeniz kiyilarinda görevlendirilmislerdir.</Text>
    </Row>
    <Row Tag="TXT_KEY_UNIT_HELP_DERVISH_CAVALRY">
      <Text>Büyük Generalleri daha hizli ortaya çikaran ve açik arazide daha iyi savasan süvariler. Sadece Misirlilar insa edebilir.</Text>
    </Row>
    <Row Tag="TXT_KEY_UNIT_DERVISH_CAVALRY_STRATEGY">
      <Text>Misir Süvari Birligi'nin yerine geçer. Terfileri, Büyük Generalleri daha hizli ortaya çikarmasini ve açik arazide daha iyi savasmasini saglar.</Text>
    </Row>
    <Row Tag="TXT_KEY_CIVILOPEDIA_UNITS_RENAISSANCE_DERVISH_CAVALRY_TEXT">
      <Text>"Deli Molla" olarak anilan dini lider Muhammed Abdullah el-Hasan, Somali'de Ingilizlere, Italyanlara ve Etiyopyalilara karsi 20 yil boyunca anti-emperyalist bir savas veren bir Dervis devleti kurdu. Güçlerinin yaklasik 10000'i, çogunlukla ikmal hatlarini ve geri çekilme yollarini kesmek için kullanilan korkulan Dervis süvarileriydi. Esit olmayan bir sekilde silahlandirilan ve donatilan, kabile reisleri tarafindan yönetilen dervis süvarileri, fanatizmleriyle dikkat çekiyor, bu da onlari diger birlikleri caydiracak kayiplar vermeye istekli korkutucu rakipler haline getiriyordu. Molla'nin nihayet yenilgiye ugratildigi 1920 yilina kadar, en etkili komutanlari dervis süvarileri arasindaydi.</Text>
    </Row>
    <Row Tag="TXT_KEY_UNIT_HELP_FOREIGN_VOLUNTEERS">
      <Text>Savunmada uzmanlasan ve rakibini öldürdügünde iyilesen Tüfekçi. Sadece Boer Cumhuriyetleri insa edebilir.</Text>
    </Row>
    <Row Tag="TXT_KEY_UNIT_FOREIGN_VOLUNTEERS_STRATEGY">
      <Text>Boer Cumhuriyetleri Tüfekçi degisimi. Saldirida normal bir tüfekçiden daha zayiftir, ancak savunmada daha güçlüdür. Ayrica rakiplerini öldürdükten sonra kismen iyilesir.</Text>
    </Row>
    <Row Tag="TXT_KEY_CIVILOPEDIA_UNITS_RENAISSANCE_FOREIGN_VOLUNTEERS_TEXT">
      <Text>Ikinci Boer Savasi (1899-1902) sirasinda Britanya Imparatorlugu disinda Boer Cumhuriyeti'ne büyük bir sempati vardi ve yabanci gönüllüler mücadelelerine yardim etmek için geldiler.</Text>
    </Row>
    <Row Tag="TXT_KEY_UNIT_HELP_EXPLORER">
      <Text>Engebeli arazi tarafindan yavaslatilmayan ve zayif bir saldiri ve savunmaya sahip özel bir arkeolog. Sadece Avrupalilar insa edebilir. Üniversite gerektirmez. [COLOR_NEGATIVE_TEXT]Bu senaryodaki tüm birimler gibi Kesfet komutuna sahip degildir.[ENDCOLOR]</Text>
    </Row>
    <Row Tag="TXT_KEY_UNIT_EXPLORER_STRATEGY">
      <Text>Avrupali arkeologun yerini aliyor. Arkeologdan farkli olarak saldirabilir ve savunma yapabilir. Ayrica engebeli arazide sanki arazi temizmis gibi hareket edebilir. Üniversite gerektirmez.</Text>
    </Row>
    <Row Tag="TXT_KEY_CIV5_EXPLORER_TEXT">
      <Text>Afrika kiyilari üç yüzyil boyunca kesfedilmis olsa da, Avrupali güçler kitanin iç bölgelerini kesfetmek için ortak bir çaba göstermeye ancak MS 19. yüzyilin baslarinda basladi. Kiyi ticaret noktalarindan, misyonlardan ve sömürge yerlesimlerinden baslayarak, Batili kasifler efsanevi harikalar, "kayip" yerli medeniyetler ve bilimsel bilgi arayisiyla küçük kesif gezileriyle iç bölgelere dogru ilerlediler. David Livingston gibi bazilari tibbi misyonerdi  Pietro di Brazza gibi bazilari macera pesindeydi  MacGregor Laird gibi digerleri ise yeni kâr firsatlari arayan tüccarlardi. Motivasyonlari ne olursa olsun, Avrupali kasifler Afrika tarihinde önemli bir yere sahiptir.</Text>
    </Row>
    <Row Tag="TXT_KEY_CIV5_RIFLED_CANNON_TEXT">
      <Text>YER SAHIBI</Text>
    </Row>
    <Row Tag="TXT_KEY_UNIT_RIFLED_CANNON_STRATEGY">
      <Text>Top ile topçu arasinda yer alan bir kusatma birimi. Menzili 3'tür, kurulmasi gerekir ve bir toptan daha güçlüdür. Diger birimler kadar uzagi göremez ve diger birimlerle korunmalidir.</Text>
    </Row>
    <Row Tag="TXT_KEY_UNIT_HELP_RIFLED_CANNON">
      <Text>Top ve Topçu arasinda kusatma birimi.</Text>
    </Row>
    <Row Tag="TXT_KEY_SCRAMBLE_AFRICA_BUILDING_BURIAL_TOMB_STRATEGY">
      <Text>Mezar, Misir için benzersiz bir yapidir ve sehrin [ICON_HAPPINESS_1] Mutluluk ve [ICON_CULTURE] Kültür (önceden insa edilmis bir Büyük Esere ev sahipligi yaparak) üretimini artirir. Sehir için herhangi bir bakim maliyeti yoktur. Onu ele geçiren Avrupali medeniyetler ayrica bir eseri ele geçirdikleri için VP kazanirlar. Kolezyum'un yerini alir.</Text>
    </Row>
    <Row Tag="TXT_KEY_SCRAMBLE_AFRICA_BUILDING_BURIAL_TOMB_HELP">
      <Text>[ICON_GOLD] Altin bakimi gerektirmez.[NEWLINE][NEWLINE]Bu sehir Avrupali bir fatih tarafindan ele geçirilirse, içinde saklanan Büyük Eser o civ için VP kazandiracaktir.</Text>
    </Row>
    <!-- Promotions-->
    <Row Tag="TXT_KEY_PROMOTION_VS_CITIES">
      <Text>Sehirlere Saldirma Bonusu (30)</Text>
    </Row>
    <Row Tag="TXT_KEY_PROMOTION_VS_CITIES_HELP">
      <Text>Sehirlere Saldirma Bonusu (30)</Text>
    </Row>
    <Row Tag="TXT_KEY_PROMOTION_VS_FORTIFIED">
      <Text>Tahkim Edilmis Birimlere Saldirma Bonusu (30)</Text>
    </Row>
    <Row Tag="TXT_KEY_PROMOTION_VS_FORTIFIED_HELP">
      <Text>Tahkim Edilmis Birimlere Saldirma Bonusu (30)</Text>
    </Row>
    <Row Tag="TXT_KEY_PROMOTION_MOVEMENT_TO_GENERAL_SCENARIO">
      <Text>Genel Transfer Hareketi</Text>
    </Row>
    <Row Tag="TXT_KEY_PROMOTION_MOVEMENT_TO_GENERAL_SCENARIO_HELP">
      <Text>Büyük General, siraya yigilmis olarak baslarlarsa bu birim oraninda hareket eder.</Text>
    </Row>
    <Row Tag="TXT_KEY_PROMOTION_NO_HEAL_OUTSIDE_FRIENDLY">
      <Text>Sadece Dostlari Iyilestir</Text>
    </Row>
    <Row Tag="TXT_KEY_PROMOTION_NO_HEAL_OUTSIDE_FRIENDLY_HELP">
      <Text>Sadece dost bölge içindeyken iyilesebilir.</Text>
    </Row>
    <Row Tag="TXT_KEY_PROMOTION_STINGEY_D">
      <Text>Güçlü Savunma</Text>
    </Row>
    <Row Tag="TXT_KEY_PROMOTION_STINGEY_D_HELP">
      <Text>Savunma (50)</Text>
    </Row>
    <!-- Policies-->
    <Row Tag="TXT_KEY_SCRAMBLE_AFRICA_POLICY_BRANCH_CANNOT_UNLOCK">
      <Text>[COLOR_NEGATIVE_TEXT]Afrika için Mücadele senaryosunda baska politika dallarini benimseyemezsiniz. [ENDCOLOR]</Text>
    </Row>
    <Row Tag="TXT_KEY_SCRAMBLE_AFRICA_POLICY_BRANCH_TRADITION_CAP">
      <Text>Avrupa</Text>
    </Row>
    <Row Tag="TXT_KEY_SCRAMBLE_AFRICA_POLICY_BRANCH_TRADITION_HELP">
      <Text>[COLOR_POSITIVE_TEXT]Avrupali[ENDCOLOR][NEWLINE][NEWLINE]Savas birimleri yalnizca dost bölge içindeyken iyilesebilir. Kara savas birimleri (Kasifler hariç) [COLOR_NEGATIVE_TEXT]-1 Görünürlük Menziline[ENDCOLOR] sahiptir. Yazarlar, Sanatçilar veya Müzisyenler Loncasi insa EDILEMEZ.</Text>
    </Row>
    <Row Tag="TXT_KEY_SCRAMBLE_AFRICA_POLICY_BRANCH_LIBERTY_CAP">
      <Text>Kuzey Afrika</Text>
    </Row>
    <Row Tag="TXT_KEY_SCRAMBLE_AFRICA_POLICY_BRANCH_LIBERTY_HELP">
      <Text>[COLOR_POSITIVE_TEXT]Kuzey Afrika[ENDCOLOR][NEWLINE][NEWLINE]Öldürdügünüz her birim için [ICON_GOLD] Altin kazanin. Yazarlar, Sanatçilar veya Müzisyenler Loncasi insa EDILEMEZ.</Text>
    </Row>
    <Row Tag="TXT_KEY_SCRAMBLE_AFRICA_POLICY_BRANCH_HONOR_CAP">
      <Text>Sahra Alti</Text>
    </Row>
    <Row Tag="TXT_KEY_SCRAMBLE_AFRICA_POLICY_BRANCH_HONOR_HELP">
      <Text>[COLOR_POSITIVE_TEXT]Sahra Alti[ENDCOLOR][NEWLINE][NEWLINE]Barbarlar hariç öldürdügünüz her birim için [ICON_CULTURE] Kültür kazanin. Sehirlerin Yazar, Sanatçi ve Müzisyen Loncalari kurmasini saglar.</Text>
    </Row>
    <Row Tag="TXT_KEY_SCRAMBLE_AFRICA_POLICY_E1">
      <Text>Gelismis Kusatma Taktikleri</Text>
    </Row>
    <Row Tag="TXT_KEY_SCRAMBLE_AFRICA_POLICY_E1_HELP">
      <Text>[COLOR_POSITIVE_TEXT]Gelismis Kusatma Taktikleri[ENDCOLOR][NEWLINE]Savas birimleri sehirlere saldirirken %30 savas bonusu kazanir.</Text>
    </Row>
    <Row Tag="TXT_KEY_SCRAMBLE_AFRICA_POLICY_E2">
      <Text>Etkin Isgal Ilkesi</Text>
    </Row>
    <Row Tag="TXT_KEY_SCRAMBLE_AFRICA_POLICY_E2_HELP">
      <Text>[COLOR_POSITIVE_TEXT]Etkin Isgal Ilkesi[ENDCOLOR][NEWLINE]Savas birimleri tahkim edilmis birimlere saldirirken %30 savas bonusu kazanir. Ele geçirilen her sehirde ücretsiz bir Adliye Sarayi.</Text>
    </Row>
    <Row Tag="TXT_KEY_SCRAMBLE_AFRICA_POLICY_E3">
      <Text>Etki Alani</Text>
    </Row>
    <Row Tag="TXT_KEY_SCRAMBLE_AFRICA_POLICY_E3_HELP">
      <Text>[COLOR_POSITIVE_TEXT]Etki Alani[ENDCOLOR][NEWLINE]Tas satin alirken normal maliyetin %50'sini, birim satin alirken ise %33 daha azini ödeyin.</Text>
    </Row>
    <Row Tag="TXT_KEY_SCRAMBLE_AFRICA_POLICY_E4">
      <Text>Sömürgecilik</Text>
    </Row>
    <Row Tag="TXT_KEY_SCRAMBLE_AFRICA_POLICY_E4_HELP">
      <Text>[COLOR_POSITIVE_TEXT]Sömürgecilik[ENDCOLOR][NEWLINE]Karo iyilestirme yapim orani %25 artti%. 3 özgür yerlesimci [ICON_CAPITAL] Baskent yakinlarinda görünür.</Text>
    </Row>
    <Row Tag="TXT_KEY_SCRAMBLE_AFRICA_POLICY_E5">
      <Text>Ticaret Birlikleri</Text>
    </Row>
    <Row Tag="TXT_KEY_SCRAMBLE_AFRICA_POLICY_E5_HELP">
      <Text>[COLOR_POSITIVE_TEXT]Isçi Sendikalari[ENDCOLOR][NEWLINE]Karayollari ve Demiryollarina ödenen bakim ücreti %50 azaltildi%. Her Lüks kaynak için +2 [ICON_HAPPINESS_1] Mutluluk.</Text>
    </Row>
    <Row Tag="TXT_KEY_SCRAMBLE_AFRICA_POLICY_E6">
      <Text>Kapitalizm</Text>
    </Row>
    <Row Tag="TXT_KEY_SCRAMBLE_AFRICA_POLICY_E6_HELP">
      <Text>[COLOR_POSITIVE_TEXT]Kapitalizm[ENDCOLOR][NEWLINE]Tüm kara ve deniz ticaret yollarinizdan +1 [ICON_GOLD] ve [ICON_CAPITAL] Baskente bagli [ICON_CONNECTED] sahip oldugunuz her Sehir için +2 [ICON_HAPPINESS_1] Mutluluk.</Text>
    </Row>
    <Row Tag="TXT_KEY_SCRAMBLE_AFRICA_POLICY_N1">
      <Text>Sahra Ordusu</Text>
    </Row>
    <Row Tag="TXT_KEY_SCRAMBLE_AFRICA_POLICY_N1_HELP">
      <Text>[COLOR_POSITIVE_TEXT]Sahra Ordusu[ENDCOLOR][NEWLINE]Cölde savasirken +%50 savas bonusu.</Text>
    </Row>
    <Row Tag="TXT_KEY_SCRAMBLE_AFRICA_POLICY_N2">
      <Text>Berberi Mirasi</Text>
    </Row>
    <Row Tag="TXT_KEY_SCRAMBLE_AFRICA_POLICY_N2_HELP">
      <Text>[COLOR_POSITIVE_TEXT]Berberi Mirasi[ENDCOLOR][NEWLINE]+%25 [ICON_PRODUCTION] Atli birimleri egitirken üretim. Atli Birimler, Büyük Generallerin ayni hizda hareket etmesini saglayan bir terfi alir.</Text>
    </Row>
    <Row Tag="TXT_KEY_SCRAMBLE_AFRICA_POLICY_N3">
      <Text>Gelistirilmis Ürünler</Text>
    </Row>
    <Row Tag="TXT_KEY_SCRAMBLE_AFRICA_POLICY_N3_HELP">
      <Text>[COLOR_POSITIVE_TEXT]Gelistirilmis Mallar[ENDCOLOR][NEWLINE] +1 [ICON_GOLD] Her Pazardan Altin.</Text>
    </Row>
    <Row Tag="TXT_KEY_SCRAMBLE_AFRICA_POLICY_N4">
      <Text>Zorunlu Askerlik</Text>
    </Row>
    <Row Tag="TXT_KEY_SCRAMBLE_AFRICA_POLICY_N4_HELP">
      <Text>[COLOR_POSITIVE_TEXT]Zorunlu Askerlik[ENDCOLOR][NEWLINE]Birim [ICON_GOLD] Altin Bakim maliyetlerini 33%. azaltir</Text>
    </Row>
    <Row Tag="TXT_KEY_SCRAMBLE_AFRICA_POLICY_N5">
      <Text>Karavanlar</Text>
    </Row>
    <Row Tag="TXT_KEY_SCRAMBLE_AFRICA_POLICY_N5_HELP">
      <Text>[COLOR_POSITIVE_TEXT]Kervanlar[ENDCOLOR][NEWLINE]+2[ICON_GOLD] Tüm kara ticaret yollarinizdan altin.</Text>
    </Row>
    <Row Tag="TXT_KEY_SCRAMBLE_AFRICA_POLICY_N6">
      <Text>Ticari Merkez</Text>
    </Row>
    <Row Tag="TXT_KEY_SCRAMBLE_AFRICA_POLICY_N6_HELP">
      <Text>[COLOR_POSITIVE_TEXT]Ticari Merkez[ENDCOLOR][NEWLINE]+10 [ICON_GOLD] içinde [ICON_CAPITAL] Sermaye.</Text>
    </Row>
    <Row Tag="TXT_KEY_SCRAMBLE_AFRICA_POLICY_S2">
      <Text>Milliyetçilik</Text>
    </Row>
    <Row Tag="TXT_KEY_SCRAMBLE_AFRICA_POLICY_S2_HELP">
      <Text>[COLOR_POSITIVE_TEXT]Milliyetçilik[ENDCOLOR][NEWLINE]+%15 Bölgenizdeki savasta bonus.</Text>
    </Row>
    <Row Tag="TXT_KEY_SCRAMBLE_AFRICA_POLICY_S4">
      <Text>Güzel Sanatlar</Text>
    </Row>
    <Row Tag="TXT_KEY_SCRAMBLE_AFRICA_POLICY_S4_HELP">
      <Text>[COLOR_POSITIVE_TEXT]Güzel Sanatlar[ENDCOLOR][NEWLINE]Fazla [ICON_HAPPINESS_1] Mutlulugun %50'si her turda Sosyal Politikalar için harcanabilecek [ICON_CULTURE] Kültür miktarina eklenir.</Text>
    </Row>
    <Row Tag="TXT_KEY_SCRAMBLE_AFRICA_POLICY_S5">
      <Text>Dahi</Text>
    </Row>
    <Row Tag="TXT_KEY_SCRAMBLE_AFRICA_POLICY_S5_HELP">
      <Text>[COLOR_POSITIVE_TEXT]Dahi[ENDCOLOR][NEWLINE]Seçtiginiz ücretsiz bir Büyük Kisi [ICON_CAPITAL] Baskentin yakininda belirir.</Text>
    </Row>
    <Row Tag="TXT_KEY_SCRAMBLE_AFRICA_POLICY_S6">
      <Text>Kültür Merkezleri</Text>
    </Row>
    <Row Tag="TXT_KEY_SCRAMBLE_AFRICA_POLICY_S6_HELP">
      <Text>[COLOR_POSITIVE_TEXT]Kültür Merkezleri[ENDCOLOR][NEWLINE]Her Büyük Eserden +5 [ICON_CULTURE] Kültür kazanin.</Text>
    </Row>
    <Row Tag="TXT_KEY_SCRAMBLE_AFRICA_EUROPEAN_TITLE">
      <Text>{2_CivName:textkey}'ün çok saygideger {1_PlayerName:textkey}'ü</Text>
    </Row>
    <Row Tag="TXT_KEY_SCRAMBLE_AFRICA_N_AFRICAN_TITLE">
      <Text>{1_PlayerName:textkey}, {2_CivName:textkey} Hükümdari</Text>
    </Row>
    <Row Tag="TXT_KEY_SCRAMBLE_AFRICA_SUB_SAHARAN_TITLE">
      <Text>{1_PlayerName:textkey} Bold of {2_CivName:textkey}</Text>
    </Row>
    <Row Tag="TXT_KEY_SCRAMBLE_AFRICA_POLICY_BRANCH_EUROPEAN">
      <Text>Avrupa</Text>
    </Row>
    <Row Tag="TXT_KEY_SCRAMBLE_AFRICA_POLICY_BRANCH_N_AFRICAN">
      <Text>Kuzey Afrika</Text>
    </Row>
    <Row Tag="TXT_KEY_SCRAMBLE_AFRICA_POLICY_BRANCH_SUB_SAHARAN">
      <Text>Sahra Alti</Text>
    </Row>
    <!-- Civ States-->
    <Row Tag="TXT_KEY_CIV5_SOKOTO_TEXT">
      <Text>Nijerya'da iki nehrin birlestigi sarp kayaliklarin üzerinde yer alan Sokoto, 1820'lerde gücünün ve prestijinin zirvesine ulasan Sokoto Halifeligi'nin kale-baskentiydi. Daha önce, tarihi kayitlari kaybolmus olan sömürge öncesi Sudan'daki birkaç Islami kralligin merkezi olmustur. MS 1827 yilinda kasif Hugh Clapperton sehri kesfeden ilk Avrupali olmustur. Sokoto'nun 1903'te Ingilizler tarafindan fethedilmesinin ardindan halifelik parçalandi ve topraklarinin büyük bir kismi Ingiliz kolonisi Nijerya'ya eklendi.</Text>
    </Row>
    <Row Tag="TXT_KEY_CIV5_BUNKEYA_TEXT">
      <Text>1800'lerin sonunda Dogu Afrikali bir tüccarin oglu olan Msiri, Bunkeya kasabasini kurdu ve ticari bir imparatorluk insa etti. Onun Bayeke kabilesi Dogu Kongo havzasinin büyük bir bölümüne hükmediyor, fildisi, bakir ve demir cevheri, tuz ve köleleri, kralliklarini sürdürmek için silah ve mühimmat karsiliginda kiyidaki Araplara satiyordu. Ingilizler bölgeye ilgi gösterince endiselenen Belçika Krali Leopold III, Msiri'nin boyun egmesini saglamak için üç sefer gönderdi. Zanzibar'dan baslatilan üçüncü sefer, Bayeke kuvvetlerini MS 1891'de Bunkeya'dan geri çekilmeye zorladi  Msiri'nin kendisi de kisa bir süre sonra öldürüldü.</Text>
    </Row>
    <Row Tag="TXT_KEY_CIV5_SEGOU_TEXT">
      <Text>MS 11. Yüzyil civarinda Soninke halki tarafindan kurulan Segou sehir devleti, 1712'den 1755'e kadar kral Biton Coulibaly'nin rehberliginde gelismistir. Öncelikle bir ticaret merkezi olan Segou'nun Djenne, Timbuktu ve Macina ile yakin ekonomik iliskileri vardi. Mamary Coulibaly'nin yönetimi altinda sehir, Bambara kralligini olusturmak için Djenne ve Macina'ya katildi. 1860 civarinda El Hadj Umar Tall, Segou'yu fethetti ve sakinlerini Islam'a çevirdi. Fransizlar 1890'larda eski Bambara kralligini isgal ederek Segou'yu Office du Niger'in idari merkezi haline getirdiler.</Text>
    </Row>
    <Row Tag="TXT_KEY_CIV5_BORNU_TEXT">
      <Text>Bornu Imparatorlugu, 1380'den Sudanlilar tarafindan fethedildigi MS 1893 yilina kadar bugünkü Nijerya'nin bulundugu bölgeye hakim olmustur. Sayfawa hanedaninin halefi olan Kanem-Bornu krali, yetenekli devlet adami Idris Alooma (1571-1603), imparatorlugu gücünün, kapsaminin ve refahinin en yüksek noktasina tasidi. Alooma'nin idari reformlari ve askeri dehasi Bornu'yu 1700'lerin sonlarina tasidi, ancak Fulani Cihadi kralligi anarsiye sürükledi. Islami Sudanlilarin sinir disi edilmesinin ardindan Bornu, Ingiliz Imparatorlugu tarafindan emilerek Nijerya kolonisinin temelini olusturdu.</Text>
    </Row>
    <Row Tag="TXT_KEY_CIV5_OUGADOUGOU_TEXT">
      <Text>Yukari Volta'nin Ninsi kabileleri, yari efsanevi savasçi Wurbi'nin kabilesini zafere götürdügü ve böylece baskenti Wogodogo (Fransizca: Ouagadougou) olan Mossi Imparatorlugu'nu kurdugu MS 1441 yilina kadar yüzyillardir sürekli çatisma halindeydi. Bir ticaret merkezi olarak Ouagadougou, bölgenin dört bir yanindan ve Afrika'nin hem dogu hem de bati kiyilarindan tüccarlari ve kervanlari kendine çekmistir. 1896 yilinda, Bati Afrika'daki tüm Fransiz iddialarini birlestirmek için gönderilen Paul Voulet ve Julien Chanoine komutasindaki bir Fransiz sömürge ordusu Ninsi'yi ezdi. Kurtulustan sonra Ouagadougou Burkina Faso'nun baskenti oldu.</Text>
    </Row>
    <Row Tag="TXT_KEY_CIV5_LUBA_TEXT">
      <Text>Luba halki ilk olarak MS 5. yüzyilda Kongo'nun Upemba Cukuru civarindaki bölgede ortaya çikmistir. Luba'lar 1580'lerden itibaren bir dizi yetenekli kabile reisinin önderliginde bulunduklari sehirden hizla genisleyerek komsu kabileleri alt etmis ve bakir madenlerini, balikçilik alanlarini ve palmiye yagi üretimini güvence altina almislardir. Istilaci Avrupalilarin baskisi altindaki Luba'lar gerilemeye basladi ve nihayet 1885 yilinda zorla Belçika Kongosu'na dahil edildi. Luba'lar 1895'te ayaklandilar, ancak Belçika'nin isyani bastirmasi sirasinda neredeyse yok edildiler.</Text>
    </Row>
    <!--National Wonders-->
    <Row Tag="TXT_KEY_BUILDING_SUEZ_CANAL_HELP">
      <Text>Diger oyuncularin Süveys Kanali olan bir sehre yaptigi ticaret rotalari, sehir sahibine ekstra 4 [ICON_GOLD] Altin kazandirir ve ticaret rotasi sahibi ticaret rotasi için ek 2 [ICON_GOLD] Altin kazanir. Dünyada sadece bir tanesine izin verilir.</Text>
    </Row>
    <Row Tag="TXT_KEY_CIV5_BUILDINGS_SUEZ_CANAL_TEXT">
      <Text>10 yil süren insaatin ardindan 1869 yilinda açilan Süveys Kanali, Akdeniz'i Kizildeniz'e baglayan ve Avrupa ile Asya arasinda nakliye ve ulasima olanak saglayan bir su yoludur.</Text>
    </Row>
    <Row Tag="TXT_KEY_BUILDING_SUEZ_CANAL_STRATEGY">
      <Text>Süveys Kanali bir sehrin ürettigi [ICON_GOLD] Altin miktarini artirir. Diger oyuncularin Süveys Kanali olan bir sehre yaptigi ticaret rotalari sehir sahibine fazladan 4 [ICON_GOLD] Altin kazandirir ve ticaret rotasi sahibi ticaret rotasi için fazladan 2 [ICON_GOLD] Altin kazanir. Dünyada sadece bir tanesine izin verilir.</Text>
    </Row>
    <!--In-Game Messages-->
    <Row Tag="TXT_KEY_SCRAMBLE_AFRICA_ALLY_GAINED">
      <Text>{1_CityStateName} sehir devletinden askeri birlikler ordunuza katildi!</Text>
    </Row>
    <Row Tag="TXT_KEY_SCRAMBLE_AFRICA_ALLY_LOST">
      <Text>{1_CityStateName} sehir eyaletinden gelen birimler simdi evlerine dönecek.</Text>
    </Row>
    <Row Tag="TXT_KEY_SCRAMBLE_AFRICA_SOLOMONS_MINES_FOUND">
      <Text>Kral Süleyman'in Madenlerini buldunuz! Bu kesif basarisi için {1_VPAmount} alacaksiniz Zafer Puanlari.</Text>
    </Row>
    <Row Tag="TXT_KEY_SCRAMBLE_AFRICA_SOURCE_NILE_FOUND">
      <Text>Nil'in kaynagini buldunuz! Bu kesif basariniz için {1_VPAmount} alacaksiniz Zafer Puanlari.</Text>
    </Row>
    <Row Tag="TXT_KEY_SCRAMBLE_AFRICA_LAKE_VICTORIA_FOUND">
      <Text>Victoria Gölü'nü buldunuz! Bu kesif basariniz için {1_VPAmount} alacaksiniz Zafer Puanlari.</Text>
    </Row>
    <Row Tag="TXT_KEY_SCRAMBLE_AFRICA_KILIMANJARO_FOUND">
      <Text>Kilimanjaro Dagi'ni buldunuz! Bu kesif basariniz için {1_VPAmount} alacaksiniz Zafer Puanlari.</Text>
    </Row>
    <Row Tag="TXT_KEY_SCRAMBLE_AFRICA_SOLOMONS_MINES_FOUND_OTHER">
      <Text>{1_CivName}'ten bir kasif Kral Süleyman'in Madenlerini buldu. Bu uygarlik {2_VPAmount} kazaniyor Zafer Puanlari.</Text>
    </Row>
    <Row Tag="TXT_KEY_SCRAMBLE_AFRICA_SOURCE_NILE_FOUND_OTHER">
      <Text>{1_CivName}'ten bir kasif Nil'in kaynagini buldu. Bu uygarlik {2_VPAmount} kazaniyor Zafer Puanlari.</Text>
    </Row>
    <Row Tag="TXT_KEY_SCRAMBLE_AFRICA_LAKE_VICTORIA_FOUND_OTHER">
      <Text>{1_CivName}'ten bir kasif Victoria Gölü'nü buldu. Bu uygarlik {2_VPAmount} kazaniyor Zafer Puanlari.</Text>
    </Row>
    <Row Tag="TXT_KEY_SCRAMBLE_AFRICA_KILIMANJARO_FOUND_OTHER">
      <Text>{1_CivName}'ten bir kasif Kilimanjaro Dagi'ni buldu. Bu uygarlik {2_VPAmount} Zafer Puanlari.</Text>
    </Row>
    <Row Tag="TXT_KEY_SCRAMBLE_AFRICA_ALL_RAILLINES_LOST">
      <Text>{1_CivName} tarafindan insa edilen demiryolu hatti yok edildi. Bu uygarlik {2_VPAmount}'ü kaybeder. Zafer Puanlari.</Text>
    </Row>
    <Row Tag="TXT_KEY_SCRAMBLE_AFRICA_NEW_LONGEST_RR_PLAYER">
      <Text>{1_CityName}'dan {2_CityName}'ye ({3_Length} hexes) uzanan demiryolu hatti su anda Afrika'daki en uzun hattir.  {4_VPAmount} En uzun demiryolu hatti için Zafer Puanlari artik {5_CivName} olarak verilmektedir.</Text>
    </Row>
    <Row Tag="TXT_KEY_SCRAMBLE_AFRICA_LONGER_RR">
      <Text>{1_CivName} en uzun demiryolu hattini uzatti. En uzun demiryolu baglantisi artik {2_CityName}'dan {3_CityName}'ye ({4_Length} hexes)).</Text>
    </Row>
    <Row Tag="TXT_KEY_SCRAMBLE_AFRICA_DIG_COMPLETE">
      <Text>Kasifiniz bir Afrika eserini ortaya çikardi. {1_Num} VP kazanildi.[NEWLINE][NEWLINE](Eser Avrupa'ya geri gönderilerek oyundan çikarildi).</Text>
    </Row>
    <Row Tag="TXT_KEY_SCRAMBLE_AFRICA_GREAT_WORKS_CAPTURED">
      <Text>{1_Num} {2_CityName}'in ele geçirilmesi sirasinda büyük eser(ler) ortaya çikarildi. Bu eserler derhal Avrupa'ya iade ediliyor ve {3_Num}'ya ekleniyor. Puaniniza VP.</Text>
    </Row>
    <Row Tag="TXT_KEY_SCRAMBLE_AFRICA_GREAT_WORKS_CAPTURED_OTHER">
      <Text>{1_Num} Büyük Eser(ler) {2_CityName}'in {3_PlayerName} tarafindan ele geçirilmesi sirasinda ortaya çikarilmistir. Bu eserler derhal Avrupa'ya iade ediliyor ve {4_Num}'e ekleniyor. O sivilin puanina VP.</Text>
    </Row>
    <!--Scoring-->
    <Row Tag="TXT_KEY_SCRAMBLE_AFRICA_VP_WONDERS">
      <Text>Süveys Kanali</Text>
    </Row>
    <Row Tag="TXT_KEY_SCRAMBLE_AFRICA_DIPLO_MY_SCORE_WONDERS">
      <Text>{1_Num} Süveys Kanali'ndan</Text>
    </Row>
    <Row Tag="TXT_KEY_SCRAMBLE_AFRICA_VP_SCENARIO1">
      <Text>En Uzun Ray</Text>
    </Row>
    <Row Tag="TXT_KEY_SCRAMBLE_AFRICA_DIPLO_MY_SCORE_SCENARIO1">
      <Text>{1_Num} sehirler arasindaki en uzun demiryolu baglantisi için</Text>
    </Row>
    <Row Tag="TXT_KEY_SCRAMBLE_AFRICA_VP_SCENARIO2">
      <Text>Kesif\Artefaktlar</Text>
    </Row>
    <Row Tag="TXT_KEY_SCRAMBLE_AFRICA_DIPLO_MY_SCORE_SCENARIO2">
      <Text>{1_Num} Dogal Mucize\Artifakt kesfi için</Text>
    </Row>
    <Row Tag="TXT_KEY_SCRAMBLE_AFRICA_VP_SCENARIO3">
      <Text>Kuzey Afrika Altini</Text>
    </Row>
    <Row Tag="TXT_KEY_SCRAMBLE_AFRICA_DIPLO_MY_SCORE_SCENARIO3">
      <Text>{1_Num} Yasam Boyu için [ICON_GOLD] Altin kazanildi</Text>
    </Row>
    <Row Tag="TXT_KEY_SCRAMBLE_AFRICA_VP_SCENARIO4">
      <Text>Sahra Alti Kültürü</Text>
    </Row>
    <Row Tag="TXT_KEY_SCRAMBLE_AFRICA_DIPLO_MY_SCORE_SCENARIO4">
      <Text>{1_Num} ömür boyu [ICON_CULTURE] kazanilan kültür için</Text>
    </Row>
    <!--Scenario-specific diplo modifiers-->
    <Row Tag="TXT_KEY_SPECIFIC_DIPLO_STRING_1">
      <Text>[COLOR_NEGATIVE_TEXT] Topraklariniz bana ait. [ENDCOLOR]</Text>
    </Row>
  </Language_en_US>
</GameData>