﻿<?xml version="1.0" encoding="utf-8"?>
<!-- edited with XMLSPY v2004 rel. 2 U (http://www.xmlspy.com) by Ed Beach (Firaxis Games) -->
<GameData>
  <Language_en_US>
    <Row Tag="TXT_KEY_PROMOTION_MEDIC_GENERAL_HELP">
      <Text>Bu birim ve bitisik karelerdeki diger tüm birimler [COLOR_POSITIVE_TEXT]Her turda 2 Ek HP[ENDCOLOR] iyilestirir.</Text>
    </Row>
    <Row Tag="TXT_KEY_ACTION_AUTOMATE_TRADE">
      <Text>Ticaret (Otomatik)</Text>
    </Row>
    <Row Tag="TXT_KEY_NOTIFICATION_YOU_REGAINED_CAPITAL">
      <Text>[ICON_CAPITAL] Baskentinizi geri kazandiniz!</Text>
    </Row>
    <Row Tag="TXT_KEY_NOTIFICATION_ADD_REFORMATION_BELIEF">
      <Text>Reformasyon sosyal politikasini benimsediniz ve artik dininize bir inanç ekleyebilirsiniz.</Text>
    </Row>
    <Row Tag="TXT_KEY_NOTIFICATION_SUMMARY_ADD_REFORMATION_BELIEF">
      <Text>REFORMASYON INANCINI EKLE</Text>
    </Row>
    <Row Tag="TXT_KEY_NOTIFICATION_TRADE_UNIT_PLUNDERED_TRADER_SUMMARY">
      <Text>Ticaret yolu yagmalandi</Text>
    </Row>
    <Row Tag="TXT_KEY_NOTIFICATION_TRADE_UNIT_PLUNDERED_TRADER_KNOWN">
      <Text>{1_PlayerName}, {2_CityName} ve {3_CityName} arasinda kurdugunuz ticaret yolunu yagmaladi.</Text>
    </Row>
    <Row Tag="TXT_KEY_NOTIFICATION_TRADE_UNIT_PLUNDERED_TRADER_UNKNOWN">
      <Text>Karsilanmamis bir oyuncu {1_CityName} ile {2_CityName} arasinda olusturdugunuz ticaret yolunu yagmaladi.</Text>
    </Row>
    <Row Tag="TXT_KEY_NOTIFICATION_TRADE_UNIT_PLUNDERED_TRADER_BARBARIAN">
      <Text>Pis barbarlar {1_CityName} ile {2_CityName} arasinda kurdugunuz ticaret yolunu yagmaladilar.</Text>
    </Row>
    <Row Tag="TXT_KEY_NOTIFICATION_TRADE_UNIT_PLUNDERED_TRADEE_SUMMARY">
      <Text>Dost ticaret yolu yagmalandi</Text>
    </Row>
    <Row Tag="TXT_KEY_NOTIFICATION_TRADE_UNIT_PLUNDERED_TRADEE_KNOWN">
      <Text>{1_PlayerName}, {3_CityName} ve {4_CityName} arasinda kurulan ticaret yolunu {2_PlayerName} yagmalamistir.</Text>
    </Row>
    <Row Tag="TXT_KEY_NOTIFICATION_TRADE_UNIT_PLUNDERED_TRADEE_UNKNOWN">
      <Text>Karsilanmamis bir oyuncu {2_CityName} ve {3_CityName} arasinda kurulan ticaret rotasini {1_PlayerName} yagmaladi.</Text>
    </Row>
    <Row Tag="TXT_KEY_NOTIFICATION_TRADE_UNIT_PLUNDERED_TRADEE_BARBARIANS">
      <Text>Barbarlar {2_CityName} ile {3_CityName} arasinda kurulan ticaret yolunu {1_PlayerName} yagmaladilar.</Text>
    </Row>
    <Row Tag="TXT_KEY_NOTIFICATION_CULTURE_VICTORY_SOMEONE_INFLUENTIAL">
      <Text>Ilk Etkili Kültür</Text>
    </Row>
    <Row Tag="TXT_KEY_NOTIFICATION_CULTURE_VICTORY_SOMEONE_INFLUENTIAL_TT">
      <Text>{1_CivName} {1_CivName: plural 1?is  other?are } baska bir oyuncu ile Etkili olan bir kültüre ulasan ilk uygarlik.</Text>
    </Row>
    <Row Tag="TXT_KEY_NOTIFICATION_CULTURE_VICTORY_UNMET_INFLUENTIAL_TT">
      <Text>Karsilanmamis bir uygarlik, baska bir oyuncu ile Etkili olan bir kültüre ulasan ilk uygarliktir.</Text>
    </Row>
    <Row Tag="TXT_KEY_NOTIFICATION_CULTURE_VICTORY_NO_LONGER_INFLUENTIAL">
      <Text>Artik Etkili Degil</Text>
    </Row>
    <Row Tag="TXT_KEY_NOTIFICATION_CULTURE_VICTORY_NO_LONGER_INFLUENTIAL_TT">
      <Text>Kültürünüz artik bir veya daha fazla sivil üzerinde Etkili degil.</Text>
    </Row>
    <Row Tag="TXT_KEY_NOTIFICATION_CULTURE_VICTORY_SOMEONE_INFLUENTIAL_ACTIVE_PLAYER_TT">
      <Text>Baska bir oyuncuyla Etkili olan bir kültüre ulasan ilk uygarlik sizsiniz.</Text>
    </Row>
    <Row Tag="TXT_KEY_NOTIFICATION_CULTURE_VICTORY_WITHIN_ONE_ACTIVE_PLAYER">
      <Text>Kültür Zaferi Yakin</Text>
    </Row>
    <Row Tag="TXT_KEY_NOTIFICATION_CULTURE_VICTORY_WITHIN_ONE_ACTIVE_PLAYER_TT">
      <Text>Kültür Zaferi kazanmak için kültürünüzün sadece 1 uygarlik üzerinde daha Etkili olmasi gerekir!</Text>
    </Row>
    <Row Tag="TXT_KEY_NOTIFICATION_CULTURE_VICTORY_WITHIN_ONE">
      <Text>Kültür Zaferi Tehdidi</Text>
    </Row>
    <Row Tag="TXT_KEY_NOTIFICATION_CULTURE_VICTORY_WITHIN_ONE_TT">
      <Text>{1_CivName} Kültür Zaferi kazanmak için kültürlerinin 1 uygarlik üzerinde daha Etkili olmasi yeterlidir!</Text>
    </Row>
    <Row Tag="TXT_KEY_NOTIFICATION_CULTURE_VICTORY_WITHIN_ONE_UNMET_TT">
      <Text>Karsilanmamis bir uygarligin Kültür Zaferi kazanmasi için kültürünün 1 uygarlik üzerinde daha Etkili olmasi yeterlidir!</Text>
    </Row>
    <Row Tag="TXT_KEY_NOTIFICATION_CULTURE_VICTORY_WITHIN_TWO_ACTIVE_PLAYER">
      <Text>Ulasilabilir Kültür Zaferi</Text>
    </Row>
    <Row Tag="TXT_KEY_NOTIFICATION_CULTURE_VICTORY_WITHIN_TWO_ACTIVE_PLAYER_TT">
      <Text>Kültür Zaferi kazanmak için kültürünüzün 2 uygarlik üzerinde daha Etkili olmasi yeterlidir.</Text>
    </Row>
    <Row Tag="TXT_KEY_NOTIFICATION_CULTURE_VICTORY_WITHIN_TWO">
      <Text>Kültür Zaferi Yarismacisi</Text>
    </Row>
    <Row Tag="TXT_KEY_NOTIFICATION_CULTURE_VICTORY_WITHIN_TWO_TT">
      <Text>{1_CivName} Kültür Zaferi kazanmak için kültürlerinin 2 uygarlik üzerinde daha Etkili olmasi yeterlidir.</Text>
    </Row>
    <Row Tag="TXT_KEY_NOTIFICATION_CULTURE_VICTORY_WITHIN_TWO_UNMET_TT">
      <Text>Karsilanmamis bir uygarligin Kültür Zaferi kazanmasi için kültürünün 2 uygarlik üzerinde daha Etkili olmasi yeterlidir.</Text>
    </Row>
    <Row Tag="TXT_KEY_UNIT_HELP_VENETIAN_GALLEASS">
      <Text>Menzilli saldirisiyla denizlerin kontrolünü ele geçirmek için kullanilan acimasiz derecede güçlü bir Orta Cag Donanma Birimi. Saldiri ve savunmada yerine geçtigi normal Galleass'tan daha iyidir, ancak daha pahalidir. Sadece Venedik tarafindan insa edilebilir.</Text>
    </Row>
    <Row Tag="TXT_KEY_UNIT_HELP_SHOSHONE_PATHFINDER">
      <Text>Kesifte mükemmel ve savasta korkutucu olan bu Shoshone Essiz Birimi, Izci'nin yerini alir. Antik bir harabeyi ortaya çikarirken fayda seçmesini saglayan bir terfiye sahiptir.</Text>
    </Row>
    <Row Tag="TXT_KEY_UNIT_HELP_SHOSHONE_COMANCHE_RIDERS">
      <Text>Hizli saldirilarda uzmanlasmis atli birim. Sadece Shoshone tarafindan insa edilebilir.</Text>
    </Row>
    <Row Tag="TXT_KEY_UNIT_HELP_INDONESIAN_KRIS_SWORDSMAN">
      <Text>Savasta ilk kez kullanildiginda yetenekleri kesfedilecek olan mistik bir silaha sahip Klasik Cag Yakin Dövüs birimi. Sadece Endonezya tarafindan insa edilebilir.</Text>
    </Row>
    <Row Tag="TXT_KEY_UNIT_HELP_BAZOOKA">
      <Text>Atomik dönem menzilli Birim, saldirmak için bir düsmana bitisik olmalidir.</Text>
    </Row>
    <Row Tag="TXT_KEY_UNIT_HELP_AXMAN">
      <Text>Barbarlarin Savas Arabasi Okçusu'nun yerini almasi.</Text>
    </Row>
    <Row Tag="TXT_KEY_UNIT_HELP_ARCHAEOLOGIST">
      <Text>Arkeologlar, Antik Alanlari kazarak Simgesel Yapi iyilestirmeleri olusturmak veya Müzeler, Saraylar, Ermishaneler ve seçilmis Harikalarda Büyük Sanat Eseri yuvalarini doldurmak için Eserler çikarmak için kullanilan özel bir Isçi alt türüdür. Arkeologlar herhangi bir oyuncunun sahip oldugu bölgede çalisabilir. Bir Antik Bölgede bir Arkeolojik Kaziyi tamamladiklarinda tüketilirler. Arkeologlar [ICON_GOLD] Altin ile satin alinamaz ve yalnizca Üniversitesi olan bir sehirde insa edilebilir.</Text>
    </Row>
    <Row Tag="TXT_KEY_UNIT_HELP_ZULU_IMPI">
      <Text>Sövalyeleri ve diger atli birimleri yenmekte uzmanlasmistir. Sadece Zulu bunu insa edebilir. Ayrica savastan önce bir ilk saldiri menzilli saldirisi gerçeklestirir.</Text>
    </Row>
    <Row Tag="TXT_KEY_UNIT_HELP_ASSYRIAN_SIEGE_TOWER">
      <Text>Bir düsman sehrinin yanindayken yakindaki birimlere sehir saldirisi bonusu veren güçlü yakin muharebe kusatma birimi. Sadece Asurlular tarafindan insa edilebilir.</Text>
    </Row>
    <Row Tag="TXT_KEY_UNIT_HELP_BRAZILIAN_PRACINHA">
      <Text>Bir düsmani yendiginde [ICON_GOLDEN_AGE] Altin Cag puani kazanan Modern Cag piyade birimi. Sadece Brezilya tarafindan insa edilebilir.</Text>
    </Row>
    <Row Tag="TXT_KEY_UNIT_HELP_LANDSKNECHT">
      <Text>Sövalyeleri ve diger atli Birlikleri yenme konusunda uzmanlasmistir. Sadece Almanlar insa edebilir. Bu Birim, yerini aldigi Pikeman'dan çok daha ucuzdur.</Text>
    </Row>
    <Row Tag="TXT_KEY_UNIT_HELP_WINGED_HUSSAR">
      <Text>Düsman atli birimlerini yenme konusunda uzmanlasmis Agir Atli Birim. Bu birim, yerini aldigi Lancer'dan daha hizli ve daha güçlüdür. Aldigindan daha fazla hasar verdiginde savunmacilari geri çekilmeye zorlar. Sadece Polonyalilar tarafindan insa edilebilir.</Text>
    </Row>
    <Row Tag="TXT_KEY_UNIT_HELP_PORTUGUESE_NAU">
      <Text>Deniz kesfinde üstün olan yakin muharebe donanma birimi. Yerini aldigi Karavel'den daha fazla [ICON_MOVES] Harekete sahiptir ve yabanci topraklarin yaninda [ICON_GOLD] Altin ve XP kazanmak için tek seferlik bir yetenek gerçeklestirebilir. Sadece Portekizliler tarafindan insa edilebilir.</Text>
    </Row>
    <Row Tag="TXT_KEY_UNIT_HELP_PARATROOPER">
      <Text>Dost bölgeden 5 kareye kadar paradropping yapabilen güçlü piyade birimi. Parasütçü ayrica paradroplamadan sonra hareket edebilir ve yagmalayabilir, ancak bir sonraki tura kadar savasa giremez.</Text>
    </Row>
    <Row Tag="TXT_KEY_UNIT_HELP_SAMURAI">
      <Text>Güçlü Ortaçag piyade birimi. Sadece Japonlar insa edebilir. Bu Birim daha etkili savasir ve yerini aldigi Uzun Kiliçlidan daha hizli Büyük Generaller üretilmesine yardimci olur.</Text>
    </Row>
    <Row Tag="TXT_KEY_UNIT_PARATROOPER_STRATEGY">
      <Text>Parasütçü oyunun sonlarina dogru kullanilan bir piyadedir. Mekanize bir piyade biriminden biraz daha zayiftir  ancak 5 kareye kadar parasütle atlayabilir (dost bölgede baslarken). Bu, parasütçünün kelimenin tam anlamiyla düsman mevzilerinin üzerinden atlamasina ve yol aglarini yok etmesine, hayati kaynaklari yagmalamasina ve benzeri seylere izin vererek hatlarinin arkasinda yikim yaratmasina olanak tanir. Parasütçü bu tür görevlerde büyük risk altindadir, bu yüzden hedefin buna degdiginden emin olun!</Text>
    </Row>
    <Row Tag="TXT_KEY_UNIT_HELP_BERBER_CAVALRY">
      <Text>Cöl savasinda ve Fas topraklarini korumada uzmanlasmis atli birim. Hem Cöl karelerinde hem de Fas topraklarinda savasirken savas bonuslari alir. Sadece Fas tarafindan insa edilebilir.</Text>
    </Row>
    <Row Tag="TXT_KEY_UNIT_HELP_CARGO_SHIP">
      <Text>Iki uygarlik arasinda [ICON_GOLD] Altin kazandiran deniz tabanli Ticaret Yollari kurar. Ayrica bir Tahil Ambari veya Atölye insa ettikten sonra kendi sinirlariniz içinde [ICON_FOOD] Gida veya [ICON_PRODUCTION] Üretim saglamak için de kullanilabilir.</Text>
    </Row>
    <Row Tag="TXT_KEY_UNIT_HELP_CARAVAN">
      <Text>Iki uygarlik arasinda [ICON_GOLD] Altin kazandiran kara tabanli Ticaret Yollari kurar. Ayrica bir Tahil Ambari veya Atölye insa ettikten sonra kendi sinirlariniz içinde [ICON_FOOD] Gida veya [ICON_PRODUCTION] Üretim saglamak için de kullanilabilir.</Text>
    </Row>
    <Row Tag="TXT_KEY_UNIT_HELP_XCOM_SQUAD">
      <Text>Dünyanin öbür ucundan tehlikenin içine düsme konusunda yetenekli fütüristik piyade birligi. Manga karaya çiktiktan sonra hareket edebilir ve yagmalayabilir ancak bir sonraki tura kadar savasa giremez.[NEWLINE][NEWLINE][COLOR_CYAN]Iyi Sanslar Komutan![ENDCOLOR]</Text>
    </Row>
    <Row Tag="TXT_KEY_UNIT_HELP_FOREIGN_LEGION">
      <Text>Sanayi Caginin Temel Piyade Birimi. Sadece Fransizlar insa edebilir. Bu Birim, yerini aldigi Piyadenin aksine, dost bölge disinda bir muharebe bonusuna sahiptir.</Text>
    </Row>
    <Row Tag="TXT_KEY_UNIT_HELP_ZERO">
      <Text>Gökyüzünün kontrolünü ele geçirmek ve gelen düsman uçaklarini durdurmak için tasarlanmis Hava Birimi. Sadece Japonlar insa edebilir. Bu Birim, yerini aldigi Avci Uçaginin aksine, diger Avci Uçaklarina karsi bir bonusa sahiptir.</Text>
    </Row>
    <Row Tag="TXT_KEY_UNIT_HELP_VENETIAN_MERCHANT">
      <Text>Bu Venedik'e özgü Büyük Kisi, Büyük Tüccar'in yerini alir. Venedik Tüccari, Ticaret Görevi Yürütme yeteneginin yani sira, Sehir Devletlerini dogrudan satin alabilir ve onlari bir Kukla olarak Venedik kontrolü altina sokabilir.</Text>
    </Row>
    <Row Tag="TXT_KEY_GP_MUSICIAN_DETAILS">
      <Text>[ICON_PLUS] Büyük Müzisyenler</Text>
    </Row>
    <Row Tag="TXT_KEY_GP_MUSICIAN_DETAILS_COLLAPSE">
      <Text>[ICON_MINUS] Büyük Müzisyenler</Text>
    </Row>
    <Row Tag="TXT_KEY_GP_WRITER_DETAILS">
      <Text>[ICON_PLUS] Büyük Yazarlar</Text>
    </Row>
    <Row Tag="TXT_KEY_GP_WRITER_DETAILS_COLLAPSE">
      <Text>[ICON_MINUS] Büyük Yazarlar</Text>
    </Row>
    <Row Tag="TXT_KEY_POPUP_DOES_THIS_MEAN_WAR_PLUS_PILLAGE_UPSET">
      <Text>Bu SAVAS anlamina mi geliyor?!? (vs. {1_Team})[NEWLINE]Bu ayni zamanda {2_Team}'i de üzecektir çünkü onlarla baglantili bir ticaret yolunu yagmaliyorsunuz.</Text>
    </Row>
    <Row Tag="TXT_KEY_POPUP_PLUNDER_WARNING">
      <Text>Bu ticaret yolunu yagmalamak {1_Team}'yi üzecektir çünkü sehirlerine baglanmaktadir. Ticaret yolunu yagmalamak ve onlari üzmek istedigine emin misin?</Text>
    </Row>
    <Row Tag="TXT_KEY_MISSION_PLUNDER_TRADE_ROUTE">
      <Text>Yagma Ticaret Yolu</Text>
    </Row>
    <Row Tag="TXT_KEY_MISSION_CREATE_GREAT_WORK">
      <Text>Harika Isler Yaratin</Text>
    </Row>
    <Row Tag="TXT_KEY_MISSION_SELL_EXOTIC_GOODS">
      <Text>Egzotik Ürünler Satmak</Text>
    </Row>
    <Row Tag="TXT_KEY_MISSION_GIVE_POLICIES">
      <Text>Siyasi Inceleme Yazmak</Text>
    </Row>
    <Row Tag="TXT_KEY_MISSION_ONE_SHOT_TOURISM">
      <Text>Konser Turu Gerçeklestirin</Text>
    </Row>
    <Row Tag="TXT_KEY_MISSION_BUY_CITY_STATE">
      <Text>City-State Satin Alin</Text>
    </Row>
    <Row Tag="TXT_KEY_MISSION_BUY_CITY_STATE_HELP">
      <Text>Venedik Tüccari hatiri sayilir servetini kullanarak bir Sehir Devleti satin alir ve kukla sehir olarak Venedik'in kontrolü altina sokar. Küçük uygarligin mevcut tüm birimlerinin kontrolünü kazanirsiniz.</Text>
    </Row>
    <Row Tag="TXT_KEY_MISSION_BUY_CITY_STATE_DISABLED_HELP">
      <Text>Birim, savas halinde olmadiginiz bir Sehir Devletinin topraklarinda olmalidir.</Text>
    </Row>
    <Row Tag="TXT_KEY_BELIEF_CATHEDRALS">
      <Text>Katedraller satin almak için [ICON_PEACE] Inanç kullanin (+1 [ICON_PEACE] Inanç, +3 [ICON_CULTURE] Kültür, +1 [ICON_HAPPINESS_1] Mutluluk, Sanatçi Uzman yuvasi)</Text>
    </Row>
    <Row Tag="TXT_KEY_BELIEF_RELIGIOUS_TEXTS">
      <Text>Din %34 daha hizli yayilir (Matbaa ile %68)</Text>
    </Row>
    <Row Tag="TXT_KEY_RELIGION_TOOLTIP_LINE_WITH_TRADE">
      <Text>{1_ReligionIcon} {2_NumFollowers} Takipçiler {3_PressureString} ({4_Num} ticaret yollari)</Text>
    </Row>
    <Row Tag="TXT_KEY_GOODY_CHOOSE_WARRIOR">
      <Text>Kayip kabileden bir Savasçi al.</Text>
    </Row>
    <Row Tag="TXT_KEY_GOODY_CHOOSE_POPULATION">
      <Text>Kalan nüfusu sehirlerinizden birine katilmaya ikna edin.</Text>
    </Row>
    <Row Tag="TXT_KEY_GOODY_CHOOSE_CULTURE">
      <Text>Kayip kabile ile kurdugunuz bu temasi [ICON_CULTURE] Kültürünüzü gelistirmek için kullanin.</Text>
    </Row>
    <Row Tag="TXT_KEY_GOODY_CHOOSE_REVEAL_NEARBY_BARBS">
      <Text>Yakindaki barbar kamplarinin yerini belirlemek için kabileden gelen bilgileri kullanin.</Text>
    </Row>
    <Row Tag="TXT_KEY_GOODY_CHOOSE_GOLD">
      <Text>Kayip kabile ile [ICON_GOLD] Altin karsiliginda ticaret yapin.</Text>
    </Row>
    <Row Tag="TXT_KEY_GOODY_CHOOSE_MAP">
      <Text>Haritalarina bir göz atin.</Text>
    </Row>
    <Row Tag="TXT_KEY_GOODY_CHOOSE_TECH">
      <Text>Yeni bir teknoloji kesfetmek için araçlarini inceleyin.</Text>
    </Row>
    <Row Tag="TXT_KEY_GOODY_CHOOSE_REVEAL_RESOURCE">
      <Text>Yakindaki bir kaynak için yol tarifi isteyin.</Text>
    </Row>
    <Row Tag="TXT_KEY_GOODY_CHOOSE_UPGRADE_UNIT">
      <Text>Biriminizi gelistirmek için kabilenin etrafindaki ekipmanlari kullanin.</Text>
    </Row>
    <Row Tag="TXT_KEY_GOODY_CHOOSE_BARBARIANS">
      <Text>Bu insanlara barbar olduklarini söyleyin. Tekrar tekrar.</Text>
    </Row>
    <Row Tag="TXT_KEY_GOODY_CHOOSE_SETTLER">
      <Text>Kayip kabileyi medeniyetiniz için bir Yerlesimci olmaya ikna edin.</Text>
    </Row>
    <Row Tag="TXT_KEY_GOODY_CHOOSE_SCOUT">
      <Text>Kayip kabileyi uygarliginiz için bir Izci olmaya ikna edin.</Text>
    </Row>
    <Row Tag="TXT_KEY_GOODY_CHOOSE_WORKER">
      <Text>Kayip kabileyi medeniyetiniz için bir Isçi olmaya ikna edin.</Text>
    </Row>
    <Row Tag="TXT_KEY_GOODY_CHOOSE_EXPERIENCE">
      <Text>Biriminizin deneyim kazanmasi için kayip kabile ile çalisin.</Text>
    </Row>
    <Row Tag="TXT_KEY_GOODY_CHOOSE_HEALING">
      <Text>Biriminizi iyilestirmek için yerel iksirleri için.</Text>
    </Row>
    <Row Tag="TXT_KEY_GOODY_CHOOSE_FAITH">
      <Text>Kayip kabilenin dinini arastirin.</Text>
    </Row>
    <Row Tag="TXT_KEY_GOODY_CHOOSE_PROPHET_FAITH">
      <Text>Büyük bir Peygamberi Kesfedin!</Text>
    </Row>
    <Row Tag="TXT_KEY_MISSION_ESTABLISH_TRADE_ROUTE">
      <Text>Ticaret Rotasi Olusturmak</Text>
    </Row>
    <Row Tag="TXT_KEY_MISSION_ESTABLISH_TRADE_ROUTE_HELP">
      <Text>Bu birimle bu sehirden baska bir sehre bir Ticaret Rotasi olusturun.</Text>
    </Row>
    <Row Tag="TXT_KEY_MISSION_CHANGE_TRADE_UNIT_HOME_CITY">
      <Text>Ev Sehrini Degistir</Text>
    </Row>
    <Row Tag="TXT_KEY_MISSION_CHANGE_TRADE_UNIT_HOME_CITY_HELP">
      <Text>Bu ticaret biriminin ana sehrini degistirin. Bir sonraki turda diger sehre varacaktir. Bu, yeni ana sehrinden ticaret rotalari yapmasini saglar.</Text>
    </Row>
    <Row Tag="TXT_KEY_MISSION_CHANGE_ADMIRAL_PORT">
      <Text>Yeni Limana Tasinin</Text>
    </Row>
    <Row Tag="TXT_KEY_MISSION_CHANGE_ADMIRAL_PORT_HELP">
      <Text>Bu Amirali kontrolünüz altindaki baska bir liman sehrine tasiyin. Bir sonraki turda diger limanin disina tasinabilir.</Text>
    </Row>
    <Row Tag="TXT_KEY_POPUP_ARE_YOU_SURE_IMPROVEMENT_REBUILD_WARN_TRADE_ROUTE">
      <Text>{@1_ActionName} yapmak istediginizden emin misiniz?[NEWLINE]Mevcut Döseme Iyilestirmesi degistirilecek ve bir ticaret rotasinin baglantisi kesilebilir.</Text>
    </Row>
    <Row Tag="TXT_KEY_BELIEF_MESSENGER_GODS">
      <Text>+2 [ICON_RESEARCH] Ticaret Rotasi olan sehirlerde bilim</Text>
    </Row>
    <!-- PROMOTIONS -->
    <Row Tag="TXT_KEY_PROMOTION_NAVAL_TRADITION">
      <Text>Denizcilik Gelenegi</Text>
    </Row>
    <Row Tag="TXT_KEY_PROMOTION_SAPPER">
      <Text>Sapper</Text>
    </Row>
    <Row Tag="TXT_KEY_PROMOTION_SAPPER_HELP">
      <Text>Bir düsman sehrinin yanindayken, 2 karo içindeki diger birimler sehre saldirirken %50 Bonus alir.</Text>
    </Row>
    <Row Tag="TXT_KEY_PROMOTION_CITY_SIEGE_II">
      <Text>Sehirlere Karsi Bonus (250)</Text>
    </Row>
    <Row Tag="TXT_KEY_PROMOTION_CITY_SIEGE_II_HELP">
      <Text>Sehirlere karsi +250% Bonus.</Text>
    </Row>
    <Row Tag="TXT_KEY_PROMOTION_GOLDEN_AGE_POINTS">
      <Text>Zaferlerden Altin Cag</Text>
    </Row>
    <Row Tag="TXT_KEY_PROMOTION_GOLDEN_AGE_POINTS_HELP">
      <Text>Öldürülen her düsman için bir Altin Cag puani kazanin.</Text>
    </Row>
    <Row Tag="TXT_KEY_PROMOTION_FAST_GENERAL_HELP">
      <Text>+2 [ICON_MOVES] Hareket.</Text>
    </Row>
    <Row Tag="TXT_KEY_PROMOTION_NATIONALISM">
      <Text>Milliyetçilik</Text>
    </Row>
    <Row Tag="TXT_KEY_PROMOTION_BUFFALO_HORNS_HELP">
      <Text>+1 Hareket. Yan saldiri bonusu 25 artirildi%. Tüm [COLOR_POSITIVE_TEXT]Menzilli Saldirilara[ENDCOLOR] karsi +%10 [COLOR_POSITIVE_TEXT]Savunma[ENDCOLOR].</Text>
    </Row>
    <Row Tag="TXT_KEY_PROMOTION_BUFFALO_CHEST_HELP">
      <Text>[COLOR_POSITIVE_TEXT]ACIK[ENDCOLOR] Arazide savasirken +%10 [ICON_STRENGTH] Savas Gücü. (Tepe, Orman veya Orman Yok). Yan saldiri bonusu 25%. artirildi Tüm [COLOR_POSITIVE_TEXT]Menzilli Saldirilara[ENDCOLOR] karsi +%10 [COLOR_POSITIVE_TEXT]Savunma[ENDCOLOR].</Text>
    </Row>
    <Row Tag="TXT_KEY_PROMOTION_BUFFALO_LOINS_HELP">
      <Text>+%10 [ICON_STRENGTH] Savas Gücü. Yan saldiri bonusu %25 artti%. Tüm [COLOR_POSITIVE_TEXT]Menzilli Saldirilara[ENDCOLOR] karsi +%10 [COLOR_POSITIVE_TEXT]Savunma[ENDCOLOR].</Text>
    </Row>
    <Row Tag="TXT_KEY_PROMOTION_TRADE_MISSION_BONUS_HELP">
      <Text>Normal bir Ticaret Görevine göre +%100 daha fazla [ICON_GOLD] Altin ve +%100 daha fazla sehir devleti etkisi.</Text>
    </Row>
    <Row Tag="TXT_KEY_PROMOTION_HEAVY_CHARGE_HELP">
      <Text>Aldigindan daha fazla hasar verirse savunmaciyi geri çekilmeye zorlar. Geri çekilemeyen bir savunmaci fazladan hasar alir.</Text>
    </Row>
    <Row Tag="TXT_KEY_PROMOTION_ANTI_GUNPOWDER_HELP">
      <Text>Yakin dövüse girmeden önce, bu birimin fazladan bir saldirisi vardir.</Text>
    </Row>
    <Row Tag="TXT_KEY_PROMOTION_BUFFALO_CHEST">
      <Text>Bufalo Sandigi</Text>
    </Row>
    <Row Tag="TXT_KEY_PROMOTION_BUFFALO_HORNS">
      <Text>Bufalo Boynuzlari</Text>
    </Row>
    <Row Tag="TXT_KEY_PROMOTION_BUFFALO_LOINS">
      <Text>Buffalo Loins</Text>
    </Row>
    <Row Tag="TXT_KEY_PROMOTION_TRADE_MISSION_BONUS">
      <Text>Ticaret Görevi Bonusu</Text>
    </Row>
    <Row Tag="TXT_KEY_PROMOTION_HEAVY_CHARGE">
      <Text>Agir Yük</Text>
    </Row>
    <Row Tag="TXT_KEY_PROMOTION_ANTI_GUNPOWDER">
      <Text>Mizrak Firlatma</Text>
    </Row>
    <Row Tag="TXT_KEY_PROMOTION_HOMELAND_GUARDIAN">
      <Text>Homeland Guardian</Text>
    </Row>
    <Row Tag="TXT_KEY_PROMOTION_HOMELAND_GUARDIAN_HELP">
      <Text>Bölgenizdeki savaslarda +%25 Bonus</Text>
    </Row>
    <Row Tag="TXT_KEY_PROMOTION_HOMELAND_GUARDIAN_BOOGALOO">
      <Text>Atalarimizin Gururu</Text>
    </Row>
    <Row Tag="TXT_KEY_PROMOTION_HOMELAND_GUARDIAN_BOOGALOO_HELP">
      <Text>Bölgenizdeki savaslarda +%15 Bonus</Text>
    </Row>
    <Row Tag="TXT_KEY_PROMOTION_DESERT_WARRIOR">
      <Text>Cöl Savasçisi</Text>
    </Row>
    <Row Tag="TXT_KEY_PROMOTION_DESERT_WARRIOR_HELP">
      <Text>[COLOR_POSITIVE_TEXT]Cölde[ENDCOLOR] savasirken +%50 [ICON_STRENGTH] Savas Gücü</Text>
    </Row>
    <Row Tag="TXT_KEY_PROMOTION_MOON_STRIKER">
      <Text>Dolunay Vurucusu</Text>
    </Row>
    <Row Tag="TXT_KEY_PROMOTION_MOON_STRIKER_HELP">
      <Text>+1 Hareket</Text>
    </Row>
    <Row Tag="TXT_KEY_PROMOTION_GOODY_HUT_PICKER">
      <Text>Anadil</Text>
    </Row>
    <Row Tag="TXT_KEY_PROMOTION_GOODY_HUT_PICKER_HELP">
      <Text>Kadim Harabeleri kesfederken fayda seçebilir.</Text>
    </Row>
    <Row Tag="TXT_KEY_PROMOTION_ALTITUDE_TRAINING">
      <Text>Yükseklik Egitimi</Text>
    </Row>
    <Row Tag="TXT_KEY_PROMOTION_ALTITUDE_TRAINING_HELP">
      <Text>Tepede çift hareket. [COLOR_POSITIVE_TEXT]Tepe'de[ENDCOLOR] savasirken +%10 [ICON_STRENGTH] Savas Gücü.</Text>
    </Row>
    <Row Tag="TXT_KEY_PROMOTION_MYSTIC_BLADE">
      <Text>Mistik Biçak</Text>
    </Row>
    <Row Tag="TXT_KEY_PROMOTION_MYSTIC_BLADE_HELP">
      <Text>Terfi, birim ilk savasini tamamladiktan sonra rastgele seçilen yeni bir terfi ile degistirilir</Text>
    </Row>
    <Row Tag="TXT_KEY_PROMOTION_INVULNERABIILITY">
      <Text>Dokunulmazlik</Text>
    </Row>
    <Row Tag="TXT_KEY_PROMOTION_INVULNERABIILITY_HELP">
      <Text>Savunma yaparken +%30 Savas Bonusu. Iyilesirken +20 Hit Puani</Text>
    </Row>
    <Row Tag="TXT_KEY_PROMOTION_SNEAK_ATTACK">
      <Text>Sinsi Saldiri</Text>
    </Row>
    <Row Tag="TXT_KEY_PROMOTION_SNEAK_ATTACK_HELP">
      <Text>Yan saldiri bonusu 50 artirildi%.</Text>
    </Row>
    <Row Tag="TXT_KEY_PROMOTION_HEROISM">
      <Text>Kahramanlik</Text>
    </Row>
    <Row Tag="TXT_KEY_PROMOTION_HEROISM_HELP">
      <Text>Birim, yakindaki birimlere sanki bir Büyük Generalmis gibi savas bonusu verir</Text>
    </Row>
    <Row Tag="TXT_KEY_PROMOTION_AMBITION">
      <Text>Hirs</Text>
    </Row>
    <Row Tag="TXT_KEY_PROMOTION_AMBITION_HELP">
      <Text>Saldirirken +%50 Savas Bonusu. Savunurken -%20 ceza</Text>
    </Row>
    <Row Tag="TXT_KEY_PROMOTION_RESTLESSNESS">
      <Text>Huzursuzluk</Text>
    </Row>
    <Row Tag="TXT_KEY_PROMOTION_RESTLESSNESS_HELP">
      <Text>Iki Kez Saldirabilir. 1 Ekstra Hareket</Text>
    </Row>
    <Row Tag="TXT_KEY_PROMOTION_RECRUITMENT">
      <Text>Ise Alim</Text>
    </Row>
    <Row Tag="TXT_KEY_PROMOTION_RECRUITMENT_HELP">
      <Text>Barbar Olmayan Birimi Öldürürse Tüm Hasari Iyilestirir</Text>
    </Row>
    <Row Tag="TXT_KEY_PROMOTION_ENEMY_BLADE">
      <Text>Trickster'in Silahi</Text>
    </Row>
    <Row Tag="TXT_KEY_PROMOTION_ENEMY_BLADE_HELP">
      <Text>Sira Düsman Bölgesinde Biterse 20 Hasar Alir</Text>
    </Row>
    <Row Tag="TXT_KEY_PROMOTION_EVIL_SPIRITS">
      <Text>Kötü Ruhlar</Text>
    </Row>
    <Row Tag="TXT_KEY_PROMOTION_EVIL_SPIRITS_HELP">
      <Text>Saldirirken -%10 ceza. Savunurken -%30 ceza</Text>
    </Row>
    <Row Tag="TXT_KEY_PROMOTION_EXTENDED_PARADROP">
      <Text>Skyranger</Text>
    </Row>
    <Row Tag="TXT_KEY_PROMOTION_EXTENDED_PARADROP_HELP">
      <Text>Genisletilmis menzil ile paradrop yapabilir (40 hexes)</Text>
    </Row>
    <Row Tag="TXT_KEY_PROMOTION_LIGHTNING_WARFARE">
      <Text>Yildirim Savasi</Text>
    </Row>
    <Row Tag="TXT_KEY_PROMOTION_LIGHTNING_WARFARE_HELP">
      <Text>Saldirirken +%15 Savas Bonusu. +1 [ICON_MOVES] Hareket. Düsman Kontrol Bölgelerini yok say.</Text>
    </Row>
    <Row Tag="TXT_KEY_PROMOTION_WOLFPACK_1">
      <Text>Wolfpack I</Text>
    </Row>
    <Row Tag="TXT_KEY_PROMOTION_WOLFPACK_1_HELP">
      <Text>Saldirirken +%25 Savas Bonusu.</Text>
    </Row>
    <Row Tag="TXT_KEY_PROMOTION_WOLFPACK_2">
      <Text>Wolfpack II</Text>
    </Row>
    <Row Tag="TXT_KEY_PROMOTION_WOLFPACK_2_HELP">
      <Text>Saldirirken +%25 Savas Bonusu.</Text>
    </Row>
    <Row Tag="TXT_KEY_PROMOTION_WOLFPACK_3">
      <Text>Wolfpack III</Text>
    </Row>
    <Row Tag="TXT_KEY_PROMOTION_WOLFPACK_3_HELP">
      <Text>Saldirirken +%25 Savas Bonusu.</Text>
    </Row>
    <Row Tag="TXT_KEY_PROMOTION_FLIGHT_DECK_1">
      <Text>Uçus Güvertesi I</Text>
    </Row>
    <Row Tag="TXT_KEY_PROMOTION_FLIGHT_DECK_1_HELP">
      <Text>1 adet ekstra hava ünitesi tasiyabilir.</Text>
    </Row>
    <Row Tag="TXT_KEY_PROMOTION_FLIGHT_DECK_2">
      <Text>Uçus Güvertesi II</Text>
    </Row>
    <Row Tag="TXT_KEY_PROMOTION_FLIGHT_DECK_2_HELP">
      <Text>1 adet ekstra hava ünitesi tasiyabilir.</Text>
    </Row>
    <Row Tag="TXT_KEY_PROMOTION_FLIGHT_DECK_3">
      <Text>Uçus Güvertesi III</Text>
    </Row>
    <Row Tag="TXT_KEY_PROMOTION_FLIGHT_DECK_3_HELP">
      <Text>1 adet ekstra hava ünitesi tasiyabilir.</Text>
    </Row>
    <Row Tag="TXT_KEY_PROMOTION_ARMOR_PLATING_1">
      <Text>Zirh Kaplama I</Text>
    </Row>
    <Row Tag="TXT_KEY_PROMOTION_ARMOR_PLATING_1_HELP">
      <Text>Savunma yaparken +%25 Savas Bonusu.</Text>
    </Row>
    <Row Tag="TXT_KEY_PROMOTION_ARMOR_PLATING_2">
      <Text>Zirh Kaplama II</Text>
    </Row>
    <Row Tag="TXT_KEY_PROMOTION_ARMOR_PLATING_2_HELP">
      <Text>Savunma yaparken +%25 Savas Bonusu.</Text>
    </Row>
    <Row Tag="TXT_KEY_PROMOTION_ARMOR_PLATING_3">
      <Text>Zirh Kaplama III</Text>
    </Row>
    <Row Tag="TXT_KEY_PROMOTION_ARMOR_PLATING_3_HELP">
      <Text>Savunma yaparken +%25 Savas Bonusu.</Text>
    </Row>
    <Row Tag="TXT_KEY_PROMOTION_SELL_EXOTIC_GOODS">
      <Text>Egzotik Kargo</Text>
    </Row>
    <Row Tag="TXT_KEY_PROMOTION_SELL_EXOTIC_GOODS_HELP">
      <Text>Yabanci bir kareye bitisikken Egzotik Mallar satarak baskente olan uzakliga bagli olarak [ICON_GOLD] Altin ve XP kazanabilir, ancak yalnizca bir kez.</Text>
    </Row>
    <Row Tag="TXT_KEY_PROMOTION_DOUBLE_PLUNDER">
      <Text>Sehir Yagmasi</Text>
    </Row>
    <Row Tag="TXT_KEY_PROMOTION_DOUBLE_PLUNDER_HELP">
      <Text>Bir sehre verilen hasarin %100'üne esit altin [ICON_GOLD] çalar.</Text>
    </Row>
    <!-- BUILDINGS HELP -->
    <Row Tag="TXT_KEY_BUILDING_AIRPORT_HELP">
      <Text>Bu sehre veya bu sehirden hava tasimaciligina izin verir. [COLOR_POSITIVE_TEXT]Sehrin hava birimi kapasitesini 6'dan 10'a çikarir. [ENDCOLOR] Dünya Harikalari, Dogal Harikalar ve Iyilestirmelerden (Simgesel Yapilar, Moai, Sato) elde edilen [ICON_CULTURE] Kültürün %50'si sehrin [ICON_TOURISM] Turizm çiktisina eklenir. [ICON_TOURISM] Büyük Eserlerden elde edilen turizm çiktisi +50%.</Text>
    </Row>
    <Row Tag="TXT_KEY_BUILDING_ARTISTS_GUILD_HELP">
      <Text>Bir Büyük Sanatçi için 2 [ICON_GREAT_PEOPLE] Büyük Kisi Puani (GPP) saglar. [ICON_CULTURE] Kültür kazanmak ve Büyük Sanatçi kazanma oranini artirmak için bu binaya en fazla iki uzman ekleyin (uzman basina 3 [ICON_CULTURE] Kültür ve 3 [ICON_GREAT_PEOPLE] GPP).</Text>
    </Row>
    <Row Tag="TXT_KEY_BUILDING_BAZAAR_HELP">
      <Text>Bu Sehrin yakinindaki her gelismis lüks kaynagin 1 ekstra kopyasini saglar.  Her [ICON_RES_OIL] Petrol kaynagi ve her Vaha +2 [ICON_GOLD] Altin saglar.</Text>
    </Row>
    <Row Tag="TXT_KEY_BUILDING_CANDI_HELP">
      <Text>Benzersiz Endonezya Bahçesi degisimi. Bu Sehirde +%25 [ICON_GREAT_PEOPLE] Büyük Insan üretimi ve sehirde en az 1 takipçisi olan her Dünya Dini için +2 [ICON_PEACE] Inanç. [NEWLINE][NEWLINE]Bahçenin aksine Candi'nin bir Nehir veya Gölün yanina insa edilmesi gerekmez.</Text>
    </Row>
    <Row Tag="TXT_KEY_BUILDING_CARAVANSARY_HELP">
      <Text>Bu sehirden çikan kara ticaret yollarinin menzili %50 artar ve baska bir uygarliga baglanirken ek 2 [ICON_GOLD] Altin üretir.</Text>
    </Row>
    <Row Tag="TXT_KEY_BUILDING_DUCAL_STABLE_HELP">
      <Text>Essiz Polonyali Ahir degisimi. Atli Birimler için +%15 [ICON_PRODUCTION] Üretim ve +15 XP.[NEWLINE][NEWLINE]Bu Sehir tarafindan islenen her Mera +1 [ICON_PRODUCTION] Üretim ve +1 [ICON_GOLD] Altin üretir.</Text>
    </Row>
    <Row Tag="TXT_KEY_BUILDING_GRANARY_HELP">
      <Text>Bu Sehir tarafindan islenen her [ICON_RES_WHEAT] Bugday [ICON_RES_BANANA] Muz ve [ICON_RES_DEER] Geyik kaynagi +1 [ICON_FOOD] Gida üretir.</Text>
    </Row>
    <Row Tag="TXT_KEY_BUILDING_HANSE_HELP">
      <Text>Benzersiz Alman Bankasi degisimi. Uygarliginizin bir Sehir Devleti ile olan her Ticaret Yolu için +%5 [ICON_PRODUCTION] Üretim. Diger oyuncularin Hanse'li bir sehre yaptigi ticaret rotalari, sehir sahibi için ekstra 1 [ICON_GOLD] Altin üretir ve ticaret rotasi sahibi ticaret rotasi için ek 1 [ICON_GOLD] Altin kazanir.</Text>
    </Row>
    <Row Tag="TXT_KEY_PRODMOD_YIELD_HANSE">
      <Text>[NEWLINE][ICON_BULLET]Hanse için degistirici: {1_Num}%</Text>
    </Row>
    <Row Tag="TXT_KEY_BUILDING_HARBOR_HELP">
      <Text>[ICON_CAPITAL] Baskent ile su üzerinden bir [ICON_CONNECTED] Ticaret Yolu olusturur (zaten [ICON_CONNECTED] kara yoluyla bagli degillerse). Bu Sehir tarafindan islenen Deniz Kaynaklarindan +1 [ICON_PRODUCTION] Üretim.[NEWLINE][NEWLINE]Sehir kiyida insa edilmelidir.</Text>
    </Row>
    <Row Tag="TXT_KEY_BUILDING_HOTEL_HELP">
      <Text>Dünya Harikalari, Dogal Harikalar ve Iyilestirmelerden (Simgesel Yapilar, Moai, Sato) elde edilen [ICON_CULTURE] Kültürün %50'si sehrin [ICON_TOURISM] Turizm çiktisina eklenir. [ICON_TOURISM] Büyük Eserlerden elde edilen turizm çiktisi +50%.</Text>
    </Row>
    <Row Tag="TXT_KEY_BUILDING_IKANDA_HELP">
      <Text>Benzersiz Zulu Kislasi degisimi. Barut öncesi yakin muharebe birimlerine benzersiz terfiler verir.</Text>
    </Row>
    <Row Tag="TXT_KEY_BUILDING_LIGHTHOUSE_HELP">
      <Text>Okyanus Karolarindan +1 [ICON_FOOD] Yiyecek.[NEWLINE][NEWLINE]Bu Sehir tarafindan islenen her [ICON_RES_FISH] Balik kaynagi +1 [ICON_FOOD] Yiyecek üretir.[NEWLINE][NEWLINE]Sehir kiyida insa edilmelidir.</Text>
    </Row>
    <Row Tag="TXT_KEY_BUILDING_MUSICIANS_GUILD_HELP">
      <Text>Bir Büyük Müzisyen için 3 [ICON_GREAT_PEOPLE] Büyük Kisi Puani (GPP) saglar. [ICON_CULTURE] Kültür kazanmak ve Büyük Müzisyen edinme oranini artirmak için bu binaya en fazla iki uzman ekleyin (uzman basina 3 [ICON_CULTURE] Kültür ve 3 [ICON_GREAT_PEOPLE] GPP).</Text>
    </Row>
    <Row Tag="TXT_KEY_BUILDING_NATIONAL_TREASURY_HELP">
      <Text>Tüm Sehirlerde bir Pazar insa etmis olmalisiniz. Imparatorluktaki sehir sayisi arttikça maliyet de artar.</Text>
    </Row>
    <Row Tag="TXT_KEY_BUILDING_ROYAL_LIBRARY_HELP">
      <Text>Essiz Asur Kütüphanesi degisimi. Bu Sehirdeki her 2 [ICON_CITIZEN] Vatandas için +1 [ICON_RESEARCH] Bilim. Ayrica dolduruldugunda egitimli Birimlere fazladan XP veren bir Büyük Yazi Eseri yuvasi vardir.</Text>
    </Row>
    <Row Tag="TXT_KEY_BUILDING_SATRAPS_COURT_HELP">
      <Text>Sehrin bir pazari olmali.</Text>
    </Row>
    <Row Tag="TXT_KEY_BUILDING_TOURIST_CENTER_HELP">
      <Text>Tüm Sehirlerde bir Otel insa etmis olmalisiniz. Imparatorluktaki sehir sayisi arttikça maliyet de artar. Dünya Harikalari, Dogal Harikalar ve Iyilestirmelerden (Simgesel Yapilar, Moai, Sato) elde edilen [ICON_CULTURE] Kültürün %100'ü sehrin [ICON_TOURISM] Turizm çiktisina eklenir. [ICON_TOURISM] Büyük Eserlerden elde edilen turizm çiktisi +100%.</Text>
    </Row>
    <Row Tag="TXT_KEY_BUILDING_UNIVERSITY_HELP">
      <Text>Bu Sehir tarafindan islenen Orman karolarindan +2 [ICON_RESEARCH] Bilim.[NEWLINE][NEWLINE]Sehrin bir Kütüphanesi olmalidir.</Text>
    </Row>
    <Row Tag="TXT_KEY_BUILDING_WORKSHOP_HELP">
      <Text>[ICON_PRODUCTION] Üretimin bu sehirden uygarliginiz içindeki ticaret yollari boyunca tasinmasina izin verir.</Text>
    </Row>
    <Row Tag="TXT_KEY_BUILDING_WRITERS_GUILD_HELP">
      <Text>Bir Büyük Yazar için 1 [ICON_GREAT_PEOPLE] Büyük Kisi Puani (GPP) saglar. [ICON_CULTURE] Kültür kazanmak ve Büyük Yazar edinme oranini artirmak için bu binaya en fazla iki uzman ekleyin (uzman basina 3 [ICON_CULTURE] Kültür ve 3 [ICON_GREAT_PEOPLE] GPP).</Text>
    </Row>
    <Row Tag="TXT_KEY_BUILDING_STADIUM_HELP">
      <Text>Bir sehirdeki [ICON_CITIZEN] Vatandas sayisindan daha fazla [ICON_HAPPINESS_1] Mutluluk saglayamaz. Sehrin bir tiyatrosu olmalidir.</Text>
    </Row>
    <!-- IMPROVEMENTS HELP -->
    <Row Tag="TXT_KEY_CIV5_IMPROVEMENTS_BRAZILWOOD_CAMP_HELP">
      <Text>Bir Brazilwood Kampi yalnizca bir Orman karesi üzerine insa edilebilir.  Ilave [ICON_GOLD] Altin saglar. Akustik teknolojisi arastirildiktan sonra ekstra [ICON_CULTURE] Kültür de saglar.</Text>
    </Row>
    <Row Tag="TXT_KEY_CIV5_IMPROVEMENTS_FEITORIA_HELP">
      <Text>Bir Feitoria yalnizca bir Sehir Devletinin topraklarinda, kaynagi olmayan bir kiyi karesi üzerine insa edilebilir.  Sehir Devletiyle olan durumunuz ne olursa olsun, Sehir Devletinin bagli oldugu her Lüks Kaynak türünden size bir kopya saglar, ancak bu kopya takas edilemez.  Ayrica bir Kale ile ayni +%50 savunma bonusunu saglar. Sadece Portekizliler tarafindan insa edilebilir.</Text>
    </Row>
    <Row Tag="TXT_KEY_CIV5_IMPROVEMENTS_KASBAH_HELP">
      <Text>Bir Kasbah yalnizca bir Cöl karesi üzerine insa edilebilir.  Bir ek [ICON_FOOD] Yiyecek, [ICON_PRODUCTION] Üretim ve [ICON_GOLD] Altin saglar. Ayrica bir Kale ile ayni +%50 savunma bonusunu saglar. Fas topraklarinda insa edilmelidir.</Text>
    </Row>
    <Row Tag="TXT_KEY_CIV5_IMPROVEMENTS_CHATEAU_HELP">
      <Text>Bir Sato, Lüks bir kaynaga bitisik olarak insa edilmelidir.  Baska bir Satoya bitisik olamaz. Kale ile ayni +%50 savunma bonusunu saglar. Fransiz topraklarinda insa edilmelidir. Uçus arastirildiginda [ICON_CULTURE] Kültür verimi 1 ve [ICON_GOLD] Altin üretimi 2 artar.</Text>
    </Row>
    <!-- WONDERS HELP -->
    <Row Tag="TXT_KEY_WONDER_BOROBUDUR_HELP">
      <Text>Kutsal bir Sehirde insa edilmelidir. 3 ücretsiz Misyoner ortaya çikar.</Text>
    </Row>
    <Row Tag="TXT_KEY_WONDER_COLOSSUS_HELP">
      <Text>+1 [ICON_GOLD] Bu Sehir tarafindan islenen su taslarindan gelen altin.[NEWLINE][NEWLINE]Sehir kiyida insa edilmelidir.</Text>
    </Row>
    <Row Tag="TXT_KEY_WONDER_RED_FORT_HELP">
      <Text>Tüm Sehirlerdeki Savunma Binalari %25 daha etkili.</Text>
    </Row>
    <Row Tag="TXT_KEY_WONDER_KREMLIN_HELP">
      <Text>Tüm Sehirlerdeki Savunma Binalari %25 daha etkili.</Text>
    </Row>
    <Row Tag="TXT_KEY_WONDER_PARTHENON_HELP">
      <Text>Büyük Eser Yuvasinda önceden olusturulmus bir Büyük Sanat Eseri içerir.</Text>
    </Row>
    <Row Tag="TXT_KEY_WONDER_PETRA_HELP">
      <Text>Sehir Cölün üzerine veya yanina insa edilmelidir. Bu sehir tarafindan islenen tüm çöl karolari için +1 [ICON_FOOD] Gida, +1 [ICON_PRODUCTION] Üretim, +1 [ICON_GOLD] Altin (Sel Ovalari hariç). Arkeoloji kesfedildiginde +6 [ICON_CULTURE] Kültür. Insa edildigi sehirde ücretsiz bir Amfitiyatro saglar.</Text>
    </Row>
    <Row Tag="TXT_KEY_WONDER_PRORA_RESORT_HELP">
      <Text>Otokrasi gerektirir. Prora Resort, +2 [ICON_HAPPINESS_1] Mutluluga ek olarak, benimsediginiz her 2 Politika için +1 [ICON_HAPPINESS_1] Mutluluk daha saglar. 1 Ücretsiz Sosyal Politika. Bir kiyi sehrinde insa edilmelidir.</Text>
    </Row>
    <Row Tag="TXT_KEY_WONDER_STATUE_OF_LIBERTY_HELP">
      <Text>Her sehirdeki Uzmanlardan +1 [ICON_PRODUCTION] Üretim.</Text>
    </Row>
    <Row Tag="TXT_KEY_WONDER_TERRA_COTTA_ARMY_HELP">
      <Text>Kontrol ettiginiz her tür askeri kara biriminin bir kopyasini olusturur ve bu birimi Terracotta Ordusu'nun insa edildigi sehrin yakinina yerlestirir.</Text>
    </Row>
    <!-- NATURAL WONDERS HELP -->
    <Row Tag="TXT_KEY_CIV5_FEATURES_KILIMANJARO_HELP">
      <Text>Yaninda bulunan tüm birimler Tepeler boyunca iki kat hizla hareket eder ve oyunun geri kalaninda Tepelerde savas bonusu alir.</Text>
    </Row>
    <!-- TECH HELP -->
    <Row Tag="TXT_KEY_TECH_COMPASS_HELP">
      <Text>Sehirlerden baskente su üzerinden ticaret yollari olusturan ve [ICON_GOLD] Altin üreten [COLOR_POSITIVE_TEXT]Liman[ENDCOLOR] insa etmenizi saglar.</Text>
    </Row>
    <Row Tag="TXT_KEY_TECH_NUCLEAR_FISSION_HELP">
      <Text>Oyundaki ilk nükleer silah olan [COLOR_POSITIVE_TEXT]Atom Bombalarini[ENDCOLOR] insa etmenizi saglar (not: öncelikle Manhattan Projesini tamamlamis olmaniz ve [ICON_RES_URANIUM] Uranyuma sahip olmaniz gerekir). Ayrica [ICON_RES_URANIUM] Uranyum gerektiren ve bir Sehrin [ICON_PRODUCTION] Üretimini artiran bir bina olan [COLOR_POSITIVE_TEXT] Nükleer Santrali [ENDCOLOR] insa etmenizi saglar.</Text>
    </Row>
    <Row Tag="TXT_KEY_TECH_INTERNET_HELP">
      <Text>Internet, tüm sehirlerinizin [ICON_TOURISM] Turizm çiktisini otomatik olarak ikiye katlayarak [COLOR_POSITIVE_TEXT] Kültür Zaferi'ne [ENDCOLOR] dogru ilerlemenize yardimci olur.</Text>
    </Row>
    <Row Tag="TXT_KEY_TECH_PRINTING_PRESS_HELP">
      <Text>Imparatorluktaki Mutlulugu [ICON_HAPPINESS_1] artiran ve [ICON_GOLDEN_AGE] Altin Caglari daha olasi hale getiren bir bina olan [COLOR_POSITIVE_TEXT]Tiyatro[ENDCOLOR] insa etmenizi saglar.</Text>
    </Row>
    <!-- THEMING BONUS STRINGS-->
    <Row Tag="TXT_KEY_SISTINE_CHAPEL_THEMING_BONUS_HELP">
      <Text>Bonusunuzu en üst düzeye çikarmak için, Büyük Eser Slotlarinin hepsinin ayni Cag ve Medeniyetten Sanatla dolu oldugundan emin olun.</Text>
    </Row>
    <Row Tag="TXT_KEY_LOUVRE_THEMING_BONUS_HELP">
      <Text>Bonusunuzu en üst düzeye çikarmak için, Büyük Eser Yuvalarinin 2 Büyük Sanat Eseri ve 2 Eser ile dolduruldugundan ve 4'ünün de farkli Caglardan ve farkli Medeniyetlerden oldugundan emin olun.</Text>
    </Row>
    <Row Tag="TXT_KEY_UFFIZI_THEMING_BONUS_HELP">
      <Text>Bonusunuzu en üst düzeye çikarmak için, Büyük Eser Slotlarinin hepsinin ayni Cag ve Medeniyetten Sanatla dolu oldugundan emin olun.</Text>
    </Row>
    <Row Tag="TXT_KEY_HERMITAGE_THEMING_BONUS_HELP">
      <Text>Bonusunuzu en üst düzeye çikarmak için, Great Work Slotlarinin hepsinin farkli Caglardan ve farkli Medeniyetlerden Sanatla dolu oldugundan emin olun.</Text>
    </Row>
    <Row Tag="TXT_KEY_OXFORD_UNIVERSITY_THEMING_BONUS_HELP">
      <Text>Bonusunuzu en üst düzeye çikarmak için, Büyük Eser Yuvalarinin hepsinin farkli Caglardan ve sehir sahibi disindaki Medeniyetlerden Yazilarla dolu oldugundan emin olun.</Text>
    </Row>
    <Row Tag="TXT_KEY_MUSEUM_THEMING_BONUS_HELP">
      <Text>Bonusunuzu en üst düzeye çikarmak için, her iki Büyük Eserin de ayni türde (her ikisi de Sanat Eseri veya her ikisi de Eser), her ikisinin de ayni Cagdan ve her ikisinin de sehrin uygarligindan veya her ikisinin de sehrin sahibi disindaki uygarliklardan oldugundan emin olun.</Text>
    </Row>
    <Row Tag="TXT_KEY_GLOBE_THEATER_THEMING_BONUS_HELP">
      <Text>Bonusunuzu en üst düzeye çikarmak için, Büyük Eser Slotlarinin hepsinin ayni Cag ve Medeniyetten Yazilarla dolu oldugundan emin olun.</Text>
    </Row>
    <Row Tag="TXT_KEY_BROADWAY_THEMING_BONUS_HELP">
      <Text>Bonusunuzu en üst düzeye çikarmak için Great Work Slotlarinin hepsinin ayni Cag ve Medeniyetten Müziklerle dolu oldugundan emin olun.</Text>
    </Row>
    <Row Tag="TXT_KEY_GREAT_LIBRARY_THEMING_BONUS_HELP">
      <Text>Bonusunuzu en üst düzeye çikarmak için, Büyük Eser Slotlarinin hepsinin farkli Caglardan ve farkli Medeniyetlerden Yazilarla dolu oldugundan emin olun.</Text>
    </Row>
    <Row Tag="TXT_KEY_SYDNEY_OPERA_HOUSE_THEMING_BONUS_HELP">
      <Text>Bonusunuzu en üst düzeye çikarmak için, Great Work Slotlarinin hepsinin farkli Caglardan ama ayni Medeniyetten Müziklerle dolu oldugundan emin olun.</Text>
    </Row>
    <Row Tag="TXT_KEY_THEMING_BONUS_MUSEUM_1">
      <Text>{1_EraAdjective} {2_CivAdjective} Müzesi Sanat</Text>
    </Row>
    <Row Tag="TXT_KEY_THEMING_BONUS_MUSEUM_2">
      <Text>{1_EraAdjective} {2_CivAdjective} Müzesi Savas</Text>
    </Row>
    <Row Tag="TXT_KEY_THEMING_BONUS_MUSEUM_3">
      <Text>{1_EraAdjective} Müzesi Sanat</Text>
    </Row>
    <Row Tag="TXT_KEY_THEMING_BONUS_MUSEUM_4">
      <Text>{1_EraAdjective} Müzesi Savas</Text>
    </Row>
    <Row Tag="TXT_KEY_THEMING_BONUS_MUSEUM_5">
      <Text>{1_CivAdjective} {2_EraAdjective} Müzesi Era</Text>
    </Row>
    <Row Tag="TXT_KEY_THEMING_BONUS_MUSEUM_6">
      <Text>Dünya Müzeleri {1_EraAdjective} Era</Text>
    </Row>
    <Row Tag="TXT_KEY_THEMING_BONUS_MUSEUM_7">
      <Text>{1_CivAdjective} Müzesi Sanat</Text>
    </Row>
    <Row Tag="TXT_KEY_THEMING_BONUS_MUSEUM_8">
      <Text>{1_CivAdjective} Müzesi Savas</Text>
    </Row>
    <Row Tag="TXT_KEY_THEMING_BONUS_HERMITAGE">
      <Text>Dünya Sanatlari Müzesi</Text>
    </Row>
    <Row Tag="TXT_KEY_THEMING_BONUS_SISTINE_CHAPEL">
      <Text>{1_Era} {2_CivAdjective} Sapeli Sanat</Text>
    </Row>
    <Row Tag="TXT_KEY_THEMING_BONUS_OXFORD_UNIVERSITY">
      <Text>Dünya Edebiyati Kütüphanesi</Text>
    </Row>
    <Row Tag="TXT_KEY_THEMING_BONUS_LOUVRE">
      <Text>Dünyanin En Cok Ziyaret Edilen Müzesi</Text>
    </Row>
    <Row Tag="TXT_KEY_THEMING_BONUS_UFFIZI">
      <Text>{1_Era} {2_CivAdjective} Müzesi Sanat</Text>
    </Row>
    <Row Tag="TXT_KEY_THEMING_BONUS_GLOBE_THEATER">
      <Text>{1_Era} {2_CivAdjective} Tiyatrosu Edebiyat</Text>
    </Row>
    <Row Tag="TXT_KEY_THEMING_BONUS_BROADWAY">
      <Text>{1_Era} {2_CivAdjective} için gösteri yeri Müzik</Text>
    </Row>
    <Row Tag="TXT_KEY_THEMING_BONUS_GREAT_LIBRARY">
      <Text>Kadim Bilgi Kütüphanesi</Text>
    </Row>
    <Row Tag="TXT_KEY_THEMING_BONUS_SYDNEY_OPERA_HOUSE">
      <Text>{2_CivAdjective} için Merkez Müzikal Sanatlar</Text>
    </Row>
    <Row Tag="TXT_KEY_LEGAL_BODY">
      <Text>© 1991-2010 Take-Two Interactive Software ve yan kuruluslari.  Firaxis Games tarafindan gelistirilmistir.  Sid Meier's Civilization V, Civ, Civilization, 2K Games, Firaxis Games, Take-Two Interactive Software ve ilgili logolari Take-Two interactive Software, Inc. sirketinin ticari markalaridir.  Fork Telif Hakki © 2010 Fork Particle, Inc. Rapid XML Telif Hakki © 2006-2010 Marcin Kalicinski. Lua Telif Hakki © 1994-2010 Lua.org, PUC-Rio. Granny Animation kullanir. Telif Hakki © 1999-2010 RAD Game Tools, Inc. Miles Ses Sistemini kullanir. Telif Hakki © 1991-2010 RAD Game Tools, Inc. Derecelendirme simgesi Entertainment Software Association'in ticari markasidir.  Diger tüm markalar ve ticari markalar ilgili sahiplerinin mülkiyetindedir.  Tüm haklari saklidir.  Bu video oyununun içerigi kurgusaldir ve oyunun tarihsel ortamindaki olaylarin, kisilerin veya varliklarin gerçek bir kaydini temsil etmesi veya tasvir etmesi amaçlanmamistir.</Text>
    </Row>
  </Language_en_US>
</GameData>