﻿<?xml version="1.0" encoding="utf-8"?>
<!-- edited with XMLSPY v2004 rel. 2 U (http://www.xmlspy.com) by Anton Strenger (Firaxis Games) -->
<GameData>
  <Language_en_US>
    <!-- Civs and Leaders-->
    <Row Tag="TXT_KEY_SCRAMBLE_AFRICA_CIV_BRAZIL_ADJECTIVE">
      <Text>Belçikali</Text>
    </Row>
    <Row Tag="TXT_KEY_SCRAMBLE_AFRICA_CIV_BRAZIL_DESC">
      <Text>Belçika</Text>
    </Row>
    <Row Tag="TXT_KEY_SCRAMBLE_AFRICA_CIV_BRAZIL_SHORT_DESC">
      <Text>Belçika</Text>
    </Row>
    <Row Tag="TXT_KEY_SCRAMBLE_AFRICA_CIV_ROME_ADJECTIVE">
      <Text>Italyan</Text>
    </Row>
    <Row Tag="TXT_KEY_SCRAMBLE_AFRICA_CIV_ROME_DESC">
      <Text>Italya</Text>
    </Row>
    <Row Tag="TXT_KEY_SCRAMBLE_AFRICA_CIV_ROME_SHORT_DESC">
      <Text>Italya</Text>
    </Row>
    <Row Tag="TXT_KEY_SCRAMBLE_AFRICA_CIV_AMERICA_ADJECTIVE">
      <Text>Boer</Text>
    </Row>
    <Row Tag="TXT_KEY_SCRAMBLE_AFRICA_CIV_AMERICA_DESC">
      <Text>Boer</Text>
    </Row>
    <Row Tag="TXT_KEY_SCRAMBLE_AFRICA_CIV_AMERICA_SHORT_DESC">
      <Text>Boer</Text>
    </Row>
  </Language_en_US>
</GameData>