﻿<?xml version="1.0" encoding="utf-8"?>
<GameData>
  <Language_en_US>
    <Row Tag="TXT_KEY_ADVISOR_TUTORIAL_3_INTRO_IMPROVING_CITIES_WITH_WORKERS_BODY">
      <Text>Ben sizin ekonomi danismaninizim. Bu derste size Isçileri sehirlerinizi gelistirmek için nasil kullanacaginizi ögretecegim. Emriniz altinda Isçileriniz [ICON_GOLD] altin toplamak için ticaret yollari insa edecek, sehirlerinizin daha hizli büyümesine ve daha hizli insa edilmesine yardimci olacak iyilestirmeler yapacak ve halkimizi daha mutlu etmek için kaynaklari gelistirecek.</Text>
    </Row>
    <Row Tag="TXT_KEY_ECONOMICAISTRATEGY_ONE_OR_FEWER_COASTAL_CITIES_INVERSE">
      <Text>Kiyilarda Limanlar kullanilarak baglanabilen sehirlerimiz var. Bu sehirlerde limanlar insa ederek su üzerinde ticaret yollari olusturun ve daha fazla [ICON_GOLD] altin toplayin!</Text>
    </Row>
  </Language_en_US>
</GameData>