﻿<?xml version="1.0" encoding="utf-8"?>
<!-- edited with XMLSPY v2004 rel. 2 U (http://www.xmlspy.com) by Scott Lewis (Firaxis Games) -->
<GameData>
  <Language_en_US>
    <!-- America - Flavoured -->
    <Row Tag="TXT_KEY_SPY_NAME_AMERICA_0">
      <Text>Kuzen</Text>
    </Row>
    <Row Tag="TXT_KEY_SPY_NAME_AMERICA_1">
      <Text>Felix</Text>
    </Row>
    <Row Tag="TXT_KEY_SPY_NAME_AMERICA_2">
      <Text>Dennis</Text>
    </Row>
    <Row Tag="TXT_KEY_SPY_NAME_AMERICA_3">
      <Text>Edward</Text>
    </Row>
    <Row Tag="TXT_KEY_SPY_NAME_AMERICA_4">
      <Text>Prof. Rex</Text>
    </Row>
    <Row Tag="TXT_KEY_SPY_NAME_AMERICA_5">
      <Text>Eliza</Text>
    </Row>
    <Row Tag="TXT_KEY_SPY_NAME_AMERICA_6">
      <Text>Mary kadinsi</Text>
      <Gender>feminine</Gender>
    </Row>
    <Row Tag="TXT_KEY_SPY_NAME_AMERICA_7">
      <Text>Virginia kadinsi</Text>
      <Gender>feminine</Gender>
    </Row>
    <Row Tag="TXT_KEY_SPY_NAME_AMERICA_8">
      <Text>Scarlett feminen</Text>
      <Gender>feminine</Gender>
    </Row>
    <Row Tag="TXT_KEY_SPY_NAME_AMERICA_9">
      <Text>Barbara feminen</Text>
      <Gender>feminine</Gender>
    </Row>
    <!-- Arabia - Flavoured -->
    <Row Tag="TXT_KEY_SPY_NAME_ARABIA_0">
      <Text>Solhofaat</Text>
    </Row>
    <Row Tag="TXT_KEY_SPY_NAME_ARABIA_1">
      <Text>Khenzeer</Text>
    </Row>
    <Row Tag="TXT_KEY_SPY_NAME_ARABIA_2">
      <Text>Zarafah</Text>
    </Row>
    <Row Tag="TXT_KEY_SPY_NAME_ARABIA_3">
      <Text>Temsaah</Text>
    </Row>
    <Row Tag="TXT_KEY_SPY_NAME_ARABIA_4">
      <Text>Abyadh</Text>
    </Row>
    <Row Tag="TXT_KEY_SPY_NAME_ARABIA_5">
      <Text>Mostafa</Text>
    </Row>
    <Row Tag="TXT_KEY_SPY_NAME_ARABIA_6">
      <Text>Yusuf</Text>
    </Row>
    <Row Tag="TXT_KEY_SPY_NAME_ARABIA_7">
      <Text>Waddah</Text>
    </Row>
    <Row Tag="TXT_KEY_SPY_NAME_ARABIA_8">
      <Text>Sameera kadinsi</Text>
      <Gender>feminine</Gender>
    </Row>
    <Row Tag="TXT_KEY_SPY_NAME_ARABIA_9">
      <Text>Gamal</Text>
    </Row>
    <!-- Aztec - Flavoured -->
    <Row Tag="TXT_KEY_SPY_NAME_AZTEC_0">
      <Text>Metztli kadinsi</Text>
      <Gender>feminine</Gender>
    </Row>
    <Row Tag="TXT_KEY_SPY_NAME_AZTEC_1">
      <Text>Xitllali kadinsi</Text>
      <Gender>feminine</Gender>
    </Row>
    <Row Tag="TXT_KEY_SPY_NAME_AZTEC_2">
      <Text>Chimalli</Text>
    </Row>
    <Row Tag="TXT_KEY_SPY_NAME_AZTEC_3">
      <Text>Quauhtli</Text>
    </Row>
    <Row Tag="TXT_KEY_SPY_NAME_AZTEC_4">
      <Text>Teyacapan kadinsi</Text>
      <Gender>feminine</Gender>
    </Row>
    <Row Tag="TXT_KEY_SPY_NAME_AZTEC_5">
      <Text>Yaotl</Text>
    </Row>
    <Row Tag="TXT_KEY_SPY_NAME_AZTEC_6">
      <Text>Coatl</Text>
    </Row>
    <Row Tag="TXT_KEY_SPY_NAME_AZTEC_7">
      <Text>Huitzilin</Text>
    </Row>
    <Row Tag="TXT_KEY_SPY_NAME_AZTEC_8">
      <Text>Itzli</Text>
    </Row>
    <Row Tag="TXT_KEY_SPY_NAME_AZTEC_9">
      <Text>Tepin kadinsi</Text>
      <Gender>feminine</Gender>
    </Row>
    <!-- China - Flavoured -->
    <Row Tag="TXT_KEY_SPY_NAME_CHINA_0">
      <Text>Li</Text>
    </Row>
    <Row Tag="TXT_KEY_SPY_NAME_CHINA_1">
      <Text>Chen</Text>
    </Row>
    <Row Tag="TXT_KEY_SPY_NAME_CHINA_2">
      <Text>Zhang</Text>
    </Row>
    <Row Tag="TXT_KEY_SPY_NAME_CHINA_3">
      <Text>Liu</Text>
    </Row>
    <Row Tag="TXT_KEY_SPY_NAME_CHINA_4">
      <Text>Yang</Text>
    </Row>
    <Row Tag="TXT_KEY_SPY_NAME_CHINA_5">
      <Text>Huang kadinsi</Text>
      <Gender>feminine</Gender>
    </Row>
    <Row Tag="TXT_KEY_SPY_NAME_CHINA_6">
      <Text>Zhao kadinsi</Text>
      <Gender>feminine</Gender>
    </Row>
    <Row Tag="TXT_KEY_SPY_NAME_CHINA_7">
      <Text>Wu kadinsi</Text>
      <Gender>feminine</Gender>
    </Row>
    <Row Tag="TXT_KEY_SPY_NAME_CHINA_8">
      <Text>Zhou kadinsi</Text>
      <Gender>feminine</Gender>
    </Row>
    <Row Tag="TXT_KEY_SPY_NAME_CHINA_9">
      <Text>Günes kadinsi</Text>
      <Gender>feminine</Gender>
    </Row>
    <!-- Egypt - Flavoured -->
    <Row Tag="TXT_KEY_SPY_NAME_EGYPT_0">
      <Text>Refaat</Text>
    </Row>
    <Row Tag="TXT_KEY_SPY_NAME_EGYPT_1">
      <Text>Heba</Text>
    </Row>
    <Row Tag="TXT_KEY_SPY_NAME_EGYPT_2">
      <Text>Salah</Text>
    </Row>
    <Row Tag="TXT_KEY_SPY_NAME_EGYPT_3">
      <Text>Ahmed</Text>
    </Row>
    <Row Tag="TXT_KEY_SPY_NAME_EGYPT_4">
      <Text>Zakaria</Text>
    </Row>
    <Row Tag="TXT_KEY_SPY_NAME_EGYPT_5">
      <Text>Bastet kadinsi</Text>
      <Gender>feminine</Gender>
    </Row>
    <Row Tag="TXT_KEY_SPY_NAME_EGYPT_6">
      <Text>Ma'at kadinsi</Text>
      <Gender>feminine</Gender>
    </Row>
    <Row Tag="TXT_KEY_SPY_NAME_EGYPT_7">
      <Text>Nebhet kadinsi</Text>
      <Gender>feminine</Gender>
    </Row>
    <Row Tag="TXT_KEY_SPY_NAME_EGYPT_8">
      <Text>Tefenet kadinsi</Text>
      <Gender>feminine</Gender>
    </Row>
    <Row Tag="TXT_KEY_SPY_NAME_EGYPT_9">
      <Text>Neuth kadinsi</Text>
      <Gender>feminine</Gender>
    </Row>
    <!-- England - Flavoured -->
    <Row Tag="TXT_KEY_SPY_NAME_ENGLAND_0">
      <Text>James</Text>
    </Row>
    <Row Tag="TXT_KEY_SPY_NAME_ENGLAND_1">
      <Text>Scarlett feminen</Text>
      <Gender>feminine</Gender>
    </Row>
    <Row Tag="TXT_KEY_SPY_NAME_ENGLAND_2">
      <Text>Mycroft</Text>
    </Row>
    <Row Tag="TXT_KEY_SPY_NAME_ENGLAND_3">
      <Text>Charlotte kadinsi</Text>
      <Gender>feminine</Gender>
    </Row>
    <Row Tag="TXT_KEY_SPY_NAME_ENGLAND_4">
      <Text>Gwendolyn feminen</Text>
      <Gender>feminine</Gender>
    </Row>
    <Row Tag="TXT_KEY_SPY_NAME_ENGLAND_5">
      <Text>Bay Eks</Text>
    </Row>
    <Row Tag="TXT_KEY_SPY_NAME_ENGLAND_6">
      <Text>Dr. Grey</Text>
    </Row>
    <Row Tag="TXT_KEY_SPY_NAME_ENGLAND_7">
      <Text>Andrew</Text>
    </Row>
    <Row Tag="TXT_KEY_SPY_NAME_ENGLAND_8">
      <Text>Scott</Text>
    </Row>
    <Row Tag="TXT_KEY_SPY_NAME_ENGLAND_9">
      <Text>Anne kadinsi</Text>
      <Gender>feminine</Gender>
    </Row>
    <!-- France - Flavoured -->
    <Row Tag="TXT_KEY_SPY_NAME_FRANCE_0">
      <Text>Jean-Paul</Text>
    </Row>
    <Row Tag="TXT_KEY_SPY_NAME_FRANCE_1">
      <Text>Martine feminen</Text>
      <Gender>feminine</Gender>
    </Row>
    <Row Tag="TXT_KEY_SPY_NAME_FRANCE_2">
      <Text>Lucien</Text>
    </Row>
    <Row Tag="TXT_KEY_SPY_NAME_FRANCE_3">
      <Text>François</Text>
    </Row>
    <Row Tag="TXT_KEY_SPY_NAME_FRANCE_4">
      <Text>Augustine kadinsi</Text>
      <Gender>feminine</Gender>
    </Row>
    <Row Tag="TXT_KEY_SPY_NAME_FRANCE_5">
      <Text>Mösyö X</Text>
    </Row>
    <Row Tag="TXT_KEY_SPY_NAME_FRANCE_6">
      <Text>Dr. Dupont</Text>
    </Row>
    <Row Tag="TXT_KEY_SPY_NAME_FRANCE_7">
      <Text>Vipère</Text>
    </Row>
    <Row Tag="TXT_KEY_SPY_NAME_FRANCE_8">
      <Text>Yvette feminen</Text>
      <Gender>feminine</Gender>
    </Row>
    <Row Tag="TXT_KEY_SPY_NAME_FRANCE_9">
      <Text>Renard</Text>
    </Row>
    <!-- Germany - Flavoured -->
    <Row Tag="TXT_KEY_SPY_NAME_GERMANY_0">
      <Text>Johann</Text>
    </Row>
    <Row Tag="TXT_KEY_SPY_NAME_GERMANY_1">
      <Text>Marlene feminen</Text>
      <Gender>feminine</Gender>
    </Row>
    <Row Tag="TXT_KEY_SPY_NAME_GERMANY_2">
      <Text>Wilhelm</Text>
    </Row>
    <Row Tag="TXT_KEY_SPY_NAME_GERMANY_3">
      <Text>Eva kadinsi</Text>
      <Gender>feminine</Gender>
    </Row>
    <Row Tag="TXT_KEY_SPY_NAME_GERMANY_4">
      <Text>Heinz</Text>
    </Row>
    <Row Tag="TXT_KEY_SPY_NAME_GERMANY_5">
      <Text>Horst</Text>
    </Row>
    <Row Tag="TXT_KEY_SPY_NAME_GERMANY_6">
      <Text>Carl</Text>
    </Row>
    <Row Tag="TXT_KEY_SPY_NAME_GERMANY_7">
      <Text>Engerek</Text>
    </Row>
    <Row Tag="TXT_KEY_SPY_NAME_GERMANY_8">
      <Text>Albrecht</Text>
    </Row>
    <Row Tag="TXT_KEY_SPY_NAME_GERMANY_9">
      <Text>Anton</Text>
    </Row>
    <!-- Greece - flavoured -->
    <Row Tag="TXT_KEY_SPY_NAME_GREECE_0">
      <Text>Jason</Text>
    </Row>
    <Row Tag="TXT_KEY_SPY_NAME_GREECE_1">
      <Text>Helena kadinsi</Text>
      <Gender>feminine</Gender>
    </Row>
    <Row Tag="TXT_KEY_SPY_NAME_GREECE_2">
      <Text>Alexa kadinsi</Text>
      <Gender>feminine</Gender>
    </Row>
    <Row Tag="TXT_KEY_SPY_NAME_GREECE_3">
      <Text>Cletus</Text>
    </Row>
    <Row Tag="TXT_KEY_SPY_NAME_GREECE_4">
      <Text>Kassandra kadinsi</Text>
      <Gender>feminine</Gender>
    </Row>
    <Row Tag="TXT_KEY_SPY_NAME_GREECE_5">
      <Text>Andres</Text>
    </Row>
    <Row Tag="TXT_KEY_SPY_NAME_GREECE_6">
      <Text>Desdemona kadinsi</Text>
      <Gender>feminine</Gender>
    </Row>
    <Row Tag="TXT_KEY_SPY_NAME_GREECE_7">
      <Text>Anthea kadinsi</Text>
      <Gender>feminine</Gender>
    </Row>
    <Row Tag="TXT_KEY_SPY_NAME_GREECE_8">
      <Text>Aeneas</Text>
    </Row>
    <Row Tag="TXT_KEY_SPY_NAME_GREECE_9">
      <Text>Leander</Text>
    </Row>
    <!-- India - flavoured -->
    <Row Tag="TXT_KEY_SPY_NAME_INDIA_0">
      <Text>Ashok.</Text>
    </Row>
    <Row Tag="TXT_KEY_SPY_NAME_INDIA_1">
      <Text>Shanx</Text>
    </Row>
    <Row Tag="TXT_KEY_SPY_NAME_INDIA_2">
      <Text>Hormis</Text>
    </Row>
    <Row Tag="TXT_KEY_SPY_NAME_INDIA_3">
      <Text>Sanjeev</Text>
    </Row>
    <Row Tag="TXT_KEY_SPY_NAME_INDIA_4">
      <Text>Ananda</Text>
    </Row>
    <Row Tag="TXT_KEY_SPY_NAME_INDIA_5">
      <Text>Rani kadinsi</Text>
      <Gender>feminine</Gender>
    </Row>
    <Row Tag="TXT_KEY_SPY_NAME_INDIA_6">
      <Text>Parvati kadinsi</Text>
      <Gender>feminine</Gender>
    </Row>
    <Row Tag="TXT_KEY_SPY_NAME_INDIA_7">
      <Text>Mukta kadinsi</Text>
      <Gender>feminine</Gender>
    </Row>
    <Row Tag="TXT_KEY_SPY_NAME_INDIA_8">
      <Text>Karishma feminen</Text>
      <Gender>feminine</Gender>
    </Row>
    <Row Tag="TXT_KEY_SPY_NAME_INDIA_9">
      <Text>Jyotsna feminen</Text>
      <Gender>feminine</Gender>
    </Row>
    <!-- Iroquois - flavoured -->
    <Row Tag="TXT_KEY_SPY_NAME_IROQUOIS_0">
      <Text>Onatah kadinsi</Text>
      <Gender>feminine</Gender>
    </Row>
    <Row Tag="TXT_KEY_SPY_NAME_IROQUOIS_1">
      <Text>Oneida kadinsi</Text>
      <Gender>feminine</Gender>
    </Row>
    <Row Tag="TXT_KEY_SPY_NAME_IROQUOIS_2">
      <Text>Oshadagea kadinsi</Text>
      <Gender>feminine</Gender>
    </Row>
    <Row Tag="TXT_KEY_SPY_NAME_IROQUOIS_3">
      <Text>Otetiani</Text>
    </Row>
    <Row Tag="TXT_KEY_SPY_NAME_IROQUOIS_4">
      <Text>Genesee kadinsi</Text>
      <Gender>feminine</Gender>
    </Row>
    <Row Tag="TXT_KEY_SPY_NAME_IROQUOIS_5">
      <Text>Dadgayadoh</Text>
    </Row>
    <Row Tag="TXT_KEY_SPY_NAME_IROQUOIS_6">
      <Text>Otwtiani</Text>
    </Row>
    <Row Tag="TXT_KEY_SPY_NAME_IROQUOIS_7">
      <Text>Kateri kadinsi</Text>
      <Gender>feminine</Gender>
    </Row>
    <Row Tag="TXT_KEY_SPY_NAME_IROQUOIS_8">
      <Text>Onondakai</Text>
    </Row>
    <Row Tag="TXT_KEY_SPY_NAME_IROQUOIS_9">
      <Text>Honanyawus</Text>
    </Row>
    <!-- Japan -->
    <Row Tag="TXT_KEY_SPY_NAME_JAPAN_0">
      <Text>Akaishi</Text>
    </Row>
    <Row Tag="TXT_KEY_SPY_NAME_JAPAN_1">
      <Text>Oki</Text>
    </Row>
    <Row Tag="TXT_KEY_SPY_NAME_JAPAN_2">
      <Text>Hattori</Text>
    </Row>
    <Row Tag="TXT_KEY_SPY_NAME_JAPAN_3">
      <Text>Morozumi</Text>
    </Row>
    <Row Tag="TXT_KEY_SPY_NAME_JAPAN_4">
      <Text>Momochi</Text>
    </Row>
    <Row Tag="TXT_KEY_SPY_NAME_JAPAN_5">
      <Text>Kawashima kadinsi</Text>
      <Gender>feminine</Gender>
    </Row>
    <Row Tag="TXT_KEY_SPY_NAME_JAPAN_6">
      <Text>Orin feminen</Text>
      <Gender>feminine</Gender>
    </Row>
    <Row Tag="TXT_KEY_SPY_NAME_JAPAN_7">
      <Text>Sakanishi kadinsi</Text>
      <Gender>feminine</Gender>
    </Row>
    <Row Tag="TXT_KEY_SPY_NAME_JAPAN_8">
      <Text>Kaede kadinsi</Text>
      <Gender>feminine</Gender>
    </Row>
    <Row Tag="TXT_KEY_SPY_NAME_JAPAN_9">
      <Text>Mochizuki kadinsi</Text>
      <Gender>feminine</Gender>
    </Row>
    <!-- Ottoman - Flavoured -->
    <Row Tag="TXT_KEY_SPY_NAME_OTTOMAN_0">
      <Text>Ibrahim</Text>
    </Row>
    <Row Tag="TXT_KEY_SPY_NAME_OTTOMAN_1">
      <Text>Bayezid</Text>
    </Row>
    <Row Tag="TXT_KEY_SPY_NAME_OTTOMAN_2">
      <Text>Sokollu</Text>
    </Row>
    <Row Tag="TXT_KEY_SPY_NAME_OTTOMAN_3">
      <Text>Mahmut</Text>
    </Row>
    <Row Tag="TXT_KEY_SPY_NAME_OTTOMAN_4">
      <Text>Uveys</Text>
    </Row>
    <Row Tag="TXT_KEY_SPY_NAME_OTTOMAN_5">
      <Text>Roxelana kadinsi</Text>
      <Gender>feminine</Gender>
    </Row>
    <Row Tag="TXT_KEY_SPY_NAME_OTTOMAN_6">
      <Text>Safiye kadinsi</Text>
      <Gender>feminine</Gender>
    </Row>
    <Row Tag="TXT_KEY_SPY_NAME_OTTOMAN_7">
      <Text>Hafsa kadinsi</Text>
      <Gender>feminine</Gender>
    </Row>
    <Row Tag="TXT_KEY_SPY_NAME_OTTOMAN_8">
      <Text>Kosem kadinsi</Text>
      <Gender>feminine</Gender>
    </Row>
    <Row Tag="TXT_KEY_SPY_NAME_OTTOMAN_9">
      <Text>Nurbanu kadinsi</Text>
      <Gender>feminine</Gender>
    </Row>
    <!-- Persia - flavoured -->
    <Row Tag="TXT_KEY_SPY_NAME_PERSIA_0">
      <Text>Azi</Text>
    </Row>
    <Row Tag="TXT_KEY_SPY_NAME_PERSIA_1">
      <Text>Dabir</Text>
    </Row>
    <Row Tag="TXT_KEY_SPY_NAME_PERSIA_2">
      <Text>Firuz</Text>
    </Row>
    <Row Tag="TXT_KEY_SPY_NAME_PERSIA_3">
      <Text>Gaspar</Text>
    </Row>
    <Row Tag="TXT_KEY_SPY_NAME_PERSIA_4">
      <Text>Shahzad</Text>
    </Row>
    <Row Tag="TXT_KEY_SPY_NAME_PERSIA_5">
      <Text>Aga kadinsi</Text>
      <Gender>feminine</Gender>
    </Row>
    <Row Tag="TXT_KEY_SPY_NAME_PERSIA_6">
      <Text>Marjane feminen</Text>
      <Gender>feminine</Gender>
    </Row>
    <Row Tag="TXT_KEY_SPY_NAME_PERSIA_7">
      <Text>Peri kadinsi</Text>
      <Gender>feminine</Gender>
    </Row>
    <Row Tag="TXT_KEY_SPY_NAME_PERSIA_8">
      <Text>Sartaj kadinsi</Text>
      <Gender>feminine</Gender>
    </Row>
    <Row Tag="TXT_KEY_SPY_NAME_PERSIA_9">
      <Text>Yasmin kadinsi</Text>
      <Gender>feminine</Gender>
    </Row>
    <!-- Rome - Flavoured -->
    <Row Tag="TXT_KEY_SPY_NAME_ROME_0">
      <Text>Flavius</Text>
    </Row>
    <Row Tag="TXT_KEY_SPY_NAME_ROME_1">
      <Text>Regula kadinsi</Text>
      <Gender>feminine</Gender>
    </Row>
    <Row Tag="TXT_KEY_SPY_NAME_ROME_2">
      <Text>Servius</Text>
    </Row>
    <Row Tag="TXT_KEY_SPY_NAME_ROME_3">
      <Text>Lucia kadinsi</Text>
      <Gender>feminine</Gender>
    </Row>
    <Row Tag="TXT_KEY_SPY_NAME_ROME_4">
      <Text>Cornelius</Text>
    </Row>
    <Row Tag="TXT_KEY_SPY_NAME_ROME_5">
      <Text>Licina kadinsi</Text>
      <Gender>feminine</Gender>
    </Row>
    <Row Tag="TXT_KEY_SPY_NAME_ROME_6">
      <Text>Canus</Text>
    </Row>
    <Row Tag="TXT_KEY_SPY_NAME_ROME_7">
      <Text>Serpens</Text>
    </Row>
    <Row Tag="TXT_KEY_SPY_NAME_ROME_8">
      <Text>Agrippa kadinsi</Text>
      <Gender>feminine</Gender>
    </Row>
    <Row Tag="TXT_KEY_SPY_NAME_ROME_9">
      <Text>Brutus</Text>
    </Row>
    <!-- Russia - Flavoured -->
    <Row Tag="TXT_KEY_SPY_NAME_RUSSIA_0">
      <Text>Alexei</Text>
    </Row>
    <Row Tag="TXT_KEY_SPY_NAME_RUSSIA_1">
      <Text>Lena feminen</Text>
      <Gender>feminine</Gender>
    </Row>
    <Row Tag="TXT_KEY_SPY_NAME_RUSSIA_2">
      <Text>Dmitry</Text>
    </Row>
    <Row Tag="TXT_KEY_SPY_NAME_RUSSIA_3">
      <Text>Anastasia kadinsi</Text>
      <Gender>feminine</Gender>
    </Row>
    <Row Tag="TXT_KEY_SPY_NAME_RUSSIA_4">
      <Text>Tatiana feminen</Text>
      <Gender>feminine</Gender>
    </Row>
    <Row Tag="TXT_KEY_SPY_NAME_RUSSIA_5">
      <Text>Boris</Text>
    </Row>
    <Row Tag="TXT_KEY_SPY_NAME_RUSSIA_6">
      <Text>Doktor Seriy</Text>
    </Row>
    <Row Tag="TXT_KEY_SPY_NAME_RUSSIA_7">
      <Text>Mikhail</Text>
    </Row>
    <Row Tag="TXT_KEY_SPY_NAME_RUSSIA_8">
      <Text>Natacha feminen</Text>
      <Gender>feminine</Gender>
    </Row>
    <Row Tag="TXT_KEY_SPY_NAME_RUSSIA_9">
      <Text>Zmeya</Text>
    </Row>
    <!-- Siam - flavoured -->
    <Row Tag="TXT_KEY_SPY_NAME_SIAM_0">
      <Text>Aran</Text>
    </Row>
    <Row Tag="TXT_KEY_SPY_NAME_SIAM_1">
      <Text>Chanarong</Text>
    </Row>
    <Row Tag="TXT_KEY_SPY_NAME_SIAM_2">
      <Text>Kiet</Text>
    </Row>
    <Row Tag="TXT_KEY_SPY_NAME_SIAM_3">
      <Text>Niran</Text>
    </Row>
    <Row Tag="TXT_KEY_SPY_NAME_SIAM_4">
      <Text>Virote</Text>
    </Row>
    <Row Tag="TXT_KEY_SPY_NAME_SIAM_5">
      <Text>Kulap kadinsi</Text>
      <Gender>feminine</Gender>
    </Row>
    <Row Tag="TXT_KEY_SPY_NAME_SIAM_6">
      <Text>Mayuree kadinsi</Text>
      <Gender>feminine</Gender>
    </Row>
    <Row Tag="TXT_KEY_SPY_NAME_SIAM_7">
      <Text>Phueng kadinsi</Text>
      <Gender>feminine</Gender>
    </Row>
    <Row Tag="TXT_KEY_SPY_NAME_SIAM_8">
      <Text>Ratana kadinsi</Text>
      <Gender>feminine</Gender>
    </Row>
    <Row Tag="TXT_KEY_SPY_NAME_SIAM_9">
      <Text>Tola kadinsi</Text>
      <Gender>feminine</Gender>
    </Row>
    <!-- Songhai - flavoured -->
    <Row Tag="TXT_KEY_SPY_NAME_SONGHAI_0">
      <Text>Ahmadou</Text>
    </Row>
    <Row Tag="TXT_KEY_SPY_NAME_SONGHAI_1">
      <Text>Ayub</Text>
    </Row>
    <Row Tag="TXT_KEY_SPY_NAME_SONGHAI_2">
      <Text>Badru</Text>
    </Row>
    <Row Tag="TXT_KEY_SPY_NAME_SONGHAI_3">
      <Text>Bokhari</Text>
    </Row>
    <Row Tag="TXT_KEY_SPY_NAME_SONGHAI_4">
      <Text>Guedado</Text>
    </Row>
    <Row Tag="TXT_KEY_SPY_NAME_SONGHAI_5">
      <Text>Adhiambo kadinsi</Text>
      <Gender>feminine</Gender>
    </Row>
    <Row Tag="TXT_KEY_SPY_NAME_SONGHAI_6">
      <Text>Chinaka kadinsi</Text>
      <Gender>feminine</Gender>
    </Row>
    <Row Tag="TXT_KEY_SPY_NAME_SONGHAI_7">
      <Text>Laila feminen</Text>
      <Gender>feminine</Gender>
    </Row>
    <Row Tag="TXT_KEY_SPY_NAME_SONGHAI_8">
      <Text>Mariama kadinsi</Text>
      <Gender>feminine</Gender>
    </Row>
    <Row Tag="TXT_KEY_SPY_NAME_SONGHAI_9">
      <Text>Oni kadinsi</Text>
      <Gender>feminine</Gender>
    </Row>
    <Row Tag="TXT_KEY_SPY_NAME_BABYLON_0">
      <Text>Rim-Sin II</Text>
    </Row>
    <Row Tag="TXT_KEY_SPY_NAME_BABYLON_1">
      <Text>Smerdis</Text>
    </Row>
    <Row Tag="TXT_KEY_SPY_NAME_BABYLON_2">
      <Text>Ilum-ma-ili</Text>
    </Row>
    <Row Tag="TXT_KEY_SPY_NAME_BABYLON_3">
      <Text>Peshgaldaramesh</Text>
    </Row>
    <Row Tag="TXT_KEY_SPY_NAME_BABYLON_4">
      <Text>Ur-zigurumaš</Text>
    </Row>
    <Row Tag="TXT_KEY_SPY_NAME_BABYLON_5">
      <Text>Semiramis kadinsi</Text>
      <Gender>feminine</Gender>
    </Row>
    <Row Tag="TXT_KEY_SPY_NAME_BABYLON_6">
      <Text>Em kadinsi</Text>
      <Gender>feminine</Gender>
    </Row>
    <Row Tag="TXT_KEY_SPY_NAME_BABYLON_7">
      <Text>Ishtar kadinsi</Text>
      <Gender>feminine</Gender>
    </Row>
    <Row Tag="TXT_KEY_SPY_NAME_BABYLON_8">
      <Text>Bilit Taauth kadinsi</Text>
      <Gender>feminine</Gender>
    </Row>
    <Row Tag="TXT_KEY_SPY_NAME_BABYLON_9">
      <Text>Aruru kadinsi</Text>
      <Gender>feminine</Gender>
    </Row>
    <Row Tag="TXT_KEY_SPY_NAME_DENMARK_0">
      <Text>Jørgen</Text>
    </Row>
    <Row Tag="TXT_KEY_SPY_NAME_DENMARK_1">
      <Text>Mette feminen</Text>
      <Gender>feminine</Gender>
    </Row>
    <Row Tag="TXT_KEY_SPY_NAME_DENMARK_2">
      <Text>Henrik</Text>
    </Row>
    <Row Tag="TXT_KEY_SPY_NAME_DENMARK_3">
      <Text>Niels</Text>
    </Row>
    <Row Tag="TXT_KEY_SPY_NAME_DENMARK_4">
      <Text>Helle kadinsi</Text>
      <Gender>feminine</Gender>
    </Row>
    <Row Tag="TXT_KEY_SPY_NAME_DENMARK_5">
      <Text>Frederik</Text>
    </Row>
    <Row Tag="TXT_KEY_SPY_NAME_DENMARK_6">
      <Text>Ida feminen</Text>
      <Gender>feminine</Gender>
    </Row>
    <Row Tag="TXT_KEY_SPY_NAME_DENMARK_7">
      <Text>Thea kadinsi</Text>
      <Gender>feminine</Gender>
    </Row>
    <Row Tag="TXT_KEY_SPY_NAME_DENMARK_8">
      <Text>Freja kadinsi</Text>
      <Gender>feminine</Gender>
    </Row>
    <Row Tag="TXT_KEY_SPY_NAME_DENMARK_9">
      <Text>Morten</Text>
    </Row>
    <Row Tag="TXT_KEY_SPY_NAME_INCA_0">
      <Text>Amaru</Text>
    </Row>
    <Row Tag="TXT_KEY_SPY_NAME_INCA_1">
      <Text>Apichu</Text>
    </Row>
    <Row Tag="TXT_KEY_SPY_NAME_INCA_2">
      <Text>Pariapichiu</Text>
    </Row>
    <Row Tag="TXT_KEY_SPY_NAME_INCA_3">
      <Text>Puma</Text>
    </Row>
    <Row Tag="TXT_KEY_SPY_NAME_INCA_4">
      <Text>Quenti</Text>
    </Row>
    <Row Tag="TXT_KEY_SPY_NAME_INCA_5">
      <Text>Suyuntu kadinsi</Text>
      <Gender>feminine</Gender>
    </Row>
    <Row Tag="TXT_KEY_SPY_NAME_INCA_6">
      <Text>Uturuncu kadinsi</Text>
      <Gender>feminine</Gender>
    </Row>
    <Row Tag="TXT_KEY_SPY_NAME_INCA_7">
      <Text>Uturuncu kadinsi</Text>
      <Gender>feminine</Gender>
    </Row>
    <Row Tag="TXT_KEY_SPY_NAME_INCA_8">
      <Text>Purutu kadinsi</Text>
      <Gender>feminine</Gender>
    </Row>
    <Row Tag="TXT_KEY_SPY_NAME_INCA_9">
      <Text>Ozcollo kadinsi</Text>
      <Gender>feminine</Gender>
    </Row>
    <Row Tag="TXT_KEY_SPY_NAME_KOREA_0">
      <Text>Kim</Text>
    </Row>
    <Row Tag="TXT_KEY_SPY_NAME_KOREA_1">
      <Text>Park</Text>
    </Row>
    <Row Tag="TXT_KEY_SPY_NAME_KOREA_2">
      <Text>Han</Text>
    </Row>
    <Row Tag="TXT_KEY_SPY_NAME_KOREA_3">
      <Text>Na</Text>
    </Row>
    <Row Tag="TXT_KEY_SPY_NAME_KOREA_4">
      <Text>Kong</Text>
    </Row>
    <Row Tag="TXT_KEY_SPY_NAME_KOREA_5">
      <Text>Yu kadinsi</Text>
      <Gender>feminine</Gender>
    </Row>
    <Row Tag="TXT_KEY_SPY_NAME_KOREA_6">
      <Text>Ahn kadinsi</Text>
      <Gender>feminine</Gender>
    </Row>
    <Row Tag="TXT_KEY_SPY_NAME_KOREA_7">
      <Text>Na kadinsi</Text>
      <Gender>feminine</Gender>
    </Row>
    <Row Tag="TXT_KEY_SPY_NAME_KOREA_8">
      <Text>Da feminen</Text>
      <Gender>feminine</Gender>
    </Row>
    <Row Tag="TXT_KEY_SPY_NAME_KOREA_9">
      <Text>Eun feminine</Text>
      <Gender>feminine</Gender>
    </Row>
    <Row Tag="TXT_KEY_SPY_NAME_MONGOL_0">
      <Text>Asashōryū</Text>
    </Row>
    <Row Tag="TXT_KEY_SPY_NAME_MONGOL_1">
      <Text>Tömöriin</Text>
    </Row>
    <Row Tag="TXT_KEY_SPY_NAME_MONGOL_2">
      <Text>Zevegiin</Text>
    </Row>
    <Row Tag="TXT_KEY_SPY_NAME_MONGOL_3">
      <Text>Jigjidiin</Text>
    </Row>
    <Row Tag="TXT_KEY_SPY_NAME_MONGOL_4">
      <Text>Enkhbat</Text>
    </Row>
    <Row Tag="TXT_KEY_SPY_NAME_MONGOL_5">
      <Text>Mönkhbayar kadinsi</Text>
      <Gender>feminine</Gender>
    </Row>
    <Row Tag="TXT_KEY_SPY_NAME_MONGOL_6">
      <Text>Gündegmaa kadinsi</Text>
      <Gender>feminine</Gender>
    </Row>
    <Row Tag="TXT_KEY_SPY_NAME_MONGOL_7">
      <Text>Ssima kadinsi</Text>
      <Gender>feminine</Gender>
    </Row>
    <Row Tag="TXT_KEY_SPY_NAME_MONGOL_8">
      <Text>Batachikhan kadinsi</Text>
      <Gender>feminine</Gender>
    </Row>
    <Row Tag="TXT_KEY_SPY_NAME_MONGOL_9">
      <Text>Chulunny kadinsi</Text>
      <Gender>feminine</Gender>
    </Row>
    <Row Tag="TXT_KEY_SPY_NAME_POLYNESIA_0">
      <Text>Tiki</Text>
    </Row>
    <Row Tag="TXT_KEY_SPY_NAME_POLYNESIA_1">
      <Text>Hotu Matua</Text>
    </Row>
    <Row Tag="TXT_KEY_SPY_NAME_POLYNESIA_2">
      <Text>Rongo-ma-tane</Text>
    </Row>
    <Row Tag="TXT_KEY_SPY_NAME_POLYNESIA_3">
      <Text>Kupe</Text>
    </Row>
    <Row Tag="TXT_KEY_SPY_NAME_POLYNESIA_4">
      <Text>Haloti</Text>
    </Row>
    <Row Tag="TXT_KEY_SPY_NAME_POLYNESIA_5">
      <Text>Degei</Text>
    </Row>
    <Row Tag="TXT_KEY_SPY_NAME_POLYNESIA_6">
      <Text>Babamik kadinsi</Text>
      <Gender>feminine</Gender>
    </Row>
    <Row Tag="TXT_KEY_SPY_NAME_POLYNESIA_7">
      <Text>Kulu Lau kadinsi</Text>
      <Gender>feminine</Gender>
    </Row>
    <Row Tag="TXT_KEY_SPY_NAME_POLYNESIA_8">
      <Text>Nangananga kadinsi</Text>
      <Gender>feminine</Gender>
    </Row>
    <Row Tag="TXT_KEY_SPY_NAME_POLYNESIA_9">
      <Text>Turua disil</Text>
      <Gender>feminine</Gender>
    </Row>
    <Row Tag="TXT_KEY_SPY_NAME_SPAIN_0">
      <Text>Rodrigo</Text>
    </Row>
    <Row Tag="TXT_KEY_SPY_NAME_SPAIN_1">
      <Text>Esmeralda kadinsi</Text>
      <Gender>feminine</Gender>
    </Row>
    <Row Tag="TXT_KEY_SPY_NAME_SPAIN_2">
      <Text>Leon</Text>
    </Row>
    <Row Tag="TXT_KEY_SPY_NAME_SPAIN_3">
      <Text>Mathilda kadinsi</Text>
      <Gender>feminine</Gender>
    </Row>
    <Row Tag="TXT_KEY_SPY_NAME_SPAIN_4">
      <Text>Ramona kadinsi</Text>
      <Gender>feminine</Gender>
    </Row>
    <Row Tag="TXT_KEY_SPY_NAME_SPAIN_5">
      <Text>Señor X</Text>
    </Row>
    <Row Tag="TXT_KEY_SPY_NAME_SPAIN_6">
      <Text>Topolino</Text>
    </Row>
    <Row Tag="TXT_KEY_SPY_NAME_SPAIN_7">
      <Text>Serpiente</Text>
    </Row>
    <Row Tag="TXT_KEY_SPY_NAME_SPAIN_8">
      <Text>Garcia</Text>
    </Row>
    <Row Tag="TXT_KEY_SPY_NAME_SPAIN_9">
      <Text>El Lobo</Text>
    </Row>
    <!-- Ethiopia - Flavoured -->
    <Row Tag="TXT_KEY_SPY_NAME_ETHIOPIA_0">
      <Text>Mulu Ken</Text>
    </Row>
    <Row Tag="TXT_KEY_SPY_NAME_ETHIOPIA_1">
      <Text>Wendimu</Text>
    </Row>
    <Row Tag="TXT_KEY_SPY_NAME_ETHIOPIA_2">
      <Text>Li'ol</Text>
    </Row>
    <Row Tag="TXT_KEY_SPY_NAME_ETHIOPIA_3">
      <Text>Demeke</Text>
    </Row>
    <Row Tag="TXT_KEY_SPY_NAME_ETHIOPIA_4">
      <Text>Mulu Alem</Text>
    </Row>
    <Row Tag="TXT_KEY_SPY_NAME_ETHIOPIA_5">
      <Text>Abebech kadinsi</Text>
      <Gender>feminine</Gender>
    </Row>
    <Row Tag="TXT_KEY_SPY_NAME_ETHIOPIA_6">
      <Text>Zema kadinsi</Text>
      <Gender>feminine</Gender>
    </Row>
    <Row Tag="TXT_KEY_SPY_NAME_ETHIOPIA_7">
      <Text>Mihret kadinsi</Text>
      <Gender>feminine</Gender>
    </Row>
    <Row Tag="TXT_KEY_SPY_NAME_ETHIOPIA_8">
      <Text>Kebedech kadinsi</Text>
      <Gender>feminine</Gender>
    </Row>
    <Row Tag="TXT_KEY_SPY_NAME_ETHIOPIA_9">
      <Text>Alemnesh kadinsi</Text>
      <Gender>feminine</Gender>
    </Row>
  </Language_en_US>
</GameData>