﻿<?xml version="1.0" encoding="utf-8"?>
<!-- edited with XMLSPY v2004 rel. 2 U (http://www.xmlspy.com) by Scott Lewis (Firaxis Games) -->
<GameData>
  <Language_en_US>
    <Row Tag="TXT_KEY_ESPIONAGE_NOT_STARTED_YET">
      <Text>Casusluk, birisi Rönesans Dönemi'ne girdiginde baslar</Text>
    </Row>
    <Row Tag="TXT_KEY_NO_MORE_SPIES">
      <Text>Tüm casuslariniz öldürüldü[NEWLINE]Yerlerine yenileri aliniyor.</Text>
    </Row>
    <Row Tag="TXT_KEY_NOTIFICATION_SPY_CREATED">
      <Text>{1_SpyName} casus olarak ise alindi.</Text>
    </Row>
    <Row Tag="TXT_KEY_NOTIFICATION_SUMMARY_SPY_CREATED">
      <Text>Bir casus ise alindi!</Text>
    </Row>
    <Row Tag="TXT_KEY_NOTIFICATION_SPY_PROMOTED">
      <Text>{1_SpyName}, {@2_RankName}'ten {@3_RankName}'ya terfi etti. [NEWLINE] Terfi eden casuslar hücumda daha hizli teknoloji çalar ve savunmada düsman casuslarini yakalamada daha etkilidir.</Text>
    </Row>
    <Row Tag="TXT_KEY_NOTIFICATION_SUMMARY_SPY_PROMOTED">
      <Text>{1_SpyName} terfi etti!</Text>
    </Row>
    <Row Tag="TXT_KEY_SPY_RANK_0">
      <Text>Ise Alim</Text>
    </Row>
    <Row Tag="TXT_KEY_SPY_RANK_1">
      <Text>Ajan</Text>
    </Row>
    <Row Tag="TXT_KEY_SPY_RANK_2">
      <Text>Özel Ajan</Text>
    </Row>
    <Row Tag="TXT_KEY_SPY_LOCATION_UNASSIGNED">
      <Text>Atama ihtiyaci</Text>
    </Row>
    <Row Tag="TXT_KEY_SPY_STATE_UNASSIGNED">
      <Text>Atanmamis</Text>
    </Row>
    <Row Tag="TXT_KEY_SPY_STATE_TRAVELLING">
      <Text>Seyahat</Text>
    </Row>
    <Row Tag="TXT_KEY_SPY_STATE_SURVEILLANCE">
      <Text>Gözetimin Olusturulmasi</Text>
    </Row>
    <Row Tag="TXT_KEY_SPY_STATE_GATHERING_INTEL">
      <Text>Istihbarat Toplama</Text>
    </Row>
    <Row Tag="TXT_KEY_SPY_STATE_RIGGING_ELECTION">
      <Text>Seçimlere Hile Karistirmak</Text>
    </Row>
    <Row Tag="TXT_KEY_SPY_STATE_COUNTER_INTEL">
      <Text>Karsi Istihbarat</Text>
    </Row>
    <Row Tag="TXT_KEY_SPY_STATE_DEAD">
      <Text>Catismada Öldürüldü</Text>
    </Row>
    <Row Tag="TXT_KEY_SPY_STATE_ESTABLISHED_SURVEILLANCE">
      <Text>Izleme Faaliyeti</Text>
    </Row>
    <Row Tag="TXT_KEY_SPY_STATE_ESTABLISHED_SURVEILLANCE_PROGRESS_BAR">
      <Text>Calacak teknisyen yok</Text>
    </Row>
    <Row Tag="TXT_KEY_NOTIFICATION_SPY_STEAL_TECH">
      <Text>{1_SpyRank} {2_SpyName} {3_CityName}'de {@4_CivShortName}'den bir teknoloji çalmak için yeterli istihbarat topladi!</Text>
    </Row>
    <Row Tag="TXT_KEY_NOTIFICATION_SPY_STEAL_TECH_S">
      <Text>Teknoloji Calmak</Text>
    </Row>
    <Row Tag="TXT_KEY_NOTIFICATION_SPY_CANT_STEAL_TECH">
      <Text>{1_SpyRank} {2_SpyName} {@3_CivShortName}'dan teknoloji çalamaz çünkü arastirmada onlari tamamen gölgede biraktik!</Text>
    </Row>
    <Row Tag="TXT_KEY_NOTIFICATION_SPY_CANT_STEAL_TECH_S">
      <Text>{@1_CivShortName}'den çalamazsiniz</Text>
    </Row>
    <Row Tag="TXT_KEY_NOTIFICATION_SPY_STEAL_BLOCKING">
      <Text>TEKNOLOJI CALMAK</Text>
    </Row>
    <Row Tag="TXT_KEY_NOTIFICATION_SPY_STEAL_BLOCKING_TT">
      <Text>Casusunuz rakibinden bir teknoloji çalmak için yeterli istihbarat topladi. Hangi teknolojiyi çalacaginizi seçin.</Text>
    </Row>
    <Row Tag="TXT_KEY_NOTIFICATION_SPY_EVICTED_CONQUEST_S">
      <Text>Casus sehir yakalamasindan kaçti</Text>
    </Row>
    <Row Tag="TXT_KEY_NOTIFICATION_SPY_EVICTED_CONQUEST">
      <Text>Casusunuz {1_SpyRank} {2_SpyName} {@4_CivShortName} tarafindan yakalandiginda {3_CityName} kaçti. Casusunuz simdi yeniden atanabilir.</Text>
    </Row>
    <Row Tag="TXT_KEY_NOTIFICATION_SPY_EVICTED_CONQUEST_YOU">
      <Text>Casusunuz {1_SpyRank} {2_SpyName} sizin tarafinizdan yakalandiginda {3_CityName} kaçti. Casusunuz simdi yeniden atanabilir.</Text>
    </Row>
    <Row Tag="TXT_KEY_NOTIFICATION_SPY_EVICTED_TRADE_S">
      <Text>Casus sehri terk etti</Text>
    </Row>
    <Row Tag="TXT_KEY_NOTIFICATION_SPY_EVICTED_TRADE">
      <Text>Casusunuz {1_SpyRank} {2_SpyName} {3_CityName}'den geri döndü çünkü {@4_CivShortName}'e takas edildi. Casusunuz simdi yeniden atanabilir.</Text>
    </Row>
    <Row Tag="TXT_KEY_NOTIFICATION_SPY_EVICTED_TRADE_YOU">
      <Text>Casusunuz {1_SpyRank} {2_SpyName} size takas edildigi için {3_CityName}'dan geri döndü. Casusunuz simdi yeniden atanabilir.</Text>
    </Row>
    <Row Tag="TXT_KEY_NOTIFICATION_TECH_STOLEN_SPY_DETECTED_WO_TECH_S">
      <Text>Teknoloji Calindi!</Text>
    </Row>
    <Row Tag="TXT_KEY_NOTIFICATION_TECH_STOLEN_SPY_DETECTED_WO_TECH_W_TIP">
      <Text>Kimligi belirsiz bir casus {1_CityName}'den teknolojik sirlari çaldi![NEWLINE]Gelecekte sehri korumaya yardimci olmasi için kendi casuslarinizdan birini bu sehre yerlestirmek isteyebilirsiniz.</Text>
    </Row>
    <Row Tag="TXT_KEY_NOTIFICATION_TECH_STOLEN_SPY_DETECTED_WO_TECH">
      <Text>Kimligi belirsiz bir casus {1_CityName}'den teknolojik sirlari çaldi!</Text>
    </Row>
    <Row Tag="TXT_KEY_NOTIFICATION_TECH_STOLEN_SPY_DETECTED_S">
      <Text>{1_Tech} çalindi!</Text>
    </Row>
    <Row Tag="TXT_KEY_NOTIFICATION_TECH_STOLEN_SPY_DETECTED_W_TIP">
      <Text>Kimligi belirsiz bir casus {1_Tech}'ün sirlarini {2_CityName}'ten çaldi![NEWLINE]Gelecekte sehri korumaya yardimci olmasi için kendi casuslarinizdan birini bu sehre yerlestirmek isteyebilirsiniz.</Text>
    </Row>
    <Row Tag="TXT_KEY_NOTIFICATION_TECH_STOLEN_SPY_DETECTED">
      <Text>Kimligi belirsiz bir casus {1_Tech}'ün sirlarini {2_CityName}'ten çaldi!</Text>
    </Row>
    <Row Tag="TXT_KEY_NOTIFICATION_TECH_STOLEN_SPY_IDENTIFIED_WO_TECH_S">
      <Text>{1_CivShortDesc} bir teknoloji çaldi!</Text>
    </Row>
    <Row Tag="TXT_KEY_NOTIFICATION_TECH_STOLEN_SPY_IDENTIFIED_WO_TECH_W_TIP">
      <Text>{TXT_KEY_GRAMMAR_UPPER_A_AN &lt;&lt; {1_CivAdj}} casusu {2_CityName}'ten teknolojik sirlari çaldi![NEWLINE]Gelecekte sehri korumaya yardimci olmasi için kendi casuslarinizdan birini bu sehre yerlestirmek isteyebilirsiniz.</Text>
    </Row>
    <Row Tag="TXT_KEY_NOTIFICATION_TECH_STOLEN_SPY_IDENTIFIED_WO_TECH">
      <Text>{TXT_KEY_GRAMMAR_UPPER_A_AN &lt;&lt; {1_CivAdj}} casusu {2_CityName}'ten teknolojik sirlari çaldi!</Text>
    </Row>
    <Row Tag="TXT_KEY_NOTIFICATION_TECH_STOLEN_SPY_IDENTIFIED_S">
      <Text>{1_CivShortDesc} çaldi {2_CityName}!</Text>
    </Row>
    <Row Tag="TXT_KEY_NOTIFICATION_TECH_STOLEN_SPY_IDENTIFIED_W_TIP">
      <Text>{TXT_KEY_GRAMMAR_UPPER_A_AN &lt;&lt; {1_CivAdj}} casusu {2_Tech}'nin sirlarini {3_CityName}'den çaldi![NEWLINE]Gelecekte sehri korumaya yardimci olmasi için kendi casuslarinizdan birini bu sehre yerlestirmek isteyebilirsiniz.</Text>
    </Row>
    <Row Tag="TXT_KEY_NOTIFICATION_TECH_STOLEN_SPY_IDENTIFIED">
      <Text>{TXT_KEY_GRAMMAR_UPPER_A_AN &lt;&lt; {1_CivAdj}} casusu {2_Tech}'nin sirlarini {3_CityName}'den çaldi!</Text>
    </Row>
    <Row Tag="TXT_KEY_NOTIFICATION_KILLED_A_SPY_S">
      <Text>Öldürülen {TXT_KEY_GRAMMAR_A_AN &lt;&lt; {1_CivAdj}} casus!</Text>
    </Row>
    <Row Tag="TXT_KEY_NOTIFICATION_KILLED_A_SPY">
      <Text>Casusunuz {1_SpyRank} {2_SpyName} {TXT_KEY_GRAMMAR_A_AN &lt;&lt; {3_CivAdj}} casusunu {4_CityName}'da bir teknoloji çalmaya çalisirken öldürdü!</Text>
    </Row>
    <Row Tag="TXT_KEY_NOTIFICATION_SPY_WAS_KILLED_S">
      <Text>{1_SpyName} öldürüldü!</Text>
    </Row>
    <Row Tag="TXT_KEY_NOTIFICATION_SPY_WAS_KILLED">
      <Text>Casusunuz {1_SpyRank} {2_SpyName} {4_CityName}'da bir teknoloji çalmaya çalisirken {TXT_KEY_GRAMMAR_A_AN &lt;&lt; {3_CivAdj}} karsi casus tarafindan öldürüldü!</Text>
    </Row>
    <Row Tag="TXT_KEY_NOTIFICATION_SPY_REVIVED_S">
      <Text>Yeni bir casus ise alindi</Text>
    </Row>
    <Row Tag="TXT_KEY_NOTIFICATION_SPY_REVIVED">
      <Text>{1_SpyRank} {2_SpyName} çatismada öldürülen bir casusun yerine ise alinmistir.</Text>
    </Row>
    <Row Tag="TXT_KEY_NOTIFICATION_INTRIGUE_PLOTTING_AGAINST_YOU_S">
      <Text>{1_PlayerName} size karsi komplo kuruyor!</Text>
    </Row>
    <Row Tag="TXT_KEY_NOTIFICATION_INTRIGUE_PLOTTING_AGAINST_YOU">
      <Text>{1_SpyRank} {2_SpyName} {3_CityName}'de {4_PlayerName}'in gizlice size karsi komplo kurdugu ortaya çikti!</Text>
    </Row>
    <Row Tag="TXT_KEY_NOTIFICATION_INTRIGUE_PLOTTING_AGAINST_KNOWN_S">
      <Text>{1_PlayerName}, {2_PlayerName}'e karsi çiziliyor</Text>
    </Row>
    <Row Tag="TXT_KEY_NOTIFICATION_INTRIGUE_PLOTTING_AGAINST_KNOWN">
      <Text>{1_SpyRank} {2_SpyName} {3_CityName} içinde {4_PlayerName}'un gizlice {5_PlayerName}'a karsi komplo kurdugu ortaya çikti!</Text>
    </Row>
    <Row Tag="TXT_KEY_NOTIFICATION_INTRIGUE_PLOTTING_AGAINST_UNKNOWN_S">
      <Text>{1_PlayerName} birine karsi komplo kuruyor.</Text>
    </Row>
    <Row Tag="TXT_KEY_NOTIFICATION_INTRIGUE_PLOTTING_AGAINST_UNKNOWN">
      <Text>{1_SpyRank} {2_SpyName} {3_CityName}'de {4_PlayerName}'in karsilanmamis bir medeniyete karsi gizlice komplo kurdugunu ortaya çikardi.</Text>
    </Row>
    <Row Tag="TXT_KEY_INTRIGUE_PLOTTING_AGAINST_YOU">
      <Text>{1_PlayerName} gizlice size karsi komplo kuruyor.</Text>
    </Row>
    <Row Tag="TXT_KEY_INTRIGUE_PLOTTING_AGAINST_KNOWN">
      <Text>{1_PlayerName} gizlice {2_PlayerName}'e karsi komplo kuruyor</Text>
    </Row>
    <Row Tag="TXT_KEY_INTRIGUE_PLOTTING_AGAINST_UNKNOWN">
      <Text>{1_PlayerName} tanismadiginiz bir medeniyete karsi gizlice komplo kuruyor.</Text>
    </Row>
    <Row Tag="TXT_KEY_NOTIFICATION_INTRIGUE_BUILDING_ARMY_S">
      <Text>{1_PlayerName} sinsi bir saldiri için hazirlaniyor!</Text>
    </Row>
    <Row Tag="TXT_KEY_NOTIFICATION_INTRIGUE_BUILDING_ARMY">
      <Text>{1_SpyRank} {2_SpyName}, {3_PlayerName}'nin baska bir uygarliga karsi sinsi bir saldiri için ordu kurdugunu ortaya çikardi.</Text>
    </Row>
    <Row Tag="TXT_KEY_INTRIGUE_BUILDING_ARMY">
      <Text>{1_PlayerName} baska bir uygarliga karsi sinsi bir saldiri için ordu kuruyor.</Text>
    </Row>
    <Row Tag="TXT_KEY_NOTIFICATION_INTRIGUE_BUILDING_AMPHIBIOUS_ARMY_S">
      <Text>{1_PlayerName} denizden sinsi bir saldiri için hazirlaniyor!</Text>
    </Row>
    <Row Tag="TXT_KEY_NOTIFICATION_INTRIGUE_BUILDING_AMPHIBIOUS_ARMY">
      <Text>{1_SpyRank} {2_SpyName}, {3_PlayerName}'nin baska bir uygarliga karsi sinsi bir saldiri için donanma eskortlariyla birlikte bir ordu kurdugunu ortaya çikardi.</Text>
    </Row>
    <Row Tag="TXT_KEY_INTRIGUE_BUILDING_AMPHIBIOUS_ARMY">
      <Text>{1_PlayerName} baska bir uygarliga karsi sinsi bir saldiri için donanma eskortlariyla birlikte bir ordu kuruyor.</Text>
    </Row>
    <Row Tag="TXT_KEY_NOTIFICATION_INTRIGUE_SNEAK_ATTACK_ARMY_AGAINST_YOU_CITY_KNOWN_S">
      <Text>{1_PlayerName} sehrinize karsi sinsi bir saldiri baslatti, {2_CityName}!</Text>
    </Row>
    <Row Tag="TXT_KEY_NOTIFICATION_INTRIGUE_SNEAK_ATTACK_ARMY_AGAINST_YOU_CITY_KNOWN">
      <Text>{1_SpyRank} {2_SpyName} {TXT_KEY_GRAMMAR_A_AN &lt;&lt; {3_CivAdj}} ordusunun sürpriz bir saldiri baslatmak üzere {4_CityName} sehrinize dogru ilerlemekte oldugunu kesfetti!</Text>
    </Row>
    <Row Tag="TXT_KEY_INTRIGUE_SNEAK_ATTACK_ARMY_AGAINST_YOU_CITY_KNOWN">
      <Text>{1_PlayerName} sehrinize karsi sinsi bir saldiri baslatti, {2_CityName}.</Text>
    </Row>
    <Row Tag="TXT_KEY_NOTIFICATION_INTRIGUE_SNEAK_ATTACK_ARMY_AGAINST_YOU_CITY_UNKNOWN_S">
      <Text>{1_PlayerName} size karsi sinsi bir saldiri baslatti!</Text>
    </Row>
    <Row Tag="TXT_KEY_NOTIFICATION_INTRIGUE_SNEAK_ATTACK_ARMY_AGAINST_YOU_CITY_UNKNOWN">
      <Text>{1_SpyRank} {2_SpyName} {TXT_KEY_GRAMMAR_A_AN &lt;&lt; {3_CivAdj}} ordusunun sürpriz bir saldiri baslatmak üzere size dogru ilerlemekte oldugunu kesfetti!</Text>
    </Row>
    <Row Tag="TXT_KEY_INTRIGUE_SNEAK_ATTACK_ARMY_AGAINST_YOU_CITY_UNKNOWN">
      <Text>{1_PlayerName} sana karsi sinsi bir saldiri baslatti.</Text>
    </Row>
    <Row Tag="TXT_KEY_NOTIFICATION_INTRIGUE_SNEAK_ATTACK_ARMY_AGAINST_KNOWN_CITY_KNOWN_S">
      <Text>{1_PlayerName}, {2_CityName}'e sinsi bir saldiri baslatti.</Text>
    </Row>
    <Row Tag="TXT_KEY_NOTIFICATION_INTRIGUE_SNEAK_ATTACK_ARMY_AGAINST_KNOWN_CITY_KNOWN">
      <Text>{1_SpyRank} {2_SpyName} {TXT_KEY_GRAMMAR_A_AN &lt;&lt; {3_CivAdj}} ordusunun sürpriz bir saldiri baslatmak üzere {4_CivAdj} sehrine {5_CityName} dogru ilerlemekte oldugunu kesfetti.</Text>
    </Row>
    <Row Tag="TXT_KEY_INTRIGUE_SNEAK_ATTACK_ARMY_AGAINST_KNOWN_CITY_KNOWN">
      <Text>{1_PlayerName}, ([2] sehrine {3_CityName} karsi sinsi bir saldiri baslatti.)</Text>
    </Row>
    <Row Tag="TXT_KEY_NOTIFICATION_INTRIGUE_SNEAK_ATTACK_ARMY_AGAINST_KNOWN_CITY_UNKNOWN_S">
      <Text>{1_PlayerName}, {2_PlayerName}'e sinsi bir saldiri baslatti.</Text>
    </Row>
    <Row Tag="TXT_KEY_NOTIFICATION_INTRIGUE_SNEAK_ATTACK_ARMY_AGAINST_KNOWN_CITY_UNKNOWN">
      <Text>{1_SpyRank} {2_SpyName} {TXT_KEY_GRAMMAR_A_AN &lt;&lt; {3_CivAdj}} ordusunun sürpriz bir saldiri baslatmak üzere {4_CivDesc}'a dogru ilerlemekte oldugunu kesfetti.</Text>
    </Row>
    <Row Tag="TXT_KEY_INTRIGUE_SNEAK_ATTACK_ARMY_AGAINST_KNOWN_CITY_UNKNOWN">
      <Text>{1_PlayerName}, {2_PlayerName}'e sinsi bir saldiri baslatti.</Text>
    </Row>
    <Row Tag="TXT_KEY_NOTIFICATION_INTRIGUE_SNEAK_ATTACK_ARMY_AGAINST_UNKNOWN_S">
      <Text>{1_PlayerName} karsilanmamis bir vatandasa sinsi bir saldiri baslatti.</Text>
    </Row>
    <Row Tag="TXT_KEY_NOTIFICATION_INTRIGUE_SNEAK_ATTACK_ARMY_AGAINST_UNKNOWN">
      <Text>{1_SpyRank} {2_SpyName} {TXT_KEY_GRAMMAR_A_AN &lt;&lt; {3_CivAdj}} ordusunun su anda sürpriz bir saldiri baslatmak için tanismadiginiz bir uygarliga dogru ilerledigini kesfetti.</Text>
    </Row>
    <Row Tag="TXT_KEY_INTRIGUE_SNEAK_ATTACK_ARMY_AGAINST_UNKNOWN">
      <Text>{1_PlayerName} karsilanmamis bir vatandasa sinsi bir saldiri baslatti.</Text>
    </Row>
    <Row Tag="TXT_KEY_NOTIFICATION_INTRIGUE_SNEAK_ATTACK_ARMY_AGAINST_SOMEONE_S">
      <Text>{1_PlayerName} baska bir civ'a sinsi bir saldiri baslatti.</Text>
    </Row>
    <Row Tag="TXT_KEY_NOTIFICATION_INTRIGUE_SNEAK_ATTACK_ARMY_AGAINST_SOMEONE">
      <Text>{1_SpyRank} {2_SpyName} {TXT_KEY_GRAMMAR_A_AN &lt;&lt; {3_CivAdj}} ordusunun su anda baska bir uygarliga karsi sürpriz bir saldiri yürüttügünü kesfetti. Hangi uygarligi hedef aldiklarini bilmiyoruz.</Text>
    </Row>
    <Row Tag="TXT_KEY_INTRIGUE_SNEAK_ATTACK_ARMY_AGAINST_SOMEONE">
      <Text>{1_PlayerName} baska bir civ'a sinsi bir saldiri baslatti.</Text>
    </Row>
    <Row Tag="TXT_KEY_NOTIFICATION_INTRIGUE_SNEAK_ATTACK_AMPHIB_AGAINST_YOU_CITY_KNOWN_S">
      <Text>{1_PlayerName} sehrinize {2_CityName} sinsice saldirmak için bir kuvvet gönderdi!</Text>
    </Row>
    <Row Tag="TXT_KEY_NOTIFICATION_INTRIGUE_SNEAK_ATTACK_AMPHIB_AGAINST_YOU_CITY_KNOWN">
      <Text>{1_SpyRank} {2_SpyName} {TXT_KEY_GRAMMAR_A_AN &lt;&lt; {3_CivAdj}} ordusunun donanma eskortlariyla birlikte sürpriz bir saldiri baslatmak üzere {4_CityName} sehrinize dogru yelken açtigini kesfetti!</Text>
    </Row>
    <Row Tag="TXT_KEY_INTRIGUE_SNEAK_ATTACK_AMPHIB_AGAINST_YOU_CITY_KNOWN">
      <Text>{1_PlayerName} sehrinize karsi bir amfibi sinsi saldiri baslatti, {2_CityName}.</Text>
    </Row>
    <Row Tag="TXT_KEY_NOTIFICATION_INTRIGUE_SNEAK_ATTACK_AMPHIB_AGAINST_YOU_CITY_UNKNOWN_S">
      <Text>{1_PlayerName} size sinsice saldirmak için bir kuvvet gönderdi!</Text>
    </Row>
    <Row Tag="TXT_KEY_NOTIFICATION_INTRIGUE_SNEAK_ATTACK_AMPHIB_AGAINST_YOU_CITY_UNKNOWN">
      <Text>{1_SpyRank} {2_SpyName} {TXT_KEY_GRAMMAR_A_AN &lt;&lt; {3_CivAdj}} ordusunun deniz eskortlariyla birlikte sürpriz bir saldiri baslatmak üzere size dogru yelken açtigini kesfetti!</Text>
    </Row>
    <Row Tag="TXT_KEY_INTRIGUE_SNEAK_ATTACK_AMPHIB_AGAINST_YOU_CITY_UNKNOWN">
      <Text>{1_PlayerName} size karsi bir amfibi sinsi saldiri baslatti.</Text>
    </Row>
    <Row Tag="TXT_KEY_NOTIFICATION_INTRIGUE_SNEAK_ATTACK_AMPHIB_AGAINST_KNOWN_CITY_KNOWN_S">
      <Text>{1_PlayerName} {2_CityName}'e gizlice saldirmak için bir kuvvet gönderdi.</Text>
    </Row>
    <Row Tag="TXT_KEY_NOTIFICATION_INTRIGUE_SNEAK_ATTACK_AMPHIB_AGAINST_KNOWN_CITY_KNOWN">
      <Text>{1_SpyRank} {2_SpyName} {TXT_KEY_GRAMMAR_A_AN &lt;&lt; {3_CivAdj}} ordusunun donanma eskortlariyla birlikte sürpriz bir saldiri baslatmak üzere {4_CivAdj} sehrine {5_CityName} dogru yelken açtigini kesfetti.</Text>
    </Row>
    <Row Tag="TXT_KEY_INTRIGUE_SNEAK_ATTACK_AMPHIB_AGAINST_KNOWN_CITY_KNOWN">
      <Text>{1_PlayerName}, {2_CivAdj} sehrine {3_CityName} karsi amfibi bir sinsi saldiri baslatti.</Text>
    </Row>
    <Row Tag="TXT_KEY_NOTIFICATION_INTRIGUE_SNEAK_ATTACK_AMPHIB_AGAINST_KNOWN_CITY_UNKNOWN_S">
      <Text>{1_PlayerName} {2_PlayerName}'e gizlice saldirmak için bir kuvvet gönderdi.</Text>
    </Row>
    <Row Tag="TXT_KEY_NOTIFICATION_INTRIGUE_SNEAK_ATTACK_AMPHIB_AGAINST_KNOWN_CITY_UNKNOWN">
      <Text>{1_SpyRank} {2_SpyName}, {TXT_KEY_GRAMMAR_A_AN &lt;&lt; {3_CivAdj}} ordusunun donanma eskortlariyla birlikte sürpriz bir saldiri baslatmak üzere {4_CivDesc}'a dogru yelken açtigini kesfetti.</Text>
    </Row>
    <Row Tag="TXT_KEY_INTRIGUE_SNEAK_ATTACK_AMPHIB_AGAINST_KNOWN_CITY_UNKNOWN">
      <Text>{1_PlayerName}, {2_PlayerName}'e karsi bir amfibi sinsi saldiri baslatti.</Text>
    </Row>
    <Row Tag="TXT_KEY_NOTIFICATION_INTRIGUE_SNEAK_ATTACK_AMPHIB_AGAINST_UNKNOWN_S">
      <Text>{1_PlayerName} karsilanmamis bir civ'a gizlice saldirmak üzere bir kuvvet gönderdi.</Text>
    </Row>
    <Row Tag="TXT_KEY_NOTIFICATION_INTRIGUE_SNEAK_ATTACK_AMPHIB_AGAINST_UNKNOWN">
      <Text>{1_SpyRank} {2_SpyName} {TXT_KEY_GRAMMAR_A_AN &lt;&lt; {3_CivAdj}} ordusunun deniz eskortlariyla birlikte su anda sinsi bir saldiri baslatmak için tanismadiginiz bir civ'a dogru yelken açtigini kesfetti.</Text>
    </Row>
    <Row Tag="TXT_KEY_INTRIGUE_SNEAK_ATTACK_AMPHIB_AGAINST_UNKNOWN">
      <Text>{1_PlayerName} karsilanmamis bir oyuncuya karsi amfibi bir sinsi saldiri baslatti.</Text>
    </Row>
    <Row Tag="TXT_KEY_NOTIFICATION_INTRIGUE_SNEAK_ATTACK_AMPHIB_AGAINST_SOMEONE_S">
      <Text>{1_PlayerName} baska bir medeniyete gizlice saldirmak için bir kuvvet gönderdi.</Text>
    </Row>
    <Row Tag="TXT_KEY_NOTIFICATION_INTRIGUE_SNEAK_ATTACK_AMPHIB_AGAINST_SOMEONE">
      <Text>{1_SpyRank} {2_SpyName} {TXT_KEY_GRAMMAR_A_AN &lt;&lt; {3_CivAdj}} ordusunun donanma eskortlariyla birlikte sinsi bir saldiri için yelken açtigini kesfetti. Hangi sivilleri hedeflediklerini bilmiyoruz.</Text>
    </Row>
    <Row Tag="TXT_KEY_INTRIGUE_SNEAK_ATTACK_AMPHIB_AGAINST_SOMEONE">
      <Text>{1_PlayerName} baska bir oyuncuya karsi amfibi bir sinsi saldiri baslatti.</Text>
    </Row>
    <Row Tag="TXT_KEY_NOTIFICATION_INTRIGUE_CONSTRUCT_WONDER_S">
      <Text>{1_PlayerName}, {2_WonderOrProject}'ü insa ediyor.</Text>
    </Row>
    <Row Tag="TXT_KEY_NOTIFICATION_INTRIGUE_CONSTRUCT_WONDER">
      <Text>{1_SpyRank} {2_SpyName}, {3_PlayerName}'in {4_WonderOrProject}'u {5_CityName}'da insa ettigini kesfetti.</Text>
    </Row>
    <Row Tag="TXT_KEY_INTRIGUE_CONSTRUCT_WONDER">
      <Text>{1_PlayerName}, {2_WonderOrProject}'i {3_CityName} içinde insa ediyor.</Text>
    </Row>
    <Row Tag="TXT_KEY_INTRIGUE_CONSTRUCT_WONDER_WO_CITY">
      <Text>{1_PlayerName}, {2_WonderOrProject}'ü insa ediyor.</Text>
    </Row>
    <Row Tag="TXT_KEY_NOTIFICATION_SPY_RIG_ELECTION_SUCCESS_S">
      <Text>{1_CityName} seçimlere hile karistirildi!</Text>
    </Row>
    <Row Tag="TXT_KEY_NOTIFICATION_SPY_RIG_ELECTION_SUCCESS">
      <Text>{1_SpyRank} {2_SpyName} {3_CityName}'daki yerel seçimlere basarili bir sekilde hile karistirarak etkinizi artirdi ve diger büyük sivillerin etkisini azaltti.</Text>
    </Row>
    <Row Tag="TXT_KEY_NOTIFICATION_SPY_RIG_ELECTION_FAILURE_S">
      <Text>{1_CityName} seçim hilesi basarisizligi!</Text>
    </Row>
    <Row Tag="TXT_KEY_NOTIFICATION_SPY_RIG_ELECTION_FAILURE">
      <Text>{1_SpyRank} {2_SpyName} {3_CityName}'deki yerel seçimlere hile karistirmayi basaramadi. {4_CivShortDesc} hile karistirmayi basardi ve orada nüfuz kazandi.</Text>
    </Row>
    <Row Tag="TXT_KEY_NOTIFICATION_SPY_RIG_ELECTION_ALERT_S">
      <Text>{1_CityName} seçim saçmaliklari!</Text>
    </Row>
    <Row Tag="TXT_KEY_NOTIFICATION_SPY_RIG_ELECTION_ALERT">
      <Text>Son seçimlerden sonra {1_CityName}'de nüfuzunuz sasirtici bir sekilde azaldi. Bu muhtemelen düsman casuslarinin yerel seçimlere hile karistirdigini yansitiyor.</Text>
    </Row>
    <Row Tag="TXT_KEY_NOTIFICATION_SPY_YOU_STAGE_COUP_SUCCESS">
      <Text>{1_SpyRank} {2_SpyName} {3_CityName}'de bir darbe düzenledi ve {4_CivShortDesc} destekçilerini devirerek sizinle ittifak halinde olan bir grubu göreve getirdi.</Text>
    </Row>
    <Row Tag="TXT_KEY_NOTIFICATION_SPY_YOU_STAGE_COUP_SUCCESS_S">
      <Text>{1_CityName} Darbe Basarisi!</Text>
    </Row>
    <Row Tag="TXT_KEY_NOTIFICATION_SPY_YOU_STAGE_COUP_FAILURE">
      <Text>{1_SpyRank} {2_SpyName} {3_CityName}'da bir darbe girisiminde bulundu ancak sehri yöneten {4_CivShortDesc} destekçilerini devirmeyi basaramadi. {1_SpyRank} {2_SpyName} bu girisim sirasinda öldü.</Text>
    </Row>
    <Row Tag="TXT_KEY_NOTIFICATION_SPY_YOU_STAGE_COUP_FAILURE_S">
      <Text>{1_CityName} Darbe Basarisizligi!</Text>
    </Row>
    <Row Tag="TXT_KEY_NOTIFICATION_SPY_STAGE_COUP_SUCCESS">
      <Text>{1_CivShortDesc}, {2_CityName}'te bir darbe düzenledi, {3_CivAdj} destekçilerini devirdi ve sehir devletinin yeni müttefiki olmak için hükümete kendi destekçilerini yerlestirdi.</Text>
    </Row>
    <Row Tag="TXT_KEY_NOTIFICATION_SPY_STAGE_COUP_SUCCESS_S">
      <Text>{1_CivAdj} {2_CityName} içinde darbe</Text>
    </Row>
    <Row Tag="TXT_KEY_NOTIFICATION_SPY_STAGE_COUP_FAILURE">
      <Text>{1_CivShortDesc}, {2_CityName}'te bir darbe girisiminde bulunmus ancak sehir devletiyle ittifak halinde olan {3_CivAdj} destekçilerini devirmeyi basaramamistir.</Text>
    </Row>
    <Row Tag="TXT_KEY_NOTIFICATION_SPY_STAGE_COUP_FAILURE_S">
      <Text>{1_CivAdj} {2_CityName} içinde darbe Basarisiz</Text>
    </Row>
    <Row Tag="TXT_KEY_SPY_OCCUPYING_CITY">
      <Text>{1_AgentName} bu sehri isgal ediyor.</Text>
    </Row>
    <Row Tag="TXT_KEY_SPY_FULL_NAME">
      <Text>{1_RankName} {2_AgentName}</Text>
    </Row>
    <!-- EO screen -->
    <Row Tag="TXT_KEY_EO_POTENTIAL_SORT_TT">
      <Text>Potansiyel, teknolojilerin bir sehirden ne kadar hizli çalinabilecegini gösterir. Deger ne kadar yüksekse, teknolojiler o kadar hizli çalinabilir. Temel deger, sehir tarafindan üretilen bilim miktarindan gelir. Potansiyel, sehirdeki Zabita ve Polis Karakolu gibi savunma binalari tarafindan azaltilabilir. Sehirden teknoloji çalmak için daha yüksek rütbeli bir casus kullanildiginda potansiyel artabilir.[NEWLINE][NEWLINE]Sehirleri potansiyellerine göre siralamak için tiklayin.</Text>
    </Row>
    <Row Tag="TXT_KEY_EO_CITY_SORT_TT">
      <Text>Sehrin adi.[NEWLINE][NEWLINE]Sehirleri adlarina göre siralamak için tiklayin.</Text>
    </Row>
    <Row Tag="TXT_KEY_EO_CIVILIZATION_SORT_TT">
      <Text>Sehri hangi uygarlik kontrol ediyor.[NEWLINE][NEWLINE]Sehirleri uygarliklarina göre siralamak için tiklayin.</Text>
    </Row>
    <Row Tag="TXT_KEY_EO_POPULATION_SORT_TT">
      <Text>Sehrin nüfusu. Nüfus ne kadar fazlaysa, çok fazla bilim üretme olasiligi da o kadar yüksektir. Bir sehir ne kadar çok bilim üretirse, Potansiyel degeri o kadar büyük olabilir.[NEWLINE][NEWLINE]Sehirleri nüfuslarina göre siralamak için tiklayin.</Text>
    </Row>
    <Row Tag="TXT_KEY_EO_UNKNOWN_POTENTIAL_TT">
      <Text>Bu sehrin Potansiyeli bilinmiyor. Bu sehrin Potansiyelini görmek için, bir casusu bu sehre tasiyarak gözetim kurun.</Text>
    </Row>
    <Row Tag="TXT_KEY_EO_CITY_STATE_POTENTIAL_TT">
      <Text>Teknolojiler Sehir Devletlerinden çalinamaz, bu yüzden Potansiyel degerleri yoktur.[NEWLINE][NEWLINE]Bir Sehir Devletine bir casus göndermek, seçimlere hile karistirarak oradaki etkinizi artiracaktir. Sehirde birden fazla casus varsa, Sehir-Devlette en uzun süredir bulunan en yüksek rütbeli casusun seçimlere hile karistirma sansi en yüksektir. Sehir Devletlerindeki casuslar, baska bir medeniyetin Sehir Devletiyle müttefik olmasi durumunda da darbe girisiminde bulunabilir.</Text>
    </Row>
    <Row Tag="TXT_KEY_EO_OWN_CITY_POTENTIAL_TT">
      <Text>{1_CityName}'ün Potansiyeli {2_Num}'tür.[NEWLINE][NEWLINE]Kendi sehirlerinizin potansiyelini her zaman bilirsiniz. Teknolojik olarak öndeyseniz, yüksek Potansiyelli sehirlerinizi korumayi düsünmelisiniz. Bunu yapmanin iki yolu vardir. Düsman casuslarini bir teknolojiyi çalmadan önce yakalayip öldürme sansi olan karsi casuslar olarak hareket etmeleri için kendi casuslarinizi sehirlerinize tasiyabilirsiniz. Ayrica Zabita, Polis Karakolu ve Büyük Güvenlik Duvari gibi binalar insa ederek düsman casuslarinin teknolojileri ne kadar hizli çalabilecegini yavaslatabilirsiniz.</Text>
    </Row>
    <Row Tag="TXT_KEY_EO_CITY_POTENTIAL_TT">
      <Text>{1_SpyRank} {2_SpyName} çaliyor {3_Num} {4_CityName}'dan Potansiyel.[NEWLINE]{5_CityName}'nin temel Potansiyeli {6_Num}'tür.[NEWLINE][NEWLINE]Potansiyel, teknolojilerin bir sehirden ne kadar hizli çalinabilecegini gösterir. Deger ne kadar yüksek olursa, teknolojiler o kadar hizli çalinabilir. Temel deger sehir tarafindan üretilen bilim miktarindan gelir. Potansiyel, sehirdeki Zabita ve Polis Karakolu gibi savunma binalari tarafindan azaltilabilir. Sehirden teknoloji çalmak için daha yüksek rütbeli bir casus kullanildiginda potansiyel artabilir.</Text>
    </Row>
    <Row Tag="TXT_KEY_EO_CITY_POTENTIAL_CANNOT_STEAL_TT">
      <Text>{1_SpyRank} {2_SpyName} {3_CityName}'den teknoloji çalamaz çünkü sizin sahip olmadiginiz teknolojilere sahip degildir. [NEWLINE][NEWLINE]{4_CityName}'in temel Potansiyeli {5_Num}'dir. [NEWLINE][NEWLINE]Potansiyel, bir sehirden ne kadar hizli teknoloji çalinabilecegini gösterir. Deger ne kadar yüksek olursa, teknolojiler o kadar hizli çalinabilir. Temel deger sehir tarafindan üretilen bilim miktarindan gelir. Potansiyel, sehirdeki Zabita ve Polis Karakolu gibi savunma binalari tarafindan azaltilabilir. Sehirden teknoloji çalmak için daha yüksek rütbeli bir casus kullanildiginda potansiyel artabilir.</Text>
    </Row>
    <Row Tag="TXT_KEY_EO_CITY_ONCE_KNOWN_POTENTIAL_TT">
      <Text>{1_CityName}'ün Potansiyelinin en son {2_Num} oldugu biliniyordu.[NEWLINE][NEWLINE]Bu, casuslarinizdan birinin bu sehirdeki son Potansiyel ölçümüydü. Daha güncel bir okuma elde etmek için casuslarinizdan birini bu sehre tasiyin.[NEWLINE][NEWLINE]Potansiyel, teknolojilerin bir sehirden ne kadar hizli çalinabilecegini gösterir. Deger ne kadar yüksekse, teknolojiler o kadar hizli çalinabilir. Temel deger sehir tarafindan üretilen bilim miktarindan gelir. Potansiyel, sehirdeki Zabita ve Polis Karakolu gibi savunma binalari tarafindan azaltilabilir. Sehirden teknoloji çalmak için daha yüksek rütbeli bir casus kullanildiginda potansiyel artabilir.</Text>
    </Row>
    <Row Tag="TXT_KEY_EO_CITY_CIV_TT">
      <Text>{1_CityName}, {@2_CivShortDesc} tarafindan kontrol edilir.</Text>
    </Row>
    <Row Tag="TXT_KEY_EO_CITY_CIV_CITY_STATE_TT">
      <Text>{1_CityName} bir [COLOR_POSITIVE_TEXT]([2][ENDCOLOR] Sehir-Devletidir.</Text>
    </Row>
    <Row Tag="TXT_KEY_EO_CITY_NAME_TT">
      <Text>{1_CityName}, {@2_CivShortDesc} tarafindan kontrol edilir.</Text>
    </Row>
    <Row Tag="TXT_KEY_EO_CITY_NAME_CITY_STATE_TT">
      <Text>{1_CityName} bir [COLOR_POSITIVE_TEXT]([2][ENDCOLOR] Sehir-Devletidir.</Text>
    </Row>
    <Row Tag="TXT_KEY_EO_CITY_POPULATION_TT">
      <Text>{1_CityName}'ün nüfusu {2_Num}'tür.</Text>
    </Row>
    <Row Tag="TXT_KEY_EO_CITY_VIEW_ENABLED_TT">
      <Text>{1_CityName} sehir ekranini görüntülemek için tiklayin.[NEWLINE][NEWLINE]Eger o sehirde gözetleme yapan bir casusunuz varsa diger oyuncunun sehir ekranini görebilirsiniz.</Text>
    </Row>
    <Row Tag="TXT_KEY_EO_CITY_VIEW_ENABLED_YOUR_CITY_TT">
      <Text>{1_CityName} sehir ekranini görüntülemek için tiklayin.[NEWLINE][NEWLINE]Her zaman kendi sehirlerinizi görebilirsiniz.</Text>
    </Row>
    <Row Tag="TXT_KEY_EO_CITY_VIEW_DISABLED_TT">
      <Text>{1_CityName} sehir ekranini göremeyebilirsiniz.[NEWLINE][NEWLINE]Sehir ekranini görmek istiyorsaniz, bir casusu sehre tasiyin ve gözetleme yapmasini saglayin.</Text>
    </Row>
    <Row Tag="TXT_KEY_EO_CITY_VIEW_DISABLED_WAIT_TT">
      <Text>{1_CityName} sehir ekranini göremezsiniz.[NEWLINE][NEWLINE]Bu sehirde bir casusunuz var, ancak sehir ekranini görebilmeniz için casusun gözetleme yapmasini beklemeniz gerekiyor.</Text>
    </Row>
    <Row Tag="TXT_KEY_EO_CITY_VIEW_DISABLED_NO_CITY_TT">
      <Text>Bir casusun bir sehir ekranini görüntüleyebilmesi için bir sehre tasinmasi gerekir.</Text>
    </Row>
    <Row Tag="TXT_KEY_EO_CITY_VIEW_DISABLED_YOUR_CITY_TT">
      <Text>{1_CityName} sehir ekranini bir casusun gözünden görmenize gerek yok.[NEWLINE][NEWLINE]Bu sehrin sahibi sizsiniz ve bir casusun size orada ne oldugunu söylemesine ihtiyaciniz yok.</Text>
    </Row>
    <Row Tag="TXT_KEY_EO_SPY_RANK_TT">
      <Text>{1_SpyName} {2_RankName} rütbesine ulasmistir.[NEWLINE][NEWLINE]Üç casus rütbesi vardir: Acemi, Ajan ve Özel Ajan. Sonraki her seviye casusu daha etkili hale getirir. Daha yüksek rütbeli bir casus teknolojileri daha hizli çalar, sizden çalmaya çalisan düsman casuslarini daha sik kesfeder ve öldürür, Sehir Devletlerindeki seçimlere daha etkili bir sekilde hile karistirir ve baska bir medeniyetle müttefik olan bir Sehir Devletinde darbe yapma sansi daha yüksektir.[NEWLINE][NEWLINE]Casuslar baska bir medeniyetten basarili bir sekilde teknoloji çaldiklarinda veya teknolojilerini çalmaya çalisan bir düsman casusunu öldürdüklerinde seviye atlarlar.</Text>
    </Row>
    <Row Tag="TXT_KEY_EO_SPY_LOCATION_TT">
      <Text>{1_SpyRank} {2_SpyName} su anda {3_CityName}'da bulunmaktadir.</Text>
    </Row>
    <Row Tag="TXT_KEY_EO_SPY_MOVE_TT">
      <Text>{1_SpyRank} {2_SpyName} yeni bir konuma tasimak için tiklayin.[NEWLINE][NEWLINE]Bir casus yeni bir sehre tasinmaya yönlendirildiginde, tam olarak etkin hale gelmesi birkaç tur sürer. [NEWLINE][NEWLINE]Eger casus sahibinin sehrine tasiniyorsa, düsman casuslarini ortaya çikarmak ve öldürmek için karsi casusluga baslayacaktir. [NEWLINE][NEWLINE]Eger bir casus baska bir medeniyetin sahibi oldugu bir sehre tasinirsa, casus o medeniyetten bir teknoloji çalmaya baslayacaktir. Bir casus yalnizca casusun sahibinin bilmedigi herhangi bir teknolojiyi bilen bir medeniyetten çalabilir. Sehrin sahibinin sehri savunan bir casusu varsa, casusunuzun kesfedilme ve öldürülme sansi vardir. Bu durum diplomatik iliskileri zorlayabilir![NEWLINE][NEWLINE]Eger casus Sehir-Devleti olan bir sehre tasinirsa, casus sehir-devleti üzerindeki nüfuzunuzu artirmak için seçimlere hile karistirmaya çalisacaktir.</Text>
    </Row>
    <Row Tag="TXT_KEY_EO_SPY_COUP_ENABLED_TT">
      <Text>{1_SpyRank} {2_SpyName}'ün ([3]'te {4_CivAdjective} sempatizanlarini devirmek için bir darbe girisiminde bulunmasi için tiklayin. [NEWLINE][NEWLINE]% {5_Num} basari sansina sahiptirler. {6_SpyRank} {7_SpyName} basarili olursa, {8_CityName} ile müttefik olursunuz ve {9_CivShortDesc} mevcut etki miktariniza düsürülür. Ardindan diger tüm oyuncularin etkisi düsecektir. {10_SpyRank} {11_SpyName} basarisiz olursa, öldürülürler ve {12_CityName} ile olan etkiniz büyük ölçüde azalir. [NEWLINE][NEWLINE] Basari sansinizi artirmak için, Sehir Devleti üzerindeki etkinizi artirabilir, daha yüksek rütbeli bir casus kullanabilir veya mevcut müttefikin etkisinin azalmasini bekleyebilirsiniz.</Text>
    </Row>
    <Row Tag="TXT_KEY_EO_SPY_COUP_DISABLED_WAIT_TT">
      <Text>{1_SpyRank} {2_SpyName} henüz {3_CityName}'da bir darbe girisiminde bulunamaz çünkü orada gözetimi tamamlamamislardir.</Text>
    </Row>
    <Row Tag="TXT_KEY_EO_SPY_COUP_DISABLED_NO_ALLY_TT">
      <Text>{1_SpyRank} {2_SpyName} ([3]'de darbe girisiminde bulunamaz çünkü su anda {4_CityName} ile müttefik olan kimse yoktur.)</Text>
    </Row>
    <Row Tag="TXT_KEY_EO_SPY_COUP_DISABLED_YOU_ALLY_TT">
      <Text>{1_SpyRank} {2_SpyName} {3_CityName}'da darbe girisiminde bulunamazsiniz çünkü su anda Sehir Devleti ile müttefiksiniz!</Text>
    </Row>
    <Row Tag="TXT_KEY_EO_SPY_BUTTON_DISABLED_SPY_DEAD_TT">
      <Text>{1_SpyRank} {2_SpyName} öldü. Onlari rahat birakin.</Text>
    </Row>
    <Row Tag="TXT_KEY_EO_SPY_NAMEPLATE_TT">
      <Text>Bu sizin casusunuz, {1_SpyRank} {2_SpyName}.[NEWLINE][NEWLINE]Casuslar herhangi bir etkiye sahip olmak için sehirlere tasinmalidir.[NEWLINE][NEWLINE]Casusunuz sehirlerinizden birindeyse, teknolojinizi çalmaya çalisan düsman casuslarini yakalamaya ve öldürmeye çalisacaktir.[NEWLINE][NEWLINE]Casusunuz baska bir medeniyetin sehrindeyse, o medeniyetten teknoloji çalmaya çalisacaktir. Casus ayrica size veya diger medeniyetlere karsi sinsi saldirilar planlayan bir medeniyet gibi kesfettigi her türlü entrikayi rapor edecektir.[NEWLINE][NEWLINE]Casusunuz bir Sehir Devletindeyse, oradaki nüfuzunuzu artirmak için yerel seçimlere hile karistirmaya çalisacaktir.</Text>
    </Row>
    <Row Tag="TXT_KEY_EO_SPY_NEEDS_ASSIGNMENT_TT">
      <Text>Casusunuzu bir sehre tasiyin, böylece alçakça isler yapmaya baslayabilir.</Text>
    </Row>
    <Row Tag="TXT_KEY_EO_SPY_UNASSIGNED_TT">
      <Text>{1_RankName} {2_SpyName} saklandigi yerde oturuyor ve kimseye bir faydasi yok.[NEWLINE][NEWLINE]Sinsi seyler yapmak için onlari bir sehre götürün!</Text>
    </Row>
    <Row Tag="TXT_KEY_EO_SPY_RIGGING_ELECTIONS_TT">
      <Text>{1_RankName} {2_SpyName} oradaki nüfuzumuzu artirmak için {3_CityName}'daki seçime hile karistirmaya çalisiyor.[NEWLINE][NEWLINE]Sadece bir medeniyet bir seçime basarili bir sekilde hile karistirabilir. Eger bir Sehir-Devlette birden fazla casus varsa, o Sehir-Devlette en uzun süredir bulunan en yüksek rütbeli casusun seçime kendi lehine basarili bir sekilde hile karistirma sansi en yüksektir.</Text>
    </Row>
    <Row Tag="TXT_KEY_EO_SPY_TRAVELLING_TT">
      <Text>{1_RankName} {2_SpyName} su anda {3_CityName}'ya tasiniyor.</Text>
    </Row>
    <Row Tag="TXT_KEY_EO_SPY_SURVEILLANCE_TT">
      <Text>{1_RankName} {2_SpyName} {3_CityName}'da gözetim kuruyor.[NEWLINE][NEWLINE]Gözetim kurulduktan sonra, casus sehirde daha gelismis operasyonlar yapmaya baslayabilir. Gözetim ayni zamanda diger medeniyetlerin sehirlerini sehir ekranindan görmenizi saglar. (Ama Sehir Devletlerini degil.)[NEWLINE][NEWLINE]Gözetleme ayrica casusun, medeniyetin hazirladigi sinsi saldiri planlari gibi entrikalari ortaya çikarmasini saglar. Bu bilgi önemli olabilir!</Text>
    </Row>
    <Row Tag="TXT_KEY_EO_SPY_GATHERING_INTEL_TT">
      <Text>{1_RankName} {2_SpyName} bir teknolojiyi çalmak için {3_CityName}'da istihbarat topluyor.[NEWLINE][NEWLINE]Bir casus ancak hedeflenen uygarlik casusun uygarliginin sahip olmadigi bir teknolojiyi kesfetmisse bir teknolojiyi çalmaya çalisabilir.[NEWLINE][NEWLINE]Sehrin sahibinin sehirde bir casusu varsa, casusunuzun teknolojiyi çalmaya çalisirken kesfedilme ve öldürülme sansi vardir!</Text>
    </Row>
    <Row Tag="TXT_KEY_EO_SPY_COUNTER_INTEL_TT">
      <Text>{1_RankName} {2_SpyName}, {3_CityName}'da karsi istihbarat operasyonlari yürütüyor. [NEWLINE][NEWLINE]Eger bir düsman casusu, casusunuzun bulundugu sehirden bir teknoloji çalmaya çalisirsa, casusunuz hirsizligin tespit edilmesini saglayacaktir. Bilgiyi kimin çaldigini belirleme ve düsman casusu dogrudan öldürme sansi vardir. Casusunuzun rütbesi ne kadar yüksekse, teknolojinizi çalmaya çalisan düsman casusunu öldürme olasiliginiz da o kadar yüksek olur.</Text>
    </Row>
    <Row Tag="TXT_KEY_EO_SPY_COUNTER_INTEL_SPY_RANK_TT">
      <Text>{1_Num}% {2_RankName} {3_SpyName} rütbesi sayesinde düsman casuslarini öldürme sansi artar.</Text>
    </Row>
    <Row Tag="TXT_KEY_EO_SPY_COUNTER_INTEL_POLICY_TT">
      <Text>{1_Num}% Polis Devleti politikasi nedeniyle düsman casuslarini öldürme sansi artti.</Text>
    </Row>
    <Row Tag="TXT_KEY_EO_SPY_COUNTER_INTEL_SUM_TT">
      <Text>{1_Num}% toplam düsman casusu öldürme sansi.</Text>
    </Row>
    <Row Tag="TXT_KEY_EO_OVERVIEW">
      <Text>Genel Bakis</Text>
    </Row>
    <Row Tag="TXT_KEY_EO_OVERVIEW_TT">
      <Text>Genel Bakis ekrani casuslarinizi görmenizi ve onlari gözetleme yapmak, teknoloji çalmak, entrika kesfetmek veya Sehir-Devlet seçimlerine hile karistirmak için dünyanin dört bir yanindaki sehirlere atamanizi saglar.</Text>
    </Row>
    <Row Tag="TXT_KEY_EO_INTRIGUE">
      <Text>Entrika</Text>
    </Row>
    <Row Tag="TXT_KEY_EO_INTRIGUE_TT">
      <Text>Entrika ekrani casuslarinizdan ve diger uygarliklardan diger uygarliklarin neler planladigi hakkinda ögrendiklerinizi gösterir.</Text>
    </Row>
    <Row Tag="TXT_KEY_EO_UNASSIGNED_SPIES_TT">
      <Text>Görevlere atadiginiz {1_Num: plural 1?a spy that is not  other?{1_Num} spies that are not } casuslariniz var.[NEWLINE][NEWLINE]Casuslar diger medeniyetlerden teknoloji çalabilir, entrika yoluyla diger medeniyetlerin planlarini ortaya çikarabilir ve seçimlere hile karistirarak Sehir Devletleri üzerindeki etkinizi artirabilir. Calismaya baslamalari için Casusluga Genel Bakis ekraninda casuslari atayin!</Text>
    </Row>
    <Row Tag="TXT_KEY_CITY_SPY_OTHER_CIV_TT">
      <Text>{1_SpyRank} {2_SpyName} {3_CityName}'da. {4_SpyRank} {5_SpyName} sehirdeyken, gözetim kurarlar ve daha sonra o medeniyetten bilmediginiz herhangi bir teknolojiyi çalmaya çalisirlar. {6_SpyRank} {7_SpyName} ayrica operasyonlari sirasinda kesfettikleri herhangi bir entrika hakkinda sizi bilgilendirecektir.</Text>
    </Row>
    <Row Tag="TXT_KEY_CITY_SPY_CITY_STATE_TT">
      <Text>{1_SpyRank} {2_SpyName} {3_CityName}'de. {4_SpyRank} {5_SpyName} Sehir Devletindeyken, gözetim kurarlar ve ardindan Sehir Devleti üzerindeki etkinizi artirmak için seçimlere hile karistirmaya çalisirlar. Eger baska casuslar da varsa, her seçime hile karistiramayabilirsiniz.</Text>
    </Row>
    <Row Tag="TXT_KEY_CITY_SPY_YOUR_CITY_TT">
      <Text>{1_SpyRank} {2_SpyName} {3_CityName}'de. {4_SpyRank} {5_SpyName} sehrinizdeyken, teknolojinizi çalmaya çalisan düsman casuslarini yakalamak ve öldürmek için karsi casusluk operasyonlari gerçeklestireceklerdir.</Text>
    </Row>
    <Row Tag="TXT_KEY_MOVE_SPY_HIDEOUT_BUTTON">
      <Text>Hideout'a git</Text>
    </Row>
    <Row Tag="TXT_KEY_MOVE_SPY_HIDEOUT_BUTTON_TT">
      <Text>Bu, casusu aktif görevden uzaklastirir ve bir sonraki görevlerini beklerken sivri biftek biçaklariyla dart oynadiklari casus siginagina tasir.</Text>
    </Row>
    <Row Tag="TXT_KEY_MOVE_SPY_CANCEL">
      <Text>Iptal</Text>
    </Row>
    <Row Tag="TXT_KEY_MOVE_SPY_CANCEL_TT">
      <Text>Bu, casusun hareketini iptal eder ve onu mevcut konumunda tutar.</Text>
    </Row>
    <Row Tag="TXT_KEY_EO_POTENTIAL_BUILDING_MOD_TITLE">
      <Text>Binalardan ve harikalardan degistirin:</Text>
    </Row>
    <Row Tag="TXT_KEY_EO_POTENTIAL_BUILDING_MOD_ENTRY">
      <Text>{1_BuildingName}: {2_Num}%</Text>
    </Row>
    <Row Tag="TXT_KEY_EO_POTENTIAL_WONDER_MOD_TITLE">
      <Text>Diger sehirlerdeki harikalardan farkli:</Text>
    </Row>
    <Row Tag="TXT_KEY_EO_POTENTIAL_WONDER_MOD_ENTRY">
      <Text>{1_WonderName}: {2_Num}%</Text>
    </Row>
    <Row Tag="TXT_KEY_EO_POTENTIAL_POLICY_MOD_TITLE">
      <Text>Sosyal politikalardan kaynaklanan degisim:</Text>
    </Row>
    <Row Tag="TXT_KEY_EO_POTENTIAL_POLICY_MOD_ENTRY">
      <Text>{1_SocialPolicyName}: {2_Num}%</Text>
    </Row>
    <Row Tag="TXT_KEY_EO_INCREASED_CHANCE_TO_CATCH_SPY_YOU">
      <Text>Düsman casuslarini yakalamada % {2_Num} artan bir sans saglayan {1_SocialPolicyName}'ü benimsediniz.</Text>
    </Row>
    <Row Tag="TXT_KEY_EO_INCREASED_CHANCE_TO_CATCH_SPY_THEM">
      <Text>{1_PlayerName}, düsman casuslarini yakalamada % {3_Num} daha fazla sans saglayan {2_SocialPolicyName}'i benimsemistir.</Text>
    </Row>
    <Row Tag="TXT_KEY_EO_CITY_STATE_ELECTION">
      <Text>Dünyadaki tüm sehir devletleri her {1_Num} turda ayni anda seçim yapar. Bir sonraki seçim {2_Num} turda yapilacaktir.</Text>
    </Row>
    <Row Tag="TXT_KEY_EO_NO_INTRIGUE_AVAILABLE">
      <Text>Entrika Mevcut Degil</Text>
    </Row>
    <Row Tag="TXT_KEY_EO_MOVE_SPY_TO_HIDEOUT_CHECK">
      <Text>{1_SpyRank} {2_SpyName}'ü saklanma yerine tasimak istediginizden emin misiniz?[NEWLINE][NEWLINE]Casusun o anda yapmakta oldugu tüm eylemler saklanma yerine tasindiginda iptal edilecektir. Casuslar saklanma yerine atandiklarinda size yardim edemezler, ancak orada öldürülemezler de.</Text>
    </Row>
    <Row Tag="TXT_KEY_EO_UNKNOWN_POTENTIAL">
      <Text>?</Text>
    </Row>
  </Language_en_US>
</GameData>