﻿<?xml version="1.0" encoding="utf-8"?>
<!-- edited with XMLSPY v2004 rel. 2 U (http://www.xmlspy.com) by Ed Beach (Firaxis Games) -->
<GameData>
  <Language_en_US>
    <Row Tag="TXT_KEY_GREAT_WORK_QUOTE_ODYSSEY">
      <Text>"Insanlar tanrilari suçlamakta o kadar aceleciler ki, onlarin acilarini bizim tasarladigimizi[NEWLINE] söylüyorlar. Ama kendileri [NEWLINE] ahlaksizliklari içinde kaderin verdigi kederden daha büyük bir keder tasarlarlar [NEWLINE]."</Text>
    </Row>
    <Row Tag="TXT_KEY_GREAT_WORK_QUOTE_FABLES">
      <Text>"Kaplumbaga yoluna devam etmis. Tavsan uykusundan uyandiginda, Kaplumbaga'nin kazanma noktasina yaklastigini gördü. Ama yarisi kurtaracak kadar hizli kosamadi. Sonra Kaplumbaga, 'Yavas ve istikrarli olan yarisi kazanir' demis."</Text>
    </Row>
    <Row Tag="TXT_KEY_GREAT_WORK_QUOTE_OEDIPUS">
      <Text>"Oidipus ünlü bilmeceleri biliyordu. Güçlü bir kraldi  herkesin gipta ettigi biriydi. Simdi korkunç bir yikim dalgasina kapildi. Hayattayken, son gününüze bakmaya devam etmelisiniz ve hayatin sinirini keder çekmeden geçene kadar mutlu olmayin."</Text>
    </Row>
    <Row Tag="TXT_KEY_GREAT_WORK_QUOTE_LYSISTRATA">
      <Text>"Görünüse göre sen, erkek, sadik müttefikin için bizi kolayca kazanabilecekken, kadinlarla savasmaya cesaret edecek kadar aptalsin."</Text>
    </Row>
    <Row Tag="TXT_KEY_GREAT_WORK_QUOTE_AENEID">
      <Text>"Cehenneme inmek kolaydir [NEWLINE]gece ve gündüz karanlik Ölüm'ün kapilari ardina kadar açiktir [NEWLINE]ama tekrar geri tirmanmak, adimlarini yukariya dogru takip etmek -[NEWLINE]iste zor olan, görev budur."</Text>
    </Row>
    <Row Tag="TXT_KEY_GREAT_WORK_QUOTE_METAMORPHOSES">
      <Text>"Zihnini inciten zincirleri kiran[NEWLINE] ve endiselenmekten sonsuza dek vazgeçen insana ne mutlu.[NEWLINE] Sabirli ve dayanikli olun  bir gün bu aci size faydali olacaktir."</Text>
    </Row>
    <Row Tag="TXT_KEY_GREAT_WORK_QUOTE_TRUE_STORY">
      <Text>"Yalana geri dönüyorum - ama çok tutarli bir yalana  çünkü simdi beklemeniz gereken tek dogru açiklamayi yapiyorum - yalanci oldugumu. Bu savunmanin tüm suçlamalara karsi tam bir savunma oldugunu düsünüyorum."</Text>
    </Row>
    <Row Tag="TXT_KEY_GREAT_WORK_QUOTE_RUBAIYAT">
      <Text>"Hareket eden parmak yazar  ve yazdiktan sonra[NEWLINE]yoluna devam eder  ne senin tüm dindarligin ne de zekan[NEWLINE]yarim satiri iptal etmek için onu geri çekebilir,[NEWLINE]ne de tüm gözyaslarin onun bir kelimesini silebilir."</Text>
    </Row>
    <Row Tag="TXT_KEY_GREAT_WORK_QUOTE_MASNAVI">
      <Text>"Kapiyi çalin, O kapiyi açacaktir.[NEWLINE]Yok olun, O sizi günes gibi parlatacaktir.[NEWLINE]Düsün, O sizi göklere yükseltecektir.[NEWLINE]Hiç olun, O sizi her seye dönüstürecektir."</Text>
    </Row>
    <Row Tag="TXT_KEY_GREAT_WORK_QUOTE_RAMAYAMA">
      <Text>"Sair Valmiki, hareket eden tüm dünyayi elinde bir su damlasinin içinde tuttu.[NEWLINE]Cennetten tanrilar ve azizler asagiya bakti,[NEWLINE]Ve Valmiki Zamanin sabahinda tanrilara bakti."</Text>
    </Row>
    <Row Tag="TXT_KEY_GREAT_WORK_QUOTE_MAHABHARATA">
      <Text>"Aileyi kurtarmak için, bir adami terk edin [NEWLINE]Köyü kurtarmak için, bir aileyi terk edin [NEWLINE]Ülkeyi kurtarmak için, bir köyü terk edin [NEWLINE]Ruhu kurtarmak için, dünyayi terk edin."</Text>
    </Row>
    <Row Tag="TXT_KEY_GREAT_WORK_QUOTE_URUBHANGA">
      <Text>"Süphe hastaligi benim varligimda asla yoktur.[NEWLINE] Cünkü ben bir erkek ve bir kadin arasindaki dostluga[NEWLINE] saygi duyabilen bir kralim."</Text>
    </Row>
    <Row Tag="TXT_KEY_GREAT_WORK_QUOTE_ABHIJNANASAKUTALAM">
      <Text>"Dün sadece bir rüyadir [NEWLINE]Yarin ise sadece bir hayal...Ama iyi yasanmis bir bugün, her[NEWLINE]dünü bir mutluluk rüyasi [NEWLINE]her yarini ise bir umut vizyonu yapar."</Text>
    </Row>
    <Row Tag="TXT_KEY_GREAT_WORK_QUOTE_CHU_CI">
      <Text>"O zaman iki hükümdar, yüksek söhret sahibi,[NEWLINE]krallik yolunu izlediler, hedeflerine ulastilar.[NEWLINE]Sehvetle gururlanan iki prens, saltanatlarini kötüye kullandilar,[NEWLINE]daha kolay bir yol aradilar ve kendi adimlarini karistirdilar."</Text>
    </Row>
    <Row Tag="TXT_KEY_GREAT_WORK_QUOTE_SHUIHU_ZHUAN">
      <Text>"Bugün küçük kardesimiz Chen Da tavsiyelerimize karsi geldi. Ekselanslarini gücendirdi ve onurlu malikanenizde kilit altinda tutuldu. Onu kurtarmanin bir yolu olmadigindan, onunla birlikte ölmeye geldik."</Text>
    </Row>
    <Row Tag="TXT_KEY_GREAT_WORK_QUOTE_JIN_PING_MEI">
      <Text>"Bulutlarin ve yagmurun uyandirdigi tutkular,[NEWLINE]baslarini birlestiriyor ve boyunlarini büküyor,[NEWLINE]yatak perdelerinin içinde. Gerçekten de:[NEWLINE]Duygular birlestiginde, bir brokar kusaga ne oldugunu[NEWLINE]unutmaya meyillidir insan."</Text>
    </Row>
    <Row Tag="TXT_KEY_GREAT_WORK_QUOTE_HONG_LOU_MENG">
      <Text>"Kurnazlar acilarini bosa harcarlar [NEWLINE]Bilgeler beyinlerini yorarlar [NEWLINE]Ama hiçbir kazanç pesinde olmayan avanak,[NEWLINE]Karni tok, özgürce dolasir,[NEWLINE]Denizde sürüklenen tekne gibi."</Text>
    </Row>
    <Row Tag="TXT_KEY_GREAT_WORK_QUOTE_KOKIN_WAKASHU">
      <Text>"Argent incileri[NEWLINE]Gözyaslarim göründü[NEWLINE]Ama geçen yillarla[NEWLINE]Cin kizilina[NEWLINE]dönüstüler"</Text>
    </Row>
    <Row Tag="TXT_KEY_GREAT_WORK_QUOTE_GENJI_MONOGATARI">
      <Text>"Bir kadina sirf sade oldugu için kaba davranilmamali, sirf yakisikli oldugu için ona kötü davranmaya ne kadar hakkiniz varsa, o kadar hakkiniz var."</Text>
    </Row>
    <Row Tag="TXT_KEY_GREAT_WORK_QUOTE_TSUREZUREGUSA">
      <Text>"Hayattaki en degerli sey belirsizliktir. Bir seyi eksik birakmak onu ilginç kilar ve insana büyümek için yer oldugu hissini verir."</Text>
    </Row>
    <Row Tag="TXT_KEY_GREAT_WORK_QUOTE_SHINJUTEN_NO_AMIJIMA">
      <Text>"Ölüm Tanrisi tarafindan ele geçirilmis birinin kulaklarina, mantik ve itirazlar bos sikayetler gibi görünür."</Text>
    </Row>
    <Row Tag="TXT_KEY_GREAT_WORK_QUOTE_UGETSU_MONOGATARI">
      <Text>"Ay nehirde parliyor [NEWLINE]Rüzgar çamlari hisirdatiyor.[NEWLINE]Uzun gece, berrak aksam -[NEWLINE]Bunlar ne için?"</Text>
    </Row>
    <Row Tag="TXT_KEY_GREAT_WORK_QUOTE_WAGAHAI_WA_NEKO">
      <Text>"Insanlarla birlikte yasadigim sürece, onlari ne kadar çok gözlemlersem, o kadar bencil olduklari sonucuna varmak zorunda kaliyorum."</Text>
    </Row>
    <Row Tag="TXT_KEY_GREAT_WORK_QUOTE_EL_INGENIOSO">
      <Text>"Simdi bakin, majesteleri," dedi Sancho, "orada gördükleriniz devler degil, yel degirmenleri ve kol gibi görünen seyler de rüzgârda dönüp degirmen tasini çeviren yelkenler."[NEWLINE] "Belli ki," diye yanitladi Don Kisot, "maceralar hakkinda pek bir sey bilmiyorsunuz.""</Text>
    </Row>
    <Row Tag="TXT_KEY_GREAT_WORK_QUOTE_MARIA">
      <Text>"Kederli bir sekilde uykuya daldim, yaklasan belanin belirsiz önsezisiyle doluydum. Bir çocugun basindan alinan o bir tutam saç, yasamin bol oldugu bir ortamda bile ölüme karsi alinan o sevgi önlemi, bütün gece düsüncelerimin, farkinda olmadan hayatimin en mutlu saatlerini geçirdigim o sahnelerde dolasmasina neden oldu."</Text>
    </Row>
    <Row Tag="TXT_KEY_GREAT_WORK_QUOTE_MARTIN_FIERRO">
      <Text>"Ben bir gaucho'yum ve bunu benden alin[NEWLINE]Dilimin size açikladigi gibi:[NEWLINE]Benim için dünya küçük bir yer[NEWLINE]Ve henüz daha büyük olabilir"</Text>
    </Row>
    <Row Tag="TXT_KEY_GREAT_WORK_QUOTE_AZUL">
      <Text>"Ispanya'nin gaydalari, siz ki sarki söyleyebiliyorsunuz[NEWLINE]Baharda bizim için en tatli olani![NEWLINE]Önce sevinci söylüyorsunuz, sonra aciyi[NEWLINE]Dalgali ana kadar derin ve aci."</Text>
    </Row>
    <Row Tag="TXT_KEY_GREAT_WORK_QUOTE_GIRART_DE_VIENNE">
      <Text>"Tanri bu isi yasaklasin![NEWLINE]Fransa Krali benden zarar görmemeli![NEWLINE]Eger beni bagislarsa, onun lordunun adami olacagim,[NEWLINE]Ve tüm topraklarimi ondan timar olarak alacagim."</Text>
    </Row>
    <Row Tag="TXT_KEY_GREAT_WORK_QUOTE_LA_VIE_DE_GARGANTUA">
      <Text>"Üzüntünün insani nasil yedigini, yendigini görünce,[NEWLINE]Aglamaktansa gülmek hakkinda yazmayi tercih ederim,[NEWLINE]Cünkü gülmek insani insan ve cesur yapar."</Text>
    </Row>
    <Row Tag="TXT_KEY_GREAT_WORK_QUOTE_CANDIDE_OU_LOPTIMISME">
      <Text>"Aptallarin ünlü bir yazar tarafindan yazilan her seyin takdire sayan olduguna inanma gibi bir aliskanliklari vardir. Ben kendi adima sadece kendimi memnun etmek için ve sadece zevkime uygun olanlari okurum."</Text>
    </Row>
    <Row Tag="TXT_KEY_GREAT_WORK_QUOTE_LES_TROIS_MOUSQUETAIRES">
      <Text>"Hepimiz birimiz, birimiz hepimiz için, bizim cihazimiz budur."</Text>
    </Row>
    <Row Tag="TXT_KEY_GREAT_WORK_QUOTE_LES_MISERABLES">
      <Text>"Hayattaki en büyük mutluluk sevildigimize inanmaktir - kendimiz için sevildigimize ya da daha dogrusu kendimize ragmen sevildigimize... Baska bir insani sevmek, Tanri'nin yüzünü görmektir."</Text>
    </Row>
    <Row Tag="TXT_KEY_GREAT_WORK_QUOTE_VIGNT_MILLE_LIEUES">
      <Text>"Kaptan Nemo bu muazzam kabuklu deniz hayvani yiginini isaret etti ve ben de bu madenlerin gerçekten tükenmez oldugunu gördüm, çünkü Doga'nin yaratici güçleri Insan'in yikici içgüdülerinden daha büyüktür."</Text>
    </Row>
    <Row Tag="TXT_KEY_GREAT_WORK_QUOTE_A_LA_RECHERCHE">
      <Text>"Ne kadar bilge olursa olsun, gençliginin bir döneminde, anisi kendisine o kadar tatsiz gelen seyler söylememis ya da yasamamis olan hiç kimse yoktur. Yine de bundan tamamen pisman olmamalidir, çünkü gerçekten bilge bir adam oldugundan emin olamaz."</Text>
    </Row>
    <Row Tag="TXT_KEY_GREAT_WORK_QUOTE_DIVINA_COMMEDIA">
      <Text>"Cehennemdeki en sicak yerler, büyük ahlaki kriz zamanlarinda tarafsizliklarini koruyanlar için ayrilmistir."</Text>
    </Row>
    <Row Tag="TXT_KEY_GREAT_WORK_QUOTE_IL_CANZONIERE">
      <Text>"Nereden biliyorsun, zavalli aptal? Belki de disarida bir yerlerde, birileri senin yoklugun için iç çekiyordur  ve bu düsünceyle ruhum nefes almaya basliyor."</Text>
    </Row>
    <Row Tag="TXT_KEY_GREAT_WORK_QUOTE_ORLANDO_FURIOSO">
      <Text>"Baska hiçbir erkekte böyle bir güzellik yoktu. Doga onu yaratti ve sonra kalibini kirdi."</Text>
    </Row>
    <Row Tag="TXT_KEY_GREAT_WORK_QUOTE_SAUL">
      <Text>"Davut'un burada[NEWLINE]vahsi Saul'a teslim oldugunu yazacaklar -[NEWLINE]Yürü, ey Israil, barisçil çadirlarindan [NEWLINE]Yürü onlardan, ey Kral."</Text>
    </Row>
    <Row Tag="TXT_KEY_GREAT_WORK_QUOTE_DIE_RAUBER">
      <Text>"Yukaridaki güçler öyle emrederse, adaletin beni yeterince hizli bulacagindan hiç süphem yok. Ama beni uykumda sasirtabilir, kaçarken yakalayabilir ya da siddet ve kiliçla ele geçirebilir ve o zaman bana kalan tek erdemi, ölümümü özgür irademle bir kefarete dönüstürme erdemini kaybetmis olurum."</Text>
    </Row>
    <Row Tag="TXT_KEY_GREAT_WORK_QUOTE_FAUST">
      <Text>"Bilginler bir seyi incelerken, eger canliysa, önce onu öldürmeye çalisirlar  o zaman parçalara sahip olurlar ve bütünü kaybederler, çünkü eksik olan baglanti yasayan ruhtur."</Text>
    </Row>
    <Row Tag="TXT_KEY_GREAT_WORK_QUOTE_REVIZOR">
      <Text>"Yüzünüz bozuksa aynayi suçlamanin bir faydasi yoktur."</Text>
    </Row>
    <Row Tag="TXT_KEY_GREAT_WORK_QUOTE_PRESTIPLENIYE">
      <Text>"Büyük bir zekâ ve derin bir kalp için aci ve istirap her zaman kaçinilmazdir. Bence gerçekten büyük adamlar yeryüzünde büyük üzüntüler yasamalidir."</Text>
    </Row>
    <Row Tag="TXT_KEY_GREAT_WORK_QUOTE_VOYNA_I_MIR">
      <Text>"Sevdiginiz bir insani beseri bir askla sevebilirsiniz, ancak bir düsman ancak ilahi bir askla sevilebilir."</Text>
    </Row>
    <Row Tag="TXT_KEY_GREAT_WORK_QUOTE_CHAYKA">
      <Text>"Neden saf bir ruhun bu haykirisinda yüregimi burkan bir hüzün notasi duyuyorum? Eger herhangi bir zamanda hayatima ihtiyacin olursa, gel ve al."</Text>
    </Row>
    <Row Tag="TXT_KEY_GREAT_WORK_QUOTE_NA_DNE">
      <Text>"Mutluluk elinizdeyken her zaman küçük görünür, ama birakin gitsin, ne kadar büyük ve degerli oldugunu hemen ögrenirsiniz."</Text>
    </Row>
    <Row Tag="TXT_KEY_GREAT_WORK_QUOTE_CANTERBURY_TALES">
      <Text>"Yine de kissadan hisseyi kaçirmayin, iyi adamlarim.[NEWLINE]Cünkü Aziz Pavlus der ki, iyi yazilmis her sey[NEWLINE]Anlatilacak yararli bir gerçek için yazilmistir.[NEWLINE]Öyleyse bugdayi alin ve samani oldugu gibi birakin."</Text>
    </Row>
    <Row Tag="TXT_KEY_GREAT_WORK_QUOTE_LE_MORTE_DARTHUR">
      <Text>"Yine de Ingiltere'nin birçok yerinde bazi insanlar Kral Arthur'un ölmedigini, Rabbimiz Isa'nin istegiyle baska bir yere gittigini ve tekrar gelecegini söylüyorlar."</Text>
    </Row>
    <Row Tag="TXT_KEY_GREAT_WORK_QUOTE_THE_FAERIE_QUEENE">
      <Text>"Cünkü kaybedilen hiçbir sey yoktur ki, arandigi takdirde bulunabilsin."</Text>
    </Row>
    <Row Tag="TXT_KEY_GREAT_WORK_QUOTE_MACBETH">
      <Text>"Hayat... bir aptal tarafindan anlatilan, ses ve öfke dolu,[NEWLINE]hiçbir sey ifade etmeyen bir masaldir[NEWLINE]."</Text>
    </Row>
    <Row Tag="TXT_KEY_GREAT_WORK_QUOTE_PRIDE_AND_PREJUDICE">
      <Text>"Temeli atan saati, noktayi, bakisi ya da sözcükleri belirleyemiyorum. Basladigimi bilmeden önce ortasina gelmistim."</Text>
    </Row>
    <Row Tag="TXT_KEY_GREAT_WORK_QUOTE_FRANKENSTEIN">
      <Text>"Bilgi edinmenin ne kadar tehlikeli oldugunu ve dogasinin izin verdiginden daha büyük olmayi arzulayan bir adamdan çok, dogdugu kasabanin dünya olduguna inanan bir adamin ne kadar mutlu oldugunu, benim ögütlerimle olmasa bile, en azindan benim örnegimle benden ögrenin."</Text>
    </Row>
    <Row Tag="TXT_KEY_GREAT_WORK_QUOTE_A_CHRISTMAS_CAROL">
      <Text>"Sindirilmemis bir sigir eti parçasi, bir hardal lekesi, bir peynir kirintisi, az pismis bir patates parçasi olabilirsin. Her ne olursan ol, sende mezardan çok sos var!"</Text>
    </Row>
    <Row Tag="TXT_KEY_GREAT_WORK_QUOTE_ALICES_ADVANTURES">
      <Text>"'Ama ben deli insanlarin arasina gitmek istemiyorum,' dedi Alice. [NEWLINE] 'Ah, buna engel olamazsin,' dedi Kedi. 'Burada hepimiz deliyiz. Ben deliyim. '[NEWLINE] 'Deli oldugumu nereden biliyorsun?' dedi Alice.[NEWLINE] 'Öyle olmalisin,' dedi Kedi, 'yoksa buraya gelmezdin."</Text>
    </Row>
    <Row Tag="TXT_KEY_GREAT_WORK_QUOTE_BARRACK_ROOM_BALLADS">
      <Text>"Ve dünyanin gördügü ilk kaba taslak[NEWLINE]kalbine nese verdi[NEWLINE]Ta ki Seytan yapraklarin arkasindan fisildayana kadar,[NEWLINE]'Bu güzel, ama sanat mi?"</Text>
    </Row>
    <Row Tag="TXT_KEY_GREAT_WORK_QUOTE_THE_TIME_MACHINE">
      <Text>"Sanirim o zamanlar hiçbirimiz Zaman Makinesi'ne tam olarak inanmiyorduk. Gerçek su ki, Zaman Yolcusu inanilmayacak kadar zeki adamlardan biriydi: etrafindaki her seyi gördügünüzü asla hissetmediniz  her zaman onun açik sözlülügünün ardinda ince bir çekingenlik, pusuda bir ustalik oldugundan süphelendiniz."</Text>
    </Row>
    <Row Tag="TXT_KEY_GREAT_WORK_QUOTE_THE_SIGN_OF_THE_FOUR">
      <Text>"Imkansiz olani elediginizde, geriye kalan ne olursa olsun, ne kadar olasilik disi olursa olsun, gerçek olmalidir."</Text>
    </Row>
    <Row Tag="TXT_KEY_GREAT_WORK_QUOTE_LADY_CHATTERLEYS_LOVER">
      <Text>"Bir kadin hayatini yasamali ya da yasamadigi için pismanlik duymalidir."</Text>
    </Row>
    <Row Tag="TXT_KEY_GREAT_WORK_QUOTE_THE_SKETCH_BOOK">
      <Text>"Ve eger yolu, ölümlü insanlar için hayaletlerin, cinlerin ve tüm cadi irkinin toplamindan daha fazla kafa karisikligina neden olan bir varlik tarafindan kesilmeseydi, Seytan'a ve onun tüm islerine ragmen keyifli bir hayat geçirecekti, o da bir kadindi."</Text>
    </Row>
    <Row Tag="TXT_KEY_GREAT_WORK_QUOTE_THE_LAST_OF_THE_MOHICANS">
      <Text>"Chingachgook, duygularinin sicakligiyla izcinin taze topraga uzattigi eli kavradi ve bu dostluk tavriyla bu cesur ormancilar baslarini birlikte egdiler, bu sirada kaynar gözyaslari ayaklarina döküldü ve Uncas'in mezarini yagan yagmur damlalari gibi suladi."</Text>
    </Row>
    <Row Tag="TXT_KEY_GREAT_WORK_QUOTE_THE_RAVEN">
      <Text>"Açtim kepengi, bir sürü cilve ve çirpinisla,[NEWLINE]Içeri adim atti eski aziz günlerin görkemli kuzgunu.[NEWLINE]En ufak bir hürmet göstermedi  bir an durmadi ya da kalmadi [NEWLINE]Ama, efendi ya da hanimefendi edasiyla, odamin kapisinin üzerine tünedi."</Text>
    </Row>
    <Row Tag="TXT_KEY_GREAT_WORK_QUOTE_TWICE_TOLD_TALE">
      <Text>"Gizemli dünyamizin görünüsteki karmasasinin ortasinda, bireyler bir sisteme, sistemler de birbirlerine ve bir bütüne o kadar güzel uyum saglamislardir ki, insan bir an için kenara çekildiginde, yerini sonsuza dek kaybetme riskiyle karsi karsiya kalir."</Text>
    </Row>
    <Row Tag="TXT_KEY_GREAT_WORK_QUOTE_MOBY_DICK">
      <Text>"Bana Ishmael diyebilirsiniz. Birkaç yil önce - tam olarak ne kadar oldugu önemli degil - cüzdanimda çok az para vardi ya da hiç yoktu ve kiyida ilgimi çekecek özel bir sey yoktu, biraz yelken açip dünyanin su kismini görmeyi düsündüm."</Text>
    </Row>
    <Row Tag="TXT_KEY_GREAT_WORK_QUOTE_UNCLE_TOMS_CABIN">
      <Text>"Tom gözlerini açti ve efendisine bakti. 'Seni zavalli sefil yaratik!' dedi, 'yapabilecegin baska bir sey yok. Seni bütün ruhumla affediyorum!' dedi ve tamamen bayildi."</Text>
    </Row>
    <Row Tag="TXT_KEY_GREAT_WORK_QUOTE_WALDEN">
      <Text>"Ormana gittim çünkü bilinçli bir sekilde yasamak, hayatin sadece temel gerçekleriyle yüzlesmek ve ögretmek zorunda oldugu seyleri ögrenip ögrenemeyecegimi görmek ve ölmeye geldigimde yasamadigimi fark etmemek istiyordum."</Text>
    </Row>
    <Row Tag="TXT_KEY_GREAT_WORK_QUOTE_LEAVES_OF_GRASS">
      <Text>"Ah Kaptan! Kaptanim! Korkunç yolculugumuz sona erdi,[NEWLINE] Gemi her türlü zorluga gögüs gerdi  aradigimiz ödülü kazandik."</Text>
    </Row>
    <Row Tag="TXT_KEY_GREAT_WORK_QUOTE_ADVENTURES_OF_HUCKLEBERRY">
      <Text>"Ama sanirim digerlerinden önce Bölge'ye dogru yola çikmaliyim, çünkü Sally Teyze beni evlat edinecek ve sivillestirecek ve ben buna dayanamam. Oraya daha önce de gittim."</Text>
    </Row>
    <Row Tag="TXT_KEY_GREAT_WORK_QUOTE_POEMS">
      <Text>"Cünkü ben Ölüm için duramadim -[NEWLINE]O benim için nazikçe durdu -[NEWLINE]Arabada sadece Biz vardik -[NEWLINE]Ve Ölümsüzlük."</Text>
    </Row>
    <Row Tag="TXT_KEY_GREAT_WORK_QUOTE_RED_BADGE_OF_COURAGE">
      <Text>"Belli belirsiz bir sekilde cesedin etrafinda dolasmayi ve bakmayi arzuluyordu  yasayanlarin ölü gözlerde Soru'nun cevabini okumaya çalisma dürtüsü."</Text>
    </Row>
    <Row Tag="TXT_KEY_GREAT_WORK_QUOTE_WONDERFUL_WIZARD_OF_OZ">
      <Text>"'Oh - sen çok kötü bir adamsin!'[NEWLINE] 'Oh hayir, canim. Ben çok iyi bir adamim. Ben sadece çok kötü bir Büyücüyüm.'"</Text>
    </Row>
    <Row Tag="TXT_KEY_GREAT_WORK_QUOTE_THE_GREAT_GATSBY">
      <Text>"Gatsby yesil isiga, her geçen yil önümüzden çekilen o muhtesem gelecege inaniyordu. O zaman bizden kaçti, ama önemli degil - yarin daha hizli kosacagiz, kollarimizi daha uzaga uzatacagiz ve güzel bir sabah..."</Text>
    </Row>
    <Row Tag="TXT_KEY_GREAT_WORK_QUOTE_ROSETTA">
      <Text>"...onlarin içinde yasayanlar ve onlarin içinde herhangi bir sayginliga sahip olan her biri, iste simdi bir tanri gibidir..."</Text>
    </Row>
    <Row Tag="TXT_KEY_GREAT_WORK_QUOTE_MAWANGDUI">
      <Text>"Kanli Hemoroid. Bir erkek siçani idrarda iyice kaynatin. Buhari ile sicak presleyin."</Text>
    </Row>
    <Row Tag="TXT_KEY_GREAT_WORK_QUOTE_DEAD_SEA">
      <Text>"Onlara de ki, 'Gökleri ve yeri yaratmayan bu ilahlar yeryüzünden ve göklerin altindan yok olup gidecekler.</Text>
    </Row>
    <Row Tag="TXT_KEY_GREAT_WORK_QUOTE_GILGAMESH">
      <Text>"Adimi ünlü kisilerin adlarinin yazili oldugu yere dikecegim ve hiç kimsenin adinin yazili olmadigi yerde tanrilar için bir anit dikecegim."</Text>
    </Row>
    <Row Tag="TXT_KEY_GREAT_WORK_QUOTE_NAG_HAMMADI">
      <Text>"Ama meshettigi kisiler kusursuzluga erismis olanlardir. Cünkü dolu küpler meshedilmis olanlardir. Ama birinin meshi çözüldügünde, küp bosalir."</Text>
    </Row>
    <Row Tag="TXT_KEY_GREAT_WORK_QUOTE_LINEAR_B">
      <Text>"Kral Augewas'i do-mo-ko-ro olarak atadiginda Phugebris böyle gördü... köle kadinlar otuz iki... büyük kizlar bes... küçük kizlar on bes... küçük oglanlar dört"</Text>
    </Row>
    <Row Tag="TXT_KEY_GREAT_WORK_QUOTE_PAPYRUS_ANI">
      <Text>"Selam olsun, ey Osiris'in Evi'nde kusursuz ruhlara kek ve bira verenler, tanrilarin, Abydos'un Efendileri'nin önünde sözü dogru olan Osiris Ani'nin ruhuna her gün iki kez kek ve bira verin."</Text>
    </Row>
    <Row Tag="TXT_KEY_GREAT_WORK_QUOTE_RUNESTONE">
      <Text>"Bunu, dokuz kusak önce Hreidgoth'larla birlikte hayatini kaybeden ve suçu yüzünden onlarla birlikte ölen ikinci kisi olarak söylüyorum."</Text>
    </Row>
    <Row Tag="TXT_KEY_GREAT_WORK_QUOTE_HAMMURABI">
      <Text>"196. Eger bir adam baska bir adamin gözünü çikarirsa, kendi gözü de çikarilacaktir."</Text>
    </Row>
    <Row Tag="TXT_KEY_GREAT_WORK_QUOTE_BAKHSHALI">
      <Text>"Bes tüccar birlikte bir mücevher satin alir. Fiyati, birincinin elindeki para ile digerlerinin elindeki paranin yarisina veya ikincinin elindeki para ile digerlerinin elindeki paranin üçte birine esittir..."</Text>
    </Row>
    <Row Tag="TXT_KEY_GREAT_WORK_QUOTE_CODEX_PEREZ">
      <Text>"Chilam Balam'in, sarkicinin, Cabal-chen'in, Mani'nin kehaneti. 13 Ahau'da katun Itza zamaninda, Tancah zamaninda sona erecek."</Text>
    </Row>
    <Row Tag="TXT_KEY_GREAT_WORK_QUOTE_JUSHICHIJO_KEMPO">
      <Text>"Uyuma deger verilmeli ve ahlaksiz muhalefetten kaçinmak onurlandirilmalidir... O halde basarilamayacak ne vardir?"</Text>
    </Row>
    <Row Tag="TXT_KEY_GREAT_WORK_QUOTE_KELLS">
      <Text>"Baslangiçta Söz vardi... Söz beden aldi ve aramizda yasadi."</Text>
    </Row>
    <Row Tag="TXT_KEY_GREAT_WORK_QUOTE_CODEX_BORGIA">
      <Text>"Tezcatlipoca: Onunla yasiyoruz. Yakinlarin ve uzaklarin efendisi."</Text>
    </Row>
    <Row Tag="TXT_KEY_GREAT_WORK_QUOTE_KEDUKAN_BUKRIT">
      <Text>"Saka takviminin 605 yilinda, Waisaka dolunayinin on birinci gününde, Majesteleri kar elde etmek için bir tekneye bindi."</Text>
    </Row>
  </Language_en_US>
</GameData>