﻿<?xml version="1.0" encoding="utf-8"?>
<!-- edited with XMLSPY v2004 rel. 2 U (http://www.xmlspy.com) by Ed Beach (Firaxis Games) -->
<GameData>
  <Language_en_US>
    <Row Tag="TXT_KEY_CIVIL_WAR_SCENARIO_TRAIT_ANACONDA_PLAN_SHORT">
      <Text>Anaconda Plani</Text>
    </Row>
    <Row Tag="TXT_KEY_CIVIL_WAR_SCENARIO_TRAIT_ANACONDA_PLAN">
      <Text>Bu senaryoda sadece Askeri Mühendisler ve Birlik kara birimleri gemiye binebilir.</Text>
    </Row>
    <Row Tag="TXT_KEY_CIVIL_WAR_SCENARIO_TRAIT_REBEL_YELL_SHORT">
      <Text>Rebel Yell</Text>
    </Row>
    <Row Tag="TXT_KEY_CIVIL_WAR_SCENARIO_TRAIT_REBEL_YELL">
      <Text>Birimler otomatik olarak +%10 Savas Terfisi alir.</Text>
    </Row>
  </Language_en_US>
</GameData>