﻿<?xml version="1.0" encoding="utf-8"?>
<!-- edited with XMLSPY v2004 rel. 2 U (http://www.xmlspy.com) by Ed Beach (Firaxis Games) -->
<GameData>
  <Language_en_US>
    <!-- American Civil War -->
    <Row Tag="TXT_KEY_CIVIL_WAR_SCENARIO_BUILDING_BARRACKS">
      <Text>Kisla</Text>
    </Row>
    <Row Tag="TXT_KEY_CIVIL_WAR_SCENARIO_BUILDING_ARMY_BASE">
      <Text>Ordu Üssü</Text>
    </Row>
    <Row Tag="TXT_KEY_CIVIL_WAR_SCENARIO_BUILDING_ARSENAL">
      <Text>Arsenal</Text>
    </Row>
    <Row Tag="TXT_KEY_CIVIL_WAR_SCENARIO_BUILDING_IRON_WORKS">
      <Text>Demir Isleri</Text>
    </Row>
    <Row Tag="TXT_KEY_CIVIL_WAR_SCENARIO_BUILDING_NAVY_YARD">
      <Text>Donanma Tersanesi</Text>
    </Row>
    <Row Tag="TXT_KEY_CIVIL_WAR_SCENARIO_BUILDING_STABLE">
      <Text>Kararli</Text>
    </Row>
    <Row Tag="TXT_KEY_CIVIL_WAR_SCENARIO_BUILDING_WALLS">
      <Text>Sermaye Savunmalari2</Text>
      <Plurality>2</Plurality>
    </Row>
    <Row Tag="TXT_KEY_CIVIL_WAR_SCENARIO_BUILDING_BARRACKS_STRATEGY">
      <Text>Her Kisla 1 [ICON_RES_MANPOWER] Insan Gücü saglar. Insa edilemez. [ICON_RES_MANPOWER] Insan Gücü seviyenizi artirmak için düsman sehirlerini ele geçirin.</Text>
    </Row>
    <Row Tag="TXT_KEY_CIVIL_WAR_SCENARIO_BUILDING_ARMY_BASE_STRATEGY">
      <Text>Her Ordu Üssü 2 [ICON_RES_MANPOWER] Insan Gücü saglar. Insa edilemez. [ICON_RES_MANPOWER] Insan Gücü seviyenizi artirmak için düsman sehirlerini ele geçirin.</Text>
    </Row>
    <Row Tag="TXT_KEY_CIVIL_WAR_SCENARIO_BUILDING_ARSENAL_STRATEGY">
      <Text>Piyade birimlerinin bu sehirde insa edilmesine izin verir. Insa edilemez. Ulusunuz için yeni üretim merkezleri ele geçirmek için düsman sehirlerini ele geçirin.</Text>
    </Row>
    <Row Tag="TXT_KEY_CIVIL_WAR_SCENARIO_BUILDING_IRON_WORKS_STRATEGY">
      <Text>Bu sehirde Topçu birimlerinin insa edilmesine izin verir. Insa edilemez. Ulusunuz için yeni üretim merkezleri ele geçirmek için düsman sehirlerini ele geçirin.</Text>
    </Row>
    <Row Tag="TXT_KEY_CIVIL_WAR_SCENARIO_BUILDING_NAVY_YARD_STRATEGY">
      <Text>Donanma birimlerinin bu sehirde insa edilmesine izin verir. Insa edilemez. Ulusunuz için yeni üretim merkezleri ele geçirmek için düsman sehirlerini ele geçirin.</Text>
    </Row>
    <Row Tag="TXT_KEY_CIVIL_WAR_SCENARIO_BUILDING_STABLE_STRATEGY">
      <Text>Atli birimlerin bu sehirde insa edilmesine izin verir. Insa edilemez. Ulusunuz için yeni üretim merkezleri ele geçirmek için düsman sehirlerini ele geçirin.</Text>
    </Row>
    <Row Tag="TXT_KEY_CIVIL_WAR_SCENARIO_BUILDING_BARRACKS_HELP">
      <Text>1 [ICON_RES_MANPOWER] Insan Gücü saglar.</Text>
    </Row>
    <Row Tag="TXT_KEY_CIVIL_WAR_SCENARIO_BUILDING_ARMY_BASE_HELP">
      <Text>2 [ICON_RES_MANPOWER] Insan Gücü saglar.</Text>
    </Row>
    <Row Tag="TXT_KEY_CIVIL_WAR_SCENARIO_BUILDING_ARSENAL_HELP">
      <Text>Piyade birimlerinin bu sehirde insa edilmesine izin verir.</Text>
    </Row>
    <Row Tag="TXT_KEY_CIVIL_WAR_SCENARIO_BUILDING_IRON_WORKS_HELP">
      <Text>Bu sehirde Topçu birimlerinin insa edilmesine izin verir.</Text>
    </Row>
    <Row Tag="TXT_KEY_CIVIL_WAR_SCENARIO_BUILDING_NAVY_YARD_HELP">
      <Text>Donanma birimlerinin bu sehirde insa edilmesine izin verir.</Text>
    </Row>
    <Row Tag="TXT_KEY_CIVIL_WAR_SCENARIO_BUILDING_STABLE_HELP">
      <Text>Bu sehirde Atli birimlerin insa edilmesine izin verir.</Text>
    </Row>
    <Row Tag="TXT_KEY_CIVIL_WAR_SCENARIO_BUILDING_WALLS_STRATEGY">
      <Text>Baskent Savunmalari, bir sehrin Savunma Gücünü 10 ve Vurus Puanini 100 artirarak sehrin ele geçirilmesini önemli ölçüde zorlastiran toprak kalelerden olusan bir halkadir.</Text>
    </Row>
    <!-- Scramble for Africa -->
    <Row Tag="TXT_KEY_SCRAMBLE_AFRICA_FEATURE_FOUNTAIN_YOUTH">
      <Text>Nil'in Kaynagi</Text>
    </Row>
    <Row Tag="TXT_KEY_BUILDING_STAATSMUSEUM">
      <Text>Staatsmuseum</Text>
    </Row>
    <Row Tag="TXT_KEY_BUILDING_TURKISH_BATH_DESC">
      <Text>Türk Hamami</Text>
    </Row>
    <Row Tag="TXT_KEY_BUILDING_SUEZ_CANAL">
      <Text>Süveys Kanali</Text>
    </Row>
  </Language_en_US>
</GameData>