﻿<?xml version="1.0" encoding="utf-8"?>
<GameData>
  <Language_en_US>
    <Row Tag="TXT_KEY_CIV_ETHIOPIA_ADJECTIVE">
      <Text>Etiyopyali nötr:an</Text>
      <Gender>neuter:an</Gender>
    </Row>
    <Row Tag="TXT_KEY_CIV_ETHIOPIA_DESC">
      <Text>Etiyopya Imparatorlugu nötr:an</Text>
      <Gender>neuter:an</Gender>
    </Row>
    <Row Tag="TXT_KEY_CIV_ETHIOPIA_SHORT_DESC">
      <Text>Etiyopya nötr:an</Text>
      <Gender>neuter:an</Gender>
    </Row>
  </Language_en_US>
</GameData>