﻿<?xml version="1.0" encoding="utf-8"?>
<!-- edited with XMLSPY v2004 rel. 2 U (http://www.xmlspy.com) by Scott Lewis (Firaxis Games) -->
<!--Sid Meier's Civilization V -->
<!--Copyright Firaxis Games 2010 -->
<!--File created by Paul Murphy-->
<GameData>
  <Language_en_US>
    <Row Tag="TXT_KEY_LEADER_ASHURBANIPAL">
      <Text>Ashurbanipal</Text>
    </Row>
    <Row Tag="TXT_KEY_LEADER_AHMAD_ALMANSUR">
      <Text>Ahmad al-Mansur</Text>
    </Row>
    <Row Tag="TXT_KEY_LEADER_CASIMIR">
      <Text>Casimir III</Text>
    </Row>
    <Row Tag="TXT_KEY_LEADER_ENRICO_DANDOLO">
      <Text>Enrico Dandolo</Text>
    </Row>
    <Row Tag="TXT_KEY_LEADER_GAJAH_MADA">
      <Text>Gajah Mada</Text>
    </Row>
    <Row Tag="TXT_KEY_LEADER_MARIA_I">
      <Text>Maria I kadinsi</Text>
      <Gender>feminine</Gender>
    </Row>
    <Row Tag="TXT_KEY_LEADER_PEDRO">
      <Text>Pedro II</Text>
    </Row>
    <Row Tag="TXT_KEY_LEADER_POCATELLO">
      <Text>Pocatello</Text>
    </Row>
    <Row Tag="TXT_KEY_LEADER_SHAKA">
      <Text>Shaka</Text>
    </Row>
  </Language_en_US>
</GameData>