﻿<?xml version="1.0" encoding="utf-8"?>
<!-- edited with XMLSPY v2004 rel. 2 U (http://www.xmlspy.com) by Ed Beach (Firaxis Games) -->
<!-- Sid Meier's Civilization V -->
<!-- Copyright Firaxis Games 2010 -->
<!-- -->
<!-- Game Text Objects -->
<GameData>
  <Language_en_US>
    <Row Tag="TXT_KEY_TECH_INTERNET_TITLE">
      <Text>Internet</Text>
    </Row>
    <Row Tag="TXT_KEY_TECH_IRON_WORKING_HELP">
      <Text>[ICON_RES_IRON] [COLOR_POSITIVE_TEXT]Demir[ENDCOLOR] ortaya çikarir ve son derece güçlü bir yakin dövüs birimi olan [COLOR_POSITIVE_TEXT]Kiliç Ustasi[ENDCOLOR] insa etmenizi saglar.</Text>
    </Row>
    <Row Tag="TXT_KEY_TECH_BRONZE_WORKING_HELP">
      <Text>Isçilerinizin [COLOR_POSITIVE_TEXT]Ormani Kesmesini[ENDCOLOR] saglayarak diger iyilestirmelerin insa edilebilmesi için harita karesini temizler. Ayrica atli düsmanlara karsi güçlü bir askeri birim olan [COLOR_POSITIVE_TEXT]Mizrakçi[ENDCOLOR] insa etmenizi saglar.</Text>
    </Row>
  </Language_en_US>
</GameData>