﻿<?xml version="1.0" encoding="utf-8"?>
<!-- edited with XMLSPY v2004 rel. 2 U (http://www.xmlspy.com) by Ed Beach (Firaxis Games) -->
<GameData>
  <Language_en_US>
    <Row Tag="TXT_KEY_TRAIT_LUXURY_RETENTION">
      <Text>Son kopyasi takas edilen Lüks Kaynagin [ICON_HAPPINESS_1] Mutluluk avantajlarinin %50'sini korur.</Text>
    </Row>
    <Row Tag="TXT_KEY_TRAIT_LUXURY_RETENTION_SHORT">
      <Text>Hollanda Dogu Hindistan Sirketi</Text>
    </Row>
    <Row Tag="TXT_KEY_TRAIT_FAITH_FROM_NATURE">
      <Text>Bitisiginde gelistirilmemis bir Orman bulunan sehir basina +1 [ICON_PEACE] Inanç. Bonus, 3 veya daha fazla bitisik gelistirilmemis Orman karesine sahip Sehirlerde +2 [ICON_PEACE] Inanca yükselir.</Text>
    </Row>
    <Row Tag="TXT_KEY_TRAIT_FAITH_FROM_NATURE_SHORT">
      <Text>Druidik Ilim</Text>
    </Row>
    <Row Tag="TXT_KEY_TRAIT_EXTRA_BELIEF">
      <Text>Bir Din buldugunuzda normalden bir fazla Inanç seçin.</Text>
    </Row>
    <Row Tag="TXT_KEY_TRAIT_EXTRA_BELIEF_SHORT">
      <Text>Konstantinopolis Patrikhanesi</Text>
    </Row>
    <Row Tag="TXT_KEY_TRAIT_DIPLOMACY_GREAT_PEOPLE">
      <Text>Bir Sehir Devletine verilen bir Büyük Kisi hediyesi ile 90 [ICON_INFLUENCE] Nüfuz kazanin. Dostluk ilan edildiginde, Isveç ve dostlari Büyük Kisi üretimi için +%10 destek kazanir.</Text>
    </Row>
    <Row Tag="TXT_KEY_TRAIT_DIPLOMACY_GREAT_PEOPLE_SHORT">
      <Text>Nobel Ödülü</Text>
    </Row>
    <Row Tag="TXT_KEY_TRAIT_RAZE_AND_HORSES">
      <Text>Sehirleri iki kat hizla yerle bir edin. Diger oyun içi Civ'lerden Sehir isimleri ödünç alin. Hayvan Yetistiriciligi teknolojisi ile baslayin. Mera basina +1 [ICON_PRODUCTION] Üretim.</Text>
    </Row>
    <Row Tag="TXT_KEY_TRAIT_RAZE_AND_HORSES_SHORT">
      <Text>Tanri'nin Belasi</Text>
    </Row>
    <Row Tag="TXT_KEY_TRAIT_ANNEX_CITY_STATE">
      <Text>5 tur boyunca müttefikiniz olan bir Sehir Devletini ilhak etmek veya kukla yapmak için [ICON_GOLD] Altin harcayabilirsiniz.</Text>
    </Row>
    <Row Tag="TXT_KEY_TRAIT_ANNEX_CITY_STATE_SHORT">
      <Text>Diplomatik Evlilik</Text>
    </Row>
    <Row Tag="TXT_KEY_TRAIT_PHOENICIAN_HERITAGE">
      <Text>Tüm kiyi Sehirleri ücretsiz bir Liman alir. Birimler, ilk Büyük General kazanildiktan sonra daglari geçebilir, bir dagda sirayi bitirirlerse 50 HP hasar alirlar.</Text>
    </Row>
    <Row Tag="TXT_KEY_TRAIT_PHOENICIAN_HERITAGE_SHORT">
      <Text>Fenike Mirasi</Text>
    </Row>
    <Row Tag="TXT_KEY_TRAIT_LONG_COUNT">
      <Text>Teoloji'yi arastirdiktan sonra, her Maya Uzun Sayim takvim döngüsünün sonunda (her 394 yilda bir) bir bonus Yüce Kisi alin. Her bonus kisi yalnizca bir kez seçilebilir.</Text>
    </Row>
    <Row Tag="TXT_KEY_TRAIT_LONG_COUNT_SHORT">
      <Text>Uzun Sayim</Text>
    </Row>
    <Row Tag="TXT_KEY_TRAIT_BONUS_AGAINST_TECH">
      <Text>Etiyopya'dan daha fazla Sehre sahip bir Medeniyetin birimleriyle savasirken savas bonusu (+%20).</Text>
    </Row>
    <Row Tag="TXT_KEY_TRAIT_BONUS_AGAINST_TECH_SHORT">
      <Text>Adwa'nin Ruhu</Text>
    </Row>
    <Row Tag="TXT_KEY_TRAIT_AMPHIB_WARLORD">
      <Text>Barbar kamplarindan ve yagmalanan Sehirlerden üç kat [ICON_GOLD] Altin alin. Gemiye bindirilmis birimler kendilerini savunabilir.</Text>
    </Row>
    <Row Tag="TXT_KEY_TRAIT_SEVEN_CITIES_SHORT">
      <Text>Yedi Altin Sehir</Text>
    </Row>
    <Row Tag="TXT_KEY_TRAIT_SEVEN_CITIES">
      <Text>[ICON_GOLD] Bir Doga Harikasini kesfetmek için altin bonusu (ilk kesfeden olursa bonus artar). [ICON_CULTURE] Kültür, [ICON_HAPPINESS_1] Mutluluk ve Doga Harikalarindan elde edilen karo verimi iki katina çikar.</Text>
    </Row>
  </Language_en_US>
</GameData>