﻿<?xml version="1.0" encoding="utf-8"?>
<GameData>
  <Language_en_US>
    <!-- CONFED -->
    <Row Tag="TXT_KEY_CIVIL_WAR_SCENARIO_CITY_NAME_NORFOLK">
      <Text>Norfolk</Text>
    </Row>
    <Row Tag="TXT_KEY_CIVIL_WAR_SCENARIO_CITY_NAME_WILLIAMSBURG">
      <Text>Williamsburg</Text>
    </Row>
    <Row Tag="TXT_KEY_CIVIL_WAR_SCENARIO_CITY_NAME_RICHMOND">
      <Text>Richmond</Text>
    </Row>
    <Row Tag="TXT_KEY_CIVIL_WAR_SCENARIO_CITY_NAME_PETERSBURG">
      <Text>Petersburg</Text>
    </Row>
    <Row Tag="TXT_KEY_CIVIL_WAR_SCENARIO_CITY_NAME_NOTTOWAY">
      <Text>Nottoway Mahkeme Binasi</Text>
    </Row>
    <Row Tag="TXT_KEY_CIVIL_WAR_SCENARIO_CITY_NAME_TAPPAHANNOCK">
      <Text>Tappahannock</Text>
    </Row>
    <Row Tag="TXT_KEY_CIVIL_WAR_SCENARIO_CITY_NAME_ASHLAND">
      <Text>Ashland</Text>
    </Row>
    <Row Tag="TXT_KEY_CIVIL_WAR_SCENARIO_CITY_NAME_GORDONSVILLE">
      <Text>Gordonsville</Text>
    </Row>
    <Row Tag="TXT_KEY_CIVIL_WAR_SCENARIO_CITY_NAME_APPOMATTOX">
      <Text>Appomattox</Text>
    </Row>
    <Row Tag="TXT_KEY_CIVIL_WAR_SCENARIO_CITY_NAME_LYNCHBURG">
      <Text>Lynchburg</Text>
    </Row>
    <Row Tag="TXT_KEY_CIVIL_WAR_SCENARIO_CITY_NAME_STAUNTON">
      <Text>Staunton</Text>
    </Row>
    <Row Tag="TXT_KEY_CIVIL_WAR_SCENARIO_CITY_NAME_CHARLOTTESVILLE">
      <Text>Charlottesville</Text>
    </Row>
    <Row Tag="TXT_KEY_CIVIL_WAR_SCENARIO_CITY_NAME_HARRISONBURG">
      <Text>Harrisonburg</Text>
    </Row>
    <Row Tag="TXT_KEY_CIVIL_WAR_SCENARIO_CITY_NAME_NEW_MARKET">
      <Text>Yeni Pazar</Text>
    </Row>
    <Row Tag="TXT_KEY_CIVIL_WAR_SCENARIO_CITY_NAME_CULPEPER">
      <Text>Culpeper</Text>
    </Row>
    <Row Tag="TXT_KEY_CIVIL_WAR_SCENARIO_CITY_NAME_WARRENTON">
      <Text>Warrenton</Text>
    </Row>
    <Row Tag="TXT_KEY_CIVIL_WAR_SCENARIO_CITY_NAME_MANASSAS">
      <Text>Manassas</Text>
    </Row>
    <Row Tag="TXT_KEY_CIVIL_WAR_SCENARIO_CITY_NAME_FAIRFAX">
      <Text>Fairfax</Text>
    </Row>
    <Row Tag="TXT_KEY_CIVIL_WAR_SCENARIO_CITY_NAME_FRONT_ROYAL">
      <Text>Front Royal</Text>
    </Row>
    <Row Tag="TXT_KEY_CIVIL_WAR_SCENARIO_CITY_NAME_MOOREFIELD">
      <Text>Moorefield</Text>
    </Row>
    <Row Tag="TXT_KEY_CIVIL_WAR_SCENARIO_CITY_NAME_ROMNEY">
      <Text>Romney</Text>
    </Row>
    <Row Tag="TXT_KEY_CIVIL_WAR_SCENARIO_CITY_NAME_WINCHESTER">
      <Text>Winchester</Text>
    </Row>
    <Row Tag="TXT_KEY_CIVIL_WAR_SCENARIO_CITY_NAME_MARTINSBURG">
      <Text>Martinsburg</Text>
    </Row>
    <Row Tag="TXT_KEY_CIVIL_WAR_SCENARIO_CITY_NAME_LEESBURG">
      <Text>Leesburg</Text>
    </Row>
    <Row Tag="TXT_KEY_CIVIL_WAR_SCENARIO_CITY_NAME_FREDERICKSBURG">
      <Text>Fredericksburg</Text>
    </Row>
    <!-- UNION -->
    <Row Tag="TXT_KEY_CIVIL_WAR_SCENARIO_CITY_NAME_FORT_MONROE">
      <Text>Monroe Kalesi</Text>
    </Row>
    <Row Tag="TXT_KEY_CIVIL_WAR_SCENARIO_CITY_NAME_BALTIMORE">
      <Text>Baltimore</Text>
    </Row>
    <Row Tag="TXT_KEY_CIVIL_WAR_SCENARIO_CITY_NAME_ANNAPOLIS">
      <Text>Annapolis</Text>
    </Row>
    <Row Tag="TXT_KEY_CIVIL_WAR_SCENARIO_CITY_NAME_LAUREL">
      <Text>Laurel</Text>
    </Row>
    <Row Tag="TXT_KEY_CIVIL_WAR_SCENARIO_CITY_NAME_WASHINGTON">
      <Text>Washington</Text>
    </Row>
    <Row Tag="TXT_KEY_CIVIL_WAR_SCENARIO_CITY_NAME_ALEXANDRIA">
      <Text>Iskenderiye</Text>
    </Row>
    <Row Tag="TXT_KEY_CIVIL_WAR_SCENARIO_CITY_NAME_HAVRE_DE_GRACE">
      <Text>Havre De Grace</Text>
    </Row>
    <Row Tag="TXT_KEY_CIVIL_WAR_SCENARIO_CITY_NAME_LANCASTER">
      <Text>Lancaster</Text>
    </Row>
    <Row Tag="TXT_KEY_CIVIL_WAR_SCENARIO_CITY_NAME_YORK">
      <Text>York</Text>
    </Row>
    <Row Tag="TXT_KEY_CIVIL_WAR_SCENARIO_CITY_NAME_HARRISBURG">
      <Text>Harrisburg</Text>
    </Row>
    <Row Tag="TXT_KEY_CIVIL_WAR_SCENARIO_CITY_NAME_CARLISLE">
      <Text>Carlisle</Text>
    </Row>
    <Row Tag="TXT_KEY_CIVIL_WAR_SCENARIO_CITY_NAME_HANOVER">
      <Text>Hanover</Text>
    </Row>
    <Row Tag="TXT_KEY_CIVIL_WAR_SCENARIO_CITY_NAME_WESTMINSTER">
      <Text>Westminster</Text>
    </Row>
    <Row Tag="TXT_KEY_CIVIL_WAR_SCENARIO_CITY_NAME_GETTYSBURG">
      <Text>Gettysburg</Text>
    </Row>
    <Row Tag="TXT_KEY_CIVIL_WAR_SCENARIO_CITY_NAME_CHAMBERSBURG">
      <Text>Chambersburg</Text>
    </Row>
    <Row Tag="TXT_KEY_CIVIL_WAR_SCENARIO_CITY_NAME_HAGERSTOWN">
      <Text>Hagerstown</Text>
    </Row>
    <Row Tag="TXT_KEY_CIVIL_WAR_SCENARIO_CITY_NAME_HANCOCK">
      <Text>Hancock</Text>
    </Row>
    <Row Tag="TXT_KEY_CIVIL_WAR_SCENARIO_CITY_NAME_HARPERS_FERRY">
      <Text>Harper's Ferry</Text>
    </Row>
    <Row Tag="TXT_KEY_CIVIL_WAR_SCENARIO_CITY_NAME_FREDERICK">
      <Text>Frederick</Text>
    </Row>
    <Row Tag="TXT_KEY_CIVIL_WAR_SCENARIO_CITY_NAME_CUMBERLAND">
      <Text>Cumberland</Text>
    </Row>
  </Language_en_US>
</GameData>