﻿<?xml version="1.0" encoding="utf-8"?>
<!-- edited with XMLSPY v2004 rel. 2 U (http://www.xmlspy.com) by Ed Beach (Firaxis Games) -->
<!-- Sid Meier's Civilization V -->
<!-- Copyright Firaxis Games 2010 -->
<!-- -->
<!-- Game Text Objects -->
<GameData>
  <Language_en_US>
    <!-- WONDERS -->
    <Row Tag="TXT_KEY_BUILDING_COLOSSUS">
      <Text>Colossusneuter:the</Text>
      <Gender>neuter:the</Gender>
    </Row>
    <Row Tag="TXT_KEY_BUILDING_FORBIDDEN_PALACE">
      <Text>Yasak Sarayuter:the</Text>
      <Gender>neuter:the</Gender>
    </Row>
    <Row Tag="TXT_KEY_BUILDING_GLOBE_THEATER">
      <Text>Globe Theatreneuter: the</Text>
      <Gender>neuter:the</Gender>
    </Row>
    <Row Tag="TXT_KEY_BUILDING_GREAT_LIBRARY">
      <Text>Büyük KütüphaneNötr:the</Text>
      <Gender>neuter:the</Gender>
    </Row>
    <Row Tag="TXT_KEY_BUILDING_GREAT_LIGHTHOUSE">
      <Text>Great Lighthouseneuter: the</Text>
      <Gender>neuter:the</Gender>
    </Row>
    <Row Tag="TXT_KEY_BUILDING_GREAT_WALL">
      <Text>Great Wallneuter: the</Text>
      <Gender>neuter:the</Gender>
    </Row>
    <Row Tag="TXT_KEY_BUILDING_HAGIA_SOPHIA">
      <Text>Hagia Sophianeuter: the</Text>
      <Gender>neuter:the</Gender>
    </Row>
    <Row Tag="TXT_KEY_BUILDING_HANGING_GARDEN">
      <Text>Hanging Gardensneuter: the</Text>
      <Gender>neuter:the</Gender>
    </Row>
    <Row Tag="TXT_KEY_BUILDING_KREMLIN">
      <Text>Kremlinneuter: the</Text>
      <Gender>neuter:the</Gender>
    </Row>
    <Row Tag="TXT_KEY_BUILDING_LOUVRE">
      <Text>Louvreneuter: the</Text>
      <Gender>neuter:the</Gender>
    </Row>
    <Row Tag="TXT_KEY_BUILDING_ORACLE">
      <Text>Oracleneuter: the</Text>
      <Gender>neuter:the</Gender>
    </Row>
    <Row Tag="TXT_KEY_BUILDING_PORCELAIN_TOWER">
      <Text>Porselen Kule</Text>
      <Gender>neuter:the</Gender>
    </Row>
    <Row Tag="TXT_KEY_BUILDING_PYRAMID">
      <Text>Pyramidsneuter:the2</Text>
      <Gender>neuter:the</Gender>
    </Row>
    <Row Tag="TXT_KEY_BUILDING_UFFIZI">
      <Text>Uffizineuter: the</Text>
      <Gender>neuter:the</Gender>
    </Row>
    <Row Tag="TXT_KEY_BUILDING_BROADWAY">
      <Text>Broadwayneuter:no_article</Text>
      <Gender>neuter:no_article</Gender>
    </Row>
    <Row Tag="TXT_KEY_BUILDING_RED_FORT">
      <Text>Red Fortneuter:the</Text>
      <Gender>neuter:the</Gender>
    </Row>
    <Row Tag="TXT_KEY_BUILDING_PRORA_RESORT">
      <Text>Proraneuter:the</Text>
      <Gender>neuter:the</Gender>
    </Row>
    <Row Tag="TXT_KEY_BUILDING_BOROBUDUR">
      <Text>Borobudurneuter: the</Text>
      <Gender>neuter:the</Gender>
    </Row>
    <Row Tag="TXT_KEY_BUILDING_PARTHENON">
      <Text>Parthenonneuter: the</Text>
      <Gender>neuter:the</Gender>
    </Row>
    <!-- NATIONAL WONDERS -->
    <Row Tag="TXT_KEY_BUILDING_EAST_INDIA">
      <Text>Dogu Hindistan Sirketi</Text>
      <Gender>neuter:the</Gender>
    </Row>
    <Row Tag="TXT_KEY_BUILDING_TOURIST_CENTER">
      <Text>Ulusal Ziyaretçi Merkezi</Text>
      <Gender>neuter:the</Gender>
    </Row>
    <!-- BUILDINGS -->
    <Row Tag="TXT_KEY_BUILDING_HOTEL">
      <Text>Otel</Text>
    </Row>
    <Row Tag="TXT_KEY_BUILDING_CARAVANSARY">
      <Text>Kervansaray</Text>
    </Row>
    <Row Tag="TXT_KEY_BUILDING_AIRPORT">
      <Text>HavalimaniNötr:an</Text>
      <Gender>neuter:an</Gender>
    </Row>
    <!-- Replacement building for theatre -->
    <Row Tag="TXT_KEY_BUILDING_THEATRE">
      <Text>Tiyatro</Text>
    </Row>
    <!-- CULTURE GUILD BUILDINGS -->
    <Row Tag="TXT_KEY_BUILDING_WRITERS_GUILD">
      <Text>Yazarlar Birligi</Text>
      <Gender>neuter:the</Gender>
    </Row>
    <Row Tag="TXT_KEY_BUILDING_ARTISTS_GUILD">
      <Text>Sanatçilar Birligi</Text>
      <Gender>neuter:the</Gender>
    </Row>
    <Row Tag="TXT_KEY_BUILDING_MUSICIANS_GUILD">
      <Text>Müzisyenler Birligi</Text>
      <Gender>neuter:the</Gender>
    </Row>
    <!-- UNIQUE BUILDINGS -->
    <Row Tag="TXT_KEY_BUILDING_IKANDA_DESC">
      <Text>Ikandaneuter: the</Text>
      <Gender>neuter:the</Gender>
    </Row>
    <Row Tag="TXT_KEY_BUILDING_DUCAL_STABLE_DESC">
      <Text>Ducal Stableneuter:the</Text>
      <Gender>neuter:the</Gender>
    </Row>
    <Row Tag="TXT_KEY_BUILDING_ROYAL_LIBRARY_DESC">
      <Text>Kraliyet Kütüphanesi</Text>
      <Gender>neuter:the</Gender>
    </Row>
    <Row Tag="TXT_KEY_BUILDING_CANDI_DESC">
      <Text>Candineuter: the</Text>
      <Gender>neuter:the</Gender>
    </Row>
    <Row Tag="TXT_KEY_BUILDING_HANSE_DESC">
      <Text>Hanseneuter:the</Text>
      <Gender>neuter:the</Gender>
    </Row>
    <!-- LEAGUE PROJECT BUILDINGS-->
    <Row Tag="TXT_KEY_BUILDING_INTERNATIONAL_SPACE_STATION">
      <Text>Uluslararasi Uzay Istasyonu</Text>
      <Gender>neuter:the</Gender>
    </Row>
  </Language_en_US>
</GameData>