﻿<?xml version="1.0" encoding="utf-8"?>
<GameData>
  <Language_en_US>
    <!-- BELGIUM -->
    <Row Tag="TXT_KEY_SCRAMBLE_AFRICA_CITY_NAME_BOMA">
      <Text>Boma</Text>
    </Row>
    <Row Tag="TXT_KEY_SCRAMBLE_AFRICA_CITY_NAME_LEOPOLDVILLE">
      <Text>Leopoldville</Text>
    </Row>
    <Row Tag="TXT_KEY_SCRAMBLE_AFRICA_CITY_NAME_BANNINGVILLE">
      <Text>Banningville</Text>
    </Row>
    <Row Tag="TXT_KEY_SCRAMBLE_AFRICA_CITY_NAME_ELIZABETHVILLE">
      <Text>Elizabethville</Text>
    </Row>
    <Row Tag="TXT_KEY_SCRAMBLE_AFRICA_CITY_NAME_STANLEYVILLE">
      <Text>Stanleyville</Text>
    </Row>
    <Row Tag="TXT_KEY_SCRAMBLE_AFRICA_CITY_NAME_COQUILHATVILLE">
      <Text>Coquilhatville</Text>
    </Row>
    <Row Tag="TXT_KEY_SCRAMBLE_AFRICA_CITY_NAME_ALBERTVILLE">
      <Text>Albertville</Text>
    </Row>
    <Row Tag="TXT_KEY_SCRAMBLE_AFRICA_CITY_NAME_LULUABOURG">
      <Text>Luluabourg</Text>
    </Row>
    <Row Tag="TXT_KEY_SCRAMBLE_AFRICA_CITY_NAME_THYSVILLE">
      <Text>Thysville</Text>
    </Row>
    <Row Tag="TXT_KEY_SCRAMBLE_AFRICA_CITY_NAME_JADOTVILLE">
      <Text>Jadotville</Text>
    </Row>
    <Row Tag="TXT_KEY_SCRAMBLE_AFRICA_CITY_NAME_TSHIKAPA">
      <Text>Tshikapa</Text>
    </Row>
    <Row Tag="TXT_KEY_SCRAMBLE_AFRICA_CITY_NAME_COSTERMANSVILLE">
      <Text>Costermansville</Text>
    </Row>
    <Row Tag="TXT_KEY_SCRAMBLE_AFRICA_CITY_NAME_BAKWANGA">
      <Text>Bakwanga</Text>
    </Row>
    <Row Tag="TXT_KEY_SCRAMBLE_AFRICA_CITY_NAME_KINDU">
      <Text>Kindu</Text>
    </Row>
    <Row Tag="TXT_KEY_SCRAMBLE_AFRICA_CITY_NAME_BANANA">
      <Text>Muz</Text>
    </Row>
    <!-- ENGLAND -->
    <Row Tag="TXT_KEY_SCRAMBLE_AFRICA_CITY_NAME_MOMBASA">
      <Text>Mombasa</Text>
    </Row>
    <Row Tag="TXT_KEY_SCRAMBLE_AFRICA_CITY_NAME_PORT_SUDAN">
      <Text>Sudan Limani</Text>
    </Row>
    <Row Tag="TXT_KEY_SCRAMBLE_AFRICA_CITY_NAME_HARGEISA">
      <Text>Hargeisa</Text>
    </Row>
    <Row Tag="TXT_KEY_SCRAMBLE_AFRICA_CITY_NAME_MASERU">
      <Text>Maseru</Text>
    </Row>
    <Row Tag="TXT_KEY_SCRAMBLE_AFRICA_CITY_NAME_MAFEKING">
      <Text>Mafeking</Text>
    </Row>
    <Row Tag="TXT_KEY_SCRAMBLE_AFRICA_CITY_NAME_ZOMBA">
      <Text>Zomba</Text>
    </Row>
    <Row Tag="TXT_KEY_SCRAMBLE_AFRICA_CITY_NAME_ENTEBBE">
      <Text>Entebbe</Text>
    </Row>
    <Row Tag="TXT_KEY_SCRAMBLE_AFRICA_CITY_NAME_NAIROBI">
      <Text>Nairobi</Text>
    </Row>
    <Row Tag="TXT_KEY_SCRAMBLE_AFRICA_CITY_NAME_ZUNGERU">
      <Text>Zungeru</Text>
    </Row>
    <Row Tag="TXT_KEY_SCRAMBLE_AFRICA_CITY_NAME_SALISBURY">
      <Text>Salisbury</Text>
    </Row>
    <Row Tag="TXT_KEY_SCRAMBLE_AFRICA_CITY_NAME_KAMPALA">
      <Text>Kampala</Text>
    </Row>
    <Row Tag="TXT_KEY_SCRAMBLE_AFRICA_CITY_NAME_LUSAKA">
      <Text>Lusaka</Text>
    </Row>
    <Row Tag="TXT_KEY_SCRAMBLE_AFRICA_CITY_NAME_LILONGWE">
      <Text>Lilongwe</Text>
    </Row>
    <Row Tag="TXT_KEY_SCRAMBLE_AFRICA_CITY_NAME_TAMALE">
      <Text>Tamale</Text>
    </Row>
    <Row Tag="TXT_KEY_SCRAMBLE_AFRICA_CITY_NAME_KISUMU">
      <Text>Kisumu</Text>
    </Row>
    <!-- FRANCE -->
    <Row Tag="TXT_KEY_SCRAMBLE_AFRICA_CITY_NAME_BAMAKO">
      <Text>Bamako</Text>
    </Row>
    <Row Tag="TXT_KEY_SCRAMBLE_AFRICA_CITY_NAME_BRAZZAVILLE">
      <Text>Brazzaville</Text>
    </Row>
    <Row Tag="TXT_KEY_SCRAMBLE_AFRICA_CITY_NAME_NDJAMENA">
      <Text>N'Djamena</Text>
    </Row>
    <Row Tag="TXT_KEY_SCRAMBLE_AFRICA_CITY_NAME_NIAMEY">
      <Text>Niamey</Text>
    </Row>
    <Row Tag="TXT_KEY_SCRAMBLE_AFRICA_CITY_NAME_NOUAKCHOTT">
      <Text>Nouakchott</Text>
    </Row>
    <Row Tag="TXT_KEY_SCRAMBLE_AFRICA_CITY_NAME_BANGUI">
      <Text>Bangui</Text>
    </Row>
    <Row Tag="TXT_KEY_SCRAMBLE_AFRICA_CITY_NAME_DJIBOUTI">
      <Text>Cibuti</Text>
    </Row>
    <Row Tag="TXT_KEY_SCRAMBLE_AFRICA_CITY_NAME_FORT_DAUPHIN">
      <Text>Dauphin Kalesi</Text>
    </Row>
    <Row Tag="TXT_KEY_SCRAMBLE_AFRICA_CITY_NAME_CONAKRY">
      <Text>Conakry</Text>
    </Row>
    <Row Tag="TXT_KEY_SCRAMBLE_AFRICA_CITY_NAME_POINT_NOIRE">
      <Text>Pointe-Noire</Text>
    </Row>
    <Row Tag="TXT_KEY_SCRAMBLE_AFRICA_CITY_NAME_BOUAKE">
      <Text>Bouake</Text>
    </Row>
    <Row Tag="TXT_KEY_SCRAMBLE_AFRICA_CITY_NAME_BOBO_DIOULASSO">
      <Text>Bobo-Dioulasso</Text>
    </Row>
    <Row Tag="TXT_KEY_SCRAMBLE_AFRICA_CITY_NAME_DJOUGOU">
      <Text>Djougou</Text>
    </Row>
    <Row Tag="TXT_KEY_SCRAMBLE_AFRICA_CITY_NAME_BECHAR">
      <Text>Bechar</Text>
    </Row>
    <!-- GERMANY -->
    <Row Tag="TXT_KEY_SCRAMBLE_AFRICA_CITY_NAME_DOUALA">
      <Text>Douala</Text>
    </Row>
    <Row Tag="TXT_KEY_SCRAMBLE_AFRICA_CITY_NAME_SWAKOPMUND">
      <Text>Swakopmund</Text>
    </Row>
    <Row Tag="TXT_KEY_SCRAMBLE_AFRICA_CITY_NAME_YAOUNDE">
      <Text>Yaounde</Text>
    </Row>
    <Row Tag="TXT_KEY_SCRAMBLE_AFRICA_CITY_NAME_LOME">
      <Text>Lome</Text>
    </Row>
    <Row Tag="TXT_KEY_SCRAMBLE_AFRICA_CITY_NAME_BAGAMOYO">
      <Text>Bagamoyo</Text>
    </Row>
    <Row Tag="TXT_KEY_SCRAMBLE_AFRICA_CITY_NAME_BAMENDA">
      <Text>Bamenda</Text>
    </Row>
    <Row Tag="TXT_KEY_SCRAMBLE_AFRICA_CITY_NAME_WINDHOEK">
      <Text>Windhoek</Text>
    </Row>
    <Row Tag="TXT_KEY_SCRAMBLE_AFRICA_CITY_NAME_UJIJI">
      <Text>Ujiji</Text>
    </Row>
    <Row Tag="TXT_KEY_SCRAMBLE_AFRICA_CITY_NAME_GAROUA">
      <Text>Garoua</Text>
    </Row>
    <Row Tag="TXT_KEY_SCRAMBLE_AFRICA_CITY_NAME_KARA">
      <Text>Kara</Text>
    </Row>
    <Row Tag="TXT_KEY_SCRAMBLE_AFRICA_CITY_NAME_LUEDERITZ">
      <Text>Luederitz</Text>
    </Row>
    <Row Tag="TXT_KEY_SCRAMBLE_AFRICA_CITY_NAME_KIGALI">
      <Text>Kigali</Text>
    </Row>
    <Row Tag="TXT_KEY_SCRAMBLE_AFRICA_CITY_NAME_MAROUA">
      <Text>Maroua</Text>
    </Row>
    <Row Tag="TXT_KEY_SCRAMBLE_AFRICA_CITY_NAME_DODOMA">
      <Text>Dodoma</Text>
    </Row>
    <Row Tag="TXT_KEY_SCRAMBLE_AFRICA_CITY_NAME_BERTOUA">
      <Text>Bertoua</Text>
    </Row>
    <!-- ITALY -->
    <Row Tag="TXT_KEY_SCRAMBLE_AFRICA_CITY_NAME_ASMARA">
      <Text>Asmara</Text>
    </Row>
    <Row Tag="TXT_KEY_SCRAMBLE_AFRICA_CITY_NAME_BOSASO">
      <Text>Bosaso</Text>
    </Row>
    <Row Tag="TXT_KEY_SCRAMBLE_AFRICA_CITY_NAME_ASSAB">
      <Text>Assab</Text>
    </Row>
    <Row Tag="TXT_KEY_SCRAMBLE_AFRICA_CITY_NAME_BELEDWEYNE">
      <Text>Beledweyne</Text>
    </Row>
    <Row Tag="TXT_KEY_SCRAMBLE_AFRICA_CITY_NAME_KEREN">
      <Text>Keren</Text>
    </Row>
    <Row Tag="TXT_KEY_SCRAMBLE_AFRICA_CITY_NAME_BAIDOA">
      <Text>Baidoa</Text>
    </Row>
    <Row Tag="TXT_KEY_SCRAMBLE_AFRICA_CITY_NAME_GALKAYO">
      <Text>Galkayo</Text>
    </Row>
    <Row Tag="TXT_KEY_SCRAMBLE_AFRICA_CITY_NAME_KISMAYO">
      <Text>Kismayo</Text>
    </Row>
    <Row Tag="TXT_KEY_SCRAMBLE_AFRICA_CITY_NAME_MASSAWA">
      <Text>Massawa</Text>
    </Row>
    <Row Tag="TXT_KEY_SCRAMBLE_AFRICA_CITY_NAME_JOWHAR">
      <Text>Jowhar</Text>
    </Row>
    <Row Tag="TXT_KEY_SCRAMBLE_AFRICA_CITY_NAME_GAROOWE">
      <Text>Garoowe</Text>
    </Row>
    <Row Tag="TXT_KEY_SCRAMBLE_AFRICA_CITY_NAME_BARDERA">
      <Text>Bardera</Text>
    </Row>
    <Row Tag="TXT_KEY_SCRAMBLE_AFRICA_CITY_NAME_QARDHO">
      <Text>Qardho</Text>
    </Row>
    <Row Tag="TXT_KEY_SCRAMBLE_AFRICA_CITY_NAME_ADI_UGRI">
      <Text>Adi Ugri</Text>
    </Row>
    <!-- PORTUGAL -->
    <Row Tag="TXT_KEY_SCRAMBLE_AFRICA_CITY_NAME_NEW_LISBON">
      <Text>New Lisbon</Text>
    </Row>
    <Row Tag="TXT_KEY_SCRAMBLE_AFRICA_CITY_NAME_SA_DA_BANDEIRA">
      <Text>Sa da Bandeira</Text>
    </Row>
    <Row Tag="TXT_KEY_SCRAMBLE_AFRICA_CITY_NAME_VILA_PERY">
      <Text>Vila Pery</Text>
    </Row>
    <Row Tag="TXT_KEY_SCRAMBLE_AFRICA_CITY_NAME_SILVA_PORTO">
      <Text>Silva Porto</Text>
    </Row>
    <Row Tag="TXT_KEY_SCRAMBLE_AFRICA_CITY_NAME_TETE">
      <Text>Tete</Text>
    </Row>
    <Row Tag="TXT_KEY_SCRAMBLE_AFRICA_CITY_NAME_VILA_BABRAL">
      <Text>Vila Cabral</Text>
    </Row>
    <Row Tag="TXT_KEY_SCRAMBLE_AFRICA_CITY_NAME_PORTO_AMELIA">
      <Text>Porto Amelia</Text>
    </Row>
    <Row Tag="TXT_KEY_SCRAMBLE_AFRICA_CITY_NAME_MALANJE">
      <Text>Malanje</Text>
    </Row>
    <Row Tag="TXT_KEY_SCRAMBLE_AFRICA_CITY_NAME_VILA_JUNQUEIRO">
      <Text>Vila Junqueiro</Text>
    </Row>
    <Row Tag="TXT_KEY_SCRAMBLE_AFRICA_CITY_NAME_XAI_XAI">
      <Text>Xai-Xai</Text>
    </Row>
    <Row Tag="TXT_KEY_SCRAMBLE_AFRICA_CITY_NAME_LUSO">
      <Text>Luso</Text>
    </Row>
    <Row Tag="TXT_KEY_SCRAMBLE_AFRICA_CITY_NAME_HENRIQUE">
      <Text>Henrique de Carvalho</Text>
    </Row>
    <Row Tag="TXT_KEY_SCRAMBLE_AFRICA_CITY_NAME_MOCAMEDES">
      <Text>Mocamedes</Text>
    </Row>
    <Row Tag="TXT_KEY_SCRAMBLE_AFRICA_CITY_NAME_NEW_LAMEGO">
      <Text>Yeni Lamego</Text>
    </Row>
    <!-- EGYPT -->
    <Row Tag="TXT_KEY_SCRAMBLE_AFRICA_CITY_NAME_KHARTOUM">
      <Text>Hartum</Text>
    </Row>
    <Row Tag="TXT_KEY_SCRAMBLE_AFRICA_CITY_NAME_KASSALA">
      <Text>Kassala</Text>
    </Row>
    <Row Tag="TXT_KEY_SCRAMBLE_AFRICA_CITY_NAME_KOSTI">
      <Text>Kosti</Text>
    </Row>
    <Row Tag="TXT_KEY_SCRAMBLE_AFRICA_CITY_NAME_LUXOR">
      <Text>Luksor</Text>
    </Row>
    <Row Tag="TXT_KEY_SCRAMBLE_AFRICA_CITY_NAME_NYALA">
      <Text>Nyala</Text>
    </Row>
    <Row Tag="TXT_KEY_SCRAMBLE_AFRICA_CITY_NAME_ASYUT">
      <Text>Asyut</Text>
    </Row>
    <Row Tag="TXT_KEY_SCRAMBLE_AFRICA_CITY_NAME_WAD_MADANI">
      <Text>Wad Madani</Text>
    </Row>
    <Row Tag="TXT_KEY_SCRAMBLE_AFRICA_CITY_NAME_AL_QADARIF">
      <Text>Al Qadarif</Text>
    </Row>
    <Row Tag="TXT_KEY_SCRAMBLE_AFRICA_CITY_NAME_ASWAN">
      <Text>Asvan</Text>
    </Row>
    <Row Tag="TXT_KEY_SCRAMBLE_AFRICA_CITY_NAME_AL_FASHIR">
      <Text>Al-Fashir</Text>
    </Row>
    <Row Tag="TXT_KEY_SCRAMBLE_AFRICA_CITY_NAME_EDFU">
      <Text>Edfu</Text>
    </Row>
    <!-- OTTOMAN -->
    <Row Tag="TXT_KEY_SCRAMBLE_AFRICA_CITY_NAME_SABHA">
      <Text>Sabha</Text>
    </Row>
    <Row Tag="TXT_KEY_SCRAMBLE_AFRICA_CITY_NAME_TOBRUK">
      <Text>Tobruk</Text>
    </Row>
    <Row Tag="TXT_KEY_SCRAMBLE_AFRICA_CITY_NAME_SFAX">
      <Text>Sfax</Text>
    </Row>
    <Row Tag="TXT_KEY_SCRAMBLE_AFRICA_CITY_NAME_HUN">
      <Text>Hun</Text>
    </Row>
    <Row Tag="TXT_KEY_SCRAMBLE_AFRICA_CITY_NAME_SIRTE">
      <Text>Sirte</Text>
    </Row>
    <Row Tag="TXT_KEY_SCRAMBLE_AFRICA_CITY_NAME_NALUT">
      <Text>Nalut</Text>
    </Row>
    <Row Tag="TXT_KEY_SCRAMBLE_AFRICA_CITY_NAME_UBARI">
      <Text>Ubari</Text>
    </Row>
    <Row Tag="TXT_KEY_SCRAMBLE_AFRICA_CITY_NAME_AL_JAWF">
      <Text>Al Jawf</Text>
    </Row>
    <Row Tag="TXT_KEY_SCRAMBLE_AFRICA_CITY_NAME_BRAK">
      <Text>Brak</Text>
    </Row>
    <Row Tag="TXT_KEY_SCRAMBLE_AFRICA_CITY_NAME_MURZUK">
      <Text>Murzuk</Text>
    </Row>
    <Row Tag="TXT_KEY_SCRAMBLE_AFRICA_CITY_NAME_ZELLA">
      <Text>Zella</Text>
    </Row>
    <Row Tag="TXT_KEY_SCRAMBLE_AFRICA_CITY_NAME_GAT">
      <Text>Gat</Text>
    </Row>
    <Row Tag="TXT_KEY_SCRAMBLE_AFRICA_CITY_NAME_QAMINIS">
      <Text>Qaminis</Text>
    </Row>
    <Row Tag="TXT_KEY_SCRAMBLE_AFRICA_CITY_NAME_AWJILA">
      <Text>Awjila</Text>
    </Row>
    <!-- BOER -->
    <Row Tag="TXT_KEY_SCRAMBLE_AFRICA_CITY_NAME_PRETORIA">
      <Text>Pretoria</Text>
    </Row>
    <Row Tag="TXT_KEY_SCRAMBLE_AFRICA_CITY_NAME_BLOEMFONTEIN">
      <Text>Bloemfontein</Text>
    </Row>
    <Row Tag="TXT_KEY_SCRAMBLE_AFRICA_CITY_NAME_JOHANNESBURG">
      <Text>Johannesburg</Text>
    </Row>
    <Row Tag="TXT_KEY_SCRAMBLE_AFRICA_CITY_NAME_KLEIN_VRYSTAAT">
      <Text>Klein Vrystaat</Text>
    </Row>
    <Row Tag="TXT_KEY_SCRAMBLE_AFRICA_CITY_NAME_POTCHEFSTROOM">
      <Text>Potchefstroom</Text>
    </Row>
    <Row Tag="TXT_KEY_SCRAMBLE_AFRICA_CITY_NAME_VRYBURG">
      <Text>Vryburg</Text>
    </Row>
    <Row Tag="TXT_KEY_SCRAMBLE_AFRICA_CITY_NAME_WINBURG">
      <Text>Winburg</Text>
    </Row>
    <Row Tag="TXT_KEY_SCRAMBLE_AFRICA_CITY_NAME_PIETERSBURG">
      <Text>Pietersburg</Text>
    </Row>
    <Row Tag="TXT_KEY_SCRAMBLE_AFRICA_CITY_NAME_BENONI">
      <Text>Benoni</Text>
    </Row>
    <Row Tag="TXT_KEY_SCRAMBLE_AFRICA_CITY_NAME_HEIDELBERG">
      <Text>Heidelberg</Text>
    </Row>
    <Row Tag="TXT_KEY_SCRAMBLE_AFRICA_CITY_NAME_MESSINA">
      <Text>Messina</Text>
    </Row>
    <Row Tag="TXT_KEY_SCRAMBLE_AFRICA_CITY_NAME_VIRGINIA">
      <Text>Virginia</Text>
    </Row>
    <Row Tag="TXT_KEY_SCRAMBLE_AFRICA_CITY_NAME_BOKSBURG">
      <Text>Boksburg</Text>
    </Row>
    <!--City Name Lists-->
    <Row Tag="TXT_KEY_SCRAMBLE_AFRICA_CITY_NAME_GIBRALTAR">
      <Text>Cebelitarik</Text>
    </Row>
    <Row Tag="TXT_KEY_SCRAMBLE_AFRICA_CITY_NAME_FREETOWN">
      <Text>Freetown</Text>
    </Row>
    <Row Tag="TXT_KEY_SCRAMBLE_AFRICA_CITY_NAME_ACCRA">
      <Text>Akra</Text>
    </Row>
    <Row Tag="TXT_KEY_SCRAMBLE_AFRICA_CITY_NAME_LAGOS">
      <Text>Lagos</Text>
    </Row>
    <Row Tag="TXT_KEY_SCRAMBLE_AFRICA_CITY_NAME_CAPE_TOWN">
      <Text>Cape Town</Text>
    </Row>
    <Row Tag="TXT_KEY_SCRAMBLE_AFRICA_CITY_NAME_PORT_ELIZABETH">
      <Text>Port Elizabeth</Text>
    </Row>
    <Row Tag="TXT_KEY_SCRAMBLE_AFRICA_CITY_NAME_VICTORIA">
      <Text>Victoria</Text>
    </Row>
    <Row Tag="TXT_KEY_SCRAMBLE_AFRICA_CITY_NAME_ALGIERS">
      <Text>Cezayir</Text>
    </Row>
    <Row Tag="TXT_KEY_SCRAMBLE_AFRICA_CITY_NAME_DAKAR">
      <Text>Dakar</Text>
    </Row>
    <Row Tag="TXT_KEY_SCRAMBLE_AFRICA_CITY_NAME_ABIDJAN">
      <Text>Abidjan</Text>
    </Row>
    <Row Tag="TXT_KEY_SCRAMBLE_AFRICA_CITY_NAME_PORTO_NOVO">
      <Text>Porto Novo</Text>
    </Row>
    <Row Tag="TXT_KEY_SCRAMBLE_AFRICA_CITY_NAME_LIBREVILLE">
      <Text>Libreville</Text>
    </Row>
    <Row Tag="TXT_KEY_SCRAMBLE_AFRICA_CITY_NAME_MORONI">
      <Text>Moroni</Text>
    </Row>
    <Row Tag="TXT_KEY_SCRAMBLE_AFRICA_CITY_NAME_CAGLIARI">
      <Text>Cagliari</Text>
    </Row>
    <Row Tag="TXT_KEY_SCRAMBLE_AFRICA_CITY_NAME_CATANZARO">
      <Text>Catanzaro</Text>
    </Row>
    <Row Tag="TXT_KEY_SCRAMBLE_AFRICA_CITY_NAME_PALERMO">
      <Text>Palermo</Text>
    </Row>
    <Row Tag="TXT_KEY_SCRAMBLE_AFRICA_CITY_NAME_BISSAU">
      <Text>Bissau</Text>
    </Row>
    <Row Tag="TXT_KEY_SCRAMBLE_AFRICA_CITY_NAME_SAO_TOME">
      <Text>Sao Tome ve Principe</Text>
    </Row>
    <Row Tag="TXT_KEY_SCRAMBLE_AFRICA_CITY_NAME_LUANDA">
      <Text>Luanda</Text>
    </Row>
    <Row Tag="TXT_KEY_SCRAMBLE_AFRICA_CITY_NAME_BENGUELA">
      <Text>Benguela</Text>
    </Row>
    <Row Tag="TXT_KEY_SCRAMBLE_AFRICA_CITY_NAME_LOURENCO_MARQUES">
      <Text>Lourenco Marques</Text>
    </Row>
    <Row Tag="TXT_KEY_SCRAMBLE_AFRICA_CITY_NAME_BEIRA">
      <Text>Beira</Text>
    </Row>
    <Row Tag="TXT_KEY_SCRAMBLE_AFRICA_CITY_NAME_MOZAMBIQUE">
      <Text>Mozambik</Text>
    </Row>
    <Row Tag="TXT_KEY_SCRAMBLE_AFRICA_CITY_NAME_CAIRO">
      <Text>Kahire</Text>
    </Row>
    <Row Tag="TXT_KEY_SCRAMBLE_AFRICA_CITY_NAME_ALEXANDRIA">
      <Text>Iskenderiye</Text>
    </Row>
    <Row Tag="TXT_KEY_SCRAMBLE_AFRICA_CITY_NAME_SUEZ">
      <Text>Süveys</Text>
    </Row>
    <Row Tag="TXT_KEY_SCRAMBLE_AFRICA_CITY_NAME_TUNIS">
      <Text>Tunus</Text>
    </Row>
    <Row Tag="TXT_KEY_SCRAMBLE_AFRICA_CITY_NAME_TRIPOLI">
      <Text>Trablus</Text>
    </Row>
    <Row Tag="TXT_KEY_SCRAMBLE_AFRICA_CITY_NAME_BENGHAZI">
      <Text>Bingazi</Text>
    </Row>
    <!-- CITY STATES -->
    <Row Tag="TXT_KEY_CITYSTATE_SOKOTO">
      <Text>Sokoto</Text>
    </Row>
    <Row Tag="TXT_KEY_CITYSTATE_SOKOTO_ADJ">
      <Text>Sokoto</Text>
    </Row>
    <Row Tag="TXT_KEY_CITYSTATE_BUNKEYA">
      <Text>Bunkeya</Text>
    </Row>
    <Row Tag="TXT_KEY_CITYSTATE_BUNKEYA_ADJ">
      <Text>Bunkeya</Text>
    </Row>
    <Row Tag="TXT_KEY_CITYSTATE_SEGOU">
      <Text>Segou</Text>
    </Row>
    <Row Tag="TXT_KEY_CITYSTATE_SEGOU_ADJ">
      <Text>Segou</Text>
    </Row>
    <Row Tag="TXT_KEY_CITYSTATE_BORNU">
      <Text>Bornu</Text>
    </Row>
    <Row Tag="TXT_KEY_CITYSTATE_BORNU_ADJ">
      <Text>Bornu</Text>
    </Row>
    <Row Tag="TXT_KEY_CITYSTATE_OUGADOUGOU">
      <Text>Ouagadougou</Text>
    </Row>
    <Row Tag="TXT_KEY_CITYSTATE_OUGADOUGOU_ADJ">
      <Text>Ouagadougou</Text>
    </Row>
    <Row Tag="TXT_KEY_CITYSTATE_LUBA">
      <Text>Luba</Text>
    </Row>
    <Row Tag="TXT_KEY_CITYSTATE_LUBA_ADJ">
      <Text>Luba</Text>
    </Row>
  </Language_en_US>
</GameData>