﻿<?xml version="1.0" encoding="utf-8"?>
<!-- edited with XMLSPY v2004 rel. 2 U (http://www.xmlspy.com) by Anton Strenger (Firaxis Games) -->
<GameData>
  <Language_en_US>
    <Row Tag="TXT_KEY_CIVIL_WAR_SCENARIO_TECH_RIFLED_ARTILLERY_TITLE">
      <Text>Yivli Toplar</Text>
    </Row>
    <Row Tag="TXT_KEY_CIVIL_WAR_SCENARIO_TECH_MILITARY_SCIENCE_TITLE">
      <Text>Askeri Bilim</Text>
    </Row>
    <Row Tag="TXT_KEY_CIVIL_WAR_SCENARIO_TECH_ENGINEERING_TITLE">
      <Text>Mühendislik</Text>
    </Row>
    <Row Tag="TXT_KEY_CIVIL_WAR_SCENARIO_TECH_REPEATING_RIFLES_TITLE">
      <Text>Yinelenen Tüfekler</Text>
    </Row>
    <Row Tag="TXT_KEY_CIVIL_WAR_SCENARIO_TECH_IRONCLADS_TITLE">
      <Text>Ironclads</Text>
    </Row>
    <Row Tag="TXT_KEY_CIVIL_WAR_SCENARIO_TECH_CAVALRY_RAIDS_TITLE">
      <Text>Süvari Baskinlari</Text>
    </Row>
    <Row Tag="TXT_KEY_CIVIL_WAR_SCENARIO_TECH_FIELD_HOSPITALS_TITLE">
      <Text>Sahra Hastaneleri</Text>
    </Row>
    <Row Tag="TXT_KEY_CIVIL_WAR_SCENARIO_TECH_BALLOON_RECONNAISSANCE_TITLE">
      <Text>Balonla Kesif</Text>
    </Row>
    <Row Tag="TXT_KEY_CIVIL_WAR_SCENARIO_TECH_MILITARY_RAILROADS_TITLE">
      <Text>Askeri Demiryollari</Text>
    </Row>
    <Row Tag="TXT_KEY_CIVIL_WAR_SCENARIO_TECH_INDUSTRIALIZATION_TITLE">
      <Text>Sanayilesme</Text>
    </Row>
    <Row Tag="TXT_KEY_CIVIL_WAR_SCENARIO_TECH_SCORCHED_EARTH_TITLE">
      <Text>Kavrulmus Toprak</Text>
    </Row>
    <Row Tag="TXT_KEY_CIVIL_WAR_SCENARIO_TECH_ENTRENCHMENT_TITLE">
      <Text>Entrenchment</Text>
    </Row>
  </Language_en_US>
</GameData>