﻿<?xml version="1.0" encoding="utf-8"?>
<!-- edited with XMLSPY v2004 rel. 2 U (http://www.xmlspy.com) by Ed Beach (Firaxis Games) -->
<!-- Sid Meier's Civilization V -->
<!-- Copyright Firaxis Games 2010 -->
<!-- -->
<!-- Game Text Objects -->
<GameData>
  <Language_en_US>
    <Row Tag="TXT_KEY_UNIT_ZULU_IMPI">
      <Text>Impi neuter:an</Text>
      <Gender>neuter:an</Gender>
    </Row>
    <Row Tag="TXT_KEY_UNIT_ASSYRIAN_SIEGE_TOWER">
      <Text>Kusatma Kulesi</Text>
    </Row>
    <Row Tag="TXT_KEY_UNIT_BRAZILIAN_PRACINHA">
      <Text>Pracinha</Text>
    </Row>
    <Row Tag="TXT_KEY_UNIT_POLISH_WINGED_HUSSAR">
      <Text>Kanatli Süvari</Text>
    </Row>
    <Row Tag="TXT_KEY_UNIT_VENETIAN_MERCHANT">
      <Text>Venedik Taciri</Text>
    </Row>
    <Row Tag="TXT_KEY_UNIT_CARGO_SHIP">
      <Text>Kargo Gemisi</Text>
    </Row>
    <Row Tag="TXT_KEY_UNIT_CARAVAN">
      <Text>Karavan</Text>
    </Row>
    <Row Tag="TXT_KEY_UNIT_PORTUGUESE_NAU">
      <Text>Nau</Text>
    </Row>
    <Row Tag="TXT_KEY_UNIT_BERBER_CAVALRY">
      <Text>Berberi Süvarileri</Text>
    </Row>
    <Row Tag="TXT_KEY_UNIT_VENETIAN_GALLEASS">
      <Text>Büyük Galleass</Text>
    </Row>
    <Row Tag="TXT_KEY_UNIT_SHOSHONE_PATHFINDER">
      <Text>Pathfinder</Text>
    </Row>
    <Row Tag="TXT_KEY_UNIT_SHOSHONE_COMANCHE_RIDERS">
      <Text>Komançi Binicileri</Text>
    </Row>
    <Row Tag="TXT_KEY_UNIT_INDONESIAN_KRIS_SWORDSMAN">
      <Text>Kris Kiliç Ustasi</Text>
    </Row>
    <Row Tag="TXT_KEY_UNIT_BAZOOKA">
      <Text>Bazuka</Text>
    </Row>
    <Row Tag="TXT_KEY_UNIT_AXMAN">
      <Text>El baltasi</Text>
    </Row>
    <Row Tag="TXT_KEY_UNIT_XCOM_SQUAD">
      <Text>XCOM Squad nötr:an</Text>
      <Gender>neuter:an</Gender>
    </Row>
    <!-- Archaeologists -->
    <Row Tag="TXT_KEY_UNIT_ARCHAEOLOGIST">
      <Text>Arkeolog nötr:an</Text>
      <Gender>neuter:an</Gender>
    </Row>
    <!-- Great Musicians -->
    <Row Tag="TXT_KEY_UNIT_GREAT_MUSICIAN">
      <Text>Büyük Müzisyen</Text>
    </Row>
    <Row Tag="TXT_KEY_SPECIALIST_MUSICIAN">
      <Text>Musicians      1</Text>
      <Plurality>1|2</Plurality>
    </Row>
    <Row Tag="TXT_KEY_SPECIALIST_MUSICIAN_TITLE">
      <Text>Büyük Müzisyen Puanlari:</Text>
    </Row>
    <Row Tag="TXT_KEY_SPECIALIST_MUSICIAN_SLOTS">
      <Text>Müzisyen Yuvalari:</Text>
    </Row>
    <!-- Great Writers -->
    <Row Tag="TXT_KEY_UNIT_GREAT_WRITER">
      <Text>Büyük Yazar</Text>
    </Row>
    <Row Tag="TXT_KEY_SPECIALIST_WRITER">
      <Text>Writers      1</Text>
      <Plurality>1|2</Plurality>
    </Row>
    <Row Tag="TXT_KEY_SPECIALIST_WRITER_TITLE">
      <Text>Harika Yazar Puanlari:</Text>
    </Row>
    <Row Tag="TXT_KEY_SPECIALIST_WRITER_SLOTS">
      <Text>Yazar yuvalari:</Text>
    </Row>
    <!-- Great ARTISTS/WRITERS/MUSICIANS -->
    <Row Tag="TXT_KEY_GREAT_PERSON_AESOP">
      <Text>Ezop</Text>
    </Row>
    <Row Tag="TXT_KEY_GREAT_PERSON_SOPHOCLES">
      <Text>Sophocles</Text>
    </Row>
    <Row Tag="TXT_KEY_GREAT_PERSON_ARISTOPHANES">
      <Text>Aristophanes</Text>
    </Row>
    <Row Tag="TXT_KEY_GREAT_PERSON_OVID">
      <Text>Ovid</Text>
    </Row>
    <Row Tag="TXT_KEY_GREAT_PERSON_LUCIAN_SAMOSATA">
      <Text>Samosatali Lucian</Text>
    </Row>
    <Row Tag="TXT_KEY_GREAT_PERSON_VYASA">
      <Text>Vyasa</Text>
    </Row>
    <Row Tag="TXT_KEY_GREAT_PERSON_BHASA">
      <Text>Bhasa</Text>
    </Row>
    <Row Tag="TXT_KEY_GREAT_PERSON_KALIDASA">
      <Text>Kalidasa</Text>
    </Row>
    <Row Tag="TXT_KEY_GREAT_PERSON_QU_YUAN">
      <Text>Qu Yuan</Text>
    </Row>
    <Row Tag="TXT_KEY_GREAT_PERSON_SHI_NAIAN">
      <Text>Shi Nai'an</Text>
    </Row>
    <Row Tag="TXT_KEY_GREAT_PERSON_LANLING_XIAOXIAO_SHENG">
      <Text>Lanling Xiaoxiao Sheng</Text>
    </Row>
    <Row Tag="TXT_KEY_GREAT_PERSON_CAO_XUEQIN">
      <Text>Cao Xueqin</Text>
    </Row>
    <Row Tag="TXT_KEY_GREAT_PERSON_KI_NO_TSURAYUKI">
      <Text>Ki no Tsurayuki</Text>
    </Row>
    <Row Tag="TXT_KEY_GREAT_PERSON_MURASAKI_SHIKIBU">
      <Text>Murasaki Shikibu</Text>
    </Row>
    <Row Tag="TXT_KEY_GREAT_PERSON_YOSHIDA_KENKO">
      <Text>Yoshida Kenko</Text>
    </Row>
    <Row Tag="TXT_KEY_GREAT_PERSON_CHIKAMATSU_MONZAEMON">
      <Text>Chikamatsu Monzaemon</Text>
    </Row>
    <Row Tag="TXT_KEY_GREAT_PERSON_UEDA_AKINARI">
      <Text>Ueda Akinari</Text>
    </Row>
    <Row Tag="TXT_KEY_GREAT_PERSON_NATSUME_SOSEKI">
      <Text>Natsume Soseki</Text>
    </Row>
    <Row Tag="TXT_KEY_GREAT_PERSON_JORGE_ISAACS">
      <Text>Jorge Isaacs</Text>
    </Row>
    <Row Tag="TXT_KEY_GREAT_PERSON_JOSE_HERNANDEZ">
      <Text>Jose Hernandez</Text>
    </Row>
    <Row Tag="TXT_KEY_GREAT_PERSON_RUBEN_DARIO">
      <Text>Ruben Dario</Text>
    </Row>
    <Row Tag="TXT_KEY_GREAT_PERSON_BERTRAND_DE_BAR_SUR_AUBE">
      <Text>Bertrand de Bar-sur-Aube</Text>
    </Row>
    <Row Tag="TXT_KEY_GREAT_PERSON_FRANCOIS_RABELAIS">
      <Text>Francois Rabelais</Text>
    </Row>
    <Row Tag="TXT_KEY_GREAT_PERSON_VOLTAIRE">
      <Text>Voltaire</Text>
    </Row>
    <Row Tag="TXT_KEY_GREAT_PERSON_ALEXANDRE_DUMAS">
      <Text>Alexandre Dumas</Text>
    </Row>
    <Row Tag="TXT_KEY_GREAT_PERSON_JULES_VERNE">
      <Text>Jules Verne</Text>
    </Row>
    <Row Tag="TXT_KEY_GREAT_PERSON_MARCUS_PROUST">
      <Text>Marcel Proust</Text>
    </Row>
    <Row Tag="TXT_KEY_GREAT_PERSON_PETRARCH">
      <Text>Petrarch</Text>
    </Row>
    <Row Tag="TXT_KEY_GREAT_PERSON_LUDOVICO_ARIOSTO">
      <Text>Ludovico Ariosto</Text>
    </Row>
    <Row Tag="TXT_KEY_GREAT_PERSON_VITTORIO_ALFIERI">
      <Text>Vittorio Alfieri</Text>
    </Row>
    <Row Tag="TXT_KEY_GREAT_PERSON_JOHANN_FRIEDRICH_VON_SCHILLER">
      <Text>Johann Friedrich von Schiller</Text>
    </Row>
    <Row Tag="TXT_KEY_GREAT_PERSON_JOHANN_WOLFGANG_VON_GOETHE">
      <Text>Johann Wolfgang von Goethe</Text>
    </Row>
    <Row Tag="TXT_KEY_GREAT_PERSON_NIKOLAI_GOGOL">
      <Text>Nikolai Gogol</Text>
    </Row>
    <Row Tag="TXT_KEY_GREAT_PERSON_FYODOR_DOSTOYEVSKY">
      <Text>Fyodor Dostoyevski</Text>
    </Row>
    <Row Tag="TXT_KEY_GREAT_PERSON_ANTON_CHEKHOV">
      <Text>Anton Cehov</Text>
    </Row>
    <Row Tag="TXT_KEY_GREAT_PERSON_MAXIM_GORKY">
      <Text>Maksim Gorki</Text>
    </Row>
    <Row Tag="TXT_KEY_GREAT_PERSON_GEOFFREY_CHAUCER">
      <Text>Geoffrey Chaucer</Text>
    </Row>
    <Row Tag="TXT_KEY_GREAT_PERSON_THOMAS_MALORY">
      <Text>Thomas Malory</Text>
    </Row>
    <Row Tag="TXT_KEY_GREAT_PERSON_EDMUND_SPENSER">
      <Text>Edmund Spenser</Text>
    </Row>
    <Row Tag="TXT_KEY_GREAT_PERSON_JANE_AUSTIN">
      <Text>Jane Austen</Text>
    </Row>
    <Row Tag="TXT_KEY_GREAT_PERSON_MARY_SHELLEY">
      <Text>Mary Shelley</Text>
    </Row>
    <Row Tag="TXT_KEY_GREAT_PERSON_CHARLES_DICKENS">
      <Text>Charles Dickens</Text>
    </Row>
    <Row Tag="TXT_KEY_GREAT_PERSON_LEWIS_CARROLL">
      <Text>Lewis Carroll</Text>
    </Row>
    <Row Tag="TXT_KEY_GREAT_PERSON_RUDYARD_KIPLING">
      <Text>Rudyard Kipling</Text>
    </Row>
    <Row Tag="TXT_KEY_GREAT_PERSON_H_G_WELLS">
      <Text>H.G. Wells</Text>
    </Row>
    <Row Tag="TXT_KEY_GREAT_PERSON_D_H_LAWRENCE">
      <Text>D.H. Lawrence</Text>
    </Row>
    <Row Tag="TXT_KEY_GREAT_PERSON_WASHINGTON_IRVING">
      <Text>Washington Irving</Text>
    </Row>
    <Row Tag="TXT_KEY_GREAT_PERSON_JAMES_FENIMORE_COOPER">
      <Text>James Fenimore Cooper</Text>
    </Row>
    <Row Tag="TXT_KEY_GREAT_PERSON_EDGAR_ALLEN_POE">
      <Text>Edgar Allan Poe</Text>
    </Row>
    <Row Tag="TXT_KEY_GREAT_PERSON_NATHANIEL_HAWTHORNE">
      <Text>Nathaniel Hawthorne</Text>
    </Row>
    <Row Tag="TXT_KEY_GREAT_PERSON_HERMAN_MELVILLE">
      <Text>Herman Melville</Text>
    </Row>
    <Row Tag="TXT_KEY_GREAT_PERSON_HARRIET_BEECHER_STOWE">
      <Text>Harriet Beecher Stowe</Text>
    </Row>
    <Row Tag="TXT_KEY_GREAT_PERSON_HENRY_DAVID_THOREAU">
      <Text>Henry David Thoreau</Text>
    </Row>
    <Row Tag="TXT_KEY_GREAT_PERSON_WALT_WHITMAN">
      <Text>Walt Whitman</Text>
    </Row>
    <Row Tag="TXT_KEY_GREAT_PERSON_EMILY_DICKENSON">
      <Text>Emily Dickinson</Text>
    </Row>
    <Row Tag="TXT_KEY_GREAT_PERSON_STEPHEN_CRANE">
      <Text>Stephen Crane</Text>
    </Row>
    <Row Tag="TXT_KEY_GREAT_PERSON_L_FRANK_BAUM">
      <Text>L. Frank Baum</Text>
    </Row>
    <Row Tag="TXT_KEY_GREAT_PERSON_F_SCOTT_FITZGERALD">
      <Text>F. Scott Fitzgerald</Text>
    </Row>
    <Row Tag="TXT_KEY_GREAT_PERSON_ENHEDUANNA">
      <Text>Enheduanna</Text>
    </Row>
    <Row Tag="TXT_KEY_GREAT_PERSON_MESOMEDES">
      <Text>Giritli Mesomedes</Text>
    </Row>
    <Row Tag="TXT_KEY_GREAT_PERSON_JI_KANG">
      <Text>Ji Kang</Text>
    </Row>
    <Row Tag="TXT_KEY_GREAT_PERSON_ZIRYAB">
      <Text>Ziryab</Text>
    </Row>
    <Row Tag="TXT_KEY_GREAT_PERSON_ALKINDI">
      <Text>Al-Kindi</Text>
    </Row>
    <Row Tag="TXT_KEY_GREAT_PERSON_GUIDO_DAREZZO">
      <Text>Guido d'Arezzo</Text>
    </Row>
    <Row Tag="TXT_KEY_GREAT_PERSON_GUILLAUME_DE_MACHAUT">
      <Text>Guillaume de Machaut</Text>
    </Row>
    <Row Tag="TXT_KEY_GREAT_PERSON_JOSQUIN_DES_PRES">
      <Text>Josquin des Prez</Text>
    </Row>
    <Row Tag="TXT_KEY_GREAT_PERSON_MEERABAI">
      <Text>Meerabai</Text>
    </Row>
    <Row Tag="TXT_KEY_GREAT_PERSON_THOMAS_TALLIS">
      <Text>Thomas Tallis</Text>
    </Row>
    <Row Tag="TXT_KEY_GREAT_PERSON_GIOVANNI_PIERLUIGI">
      <Text>Giovanni Pierluigi da Palestrina</Text>
    </Row>
    <Row Tag="TXT_KEY_GREAT_PERSON_GASPAR_FERNANDES">
      <Text>Gaspar Fernandes</Text>
    </Row>
    <Row Tag="TXT_KEY_GREAT_PERSON_YATSUHASHI_KENGYO">
      <Text>Yatsuhashi Kengyo</Text>
    </Row>
    <Row Tag="TXT_KEY_GREAT_PERSON_JOHANN_SEBASTIAN_BACH">
      <Text>Johann Sebastian Bach</Text>
    </Row>
    <Row Tag="TXT_KEY_GREAT_PERSON_ESTABAN_SALAS_Y_CASTRO">
      <Text>Esteban Salas y Castro</Text>
    </Row>
    <Row Tag="TXT_KEY_GREAT_PERSON_EMERICO_LOBO_DE_MESQUITA">
      <Text>Emerico Lobo de Mesquita</Text>
    </Row>
    <Row Tag="TXT_KEY_GREAT_PERSON_WOLFGANG_AMADEUS_MOZART">
      <Text>Wolfgang Amadeus Mozart</Text>
    </Row>
    <Row Tag="TXT_KEY_GREAT_PERSON_YAMADA_KENGYO">
      <Text>Yamada Kengyo</Text>
    </Row>
    <Row Tag="TXT_KEY_GREAT_PERSON_LUDWIG_VON_BEETHOVEN">
      <Text>Ludwig von Beethoven</Text>
    </Row>
    <Row Tag="TXT_KEY_GREAT_PERSON_NICCOLO_PAGANINI">
      <Text>Niccolo Paganini</Text>
    </Row>
    <Row Tag="TXT_KEY_GREAT_PERSON_FRANCISCO_MANUEL_DA_SILVA">
      <Text>Francisco Manuel da Silva</Text>
    </Row>
    <Row Tag="TXT_KEY_GREAT_PERSON_FREDERIC_CHOPIN">
      <Text>Frédéric Chopin</Text>
    </Row>
    <Row Tag="TXT_KEY_GREAT_PERSON_RICHARD_WAGNER">
      <Text>Richard Wagner</Text>
    </Row>
    <Row Tag="TXT_KEY_GREAT_PERSON_GIUSEPPE_VERDI">
      <Text>Giuseppe Verdi</Text>
    </Row>
    <Row Tag="TXT_KEY_GREAT_PERSON_MANUEL_SAUMELL">
      <Text>Manuel Saumell</Text>
    </Row>
    <Row Tag="TXT_KEY_GREAT_PERSON_JOHANN_STRAUSS">
      <Text>Johann Strauss II</Text>
    </Row>
    <Row Tag="TXT_KEY_GREAT_PERSON_MODEST_MUSSORGSKY">
      <Text>Modest Mussorgsky</Text>
    </Row>
    <Row Tag="TXT_KEY_GREAT_PERSON_PYOTR_ILYICH_TCHAIKOVSKY">
      <Text>Pyotr Ilyich Tchaikovsky</Text>
    </Row>
    <Row Tag="TXT_KEY_GREAT_PERSON_JAN_VERMEER">
      <Text>Jan Vermeer</Text>
    </Row>
    <Row Tag="TXT_KEY_GREAT_PERSON_HANS_HOLBEIN">
      <Text>Genç Hans Holbein</Text>
    </Row>
    <Row Tag="TXT_KEY_GREAT_PERSON_PIETER_BRUEGEL">
      <Text>Pieter Bruegel</Text>
    </Row>
    <Row Tag="TXT_KEY_GREAT_PERSON_PIERRE_AUGUSTE_ENOIR">
      <Text>Pierre-Auguste Renoir</Text>
    </Row>
    <Row Tag="TXT_KEY_GREAT_PERSON_GEORGE_SEURAT">
      <Text>George Seurat</Text>
    </Row>
    <Row Tag="TXT_KEY_GREAT_PERSON_EL_GRECO">
      <Text>El Greco</Text>
    </Row>
    <Row Tag="TXT_KEY_GREAT_PERSON_SANDRO_BOTTICELLI">
      <Text>Sandro Botticelli</Text>
    </Row>
    <Row Tag="TXT_KEY_GREAT_PERSON_RAFFAELLO_SANZO">
      <Text>Raffaello Sanzio</Text>
    </Row>
    <Row Tag="TXT_KEY_GREAT_PERSON_PAOLO_UCCELLO">
      <Text>Paolo Uccello</Text>
    </Row>
    <Row Tag="TXT_KEY_GREAT_PERSON_MICHELANGELO_BUONARROTI">
      <Text>Michelangelo Buonarroti</Text>
    </Row>
    <Row Tag="TXT_KEY_GREAT_PERSON_SAMUEL_MORSE">
      <Text>Samuel F. B. Morse</Text>
    </Row>
    <Row Tag="TXT_KEY_GREAT_PERSON_EMANUAL_LEUTZE">
      <Text>Emanuel Leutze</Text>
    </Row>
    <Row Tag="TXT_KEY_GREAT_PERSON_JAMES_WHISTLER">
      <Text>James Abbott McNeill Whistler</Text>
    </Row>
    <Row Tag="TXT_KEY_GREAT_PERSON_WINSLOW_HOMER">
      <Text>Winslow Homer</Text>
    </Row>
    <Row Tag="TXT_KEY_GREAT_PERSON_WANG_XIMENG">
      <Text>Wang Ximeng</Text>
    </Row>
    <Row Tag="TXT_KEY_GREAT_PERSON_HUANG_GONGWANG">
      <Text>Huang Gongwang</Text>
    </Row>
    <Row Tag="TXT_KEY_GREAT_PERSON_ZHANG_ZUDUAN">
      <Text>Zhang Zeduan</Text>
    </Row>
    <Row Tag="TXT_KEY_GREAT_PERSON_JIAO_BINGZHEN">
      <Text>Jiao Bingzhen</Text>
    </Row>
    <Row Tag="TXT_KEY_GREAT_PERSON_YAN_LIBEN">
      <Text>Yan Liben</Text>
    </Row>
    <Row Tag="TXT_KEY_GREAT_PERSON_QIU_YING">
      <Text>Qiu Ying</Text>
    </Row>
    <Row Tag="TXT_KEY_GREAT_PERSON_KATSUSHIKA_HOKUSAI">
      <Text>Katsushika Hokusai</Text>
    </Row>
    <Row Tag="TXT_KEY_GREAT_PERSON_UTAGAWA_HIROSHIGE">
      <Text>Utagawa Hiroshige</Text>
    </Row>
    <Row Tag="TXT_KEY_GREAT_PERSON_EDGAR_DEGAS">
      <Text>Edgar Degas</Text>
    </Row>
    <Row Tag="TXT_KEY_GREAT_PERSON_PAUL_GAUDUIN">
      <Text>Paul Gauguin</Text>
    </Row>
    <Row Tag="TXT_KEY_GREAT_PERSON_EDOUARD_MANET">
      <Text>Edouard Manet</Text>
    </Row>
    <Row Tag="TXT_KEY_GREAT_PERSON_HENRI_DE_TOULOUSE_LAUTREC">
      <Text>Henri de Toulouse-Lautrec</Text>
    </Row>
    <Row Tag="TXT_KEY_GREAT_PERSON_GUSTAV_KLIMPT">
      <Text>Gustav Klimt</Text>
    </Row>
    <Row Tag="TXT_KEY_GREAT_PERSON_GRANT_DEVOLSON_WOOD">
      <Text>Grant DeVolson Wood</Text>
    </Row>
    <Row Tag="TXT_KEY_GREAT_PERSON_RAJA_RAVI_VARMA">
      <Text>Raja Ravi Varma</Text>
    </Row>
    <Row Tag="TXT_KEY_GREAT_PERSON_HIRANAND">
      <Text>Hiranand</Text>
    </Row>
    <Row Tag="TXT_KEY_GREAT_PERSON_KAMALEDDIN_BEHZAD">
      <Text>Kamaleddin Behzad</Text>
    </Row>
    <Row Tag="TXT_KEY_GREAT_PERSON_SULTAN_MUHAMMAD">
      <Text>Sultan Muhammed</Text>
    </Row>
    <Row Tag="TXT_KEY_GREAT_PERSON_EUGENE_DELACROIX">
      <Text>Eugène Delacroix</Text>
    </Row>
    <Row Tag="TXT_KEY_GREAT_PERSON_ANTONELLO_DA_MESSINA">
      <Text>Antonello da Messina</Text>
    </Row>
    <Row Tag="TXT_KEY_GREAT_PERSON_ANTONIN_DVORAK">
      <Text>Antonin Dvorak</Text>
    </Row>
    <Row Tag="TXT_KEY_GREAT_PERSON_TAIZAN_HIGUCHI">
      <Text>Taizan Higuchi</Text>
    </Row>
    <Row Tag="TXT_KEY_GREAT_PERSON_CLAUSE_DEBUSSY">
      <Text>Claude Debussy</Text>
    </Row>
    <Row Tag="TXT_KEY_GREAT_PERSON_CHARLES_IVES">
      <Text>Charles Ives</Text>
    </Row>
    <Row Tag="TXT_KEY_GREAT_PERSON_PRINCE_BENBADHANABONGSE">
      <Text>Prens Benbadhanabongse</Text>
    </Row>
    <Row Tag="TXT_KEY_GREAT_PERSON_SAYED_DARWISH">
      <Text>Sayed Darwish</Text>
    </Row>
    <Row Tag="TXT_KEY_GREAT_PERSON_GUSTAVE_CAILLEBOTTE">
      <Text>Gustave Caillebotte</Text>
    </Row>
    <Row Tag="TXT_KEY_GREAT_PERSON_REMBRANDT">
      <Text>Rembrandt van Rijn</Text>
    </Row>
    <Row Tag="TXT_KEY_GREAT_PERSON_JACQUES_DAVID">
      <Text>Jacques-Louis David</Text>
    </Row>
    <Row Tag="TXT_KEY_GREAT_PERSON_JEAN_FOUQUET">
      <Text>Jean Fouquet</Text>
    </Row>
    <Row Tag="TXT_KEY_GREAT_PERSON_ZURBARAN">
      <Text>Francisco de Zurbarán</Text>
    </Row>
    <Row Tag="TXT_KEY_GREAT_PERSON_HANNA_PETROS">
      <Text>Hanna Petros</Text>
    </Row>
    <Row Tag="TXT_KEY_GREAT_PERSON_GEORGE_GERSHWIN">
      <Text>George Gershwin</Text>
    </Row>
    <Row Tag="TXT_KEY_GREAT_PERSON_SILVESTRE_REVUELTAS">
      <Text>Silvestre Revueltas</Text>
    </Row>
    <Row Tag="TXT_KEY_GREAT_PERSON_CARLOS_CHAVEZ">
      <Text>Carlos Chavez</Text>
    </Row>
    <Row Tag="TXT_KEY_GREAT_PERSON_WASITODININGRAT">
      <Text>Wasitodiningrat</Text>
    </Row>
    <Row Tag="TXT_KEY_GREAT_PERSON_JOHN_CAGE">
      <Text>John Cage</Text>
    </Row>
    <Row Tag="TXT_KEY_GREAT_PERSON_ALLA_RAKHA">
      <Text>Alla Rakha</Text>
    </Row>
    <Row Tag="TXT_KEY_GREAT_PERSON_DAVID_BLANASI">
      <Text>David Blanasi</Text>
    </Row>
    <Row Tag="TXT_KEY_GREAT_PERSON_LOUIS_BALLARD">
      <Text>Louis W. Ballard</Text>
    </Row>
    <Row Tag="TXT_KEY_GREAT_PERSON_STEVE_REICH">
      <Text>Steve Reich</Text>
    </Row>
    <Row Tag="TXT_KEY_GREAT_PERSON_CECIL_BUSTAMENTE">
      <Text>Cecil Bustamente Campbell</Text>
    </Row>
    <Row Tag="TXT_KEY_GREAT_PERSON_CARLOS_NAKAI">
      <Text>R. Carlos Nakai</Text>
    </Row>
    <!-- additional great artists -->
    <Row Tag="TXT_KEY_GREAT_PERSON_YANAGAWA">
      <Text>Yanagawa Shigenobu</Text>
    </Row>
    <Row Tag="TXT_KEY_GREAT_PERSON_PAUL_DELAROCHE">
      <Text>Paul Delaroche</Text>
    </Row>
    <Row Tag="TXT_KEY_GREAT_PERSON_CASPAR_DAVID_FRIEDRICH">
      <Text>Caspar David Friedrich</Text>
    </Row>
    <Row Tag="TXT_KEY_GREAT_PERSON_PETER_BRUEGHEL">
      <Text>Pieter Brueghel the Elder</Text>
    </Row>
    <Row Tag="TXT_KEY_GREAT_PERSON_PETRUS_CHRISTUS">
      <Text>Petrus Christus</Text>
    </Row>
    <Row Tag="TXT_KEY_GREAT_PERSON_ASHER_DURAND">
      <Text>Asher B. Durand</Text>
    </Row>
    <Row Tag="TXT_KEY_GREAT_PERSON_THOMAS_GAINSBOROUGH">
      <Text>Thomas Gainsborough</Text>
    </Row>
    <Row Tag="TXT_KEY_GREAT_PERSON_FRANCISCO_DE_GOYA">
      <Text>Francisco de Goya</Text>
    </Row>
    <Row Tag="TXT_KEY_GREAT_PERSON_ALPHONSE_MARIE_ADOLPHE_DE_NEUVILLE">
      <Text>Alphonse-Marie-Adolphe de Neuville</Text>
    </Row>
    <Row Tag="TXT_KEY_GREAT_PERSON_QIAN_XUAN">
      <Text>Qian Xuan</Text>
    </Row>
    <Row Tag="TXT_KEY_GREAT_PERSON_KANO_MASANOBU">
      <Text>Kano Masanobu</Text>
    </Row>
    <Row Tag="TXT_KEY_GREAT_PERSON_TITIAN">
      <Text>Titian</Text>
    </Row>
    <Row Tag="TXT_KEY_GREAT_PERSON_GEORGE_GOWER">
      <Text>George Gower</Text>
    </Row>
    <Row Tag="TXT_KEY_GREAT_PERSON_JEAN_CLOUET">
      <Text>Jean Clouet</Text>
    </Row>
    <Row Tag="TXT_KEY_GREAT_PERSON_BARTHOLOMEUM_SPRANGER">
      <Text>Bartholomeus Spranger</Text>
    </Row>
    <Row Tag="TXT_KEY_GREAT_PERSON_GIUSEPPE_ARCIMBOLDO">
      <Text>Giuseppe Arcimboldo</Text>
    </Row>
    <Row Tag="TXT_KEY_GREAT_PERSON_TINTORETTO">
      <Text>Tintoretto</Text>
    </Row>
    <Row Tag="TXT_KEY_GREAT_PERSON_JAN_VAN_EYCK">
      <Text>Jan Van Eyck</Text>
    </Row>
    <Row Tag="TXT_KEY_GREAT_PERSON_GIOVANNI_BELLINI">
      <Text>Giovanni Bellini</Text>
    </Row>
    <Row Tag="TXT_KEY_GREAT_PERSON_GIOTTO_DI_BONDONE">
      <Text>Giotto di Bondone</Text>
    </Row>
    <Row Tag="TXT_KEY_GREAT_PERSON_PETER_PAUL_RUBENS">
      <Text>Peter Paul Rubens</Text>
    </Row>
    <Row Tag="TXT_KEY_GREAT_PERSON_MARY_CASSATT">
      <Text>Mary Cassatt</Text>
    </Row>
    <Row Tag="TXT_KEY_GREAT_PERSON_PAUL_CEZANNE">
      <Text>Paul Cezanne</Text>
    </Row>
    <Row Tag="TXT_KEY_GREAT_PERSON_JEAN_HONORE_FRAGONARD">
      <Text>Jean Honore Fragonard</Text>
    </Row>
    <Row Tag="TXT_KEY_GREAT_PERSON_MARTIN_JOHNSON_HEADE">
      <Text>Martin Johnson Heade</Text>
    </Row>
    <Row Tag="TXT_KEY_GREAT_PERSON_BERNARDO_MARTORELL">
      <Text>Bernardo Martorell</Text>
    </Row>
    <Row Tag="TXT_KEY_GREAT_PERSON_AMEDEO_MODIGLIANI">
      <Text>Amedeo Modigliani</Text>
    </Row>
    <Row Tag="TXT_KEY_GREAT_PERSON_FREDERIC_REMINGTON">
      <Text>Frederic Remington</Text>
    </Row>
    <Row Tag="TXT_KEY_GREAT_PERSON_GILBERT_STUART">
      <Text>Gilbert Stuart</Text>
    </Row>
    <Row Tag="TXT_KEY_GREAT_PERSON_TORAJIRO_KASAI">
      <Text>Torajiro Kasai</Text>
    </Row>
    <Row Tag="TXT_KEY_GREAT_PERSON_TOYOKUNI_UTAGAWA">
      <Text>Toyokuni Utagawa</Text>
    </Row>
    <!-- Additional great musicians -->
    <Row Tag="TXT_KEY_GREAT_PERSON_RICHARD_STRAUSS">
      <Text>Richard Strauss</Text>
    </Row>
    <Row Tag="TXT_KEY_GREAT_PERSON_GUSTAV_HOLST">
      <Text>Gustav Holst</Text>
    </Row>
    <Row Tag="TXT_KEY_GREAT_PERSON_DUKE_ELLINGTON">
      <Text>Duke Ellington</Text>
    </Row>
    <Row Tag="TXT_KEY_GREAT_PERSON_ULVI_CEMAL_ERKIN">
      <Text>Ulvi Cemal Erkin</Text>
    </Row>
    <Row Tag="TXT_KEY_GREAT_PERSON_SOLOMON_LINDA">
      <Text>Solomon Linda</Text>
    </Row>
    <Row Tag="TXT_KEY_GREAT_PERSON_JOHN_ADAMS">
      <Text>John Adams</Text>
    </Row>
    <Row Tag="TXT_KEY_GREAT_PERSON_GUILLAUME_DUFAY">
      <Text>Guillaume Dufay</Text>
    </Row>
    <Row Tag="TXT_KEY_GREAT_PERSON_JOHANNES_OCKEGHEM">
      <Text>Johannes Ockeghem</Text>
    </Row>
    <Row Tag="TXT_KEY_GREAT_PERSON_JACOB_OBRECHT">
      <Text>Jacob Obrecht</Text>
    </Row>
    <Row Tag="TXT_KEY_GREAT_PERSON_ORLANDE_DE_LASSUS">
      <Text>Orlande de Lassus</Text>
    </Row>
    <Row Tag="TXT_KEY_GREAT_PERSON_GIOVANNI_GABRIELI">
      <Text>Giovanni Gabrieli</Text>
    </Row>
    <Row Tag="TXT_KEY_GREAT_PERSON_CARLO_GESUALDO">
      <Text>Carlo Gesualdo</Text>
    </Row>
    <Row Tag="TXT_KEY_GREAT_PERSON_WILLIAM_BYRD">
      <Text>William Byrd</Text>
    </Row>
    <Row Tag="TXT_KEY_GREAT_PERSON_GEORGE_HANDEL">
      <Text>George Frideric Handel</Text>
    </Row>
    <Row Tag="TXT_KEY_GREAT_PERSON_FRANZ_JOSEF_HAYDN">
      <Text>Franz Joseph Haydn</Text>
    </Row>
    <Row Tag="TXT_KEY_GREAT_PERSON_FRANZ_LISZT">
      <Text>Franz Liszt</Text>
    </Row>
    <Row Tag="TXT_KEY_GREAT_PERSON_HUGO_WOLF">
      <Text>Hugo Wolf</Text>
    </Row>
    <Row Tag="TXT_KEY_GREAT_PERSON_GUSTAV_MAHLER">
      <Text>Gustav Mahler</Text>
    </Row>
    <Row Tag="TXT_KEY_GREAT_PERSON_CAMILLE_SAINT_SAENS">
      <Text>Camille Saint-Saëns</Text>
    </Row>
    <Row Tag="TXT_KEY_GREAT_PERSON_ERIK_SATIE">
      <Text>Erik Satie</Text>
    </Row>
    <Row Tag="TXT_KEY_GREAT_PERSON_ALBAN_BERG">
      <Text>Alban Berg</Text>
    </Row>
    <Row Tag="TXT_KEY_GREAT_PERSON_MAURICE_RAVEL">
      <Text>Maurice Ravel</Text>
    </Row>
    <Row Tag="TXT_KEY_GREAT_PERSON_BENJAMIN_BRITTEN">
      <Text>Benjamin Britten</Text>
    </Row>
    <!-- GREAT MERCHANTS -->
    <!-- GREAT ENGINEERS -->
    <!-- GREAT GENERALS -->
    <!--MERCHANTS OF VENICE-->
    <Row Tag="TXT_KEY_MERCHANT_OF_VENICE_MARCO_POLO">
      <Text>Marco Polo</Text>
    </Row>
    <Row Tag="TXT_KEY_MERCHANT_OF_VENICE_NICCOLO_POLO">
      <Text>Niccolo Polo</Text>
    </Row>
    <Row Tag="TXT_KEY_MERCHANT_OF_VENICE_MAFFEO_POLO">
      <Text>Maffeo Polo</Text>
    </Row>
    <Row Tag="TXT_KEY_MERCHANT_OF_VENICE_GIOVANNI_CABOTO">
      <Text>Giovanni Caboto</Text>
    </Row>
    <Row Tag="TXT_KEY_MERCHANT_OF_VENICE_GASPARA_BALBI">
      <Text>Gaspara Balbi</Text>
    </Row>
    <Row Tag="TXT_KEY_MERCHANT_OF_VENICE_NICCOLO_CONTI">
      <Text>Niccolo de' Conti</Text>
    </Row>
    <Row Tag="TXT_KEY_MERCHANT_OF_VENICE_CESARE_FEDERICI">
      <Text>Cesare Federici</Text>
    </Row>
    <Row Tag="TXT_KEY_MERCHANT_OF_VENICE_GIOVANNI_BALZONI">
      <Text>Giovanni Balzoni</Text>
    </Row>
    <Row Tag="TXT_KEY_MERCHANT_OF_VENICE_ALVISE_CADAMOSTO">
      <Text>Alvise Cadamosto</Text>
    </Row>
    <Row Tag="TXT_KEY_MERCHANT_OF_VENICE_GIOSAFAT_BARBARO">
      <Text>Giosafat Barbaro</Text>
    </Row>
    <Row Tag="TXT_KEY_MERCHANT_OF_VENICE_ANTONIO_PIGAFETTA">
      <Text>Antonio Pigafetta</Text>
    </Row>
    <Row Tag="TXT_KEY_MERCHANT_OF_VENICE_AMBROGIO_CONTARINI">
      <Text>Ambrogio Contarini</Text>
    </Row>
    <!-- Patch great artists -->
    <Row Tag="TXT_KEY_GREAT_PERSON_HENRI_ROUSSEAU">
      <Text>Henri Rousseau</Text>
    </Row>
    <Row Tag="TXT_KEY_GREAT_PERSON_JOZEF_BORSOS">
      <Text>József Borsos</Text>
    </Row>
    <Row Tag="TXT_KEY_GREAT_PERSON_ILYA_REPIN">
      <Text>Ilya Repin</Text>
    </Row>
    <Row Tag="TXT_KEY_GREAT_PERSON_SERGEY_IVANOV">
      <Text>Sergey Vasilyevich Ivanov</Text>
    </Row>
    <Row Tag="TXT_KEY_GREAT_PERSON_CARAVAGGIO">
      <Text>Caravaggio</Text>
    </Row>
    <Row Tag="TXT_KEY_GREAT_PERSON_FRANS_POST">
      <Text>Frans Post</Text>
    </Row>
    <Row Tag="TXT_KEY_GREAT_PERSON_WILLEM_THE_YOUNGER">
      <Text>Genç Willem van de Velde</Text>
    </Row>
    <Row Tag="TXT_KEY_GREAT_PERSON_WILLIAM_SIMPSON">
      <Text>William Simpson</Text>
    </Row>
    <Row Tag="TXT_KEY_GREAT_PERSON_GEORGE_HEALY">
      <Text>George Peter Alexander Healy</Text>
    </Row>
    <Row Tag="TXT_KEY_GREAT_PERSON_UTAGAWA_KUNIYOSHI">
      <Text>Utagawa Kuniyoshi</Text>
    </Row>
    <Row Tag="TXT_KEY_GREAT_PERSON_ADRIEN_CARPENTIERS">
      <Text>Adrien Carpentiers</Text>
    </Row>
    <Row Tag="TXT_KEY_GREAT_PERSON_BAHRAM_KIRMANSHAHI">
      <Text>Bahram Kirmansahi</Text>
    </Row>
    <Row Tag="TXT_KEY_GREAT_PERSON_AUGUST_HAAKE">
      <Text>August Haake</Text>
    </Row>
    <Row Tag="TXT_KEY_GREAT_PERSON_WILLIAM_BOUGUEREAU">
      <Text>William Bouguereau</Text>
    </Row>
    <Row Tag="TXT_KEY_GREAT_PERSON_FRANCESCO_HAYEZ">
      <Text>Francesco Hayez</Text>
    </Row>
    <Row Tag="TXT_KEY_GREAT_PERSON_VIKTOR_VASNETSOV">
      <Text>Viktor M. Vasnetsov</Text>
    </Row>
    <Row Tag="TXT_KEY_GREAT_PERSON_HORACE_VERNET">
      <Text>Horace Vernet</Text>
    </Row>
    <Row Tag="TXT_KEY_GREAT_PERSON_KARL_BRIULLOV">
      <Text>Karl Briullov</Text>
    </Row>
    <Row Tag="TXT_KEY_GREAT_PERSON_EDMUND_LEIGHTON">
      <Text>Edmund Leighton</Text>
    </Row>
  </Language_en_US>
</GameData>