﻿<?xml version="1.0" encoding="utf-8"?>
<!-- edited with XMLSPY v2004 rel. 2 U (http://www.xmlspy.com) by Ed Beach (Firaxis Games) -->
<!-- Sid Meier's Civilization V -->
<!-- Copyright Firaxis Games 2010 -->
<!-- -->
<!-- Game Text Objects -->
<GameData>
  <Language_en_US>
    <Row Tag="TXT_KEY_BUILDING_STATUE_ZEUS">
      <Text>Zeus Heykeli</Text>
      <Gender>neuter:the</Gender>
    </Row>
    <Row Tag="TXT_KEY_WONDER_STATUE_ZEUS_HELP">
      <Text>Tüm birimler sehirlere saldirirken +%15 [ICON_STRENGTH] savas gücü kazanir.</Text>
    </Row>
    <Row Tag="TXT_KEY_WONDER_STATUE_ZEUS_DESC">
      <Text>Yunanistan'in Olympia kentindeki Zeus Tapinagi'nda bulunan ve 40 metreyi (12m) asan boyuyla Zeus Heykeli, Antik Dünyanin Yedi Harikasi'ndan bir digeridir. Yunan heykeltiras Phidias tarafindan M.Ö. 440 civarinda yapildigi bilinen bu devasa heykel, Zeus altin bir tahtta otururken bile tapinagin içine zor sigiyordu. Heykelin, Zeus tapinaginin yakildigi MS 425 yilindan daha geç bir tarihte yok edildigi düsünülmektedir.  Heykelin o dönemde hala mevcut olup olmadigi büyük bir tartisma konusudur.</Text>
    </Row>
    <Row Tag="TXT_KEY_WONDER_STATUE_ZEUS_QUOTE">
      <Text>[NEWLINE][TAB][TAB] "Kronos'un oglu konustu ve kara kaslariyla basini salladi ve büyük tanrinin ölümsüzce meshedilmis saçlari kutsal basindan savruldu ve tüm Olympos sarsildi."[NEWLINE][TAB][TAB] - Ilyada[NEWLINE][TAB]</Text>
    </Row>
    <Row Tag="TXT_KEY_PROMOTION_STATUE_ZEUS">
      <Text>Zeus Heykeli</Text>
    </Row>
    <Row Tag="TXT_KEY_PROMOTION_STATUE_ZEUS_HELP">
      <Text>Sehirlere saldirirken +%15 [ICON_STRENGTH] Savas Gücü.</Text>
    </Row>
    <!-- WONDERS -->
    <Row Tag="TXT_KEY_BUILDING_ALHAMBRA">
      <Text>Alhambra nötr:an</Text>
      <Gender>neuter:the</Gender>
    </Row>
    <Row Tag="TXT_KEY_BUILDING_CN_TOWER">
      <Text>CN Kulesi</Text>
      <Gender>neuter:the</Gender>
    </Row>
    <Row Tag="TXT_KEY_BUILDING_HUBBLE">
      <Text>Hubble Uzay Teleskobu</Text>
      <Gender>neuter:the</Gender>
    </Row>
    <Row Tag="TXT_KEY_BUILDING_LEANING_TOWER">
      <Text>Egik Pisa Kulesi</Text>
      <Gender>neuter:the</Gender>
    </Row>
    <Row Tag="TXT_KEY_BUILDING_MOSQUE_OF_DJENNE">
      <Text>Djenne Ulu Camii</Text>
      <Gender>neuter:the</Gender>
    </Row>
    <Row Tag="TXT_KEY_BUILDING_NEUSCHWANSTEIN">
      <Text>Neuschwanstein</Text>
      <Gender>neuter:the</Gender>
    </Row>
    <Row Tag="TXT_KEY_BUILDING_PETRA">
      <Text>Petra</Text>
      <Gender>neuter:the</Gender>
    </Row>
    <Row Tag="TXT_KEY_BUILDING_TERRACOTTA_ARMY">
      <Text>Terracotta Ordusu</Text>
      <Gender>neuter:the</Gender>
    </Row>
    <Row Tag="TXT_KEY_BUILDING_GREAT_FIREWALL">
      <Text>Büyük Güvenlik Duvari</Text>
      <Gender>neuter:the</Gender>
    </Row>
    <!-- NATIONAL WONDERS -->
    <Row Tag="TXT_KEY_BUILDING_INTELLIGENCE_AGENCY">
      <Text>Milli Istihbarat Teskilati</Text>
      <Gender>neuter:the</Gender>
    </Row>
    <Row Tag="TXT_KEY_BUILDING_GRAND_TEMPLE">
      <Text>Büyük Tapinak</Text>
      <Gender>neuter:the</Gender>
    </Row>
    <!-- BUILDINGS -->
    <Row Tag="TXT_KEY_BUILDING_AMPHITHEATER">
      <Text>Amfitiyatro nötr:an</Text>
      <Gender>neuter:an</Gender>
    </Row>
    <Row Tag="TXT_KEY_BUILDING_SHRINE">
      <Text>Tapinak</Text>
    </Row>
    <Row Tag="TXT_KEY_BUILDING_RECYCLING_CENTER">
      <Text>Geri Dönüsüm Merkezi</Text>
    </Row>
    <Row Tag="TXT_KEY_BUILDING_BOMB_SHELTER">
      <Text>Bomba Siginagi</Text>
    </Row>
    <Row Tag="TXT_KEY_BUILDING_CONSTABLE">
      <Text>Polis Teskilati</Text>
    </Row>
    <Row Tag="TXT_KEY_BUILDING_POLICE_STATION">
      <Text>Polis Karakolu</Text>
    </Row>
    <!--RELIGION BUILDINGS -->
    <Row Tag="TXT_KEY_BUILDING_CATHEDRAL">
      <Text>Katedral</Text>
    </Row>
    <Row Tag="TXT_KEY_BUILDING_MOSQUE">
      <Text>Cami</Text>
    </Row>
    <Row Tag="TXT_KEY_BUILDING_PAGODA">
      <Text>Pagoda</Text>
    </Row>
    <!-- UNIQUE BUILDINGS -->
    <Row Tag="TXT_KEY_BUILDING_STELE">
      <Text>Stel</Text>
    </Row>
  </Language_en_US>
</GameData>