﻿<?xml version="1.0" encoding="utf-8"?>
<!-- edited with XMLSPY v2004 rel. 2 U (http://www.xmlspy.com) by Anton Strenger (Firaxis Games) -->
<GameData>
  <Language_en_US>
    <!-- Civs and Leaders-->
    <Row Tag="TXT_KEY_CIVIL_WAR_SCENARIO_CIV_AMERICA_DESC">
      <Text>Amerika Birlesik Devletleri</Text>
    </Row>
    <Row Tag="TXT_KEY_CIVIL_WAR_SCENARIO_CIV_AMERICA_SHORT_DESC">
      <Text>Birlik</Text>
    </Row>
    <Row Tag="TXT_KEY_CIVIL_WAR_SCENARIO_CIV_AMERICA_ADJECTIVE">
      <Text>Birlik</Text>
    </Row>
    <Row Tag="TXT_KEY_CIVIL_WAR_SCENARIO_CIV_ENGLAND_DESC">
      <Text>Amerika Konfedere Devletleri</Text>
    </Row>
    <Row Tag="TXT_KEY_CIVIL_WAR_SCENARIO_CIV_ENGLAND_SHORT_DESC">
      <Text>Konfederasyon</Text>
    </Row>
    <Row Tag="TXT_KEY_CIVIL_WAR_SCENARIO_CIV_ENGLAND_ADJECTIVE">
      <Text>Konfederasyon</Text>
    </Row>
  </Language_en_US>
</GameData>