﻿<?xml version="1.0" encoding="utf-8"?>
<!-- edited with XMLSPY v2004 rel. 2 U (http://www.xmlspy.com) by Anton Strenger (Firaxis Games) -->
<!-- Sid Meier's Civilization V -->
<!-- Copyright Firaxis Games 2010 -->
<!-- -->
<!-- Game Text Objects -->
<GameData>
  <Language_en_US>
    <Row Tag="TXT_KEY_RESOURCE_JEWELRY">
      <Text>Taki</Text>
    </Row>
    <Row Tag="TXT_KEY_RESOURCE_PORCELAIN">
      <Text>Porselen</Text>
    </Row>
    <Row Tag="TXT_KEY_RESOURCE_COPPER">
      <Text>Bakir</Text>
    </Row>
    <Row Tag="TXT_KEY_RESOURCE_SALT">
      <Text>Tuz</Text>
    </Row>
    <Row Tag="TXT_KEY_RESOURCE_CRAB">
      <Text>Yengeç</Text>
    </Row>
    <Row Tag="TXT_KEY_RESOURCE_TRUFFLES">
      <Text>Yer Mantari</Text>
    </Row>
    <Row Tag="TXT_KEY_RESOURCE_CITRUS">
      <Text>Narenciye</Text>
    </Row>
    <Row Tag="TXT_KEY_YIELD_CULTURE">
      <Text>Kültür</Text>
    </Row>
    <Row Tag="TXT_KEY_YIELD_FAITH">
      <Text>Inanç</Text>
    </Row>
    <Row Tag="TXT_KEY_CITY_STATE_MERCANTILE_ADJECTIVE">
      <Text>Ticaret</Text>
    </Row>
    <Row Tag="TXT_KEY_CITY_STATE_RELIGIOUS_ADJECTIVE">
      <Text>Dini</Text>
    </Row>
    <Row Tag="TXT_KEY_FEATURE_SRI_PADA">
      <Text>Sri Pada</Text>
    </Row>
    <Row Tag="TXT_KEY_FEATURE_MT_SINAI">
      <Text>Sina Dagi</Text>
    </Row>
    <Row Tag="TXT_KEY_FEATURE_MT_KAILASH">
      <Text>Kailash Dagi</Text>
    </Row>
    <Row Tag="TXT_KEY_FEATURE_ULURU">
      <Text>Uluru</Text>
    </Row>
    <Row Tag="TXT_KEY_CITYVIEW_FAITH_TEXT">
      <Text>Inanç</Text>
    </Row>
    <Row Tag="TXT_KEY_ERA_6">
      <Text>Gelecek Cag</Text>
    </Row>
    <Row Tag="TXT_KEY_ERA_POSTMODERN_STRATEGY">
      <Text>Atom Cagi</Text>
    </Row>
    <Row Tag="TXT_KEY_ERA_7">
      <Text>Bilgi Cagi</Text>
    </Row>
    <Row Tag="TXT_KEY_IMPROVEMENT_HOLY_SITE">
      <Text>Kutsal Mekan</Text>
    </Row>
    <Row Tag="TXT_KEY_DOMAIN_HOVER">
      <Text>Gezinen Birimler</Text>
    </Row>
  </Language_en_US>
</GameData>