﻿<?xml version="1.0" encoding="utf-8"?>
<!-- edited with XMLSPY v2004 rel. 2 U (http://www.xmlspy.com) by Anton Strenger (Firaxis Games) -->
<GameData>
  <Language_en_US>
    <Row Tag="TXT_KEY_CITYVIEW_GREAT_WORK_BUILDINGS_TEXT">
      <Text>Harika Is Binalari</Text>
    </Row>
    <Row Tag="TXT_KEY_RESOURCE_ARTIFACTS">
      <Text>Antik Cag Sitesi</Text>
    </Row>
    <Row Tag="TXT_KEY_RESOURCE_HIDDEN_ARTIFACTS">
      <Text>Gizli Antik Cag Sitesi</Text>
    </Row>
    <Row Tag="TXT_KEY_RESOURCE_NUTMEG">
      <Text>Küçük Hindistan Cevizi</Text>
    </Row>
    <Row Tag="TXT_KEY_RESOURCE_CLOVES">
      <Text>Karanfil</Text>
    </Row>
    <Row Tag="TXT_KEY_RESOURCE_PEPPER">
      <Text>Biber</Text>
    </Row>
    <!-- Improvements-->
    <Row Tag="TXT_KEY_BUILD_ARCHAEOLOGY_DIG">
      <Text>Construct an [LINK=IMPROVEMENT_ARCHAEOLOGICAL_DIG]Arkeolojik Kazi[\LINK]</Text>
    </Row>
    <Row Tag="TXT_KEY_BUILD_BRAZILWOOD_CAMP">
      <Text>Bir [LINK=IMPROVEMENT_BRAZILWOOD_CAMP]Brazilwood Kampi[\LINK] insa edin</Text>
    </Row>
    <Row Tag="TXT_KEY_BUILD_KASBAH">
      <Text>Bir [([1] insa edin)IYILESTIRME_KASBAH]Kasbah[\LINK]</Text>
    </Row>
    <Row Tag="TXT_KEY_BUILD_FEITORIA">
      <Text>Construct a [LINK=IMPROVEMENT_FEITORIA]Feitoria[\LINK]</Text>
    </Row>
    <Row Tag="TXT_KEY_BUILD_CHATEAU">
      <Text>Bir [LINK=IMPROVEMENT_CHATEAU]Sato[\LINK] insa edin</Text>
    </Row>
    <Row Tag="TXT_KEY_IMPROVEMENT_ARCHAEOLOGICAL_DIG">
      <Text>Arkeolojik Kazi</Text>
    </Row>
    <Row Tag="TXT_KEY_IMPROVEMENT_BRAZILWOOD_CAMP">
      <Text>Brazilwood Kampi</Text>
    </Row>
    <Row Tag="TXT_KEY_IMPROVEMENT_KASBAH">
      <Text>Kasbah</Text>
    </Row>
    <Row Tag="TXT_KEY_IMPROVEMENT_FEITORIA">
      <Text>Feitoria</Text>
    </Row>
    <Row Tag="TXT_KEY_IMPROVEMENT_CHATEAU">
      <Text>Sato</Text>
    </Row>
    <!-- Archaeological Artifacts-->
    <Row Tag="TXT_KEY_ARTIFACT_ANCIENT_RUIN">
      <Text>Boncuklar</Text>
    </Row>
    <Row Tag="TXT_KEY_ARTIFACT_ANCIENT_CAMP">
      <Text>Cömlek Parçasi</Text>
    </Row>
    <Row Tag="TXT_KEY_ARTIFACT_ANCIENT_MELEE_1">
      <Text>Balta Kafasi</Text>
    </Row>
    <Row Tag="TXT_KEY_ARTIFACT_ANCIENT_MELEE_2">
      <Text>Kalkan</Text>
    </Row>
    <Row Tag="TXT_KEY_ARTIFACT_ANCIENT_RANGED">
      <Text>Ok Uçlari</Text>
    </Row>
    <Row Tag="TXT_KEY_ARTIFACT_ANCIENT_CITY">
      <Text>Maske</Text>
    </Row>
    <Row Tag="TXT_KEY_ARTIFACT_CLASSICAL_RUIN">
      <Text>Muska</Text>
    </Row>
    <Row Tag="TXT_KEY_ARTIFACT_CLASSICAL_CAMP">
      <Text>Madeni Para</Text>
    </Row>
    <Row Tag="TXT_KEY_ARTIFACT_CLASSICAL_MELEE_1">
      <Text>Mizrak Uçlari</Text>
    </Row>
    <Row Tag="TXT_KEY_ARTIFACT_CLASSICAL_MELEE_2">
      <Text>Greaves</Text>
    </Row>
    <Row Tag="TXT_KEY_ARTIFACT_CLASSICAL_RANGED">
      <Text>Cirit Ipuçlari</Text>
    </Row>
    <Row Tag="TXT_KEY_ARTIFACT_CLASSICAL_CITY">
      <Text>Kolye</Text>
    </Row>
    <Row Tag="TXT_KEY_ARTIFACT_MEDIEVAL_RUIN">
      <Text>Kolye</Text>
    </Row>
    <Row Tag="TXT_KEY_ARTIFACT_MEDIEVAL_CAMP">
      <Text>Uzun Gemi</Text>
    </Row>
    <Row Tag="TXT_KEY_ARTIFACT_MEDIEVAL_MELEE_1">
      <Text>Kisa Kiliç</Text>
    </Row>
    <Row Tag="TXT_KEY_ARTIFACT_MEDIEVAL_MELEE_2">
      <Text>Gögüs Zirhi</Text>
    </Row>
    <Row Tag="TXT_KEY_ARTIFACT_MEDIEVAL_RANGED">
      <Text>Tatar Yayi Civatalari</Text>
    </Row>
    <Row Tag="TXT_KEY_ARTIFACT_MEDIEVAL_CITY">
      <Text>Kadeh</Text>
    </Row>
    <Row Tag="TXT_KEY_ARTIFACT_RENAISSANCE_RUIN">
      <Text>Heykel</Text>
    </Row>
    <Row Tag="TXT_KEY_ARTIFACT_RENAISSANCE_CAMP">
      <Text>Doubloon</Text>
    </Row>
    <Row Tag="TXT_KEY_ARTIFACT_RENAISSANCE_MELEE_1">
      <Text>Iki Elli Kiliç</Text>
    </Row>
    <Row Tag="TXT_KEY_ARTIFACT_RENAISSANCE_MELEE_2">
      <Text>Plaka Zirh</Text>
    </Row>
    <Row Tag="TXT_KEY_ARTIFACT_RENAISSANCE_RANGED">
      <Text>Cannonball</Text>
    </Row>
    <Row Tag="TXT_KEY_ARTIFACT_RENAISSANCE_CITY">
      <Text>Taç</Text>
    </Row>
    <Row Tag="TXT_KEY_ARTIFACT_OTHER_ERA_RUIN">
      <Text>Heykelcik</Text>
    </Row>
    <Row Tag="TXT_KEY_ARTIFACT_OTHER_ERA_CAMP">
      <Text>Kemer Tokasi</Text>
    </Row>
    <Row Tag="TXT_KEY_ARTIFACT_OTHER_ERA_MELEE_1">
      <Text>Kursunlar</Text>
    </Row>
    <Row Tag="TXT_KEY_ARTIFACT_OTHER_ERA_MELEE_2">
      <Text>Kiliç</Text>
    </Row>
    <Row Tag="TXT_KEY_ARTIFACT_OTHER_ERA_RANGED">
      <Text>Topçu Mermisi</Text>
    </Row>
    <Row Tag="TXT_KEY_ARTIFACT_OTHER_ERA_CITY">
      <Text>Küpeler</Text>
    </Row>
    <!-- Processes-->
    <Row Tag="TXT_KEY_PROCESS_INTERNATIONAL_SPACE_STATION">
      <Text>Uluslararasi Uzay Istasyonu</Text>
    </Row>
    <Row Tag="TXT_KEY_PROCESS_WORLD_FAIR">
      <Text>Dünya Fuari</Text>
    </Row>
    <Row Tag="TXT_KEY_PROCESS_WORLD_GAMES">
      <Text>Uluslararasi Oyunlar</Text>
    </Row>
    <!-- Natural Wonders-->
    <Row Tag="TXT_KEY_FEATURE_LAKE_VICTORIA">
      <Text>Victoria Gölü</Text>
    </Row>
    <Row Tag="TXT_KEY_FEATURE_KILIMANJARO">
      <Text>Kilimanjaro Dagi</Text>
    </Row>
    <Row Tag="TXT_KEY_FEATURE_SOLOMONS_MINES">
      <Text>Kral Süleyman'in Madenleri</Text>
    </Row>
    <!-- Great Works -->
    <Row Tag="TXT_KEY_GREAT_WORK_ODYSSEY">
      <Text>Odyssey</Text>
    </Row>
    <Row Tag="TXT_KEY_GREAT_WORK_FABLES">
      <Text>Fabllar</Text>
    </Row>
    <Row Tag="TXT_KEY_GREAT_WORK_OEDIPUS">
      <Text>Kral Oidipus</Text>
    </Row>
    <Row Tag="TXT_KEY_GREAT_WORK_LYSISTRATA">
      <Text>Lysistrata</Text>
    </Row>
    <Row Tag="TXT_KEY_GREAT_WORK_AENEID">
      <Text>Aeneid</Text>
    </Row>
    <Row Tag="TXT_KEY_GREAT_WORK_METAMORPHOSES">
      <Text>Metamorfozlar</Text>
    </Row>
    <Row Tag="TXT_KEY_GREAT_WORK_TRUE_STORY">
      <Text>Gerçek Bir Hikaye</Text>
    </Row>
    <Row Tag="TXT_KEY_GREAT_WORK_RUBAIYAT">
      <Text>Rubaiyat</Text>
    </Row>
    <Row Tag="TXT_KEY_GREAT_WORK_MASNAVI">
      <Text>Mesnevi</Text>
    </Row>
    <Row Tag="TXT_KEY_GREAT_WORK_RAMAYAMA">
      <Text>Ramayama</Text>
    </Row>
    <Row Tag="TXT_KEY_GREAT_WORK_MAHABHARATA">
      <Text>Mahabharata</Text>
    </Row>
    <Row Tag="TXT_KEY_GREAT_WORK_URUBHANGA">
      <Text>Urubhanga (Kirik Uyluk)</Text>
    </Row>
    <Row Tag="TXT_KEY_GREAT_WORK_ABHIJNANASAKUTALAM">
      <Text>Abhijnanasakuntalam (Shantukala'nin)</Text>
    </Row>
    <Row Tag="TXT_KEY_GREAT_WORK_CHU_CI">
      <Text>Chu Ci (Güney Sarkilari)</Text>
    </Row>
    <Row Tag="TXT_KEY_GREAT_WORK_SHUIHU_ZHUAN">
      <Text>Shuihu Zhuan (Su Kenari)</Text>
    </Row>
    <Row Tag="TXT_KEY_GREAT_WORK_JIN_PING_MEI">
      <Text>Jin Ping Mei (Altin Vazodaki Erik)</Text>
    </Row>
    <Row Tag="TXT_KEY_GREAT_WORK_HONG_LOU_MENG">
      <Text>Hong Lou Meng (Kizil Oda'nin Rüyasi)</Text>
    </Row>
    <Row Tag="TXT_KEY_GREAT_WORK_KOKIN_WAKASHU">
      <Text>Kokin wakashu</Text>
    </Row>
    <Row Tag="TXT_KEY_GREAT_WORK_GENJI_MONOGATARI">
      <Text>Genji monogatari (Genji'nin Öyküsü)</Text>
    </Row>
    <Row Tag="TXT_KEY_GREAT_WORK_TSUREZUREGUSA">
      <Text>Tsurezuregusa (Aylaklik Üzerine Denemeler)</Text>
    </Row>
    <Row Tag="TXT_KEY_GREAT_WORK_SHINJUTEN_NO_AMIJIMA">
      <Text>Shinjuten no Amijima (Amijima'nin Ask Intiharlari)</Text>
    </Row>
    <Row Tag="TXT_KEY_GREAT_WORK_UGETSU_MONOGATARI">
      <Text>Ugetsu monogatari (Ay Isigi ve Yagmur Masallari)</Text>
    </Row>
    <Row Tag="TXT_KEY_GREAT_WORK_WAGAHAI_WA_NEKO">
      <Text>Wagahai wa neko de aru (Ben Bir Kediyim)</Text>
    </Row>
    <Row Tag="TXT_KEY_GREAT_WORK_EL_INGENIOSO">
      <Text>Don Kisot</Text>
    </Row>
    <Row Tag="TXT_KEY_GREAT_WORK_MARIA">
      <Text>Maria</Text>
    </Row>
    <Row Tag="TXT_KEY_GREAT_WORK_MARTIN_FIERRO">
      <Text>Martin Fierro</Text>
    </Row>
    <Row Tag="TXT_KEY_GREAT_WORK_AZUL">
      <Text>Azul</Text>
    </Row>
    <Row Tag="TXT_KEY_GREAT_WORK_GIRART_DE_VIENNE">
      <Text>Girart de Vienne</Text>
    </Row>
    <Row Tag="TXT_KEY_GREAT_WORK_LA_VIE_DE_GARGANTUA">
      <Text>La Vie de Gargantua et de Pantagruel</Text>
    </Row>
    <Row Tag="TXT_KEY_GREAT_WORK_CANDIDE_OU_LOPTIMISME">
      <Text>Candide ya da Iyimserlik</Text>
    </Row>
    <Row Tag="TXT_KEY_GREAT_WORK_LES_TROIS_MOUSQUETAIRES">
      <Text>Les Trois Mousquetaires (Üç Silahsörler)</Text>
    </Row>
    <Row Tag="TXT_KEY_GREAT_WORK_LES_MISERABLES">
      <Text>Sefiller</Text>
    </Row>
    <Row Tag="TXT_KEY_GREAT_WORK_VIGNT_MILLE_LIEUES">
      <Text>Vingt Mille Lieues sous les Mers (Denizler Altinda Yirmi Bin Fersah)</Text>
    </Row>
    <Row Tag="TXT_KEY_GREAT_WORK_A_LA_RECHERCHE">
      <Text>À la recherche du temps perdu (Kayip Zamanin Izinde)</Text>
    </Row>
    <Row Tag="TXT_KEY_GREAT_WORK_DIVINA_COMMEDIA">
      <Text>Divina Commedia (Ilahi Komedya)</Text>
    </Row>
    <Row Tag="TXT_KEY_GREAT_WORK_IL_CANZONIERE">
      <Text>Il Canzoniere (Sarki Kitabi)</Text>
    </Row>
    <Row Tag="TXT_KEY_GREAT_WORK_ORLANDO_FURIOSO">
      <Text>Orlando Furioso (Orlando'nun Cilginligi)</Text>
    </Row>
    <Row Tag="TXT_KEY_GREAT_WORK_SAUL">
      <Text>Saul</Text>
    </Row>
    <Row Tag="TXT_KEY_GREAT_WORK_DIE_RAUBER">
      <Text>Die Rauber (Soyguncular)</Text>
    </Row>
    <Row Tag="TXT_KEY_GREAT_WORK_FAUST">
      <Text>Faust: Der Tragodie</Text>
    </Row>
    <Row Tag="TXT_KEY_GREAT_WORK_REVIZOR">
      <Text>Revizor (Hükümet Müfettisi)</Text>
    </Row>
    <Row Tag="TXT_KEY_GREAT_WORK_PRESTIPLENIYE">
      <Text>Prestupleniye i Nakazaniye (Suç ve Ceza)</Text>
    </Row>
    <Row Tag="TXT_KEY_GREAT_WORK_VOYNA_I_MIR">
      <Text>Voyna i Mir (Savas ve Baris)</Text>
    </Row>
    <Row Tag="TXT_KEY_GREAT_WORK_CHAYKA">
      <Text>Chayka (Marti)</Text>
    </Row>
    <Row Tag="TXT_KEY_GREAT_WORK_NA_DNE">
      <Text>Na dne (Asagi Derinlikler)</Text>
    </Row>
    <Row Tag="TXT_KEY_GREAT_WORK_CANTERBURY_TALES">
      <Text>Canterbury Masallari</Text>
    </Row>
    <Row Tag="TXT_KEY_GREAT_WORK_LE_MORTE_DARTHUR">
      <Text>Le Morte D'Arthur (Arthur'un Ölümü)</Text>
    </Row>
    <Row Tag="TXT_KEY_GREAT_WORK_THE_FAERIE_QUEENE">
      <Text>The Faerie Queene</Text>
    </Row>
    <Row Tag="TXT_KEY_GREAT_WORK_MACBETH">
      <Text>Macbeth</Text>
    </Row>
    <Row Tag="TXT_KEY_GREAT_WORK_PRIDE_AND_PREJUDICE">
      <Text>Gurur ve Önyargi</Text>
    </Row>
    <Row Tag="TXT_KEY_GREAT_WORK_FRANKENSTEIN">
      <Text>Frankenstein</Text>
    </Row>
    <Row Tag="TXT_KEY_GREAT_WORK_A_CHRISTMAS_CAROL">
      <Text>Bir Noel Sarkisi</Text>
    </Row>
    <Row Tag="TXT_KEY_GREAT_WORK_ALICES_ADVANTURES">
      <Text>Alice'in Harikalar Diyarinda Maceralari</Text>
    </Row>
    <Row Tag="TXT_KEY_GREAT_WORK_BARRACK_ROOM_BALLADS">
      <Text>Barrack-Room Ballads</Text>
    </Row>
    <Row Tag="TXT_KEY_GREAT_WORK_THE_TIME_MACHINE">
      <Text>Zaman Makinesi</Text>
    </Row>
    <Row Tag="TXT_KEY_GREAT_WORK_THE_SIGN_OF_THE_FOUR">
      <Text>Dörtlerin Isareti</Text>
    </Row>
    <Row Tag="TXT_KEY_GREAT_WORK_LADY_CHATTERLEYS_LOVER">
      <Text>Lady Chatterley'in Asigi</Text>
    </Row>
    <Row Tag="TXT_KEY_GREAT_WORK_THE_SKETCH_BOOK">
      <Text>Geoffrey Crayon'un Eskiz Defteri, Gent.</Text>
    </Row>
    <Row Tag="TXT_KEY_GREAT_WORK_THE_LAST_OF_THE_MOHICANS">
      <Text>Mohikanlarin Sonuncusu</Text>
    </Row>
    <Row Tag="TXT_KEY_GREAT_WORK_THE_RAVEN">
      <Text>Kuzgun ve Diger Siirler</Text>
    </Row>
    <Row Tag="TXT_KEY_GREAT_WORK_TWICE_TOLD_TALE">
      <Text>Iki Kez Anlatilan Masallar</Text>
    </Row>
    <Row Tag="TXT_KEY_GREAT_WORK_MOBY_DICK">
      <Text>Moby Dick</Text>
    </Row>
    <Row Tag="TXT_KEY_GREAT_WORK_UNCLE_TOMS_CABIN">
      <Text>Tom Amca'nin Kulübesi</Text>
    </Row>
    <Row Tag="TXT_KEY_GREAT_WORK_WALDEN">
      <Text>Walden</Text>
    </Row>
    <Row Tag="TXT_KEY_GREAT_WORK_LEAVES_OF_GRASS">
      <Text>Cimen Yapraklari</Text>
    </Row>
    <Row Tag="TXT_KEY_GREAT_WORK_ADVENTURES_OF_HUCKLEBERRY">
      <Text>Huckleberry Finn'in Maceralari</Text>
    </Row>
    <Row Tag="TXT_KEY_GREAT_WORK_POEMS">
      <Text>Siirler</Text>
    </Row>
    <Row Tag="TXT_KEY_GREAT_WORK_RED_BADGE_OF_COURAGE">
      <Text>Cesaretin Kirmizi Rozeti</Text>
    </Row>
    <Row Tag="TXT_KEY_GREAT_WORK_WONDERFUL_WIZARD_OF_OZ">
      <Text>Muhtesem Oz Büyücüsü</Text>
    </Row>
    <Row Tag="TXT_KEY_GREAT_WORK_THE_GREAT_GATSBY">
      <Text>Muhtesem Gatsby</Text>
    </Row>
    <!-- GREAT ART -->
    <Row Tag="TXT_KEY_GREAT_GIRL_WITH_PEARL_EARRING">
      <Text>Inci Küpeli Kiz</Text>
    </Row>
    <Row Tag="TXT_KEY_GREAT_HENRY_VIII">
      <Text>Henry VIII</Text>
    </Row>
    <Row Tag="TXT_KEY_GREAT_WORK_HUNTERS_IN_THE_SNOW">
      <Text>Karda Avcilar</Text>
    </Row>
    <Row Tag="TXT_KEY_GREAT_WORK_LES_DEMOISELLES">
      <Text>Les Demoiselles d'Avignon</Text>
    </Row>
    <Row Tag="TXT_KEY_GREAT_WORK_LUNCHEON">
      <Text>Tekne Partisi Ögle Yemegi</Text>
    </Row>
    <Row Tag="TXT_KEY_GREAT_WORK_MONA_LISA">
      <Text>Mona Lisa</Text>
    </Row>
    <Row Tag="TXT_KEY_GREAT_WORK_SUNDAY_AFTERNOON">
      <Text>La Grande-Jatte Adasinda Pazar Ögleden Sonrasi</Text>
    </Row>
    <Row Tag="TXT_KEY_GREAT_WORK_VIEW_OF_TOLEDO">
      <Text>Toledo Manzarasi</Text>
    </Row>
    <Row Tag="TXT_KEY_GREAT_WORK_WATER_LILIES">
      <Text>Nilüferler</Text>
    </Row>
    <Row Tag="TXT_KEY_GREAT_WORK_STARRY_NIGHT">
      <Text>Yildizli Gece</Text>
    </Row>
    <Row Tag="TXT_KEY_GREAT_WORK_BIRTH_OF_VENUS">
      <Text>Venüs'ün Dogusu</Text>
    </Row>
    <Row Tag="TXT_KEY_GREAT_WORK_BINDO_ALTOVITI">
      <Text>Bindo Altoviti'nin Portresi</Text>
    </Row>
    <Row Tag="TXT_KEY_GREAT_WORK_SAINT_GEORGE_DRAGON">
      <Text>Aziz George ve Ejderha</Text>
    </Row>
    <Row Tag="TXT_KEY_GREAT_WORK_CREATION_OF_ADAM">
      <Text>Adem'in Yaratilisi</Text>
    </Row>
    <Row Tag="TXT_KEY_GREAT_WORK_GALLERY_OF_THE_LOUVRE">
      <Text>Louvre Galerisi</Text>
    </Row>
    <Row Tag="TXT_KEY_GREAT_WORK_WASHINGTON_CROSSING">
      <Text>Washington Delaware'i Geçiyor</Text>
    </Row>
    <Row Tag="TXT_KEY_GREAT_WORK_ARRANGEMENT_IN_GREY">
      <Text>Gri ve Siyah Aranjman: Sanatçinin Annesinin Portresi</Text>
    </Row>
    <Row Tag="TXT_KEY_GREAT_WORK_BREEZING_UP">
      <Text>Breezing Up (A Fair Wind)</Text>
    </Row>
    <Row Tag="TXT_KEY_GREAT_WORK_A_THOUSAND_LI">
      <Text>Nehirlerin ve Daglarin Bin Li'si</Text>
    </Row>
    <Row Tag="TXT_KEY_GREAT_WORK_DWELLING_IN_THE_FUCHUN">
      <Text>Fuchun Daglari'nda Konut</Text>
    </Row>
    <Row Tag="TXT_KEY_GREAT_WORK_ALONG_THE_RIVER">
      <Text>Qingming Festivali Sirasinda Nehir Boyunca</Text>
    </Row>
    <Row Tag="TXT_KEY_GREAT_WORK_LEAF_2">
      <Text>Yaprak 2 (Kadin Resimleri)</Text>
    </Row>
    <Row Tag="TXT_KEY_GREAT_WORK_EMPEROR_TAIZONG">
      <Text>Imparator Taizong Tibet Elçisini Kabul Ediyor</Text>
    </Row>
    <Row Tag="TXT_KEY_GREAT_WORK_SPRING_MORNING">
      <Text>Han Sarayi'nda Bahar Sabahi</Text>
    </Row>
    <Row Tag="TXT_KEY_GREAT_WORK_THE_GREAT_WAVE">
      <Text>Kanagawa Açiklarinda Dalga Altinda (Büyük Dalga)</Text>
    </Row>
    <Row Tag="TXT_KEY_GREAT_WORK_EVENING_SHOWER">
      <Text>Atake ve Büyük Köprü'de Aksam Yagmuru</Text>
    </Row>
    <Row Tag="TXT_KEY_GREAT_WORK_L_ABSINTHE">
      <Text>L'Absinthe</Text>
    </Row>
    <Row Tag="TXT_KEY_GREAT_WORK_UPAUPA_SCHNEKLUD">
      <Text>Upaupa Schneklud</Text>
    </Row>
    <Row Tag="TXT_KEY_GREAT_WORK_A_BAR_AT_THE_FOLIES">
      <Text>Folies-Bergère'de Bir Bar</Text>
    </Row>
    <Row Tag="TXT_KEY_GREAT_WORK_BALL_AT_THE_MOULIN">
      <Text>Moulin Rouge'da Balo</Text>
    </Row>
    <Row Tag="TXT_KEY_GREAT_WORK_THE_KISS">
      <Text>Öpücük (Der Kuß)</Text>
    </Row>
    <Row Tag="TXT_KEY_GREAT_WORK_AMERICAN_GOTHIC">
      <Text>Amerikan Gotik</Text>
    </Row>
    <Row Tag="TXT_KEY_GREAT_WORK_SRI_SHANMUKAHA">
      <Text>Sri Shanmukaha Subramania Swami</Text>
    </Row>
    <Row Tag="TXT_KEY_GREAT_WORK_DAUD_RECEIVES_A_ROBE">
      <Text>Da'ud Mun'im Han'dan Seref Cübbesi Aldi</Text>
    </Row>
    <Row Tag="TXT_KEY_GREAT_WORK_YUSEF_AND_ZULEYKHA">
      <Text>Yusef ve Zuleykha</Text>
    </Row>
    <Row Tag="TXT_KEY_GREAT_WORK_THE_ASCENT_OF_MUHAMMAD">
      <Text>Muhammed'in Cennete Yükselisi</Text>
    </Row>
    <Row Tag="TXT_KEY_GREAT_WORK_LIBERTY_LEADING_THE_PEOPLE">
      <Text>Özgürlük Halka Önderlik Ediyor</Text>
    </Row>
    <Row Tag="TXT_KEY_GREAT_WORK_SAINT_JEROME_IN_HIS_STUDY">
      <Text>Aziz Jerome Calisma Odasinda</Text>
    </Row>
    <Row Tag="TXT_KEY_GREAT_WORK_PARTHENON_FRIEZE">
      <Text>Phidias Parthenon'un Frizini Arkadaslarina Gösteriyor (Lawrence Alma-Tadema)</Text>
    </Row>
    <Row Tag="TXT_KEY_GREAT_WORK_RUE_DE_PARIS">
      <Text>Paris Caddesi  Yagmurlu Bir Gün</Text>
    </Row>
    <Row Tag="TXT_KEY_GREAT_WORK_NIGHT_WATCH">
      <Text>Gece Nöbeti</Text>
    </Row>
    <Row Tag="TXT_KEY_GREAT_WORK_DEATH_OF_MARAT">
      <Text>Marat'nin Ölümü</Text>
    </Row>
    <Row Tag="TXT_KEY_GREAT_WORK_ETIENNE_CHEVALIER">
      <Text>Etienne Chevalier Aziz Stephen ile birlikte</Text>
    </Row>
    <Row Tag="TXT_KEY_GREAT_WORK_SAINT_FRANCIS">
      <Text>Aziz Francis Meditasyonda</Text>
    </Row>
    <Row Tag="TXT_KEY_GREAT_WORK_HATAORI">
      <Text>Hataori</Text>
    </Row>
    <Row Tag="TXT_KEY_GREAT_WORK_JANE_GREY">
      <Text>Leydi Jane Grey'in Infazi</Text>
    </Row>
    <Row Tag="TXT_KEY_GREAT_WORK_WANDERER">
      <Text>Sis Denizinin Üstündeki Gezgin</Text>
    </Row>
    <Row Tag="TXT_KEY_GREAT_WORK_BABEL">
      <Text>Babil Kulesi</Text>
    </Row>
    <Row Tag="TXT_KEY_GREAT_WORK_YOUNG_LADY">
      <Text>Genç Bir Kizin Portresi</Text>
    </Row>
    <Row Tag="TXT_KEY_GREAT_WORK_KINDRED">
      <Text>Akraba Ruhlar</Text>
    </Row>
    <Row Tag="TXT_KEY_GREAT_WORK_BLUE_BOY">
      <Text>Mavi Cocuk</Text>
    </Row>
    <Row Tag="TXT_KEY_GREAT_WORK_SECOND_OF_MAY">
      <Text>Üçüncü Mayis 1808</Text>
    </Row>
    <Row Tag="TXT_KEY_GREAT_WORK_LAST_CART">
      <Text>Son Kartuslar</Text>
    </Row>
    <Row Tag="TXT_KEY_GREAT_WORK_EARLY_AUTUMN">
      <Text>Erken Sonbahar</Text>
    </Row>
    <Row Tag="TXT_KEY_GREAT_WORK_APPRECIATING_LOTUSES">
      <Text>Zhou Maoshu Nilüferleri Takdir Ediyor</Text>
    </Row>
    <Row Tag="TXT_KEY_GREAT_WORK_EQUESTRIAN_PORTRAIT">
      <Text>V. Charles'in Binicilik Portresi</Text>
    </Row>
    <Row Tag="TXT_KEY_GREAT_WORK_THE_ARMADA">
      <Text>I. Elizabeth'in Armada Portresi</Text>
    </Row>
    <Row Tag="TXT_KEY_GREAT_WORK_FRANCIS_I">
      <Text>Fransa Krali I. Francis</Text>
    </Row>
    <Row Tag="TXT_KEY_GREAT_WORK_SELF_PORTRAIT">
      <Text>Kendi portresi</Text>
    </Row>
    <Row Tag="TXT_KEY_GREAT_WORK_VERTUMNUS">
      <Text>Vertumnus</Text>
    </Row>
    <Row Tag="TXT_KEY_GREAT_WORK_LAST_SUPPER">
      <Text>Son Aksam Yemegi</Text>
    </Row>
    <Row Tag="TXT_KEY_GREAT_WORK_PORTRAIT_OF_A_MAN">
      <Text>Türbanli Bir Adamin Portresi</Text>
    </Row>
    <Row Tag="TXT_KEY_GREAT_WORK_FRONT_OF_THE_MIRROR">
      <Text>Ayna Karsisinda Ciplak Genç Kadin</Text>
    </Row>
    <Row Tag="TXT_KEY_GREAT_WORK_ADORATION">
      <Text>Magi'nin Hayranligi</Text>
    </Row>
    <Row Tag="TXT_KEY_GREAT_WORK_RUBENS_AND_ISABELLA">
      <Text>Rubens ve Isabella Brant Hanimeli Cardakta</Text>
    </Row>
    <Row Tag="TXT_KEY_GREAT_WORK_CHILDS_BATH">
      <Text>Cocuk Banyosu</Text>
    </Row>
    <Row Tag="TXT_KEY_GREAT_WORK_THE_CARD_PLAYERS">
      <Text>Kart Oyunculari</Text>
    </Row>
    <Row Tag="TXT_KEY_GREAT_WORK_THE_SWING">
      <Text>Salincak</Text>
    </Row>
    <Row Tag="TXT_KEY_GREAT_WORK_GIANT_MAGNOLIAS">
      <Text>Mavi Kadife Kumas Üzerinde Dev Manolyalar</Text>
    </Row>
    <Row Tag="TXT_KEY_GREAT_WORK_SAINT_GEORGE_KILLING">
      <Text>Aziz George Ejderhayi Öldürüyor</Text>
    </Row>
    <Row Tag="TXT_KEY_GREAT_WORK_JACQUES_AND_BERTHE">
      <Text>Jacques ve Berthe Lipchitz</Text>
    </Row>
    <Row Tag="TXT_KEY_GREAT_WORK_DASH_FOR_TIMBER">
      <Text>Keresteye Dogru Bir Kosu</Text>
    </Row>
    <Row Tag="TXT_KEY_GREAT_WORK_GEORGE_WASHINGTON_PORTRAIT">
      <Text>George Washington (Landsdowne portresi)</Text>
    </Row>
    <Row Tag="TXT_KEY_GREAT_WORK_ATTACK_ON_BEIJING">
      <Text>Boxer Isyani sirasinda Pekin Kalesi'ne yapilan bir saldiri</Text>
    </Row>
    <Row Tag="TXT_KEY_GREAT_WORK_SUMO_WRESTLER">
      <Text>Sumo Güresçisi Somagahana Fuchiemon</Text>
    </Row>
    <!-- Music -->
    <Row Tag="TXT_KEY_GREAT_WORK_NIN_ME_SCHARA">
      <Text>Nin Me Schara</Text>
    </Row>
    <Row Tag="TXT_KEY_GREAT_WORK_HYMN_TO_THE_MUSE">
      <Text>Ilham Perisine Ilahi</Text>
    </Row>
    <Row Tag="TXT_KEY_GREAT_WORK_GUANGLING_SAN">
      <Text>Guangling San</Text>
    </Row>
    <Row Tag="TXT_KEY_GREAT_WORK_LAMMA_BADA_YATATHANNA">
      <Text>Lamma Bada Yatathanna</Text>
    </Row>
    <Row Tag="TXT_KEY_GREAT_WORK_WHIRLING_DERVISH">
      <Text>Dönen Dervis</Text>
    </Row>
    <Row Tag="TXT_KEY_GREAT_WORK_UT_QUEANT_LAXIS">
      <Text>Ut Queant Laxis</Text>
    </Row>
    <Row Tag="TXT_KEY_GREAT_WORK_MESSE_DE_NOSTRE_DAME">
      <Text>Messe de Nostre Dame</Text>
    </Row>
    <Row Tag="TXT_KEY_GREAT_WORK_NYMPHES_DES_BOIS">
      <Text>Nymphes des bois</Text>
    </Row>
    <Row Tag="TXT_KEY_GREAT_WORK_PAYOJI_MAINE">
      <Text>Payoji Maine</Text>
    </Row>
    <Row Tag="TXT_KEY_GREAT_WORK_SPEM_IN_ALIUM">
      <Text>Spem In Alium</Text>
    </Row>
    <Row Tag="TXT_KEY_GREAT_WORK_MISSA_PAPAE_MARCELLI">
      <Text>Missa Papae Marcelli: Kyrie</Text>
    </Row>
    <Row Tag="TXT_KEY_GREAT_WORK_XICOCHI">
      <Text>Xicochi</Text>
    </Row>
    <Row Tag="TXT_KEY_GREAT_WORK_ROKUDAN_NO_SHIRABE">
      <Text>Rokudan No Shirabe</Text>
    </Row>
    <Row Tag="TXT_KEY_GREAT_WORK_BRANDENBERG_CONCERTOS">
      <Text>Brandenburg Konçertolari (Sol Majör Konçerto III)</Text>
    </Row>
    <Row Tag="TXT_KEY_GREAT_WORK_GLORIA_LAUS_ET_HONOR">
      <Text>Gloria, Laus et Honor</Text>
    </Row>
    <Row Tag="TXT_KEY_GREAT_WORK_SALVE_REGINA">
      <Text>Salve Regina</Text>
    </Row>
    <Row Tag="TXT_KEY_GREAT_WORK_EINE_KLEINE_NACHTMUSIC">
      <Text>Küçük Bir Gece Müzigi</Text>
    </Row>
    <Row Tag="TXT_KEY_GREAT_WORK_SAKURAGARI">
      <Text>Sakuragari</Text>
    </Row>
    <Row Tag="TXT_KEY_GREAT_WORK_FIFTH_SYMPHONY">
      <Text>Besinci Senfoni</Text>
    </Row>
    <Row Tag="TXT_KEY_GREAT_WORK_CAPRICE_NO_24">
      <Text>Kapris No. 24 La Minör</Text>
    </Row>
    <Row Tag="TXT_KEY_GREAT_WORK_TE_DEUM">
      <Text>Te Deum</Text>
    </Row>
    <Row Tag="TXT_KEY_GREAT_WORK_ETUDE_OP_10">
      <Text>Yagmur Damlasi Prelüd</Text>
    </Row>
    <Row Tag="TXT_KEY_GREAT_WORK_DIE_WALKURE">
      <Text>Die Walküre</Text>
    </Row>
    <Row Tag="TXT_KEY_GREAT_WORK_LA_FORZA_DEL_DESTINO">
      <Text>Pace, pace mio Dio</Text>
    </Row>
    <Row Tag="TXT_KEY_GREAT_WORK_CONTRADANZAS_CUBANAS">
      <Text>Contradanzas Cubanas</Text>
    </Row>
    <Row Tag="TXT_KEY_GREAT_WORK_DIE_FLEDERMAUS">
      <Text>Die Fledermaus</Text>
    </Row>
    <Row Tag="TXT_KEY_GREAT_WORK_HUNGARIAN_DANCES">
      <Text>Macar Danslari</Text>
    </Row>
    <Row Tag="TXT_KEY_GREAT_WORK_NIGHT_ON_BALD_MOUNTAIN">
      <Text>Kel Dagda Gece</Text>
    </Row>
    <Row Tag="TXT_KEY_GREAT_WORK_1812_OVERTURE">
      <Text>1812 Uvertürü</Text>
    </Row>
    <Row Tag="TXT_KEY_GREAT_WORK_FROM_THE_NEW_WORLD">
      <Text>Yeni Dünyadan (Senfon No. 9 Mi Minör)</Text>
    </Row>
    <Row Tag="TXT_KEY_GREAT_WORK_DAHA">
      <Text>Daha (Dalgalarin Cirpinisi)</Text>
    </Row>
    <Row Tag="TXT_KEY_GREAT_WORK_CATHEDRALE_ENGLOUTIE">
      <Text>La Cathedrale Engloutie ("Batik Katedral")</Text>
    </Row>
    <Row Tag="TXT_KEY_GREAT_WORK_LAU_DUANG_DUEN">
      <Text>Lao Duang Duen</Text>
    </Row>
    <Row Tag="TXT_KEY_GREAT_WORK_ANA_HAWEET">
      <Text>Ana Haweet</Text>
    </Row>
    <Row Tag="TXT_KEY_GREAT_WORK_VARIATIONS_ON_AMERICA">
      <Text>Amerika Üzerine Varyasyonlar</Text>
    </Row>
    <Row Tag="TXT_KEY_GREAT_WORK_SERMON_OF_SADNESS">
      <Text>Hüzün Vaazi</Text>
    </Row>
    <Row Tag="TXT_KEY_GREAT_WORK_I_GOT_RHYTHM">
      <Text>Ritmim Var</Text>
    </Row>
    <Row Tag="TXT_KEY_GREAT_WORK_SENSEMAYA">
      <Text>Sensemaya</Text>
    </Row>
    <Row Tag="TXT_KEY_GREAT_WORK_SINFONIA_INDIA">
      <Text>Sinfonia Hindistan</Text>
    </Row>
    <Row Tag="TXT_KEY_GREAT_WORK_LADRANG_SRI_DUHITO">
      <Text>Ladrang Sri-Duhito</Text>
    </Row>
    <Row Tag="TXT_KEY_GREAT_WORK_IN_A_LANDSCAPE">
      <Text>Bir Manzara Içinde</Text>
    </Row>
    <Row Tag="TXT_KEY_GREAT_WORK_JHAPTAL">
      <Text>Jhaptal</Text>
    </Row>
    <Row Tag="TXT_KEY_GREAT_WORK_DIDGERIDOO">
      <Text>Didgeridoo</Text>
    </Row>
    <Row Tag="TXT_KEY_GREAT_WORK_KATCINA_DANCES">
      <Text>Katcina Danslari</Text>
    </Row>
    <Row Tag="TXT_KEY_GREAT_WORK_ELECTRIC_COUNTERPOINT">
      <Text>Elektrikli Kontrpuan III Hizli</Text>
    </Row>
    <Row Tag="TXT_KEY_GREAT_WORK_AL_CAPONE">
      <Text>Al Capone</Text>
    </Row>
    <Row Tag="TXT_KEY_GREAT_WORK_MORNING_STAR">
      <Text>Sabah Yildizi Için Sarki</Text>
    </Row>
    <!-- Additional great musician works -->
    <Row Tag="TXT_KEY_GREAT_WORK_ALSO_SPRACH_ZARATHUSTRA">
      <Text>Ayrica Sprach Zarathustra</Text>
    </Row>
    <Row Tag="TXT_KEY_GREAT_WORK_SATURN">
      <Text>Satürn</Text>
    </Row>
    <Row Tag="TXT_KEY_GREAT_WORK_CARAVAN">
      <Text>Karavan</Text>
    </Row>
    <Row Tag="TXT_KEY_GREAT_WORK_SYMPHONY_NO_1">
      <Text>Senfoni No. 1</Text>
    </Row>
    <Row Tag="TXT_KEY_GREAT_WORK_MBUBE">
      <Text>Mbube</Text>
    </Row>
    <Row Tag="TXT_KEY_GREAT_WORK_SHAKER_LOOPS">
      <Text>Calkalayici Döngüler</Text>
    </Row>
    <Row Tag="TXT_KEY_GREAT_WORK_AVE_MARIS">
      <Text>Ave Maris Stella</Text>
    </Row>
    <Row Tag="TXT_KEY_GREAT_WORK_REQUIEM_KYRIE">
      <Text>Requiem: Kyrie</Text>
    </Row>
    <Row Tag="TXT_KEY_GREAT_WORK_SALVE_REGINA_A_4">
      <Text>Salve Regina</Text>
    </Row>
    <Row Tag="TXT_KEY_GREAT_WORK_BONJOUR_MON_COEUR">
      <Text>Bonjour Mon Coeur</Text>
    </Row>
    <Row Tag="TXT_KEY_GREAT_WORK_O_MAGNUM_MYSTERIUM">
      <Text>O magnum mysterium</Text>
    </Row>
    <Row Tag="TXT_KEY_GREAT_WORK_POICHE_LAVIDA">
      <Text>Poiche l'avida sete</Text>
    </Row>
    <Row Tag="TXT_KEY_GREAT_WORK_AGNUS_DEI">
      <Text>Agnus Dei</Text>
    </Row>
    <Row Tag="TXT_KEY_GREAT_WORK_WATER_MUSIC">
      <Text>Su Müzigi</Text>
    </Row>
    <Row Tag="TXT_KEY_GREAT_WORK_SYMPHONE_NO_93">
      <Text>Senfoni No. 93</Text>
    </Row>
    <Row Tag="TXT_KEY_GREAT_WORK_HUNGARIAN_RHAPSODY">
      <Text>Macar Rapsodisi No. 2</Text>
    </Row>
    <Row Tag="TXT_KEY_GREAT_WORK_DAS_VERLASSENE">
      <Text>Das Verlassene Mägdlein</Text>
    </Row>
    <Row Tag="TXT_KEY_GREAT_WORK_SYMPHONY_NO_5">
      <Text>Senfoni No. 5</Text>
    </Row>
    <Row Tag="TXT_KEY_GREAT_WORK_SYMPHONY_NO_3">
      <Text>Senfoni No. 3 "org ile"</Text>
    </Row>
    <Row Tag="TXT_KEY_GREAT_WORK_PARADE">
      <Text>Geçit Töreni</Text>
    </Row>
    <Row Tag="TXT_KEY_GREAT_WORK_LULU">
      <Text>Lulu</Text>
    </Row>
    <Row Tag="TXT_KEY_GREAT_WORK_STRING_QUARTET">
      <Text>Fa Yayli Calgilar Dörtlüsü</Text>
    </Row>
    <Row Tag="TXT_KEY_GREAT_WORK_YOUNG_PERSONS_GUIDE">
      <Text>Gençlerin Orkestra Rehberi</Text>
    </Row>
    <!-- Artifacts (Written)-->
    <Row Tag="TXT_KEY_GREAT_WORK_ROSETTA">
      <Text>Rosetta Stone</Text>
    </Row>
    <Row Tag="TXT_KEY_GREAT_WORK_MAWANGDUI">
      <Text>Mawangdui Ipek Metinleri</Text>
    </Row>
    <Row Tag="TXT_KEY_GREAT_WORK_DEAD_SEA">
      <Text>Ölü Deniz Parsömenleri</Text>
    </Row>
    <Row Tag="TXT_KEY_GREAT_WORK_GILGAMESH">
      <Text>Gilgamis Destani</Text>
    </Row>
    <Row Tag="TXT_KEY_GREAT_WORK_NAG_HAMMADI">
      <Text>Nag Hammadi</Text>
    </Row>
    <Row Tag="TXT_KEY_GREAT_WORK_LINEAR_B">
      <Text>Lineer B Parçalar</Text>
    </Row>
    <Row Tag="TXT_KEY_GREAT_WORK_PAPYRUS_ANI">
      <Text>Ani Papirüsü</Text>
    </Row>
    <Row Tag="TXT_KEY_GREAT_WORK_RUNESTONE">
      <Text>Roak Runestone</Text>
    </Row>
    <Row Tag="TXT_KEY_GREAT_WORK_HAMMURABI">
      <Text>Hammurabi Kanunlari</Text>
    </Row>
    <Row Tag="TXT_KEY_GREAT_WORK_BAKHSHALI">
      <Text>Bakshali El Yazmasi</Text>
    </Row>
    <Row Tag="TXT_KEY_GREAT_WORK_CODEX_PEREZ">
      <Text>Codex Perez</Text>
    </Row>
    <Row Tag="TXT_KEY_GREAT_WORK_JUSHICHIJO_KEMPO">
      <Text>Jushichijo Kempo</Text>
    </Row>
    <Row Tag="TXT_KEY_GREAT_WORK_KELLS">
      <Text>Kells Kitabi</Text>
    </Row>
    <Row Tag="TXT_KEY_GREAT_WORK_CODEX_BORGIA">
      <Text>Codex Borgia</Text>
    </Row>
    <Row Tag="TXT_KEY_GREAT_WORK_KEDUKAN_BUKRIT">
      <Text>Kedukan Bukit Stone</Text>
    </Row>
    <!-- Patch Great Art Additions -->
    <Row Tag="TXT_KEY_GREAT_WORK_TIGER_IN_TROPICAL_STORM">
      <Text>Tropik Firtinadaki Kaplan (Sasirtti!)</Text>
    </Row>
    <Row Tag="TXT_KEY_GREAT_WORK_THE_HOME_GUARD">
      <Text>Ev Muhafizlari</Text>
    </Row>
    <Row Tag="TXT_KEY_GREAT_WORK_CEREMONIAL_SITTING">
      <Text>Devlet Konseyi'nin 7 Mayis 1901 tarihli Tören Oturumu</Text>
    </Row>
    <Row Tag="TXT_KEY_GREAT_WORK_RUSSIAN_TSAR">
      <Text>XVI. yüzyilda Rus Cari</Text>
    </Row>
    <Row Tag="TXT_KEY_GREAT_WORK_CRUCIFIXION_OF_SAINT_PETER">
      <Text>Aziz Petrus'un Carmiha Gerilisi</Text>
    </Row>
    <Row Tag="TXT_KEY_GREAT_WORK_LANDSCAPE_WITH_ANT_BEAR">
      <Text>Karinca Ayi ile Manzara</Text>
    </Row>
    <Row Tag="TXT_KEY_GREAT_WORK_DUTCH_MEN_O_WAR">
      <Text>Hollanda savas gemileri ve diger gemiler sakin bir ortamda</Text>
    </Row>
    <Row Tag="TXT_KEY_GREAT_WORK_HARBOR_IN_BALAKLAVA">
      <Text>Balaklava'daki limanda hasta kisilerin gemiye bindirilmesi</Text>
    </Row>
    <Row Tag="TXT_KEY_GREAT_WORK_PEACEMAKERS">
      <Text>Barisyapicilar</Text>
    </Row>
    <Row Tag="TXT_KEY_GREAT_WORK_PORTRAIT_OF_CHITASEI">
      <Text>Chitasei Go Yo'nun Portresi</Text>
    </Row>
    <Row Tag="TXT_KEY_GREAT_WORK_PORTRAIT_OF_LOUIS">
      <Text>Louis François Roubiliac'in Portresi</Text>
    </Row>
    <Row Tag="TXT_KEY_GREAT_WORK_PORTRAIT_OF_NASSER">
      <Text>Nasirüddin Sah Kaçar'in Portresi</Text>
    </Row>
    <Row Tag="TXT_KEY_GREAT_WORK_FIELD_WITH_SHEAFS">
      <Text>Demetli alan</Text>
    </Row>
    <Row Tag="TXT_KEY_GREAT_WORK_AT_THE_EDGE_OF_THE_BROOK">
      <Text>Derenin Kiyisinda</Text>
    </Row>
    <Row Tag="TXT_KEY_GREAT_WORK_THE_KISS_ALT">
      <Text>Öpücük</Text>
    </Row>
    <Row Tag="TXT_KEY_GREAT_WORK_MOVING_HOUSE">
      <Text>Ev Tasima</Text>
    </Row>
    <Row Tag="TXT_KEY_GREAT_WORK_MEXICAN_EXPEDITION">
      <Text>1838'deki Meksika Seferinden bir sahne</Text>
    </Row>
    <Row Tag="TXT_KEY_GREAT_WORK_LAST_DAY_OF_POMPEII">
      <Text>Pompeii'nin Son Günü</Text>
    </Row>
    <Row Tag="TXT_KEY_GREAT_WORK_THE_ACCOLADE">
      <Text>The Accolade</Text>
    </Row>
    <Row Tag="TXT_KEY_NEWWORLD_SCENARIO_RESOURCE_BISON">
      <Text>Bizon</Text>
    </Row>
    <Row Tag="TXT_KEY_NEWWORLD_SCENARIO_CIV5_RESOURCE_BISON_TEXT">
      <Text>Bir zamanlar Büyük Ovalari devasa sürüler halinde kaplayan Kuzey Amerika bizonu, birçok yerli kabilenin hayatta kalmasi için gerekli olan et, sinir, deri ve kemik için birincil kaynakti. 1800'lerin sonlarinda Amerikalilar tarafindan neredeyse yok edilmek üzere avlanan bizon, son yillarda federal ve eyalet yaban hayati programlari sayesinde geri dönüs yapti.</Text>
    </Row>
    <Row Tag="TXT_KEY_NEWWORLD_SCENARIO_RESOURCE_COCOA">
      <Text>Kakao</Text>
    </Row>
    <Row Tag="TXT_KEY_NEWWORLD_SCENARIO_CIV5_RESOURCE_COCOA_TEXT">
      <Text>Güney Amerika'ya özgü kakao agacinin ürünü olan kakao çekirdekleri Kolomb öncesi Mezoamerika'da önemli bir üründü ve kabile kültürlerinde önemli bir yer tutuyordu. Ispanyollar tarafindan Avrupa'ya tanitilan kakao, 1700'lerin ortalarinda içecek, yemek malzemesi ve hatta ilaç olarak son derece popülerdi.</Text>
    </Row>
  </Language_en_US>
</GameData>