﻿<?xml version="1.0" encoding="utf-8"?>
<!-- edited with XMLSPY v2004 rel. 2 U (http://www.xmlspy.com) by Ed Beach (Firaxis Games) -->
<GameData>
  <Language_en_US>
    <Row Tag="TXT_KEY_TP_HAPPINESS_LEAGUES">
      <Text>{1_Happiness} Dünya Kongresi'nden.</Text>
    </Row>
    <Row Tag="TXT_KEY_TP_UNHAPPINESS_PUBLIC_OPINION">
      <Text>{1_Num} Kamuoyundan (yeni bir Ideoloji arzusu).</Text>
    </Row>
    <Row Tag="TXT_KEY_TP_GOLD_FROM_ITR">
      <Text>{1_Num}'den [ICON_TURNS_REMAINING] Sehirleriniz ve diger medeniyetlerin sehirleri arasindaki Ticaret Yollari.</Text>
    </Row>
    <Row Tag="TXT_KEY_TP_GOLD_FROM_TRAITS">
      <Text>{1_Num} from Traits.</Text>
    </Row>
    <Row Tag="TXT_KEY_TP_SCIENCE_FROM_ITR">
      <Text>[ICON_BULLET][COLOR_POSITIVE_TEXT]+{1_Num}[ENDCOLOR] [ICON_RESEARCH] dan [ICON_TURNS_REMAINING] Sehirleriniz ve diger medeniyetlerin sehirleri arasindaki Ticaret Yollari.</Text>
    </Row>
    <Row Tag="TXT_KEY_TP_CULTURE_FROM_BONUS_TURNS">
      <Text>[ICON_BULLET][COLOR_POSITIVE_TEXT]+{1_Num}[ENDCOLOR] yakin tarihli bir Dünya Kongresi projesinden (Sola döner: {2_TurnsLeft}).</Text>
    </Row>
    <Row Tag="TXT_KEY_TP_CULTURE_CITY_COST">
      <Text>Sahip oldugunuz her sehir Sosyal Politika maliyetlerini {1_Num}% oraninda artiracaktir! Kültürel olarak oynamak istiyorsaniz, çok fazla genislemeyin!</Text>
    </Row>
    <Row Tag="TXT_KEY_TP_TECH_CITY_COST">
      <Text>Sahip oldugunuz her Sehir veya [ICON_PUPPET] Kukla Sehir, Teknoloji maliyetlerini {1_Num}%. kadar artiracaktir.</Text>
    </Row>
    <Row Tag="TXT_KEY_TP_CARNIVAL_EFFECT">
      <Text>Essiz Karnaval bonusunuz sayesinde Turizm çiktisi su anda tüm medeniyetlerde +%100 ve Büyük Yazarlar, Sanatçilar ve Müzisyenleri %50 daha hizli kazaniyorsunuz.</Text>
    </Row>
    <Row Tag="TXT_KEY_TP_GOLD_FROM_CITY_CONNECTIONS">
      <Text>{1_Num} Sehirleriniz ve [ICON_CAPITAL] Baskentiniz arasindaki [ICON_CONNECTED] Sehir Baglantilarindan.</Text>
    </Row>
    <Row Tag="TXT_KEY_TP_EMPIRE_SUPER_UNHAPPY">
      <Text>Cünkü [ICON_HAPPINESS_4] Mutsuzluk 20'ye ulasti, Imparatorluk isyan halinde! Siz bu durumu düzeltene kadar her birkaç turda bir bölgenizde isyancilar ortaya çikacak!</Text>
    </Row>
    <Row Tag="TXT_KEY_TP_EMPIRE_VERY_UNHAPPY">
      <Text>Cünkü [ICON_HAPPINESS_4] Mutsuzluk 10'a ulasti, Imparatorluk [ICON_HAPPINESS_4] COK mutsuz! Sehirler büyümeyi durdurur, Yerlesimciler egitilemez, [ICON_PRODUCTION] Üretim büyük ölçüde azalir ve Birimler savasta daha az etkili olur!</Text>
    </Row>
    <Row Tag="TXT_KEY_TP_EMPIRE_UNHAPPY">
      <Text>Imparatorluk [ICON_HAPPINESS_3] mutsuzken sehirler sadece 1\4 normal hizda büyüyecek!</Text>
    </Row>
    <Row Tag="TXT_KEY_TP_ANARCHY">
      <Text>[COLOR_NEGATIVE_TEXT]Imparatorluk, {1_Turns} tur(lar) daha Ideoloji degisikligi nedeniyle Anarsi'de. Anarsi sirasinda imparatorluk herhangi bir [ICON_RESEARCH] Bilim, [ICON_GOLD] Altin, [ICON_CULTURE] Kültür veya [ICON_PEACE] Inanç kazanmaz ve sehirlerin herhangi bir sey insa etmek için [ICON_PRODUCTION] Üretimi yoktur [ENDCOLOR].</Text>
    </Row>
    <Row Tag="TXT_KEY_GREAT_WORK_SLOT_ART_ARTIFACT_EMPTY_TOOLTIP">
      <Text>Bos Büyük Sanat Eseri veya Obje Yuvasi</Text>
    </Row>
    <Row Tag="TXT_KEY_GREAT_WORK_SLOT_LITERATURE_EMPTY_TOOLTIP">
      <Text>Bos Büyük Eser Yazma Yuvasi</Text>
    </Row>
    <Row Tag="TXT_KEY_GREAT_WORK_SLOT_MUSIC_EMPTY_TOOLTIP">
      <Text>Bos Büyük Müzik Eseri Yuvasi</Text>
    </Row>
    <Row Tag="TXT_KEY_EUPANEL_CITY_SAPPED">
      <Text>Siege Tower tarafindan desteklenmektedir</Text>
    </Row>
    <Row Tag="TXT_KEY_EUPANEL_EMPIRE_VERY_UNHAPPY_PENALTY">
      <Text>Imparatorluk [ICON_HAPPINESS_4] Cok Mutsuz</Text>
    </Row>
    <Row Tag="TXT_KEY_EUPANEL_EMPIRE_UNHAPPY_PENALTY">
      <Text>[ICON_HAPPINESS_4] Cok Mutsuz</Text>
    </Row>
    <Row Tag="TXT_KEY_UNIQUE_GOLDEN_AGE_ANNOUNCE">
      <Text>Karnaval!</Text>
    </Row>
    <Row Tag="TXT_KEY_BUILD_BLOCKED_NOT_IN_CITY_STATE_TERRITORY">
      <Text>{TXT_KEY_GRAMMAR_UPPER_A_AN &lt;&lt; {@1_ImprovementName}} sadece bir Sehir Devletinin topraklarinda insa edilebilir.</Text>
    </Row>
    <Row Tag="TXT_KEY_BUILD_BLOCKED_NO_ADJACENT_LUXURY">
      <Text>{TXT_KEY_GRAMMAR_UPPER_A_AN &lt;&lt; {@1_ImprovementName}} Lüks kaynagi olan bir kareye bitisik olarak insa edilmelidir.</Text>
    </Row>
    <Row Tag="TXT_KEY_BUILD_BLOCKED_CANNOT_BE_ADJACENT">
      <Text>{TXT_KEY_GRAMMAR_UPPER_A_AN &lt;&lt; {@1_ImprovementName}} baska bir {@1_ImprovementName}'in (tamamlanmis veya kismen insa edilmis) yaninda insa edilemez.</Text>
    </Row>
    <Row Tag="TXT_KEY_PLOTROLL_TRADE_ROUTE">
      <Text>Ticaret Rotasi</Text>
    </Row>
    <Row Tag="TXT_KEY_SV_OVERLAY_TRADE_ROUTES">
      <Text>Ticaret Yollari</Text>
    </Row>
    <Row Tag="TXT_KEY_TP_GOLD_FROM_TR">
      <Text>{1_Num} Sehirleriniz ve [ICON_CAPITAL] Baskentiniz arasindaki [ICON_CONNECTED] Ticaret Yollarindan.</Text>
    </Row>
    <Row Tag="TXT_KEY_CITY_CONNECTED">
      <Text>Sehrin [ICON_CONNECTED] Baskent ile [ICON_CAPITAL] Ticaret Yolu var!</Text>
    </Row>
    <Row Tag="TXT_KEY_UPANEL_TOURISM_STRENGTH_TT">
      <Text>Bu, bir konser turu gerçeklestirirken birimin gücünü gösterir. Güç, Müzisyen dogdugunda uygarligin [ICON_TOURISM] Turizm çiktisina dayanir.</Text>
    </Row>
    <Row Tag="TXT_KEY_UPANEL_CARGO_CAPACITY">
      <Text>Kargo Kapasitesi</Text>
    </Row>
    <Row Tag="TXT_KEY_UPANEL_CARGO_CAPACITY_TT">
      <Text>{1_UnitName} tarafindan tasinabilecek birim sayisi.</Text>
    </Row>
    <Row Tag="TXT_KEY_EUPANEL_AIR_INTERCEPT_WARNING1">
      <Text>[COLOR_YELLOW]Avci tarafindan durdurma veya [ENDCOLOR]</Text>
    </Row>
    <Row Tag="TXT_KEY_EUPANEL_AIR_INTERCEPT_WARNING2">
      <Text>[COLOR_YELLOW]anti-hava hasari artiracaktir [ENDCOLOR]</Text>
    </Row>
    <Row Tag="TXT_KEY_EUPANEL_VISIBLE_AA_UNITS">
      <Text>[COLOR_WARNING_TEXT]Bilinen Düsman Anti-Hava Birimleri: {1_Number}[ENDCOLOR]</Text>
    </Row>
  </Language_en_US>
</GameData>