﻿<?xml version="1.0" encoding="utf-8"?>
<!-- edited with XMLSPY v2004 rel. 2 U (http://www.xmlspy.com) by Ed Beach (Firaxis Games) -->
<GameData>
  <Language_en_US>
    <!--VENICE-->
    <Row Tag="TXT_KEY_CITY_NAME_VENICE">
      <Text>Venedik</Text>
    </Row>
    <Row Tag="TXT_KEY_CITY_NAME_RABAT">
      <Text>Rabat</Text>
    </Row>
    <Row Tag="TXT_KEY_CITY_NAME_FES">
      <Text>Fes</Text>
    </Row>
    <Row Tag="TXT_KEY_CITY_NAME_CASABLANCA">
      <Text>Kazablanka</Text>
    </Row>
    <Row Tag="TXT_KEY_CITY_NAME_TANGIER">
      <Text>Tanca</Text>
    </Row>
    <Row Tag="TXT_KEY_CITY_NAME_SALE">
      <Text>Satis</Text>
    </Row>
    <Row Tag="TXT_KEY_CITY_NAME_OUARZAZATE">
      <Text>Ouarzazate</Text>
    </Row>
    <Row Tag="TXT_KEY_CITY_NAME_MEKNES">
      <Text>Meknes</Text>
    </Row>
    <Row Tag="TXT_KEY_CITY_NAME_AGADIR">
      <Text>Agadir</Text>
    </Row>
    <Row Tag="TXT_KEY_CITY_NAME_OUJDA">
      <Text>Oujda</Text>
    </Row>
    <Row Tag="TXT_KEY_CITY_NAME_KENITRA">
      <Text>Kenitra</Text>
    </Row>
    <Row Tag="TXT_KEY_CITY_NAME_TETOUAN">
      <Text>Tetouan</Text>
    </Row>
    <Row Tag="TXT_KEY_CITY_NAME_ESSAOUIRA">
      <Text>Essaouira</Text>
    </Row>
    <Row Tag="TXT_KEY_CITY_NAME_SAFI">
      <Text>Safi</Text>
    </Row>
    <Row Tag="TXT_KEY_CITY_NAME_TAROUDANNT">
      <Text>Taroudannt</Text>
    </Row>
    <Row Tag="TXT_KEY_CITY_NAME_MOHAMMEDIA">
      <Text>Mohammedia</Text>
    </Row>
    <Row Tag="TXT_KEY_CITY_NAME_EL_AAIUN">
      <Text>El Aaiun</Text>
    </Row>
    <Row Tag="TXT_KEY_CITY_NAME_BENI_MELLAL">
      <Text>Beni Mellal</Text>
    </Row>
    <Row Tag="TXT_KEY_CITY_NAME_EL_JADIA">
      <Text>El Jadia</Text>
    </Row>
    <Row Tag="TXT_KEY_CITY_NAME_KSAR_EL_KEBIR">
      <Text>Ksar El Kebir</Text>
    </Row>
    <Row Tag="TXT_KEY_CITY_NAME_TAZA">
      <Text>Taza</Text>
    </Row>
    <Row Tag="TXT_KEY_CITY_NAME_FQUIH_BEN_SALAH">
      <Text>Fquih Ben Salah</Text>
    </Row>
    <Row Tag="TXT_KEY_CITY_NAME_KHOURIBGA">
      <Text>Khouribga</Text>
    </Row>
    <Row Tag="TXT_KEY_CITY_NAME_NADOR">
      <Text>Nador</Text>
    </Row>
    <Row Tag="TXT_KEY_CITY_NAME_SETTAT">
      <Text>Settat</Text>
    </Row>
    <Row Tag="TXT_KEY_CITY_NAME_BERRECHID">
      <Text>Berrechid</Text>
    </Row>
    <Row Tag="TXT_KEY_CITY_NAME_LARACHE">
      <Text>Larache</Text>
    </Row>
    <Row Tag="TXT_KEY_CITY_NAME_KHEMISSET">
      <Text>Khemisset</Text>
    </Row>
    <Row Tag="TXT_KEY_CITY_NAME_GUELMIM">
      <Text>Guelmim</Text>
    </Row>
    <Row Tag="TXT_KEY_CITY_NAME_DAKHLA">
      <Text>Dakhla</Text>
    </Row>
    <Row Tag="TXT_KEY_CITY_NAME_CHEFCHAOUEN">
      <Text>Chefchaouen</Text>
    </Row>
    <Row Tag="TXT_KEY_CITY_NAME_BEN_GUERIR">
      <Text>Ben Guerir</Text>
    </Row>
    <Row Tag="TXT_KEY_CITY_NAME_EL_KELAA_DES_SRAGHNA">
      <Text>El Kelaa Des Sraghna</Text>
    </Row>
    <Row Tag="TXT_KEY_CITY_NAME_ERFOUD">
      <Text>Erfoud</Text>
    </Row>
    <Row Tag="TXT_KEY_CITY_NAME_JAKARTA">
      <Text>Cakarta</Text>
    </Row>
    <Row Tag="TXT_KEY_CITY_NAME_SURABAYA">
      <Text>Surabaya</Text>
    </Row>
    <Row Tag="TXT_KEY_CITY_NAME_MEDAN">
      <Text>Medan</Text>
    </Row>
    <Row Tag="TXT_KEY_CITY_NAME_MAKASSAR">
      <Text>Makassar</Text>
    </Row>
    <Row Tag="TXT_KEY_CITY_NAME_BATAM">
      <Text>Batam</Text>
    </Row>
    <Row Tag="TXT_KEY_CITY_NAME_DENPASAR">
      <Text>Denpasar</Text>
    </Row>
    <Row Tag="TXT_KEY_CITY_NAME_MATARAM">
      <Text>Mataram</Text>
    </Row>
    <Row Tag="TXT_KEY_CITY_NAME_AMBON">
      <Text>Ambon</Text>
    </Row>
    <Row Tag="TXT_KEY_CITY_NAME_BANDUNG">
      <Text>Bandung</Text>
    </Row>
    <Row Tag="TXT_KEY_CITY_NAME_KUPANG">
      <Text>Kupang</Text>
    </Row>
    <Row Tag="TXT_KEY_CITY_NAME_DEPOK">
      <Text>Depok</Text>
    </Row>
    <Row Tag="TXT_KEY_CITY_NAME_PALEMBANG">
      <Text>Palembang</Text>
    </Row>
    <Row Tag="TXT_KEY_CITY_NAME_TROWULAN">
      <Text>Trowulan</Text>
    </Row>
    <Row Tag="TXT_KEY_CITY_NAME_SEMARANG">
      <Text>Semarang</Text>
    </Row>
    <Row Tag="TXT_KEY_CITY_NAME_JAYAPURA">
      <Text>Jayapura</Text>
    </Row>
    <Row Tag="TXT_KEY_CITY_NAME_TANGERANG">
      <Text>Tangerang</Text>
    </Row>
    <Row Tag="TXT_KEY_CITY_NAME_BOGOR">
      <Text>Bogor</Text>
    </Row>
    <Row Tag="TXT_KEY_CITY_NAME_PEKANBARU">
      <Text>Pekanbaru</Text>
    </Row>
    <Row Tag="TXT_KEY_CITY_NAME_BANDAR_LAMPUNG">
      <Text>Bandar Lampung</Text>
    </Row>
    <Row Tag="TXT_KEY_CITY_NAME_MALANG">
      <Text>Malang</Text>
    </Row>
    <Row Tag="TXT_KEY_CITY_NAME_PADANG">
      <Text>Padang</Text>
    </Row>
    <Row Tag="TXT_KEY_CITY_NAME_SAMARINDA">
      <Text>Samarinda</Text>
    </Row>
    <Row Tag="TXT_KEY_CITY_NAME_TERNATE">
      <Text>Ternate</Text>
    </Row>
    <Row Tag="TXT_KEY_CITY_NAME_BANJARMASIN">
      <Text>Banjarmasin</Text>
    </Row>
    <Row Tag="TXT_KEY_CITY_NAME_PONTIANAK">
      <Text>Pontianak</Text>
    </Row>
    <Row Tag="TXT_KEY_CITY_NAME_CIMAHI">
      <Text>Cimahi</Text>
    </Row>
    <Row Tag="TXT_KEY_CITY_NAME_BALIKPAPAN">
      <Text>Balikpapan</Text>
    </Row>
    <Row Tag="TXT_KEY_CITY_NAME_JAMBI">
      <Text>Jambi</Text>
    </Row>
    <Row Tag="TXT_KEY_CITY_NAME_KOMODO">
      <Text>Komodo</Text>
    </Row>
    <Row Tag="TXT_KEY_CITY_NAME_RIO_DE_JANEIRO">
      <Text>Rio de Janeiro</Text>
    </Row>
    <Row Tag="TXT_KEY_CITY_NAME_SAO_PAULO">
      <Text>Sao Paulo</Text>
    </Row>
    <Row Tag="TXT_KEY_CITY_NAME_SALVADOR">
      <Text>Salvador</Text>
    </Row>
    <Row Tag="TXT_KEY_CITY_NAME_BRASILIA">
      <Text>Brasilia</Text>
    </Row>
    <Row Tag="TXT_KEY_CITY_NAME_FORTALEZA">
      <Text>Fortaleza</Text>
    </Row>
    <Row Tag="TXT_KEY_CITY_NAME_BELO_HORIZONTE">
      <Text>Belo Horizonte</Text>
    </Row>
    <Row Tag="TXT_KEY_CITY_NAME_MANAUS">
      <Text>Manaus</Text>
    </Row>
    <Row Tag="TXT_KEY_CITY_NAME_CURITIBA">
      <Text>Curitiba</Text>
    </Row>
    <Row Tag="TXT_KEY_CITY_NAME_RECIFE">
      <Text>Recife</Text>
    </Row>
    <Row Tag="TXT_KEY_CITY_NAME_PORTO_ALEGRE">
      <Text>Porto Alegre</Text>
    </Row>
    <Row Tag="TXT_KEY_CITY_NAME_BELEM">
      <Text>Belem</Text>
    </Row>
    <Row Tag="TXT_KEY_CITY_NAME_GOIANIA">
      <Text>Goiania</Text>
    </Row>
    <Row Tag="TXT_KEY_CITY_NAME_GUARULHOS">
      <Text>Guarulhos</Text>
    </Row>
    <Row Tag="TXT_KEY_CITY_NAME_CAMPINAS">
      <Text>Campinas</Text>
    </Row>
    <Row Tag="TXT_KEY_CITY_NAME_SAO_LUIS">
      <Text>Sao Luis</Text>
    </Row>
    <Row Tag="TXT_KEY_CITY_NAME_MACEIO">
      <Text>Maceio</Text>
    </Row>
    <Row Tag="TXT_KEY_CITY_NAME_DUQUE_DE_CAXIAS">
      <Text>Duque de Caxias</Text>
    </Row>
    <Row Tag="TXT_KEY_CITY_NAME_NATAL">
      <Text>Natal</Text>
    </Row>
    <Row Tag="TXT_KEY_CITY_NAME_CAMPO_GRANDE">
      <Text>Campo Grande</Text>
    </Row>
    <Row Tag="TXT_KEY_CITY_NAME_TERESINA">
      <Text>Teresina</Text>
    </Row>
    <Row Tag="TXT_KEY_CITY_NAME_FLORIANOPOLIS">
      <Text>Florianopolis</Text>
    </Row>
    <Row Tag="TXT_KEY_CITY_NAME_NOVA_IGUACU">
      <Text>Nova Iguacu</Text>
    </Row>
    <Row Tag="TXT_KEY_CITY_NAME_SAO_BERNARDO_DO_CAMPO">
      <Text>Sao Bernardo do Campo</Text>
    </Row>
    <Row Tag="TXT_KEY_CITY_NAME_JOAO_PESSOA">
      <Text>Joao Pessoa</Text>
    </Row>
    <Row Tag="TXT_KEY_CITY_NAME_OSASCO">
      <Text>Osasco</Text>
    </Row>
    <Row Tag="TXT_KEY_CITY_NAME_JABOATAO_DOS_GUARARAPES">
      <Text>Jaboatao dos Guararapes</Text>
    </Row>
    <Row Tag="TXT_KEY_CITY_NAME_SAO_JOSE_DOS_CAMPOS">
      <Text>Sao Jose dos Campos</Text>
    </Row>
    <Row Tag="TXT_KEY_CITY_NAME_CONTAGEM">
      <Text>Contagem</Text>
    </Row>
    <Row Tag="TXT_KEY_CITY_NAME_UBERLANDIA">
      <Text>Uberlandia</Text>
    </Row>
    <Row Tag="TXT_KEY_CITY_NAME_ARACAJU">
      <Text>Aracaju</Text>
    </Row>
    <Row Tag="TXT_KEY_CITY_NAME_CUIABA">
      <Text>Cuiaba</Text>
    </Row>
    <Row Tag="TXT_KEY_CITY_NAME_FEIRA_DE_SANTANA">
      <Text>Feira de Santana</Text>
    </Row>
    <Row Tag="TXT_KEY_CITY_NAME_JUIZ_DE_FORA">
      <Text>Juiz de Fora</Text>
    </Row>
    <Row Tag="TXT_KEY_CITY_NAME_JOINVILLE">
      <Text>Joinville</Text>
    </Row>
    <Row Tag="TXT_KEY_CITY_NAME_MACAPA">
      <Text>Macapa</Text>
    </Row>
    <Row Tag="TXT_KEY_CITY_NAME_LISBON">
      <Text>Lizbon</Text>
    </Row>
    <Row Tag="TXT_KEY_CITY_NAME_PORTO">
      <Text>Porto</Text>
    </Row>
    <Row Tag="TXT_KEY_CITY_NAME_BRAGA">
      <Text>Braga</Text>
    </Row>
    <Row Tag="TXT_KEY_CITY_NAME_COIMBRA">
      <Text>Coimbra</Text>
    </Row>
    <Row Tag="TXT_KEY_CITY_NAME_FUNCHAL">
      <Text>Funchal</Text>
    </Row>
    <Row Tag="TXT_KEY_CITY_NAME_LEIRIA">
      <Text>Leiria</Text>
    </Row>
    <Row Tag="TXT_KEY_CITY_NAME_GOA">
      <Text>Goa</Text>
    </Row>
    <Row Tag="TXT_KEY_CITY_NAME_VILA_NOVA_DE_GAIA">
      <Text>Vila Nova de Gaia</Text>
    </Row>
    <Row Tag="TXT_KEY_CITY_NAME_AVEIRO">
      <Text>Aveiro</Text>
    </Row>
    <Row Tag="TXT_KEY_CITY_NAME_LUANDA">
      <Text>Luanda</Text>
    </Row>
    <Row Tag="TXT_KEY_CITY_NAME_EVORA">
      <Text>Evora</Text>
    </Row>
    <Row Tag="TXT_KEY_CITY_NAME_FARO">
      <Text>Faro</Text>
    </Row>
    <Row Tag="TXT_KEY_CITY_NAME_CASTELO_BRANCO">
      <Text>Castelo Branco</Text>
    </Row>
    <Row Tag="TXT_KEY_CITY_NAME_BISSAU">
      <Text>Bissau</Text>
    </Row>
    <Row Tag="TXT_KEY_CITY_NAME_GUARDA">
      <Text>Guarda</Text>
    </Row>
    <Row Tag="TXT_KEY_CITY_NAME_VISEU">
      <Text>Viseu</Text>
    </Row>
    <Row Tag="TXT_KEY_CITY_NAME_PRAIA">
      <Text>Praia</Text>
    </Row>
    <Row Tag="TXT_KEY_CITY_NAME_BRAGANZA">
      <Text>Braganza</Text>
    </Row>
    <Row Tag="TXT_KEY_CITY_NAME_BEJA">
      <Text>Beja</Text>
    </Row>
    <Row Tag="TXT_KEY_CITY_NAME_TOMAR">
      <Text>Tomar</Text>
    </Row>
    <Row Tag="TXT_KEY_CITY_NAME_MAPUTO">
      <Text>Maputo</Text>
    </Row>
    <Row Tag="TXT_KEY_CITY_NAME_TAVIRA">
      <Text>Tavira</Text>
    </Row>
    <Row Tag="TXT_KEY_CITY_NAME_FIGUEIRA_DA_FOZ">
      <Text>Figueira da Foz</Text>
    </Row>
    <Row Tag="TXT_KEY_CITY_NAME_VIANA_DO_CASTELO">
      <Text>Viana do Castelo</Text>
    </Row>
    <Row Tag="TXT_KEY_CITY_NAME_SAO_TOME_AND_PRINCIPE">
      <Text>Sao Tome ve Principe</Text>
    </Row>
    <Row Tag="TXT_KEY_CITY_NAME_SILVES">
      <Text>Silves</Text>
    </Row>
    <Row Tag="TXT_KEY_CITY_NAME_SINTRA">
      <Text>Sintra</Text>
    </Row>
    <Row Tag="TXT_KEY_CITY_NAME_DILI">
      <Text>Dili</Text>
    </Row>
    <Row Tag="TXT_KEY_CITY_NAME_LAMEGO">
      <Text>Lamego</Text>
    </Row>
    <Row Tag="TXT_KEY_CITY_NAME_PONTA_DELGADA">
      <Text>Ponta Delgada</Text>
    </Row>
    <Row Tag="TXT_KEY_CITY_NAME_WARSAW">
      <Text>Varsova</Text>
    </Row>
    <Row Tag="TXT_KEY_CITY_NAME_KRAKOW">
      <Text>Krakow</Text>
    </Row>
    <Row Tag="TXT_KEY_CITY_NAME_LODZ">
      <Text>Lodz</Text>
    </Row>
    <Row Tag="TXT_KEY_CITY_NAME_WROCLAW">
      <Text>Wroclaw</Text>
    </Row>
    <Row Tag="TXT_KEY_CITY_NAME_POZNAN">
      <Text>Poznan</Text>
    </Row>
    <Row Tag="TXT_KEY_CITY_NAME_GDANSK">
      <Text>Gdansk</Text>
    </Row>
    <Row Tag="TXT_KEY_CITY_NAME_SZCZECIN">
      <Text>Szczecin</Text>
    </Row>
    <Row Tag="TXT_KEY_CITY_NAME_BYDGOSZCZ">
      <Text>Bydgoszcz</Text>
    </Row>
    <Row Tag="TXT_KEY_CITY_NAME_LUBLIN">
      <Text>Lublin</Text>
    </Row>
    <Row Tag="TXT_KEY_CITY_NAME_KAUNAS">
      <Text>Kaunas</Text>
    </Row>
    <Row Tag="TXT_KEY_CITY_NAME_KATOWICE">
      <Text>Katowice</Text>
    </Row>
    <Row Tag="TXT_KEY_CITY_NAME_BIALYSTOK">
      <Text>Bialystok</Text>
    </Row>
    <Row Tag="TXT_KEY_CITY_NAME_GDYNIA">
      <Text>Gdynia</Text>
    </Row>
    <Row Tag="TXT_KEY_CITY_NAME_SWEIDNITZ">
      <Text>Sweidnitz</Text>
    </Row>
    <Row Tag="TXT_KEY_CITY_NAME_CZESTOCHOWA">
      <Text>Czestochowa</Text>
    </Row>
    <Row Tag="TXT_KEY_CITY_NAME_RADOM">
      <Text>Radom</Text>
    </Row>
    <Row Tag="TXT_KEY_CITY_NAME_TORUN">
      <Text>Torun</Text>
    </Row>
    <Row Tag="TXT_KEY_CITY_NAME_KIELC">
      <Text>Kielc</Text>
    </Row>
    <Row Tag="TXT_KEY_CITY_NAME_GLIWICE">
      <Text>Gliwice</Text>
    </Row>
    <Row Tag="TXT_KEY_CITY_NAME_KLAIPEDA">
      <Text>Klaipeda</Text>
    </Row>
    <Row Tag="TXT_KEY_CITY_NAME_BYTOM">
      <Text>Bytom</Text>
    </Row>
    <Row Tag="TXT_KEY_CITY_NAME_OLSZTYN">
      <Text>Olsztyn</Text>
    </Row>
    <Row Tag="TXT_KEY_CITY_NAME_RZESZOW">
      <Text>Rzeszow</Text>
    </Row>
    <Row Tag="TXT_KEY_CITY_NAME_BIELSKO_BIALA">
      <Text>Bielsko-Biala</Text>
    </Row>
    <Row Tag="TXT_KEY_CITY_NAME_RUDA_SLASKA">
      <Text>Ruda Slaska</Text>
    </Row>
    <Row Tag="TXT_KEY_CITY_NAME_RYBNIK">
      <Text>Rybnik</Text>
    </Row>
    <Row Tag="TXT_KEY_CITY_NAME_PLOCK">
      <Text>Plock</Text>
    </Row>
    <Row Tag="TXT_KEY_CITY_NAME_ELBLAG">
      <Text>Elblag</Text>
    </Row>
    <Row Tag="TXT_KEY_CITY_NAME_GORZOW_WIELKOPOLSKI">
      <Text>Gorzow Wielkopolski</Text>
    </Row>
    <Row Tag="TXT_KEY_CITY_NAME_OPOLE">
      <Text>Opole</Text>
    </Row>
    <Row Tag="TXT_KEY_CITY_NAME_SIAULIAI">
      <Text>Siauliai</Text>
    </Row>
    <Row Tag="TXT_KEY_CITY_NAME_WALBRZYCH">
      <Text>Walbrzych</Text>
    </Row>
    <Row Tag="TXT_KEY_CITY_NAME_ZIELONA_GORA">
      <Text>Zielona Gora</Text>
    </Row>
    <Row Tag="TXT_KEY_CITY_NAME_WLOCLAWEK">
      <Text>Wloclawek</Text>
    </Row>
    <Row Tag="TXT_KEY_CITY_NAME_ULUNDI">
      <Text>Ulundi</Text>
    </Row>
    <Row Tag="TXT_KEY_CITY_NAME_UMGUNGUNDLOVU">
      <Text>Umgungundlovu</Text>
    </Row>
    <Row Tag="TXT_KEY_CITY_NAME_NOBAMBA">
      <Text>Nobamba</Text>
    </Row>
    <Row Tag="TXT_KEY_CITY_NAME_BULAWAYO">
      <Text>Bulawayo</Text>
    </Row>
    <Row Tag="TXT_KEY_CITY_NAME_KWADUKUZA">
      <Text>Kwadukuza</Text>
    </Row>
    <Row Tag="TXT_KEY_CITY_NAME_NONGOMA">
      <Text>Nongoma</Text>
    </Row>
    <Row Tag="TXT_KEY_CITY_NAME_ONDINI">
      <Text>Ondini</Text>
    </Row>
    <Row Tag="TXT_KEY_CITY_NAME_NODWENGU">
      <Text>Nodwengu</Text>
    </Row>
    <Row Tag="TXT_KEY_CITY_NAME_NDONDAKUSUKA">
      <Text>Ndondakusuka</Text>
    </Row>
    <Row Tag="TXT_KEY_CITY_NAME_BABANANGO">
      <Text>Babanango</Text>
    </Row>
    <Row Tag="TXT_KEY_CITY_NAME_KHANGELA">
      <Text>Khangela</Text>
    </Row>
    <Row Tag="TXT_KEY_CITY_NAME_KWAHLOMENDLINI">
      <Text>Kwahlomendlini</Text>
    </Row>
    <Row Tag="TXT_KEY_CITY_NAME_HLOBANE">
      <Text>Hlobane</Text>
    </Row>
    <Row Tag="TXT_KEY_CITY_NAME_ETHEKWINI">
      <Text>Ethekwini</Text>
    </Row>
    <Row Tag="TXT_KEY_CITY_NAME_MLAMBONGWENYA">
      <Text>Mlambongwenya</Text>
    </Row>
    <Row Tag="TXT_KEY_CITY_NAME_EZIQWAQWENI">
      <Text>Eziqwaqweni</Text>
    </Row>
    <Row Tag="TXT_KEY_CITY_NAME_EMANGWENI">
      <Text>Emangweni</Text>
    </Row>
    <Row Tag="TXT_KEY_CITY_NAME_ISIPHEZI">
      <Text>Isiphezi</Text>
    </Row>
    <Row Tag="TXT_KEY_CITY_NAME_MASOTSHENI">
      <Text>Masotsheni</Text>
    </Row>
    <Row Tag="TXT_KEY_CITY_NAME_MTUNZINI">
      <Text>Mtunzini</Text>
    </Row>
    <Row Tag="TXT_KEY_CITY_NAME_NYAKAMUBI">
      <Text>Nyakamubi</Text>
    </Row>
    <Row Tag="TXT_KEY_CITY_NAME_DUMAZULU">
      <Text>Dumazulu</Text>
    </Row>
    <Row Tag="TXT_KEY_CITY_NAME_HLATIKULU">
      <Text>Hlatikulu</Text>
    </Row>
    <Row Tag="TXT_KEY_CITY_NAME_MTHONJANENI">
      <Text>Mthonjaneni</Text>
    </Row>
    <Row Tag="TXT_KEY_CITY_NAME_EMPANGENI">
      <Text>Empangeni</Text>
    </Row>
    <Row Tag="TXT_KEY_CITY_NAME_PONGOLA">
      <Text>Pongola</Text>
    </Row>
    <Row Tag="TXT_KEY_CITY_NAME_TUNGELA">
      <Text>Tungela</Text>
    </Row>
    <Row Tag="TXT_KEY_CITY_NAME_KWAMASHU">
      <Text>Kwamashu</Text>
    </Row>
    <Row Tag="TXT_KEY_CITY_NAME_INGWAVUMA">
      <Text>Ingwavuma</Text>
    </Row>
    <Row Tag="TXT_KEY_CITY_NAME_HLUHLUWE">
      <Text>Hluhluwe</Text>
    </Row>
    <Row Tag="TXT_KEY_CITY_NAME_MTUBATUBA">
      <Text>Mtubatuba</Text>
    </Row>
    <Row Tag="TXT_KEY_CITY_NAME_MHLAHLANDLELA">
      <Text>Mhlahlandlela</Text>
    </Row>
    <Row Tag="TXT_KEY_CITY_NAME_MTHATHA">
      <Text>Mthatha</Text>
    </Row>
    <Row Tag="TXT_KEY_CITY_NAME_MASERU">
      <Text>Maseru</Text>
    </Row>
    <Row Tag="TXT_KEY_CITY_NAME_LOBAMBA">
      <Text>Lobamba</Text>
    </Row>
    <Row Tag="TXT_KEY_CITY_NAME_QUNU">
      <Text>Qunu</Text>
    </Row>
    <Row Tag="TXT_KEY_CITY_NAME_ASSUR">
      <Text>Assur</Text>
    </Row>
    <Row Tag="TXT_KEY_CITY_NAME_NINEVEH">
      <Text>Ninova</Text>
    </Row>
    <Row Tag="TXT_KEY_CITY_NAME_NIMRUD">
      <Text>Nimrud</Text>
    </Row>
    <Row Tag="TXT_KEY_CITY_NAME_KAR_TUKULTI_NINURTA">
      <Text>Kar-Tukulti-Ninurta</Text>
    </Row>
    <Row Tag="TXT_KEY_CITY_NAME_DUR_SHARRUKIN">
      <Text>Dur-Sharrukin</Text>
    </Row>
    <Row Tag="TXT_KEY_CITY_NAME_HALAB">
      <Text>Halab</Text>
    </Row>
    <Row Tag="TXT_KEY_CITY_NAME_CARCHEMISH">
      <Text>Carchemish</Text>
    </Row>
    <Row Tag="TXT_KEY_CITY_NAME_KANESH">
      <Text>Kanesh</Text>
    </Row>
    <Row Tag="TXT_KEY_CITY_NAME_HARRAN">
      <Text>Harran</Text>
    </Row>
    <Row Tag="TXT_KEY_CITY_NAME_IMGUR_ENLIL">
      <Text>Imgur-Enlil</Text>
    </Row>
    <Row Tag="TXT_KEY_CITY_NAME_SHUBAT_ENLIL">
      <Text>Shubat-Enlil</Text>
    </Row>
    <Row Tag="TXT_KEY_CITY_NAME_QATNA">
      <Text>Qatna</Text>
    </Row>
    <Row Tag="TXT_KEY_CITY_NAME_SAREISA">
      <Text>Sareisa</Text>
    </Row>
    <Row Tag="TXT_KEY_CITY_NAME_SAM_AL">
      <Text>Sam'al</Text>
    </Row>
    <Row Tag="TXT_KEY_CITY_NAME_QARQAR">
      <Text>Qarqar</Text>
    </Row>
    <Row Tag="TXT_KEY_CITY_NAME_TIL_BARSIP">
      <Text>Til Barsip</Text>
    </Row>
    <Row Tag="TXT_KEY_CITY_NAME_SULTANTEPE">
      <Text>Sultantepe</Text>
    </Row>
    <Row Tag="TXT_KEY_CITY_NAME_ERBIL">
      <Text>Erbil</Text>
    </Row>
    <Row Tag="TXT_KEY_CITY_NAME_HAMATH">
      <Text>Hamath</Text>
    </Row>
    <Row Tag="TXT_KEY_CITY_NAME_GUZANA">
      <Text>Guzana</Text>
    </Row>
    <Row Tag="TXT_KEY_CITY_NAME_TURUSPA">
      <Text>Turuspa</Text>
    </Row>
    <Row Tag="TXT_KEY_CITY_NAME_NASIBINA">
      <Text>Nasibina</Text>
    </Row>
    <Row Tag="TXT_KEY_CITY_NAME_ARPAD">
      <Text>Arpad</Text>
    </Row>
    <Row Tag="TXT_KEY_CITY_NAME_KELASHIN">
      <Text>Kelashin</Text>
    </Row>
    <Row Tag="TXT_KEY_CITY_NAME_TADMOR">
      <Text>Tadmor</Text>
    </Row>
    <Row Tag="TXT_KEY_CITY_NAME_URARTU">
      <Text>Urartu</Text>
    </Row>
    <Row Tag="TXT_KEY_CITY_NAME_SABATA">
      <Text>Sabata</Text>
    </Row>
    <Row Tag="TXT_KEY_CITY_NAME_HIT">
      <Text>Vurmak</Text>
    </Row>
    <Row Tag="TXT_KEY_CITY_NAME_MOSON_KAHNI">
      <Text>Moson Kahni</Text>
    </Row>
    <Row Tag="TXT_KEY_CITY_NAME_TE_MOAK">
      <Text>Te-Moak</Text>
    </Row>
    <Row Tag="TXT_KEY_CITY_NAME_AGAIDIKA">
      <Text>Agaidika</Text>
    </Row>
    <Row Tag="TXT_KEY_CITY_NAME_GOSHUTE">
      <Text>Goshute</Text>
    </Row>
    <Row Tag="TXT_KEY_CITY_NAME_POHOKWI">
      <Text>Pohokwi</Text>
    </Row>
    <Row Tag="TXT_KEY_CITY_NAME_WASHAKIE">
      <Text>Washakie</Text>
    </Row>
    <Row Tag="TXT_KEY_CITY_NAME_TIMBISHA">
      <Text>Timbisha</Text>
    </Row>
    <Row Tag="TXT_KEY_CITY_NAME_HUKANDEKA">
      <Text>Hukandeka</Text>
    </Row>
    <Row Tag="TXT_KEY_CITY_NAME_DUCKWATER">
      <Text>Ördek Suyu</Text>
    </Row>
    <Row Tag="TXT_KEY_CITY_NAME_TUKUDEKA">
      <Text>Tukudeka</Text>
    </Row>
    <Row Tag="TXT_KEY_CITY_NAME_KUCHUNDEKA">
      <Text>Kuchundeka</Text>
    </Row>
    <Row Tag="TXT_KEY_CITY_NAME_YOMBA">
      <Text>Yomba</Text>
    </Row>
    <Row Tag="TXT_KEY_CITY_NAME_KAMUDEKA">
      <Text>Kamudeka</Text>
    </Row>
    <Row Tag="TXT_KEY_CITY_NAME_ELY">
      <Text>Ely</Text>
    </Row>
    <Row Tag="TXT_KEY_CITY_NAME_YAMBADEKA">
      <Text>Yambadeka</Text>
    </Row>
    <Row Tag="TXT_KEY_CITY_NAME_NAMPA">
      <Text>Nampa</Text>
    </Row>
    <Row Tag="TXT_KEY_CITY_NAME_BANNOCK">
      <Text>Bannock</Text>
    </Row>
    <Row Tag="TXT_KEY_CITY_NAME_YAHANDEKA">
      <Text>Yahandeka</Text>
    </Row>
    <Row Tag="TXT_KEY_CITY_NAME_TETADEKA">
      <Text>Tetadeka</Text>
    </Row>
    <Row Tag="TXT_KEY_CITY_NAME_DEHEYAEKA">
      <Text>Deheyaeka</Text>
    </Row>
    <Row Tag="TXT_KEY_CITY_NAME_PENGWIDEKA">
      <Text>Pengwideka</Text>
    </Row>
    <Row Tag="TXT_KEY_CITY_NAME_WINNEMUCCA">
      <Text>Winnemucca</Text>
    </Row>
    <Row Tag="TXT_KEY_CITY_NAME_SKULL_VALLEY">
      <Text>Kafatasi Vadisi</Text>
    </Row>
    <Row Tag="TXT_KEY_CITY_NAME_BIG_PINE">
      <Text>Büyük Cam</Text>
    </Row>
    <Row Tag="TXT_KEY_CITY_NAME_DUCK_VALLEY">
      <Text>Ördek Vadisi</Text>
    </Row>
  </Language_en_US>
</GameData>