﻿<?xml version="1.0" encoding="utf-8"?>
<!-- edited with XMLSPY v2004 rel. 2 U (http://www.xmlspy.com) by Anton Strenger (Firaxis Games) -->
<GameData>
  <Language_en_US>
    <!-- Diplomacy Screen-->
    <Row Tag="TXT_KEY_TRADE_ITEM_VOTES">
      <Text>DÜNYA KONGRESI</Text>
    </Row>
    <Row Tag="TXT_KEY_DIPLO_VOTE_TRADE_YES">
      <Text>Ticaret için Delege destegimiz var.</Text>
    </Row>
    <Row Tag="TXT_KEY_DIPLO_VOTE_TRADE_NO">
      <Text>Ticaret için Delege destegimiz yok.</Text>
    </Row>
    <Row Tag="TXT_KEY_DIPLO_VOTE_TRADE_YES_THEM">
      <Text>Ticaret için Delege destegine sahipler.</Text>
    </Row>
    <Row Tag="TXT_KEY_DIPLO_VOTE_TRADE_NO_THEM">
      <Text>Ticaret yapmak için Delege destekleri yok.</Text>
    </Row>
    <Row Tag="TXT_KEY_DIPLO_VOTE_TRADE_IN_SESSION">
      <Text>[NEWLINE][NEWLINE][COLOR_WARNING_TEXT]Dünya Kongresi oturum halindeyken alim satim yapilamaz.[ENDCOLOR]</Text>
    </Row>
    <Row Tag="TXT_KEY_DIPLO_VOTE_TRADE_NO_LEAGUE">
      <Text>[NEWLINE][NEWLINE][COLOR_WARNING_TEXT]Dünya Kongresi henüz kurulmamistir.[ENDCOLOR]</Text>
    </Row>
    <Row Tag="TXT_KEY_DIPLO_VOTE_TRADE_NO_SPY">
      <Text>[NEWLINE][NEWLINE][COLOR_WARNING_TEXT]Baskentlerinde [ICON_CAPITAL] Diplomat olarak [ICON_DIPLOMAT] bir Casusa ihtiyacimiz var.[ENDCOLOR]</Text>
    </Row>
    <Row Tag="TXT_KEY_DIPLO_VOTE_TRADE_NO_SPY_ACTIVE_PLAYER">
      <Text>[NEWLINE][NEWLINE][COLOR_WARNING_TEXT]Baskentimizde [ICON_CAPITAL] Diplomat olarak [ICON_DIPLOMAT] bir Casusa ihtiyaçlari var.[ENDCOLOR]</Text>
    </Row>
    <Row Tag="TXT_KEY_DIPLO_VOTE_TRADE_NOT_MEMBER">
      <Text>[NEWLINE][NEWLINE][COLOR_WARNING_TEXT]Dünya Kongresi üyesi degildir.[ENDCOLOR]</Text>
    </Row>
    <Row Tag="TXT_KEY_DIPLO_VOTE_TRADE_NO_PROPOSALS">
      <Text>[NEWLINE][NEWLINE][COLOR_WARNING_TEXT]Bu Dünya Kongresi oturumu için henüz herhangi bir öneri yapilmamistir.[ENDCOLOR]</Text>
    </Row>
    <Row Tag="TXT_KEY_DIPLO_VOTE_TRADE_ALREADY_COMMITTED">
      <Text>[NEWLINE][NEWLINE][COLOR_WARNING_TEXT]Bu Dünya Kongresi oturumu için bir Uygarligin Delegeleri simdiden islem gördü.[ENDCOLOR]</Text>
    </Row>
    <Row Tag="TXT_KEY_DIPLO_VOTE_TRADE_ALREADY_USED_VOTES">
      <Text>[NEWLINE][NEWLINE][COLOR_WARNING_TEXT]Bu Dünya Kongresi oturumu için Delegeler simdiden taahhüt edilmistir.[ENDCOLOR]</Text>
    </Row>
    <Row Tag="TXT_KEY_DIPLO_VOTE_TRADE_ENACT_TT">
      <Text>Bir sonraki Dünya Kongresi oturumunda, bu lider [COLOR_POSITIVE_TEXT]([1][ENDCOLOR] {1_NumVotes: plural 1?Delegate  other?Delegates } çekirdek delegasyonunu kullanarak [3]) su degisikliklerin [COLOR_POSITIVE_TEXT] yasalasmasi [ENDCOLOR] önerisini destekleyecektir:[NEWLINE][NEWLINE]{3_ProposalText}</Text>
    </Row>
    <Row Tag="TXT_KEY_DIPLO_VOTE_TRADE_REPEAL_TT">
      <Text>Bir sonraki Dünya Kongresi oturumunda, bu lider [COLOR_POSITIVE_TEXT]([1][ENDCOLOR] {1_NumVotes: plural 1?Delegate  other?Delegates } çekirdek delegasyonunu [3] desteklemek için kullanacaktir [COLOR_WARNING_TEXT] su etkilerin yürürlükten kaldirilmasi[ENDCOLOR] önerisi üzerine:[NEWLINE][NEWLINE][4])</Text>
    </Row>
    <!-- League Overview Popup-->
    <Row Tag="TXT_KEY_LEAGUE_OVERVIEW">
      <Text>Dünya Kongresi</Text>
    </Row>
    <Row Tag="TXT_KEY_LEAGUE_OVERVIEW_RENAME">
      <Text>Yeniden Adlandir</Text>
    </Row>
    <Row Tag="TXT_KEY_LEAGUE_OVERVIEW_RENAME_TT">
      <Text>Dünya Kongresi için yeni bir isim seçin</Text>
    </Row>
    <Row Tag="TXT_KEY_LEAGUE_OVERVIEW_WORLD_LEADER_INFO_SESSION">
      <Text>Bir sonraki Dünya Lideri teklifine kadar dönüsler: [COLOR_POSITIVE_TEXT]{1_DelegatesForWin}[ENDCOLOR]</Text>
    </Row>
    <Row Tag="TXT_KEY_LEAGUE_OVERVIEW_WORLD_LEADER_INFO_VOTES">
      <Text>Dünya Lideri teklifini kazanacak delegeler: [COLOR_POSITIVE_TEXT]{1_DelegatesForWin}[ENDCOLOR]</Text>
    </Row>
    <Row Tag="TXT_KEY_LEAGUE_OVERVIEW_WORLD_LEADER_INFO_TT">
      <Text>Dünya Kongresi Birlesmis Milletler haline geldiginden, Diplomatik Zafer artik mümkün.  Kazanmak için bir Medeniyetin bir Dünya Lideri önerisinde {1_DelegatesForWin} veya daha fazla Delegenin destegini almasi gerekir.  Bu sayi oyundaki Medeniyetlerin ve Sehir Devletlerinin sayisina baglidir.[NEWLINE][NEWLINE]Dünya Lideri önerisi Kongreye her iki oturumda bir, düzenli önerilerle ilgili düzenli oturumlarla dönüsümlü olarak yapilir.</Text>
    </Row>
    <Row Tag="TXT_KEY_LEAGUE_OVERVIEW_IN_SESSION">
      <Text>OTURUMDA</Text>
    </Row>
    <Row Tag="TXT_KEY_LEAGUE_OVERVIEW_IN_SPECIAL_SESSION">
      <Text>[COLOR_POSITIVE_TEXT]ÖZEL OTURUM[ENDCOLOR]</Text>
    </Row>
    <Row Tag="TXT_KEY_LEAGUE_OVERVIEW_MEMBER_VOTES">
      <Text>{1_VotesRemaining} Delegeler</Text>
    </Row>
    <Row Tag="TXT_KEY_LEAGUE_OVERVIEW_MEMBER_DETAILS">
      <Text>{@2_CivName}'nin {@1_LeaderName} toplami {3_VotesRemaining} {3_VotesRemaining: plural 1?Delegate  other?Delegates }'dir.  Oturum basladiktan sonra, miktar oturum sona erene kadar sabit kalir.</Text>
    </Row>
    <Row Tag="TXT_KEY_LEAGUE_OVERVIEW_MEMBER_DETAILS_BASE_VOTES">
      <Text>[NEWLINE][ICON_BULLET]{1_NumVotes} from üyelik</Text>
    </Row>
    <Row Tag="TXT_KEY_LEAGUE_OVERVIEW_MEMBER_DETAILS_EXTRA_VOTES">
      <Text>[NEWLINE][ICON_BULLET]{1_NumVotes} önceki Dünya Lideri girisimlerinden</Text>
    </Row>
    <Row Tag="TXT_KEY_LEAGUE_OVERVIEW_MEMBER_DETAILS_HOST_VOTES">
      <Text>[NEWLINE][ICON_BULLET]{1_NumVotes} geçerli ana bilgisayar olmak için</Text>
    </Row>
    <Row Tag="TXT_KEY_LEAGUE_OVERVIEW_MEMBER_DETAILS_CS_VOTES">
      <Text>[NEWLINE][ICON_BULLET]([1] Sehir Devletlerinden {2_VotesPerCityState} müttefik basina)</Text>
    </Row>
    <Row Tag="TXT_KEY_LEAGUE_OVERVIEW_MEMBER_DETAILS_DIPLOMAT_VOTES">
      <Text>[NEWLINE] [ICON_BULLET] {1_NumVotes} Küresellesmeyi arastirmaktan ({2_VotesPerDiplomat} [ICON_DIPLOMAT] Diplomat olarak atanan Casus basina)</Text>
    </Row>
    <Row Tag="TXT_KEY_LEAGUE_OVERVIEW_MEMBER_DETAILS_WONDER_VOTES">
      <Text>Dünya Harikalari'ndan [NEWLINE][ICON_BULLET]{1_NumVotes}</Text>
    </Row>
    <Row Tag="TXT_KEY_LEAGUE_OVERVIEW_MEMBER_DETAILS_WORLD_RELIGION_VOTES">
      <Text>[NEWLINE][ICON_BULLET]{1_NumVotes} Dünya Dinini takip etmekten</Text>
    </Row>
    <Row Tag="TXT_KEY_LEAGUE_OVERVIEW_MEMBER_DETAILS_WORLD_IDEOLOGY_VOTES">
      <Text>[NEWLINE][ICON_BULLET]{1_NumVotes} Dünya Ideolojisini takip etmekten</Text>
    </Row>
    <Row Tag="TXT_KEY_LEAGUE_OVERVIEW_VOTES_REMAINING">
      <Text>Kalan Delegeler: {1_VotesRemaining}</Text>
    </Row>
    <Row Tag="TXT_KEY_LEAGUE_OVERVIEW_COMMIT_VOTES">
      <Text>Delegeleri Baglayin</Text>
    </Row>
    <Row Tag="TXT_KEY_LEAGUE_OVERVIEW_RESET_VOTES">
      <Text>Delegeleri Sifirla</Text>
    </Row>
    <Row Tag="TXT_KEY_LEAGUE_OVERVIEW_TURNS_UNTIL_SESSION">
      <Text>Oturuma Kadar Dönüsler: {1_NumTurnsUntilNextVote}</Text>
    </Row>
    <Row Tag="TXT_KEY_LEAGUE_OVERVIEW_PROPOSERS_LIST">
      <Text>Teklifler Bekleniyor:</Text>
    </Row>
    <Row Tag="TXT_KEY_LEAGUE_OVERVIEW_COMMIT_PROPOSALS">
      <Text>Taahhüt Teklifi</Text>
    </Row>
    <Row Tag="TXT_KEY_LEAGUE_OVERVIEW_RESET_PROPOSALS">
      <Text>Teklifi Sifirla</Text>
    </Row>
    <Row Tag="TXT_KEY_LEAGUE_OVERVIEW_PREFIX_ENACT">
      <Text>[COLOR_POSITIVE_TEXT]ENACT: [ENDCOLOR]</Text>
    </Row>
    <Row Tag="TXT_KEY_LEAGUE_OVERVIEW_PREFIX_REPEAL">
      <Text>[COLOR_WARNING_TEXT]YÜRÜRLÜKTEN KALDIRMA: [ENDCOLOR]</Text>
    </Row>
    <Row Tag="TXT_KEY_LEAGUE_OVERVIEW_INVALID_RESOLUTION_BUTTON_TT">
      <Text>[COLOR_GREY]Bu teklifi su anda yapamazsiniz. [ENDCOLOR]</Text>
    </Row>
    <Row Tag="TXT_KEY_LEAGUE_OVERVIEW_INVALID_RESOLUTION_CHOICE_BUTTON_TT">
      <Text>[COLOR_GREY]Teklif için bu seçim halihazirda degerlendirilmektedir ve tekrar teklif edilmeyebilir [ENDCOLOR].</Text>
    </Row>
    <Row Tag="TXT_KEY_LEAGUE_OVERVIEW_INVALID_RESOLUTION_NO_PLAYER_PROPOSAL">
      <Text>Bir Uygarlik tarafindan önerilemez.</Text>
    </Row>
    <Row Tag="TXT_KEY_LEAGUE_OVERVIEW_INVALID_RESOLUTION_GAMEOPTION">
      <Text>Bu oyunun seçenekleri buna izin vermiyor.</Text>
    </Row>
    <Row Tag="TXT_KEY_LEAGUE_OVERVIEW_INVALID_RESOLUTION_ALREADY_PROPOSED">
      <Text>Zaten teklif edildi.</Text>
    </Row>
    <Row Tag="TXT_KEY_LEAGUE_OVERVIEW_INVALID_RESOLUTION_ALREADY_ENACTED">
      <Text>Zaten yürürlükte.</Text>
    </Row>
    <Row Tag="TXT_KEY_LEAGUE_OVERVIEW_INVALID_RESOLUTION_NO_TECH">
      <Text>Henüz hiçbir Uygarlik {@1_TechName} arastirmadi.</Text>
    </Row>
    <Row Tag="TXT_KEY_LEAGUE_OVERVIEW_INVALID_RESOLUTION_NO_CHOICES">
      <Text>Bu çözünürlügü etkileyecek mevcut seçenek yok.</Text>
    </Row>
    <Row Tag="TXT_KEY_LEAGUE_OVERVIEW_CURRENT_PROPOSALS">
      <Text>Güncel Teklifler</Text>
    </Row>
    <Row Tag="TXT_KEY_LEAGUE_OVERVIEW_CURRENT_PROPOSALS_TT">
      <Text>Bir sonraki oturumda karara baglanacak olan kararlar.  Sonuç, Medeniyetlerden en fazla Delege destegi alan seçim olacaktir.  Esitlik halinde Karar basarisiz olacak ve hiçbir sey degismeyecektir.</Text>
    </Row>
    <Row Tag="TXT_KEY_LEAGUE_OVERVIEW_ACTIVE_RESOLUTIONS">
      <Text>Yürürlüge Giren Kararlar</Text>
    </Row>
    <Row Tag="TXT_KEY_LEAGUE_OVERVIEW_ACTIVE_RESOLUTIONS_TT">
      <Text>Su anda yürürlükte olan ve Medeniyetlerin yürürlükten kaldirmaya çalisabilecegi kararlar.</Text>
    </Row>
    <Row Tag="TXT_KEY_LEAGUE_OVERVIEW_INACTIVE_RESOLUTIONS">
      <Text>Olasi Cözümler</Text>
    </Row>
    <Row Tag="TXT_KEY_LEAGUE_OVERVIEW_INACTIVE_RESOLUTIONS_TT">
      <Text>Uygarliklarin yürürlüge koymaya çalisabilecegi çözümler.</Text>
    </Row>
    <Row Tag="TXT_KEY_LEAGUE_OVERVIEW_OTHER_RESOLUTIONS">
      <Text>Diger Kararlar</Text>
    </Row>
    <Row Tag="TXT_KEY_LEAGUE_OVERVIEW_OTHER_RESOLUTIONS_TT">
      <Text>Su anda önerilemeyen kararlar.</Text>
    </Row>
    <Row Tag="TXT_KEY_LEAGUE_OVERVIEW_PROPOSER_BY_ROTATION">
      <Text>Bir sonraki oturumda bir teklifte bulunabilecekler çünkü ayricalik dönüsümlü ve sira onlarda.</Text>
    </Row>
    <Row Tag="TXT_KEY_LEAGUE_OVERVIEW_PROPOSER_BY_HOSTING">
      <Text>Ev sahibi Uygarlik olduklari için bir sonraki oturumda teklifte bulunabileceklerdir.  Bu oturumun sonuna kadar ev sahibi degisirse, onun yerine yeni ev sahibi bir teklifte bulunacaktir.</Text>
    </Row>
    <Row Tag="TXT_KEY_LEAGUE_OVERVIEW_PROPOSER_BY_DELEGATION_SIZE">
      <Text>En fazla Delegeye sahip ev sahibi olmayan Uygarlik olduklari için gelecek oturumda bir teklifte bulunabilecekler.  Bu oturumun sonunda bu durum degisirse, en çok Delegeye sahip yeni ev sahibi olmayan Uygarlik onun yerine bir teklifte bulunacaktir.</Text>
    </Row>
    <Row Tag="TXT_KEY_LEAGUE_OVERVIEW_PROPOSE_RESOLUTION">
      <Text>CÖZÜM ÖNERISI</Text>
    </Row>
    <Row Tag="TXT_KEY_LEAGUE_OVERVIEW_PROPOSE_BUTTON">
      <Text>Teklif Etmek için Tiklayin</Text>
    </Row>
    <Row Tag="TXT_KEY_LEAGUE_OVERVIEW_PROPOSE_BUTTON_TT">
      <Text>Bir karar önerisinde bulunmak için buraya tiklayin.</Text>
    </Row>
    <Row Tag="TXT_KEY_LEAGUE_OVERVIEW_VOTE_YAY">
      <Text>[COLOR_GREEN]Yea[ENDCOLOR]</Text>
    </Row>
    <Row Tag="TXT_KEY_LEAGUE_OVERVIEW_VOTE_ABSTAIN">
      <Text>Cekimser</Text>
    </Row>
    <Row Tag="TXT_KEY_LEAGUE_OVERVIEW_VOTE_NAY">
      <Text>[COLOR_RED]Nay[ENDCOLOR]</Text>
    </Row>
    <Row Tag="TXT_KEY_LEAGUE_OVERVIEW_VIEW_ALL_RESOLUTIONS">
      <Text>Tüm Kararlari Görüntüle</Text>
    </Row>
    <Row Tag="TXT_KEY_LEAGUE_OVERVIEW_EFFECT_SUMMARY_TITLE">
      <Text>Güncel Etkiler</Text>
    </Row>
    <Row Tag="TXT_KEY_LEAGUE_OVERVIEW_EFFECT_SUMMARY_TT">
      <Text>Bunlar Dünya Kongresi nedeniyle meydana gelen mevcut etkilerdir.  Yeni Kararlar yürürlüge girdikçe veya eski Kararlar yürürlükten kaldirildikça degiseceklerdir.</Text>
    </Row>
    <Row Tag="TXT_KEY_LEAGUE_OVERVIEW_EFFECT_SUMMARY_NONE">
      <Text>Etkisi Yok</Text>
    </Row>
    <Row Tag="TXT_KEY_LEAGUE_OVERVIEW_EFFECT_SUMMARY_HOST">
      <Text>Ev sahibi: {@1_CivName}</Text>
    </Row>
    <Row Tag="TXT_KEY_LEAGUE_OVERVIEW_EFFECT_SUMMARY_ACTIVE_PROJECTS">
      <Text>Devam Eden Projeler: {1_ProjectsList}</Text>
    </Row>
    <Row Tag="TXT_KEY_LEAGUE_OVERVIEW_EFFECT_SUMMARY_ACTIVE_PROJECTS_ENTRY">
      <Text>{@1_ProjectName}</Text>
    </Row>
    <Row Tag="TXT_KEY_LEAGUE_OVERVIEW_EFFECT_SUMMARY_GPT">
      <Text>[ICON_GOLD] Dönüs basina altin: {1_GoldPerTurn}</Text>
    </Row>
    <Row Tag="TXT_KEY_LEAGUE_OVERVIEW_EFFECT_SUMMARY_RESOURCE_QUANTITIES">
      <Text>Ek Kaynaklar: {1_ResourcesList}</Text>
    </Row>
    <Row Tag="TXT_KEY_LEAGUE_OVERVIEW_EFFECT_SUMMARY_RESOURCE_QUANTITIES_ENTRY">
      <Text>{@1_ResourceName} ({2_ResourceQuantity})</Text>
    </Row>
    <Row Tag="TXT_KEY_LEAGUE_OVERVIEW_EFFECT_SUMMARY_EMBARGO_CITY_STATES">
      <Text>Hayir [ICON_INTERNATIONAL_TRADE] Sehir Devletleri ile Ticaret</Text>
    </Row>
    <Row Tag="TXT_KEY_LEAGUE_OVERVIEW_EFFECT_SUMMARY_EMBARGO_PLAYERS">
      <Text>Hayir [ICON_INTERNATIONAL_TRADE] ile ticaret: {1_CivsList}</Text>
    </Row>
    <Row Tag="TXT_KEY_LEAGUE_OVERVIEW_EFFECT_SUMMARY_EMBARGO_PLAYERS_ENTRY">
      <Text>{@1_CivName}</Text>
    </Row>
    <Row Tag="TXT_KEY_LEAGUE_OVERVIEW_EFFECT_SUMMARY_NO_RESOURCE_HAPPINESS">
      <Text>Hayir [ICON_HAPPINESS_1] Suradan gelen mutluluk: {1_ResourceList}</Text>
    </Row>
    <Row Tag="TXT_KEY_LEAGUE_OVERVIEW_EFFECT_SUMMARY_NO_RESOURCE_HAPPINESS_ENTRY">
      <Text>{@1_ResourceName}</Text>
    </Row>
    <Row Tag="TXT_KEY_LEAGUE_OVERVIEW_EFFECT_SUMMARY_UNIT_MAINTENANCE">
      <Text>+{1_UnitMaintenancePercent}% [ICON_GOLD] Birim Bakim için altin maliyeti</Text>
    </Row>
    <Row Tag="TXT_KEY_LEAGUE_OVERVIEW_EFFECT_SUMMARY_DISCOVERED_TECH_MODIFIER">
      <Text>-{1_ResearchCostPercent}% [ICON_RESEARCH] Baska bir Uygarlik tarafindan halihazirda kesfedilmis Teknolojiler için arastirma maliyeti</Text>
    </Row>
    <Row Tag="TXT_KEY_LEAGUE_OVERVIEW_EFFECT_SUMMARY_CULTURE_FROM_WONDERS">
      <Text>+{1_CulturePerWorldWonder} [ICON_CULTURE] Dünya Harikalarindan Kültür</Text>
    </Row>
    <Row Tag="TXT_KEY_LEAGUE_OVERVIEW_EFFECT_SUMMARY_CULTURE_FROM_NATURAL_WONDERS">
      <Text>+{1_CulturePerWorldWonder} [ICON_CULTURE] Doga Harikalarindan Kültür</Text>
    </Row>
    <Row Tag="TXT_KEY_LEAGUE_OVERVIEW_EFFECT_SUMMARY_NO_NUCLEAR_WEAPONS">
      <Text>Nükleer silah insa edilmemesi</Text>
    </Row>
    <Row Tag="TXT_KEY_LEAGUE_OVERVIEW_EFFECT_SUMMARY_WORLD_RELIGION">
      <Text>Dünya Dini: {1_IconString} {@2_ReligionName}</Text>
    </Row>
    <Row Tag="TXT_KEY_LEAGUE_OVERVIEW_EFFECT_SUMMARY_WORLD_IDEOLOGY">
      <Text>Dünya Ideolojisi: {@1_IdeologyName}</Text>
    </Row>
    <Row Tag="TXT_KEY_LEAGUE_OVERVIEW_EFFECT_SUMMARY_POSITIVE_GREAT_PERSON_RATE">
      <Text>{2_GreatPersonList} için +{1_GreatPersonRateMod}% üretim orani</Text>
    </Row>
    <Row Tag="TXT_KEY_LEAGUE_OVERVIEW_EFFECT_SUMMARY_NEGATIVE_GREAT_PERSON_RATE">
      <Text>{1_GreatPersonRateMod}% üretim orani {2_GreatPersonList} için</Text>
    </Row>
    <Row Tag="TXT_KEY_LEAGUE_OVERVIEW_EFFECT_SUMMARY_GREAT_PERSON_RATE_ENTRY">
      <Text>{@1_GreatPersonType}</Text>
    </Row>
    <Row Tag="TXT_KEY_LEAGUE_OVERVIEW_EFFECT_SUMMARY_GREAT_PERSON_TILE_IMPROVEMENT_CULTURE">
      <Text>+{1_NumCulture} [ICON_CULTURE] Her Büyük Kisiden Kültür karo iyilestirmesi</Text>
    </Row>
    <Row Tag="TXT_KEY_LEAGUE_OVERVIEW_EFFECT_SUMMARY_LANDMARK_CULTURE">
      <Text>+{1_NumCulture} [ICON_CULTURE] Her Arkeolojik Dönüm Noktasindan Kültür</Text>
    </Row>
    <Row Tag="TXT_KEY_LEAGUE_OVERVIEW_CHANGE_NAME">
      <Text>Isim Degistir</Text>
    </Row>
    <Row Tag="TXT_KEY_LEAGUE_OVERVIEW_ENTER_NAME">
      <Text>Yeni bir ad girin</Text>
    </Row>
    <Row Tag="TXT_KEY_LEAGUE_OVERVIEW_ERROR_NAME_EMPTY">
      <Text>Isim bos olmamalidir.</Text>
    </Row>
    <Row Tag="TXT_KEY_LEAGUE_OVERVIEW_CONFIRM">
      <Text>Emin misin?</Text>
    </Row>
    <Row Tag="TXT_KEY_LEAGUE_OVERVIEW_CONFIRM_MISSING_VOTES">
      <Text>[COLOR_WARNING_TEXT]Delegelerinizden bazilari atanmadi. [ENDCOLOR] Yine de taahhütte bulunmak istiyor musunuz?</Text>
    </Row>
    <Row Tag="TXT_KEY_LEAGUE_OVERVIEW_PROPOSAL_ON_HOLD_TT">
      <Text>Bu öneri, Dünya Kongresi Özel Oturumunu tamamlayana kadar bekletilmektedir.</Text>
    </Row>
    <!-- Knowledge of other players' opinions-->
    <Row Tag="TXT_KEY_LEAGUE_OVERVIEW_MEMBER_INTRIGUE_NONE">
      <Text>[NEWLINE][NEWLINE]Ilgi alanlari büyük ölçüde gizemlidir.</Text>
    </Row>
    <Row Tag="TXT_KEY_LEAGUE_OVERVIEW_MEMBER_INTRIGUE_PARTIAL">
      <Text>[NEWLINE][NEWLINE]Hedefleri hakkinda bazi bilgilere sahibiz.</Text>
    </Row>
    <Row Tag="TXT_KEY_LEAGUE_OVERVIEW_MEMBER_INTRIGUE_INTIMATE">
      <Text>[NEWLINE][NEWLINE]Gündemleri hakkinda çok yakindan bilgi sahibiyiz.</Text>
    </Row>
    <Row Tag="TXT_KEY_LEAGUE_OVERVIEW_MEMBER_INTRIGUE_IDEOLOGY">
      <Text>[NEWLINE][ICON_BULLET][COLOR_POSITIVE_TEXT]Ayni Ideolojiye sahibiz[ENDCOLOR]</Text>
    </Row>
    <Row Tag="TXT_KEY_LEAGUE_OVERVIEW_MEMBER_INTRIGUE_NO_IDEOLOGY">
      <Text>[NEWLINE][ICON_BULLET][COLOR_WARNING_TEXT]Bir Ideolojiyi Paylasmiyoruz[ENDCOLOR]</Text>
    </Row>
    <Row Tag="TXT_KEY_LEAGUE_OVERVIEW_MEMBER_INTRIGUE_SPY">
      <Text>[NEWLINE][ICON_BULLET][COLOR_POSITIVE_TEXT]Baskentlerinde [ICON_DIPLOMAT] Diplomat olarak bir Casusumuz var [ICON_CAPITAL][ENDCOLOR]</Text>
    </Row>
    <Row Tag="TXT_KEY_LEAGUE_OVERVIEW_MEMBER_INTRIGUE_NO_SPY">
      <Text>[NEWLINE][ICON_BULLET][COLOR_WARNING_TEXT]Baskentlerinde [ICON_DIPLOMAT] Diplomat olarak bir Casusumuz yok[ICON_CAPITAL] Baskentlerinde[ENDCOLOR]</Text>
    </Row>
    <Row Tag="TXT_KEY_LEAGUE_OVERVIEW_MEMBER_INTRIGUE_DOF">
      <Text>[NEWLINE][ICON_BULLET][COLOR_POSITIVE_TEXT]Bir Dostluk Bildirgemiz var[ENDCOLOR]</Text>
    </Row>
    <Row Tag="TXT_KEY_LEAGUE_OVERVIEW_MEMBER_INTRIGUE_NO_DOF">
      <Text>[NEWLINE][ICON_BULLET][COLOR_WARNING_TEXT]Dostluk Beyannamemiz yok[ENDCOLOR]</Text>
    </Row>
    <Row Tag="TXT_KEY_LEAGUE_OVERVIEW_MEMBER_OPINIONS_VOTES">
      <Text>[NEWLINE][NEWLINE]Mevcut teklifler için en iyi tercihleri:</Text>
    </Row>
    <Row Tag="TXT_KEY_LEAGUE_OVERVIEW_MEMBER_OPINIONS_VOTE_NONE">
      <Text>[NEWLINE][ICON_BULLET]Bilinmiyor için {1_Proposal}</Text>
    </Row>
    <Row Tag="TXT_KEY_LEAGUE_OVERVIEW_MEMBER_OPINIONS_VOTE_PARTIAL">
      <Text>[NEWLINE][ICON_BULLET]{2_VoteChoice} üzerinde {1_Proposal}</Text>
    </Row>
    <Row Tag="TXT_KEY_LEAGUE_OVERVIEW_MEMBER_OPINIONS_VOTE_INTIMATE">
      <Text>[NEWLINE][ICON_BULLET]{3_DesireLevel} için {2_VoteChoice} üzerinde {1_Proposal}</Text>
    </Row>
    <Row Tag="TXT_KEY_LEAGUE_OVERVIEW_MEMBER_OPINIONS_VOTE_COMMITMENT">
      <Text>[NEWLINE][NEWLINE]Bir ticaret anlasmasi nedeniyle, ([1] {3_NumDelegates: plural 1?Delegate  other?Delegates } {2_VoteChoice}'u {1_Proposal} konusunda desteklemeyi taahhüt etmeyi kabul ettiler.)</Text>
    </Row>
    <Row Tag="TXT_KEY_LEAGUE_OVERVIEW_VOTE_OPINIONS">
      <Text>[NEWLINE][NEWLINE]Diger Medeniyetlerin arzulari hakkindaki bilgilerimize dayanarak, bu teklif için sayimiz su sekildedir:</Text>
    </Row>
    <Row Tag="TXT_KEY_LEAGUE_OVERVIEW_VOTE_OPINIONS_COMMITMENTS">
      <Text>[NEWLINE][ICON_BULLET]{3_VoteChoice}: ([2] {2_NumCivs: plural 1?Civilization has  other?Civilizations have } ticaret anlasmalari nedeniyle {1_NumDelegates} {1_NumDelegates: plural 1?Delegate  other?Delegates } taahhüt etti</Text>
    </Row>
    <Row Tag="TXT_KEY_LEAGUE_OVERVIEW_VOTE_OPINIONS_CHOICE">
      <Text>[NEWLINE][ICON_BULLET]{3_VoteChoice}: {1_NumDelegates} {1_NumDelegates: plural 1?Delegate  other?Delegates } ({2_NumCivs} {2_NumCivs: plural 1?Civ  other?Civs })</Text>
    </Row>
    <Row Tag="TXT_KEY_LEAGUE_OVERVIEW_VOTE_OPINIONS_UNACCOUNTED">
      <Text>[NEWLINE] [ICON_BULLET] ([1] {2_NumCivs: plural 1?Civilization  other?Civilizations } kontrol {1_NumDelegates} {1_NumDelegates: plural 1?Delegate  other?Delegates } hesaba katilmamis</Text>
    </Row>
    <Row Tag="TXT_KEY_LEAGUE_OVERVIEW_VOTE_OPINIONS_OURS">
      <Text>[NEWLINE][ICON_BULLET]Medeniyetimiz kontrol eder {1_NumDelegates} {1_NumDelegates: plural 1?Delegate  other?Delegates }</Text>
    </Row>
    <Row Tag="TXT_KEY_LEAGUE_OVERVIEW_PROPOSAL_OPINIONS_POSITIVE">
      <Text>[NEWLINE][NEWLINE]Bunu önerdigimizde minnettar olacak medeniyetler:</Text>
    </Row>
    <Row Tag="TXT_KEY_LEAGUE_OVERVIEW_PROPOSAL_OPINIONS_NEGATIVE">
      <Text>[NEWLINE][NEWLINE]Bunu önerdigimizde kizacak medeniyetler:</Text>
    </Row>
    <Row Tag="TXT_KEY_LEAGUE_OVERVIEW_PROPOSAL_OPINION">
      <Text>[NEWLINE][ICON_BULLET]{@1_CivName}</Text>
    </Row>
    <Row Tag="TXT_KEY_LEAGUE_DESIRE_NEVER">
      <Text>Ezici bir hosnutsuzluk</Text>
    </Row>
    <Row Tag="TXT_KEY_LEAGUE_DESIRE_STRONG_DISLIKE">
      <Text>Güçlü hosnutsuzluk</Text>
    </Row>
    <Row Tag="TXT_KEY_LEAGUE_DESIRE_DISLIKE">
      <Text>Orta derecede hosnutsuzluk</Text>
    </Row>
    <Row Tag="TXT_KEY_LEAGUE_DESIRE_WEAK_DISLIKE">
      <Text>Zayif hosnutsuzluk</Text>
    </Row>
    <Row Tag="TXT_KEY_LEAGUE_DESIRE_NEUTRAL">
      <Text>Nötr</Text>
    </Row>
    <Row Tag="TXT_KEY_LEAGUE_DESIRE_WEAK_LIKE">
      <Text>Zayif gibi</Text>
    </Row>
    <Row Tag="TXT_KEY_LEAGUE_DESIRE_LIKE">
      <Text>Ilimli gibi</Text>
    </Row>
    <Row Tag="TXT_KEY_LEAGUE_DESIRE_STRONG_LIKE">
      <Text>Güçlü gibi</Text>
    </Row>
    <Row Tag="TXT_KEY_LEAGUE_DESIRE_ALWAYS">
      <Text>Ezici gibi</Text>
    </Row>
    <!-- League Project Popup-->
    <Row Tag="TXT_KEY_LEAGUE_PROJECT_POPUP_COMPLETE">
      <Text>TAMAMLANDI!</Text>
    </Row>
    <Row Tag="TXT_KEY_LEAGUE_PROJECT_POPUP_TOTAL_COST">
      <Text>Bu proje için toplam [ICON_PRODUCTION] {1_TotalCost} gerekmektedir. Tüm Medeniyetler arasinda üretim tamamlanacak.  Daha yüksek katkilar daha fazla ödül kazandirir:</Text>
    </Row>
    <Row Tag="TXT_KEY_LEAGUE_PROJECT_POPUP_PROGRESS_COST">
      <Text>Bu proje {1_PercentComplete}% tamamlandi.  Medeniyetiniz su ana kadar [ICON_PRODUCTION] [COLOR_POSITIVE_TEXT]([2][ENDCOLOR] katkida bulundu.)  Daha yüksek katkilar daha fazla ödül kazandiracaktir:</Text>
    </Row>
    <!-- League Splash Popup-->
    <Row Tag="TXT_KEY_LEAGUE_SPLASH_TITLE_FOUNDED">
      <Text>Dünya Kongresi Kuruldu</Text>
    </Row>
    <Row Tag="TXT_KEY_LEAGUE_SPLASH_MESSAGE_FOUNDED">
      <Text>{@1_CivName} dünyadaki tüm medeniyetleri kesfetmistir.  Bu olayi anmak üzere dünyanin dört bir yanindan liderler {2_LeagueName}'te {3_TurnsUntilSession} bir araya gelecektir. Uluslararasi diplomasiyi tartismaya baslamak için döner.  Medeniyetler daha sonraki çaglara ilerledikçe bu Kongre degisecek ve yeni ev sahipleri seçilebilecektir.</Text>
    </Row>
    <Row Tag="TXT_KEY_LEAGUE_SPLASH_MESSAGE_GAME_ERA">
      <Text>Dünya {@1_EraName}'ye girmistir, çünkü ya Medeniyetlerin yarisi ona ulasmistir ya da bir Medeniyet onun ötesindeki çaga ulasmistir.</Text>
    </Row>
    <Row Tag="TXT_KEY_LEAGUE_SPLASH_MESSAGE_THIS_ERA">
      <Text>Bu dönem:</Text>
    </Row>
    <Row Tag="TXT_KEY_LEAGUE_SPLASH_MESSAGE_NEXT_ERA">
      <Text>Gelecek çag:</Text>
    </Row>
    <Row Tag="TXT_KEY_LEAGUE_SPLASH_MESSAGE_ERA_HOST_DELEGATES">
      <Text>[ICON_BULLET]{1_NumDelegates} {1_NumDelegates: plural 1?Delegate  other?Delegates } ev sahibi Uygarlik için</Text>
    </Row>
    <Row Tag="TXT_KEY_LEAGUE_SPLASH_MESSAGE_ERA_CIV_DELEGATES">
      <Text>[ICON_BULLET]{1_NumDelegates} {1_NumDelegates: plural 1?Delegate  other?Delegates } diger Medeniyetler için</Text>
    </Row>
    <Row Tag="TXT_KEY_LEAGUE_SPLASH_MESSAGE_ERA_CITYSTATE_DELEGATES">
      <Text>[ICON_BULLET]+{1_NumDelegates} {1_NumDelegates: plural 1?Delegate  other?Delegates } Sehir-Devlet müttefiki basina</Text>
    </Row>
    <Row Tag="TXT_KEY_LEAGUE_SPLASH_MESSAGE_ERA_DIPLO_VICTORY_POSSIBLE">
      <Text>[ICON_BULLET][COLOR_POSITIVE_TEXT]Dünya Lideri[ENDCOLOR] dönüsümlü oturumlar hakkinda öneri</Text>
    </Row>
    <Row Tag="TXT_KEY_LEAGUE_SPLASH_MESSAGE_ERA_NO_CHANGE">
      <Text>[ICON_BULLET]Degisiklik yok</Text>
    </Row>
    <!-- Miscellaneous UI-->
    <Row Tag="TXT_KEY_LEAGUE_PROJECT_COST_PER_PLAYER">
      <Text>{1_ProductionCostPerPlayer} [ICON_PRODUCTION] Sivil basina</Text>
    </Row>
    <Row Tag="TXT_KEY_LEAGUE_NOT_FOUNDED">
      <Text>Dünya Kongresi henüz kurulmamistir.  Bir Uygarlik {@1_TechName} kesfettiginde ve oyundaki her Uygarlikla tanistiginda baslayacaktir.</Text>
    </Row>
    <Row Tag="TXT_KEY_LEAGUE_NOT_FOUNDED_GAME_SETTINGS">
      <Text>Dünya Kongresi bu oyun için devre disi birakilmistir.</Text>
    </Row>
    <!-- League Notifications-->
    <Row Tag="TXT_KEY_NOTIFICATION_LEAGUE_PROPOSALS_NEEDED">
      <Text>TEKLIFTE BULUNUN</Text>
    </Row>
    <Row Tag="TXT_KEY_NOTIFICATION_LEAGUE_PROPOSALS_NEEDED_TT">
      <Text>{1_LeagueName}'ün degerlendirmesi için bir öneride bulunma sirasi sizde.  Yeni bir karar alinmasini ya da mevcut bir kararin yürürlükten kaldirilmasini önerebilirsiniz.  Siz ve {1_LeagueName}'ün diger üyeleri teklifinizin sonucuna bir sonraki oturumda karar vereceksiniz.</Text>
    </Row>
    <Row Tag="TXT_KEY_NOTIFICATION_LEAGUE_VOTES_NEEDED">
      <Text>DELEGE ATAMA</Text>
    </Row>
    <Row Tag="TXT_KEY_NOTIFICATION_LEAGUE_VOTES_NEEDED_TT">
      <Text>{1_LeagueName} su anda oturumda ve delegasyonunuz emrinizi bekliyor.  Medeniyetiniz için en uygun sonuçlari desteklemek üzere Delegelerinizi önerilen kararlar arasinda dagitin.</Text>
    </Row>
    <Row Tag="TXT_KEY_NOTIFICATION_LEAGUE_VOTING_DONE">
      <Text>Oturum Sonuçlandi</Text>
    </Row>
    <Row Tag="TXT_KEY_NOTIFICATION_LEAGUE_VOTING_DONE_TT">
      <Text>{1_LeagueName} için önerilen kararlar karara baglanmistir.</Text>
    </Row>
    <Row Tag="TXT_KEY_NOTIFICATION_LEAGUE_VOTING_RESULT_WORLD_LEADER_PASS">
      <Text>{@1_CivName} Dünya Lideri oldu</Text>
    </Row>
    <Row Tag="TXT_KEY_NOTIFICATION_LEAGUE_VOTING_RESULT_WORLD_LEADER_FAIL">
      <Text>Dünya Lideri Seçilmedi</Text>
    </Row>
    <Row Tag="TXT_KEY_NOTIFICATION_LEAGUE_VOTING_RESULT_WORLD_LEADER_PASS_DETAILS">
      <Text>En az {1_NumDelegates} {1_NumDelegates: plural 1?Delegate  other?Delegates } gerekli destegi toplayan {@2_CivName}, Dünya Lideri olarak seçilmistir.</Text>
    </Row>
    <Row Tag="TXT_KEY_NOTIFICATION_LEAGUE_VOTING_RESULT_WORLD_LEADER_FAIL_DETAILS">
      <Text>En az {1_NumDelegates} {1_NumDelegates: plural 1?Delegate  other?Delegates }'nin destegini alan net bir kazanan olmazsa, Dünya Lideri önerisi basarisiz olur. En üstteki {2_NumCivilizations} {2_NumCivilizations: plural 1?Civilization has  other?Civilizations have } kalici olarak ilave Delegeler kazanir.</Text>
    </Row>
    <Row Tag="TXT_KEY_NOTIFICATION_LEAGUE_VOTING_RESULT_HOST_CHANGED_SUMMARY">
      <Text>{@1_CivName} Ev Sahibi olur</Text>
    </Row>
    <Row Tag="TXT_KEY_NOTIFICATION_LEAGUE_VOTING_RESULT_HOST_SAME_SUMMARY">
      <Text>{@1_CivName} Ev Sahibi olarak kalir</Text>
    </Row>
    <Row Tag="TXT_KEY_NOTIFICATION_LEAGUE_VOTING_RESULT_HOST_DETAILS">
      <Text>{1_LeagueName} Özel Oturumu bir sonraki ev sahibi olarak {@2_CivName}'ü seçmistir.</Text>
    </Row>
    <Row Tag="TXT_KEY_NOTIFICATION_LEAGUE_VOTING_RESULT_PASS_SUMMARY">
      <Text>{1_ResolutionName} Geçer</Text>
    </Row>
    <Row Tag="TXT_KEY_NOTIFICATION_LEAGUE_VOTING_RESULT_FAIL_SUMMARY">
      <Text>{1_ResolutionName} Basarisiz</Text>
    </Row>
    <Row Tag="TXT_KEY_NOTIFICATION_LEAGUE_VOTING_RESULT_ENACT_PASS">
      <Text>{1_ResolutionName} geçti.  Etkileri [COLOR_POSITIVE_TEXT]simdi aktif[ENDCOLOR].</Text>
    </Row>
    <Row Tag="TXT_KEY_NOTIFICATION_LEAGUE_VOTING_RESULT_ENACT_FAIL">
      <Text>{1_ResolutionName} geçilmemistir.</Text>
    </Row>
    <Row Tag="TXT_KEY_NOTIFICATION_LEAGUE_VOTING_RESULT_REPEAL_PASS">
      <Text>{1_ResolutionName} geçti.  Etkileri [COLOR_WARNING_TEXT] artik aktif degildir [ENDCOLOR].</Text>
    </Row>
    <Row Tag="TXT_KEY_NOTIFICATION_LEAGUE_VOTING_RESULT_REPEAL_FAIL">
      <Text>{1_ResolutionName} geçilmemistir.</Text>
    </Row>
    <Row Tag="TXT_KEY_NOTIFICATION_LEAGUE_VOTING_RESULT_MEMBER_VOTE">
      <Text>[ICON_BULLET]{1_NumVotes} için {2_ResolutionChoiceText} from {@3_CivName}</Text>
    </Row>
    <Row Tag="TXT_KEY_NOTIFICATION_LEAGUE_VOTING_SOON">
      <Text>Yaklasan Oturum</Text>
    </Row>
    <Row Tag="TXT_KEY_NOTIFICATION_LEAGUE_VOTING_SOON_TT">
      <Text>{1_LeagueName}, önerilen kararlari müzakere etmek üzere {2_TurnsUntilSession} sirayla toplanacaktir:</Text>
    </Row>
    <Row Tag="TXT_KEY_NOTIFICATION_LEAGUE_PROJECT_PROGRESS">
      <Text>{@1_ProjectName} Güncelleme</Text>
    </Row>
    <Row Tag="TXT_KEY_NOTIFICATION_LEAGUE_PROJECT_PROGRESS_TT">
      <Text>{@1_ProjectName} projesi artik [COLOR_POSITIVE_TEXT]{2_PercentComplete}[ENDCOLOR]% tamamlandi.  Tamamlanmasina katkida bulunmak ve ödüller kazanmak için sehir üretim listesinden projeyi seçin.</Text>
    </Row>
    <Row Tag="TXT_KEY_NOTIFICATION_LEAGUE_PROJECT_COMPLETE">
      <Text>{@1_ProjectName} Tamamlandi</Text>
    </Row>
    <Row Tag="TXT_KEY_NOTIFICATION_LEAGUE_PROJECT_COMPLETE_TT">
      <Text>{@1_ProjectName} projesi tamamlanmistir.</Text>
    </Row>
    <!-- League Names-->
    <Row Tag="TXT_KEY_LEAGUE_WORLD_CONGRESS_GENERIC">
      <Text>Dünya Kongresi</Text>
    </Row>
    <Row Tag="TXT_KEY_LEAGUE_WORLD_CONGRESS_1">
      <Text>{@1_Ordinal} Kongresi {@2_CityName}</Text>
    </Row>
    <Row Tag="TXT_KEY_LEAGUE_WORLD_CONGRESS_2">
      <Text>{@1_Ordinal} {@2_CityName} Konferans</Text>
    </Row>
    <Row Tag="TXT_KEY_LEAGUE_WORLD_CONGRESS_3">
      <Text>{@1_Ordinal} Konseyi {@2_CityName}</Text>
    </Row>
    <Row Tag="TXT_KEY_LEAGUE_UNITED_NATIONS">
      <Text>Birlesmis Milletler</Text>
    </Row>
    <Row Tag="TXT_KEY_LEAGUE_ORDINAL_1">
      <Text>Birinci</Text>
    </Row>
    <Row Tag="TXT_KEY_LEAGUE_ORDINAL_2">
      <Text>Ikinci</Text>
    </Row>
    <Row Tag="TXT_KEY_LEAGUE_ORDINAL_3">
      <Text>Üçüncü</Text>
    </Row>
    <Row Tag="TXT_KEY_LEAGUE_ORDINAL_4">
      <Text>Dördüncü</Text>
    </Row>
    <Row Tag="TXT_KEY_LEAGUE_ORDINAL_5">
      <Text>Besinci</Text>
    </Row>
    <Row Tag="TXT_KEY_LEAGUE_ORDINAL_6">
      <Text>Altinci</Text>
    </Row>
    <Row Tag="TXT_KEY_LEAGUE_ORDINAL_7">
      <Text>Yedinci</Text>
    </Row>
    <Row Tag="TXT_KEY_LEAGUE_ORDINAL_8">
      <Text>Sekizinci</Text>
    </Row>
    <Row Tag="TXT_KEY_LEAGUE_ORDINAL_9">
      <Text>Dokuzuncu</Text>
    </Row>
    <Row Tag="TXT_KEY_LEAGUE_ORDINAL_10">
      <Text>Onuncu</Text>
    </Row>
    <!-- Special Sessions-->
    <Row Tag="TXT_KEY_LEAGUE_SPECIAL_SESSION_START_WORLD_CONGRESS">
      <Text>Dünya Kongresi Kuruldu</Text>
    </Row>
    <Row Tag="TXT_KEY_LEAGUE_SPECIAL_SESSION_START_WORLD_CONGRESS_HELP">
      <Text>Dünyanin dört bir yanindan liderler, uluslararasi meseleleri tartismaya baslamak üzere Dünya Kongresi'nde bir araya gelir.  Ilk isleri Kongreye kimin ev sahipligi yapacagini belirlemektir.</Text>
    </Row>
    <Row Tag="TXT_KEY_LEAGUE_SPECIAL_SESSION_WELCOME_CITY_STATES">
      <Text>Dünya Kongresi Sehir Devletlerini Agirliyor</Text>
    </Row>
    <Row Tag="TXT_KEY_LEAGUE_SPECIAL_SESSION_WELCOME_CITY_STATES_HELP">
      <Text>Sehir Devletleri dünya sahnesindeki yerlerini alir ve uluslararasi diplomasiye resmen dahil olurlar.  Medeniyetler artik Sehir-Devleti müttefiklerinden ek delegeler almaktadir.  Bu degisimin ortasinda Dünya Kongresi, Kongrenin bir sonraki ev sahibini belirlemek için özel bir oturum çagrisi yapar.</Text>
    </Row>
    <Row Tag="TXT_KEY_LEAGUE_SPECIAL_SESSION_LEADERSHIP_COUNCIL">
      <Text>Dünya Kongresi Altyapisini Genisletiyor</Text>
    </Row>
    <Row Tag="TXT_KEY_LEAGUE_SPECIAL_SESSION_LEADERSHIP_COUNCIL_HELP">
      <Text>Büyük ve küçük uluslarin sesleri duyulmak için mücadele eder ve uluslararasi iliskiler daha karmasik hale gelir.  Kongre'yi ileriye tasiyacak bir sonraki ev sahibini seçmek üzere özel bir oturum çagrisi yapilir.</Text>
    </Row>
    <Row Tag="TXT_KEY_LEAGUE_SPECIAL_SESSION_START_UNITED_NATIONS">
      <Text>Dünya Kongresi Birlesmis Milletler Oldu</Text>
    </Row>
    <Row Tag="TXT_KEY_LEAGUE_SPECIAL_SESSION_START_UNITED_NATIONS_HELP">
      <Text>Kalici bir baris fikri, Birlesmis Milletler olarak yeniden dogan Dünya Kongresi'nde kök salmaya baslar.  Bu yeni ve güçlü diplomatik gücün ev sahibini seçmek üzere özel bir oturum düzenlenir.  Birlesmis Milletler daha önce oldugu gibi meselelere karar vermeye devam edecek, ancak düzenli oturumlar bir Dünya Lideri seçmeye çalisan oturumlarla dönüsümlü olacak ve [COLOR_POSITIVE_TEXT]Diplomatik Zaferi[ENDCOLOR] mümkün kilacaktir.</Text>
    </Row>
    <!-- Resolutions-->
    <Row Tag="TXT_KEY_RESOLUTION_DIPLO_VICTORY">
      <Text>Dünya Lideri</Text>
    </Row>
    <Row Tag="TXT_KEY_RESOLUTION_DIPLO_VICTORY_HELP">
      <Text>Bir Dünya Lideri belirleyin.  Bir Medeniyet Kongrede yeterli sayida Delegeden destek alirsa, bu lider [COLOR_POSITIVE_TEXT]Diplomatik Zafer[ENDCOLOR] kazanacaktir.  Ihtiyaç duyulan Delege sayisi oyundaki Medeniyetlerin ve Sehir Devletlerinin sayisina baglidir ve Dünya Kongresi ekraninda görülebilir.[NEWLINE][NEWLINE]Hiçbir Medeniyet kazanmak için yeterli destegi alamazsa, en çok destegi alan iki Medeniyet gelecek oturumlarda kullanmak üzere kalici olarak [COLOR_POSITIVE_TEXT]2 ek Delege[ENDCOLOR] kazanir.[NEWLINE][NEWLINE]Bir Medeniyet tarafindan önerilemez.  Dünya Kongresi Birlesmis Milletler haline geldiginde otomatik olarak düzenli araliklarla teklif edilir.</Text>
    </Row>
    <Row Tag="TXT_KEY_RESOLUTION_CHANGE_LEAGUE_HOST">
      <Text>Ev Sahibi Seçin</Text>
    </Row>
    <Row Tag="TXT_KEY_RESOLUTION_CHANGE_LEAGUE_HOST_HELP">
      <Text>Kongreye ev sahipligi yapacak bir Uygarlik belirleyin.  Ev sahibi olmak ek Delegeler ve karar önerme yetenegi kazandirir.[NEWLINE][NEWLINE]Bir Uygarlik tarafindan önerilemez.  Medeniyetler daha sonraki çaglara ilerledikçe otomatik olarak önerilir.</Text>
    </Row>
    <Row Tag="TXT_KEY_RESOLUTION_GOLD_FOR_EVERYONE">
      <Text>Herkes için Altin</Text>
    </Row>
    <Row Tag="TXT_KEY_RESOLUTION_GOLD_FOR_EVERYONE_HELP">
      <Text>Tüm üyeler tek seferlik 100 [ICON_GOLD] Altin artis elde eder.  Yürürlükten kaldirmanin hiçbir etkisi yoktur.</Text>
    </Row>
    <Row Tag="TXT_KEY_RESOLUTION_GPT_FOR_EVERYONE">
      <Text>Sehir-Devlet Tarifeleri</Text>
    </Row>
    <Row Tag="TXT_KEY_RESOLUTION_GPT_FOR_EVERYONE_HELP">
      <Text>Sehir Devleti [ICON_INFLUENCE] Etkisi daha hizli azalir, ancak [ICON_INTERNATIONAL_TRADE] Sehir Devletleri ile Ticaret Yollari ek [ICON_GOLD] olusturur.</Text>
    </Row>
    <Row Tag="TXT_KEY_RESOLUTION_RESOURCE_FOR_EVERYONE">
      <Text>Herkes için Kaynak</Text>
    </Row>
    <Row Tag="TXT_KEY_RESOLUTION_RESOURCE_FOR_EVERYONE_HELP">
      <Text>Bu karar aktif kaldigi sürece tüm üyeler bir kaynaktan 2 tane alir.</Text>
    </Row>
    <Row Tag="TXT_KEY_RESOLUTION_CITY_STATE_AID">
      <Text>Sehir-Devlet Yardimi</Text>
    </Row>
    <Row Tag="TXT_KEY_RESOLUTION_CITY_STATE_AID_HELP">
      <Text>Sehir-Devleti olmayan tüm üyeler, Sehir-Devleti üyelerine yardim etmek için [ICON_GOLD] Altin rezervlerinin %20'sini katkida bulunur.  Negatif Sehir-Devlet iliskileri 0 [ICON_INFLUENCE] Etkiye sifirlanir.  Yürürlükten kaldirmanin hiçbir etkisi yoktur.</Text>
    </Row>
    <Row Tag="TXT_KEY_RESOLUTION_ALL_CITY_STATES_EMBARGO">
      <Text>Ambargo Sehir Devletleri</Text>
    </Row>
    <Row Tag="TXT_KEY_RESOLUTION_ALL_CITY_STATES_EMBARGO_HELP">
      <Text>Sehir Devletleri ile hiçbir [ICON_INTERNATIONAL_TRADE] Ticaret Yolu olusturulamaz.  Bu tür Ticaret Yollari sona erer ve yeniden tahsis edilmelidir.</Text>
    </Row>
    <Row Tag="TXT_KEY_RESOLUTION_PLAYER_EMBARGO">
      <Text>Ambargo</Text>
    </Row>
    <Row Tag="TXT_KEY_RESOLUTION_PLAYER_EMBARGO_HELP">
      <Text>Seçilen Uygarlik ile baska herhangi bir Uygarlik arasinda hiçbir [ICON_INTERNATIONAL_TRADE] Ticaret Yolu olusturulamaz.  Bu tür Ticaret Yollari sona erer ve yeniden atanmalari gerekir.</Text>
    </Row>
    <Row Tag="TXT_KEY_RESOLUTION_BAN_LUXURY_HAPPINESS">
      <Text>Ban Lüks</Text>
    </Row>
    <Row Tag="TXT_KEY_RESOLUTION_BAN_LUXURY_HAPPINESS_HELP">
      <Text>Lüks bir kaynak ahlak disi, nesli tükenmekte olan veya genel nüfus tarafindan kullanimi uygun olmayan bir kaynak olarak belirlenir.  Yasak yürürlükte oldugu sürece, Medeniyetler bu Lüks kaynaktan hiçbir [ICON_HAPPINESS_1] Mutluluk faydasi elde edemez.</Text>
    </Row>
    <Row Tag="TXT_KEY_RESOLUTION_STANDING_ARMY_TAX">
      <Text>Daimi Ordu Vergisi</Text>
    </Row>
    <Row Tag="TXT_KEY_RESOLUTION_STANDING_ARMY_TAX_HELP">
      <Text>Birim bakim maliyetleri %25 oraninda artirilmistir [ICON_GOLD] Altin.</Text>
    </Row>
    <Row Tag="TXT_KEY_RESOLUTION_MEMBER_DISCOVERED_TECH_DISCOUNT">
      <Text>Misafir Bursiyerler</Text>
    </Row>
    <Row Tag="TXT_KEY_RESOLUTION_MEMBER_DISCOVERED_TECH_DISCOUNT_HELP">
      <Text>Medeniyetler, en az bir baska Medeniyet tarafindan kesfedilmis bir teknolojiyi %20 daha hizli arastirir.</Text>
    </Row>
    <Row Tag="TXT_KEY_RESOLUTION_INTERNATIONAL_SPACE_STATION">
      <Text>Uluslararasi Uzay Istasyonu</Text>
    </Row>
    <Row Tag="TXT_KEY_RESOLUTION_INTERNATIONAL_SPACE_STATION_HELP">
      <Text>Uluslararasi Uzay Istasyonu projesini baslatir.  Basladiktan sonra, Medeniyetler sehir üretim listesinden seçerek tamamlanmasi için [ICON_PRODUCTION] Üretim katkisinda bulunabilirler.  Tamamlandiginda, Uygarliklar ne kadar katkida bulunduklarina bagli olarak bonus alirlar.[NEWLINE][NEWLINE][ICON_TROPHY_GOLD]: ([1][NEWLINE][ICON_TROPHY_SILVER]: ([2][NEWLINE][ICON_TROPHY_BRONZE]: ([3][NEWLINE][NEWLINE]Herhangi bir Uygarlik Uydulari kesfettiginde kullanilabilir.</Text>
    </Row>
    <Row Tag="TXT_KEY_RESOLUTION_CULTURAL_HERITAGE_SITES">
      <Text>Kültürel Miras Alanlari</Text>
    </Row>
    <Row Tag="TXT_KEY_RESOLUTION_CULTURAL_HERITAGE_SITES_HELP">
      <Text>Her Dünya Harikasi bulundugu sehre +3 [ICON_CULTURE] Kültür saglar.</Text>
    </Row>
    <Row Tag="TXT_KEY_RESOLUTION_NATURAL_HERITAGE_SITES">
      <Text>Dogal Miras Alanlari</Text>
    </Row>
    <Row Tag="TXT_KEY_RESOLUTION_NATURAL_HERITAGE_SITES_HELP">
      <Text>Her bir Doga Harikasi çalisildiginda +5 [ICON_CULTURE] Kültür saglar.</Text>
    </Row>
    <Row Tag="TXT_KEY_RESOLUTION_WORLD_FAIR">
      <Text>Dünya Fuari</Text>
    </Row>
    <Row Tag="TXT_KEY_RESOLUTION_WORLD_FAIR_HELP">
      <Text>Dünya Fuari projesini baslatir.  Basladiktan sonra, Uygarliklar sehir üretim listesinden seçerek tamamlanmasi için [ICON_PRODUCTION] Üretim katkisinda bulunabilirler.  Tamamlandiginda, Medeniyetler ne kadar katkida bulunduklarina bagli olarak bonus alirlar. [NEWLINE][NEWLINE][ICON_TROPHY_GOLD]: ([1][NEWLINE][ICON_TROPHY_SILVER]: ([2][NEWLINE][ICON_TROPHY_BRONZE]: {TXT_KEY_LEAGUE_PROJECT_REWARD_WORLD_FAIR_1_HELP}</Text>
    </Row>
    <Row Tag="TXT_KEY_RESOLUTION_WORLD_GAMES">
      <Text>Uluslararasi Oyunlar</Text>
    </Row>
    <Row Tag="TXT_KEY_RESOLUTION_WORLD_GAMES_HELP">
      <Text>Uluslararasi Oyunlar projesini baslatir.  Basladiktan sonra, Uygarliklar sehir üretim listesinden seçerek projenin tamamlanmasina [ICON_PRODUCTION] Üretimle katkida bulunabilirler.  Tamamlandiginda, Uygarliklar ne kadar katkida bulunduklarina bagli olarak bonus alirlar.[NEWLINE][NEWLINE][ICON_TROPHY_GOLD]: ([1][NEWLINE][ICON_TROPHY_SILVER]: ([2][NEWLINE][ICON_TROPHY_BRONZE]: ([3][NEWLINE][NEWLINE]Herhangi bir Uygarlik Radyoyu kesfettiginde kullanilabilir.</Text>
    </Row>
    <Row Tag="TXT_KEY_RESOLUTION_NUCLEAR_NON_PROLIFERATION">
      <Text>Nükleer Silahlarin Yayilmasinin Önlenmesi</Text>
    </Row>
    <Row Tag="TXT_KEY_RESOLUTION_NUCLEAR_NON_PROLIFERATION_HELP">
      <Text>Tüm Uygarliklarin yeni nükleer silahlar (Atom Bombasi ve Nükleer Füze) insa etmesi engellenir.  Ancak halihazirda insa edilmis silahlar silahsizlandirilmaz.[NEWLINE][NEWLINE]Herhangi bir Uygarlik Gelismis Balistik'i kesfettiginde kullanilabilir.</Text>
    </Row>
    <Row Tag="TXT_KEY_RESOLUTION_WORLD_RELIGION">
      <Text>Dünya Dinleri</Text>
    </Row>
    <Row Tag="TXT_KEY_RESOLUTION_WORLD_RELIGION_HELP">
      <Text>Bir dini resmi Dünya Dini olarak belirleyin.  Imparatorluklarindaki sehirlerin çogunlugu bu dini benimseyen medeniyetler ilave 2 Delege kazanir.  Din %25 daha hizli yayilir ve Kutsal Sehri +%50 [ICON_TOURISM] Turizm alir.  Ayni anda yalnizca bir Dünya Dini olabilir.</Text>
    </Row>
    <Row Tag="TXT_KEY_RESOLUTION_WORLD_IDEOLOGY">
      <Text>Dünya Ideolojisi</Text>
    </Row>
    <Row Tag="TXT_KEY_RESOLUTION_WORLD_IDEOLOGY_HELP">
      <Text>Bir Ideolojiyi resmi Dünya Ideolojisi olarak belirleyin.  Bu Ideolojiyi takip eden medeniyetler ilave 2 Delege kazanir.  Tüm Medeniyetler için bu Ideoloji lehine kamuoyu görüsü artar.  Ayni anda yalnizca bir Dünya Ideolojisi olabilir.[NEWLINE][NEWLINE]Herhangi bir Uygarlik Radyoyu kesfettiginde kullanilabilir.</Text>
    </Row>
    <Row Tag="TXT_KEY_RESOLUTION_ARTS_FUNDING">
      <Text>Sanat Finansmani</Text>
    </Row>
    <Row Tag="TXT_KEY_RESOLUTION_ARTS_FUNDING_HELP">
      <Text>Büyük Yazarlarin, Sanatçilarin ve Müzisyenlerin neslini 33%. artirir  Büyük Bilim Insanlari, Mühendisler ve Tüccarlarin üretimini 33%. azaltir</Text>
    </Row>
    <Row Tag="TXT_KEY_RESOLUTION_SCIENCES_FUNDING">
      <Text>Bilim Finansmani</Text>
    </Row>
    <Row Tag="TXT_KEY_RESOLUTION_SCIENCES_FUNDING_HELP">
      <Text>Büyük Bilim Insanlari, Mühendisler ve Tüccarlarin üretimini 33%. artirir  Büyük Yazarlarin, Sanatçilarin ve Müzisyenlerin neslini 33%. oraninda azaltir</Text>
    </Row>
    <Row Tag="TXT_KEY_RESOLUTION_HISTORICAL_LANDMARKS">
      <Text>Tarihi Simgesel Yapilar</Text>
    </Row>
    <Row Tag="TXT_KEY_RESOLUTION_HISTORICAL_LANDMARKS_HELP">
      <Text>Büyük Kisi karo iyilestirmeleri çalisildiginda +2 [ICON_CULTURE] Kültür saglar ve Arkeologlar tarafindan insa edilen Simgesel Yapilar çalisildiginda +4 [ICON_CULTURE] Kültür saglar.[NEWLINE][NEWLINE]Herhangi bir Uygarlik Arkeolojiyi kesfettiginde kullanilabilir.</Text>
    </Row>
    <!-- Resolution Decisions-->
    <Row Tag="TXT_KEY_RESOLUTION_DECISION_NONE">
      <Text>Karar yok</Text>
    </Row>
    <Row Tag="TXT_KEY_RESOLUTION_DECISION_YES_OR_NO">
      <Text>Evet veya Hayir seçeneklerinden birini seçin</Text>
    </Row>
    <Row Tag="TXT_KEY_RESOLUTION_DECISION_ANY_MEMBER">
      <Text>Kararin etkileyecegi bir Üye seçin</Text>
    </Row>
    <Row Tag="TXT_KEY_RESOLUTION_DECISION_CITY">
      <Text>Kararin etkileyecegi bir Sehir seçin</Text>
    </Row>
    <Row Tag="TXT_KEY_RESOLUTION_DECISION_ANY_LUXURY_RESOURCE">
      <Text>Kararin Etkileyecegi Lüks Bir Kaynak Seçin</Text>
    </Row>
    <Row Tag="TXT_KEY_RESOLUTION_DECISION_REPEAL">
      <Text>Bu Kararin yürürlükten kaldirilip kaldirilmayacagini seçin</Text>
    </Row>
    <Row Tag="TXT_KEY_RESOLUTION_DECISION_MAJOR_CIV_MEMBER">
      <Text>Kararin etkileyecegi bir Uygarlik seçin</Text>
    </Row>
    <Row Tag="TXT_KEY_RESOLUTION_DECISION_OTHER_MAJOR_CIV_MEMBER">
      <Text>Kararin etkilemesi için kendi uygarliginiz disinda bir uygarlik seçin</Text>
    </Row>
    <Row Tag="TXT_KEY_RESOLUTION_DECISION_HIGH_DELEGATE_MEMBER">
      <Text>Büyük bir delegasyona sahip bir Medeniyet seçin {1_NumDelegates} veya daha fazla Delege)</Text>
    </Row>
    <Row Tag="TXT_KEY_RESOLUTION_DECISION_RELIGION">
      <Text>Kararin etkileyecegi bir Din seçin</Text>
    </Row>
    <Row Tag="TXT_KEY_RESOLUTION_DECISION_IDEOLOGY">
      <Text>Kararin etkilemesi için bir Ideoloji seçin</Text>
    </Row>
    <!-- Resolution Choices-->
    <Row Tag="TXT_KEY_RESOLUTION_CHOICE_NO">
      <Text>Hayir</Text>
    </Row>
    <Row Tag="TXT_KEY_RESOLUTION_CHOICE_YES">
      <Text>Evet.</Text>
    </Row>
    <Row Tag="TXT_KEY_RESOLUTION_CHOICE_PLAYER">
      <Text>{@1_CivName}</Text>
    </Row>
    <Row Tag="TXT_KEY_RESOLUTION_CHOICE_PLAYER_YOU">
      <Text>{@1_CivName} (Siz)</Text>
    </Row>
    <Row Tag="TXT_KEY_RESOLUTION_CHOICE_CITY">
      <Text>(YER SAHIBI)</Text>
    </Row>
    <Row Tag="TXT_KEY_RESOLUTION_CHOICE_RESOURCE">
      <Text>{1_IconString} {@2_ResourceName}</Text>
    </Row>
    <Row Tag="TXT_KEY_RESOLUTION_CHOICE_RELIGION">
      <Text>{1_IconString} {@2_ReligionName}</Text>
    </Row>
    <Row Tag="TXT_KEY_RESOLUTION_CHOICE_RELIGION_YOU">
      <Text>{1_IconString} {@2_ReligionName} (Sizin)</Text>
    </Row>
    <Row Tag="TXT_KEY_RESOLUTION_CHOICE_IDEOLOGY">
      <Text>{@1_IdeologyName}</Text>
    </Row>
    <Row Tag="TXT_KEY_RESOLUTION_CHOICE_IDEOLOGY_YOU">
      <Text>{@1_IdeologyName} (Sizin)</Text>
    </Row>
    <!-- League Projects-->
    <Row Tag="TXT_KEY_LEAGUE_PROJECT_INTERNATIONAL_SPACE_STATION">
      <Text>Uluslararasi Uzay Istasyonu</Text>
    </Row>
    <Row Tag="TXT_KEY_LEAGUE_PROJECT_INTERNATIONAL_SPACE_STATION_SPLASH">
      <Text>Uluslararasi Uzay Istasyonu tamamlanarak uzaya firlatildi ve insanoglunun basarilarinda yeni bir sinir olusturdu.</Text>
    </Row>
    <Row Tag="TXT_KEY_LEAGUE_PROJECT_WORLD_FAIR">
      <Text>Dünya Fuari</Text>
    </Row>
    <Row Tag="TXT_KEY_LEAGUE_PROJECT_WORLD_FAIR_SPLASH">
      <Text>Dünyanin dört bir yanindan düsünürler ve mucitler, fikirlerini paylasmak üzere abartili Dünya Fuari'nda bir araya geldi.</Text>
    </Row>
    <Row Tag="TXT_KEY_LEAGUE_PROJECT_WORLD_GAMES">
      <Text>Uluslararasi Oyunlar</Text>
    </Row>
    <Row Tag="TXT_KEY_LEAGUE_PROJECT_WORLD_GAMES_SPLASH">
      <Text>Dünyanin dört bir yanindan Medeniyetleri temsil eden sporcular, güç, beceri ve zarafet alanlarinda yarismak için bir araya geldi.  Dünya izlerken, Medeniyetler Uluslararasi Oyunlarda kazanilan her madalya ile zafere yükseliyor.</Text>
    </Row>
    <!-- League Project Rewards-->
    <Row Tag="TXT_KEY_LEAGUE_PROJECT_REWARD_NONE">
      <Text>Ödül Yok</Text>
    </Row>
    <Row Tag="TXT_KEY_LEAGUE_PROJECT_REWARD_NONE_HELP">
      <Text>Herhangi bir ödül kazanmak için projeye yeterince katkida bulunmadi.</Text>
    </Row>
    <Row Tag="TXT_KEY_LEAGUE_PROJECT_REWARD_TIER_1">
      <Text>([ICON_PRODUCTION] {1_ContributionThreshold} veya daha fazla)</Text>
    </Row>
    <Row Tag="TXT_KEY_LEAGUE_PROJECT_REWARD_TIER_2">
      <Text>([ICON_PRODUCTION] {1_ContributionThreshold} veya daha fazla)</Text>
    </Row>
    <Row Tag="TXT_KEY_LEAGUE_PROJECT_REWARD_TIER_3">
      <Text>(En Yüksek Katkida Bulunan)</Text>
    </Row>
    <Row Tag="TXT_KEY_LEAGUE_PROJECT_REWARD_ISS_1">
      <Text>Yapilmis Parçalar</Text>
    </Row>
    <Row Tag="TXT_KEY_LEAGUE_PROJECT_REWARD_ISS_1_HELP">
      <Text>Bir kerelik Arastirma destegi.</Text>
    </Row>
    <Row Tag="TXT_KEY_LEAGUE_PROJECT_REWARD_ISS_2">
      <Text>Gemideki Mürettebat</Text>
    </Row>
    <Row Tag="TXT_KEY_LEAGUE_PROJECT_REWARD_ISS_2_HELP">
      <Text>Ücretsiz Büyük Bilim Insani.</Text>
    </Row>
    <Row Tag="TXT_KEY_LEAGUE_PROJECT_REWARD_ISS_3">
      <Text>Görev Kontrol</Text>
    </Row>
    <Row Tag="TXT_KEY_LEAGUE_PROJECT_REWARD_ISS_3_HELP">
      <Text>Uluslararasi Uzay Istasyonu harikasi [ICON_CAPITAL] Capital'de yer aliyor. ({TXT_KEY_BUILDING_INTERNATIONAL_SPACE_STATION_HELP})</Text>
    </Row>
    <Row Tag="TXT_KEY_LEAGUE_PROJECT_REWARD_WORLD_FAIR_1">
      <Text>Katilimci</Text>
    </Row>
    <Row Tag="TXT_KEY_LEAGUE_PROJECT_REWARD_WORLD_FAIR_1_HELP">
      <Text>Bir sonraki [ICON_GOLDEN_AGE] Altin Cag için 500 puan.</Text>
    </Row>
    <Row Tag="TXT_KEY_LEAGUE_PROJECT_REWARD_WORLD_FAIR_2">
      <Text>Cigir Açan Bulus</Text>
    </Row>
    <Row Tag="TXT_KEY_LEAGUE_PROJECT_REWARD_WORLD_FAIR_2_HELP">
      <Text>Ücretsiz Sosyal Politika.</Text>
    </Row>
    <Row Tag="TXT_KEY_LEAGUE_PROJECT_REWARD_WORLD_FAIR_3">
      <Text>Ev Sahipligi Yapilan Fuar</Text>
    </Row>
    <Row Tag="TXT_KEY_LEAGUE_PROJECT_REWARD_WORLD_FAIR_3_HELP">
      <Text>[ICON_CULTURE] Kültür 20 Tur boyunca %100 artar.</Text>
    </Row>
    <Row Tag="TXT_KEY_LEAGUE_PROJECT_REWARD_WORLD_GAMES_1">
      <Text>Uluslarin Geçit Töreni</Text>
    </Row>
    <Row Tag="TXT_KEY_LEAGUE_PROJECT_REWARD_WORLD_GAMES_1_HELP">
      <Text>+3 [ICON_HAPPINESS_1] Mutluluk.</Text>
    </Row>
    <Row Tag="TXT_KEY_LEAGUE_PROJECT_REWARD_WORLD_GAMES_2">
      <Text>Kazanilan Madalyalar</Text>
    </Row>
    <Row Tag="TXT_KEY_LEAGUE_PROJECT_REWARD_WORLD_GAMES_2_HELP">
      <Text>+3 [ICON_HAPPINESS_1] Mutluluk.  Sehir Devletleri ile bir kerelik 30 [ICON_INFLUENCE] Nüfuz artisi.</Text>
    </Row>
    <Row Tag="TXT_KEY_LEAGUE_PROJECT_REWARD_WORLD_GAMES_3">
      <Text>Ev Sahipligi Yapilan Oyunlar</Text>
    </Row>
    <Row Tag="TXT_KEY_LEAGUE_PROJECT_REWARD_WORLD_GAMES_3_HELP">
      <Text>[ICON_TOURISM] Turizm 20 Tur boyunca %100 artar.  Ücretsiz Sosyal Politika.</Text>
    </Row>
    <Row Tag="TXT_KEY_LEAGUE_PROJECT_REWARD_DESC">
      <Text>{1_RewardIconString} {2_RewardDescription} {3_Contribution}: {4_RewardDetails}</Text>
    </Row>
  </Language_en_US>
</GameData>