﻿<?xml version="1.0" encoding="utf-8"?>
<!-- edited with XMLSPY v2004 rel. 2 U (http://www.xmlspy.com) by Anton Strenger (Firaxis Games) -->
<GameData>
  <Language_en_US>
    <Row Tag="TXT_KEY_PEDIA_FAITH_LABEL">
      <Text>Inanç:</Text>
    </Row>
    <Row Tag="TXT_KEY_MINOR_TRAIT_MERCANTILE">
      <Text>Ticari Sehir Devletleri</Text>
    </Row>
    <Row Tag="TXT_KEY_MINOR_TRAIT_RELIGIOUS">
      <Text>Dini Sehir Devletleri</Text>
    </Row>
    <Row Tag="TXT_KEY_ALLOWS_EMBASSY">
      <Text>Diger uygarliklarin baskentlerinde elçilikler kurulmasina izin verir.</Text>
    </Row>
    <Row Tag="TXT_KEY_TOP_PANEL_RELIGION_OFF">
      <Text>Din: KAPALI</Text>
    </Row>
    <Row Tag="TXT_KEY_TOP_PANEL_RELIGION_OFF_TOOLTIP">
      <Text>Din sistemi bu oyunda kapalidir. Inanç kazanilmaz. Panteonlar ve Dinler kurulamaz.</Text>
    </Row>
    <Row Tag="TXT_KEY_MO_GA_PROGRESS">
      <Text>Büyük Amiral Ilerleme</Text>
    </Row>
    <Row Tag="TXT_KEY_MO_ADMIRAL_TT">
      <Text>{1_current}\{2_needed}[NEWLINE]Bir sonraki Büyük Amiral'e dogru ilerleme, deniz birimlerinin savasta kazandigi XP'ye dayanir.</Text>
    </Row>
    <Row Tag="TXT_KEY_MO_GENERAL_TT">
      <Text>{1_current}\{2_needed}[NEWLINE]Bir sonraki Büyük General'e dogru ilerleme, savasta birimler tarafindan kazanilan XP'ye dayanir.</Text>
    </Row>
    <Row Tag="TXT_KEY_CITY_GP_MOD">
      <Text>[ICON_BULLET] Sehir Bonuslari: +{1_num}%</Text>
    </Row>
    <Row Tag="TXT_KEY_PLAYER_GP_MOD">
      <Text>[ICON_BULLET] Imparatorluk Bonuslari: +{1_num}%</Text>
    </Row>
    <Row Tag="TXT_KEY_EO_CITY_BUILDINGS">
      <Text>[ICON_PLUS] Sehir Binalari</Text>
    </Row>
    <Row Tag="TXT_KEY_EO_CITY_BUILDINGS_COLLAPSE">
      <Text>[ICON_MINUS] Sehir Binalari</Text>
    </Row>
    <Row Tag="TXT_KEY_EO_LOCAL_CITY">
      <Text>[ICON_PLUS] Yerel Sehir Mutlulugu</Text>
    </Row>
    <Row Tag="TXT_KEY_EO_LOCAL_CITY_COLLAPSE">
      <Text>[ICON_MINUS] Yerel Sehir Mutlulugu</Text>
    </Row>
    <Row Tag="TXT_KEY_EO_RELIGION">
      <Text>Din</Text>
    </Row>
    <Row Tag="TXT_KEY_EO_INCOME_RELIGION">
      <Text>Dinden Elde Edilen Gelir</Text>
    </Row>
    <Row Tag="TXT_KEY_EO_INTRIGUE_TURN">
      <Text>Dönüs</Text>
    </Row>
    <Row Tag="TXT_KEY_EO_INTRIGUE_FROM">
      <Text>Kimden</Text>
    </Row>
    <Row Tag="TXT_KEY_EO_INTRIGUE_MSG">
      <Text>Mesaj</Text>
    </Row>
    <Row Tag="TXT_KEY_GAME_CONCEPT_SECTION_22">
      <Text>Casusluk</Text>
    </Row>
    <Row Tag="TXT_KEY_GAME_CONCEPT_SECTION_23">
      <Text>Din</Text>
    </Row>
    <Row Tag="TXT_KEY_EGI_TRADE_ROUTE_MOD_INFO">
      <Text>{1_Num}% altin degistirici</Text>
    </Row>
    <!-- Tech Tree buttons-->
    <Row Tag="TXT_KEY_UNIT_FORTIFICATION_MOD">
      <Text>Tahkimattan gelen savas bonusu [COLOR_POSITIVE_TEXT]{1_UnitFortificationPercent}%[ENDCOLOR] oraninda artar</Text>
    </Row>
    <Row Tag="TXT_KEY_UNIT_BASE_HEAL_MOD">
      <Text>Temel birim iyilesme orani [COLOR_POSITIVE_TEXT]{1_UnitHealingPercent}%[ENDCOLOR] oraninda artar</Text>
    </Row>
    <Row Tag="TXT_KEY_FREE_PROMOTION_FROM_TECH">
      <Text>Izin verilen Birimlere [COLOR_POSITIVE_TEXT]([1][ENDCOLOR] Terfi verir[NEWLINE][NEWLINE]({@2_PromotionHelp})</Text>
    </Row>
    <!-- Religion Overview -->
    <Row Tag="TXT_KEY_RELIGION_OVERVIEW">
      <Text>Dine Genel Bakis</Text>
    </Row>
    <Row Tag="TXT_KEY_RO_TAB_YOUR_RELIGION">
      <Text>Sizin Dininiz</Text>
    </Row>
    <Row Tag="TXT_KEY_RO_TAB_WORLD_RELIGIONS">
      <Text>Dünya Dinleri</Text>
    </Row>
    <Row Tag="TXT_KEY_RO_TAB_BELIEFS">
      <Text>Inançlar</Text>
    </Row>
    <Row Tag="TXT_KEY_RO_RELIGIOUS_STATUS">
      <Text>Dini Durumunuz:</Text>
    </Row>
    <Row Tag="TXT_KEY_RO_BELIEFS">
      <Text>Inançlar:</Text>
    </Row>
    <Row Tag="TXT_KEY_RO_BELIEFS_NONE">
      <Text>Hiçbiri</Text>
    </Row>
    <Row Tag="TXT_KEY_RO_FAITH">
      <Text>[ICON_PEACE] INANC: {1_NumFaith}\{2_MinFaithForProphet}</Text>
    </Row>
    <Row Tag="TXT_KEY_RO_FAITH_TOOLTIP">
      <Text>Bir sonraki Büyük Peygamber için en az {1_MinFaith} [ICON_PEACE] Iman gerekir</Text>
    </Row>
    <Row Tag="TXT_KEY_RO_POSSIBLE_GP">
      <Text>Olasi Büyük Insanlar:</Text>
    </Row>
    <Row Tag="TXT_KEY_RO_AUTO_FAITH_PURCHASE">
      <Text>Otomatik [ICON_PEACE] Inanç Satin Alma:</Text>
    </Row>
    <Row Tag="TXT_KEY_RO_AUTO_FAITH_MISSIONARY">
      <Text>Misyoner Satin Alin</Text>
    </Row>
    <Row Tag="TXT_KEY_RO_AUTO_FAITH_INQUISITOR">
      <Text>Inquisitor Satin Alin</Text>
    </Row>
    <Row Tag="TXT_KEY_RO_AUTO_FAITH_BUILDING">
      <Text>Bina Satin Alma</Text>
    </Row>
    <Row Tag="TXT_KEY_RO_AUTO_FAITH_PROPHET">
      <Text>Büyük Peygamber için saklayin</Text>
    </Row>
    <Row Tag="TXT_KEY_RO_AUTO_FAITH_PURCHASE_PROPHET">
      <Text>Büyük Peygamber'i Satin Alin</Text>
    </Row>
    <Row Tag="TXT_KEY_RO_AUTO_FAITH_GREAT_PERSON">
      <Text>{1_GreatPersonType} için kaydet</Text>
    </Row>
    <Row Tag="TXT_KEY_RO_AUTO_FAITH_PURCHASE_GREAT_PERSON">
      <Text>Satin Alma {1_GreatPersonType}</Text>
    </Row>
    <Row Tag="TXT_KEY_RO_AUTO_FAITH_PROMPT">
      <Text>Sonra hatirlatirsin.</Text>
    </Row>
    <Row Tag="TXT_KEY_RO_NO_WORLD_RELIGIONS">
      <Text>Dünya Dini diye bir sey yoktur.</Text>
    </Row>
    <Row Tag="TXT_KEY_RO_WR_RELIGION">
      <Text>Din</Text>
    </Row>
    <Row Tag="TXT_KEY_RO_WR_HOLY_CITY">
      <Text>Kutsal Sehir</Text>
    </Row>
    <Row Tag="TXT_KEY_RO_WR_FOUNDER">
      <Text>Kurucu</Text>
    </Row>
    <Row Tag="TXT_KEY_RO_WR_NUMBER_OF_CITIES">
      <Text>Sehir Sayisi</Text>
    </Row>
    <Row Tag="TXT_KEY_RO_WR_OVERALL_STATUS">
      <Text>GENEL DURUM</Text>
    </Row>
    <Row Tag="TXT_KEY_RO_WR_NUM_AVAIL_RELIGIONS">
      <Text>Kurulabilecek Din Sayisi: {1_NumAvailReligions}</Text>
    </Row>
    <Row Tag="TXT_KEY_RO_B_NO_BELIEFS">
      <Text>Aktif Inanç yoktur.</Text>
    </Row>
    <Row Tag="TXT_KEY_RO_B_BELIEFS">
      <Text>Inançlar</Text>
    </Row>
    <Row Tag="TXT_KEY_RO_B_TYPE">
      <Text>Tip</Text>
    </Row>
    <Row Tag="TXT_KEY_RO_B_BONUS">
      <Text>Bonus</Text>
    </Row>
    <Row Tag="TXT_KEY_RO_B_RELIGION">
      <Text>Din</Text>
    </Row>
    <Row Tag="TXT_KEY_RO_STATUS_FOUNDER">
      <Text>{1_ReligionName}'nin kurucusu</Text>
    </Row>
    <Row Tag="TXT_KEY_RO_STATUS_CREATED_PANTHEON">
      <Text>Bir Pantheon yaratti</Text>
    </Row>
    <Row Tag="TXT_KEY_RO_STATUS_CAN_CREATE_PANTHEON">
      <Text>Pantheon'u simdi yaratabilirim!</Text>
    </Row>
    <Row Tag="TXT_KEY_RO_STATUS_NEED_FAITH">
      <Text>Bir Panteon olusturmak için {1_NumFaith} [ICON_PEACE] Inanca ihtiyaç var</Text>
    </Row>
    <Row Tag="TXT_KEY_RO_STATUS_TOO_LATE">
      <Text>Pantheon olusturmak için çok geç</Text>
    </Row>
    <Row Tag="TXT_KEY_RO_BELIEF_TYPE_PANTHEON">
      <Text>Pantheon</Text>
    </Row>
    <Row Tag="TXT_KEY_RO_BELIEF_TYPE_FOUNDER">
      <Text>Kurucu</Text>
    </Row>
    <Row Tag="TXT_KEY_RO_BELIEF_TYPE_FOLLOWER">
      <Text>Takipçi</Text>
    </Row>
    <Row Tag="TXT_KEY_RO_BELIEF_TYPE_ENHANCER">
      <Text>Güçlendirici</Text>
    </Row>
    <Row Tag="TXT_KEY_RO_YR_NO_GREAT_PEOPLE">
      <Text>Hiçbiri</Text>
    </Row>
    <Row Tag="TXT_KEY_RO_WR_UNKNOWN_CIV">
      <Text>Bilinmeyen Uygarlik</Text>
    </Row>
    <Row Tag="TXT_KEY_RO_WR_UNKNOWN_HOLY_CITY">
      <Text>Bilinmeyen Sehir</Text>
    </Row>
    <Row Tag="TXT_KEY_RO_BELIEF_PANTHEON">
      <Text>{@1_CivAdj} Pantheon</Text>
    </Row>
    <Row Tag="TXT_KEY_RO_BELIEF_UNKNOWN_PANTHEON">
      <Text>Bilinmeyen Pantheon</Text>
    </Row>
    <!-- Espionage Overview-->
    <Row Tag="TXT_KEY_EO_VIEW">
      <Text>Görünüm</Text>
    </Row>
    <Row Tag="TXT_KEY_EO_VIEW_TOOLTIP">
      <Text>Sehri Görüntüle</Text>
    </Row>
    <Row Tag="TXT_KEY_EO_RELOCATE">
      <Text>Hareket</Text>
    </Row>
    <Row Tag="TXT_KEY_EO_RELOCATE_TOOLTIP">
      <Text>Tasinmak</Text>
    </Row>
    <Row Tag="TXT_KEY_EO_TITLE">
      <Text>Casusluga Genel Bakis</Text>
    </Row>
    <Row Tag="TXT_KEY_EO_AGENTS">
      <Text>Ajanlar</Text>
    </Row>
    <Row Tag="TXT_KEY_EO_NAME_RANK">
      <Text>Isim\Rank</Text>
    </Row>
    <Row Tag="TXT_KEY_EO_LOCATION">
      <Text>Konum</Text>
    </Row>
    <Row Tag="TXT_KEY_EO_ACTIVITY">
      <Text>Etkinlik</Text>
    </Row>
    <Row Tag="TXT_KEY_EO_YOUR_CITIES">
      <Text>Sizin Sehirleriniz</Text>
    </Row>
    <Row Tag="TXT_KEY_EO_THEIR_CITIES">
      <Text>Onlarin Sehirleri</Text>
    </Row>
    <Row Tag="TXT_KEY_EO_CIVILIZATION">
      <Text>Uygarlik</Text>
    </Row>
    <Row Tag="TXT_KEY_EO_NAME">
      <Text>Isim</Text>
    </Row>
    <Row Tag="TXT_KEY_EO_POTENTIAL">
      <Text>Potansiyel</Text>
    </Row>
    <Row Tag="TXT_KEY_EO_RELOCATE_SPY_QUESTION">
      <Text>Spy'in yerini degistirmek mi?</Text>
    </Row>
    <Row Tag="TXT_KEY_CITY_HAS_SPY_TT">
      <Text>{1_SpyName} bu sehri isgal ediyor.</Text>
    </Row>
    <Row Tag="TXT_KEY_EO_COUP">
      <Text>Darbe</Text>
    </Row>
    <Row Tag="TXT_KEY_EO_COUP_TT">
      <Text>Casus, Sehir Devleti ile müttefik olmak için bir darbe düzenlemeye çalisacaktir. Sehir Devleti zaten baska bir uygarlikla müttefik olmalidir.</Text>
    </Row>
    <Row Tag="TXT_KEY_EO_STAGE_COUP_QUESTION">
      <Text>{1_SpyRank} {2_SpyName}, müttefikimiz olacak bir grubu iktidara getirerek {3_CityName}'te bir darbe yapmaya kalkisabilir. {4_CivShortDesc} destekçilerinin önde gelen grubu devrilecek ve etkileri azalacaktir.[NEWLINE][NEWLINE][COLOR_HIGHLIGHT_TEXT]Bu operasyonun basari sansi % {5_PERCENT}'dur.[ENDCOLOR] Basarili olursaniz, {6_CityName} ile müttefik olacaksiniz ve {7_CivShortDesc}'nin etkisi azalacaktir. Basarisiz olursaniz, casusunuz girisim sirasinda öldürülecek ve {8_CityName} üzerindeki etkiniz azalacaktir. [NEWLINE][NEWLINE] {9_SpyRank} {10_SpyName}'in {11_CityName}'de bir darbe girisiminde bulunmasini istiyor musunuz?</Text>
    </Row>
    <Row Tag="TXT_KEY_EO_KIA">
      <Text>CATISMADA ÖLDÜRÜLDÜ</Text>
    </Row>
    <Row Tag="TXT_KEY_CHOOSE_PANTHEON_TITLE">
      <Text>Bir Pantheon Buldum</Text>
    </Row>
    <Row Tag="TXT_KEY_CHOOSE_RELIGION_TITLE">
      <Text>Bir Din Buldum</Text>
    </Row>
    <Row Tag="TXT_KEY_CHOOSE_RELIGION_TITLE_ENHANCE">
      <Text>Bir Dini Gelistirin</Text>
    </Row>
    <Row Tag="TXT_KEY_CHOOSE_RELIGION_SELECT_ICON">
      <Text>Bir Din simgesi seçin.</Text>
    </Row>
    <Row Tag="TXT_KEY_CHOOSE_RELIGION_PANTHEON_BELIEF">
      <Text>Pantheon Inanci</Text>
    </Row>
    <Row Tag="TXT_KEY_CHOOSE_RELIGION_SELECT_PANTHEON_BELIEF">
      <Text>Lütfen bir Pantheon Inanci seçin.</Text>
    </Row>
    <Row Tag="TXT_KEY_CHOOSE_RELIGION_FOUNDER_BELIEF">
      <Text>Kurucu Inanci</Text>
    </Row>
    <Row Tag="TXT_KEY_CHOOSE_RELIGION_SELECT_FOUNDER_BELIEF">
      <Text>Bir Kurucu Inanci seçin (kurucunun uygarligi için bonus).</Text>
    </Row>
    <Row Tag="TXT_KEY_CHOOSE_RELIGION_FOLLOWER_BELIEF">
      <Text>Takipçi Inanci</Text>
    </Row>
    <Row Tag="TXT_KEY_CHOOSE_RELIGION_SELECT_FOLLOWER_BELIEF">
      <Text>Bir Takipçi Inanci seçin (dini takip eden her sehir için bonus).</Text>
    </Row>
    <Row Tag="TXT_KEY_CHOOSE_RELIGION_FOLLOWER_BELIEF2">
      <Text>2. Takipçi Inanci</Text>
    </Row>
    <Row Tag="TXT_KEY_CHOOSE_RELIGION_SELECT_FOLLOWER_BELIEF2">
      <Text>Bir Takipçi Inanci seçin.</Text>
    </Row>
    <Row Tag="TXT_KEY_CHOOSE_RELIGION_SPREAD_BELIEF">
      <Text>Güçlendirici Inanç</Text>
    </Row>
    <Row Tag="TXT_KEY_CHOOSE_RELIGION_SELECT_SPREAD_BELIEF">
      <Text>Bir Güçlendirici Inanç seçin.</Text>
    </Row>
    <Row Tag="TXT_KEY_CHOOSE_RELIGION_BONUS_BELIEF">
      <Text>Bonus Inanç</Text>
    </Row>
    <Row Tag="TXT_KEY_CHOOSE_RELIGION_SELECT_BONUS_BELIEF">
      <Text>Bir Bonus Inanç seçin.</Text>
    </Row>
    <Row Tag="TXT_KEY_CHOOSE_RELIGION_OK_BUTTON">
      <Text>Bulunan Din</Text>
    </Row>
    <Row Tag="TXT_KEY_CHOOSE_RELIGION_OK_BUTTON_ENHANCE">
      <Text>Dini Gelistirin</Text>
    </Row>
    <Row Tag="TXT_KEY_CHOOSE_RELIGION_CHANGE_NAME">
      <Text>Isim Degistir</Text>
    </Row>
    <Row Tag="TXT_KEY_CHOOSE_RELIGION_ENTER_NAME">
      <Text>Yeni bir ad girin</Text>
    </Row>
    <Row Tag="TXT_KEY_CHOOSE_RELIGION_ERROR_NAME_EMPTY">
      <Text>Isim bos olmamalidir.</Text>
    </Row>
    <Row Tag="TXT_KEY_CHOOSE_RELIGION_ALREADY_FOUNDED">
      <Text>{1_ReligionName} zaten {2_CivName} tarafindan kurulmustu.</Text>
    </Row>
    <Row Tag="TXT_KEY_CHOOSE_RELIGION_UNMET_PLAYER">
      <Text>karsilanmamis bir oyuncu</Text>
    </Row>
    <Row Tag="TXT_KEY_CHOOSE_RELIGION_AVAILABLE_LATER">
      <Text>Din gelistirildiginde daha sonra kullanilabilir.</Text>
    </Row>
    <Row Tag="TXT_KEY_CHOOSE_RELIGION_BYZANTINES_ONLY">
      <Text>Sadece Bizanslilar için geçerlidir.</Text>
    </Row>
    <Row Tag="TXT_KEY_CHOOSE_RELIGION_NAME_LABEL">
      <Text>{1_ReligionName} [COLOR_GREEN](Adi özellestirmek için tiklayin)[ENDCOLOR]</Text>
    </Row>
    <Row Tag="TXT_KEY_CHOOSE_RELIGION_FOUNDED_IN">
      <Text>{1_DateYear}'de kuruldu</Text>
    </Row>
    <Row Tag="TXT_KEY_CHOOSE_RELIGION_CONFIRM">
      <Text>{1_ReligionName} bulmak istediginizden emin misiniz?</Text>
    </Row>
    <Row Tag="TXT_KEY_CHOOSE_RELIGION_CONFIRM_ENHANCE">
      <Text>{1_ReligionName} gelistirmeye hazir misiniz?</Text>
    </Row>
    <!-- =====================================-->
    <!-- == BEGIN new Diplomacy Victory text keys ==-->
    <!-- =====================================-->
    <Row Tag="TXT_KEY_VP_DIPLO_SUBTITLE_ALT">
      <Text>Bir sonraki BM Seçiminin Öngörülen Sonucu:</Text>
    </Row>
    <Row Tag="TXT_KEY_VP_DIPLO_MY_VOTES_ALT">
      <Text>Sizin için öngörülen oylar:</Text>
    </Row>
    <!-- Projected Votes column -->
    <Row Tag="TXT_KEY_VP_DIPLO_MY_VOTES_TITLE_ALT">
      <Text>Öngörülen Oylar</Text>
    </Row>
    <Row Tag="TXT_KEY_VP_DIPLO_MY_VOTES_COL_TT_ALT">
      <Text>Her oyuncunun bir sonraki BM seçimlerinde alacagi tahmin edilen oy sayisi.  Gerçek oylar, su an ile seçim arasinda gerçeklesecek oyun etkinliklerine bagli olarak degisebilir.</Text>
    </Row>
    <Row Tag="TXT_KEY_VP_DIPLO_MY_VOTES_TT_SUMMARY_ALT">
      <Text>{@1_CivName}'ün öngörülen {2_NumProjectedVotes} oyu vardir.</Text>
    </Row>
    <Row Tag="TXT_KEY_VP_DIPLO_MY_VOTES_TT_CIVS_ALT">
      <Text>Bir önceki seçimde {@1_CivName} Medeniyetler'den {2_NumVotesFromCivs} oy almisti.  Bu durum önümüzdeki seçimde uluslararasi iliskilere bagli olarak degisebilir.  Medeniyetler, en iyi iliskilere sahip olduklari diger Medeniyete oy verecektir.</Text>
    </Row>
    <Row Tag="TXT_KEY_VP_DIPLO_MY_VOTES_TT_CITYSTATES_ALT">
      <Text>{@1_CivName}, Sehir-Devlet iliskileri su anda oldugu gibi ayni kalirsa, Sehir-Devletlerden {2_NumVotesFromMinorCivs} oy alacaktir.  Sehir Devletleri, kendilerini en son kurtaran Medeniyete veya kurtaran yoksa mevcut müttefiklerine oy verecektir.</Text>
    </Row>
    <Row Tag="TXT_KEY_VP_DIPLO_MY_VOTES_TT_UN_ALT">
      <Text>{@1_CivName} BM'nin insasindan 1 oy alir.</Text>
    </Row>
    <!-- Civilizations column-->
    <Row Tag="TXT_KEY_VP_DIPLO_SELF_VOTES_TITLE_ALT">
      <Text>Medeniyetler</Text>
    </Row>
    <Row Tag="TXT_KEY_VP_DIPLO_SELF_VOTES_COL_TT_ALT">
      <Text>Bir önceki seçimde diger Medeniyetlerden alinan oy sayisi.</Text>
    </Row>
    <Row Tag="TXT_KEY_VP_DIPLO_SELF_VOTES_TT_ALT">
      <Text>Son BM seçimlerinde {@1_CivName}, kendileriyle en iyi iliskilere sahip Medeniyetlerden oy aldi:</Text>
    </Row>
    <!-- City-States column-->
    <Row Tag="TXT_KEY_VP_DIPLO_CS_VOTES_COL_TT_ALT">
      <Text>Sehir-Devlet müttefiklerinin mevcut sayisi.</Text>
    </Row>
    <Row Tag="TXT_KEY_VP_DIPLO_CS_VOTES_TT_ALT">
      <Text>{@1_CivName} su anda müttefiktir:</Text>
    </Row>
    <!-- Liberated City-States column-->
    <Row Tag="TXT_KEY_VP_DIPLO_LIBERATED_VOTES_COL_TT_ALT">
      <Text>Su anda kurtarilan Sehir Devletleri sayisi.</Text>
    </Row>
    <Row Tag="TXT_KEY_VP_DIPLO_LIBERATED_VOTES_TT_ALT">
      <Text>{@1_CivName} en son serbest birakilmistir:</Text>
    </Row>
    <!-- Last Vote column-->
    <Row Tag="TXT_KEY_VP_DIPLO_LIBERATED_CIV_TITLE_ALT">
      <Text>Son Oylama</Text>
    </Row>
    <Row Tag="TXT_KEY_VP_DIPLO_LIBERATED_CIV_COL_TT_ALT">
      <Text>Bir önceki seçimde hangi Medeniyete oy verildi.  (Kendinize oy veremezsiniz.)</Text>
    </Row>
    <Row Tag="TXT_KEY_VP_DIPLO_LIBERATED_CIV_TT_ALT">
      <Text>{@1_VotingCivName} son seçimde {@2_RecipientCivName}'ya oy verdi, çünkü en iyi iliskilere sahiptiler. [NEWLINE][NEWLINE] ([3]'un size karsi su anki ruh hali: {@3_MoodTowardsYou}</Text>
    </Row>
    <!-- ===================================-->
    <!-- == END new Diplomacy Victory text keys ==-->
    <!-- ===================================-->
  </Language_en_US>
</GameData>