﻿<?xml version="1.0" encoding="utf-8"?>
<!-- edited with XMLSPY v2004 rel. 2 U (http://www.xmlspy.com) by Ed Beach (Firaxis Games) -->
<GameData>
  <Language_en_US>
    <!-- RELIGIONS -->
    <Row Tag="TXT_KEY_RELIGION_PANTHEON">
      <Text>Pantheon</Text>
    </Row>
    <Row Tag="TXT_KEY_RELIGION_BUDDHISM">
      <Text>Budizm</Text>
    </Row>
    <Row Tag="TXT_KEY_RELIGION_CONFUCIANISM">
      <Text>Konfüçyanizm</Text>
    </Row>
    <Row Tag="TXT_KEY_RELIGION_CHRISTIANITY">
      <Text>Hristiyanlik</Text>
    </Row>
    <Row Tag="TXT_KEY_RELIGION_HINDUISM">
      <Text>Hinduizm</Text>
    </Row>
    <Row Tag="TXT_KEY_RELIGION_ISLAM">
      <Text>Islam</Text>
    </Row>
    <Row Tag="TXT_KEY_RELIGION_JUDAISM">
      <Text>Yahudilik</Text>
    </Row>
    <Row Tag="TXT_KEY_RELIGION_SHINTO">
      <Text>Sinto</Text>
    </Row>
    <Row Tag="TXT_KEY_RELIGION_SIKHISM">
      <Text>Sihizm</Text>
    </Row>
    <Row Tag="TXT_KEY_RELIGION_TAOISM">
      <Text>Taoizm</Text>
    </Row>
    <Row Tag="TXT_KEY_RELIGION_TENGRIISM">
      <Text>Tengricilik</Text>
    </Row>
    <Row Tag="TXT_KEY_RELIGION_ZOROASTRIANISM">
      <Text>Zerdüstlük</Text>
    </Row>
    <!-- BELIEF NAMES -->
    <Row Tag="TXT_KEY_BELIEF_GODDESS_HUNT_SHORT">
      <Text>Av Tanriçasi</Text>
    </Row>
    <Row Tag="TXT_KEY_BELIEF_FERTILITY_RITES_SHORT">
      <Text>Dogurganlik Törenleri</Text>
    </Row>
    <Row Tag="TXT_KEY_BELIEF_GOD_CRAFTSMEN_SHORT">
      <Text>Zanaatkarlarin Tanrisi</Text>
    </Row>
    <Row Tag="TXT_KEY_BELIEF_GOD_SEA_SHORT">
      <Text>Deniz Tanrisi</Text>
    </Row>
    <Row Tag="TXT_KEY_BELIEF_OPEN_SKY_SHORT">
      <Text>Açik Gökyüzünün Tanrisi</Text>
    </Row>
    <Row Tag="TXT_KEY_BELIEF_MESSENGER_GODS_SHORT">
      <Text>Tanrilarin Elçisi</Text>
    </Row>
    <Row Tag="TXT_KEY_BELIEF_ONE_WITH_NATURE_SHORT">
      <Text>Doga ile Bir</Text>
    </Row>
    <Row Tag="TXT_KEY_BELIEF_FEED_WORLD_SHORT">
      <Text>Dünyayi Besleyin</Text>
    </Row>
    <Row Tag="TXT_KEY_BELIEF_FORMAL_LITURGY_SHORT">
      <Text>Dini Putlar</Text>
    </Row>
    <Row Tag="TXT_KEY_BELIEF_STONE_CIRCLES_SHORT">
      <Text>Tas Cemberler</Text>
    </Row>
    <Row Tag="TXT_KEY_BELIEF_GOD_WAR_SHORT">
      <Text>Savas Tanrisi</Text>
    </Row>
    <Row Tag="TXT_KEY_BELIEF_SWORD_PLOWSHARES_SHORT">
      <Text>Kiliçlar Kargilara Dönüstü</Text>
    </Row>
    <Row Tag="TXT_KEY_BELIEF_SACRED_ANIMALS_SHORT">
      <Text>Kutsal Hayvanlar</Text>
    </Row>
    <Row Tag="TXT_KEY_BELIEF_HARVEST_FESTIVAL_SHORT">
      <Text>Hasat Festivali</Text>
    </Row>
    <Row Tag="TXT_KEY_BELIEF_SACRED_WATERS_SHORT">
      <Text>Kutsal Sular</Text>
    </Row>
    <Row Tag="TXT_KEY_BELIEF_GODDESS_LOVE_SHORT">
      <Text>Ask Tanriçasi</Text>
    </Row>
    <Row Tag="TXT_KEY_BELIEF_RELIGIOUS_SETTLEMENTS_SHORT">
      <Text>Dini Yerlesimler</Text>
    </Row>
    <Row Tag="TXT_KEY_BELIEF_GOD_FESTIVALS_SHORT">
      <Text>Festivaller Tanriçasi</Text>
    </Row>
    <Row Tag="TXT_KEY_BELIEF_ORAL_TRADITION_SHORT">
      <Text>Sözlü Gelenek</Text>
    </Row>
    <Row Tag="TXT_KEY_BELIEF_ANCESTOR_WORSHIP_SHORT">
      <Text>Atalara Tapinma</Text>
    </Row>
    <Row Tag="TXT_KEY_BELIEF_DESERT_FOLKLORE_SHORT">
      <Text>Cöl Folkloru</Text>
    </Row>
    <Row Tag="TXT_KEY_BELIEF_SACRED_PATH_SHORT">
      <Text>Kutsal Yol</Text>
    </Row>
    <Row Tag="TXT_KEY_BELIEF_GODDESS_STRATEGY_SHORT">
      <Text>Koruma Tanriçasi</Text>
    </Row>
    <Row Tag="TXT_KEY_BELIEF_FAITH_HEALERS_SHORT">
      <Text>Inanç Sifacilari</Text>
    </Row>
    <Row Tag="TXT_KEY_BELIEF_MONUMENT_GODS_SHORT">
      <Text>Tanrilar Aniti</Text>
    </Row>
    <Row Tag="TXT_KEY_BELIEF_RELIGIOUS_TEXTS_SHORT">
      <Text>Dini Metinler</Text>
    </Row>
    <Row Tag="TXT_KEY_BELIEF_RELIQUARY_SHORT">
      <Text>Reliquary</Text>
    </Row>
    <Row Tag="TXT_KEY_BELIEF_PEACE_LOVING_SHORT">
      <Text>Barissever</Text>
    </Row>
    <Row Tag="TXT_KEY_BELIEF_FLOURISHING_OF_ARTS_SHORT">
      <Text>Sanatin Gelisimi</Text>
    </Row>
    <Row Tag="TXT_KEY_BELIEF_CEREMONIAL_BURIAL_SHORT">
      <Text>Törenle Defin</Text>
    </Row>
    <Row Tag="TXT_KEY_BELIEF_CHURCH_PROPERTY_SHORT">
      <Text>Kilise Mülkü</Text>
    </Row>
    <Row Tag="TXT_KEY_BELIEF_TITHE_SHORT">
      <Text>Ösür</Text>
    </Row>
    <Row Tag="TXT_KEY_BELIEF_INITIATION_RITES_SHORT">
      <Text>Inisiyasyon Törenleri</Text>
    </Row>
    <Row Tag="TXT_KEY_BELIEF_JUST_WAR_SHORT">
      <Text>Sadece Savas</Text>
    </Row>
    <Row Tag="TXT_KEY_BELIEF_DEFENDER_FAITH_SHORT">
      <Text>Inancin Savunucusu</Text>
    </Row>
    <Row Tag="TXT_KEY_BELIEF_ITINERANT_PREACHERS_SHORT">
      <Text>Gezici Vaizler</Text>
    </Row>
    <Row Tag="TXT_KEY_BELIEF_MESSIAH_SHORT">
      <Text>Mesih</Text>
    </Row>
    <Row Tag="TXT_KEY_BELIEF_MISSIONARY_ZEAL_SHORT">
      <Text>Misyonerlik Gayreti</Text>
    </Row>
    <Row Tag="TXT_KEY_BELIEF_HOLY_ORDER_SHORT">
      <Text>Kutsal Düzen</Text>
    </Row>
    <Row Tag="TXT_KEY_BELIEF_RELIGIOUS_UNITY_SHORT">
      <Text>Dini Birlik</Text>
    </Row>
    <Row Tag="TXT_KEY_BELIEF_CATHEDRALS_SHORT">
      <Text>Katedraller</Text>
    </Row>
    <Row Tag="TXT_KEY_BELIEF_MOSQUES_SHORT">
      <Text>Camiler</Text>
    </Row>
    <Row Tag="TXT_KEY_BELIEF_PAGODAS_SHORT">
      <Text>Pagodalar</Text>
    </Row>
    <Row Tag="TXT_KEY_BELIEF_MONASTERIES_SHORT">
      <Text>Manastirlar</Text>
    </Row>
    <Row Tag="TXT_KEY_BELIEF_PEACE_GARDENS_SHORT">
      <Text>Baris Bahçeleri</Text>
    </Row>
    <Row Tag="TXT_KEY_BELIEF_CHORAL_MUSIC_SHORT">
      <Text>Koro Müzigi</Text>
    </Row>
    <Row Tag="TXT_KEY_BELIEF_RELIGIOUS_ART_SHORT">
      <Text>Dini Sanat</Text>
    </Row>
    <Row Tag="TXT_KEY_BELIEF_LITURGICAL_DRAMA_SHORT">
      <Text>Litürjik Drama</Text>
    </Row>
    <Row Tag="TXT_KEY_BELIEF_ASCETISM_SHORT">
      <Text>Cilecilik</Text>
    </Row>
    <Row Tag="TXT_KEY_BELIEF_RELIGIOUS_CENTER_SHORT">
      <Text>Diyanet Merkezi</Text>
    </Row>
    <Row Tag="TXT_KEY_BELIEF_PAPAL_PRIMACY_SHORT">
      <Text>Papalik Önceligi</Text>
    </Row>
    <Row Tag="TXT_KEY_BELIEF_DANCE_AURORA_SHORT">
      <Text>Aurora'nin Dansi</Text>
    </Row>
    <Row Tag="TXT_KEY_BELIEF_WORLD_CHURCH_SHORT">
      <Text>Dünya Kilisesi</Text>
    </Row>
    <Row Tag="TXT_KEY_BELIEF_PILGRIMAGE_SHORT">
      <Text>Hac Yolculugu</Text>
    </Row>
    <Row Tag="TXT_KEY_BELIEF_INTERFAITH_DIALOGUE_SHORT">
      <Text>Dinlerarasi Diyalog</Text>
    </Row>
    <Row Tag="TXT_KEY_BELIEF_HOLY_WARRIORS_SHORT">
      <Text>Kutsal Savasçilar</Text>
    </Row>
    <Row Tag="TXT_KEY_BELIEF_RELIGIOUS_COMMUNITY_SHORT">
      <Text>Dini Topluluk</Text>
    </Row>
    <Row Tag="TXT_KEY_BELIEF_DIVINE_INSPIRATION_SHORT">
      <Text>Ilahi Ilham</Text>
    </Row>
    <Row Tag="TXT_KEY_BELIEF_GURUSHIP_SHORT">
      <Text>Guruship</Text>
    </Row>
  </Language_en_US>
</GameData>