﻿<?xml version="1.0" encoding="utf-8"?>
<GameData>
  <EnglishText>
    <Row Tag="LOC_BYZANTIUM_GAUL_MOD_TITLE">
      <Text>Bizans ve Galya Paketi</Text>
    </Row>
    <Row Tag="LOC_BYZANTIUM_GAUL_MOD_TEASER">
      <Text>Yeni Medeniyetler ve Liderler - Bizansli Basil II ve Galyali Ambiorix</Text>
    </Row>
    <Row Tag="LOC_BYZANTIUM_GAUL_MOD_DESCRIPTION">
      <Text>Iki yeni uygarlik ve lider, 2 yeni dünya harikasi, 1 yeni harita senaryosu ve Dramatik Caglar oyun modunu içerir.</Text>
    </Row>
  </EnglishText>
</GameData>