﻿<?xml version="1.0" encoding="utf-8"?>
<GameData>
  <EnglishText>
    <!-- Game Concepts -->
    <Row Tag="LOC_PEDIA_CONCEPTS_PAGE_DRAMATICAGES_CHAPTER_CONTENT_TITLE">
      <Text>Dramatik Caglar</Text>
    </Row>
    <Row Tag="LOC_PEDIA_CONCEPTS_PAGE_DRAMATICAGES_CHAPTER_WELCOME_TITLE">
      <Text>Hos geldiniz</Text>
    </Row>
    <Row Tag="LOC_PEDIA_CONCEPTS_PAGE_DRAMATICAGES_CHAPTER_WELCOME_PARA_1">
      <Text>Oyun kurulumunda oyuncular Dramatik Caglar oyun modunu açabilirler. Cag Puani kazanma kurallari, oyunculari çatismaya girmeye ve Teknolojiler ve Yurttaslik Bilgisi ile güncel kalmaya tesvik edecek sekilde ayarlanmistir. [ICON_GLORY_SUPER_GOLDEN_AGE] Kahramanlik Caglari ve Adanmisliklar kaldirilmistir ve oyuncular ilk çagda yalnizca [ICON_GLORY_NORMAL_AGE] Normal Cagda olabilirler. Bundan sonra ya bir [ICON_GLORY_DARK_AGE] Karanlik Cag ya da bir [ICON_GLORY_GOLDEN_AGE] Altin Cag kazanacaklar, her ikisi de her zamankinden daha güçlü. Karanlik Caglar sehirlerin Serbest Sehirlere dönüsmesine bile neden olabilir.</Text>
    </Row>
    <Row Tag="LOC_PEDIA_CONCEPTS_PAGE_DRAMATICAGES_CHAPTER_ERASCORE_TITLE">
      <Text>Dönem Puani</Text>
    </Row>
    <Row Tag="LOC_PEDIA_CONCEPTS_PAGE_DRAMATICAGES_CHAPTER_ERASCORE_PARA_1">
      <Text>Oyuncular sadece bir [ICON_GLORY_DARK_AGE] Karanlik Cag veya bir [ICON_GLORY_GOLDEN_AGE] Altin Cag kazanabilirler. Altin Cag kazanma esigi, oyuncunun [ICON_Capital] Baskentten sonra sahip oldugu her sehir için 3 artar. Ayrica, bir Altin Cag kazanmak esigi 5 artirirken, bir Karanlik Cag kazanmak esigi 10 düsürür. Bu esikler, oyun çag degistirdiginde, tipki Modsuz kurallar gibi hesaplanir ve sabitlenir, bu nedenle bir çag içinde hareketli bir hedefi vurma konusunda endiselenmenize gerek yoktur.</Text>
    </Row>
    <Row Tag="LOC_PEDIA_CONCEPTS_PAGE_DRAMATICAGES_CHAPTER_ERASCORE_PARA_2">
      <Text>Oyuncular artik oyun dönemi degistiginde Adanma yapmiyor. Adanma etkilerinden Cag Puani kazanmak yerine, oyuncular her Teknoloji veya Sivil tamamladiklarinda 1 Cag Puani kazanirlar. Ayrica askeri birimlerinden biri terfi aldiginda, bu birimin ilk terfisinden sonra her seferinde 1 Cag Puani kazanirlar. Tarihi Anlardan da Cag Puani kazanilmaya devam edilebilir. Adanmisliklardan elde edilen oyun bonuslari yerine, oyuncular özel ve daha esnek Sosyal Politikalara erisim elde ederler.</Text>
    </Row>
    <Row Tag="LOC_PEDIA_CONCEPTS_PAGE_DRAMATICAGES_CHAPTER_GOLDENAGES_TITLE">
      <Text>Altin Caglar</Text>
    </Row>
    <Row Tag="LOC_PEDIA_CONCEPTS_PAGE_DRAMATICAGES_CHAPTER_GOLDENAGES_PARA_1">
      <Text>Bir önceki çagdayken [ICON_GLORY_GOLDEN_AGE] Altin Caga ulasmak için gerekenden daha fazla Cag Puani kazandiysaniz, bu fazlalik Altin Caginiz boyunca vatandaslarinizin ek Sadakat baskisi uygulamasina neden olacaktir. Her 1 Cag Puani vatandaslariniz için %5'lik bir baski artisi saglar. Bu oran %50'ye ulastiginda, ek baski hala kazanilabilir, ancak azalan getiriler vardir.</Text>
    </Row>
    <Row Tag="LOC_PEDIA_CONCEPTS_PAGE_DRAMATICAGES_CHAPTER_GOLDENAGES_PARA_2">
      <Text>Altin Caglar, Hükümetinizin Wildcard yuvalarina yerlestirilebilen güçlü Altin Politikalara erisim saglar.</Text>
    </Row>
    <Row Tag="LOC_PEDIA_CONCEPTS_PAGE_DRAMATICAGES_CHAPTER_DARKAGES_TITLE">
      <Text>Karanlik Caglar</Text>
    </Row>
    <Row Tag="LOC_PEDIA_CONCEPTS_PAGE_DRAMATICAGES_CHAPTER_DARKAGES_PARA_1">
      <Text>[ICON_GLORY_DARK_AGE] Karanlik Caglar, Hükümetinizin Wildcard yuvalarina yerlestirilebilen Karanlik Politikalara erisim saglar. Bunlar güçlüdür, ancak bir dezavantaj etkisi vardir. Bazi politikalar normal oyundakilerle aynidir, bazilari ise yeniden islenmis veya yepyeni politikalardir.</Text>
    </Row>
    <Row Tag="LOC_PEDIA_CONCEPTS_PAGE_DRAMATICAGES_CHAPTER_DARKAGES_PARA_2">
      <Text>Karanlik Cag'a düsmek ayni zamanda en az 1 sehrin aninda isyan etmesine neden olur. Bu sehirler Özgür Sehirlere dönüsür. Yakindaki dost sehirlerden gelen en düsük Sadakat baskisina sahip sehirler en fazla risk altinda olanlardir ve bunlar genellikle imparatorlugunuzun eteklerinde yer alir. Ancak [ICON_Capital] Baskentiniz her zaman güvendedir.</Text>
    </Row>
    <Row Tag="LOC_PEDIA_CONCEPTS_PAGE_DRAMATICAGES_CHAPTER_FREECITIES_TITLE">
      <Text>Özgür Sehirler</Text>
    </Row>
    <Row Tag="LOC_PEDIA_CONCEPTS_PAGE_DRAMATICAGES_CHAPTER_FREECITIES_PARA_1">
      <Text>Karanlik Caglarda imparatorluklardan çikan Özgür Sehirlerin sayisi seçtiginiz zorluk seviyesine baglidir. Dahasi, Özgür Sehirler artik diger sehirler ve birbirleri üzerinde Sadakat baskisi uygulayabilir, böylece çok daha dirençli olabilirler.[NEWLINE][ICON_BULLET]Yerlesimci: %5 Insan sehri kaybedildi, %30 YZ sehri kaybedildi. Özgür Sehirlerden 1x baski.[NEWLINE][ICON_BULLET]Sef: %10 Insan sehri kaybedildi, %30 YZ sehri kaybedildi. Özgür Sehirlerden 2 kat baski.[NEWLINE][ICON_BULLET]Savas Lordu: 15 Insan sehri kaybedildi, %25 YZ sehri kaybedildi. Özgür Sehirlerden 2,5 kat baski.[NEWLINE][ICON_BULLET]Prens: %20 Insan sehri kaybedildi, %20 YZ sehri kaybedildi. Özgür Sehirlerden 3x baski.[NEWLINE][ICON_BULLET]Kral: %25 Insan sehri kaybedildi, %15 YZ sehri kaybedildi. Özgür Sehirlerden 3,5x baski.[NEWLINE][ICON_BULLET]Imparator: %30 Insan sehri kaybedildi, %15 YZ sehri kaybedildi. Özgür Sehirlerden 4x baski.[NEWLINE][ICON_BULLET]Ölümsüz: %35 Insan sehirleri kaybedildi, %10 YZ sehirleri kaybedildi. Özgür Sehirlerden 4,5x baski.[NEWLINE][ICON_BULLET]Ilah: %40 Insan sehri kaybedildi, %10 YZ sehri kaybedildi. Özgür Sehirlerden 5x baski.</Text>
    </Row>
    <!-- Policies -->
    <Row Tag="LOC_PEDIA_GOVERNMENTS_PAGEGROUP_GOLDENAGE_POLICIES_NAME">
      <Text>Altin Cag Politikalari</Text>
    </Row>
    <Row Tag="LOC_PEDIA_GOVERNMENTS_PAGE_POLICY_EXODUS_OF_THE_EVANGELISTS_CHAPTER_HISTORY_PARA_1">
      <Text>Din degistiren baslica dinlerin her biri, müritlerinin inanci yaymak için dünyanin uzak noktalarina seyahat ettigi bir noktaya sahipti: Hiristiyan Havariler Roma Imparatorlugu boyunca ve ötesinde hareket etti, Buda'nin arhantlari dinlerini Hindistan ve ötesine yaydi ve Islam, Güney Asya'dan Ispanya'ya kadar askeri, diplomatik ve ekonomik bir basari dalgasi sürdü.</Text>
    </Row>
    <Row Tag="LOC_PEDIA_GOVERNMENTS_PAGE_POLICY_REFORM_THE_COINAGE_CHAPTER_HISTORY_PARA_1">
      <Text>Madeni paralar sembollerdir - içindeki metalden daha degerlidirler. Yoksa öyle midirler? Sikkelere yeniden deger kazandirma çabalari bir imparatorlugu kurabilir ya da yikabilir - özellikle de askerlere genellikle sikke ile ödeme yapildigi ve gerçek yerine altin boyali kursun verildiginde huysuzlanabilecekleri düsünüldügünde.</Text>
    </Row>
    <Row Tag="LOC_PEDIA_GOVERNMENTS_PAGE_POLICY_HEARTBEAT_OF_STEAM_CHAPTER_HISTORY_PARA_1">
      <Text>Sanayi devrimi emek, teknoloji ve sanayi arasindaki iliskileri sonsuza dek degistirdi. Saatler çalisma saatlerini belirledi, buharli degirmenler yüzlerce hayvanin ve insanin emegini kullandi ve isçiler giderek daha basit, tekrarlayan, neredeyse makine benzeri isler yapti. Teknoloji daha önce hiç olmadigi kadar kendi içinde ve kendisi için bir amaç olarak var oldu.</Text>
    </Row>
    <Row Tag="LOC_PEDIA_GOVERNMENTS_PAGE_POLICY_TO_ARMS_CHAPTER_HISTORY_PARA_1">
      <Text>Sanayi çaginin belirleyici özelligi haline gelen "hayali cemaat" milliyetçilik, bizi hiç tanismadigimiz ve hiç tanismayacagimiz insanlarla bir akrabalik kurmaya ve kendimizi onlarin tarihinin bir parçasi olarak hayal etmeye çagiriyor. Bayraklar ve pankartlar, marslar ve askere alma afisleri - hepsi de askeri bir soyutlama ugruna savasmaya ve ölmeye çagiriyor. Bu kadar okuma yeter - borazan sesleri!</Text>
    </Row>
    <Row Tag="LOC_PEDIA_GOVERNMENTS_PAGE_POLICY_FREE_ENQUIRY_CHAPTER_HISTORY_PARA_1">
      <Text>Filozof Michel Foucault'nun da belirttigi gibi bilgi güçtür ve bu nedenle de tehlikelidir. Kendini özgür sorgulamaya adamis toplumlar, açik sorgulamanin verdigi cevaplardan sag çikabilecek kadar güçlü olduklarina dair kumar oynarlar.</Text>
    </Row>
    <Row Tag="LOC_PEDIA_GOVERNMENTS_PAGE_POLICY_MONUMENTALITY_CHAPTER_HISTORY_PARA_1">
      <Text>Petersburg, Istanbul, Pekin ve Washington DC gibi imparatorluk baskentleri, ziyaretçiye ulusal tarihin ölçegi ile kiyaslandiginda bireyin küçük ve geçici oldugunu hatirlatmak için yapilmistir. Burada anitsallik, binalarin kendisinden daha fazlasini, insaat ölçeginin imparatorlugun genisligini gösterdigi bir ruh halini ifade eder.</Text>
    </Row>
    <Row Tag="LOC_PEDIA_GOVERNMENTS_PAGE_POLICY_WISH_YOU_WERE_HERE_CHAPTER_HISTORY_PARA_1">
      <Text>Dini hacilari, akincilarin yolculuklarini ve ticaret heyetlerini ayni kategoriye koyabilirsek, turizm toplumlarda her zaman bir rol oynamistir. Ancak 1800'lerde organize turizm endüstrisinin ortaya çikmasi, zevk için yurtdisina çikmanin (ve eve özlem duymanin) ne anlama geldigini degistirdi.</Text>
    </Row>
    <Row Tag="LOC_PEDIA_GOVERNMENTS_PAGE_POLICY_SKY_AND_STARS_CHAPTER_HISTORY_PARA_1">
      <Text>Ordular her zaman yüksek yerleri ele geçirmek için savasmistir, ancak 20. yüzyilda havacilikla birlikte bu ufuk, havaalanlarini ve nihayetinde roketler için firlatma rampalarini (hem insanlari aya götürebilecek hem de düsman baskentlerine savas basliklari atabilecek roketler) içerecek sekilde genisledi.</Text>
    </Row>
    <Row Tag="LOC_PEDIA_GOVERNMENTS_PAGE_POLICY_MANDALA_STATE_CHAPTER_HISTORY_PARA_1">
      <Text>Ortaçag Güney ve Güneydogu Asya'sinda devlet yönetimi genellikle bir merkezin kültürel prestijini yönetmekle ilgiliydi. Burada savaslar siddetten ziyade gösteri alaninda yapilirdi ve en dramatik ve pahali gösteriyi organize edebilen kral ya da kraliçe sinir sehirlerini kendi tarafina çekebilen kisiydi.</Text>
    </Row>
    <Row Tag="LOC_PEDIA_GOVERNMENTS_PAGE_POLICY_PRAETORIAN_GUARD_CHAPTER_HISTORY_PARA_1">
      <Text>Daha sonraki Bati Roma Imparatorlugu'nda, eskiden Imparatorun kisisel korumasi olan Praetorian Muhafizlari, orduyu siyasi ve sosyal hayatin organizasyonuna dahil ederek siyasi olarak aktif bir güç haline geldi.</Text>
    </Row>
    <Row Tag="LOC_PEDIA_GOVERNMENTS_PAGE_POLICY_SAKDINA_CHAPTER_HISTORY_PARA_1">
      <Text>Sakdina - Tayland ortaçag yasamindaki feodal sistem - her bireyi hiyerarsik bir karsilikli yükümlülük sistemine yerlestirmistir. Asagidakiler yukaridakilerden iyilik isteyebilir, onlar da (makul ölçülerde) bunu yapmakla yükümlüdür, yani toplumun tüm kademeleri birbirine bagli ve bagliydi.</Text>
    </Row>
    <Row Tag="LOC_PEDIA_GOVERNMENTS_PAGE_POLICY_CULTURE_INDUSTRY_CHAPTER_HISTORY_PARA_1">
      <Text>Theodore Adorno'nun kitlesel eglenceye yönelik elestirisi, sanati yüce bir ifade arayisina degil, kitlesel çekiciligine indirgemesiydi. Kültür endüstrisi, Adorno her ne kadar bos oldugunu iddia etse de, tüm yurttaslari kültürel yasama eskisinden daha fazla katmaya çalismistir.</Text>
    </Row>
    <Row Tag="LOC_PEDIA_GOVERNMENTS_PAGE_POLICY_POPULAR_FRONT_CHAPTER_HISTORY_PARA_1">
      <Text>Soguk Savas sirasinda her iki taraf da müttefiklerini ideolojik olarak yakinlastirmaya çalismistir. Dogu Almanya ve Vietnam gibi devletler SSCB ile olan ittifaklarina daha fazla bagli kalmalari için baski gördüler (tipki karsi tarafta Endonezya ve Pakistan'in ABD ile yaptigi gibi) ve genellikle ayni yönde oy kullanan siyasi bloklar olusturdular.</Text>
    </Row>
    <Row Tag="LOC_PEDIA_GOVERNMENTS_PAGE_POLICY_MILITARY_INDUSTRIAL_COMPLEX_CHAPTER_HISTORY_PARA_1">
      <Text>ABD Baskani Dwight Eisenhower, özel sanayi ile ordu arasindaki yakin baglari ifade etmek için "Askeri-Sinai Kompleks" terimini kullanmistir. Bu kavram ABD'ye özgü degildi ve burada agir sanayi ile silahlanma yarisi arasindaki bu yakin baglara atifta bulunuyordu.</Text>
    </Row>
    <Row Tag="LOC_PEDIA_GOVERNMENTS_PAGE_POLICY_SOLDARITY_CHAPTER_HISTORY_PARA_1">
      <Text>Soguk Savas sirasinda devletler komsulari üzerinde çesitli yollarla ideolojik baski uyguladilar. Sinir ötesi propaganda yayinlari, brosür dagitimi, gizli ideolojik hücreler ve tabii ki Dogu Avrupa'ya saç metali ve blue jean akinini düsünebiliriz. Bu "yumusak güç" gösterileri genellikle en üst düzeylerde organize edildi ve kolaylastirildi ve Berlin Duvari'nin ve Sovyetler Birligi'nin nihai çöküsü üzerinde muazzam bir etkiye sahip oldu.</Text>
    </Row>
    <Row Tag="LOC_PEDIA_GOVERNMENTS_PAGE_POLICY_SOFT_TARGETS_CHAPTER_HISTORY_PARA_1">
      <Text>Disiplinli bir ordu - gelisigüzel yagma ve talan yapmayan bir ordu - iyi isleyen bir toplumun ayirt edici özelligidir. Ancak Karanlik Cag'da standartlar düsebilir. Yumusak, sivil hedefleri tercih eden ve yagmayi bireysel asker maasinin bir parçasi olarak gören bir orduda, askerler askeri açidan stratejik hedefler yerine kolayca tasinabilen yagma pesinde kosmayi tercih edebilir. Bu tür davranislar sehirlere ve sivillere verilen zararin artmasina, ancak savastaki etkinligin azalmasina yol açabilir.</Text>
    </Row>
    <Row Tag="LOC_PEDIA_GOVERNMENTS_PAGE_POLICY_SAMODERZHAVIYE_CHAPTER_HISTORY_PARA_1">
      <Text>Samoderzhaviye - otokrasi - Carlik Rusyasi'nin muhafazakar düsüncesinin temel direklerinden biriydi. Diger güçler iktidarin danismanlar ya da halk yönetimi arasinda yayilmasini denerken, samoderzhaviye felsefesi altinda çar ne derse o oluyordu. Ve eger çar tembel, beceriksiz ya da bilgisizse, bu bir sorumluluktu.</Text>
    </Row>
    <Row Tag="LOC_PEDIA_GOVERNMENTS_PAGE_POLICY_DESPOTIC_PATERNALISM_CHAPTER_HISTORY_PARA_1">
      <Text>Thak Chaloemtirana, Soguk Savas dönemi Güneydogu Asya'sini, gücün yerel olarak önemli güçlü adamlara yatirildigi ve bagimsiz düsünce ve eylemin kisitlandigi özel bir tür "despotik paternalizmin" evi olarak tanimliyor. Endonezya'daki Suharto ya da Tayland'daki Sarit gibi kisiler akla gelmektedir. Böyle bir sistem özgür sorgulamayi bastirir ancak bu tür despotik paternalistlerin sert eylemleri muhalif sesleri kontrol altina almistir.</Text>
    </Row>
    <Row Tag="LOC_PEDIA_GOVERNMENTS_PAGE_POLICY_DECENTRALIZATION_CHAPTER_HISTORY_PARA_1">
      <Text>Toplumsal çöküs karsisinda (örnegin Karanlik Cag), bazi medeniyetler merkezden sert bir yönetime yönelirken, digerleri çevrenin giderek daha özerk olmasina izin vermistir - Bizans Imparatorlugu çökerken Konstantinopolis nüfusunun nasil daha küçük kasabalar ve çiftlikler için bosaldigini düsünün. Bu sekilde merkez, en azindan isler düzelene kadar vatandaslarin kalplerini ve zihinlerini elde tutmak için son bir çaba olarak çevreyi büyük ölçüde sübvanse eder.</Text>
    </Row>
  </EnglishText>
</GameData>