﻿<?xml version="1.0" encoding="utf-8"?>
<GameData>
  <EnglishText>
    <!-- civs -->
    <Row Tag="LOC_CIVINFO_BYZANTIUM_LOCATION">
      <Text>Konum: Dogu Akdeniz (günümüz Türkiye'si, Yunanistan)</Text>
    </Row>
    <Row Tag="LOC_CIVINFO_BYZANTIUM_SIZE">
      <Text>1,5 milyon mil kare (yaklasik 4 milyon km kare)</Text>
    </Row>
    <Row Tag="LOC_CIVINFO_BYZANTIUM_POPULATION">
      <Text>26 milyon (en fazla, MS 540 civarinda).</Text>
    </Row>
    <Row Tag="LOC_CIVINFO_BYZANTIUM_CAPITAL">
      <Text>Konstantinopolis</Text>
    </Row>
    <Row Tag="LOC_PEDIA_CIVILIZATIONS_PAGE_CIVILIZATION_BYZANTIUM_CHAPTER_HISTORY_PARA_1">
      <Text>Bizans - Bizans Imparatorlugu - eski Roma Imparatorlugu'nun dogu kismini ifade eder. Burada yasayanlar "Bizans" ismini bilmezlerdi, daha ziyade bu terim daha sonraki tarihçiler tarafindan kullanilmaya baslanmistir. Konstantin'in Konstantinopolis'i (simdiki Istanbul  Konstantinopolis eserleri aldi) kuracagi köyün adini ifade eder. Dogu\Bati ayrimi, Akdeniz'deki temel bir kültürel, dilsel ve siyasi bölünmeye dayanan ve daha sonra Ortodoks (Dogu) ve Katolik (Bati) Hiristiyanlik arasindaki bölünmelere de yansiyan bir ayrimdi. Bizans, 1453'te Osmanlilarin eline geçene kadar Roma'nin bölgedeki ilerlemesini ve varligini sürdürmüs ve Dogu Avrupa üzerinde derin bir etki birakmistir.</Text>
    </Row>
    <Row Tag="LOC_PEDIA_CIVILIZATIONS_PAGE_CIVILIZATION_BYZANTIUM_CHAPTER_HISTORY_PARA_2">
      <Text>Roma, Yunanistan'i MÖ 150 civarinda fethetti. Ancak kültürel açidan güçlü ancak askeri açidan zayif Yunanistan ile fatih Roma arasindaki iliski karmasikti. Roma Yunan dinini, felsefesini ve ögrenimini kendine mal etmisti ama birçok Romali Yunanlilarla aralarinda temel bir fark görüyordu. Roma savasçi ve yayilmaciyken, Yunanlilar felsefe ve siiri tercih ediyordu. Bölünme devam etti: Adriyatik'in bir tarafinda Latince, diger tarafinda Yunanca.</Text>
    </Row>
    <Row Tag="LOC_PEDIA_CIVILIZATIONS_PAGE_CIVILIZATION_BYZANTIUM_CHAPTER_HISTORY_PARA_3">
      <Text>Dogu ne kadar farkli olursa olsun, ticaret yollariyla olan baglantisi onu Imparatorluk için hayati hale getiriyordu ve bu önem MS 330'da Konstantinopolis'in Roma'nin baskenti olarak kurulmasiyla belirginlesti. Konstantin ayni zamanda Hiristiyanligi benimseyen ilk Roma Imparatoruydu ve hem cografi hareket hem de dini degisim, Roma tarihinde sonunda Bizans Imparatorlugu'na yol açacak yeni bir döneme isaret ediyor gibiydi. Konstantin'i takip eden yüz yil içinde Bati imparatorlugu Avrupali barbarlarin istila dalgalarina maruz kaldi, ancak Dogu nispeten istikrarli ve müreffeh kaldi - Iran, Hindistan ve Cin'e giden ticaret yollarini hatirlayin! MS 476 yilina gelindiginde, Roma'nin son Bati imparatoru tahttan indirilmisti ve baska bir imparator gelmedi, bu da çogu tarihçi için Roma'nin çöküsünü isaret ediyordu.</Text>
    </Row>
    <Row Tag="LOC_PEDIA_CIVILIZATIONS_PAGE_CIVILIZATION_BYZANTIUM_CHAPTER_HISTORY_PARA_4">
      <Text>Ama Roma gerçekten düsmedi. Bunun yerine, Roma Imparatorlugu artik Konstantinopolis ile es anlamliydi ve tarihçilerin (ve bizim) "Bizansli" dedigimiz insanlar kendilerini "Romali" olarak adlandirmaya devam ettiler. Dogu'nun kültürü Bati'dan belirgin bir sekilde farkliydi. Dogu büyük ölçüde Yunanca konusuyordu (Bizans tebaasi Misir'da Kiptice, Yakin Dogu'da Süryanice ve diger dilleri de konusuyordu) ve Bati'da önemli olan Hiristiyanlik, Bizans için kesinlikle merkezi hale gelecekti. Bizans Imparatoru, tebaasi için Tanri'nin yeryüzündeki temsilcisi ve Ortodoks Hiristiyan inancinin savunucusuydu.</Text>
    </Row>
    <Row Tag="LOC_PEDIA_CIVILIZATIONS_PAGE_CIVILIZATION_BYZANTIUM_CHAPTER_HISTORY_PARA_5">
      <Text>Eger Konstantin Bizans'in arkasindaki ruh ise, Justinianus (527-565 arasi) da onu firlatan itici roketti. Rakip savas arabasi takimlarinin taraftarlarinin isyanlari (her biri siyasi bir ton kazanmisti) on binlerce insani öldürdügü, sehri küller içinde biraktigi ve neredeyse imparatoru öldürdügü için neredeyse havalanamiyordu. Ancak savas arabasi taraftarlarindan daha kötüsü Justinianus'un miras aldigi savaslardi: Bizans'in sinirlarinda düsman bir Sasani (Pers) Imparatorlugu ve eskiden Bati Imparatorlugu'nun bulundugu yerde bir dizi barbar krallik vardi: Roma'da Gotlar, Kuzey Afrika'da Vandallar. Son olarak Justinianus, bas döndürücü bir dizi ve çogu zaman birbiriyle çelisen yasa ve geleneklere sahip bir imparatorluk devraldi.</Text>
    </Row>
    <Row Tag="LOC_PEDIA_CIVILIZATIONS_PAGE_CIVILIZATION_BYZANTIUM_CHAPTER_HISTORY_PARA_6">
      <Text>Bunlar ürkütücü sorunlardi ama Justinianus elinden geldigince üstesinden geldi. Konstantinopolis'te, ilgili yasalari gözden geçirmesi ve yeni bir "Justinianus Kanunu" derlemesi için bir konsey atadi. Perslerle baris imzaladi. Italya'da Jüstinyen, Roma'yi ve Italyan yarimadasinin bazi kisimlarini Gotik kralliklarla uzun süren bir savasla geri aldi. Kuzey Afrika'da Justinianus, bazi tarihçilerin yaklasik bes milyon kisinin öldügünü tahmin ettigi bir savasta Vandal kralligini harap etti. Avrupa ve Afrika tarihinde ilk kez ortaya çikan hiyarcikli vebanin da bunda payi olabilir. Justinianus'un ardindan Imparatorluk tamamen restore edilmemisti ama refah içindeydi ve Roma yeniden Romalilarin (daha dogrusu Bizanslilarin) elindeydi. Justinianus'un dönemi Bizans Imparatorlugu'nun tarihteki en genis dönemi olacakti.</Text>
    </Row>
    <Row Tag="LOC_PEDIA_CIVILIZATIONS_PAGE_CIVILIZATION_BYZANTIUM_CHAPTER_HISTORY_PARA_7">
      <Text>Ancak tam Bizans, Roma'nin Akdeniz'deki egemen güç olma unvanini geri alacak gibi görünürken, oyuna yeni bir oyuncu girecekti. Justinianus'un ölümünden yaklasik elli yil sonra, bir Arap peygamberi - Muhammed - ortaya çikti. Arap güçleri, yeni inançlari Islam'in da yardimiyla hizla genisledi. Muhammed'in ölümünden kisa bir süre sonra birlesik Halifelik parçalanirken, halef devletler - Emevi ve Rasidun Halifelikleri - Bizanslilarin Perslerden aldigi topraklari ve önemli ölçüde Suriye ve Misir'in son derece önemli eyaletlerini hizla geri aldi. Ayni zamanda, Kuzey Avrupa'dan gelen yeni istilacilar - Slavlar - Balkanlar'daki Bizans varliklarini tehdit ediyordu.</Text>
    </Row>
    <Row Tag="LOC_PEDIA_CIVILIZATIONS_PAGE_CIVILIZATION_BYZANTIUM_CHAPTER_HISTORY_PARA_8">
      <Text>Arap kuvvetleri Konstantinopolis'i ilk (ve son degil) kez 674 yilinda kusatti. Yakinlarda deniz üsleri kurdular ve bunlari yillarca büyük sehre baskin yapmak için kullandilar. Ancak dönemin Bizans Imparatoru 4. Konstantin ve sehrin devasa Theodosius surlari bu kadar kolay yikilmayacakti. Denizden gelen güçlerin üzerine yeni ve yikici bir silah saldi: su üzerinde yüzerken bile yanan bir yag ve sönmemis kireç karisimi. Bu yeni "Yunan atesi" kusatmacilari en azindan simdilik uzaklastirdi.</Text>
    </Row>
    <Row Tag="LOC_PEDIA_CIVILIZATIONS_PAGE_CIVILIZATION_BYZANTIUM_CHAPTER_HISTORY_PARA_9">
      <Text>Bizans Imparatorlugu bu noktada üzücü bir durumdaydi. Sürekli akinlar, Bati'nin büyük bölümünün barbar gruplara kaybedilmesi ve Afrika ile Yakin Dogu'daki topraklarinin çogunun kaybedilmesi, imparatorlugun büyük bölümünün durgunlastigi anlamina geliyordu. Doguya giden o önemli ticaret yollarini hatirliyor musunuz? Bu altin artik Arap devletlerine akiyordu. Bizans sehirleri bosaldi ve Konstantinopolis küçüldü. Persler ve Araplarla savasmak için Balkanlar'dan askerlerin çekilmesi, Orta Asya bozkirlarindan gelen diger istilalardan geri çekilen Slavlara genisleme alani sagladi ve bu yeni Slav yerlesimleri, Bizanslilarin zaman zaman düsmani olan Bulgaristan'da birlesti.</Text>
    </Row>
    <Row Tag="LOC_PEDIA_CIVILIZATIONS_PAGE_CIVILIZATION_BYZANTIUM_CHAPTER_HISTORY_PARA_10">
      <Text>Tüm bu çekisme içinde, Ispanya'da yeni fetihlerle cosan Emevi Halifeligi sehri almak için yine bir firsat gördü ve böylece Konstantinopolis'e ikinci bir kusatma baslatildi. Bu kez Araplar kazanmayi hedefliyordu ve böylece Bulgarlarla da askeri bir anlasma yapmis olan hirsli bir general olan Leo'nun sadakatini sagladiklarini düsünüyorlardi. Leo kendini Imparator ilan etti, ancak Emevilerin vassali olmayi kabul etmek yerine kapilari onlara kapatti. Her zaman korkulan Yunan atesi ve dahiyane savunmalarla (stratejik bir su yolu boyunca kurulan bir zincir dahil - basit ama gemileri durdurmak için yeterli... ve onlari daha fazla Yunan atesi için kolay hedef haline getirmek). Leo kendini yeni bir Roma hanedani olarak kurdu ve Arap liderler geri çekildi - gerçekten de bu kusatmanin basarisizligi muhtemelen Dogu Avrupa ve Rusya'nin bildigimiz dini ve siyasi yüzünü degistirdi.</Text>
    </Row>
    <Row Tag="LOC_PEDIA_CIVILIZATIONS_PAGE_CIVILIZATION_BYZANTIUM_CHAPTER_HISTORY_PARA_11">
      <Text>Buraya kadar Bizanslilarin öyküsü bir gerileme öyküsü gibi görünebilir. Ancak sonraki yillar bir restorasyon dönemi olacakti. I. Basil ve II. Basil yönetimindeki Bizans imparatorlugu, profesyonel tagma sistemini ve süvarilikteki yenilikleri benimseyerek ordusunda reform yapti. Bizans kuvvetleri, artik Abbasi Halifeligi'ne bagli olan Arap istilalarini Ege kiyilarinda püskürttü ve Basil II, Bulgarlara boyun egdirmek için acimasiz bir sefer düzenledi ve 1018'de kalintilarini Imparatorluga dahil etti (bir yüzyil sonra tekrar bagimsiz olacaklardi). Ruslar Volga'yi yagmalarken ve Normanlar Akdeniz'i tehdit ederken, Iskandinavya'daki uzak olaylar bile Bizans'i etkileyecekti, ancak adil olmak gerekirse, bu gruplardan bazilari Bizans ordusunda da görev yapacakti.</Text>
    </Row>
    <Row Tag="LOC_PEDIA_CIVILIZATIONS_PAGE_CIVILIZATION_BYZANTIUM_CHAPTER_HISTORY_PARA_12">
      <Text>1100'lerde Bizans son altin çagini yasadi. Sanat ve edebiyat gelisti ve hem sehir hem de ülke altyapida büyük kazanimlar elde etti. Din, Bizans yasami için hayati önem tasiyordu ve eski Roma ve eski Bati merkezli Katoliklik ile Bizans, Yunanistan ve Dogu merkezli Ortodoksluk arasindaki bölünme Bizans Imparatorlugu döneminde gerçeklesti. Müslüman fikirlerden etkilenen ve Incil'deki "graven images" yaratma yasagindan yola çikan Ortodoks Hiristiyanlar, 8. ve 9. yüzyillarda ikonalarin - dini figürlerin resimleri - yaratilmasina karsi çikarken, Roma papasi ayni fikirde degildi (ve bu da Bizans Roma'sinin 756'da nihai kaybina isaret edecek gerginliklere yol açti). Bu "ikonoklazm" dalgasi azalacak olsa da, Roma'daki papalar artik Konstantinopolis tarafindan atanmadigi için uzun sürecek bir bölünme yaratti. Bu bölünme, Bati (Katolik) kilisesinin Dogu (Ortodoks) kilisesinden ayrildigi 1054 yilinda nihai hale geldi. Bu seferki tartisma ikonalar üzerine degil, Roma'daki papanin diger sehirlerin patrikleri üzerinde öncelige sahip olup olmadigi ve bir dizi ritüel ve teolojik konu üzerineydi. Bu bölünme, Dogu ve Bati Avrupa'nin hem yazi (Kiril alfabesine karsi Latin alfabesi), hem dil (Yunanca'ya karsi Latince) hem de gelenek konularinda ayrismasinin hem bir belirtisi hem de sebebiydi.</Text>
    </Row>
    <Row Tag="LOC_PEDIA_CIVILIZATIONS_PAGE_CIVILIZATION_BYZANTIUM_CHAPTER_HISTORY_PARA_13">
      <Text>Bu bölünme hiçbir yerde 1204'teki felaketle sonuçlanan Dördüncü Haçli Seferi'nde oldugu kadar belirgin degildi. 1182 yilinda Andronikos Komnenos adli bir gaspçi, halkin Katolikleri Ortodokslara tercih etmekle suçladigi Antakya Prensesi Maria'nin Latince konusan ve Bati yönelimli naibinin popüler olmayan yönetiminin ardindan Konstantinopolis'e girdi. Maria tahttan indirilince, Ortodoks taci Konstantinopolis'in Katolik, Latince konusan vatandaslarina yönelik bir katliam baslatti. Bu durum Bati'da Bizans karsiti duygulari derinlestirdi ve birkaç on yil sonra, sözde Kudüs'e giden Haçlilar Konstantinopolis'i yagmalayip talan ederek eski Roma merkezli Katolik bir Haçli devleti kurdular. Haçlilar sonunda ayrilsa da, Dogu\Bati bölünmesi tamamlanmis oldu.</Text>
    </Row>
    <Row Tag="LOC_PEDIA_CIVILIZATIONS_PAGE_CIVILIZATION_BYZANTIUM_CHAPTER_HISTORY_PARA_14">
      <Text>Ve sahneye bir baska güç daha girecekti: Daha önce Bizans ve Arap hükümdarlari tarafindan parali asker olarak kullanilan Orta Asyali bir halk olan Osmanli Türkleri, kendi kralliklari için savasmaya basladilar. Bizans yavas yavas zemin kaybetti ve 1453'te Konstantinopolis'in efsanevi surlari Osmanli bombardimanlarina yenik düstü.</Text>
    </Row>
    <Row Tag="LOC_PEDIA_CIVILIZATIONS_PAGE_CIVILIZATION_BYZANTIUM_CHAPTER_HISTORY_PARA_15">
      <Text>Konstantinopolis artik Istanbul'dur. Ancak mirasi Ortodoks Kilisesi'ne, Rusya'ya, Yunanistan'a, Misir'a ve Dogu Avrupa'ya kadar uzanmaktadir. Ve Konstantinopolis'in ünlü Theodosius surlarinin kalintilari hala duruyor.</Text>
    </Row>
    <Row Tag="LOC_CIVINFO_GAUL_LOCATION">
      <Text>Bati Avrupa (günümüz Fransa'si çevresinde)</Text>
    </Row>
    <Row Tag="LOC_CIVINFO_GAUL_SIZE">
      <Text>Yaklasik 200.000 mil kare (500.000 km kare)</Text>
    </Row>
    <Row Tag="LOC_CIVINFO_GAUL_POPULATION">
      <Text>Net rakamlar yok  Ambiorix'in zamaninda 6-8 milyon civarinda oldugu tahmin ediliyor.</Text>
    </Row>
    <Row Tag="LOC_CIVINFO_GAUL_CAPITAL">
      <Text>Merkezi bir baskent yoktu  Ambiorix'in kabilesinin Atuatuca'da bir kalesi vardi</Text>
    </Row>
    <Row Tag="LOC_PEDIA_CIVILIZATIONS_PAGE_CIVILIZATION_GAUL_CHAPTER_HISTORY_PARA_1">
      <Text>Galya'nin tamamini yöneten tek bir kral hiçbir zaman olmadi. Bunun yerine Galyalilar dilleri, dinleri ve sosyal yapilariyla birlesmis bir halkti. Galyalilar Sezar'in ve Romalilarin sabrini denediler ve sonunda tam ölçekli Roma egemenligini kiskirttilar. Ancak bu Galyalilarin sonu olmayacakti, çünkü Galyalilar Roma isgali sirasinda ve sonrasinda kendi kültürlerini Romalilarla harmanlayarak özgün bir kimlik olusturdular ve Fransa'nin temelini attilar.</Text>
    </Row>
    <Row Tag="LOC_PEDIA_CIVILIZATIONS_PAGE_CIVILIZATION_GAUL_CHAPTER_HISTORY_PARA_2">
      <Text>Galyalilar (Sezar'in tamamen dogru anlatimlarina göre) iddiaya göre baslangiçta kendilerine "Galyalilar" degil, "Celtae" diyorlardi. Bölgenin nihai adi olan "Galya", "yabanci" anlamina gelen Keltçe bir kelimeden türetilmistir. O halde Galya, "yabancilar [yani Romalilar] tarafindan yönetilen krallik" idi. Kafa karistirici bir sekilde, Romalilarin "Galatia" ya da "Gallia Celtae "si de "güçlü" anlamina gelen bir baska Galce esere dayanmaktadir. Baska bir deyisle, fethedilen Galyalilar Romalilara "güçlü Keltler" olduklarini söylerken, kendilerine "biz yabancilar tarafindan yönetilen bir ulusuz" diyorlardi. Eminim Kelt topraklarinin baska yerlerindeki uzak atalari da bunu anlayabilir.</Text>
    </Row>
    <Row Tag="LOC_PEDIA_CIVILIZATIONS_PAGE_CIVILIZATION_GAUL_CHAPTER_HISTORY_PARA_3">
      <Text>Sezar'la tanismadan önce -bin yil kadar önce- Galya'yi olusturacak olan kabileler Orta Fransa'da Ren Nehri vadisi çevresinde yasiyorlardi. MÖ 5. yüzyil civarinda güneye, Akdeniz kiyilarina dogru göç ettiler ve kuzey Italya'ya yerlestiler. Galyalilar orada durmadi. Italyan Yarimadasi'nin içlerine dogru ilerlediler ve MÖ 390 yilinda Brennus adinda bir adamin komutasinda Roma'yi yagmaladilar (MÖ 278 civarinda Yunanistan'in isgal edilmesine yardimci olan Brennos adindaki baska bir liderle karistirilmamalidir). Galyalilar korkutucu ve saygi duyulan bir güçtü. Roma ve Kartaca arasindaki Ikinci Pön Savasi sirasinda Hannibal Barca ile ittifak kurdular. Bu ittifak ile Roma'nin yagmalanmasi ve ardindan talan edilmesi arasinda Romalilar anlasilir bir sekilde üzgündü. Istilaci Galyalilara karsi geri çekildiler ve sonunda Galya Savaslari sirasinda onlari fethederek onlara karsi bir miktar zemin kazanmayi basardilar. MÖ 51 yilina gelindiginde, Julius Caesar ve müttefikleri Galya'yi kontrol ediyordu. Galya'nin fethi Sezar'in kendini kanitlamak için tam da ihtiyaç duydugu seydi: borçlarini ödemek için altin (Galyalilarda bol miktarda vardi) ve Roma'nin bas belasina karsi basarili bir askeri harekât. Bazi kabileler Roma isgaline karsi isyan etti  Vercingetorix'in kabilesi Arverni ve Ambiorix'in kabilesi Eburones bunlar arasindaydi. Her iki isyan da beceri ya da kararlilik eksikliginden degil, kaynak ve birlik eksikliginden dolayi sona erdi.</Text>
    </Row>
    <Row Tag="LOC_PEDIA_CIVILIZATIONS_PAGE_CIVILIZATION_GAUL_CHAPTER_HISTORY_PARA_4">
      <Text>Galya, Roma Imparatorlugu döneminde MÖ 27-12 yillari arasinda üç bölgeye ayrilmistir. Sasirtici bir sekilde, Imparator Augustus, Julius Caesar'in anlatimlarini kullanarak zaten mevcut olan sinirlari korumaya çalisti. MS 3. yüzyilda istilaci Cermen kabilelerinin ortaya çikisina kadar bölgede baris (nispeten) korunmustur.</Text>
    </Row>
    <Row Tag="LOC_PEDIA_CIVILIZATIONS_PAGE_CIVILIZATION_GAUL_CHAPTER_HISTORY_PARA_5">
      <Text>Roma isgalinden önce Galya, çok sayida ayri kabileden olusmasina ragmen zengin ve farkli bir toplumdu. Cok sayida altin madenine sahiptiler (Sezar'in dikkatini çektigi kesin) ve bu zenginlik Sezar'in müdahalesinin ardindan altinin fiyatinin düsmesine neden oldu çünkü Galya'dan çok fazla altin yagmalandi. Galyali zanaatkârlar altini zarif ve pratik eserler yaratmak için kullandilar. Migferler altinla kaplanirdi. "Torc" olarak bilinen at nali seklindeki kolyeler, kadinlar tarafindan uyumlu bileziklerle birlikte takilirdi.</Text>
    </Row>
    <Row Tag="LOC_PEDIA_CIVILIZATIONS_PAGE_CIVILIZATION_GAUL_CHAPTER_HISTORY_PARA_6">
      <Text>Galya siyasi ve sosyal örgütlenmesi karmasikti. Druidler en yüksek mevkideki vatandaslar arasindaydi ve hem ruhani hem de siyasi liderler olarak hareket ediyorlardi. Yaygin inanisin ve Romalilarin propagandasinin aksine, insan kurban etmeleriyle bilinmiyorlardi. Bunun yerine, kabilelerinin irfan bekçileri ve sifacilariydilar. Dini ve siyasi tavsiyelerde bulunurlar ve gerektiginde halklarini mahkemelerde yargilarlardi. Romalilar (özellikle de Imparator I. Claudius), takipçileri üzerindeki etkileri nedeniyle onlarin uygulamalarini ve bilgilerini bastirmaya çalisti. Bu durum, tek tanrili Hiristiyanlik dininin ortaya çikisiyla birlikte, Druidik "Kelt" dinini tamamen yok etti ve geriye tarihçilerin daha sonra çözmeye çalisacaklari yamali bir bohça kaldi.</Text>
    </Row>
    <Row Tag="LOC_PEDIA_CIVILIZATIONS_PAGE_CIVILIZATION_GAUL_CHAPTER_HISTORY_PARA_7">
      <Text>Druidler disinda Galyalilar da bir ihtiyarlar meclisi ve krallari tarafindan yönetiliyordu ve bu da bazi durumlarda kabilelerin birlikte yönetilmesine yol açiyordu. Kabileler büyük ölçüde özerkti ve bu bölünmüslük Sezar'in isgalini kolaylastirdi. Roma egemenligi altinda, daha zengin Galyalilar Roma kültürel özelliklerini benimsedikçe sinif ayrimlari siddetlendi ve katilasti - Roma tarzinda giyindiler ve Latince (sonunda Fransizcaya dönüsecek olan) ile birlikte kendi yerel Galya dillerinin bir karisimini konustular. Evlerini ve köylerini Romalilari taklit edecek sekilde insa etmeye basladilar.</Text>
    </Row>
    <Row Tag="LOC_PEDIA_CIVILIZATIONS_PAGE_CIVILIZATION_GAUL_CHAPTER_HISTORY_PARA_8">
      <Text>Galyalilarin torunlari - Keltler - bugün Büyük Britanya, Almanya, Balkanlar, Türkiye, Ispanya ve tabii ki Fransa'da yasamaktadir. Onlarin mirasi baskalarinin mirasiyla karismistir: Galyalilara ek olarak Fransa, Franklardan (bir Germen kabilesi), Roma Imparatorlugu'nun son dönemlerinde yerlesen istilaci Gotlardan, istilaci Iskandinav gruplarindan ve Romalilarin kendilerinden olusmustur!</Text>
    </Row>
    <!-- leaders -->
    <Row Tag="LOC_PEDIA_LEADERS_PAGE_LEADER_AMBIORIX_TITLE">
      <Text>Ambiorix</Text>
    </Row>
    <Row Tag="LOC_PEDIA_LEADERS_PAGE_LEADER_AMBIORIX_QUOTE">
      <Text>Gel, düsman. Bir elçi gönder, çünkü ikimizin de yararina olacak bir sey söyleyecegim.</Text>
    </Row>
    <Row Tag="LOC_PEDIA_LEADERS_PAGE_LEADER_AMBIORIX_CHAPTER_HISTORY_PARA_1">
      <Text>Ambiorix'in mirasi Sezar'in Galya Savaslari boyunca varligini sürdürür. Erken yasami ve Sezar'in gözetiminden ayrildiktan sonra yasananlar tarihin derinliklerinde kaybolmus olsa da, ismi yasamaya devam ediyor - ya da en azindan unvani, çünkü Ambiorix bir isim degil, "Her Yönden Kral" anlamina gelen bir lakap.</Text>
    </Row>
    <Row Tag="LOC_PEDIA_LEADERS_PAGE_LEADER_AMBIORIX_CHAPTER_HISTORY_PARA_2">
      <Text>Ambiorix, günümüz Belçika'sina dönüsecek olan Galya'daki Eburone kabilesinin ortak hükümdariydi. Kralligini kabilenin yasli lideri Cativolcus ile paylasiyordu. Cativolcus daha yasli (ve belki de daha bilge) olmasina ragmen, Galya'daki Roma isgalini idare etme konusunda Ambiorix'e boyun egmistir. Eburone'lerin Galyali derebeylerinin Julius Caesear tarafindan yenilgiye ugratilmasindan sonra, Eburone'ler ve Romalilar kendilerini nispeten iyi sartlarda buldular - Roma müdahalesi daha büyük kabileleri zayiflatti ve Eburone'lere rehineleri geri verdi. Hatta Ambiorix, iade edilen rehinelerden bazilarinin kendi aile üyeleri olmasi nedeniyle dogrudan fayda saglamistir.</Text>
    </Row>
    <Row Tag="LOC_PEDIA_LEADERS_PAGE_LEADER_AMBIORIX_CHAPTER_HISTORY_PARA_3">
      <Text>Ancak Romalilar Galya topraklarinda hâlâ istilaci bir güçtü. Kis geldiginde Ambiorix'in sabri tükendi ve Romalilar, daha önceki kuraklik nedeniyle yiyecek kitligi oldugunu bilmelerine ragmen, kabilelerden Roma garnizonlarini beslemek için yiyeceklerinin bir kismini teslim etmelerini istedi. Yakindaki bir kabilenin sefi olan Indutiomarus sonunda dost Romalilarin bile çok fazla Romali olduguna karar verdi ve Ambiorix ile diger Galyalilari Roma isgaline karsi ayaklanmaya çagirdi.</Text>
    </Row>
    <Row Tag="LOC_PEDIA_LEADERS_PAGE_LEADER_AMBIORIX_CHAPTER_HISTORY_PARA_4">
      <Text>Iki kral Sabinus ve Cotta komutasindaki Roma garnizonuna saldirdi. Ancak Galyalilar müstahkem bir kampta savasma konusunda yetenekli degillerdi. Ambiorix açik bir savasin düsmanlarini burada yenemeyecegini fark etti. Farkli bir taktik kullanmasi gerekecekti. Ambiorix kapilara gitti ve Romali komutanlarla müzakere talebinde bulundu. Kusursuz bir yalanci olan Ambiorix, onlar geldiginde büyük bir gösteri yapti. Ambiorix çilginca saldirmanin kendi fikri olmadigini iddia etti. Küçük bir kabilenin lideriydi ve boyun egmesi için zorbaliga maruz kalmisti - Romalilar bunu anlayabilirdi çünkü geçmiste halkindan bazilarinin o korkunç zorbalardan kurtulmasina yardim etmislerdi. Kendi halki da ona savasmasi için baski yapiyordu, peki bir kral ne yapmaliydi? Ambiorix komutanlari yaklasan saldiri konusunda uyarmaya devam etti. Almanlar geliyordu ve onlarin kuvvetleri Romalilarin bu küçük garnizonda karsilasabileceklerinden çok daha güçlü ve büyüktü. Ambiorix onlara garnizonu terk edip baska bir yerdeki müttefiklerine katilmalarini tavsiye etti ve yol boyunca topraklarindan güvenli geçis sözü verdi.</Text>
    </Row>
    <Row Tag="LOC_PEDIA_LEADERS_PAGE_LEADER_AMBIORIX_CHAPTER_HISTORY_PARA_5">
      <Text>Romalilar Ambiorix'in hikâyesine inandilar. Eburones kabilesi çok küçük oldugu için aldatma olasiliginin düsük oldugunu düsündüler - neden bir fare bir aslana saldirsin ki? Ayrilmaya ve baska bir garnizona gitmeye hazirlandilar. Bu arada Ambiorix saldirisini hazirladi. Romalilarin yürüyecegini bildigi yol üzerindeki vadide bir tuzak kurdu. Romalilar safak vakti kalelerinden çiktilar ve Ambiorix'in tahmin ettigi yolu izlediler, en yakin düsman ordusunun Ambiorix'in bahsettigi, hâlâ uzakta olan "Almanlar" oldugunu düsündükleri için savunmalari düsüktü. Yanilmislardi.</Text>
    </Row>
    <Row Tag="LOC_PEDIA_LEADERS_PAGE_LEADER_AMBIORIX_CHAPTER_HISTORY_PARA_6">
      <Text>Ambiorix Roma kuvvetlerinin yarisinin vadiden geçmesini bekledikten sonra saldiriya geçti. Romalilarin üzerine yaylim atesi açti ve Sabinus ne oldugunu anladiginda artik çok geçti. Ambiorix ile konusmak istedi ve Ambiorix ona Galya kampina gelmesi halinde güvenli bir geçis sözü verdi. Ama görünen o ki Sabinus dersini almamisti. Ambiorix varir varmaz onu öldürdü. Pusudan kurtulanlardan bazilari kalelerine geri kaçti, ancak kaleyi savunmak için gereken insan gücüne sahip olmadiklarindan, katledilmek ya da düsman tarafindan esir alinmak yerine intihar ettiler. Hayatta kalan diger kisiler yakindaki bir garnizona kaçti ve oradaki komutani Ambiorix'in ihaneti konusunda uyardi. Yine de bu haber Romalilarin geri kalanina, yani Romali komutan Cicero'ya yayilmamis gibi görünüyordu.</Text>
    </Row>
    <Row Tag="LOC_PEDIA_LEADERS_PAGE_LEADER_AMBIORIX_CHAPTER_HISTORY_PARA_7">
      <Text>Ambiorix ve birlikleri Cicero'nun kampinin disindaki kuvvetleri öldürdü. Ancak Ambiorix bir kez daha surlari asmayi basaramadi. Kapilara saldirmaya devam etmek yerine, daha önce yaptigi gibi komutani kandirmaya karar verdi. Ama bu sefer ise yaramadi. Cicero, düsmanin sartlarini kabul etmenin Roma'ya yakismadigini söyledi ve zaman kazanmak için oyalanirken gizlice yardim gönderdi. Cok geçmeden Julius Caesar, Ambiorix'le yüzlesmek üzere yürüyüse geçti.</Text>
    </Row>
    <Row Tag="LOC_PEDIA_LEADERS_PAGE_LEADER_AMBIORIX_CHAPTER_HISTORY_PARA_8">
      <Text>Bu kez tuzak kurma sirasi Romalilara gelmisti. Ambiorix bir önceki zaferinden sonra hâlâ kendini oldukça iyi hissediyordu ve Sezar'in "küçük" ordusunu görünce saldirmak için yeterince cesaretlendi. Sezar'in adamlari savasmaya isteksiz görünüyordu ve insa ettikleri kale de küçüktü. Ambiorix adamlarina saldirmalarini emretti, ancak sasirdilar - "küçük" kale büyük bir süvari kuvvetini sakliyordu. Ambiorix'in ordusunun çogu yok edildi ve kendisi yakalanmaktan kil payi kurtuldu. Ambiorix, yanina sadece en güvendigi birkaç adamini alarak Alman sinirinda kayboldu. Kendisinden bir daha haber alinamadi.</Text>
    </Row>
    <Row Tag="LOC_PEDIA_LEADERS_PAGE_LEADER_AMBIORIX_CHAPTER_HISTORY_PARA_9">
      <Text>Caesar ne yazik ki Ambiorix'i öldürme zevkinin elinden alinmasini pek hos karsilamadi. Ayrica isyana ya da hileye de tahammülü yoktu (tabii kendi isyani olmadigi sürece). Eburone'leri askeri baski ve Galyalilarin yiyecek kaynaklarini keserek yok etti ve kabileyi, artik yalniz olan krallari Cativolcus'un kendini zehirleyerek terk edilmis kabilenin son kalintisini da ortadan kaldirdigi noktaya itti.</Text>
    </Row>
    <Row Tag="LOC_PEDIA_LEADERS_PAGE_LEADER_AMBIORIX_CHAPTER_CAPSULE_BODY">
      <Text>Ambiorix, stratejik mayin insasi ve essiz Oppidum bölgesi araciligiyla düsmanlarini alt etmek için bir birim sürüsü olusturur.</Text>
    </Row>
    <Row Tag="LOC_PEDIA_LEADERS_PAGE_LEADER_AMBIORIX_CHAPTER_DETAILED_BODY">
      <Text>Ambiorix yönetimindeki Galyalilarin iki ana hedefi vardir: maden insa etmek ve bu üretimi akinci birlikleri egitmek için kullanmak. Galya'nin benzersiz uygarlik özelligi, madenlere bitisiklik bonuslarinin yani sira [ICON_CULTURE] Kültür ve [ICON_TOURISM] Turizm verir, bu da çok sayida insa etmenin sart oldugu anlamina gelir. Savasta, Ambiorix'in benzersiz özelligi birbirine bitisik birimlere güç verir, yani ne kadar çok birim olursa ordu o kadar güçlü olur. Galya ordularini daha etkili kilmak için Gaesatae birimi kendisinden daha güçlü sehirlere veya birimlere saldirdiginda bonus kazanir ve benzersiz bölge Oppidum erken açilir ve ayni zamanda yüksek bir bitisiklik bonusu tasir. Galya, Hakimiyet Zaferi arayanlar için çok güçlüdür, ancak ayni zamanda etkili bir Kültür odakli medeniyet haline de getirilebilir.</Text>
    </Row>
    <Row Tag="LOC_PEDIA_LEADERS_PAGE_LEADER_BASIL_TITLE">
      <Text>Basil II</Text>
    </Row>
    <Row Tag="LOC_PEDIA_LEADERS_PAGE_LEADER_BASIL_QUOTE">
      <Text>Ben Basil, Bulgar Katili.</Text>
    </Row>
    <Row Tag="LOC_PEDIA_LEADERS_PAGE_LEADER_BASIL_CHAPTER_HISTORY_PARA_1">
      <Text>Basil'in erken dönem hayati bir Shakespeare oyunu gibi geçmistir. Basil MS 958 yilinda Imparator Romanos II ve ikinci karisi Theophano'nun oglu olarak dünyaya geldi. Romanos, her iki oglunun da esit muamele gördügünden emin olmak için Basil ve kardesi Konstantin VIII'i Bizans'in ortak imparatorlari olarak taçlandirdi. Kisa bir süre sonra Romanos beklenmedik bir sekilde öldü. Bazi tarihçiler zamansiz ölümünden Theophano'yu ve biraz baldiran otunu sorumlu tutarlar, ancak o sirada genç ogullari anlasilir bir sekilde henüz yönetmeye uygun olmadiklari için ona naiplik yetkisi verilmisti. Onun otoritesine, sarayin parakoimōmenos'u - unvani kelimenin tam anlamiyla "imparatorun yaninda uyuyan" anlamina gelen ve genellikle hadim olan bir bas bakan - Joseph Bringas tarafindan (onu kizdiracak sekilde) itiraz edildi. Böylesine tehlikeli bir pozisyonda Bringas'in ömrü uzun sürmedi  görevi alti aydan kisa bir süre sürdürdükten sonra kaçti ve General Nikephoros Phokas terk edilen taci ve Romanos'un dul esini devraldi. Ancak rahatsiz edici bir trend haline gelmeye baslayan bir sekilde, Theophano'nun ikinci evliligi de çabucak sona erdi ve yine dul kaldi. Bu kez Nikephoros'un kendi yegeni, Theophano'nun yeni sevgilisi oldugu söylenen general John Tzimiskes saraya gizlice girerek Nikephoros'u öldürdü. Üçüncü bir evlilik için her sey hazir görünürken, kilise artik yeter dedi ve Theophano sürgüne gönderildi. Tzimiskes'in ölümü ve Basil'in MS 976'da tahta çikmasinin ardindan Basil, Theophano'yu saraya geri getirdi.</Text>
    </Row>
    <Row Tag="LOC_PEDIA_LEADERS_PAGE_LEADER_BASIL_CHAPTER_HISTORY_PARA_2">
      <Text>Basil, kendinden öncekilerin standartlarina göre tuhaf sayilirdi. Hayattaki ince seylere önem vermezdi. Sik cübbeler giymez ya da büyük partiler vermezdi. Tam olarak sogukkanli degildi - öfkesi buna izin vermiyordu - ama çogu Imparatorun arzuladigi lüks yasam tarzindan hoslanmiyordu. Halki ve ayni sekilde saray da onu pek sevmezdi. Pek eglenceli biri degildi.</Text>
    </Row>
    <Row Tag="LOC_PEDIA_LEADERS_PAGE_LEADER_BASIL_CHAPTER_HISTORY_PARA_3">
      <Text>Basil, hükümdarliginin ilk dönemlerinde bir dizi general ve aristokratla savasti. Eger bu bir isyan degilse, bir darbeydi. Eger bu degilse, kendi hanedani içinden güce aç bir akrabasiydi. Basil bu isyanlari bastirma konusunda hiç geri durmadi. Elinde kiliç, sahaya indi ve düsmanlarini kendi kiliciyla biçti, bu düsmanlar kendisinden çok daha tecrübeli generaller olsa bile. Isyanlar hiç süphesiz Basil'in yönetme felsefesini etkiledi ve imparatorluk hayatina acimasiz bir bakis açisi kazandirdi. Ittifaklar kurma konusunda temkinli olmasina ragmen, yardim için Bizans'in sinirlarinin ötesine ulasti ve disaridan destek almak için Kiev Prensi Vladimir'in yardimini kabul etti. Prensin yardimi ve kuvvetleri karsiliginda Basil, prense kiz kardesi Anna'yi evlendirdi. Annesinin evliliklerinin aksine, Anna'ninki hiç cinayet olmadan sürecekti. Kiev'inki Basil'in kabul ettigi birkaç ittifaktan biri olacakti. Hiç evlenmedi ve kendisini daha fazla dikkat daginikligindan korumak için ailesiyle arasina mesafe koydu.</Text>
    </Row>
    <Row Tag="LOC_PEDIA_LEADERS_PAGE_LEADER_BASIL_CHAPTER_HISTORY_PARA_4">
      <Text>Basil, baska hiçbir aristokratin kendisine meydan okuyacak kadar güçlü hissetmemesini saglamasi gerektigini biliyordu. Bunu yapmak için, kendisine karsi isyan edenleri ibret olsun diye cezalandirdi. Ardindan, yoksullar vergilerini ödemediginde zenginleri vergilendiren yeni bir vergi planiyla aristokrasinin gücünü zayiflatti. Ayrica, soylularin daimi ordularinin boyutunu küçültmesi gerekiyordu (bir soylunun iktidari kendisi için ele geçirme fikrine kapilmasi durumunda daha iyi olur). Normalde, askerlik hizmeti onun topraklarindaki ana haraç biçimiydi. Basil bunun yerine halkin nakit olarak ödeme yapmasina izin verdi. Zamanlarindan daha fazla paraya sahip olan halk bu yeni teklifi hevesle kabul etti.</Text>
    </Row>
    <Row Tag="LOC_PEDIA_LEADERS_PAGE_LEADER_BASIL_CHAPTER_HISTORY_PARA_5">
      <Text>Basil, Bizans'in yillar içinde kaybettigi topraklari geri almanin yani sira, Bizans'in kuzeyinde yer alan ve giderek güçlenen bir krallik olan Bulgaristan'dan da intikam almak istiyordu. Saltanatinin baslarinda Bulgar Samuel'e meydan okumus ve agir bir yenilgiye ugramisti. Bulgaristan'in devam eden akinlari ve Bizans'a dogru genislemesi Basil'in gururunu daha da yaraladi. Bulgaristan ve Bizans Imparatorlugu arasindaki çatisma yillarca sürdü, iki ülke de savaslardan herhangi birinin kalici bir etki yaratmasi için yeterince zemin kazanamadi. Yine de Basil her savastan bir seyler ögrendi ve nihayet 1014 yilinda kesin bir zafer kazandi.  Basil, yakalanmaktan kil payi kurtulan düsmani Samuel'i yendi ve Samuel'in 15.000'den fazla adamini ele geçirdi. Basil'in yaratici zalimligi bu zaferden sonra devreye girdi. Samuel'in her 100 adamindan 99'unu kör etti. Bu 100 kisiden sadece yarisi kör olan tek sansli adam için, o adamin grubunun geri kalanini Bulgaristan'a geri götürmesine izin verdi. Basil bu savaslar sayesinde "Bulgar Katili" lakabini kazanmistir.</Text>
    </Row>
    <Row Tag="LOC_PEDIA_LEADERS_PAGE_LEADER_BASIL_CHAPTER_HISTORY_PARA_6">
      <Text>Basil, acimasizligi ve kurnazligi sayesinde yillar içinde etkili bir general haline geldi. Ege ve Akdeniz'in kuzeyindeki bölgelerin büyük bir kismini ele geçirerek Imparatorlugunu neredeyse iki katina çikardi. Fetihleri Imparatorluga gurur getirdi ve ona ordusunun ve halkinin güvenini kazandirdi. Düsük vergiler sayesinde ve bazi durumlarda eyaletlerin yerel yönetim altinda kalmasina izin vererek Bulgaristan da dahil olmak üzere yeni dahil edilen bölgeleri elinde tuttu.</Text>
    </Row>
    <Row Tag="LOC_PEDIA_LEADERS_PAGE_LEADER_BASIL_CHAPTER_HISTORY_PARA_7">
      <Text>Basil MS 1025 yilinin Aralik ayinda öldü. Tipik tarziyla, Konstantinopolis'in disinda küçük bir mezara gömülmeyi talep etti. Ne yazik ki Basil'in imparatorlugu uzun ömürlü olmadi. Sonraki hükümdarlar Basil'in elli yillik yönetimi sirasinda kazandigi zenginlik ve topraklara sahip olamadilar.</Text>
    </Row>
    <Row Tag="LOC_PEDIA_LEADERS_PAGE_LEADER_BASIL_CHAPTER_CAPSULE_BODY">
      <Text>Bizans, Hakimiyet veya Dini bir zafer için dini ve askeri taktikleri birlestirir.</Text>
    </Row>
    <Row Tag="LOC_PEDIA_LEADERS_PAGE_LEADER_BASIL_CHAPTER_DETAILED_BODY">
      <Text>Bizanslilarin ilk önceligi bir din kurmak ve onu yaymaktir, zira dini alandaki zaferler askeri gücün artmasini saglar (ve tersi de geçerlidir). Benzersiz Taksi yetenekleri, dönüstürülen her Kutsal Sehir için onlara ek [ICON_Strength] Savas ve [ICON_RELIGION] Dini Güç verir ve Bizans'in kurdugu din, rakip birimleri yenerken yayilir. Ayrica, rakibinizin sehirlerini kendi dininize dönüstürmeyi basarirsaniz, Basil'in benzersiz yetenegi Yakin Dövüs saldirilarinin onlara karsi tam hasar vermesini saglar. Bunlara ek olarak, Tagma benzersiz birimi, kendisine komsu olan herhangi bir dini veya askeri birime ek güç verir. Bu ordulari besleyen, Bizans'in essiz bölgesi Hipodrom'dan bonus Agir Süvariler (örnegin Tagma) ve birimlere karsi daha fazla hasar ve daha fazla menzil saglayan erken dönem bir deniz birimi olan Dromon'dur. Din ve ordu arasindaki bu sinerji ile Bizans, Dini ya da Hakimiyet Zaferi kazanmaya hazirdir.</Text>
    </Row>
    <!-- buildings and districts -->
    <Row Tag="LOC_PEDIA_DISTRICTS_PAGE_DISTRICT_HIPPODROME_CHAPTER_HISTORY_PARA_1">
      <Text>Bizanslilar, kendilerinden önceki Romalilar gibi, savas arabasi yarislarini çok severlerdi. Hipodromda (Yunanca "at yolu"), dört atli savas arabalarindan olusan takimlar U seklindeki pistin etrafinda dönerlerdi - Roma'nin kanli gladyatör çukurlarina göre küçük bir gelisme. Takimlar arasindaki rekabet o kadar yogundu ki, günümüzün futbol rekabetlerini bile gölgede birakiyordu. 532 yilinda rakip taraftarlar arasinda çikan "Nika ayaklanmalari" Konstantinopolis sehrinin yarisini yakip yikmis ve imparator Justinianus'u neredeyse öldürüyordu. Hipodrom, kent sakinlerinin mutlulugu (ve bazen de mutsuzlugu) için hayati bir öneme sahipti ve vatandaslarin Imparatorlarini görebilecekleri ve onunla birlikte (ya da ona karsi) tezahürat yapabilecekleri bir alandi.</Text>
    </Row>
    <Row Tag="LOC_PEDIA_DISTRICTS_PAGE_DISTRICT_OPPIDUM_CHAPTER_HISTORY_PARA_1">
      <Text>Oppidum Latince'de basitçe "yerlesim" anlamina gelir, ancak pratikte Roma'nin eyaletlerinde - özellikle Galya'da - küçük bir kasabanin duvarlarla çevrili kentsel yerlesimini ifade eder ve bu nedenle Alplerin kuzeyinde Avrupa'daki ilk gerçek sehirleri isaret eder. Klasik bir oppidum, sehir ve kalenin bir kombinasyonuydu. Önceleri vatandaslar koruyucu duvarlarin disinda yasarken, silahli askerler ya da soylular bir tepe kalesine sahipti: yüksek, müstahkem bir mevki. Bir oppidum sayesinde ekonomik ve üretken faaliyetler, düsmanlar yakindayken bile görece güvenli bir sekilde gerçeklesebiliyordu. Surlar da sehir sakinleri ile kirsal kesimde yasayanlar arasinda bir ayrim yaratiyor ve bu "sehirler" bizim -hatta Roma- standartlarina göre oldukça küçük olsalar bile, birincilerin ikinciler üzerinde küçük de olsa bir üstünlük duygusu hissetmelerini sagliyordu.</Text>
    </Row>
    <Row Tag="LOC_PEDIA_WONDERS_PAGE_BUILDING_BIOSPHERE_CHAPTER_HISTORY_PARA_1">
      <Text>Apollo 11 astronotlari 1969 yilinda Ay'dan Dünya'nin fotografini çektiklerinde, küçük mavi bir noktanin görüntüsü dünyanin küçük ve paylasilan bir yer oldugu fikrini ortaya çikardi. Dünya'nin suyu, atmosferi ve ekolojisi her insanin paylastigi bir miras - ve sorumluluktu. Iki yil önce, Kanada'nin Montréal kentinde düzenlenen Expo 1967 dünya fuarinda ABD pavyonu, benzer sekilde bu essiz ve kirilgan durumu yakalamaya ve sembolize etmeye çalisan devasa bir küre seklinde insa edilmisti. Mimar Buckminster Fuller tarafindan insa edilen Biosphère, bu sehrin siluetine hakimdir. Dünya'ya ve onun tüm kirilganligina, güzelligine ve havasina, suyuna, biyolojik çesitliligine ve iklimine yönelik tehditlere adanmis bir müzedir. Yapinin ilham kaynagi olan "biyosfer" terimi, jeolog Eduard Suess tarafindan bu yasam kavramina ve onun birbirine bagliligina atifta bulunmak için icat edilmistir. Günümüzde bilim insanlari Suess'in fikirlerinden yola çikarak, insan faaliyetlerinin biyosferin isleyisini derinden degistirdigi, gezegen üzerindeki etkimizin kaçinilmaz oldugu jeolojik zamanin bu anina "Antroposen" adini vermislerdir. Belki de monitörünüzün hemen yaninda duran o kahveyi yeniden kullanilabilir bir fincandan içmeyi düsünmelisiniz.</Text>
    </Row>
    <Row Tag="LOC_PEDIA_WONDERS_PAGE_BUILDING_STATUE_OF_ZEUS_CHAPTER_HISTORY_PARA_1">
      <Text>Parthenon'un insasini denetleyen usta heykeltiras Phidias, içindeki Athena heykelini görmüs ve "Evet, ama daha büyük olsun" demisti. Zeus hiç süphesiz bu ifadeden memnun kalacak ve anitinin sonucundan daha da mutlu olacakti. Son heykel Zeus'u bir tahtta oturur vaziyette gösteriyordu ve devasa boyu 40 fitti (ayaga kalksa kafasini tapinagin çatisina çarpabilirdi). Altin ve fildisi, tanriyi tüm ihtisamiyla yaratmak için ahsap bir çekirdek üzerine kaliplanmisti. Gümüs, abanoz ve mücevherler gibi diger degerli malzemeler ince detaylar olusturmak için kazinmistir. Tanrinin basinin üstünde zeytin dallarindan bir çelenk ve sag elinde tanriça Nike vardi. Asasinin üzerinde bir kartal tünemisti. Heykelin (ve Zeus'un) tüm gücüne ragmen, heykel sonunda ya yangin ya da dogal afet nedeniyle yerinden söküldü ve yok oldu.</Text>
    </Row>
    <!-- units -->
    <Row Tag="LOC_PEDIA_UNITS_PAGE_UNIT_BYZANTINE_DROMON_CHAPTER_HISTORY_PARA_1">
      <Text>Bizans donanmasi Akdeniz'deki en gelismis gemilerden bazilarina sahipti. Daha önceleri pruvasinda koçbasi olan bir trireme'ye dayanan dromon, geminin ön tarafinda askerlerin düsman gemilerine geçmesi (ya da alternatif olarak düsmanin küreklerini ezmesi) için bir köprü görevi gören bir çikinti olan bir "gagaya" (calcar) sahipti. Üçgen yelken ve bir ya da birden fazla kürekle birlikte dromon hizli, manevra kabiliyeti yüksek ve ölümcüldü.</Text>
    </Row>
    <Row Tag="LOC_PEDIA_UNITS_PAGE_UNIT_BYZANTINE_DROMON_CHAPTER_HISTORY_PARA_2">
      <Text>Ancak dromonun en korkutucu özelligi atesiydi. Yag ve sönmemis kireçten olusan bir karisim olan "Yunan atesi" su üzerinde yüzerken bile yanan bir karisimdi. Bazi dromonlarin pruvasinda Yunan atesi projektörleri vardi: esasen gemiye monte edilmis bir ortaçag alev makinesi. Bu silah Araplarin Konstantinopolis kusatmalarini püskürtmek ve Imparator Romanus döneminde Ruslarin (simdiki Rusya'dan gelen Viking akincilari) istilasini püskürtmek için çok etkili bir sekilde kullanilmisti. Cagdas bir anlatima göre, Ruslar alev toplarini gördüklerinde, "atesle yakilmaktansa dalgalarla bogulmayi tercih ederek kendilerini gemilerinden denize attilar... O gün kiyiya kaçmayi basaramayan hiç kimse kurtulamadi."</Text>
    </Row>
    <Row Tag="LOC_PEDIA_UNITS_PAGE_UNIT_GAUL_GAESATAE_CHAPTER_HISTORY_PARA_1">
      <Text>Gaesatae'ler Alplerden gelen Kelt savasçilariydi. Roma Cumhuriyeti'nin ilk günlerinde Roma kuzeye dogru genisliyor, eskiden Galya'ya ait olan topraklari alip daha fakir Romali ailelere veriyordu. Bu genislemeden endise duyan Cisalpine Galya'dan - Italya'nin kuzey kismi - bir grup kabile bir araya geldi ve kendilerini savunmalari için Gaesatae'yi kiraladi. Mizrak ve ciritlerle donanmis olan Gaesatae'ler (Yunan tarihçi Polybius'a göre) silahlarindan baska hiçbir seyleri olmadan çiplak bir sekilde savasmislardir. Polybius, Galya ordusunun "korkunç bir gürültü çikardigini, çünkü sayisiz boru üfleyici ve borazanci oldugunu ve tüm ordu ayni anda savas çigliklarini atarken, öyle bir ses kargasasi oldugunu yazar ki, sadece borazanlar ve askerler degil, etraftaki tüm ülke sesini duyurmus ve çigligi yakalamis gibi görünüyordu. Öndeki çiplak savasçilarin görünüsleri ve hareketleri de çok ürkütücüydü, hepsi de hayatlarinin baharinda ve ince yapili adamlardi." Galyalilarin tuhaf kiyafetleri (ya da kiyafetsizlikleri) savasta kendilerine olan güvenlerinden kaynaklaniyor olabilir ya da sadece çaliliklara yakalanmamak için alinmis pratik bir önlem de olabilir. Neden çiplak savastiklarina bakilmaksizin, Galyalilar ilk birkaç savasi kazandilar, ancak daha iyi hazirlanmis bir Roma savasi kazandi. Belki de zirh her seye ragmen iyi bir fikirdi.</Text>
    </Row>
    <Row Tag="LOC_PEDIA_UNITS_PAGE_UNIT_BYZANTINE_TAGMA_CHAPTER_HISTORY_PARA_1">
      <Text>Tagma - çogulu: tagmata - Roma imparatorluk muhafizlarinin Bizansli torunlariydi. Baslangiçta tagmata'lar Imparatora kisisel olarak yakin olabilecekleri ve belki de onun dikkatini çekebilecekleri pozisyonlar arayan soylu genç erkeklerdi. Ancak zamanla imparatorluk muhafizlari bir savas gücünden çok sosyal bir alan haline geldi ve 8. yüzyilda Imparator V. Konstantin onlari mobil, hizli tepki veren bir güç olarak yeniden organize etmeye çalisti: tagma. Tagma birimleri sürekli olarak güncellendi ve gelistirildi ve daha sonraki imparatorlar agir süvari gücüne yeni icatlar getirdi. Muhafizlar o kadar basarili oldu ki, Basil II döneminde tagma sistemi sadece Konstantinopolis'teki sövalyeleri degil, tasra birimlerini ve yabancilari da kapsayacak sekilde genisledi. Bunlara, Bizans Imparatoru'nun dogrudan istihdam ettigi Viking parali askerleri olan korkulan Varangian Muhafizlari da dahil oldu.</Text>
    </Row>
  </EnglishText>
</GameData>