﻿<?xml version="1.0" encoding="utf-8"?>
<GameData>
  <EnglishText>
    <!-- District Adjacency -->
    <Row Tag="LOC_DISTRICT_MINE_1_FAITH">
      <Text>+{1_num} [ICON_Faith] Bitisik Madenlerden gelen inanç.</Text>
    </Row>
    <Row Tag="LOC_DISTRICT_MINE_1_SCIENCE">
      <Text>+{1_num} [ICON_Science] Bitisik Madenlerden Bilim.</Text>
    </Row>
    <Row Tag="LOC_DISTRICT_MINE_1_GOLD">
      <Text>+{1_num} [ICON_Gold] Bitisik Madenlerden Altin.</Text>
    </Row>
    <Row Tag="LOC_DISTRICT_MINE_1_CULTURE">
      <Text>+{1_num} [ICON_Culture] Bitisik Madenlerden Kültür.</Text>
    </Row>
    <Row Tag="LOC_DISTRICT_MINE_1_PRODUCTION">
      <Text>+{1_num} [ICON_Production] Bitisik Madenlerden Üretim.</Text>
    </Row>
    <Row Tag="LOC_DISTRICT_STRATEGIC2_PRODUCTION">
      <Text>+{1_num} [ICON_PRODUCTION] Komsu Stratejik {1_Num : plural 1?resource  other?resources }'ten üretim.</Text>
    </Row>
    <Row Tag="LOC_DISTRICT_OPPIDUM_DESCRIPTION_ADJACENCY">
      <Text>Bitisiklik: Büyük [ICON_Production] Bir Tas Ocagi iyilestirmesine veya stratejik kaynaga bitisikse üretim bonusu.</Text>
    </Row>
    <!-- AI Agenda Text -->
    <Row Tag="LOC_AGENDA_AMBIORIX_ARMY_NAME">
      <Text>Roma'nin Belasi</Text>
    </Row>
    <Row Tag="LOC_AGENDA_AMBIORIX_ARMY_DESCRIPTION">
      <Text>Cok sayida savas birimini sever. Küçük ordulari olan uygarliklardan hoslanmaz.</Text>
    </Row>
    <Row Tag="LOC_AGENDA_BASIL_ZEALOT_NAME">
      <Text>Ilahi Muhafiz</Text>
    </Row>
    <Row Tag="LOC_AGENDA_BASIL_ZEALOT_DESCRIPTION">
      <Text>Ayni Dini takip eden medeniyetleri sever. Agirlikli olarak kendi Dinini takip etmeyen uygarliklardan hoslanmaz.</Text>
    </Row>
    <Row Tag="LOC_TOOLTIP_SAMPLE_DIPLOMACY_AMBIORIX_ARMY">
      <Text>Ambiorix, sahip oldugundan daha fazla askeri birlige sahip uygarliklari sever ve daha az askeri birlige sahip olanlari sevmez.</Text>
    </Row>
    <Row Tag="LOC_TOOLTIP_SAMPLE_DIPLOMACY_AMBIORIX_ARMY_POSITIVE">
      <Text>Ambiorix sahip oldugundan daha fazla askeri birligi olan medeniyetleri sever</Text>
    </Row>
    <Row Tag="LOC_TOOLTIP_SAMPLE_DIPLOMACY_AMBIORIX_ARMY_NEGATIVE">
      <Text>Ambiorix, sahip oldugundan daha az askeri birlige sahip uygarliklardan hoslanmaz</Text>
    </Row>
    <!-- Dramatic Ages Text -->
    <Row Tag="LOC_GOVT_FILTER_GOLDEN">
      <Text>Altin</Text>
    </Row>
  </EnglishText>
</GameData>