﻿<?xml version="1.0" encoding="utf-8"?>
<GameData>
  <EnglishText>
    <!-- Bull Moose Teddy-->
    <Row Tag="LOC_AGENDA_BULL_MOOSE_NAME">
      <Text>Boğa Geyiği</Text>
    </Row>
    <Row Tag="LOC_AGENDA_BULL_MOOSE_DESCRIPTION">
      <Text>Yüksek çekiciliğe sahip karoların yakınına yerleşmek ve yüksek çekiciliğe sahip semtler ve harikalar inşa etmek ister ve aynı şeyi yapanları sever. Düşük çekiciliğe sahip bölgeleri benimseyenlerden hoşlanmaz.</Text>
    </Row>
    <Row Tag="LOC_DIPLO_KUDO_EXIT_LEADER_T_ROOSEVELT_ANY">
      <Text>Kıtada barışı sağladığınız için teşekkürler. Bravo sana!</Text>
    </Row>
    <Row Tag="LOC_DIPLO_WARNING_EXIT_LEADER_T_ROOSEVELT_ANY">
      <Text>Hiç kimse yasaların üstünde değildir. Bunu hatırlamanızda fayda var.</Text>
    </Row>
    <Row Tag="LOC_DIPLO_KUDO_LEADER_T_ROOSEVELT_REASON_ANY">
      <Text>(Onun ana kıtasında barışı sağladınız)</Text>
    </Row>
    <Row Tag="LOC_DIPLO_WARNING_LEADER_T_ROOSEVELT_REASON_ANY">
      <Text>(Kendi kıtasında birine saldırdınız.)</Text>
    </Row>
    <!-- Rough Rider Teddy -->
    <Row Tag="LOC_DIPLO_DECLARE_WAR_FROM_HUMAN_LEADER_T_ROOSEVELT_ROUGHRIDER_ANY">
      <Text>Doğruluk ve esenlik arasında bir seçim yapmam gerekirse, doğruluğu seçerim.</Text>
    </Row>
    <Row Tag="LOC_DIPLO_DECLARE_WAR_FROM_AI_LEADER_T_ROOSEVELT_ROUGHRIDER_ANY">
      <Text>Bundan kaçınmak istedim, biliyorsun, ama senin barış fikrin bana başka seçenek bırakmadı.</Text>
    </Row>
    <Row Tag="LOC_DIPLO_DEFEAT_FROM_AI_LEADER_T_ROOSEVELT_ROUGHRIDER_ANY">
      <Text>Tebrikler. Amerika Birleşik Devletleri yerine, ulusunuz çok ileri gidecek.</Text>
    </Row>
    <Row Tag="LOC_DIPLO_ACCEPT_DECLARE_FRIEND_FROM_HUMAN_LEADER_T_ROOSEVELT_ROUGHRIDER_ANY">
      <Text>Buna hayır diyemem.</Text>
    </Row>
    <Row Tag="LOC_DIPLO_REJECT_DECLARE_FRIEND_FROM_HUMAN_LEADER_T_ROOSEVELT_ROUGHRIDER_ANY">
      <Text>Şu anda ilgilenmiyoruz.</Text>
    </Row>
    <Row Tag="LOC_DIPLO_DECLARE_FRIEND_FROM_AI_LEADER_T_ROOSEVELT_ROUGHRIDER_ANY">
      <Text>Saygımı kazandınız. Dostluğumuzu ilan edelim mi?</Text>
    </Row>
    <Row Tag="LOC_DIPLO_ACCEPT_DECLARE_FRIEND_FROM_AI_LEADER_T_ROOSEVELT_ROUGHRIDER_ANY">
      <Text>Teşekkür ederim.</Text>
    </Row>
    <Row Tag="LOC_DIPLO_REJECT_DECLARE_FRIEND_FROM_AI_LEADER_T_ROOSEVELT_ROUGHRIDER_ANY">
      <Text>Bu çok kötü.</Text>
    </Row>
    <Row Tag="LOC_DIPLO_ACCEPT_DELEGATION_FROM_HUMAN_LEADER_T_ROOSEVELT_ROUGHRIDER_ANY">
      <Text>Heyetinize büyük Amerika Birleşik Devletleri'ne hoş geldiniz diyorum.</Text>
    </Row>
    <Row Tag="LOC_DIPLO_REJECT_DELEGATION_FROM_HUMAN_LEADER_T_ROOSEVELT_ROUGHRIDER_ANY">
      <Text>Reddetmeliyiz.</Text>
    </Row>
    <Row Tag="LOC_DIPLO_DELEGATION_FROM_AI_LEADER_T_ROOSEVELT_ROUGHRIDER_ANY">
      <Text>Sizi gördüğüme sevindim. Diplomatik heyetim birazdan taze pişmiş elmalı turtalarla gelecek. Eminim onları sıcak bir şekilde karşılayacaksınız.</Text>
    </Row>
    <Row Tag="LOC_DIPLO_DENOUNCE_FROM_HUMAN_LEADER_T_ROOSEVELT_ROUGHRIDER_ANY">
      <Text>Bu ne cüret!</Text>
    </Row>
    <Row Tag="LOC_DIPLO_DENOUNCE_FROM_AI_LEADER_T_ROOSEVELT_ROUGHRIDER_ANY">
      <Text>Haysiyetsiz bir yöneticiye tahammül edemem ve dünya bunun farkına varmalı. (Sizi İhbar Ediyor)</Text>
    </Row>
    <Row Tag="LOC_DIPLO_FIRST_MEET_LEADER_T_ROOSEVELT_ROUGHRIDER_ANY">
      <Text>Amerika Birleşik Devletleri'ne hoş geldiniz. Kendinize iyi davranırsanız, bizi dost olarak görebilirsiniz.</Text>
    </Row>
    <Row Tag="LOC_DIPLO_FIRST_MEET_VISIT_RECIPIENT_LEADER_T_ROOSEVELT_ROUGHRIDER_ANY">
      <Text>Yakınlarda bir şehrimiz var. Ziyaret etmek ister misiniz? Size şu sıralar çok popüler olan doldurulmuş ayıları gösterebilirim.</Text>
    </Row>
    <Row Tag="LOC_DIPLO_FIRST_MEET_NEAR_INITIATOR_POSITIVE_LEADER_T_ROOSEVELT_ROUGHRIDER_ANY">
      <Text>Buna hayır diyemem.</Text>
    </Row>
    <Row Tag="LOC_DIPLO_FIRST_MEET_NO_MANS_INFO_EXCHANGE_LEADER_T_ROOSEVELT_ROUGHRIDER_ANY">
      <Text>Başkentlerimiz hakkında bilgi alışverişinde bulunmak, ülkelerimiz arasında serbest ticareti teşvik etmek istiyorum.</Text>
    </Row>
    <Row Tag="LOC_DIPLO_GREETING_LEADER_T_ROOSEVELT_ROUGHRIDER_ANY">
      <Text>Devam et o zaman.</Text>
    </Row>
    <Row Tag="LOC_DIPLO_MAKE_ALLIANCE_FROM_AI_LEADER_T_ROOSEVELT_ROUGHRIDER_ANY">
      <Text>Saygımı kazandınız. Bir ittifak kuralım mı?</Text>
    </Row>
    <Row Tag="LOC_DIPLO_MAKE_PEACE_AI_ACCEPT_DEAL_LEADER_T_ROOSEVELT_ROUGHRIDER_ANY">
      <Text>Kendi hak ve çıkarlarını korumak ulusumuzun görevidir. Bu görev tamamlandı; barış içinde ilerleyelim.</Text>
    </Row>
    <Row Tag="LOC_DIPLO_MAKE_PEACE_AI_REFUSE_DEAL_LEADER_T_ROOSEVELT_ROUGHRIDER_ANY">
      <Text>Ciddi olamazsın!</Text>
    </Row>
    <Row Tag="LOC_DIPLO_MAKE_PEACE_FROM_AI_LEADER_T_ROOSEVELT_ROUGHRIDER_ANY">
      <Text>Ülkenin çıkarlarını korudum ve haklarımızı muhafaza ettim. Bu iş tamamlandı. Artık barış içinde yaşayabiliriz.</Text>
    </Row>
    <Row Tag="LOC_DIPLO_ACCEPT_OPEN_BORDERS_FROM_HUMAN_LEADER_T_ROOSEVELT_ROUGHRIDER_ANY">
      <Text>Sınırlarımızı birimlerinize açmaktan mutluluk duyuyoruz.</Text>
    </Row>
    <Row Tag="LOC_DIPLO_REJECT_OPEN_BORDERS_FROM_HUMAN_LEADER_T_ROOSEVELT_ROUGHRIDER_ANY">
      <Text>Şu anda ilgilenmiyoruz.</Text>
    </Row>
    <Row Tag="LOC_DIPLO_OPEN_BORDERS_FROM_AI_LEADER_T_ROOSEVELT_ROUGHRIDER_ANY">
      <Text>Birimlerimizin bölgenizden geçmesine izin verecek misiniz?</Text>
    </Row>
    <Row Tag="LOC_DIPLO_WARNING_TOO_MANY_TROOPS_NEAR_ME_LEADER_T_ROOSEVELT_ROUGHRIDER_ANY">
      <Text>Birliklerinizi sınırlarımıza o kadar yaklaştırıyorsunuz ki dürüstlüğünüzü sorgulamaya başlıyorum.</Text>
    </Row>
    <Row Tag="LOC_DIPLO_KUDO_EXIT_LEADER_T_ROOSEVELT_ROUGHRIDER_ANY">
      <Text>Kıtada barışı sağladığınız için teşekkürler. Bravo sana!</Text>
    </Row>
    <Row Tag="LOC_DIPLO_KUDO_LEADER_T_ROOSEVELT_ROUGHRIDER_REASON_ANY">
      <Text>(Onun ana kıtasında barışı sağladınız)</Text>
    </Row>
    <Row Tag="LOC_DIPLO_WARNING_EXIT_LEADER_T_ROOSEVELT_ROUGHRIDER_ANY">
      <Text>Hiç kimse yasaların üstünde değildir. Bunu hatırlamanızda fayda var.</Text>
    </Row>
    <Row Tag="LOC_DIPLO_WARNING_LEADER_T_ROOSEVELT_ROUGHRIDER_REASON_ANY">
      <Text>(Kendi kıtasında birine saldırdınız.)</Text>
    </Row>
  </EnglishText>
</GameData>