﻿<?xml version="1.0" encoding="utf-8"?>
<GameData>
  <EnglishText>
    <Row Tag="LOC_LEADER_T_ROOSEVELT_ROUGHRIDER_NAME">
      <Text>Teddy Roosevelt (Rough Rider)</Text>
    </Row>
    <Row Tag="LOC_LEADER_T_ROOSEVELT_ORIGINAL_NAME">
      <Text>Teddy Roosevelt (Bull Moose)</Text>
    </Row>
    <Row Tag="LOC_TRAIT_LEADER_ANTIQUES_AND_PARKS_NAME">
      <Text>Eski Eserler ve Parklar</Text>
    </Row>
    <Row Tag="LOC_TRAIT_LEADER_ANTIQUES_AND_PARKS_DESCRIPTION">
      <Text>Bir Doğa Harikası veya Dağa komşu olan nefes kesici kareler +2 [ICON_SCIENCE] Bilim alır. Bir Doğa Harikası ya da Ormana bitişik nefes kesici karolar +2 [ICON_CULTURE] Kültür alır. Milli Parkı olan bir şehirdeki tüm karolar +1 İtiraz alır.</Text>
    </Row>
    <Row Tag="LOC_TRAIT_LEADER_ROOSEVELT_COROLLARY_ROUGH_RIDER_DESCRIPTION">
      <Text>Birimler kendi kıtalarında +5 [ICON_Strength] Savaş Gücü alır. [ICON_TradeRoute] Ticaret Yoluna sahip olduğunuz Şehir Devletlerine gönderilen Elçiler iki [ICON_Envoy] Elçi olarak sayılır. Tüfekli Rough Rider benzersiz birimini kazanın.</Text>
    </Row>
    <Row Tag="LOC_DIPLO_MODIFIER_BULL_MOOSE_POSITIVE_APPEAL">
      <Text>İmparatorluğunuzdaki pek çok çekici alana hayranlık duyuyorlar</Text>
    </Row>
    <Row Tag="LOC_DIPLO_MODIFIER_BULL_MOOSE_NEGATIVE_APPEAL">
      <Text>İmparatorluğunuzun cazip alanlardan yoksun olması onları hayal kırıklığına uğratıyor</Text>
    </Row>
  </EnglishText>
</GameData>