﻿<?xml version="1.0" encoding="utf-8"?>
<GameData>
  <EnglishText>
    <!-- leaders -->
    <Row Tag="LOC_PEDIA_LEADERS_PAGE_LEADER_ABRAHAM_LINCOLN_TITLE">
      <Text>Abraham Lincoln</Text>
    </Row>
    <Row Tag="LOC_PEDIA_LEADERS_PAGE_LEADER_ABRAHAM_LINCOLN_QUOTE">
      <Text>İnsan var olduğu sürece, sadece kendi durumunu iyileştirmekle kalmayıp, insanlığı da iyileştirmeye yardımcı olmak onun görevidir; ben en çok sayıda insana en büyük iyiliği sağlayacak araçlardan yanayım.</Text>
    </Row>
    <Row Tag="LOC_PEDIA_LEADERS_PAGE_LEADER_ABRAHAM_LINCOLN_CHAPTER_HISTORY_PARA_1">
      <Text>ABD tarihinin en tanınmış simalarından biri olan Abraham Lincoln sadece dört yıl Başkanlık yaptı, ancak bu süre zarfında köleliği kaldırdı (ABD'nin Avrupalı çağdaşlarına kıyasla oldukça geç bir eylemdi), İç Savaşı başarıyla yürüttü ve ABD'yi sanayi çağına fırlattı.</Text>
    </Row>
    <Row Tag="LOC_PEDIA_LEADERS_PAGE_LEADER_ABRAHAM_LINCOLN_CHAPTER_HISTORY_PARA_2">
      <Text>Lincoln Orta Batı'da mütevazı bir aileden geliyordu. Ailesi, dönemin iki büyük mücadelesi arasında kalmış fakir toprak sahipleriydi: batıya doğru yerli topraklarına doğru ilerleme ve köleleştirilen çiftçiler (servetin daha büyük toprak sahiplerinde toplanma eğiliminde olduğu) ile kendi tarlalarını işleyenler arasındaki gerilim. Lincoln'ler kuzeye, Indiana'ya doğru itildiler ve burada ağaç işçiliği ve çiftçilikle uğraştılar. Zor zamanlardı - Lincoln'ün annesi o küçük bir çocukken öldü ve Lincoln çoğunlukla kendi kendini yetiştirdi. Sauklara karşı milis kuvvetlerinde görev yaptıktan sonra döndüğünde Lincoln hukuk okudu ve ciddi bir şekilde siyasetle ilgilenmeye başladı.</Text>
    </Row>
    <Row Tag="LOC_PEDIA_LEADERS_PAGE_LEADER_ABRAHAM_LINCOLN_CHAPTER_HISTORY_PARA_3">
      <Text>Lincoln'ün erken siyasi kariyeri, en azından Amerika'da, başlangıçtaki monarşi karşıtı statüsünün bir eseri olarak yürütme gücüne karşı birleşmiş bir parti olan Whig'lerle geçti. ABD'de bu, Andrew Jackson gibi siyasi figürlerin geniş kapsamlı yürütme yetkileri kurma potansiyeliyle mücadele etmek anlamına geliyordu. Ancak ABD değişiyordu ve hakim bölünmeler artık Virginia'daki zengin plantasyon sahipleri (örneğin Washington veya Jefferson) ile tutumlu ve felsefi düşünen New England'lılar (örneğin Franklin veya Adams) arasında değil, köle emeği ile çalışan endüstriyel tarıma doğru ilerleyen Güney'e karşı Kuzey'deki endüstriyel sermaye arasındaydı. Whig'ler Cumhuriyetçi Parti'ye dönüşüp Güney'e karşı Kuzey'in endüstriyel çıkarlarıyla ittifak kurunca, Lincoln önde gelen bir ses haline geldi. Lincoln'ün görüşleri kölelik konusunda ılımlılık (bugün kulağa ne kadar kötü gelse de, o dönem için ilericiydi), uluslararası ekonomik korumacılık ve yerli sanayiye destek çağrısında bulundu - tüm politikalar serbest sermayeyi (en azından ülke içinde ve beyaz erkekler arasında), sanayileşmeyi ve sanayicilerin zenginliğini destekliyordu.</Text>
    </Row>
    <Row Tag="LOC_PEDIA_LEADERS_PAGE_LEADER_ABRAHAM_LINCOLN_CHAPTER_HISTORY_PARA_4">
      <Text>Güney'deki bu beyaz toprak sahipleri, uluslararası sanayi, tarımsal üretim ve küresel ticarete ayak uydurabilmek için köleliğe bel bağlamışlardı. Yine de kölelik giderek savunulamaz (ve her zaman iğrenç) bir uygulamaydı. Lincoln köleliğe karşı olduğunu gizlemedi, ancak köleliğin ortadan kaldırılmasını değil, kontrol altına alınmasını ileriye dönük bir yol olarak görüyordu. Ancak bu ılımlılık girişimi bile, onun seçilmesini Birlik içindeki güçlerinin geri dönülmez bir şekilde azaldığı ve kölelik kurumunun ve dolayısıyla ekonomik temellerinin sona erebileceğinin bir işareti olarak yorumlayan Güney eyaletleri için çok uzaktı. Böylece, onun seçilmesinin hemen ardından Konfederasyon ayrıldığını ilan etti.</Text>
    </Row>
    <Row Tag="LOC_PEDIA_LEADERS_PAGE_LEADER_ABRAHAM_LINCOLN_CHAPTER_HISTORY_PARA_5">
      <Text>Lincoln bir tartışmacıydı ve bu nedenle durumun ciddiyetini hafife aldığı ve erken harekete geçmediği için eleştirildi, ancak sözlere ve ihtiyata olan tutkusu daha sonra işe yarayacaktı. İç Savaş'ta Güney, kendi topraklarının avantajına ve generaller ve stratejistler üretmek için iyi eğitimli bir elit kesime sahipti, ancak neredeyse diğer her faktörde Kuzey'in gerisinde kaldı. Güney'deki işgücünün büyük bir kısmı köleleştirilmiş olduğundan ve bu nedenle kendi köleliklerinin devamı için mücadele etmekte zorlanacaklarından, Güney yoksul topraksız beyazları savaşa çekmek için propaganda kampanyaları kullanmak zorunda kalmıştır. Ayrıca, Güney fabrikaları ve sanayisi Kuzey'in gerisindeydi. Ve son olarak, Güney mevcut uluslararası destekten yoksundu.</Text>
    </Row>
    <Row Tag="LOC_PEDIA_LEADERS_PAGE_LEADER_ABRAHAM_LINCOLN_CHAPTER_HISTORY_PARA_6">
      <Text>Ancak her ne kadar olası görünmese de zafere giden bir yol vardı. Irksal kızgınlık siyaseti devam ediyordu ve Lincoln, ayrılmayan eyaletlerde (örneğin Maryland) bile kölelik yanlısı duyguları hafife almıştı - orada isyanlar ve sabotajcılar boldu. Daha da kötüsü, özellikle Lincoln'ün yabancı gümrük tarifelerine ve Amerikan ticaretini korumaya olan eğilimi göz önüne alındığında, Güney'in kendi sanayilerini beslemek için büyük ölçüde tarımsal hammadde üreticisi olarak kalmasını isteyen birçok uluslararası güç vardı. Lincoln, Konfederasyon'dan İngiltere'ye giden elçileri durdurdu, ancak akıllıca bir hareketle hoşgörü gösterdi ve böylece uluslararası bir olayı önledi.</Text>
    </Row>
    <Row Tag="LOC_PEDIA_LEADERS_PAGE_LEADER_ABRAHAM_LINCOLN_CHAPTER_HISTORY_PARA_7">
      <Text>Her şey farklı olabilirdi: yabancı bir güç müdahale edebilirdi. Kitlesel bir köle ayaklanması Konfederasyonu daha başlamadan yok edebilirdi. Kölelik yanlısı kitlesel bir ayaklanma Birleşik Devletler'in sanayisini sabote edebilirdi. Ancak bunların hiçbiri olmadı ve Kuzey'in sanayi makinesi Konfederasyon'u amansızca yok etti.</Text>
    </Row>
    <Row Tag="LOC_PEDIA_LEADERS_PAGE_LEADER_ABRAHAM_LINCOLN_CHAPTER_HISTORY_PARA_8">
      <Text>Bu sanayicilik teması burada kilit önem taşımaktadır. Lincoln kendi ülkesinde, büyüyen ulusu merkezi kontrol altına almak için bir bankacılık idaresi ve bir tarım bakanlığı kurmasıyla tanınıyordu. Ancak Lincoln'ün dönemini düşündüğümüzde aklımıza büyüyen fabrikalar, Avrupa'dan ABD'ye göçün artması, demiryollarının büyümesi geliyor. Ayrıca, bu endüstriyel güçlerin batıdaki topraklara karşı hareketi - Lincoln'ün, özellikle geçmişi göz önüne alındığında, kalbinde kıtanın yerli halkı için yumuşak bir nokta yoktu.</Text>
    </Row>
    <Row Tag="LOC_PEDIA_LEADERS_PAGE_LEADER_ABRAHAM_LINCOLN_CHAPTER_HISTORY_PARA_9">
      <Text>Lincoln'ün zaferi ve savaşın ardından Güney'de yapılan reformların kızgınlığa yol açması kaçınılmazdı. Yeniden seçilmesinin hemen ardından ve savaşın bitiminden sadece birkaç gün sonra, 1865 yılında Washington DC'de John Wilkes Booth tarafından öldürüldü. Booth böyle bir suikastın savaşın devam etmesine yol açacağına inanıyordu, ancak durum böyle olmadı. Lincoln'ün yerine özellikle beceriksiz bir lider olan Andrew Johnson geçti.</Text>
    </Row>
    <Row Tag="LOC_PEDIA_LEADERS_PAGE_LEADER_ABRAHAM_LINCOLN_CHAPTER_CAPSULE_BODY">
      <Text>Abraham Lincoln, uygarlığındaki uyumsuzluğu önlemek için sanayileşmeden yararlanmak istiyor.</Text>
    </Row>
    <Row Tag="LOC_PEDIA_LEADERS_PAGE_LEADER_ABRAHAM_LINCOLN_CHAPTER_DETAILED_BODY">
      <Text>Ek Wildcard yuvaları ve Diplomatik İyilik sağlayan Kurucu Babalar yeteneği ile Abraham Lincoln için hükümet seçimi önemlidir.  Ayrıca Çıraklık araştırması yapmak ve ücretsiz yakın dövüş birimleri almak için tüm şehirlerinde Sanayi Bölgeleri inşa etmek istiyor. Lincoln Sulama ve Plantasyonlardan kaçınmalıdır, böylece onların maluslarını almaz. Oyunun sonlarına doğru P-51 Mustang ve Film Stüdyosu zafere doğru son hamle için gelir.</Text>
    </Row>
    <Row Tag="LOC_PEDIA_LEADERS_PAGE_LEADER_NZINGA_MBANDE_TITLE">
      <Text>Nzinga Mbande</Text>
    </Row>
    <Row Tag="LOC_PEDIA_LEADERS_PAGE_LEADER_NZINGA_MBANDE_QUOTE">
      <Text>Şansını dene ve kaderin nereye götürdüğünü gör.</Text>
    </Row>
    <Row Tag="LOC_PEDIA_LEADERS_PAGE_LEADER_NZINGA_MBANDE_CHAPTER_HISTORY_PARA_1">
      <Text>Angola bağımsızlık hareketinde ve Afrika'daki sömürgeciliğin erken tarihinde önemli bir figür olan Nzinga Mbande, çeşitli krallıklar arasında gidip gelerek ve Avrupalı güçleri birbirine düşürerek kendi sesini duyurmaya (ve yönetecek bir krallık kurmaya) çalışmıştır.</Text>
    </Row>
    <Row Tag="LOC_PEDIA_LEADERS_PAGE_LEADER_NZINGA_MBANDE_CHAPTER_HISTORY_PARA_2">
      <Text>Portekizliler Kongo'ya 1480'lerde ulaştı. Orada buldukları şey, 1300'lerden beri iktidarda olan seçimli bir monarşi olan Kongo Krallığı'ydı. Misyonerler Kongo'da okullar kurmuş, senkretik bir dini uygulama geliştirmiş ve on yıl içinde kralı vaftiz etmişlerdi. Kölelik ise daha karmaşık bir meseleydi. Kongolular uzun süredir köleliği uyguluyor, savaşlardan ve baskınlardan başkente tebaalarını getirip onları yerleşmeye ve çalışmaya zorluyorlardı. Portekizliler Sao Tome'de plantasyonlarını kurduklarında, Kongo adaya köleleştirilmiş işgücü için esir tedarik etmek üzere özel bir ticaret anlaşması yaptı. Zamanla Kongo ve Portekiz huzursuz bir ittifak kurdu.</Text>
    </Row>
    <Row Tag="LOC_PEDIA_LEADERS_PAGE_LEADER_NZINGA_MBANDE_CHAPTER_HISTORY_PARA_3">
      <Text>Sorun Portekizlilerin Kongo'nun köle ticareti üzerindeki tekeline saygı göstermemesiydi ve Afonso - Mvemba a Nzinga - anlaşmanın sona erdirilmesini istedi. Mvemba'nın köleliğin sona erdirilmesini savunmadığı ya da emperyal saldırganlığı protesto etmediği, sadece Portekizlilerin anlaşma şartlarına uymadığını belirtmek gerekir. Bu sorun Portekiz'in komşu krallıklarda hem ticaret kampları hem de akın kampları olarak kamplar kurmasına yol açar.</Text>
    </Row>
    <Row Tag="LOC_PEDIA_LEADERS_PAGE_LEADER_NZINGA_MBANDE_CHAPTER_HISTORY_PARA_4">
      <Text>Bir nesil sonra, Kongo'nun sınırlarında bir zamanlar köle tacirlerinin hedefi olan bölgeler artık potansiyel ortaklardı. Ndongo bunlardan biriydi. 1590'da Portekizlilere ve Kongolu müttefiklerine karşı savaş halindeydi ve Imbangala olarak bilinen özellikle vahşi bir paralı asker grubunun saldırılarına maruz kalıyordu. Bu savaş kötü gitmeye başladığında, bir soylu darbe düzenleyerek, yakındaki Matamba krallığına kaçan Nzinga da dahil olmak üzere kraliyet sarayının birçok üyesini görevden aldı. Ancak Ndongo'nun yeni lideri onun siyasi zekasına ve bağlantılarına ihtiyaç duydu ve Portekizlilerle müzakere etmesi için onu görevlendirdi.</Text>
    </Row>
    <Row Tag="LOC_PEDIA_LEADERS_PAGE_LEADER_NZINGA_MBANDE_CHAPTER_HISTORY_PARA_5">
      <Text>Nzinga'nın parladığı yer burasıydı. Portekiz normlarına kasıtlı olarak meydan okudu. Müzakerelerde kendisine biçilen itaatkâr rolü üstlenmeyi reddederek yerel kıyafetler giydi ve kendisini bir tebaa değil, bir kraliçe olarak sundu. Portekizliler onu yere oturtmak istediklerinde, hizmetçisinin onun sandalyesi olmasını sağladı. Vaftiz konusunda direndi ve bunu müzakerelerde bir teklif olarak kullandı. Sonunda bir barışa ulaştı.</Text>
    </Row>
    <Row Tag="LOC_PEDIA_LEADERS_PAGE_LEADER_NZINGA_MBANDE_CHAPTER_HISTORY_PARA_6">
      <Text>Ancak bu barış uzun sürmedi. Imbangala daha fazla toprak istiyordu ve hem Portekizlilere hem de Ndongo'ya meydan okuyarak savaşı sürdürdü. Ülkedeki kriz derinleşirken, Ndongo kralı öldü ve Nzinga, geniş kapsamlı siyasi ve stratejik müttefik ağıyla kontrolü ele geçirmeye çalıştı. Portekizliler onun ateşini hatırlayarak onu tanımakta tereddüt ettiler ve kendi seçtikleri kukla krala itaat etmesini istediler. Bunu reddetti ve isyancılara -aynı Imbangala'ya- katılmak için kaçtı. Bu grupla evlendi ve kuvvetlerini yeni halkının son derece militarist tarzına göre yeniden inşa etti. Bununla birlikte, tüm Ndongo'yu olmasa da Matamba'yı kendi topraklarına katarak bölgeyi süpürdü. Bu noktadan, direnişe mali bir can simidi olarak köle takası yaptığı Hollandalı tüccarlarla bağımsız ilişkiler kurdu ve Portekizlilere karşı Hollandalılar ve Kongolularla bir ittifak oluşturdu.</Text>
    </Row>
    <Row Tag="LOC_PEDIA_LEADERS_PAGE_LEADER_NZINGA_MBANDE_CHAPTER_HISTORY_PARA_7">
      <Text>Savaş uzadıkça uzadı. Hollandalılar Portekizliler tarafından kovuldu, ancak aynı zamanda Portekiz İspanya ile savaşa girdi. Yıllarca süren savaşın ardından 1656'da iki düşman bir barış anlaşması üzerinde uzlaştı - Portekiz kıyıların büyük bir kısmını kazanırken, Nzinga köle ticareti üzerindeki tekelini elde etti. Avrupalıların tekrar iç bölgelere girmeye çalışması için uzun yıllar geçmesi gerekti.</Text>
    </Row>
    <Row Tag="LOC_PEDIA_LEADERS_PAGE_LEADER_NZINGA_MBANDE_CHAPTER_HISTORY_PARA_8">
      <Text>Şimdi, özellikle Angola İç Savaşı tasvirlerinde Portekizlilere karşı bir güç olarak hatırlanıyor.</Text>
    </Row>
    <Row Tag="LOC_PEDIA_LEADERS_PAGE_LEADER_NZINGA_MBANDE_CHAPTER_CAPSULE_BODY">
      <Text>Nzinga Mbande için kendi kıtasında kalmak başarının anahtarıdır.</Text>
    </Row>
    <Row Tag="LOC_PEDIA_LEADERS_PAGE_LEADER_NZINGA_MBANDE_CHAPTER_DETAILED_BODY">
      <Text>Nzinga Mbande'nin Kongo'su kendi kıtasında üstün güç olmak istiyor. Nkisi yeteneği ile birleşen evindeki ek verimleri onu bir Kültür Zaferi için iyi bir şekilde hazırlar. Ngao Mbeba, ana kıtasına giren herhangi bir uygarlığı fethetmesine yardımcı olur. Mbanza şehirlerinin büyümesine ve refaha kavuşmasına yardımcı olur.</Text>
    </Row>
    <Row Tag="LOC_PEDIA_LEADERS_PAGE_LEADER_SALADIN_TITLE">
      <Text>Saladin</Text>
    </Row>
    <Row Tag="LOC_PEDIA_LEADERS_PAGE_LEADER_SALADIN_ALT_TITLE">
      <Text>Selahaddin (Sultan)</Text>
    </Row>
    <Row Tag="LOC_PEDIA_LEADERS_PAGE_LEADER_SALADIN_ALT_QUOTE">
      <Text>Allah bir işe hükmettiği zaman o iş bitmiştir.</Text>
    </Row>
    <Row Tag="LOC_PEDIA_LEADERS_PAGE_LEADER_SALADIN_ALT_CHAPTER_CAPSULE_BODY">
      <Text>Sultan Selahaddin ile oynamanın temelinde rakipleri askeri ya da dini yöntemlerle yenmek yatar.</Text>
    </Row>
    <Row Tag="LOC_PEDIA_LEADERS_PAGE_LEADER_SALADIN_ALT_CHAPTER_DETAILED_BODY">
      <Text>Bir Büyük Peygamberin garanti edilmesi, Sultan Selahaddin'e ücretsiz Büyük Peygamberi gelene kadar ordusunu kurma şansı verir. Büyük Peygamber geldikten sonra Arabistan'ın dinini ve ordusunu haritaya yaymaya devam edin. Memlük, her turda iyileştirme yeteneğiyle uzak medeniyetleri fethetmek için bir varlık olacaktır. Medrese, daha güçlü askeri birimlerin kilidini açmanıza yardımcı olurken daha fazla Havari satın almanıza da olanak tanıyacak. Sultan Selahaddin'in liderliğindeki Arabistan, Hakimiyet veya Dini Zaferler için harikadır.</Text>
    </Row>
    <Row Tag="LOC_PEDIA_GREATPEOPLE_PAGE_GREAT_PERSON_INDIVIDUAL_ANA_NZINGA_CHAPTER_HISTORY_PARA_1">
      <Text>Mbundu'nun (modern Angola) Ndongo ve Matamba krallıklarından acımasız ve işbirlikçi Nzinga Mbande, Portekizlilerle 35 yıl boyunca savaşacaktı. Hakkında çok sayıda müstehcen efsane vardır: tahta geçmek için kardeşini öldürdüğü; kardeşinin ailesini öldürdükten sonra cesaretlerini almak için kalplerini yediği; savaş öncesi bir ritüelde kölelerin başlarını kestirip kanlarını içtiği; 60 kişilik bir harem kurduğu ve periyodik olarak bazılarını öldürerek yerlerine yenilerini aldığı. Portekiz propagandasının bu söylentilerden bazılarını süslemiş olması muhtemel olsa da, her birinin altında bir gerçek yatmaktadır.</Text>
    </Row>
    <Row Tag="LOC_PEDIA_GREATPEOPLE_PAGE_GREAT_PERSON_INDIVIDUAL_ANA_NZINGA_CHAPTER_HISTORY_PARA_2">
      <Text>Ana de Sousa Nzinga Mbande (doğumunda göbek bağı boynuna dolandığı için "Nzinga" adını almıştır) MS 1583 civarında Mbundu prensesi olarak doğmuştur. Tarihi kayıtlarda ilk olarak 1621 yılında işgalci Portekizlilerle yapılan barış görüşmelerinde kardeşi Ngola'nın elçisi olarak görülür. Ancak Portekiz anlaşmaya uymadı ve Nzinga onlarla savaşmak için tacı devraldı... Ngola intihar ettiğinde ya da Nzinga onu zehirlediğinde ya da kralın ölümünden hemen sonra Ngola'nın varisini öldürerek. Afrikalı kabilelerden gelen iç ve dış tehditleri bastırması için Portekizlilerle kısa bir ittifaktan sonra, 1626'da Portekiz tekrar Ndongo'yu işgal etti. Kaçan Nzinga, kraliçesi Mwongo'nun "yerini alarak" komşu krallık Matamba'nın yönetimini üstlendi ve ikisini birleştirdi.</Text>
    </Row>
  </EnglishText>
</GameData>