﻿<?xml version="1.0" encoding="utf-8"?>
<!-- edited with XMLSPY v2004 rel. 2 U (http://www.xmlspy.com) by Ed Beach (Firaxis Games) -->
<!-- DLC Civilopedia Entries -->
<GameData>
  <Language_en_US>
    <Row Tag="TXT_KEY_KOREA_SCENARIO_UNIT_SETTLER">
      <Text>Klan</Text>
    </Row>
    <Row Tag="TXT_KEY_KOREA_SCENARIO_UNIT_MONGOL_KESHIK">
      <Text>Sancak Süvarileri</Text>
    </Row>
    <Row Tag="TXT_KEY_KOREA_SCENARIO_UNIT_GENERAL_NURHACI">
      <Text>Nurhaci</Text>
    </Row>
    <Row Tag="TXT_KEY_KOREA_SCENARIO_UNIT_GENERAL_KONISHI">
      <Text>Konishi Yukinaga</Text>
    </Row>
    <Row Tag="TXT_KEY_KOREA_SCENARIO_UNIT_GENERAL_KATO">
      <Text>Kato Kiyomasa</Text>
    </Row>
  </Language_en_US>
</GameData>