﻿<?xml version="1.0" encoding="utf-8"?>
<!-- edited with XMLSPY v2004 rel. 2 U (http://www.xmlspy.com) by Ed Beach (Firaxis Games) -->
<!-- DLC Civilopedia Entries -->
<GameData>
  <Language_en_US>
    <Row Tag="TXT_KEY_CITY_NAME_FE_ALA">
      <Text>Fe Ala</Text>
    </Row>
    <Row Tag="TXT_KEY_CITY_NAME_YENDEN">
      <Text>Yenden</Text>
    </Row>
    <Row Tag="TXT_KEY_CITY_NAME_XINGJING">
      <Text>Xingjing</Text>
    </Row>
    <Row Tag="TXT_KEY_CITY_NAME_MUKDEN">
      <Text>Mukden</Text>
    </Row>
    <Row Tag="TXT_KEY_CITY_NAME_FUSHUN">
      <Text>Fushun</Text>
    </Row>
    <Row Tag="TXT_KEY_CITY_NAME_QINGHE">
      <Text>Qinghe</Text>
    </Row>
    <Row Tag="TXT_KEY_CITY_NAME_SARHU">
      <Text>Sarhu</Text>
    </Row>
    <Row Tag="TXT_KEY_CITY_NAME_GIRIN_ULA">
      <Text>Girin Ula</Text>
    </Row>
    <Row Tag="TXT_KEY_CITY_NAME_NANLING">
      <Text>Nanling</Text>
    </Row>
    <Row Tag="TXT_KEY_CITY_NAME_TIELING">
      <Text>Tieling</Text>
    </Row>
    <Row Tag="TXT_KEY_CITY_NAME_NINGDOTA">
      <Text>Ningdota</Text>
    </Row>
    <Row Tag="TXT_KEY_CITY_NAME_SIPING">
      <Text>Siping</Text>
    </Row>
    <Row Tag="TXT_KEY_CITY_NAME_LIAOYUAN">
      <Text>Liaoyuan</Text>
    </Row>
    <Row Tag="TXT_KEY_CITY_NAME_CHANGCHUN">
      <Text>Changchun</Text>
    </Row>
    <Row Tag="TXT_KEY_CITY_NAME_HARBIN">
      <Text>Harbin</Text>
    </Row>
    <Row Tag="TXT_KEY_CITY_NAME_UIJU">
      <Text>Uiju</Text>
    </Row>
    <Row Tag="TXT_KEY_CITY_NAME_JINAN">
      <Text>Jinan</Text>
    </Row>
    <Row Tag="TXT_KEY_CITY_NAME_SHANHAIGUAN">
      <Text>Shanhaiguan</Text>
    </Row>
    <Row Tag="TXT_KEY_CITY_NAME_NINGYUAN">
      <Text>Ningyuan</Text>
    </Row>
    <Row Tag="TXT_KEY_CITY_NAME_LIANYUNGANG">
      <Text>Lianyungang</Text>
    </Row>
    <Row Tag="TXT_KEY_CITY_NAME_LIAOYANG">
      <Text>Liaoyang</Text>
    </Row>
  </Language_en_US>
</GameData>