﻿<?xml version="1.0" encoding="utf-8"?>
<!-- edited with XMLSPY v2004 rel. 2 U (http://www.xmlspy.com) by Ed Beach (Firaxis Games) -->
<!-- DLC Civilopedia Entries -->
<GameData>
  <Language_en_US>
    <Row Tag="TXT_KEY_CIV5_DAWN_KOREA_TEXT">
      <Text>Halkin hizmetkâri ve Choson Hanedanligi'nin koruyucusu yüce Kral Büyük Sejong, size selamlar olsun. Görkemli refah vizyonunuz ve siradan insanlara karsi gösterdiginiz büyük yardimseverlik sizi tüm Kore krallari arasinda en sevilen kisi yapti. Hükümdarliginizin ilk günlerinden itibaren, herkes için adil bir toplum saglamak için gösterdiginiz çabalar, yalnizca bilgiye olan susuzlugunuzun tesvik ettigi teknolojik ilerlemelerle asildi. Bilgeliginizin rehberliginde Yesim Salonu'nun bilginleri Kore'nin ilk yazi dili Hangul'u gelistirerek yüzyillar süren edebi karanligin ardindan edebiyat ve bilimin isigini kitlelere ulastirdi.[NEWLINE][NEWLINE]Saygideger Sejong, halk bir kez daha rehberlik için size bakiyor! Insanlara uyum ve anlayis getirerek bu durumun üstesinden gelebilecek misiniz? Kralliginizin konumunu bir kez daha böylesine harikulade yüksekliklere çikarabilecek misiniz? Zamana meydan okuyan bir medeniyet insa edebilecek misiniz?</Text>
    </Row>
    <Row Tag="TXT_KEY_CIV5_KOREA_TITLE">
      <Text>Kore</Text>
    </Row>
    <Row Tag="TXT_KEY_CIV5_KOREA_HEADING_1">
      <Text>Tarih</Text>
    </Row>
    <Row Tag="TXT_KEY_CIV5_KOREA_HEADING_2">
      <Text>Iklim ve Arazi</Text>
    </Row>
    <Row Tag="TXT_KEY_CIV5_KOREA_HEADING_3">
      <Text>Tarih Öncesi ve Eski Krallik</Text>
    </Row>
    <Row Tag="TXT_KEY_CIV5_KOREA_HEADING_4">
      <Text>Üçlünün Yükselisi</Text>
    </Row>
    <Row Tag="TXT_KEY_CIV5_KOREA_HEADING_5">
      <Text>Dönüsen Kralliklar</Text>
    </Row>
    <Row Tag="TXT_KEY_CIV5_KOREA_HEADING_6">
      <Text>Choson Hanedanligi</Text>
    </Row>
    <Row Tag="TXT_KEY_CIV5_KOREA_HEADING_7">
      <Text>Kore Imparatorlugu</Text>
    </Row>
    <Row Tag="TXT_KEY_CIV5_KOREA_HEADING_8">
      <Text>Japon Isgali</Text>
    </Row>
    <Row Tag="TXT_KEY_CIV5_KOREA_HEADING_9">
      <Text>Kore Savasi</Text>
    </Row>
    <Row Tag="TXT_KEY_CIV5_KOREA_HEADING_10">
      <Text>Kore Bölümü</Text>
    </Row>
    <Row Tag="TXT_KEY_CIV5_KOREA_HEADING_11">
      <Text>Modern Kore</Text>
    </Row>
    <Row Tag="TXT_KEY_CIV5_KOREA_STATBOX">
      <Text>[NEWLINE] Lider: SEJONG[NEWLINE] Benzersiz Birim: Tercio[NEWLINE] Benzersiz Birim: Conquistador[NEWLINE][NEWLINE]</Text>
    </Row>
    <Row Tag="TXT_KEY_CIV5_KOREA_TEXT_1">
      <Text>Bugün bölünmüs Kuzey ve Güney Kore cumhuriyetleriyle bilinen Kore yarimadasi, çaglar boyunca kimi erdemli kimi de rezilliklerle dolu çok sayida kralliga ev sahipligi yapmistir. Zaman zaman güçlü komsulari Cin ve Japonya'ya rakip olan Kore, 500 yili askin bir süre boyunca Choson Hanedanligi'nin yönetimi altinda birlesmistir. Japon isgalinin 20. yüzyilin baslarindaki kargasasi ve ardindan 1950'deki Kore Savasi, bir zamanlar kutsal olan bu birligi paramparça edecekti. Bu mücadeleden Güney Kore, küresel ölçekte ekonomik ve kültürel önemi giderek artan bir ulus olarak ortaya çikmistir. Buna karsilik, münzevi Kuzey Kore devletini kontrol eden baskici rejim, insan haklari ve diplomatik iliskileri ele alis biçimi nedeniyle sik sik uluslararasi kinamalara konu olmaktadir.</Text>
    </Row>
    <Row Tag="TXT_KEY_CIV5_KOREA_TEXT_2">
      <Text>Dogu Denizi ve Sari Deniz arasinda yer alan Kore Yarimadasi, kuzey sinirini sirasiyla Amnok ve Tumen nehirleri ile ayrilan Cin ve daha az ölçüde Rusya ile paylasmaktadir.  Kore farkli bir cografyaya sahip olmasina ragmen, ülke esas olarak dagliktir ve en yüksek zirvesi 9,003 ft (2,744m) ile Baekdu Dagi'dir. Komsulari gibi Kore de her yaz Dogu Asya Muson'undan etkilenir ve bölgenin büyük bir kismina yogun yagis ve bunaltici nem olasiligi getirir. Kis aylari da oldukça sert geçebilir, özellikle kuzeyde sifirin altindaki sicakliklar nadir degildir.</Text>
    </Row>
    <Row Tag="TXT_KEY_CIV5_KOREA_TEXT_3">
      <Text>En azindan Orta Paleolitik dönemden itibaren Kore'de magaralarda ya da deniz kenarindaki kaya çikintilarinin altinda yasayan insanlar yasiyordu. Birkaç bin yil boyunca, öncelikle bu toplayicilar avcilikta daha becerikli hale geldikçe ilkel topluluklar olusacakti. Yarimada boyunca bulunan çok sayida erken topluluktan özellikle biri öne çikacak ve gelecekteki tüm Kore kralliklarinin temeli olacakti - "Eski Choson" olarak da bilinen "Ko Choson."[NEWLINE][NEWLINE]Eski Choson, yaklasik MÖ 2000 yilinda, babasinin göklerden indigi söylenen efsanevi figür Tan'gun Wanggom tarafindan kuruldu.  Bazi modern tarihçiler "Tan'gun Wanggom" isminin aslinda erken dönem otorite figürlerine verilen ve topluluk içinde hem siyasi hem de dini bir figürü temsil eden bir unvan olabilecegine inanmaktadir.  Ister tek bir liderin, isterse bir dizi ilk hükümdarin eliyle yönlendirilsin, Eski Choson, MÖ 4. yüzyilda Demir Cagi'nin gelisi boyunca erken dönem Kore kabile kralliklarinin en gelismisi haline gelecektir.</Text>
    </Row>
    <Row Tag="TXT_KEY_CIV5_KOREA_TEXT_4">
      <Text>MS 1. binyilin büyük bir bölümünde Kore, üç farkli monarsinin yönetimi altinda bölünmüstü. "Kore'nin Üç Kralligi" - Koguryo, Paekche ve Silla - her biri yarimadanin bir bölümünü kontrol ediyordu ve Koguryo en büyük ve bir süre için en güçlü olaniydi. Ancak diplomatik iliskiler Koguryo'nun felaketi olacakti çünkü en güneydeki rakibi Silla, Cin'in Tang Hanedanligi ile bir ittifak görüsmesi yapti. Bu ittifak Silla'ya büyük bir güç kazandiracak, 668'de hem Paekche'yi hem de Koguryo'yu fethetmelerini saglayacak ve Silla'ya Kore Yarimadasi'nin çogunun tartismasiz kontrolünü birakacakti.</Text>
    </Row>
    <Row Tag="TXT_KEY_CIV5_KOREA_TEXT_5">
      <Text>Koguryo ve Paekche kralliklarini fetheden ve genellikle "Sonraki Silla" olarak anilan yeni "Birlesik Silla", yarimadayi birkaç yüz yil boyunca kontrol etmeye devam edecekti. Böylesine uzun bir kesintisiz hakimiyet döneminden sonra sik sik oldugu gibi, kralin otoritesi MS 9. yüzyil civarinda sorgulanmaya basladi. Bir kisinin kralla olan kan bagina dayanan bir tür kalitsal ayrimcilik olan "kemik sirasi sistemi", kral ile aristokrat soylular arasindaki güç dengesini bir süre korumustu. Ancak bu sistem nihayetinde Silla'nin çöküsüne katkida bulunacakti, çünkü vergi ve yönetim için umutsuzca güvendikleri soylular, yönetimdeki rollerini sinirlayan kast sisteminden bikmislardi. [NEWLINE] [NEWLINE] Sonunda, sürekli iç çekismeler kralligin 935'te ortaya çikan Koryo Hanedanligi'na boyun egmesine yol açacakti. Koryo, Cin'in Mogol Yuan Hanedanligi'nin baskisina ragmen 1392 yilina kadar Kore içinde egemen bir krallik olarak varligini sürdürecektir.</Text>
    </Row>
    <Row Tag="TXT_KEY_CIV5_KOREA_TEXT_6">
      <Text>Kore tarihindeki en önemli krallik olarak kabul edilen Choson Hanedanligi, 1392 yilinda asi Koryo Komutani Yi Song-gye tarafindan kurulmustur. Komsu Cin eyaleti Liaotung'u isgal etmesi emredilen (Cin Ming Hanedanligi'na karsi önleyici bir saldiri) Yi, bunun yerine Kore'yi bizzat kontrol etme firsatini degerlendirerek ordusunu Koryo baskentine götürdü ve askeri bir darbeyle krali tahttan indirdi. Kendi hanedanini kuran ve adini eski Choson kralligindan alan Choson Krali Taejo, ülke tarihindeki ilk birlesik Kore hanedanini yaratacaktir. [NEWLINE] [NEWLINE] Choson liderlerinin en saygi duyulani olan Kral Büyük Sejong, 1418'den 1450'deki ölümüne kadar hüküm sürmüstür. Sejong'un politikalari, Kore yazi dili "Hangul "un yayinlanmasi da dahil olmak üzere, hükümdarligi sirasinda sanat ve bilimde büyük adimlar atilmasinin önünü açmistir. Ayni zamanda bu dönemde, kökleri önceki Koryo hanedanligi döneminde atilan Kore Konfüçyüsçülügü Kore'yi etkisi altina alacaktir. "Seongnihak" olarak bilinen Neo-Konfüçyüsçülük, yarimadadaki akademisyenler için birincil düsünce okulu haline gelecektir. Ahlak ve kisisel gelisimi vurgulayan bu Konfüçyüsçü degerler, bugün Kore toplumu tarafindan kutsal sayilan birçok degerin temeli haline gelmistir. [NEWLINE][NEWLINE]Choson Hanedanligi, 1897'de sona eren 500 yillik iktidari boyunca 27 farkli hükümdar tarafindan yönetilecektir. Hanedanligin son yillarinda Kore, dis dünya ile temasi sinirlandiran bir izolasyonizm dönemi geçirmistir.</Text>
    </Row>
    <Row Tag="TXT_KEY_CIV5_KOREA_TEXT_7">
      <Text>Cin ve Japonya arasinda 1894'te baslayan ve Kore yarimadasinin genis bir bölümünü kapsayan Birinci Cin-Japon Savasi, Japonya'nin Dogu Asya'da yükselen gücüne ilk bakisi saglayacakti. Uzun süredir Cin etkisine maruz kalan ve Japonya'nin yükselen gücünden korkan Choson liderligi, 1897'de Kore Imparatorlugu'nun kurulusunu ilan etmeyi uygun gördü. Kore'nin hem Cin'den hem de Japonya'dan bagimsizligini ilan etme umudu kisa ömürlü olacakti. Japonya, Cin Qing Hanedanligi kuvvetlerinin çogunu yenilgiye ugrattiktan sonra Kore üzerinde kontrol saglamak için hizla harekete geçti.</Text>
    </Row>
    <Row Tag="TXT_KEY_CIV5_KOREA_TEXT_8">
      <Text>1910'da imzalanan Japonya-Kore Antlasmasi (ki Koreli tarihçiler bu antlasmanin ancak asiri baski altinda imzalandigini iddia etmektedir) Kore'nin tamamini Japonya'ya baglayacakti. Isgalin ilk asamalarindan itibaren Kore halki arasinda aktif bir direnis hareketi olmasina ragmen, Japonya yaklasik 35 yil boyunca ulus üzerindeki kontrolünü sürdürdü. Merkezi Cin'in Sangay kentinde bulunan "Kore Cumhuriyeti Geçici Hükümeti" isgal boyunca sürgündeki Kore hükümeti olarak görev yapacaktir.  Japonya'nin Kore üzerindeki hakimiyeti, Japonya'nin Ikinci Dünya Savasi'ndaki yenilgisinin ardindan 2 Eylül 1945'te nihayet sona erdi. Bugün pek çok Koreli, tarihlerindeki bu karanlik dönem nedeniyle Japonya'ya karsi hala güçlü bir kizginlik beslemektedir.</Text>
    </Row>
    <Row Tag="TXT_KEY_CIV5_KOREA_TEXT_9">
      <Text>Kore Yarimadasi'ni bugünkü haliyle ikiye bölen büyük çatisma olan Kore Savasi, Japonya'nin Ikinci Dünya Savasi'ndaki yenilgisinin ardindan ortaya çikan güç boslugundan kaynaklandi. Amerika Birlesik Devletleri ve Sovyetler Birligi tarafindan üzerinde anlasmaya varilan 38. Paralelin, ülkeler arasinda geçici bir idari bölünmeye isaret etmesi bekleniyordu. 1948 yilinda Kuzey Kore, Kim II-Sung liderliginde komünist bir hükümet kurarken, Güney Kore de ulusal seçimlerle ilk devlet baskani Syngman Rhee'yi seçti. Her iki lider de Kore halkinin tek bir yönetim altinda birlesmesi gerektiginde israr ediyordu, ancak her biri birlesmenin kendi siyasi sistemleri altinda gerçeklesmesini bekliyordu. [NEWLINE][NEWLINE]1950 yilinin Haziran ayinda Kuzey Kore, Ikinci Dünya Savasi'ndan kalma Sovyet askeri teçhizatinin da yardimiyla Güney'i isgal etti. Kisa bir süre sonra Birlesmis Milletler isgali kinayan ve üye devletlere askeri müdahale tavsiyesinde bulunan bir karar yayinladi. O dönemde Amerika Birlesik Devletleri, Komünizmin yayilmasini Sovyet etkisinin dogrudan bir sonucu olarak degerlendirdi ve Güney Kore'ye yardim eden birincil askeri güç olarak karsilik verdi.[NEWLINE][NEWLINE] Kuzey Kore savasin baslarinda güney topraklarinin çogunu ele geçirmis olsa da, General MacArthur liderligindeki Amerikan kuvvetlerinin gelisi kisa sürede bu kazanimlara karsi koydu. Sonunda Güney Kore'nin 38. Paralel'e kadar olan topraklarini geri alan Amerikan ve Güney Kore kuvvetleri Kuzey'le nihai bir çikmaza kadar savasacakti.  Catismalari sona erdirmeye hizmet edecek bir ateskes için müzakereler - ancak resmi olarak degil</Text>
    </Row>
    <Row Tag="TXT_KEY_CIV5_KOREA_TEXT_10">
      <Text>Resmi olarak, Kore cumhuriyetleri tarafindan imzalanan ateskes anlasmasi sadece çatismalarin sona ermesini öngörüyordu, yani iki taraf teorik olarak hala savas halinde. Bugün, onlari ayiran Askerden Arindirilmis Bölge (DMZ), her iki tarafin da digerini dikkatle gözlemledigi, dünya üzerindeki en agir tahkim edilmis sinirdir. Yillar boyunca, basta Kuzey Kore rejiminin düsmanca eylemleri olmak üzere, bir dizi tesadüfi saldiri ve ateskesin diger ihlalleri meydana gelmistir. Bu olaylara ragmen, hassas ateskes 50 yili askin bir süredir yürürlükte kalmistir.</Text>
    </Row>
    <Row Tag="TXT_KEY_CIV5_KOREA_TEXT_11">
      <Text>Bugün Güney Kore bilim ve teknolojik gelismede bir dünya lideri haline gelmistir ve Asya'da son derece gelismis dört sanayilesmis ekonomiden (diger üçü Hong Kong, Singapur ve Tayvan'dir) olusan bir grup olan "Dört Asya Kaplani "ndan biri olarak kabul edilmektedir. Iyi egitimli ve yüksek vasifli is gücüne ev sahipligi yapan Güney Kore, teknolojiyi benimseme konusunda güçlü bir kültüre sahip olup, mevcut en hizli konut internet baglantilarindan bazilarina sahiptir ve dünyanin en büyük cep telefonu üreticilerinden ikisi olan sektör liderleri Samsung ve LG'ye ev sahipligi yapmaktadir. [NEWLINE][NEWLINE]Buna karsilik, Kuzey Kore'nin gizli hükümeti, Komünist rejim altinda kitlik ve yoksulluk çektigi bilinen halkina günlük yasamin gerekliliklerini saglamak için mücadele etmistir. Kamu denetiminden izole edilen Kuzey Kore hakkinda bildiklerimiz, kaçmayi basaran siginmacilardan ya da yabanci gazetecilerin nadiren izin verilen ziyaretlerinden ibarettir. Uluslararasi toplum tarafindan tehlikeli görülen silah programlari gelistirdigi için sik sik yaptirimlara maruz kalan Kuzey Kore, sinirli bir ekonomiye sahiptir ve Cin Halk Cumhuriyeti'nden gelen sürekli yardimlar ve Birlesmis Milletler üyesi devletler tarafindan baslatilan insani yardim çabalariyla desteklenmektedir.</Text>
    </Row>
    <Row Tag="TXT_KEY_CIV5_KOREA_FACTOID_HEADING">
      <Text>Kore Bilgi Notlari</Text>
    </Row>
    <Row Tag="TXT_KEY_CIV5_KOREA_FACTOID_TEXT">
      <Text>Güney Kore oyun kültürüyle, özellikle de klasik Blizzard oyunu "Starcraft" ile olan askiyla ünlüdür. Profesyonel maçlar ve turnuvalar, çesitli televizyon aglarindaki yayinlar da dahil olmak üzere ülke çapinda yaygin medya ilgisi görmektedir. [NEWLINE][NEWLINE]Choson'un Cince karakterleri genellikle Ingilizceye "Morning Calm" olarak çevrilmis ve daha sonra tüm Kore'ye atifta bulunan "The Land of the Morning Calm" lakabina dönüsmüstür. [NEWLINE][NEWLINE]Kore'ye özgü yaygin olarak taninan yemek olan Kimchi, Kore mutfaginda genellikle her yemege eslik eder. Tipik olarak fermente lahana, turp, taze sogan veya salataliktan yapilan Kimchi'nin günümüzde yüzlerce benzersiz tarifi ve çesidi mevcuttur. [NEWLINE][NEWLINE]Güney Kore'nin ulusal sporu olan Tae Kwon Do, Kore'nin Japon isgalinin sona ermesinden sonra gelisen orijinal dokuz "Kwan" veya Tae Kwon Do okuluna atfedilir. Sporun kendisinin "Taekkyeon" olarak bilinen geleneksel Kore dövüs sanatindan kaynaklandigina inanilmaktadir.</Text>
    </Row>
    <Row Tag="TXT_KEY_CIV5_SEJONG_LIVED">
      <Text>MS 1397 - 1450</Text>
    </Row>
    <Row Tag="TXT_KEY_CIV5_SEJONG_NAME">
      <Text>Büyük Sejong</Text>
    </Row>
    <Row Tag="TXT_KEY_CIV5_SEJONG_SUBTITLE">
      <Text>Kore Lideri</Text>
    </Row>
    <Row Tag="TXT_KEY_CIV5_SEJONG_TITLES_1">
      <Text>Choson Hanedanligi Krali</Text>
    </Row>
    <Row Tag="TXT_KEY_CIV5_SEJONG_HEADING_1">
      <Text>Tarih</Text>
    </Row>
    <Row Tag="TXT_KEY_CIV5_SEJONG_HEADING_2">
      <Text>Erken Dönem Yasam</Text>
    </Row>
    <Row Tag="TXT_KEY_CIV5_SEJONG_HEADING_3">
      <Text>Dil, Edebiyat ve Bilim</Text>
    </Row>
    <Row Tag="TXT_KEY_CIV5_SEJONG_HEADING_4">
      <Text>Yüce Gönüllü Lider</Text>
    </Row>
    <Row Tag="TXT_KEY_CIV5_SEJONG_HEADING_5">
      <Text>Hukuk ve Ceza Adalet Sistemi</Text>
    </Row>
    <Row Tag="TXT_KEY_CIV5_SEJONG_HEADING_6">
      <Text>Askeri Gelismeler</Text>
    </Row>
    <Row Tag="TXT_KEY_CIV5_SEJONG_HEADING_7">
      <Text>Tarihin Yargisi</Text>
    </Row>
    <Row Tag="TXT_KEY_CIV5_SEJONG_TEXT_1">
      <Text>Tarihte "Büyük Sejong" olarak bilinen Sejong Daewang, Kore'nin Choson Hanedanligi'nin dördüncü kraliydi ve 1418'den 1450'deki ölümüne kadar hüküm sürdü. Pek çok kisi tarafindan Kore tarihinin en büyük krali olarak kabul edilen Sejong, insan yasamina verdigi olaganüstü deger ve saygi ile bilinmektedir ve halkinin refahini artirmak için çok sayida sivil ve sosyal politika benimsemistir. Sejong ayrica bilim ve teknolojideki ilerlemeleri tesvik etmis ve bugün "Hangul" olarak bilinen Kore yazi dili Hunminjeongeum'un yaratilmasiyla anilmaktadir.</Text>
    </Row>
    <Row Tag="TXT_KEY_CIV5_SEJONG_TEXT_2">
      <Text>7 Mayis 1397'de dogan Sejong, Choson Hanedanligi Krali Taejong'un üçüncü ogluydu. Erken yaslarda olaganüstü bir ögrenci ve hevesli bir okuyucu oldugu söylenen Sejong, 16 yasinda Veliaht Prens seçildi. 21 yasinda tahta çikan Sejong'un Kore yasami ve kralligin siyasi yapisi üzerindeki etkisi hemen ortaya çikacaktir.</Text>
    </Row>
    <Row Tag="TXT_KEY_CIV5_SEJONG_TEXT_3">
      <Text>Sejong belki de en çok Kore yazi dili Hangul'u baslatmasiyla taninmaktadir.  1420'de kurulan "Chiphyonjon" ya da "Degerli Kisiler Salonu", kralin kendisi tarafindan seçilen taninmis bilginlerden olusan bir kolektifti. Baslangiçta bir arastirma enstitüsü olarak kurulan Chiphyonjon, sonunda siradan insanlarin Kore dilini anlamalarina yardimci olmak için bir Kore alfabesi olusturmakla görevlendirildi.  Bu zamana kadar Kore, tüm yazili eserler için Kore lehçesine dahil edilmis Cince "Hanja" yazisina güveniyordu. Ancak bu yazi kitleler tarafindan yaygin olarak anlasilmiyordu ve Sejong bu cehalet egilimini degistirmeye çalisti. [NEWLINE][NEWLINE]Aslen "Hunminjeongeum" olarak bilinen ve kelime anlami "Halkin Egitimi için Dogru Sesler" olan bu yerli Kore yazisi, Kore'nin siradan vatandaslari için yeni bir okuryazarlik ve anlayis çagini baslatacakti. Ilk olarak 1446 yilinda yayinlanan yeni yazinin genis kabul görmesi için birkaç yil geçmesi gerekecekti. Bugüne kadar, orijinal yayin tarihi olan 9 Ekim, Güney Kore genelinde "Hangul Günü" olarak kutlanmaktadir.</Text>
    </Row>
    <Row Tag="TXT_KEY_CIV5_SEJONG_TEXT_4">
      <Text>Sejong'un mirasi, sadece kralligindaki tebaanin degil, Asya'nin dört bir yanina dagilmis "barbar kabileler" de dahil olmak üzere tüm insanlarin saygisina layik olduguna dair güçlü inancinin yol açtigi büyük bir yardimseverlik mirasidir. Bir lider olarak kendi basarisini ölçtügü standart, halkinin mutlulugu ve refahiydi  onlarin refahi onun en büyük önceligiydi. Kral olarak Sejong, yoksullara ve yaslilara ihtiyaç fazlasi yiyecek tedarik eder ve sik sik çiftçilerden ve bazen de hava kosullari veya düsük mahsul verimi nedeniyle zorluklar yasayan tüm eyaletlerden alinan vergileri kaldirirdi. Sejong ayrica, katilanlarin rütbesine veya sosyal statüsüne bakmaksizin yaslilari onurlarina verilen ziyafetlere davet etmesiyle de biliniyordu.</Text>
    </Row>
    <Row Tag="TXT_KEY_CIV5_SEJONG_TEXT_5">
      <Text>Sejong, adil yargilamalar ve hüküm giyenlere makul cezalar saglamak amaciyla Kore adalet sisteminde bir dizi iyilestirme yapilmasini zorunlu kildi. Sejong, vatandaslarin çignedikleri yasalari anlamalarini saglamadan yasalari ihlal ettikleri için sorumlu tutulmalarinin adaletsiz olduguna inaniyordu. Bakanlarinin isteksizligine ragmen Sejong, Kore hukuk kurallarinin tamaminin herkesin görebilmesi için halka açik bir sekilde sergilenmesini emretti.[NEWLINE][NEWLINE]Sejong ayrica ölüm cezasina da karsi çikti ve yargiçlara kesinlikle gerekli olmadikça kullanilmamasi gerektigini bildirdi. Uyguladigi "Üç Temyiz Yasasi" sanigin krala üç kez temyiz basvurusunda bulunmasina olanak taniyarak kendi adlarina konusma firsati elde etmelerini saglamistir.</Text>
    </Row>
    <Row Tag="TXT_KEY_CIV5_SEJONG_TEXT_6">
      <Text>Sejong döneminde Kore, en ünlüsü "Hwach'a" ya da "Ates Araci" olmak üzere çesitli erken dönem barut silahlari gelistirmeye basladi. Özellikle piyade karsiti bir silah olarak tasarlanan Hwach'a, savas alaninda düzinelerce barut tahrikli ok firlatabilen tekerlekli bir platformdu. Sejong'un zamaninda kullanimi sinirli olsa da, Hwach'a gelecek yüzyillar boyunca Kore yarimadasinda çok önemli bir savunma silahi haline gelecekti. 1593'teki Haengju Savasi sirasinda üç bin Koreli asker, Hwach'a'yi basariyla kullanarak 30.000'den fazla kisiden olusan isgalci bir Japon kuvvetini püskürtmüs ve 10.000'den fazla kayip verdirmistir.</Text>
    </Row>
    <Row Tag="TXT_KEY_CIV5_SEJONG_TEXT_7">
      <Text>Sejong'un yasliliginda, kör olmasina ve 18 Mayis 1450'de ölümüne neden olacak diyabet hastaligina yakalanmasina ragmen günlük rutinlere ve hükümet islerine katilmaya devam ettigi söylenmektedir. Sejong tarihte, bilim ve teknolojide inanilmaz ilerlemeleri tesvik eden ve gelecek yüzyillar boyunca Kore halkinin kültürel gelisiminde bir devrime yol açan bilge, asil ve sefkatli liderligiyle hatirlanmaktadir.</Text>
    </Row>
    <Row Tag="TXT_KEY_CIV5_SEJONG_FACTOID_HEADING">
      <Text>Sejong Factoids</Text>
    </Row>
    <Row Tag="TXT_KEY_CIV5_SEJONG_FACTOID_TEXT">
      <Text>Kore Cumhuriyeti Donanmasi, "Kore Destroyer eXperimental (KDX)" programi kapsaminda gelistirilen "Büyük Kral Sejong" olarak bilinen bir güdümlü füze destroyeri sinifi kullanmaktadir. [NEWLINE][NEWLINE]Büyük Kral Sejong'un benzerligi Kore para biriminde 10.000 Won'luk banknotta yer almaktadir. [NEWLINE][NEWLINE]2008 yilinda çekilen "Daewang Sejong" adli bir Kore televizyon dizisinde Büyük Sejong'un hükümdarligi sirasindaki hayati anlatilmistir. [NEWLINE][NEWLINE]2009 yilinda UNESCO Dünya Mirasi listesine alinan Kral Sejong'un Yeongneung olarak bilinen mezari, günümüz Güney Kore'sinde Gyeonggi-do'da yer almaktadir.</Text>
    </Row>
    <Row Tag="TXT_KEY_CIV5_KOREA_TURTLESHIP_TEXT">
      <Text>Choson hanedanliginin bu büyük, zirhli savas gemileri 16. yüzyildaki Japon istilalari sirasinda Kore'nin savunmasinda çok önemli bir rol oynamistir. Tipik olarak esit sayida asker ve kürekçiden olusan mürettebatiyla Kaplumbaga Gemisi, Kore donanmasi için agresif bir yakin saldiri gemisiydi. Düsmana korku salmak için tasarlanan her Kaplumbaga Gemisi'nin pruvasinda, geminin yaklastigini gizlemek için kükürtlü bir duman bulutu yaydigi söylenen oyma bir ejderha figürü bulunuyordu.  Dönemin yelkenli gemilerinde kullanilan bilindik tasarimlarin aksine, Kaplumbaga Gemisi'nin üst güvertesi yoktu. Gemiye binilmesini önlemek için geminin üst kati demir çivilerle kaplanmis, kürekçiler ve askerler asagida ayri güvertelere ayrilmisti. Iki düzine kadar top ve diger küçük mermili silahlarla donatilmis olan Kaplumbaga Gemisi, Kore'nin düsmanlarinin hazirliksiz donanmalari için tehlikeli bir düsmandi.</Text>
    </Row>
    <Row Tag="TXT_KEY_CIV5_KOREA_TURTLESHIP_HELP">
      <Text>Rönesans Dönemi'nin öldürülmesi son derece zor olan agir zirhli deniz birimi. Ancak Kaplumbaga Gemileri sehir sinirlari disindaki derin okyanus altigenlerine giremez. Sadece Kore insa edebilir. Karavel'in yerini alir.</Text>
    </Row>
    <Row Tag="TXT_KEY_CIV5_KOREA_TURTLESHIP_STRATEGY">
      <Text>Kaplumbaga Gemisi Kore'ye özgü bir birimdir. Bu birim Caravel'in yerini alir. Kaplumbaga Gemisi, Karavel'den daha güçlü bir saldiriya sahiptir ve yok edilmesi son derece zordur.  Ancak sehir sinirlari disindaki derin okyanus altigenlerine giremez.</Text>
    </Row>
    <Row Tag="TXT_KEY_CIV5_KOREA_HWACHA_TEXT">
      <Text>Kore'nin efsanevi piyade karsiti silahi Hwach'a, erken dönem barut bazli silahlarin gelisiminde benzersiz bir yenilikti. 15. yüzyilda Kral Büyük Sejong'un gözetiminde yaratilan Hwach'a, barutla çalisan yüzlerce oku depolayabilen, modern bir füze bataryasina benzemeyen bir tür "bal petegi" muhafazasi tasiyan iki tekerlekli büyük bir arabadan olusuyordu. "Singijeon" olarak bilinen bu ilk roketlerin hafifligi Hwach'a'ya kayda deger bir avantaj sagliyor, geleneksel bir topa kiyasla mükemmel manevra kabiliyeti sagliyordu. Hwach'a, 16. yüzyildaki Japon istilalari sirasinda Kore Yarimadasi'nin savunmasi için müthis bir silah oldugunu kanitlayacakti.</Text>
    </Row>
    <Row Tag="TXT_KEY_CIV5_KOREA_HWACHA_HELP">
      <Text>Orta Cag'in anti-personel roket birimi. Kara birimlerine karsi güçlü, ancak sehirlere karsi zayiftir. Sadece Kore insa edebilir. Trebuchet'in yerini alir.</Text>
    </Row>
    <Row Tag="TXT_KEY_CIV5_KOREA_HWACHA_STRATEGY">
      <Text>Hwach'a düsman kara birimlerine karsi son derece etkilidir. Yavastir ve düsman yakin dövüs saldirilarina karsi savunmasizdir  sahadayken her zaman baska birimler tarafindan desteklenmelidir. Hwach'a saldirmadan önce "kurulmalidir" (1 Hareket Puani).</Text>
    </Row>
  </Language_en_US>
</GameData>