﻿<?xml version="1.0" encoding="utf-8"?>
<!-- edited with XMLSPY v2004 rel. 2 U (http://www.xmlspy.com) by Ed Beach (Firaxis Games) -->
<!-- DLC Civilopedia Entries -->
<GameData>
  <Language_en_US>
    <Row Tag="TXT_KEY_KOREA_SCENARIO_TITLE">
      <Text>Samuraylarin Kore'yi Istilasi</Text>
    </Row>
    <Row Tag="TXT_KEY_KOREA_SCENARIO_DESC">
      <Text>Büyük savas lordu Toyotomi Hideyoshi Japonya'yi birlestirdi. Samuraylarini mesgul etmek için gözü simdi batiya, Kore'ye çevrilmistir. Imparatorlugunu genisletebilecek mi? Yoksa Kore'nin Cinli müttefiki zamaninda gelecek mi?</Text>
    </Row>
    <Row Tag="TXT_KEY_KOREA_SCENARIO_CIV5_DAWN_KOREA_TEXT">
      <Text>SENARYO ACIKLAMASI[NEWLINE]Kutsamalar senin üzerine olsun yüce kisi -- cennetin emri bu zor zamanlarda sana rehberlik etsin, çünkü degisim rüzgârlari üzerimizde, Dogu Asya'yi kasip kavuruyor. Büyük Japon savas lordu Toyotomi Hideyoshi'nin zaferleri sonunda bu ada ulusunu birlestirdi. Japonya'nin yeni barutlu silahlarina güvenen Hideyoshi artik gözünü batiya dikmistir. Hem Cin'deki saygideger Ming Hanedanligi hem de Kore'deki müttefikleri Choson Hanedanligi uyanik olmalidir! Ve kuzeyde, Mançurya Ovasi'nda yeni bir gücün sekillenmekte olduguna dair haberler var. Askerlerinizi, atlilarinizi ve donanmalarinizi hazirlayin: Sari Deniz'i çevreleyen topraklarin kontrolü için yaklasan mücadelede her türlü silah ve teknoloji kullanilmalidir![NEWLINE][NEWLINE]ZAFER KOSULLARI[NEWLINE]Japonya veya Mançu, Seul ve Pekin'i fethederek kazanir. Cin ve Kore, 1600 yilindan sonra herhangi bir zamanda tüm orijinal sehirlerini kontrol ederek kazanir. Bu kosullardan hiçbiri gerçeklesmezse, kazanan 100 tur tamamlandiginda en çok puana sahip olan sehirdir. Öldürülen her düsman birimi ve Seul ile Pekin'in kontrolü için ekstra puan kazanildigini unutmayin.[NEWLINE][NEWLINE]ÖZEL KURALLAR[NEWLINE]Mutlulugunuzu ve altininizi dengelemek için baslangiçta politika satin alin. Yeni sehirler insa edebilen tek medeniyet Mançu'dur. Kore ve Cin, oyuna Japonya ile savas halinde baslayan müttefik bir takimdir. Bilim kapatilmistir.</Text>
    </Row>
    <Row Tag="TXT_KEY_KOREA_SCENARIO_CIV5_DAWN_JAPAN_TEXT">
      <Text>SENARYO ACIKLAMASI[NEWLINE]Kutsamalar senin üzerine olsun yüce kisi -- cennetin emri bu zor zamanlarda sana rehberlik etsin, çünkü degisim rüzgârlari üzerimizde, Dogu Asya'yi kasip kavuruyor. Büyük Japon savas lordu Toyotomi Hideyoshi'nin zaferleri sonunda bu ada ulusunu birlestirdi. Japonya'nin yeni barutlu silahlarina güvenen Hideyoshi artik gözünü batiya dikmistir. Hem Cin'deki saygideger Ming Hanedanligi hem de Kore'deki müttefikleri Choson Hanedanligi uyanik olmalidir! Ve kuzeyde, Mançurya Ovasi'nda yeni bir gücün sekillenmekte olduguna dair haberler var. Askerlerinizi, atlilarinizi ve donanmalarinizi hazirlayin: Sari Deniz'i çevreleyen topraklarin kontrolü için yaklasan mücadelede her türlü silah ve teknoloji kullanilmalidir![NEWLINE][NEWLINE]ZAFER KOSULLARI[NEWLINE]Japonya veya Mançu, Seul ve Pekin'i fethederek kazanir. Cin ve Kore, 1600 yilindan sonra herhangi bir zamanda tüm orijinal sehirlerini kontrol ederek kazanir. Bu kosullardan hiçbiri gerçeklesmezse, kazanan 100 tur tamamlandiginda en çok puana sahip olan sehirdir. Öldürülen her düsman birimi ve Seul ile Pekin'in kontrolü için ekstra puan kazanildigini unutmayin.[NEWLINE][NEWLINE]ÖZEL KURALLAR[NEWLINE]Mutlulugunuzu ve altininizi dengelemek için baslangiçta politika satin alin. Yeni sehirler insa edebilen tek medeniyet Mançu'dur. Kore ve Cin, oyuna Japonya ile savas halinde baslayan müttefik bir takimdir. Bilim kapatilmistir.</Text>
    </Row>
    <Row Tag="TXT_KEY_KOREA_SCENARIO_CIV5_DAWN_CHINA_TEXT">
      <Text>SENARYO ACIKLAMASI[NEWLINE]Kutsamalar senin üzerine olsun yüce kisi -- cennetin emri bu zor zamanlarda sana rehberlik etsin, çünkü degisim rüzgârlari üzerimizde, Dogu Asya'yi kasip kavuruyor. Büyük Japon savas lordu Toyotomi Hideyoshi'nin zaferleri sonunda bu ada ulusunu birlestirdi. Japonya'nin yeni barutlu silahlarina güvenen Hideyoshi artik gözünü batiya dikmistir. Hem Cin'deki saygideger Ming Hanedanligi hem de Kore'deki müttefikleri Choson Hanedanligi uyanik olmalidir! Ve kuzeyde, Mançurya Ovasi'nda yeni bir gücün sekillenmekte olduguna dair haberler var. Askerlerinizi, atlilarinizi ve donanmalarinizi hazirlayin: Sari Deniz'i çevreleyen topraklarin kontrolü için yaklasan mücadelede her türlü silah ve teknoloji kullanilmalidir![NEWLINE][NEWLINE]ZAFER KOSULLARI[NEWLINE]Japonya veya Mançu, Seul ve Pekin'i fethederek kazanir. Cin ve Kore, 1600 yilindan sonra herhangi bir zamanda tüm orijinal sehirlerini kontrol ederek kazanir. Bu kosullardan hiçbiri gerçeklesmezse, kazanan 100 tur tamamlandiginda en çok puana sahip olan sehirdir. Öldürülen her düsman birimi ve Seul ile Pekin'in kontrolü için ekstra puan kazanildigini unutmayin.[NEWLINE][NEWLINE]ÖZEL KURALLAR[NEWLINE]Mutlulugunuzu ve altininizi dengelemek için baslangiçta politika satin alin. Yeni sehirler insa edebilen tek medeniyet Mançu'dur. Kore ve Cin, oyuna Japonya ile savas halinde baslayan müttefik bir takimdir. Bilim kapatilmistir.</Text>
    </Row>
    <Row Tag="TXT_KEY_KOREA_SCENARIO_CIV5_DAWN_MONGOLIA_TEXT">
      <Text>SENARYO ACIKLAMASI[NEWLINE]Kutsamalar senin üzerine olsun yüce kisi -- cennetin emri bu zor zamanlarda sana rehberlik etsin, çünkü degisim rüzgârlari üzerimizde, Dogu Asya'yi kasip kavuruyor. Büyük Japon savas lordu Toyotomi Hideyoshi'nin zaferleri sonunda bu ada ulusunu birlestirdi. Japonya'nin yeni barutlu silahlarina güvenen Hideyoshi artik gözünü batiya dikmistir. Hem Cin'deki saygideger Ming Hanedanligi hem de Kore'deki müttefikleri Choson Hanedanligi uyanik olmalidir! Ve kuzeyde, Mançurya Ovasi'nda yeni bir gücün sekillenmekte olduguna dair haberler var. Askerlerinizi, atlilarinizi ve donanmalarinizi hazirlayin: Sari Deniz'i çevreleyen topraklarin kontrolü için yaklasan mücadelede her türlü silah ve teknoloji kullanilmalidir![NEWLINE][NEWLINE]ZAFER KOSULLARI[NEWLINE]Japonya veya Mançu, Seul ve Pekin'i fethederek kazanir. Cin ve Kore, 1600 yilindan sonra herhangi bir zamanda tüm orijinal sehirlerini kontrol ederek kazanir. Bu kosullardan hiçbiri gerçeklesmezse, kazanan 100 tur tamamlandiginda en çok puana sahip olan sehirdir. Öldürülen her düsman birimi ve Seul ile Pekin'in kontrolü için ekstra puan kazanildigini unutmayin.[NEWLINE][NEWLINE]ÖZEL KURALLAR[NEWLINE]Mutlulugunuzu ve altininizi dengelemek için baslangiçta politika satin alin. Yeni sehirler insa edebilen tek medeniyet Mançu'dur. Kore ve Cin, oyuna Japonya ile savas halinde baslayan müttefik bir takimdir. Bilim kapatilmistir.</Text>
    </Row>
    <Row Tag="TXT_KEY_KOREA_SCENARIO_LEADER_GENGHIS_FIRSTGREETING_1">
      <Text>Gururlu ve savasçi Mançu halki sizi selamliyor. Bize saygili davranirsaniz, günesin dogusunu görecek kadar yasayabilirsiniz.</Text>
    </Row>
    <Row Tag="TXT_KEY_KOREA_SCENARIO_BRIEFING">
      <Text>Brifing</Text>
    </Row>
    <Row Tag="TXT_KEY_KOREA_SCENARIO_TURNSREMAINING">
      <Text>Sola Dönüyor: {1_TurnsRemaining}[NEWLINE]</Text>
    </Row>
    <Row Tag="TXT_KEY_KOREA_SCENARIO_NEED_TO_CONQUER">
      <Text>Fethetmek gerek:</Text>
    </Row>
    <Row Tag="TXT_KEY_KOREA_SCENARIO_NEED_TO_REGAIN">
      <Text>Yeniden Kazanilacak Sehirler: {1_CitiesToRegain}</Text>
    </Row>
    <Row Tag="TXT_KEY_KOREA_SCENARIO_HOLD_CITIES">
      <Text>Sehirleri 1600'e Kadar Tutmali</Text>
    </Row>
    <Row Tag="TXT_KEY_KOREA_SCENARIO_CIV_MONGOL_DESC">
      <Text>Mançu Imparatorlugu</Text>
    </Row>
    <Row Tag="TXT_KEY_KOREA_SCENARIO_CIV_MONGOL_ADJECTIVE">
      <Text>Manchu</Text>
    </Row>
    <Row Tag="TXT_KEY_TRAIT_MANCHU_CONVERTS_LAND_BARBARIANS_SHORT">
      <Text>Sekiz Pankart</Text>
    </Row>
    <Row Tag="TXT_KEY_TRAIT_MANCHU_CONVERTS_LAND_BARBARIANS">
      <Text>Bir Barbar kampini yok ettiginizde, eski kamp muhafizi sizin tarafiniza geçer.</Text>
    </Row>
    <Row Tag="TXT_KEY_TRAIT_KOREA_RIGHTEOUS_ARMY_SHORT">
      <Text>Dürüst Ordu</Text>
    </Row>
    <Row Tag="TXT_KEY_TRAIT_KOREA_RIGHTEOUS_ARMY">
      <Text>Son sehirlerini kaybetseler bile asla oyundan elenmezler. Ele geçirdikleri sehirleri geri almak için periyodik olarak ücretsiz birimler alirlar. Bunlar arasinda Kaplumbaga Gemileri ve yakin muharebe saldirisiyla karsilasmadan önce geri çekilme yetenegiyle gelistirilmis Okçular bulunur.</Text>
    </Row>
    <Row Tag="TXT_KEY_KOREA_SCENARIO_UNIT_HELP_SETTLER">
      <Text>Imparatorlugunuzu genisletmek için yeni Sehirler kurar. Her yeni sehir bir Anit, Tahil Ambari ve Pazar ile baslar.[NEWLINE][NEWLINE][ICON_FOOD] Bu Birim insa edilirken Sehrin büyümesi durdurulur.</Text>
    </Row>
    <Row Tag="TXT_KEY_KOREA_SCENARIO_CIV5_ANTIQUITY_SETTLER_TEXT">
      <Text>Mançu Hanedanligi ve halkinin öncülleri olan Jurchen kabileleri, günümüzde kuzey Cin'de bulunan ve Mançurya olarak bilinen bölgede yasamaktaydi. Mançu Hanedanligi'nin 17. yüzyildaki yükselisinden önce, Jurchenler 12. yüzyilda Jin Hanedanligi'nin bayragi altinda kisa bir süre birlesmislerdir. Jurchenler tarihleri boyunca yetenekli avcilar ve atlilar olarak taninmis ve süvarilerinin yetenekleriyle gurur duymuslardir.</Text>
    </Row>
    <Row Tag="TXT_KEY_KOREA_SCENARIO_NO_ACTION_SETTLER_SIZE_LIMIT_HARDCODED">
      <Text>[NEWLINE]Klanlar yalnizca en az 2 [ICON_CITIZEN] Vatandasi olan Sehirlerde kurulabilir.</Text>
    </Row>
    <Row Tag="TXT_KEY_KOREA_SCENARIO_CIV5_MONGOLIA_KESHIK_HEADING">
      <Text>Mançu Sancak Süvarileri</Text>
    </Row>
    <Row Tag="TXT_KEY_KOREA_SCENARIO_CIV5_MONGOLIA_KESHIK_TEXT">
      <Text>Mançu kurucusu Nurhaci tarafindan 17. yüzyilin baslarinda olusturulan Sekiz Sancak, hanedanin ordusunu organize etmeyi amaçlayan bir yönetim sistemiydi. Baslangiçta askerleri farkli bölüklere ayirmak için olusturulan sancak sistemi, daha sonra Mançu ordusu genellikle birbiriyle karismayan Mançu, Han ve Mogol birliklerinden olustugu için etnik olarak ayrilmis birimler kullanmaya basladi. Mançu ve Mogol sancak bölükleri ideal süvarilerdi, uzun göçebe binicilik geçmisleri zorlu atli birlikler yetistiriyordu.</Text>
    </Row>
    <Row Tag="TXT_KEY_KOREA_SCENARIO_CIV5_MONGOLIA_KESHIK_HELP">
      <Text>Bu Mançu Essiz Birimi standart Sövalyenin yerini alir. Güçlü bir menzilli saldiriya, artirilmis hareket hizina sahiptir ve iki kati oranda terfi kazanir. Birim savaslari ayrica Büyük General kazanma yolunda iki kat puan kazandirir.</Text>
    </Row>
    <Row Tag="TXT_KEY_KOREA_SCENARIO_CIV5_MONGOLIA_KESHIK_INFO">
      <Text>Sancak Süvarisi, Orta Cag'da mevcut olan bir Mançu Essiz Birimidir.  Standart Sövalyenin yerini alan bu birim daha hizli hareket eder, iki kat daha fazla terfi kazanir ve Büyük Generallerin kazanilmasina iki kat daha fazla puan katkisinda bulunur. Sancak Süvarisi, güçlü menzilli saldirisini kullanarak düsmanlarina uzaktan da saldirabilir.</Text>
    </Row>
    <Row Tag="TXT_KEY_KOREA_SCENARIO_CIV5_MONGOLIA_KESHIK_STRATEGY">
      <Text>Sancak Süvarisi, Orta Cag'dan itibaren Mançularin kullanimina sunulan, Sövalye'nin yerini alan benzersiz bir araçtir.  Sancak Süvarisi güçlü bir menzilli saldiriya ve artirilmis hareket hizina (toplam 5 puan) sahiptir, bu da vur ve kaç saldirilarini oldukça etkili bir sekilde gerçeklestirmesini saglar.  Bu da yetmezmis gibi, Sancak Süvarileri diger birimlere kiyasla iki kat daha fazla terfi alir ve Büyük Generallerin kazanilmasina iki kat daha fazla puanla katkida bulunur.  Bu atli savasçilar tek baslarina Mançularin açik düzlükleri kontrol etmesini saglar.</Text>
    </Row>
    <Row Tag="TXT_KEY_KOREA_SCENARIO_CIV_MANCHURIA_HEADING_1">
      <Text>Tarih</Text>
    </Row>
    <Row Tag="TXT_KEY_KOREA_SCENARIO_CIV_MANCHURIA_TEXT_1">
      <Text>Qing Hanedanligi olarak da bilinen Cin Mançu Hanedanligi'nin temelleri, tarihsel olarak Mançurya olarak bilinen bölgede yasayan Jurchen kabilelerine dayanmaktadir. Ilk olarak 17. yüzyilda Jurchen kabile lideri Nurhaci tarafindan kurulan Nurhaci yönetimindeki Mançular, güçlü Ming Hanedanligi'na karsi bir genisleme ve fetih seferine giristi. Sonunda Ming'i deviren ve genis topraklar üzerinde hak iddia eden Mançu Hanedani, Cin'i yaklasik 300 yil boyunca yönetti ve Halk Cumhuriyeti kurulmadan önce Cin'in son hanedaniydi.</Text>
    </Row>
    <Row Tag="TXT_KEY_KOREA_SCENARIO_LEADER_NURHACI_NAME">
      <Text>Jurchen'li Nurhaci</Text>
    </Row>
    <Row Tag="TXT_KEY_KOREA_SCENARIO_LEADER_NURHACI_SUBTITLE">
      <Text>Sonraki Jin Hanedanligi'nin Hani</Text>
    </Row>
    <Row Tag="TXT_KEY_KOREA_SCENARIO_LEADER_NURHACI_LIVED">
      <Text>MS 1558 - 1626</Text>
    </Row>
    <Row Tag="TXT_KEY_KOREA_SCENARIO_LEADER_NURHACI_HEADING_1">
      <Text>Tarih</Text>
    </Row>
    <Row Tag="TXT_KEY_KOREA_SCENARIO_LEADER_NURHACI_TEXT_1">
      <Text>Jurchenlerin saygin reisi Nurhaci, Cin'in göçebe Jurchen kabilelerini birlestirerek Mançu Hanedanligi'nin temellerini atmasiyla taninir. Nurhaci, 16. yüzyilin ikinci yarisinda hüküm süren Jin Hanedanligi'nin ilk haniydi ve ölümünden sonra Qing ya da Mançu Hanedanligi olarak anilmaya baslandi. Hükümdarligi sirasinda Nurhaci, halkini rakip Cin'in Ming Hanedanligi'ni ve nihayetinde Kore'nin Choson Hanedanligi'ni geçme arayisina soktu. Nurhaci, ordusu için birlikleri çesitli büyüklükteki sancak bölüklerine ayiran bir organizasyon sistemi olan Sekiz Sancak'in yaratilmasiyla taninir.</Text>
    </Row>
    <Row Tag="TXT_KEY_KOREA_SCENARIO_BUILDING_PAPER_MAKER_STRATEGY">
      <Text>Kagit Üreticisi, Banka'nin yerini alan Cin'e özgü bir binadir. Kagit Üreticisi sehrin altin alimini artirir.</Text>
    </Row>
    <Row Tag="TXT_KEY_KOREA_SCENARIO_BUILDING_PAPER_MAKER_HELP">
      <Text>+4[ICON_GOLD] Altin.</Text>
    </Row>
    <Row Tag="TXT_KEY_KOREA_SCENARIO_IMPROVEMENT_WAJO">
      <Text>Wajo</Text>
    </Row>
    <Row Tag="TXT_KEY_KOREA_SCENARIO_BUILD_WAJO">
      <Text>Construct a [LINK=IMPROVEMENT_WAJO]Wajo[\LINK]</Text>
    </Row>
    <Row Tag="TXT_KEY_KOREA_SCENARIO_BUILD_WAJO_REC">
      <Text>Bu karede konuslanmis herhangi bir askeri birligin [ICON_STRENGTH] Savunmasini gelistirecektir.</Text>
    </Row>
    <Row Tag="TXT_KEY_KOREA_SCENARIO_BUILD_WAJO_HELP">
      <Text>Bu Karede konuslanmis herhangi bir Birim için +%50 [ICON_STRENGTH] Savunma Gücü. Yalnizca Japonya tarafindan insa edilebilir ve bir Kiyi karesi üzerine insa edilmelidir. Sirasini Wajo'nun yaninda bitiren herhangi bir düsman birimi 2 hasar alir.</Text>
    </Row>
    <Row Tag="TXT_KEY_CIV5_IMPROVEMENTS_WAJO_HELP">
      <Text>Wajo, bu senaryoda Kalelerin yerini alan Japonlara özgü bir gelistirmedir. Kiyi kareleri üzerine insa edilmelidir. Burada konuslanmis herhangi bir Birimin Savunma Gücünü %50 artirir ve sirasini Wajo'nun yaninda bitiren herhangi bir düsman birimi 2 hasar alir.</Text>
    </Row>
    <Row Tag="TXT_KEY_CIV5_IMPROVEMENTS_WAJO_TEXT">
      <Text>Wajo, bir hex'in üretkenligini artirmayan veya bir kaynaga erisim saglamayan özel bir gelistirmedir. Bunun yerine bir Wajo, sirasini bitisik olarak bitiren düsman birimlerine 2 hasar verir ve bir altigenin savunma bonusunu o altigende konuslanmis birimler için %50 artirir. Ancak, Wajolar düsman topraklarindaki birimlere savunma bonusu saglamaz.[NEWLINE][NEWLINE]Imjin Savasi olarak bilinen Kore'nin Japon isgalleri sirasinda, Japon ordusu kiyi seridi boyunca Wajo olarak bilinen çok sayida aceleyle insa edilmis kale insa etti. Öncelikle Kore'nin güney kiyisi boyunca ileri karakol ve garnizon olarak kullanilan bu kalelerde ordu tipik olarak yapay tepeler ya da platolar insa etmis, bunlarin üzerine ahsap duvarlar, kuleler ve geleneksel Japon kalelerinin karakteristik tarziyla yakindan eslesen iç yapilar yerlestirmistir.</Text>
    </Row>
    <Row Tag="TXT_KEY_KOREA_SCENARIO_VP_FUTURE_TECH">
      <Text>Savas Öldürmeleri</Text>
    </Row>
    <Row Tag="TXT_KEY_KOREA_SCENARIO_VP_TECH">
      <Text>Seul ve Pekin</Text>
    </Row>
    <Row Tag="TXT_KEY_KOREA_SCENARIO_DIPLO_MY_SCORE_FUTURE_TECH">
      <Text>{1_Num} Combat Kills'den</Text>
    </Row>
    <Row Tag="TXT_KEY_KOREA_SCENARIO_DIPLO_MY_SCORE_TECH">
      <Text>{1_Num} Seul ve Pekin'den</Text>
    </Row>
    <Row Tag="TXT_KEY_PROMOTION_GUERILLA_WITHDRAW">
      <Text>Yakin Dövüsten Önce Gerilla Geri Cekiliyor</Text>
    </Row>
    <Row Tag="TXT_KEY_PROMOTION_GUERILLA_WITHDRAW_HELP">
      <Text>Birim yakin dövüs saldirisiyla karsilastiginda geri çekilir. Hizli düsman birimlerine karsi veya birimin arkasinda sinirli açik karo varsa geri çekilme sansi azalir.</Text>
    </Row>
    <Row Tag="TXT_KEY_KOREA_SCENARIO_BUILDING_PORCELAIN_TOWER_STRATEGY">
      <Text>Porselen Kule, yakin muharebe ve deniz birimlerinin üretim hizini artirir.</Text>
    </Row>
    <Row Tag="TXT_KEY_KOREA_SCENARIO_WONDER_PORCELAIN_TOWER_HELP">
      <Text>Yakin Dövüs veya Deniz Birimleri insa ederken +%15 [ICON_PRODUCTION] Üretim.</Text>
    </Row>
    <Row Tag="TXT_KEY_KOREA_SCENARIO_GUERILLAS_SPAWNED">
      <Text>Kore, Dürüst Ordu özelligi nedeniyle yeni gerilla birlikleri aldi.</Text>
    </Row>
    <Row Tag="TXT_KEY_KOREA_SCENARIO_TECH_SPREAD">
      <Text>Bu {1_UnitName}'ü yenmeniz {2_TechName} teknolojisinin kilidini açti!  Artik sehirlerinizde {3_UnitName} insa edebilirsiniz.</Text>
    </Row>
    <Row Tag="TXT_KEY_KOREA_SCENARIO_MANCHU_DOW">
      <Text>Yeni birlesen Mançu kabileleri, Cin ve Kore'nin Japonya ile devam eden savas nedeniyle nasil zayifladigini görmüstür.  Bu firsati savas ilan etmek için kullandilar!</Text>
    </Row>
    <Row Tag="TXT_KEY_KOREA_SCENARIO_NINGXIA_REBELLION_OVER">
      <Text>Cin ordusu batidaki Ningxia eyaletinde bir isyani bastirdi. Yeni Cin takviye birlikleri yolda.</Text>
    </Row>
    <Row Tag="TXT_KEY_KOREA_SCENARIO_WAJO_REINFORCEMENTS">
      <Text>Japon takviye birlikleri Kore yarimadasinda insa ettikleri Wajo istihkâmlarina ulasti.</Text>
    </Row>
    <Row Tag="TXT_KEY_KOREA_SCENARIO_JAPANESE_REINFORCEMENTS">
      <Text>Japon takviye birlikleri Kore yarimadasina indi.</Text>
    </Row>
    <Row Tag="TXT_KEY_KOREA_SCENARIO_EXTRA_MANCHU_UNITS">
      <Text>Baska bir Jurchen kabilesi de Mançu gücünün arttigini duymus ve Mançu davasina katilmistir.</Text>
    </Row>
    <Row Tag="TXT_KEY_KOREA_SCENARIO_POLICY_COLLECTIVE_RULE_HELP">
      <Text>[COLOR_POSITIVE_TEXT]Kolektif Kural[ENDCOLOR][NEWLINE][ICON_GOLD] Birim satin almanin altin maliyeti 33%. azaltildi</Text>
    </Row>
    <Row Tag="TXT_KEY_KOREA_SCENARIO_MAP_TITLE">
      <Text>Dogu Asya</Text>
    </Row>
  </Language_en_US>
</GameData>