﻿<?xml version="1.0" encoding="utf-8"?>
<GameData>
  <EnglishText>
    <!-- Elizabeth-->
    <Row Tag="LOC_LEADER_ELIZABETH_NAME">
      <Text>I. Elizabeth</Text>
    </Row>
    <Row Tag="LOC_TRAIT_LEADER_ELIZABETH_NAME">
      <Text>Drake'in Mirası</Text>
    </Row>
    <Row Tag="LOC_TRAIT_LEADER_ELIZABETH_DESCRIPTION">
      <Text>İlk [ICON_GreatAdmiral] Büyük Amiralinizi edindikten sonra İngiltere'nin [ICON_TradeRoute] Ticaret Yolu Kapasitesi 2 artar.  [ICON_TradeRoute] Herhangi bir şehir devletine giden Ticaret Yolları, kaynak şehirdeki her uzmanlık bölgesi için +3 [ICON_GOLD] Altın sağlar. Donanma Birimleri ile Ticaret Yollarının Yağmalanmasından [ICON_TradeRoute] +%100 Verim.</Text>
    </Row>
    <!-- Harald Alt-->
    <Row Tag="LOC_LEADER_HARDRADA_ORIGINAL_NAME">
      <Text>Harald Hardrada (Konge)</Text>
    </Row>
    <Row Tag="LOC_LEADER_HARALD_ALT_NAME">
      <Text>Harald Hardrada (Varangian)</Text>
    </Row>
    <Row Tag="LOC_TRAIT_LEADER_HARALD_ALT_NAME">
      <Text>Varangian Muhafızı</Text>
    </Row>
    <Row Tag="LOC_TRAIT_LEADER_HARALD_ALT_DESCRIPTION">
      <Text>75 Levying birimlerinde indirim ve tüm birimler 2 daha az bakım öder.</Text>
    </Row>
    <Row Tag="LOC_TRAIT_LEADER_HARALD_ALT_XP_DESCRIPTION">
      <Text>75 Kaldırma birimlerinde indirim ve kaldırılan birimler, rakiplerin [ICON_STRENGTH] Savaş Gücünün %50'sine eşit öldürmelerden [ICON_CULTURE] Kültür, [ICON_FAITH] İnanç ve [ICON_SCIENCE] Bilim alır.</Text>
    </Row>
    <!-- Victoria Alt-->
    <Row Tag="LOC_LEADER_VICTORIA_ALT_NAME">
      <Text>Victoria (Buhar Çağı)</Text>
    </Row>
    <Row Tag="LOC_LEADER_VICTORIA_ORIGINAL_NAME">
      <Text>Victoria (İmparatorluk Çağı)</Text>
    </Row>
    <Row Tag="LOC_TRAIT_LEADER_VICTORIA_ALT_NAME">
      <Text>Buhar Çağı</Text>
    </Row>
    <Row Tag="LOC_TRAIT_LEADER_VICTORIA_ALT_DESCRIPTION">
      <Text>Şehirlerde, o şehirdeki her Sanayi Bölgesi binası için +%10 [ICON_PRODUCTION] Üretim. Tüm Stratejik Kaynaklara +2 [ICON_PRODUCTION] Üretim.</Text>
    </Row>
    <Row Tag="LOC_LOADING_INFO_LEADER_ELIZABETH">
      <Text>Elizabeth Regina, İngiltere'nin bakire kraliçesi ve denizlerin hükümdarı, İngiltere'yi onu ele geçirmek isteyenlere karşı koruyan ahşap duvara hükmediyorsunuz. Yurt içinde ve yurt dışında entrikalara karşı kendini koru ve kaptanların senin emrinde yelken açsın. Başını kimseye eğme, Britanya dalgalara hükmedecek!</Text>
    </Row>
  </EnglishText>
</GameData>