﻿<?xml version="1.0" encoding="utf-8"?>
<GameData>
  <EnglishText>
    <!--Babylon-->
    <Row Tag="LOC_CITIZEN_BABYLON_MALE_1">
      <Text>Dadanum</Text>
    </Row>
    <Row Tag="LOC_CITIZEN_BABYLON_MALE_2">
      <Text>Enusat</Text>
    </Row>
    <Row Tag="LOC_CITIZEN_BABYLON_MALE_3">
      <Text>Ea-nasir</Text>
    </Row>
    <Row Tag="LOC_CITIZEN_BABYLON_MALE_4">
      <Text>Demeetheresu</Text>
    </Row>
    <Row Tag="LOC_CITIZEN_BABYLON_MALE_5">
      <Text>Baassiia</Text>
    </Row>
    <Row Tag="LOC_CITIZEN_BABYLON_MALE_6">
      <Text>Naram-Sin</Text>
    </Row>
    <Row Tag="LOC_CITIZEN_BABYLON_MALE_7">
      <Text>Sargon</Text>
    </Row>
    <Row Tag="LOC_CITIZEN_BABYLON_MALE_8">
      <Text>Rihat</Text>
    </Row>
    <Row Tag="LOC_CITIZEN_BABYLON_MALE_9">
      <Text>Ubar</Text>
    </Row>
    <Row Tag="LOC_CITIZEN_BABYLON_MALE_10">
      <Text>Zuuthusu</Text>
    </Row>
    <Row Tag="LOC_CITIZEN_BABYLON_FEMALE_1">
      <Text>Baunu</Text>
    </Row>
    <Row Tag="LOC_CITIZEN_BABYLON_FEMALE_2">
      <Text>Munawwirtum</Text>
    </Row>
    <Row Tag="LOC_CITIZEN_BABYLON_FEMALE_3">
      <Text>Nidintu</Text>
    </Row>
    <Row Tag="LOC_CITIZEN_BABYLON_FEMALE_4">
      <Text>Ahati-vakrat</Text>
    </Row>
    <Row Tag="LOC_CITIZEN_BABYLON_FEMALE_5">
      <Text>Gemeti</Text>
    </Row>
    <Row Tag="LOC_CITIZEN_BABYLON_FEMALE_6">
      <Text>Ia</Text>
    </Row>
    <Row Tag="LOC_CITIZEN_BABYLON_FEMALE_7">
      <Text>Iltani</Text>
    </Row>
    <Row Tag="LOC_CITIZEN_BABYLON_FEMALE_8">
      <Text>Ettu</Text>
    </Row>
    <Row Tag="LOC_CITIZEN_BABYLON_FEMALE_9">
      <Text>Eristi-Aya</Text>
    </Row>
    <Row Tag="LOC_CITIZEN_BABYLON_FEMALE_10">
      <Text>Arwia</Text>
    </Row>
    <Row Tag="LOC_CITIZEN_BABYLON_MODERN_MALE_1">
      <Text>Abbas</Text>
    </Row>
    <Row Tag="LOC_CITIZEN_BABYLON_MODERN_MALE_2">
      <Text>Adil</Text>
    </Row>
    <Row Tag="LOC_CITIZEN_BABYLON_MODERN_MALE_3">
      <Text>Adnan</Text>
    </Row>
    <Row Tag="LOC_CITIZEN_BABYLON_MODERN_MALE_4">
      <Text>Ferran</Text>
    </Row>
    <Row Tag="LOC_CITIZEN_BABYLON_MODERN_MALE_5">
      <Text>Faris</Text>
    </Row>
    <Row Tag="LOC_CITIZEN_BABYLON_MODERN_MALE_6">
      <Text>Dabir</Text>
    </Row>
    <Row Tag="LOC_CITIZEN_BABYLON_MODERN_MALE_7">
      <Text>Daoud</Text>
    </Row>
    <Row Tag="LOC_CITIZEN_BABYLON_MODERN_MALE_8">
      <Text>Dekel</Text>
    </Row>
    <Row Tag="LOC_CITIZEN_BABYLON_MODERN_MALE_9">
      <Text>Hud</Text>
    </Row>
    <Row Tag="LOC_CITIZEN_BABYLON_MODERN_MALE_10">
      <Text>Imran</Text>
    </Row>
    <Row Tag="LOC_CITIZEN_BABYLON_MODERN_FEMALE_1">
      <Text>Afra</Text>
    </Row>
    <Row Tag="LOC_CITIZEN_BABYLON_MODERN_FEMALE_2">
      <Text>Janay</Text>
    </Row>
    <Row Tag="LOC_CITIZEN_BABYLON_MODERN_FEMALE_3">
      <Text>Jesenia</Text>
    </Row>
    <Row Tag="LOC_CITIZEN_BABYLON_MODERN_FEMALE_4">
      <Text>Maysun</Text>
    </Row>
    <Row Tag="LOC_CITIZEN_BABYLON_MODERN_FEMALE_5">
      <Text>Maja</Text>
    </Row>
    <Row Tag="LOC_CITIZEN_BABYLON_MODERN_FEMALE_6">
      <Text>Salama</Text>
    </Row>
    <Row Tag="LOC_CITIZEN_BABYLON_MODERN_FEMALE_7">
      <Text>Sadia</Text>
    </Row>
    <Row Tag="LOC_CITIZEN_BABYLON_MODERN_FEMALE_8">
      <Text>Tahira</Text>
    </Row>
    <Row Tag="LOC_CITIZEN_BABYLON_MODERN_FEMALE_9">
      <Text>Faizah</Text>
    </Row>
    <Row Tag="LOC_CITIZEN_BABYLON_MODERN_FEMALE_10">
      <Text>Bushra</Text>
    </Row>
  </EnglishText>
</GameData>