﻿<?xml version="1.0" encoding="utf-8"?>
<GameData>
  <EnglishText>
    <Row Tag="LOC_GREATWORK_BEHZAD_1_NAME">
      <Text>Timur ve Misir Kralinin Savas Alani</Text>
    </Row>
    <Row Tag="LOC_GREATWORK_BEHZAD_2_NAME">
      <Text>Yusef ve Zuleykha</Text>
    </Row>
    <Row Tag="LOC_GREATWORK_BEHZAD_3_NAME">
      <Text>Timur'un Tahta Cikisi Vesilesiyle Kendisini Kabul Etmesi</Text>
    </Row>
    <Row Tag="LOC_GREATWORK_TOHAKU_1_NAME">
      <Text>Cam Agaçlari</Text>
    </Row>
    <Row Tag="LOC_GREATWORK_TOHAKU_2_NAME">
      <Text>Akçaagaç Agaci</Text>
    </Row>
    <Row Tag="LOC_GREATWORK_TOHAKU_3_NAME">
      <Text>Kuslar ve Ciçekler</Text>
    </Row>
    <Row Tag="LOC_GREATWORK_KADINSKY_1_NAME">
      <Text>Kompozisyon 8</Text>
    </Row>
    <Row Tag="LOC_GREATWORK_KADINSKY_2_NAME">
      <Text>Mavi Binici</Text>
    </Row>
    <Row Tag="LOC_GREATWORK_KADINSKY_3_NAME">
      <Text>Kizil Meydan</Text>
    </Row>
    <!-- Music -->
    <Row Tag="LOC_GREATWORK_CANTEMIR_1_NAME">
      <Text>Pesrev Acem Yegiahi</Text>
    </Row>
    <Row Tag="LOC_GREATWORK_CANTEMIR_2_NAME">
      <Text>Moldavya Prensi</Text>
    </Row>
    <Row Tag="LOC_GREATWORK_CANTEMIR_3_NAME">
      <Text>Uzzusule Beresvan</Text>
    </Row>
    <Row Tag="LOC_GREATWORK_JOPLIN_1_NAME">
      <Text>Sovmen</Text>
    </Row>
    <Row Tag="LOC_GREATWORK_JOPLIN_2_NAME">
      <Text>Maple Leaf Rag</Text>
    </Row>
    <Row Tag="LOC_GREATWORK_JOPLIN_3_NAME">
      <Text>Kolay Kazananlar</Text>
    </Row>
    <Row Tag="LOC_GREATWORK_BARTOK_1_NAME">
      <Text>Yayli Calgilar Dörtlüsü No. 2</Text>
    </Row>
    <Row Tag="LOC_GREATWORK_BARTOK_2_NAME">
      <Text>Dans Süiti</Text>
    </Row>
    <Row Tag="LOC_GREATWORK_BARTOK_3_NAME">
      <Text>Yayli Calgilar Dörtlüsü No. 1</Text>
    </Row>
    <!-- Writing -->
    <Row Tag="LOC_GREATWORK_BEATRIX_POTTER_1_NAME">
      <Text>Tavsan Peter Masali</Text>
    </Row>
    <Row Tag="LOC_GREATWORK_BEATRIX_POTTER_2_NAME">
      <Text>Gloucester'li Terzi</Text>
    </Row>
    <Row Tag="LOC_GREATWORK_VALMIKI_1_NAME">
      <Text>Ramayana</Text>
    </Row>
    <Row Tag="LOC_GREATWORK_VALMIKI_2_NAME">
      <Text>Yoga Vasistha</Text>
    </Row>
    <Row Tag="LOC_GREATWORK_RUMI_1_NAME">
      <Text>Divani Semsi Tebriz</Text>
    </Row>
    <Row Tag="LOC_GREATWORK_RUMI_2_NAME">
      <Text>Mesnevi</Text>
    </Row>
    <Row Tag="LOC_GREATWORK_GABRIELA_MISTRAL_1_NAME">
      <Text>Lecturas para mujeres (Kadinlar için Kitaplar)</Text>
    </Row>
    <Row Tag="LOC_GREATWORK_GABRIELA_MISTRAL_2_NAME">
      <Text>Sonetos de la Muerte (Ölüm Soneleri)</Text>
    </Row>
    <Row Tag="LOC_GREATWORK_BEATRIX_POTTER_1_QUOTE">
      <Text>"Simdi, canlarim," dedi yasli Bayan Tavsan bir sabah, "tarlalara ya da sokaga gidebilirsiniz, ama Bay McGregor'un bahçesine girmeyin: Babaniz orada bir kaza geçirdi  Bayan McGregor tarafindan bir turtaya kondu."</Text>
    </Row>
    <Row Tag="LOC_GREATWORK_BEATRIX_POTTER_2_QUOTE">
      <Text>Artik bükülme yok!</Text>
    </Row>
    <Row Tag="LOC_GREATWORK_VALMIKI_1_QUOTE">
      <Text>Kahraman ipine bir ok yerlestirdi [NEWLINE] Tislayan bir yilan gibi. [NEWLINE] Rüzgârin hiziyla tüylendi</Text>
    </Row>
    <Row Tag="LOC_GREATWORK_VALMIKI_2_QUOTE">
      <Text>Her ruhun kendi dogasini unutmasi ve kendisini bedende ikamet eden canli bir ruh olarak düsünmesi sasirticidir... sanki bir tencereye hapsedilmis gibi</Text>
    </Row>
    <Row Tag="LOC_GREATWORK_RUMI_1_QUOTE">
      <Text>Cesur adamlar gibi dik sancagini çölün ortasina</Text>
    </Row>
    <Row Tag="LOC_GREATWORK_RUMI_2_QUOTE">
      <Text>Ekmek kirilmadan nasil yemek olabilir?[NEWLINE]Üzüm ezilmeden nasil sarap olabilir?</Text>
    </Row>
    <Row Tag="LOC_GREATWORK_GABRIELA_MISTRAL_1_QUOTE">
      <Text>Gerçek usta her zaman bir tür sanatçi olacaktir  bazilarinin ruhani liderin dönüstügünü görmek isteyecegi herhangi bir "is patronu" veya "çiftlik ustabasisi" türünü kabul edemeyiz.</Text>
    </Row>
    <Row Tag="LOC_GREATWORK_GABRIELA_MISTRAL_2_QUOTE">
      <Text>Güzel intikamimi söyleyerek yürüyüp gidecegim, çünkü o tenha derinliklerde hiçbir el senin bir avuç kemigini benden çalmak için uzanamayacak!</Text>
    </Row>
  </EnglishText>
</GameData>