﻿<?xml version="1.0" encoding="utf-8"?>
<GameData>
  <LocalizedText>
    <!-- REPLACEMENTS -->
    <Delete Tag="LOC_GREAT_PEOPLE_TITLE" />
    <Delete Tag="LOC_HUD_GREATPEOPLE_TOOLTIP" />
    <Delete Tag="LOC_BUILDING_ORACLE_DESCRIPTION" />
    <Delete Tag="LOC_BUILDING_SHRINE_DESCRIPTION" />
    <Delete Tag="LOC_BUILDING_HANGING_GARDENS_DESCRIPTION" />
    <Delete Tag="LOC_BUILDING_TEMPLE_DESCRIPTION" />
  </LocalizedText>
  <EnglishText>
    <!-- REPLACEMENTS -->
    <Row Tag="LOC_GREAT_PEOPLE_TITLE">
      <Text>BÜYÜK INSANLAR</Text>
    </Row>
    <Row Tag="LOC_HUD_GREATPEOPLE_TOOLTIP">
      <Text>Büyük Insanlar[NEWLINE][NEWLINE]Mevcut [ICON_GreatPerson] Büyük Insanlari ve [ICON_GreatPerson] Büyük Insan kazanma yolundaki ilerlemenizi görüntüleyin.</Text>
    </Row>
    <Row Tag="LOC_BUILDING_ORACLE_DESCRIPTION">
      <Text>Büyük Insanlarin hamiligi %25 daha az [ICON_Faith] Inanç gerektirir. Bu sehirdeki semtler kendi türlerinde +2 [ICON_GreatPerson] Büyük Kisi puani saglar (örnegin, Tiyatro Meydani semtinden [ICON_GreatWriter] Büyük Yazar puani). Tepeler üzerine insa edilmelidir.</Text>
    </Row>
    <Row Tag="LOC_BUILDING_SHRINE_DESCRIPTION">
      <Text>Misyonerlerin satin alinmasina izin verir. Misyonerler sadece [ICON_Faith] Inanç ile satin alinabilir.</Text>
    </Row>
    <Row Tag="LOC_BUILDING_HANGING_GARDENS_DESCRIPTION">
      <Text>Tüm sehirlerde büyümeyi %15 artirir. Bir nehrin yanina insa edilmelidir.</Text>
    </Row>
    <Row Tag="LOC_BUILDING_TEMPLE_DESCRIPTION">
      <Text>Havariler, Gurular, Engizisyoncular ve uygun inançla Savasçi Kesislerin satin alinmasina izin verir. Bu birimler yalnizca [ICON_Faith] Inanç ile satin alinabilir.</Text>
    </Row>
    <!--Hero Units-->
    <Row Tag="LOC_UNIT_HERO_ANANSI_NAME">
      <Text>Anansi</Text>
    </Row>
    <Row Tag="LOC_UNIT_HERO_ANANSI_DESCRIPTION">
      <Text>Afrika folklorunun yari tanrisi ve gezgini, zekâsi ve hileleriyle ünlüdür.</Text>
    </Row>
    <Row Tag="LOC_UNIT_HERO_ARTHUR_NAME">
      <Text>Arthur</Text>
    </Row>
    <Row Tag="LOC_UNIT_HERO_ARTHUR_DESCRIPTION">
      <Text>Erdemi ve sövalyeligi ile taninan Yuvarlak Masa Sövalyeleri'nin krali ve kurucusu.</Text>
    </Row>
    <Row Tag="LOC_UNIT_HERO_BEOWULF_NAME">
      <Text>Beowulf</Text>
    </Row>
    <Row Tag="LOC_UNIT_HERO_BEOWULF_DESCRIPTION">
      <Text>Uzak Kuzey'in kudretli savasçisi, teke tek dövüsteki gücü ve cesaretiyle ünlüdür.</Text>
    </Row>
    <Row Tag="LOC_UNIT_HERO_HERCULES_NAME">
      <Text>Herkül</Text>
    </Row>
    <Row Tag="LOC_UNIT_HERO_HERCULES_DESCRIPTION">
      <Text>Insanüstü güce sahip yari tanri, ünlü Isleriyle ünlü.</Text>
    </Row>
    <Row Tag="LOC_UNIT_HERO_HIMIKO_NAME">
      <Text>Himiko</Text>
    </Row>
    <Row Tag="LOC_UNIT_HERO_HIMIKO_DESCRIPTION">
      <Text>Antik Japonya'nin bilgeligi ve mistik gücüyle taninan Saman-Kraliçe'si.</Text>
    </Row>
    <Row Tag="LOC_UNIT_HERO_HIPPOLYTA_NAME">
      <Text>Hippolyta</Text>
    </Row>
    <Row Tag="LOC_UNIT_HERO_HIPPOLYTA_DESCRIPTION">
      <Text>Amazonlarin savasçi kraliçesi, liderligi ve dövüs yetenekleriyle ünlüdür.</Text>
    </Row>
    <Row Tag="LOC_UNIT_HERO_HUNAHPU_NAME">
      <Plurality>2</Plurality>
      <Text>2
			Hunahpu &amp; Xbalanque</Text>
    </Row>
    <Row Tag="LOC_UNIT_HERO_HUNAHPU_DESCRIPTION">
      <Text>Mayalarin efsanevi atletleri ve kahramanlari, ölüm ve Yeralti Dünyasi üzerindeki güçleriyle taninirlar.</Text>
    </Row>
    <Row Tag="LOC_UNIT_HERO_OYA_NAME">
      <Text>Oya</Text>
    </Row>
    <Row Tag="LOC_UNIT_HERO_OYA_DESCRIPTION">
      <Text>Rüzgarlarin, firtinalarin ve simseklerin orisasi, asiri gücüyle ünlüdür.</Text>
    </Row>
    <Row Tag="LOC_UNIT_HERO_MAUI_NAME">
      <Text>Maui</Text>
    </Row>
    <Row Tag="LOC_UNIT_HERO_MAUI_DESCRIPTION">
      <Text>Polinezya efsanesinin yari tanrisi ve kahramani, basarilari ve insanliga armaganlariyla ünlüdür.</Text>
    </Row>
    <Row Tag="LOC_UNIT_HERO_MULAN_NAME">
      <Text>Mulan</Text>
    </Row>
    <Row Tag="LOC_UNIT_HERO_MULAN_DESCRIPTION">
      <Text>Adanmis ve yetenekli savasçi, bagliligi ve sadakati ile ünlüdür.</Text>
    </Row>
    <Row Tag="LOC_UNIT_HERO_SINBAD_NAME">
      <Text>Sinbad</Text>
    </Row>
    <Row Tag="LOC_UNIT_HERO_SINBAD_DESCRIPTION">
      <Text>[COLOR_LIGHTBLUE]Deniz Kahramani. [ENDCOLOR] Garip ve muhtesem seyahatleriyle ünlü maceraci ve talih avcisi.</Text>
    </Row>
    <Row Tag="LOC_UNIT_HERO_WUKONG_NAME">
      <Text>Sun Wukong</Text>
    </Row>
    <Row Tag="LOC_UNIT_HERO_WUKONG_DESCRIPTION">
      <Text>Maymun Kral, antik Cin'in kurnazligi ve ölümsüzlügüyle ünlü kahramani.</Text>
    </Row>
    <!--Other Units-->
    <Row Tag="LOC_UNIT_QUESTING_KNIGHT_NAME">
      <Text>Arayis Sövalyesi</Text>
    </Row>
    <Row Tag="LOC_UNIT_QUESTING_KNIGHT_DESCRIPTION">
      <Text>Agir Süvari. Arthur'un seçtigi sövalyelerden biri ve onun hücumuyla güçlendi.</Text>
    </Row>
    <!--Abilities and Classes-->
    <Row Tag="LOC_HERO_CLASS_NAME">
      <Text>Kahraman</Text>
    </Row>
    <Row Tag="LOC_HERO_ABILITY_COMBAT_STRENGTH_AOE_NAME">
      <Text>Ilham verici</Text>
    </Row>
    <Row Tag="LOC_HERO_ABILITY_COMBAT_STRENGTH_AOE">
      <Text>2 karo içindeki tüm birimlere +5 [ICON_Strength] Savas Gücü.</Text>
    </Row>
    <Row Tag="LOC_HERO_COMBAT_STRENGTH_UNIT_MODIFIER">
      <Text>+{1_Amount} [ICON_Strength] Yakindaki bir Ilham Veren Kahramandan Savas Bonusu.</Text>
    </Row>
    <Row Tag="LOC_ABILITY_HIPPOLYTA_HEAL_PER_TURN_NAME">
      <Text>Hippolyta'nin Iyiligi</Text>
    </Row>
    <Row Tag="LOC_MODIFIER_HIPPOLYTA_HEAL_PER_TURN">
      <Text>Hippolyta otomatik olarak iyilestirir {1_Amount} Her turda HP.</Text>
    </Row>
    <Row Tag="LOC_ABILITY_HUNAHPU_RESURRECT_KILL_NAME">
      <Text>Ikizlerin Dirilisi</Text>
    </Row>
    <Row Tag="LOC_MODIFIER_HUNAHPU_RESURRECT_KILL">
      <Text>Hunahpu &amp; Xbalanque tarafindan öldürülen herhangi bir siradan kara birimi, tam HP ve hareket ile kontrolünüz altinda yeniden dirilir.</Text>
    </Row>
    <Row Tag="LOC_ABILITY_MULAN_STRENGTH_PER_TURN_NAME">
      <Text>Mulan'in Bagliligi</Text>
    </Row>
    <Row Tag="LOC_MODIFIER_MULAN_STRENGTH_PER_TURN">
      <Text>Mulan her tur {1_Amount} [ICON_Strength] Savas Gücü kazanir.</Text>
    </Row>
    <Row Tag="LOC_ABILITY_MULAN_FORTIFY_NAME">
      <Text>Mulan'in Meydan Okumasi</Text>
    </Row>
    <Row Tag="LOC_MODIFIER_MULAN_FORTIFY">
      <Text>Mulan her turun sonunda otomatik olarak tamamen güçlenir.</Text>
    </Row>
    <Row Tag="LOC_ABILITY_WUKONG_STEALTH_NAME">
      <Text>Sun Wukong'un Kilik Degistirmesi</Text>
    </Row>
    <Row Tag="LOC_MODIFIER_WUKONG_STEALTH">
      <Text>Sun Wukong, bir düsman birimine bitisik olmadigi sürece gizlidir.</Text>
    </Row>
    <Row Tag="LOC_ABILITY_WUKONG_LIFESPAN_NAME">
      <Text>Sun Wukong'un Ölümsüzlügü</Text>
    </Row>
    <Row Tag="LOC_ABILITY_WUKONG_LIFESPAN">
      <Text>Sun Wukong'un Yasam Süresi önemli ölçüde artmistir [ICON_Lifespan].</Text>
    </Row>
    <Row Tag="LOC_ABILITY_SINBAD_GOLD_FOR_DISCOVERY_NAME">
      <Text>Sinbad'in Yolculuklari</Text>
    </Row>
    <Row Tag="LOC_MODIFIER_SINBAD_GOLD_FOR_DISCOVERY">
      <Text>Sinbad bir Kita veya Doga Harikasi kesfettiginde {1_GoldReward} [ICON_GOLD] Altin kazanir.</Text>
    </Row>
    <Row Tag="LOC_ABILITY_SINBAD_OCEAN_VALID_TERRAIN_NAME">
      <Text>Navigatör</Text>
    </Row>
    <Row Tag="LOC_ABILITY_SINBAD_OCEAN_VALID_TERRAIN">
      <Text>Okyanus karolarina girebilir.</Text>
    </Row>
    <Row Tag="LOC_MODIFIER_TRAIT_SUMERIA_HEROES_LIFESPAN">
      <Text>Tüm Kahraman birimlerinin {1_Amount} daha uzun [ICON_Lifespan] Yasam Süreleri vardir.</Text>
    </Row>
    <Row Tag="LOC_MODIFIER_TRAIT_SUMERIA_HEROES_FASTER_CLAIM">
      <Text>{1_Amount}% [ICON_Production] Kahramanlik Görevlerinden elde edilen üretim artisi</Text>
    </Row>
    <Row Tag="LOC_ABILITY_HERO_IGNORE_FOREST_TERRAIN_COST_NAME">
      <Text>Cevik</Text>
    </Row>
    <Row Tag="LOC_ABILITY_HERO_IGNORE_FOREST_TERRAIN_COST">
      <Text>Orman ve Yagmur Ormani arazilerinde Hareket cezalarini [ICON_Movement] yok sayar.</Text>
    </Row>
    <Row Tag="LOC_ABILITY_HERO_IGNORE_HILLS_TERRAIN_COST_NAME">
      <Text>Saglam</Text>
    </Row>
    <Row Tag="LOC_ABILITY_HERO_IGNORE_HILLS_TERRAIN_COST">
      <Text>Tepe arazisinde hareket cezalarini [ICON_Movement] yok sayar.</Text>
    </Row>
    <Row Tag="LOC_ABILITY_HERO_IGNORE_ALL_TERRAIN_COST_NAME">
      <Text>Swift</Text>
    </Row>
    <Row Tag="LOC_ABILITY_HERO_IGNORE_ALL_TERRAIN_COST">
      <Text>Tüm arazi [ICON_Movement] Hareket cezalarini yok sayar.</Text>
    </Row>
    <Row Tag="LOC_ABILITY_HERO_ENTER_FOREIGN_LANDS_NAME">
      <Text>Diplomatik</Text>
    </Row>
    <Row Tag="LOC_ABILITY_HERO_ENTER_FOREIGN_LANDS_MODIFIER">
      <Text>Savasta degilken yabanci topraklara girebilir.</Text>
    </Row>
    <!--Building Modifier strings-->
    <Row Tag="LOC_MODIFIER_ORACLE_RECALL_FAITH_COST_DISCOUNT">
      <Text>{1_Amount} [ICON_Faith] Kahramanlari geri çagirmak için inanç.</Text>
    </Row>
    <!--Unit Commands-->
    <Row Tag="LOC_UNITCOMMAND_KILL_WEAKER_UNIT_DESCRIPTION">
      <Text>Beowulf'un Mücadelesi</Text>
    </Row>
    <Row Tag="LOC_UNITCOMMAND_KILL_WEAKER_UNIT_HELP">
      <Text>Savas Gücü Beowulf'unkinden [ICON_Strength] daha az olan bitisik bir düsman birimini hedef alin. Beowulf hedefi derhal yok eder. 1 Hücuma, 1 [ICON_MOVEMENT] Harekete mal olur.</Text>
    </Row>
    <Row Tag="LOC_UNITCOMMAND_TRANSFORM_UNIT_DESCRIPTION">
      <Text>Arthur'un Övgüsü</Text>
    </Row>
    <Row Tag="LOC_UNITCOMMAND_TRANSFORM_UNIT_HELP">
      <Text>Kontrol ettiginiz bitisik bir kara askeri birimini hedefleyin. Arthur birimi bir Arayis Sövalyesine dönüstürür: [ICON_Strength] Savas Gücü ve ([1] [ICON_Lifespan] Yasam Süresi artirilmis benzersiz bir Agir Süvari birimi. 1 Hücum, 1 [ICON_MOVEMENT] Harekete mal olur.</Text>
    </Row>
    <Row Tag="LOC_UNITCOMMAND_RESOURCE_INSPIRE_DESCRIPTION">
      <Text>Anansi'nin Hileleri</Text>
    </Row>
    <Row Tag="LOC_UNITCOMMAND_RESOURCE_INSPIRE_HELP">
      <Text>Bir Bonus veya Lüks Kaynak üzerinde bulundugunda kullanin. Anansi kaynagi tüketir ve {1_ScienceReward} [ICON_SCIENCE] Bilim ve ([2] [ICON_CULTURE] Kültür üretir. Mevcut tüm iyilestirmeler yok edilir. 1 Yüke mal olur ve dönüsü sonlandirir.</Text>
    </Row>
    <Row Tag="LOC_UNITCOMMAND_COMPLETE_DISTRICT_DESCRIPTION">
      <Text>Herkül'ün Emegi</Text>
    </Row>
    <Row Tag="LOC_UNITCOMMAND_COMPLETE_DISTRICT_HELP">
      <Text>Insaat halindeki bir dost Bölge üzerinde bulundugunda kullanin. Herkül Bölgenin insasini derhal tamamlar. 2 Ücrete mal olur ve dönüsü sona erdirir.</Text>
    </Row>
    <Row Tag="LOC_UNITCOMMAND_DESTROY_DEVELOPMENT_DESCRIPTION">
      <Text>Herkül'ün Öfkesi</Text>
    </Row>
    <Row Tag="LOC_UNITCOMMAND_DESTROY_DEVELOPMENT_HELP">
      <Text>Bir düsman Bölgesinde bulundugunda kullanin. Herkül mevcut tüm binalari yok eder ve Bölgeyi yagmalar. 1 Yüke mal olur ve dönüsü sona erdirir.</Text>
    </Row>
    <Row Tag="LOC_UNITCOMMAND_GRANT_ENVOY_DESCRIPTION">
      <Text>Himiko'nun Cazibesi</Text>
    </Row>
    <Row Tag="LOC_UNITCOMMAND_GRANT_ENVOY_HELP">
      <Text>Bitisikteki herhangi bir Sehir Devletini hedefleyin. Himiko derhal Sehir-Devlete 1 ücretsiz [ICON_Envoy] Elçi yerlestirir. Eger orada zaten Suzerain iseniz, Himiko ayrica {1_FaithChange} [ICON_FAITH] Inanç kazanir. 1 Yüke mal olur ve dönüsü sonlandirir.</Text>
    </Row>
    <Row Tag="LOC_UNITCOMMAND_FORCE_LEVY_MILITARY_DESCRIPTION">
      <Text>Himiko'nun Kurali</Text>
    </Row>
    <Row Tag="LOC_UNITCOMMAND_FORCE_LEVY_MILITARY_HELP">
      <Text>Suzerain'i oldugunuz bir Sehir Devletinin topraklarindayken kullanin. Himiko derhal ordusunu ücretsiz olarak toplar. 1 Yüke mal olur ve dönüsü sona erdirir.</Text>
    </Row>
    <Row Tag="LOC_UNITCOMMAND_RESTORE_UNIT_MOVES_DESCRIPTION">
      <Text>Hippolyta'nin Emri</Text>
    </Row>
    <Row Tag="LOC_UNITCOMMAND_RESTORE_UNIT_MOVES_HELP">
      <Text>Bu tur hareket etmis veya saldirmis olan komsu bir dost birimi hedef al. Hippolyta birimin hareketlerini ve saldirilarini derhal geri yükler. Her turda bir kez kullanilabilir.</Text>
    </Row>
    <Row Tag="LOC_UNITCOMMAND_NAVAL_GOLD_RAID_DESCRIPTION">
      <Text>Sinbad'in Sanslari</Text>
    </Row>
    <Row Tag="LOC_UNITCOMMAND_NAVAL_GOLD_RAID_HELP">
      <Text>Bitisikteki herhangi bir düsman deniz birimini veya Barbar Kampini hedef alin. Hedef ya temizlenir ya da %50 hasar görür ve Sinbad derhal {1_GoldReward} [ICON_GOLD] Altin kazanir. 1 Hücuma mal olur ve dönüsü sona erdirir.</Text>
    </Row>
    <Row Tag="LOC_UNITCOMMAND_CREATE_RANDOM_RESOURCE_DESCRIPTION">
      <Text>Maui'nin Icatlari</Text>
    </Row>
    <Row Tag="LOC_UNITCOMMAND_CREATE_RANDOM_RESOURCE_HELP">
      <Text>Sahipsiz, bos bir arsada bulundugunda kullanin. Maui arsa üzerinde rastgele bir Bonus veya Lüks Kaynak olusturur. 1 Ücrete mal olur ve dönüsü sona erdirir.</Text>
    </Row>
    <Row Tag="LOC_UNITCOMMAND_AREA_DAMAGE_HEAL_DESCRIPTION">
      <Text>Oya'nin Firtinasi</Text>
    </Row>
    <Row Tag="LOC_UNITCOMMAND_AREA_DAMAGE_HEAL_HELP">
      <Text>Tüm komsu düsmanlara hasar verir ve tüm komsu sahipli birimleri {1_DamageAmount} kadar iyilestirir. 1 Hücuma mal olur ve dönüsü sonlandirir.</Text>
    </Row>
    <!--Projects-->
    <!--Create Anansi-->
    <Row Tag="LOC_PROJECT_DISCOVER_NEXT_HERO_NAME">
      <Text>Kahramanlik Hikayeleri</Text>
    </Row>
    <Row Tag="LOC_PROJECT_DISCOVER_NEXT_HERO_SHORT_NAME">
      <Text>Kahramanlik Hikayeleri</Text>
    </Row>
    <Row Tag="LOC_PROJECT_DISCOVER_NEXT_HERO_DESCRIPTION">
      <Text>Yeni bir Kahraman kesfedin.</Text>
    </Row>
    <Row Tag="LOC_PROJECT_CREATE_HERO_ANANSI_NAME">
      <Text>Anansi'ye Baglilik</Text>
    </Row>
    <Row Tag="LOC_PROJECT_CREATE_HERO_ANANSI_SHORT_NAME">
      <Text>Anansi'ye Baglilik</Text>
    </Row>
    <Row Tag="LOC_PROJECT_CREATE_HERO_ANANSI_DESCRIPTION">
      <Text>Bu sehri Kahraman Anansi'ye adayin. Tamamlandiginda, Anansi sehir merkezinde belirecektir.</Text>
    </Row>
    <!--Create Arthur-->
    <Row Tag="LOC_PROJECT_CREATE_HERO_ARTHUR_NAME">
      <Text>Arthur'a Baglilik</Text>
    </Row>
    <Row Tag="LOC_PROJECT_CREATE_HERO_ARTHUR_SHORT_NAME">
      <Text>Arthur'a Baglilik</Text>
    </Row>
    <Row Tag="LOC_PROJECT_CREATE_HERO_ARTHUR_DESCRIPTION">
      <Text>Bu sehri Kahraman Arthur'a adayin. Tamamlandiginda, Arthur sehir merkezinde belirecektir.</Text>
    </Row>
    <!--Create Beowulf-->
    <Row Tag="LOC_PROJECT_CREATE_HERO_BEOWULF_NAME">
      <Text>Beowulf'a Baglilik</Text>
    </Row>
    <Row Tag="LOC_PROJECT_CREATE_HERO_BEOWULF_SHORT_NAME">
      <Text>Beowulf'a Baglilik</Text>
    </Row>
    <Row Tag="LOC_PROJECT_CREATE_HERO_BEOWULF_DESCRIPTION">
      <Text>Bu sehri Kahraman Beowulf'a adayin. Tamamlandiginda, Beowulf sehir merkezinde görünecektir.</Text>
    </Row>
    <!--Create Hercules-->
    <Row Tag="LOC_PROJECT_CREATE_HERO_HERCULES_NAME">
      <Text>Herkül'e Baglilik</Text>
    </Row>
    <Row Tag="LOC_PROJECT_CREATE_HERO_HERCULES_SHORT_NAME">
      <Text>Herkül'e Baglilik</Text>
    </Row>
    <Row Tag="LOC_PROJECT_CREATE_HERO_HERCULES_DESCRIPTION">
      <Text>Bu sehri Kahraman Herkül'e adayin. Tamamlandiginda, Herkül sehir merkezinde görünecektir.</Text>
    </Row>
    <!--Create Himiko-->
    <Row Tag="LOC_PROJECT_CREATE_HERO_HIMIKO_NAME">
      <Text>Himiko'ya Baglilik</Text>
    </Row>
    <Row Tag="LOC_PROJECT_CREATE_HERO_HIMIKO_SHORT_NAME">
      <Text>Himiko'ya Baglilik</Text>
    </Row>
    <Row Tag="LOC_PROJECT_CREATE_HERO_HIMIKO_DESCRIPTION">
      <Text>Bu sehri Kahraman Himiko'ya adayin. Tamamlandiginda, Himiko sehir merkezinde görünecektir.</Text>
    </Row>
    <!--Create Hippolyta-->
    <Row Tag="LOC_PROJECT_CREATE_HERO_HIPPOLYTA_NAME">
      <Text>Hippolyta'ya Baglilik</Text>
    </Row>
    <Row Tag="LOC_PROJECT_CREATE_HERO_HIPPOLYTA_SHORT_NAME">
      <Text>Hippolyta'ya Baglilik</Text>
    </Row>
    <Row Tag="LOC_PROJECT_CREATE_HERO_HIPPOLYTA_DESCRIPTION">
      <Text>Bu sehri Kahraman Hippolyta'ya adayin. Tamamlandiginda, Hippolyta sehir merkezinde görünecektir.</Text>
    </Row>
    <!--Create Hunahpu-->
    <Row Tag="LOC_PROJECT_CREATE_HERO_HUNAHPU_NAME">
      <Text>Hunahpu &amp; Xbalanque'a Baglilik</Text>
    </Row>
    <Row Tag="LOC_PROJECT_CREATE_HERO_HUNAHPU_SHORT_NAME">
      <Text>Hunahpu &amp; Xbalanque'a Baglilik</Text>
    </Row>
    <Row Tag="LOC_PROJECT_CREATE_HERO_HUNAHPU_DESCRIPTION">
      <Text>Bu sehri Kahraman Ikizler Hunahpu &amp; Xbalanque'a adayin. Tamamlandiginda Hunahpu ve Xbalanque sehir merkezinde belirecek.</Text>
    </Row>
    <!--Create Oya-->
    <Row Tag="LOC_PROJECT_CREATE_HERO_OYA_NAME">
      <Text>Oya'ya Baglilik</Text>
    </Row>
    <Row Tag="LOC_PROJECT_CREATE_HERO_OYA_SHORT_NAME">
      <Text>Oya'ya Baglilik</Text>
    </Row>
    <Row Tag="LOC_PROJECT_CREATE_HERO_OYA_DESCRIPTION">
      <Text>Bu sehri Kahraman Oya'ya adayin. Tamamlandiginda, Oya sehir merkezinde görünecektir.</Text>
    </Row>
    <!--Create Maui-->
    <Row Tag="LOC_PROJECT_CREATE_HERO_MAUI_NAME">
      <Text>Maui'ye Baglilik</Text>
    </Row>
    <Row Tag="LOC_PROJECT_CREATE_HERO_MAUI_SHORT_NAME">
      <Text>Maui'ye Baglilik</Text>
    </Row>
    <Row Tag="LOC_PROJECT_CREATE_HERO_MAUI_DESCRIPTION">
      <Text>Bu sehri Kahraman Maui'ye adayin. Tamamlandiginda, Maui sehir merkezinde görünecektir.</Text>
    </Row>
    <!--Create Mulan-->
    <Row Tag="LOC_PROJECT_CREATE_HERO_MULAN_NAME">
      <Text>Mulan'a Baglilik</Text>
    </Row>
    <Row Tag="LOC_PROJECT_CREATE_HERO_MULAN_SHORT_NAME">
      <Text>Mulan'a Baglilik</Text>
    </Row>
    <Row Tag="LOC_PROJECT_CREATE_HERO_MULAN_DESCRIPTION">
      <Text>Bu sehri Kahraman Mulan'a adayin. Tamamlandiginda, Mulan sehir merkezinde görünecek.</Text>
    </Row>
    <!--Create Sinbad-->
    <Row Tag="LOC_PROJECT_CREATE_HERO_SINBAD_NAME">
      <Text>Sinbad'a Baglilik</Text>
    </Row>
    <Row Tag="LOC_PROJECT_CREATE_HERO_SINBAD_SHORT_NAME">
      <Text>Sinbad'a Baglilik</Text>
    </Row>
    <Row Tag="LOC_PROJECT_CREATE_HERO_SINBAD_DESCRIPTION">
      <Text>Bu sehri Kahraman Sinbad'a adayin. Tamamlandiginda, Sinbad sehir merkezinde görünecektir.</Text>
    </Row>
    <!--Create Wukong-->
    <Row Tag="LOC_PROJECT_CREATE_HERO_WUKONG_NAME">
      <Text>Sun Wukong'a Baglilik</Text>
    </Row>
    <Row Tag="LOC_PROJECT_CREATE_HERO_WUKONG_SHORT_NAME">
      <Text>Sun Wukong'a Baglilik</Text>
    </Row>
    <Row Tag="LOC_PROJECT_CREATE_HERO_WUKONG_DESCRIPTION">
      <Text>Bu sehri Kahraman Sun Wukong'a adayin. Tamamlandiginda, Sun Wukong sehir merkezinde belirecek.</Text>
    </Row>
    <!--Great Works-->
    <Row Tag="LOC_GREATWORKOBJECT_HERO">
      <Text>[ICON_GreatWork_HeroRelic] Kahramanlik Kalintisi</Text>
    </Row>
    <Row Tag="LOC_GREATWORK_HERO_SYMBOL_ANANSI_NAME">
      <Text>Anansi'nin Davullari</Text>
    </Row>
    <Row Tag="LOC_GREATWORK_HERO_EPIC_ANANSI_NAME">
      <Text>Anansi Destani</Text>
    </Row>
    <Row Tag="LOC_GREATWORK_HERO_SYMBOL_ARTHUR_NAME">
      <Text>Arthur'un Kadehi</Text>
    </Row>
    <Row Tag="LOC_GREATWORK_HERO_EPIC_ARTHUR_NAME">
      <Text>Arthur Destani</Text>
    </Row>
    <Row Tag="LOC_GREATWORK_HERO_SYMBOL_BEOWULF_NAME">
      <Text>Beowulf'un Kilici</Text>
    </Row>
    <Row Tag="LOC_GREATWORK_HERO_EPIC_BEOWULF_NAME">
      <Text>Beowulf Destani</Text>
    </Row>
    <Row Tag="LOC_GREATWORK_HERO_SYMBOL_HERCULES_NAME">
      <Text>Herkül Kulübü</Text>
    </Row>
    <Row Tag="LOC_GREATWORK_HERO_EPIC_HERCULES_NAME">
      <Text>Herkül Destani</Text>
    </Row>
    <Row Tag="LOC_GREATWORK_HERO_SYMBOL_HIMIKO_NAME">
      <Text>Himiko'nun Taci</Text>
    </Row>
    <Row Tag="LOC_GREATWORK_HERO_EPIC_HIMIKO_NAME">
      <Text>Himiko Destani</Text>
    </Row>
    <Row Tag="LOC_GREATWORK_HERO_SYMBOL_HIPPOLYTA_NAME">
      <Text>Hippolyta'nin Kusagi</Text>
    </Row>
    <Row Tag="LOC_GREATWORK_HERO_EPIC_HIPPOLYTA_NAME">
      <Text>Hippolyta Destani</Text>
    </Row>
    <Row Tag="LOC_GREATWORK_HERO_SYMBOL_HUNAHPU_NAME">
      <Text>Kahraman Ikizlerin Mantolari</Text>
    </Row>
    <Row Tag="LOC_GREATWORK_HERO_EPIC_HUNAHPU_NAME">
      <Text>Kahraman Ikizlerin Destani</Text>
    </Row>
    <Row Tag="LOC_GREATWORK_HERO_SYMBOL_OYA_NAME">
      <Text>Oya'nin Biçagi</Text>
    </Row>
    <Row Tag="LOC_GREATWORK_HERO_EPIC_OYA_NAME">
      <Text>Oya Destani</Text>
    </Row>
    <Row Tag="LOC_GREATWORK_HERO_SYMBOL_MAUI_NAME">
      <Text>Maui Mesalesi</Text>
    </Row>
    <Row Tag="LOC_GREATWORK_HERO_EPIC_MAUI_NAME">
      <Text>Maui Destani</Text>
    </Row>
    <Row Tag="LOC_GREATWORK_HERO_SYMBOL_MULAN_NAME">
      <Text>Mulan'in Zirhi</Text>
    </Row>
    <Row Tag="LOC_GREATWORK_HERO_EPIC_MULAN_NAME">
      <Text>Mulan Destani</Text>
    </Row>
    <Row Tag="LOC_GREATWORK_HERO_SYMBOL_SINBAD_NAME">
      <Text>Sinbad'in Pusulasi</Text>
    </Row>
    <Row Tag="LOC_GREATWORK_HERO_EPIC_SINBAD_NAME">
      <Text>Sinbad Destani</Text>
    </Row>
    <Row Tag="LOC_GREATWORK_HERO_SYMBOL_WUKONG_NAME">
      <Text>Sun Wukong'un Calisanlari</Text>
    </Row>
    <Row Tag="LOC_GREATWORK_HERO_EPIC_WUKONG_NAME">
      <Text>Sun Wukong Destani</Text>
    </Row>
    <!--UI-->
    <Row Tag="LOC_BUILDING_NAME_FOR_HERO">
      <Text>{2_HeroName}'ün {1_BuildingName}</Text>
    </Row>
    <Row Tag="LOC_UNITCOMMAND_FAILURE_HERO_NO_TARGETS">
      <Text>Mevcut hedef yok</Text>
    </Row>
    <Row Tag="LOC_UNITCOMMAND_HERO_FAILURE_NOT_ENOUGH_CHARGES">
      <Text>Yeterli Eylem Ücreti kalmadi</Text>
    </Row>
    <Row Tag="LOC_UNITCOMMAND_HERO_FAILURE_REQUIRES_FULL_MOVEMENT">
      <Text>Tam hareket gerektirir</Text>
    </Row>
    <Row Tag="LOC_UNITCOMMAND_HERO_FAILURE_NO_MOVES">
      <Text>Hiç hamle kalmadi</Text>
    </Row>
    <Row Tag="LOC_UNITCOMMAND_FAILURE_ONCE_PER_TURN">
      <Text>Bu turda zaten kullanildi</Text>
    </Row>
    <Row Tag="LOC_UNITCOMMAND_FAILURE_HERO_OWNED_PLOT">
      <Text>Sahip olunan bir arsa üzerinde kullanilamaz.</Text>
    </Row>
    <Row Tag="LOC_UNITCOMMAND_FAILURE_HERO_USED_CITY">
      <Text>Bu yetenek {1_CityName}'de zaten kullanilmistir.</Text>
    </Row>
    <Row Tag="LOC_UNITCOMMAND_FAILURE_HERO_USED_FEATURE">
      <Text>Bu yetenek bu {1_FeatureName} üzerinde zaten kullanilmistir.</Text>
    </Row>
    <Row Tag="LOC_UNITCOMMAND_FAILURE_HERO_DISTRICT_AT_WAR">
      <Text>Bizimle savas halinde olan bir sehirdeki bir bölgeyi hedef alamazsiniz.</Text>
    </Row>
    <Row Tag="LOC_UNITCOMMAND_FAILURE_HERO_CITY_AT_WAR">
      <Text>Bizimle savasta olan bir sehri hedef alamazsiniz.</Text>
    </Row>
    <Row Tag="LOC_UNITCOMMAND_FAILURE_HERO_NO_LEVY_AVAILABLE">
      <Text>Bu Sehir-Devlet'in haciz için mevcut birimi yoktur.</Text>
    </Row>
    <Row Tag="LOC_UNITCOMMAND_FAILURE_HERO_NOT_IN_SUZERAIN_TERRITORY">
      <Text>Suzerain oldugunuz bir Sehir Devletinin topraklari içinde olmalidir.</Text>
    </Row>
    <Row Tag="LOC_UNITCOMMAND_FAILURE_HERO_LEVY_ACTIVE">
      <Text>Bu sehir devletinin ordusu çoktan toplandi.</Text>
    </Row>
    <Row Tag="LOC_UNITCOMMAND_FAILURE_HERO_NOT_SUZERAIN_OF_CITY">
      <Text>Sen {1_CityName}'nin Suzerain'i degilsin.</Text>
    </Row>
    <Row Tag="LOC_UNITCOMMAND_FAILURE_HERO_NOT_ON_INCOMPLETE_DISTRICT">
      <Text>Insaat halindeki bir bölgede kullanilmalidir.</Text>
    </Row>
    <Row Tag="LOC_UNITCOMMAND_FAILURE_HERO_NOT_ON_DISTRICT">
      <Text>Bir bölgede kullanilmalidir.</Text>
    </Row>
    <Row Tag="LOC_UNITCOMMAND_FAILURE_HERO_NOT_ON_DEVELOPMENT">
      <Text>Bir bölge veya iyilestirme üzerinde kullanilmalidir.</Text>
    </Row>
    <Row Tag="LOC_UNITCOMMAND_FAILURE_HERO_NOT_ON_LUXURY_OR_BONUS_RESOURCE">
      <Text>Bir Lüks veya Bonus Kaynak üzerinde kullanilmalidir.</Text>
    </Row>
    <Row Tag="LOC_UNITCOMMAND_FAILURE_HERO_DISTRICT_PILLAGED">
      <Text>Bu bölge zaten yagmalanmis durumda.</Text>
    </Row>
    <Row Tag="LOC_UNITCOMMAND_FAILURE_HERO_ON_CITY_CENTER">
      <Text>Sehir Merkezinde kullanilamaz.</Text>
    </Row>
    <Row Tag="LOC_UNITCOMMAND_FAILURE_HERO_ON_RESOURCE">
      <Text>Mevcut bir kaynak üzerinde kullanilamaz.</Text>
    </Row>
    <Row Tag="LOC_UNITCOMMAND_FAILURE_HERO_ON_IMPROVEMENT">
      <Text>Gelistirilmis bir karo üzerinde kullanilamaz.</Text>
    </Row>
    <Row Tag="LOC_UNITCOMMAND_FAILURE_HERO_ON_WONDER">
      <Text>Bir Wonder üzerinde kullanilamaz.</Text>
    </Row>
    <Row Tag="LOC_UNITCOMMAND_FAILURE_HERO_NO_VALID_RESOURCES">
      <Text>Bu konumda geçerli Kaynak yok.</Text>
    </Row>
    <Row Tag="LOC_UNITCOMMAND_FAILURE_HERO_ON_ALLIED_PLOT">
      <Text>Müttefik bir uygarliga ait bir arsa üzerinde kullanilamaz.</Text>
    </Row>
    <Row Tag="LOC_CHOOSE_ARTIFACT_EXPLANATION_HEROIC_RELIC">
      <Text>Arkeologunuz {1_UnitName}, {2_ActingCiv}'ün atalarindan bir Kahraman tarafindan birakilan ikonik bir nesneyi ortaya çikardi.</Text>
    </Row>
    <Row Tag="LOC_CAN_TRAIN_FAILURE_SAME_ERA">
      <Text>Kahramanlar her Cagda yalnizca bir kez ortaya çikabilir.</Text>
    </Row>
    <!--Heroes Popup-->
    <Row Tag="LOC_HERO_DISCOVERED_DESC_GOODY_HUT">
      <Text>Kabile köylüleri mitlerini ve efsanelerini bizimle paylastilar. {1_HeroName: plural 1?Hero  other?Heroes } [COLOR_LIGHTBLUE]{1_HeroName}![ENDCOLOR] kesfettik.</Text>
    </Row>
    <Row Tag="LOC_HERO_DISCOVERED_DESC_PROJECT">
      <Text>Kahramanlik Öyküleri halkimiz arasinda efsanevi eylemlerin haberini yaydi. Biz {1_HeroName: plural 1?Hero  other?Heroes } [COLOR_LIGHTBLUE]{1_HeroName} kesfettik![ENDCOLOR]</Text>
    </Row>
    <Row Tag="LOC_HERO_DISCOVERED_DESC_CITY_STATE">
      <Text>{2_SourcePlayerName} ile etkimiz arttikça, onlar da kendi mitlerini ve efsanelerini paylastilar. {1_HeroName: plural 1?Hero  other?Heroes } [COLOR_LIGHTBLUE]{1_HeroName} kesfettik![ENDCOLOR]</Text>
    </Row>
    <Row Tag="LOC_HERO_DISCOVERED_DESC_CITY_STATE_SUZERAIN">
      <Text>{2_SourcePlayerName} üzerindeki hükümranligimiz onlarin mitleri ve efsaneleri hakkinda daha fazla sey ortaya çikardi. {1_HeroName: plural 1?Hero  other?Heroes } [COLOR_LIGHTBLUE]{1_HeroName} kesfettik![ENDCOLOR]</Text>
    </Row>
    <Row Tag="LOC_HERO_DISCOVERED_DESC_NEW_CONTINENT">
      <Text>{2_ContinentName} kitasini ve onunla birlikte yeni mitleri ve efsaneleri kesfettik. {1_HeroName: plural 1?Hero  other?Heroes } [COLOR_LIGHTBLUE]{1_HeroName} kesfettik![ENDCOLOR]</Text>
    </Row>
    <Row Tag="LOC_HERO_DISCOVERED_DESC_NATURAL_WONDER">
      <Text>{2_FeatureName}'ün muhtesem görüntüsü yerel mitlere ve efsanelere ilham kaynagi olmustur. {1_HeroName: plural 1?Hero  other?Heroes } [COLOR_LIGHTBLUE]{1_HeroName} kesfettik![ENDCOLOR]</Text>
    </Row>
    <Row Tag="LOC_HERO_DISCOVERED_DESC_ENCOUNTER">
      <Text>Önümüzde bir efsane duruyor! Kuvvetlerimiz {1_HeroName: plural 1?Hero  other?Heroes } [COLOR_LIGHTBLUE]{1_HeroName} ile bizzat karsilasti![ENDCOLOR]</Text>
    </Row>
    <Row Tag="LOC_DISCOVER_HERO_HELP">
      <Text>COLOR:Civ6Yellow]{1_OriginBuilding}[ENDCOLOR] binasi olan herhangi bir Sehirde bir Kahraman Adanmisligi Projesini tamamlayarak bu Kahramani talep edebilirsiniz. Her sehirde yalnizca bir Kahraman Adanmisligi yapilabilir.</Text>
    </Row>
    <Row Tag="LOC_DISCOVER_HERO_NAVAL_HELP">
      <Text>Bu Kahramani, deniz birliklerini egitebilen bir [COLOR:Civ6Yellow]{1_OriginBuilding}[ENDCOLOR] binasina sahip herhangi bir Sehirde bir Kahraman Adanmisligi Projesini tamamlayarak talep edebilirsiniz. Her sehirde yalnizca bir Kahraman Adanmisligi yapilabilir.</Text>
    </Row>
    <Row Tag="LOC_DISCOVER_CLAIMED_HERO_HELP">
      <Text>Bu Kahraman zaten {1_PlayerName} tarafindan talep edilmistir.</Text>
    </Row>
    <Row Tag="LOC_HERO_EXPIRED_MESSAGE">
      <Text>Kahraman [ICON_Lifespan] Yasam Süresi Doldu</Text>
    </Row>
    <Row Tag="LOC_HERO_EXPIRED_DESC">
      <Text>Bizim {1_UnitName: plural 1?Hero  other?Heroes } [COLOR_LIGHTBLUE]([2][ENDCOLOR] {1_UnitName: plural 1?has  other?have } [ICON_Lifespan] ömrünün sonuna geldi ve ulusumuzu terk etti.</Text>
    </Row>
    <Row Tag="LOC_HERO_KILLED_MESSAGE">
      <Text>Kahraman Öldürüldü</Text>
    </Row>
    <Row Tag="LOC_HERO_KILLED_DESC">
      <Text>{1_UnitName: plural 1?Hero  other?Heroes } [COLOR_LIGHTBLUE]([2][ENDCOLOR] {1_UnitName: plural 1?has  other?have } savasta kaybettiklerimiz.</Text>
    </Row>
    <Row Tag="LOC_HEROES_HELP_RECALL_DESC">
      <Text>Bir Kahramanin süresi dolduktan veya öldürüldükten sonra, [COLOR:Civ6Yellow]{1_OriginBuilding}[ENDCOLOR] bulundugu Sehirde [ICON_Faith] Inanç ile satin alinarak geri çagrilabilirler. [NEWLINE][NEWLINE] Geri çagrilan Kahramanlar [ICON_Lifespan] Yasam Süreleri ve Eylem Yükleri yenilenmis olarak geri dönerler, ancak onlari geri çagirmanin [ICON_Faith] Inanç maliyeti her ortaya çikista artar. Kahramanlar her Cagda bir kez geri çagrilabilir.</Text>
    </Row>
    <Row Tag="LOC_LOOK_AT_HERO">
      <Text>Kahramana Bak</Text>
    </Row>
    <!--Notifications-->
    <Row Tag="LOC_NOTIFICATION_HERO_DISCOVERED_MESSAGE">
      <Text>Kahraman Kesfedildi</Text>
    </Row>
    <Row Tag="LOC_NOTIFICATION_HERO_DISCOVERED_SUMMARY">
      <Text>{1_HeroName: plural 1?Hero  other?Heroes } {1_HeroName}'ü kesfettiniz.</Text>
    </Row>
    <Row Tag="LOC_NOTIFICATION_HERO_LOW_LIFESPAN_MESSAGE">
      <Text>Kahraman [ICON_Lifespan] Yasam Süresi Düsük</Text>
    </Row>
    <Row Tag="LOC_NOTIFICATION_HERO_LOW_LIFESPAN_SUMMARY">
      <Text>{1_HeroClassName: plural 1?Hero  other?Heroes } {1_HeroClassName} {1_HeroClassName: plural 1?has  other?have } {2_NumTurns} turdan daha az [ICON_Lifespan] Ömürleri kalmistir.</Text>
    </Row>
    <Row Tag="LOC_NOTIFICATION_HERO_LOST_LIFESPAN_EXPIRED_MESSAGE">
      <Text>Kahraman Kayip</Text>
    </Row>
    <Row Tag="LOC_NOTIFICATION_HERO_LOST_LIFESPAN_EXPIRED_SUMMARY">
      <Text>Bizim {1_HeroClassName: plural 1?Hero  other?Heroes } {1_HeroClassName} {1_HeroClassName: plural 1?has  other?have } [ICON_Lifespan] Ömürlerinin sonuna ulastilar. Biz onlari hatirlamak için yeterli [ICON_Faith] Imani toplayana kadar onlar tarihe aittir.</Text>
    </Row>
    <Row Tag="LOC_NOTIFICATION_HERO_CAN_PURCHASE_WITH_FAITH_MESSAGE">
      <Text>Can Recall Kahraman</Text>
    </Row>
    <Row Tag="LOC_NOTIFICATION_HERO_CAN_PURCHASE_WITH_FAITH_SUMMARY">
      <Text>{2_CityName} Sehrindeki {1_HeroClassName: plural 1?Hero  other?Heroes } {1_HeroClassName} geri çagirmak için yeterli [ICON_Faith] Inanç biriktirdiniz.</Text>
    </Row>
    <Row Tag="LOC_NOTIFICATION_HERO_KILLED_OTHER_MESSAGE">
      <Text>Kahraman Öldürüldü</Text>
    </Row>
    <Row Tag="LOC_NOTIFICATION_HERO_KILLED_OTHER_SUMMARY">
      <Text>{1_HeroClassName: plural 1?Hero  other?Heroes } {1_HeroClassName} {1_HeroClassName: plural 1?has  other?have } savasta ölenler.</Text>
    </Row>
    <Row Tag="LOC_NOTIFICATION_HERO_EXPIRED_OTHER_MESSAGE">
      <Text>Kahraman Gitti</Text>
    </Row>
    <Row Tag="LOC_NOTIFICATION_HERO_EXPIRED_OTHER_SUMMARY">
      <Text>{1_HeroClassName: plural 1?Hero  other?Heroes } {1_HeroClassName} {1_HeroClassName: plural 1?has  other?have } [ICON_Lifespan] Ömürlerinin sonuna ulasti.</Text>
    </Row>
    <Row Tag="LOC_NOTIFICATION_HERO_CLAIMED_OTHER_MESSAGE">
      <Text>Kahraman Sahiplenildi</Text>
    </Row>
    <Row Tag="LOC_NOTIFICATION_HERO_CLAIMED_OTHER_SUMMARY">
      <Text>{1_CivName}, {2_HeroName: plural 1?Hero  other?Heroes } {2_HeroName}'ya sahip çikti!</Text>
    </Row>
    <Row Tag="LOC_NOTIFICATION_HERO_CLAIMED_OTHER_UNMET_SUMMARY">
      <Text>Karsilanmamis bir oyuncu {1_HeroName: plural 1?Hero  other?Heroes } {1_HeroName} talep etti!</Text>
    </Row>
    <Row Tag="LOC_NOTIFICATION_HERO_RECALLED_OTHER_MESSAGE">
      <Text>Kahraman Geri Cagrildi</Text>
    </Row>
    <Row Tag="LOC_NOTIFICATION_HERO_RECALLED_OTHER_SUMMARY">
      <Text>{1_CivName} {2_HeroName: plural 1?Hero  other?Heroes } {2_HeroName}'yi geri çagirdi!</Text>
    </Row>
    <Row Tag="LOC_NOTIFICATION_HERO_CLAIM_FAILED_MESSAGE">
      <Text>Üretim Kurtarildi</Text>
    </Row>
    <Row Tag="LOC_NOTIFICATION_HERO_CLAIM_FAILED_SUMMARY">
      <Text>{1_HeroName: plural 1?Hero  other?Heroes } {1_HeroName}'yi zamaninda talep edemediniz. Ancak {2_Production} [ICON_Production] Üretim girisimden kurtarildi ve {3_CityName} sehrine verildi.</Text>
    </Row>
    <!--GreatPeoplePopup-->
    <Row Tag="LOC_GREAT_PEOPLE_TAB_HEROES">
      <Text>Kahramanlar</Text>
    </Row>
    <Row Tag="LOC_GREAT_PEOPLE_HEROES_RECRUITED_STATE">
      <Text>TARAFINDAN TALEP EDILMISTIR:</Text>
    </Row>
    <Row Tag="LOC_GREAT_PEOPLE_HEROES_DISCOVERED_STATE">
      <Text>KESFEDILDI</Text>
    </Row>
    <Row Tag="LOC_GREAT_PEOPLE_HEROES_LOOK_AT_HERO_TT">
      <Text>Bu paneli kapatin ve bu kahraman birimini seçin.</Text>
    </Row>
    <Row Tag="LOC_GREAT_PEOPLE_HEROES_LOOK_AT_CITY_TT">
      <Text>Bu paneli kapatin ve bu merhum kahramanin geldigi sehri seçin.</Text>
    </Row>
    <Row Tag="LOC_GREAT_PEOPLE_HEROES_CIVILOPEDIA_ENTRY_TT">
      <Text>Bu kahraman birimi için Civilopedia girisini açin.</Text>
    </Row>
    <Row Tag="LOC_GREAT_PEOPLE_HEROES_FAITH_RECALL">
      <Text>Inançla Hatirlayin</Text>
    </Row>
    <Row Tag="LOC_GREAT_PEOPLE_HEROES_FAITH_RECALL_TT">
      <Text>Bu kahraman {1_Faith} [ICON_Faith] Inanç için geri çagrilabilir.</Text>
    </Row>
    <Row Tag="LOC_GREAT_PEOPLE_HEROES_INSUFFICIENT_FAITH_TT">
      <Text>[COLOR_RED]Hatirlamak için yetersiz [ICON_Faith] Inanç [ENDCOLOR]</Text>
    </Row>
    <Row Tag="LOC_GREAT_PEOPLE_HEROES_DECEASED">
      <Text>[COLOR_RED]MERHUM[ENDCOLOR]</Text>
    </Row>
  </EnglishText>
</GameData>