﻿<?xml version="1.0" encoding="utf-8"?>
<GameData>
  <EnglishText>
    <Row Tag="LOC_GREAT_PERSON_INDIVIDUAL_MATTHEW_PERRY_NAME">
      <Text>Matthew Perry</Text>
    </Row>
    <Row Tag="LOC_GREAT_PERSON_INDIVIDUAL_HIMERIOS_NAME">
      <Text>Himerios</Text>
    </Row>
    <Row Tag="LOC_GREAT_PERSON_INDIVIDUAL_HANNO_THE_NAVIGATOR_NAME">
      <Text>Navigatör Hanno</Text>
    </Row>
    <Row Tag="LOC_GREAT_PERSON_INDIVIDUAL_KAMAL_UD_DIN_BEHZAD_NAME">
      <Text>Kemāl ud-Dīn Behzād</Text>
    </Row>
    <Row Tag="LOC_GREAT_PERSON_INDIVIDUAL_HASEGAWA_TOHAKU_NAME">
      <Text>Hasegawa Tōhaku</Text>
    </Row>
    <Row Tag="LOC_GREAT_PERSON_INDIVIDUAL_WASSILY_KANDINSKY_NAME">
      <Text>Wassily Kandinsky</Text>
    </Row>
    <Row Tag="LOC_GREAT_PERSON_INDIVIDUAL_IMHOTEPI_NAME">
      <Text>Imhotep</Text>
    </Row>
    <Row Tag="LOC_GREAT_PERSON_INDIVIDUAL_SHAH_JAHAN_NAME">
      <Text>Sah Cihan</Text>
    </Row>
    <Row Tag="LOC_GREAT_PERSON_INDIVIDUAL_KENZO_TANGE_NAME">
      <Text>Kenzo Tange</Text>
    </Row>
    <Row Tag="LOC_GREAT_PERSON_INDIVIDUAL_DANDARA_NAME">
      <Text>Dandara</Text>
    </Row>
    <Row Tag="LOC_GREAT_PERSON_INDIVIDUAL_TRUNG_TRAC_NAME">
      <Text>Trung Trac</Text>
    </Row>
    <Row Tag="LOC_GREAT_PERSON_INDIVIDUAL_TUPAC_AMARU_NAME">
      <Text>Tupac Amaru</Text>
    </Row>
    <Row Tag="LOC_GREAT_PERSON_INDIVIDUAL_ZHOU_DAGUAN_NAME">
      <Text>Zhou Daguan</Text>
    </Row>
    <Row Tag="LOC_GREAT_PERSON_INDIVIDUAL_IBN_FADLAN_NAME">
      <Text>Ibn Fadlan</Text>
    </Row>
    <Row Tag="LOC_GREAT_PERSON_INDIVIDUAL_STAMFORD_RAFFLES_NAME">
      <Text>Stamford Raffles</Text>
    </Row>
    <Row Tag="LOC_GREAT_PERSON_INDIVIDUAL_ZHANG_HENG_NAME">
      <Text>Zhang Heng</Text>
    </Row>
    <Row Tag="LOC_GREAT_PERSON_INDIVIDUAL_IBN_KHALDUN_NAME">
      <Text>Ibn Haldun</Text>
    </Row>
    <Row Tag="LOC_GREAT_PERSON_INDIVIDUAL_MARGARET_MEAD_NAME">
      <Text>Margaret Mead</Text>
    </Row>
    <Row Tag="LOC_GREAT_PERSON_INDIVIDUAL_DIMITRIE_CANTEMIR_NAME">
      <Text>Dimitrie Cantemir</Text>
    </Row>
    <Row Tag="LOC_GREAT_PERSON_INDIVIDUAL_SCOTT_JOPLIN_NAME">
      <Text>Scott Joplin</Text>
    </Row>
    <Row Tag="LOC_GREAT_PERSON_INDIVIDUAL_VALMIKIY_NAME">
      <Text>Valmiki</Text>
    </Row>
    <Row Tag="LOC_GREAT_PERSON_INDIVIDUAL_RUMI_NAME">
      <Text>Rumi</Text>
    </Row>
    <Row Tag="LOC_GREAT_PERSON_INDIVIDUAL_BEATRIX_POTTER_NAME">
      <Text>Beatrix Potter</Text>
    </Row>
    <Row Tag="LOC_GREAT_PERSON_INDIVIDUAL_GABRIELA_MISTRAL_NAME">
      <Text>Gabriela Mistral</Text>
    </Row>
    <Row Tag="LOC_GREAT_PERSON_INDIVIDUAL_DANDARA_ACTIVE">
      <Text>Bir Savasçi Kesis'e 1 terfi verir.</Text>
    </Row>
    <Row Tag="LOC_GREAT_PERSON_INDIVIDUAL_TRUNG_TRAC_PERMANENT_ACTIVE">
      <Text>Imparatorlugunuzun Savas Yorgunlugunu kalici olarak 25%. azaltir</Text>
    </Row>
    <Row Tag="LOC_GREAT_PERSON_INDIVIDUAL_TUPAC_AMARU_ACTIVE">
      <Text>Hedef sehrin savunulamaz ve savunulmayan Bölgelerinin her birine bir Silahsör verir.</Text>
    </Row>
    <Row Tag="LOC_GREAT_PERSON_INDIVIDUAL_BOOST_OR_GRANT_MATHEMATICS">
      <Text>Göksel Navigasyon, Matematik ve Mühendislik için Eureka'yi tetikler [ICON_TechBoosted]. Zaten tetiklenmislerse, bunun yerine teknolojiyi tamamlar.</Text>
    </Row>
    <Row Tag="LOC_GREAT_PERSON_INDIVIDUAL_IBN_KHALDUN_CAMPUS_HOUSING">
      <Text>Seçilen Yerleske 2 [ICON_Housing] Konut ve 1 [ICON_AMENITIES] Kolaylik kazanir. Imparatorlugunuzdaki Mutlulugun [ICON_Food] Gida disi verim faydalarini 40 %. artirir.</Text>
    </Row>
    <Row Tag="LOC_GREAT_PERSON_GRANT_LOTSO_SCIENCE">
      <Text>Hibeler 1000 [ICON_SCIENCE] Bilim ve [ICON_CULTURE] Kültür (Standart hizda).</Text>
    </Row>
    <Row Tag="LOC_GREATPERSON_CITY_STATE_STEAL_ENVOYS">
      <Text>Bu sehir devletinde Suzerain olmak için yeterli [ICON_ENVOY] Elçi verir. Ardindan diger tüm oyuncularin [ICON_ENVOY] Elçilerini kaldirir.</Text>
    </Row>
    <Row Tag="LOC_GREAT_PERSON_INDIVIDUAL_HIMERIOS_ACTIVE">
      <Text>Bir askeri deniz birligine 1 terfi seviyesi ve +%25 savas deneyimi kazandirir.</Text>
    </Row>
    <Row Tag="LOC_ABILITY_HIMERIOS_BONUS_EXPERIENCE_DESCRIPTION">
      <Text>+25% Savastan kazanilan deneyim. (Himerios)</Text>
    </Row>
    <Row Tag="LOC_GREAT_PERSON_INDIVIDUAL_HANNO_THE_NAVIGATOR_FREE_UNIT">
      <Text>+2 [ICON_Movement] Hareket kabiliyetine sahip bir yakin muharebe deniz birimi olusturur.</Text>
    </Row>
    <Row Tag="LOC_GREAT_PERSON_INDIVIDUAL_IMHOTEP_PRODUCTION_ANCIENT_CLASSICAL">
      <Text>Harika yapimina 175 [ICON_Production] Üretim verir, eger harika Antik veya Klasik Cag'dan ise iki katina çikar.</Text>
    </Row>
    <Row Tag="LOC_GREATPERSON_WONDER_PURCHASE">
      <Text>Mevcut hazinenizin yarisi ile sinirli olmak üzere, harikalar insasi için [ICON_Production] Üretim verir. Ardindan [ICON_Gold] Altin miktarinizi satin alinan [ICON_Production] Üretim miktarinin iki kati kadar azaltir.</Text>
    </Row>
    <Row Tag="LOC_GREATPERSON_DISTRICT_SCIENCE_ADJACENCY_AS_TOURISM">
      <Text>Bu sehrin her bir Bölgesinde bitisiklik bonusuna esit [ICON_Tourism] Turizm saglar ([ICON_Gold] Altin için yariya indirilir).</Text>
    </Row>
    <Row Tag="LOC_GREATPERSON_GAIN_THREE_ENVOYS_HERE">
      <Text>Bu sehir devletine 3 [ICON_ENVOY] Elçi verir.</Text>
    </Row>
    <Row Tag="LOC_GREATPERSON_HAVE_A_FREE_TRADE_ROUTE">
      <Text>[ICON_TradeRoute] Ticaret Yolu kapasitesini 1 artirir. Sehir devletlerine giden [ICON_TradeRoute] Ticaret Yollariniz artik size +2 [ICON_Faith] Inanç kazandirir.</Text>
    </Row>
    <Row Tag="LOC_GREATPERSON_CITY_STATE_ABSORB_EXPANSIONS">
      <Text>Bu sehir devletini imparatorlugunuza katar. Sehirde her turda size +10 Sadakat verir.</Text>
    </Row>
    <Row Tag="LOC_GREATPERSON_CITY_STATE_ABSORB_BASE_GAME">
      <Text>Bu sehir devletini imparatorlugunuza katin.</Text>
    </Row>
    <Row Tag="LOC_GREATPERSON_IGNORE_CLOSED_BORDERS">
      <Text>Bu Büyük Insan kapali sinirlari görmezden geliyor.</Text>
    </Row>
  </EnglishText>
</GameData>