﻿<?xml version="1.0" encoding="utf-8"?>
<GameData>
  <EnglishText>
    <!--UI-->
    <Row Tag="LOC_PEDIA_CONCEPTS_PAGEGROUP_HEROES_NAME">
      <Text>Kahramanlar</Text>
    </Row>
    <Row Tag="LOC_PEDIA_PAGE_CHAPTER_HEROABILITIES_TITLE">
      <Text>Kahramanca Yetenekler</Text>
    </Row>
    <!-- Game Mode Concept -->
    <Row Tag="LOC_PEDIA_CONCEPTS_PAGE_HEROES_CHAPTER_CONTENT_TITLE">
      <Text>Kahramanlar ve Efsaneler</Text>
    </Row>
    <Row Tag="LOC_PEDIA_CONCEPTS_PAGE_HEROES_CHAPTER_WELCOME_TITLE">
      <Text>Hos geldiniz</Text>
    </Row>
    <Row Tag="LOC_PEDIA_CONCEPTS_PAGE_HEROES_CHAPTER_WELCOME_PARA_1">
      <Text>Oyun kurulumunda, oyuncular Kahramanlar ve Efsaneler oyun modunu açarak olaganüstü, güçlü Kahraman birimlerinden olusan çesitli bir kadroyu dünyaya tanitabilirler.</Text>
    </Row>
    <Row Tag="LOC_PEDIA_CONCEPTS_PAGE_HEROES_CHAPTER_DISCOVERY_TITLE">
      <Text>Kahramanlari Kesfetmek</Text>
    </Row>
    <Row Tag="LOC_PEDIA_CONCEPTS_PAGE_HEROES_CHAPTER_DISCOVERY_PARA_1">
      <Text>Bu oyun modunda on iki benzersiz Kahraman mevcuttur ve her biri uygarliginiz tarafindan sahiplenilmeden önce kesfedilmelidir. Kahramanlar siz dünyayi kesfederken ve insanlarla tanisirken sans eseri kesfedilir. Asagidaki etkinliklerin her biri yeni bir Kahraman kesfetme sansi saglar:</Text>
    </Row>
    <Row Tag="LOC_PEDIA_CONCEPTS_PAGE_HEROES_CHAPTER_DISCOVERY_PARA_2">
      <Text>[ICON_BULLET] Bir Kabile Köyüyle Karsilasmak[NEWLINE][ICON_BULLET] Bir Sehir Devletine Elçi Göndermek[ICON_ENVOY][NEWLINE][ICON_BULLET] Ilk Kez Bir Sehir Devletinin Suzerain'i Olmak[NEWLINE][ICON_BULLET] Yeni Bir Kita Kesfetmek[NEWLINE][ICON_BULLET] Bir Doga Harikasini Kesfetmek</Text>
    </Row>
    <Row Tag="LOC_PEDIA_CONCEPTS_PAGE_HEROES_CHAPTER_DISCOVERY_PARA_3">
      <Text>Bu dogal kesif firsatlarina ek olarak, yeni ve rastgele bir Kahraman kesfetmek için tekrarlanabilir [COLOR:ProductionDark]Heroic Tales[ENDCOLOR] Sehir Projesini de tamamlayabilirsiniz. Bu proje bir [COLOR:Civ6Yellow]Anit[ENDCOLOR] binasi insa eden her sehir için açilir.</Text>
    </Row>
    <Row Tag="LOC_PEDIA_CONCEPTS_PAGE_HEROES_CHAPTER_DISCOVERY_PARA_4">
      <Text>Kesfettiginiz tüm Kahramanlar hakkinda güçleri, yetenekleri ve durumlari da dahil olmak üzere tam bilgi Kahramanlar ve Büyük Insanlar ekraninda bulunabilir.</Text>
    </Row>
    <Row Tag="LOC_PEDIA_CONCEPTS_PAGE_HEROES_CHAPTER_CLAIMING_TITLE">
      <Text>Kahramanlara Sahip Cikmak</Text>
    </Row>
    <Row Tag="LOC_PEDIA_CONCEPTS_PAGE_HEROES_CHAPTER_CLAIMING_PARA_1">
      <Text>Bir veya daha fazla Kahraman kesfettiginizde, [COLOR:ProductionDark]Kahraman Adanmisligi[ENDCOLOR] Sehir Projesini tamamlayarak seçtiginiz bir Kahramani sahiplenebilirsiniz. Bu projeler her Kahraman için benzersizdir ve sehir bir [COLOR:Civ6Yellow]Anit[ENDCOLOR] binasi insa ettiginde açilir. Bir Adanmislik Projesini tamamlamak, Aniti Kahramanla kalici olarak iliskilendirir ve onlari medeniyetiniz için oyuna dahil eder.</Text>
    </Row>
    <Row Tag="LOC_PEDIA_CONCEPTS_PAGE_HEROES_CHAPTER_CLAIMING_PARA_2">
      <Text>Kahramanlar küresel olarak benzersizdir. Sadece Kahramana bir Anit adayan ilk uygarlik onlari sahiplenir ve her Anit sadece bir Kahramana adanabilir.</Text>
    </Row>
    <Row Tag="LOC_PEDIA_CONCEPTS_PAGE_HEROES_CHAPTER_CLAIMING_PARA_3">
      <Text>Birden fazla Kahraman talep etmek için birden fazla sehirde birden fazla Anit insa edebilir ve her birinde farkli bir Kahraman talep edebilirsiniz. Ancak, tüm Kahraman Adanmisligi projelerinin maliyeti tamamladiginiz her taleple birlikte artar.</Text>
    </Row>
    <Row Tag="LOC_PEDIA_CONCEPTS_PAGE_HEROES_CHAPTER_UNITS_TITLE">
      <Text>Kahraman Birimleri</Text>
    </Row>
    <Row Tag="LOC_PEDIA_CONCEPTS_PAGE_HEROES_CHAPTER_UNITS_PARA_1">
      <Text>Kahramanlar özel niteliklere sahip güçlü birimlerdir. Her birinin yalnizca kendilerinin gerçeklestirebilecegi bir veya daha fazla benzersiz yetenegi veya komutu vardir.</Text>
    </Row>
    <Row Tag="LOC_PEDIA_CONCEPTS_PAGE_HEROES_CHAPTER_UNITS_PARA_2">
      <Text>Bir Kahramanin gücü ve yetenekleri, ortaya çiktiklari Caga bagli olarak artar. Bir Kahramani oyun sirasinda birden fazla kez geri çagirdiginizda, sonraki Caglarda daha güçlü olarak geri gelirler.</Text>
    </Row>
    <Row Tag="LOC_PEDIA_CONCEPTS_PAGE_HEROES_CHAPTER_UNITS_PARA_3">
      <Text>Talep ettiginiz veya kesfettiginiz herhangi bir Kahramanin mevcut yetenekleri hakkinda tüm ayrintilari Kahramanlar ve Büyük Insanlar ekraninda bulabilirsiniz.</Text>
    </Row>
    <Row Tag="LOC_PEDIA_CONCEPTS_PAGE_HEROES_CHAPTER_LIFESPAN_TITLE">
      <Text>Kahraman Ömrü</Text>
    </Row>
    <Row Tag="LOC_PEDIA_CONCEPTS_PAGE_HEROES_CHAPTER_LIFESPAN_PARA_1">
      <Text>Tüm Kahraman birimlerinin [ICON_Lifespan] Ömür adi verilen özel bir özelligi vardir. Bir Kahraman oyuna girdiginde, oyunda kalabilecegi sinirli sayida tur vardir. Kahraman [ICON_Lifespan] Ömrü dolmadan önce öldürülmez veya yok edilmezse, [ICON_Lifespan] Ömrü sifira ulastiginda otomatik olarak oyundan çikar. Bir Kahramanin [ICON_Lifespan] Ömrü, Kahraman seçildiginde HUD'da görüntülenir.</Text>
    </Row>
    <Row Tag="LOC_PEDIA_CONCEPTS_PAGE_HEROES_CHAPTER_RECALLING_TITLE">
      <Text>Kahramanlari Hatirlamak</Text>
    </Row>
    <Row Tag="LOC_PEDIA_CONCEPTS_PAGE_HEROES_CHAPTER_RECALLING_PARA_1">
      <Text>Bir Kahraman oyundan ayrildiktan sonra, her Cagda bir kez, onlari ilk sahiplenen ayni sehirde [ICON_Faith] Inanç ile satin alinarak geri çagrilabilirler. Kahramanlar Caglar boyunca birden fazla kez geri çagrilabilir, ancak belirli bir Kahramani geri çagirmanin maliyeti her seferinde artar.</Text>
    </Row>
    <Row Tag="LOC_PEDIA_CONCEPTS_PAGE_HEROES_CHAPTER_RECALLING_PARA_2">
      <Text>Bir Kahramani yalnizca ilk talep eden oyuncu ve yalnizca Anitinin bulundugu sehirde geri çagirabilir. Bir Kahramani talep ettiginiz bir sehrin kontrolünü kaybederseniz, sehrin kontrolünü tekrar ele geçirene kadar o Kahramani geri çagiramazsiniz. Sehir yerle bir edilirse, Kahramani hiç geri çagiramazsiniz.</Text>
    </Row>
    <Row Tag="LOC_PEDIA_CONCEPTS_PAGE_HEROES_CHAPTER_GREATWORKS_TITLE">
      <Text>Kahramanca Büyük Eserler</Text>
    </Row>
    <Row Tag="LOC_PEDIA_CONCEPTS_PAGE_HEROES_CHAPTER_GREATWORKS_PARA_1">
      <Text>Bu mod yeni bir Büyük Eser türü içerir: Kahramanlik Yadigâri. Bir Anit bir Kahramana adandiginda, iki Kahramanlik Yadigâri Büyük Eser yuvasi kazanir. Bir Kahramanin oyundaki ilk görünümü sona erdikten sonra (öldürüldükleri veya [ICON_Lifespan] Yasam Süreleri doldugu için), arkalarinda iki benzersiz [ICON_GreatWork_HeroRelic] Kahramanlik Kalintisi birakirlar: bir Kahramanlik Destani ve bir Kahramanlik Sembolü. Kahramanlik Destanlari otomatik olarak Kahramanin mense sehrindeki Anita yerlestirilir. Kahramanlik Sembolleri [ICON_RESOURCE_ANTIQUITY_SITE] Antik Siteler olarak gizlenir ve bu özelligin kilidini açtiktan sonra Arkeologlar tarafindan kazilabilir.</Text>
    </Row>
    <Row Tag="LOC_PEDIA_CONCEPTS_PAGE_HEROES_CHAPTER_GREATWORKS_PARA_2">
      <Text>[ICON_BULLET] Kahramanlik Destani, Kahramanin yasaminin ve yaptiklarinin bir tarihçesidir. Otomatik olarak olusturulur ve Kahramanin Aniti binasina yerlestirilir.</Text>
    </Row>
    <Row Tag="LOC_PEDIA_CONCEPTS_PAGE_HEROES_CHAPTER_GREATWORKS_PARA_3">
      <Text>[ICON_BULLET] Kahramanlik Sembolü Kahramanla iliskilendirilen ünlü bir nesnedir. Kahramanin oyundan ayrildiginda bulundugu yere yakin bir arsaya bir [ICON_RESOURCE_ANTIQUITY_SITE] Antik Site olarak yerlestirilir. Arkeologlarin kilidini açtiginizda ve bölgeyi kazabildiginizde, Kahramanlik Sembolü kurtarilabilir ve Kahramanin Anit binasina yerlestirilebilir.</Text>
    </Row>
    <!--Hero Units-->
    <!--Anansi-->
    <Row Tag="LOC_PEDIA_UNITS_PAGE_UNIT_HERO_ANANSI_CHAPTER_HISTORY_PARA_1">
      <Text>Anansi bir örümcek için çok yol kat etmistir. Günümüz Gana'sindaki Akan halkina ait bir dizi masalin bazen insan, bazen örümcek, bazen de düzenbaz kahramani olan Anansi, Bati Afrika halklariyla birlikte gittikleri her yere, özellikle de Yeni Dünya'daki kölelestirilmis Afrika halklari arasinda seyahat eden hikayelerin kahramanidir. Burada, bazen "Kompa Nanzi" ya da hatta "Nancy Teyze" olarak yeniden adlandirilan Anansi (Anansi normalde bir erkek olarak tasvir edilse de), zekâlarini ve kurnazliklarini kullanarak kendilerini ezenlere karsi koymak isteyen daha az güçlü konumdakiler için bir ilham kaynagi olmaya devam etmektedir. Diger kahramanlar ve tanrilar güçlü silahlara sahip olabilirken, Anansi'nin hikayeleri vardir.</Text>
    </Row>
    <Row Tag="LOC_PEDIA_UNITS_PAGE_UNIT_HERO_ANANSI_CHAPTER_HISTORY_PARA_2">
      <Text>Önceleri, gök-tanri Nyame tüm hikayeleri kendine saklardi. Anansi gidip onlari istedi, ancak Nyame ona dünyanin en tehlikeli yaratiklarini bir araya getirmeyi içeren bir dizi imkansiz görünen görev verdi. Anansi bunu dogrudan degil, büyük canavarlarin kibir ve gururlarini onlara karsi kullanarak yapti. Örnegin, büyük pitonun "yanlislikla" Anansi'nin yilanin yakindaki bir dal kadar uzun olmadigini tahmin etmesine kulak misafiri olmasina izin verdi ve piton Anansi'ye uzunlugunu göstermek için agacin yanina uzandiginda, Anansi onu dala bagladi ve yakaladi. Nyame, Anansi'nin zekasini gördükten sonra, o noktadan sonra tüm hikayelerin örümcege ait olmasi gerektigini kabul etti ve bu yüzden Bati Afrikalilar Nyame hikayeleri degil Anansi hikayeleri anlatiyorlar.</Text>
    </Row>
    <Row Tag="LOC_PEDIA_UNITS_PAGE_UNIT_HERO_ANANSI_CHAPTER_HISTORY_PARA_3">
      <Text>Anansi her zaman erdemli bir kahraman degildir. Diger birçok düzenbaz gibi o da çogu zaman bencil olabilir ve özellikle bu zamanlarda planlari genellikle ters gider. Ancak o, geçinmek için hizli düsünmeye bel baglamak zorunda kalanlar için uygun bir kahramandir.</Text>
    </Row>
    <!--Arthur-->
    <Row Tag="LOC_PEDIA_UNITS_PAGE_UNIT_HERO_ARTHUR_CHAPTER_HISTORY_PARA_1">
      <Text>Kral Arthur'un hikayesi, sözlü efsaneden ortaçag romantizmine, Romantik edebiyat klasiginden bilim kurguya kadar bas döndürücü sayida sekilde anlatilmis ve yeniden anlatilmistir. O kadar çok anlatilmistir ki efsanenin kökenini bulmak zordur, ancak Lancelot, Guinevere, Arthur ve Yuvarlak Masa'nin basrolde oldugu pastisleri ortaya çikarmak zor degildir. Neredeyse tüm masallarda Arthur, tehlikeli ama genellikle dindar görevler üstlenen bir grup asil sövalyeyi bir araya getiren bilge bir kraldir. Britanya Adalari'nin her yerinde Arthur'a atifta bulunuldugu iddia edilse de, en eski anlatimlarda Arthur, topraklarini istilacilardan koruyan Galli ya da Breton bir kahramandir - bu, Karanlik Caglar boyunca Germen Angles, Sakson ve Danimarkalilarin istilalariyla karsi karsiya kalan Brythonic (Britanya) Keltlerinin aklinda olan bir seydir.</Text>
    </Row>
    <Row Tag="LOC_PEDIA_UNITS_PAGE_UNIT_HERO_ARTHUR_CHAPTER_HISTORY_PARA_2">
      <Text>Ortaçagdaki haliyle Arthur'un hikayesi trajik bir hikayedir. Cocukken, bir gün Britanya krali olacaginin isareti olan büyülü kiliç Excalibur'u bir tastan çikararak kaderini önceden belirlemistir. Zamanla dürüst bir kral olur. Yuvarlak Masa sövalyeleri ve kendisi, en ünlüsü Kutsal Kase'yi - Isa Mesih'in çarmihta asili dururken kaninin aktigi varsayilan kadehi - aramak olan bir dizi macera yasarlar. Bu sövalyelerin en ünlüsü olan Lancelot, Arthur'un kraliçesi Guinevere'e asik olur ve ikisi bir iliski yasamaya baslar. Öfkelenen Arthur kraliçeyi ölüme mahkum eder, ancak Lancelot kahramanca onu kurtarir ve böylece iki eski arkadas arasinda bir savasa neden olur.</Text>
    </Row>
    <Row Tag="LOC_PEDIA_UNITS_PAGE_UNIT_HERO_ARTHUR_CHAPTER_HISTORY_PARA_3">
      <Text>Yerel söylentilere göre Avalon topraklarinda bir yerde dinlenmekte ve Ingiltere tekrar tehdit altina girdiginde günü kurtarmayi beklemektedir. Popüler tasvirlerin aksine, hemen bese siçramadan üçe kadar sayabilir ve tavsanlarla olagandisi bir sorunu yokmus gibi görünür.</Text>
    </Row>
    <!--Beowulf-->
    <Row Tag="LOC_PEDIA_UNITS_PAGE_UNIT_HERO_BEOWULF_CHAPTER_HISTORY_PARA_1">
      <Text>Beowulf'un hikayesi MS 1000 civarinda Eski Ingilizce olarak yazilmistir ve bu da onu bu dilde günümüze ulasan ilk eserlerden biri yapmaktadir. Beowulf, bugünkü Isveç'in bir bölümünde yasayan Geatlarin bir kahramanidir. Topraklari Grendel adinda bir canavar tarafindan saldiriya ugrayan Danimarkalilarin krali Hrothgar'in salonuna gelir - belki de tematik olarak Iskandinav efsanesindeki trollerle iliskili, ancak siirin Incil'deki Kabil'in lanetli bir soyu olarak tanimladigi yamyam bir canavar.</Text>
    </Row>
    <Row Tag="LOC_PEDIA_UNITS_PAGE_UNIT_HERO_BEOWULF_CHAPTER_HISTORY_PARA_2">
      <Text>Beowulf, Grendel için bir tuzak kurar. Tipki canavarin kurbanlarinin yaptigi gibi, salonda uyuyormus gibi yapar. O gece, soguk bir sis ve onunla birlikte canavar içeri girer. Beowulf silahlarini birakir, gücünü canavara karsi esit olarak test etmek ister. Ikisi kollarini kavusturur ve siddetli bir bogusmanin ardindan Beowulf çiplak elleriyle Grendel'in kollarindan birini koparir. Ölümcül sekilde yaralanan trol, topallayarak evine geri döner. Orada, Grendel'in bataklik cadisi annesi ölmek üzere olan oglunu alir ve öfkeden kudurur  Beowulf tekrar savasmak zorundadir.</Text>
    </Row>
    <Row Tag="LOC_PEDIA_UNITS_PAGE_UNIT_HERO_BEOWULF_CHAPTER_HISTORY_PARA_3">
      <Text>Beowulf, yillarca hüküm sürecegi Geat'lerin ülkesine zaferle döner, ancak yeni ve daha ölümcül bir kötülük uyanir. Ininden bir ejderha çikar ve nefesiyle kirlari atese verir. Her zamanki gibi gururlu olan Beowulf, canavarla tek basina savasmakta israr eder, ancak genç bir savasçi olan Wiglaf, yasli kralin ölüme gittigini görerek itaatsizlik eder ve kralin yaninda kalir. Dövüste ejderha öldürülür, ancak Beowulf zehirli disleri tarafindan isirilir ve ölür. Wiglaf krali deniz kenarindaki uzun bir mezarliga gömer.</Text>
    </Row>
    <Row Tag="LOC_PEDIA_UNITS_PAGE_UNIT_HERO_BEOWULF_CHAPTER_HISTORY_PARA_4">
      <Text>Beowulf her zaman bugün oldugu gibi bir klasik olarak görülmemistir. J. R. R. Tolkien'den baskasi siirin sadece bir halk hikâyesi olarak degil, bir destan olarak ciddiye alinmasini savunmamistir.  Siir hem bir savasçinin gücünün yüceltilmesini hem de gurura karsi uyarilar tasir - hem Hrothgar'in zenginligiyle gurur duymasi hem de Beowulf'un kendi gücüyle gurur duymasi. Tarihsel olarak Beowulf, sözde Hiristiyanlasmis bir halkin pagan geçmisiyle mücadele ettigi bir zaman diliminin eseri ve Ingiltere'nin Iskandinav mirasinin bir simgesi olmaya devam etmektedir.</Text>
    </Row>
    <!--Hercules-->
    <Row Tag="LOC_PEDIA_UNITS_PAGE_UNIT_HERO_HERCULES_CHAPTER_HISTORY_PARA_1">
      <Text>Herakles -Ingilizcede daha çok bilinen adiyla Hercules- Zeus'un ogludur ve iyi bir muhakeme olmasa da gücü simgeleyen bir kahramandir. Zeus'un karisi Hera, Zeus'un birçok iliskisinden birinin ürünü oldugu için Herakles'ten nefret ediyor ve elinden geldigince onu mahvetmeye çalisiyordu. Bu, Hera'nin bebek Herakles'i öldürmek için yilanlar göndermesiyle besikte baslamistir. O zaman bile çocuk yilanlarin üstesinden gelecek kadar güçlüydü ve gücü daha da artti. Ancak bilgeligi fiziksel gücüne ayak uyduramadi: Herakles müzik ögretmenini bir lirle öldürdü, yakin bir arkadasini (babasini ve kardeslerini de öldürdü) bir duvardan asagi atti, haberci Lichas'i denize atti ve en trajik olani da kendi çocuklarini öldürdü.</Text>
    </Row>
    <Row Tag="LOC_PEDIA_UNITS_PAGE_UNIT_HERO_HERCULES_CHAPTER_HISTORY_PARA_2">
      <Text>Bu son eylemi, Hera tarafindan bir kez daha lanetlendikten sonra bir çilginlik nöbeti sirasinda yapmistir. Bu eylemin kefaretini ödemek için Herakles ünlü Görevlerini üstlendi: korkunç bir aslani öldürmek (daha sonra derisini giydi)  kani zehirli olan ve biri kesildiginde iki basini yeniden çikaran çok basli bir yilan olan hydrayi yenmek  Amazonlarin Kraliçesi Hippolyta'nin kusagini çalmak  ve bir dizi baska canavar öldürme, canli hayvan çalma, ahir temizleme gibi seyler.</Text>
    </Row>
    <Row Tag="LOC_PEDIA_UNITS_PAGE_UNIT_HERO_HERCULES_CHAPTER_HISTORY_PARA_3">
      <Text>Herakles'in hikâyesi trajik bir sekilde sona erer. Bir sentor karisini çalmaya çalisirken, Herakles onu hidranin zehirli kanina batirdigi oklarla vurur. Sentor ölürken, Herakles'in karisina, sehvetli sentorun kaniyla islanmis tuniginin Herakles'in ona daha derinden asik olmasina neden olacagini fisildar. Kadin Herakles'i buna ikna eder ve Herakles zehirden korkunç bir sekilde ölerek, bir Yunan tanrisinin fizigine sahipken gömlek giymemenin faydalari hakkinda hepimize güçlü bir ders verir.</Text>
    </Row>
    <Row Tag="LOC_PEDIA_UNITS_PAGE_UNIT_HERO_HERCULES_CHAPTER_HISTORY_PARA_4">
      <Text>Herakles ölümünden sonra uzun bir kariyere sahip olmustur. En yüce tanrinin oglu olan ve trajik bir sekilde öldürülen bir kahramanin hikayesi Roma döneminde Akdeniz'de çekici bir hikayeydi ve Herkül büyük bir takipçi kitlesi gelistirdi. Hindistan'da bile Yunan esintili Gandhara heykeltiraslari Buda'nin koruyucusu Vajrapani'yi ikonik sopasi ve aslan postuyla Herkül olarak tasvir etmislerdir.</Text>
    </Row>
    <!--Himiko-->
    <Row Tag="LOC_PEDIA_UNITS_PAGE_UNIT_HERO_HIMIKO_CHAPTER_HISTORY_PARA_1">
      <Text>Bugün bir efsane figürü olsa da, Kraliçe Himiko muhtemelen gerçek bir kisiydi. Cinlilerin Wa olarak adlandirdigi adalardaki - bugünkü Japonya - Yamatai'nin kraliçesiydi. Cin kayitlarinda Himiko, Cao Wei kralligina hediyeler göndermistir: M.S. 3. yüzyilda Cin'i aralarinda paylasan üç devletten en kuzeyde olani. Bu kayitlarda Himiko, Cin imparatoru tarafindan "Wa (Japonya) Kraliçesi ve Wei'nin dostu" olarak adlandirilmistir.</Text>
    </Row>
    <Row Tag="LOC_PEDIA_UNITS_PAGE_UNIT_HERO_HIMIKO_CHAPTER_HISTORY_PARA_2">
      <Text>Himiko'nun hikayesinin ilginçlestigi yer büyücülük suçlamalaridir. Cin kaynaklari Himiko'nun Wa'da yasayan herkesi büyüleyerek yönetimine boyun egdirdigini, büyük bir satoda yasadigini ve tamamen kadin hizmetçiler ve muhafizlar (ona yemek getiren bir erkek hariç) tarafindan korundugunu ve nadiren disari çiktigini anlatir. Bu mistik ün, Himiko'yu bir dizi ilahi varlikla özdeslestiren Japon kayitlarinda daha da pekistirilmistir: Japon günes tanriçasi Amaterasu'nun yüksek samani ya da ilahi bir yilanin saman esi olarak. Bu son hikayede Himiko (Yamato-toto-hi-momo-so-bime no Mikoto adiyla tanimlanir) açikça ilahi bir varlikla mutlu bir evliligi vardir, ancak bu varlik sadece geceleri ziyaret etmektedir. Onu günes isiginda görebilmek için sabaha kadar kalmasi için yalvarir, ancak o bunu reddeder. Sonunda onu ikna eder ve ona onu tuvalet çantasinda görecegini, ancak görünüsü karsisinda sok olmayacagina söz vermesi gerektigini söyler. Ertesi sabah çantayi açtiginda, içinde kivrilmis güzel beyaz bir yilan vardir. Himiko panik içinde soluk soluga kalir ve tanri-yilan insan formuna geri döner. Kizgindir, ona tepki vermemesi için uyarildigini ve simdi onu terk etmesi gerektigini söyler. Himiko kederinden kendini biçaklar.</Text>
    </Row>
    <Row Tag="LOC_PEDIA_UNITS_PAGE_UNIT_HERO_HIMIKO_CHAPTER_HISTORY_PARA_3">
      <Text>Himiko'yu çevreleyen çok çesitli hikayeler olaganüstü bir kadinin portresini çizmektedir. Bir kraliçenin ve samanin özelliklerini bir araya getirmistir ki bu, yasadigi dönemde büyük ölçüde ataerkil olan vakanüvisleri rahatsiz etmis olmalidir. Hikayesi, karizmatik insanlarin üzerimizde kurabilecegi neredeyse uhrevi etkiye isaret ediyor. Japonya'daki popüler temsillerde bazen bir bastan çikarici, bazen de bilge bir yasli kraliçe olarak karsimiza çiksa da her zamanki gibi popülerligini korumaktadir.</Text>
    </Row>
    <!--Hippolyta-->
    <Row Tag="LOC_PEDIA_UNITS_PAGE_UNIT_HERO_HIPPOLYTA_CHAPTER_HISTORY_PARA_1">
      <Text>Hippolyta, Yunan savas tanrisi Ares'in kizlari oldugu düsünülen ve tamami kadinlardan olusan bir savasçi kabilesi olan Amazonlarin kraliçesidir. Savastan zevk alirlar ve yilda bir kez komsu kabilenin erkeklerini ziyaret etmelerine ragmen kocalari ve ogullari reddederlerdi. Yunanlilar onlari dogu sinirlarinin hemen ötesine, genellikle Karadeniz'in kenarlarindaki Küçük Asya'ya yerlestirmislerdir. Belki de efsaneleri Yunanlilarin uygarlik olarak kabul ettikleri sinirlarin disinda farkli bir toplum hayal etmelerinin bir yoluydu ya da belki de Iskitler veya o bölgedeki diger halklar arasinda savasçi kadinlar için bir tür tarihsel emsal vardi.</Text>
    </Row>
    <Row Tag="LOC_PEDIA_UNITS_PAGE_UNIT_HERO_HIPPOLYTA_CHAPTER_HISTORY_PARA_2">
      <Text>Hippolyta, Herakles'in (Herkül) yer aldigi birkaç hikâyede geçen bir figürdür. Kendisini savasta koruyan sihirli bir kusaga sahipti ve Herakles'in görevlerinden biri bunu ondan çalmakti - efsanevi güçlü adam için bile oldukça zorlu bir görevdi. Efsanenin bazi versiyonlarina göre, Herakles Amazon'u büyüledi ve bu Hera'yi o kadar kizdirdi ki tanriça Hippolyta'nin Amazonlarini saldirmaya tesvik etti.</Text>
    </Row>
    <Row Tag="LOC_PEDIA_UNITS_PAGE_UNIT_HERO_HIPPOLYTA_CHAPTER_HISTORY_PARA_3">
      <Text>"Amazon" adi Hippolyta'dan bu yana geçen yillar içinde çok kullanildi. Ispanyol kasif Francisco de Orellana, daha sonra Brezilya'ya dönüsecek olan bölgede karsilastigi yerli halka, kadinlarin erkeklerle birlikte savasmasi nedeniyle bu ismi vermistir. Hatta o kadar iyi savasiyorlardi ki, de Orellana yerel gruplarla girdigi bir çatismanin ardindan adini verdigi nehirde ölecekti.</Text>
    </Row>
    <!--Hunahpu & Xbalanque-->
    <Row Tag="LOC_PEDIA_UNITS_PAGE_UNIT_HERO_HUNAHPU_CHAPTER_HISTORY_PARA_1">
      <Text>Birçok Amerikan yerli mitolojisinde sihirli bir çift ikizin hikayesi vardir. K'iche' Maya Popol Vuh'unda bu "Kahraman Ikizler" Hunahpú ve kardesi Xbalanqué'dir. Onlarin hikayesi, yeralti dünyasinin korkunç tanrilari Xibalba'nin güçlerini nasil kaybettiklerine dair bir hikayedir. Hikaye baska bir kardes grubuyla baslar: Ikizlerin babasi ve amcasi, yeralti tanrilari tarafindan ihanete ugramislardir. Xibalba'da Mezoamerikan top oyunu oynamaya davet edildiler, ancak oyunda hile yapildi ve kaybedenler kurban edildi.</Text>
    </Row>
    <Row Tag="LOC_PEDIA_UNITS_PAGE_UNIT_HERO_HUNAHPU_CHAPTER_HISTORY_PARA_2">
      <Text>Yillar sonra Hunahpú ve Xbalanqué babalarinin eski top oyunu ekipmanlarini buldular, hikayeyi anladilar ve kendi maçlari için pratik yapmaya basladilar. Bunu gören karanlik lordlar ikizleri bir maç yapmaya davet etti. Kahraman Ikizler bunun bir tuzak oldugunu biliyorlardi ama yine de gittiler. Oyunlar kabus gibiydi - gizli biçaklari olan bir top, uçan jiletlerle dolu atlet yuvasi ve son olarak Hunahpú'nun kellesine (geçici olarak) mal olan korkunç yarasa tanrisi Camazotz'un ininde bir gece.</Text>
    </Row>
    <Row Tag="LOC_PEDIA_UNITS_PAGE_UNIT_HERO_HUNAHPU_CHAPTER_HISTORY_PARA_3">
      <Text>Ikizler her oyunu kazanmalarina ragmen, zafer aninda son bir tuzaga kurban gitmis gibi göründüler ve ikisini de yakan bir firina girdiler. Xibalba'nin lordlari Kahraman Ikizlerin yeniden dirilme sanatinda ustalastiklarini bilmiyorlardi. Yanarak kül olmalarina ragmen Xibalba'da yeniden dogdular ve orada yasayanlarin arasinda gizlenerek yasadilar. Ölüleri geri getirebilen büyücüler gibi davrandilar ve onlari öldürüp sonra geri getirerek karanlik lordlara numaralarini göstermeyi teklif ettiler. Ancak bu baska bir numaraydi - Kahraman Ikizler yeralti dünyasinin en yüksek tanrilarini öldürdüklerinde kimliklerini açiga çikardilar ve babalarinin katillerini diriltmeyi sevinçle reddettiler.</Text>
    </Row>
    <Row Tag="LOC_PEDIA_UNITS_PAGE_UNIT_HERO_HUNAHPU_CHAPTER_HISTORY_PARA_4">
      <Text>Top oyunu gibi, Kahraman Ikiz hikayeleri de çok uzaklara gitmistir. Maya'dan Navajo'ya, Mississippian'dan Ho-Chunk'a kadar çesitli mitolojilerde bulunabilirler.</Text>
    </Row>
    <!--Maui-->
    <Row Tag="LOC_PEDIA_UNITS_PAGE_UNIT_HERO_MAUI_CHAPTER_HISTORY_PARA_1">
      <Text>"Polinezya" terimi, Maori Aotearoa'sindan (Yeni Zelanda) Hawaii'ye ve aradaki bölgeleri kapsayan gevsek bir terimdir. Tüm bu bölgeyi tek bir terimle, "Polinezya" olarak adlandirmak büyük bir basitlestirme olsa da, bu genis alanda paylasilan mitler ve efsaneler, Ingilizceye tabu ve mana kelimeleri olarak girmis kavramlar vardir. Bu ortak efsanelerden biri de Maui efsanesidir.</Text>
    </Row>
    <Row Tag="LOC_PEDIA_UNITS_PAGE_UNIT_HERO_MAUI_CHAPTER_HISTORY_PARA_2">
      <Text>Maori efsanesinde Maui'nin baslangici pek de iyi degildir. Annesi tarafindan denize atilir ve sadece tanri Ragni onu besledigi için hayatta kalir. Geri döndügünde, derinliklerde ögrendigi sihri göstererek kazanmayi basardigi dört süpheci kardesle karsi karsiya kalir. Daha sonra bildigimiz dünyanin yaratilmasina yardim etmeye baslar. Kardesleri ona balik yemi vermeyi reddettiginde, büyülü bir çene kemigi alir ve Yeni Zelanda'nin Kuzey Adasi'na dönüsen güçlü baligi yakalamak için kendi kaniyla yemler. Gerekli ritüelleri yerine getirecek bir rahip (tohunga) bulmak için gittiginde, kardesleri gelip baligi oymaya basladilar, bu yüzden Aotearoa'nin bir baligin bögrü gibi düz bir ovasi degil, daglari ve vadileri vardir. Dünyayi degistirmeye devam eder: insanlar için atesi bulur, ilk köpegi yaratir ve benzerlerini yapar.</Text>
    </Row>
    <Row Tag="LOC_PEDIA_UNITS_PAGE_UNIT_HERO_MAUI_CHAPTER_HISTORY_PARA_3">
      <Text>Son görevi insanlik için ölümsüzlügü kazanmakti ve bunu yapmak için uzanmis bir tanriçanin bedenine sürünerek girmesi gerekiyordu. Hikayeye göre bunu kimse ona gülmeden yapmak zorundaydi. Eger tüm yolu geçebilirse, tanriça ölecek ve insanlik sonsuza dek yasayacakti. Cesitli kus sürülerinden olusan arkadaslari ellerinden geleni yapmislar ama gülmekten kendilerini alamamislar ve böylece Maui ölmüs, hepimiz de ölmeliyiz.</Text>
    </Row>
    <Row Tag="LOC_PEDIA_UNITS_PAGE_UNIT_HERO_MAUI_CHAPTER_HISTORY_PARA_4">
      <Text>Maui, Polinezya toplumlari sömürgeciligin ardindan kendilerini yeniden ortaya koyarken Polinezya genelinde önemli bir figür olmaya devam ediyor. Aotearoa, Hawaii, Tonga, Tahiti ve Samoa'da ve diger yerlerde yerel mitlere ve geleneklere duyulan yeni saygi, Maui'nin hikayesinin yeni anlatimlari ve mitine yeni yorumlar ve anlamlar anlamina geliyor.</Text>
    </Row>
    <!--Mulan-->
    <Row Tag="LOC_PEDIA_UNITS_PAGE_UNIT_HERO_MULAN_CHAPTER_HISTORY_PARA_1">
      <Text>6. yüzyildan kalma Mulan Baladi söyle baslar: "Bir iç çekisin sesi birbiri ardina gelir \ Mulan kapi esiginde örgü örerken." Kizin ailesi, Cin'in Kuzey Wei hanedanligini kuran göçebe bir Türk veya Mogol halki olan Tuoba Han'inin tebaasidir ve yasli babasi Han'in ordusunda savasmak üzere askere alinmistir. Mulan babasinin yerine askere yazilmaya karar verir ve yoldaslari onun aslinda bir kadin oldugunu asla ögrenmeden orduda cesurca savasir.</Text>
    </Row>
    <Row Tag="LOC_PEDIA_UNITS_PAGE_UNIT_HERO_MULAN_CHAPTER_HISTORY_PARA_2">
      <Text>En azindan antik siire göre hikaye budur. Ancak evlat dindarligi, görev ve cesaret efsanesi daha sonraki anlaticilara ilham vermistir. Sui Tang Romance, hikayeyi Sui Hanedanligi'nda, Ballad'in yazildigi dönemde ve bir savas döneminde geçiyor. Burada masala bir dizi yeni unsur eklenmistir. Mulan hâlâ bir Türk Kaganinin tebaasidir, ancak isyanci Dou Jiande tarafindan esir alinir ve kisa sürede Dou'nun kiziyla arkadas olur. Daha sonra, Dou Cin imparatoruna karsi ayaklanma suçundan yargilanirken iki kadin kendi hayatlarini feda ederler. Imparator onlarin sadakatinden o kadar etkilenir ki Mulan'in ailesini zengin tarim arazilerine yerlestirmeyi teklif eder, ancak Mulan eve döndügünde babasinin çoktan öldügünü ve annesinin yeniden evlendigini görür. Trajik bir sekilde Mulan intihar eder, en azindan bu versiyonda.</Text>
    </Row>
    <Row Tag="LOC_PEDIA_UNITS_PAGE_UNIT_HERO_MULAN_CHAPTER_HISTORY_PARA_3">
      <Text>Mulan muhtemelen tarihsel bir figür degildi, ancak ünü tarihselligine dayanmiyor. Babasina olan bagliligi ve onun için hayatini riske atma istegiyle, Cin erdemi olan xiào - evlat dindarligi - kisinin ebeveynlerine ve atalarina duydugu saygi ve onurun yani sira savas alanindaki cesaretin de bir örnegidir.</Text>
    </Row>
    <!--Oya-->
    <Row Tag="LOC_PEDIA_UNITS_PAGE_UNIT_HERO_OYA_CHAPTER_HISTORY_PARA_1">
      <Text>Firtinalar Karayip ve Bati Afrika kiyilarini vurdugunda, kasirgalar bir köyü yikip geçtiginde, Yoruba ve Yeni Dünya Afrika dinlerinin takipçileri bunun Oya'nin gücü olduguna inanirlar. Bati Afrika'nin Yoruba halki, dört yüz bir ayri tanrisi olan zengin bir dini gelenege sahiptir. Yorubalar kölelestirilip Karayipler'deki kolonilere getirildiklerinde, gelenekleri Hiristiyanlikla kaynasarak Haiti Vodun'u gibi yeni dinler olusturmustur. Afrika'da Oya bir orisadir, bir zamanlar insan olan (ya da ruh olan ve sonra ete kemige bürünen) bir tanriçadir. Adi kelimenin tam anlamiyla "yirtan" anlamina gelir ve bu nedenle degisim, rüzgarlar ve firtinalarin tanriçasi ve Nijer nehrinin hükümdaridir. Haiti'de Oya, Katolikler için Kildare'li Aziz Brigid olan Irlandali loa (orisha'nin Haiti versiyonu) Maman Brigette'e dönüsür.</Text>
    </Row>
    <Row Tag="LOC_PEDIA_UNITS_PAGE_UNIT_HERO_OYA_CHAPTER_HISTORY_PARA_2">
      <Text>Oya, gök gürültüsü tanrisi Shango'nun kiz kardesidir ve esleri arasinda geveze tanriya sadik kalan tek kisidir. Savas için yola çiktiklarinda bunu birlikte yaparlar  Oya önce rüzgâri getirir, Shango da yildirimla onu takip eder.</Text>
    </Row>
    <Row Tag="LOC_PEDIA_UNITS_PAGE_UNIT_HERO_OYA_CHAPTER_HISTORY_PARA_3">
      <Text>Ikili zaman zaman birbirleriyle de kavga eder. Bir keresinde, Oya'nin kafasinda iki bufalo boynuzu vardi ve bir kavganin ortasinda, Shango'yu parçalamak amaciyla onlarla Shango'ya saldirdi. Shango karsilik vermemis  bunun yerine Oya'ya en sevdigi yemegi sunmus: akara (fasulye keki). Oya o kadar memnun oldu ki boynuzlarini ona teslim etti. Artik Shango'nun basi belaya girdiginde Oya'yi çagirmak için tek yapmasi gereken boynuzlari birbirine vurmak ve Oya'nin rüzgarin tüm öfkesiyle gelmesi.</Text>
    </Row>
    <Row Tag="LOC_PEDIA_UNITS_PAGE_UNIT_HERO_OYA_CHAPTER_HISTORY_PARA_4">
      <Text>Oya'ya Afrika ve Karayipler'de hala aktif olarak tapilmaktadir. Bir takipçisi transa girip ele geçirildiginde, gürültülü ve küfürbaz olmasiyla ünlüdür, ancak rüzgar gibi, saglam bir sekilde kök salmis görünen her seyi sarsmayi vaat eder.</Text>
    </Row>
    <!--Sinbad-->
    <Row Tag="LOC_PEDIA_UNITS_PAGE_UNIT_HERO_SINBAD_CHAPTER_HISTORY_PARA_1">
      <Text>Denizci Sinbad'in hikayesi Binbir Gece Masallari'nin son versiyonlarindan gelmektedir ve Arabistan'in altin çaginda, Harun El-Rasid döneminde geçmektedir. Sinbad'in hikayesi, cesareti, zekasi ve çekiciliginin giderek daha tehlikeli hale gelen bir dizi yolculukta hayatta kalmasini sagladigi bir hikayedir. Sinbad'in hikâyelerinin yapisi basittir: Yelken açar, bir dizi fantastik ve tehlikeli canavarla veya diger düsmanlarla karsilasir ve üstesinden gelir (veya onlari alt eder) ve zenginlikle geri döner. Bu iyi isleyen bir formüldür.</Text>
    </Row>
    <Row Tag="LOC_PEDIA_UNITS_PAGE_UNIT_HERO_SINBAD_CHAPTER_HISTORY_PARA_2">
      <Text>Bir yolculukta Sinbad kendini gerçekten bir balina olan bir adada kazazede olarak bulur ve ardindan dev bir karga, elmaslarla süslü bir vadide yasayan ve aksam yemegi için dev yilanlari avlayan bir kartal tarafindan götürülür. Diger yolculuklarinda Sinbad krallari büyülemek, tek gözlü devlerle yüzlesmek ve köylülerin hepsinin uyusturucu bir bitkiye bagimli oldugu bir adada akli basinda kalmak zorundadir.</Text>
    </Row>
    <Row Tag="LOC_PEDIA_UNITS_PAGE_UNIT_HERO_SINBAD_CHAPTER_HISTORY_PARA_3">
      <Text>Bu hikâyelerden bazilari size tanidik geliyorsa, yanilmiyorsunuz. Sinbad'in hikayelerinden bazilari Odysseus'un yolculuklarindan alinmistir, örnegin Tepegöz ve Nilüfer Yiyenler. Bati Avrupa Karanlik Cag'in kaosuna kapilmisken, Orta Dogu, Yunanistan ve Roma'dan gelen tüm bilgelik ve ögrenimin deposuydu ve Ipek Yolu'nun ihtisamiyla baglantiliydi. Bu sonuncusu da hikayelerin kaynagiydi: karga ve yilan efsaneleri, canavar garuda kusu ve onun yilansi naga avinin Hint hikayelerine çok benzer. O halde Sinbad'in yolculuklari, dünyanin tam kalbinde yer alan bir imparatorlugun zenginligini ve hayal gücünü yansitmaktadir.</Text>
    </Row>
    <!--Sun Wukong-->
    <Row Tag="LOC_PEDIA_UNITS_PAGE_UNIT_HERO_WUKONG_CHAPTER_HISTORY_PARA_1">
      <Text>Cin efsanesinin en bilinen ve en sevilen karakterlerinden biri olan Maymun Kral Sun Wukong'un etrafini saran muazzam sayida hikaye vardir. Onun ilham kaynagi çok çesitli kaynaklardir. Cin, MS 150 civarinda Han Hanedanligi döneminde Hindistan'dan Budizm'i ithal ettiginde, en iyi yardimci yildizi maymunlarin efendisi ve kahraman Rama'nin sadik yardimcisi Hanuman olan Ramayana da dahil olmak üzere bir dizi Hint efsanesi ortaya çikmistir. Maymunlar önceki Cin hanedanlarinda zaten ugurlu hayvanlar olarak görüldügünden, sihirli bir maymun kral fikri son derece popülerdi ve kendi basina bir hayat kazandi.</Text>
    </Row>
    <Row Tag="LOC_PEDIA_UNITS_PAGE_UNIT_HERO_WUKONG_CHAPTER_HISTORY_PARA_2">
      <Text>Sun Wukong kahramanlarin en asili degildir. Zaman zaman bencil, zaman zaman öngörülemez ve her zaman yaramazdir. Ancak Loki gibi daha seytani hileci tanrilarin aksine, Sun Wukong nihayetinde iyilik için bir güçtür... kontrol edilebildiginde.</Text>
    </Row>
    <Row Tag="LOC_PEDIA_UNITS_PAGE_UNIT_HERO_WUKONG_CHAPTER_HISTORY_PARA_3">
      <Text>Günes, Cennet'in tüm ordularindan daha güçlüdür. Denizin ejderha kralindan çaldigi silahlara sahiptir  bunlarin arasinda baska hiçbir varligin kullanamayacagi kadar agir ama Maymun Kral'in kulaginda saklayabilecegi kadar küçülebilen altin bir asa, uçan botlar ve büyülü zirhlar vardir. Bu hirsizliklardan dolayi ölüme mahkum edildiginde, sadece Yasam ve Ölüm Kitabi'ni çalar ve adini (ve tanidigi tüm maymunlarin adlarini) ondan siler. Böylece, tüm tanrilar ve Cennet'in tüm ordulari onu durduramayinca, tanrilar gücü en büyük olan ve maymunu avucuna hapseden Buda'ya basvururlar.</Text>
    </Row>
    <Row Tag="LOC_PEDIA_UNITS_PAGE_UNIT_HERO_WUKONG_CHAPTER_HISTORY_PARA_4">
      <Text>Ancak Sun Wukong'un hikâyesi bu kadarla kalmaz. Yüzyillar sonra, tanriça Guan Yin, kutsal Budist sutralarini almak için Hindistan'a giden kesis Tang Sanzang'i korumasi için kahramani görevlendirir. Guan Yin onu kontrol etmek için, Sikma Sutrasi'ni okudugunda aci verici bir sekilde sikan büyülü bir halka takmasi için kandirir - bazen Merhamet Tanriçasi'nin bile sert olmasi gerekir. Yolcular, yasayan Buddha'nin kutsal metinleri kesise verdigi Hindistan'a giderken canavarlar ve fantastik arazilerle karsilasirlar.</Text>
    </Row>
    <Row Tag="LOC_PEDIA_UNITS_PAGE_UNIT_HERO_WUKONG_CHAPTER_HISTORY_PARA_5">
      <Text>Sun Wukong, Cin medyasinda popüler bir figür olmaya devam etmektedir ve birçok filmin yildizi olmustur. Dogu Asya'da ve Güneydogu Asya'daki Cin diasporasinda da popülerdir.</Text>
    </Row>
    <!--Questing Knight-->
    <Row Tag="LOC_PEDIA_UNITS_PAGE_UNIT_QUESTING_KNIGHT_CHAPTER_HISTORY_PARA_1">
      <Text>Yuvarlak Masa Sövalyeleri, 12. yüzyil ve sonrasina ait Fransiz ve Ingiliz efsanelerine göre Kral Arthur tarafindan bir araya getirilmis bir grup savasçiydi. Hem ortaçag sövalye romanslarinin hem de günümüz peri masallarinin klasikleri olan bu hikayeler, bu sövalyelerin eylemlerine odaklanmistir. Klasik öykülerde sövalyelerin maceralari onurun savunulmasi ya da Hiristiyan dindarligi etrafinda dönüyordu. Örnegin Gawain'in masalinda sövalyeye, Yuvarlak Masa'nin onuruyla alay eden tuhaf bir "Yesil Sövalye" meydan okur. Yesil Sövalye Gawain'e kafasini kesmesi için meydan okur, Gawain de Yesil Sövalye'nin aynisini kendisine yapmasina izin verir. Orkney'in dis adalarindan gelen kaba saba bir sövalye olan Gawain bunu kabul eder, ancak Yesil Sövalye onu sasirtarak kesik basini omuzlarina koyar ve bir sonraki yil Gawain'i kabul edecegini açiklar. Bu elbette bir onur sinavidir - Gawain muhtemelen ölümüne sebep olacak seye gelecek midir, yoksa kanonik olmayan Sir Robin'in deyimiyle "cesurca korkup kaçacak midir?" Gawain elbette sadik kalir ve Masa'nin onuru korunur.</Text>
    </Row>
    <Row Tag="LOC_PEDIA_UNITS_PAGE_UNIT_QUESTING_KNIGHT_CHAPTER_HISTORY_PARA_2">
      <Text>Elbette en ünlü arayis, Isa Mesih'in çarmihta ölürken kanini aldigi söylenen kâse olan Kutsal Kâse içindi (en azindan Robert de Boron'un 12. ve 13. yüzyildaki anlatilarindan itibaren), ancak diger anlatilarda Kâse bir Komünyon gofreti tutacagi ya da Lucifer'in isyani sirasinda tarafsiz kalan melekleri içeren bir tas olarak yer almaktadir.</Text>
    </Row>
    <Row Tag="LOC_PEDIA_UNITS_PAGE_UNIT_QUESTING_KNIGHT_CHAPTER_HISTORY_PARA_3">
      <Text>En ünlü sövalyeler arasinda saf Galahad, cesur Lancelot, kudretli Gawain ve "Galahad sahneye çikmadan önce saf olan" Percival yer alirken  Kay, Bedivere, Bors ve tabii ki "Bu Oyunda Görünmeyen Sör" de dahil olmak üzere yüzlerce sövalye daha vardir.</Text>
    </Row>
  </EnglishText>
</GameData>