﻿<?xml version="1.0" encoding="utf-8"?>
<!-- edited with XMLSPY v2004 rel. 2 U (http://www.xmlspy.com) by Ed Beach (Firaxis Games) -->
<GameData>
  <EnglishText>
    <Row Tag="LOC_TUTORIAL_FIRST_TIME_DRAMATIC_AGES">
      <Text>Dramatik Çağlar etkinleştirildiğinde, her Çağın riskleri çok daha yüksektir! İlk Çağın yanı sıra, her Çağ, medeniyetinizin Çağ Puanına bağlı olarak Altın veya Karanlık olacaktır. İçinde bulunduğunuz Çağdaki veya daha sonraki Çağlardaki Teknolojileri ve Yurttaşlıkları tamamlayarak Çağ Puanı kazanırsınız. Eğer bir Altın Çağ kazanırsanız, fazla Çağ Puanı ekstra Sadakat baskısına dönüşür, bu da komşunuz Karanlık Çağa düşmüşse önemli bir faktör olabilir. Buna ek olarak, hükümetinizin Wildcard yuvasında kullanabileceğiniz güçlü Politika kartlarına erişiminiz olacak ancak dikkat edin - Karanlık Çağ'a girmek bazı şehirlerinizin isyan edeceği anlamına gelir!</Text>
    </Row>
    <Row Tag="LOC_TUTORIAL_DRAMATIC_AGES_FIRST_GOLDEN_AGE">
      <Text>Altın Çağ'a girdiniz! Artık hükümetinizdeki Wildcard yuvasında kullanabileceğiniz Altın Politikalara erişiminiz var. Ayrıca, geçen Çağdan kalan fazla Çağ Puanı, artan Sadakat baskısına dönüştürüldü - şimdi bunu kullanmanın tam zamanı!</Text>
    </Row>
    <Row Tag="LOC_TUTORIAL_DRAMATIC_AGES_FIRST_DARK_AGE">
      <Text>Uygarlığınız Karanlık Çağ'a girdi. Bazı şehirleriniz isyan etti ve Özgür Şehirlere katıldı - bunlar düşmanca olacak! Bir teselli olarak, artık işleri tersine çevirmek için kullanabileceğiniz Karanlık Politikalara erişiminiz var.</Text>
    </Row>
  </EnglishText>
</GameData>