﻿<?xml version="1.0" encoding="utf-8"?>
<GameData>
  <EnglishText>
    <Row Tag="LOC_BUILDING_STATUE_OF_ZEUS_NAME">
      <Text>Zeus Heykeli</Text>
    </Row>
    <Row Tag="LOC_BUILDING_STATUE_OF_ZEUS_DESCRIPTION">
      <Text>3 Okçu, 3 Mızrakçı ve bir Koçbaşı verir. Süvari karşıtı birimlere yönelik +%50 [ICON_PRODUCTION] Üretim. Kışlası olan bir Kamp bölgesine bitişik düz bir arazi üzerine inşa edilmelidir.</Text>
    </Row>
    <Row Tag="LOC_BUILDING_BIOSPHERE_NAME">
      <Text>Biosphère</Text>
    </Row>
    <Row Tag="LOC_BUILDING_BIOSPHERE_DESCRIPTION">
      <Text>Tamamlandığında, bu şehirdeki her Bataklık, Yağmur Ormanı ve Orman için 100 [ICON_SCIENCE] Bilim kazanın. İmparatorluğunuzdaki Yağmur Ormanı ve Bataklığa bitişik karolara +1 Cazibe. Bir Mahalle bölgesine bitişik bir Nehir boyunca inşa edilmelidir.</Text>
    </Row>
    <Row Tag="LOC_BUILDING_BIOSPHERE_EXPANSION2_DESCRIPTION">
      <Text>Tüm Açık Deniz Rüzgar Çiftlikleri, Güneş Çiftlikleri, Rüzgar Çiftlikleri, Jeotermal Santraller ve Hidroelektrik Barajlar için +%200 [ICON_POWER] Güç. Bu bina ve bu iyileştirmeler, [ICON_POWER] Güçlerine eşit [ICON_TOURISM] Turizm sağlar. İmparatorluğunuzdaki Yağmur Ormanı ve Bataklığa bitişik karelere +1 Cazibe. Bir Mahalle bölgesine bitişik bir Nehir boyunca inşa edilmelidir.</Text>
    </Row>
    <Row Tag="LOC_TOURISM_LENS_GREEN_ENERGY_TOOLTIP">
      <Text>Ziyaretçiler yeşil Güç kaynaklarınıza hayran kalıyor.[NEWLINE]Üretim +{1_CurrentTourists} [ICON_Tourism] Turizm[NEWLINE]</Text>
    </Row>
    <Row Tag="LOC_BUILDING_STATUE_OF_ZEUS_QUOTE">
      <Text>"Tanrının başında zeytin bir taç vardı; sağ elinde kanatlı bir Zafer figürü taşıyordu"[NEWLINE]- Samuel Augustus Mitchell</Text>
    </Row>
    <Row Tag="LOC_BUILDING_BIOSHPERE_QUOTE">
      <Text>"Cennet başımızın üstünde olduğu kadar ayaklarımızın da altındadır"[NEWLINE]- Henry David Thoreau</Text>
    </Row>
  </EnglishText>
</GameData>