﻿<?xml version="1.0" encoding="utf-8"?>
<GameData>
  <EnglishText>
    <!--Ambiorix-->
    <Row Tag="LOC_DIPLO_ACCEPT_DECLARE_FRIEND_FROM_HUMAN_LEADER_AMBIORIX_ANY">
      <Text>Aferin! Akrabayız!</Text>
    </Row>
    <Row Tag="LOC_DIPLO_REJECT_DECLARE_FRIEND_FROM_HUMAN_LEADER_AMBIORIX_ANY">
      <Text>Galyalıların hayatını senin ellerine bırakamam.</Text>
    </Row>
    <Row Tag="LOC_DIPLO_DECLARE_FRIEND_FROM_AI_LEADER_AMBIORIX_ANY">
      <Text>Benimle el ele verin ve halkımız birlikte rakiplerimizi ezip geçsin!</Text>
    </Row>
    <Row Tag="LOC_DIPLO_ACCEPT_DECLARE_FRIEND_FROM_AI_LEADER_AMBIORIX_ANY">
      <Text>Kampıma hoş geldiniz! Dolapta elinde kılıçla saklanan kimse olmadığına söz veriyorum. Şu anda.</Text>
    </Row>
    <Row Tag="LOC_DIPLO_REJECT_DECLARE_FRIEND_FROM_AI_LEADER_AMBIORIX_ANY">
      <Text>Anlıyorum. Dikkatli olmalısın.</Text>
    </Row>
    <Row Tag="LOC_DIPLO_DECLARE_WAR_FROM_HUMAN_LEADER_AMBIORIX_ANY">
      <Text>Barış boğucudur. Sadece savaşta kimin daha büyük şef olduğunu görebiliriz.</Text>
    </Row>
    <Row Tag="LOC_DIPLO_DECLARE_WAR_FROM_AI_LEADER_AMBIORIX_ANY">
      <Text>Daha önce savaşta birçok düşmanımı yendim ve sonunda gücümü sizinkiyle karşılaştıracağım!</Text>
    </Row>
    <Row Tag="LOC_DIPLO_ACCEPT_DELEGATION_FROM_HUMAN_LEADER_AMBIORIX_ANY">
      <Text>Heyetinizi bir ava bizzat ben götürdüm! Yeterliydiler.</Text>
    </Row>
    <Row Tag="LOC_DIPLO_REJECT_DELEGATION_FROM_HUMAN_LEADER_AMBIORIX_ANY">
      <Text>Hayır, ne kadar hediye getirirlerse getirsinler, kapılarımı adamlarınıza açmayacağım.</Text>
    </Row>
    <Row Tag="LOC_DIPLO_DELEGATION_FROM_AI_LEADER_AMBIORIX_ANY">
      <Text>Elçilerimiz yanlarında tuzlanmış jambonlar, vahşi av hayvanları ve fıçı fıçı şarap taşıyor! Gelin, ziyafet çekelim!</Text>
    </Row>
    <Row Tag="LOC_DIPLO_DENOUNCE_FROM_HUMAN_LEADER_AMBIORIX_ANY">
      <Text>Tüm Galyalılar adınızı duyunca, karanlık işlerinize, işlediğiniz suçlara tükürüyor. Tüm dünyaya senin bizim can düşmanımız olduğunu söyleyeceğim!</Text>
    </Row>
    <Row Tag="LOC_DIPLO_DENOUNCE_FROM_AI_LEADER_AMBIORIX_ANY">
      <Text>Siz hilekârlık ve korkaklığın erdem olduğunu sanıyorsunuz ama ben, Ambiorix, sizin ne olduğunuzu görüyorum. Zamanla dünyanın geri kalanı da görecek! (Seni İhbar Ediyor)</Text>
    </Row>
    <Row Tag="LOC_DIPLO_FIRST_MEET_LEADER_AMBIORIX_ANY">
      <Text>Tüm gördüğünüz Galyalıların toprakları ve ben de onların şefi Ambiorix'im.</Text>
    </Row>
    <Row Tag="LOC_DIPLO_FIRST_MEET_VISIT_RECIPIENT_LEADER_AMBIORIX_ANY">
      <Text>Şehrime gelir misiniz? Söz veriyorum, içilmesi tamamen güvenli ve hiç de zehirli olmayan bir şarap fıçısı açtık.</Text>
    </Row>
    <Row Tag="LOC_DIPLO_FIRST_MEET_NEAR_INITIATOR_POSITIVE_LEADER_AMBIORIX_ANY">
      <Text>Evet.</Text>
    </Row>
    <Row Tag="LOC_DIPLO_FIRST_MEET_NO_MANS_INFO_EXCHANGE_LEADER_AMBIORIX_ANY">
      <Text>Gelin, siz bana topraklarınızdakileri anlatırsanız, ben de size Galya'nın şehirlerini anlatırım.</Text>
    </Row>
    <Row Tag="LOC_DIPLO_GREETING_LEADER_AMBIORIX_ANY">
      <Text>İyi karşılaştık.</Text>
    </Row>
    <Row Tag="LOC_DIPLO_KUDO_EXIT_LEADER_AMBIORIX_ANY">
      <Text>Ne kadar çok asker var! Ha ha! Şunlara bir bakın!</Text>
    </Row>
    <Row Tag="LOC_DIPLO_WARNING_EXIT_LEADER_AMBIORIX_ANY">
      <Text>Topraklarınız sessiz ve huzurlu. Ve zayıf.</Text>
    </Row>
    <Row Tag="LOC_DIPLO_MAKE_ALLIANCE_FROM_AI_LEADER_AMBIORIX_ANY">
      <Text>Kimsenin birbirine ihanet edemeyeceği bağlayıcı bir anlaşma imzalayalım. Bu sefer ciddiyim.</Text>
    </Row>
    <Row Tag="LOC_DIPLO_MAKE_PEACE_AI_ACCEPT_DEAL_LEADER_AMBIORIX_ANY">
      <Text>Evet, silahlarımızı bırakalım. Galya'dan korkmanıza gerek yok. Söz veriyorum!</Text>
    </Row>
    <Row Tag="LOC_DIPLO_MAKE_PEACE_AI_REFUSE_DEAL_LEADER_AMBIORIX_ANY">
      <Text>Zayıf! Güçlerinizi topraklarınızdan atacağız!</Text>
    </Row>
    <Row Tag="LOC_DIPLO_MAKE_PEACE_FROM_AI_LEADER_AMBIORIX_ANY">
      <Text>Savaş alanından sıkıldım. Şimdilik dinlenelim.</Text>
    </Row>
    <Row Tag="LOC_DIPLO_ACCEPT_OPEN_BORDERS_FROM_HUMAN_LEADER_AMBIORIX_ANY">
      <Text>Halkınız Galya'da yürüyebilir.</Text>
    </Row>
    <Row Tag="LOC_DIPLO_REJECT_OPEN_BORDERS_FROM_HUMAN_LEADER_AMBIORIX_ANY">
      <Text>Galya'nın güvenliği duvarlarında ve sınırlarındadır. Hayır.</Text>
    </Row>
    <Row Tag="LOC_DIPLO_OPEN_BORDERS_FROM_AI_LEADER_AMBIORIX_ANY">
      <Text>Birliklerim geçmek istiyor. Gaesatae'nin pantolon giyeceğine söz veriyoruz.</Text>
    </Row>
    <Row Tag="LOC_DIPLO_WARNING_TOO_MANY_TROOPS_NEAR_ME_LEADER_AMBIORIX_ANY">
      <Text>Askerlerin ellerinde silahlarla yakınlarda pusuya yatmış. Ben onları göndermeden sen onları gönder.</Text>
    </Row>
    <Row Tag="LOC_DIPLO_WARNING_TOO_MANY_TROOPS_NEAR_ME_AI_RESPONSE_NEGATIVE_LEADER_AMBIORIX_ANY">
      <Text>Galyalılar istedikleri yerde dolaşırlar.</Text>
    </Row>
    <Row Tag="LOC_DIPLO_WARNING_TOO_MANY_TROOPS_NEAR_ME_AI_RESPONSE_POSITIVE_LEADER_AMBIORIX_ANY">
      <Text>Galya size zarar vermek istemiyor... bugün. Geri çekileceğiz.</Text>
    </Row>
    <Row Tag="LOC_DIPLO_DEFEAT_FROM_AI_LEADER_AMBIORIX_ANY">
      <Text>Ne güç ama! Belki de seni daha önce hafife almışımdır. Şimdi, yenilmişken, sana hak ettiğin saygıyı göstereceğim.</Text>
    </Row>
    <Row Tag="LOC_DIPLO_REJECT_MAKE_DEAL_FROM_AI_LEADER_AMBIORIX_ANY">
      <Text>Senin küçük numaralarına kanmayacağım.</Text>
    </Row>
    <Row Tag="LOC_DIPLO_ACCEPT_MAKE_DEAL_FROM_AI_LEADER_AMBIORIX_ANY">
      <Text>Şimdilik kabul ediyoruz.</Text>
    </Row>
    <!-- Basil-->
    <Row Tag="LOC_DIPLO_ACCEPT_DECLARE_FRIEND_FROM_HUMAN_LEADER_BASIL_ANY">
      <Text>İnsanlarımız bir arada! Benimkiler biraz daha yüksekte duruyor ama ne demek istediğimi anladınız.</Text>
    </Row>
    <Row Tag="LOC_DIPLO_REJECT_DECLARE_FRIEND_FROM_HUMAN_LEADER_BASIL_ANY">
      <Text>Henüz kendinizi İmparatorluğun dostu olarak adlandıracak kadar değerli değilsiniz.</Text>
    </Row>
    <Row Tag="LOC_DIPLO_DECLARE_FRIEND_FROM_AI_LEADER_BASIL_ANY">
      <Text>Gelin! Roma'nın görkemiyle arkadaş olun! Tanrı'nın dostu olun!</Text>
    </Row>
    <Row Tag="LOC_DIPLO_ACCEPT_DECLARE_FRIEND_FROM_AI_LEADER_BASIL_ANY">
      <Text>Roma'nın, Tanrı'nın ve benim tarafımı seçtiniz.</Text>
    </Row>
    <Row Tag="LOC_DIPLO_REJECT_DECLARE_FRIEND_FROM_AI_LEADER_BASIL_ANY">
      <Text>Arkadaş mı? Seninle mi? Hayır.</Text>
    </Row>
    <Row Tag="LOC_DIPLO_DECLARE_WAR_FROM_HUMAN_LEADER_BASIL_ANY">
      <Text>Şehirlerinizi yerle bir ettikten sonra tarihçilerime imparatorluğunuzu gelecek için kaydetmelerini söyleyeceğim.</Text>
    </Row>
    <Row Tag="LOC_DIPLO_DECLARE_WAR_FROM_AI_LEADER_BASIL_ANY">
      <Text>Savaştan daha azını hak etmiyorsunuz, ama bol merhametimle bunu kısa ve kararlı yapacağım.</Text>
    </Row>
    <Row Tag="LOC_DIPLO_ACCEPT_DELEGATION_FROM_HUMAN_LEADER_BASIL_ANY">
      <Text>Heyetinize İmparatorluğun harikaları gösterildi. Umarım topraklarınıza dönmeye razı olurlar.</Text>
    </Row>
    <Row Tag="LOC_DIPLO_REJECT_DELEGATION_FROM_HUMAN_LEADER_BASIL_ANY">
      <Text>Onlardan zaten var. Teşekkürler ama kalsın.</Text>
    </Row>
    <Row Tag="LOC_DIPLO_DELEGATION_FROM_AI_LEADER_BASIL_ANY">
      <Text>Size Anadolu'nun tüm lezzetlerini gönderiyoruz: mayalanmış mırrı, zeytinyağı, şarap, kefalotyri. Umarım bunların kıymetini bilecek zevke sahipsinizdir.</Text>
    </Row>
    <Row Tag="LOC_DIPLO_DENOUNCE_FROM_HUMAN_LEADER_BASIL_ANY">
      <Text>Deccal! Barbar! Kafir! İşlerinizin iğrençliği dünyadaki tüm acıların kaynağıdır!</Text>
    </Row>
    <Row Tag="LOC_DIPLO_DENOUNCE_FROM_AI_LEADER_BASIL_ANY">
      <Text>Sapkınlık ve kötülük topraklarınızdan sızıyor ve dünyayı lekeliyor! Yakında çürümüşlüğünüzü temizleyeceğim gün gelecek. (Sizi kınıyor)</Text>
    </Row>
    <Row Tag="LOC_DIPLO_FIRST_MEET_LEADER_BASIL_ANY">
      <Text>Basil'in önünde duruyorsun, Romalıların Otokratı ve İmparatoru, düşmanlarımın belası. Roma'ya bakın!</Text>
    </Row>
    <Row Tag="LOC_DIPLO_FIRST_MEET_VISIT_RECIPIENT_LEADER_BASIL_ANY">
      <Text>Hipodromda Yeşiller ve Maviler arasında bir yarışma ayarladık. Gelip bahse girmek ister misiniz?</Text>
    </Row>
    <Row Tag="LOC_DIPLO_FIRST_MEET_NEAR_INITIATOR_POSITIVE_LEADER_BASIL_ANY">
      <Text>Evet.</Text>
    </Row>
    <Row Tag="LOC_DIPLO_FIRST_MEET_NO_MANS_INFO_EXCHANGE_LEADER_BASIL_ANY">
      <Text>Size yeni Roma'nın ihtişamını göstereyim, siz de bana nereden geldiğinizi anlatın.</Text>
    </Row>
    <Row Tag="LOC_DIPLO_GREETING_LEADER_BASIL_ANY">
      <Text>Bana yaklaşabilirsin.</Text>
    </Row>
    <Row Tag="LOC_DIPLO_KUDO_EXIT_LEADER_BASIL_ANY">
      <Text>Kararlı eylemleriniz, büyük zaferleriniz, hepsi Tanrı'nın bir armağanıdır. O'na teşekkür ettiğinizden emin olun.</Text>
    </Row>
    <Row Tag="LOC_DIPLO_WARNING_EXIT_LEADER_BASIL_ANY">
      <Text>Haysiyet, onur, dindarlık ve bir yöneticiyi adil kılan her şeyden yoksunsunuz. Belki de beni taklit etmelisin.</Text>
    </Row>
    <Row Tag="LOC_DIPLO_MAKE_ALLIANCE_FROM_AI_LEADER_BASIL_ANY">
      <Text>Birlikte, Tanrı'nın lütfuyla zenginleşelim.</Text>
    </Row>
    <Row Tag="LOC_DIPLO_MAKE_PEACE_AI_ACCEPT_DEAL_LEADER_BASIL_ANY">
      <Text>Tanrı'nın lütfu üzerimizde olsun. Barışa kavuşalım.</Text>
    </Row>
    <Row Tag="LOC_DIPLO_MAKE_PEACE_AI_REFUSE_DEAL_LEADER_BASIL_ANY">
      <Text>Tanrı hala kötülüğünüze dayanamıyor! Hayır! Hayır!</Text>
    </Row>
    <Row Tag="LOC_DIPLO_MAKE_PEACE_FROM_AI_LEADER_BASIL_ANY">
      <Text>İmparatorluk barışa hazır. Siz hazır mısınız?</Text>
    </Row>
    <Row Tag="LOC_DIPLO_ACCEPT_OPEN_BORDERS_FROM_HUMAN_LEADER_BASIL_ANY">
      <Text>Askerlerinize topraklarımızdan geçerken Tanrı'dan rahmet diliyorum.</Text>
    </Row>
    <Row Tag="LOC_DIPLO_REJECT_OPEN_BORDERS_FROM_HUMAN_LEADER_BASIL_ANY">
      <Text>Barbarların İmparatorluğa ayak basmasına izin vermeyeceğiz. Bu sizin için de geçerli.</Text>
    </Row>
    <Row Tag="LOC_DIPLO_OPEN_BORDERS_FROM_AI_LEADER_BASIL_ANY">
      <Text>İmparatorluk lejyonlarının topraklarınızdan geçmesine izin verecek misiniz?</Text>
    </Row>
    <Row Tag="LOC_DIPLO_WARNING_TOO_MANY_TROOPS_NEAR_ME_LEADER_BASIL_ANY">
      <Text>Bayraklarınızı taşıyan silahlı adamlar sınırlarıma yığıldı. Gitmeliler.</Text>
    </Row>
    <Row Tag="LOC_DIPLO_WARNING_TOO_MANY_TROOPS_NEAR_ME_AI_RESPONSE_NEGATIVE_LEADER_BASIL_ANY">
      <Text>Lejyonlara ben emir veririm, sen değil.</Text>
    </Row>
    <Row Tag="LOC_DIPLO_WARNING_TOO_MANY_TROOPS_NEAR_ME_AI_RESPONSE_POSITIVE_LEADER_BASIL_ANY">
      <Text>Lejyonlar barış adına başka bir yere gidecekler.</Text>
    </Row>
    <Row Tag="LOC_DIPLO_DEFEAT_FROM_AI_LEADER_BASIL_ANY">
      <Text>Tanrı lütfunu benden çekti mi ki Roma düşsün? Oh, ne felaket!</Text>
    </Row>
    <Row Tag="LOC_DIPLO_REJECT_MAKE_DEAL_FROM_AI_LEADER_BASIL_ANY">
      <Text>Teklifiniz Roma'ya yakışmıyor.</Text>
    </Row>
    <Row Tag="LOC_DIPLO_ACCEPT_MAKE_DEAL_FROM_AI_LEADER_BASIL_ANY">
      <Text>Bu hem İmparatorluk hem de sizin için iyi bir anlaşma.</Text>
    </Row>
  </EnglishText>
</GameData>