﻿<?xml version="1.0" encoding="utf-8"?>
<!-- edited with XMLSPY v2004 rel. 2 U (http://www.xmlspy.com) by Jon Shafer (Firaxis Games) -->
<GameData>
  <Language_en_US>
    <Row Tag="TXT_KEY_LEADER_AUGUSTUS_AGREE_SHORT_1">
      <Text>Cok iyi.</Text>
    </Row>
    <Row Tag="TXT_KEY_LEADER_AUGUSTUS_AGREE_SHORT_2">
      <Text>Tamam.</Text>
    </Row>
    <Row Tag="TXT_KEY_LEADER_AUGUSTUS_AGREE_SHORT_3">
      <Text>Kesinlikle.</Text>
    </Row>
    <Row Tag="TXT_KEY_LEADER_AUGUSTUS_AGREE_SHORT_4">
      <Text>Kabul edildi.</Text>
    </Row>
    <Row Tag="TXT_KEY_LEADER_AUGUSTUS_AGREE_SHORT_5">
      <Text>Oh, çok iyi.</Text>
    </Row>
    <Row Tag="TXT_KEY_LEADER_AUGUSTUS_AGREE_SHORT_6">
      <Text>Sanirim yapmaliyim.</Text>
    </Row>
    <Row Tag="TXT_KEY_LEADER_AUGUSTUS_AGREE_SHORT_7">
      <Text>Mükemmel.</Text>
    </Row>
    <Row Tag="TXT_KEY_LEADER_AUGUSTUS_ATTACKED_1">
      <Text>Ne kadar aptalca bir hayat ve hazine israfi - buna pisman olacaksiniz.</Text>
    </Row>
    <Row Tag="TXT_KEY_LEADER_AUGUSTUS_ATTACKED_2">
      <Text>Kötü bir hesap hatasi yaptiniz - sonunuz kesin.</Text>
    </Row>
    <Row Tag="TXT_KEY_LEADER_AUGUSTUS_ATTACKED_3">
      <Text>Cok cesur ama bir o kadar da aptalca. Keske cesaretine denk bir beynin olsaydi.</Text>
    </Row>
    <Row Tag="TXT_KEY_LEADER_AUGUSTUS_DECLAREWAR_1">
      <Text>Gök gürültüsü adina, yüce Roma'ya yaptiginiz hakaretlerin bedelini ödeyeceksiniz. Ölmeye hazirlanin!</Text>
    </Row>
    <Row Tag="TXT_KEY_LEADER_AUGUSTUS_DECLAREWAR_2">
      <Text>Hazinem azaldi ve askerlerim huzursuzlaniyor. Bu yüzden ölmelisin.</Text>
    </Row>
    <Row Tag="TXT_KEY_LEADER_AUGUSTUS_DECLAREWAR_3">
      <Text>Babam Tanri Julius'un ruhu adina yemin ederim ki günleriniz sayili. Savasa hazirlanin.</Text>
    </Row>
    <Row Tag="TXT_KEY_LEADER_AUGUSTUS_DEFEATED_1">
      <Text>Zaferiniz için sizi kutluyorum.</Text>
    </Row>
    <Row Tag="TXT_KEY_LEADER_AUGUSTUS_DEFEATED_2">
      <Text>Isimizi bitirdiniz. Yenildik.</Text>
    </Row>
    <Row Tag="TXT_KEY_LEADER_AUGUSTUS_DEFEATED_3">
      <Text>Tanrilar Roma'dan iyiliklerini çektiler. Yenildik.</Text>
    </Row>
    <Row Tag="TXT_KEY_LEADER_AUGUSTUS_DEMANDTRIBUTE_ANGRY">
      <Text>Hayatta kalmak istiyorsaniz bize hemen asagidakileri vereceksiniz.</Text>
    </Row>
    <Row Tag="TXT_KEY_LEADER_AUGUSTUS_DEMANDTRIBUTE_HAPPY">
      <Text>Lütfen bize asagidaki bilgileri verin.</Text>
    </Row>
    <Row Tag="TXT_KEY_LEADER_AUGUSTUS_DEMANDTRIBUTE_NEUTRAL">
      <Text>Bize istedigimizi verin ya da sonuçlarina katlanin.</Text>
    </Row>
    <Row Tag="TXT_KEY_LEADER_AUGUSTUS_DISAGREE_SHORT_1">
      <Text>Hayir.</Text>
    </Row>
    <Row Tag="TXT_KEY_LEADER_AUGUSTUS_DISAGREE_SHORT_2">
      <Text>Kesinlikle olmaz.</Text>
    </Row>
    <Row Tag="TXT_KEY_LEADER_AUGUSTUS_DISAGREE_SHORT_3">
      <Text>Reddediyoruz.</Text>
    </Row>
    <Row Tag="TXT_KEY_LEADER_AUGUSTUS_DISAGREE_SHORT_4">
      <Text>Tabii ki hayir.</Text>
    </Row>
    <Row Tag="TXT_KEY_LEADER_AUGUSTUS_DISAGREE_SHORT_5">
      <Text>Bu kabul edilemez.</Text>
    </Row>
    <Row Tag="TXT_KEY_LEADER_AUGUSTUS_DISAGREE_SHORT_6">
      <Text>Ciddi olamazsin!</Text>
    </Row>
    <Row Tag="TXT_KEY_LEADER_AUGUSTUS_DISAGREE_SHORT_7">
      <Text>Pardon?</Text>
    </Row>
    <Row Tag="TXT_KEY_LEADER_AUGUSTUS_FIRSTGREETING_1">
      <Text>Selamlar. Ben Augustus, Roma Imparatoru ve Pontifex Maximus'um. Eger Roma'nin dostuysaniz, hos geldiniz.</Text>
    </Row>
    <Row Tag="TXT_KEY_LEADER_AUGUSTUS_FIRSTGREETING_2">
      <Text>Hos geldiniz. Roma müttefiklerine karsi dürüst, düsmanlarina karsi ölümdür. Siz hangisisiniz?</Text>
    </Row>
    <Row Tag="TXT_KEY_LEADER_AUGUSTUS_FIRSTGREETING_3">
      <Text>Hos geldiniz! Roma, varliginizla onur duymaktadir.</Text>
    </Row>
    <Row Tag="TXT_KEY_LEADER_AUGUSTUS_GOODBYE_1">
      <Text>Iyi günler.</Text>
    </Row>
    <Row Tag="TXT_KEY_LEADER_AUGUSTUS_GOODBYE_2">
      <Text>Elveda.</Text>
    </Row>
    <Row Tag="TXT_KEY_LEADER_AUGUSTUS_GOODBYE_3">
      <Text>Güle güle.</Text>
    </Row>
    <Row Tag="TXT_KEY_LEADER_AUGUSTUS_GOODBYE_4">
      <Text>Tekrar görüsene kadar.</Text>
    </Row>
    <Row Tag="TXT_KEY_LEADER_AUGUSTUS_GOODBYE_5">
      <Text>Simdi git buradan.</Text>
    </Row>
    <Row Tag="TXT_KEY_LEADER_AUGUSTUS_GOODBYE_6">
      <Text>Buradaki isimiz bitti.</Text>
    </Row>
    <Row Tag="TXT_KEY_LEADER_AUGUSTUS_GREETING_1">
      <Text>Hos geldiniz.</Text>
    </Row>
    <Row Tag="TXT_KEY_LEADER_AUGUSTUS_GREETING_2">
      <Text>Merhaba.</Text>
    </Row>
    <Row Tag="TXT_KEY_LEADER_AUGUSTUS_GREETING_3">
      <Text>Selamlar.</Text>
    </Row>
    <Row Tag="TXT_KEY_LEADER_AUGUSTUS_GREETING_4">
      <Text>Iyi günler.</Text>
    </Row>
    <Row Tag="TXT_KEY_LEADER_AUGUSTUS_GREETING_5">
      <Text>Oh, sensin.</Text>
    </Row>
    <Row Tag="TXT_KEY_LEADER_AUGUSTUS_GREETING_6">
      <Text>Eee?</Text>
    </Row>
    <Row Tag="TXT_KEY_LEADER_AUGUSTUS_GREETING_7">
      <Text>Ne istiyorsun?</Text>
    </Row>
    <Row Tag="TXT_KEY_LEADER_AUGUSTUS_LETSHEARIT_1">
      <Text>Devam et.</Text>
    </Row>
    <Row Tag="TXT_KEY_LEADER_AUGUSTUS_LETSHEARIT_2">
      <Text>Devam edin.</Text>
    </Row>
    <Row Tag="TXT_KEY_LEADER_AUGUSTUS_LETSHEARIT_3">
      <Text>Dinliyorum.</Text>
    </Row>
    <Row Tag="TXT_KEY_LEADER_AUGUSTUS_LETSHEARIT_4">
      <Text>Evet mi?</Text>
    </Row>
    <Row Tag="TXT_KEY_LEADER_AUGUSTUS_LETSHEARIT_5">
      <Text>Ne diyordun?</Text>
    </Row>
    <Row Tag="TXT_KEY_LEADER_AUGUSTUS_LETSHEARIT_6">
      <Text>Ve?</Text>
    </Row>
    <Row Tag="TXT_KEY_LEADER_AUGUSTUS_LETSHEARIT_7">
      <Text>Devam et.</Text>
    </Row>
    <Row Tag="TXT_KEY_LEADER_AUGUSTUS_LOSEWAR_1">
      <Text>Askerleriniz iyi savasti. Zaferiniz için sizi kutluyorum.</Text>
    </Row>
    <Row Tag="TXT_KEY_LEADER_AUGUSTUS_QUOTE_1">
      <Text>Roma'yi tugladan bir sehir olarak buldum ve mermerden bir sehir olarak biraktim.</Text>
    </Row>
    <Row Tag="TXT_KEY_LEADER_AUGUSTUS_QUOTE_2">
      <Text>Yavasça acele edin.</Text>
    </Row>
    <Row Tag="TXT_KEY_LEADER_AUGUSTUS_QUOTE_3">
      <Text>Bana güvenli bir komutan verin, aceleci bir komutan degil.</Text>
    </Row>
    <Row Tag="TXT_KEY_LEADER_AUGUSTUS_TRADE_NEEDMORE_ANGRY_1">
      <Text>Bu yeterince iyi degil. Bunu gelistirmeyi seçiyor musunuz?</Text>
    </Row>
    <Row Tag="TXT_KEY_LEADER_AUGUSTUS_TRADE_NEEDMORE_ANGRY_2">
      <Text>Bu yeterince iyi degil.</Text>
    </Row>
    <Row Tag="TXT_KEY_LEADER_AUGUSTUS_TRADE_NEEDMORE_ANGRY_3">
      <Text>Bundan daha iyisini yapmalisin.</Text>
    </Row>
    <Row Tag="TXT_KEY_LEADER_AUGUSTUS_TRADE_NEEDMORE_HAPPY_1">
      <Text>Sen de karim Livia kadar tutumlu birisin. Daha iyisini yapamaz misin?</Text>
    </Row>
    <Row Tag="TXT_KEY_LEADER_AUGUSTUS_TRADE_NEEDMORE_HAPPY_2">
      <Text>Yapabileceginin en iyisi bu mu?</Text>
    </Row>
    <Row Tag="TXT_KEY_LEADER_AUGUSTUS_TRADE_NEEDMORE_HAPPY_3">
      <Text>Neredeyse vardin.</Text>
    </Row>
    <Row Tag="TXT_KEY_LEADER_AUGUSTUS_TRADE_NEEDMORE_NEUTRAL_1">
      <Text>Bu yetersiz. Daha iyisini yapamaz misiniz?</Text>
    </Row>
    <Row Tag="TXT_KEY_LEADER_AUGUSTUS_TRADE_NEEDMORE_NEUTRAL_2">
      <Text>Biraz daha iyisini yapabilir misin?</Text>
    </Row>
    <Row Tag="TXT_KEY_LEADER_AUGUSTUS_TRADE_NEEDMORE_NEUTRAL_3">
      <Text>Bu yeterince iyi degil.</Text>
    </Row>
    <Row Tag="TXT_KEY_LEADER_AUGUSTUS_TRADE_NEEDMORE_NEUTRAL_4">
      <Text>Neredeyse...</Text>
    </Row>
    <Row Tag="TXT_KEY_LEADER_AUGUSTUS_TRADE_NO_ANGRY">
      <Text>Mars'in ölümsüz kani adina, teklifiniz Roma'ya bir hakarettir.</Text>
    </Row>
    <Row Tag="TXT_KEY_LEADER_AUGUSTUS_TRADE_NO_HAPPY">
      <Text>Ne yazik ki, kosullar bu tür bir eylem için elverisli degildir.</Text>
    </Row>
    <Row Tag="TXT_KEY_LEADER_AUGUSTUS_TRADE_NO_NEUTRAL">
      <Text>Sanmiyorum.</Text>
    </Row>
    <Row Tag="TXT_KEY_LEADER_AUGUSTUS_TRADE_YES_ANGRY">
      <Text>Tamamdir.</Text>
    </Row>
    <Row Tag="TXT_KEY_LEADER_AUGUSTUS_TRADE_YES_HAPPY">
      <Text>Muhtesem. Tamamdir.</Text>
    </Row>
    <Row Tag="TXT_KEY_LEADER_AUGUSTUS_TRADE_YES_NEUTRAL">
      <Text>Tamamdir.</Text>
    </Row>
    <Row Tag="TXT_KEY_LEADER_AUGUSTUS_TRADEREQUEST_ANGRY">
      <Text>Bunu bir düsünün.</Text>
    </Row>
    <Row Tag="TXT_KEY_LEADER_AUGUSTUS_TRADEREQUEST_HAPPY">
      <Text>Bu teklifi degerlendirmeniz için yapiyorum.</Text>
    </Row>
    <Row Tag="TXT_KEY_LEADER_AUGUSTUS_TRADEREQUEST_NEUTRAL">
      <Text>Iste teklifimiz.</Text>
    </Row>
    <Row Tag="TXT_KEY_LEADER_AUGUSTUS_TRIBUTE_NO_ANGRY">
      <Text>Önce senin öldügünü görecegim.</Text>
    </Row>
    <Row Tag="TXT_KEY_LEADER_AUGUSTUS_TRIBUTE_NO_HAPPY">
      <Text>Roma'nin hazinelerini bu kadar küstahça veremem.</Text>
    </Row>
    <Row Tag="TXT_KEY_LEADER_AUGUSTUS_TRIBUTE_NO_NEUTRAL">
      <Text>Acaba ölmek mi istiyorsun?</Text>
    </Row>
    <Row Tag="TXT_KEY_LEADER_AUGUSTUS_TRIBUTE_YES_ANGRY">
      <Text>Katiliyorum.</Text>
    </Row>
    <Row Tag="TXT_KEY_LEADER_AUGUSTUS_TRIBUTE_YES_HAPPY">
      <Text>Kesinlikle.</Text>
    </Row>
    <Row Tag="TXT_KEY_LEADER_AUGUSTUS_TRIBUTE_YES_NEUTRAL">
      <Text>Cok iyi.</Text>
    </Row>
    <Row Tag="TXT_KEY_LEADER_AUGUSTUS_WARBLUFF_1">
      <Text>Hah. Biraz omurgali birisin. Emin degildim.</Text>
    </Row>
    <Row Tag="TXT_KEY_LEADER_AUGUSTUS_WARBLUFF_2">
      <Text>Blöfümü gördün. Aferin sana.</Text>
    </Row>
    <Row Tag="TXT_KEY_LEADER_AUGUSTUS_WARBLUFF_3">
      <Text>Ne hayal kirikligi.</Text>
    </Row>
    <Row Tag="TXT_KEY_LEADER_AUGUSTUS_WARBLUFF_4">
      <Text>Ne büyük hayal kirikligi.</Text>
    </Row>
    <Row Tag="TXT_KEY_LEADER_AUGUSTUS_WARBLUFF_5">
      <Text>Gerçekten mi? Bu dar görüslülügünüzden pismanlik duyacak kadar yasamayacaginiza inaniyorum.</Text>
    </Row>
    <Row Tag="TXT_KEY_LEADER_AUGUSTUS_WARBLUFF_6">
      <Text>Ne kadar aptalsin.</Text>
    </Row>
    <Row Tag="TXT_KEY_LEADER_AUGUSTUS_WARBLUFF_7">
      <Text>Pekala. Basinin üstünde olsun.</Text>
    </Row>
    <Row Tag="TXT_KEY_LEADER_AUGUSTUS_WINWAR_1">
      <Text>Tanri Mars bir kez daha yüzümüze güldü. Böylece Roma'nin tüm düsmanlari asagilanacak!</Text>
    </Row>
  </Language_en_US>
</GameData>