﻿<?xml version="1.0" encoding="utf-8"?>
<GameData>
  <Language_en_US>
    <Row Tag="TXT_KEY_LEADER_SULEIMAN_AGREE_SHORT_1">
      <Text>Cok iyi.</Text>
    </Row>
    <Row Tag="TXT_KEY_LEADER_SULEIMAN_AGREE_SHORT_2">
      <Text>Tamam.</Text>
    </Row>
    <Row Tag="TXT_KEY_LEADER_SULEIMAN_AGREE_SHORT_3">
      <Text>Kesinlikle.</Text>
    </Row>
    <Row Tag="TXT_KEY_LEADER_SULEIMAN_AGREE_SHORT_4">
      <Text>Kabul edildi.</Text>
    </Row>
    <Row Tag="TXT_KEY_LEADER_SULEIMAN_AGREE_SHORT_5">
      <Text>Oh, çok iyi.</Text>
    </Row>
    <Row Tag="TXT_KEY_LEADER_SULEIMAN_AGREE_SHORT_6">
      <Text>Sanirim yapmaliyim.</Text>
    </Row>
    <Row Tag="TXT_KEY_LEADER_SULEIMAN_AGREE_SHORT_7">
      <Text>Mükemmel.</Text>
    </Row>
    <Row Tag="TXT_KEY_LEADER_SULEIMAN_ATTACKED_1">
      <Text>Fevkalade: Bunu yapabilecegini düsünmemistim. Pekala, hadi baslayalim.</Text>
    </Row>
    <Row Tag="TXT_KEY_LEADER_SULEIMAN_ATTACKED_2">
      <Text>Seni umutsuz aptal. Açgözlülügün senin çöküsün olacak.</Text>
    </Row>
    <Row Tag="TXT_KEY_LEADER_SULEIMAN_ATTACKED_3">
      <Text>Seni aptal! Halkini yok olmaya mahkum ettin!</Text>
    </Row>
    <Row Tag="TXT_KEY_LEADER_SULEIMAN_DECLAREWAR_1">
      <Text>Halkim için büyüyen bir tehdit olusturuyorsun. Seni yok etmeliyim.</Text>
    </Row>
    <Row Tag="TXT_KEY_LEADER_SULEIMAN_DECLAREWAR_2">
      <Text>Yararliliginizi yitirdiniz. Savasa hazirlanin.</Text>
    </Row>
    <Row Tag="TXT_KEY_LEADER_SULEIMAN_DECLAREWAR_3">
      <Text>Sakalim ve karnim adina, kiyametiniz yaklasti! Savasa hazirlanin!</Text>
    </Row>
    <Row Tag="TXT_KEY_LEADER_SULEIMAN_DEFEATED_1">
      <Text>Bu korkunç bir sey! Yenildim! Sakalim ve göbegim adina, bu nasil olabilir?</Text>
    </Row>
    <Row Tag="TXT_KEY_LEADER_SULEIMAN_DEFEATED_2">
      <Text>Ordularim yenildi ve her sey kayboldu. Bu nasil mümkün olabilir?</Text>
    </Row>
    <Row Tag="TXT_KEY_LEADER_SULEIMAN_DEFEATED_3">
      <Text>Bu gerçek mi yoksa bir kabus mu? Beni nasil yenebildin?</Text>
    </Row>
    <Row Tag="TXT_KEY_LEADER_SULEIMAN_DEMANDTRIBUTE_ANGRY">
      <Text>Bize asagidakileri vererek yikiminizi geçici olarak önleyebilirsiniz.</Text>
    </Row>
    <Row Tag="TXT_KEY_LEADER_SULEIMAN_DEMANDTRIBUTE_HAPPY">
      <Text>Dostum, yakin arkadasin ve müttefikin için asagidakileri ayiramaz misin?</Text>
    </Row>
    <Row Tag="TXT_KEY_LEADER_SULEIMAN_DEMANDTRIBUTE_NEUTRAL">
      <Text>Bize istedigimizi vermeniz sizin yarariniza olacaktir - ilkbahar sefer sezonu yaklasiyor ve generallerim emirlerini bekliyor.</Text>
    </Row>
    <Row Tag="TXT_KEY_LEADER_SULEIMAN_DISAGREE_SHORT_1">
      <Text>Hayir.</Text>
    </Row>
    <Row Tag="TXT_KEY_LEADER_SULEIMAN_DISAGREE_SHORT_2">
      <Text>Kesinlikle olmaz.</Text>
    </Row>
    <Row Tag="TXT_KEY_LEADER_SULEIMAN_DISAGREE_SHORT_3">
      <Text>Reddediyoruz.</Text>
    </Row>
    <Row Tag="TXT_KEY_LEADER_SULEIMAN_DISAGREE_SHORT_4">
      <Text>Tabii ki hayir.</Text>
    </Row>
    <Row Tag="TXT_KEY_LEADER_SULEIMAN_DISAGREE_SHORT_5">
      <Text>Bu kabul edilemez.</Text>
    </Row>
    <Row Tag="TXT_KEY_LEADER_SULEIMAN_DISAGREE_SHORT_6">
      <Text>Ciddi olamazsin!</Text>
    </Row>
    <Row Tag="TXT_KEY_LEADER_SULEIMAN_DISAGREE_SHORT_7">
      <Text>Pardon?</Text>
    </Row>
    <Row Tag="TXT_KEY_LEADER_SULEIMAN_FIRSTGREETING_1">
      <Text>Sakalim ve göbegim adina, sizinle tanistigima memnun oldum! Ben Süleyman, kudretli Osmanlilarin lideriyim!</Text>
    </Row>
    <Row Tag="TXT_KEY_LEADER_SULEIMAN_FIRSTGREETING_2">
      <Text>Osmanli milleti seni selamliyor, Yabanci! Ben Süleyman!</Text>
    </Row>
    <Row Tag="TXT_KEY_LEADER_SULEIMAN_FIRSTGREETING_3">
      <Text>Selamlar, Yabanci! Ben Süleyman, Osmanlilarin lideriyim! Bu büyük olayi kutlamak için ziyafet verelim!</Text>
    </Row>
    <Row Tag="TXT_KEY_LEADER_SULEIMAN_GOODBYE_1">
      <Text>Iyi günler.</Text>
    </Row>
    <Row Tag="TXT_KEY_LEADER_SULEIMAN_GOODBYE_2">
      <Text>Elveda!</Text>
    </Row>
    <Row Tag="TXT_KEY_LEADER_SULEIMAN_GOODBYE_3">
      <Text>Güle güle.</Text>
    </Row>
    <Row Tag="TXT_KEY_LEADER_SULEIMAN_GOODBYE_4">
      <Text>Tekrar görüsene kadar!</Text>
    </Row>
    <Row Tag="TXT_KEY_LEADER_SULEIMAN_GOODBYE_5">
      <Text>Simdi git buradan.</Text>
    </Row>
    <Row Tag="TXT_KEY_LEADER_SULEIMAN_GOODBYE_6">
      <Text>Hepsi bu kadar.</Text>
    </Row>
    <Row Tag="TXT_KEY_LEADER_SULEIMAN_GOODBYE_7">
      <Text>Buradaki isimiz bitti.</Text>
    </Row>
    <Row Tag="TXT_KEY_LEADER_SULEIMAN_GREETING_1">
      <Text>Hos geldiniz!</Text>
    </Row>
    <Row Tag="TXT_KEY_LEADER_SULEIMAN_GREETING_2">
      <Text>Merhaba!</Text>
    </Row>
    <Row Tag="TXT_KEY_LEADER_SULEIMAN_GREETING_3">
      <Text>Selamlar.</Text>
    </Row>
    <Row Tag="TXT_KEY_LEADER_SULEIMAN_GREETING_4">
      <Text>Iyi günler.</Text>
    </Row>
    <Row Tag="TXT_KEY_LEADER_SULEIMAN_GREETING_5">
      <Text>Oh, sensin.</Text>
    </Row>
    <Row Tag="TXT_KEY_LEADER_SULEIMAN_GREETING_6">
      <Text>Eee?</Text>
    </Row>
    <Row Tag="TXT_KEY_LEADER_SULEIMAN_GREETING_7">
      <Text>Ne istiyorsun?</Text>
    </Row>
    <Row Tag="TXT_KEY_LEADER_SULEIMAN_LETSHEARIT_1">
      <Text>Devam et.</Text>
    </Row>
    <Row Tag="TXT_KEY_LEADER_SULEIMAN_LETSHEARIT_2">
      <Text>Devam edin.</Text>
    </Row>
    <Row Tag="TXT_KEY_LEADER_SULEIMAN_LETSHEARIT_3">
      <Text>Dinliyorum.</Text>
    </Row>
    <Row Tag="TXT_KEY_LEADER_SULEIMAN_LETSHEARIT_4">
      <Text>Evet mi?</Text>
    </Row>
    <Row Tag="TXT_KEY_LEADER_SULEIMAN_LETSHEARIT_5">
      <Text>Ne diyordun?</Text>
    </Row>
    <Row Tag="TXT_KEY_LEADER_SULEIMAN_LETSHEARIT_6">
      <Text>Ve?</Text>
    </Row>
    <Row Tag="TXT_KEY_LEADER_SULEIMAN_LETSHEARIT_7">
      <Text>Devam et.</Text>
    </Row>
    <Row Tag="TXT_KEY_LEADER_SULEIMAN_LOSEWAR_1">
      <Text>Zaferinizden dolayi sizi kutluyor ve barisin sonsuza dek sürmesini temenni ediyorum.</Text>
    </Row>
    <Row Tag="TXT_KEY_LEADER_SULEIMAN_TRADE_NEEDMORE_ANGRY_1">
      <Text>Teklifiniz kabul edilemez. Iyilestiremez misiniz?</Text>
    </Row>
    <Row Tag="TXT_KEY_LEADER_SULEIMAN_TRADE_NEEDMORE_ANGRY_2">
      <Text>Bu yeterince iyi degil.</Text>
    </Row>
    <Row Tag="TXT_KEY_LEADER_SULEIMAN_TRADE_NEEDMORE_ANGRY_3">
      <Text>Bundan daha iyisini yapmalisin.</Text>
    </Row>
    <Row Tag="TXT_KEY_LEADER_SULEIMAN_TRADE_NEEDMORE_HAPPY_1">
      <Text>Gel, gel! Bana dilencilik mi yapacaksin? Eminim bundan daha iyisini yapabilirsin!</Text>
    </Row>
    <Row Tag="TXT_KEY_LEADER_SULEIMAN_TRADE_NEEDMORE_HAPPY_2">
      <Text>Yapabileceginin en iyisi bu mu?</Text>
    </Row>
    <Row Tag="TXT_KEY_LEADER_SULEIMAN_TRADE_NEEDMORE_HAPPY_3">
      <Text>Neredeyse vardin.</Text>
    </Row>
    <Row Tag="TXT_KEY_LEADER_SULEIMAN_TRADE_NEEDMORE_NEUTRAL_1">
      <Text>On iki çocugu olan bir balik tüccari kadar açgözlüsün! Eminim bundan daha iyisini yapabilirsin!</Text>
    </Row>
    <Row Tag="TXT_KEY_LEADER_SULEIMAN_TRADE_NEEDMORE_NEUTRAL_2">
      <Text>Biraz daha iyisini yapabilir misin?</Text>
    </Row>
    <Row Tag="TXT_KEY_LEADER_SULEIMAN_TRADE_NEEDMORE_NEUTRAL_3">
      <Text>Bu yeterince iyi degil.</Text>
    </Row>
    <Row Tag="TXT_KEY_LEADER_SULEIMAN_TRADE_NEEDMORE_NEUTRAL_4">
      <Text>Neredeyse...</Text>
    </Row>
    <Row Tag="TXT_KEY_LEADER_SULEIMAN_TRADE_NO_ANGRY">
      <Text>Senin saçmaliklarina ayiracak vaktim yok. Git Bogaz'a atla.</Text>
    </Row>
    <Row Tag="TXT_KEY_LEADER_SULEIMAN_TRADE_NO_HAPPY">
      <Text>Dostum, sanirim türbanini takmadan güneste çok fazla kalmissin.</Text>
    </Row>
    <Row Tag="TXT_KEY_LEADER_SULEIMAN_TRADE_NO_NEUTRAL">
      <Text>Saçmalik! Içki mi içtin sen?</Text>
    </Row>
    <Row Tag="TXT_KEY_LEADER_SULEIMAN_TRADE_YES_ANGRY">
      <Text>Ara sira mantikli davraniyorsun. Belki de her seye ragmen senin için umut vardir.</Text>
    </Row>
    <Row Tag="TXT_KEY_LEADER_SULEIMAN_TRADE_YES_HAPPY">
      <Text>Thunder adina, iste bir fikir! Anlastik!</Text>
    </Row>
    <Row Tag="TXT_KEY_LEADER_SULEIMAN_TRADE_YES_NEUTRAL">
      <Text>Mükemmel! Ayni fikirdeyiz!</Text>
    </Row>
    <Row Tag="TXT_KEY_LEADER_SULEIMAN_TRADEREQUEST_ANGRY">
      <Text>Bu anlasmanin sizin yarariniza oldugunu sizin bile görebileceginize inaniyorum.</Text>
    </Row>
    <Row Tag="TXT_KEY_LEADER_SULEIMAN_TRADEREQUEST_HAPPY">
      <Text>Dostum, bu anlasma senin için kabul edilebilir mi?</Text>
    </Row>
    <Row Tag="TXT_KEY_LEADER_SULEIMAN_TRADEREQUEST_NEUTRAL">
      <Text>Gel, pazarlik edelim. Bu hosuna gitti mi?</Text>
    </Row>
    <Row Tag="TXT_KEY_LEADER_SULEIMAN_TRIBUTE_NO_ANGRY">
      <Text>Maymunlarin torunu! Gerçekten benden hazine çalmaya mi çalisiyorsun? Sen delirmis olmalisin!</Text>
    </Row>
    <Row Tag="TXT_KEY_LEADER_SULEIMAN_TRIBUTE_NO_HAPPY">
      <Text>Arkadaslar birbirlerine böyle mi davranir? Sakalima ve göbegime yemin ederim ki hayir!</Text>
    </Row>
    <Row Tag="TXT_KEY_LEADER_SULEIMAN_TRIBUTE_NO_NEUTRAL">
      <Text>Neden ilk dogan oglumu da istemiyorsunuz? Hayir! Hayir!</Text>
    </Row>
    <Row Tag="TXT_KEY_LEADER_SULEIMAN_TRIBUTE_YES_ANGRY">
      <Text>Simdilik üstünlük sende. Ama sakalim ve göbegim adina, bu her zaman böyle olmayacak!</Text>
    </Row>
    <Row Tag="TXT_KEY_LEADER_SULEIMAN_TRIBUTE_YES_HAPPY">
      <Text>Tabii ya! Cömertligim meshurdur, degil mi?</Text>
    </Row>
    <Row Tag="TXT_KEY_LEADER_SULEIMAN_TRIBUTE_YES_NEUTRAL">
      <Text>Sanirim sana ödeme yapmak, seni yok etmekten daha ucuza geliyor. Pekala.</Text>
    </Row>
    <Row Tag="TXT_KEY_LEADER_SULEIMAN_WARBLUFF_1">
      <Text>Tehlikeli bir oyun oynuyorsunuz.</Text>
    </Row>
    <Row Tag="TXT_KEY_LEADER_SULEIMAN_WARBLUFF_2">
      <Text>Pekala. Bir dahaki sefere bu kadar kibar olmayacagim!</Text>
    </Row>
    <Row Tag="TXT_KEY_LEADER_SULEIMAN_WARBLUFF_3">
      <Text>Ne hayal kirikligi.</Text>
    </Row>
    <Row Tag="TXT_KEY_LEADER_SULEIMAN_WARBLUFF_4">
      <Text>Ne büyük hayal kirikligi.</Text>
    </Row>
    <Row Tag="TXT_KEY_LEADER_SULEIMAN_WARBLUFF_5">
      <Text>Gerçekten mi? Bu dar görüslülügünüzden pismanlik duyacak kadar yasamayacaginiza inaniyorum.</Text>
    </Row>
    <Row Tag="TXT_KEY_LEADER_SULEIMAN_WARBLUFF_6">
      <Text>Ne kadar aptalsin.</Text>
    </Row>
    <Row Tag="TXT_KEY_LEADER_SULEIMAN_WINWAR_1">
      <Text>Bir daha bize karsi gelmeyin, sizi uyariyorum. Bir dahaki sefere bu kadar hosgörülü olmayacagim!</Text>
    </Row>
  </Language_en_US>
</GameData>