﻿<?xml version="1.0" encoding="utf-8"?>
<!-- edited with XMLSPY v2004 rel. 2 U (http://www.xmlspy.com) by Jon Shafer (Firaxis Games) -->
<GameData>
  <Language_en_US>
    <Row Tag="TXT_KEY_LEADER_WASHINGTON_AGREE_SHORT_1">
      <Text>Cok iyi.</Text>
    </Row>
    <Row Tag="TXT_KEY_LEADER_WASHINGTON_AGREE_SHORT_2">
      <Text>Tamam.</Text>
    </Row>
    <Row Tag="TXT_KEY_LEADER_WASHINGTON_AGREE_SHORT_3">
      <Text>Kesinlikle.</Text>
    </Row>
    <Row Tag="TXT_KEY_LEADER_WASHINGTON_AGREE_SHORT_4">
      <Text>Kabul edildi.</Text>
    </Row>
    <Row Tag="TXT_KEY_LEADER_WASHINGTON_AGREE_SHORT_5">
      <Text>Oh, çok iyi.</Text>
    </Row>
    <Row Tag="TXT_KEY_LEADER_WASHINGTON_AGREE_SHORT_6">
      <Text>Sanirim yapmaliyim.</Text>
    </Row>
    <Row Tag="TXT_KEY_LEADER_WASHINGTON_AGREE_SHORT_7">
      <Text>Mükemmel.</Text>
    </Row>
    <Row Tag="TXT_KEY_LEADER_WASHINGTON_ATTACKED_1">
      <Text>Baris sevgimizi zayiflikla karistirdiniz - bunun bedelini ödeyeceksiniz!</Text>
    </Row>
    <Row Tag="TXT_KEY_LEADER_WASHINGTON_ATTACKED_2">
      <Text>Seni rezil hain, buna pisman olacaksin!</Text>
    </Row>
    <Row Tag="TXT_KEY_LEADER_WASHINGTON_ATTACKED_3">
      <Text>Bugüne pisman olacaksin, seni kana susamis cani!</Text>
    </Row>
    <Row Tag="TXT_KEY_LEADER_WASHINGTON_DECLAREWAR_1">
      <Text>Özgürlük ve hürriyete karsi inatçi bir düsman oldugunuzu kanitladiniz - savasa hazir olun!</Text>
    </Row>
    <Row Tag="TXT_KEY_LEADER_WASHINGTON_DECLAREWAR_2">
      <Text>Amerikan halki konustu. Ahlaksiz saldirganliginiz bize baska seçenek birakmiyor: savasa hazirlanin!</Text>
    </Row>
    <Row Tag="TXT_KEY_LEADER_WASHINGTON_DECLAREWAR_3">
      <Text>Sorumsuz davranislariniz halkinizi mahkum etti - savasa hazirlanin!</Text>
    </Row>
    <Row Tag="TXT_KEY_LEADER_WASHINGTON_DEFEATED_1">
      <Text>Onur disinda her sey kayboldu. Zaferde merhametli olacagina inaniyorum.</Text>
    </Row>
    <Row Tag="TXT_KEY_LEADER_WASHINGTON_DEFEATED_2">
      <Text>Gün senin günün. Umarim zaferinizde merhametli olursunuz.</Text>
    </Row>
    <Row Tag="TXT_KEY_LEADER_WASHINGTON_DEFEATED_3">
      <Text>Bizi yendiniz - simdilik. Ama Birlesik Devletler geri dönecek!</Text>
    </Row>
    <Row Tag="TXT_KEY_LEADER_WASHINGTON_DEFEATED_4">
      <Text>Zaferiniz için sizi kutluyorum.</Text>
    </Row>
    <Row Tag="TXT_KEY_LEADER_WASHINGTON_DEMANDTRIBUTE_ANGRY">
      <Text>Bize istedigimizi vermeniz iyi olur.</Text>
    </Row>
    <Row Tag="TXT_KEY_LEADER_WASHINGTON_DEMANDTRIBUTE_HAPPY">
      <Text>Ihtiyaci olan bir dostunuz ve müttefikiniz için asagidakileri ayirabilir misiniz?</Text>
    </Row>
    <Row Tag="TXT_KEY_LEADER_WASHINGTON_DEMANDTRIBUTE_NEUTRAL">
      <Text>Sizden sunlari talep ediyoruz.</Text>
    </Row>
    <Row Tag="TXT_KEY_LEADER_WASHINGTON_DISAGREE_SHORT_1">
      <Text>Hayir.</Text>
    </Row>
    <Row Tag="TXT_KEY_LEADER_WASHINGTON_DISAGREE_SHORT_2">
      <Text>Kesinlikle olmaz.</Text>
    </Row>
    <Row Tag="TXT_KEY_LEADER_WASHINGTON_DISAGREE_SHORT_3">
      <Text>Reddediyoruz.</Text>
    </Row>
    <Row Tag="TXT_KEY_LEADER_WASHINGTON_DISAGREE_SHORT_4">
      <Text>Tabii ki hayir.</Text>
    </Row>
    <Row Tag="TXT_KEY_LEADER_WASHINGTON_DISAGREE_SHORT_5">
      <Text>Bu kabul edilemez.</Text>
    </Row>
    <Row Tag="TXT_KEY_LEADER_WASHINGTON_DISAGREE_SHORT_6">
      <Text>Ciddi olamazsin!</Text>
    </Row>
    <Row Tag="TXT_KEY_LEADER_WASHINGTON_DISAGREE_SHORT_7">
      <Text>Pardon?</Text>
    </Row>
    <Row Tag="TXT_KEY_LEADER_WASHINGTON_FIRSTGREETING_1">
      <Text>Amerika Birlesik Devletleri halki size hos geldiniz diyor. Özgürlügün dostu oldugunuza inaniyorum.</Text>
    </Row>
    <Row Tag="TXT_KEY_LEADER_WASHINGTON_FIRSTGREETING_2">
      <Text>Amerika Birlesik Devletleri vatandaslari adina size hos geldiniz diyorum.</Text>
    </Row>
    <Row Tag="TXT_KEY_LEADER_WASHINGTON_FIRSTGREETING_3">
      <Text>Sizinle tanismaktan onur duydum. Halklarimizin baris ve refah içinde yan yana yasayabilmeleri en içten dilegimdir.</Text>
    </Row>
    <Row Tag="TXT_KEY_LEADER_WASHINGTON_GOODBYE_1">
      <Text>Iyi günler.</Text>
    </Row>
    <Row Tag="TXT_KEY_LEADER_WASHINGTON_GOODBYE_2">
      <Text>Elveda.</Text>
    </Row>
    <Row Tag="TXT_KEY_LEADER_WASHINGTON_GOODBYE_3">
      <Text>Güle güle.</Text>
    </Row>
    <Row Tag="TXT_KEY_LEADER_WASHINGTON_GOODBYE_4">
      <Text>Tekrar görüsene kadar.</Text>
    </Row>
    <Row Tag="TXT_KEY_LEADER_WASHINGTON_GOODBYE_5">
      <Text>Simdi git buradan.</Text>
    </Row>
    <Row Tag="TXT_KEY_LEADER_WASHINGTON_GOODBYE_6">
      <Text>Hepsi bu kadar.</Text>
    </Row>
    <Row Tag="TXT_KEY_LEADER_WASHINGTON_GOODBYE_7">
      <Text>Buradaki isimiz bitti.</Text>
    </Row>
    <Row Tag="TXT_KEY_LEADER_WASHINGTON_GREETING_1">
      <Text>Hos geldiniz.</Text>
    </Row>
    <Row Tag="TXT_KEY_LEADER_WASHINGTON_GREETING_2">
      <Text>Merhaba.</Text>
    </Row>
    <Row Tag="TXT_KEY_LEADER_WASHINGTON_GREETING_3">
      <Text>Selamlar.</Text>
    </Row>
    <Row Tag="TXT_KEY_LEADER_WASHINGTON_GREETING_4">
      <Text>Iyi günler.</Text>
    </Row>
    <Row Tag="TXT_KEY_LEADER_WASHINGTON_GREETING_5">
      <Text>Oh, sensin.</Text>
    </Row>
    <Row Tag="TXT_KEY_LEADER_WASHINGTON_GREETING_6">
      <Text>Eee?</Text>
    </Row>
    <Row Tag="TXT_KEY_LEADER_WASHINGTON_GREETING_7">
      <Text>Ne istiyorsun?</Text>
    </Row>
    <Row Tag="TXT_KEY_LEADER_WASHINGTON_LETSHEARIT_1">
      <Text>Duyalim bakalim.</Text>
    </Row>
    <Row Tag="TXT_KEY_LEADER_WASHINGTON_LETSHEARIT_2">
      <Text>Devam et.</Text>
    </Row>
    <Row Tag="TXT_KEY_LEADER_WASHINGTON_LETSHEARIT_3">
      <Text>Devam edin.</Text>
    </Row>
    <Row Tag="TXT_KEY_LEADER_WASHINGTON_LETSHEARIT_4">
      <Text>Dinliyorum.</Text>
    </Row>
    <Row Tag="TXT_KEY_LEADER_WASHINGTON_LETSHEARIT_5">
      <Text>Evet mi?</Text>
    </Row>
    <Row Tag="TXT_KEY_LEADER_WASHINGTON_LETSHEARIT_6">
      <Text>Ne diyordun?</Text>
    </Row>
    <Row Tag="TXT_KEY_LEADER_WASHINGTON_LETSHEARIT_7">
      <Text>Ve?</Text>
    </Row>
    <Row Tag="TXT_KEY_LEADER_WASHINGTON_LETSHEARIT_8">
      <Text>Devam et.</Text>
    </Row>
    <Row Tag="TXT_KEY_LEADER_WASHINGTON_LOSEWAR_1">
      <Text>Büyük ulusunuzla barisi memnuniyetle karsiliyoruz. Gelecekte halklarimiz arasinda herhangi bir yanlis anlasilma yasanmamasi için dua ediyorum.</Text>
    </Row>
    <Row Tag="TXT_KEY_LEADER_WASHINGTON_QUOTE_1">
      <Text>Disiplin bir ordunun ruhudur. Az sayidakileri zorlu hale getirir  zayiflara basari ve herkese sayginlik kazandirir.</Text>
    </Row>
    <Row Tag="TXT_KEY_LEADER_WASHINGTON_QUOTE_2">
      <Text>Hükümet akil degildir  belagat degildir  güçtür. Ates gibi, tehlikeli bir hizmetçi ve korkutucu bir efendidir.</Text>
    </Row>
    <Row Tag="TXT_KEY_LEADER_WASHINGTON_QUOTE_3">
      <Text>Hakaretten kaçinmak istiyorsak, onu püskürtebilmeliyiz  yükselen refahimizin en güçlü araçlarindan biri olan barisi güvence altina almak istiyorsak, her zaman savasa hazir oldugumuz bilinmelidir.</Text>
    </Row>
    <Row Tag="TXT_KEY_LEADER_WASHINGTON_TRADE_NEEDMORE_ANGRY_1">
      <Text>Bu kabul edilemez. Daha iyisini yapmalisin.</Text>
    </Row>
    <Row Tag="TXT_KEY_LEADER_WASHINGTON_TRADE_NEEDMORE_ANGRY_2">
      <Text>Bu yeterince iyi degil.</Text>
    </Row>
    <Row Tag="TXT_KEY_LEADER_WASHINGTON_TRADE_NEEDMORE_ANGRY_3">
      <Text>Bundan daha iyisini yapmalisin.</Text>
    </Row>
    <Row Tag="TXT_KEY_LEADER_WASHINGTON_TRADE_NEEDMORE_ANGRY_4">
      <Text>Neredeyse...</Text>
    </Row>
    <Row Tag="TXT_KEY_LEADER_WASHINGTON_TRADE_NEEDMORE_HAPPY_1">
      <Text>Korkarim ki su anki haliyle takasi kabul edemem. Teklifinizi gelistirmek ister misiniz?</Text>
    </Row>
    <Row Tag="TXT_KEY_LEADER_WASHINGTON_TRADE_NEEDMORE_HAPPY_2">
      <Text>Yapabileceginin en iyisi bu mu?</Text>
    </Row>
    <Row Tag="TXT_KEY_LEADER_WASHINGTON_TRADE_NEEDMORE_HAPPY_3">
      <Text>Neredeyse vardin.</Text>
    </Row>
    <Row Tag="TXT_KEY_LEADER_WASHINGTON_TRADE_NEEDMORE_HAPPY_4">
      <Text>Neredeyse...</Text>
    </Row>
    <Row Tag="TXT_KEY_LEADER_WASHINGTON_TRADE_NEEDMORE_NEUTRAL_1">
      <Text>Su anda yapilandirildigi sekliyle ticaretin Birlesik Devletler'in yararina olacagini düsünmüyorum. Teklifinizi gelistirmek ister misiniz?</Text>
    </Row>
    <Row Tag="TXT_KEY_LEADER_WASHINGTON_TRADE_NEEDMORE_NEUTRAL_2">
      <Text>Biraz daha iyisini yapabilir misin?</Text>
    </Row>
    <Row Tag="TXT_KEY_LEADER_WASHINGTON_TRADE_NEEDMORE_NEUTRAL_3">
      <Text>Bu yeterince iyi degil.</Text>
    </Row>
    <Row Tag="TXT_KEY_LEADER_WASHINGTON_TRADE_NEEDMORE_NEUTRAL_4">
      <Text>Neredeyse...</Text>
    </Row>
    <Row Tag="TXT_KEY_LEADER_WASHINGTON_TRADE_NO_ANGRY">
      <Text>Kesinlikle öyle degil. Biz aptal degiliz.</Text>
    </Row>
    <Row Tag="TXT_KEY_LEADER_WASHINGTON_TRADE_NO_HAPPY">
      <Text>Son derece saygi ve dostlukla, teklifinizi reddetmek zorundayim.</Text>
    </Row>
    <Row Tag="TXT_KEY_LEADER_WASHINGTON_TRADE_NO_NEUTRAL">
      <Text>Teklifinizi reddetmek zorundayim. Bu bizim çikarimiza degil.</Text>
    </Row>
    <Row Tag="TXT_KEY_LEADER_WASHINGTON_TRADE_YES_ANGRY">
      <Text>Anlastik.</Text>
    </Row>
    <Row Tag="TXT_KEY_LEADER_WASHINGTON_TRADE_YES_HAPPY">
      <Text>Anlastik. Tesekkür ederim.</Text>
    </Row>
    <Row Tag="TXT_KEY_LEADER_WASHINGTON_TRADE_YES_NEUTRAL">
      <Text>Teklifiniz Birlesik Devletler tarafindan kabul edilebilir.</Text>
    </Row>
    <Row Tag="TXT_KEY_LEADER_WASHINGTON_TRADEREQUEST_ANGRY">
      <Text>Bu takasi öneriyoruz. Cevabiniz nedir?</Text>
    </Row>
    <Row Tag="TXT_KEY_LEADER_WASHINGTON_TRADEREQUEST_HAPPY">
      <Text>Selamlar. Birlesik Devletler sizinle bir ticaret yapabilir mi?</Text>
    </Row>
    <Row Tag="TXT_KEY_LEADER_WASHINGTON_TRADEREQUEST_NEUTRAL">
      <Text>Asagidaki ticaret ilginizi çekiyor mu?</Text>
    </Row>
    <Row Tag="TXT_KEY_LEADER_WASHINGTON_TRIBUTE_NO_ANGRY">
      <Text>Aklinizi mi kaçirdiniz? Biz özgür ve asil bir halkiz! Zorbalara ya da alçaklara boyun egmeyiz!</Text>
    </Row>
    <Row Tag="TXT_KEY_LEADER_WASHINGTON_TRIBUTE_NO_HAPPY">
      <Text>Hazinemizi dostlarima bile bu kadar kibarca veremem. Ben tiran degilim: Birlesik Devletler halkina hesap vermek zorundayim.</Text>
    </Row>
    <Row Tag="TXT_KEY_LEADER_WASHINGTON_TRIBUTE_NO_NEUTRAL">
      <Text>Talebiniz egemenligimize bir hakarettir ve bunu elimizin tersiyle itiyoruz. Kararliligimizi açikça küçümsüyorsunuz.</Text>
    </Row>
    <Row Tag="TXT_KEY_LEADER_WASHINGTON_TRIBUTE_YES_ANGRY">
      <Text>Görünüse göre talebinizi kabul etmekten baska seçenegim yok. Simdilik.</Text>
    </Row>
    <Row Tag="TXT_KEY_LEADER_WASHINGTON_TRIBUTE_YES_HAPPY">
      <Text>Zevkle. Tek yapman gereken sormakti.</Text>
    </Row>
    <Row Tag="TXT_KEY_LEADER_WASHINGTON_TRIBUTE_YES_NEUTRAL">
      <Text>Pekâlâ. Görünüse göre talebinizi kabul etmekten baska seçenegim yok. Ama bizi çok zorlamamaniz konusunda sizi uyariyorum.</Text>
    </Row>
    <Row Tag="TXT_KEY_LEADER_WASHINGTON_WARBLUFF_1">
      <Text>Tehlikeli bir oyun oynuyorsunuz.</Text>
    </Row>
    <Row Tag="TXT_KEY_LEADER_WASHINGTON_WARBLUFF_2">
      <Text>Pekala. Bir dahaki sefere bu kadar kibar olmayacagim!</Text>
    </Row>
    <Row Tag="TXT_KEY_LEADER_WASHINGTON_WARBLUFF_3">
      <Text>Ne hayal kirikligi.</Text>
    </Row>
    <Row Tag="TXT_KEY_LEADER_WASHINGTON_WARBLUFF_4">
      <Text>Ne büyük hayal kirikligi.</Text>
    </Row>
    <Row Tag="TXT_KEY_LEADER_WASHINGTON_WARBLUFF_5">
      <Text>Gerçekten mi? Bu dar görüslülügünüzden pismanlik duyacak kadar yasamayacaginiza inaniyorum.</Text>
    </Row>
    <Row Tag="TXT_KEY_LEADER_WASHINGTON_WARBLUFF_6">
      <Text>Ne kadar aptalsin.</Text>
    </Row>
    <Row Tag="TXT_KEY_LEADER_WASHINGTON_WINWAR_1">
      <Text>Birlesik Devletler'in hafife alinmamasi gerektigini ögrendiginize inaniyorum!</Text>
    </Row>
  </Language_en_US>
</GameData>