﻿<?xml version="1.0" encoding="utf-8"?>
<GameData>
  <Language_en_US>
    <Row Tag="TXT_KEY_LEADER_RAMKHAMHAENG_AGREE_SHORT_1">
      <Text>Cok iyi.</Text>
    </Row>
    <Row Tag="TXT_KEY_LEADER_RAMKHAMHAENG_AGREE_SHORT_2">
      <Text>Tamam.</Text>
    </Row>
    <Row Tag="TXT_KEY_LEADER_RAMKHAMHAENG_AGREE_SHORT_3">
      <Text>Kesinlikle.</Text>
    </Row>
    <Row Tag="TXT_KEY_LEADER_RAMKHAMHAENG_AGREE_SHORT_4">
      <Text>Kabul edildi.</Text>
    </Row>
    <Row Tag="TXT_KEY_LEADER_RAMKHAMHAENG_AGREE_SHORT_5">
      <Text>Oh, çok iyi.</Text>
    </Row>
    <Row Tag="TXT_KEY_LEADER_RAMKHAMHAENG_AGREE_SHORT_6">
      <Text>Sanirim yapmaliyim.</Text>
    </Row>
    <Row Tag="TXT_KEY_LEADER_RAMKHAMHAENG_AGREE_SHORT_7">
      <Text>Mükemmel.</Text>
    </Row>
    <Row Tag="TXT_KEY_LEADER_RAMKHAMHAENG_ATTACKED_1">
      <Text>Sizden daha iyisini beklemiyordum. Bizi hazirliksiz bulmayacaksin.</Text>
    </Row>
    <Row Tag="TXT_KEY_LEADER_RAMKHAMHAENG_ATTACKED_2">
      <Text>Bu ne cüret! Halkima yapilan bu hakaretin intikamini senin kaninla alacagim!</Text>
    </Row>
    <Row Tag="TXT_KEY_LEADER_RAMKHAMHAENG_ATTACKED_3">
      <Text>Bunun bir önemi yok. Seni ezip geçecegiz.</Text>
    </Row>
    <Row Tag="TXT_KEY_LEADER_RAMKHAMHAENG_DECLAREWAR_1">
      <Text>Bize son kez hakaret ettiniz. Savasa hazirlanin!</Text>
    </Row>
    <Row Tag="TXT_KEY_LEADER_RAMKHAMHAENG_DECLAREWAR_2">
      <Text>Cirkin ve asagilayici davranislariniz bana baska seçenek birakmiyor: savasa hazirlanin!</Text>
    </Row>
    <Row Tag="TXT_KEY_LEADER_RAMKHAMHAENG_DECLAREWAR_3">
      <Text>Serefsiz pislik! Küstahliginiz yüzünden sizi yok edecegim!</Text>
    </Row>
    <Row Tag="TXT_KEY_LEADER_RAMKHAMHAENG_DEFEATED_1">
      <Text>Onur disinda her sey kayboldu. Artik önümde tek bir yol var. Sana hosça kal diyorum.</Text>
    </Row>
    <Row Tag="TXT_KEY_LEADER_RAMKHAMHAENG_DEFEATED_2">
      <Text>Sonunda beni yendin. Artik önümde tek bir yol var. Elveda!</Text>
    </Row>
    <Row Tag="TXT_KEY_LEADER_RAMKHAMHAENG_DEFEATED_3">
      <Text>Zaferiniz için sizi kutluyorum. Artik önümde tek bir onurlu yol var. Elveda!</Text>
    </Row>
    <Row Tag="TXT_KEY_LEADER_RAMKHAMHAENG_DEMANDTRIBUTE_ANGRY">
      <Text>Iste sartlarim. Kabul et ya da öl.</Text>
    </Row>
    <Row Tag="TXT_KEY_LEADER_RAMKHAMHAENG_DEMANDTRIBUTE_HAPPY">
      <Text>Dostum, ihtiyaç duydugumuz anda bize yardim edecek misin?</Text>
    </Row>
    <Row Tag="TXT_KEY_LEADER_RAMKHAMHAENG_DEMANDTRIBUTE_NEUTRAL">
      <Text>Hayatta kalmak istiyorsaniz, sartlarimi kabul etseniz iyi olur.</Text>
    </Row>
    <Row Tag="TXT_KEY_LEADER_RAMKHAMHAENG_DISAGREE_SHORT_1">
      <Text>Hayir.</Text>
    </Row>
    <Row Tag="TXT_KEY_LEADER_RAMKHAMHAENG_DISAGREE_SHORT_2">
      <Text>Kesinlikle olmaz.</Text>
    </Row>
    <Row Tag="TXT_KEY_LEADER_RAMKHAMHAENG_DISAGREE_SHORT_3">
      <Text>Reddediyoruz.</Text>
    </Row>
    <Row Tag="TXT_KEY_LEADER_RAMKHAMHAENG_DISAGREE_SHORT_4">
      <Text>Tabii ki hayir.</Text>
    </Row>
    <Row Tag="TXT_KEY_LEADER_RAMKHAMHAENG_DISAGREE_SHORT_5">
      <Text>Bu kabul edilemez.</Text>
    </Row>
    <Row Tag="TXT_KEY_LEADER_RAMKHAMHAENG_DISAGREE_SHORT_6">
      <Text>Ciddi olamazsin!</Text>
    </Row>
    <Row Tag="TXT_KEY_LEADER_RAMKHAMHAENG_DISAGREE_SHORT_7">
      <Text>Pardon?</Text>
    </Row>
    <Row Tag="TXT_KEY_LEADER_RAMKHAMHAENG_FIRSTGREETING_1">
      <Text>Hos geldin, Yabanci, Siam'a. Ben Ramkhamhaeng. Ziyaretinizden büyük onur duyduk.</Text>
    </Row>
    <Row Tag="TXT_KEY_LEADER_RAMKHAMHAENG_FIRSTGREETING_2">
      <Text>Sizinle tanismaktan onur duydum. Ben Siyam'dan Ramkhamhaeng.</Text>
    </Row>
    <Row Tag="TXT_KEY_LEADER_RAMKHAMHAENG_FIRSTGREETING_3">
      <Text>Selamlar. Ben Ramkhamhaeng, Siam Krali. Bizi ziyaret ederek mütevazi ulusumuzu onurlandirdiniz.</Text>
    </Row>
    <Row Tag="TXT_KEY_LEADER_RAMKHAMHAENG_GOODBYE_1">
      <Text>Iyi günler.</Text>
    </Row>
    <Row Tag="TXT_KEY_LEADER_RAMKHAMHAENG_GOODBYE_2">
      <Text>Elveda.</Text>
    </Row>
    <Row Tag="TXT_KEY_LEADER_RAMKHAMHAENG_GOODBYE_3">
      <Text>Güle güle.</Text>
    </Row>
    <Row Tag="TXT_KEY_LEADER_RAMKHAMHAENG_GOODBYE_4">
      <Text>Tekrar görüsene kadar.</Text>
    </Row>
    <Row Tag="TXT_KEY_LEADER_RAMKHAMHAENG_GOODBYE_5">
      <Text>Simdi git buradan.</Text>
    </Row>
    <Row Tag="TXT_KEY_LEADER_RAMKHAMHAENG_GOODBYE_6">
      <Text>Hepsi bu kadar.</Text>
    </Row>
    <Row Tag="TXT_KEY_LEADER_RAMKHAMHAENG_GOODBYE_7">
      <Text>Buradaki isimiz bitti.</Text>
    </Row>
    <Row Tag="TXT_KEY_LEADER_RAMKHAMHAENG_GREETING_1">
      <Text>Hos geldiniz.</Text>
    </Row>
    <Row Tag="TXT_KEY_LEADER_RAMKHAMHAENG_GREETING_2">
      <Text>Merhaba.</Text>
    </Row>
    <Row Tag="TXT_KEY_LEADER_RAMKHAMHAENG_GREETING_3">
      <Text>Selamlar.</Text>
    </Row>
    <Row Tag="TXT_KEY_LEADER_RAMKHAMHAENG_GREETING_4">
      <Text>Iyi günler.</Text>
    </Row>
    <Row Tag="TXT_KEY_LEADER_RAMKHAMHAENG_GREETING_5">
      <Text>Oh, sensin.</Text>
    </Row>
    <Row Tag="TXT_KEY_LEADER_RAMKHAMHAENG_GREETING_6">
      <Text>Eee?</Text>
    </Row>
    <Row Tag="TXT_KEY_LEADER_RAMKHAMHAENG_GREETING_7">
      <Text>Ne istiyorsun?</Text>
    </Row>
    <Row Tag="TXT_KEY_LEADER_RAMKHAMHAENG_LETSHEARIT_1">
      <Text>Devam et.</Text>
    </Row>
    <Row Tag="TXT_KEY_LEADER_RAMKHAMHAENG_LETSHEARIT_2">
      <Text>Devam edin.</Text>
    </Row>
    <Row Tag="TXT_KEY_LEADER_RAMKHAMHAENG_LETSHEARIT_3">
      <Text>Dinliyorum.</Text>
    </Row>
    <Row Tag="TXT_KEY_LEADER_RAMKHAMHAENG_LETSHEARIT_4">
      <Text>Evet mi?</Text>
    </Row>
    <Row Tag="TXT_KEY_LEADER_RAMKHAMHAENG_LETSHEARIT_5">
      <Text>Ne diyordun?</Text>
    </Row>
    <Row Tag="TXT_KEY_LEADER_RAMKHAMHAENG_LETSHEARIT_6">
      <Text>Ve?</Text>
    </Row>
    <Row Tag="TXT_KEY_LEADER_RAMKHAMHAENG_LETSHEARIT_7">
      <Text>Devam et.</Text>
    </Row>
    <Row Tag="TXT_KEY_LEADER_RAMKHAMHAENG_LOSEWAR_1">
      <Text>Simdilik zafer senin. Ama intikamimi alacagim!</Text>
    </Row>
    <Row Tag="TXT_KEY_LEADER_RAMKHAMHAENG_TRADE_NEEDMORE_ANGRY_1">
      <Text>Teklifiniz adaletsiz ve onursuz - sizden baska bir sey beklemiyordum. Gelistir ya da git.</Text>
    </Row>
    <Row Tag="TXT_KEY_LEADER_RAMKHAMHAENG_TRADE_NEEDMORE_ANGRY_2">
      <Text>Bu yeterince iyi degil.</Text>
    </Row>
    <Row Tag="TXT_KEY_LEADER_RAMKHAMHAENG_TRADE_NEEDMORE_ANGRY_3">
      <Text>Bundan daha iyisini yapmalisin.</Text>
    </Row>
    <Row Tag="TXT_KEY_LEADER_RAMKHAMHAENG_TRADE_NEEDMORE_HAPPY_1">
      <Text>Bana kisisel bir hakarette bulunmak istemediginize eminim, ancak teklifiniz halkima karsi adil degil. Bunu düzelteceginize inaniyorum.</Text>
    </Row>
    <Row Tag="TXT_KEY_LEADER_RAMKHAMHAENG_TRADE_NEEDMORE_HAPPY_2">
      <Text>Yapabileceginin en iyisi bu mu?</Text>
    </Row>
    <Row Tag="TXT_KEY_LEADER_RAMKHAMHAENG_TRADE_NEEDMORE_HAPPY_3">
      <Text>Neredeyse vardin.</Text>
    </Row>
    <Row Tag="TXT_KEY_LEADER_RAMKHAMHAENG_TRADE_NEEDMORE_NEUTRAL_1">
      <Text>Su anki haliyle teklifiniz adil degil ve halkimin önünde itibar kaybetmeme neden olacak. Lütfen iyilestirin.</Text>
    </Row>
    <Row Tag="TXT_KEY_LEADER_RAMKHAMHAENG_TRADE_NEEDMORE_NEUTRAL_2">
      <Text>Biraz daha iyisini yapabilir misin?</Text>
    </Row>
    <Row Tag="TXT_KEY_LEADER_RAMKHAMHAENG_TRADE_NEEDMORE_NEUTRAL_3">
      <Text>Bu yeterince iyi degil.</Text>
    </Row>
    <Row Tag="TXT_KEY_LEADER_RAMKHAMHAENG_TRADE_NEEDMORE_NEUTRAL_4">
      <Text>Neredeyse...</Text>
    </Row>
    <Row Tag="TXT_KEY_LEADER_RAMKHAMHAENG_TRADE_NO_ANGRY">
      <Text>Onuru olmayan biriyle ticaret yapilmaz. Simdi gözümün önünden ayril.</Text>
    </Row>
    <Row Tag="TXT_KEY_LEADER_RAMKHAMHAENG_TRADE_NO_HAPPY">
      <Text>Bana saygisizlik etmek istemediginize eminim, ancak sartlarinizi kabul edemem.</Text>
    </Row>
    <Row Tag="TXT_KEY_LEADER_RAMKHAMHAENG_TRADE_NO_NEUTRAL">
      <Text>Teklifinizi Siyam halkina yapilmis bir hakaret olarak görüyorum. Reddediyorum.</Text>
    </Row>
    <Row Tag="TXT_KEY_LEADER_RAMKHAMHAENG_TRADE_YES_ANGRY">
      <Text>Pekala. Sartlariniz kabul edilebilir.</Text>
    </Row>
    <Row Tag="TXT_KEY_LEADER_RAMKHAMHAENG_TRADE_YES_HAPPY">
      <Text>Öneriniz bizi onurlandirdi, Dostum.</Text>
    </Row>
    <Row Tag="TXT_KEY_LEADER_RAMKHAMHAENG_TRADE_YES_NEUTRAL">
      <Text>Adil bir anlasma her iki tarafi da onurlandirir. Anlastik.</Text>
    </Row>
    <Row Tag="TXT_KEY_LEADER_RAMKHAMHAENG_TRADEREQUEST_ANGRY">
      <Text>Iste benim sartlarim. Kabul etmenizi tavsiye ederim.</Text>
    </Row>
    <Row Tag="TXT_KEY_LEADER_RAMKHAMHAENG_TRADEREQUEST_HAPPY">
      <Text>Bu anlasmayi kabul ederek beni onurlandirmis olursunuz.</Text>
    </Row>
    <Row Tag="TXT_KEY_LEADER_RAMKHAMHAENG_TRADEREQUEST_NEUTRAL">
      <Text>Selamlar. Bunun her iki taraf için de adil olduguna inaniyorum. Siz ne diyorsunuz?</Text>
    </Row>
    <Row Tag="TXT_KEY_LEADER_RAMKHAMHAENG_TRIBUTE_NO_ANGRY">
      <Text>Defol, ise yaramaz sefil! Senin varligin sarayima serefsizlik getiriyor!</Text>
    </Row>
    <Row Tag="TXT_KEY_LEADER_RAMKHAMHAENG_TRIBUTE_NO_HAPPY">
      <Text>Büyük bir isteksizlikle, isteginizi reddetmek zorundayim.</Text>
    </Row>
    <Row Tag="TXT_KEY_LEADER_RAMKHAMHAENG_TRIBUTE_NO_NEUTRAL">
      <Text>Böyle bir asagilanmaya boyun egmektense ölmeyi tercih ederim!</Text>
    </Row>
    <Row Tag="TXT_KEY_LEADER_RAMKHAMHAENG_TRIBUTE_YES_ANGRY">
      <Text>Seni küstah köpek! Bu onursuzlugun intikamini alacagim!</Text>
    </Row>
    <Row Tag="TXT_KEY_LEADER_RAMKHAMHAENG_TRIBUTE_YES_HAPPY">
      <Text>Bir misafir ve dost olarak sizi hiçbir seyden mahrum edemem.</Text>
    </Row>
    <Row Tag="TXT_KEY_LEADER_RAMKHAMHAENG_TRIBUTE_YES_NEUTRAL">
      <Text>Pekala, görünüse göre baska seçenegim yok. Ama bu asagilanmanin intikamini alacagim  yemin ederim!</Text>
    </Row>
    <Row Tag="TXT_KEY_LEADER_RAMKHAMHAENG_WARBLUFF_1">
      <Text>Tehlikeli bir oyun oynuyorsunuz.</Text>
    </Row>
    <Row Tag="TXT_KEY_LEADER_RAMKHAMHAENG_WARBLUFF_2">
      <Text>Pekala. Bir dahaki sefere bu kadar kibar olmayacagim!</Text>
    </Row>
    <Row Tag="TXT_KEY_LEADER_RAMKHAMHAENG_WARBLUFF_3">
      <Text>Ne hayal kirikligi.</Text>
    </Row>
    <Row Tag="TXT_KEY_LEADER_RAMKHAMHAENG_WARBLUFF_4">
      <Text>Ne büyük hayal kirikligi.</Text>
    </Row>
    <Row Tag="TXT_KEY_LEADER_RAMKHAMHAENG_WARBLUFF_5">
      <Text>Gerçekten mi? Bu dar görüslülügünüzden pismanlik duyacak kadar yasamayacaginiza inaniyorum.</Text>
    </Row>
    <Row Tag="TXT_KEY_LEADER_RAMKHAMHAENG_WARBLUFF_6">
      <Text>Ne kadar aptalsin.</Text>
    </Row>
    <Row Tag="TXT_KEY_LEADER_RAMKHAMHAENG_WINWAR_1">
      <Text>Kötü bir sekilde yenildiniz, biliyorsunuz. Bu utançla nasil basa çikiyorsunuz?</Text>
    </Row>
  </Language_en_US>
</GameData>