﻿<?xml version="1.0" encoding="utf-8"?>
<GameData>
  <Language_en_US>
    <Row Tag="TXT_KEY_LEADER_BISMARCK_AGREE_SHORT_1">
      <Text>Cok iyi.</Text>
    </Row>
    <Row Tag="TXT_KEY_LEADER_BISMARCK_AGREE_SHORT_2">
      <Text>Tamam.</Text>
    </Row>
    <Row Tag="TXT_KEY_LEADER_BISMARCK_AGREE_SHORT_3">
      <Text>Kesinlikle.</Text>
    </Row>
    <Row Tag="TXT_KEY_LEADER_BISMARCK_AGREE_SHORT_4">
      <Text>Kabul edildi.</Text>
    </Row>
    <Row Tag="TXT_KEY_LEADER_BISMARCK_AGREE_SHORT_5">
      <Text>Oh, çok iyi.</Text>
    </Row>
    <Row Tag="TXT_KEY_LEADER_BISMARCK_AGREE_SHORT_6">
      <Text>Sanirim yapmaliyim.</Text>
    </Row>
    <Row Tag="TXT_KEY_LEADER_BISMARCK_AGREE_SHORT_7">
      <Text>Mükemmel.</Text>
    </Row>
    <Row Tag="TXT_KEY_LEADER_BISMARCK_ATTACKED_1">
      <Text>Mükemmel! Sonunda tuzagima düstün!</Text>
    </Row>
    <Row Tag="TXT_KEY_LEADER_BISMARCK_ATTACKED_2">
      <Text>Ne kadar olaganüstü aptalca bir karar. Bu aptalligin bedelini ödeyeceksiniz.</Text>
    </Row>
    <Row Tag="TXT_KEY_LEADER_BISMARCK_ATTACKED_3">
      <Text>Seni asagilik alçak! Seni gömecegiz!</Text>
    </Row>
    <Row Tag="TXT_KEY_LEADER_BISMARCK_DECLAREWAR_1">
      <Text>Ülkenizin Almanya'nin hayati ulusal çikarlari için bir tehdit olusturduguna karar verdim. Bu nedenle - sizi temin ederim ki büyük bir isteksizlikle - sizi yok etmeye karar verdim.</Text>
    </Row>
    <Row Tag="TXT_KEY_LEADER_BISMARCK_DECLAREWAR_2">
      <Text>Iki ulusun kaçinilmaz olarak karsi karsiya gelmesi gerektigi bana açikça belli oldu. Siz daha da güçlenene kadar beklemek istemiyorum, bu yüzden savasa hazirlanin!</Text>
    </Row>
    <Row Tag="TXT_KEY_LEADER_BISMARCK_DECLAREWAR_3">
      <Text>Varliginizi sürdürmeniz Alman çikarlari için bir tehdit olusturuyor. Savasa hazirlanin.</Text>
    </Row>
    <Row Tag="TXT_KEY_LEADER_BISMARCK_DEFEATED_1">
      <Text>Almanya yok edildi - gelecek nesiller için agliyorum!</Text>
    </Row>
    <Row Tag="TXT_KEY_LEADER_BISMARCK_DEFEATED_2">
      <Text>Zaferiniz için sizi kutluyorum. Tarihin güçleri gerçekten sizin yaninizda olmali.</Text>
    </Row>
    <Row Tag="TXT_KEY_LEADER_BISMARCK_DEFEATED_3">
      <Text>Akil almaz! Ben, Otto Von Bismarck - Lauenburg Dükü, Prusya Basbakani ve Almanya'nin Ilk Sansölyesi - Sizin gibiler tarafindan yenildim mi?</Text>
    </Row>
    <Row Tag="TXT_KEY_LEADER_BISMARCK_DEFEATED_4">
      <Text>Zaferiniz için sizi kutluyorum. Büyük imparatorlugunuz bin yil boyunca ayakta kalsin!</Text>
    </Row>
    <Row Tag="TXT_KEY_LEADER_BISMARCK_DEMANDTRIBUTE_ANGRY">
      <Text>Eger zavalli ülkenizin hayatta kalmasini istiyorsaniz bize sunlari verin.</Text>
    </Row>
    <Row Tag="TXT_KEY_LEADER_BISMARCK_DEMANDTRIBUTE_HAPPY">
      <Text>Almanya'nin senin yardimina ihtiyaci var, dostum. Buna uymaniz ülkenizin yararina olacaktir.</Text>
    </Row>
    <Row Tag="TXT_KEY_LEADER_BISMARCK_DEMANDTRIBUTE_NEUTRAL">
      <Text>Almanya bunu sizden derhal talep ediyor. Askerlerimiz cevabinizi bekliyor.</Text>
    </Row>
    <Row Tag="TXT_KEY_LEADER_BISMARCK_DISAGREE_SHORT_1">
      <Text>Hayir.</Text>
    </Row>
    <Row Tag="TXT_KEY_LEADER_BISMARCK_DISAGREE_SHORT_2">
      <Text>Kesinlikle olmaz.</Text>
    </Row>
    <Row Tag="TXT_KEY_LEADER_BISMARCK_DISAGREE_SHORT_3">
      <Text>Reddediyoruz.</Text>
    </Row>
    <Row Tag="TXT_KEY_LEADER_BISMARCK_DISAGREE_SHORT_4">
      <Text>Tabii ki hayir.</Text>
    </Row>
    <Row Tag="TXT_KEY_LEADER_BISMARCK_DISAGREE_SHORT_5">
      <Text>Bu kabul edilemez.</Text>
    </Row>
    <Row Tag="TXT_KEY_LEADER_BISMARCK_DISAGREE_SHORT_6">
      <Text>Ciddi olamazsin!</Text>
    </Row>
    <Row Tag="TXT_KEY_LEADER_BISMARCK_DISAGREE_SHORT_7">
      <Text>Pardon?</Text>
    </Row>
    <Row Tag="TXT_KEY_LEADER_BISMARCK_FIRSTGREETING_1">
      <Text>Yüce Alman halki seni selamliyor, Yabanci.</Text>
    </Row>
    <Row Tag="TXT_KEY_LEADER_BISMARCK_FIRSTGREETING_2">
      <Text>Almanya sizi selamliyor. Iki büyük halkimiz arasinda her zaman baris olmasi için dua ediyorum.</Text>
    </Row>
    <Row Tag="TXT_KEY_LEADER_BISMARCK_FIRSTGREETING_3">
      <Text>Büyük Alman halki adina size hos geldiniz diyorum!</Text>
    </Row>
    <Row Tag="TXT_KEY_LEADER_BISMARCK_GOODBYE_1">
      <Text>Iyi günler.</Text>
    </Row>
    <Row Tag="TXT_KEY_LEADER_BISMARCK_GOODBYE_2">
      <Text>Elveda.</Text>
    </Row>
    <Row Tag="TXT_KEY_LEADER_BISMARCK_GOODBYE_3">
      <Text>Güle güle.</Text>
    </Row>
    <Row Tag="TXT_KEY_LEADER_BISMARCK_GOODBYE_4">
      <Text>Tekrar görüsene kadar.</Text>
    </Row>
    <Row Tag="TXT_KEY_LEADER_BISMARCK_GOODBYE_5">
      <Text>Simdi git buradan.</Text>
    </Row>
    <Row Tag="TXT_KEY_LEADER_BISMARCK_GOODBYE_6">
      <Text>Hepsi bu kadar.</Text>
    </Row>
    <Row Tag="TXT_KEY_LEADER_BISMARCK_GOODBYE_7">
      <Text>Buradaki isimiz bitti.</Text>
    </Row>
    <Row Tag="TXT_KEY_LEADER_BISMARCK_GREETING_1">
      <Text>Evet mi?</Text>
    </Row>
    <Row Tag="TXT_KEY_LEADER_BISMARCK_GREETING_2">
      <Text>Merhaba!</Text>
    </Row>
    <Row Tag="TXT_KEY_LEADER_BISMARCK_GREETING_3">
      <Text>Eee?</Text>
    </Row>
    <Row Tag="TXT_KEY_LEADER_BISMARCK_GREETING_4">
      <Text>Ne istiyorsun?</Text>
    </Row>
    <Row Tag="TXT_KEY_LEADER_BISMARCK_GREETING_5">
      <Text>Eee? Disari!</Text>
    </Row>
    <Row Tag="TXT_KEY_LEADER_BISMARCK_GREETING_6">
      <Text>Varliginizdan duydugum onuru neye borçluyum?</Text>
    </Row>
    <Row Tag="TXT_KEY_LEADER_BISMARCK_LETSHEARIT_1">
      <Text>Duyalim bakalim.</Text>
    </Row>
    <Row Tag="TXT_KEY_LEADER_BISMARCK_LETSHEARIT_2">
      <Text>Devam et.</Text>
    </Row>
    <Row Tag="TXT_KEY_LEADER_BISMARCK_LETSHEARIT_3">
      <Text>Devam edin.</Text>
    </Row>
    <Row Tag="TXT_KEY_LEADER_BISMARCK_LETSHEARIT_4">
      <Text>Dinliyorum.</Text>
    </Row>
    <Row Tag="TXT_KEY_LEADER_BISMARCK_LETSHEARIT_5">
      <Text>Evet mi?</Text>
    </Row>
    <Row Tag="TXT_KEY_LEADER_BISMARCK_LETSHEARIT_6">
      <Text>Ne diyordun?</Text>
    </Row>
    <Row Tag="TXT_KEY_LEADER_BISMARCK_LETSHEARIT_7">
      <Text>Ve?</Text>
    </Row>
    <Row Tag="TXT_KEY_LEADER_BISMARCK_LETSHEARIT_8">
      <Text>Devam et.</Text>
    </Row>
    <Row Tag="TXT_KEY_LEADER_BISMARCK_LOSEWAR_1">
      <Text>Buna beraberlik diyelim, olur mu?</Text>
    </Row>
    <Row Tag="TXT_KEY_LEADER_BISMARCK_LOSEWAR_2">
      <Text>Adil ve onurlu bir barisa varabildigimiz için mutluyum.</Text>
    </Row>
    <Row Tag="TXT_KEY_LEADER_BISMARCK_LOSEWAR_3">
      <Text>Almanya zaferinizi kabul ediyor. Tebrik edilmelisiniz.</Text>
    </Row>
    <Row Tag="TXT_KEY_LEADER_BISMARCK_QUOTE_1">
      <Text>Zamanin büyük sorunlari, çogunlugun konusmalari ve oylariyla degil - 1848 ve 1849'daki hata buydu - demir ve kanla karara baglanir.</Text>
    </Row>
    <Row Tag="TXT_KEY_LEADER_BISMARCK_QUOTE_2">
      <Text>Sinirdaki fetihçi bir ordu güzel sözlerle durdurulamaz.</Text>
    </Row>
    <Row Tag="TXT_KEY_LEADER_BISMARCK_QUOTE_3">
      <Text>Tanri'nin aptallar, sarhoslar ve Amerika Birlesik Devletleri için özel bir takdiri vardir.</Text>
    </Row>
    <Row Tag="TXT_KEY_LEADER_BISMARCK_QUOTE_4">
      <Text>Büyük devletler arasindaki tüm anlasmalar, var olma mücadelesiyle çatismaya girdiklerinde baglayici olmaktan çikar.</Text>
    </Row>
    <Row Tag="TXT_KEY_LEADER_BISMARCK_TRADE_NEEDMORE_ANGRY_1">
      <Text>Kabul edilemez, kabul edilemez, kabul edilemez! Teklifinizi gelistirin ya da gidin!</Text>
    </Row>
    <Row Tag="TXT_KEY_LEADER_BISMARCK_TRADE_NEEDMORE_ANGRY_2">
      <Text>Bu yeterince iyi degil.</Text>
    </Row>
    <Row Tag="TXT_KEY_LEADER_BISMARCK_TRADE_NEEDMORE_ANGRY_3">
      <Text>Bundan daha iyisini yapmalisin.</Text>
    </Row>
    <Row Tag="TXT_KEY_LEADER_BISMARCK_TRADE_NEEDMORE_ANGRY_4">
      <Text>Neredeyse...</Text>
    </Row>
    <Row Tag="TXT_KEY_LEADER_BISMARCK_TRADE_NEEDMORE_HAPPY_1">
      <Text>Almanya teklifini kabul edemez, dostum. Eminim daha iyisini yapabilirsin?</Text>
    </Row>
    <Row Tag="TXT_KEY_LEADER_BISMARCK_TRADE_NEEDMORE_HAPPY_2">
      <Text>Yapabileceginin en iyisi bu mu?</Text>
    </Row>
    <Row Tag="TXT_KEY_LEADER_BISMARCK_TRADE_NEEDMORE_HAPPY_3">
      <Text>Neredeyse vardin.</Text>
    </Row>
    <Row Tag="TXT_KEY_LEADER_BISMARCK_TRADE_NEEDMORE_HAPPY_4">
      <Text>Neredeyse...</Text>
    </Row>
    <Row Tag="TXT_KEY_LEADER_BISMARCK_TRADE_NEEDMORE_NEUTRAL_1">
      <Text>Kesinlikle olmaz. Daha iyisini yapmalisin.</Text>
    </Row>
    <Row Tag="TXT_KEY_LEADER_BISMARCK_TRADE_NEEDMORE_NEUTRAL_2">
      <Text>Biraz daha iyisini yapabilir misin?</Text>
    </Row>
    <Row Tag="TXT_KEY_LEADER_BISMARCK_TRADE_NEEDMORE_NEUTRAL_3">
      <Text>Bu yeterince iyi degil.</Text>
    </Row>
    <Row Tag="TXT_KEY_LEADER_BISMARCK_TRADE_NEEDMORE_NEUTRAL_4">
      <Text>Neredeyse...</Text>
    </Row>
    <Row Tag="TXT_KEY_LEADER_BISMARCK_TRADE_NO_ANGRY">
      <Text>Hayir! Bu kesinlikle söz konusu olamaz!</Text>
    </Row>
    <Row Tag="TXT_KEY_LEADER_BISMARCK_TRADE_NO_HAPPY">
      <Text>Dünyadaki tüm iyi niyetimle, teklifinizi reddetmek zorundayim.</Text>
    </Row>
    <Row Tag="TXT_KEY_LEADER_BISMARCK_TRADE_NO_NEUTRAL">
      <Text>Almanya su anda teklifinizle ilgilenmiyor.</Text>
    </Row>
    <Row Tag="TXT_KEY_LEADER_BISMARCK_TRADE_YES_ANGRY">
      <Text>Cok iyi.</Text>
    </Row>
    <Row Tag="TXT_KEY_LEADER_BISMARCK_TRADE_YES_HAPPY">
      <Text>Mükemmel! Büyük bir feraset gösteriyorsunuz.</Text>
    </Row>
    <Row Tag="TXT_KEY_LEADER_BISMARCK_TRADE_YES_NEUTRAL">
      <Text>Bu kabul edilebilir.</Text>
    </Row>
    <Row Tag="TXT_KEY_LEADER_BISMARCK_TRADEREQUEST_ANGRY">
      <Text>Bu teklifi dikkatle degerlendirmenizde fayda var.</Text>
    </Row>
    <Row Tag="TXT_KEY_LEADER_BISMARCK_TRADEREQUEST_HAPPY">
      <Text>Bu anlasmanin her iki halka da fayda saglayacagina inaniyorum, dostum. Sen ne diyorsun?</Text>
    </Row>
    <Row Tag="TXT_KEY_LEADER_BISMARCK_TRADEREQUEST_NEUTRAL">
      <Text>Cömert Alman halki size bu son derece adil teklifi yapiyor.</Text>
    </Row>
    <Row Tag="TXT_KEY_LEADER_BISMARCK_TRIBUTE_NO_ANGRY">
      <Text>Gel de al, seni kibirli aptal.</Text>
    </Row>
    <Row Tag="TXT_KEY_LEADER_BISMARCK_TRIBUTE_NO_HAPPY">
      <Text>Böyle bir hareket su anda bizim çikarimiza olmayacaktir.</Text>
    </Row>
    <Row Tag="TXT_KEY_LEADER_BISMARCK_TRIBUTE_NO_NEUTRAL">
      <Text>Almanya kendinden asagi uluslardan gelen tehditlere boyun egmez.</Text>
    </Row>
    <Row Tag="TXT_KEY_LEADER_BISMARCK_TRIBUTE_YES_ANGRY">
      <Text>Kibrinizin sonu yok mu? Bunu unutmayacagiz.</Text>
    </Row>
    <Row Tag="TXT_KEY_LEADER_BISMARCK_TRIBUTE_YES_HAPPY">
      <Text>Cok iyi. Gelecekte Almanya için de ayni seyi yapacaginiza inaniyorum.</Text>
    </Row>
    <Row Tag="TXT_KEY_LEADER_BISMARCK_TRIBUTE_YES_NEUTRAL">
      <Text>Cok iyi. Güçler dengesi sizin lehinize - simdilik.</Text>
    </Row>
    <Row Tag="TXT_KEY_LEADER_BISMARCK_WARBLUFF_1">
      <Text>Tehlikeli bir oyun oynuyorsunuz.</Text>
    </Row>
    <Row Tag="TXT_KEY_LEADER_BISMARCK_WARBLUFF_2">
      <Text>Bu tür bir kabadayilik tehlikeli olabilir, özellikle de kisi bunu destekleyecek güce sahip degilse.</Text>
    </Row>
    <Row Tag="TXT_KEY_LEADER_BISMARCK_WARBLUFF_3">
      <Text>Demek blöfümü görmeyi seçtin, ha? Tebrik ederim.</Text>
    </Row>
    <Row Tag="TXT_KEY_LEADER_BISMARCK_WARBLUFF_4">
      <Text>Ne büyük hayal kirikligi.</Text>
    </Row>
    <Row Tag="TXT_KEY_LEADER_BISMARCK_WARBLUFF_5">
      <Text>Bunu unutmayacagiz!</Text>
    </Row>
    <Row Tag="TXT_KEY_LEADER_BISMARCK_WARBLUFF_6">
      <Text>Ne kadar aptalsin.</Text>
    </Row>
    <Row Tag="TXT_KEY_LEADER_BISMARCK_WINWAR_1">
      <Text>Güçlü Almanya'nin yoluna çikmanin aptalca oldugunu ögrendiginize inaniyorum.</Text>
    </Row>
    <Row Tag="TXT_KEY_LEADER_BISMARCK_WINWAR_2">
      <Text>Cok iyi. Umarim dersinizi almissinizdir.</Text>
    </Row>
    <Row Tag="TXT_KEY_LEADER_BISMARCK_WINWAR_3">
      <Text>Sonunda güçlü Almanya'nin üstünlügünü kabul etmenize sevindim. Bir daha bize karsi gelmeyin!</Text>
    </Row>
  </Language_en_US>
</GameData>