﻿<?xml version="1.0" encoding="utf-8"?>
<GameData>
  <Language_en_US>
    <Row Tag="TXT_KEY_LEADER_CATHERINE_AGREE_SHORT_1">
      <Text>Cok iyi.</Text>
    </Row>
    <Row Tag="TXT_KEY_LEADER_CATHERINE_AGREE_SHORT_2">
      <Text>Tamam.</Text>
    </Row>
    <Row Tag="TXT_KEY_LEADER_CATHERINE_AGREE_SHORT_3">
      <Text>Kesinlikle.</Text>
    </Row>
    <Row Tag="TXT_KEY_LEADER_CATHERINE_AGREE_SHORT_4">
      <Text>Kabul edildi.</Text>
    </Row>
    <Row Tag="TXT_KEY_LEADER_CATHERINE_AGREE_SHORT_5">
      <Text>Oh, çok iyi.</Text>
    </Row>
    <Row Tag="TXT_KEY_LEADER_CATHERINE_AGREE_SHORT_6">
      <Text>Sanirim yapmaliyim.</Text>
    </Row>
    <Row Tag="TXT_KEY_LEADER_CATHERINE_AGREE_SHORT_7">
      <Text>Mükemmel.</Text>
    </Row>
    <Row Tag="TXT_KEY_LEADER_CATHERINE_ATTACKED_1">
      <Text>Tutkumu zayiflikla karistiriyorsun. Buna pisman olacaksin.</Text>
    </Row>
    <Row Tag="TXT_KEY_LEADER_CATHERINE_ATTACKED_2">
      <Text>Bizi hafife aliyorsunuz - Kutsal Rusya sizi canli canli yiyecek!</Text>
    </Row>
    <Row Tag="TXT_KEY_LEADER_CATHERINE_ATTACKED_3">
      <Text>Seni aptal. Bunu ödeyeceksin.</Text>
    </Row>
    <Row Tag="TXT_KEY_LEADER_CATHERINE_ATTACKED_4">
      <Text>Seni aptal köylü. Seni gömecegiz!</Text>
    </Row>
    <Row Tag="TXT_KEY_LEADER_CATHERINE_DECLAREWAR_1">
      <Text>Artik seni eglenceli bulmuyorum. Savasa hazirlanin!</Text>
    </Row>
    <Row Tag="TXT_KEY_LEADER_CATHERINE_DECLAREWAR_2">
      <Text>Cok kötü davrandin, biliyorsun. Simdi bedelini ödemelisin.</Text>
    </Row>
    <Row Tag="TXT_KEY_LEADER_CATHERINE_DECLAREWAR_3">
      <Text>Zavalli ulusunuz Rus büyüklügünün önünde duruyor! Yok olmalisiniz!</Text>
    </Row>
    <Row Tag="TXT_KEY_LEADER_CATHERINE_DEFEATED_1">
      <Text>Gerçekten iyi oynadin. Tebrikler.</Text>
    </Row>
    <Row Tag="TXT_KEY_LEADER_CATHERINE_DEFEATED_2">
      <Text>Sana verdigim krediden daha kurnaz bir rakipsin. Tebrik ederim.</Text>
    </Row>
    <Row Tag="TXT_KEY_LEADER_CATHERINE_DEFEATED_3">
      <Text>Yenildik. Bu beni senin esirin yapar. Sanirim daha kötü kaderler de var.</Text>
    </Row>
    <Row Tag="TXT_KEY_LEADER_CATHERINE_DEMANDTRIBUTE_ANGRY">
      <Text>Hayatta kalmak istiyorsaniz bize istedigimizi vermelisiniz.</Text>
    </Row>
    <Row Tag="TXT_KEY_LEADER_CATHERINE_DEMANDTRIBUTE_HAPPY">
      <Text>Sevgili dostum, bize sunlari verebilir misin?</Text>
    </Row>
    <Row Tag="TXT_KEY_LEADER_CATHERINE_DEMANDTRIBUTE_NEUTRAL">
      <Text>Iki büyük ulus arasindaki barisçil iliskilerin devamini saglamak için küçük bir hediye vermek ister misiniz?</Text>
    </Row>
    <Row Tag="TXT_KEY_LEADER_CATHERINE_DISAGREE_SHORT_1">
      <Text>Hayir.</Text>
    </Row>
    <Row Tag="TXT_KEY_LEADER_CATHERINE_DISAGREE_SHORT_2">
      <Text>Kesinlikle olmaz.</Text>
    </Row>
    <Row Tag="TXT_KEY_LEADER_CATHERINE_DISAGREE_SHORT_3">
      <Text>Reddediyoruz.</Text>
    </Row>
    <Row Tag="TXT_KEY_LEADER_CATHERINE_DISAGREE_SHORT_4">
      <Text>Tabii ki hayir.</Text>
    </Row>
    <Row Tag="TXT_KEY_LEADER_CATHERINE_DISAGREE_SHORT_5">
      <Text>Bu kabul edilemez.</Text>
    </Row>
    <Row Tag="TXT_KEY_LEADER_CATHERINE_DISAGREE_SHORT_6">
      <Text>Ciddi olamazsin!</Text>
    </Row>
    <Row Tag="TXT_KEY_LEADER_CATHERINE_DISAGREE_SHORT_7">
      <Text>Pardon?</Text>
    </Row>
    <Row Tag="TXT_KEY_LEADER_CATHERINE_FIRSTGREETING_1">
      <Text>Dünya sahnesinde baska bir oyuncuyla tanismak güzel. Insanin kendi tebaasi biktirici derecede dalkavuk olabiliyor, sizce de öyle degil mi?</Text>
    </Row>
    <Row Tag="TXT_KEY_LEADER_CATHERINE_FIRSTGREETING_2">
      <Text>Hos geldiniz! Küçük uluslarin liderleriyle tanismaktan her zaman keyif almisimdir!</Text>
    </Row>
    <Row Tag="TXT_KEY_LEADER_CATHERINE_FIRSTGREETING_3">
      <Text>Merhaba, Yabanci! Eger çekici oldugun kadar akilli ve mantikli biriysen çok iyi anlasacagiz!</Text>
    </Row>
    <Row Tag="TXT_KEY_LEADER_CATHERINE_GOODBYE_1">
      <Text>Iyi günler.</Text>
    </Row>
    <Row Tag="TXT_KEY_LEADER_CATHERINE_GOODBYE_2">
      <Text>Elveda.</Text>
    </Row>
    <Row Tag="TXT_KEY_LEADER_CATHERINE_GOODBYE_3">
      <Text>Güle güle.</Text>
    </Row>
    <Row Tag="TXT_KEY_LEADER_CATHERINE_GOODBYE_4">
      <Text>Tekrar görüsene kadar.</Text>
    </Row>
    <Row Tag="TXT_KEY_LEADER_CATHERINE_GOODBYE_5">
      <Text>Simdi git buradan.</Text>
    </Row>
    <Row Tag="TXT_KEY_LEADER_CATHERINE_GOODBYE_6">
      <Text>Hala burada misin?</Text>
    </Row>
    <Row Tag="TXT_KEY_LEADER_CATHERINE_GOODBYE_7">
      <Text>Hepsi bu kadar.</Text>
    </Row>
    <Row Tag="TXT_KEY_LEADER_CATHERINE_GOODBYE_8">
      <Text>Buradaki isimiz bitti.</Text>
    </Row>
    <Row Tag="TXT_KEY_LEADER_CATHERINE_GREETING_1">
      <Text>Hos geldiniz.</Text>
    </Row>
    <Row Tag="TXT_KEY_LEADER_CATHERINE_GREETING_2">
      <Text>Merhaba.</Text>
    </Row>
    <Row Tag="TXT_KEY_LEADER_CATHERINE_GREETING_3">
      <Text>Selamlar.</Text>
    </Row>
    <Row Tag="TXT_KEY_LEADER_CATHERINE_GREETING_4">
      <Text>Iyi günler.</Text>
    </Row>
    <Row Tag="TXT_KEY_LEADER_CATHERINE_GREETING_5">
      <Text>Oh, sensin.</Text>
    </Row>
    <Row Tag="TXT_KEY_LEADER_CATHERINE_GREETING_6">
      <Text>Eee?</Text>
    </Row>
    <Row Tag="TXT_KEY_LEADER_CATHERINE_GREETING_7">
      <Text>Ne istiyorsun?</Text>
    </Row>
    <Row Tag="TXT_KEY_LEADER_CATHERINE_LETSHEARIT_1">
      <Text>Devam et.</Text>
    </Row>
    <Row Tag="TXT_KEY_LEADER_CATHERINE_LETSHEARIT_2">
      <Text>Devam edin.</Text>
    </Row>
    <Row Tag="TXT_KEY_LEADER_CATHERINE_LETSHEARIT_3">
      <Text>Dinliyorum.</Text>
    </Row>
    <Row Tag="TXT_KEY_LEADER_CATHERINE_LETSHEARIT_4">
      <Text>Evet mi?</Text>
    </Row>
    <Row Tag="TXT_KEY_LEADER_CATHERINE_LETSHEARIT_5">
      <Text>Ne diyordun?</Text>
    </Row>
    <Row Tag="TXT_KEY_LEADER_CATHERINE_LETSHEARIT_6">
      <Text>Ve?</Text>
    </Row>
    <Row Tag="TXT_KEY_LEADER_CATHERINE_LETSHEARIT_7">
      <Text>Devam et.</Text>
    </Row>
    <Row Tag="TXT_KEY_LEADER_CATHERINE_LOSEWAR_1">
      <Text>Basarinizdan dolayi sizi kutluyorum. Cesaretiniz beni çok etkiledi.</Text>
    </Row>
    <Row Tag="TXT_KEY_LEADER_CATHERINE_LOSEWAR_2">
      <Text>Simdi barisin meyvelerinin tadini çikaralim.</Text>
    </Row>
    <Row Tag="TXT_KEY_LEADER_CATHERINE_LOSEWAR_3">
      <Text>Hosgörünüz için tesekkür ederim. Beni nankör bulmayacaksiniz.</Text>
    </Row>
    <Row Tag="TXT_KEY_LEADER_CATHERINE_QUOTE_1">
      <Text>Egemen mutlaktir  çünkü böylesine genis bir Egemenligin Kapsamiyla orantili bir Güçle hareket edebilecek, tek Sahsinda merkezlenen Otoriteden baska bir Otorite yoktur.</Text>
    </Row>
    <Row Tag="TXT_KEY_LEADER_CATHERINE_QUOTE_2">
      <Text>Ben bir otokrat olacagim, bu benim isim  ve Tanri beni affedecek, bu da onun isi.</Text>
    </Row>
    <Row Tag="TXT_KEY_LEADER_CATHERINE_QUOTE_3">
      <Text>Yüksek sesle övmeyi ve ödüllendirmeyi, sessizce suçlamayi severim.</Text>
    </Row>
    <Row Tag="TXT_KEY_LEADER_CATHERINE_TRADE_NEEDMORE_ANGRY_1">
      <Text>Açik açgözlülügünüzü oldukça ferahlatici buluyorum, ancak reddetmek zorundayim. Lütfen teklifinizi gelistirin ya da gidin.</Text>
    </Row>
    <Row Tag="TXT_KEY_LEADER_CATHERINE_TRADE_NEEDMORE_ANGRY_2">
      <Text>Bu yeterince iyi degil.</Text>
    </Row>
    <Row Tag="TXT_KEY_LEADER_CATHERINE_TRADE_NEEDMORE_ANGRY_3">
      <Text>Bundan daha iyisini yapmalisin.</Text>
    </Row>
    <Row Tag="TXT_KEY_LEADER_CATHERINE_TRADE_NEEDMORE_HAPPY_1">
      <Text>Teklifinizi gelistirebilirseniz son derece minnettar olurum.</Text>
    </Row>
    <Row Tag="TXT_KEY_LEADER_CATHERINE_TRADE_NEEDMORE_HAPPY_2">
      <Text>Yapabileceginin en iyisi bu mu?</Text>
    </Row>
    <Row Tag="TXT_KEY_LEADER_CATHERINE_TRADE_NEEDMORE_HAPPY_3">
      <Text>Neredeyse vardin.</Text>
    </Row>
    <Row Tag="TXT_KEY_LEADER_CATHERINE_TRADE_NEEDMORE_NEUTRAL_1">
      <Text>Bizi fakirlestirmek mi istiyorsunuz? Simdi gel: adil bir teklif yap!</Text>
    </Row>
    <Row Tag="TXT_KEY_LEADER_CATHERINE_TRADE_NEEDMORE_NEUTRAL_2">
      <Text>Biraz daha iyisini yapabilir misin?</Text>
    </Row>
    <Row Tag="TXT_KEY_LEADER_CATHERINE_TRADE_NEEDMORE_NEUTRAL_3">
      <Text>Bu yeterince iyi degil.</Text>
    </Row>
    <Row Tag="TXT_KEY_LEADER_CATHERINE_TRADE_NEEDMORE_NEUTRAL_4">
      <Text>Neredeyse...</Text>
    </Row>
    <Row Tag="TXT_KEY_LEADER_CATHERINE_TRADE_NO_ANGRY">
      <Text>Kocam vefat etti, biliyorsunuz: Rusya artik bir aptal tarafindan yönetilmiyor. Reddediyoruz.</Text>
    </Row>
    <Row Tag="TXT_KEY_LEADER_CATHERINE_TRADE_NO_HAPPY">
      <Text>Samimiyetimizden faydalanmaya mi çalisiyorsun? Terbiyeli ol, yoksa sana çok kizarim.</Text>
    </Row>
    <Row Tag="TXT_KEY_LEADER_CATHERINE_TRADE_NO_NEUTRAL">
      <Text>Teklifinize olan ilgisizligimizi kelimelerle ifade etmek mümkün degil.</Text>
    </Row>
    <Row Tag="TXT_KEY_LEADER_CATHERINE_TRADE_YES_ANGRY">
      <Text>Pekâlâ. Bu sikici görüsmeleri kisaltmak için her seyi yaparim.</Text>
    </Row>
    <Row Tag="TXT_KEY_LEADER_CATHERINE_TRADE_YES_HAPPY">
      <Text>Mükemmel. Anlastik!</Text>
    </Row>
    <Row Tag="TXT_KEY_LEADER_CATHERINE_TRADE_YES_NEUTRAL">
      <Text>Rusya sartlarinizi kabul ediyor.</Text>
    </Row>
    <Row Tag="TXT_KEY_LEADER_CATHERINE_TRADEREQUEST_ANGRY">
      <Text>Size bir teklifte bulunuyoruz. Sizin için neyin iyi oldugunu biliyorsaniz kabul edersiniz.</Text>
    </Row>
    <Row Tag="TXT_KEY_LEADER_CATHERINE_TRADEREQUEST_HAPPY">
      <Text>Bu takasla seni bastan çikarabilir miyim?</Text>
    </Row>
    <Row Tag="TXT_KEY_LEADER_CATHERINE_TRADEREQUEST_NEUTRAL">
      <Text>Takasla ilgileniyor musunuz?</Text>
    </Row>
    <Row Tag="TXT_KEY_LEADER_CATHERINE_TRIBUTE_NO_ANGRY">
      <Text>Seni küstah zorba! Bu ne cüret? Seni kesip domuzlara yedirmeliyim!</Text>
    </Row>
    <Row Tag="TXT_KEY_LEADER_CATHERINE_TRIBUTE_NO_HAPPY">
      <Text>Ne kadar da yaramazsin. Sana bu kadar düskün oldugum için sanslisin.</Text>
    </Row>
    <Row Tag="TXT_KEY_LEADER_CATHERINE_TRIBUTE_NO_NEUTRAL">
      <Text>Bizden bir sey talep edecek konumda degilsiniz. Reddediyoruz!</Text>
    </Row>
    <Row Tag="TXT_KEY_LEADER_CATHERINE_TRIBUTE_YES_ANGRY">
      <Text>Buna pisman olacaksin, seni temin ederim.</Text>
    </Row>
    <Row Tag="TXT_KEY_LEADER_CATHERINE_TRIBUTE_YES_HAPPY">
      <Text>Ama tabii ki! Sizi hiçbir seyden geri çeviremem, hiçbir seyden!</Text>
    </Row>
    <Row Tag="TXT_KEY_LEADER_CATHERINE_TRIBUTE_YES_NEUTRAL">
      <Text>Görünüse göre kabul etmekten baska seçenegim yok. Simdilik.</Text>
    </Row>
    <Row Tag="TXT_KEY_LEADER_CATHERINE_WARBLUFF_1">
      <Text>Ne kadar nahos.</Text>
    </Row>
    <Row Tag="TXT_KEY_LEADER_CATHERINE_WARBLUFF_2">
      <Text>Ne büyük hayal kirikligi.</Text>
    </Row>
    <Row Tag="TXT_KEY_LEADER_CATHERINE_WARBLUFF_3">
      <Text>Gerçekten mi? Bu dar görüslülügünüzden pismanlik duyacak kadar yasamayacaginiza inaniyorum.</Text>
    </Row>
    <Row Tag="TXT_KEY_LEADER_CATHERINE_WARBLUFF_4">
      <Text>Ne kadar aptalsin.</Text>
    </Row>
    <Row Tag="TXT_KEY_LEADER_CATHERINE_WARBLUFF_5">
      <Text>Pekala. Basinin üstünde olsun.</Text>
    </Row>
    <Row Tag="TXT_KEY_LEADER_CATHERINE_WINWAR_1">
      <Text>Bu is bitti. Cok kötü davrandin, biliyorsun: Yaptiginiz hatayi ögrendiginize inaniyorum.</Text>
    </Row>
  </Language_en_US>
</GameData>