﻿<?xml version="1.0" encoding="utf-8"?>
<GameData>
  <Language_en_US>
    <Row Tag="TXT_KEY_LEADER_WUZETIAN_AGREE_SHORT_1">
      <Text>Cok iyi.</Text>
    </Row>
    <Row Tag="TXT_KEY_LEADER_WUZETIAN_AGREE_SHORT_2">
      <Text>Tamam.</Text>
    </Row>
    <Row Tag="TXT_KEY_LEADER_WUZETIAN_AGREE_SHORT_3">
      <Text>Kesinlikle.</Text>
    </Row>
    <Row Tag="TXT_KEY_LEADER_WUZETIAN_AGREE_SHORT_4">
      <Text>Kabul edildi.</Text>
    </Row>
    <Row Tag="TXT_KEY_LEADER_WUZETIAN_AGREE_SHORT_5">
      <Text>Oh, çok iyi.</Text>
    </Row>
    <Row Tag="TXT_KEY_LEADER_WUZETIAN_AGREE_SHORT_6">
      <Text>Sanirim yapmaliyim.</Text>
    </Row>
    <Row Tag="TXT_KEY_LEADER_WUZETIAN_AGREE_SHORT_7">
      <Text>Mükemmel.</Text>
    </Row>
    <Row Tag="TXT_KEY_LEADER_WUZETIAN_ATTACKED_1">
      <Text>Aptal! Seni bir sazan gibi desecegiz!</Text>
    </Row>
    <Row Tag="TXT_KEY_LEADER_WUZETIAN_ATTACKED_2">
      <Text>Barbar aptal! Seni yok edecegiz!</Text>
    </Row>
    <Row Tag="TXT_KEY_LEADER_WUZETIAN_ATTACKED_3">
      <Text>Lanet olsun sana! Kisacik varliginizin geri kalani boyunca bu güne pisman olacaksiniz!</Text>
    </Row>
    <Row Tag="TXT_KEY_LEADER_WUZETIAN_DECLAREWAR_1">
      <Text>Ise yararliligini yitirdiniz. Geber.</Text>
    </Row>
    <Row Tag="TXT_KEY_LEADER_WUZETIAN_DECLAREWAR_2">
      <Text>Artik isimize yaramiyorsun. Geber.</Text>
    </Row>
    <Row Tag="TXT_KEY_LEADER_WUZETIAN_DECLAREWAR_3">
      <Text>Bana son kez hakaret ettin! Geber!</Text>
    </Row>
    <Row Tag="TXT_KEY_LEADER_WUZETIAN_DEFEATED_1">
      <Text>Beni mahvettin. Sizi tebrik ediyorum. Kosullar tersine dönseydi, ben de aynisini size seve seve yapardim.</Text>
    </Row>
    <Row Tag="TXT_KEY_LEADER_WUZETIAN_DEFEATED_2">
      <Text>Bu dünyada isim bitti. Belki öbür dünyada intikamimi alirim.</Text>
    </Row>
    <Row Tag="TXT_KEY_LEADER_WUZETIAN_DEFEATED_3">
      <Text>Kurnaz ve degerli bir rakip oldugunuzu kanitladiniz. Zaferinizi takdir ediyorum.</Text>
    </Row>
    <Row Tag="TXT_KEY_LEADER_WUZETIAN_DEMANDTRIBUTE_ANGRY">
      <Text>Eger sefil varliginizi sürdürmek istiyorsaniz, o zaman bize sunlari verin.</Text>
    </Row>
    <Row Tag="TXT_KEY_LEADER_WUZETIAN_DEMANDTRIBUTE_HAPPY">
      <Text>Dostum, Cin'in senin yardimina ihtiyaci var. Desteginize güvenebilecegimizden eminim.</Text>
    </Row>
    <Row Tag="TXT_KEY_LEADER_WUZETIAN_DEMANDTRIBUTE_NEUTRAL">
      <Text>Alternatifin ilgili herkes için çok daha pahali olmasi muhtemel oldugundan, bize asagidakileri vermenizi tavsiye ederim.</Text>
    </Row>
    <Row Tag="TXT_KEY_LEADER_WUZETIAN_DISAGREE_SHORT_1">
      <Text>Hayir.</Text>
    </Row>
    <Row Tag="TXT_KEY_LEADER_WUZETIAN_DISAGREE_SHORT_2">
      <Text>Kesinlikle olmaz.</Text>
    </Row>
    <Row Tag="TXT_KEY_LEADER_WUZETIAN_DISAGREE_SHORT_3">
      <Text>Reddediyoruz.</Text>
    </Row>
    <Row Tag="TXT_KEY_LEADER_WUZETIAN_DISAGREE_SHORT_4">
      <Text>Tabii ki hayir.</Text>
    </Row>
    <Row Tag="TXT_KEY_LEADER_WUZETIAN_DISAGREE_SHORT_5">
      <Text>Bu kabul edilemez.</Text>
    </Row>
    <Row Tag="TXT_KEY_LEADER_WUZETIAN_DISAGREE_SHORT_6">
      <Text>Ciddi olamazsin!</Text>
    </Row>
    <Row Tag="TXT_KEY_LEADER_WUZETIAN_DISAGREE_SHORT_7">
      <Text>Pardon?</Text>
    </Row>
    <Row Tag="TXT_KEY_LEADER_WUZETIAN_FIRSTGREETING_1">
      <Text>Hos geldiniz. Ben Wu Zetian, Cin Imparatoriçesi. Baskalariyla çatisma arayisinda degiliz, ancak çikarlarimizi korumak için güçlü bir sekilde karsilik verecegiz.</Text>
    </Row>
    <Row Tag="TXT_KEY_LEADER_WUZETIAN_FIRSTGREETING_2">
      <Text>Selamlar. Ben Imparatoriçe Wu Zetian. Cin kendi gelisimini sürdürmek için baris istiyor. Bizi rahat birakin, biz de sizin için aynisini yapalim.</Text>
    </Row>
    <Row Tag="TXT_KEY_LEADER_WUZETIAN_FIRSTGREETING_3">
      <Text>Selamlar. Ben Wu Zetian, Cin Imparatoriçesi. Cin baris içinde bir arada yasama ve adil ticaret arayisindadir, ancak saldirganliga güçlü bir sekilde karsilik verecektir. Umarim siz de ayni fikirdesinizdir.</Text>
    </Row>
    <Row Tag="TXT_KEY_LEADER_WUZETIAN_GOODBYE_1">
      <Text>Iyi günler.</Text>
    </Row>
    <Row Tag="TXT_KEY_LEADER_WUZETIAN_GOODBYE_2">
      <Text>Elveda.</Text>
    </Row>
    <Row Tag="TXT_KEY_LEADER_WUZETIAN_GOODBYE_3">
      <Text>Güle güle.</Text>
    </Row>
    <Row Tag="TXT_KEY_LEADER_WUZETIAN_GOODBYE_4">
      <Text>Tekrar görüsene kadar.</Text>
    </Row>
    <Row Tag="TXT_KEY_LEADER_WUZETIAN_GOODBYE_5">
      <Text>Simdi git buradan.</Text>
    </Row>
    <Row Tag="TXT_KEY_LEADER_WUZETIAN_GOODBYE_6">
      <Text>Hepsi bu kadar.</Text>
    </Row>
    <Row Tag="TXT_KEY_LEADER_WUZETIAN_GOODBYE_7">
      <Text>Buradaki isimiz bitti.</Text>
    </Row>
    <Row Tag="TXT_KEY_LEADER_WUZETIAN_GREETING_1">
      <Text>Hos geldiniz.</Text>
    </Row>
    <Row Tag="TXT_KEY_LEADER_WUZETIAN_GREETING_2">
      <Text>Merhaba.</Text>
    </Row>
    <Row Tag="TXT_KEY_LEADER_WUZETIAN_GREETING_3">
      <Text>Selamlar.</Text>
    </Row>
    <Row Tag="TXT_KEY_LEADER_WUZETIAN_GREETING_4">
      <Text>Iyi günler.</Text>
    </Row>
    <Row Tag="TXT_KEY_LEADER_WUZETIAN_GREETING_5">
      <Text>Oh, sensin.</Text>
    </Row>
    <Row Tag="TXT_KEY_LEADER_WUZETIAN_GREETING_6">
      <Text>Eee?</Text>
    </Row>
    <Row Tag="TXT_KEY_LEADER_WUZETIAN_GREETING_7">
      <Text>Ne istiyorsun?</Text>
    </Row>
    <Row Tag="TXT_KEY_LEADER_WUZETIAN_LETSHEARIT_1">
      <Text>Devam et.</Text>
    </Row>
    <Row Tag="TXT_KEY_LEADER_WUZETIAN_LETSHEARIT_2">
      <Text>Devam edin.</Text>
    </Row>
    <Row Tag="TXT_KEY_LEADER_WUZETIAN_LETSHEARIT_3">
      <Text>Dinliyorum.</Text>
    </Row>
    <Row Tag="TXT_KEY_LEADER_WUZETIAN_LETSHEARIT_4">
      <Text>Evet mi?</Text>
    </Row>
    <Row Tag="TXT_KEY_LEADER_WUZETIAN_LETSHEARIT_5">
      <Text>Ne diyordun?</Text>
    </Row>
    <Row Tag="TXT_KEY_LEADER_WUZETIAN_LETSHEARIT_6">
      <Text>Ve?</Text>
    </Row>
    <Row Tag="TXT_KEY_LEADER_WUZETIAN_LETSHEARIT_7">
      <Text>Devam et.</Text>
    </Row>
    <Row Tag="TXT_KEY_LEADER_WUZETIAN_LOSEWAR_1">
      <Text>Cin tüm komsulariyla barisi memnuniyetle karsilamaktadir. Bu tatsiz olayin gelecekte tekrarlanmasina gerek kalmayacagina inaniyorum.</Text>
    </Row>
    <Row Tag="TXT_KEY_LEADER_WUZETIAN_TRADE_NEEDMORE_ANGRY_1">
      <Text>Bizi cahil köylüler olarak mi görüyorsunuz? Bu teklif kabul edilemez. Iyilestirin.</Text>
    </Row>
    <Row Tag="TXT_KEY_LEADER_WUZETIAN_TRADE_NEEDMORE_ANGRY_2">
      <Text>Bu yeterince iyi degil.</Text>
    </Row>
    <Row Tag="TXT_KEY_LEADER_WUZETIAN_TRADE_NEEDMORE_ANGRY_3">
      <Text>Bundan daha iyisini yapmalisin.</Text>
    </Row>
    <Row Tag="TXT_KEY_LEADER_WUZETIAN_TRADE_NEEDMORE_HAPPY_1">
      <Text>Teklifinizi su anki haliyle kabul edemeyecegim için derin üzüntü duyuyorum. Lütfen gelistirin.</Text>
    </Row>
    <Row Tag="TXT_KEY_LEADER_WUZETIAN_TRADE_NEEDMORE_HAPPY_2">
      <Text>Yapabileceginin en iyisi bu mu?</Text>
    </Row>
    <Row Tag="TXT_KEY_LEADER_WUZETIAN_TRADE_NEEDMORE_HAPPY_3">
      <Text>Neredeyse vardin.</Text>
    </Row>
    <Row Tag="TXT_KEY_LEADER_WUZETIAN_TRADE_NEEDMORE_NEUTRAL_1">
      <Text>Bunu kabul edemeyiz. Lütfen teklifinizi gelistirin.</Text>
    </Row>
    <Row Tag="TXT_KEY_LEADER_WUZETIAN_TRADE_NEEDMORE_NEUTRAL_2">
      <Text>Biraz daha iyisini yapabilir misin?</Text>
    </Row>
    <Row Tag="TXT_KEY_LEADER_WUZETIAN_TRADE_NEEDMORE_NEUTRAL_3">
      <Text>Bu yeterince iyi degil.</Text>
    </Row>
    <Row Tag="TXT_KEY_LEADER_WUZETIAN_TRADE_NEEDMORE_NEUTRAL_4">
      <Text>Neredeyse...</Text>
    </Row>
    <Row Tag="TXT_KEY_LEADER_WUZETIAN_TRADE_NO_ANGRY">
      <Text>Kibriniz sadece cehaletinizle eslesiyor. Asagilik teklifinizi reddediyoruz.</Text>
    </Row>
    <Row Tag="TXT_KEY_LEADER_WUZETIAN_TRADE_NO_HAPPY">
      <Text>Korkarim ki su anda teklifinizi kabul edemeyiz.</Text>
    </Row>
    <Row Tag="TXT_KEY_LEADER_WUZETIAN_TRADE_NO_NEUTRAL">
      <Text>Bunu kabul edemeyiz.</Text>
    </Row>
    <Row Tag="TXT_KEY_LEADER_WUZETIAN_TRADE_YES_ANGRY">
      <Text>Kabul ediyoruz.</Text>
    </Row>
    <Row Tag="TXT_KEY_LEADER_WUZETIAN_TRADE_YES_HAPPY">
      <Text>Kesinlikle. Sagduyunuz için sizi tebrik ederim.</Text>
    </Row>
    <Row Tag="TXT_KEY_LEADER_WUZETIAN_TRADE_YES_NEUTRAL">
      <Text>Bu adil görünüyor. Ayni fikirdeyiz.</Text>
    </Row>
    <Row Tag="TXT_KEY_LEADER_WUZETIAN_TRADEREQUEST_ANGRY">
      <Text>Iste teklifimiz. Ister kabul edin, ister etmeyin.</Text>
    </Row>
    <Row Tag="TXT_KEY_LEADER_WUZETIAN_TRADEREQUEST_HAPPY">
      <Text>Dostum, bu teklifi kabul edilebilir buluyor musun?</Text>
    </Row>
    <Row Tag="TXT_KEY_LEADER_WUZETIAN_TRADEREQUEST_NEUTRAL">
      <Text>Adil ticaretin ilgili herkesin yararina olduguna inaniyoruz. Bu teklif hakkinda ne düsünüyorsunuz?</Text>
    </Row>
    <Row Tag="TXT_KEY_LEADER_WUZETIAN_TRIBUTE_NO_ANGRY">
      <Text>Sefil aptal! Cin'den haraç mi istiyorsun? Git buradan, yoksa seni bir domuz gibi dograrim!</Text>
    </Row>
    <Row Tag="TXT_KEY_LEADER_WUZETIAN_TRIBUTE_NO_HAPPY">
      <Text>Talebinizi su anda yerine getiremedigimiz için üzgünüm.</Text>
    </Row>
    <Row Tag="TXT_KEY_LEADER_WUZETIAN_TRIBUTE_NO_NEUTRAL">
      <Text>Merak ediyorum: Böyle bir talepte bulunmaniza neden olan sey delilik mi yoksa derin ve köklü bir aptallik mi?</Text>
    </Row>
    <Row Tag="TXT_KEY_LEADER_WUZETIAN_TRIBUTE_YES_ANGRY">
      <Text>Pekâlâ. Ama intikamimizi alacagiz. Su andan itibaren tek gözün açik uyumani öneririm.</Text>
    </Row>
    <Row Tag="TXT_KEY_LEADER_WUZETIAN_TRIBUTE_YES_HAPPY">
      <Text>Kesinlikle. Cin dostlarina yardim etmekten mutluluk duyar.</Text>
    </Row>
    <Row Tag="TXT_KEY_LEADER_WUZETIAN_TRIBUTE_YES_NEUTRAL">
      <Text>Cok iyi. Muhtemelen açik savastan daha az maliyetlidir.</Text>
    </Row>
    <Row Tag="TXT_KEY_LEADER_WUZETIAN_WARBLUFF_1">
      <Text>Tehlikeli bir oyun oynuyorsunuz.</Text>
    </Row>
    <Row Tag="TXT_KEY_LEADER_WUZETIAN_WARBLUFF_2">
      <Text>Pekala. Bir dahaki sefere bu kadar kibar olmayacagim!</Text>
    </Row>
    <Row Tag="TXT_KEY_LEADER_WUZETIAN_WARBLUFF_3">
      <Text>Ne hayal kirikligi.</Text>
    </Row>
    <Row Tag="TXT_KEY_LEADER_WUZETIAN_WARBLUFF_4">
      <Text>Ne büyük hayal kirikligi.</Text>
    </Row>
    <Row Tag="TXT_KEY_LEADER_WUZETIAN_WARBLUFF_5">
      <Text>Gerçekten mi? Bu dar görüslülügünüzden pismanlik duyacak kadar yasamayacaginiza inaniyorum.</Text>
    </Row>
    <Row Tag="TXT_KEY_LEADER_WUZETIAN_WARBLUFF_6">
      <Text>Ne kadar aptalsin.</Text>
    </Row>
    <Row Tag="TXT_KEY_LEADER_WUZETIAN_WINWAR_1">
      <Text>Zavalli medeniyetinizin hayatta kalmasina izin verdigimiz için kendinizi sansli sayin. Sabrimizi bir daha denemeyin!</Text>
    </Row>
  </Language_en_US>
</GameData>