﻿<?xml version="1.0" encoding="utf-8"?>
<!-- edited with XMLSPY v2004 rel. 2 U (http://www.xmlspy.com) by Jon Shafer (Firaxis Games) -->
<GameData>
  <Language_en_US>
    <Row Tag="TXT_KEY_LEADER_HARUN_AGREE_SHORT_1">
      <Text>Cok iyi.</Text>
    </Row>
    <Row Tag="TXT_KEY_LEADER_HARUN_AGREE_SHORT_2">
      <Text>Tamam.</Text>
    </Row>
    <Row Tag="TXT_KEY_LEADER_HARUN_AGREE_SHORT_3">
      <Text>Kesinlikle.</Text>
    </Row>
    <Row Tag="TXT_KEY_LEADER_HARUN_AGREE_SHORT_4">
      <Text>Kabul edildi.</Text>
    </Row>
    <Row Tag="TXT_KEY_LEADER_HARUN_AGREE_SHORT_5">
      <Text>Oh, çok iyi.</Text>
    </Row>
    <Row Tag="TXT_KEY_LEADER_HARUN_AGREE_SHORT_6">
      <Text>Sanirim yapmaliyim.</Text>
    </Row>
    <Row Tag="TXT_KEY_LEADER_HARUN_AGREE_SHORT_7">
      <Text>Mükemmel.</Text>
    </Row>
    <Row Tag="TXT_KEY_LEADER_HARUN_ATTACKED_1">
      <Text>Cesaretin var mi? Seni ezecegiz!</Text>
    </Row>
    <Row Tag="TXT_KEY_LEADER_HARUN_ATTACKED_2">
      <Text>Hain! Cirkin kafani güvercinlerin ziyafet çekmesi için sarayimin mazgallarina asacagim!</Text>
    </Row>
    <Row Tag="TXT_KEY_LEADER_HARUN_ATTACKED_3">
      <Text>Aptal! Buna pisman olacaksin, yemin ederim!</Text>
    </Row>
    <Row Tag="TXT_KEY_LEADER_HARUN_DECLAREWAR_1">
      <Text>Iyi dogamizi son kez suistimal ettiniz! Savasa hazirlanin!</Text>
    </Row>
    <Row Tag="TXT_KEY_LEADER_HARUN_DECLAREWAR_2">
      <Text>Senin varligin cennete bir hakarettir. Savasa hazirlan, seni igrenç küçük barbar!</Text>
    </Row>
    <Row Tag="TXT_KEY_LEADER_HARUN_DECLAREWAR_3">
      <Text>Dünya siz olmadan daha iyi bir yer olacak - savasa hazirlanin!</Text>
    </Row>
    <Row Tag="TXT_KEY_LEADER_HARUN_DEFEATED_1">
      <Text>Ben bittim  benimle ne yapacaksaniz yapin. Büyük düsüsümün destansi siirlerini yazacaklar.</Text>
    </Row>
    <Row Tag="TXT_KEY_LEADER_HARUN_DEFEATED_2">
      <Text>Dünyayi büyük bir güzellik ve aydinlanma isigindan mahrum biraktiniz. Umarim tatmin olmussunuzdur.</Text>
    </Row>
    <Row Tag="TXT_KEY_LEADER_HARUN_DEFEATED_3">
      <Text>Zafer kazandiniz, sizi kutluyorum. Sarayim artik sizin: Umarim tavus kuslarina iyi bakarsiniz.</Text>
    </Row>
    <Row Tag="TXT_KEY_LEADER_HARUN_DEMANDTRIBUTE_ANGRY">
      <Text>Varliginiz beni rahatsiz ediyor. Merhametli olmaya meyilliyim - bir bedel karsiliginda.</Text>
    </Row>
    <Row Tag="TXT_KEY_LEADER_HARUN_DEMANDTRIBUTE_HAPPY">
      <Text>Dostum - ihtiyaç duydugumuz anda bize yardim etmeyecek misin?</Text>
    </Row>
    <Row Tag="TXT_KEY_LEADER_HARUN_DEMANDTRIBUTE_NEUTRAL">
      <Text>Bagimsizliginizi korumak istiyorsaniz, asagidakileri bize teslim etmenizi tavsiye ederim.</Text>
    </Row>
    <Row Tag="TXT_KEY_LEADER_HARUN_DISAGREE_SHORT_1">
      <Text>Hayir.</Text>
    </Row>
    <Row Tag="TXT_KEY_LEADER_HARUN_DISAGREE_SHORT_2">
      <Text>Kesinlikle olmaz.</Text>
    </Row>
    <Row Tag="TXT_KEY_LEADER_HARUN_DISAGREE_SHORT_3">
      <Text>Reddediyoruz.</Text>
    </Row>
    <Row Tag="TXT_KEY_LEADER_HARUN_DISAGREE_SHORT_4">
      <Text>Tabii ki hayir.</Text>
    </Row>
    <Row Tag="TXT_KEY_LEADER_HARUN_DISAGREE_SHORT_5">
      <Text>Bu kabul edilemez.</Text>
    </Row>
    <Row Tag="TXT_KEY_LEADER_HARUN_DISAGREE_SHORT_6">
      <Text>Ciddi olamazsin!</Text>
    </Row>
    <Row Tag="TXT_KEY_LEADER_HARUN_DISAGREE_SHORT_7">
      <Text>Pardon?</Text>
    </Row>
    <Row Tag="TXT_KEY_LEADER_HARUN_FIRSTGREETING_1">
      <Text>Hos geldiniz! Ben Arap halkindan Harun el-Resid'im. Gelin - sarayimin ihtisamina hayran kalalim!</Text>
    </Row>
    <Row Tag="TXT_KEY_LEADER_HARUN_FIRSTGREETING_2">
      <Text>Ah! Ufukta yeni bir yildiz beliriyor. Ben Arabistanli Harun al-Rashid'im! Tarihi bulusmamizi kutlamak için destansi bir siir yazacagim!</Text>
    </Row>
    <Row Tag="TXT_KEY_LEADER_HARUN_FIRSTGREETING_3">
      <Text>Hos geldin, Yabanci! Ben Harun el-Resid, Arabistan hükümdariyim. Gel, bana imparatorlugundan bahset.</Text>
    </Row>
    <Row Tag="TXT_KEY_LEADER_HARUN_GOODBYE_1">
      <Text>Iyi günler.</Text>
    </Row>
    <Row Tag="TXT_KEY_LEADER_HARUN_GOODBYE_2">
      <Text>Elveda.</Text>
    </Row>
    <Row Tag="TXT_KEY_LEADER_HARUN_GOODBYE_3">
      <Text>Güle güle.</Text>
    </Row>
    <Row Tag="TXT_KEY_LEADER_HARUN_GOODBYE_4">
      <Text>Tekrar görüsene kadar.</Text>
    </Row>
    <Row Tag="TXT_KEY_LEADER_HARUN_GOODBYE_5">
      <Text>Tavus kuslarini beslemeliyim. Git simdi.</Text>
    </Row>
    <Row Tag="TXT_KEY_LEADER_HARUN_GOODBYE_6">
      <Text>Hepsi bu kadar.</Text>
    </Row>
    <Row Tag="TXT_KEY_LEADER_HARUN_GOODBYE_7">
      <Text>Buradaki isimiz bitti.</Text>
    </Row>
    <Row Tag="TXT_KEY_LEADER_HARUN_GREETING_1">
      <Text>Hos geldiniz.</Text>
    </Row>
    <Row Tag="TXT_KEY_LEADER_HARUN_GREETING_2">
      <Text>Merhaba.</Text>
    </Row>
    <Row Tag="TXT_KEY_LEADER_HARUN_GREETING_3">
      <Text>Selamlar.</Text>
    </Row>
    <Row Tag="TXT_KEY_LEADER_HARUN_GREETING_4">
      <Text>Cennetin kutsamalari üzerinizde olsun!</Text>
    </Row>
    <Row Tag="TXT_KEY_LEADER_HARUN_GREETING_5">
      <Text>Oh, sensin.</Text>
    </Row>
    <Row Tag="TXT_KEY_LEADER_HARUN_GREETING_6">
      <Text>Eee?</Text>
    </Row>
    <Row Tag="TXT_KEY_LEADER_HARUN_GREETING_7">
      <Text>Ne istiyorsun?</Text>
    </Row>
    <Row Tag="TXT_KEY_LEADER_HARUN_LETSHEARIT_1">
      <Text>Devam et.</Text>
    </Row>
    <Row Tag="TXT_KEY_LEADER_HARUN_LETSHEARIT_2">
      <Text>Devam edin.</Text>
    </Row>
    <Row Tag="TXT_KEY_LEADER_HARUN_LETSHEARIT_3">
      <Text>Dinliyorum.</Text>
    </Row>
    <Row Tag="TXT_KEY_LEADER_HARUN_LETSHEARIT_4">
      <Text>Evet mi?</Text>
    </Row>
    <Row Tag="TXT_KEY_LEADER_HARUN_LETSHEARIT_5">
      <Text>Ne diyordun?</Text>
    </Row>
    <Row Tag="TXT_KEY_LEADER_HARUN_LETSHEARIT_6">
      <Text>Ve?</Text>
    </Row>
    <Row Tag="TXT_KEY_LEADER_HARUN_LETSHEARIT_7">
      <Text>Devam et.</Text>
    </Row>
    <Row Tag="TXT_KEY_LEADER_HARUN_LOSEWAR_1">
      <Text>Sartlarinizin cömertligi için sizi takdir ediyorum. Bizi nankör bulmayacaksiniz.</Text>
    </Row>
    <Row Tag="TXT_KEY_LEADER_HARUN_TRADE_NEEDMORE_ANGRY_1">
      <Text>Simdi gelin - aydinlanmis bir hükümdar misiniz yoksa daha fazla seker için aglayan açgözlü bir çocuk musunuz? Bana daha iyi bir teklif yap.</Text>
    </Row>
    <Row Tag="TXT_KEY_LEADER_HARUN_TRADE_NEEDMORE_ANGRY_2">
      <Text>Bu yeterince iyi degil.</Text>
    </Row>
    <Row Tag="TXT_KEY_LEADER_HARUN_TRADE_NEEDMORE_ANGRY_3">
      <Text>Bundan daha iyisini yapmalisin.</Text>
    </Row>
    <Row Tag="TXT_KEY_LEADER_HARUN_TRADE_NEEDMORE_HAPPY_1">
      <Text>Teklifinizi bu haliyle kabul edemem dostum  iyilestiremez misiniz?</Text>
    </Row>
    <Row Tag="TXT_KEY_LEADER_HARUN_TRADE_NEEDMORE_HAPPY_2">
      <Text>Yapabileceginin en iyisi bu mu?</Text>
    </Row>
    <Row Tag="TXT_KEY_LEADER_HARUN_TRADE_NEEDMORE_HAPPY_3">
      <Text>Neredeyse vardin.</Text>
    </Row>
    <Row Tag="TXT_KEY_LEADER_HARUN_TRADE_NEEDMORE_NEUTRAL_1">
      <Text>Biz dünyanin en iyi tüccarlariyiz, biliyorsunuz. Bizden faydalanamazsiniz. Teklifinizi gelistirmek istemiyor musunuz?</Text>
    </Row>
    <Row Tag="TXT_KEY_LEADER_HARUN_TRADE_NEEDMORE_NEUTRAL_2">
      <Text>Biraz daha iyisini yapabilir misin?</Text>
    </Row>
    <Row Tag="TXT_KEY_LEADER_HARUN_TRADE_NEEDMORE_NEUTRAL_3">
      <Text>Bu yeterince iyi degil.</Text>
    </Row>
    <Row Tag="TXT_KEY_LEADER_HARUN_TRADE_NEEDMORE_NEUTRAL_4">
      <Text>Neredeyse...</Text>
    </Row>
    <Row Tag="TXT_KEY_LEADER_HARUN_TRADE_NO_ANGRY">
      <Text>Cocukken basinizin üstüne mi düstünüz? Teklifiniz çok çirkin.</Text>
    </Row>
    <Row Tag="TXT_KEY_LEADER_HARUN_TRADE_NO_HAPPY">
      <Text>Bana her seyi sorabilirsin dostum, her seyi! Bunun disinda.</Text>
    </Row>
    <Row Tag="TXT_KEY_LEADER_HARUN_TRADE_NO_NEUTRAL">
      <Text>Pardon? Içki mi içiyordunuz?</Text>
    </Row>
    <Row Tag="TXT_KEY_LEADER_HARUN_TRADE_YES_ANGRY">
      <Text>Göründügünden daha akillisin. Katiliyorum.</Text>
    </Row>
    <Row Tag="TXT_KEY_LEADER_HARUN_TRADE_YES_HAPPY">
      <Text>Bilgeliginize ve zekaniza hayran kaldim. Tamamdir.</Text>
    </Row>
    <Row Tag="TXT_KEY_LEADER_HARUN_TRADE_YES_NEUTRAL">
      <Text>Adil ticaret dünyayi daha güzel kilar. Katiliyorum.</Text>
    </Row>
    <Row Tag="TXT_KEY_LEADER_HARUN_TRADEREQUEST_ANGRY">
      <Text>Bir islemle ilgilenebilir miyim? Sizin için çok karmasiksa danismanlariniz ayrintilari açiklayabilir.</Text>
    </Row>
    <Row Tag="TXT_KEY_LEADER_HARUN_TRADEREQUEST_HAPPY">
      <Text>Ticaret yapalim dostum: her iki halk da bundan kazançli çikacaktir.</Text>
    </Row>
    <Row Tag="TXT_KEY_LEADER_HARUN_TRADEREQUEST_NEUTRAL">
      <Text>Gelin - is yapalim!</Text>
    </Row>
    <Row Tag="TXT_KEY_LEADER_HARUN_TRIBUTE_NO_ANGRY">
      <Text>Sen çirkin, aptal bir insansin ve varligin beni rahatsiz ediyor. Simdi git buradan.</Text>
    </Row>
    <Row Tag="TXT_KEY_LEADER_HARUN_TRIBUTE_NO_HAPPY">
      <Text>Bu kalbime saplanmis bir hançer gibi, dostum, ama istegini reddetmek zorundayim.</Text>
    </Row>
    <Row Tag="TXT_KEY_LEADER_HARUN_TRIBUTE_NO_NEUTRAL">
      <Text>Asla! Barisi seviyoruz ama hazinemizi ve onurumuzu hayatimiz pahasina savunacagiz!</Text>
    </Row>
    <Row Tag="TXT_KEY_LEADER_HARUN_TRIBUTE_YES_ANGRY">
      <Text>Pekala. Büyük bir uygarlik, kendinden asagi olanlara karsi hayirsever olmayi göze alabilir.</Text>
    </Row>
    <Row Tag="TXT_KEY_LEADER_HARUN_TRIBUTE_YES_HAPPY">
      <Text>Elbette! Insan bu kadar muhtesem bir zenginlige sahipken cömert olmayi göze alabilir!</Text>
    </Row>
    <Row Tag="TXT_KEY_LEADER_HARUN_TRIBUTE_YES_NEUTRAL">
      <Text>Cok iyi. Gelecekte cömertligimizi hatirlayacaginiza inaniyorum.</Text>
    </Row>
    <Row Tag="TXT_KEY_LEADER_HARUN_WARBLUFF_1">
      <Text>Tehlikeli bir oyun oynuyorsunuz.</Text>
    </Row>
    <Row Tag="TXT_KEY_LEADER_HARUN_WARBLUFF_2">
      <Text>Pekala. Bir dahaki sefere bu kadar kibar olmayacagim!</Text>
    </Row>
    <Row Tag="TXT_KEY_LEADER_HARUN_WARBLUFF_3">
      <Text>Ne hayal kirikligi.</Text>
    </Row>
    <Row Tag="TXT_KEY_LEADER_HARUN_WARBLUFF_4">
      <Text>Ne büyük hayal kirikligi.</Text>
    </Row>
    <Row Tag="TXT_KEY_LEADER_HARUN_WARBLUFF_5">
      <Text>Gerçekten mi? Bu dar görüslülügünüzden pismanlik duyacak kadar yasamayacaginiza inaniyorum.</Text>
    </Row>
    <Row Tag="TXT_KEY_LEADER_HARUN_WARBLUFF_6">
      <Text>Ne kadar aptalsin.</Text>
    </Row>
    <Row Tag="TXT_KEY_LEADER_HARUN_WINWAR_1">
      <Text>Dünyada her sey bir kez daha yoluna girdi. Umarim dersinizi almissinizdir.</Text>
    </Row>
  </Language_en_US>
</GameData>