﻿<?xml version="1.0" encoding="utf-8"?>
<GameData>
  <Language_en_US>
    <Row Tag="TXT_KEY_LEADER_HIAWATHA_AGREE_SHORT_1">
      <Text>Cok iyi.</Text>
    </Row>
    <Row Tag="TXT_KEY_LEADER_HIAWATHA_AGREE_SHORT_2">
      <Text>Tamam.</Text>
    </Row>
    <Row Tag="TXT_KEY_LEADER_HIAWATHA_AGREE_SHORT_3">
      <Text>Kesinlikle.</Text>
    </Row>
    <Row Tag="TXT_KEY_LEADER_HIAWATHA_AGREE_SHORT_4">
      <Text>Kabul edildi.</Text>
    </Row>
    <Row Tag="TXT_KEY_LEADER_HIAWATHA_AGREE_SHORT_5">
      <Text>Oh, çok iyi.</Text>
    </Row>
    <Row Tag="TXT_KEY_LEADER_HIAWATHA_AGREE_SHORT_6">
      <Text>Sanirim yapmaliyim.</Text>
    </Row>
    <Row Tag="TXT_KEY_LEADER_HIAWATHA_AGREE_SHORT_7">
      <Text>Mükemmel.</Text>
    </Row>
    <Row Tag="TXT_KEY_LEADER_HIAWATHA_ATTACKED_1">
      <Text>Bin nesil boyunca lanet olsun sana! Bunun bedelini ödeyeceksin!</Text>
    </Row>
    <Row Tag="TXT_KEY_LEADER_HIAWATHA_ATTACKED_2">
      <Text>Seni seytani yaratik! Cesurlarim seni katledecek!</Text>
    </Row>
    <Row Tag="TXT_KEY_LEADER_HIAWATHA_ATTACKED_3">
      <Text>Öyle olsun. Aptalliginiz yüzünden birçok savasçiniz ölecek.</Text>
    </Row>
    <Row Tag="TXT_KEY_LEADER_HIAWATHA_DECLAREWAR_1">
      <Text>Daglar yigitlerimizin savas çigliklariyla yankilaniyor: Savasa hazirlanin!</Text>
    </Row>
    <Row Tag="TXT_KEY_LEADER_HIAWATHA_DECLAREWAR_2">
      <Text>Köpek olarak yasamaktansa aslan olarak ölmek daha iyidir - savasa hazirlanin!</Text>
    </Row>
    <Row Tag="TXT_KEY_LEADER_HIAWATHA_DECLAREWAR_3">
      <Text>Dünya Ana'nin basina bela oldunuz - savasa hazirlanin!</Text>
    </Row>
    <Row Tag="TXT_KEY_LEADER_HIAWATHA_DEFEATED_1">
      <Text>Halkim yok edildi. Sonunda kana olan susuzlugunu gidermis olman için dua ediyorum.</Text>
    </Row>
    <Row Tag="TXT_KEY_LEADER_HIAWATHA_DEFEATED_2">
      <Text>Bizi yendiniz - öyle olsun. Ama ruhlarimiz asla yenilmeyecek! Geri dönecegiz!</Text>
    </Row>
    <Row Tag="TXT_KEY_LEADER_HIAWATHA_DEFEATED_3">
      <Text>Mahvolduk. Cesurlarimiz katledildi  topraklarimiz sizindir. Belki de bu dünyada bulamadigimiz huzuru öbür dünyada bulacagiz.</Text>
    </Row>
    <Row Tag="TXT_KEY_LEADER_HIAWATHA_DEMANDTRIBUTE_ANGRY">
      <Text>Övgü olarak asagidakileri talep ediyoruz. Cesurlarim cevabinizi bekliyor.</Text>
    </Row>
    <Row Tag="TXT_KEY_LEADER_HIAWATHA_DEMANDTRIBUTE_HAPPY">
      <Text>Dostum, ihtiyaç duydugumuz bu anda bize yardim edebilir misin?</Text>
    </Row>
    <Row Tag="TXT_KEY_LEADER_HIAWATHA_DEMANDTRIBUTE_NEUTRAL">
      <Text>Haraç olarak sunlari talep ediyoruz. Bizi reddetmeyin.</Text>
    </Row>
    <Row Tag="TXT_KEY_LEADER_HIAWATHA_DISAGREE_SHORT_1">
      <Text>Hayir.</Text>
    </Row>
    <Row Tag="TXT_KEY_LEADER_HIAWATHA_DISAGREE_SHORT_2">
      <Text>Kesinlikle olmaz.</Text>
    </Row>
    <Row Tag="TXT_KEY_LEADER_HIAWATHA_DISAGREE_SHORT_3">
      <Text>Reddediyoruz.</Text>
    </Row>
    <Row Tag="TXT_KEY_LEADER_HIAWATHA_DISAGREE_SHORT_4">
      <Text>Tabii ki hayir.</Text>
    </Row>
    <Row Tag="TXT_KEY_LEADER_HIAWATHA_DISAGREE_SHORT_5">
      <Text>Bu kabul edilemez.</Text>
    </Row>
    <Row Tag="TXT_KEY_LEADER_HIAWATHA_DISAGREE_SHORT_6">
      <Text>Ciddi olamazsin!</Text>
    </Row>
    <Row Tag="TXT_KEY_LEADER_HIAWATHA_DISAGREE_SHORT_7">
      <Text>Pardon?</Text>
    </Row>
    <Row Tag="TXT_KEY_LEADER_HIAWATHA_FIRSTGREETING_1">
      <Text>Selamlar, Yabanci. Ben Hiawatha, Iroquois konusmacisiyim.  Herkesle baris istiyoruz ama savastan da çekinmiyoruz.</Text>
    </Row>
    <Row Tag="TXT_KEY_LEADER_HIAWATHA_FIRSTGREETING_2">
      <Text>Ben Hiawatha, Iroquois'larin lideriyim. Size hos geldiniz diyor ve iki büyük halkin dost olmasini umuyorum.</Text>
    </Row>
    <Row Tag="TXT_KEY_LEADER_HIAWATHA_FIRSTGREETING_3">
      <Text>Baris sizinle olsun. Ben Hiawatha, güçlü Iroquois'nin lideriyim.</Text>
    </Row>
    <Row Tag="TXT_KEY_LEADER_HIAWATHA_GOODBYE_1">
      <Text>Iyi günler.</Text>
    </Row>
    <Row Tag="TXT_KEY_LEADER_HIAWATHA_GOODBYE_2">
      <Text>Elveda.</Text>
    </Row>
    <Row Tag="TXT_KEY_LEADER_HIAWATHA_GOODBYE_3">
      <Text>Güle güle.</Text>
    </Row>
    <Row Tag="TXT_KEY_LEADER_HIAWATHA_GOODBYE_4">
      <Text>Tekrar görüsene kadar.</Text>
    </Row>
    <Row Tag="TXT_KEY_LEADER_HIAWATHA_GOODBYE_5">
      <Text>Simdi git buradan.</Text>
    </Row>
    <Row Tag="TXT_KEY_LEADER_HIAWATHA_GOODBYE_6">
      <Text>Hepsi bu kadar.</Text>
    </Row>
    <Row Tag="TXT_KEY_LEADER_HIAWATHA_GOODBYE_7">
      <Text>Buradaki isimiz bitti.</Text>
    </Row>
    <Row Tag="TXT_KEY_LEADER_HIAWATHA_GREETING_1">
      <Text>Hos geldiniz.</Text>
    </Row>
    <Row Tag="TXT_KEY_LEADER_HIAWATHA_GREETING_2">
      <Text>Merhaba.</Text>
    </Row>
    <Row Tag="TXT_KEY_LEADER_HIAWATHA_GREETING_3">
      <Text>Selamlar.</Text>
    </Row>
    <Row Tag="TXT_KEY_LEADER_HIAWATHA_GREETING_4">
      <Text>Iyi günler.</Text>
    </Row>
    <Row Tag="TXT_KEY_LEADER_HIAWATHA_GREETING_5">
      <Text>Oh, sensin.</Text>
    </Row>
    <Row Tag="TXT_KEY_LEADER_HIAWATHA_GREETING_6">
      <Text>Eee?</Text>
    </Row>
    <Row Tag="TXT_KEY_LEADER_HIAWATHA_GREETING_7">
      <Text>Ne istiyorsun?</Text>
    </Row>
    <Row Tag="TXT_KEY_LEADER_HIAWATHA_LETSHEARIT_1">
      <Text>Devam et.</Text>
    </Row>
    <Row Tag="TXT_KEY_LEADER_HIAWATHA_LETSHEARIT_2">
      <Text>Devam edin.</Text>
    </Row>
    <Row Tag="TXT_KEY_LEADER_HIAWATHA_LETSHEARIT_3">
      <Text>Dinliyorum.</Text>
    </Row>
    <Row Tag="TXT_KEY_LEADER_HIAWATHA_LETSHEARIT_4">
      <Text>Evet mi?</Text>
    </Row>
    <Row Tag="TXT_KEY_LEADER_HIAWATHA_LETSHEARIT_5">
      <Text>Ne diyordun?</Text>
    </Row>
    <Row Tag="TXT_KEY_LEADER_HIAWATHA_LETSHEARIT_6">
      <Text>Ve?</Text>
    </Row>
    <Row Tag="TXT_KEY_LEADER_HIAWATHA_LETSHEARIT_7">
      <Text>Devam et.</Text>
    </Row>
    <Row Tag="TXT_KEY_LEADER_HIAWATHA_LOSEWAR_1">
      <Text>Merhametiniz için tesekkür ederim. Artik arkadas olabilmemiz için dua ediyorum.</Text>
    </Row>
    <Row Tag="TXT_KEY_LEADER_HIAWATHA_TRADE_NEEDMORE_ANGRY_1">
      <Text>Bizi kandirmaya çalismak bir hatadir. Teklifinizi gelistirin ya da gidin.</Text>
    </Row>
    <Row Tag="TXT_KEY_LEADER_HIAWATHA_TRADE_NEEDMORE_ANGRY_2">
      <Text>Bu yeterince iyi degil.</Text>
    </Row>
    <Row Tag="TXT_KEY_LEADER_HIAWATHA_TRADE_NEEDMORE_ANGRY_3">
      <Text>Bundan daha iyisini yapmalisin.</Text>
    </Row>
    <Row Tag="TXT_KEY_LEADER_HIAWATHA_TRADE_NEEDMORE_HAPPY_1">
      <Text>Hah! Uyuyan bir ayinin postunu çalacaksin! Gel dostum, bundan daha iyisini yapabilirsin!</Text>
    </Row>
    <Row Tag="TXT_KEY_LEADER_HIAWATHA_TRADE_NEEDMORE_HAPPY_2">
      <Text>Yapabileceginin en iyisi bu mu?</Text>
    </Row>
    <Row Tag="TXT_KEY_LEADER_HIAWATHA_TRADE_NEEDMORE_HAPPY_3">
      <Text>Neredeyse vardin.</Text>
    </Row>
    <Row Tag="TXT_KEY_LEADER_HIAWATHA_TRADE_NEEDMORE_NEUTRAL_1">
      <Text>Parlak boncuklar ve cam biblolar artik bizi ilgilendirmiyor - daha iyisini yapmak zorundasiniz.</Text>
    </Row>
    <Row Tag="TXT_KEY_LEADER_HIAWATHA_TRADE_NEEDMORE_NEUTRAL_2">
      <Text>Biraz daha iyisini yapabilir misin?</Text>
    </Row>
    <Row Tag="TXT_KEY_LEADER_HIAWATHA_TRADE_NEEDMORE_NEUTRAL_3">
      <Text>Bu yeterince iyi degil.</Text>
    </Row>
    <Row Tag="TXT_KEY_LEADER_HIAWATHA_TRADE_NEEDMORE_NEUTRAL_4">
      <Text>Neredeyse...</Text>
    </Row>
    <Row Tag="TXT_KEY_LEADER_HIAWATHA_TRADE_NO_ANGRY">
      <Text>Bizim aptal oldugumuzu düsündügünüz çok açik. Git basimdan.</Text>
    </Row>
    <Row Tag="TXT_KEY_LEADER_HIAWATHA_TRADE_NO_HAPPY">
      <Text>Tatli sözleriniz, bizi soymaya çalistiginiz gerçegini tamamen gizlemiyor.</Text>
    </Row>
    <Row Tag="TXT_KEY_LEADER_HIAWATHA_TRADE_NO_NEUTRAL">
      <Text>Bizi ormanda çiplak ve aç birakir miydin? Kesinlikle birakmazdim.</Text>
    </Row>
    <Row Tag="TXT_KEY_LEADER_HIAWATHA_TRADE_YES_ANGRY">
      <Text>Kabul ediyoruz.</Text>
    </Row>
    <Row Tag="TXT_KEY_LEADER_HIAWATHA_TRADE_YES_HAPPY">
      <Text>Sizinle ticaret yapmak bir onurdur.</Text>
    </Row>
    <Row Tag="TXT_KEY_LEADER_HIAWATHA_TRADE_YES_NEUTRAL">
      <Text>Bu adil bir takas. Ayni fikirdeyiz.</Text>
    </Row>
    <Row Tag="TXT_KEY_LEADER_HIAWATHA_TRADEREQUEST_ANGRY">
      <Text>En iyi kararima ragmen size bu takasi öneriyorum.</Text>
    </Row>
    <Row Tag="TXT_KEY_LEADER_HIAWATHA_TRADEREQUEST_HAPPY">
      <Text>Bu takas senin için uygun mu, dostum?</Text>
    </Row>
    <Row Tag="TXT_KEY_LEADER_HIAWATHA_TRADEREQUEST_NEUTRAL">
      <Text>Seninle bir takas yapabilir miyim?</Text>
    </Row>
    <Row Tag="TXT_KEY_LEADER_HIAWATHA_TRIBUTE_NO_ANGRY">
      <Text>Aptal! Santajiniza boyun egmektense ölmeyi tercih ederiz.</Text>
    </Row>
    <Row Tag="TXT_KEY_LEADER_HIAWATHA_TRIBUTE_NO_HAPPY">
      <Text>Bu kadar cömert olamayiz, dostum.</Text>
    </Row>
    <Row Tag="TXT_KEY_LEADER_HIAWATHA_TRIBUTE_NO_NEUTRAL">
      <Text>Ayi aksam yemegini yilanla paylasir mi? Tabii ki paylasmaz.</Text>
    </Row>
    <Row Tag="TXT_KEY_LEADER_HIAWATHA_TRIBUTE_YES_ANGRY">
      <Text>Pekala. Ama intikamimizi alacagiz. Yemin ederim.</Text>
    </Row>
    <Row Tag="TXT_KEY_LEADER_HIAWATHA_TRIBUTE_YES_HAPPY">
      <Text>Cömertligimizi dostlarimizla mutlulukla paylasiyoruz.</Text>
    </Row>
    <Row Tag="TXT_KEY_LEADER_HIAWATHA_TRIBUTE_YES_NEUTRAL">
      <Text>Sartlarinizi kabul ediyoruz. Ama bir gün açgözlülügünüze pisman olacaksiniz.</Text>
    </Row>
    <Row Tag="TXT_KEY_LEADER_HIAWATHA_WARBLUFF_1">
      <Text>Aptal, aptal.</Text>
    </Row>
    <Row Tag="TXT_KEY_LEADER_HIAWATHA_WARBLUFF_2">
      <Text>Tehlikeli bir oyun oynuyorsunuz.</Text>
    </Row>
    <Row Tag="TXT_KEY_LEADER_HIAWATHA_WARBLUFF_3">
      <Text>Pekala. Bir dahaki sefere bu kadar kibar olmayacagim!</Text>
    </Row>
    <Row Tag="TXT_KEY_LEADER_HIAWATHA_WARBLUFF_4">
      <Text>Ne hayal kirikligi.</Text>
    </Row>
    <Row Tag="TXT_KEY_LEADER_HIAWATHA_WARBLUFF_5">
      <Text>Ne büyük hayal kirikligi.</Text>
    </Row>
    <Row Tag="TXT_KEY_LEADER_HIAWATHA_WINWAR_1">
      <Text>Bazi köpekler itaati ögrenmeden önce dövülmelidir. Beni dersi tekrarlamaya zorlama!</Text>
    </Row>
  </Language_en_US>
</GameData>