﻿<?xml version="1.0" encoding="utf-8"?>
<GameData>
  <Language_en_US>
    <Row Tag="TXT_KEY_LEADER_ASKIA_AGREE_SHORT_1">
      <Text>Cok iyi.</Text>
    </Row>
    <Row Tag="TXT_KEY_LEADER_ASKIA_AGREE_SHORT_2">
      <Text>Tamam.</Text>
    </Row>
    <Row Tag="TXT_KEY_LEADER_ASKIA_AGREE_SHORT_3">
      <Text>Kesinlikle.</Text>
    </Row>
    <Row Tag="TXT_KEY_LEADER_ASKIA_AGREE_SHORT_4">
      <Text>Kabul edildi.</Text>
    </Row>
    <Row Tag="TXT_KEY_LEADER_ASKIA_AGREE_SHORT_5">
      <Text>Oh, çok iyi.</Text>
    </Row>
    <Row Tag="TXT_KEY_LEADER_ASKIA_AGREE_SHORT_6">
      <Text>Sanirim yapmaliyim.</Text>
    </Row>
    <Row Tag="TXT_KEY_LEADER_ASKIA_AGREE_SHORT_7">
      <Text>Mükemmel.</Text>
    </Row>
    <Row Tag="TXT_KEY_LEADER_ASKIA_ATTACKED_1">
      <Text>Bunun için yanacaksin, yemin ederim.</Text>
    </Row>
    <Row Tag="TXT_KEY_LEADER_ASKIA_ATTACKED_2">
      <Text>Aptal. Halkini atese ve yikima mahkum ettin.</Text>
    </Row>
    <Row Tag="TXT_KEY_LEADER_ASKIA_ATTACKED_3">
      <Text>Alçak herif! Bunun bedelini ödeyeceksin!</Text>
    </Row>
    <Row Tag="TXT_KEY_LEADER_ASKIA_DECLAREWAR_1">
      <Text>Hain! Sen cennet ve dünya için bir igrençliksin. Yok edilmelisin!</Text>
    </Row>
    <Row Tag="TXT_KEY_LEADER_ASKIA_DECLAREWAR_2">
      <Text>Sizi ve barbar halkinizi lanetliyorum. Sizi dogrulugun büyük temizleyici atesiyle yeryüzünden silip süpürecegiz.</Text>
    </Row>
    <Row Tag="TXT_KEY_LEADER_ASKIA_DECLAREWAR_3">
      <Text>Sizler cahil vahsilersiniz. Yok edilmelisiniz.</Text>
    </Row>
    <Row Tag="TXT_KEY_LEADER_ASKIA_DEFEATED_1">
      <Text>Barbarlar ilerliyor ve bir büyük uygarlik daha yok ediliyor. Gece yaklasiyor - isiklari söndürün.</Text>
    </Row>
    <Row Tag="TXT_KEY_LEADER_ASKIA_DEFEATED_2">
      <Text>Nefret ve öfke atesi bizi tüketti. Bu dünyada zaferinizin tadini çikarin - öbür dünyada agir bir bedel ödeyeceksiniz!</Text>
    </Row>
    <Row Tag="TXT_KEY_LEADER_ASKIA_DEMANDTRIBUTE_ANGRY">
      <Text>Eger bize istedigimizi vermezseniz, dogrulugun alevlerini sehirlerinizin üzerine indirecek ve sizi yok edecegiz.</Text>
    </Row>
    <Row Tag="TXT_KEY_LEADER_ASKIA_DEMANDTRIBUTE_HAPPY">
      <Text>Songhai, dünyayi istila eden sapkinlara ve pisliklere karsi savasinda yardiminiza ihtiyaç duyabilir.</Text>
    </Row>
    <Row Tag="TXT_KEY_LEADER_ASKIA_DEMANDTRIBUTE_NEUTRAL">
      <Text>Bize istedigimizi ver ya da gazabimizla yüzles.</Text>
    </Row>
    <Row Tag="TXT_KEY_LEADER_ASKIA_DISAGREE_SHORT_1">
      <Text>Hayir.</Text>
    </Row>
    <Row Tag="TXT_KEY_LEADER_ASKIA_DISAGREE_SHORT_2">
      <Text>Kesinlikle olmaz.</Text>
    </Row>
    <Row Tag="TXT_KEY_LEADER_ASKIA_DISAGREE_SHORT_3">
      <Text>Reddediyoruz.</Text>
    </Row>
    <Row Tag="TXT_KEY_LEADER_ASKIA_DISAGREE_SHORT_4">
      <Text>Tabii ki hayir.</Text>
    </Row>
    <Row Tag="TXT_KEY_LEADER_ASKIA_DISAGREE_SHORT_5">
      <Text>Bu kabul edilemez.</Text>
    </Row>
    <Row Tag="TXT_KEY_LEADER_ASKIA_DISAGREE_SHORT_6">
      <Text>Ciddi olamazsin!</Text>
    </Row>
    <Row Tag="TXT_KEY_LEADER_ASKIA_DISAGREE_SHORT_7">
      <Text>Pardon?</Text>
    </Row>
    <Row Tag="TXT_KEY_LEADER_ASKIA_FIRSTGREETING_1">
      <Text>Selamlar. Ben Songhai'den Askia. Biz adil bir halkiz - ama bize karsi gelenler sadece yikimla karsilasirlar. Geçmiste baskalarinin yaptigi hatalari tekrarlamaktan kaçinirsaniz iyi edersiniz.</Text>
    </Row>
    <Row Tag="TXT_KEY_LEADER_ASKIA_FIRSTGREETING_2">
      <Text>Tanri sizi kutsasin. Ben Songhai'li Askia. Herkesle baris ararim ama gerektiginde savastan da çekinmem. Eger hayatta kalmak istiyorsaniz, bunu gerekli kilmayin.</Text>
    </Row>
    <Row Tag="TXT_KEY_LEADER_ASKIA_FIRSTGREETING_3">
      <Text>Selamlar. Ben Askia, Songhai kraliyim. Bizler baskalariyla barisçil bilgi alisverisinde bulunmak isteyen aydinlanmis bir halkiz. Ancak gerektiginde kendimizi savunmaya da haziriz.</Text>
    </Row>
    <Row Tag="TXT_KEY_LEADER_ASKIA_FIRSTGREETING_4">
      <Text>Selamlar. Ben Songhai'den Askia. Herkesle baris istiyoruz. Eger sorun çikarmak istiyorsaniz, bunu baska bir yerde yapmanizi tavsiye ederim.</Text>
    </Row>
    <Row Tag="TXT_KEY_LEADER_ASKIA_GOODBYE_1">
      <Text>Iyi günler.</Text>
    </Row>
    <Row Tag="TXT_KEY_LEADER_ASKIA_GOODBYE_2">
      <Text>Elveda.</Text>
    </Row>
    <Row Tag="TXT_KEY_LEADER_ASKIA_GOODBYE_3">
      <Text>Güle güle.</Text>
    </Row>
    <Row Tag="TXT_KEY_LEADER_ASKIA_GOODBYE_4">
      <Text>Tekrar görüsene kadar.</Text>
    </Row>
    <Row Tag="TXT_KEY_LEADER_ASKIA_GOODBYE_5">
      <Text>Simdi git buradan.</Text>
    </Row>
    <Row Tag="TXT_KEY_LEADER_ASKIA_GOODBYE_6">
      <Text>Hepsi bu kadar.</Text>
    </Row>
    <Row Tag="TXT_KEY_LEADER_ASKIA_GOODBYE_7">
      <Text>Buradaki isimiz bitti.</Text>
    </Row>
    <Row Tag="TXT_KEY_LEADER_ASKIA_GREETING_1">
      <Text>Hos geldiniz.</Text>
    </Row>
    <Row Tag="TXT_KEY_LEADER_ASKIA_GREETING_2">
      <Text>Merhaba.</Text>
    </Row>
    <Row Tag="TXT_KEY_LEADER_ASKIA_GREETING_3">
      <Text>Selamlar.</Text>
    </Row>
    <Row Tag="TXT_KEY_LEADER_ASKIA_GREETING_4">
      <Text>Iyi günler.</Text>
    </Row>
    <Row Tag="TXT_KEY_LEADER_ASKIA_GREETING_5">
      <Text>Oh, sensin.</Text>
    </Row>
    <Row Tag="TXT_KEY_LEADER_ASKIA_GREETING_6">
      <Text>Eee?</Text>
    </Row>
    <Row Tag="TXT_KEY_LEADER_ASKIA_GREETING_7">
      <Text>Ne istiyorsun?</Text>
    </Row>
    <Row Tag="TXT_KEY_LEADER_ASKIA_LETSHEARIT_1">
      <Text>Devam et.</Text>
    </Row>
    <Row Tag="TXT_KEY_LEADER_ASKIA_LETSHEARIT_2">
      <Text>Devam edin.</Text>
    </Row>
    <Row Tag="TXT_KEY_LEADER_ASKIA_LETSHEARIT_3">
      <Text>Dinliyorum.</Text>
    </Row>
    <Row Tag="TXT_KEY_LEADER_ASKIA_LETSHEARIT_4">
      <Text>Evet mi?</Text>
    </Row>
    <Row Tag="TXT_KEY_LEADER_ASKIA_LETSHEARIT_5">
      <Text>Ne diyordun?</Text>
    </Row>
    <Row Tag="TXT_KEY_LEADER_ASKIA_LETSHEARIT_6">
      <Text>Ve?</Text>
    </Row>
    <Row Tag="TXT_KEY_LEADER_ASKIA_LETSHEARIT_7">
      <Text>Devam et.</Text>
    </Row>
    <Row Tag="TXT_KEY_LEADER_ASKIA_LOSEWAR_1">
      <Text>Bu anlamsiz savasa son verdiginiz için size tesekkür ediyoruz.</Text>
    </Row>
    <Row Tag="TXT_KEY_LEADER_ASKIA_TRADE_NEEDMORE_ANGRY_1">
      <Text>Beni kizdirma. Kizgin oldugumda beni sevmezsin. Teklifini gelistir ya da git.</Text>
    </Row>
    <Row Tag="TXT_KEY_LEADER_ASKIA_TRADE_NEEDMORE_ANGRY_2">
      <Text>Bu yeterince iyi degil.</Text>
    </Row>
    <Row Tag="TXT_KEY_LEADER_ASKIA_TRADE_NEEDMORE_ANGRY_3">
      <Text>Bundan daha iyisini yapmalisin.</Text>
    </Row>
    <Row Tag="TXT_KEY_LEADER_ASKIA_TRADE_NEEDMORE_HAPPY_1">
      <Text>Bu kabul edilemez. Teklifinizi gelistirmeyecek misiniz?</Text>
    </Row>
    <Row Tag="TXT_KEY_LEADER_ASKIA_TRADE_NEEDMORE_HAPPY_2">
      <Text>Yapabileceginin en iyisi bu mu?</Text>
    </Row>
    <Row Tag="TXT_KEY_LEADER_ASKIA_TRADE_NEEDMORE_HAPPY_3">
      <Text>Neredeyse vardin.</Text>
    </Row>
    <Row Tag="TXT_KEY_LEADER_ASKIA_TRADE_NEEDMORE_NEUTRAL_1">
      <Text>Bizi kandirmaya çalisanlar bunu kendi tehlikeleri için yaparlar. Lütfen teklifinizi gelistirin.</Text>
    </Row>
    <Row Tag="TXT_KEY_LEADER_ASKIA_TRADE_NEEDMORE_NEUTRAL_2">
      <Text>Biraz daha iyisini yapabilir misin?</Text>
    </Row>
    <Row Tag="TXT_KEY_LEADER_ASKIA_TRADE_NEEDMORE_NEUTRAL_3">
      <Text>Bu yeterince iyi degil.</Text>
    </Row>
    <Row Tag="TXT_KEY_LEADER_ASKIA_TRADE_NEEDMORE_NEUTRAL_4">
      <Text>Neredeyse...</Text>
    </Row>
    <Row Tag="TXT_KEY_LEADER_ASKIA_TRADE_NO_ANGRY">
      <Text>Bizi aptal mi saniyorsun? Kibrin için seni öldürmeliyim. Hala yapabiliyorken, simdi git.</Text>
    </Row>
    <Row Tag="TXT_KEY_LEADER_ASKIA_TRADE_NO_HAPPY">
      <Text>Sartlarinizi kabul edemem. Songhai halkina karsi adil degiller.</Text>
    </Row>
    <Row Tag="TXT_KEY_LEADER_ASKIA_TRADE_NO_NEUTRAL">
      <Text>Teklifiniz kabul edilemez. Bu bize bir hakaret mi?</Text>
    </Row>
    <Row Tag="TXT_KEY_LEADER_ASKIA_TRADE_YES_ANGRY">
      <Text>Ticaret becerileriniz neredeyse diger birçok kusurunuzu telafi ediyor.</Text>
    </Row>
    <Row Tag="TXT_KEY_LEADER_ASKIA_TRADE_YES_HAPPY">
      <Text>Bu adil ve hakkaniyetli görünüyor. Anlastik.</Text>
    </Row>
    <Row Tag="TXT_KEY_LEADER_ASKIA_TRADE_YES_NEUTRAL">
      <Text>Sartlariniz tatmin edici.</Text>
    </Row>
    <Row Tag="TXT_KEY_LEADER_ASKIA_TRADEREQUEST_ANGRY">
      <Text>"Lütfen teklifinizi gelistirin ki ben de ordularimi sizin asagilik uygarliginizi gezegenden silmek için daha iyi donatabileyim."</Text>
    </Row>
    <Row Tag="TXT_KEY_LEADER_ASKIA_TRADEREQUEST_HAPPY">
      <Text>Bu anlasma ilgini çeker mi?</Text>
    </Row>
    <Row Tag="TXT_KEY_LEADER_ASKIA_TRADEREQUEST_NEUTRAL">
      <Text>Bu adil bir takas. Kabul etmenizi tavsiye ederim.</Text>
    </Row>
    <Row Tag="TXT_KEY_LEADER_ASKIA_TRIBUTE_NO_ANGRY">
      <Text>Cahil köpek! Küstahligin yüzünden seni yakmadigima sükret!</Text>
    </Row>
    <Row Tag="TXT_KEY_LEADER_ASKIA_TRIBUTE_NO_HAPPY">
      <Text>Bize fazla baski yapmamaniz akillica olur. Arkadasligimizin sinirlari var.</Text>
    </Row>
    <Row Tag="TXT_KEY_LEADER_ASKIA_TRIBUTE_NO_NEUTRAL">
      <Text>Beni tehdit etmeye cüret mi ediyorsun, seni sapkin aptal? Delirmis olmalisin!</Text>
    </Row>
    <Row Tag="TXT_KEY_LEADER_ASKIA_TRIBUTE_YES_ANGRY">
      <Text>Pekala. Kendi payini alacaksin. Ama bir gün bunun bedelini çok agir ödeyeceksin, söz veriyorum!</Text>
    </Row>
    <Row Tag="TXT_KEY_LEADER_ASKIA_TRIBUTE_YES_HAPPY">
      <Text>En sadik dostlarimizi ve müttefiklerimizi ödüllendirmekten mutluluk duyuyoruz!</Text>
    </Row>
    <Row Tag="TXT_KEY_LEADER_ASKIA_TRIBUTE_YES_NEUTRAL">
      <Text>Görünüse göre taleplerinizi kabul etmekten baska çarem yok. Ama bir hesaplasma olacak!</Text>
    </Row>
    <Row Tag="TXT_KEY_LEADER_ASKIA_WARBLUFF_1">
      <Text>Bu hakaretin bedelini bin kat ödeyeceksin!</Text>
    </Row>
    <Row Tag="TXT_KEY_LEADER_ASKIA_WARBLUFF_2">
      <Text>Tehlikeli bir oyun oynuyorsunuz.</Text>
    </Row>
    <Row Tag="TXT_KEY_LEADER_ASKIA_WARBLUFF_3">
      <Text>Pekala. Bir dahaki sefere bu kadar kibar olmayacagim!</Text>
    </Row>
    <Row Tag="TXT_KEY_LEADER_ASKIA_WARBLUFF_4">
      <Text>Ne hayal kirikligi.</Text>
    </Row>
    <Row Tag="TXT_KEY_LEADER_ASKIA_WARBLUFF_5">
      <Text>Ne büyük hayal kirikligi.</Text>
    </Row>
    <Row Tag="TXT_KEY_LEADER_ASKIA_WARBLUFF_6">
      <Text>Gerçekten mi? Bu dar görüslülügünüzden pismanlik duyacak kadar yasamayacaginiza inaniyorum.</Text>
    </Row>
    <Row Tag="TXT_KEY_LEADER_ASKIA_WARBLUFF_7">
      <Text>Ne kadar aptalsin.</Text>
    </Row>
    <Row Tag="TXT_KEY_LEADER_ASKIA_WINWAR_1">
      <Text>Sadece merhametimiz sayesinde hala varsiniz. Bizi bir daha sinamayin!</Text>
    </Row>
  </Language_en_US>
</GameData>