﻿<?xml version="1.0" encoding="utf-8"?>
<GameData>
  <Language_en_US>
    <Row Tag="TXT_KEY_LEADER_ALEXANDER_AGREE_SHORT_1">
      <Text>Cok iyi.</Text>
    </Row>
    <Row Tag="TXT_KEY_LEADER_ALEXANDER_AGREE_SHORT_2">
      <Text>Tamam.</Text>
    </Row>
    <Row Tag="TXT_KEY_LEADER_ALEXANDER_AGREE_SHORT_3">
      <Text>Kesinlikle.</Text>
    </Row>
    <Row Tag="TXT_KEY_LEADER_ALEXANDER_AGREE_SHORT_4">
      <Text>Kabul edildi.</Text>
    </Row>
    <Row Tag="TXT_KEY_LEADER_ALEXANDER_AGREE_SHORT_5">
      <Text>Oh, çok iyi.</Text>
    </Row>
    <Row Tag="TXT_KEY_LEADER_ALEXANDER_AGREE_SHORT_6">
      <Text>Sanirim yapmaliyim.</Text>
    </Row>
    <Row Tag="TXT_KEY_LEADER_ALEXANDER_AGREE_SHORT_7">
      <Text>Mükemmel.</Text>
    </Row>
    <Row Tag="TXT_KEY_LEADER_ALEXANDER_ATTACKED_1">
      <Text>Mükemmel. Savas alaninda bulusacagiz!</Text>
    </Row>
    <Row Tag="TXT_KEY_LEADER_ALEXANDER_ATTACKED_2">
      <Text>Cesaretinizi alkisliyorum - mantiginizi degilse bile. Umarim göründügünüzden daha degerli bir rakipsinizdir.</Text>
    </Row>
    <Row Tag="TXT_KEY_LEADER_ALEXANDER_ATTACKED_3">
      <Text>Gerçekten mi? Ben de baristan yoruldum. Hadi yapalim sunu.</Text>
    </Row>
    <Row Tag="TXT_KEY_LEADER_ALEXANDER_ATTACKED_4">
      <Text>Seni aptal Barbar. Seni gömecegim!</Text>
    </Row>
    <Row Tag="TXT_KEY_LEADER_ALEXANDER_DECLAREWAR_1">
      <Text>Yararliliginiz sona erdi. Yok edilmeye hazirlanin.</Text>
    </Row>
    <Row Tag="TXT_KEY_LEADER_ALEXANDER_DECLAREWAR_2">
      <Text>Yoluma çikiyorsun. Yok edilmelisin.</Text>
    </Row>
    <Row Tag="TXT_KEY_LEADER_ALEXANDER_DECLAREWAR_3">
      <Text>Tanrilar dünyayi fethetmeme karar verdi. Bu yüzden ölmelisin.</Text>
    </Row>
    <Row Tag="TXT_KEY_LEADER_ALEXANDER_DEFEATED_1">
      <Text>Yenildim mi? Bu nasil olabilir? Ben - ben tanrilarin varisiyim!</Text>
    </Row>
    <Row Tag="TXT_KEY_LEADER_ALEXANDER_DEFEATED_2">
      <Text>Beni yok ettin ve böylece tanrilar arasinda kendine onurlu bir yer kazandin. Tebrik ederim seni!</Text>
    </Row>
    <Row Tag="TXT_KEY_LEADER_ALEXANDER_DEFEATED_3">
      <Text>Beni yok mu ettin? Bu dogru olabilir mi? Sen nasil bir yaratiksin?</Text>
    </Row>
    <Row Tag="TXT_KEY_LEADER_ALEXANDER_DEFEATED_4">
      <Text>Mahvoldum. Zaferiniz için sizi kutluyorum. Tebaama merhametli davranmaniz için size yalvariyorum.</Text>
    </Row>
    <Row Tag="TXT_KEY_LEADER_ALEXANDER_DEMANDTRIBUTE_ANGRY">
      <Text>Hayatta kalmak istiyorsaniz, taleplerimizi kabul etseniz iyi edersiniz.</Text>
    </Row>
    <Row Tag="TXT_KEY_LEADER_ALEXANDER_DEMANDTRIBUTE_HAPPY">
      <Text>Dostum, Yunanistan'in senin yardimina ihtiyaci var. Bizi hayal kirikligina ugratmaman için sana yalvariyorum!</Text>
    </Row>
    <Row Tag="TXT_KEY_LEADER_ALEXANDER_DEMANDTRIBUTE_NEUTRAL">
      <Text>Bize hemen asagidaki bilgileri verseniz iyi olur.</Text>
    </Row>
    <Row Tag="TXT_KEY_LEADER_ALEXANDER_DISAGREE_SHORT_1">
      <Text>Reddetmek zorundayim.</Text>
    </Row>
    <Row Tag="TXT_KEY_LEADER_ALEXANDER_DISAGREE_SHORT_2">
      <Text>Hayir.</Text>
    </Row>
    <Row Tag="TXT_KEY_LEADER_ALEXANDER_DISAGREE_SHORT_3">
      <Text>Kesinlikle olmaz.</Text>
    </Row>
    <Row Tag="TXT_KEY_LEADER_ALEXANDER_DISAGREE_SHORT_4">
      <Text>Reddediyoruz.</Text>
    </Row>
    <Row Tag="TXT_KEY_LEADER_ALEXANDER_DISAGREE_SHORT_5">
      <Text>Tabii ki hayir.</Text>
    </Row>
    <Row Tag="TXT_KEY_LEADER_ALEXANDER_DISAGREE_SHORT_6">
      <Text>Bu kabul edilemez.</Text>
    </Row>
    <Row Tag="TXT_KEY_LEADER_ALEXANDER_DISAGREE_SHORT_7">
      <Text>Ciddi olamazsin!</Text>
    </Row>
    <Row Tag="TXT_KEY_LEADER_ALEXANDER_DISAGREE_SHORT_8">
      <Text>Pardon?</Text>
    </Row>
    <Row Tag="TXT_KEY_LEADER_ALEXANDER_FIRSTGREETING_1">
      <Text>Ben, Iskender, Herakles ve Zeus'un varisi, seni selamliyorum. Umarim sadik bir müttefik ya da degerli bir düsman olursun!</Text>
    </Row>
    <Row Tag="TXT_KEY_LEADER_ALEXANDER_FIRSTGREETING_2">
      <Text>Selamlar ve iyi karsilasmalar! Ben Iskender, krallarin oglu ve tanrilarin torunuyum! Siz de aynisini söyleyebilir misiniz?</Text>
    </Row>
    <Row Tag="TXT_KEY_LEADER_ALEXANDER_FIRSTGREETING_3">
      <Text>Hos geldin, yabanci! Ben Alexander, bu topraklarin hükümdariyim. Kilicima layik güçlü dostlar ya da düsmanlar ararim. Acaba sen hangisisin?</Text>
    </Row>
    <Row Tag="TXT_KEY_LEADER_ALEXANDER_GOODBYE_1">
      <Text>Elveda.</Text>
    </Row>
    <Row Tag="TXT_KEY_LEADER_ALEXANDER_GOODBYE_2">
      <Text>Güle güle.</Text>
    </Row>
    <Row Tag="TXT_KEY_LEADER_ALEXANDER_GOODBYE_3">
      <Text>Tekrar görüsene kadar.</Text>
    </Row>
    <Row Tag="TXT_KEY_LEADER_ALEXANDER_GOODBYE_4">
      <Text>Simdi git buradan.</Text>
    </Row>
    <Row Tag="TXT_KEY_LEADER_ALEXANDER_GOODBYE_5">
      <Text>Hepsi bu kadar.</Text>
    </Row>
    <Row Tag="TXT_KEY_LEADER_ALEXANDER_GREETING_1">
      <Text>Hos geldiniz.</Text>
    </Row>
    <Row Tag="TXT_KEY_LEADER_ALEXANDER_GREETING_2">
      <Text>Selam!</Text>
    </Row>
    <Row Tag="TXT_KEY_LEADER_ALEXANDER_GREETING_3">
      <Text>Selamlar.</Text>
    </Row>
    <Row Tag="TXT_KEY_LEADER_ALEXANDER_GREETING_4">
      <Text>Oh, sensin.</Text>
    </Row>
    <Row Tag="TXT_KEY_LEADER_ALEXANDER_GREETING_5">
      <Text>Eee?</Text>
    </Row>
    <Row Tag="TXT_KEY_LEADER_ALEXANDER_GREETING_6">
      <Text>Ne istiyorsun?</Text>
    </Row>
    <Row Tag="TXT_KEY_LEADER_ALEXANDER_LETSHEARIT_1">
      <Text>Duyalim bakalim.</Text>
    </Row>
    <Row Tag="TXT_KEY_LEADER_ALEXANDER_LETSHEARIT_2">
      <Text>Devam et.</Text>
    </Row>
    <Row Tag="TXT_KEY_LEADER_ALEXANDER_LETSHEARIT_3">
      <Text>Devam edin.</Text>
    </Row>
    <Row Tag="TXT_KEY_LEADER_ALEXANDER_LETSHEARIT_4">
      <Text>Dinliyorum.</Text>
    </Row>
    <Row Tag="TXT_KEY_LEADER_ALEXANDER_LETSHEARIT_5">
      <Text>Evet mi?</Text>
    </Row>
    <Row Tag="TXT_KEY_LEADER_ALEXANDER_LETSHEARIT_6">
      <Text>Ne diyordun?</Text>
    </Row>
    <Row Tag="TXT_KEY_LEADER_ALEXANDER_LETSHEARIT_7">
      <Text>Ve?</Text>
    </Row>
    <Row Tag="TXT_KEY_LEADER_ALEXANDER_LETSHEARIT_8">
      <Text>Devam et.</Text>
    </Row>
    <Row Tag="TXT_KEY_LEADER_ALEXANDER_LOSEWAR_1">
      <Text>Geçici zaferiniz için sizi kutluyorum.</Text>
    </Row>
    <Row Tag="TXT_KEY_LEADER_ALEXANDER_LOSEWAR_2">
      <Text>Olaganüstü zaferiniz için sizi tebrik etmeliyim. Güçlü Yunanlilara bile yigitlik dersi verdiniz!</Text>
    </Row>
    <Row Tag="TXT_KEY_LEADER_ALEXANDER_QUOTE_1">
      <Text>Dünyalarin sayisi sonsuzken, henüz tek bir tanesinin efendisi olamamis olmamiz gözyaslarina degmez mi?</Text>
    </Row>
    <Row Tag="TXT_KEY_LEADER_ALEXANDER_QUOTE_2">
      <Text>Cennet iki günese, Dünya iki efendiye tahammül edemez.</Text>
    </Row>
    <Row Tag="TXT_KEY_LEADER_ALEXANDER_TRADE_NEEDMORE_ANGRY_1">
      <Text>Beni ahmak mi saniyorsun? Matematigi bizzat Aristo'dan ögrendim. Bundan daha iyisini yapmalisin!</Text>
    </Row>
    <Row Tag="TXT_KEY_LEADER_ALEXANDER_TRADE_NEEDMORE_ANGRY_2">
      <Text>Bu yeterince iyi degil.</Text>
    </Row>
    <Row Tag="TXT_KEY_LEADER_ALEXANDER_TRADE_NEEDMORE_ANGRY_3">
      <Text>Bundan daha iyisini yapmalisin.</Text>
    </Row>
    <Row Tag="TXT_KEY_LEADER_ALEXANDER_TRADE_NEEDMORE_ANGRY_4">
      <Text>Neredeyse...</Text>
    </Row>
    <Row Tag="TXT_KEY_LEADER_ALEXANDER_TRADE_NEEDMORE_HAPPY_1">
      <Text>Genç olabilirim dostum ama ne saf ne de aptalim. Teklifinizi gelistirmek ister misiniz?</Text>
    </Row>
    <Row Tag="TXT_KEY_LEADER_ALEXANDER_TRADE_NEEDMORE_HAPPY_2">
      <Text>Yapabileceginin en iyisi bu mu?</Text>
    </Row>
    <Row Tag="TXT_KEY_LEADER_ALEXANDER_TRADE_NEEDMORE_HAPPY_3">
      <Text>Neredeyse vardin.</Text>
    </Row>
    <Row Tag="TXT_KEY_LEADER_ALEXANDER_TRADE_NEEDMORE_HAPPY_4">
      <Text>Neredeyse...</Text>
    </Row>
    <Row Tag="TXT_KEY_LEADER_ALEXANDER_TRADE_NEEDMORE_NEUTRAL_1">
      <Text>Teklifiniz hakaret sinirlarini asiyor. Teklifinizi gelistirmenizi ya da geri çekmenizi öneririm.</Text>
    </Row>
    <Row Tag="TXT_KEY_LEADER_ALEXANDER_TRADE_NEEDMORE_NEUTRAL_2">
      <Text>Biraz daha iyisini yapabilir misin?</Text>
    </Row>
    <Row Tag="TXT_KEY_LEADER_ALEXANDER_TRADE_NEEDMORE_NEUTRAL_3">
      <Text>Bu yeterince iyi degil.</Text>
    </Row>
    <Row Tag="TXT_KEY_LEADER_ALEXANDER_TRADE_NEEDMORE_NEUTRAL_4">
      <Text>Neredeyse...</Text>
    </Row>
    <Row Tag="TXT_KEY_LEADER_ALEXANDER_TRADE_NO_ANGRY">
      <Text>Teklifiniz çok çirkin. Bu bana ve Yunanistan'a yapilmis bir hakarettir.</Text>
    </Row>
    <Row Tag="TXT_KEY_LEADER_ALEXANDER_TRADE_NO_HAPPY">
      <Text>Tesekkürler, ama hayir.</Text>
    </Row>
    <Row Tag="TXT_KEY_LEADER_ALEXANDER_TRADE_NO_NEUTRAL">
      <Text>Ilgilenmiyorum.</Text>
    </Row>
    <Row Tag="TXT_KEY_LEADER_ALEXANDER_TRADE_YES_ANGRY">
      <Text>Anlastik.</Text>
    </Row>
    <Row Tag="TXT_KEY_LEADER_ALEXANDER_TRADE_YES_HAPPY">
      <Text>Mükemmel. Anlastik.</Text>
    </Row>
    <Row Tag="TXT_KEY_LEADER_ALEXANDER_TRADE_YES_NEUTRAL">
      <Text>Cok iyi.</Text>
    </Row>
    <Row Tag="TXT_KEY_LEADER_ALEXANDER_TRADEREQUEST_ANGRY">
      <Text>Iste teklifim. Reddetmek senin sorumlulugunda.</Text>
    </Row>
    <Row Tag="TXT_KEY_LEADER_ALEXANDER_TRADEREQUEST_HAPPY">
      <Text>Dostum, bu sana mantikli geliyor mu?</Text>
    </Row>
    <Row Tag="TXT_KEY_LEADER_ALEXANDER_TRADEREQUEST_NEUTRAL">
      <Text>Bunun her ikimizin de yararina olacagina inaniyorum.</Text>
    </Row>
    <Row Tag="TXT_KEY_LEADER_ALEXANDER_TRIBUTE_NO_ANGRY">
      <Text>Seni kurtçuk! Bir kralla ve tanrilarin varisiyle konustugunu unuttun mu?</Text>
    </Row>
    <Row Tag="TXT_KEY_LEADER_ALEXANDER_TRIBUTE_NO_HAPPY">
      <Text>Sana olan büyük sevgime ragmen, reddetmek zorundayim.</Text>
    </Row>
    <Row Tag="TXT_KEY_LEADER_ALEXANDER_TRIBUTE_NO_NEUTRAL">
      <Text>Ha, ha, ha! Saka yapiyor olmalisin!</Text>
    </Row>
    <Row Tag="TXT_KEY_LEADER_ALEXANDER_TRIBUTE_YES_ANGRY">
      <Text>Pekâlâ. Baska seçenegim yok gibi görünüyor. Ama bir gün bunun bedelini ödeyeceksin.</Text>
    </Row>
    <Row Tag="TXT_KEY_LEADER_ALEXANDER_TRIBUTE_YES_HAPPY">
      <Text>Elbette, ne istersen al! Ben cömertligin ruhuyum!</Text>
    </Row>
    <Row Tag="TXT_KEY_LEADER_ALEXANDER_TRIBUTE_YES_NEUTRAL">
      <Text>Cok iyi. Yapabiliyorken tadini çikar.</Text>
    </Row>
    <Row Tag="TXT_KEY_LEADER_ALEXANDER_WARBLUFF_1">
      <Text>Sorun degil. Hazir oldugumuzda gelip alacagiz.</Text>
    </Row>
    <Row Tag="TXT_KEY_LEADER_ALEXANDER_WARBLUFF_2">
      <Text>Ne hayal kirikligi.</Text>
    </Row>
    <Row Tag="TXT_KEY_LEADER_ALEXANDER_WARBLUFF_3">
      <Text>Ne büyük hayal kirikligi.</Text>
    </Row>
    <Row Tag="TXT_KEY_LEADER_ALEXANDER_WARBLUFF_4">
      <Text>Gerçekten mi? Aptal cesaretine hayranim.</Text>
    </Row>
    <Row Tag="TXT_KEY_LEADER_ALEXANDER_WARBLUFF_5">
      <Text>Ne kadar aptalsin.</Text>
    </Row>
    <Row Tag="TXT_KEY_LEADER_ALEXANDER_WARBLUFF_6">
      <Text>Aptal! Buna pisman olacaksin, sana söz veriyorum!</Text>
    </Row>
    <Row Tag="TXT_KEY_LEADER_ALEXANDER_WINWAR_1">
      <Text>Cok eglenceliydi. Bunu bir ara tekrar yapalim!</Text>
    </Row>
    <Row Tag="TXT_KEY_LEADER_ALEXANDER_WINWAR_2">
      <Text>Bir barbar için iyi savastin. Sairler destansi mücadelemizi yazacak!</Text>
    </Row>
  </Language_en_US>
</GameData>