﻿<?xml version="1.0" encoding="utf-8"?>
<!-- edited with XMLSPY v2004 rel. 2 U (http://www.xmlspy.com) by Jon Shafer (Firaxis Games) -->
<!--Linked to the Civ5Diplomacy_Responses.xml file (assets\Gameplay\XML\Diplomacy). Entries that have the same key except for the number on the end may be picked randomly by the in-game diplo system (rules for this also defined in the Responses.xml file). *****NOTE**** If you want to add more response possibilities to this file you must keep the same TXT_KEY naming convention as what's here already, or else you'll have to change the Responses.xml file!!!-->
<GameData>
  <Language_en_US>
    <!--First Greeting from leaders that don't have their own file yet-->
    <!-- Misc stuff -->
    <Row Tag="TXT_KEY_DIPLOMACY_ANYTHING_ELSE">
      <Text>Baska bir sey var mi?</Text>
    </Row>
    <Row Tag="TXT_KEY_DIPLOMACY_DISCUSS_WHAT">
      <Text>Ne konusmak istersiniz?</Text>
    </Row>
    <!-- Human repeats an action too much, gets the following responses -->
    <Row Tag="TXT_KEY_GENERIC_REPEAT_TOO_MUCH">
      <Text>...</Text>
    </Row>
    <Row Tag="TXT_KEY_GENERIC_REPEAT_TRADE_1">
      <Text>Daha iyisini yapman gerektigini söylememis miydim?</Text>
    </Row>
    <Row Tag="TXT_KEY_GENERIC_REPEAT_TRADE_2">
      <Text>Size sadece adil bir anlasma teklif etmekle ugrasmanizi söylemistim.</Text>
    </Row>
    <Row Tag="TXT_KEY_GENERIC_REPEAT_TRADE_3">
      <Text>Kabul etmeyecegimi bildigin anlasmalar mi öneriyorsun?</Text>
    </Row>
    <Row Tag="TXT_KEY_GENERIC_GREETING_REPEAT_1">
      <Text>Bu kadar çabuk mu döndün?</Text>
    </Row>
    <Row Tag="TXT_KEY_GENERIC_GREETING_REPEAT_2">
      <Text>Benimle konusmayi seviyorsun, degil mi?</Text>
    </Row>
    <Row Tag="TXT_KEY_GENERIC_GREETING_HOSTILE_REPEAT_1">
      <Text>Sürekli benimle konusmaktan daha iyi bir isin olmali. Belki de yoktur.</Text>
    </Row>
    <Row Tag="TXT_KEY_GENERIC_GREETING_HOSTILE_REPEAT_2">
      <Text>Peki bu sefer ne istiyorsun?</Text>
    </Row>
    <!-- Greetings -->
    <Row Tag="TXT_KEY_GENERIC_GREETING_POLITE_HELLO_1">
      <Text>Merhaba dostum. Bugün seni sarayima getiren nedir?</Text>
    </Row>
    <Row Tag="TXT_KEY_GENERIC_GREETING_POLITE_HELLO_2">
      <Text>Sizinle konusmak her zaman bir zevktir. Ne hakkinda konusmak istersiniz?</Text>
    </Row>
    <Row Tag="TXT_KEY_GENERIC_GREETING_POLITE_HELLO_3">
      <Text>Tekrar merhaba dostum.</Text>
    </Row>
    <Row Tag="TXT_KEY_GENERIC_GREETING_POLITE_HELLO_4">
      <Text>Sizi tekrar görmek ne güzel. Haberlerle mi geliyorsun, yoksa bir teklifle mi?</Text>
    </Row>
    <Row Tag="TXT_KEY_LEADER_ALEXANDER_GREETING_POLITE_HELLO_1">
      <Text>Ah, tekrar merhaba dostum! Bu kudretli general sizin için ne yapabilir?</Text>
    </Row>
    <Row Tag="TXT_KEY_LEADER_WASHINGTON_GREETING_POLITE_HELLO_1">
      <Text>Amerika Birlesik Devletleri'ne tekrar hos geldin dostum.</Text>
    </Row>
    <Row Tag="TXT_KEY_LEADER_HARUN_GREETING_POLITE_HELLO_1">
      <Text>Tanri yüzüne gülüyor dostum. Senin için ne yapabilirim?</Text>
    </Row>
    <Row Tag="TXT_KEY_LEADER_MONTEZUMA_GREETING_POLITE_HELLO_1">
      <Text>Hos geldin, dostum! Bu bulusmanin anisina 10 esir kurban edecegim!</Text>
    </Row>
    <Row Tag="TXT_KEY_LEADER_WUZETIAN_GREETING_POLITE_HELLO_1">
      <Text>Selamlar, dostum. Bugünlerde birbirimize göz kulak olmamiz gerekiyor, öyle degil mi?</Text>
    </Row>
    <Row Tag="TXT_KEY_LEADER_RAMESSES_GREETING_POLITE_HELLO_1">
      <Text>Hos geldiniz, büyük lider. Misir'in Tanrisi ile ne isin var?</Text>
    </Row>
    <Row Tag="TXT_KEY_LEADER_ELIZABETH_GREETING_POLITE_HELLO_1">
      <Text>Ingiltere'ye dönüsünü memnuniyetle karsiliyorum, dostum. Umarim yolculugunuz güzel geçmistir?</Text>
    </Row>
    <Row Tag="TXT_KEY_LEADER_NAPOLEON_GREETING_POLITE_HELLO_1">
      <Text>Ah, tekrar merhaba. Sanirim son zamanlarda basini belaya sokmadin, dostum?</Text>
    </Row>
    <Row Tag="TXT_KEY_LEADER_BISMARCK_GREETING_POLITE_HELLO_1">
      <Text>Almanya'dan selamlar. Umarim iyisinizdir?</Text>
    </Row>
    <Row Tag="TXT_KEY_LEADER_GANDHI_GREETING_POLITE_HELLO_1">
      <Text>Tekrar merhaba, sevgili dostum. Hindistan seni kollarini açarak karsiliyor.</Text>
    </Row>
    <Row Tag="TXT_KEY_LEADER_HIAWATHA_GREETING_POLITE_HELLO_1">
      <Text>Ruhlar gelisinizi haber veriyor. Seni buraya getiren nedir, dostum?</Text>
    </Row>
    <Row Tag="TXT_KEY_LEADER_ODA_GREETING_POLITE_HELLO_1">
      <Text>Selamlar, büyük lider. Iyi olmaniz en içten dilegimdir.</Text>
    </Row>
    <Row Tag="TXT_KEY_LEADER_SULEIMAN_GREETING_POLITE_HELLO_1">
      <Text>Ah, tekrar hos geldiniz. Osmanli Imparatorlugu dostlarini agirlamaktan her zaman mutluluk duyar.</Text>
    </Row>
    <Row Tag="TXT_KEY_LEADER_DARIUS_GREETING_POLITE_HELLO_1">
      <Text>Dünyanin hazineleri bizim olabilir, birlikte! Seni bu sefer Iran'a getiren nedir, dostum?</Text>
    </Row>
    <Row Tag="TXT_KEY_LEADER_AUGUSTUS_GREETING_POLITE_HELLO_1">
      <Text>Seni Roma'ya getiren nedir, ey bilge lider?</Text>
    </Row>
    <Row Tag="TXT_KEY_LEADER_CATHERINE_GREETING_POLITE_HELLO_1">
      <Text>Harika, sizi yakinda tekrar görmeyi umuyordum!</Text>
    </Row>
    <Row Tag="TXT_KEY_LEADER_RAMKHAMHAENG_GREETING_POLITE_HELLO_1">
      <Text>Ah, merhaba! Siam'a dönüsünü nasil kutlayacagiz?</Text>
    </Row>
    <Row Tag="TXT_KEY_LEADER_ASKIA_GREETING_POLITE_HELLO_1">
      <Text>Seni buraya, Songhai'ye, Tanri'nin en sevdigi topraklara getiren nedir dostum?</Text>
    </Row>
    <Row Tag="TXT_KEY_GENERIC_GREETING_NEUTRAL_HELLO_1">
      <Text>Selamlar.</Text>
    </Row>
    <Row Tag="TXT_KEY_GENERIC_GREETING_NEUTRAL_HELLO_3">
      <Text>Ne konusmak istersiniz?</Text>
    </Row>
    <Row Tag="TXT_KEY_GENERIC_GREETING_NEUTRAL_HELLO_4">
      <Text>Bugün sizi buraya getiren nedir?</Text>
    </Row>
    <Row Tag="TXT_KEY_GENERIC_GREETING_NEUTRAL_HELLO_5">
      <Text>Devam et.</Text>
    </Row>
    <Row Tag="TXT_KEY_GENERIC_GREETING_NEUTRAL_HELLO_6">
      <Text>Baslayalim.</Text>
    </Row>
    <Row Tag="TXT_KEY_LEADER_ALEXANDER_GREETING_NEUTRAL_HELLO_1">
      <Text>Hos geldiniz! Umarim siz de Yunan Imparatorlugu'nu benim kadar etkileyici bulursunuz.</Text>
    </Row>
    <Row Tag="TXT_KEY_LEADER_WASHINGTON_GREETING_NEUTRAL_HELLO_1">
      <Text>Birlesik Devletler'e hos geldiniz.</Text>
    </Row>
    <Row Tag="TXT_KEY_LEADER_HARUN_GREETING_NEUTRAL_HELLO_1">
      <Text>Bu günkü gelisiniz Tanri'nin istegi olmali.</Text>
    </Row>
    <Row Tag="TXT_KEY_LEADER_MONTEZUMA_GREETING_NEUTRAL_HELLO_1">
      <Text>Isterseniz sunagima daha yakindan bakmanizi saglayabilirim.</Text>
    </Row>
    <Row Tag="TXT_KEY_LEADER_WUZETIAN_GREETING_NEUTRAL_HELLO_1">
      <Text>Hos geldiniz. Sizi zengin ve güçlü Cin'e getiren nedir?</Text>
    </Row>
    <Row Tag="TXT_KEY_LEADER_RAMESSES_GREETING_NEUTRAL_HELLO_1">
      <Text>Misir'in tanrisi ve firavunu size hos geldiniz diyor.</Text>
    </Row>
    <Row Tag="TXT_KEY_LEADER_ELIZABETH_GREETING_NEUTRAL_HELLO_1">
      <Text>Ingiltere'ye hos geldiniz.</Text>
    </Row>
    <Row Tag="TXT_KEY_LEADER_NAPOLEON_GREETING_NEUTRAL_HELLO_1">
      <Text>Fransiz Imparatorlugu'na hayran olmak için mi yoksa is yapmak için mi buradasiniz?</Text>
    </Row>
    <Row Tag="TXT_KEY_LEADER_BISMARCK_GREETING_NEUTRAL_HELLO_1">
      <Text>Almanya her zaman sizin gibi güçlü imparatorluklarla olumlu iliskiler kurmayi arzu eder.</Text>
    </Row>
    <Row Tag="TXT_KEY_LEADER_GANDHI_GREETING_NEUTRAL_HELLO_1">
      <Text>Hindistan ziyaretinizi kabul etmekten her zaman memnuniyet duyar.</Text>
    </Row>
    <Row Tag="TXT_KEY_LEADER_HIAWATHA_GREETING_NEUTRAL_HELLO_1">
      <Text>Sizi bu kadar vahsi dogaya getiren nedir, lider?</Text>
    </Row>
    <Row Tag="TXT_KEY_LEADER_ODA_GREETING_NEUTRAL_HELLO_1">
      <Text>Bu mütevazi savas lordu varliginizi memnuniyetle karsiliyor.</Text>
    </Row>
    <Row Tag="TXT_KEY_LEADER_SULEIMAN_GREETING_NEUTRAL_HELLO_1">
      <Text>Medeniyetin mücevheri Osmanli Imparatorlugu'na hos geldiniz.</Text>
    </Row>
    <Row Tag="TXT_KEY_LEADER_DARIUS_GREETING_NEUTRAL_HELLO_1">
      <Text>Sizi engin ve asil Pers Imparatorlugu'na getiren nedir?</Text>
    </Row>
    <Row Tag="TXT_KEY_LEADER_AUGUSTUS_GREETING_NEUTRAL_HELLO_1">
      <Text>Devam edin. Ilgilenmem gereken çok sey var.</Text>
    </Row>
    <Row Tag="TXT_KEY_LEADER_CATHERINE_GREETING_NEUTRAL_HELLO_1">
      <Text>Muhtesem, diger büyük liderlerin ziyaretlerinden her zaman keyif alirim!</Text>
    </Row>
    <Row Tag="TXT_KEY_LEADER_RAMKHAMHAENG_GREETING_NEUTRAL_HELLO_1">
      <Text>Umarim aradiginizi burada, Siam'da bulabilirsiniz.</Text>
    </Row>
    <Row Tag="TXT_KEY_LEADER_ASKIA_GREETING_NEUTRAL_HELLO_1">
      <Text>Büyük lider Songhail'i ziyaret etmenizi Tanri'nin diledigine inaniyorum.</Text>
    </Row>
    <Row Tag="TXT_KEY_GENERIC_GREETING_HOSTILE_HELLO_1">
      <Text>Ne istiyorsun?</Text>
    </Row>
    <Row Tag="TXT_KEY_GENERIC_GREETING_HOSTILE_HELLO_2">
      <Text>Neden buradasin?</Text>
    </Row>
    <Row Tag="TXT_KEY_GENERIC_GREETING_HOSTILE_HELLO_3">
      <Text>Burada ne isiniz var?</Text>
    </Row>
    <Row Tag="TXT_KEY_GENERIC_GREETING_HOSTILE_HELLO_4">
      <Text>Harika, yine mi sen?</Text>
    </Row>
    <Row Tag="TXT_KEY_GENERIC_GREETING_HOSTILE_HELLO_5">
      <Text>Devam et.</Text>
    </Row>
    <Row Tag="TXT_KEY_LEADER_ALEXANDER_GREETING_HOSTILE_HELLO_1">
      <Text>Güçlü Yunan Imparatorlugu'nda yüzünü böyle gösterdigin için cesursun.</Text>
    </Row>
    <Row Tag="TXT_KEY_LEADER_WASHINGTON_GREETING_HOSTILE_HELLO_1">
      <Text>Ne olmus yani? Sizin gibilerin Amerika Birlesik Devletleri ile ne isi olabilir?</Text>
    </Row>
    <Row Tag="TXT_KEY_LEADER_HARUN_GREETING_HOSTILE_HELLO_1">
      <Text>Tanri tarafindan dislananlar burada olmamali.</Text>
    </Row>
    <Row Tag="TXT_KEY_LEADER_MONTEZUMA_GREETING_HOSTILE_HELLO_1">
      <Text>Kendinizi kurban olarak sunmak için mi buradasiniz? Hayir mi? O zaman hemen yola çikmanizi öneririm.</Text>
    </Row>
    <Row Tag="TXT_KEY_LEADER_WUZETIAN_GREETING_HOSTILE_HELLO_1">
      <Text>Kudretli Cin Imparatorlugu'na saygisizlik etmek seni tehlikeye atar, "dostum".</Text>
    </Row>
    <Row Tag="TXT_KEY_LEADER_RAMESSES_GREETING_HOSTILE_HELLO_1">
      <Text>Ilahi Firavun'un bu ana kadar yasamaniza izin verdigi için minnettar olmalisiniz.</Text>
    </Row>
    <Row Tag="TXT_KEY_LEADER_ELIZABETH_GREETING_HOSTILE_HELLO_1">
      <Text>Seninle harcayacak bir günüm yok. Isinizi çabuk halledin ve gidin.</Text>
    </Row>
    <Row Tag="TXT_KEY_LEADER_NAPOLEON_GREETING_HOSTILE_HELLO_1">
      <Text>Dünyanin en büyük insan lideriyle ne isiniz var?</Text>
    </Row>
    <Row Tag="TXT_KEY_LEADER_BISMARCK_GREETING_HOSTILE_HELLO_1">
      <Text>Ziyaretinizin amacini belirtin.</Text>
    </Row>
    <Row Tag="TXT_KEY_LEADER_GANDHI_GREETING_HOSTILE_HELLO_1">
      <Text>Sizinle konusmaktan keyif almiyor olsam da, umudum bunu yapmanin Hindistan için daha parlak bir gelecege yol açmasidir.</Text>
    </Row>
    <Row Tag="TXT_KEY_LEADER_HIAWATHA_GREETING_HOSTILE_HELLO_1">
      <Text>Etrafimizi saran ruhlar bana sana güvenilmeyecegini söylüyor. Sen ne diyorsun?</Text>
    </Row>
    <Row Tag="TXT_KEY_LEADER_ODA_GREETING_HOSTILE_HELLO_1">
      <Text>Bu samuray size bir dinleyici veriyor. Simdi konusun ve bu firsati bosa harcamayin.</Text>
    </Row>
    <Row Tag="TXT_KEY_LEADER_SULEIMAN_GREETING_HOSTILE_HELLO_1">
      <Text>Sadece büyük liderlerle konusmayi aliskanlik haline getirdim ama sizin için bir istisna yapacagim. Acele edin.</Text>
    </Row>
    <Row Tag="TXT_KEY_LEADER_DARIUS_GREETING_HOSTILE_HELLO_1">
      <Text>Iran'a oldugun gibi mi geliyorsun? Ne istiyorsun?</Text>
    </Row>
    <Row Tag="TXT_KEY_LEADER_AUGUSTUS_GREETING_HOSTILE_HELLO_1">
      <Text>Roma'nin zamanini bosa harcama. Yapacak islerim var.</Text>
    </Row>
    <Row Tag="TXT_KEY_LEADER_CATHERINE_GREETING_HOSTILE_HELLO_1">
      <Text>Benim iyiligimi kazanmak için mi buradasin? Eger öyleyse, yapman gereken isler var.</Text>
    </Row>
    <Row Tag="TXT_KEY_LEADER_RAMKHAMHAENG_GREETING_HOSTILE_HELLO_1">
      <Text>Sizinle görüsmek her zaman tatsiz olmustur ama Siyam halki için fedakârlik yapmaliyim.</Text>
    </Row>
    <Row Tag="TXT_KEY_LEADER_ASKIA_GREETING_HOSTILE_HELLO_1">
      <Text>Istersen sana bir Songhai savasçisinin kilicinin ne kadar keskin oldugunu gösterebilirim. Hayir mi? O zaman ne istiyorsun?</Text>
    </Row>
    <Row Tag="TXT_KEY_GENERIC_GREETING_DESTRUCTION_LOOMS_1">
      <Text>Sona yaklastik. Ne hakkinda konusmak istiyorsun?</Text>
    </Row>
    <Row Tag="TXT_KEY_GENERIC_GREETING_DESTRUCTION_LOOMS_2">
      <Text>Yenilgiyle yüz yüze geldigimde anlarim. Sartlari konusmaya mi geldiniz?</Text>
    </Row>
    <Row Tag="TXT_KEY_GENERIC_GREETING_AT_WAR_WANTS_PEACE_1">
      <Text>Bu savasi bitirmenin zamani gelmedi mi?</Text>
    </Row>
    <Row Tag="TXT_KEY_GENERIC_GREETING_AT_WAR_WANTS_PEACE_2">
      <Text>Iki ulusun iyiligi için baris yapalim.</Text>
    </Row>
    <Row Tag="TXT_KEY_GENERIC_GREETING_AT_WAR_WANTS_PEACE_3">
      <Text>Silahlarimizi birakma zamani geldi.</Text>
    </Row>
    <Row Tag="TXT_KEY_GENERIC_GREETING_AT_WAR_HOSTILE_1">
      <Text>Merhamet dilenmeye mi geldin?</Text>
    </Row>
    <Row Tag="TXT_KEY_GENERIC_GREETING_AT_WAR_HOSTILE_2">
      <Text>Savasma istegini mi kaybettin?</Text>
    </Row>
    <Row Tag="TXT_KEY_GENERIC_GREETING_AT_WAR_HOSTILE_3">
      <Text>Sorun nedir? Savastan yoruldun mu?</Text>
    </Row>
    <Row Tag="TXT_KEY_GENERIC_GREETING_RESEARCH_AGREEMENT_1">
      <Text>Selamlar. Arastirma Anlasmasi'na yönelik ilerleme nasil gidiyor?</Text>
    </Row>
    <Row Tag="TXT_KEY_GENERIC_GREETING_BROKEN_MILITARY_PROMISE_1">
      <Text>Sizin gibi onursuz bir kisinin burada ne isi var?</Text>
    </Row>
    <Row Tag="TXT_KEY_GENERIC_GREETING_WORKING_WITH_1">
      <Text>Seninle çalismak her zaman bir zevkti, dostum. Seni mahkememe getiren nedir?</Text>
    </Row>
    <Row Tag="TXT_KEY_GENERIC_GREETING_WORKING_AGAINST_1">
      <Text>Kötü adam {1_ThirdPlayerName:textkey} sürekli bir bas agrisi olmaya devam ediyor. Sence de öyle degil mi?</Text>
    </Row>
    <Row Tag="TXT_KEY_GENERIC_GREETING_WORKING_AGAINST_2">
      <Text>Selamlar. Umuyorum ki çok geçmeden {1_ThirdPlayerName:textkey} ile kesin olarak basa çikabiliriz.</Text>
    </Row>
    <Row Tag="TXT_KEY_GENERIC_GREETING_WORKING_AGAINST_3">
      <Text>{1_ThirdPlayerName:textkey} ile nasil basa çikilacagina dair yeni planlar var mi?</Text>
    </Row>
    <Row Tag="TXT_KEY_GENERIC_GREETING_COOP_WAR_1">
      <Text>{1_ThirdPlayerName:textkey}'yi halletmemiz uzun sürmeyecek. Bunu hissedebiliyorum.</Text>
    </Row>
    <Row Tag="TXT_KEY_GENERIC_GREETING_COOP_WAR_2">
      <Text>Umarim siz de benim kadar {1_ThirdPlayerName:textkey}'nin çöküsünü dört gözle bekliyorsunuzdur.</Text>
    </Row>
    <Row Tag="TXT_KEY_GENERIC_GREETING_COOP_WAR_3">
      <Text>Yakinda {1_ThirdPlayerName:textkey} ile sonsuza dek basa çikmis olacagiz.</Text>
    </Row>
    <Row Tag="TXT_KEY_GENERIC_GREETING_HOSTILE_HUMAN_AT_WAR_1">
      <Text>Küçük savasiniz nasil gidiyor? Umarim çok iyi degildir. Ne istiyorsun?</Text>
    </Row>
    <Row Tag="TXT_KEY_GENERIC_GREETING_HUMAN_AT_WAR_1">
      <Text>Mevcut çatismanizda size iyi sanslar. Sizin için ne yapabilirim?</Text>
    </Row>
    <Row Tag="TXT_KEY_GENERIC_GREETING_HOSTILE_AGGRESSIVE_MILITARY_1">
      <Text>Askeri güçlerinizi sinirlarimin yakininda görüyorum. Beni aptalca tehdit etmek için mi buradasiniz yoksa sadece zamanimi mi harciyorsunuz?</Text>
    </Row>
    <Row Tag="TXT_KEY_GENERIC_GREETING_AGGRESSIVE_MILITARY_1">
      <Text>Ordunuzun konumu biraz endise verici. Gelecekteki baris için geri çekilmenizi tavsiye ederim. Simdi, ne hakkinda konusmak istersiniz?</Text>
    </Row>
    <Row Tag="TXT_KEY_GENERIC_GREETING_HOSTILE_AGGRESSIVE_EXPANSION_1">
      <Text>Sehirlerinizin ve insanlarinizin yayilmasi, topraklara bulasan bir veba gibi. Artik bunlari görmek zorunda kalmayacagim günü iple çekiyorum.</Text>
    </Row>
    <Row Tag="TXT_KEY_GENERIC_GREETING_AGGRESSIVE_EXPANSION_1">
      <Text>Bu firsati bulmusken, genislemenizin bazi yetkililerimi endiselendirdigini belirtmeliyim. Umarim bu durum gelecekte herhangi bir soruna yol açmaz. Ne konusmak istersiniz?</Text>
    </Row>
    <Row Tag="TXT_KEY_GENERIC_GREETING_HOSTILE_AGGRESSIVE_PLOT_BUYING_1">
      <Text>Imparatorlugunuzdaki tüm topraklari çalmaniz açgözlülügünüzü gösteriyor. Bunun eninde sonunda seni yakalayacagini biliyorsun, degil mi?</Text>
    </Row>
    <Row Tag="TXT_KEY_GENERIC_GREETING_AGGRESSIVE_PLOT_BUYING_1">
      <Text>Son zamanlarda yakinimizda arazi satin alma egiliminiz endise verici. Gelecekteki iliskilerimizin iyiligi için bu konuda dikkatli olmanizi tavsiye ederim. Bunu aradan çikardigimiza göre, bugün sizi buraya getiren nedir?</Text>
    </Row>
    <Row Tag="TXT_KEY_GENERIC_GREETING_FRIENDLY_STRONG_MILITARY_1">
      <Text>Güçlü ordunuz hakkinda birçok hikaye duydum. Bu dünyanin kötüleri sizin gücünüzden korksa iyi olur.</Text>
    </Row>
    <Row Tag="TXT_KEY_GENERIC_GREETING_FRIENDLY_STRONG_ECONOMY_1">
      <Text>Imparatorlugunuz güçlü ekonomisiyle ünlü. Belki bir gün bazi sirlarinizi bir arkadasinizla paylasmak istersiniz?</Text>
    </Row>
    <Row Tag="TXT_KEY_GENERIC_GREETING_HOSTILE_HUMAN_FEW_CITIES">
      <Text>Ciliz olan ortaya çikiyor. Biz de tam senden bahsediyorduk. Sadece kötü seyler, sizi temin ederim.</Text>
    </Row>
    <Row Tag="TXT_KEY_GENERIC_GREETING_HOSTILE_HUMAN_SMALL_ARMY">
      <Text>Aramizda kalsin, ordunuz dünyanin alay konusu olmus durumda. Yine de bunun sizi üzmesine izin vermeyin, eminim yakinda birileri sizi bu sefaletten kurtaracaktir.</Text>
    </Row>
    <Row Tag="TXT_KEY_GENERIC_GREETING_HOSTILE_HUMAN_IS_WARMONGER">
      <Text>Ah, kana susamis olan yüzünü gösteriyor. Onun benimle ne isi var?</Text>
    </Row>
    <Row Tag="TXT_KEY_GENERIC_GREETING_DENOUNCED_BY_AI_1">
      <Text>Sen mi? Ne istiyorsun? Senin gibilerle daha fazla isim olmaz.</Text>
    </Row>
    <Row Tag="TXT_KEY_GENERIC_GREETING_DENOUNCED_BY_AI_2">
      <Text>Peki sen burada ne yaptigini saniyorsun?</Text>
    </Row>
    <Row Tag="TXT_KEY_GENERIC_GREETING_DENOUNCED_AI_1">
      <Text>Oh, tamam. Simdi konusmak istiyorsun, ha?</Text>
    </Row>
    <Row Tag="TXT_KEY_GENERIC_GREETING_DENOUNCED_AI_2">
      <Text>Söyledigin seylerden sonra burada yüzünü mü gösteriyorsun? Seni disari atmadan önce amacini hemen açikla.</Text>
    </Row>
    <Row Tag="TXT_KEY_GENERIC_GREETING_OUR_DOF_WITH_ENEMY_OF_AI_1">
      <Text>Ne oldu? {1_PlayerName} gibilerle takilanlar için fazla zamanim yok.</Text>
    </Row>
    <Row Tag="TXT_KEY_GENERIC_GREETING_OUR_DOF_WITH_FRIEND_OF_AI_1">
      <Text>Ah, merhaba. {1_PlayerName}'nin bir arkadasiyla konusmaktan her zaman mutluluk duyarim.</Text>
    </Row>
    <Row Tag="TXT_KEY_GENERIC_GREETING_DENOUNCED_FRIEND_OF_AI_1">
      <Text>Oh, sensin demek. Size karsi dürüst olacagim, {1_PlayerName} hakaret edenlere karsi nazik davranmiyorum.</Text>
    </Row>
    <Row Tag="TXT_KEY_GENERIC_GREETING_DENOUNCED_ENEMY_OF_AI_1">
      <Text>Ah, selamlar. {1_PlayerName}'den hoslanmadigimi paylasan diger liderlerle konusmaktan her zaman mutluluk duyarim.</Text>
    </Row>
    <Row Tag="TXT_KEY_GENERIC_TOO_SOON_FOR_DOF_1">
      <Text>Üzgünüm ama birbirimizi bunu yapmaktan çekinmemi gerektirecek kadar uzun süredir tanimiyoruz. Belki ileride bu konuyu tekrar ele alabiliriz.</Text>
    </Row>
    <Row Tag="TXT_KEY_GENERIC_TOO_SOON_FOR_DOF_2">
      <Text>Iliskimizin bu noktasinda böyle bir açiklama yapmak erken olur. Belki baska bir zaman.</Text>
    </Row>
    <Row Tag="TXT_KEY_DOF_AI_DENOUNCE_REQUEST_1">
      <Text>Dostum, konusmam gereken ciddi bir konu var. {1_CivName} ile iliskim bozuldu ve bir destek gösterisi olarak onlari ihbar etmeni istiyorum. Ne diyorsun?</Text>
    </Row>
    <Row Tag="TXT_KEY_DOF_AI_WAR_REQUEST_1">
      <Text>Kendimi çok ciddi bir durumun içinde buldum, dostum. {1_CivName} ile savas zamani geldi ve savas alaninda bana katilmana ihtiyacim var. Ne diyorsun? (HEMEN SAVAS ILAN EDILECEK)</Text>
    </Row>
    <Row Tag="TXT_KEY_DOF_NOT_HONORED_1">
      <Text>Acinasi. Simdi gerçek yüzünüzü gösteriyorsunuz. Dünya sizin serefsizliginizi ögrenecek.[NEWLINE][NEWLINE]([COLOR_WARNING_TEXT]Bizi alenen ihbar ettiler! NOT: Savasta degilsiniz.[ENDCOLOR])</Text>
    </Row>
    <Row Tag="TXT_KEY_DOF_NOT_HONORED_2">
      <Text>Demek böyle bir müttefiksiniz? Dünyanin geri kalan liderleri ihanetinizi duyacak.[NEWLINE][NEWLINE]([COLOR_WARNING_TEXT]Bizi alenen kinadilar! NOT: Savasta degilsiniz.[ENDCOLOR])</Text>
    </Row>
    <Row Tag="TXT_KEY_DENOUNCING_FRIEND_1">
      <Text>Senden biktim artik. Dünyanin diger liderlerine sizinle çalismanin bir hata oldugunu söyledim.[NEWLINE][NEWLINE]([COLOR_WARNING_TEXT]Bizi alenen kinadilar! NOT: Savasta degilsiniz.[ENDCOLOR])</Text>
    </Row>
    <Row Tag="TXT_KEY_DENOUNCING_FRIEND_2">
      <Text>Pekala, yeter artik. Herkesi kötü eylemlerinizden haberdar etmenin zamani çoktan geldi.[NEWLINE][NEWLINE]([COLOR_WARNING_TEXT]Bizi alenen kinadilar! NOT: Savasta degilsiniz.[ENDCOLOR])</Text>
    </Row>
    <Row Tag="TXT_KEY_RESPONSE_TO_BEING_DENOUNCED_1">
      <Text>Öyleyse böyle mi? Pekala. Bunu unutmayacagim.</Text>
    </Row>
    <Row Tag="TXT_KEY_RESPONSE_TO_BEING_DENOUNCED_2">
      <Text>Böyle aptalca bir hareketle itibarinizi lekelediniz.</Text>
    </Row>
    <Row Tag="TXT_KEY_RESPONSE_TO_BEING_DENOUNCED_3">
      <Text>Aptalca bir hata yaptiniz. Bu olay unutulmayacak.</Text>
    </Row>
    <Row Tag="TXT_KEY_RESPONSE_TO_BEING_DENOUNCED_4">
      <Text>Seninle zamanimi bosa harciyormusum gibi bir his vardi içimde. Ancak isin bu noktaya gelecegini bilmiyordum.</Text>
    </Row>
    <Row Tag="TXT_KEY_HUMAN_DOFED_FRIEND_1">
      <Text>Ahhh, {1_CivName} ile arkadas oldugunuzu fark ettim. Bunu duyduguma sevindim. Ben de zaten onlarla iyi iliskiler içindeyim.</Text>
    </Row>
    <Row Tag="TXT_KEY_HUMAN_DOFED_ENEMY_1">
      <Text>{1_CivName} ile fazla yakinlasmamanizi tavsiye ederim. Eger öyleyse... anlasmakta sorun yasayabiliriz.</Text>
    </Row>
    <Row Tag="TXT_KEY_HUMAN_DENOUNCED_FRIEND_1">
      <Text>Bilmenizi isterim ki {1_CivName} ve ben geçmiste birlikte çalistik ve onlara son derece saygi duyuyorum. Haberiniz olsun.</Text>
    </Row>
    <Row Tag="TXT_KEY_HUMAN_DENOUNCED_ENEMY_1">
      <Text>Dünyada {1_CivName}'den duydugum tiksintiyi paylasan baskalarinin da oldugunu duyduguma sevindim. Onlara güvenilmemesi gerektigi açik.</Text>
    </Row>
    <Row Tag="TXT_KEY_HUMAN_DOF_SO_AI_DOF_1">
      <Text>Aramiz bu kadar iyiyken, {1_CivName} ile arkadas oldugunuzu fark etmeden edemedim. Ben de aynisini yaptim. Belki de bu geçici ittifak gelecekte büyük seylere yol açacaktir?</Text>
    </Row>
    <Row Tag="TXT_KEY_HUMAN_DENOUNCE_SO_AI_DENOUNCE_1">
      <Text>{1_CivName}'nin sadece dünyanin medeni imparatorluklari için sorun yarattigina dair inançlarinizi paylasiyorum. Belki de kinamalarimizin birlesimi onlara bir ders verir.</Text>
    </Row>
    <Row Tag="TXT_KEY_HUMAN_DOF_SO_AI_DENOUNCE_1">
      <Text>Harika, simdi de hasaratlar üremeye basladi. Simdi hem seninle hem de {1_CivName} ile ugrasmak zorunda miyim? Onlara bir ders vermem gerekecek.</Text>
    </Row>
    <Row Tag="TXT_KEY_HUMAN_DENOUNCE_SO_AI_DOF_1">
      <Text>Anlasamadiginiz biriyle dostluk kurmaya degmeyecegi açiktir. Saygilarimi iletin {1_CivName}.</Text>
    </Row>
    <!-- Generic Diplo Text -->
    <Row Tag="TXT_KEY_HOSTILE_AGGRESSIVE_MILITARY_WARNING_1">
      <Text>Ordularinizin imparatorlugumun yakininda toplandigini görüyorum. Eger saldirmak istiyorsaniz, gelin. Bir çocuk gibi gölgelerde saklanmayin.</Text>
    </Row>
    <Row Tag="TXT_KEY_ALEXANDER_HOSTILE_AGGRESSIVE_MILITARY_WARNING_1">
      <Text>Ordunu görüyorum. Gel, sana benim gibi büyük bir generalle kiliç çarpistirirsan ne olacagini göstereyim.</Text>
    </Row>
    <Row Tag="TXT_KEY_WASHINGTON_HOSTILE_AGGRESSIVE_MILITARY_WARNING_1">
      <Text>Güçlerinizin sinirlarimizda konumlanmasi kabul edilemez. Ya onlari derhal çekersiniz ya da baska bir sey yaparsiniz.</Text>
    </Row>
    <Row Tag="TXT_KEY_HARUN_HOSTILE_AGGRESSIVE_MILITARY_WARNING_1">
      <Text>Ne Tanri'dan ne de Arabistan'dan saklanabilirsiniz. Bizimle savasmayi seçerseniz, kendinizi ebedi lanete mahkum etmis olursunuz.</Text>
    </Row>
    <Row Tag="TXT_KEY_MONTEZUMA_HOSTILE_AGGRESSIVE_MILITARY_WARNING_1">
      <Text>Gel, aptal. Askerlerin tanrilara mükemmel bir kurban olacak.</Text>
    </Row>
    <Row Tag="TXT_KEY_WUZETIAN_HOSTILE_AGGRESSIVE_MILITARY_WARNING_1">
      <Text>Eger ordulariniz sinirimi geçerse, tüm Cin'in gazabi üzerlerine salinacaktir.</Text>
    </Row>
    <Row Tag="TXT_KEY_RAMESSES_HOSTILE_AGGRESSIVE_MILITARY_WARNING_1">
      <Text>Ordulariniz aptalca saldirirsa, Misir'in Firavunu ve Tanrisi sizi ezecektir.</Text>
    </Row>
    <Row Tag="TXT_KEY_ELIZABETH_HOSTILE_AGGRESSIVE_MILITARY_WARNING_1">
      <Text>Güç gösterisi Ingiltere'nin gözünü korkutmaz. Askerlerinizi çekin ya da ölmelerini izleyin.</Text>
    </Row>
    <Row Tag="TXT_KEY_NAPOLEON_HOSTILE_AGGRESSIVE_MILITARY_WARNING_1">
      <Text>Ha! Kuvvetlerinizin benim bölgemin yakininda ne isi var? Eger savasmak istiyorsan, beni yenemeyecegini bil.</Text>
    </Row>
    <Row Tag="TXT_KEY_BISMARCK_HOSTILE_AGGRESSIVE_MILITARY_WARNING_1">
      <Text>Bilin ki ordulariniz saldirirsa, Almanya'nin tüm gücü ulusunuzun üzerine salinacaktir.</Text>
    </Row>
    <Row Tag="TXT_KEY_GANDHI_HOSTILE_AGGRESSIVE_MILITARY_WARNING_1">
      <Text>Hindistan askerlerinizden korkmuyor. Eger saldirirsaniz, bu korkunç bir hata olur.</Text>
    </Row>
    <Row Tag="TXT_KEY_HIAWATHA_HOSTILE_AGGRESSIVE_MILITARY_WARNING_1">
      <Text>Ruhlar beni büyük bir kötülügün yaklastigi konusunda uyardi. Baskalarini öldürerek atalarinizin anisina saygisizlik etmeyin.</Text>
    </Row>
    <Row Tag="TXT_KEY_ODA_HOSTILE_AGGRESSIVE_MILITARY_WARNING_1">
      <Text>Eger savasmak istiyorsaniz, o zaman gelin. Akli ve ruhu bozuk olanlarin taktiklerini kullanmayin.</Text>
    </Row>
    <Row Tag="TXT_KEY_SULEIMAN_HOSTILE_AGGRESSIVE_MILITARY_WARNING_1">
      <Text>Söyle bana. Güçlü Osmanli Imparatorlugu'na saldirmak mi istiyorsunuz? Ordularinizin konumu bunu gösteriyor gibi. Size bir tavsiyede bulunacagim - bu büyük bir hata olur.</Text>
    </Row>
    <Row Tag="TXT_KEY_DARIUS_HOSTILE_AGGRESSIVE_MILITARY_WARNING_1">
      <Text>Ordularinizi yakinlarda görüyorum. Sizin gibi aptallar sanli Pers Imparatorlugu'na karsi savasmaya cesaret edemez. Haksiz miyim?</Text>
    </Row>
    <Row Tag="TXT_KEY_AUGUSTUS_HOSTILE_AGGRESSIVE_MILITARY_WARNING_1">
      <Text>Imparatorlugumun yakinindaki askerleriniz son zamanlarda oldukça heyecanli görünüyor. Aptal liderleri kavga çikarmak istiyor olamaz, degil mi?</Text>
    </Row>
    <Row Tag="TXT_KEY_CATHERINE_HOSTILE_AGGRESSIVE_MILITARY_WARNING_1">
      <Text>Vay, vay... Ordulariniz Rusya'ya çok yakin görünüyor. Cok yakin diyebilirim. Cekin onlari. Simdi.</Text>
    </Row>
    <Row Tag="TXT_KEY_RAMKHAMHAENG_HOSTILE_AGGRESSIVE_MILITARY_WARNING_1">
      <Text>Siyam yakinlarinda konuslanmis kuvvetlerinizin olmasi kabul edilemez. Onlari derhal geri çekin.</Text>
    </Row>
    <Row Tag="TXT_KEY_ASKIA_HOSTILE_AGGRESSIVE_MILITARY_WARNING_1">
      <Text>Sinirima yakin ordulariniz savasmak için geldiyse, onlari öldürecegim. Tanri bize lütufta bulundu ve kaybedemeyiz.</Text>
    </Row>
    <Row Tag="TXT_KEY_AGGRESSIVE_MILITARY_WARNING_1">
      <Text>Sinirlarimin yakininda çok sayida Birliginiz oldugu dikkatimi çekti. Vatandaslarima gereksiz yere sikinti vermekten kaçinmak için onlari baska bir yere tasimanizi rica ediyorum.</Text>
    </Row>
    <Row Tag="TXT_KEY_KILLED_PROTECTED_CITY_STATE_1">
      <Text>Görünüse göre {@1_MinorCivName}'yi fethetmenizin de gösterdigi gibi sözünüzün hiçbir degeri yok. Ne kadar asagiliksiniz. Dünya suçlarinizi ögrenecek.</Text>
    </Row>
    <Row Tag="TXT_KEY_ATTACKED_PROTECTED_CITY_STATE_1">
      <Text>{@1_MinorCivName}'ye yönelik ahlaksiz saldirganliginiz fark edilmeyecek degildir. Saldiriya devam ederseniz ciddi sonuçlarla karsilasacaksiniz.</Text>
    </Row>
    <Row Tag="TXT_KEY_EXPANSION_SERIOUS_WARNING_1">
      <Text>Genisleme çabalariniz bir hakarettir. Bunun sonuçlari olacagini bilin.</Text>
    </Row>
    <Row Tag="TXT_KEY_ALEXANDER_EXPANSION_SERIOUS_WARNING_1">
      <Text>Hey - benimle kavga etmeye mi çalisiyorsun? Imparatorlugumun yakininda genislemeyi birak, yoksa.</Text>
    </Row>
    <Row Tag="TXT_KEY_WASHINGTON_EXPANSION_SERIOUS_WARNING_1">
      <Text>Bölgeniz Birlesik Devletler'in egemen topraklarina tecavüz ediyor. Son kez uyariliyorsunuz.</Text>
    </Row>
    <Row Tag="TXT_KEY_HARUN_EXPANSION_SERIOUS_WARNING_1">
      <Text>Tanri'nin Topraklari'na bu kadar yakin yerleserek hakaret etmeye cüret mi ediyorsun? Haddini bil, kafir.</Text>
    </Row>
    <Row Tag="TXT_KEY_MONTEZUMA_EXPANSION_SERIOUS_WARNING_1">
      <Text>Eger yerlesimcileriniz topraklarima daha fazla yaklasmaya cüret ederlerse, bir sonraki kurbanim olacaklar.</Text>
    </Row>
    <Row Tag="TXT_KEY_WUZETIAN_EXPANSION_SERIOUS_WARNING_1">
      <Text>Cin'in müreffeh bir ülke oldugunu biliyorum, ancak davetsiz varliginizi hos karsilamiyorum. Sinirlarimin yakinindaki yayilmanizi derhal durdurun.</Text>
    </Row>
    <Row Tag="TXT_KEY_RAMESSES_EXPANSION_SERIOUS_WARNING_1">
      <Text>Nil'in kutsal topraklarinin yakinina yerlesmeye cüret mi ediyorsun? Buna devam edersen öbür dünyaya hizli bir yolculuk yapmani saglarim.</Text>
    </Row>
    <Row Tag="TXT_KEY_ELIZABETH_EXPANSION_SERIOUS_WARNING_1">
      <Text>Eger büyük Ingiliz Imparatorlugu'na katilmak istiyorsaniz, sizi memnuniyetle karsilarim. Ancak bana ait olan topraklari almaya çalismaktan vazgeçin. Anlasildi mi?</Text>
    </Row>
    <Row Tag="TXT_KEY_NAPOLEON_EXPANSION_SERIOUS_WARNING_1">
      <Text>Ben bakmiyorken biraz bölge kapmaya çalisiyorsun, ha? Devam edersen bedelini agir ödeyecegini garanti ederim.</Text>
    </Row>
    <Row Tag="TXT_KEY_BISMARCK_EXPANSION_SERIOUS_WARNING_1">
      <Text>Biz gururlu ve güçlü bir ulusuz. Aptal olmayin ve Almanya'ya ait olan topraklara yerleserek Almanya'ya hakaret etmeyin.</Text>
    </Row>
    <Row Tag="TXT_KEY_GANDHI_EXPANSION_SERIOUS_WARNING_1">
      <Text>Hindistan halki, siz onun topraklarina sahip çiktikça haykiriyor. Lütfen bu pervasiz davranisinizla bizi bölmeyin.</Text>
    </Row>
    <Row Tag="TXT_KEY_HIAWATHA_EXPANSION_SERIOUS_WARNING_1">
      <Text>Vahsi doga sadece sizin yarariniz için var degil. Onun koruyucusu olarak, Iroquois topraklari yakinlarindaki genislemenizi durdurmanizi talep etmek zorundayim.</Text>
    </Row>
    <Row Tag="TXT_KEY_ODA_EXPANSION_SERIOUS_WARNING_1">
      <Text>Sizin gibi büyük ve güçlü bir lidere, dilediginiz topraklarda küstahça hak iddia etmek yakismiyor. Bu gidisati tersine çevirmenizi talep etmekten baska seçenegimiz yok.</Text>
    </Row>
    <Row Tag="TXT_KEY_SULEIMAN_EXPANSION_SERIOUS_WARNING_1">
      <Text>Hadi ama, Osmanli Imparatorlugu'na bu kadar yaklasarak ne yaptiginizi saniyorsunuz? Bunu hemen durdurun.</Text>
    </Row>
    <Row Tag="TXT_KEY_DARIUS_EXPANSION_SERIOUS_WARNING_1">
      <Text>Iran hakaretleri hos karsilamaz. Ve sizin sinirlarimiza yakin bir yere yerlesmeniz de bu anlama geliyor. Simdi konusun - cevabiniz nedir?</Text>
    </Row>
    <Row Tag="TXT_KEY_AUGUSTUS_EXPANSION_SERIOUS_WARNING_1">
      <Text>Eger beni kizdirmaya çalisiyorsaniz, iyi is çikariyorsunuz. Ve eger Roma'ya yaklasmaya devam edersen, beni kizgin göreceksin. Buna çok pisman olacaksin.</Text>
    </Row>
    <Row Tag="TXT_KEY_CATHERINE_EXPANSION_SERIOUS_WARNING_1">
      <Text>Sizinle bir sey paylasmama izin verin. Rusya topraklari konusunda çok korumacidir ve sizin onun yakinina yerlesmeniz dogrudan bir meydan okuma anlamina gelir. Bu davranisa devam etmeyin.</Text>
    </Row>
    <Row Tag="TXT_KEY_RAMKHAMHAENG_EXPANSION_SERIOUS_WARNING_1">
      <Text>Siyam ve imparatorlugunuzun harika dostlar olabilecegini içtenlikle ummustum. Ancak yakinimizda yeni yerlesim yerleri insa etmeye devam ederseniz, korkarim düsman olacagiz.</Text>
    </Row>
    <Row Tag="TXT_KEY_ASKIA_EXPANSION_SERIOUS_WARNING_1">
      <Text>Beni hafife almayin. Güçlü Songhai Imparatorlugu'nun yakinlarindaki sehirlere yerlesmeye devam edin, yakinda onlar da bize katilacak. Bu kiliç gösteris için degil.</Text>
    </Row>
    <Row Tag="TXT_KEY_EXPANSION_WARNING_1">
      <Text>Benim oldugunu düsündügüm topraklara dogru genislediginizi fark etmekten kendimi alamadim. Bunu tekrar gözden geçirmenizi rica ediyorum.</Text>
    </Row>
    <Row Tag="TXT_KEY_EXPANSION_WARNING_2">
      <Text>Gördügünüz her toprak parçasina sahip çikma aliskanliginiz gözden kaçmadi. Buna son vermenizi tavsiye ederim.</Text>
    </Row>
    <Row Tag="TXT_KEY_EXPANSION_WARNING_3">
      <Text>Bana ait oldugunu düsündügüm topraklarda imparatorlugunuzu genisletmeye devam ederseniz, bu sadece aramizdaki dostluk olasiligini mahvedebilir.</Text>
    </Row>
    <Row Tag="TXT_KEY_EXPANSION_WARNING_4">
      <Text>Halkinizin benim egemenlik alanimin yakinlarina yerlesmesi iki ulus arasindaki iliskileri zora sokuyor.</Text>
    </Row>
    <Row Tag="TXT_KEY_EXPANSION_BROKEN_PROMISE_1">
      <Text>Yakinimizda genislemeyeceginize dair verdiginiz garanti bos sözler gibi görünüyor. Bunun sonuçlari olacagini bilin.</Text>
    </Row>
    <Row Tag="TXT_KEY_PLOT_BUYING_SERIOUS_WARNING_1">
      <Text>Yani basimizdaki bölgeyi satin alma konusundaki saldirgan tavriniz bir hakarettir. Daha iyi bir komsu olacaginizi ummustum.</Text>
    </Row>
    <Row Tag="TXT_KEY_PLOT_BUYING_WARNING_1">
      <Text>Cevremde arazi satin almaniz bazi endiselere neden oldu. Bu konunun daha ciddi bir hal almamasi için sizi uyariyorum.</Text>
    </Row>
    <Row Tag="TXT_KEY_PLOT_BUYING_BROKEN_PROMISE_1">
      <Text>Görünüse göre imparatorlugunuzun yakinlarimizda arazi satin almayi durduracagini söylerken yalan söylediniz. Bu hakareti hafife almiyorum.</Text>
    </Row>
    <Row Tag="TXT_KEY_PLOT_BUYING_BROKEN_PROMISE_2">
      <Text>Bölgemin yakinlarinda arazi alimini finanse etmeyi durdurmadiginiz için büyük hayal kirikligina ugradim. Daha onurlu bir lider olmanizi umuyordum.</Text>
    </Row>
    <Row Tag="TXT_KEY_HOSTILE_WE_ATTACKED_YOUR_MINOR_1">
      <Text>Küçük evcil devletlerinizden birini isgal ettigimi bilmek istersiniz diye düsündüm. Topraklari ve kaynaklari benimkilere iyi bir katki saglayacaktir.</Text>
    </Row>
    <Row Tag="TXT_KEY_HOSTILE_WE_ATTACKED_YOUR_MINOR_2">
      <Text>Görünüse göre küçük arkadaslarindan birine saldirmisim. Bu konuda bir sey yapmak ister misin?</Text>
    </Row>
    <Row Tag="TXT_KEY_WE_ATTACKED_YOUR_MINOR_1">
      <Text>Geçmiste iliskilerinizin oldugu bir sehir devletine saldirmis olabilecegim dikkatimi çekti. Amacim imparatorlugunuzla ters düsmek olmasa da, bu gerekli bir hareket tarzi olarak kabul edildi.</Text>
    </Row>
    <Row Tag="TXT_KEY_WE_ATTACKED_YOUR_MINOR_2">
      <Text>Imparatorlugumun size dost bir sehir devletine saldiri baslattigi bilgisini aldim. Sizi temin ederim ki bu kasitli degildi ve umarim bu bizi birbirimizden uzaklastirmaya hizmet etmez.</Text>
    </Row>
    <Row Tag="TXT_KEY_WORK_WITH_US_1">
      <Text>Bu dünyada degerli dostlar bulmak zor. Büyük imparatorlugunuzla bir Isbirligi Pakti kurmak istiyorum. Ne dersiniz?</Text>
    </Row>
    <Row Tag="TXT_KEY_WORK_WITH_US_2">
      <Text>Ulu Önder, bir Isbirligi Anlasmasi yapmak ister misiniz? Umuyorum ki iki imparatorluk arasinda uzun süreli bir bag kurabiliriz.</Text>
    </Row>
    <Row Tag="TXT_KEY_WORK_WITH_US_3">
      <Text>Gelin bir Isbirligi Pakti olusturarak parlak bir gelecegin tohumlarini ekelim. Siz ne dersiniz?</Text>
    </Row>
    <Row Tag="TXT_KEY_WORK_WITH_US_4">
      <Text>Bu dünya acimasiz olabilir. Ancak baskalarinin yardimiyla bunun üstesinden gelebiliriz. Bir Isbirligi Pakti'na katilalim mi?</Text>
    </Row>
    <Row Tag="TXT_KEY_DEC_FRIENDSHIP_1">
      <Text>Bu dünyada degerli dostlar bulmak zordur. Halklarimiz arasindaki bag hakkinda diger imparatorluklari bilgilendirmek için halka açik bir Dostluk Bildirisi yapmak istiyorum. Ne dersiniz?</Text>
    </Row>
    <Row Tag="TXT_KEY_DEC_FRIENDSHIP_2">
      <Text>Ulu Önder, dünyaya bir Dostluk Bildirgesi sunmak ister misiniz? Umuyorum ki iki imparatorluk arasinda uzun süreli bir bag kurabiliriz.</Text>
    </Row>
    <Row Tag="TXT_KEY_DEC_FRIENDSHIP_3">
      <Text>Gelin dünyaya bir Dostluk Bildirgesi sunarak parlak bir gelecegin tohumlarini ekelim. Siz ne diyorsunuz?</Text>
    </Row>
    <Row Tag="TXT_KEY_DEC_FRIENDSHIP_4">
      <Text>Bu dünya acimasiz olabilir. Ancak baskalarinin yardimiyla bunun üstesinden gelebiliriz. Dostluk Deklarasyonumuzu dünyaya ilan edelim mi?</Text>
    </Row>
    <Row Tag="TXT_KEY_DENOUNCE_1">
      <Text>Günahlarinizi dünyaya anlatmanin zamani geldi.[NEWLINE][NEWLINE]([COLOR_WARNING_TEXT]Bizi alenen ihbar ettiler! NOT: Savasta degilsiniz.[ENDCOLOR])</Text>
    </Row>
    <Row Tag="TXT_KEY_DENOUNCE_2">
      <Text>Diger liderlerle senin hakkinda konustum. Size güvenilmeyecegini bilmeleri gerekiyor.[NEWLINE][NEWLINE]([COLOR_WARNING_TEXT]Bizi alenen kinadilar! NOT: Savasta degilsiniz.[ENDCOLOR])</Text>
    </Row>
    <Row Tag="TXT_KEY_DENOUNCE_3">
      <Text>Haberiniz olsun, diger liderler artik hakkinizdaki korkunç gerçegi duydular.[NEWLINE][NEWLINE]([COLOR_WARNING_TEXT]Bizi alenen kinadilar! NOT: Savasta degilsiniz.[ENDCOLOR])</Text>
    </Row>
    <Row Tag="TXT_KEY_END_WORK_WITH_US_WARMONGER_1">
      <Text>Islerin böyle sonuçlanmasini istemezdim ama savas çigirtkanliginizi görmezden gelemem. Isbirligi Anlasmamizin sona erdigini düsünün.</Text>
    </Row>
    <Row Tag="TXT_KEY_END_WORK_WITH_US_MINORS_1">
      <Text>Etki alanimdaki sehir devletleriyle olan iliskileriniz kabul edilemez. Isbirligi Anlasmamizin sona erdigini düsünün.</Text>
    </Row>
    <Row Tag="TXT_KEY_END_WORK_WITH_US_LAND_1">
      <Text>Korkarim ki yakinligimiz iliskimizi zehirlemeye mahkumdu. Isbirligi Anlasmamizin sona erdigini düsünün.</Text>
    </Row>
    <Row Tag="TXT_KEY_END_WORK_WITH_US_WONDERS_1">
      <Text>Dünya harikalarini toplama konusundaki açgözlülügünüz büyük bir sorun haline geldi. Isbirligi Anlasmamizin sona erdigini düsünün.</Text>
    </Row>
    <Row Tag="TXT_KEY_END_WORK_WITH_US_VICTORY_1">
      <Text>Yürüdügümüz yollarin nihayetinde bizi birbirimizden ayirmasi gerektigi artik benim için çok açik. Isbirligi Anlasmamizin sona erdigini düsünün.</Text>
    </Row>
    <Row Tag="TXT_KEY_END_WORK_WITH_US_DEFAULT_1">
      <Text>Kosullar degisti ve artik Isbirligi Anlasmamizin devam etmesine gerek olmadigina inaniyorum. Umarim anlayabilirsiniz.</Text>
    </Row>
    <Row Tag="TXT_KEY_END_WORK_WITH_US_DEFAULT_2">
      <Text>Üzgünüm ama Isbirligi Anlasmamizin sona erme zamani geldi.</Text>
    </Row>
    <Row Tag="TXT_KEY_WORK_AGAINST_SOMEONE_1">
      <Text>{1_PlayerName:textkey} ile iliskim bozuldu. Kötü adami izole etmeme yardim edebilecek birini ariyorum. Benimle bir Gizlilik Pakti kurar misiniz?[NEWLINE][NEWLINE](Savas ilan etmenize neden olmaz)</Text>
    </Row>
    <Row Tag="TXT_KEY_WORK_AGAINST_SOMEONE_2">
      <Text>{1_PlayerName:textkey} büyük bir sorun haline geldi ve benzer düsünen birini bulmayi umuyorum. Benimle bir Gizlilik Pakti kurar misiniz?[NEWLINE][NEWLINE](Savas ilan etmenize neden olmayacak)</Text>
    </Row>
    <Row Tag="TXT_KEY_END_WORK_AGAINST_SOMEONE_DEFAULT_1">
      <Text>{1_PlayerName:textkey}'nin altini oymak için yaptigimiz Gizlilik Anlasmasi'nin süresi dolmustur. Geçtigimiz yillardaki yardimlariniz için tesekkür ederim.</Text>
    </Row>
    <Row Tag="TXT_KEY_COOP_WAR_REQUEST_1">
      <Text>{1_PlayerName:textkey} ile olan anlasmazliklarim artik katlanilamayacak bir hal aldi. Bu sadece savas alaninda çözülebilecek bir durum. Bana katilacak misin, dostum?</Text>
    </Row>
    <Row Tag="TXT_KEY_COOP_WAR_REQUEST_2">
      <Text>{1_PlayerName:textkey} bir bas belasi haline geldi. Sadece savas yoluyla halledilebilecek bir sorun. Müttefikler ariyorum - sizi de aralarinda sayabilir miyim?</Text>
    </Row>
    <Row Tag="TXT_KEY_COOP_WAR_REQUEST_3">
      <Text>{1_PlayerName:textkey} bu dünyanin istikrari için bir tehdittir. Onlarla ilk ve son kez basa çikma zamani geldi. Bu çabamda bana yardimci olacak misiniz?</Text>
    </Row>
    <Row Tag="TXT_KEY_COOP_WAR_TIME_1">
      <Text>{1_PlayerName:textkey}'ye karsi savas zamani geldi.</Text>
    </Row>
    <Row Tag="TXT_KEY_NOW_UNFORGIVABLE_1">
      <Text>Yaptiklariniz affedilemez. Iki ulus arasinda asla uzlasma olamaz.</Text>
    </Row>
    <Row Tag="TXT_KEY_NOW_ENEMY_1">
      <Text>Bu sartlar altinda, düsmanim oldugunuzu varsaymaktan baska seçenegim yok. Bu nedenle, çikarlarimi korumak için ne gerekiyorsa yapacagim.</Text>
    </Row>
    <Row Tag="TXT_KEY_GENERIC_COMPLIMENT_1">
      <Text>Dostlugumuza deger verdigimi ve güçlü kalmasini umdugumu size bildirmek istedim.</Text>
    </Row>
    <Row Tag="TXT_KEY_GENERIC_BOOT_KISSING_1">
      <Text>Bilge ve kudretli bir hükümdar oldugunuz herkesçe malum. Benim gibi zayif olanlara karsi da sefkatli olmanizi rica ediyorum.</Text>
    </Row>
    <Row Tag="TXT_KEY_GENERIC_BOOT_KISSING_2">
      <Text>Ey yüce kisi, umarim uzun süre benim gibi daha küçük liderler için bir güç ve erdem örnegi olarak hizmet edersin.</Text>
    </Row>
    <Row Tag="TXT_KEY_GENERIC_WARMONGER_1">
      <Text>Oldukça agresif davranislariniz fark edilmedi degil. Böyle devam ederseniz, eninde sonunda çöküsünüze yol açacaktir.</Text>
    </Row>
    <Row Tag="TXT_KEY_GENERIC_WARMONGER_2">
      <Text>Oldukça medeniyetsiz bir vahsi oldugun açik. Sizi uyarmak zorundayim, hareketleriniz biraz dikkat çekmeye basladi.</Text>
    </Row>
    <Row Tag="TXT_KEY_GENERIC_WARMONGER_3">
      <Text>Savas çigirtkanliginiz bugünlerde popüler bir konu. Arkani kollasan iyi olur.</Text>
    </Row>
    <Row Tag="TXT_KEY_GENERIC_WARMONGER_4">
      <Text>Oldukça dikkat çekmeye basladin. Bu iyi bir sey degil.</Text>
    </Row>
    <Row Tag="TXT_KEY_GENERIC_MINOR_CIV_COMPETITION_1">
      <Text>Dikkatimi çekti de {1_MinorCivName:textkey} ile biraz samimi olmaya baslamissiniz. Farkinda degilsen diye söylüyorum, onlar benim etki alanimdalar ve senin bu alanin disinda kalmani tercih ederim.</Text>
    </Row>
    <Row Tag="TXT_KEY_GENERIC_MINOR_CIV_COMPETITION_2">
      <Text>{1_MinorCivName:textkey} ile olan iliskinizi fark ettim. Bu güzel olsa da, onlarin korunmasini bize birakmaniz en iyisi olacaktir. Ikimizin de ayagina basmak istemem.</Text>
    </Row>
    <!--Insults-->
    <Row Tag="TXT_KEY_GENERIC_INSULT_GENERIC_1">
      <Text>Ne kadar zavalli oldugunu fark etmeden edemedim. Ve bunu fark ettigimde paylasmadan edemedim.</Text>
    </Row>
    <Row Tag="TXT_KEY_GENERIC_INSULT_GENERIC_2">
      <Text>En sevdigim sehir devletini tekrar görmek her zaman güzeldir.</Text>
    </Row>
    <Row Tag="TXT_KEY_GENERIC_INSULT_GENERIC_3">
      <Text>Yüzünü görmekten gerçekten yoruldum. Umarim bir gün çekip gidersin.</Text>
    </Row>
    <Row Tag="TXT_KEY_GENERIC_INSULT_GENERIC_4">
      <Text>Ah, sensin. Özür dilerim. Bazen sizi zaman zaman dövmek zorunda kaldigim barbarlarla karistiriyorum.</Text>
    </Row>
    <Row Tag="TXT_KEY_GENERIC_INSULT_MILITARY_1">
      <Text>Ordunuzun biraz zayif oldugunu bilmek istersiniz diye düsündüm. Arkanizi kollasaniz iyi olur.</Text>
    </Row>
    <Row Tag="TXT_KEY_GENERIC_INSULT_MILITARY_2">
      <Text>Bu kadar zayif bir orduyla imparatorlugunuzun bir barbar istilasina yenik düsmemesi sasirtici.</Text>
    </Row>
    <Row Tag="TXT_KEY_GENERIC_INSULT_NUKE_1">
      <Text>Sözlerimiz nükleer silahlarla destekleniyor!</Text>
    </Row>
    <Row Tag="TXT_KEY_GENERIC_INSULT_BULLY_1">
      <Text>Bu dünyada zayiflarla ugrasarak eglenen bazi liderlerin olmasi utanç verici. Sizce de öyle degil mi?</Text>
    </Row>
    <Row Tag="TXT_KEY_GENERIC_INSULT_UNHAPPINESS_1">
      <Text>Halkinizin keder içinde feryat ettigini imparatorlugumdan duyabiliyorum. Yakinda bir seyler yapmazsaniz, toparlanip yasayacak gerçek bir medeniyet bulabilirler.</Text>
    </Row>
    <Row Tag="TXT_KEY_GENERIC_INSULT_UNHAPPINESS_2">
      <Text>Insanlar bu kadar mutsuzken, sizi liderleri olarak etraflarinda tutmalari beni sok etti.</Text>
    </Row>
    <Row Tag="TXT_KEY_GENERIC_INSULT_CITIES_1">
      <Text>Imparatorlugunuzun oldukça ciliz göründügünü fark ettim. Sinirlarinizi genisletmeyi mi unuttunuz yoksa bu konuda biraz sorun mu yasiyorsunuz?</Text>
    </Row>
    <Row Tag="TXT_KEY_GENERIC_INSULT_POPULATION_1">
      <Text>Gezginler bize imparatorlugunuzun ekonomisinin oldukça kötü durumda oldugunu söylediler. Biraz yalvarirsaniz size yardim edebilirim. Tamam, aslinda vermeyecegim.</Text>
    </Row>
    <Row Tag="TXT_KEY_GENERIC_INSULT_CULTURE_1">
      <Text>Ne kadar üzücü bir manzara... Imparatorlugunuz çok kültürsüz. Vatandaslariniz bütün gün ne yapiyor, tas mi dövüyor?</Text>
    </Row>
    <Row Tag="TXT_KEY_GENERIC_INSULT_CULTURE_2">
      <Text>Söylentilere göre kültürünüz o kadar gülünç ki barbarlar bile topraklarinizdan kaçiyor.</Text>
    </Row>
    <!--Public Declarations-->
    <Row Tag="TXT_KEY_GENERIC_DECLARATION_PROTECT_CITY_STATE_1">
      <Text>{2_MajorCivName:textkey} artik {1_MinorCivName:textkey}'ü korudugunu tüm dünyaya duyurur. Sehir Devletine saldirmak iliskilere büyük zarar verir ve savasa yol açabilir.</Text>
    </Row>
    <Row Tag="TXT_KEY_GENERIC_DECLARATION_ABANDON_CITY_STATE_1">
      <Text>{2_MajorCivName:textkey}, {1_MinorCivName:textkey}'ü koruma garantisini geri almistir.</Text>
    </Row>
    <!--Human is asking the AI for something-->
    <Row Tag="TXT_KEY_GENERIC_REPEAT_NO_1">
      <Text>Bunu daha önce de konusmustuk. Cevap hala hayir.</Text>
    </Row>
    <Row Tag="TXT_KEY_GENERIC_DONT_SETTLE_YES_1">
      <Text>Pekâlâ. Simdilik imparatorlugunuzun yakinlarina yerlesmekten kaçinmayi kabul ediyorum. Belki gelecekte daha uyumlu bir komsu olursunuz.</Text>
    </Row>
    <Row Tag="TXT_KEY_GENERIC_DONT_SETTLE_YES_2">
      <Text>Öyle olsun. Topraklarinizin yakinina yerlesmeyecegim. Isbirligi sizin güçlü yanlarinizdan biri degil.</Text>
    </Row>
    <Row Tag="TXT_KEY_GENERIC_DONT_SETTLE_NO_1">
      <Text>Kabul edilemez. Ben bir hükümdarim ve istedigim topraklara yerlesme hakkina sahibim. Bu suç unutulmayacak.</Text>
    </Row>
    <Row Tag="TXT_KEY_GENERIC_DONT_SETTLE_NO_2">
      <Text>Beni bu sekilde asagilamaya nasil cüret edersin? Bunu unutmayacagim.</Text>
    </Row>
    <Row Tag="TXT_KEY_GENERIC_DONT_SETTLE_NO_3">
      <Text>Bu ne cüret? Benim zayif iradeli olduguma mi inaniyorsun?</Text>
    </Row>
    <Row Tag="TXT_KEY_GENERIC_DONT_SETTLE_NO_4">
      <Text>Hiç sansin yok. Diplomasini gelistirmelisin dostum.</Text>
    </Row>
    <Row Tag="TXT_KEY_GENERIC_WORK_WITH_US_YES_1">
      <Text>Bu ise yarayacaktir. Güçlü bir dostluk, imparatorluklarimizin gelismesine yol açsin.</Text>
    </Row>
    <Row Tag="TXT_KEY_GENERIC_WORK_WITH_US_YES_2">
      <Text>Mükemmel bir fikir. Ittifakimiz dünyanin gipta ettigi bir sey olsun.</Text>
    </Row>
    <Row Tag="TXT_KEY_GENERIC_WORK_WITH_US_YES_3">
      <Text>Kabul ettigim için mutluyum. Imparatorluklarimiz dostluk içinde gelissin.</Text>
    </Row>
    <Row Tag="TXT_KEY_GENERIC_DECLINE_1">
      <Text>Reddetmek zorundayim.</Text>
    </Row>
    <Row Tag="TXT_KEY_GENERIC_DECLINE_2">
      <Text>Üzgünüm ama hayir. Belki baska bir zaman.</Text>
    </Row>
    <Row Tag="TXT_KEY_GENERIC_DECLINE_3">
      <Text>Korkarim ki böyle bir anlasma benim çikarlarima uygun degil, bu yüzden reddetmek zorundayim.</Text>
    </Row>
    <Row Tag="TXT_KEY_GENERIC_WORK_AGAINST_SOMEONE_YES_1">
      <Text>Anlasmaya varildi. Elimizden geleni yapalim.</Text>
    </Row>
    <Row Tag="TXT_KEY_GENERIC_COOP_WAR_YES_1">
      <Text>Akillica bir hamleye benziyor. Savas alanina gidelim.</Text>
    </Row>
    <Row Tag="TXT_KEY_GENERIC_COOP_WAR_SOON_1">
      <Text>Bu ilgi çekici bir teklif. Kabul ediyorum. Ancak, imparatorlugum henüz hazir degil, bu yüzden bana 10 tur verin. Hazir oldugumda size tekrar gelecegim.</Text>
    </Row>
    <Row Tag="TXT_KEY_GENERIC_HUMAN_DEMAND_YES_1">
      <Text>Pekâlâ. Topraklarimda barisi korumak için ne gerekiyorsa yaparim.</Text>
    </Row>
    <Row Tag="TXT_KEY_GENERIC_HUMAN_DEMAND_YES_2">
      <Text>Barisi korumak için ne gerekiyorsa yapacagim.</Text>
    </Row>
    <Row Tag="TXT_KEY_GENERIC_HUMAN_DEMAND_YES_3">
      <Text>Tamam. Ama bu gibi davranislarla itibarinizi zedelediginizi bilin. Senin için ne kadar degerli olursa olsun.</Text>
    </Row>
    <Row Tag="TXT_KEY_GENERIC_HUMAN_DEMAND_REFUSE_WEAK_1">
      <Text>Lütfen. Böyle taleplerde bulunacak konumda degilsiniz.</Text>
    </Row>
    <Row Tag="TXT_KEY_GENERIC_HUMAN_DEMAND_REFUSE_WEAK_2">
      <Text>Bu tehditleri destekleme konusundaki yetersizliginizin farkinda olmalisiniz.</Text>
    </Row>
    <Row Tag="TXT_KEY_GENERIC_HUMAN_DEMAND_REFUSE_WEAK_3">
      <Text>Kimseyi kandiramazsin. Senden korkacak bir seyim yok.</Text>
    </Row>
    <Row Tag="TXT_KEY_GENERIC_HUMAN_DEMAND_REFUSE_WEAK_4">
      <Text>Haha! Benden böyle taleplerde bulunacak kadar güçlü degilsin.</Text>
    </Row>
    <Row Tag="TXT_KEY_GENERIC_HUMAN_DEMAND_REFUSE_HOSTILE_1">
      <Text>Beni bu sekilde asagilamaya nasil cüret edersin? Eger bir seyi bu kadar çok istiyorsaniz, gelip almak için elinizden geleni yapin.</Text>
    </Row>
    <Row Tag="TXT_KEY_GENERIC_HUMAN_DEMAND_REFUSE_HOSTILE_2">
      <Text>Cesedimi çignemeniz gerekecek.</Text>
    </Row>
    <Row Tag="TXT_KEY_GENERIC_HUMAN_DEMAND_REFUSE_HOSTILE_3">
      <Text>Eger bunu istiyorsaniz gelip almaniz gerekecek.</Text>
    </Row>
    <Row Tag="TXT_KEY_GENERIC_HUMAN_DEMAND_REFUSE_HOSTILE_4">
      <Text>Kabul edilemez.</Text>
    </Row>
    <Row Tag="TXT_KEY_GENERIC_HUMAN_DEMAND_REFUSE_HOSTILE_5">
      <Text>Aptal olma.</Text>
    </Row>
    <Row Tag="TXT_KEY_GENERIC_HUMAN_DEMAND_REFUSE_TOO_MUCH_1">
      <Text>Cok fazla sey istiyorsunuz. Açgözlülügünüzü tatmin etmek için ulusumu yoksulluga sürüklemeyecegim.</Text>
    </Row>
    <Row Tag="TXT_KEY_GENERIC_HUMAN_DEMAND_REFUSE_TOO_MUCH_2">
      <Text>Hayir. Benim bir onurum var ve böylesine büyük bir nimeti bu kadar özgürce vermeyi reddediyorum.</Text>
    </Row>
    <Row Tag="TXT_KEY_GENERIC_HUMAN_DEMAND_REFUSE_TOO_MUCH_3">
      <Text>Topraklarimi bu kadar zenginlikten mahrum birakma arzunuz tahammül edilemez. Bu kadar çok sey isteme.</Text>
    </Row>
    <Row Tag="TXT_KEY_GENERIC_HUMAN_DEMAND_REFUSE_TOO_SOON_1">
      <Text>Beni bu kadar çabuk tekrar tehdit mi ediyorsun? Taleplerini reddediyorum, seni asagilik canavar.</Text>
    </Row>
    <Row Tag="TXT_KEY_GENERIC_HUMAN_DEMAND_REFUSE_TOO_SOON_2">
      <Text>Bu kadar çabuk mu soruyorsun? Açgözlülügün bir ahlaksizlik oldugunu biliyorsun, büyük lider.</Text>
    </Row>
    <Row Tag="TXT_KEY_GENERIC_HUMAN_DEMAND_REFUSE_TOO_SOON_3">
      <Text>Yine baskalarinin emeginin meyvelerini mi istiyorsun? Açgözlülügün dillere destan. Sana teslim olmayacagim.</Text>
    </Row>
    <!--Deal Offers and related-->
    <Row Tag="TXT_KEY_GENERIC_DOT_DOT_DOT">
      <Text>...</Text>
    </Row>
    <Row Tag="TXT_KEY_GENERIC_LETS_HEAR_IT_1">
      <Text>Teklifinizi duyalim.</Text>
    </Row>
    <Row Tag="TXT_KEY_GENERIC_LETS_HEAR_IT_2">
      <Text>Ne öneriyorsun?</Text>
    </Row>
    <Row Tag="TXT_KEY_GENERIC_PEACE_OFFER_1">
      <Text>Bu savasi sona erdirmenin zamani geldi. Bu anlasma hakkinda ne düsünüyorsunuz?</Text>
    </Row>
    <Row Tag="TXT_KEY_GENERIC_PEACE_OFFER_2">
      <Text>Bu çatismanin daha fazla devam etmesinin bir anlami yok. Barisa dönelim.</Text>
    </Row>
    <Row Tag="TXT_KEY_GENERIC_PEACE_OFFER_3">
      <Text>Savasin kim oldugumuzu tanimlamasina izin vermemeliyiz. Baris yapma zamani geldi.</Text>
    </Row>
    <Row Tag="TXT_KEY_GENERIC_DEMAND_1">
      <Text>Sende istedigim bir sey var. Eger sessizce teslim etmezsen, zorla almaktan baska çarem kalmayacak.</Text>
    </Row>
    <Row Tag="TXT_KEY_GENERIC_REQUEST_ITEM_1">
      <Text>Maalesef burada isler pek iyi gitmiyor. Bir arkadasin için bir seyler ayirabilir misin? Isler benim için daha iyi gittiginde iyiliginin karsiligini vermeye çalisacagim.</Text>
    </Row>
    <Row Tag="TXT_KEY_GENERIC_REQUEST_ITEM_2">
      <Text>Bunu yapmak bana aci verse de, yardimini istemek zorundayim dostum.</Text>
    </Row>
    <Row Tag="TXT_KEY_GENERIC_REQUEST_ITEM_3">
      <Text>Büyük gücünüz diger tüm imparatorluklar için bir modeldir. Sizden daha az sansli olanlara karsi cömertlik göstermenizi istiyorum.</Text>
    </Row>
    <Row Tag="TXT_KEY_LEADER_ALEXANDER_RESPONSE_REQUEST_1">
      <Text>Bir süredir iyi arkadasiz, degil mi? Bana yardim edebilir misin?</Text>
    </Row>
    <Row Tag="TXT_KEY_LEADER_WASHINGTON_RESPONSE_REQUEST_1">
      <Text>Eger bize yardim ederseniz Birlesik Devletler size minnettar kalacaktir.</Text>
    </Row>
    <Row Tag="TXT_KEY_LEADER_HARUN_RESPONSE_REQUEST_1">
      <Text>Ihtiyacimiz olan bir zamandayiz, dostum. Tanri, baskalarina karsi cömert olanlara gülümser.</Text>
    </Row>
    <Row Tag="TXT_KEY_LEADER_MONTEZUMA_RESPONSE_REQUEST_1">
      <Text>Bize bu hediyeyi verin ve bundan sonra yapacagim on fedakarlik sizin onurunuza olsun!</Text>
    </Row>
    <Row Tag="TXT_KEY_LEADER_WUZETIAN_RESPONSE_REQUEST_1">
      <Text>Cin'in gururunu bu sekilde feda etmek bana ne kadar aci verse de, yardiminizi istemek zorundayim.</Text>
    </Row>
    <Row Tag="TXT_KEY_LEADER_RAMESSES_RESPONSE_REQUEST_1">
      <Text>Tanrilarin ülkesi Misir'a adak adarsaniz, nesiller boyu bol ürün alacaginiza eminim.</Text>
    </Row>
    <Row Tag="TXT_KEY_LEADER_ELIZABETH_RESPONSE_REQUEST_1">
      <Text>Bize yardim etmek ister misiniz? Bunu yüce Ingiltere ile iliskinize yatirim yapmak olarak düsünün.</Text>
    </Row>
    <Row Tag="TXT_KEY_LEADER_NAPOLEON_RESPONSE_REQUEST_1">
      <Text>Fransa bile zor zamanlar geçirir. Bize bu hediyeyi verin, ben de zamaninda ödüllendirilmenizi saglayayim.</Text>
    </Row>
    <Row Tag="TXT_KEY_LEADER_BISMARCK_RESPONSE_REQUEST_1">
      <Text>Almanya'ya zor zamanlarinda yardim etmek, kendi sikintili zamanlarinizda sadik bir müttefiki garanti edecektir.</Text>
    </Row>
    <Row Tag="TXT_KEY_LEADER_GANDHI_RESPONSE_REQUEST_1">
      <Text>Sevgili dostum, Hindistan için bir seyler ayirabilir misin?</Text>
    </Row>
    <Row Tag="TXT_KEY_LEADER_HIAWATHA_RESPONSE_REQUEST_1">
      <Text>Ruhlar bana önümüzde bir bela oldugunu söyledi. Sizin lütufkâr desteginizle, umarim bu badireyi sag salim atlatabiliriz.</Text>
    </Row>
    <Row Tag="TXT_KEY_LEADER_ODA_RESPONSE_REQUEST_1">
      <Text>Bu mütevazi savasçi basini egip sizden cömertlik göstermenizi isteyebilir mi?</Text>
    </Row>
    <Row Tag="TXT_KEY_LEADER_SULEIMAN_RESPONSE_REQUEST_1">
      <Text>Osmanli Imparatorlugu biraz zor bir dönemden geçiyor gibi görünüyor. Iyi bir dosttan yardim isteyebilir miyim?</Text>
    </Row>
    <Row Tag="TXT_KEY_LEADER_DARIUS_RESPONSE_REQUEST_1">
      <Text>Büyük Pers Imparatorlugu su anda bazi zorluklar yasiyor. Yatiriminiz ikimiz için de parlak bir gelecek saglayacaktir.</Text>
    </Row>
    <Row Tag="TXT_KEY_LEADER_AUGUSTUS_RESPONSE_REQUEST_1">
      <Text>Güçlü Roma'nin bile zaman zaman sorunlari olur. Bir iyilik isteyebilir miyim?</Text>
    </Row>
    <Row Tag="TXT_KEY_LEADER_CATHERINE_RESPONSE_REQUEST_1">
      <Text>Aman Tanrim, bakin kim gelmis. Seni bulacagimi umuyordum. Rusya su anda bazi ekonomik sorunlar yasiyor. Yardimci olabilir misiniz?</Text>
    </Row>
    <Row Tag="TXT_KEY_LEADER_RAMKHAMHAENG_RESPONSE_REQUEST_1">
      <Text>Eger bize bu hediyeyi verirseniz, hiç süphesiz büyüklügünüzü dünyanin tüm imparatorluklarina yayacagim.</Text>
    </Row>
    <Row Tag="TXT_KEY_LEADER_ASKIA_RESPONSE_REQUEST_1">
      <Text>Kosullar son zamanlarda Songhai'ye karsi pek nazik degil, dostum. Sanirim Tanri bize tek basimiza zafer kazanamayacagimizi ögretmek istiyor.</Text>
    </Row>
    <Row Tag="TXT_KEY_GENERIC_GIFT_ITEM_1">
      <Text>Lütfen bu hediyeyi kabul edin, büyük lider. Dostlugumuz sonsuza dek sürsün.</Text>
    </Row>
    <Row Tag="TXT_KEY_GENERIC_GIFT_ITEM_2">
      <Text>Dostlar bu dünyanin getirdigi zorluklarin üstesinden gelmek için birbirlerine destek olmalidir. Lütfen bu hediyeyi kabul edin, büyük lider.</Text>
    </Row>
    <Row Tag="TXT_KEY_GENERIC_LUXURY_TRADE_1">
      <Text>Istedigim bir Lüks Kaynaginiz var. Bu teklif hakkinda ne düsünüyorsunuz?</Text>
    </Row>
    <Row Tag="TXT_KEY_LEADER_ALEXANDER_LUXURY_TRADE_1">
      <Text>Bir kralligin lideri olmak zordur. Arkadaslarinizla ticaret yapmak bunu biraz daha kolaylastirmanin harika bir yoludur.</Text>
    </Row>
    <Row Tag="TXT_KEY_LEADER_WASHINGTON_LUXURY_TRADE_1">
      <Text>Ticaret yoluyla Amerika Birlesik Devletleri ile büyük imparatorlugunuzun daha da yakinlasmasini umuyorum.</Text>
    </Row>
    <Row Tag="TXT_KEY_LEADER_HARUN_LUXURY_TRADE_1">
      <Text>Mümkün oldugunda hemcinslerimizle isbirligi ve ticaret yapmamiz Tanri'nin istegidir.</Text>
    </Row>
    <Row Tag="TXT_KEY_LEADER_MONTEZUMA_LUXURY_TRADE_1">
      <Text>Gelin, bir anlasma yapalim. Lüks ticareti, asi kitleleri bastirmaya yardimci olacaktir.</Text>
    </Row>
    <Row Tag="TXT_KEY_LEADER_WUZETIAN_LUXURY_TRADE_1">
      <Text>Cin'de pek çok nadir ve degerli mal var. Bir takas yapalim.</Text>
    </Row>
    <Row Tag="TXT_KEY_LEADER_RAMESSES_LUXURY_TRADE_1">
      <Text>Size Nil Ülkesi'nin cömertligini sunuyorum ve karsiliginda esit degerde bir sey istiyorum.</Text>
    </Row>
    <Row Tag="TXT_KEY_LEADER_ELIZABETH_LUXURY_TRADE_1">
      <Text>Ticaret yoluyla servet biriktirmek tüm medeni uluslarin görevidir.</Text>
    </Row>
    <Row Tag="TXT_KEY_LEADER_NAPOLEON_LUXURY_TRADE_1">
      <Text>Görünüse göre ikimizin de digerine fayda saglayabilecek bazi mallari var. Ne dersiniz?</Text>
    </Row>
    <Row Tag="TXT_KEY_LEADER_BISMARCK_LUXURY_TRADE_1">
      <Text>Ticaret, imparatorlugu güçlendirmenin birçok yolundan biridir. Bu teklif hakkinda ne düsünüyorsunuz?</Text>
    </Row>
    <Row Tag="TXT_KEY_LEADER_GANDHI_LUXURY_TRADE_1">
      <Text>Ah, merhaba dostum. Karsilikli fayda saglayacak bir anlasma yapabilecegimizi fark ettim. Ne düsünüyorsun?</Text>
    </Row>
    <Row Tag="TXT_KEY_LEADER_HIAWATHA_LUXURY_TRADE_1">
      <Text>Doganin cömertligi paylasilmak içindir.</Text>
    </Row>
    <Row Tag="TXT_KEY_LEADER_ODA_LUXURY_TRADE_1">
      <Text>Küstahlik etmek istemem ama bir takasin her iki taraf için de faydali olabilecegine inaniyorum.</Text>
    </Row>
    <Row Tag="TXT_KEY_LEADER_SULEIMAN_LUXURY_TRADE_1">
      <Text>Eger siz de ayni seyi yapmaya meyilliyseniz, büyük servetimin bir kismini paylasacagim!</Text>
    </Row>
    <Row Tag="TXT_KEY_LEADER_DARIUS_LUXURY_TRADE_1">
      <Text>Ticaret her imparatorlugun can damaridir ve Pers de farkli degildir. Bu takas hakkinda ne düsünüyorsunuz?</Text>
    </Row>
    <Row Tag="TXT_KEY_LEADER_AUGUSTUS_LUXURY_TRADE_1">
      <Text>Kitleleri memnun etmek hayati önem tasiyor. Burada yapilacak bir fikir alisverisi bu konuda ikimize de yardimci olacaktir.</Text>
    </Row>
    <Row Tag="TXT_KEY_LEADER_CATHERINE_LUXURY_TRADE_1">
      <Text>Ah, selamlar! Bu teklifin ilginizi çekebilecegini düsündüm. Ne düsünüyorsunuz?</Text>
    </Row>
    <Row Tag="TXT_KEY_LEADER_RAMKHAMHAENG_LUXURY_TRADE_1">
      <Text>Ticaret, iki büyük krallik arasindaki iliskinin meyvesidir. Bu teklif hakkinda ne düsünüyorsun, dostum?</Text>
    </Row>
    <Row Tag="TXT_KEY_LEADER_ASKIA_LUXURY_TRADE_1">
      <Text>Tanri bize baskalarindan bir seyler ögrenmeyi ve onlara saygi duymayi ögretir. Ticaret sayesinde birbirimizi daha iyi anlayabilecegimizi düsünüyorum.</Text>
    </Row>
    <Row Tag="TXT_KEY_GENERIC_OPEN_BORDERS_EXCHANGE_1">
      <Text>Iki büyük imparatorlugumuz arasinda serbest geçise izin vermenin karsilikli çikarimiza olduguna inaniyorum.</Text>
    </Row>
    <Row Tag="TXT_KEY_GENERIC_OPEN_BORDERS_EXCHANGE_2">
      <Text>Sinirlarimizi birbirimize açmak sadece dostlugumuzu pekistirmeye hizmet edebilir.</Text>
    </Row>
    <Row Tag="TXT_KEY_LEADER_ALEXANDER_OPEN_BORDERS_EXCHANGE_1">
      <Text>Sinirlarimizi birbirimize açmak, imparatorluklarimizi savunmamiza kesinlikle yardimci olacaktir, sizce de öyle degil mi?</Text>
    </Row>
    <Row Tag="TXT_KEY_LEADER_WASHINGTON_OPEN_BORDERS_EXCHANGE_1">
      <Text>ABD, iki ülke arasindaki sinirlarin açilmasinin dostlugumuzun daha da pekismesine yardimci olacagini düsünmektedir.</Text>
    </Row>
    <Row Tag="TXT_KEY_LEADER_HARUN_OPEN_BORDERS_EXCHANGE_1">
      <Text>Sinirlarimizi açmak Tanri'ya ikimizin de aydinlanmis medeniyetler oldugumuzu gösterecektir.</Text>
    </Row>
    <Row Tag="TXT_KEY_LEADER_MONTEZUMA_OPEN_BORDERS_EXCHANGE_1">
      <Text>Sinirlarimizi açmak sunagima kurban getirmemi çok daha kolaylastiracak. Eminim size de bir sekilde yardimci olacaktir!</Text>
    </Row>
    <Row Tag="TXT_KEY_LEADER_WUZETIAN_OPEN_BORDERS_EXCHANGE_1">
      <Text>Sinirlarimizi açmanin her iki imparatorlukta da kültür ve sanatin gelismesine yardimci olacagina inaniyorum.</Text>
    </Row>
    <Row Tag="TXT_KEY_LEADER_RAMESSES_OPEN_BORDERS_EXCHANGE_1">
      <Text>Eger siz de aynisini yapmaya hazirsaniz, Misir kutsal topraklarinin sinirlarini açmaya hazirdir.</Text>
    </Row>
    <Row Tag="TXT_KEY_LEADER_ELIZABETH_OPEN_BORDERS_EXCHANGE_1">
      <Text>Sinirlarimizi birbirimize açmamiz kesinlikle daha büyük ticari firsatlari tesvik edecektir. Sizce de öyle degil mi?</Text>
    </Row>
    <Row Tag="TXT_KEY_LEADER_NAPOLEON_OPEN_BORDERS_EXCHANGE_1">
      <Text>Sinirlarimizi açmak birliklerin hareketini büyük ölçüde hizlandiracaktir. Elbette gerekli olmasi halinde. Siz ne düsünüyorsunuz?</Text>
    </Row>
    <Row Tag="TXT_KEY_LEADER_BISMARCK_OPEN_BORDERS_EXCHANGE_1">
      <Text>Almanya güçlü ve yetkin müttefikler ariyor. Sinirlarimizi açmak, karsilikli savunmayi desteklemeye yardimci olacaktir.</Text>
    </Row>
    <Row Tag="TXT_KEY_LEADER_GANDHI_OPEN_BORDERS_EXCHANGE_1">
      <Text>Hindistan, bizi ayiran yapay engellerin ortadan kaldirilmasiyla dostlugumuzun daha da pekismesini ümit etmektedir.</Text>
    </Row>
    <Row Tag="TXT_KEY_LEADER_HIAWATHA_OPEN_BORDERS_EXCHANGE_1">
      <Text>Toprak, insanoglunun sinirlarindan kurtulmak için can atiyor. Iki ulus arasindaki sinirlari silmeye ne dersiniz?</Text>
    </Row>
    <Row Tag="TXT_KEY_LEADER_ODA_OPEN_BORDERS_EXCHANGE_1">
      <Text>Karsilikli sayginin bir göstergesi olarak, birbirimizin kralliklarindan geçise izin vermemizi rica ediyorum.</Text>
    </Row>
    <Row Tag="TXT_KEY_LEADER_SULEIMAN_OPEN_BORDERS_EXCHANGE_1">
      <Text>Bu varligi gerçekten tanimanin tek yolu onu daha fazla görmektir. Sinirlarimizi açarak ufkumuzu genisletecek ve bu dünyadan daha fazla sey ögrenecegiz.</Text>
    </Row>
    <Row Tag="TXT_KEY_LEADER_DARIUS_OPEN_BORDERS_EXCHANGE_1">
      <Text>Persia dünyanin her kösesinden bilgi ve firsat ariyor. Belki siz de bu hedefi paylasiyorsunuzdur. Sinirlarimizi açalim mi?</Text>
    </Row>
    <Row Tag="TXT_KEY_LEADER_AUGUSTUS_OPEN_BORDERS_EXCHANGE_1">
      <Text>Sinirlarimizi açmak su anda uygun bir anlasma gibi görünüyor. Siz de katiliyor musunuz?</Text>
    </Row>
    <Row Tag="TXT_KEY_LEADER_CATHERINE_OPEN_BORDERS_EXCHANGE_1">
      <Text>Insanlarin birbirlerini daha iyi tanimalarinin tek yolu aralarindaki sinirlari yikmaktir. Sinirlarimizi açmaya ne dersiniz?</Text>
    </Row>
    <Row Tag="TXT_KEY_LEADER_RAMKHAMHAENG_OPEN_BORDERS_EXCHANGE_1">
      <Text>Gerçek bir lider ancak isbirligi yoluyla aydinlanmaya ulasilabilecegini bilir. Sinirlarimizi açalim ve kralliklarimiz arasinda serbest geçise izin verelim mi?</Text>
    </Row>
    <Row Tag="TXT_KEY_LEADER_ASKIA_OPEN_BORDERS_EXCHANGE_1">
      <Text>Tanri'nin topraklarina hac yolculugum için yeni yollar ariyorum. Topraklarima erisimin size de fayda saglayacagini varsayiyorum. Sinirlarimizi açalim mi?</Text>
    </Row>
    <Row Tag="TXT_KEY_GENERIC_OPEN_BORDERS_OFFER_1">
      <Text>Bölgenizden geçmek için pazarlik yapmak istiyorum.</Text>
    </Row>
    <Row Tag="TXT_KEY_GENERIC_PLAN_RESEARCH_AGREEMENT_1">
      <Text>Büyük ulusunuzla bir Arastirma Anlasmasi yapmak için planlar hazirlamak istiyorum. Bunu yapmak için her birimizin 150 [ICON_GOLD] harcamasi gerekecek. Ne düsünüyorsunuz?[NEWLINE][NEWLINE](Henüz bir Arastirma Anlasmasi yapilmayacagini kabul ediyoruz)</Text>
    </Row>
    <Row Tag="TXT_KEY_GENERIC_RESEARCH_AGREEMENT_OFFER_1">
      <Text>Bir Arastirma Anlasmasinin, Dostlugumuzu pekistirmeye hizmet edecek karsilikli yarar saglayan bir düzenleme oldugunu düsünüyorum.</Text>
    </Row>
    <Row Tag="TXT_KEY_GENERIC_RENEW_DEAL_1">
      <Text>Bu anlasma uluslarimizi ve dostluk baglarimizi güçlendirdi. Bu anlasmayi yenileyelim ve ortak refahimizi sürdürelim mi?</Text>
    </Row>
    <Row Tag="TXT_KEY_GENERIC_WANT_MORE_RENEW_DEAL_1">
      <Text>Bu anlasma yillar içinde gözümüzde zayifladi. Bu anlasmayi yenilemek için sizin tarafinizdan daha fazlasina ihtiyacimiz var.</Text>
    </Row>
    <!--Trade Dialogue-->
    <Row Tag="TXT_KEY_GENERIC_TRADE_ACCEPT_GENEROUS_1">
      <Text>Teklifiniz cömertçe ve kabul ediyorum.</Text>
    </Row>
    <Row Tag="TXT_KEY_GENERIC_TRADE_ACCEPT_GENEROUS_2">
      <Text>Nezaketle kabul ediyorum.</Text>
    </Row>
    <Row Tag="TXT_KEY_GENERIC_TRADE_ACCEPT_GENEROUS_3">
      <Text>Kabul etmeliyim.</Text>
    </Row>
    <Row Tag="TXT_KEY_GENERIC_TRADE_ACCEPT_ACCEPTABLE_1">
      <Text>Bu anlasma ise yarayacak.</Text>
    </Row>
    <Row Tag="TXT_KEY_GENERIC_TRADE_ACCEPT_ACCEPTABLE_2">
      <Text>Bu is görür.</Text>
    </Row>
    <Row Tag="TXT_KEY_GENERIC_TRADE_ACCEPT_ACCEPTABLE_3">
      <Text>Cok iyi.</Text>
    </Row>
    <Row Tag="TXT_KEY_GENERIC_TRADE_ACCEPT_AI_DEMAND_1">
      <Text>Sizinle is yapmak bir zevkti.</Text>
    </Row>
    <Row Tag="TXT_KEY_GENERIC_TRADE_ACCEPT_AI_DEMAND_2">
      <Text>Komsularin bu kadar iyi anlasabilmesi çok güzel.</Text>
    </Row>
    <Row Tag="TXT_KEY_GENERIC_TRADE_ACCEPT_HUMAN_CONCESSIONS_1">
      <Text>Anlasmaya varildi. Bu anlasmanin dostlugumuzun yeniden tesis edilmesine yardimci olacagina inaniyorum.</Text>
    </Row>
    <Row Tag="TXT_KEY_GENERIC_TRADE_ACCEPT_HUMAN_CONCESSIONS_2">
      <Text>Cömertliginiz takdire sayandir.</Text>
    </Row>
    <Row Tag="TXT_KEY_GENERIC_TRADE_REJECT_UNACCEPTABLE_1">
      <Text>Korkarim karsiliginda daha fazlasini istemek zorundayim.</Text>
    </Row>
    <Row Tag="TXT_KEY_GENERIC_TRADE_REJECT_UNACCEPTABLE_2">
      <Text>Üzgünüm ama bu teklif benim lehime degil.</Text>
    </Row>
    <Row Tag="TXT_KEY_GENERIC_TRADE_REJECT_UNACCEPTABLE_3">
      <Text>Bu teklif yeterince iyi degil.</Text>
    </Row>
    <Row Tag="TXT_KEY_GENERIC_TRADE_REJECT_INSULTING_1">
      <Text>Bu hiç de kabul edilebilir bir durum degil. Eger bir yere varmamizi istiyorsaniz adil bir anlasma sunmalisiniz.</Text>
    </Row>
    <Row Tag="TXT_KEY_GENERIC_TRADE_REJECT_INSULTING_2">
      <Text>Kabul edilemez.</Text>
    </Row>
    <Row Tag="TXT_KEY_GENERIC_TRADE_REJECT_INSULTING_3">
      <Text>Bu adil bir anlasmanin yakinindan bile geçmez.</Text>
    </Row>
    <Row Tag="TXT_KEY_GENERIC_TRADE_DEAL_UNCHANGED_1">
      <Text>Bu anlasma masada durdugu haliyle ise yarayacaktir.</Text>
    </Row>
    <Row Tag="TXT_KEY_GENERIC_TRADE_DEAL_UNCHANGED_2">
      <Text>Anlasma bu haliyle bana iyi görünüyor.</Text>
    </Row>
    <Row Tag="TXT_KEY_GENERIC_TRADE_DEAL_UNCHANGED_3">
      <Text>Bana iyi göründü.</Text>
    </Row>
    <Row Tag="TXT_KEY_GENERIC_TRADE_AI_MAKES_OFFER_1">
      <Text>Bu konuda ne düsünüyorsunuz?</Text>
    </Row>
    <Row Tag="TXT_KEY_GENERIC_TRADE_AI_MAKES_OFFER_2">
      <Text>Takas yapalim mi?</Text>
    </Row>
    <Row Tag="TXT_KEY_GENERIC_TRADE_AI_MAKES_OFFER_3">
      <Text>Bir anlasma yapalim.</Text>
    </Row>
    <Row Tag="TXT_KEY_GENERIC_TRADE_NO_DEAL_POSSIBLE_1">
      <Text>Üzgünüm, bu anlasmayi yürütmenin bir yolunu göremiyorum.</Text>
    </Row>
    <Row Tag="TXT_KEY_GENERIC_TRADE_NO_DEAL_POSSIBLE_2">
      <Text>Bu isi yapmanin bir yolu yok.</Text>
    </Row>
    <!-- AI Attacked by another player -->
    <Row Tag="TXT_KEY_GENERIC_ATTACKED_HOSTILE_1">
      <Text>Seni aptal. Korkunç bir hata yaptin.</Text>
    </Row>
    <Row Tag="TXT_KEY_GENERIC_ATTACKED_HOSTILE_2">
      <Text>Acinacak haldesin. Buna sasirdigimi söyleyebilirdim ama bu yalan olur.</Text>
    </Row>
    <Row Tag="TXT_KEY_GENERIC_ATTACKED_HOSTILE_3">
      <Text>Sen medeniyetsiz bir hayvansin.</Text>
    </Row>
    <Row Tag="TXT_KEY_GENERIC_ATTACKED_HOSTILE_4">
      <Text>En zavalli kralligin bile yöneticisi olmaya uygun degilsiniz.</Text>
    </Row>
    <Row Tag="TXT_KEY_GENERIC_ATTACKED_HOSTILE_5">
      <Text>Yargi gününüz gelecek.</Text>
    </Row>
    <Row Tag="TXT_KEY_GENERIC_ATTACKED_WEAK_HOSTILE_1">
      <Text>Kötülügünüzün üstesinden gelemeyebilirim ama bu çabasizliktan olmayacak.</Text>
    </Row>
    <Row Tag="TXT_KEY_GENERIC_ATTACKED_WEAK_HOSTILE_2">
      <Text>Kosullar göz önüne alindiginda, seni yok etmek zaferi daha da tatli hale getirecektir.</Text>
    </Row>
    <Row Tag="TXT_KEY_GENERIC_ATTACKED_WEAK_HOSTILE_3">
      <Text>Yapabilirsen beni yok et. Sana söz veriyorum, önünde kolayca düsmeyecegim.</Text>
    </Row>
    <Row Tag="TXT_KEY_GENERIC_ATTACKED_WEAK_HOSTILE_4">
      <Text>Öyle olsun. Ordularim kötü güçlerinize karsi ölümüne savasacak.</Text>
    </Row>
    <Row Tag="TXT_KEY_GENERIC_ATTACKED_WEAK_HOSTILE_5">
      <Text>Sonsuza dek zayiflari avlayan bir kötü adam olarak bilineceksiniz.</Text>
    </Row>
    <Row Tag="TXT_KEY_GENERIC_ATTACKED_STRONG_HOSTILE_1">
      <Text>Gerçekten beni yenebilecegini mi saniyorsun? Aptal. Pekala. O zaman bu oyunu oynayalim.</Text>
    </Row>
    <Row Tag="TXT_KEY_GENERIC_ATTACKED_STRONG_HOSTILE_2">
      <Text>Ordulariniz gelip baslarina gelecek yikimin tadini çikarabilirler.</Text>
    </Row>
    <Row Tag="TXT_KEY_GENERIC_ATTACKED_STRONG_HOSTILE_3">
      <Text>Bana saldirmak bir hataydi. Yakinda sana nedenini gösterecegim.</Text>
    </Row>
    <Row Tag="TXT_KEY_GENERIC_ATTACKED_STRONG_HOSTILE_4">
      <Text>Savas ilan etmek sizin açinizdan ciddi bir muhakeme hatasiydi. Bunu söyledikten sonra, sizi pisman etmekte tereddüt etmeyecegim.</Text>
    </Row>
    <Row Tag="TXT_KEY_GENERIC_ATTACKED_STRONG_HOSTILE_5">
      <Text>Böyle aptalca bir hareket yaptigin için seni cezalandirmakta tereddüt etmeyecegim.</Text>
    </Row>
    <Row Tag="TXT_KEY_GENERIC_ATTACKED_STRONG_HOSTILE_6">
      <Text>Güzel. Bunu yapalim. Bu bana seni sonunda yok etmek için mükemmel bir firsat veriyor.</Text>
    </Row>
    <Row Tag="TXT_KEY_GENERIC_ATTACKED_STRONG_HOSTILE_7">
      <Text>Seni sefil aptal. Simdi seni acimasizca ezecegim.</Text>
    </Row>
    <Row Tag="TXT_KEY_GENERIC_ATTACKED_EXCITED_1">
      <Text>Eger dövüsmek istiyorsaniz, kesinlikle geri adim atmayacagim.</Text>
    </Row>
    <Row Tag="TXT_KEY_GENERIC_ATTACKED_EXCITED_2">
      <Text>Seninle yumruklasmak benim için bir zevk olacak. Dövüstügünüzden emin olun.</Text>
    </Row>
    <Row Tag="TXT_KEY_GENERIC_ATTACKED_EXCITED_3">
      <Text>Bu eglenceli olmali. Senin gibi birini yenmek için her firsattan zevk alirim.</Text>
    </Row>
    <Row Tag="TXT_KEY_GENERIC_ATTACKED_EXCITED_4">
      <Text>Pekâlâ. Bir ölüm girdabi ikimizi de saracak.</Text>
    </Row>
    <Row Tag="TXT_KEY_GENERIC_ATTACKED_WEAK_EXCITED_1">
      <Text>Su an kiliçlari çekmemiz için ideal bir zaman olmasa da, sizi bir iki kademe asagi çekme firsati buna deger.</Text>
    </Row>
    <Row Tag="TXT_KEY_GENERIC_ATTACKED_STRONG_EXCITED_1">
      <Text>Haha. Kararinizi sorgulamayacagim ama bana öyle geliyor ki büyük bir hata yaptiniz.</Text>
    </Row>
    <Row Tag="TXT_KEY_GENERIC_ATTACKED_SAD_1">
      <Text>Yaptiklariniz beni üzüntüye boguyor. Sizin gibiler için cehennemde özel bir yer oldugu kesin.</Text>
    </Row>
    <Row Tag="TXT_KEY_GENERIC_ATTACKED_SAD_2">
      <Text>Bize bu sekilde mi saldiracaksin? Kibriniz sinir tanimiyor. Umarim bir gün bunun için yargilanirsiniz.</Text>
    </Row>
    <Row Tag="TXT_KEY_GENERIC_ATTACKED_SAD_3">
      <Text>Zafer pesinde kosarken baskasinin zayifligindan faydalanmak gereksizdir. Eminim daha iyi bir yol oldugunu biliyorsunuzdur?</Text>
    </Row>
    <Row Tag="TXT_KEY_GENERIC_ATTACKED_SAD_4">
      <Text>Böyle bir seyi nasil yaparsin? Defol, seni asagilik varlik.</Text>
    </Row>
    <Row Tag="TXT_KEY_GENERIC_ATTACKED_BETRAYED_1">
      <Text>Birinin güveninden faydalanmak alçakliktir. Herkes ihanetinizi bilecek.</Text>
    </Row>
    <!-- AI Declaring War-->
    <Row Tag="TXT_KEY_GENERIC_DOW_GENERIC_1">
      <Text>Iki imparatorlugumuzun asla ayni fikirde olmayacagi açiktir. Bu sadece savas alaninda çözülebilecek bir sey.</Text>
    </Row>
    <Row Tag="TXT_KEY_GENERIC_DOW_GENERIC_2">
      <Text>Ikimizin bir gün savas alaninda karsilasacagina dair bir his vardi içimde. Simdi hangimizin galip gelecegini görecegiz.</Text>
    </Row>
    <Row Tag="TXT_KEY_GENERIC_DOW_GENERIC_3">
      <Text>Simdi savasma zamani. Belki de en iyimiz kazanir.</Text>
    </Row>
    <Row Tag="TXT_KEY_GENERIC_ATTACKED_MILITARY_PROMISE_BROKEN_1">
      <Text>Sözünüze ihanet ettiniz. Hiç kuskunuz olmasin, dünya ihanetinizi ögrenecek.</Text>
    </Row>
    <Row Tag="TXT_KEY_GENERIC_DOW_LAND_1">
      <Text>Yakinligimiz düsman olmamiza neden oldu. Bakalim hangimiz bu topraklarda hayatta kalabilecek.</Text>
    </Row>
    <Row Tag="TXT_KEY_GENERIC_DOW_LAND_2">
      <Text>Rahat edemeyecek kadar yakinsin. Imparatorlugumun daha fazla yasam alanina ihtiyaci var.</Text>
    </Row>
    <Row Tag="TXT_KEY_GENERIC_DOW_LAND_3">
      <Text>Topraklariniz benimkilere iyi bir katki saglayacak.</Text>
    </Row>
    <Row Tag="TXT_KEY_GENERIC_DOW_WORLD_CONQUEST_1">
      <Text>Bu dünyanin kaderi benim olmak. Bunun ne anlama geldigini size gösterme vaktim geldi.</Text>
    </Row>
    <Row Tag="TXT_KEY_GENERIC_DOW_WORLD_CONQUEST_2">
      <Text>Kader beni bu bölünmüs gezegene birlik getirecek kisi olarak vaftiz etti.</Text>
    </Row>
    <Row Tag="TXT_KEY_GENERIC_DOW_WORLD_CONQUEST_3">
      <Text>Sizin gibileri ve etrafimi saran diger hasereleri yok ettigimde tarih bana kesinlikle gülümseyecektir.</Text>
    </Row>
    <Row Tag="TXT_KEY_GENERIC_DOW_WORLD_CONQUEST_4">
      <Text>Size karsi dürüst olacagim - diger herkesle birlikte sizi de yok etmek niyetindeyim.</Text>
    </Row>
    <Row Tag="TXT_KEY_GENERIC_DOW_WORLD_CONQUEST_5">
      <Text>Sen sadece benim dünya hakimiyetine yükselisimde bir basamaksin.</Text>
    </Row>
    <Row Tag="TXT_KEY_GENERIC_DOW_WORLD_CONQUEST_6">
      <Text>Simdi büyük planimin baslama zamani. Bu aptallarin geri kalani gibi senin de ölme vaktin geldi.</Text>
    </Row>
    <Row Tag="TXT_KEY_GENERIC_DOW_OPPORTUNITY_1">
      <Text>Avantaj benim. Simdi seni yok edecegim.</Text>
    </Row>
    <Row Tag="TXT_KEY_GENERIC_DOW_OPPORTUNITY_2">
      <Text>Yeterince bekledim. Savunmanizda bir açik gördüm ve bunu kendi avantajima kullanacagim.</Text>
    </Row>
    <Row Tag="TXT_KEY_GENERIC_DOW_OPPORTUNITY_3">
      <Text>Uzun zamandir bu günü bekliyordum. Simdi islerinizi düzene koymak için iyi bir zaman.</Text>
    </Row>
    <Row Tag="TXT_KEY_GENERIC_DOW_OPPORTUNITY_4">
      <Text>Simdi benim zamanim. Seni yenecegim ve zafere bir adim daha yaklasacagim.</Text>
    </Row>
    <Row Tag="TXT_KEY_GENERIC_DOW_OPPORTUNITY_5">
      <Text>Kader senin tarafinda degil. Böyle bir zayiflikla yoluma çikmak, uzun süre pisman olmayacagin bir hatadir.</Text>
    </Row>
    <Row Tag="TXT_KEY_GENERIC_DOW_OPPORTUNITY_6">
      <Text>Mevcut durum göz ardi edilemez. Ya simdi ya da asla.</Text>
    </Row>
    <Row Tag="TXT_KEY_GENERIC_DOW_OPPORTUNITY_7">
      <Text>Potansiyel bir rakibi ortadan kaldirmak için bu firsati görmezden gelemem.</Text>
    </Row>
    <Row Tag="TXT_KEY_GENERIC_DOW_OPPORTUNITY_8">
      <Text>Zayifliginiz bana büyük bir firsat sunuyor. Özürlerimi kabul edin.</Text>
    </Row>
    <Row Tag="TXT_KEY_GENERIC_DOW_DESPERATE_1">
      <Text>Önümdeki görev imkansiz olsa da, seni ve temsil ettigin her seyi yok etmenin bir yolunu bulmaya mecburum. Bunu yapacagim ya da denerken ölecegim.</Text>
    </Row>
    <Row Tag="TXT_KEY_GENERIC_DOW_DESPERATE_2">
      <Text>Güçlü oldugun çok açik. Yine de seni yenmenin bir yolunu bulacagim.</Text>
    </Row>
    <Row Tag="TXT_KEY_GENERIC_DOW_DESPERATE_3">
      <Text>Sen esi benzeri olmayan bir canisin. Varligimin her zerresinde, seni yok etmem gerektigini biliyorum.</Text>
    </Row>
    <Row Tag="TXT_KEY_GENERIC_DOW_DESPERATE_4">
      <Text>Gücün essiz, ama seni yenmenin bir yolunu bulacagim.</Text>
    </Row>
    <Row Tag="TXT_KEY_GENERIC_DOW_DESPERATE_5">
      <Text>Simdi direnme zamani. Sans benden yana degil ama seni yok etmenin bir yolunu bulurum.</Text>
    </Row>
    <Row Tag="TXT_KEY_GENERIC_DOW_DESPERATE_6">
      <Text>Inanilmaz gücün beni seni yenmenin bir yolunu bulmaktan alikoymayacak. Kader yüzüme gülsün.</Text>
    </Row>
    <Row Tag="TXT_KEY_GENERIC_DOW_DESPERATE_7">
      <Text>Her ne kadar istemesem de, korkarim ki su an sizi yenmek için tek firsatim olabilir. Savas alaninda bulusalim.</Text>
    </Row>
    <Row Tag="TXT_KEY_GENERIC_DOW_DESPERATE_8">
      <Text>Beni bekleyen kader yikim olabilir, ancak geri adim atarsam zaten nihai yenilgi beni bekliyor demektir.</Text>
    </Row>
    <Row Tag="TXT_KEY_GENERIC_DOW_BETRAYAL_1">
      <Text>Sizinle dostmus gibi davranmak pek kibarca olmasa da, tarihe damgasini vuran çok az kisi görgüsüyle taninir. Yolun açik olsun.</Text>
    </Row>
    <Row Tag="TXT_KEY_GENERIC_DOW_BETRAYAL_2">
      <Text>Senin zayifligin benim firsatim. Bana güvenmek bir hataydi.</Text>
    </Row>
    <Row Tag="TXT_KEY_GENERIC_DOW_BETRAYAL_3">
      <Text>Arkadan biçaklamak çok çirkin bir kelime. Bunun yerine sözde arkadasligimizi "yeniden yorumladigimi" mi söyleyelim?</Text>
    </Row>
    <Row Tag="TXT_KEY_GENERIC_DOW_BETRAYAL_4">
      <Text>Itiraf etmeliyim ki, senden hiç hoslanmadim. Öyleymis gibi davranmak da artik eskidi. Ama bu kadar gevezelik yeter, ölme vaktin geldi.</Text>
    </Row>
    <Row Tag="TXT_KEY_GENERIC_DOW_WEAK_BETRAYAL_1">
      <Text>Ihtimaller açikça benimle degil, ancak aldatici uygulamalarimi ifsa etmekten baska bir alternatif göremiyorum. Artik sadece ordularimin basarili olmasi için dua edebilirim.</Text>
    </Row>
    <Row Tag="TXT_KEY_GENERIC_DOW_REGRET_1">
      <Text>Baska bir hayatta ikimizin arkadas olabilecegine inaniyorum. Ne yazik ki su anda durum böyle degil. Ordulariniza sans diliyorum.</Text>
    </Row>
    <Row Tag="TXT_KEY_GENERIC_DOW_REGRET_2">
      <Text>Dostum, korkarim ki baglarimizi koparmaktan ve kilicimi çekmekten baska çarem yok. Umarim bir gün bunun için beni affedebilirsin.</Text>
    </Row>
    <Row Tag="TXT_KEY_GENERIC_DOW_REGRET_3">
      <Text>Islerin bu noktaya geldigine inanmakta güçlük çekiyorum ama evet, bu gerçekten oluyor. Dostlugumuzun sona erdigini size büyük bir üzüntüyle bildirmek zorundayim.</Text>
    </Row>
    <Row Tag="TXT_KEY_WAR_DEMAND_REFUSED_1">
      <Text>Öyle olsun. O zaman ordularim onu topraklarinizdan çikaracak.</Text>
    </Row>
    <Row Tag="TXT_KEY_WAR_DEMAND_REFUSED_2">
      <Text>O zaman savas.</Text>
    </Row>
    <!--AI Responses to a human peace offer-->
    <Row Tag="TXT_KEY_GENERIC_PEACE_WHAT_WILL_HUMAN_OFFER_1">
      <Text>Teklifiniz nedir?</Text>
    </Row>
    <Row Tag="TXT_KEY_GENERIC_PEACE_WHAT_WILL_HUMAN_OFFER_2">
      <Text>Ne önerirsiniz?</Text>
    </Row>
    <Row Tag="TXT_KEY_GENERIC_PEACE_WHAT_WILL_HUMAN_OFFER_3">
      <Text>Barisin bedeli nedir?</Text>
    </Row>
    <Row Tag="TXT_KEY_GENERIC_PEACE_MADE_BY_HUMAN_GRACIOUS_1">
      <Text>Bu çatismanin sona erdigini görmekten mutluluk duyuyorum.</Text>
    </Row>
    <Row Tag="TXT_KEY_GENERIC_PEACE_MADE_BY_HUMAN_GRACIOUS_2">
      <Text>Bu korkunç savasin sona erdigini görmek güzel.</Text>
    </Row>
    <Row Tag="TXT_KEY_GENERIC_NO_PEACE_1">
      <Text>Baris olamaz. Belki baska bir gün.</Text>
    </Row>
    <Row Tag="TXT_KEY_GENERIC_NO_PEACE_2">
      <Text>Su an pazarlik zamani degil.</Text>
    </Row>
    <Row Tag="TXT_KEY_GENERIC_NO_PEACE_3">
      <Text>Hala halletmemiz gereken isler var.</Text>
    </Row>
    <Row Tag="TXT_KEY_GENERIC_TOO_SOON_NO_PEACE_1">
      <Text>Saka yapiyorsun, degil mi?</Text>
    </Row>
    <!--AI Responses to a discussion mode topics-->
    <Row Tag="TXT_KEY_GENERIC_HUMAN_RESPONSE_PLEASED_1">
      <Text>Mükemmel.</Text>
    </Row>
    <Row Tag="TXT_KEY_GENERIC_HUMAN_RESPONSE_PLEASED_2">
      <Text>Harika.</Text>
    </Row>
    <Row Tag="TXT_KEY_GENERIC_HUMAN_RESPONSE_PLEASED_3">
      <Text>Bunu duyduguma sevindim.</Text>
    </Row>
    <Row Tag="TXT_KEY_GENERIC_HUMAN_RESPONSE_PLEASED_4">
      <Text>Bunu duyduguma sevindim.</Text>
    </Row>
    <Row Tag="TXT_KEY_GENERIC_HUMAN_RESPONSE_THANKFUL_1">
      <Text>Tesekkür ederim.</Text>
    </Row>
    <Row Tag="TXT_KEY_GENERIC_HUMAN_RESPONSE_THANKFUL_2">
      <Text>Siz gerçekten büyük bir lidersiniz.</Text>
    </Row>
    <Row Tag="TXT_KEY_GENERIC_HUMAN_RESPONSE_THANKFUL_3">
      <Text>Tarih, yaptiginiz büyük isleri uzun süre hatirlayacaktir.</Text>
    </Row>
    <Row Tag="TXT_KEY_GENERIC_HUMAN_RESPONSE_DISAPPOINTED_1">
      <Text>Bu utanç verici.</Text>
    </Row>
    <Row Tag="TXT_KEY_GENERIC_HUMAN_RESPONSE_DISAPPOINTED_2">
      <Text>Belki baska bir zaman.</Text>
    </Row>
    <Row Tag="TXT_KEY_GENERIC_HUMAN_RESPONSE_DISAPPOINTED_3">
      <Text>Bu hayal kirikligi.</Text>
    </Row>
    <Row Tag="TXT_KEY_GENERIC_SO_BE_IT_1">
      <Text>Öyle olsun.</Text>
    </Row>
    <Row Tag="TXT_KEY_GENERIC_SO_BE_IT_2">
      <Text>O zaman sonuçlarindan siz sorumlu olacaksiniz.</Text>
    </Row>
    <Row Tag="TXT_KEY_GENERIC_SO_BE_IT_3">
      <Text>Buna pisman olacaksin.</Text>
    </Row>
    <Row Tag="TXT_KEY_GENERIC_RETURNED_CIVILIAN_1">
      <Text>O tutsaklari serbest biraktiginiz için size tesekkür ederim.</Text>
    </Row>
    <Row Tag="TXT_KEY_GENERIC_RETURNED_CIVILIAN_2">
      <Text>Halkim adina attiginiz adimlar için minnettarim.</Text>
    </Row>
    <Row Tag="TXT_KEY_GENERIC_RETURNED_CIVILIAN_3">
      <Text>Tesekkür ederim. Bu, iki büyük imparatorlugumuzu birbirine yakinlastiran tarihi bir olay olarak hatirlansin.</Text>
    </Row>
    <Row Tag="TXT_KEY_GENERIC_CULTURE_BOMBED_1">
      <Text>Bu ne cüret? Bunun sonuçlari olacagini bil.</Text>
    </Row>
    <Row Tag="TXT_KEY_GENERIC_CULTURE_BOMBED_2">
      <Text>Eger bir savasi kiskirtmaya çalisiyorsaniz, iyi bir is yapiyorsunuz demektir.</Text>
    </Row>
    <Row Tag="TXT_KEY_GENERIC_HOSTILE_AGGRESSIVE_MILITARY_WARNING_BAD_1">
      <Text>En azindan dürüstsün. Ama bu senin tek iyi özelligin olabilir.</Text>
    </Row>
    <Row Tag="TXT_KEY_GENERIC_HOSTILE_AGGRESSIVE_MILITARY_WARNING_GOOD_1">
      <Text>Muhtemel bir hikaye.</Text>
    </Row>
    <Row Tag="TXT_KEY_GENERIC_AGGRESSIVE_MILITARY_WARNING_BAD_1">
      <Text>Ben de bundan korkuyordum.</Text>
    </Row>
    <Row Tag="TXT_KEY_GENERIC_AGGRESSIVE_MILITARY_WARNING_GOOD_1">
      <Text>Umarim durum gerçekten de böyledir.</Text>
    </Row>
    <Row Tag="TXT_KEY_GENERIC_HOSTILE_WE_ATTACKED_MINOR_BAD_1">
      <Text>Bunu görecegiz.</Text>
    </Row>
    <Row Tag="TXT_KEY_GENERIC_HOSTILE_WE_ATTACKED_MINOR_GOOD_1">
      <Text>Evet, bu dogru.</Text>
    </Row>
    <Row Tag="TXT_KEY_GENERIC_WE_ATTACKED_MINOR_BAD_1">
      <Text>Kararimin halkim ve ulusum için en iyisi olduguna olan inancimi koruyorum.</Text>
    </Row>
    <Row Tag="TXT_KEY_GENERIC_HUMAN_RESPONSE_BAD_1">
      <Text>Görünüse göre sizinle anlasmak mümkün degil. Ne kadar yazik.</Text>
    </Row>
    <Row Tag="TXT_KEY_GENERIC_HUMAN_RESPONSE_BAD_2">
      <Text>O zaman senin gibilerle daha fazla isim olmaz.</Text>
    </Row>
    <Row Tag="TXT_KEY_GENERIC_HUMAN_RESPONSE_BAD_3">
      <Text>Bizi hayal kirikligina ugrattin.</Text>
    </Row>
    <Row Tag="TXT_KEY_GENERIC_HUMAN_RESPONSE_BAD_4">
      <Text>Bunun iki ülke arasinda gerginlik yaratmaktan baska bir ise yaramayacagini biliyorsunuz.</Text>
    </Row>
    <Row Tag="TXT_KEY_GENERIC_HUMAN_ATTACKED_MINOR_GOOD_1">
      <Text>Pekâlâ. Durumu izliyor olacagim.</Text>
    </Row>
    <Row Tag="TXT_KEY_GENERIC_HUMAN_KILLED_MINOR_GOOD_1">
      <Text>Peki siz ne önerirsiniz?</Text>
    </Row>
    <Row Tag="TXT_KEY_GENERIC_HUMAN_SERIOUS_EXPANSION_WARNING_GOOD_1">
      <Text>Peki siz ne önerirsiniz?</Text>
    </Row>
    <Row Tag="TXT_KEY_GENERIC_HUMAN_EXPANSION_WARNING_GOOD_1">
      <Text>Mükemmel. Umarim ortak bir zemin bulmaya devam edebiliriz.</Text>
    </Row>
    <Row Tag="TXT_KEY_GENERIC_HUMAN_SERIOUS_PLOT_BUYING_WARNING_GOOD_1">
      <Text>Peki siz ne önerirsiniz?</Text>
    </Row>
    <Row Tag="TXT_KEY_GENERIC_HUMAN_PLOT_BUYING_WARNING_GOOD_1">
      <Text>Mükemmel. Umarim ortak bir zemin bulmaya devam edebiliriz.</Text>
    </Row>
    <Row Tag="TXT_KEY_GENERIC_OUR_WORDS_ARE_BACKED">
      <Text>Sözlerimiz nükleer silahlarla destekleniyor!</Text>
    </Row>
  </Language_en_US>
</GameData>