﻿<?xml version="1.0" encoding="utf-8"?>
<GameData>
  <Language_en_US>
    <Row Tag="TXT_KEY_LEADER_NAPOLEON_AGREE_SHORT_1">
      <Text>Cok iyi.</Text>
    </Row>
    <Row Tag="TXT_KEY_LEADER_NAPOLEON_AGREE_SHORT_2">
      <Text>Tamam.</Text>
    </Row>
    <Row Tag="TXT_KEY_LEADER_NAPOLEON_AGREE_SHORT_3">
      <Text>Kesinlikle.</Text>
    </Row>
    <Row Tag="TXT_KEY_LEADER_NAPOLEON_AGREE_SHORT_4">
      <Text>Kabul edildi.</Text>
    </Row>
    <Row Tag="TXT_KEY_LEADER_NAPOLEON_AGREE_SHORT_5">
      <Text>Oh, çok iyi.</Text>
    </Row>
    <Row Tag="TXT_KEY_LEADER_NAPOLEON_AGREE_SHORT_6">
      <Text>Sanirim yapmaliyim.</Text>
    </Row>
    <Row Tag="TXT_KEY_LEADER_NAPOLEON_AGREE_SHORT_7">
      <Text>Mükemmel.</Text>
    </Row>
    <Row Tag="TXT_KEY_LEADER_NAPOLEON_ATTACKED_1">
      <Text>Simdi seni yok edecegim!</Text>
    </Row>
    <Row Tag="TXT_KEY_LEADER_NAPOLEON_ATTACKED_2">
      <Text>Tuzagima düstün. Simdi bedelini ödeyeceksin.</Text>
    </Row>
    <Row Tag="TXT_KEY_LEADER_NAPOLEON_ATTACKED_3">
      <Text>Bir hata yaptin - son hatan. Seni gömecegim!</Text>
    </Row>
    <Row Tag="TXT_KEY_LEADER_NAPOLEON_DECLAREWAR_1">
      <Text>Yolumuza çiktiniz. Savasa hazirlanin!</Text>
    </Row>
    <Row Tag="TXT_KEY_LEADER_NAPOLEON_DECLAREWAR_2">
      <Text>Varliginiz beni rahatsiz ediyor. Savasa hazirlanin!</Text>
    </Row>
    <Row Tag="TXT_KEY_LEADER_NAPOLEON_DECLAREWAR_3">
      <Text>Fransa'ya son kez hakaret ettiniz. Savasa hazirlanin!</Text>
    </Row>
    <Row Tag="TXT_KEY_LEADER_NAPOLEON_DEFEATED_1">
      <Text>Beni yendin. Seni tebrik ederim.</Text>
    </Row>
    <Row Tag="TXT_KEY_LEADER_NAPOLEON_DEFEATED_2">
      <Text>Zaferiniz için sizi kutluyorum.</Text>
    </Row>
    <Row Tag="TXT_KEY_LEADER_NAPOLEON_DEFEATED_3">
      <Text>Ben bittim. Onurdan baska bir sey kalmadi. Bana istedigini yap.</Text>
    </Row>
    <Row Tag="TXT_KEY_LEADER_NAPOLEON_DEMANDTRIBUTE_ANGRY">
      <Text>Bize istedigimizi ver yoksa seni yok ederim. Yemin ederim!</Text>
    </Row>
    <Row Tag="TXT_KEY_LEADER_NAPOLEON_DEMANDTRIBUTE_HAPPY">
      <Text>Dostum, Fransa'nin sunlara ihtiyaci var. Bizi hayal kirikligina ugratmayacaginiza inaniyorum.</Text>
    </Row>
    <Row Tag="TXT_KEY_LEADER_NAPOLEON_DEMANDTRIBUTE_NEUTRAL">
      <Text>Fransa sunlari talep ediyor. Hayatta kalmaya devam etmeniz vereceginiz cevaba göre belirlenecektir.</Text>
    </Row>
    <Row Tag="TXT_KEY_LEADER_NAPOLEON_DISAGREE_SHORT_1">
      <Text>Hayir.</Text>
    </Row>
    <Row Tag="TXT_KEY_LEADER_NAPOLEON_DISAGREE_SHORT_2">
      <Text>Kesinlikle olmaz.</Text>
    </Row>
    <Row Tag="TXT_KEY_LEADER_NAPOLEON_DISAGREE_SHORT_3">
      <Text>Reddediyoruz.</Text>
    </Row>
    <Row Tag="TXT_KEY_LEADER_NAPOLEON_DISAGREE_SHORT_4">
      <Text>Tabii ki hayir.</Text>
    </Row>
    <Row Tag="TXT_KEY_LEADER_NAPOLEON_DISAGREE_SHORT_5">
      <Text>Bu kabul edilemez.</Text>
    </Row>
    <Row Tag="TXT_KEY_LEADER_NAPOLEON_DISAGREE_SHORT_6">
      <Text>Ciddi olamazsin!</Text>
    </Row>
    <Row Tag="TXT_KEY_LEADER_NAPOLEON_DISAGREE_SHORT_7">
      <Text>Pardon?</Text>
    </Row>
    <Row Tag="TXT_KEY_LEADER_NAPOLEON_FIRSTGREETING_1">
      <Text>Hos geldiniz. Ben Fransa'nin Napolyon'u, dünya tarihinin en büyük askeri dehasiyim!</Text>
    </Row>
    <Row Tag="TXT_KEY_LEADER_NAPOLEON_FIRSTGREETING_2">
      <Text>Hos geldin, Yabanci! Ben Napolyon, Fransa Imparatoru! Dostlarima sadik, düsmanlarima ölümüm. Sen hangisi olacaksin?</Text>
    </Row>
    <Row Tag="TXT_KEY_LEADER_NAPOLEON_FIRSTGREETING_3">
      <Text>Ah. Sonunda tanistik. Ben Napolyon, Fransa Imparatoru. Gelin: Dünyanin iki büyük ulusumuz arasinda paylasilmasini tartisalim.</Text>
    </Row>
    <Row Tag="TXT_KEY_LEADER_NAPOLEON_FIRSTGREETING_4">
      <Text>Selamlar. Ben Fransa'nin Napolyon'uyum. Bos konusmalara ayiracak vaktim yok  sizi buraya getiren nedir?</Text>
    </Row>
    <Row Tag="TXT_KEY_LEADER_NAPOLEON_GOODBYE_1">
      <Text>Iyi günler.</Text>
    </Row>
    <Row Tag="TXT_KEY_LEADER_NAPOLEON_GOODBYE_2">
      <Text>Elveda.</Text>
    </Row>
    <Row Tag="TXT_KEY_LEADER_NAPOLEON_GOODBYE_3">
      <Text>Güle güle.</Text>
    </Row>
    <Row Tag="TXT_KEY_LEADER_NAPOLEON_GOODBYE_4">
      <Text>Tekrar görüsene kadar.</Text>
    </Row>
    <Row Tag="TXT_KEY_LEADER_NAPOLEON_GOODBYE_5">
      <Text>Simdi git buradan.</Text>
    </Row>
    <Row Tag="TXT_KEY_LEADER_NAPOLEON_GOODBYE_6">
      <Text>Hepsi bu kadar.</Text>
    </Row>
    <Row Tag="TXT_KEY_LEADER_NAPOLEON_GOODBYE_7">
      <Text>Buradaki isimiz bitti.</Text>
    </Row>
    <Row Tag="TXT_KEY_LEADER_NAPOLEON_GREETING_1">
      <Text>Hos geldiniz.</Text>
    </Row>
    <Row Tag="TXT_KEY_LEADER_NAPOLEON_GREETING_2">
      <Text>Merhaba.</Text>
    </Row>
    <Row Tag="TXT_KEY_LEADER_NAPOLEON_GREETING_3">
      <Text>Selamlar.</Text>
    </Row>
    <Row Tag="TXT_KEY_LEADER_NAPOLEON_GREETING_4">
      <Text>Iyi günler.</Text>
    </Row>
    <Row Tag="TXT_KEY_LEADER_NAPOLEON_GREETING_5">
      <Text>Oh, sensin.</Text>
    </Row>
    <Row Tag="TXT_KEY_LEADER_NAPOLEON_GREETING_6">
      <Text>Eee?</Text>
    </Row>
    <Row Tag="TXT_KEY_LEADER_NAPOLEON_GREETING_7">
      <Text>Ne istiyorsun?</Text>
    </Row>
    <Row Tag="TXT_KEY_LEADER_NAPOLEON_LETSHEARIT_1">
      <Text>Devam et.</Text>
    </Row>
    <Row Tag="TXT_KEY_LEADER_NAPOLEON_LETSHEARIT_2">
      <Text>Devam edin.</Text>
    </Row>
    <Row Tag="TXT_KEY_LEADER_NAPOLEON_LETSHEARIT_3">
      <Text>Dinliyorum.</Text>
    </Row>
    <Row Tag="TXT_KEY_LEADER_NAPOLEON_LETSHEARIT_4">
      <Text>Evet mi?</Text>
    </Row>
    <Row Tag="TXT_KEY_LEADER_NAPOLEON_LETSHEARIT_5">
      <Text>Ne diyordun?</Text>
    </Row>
    <Row Tag="TXT_KEY_LEADER_NAPOLEON_LETSHEARIT_6">
      <Text>Ve?</Text>
    </Row>
    <Row Tag="TXT_KEY_LEADER_NAPOLEON_LETSHEARIT_7">
      <Text>Devam et.</Text>
    </Row>
    <Row Tag="TXT_KEY_LEADER_NAPOLEON_LOSEWAR_1">
      <Text>Görünüse göre sizi çok hafife almisim. Ayni hatayi bir daha yapmayacagim, söz veriyorum.</Text>
    </Row>
    <Row Tag="TXT_KEY_LEADER_NAPOLEON_QUOTE_1">
      <Text>"Fransa'nin bana, benim Fransa'ya oldugumdan daha fazla ihtiyaci var.</Text>
    </Row>
    <Row Tag="TXT_KEY_LEADER_NAPOLEON_QUOTE_2">
      <Text>Bir insan çikarlari için haklarindan daha fazla mücadele edecektir.</Text>
    </Row>
    <Row Tag="TXT_KEY_LEADER_NAPOLEON_QUOTE_3">
      <Text>Düsmaniniz hata yaparken asla sözünü kesmeyin.</Text>
    </Row>
    <Row Tag="TXT_KEY_LEADER_NAPOLEON_QUOTE_4">
      <Text>"Tarihi gerçek çogu zaman hos bir masaldir."</Text>
    </Row>
    <Row Tag="TXT_KEY_LEADER_NAPOLEON_TRADE_NEEDMORE_ANGRY_1">
      <Text>Gezegenin en zengin ve en güçlü ülkesi olan Fransa ile iyi ticari iliskiler sürdürmenin öneminin farkinda degil misiniz? Bundan daha iyisini yapmalisiniz!</Text>
    </Row>
    <Row Tag="TXT_KEY_LEADER_NAPOLEON_TRADE_NEEDMORE_ANGRY_2">
      <Text>Bu yeterince iyi degil.</Text>
    </Row>
    <Row Tag="TXT_KEY_LEADER_NAPOLEON_TRADE_NEEDMORE_HAPPY_1">
      <Text>Sevgili dostum, Imparator olarak kisisel duygularimi bir kenara birakmali ve Fransa için en iyi olani yapmaliyim! Teklifinizi iyilestirmenizi üzülerek istemek zorundayim.</Text>
    </Row>
    <Row Tag="TXT_KEY_LEADER_NAPOLEON_TRADE_NEEDMORE_HAPPY_2">
      <Text>Yapabileceginin en iyisi bu mu?</Text>
    </Row>
    <Row Tag="TXT_KEY_LEADER_NAPOLEON_TRADE_NEEDMORE_HAPPY_3">
      <Text>Neredeyse vardin.</Text>
    </Row>
    <Row Tag="TXT_KEY_LEADER_NAPOLEON_TRADE_NEEDMORE_NEUTRAL_1">
      <Text>Beni kandirmaya mi çalisiyorsun, Imparator? Daha iyisini yapmalisin!</Text>
    </Row>
    <Row Tag="TXT_KEY_LEADER_NAPOLEON_TRADE_NEEDMORE_NEUTRAL_2">
      <Text>Biraz daha iyisini yapabilir misin?</Text>
    </Row>
    <Row Tag="TXT_KEY_LEADER_NAPOLEON_TRADE_NEEDMORE_NEUTRAL_3">
      <Text>Bu yeterince iyi degil.</Text>
    </Row>
    <Row Tag="TXT_KEY_LEADER_NAPOLEON_TRADE_NEEDMORE_NEUTRAL_4">
      <Text>Neredeyse...</Text>
    </Row>
    <Row Tag="TXT_KEY_LEADER_NAPOLEON_TRADE_NO_ANGRY">
      <Text>Zamanim çok degerli. Bu saçmaliklarla bosa harcama.</Text>
    </Row>
    <Row Tag="TXT_KEY_LEADER_NAPOLEON_TRADE_NO_HAPPY">
      <Text>Bir yanlislik olmali. Böyle saçma bir teklifle büyük Fransiz halkina kasitli olarak hakaret etmeyeceginizden eminim.</Text>
    </Row>
    <Row Tag="TXT_KEY_LEADER_NAPOLEON_TRADE_NO_NEUTRAL">
      <Text>Teklifiniz Imparator'un sahsina, yani bana yapilmis bir hakarettir. Büyük bir kibirle reddediyorum.</Text>
    </Row>
    <Row Tag="TXT_KEY_LEADER_NAPOLEON_TRADE_YES_ANGRY">
      <Text>Katiliyorum.</Text>
    </Row>
    <Row Tag="TXT_KEY_LEADER_NAPOLEON_TRADE_YES_HAPPY">
      <Text>Fransa'ya verdiginiz hizmet için tesekkür ederim!</Text>
    </Row>
    <Row Tag="TXT_KEY_LEADER_NAPOLEON_TRADE_YES_NEUTRAL">
      <Text>Yararliliginiz not edildi. Tesekkür ederim.</Text>
    </Row>
    <Row Tag="TXT_KEY_LEADER_NAPOLEON_TRADEREQUEST_ANGRY">
      <Text>Iste teklifimiz. Ister kabul edin ister etmeyin.</Text>
    </Row>
    <Row Tag="TXT_KEY_LEADER_NAPOLEON_TRADEREQUEST_HAPPY">
      <Text>Sevgili dostum, bu ticareti hosuna gidecegine inaniyorum.</Text>
    </Row>
    <Row Tag="TXT_KEY_LEADER_NAPOLEON_TRADEREQUEST_NEUTRAL">
      <Text>Fransa size bu olaganüstü anlasmayi sunuyor. Kabul etmenizi tavsiye ediyorum.</Text>
    </Row>
    <Row Tag="TXT_KEY_LEADER_NAPOLEON_TRIBUTE_NO_ANGRY">
      <Text>Delirdin mi sen? Ne cüretle benden haraç almaya kalkisirsin!</Text>
    </Row>
    <Row Tag="TXT_KEY_LEADER_NAPOLEON_TRIBUTE_NO_HAPPY">
      <Text>Sartlariniz Fransa'ya hakarettir. Size yalvariyorum: Dostlugumuzu fazla zorlamayin.</Text>
    </Row>
    <Row Tag="TXT_KEY_LEADER_NAPOLEON_TRIBUTE_NO_NEUTRAL">
      <Text>Benden haraç mi istiyorsun? Saçmalama!</Text>
    </Row>
    <Row Tag="TXT_KEY_LEADER_NAPOLEON_TRIBUTE_YES_ANGRY">
      <Text>Sartlarinizi kabul etmek zorundayim - simdilik. Ancak, bu hakaretin bedelini ödeyeceksiniz. Bunu bizzat görecegim.</Text>
    </Row>
    <Row Tag="TXT_KEY_LEADER_NAPOLEON_TRIBUTE_YES_HAPPY">
      <Text>Kesinlikle. Imparator'un cömertligi dillere destandir!</Text>
    </Row>
    <Row Tag="TXT_KEY_LEADER_NAPOLEON_TRIBUTE_YES_NEUTRAL">
      <Text>Pekala. Ama bu hakareti unutmayacagim. Fransa'nin intikami alinacak!</Text>
    </Row>
    <Row Tag="TXT_KEY_LEADER_NAPOLEON_WARBLUFF_1">
      <Text>Tehlikeli bir oyun oynuyorsunuz.</Text>
    </Row>
    <Row Tag="TXT_KEY_LEADER_NAPOLEON_WARBLUFF_2">
      <Text>Pekala. Bir dahaki sefere bu kadar kibar olmayacagim!</Text>
    </Row>
    <Row Tag="TXT_KEY_LEADER_NAPOLEON_WARBLUFF_3">
      <Text>Ne hayal kirikligi.</Text>
    </Row>
    <Row Tag="TXT_KEY_LEADER_NAPOLEON_WARBLUFF_4">
      <Text>Ne büyük hayal kirikligi.</Text>
    </Row>
    <Row Tag="TXT_KEY_LEADER_NAPOLEON_WARBLUFF_5">
      <Text>Gerçekten mi? Bu dar görüslülügünüzden pismanlik duyacak kadar yasamayacaginiza inaniyorum.</Text>
    </Row>
    <Row Tag="TXT_KEY_LEADER_NAPOLEON_WARBLUFF_6">
      <Text>Ne kadar aptalsin.</Text>
    </Row>
    <Row Tag="TXT_KEY_LEADER_NAPOLEON_WINWAR_1">
      <Text>Umarim dersinizi almissinizdir... Ben yenilmezim!</Text>
    </Row>
  </Language_en_US>
</GameData>