﻿<?xml version="1.0" encoding="utf-8"?>
<GameData>
  <Language_en_US>
    <Row Tag="TXT_KEY_LEADER_MONTEZUMA_AGREE_SHORT_1">
      <Text>Cok iyi.</Text>
    </Row>
    <Row Tag="TXT_KEY_LEADER_MONTEZUMA_AGREE_SHORT_2">
      <Text>Tamam.</Text>
    </Row>
    <Row Tag="TXT_KEY_LEADER_MONTEZUMA_AGREE_SHORT_3">
      <Text>Kesinlikle.</Text>
    </Row>
    <Row Tag="TXT_KEY_LEADER_MONTEZUMA_AGREE_SHORT_4">
      <Text>Kabul edildi.</Text>
    </Row>
    <Row Tag="TXT_KEY_LEADER_MONTEZUMA_AGREE_SHORT_5">
      <Text>Oh, çok iyi.</Text>
    </Row>
    <Row Tag="TXT_KEY_LEADER_MONTEZUMA_AGREE_SHORT_6">
      <Text>Sanirim yapmaliyim.</Text>
    </Row>
    <Row Tag="TXT_KEY_LEADER_MONTEZUMA_AGREE_SHORT_7">
      <Text>Mükemmel.</Text>
    </Row>
    <Row Tag="TXT_KEY_LEADER_MONTEZUMA_ATTACKED_1">
      <Text>Simdi seni yok edecegim!</Text>
    </Row>
    <Row Tag="TXT_KEY_LEADER_MONTEZUMA_ATTACKED_2">
      <Text>Mükemmel! Birakin kan sel gibi aksin!</Text>
    </Row>
    <Row Tag="TXT_KEY_LEADER_MONTEZUMA_ATTACKED_3">
      <Text>Aptal! Dünyayi askerlerinin kaninda bogacagim!</Text>
    </Row>
    <Row Tag="TXT_KEY_LEADER_MONTEZUMA_DECLAREWAR_1">
      <Text>Kurban edecek mahkumlarim neredeyse tükendi. Vatandaslariniz iyi is çikaracaktir - savasa hazirlanin!</Text>
    </Row>
    <Row Tag="TXT_KEY_LEADER_MONTEZUMA_DECLAREWAR_2">
      <Text>Beni hasta ediyorsun! Dünyayi senden kurtaracagim - savasa hazirlan!</Text>
    </Row>
    <Row Tag="TXT_KEY_LEADER_MONTEZUMA_DECLAREWAR_3">
      <Text>Öl, öl, öl!</Text>
    </Row>
    <Row Tag="TXT_KEY_LEADER_MONTEZUMA_DEFEATED_1">
      <Text>Askerlerim degersiz ve zayif olduklarini kanitladilar - hepsini öldürdügünüz için mutluyum!</Text>
    </Row>
    <Row Tag="TXT_KEY_LEADER_MONTEZUMA_DEFEATED_2">
      <Text>Canavar! Sen kim oluyorsun da benim büyüklügümü yok ediyorsun?</Text>
    </Row>
    <Row Tag="TXT_KEY_LEADER_MONTEZUMA_DEFEATED_3">
      <Text>Tüm çabalarima ragmen beni yendin. Belki simdi biraz huzur bulabilirim.</Text>
    </Row>
    <Row Tag="TXT_KEY_LEADER_MONTEZUMA_DEMANDTRIBUTE_ANGRY">
      <Text>Esyalarini istiyorum, bundan baslayarak!</Text>
    </Row>
    <Row Tag="TXT_KEY_LEADER_MONTEZUMA_DEMANDTRIBUTE_HAPPY">
      <Text>Buna ihtiyacim var - sende var. Beni hayal kirikligina ugratma, dostum!</Text>
    </Row>
    <Row Tag="TXT_KEY_LEADER_MONTEZUMA_DEMANDTRIBUTE_NEUTRAL">
      <Text>Bana istedigimi ver yoksa seni yok ederim!</Text>
    </Row>
    <Row Tag="TXT_KEY_LEADER_MONTEZUMA_DISAGREE_SHORT_1">
      <Text>Hayir.</Text>
    </Row>
    <Row Tag="TXT_KEY_LEADER_MONTEZUMA_DISAGREE_SHORT_2">
      <Text>Kesinlikle olmaz.</Text>
    </Row>
    <Row Tag="TXT_KEY_LEADER_MONTEZUMA_DISAGREE_SHORT_3">
      <Text>Reddediyoruz.</Text>
    </Row>
    <Row Tag="TXT_KEY_LEADER_MONTEZUMA_DISAGREE_SHORT_4">
      <Text>Tabii ki hayir.</Text>
    </Row>
    <Row Tag="TXT_KEY_LEADER_MONTEZUMA_DISAGREE_SHORT_5">
      <Text>Bu kabul edilemez.</Text>
    </Row>
    <Row Tag="TXT_KEY_LEADER_MONTEZUMA_DISAGREE_SHORT_6">
      <Text>Ciddi olamazsin!</Text>
    </Row>
    <Row Tag="TXT_KEY_LEADER_MONTEZUMA_DISAGREE_SHORT_7">
      <Text>Pardon?</Text>
    </Row>
    <Row Tag="TXT_KEY_LEADER_MONTEZUMA_FIRSTGREETING_1">
      <Text>Hos geldin, Yabanci. Gücüme ve heybetime hayranlikla bak!</Text>
    </Row>
    <Row Tag="TXT_KEY_LEADER_MONTEZUMA_FIRSTGREETING_2">
      <Text>Önümde ne görüyorum? Kurban atesim için atan baska bir kalp mi?</Text>
    </Row>
    <Row Tag="TXT_KEY_LEADER_MONTEZUMA_FIRSTGREETING_3">
      <Text>Ben Montezuma, Azteklerin Imparatoru! Ne tür bir yaratiksin sen?</Text>
    </Row>
    <Row Tag="TXT_KEY_LEADER_MONTEZUMA_FIRSTGREETING_4">
      <Text>Durun! Kim benim yüce huzuruma girmeye cüret eder?</Text>
    </Row>
    <Row Tag="TXT_KEY_LEADER_MONTEZUMA_GOODBYE_1">
      <Text>Elveda.</Text>
    </Row>
    <Row Tag="TXT_KEY_LEADER_MONTEZUMA_GOODBYE_2">
      <Text>Begone.</Text>
    </Row>
    <Row Tag="TXT_KEY_LEADER_MONTEZUMA_GOODBYE_3">
      <Text>Tekrar görüsene kadar.</Text>
    </Row>
    <Row Tag="TXT_KEY_LEADER_MONTEZUMA_GOODBYE_4">
      <Text>Simdi git buradan.</Text>
    </Row>
    <Row Tag="TXT_KEY_LEADER_MONTEZUMA_GOODBYE_5">
      <Text>Hepsi bu kadar.</Text>
    </Row>
    <Row Tag="TXT_KEY_LEADER_MONTEZUMA_GOODBYE_6">
      <Text>Buradaki isimiz bitti.</Text>
    </Row>
    <Row Tag="TXT_KEY_LEADER_MONTEZUMA_GREETING_1">
      <Text>Hos geldiniz.</Text>
    </Row>
    <Row Tag="TXT_KEY_LEADER_MONTEZUMA_GREETING_2">
      <Text>Merhaba.</Text>
    </Row>
    <Row Tag="TXT_KEY_LEADER_MONTEZUMA_GREETING_3">
      <Text>Selamlar.</Text>
    </Row>
    <Row Tag="TXT_KEY_LEADER_MONTEZUMA_GREETING_4">
      <Text>Oh, sensin.</Text>
    </Row>
    <Row Tag="TXT_KEY_LEADER_MONTEZUMA_GREETING_5">
      <Text>Eee?</Text>
    </Row>
    <Row Tag="TXT_KEY_LEADER_MONTEZUMA_GREETING_6">
      <Text>Ne istiyorsun?</Text>
    </Row>
    <Row Tag="TXT_KEY_LEADER_MONTEZUMA_GREETING_7">
      <Text>Kurban biçagimi bileyene kadar bekle.</Text>
    </Row>
    <Row Tag="TXT_KEY_LEADER_MONTEZUMA_LETSHEARIT_1">
      <Text>Devam et.</Text>
    </Row>
    <Row Tag="TXT_KEY_LEADER_MONTEZUMA_LETSHEARIT_2">
      <Text>Devam edin.</Text>
    </Row>
    <Row Tag="TXT_KEY_LEADER_MONTEZUMA_LETSHEARIT_3">
      <Text>Dinliyorum.</Text>
    </Row>
    <Row Tag="TXT_KEY_LEADER_MONTEZUMA_LETSHEARIT_4">
      <Text>Evet mi?</Text>
    </Row>
    <Row Tag="TXT_KEY_LEADER_MONTEZUMA_LETSHEARIT_5">
      <Text>Ne diyordun?</Text>
    </Row>
    <Row Tag="TXT_KEY_LEADER_MONTEZUMA_LETSHEARIT_6">
      <Text>Ve?</Text>
    </Row>
    <Row Tag="TXT_KEY_LEADER_MONTEZUMA_LETSHEARIT_7">
      <Text>Devam et.</Text>
    </Row>
    <Row Tag="TXT_KEY_LEADER_MONTEZUMA_LOSEWAR_1">
      <Text>Lanet olsun! Bu asagilanmayi telafi etmek için on bin vatandasimi feda edecegim!</Text>
    </Row>
    <Row Tag="TXT_KEY_LEADER_MONTEZUMA_TRADE_NEEDMORE_ANGRY_1">
      <Text>Ha, ha, hah! Hayir. Bana daha fazlasini ver, yoksa sonun kesinlesir!</Text>
    </Row>
    <Row Tag="TXT_KEY_LEADER_MONTEZUMA_TRADE_NEEDMORE_ANGRY_2">
      <Text>Bu yeterince iyi degil.</Text>
    </Row>
    <Row Tag="TXT_KEY_LEADER_MONTEZUMA_TRADE_NEEDMORE_ANGRY_3">
      <Text>Bundan daha iyisini yapmalisin.</Text>
    </Row>
    <Row Tag="TXT_KEY_LEADER_MONTEZUMA_TRADE_NEEDMORE_HAPPY_1">
      <Text>Aptal! Dostluguma bu kadar cüret etme! Bana daha fazlasini vermelisin!</Text>
    </Row>
    <Row Tag="TXT_KEY_LEADER_MONTEZUMA_TRADE_NEEDMORE_HAPPY_2">
      <Text>Yapabileceginin en iyisi bu mu?</Text>
    </Row>
    <Row Tag="TXT_KEY_LEADER_MONTEZUMA_TRADE_NEEDMORE_HAPPY_3">
      <Text>Neredeyse vardin.</Text>
    </Row>
    <Row Tag="TXT_KEY_LEADER_MONTEZUMA_TRADE_NEEDMORE_NEUTRAL_1">
      <Text>Hayir! Daha fazlasini istiyorum, beni duyuyor musun? Daha fazlasini!</Text>
    </Row>
    <Row Tag="TXT_KEY_LEADER_MONTEZUMA_TRADE_NEEDMORE_NEUTRAL_2">
      <Text>Biraz daha iyisini yapabilir misin?</Text>
    </Row>
    <Row Tag="TXT_KEY_LEADER_MONTEZUMA_TRADE_NEEDMORE_NEUTRAL_3">
      <Text>Bu yeterince iyi degil.</Text>
    </Row>
    <Row Tag="TXT_KEY_LEADER_MONTEZUMA_TRADE_NEEDMORE_NEUTRAL_4">
      <Text>Neredeyse...</Text>
    </Row>
    <Row Tag="TXT_KEY_LEADER_MONTEZUMA_TRADE_NO_ANGRY">
      <Text>Hayir. Sartlarinizi kabul etmektense bagirsaklarimi kizgin sislerle delmeyi tercih ederim!</Text>
    </Row>
    <Row Tag="TXT_KEY_LEADER_MONTEZUMA_TRADE_NO_HAPPY">
      <Text>Tesekkür ederim, ama hayir. Benim gibi bir yaratigin senin ivir zivirlarina ne ihtiyaci var?</Text>
    </Row>
    <Row Tag="TXT_KEY_LEADER_MONTEZUMA_TRADE_NO_NEUTRAL">
      <Text>Kör aptal! Ben böyle seylerin üstündeyim.</Text>
    </Row>
    <Row Tag="TXT_KEY_LEADER_MONTEZUMA_TRADE_YES_ANGRY">
      <Text>Pekâlâ. Simdi kendimi unutup seni iguanalara yem etmeden önce o seytani lesini buradan götür!</Text>
    </Row>
    <Row Tag="TXT_KEY_LEADER_MONTEZUMA_TRADE_YES_HAPPY">
      <Text>Mükemmel! Anlasmamizi kutlamak için 50 mahkumu feda edecegim!</Text>
    </Row>
    <Row Tag="TXT_KEY_LEADER_MONTEZUMA_TRADE_YES_NEUTRAL">
      <Text>Evet, evet. Bu iyi. Baska ne istiyorsunuz?</Text>
    </Row>
    <Row Tag="TXT_KEY_LEADER_MONTEZUMA_TRADEREQUEST_ANGRY">
      <Text>Bu anlasmanin sartlarini kabul edin yoksa halkiniz aci çekecek!</Text>
    </Row>
    <Row Tag="TXT_KEY_LEADER_MONTEZUMA_TRADEREQUEST_HAPPY">
      <Text>Iste sartlarim. Reddetmek dostça olmayan bir jest olur.</Text>
    </Row>
    <Row Tag="TXT_KEY_LEADER_MONTEZUMA_TRADEREQUEST_NEUTRAL">
      <Text>Bu anlasmayi kabul edin ya da sonuçlarina katlanin.</Text>
    </Row>
    <Row Tag="TXT_KEY_LEADER_MONTEZUMA_TRIBUTE_NO_ANGRY">
      <Text>Hayir! Hayir! Hayir! Hayir! Hayir! Hayir! Biri bana bir balta getirsin!</Text>
    </Row>
    <Row Tag="TXT_KEY_LEADER_MONTEZUMA_TRIBUTE_NO_HAPPY">
      <Text>Defol git. Senin aptalligina ayiracak vaktim yok.</Text>
    </Row>
    <Row Tag="TXT_KEY_LEADER_MONTEZUMA_TRIBUTE_NO_NEUTRAL">
      <Text>Seni asagilik yaratik! Senin zayif taleplerine tükürecegim!</Text>
    </Row>
    <Row Tag="TXT_KEY_LEADER_MONTEZUMA_TRIBUTE_YES_ANGRY">
      <Text>Cok iyi. Ama bu seni kurtarmayacak: Intikamimi alacagim!</Text>
    </Row>
    <Row Tag="TXT_KEY_LEADER_MONTEZUMA_TRIBUTE_YES_HAPPY">
      <Text>En acinasi isteginizi yerine getirmek beni memnun ediyor.</Text>
    </Row>
    <Row Tag="TXT_KEY_LEADER_MONTEZUMA_TRIBUTE_YES_NEUTRAL">
      <Text>Hayir! Hayir! Hayir! Bekle - Fikrimi degistirdim. Evet.</Text>
    </Row>
    <Row Tag="TXT_KEY_LEADER_MONTEZUMA_WARBLUFF_1">
      <Text>Tehlikeli bir oyun oynuyorsunuz.</Text>
    </Row>
    <Row Tag="TXT_KEY_LEADER_MONTEZUMA_WARBLUFF_2">
      <Text>Pekala. Bir dahaki sefere bu kadar kibar olmayacagim!</Text>
    </Row>
    <Row Tag="TXT_KEY_LEADER_MONTEZUMA_WARBLUFF_3">
      <Text>Ne hayal kirikligi.</Text>
    </Row>
    <Row Tag="TXT_KEY_LEADER_MONTEZUMA_WARBLUFF_4">
      <Text>Ne büyük hayal kirikligi.</Text>
    </Row>
    <Row Tag="TXT_KEY_LEADER_MONTEZUMA_WARBLUFF_5">
      <Text>Gerçekten mi? Bu dar görüslülügünüzden pismanlik duyacak kadar yasamayacaginiza inaniyorum.</Text>
    </Row>
    <Row Tag="TXT_KEY_LEADER_MONTEZUMA_WARBLUFF_6">
      <Text>Ne kadar aptalsin.</Text>
    </Row>
    <Row Tag="TXT_KEY_LEADER_MONTEZUMA_WINWAR_1">
      <Text>Kurban edecek daha fazla mahkuma ihtiyacimiz olana kadar baris sürsün!</Text>
    </Row>
  </Language_en_US>
</GameData>