﻿<?xml version="1.0" encoding="utf-8"?>
<GameData>
  <Language_en_US>
    <Row Tag="TXT_KEY_LEADER_GANDHI_AGREE_SHORT_1">
      <Text>Cok iyi.</Text>
    </Row>
    <Row Tag="TXT_KEY_LEADER_GANDHI_AGREE_SHORT_2">
      <Text>Tamam.</Text>
    </Row>
    <Row Tag="TXT_KEY_LEADER_GANDHI_AGREE_SHORT_3">
      <Text>Kesinlikle.</Text>
    </Row>
    <Row Tag="TXT_KEY_LEADER_GANDHI_AGREE_SHORT_4">
      <Text>Kabul edildi.</Text>
    </Row>
    <Row Tag="TXT_KEY_LEADER_GANDHI_AGREE_SHORT_5">
      <Text>Oh, çok iyi.</Text>
    </Row>
    <Row Tag="TXT_KEY_LEADER_GANDHI_AGREE_SHORT_6">
      <Text>Sanirim yapmaliyim.</Text>
    </Row>
    <Row Tag="TXT_KEY_LEADER_GANDHI_AGREE_SHORT_7">
      <Text>Mükemmel.</Text>
    </Row>
    <Row Tag="TXT_KEY_LEADER_GANDHI_ATTACKED_1">
      <Text>Öyle olsun. Hint halki saldiriniza direnmeyecektir. Belki de tüm silahlara sahip olanlar hariç.</Text>
    </Row>
    <Row Tag="TXT_KEY_LEADER_GANDHI_ATTACKED_2">
      <Text>Ne yazik ki ülkemdeki herkes siddetsizlige benim kadar bagli degil, bu yüzden lütfen güçleriniz son adama kadar yok edilirse simdiden özür dilememe izin verin.</Text>
    </Row>
    <Row Tag="TXT_KEY_LEADER_GANDHI_DECLAREWAR_1">
      <Text>Az önce çok sayida askerimizin topraklariniza girdigi bilgisini aldim. Onlari yenmenin en iyi yolu olarak pasif direnis kampanyasini siddetle tavsiye ediyorum.</Text>
    </Row>
    <Row Tag="TXT_KEY_LEADER_GANDHI_DECLAREWAR_2">
      <Text>Hintli askerlerden olusan bir birligi büyük sehirlerinize iyi niyet turuna gönderiyorum. Kollarinizi açarak karsilanacaklarina inaniyorum.</Text>
    </Row>
    <Row Tag="TXT_KEY_LEADER_GANDHI_DECLAREWAR_3">
      <Text>Görünüse göre askerlerimiz uygarliginiza o kadar hayran ki, büyük bir kismi kalici olarak oraya tasinmaya karar verdi.</Text>
    </Row>
    <Row Tag="TXT_KEY_LEADER_GANDHI_DEFEATED_1">
      <Text>Ordularimizi yenmis olabilirsiniz ama Kizilderili ruhunu asla yenemeyeceksiniz.</Text>
    </Row>
    <Row Tag="TXT_KEY_LEADER_GANDHI_DEFEATED_2">
      <Text>Masum ve çaresiz bir halki fethettiniz. Sizi tebrik ediyorum.</Text>
    </Row>
    <Row Tag="TXT_KEY_LEADER_GANDHI_DEFEATED_3">
      <Text>Bizi fethettiniz. Korkunç karmik yükünüzü hafifletmek ve bir sonraki yasaminizda bir bok böcegi olarak geri dönmemek istiyorsaniz, sizi zaferde merhametli olmaya çagiriyorum.</Text>
    </Row>
    <Row Tag="TXT_KEY_LEADER_GANDHI_DEMANDTRIBUTE_ANGRY">
      <Text>Hindistan, dünya barisi ve huzuru adina asagidaki bagis için size yürekten tesekkür eder.</Text>
    </Row>
    <Row Tag="TXT_KEY_LEADER_GANDHI_DEMANDTRIBUTE_HAPPY">
      <Text>Dostum, bunu bize bagislayabilir misin?</Text>
    </Row>
    <Row Tag="TXT_KEY_LEADER_GANDHI_DEMANDTRIBUTE_NEUTRAL">
      <Text>Hindistan fakir, siz zenginsiniz. Belki de bunu bize vererek hatiri sayilir karmik yükünüz hafifletilebilir.</Text>
    </Row>
    <Row Tag="TXT_KEY_LEADER_GANDHI_DISAGREE_SHORT_1">
      <Text>Hayir.</Text>
    </Row>
    <Row Tag="TXT_KEY_LEADER_GANDHI_DISAGREE_SHORT_2">
      <Text>Kesinlikle olmaz.</Text>
    </Row>
    <Row Tag="TXT_KEY_LEADER_GANDHI_DISAGREE_SHORT_3">
      <Text>Reddediyoruz.</Text>
    </Row>
    <Row Tag="TXT_KEY_LEADER_GANDHI_DISAGREE_SHORT_4">
      <Text>Tabii ki hayir.</Text>
    </Row>
    <Row Tag="TXT_KEY_LEADER_GANDHI_DISAGREE_SHORT_5">
      <Text>Bu kabul edilemez.</Text>
    </Row>
    <Row Tag="TXT_KEY_LEADER_GANDHI_DISAGREE_SHORT_6">
      <Text>Ciddi olamazsin!</Text>
    </Row>
    <Row Tag="TXT_KEY_LEADER_GANDHI_DISAGREE_SHORT_7">
      <Text>Pardon?</Text>
    </Row>
    <Row Tag="TXT_KEY_LEADER_GANDHI_FIRSTGREETING_1">
      <Text>Barisçil Hint halki adina sizi selamliyorum.</Text>
    </Row>
    <Row Tag="TXT_KEY_LEADER_GANDHI_FIRSTGREETING_2">
      <Text>Hos geldiniz! Halklarimizin dünyanin cömertligini barisçil bir uyum içinde paylasabilecegine inaniyorum!</Text>
    </Row>
    <Row Tag="TXT_KEY_LEADER_GANDHI_FIRSTGREETING_3">
      <Text>Hint halki adina size dostluk elimi uzatiyorum!</Text>
    </Row>
    <Row Tag="TXT_KEY_LEADER_GANDHI_GOODBYE_1">
      <Text>Iyi günler.</Text>
    </Row>
    <Row Tag="TXT_KEY_LEADER_GANDHI_GOODBYE_2">
      <Text>Elveda.</Text>
    </Row>
    <Row Tag="TXT_KEY_LEADER_GANDHI_GOODBYE_3">
      <Text>Güle güle.</Text>
    </Row>
    <Row Tag="TXT_KEY_LEADER_GANDHI_GOODBYE_4">
      <Text>Tekrar görüsene kadar.</Text>
    </Row>
    <Row Tag="TXT_KEY_LEADER_GANDHI_GOODBYE_5">
      <Text>Simdi git buradan.</Text>
    </Row>
    <Row Tag="TXT_KEY_LEADER_GANDHI_GOODBYE_6">
      <Text>Hepsi bu kadar.</Text>
    </Row>
    <Row Tag="TXT_KEY_LEADER_GANDHI_GOODBYE_7">
      <Text>Buradaki isimiz bitti.</Text>
    </Row>
    <Row Tag="TXT_KEY_LEADER_GANDHI_GREETING_1">
      <Text>Hos geldiniz.</Text>
    </Row>
    <Row Tag="TXT_KEY_LEADER_GANDHI_GREETING_2">
      <Text>Merhaba.</Text>
    </Row>
    <Row Tag="TXT_KEY_LEADER_GANDHI_GREETING_3">
      <Text>Baris sizinle olsun.</Text>
    </Row>
    <Row Tag="TXT_KEY_LEADER_GANDHI_GREETING_4">
      <Text>Iyi günler.</Text>
    </Row>
    <Row Tag="TXT_KEY_LEADER_GANDHI_GREETING_5">
      <Text>Oh, sensin.</Text>
    </Row>
    <Row Tag="TXT_KEY_LEADER_GANDHI_GREETING_6">
      <Text>Eee?</Text>
    </Row>
    <Row Tag="TXT_KEY_LEADER_GANDHI_GREETING_7">
      <Text>Ne istiyorsun?</Text>
    </Row>
    <Row Tag="TXT_KEY_LEADER_GANDHI_LETSHEARIT_1">
      <Text>Devam et.</Text>
    </Row>
    <Row Tag="TXT_KEY_LEADER_GANDHI_LETSHEARIT_2">
      <Text>Devam edin.</Text>
    </Row>
    <Row Tag="TXT_KEY_LEADER_GANDHI_LETSHEARIT_3">
      <Text>Dinliyorum.</Text>
    </Row>
    <Row Tag="TXT_KEY_LEADER_GANDHI_LETSHEARIT_4">
      <Text>Evet mi?</Text>
    </Row>
    <Row Tag="TXT_KEY_LEADER_GANDHI_LETSHEARIT_5">
      <Text>Ne diyordun?</Text>
    </Row>
    <Row Tag="TXT_KEY_LEADER_GANDHI_LETSHEARIT_6">
      <Text>Ve?</Text>
    </Row>
    <Row Tag="TXT_KEY_LEADER_GANDHI_LETSHEARIT_7">
      <Text>Devam et.</Text>
    </Row>
    <Row Tag="TXT_KEY_LEADER_GANDHI_LOSEWAR_1">
      <Text>Bedeli ne olursa olsun bir kez daha baris içinde oldugumuz için mutluyum.</Text>
    </Row>
    <Row Tag="TXT_KEY_LEADER_GANDHI_QUOTE_1">
      <Text>Kesinlikleri kabul etmek yanlistir.</Text>
    </Row>
    <Row Tag="TXT_KEY_LEADER_GANDHI_QUOTE_2">
      <Text>Kendimi bir asker olarak görüyorum, ama bir baris askeri olarak.</Text>
    </Row>
    <Row Tag="TXT_KEY_LEADER_GANDHI_QUOTE_3">
      <Text>Ideal siddet içermeyen devlet, düzenli bir anarsi olacaktir. En iyi yönetilen devlet, en az yönetilen devlettir.</Text>
    </Row>
    <Row Tag="TXT_KEY_LEADER_GANDHI_TRADE_NEEDMORE_ANGRY_1">
      <Text>Ben bir barisseverim, aptal degilim. Bundan daha iyisini yapmalisin.</Text>
    </Row>
    <Row Tag="TXT_KEY_LEADER_GANDHI_TRADE_NEEDMORE_ANGRY_2">
      <Text>Bu yeterince iyi degil.</Text>
    </Row>
    <Row Tag="TXT_KEY_LEADER_GANDHI_TRADE_NEEDMORE_ANGRY_3">
      <Text>Bundan daha iyisini yapmalisin.</Text>
    </Row>
    <Row Tag="TXT_KEY_LEADER_GANDHI_TRADE_NEEDMORE_HAPPY_1">
      <Text>Bana ne kadar aci verse de, bu sartlari nasil kabul edebilecegimi anlamiyorum  biraz daha iyisini yapamaz misiniz?</Text>
    </Row>
    <Row Tag="TXT_KEY_LEADER_GANDHI_TRADE_NEEDMORE_HAPPY_2">
      <Text>Yapabileceginin en iyisi bu mu?</Text>
    </Row>
    <Row Tag="TXT_KEY_LEADER_GANDHI_TRADE_NEEDMORE_HAPPY_3">
      <Text>Neredeyse vardin.</Text>
    </Row>
    <Row Tag="TXT_KEY_LEADER_GANDHI_TRADE_NEEDMORE_NEUTRAL_1">
      <Text>Bu Hint halki için adil degil. Lütfen teklifinizi gelistirin.</Text>
    </Row>
    <Row Tag="TXT_KEY_LEADER_GANDHI_TRADE_NEEDMORE_NEUTRAL_2">
      <Text>Biraz daha iyisini yapabilir misin?</Text>
    </Row>
    <Row Tag="TXT_KEY_LEADER_GANDHI_TRADE_NEEDMORE_NEUTRAL_3">
      <Text>Bu yeterince iyi degil.</Text>
    </Row>
    <Row Tag="TXT_KEY_LEADER_GANDHI_TRADE_NEEDMORE_NEUTRAL_4">
      <Text>Neredeyse...</Text>
    </Row>
    <Row Tag="TXT_KEY_LEADER_GANDHI_TRADE_NO_ANGRY">
      <Text>Bu sartlari kabul etmek gerçekten aptallik olur. Hayir, tesekkür ederim.</Text>
    </Row>
    <Row Tag="TXT_KEY_LEADER_GANDHI_TRADE_NO_HAPPY">
      <Text>Üzülerek belirtmeliyim ki, su anda sartlarinizi kabul edemem.</Text>
    </Row>
    <Row Tag="TXT_KEY_LEADER_GANDHI_TRADE_NO_NEUTRAL">
      <Text>Böyle bir anlasma Hint halkinin yararina olmayacaktir.</Text>
    </Row>
    <Row Tag="TXT_KEY_LEADER_GANDHI_TRADE_YES_ANGRY">
      <Text>Göründügünden daha akillisin. Sartlarini kabul ediyorum.</Text>
    </Row>
    <Row Tag="TXT_KEY_LEADER_GANDHI_TRADE_YES_HAPPY">
      <Text>Anlastik. Inaniyorum ki bu degisimden her ikimiz de esit derecede kazançli çikacagiz.</Text>
    </Row>
    <Row Tag="TXT_KEY_LEADER_GANDHI_TRADE_YES_NEUTRAL">
      <Text>Bu adil görünüyor  çok iyi.</Text>
    </Row>
    <Row Tag="TXT_KEY_LEADER_GANDHI_TRADEREQUEST_ANGRY">
      <Text>Sizin talihsiz uygarliginiz daha iyileriyle ticaret yaparak fayda saglayabilir mi?</Text>
    </Row>
    <Row Tag="TXT_KEY_LEADER_GANDHI_TRADEREQUEST_HAPPY">
      <Text>Dostum, bu anlasmayla ilgileniyor musun?</Text>
    </Row>
    <Row Tag="TXT_KEY_LEADER_GANDHI_TRADEREQUEST_NEUTRAL">
      <Text>Adil ticaret herkesin yararina, sizce de öyle degil mi?</Text>
    </Row>
    <Row Tag="TXT_KEY_LEADER_GANDHI_TRIBUTE_NO_ANGRY">
      <Text>Generallerim bana talep ettiginiz ürünleri teslim edemeyeceklerini söylediler. Ancak, sizi 'gelin ve biraz alin' diye tesvik ediyorlar. Bununla neyi kastettiklerinden tam olarak emin degilim.</Text>
    </Row>
    <Row Tag="TXT_KEY_LEADER_GANDHI_TRIBUTE_NO_HAPPY">
      <Text>Bu pek mantikli görünmüyor. Biz sizin dostunuzuz, köleniz degil.</Text>
    </Row>
    <Row Tag="TXT_KEY_LEADER_GANDHI_TRIBUTE_NO_NEUTRAL">
      <Text>Siddet karsitligina kesinlikle inaniyor olsam da, Hint halki henüz o kadar aydinlanmis degil. Taleplerinize içtenlikle gülüyorlar.</Text>
    </Row>
    <Row Tag="TXT_KEY_LEADER_GANDHI_TRIBUTE_YES_ANGRY">
      <Text>Ciplak açgözlülük bir lider için iyi bir özellik degildir. Ancak, barisi korumak için taleplerinizi kabul edecegiz.</Text>
    </Row>
    <Row Tag="TXT_KEY_LEADER_GANDHI_TRIBUTE_YES_HAPPY">
      <Text>Kesinlikle! Sizi hiçbir seyden geri çeviremem.</Text>
    </Row>
    <Row Tag="TXT_KEY_LEADER_GANDHI_TRIBUTE_YES_NEUTRAL">
      <Text>Barisi korumak için buna deger. Ayni fikirdeyiz.</Text>
    </Row>
    <Row Tag="TXT_KEY_LEADER_GANDHI_WARBLUFF_1">
      <Text>Ne hayal kirikligi.</Text>
    </Row>
    <Row Tag="TXT_KEY_LEADER_GANDHI_WARBLUFF_2">
      <Text>Ne büyük hayal kirikligi.</Text>
    </Row>
    <Row Tag="TXT_KEY_LEADER_GANDHI_WARBLUFF_3">
      <Text>Ne kadar aptalsin.</Text>
    </Row>
    <Row Tag="TXT_KEY_LEADER_GANDHI_WARBLUFF_4">
      <Text>Ne kadar ilginç.</Text>
    </Row>
    <Row Tag="TXT_KEY_LEADER_GANDHI_WINWAR_1">
      <Text>Size siddetin beyhude oldugunu söylemistim! Bu size bir ders olsun: Güçlerimize karsi pasif direnis gösterseydiniz kesinlikle zafer kazanirdiniz!</Text>
    </Row>
    <Row Tag="TXT_KEY_LEADER_GANDHI_WINWAR_2">
      <Text>Siddetsizlik bir kez daha zafer kazandi! Belki de simdi pasif direnisin gerçek gücünü anliyorsunuzdur!</Text>
    </Row>
  </Language_en_US>
</GameData>