﻿<?xml version="1.0" encoding="utf-8"?>
<GameData>
  <Language_en_US>
    <Row Tag="TXT_KEY_LEADER_RAMESSES_AGREE_SHORT_1">
      <Text>Cok iyi.</Text>
    </Row>
    <Row Tag="TXT_KEY_LEADER_RAMESSES_AGREE_SHORT_2">
      <Text>Tamam.</Text>
    </Row>
    <Row Tag="TXT_KEY_LEADER_RAMESSES_AGREE_SHORT_3">
      <Text>Kesinlikle</Text>
    </Row>
    <Row Tag="TXT_KEY_LEADER_RAMESSES_AGREE_SHORT_4">
      <Text>Kabul edildi.</Text>
    </Row>
    <Row Tag="TXT_KEY_LEADER_RAMESSES_AGREE_SHORT_5">
      <Text>Oh, çok iyi.</Text>
    </Row>
    <Row Tag="TXT_KEY_LEADER_RAMESSES_AGREE_SHORT_6">
      <Text>Sanirim yapmaliyim.</Text>
    </Row>
    <Row Tag="TXT_KEY_LEADER_RAMESSES_AGREE_SHORT_7">
      <Text>Mükemmel.</Text>
    </Row>
    <Row Tag="TXT_KEY_LEADER_RAMESSES_ATTACKED_1">
      <Text>Seni zararli ahmak! Bugüne pisman olacaksin!</Text>
    </Row>
    <Row Tag="TXT_KEY_LEADER_RAMESSES_ATTACKED_2">
      <Text>Hain! Ilahi gazabimla yüzlesmeye hazirlan!</Text>
    </Row>
    <Row Tag="TXT_KEY_LEADER_RAMESSES_ATTACKED_3">
      <Text>Zavalli aptal. Kendini ve acinasi medeniyetini mahkum ettin.</Text>
    </Row>
    <Row Tag="TXT_KEY_LEADER_RAMESSES_DECLAREWAR_1">
      <Text>Sen yeryüzünde bir vebasin. Ölmeye hazirlanin.</Text>
    </Row>
    <Row Tag="TXT_KEY_LEADER_RAMESSES_DECLAREWAR_2">
      <Text>Barbar uygarliginiz bana saldirgan geliyor. Savasa hazirlanin.</Text>
    </Row>
    <Row Tag="TXT_KEY_LEADER_RAMESSES_DECLAREWAR_3">
      <Text>Yildizlar konustu. Seni yok etmeliyim.</Text>
    </Row>
    <Row Tag="TXT_KEY_LEADER_RAMESSES_DEFEATED_1">
      <Text>Aptal! Bir tanri yenilmez! Ilahi gücüm seni her an yok edebilir! Bundan eminim!</Text>
    </Row>
    <Row Tag="TXT_KEY_LEADER_RAMESSES_DEFEATED_2">
      <Text>Hiçbir sey kazanamadin. Beni yere ser ve ruhum senin ruhunu uçuruma kadar takip etsin!</Text>
    </Row>
    <Row Tag="TXT_KEY_LEADER_RAMESSES_DEFEATED_3">
      <Text>Ne kadar ilginç. Görünüse göre tanrilar bile yenilebilir. Zaferiniz için sizi kutluyorum.</Text>
    </Row>
    <Row Tag="TXT_KEY_LEADER_RAMESSES_DEMANDTRIBUTE_ANGRY">
      <Text>Bize istedigimizi ver ya da ilahi gazabimla yüzles!</Text>
    </Row>
    <Row Tag="TXT_KEY_LEADER_RAMESSES_DEMANDTRIBUTE_HAPPY">
      <Text>Dostum, Misir cömert hediyeni nezaketle kabul ediyor!</Text>
    </Row>
    <Row Tag="TXT_KEY_LEADER_RAMESSES_DEMANDTRIBUTE_NEUTRAL">
      <Text>Eger hayatta kalmak istiyorsaniz, bize asagidakileri vermeniz iyi olur.</Text>
    </Row>
    <Row Tag="TXT_KEY_LEADER_RAMESSES_DISAGREE_SHORT_1">
      <Text>Hayir.</Text>
    </Row>
    <Row Tag="TXT_KEY_LEADER_RAMESSES_DISAGREE_SHORT_2">
      <Text>Kesinlikle olmaz.</Text>
    </Row>
    <Row Tag="TXT_KEY_LEADER_RAMESSES_DISAGREE_SHORT_3">
      <Text>Reddediyoruz.</Text>
    </Row>
    <Row Tag="TXT_KEY_LEADER_RAMESSES_DISAGREE_SHORT_4">
      <Text>Tabii ki hayir.</Text>
    </Row>
    <Row Tag="TXT_KEY_LEADER_RAMESSES_DISAGREE_SHORT_5">
      <Text>Bu kabul edilemez.</Text>
    </Row>
    <Row Tag="TXT_KEY_LEADER_RAMESSES_DISAGREE_SHORT_6">
      <Text>Ciddi olamazsin!</Text>
    </Row>
    <Row Tag="TXT_KEY_LEADER_RAMESSES_DISAGREE_SHORT_7">
      <Text>Pardon?</Text>
    </Row>
    <Row Tag="TXT_KEY_LEADER_RAMESSES_FIRSTGREETING_1">
      <Text>Selamlar. Ben Ramesses, güçlü Misir'in hükümdariyim. Ayni zamanda bir tanriyim. Bana yaklasarak büyük cesaret gösterdin.</Text>
    </Row>
    <Row Tag="TXT_KEY_LEADER_RAMESSES_FIRSTGREETING_2">
      <Text>Hos geldiniz. Ben Misir'in Ramesses'iyim. Yildizlar gelisinizi önceden haber verdi.</Text>
    </Row>
    <Row Tag="TXT_KEY_LEADER_RAMESSES_FIRSTGREETING_3">
      <Text>Selamlar. Ben Tanri Ramesses'im, Misir'in yasayan bedeniyim, tüm uygarliklarin babasi ve annesiyim.</Text>
    </Row>
    <Row Tag="TXT_KEY_LEADER_RAMESSES_GOODBYE_1">
      <Text>Iyi günler.</Text>
    </Row>
    <Row Tag="TXT_KEY_LEADER_RAMESSES_GOODBYE_2">
      <Text>Elveda.</Text>
    </Row>
    <Row Tag="TXT_KEY_LEADER_RAMESSES_GOODBYE_3">
      <Text>Güle güle.</Text>
    </Row>
    <Row Tag="TXT_KEY_LEADER_RAMESSES_GOODBYE_4">
      <Text>Tekrar görüsene kadar.</Text>
    </Row>
    <Row Tag="TXT_KEY_LEADER_RAMESSES_GOODBYE_5">
      <Text>Simdi git buradan.</Text>
    </Row>
    <Row Tag="TXT_KEY_LEADER_RAMESSES_GOODBYE_6">
      <Text>Hepsi bu kadar.</Text>
    </Row>
    <Row Tag="TXT_KEY_LEADER_RAMESSES_GOODBYE_7">
      <Text>Buradaki isimiz bitti.</Text>
    </Row>
    <Row Tag="TXT_KEY_LEADER_RAMESSES_GREETING_1">
      <Text>Hos geldiniz.</Text>
    </Row>
    <Row Tag="TXT_KEY_LEADER_RAMESSES_GREETING_2">
      <Text>Merhaba.</Text>
    </Row>
    <Row Tag="TXT_KEY_LEADER_RAMESSES_GREETING_3">
      <Text>Selamlar.</Text>
    </Row>
    <Row Tag="TXT_KEY_LEADER_RAMESSES_GREETING_4">
      <Text>Iyi günler.</Text>
    </Row>
    <Row Tag="TXT_KEY_LEADER_RAMESSES_GREETING_5">
      <Text>Oh, sensin.</Text>
    </Row>
    <Row Tag="TXT_KEY_LEADER_RAMESSES_GREETING_6">
      <Text>Eee?</Text>
    </Row>
    <Row Tag="TXT_KEY_LEADER_RAMESSES_GREETING_7">
      <Text>Ne istiyorsun?</Text>
    </Row>
    <Row Tag="TXT_KEY_LEADER_RAMESSES_LETSHEARIT_1">
      <Text>Devam et.</Text>
    </Row>
    <Row Tag="TXT_KEY_LEADER_RAMESSES_LETSHEARIT_2">
      <Text>Devam edin.</Text>
    </Row>
    <Row Tag="TXT_KEY_LEADER_RAMESSES_LETSHEARIT_3">
      <Text>Dinliyorum.</Text>
    </Row>
    <Row Tag="TXT_KEY_LEADER_RAMESSES_LETSHEARIT_4">
      <Text>Evet mi?</Text>
    </Row>
    <Row Tag="TXT_KEY_LEADER_RAMESSES_LETSHEARIT_5">
      <Text>Ne diyordun?</Text>
    </Row>
    <Row Tag="TXT_KEY_LEADER_RAMESSES_LETSHEARIT_6">
      <Text>Ve?</Text>
    </Row>
    <Row Tag="TXT_KEY_LEADER_RAMESSES_LETSHEARIT_7">
      <Text>Devam et.</Text>
    </Row>
    <Row Tag="TXT_KEY_LEADER_RAMESSES_LOSEWAR_1">
      <Text>Seni yok edebilirdim, biliyorsun, ama bugün özellikle cömert hissediyorum.</Text>
    </Row>
    <Row Tag="TXT_KEY_LEADER_RAMESSES_TRADE_NEEDMORE_ANGRY_1">
      <Text>Teklifiniz bu mu? Insanlar bundan daha azi için yildirim tarafindan yok edildi. Daha iyisini yapmalisin.</Text>
    </Row>
    <Row Tag="TXT_KEY_LEADER_RAMESSES_TRADE_NEEDMORE_ANGRY_2">
      <Text>Bu yeterince iyi degil.</Text>
    </Row>
    <Row Tag="TXT_KEY_LEADER_RAMESSES_TRADE_NEEDMORE_ANGRY_3">
      <Text>Bundan daha iyisini yapmalisin.</Text>
    </Row>
    <Row Tag="TXT_KEY_LEADER_RAMESSES_TRADE_NEEDMORE_HAPPY_1">
      <Text>Hadi ama: Sizden daha iyisini beklerdim. Teklifinizin adil olmadigini görüyor olmalisiniz - iyilestiremez misiniz?</Text>
    </Row>
    <Row Tag="TXT_KEY_LEADER_RAMESSES_TRADE_NEEDMORE_HAPPY_2">
      <Text>Yapabileceginin en iyisi bu mu?</Text>
    </Row>
    <Row Tag="TXT_KEY_LEADER_RAMESSES_TRADE_NEEDMORE_HAPPY_3">
      <Text>Neredeyse vardin.</Text>
    </Row>
    <Row Tag="TXT_KEY_LEADER_RAMESSES_TRADE_NEEDMORE_NEUTRAL_1">
      <Text>Bir tanrinin bile masraflari vardir, bilirsiniz: teklifinizi gelistirmelisiniz.</Text>
    </Row>
    <Row Tag="TXT_KEY_LEADER_RAMESSES_TRADE_NEEDMORE_NEUTRAL_2">
      <Text>Biraz daha iyisini yapabilir misin?</Text>
    </Row>
    <Row Tag="TXT_KEY_LEADER_RAMESSES_TRADE_NEEDMORE_NEUTRAL_3">
      <Text>Bu yeterince iyi degil.</Text>
    </Row>
    <Row Tag="TXT_KEY_LEADER_RAMESSES_TRADE_NEEDMORE_NEUTRAL_4">
      <Text>Neredeyse...</Text>
    </Row>
    <Row Tag="TXT_KEY_LEADER_RAMESSES_TRADE_NO_ANGRY">
      <Text>Neden seninle ticaret yapmak isteyeyim ki? Dokundugun her seyi bozuyorsun.</Text>
    </Row>
    <Row Tag="TXT_KEY_LEADER_RAMESSES_TRADE_NO_HAPPY">
      <Text>Teklifin için minnettarim dostum, ama reddetmek zorundayim. Gökler bize ihtiyacimiz olan her seyi saglar.</Text>
    </Row>
    <Row Tag="TXT_KEY_LEADER_RAMESSES_TRADE_NO_NEUTRAL">
      <Text>Ben bir tanriyim. Senden nasil bir sey isteyebilirim ki?</Text>
    </Row>
    <Row Tag="TXT_KEY_LEADER_RAMESSES_TRADE_YES_ANGRY">
      <Text>Cok iyi. Umut vaat ediyorsun.</Text>
    </Row>
    <Row Tag="TXT_KEY_LEADER_RAMESSES_TRADE_YES_HAPPY">
      <Text>Teklifiniz beni memnun etti. Aferin."</Text>
    </Row>
    <Row Tag="TXT_KEY_LEADER_RAMESSES_TRADE_YES_NEUTRAL">
      <Text>Teklifiniz kabul edilebilir. Onayimi aldiniz.</Text>
    </Row>
    <Row Tag="TXT_KEY_LEADER_RAMESSES_TRADEREQUEST_ANGRY">
      <Text>Misir size bu anlasmayi öneriyor. Tehlikede oldugunuz için reddedin.</Text>
    </Row>
    <Row Tag="TXT_KEY_LEADER_RAMESSES_TRADEREQUEST_HAPPY">
      <Text>Her seyi bilen Ramesses bu düzenlemeyi begeneceginizi biliyor.</Text>
    </Row>
    <Row Tag="TXT_KEY_LEADER_RAMESSES_TRADEREQUEST_NEUTRAL">
      <Text>Generous Egypt size asagidaki firsati sunuyor.</Text>
    </Row>
    <Row Tag="TXT_KEY_LEADER_RAMESSES_TRIBUTE_NO_ANGRY">
      <Text>Seni ve aileni dokuzuncu kusaga kadar lanetlemeden önce git buradan!</Text>
    </Row>
    <Row Tag="TXT_KEY_LEADER_RAMESSES_TRIBUTE_NO_HAPPY">
      <Text>Yildizlara göre, bugün böyle bir eylem için ugursuz bir gün olacakti. Belki yarin...</Text>
    </Row>
    <Row Tag="TXT_KEY_LEADER_RAMESSES_TRIBUTE_NO_NEUTRAL">
      <Text>Kuduz bir köpegin yavrusu! Yüce Misir'a bu sekilde hakaret etmeye nasil cüret edersin!</Text>
    </Row>
    <Row Tag="TXT_KEY_LEADER_RAMESSES_TRIBUTE_YES_ANGRY">
      <Text>Oh, çok iyi. Bir tanri en asagilik yaratiklara bile cömert davranabilir.</Text>
    </Row>
    <Row Tag="TXT_KEY_LEADER_RAMESSES_TRIBUTE_YES_HAPPY">
      <Text>Dualarin karsiliksiz kalmayacak, benim en sadik dostum!</Text>
    </Row>
    <Row Tag="TXT_KEY_LEADER_RAMESSES_TRIBUTE_YES_NEUTRAL">
      <Text>Neden tabii ki. Sadik tebaamizi ödüllendirmekten mutluluk duyariz.</Text>
    </Row>
    <Row Tag="TXT_KEY_LEADER_RAMESSES_WARBLUFF_1">
      <Text>Tehlikeli bir oyun oynuyorsunuz.</Text>
    </Row>
    <Row Tag="TXT_KEY_LEADER_RAMESSES_WARBLUFF_2">
      <Text>Pekala. Bir dahaki sefere bu kadar kibar olmayacagim!</Text>
    </Row>
    <Row Tag="TXT_KEY_LEADER_RAMESSES_WARBLUFF_3">
      <Text>Ne hayal kirikligi.</Text>
    </Row>
    <Row Tag="TXT_KEY_LEADER_RAMESSES_WARBLUFF_4">
      <Text>Ne büyük hayal kirikligi.</Text>
    </Row>
    <Row Tag="TXT_KEY_LEADER_RAMESSES_WARBLUFF_5">
      <Text>Gerçekten mi? Bu dar görüslülügünüzden pismanlik duyacak kadar yasamayacaginiza inaniyorum.</Text>
    </Row>
    <Row Tag="TXT_KEY_LEADER_RAMESSES_WARBLUFF_6">
      <Text>Ne kadar aptalsin.</Text>
    </Row>
    <Row Tag="TXT_KEY_LEADER_RAMESSES_WINWAR_1">
      <Text>Bana bir daha karsi gelme! Acinasi merhamet dilekleriniz bir dahaki sefere sizi kurtaramayacak.</Text>
    </Row>
  </Language_en_US>
</GameData>