﻿<?xml version="1.0" encoding="utf-8"?>
<!-- edited with XMLSPY v2004 rel. 2 U (http://www.xmlspy.com) by Ed Beach (Firaxis Games) -->
<GameData>
  <EnglishText>
    <!-- Buildings-->
    <Row Tag="LOC_BUILDING_SCENARIO_PALACE_NAME">
      <Text>Hükümet Konağı</Text>
    </Row>
    <Row Tag="LOC_BUILDING_SCENARIO_SHIPYARD_DESCRIPTION">
      <Text>Bonus [ICON_Production] Liman bölgesinin bitişiklik bonusuna eşit üretim.</Text>
    </Row>
    <!-- City-Names-->
    <Row Tag="LOC_CITY_NAME_SCENARIO_WARWICK">
      <Text>Warwick</Text>
    </Row>
    <Row Tag="LOC_CITY_NAME_SCENARIO_GYMPIE">
      <Text>Gympie</Text>
    </Row>
    <Row Tag="LOC_CITY_NAME_SCENARIO_TOODYAY">
      <Text>Toodyay</Text>
    </Row>
    <Row Tag="LOC_CITY_NAME_SCENARIO_ALBANY">
      <Text>Albany</Text>
    </Row>
    <Row Tag="LOC_CITY_NAME_SCENARIO_GERALDTON">
      <Text>Geraldton</Text>
    </Row>
    <Row Tag="LOC_CITY_NAME_SCENARIO_BUNBURY">
      <Text>Bunbury</Text>
    </Row>
    <Row Tag="LOC_CITY_NAME_SCENARIO_GUILDFORD">
      <Text>Guildford</Text>
    </Row>
    <Row Tag="LOC_CITY_NAME_SCENARIO_CASTLEMAINE">
      <Text>Castlemaine</Text>
    </Row>
    <Row Tag="LOC_CITY_NAME_SCENARIO_BEECHWORTH">
      <Text>Beechworth</Text>
    </Row>
    <Row Tag="LOC_CITY_NAME_SCENARIO_PORT_FAIRY">
      <Text>Port Fairy</Text>
    </Row>
    <Row Tag="LOC_CITY_NAME_SCENARIO_MOUNT_GAMBIER">
      <Text>Mount Gambier</Text>
    </Row>
    <Row Tag="LOC_CITY_NAME_SCENARIO_MOONTA">
      <Text>Moonta</Text>
    </Row>
    <Row Tag="LOC_CITY_NAME_SCENARIO_WALLAROO">
      <Text>Wallaroo</Text>
    </Row>
    <Row Tag="LOC_CITY_NAME_SCENARIO_PORT_AUGUSTA">
      <Text>Augusta Limanı</Text>
    </Row>
    <Row Tag="LOC_CITY_NAME_SCENARIO_NARACOORTE">
      <Text>Naracoorte</Text>
    </Row>
    <Row Tag="LOC_CITY_NAME_SCENARIO_GAWLER">
      <Text>Gawler</Text>
    </Row>
    <!-- City State-->
    <Row Tag="LOC_CIVILIZATION_SCENARIO_SYDNEY_NAME">
      <Text>Yeni Güney Galler</Text>
    </Row>
    <Row Tag="LOC_CIVILIZATION_SCENARIO_SYDNEY_DESCRIPTION">
      <Text>Yeni Güney Galler Eyaleti</Text>
    </Row>
    <!-- Civics-->
    <Row Tag="LOC_CIVIC_SCENARIO_PENAL_COLONY_NAME">
      <Text>Ceza Kolonisi</Text>
    </Row>
    <Row Tag="LOC_CIVIC_SCENARIO_GOLD_RUSH_NAME">
      <Text>Altına Hücum</Text>
    </Row>
    <Row Tag="LOC_CIVIC_SCENARIO_CROWN_COLONY_NAME">
      <Text>Taç Kolonisi</Text>
    </Row>
    <Row Tag="LOC_CIVIC_SCENARIO_SHEEP_REARING_NAME">
      <Text>Koyun Yetiştiriciliği</Text>
    </Row>
    <Row Tag="LOC_CIVIC_SCENARIO_PASTORAL_LEASES_NAME">
      <Text>Pastoral Kiralamalar</Text>
    </Row>
    <Row Tag="LOC_CIVIC_SCENARIO_FEDERATION_NAME">
      <Text>Federasyon</Text>
    </Row>
    <Row Tag="LOC_CIVIC_SCENARIO_GREAT_WAR_NAME">
      <Text>Büyük Savaş</Text>
    </Row>
    <Row Tag="LOC_CIVIC_SCENARIO_AERIAL_SERVICES_NAME">
      <Text>Hava Hizmetleri</Text>
    </Row>
    <Row Tag="LOC_CIVIC_SCENARIO_WORLD_WAR_II_NAME">
      <Text>İkinci Dünya Savaşı</Text>
    </Row>
    <Row Tag="LOC_CIVIC_SCENARIO_CRUISE_LINES_NAME">
      <Text>Yolcu Gömlekleri</Text>
    </Row>
    <Row Tag="LOC_CIVIC_SCENARIO_PENAL_COLONY_DESCRIPTION">
      <Text>Tamamlandığında başkentinizde ücretsiz bir Yerleşimci alın.</Text>
    </Row>
    <Row Tag="LOC_CIVIC_SCENARIO_GOLD_RUSH_DESCRIPTION">
      <Text>Tamamlandığında başkentinizde 2 ücretsiz Yerleşimci kazanın.</Text>
    </Row>
    <Row Tag="LOC_CIVIC_SCENARIO_CROWN_COLONY_DESCRIPTION">
      <Text>Tamamlandığında başkentinizde ücretsiz bir Yerleşimci alın.</Text>
    </Row>
    <Row Tag="LOC_CIVIC_SCENARIO_PASTORAL_LEASES_DESCRIPTION">
      <Text>Tamamlandığında başkentinizde ücretsiz bir Yerleşimci alın.</Text>
    </Row>
    <Row Tag="LOC_CIVIC_SCENARIO_FEDERATION_DESCRIPTION">
      <Text>Tamamlandığında başkentinizde ücretsiz bir Yerleşimci alın.</Text>
    </Row>
    <Row Tag="LOC_CIVIC_SCENARIO_CONSERVATION_DESCRIPTION">
      <Text>Milli Parkların inşasına izin verir. Birimlerin Orman (ikinci büyüme) dikmesine izin verir. Bölgenizdeki hiç kaldırılmamış ormanlar (eski büyüme) +1 İtiraz kazanır.</Text>
    </Row>
    <Row Tag="LOC_CIVIC_SCENARIO_GREAT_WAR_DESCRIPTION">
      <Text>Tamamlandığında başkentinizde ücretsiz bir Yerleşimci alın.</Text>
    </Row>
    <Row Tag="LOC_CIVIC_SCENARIO_WORLD_WAR_II_DESCRIPTION">
      <Text>AIF Projesini tamamlama ödülü tur başına +10'dan +20'ye [ICON_Gold] Altın'a yükseltildi.</Text>
    </Row>
    <Row Tag="LOC_CIVIC_SCENARIO_AERIAL_SERVICES_DESCRIPTION">
      <Text>Outback İstasyonları, bitişik her iki Outback İstasyonu için +1 [ICON_Food] Yiyecek alır.</Text>
    </Row>
    <Row Tag="LOC_CIVIC_SCENARIO_FUTURE_CIVIC_DESCRIPTION">
      <Text>Birden fazla kez tamamlanabilir, ancak bu senaryoda Puan Zaferi için puanlarınızı ARTTIRMAZ.</Text>
    </Row>
    <!-- Civilizations-->
    <Row Tag="LOC_TRAIT_CIVILIZATION_ALL_DISTRICTS_CULTURE_BOMB_NAME">
      <Text>Outback İlhakı</Text>
    </Row>
    <Row Tag="LOC_TRAIT_CIVILIZATION_ALL_DISTRICTS_CULTURE_BOMB_DESCRIPTION">
      <Text>Herhangi bir bölgeyi tamamlamak Kültür Bombasına neden olur.</Text>
    </Row>
    <!-- Continent Names -->
    <Row Tag="LOC_CONTINENT_SCENARIO_NEW_HOLLAND_DESCRIPTION">
      <Text>New Holland</Text>
    </Row>
    <Row Tag="LOC_CONTINENT_SCENARIO_NEW_SOUTH_WALES_DESCRIPTION">
      <Text>Yeni Güney Galler</Text>
    </Row>
    <!-- Government Names -->
    <Row Tag="LOC_GOVERNMENT_PENAL_SETTLEMENT_NAME">
      <Text>Cezai Uzlaşma</Text>
    </Row>
    <Row Tag="LOC_GOVERNMENT_COLONIAL_GOVERNMENT_NAME">
      <Text>Koloni Hükümeti</Text>
    </Row>
    <Row Tag="LOC_GOVERNMENT_STATE_GOVERNMENT_NAME">
      <Text>Eyalet Hükümeti</Text>
    </Row>
    <!-- Districts-->
    <Row Tag="LOC_DISTRICT_SCENARIO_AERODROME_DESCRIPTION">
      <Text>Tepeler üzerine inşa edilemez.</Text>
    </Row>
    <!-- Improvements-->
    <Row Tag="LOC_IMPROVEMENT_SCENARIO_MINE_DESCRIPTION">
      <Text>Madenleri inşa etmek için Maden Arayıcı yeteneğinin kilidini açar.[NEWLINE][NEWLINE]+1 [ICON_Production] Üretim. +2 [ICON_Gold] Altın. -1 Çekicilik. Yalnızca Tepeler veya belirli kaynaklar üzerine inşa edilebilir.[NEWLINE][NEWLINE]Lüks veya Stratejik kaynaklar üzerine inşa edilirse, şehir o kaynaktan yararlanır.</Text>
    </Row>
    <Row Tag="LOC_IMPROVEMENT_SCENARIO_PASTURE_DESCRIPTION">
      <Text>Otlak inşa etmek için Otlakçı yeteneğinin kilidini açar.[NEWLINE][NEWLINE]+1 [ICON_Production] Üretim. +1 [ICON_Gold] Altın. Yalnızca [ICON_RESOURCE_CATTLE] Sığır, [ICON_RESOURCE_SHEEP] Koyun veya [ICON_RESOURCE_HORSES] At kaynakları üzerine inşa edilebilir.[NEWLINE][NEWLINE]Bir [ICON_RESOURCE_HORSES] At kaynağı üzerine inşa edilirse, şehir bu kaynaktan yararlanır.</Text>
    </Row>
    <Row Tag="LOC_IMPROVEMENT_SCENARIO_OUTBACK_STATION_DESCRIPTION">
      <Text>Bir Taşra İstasyonu inşa etmek için Otlakçı yeteneğinin kilidini açar. [NEWLINE][NEWLINE]+1 [ICON_FOOD] Gıda, +1 [ICON_Gold] Altın ve +1 [ICON_PRODUCTION] Üretim. Bitişik her Mera için +1 [ICON_Food] Yiyecek. Bitişik Taşra İstasyonları ve Meralar için Teknoloji ve Yurttaşlık Ağacında ilerledikçe ilave [ICON_FOOD] Gıda ve [ICON_PRODUCTION] Üretim. Yalnızca Çöl, Çöl Tepeleri, Otlak ve Ova karolarında inşa edilebilir.</Text>
    </Row>
    <Row Tag="LOC_IMPROVEMENT_SCENARIO_BEACH_RESORT_DESCRIPTION">
      <Text>Deniz Kenarı Tatil Köyleri inşa etmek için Doğabilimci yeteneğinin kilidini açar. [NEWLINE][NEWLINE]Karenin Çekiciliğine eşit [ICON_Gold] Altın sağlar. Yalnızca Kıyı Çölü, Kıyı Ovaları veya Kıyı Otlakları karoları üzerine inşa edilebilir. Minimum Nefes Kesici Cazibe.</Text>
    </Row>
    <Row Tag="LOC_IMPROVEMENT_SCENARIO_PLANTATION_DESCRIPTION">
      <Text>Çiftçinin Plantasyon inşa etme yeteneğinin kilidini açar.[NEWLINE][NEWLINE]+1 [ICON_Gold] Altın. Yalnızca [ICON_RESOURCE_BANANAS] Muz, [ICON_RESOURCE_CITRUS] Narenciye, [ICON_RESOURCE_COTTON] Pamuk, [ICON_RESOURCE_SUGAR] Şeker, [ICON_RESOURCE_TEA] Çay veya [ICON_RESOURCE_WINE] Şarap kaynakları üzerine inşa edilebilir.[NEWLINE][NEWLINE]Lüks bir kaynak üzerine inşa edilirse, şehir o kaynaktan yararlanır.</Text>
    </Row>
    <!-- Natural Wonders -->
    <Row Tag="LOC_FEATURE_KAKADU_NAME">
      <Text>Kakadu</Text>
    </Row>
    <Row Tag="LOC_FEATURE_PINNACLES_NAME">
      <Text>Pinnacles</Text>
    </Row>
    <Row Tag="LOC_FEATURE_SCENARIO_ULURU_DESCRIPTION">
      <Text>Bir karo geçilmez doğa harikası. Bitişik karelere +2 [ICON_CULTURE] Kültür ve +2 [ICON_Gold] Altın sağlar. Bitişik karelere normal +2 yerine +4 Cazibe sağlar.</Text>
    </Row>
    <!--Resources-->
    <Row Tag="LOC_RESOURCE_SCENARIO_GOLD_NAME">
      <Text>Altın Cevheri</Text>
    </Row>
    <!--Policies-->
    <Row Tag="LOC_POLICY_LAND_GRANTS_NAME">
      <Text>Arazi Bağışları</Text>
    </Row>
    <Row Tag="LOC_POLICY_FIRST_FLEET_NAME">
      <Text>Birinci Filo</Text>
    </Row>
    <Row Tag="LOC_POLICY_REWARDS_OFFERED_NAME">
      <Text>Sunulan Ödüller</Text>
    </Row>
    <Row Tag="LOC_POLICY_TERRA_NULLIUS_NAME">
      <Text>Terra Nullius</Text>
    </Row>
    <Row Tag="LOC_POLICY_COLONIAL_ARCHITECTS_NAME">
      <Text>Kolonyal Mimarlar</Text>
    </Row>
    <Row Tag="LOC_POLICY_PARRAMATTA_ROAD_NAME">
      <Text>Parramatta Yolu</Text>
    </Row>
    <Row Tag="LOC_POLICY_TICKET_OF_LEAVE_NAME">
      <Text>İzin Bileti</Text>
    </Row>
    <Row Tag="LOC_POLICY_MOUNTED_STOCKMEN_NAME">
      <Text>Atlı Hayvancılar</Text>
    </Row>
    <Row Tag="LOC_POLICY_TRANS_AUSTRALIAN_RAILWAY_NAME">
      <Text>Trans-Avustralya Demiryolu</Text>
    </Row>
    <Row Tag="LOC_POLICY_FEED_THE_TROOPS_NAME">
      <Text>Hard Tack</Text>
    </Row>
    <Row Tag="LOC_POLICY_GALLIPOLLI_NAME">
      <Text>Gelibolu</Text>
    </Row>
    <Row Tag="LOC_POLICY_SCHOOL_OF_THE_AIR_NAME">
      <Text>Hava Okulu</Text>
    </Row>
    <Row Tag="LOC_POLICY_FLYING_DOCTORS_NAME">
      <Text>Uçan Doktorlar</Text>
    </Row>
    <Row Tag="LOC_POLICY_MILITARY_MATERIEL_NAME">
      <Text>Savaş Malzemeleri</Text>
    </Row>
    <Row Tag="LOC_POLICY_INVASION_THREAT_NAME">
      <Text>İstila Tehdidi</Text>
    </Row>
    <Row Tag="LOC_POLICY_SEAFOOD_PRESERVATION_NAME">
      <Text>Karides Satıcılığı</Text>
    </Row>
    <Row Tag="LOC_POLICY_PARK_RANGERS_NAME">
      <Text>Park Korucuları</Text>
    </Row>
    <Row Tag="LOC_POLICY_LAND_GRANTS_DESCRIPTION">
      <Text>Çiftçilere yönelik +%30 [ICON_Production] Üretim.</Text>
    </Row>
    <Row Tag="LOC_POLICY_FIRST_FLEET_DESCRIPTION">
      <Text>Balıkçılara yönelik +%30 [ICON_Production] Üretim.</Text>
    </Row>
    <Row Tag="LOC_POLICY_REWARDS_OFFERED_DESCRIPTION">
      <Text>Araştırmacılara yönelik +%30 [ICON_Production] Üretim.</Text>
    </Row>
    <Row Tag="LOC_POLICY_TERRA_NULLIUS_DESCRIPTION">
      <Text>Yeni eğitilen Çiftçiler fazladan 2 inşa eylemi kazanır.</Text>
    </Row>
    <Row Tag="LOC_POLICY_COLONIAL_ARCHITECTS_DESCRIPTION">
      <Text>+1 [ICON_Production] Tüm şehirlerde üretim.</Text>
    </Row>
    <Row Tag="LOC_POLICY_PARRAMATTA_ROAD_DESCRIPTION">
      <Text>+1 [ICON_Food] Gıda ve +1 [ICON_Production] Yerli üretim [ICON_TradeRoute] Ticaret Yolları.</Text>
    </Row>
    <Row Tag="LOC_POLICY_TICKET_OF_LEAVE_DESCRIPTION">
      <Text>Graziers'a yönelik +%30 [ICON_Production] Üretim.</Text>
    </Row>
    <Row Tag="LOC_POLICY_MOUNTED_STOCKMEN_DESCRIPTION">
      <Text>Yeni eğitilen Grazier'lar fazladan 2 inşa eylemi kazanır.</Text>
    </Row>
    <Row Tag="LOC_POLICY_TRANS_AUSTRALIAN_RAILWAY_DESCRIPTION">
      <Text>Uluslararası [ICON_TradeRoute] Ticaret Yollarından +6 [ICON_Gold] Altın.</Text>
    </Row>
    <Row Tag="LOC_POLICY_FEED_THE_TROOPS_DESCRIPTION">
      <Text>+1 [ICON_Gold] Çiftlik ve Plantasyon iyileştirmelerinden gelen altın.</Text>
    </Row>
    <Row Tag="LOC_POLICY_GALLIPOLLI_DESCRIPTION">
      <Text>AIF projelerine yönelik +%50 [ICON_Production] Üretim.</Text>
    </Row>
    <Row Tag="LOC_POLICY_SCHOOL_OF_THE_AIR_DESCRIPTION">
      <Text>+2 [ICON_Gold] Lüks kaynaklar üzerindeki tüm Taş Ocakları ve Maden iyileştirmelerinden elde edilen Altın.</Text>
    </Row>
    <Row Tag="LOC_POLICY_FLYING_DOCTORS_DESCRIPTION">
      <Text>+1 [ICON_Gold] Mera ve Outback İstasyonu iyileştirmelerinden gelen altın.</Text>
    </Row>
    <Row Tag="LOC_POLICY_MILITARY_MATERIEL_DESCRIPTION">
      <Text>+4 [ICON_Gold] Stratejik kaynaklardaki maden iyileştirmelerinden elde edilen altın.</Text>
    </Row>
    <Row Tag="LOC_POLICY_INVASION_THREAT_DESCRIPTION">
      <Text>AIF projelerine yönelik +%100 [ICON_Production] Üretim.</Text>
    </Row>
    <Row Tag="LOC_POLICY_SEAFOOD_PRESERVATION_DESCRIPTION">
      <Text>Balıkçı Teknesi iyileştirmelerinden +2 [ICON_Gold] Altın.</Text>
    </Row>
    <Row Tag="LOC_POLICY_PARK_RANGERS_DESCRIPTION">
      <Text>Uygarlığınızdaki tüm karolar +2 İtiraz kazanır. -1 [ICON_GOLD] Maden iyileştirmelerinden gelen altın.</Text>
    </Row>
    <!-- Technologies-->
    <Row Tag="LOC_TECH_IRRIGATION_SCENARIO_DESCRIPTION">
      <Text>Çiftlik iyileştirmeleri artık 3 Çiftlik iyileştirmesi birbirine bitişik olduğunda her bitişik Çiftlik iyileştirmesi için +1 [ICON_Food] Gıda kazanıyor.</Text>
    </Row>
    <Row Tag="LOC_TECH_CARTOGRAPHY_SCENARIO_DESCRIPTION">
      <Text>Orman ve Yağmur Ormanlarının kesilmesine izin verir. Birimleriniz Taşra'da daha iyi hayatta kalma şansı elde eder ve Taşra'da faydalı etkinlikler alırlarsa daha fazla bölge haritalandırırlar.</Text>
    </Row>
    <Row Tag="LOC_TECH_CARTOGRAPHY_SCENARIO_ABILITY_DESCRIPTION">
      <Text>Birimleriniz Taşra'da hayatta kalma şansını artırır ve Taşra'da faydalı etkinlikler alırlarsa daha fazla bölge haritalandırırlar.</Text>
    </Row>
    <Row Tag="LOC_TECH_MINING_SCENARIO_DESCRIPTION">
      <Text>[ICON_RESOURCE_STONE] Taşının hasat edilmesine izin verir.</Text>
    </Row>
    <Row Tag="LOC_TECH_SCIENTIFIC_THEORY_SCENARIO_DESCRIPTION">
      <Text>Çiftlik iyileştirmelerini Mekanize Tarıma yükseltir. Bitişik oldukları her Çiftlik iyileştirmesi için +1 [ICON_Food] Gıda Bitişiklik bonusu.</Text>
    </Row>
    <Row Tag="LOC_TECH_FLIGHT_SCENARIO_DESCRIPTION">
      <Text>Outback İstasyonları, bitişik her iki Outback İstasyonu için +1 [ICON_Production] Üretim alır. Meralar, bitişik her Outback İstasyonu için +1 [ICON_PRODUCTION] Üretim alır.</Text>
    </Row>
    <!-- Units-->
    <Row Tag="LOC_UNIT_EXPLORER_NAME">
      <Text>Kaşif</Text>
    </Row>
    <Row Tag="LOC_UNIT_PROSPECTOR_NAME">
      <Text>Prospector</Text>
    </Row>
    <Row Tag="LOC_UNIT_GRAZIER_NAME">
      <Text>Grazier</Text>
    </Row>
    <Row Tag="LOC_UNIT_FARMER_NAME">
      <Text>Çiftçi</Text>
    </Row>
    <Row Tag="LOC_UNIT_FISHER_NAME">
      <Text>Fisher</Text>
    </Row>
    <Row Tag="LOC_UNIT_EXPLORER_DESCRIPTION">
      <Text>Hızlı hareket eden keşif birimi.  Bu senaryoda saldıramayan sivil birim.</Text>
    </Row>
    <Row Tag="LOC_UNIT_PROSPECTOR_DESCRIPTION">
      <Text>Maden, Taş Ocağı, Petrol Kuyusu ve Uçak Pisti karo iyileştirmeleri oluşturabilir. Maden Arayıcıları 3 kez kullanılabilir.</Text>
    </Row>
    <Row Tag="LOC_UNIT_GRAZIER_DESCRIPTION">
      <Text>Mera ve Outback İstasyonu karo iyileştirmeleri oluşturabilir. Otlatıcılar 3 kez kullanılabilir. Bu sayı Atlı Hayvancılar politikası ile artırılabilir.</Text>
    </Row>
    <Row Tag="LOC_UNIT_FARMER_DESCRIPTION">
      <Text>Çiftlik, Plantasyon ve Kereste Fabrikası karo iyileştirmeleri oluşturabilir. Çiftçiler 3 kez kullanılabilir. Bu sayı Terra Nullius politikası aracılığıyla artırılabilir.</Text>
    </Row>
    <Row Tag="LOC_UNIT_FISHER_DESCRIPTION">
      <Text>Balıkçı Teknesi karo iyileştirmeleri oluşturabilir. Balıkçılar 3 kez kullanılabilir.</Text>
    </Row>
    <Row Tag="LOC_UNIT_SCENARIO_SETTLER_DESCRIPTION">
      <Text>Yeni şehirler oluşturabilir. Yerleşimciler bu senaryoda sadece Sivilleri tamamlayarak elde edilir.  Asla inşa edilemezler.</Text>
    </Row>
    <Row Tag="LOC_UNIT_SCENARIO_NATURALIST_DESCRIPTION">
      <Text>Her [ICON_Turn] Turda [ICON_Gold] Altın artırmak için tek bir Sahil Tesisi veya tek bir Milli Park yaratabilen bir oyun sonu sivili. Sahil Tesisi veya Milli Park oluşturulduktan sonra oyundan kaldırılır.</Text>
    </Row>
    <!-- Civic Boosts-->
    <Row Tag="LOC_BOOST_TRIGGER_SCENARIO_GOLD_RUSH">
      <Text>1 [ICON_RESOURCE_GOLD] Altın Cevheri kaynağını ortaya çıkarın.</Text>
    </Row>
    <Row Tag="LOC_BOOST_TRIGGER_SCENARIO_CROWN_COLONY">
      <Text>15 Tur başına [ICON_Turn] [ICON_GOLD] Altına sahip olun.</Text>
    </Row>
    <Row Tag="LOC_BOOST_TRIGGER_SCENARIO_SHEEP_REARING">
      <Text>3 [ICON_RESOURCE_SHEEP] Koyun kaynaklarını ortaya çıkarın.</Text>
    </Row>
    <Row Tag="LOC_BOOST_TRIGGER_SCENARIO_DRAMA_POETRY">
      <Text>Uygarlığınızı en az 12 [ICON_Citizen] nüfusa ulaştırın.</Text>
    </Row>
    <Row Tag="LOC_BOOST_TRIGGER_SCENARIO_PASTORAL_LEASES">
      <Text>3 Mera inşa edin.</Text>
    </Row>
    <Row Tag="LOC_BOOST_TRIGGER_SCENARIO_FEDERATION">
      <Text>30 Tur başına [ICON_GOLD] Altın [ICON_Turn] değerine sahip olun.</Text>
    </Row>
    <Row Tag="LOC_BOOST_TRIGGER_SCENARIO_URBANIZATION">
      <Text>Bir şehri 10 [ICON_Citizen] nüfusa kadar büyütün.</Text>
    </Row>
    <Row Tag="LOC_BOOST_TRIGGER_SCENARIO_CONSERVATION">
      <Text>Bir doğa harikası bulun.</Text>
    </Row>
    <Row Tag="LOC_BOOST_TRIGGER_SCENARIO_GREAT_WAR">
      <Text>[ICON_Turn] 45. Dönüşe ilerleyin.</Text>
    </Row>
    <Row Tag="LOC_BOOST_TRIGGER_SCENARIO_AERIAL_SERVICES">
      <Text>Bir uçak pisti inşa edin.</Text>
    </Row>
    <Row Tag="LOC_BOOST_TRIGGER_SCENARIO_WORLD_WAR_II">
      <Text>[ICON_Turn] 53. Dönüşe ilerleyin.</Text>
    </Row>
    <Row Tag="LOC_BOOST_TRIGGER_SCENARIO_CRUISE_LINES">
      <Text>Bir Ulusal Park oluşturun.</Text>
    </Row>
    <Row Tag="LOC_BOOST_TRIGGER_LONGDESC_SCENARIO_GOLD_RUSH">
      <Text>Altın ateşi üzerimizde! Her kıtadan servet avcıları zengin olmak için Avustralya'ya akın ediyor.</Text>
    </Row>
    <Row Tag="LOC_BOOST_TRIGGER_LONGDESC_SCENARIO_CROWN_COLONY">
      <Text>Kârlar artmaya başlıyor. Kraliçe yakında topraklarınızı gerçek bir kraliyet kolonisi olarak kuracak.</Text>
    </Row>
    <Row Tag="LOC_BOOST_TRIGGER_LONGDESC_SCENARIO_SHEEP_REARING">
      <Text>Bu arazide bu kadar çok açık alan varken, koyun yetiştirmek kazançlı bir teklif gibi görünüyor.</Text>
    </Row>
    <Row Tag="LOC_BOOST_TRIGGER_LONGDESC_SCENARIO_DRAMA_POETRY">
      <Text>Bu kadar çok vatandaş varken, bazıları sanatı keşfetmek için zaman buluyor.</Text>
    </Row>
    <Row Tag="LOC_BOOST_TRIGGER_LONGDESC_SCENARIO_PASTORAL_LEASES">
      <Text>Meralardan elde ettiğiniz düzenli kâr hükümetin ilgisini çekiyor. Yakında kraliyet arazilerini kiraya verebilirler.</Text>
    </Row>
    <Row Tag="LOC_BOOST_TRIGGER_LONGDESC_SCENARIO_FEDERATION">
      <Text>Siz zenginleştikçe, doğma büyüme Avustralyalılar Britanya'dan bağımsız kendi ulusları için feryat ediyor.</Text>
    </Row>
    <Row Tag="LOC_BOOST_TRIGGER_LONGDESC_SCENARIO_URBANIZATION">
      <Text>Büyük şehriniz aşırı kalabalıklaşıyor. Banliyöler için plan yapmaya başlamanın zamanı geldi.</Text>
    </Row>
    <Row Tag="LOC_BOOST_TRIGGER_LONGDESC_SCENARIO_CONSERVATION">
      <Text>Bu arazinin doğal güzelliği eşsizdir ve gelecek nesiller için korunmalıdır.</Text>
    </Row>
    <Row Tag="LOC_BOOST_TRIGGER_LONGDESC_SCENARIO_GREAT_WAR">
      <Text>Büyük Güçler kanlı bir çatışmanın içine çekildi. Ana Vatan için toplanma zamanı!</Text>
    </Row>
    <Row Tag="LOC_BOOST_TRIGGER_LONGDESC_SCENARIO_AERIAL_SERVICES">
      <Text>Uçaklar Avustralya'ya geldi. Uçsuz bucaksız Taşra'ya hizmet vermek için biçilmiş kaftan oldukları kesin.</Text>
    </Row>
    <Row Tag="LOC_BOOST_TRIGGER_LONGDESC_SCENARIO_WORLD_WAR_II">
      <Text>Almanya ve Japonya'da faşizm güçleri yükselişe geçti. Avustralya'nın kendisi bile risk altında olabilir mi?</Text>
    </Row>
    <Row Tag="LOC_BOOST_TRIGGER_LONGDESC_SCENARIO_CRUISE_LINES">
      <Text>Yeni milli parkınız, okyanusa açılan yeni yolcu gemileri için önemli bir destinasyon haline gelebilir.</Text>
    </Row>
    <!-- Tech Boosts-->
    <Row Tag="LOC_BOOST_TRIGGER_SCENARIO_EDUCATION">
      <Text>Bir şehri 6 [ICON_Citizen] nüfusa kadar büyütün.</Text>
    </Row>
    <Row Tag="LOC_BOOST_TRIGGER_SCENARIO_BANKING">
      <Text>2 [ICON_TradeRoute] Ticaret Rotasını Koruyun.</Text>
    </Row>
    <Row Tag="LOC_BOOST_TRIGGER_SCENARIO_INDUSTRIALIZATION">
      <Text>3 Mayın inşa edin.</Text>
    </Row>
    <Row Tag="LOC_BOOST_TRIGGER_SCENARIO_ENGINEERING">
      <Text>2 Taş Ocağı inşa edin.</Text>
    </Row>
    <Row Tag="LOC_BOOST_TRIGGER_SCENARIO_SCIENTIFIC_THEORY">
      <Text>2 Kütüphane Oluşturun.</Text>
    </Row>
    <Row Tag="LOC_BOOST_TRIGGER_SCENARIO_ECONOMICS">
      <Text>2 Pazar Oluşturun.</Text>
    </Row>
    <Row Tag="LOC_BOOST_TRIGGER_SCENARIO_ELECTRICITY">
      <Text>2 Atölye Oluşturun.</Text>
    </Row>
    <Row Tag="LOC_BOOST_TRIGGER_SCENARIO_FLIGHT">
      <Text>The Great War civic var.</Text>
    </Row>
    <Row Tag="LOC_BOOST_TRIGGER_SCENARIO_COMBUSTION">
      <Text>İkinci Dünya Savaşı sivilleri var.</Text>
    </Row>
    <Row Tag="LOC_BOOST_TRIGGER_SCENARIO_RADIO">
      <Text>Bir Araştırma Laboratuvarı Kurun.</Text>
    </Row>
    <Row Tag="LOC_BOOST_TRIGGER_SCENARIO_ADVANCED_FLIGHT">
      <Text>Bir Hangar İnşa Edin</Text>
    </Row>
    <Row Tag="LOC_BOOST_TRIGGER_LONGDESC_SCENARIO_EDUCATION">
      <Text>Yeni kent merkeziniz, bir kütüphane ve üniversite içeren bir öğrenim merkezi için en uygun yerdir.</Text>
    </Row>
    <Row Tag="LOC_BOOST_TRIGGER_LONGDESC_SCENARIO_BANKING">
      <Text>Kârlı ticaret ağınız bize yedek sermaye sağladı. Şimdi banka kurmak daha fazla yatırımı teşvik edebilir.</Text>
    </Row>
    <Row Tag="LOC_BOOST_TRIGGER_LONGDESC_SCENARIO_INDUSTRIALIZATION">
      <Text>Faaliyette olan çok sayıda madenle, ilerleme için gerekli malzemeler elimizin altında. Bir Sanayi Devrimi başlamak üzere mi?</Text>
    </Row>
    <Row Tag="LOC_BOOST_TRIGGER_LONGDESC_SCENARIO_ENGINEERING">
      <Text>Taş ocaklarınızdan çıkan taşlar artık bize büyük mühendislik eserlerinin temelini oluşturuyor.</Text>
    </Row>
    <Row Tag="LOC_BOOST_TRIGGER_LONGDESC_SCENARIO_SCIENTIFIC_THEORY">
      <Text>İki kütüphane aktif olduğunda, bilimsel topluluğunuz çalışmaya başlar.</Text>
    </Row>
    <Row Tag="LOC_BOOST_TRIGGER_LONGDESC_SCENARIO_ECONOMICS">
      <Text>Ticari başarılarınız birçok kişiyi ekonominize yatırım yapmaya teşvik etti.</Text>
    </Row>
    <Row Tag="LOC_BOOST_TRIGGER_LONGDESC_SCENARIO_ELECTRICITY">
      <Text>Sanayi üretiminiz etkileyici ancak elektrik enerjisinin kullanılmaya başlanmasıyla daha da ilerleyebilir.</Text>
    </Row>
    <Row Tag="LOC_BOOST_TRIGGER_LONGDESC_SCENARIO_FLIGHT">
      <Text>Avustralyalı havacılar savaştan, Avrupa'nın siperleri üzerinde yaptıkları uçuşların hikayeleriyle döndüler.</Text>
    </Row>
    <Row Tag="LOC_BOOST_TRIGGER_LONGDESC_SCENARIO_COMBUSTION">
      <Text>Japon İmparatorluğu'nun genişlemesiyle birlikte Pasifik'teki petrol kaynakları için rekabet giderek kızışıyor.</Text>
    </Row>
    <Row Tag="LOC_BOOST_TRIGGER_LONGDESC_SCENARIO_RADIO">
      <Text>Modern bir araştırma tesisinin tamamlanması, iletişim alanındaki en son gelişmeleri takip etmenizi sağlayacaktır.</Text>
    </Row>
    <Row Tag="LOC_BOOST_TRIGGER_LONGDESC_SCENARIO_ADVANCED_FLIGHT">
      <Text>Yerinde bir havaalanı ve hangar ile modern bir havaalanı üzerinde çalışmaya başlamaya hazırsınız.</Text>
    </Row>
    <!-- Projects-->
    <Row Tag="LOC_PROJECT_AIF_SCENARIO_DESCRIPTION">
      <Text>Avustralya İmparatorluk Gücü (AIF) projesi, Dünya Savaşları sırasında denizaşırı konuşlandırılmak üzere asker toplar. Bir şehirde tamamlanması, [ICON_Turn] Tur başına o şehrin [ICON_Gold] Altınına +10 artış sağlar.</Text>
    </Row>
    <Row Tag="LOC_PROJECT_AIF_SCENARIO_NAME">
      <Text>AIF Eğitimi</Text>
    </Row>
    <Row Tag="LOC_PROJECT_AIF_SCENARIO_SHORT_NAME">
      <Text>AIF Eğitimi</Text>
    </Row>
    <!-- Scoring-->
    <Row Tag="LOC_CATEGORY_INCOME_NAME">
      <Text>Gelir ([ICON_Gold] Dönüş başına [ICON_Turn] Altın)</Text>
    </Row>
    <Row Tag="LOC_SCENARIO_AUSTRALIA_DIFFICULTY">
      <Text>Zorluk derecesi: {1_DifficultyName}</Text>
    </Row>
    <Row Tag="LOC_SCENARIO_AUSTRALIA_CURRENT_GAME_DIFFICULTY">
      <Text>Mevcut oyun: {1_Difficulty}</Text>
    </Row>
    <Row Tag="LOC_SCENARIO_AUSTRALIA_SINGLE_PLAYER_SCORE">
      <Text>Zafer için Gerekli Puan: {1_Score}</Text>
    </Row>
    <Row Tag="LOC_SCENARIO_AUSTRALIA_OUTBACK_TITLE">
      <Text>DIŞ ARKA</Text>
    </Row>
    <Row Tag="LOC_SCENARIO_AUSTRALIA_OUTBACK_EFFECTS">
      <Text>Bir oyuncu tarafından kontrol edilmeyen tüm kara parçaları, zehirli bitkiler ve hayvanlarla dolu ve gezegendeki en sert iklimlerden birine ev sahipliği yapan tehlikeli bir mesken olan Avustralya Taşrası'nın bir parçası olarak kabul edilir. Bir Taşra karesinde sırasını bitiren herhangi bir birim özel bir Taşra karşılaşması yaşayabilir. Bu olayların çoğu hasara veya gecikmelere neden olsa da, keşif biriminizin benzersiz bonuslar kazanmasına yardımcı olacak birkaç tanesi de vardır. Genel olarak birimlerinizin böylesine vahşi bir doğada geçirdiği süreyi sınırlamak isteyeceksiniz.</Text>
    </Row>
    <Row Tag="LOC_SCENARIO_AUSTRALIA_OUTBACK_TOOLTIP">
      <Text>Outback</Text>
    </Row>
  </EnglishText>
</GameData>