﻿<?xml version="1.0" encoding="utf-8"?>
<GameData>
  <!-- FEATURE_BARRIER_REEF was renamed to FEATURE_BARRIER_REEF_EXTENDED... -->
  <LocalizedText>
    <Update>
      <Where Tag="LOC_PEDIA_FEATURES_PAGE_FEATURE_BARRIER_REEF_CHAPTER_HISTORY_PARA_1" />
      <Set Tag="LOC_PEDIA_FEATURES_PAGE_FEATURE_BARRIER_REEF_EXTENDED_CHAPTER_HISTORY_PARA_1" />
    </Update>
  </LocalizedText>
  <EnglishText>
    <Row Tag="LOC_PEDIA_CITYSTATES_PAGE_CIVILIZATION_SYDNEY_CHAPTER_HISTORY_PARA_1">
      <Text>Avustralya'nın doğusundaki sömürgeci İngiliz dayanağı ilk olarak 1788 yılında Sidney'in kurulmasıyla kök salmıştır. Bir ceza kolonisi olarak mütevazı başlangıcından özgür bir topluma dönüşmesine kadar, Yeni Güney Galler her zaman Avustralya meselelerinin ön saflarında yer almıştır (ya da yer alması gerektiğini hissetmiştir).</Text>
    </Row>
    <Row Tag="LOC_PEDIA_CITYSTATES_PAGE_CIVILIZATION_SYDNEY_CHAPTER_HISTORY_PARA_2">
      <Text>1851'de altın bulunması Yeni Güney Galler'i siyasi olduğu kadar ekonomik olarak da güçlü kıldı. Avustralya'nın koloniden İngiliz Milletler Topluluğu'na geçişiyle birlikte, ulusal başkent için Yeni Güney Galler ve Victoria arasındaki rekabet uzlaşmaya yol açtı: Canberra şehri, Sydney ve Melbourne arasındaki boş bir alana inşa edilecek ve daha sonra çoğu Avustralyalı tarafından derhal gözden kaçırılacaktı.</Text>
    </Row>
    <Row Tag="LOC_PEDIA_CIVILIZATIONS_PAGE_CIVILIZATION_QUEENSLAND_CHAPTER_HISTORY_PARA_1">
      <Text>Avustralya'nın yemyeşil kuzeydoğu bölgesi doğal güzellikleri ve - Queensland'li olmayan Avustralyalılara göre - ihraç edilmeden önce bükülmesi gereken doğal olmayan düz muzlarıyla tanınır. (Bir zamanlar Avustralya'daki en büyük Aborijin nüfusuna sahipti, ancak bu durum İngiliz sömürgecilerin gelişi, hastalıkları ve 19. yüzyılın başlarında yaşanan bir dizi kanlı çatışmayla değişti.</Text>
    </Row>
    <Row Tag="LOC_PEDIA_CIVILIZATIONS_PAGE_CIVILIZATION_QUEENSLAND_CHAPTER_HISTORY_PARA_2">
      <Text>Queensland 1859 yılında Yeni Güney Galler'den ayrılarak kendi Kraliyet kolonisi haline geldiğinde, 1824 yılında bir ceza kolonisi olarak kurulan Brisbane başkent olarak seçilme şansına sahip olmuştur. Bu durum özellikle Queensland'de altının keşfedilmesiyle ortaya çıkmış ve 19. Yüzyılın arka yarısı boyunca çok sayıda altına hücuma yol açmıştır. Çok sayıda milli parka ek olarak, Büyük Set Resifi Queensland'in doğu kıyılarının çoğunda bulunabilir.</Text>
    </Row>
    <Row Tag="LOC_PEDIA_CIVILIZATIONS_PAGE_CIVILIZATION_WESTERN_AUSTRALIA_CHAPTER_HISTORY_PARA_1">
      <Text>Avustralya kıtasının batıdaki üçte birlik bölümü, "Blasted Hellscape (and Perth)" 19. yüzyıl haritaları için fazla müstehcen olduğu için bu adla anılan Batı Avustralya'yı kapsar. Batı Avustralyalılara bu lakap, ya azimlerine bir övgü ya da kafalarını toprağa gömdüklerini söylemenin ince bir yolu olan kum çekirgesi adı verilen, özellikle dirençli bir yuva yapan çekirgeden gelmektedir.</Text>
    </Row>
    <Row Tag="LOC_PEDIA_CIVILIZATIONS_PAGE_CIVILIZATION_WESTERN_AUSTRALIA_CHAPTER_HISTORY_PARA_2">
      <Text>Perth yerleşimi 1829 yılında kuruldu ve kısa süre içinde Batı Avustralya'nın başkenti oldu. Batı Avustralyalıların büyük çoğunluğunun ikamet edeceği ılıman güneybatı köşesinde yer alan Perth o kadar izole bir konumdaydı ki Melbourne'e deniz yoluyla ulaşmak bir hafta sürebiliyordu.</Text>
    </Row>
    <Row Tag="LOC_PEDIA_CIVILIZATIONS_PAGE_CIVILIZATION_WESTERN_AUSTRALIA_CHAPTER_HISTORY_PARA_3">
      <Text>Batı Avustralya, en iyi ihtimalle seyrek nüfuslu, uçsuz bucaksız ve ıssız Taşrası ile bilinir. Batı Avustralyalıların çoğu kıyılarda yaşar ve sahip çıkılacak çok fazla kıyı olduğu için balıkçılık her zaman koloni ekonomisinin önemli bir parçası olmuştur.</Text>
    </Row>
    <Row Tag="LOC_PEDIA_CIVILIZATIONS_PAGE_CIVILIZATION_VICTORIA_CHAPTER_HISTORY_PARA_1">
      <Text>Avustralya'nın çoğunlukla ılıman olan güneydoğu bölgesi uzun zamandır bir bahçe eyaleti olarak ün kazanmıştır. Her ne kadar lahana üretimi yıl boyunca devam etse de, her Victoria'lı kendi bahçesinin bakımından bizzat sorumlu değildir.</Text>
    </Row>
    <Row Tag="LOC_PEDIA_CIVILIZATIONS_PAGE_CIVILIZATION_VICTORIA_CHAPTER_HISTORY_PARA_2">
      <Text>Melbourne 1835 yılında John Batman tarafından kurulmuştur. Bölgedeki ilk yerleşim yeri değildi, ancak 1851'de yeni Kraliyet kolonisi Victoria, Yeni Güney Galler'den ayrıldığında başkent seçilecek kadar önem kazandı. Aynı yıl büyük miktarda altın keşfeden ve kolonilerine birçok yeni yüz getirecek olan altına hücumu başlatan Victorialılar için iyi şans.</Text>
    </Row>
    <Row Tag="LOC_PEDIA_CIVILIZATIONS_PAGE_CIVILIZATION_VICTORIA_CHAPTER_HISTORY_PARA_3">
      <Text>Maden aramakta ya da madencilikte şansları yaver gitmeyenler, zengin olan insanların çevresinde, hizmet ya da kurnazlık yoluyla doğrudan altın çıkarmalarına izin veren ılımlı (Avustralya için) bir iklimde yaşamaya devam ediyorlardı. 1893'te yaşanan acı verici bir ekonomik çöküş dışında Victoria'nın serveti artmaya devam etti.</Text>
    </Row>
    <Row Tag="LOC_PEDIA_CIVILIZATIONS_PAGE_CIVILIZATION_SOUTH_AUSTRALIA_CHAPTER_HISTORY_PARA_1">
      <Text>Avustralya'nın orta güney bölgesi, ılıman kıyı arazisi, daha az ılıman çalılıklar ve affetmeyen Outback'ten oluşur. Sömürgecilerin başka yiyecek olmadığında kargaları tüketmekle ünlenmiş olmalarına rağmen, bu bir efsanedir; aç Güney Avustralyalı sömürgeciler çok daha lezzetli olan papağan ve kakaduları tercih etmişlerdir.</Text>
    </Row>
    <Row Tag="LOC_PEDIA_CIVILIZATIONS_PAGE_CIVILIZATION_SOUTH_AUSTRALIA_CHAPTER_HISTORY_PARA_2">
      <Text>Güney Avustralya, Britanya Parlamentosu'nun kararıyla kurulan tek koloniydi. Kasıtlı olarak cezai işçiliği yasaklayan özgür bir koloni olarak tasarlanan koloni, yeni bir başlangıç yapmak isteyen yoksul göçmenlere kucak açtı, dini özgürlük ilkelerinde ısrar etti ve Aborjinler için toprak haklarını garanti altına aldı. Koloni, 1836'da Adelaide'de kuruluşundan itibaren ilkelerine büyük ölçüde bağlı kaldı.</Text>
    </Row>
    <Row Tag="LOC_PEDIA_CIVILIZATIONS_PAGE_CIVILIZATION_SOUTH_AUSTRALIA_CHAPTER_HISTORY_PARA_3">
      <Text>Outback istasyonları Güney Avustralya genelinde koyun yetiştiriyordu. Kolonide hiçbir zaman gerçek bir altına hücum yaşanmamış olsa da, geniş buğday tarlaları 19. Yüzyılın sonunda Avustralya'nın büyük bölümünü besleyecekti.</Text>
    </Row>
    <Row Tag="LOC_PEDIA_CIVICS_PAGE_CIVIC_AERIAL_SERVICES_CHAPTER_HISTORY_PARA_1">
      <Text>Radyo ve uçağın ortaya çıkışı Avustralya'nın ücra köşelerindeki yerleşimlerde yaşamı değiştirdi. Eğitim ve tıbbi bakım, daha önce kendi başlarının çaresine bakmak zorunda olan taşra sakinleri için aniden uygulanabilir hale geldi. Evleri uzakta olsa da, 20. yüzyılın bu son teknoloji yenilikleri uzak Avustralyalıları birbirine yakınlaştırdı.</Text>
    </Row>
    <Row Tag="LOC_PEDIA_CIVICS_PAGE_CIVIC_CROWN_COLONY_CHAPTER_HISTORY_PARA_1">
      <Text>19'uncu yüzyılın ortalarına gelindiğinde, Avustralya kıtası artık dizanteri ve diğer tehlikelerle dolu uzak esir kampları topluluğu değil, bunun yerine yeniden başlanabilecek ve (belki de) bir servet kazanılabilecek cazip bir uzak ülkeydi. Bir dereceye kadar kendi kendilerini yönetmelerine rağmen, inkar edilemez bir şekilde İngiliz olarak kaldılar.</Text>
    </Row>
    <Row Tag="LOC_PEDIA_CIVICS_PAGE_CIVIC_CRUISE_LINES_CHAPTER_HISTORY_PARA_1">
      <Text>Okyanus yolculuğu 20. yüzyılın ilk yarısında Avustralya'ya ulaşmanın tek güvenilir ve (çoğunlukla) güvenli yoluydu. Yeni kurulan Avustralya Milletler Topluluğu federal parayı milli parklar için harcarken, Avustralya yolcu gemileri insanları bu parkların ihtişamını deneyimlemeye getirdi ve Antipodean turizm endüstrisini mümkün kıldı.</Text>
    </Row>
    <Row Tag="LOC_PEDIA_CIVICS_PAGE_CIVIC_FEDERATION_CHAPTER_HISTORY_PARA_1">
      <Text>Avustralya Milletler Topluluğu 20. Yüzyılın şafağında kuruldu. Avustralyalılar ulusal bir kimlik, daha az kafa karıştırıcı bir tarife politikası ve temel hükümet kurumları (Parlamento ve Yüksek Mahkeme) kazandılar. Ayrıca, kısmen Melbourne ve Sydney'in ayrıcalık için tartışmasını önlemek için tasarlanmış ulusal bir başkent olan Canberra'yı da kazandılar.</Text>
    </Row>
    <Row Tag="LOC_PEDIA_CIVICS_PAGE_CIVIC_GOLD_RUSH_CHAPTER_HISTORY_PARA_1">
      <Text>1851 yılına gelindiğinde, Kaliforniya altın madenlerinde kazanılan servet tüm dünyada biliniyordu. Edward Hargraves ve John Lister Yeni Güney Galler'de önemli miktarda altın keşfettiğinde, Avustralya'daki altına hücum nüfus ithal etti, zenginlik ihraç etti ve göçmenlerin "istenen etnik kökenleri" konusunda önemli sosyal gerilimlere neden oldu.</Text>
    </Row>
    <Row Tag="LOC_PEDIA_CIVICS_PAGE_CIVIC_GREAT_WAR_CHAPTER_HISTORY_PARA_1">
      <Text>Birinci Dünya Savaşı'nın savaş alanları Avustralya topraklarından çok uzakta olmasına rağmen, İngiliz Milletler Topluluğu yine de Büyük Britanya adına savaşmak üzere 400.000'den fazla gönüllü gönderdi. Orta Doğu ve Batı Cephesi'ndeki birlikleriyle Avustralya savaşa federe koloniler olarak girdi ama bir ulus olarak çıktı.</Text>
    </Row>
    <Row Tag="LOC_PEDIA_CIVICS_PAGE_CIVIC_PASTORAL_LEASES_CHAPTER_HISTORY_PARA_1">
      <Text>Avustralya kolonileri hayvancılık için uygun arazileri resmi olarak araştırdıkça, bu arazileri otlakçılara kiralamaya başladılar. Tipik olarak çok büyük arazileri kapsayan Outback istasyonları, 1860'ların sonlarında gecekonducular tarafından öğrenilen zor bir ders olan kuraklığa neden olmadan otlakları yeterince destekleyecek alana ihtiyaç duyuyordu.</Text>
    </Row>
    <Row Tag="LOC_PEDIA_CIVICS_PAGE_CIVIC_PENAL_COLONY_CHAPTER_HISTORY_PARA_1">
      <Text>İlk Avustralya kolonileri, dünyanın öbür ucuna gönderilen İngiliz mahkumlar tarafından inşa edilmiştir. Ne yazık ki küçük hırsızlara tarım yapmalarını, maden çıkarmalarını ya da tıbbi bakım sağlamalarını söylemek onlara bu tür yetenekler kazandırmıyor. Yine de yaşadıkları zorluklara rağmen, çoğu mahkum kolonist sonunda yaşayabilir kolonilerin kemiklerini oluşturmayı başardı.</Text>
    </Row>
    <Row Tag="LOC_PEDIA_CIVICS_PAGE_CIVIC_SHEEP_REARING_CHAPTER_HISTORY_PARA_1">
      <Text>İngiltere'nin 19. yüzyılda artan yün arzusu, koyun yetiştiriciliği işini Avustralya'nın sömürge ekonomilerinin önemli bir parçası haline getirdi. Yün, uzun deniz yolculukları sırasında bozulmayan birkaç maldan biriydi, bu nedenle uzak sömürge yün üretimi İngiliz çıkarlarına ve Avustralyalı otlakçıların hesaplarına hizmet ediyordu.</Text>
    </Row>
    <Row Tag="LOC_PEDIA_CIVICS_PAGE_CIVIC_WORLD_WAR_II_CHAPTER_HISTORY_PARA_1">
      <Text>Büyük Savaş'ın aksine, İkinci Dünya Savaşı'nın patlak vermesiyle Avustralya topraklarında bir işgal tehdidi ortaya çıktı. Avustralya birlikleri bir kez daha Büyük Britanya güçlerini desteklemiş olsa da, bu birliklerin sevk ve idaresi İngiliz Milletler Topluluğu tarafından daha bağımsız bir şekilde yürütülmekteydi. Bu durum Avustralya ordusunun Pasifik'teki Müttefik kuvvetlerle yakın koordinasyon içinde olmasını sağladı.</Text>
    </Row>
    <Replace Tag="LOC_PEDIA_FEATURES_PAGE_FEATURE_PANTANAL_CHAPTER_HISTORY_PARA_1">
      <Text>The lush natural region of Kakadu is home to such unique varieties of flora and fauna that many remain uncategorized in modern times. It is also home to Aboriginal people thought to have lived in the area for at least 20,000 years. Extensive rock art, some of it thousands of years old, reveals the history of the local Aboriginal people. Multiple attempts at European colonization in the 19th Century failed due to Kakadu’s inhospitable terrain.</Text>
    </Replace>
    <Replace Tag="LOC_PEDIA_FEATURES_PAGE_FEATURE_TSINGY_CHAPTER_HISTORY_PARA_1">
      <Text>Near the southwestern coast of the Australian continent are a series of strange rock formations reminiscent of fingertips reaching forth from the sands in which they are situated. These limestone formations are formed from decomposed marine life of an earlier era, though no one theory reveals how they came to exist in their current form. Until their incorporation into a national park in the 1960s, their most common living visitors were kangaroos.</Text>
    </Replace>
    <Replace Tag="LOC_PEDIA_CONCEPTS_PAGE_TOURISM_4_CHAPTER_CONTENT_PARA_1">
      <Text>Designating National Parks can greatly enhance [ICON_Gold] Gold and [ICON_Amenities] Amenities. National Parks are designated by Naturalist units, which may be trained or purchased in your city after researching the Conservation civic.</Text>
    </Replace>
    <Replace Tag="LOC_PEDIA_CONCEPTS_PAGE_TOURISM_4_CHAPTER_CONTENT_PARA_5">
      <Text>A National Park's [ICON_Gold] Gold output is equal to the total Appeal of all the tiles included in the park. Additionally, the city that owns the park receives 2 [ICON_Amenities] Amenities, and the four closest cities in your civilization receive 1 [ICON_Amenities] Amenity.</Text>
    </Replace>
    <Row Tag="LOC_PEDIA_GOVERNMENTS_PAGE_GOVERNMENT_PENAL_SETTLEMENT_CHAPTER_HISTORY_PARA_1">
      <Text>Sömürgecilik hevesleri olan, kendi adına uzak topraklar talep eden ve ceza adaletine yaratıcı bir yaklaşımı olan bir ulus, ceza yerleşimlerini kurabilirdi. Bu sözleşmeli kölelik sistemi, mahkumları uzak ve sert topraklara göndererek sömürgeci kuruluşun yorucu ve tehlikeli işlerini yapmalarını sağlıyordu. Genellikle gardiyan olarak görev yapan bir vali tarafından yönetilen mahkumların kaçacak hiçbir yeri yoktu. Ancak, inşa ettikleri şeylerin mülkiyeti olan toplumsal borçlarını ödemeleri için teşvikler vardı.</Text>
    </Row>
    <Row Tag="LOC_PEDIA_GOVERNMENTS_PAGE_GOVERNMENT_COLONIAL_GOVERNMENT_CHAPTER_HISTORY_PARA_1">
      <Text>Bir ceza kolonisi kendi kendini idame ettirebilir hale geldiğinde, sözleşmeli hizmetkârlar üzerinde mutlak otoriteye sahip bir validen daha fazlasına ihtiyaç duyuyordu. Sert sömürge adaleti, başarılı tüccarlar ve servetlerini değiştirmek isteyenler için tam olarak bir satış noktası değildi. Sonuç olarak, gerçek bir sömürge hükümeti, sakinlerine sınırlı yerel ve bölgesel yönetim sağladı. Koloni genişledikçe siyasi makamlar da genişliyor, bu da koloni başkentinin dışarıdaki yerleşim yerlerine destek sağlamasına (ve daha da önemlisi vergi vermesine) olanak tanıyordu.</Text>
    </Row>
    <Row Tag="LOC_PEDIA_GOVERNMENTS_PAGE_GOVERNMENT_STATE_GOVERNMENT_CHAPTER_HISTORY_PARA_1">
      <Text>Federe devletlerin kurulması, ulusal bir sistem içinde bölgesel özyönetimi tesis etmiştir. Federal düzeyde yürürlüğe konan ve uygulanan federal anayasanın açık politikaları, eyalet hükümetlerinin yerel meseleleri yönetmesine ve ulusal temsil yoluyla ulusal politikayı etkilemesine izin verdi. Esasen eyalet hükümetleri çeşitli pastalarda parmaklarını tutuyor, yeni pastalara ücretsiz parmaklar eklemek için çalışıyor ve başka bir eyaletin kendilerinden daha fazla pastaya sahip olduğu gözlemlendiğinde yüksek sesle eşitlik konusunda ısrar ediyorlardı.</Text>
    </Row>
    <Row Tag="LOC_PEDIA_GOVERNMENTS_PAGE_POLICY_LAND_GRANTS_CHAPTER_HISTORY_PARA_1">
      <Text>Sömürge valileri iyi durumdaki sömürgecilere toprak verebilirdi, ancak toprağı işleyen gecekonducuların mahkum edilmesine genellikle göz yumarlardı.</Text>
    </Row>
    <Row Tag="LOC_PEDIA_GOVERNMENTS_PAGE_POLICY_FIRST_FLEET_CHAPTER_HISTORY_PARA_1">
      <Text>Altı mahkûm gemisi, iki donanma gemisi ve üç ikmal gemisi 1788'de Avustralya'ya ulaştı. Balıkçılık başlangıçta azalan koloni stoklarını takviye etmenin tek yoluydu.</Text>
    </Row>
    <Row Tag="LOC_PEDIA_GOVERNMENTS_PAGE_POLICY_REWARDS_OFFERED_CHAPTER_HISTORY_PARA_1">
      <Text>1851'de Avustralya'da yaşanan altına hücum, sömürge hükümetlerinin altın tarlalarından çıkarılan cevher için kazançlı ödüller sunmasına yol açtı. Tavası olan herkes altın arayıcısı oldu.</Text>
    </Row>
    <Row Tag="LOC_PEDIA_GOVERNMENTS_PAGE_POLICY_TERRA_NULLIUS_CHAPTER_HISTORY_PARA_1">
      <Text>1835 yılında Avustralya'nın tanınabilir bir hükümdarı olmaksızın "kimsenin toprağı" olarak ilan edilmesi, Aborijinlerin varlığına rağmen kolonilerin bölgeyi kendi toprakları olarak iddia etmelerine izin verdi.</Text>
    </Row>
    <Row Tag="LOC_PEDIA_GOVERNMENTS_PAGE_POLICY_COLONIAL_ARCHITECTS_CHAPTER_HISTORY_PARA_1">
      <Text>Cezaevindeki sömürgecilerin başlangıçtaki gelişigüzel gelişiminin ardından, sömürge valileri kolonilerin gelişimini planlamak üzere çeşitli yetenekli ve uzman zanaatkârları görevlendirdi.</Text>
    </Row>
    <Row Tag="LOC_PEDIA_GOVERNMENTS_PAGE_POLICY_PARRAMATTA_ROAD_CHAPTER_HISTORY_PARA_1">
      <Text>İlk ve en eski Avustralya yolu, sömürge şehirleri Sidney ve Parramatta'yı birbirine bağlıyordu. Bu tür bir altyapı gelişimi, kapsamlı bir sömürge otoyol sistemine yol açtı.</Text>
    </Row>
    <Row Tag="LOC_PEDIA_GOVERNMENTS_PAGE_POLICY_TICKET_OF_LEAVE_CHAPTER_HISTORY_PARA_1">
      <Text>Şartlı tahliye belgesi, kendi geçimini sağlayabilen hükümlülere ya da iyi hal ödülü olarak verilir ve sömürge bölgelerinde çalışmalarına izin verilirdi.</Text>
    </Row>
    <Row Tag="LOC_PEDIA_GOVERNMENTS_PAGE_POLICY_MOUNTED_STOCKMEN_CHAPTER_HISTORY_PARA_1">
      <Text>Atlı hayvancılar, Taşra istasyonlarına verilen geniş meralarda çalışıyordu. Geniş arazilere dağılmış sürülerle başa çıkma konusunda ustaydılar.</Text>
    </Row>
    <Row Tag="LOC_PEDIA_GOVERNMENTS_PAGE_POLICY_TRANS_AUSTRALIAN_RAILWAY_CHAPTER_HISTORY_PARA_1">
      <Text>İngiliz Milletler Topluluğu'na dönüşmesinin ardından Trans-Avustralya Demiryolu'nun inşası, Batı Avustralya'daki Perth'ten Doğu Avustralya'daki Sidney'e güvenilir ve düzenli ulaşım imkanı sağladı.</Text>
    </Row>
    <Row Tag="LOC_PEDIA_GOVERNMENTS_PAGE_POLICY_FEED_THE_TROOPS_CHAPTER_HISTORY_PARA_1">
      <Text>AIF birlikleri uzak diyarlardaki seferleri sırasında düzenli bir yiyecek kaynağına ihtiyaç duyuyordu. Uzun ömürlü (ve diş kırıcı) sert tack, Gelibolu ve ötesinde askerlerin beslenmesini sağladı.</Text>
    </Row>
    <Row Tag="LOC_PEDIA_GOVERNMENTS_PAGE_POLICY_GALLIPOLLI_CHAPTER_HISTORY_PARA_1">
      <Text>Gelibolu nihayetinde Müttefik kuvvetler için bir yenilgi olsa da, AIF birliklerinin zorlu mücadelesi Avustralya'nın iç cephesindeki popüler görüşü ele geçirdi.</Text>
    </Row>
    <Row Tag="LOC_PEDIA_GOVERNMENTS_PAGE_POLICY_SCHOOL_OF_THE_AIR_CHAPTER_HISTORY_PARA_1">
      <Text>Radyonun yaygınlaşması, okul programlarının Avustralya'nın uzak bölgelerine kadar yayınlanabilmesi anlamına geliyordu. Bu sayede taşranın en ücra köşelerinde bile eğitim yapılabiliyordu.</Text>
    </Row>
    <Row Tag="LOC_PEDIA_GOVERNMENTS_PAGE_POLICY_FLYING_DOCTORS_CHAPTER_HISTORY_PARA_1">
      <Text>Uçan Doktor Hizmeti, Avustralya'nın uzak bölgelerindeki insanların tıbbi ihtiyaçlarını desteklemek için hava taşımacılığı ve telsiz kombinasyonunu kullandı.</Text>
    </Row>
    <Row Tag="LOC_PEDIA_GOVERNMENTS_PAGE_POLICY_MILITARY_MATERIEL_CHAPTER_HISTORY_PARA_1">
      <Text>Avustralya'nın savaş ekonomisi silahlar, askeri araçlar ve savaş gemileri inşa etmek için hammaddeye ihtiyaç duyuyordu. Bu önceliklendirme, ülkenin hayati savaş ihtiyaçlarını karşılayan madencilik çabalarının artmasına yol açtı.</Text>
    </Row>
    <Row Tag="LOC_PEDIA_GOVERNMENTS_PAGE_POLICY_INVASION_THREAT_CHAPTER_HISTORY_PARA_1">
      <Text>Japon işgali korkusu, Avustralya'nın savunmasına yardımcı olduğu sürece, askere alınmış milislerin Avustralya sınırları ötesine konuşlandırılmasına izin veren bir politikaya yol açtı.</Text>
    </Row>
    <Row Tag="LOC_PEDIA_GOVERNMENTS_PAGE_POLICY_SEAFOOD_PRESERVATION_CHAPTER_HISTORY_PARA_1">
      <Text>İkinci Dünya Savaşı sonrası göçün artması Avustralya'nın balık endüstrisinde önemli bir genişlemeye yol açtı. Karidesler ve kaya ıstakozları değerli ihracat ürünleri haline gelmiştir.</Text>
    </Row>
    <Row Tag="LOC_PEDIA_GOVERNMENTS_PAGE_POLICY_PARK_RANGERS_CHAPTER_HISTORY_PARA_1">
      <Text>Avustralyalı park korucuları, hem arazinin doğal özelliklerinden hem de onu deneyimlemeye gelen ziyaretçilerin refahından sorumludur.</Text>
    </Row>
    <Row Tag="LOC_PEDIA_RESOURCES_PAGE_RESOURCE_GOLD_CHAPTER_HISTORY_PARA_1">
      <Text>Altın 19. yüzyılın başlarında keşfedilmiş olmasına rağmen, Avustralya 1851 yılına kadar "altın humması" hastalığına yakalanmamıştı. O kadar çok altın cevheri çıkarıldı ki, İngiltere Sydney Darphanesini açtı ve ilk kez İngiliz sikkelerinin İngiltere dışında basılmasına izin verildi. Altın sürekli olarak Avustralya'nın kârlı bir ihracatı olmaya devam etmiştir.</Text>
    </Row>
    <Row Tag="LOC_PEDIA_UNITS_PAGE_UNIT_PROSPECTOR_CHAPTER_HISTORY_PARA_1">
      <Text>19. yüzyılda Avustralya'da altının keşfedilmesinden bu yana, maden arayıcıları uzun süredir antipodean topraklarında servetlerini aramaktadır. Fossicker'ların (altın, gümüş ya da opal için yığınları eğlence olsun diye eleyenler) aksine, zenginliğe ulaşmak bu "profesyonel amatör" madencilerin elindedir - yeter ki doğru iddiada bulunsunlar.</Text>
    </Row>
    <Row Tag="LOC_PEDIA_UNITS_PAGE_UNIT_GRAZIER_CHAPTER_HISTORY_PARA_1">
      <Text>Avustralya'nın pek de misafirperver olmayan otlaklarında sığır ve koyunları beslemek için genellikle geniş olan pastoral arazilerde sürülere bakan ve hayvancılık dostu ekinler yetiştiren otlakçılar, Outback istasyonlarının demirbaşlarıdır. İster peynir yapsınlar, ister koyun kırksınlar ya da dingo öldürsünler, grazierler Avustralya'nın kârlı hayvancılık endüstrisinin ilk adımını oluştururlar.</Text>
    </Row>
    <Row Tag="LOC_PEDIA_UNITS_PAGE_UNIT_FARMER_CHAPTER_HISTORY_PARA_1">
      <Text>Avustralyalı çiftçilerin yaşadığı sıkıntılar çok sayıda ve çeşitlidir. Toprak erozyonu, korkunç deve dikeni ve tavşan salgınları, kuraklığa eğilimli topraklardan bahsetmeye bile gerek yok. Yine de bu zor hayat, bu işe gönül verenler ve nereye yerleşeceklerini iyi bilenler için oldukça kazançlı olabilir.</Text>
    </Row>
    <Row Tag="LOC_PEDIA_UNITS_PAGE_UNIT_FISHER_CHAPTER_HISTORY_PARA_1">
      <Text>Avustralya akciğer balığı, Murray morinası ya da batı sazan balığı olsun, yetenekli bir balıkçı hepsini yakalayabilir; bu, dünyanın en kurak kıtası olan Avustralya'da biraz zor bir tekliftir. Cesur kaya avcıları, kıyı kayalıklarından deniz canlılarını yakalayarak tatlı su sıkıntılarından kurtulurlar... ve onları yakalamak için dışarı çıkan tuzlu su timsahlarından kaçınırlar.</Text>
    </Row>
    <Row Tag="LOC_PEDIA_UNITS_PAGE_UNIT_EXPLORER_CHAPTER_HISTORY_PARA_1">
      <Text>Avustralya'daki sömürgeci kaşifler genellikle cesur, hırslı ve çabaları için şöhret ve tanınma arayan insanlardı. Ne yazık ki onlar için Taşra, arzularına çok az sempati duyuyordu. Tehlikeleri hakkında temel bir anlayışa sahip olmadan çalılıklara doğru yola çıkanların çok azı zarar görmeden geri dönebildi. Bazıları ise hiç dönemedi.</Text>
    </Row>
  </EnglishText>
</GameData>