﻿<?xml version="1.0" encoding="utf-8"?>
<!-- edited with XMLSPY v2004 rel. 2 U (http://www.xmlspy.com) by Ed Beach (Firaxis Games) -->
<GameData>
  <EnglishText>
    <!-- Political Event Titles-->
    <Row Tag="LOC_SCENARIO_AUSTRALIA_EVENT_POLITICAL_TITLE_1">
      <Text>KEŞİFÇİ HAZIR</Text>
    </Row>
    <Row Tag="LOC_SCENARIO_AUSTRALIA_EVENT_POLITICAL_TITLE_2">
      <Text>KOLONİ GEMİSİ GELDİ</Text>
    </Row>
    <Row Tag="LOC_SCENARIO_AUSTRALIA_EVENT_POLITICAL_TITLE_3">
      <Text>BIR ULUS DOĞUYOR</Text>
    </Row>
    <Row Tag="LOC_SCENARIO_AUSTRALIA_EVENT_POLITICAL_TITLE_4">
      <Text>I. DÜNYA SAVAŞI</Text>
    </Row>
    <Row Tag="LOC_SCENARIO_AUSTRALIA_EVENT_POLITICAL_TITLE_5">
      <Text>İKİNCİ DÜNYA SAVAŞI</Text>
    </Row>
    <Row Tag="LOC_SCENARIO_AUSTRALIA_EVENT_POLITICAL_TITLE_6">
      <Text>EK KOLONISTLER</Text>
    </Row>
    <!-- Political Event Descriptions-->
    <Row Tag="LOC_SCENARIO_AUSTRALIA_EVENT_POLITICAL_DESCRIPTION_1">
      <Text>Maceracı bir kaşif, Avustralya kıtasının gizemlerini ortaya çıkarmak için İngiliz kolonisi Yeni Güney Galler'den yola çıktı.</Text>
    </Row>
    <Row Tag="LOC_SCENARIO_AUSTRALIA_EVENT_POLITICAL_DESCRIPTION_2">
      <Text>Yeni koloninizi başlatmak için cesur ruhlardan oluşan bir gemi topladık. Bu grup için büyük umutlarımız var: hepsi mahkum değil.</Text>
    </Row>
    <Row Tag="LOC_SCENARIO_AUSTRALIA_EVENT_POLITICAL_DESCRIPTION_3">
      <Text>Artık birçok nesil yerli Avustralyalı olarak yaşayıp öldüğüne göre, halkımız ayrı eyaletlerimizi birleşik bir ülke haline getirmek istiyor.  Avustralya'nın federasyonlaşarak Britanya'dan bağımsız yeni bir ulus oluşturmasının zamanı gelmiştir.</Text>
    </Row>
    <Row Tag="LOC_SCENARIO_AUSTRALIA_EVENT_POLITICAL_DESCRIPTION_4">
      <Text>Avrupa kıtasında büyük bir savaş yaşanıyor ve anavatanımız Britanya da bu savaşa dahil oldu.  Desteğimizi sunmak üzere birlikler göndereceğiz.</Text>
    </Row>
    <Row Tag="LOC_SCENARIO_AUSTRALIA_EVENT_POLITICAL_DESCRIPTION_5">
      <Text>Bir dünya savaşı daha patlak verdi ve bu kez anavatanımız Avustralya bile risk altında. Başbakanımız John Curtin'in bize hatırlattığı gibi: "Bu topraklarda ilk yerleşimcilerimiz tarafından yakılan ve sonraki nesiller tarafından da korunan özgürlük ateşi, hiçbir düşman tarafından söndürülemez."</Text>
    </Row>
    <Row Tag="LOC_SCENARIO_AUSTRALIA_EVENT_POLITICAL_DESCRIPTION_6">
      <Text>Sivil ilerlemeniz İngiltere'de fark edildi.  Koloninizi yeni evleri yapmak isteyen daha fazla kolonici geldi.</Text>
    </Row>
    <!-- Political Event Gameplay Effects-->
    <Row Tag="LOC_SCENARIO_AUSTRALIA_EVENT_POLITICAL_EFFECT_1">
      <Text>Bu kaşifi önümüzdeki dört tur boyunca yeni bir yerleşim için en iyi yeri bulmak için kullanın.</Text>
    </Row>
    <Row Tag="LOC_SCENARIO_AUSTRALIA_EVENT_POLITICAL_EFFECT_2">
      <Text>Bir sonraki sıranın başında kaşifinize en yakın kıyı karesinde ücretsiz bir Yerleşimci belirecektir.</Text>
    </Row>
    <Row Tag="LOC_SCENARIO_AUSTRALIA_EVENT_POLITICAL_EFFECT_3">
      <Text>Federation Civic'i tamamladığınızda en güçlü hükümet sistemi olan Eyalet Hükümetine geçebileceksiniz.</Text>
    </Row>
    <Row Tag="LOC_SCENARIO_AUSTRALIA_EVENT_POLITICAL_EFFECT_4">
      <Text>Artık herhangi bir şehrinizde AIF projesini başlatabilirsiniz. Savaş çabalarına yaptığınız bu tür her katkı, eyaletinizin ulusumuzdaki konumunu güçlendirecek ve size tur başına +10 [ICON_Gold] Altın kazandıracaktır.</Text>
    </Row>
    <Row Tag="LOC_SCENARIO_AUSTRALIA_EVENT_POLITICAL_EFFECT_5">
      <Text>AIF projesini tamamlamak şu anda daha da kritiktir ve sizi tur başına +20 [ICON_Gold] Altın ile ödüllendirecektir.</Text>
    </Row>
    <Row Tag="LOC_SCENARIO_AUSTRALIA_EVENT_POLITICAL_EFFECT_6">
      <Text>Başkentinizde ücretsiz bir Yerleşimci ortaya çıktı. Bu noktadan itibaren, yeni şehirler mevcut şehirlerinizin 10 karesi içinde inşa edilmelidir.</Text>
    </Row>
    <!-- Danger Event Gameplay Effects-->
    <Row Tag="LOC_SCENARIO_AUSTRALIA_EVENT_DANGER_EFFECT_1">
      <Text>{1_UnitName}'ünüz {2_Damage} hasar gördü.</Text>
    </Row>
    <Row Tag="LOC_SCENARIO_AUSTRALIA_EVENT_DANGER_EFFECT_2">
      <Text>{1_UnitName}'niz öldürüldü.</Text>
    </Row>
    <Row Tag="LOC_SCENARIO_AUSTRALIA_EVENT_DANGER_EFFECT_3">
      <Text>{1_UnitName}'niz kalıcı olarak 1 [ICON_Movement] Hareket kaybetti.</Text>
    </Row>
    <Row Tag="LOC_SCENARIO_AUSTRALIA_EVENT_DANGER_EFFECT_4">
      <Text>{1_Amount} [ICON_Gold] Altın kaybedersiniz.</Text>
    </Row>
    <Row Tag="LOC_SCENARIO_AUSTRALIA_EVENT_DANGER_EFFECT_5">
      <Text>{1_UnitName}'ünüz en yakın {2_CityName} şehrine geri döndü.</Text>
    </Row>
    <Row Tag="LOC_SCENARIO_AUSTRALIA_EVENT_DANGER_EFFECT_6">
      <Text>Yakınınızdaki {1_Improvement} yağmalandı.</Text>
    </Row>
    <!-- Delay Event Gameplay Effects-->
    <Row Tag="LOC_SCENARIO_AUSTRALIA_EVENT_DELAY_EFFECT_1">
      <Text>{1_UnitName}'ünüz bu tur için {2_Movement} hareket puanı kaybetti.</Text>
    </Row>
    <Row Tag="LOC_SCENARIO_AUSTRALIA_EVENT_DELAY_EFFECT_2">
      <Text>{1_UnitName}'niz bu tur hareket edemeyecek.</Text>
    </Row>
    <Row Tag="LOC_SCENARIO_AUSTRALIA_EVENT_DELAY_EFFECT_3">
      <Text>{1_UnitName} yakınındaki bazı arazilerin bilgisi kaybolmuştur.</Text>
    </Row>
    <!-- Benefit Event Gameplay Effects-->
    <Row Tag="LOC_SCENARIO_AUSTRALIA_EVENT_BENEFIT_EFFECT_1">
      <Text>Bir {1_UnitName}, {2_CityName}'ün en yakın şehrine varmıştır.</Text>
    </Row>
    <Row Tag="LOC_SCENARIO_AUSTRALIA_EVENT_BENEFIT_EFFECT_2">
      <Text>{2_UnitName}'ünüzün yanına bir {1_UnitName} geldi.</Text>
    </Row>
    <Row Tag="LOC_SCENARIO_AUSTRALIA_EVENT_BENEFIT_EFFECT_3">
      <Text>{1_UnitName} yakınındaki keşfedilmemiş bölge ortaya çıkarıldı.</Text>
    </Row>
    <Row Tag="LOC_SCENARIO_AUSTRALIA_EVENT_BENEFIT_EFFECT_4">
      <Text>{1_UnitName}'niz kalıcı olarak +1 [ICON_Movement] Hareket kazandı.</Text>
    </Row>
    <Row Tag="LOC_SCENARIO_AUSTRALIA_EVENT_BENEFIT_EFFECT_5">
      <Text>{1_UnitName}'niz tamamen iyileşti.</Text>
    </Row>
    <Row Tag="LOC_SCENARIO_AUSTRALIA_EVENT_BENEFIT_EFFECT_6">
      <Text>{1_UnitName}'ünüzün {2_HitPoints} puanlık hasarı iyileşti.</Text>
    </Row>
    <Row Tag="LOC_SCENARIO_AUSTRALIA_EVENT_BENEFIT_EFFECT_7">
      <Text>Yakındaki şehriniz {1_CityName} 1 Nüfus kazandı.</Text>
    </Row>
    <Row Tag="LOC_SCENARIO_AUSTRALIA_EVENT_BENEFIT_EFFECT_8">
      <Text>{1_Amount} [ICON_Gold] Altın kazanırsınız.</Text>
    </Row>
    <Row Tag="LOC_SCENARIO_AUSTRALIA_EVENT_BENEFIT_EFFECT_9">
      <Text>Teknoloji için bir Eureka alırsınız {1_TechName}.</Text>
    </Row>
    <Row Tag="LOC_SCENARIO_AUSTRALIA_EVENT_BENEFIT_EFFECT_10">
      <Text>Sivil için bir İlham {1_CivicName} alırsınız.</Text>
    </Row>
    <!-- Exploration Event Titles-->
    <Row Tag="LOC_SCENARIO_AUSTRALIA_EVENT_EXPLORATION_COAST_ADJACENT_TITLE_1">
      <Text>Rip Akıntısına Kapıldı</Text>
    </Row>
    <Row Tag="LOC_SCENARIO_AUSTRALIA_EVENT_EXPLORATION_COAST_ADJACENT_TITLE_2">
      <Text>Kutu Denizanasına Karşı Fırçalanmış</Text>
    </Row>
    <Row Tag="LOC_SCENARIO_AUSTRALIA_EVENT_EXPLORATION_COAST_ADJACENT_TITLE_3">
      <Text>Bir Koni Kabuğu Topladı</Text>
    </Row>
    <Row Tag="LOC_SCENARIO_AUSTRALIA_EVENT_EXPLORATION_COAST_ADJACENT_TITLE_4">
      <Text>Tehlikeli Sis Tarafından Geciktirildi</Text>
    </Row>
    <Row Tag="LOC_SCENARIO_AUSTRALIA_EVENT_EXPLORATION_COAST_ADJACENT_TITLE_5">
      <Text>Aborijin Balıkçılar Tarafından Tedarik Edildi</Text>
    </Row>
    <Row Tag="LOC_SCENARIO_AUSTRALIA_EVENT_EXPLORATION_COAST_ADJACENT_TITLE_6">
      <Text>Kiralık Kaya Toplayıcılar</Text>
    </Row>
    <Row Tag="LOC_SCENARIO_AUSTRALIA_EVENT_EXPLORATION_COAST_ADJACENT_TITLE_7">
      <Text>Bountiful Waters Konumlandırıldı</Text>
    </Row>
    <Row Tag="LOC_SCENARIO_AUSTRALIA_EVENT_EXPLORATION_DESERT_TITLE_1">
      <Text>Su İhtiyacı Ne Yazık ki Azımsanıyor</Text>
    </Row>
    <Row Tag="LOC_SCENARIO_AUSTRALIA_EVENT_EXPLORATION_DESERT_TITLE_2">
      <Text>İz Bırakan Develer</Text>
    </Row>
    <Row Tag="LOC_SCENARIO_AUSTRALIA_EVENT_EXPLORATION_DESERT_TITLE_3">
      <Text>Ölüm Yılanına Bastım</Text>
    </Row>
    <Row Tag="LOC_SCENARIO_AUSTRALIA_EVENT_EXPLORATION_DESERT_TITLE_4">
      <Text>Şiddetli Toz Fırtınası Nedeniyle Gecikme</Text>
    </Row>
    <Row Tag="LOC_SCENARIO_AUSTRALIA_EVENT_EXPLORATION_DESERT_TITLE_5">
      <Text>Oasis Görüldü</Text>
    </Row>
    <Row Tag="LOC_SCENARIO_AUSTRALIA_EVENT_EXPLORATION_DESERT_TITLE_6">
      <Text>Sahipsiz Dingo Yavrusu Bulundu</Text>
    </Row>
    <Row Tag="LOC_SCENARIO_AUSTRALIA_EVENT_EXPLORATION_GRASSLAND_TITLE_1">
      <Text>Buşrangerlar Tarafından Kaçırıldı</Text>
    </Row>
    <Row Tag="LOC_SCENARIO_AUSTRALIA_EVENT_EXPLORATION_GRASSLAND_TITLE_2">
      <Text>Orman Yangınına Yakalandı</Text>
    </Row>
    <Row Tag="LOC_SCENARIO_AUSTRALIA_EVENT_EXPLORATION_GRASSLAND_TITLE_3">
      <Text>Dingolar Tarafından Taciz Edildi</Text>
    </Row>
    <Row Tag="LOC_SCENARIO_AUSTRALIA_EVENT_EXPLORATION_GRASSLAND_TITLE_4">
      <Text>Yanlış Meyveleri Yedik</Text>
    </Row>
    <Row Tag="LOC_SCENARIO_AUSTRALIA_EVENT_EXPLORATION_GRASSLAND_TITLE_5">
      <Text>Gecekonducular tarafından yeniden tedarik edildi</Text>
    </Row>
    <Row Tag="LOC_SCENARIO_AUSTRALIA_EVENT_EXPLORATION_GRASSLAND_TITLE_6">
      <Text>Kiralık Swagmen</Text>
    </Row>
    <Row Tag="LOC_SCENARIO_AUSTRALIA_EVENT_EXPLORATION_MOUNTAINS_ADJACENT_TITLE_1">
      <Text>Rockslide!</Text>
    </Row>
    <Row Tag="LOC_SCENARIO_AUSTRALIA_EVENT_EXPLORATION_MOUNTAINS_ADJACENT_TITLE_2">
      <Text>Olağanüstü Dondurucu Geceler</Text>
    </Row>
    <Row Tag="LOC_SCENARIO_AUSTRALIA_EVENT_EXPLORATION_MOUNTAINS_ADJACENT_TITLE_3">
      <Text>Malzemeler Vadiye Düştü</Text>
    </Row>
    <Row Tag="LOC_SCENARIO_AUSTRALIA_EVENT_EXPLORATION_MOUNTAINS_ADJACENT_TITLE_4">
      <Text>Sonuçsuz Geçit</Text>
    </Row>
    <Row Tag="LOC_SCENARIO_AUSTRALIA_EVENT_EXPLORATION_MOUNTAINS_ADJACENT_TITLE_5">
      <Text>Kiralık Fossickers</Text>
    </Row>
    <Row Tag="LOC_SCENARIO_AUSTRALIA_EVENT_EXPLORATION_MOUNTAINS_ADJACENT_TITLE_6">
      <Text>Keşfedilen Dağ Pınarı</Text>
    </Row>
    <Row Tag="LOC_SCENARIO_AUSTRALIA_EVENT_EXPLORATION_PLAINS_TITLE_1">
      <Text>Kırmızı Kanguru ile Tartışma</Text>
    </Row>
    <Row Tag="LOC_SCENARIO_AUSTRALIA_EVENT_EXPLORATION_PLAINS_TITLE_2">
      <Text>Devam Eden Kuraklık Koşulları</Text>
    </Row>
    <Row Tag="LOC_SCENARIO_AUSTRALIA_EVENT_EXPLORATION_PLAINS_TITLE_3">
      <Text>Spinifex Enfeksiyonu</Text>
    </Row>
    <Row Tag="LOC_SCENARIO_AUSTRALIA_EVENT_EXPLORATION_PLAINS_TITLE_4">
      <Text>Tamamen Yön Kaybı</Text>
    </Row>
    <Row Tag="LOC_SCENARIO_AUSTRALIA_EVENT_EXPLORATION_PLAINS_TITLE_5">
      <Text>Kiralık Hayvancılar</Text>
    </Row>
    <Row Tag="LOC_SCENARIO_AUSTRALIA_EVENT_EXPLORATION_PLAINS_TITLE_6">
      <Text>Galah Flock tarafından Suya Götürüldü</Text>
    </Row>
    <Row Tag="LOC_SCENARIO_AUSTRALIA_EVENT_EXPLORATION_FLOODPLAINS_TITLE_1">
      <Text>Sıtma Sıkıntıları</Text>
    </Row>
    <Row Tag="LOC_SCENARIO_AUSTRALIA_EVENT_EXPLORATION_FLOODPLAINS_TITLE_2">
      <Text>Veba Çekirgeleri Tarafından Aç Bırakıldı</Text>
    </Row>
    <Row Tag="LOC_SCENARIO_AUSTRALIA_EVENT_EXPLORATION_FLOODPLAINS_TITLE_3">
      <Text>Ani Selde Sular Altında Kaldı</Text>
    </Row>
    <Row Tag="LOC_SCENARIO_AUSTRALIA_EVENT_EXPLORATION_FLOODPLAINS_TITLE_4">
      <Text>Çamur Düzlüklerinde Batağa Saplandı</Text>
    </Row>
    <Row Tag="LOC_SCENARIO_AUSTRALIA_EVENT_EXPLORATION_FLOODPLAINS_TITLE_5">
      <Text>Derede Yabbies Yakalandı</Text>
    </Row>
    <Row Tag="LOC_SCENARIO_AUSTRALIA_EVENT_EXPLORATION_MARSH_TITLE_1">
      <Text>Tuzlu Su Timsahı Tarafından Tüketildi</Text>
    </Row>
    <Row Tag="LOC_SCENARIO_AUSTRALIA_EVENT_EXPLORATION_MARSH_TITLE_2">
      <Text>Korkunç İstila Edilmiş Yaralar</Text>
    </Row>
    <Row Tag="LOC_SCENARIO_AUSTRALIA_EVENT_EXPLORATION_MARSH_TITLE_3">
      <Text>Huni Ağ Örümceği Tarafından Isırıldı</Text>
    </Row>
    <Row Tag="LOC_SCENARIO_AUSTRALIA_EVENT_EXPLORATION_MARSH_TITLE_4">
      <Text>Yanlış Balığı Yedik</Text>
    </Row>
    <Row Tag="LOC_SCENARIO_AUSTRALIA_EVENT_EXPLORATION_MARSH_TITLE_5">
      <Text>Bataklıkta Kayıp</Text>
    </Row>
    <Row Tag="LOC_SCENARIO_AUSTRALIA_EVENT_EXPLORATION_MARSH_TITLE_6">
      <Text>Korkunç Bunyip Söylentileri</Text>
    </Row>
    <Row Tag="LOC_SCENARIO_AUSTRALIA_EVENT_EXPLORATION_OASIS_TITLE_1">
      <Text>İplik Kurdu İstilası</Text>
    </Row>
    <Row Tag="LOC_SCENARIO_AUSTRALIA_EVENT_EXPLORATION_OASIS_TITLE_2">
      <Text>Çok Fazla Suyu Çok Hızlı İçmek</Text>
    </Row>
    <Row Tag="LOC_SCENARIO_AUSTRALIA_EVENT_EXPLORATION_OASIS_TITLE_3">
      <Text>Neredeyse Bir İsyan Önlendi</Text>
    </Row>
    <Row Tag="LOC_SCENARIO_AUSTRALIA_EVENT_EXPLORATION_OASIS_TITLE_4">
      <Text>Billabong'da iyileşti</Text>
    </Row>
    <Row Tag="LOC_SCENARIO_AUSTRALIA_EVENT_EXPLORATION_OASIS_TITLE_5">
      <Text>Huzurlu İyileşme</Text>
    </Row>
    <Row Tag="LOC_SCENARIO_AUSTRALIA_EVENT_EXPLORATION_RAINFOREST_TITLE_1">
      <Text>Buradaki Her Şey Zehir</Text>
    </Row>
    <Row Tag="LOC_SCENARIO_AUSTRALIA_EVENT_EXPLORATION_RAINFOREST_TITLE_2">
      <Text>Bir Cassowary ürktü</Text>
    </Row>
    <Row Tag="LOC_SCENARIO_AUSTRALIA_EVENT_EXPLORATION_RAINFOREST_TITLE_3">
      <Text>Dang Humması Hastalığı</Text>
    </Row>
    <Row Tag="LOC_SCENARIO_AUSTRALIA_EVENT_EXPLORATION_RAINFOREST_TITLE_4">
      <Text>Isırgan Karınca Sürüsü Tarafından Rahatsız Edildi</Text>
    </Row>
    <Row Tag="LOC_SCENARIO_AUSTRALIA_EVENT_EXPLORATION_RAINFOREST_TITLE_5">
      <Text>Ortaya Çıkarılan Bilimsel Gizem</Text>
    </Row>
    <Row Tag="LOC_SCENARIO_AUSTRALIA_EVENT_EXPLORATION_WOODS_TITLE_1">
      <Text>Tedirgin Doğu Kahverengi Yılanı</Text>
    </Row>
    <Row Tag="LOC_SCENARIO_AUSTRALIA_EVENT_EXPLORATION_WOODS_TITLE_2">
      <Text>Sakız Ağacından Yanmış Yakacak Odun</Text>
    </Row>
    <Row Tag="LOC_SCENARIO_AUSTRALIA_EVENT_EXPLORATION_WOODS_TITLE_3">
      <Text>Kızgın Bölgesel Emu</Text>
    </Row>
    <Row Tag="LOC_SCENARIO_AUSTRALIA_EVENT_EXPLORATION_WOODS_TITLE_4">
      <Text>Sahte Damla Ayı Söylentileri</Text>
    </Row>
    <Row Tag="LOC_SCENARIO_AUSTRALIA_EVENT_EXPLORATION_WOODS_TITLE_5">
      <Text>Keşfedilen Emu Yumurtası Debriyajı</Text>
    </Row>
    <Row Tag="LOC_SCENARIO_AUSTRALIA_EVENT_EXPLORATION_ANY_TITLE_1">
      <Text>Uğursuz Sonbahar</Text>
    </Row>
    <Row Tag="LOC_SCENARIO_AUSTRALIA_EVENT_EXPLORATION_ANY_TITLE_2">
      <Text>İskorbüt Hastası</Text>
    </Row>
    <Row Tag="LOC_SCENARIO_AUSTRALIA_EVENT_EXPLORATION_ANY_TITLE_3">
      <Text>Çelişkili Yön</Text>
    </Row>
    <Row Tag="LOC_SCENARIO_AUSTRALIA_EVENT_EXPLORATION_ANY_TITLE_4">
      <Text>Atları Bağlamayı Unuttum</Text>
    </Row>
    <Row Tag="LOC_SCENARIO_AUSTRALIA_EVENT_EXPLORATION_ANY_TITLE_5">
      <Text>Bir Kısayol Keşfettim</Text>
    </Row>
    <Row Tag="LOC_SCENARIO_AUSTRALIA_EVENT_EXPLORATION_ANY_TITLE_6">
      <Text>Aborijin Klanı tarafından yeniden tedarik edildi</Text>
    </Row>
    <Row Tag="LOC_SCENARIO_AUSTRALIA_EVENT_EXPLORATION_ANY_TITLE_7">
      <Text>Dingo Yolu'nu takip etti</Text>
    </Row>
    <Row Tag="LOC_SCENARIO_AUSTRALIA_EVENT_EXPLORATION_ANY_TITLE_8">
      <Text>Rakip Kaşiflerle Anlaşmazlık</Text>
    </Row>
    <Row Tag="LOC_SCENARIO_AUSTRALIA_EVENT_EXPLORATION_ANY_TITLE_9">
      <Text>Haritalarda Keşfedilen Yanlışlıklar</Text>
    </Row>
    <Row Tag="LOC_SCENARIO_AUSTRALIA_EVENT_EXPLORATION_ANY_TITLE_10">
      <Text>Hazine!</Text>
    </Row>
    <Row Tag="LOC_SCENARIO_AUSTRALIA_EVENT_EXPLORATION_ANY_TITLE_11">
      <Text>Kiralık Aborijin Rehberler</Text>
    </Row>
    <Row Tag="LOC_SCENARIO_AUSTRALIA_EVENT_EXPLORATION_ANY_TITLE_12">
      <Text>Aborjinleri İstemeden Rencide Etti</Text>
    </Row>
    <Row Tag="LOC_SCENARIO_AUSTRALIA_EVENT_EXPLORATION_ANY_TITLE_13">
      <Text>Kazara Başlayan Orman Yangını</Text>
    </Row>
    <Row Tag="LOC_SCENARIO_AUSTRALIA_EVENT_EXPLORATION_ANY_TITLE_14">
      <Text>Aborjin Göçü</Text>
    </Row>
    <Row Tag="LOC_SCENARIO_AUSTRALIA_EVENT_EXPLORATION_ANY_TITLE_15">
      <Text>Aborijinlerle Sonuçsuz Söylemler</Text>
    </Row>
    <!-- Exploration Event Descriptions-->
    <Row Tag="LOC_SCENARIO_AUSTRALIA_EVENT_EXPLORATION_COAST_ADJACENT_DESCRIPTION_1">
      <Text>Okyanusta serinletici bir dalış olarak başlayan şey trajediyle sonuçlandı.</Text>
    </Row>
    <Row Tag="LOC_SCENARIO_AUSTRALIA_EVENT_EXPLORATION_COAST_ADJACENT_DESCRIPTION_2">
      <Text>Çok kırılgan bir şey, sıvı acı dolu.</Text>
    </Row>
    <Row Tag="LOC_SCENARIO_AUSTRALIA_EVENT_EXPLORATION_COAST_ADJACENT_DESCRIPTION_3">
      <Text>Güzel bir dış görünüş, küçük, zehirli bir zıpkını gizler.</Text>
    </Row>
    <Row Tag="LOC_SCENARIO_AUSTRALIA_EVENT_EXPLORATION_COAST_ADJACENT_DESCRIPTION_4">
      <Text>Denizden geliyordu, top dumanından daha kalındı.</Text>
    </Row>
    <Row Tag="LOC_SCENARIO_AUSTRALIA_EVENT_EXPLORATION_COAST_ADJACENT_DESCRIPTION_5">
      <Text>Yerel suları biliyorlardı ve yerel balıkları yakalıyorlardı. Biz ikisini de yapmadık.</Text>
    </Row>
    <Row Tag="LOC_SCENARIO_AUSTRALIA_EVENT_EXPLORATION_COAST_ADJACENT_DESCRIPTION_6">
      <Text>Kıyıdaki kayalıklardan kaymadan nasıl balık tutuyorlar? Bu bir gizem!</Text>
    </Row>
    <Row Tag="LOC_SCENARIO_AUSTRALIA_EVENT_EXPLORATION_COAST_ADJACENT_DESCRIPTION_7">
      <Text>Harika bir buluntuydu. Bir yerleşimi desteklemeye yetecek kadar.</Text>
    </Row>
    <Row Tag="LOC_SCENARIO_AUSTRALIA_EVENT_EXPLORATION_DESERT_DESCRIPTION_1">
      <Text>Susuzluktan sayıklayan atlar ilk ölenler oldu.</Text>
    </Row>
    <Row Tag="LOC_SCENARIO_AUSTRALIA_EVENT_EXPLORATION_DESERT_DESCRIPTION_2">
      <Text>İlk koloniciler tarafından terk edildiklerinden beri vahşileşmişlerdir.</Text>
    </Row>
    <Row Tag="LOC_SCENARIO_AUSTRALIA_EVENT_EXPLORATION_DESERT_DESCRIPTION_3">
      <Text>Güneşin kavurduğu bu arazide her şey birbirine karışıyor. Yılanlar bile.</Text>
    </Row>
    <Row Tag="LOC_SCENARIO_AUSTRALIA_EVENT_EXPLORATION_DESERT_DESCRIPTION_4">
      <Text>Her şeye bulaştı. Günler sonra hala arkamızdan dökülüyor.</Text>
    </Row>
    <Row Tag="LOC_SCENARIO_AUSTRALIA_EVENT_EXPLORATION_DESERT_DESCRIPTION_5">
      <Text>O lanet çorak arazide bir yaşam adası bulduk.</Text>
    </Row>
    <Row Tag="LOC_SCENARIO_AUSTRALIA_EVENT_EXPLORATION_DESERT_DESCRIPTION_6">
      <Text>Anlamalısınız. Hayatta kalmamız için gerekliydi.</Text>
    </Row>
    <Row Tag="LOC_SCENARIO_AUSTRALIA_EVENT_EXPLORATION_GRASSLAND_DESCRIPTION_1">
      <Text>Yiyecek aldılar ama bize su bıraktılar. Onlar hırsızdı, katil değil.</Text>
    </Row>
    <Row Tag="LOC_SCENARIO_AUSTRALIA_EVENT_EXPLORATION_GRASSLAND_DESCRIPTION_2">
      <Text>Bir dökümhaneden daha sıcak yandı. Kaşlar yanmış ve deri kavrulmuş.</Text>
    </Row>
    <Row Tag="LOC_SCENARIO_AUSTRALIA_EVENT_EXPLORATION_GRASSLAND_DESCRIPTION_3">
      <Text>Günlerce peşimizden koştular ve sonunda başıboş bir sürü hayvanını öldürdüler.</Text>
    </Row>
    <Row Tag="LOC_SCENARIO_AUSTRALIA_EVENT_EXPLORATION_GRASSLAND_DESCRIPTION_4">
      <Text>Acı, bağırsaklarımızdan sıcak kömürler gibi aktı.</Text>
    </Row>
    <Row Tag="LOC_SCENARIO_AUSTRALIA_EVENT_EXPLORATION_GRASSLAND_DESCRIPTION_5">
      <Text>Çalılıkların arasında kendilerine yeni bir hayat kuruyorlardı.</Text>
    </Row>
    <Row Tag="LOC_SCENARIO_AUSTRALIA_EVENT_EXPLORATION_GRASSLAND_DESCRIPTION_6">
      <Text>Gezici çiftçiler mevsime bağlı olarak düzenli iş arıyorlardı.</Text>
    </Row>
    <Row Tag="LOC_SCENARIO_AUSTRALIA_EVENT_EXPLORATION_MOUNTAINS_ADJACENT_DESCRIPTION_1">
      <Text>Yolunun üzerinde kamp kurmuş olmak bizim talihsizliğimizdi.</Text>
    </Row>
    <Row Tag="LOC_SCENARIO_AUSTRALIA_EVENT_EXPLORATION_MOUNTAINS_ADJACENT_DESCRIPTION_2">
      <Text>Yetersiz battaniyeler dağlardan gelen soğuk rüzgârı durduramadı.</Text>
    </Row>
    <Row Tag="LOC_SCENARIO_AUSTRALIA_EVENT_EXPLORATION_MOUNTAINS_ADJACENT_DESCRIPTION_3">
      <Text>Geriye dönüp baktığımızda, onları kenardan daha uzakta saklamalıydık.</Text>
    </Row>
    <Row Tag="LOC_SCENARIO_AUSTRALIA_EVENT_EXPLORATION_MOUNTAINS_ADJACENT_DESCRIPTION_4">
      <Text>Umut verici bir kestirme yol gibi görünen şey, bir günün boşa harcanmasına neden oldu.</Text>
    </Row>
    <Row Tag="LOC_SCENARIO_AUSTRALIA_EVENT_EXPLORATION_MOUNTAINS_ADJACENT_DESCRIPTION_5">
      <Text>Birçoğu çok uzaklarda altın aradı. Çok azı gerçek servet buldu.</Text>
    </Row>
    <Row Tag="LOC_SCENARIO_AUSTRALIA_EVENT_EXPLORATION_MOUNTAINS_ADJACENT_DESCRIPTION_6">
      <Text>Korunaklı bir kaynak bize taşıyabileceğimiz kadar su sağladı.</Text>
    </Row>
    <Row Tag="LOC_SCENARIO_AUSTRALIA_EVENT_EXPLORATION_PLAINS_DESCRIPTION_1">
      <Text>Kendimizi savunmak için kesesinde ne taşıdığını öğrenmeye çalıştık.</Text>
    </Row>
    <Row Tag="LOC_SCENARIO_AUSTRALIA_EVENT_EXPLORATION_PLAINS_DESCRIPTION_2">
      <Text>Açgözlü bitkiler onlardan önce bizim susuzluktan ölmemizi isterdi.</Text>
    </Row>
    <Row Tag="LOC_SCENARIO_AUSTRALIA_EVENT_EXPLORATION_PLAINS_DESCRIPTION_3">
      <Text>Yaprak uçları biz onlara sürtünürken etimizden koptu.</Text>
    </Row>
    <Row Tag="LOC_SCENARIO_AUSTRALIA_EVENT_EXPLORATION_PLAINS_DESCRIPTION_4">
      <Text>Sonsuz benzerlikteki arazide yolumuzu kaybetmek oldukça kolaydı.</Text>
    </Row>
    <Row Tag="LOC_SCENARIO_AUSTRALIA_EVENT_EXPLORATION_PLAINS_DESCRIPTION_5">
      <Text>Yalnız ve zor bir işti ama koşulları umursamıyorlardı.</Text>
    </Row>
    <Row Tag="LOC_SCENARIO_AUSTRALIA_EVENT_EXPLORATION_PLAINS_DESCRIPTION_6">
      <Text>Yerleştikleri yere doğru yürüdük. Güzel kuşlar. Biraz gamlı.</Text>
    </Row>
    <Row Tag="LOC_SCENARIO_AUSTRALIA_EVENT_EXPLORATION_FLOODPLAINS_DESCRIPTION_1">
      <Text>Havada gökyüzünü karartacak kadar sivrisinek vardı.</Text>
    </Row>
    <Row Tag="LOC_SCENARIO_AUSTRALIA_EVENT_EXPLORATION_FLOODPLAINS_DESCRIPTION_2">
      <Text>Bizi ayakta tutabilecek her şeyi yerle bir ettiler.</Text>
    </Row>
    <Row Tag="LOC_SCENARIO_AUSTRALIA_EVENT_EXPLORATION_FLOODPLAINS_DESCRIPTION_3">
      <Text>Eğer yüksek bir yere ulaşamazsa, kişi basitçe ortadan kaybolabilir.</Text>
    </Row>
    <Row Tag="LOC_SCENARIO_AUSTRALIA_EVENT_EXPLORATION_FLOODPLAINS_DESCRIPTION_4">
      <Text>Bazı botlar ve çoraplar çamurda kayboldu.</Text>
    </Row>
    <Row Tag="LOC_SCENARIO_AUSTRALIA_EVENT_EXPLORATION_FLOODPLAINS_DESCRIPTION_5">
      <Text>Kabukları hariç, haşlandıklarında yenilebilirler.</Text>
    </Row>
    <Row Tag="LOC_SCENARIO_AUSTRALIA_EVENT_EXPLORATION_MARSH_DESCRIPTION_1">
      <Text>Ses ya da çığlık yoktu. Sadece suyun üzerinde bir dalgalanma.</Text>
    </Row>
    <Row Tag="LOC_SCENARIO_AUSTRALIA_EVENT_EXPLORATION_MARSH_DESCRIPTION_2">
      <Text>O lanet olası mavi şişeler kesinlikle suçluydu.</Text>
    </Row>
    <Row Tag="LOC_SCENARIO_AUSTRALIA_EVENT_EXPLORATION_MARSH_DESCRIPTION_3">
      <Text>Yaratık ne kadar küçükse, zehri o kadar güçlüdür. Genel olarak.</Text>
    </Row>
    <Row Tag="LOC_SCENARIO_AUSTRALIA_EVENT_EXPLORATION_MARSH_DESCRIPTION_4">
      <Text>Bütün balıklar yemek için değildir. Özellikle de bu.</Text>
    </Row>
    <Row Tag="LOC_SCENARIO_AUSTRALIA_EVENT_EXPLORATION_MARSH_DESCRIPTION_5">
      <Text>Arazi gün boyunca değişiyor gibi. Işık hilesi mi?</Text>
    </Row>
    <Row Tag="LOC_SCENARIO_AUSTRALIA_EVENT_EXPLORATION_MARSH_DESCRIPTION_6">
      <Text>O bataklıkta bir çalı ruhunun bizi takip ettiğine hiç şüphe yok.</Text>
    </Row>
    <Row Tag="LOC_SCENARIO_AUSTRALIA_EVENT_EXPLORATION_OASIS_DESCRIPTION_1">
      <Text>Outback'in en taze suyu bile bağırsak tehlikeleri taşır.</Text>
    </Row>
    <Row Tag="LOC_SCENARIO_AUSTRALIA_EVENT_EXPLORATION_OASIS_DESCRIPTION_2">
      <Text>Uzun süre susuz kaldıktan sonra, susuzluk kötü seçimlere yol açar.</Text>
    </Row>
    <Row Tag="LOC_SCENARIO_AUSTRALIA_EVENT_EXPLORATION_OASIS_DESCRIPTION_3">
      <Text>Vahadan ayrılmayı reddettiler. Neredeyse kavga çıkıyordu.</Text>
    </Row>
    <Row Tag="LOC_SCENARIO_AUSTRALIA_EVENT_EXPLORATION_OASIS_DESCRIPTION_4">
      <Text>Yalnız su birikintisi moralimizi yükseltti.</Text>
    </Row>
    <Row Tag="LOC_SCENARIO_AUSTRALIA_EVENT_EXPLORATION_OASIS_DESCRIPTION_5">
      <Text>Güzel bir gün. Keşke diğerlerini dengeleyebilseydi.</Text>
    </Row>
    <Row Tag="LOC_SCENARIO_AUSTRALIA_EVENT_EXPLORATION_RAINFOREST_DESCRIPTION_1">
      <Text>Her böcek, hayvan, çiçek, kök ya da asma bizi öldürebilirdi.</Text>
    </Row>
    <Row Tag="LOC_SCENARIO_AUSTRALIA_EVENT_EXPLORATION_RAINFOREST_DESCRIPTION_2">
      <Text>Düşünsenize, ilk sıçradığında ve ayaklarını tekmelediğinde gülmüştük.</Text>
    </Row>
    <Row Tag="LOC_SCENARIO_AUSTRALIA_EVENT_EXPLORATION_RAINFOREST_DESCRIPTION_3">
      <Text>Bir yara kaderin mührünü taşımadan önce ateş bir süre devam etti.</Text>
    </Row>
    <Row Tag="LOC_SCENARIO_AUSTRALIA_EVENT_EXPLORATION_RAINFOREST_DESCRIPTION_4">
      <Text>Karınca tepelerinde yatmak gibi eşsiz bir talihsizliğimiz vardı.</Text>
    </Row>
    <Row Tag="LOC_SCENARIO_AUSTRALIA_EVENT_EXPLORATION_RAINFOREST_DESCRIPTION_5">
      <Text>Bu garip ormanda bulunacak harikalar var.</Text>
    </Row>
    <Row Tag="LOC_SCENARIO_AUSTRALIA_EVENT_EXPLORATION_WOODS_DESCRIPTION_1">
      <Text>Sebepsiz yere vurduğunda kötücül doğasını ortaya çıkardı.</Text>
    </Row>
    <Row Tag="LOC_SCENARIO_AUSTRALIA_EVENT_EXPLORATION_WOODS_DESCRIPTION_2">
      <Text>Patlamayı öngöremedik. Bazıları bunun bir top saldırısı olduğunu düşündü.</Text>
    </Row>
    <Row Tag="LOC_SCENARIO_AUSTRALIA_EVENT_EXPLORATION_WOODS_DESCRIPTION_3">
      <Text>Vahşi gagalaması bizi hazırlıksız yakaladı.</Text>
    </Row>
    <Row Tag="LOC_SCENARIO_AUSTRALIA_EVENT_EXPLORATION_WOODS_DESCRIPTION_4">
      <Text>Etobur bir koalayla hiç karşılaşmadık. Biz şanslı olanlardık.</Text>
    </Row>
    <Row Tag="LOC_SCENARIO_AUSTRALIA_EVENT_EXPLORATION_WOODS_DESCRIPTION_5">
      <Text>Çiğ yenildiğinde, yumurta sarısı çalı istiridyesi kıvamındaydı.</Text>
    </Row>
    <Row Tag="LOC_SCENARIO_AUSTRALIA_EVENT_EXPLORATION_ANY_DESCRIPTION_1">
      <Text>Gerekirse aksak bir bineği vurabilirsiniz. Bir insan için öyle değil.</Text>
    </Row>
    <Row Tag="LOC_SCENARIO_AUSTRALIA_EVENT_EXPLORATION_ANY_DESCRIPTION_2">
      <Text>Birinin ağzının çatısından deri sıyrılırdı. Oldukça nahoş.</Text>
    </Row>
    <Row Tag="LOC_SCENARIO_AUSTRALIA_EVENT_EXPLORATION_ANY_DESCRIPTION_3">
      <Text>Zorlu koşullar ve yıpranmış sinirler çoğu zaman kavgaya yol açar.</Text>
    </Row>
    <Row Tag="LOC_SCENARIO_AUSTRALIA_EVENT_EXPLORATION_ANY_DESCRIPTION_4">
      <Text>Şehirde basit bir hata. Outback'te daha az.</Text>
    </Row>
    <Row Tag="LOC_SCENARIO_AUSTRALIA_EVENT_EXPLORATION_ANY_DESCRIPTION_5">
      <Text>Görünüşte dikkat çekici olmayan bir yol, zaman zaman umut vaat ederdi.</Text>
    </Row>
    <Row Tag="LOC_SCENARIO_AUSTRALIA_EVENT_EXPLORATION_ANY_DESCRIPTION_6">
      <Text>Şansımıza, çalılıkların her yerinde insan yaşamı yok değil.</Text>
    </Row>
    <Row Tag="LOC_SCENARIO_AUSTRALIA_EVENT_EXPLORATION_ANY_DESCRIPTION_7">
      <Text>Dingo'lar suya ve avlarına giderlerdi. En iyisi yerlileri takip etmek.</Text>
    </Row>
    <Row Tag="LOC_SCENARIO_AUSTRALIA_EVENT_EXPLORATION_ANY_DESCRIPTION_8">
      <Text>Birçoğu bulguları kendileri için talep etmeye hevesliydi.</Text>
    </Row>
    <Row Tag="LOC_SCENARIO_AUSTRALIA_EVENT_EXPLORATION_ANY_DESCRIPTION_9">
      <Text>Belki de haklıydılar. Outback'te bakış açısı gariptir.</Text>
    </Row>
    <Row Tag="LOC_SCENARIO_AUSTRALIA_EVENT_EXPLORATION_ANY_DESCRIPTION_10">
      <Text>Başarısız bir kaşifin cesedinde bulunması utanç verici.</Text>
    </Row>
    <Row Tag="LOC_SCENARIO_AUSTRALIA_EVENT_EXPLORATION_ANY_DESCRIPTION_11">
      <Text>Daha fazla yer kaplamak için partimizi bölebildik.</Text>
    </Row>
    <Row Tag="LOC_SCENARIO_AUSTRALIA_EVENT_EXPLORATION_ANY_DESCRIPTION_12">
      <Text>Çok sonraları bunun klana yönelik ağır bir hakaret olduğunu anladık.</Text>
    </Row>
    <Row Tag="LOC_SCENARIO_AUSTRALIA_EVENT_EXPLORATION_ANY_DESCRIPTION_13">
      <Text>O zamanlar ne kadar uzağa gideceği hakkında hiçbir fikrimiz yoktu. Çok uzağa.</Text>
    </Row>
    <Row Tag="LOC_SCENARIO_AUSTRALIA_EVENT_EXPLORATION_ANY_DESCRIPTION_14">
      <Text>Kötü koşullar onları servetlerini başka yerlerde aramaya yöneltti.</Text>
    </Row>
    <Row Tag="LOC_SCENARIO_AUSTRALIA_EVENT_EXPLORATION_ANY_DESCRIPTION_15">
      <Text>Görünüşe göre yabancılarla önceki karşılaşmaları olumsuzdu.</Text>
    </Row>
    <!-- Exploration Event Journal Entries-->
    <Row Tag="LOC_SCENARIO_AUSTRALIA_EVENT_EXPLORATION_COAST_ADJACENT_JOURNAL_1">
      <Text>Denize sürüklenmiş, boğulduğu sanılıyor.</Text>
    </Row>
    <Row Tag="LOC_SCENARIO_AUSTRALIA_EVENT_EXPLORATION_COAST_ADJACENT_JOURNAL_2">
      <Text>Çiftleşme iğnelerine ayak bastı. Ampütasyon başarısız.</Text>
    </Row>
    <Row Tag="LOC_SCENARIO_AUSTRALIA_EVENT_EXPLORATION_COAST_ADJACENT_JOURNAL_3">
      <Text>Koni kabuğunu kulağına tuttu. Okyanusu duymadım.</Text>
    </Row>
    <Row Tag="LOC_SCENARIO_AUSTRALIA_EVENT_EXPLORATION_COAST_ADJACENT_JOURNAL_4">
      <Text>Görünürlük yok. İlerleme yok.</Text>
    </Row>
    <Row Tag="LOC_SCENARIO_AUSTRALIA_EVENT_EXPLORATION_COAST_ADJACENT_JOURNAL_5">
      <Text>Taze yiyecek ve su karşılığında takas edilir.</Text>
    </Row>
    <Row Tag="LOC_SCENARIO_AUSTRALIA_EVENT_EXPLORATION_COAST_ADJACENT_JOURNAL_6">
      <Text>Çalışmaya hevesli, uyumlu tipler.</Text>
    </Row>
    <Row Tag="LOC_SCENARIO_AUSTRALIA_EVENT_EXPLORATION_COAST_ADJACENT_JOURNAL_7">
      <Text>Gerçek bir bereket. Yer kaydedildi.</Text>
    </Row>
    <Row Tag="LOC_SCENARIO_AUSTRALIA_EVENT_EXPLORATION_DESERT_JOURNAL_1">
      <Text>Hayatta kalmak için ürettiğimiz suya güveniyoruz.</Text>
    </Row>
    <Row Tag="LOC_SCENARIO_AUSTRALIA_EVENT_EXPLORATION_DESERT_JOURNAL_2">
      <Text>Ezilmiş. Tek hörgüçlü hayvan tükürüğünden kör oldu. Moraller düşük.</Text>
    </Row>
    <Row Tag="LOC_SCENARIO_AUSTRALIA_EVENT_EXPLORATION_DESERT_JOURNAL_3">
      <Text>Baldırından ısırılmış. Kısa süre sonra ciğerleri kapandı.</Text>
    </Row>
    <Row Tag="LOC_SCENARIO_AUSTRALIA_EVENT_EXPLORATION_DESERT_JOURNAL_4">
      <Text>Görüş mesafesi yok. Tükürük çamurlu. İlerleme yok.</Text>
    </Row>
    <Row Tag="LOC_SCENARIO_AUSTRALIA_EVENT_EXPLORATION_DESERT_JOURNAL_5">
      <Text>Görünürde rahatlama var. Konum kaydedildi.</Text>
    </Row>
    <Row Tag="LOC_SCENARIO_AUSTRALIA_EVENT_EXPLORATION_DESERT_JOURNAL_6">
      <Text>Erzaklar yenilendi. Moral düşük.</Text>
    </Row>
    <Row Tag="LOC_SCENARIO_AUSTRALIA_EVENT_EXPLORATION_GRASSLAND_JOURNAL_1">
      <Text>İlk yumruklaşmalarda dişlerini kaybetti. Yiyecekler de kayboldu.</Text>
    </Row>
    <Row Tag="LOC_SCENARIO_AUSTRALIA_EVENT_EXPLORATION_GRASSLAND_JOURNAL_2">
      <Text>Küllerin arasındaki kalıntıları seçemedim. Devam ediyorum.</Text>
    </Row>
    <Row Tag="LOC_SCENARIO_AUSTRALIA_EVENT_EXPLORATION_GRASSLAND_JOURNAL_3">
      <Text>Sonsuz uluma. Uykusuz dört gece. Moraller düşük.</Text>
    </Row>
    <Row Tag="LOC_SCENARIO_AUSTRALIA_EVENT_EXPLORATION_GRASSLAND_JOURNAL_4">
      <Text>Susuz kalmış. Morali bozulmuş. Seyahat edemeyecek kadar zayıf.</Text>
    </Row>
    <Row Tag="LOC_SCENARIO_AUSTRALIA_EVENT_EXPLORATION_GRASSLAND_JOURNAL_5">
      <Text>Beslendik ve ikmal yaptık. Moral yüksek.</Text>
    </Row>
    <Row Tag="LOC_SCENARIO_AUSTRALIA_EVENT_EXPLORATION_GRASSLAND_JOURNAL_6">
      <Text>En yakın yerleşim yeri için harita sağlanmıştır.</Text>
    </Row>
    <Row Tag="LOC_SCENARIO_AUSTRALIA_EVENT_EXPLORATION_MOUNTAINS_ADJACENT_JOURNAL_1">
      <Text>Tıbbi malzemeler kayboldu. Yaralılar hala kötü tedavi ediliyor.</Text>
    </Row>
    <Row Tag="LOC_SCENARIO_AUSTRALIA_EVENT_EXPLORATION_MOUNTAINS_ADJACENT_JOURNAL_2">
      <Text>Frostbite. Hepimiz etkilenmeden önce devam etmeliyiz.</Text>
    </Row>
    <Row Tag="LOC_SCENARIO_AUSTRALIA_EVENT_EXPLORATION_MOUNTAINS_ADJACENT_JOURNAL_3">
      <Text>Kurtarma girişimi başarısız oldu. Aç, yaralı, moralsiz.</Text>
    </Row>
    <Row Tag="LOC_SCENARIO_AUSTRALIA_EVENT_EXPLORATION_MOUNTAINS_ADJACENT_JOURNAL_4">
      <Text>Geçit çıkmaz sokaktı. Önceki kamp alanına döndük.</Text>
    </Row>
    <Row Tag="LOC_SCENARIO_AUSTRALIA_EVENT_EXPLORATION_MOUNTAINS_ADJACENT_JOURNAL_5">
      <Text>Fosil arayıcılarını en yakın koloni maden ofisine yönlendirdi.</Text>
    </Row>
    <Row Tag="LOC_SCENARIO_AUSTRALIA_EVENT_EXPLORATION_MOUNTAINS_ADJACENT_JOURNAL_6">
      <Text>Korunaklı ve ikmalli. Yiyecek bulmak iyi. Moral yüksek.</Text>
    </Row>
    <Row Tag="LOC_SCENARIO_AUSTRALIA_EVENT_EXPLORATION_PLAINS_JOURNAL_1">
      <Text>Tekrarlanan tekmeler organ hasarına ve ardından ölüme yol açtı.</Text>
    </Row>
    <Row Tag="LOC_SCENARIO_AUSTRALIA_EVENT_EXPLORATION_PLAINS_JOURNAL_2">
      <Text>Toprak kavruldu. Keşif gezisi de kavruldu. İleri.</Text>
    </Row>
    <Row Tag="LOC_SCENARIO_AUSTRALIA_EVENT_EXPLORATION_PLAINS_JOURNAL_3">
      <Text>Bu arazide spinifex kümelerinden kaçınmak imkansız.</Text>
    </Row>
    <Row Tag="LOC_SCENARIO_AUSTRALIA_EVENT_EXPLORATION_PLAINS_JOURNAL_4">
      <Text>Dünkü yolu öğleden önce iki kez geçtik. Moraller düşük.</Text>
    </Row>
    <Row Tag="LOC_SCENARIO_AUSTRALIA_EVENT_EXPLORATION_PLAINS_JOURNAL_5">
      <Text>En yakın taşra istasyonu yakında daha fazla hayvancıya sahip olacak.</Text>
    </Row>
    <Row Tag="LOC_SCENARIO_AUSTRALIA_EVENT_EXPLORATION_PLAINS_JOURNAL_6">
      <Text>Su tulumları ve karınlar patlayacak kadar dolu. Moraller yüksek.</Text>
    </Row>
    <Row Tag="LOC_SCENARIO_AUSTRALIA_EVENT_EXPLORATION_FLOODPLAINS_JOURNAL_1">
      <Text>Bitmeyen ateş. İyileşme mümkün değil. Moral düşük.</Text>
    </Row>
    <Row Tag="LOC_SCENARIO_AUSTRALIA_EVENT_EXPLORATION_FLOODPLAINS_JOURNAL_2">
      <Text>Yem arama etkisiz. Kemerler sıkıldı. Moraller düşük.</Text>
    </Row>
    <Row Tag="LOC_SCENARIO_AUSTRALIA_EVENT_EXPLORATION_FLOODPLAINS_JOURNAL_3">
      <Text>Gece kampın dışına sürüklenmiş, öldüğü sanılıyor.</Text>
    </Row>
    <Row Tag="LOC_SCENARIO_AUSTRALIA_EVENT_EXPLORATION_FLOODPLAINS_JOURNAL_4">
      <Text>Kayda değer bir ilerleme yok. Sineklerle kaplı. Moral düşük.</Text>
    </Row>
    <Row Tag="LOC_SCENARIO_AUSTRALIA_EVENT_EXPLORATION_FLOODPLAINS_JOURNAL_5">
      <Text>Kabuklular bulundu! Erzaklar yenilendi. Moral yüksek.</Text>
    </Row>
    <Row Tag="LOC_SCENARIO_AUSTRALIA_EVENT_EXPLORATION_MARSH_JOURNAL_1">
      <Text>Doyduğunu düşündüğümüzde ayrıldı. Bir kez yanlış değerlendirdik.</Text>
    </Row>
    <Row Tag="LOC_SCENARIO_AUSTRALIA_EVENT_EXPLORATION_MARSH_JOURNAL_2">
      <Text>Etkilenenler çığlık atarak bataklığa kaçtı. Öldü sanılıyor.</Text>
    </Row>
    <Row Tag="LOC_SCENARIO_AUSTRALIA_EVENT_EXPLORATION_MARSH_JOURNAL_3">
      <Text>Bu misafirperver olmayan topraklar ne dehşetler içeriyor!</Text>
    </Row>
    <Row Tag="LOC_SCENARIO_AUSTRALIA_EVENT_EXPLORATION_MARSH_JOURNAL_4">
      <Text>Felcin ardından dağınık bir ölüm geldi.</Text>
    </Row>
    <Row Tag="LOC_SCENARIO_AUSTRALIA_EVENT_EXPLORATION_MARSH_JOURNAL_5">
      <Text>Saatler süren zorlu bir yolculuk. Kampı bulduk. Bizimki, dünden kalma.</Text>
    </Row>
    <Row Tag="LOC_SCENARIO_AUSTRALIA_EVENT_EXPLORATION_MARSH_JOURNAL_6">
      <Text>Bunyip'in iddiaları açık bir kaçma girişimidir. İlerleme yok.</Text>
    </Row>
    <Row Tag="LOC_SCENARIO_AUSTRALIA_EVENT_EXPLORATION_OASIS_JOURNAL_1">
      <Text>Kaşıntı enfeksiyona yol açtı. Uyuyamıyor ya da oturamıyor.</Text>
    </Row>
    <Row Tag="LOC_SCENARIO_AUSTRALIA_EVENT_EXPLORATION_OASIS_JOURNAL_2">
      <Text>Su hastalığından kurtulması bekleniyor. İlerleme yok.</Text>
    </Row>
    <Row Tag="LOC_SCENARIO_AUSTRALIA_EVENT_EXPLORATION_OASIS_JOURNAL_3">
      <Text>Sağduyu, iyileşme süremizi uzatmamızı öneriyor.</Text>
    </Row>
    <Row Tag="LOC_SCENARIO_AUSTRALIA_EVENT_EXPLORATION_OASIS_JOURNAL_4">
      <Text>Keyifli abdestler. Moral yüksek.</Text>
    </Row>
    <Row Tag="LOC_SCENARIO_AUSTRALIA_EVENT_EXPLORATION_OASIS_JOURNAL_5">
      <Text>Erzaklar yenilendi. Su tulumları şişkin. Moral yüksek.</Text>
    </Row>
    <Row Tag="LOC_SCENARIO_AUSTRALIA_EVENT_EXPLORATION_RAINFOREST_JOURNAL_1">
      <Text>Bilinmeyen bir kaynaktan bilinmeyen bir nedenle bir ölü daha.</Text>
    </Row>
    <Row Tag="LOC_SCENARIO_AUSTRALIA_EVENT_EXPLORATION_RAINFOREST_JOURNAL_2">
      <Text>Jilet pençeli bir kuş tarafından boğazı kesilmiş. Ölüm çabuk oldu.</Text>
    </Row>
    <Row Tag="LOC_SCENARIO_AUSTRALIA_EVENT_EXPLORATION_RAINFOREST_JOURNAL_3">
      <Text>Dang humması. Hepimiz bunun nasıl bittiğini biliyoruz. Moraller düşük.</Text>
    </Row>
    <Row Tag="LOC_SCENARIO_AUSTRALIA_EVENT_EXPLORATION_RAINFOREST_JOURNAL_4">
      <Text>Yataklar kullanılamaz halde. Bütün gün karıncaları tütsüleyerek geçirdim.</Text>
    </Row>
    <Row Tag="LOC_SCENARIO_AUSTRALIA_EVENT_EXPLORATION_RAINFOREST_JOURNAL_5">
      <Text>Bolca not aldım. İsim hakları bizim olacak!</Text>
    </Row>
    <Row Tag="LOC_SCENARIO_AUSTRALIA_EVENT_EXPLORATION_WOODS_JOURNAL_1">
      <Text>Yılanları köşeye sıkıştırmanın tehlikelerini yineledi.</Text>
    </Row>
    <Row Tag="LOC_SCENARIO_AUSTRALIA_EVENT_EXPLORATION_WOODS_JOURNAL_2">
      <Text>Atların cesareti kırıldı. Yanıklar iyileşti. Kaşlar yakıldı.</Text>
    </Row>
    <Row Tag="LOC_SCENARIO_AUSTRALIA_EVENT_EXPLORATION_WOODS_JOURNAL_3">
      <Text>Gözünü kaybetmiş. Yörünge enfekte olmuş. Kurbana emu butu teklif edildi.</Text>
    </Row>
    <Row Tag="LOC_SCENARIO_AUSTRALIA_EVENT_EXPLORATION_WOODS_JOURNAL_4">
      <Text>Zırvalıklar yüzünden bir gün kaybettim. Aptallar etrafımı sardı.</Text>
    </Row>
    <Row Tag="LOC_SCENARIO_AUSTRALIA_EVENT_EXPLORATION_WOODS_JOURNAL_5">
      <Text>Erzaklar yenilendi. Moraller yüksek.</Text>
    </Row>
    <Row Tag="LOC_SCENARIO_AUSTRALIA_EVENT_EXPLORATION_ANY_JOURNAL_1">
      <Text>Arazinin değişkenliği nedeniyle ağır yaralanma.</Text>
    </Row>
    <Row Tag="LOC_SCENARIO_AUSTRALIA_EVENT_EXPLORATION_ANY_JOURNAL_2">
      <Text>Umutsuzca kaliteli yiyeceklere ihtiyacım var.</Text>
    </Row>
    <Row Tag="LOC_SCENARIO_AUSTRALIA_EVENT_EXPLORATION_ANY_JOURNAL_3">
      <Text>Bazıları ciddi darbeler aldı. Moraller düşüktü.</Text>
    </Row>
    <Row Tag="LOC_SCENARIO_AUSTRALIA_EVENT_EXPLORATION_ANY_JOURNAL_4">
      <Text>Bağlamanın gerekliliğini şiddetle vurgulamıştır.</Text>
    </Row>
    <Row Tag="LOC_SCENARIO_AUSTRALIA_EVENT_EXPLORATION_ANY_JOURNAL_5">
      <Text>Yarınki yolculuğu hızlandırmak için gizli bir patika buldum.</Text>
    </Row>
    <Row Tag="LOC_SCENARIO_AUSTRALIA_EVENT_EXPLORATION_ANY_JOURNAL_6">
      <Text>Taze yiyecek ve suyla takas edildi. Hep ileri.</Text>
    </Row>
    <Row Tag="LOC_SCENARIO_AUSTRALIA_EVENT_EXPLORATION_ANY_JOURNAL_7">
      <Text>Billabong'u bulduk, dingoları kovaladık, su takviyesi yaptık.</Text>
    </Row>
    <Row Tag="LOC_SCENARIO_AUSTRALIA_EVENT_EXPLORATION_ANY_JOURNAL_8">
      <Text>Sonunda isim haklarının paylaşılması konusunda anlaşmaya varıldı.</Text>
    </Row>
    <Row Tag="LOC_SCENARIO_AUSTRALIA_EVENT_EXPLORATION_ANY_JOURNAL_9">
      <Text>Biraz daha keşif yapılması gerekiyor. Konum not edildi.</Text>
    </Row>
    <Row Tag="LOC_SCENARIO_AUSTRALIA_EVENT_EXPLORATION_ANY_JOURNAL_10">
      <Text>Ödül vaadi sayılarımızı heyecanlandırdı. Moralimiz yüksek.</Text>
    </Row>
    <Row Tag="LOC_SCENARIO_AUSTRALIA_EVENT_EXPLORATION_ANY_JOURNAL_11">
      <Text>Ne şans ama! Şimdi servetimizi ikiye katladık.</Text>
    </Row>
    <Row Tag="LOC_SCENARIO_AUSTRALIA_EVENT_EXPLORATION_ANY_JOURNAL_12">
      <Text>Daha fazla düşmanlıktan kaçınmak için aceleyle bölgeden ayrıldı.</Text>
    </Row>
    <Row Tag="LOC_SCENARIO_AUSTRALIA_EVENT_EXPLORATION_ANY_JOURNAL_13">
      <Text>Kamp ateşi korları yangını başlattı. Hayatlarımız için kaçtık.</Text>
    </Row>
    <Row Tag="LOC_SCENARIO_AUSTRALIA_EVENT_EXPLORATION_ANY_JOURNAL_14">
      <Text>Klanı en yakın yerleşim yerine yönlendirdi. İlerleyin.</Text>
    </Row>
    <Row Tag="LOC_SCENARIO_AUSTRALIA_EVENT_EXPLORATION_ANY_JOURNAL_15">
      <Text>Güvencelere rağmen ticaret reddedildi. Kısa süre sonra ayrıldı.</Text>
    </Row>
  </EnglishText>
</GameData>