﻿<?xml version="1.0" encoding="utf-8"?>
<GameData>
  <Language_en_US>
    <!-- AUSTRIA -->
    <Row Tag="TXT_KEY_CITY_NAME_VIENNA">
      <Text>Viyana</Text>
    </Row>
    <Row Tag="TXT_KEY_CITY_NAME_SALZBURG">
      <Text>Salzburg</Text>
    </Row>
    <Row Tag="TXT_KEY_CITY_NAME_GRAZ">
      <Text>Graz</Text>
    </Row>
    <Row Tag="TXT_KEY_CITY_NAME_LINZ">
      <Text>Linz</Text>
    </Row>
    <Row Tag="TXT_KEY_CITY_NAME_KLAGENFURT">
      <Text>Klagenfurt</Text>
    </Row>
    <Row Tag="TXT_KEY_CITY_NAME_BREGENZ">
      <Text>Bregenz</Text>
    </Row>
    <Row Tag="TXT_KEY_CITY_NAME_INNSBRUCK">
      <Text>Innsbruck</Text>
    </Row>
    <Row Tag="TXT_KEY_CITY_NAME_KITZBUHEL">
      <Text>Kitzbuhel</Text>
    </Row>
    <Row Tag="TXT_KEY_CITY_NAME_STPOLTEN">
      <Text>St. Polten</Text>
    </Row>
    <Row Tag="TXT_KEY_CITY_NAME_EISENSTADT">
      <Text>Eisenstadt</Text>
    </Row>
    <Row Tag="TXT_KEY_CITY_NAME_VILLACH">
      <Text>Villach</Text>
    </Row>
    <Row Tag="TXT_KEY_CITY_NAME_ZWETTL">
      <Text>Zwettl</Text>
    </Row>
    <Row Tag="TXT_KEY_CITY_NAME_TRAUN">
      <Text>Traun</Text>
    </Row>
    <Row Tag="TXT_KEY_CITY_NAME_WELS">
      <Text>Wels</Text>
    </Row>
    <Row Tag="TXT_KEY_CITY_NAME_DORNBIRN">
      <Text>Dornbirn</Text>
    </Row>
    <Row Tag="TXT_KEY_CITY_NAME_FELDKIRCH">
      <Text>Feldkirch</Text>
    </Row>
    <Row Tag="TXT_KEY_CITY_NAME_AMSTETTEN">
      <Text>Amstetten</Text>
    </Row>
    <Row Tag="TXT_KEY_CITY_NAME_BADISCHL">
      <Text>Bad Ischl</Text>
    </Row>
    <Row Tag="TXT_KEY_CITY_NAME_WOLFSBERG">
      <Text>Wolfsberg</Text>
    </Row>
    <Row Tag="TXT_KEY_CITY_NAME_KUFSTEIN">
      <Text>Kufstein</Text>
    </Row>
    <Row Tag="TXT_KEY_CITY_NAME_LEOBEN">
      <Text>Leoben</Text>
    </Row>
    <Row Tag="TXT_KEY_CITY_NAME_KLOSTERNEUBURG">
      <Text>Klosterneuburg</Text>
    </Row>
    <Row Tag="TXT_KEY_CITY_NAME_LEONDING">
      <Text>Leonding</Text>
    </Row>
    <Row Tag="TXT_KEY_CITY_NAME_KAPFENBERG">
      <Text>Kapfenberg</Text>
    </Row>
    <Row Tag="TXT_KEY_CITY_NAME_HALLEIN">
      <Text>Hallein</Text>
    </Row>
    <Row Tag="TXT_KEY_CITY_NAME_BISCHOFSHOFEN">
      <Text>Bischofshofen</Text>
    </Row>
    <Row Tag="TXT_KEY_CITY_NAME_WAIDHOFEN">
      <Text>Waidhofen</Text>
    </Row>
    <Row Tag="TXT_KEY_CITY_NAME_SAALBACH">
      <Text>Saalbach</Text>
    </Row>
    <Row Tag="TXT_KEY_CITY_NAME_LIENZ">
      <Text>Lienz</Text>
    </Row>
    <Row Tag="TXT_KEY_CITY_NAME_STEYR">
      <Text>Steyr</Text>
    </Row>
    <!-- HUNS -->
    <Row Tag="TXT_KEY_CITY_NAME_ATTILAS_COURT">
      <Text>Attila'nin Mahkemesi</Text>
    </Row>
    <!-- MAYA -->
    <!--- <Row Tag="TXT_KEY_CITY_NAME_PALENQUE">
			<Text>Palenque</Text>
		</Row>
		<Row Tag="TXT_KEY_CITY_NAME_TIKAL">
			<Text>Tikal</Text>
		</Row>-->
    <Row Tag="TXT_KEY_CITY_NAME_CHICHENITZA">
      <Text>Chichen Itza</Text>
    </Row>
    <Row Tag="TXT_KEY_CITY_NAME_UXMAL">
      <Text>Uxmal</Text>
    </Row>
    <Row Tag="TXT_KEY_CITY_NAME_TULUM">
      <Text>Tulum</Text>
    </Row>
    <Row Tag="TXT_KEY_CITY_NAME_COPAN">
      <Text>Copan</Text>
    </Row>
    <Row Tag="TXT_KEY_CITY_NAME_COBA">
      <Text>Coba</Text>
    </Row>
    <Row Tag="TXT_KEY_CITY_NAME_ELMIRADOR">
      <Text>El Mirador</Text>
    </Row>
    <Row Tag="TXT_KEY_CITY_NAME_CALAKMUL">
      <Text>Calakmul</Text>
    </Row>
    <Row Tag="TXT_KEY_CITY_NAME_EDZNA">
      <Text>Edzna</Text>
    </Row>
    <Row Tag="TXT_KEY_CITY_NAME_LAMANAI">
      <Text>Lamanai</Text>
    </Row>
    <Row Tag="TXT_KEY_CITY_NAME_IZAPA">
      <Text>Izapa</Text>
    </Row>
    <Row Tag="TXT_KEY_CITY_NAME_UAXACTUN">
      <Text>Uaxactun</Text>
    </Row>
    <Row Tag="TXT_KEY_CITY_NAME_COMALCALCO">
      <Text>Comalcalco</Text>
    </Row>
    <Row Tag="TXT_KEY_CITY_NAME_PIEDRANEGRAS">
      <Text>Piedras Negras</Text>
    </Row>
    <Row Tag="TXT_KEY_CITY_NAME_CANCUEN">
      <Text>Cancuen</Text>
    </Row>
    <Row Tag="TXT_KEY_CITY_NAME_YAXHA">
      <Text>Yaxha</Text>
    </Row>
    <Row Tag="TXT_KEY_CITY_NAME_QUIRIGUA">
      <Text>Quirigua</Text>
    </Row>
    <Row Tag="TXT_KEY_CITY_NAME_QUMARKAJ">
      <Text>Q'umarkaj</Text>
    </Row>
    <Row Tag="TXT_KEY_CITY_NAME_NAKBE">
      <Text>Nakbe</Text>
    </Row>
    <Row Tag="TXT_KEY_CITY_NAME_CERROS">
      <Text>Cerros</Text>
    </Row>
    <Row Tag="TXT_KEY_CITY_NAME_XUNANTUNICH">
      <Text>Xunantunich</Text>
    </Row>
    <Row Tag="TXT_KEY_CITY_NAME_TAKALIKABAJ">
      <Text>Takalik Abaj</Text>
    </Row>
    <Row Tag="TXT_KEY_CITY_NAME_CIVAL">
      <Text>Cival</Text>
    </Row>
    <Row Tag="TXT_KEY_CITY_NAME_SANBARTOLO">
      <Text>San Bartolo</Text>
    </Row>
    <Row Tag="TXT_KEY_CITY_NAME_ALTARDESACRIFICIOS">
      <Text>Kurban Sunagi</Text>
    </Row>
    <Row Tag="TXT_KEY_CITY_NAME_SEIBAL">
      <Text>Seibal</Text>
    </Row>
    <Row Tag="TXT_KEY_CITY_NAME_CARACOL">
      <Text>Caracol</Text>
    </Row>
    <Row Tag="TXT_KEY_CITY_NAME_NARANJO">
      <Text>Naranjo</Text>
    </Row>
    <Row Tag="TXT_KEY_CITY_NAME_DOSPILAS">
      <Text>Dos Pilas</Text>
    </Row>
    <Row Tag="TXT_KEY_CITY_NAME_MAYAPAN">
      <Text>Mayapan</Text>
    </Row>
    <Row Tag="TXT_KEY_CITY_NAME_IXINCHE">
      <Text>Ixinche</Text>
    </Row>
    <Row Tag="TXT_KEY_CITY_NAME_ZACULEU">
      <Text>Zaculeu</Text>
    </Row>
    <Row Tag="TXT_KEY_CITY_NAME_KABAH">
      <Text>Kabah</Text>
    </Row>
    <!-- NETHERLANDS -->
    <Row Tag="TXT_KEY_CITY_NAME_AMSTERDAM">
      <Text>Amsterdam</Text>
    </Row>
    <Row Tag="TXT_KEY_CITY_NAME_ROTTERDAM">
      <Text>Rotterdam</Text>
    </Row>
    <Row Tag="TXT_KEY_CITY_NAME_UTRECHT">
      <Text>Utrecht</Text>
    </Row>
    <Row Tag="TXT_KEY_CITY_NAME_GRONINGEN">
      <Text>Groningen</Text>
    </Row>
    <Row Tag="TXT_KEY_CITY_NAME_BREDA">
      <Text>Breda</Text>
    </Row>
    <Row Tag="TXT_KEY_CITY_NAME_NIJMEGEN">
      <Text>Nijmegen</Text>
    </Row>
    <Row Tag="TXT_KEY_CITY_NAME_THEHAGUE">
      <Text>Lahey</Text>
    </Row>
    <Row Tag="TXT_KEY_CITY_NAME_HAARLEM">
      <Text>Haarlem</Text>
    </Row>
    <Row Tag="TXT_KEY_CITY_NAME_ARNHEM">
      <Text>Arnhem</Text>
    </Row>
    <Row Tag="TXT_KEY_CITY_NAME_ZUTPHEN">
      <Text>Zutphen</Text>
    </Row>
    <Row Tag="TXT_KEY_CITY_NAME_MAASTRICHT">
      <Text>Maastricht</Text>
    </Row>
    <Row Tag="TXT_KEY_CITY_NAME_TILBURG">
      <Text>Tilburg</Text>
    </Row>
    <Row Tag="TXT_KEY_CITY_NAME_EINDHOVEN">
      <Text>Eindhoven</Text>
    </Row>
    <Row Tag="TXT_KEY_CITY_NAME_DORDRECHT">
      <Text>Dordrecht</Text>
    </Row>
    <Row Tag="TXT_KEY_CITY_NAME_LEIDEN">
      <Text>Leiden</Text>
    </Row>
    <Row Tag="TXT_KEY_CITY_NAME_SHERTOGENBOSCH">
      <Text>'s-Hertogenbosch</Text>
    </Row>
    <Row Tag="TXT_KEY_CITY_NAME_ALMERE">
      <Text>Almere</Text>
    </Row>
    <Row Tag="TXT_KEY_CITY_NAME_ALKMAAR">
      <Text>Alkmaar</Text>
    </Row>
    <Row Tag="TXT_KEY_CITY_NAME_BRIELLE">
      <Text>Brielle</Text>
    </Row>
    <Row Tag="TXT_KEY_CITY_NAME_VLISSINGEN">
      <Text>Vlissingen</Text>
    </Row>
    <Row Tag="TXT_KEY_CITY_NAME_APELDOOM">
      <Text>Apeldoorn</Text>
    </Row>
    <Row Tag="TXT_KEY_CITY_NAME_ENSCHEDE">
      <Text>Enschede</Text>
    </Row>
    <Row Tag="TXT_KEY_CITY_NAME_AMERSFOORT">
      <Text>Amersfoort</Text>
    </Row>
    <Row Tag="TXT_KEY_CITY_NAME_ZWOLLE">
      <Text>Zwolle</Text>
    </Row>
    <Row Tag="TXT_KEY_CITY_NAME_VENLO">
      <Text>Venlo</Text>
    </Row>
    <Row Tag="TXT_KEY_CITY_NAME_UDEN">
      <Text>Uden</Text>
    </Row>
    <Row Tag="TXT_KEY_CITY_NAME_GRAVE">
      <Text>Mezar</Text>
    </Row>
    <Row Tag="TXT_KEY_CITY_NAME_DELFT">
      <Text>Delft</Text>
    </Row>
    <Row Tag="TXT_KEY_CITY_NAME_GOUDA">
      <Text>Gouda</Text>
    </Row>
    <Row Tag="TXT_KEY_CITY_NAME_NIEUWSTADT">
      <Text>Nieuwstadt</Text>
    </Row>
    <Row Tag="TXT_KEY_CITY_NAME_WEESP">
      <Text>Weesp</Text>
    </Row>
    <Row Tag="TXT_KEY_CITY_NAME_COEVORDEN">
      <Text>Coevorden</Text>
    </Row>
    <Row Tag="TXT_KEY_CITY_NAME_KERKRADE">
      <Text>Kerkrade</Text>
    </Row>
    <!-- ETHIOPIA -->
    <Row Tag="TXT_KEY_CITY_NAME_ADDISABABA">
      <Text>Addis Ababa</Text>
    </Row>
    <Row Tag="TXT_KEY_CITY_NAME_HARAR">
      <Text>Harar</Text>
    </Row>
    <Row Tag="TXT_KEY_CITY_NAME_ADWA">
      <Text>Adwa</Text>
    </Row>
    <Row Tag="TXT_KEY_CITY_NAME_LALIBELA">
      <Text>Lalibela</Text>
    </Row>
    <Row Tag="TXT_KEY_CITY_NAME_GONDAR">
      <Text>Gondar</Text>
    </Row>
    <Row Tag="TXT_KEY_CITY_NAME_AXUM">
      <Text>Axum</Text>
    </Row>
    <Row Tag="TXT_KEY_CITY_NAME_DIREDAWA">
      <Text>Dire Dawa</Text>
    </Row>
    <Row Tag="TXT_KEY_CITY_NAME_BAHIRDAR">
      <Text>Bahir Dar</Text>
    </Row>
    <Row Tag="TXT_KEY_CITY_NAME_ADAMA">
      <Text>Adama</Text>
    </Row>
    <Row Tag="TXT_KEY_CITY_NAME_MEKELE">
      <Text>Mek'ele</Text>
    </Row>
    <Row Tag="TXT_KEY_CITY_NAME_AWASA">
      <Text>Awasa</Text>
    </Row>
    <Row Tag="TXT_KEY_CITY_NAME_JIMMA">
      <Text>Jimma</Text>
    </Row>
    <Row Tag="TXT_KEY_CITY_NAME_JIJIGA">
      <Text>Jijiga</Text>
    </Row>
    <Row Tag="TXT_KEY_CITY_NAME_DESSIE">
      <Text>Dessie</Text>
    </Row>
    <Row Tag="TXT_KEY_CITY_NAME_DEBREBERHAN">
      <Text>Debre Berhan</Text>
    </Row>
    <Row Tag="TXT_KEY_CITY_NAME_SHASHAMANE">
      <Text>Shashamane</Text>
    </Row>
    <Row Tag="TXT_KEY_CITY_NAME_DEBREZEYIT">
      <Text>Debre Zeyit</Text>
    </Row>
    <Row Tag="TXT_KEY_CITY_NAME_SODO">
      <Text>Sodo</Text>
    </Row>
    <Row Tag="TXT_KEY_CITY_NAME_HOSAENA">
      <Text>Hosaena</Text>
    </Row>
    <Row Tag="TXT_KEY_CITY_NAME_NEKEMTE">
      <Text>Nekemte</Text>
    </Row>
    <Row Tag="TXT_KEY_CITY_NAME_ASELLA">
      <Text>Asella</Text>
    </Row>
    <Row Tag="TXT_KEY_CITY_NAME_DILA">
      <Text>Dila</Text>
    </Row>
    <Row Tag="TXT_KEY_CITY_NAME_ADIGRAT">
      <Text>Adigrat</Text>
    </Row>
    <Row Tag="TXT_KEY_CITY_NAME_DEBREMARKOS">
      <Text>Debre Markos</Text>
    </Row>
    <Row Tag="TXT_KEY_CITY_NAME_KOMBOLCHA">
      <Text>Kombolcha</Text>
    </Row>
    <Row Tag="TXT_KEY_CITY_NAME_DEBRETABOR">
      <Text>Debre Tabor</Text>
    </Row>
    <Row Tag="TXT_KEY_CITY_NAME_SEBETA">
      <Text>Sebeta</Text>
    </Row>
    <Row Tag="TXT_KEY_CITY_NAME_SHIRE">
      <Text>Shire</Text>
    </Row>
    <Row Tag="TXT_KEY_CITY_NAME_AMBO">
      <Text>Ambo</Text>
    </Row>
    <Row Tag="TXT_KEY_CITY_NAME_NEGELEARSI">
      <Text>Negele Arsi</Text>
    </Row>
    <Row Tag="TXT_KEY_CITY_NAME_GAMBELA">
      <Text>Gambela</Text>
    </Row>
    <Row Tag="TXT_KEY_CITY_NAME_ZIWAY">
      <Text>Ziway</Text>
    </Row>
    <Row Tag="TXT_KEY_CITY_NAME_WELDIYA">
      <Text>Weldiya</Text>
    </Row>
    <!-- CARTHAGE -->
    <Row Tag="TXT_KEY_CITY_NAME_CARTHAGE">
      <Text>Kartaca</Text>
    </Row>
    <Row Tag="TXT_KEY_CITY_NAME_UTIQUE">
      <Text>Utique</Text>
    </Row>
    <Row Tag="TXT_KEY_CITY_NAME_HIPPOREGIUS">
      <Text>Hippo Regius</Text>
    </Row>
    <Row Tag="TXT_KEY_CITY_NAME_GADES">
      <Text>Gades</Text>
    </Row>
    <Row Tag="TXT_KEY_CITY_NAME_SAGUNTUM">
      <Text>Saguntum</Text>
    </Row>
    <Row Tag="TXT_KEY_CITY_NAME_CARTHAGONOVA">
      <Text>Carthago Nova</Text>
    </Row>
    <Row Tag="TXT_KEY_CITY_NAME_PANORMUS">
      <Text>Panormus</Text>
    </Row>
    <Row Tag="TXT_KEY_CITY_NAME_LILYBAEUM">
      <Text>Lilybaeum</Text>
    </Row>
    <Row Tag="TXT_KEY_CITY_NAME_HADRUMETUM">
      <Text>Hadrumetum</Text>
    </Row>
    <Row Tag="TXT_KEY_CITY_NAME_ZAMAREGIA">
      <Text>Zama Regia</Text>
    </Row>
    <Row Tag="TXT_KEY_CITY_NAME_KARALIS">
      <Text>Karalis</Text>
    </Row>
    <Row Tag="TXT_KEY_CITY_NAME_MALACA">
      <Text>Malaca</Text>
    </Row>
    <Row Tag="TXT_KEY_CITY_NAME_LEPTISMAGNA">
      <Text>Leptis Magna</Text>
    </Row>
    <Row Tag="TXT_KEY_CITY_NAME_HIPPODIARRHYTUS">
      <Text>Hippo Diarrhytus</Text>
    </Row>
    <Row Tag="TXT_KEY_CITY_NAME_MOTYA">
      <Text>Motya</Text>
    </Row>
    <Row Tag="TXT_KEY_CITY_NAME_SOLKI">
      <Text>Sulci</Text>
    </Row>
    <Row Tag="TXT_KEY_CITY_NAME_THARROS">
      <Text>Tharros</Text>
    </Row>
    <Row Tag="TXT_KEY_CITY_NAME_LEPTISPARVA">
      <Text>Leptis Parva</Text>
    </Row>
    <Row Tag="TXT_KEY_CITY_NAME_SOLUNTUM">
      <Text>Soluntum</Text>
    </Row>
    <Row Tag="TXT_KEY_CITY_NAME_LIXUS">
      <Text>Lixus</Text>
    </Row>
    <Row Tag="TXT_KEY_CITY_NAME_OEA">
      <Text>Oea</Text>
    </Row>
    <Row Tag="TXT_KEY_CITY_NAME_THEVESTE">
      <Text>Theveste</Text>
    </Row>
    <Row Tag="TXT_KEY_CITY_NAME_IBOSSIM">
      <Text>Ibossim</Text>
    </Row>
    <Row Tag="TXT_KEY_CITY_NAME_THAPSUS">
      <Text>Thapsus</Text>
    </Row>
    <Row Tag="TXT_KEY_CITY_NAME_ALERIA">
      <Text>Aleria</Text>
    </Row>
    <Row Tag="TXT_KEY_CITY_NAME_TINGIS">
      <Text>Tingis</Text>
    </Row>
    <Row Tag="TXT_KEY_CITY_NAME_ABYLA">
      <Text>Abyla</Text>
    </Row>
    <Row Tag="TXT_KEY_CITY_NAME_SABRATHE">
      <Text>Sabratha</Text>
    </Row>
    <Row Tag="TXT_KEY_CITY_NAME_RUSADIR">
      <Text>Rusadir</Text>
    </Row>
    <Row Tag="TXT_KEY_CITY_NAME_BAECULA">
      <Text>Baecula</Text>
    </Row>
    <Row Tag="TXT_KEY_CITY_NAME_SALDAE">
      <Text>Saldae</Text>
    </Row>
    <!-- SWEDEN -->
    <Row Tag="TXT_KEY_CITY_NAME_SIGTUNA">
      <Text>Sigtuna</Text>
    </Row>
    <Row Tag="TXT_KEY_CITY_NAME_BIRKA">
      <Text>Birka</Text>
    </Row>
    <Row Tag="TXT_KEY_CITY_NAME_UPPSALA">
      <Text>Uppsala</Text>
    </Row>
    <Row Tag="TXT_KEY_CITY_NAME_TURKU">
      <Text>Turku</Text>
    </Row>
    <Row Tag="TXT_KEY_CITY_NAME_LINKOPING">
      <Text>Linköping</Text>
    </Row>
    <Row Tag="TXT_KEY_CITY_NAME_LUND">
      <Text>Lund</Text>
    </Row>
    <Row Tag="TXT_KEY_CITY_NAME_VASTERAS">
      <Text>Västeräs</Text>
    </Row>
    <Row Tag="TXT_KEY_CITY_NAME_MALMO">
      <Text>Malmö</Text>
    </Row>
    <Row Tag="TXT_KEY_CITY_NAME_VANTAA">
      <Text>Vantaa</Text>
    </Row>
    <Row Tag="TXT_KEY_CITY_NAME_VISBY">
      <Text>Visby</Text>
    </Row>
    <Row Tag="TXT_KEY_CITY_NAME_STRANGNAS">
      <Text>Strängnäs</Text>
    </Row>
    <Row Tag="TXT_KEY_CITY_NAME_TAMPERE">
      <Text>Tampere</Text>
    </Row>
    <Row Tag="TXT_KEY_CITY_NAME_SKARA">
      <Text>Skara</Text>
    </Row>
    <Row Tag="TXT_KEY_CITY_NAME_LODOSE">
      <Text>Lödöse</Text>
    </Row>
    <Row Tag="TXT_KEY_CITY_NAME_OULU">
      <Text>Oulu</Text>
    </Row>
    <Row Tag="TXT_KEY_CITY_NAME_VAXJO">
      <Text>Växjö</Text>
    </Row>
    <Row Tag="TXT_KEY_CITY_NAME_JYVASKYLA">
      <Text>Jyvaskyla</Text>
    </Row>
    <Row Tag="TXT_KEY_CITY_NAME_GOTHENBURG">
      <Text>Göteborg</Text>
    </Row>
    <Row Tag="TXT_KEY_CITY_NAME_OREBRO">
      <Text>Orebro</Text>
    </Row>
    <Row Tag="TXT_KEY_CITY_NAME_LAHTI">
      <Text>Lahti</Text>
    </Row>
    <Row Tag="TXT_KEY_CITY_NAME_HELSINGBORG">
      <Text>Helsingborg</Text>
    </Row>
    <Row Tag="TXT_KEY_CITY_NAME_JONKOPING">
      <Text>Jönköping</Text>
    </Row>
    <Row Tag="TXT_KEY_CITY_NAME_KUOPIO">
      <Text>Kuopio</Text>
    </Row>
    <Row Tag="TXT_KEY_CITY_NAME_NORRKOPING">
      <Text>Norrköping</Text>
    </Row>
    <Row Tag="TXT_KEY_CITY_NAME_SUNDSVALL">
      <Text>Sundsvall</Text>
    </Row>
    <Row Tag="TXT_KEY_CITY_NAME_KOUVOLA">
      <Text>Kouvola</Text>
    </Row>
    <Row Tag="TXT_KEY_CITY_NAME_KARLSTAD">
      <Text>Karlstad</Text>
    </Row>
    <Row Tag="TXT_KEY_CITY_NAME_UMEA">
      <Text>Umea</Text>
    </Row>
    <Row Tag="TXT_KEY_CITY_NAME_PORI">
      <Text>Pori</Text>
    </Row>
    <Row Tag="TXT_KEY_CITY_NAME_YSTAD">
      <Text>Ystad</Text>
    </Row>
    <Row Tag="TXT_KEY_CITY_NAME_PAVIKEN">
      <Text>Paviken</Text>
    </Row>
    <Row Tag="TXT_KEY_CITY_NAME_VAASA">
      <Text>Vaasa</Text>
    </Row>
    <!-- BYZANTIUM -->
    <Row Tag="TXT_KEY_CITY_NAME_CONSTANTINOPLE">
      <Text>Konstantinopolis</Text>
    </Row>
    <Row Tag="TXT_KEY_CITY_NAME_ADRIANOPLE">
      <Text>Edirne</Text>
    </Row>
    <Row Tag="TXT_KEY_CITY_NAME_NICAEA">
      <Text>Nicaea</Text>
    </Row>
    <Row Tag="TXT_KEY_CITY_NAME_ANTIOCH">
      <Text>Antakya</Text>
    </Row>
    <Row Tag="TXT_KEY_CITY_NAME_VARNA">
      <Text>Varna</Text>
    </Row>
    <Row Tag="TXT_KEY_CITY_NAME_OHRID">
      <Text>Ohri</Text>
    </Row>
    <Row Tag="TXT_KEY_CITY_NAME_NICOMEDIA">
      <Text>Nicomedia</Text>
    </Row>
    <Row Tag="TXT_KEY_CITY_NAME_TREBIZOND">
      <Text>Trebizond</Text>
    </Row>
    <Row Tag="TXT_KEY_CITY_NAME_CHERSON">
      <Text>Cherson</Text>
    </Row>
    <Row Tag="TXT_KEY_CITY_NAME_SARDICA">
      <Text>Sardica</Text>
    </Row>
    <Row Tag="TXT_KEY_CITY_NAME_ANI">
      <Text>Ani</Text>
    </Row>
    <Row Tag="TXT_KEY_CITY_NAME_DYRRACHIUM">
      <Text>Dyrrachium</Text>
    </Row>
    <Row Tag="TXT_KEY_CITY_NAME_EDESSA">
      <Text>Edessa</Text>
    </Row>
    <Row Tag="TXT_KEY_CITY_NAME_CHALCEDON">
      <Text>Kalkedon</Text>
    </Row>
    <Row Tag="TXT_KEY_CITY_NAME_NAISSUS">
      <Text>Naissus</Text>
    </Row>
    <Row Tag="TXT_KEY_CITY_NAME_BARI">
      <Text>Bari</Text>
    </Row>
    <Row Tag="TXT_KEY_CITY_NAME_ICONIUM">
      <Text>Iconium</Text>
    </Row>
    <Row Tag="TXT_KEY_CITY_NAME_PRILEP">
      <Text>Prilep</Text>
    </Row>
    <Row Tag="TXT_KEY_CITY_NAME_SAMOSATA">
      <Text>Samosata</Text>
    </Row>
    <Row Tag="TXT_KEY_CITY_NAME_KARS">
      <Text>Kars</Text>
    </Row>
    <!--<Row Tag="TXT_KEY_CITY_NAME_NICOPOLIS">
			<Text>Nicopolis</Text>
		</Row>-->
    <Row Tag="TXT_KEY_CITY_NAME_THEODOSIOPOLIS">
      <Text>Theodosiopolis</Text>
    </Row>
    <Row Tag="TXT_KEY_CITY_NAME_TYANA">
      <Text>Tyana</Text>
    </Row>
    <Row Tag="TXT_KEY_CITY_NAME_GAZA">
      <Text>Gazze</Text>
    </Row>
    <Row Tag="TXT_KEY_CITY_NAME_KERKYRA">
      <Text>Kerkyra</Text>
    </Row>
    <Row Tag="TXT_KEY_CITY_NAME_PHOENICE">
      <Text>Phoenice</Text>
    </Row>
    <Row Tag="TXT_KEY_CITY_NAME_SELYMBRIA">
      <Text>Selymbria</Text>
    </Row>
    <Row Tag="TXT_KEY_CITY_NAME_SILLYON">
      <Text>Sillyon</Text>
    </Row>
    <Row Tag="TXT_KEY_CITY_NAME_CHRYSOPOLIS">
      <Text>Chrysopolis</Text>
    </Row>
    <Row Tag="TXT_KEY_CITY_NAME_CORCYRUS">
      <Text>Corycus</Text>
    </Row>
    <Row Tag="TXT_KEY_CITY_NAME_VODENA">
      <Text>Vodena</Text>
    </Row>
    <Row Tag="TXT_KEY_CITY_NAME_CAESAREAMARITIMA">
      <Text>Caesarea Maritima</Text>
    </Row>
    <Row Tag="TXT_KEY_CITY_NAME_TRAIANOUPOLI">
      <Text>Traianoupoli</Text>
    </Row>
    <Row Tag="TXT_KEY_CITY_NAME_CONSTANTIA">
      <Text>Constantia</Text>
    </Row>
    <!-- CELTS -->
    <Row Tag="TXT_KEY_CITY_NAME_CARDIFF">
      <Text>Cardiff</Text>
    </Row>
    <Row Tag="TXT_KEY_CITY_NAME_TRURO">
      <Text>Truro</Text>
    </Row>
    <Row Tag="TXT_KEY_CITY_NAME_DOUGLAS">
      <Text>Douglas</Text>
    </Row>
    <Row Tag="TXT_KEY_CITY_NAME_CORK">
      <Text>Mantar</Text>
    </Row>
    <Row Tag="TXT_KEY_CITY_NAME_ABERYSTWYTH">
      <Text>Aberystwyth</Text>
    </Row>
    <Row Tag="TXT_KEY_CITY_NAME_PENZANCE">
      <Text>Penzance</Text>
    </Row>
    <Row Tag="TXT_KEY_CITY_NAME_RAMSEY">
      <Text>Ramsey</Text>
    </Row>
    <Row Tag="TXT_KEY_CITY_NAME_INVERNESS">
      <Text>Inverness</Text>
    </Row>
    <Row Tag="TXT_KEY_CITY_NAME_LIMERICK">
      <Text>Limerick</Text>
    </Row>
    <Row Tag="TXT_KEY_CITY_NAME_SWANSEA">
      <Text>Swansea</Text>
    </Row>
    <Row Tag="TXT_KEY_CITY_NAME_ST_IVES">
      <Text>St Ives</Text>
    </Row>
    <Row Tag="TXT_KEY_CITY_NAME_PEEL">
      <Text>Peel</Text>
    </Row>
    <Row Tag="TXT_KEY_CITY_NAME_ABERDEEN">
      <Text>Aberdeen</Text>
    </Row>
    <Row Tag="TXT_KEY_CITY_NAME_CAERNARFON">
      <Text>Caernarfon</Text>
    </Row>
    <Row Tag="TXT_KEY_CITY_NAME_NEWQUAY">
      <Text>Newquay</Text>
    </Row>
    <Row Tag="TXT_KEY_CITY_NAME_SAINT_NAZAIRE">
      <Text>Saint-Nazaire</Text>
    </Row>
    <Row Tag="TXT_KEY_CITY_NAME_CASTLETOWN">
      <Text>Castletown</Text>
    </Row>
    <Row Tag="TXT_KEY_CITY_NAME_STIRLING">
      <Text>Stirling</Text>
    </Row>
    <Row Tag="TXT_KEY_CITY_NAME_GALWAY">
      <Text>Galway</Text>
    </Row>
    <Row Tag="TXT_KEY_CITY_NAME_CONWY">
      <Text>Conwy</Text>
    </Row>
    <Row Tag="TXT_KEY_CITY_NAME_ST_AUSTELL">
      <Text>St Austell</Text>
    </Row>
    <Row Tag="TXT_KEY_CITY_NAME_SAINT_MALO">
      <Text>Saint-Malo</Text>
    </Row>
    <Row Tag="TXT_KEY_CITY_NAME_ONCHAN">
      <Text>Onchan</Text>
    </Row>
    <Row Tag="TXT_KEY_CITY_NAME_DUNDEE">
      <Text>Dundee</Text>
    </Row>
    <Row Tag="TXT_KEY_CITY_NAME_LONDONDERRY">
      <Text>Londonderry</Text>
    </Row>
    <Row Tag="TXT_KEY_CITY_NAME_LLANFAIRPWLLGWYNGYLL">
      <Text>Llanfairpwllgwyngyll</Text>
    </Row>
    <Row Tag="TXT_KEY_CITY_NAME_FALMOUTH">
      <Text>Falmouth</Text>
    </Row>
    <Row Tag="TXT_KEY_CITY_NAME_LORIENT">
      <Text>Lorient</Text>
    </Row>
    <!-- SPAIN -->
    <Row Tag="TXT_KEY_CITY_NAME_MADRID">
      <Text>Madrid</Text>
    </Row>
    <Row Tag="TXT_KEY_CITY_NAME_BARCELONA">
      <Text>Barselona</Text>
    </Row>
    <Row Tag="TXT_KEY_CITY_NAME_SEVILLE">
      <Text>Sevilla</Text>
    </Row>
    <Row Tag="TXT_KEY_CITY_NAME_CORDOBA">
      <Text>Cordoba</Text>
    </Row>
    <Row Tag="TXT_KEY_CITY_NAME_TOLEDO">
      <Text>Toledo</Text>
    </Row>
    <Row Tag="TXT_KEY_CITY_NAME_SANTIAGO">
      <Text>Santiago</Text>
    </Row>
    <Row Tag="TXT_KEY_CITY_NAME_SALAMANCA">
      <Text>Salamanca</Text>
    </Row>
    <Row Tag="TXT_KEY_CITY_NAME_VALENCIA">
      <Text>Valencia</Text>
    </Row>
    <Row Tag="TXT_KEY_CITY_NAME_ZARAGOZA">
      <Text>Zaragoza</Text>
    </Row>
    <Row Tag="TXT_KEY_CITY_NAME_PAMPLONA">
      <Text>Pamplona</Text>
    </Row>
    <Row Tag="TXT_KEY_CITY_NAME_SANTANDER">
      <Text>Santander</Text>
    </Row>
    <Row Tag="TXT_KEY_CITY_NAME_VALLADOLID">
      <Text>Valladolid</Text>
    </Row>
    <Row Tag="TXT_KEY_CITY_NAME_PALMA">
      <Text>Palma</Text>
    </Row>
    <Row Tag="TXT_KEY_CITY_NAME_LEON">
      <Text>Leon</Text>
    </Row>
    <Row Tag="TXT_KEY_CITY_NAME_BILBAO">
      <Text>Bilbao</Text>
    </Row>
    <Row Tag="TXT_KEY_CITY_NAME_LA_CORUNA">
      <Text>La Coruna</Text>
    </Row>
    <Row Tag="TXT_KEY_CITY_NAME_VITORIA">
      <Text>Vitoria</Text>
    </Row>
    <Row Tag="TXT_KEY_CITY_NAME_ASTURIAS">
      <Text>Asturias</Text>
    </Row>
    <Row Tag="TXT_KEY_CITY_NAME_MURCIA">
      <Text>Murcia</Text>
    </Row>
    <Row Tag="TXT_KEY_CITY_NAME_JAEN">
      <Text>Jaen</Text>
    </Row>
    <Row Tag="TXT_KEY_CITY_NAME_LOGRONO">
      <Text>Logrono</Text>
    </Row>
    <Row Tag="TXT_KEY_CITY_NAME_TERUEL">
      <Text>Teruel</Text>
    </Row>
    <Row Tag="TXT_KEY_CITY_NAME_ALMERIA">
      <Text>Almeria</Text>
    </Row>
    <Row Tag="TXT_KEY_CITY_NAME_ZAMORA">
      <Text>Zamora</Text>
    </Row>
    <Row Tag="TXT_KEY_CITY_NAME_MIDA">
      <Text>Mida</Text>
    </Row>
    <Row Tag="TXT_KEY_CITY_NAME_LUGO">
      <Text>Lugo</Text>
    </Row>
    <Row Tag="TXT_KEY_CITY_NAME_ALICANTE">
      <Text>Alicante</Text>
    </Row>
    <Row Tag="TXT_KEY_CITY_NAME_CADIZ">
      <Text>Cadiz</Text>
    </Row>
    <Row Tag="TXT_KEY_CITY_NAME_ELCHE">
      <Text>Elche</Text>
    </Row>
    <Row Tag="TXT_KEY_CITY_NAME_ALCORCON">
      <Text>Alcorcon</Text>
    </Row>
    <Row Tag="TXT_KEY_CITY_NAME_BURGOS">
      <Text>Burgos</Text>
    </Row>
    <Row Tag="TXT_KEY_CITY_NAME_VIGO">
      <Text>Vigo</Text>
    </Row>
    <Row Tag="TXT_KEY_CITY_NAME_BADAJOZ">
      <Text>Badajoz</Text>
    </Row>
    <Row Tag="TXT_KEY_CITY_NAME_OVIEDO">
      <Text>Oviedo</Text>
    </Row>
    <Row Tag="TXT_KEY_CITY_NAME_SAN_SEBASTIAN">
      <Text>San Sebastian</Text>
    </Row>
    <Row Tag="TXT_KEY_CITY_NAME_GRANADA">
      <Text>Granada</Text>
    </Row>
    <Row Tag="TXT_KEY_CITY_NAME_MERIDA">
      <Text>Merida</Text>
    </Row>
    <Row Tag="TXT_KEY_CITY_NAME_HUELVA">
      <Text>Huelva</Text>
    </Row>
    <Row Tag="TXT_KEY_CITY_NAME_IBIZA">
      <Text>Ibiza</Text>
    </Row>
    <Row Tag="TXT_KEY_CITY_NAME_LAS_PALMAS">
      <Text>Las Palmas</Text>
    </Row>
    <Row Tag="TXT_KEY_CITY_NAME_TENERIFE">
      <Text>Tenerife</Text>
    </Row>
  </Language_en_US>
</GameData>