﻿<?xml version="1.0" encoding="utf-8"?>
<!-- edited with XMLSPY v2004 rel. 2 U (http://www.xmlspy.com) by Anton Strenger (Firaxis Games) -->
<GameData>
  <Language_en_US>
    <!-- Entry UI-->
    <Row Tag="TXT_KEY_STEAMPUNK_SCENARIO_TITLE">
      <Text>Dumanli Gökyüzü Imparatorluklari</Text>
    </Row>
    <Row Tag="TXT_KEY_STEAMPUNK_SCENARIO_DESC">
      <Text>Buhar gücünün ortaya çikisi dünyada devrim yaratti.  Yeni bulunan kaynaklar ve parlak icatlarla beslenen bir kesif zamani. Halkinizi mükemmellige ulastirmak için buharin gücünden faydalanabilir misiniz?</Text>
    </Row>
    <Row Tag="TXT_KEY_STEAMPUNK_SCENARIO_RANDOM_MAP">
      <Text>Rastgele Harita</Text>
    </Row>
    <Row Tag="TXT_KEY_STEAMPUNK_SCENARIO_FIXED_MAP">
      <Text>Sabit Harita</Text>
    </Row>
    <!-- Notifications-->
    <Row Tag="TXT_KEY_STEAMPUNK_SCENARIO_VICTORY_CATEGORY_NOTIF_SUMMARY">
      <Text>{@1_CivName}, {@2_TitleName} olur!</Text>
    </Row>
    <Row Tag="TXT_KEY_STEAMPUNK_SCENARIO_VICTORY_CATEGORY_NOTIF_TT">
      <Text>{@1_CivName}, [COLOR_POSITIVE_TEXT]{@2_TitleName}[ENDCOLOR] Onurlu Unvanini kazanarak Imparatorluklar Ligi'nde daha fazla kontrol sahibi oldu ve zafere daha da yaklasti.</Text>
    </Row>
    <!-- Turns Remaining UI-->
    <Row Tag="TXT_KEY_STEAMPUNK_SCENARIO_TURNS_REMAINING">
      <Text>{2_TokensAvailable}'ün {1_TokensOwned} Basliklar</Text>
    </Row>
    <Row Tag="TXT_KEY_STEAMPUNK_SCENARIO_BRIEFING_BUTTON">
      <Text>Brifing</Text>
    </Row>
    <Row Tag="TXT_KEY_STEAMPUNK_SCENARIO_VSCREEN_BUTTON">
      <Text>Imparatorluklar Ligi</Text>
    </Row>
    <!-- Victory Status UI-->
    <Row Tag="TXT_KEY_STEAMPUNK_SCENARIO_VICTORY_HELP">
      <Text>Imparatorluklar Birligi her yil toplanarak en degerli dünya liderlerini belirler ve onlara Seref Unvanlari verir.  {1_NumTokensNeededForVictory} veya daha fazla Unvana sahip olan ilk lider {2_NumTurnsNeededForVictory} Dönüsler Ligi kontrol edecek ve oyunu kazanacak.</Text>
    </Row>
    <Row Tag="TXT_KEY_STEAMPUNK_SCENARIO_VICTORY_POSSIBLE">
      <Text>Yil itibariyle {1_YearUpdated : sayi #}:</Text>
    </Row>
    <Row Tag="TXT_KEY_STEAMPUNK_SCENARIO_VICTORY_LOCKED">
      <Text>Zafer henüz mümkün degil.</Text>
    </Row>
    <Row Tag="TXT_KEY_STEAMPUNK_SCENARIO_VICTORY_COUNTDOWN">
      <Text>{1_NumTurnsUntilVictory} {@2_CivAboutToWin} kazanana kadar çevirin!</Text>
    </Row>
    <Row Tag="TXT_KEY_STEAMPUNK_SCENARIO_VICTORY_CATEGORY_TURN_UNLOCK">
      <Text>Turn {1_UnlockTurn} üzerinde kullanilabilir.</Text>
    </Row>
    <Row Tag="TXT_KEY_STEAMPUNK_SCENARIO_VICTORY_CATEGORY_TECH_UNLOCK">
      <Text>Herhangi bir oyuncu arastirma yaptiginda {1_Technology:textkey} kullanilabilir.</Text>
    </Row>
    <Row Tag="TXT_KEY_STEAMPUNK_SCENARIO_VICTORY_CATEGORY_VALUE_UNLOCK">
      <Text>Herhangi bir oyuncu bu alanda {1_UnlockValue} degerine ulastiginda kullanilabilir.</Text>
    </Row>
    <Row Tag="TXT_KEY_STEAMPUNK_SCENARIO_VICTORY_CATEGORY_UNLOCK_TT">
      <Text>[COLOR_POSITIVE_TEXT]([1][ENDCOLOR] unvani tüm oyuncular için kullanilabilir hale gelir.</Text>
    </Row>
    <Row Tag="TXT_KEY_STEAMPUNK_SCENARIO_VICTORY_CATEGORY_MILITARY">
      <Text>Askeri</Text>
    </Row>
    <Row Tag="TXT_KEY_STEAMPUNK_SCENARIO_VICTORY_CATEGORY_MILITARY_TITLE">
      <Text>Ilerlemenin Savunucusu</Text>
    </Row>
    <Row Tag="TXT_KEY_STEAMPUNK_SCENARIO_VICTORY_CATEGORY_MILITARY_HELP">
      <Text>Son Kara ve Hava Gemilerinin Sayisi</Text>
    </Row>
    <Row Tag="TXT_KEY_STEAMPUNK_SCENARIO_VICTORY_CATEGORY_MILITARY_TT">
      <Text>Birisi daha gelismis bir model insa ettiginde, eski modeller modasi geçmis olur ve artik sayilmaz.  Ancak bu eski modeller yine de rekabetçi olmak için yükseltilebilir.  Baska biri öndeyse yeni birimler insa edebilir, eskilerini yükseltebilir veya ordusunu küçültmek için saldirabilirsiniz.[NEWLINE][NEWLINE]En son kara gemisi türü: {@1_LandshipUnitType}[NEWLINE]En son hava gemisi türü: {@2_AirshipUnitType}</Text>
    </Row>
    <Row Tag="TXT_KEY_STEAMPUNK_SCENARIO_VICTORY_CATEGORY_CULTURE">
      <Text>Kültür</Text>
    </Row>
    <Row Tag="TXT_KEY_STEAMPUNK_SCENARIO_VICTORY_CATEGORY_CULTURE_TITLE">
      <Text>Aritmanin Efendisi</Text>
    </Row>
    <Row Tag="TXT_KEY_STEAMPUNK_SCENARIO_VICTORY_CATEGORY_CULTURE_HELP">
      <Text>Benimsenen Sosyal Politikalar</Text>
    </Row>
    <Row Tag="TXT_KEY_STEAMPUNK_SCENARIO_VICTORY_CATEGORY_CULTURE_TT">
      <Text>Rakiplerinizden daha fazla sosyal politika benimseyin.</Text>
    </Row>
    <Row Tag="TXT_KEY_STEAMPUNK_SCENARIO_VICTORY_CATEGORY_INDUSTRY">
      <Text>Endüstri</Text>
    </Row>
    <Row Tag="TXT_KEY_STEAMPUNK_SCENARIO_VICTORY_CATEGORY_INDUSTRY_TITLE">
      <Text>Endüstri Kaptani</Text>
    </Row>
    <Row Tag="TXT_KEY_STEAMPUNK_SCENARIO_VICTORY_CATEGORY_INDUSTRY_HELP">
      <Text>En Yüksek Üretim Sehir</Text>
    </Row>
    <Row Tag="TXT_KEY_STEAMPUNK_SCENARIO_VICTORY_CATEGORY_INDUSTRY_TT">
      <Text>Her bir imparatorlukta en yüksek [ICON_PRODUCTION] Üretime sahip sehirler karsilastirilir ve en üretken sehrin sahibine Unvan verilir. [NEWLINE][NEWLINE]Dünyanin en üretken sehri: ([1][NEWLINE]En üretken sehriniz: {@2_YourBestCity}</Text>
    </Row>
    <Row Tag="TXT_KEY_STEAMPUNK_SCENARIO_VICTORY_CATEGORY_COMMERCE">
      <Text>Ticaret</Text>
    </Row>
    <Row Tag="TXT_KEY_STEAMPUNK_SCENARIO_VICTORY_CATEGORY_COMMERCE_TITLE">
      <Text>Zenginlik Ustasi</Text>
    </Row>
    <Row Tag="TXT_KEY_STEAMPUNK_SCENARIO_VICTORY_CATEGORY_COMMERCE_HELP">
      <Text>Toplam Brüt Altin Geliri</Text>
    </Row>
    <Row Tag="TXT_KEY_STEAMPUNK_SCENARIO_VICTORY_CATEGORY_COMMERCE_TT">
      <Text>Oyun boyunca elde edilen brüt altin miktari.  Sadece ham altin geliri incelenir, bu nedenle bakim ve diger masraflar bu puandan düsülmez.</Text>
    </Row>
    <Row Tag="TXT_KEY_STEAMPUNK_SCENARIO_VICTORY_CATEGORY_LABOR">
      <Text>Isgücü</Text>
    </Row>
    <Row Tag="TXT_KEY_STEAMPUNK_SCENARIO_VICTORY_CATEGORY_LABOR_TITLE">
      <Text>Büyük Hayirsever</Text>
    </Row>
    <Row Tag="TXT_KEY_STEAMPUNK_SCENARIO_VICTORY_CATEGORY_LABOR_HELP">
      <Text>Dünya Harikalari ve Ulusal Harikalar</Text>
    </Row>
    <Row Tag="TXT_KEY_STEAMPUNK_SCENARIO_VICTORY_CATEGORY_LABOR_TT">
      <Text>Kontrol ettiginiz her Dünya Harikasi ve Ulusal Harika, puaniniza esit olarak sayilir.  Rakipleriniz önce Dünya Harikalari insa ederse, onlari yakalamak için Ulusal Harikalar insa edebilir veya sehirlerine saldirip Harikalarini kendi Harikalariniz olarak talep edebilirsiniz.</Text>
    </Row>
    <Row Tag="TXT_KEY_STEAMPUNK_SCENARIO_VICTORY_CATEGORY_HELP_TT">
      <Text>Esitlik durumunda hiçbir oyuncu Unvani alamaz.</Text>
    </Row>
    <!-- Dawn of Man-->
    <Row Tag="TXT_KEY_STEAMPUNK_SCENARIO_CIV5_DAWN_TEXT">
      <Text>SENARYO ACIKLAMASI[NEWLINE]Selamlar size, bilim ve endüstrinin ünlü Kaptani!  Buhar gücünün ortaya çikisi dünyada devrim yaratti.  Yeni bulunan kaynaklar ve parlak icatlarla beslenen bir kesif zamanidir.  Büyük hava gemileri gökyüzünde ilerliyor ve izlerini siyah dumanla isaretliyor.  Medeniyetler parlak bir gelecege dogru ilerliyor, ancak rekabet çok siddetli.  Kaynaklar kit ve teknolojik sirlar dikkatle korunuyor.  Siz ve rakipleriniz, ilerleme adina artan ihtiyaçlari karsilamak için imparatorluklarinizi dünya çapinda genisletmelisiniz.  Buhar teknolojisinin gücünü kullanabilir ve halkinizi yüceltebilir misiniz?[NEWLINE][NEWLINE]ZAFER KOSULLARI[NEWLINE]Imparatorluklar Askeri, Kültür, Sanayi, Ticaret ve Isgücü alanlarinda rekabet eder.  Onurlu bir Unvan kazanmak için bir alanda en iyi olun.  Her bir Unvanin özelliklerini görmek ve ilerlemenizi izlemek için Imparatorluklar Ligi ekranini kontrol edin.  Üç veya daha fazla Unvana sahip olan ilk imparatorluk oyunu kazanir.[NEWLINE][NEWLINE]ÖZEL KURALLAR[NEWLINE]Oyuncular Steam Power'a kadar olan tüm teknolojilerle baslar.  Buhar Gücünden sonraki teknoloji agaci, oyunculara Hava Gemileri, Kara Gemileri ve yeni binalar insa etme yetenegi vererek önemli ölçüde degistirilmistir.  Barbarlar ("Luddites") etkinlestirildi, ancak gelismis birimlere erisimleri yok.  Sosyal Politikalar yeniden düzenlenmistir.  Dini ve militarist sehir devletleri gibi din de devre disi birakildi.</Text>
    </Row>
    <!-- <Row Tag="TXT_KEY_STEAMPUNK_SCENARIO_CIV5_DAWN_GERMANY_TEXT">
			<Text>{TXT_KEY_STEAMPUNK_SCENARIO_CIV5_DAWN_TEXT}</Text>
		</Row>
		<Row Tag="TXT_KEY_STEAMPUNK_SCENARIO_CIV5_DAWN_RUSSIA_TEXT">
			<Text>{TXT_KEY_STEAMPUNK_SCENARIO_CIV5_DAWN_TEXT}</Text>
		</Row>
		<Row Tag="TXT_KEY_STEAMPUNK_SCENARIO_CIV5_DAWN_ENGLAND_TEXT">
			<Text>{TXT_KEY_STEAMPUNK_SCENARIO_CIV5_DAWN_TEXT}</Text>
		</Row>
		<Row Tag="TXT_KEY_STEAMPUNK_SCENARIO_CIV5_DAWN_SWEDEN_TEXT">
			<Text>{TXT_KEY_STEAMPUNK_SCENARIO_CIV5_DAWN_TEXT}</Text>
		</Row>
		<Row Tag="TXT_KEY_STEAMPUNK_SCENARIO_CIV5_DAWN_FRANCE_TEXT">
			<Text>{TXT_KEY_STEAMPUNK_SCENARIO_CIV5_DAWN_TEXT}</Text>
		</Row>-->
    <!-- Victory-->
    <Row Tag="TXT_KEY_STEAMPUNK_SCENARIO_VICTORY_TIME">
      <Text>Imparatorluk</Text>
    </Row>
    <Row Tag="TXT_KEY_STEAMPUNK_SCENARIO_VICTORY_TIME_BANG">
      <Text>Imparatorluk Zaferi!</Text>
    </Row>
    <Row Tag="TXT_KEY_STEAMPUNK_SCENARIO_VICTORY_FLAVOR_TIME">
      <Text>Imparatorluklar Birligi önünüzde egiliyor.  Uygarliginizin en degerli uygarlik oldugunu kanitladiniz ve insanligin gelecege yükselisine rehberlik edeceksiniz.   Gökyüzü sizindir.</Text>
    </Row>
    <!-- Civs and Leaders-->
    <Row Tag="TXT_KEY_STEAMPUNK_SCENARIO_LEADER_ROFFENBURG_NAME">
      <Text>Cyrus Rotheram</Text>
    </Row>
    <Row Tag="TXT_KEY_STEAMPUNK_SCENARIO_LEADER_CURNOW_NAME">
      <Text>Ignace Curnow</Text>
    </Row>
    <Row Tag="TXT_KEY_STEAMPUNK_SCENARIO_LEADER_CUTLER_NAME">
      <Text>Octavius Cutler</Text>
    </Row>
    <Row Tag="TXT_KEY_STEAMPUNK_SCENARIO_LEADER_GRIGGS_NAME">
      <Text>Luther Griggs</Text>
    </Row>
    <Row Tag="TXT_KEY_STEAMPUNK_SCENARIO_LEADER_ALDERDICE_NAME">
      <Text>Clinton Alderdice</Text>
    </Row>
    <!-- Scenario-specific Diplomacy Modifiers-->
    <Row Tag="TXT_KEY_STEAMPUNK_SCENARIO_SPECIFIC_DIPLO_STRING_1">
      <Text>Iki sampiyonlugunuz var ve ligde onlar için bir tehdit olusturuyorsunuz.</Text>
    </Row>
    <Row Tag="TXT_KEY_STEAMPUNK_SCENARIO_SPECIFIC_DIPLO_STRING_2">
      <Text>2'den fazla unvaniniz var ve neredeyse ligi kontrol ediyorsunuz!</Text>
    </Row>
    <Row Tag="TXT_KEY_STEAMPUNK_SCENARIO_SPECIFIC_DIPLO_STRING_3">
      <Text>Ayni unvanlar için rekabet ediyorsunuz.</Text>
    </Row>
    <!-- historic entries -->
    <Row Tag="TXT_KEY_STEAMPUNK_SCENARIO_CIV_GERMANY_HEADING_1">
      <Text>Tarih</Text>
    </Row>
    <Row Tag="TXT_KEY_STEAMPUNK_SCENARIO_CIV_GERMANY_TEXT_1">
      <Text>Eruch Imparatorlugu, köklü soylu aileler arasinda dünyada büyüyen kaos ve bunu durdurmak için neler yapilabilecegi hakkinda bir dizi atesli tartisma olarak basladi.  Tartismalar kisa sürede, soylularin belirsiz bir gelecekten duyduklari korkunun yani sira servetlerini koruma arzularinin da körüklemesiyle eylem için kritik bir kitleye ulasti.  Önceki nesillerden miras kalan liderlik ve askeri hünerlerden yararlanarak gizli bir konsey olusturuldu.  Bu konsey küçük ama iyi donanimli bir orduyu harekete geçirdi.  Bununla birlikte, soylular Eruch'un çekirdegi olacak genis bir bölge olusturdular ve eski kralliklardan ayrildilar.  Disaridan bakildiginda, Eruch liderleri medeni yasamin yüceliklerini savunur ve yollarini dünyanin sonuna kadar yaymaya çalisirlar.  Diplomatik iliskilerde centilmen gibi davranirlar, ancak her zaman ilk çagrilarina yanit vermeye hazir kati bir askeri güç yapisina sahiptirler.</Text>
    </Row>
    <Row Tag="TXT_KEY_STEAMPUNK_SCENARIO_CIV_ENGLAND_HEADING_1">
      <Text>Tarih</Text>
    </Row>
    <Row Tag="TXT_KEY_STEAMPUNK_SCENARIO_CIV_ENGLAND_TEXT_1">
      <Text>Pulias'in kesin kökenleri bugün bile gizemle örtülüdür.  Bir anda ortaya çikmis gibi görünse de, gücü ve zenginligi kolayca gözden kaçirilamayacak kadar büyük görünüyor.  Cogu kaynak yeni bilimin, ticaretin ve en önemlisi siyasetin firsatlarini gören ve isleri gölgelerden idare eden tek bir liderden söz eder.  Bu lider, Pulias'in hedeflerini ilerletmek için kullanirken hassas bilgileri rakiplerine yüksek fiyattan satmistir.  Imparatorluklar arasindaki ilk rekabette, rakipler kisa vadeli kazançlara odaklandigi için pek çok firsat kesfedilmeden birakildi.  Pulias yabanci topraklara seferler düzenleyen ve vatandaslarina zenginlik getiren ticareti kuran ilk imparatorluktu.  Casuslari dünyanin dört bir yanindaki kilit noktalara yerlestirilmisti, istihbarat topluyor ve harekete geçmeye hazir bekliyorlardi.</Text>
    </Row>
    <Row Tag="TXT_KEY_STEAMPUNK_SCENARIO_CIV_FRANCE_HEADING_1">
      <Text>Tarih</Text>
    </Row>
    <Row Tag="TXT_KEY_STEAMPUNK_SCENARIO_CIV_FRANCE_TEXT_1">
      <Text>Dalmaçya zorunluluktan ortaya çikti.  Yikilan eski kralliklarin ve ortaya çikan yeni imparatorluklarin yarattigi kargasa, alt ve orta siniftan pek çok insani dislanmis birakti.  Bazilari memleketlerinde kaldi ama birçogu nereye gidecegini bilmeden mülteci olarak kaçti.  Varliklarini inkar edecek yürege ya da güce sahip olmayan soylularin malikanelerinde toplandilar.  Kisa süre içinde mültecilerin saflarindan liderler ortaya çikti ve örgütlenme, korunma, yiyecek ve kaynak çagrisinda bulundular.  Bazi soylular firsati görüp onlarin saflarina katildi ve servetlerini paylasti.  Digerleri reddetti ve mülkleri yagmalandi.  Bunlar ilk Dalmaçya yerleskeleriydi ve büyüyerek diger imparatorluklarinkine rakip sehirler haline geleceklerdi.  Dalmaçya idealler üzerine kurulmustur ve gücünü mütevazi vatandaslarinin siki dostlugundan ve gelisen kültüründen alir.</Text>
    </Row>
    <Row Tag="TXT_KEY_STEAMPUNK_SCENARIO_CIV_RUSSIA_HEADING_1">
      <Text>Tarih</Text>
    </Row>
    <Row Tag="TXT_KEY_STEAMPUNK_SCENARIO_CIV_RUSSIA_TEXT_1">
      <Text>Bilimin sürekli ilerlemesi, ürünlerin üretildigi, tasindigi ve satildigi süreçlerde büyük degisiklikler getirdi.  Birçok zeki isadami bu degisikliklerle mücadele edemedi ve daha uyumlu olanlara yer açarak ortadan kayboldu.  Orlin kuruldugunda siyasi bir varligi yoktu ve imparatorluk arzusu da yoktu.  Karsilikli fayda için bir araya gelmis hirsli sanayicilerden olusan bir topluluktu.  Bölgeler gibi pazarlari da parsellediler ve birlikte eski kralliklar boyunca endüstrilere hükmetmeye basladilar.  Kralliklar yok olmaya basladiginda, Orlin kodamanlari güç mücadelesine giristi.  Birbirlerinin girisimlerine tecavüz ettiler, santaj ve suikastlara giristiler.  Neredeyse tüm üretim araçlarini kontrol eden siki bir oligarsi ortaya çikti.  Endüstriyel kapasiteleri ve bunun getirdigi zenginlikle, resmen bir imparatorluk olarak dünya sahnesine çiktilar.</Text>
    </Row>
    <Row Tag="TXT_KEY_STEAMPUNK_SCENARIO_CIV_SWEDEN_HEADING_1">
      <Text>Tarih</Text>
    </Row>
    <Row Tag="TXT_KEY_STEAMPUNK_SCENARIO_CIV_SWEDEN_TEXT_1">
      <Text>Eski kralliklar zayifladiginda, büyüyen akademisyenler ve mucitler sinifi, akil ilkeleri üzerine kurulu ve bilimsel ilerlemeyi benimseyen yeni bir tür ulus yaratma firsatini gördü.  Nüfuzlarini korumak için bir yol arayan eski monarsistlerin çogunda müttefikler buldular ve birlikte Vedria'yi olusturdular.  Saflari hizla karisti ve çok geçmeden her önde gelen liderin, kisisel olarak arastirmaya dahil olmasa bile, bilimsel süreçlere asina olmasi bekleniyordu.  Vedria'da gelecege yönelik iyimserlik hakimdir ve vatandaslari bilimin asil arayisinin gelecege giden en açik yol olduguna inanmaktadir.  Bilim adamlarina devlet meselelerinde danisilir ve arastirmalari için cömert fonlar saglanir.</Text>
    </Row>
    <Row Tag="TXT_KEY_STEAMPUNK_SCENARIO_LEADER_BISMARCK_NAME">
      <Text>Cyrus Rotheram</Text>
    </Row>
    <Row Tag="TXT_KEY_STEAMPUNK_SCENARIO_LEADER_BISMARCK_SUBTITLE">
      <Text>Eruch'un Lideri</Text>
    </Row>
    <Row Tag="TXT_KEY_STEAMPUNK_SCENARIO_LEADER_BISMARCK_LIVED">
      <Text>MS 1815 - 1872</Text>
    </Row>
    <Row Tag="TXT_KEY_STEAMPUNK_SCENARIO_LEADER_BISMARCK_HEADING_1">
      <Text>Tarih</Text>
    </Row>
    <Row Tag="TXT_KEY_STEAMPUNK_SCENARIO_LEADER_BISMARCK_TEXT_1">
      <Text>"Askeri bilimler her zamanki kadar karmasik olsa da elimizde her zamankinden daha fazla araç var.  Bir asir önce, uzaktaki bir düsmanin kuvvetlerini bastirmak kapsamli tahkimatlar, ikmal yollari ve kaynaklar gerektiriyordu.  Atlarin beslenmesi ve konaklamasi gerekiyordu ve bir ikmal hattinin kaybedilmesi, aksi takdirde onurlu bir seferin sonu anlamina gelebilirdi.  Askerler silahlarini sakince hazirlarken ve can alirken düsmanlarinin gözlerinin içine bakmayi ögrenmek zorundaydi.  Içinde bulundugumuz çagda askerler bir önceki yüzyilin vahsetinden kaçinarak onurlu bir savasta karsi karsiya gelebilmektedir.  Kara gemisinin yakin zamandaki gelisimi yaya askerleri ve süvarileri neredeyse kullanilmaz hale getirdi.  Sadece onu insa etmek için gereken kaynaklarla sinirli olan Kara Gemisi, bir ulusu dinlenmeye ihtiyaç duymadan birkaç gün içinde kat edebilir.  Bir zamanlar fethetmesi çok masrafli olan uzak bölgeler artik ulasilabilecek mesafede.  Ve Kara Gemisi, toplari ve neredeyse asilmaz zirhiyla, uygarlasmamis uluslarin en vahsice inatçilari hariç hepsini kolayca uysallastirabilir."[NEWLINE][NEWLINE] - Cyrus Rotheram, Eruch Senatosuna hitaben</Text>
    </Row>
    <Row Tag="TXT_KEY_STEAMPUNK_SCENARIO_LEADER_CATHERINE_NAME">
      <Text>Ignace Curnow</Text>
    </Row>
    <Row Tag="TXT_KEY_STEAMPUNK_SCENARIO_LEADER_CATHERINE_SUBTITLE">
      <Text>Orlin'in Lideri</Text>
    </Row>
    <Row Tag="TXT_KEY_STEAMPUNK_SCENARIO_LEADER_CATHERINE_LIVED">
      <Text>MS 1781 - 1836</Text>
    </Row>
    <Row Tag="TXT_KEY_STEAMPUNK_SCENARIO_LEADER_CATHERINE_HEADING_1">
      <Text>Tarih</Text>
    </Row>
    <Row Tag="TXT_KEY_STEAMPUNK_SCENARIO_LEADER_CATHERINE_TEXT_1">
      <Text>"Bir dügmeye basilmasiyla buhar jeti teçhizata giriyor ve imalata basliyor.  Teçhizatta dönen disliler, sicak çeligi presliyor, yeni çikarilan dislilere sekil veriyor.  Fabrika yapmak için bir fabrika.  Belki bunu daha fazla ürün yapmak için kullanacagiz  belki de büyük bir kâr karsiliginda baskasina satacagiz.  Bu basit süreç, endüstrinin çagimizdaki rolünün kanitidir.  Hava gemileri, kara gemileri, fark motorlari, giysiler ve hatta fabrikalar yapabiliriz.  Sanayi sektörümüzün verimliligini kontrol ederek ve çiktisini en üst düzeye çikararak, istedigimiz her seyi yapabilir ve bu konuda en iyisi olabiliriz."[NEWLINE][NEWLINE] - Ignace Curnow, "Steel and Steam: Bir Sanayicinin Rehberi"</Text>
    </Row>
    <Row Tag="TXT_KEY_STEAMPUNK_SCENARIO_LEADER_ELIZABETH_NAME">
      <Text>Octavius Cutler</Text>
    </Row>
    <Row Tag="TXT_KEY_STEAMPUNK_SCENARIO_LEADER_ELIZABETH_SUBTITLE">
      <Text>Pulias'in Lideri</Text>
    </Row>
    <Row Tag="TXT_KEY_STEAMPUNK_SCENARIO_LEADER_ELIZABETH_LIVED">
      <Text>1809 - 1888 MS</Text>
    </Row>
    <Row Tag="TXT_KEY_STEAMPUNK_SCENARIO_LEADER_ELIZABETH_HEADING_1">
      <Text>Tarih</Text>
    </Row>
    <Row Tag="TXT_KEY_STEAMPUNK_SCENARIO_LEADER_ELIZABETH_TEXT_1">
      <Text>"Gücün bilimden geldigini ve daha fazlasina ulasmanin yolunun arastirma oldugunu söyleyenler var.  Digerleri gücü yeni askeri mekanizmalar icat etmekte, Kara Gemileriyle dolasmakta ve kaynak depolarini kilitlemekte bulur.  Ancak gerçek güç bunlarin hiçbirinde degildir.  Bu seyleri yapan insanlardadir.  Onlarin bildiklerini bilirsek, onlarin sahip olduklarina da sahip oluruz.  Birakin kendi aralarinda savassinlar ve yeni kesifler için çabalasinlar. Biz onlarin her adimina gölgelerden karsilik vermeyi kendimize is ediniriz ve topladigimiz güç onlarinkinden daha büyük olur.  Eger bunu dogru yaparsak - ki yapmaliyiz - farkina bile varmayacaklar."[NEWLINE][NEWLINE] - Octavius Cutler, yeni atanan Istihbarat Direktörü ile kisisel yazismasi</Text>
    </Row>
    <Row Tag="TXT_KEY_STEAMPUNK_SCENARIO_LEADER_GUSTAVUS_ADOLPHUS_NAME">
      <Text>Luther Griggs</Text>
    </Row>
    <Row Tag="TXT_KEY_STEAMPUNK_SCENARIO_LEADER_GUSTAVUS_ADOLPHUS_SUBTITLE">
      <Text>Vedria'nin Lideri</Text>
    </Row>
    <Row Tag="TXT_KEY_STEAMPUNK_SCENARIO_LEADER_GUSTAVUS_ADOLPHUS_LIVED">
      <Text>MS 1842 - 1910</Text>
    </Row>
    <Row Tag="TXT_KEY_STEAMPUNK_SCENARIO_LEADER_GUSTAVUS_ADOLPHUS_HEADING_1">
      <Text>Tarih</Text>
    </Row>
    <Row Tag="TXT_KEY_STEAMPUNK_SCENARIO_LEADER_GUSTAVUS_ADOLPHUS_TEXT_1">
      <Text>"Teknolojik ilerleme, mekanik basari harikalarini gündelik hayatimiza sokarak sinif ve konfor içinde yasamamizi sagladi.  Fark motorlarinin viziltisi, pirinç dislilerin takirtisi, buhar egzozunun hücum etmek üzere olan bir boganin nefesi gibi sürekli patlamasi  bunlar dünyamiza düzen getirdi ve sadece dogal dünyayi açiklamakla kalmayip, düzenimizi onun saglam omuzlarina sikica dayayan bilim ve hesaplama harikalarini gerçeklestirmemizi sagladi.  Hava gemileri, bir zamanlar ebediyen yeryüzüne bagli olan kursuni bedenlerimizi gökyüzündeki sortiler için kaldirdi.  Aklin keskin gücüyle insanin ebedi uçus hayalini gerçege dönüstürdük.  Ve dogal seçilimin kaprislerinin bize vermeyi uygun gördügü kanatlarla degil, kendi alnimizin terinden ve kendi ocagimizin atesinden isledigimiz kanatlarla."[NEWLINE][NEWLINE] - Luther Griggs, "Aklin Kanatlari "ndan alinti</Text>
    </Row>
    <Row Tag="TXT_KEY_STEAMPUNK_SCENARIO_LEADER_NAPOLEON_NAME">
      <Text>Clinton Alderdice</Text>
    </Row>
    <Row Tag="TXT_KEY_STEAMPUNK_SCENARIO_LEADER_NAPOLEON_SUBTITLE">
      <Text>Dalmace Lideri</Text>
    </Row>
    <Row Tag="TXT_KEY_STEAMPUNK_SCENARIO_LEADER_NAPOLEON_LIVED">
      <Text>MS 1799 - 1855</Text>
    </Row>
    <Row Tag="TXT_KEY_STEAMPUNK_SCENARIO_LEADER_NAPOLEON_HEADING_1">
      <Text>Tarih</Text>
    </Row>
    <Row Tag="TXT_KEY_STEAMPUNK_SCENARIO_LEADER_NAPOLEON_TEXT_1">
      <Text>"Her seyden önce sunu hatirlamanizi rica ediyorum Sayin Bakan.  Buhar Cagi büyük güçlerimizin geçim kaynaklarini gelistirdi, ancak bunu siradan insanlarin zararina yapti.  Geçtigimiz on yillarda elde edilen basarilar, insanlik tarihinin kara lekesini daha da belirginlestirdi: güçlü azinlik, güçsüz çoklugu sömürüyor.  Yasadiklari zorluklari küçük kavgalar olarak görmezden geldik ve gücümüzü hakli çikarmak için centilmen tavrimiza ve üretken girisimlerimize basvurduk, ancak gerçek su ki, kosullar bizim için iyilesirken siradan insan için daha da kötülesiyor.  Kontrol edilmedigi takdirde bu uçurum, siradan insan bir serften farksiz hale gelene kadar büyümeye devam edecektir.  Eger size ve Birlige ahlaki gerekçelerle hitap edemiyorsam - ki öyle görünüyor, çünkü yorulmadan denedim - sizi büyük toplumumuzun giderek daha istikrarsiz hale geldigi konusunda uyarmama izin verin.  Siradan insan bizim kadar egitimli ya da rafine olmayabilir ama gözleri, kulaklari ve akli vardir ve yasam tarzimizin çöküsünü görmezden gelemeyecektir.  Kendi yasam tarziyla karsilastiracak ve komsusuyla komplo kuracaktir.  Birlikte büyüyecek ve hosnutsuz bir blok olusturacaklar ve yüzyil bitmeden elimizde kontrol edilemez bir isyan olacak.  Ve hiçbir fark motoru hesaplamasi ya da hava gemisi bombardimani bunu durduramayacak, çünkü bunlar bize karsi olanlarin emegi üzerine insa edildi."[NEWLINE][NEWLINE] - Clinton Alderdice, Imparatorluklar Ligi Büyük Sekreteri'ne mektup</Text>
    </Row>
    <!-- Traits-->
    <Row Tag="TXT_KEY_TRAIT_FRONTIER_MARKETS_SHORT">
      <Text>Sinir Piyasalari</Text>
    </Row>
    <Row Tag="TXT_KEY_TRAIT_FRONTIER_MARKETS">
      <Text>+1 [ICON_GOLD] Stratejik kaynaklardan gelen altin ve [ICON_RES_ALUMINUM] Aetherium kaynaklari iki kat miktar saglar.</Text>
    </Row>
    <Row Tag="TXT_KEY_TRAIT_OPTIMIZED_EXTRACTORS_SHORT">
      <Text>Optimize Edilmis Ayiklayicilar</Text>
    </Row>
    <Row Tag="TXT_KEY_TRAIT_OPTIMIZED_EXTRACTORS">
      <Text>+1 [ICON_PRODUCTION] Stratejik kaynaklardan üretim ve [ICON_RES_URANIUM] Luborik kaynaklar çift miktar saglar.</Text>
    </Row>
    <Row Tag="TXT_KEY_TRAIT_NEW_WORLD_ORDER_SHORT">
      <Text>Yeni Dünya Düzeni</Text>
    </Row>
    <Row Tag="TXT_KEY_TRAIT_NEW_WORLD_ORDER">
      <Text>Yeni Sosyal Politikalarin benimsenmesi %10 daha az maliyetlidir [ICON_CULTURE] Kültür.</Text>
    </Row>
    <Row Tag="TXT_KEY_TRAIT_TIRELESS_WATCH_SHORT">
      <Text>Yorulmak Bilmeyen Saat</Text>
    </Row>
    <Row Tag="TXT_KEY_TRAIT_TIRELESS_WATCH">
      <Text>Hava gemisi birimleri +2 [ICON_MOVES] Hareket kazanir.</Text>
    </Row>
    <Row Tag="TXT_KEY_TRAIT_LABOR_CASTES_SHORT">
      <Text>Isçi Kastlari</Text>
    </Row>
    <Row Tag="TXT_KEY_TRAIT_LABOR_CASTES">
      <Text>20 daha az [ICON_HAPPINESS_4] [ICON_CITIZEN] Nüfustan kaynaklanan mutsuzluk.</Text>
    </Row>
    <Row Tag="TXT_KEY_TRAIT_INVENTORS_GUILD_SHORT">
      <Text>Mucitler Loncasi</Text>
    </Row>
    <Row Tag="TXT_KEY_TRAIT_INVENTORS_GUILD">
      <Text>Büyük Bilim Insanlarini %50 daha hizli kazanin.</Text>
    </Row>
    <!-- Technologies-->
    <Row Tag="TXT_KEY_STEAMPUNK_SCENARIO_TECH_ANALOG_COMPUTATION_HELP">
      <Text>Bir sehrin [ICON_PRODUCTION] Üretimini ve [ICON_RESEARCH] Bilimini artiran [COLOR_POSITIVE_TEXT]Fark Motoru[ENDCOLOR] ve [COLOR_POSITIVE_TEXT]Analitik Motor[ENDCOLOR] ulusal harikalarini insa etmenizi saglar.</Text>
    </Row>
    <Row Tag="TXT_KEY_STEAMPUNK_SCENARIO_TECH_ANALOG_COMPUTATION_QUOTE">
      <Text>[NEWLINE][TAB][TAB] "Karmasik isler yapan milyonlarca insanin ayrintili islerinde her zaman hesaplanacak çok sey olacaktir."[NEWLINE] - Vannevar Bush[NEWLINE][TAB]</Text>
    </Row>
    <Row Tag="TXT_KEY_STEAMPUNK_SCENARIO_TECH_REPLACEABLE_PARTS_HELP">
      <Text>Dünyanin en gelismis piyade birimi olan [COLOR_POSITIVE_TEXT]Büyük Savas Piyadelerine[ENDCOLOR] erisim saglar.</Text>
    </Row>
    <Row Tag="TXT_KEY_STEAMPUNK_SCENARIO_TECH_RAILROAD_HELP">
      <Text>Ilk kara gemisi birimi olan [COLOR_POSITIVE_TEXT]Land Ironclad[ENDCOLOR] insa etmenizi saglar.  Ayrica Isçilerin harita kareleri üzerinde [COLOR_POSITIVE_TEXT]Demiryollari[ENDCOLOR] insa etmesine izin verir.</Text>
    </Row>
    <Row Tag="TXT_KEY_STEAMPUNK_SCENARIO_TECH_ANALYTICAL_ENGINE_HELP">
      <Text>[COLOR_POSITIVE_TEXT] Analitik Motor [ENDCOLOR] ulusal harikasina erisim saglar ve bu da [ICON_PRODUCTION] Üretimi büyük ölçüde artirir.</Text>
    </Row>
    <Row Tag="TXT_KEY_STEAMPUNK_SCENARIO_TECH_ANALYTICAL_ENGINE_QUOTE">
      <Text>[NEWLINE][TAB][TAB] "Aritmetigin tamami simdi mekanizmanin kavrayisi içinde ortaya çikti."[NEWLINE] - Charles Babbage[NEWLINE][TAB]</Text>
    </Row>
    <Row Tag="TXT_KEY_STEAMPUNK_SCENARIO_TECH_ECONOMIC_IMPERIALISM_HELP">
      <Text>Her ikisi de [ICON_GOLD] Altin ve [ICON_CULTURE] Kültür veren [COLOR_POSITIVE_TEXT]Büyük Kösk[ENDCOLOR] ve onun ulusal harikasi olan [COLOR_POSITIVE_TEXT]Biltmore Evi[ENDCOLOR] insa etmenizi saglar.</Text>
    </Row>
    <Row Tag="TXT_KEY_STEAMPUNK_SCENARIO_TECH_ECONOMIC_IMPERIALISM_QUOTE">
      <Text>[NEWLINE][TAB][TAB] "Avarice, the spur of industry."[NEWLINE] - David Hume[NEWLINE][TAB]</Text>
    </Row>
    <Row Tag="TXT_KEY_STEAMPUNK_SCENARIO_TECH_PROPULSION_HELP">
      <Text>Ilk hava birimi olan [COLOR_POSITIVE_TEXT]Destroyer[ENDCOLOR] ve [COLOR_POSITIVE_TEXT]Flyer[ENDCOLOR] insa etmenizi saglar.</Text>
    </Row>
    <Row Tag="TXT_KEY_STEAMPUNK_SCENARIO_TECH_PROPULSION_QUOTE">
      <Text>[NEWLINE][TAB][TAB] "Bir uçak icat etmek hiçbir seydir. Bir uçak insa etmek bir seydir. Ama uçmak... her seydir."[NEWLINE] - Ferdinand Ferber[NEWLINE][TAB]</Text>
    </Row>
    <Row Tag="TXT_KEY_STEAMPUNK_SCENARIO_TECH_ERUPTIVES_HELP">
      <Text>[ICON_RES_URANIUM] Luboric'i ortaya çikarir ve [COLOR_POSITIVE_TEXT] Savas Gemisi[ENDCOLOR] insa etmenizi saglar.</Text>
    </Row>
    <Row Tag="TXT_KEY_STEAMPUNK_SCENARIO_TECH_ERUPTIVES_QUOTE">
      <Text>[NEWLINE][TAB][TAB] "Doga, emredilmek için itaat edilmelidir."[NEWLINE] - Francis Bacon[NEWLINE][TAB]</Text>
    </Row>
    <Row Tag="TXT_KEY_STEAMPUNK_SCENARIO_TECH_EXPEDITIONARY_SCIENCE_HELP">
      <Text>[ICON_RES_ALUMINUM] Aetherium'u ortaya çikarir ve [COLOR_POSITIVE_TEXT] Denizalti[ENDCOLOR] insa etmenizi saglar.  Ayrica bir sehrin [ICON_RESEARCH] Bilim ve [ICON_CULTURE] Kültürünü artiran [COLOR_POSITIVE_TEXT] Ticaret Koleji[ENDCOLOR] insa etmenizi saglar.</Text>
    </Row>
    <Row Tag="TXT_KEY_STEAMPUNK_SCENARIO_TECH_EXPEDITIONARY_SCIENCE_QUOTE">
      <Text>[NEWLINE][TAB][TAB] "Vahsi dogada yasamin mucizesini hissediyorum ve onun ardinda bilimsel basarilarimiz önemsizlesiyor."[NEWLINE] - Charles Lindbergh[NEWLINE][TAB]</Text>
    </Row>
    <Row Tag="TXT_KEY_STEAMPUNK_SCENARIO_TECH_VERTICAL_INTEGRATION_HELP">
      <Text>Altini [ICON_GOLD] artiran [COLOR_POSITIVE_TEXT] Borsa[ENDCOLOR] insa etmenizi saglar.</Text>
    </Row>
    <Row Tag="TXT_KEY_STEAMPUNK_SCENARIO_TECH_VERTICAL_INTEGRATION_QUOTE">
      <Text>[NEWLINE][TAB][TAB] "Rekabet bir günahtir."[NEWLINE] - John D. Rockefeller[NEWLINE][TAB]</Text>
    </Row>
    <Row Tag="TXT_KEY_STEAMPUNK_SCENARIO_TECH_LANDSHIPS_HELP">
      <Text>Güçlü bir kara birimi olan [COLOR_POSITIVE_TEXT]Kara Gemisi[ENDCOLOR] insa etmenizi saglar.  Ayrica bir sehrin [ICON_PRODUCTION] Üretimini ve [ICON_GOLD] Altinini artiran [COLOR_POSITIVE_TEXT] Patent Ofisine [ENDCOLOR] erisim saglar.</Text>
    </Row>
    <Row Tag="TXT_KEY_STEAMPUNK_SCENARIO_TECH_LANDSHIPS_QUOTE">
      <Text>[NEWLINE][TAB][TAB] "Savunmacilar, bu kara demir gemisinin pruvasi siperin ön tarafinda görünür görünmez saga ve sola sürülmüslerdi."[NEWLINE] - H.G. Wells[NEWLINE][TAB]</Text>
    </Row>
    <Row Tag="TXT_KEY_STEAMPUNK_SCENARIO_TECH_NOBLESSE_OBLIGE_HELP">
      <Text>Imparatorlugunuzun [ICON_HAPPINESS_1] Mutlulugunu artiran [COLOR_POSITIVE_TEXT]Stadyum[ENDCOLOR] insa etmenizi saglar.</Text>
    </Row>
    <Row Tag="TXT_KEY_STEAMPUNK_SCENARIO_TECH_NOBLESSE_OBLIGE_QUOTE">
      <Text>[NEWLINE][TAB][TAB] "Erdem en gerçek asalettir."[NEWLINE] - Miguel de Cervantes[NEWLINE][TAB]</Text>
    </Row>
    <Row Tag="TXT_KEY_STEAMPUNK_SCENARIO_TECH_AIRSHIPS_HELP">
      <Text>Hem karada hem de denizde seyahat edebilen [COLOR_POSITIVE_TEXT]Hava Gemisi[ENDCOLOR] insa etmenizi saglar.  Ayrica [COLOR_POSITIVE_TEXT]Mucit Salonu[ENDCOLOR] ulusal harikasini insa etmenizi saglar.</Text>
    </Row>
    <Row Tag="TXT_KEY_STEAMPUNK_SCENARIO_TECH_INFERNAL_COMBUSTION_HELP">
      <Text>Sizin için [ICON_RES_URANIUM] Luborik kaynak üretecek olan [COLOR_POSITIVE_TEXT]Luborik Rafinerisini[ENDCOLOR] insa etmenizi saglar.</Text>
    </Row>
    <Row Tag="TXT_KEY_STEAMPUNK_SCENARIO_TECH_INFERNAL_COMBUSTION_QUOTE">
      <Text>[NEWLINE][TAB][TAB] "Tüm görünür gizemlerin en somutu - ates."[NEWLINE] - James Henry Leigh Hunt[NEWLINE][TAB]</Text>
    </Row>
    <Row Tag="TXT_KEY_STEAMPUNK_SCENARIO_TECH_GOSPEL_OF_WEALTH_HELP">
      <Text>Bir sehrin [ICON_CULTURE] Kültürünü ve [ICON_HAPPINESS_1] Mutlulugunu artiran [COLOR_POSITIVE_TEXT]Philanthroporium[ENDCOLOR] insa etmenizi saglar.</Text>
    </Row>
    <Row Tag="TXT_KEY_STEAMPUNK_SCENARIO_TECH_GOSPEL_OF_WEALTH_QUOTE">
      <Text>[NEWLINE][TAB][TAB] "Biriktirmeyi birakmaya ve sonsuz derecede daha ciddi ve zor olan akillica dagitim görevine baslamaya karar verdim."[NEWLINE] - Andrew Carnegie[NEWLINE][TAB]</Text>
    </Row>
    <Row Tag="TXT_KEY_STEAMPUNK_SCENARIO_TECH_AUTOMATA_HELP">
      <Text>Sizin için [ICON_RES_ALUMINUM] Aetherium kaynaklari üretecek olan [COLOR_POSITIVE_TEXT]Aetherium Fabrikatörü[ENDCOLOR] insa etmenizi saglar.</Text>
    </Row>
    <Row Tag="TXT_KEY_STEAMPUNK_SCENARIO_TECH_AUTOMATA_QUOTE">
      <Text>[NEWLINE][TAB][TAB] "Uygarlik, üzerinde düsünmeden gerçeklestirebilecegimiz önemli islemlerin sayisini artirarak ilerler."[NEWLINE] - Alfred North Whitehead[NEWLINE][TAB]</Text>
    </Row>
    <Row Tag="TXT_KEY_STEAMPUNK_SCENARIO_TECH_URANOGRAPHY_HELP">
      <Text>Egitimli birimlere ekstra Deneyim kazandiran [COLOR_POSITIVE_TEXT]Hava Gemisi Hangari[ENDCOLOR] insa etmenizi saglar.</Text>
    </Row>
    <Row Tag="TXT_KEY_STEAMPUNK_SCENARIO_TECH_URANOGRAPHY_QUOTE">
      <Text>[NEWLINE][TAB][TAB] "Uçuyorum çünkü zihnimi önemsiz seylerin tiranligindan kurtariyor."[NEWLINE] - Antoine de Saint Exupéry[NEWLINE][TAB]</Text>
    </Row>
    <Row Tag="TXT_KEY_STEAMPUNK_SCENARIO_TECH_GALVANOMAGNETISM_HELP">
      <Text>Bir sehrin [ICON_RESEARCH] Bilim çiktisini büyük ölçüde artiran ve [ICON_GOLD] Altini biraz yükselten [COLOR_POSITIVE_TEXT] Tesla Bobini [ENDCOLOR] insa etmenizi saglar.</Text>
    </Row>
    <Row Tag="TXT_KEY_STEAMPUNK_SCENARIO_TECH_CIVIL_DEFENSE_HELP">
      <Text>Hava birimlerine karsi güçlü bir karsi koyma araci olan [COLOR_POSITIVE_TEXT]Uçaksavar Topu[ENDCOLOR] ve bir sehrin savunmasini artiran [COLOR_POSITIVE_TEXT]Askeri Üs[ENDCOLOR] insa etmenizi saglar.</Text>
    </Row>
    <Row Tag="TXT_KEY_STEAMPUNK_SCENARIO_TECH_CIVIL_DEFENSE_QUOTE">
      <Text>[NEWLINE][TAB][TAB] "Savunma zenginlikten üstündür."[NEWLINE] - Adam Smith[NEWLINE][TAB]</Text>
    </Row>
    <Row Tag="TXT_KEY_STEAMPUNK_SCENARIO_TECH_LAND_LEVIATHAN_HELP">
      <Text>En güçlü kara gemisi birimi olan [COLOR_POSITIVE_TEXT]Kara Leviathan'i[ENDCOLOR] insa etmenizi saglar.</Text>
    </Row>
    <Row Tag="TXT_KEY_STEAMPUNK_SCENARIO_TECH_LAND_LEVIATHAN_QUOTE">
      <Text>[NEWLINE][TAB][TAB] "Yumusak konusun ve büyük bir sopa tasiyin  uzaga gidersiniz."[NEWLINE] - Theodore Roosevelt[NEWLINE][TAB]</Text>
    </Row>
    <Row Tag="TXT_KEY_STEAMPUNK_SCENARIO_TECH_RADIO_HELP">
      <Text>Bir sehrin [ICON_CULTURE] Kültürel çiktisini büyük ölçüde artiran bir bina olan [COLOR_POSITIVE_TEXT]Yayin Kulesi[ENDCOLOR] insa etmenizi saglar.  Ayrica bir baska büyük [ICON_CULTURE] Kültür kaynagi olan [COLOR_POSITIVE_TEXT]Carnegie Hall[ENDCOLOR] ulusal harikasina erisim saglar.</Text>
    </Row>
    <Row Tag="TXT_KEY_STEAMPUNK_SCENARIO_TECH_ROBOTICS_HELP">
      <Text>Bir sehrin [ICON_PRODUCTION] Üretim çiktisini önemli ölçüde artiran [COLOR_POSITIVE_TEXT]Otomatik Fabrika[ENDCOLOR] insa etmenizi saglar.</Text>
    </Row>
    <Row Tag="TXT_KEY_STEAMPUNK_SCENARIO_TECH_SKY_FORTRESS_HELP">
      <Text>En güçlü hava gemisi birimi olan [COLOR_POSITIVE_TEXT]Gökyüzü Kalesi'ni [ENDCOLOR] insa etmenizi saglar.</Text>
    </Row>
    <Row Tag="TXT_KEY_STEAMPUNK_SCENARIO_TECH_SKY_FORTRESS_QUOTE">
      <Text>[NEWLINE][TAB][TAB] "Yeterince gelismis herhangi bir teknoloji büyüden ayirt edilemez."[NEWLINE] - Arthur C. Clarke[NEWLINE][TAB]</Text>
    </Row>
    <Row Tag="TXT_KEY_STEAMPUNK_SCENARIO_TECH_PERPETUAL_MOTION_HELP">
      <Text>Üretime [ICON_PRODUCTION] muazzam bir destek saglayan [COLOR_POSITIVE_TEXT]Sürekli Hareket Motoru[ENDCOLOR] ulusal harikasini insa etmenizi saglar.</Text>
    </Row>
    <Row Tag="TXT_KEY_STEAMPUNK_SCENARIO_TECH_PERPETUAL_MOTION_QUOTE">
      <Text>[NEWLINE][TAB][TAB] "Bana duracak bir yer ve yeterince uzun bir kaldiraç verin, dünyayi hareket ettireyim."[NEWLINE] - Archimedes[NEWLINE][TAB]</Text>
    </Row>
    <Row Tag="TXT_KEY_STEAMPUNK_SCENARIO_TECH_SUBTERRANEAN_EXPLORATION_HELP">
      <Text>Her ikisi de bir sehrin [ICON_PRODUCTION] Üretimine güçlü bir destek saglayan [COLOR_POSITIVE_TEXT]Yeralti Karakolu[ENDCOLOR] ve onun ulusal mucize muadili [COLOR_POSITIVE_TEXT]Yeralti Kolonisi[ENDCOLOR] insa etmenizi saglar.</Text>
    </Row>
    <Row Tag="TXT_KEY_STEAMPUNK_SCENARIO_TECH_SUBTERRANEAN_EXPLORATION_QUOTE">
      <Text>[NEWLINE][TAB][TAB] "Bir magaranin derinliklerinden gelen tek bir ilke, bir ordudan daha güçlüdür."[NEWLINE] - José Martí[NEWLINE][TAB]</Text>
    </Row>
    <Row Tag="TXT_KEY_STEAMPUNK_SCENARIO_TECH_TECHNOCRACY_HELP">
      <Text>Tüm sehirlerinizde bir Yayin Kulesi saglayan geç oyun [COLOR_POSITIVE_TEXT]CN Kulesi[ENDCOLOR] harikasini insa etmenizi saglar.</Text>
    </Row>
    <Row Tag="TXT_KEY_STEAMPUNK_SCENARIO_TECH_TECHNOCRACY_QUOTE">
      <Text>[NEWLINE][TAB][TAB] "Akla dayali bir hükümet, güce dayali bir hükümetten daha iyidir."[NEWLINE] - Thomas Jefferson[NEWLINE][TAB]</Text>
    </Row>
    <Row Tag="TXT_KEY_STEAMPUNK_SCENARIO_TECH_THE_GRAND_IDEA_HELP">
      <Text>Birden fazla kez arastirilabilir.  Basarili bir sekilde arastirildigi her seferinde [ICON_CULTURE] Kültür saglar.</Text>
    </Row>
    <Row Tag="TXT_KEY_STEAMPUNK_SCENARIO_TECH_THE_GRAND_IDEA_QUOTE">
      <Text>[NEWLINE][TAB][TAB] "Insanlar merak etmeyi sever ve bu da bilimimizin tohumudur."[NEWLINE] - Ralph Waldo Emerson[NEWLINE][TAB]</Text>
    </Row>
    <!-- Resources -->
    <Row Tag="TXT_KEY_STEAMPUNK_SCENARIO_RESOURCE_ALUMINUM_HELP">
      <Text>Hava gemisi birimleri tarafindan kullanilir.</Text>
    </Row>
    <Row Tag="TXT_KEY_STEAMPUNK_SCENARIO_RESOURCE_ALUMINUM_TEXT">
      <Text>Aetherium ilk olarak onu gümüs sanan kesif ekipleri tarafindan kesfedildi.  Madencilik faaliyetleri genisledikçe, pullari ve parçalari sevkiyat için büyük koliler halinde toplandi ve çok garip bir sey oldu.  Koliler yerden havalanmaya basladi.  Bilim adamlari bu malzemenin olagandisi özelliklerini analiz etmeye basladilar.  Kütleler halinde bir araya getirildiginde, yerçekimine karsi koyma gücüne sahiptir.  Dikkatli bir mühendislikle, bu karsi yerçekimi kuvvetleri güvenilir bir kaldirma kaynagina yönlendirilebilir ve gemilerin gökyüzünde süzülmesini saglayabilir.  Imparatorluk iliskilerindeki önemi artmaya devam ediyor, ancak bugün bile özellikleri tam olarak anlasilabilmis degil.  Dikkatsiz bir mucidin aleti küçük bir aetherium parçasina elektrik vererek yukari dogru firlamasina ve çatida bir delik açmasina neden oldu.  Deneysel dogrulama için mucidin isaretiyle kazinmis olan örnek, haftalar sonra firlatildigi yerden kilometrelerce uzakta bulundu.</Text>
    </Row>
    <Row Tag="TXT_KEY_STEAMPUNK_SCENARIO_RESOURCE_URANIUM_HELP">
      <Text>Kara gemisi birimleri tarafindan kullanilir.</Text>
    </Row>
    <Row Tag="TXT_KEY_STEAMPUNK_SCENARIO_RESOURCE_URANIUM_TEXT">
      <Text>Dogal dünyada siradan, donuk yesil bir cevher olarak görünen luborik, yüksek sicakliklar altinda parlar.  Selefi olan kömürden çok daha güçlü ve uçucudur ve hem fabrikalar hem de araçlar için nihai enerji kaynagi olarak islev görür. Luborikten faydalanmak için gereken reaksiyonlar ve mekanizmalar zinciri karmasiktir ve enerji biliminde esi benzeri görülmemistir.  Cogu yakit kaynagi yandiginda enerjisini verirken, luborik alevden etkilenmez, yesil pariltisi tek belirgin tepkisidir.  Luborik cevher parçalarinda bulunan muazzam potansiyeli açiga çikarmak için, enzim çözeltisine daldirilmali ve hem isiya hem de basinca maruz birakilmalidir.  Anahtar reaksiyon yanma degil, çözünmedir.  Zehirli gaz egzozu dikkatle yönlendirilmelidir  dumanlar bir valfte veya kösede birkaç saniyeden fazla sikisirsa metali yiyip bitirir. Efsanevi enerjisi sadece önlemlerle kimyasal baglarindan kurtulabilir.</Text>
    </Row>
    <!-- Promotions-->
    <Row Tag="TXT_KEY_PROMOTION_MOVE_ALL_TERRAIN">
      <Text>Tüm Araziyi Tasi</Text>
    </Row>
    <Row Tag="TXT_KEY_PROMOTION_MOVE_ALL_TERRAIN_HELP">
      <Text>Bir hava gemisi olarak bu birim hem kara hem de deniz taslari üzerinde hareket edebilir.</Text>
    </Row>
    <Row Tag="TXT_KEY_STEAMPUNK_SCENARIO_PROMOTION_ANTI_AIR">
      <Text>Savasçilara ve hava gemilerine karsi bonus (150)</Text>
    </Row>
    <Row Tag="TXT_KEY_STEAMPUNK_SCENARIO_PEDIA_PROMOTION_ANTI_AIR">
      <Text>Savasçilara ve hava gemilerine karsi bonus (150)</Text>
    </Row>
    <Row Tag="TXT_KEY_STEAMPUNK_SCENARIO_PROMOTION_ANTI_AIR_II">
      <Text>Hava gemilerine karsi bonus (150)</Text>
    </Row>
    <Row Tag="TXT_KEY_STEAMPUNK_SCENARIO_PROMOTION_ANTI_TANK">
      <Text>Kara gemilerine karsi bonus (100)</Text>
    </Row>
    <Row Tag="TXT_KEY_STEAMPUNK_SCENARIO_PEDIA_PROMOTION_ANTI_TANK">
      <Text>Kara gemilerine karsi bonus (100)</Text>
    </Row>
    <!-- Units-->
    <Row Tag="TXT_KEY_STEAMPUNK_SCENARIO_UNITCOMBAT_HELICOPTER">
      <Text>Hava Gemisi Birimleri</Text>
    </Row>
    <Row Tag="TXT_KEY_STEAMPUNK_SCENARIO_UNIT_GREAT_WAR_INFANTRY_STRATEGY">
      <Text>Büyük Savas Piyadeleri oyundaki en güçlü piyade birimidir.  Sehirleri ele geçirebilir, ancak kara gemisi ve hava gemisi birimlerine karsi mücadele ederken zorlanir.</Text>
    </Row>
    <Row Tag="TXT_KEY_STEAMPUNK_SCENARIO_UNIT_HELP_GREAT_WAR_INFANTRY">
      <Text>Oyundaki en güçlü piyade birimi.</Text>
    </Row>
    <Row Tag="TXT_KEY_STEAMPUNK_SCENARIO_UNIT_HELP_BATTLESHIP">
      <Text>Oyundaki en güçlü menzilli Donanma birimi.</Text>
    </Row>
    <Row Tag="TXT_KEY_STEAMPUNK_SCENARIO_UNIT_SUBMARINE_STRATEGY">
      <Text>Denizalti özel bir gemi öldürme aracidir. Destroyerler ve diger Denizaltilar hariç çogu birime saldirana veya baska bir birime bitisik olana kadar görünmez. Denizalti buz altigenlerine girebilir. Denizaltiyi düsman sularinda devriye gezmek ve düsman gemilerini batirmak için ve kendi gemilerinizi düsman denizaltilarinin saldirilarina karsi korumak için kullanin.</Text>
    </Row>
    <Row Tag="TXT_KEY_STEAMPUNK_SCENARIO_UNIT_HELP_SUBMARINE">
      <Text>Destroyerler ve diger Denizaltilar hariç tüm Birimler tarafindan görünmez. Görünmeden menzile girerlerse diger gemilere büyük hasar verebilirler.</Text>
    </Row>
    <Row Tag="TXT_KEY_STEAMPUNK_SCENARIO_UNIT_HELP_ANTI_AIRCRAFT_GUN">
      <Text>Yakindaki Birimlere saldirmaya çalisan düsman Flyer'larini engeller.  Hava gemilerine karsi da etkilidir.</Text>
    </Row>
    <Row Tag="TXT_KEY_UNIT_LAND_IRONCLAD_TEXT">
      <Text>Demiryolu olan "Demir At "in yapimindan çok sey ögrenilmisti.  Kisa süre sonra mucitler, raylara ihtiyaç duymadan lokomotif gücünde bir araç üretmeye çalistilar.  Ilk prototipler olan hantal metal canavarlari hareket ettirecek aparatlari tasarlamanin son derece zor oldugu kanitlandi.  Süreç, çok daha az zirh kaplamasi olan, ancak silah atesine ve hava kosullarina dayanacak kadar basit bir tasarimda birlesti.  Ilk sürücüler hafif, manevra kabiliyeti yüksek bir aracin hantal bir araçtan çok daha etkili oldugunu kesfettiler.  Bu sayede daha az yakitla hizli seyahat edilebiliyor ve savasta çeviklik saglanabiliyordu.</Text>
    </Row>
    <Row Tag="TXT_KEY_UNIT_LAND_IRONCLAD_STRATEGY">
      <Text>En temel kara gemisi birimi olan Kara Ironclad'i iyi zirhlidir ve kara savaslarinda parlar.  Ilkel kara birimlerini kolayca yenmek ve ele geçirmek üzere sehirleri yipratmak için kullanin.  Zirhi onu Flyer'larin daha küçük silahlarina karsi biraz korur, ancak Hava Gemilerinden gelen top atesine karsi çok savunmasizdir.</Text>
    </Row>
    <Row Tag="TXT_KEY_UNIT_LAND_IRONCLAD_HELP">
      <Text>Ilk kara gemisi birimi.  Diger kara birimlerine karsi güçlü ama hava gemilerine karsi zayif.</Text>
    </Row>
    <Row Tag="TXT_KEY_UNIT_LANDSHIP_TEXT">
      <Text>Kara Gemisi, kara ironclad'inin olmasi gereken ama olmayan her seydi.  Luborigin kesfi, böyle bir araca güç saglamak için mevcut enerjiyi katlanarak artirdi ve ayni manevra kabiliyetini korurken daha fazla zirh ve silaha izin verdi.  Savas alaninda altin standart haline geldi ve neredeyse tüm diger kara birimlerini yok edebildi.  Bir komutan bunlardan birkaç tanesiyle bir orduyu hizla yok edebilir ya da bir sehri kusatabilirdi.</Text>
    </Row>
    <Row Tag="TXT_KEY_UNIT_LANDSHIP_STRATEGY">
      <Text>Kara Gemisi agir zirhlidir ve kara savasinda üstündür.  Diger kara birimlerini yenmek ve ele geçirmek için sehirleri yipratmak için kullanin.  Zirhi onu Flyer'larin daha küçük silahlarina karsi korumaya yardimci olacaktir, ancak Hava Gemilerinden gelen top atesine karsi savunmasizdir.  Maksimum hayatta kalma için Kara Gemisine, El Ilanlari ve Hava Karsiti Toplar gibi hava birimlerine karsi güçlü birimlerle eslik edin.</Text>
    </Row>
    <Row Tag="TXT_KEY_UNIT_LANDSHIP_HELP">
      <Text>Kara Ironclad'inin daha güçlü versiyonu.  Diger kara birimlerine karsi güçlü, ancak hava gemilerine karsi zayif.</Text>
    </Row>
    <Row Tag="TXT_KEY_UNIT_LAND_LEVIATHAN_TEXT">
      <Text>Kara Leviathan'i kara savasinin zirvesidir.  Adini fantastik deniz canavarindan alan bu araç muazzam bir ates gücüne sahiptir.  Neredeyse her açidan ates edebilir ve karada büyük hizlarla ilerleyebilir.  On alti kisilik bir mürettebatla donatilmistir: bazilari toplarla, digerleri luborik motorla ilgilenir ve bir çift de pilot ve navigatör olarak görev yapar.  Egitim sirasinda tek bir birim olarak hareket etmeyi ve düsünmeyi ögrenirler, karmasik komutlari hizli bir sekilde vermek için steno dili gelistirirler.</Text>
    </Row>
    <Row Tag="TXT_KEY_UNIT_LAND_LEVIATHAN_STRATEGY">
      <Text>Kara Leviathan, kara gemisi birimlerinin zirvesidir ve diger tüm kara birimlerine yikim getirir.  Onu savunmasiz düsman Hava Savunma Silahlarini yok etmek ve hava birimlerinizin güvende kalmasini saglamak için kullanin.  Zirhi onu Flyer'larin daha küçük silahlarina karsi korumaya yardimci olur, ancak yine de Hava Gemileri ve Gök Kalelerinden gelen top atesine karsi savunmasizdir.  Pahali Kara Leviathan'ini El Ilanlari ve Hava Savunma Silahlari gibi hava birimlerine karsi güçlü birimlerle korumak en iyisidir.</Text>
    </Row>
    <Row Tag="TXT_KEY_UNIT_LAND_LEVIATHAN_HELP">
      <Text>En gelismis kara gemisi birimi.  Diger kara birimlerine karsi güçlü, ancak hava gemilerine karsi zayif.</Text>
    </Row>
    <Row Tag="TXT_KEY_UNIT_FLYER_TEXT">
      <Text>Flyer, Buhar Cagi'nin getirdigi bilime yaygin katilimin birçok sonucundan biri olan bir mucit yeniligi olarak basladi.  Itis gücündeki gelismeler kara ve deniz tasitlarinda harikalar yaratmisti  neden bunlari ebedi insan uçusu hayalinin pesinde kosarken kullanmayalim?  Gövdeye monte edilen motor hantaldi, bu nedenle uçagin uçmasi için her gram agirliktan tasarruf edilmesi gerekiyordu.  Mümkün olan her yerde metal yerine kumas kullanildi.  Daha sonra, teknoloji ilerledikçe, üzerine silahlar monte edildi ve orijinal tasarimda degisiklikler yapildi.</Text>
    </Row>
    <Row Tag="TXT_KEY_UNIT_FLYER_STRATEGY">
      <Text>El ilanlari kisa bir menzile ve orta düzeyde bir saldiriya sahiptir.  Vur ve kaç taktiklerinde, özellikle de saldirilarindan etkili bir sekilde kaçamayacak kadar hantal olan Hava Gemileri ve Gökyüzü Kalelerine karsi mükemmeldirler.  Sinirli menzilleri onlari ilk basta çogunlukla savunma rolleriyle kisitlar, ancak daha sonra Gökyüzü Kalesi onlari dogrudan savas alanina tasiyarak mobil üsleri olarak hareket edebilir.</Text>
    </Row>
    <Row Tag="TXT_KEY_UNIT_FLYER_HELP">
      <Text>Hava gemilerine karsi mükemmeldir, ancak kara birimlerine karsi çok güçlü degildir.  Ayrica sinirli bir menzile sahiptir ve bir sehirde veya Gökyüzü Kalesi'nde üslenmelidir.</Text>
    </Row>
    <Row Tag="TXT_KEY_UNIT_AIRSHIP_TEXT">
      <Text>Aetherium kesfedilene kadar, sadece Flyer gibi hafif ve manevra kabiliyeti yüksek araçlarin gökyüzünde seyahat edebilecegine inaniliyordu.  Zeplin tuhaf ama görkemli bir mekanizma.  Yeni malzeme sayesinde, zeplinin ilk mühendisleri ve mucitleri, daha önce mesleklerinin yol gösterici yasalari olan bilimin kisitlamalarina karsi çikarak, neredeyse her seyi havaya birakmakta özgürdü.  Ortaya çikan ürün ister istemez geçmis tarihten tanidik bir seyi yansitiyordu: denizci gemisi.  Bir güvertesi, her iki yaninda silahlari ve yelken yerine bir balonu vardi.  Ilk hava gemisi mürettebati rütbe ve hiyerarsiye iliskin denizcilik geleneklerini benimsedi.  Ancak kisa süre sonra, sürekli uçus gerçegi kendi karakterini kazandi.  Gemi tasarimlari giderek daha deneysel hale geldi.  Hava gemisi pilotlari ve mürettebati hem kibar hem de tuhaf bir kültür gelistirdiler.</Text>
    </Row>
    <Row Tag="TXT_KEY_UNIT_AIRSHIP_STRATEGY">
      <Text>Hava Gemisi kara ve deniz üzerinde hareket edebilir, savas alanina gitmek için gereken mesafeyi kisaltir ve düsmanlara beklemedikleri bir yönden saldirma sansi verir.  Büyük toplari yakindaki düsman Hava Gemilerine saldirabilir veya asagidaki hedeflere yikim yagdirabilir.  Flyer'lar ve Anti-Hava Toplari tehdit olusturur, bu yüzden onlari erkenden ortadan kaldirin veya destek için diger birim türlerini getirin.</Text>
    </Row>
    <Row Tag="TXT_KEY_UNIT_AIRSHIP_HELP">
      <Text>Kara ve deniz üzerinde hareket edebilen ilk hava gemisi birimi.  Kara hedeflerine karsi güçlü, ancak Flyer'lara karsi savunmasiz.</Text>
    </Row>
    <Row Tag="TXT_KEY_UNIT_SKY_FORTRESS_TEXT">
      <Text>Görkemli Gökyüzü Kalesi görülmeye deger bir manzaradir.  Bir zeplinden çok daha büyük olan bu hava gemisi, asagidaki zeminde düsmanlarinin kalbine korku salan genis bir gölge olusturur.  Agir silahlarla donatilmistir, ancak aetherium'un kaldirma özelliklerinin gelismis uygulamalariyla havada tutulur.  Geminin gövdesinin içinde çesitli konaklama yerleri vardir: savas alaninin üstündeki generaller tarafindan kullanilan savas odalari, bir Flyer filosuna ev sahipligi yapabilecek küçük bir hangar ve hatta eglence için salonlar.  Gökyüzü Kalesi, zeplin filolarinin en önemli parçasi, asagidaki karaya ölüm yagdirabilen ve düsman zeplinlerini gökyüzünden uçurabilen mobil bir komuta merkezi haline geldi.</Text>
    </Row>
    <Row Tag="TXT_KEY_UNIT_SKY_FORTRESS_STRATEGY">
      <Text>Gökyüzü Kalesi en gelismis hava gemisi birimidir ve önemli bir ates gücü barindirir.  Toplarini kara hedeflerine ve diger hava gemilerine saldirmak için kullanmakla kalmaz, ayni zamanda bir Flyer için mobil bir üs görevi de görebilir.  Yakindaki hava gemisi birimlerine saldirilar düzenleyen bir Flyer ile Gökyüzü Kalesi birçok birim türü için ciddi bir tehdit olusturur, ancak yine de düsman Flyer'larina ve Hava Savunma Silahlarina karsi savunmasizdir.</Text>
    </Row>
    <Row Tag="TXT_KEY_UNIT_SKY_FORTRESS_HELP">
      <Text>En gelismis hava gemisi birimi.  Bir Flyer için üs görevi görebilir.  Güçlü saldirilar, ancak Flyer'lara karsi savunmasiz.</Text>
    </Row>
    <!-- Unique Buildings-->
    <Row Tag="TXT_KEY_CIV5_BUILDINGS_GRANDSTAND_TEXT">
      <Text>Dalmaçya halki, kamusal alanlarin geçim kaynaklari ve gelisimleri için ne kadar önemli oldugunun bilincindedir.  Tribün, hem eglence hem de kültür için bir mekan görevi görmekte ve uzaklardan gelen kalabaliklari kendine çekmektedir.</Text>
    </Row>
    <Row Tag="TXT_KEY_BUILDING_GRANDSTAND_STRATEGY">
      <Text>Tribün sadece Alderdice tarafindan insa edilebilir ve Stadyumun yerini alir.  Stadyumun aksine, [ICON_CULTURE] Kültür saglayarak bölgeyi genisletmeye ve daha hizli bir sekilde yeni Sosyal Politikalar kazanmaya yardimci olur.</Text>
    </Row>
    <Row Tag="TXT_KEY_BUILDING_GRANDSTAND_HELP">
      <Text>Sadece Alderdice tarafindan insa edilebilir.</Text>
    </Row>
    <Row Tag="TXT_KEY_CIV5_BUILDINGS_LUBORIC_FACTORY_TEXT">
      <Text>Kara gemileri için motor yapiminda luborigin degeri tüm imparatorluklar için açikti, ancak Orlin'in endüstriyel dehalari onun üretimi gelistirme potansiyelini gördüler.  Özellikle luborik için, eser miktarlari rafine ederek kullanilabilir miktarlara dönüstürebilen ve bunlari verimli mal üretimi için kullanabilen fabrikalar kurdular.</Text>
    </Row>
    <Row Tag="TXT_KEY_BUILDING_LUBORIC_FACTORY_STRATEGY">
      <Text>Luborik Fabrikasi sadece Curnow tarafindan insa edilebilir.  Yerini aldigi Luborik Rafinerisinin aksine, Luborik Fabrikasi [ICON_PRODUCTION] Üretime, insa edildigi sehir tarafindan islenen [ICON_RES_URANIUM] Luborik kaynak sayisiyla artan bir bonus verir.  Bu bonus, Curnow'un özelligi ile birikir.</Text>
    </Row>
    <Row Tag="TXT_KEY_BUILDING_LUBORIC_FACTORY_HELP">
      <Text>Sadece Curnow tarafindan insa edilebilir.[NEWLINE][NEWLINE]2 [COLOR_POSITIVE_TEXT]2 [ICON_RES_URANIUM] Luboric[ENDCOLOR] kaynagi saglar.[NEWLINE][NEWLINE]Bu sehir tarafindan islenen her [ICON_RES_URANIUM] Luboric kaynagi +1 [ICON_PRODUCTION] Üretim saglar.</Text>
    </Row>
    <Row Tag="TXT_KEY_CIV5_BUILDINGS_TORUS_DYNAMO_TEXT">
      <Text>Vedria'nin bilim insanlari galvanomanyetik güçler karsisinda büyülenmis ve bu konuya adanmis arastirma laboratuarlari insa etmislerdi.  Bu laboratuvarlarin merkezinde elektrik akimiyla çatirdayan Torus Dinamosu bulunuyordu.  Hem arastirma konusu hem de arastirmaya güç veren enerji kaynagi olarak hizmet ediyordu.</Text>
    </Row>
    <Row Tag="TXT_KEY_BUILDING_TORUS_DYNAMO_STRATEGY">
      <Text>Torus Dinamosu sadece Griggs tarafindan insa edilebilir.  Bir sehrin [ICON_RESEARCH] Bilimine, yerini aldigi Tesla Bobininden daha büyük bir destek saglar.  Bu bonus, kaçirmis olabileceginiz eski teknolojileri toplamak için veya pahali Gelecek Cag teknolojilerine dogru çalisirken çok yararli olabilir.</Text>
    </Row>
    <Row Tag="TXT_KEY_BUILDING_TORUS_DYNAMO_HELP">
      <Text>Sadece Griggs tarafindan insa edilebilir.</Text>
    </Row>
    <Row Tag="TXT_KEY_CIV5_BUILDINGS_AETHERIUM_FACTORY_TEXT">
      <Text>Aetherium, dogal dünyanin yasalarina meydan okuyan bir maddedir ve kullanim alanlari çoktur.  Pulias'in ajanlari bu kaynagi çabalarinin odak noktasi haline getirmistir.  Aetherium Fabrikasi, küçük miktarlardaki aetherium'un bile etkilerini en üst düzeye çikarabilir ve bu da tüccarlar tarafindan siradan insanlarin paralarini almak veya çok degerli ticari yenilikler yapmak için kullanilabilir.</Text>
    </Row>
    <Row Tag="TXT_KEY_BUILDING_AETHERIUM_FACTORY_STRATEGY">
      <Text>Aetherium Fabrikasi sadece Cutler tarafindan insa edilebilir.  Yerine geçtigi Aetherium Fabrikatörünün aksine, Aetherium Fabrikasi [ICON_GOLD] Altin bonusu verir ve bu bonus insa edildigi sehirde islenen [ICON_RES_ALUMINUM] Aetherium kaynagi sayisiyla artar.  Bu bonus Cutler'in özelligi ile birikir.</Text>
    </Row>
    <Row Tag="TXT_KEY_BUILDING_AETHERIUM_FACTORY_HELP">
      <Text>Sadece Cutler tarafindan insa edilebilir.[NEWLINE][NEWLINE]2 [ICON_RES_ALUMINUM] Aetherium[ENDCOLOR] kaynagi saglar.[NEWLINE][NEWLINE]Bu sehir tarafindan islenen her [ICON_RES_ALUMINUM] Aetherium kaynagi +1 [ICON_GOLD] Altin saglar.</Text>
    </Row>
    <Row Tag="TXT_KEY_CIV5_BUILDINGS_AERODROME_TEXT">
      <Text>Eruch'un ünlü Aerodromlari, hava gemisi üretim ve egitim yeri olarak ikiye katlandi.  Mürettebat dogrudan insaat sürecine katiliyor, bu da sadece egitim degil ayni zamanda verimliligi de artiriyordu.</Text>
    </Row>
    <Row Tag="TXT_KEY_BUILDING_AERODROME_STRATEGY">
      <Text>Havaalani sadece Rotheram tarafindan insa edilebilir.  Hava Gemisi Hangarinin yerini alir ve hava birimleri insa ederken [ICON_PRODUCTION] Üretim bonusu saglar: Uçaklar, Hava Gemileri ve Gök Kaleleri.  Hava Gemisi Hangari gibi, egitimli hava birimlerine ekstra Deneyim de saglar.  Kisa sürede deneyimli bir hava filosu olusturmak için Havaalanini kullanin.</Text>
    </Row>
    <Row Tag="TXT_KEY_BUILDING_AERODROME_HELP">
      <Text>Sadece Rotheram tarafindan insa edilebilir.[NEWLINE][NEWLINE]Hava Birimleri için +15 XP.[NEWLINE][NEWLINE]Hava birimleri insa ederken +%10 [ICON_PRODUCTION] Üretim.</Text>
    </Row>
    <!-- Buildings-->
    <Row Tag="TXT_KEY_CIV5_BUILDINGS_DIFFERENCE_ENGINE_TEXT">
      <Text>Ilk fark motorlari, isletmeler veya laboratuvarlar için karmasik hesaplamalar yapmakla sinirli küçük, pahali araçlardi.  Ancak hesaplama mantiginin degeri anlasildiktan sonra, daha büyük ve daha büyük modeller insa edildi.  Artik kullanimlari en küçük finansal islemden devlet isleri için istatistiksel analize kadar uzaniyor.</Text>
    </Row>
    <Row Tag="TXT_KEY_BUILDING_DIFFERENCE_ENGINE_STRATEGY">
      <Text>[ICON_PRODUCTION] Üretim ve [ICON_RESEARCH] Bilim için destek saglar.  Analitik Motor ulusal harikasinin kilidini açmak için her sehirde bir tane insa edin.</Text>
    </Row>
    <Row Tag="TXT_KEY_BUILDING_DIFFERENCE_ENGINE_HELP">
      <Text>Her sehirde insa edildiginde Analitik Motorun kilidini açar.</Text>
    </Row>
    <Row Tag="TXT_KEY_CIV5_BUILDINGS_GRAND_MANSION_TEXT">
      <Text>Imparatorluk faaliyetleri ticaret, icat ve sanayi yoluyla refah için birçok firsat getirdi.  Soylular sinifina yeni katilan birçok kisi oldu ve servetlerini yüksek kültür ve is dünyasinin bulusma yerleri haline gelen çökmekte olan, büyük konaklar insa etmek için kullandilar.</Text>
    </Row>
    <Row Tag="TXT_KEY_BUILDING_GRAND_MANSION_STRATEGY">
      <Text>[ICON_GOLD] Altin ve [ICON_CULTURE] Kültür için destek saglar.  Biltmore House ulusal harikasinin kilidini açmak için her sehirde bir tane insa edin.</Text>
    </Row>
    <Row Tag="TXT_KEY_BUILDING_GRAND_MANSION_HELP">
      <Text>Her sehirde insa edildiginde Biltmore Evi'nin kilidini açar.</Text>
    </Row>
    <Row Tag="TXT_KEY_CIV5_BUILDINGS_TRADE_COLLEGE_TEXT">
      <Text>Bilimin olanaklari kapsam olarak genislemeye devam ettikçe, imparatorluklar genç bilim adamlarinin, mucitlerin, kasiflerin ve girisimcilerin egitimini sübvanse etmenin degerini anladilar.  Bu alanlarda - hem büyük hem de küçük - avantajlar araniyordu  rakip imparatorluklara üstünlük saglayacak her sey olabilirdi.</Text>
    </Row>
    <Row Tag="TXT_KEY_BUILDING_TRADE_COLLEGE_STRATEGY">
      <Text>[ICON_RESEARCH] Bilim ve biraz [ICON_CULTURE] Kültür için büyük bir destek saglar.</Text>
    </Row>
    <Row Tag="TXT_KEY_BUILDING_TRADE_COLLEGE_HELP">
      <Text>[ICON_RESEARCH] Bilim ve [ICON_CULTURE] Kültür saglar.</Text>
    </Row>
    <Row Tag="TXT_KEY_CIV5_BUILDINGS_PATENT_OFFICE_TEXT">
      <Text>Mucizevi bilim çaginda mucitler sokaklari doldurmus, mallarini satmaya çalismaktadir.  Dehalari, rekabet ve bos vaatler denizinde gizlidir.  Patentler, sahte olanlari ayiklayarak ve yaraticiligi ödüllendirerek icat sürecini kolaylastirir.</Text>
    </Row>
    <Row Tag="TXT_KEY_BUILDING_PATENT_OFFICE_STRATEGY">
      <Text>[ICON_GOLD] Altin ve [ICON_PRODUCTION] Üretim için bir destek ve bir Bilim Insani uzmani için bir yuva saglar.</Text>
    </Row>
    <Row Tag="TXT_KEY_BUILDING_PATENT_OFFICE_HELP">
      <Text>Her sehirde insa edildiginde Mucit Salonu'nun kilidini açar.</Text>
    </Row>
    <Row Tag="TXT_KEY_CIV5_BUILDINGS_LUBORIC_REFINERY_TEXT">
      <Text>Degerli luborik yataklari nadiren bulunur, ancak kimyasal bilesimi bilindiginde, bilim adamlari neredeyse her yerde eser miktarda bulabilmislerdir.  Ayrintili kimyasal süreçler sayesinde bu eser miktarlar rafine edilerek saf luborigin etkilerini taklit eden güçlü bilesiklere dönüstürülebilir.</Text>
    </Row>
    <Row Tag="TXT_KEY_BUILDING_LUBORIC_REFINERY_STRATEGY">
      <Text>Kaynak içeren bir kareye sahip olmaniza gerek kalmadan [ICON_RES_URANIUM] Luborik kaynaklar saglar.  Bu kaynaklarla ordunuz için daha fazla kara gemisi birimi egitebilirsiniz.</Text>
    </Row>
    <Row Tag="TXT_KEY_BUILDING_LUBORIC_REFINERY_HELP">
      <Text>[COLOR_POSITIVE_TEXT]2 [ICON_RES_URANIUM] Luboric[ENDCOLOR] kaynaklari saglar.</Text>
    </Row>
    <Row Tag="TXT_KEY_CIV5_BUILDINGS_PHILANTHROPORIUM_TEXT">
      <Text>Bu uluslararasi ticaret çaginda hayirseverlik ile büyük ticari emporiumlar arasinda bir geçis olan philanthroporium, siradan insana çok düsük bir fiyata birinci sinif hayirseverlik sunuyor.</Text>
    </Row>
    <Row Tag="TXT_KEY_BUILDING_PHILANTHROPORIUM_STRATEGY">
      <Text>[ICON_CULTURE] Kültürün yani sira biraz da [ICON_HAPPINESS_1] Mutluluk için büyük bir destek saglar.  Carnegie Hall ulusal harikasinin kilidini açmak için her sehirde bir tane insa edin.</Text>
    </Row>
    <Row Tag="TXT_KEY_BUILDING_PHILANTHROPORIUM_HELP">
      <Text>Her sehirde insa edildiginde Carnegie Hall'un kilidini açar.</Text>
    </Row>
    <Row Tag="TXT_KEY_CIV5_BUILDINGS_TESLA_COIL_TEXT">
      <Text>Elektrik baslangiçta vahsi ve kötü anlasilmis bir güçtü.  Gücünü kontrol etmek zordu, bu yüzden Tesla Bobini tasarlandi.  Kisa sürede bilimsel arastirmalar için vazgeçilmez hale geldi.</Text>
    </Row>
    <Row Tag="TXT_KEY_BUILDING_TESLA_COIL_STRATEGY">
      <Text>[ICON_RESEARCH] Bilim'e ve bir miktar [ICON_GOLD] Altin'a büyük bir destek saglar.</Text>
    </Row>
    <Row Tag="TXT_KEY_BUILDING_TESLA_COIL_HELP">
      <Text>[ICON_RESEARCH] Bilim ve [ICON_GOLD] Altin saglar.</Text>
    </Row>
    <Row Tag="TXT_KEY_CIV5_BUILDINGS_AETHERIUM_FABRICATOR_TEXT">
      <Text>Aetherium'un gizemleri arastirilmaya devam ettikçe, bilim insanlari kaynagin daha küçük miktarlarini büyük miktarlar kadar etkili hale getirmenin ve hatta etkilerine yaklasan sentetik versiyonlar üretmenin yollarini buldular.</Text>
    </Row>
    <Row Tag="TXT_KEY_BUILDING_AETHERIUM_FABRICATOR_STRATEGY">
      <Text>Kaynak içeren bir kareye sahip olmaniza gerek kalmadan [ICON_RES_ALUMINUM] Aetherium kaynaklari saglar.  Bu kaynaklarla ordunuz için daha fazla hava gemisi birimi egitebilirsiniz.</Text>
    </Row>
    <Row Tag="TXT_KEY_BUILDING_AETHERIUM_FABRICATOR_HELP">
      <Text>[COLOR_POSITIVE_TEXT]2 [ICON_RES_ALUMINUM] Aetherium[ENDCOLOR] kaynaklari saglar.</Text>
    </Row>
    <Row Tag="TXT_KEY_CIV5_BUILDINGS_AIRSHIP_HANGAR_TEXT">
      <Text>Uçaklar ve hava gemileri düz bir arazinin oldugu her yere inebilir, ancak operasyon üssü olarak kullanilacak özel bir alana sahip olmak hem morali hem de yeni mürettebat üyelerinin egitim potansiyelini önemli ölçüde artirir.</Text>
    </Row>
    <Row Tag="TXT_KEY_BUILDING_AIRSHIP_HANGAR_STRATEGY">
      <Text>Egitimli hava birimlerine ekstra Deneyim saglar: Uçaklar, Hava Gemileri ve Gök Kaleleri.</Text>
    </Row>
    <Row Tag="TXT_KEY_BUILDING_AIRSHIP_HANGAR_HELP">
      <Text>Hava Birimleri için +15 XP.</Text>
    </Row>
    <Row Tag="TXT_KEY_CIV5_BUILDINGS_AUTOMATED_FACTORY_TEXT">
      <Text>Siradan insanin zahmeti, fabrikalarda en kötü kosullar altinda köle gibi çalisarak geçirdigi saatlere kadar izlenebilir.  Otomatik makinelerin bilgisini uygulayarak, sadece onun durumu iyilestirilmekle kalmaz, ayni zamanda verimlilik de arttirilabilir.  Makinelerin uykuya ihtiyaci yoktur.</Text>
    </Row>
    <Row Tag="TXT_KEY_BUILDING_AUTOMATED_FACTORY_STRATEGY">
      <Text>Üretime [ICON_PRODUCTION] ve biraz da [ICON_HAPPINESS_1] Mutluluga büyük bir destek saglar. Sürekli Hareket Motoru ulusal harikasinin kilidini açmak için her sehirde bir tane insa edin.</Text>
    </Row>
    <Row Tag="TXT_KEY_BUILDING_AUTOMATED_FACTORY_HELP">
      <Text>Her sehirde insa edildiginde Sürekli Hareket Motorunun kilidini açar.</Text>
    </Row>
    <Row Tag="TXT_KEY_CIV5_BUILDINGS_SUBTERRANEAN_OUTPOST_TEXT">
      <Text>Buhar çaginin muazzam araç gücü, karada ve hatta gökyüzünde kolayca seyahat etmek için kullanildi, ancak cesur bilim adamlarinin dünyanin derinliklerini arastirmayi düsünmesi birkaç on yil sürmedi.  Uygun yasam alanlari ve ekipmanla, yeraltindaki bir ileri karakol degerli bir hammadde kaynagi olabilir.</Text>
    </Row>
    <Row Tag="TXT_KEY_BUILDING_SUBTERRANEAN_OUTPOST_STRATEGY">
      <Text>Üretime [ICON_PRODUCTION] ve biraz da [ICON_RESEARCH] Bilime büyük bir destek saglar. Yeralti Kolonisi ulusal harikasinin kilidini açmak için her sehirde bir tane insa edin.</Text>
    </Row>
    <Row Tag="TXT_KEY_BUILDING_SUBTERRANEAN_OUTPOST_HELP">
      <Text>Her sehirde insa edildiginde Yeralti Kolonisinin kilidini açar.</Text>
    </Row>
    <Row Tag="TXT_KEY_STEAMPUNK_SCENARIO_BUILDING_POLICE_STATION_HELP">
      <Text>Düsman casus çalma oranini %25 azaltir%.</Text>
    </Row>
    <Row Tag="TXT_KEY_STEAMPUNK_SCENARIO_BUILDING_POLICE_STATION_STRATEGY">
      <Text>Polis istasyonlari, düsman casuslarinin sehrinizden teknoloji çalma hizini yavaslatir.</Text>
    </Row>
    <!-- National Wonders -->
    <Row Tag="TXT_KEY_CIV5_BUILDINGS_ANALYTICAL_ENGINE_TEXT">
      <Text>Basit bir Fark Motorundan çok daha yüksek olan Analitik Motor, bir imparatorlugun lojistik beyni olarak görev yapar.  Uzmanlardan olusan bir kadro tarafindan idare edilir ve degerli çalisma süresi dikkatle bütçelendirilir.</Text>
    </Row>
    <Row Tag="TXT_KEY_BUILDING_ANALYTICAL_ENGINE_STRATEGY">
      <Text>Analitik Makine yalnizca her sehrinizde bir Fark Makinesi oldugunda insa edilebilir ve imparatorlugunuzda yalnizca bir tane insa edebilirsiniz.  Üretime [ICON_PRODUCTION] büyük bir destek saglar.</Text>
    </Row>
    <Row Tag="TXT_KEY_BUILDING_ANALYTICAL_ENGINE_HELP">
      <Text>Tüm sehirlerde bir Fark Motoru insa etmis olmali.</Text>
    </Row>
    <Row Tag="TXT_KEY_CIV5_BUILDINGS_BILTMORE_HOUSE_TEXT">
      <Text>Biltmore House bir zarafet ve ticaret merkezidir.  Her odasi, konuklari agirlamak ve önemli ticari islemleri en sorunsuz ve en rahat sekilde kolaylastirmak için özenle düzenlenmistir.</Text>
    </Row>
    <Row Tag="TXT_KEY_BUILDING_BILTMORE_HOUSE_STRATEGY">
      <Text>Biltmore Evi yalnizca her sehrinizde bir Büyük Konak oldugunda insa edilebilir ve imparatorlugunuzda yalnizca bir tane insa edebilirsiniz.  [ICON_GOLD] Altin ve [ICON_CULTURE] Kültür için bir destek saglar.</Text>
    </Row>
    <Row Tag="TXT_KEY_BUILDING_BILTMORE_HOUSE_HELP">
      <Text>Tüm sehirlerde bir Büyük Konak insa etmis olmali.</Text>
    </Row>
    <Row Tag="TXT_KEY_CIV5_BUILDINGS_INVENTORS_HALL_TEXT">
      <Text>Gerçek bir inovasyon timarhanesi olan Mucitler Salonu, mucitlerin bir araya gelebildigi ve bilimin sinirlarini zorlayan kârli araçlar tasarlamak için saglanan araçlari kullanabildigi halka açik bir kesif forumudur.</Text>
    </Row>
    <Row Tag="TXT_KEY_BUILDING_INVENTORS_HALL_STRATEGY">
      <Text>Mucit Salonu yalnizca her sehrinizde bir Patent Ofisi oldugunda insa edilebilir ve imparatorlugunuzda yalnizca bir tane insa edebilirsiniz.  [ICON_GOLD] Altin ve [ICON_RESEARCH] Bilim için bir destek saglar.</Text>
    </Row>
    <Row Tag="TXT_KEY_BUILDING_INVENTORS_HALL_HELP">
      <Text>Tüm sehirlerde bir Patent Ofisi insa etmis olmali.</Text>
    </Row>
    <Row Tag="TXT_KEY_CIV5_BUILDINGS_CARNEGIE_HALL_TEXT">
      <Text>Hem yüksek hem de alçak kültüre hizmet eden Carnegie Hall, en yetenekli sanatçilari performans sergilemeleri ve ideallerini ulusal bir sahnede paylasmalari için çeken büyük bir mekandir.</Text>
    </Row>
    <Row Tag="TXT_KEY_BUILDING_CARNEGIE_HALL_STRATEGY">
      <Text>Carnegie Hall sadece her sehrinizde bir Hayirseverlik Salonu oldugunda insa edilebilir ve imparatorlugunuzda sadece bir tane insa edebilirsiniz.  [ICON_CULTURE] Kültür için büyük bir destek ve [ICON_HAPPINESS_1] Mutluluk için küçük bir destek saglar.</Text>
    </Row>
    <Row Tag="TXT_KEY_BUILDING_CARNEGIE_HALL_HELP">
      <Text>Tüm sehirlerde bir Philanthroporium insa etmis olmali.</Text>
    </Row>
    <Row Tag="TXT_KEY_CIV5_BUILDINGS_SUBTERRANEAN_COLONY_TEXT">
      <Text>Dünyanin derinliklerinde ileri karakollar kurulduktan sonra, imparatorluklar kolonizasyon için sivilleri ise aldi.  Teknolojik ilerlemeler ve güvenilir ikmal hatlari sayesinde yer altinda küçük bir sehir kurulabiliyordu.</Text>
    </Row>
    <Row Tag="TXT_KEY_BUILDING_SUBTERRANEAN_COLONY_STRATEGY">
      <Text>Yeralti Kolonisi yalnizca her sehrinizde bir Yeralti Karakolu oldugunda insa edilebilir ve imparatorlugunuzda yalnizca bir tane insa edebilirsiniz.  [ICON_PRODUCTION] Üretim ve [ICON_CULTURE] Kültür için büyük bir destek saglar.</Text>
    </Row>
    <Row Tag="TXT_KEY_BUILDING_SUBTERRANEAN_COLONY_HELP">
      <Text>Tüm sehirlerde bir Yeralti Karakolu insa etmis olmali.</Text>
    </Row>
    <Row Tag="TXT_KEY_CIV5_BUILDINGS_PERPETUAL_MOTION_ENGINE_TEXT">
      <Text>Bilim insanlari yüzyillar boyunca sürekli hareketin sirrini çözmeye çalisti.  Robotik ve galvanomanyetik kuvvetlerdeki ilerlemelerle nihayet mümkün hale geldi.</Text>
    </Row>
    <Row Tag="TXT_KEY_BUILDING_PERPETUAL_MOTION_ENGINE_STRATEGY">
      <Text>Sürekli Hareket Motoru yalnizca her sehrinizde bir Otomatik Fabrika oldugunda insa edilebilir ve imparatorlugunuzda yalnizca bir tane insa edebilirsiniz.  [ICON_PRODUCTION] Üretime muazzam bir destek ve [ICON_GOLD] Altina orta düzeyde bir bonus saglar.</Text>
    </Row>
    <Row Tag="TXT_KEY_BUILDING_PERPETUAL_MOTION_ENGINE_HELP">
      <Text>Tüm sehirlerde bir Otomatik Fabrika insa etmis olmalidir.</Text>
    </Row>
    <!-- Leader Dialog-->
    <!-- Luther Griggs (Gustavus Adolphus)-->
    <Row Tag="TXT_KEY_STEAMPUNK_SCENARIO_LEADER_GUSTAVUS_ADOLPHUS_FIRSTGREETING_1">
      <Text>Sizinle tanismak bir zevk! Ben Luther Griggs, olaganüstü mucit, Vedria'nin lideriyim! Gelin bilgilerimizi bilim ve dostluk ruhu içinde paylasalim.</Text>
    </Row>
    <Row Tag="TXT_KEY_STEAMPUNK_SCENARIO_LEADER_GUSTAVUS_ADOLPHUS_FIRSTGREETING_2">
      <Text>{TXT_KEY_STEAMPUNK_SCENARIO_LEADER_GUSTAVUS_ADOLPHUS_FIRSTGREETING_1}</Text>
    </Row>
    <Row Tag="TXT_KEY_STEAMPUNK_SCENARIO_LEADER_GUSTAVUS_ADOLPHUS_FIRSTGREETING_3">
      <Text>{TXT_KEY_STEAMPUNK_SCENARIO_LEADER_MISC_FIRSTGREETING_1}</Text>
    </Row>
    <Row Tag="TXT_KEY_STEAMPUNK_SCENARIO_LEADER_GUSTAVUS_ADOLPHUS_DECLAREWAR_1">
      <Text>Makinelerimizin müzigi kapinizin esiginde. Yöntemlerinizden bir seyler ögrenebilmek için sehirlerinizde elimden geleni yapacagimdan emin olabilirsiniz.</Text>
    </Row>
    <Row Tag="TXT_KEY_STEAMPUNK_SCENARIO_LEADER_GUSTAVUS_ADOLPHUS_DECLAREWAR_2">
      <Text>{TXT_KEY_STEAMPUNK_SCENARIO_LEADER_GUSTAVUS_ADOLPHUS_DECLAREWAR_1}</Text>
    </Row>
    <Row Tag="TXT_KEY_STEAMPUNK_SCENARIO_LEADER_GUSTAVUS_ADOLPHUS_DECLAREWAR_3">
      <Text>{TXT_KEY_LEADER_CATHERINE_DECLAREWAR_1}</Text>
    </Row>
    <Row Tag="TXT_KEY_STEAMPUNK_SCENARIO_LEADER_GUSTAVUS_ADOLPHUS_DEFEATED_1">
      <Text>Iyi karsilasmalar efendim. Umarim benim yoklugumda da bilgi ve icat pesinde kosmaya devam edersiniz.</Text>
    </Row>
    <Row Tag="TXT_KEY_STEAMPUNK_SCENARIO_LEADER_GUSTAVUS_ADOLPHUS_DEFEATED_2">
      <Text>{TXT_KEY_STEAMPUNK_SCENARIO_LEADER_GUSTAVUS_ADOLPHUS_DEFEATED_1}</Text>
    </Row>
    <Row Tag="TXT_KEY_STEAMPUNK_SCENARIO_LEADER_GUSTAVUS_ADOLPHUS_DEFEATED_3">
      <Text>{TXT_KEY_STEAMPUNK_SCENARIO_LEADER_GUSTAVUS_ADOLPHUS_DEFEATED_1}</Text>
    </Row>
    <Row Tag="TXT_KEY_STEAMPUNK_SCENARIO_LEADER_GUSTAVUS_ADOLPHUS_WARBLUFF_3">
      <Text>{TXT_KEY_LEADER_GUSTAVUS_ADOLPHUS_WARBLUFF_2}</Text>
    </Row>
    <Row Tag="TXT_KEY_STEAMPUNK_SCENARIO_LEADER_GUSTAVUS_ADOLPHUS_WINWAR_1">
      <Text>{TXT_KEY_LEADER_ALEXANDER_WINWAR_1}</Text>
    </Row>
    <Row Tag="TXT_KEY_STEAMPUNK_SCENARIO_LEADER_GUSTAVUS_ADOLPHUS_WINWAR_2">
      <Text>{TXT_KEY_LEADER_WUZETIAN_WINWAR_1}</Text>
    </Row>
    <Row Tag="TXT_KEY_STEAMPUNK_SCENARIO_LEADER_GUSTAVUS_ADOLPHUS_LOSEWAR_2">
      <Text>{TXT_KEY_LEADER_GUSTAVUS_ADOLPHUS_LOSEWAR_1}</Text>
    </Row>
    <Row Tag="TXT_KEY_STEAMPUNK_SCENARIO_LEADER_GUSTAVUS_ADOLPHUS_TRIBUTE_NO_NEUTRAL">
      <Text>{TXT_KEY_LEADER_ALEXANDER_TRIBUTE_NO_NEUTRAL}</Text>
    </Row>
    <Row Tag="TXT_KEY_STEAMPUNK_SCENARIO_LEADER_GUSTAVUS_ADOLPHUS_TRADE_NEEDMORE_HAPPY_1">
      <Text>{TXT_KEY_LEADER_GUSTAVUS_ADOLPHUS_TRADE_NEEDMORE_HAPPY_2}</Text>
    </Row>
    <Row Tag="TXT_KEY_STEAMPUNK_SCENARIO_LEADER_GUSTAVUS_ADOLPHUS_TRADE_NEEDMORE_ANGRY_1">
      <Text>{TXT_KEY_LEADER_GUSTAVUS_ADOLPHUS_TRADE_NEEDMORE_ANGRY_4}</Text>
    </Row>
    <Row Tag="TXT_KEY_STEAMPUNK_SCENARIO_LEADER_GUSTAVUS_ADOLPHUS_TRIBUTE_NO_ANGRY">
      <Text>{TXT_KEY_LEADER_GUSTAVUS_ADOLPHUS_TRADE_NO_ANGRY}</Text>
    </Row>
    <Row Tag="TXT_KEY_STEAMPUNK_SCENARIO_LEADER_GUSTAVUS_ADOLPHUS_ATTACKED_1">
      <Text>{TXT_KEY_LEADER_ALEXANDER_ATTACKED_1}</Text>
    </Row>
    <Row Tag="TXT_KEY_STEAMPUNK_SCENARIO_LEADER_GUSTAVUS_ADOLPHUS_ATTACKED_2">
      <Text>{TXT_KEY_LEADER_ALEXANDER_ATTACKED_2}</Text>
    </Row>
    <Row Tag="TXT_KEY_STEAMPUNK_SCENARIO_LEADER_GUSTAVUS_ADOLPHUS_ATTACKED_3">
      <Text>{TXT_KEY_LEADER_ALEXANDER_ATTACKED_3}</Text>
    </Row>
    <!-- Cyrus Rotheram (Bismarck)-->
    <Row Tag="TXT_KEY_STEAMPUNK_SCENARIO_LEADER_BISMARCK_FIRSTGREETING_1">
      <Text>Ah, selamlar. Kendimi tanitmama izin verin. Ben Eruch'lu Cyrus Rotheram, büyük askeri gücümüzle taninirim. Umarim degerli bir müttefik olursunuz, yoksa sizi degerli bir düsman olarak degerlendiririm.</Text>
    </Row>
    <Row Tag="TXT_KEY_STEAMPUNK_SCENARIO_LEADER_BISMARCK_FIRSTGREETING_2">
      <Text>{TXT_KEY_STEAMPUNK_SCENARIO_LEADER_BISMARCK_FIRSTGREETING_1}</Text>
    </Row>
    <Row Tag="TXT_KEY_STEAMPUNK_SCENARIO_LEADER_BISMARCK_FIRSTGREETING_3">
      <Text>{TXT_KEY_STEAMPUNK_SCENARIO_LEADER_MISC_FIRSTGREETING_2}</Text>
    </Row>
    <Row Tag="TXT_KEY_STEAMPUNK_SCENARIO_LEADER_BISMARCK_DECLAREWAR_1">
      <Text>Sizinle bu savas oyunundan zevk alacagim ve sonra hava gemilerimiz topraklariniza gölge düsürecek.</Text>
    </Row>
    <Row Tag="TXT_KEY_STEAMPUNK_SCENARIO_LEADER_BISMARCK_DECLAREWAR_3">
      <Text>{TXT_KEY_STEAMPUNK_SCENARIO_LEADER_BISMARCK_DECLAREWAR_1}</Text>
    </Row>
    <Row Tag="TXT_KEY_STEAMPUNK_SCENARIO_LEADER_BISMARCK_DEFEATED_1">
      <Text>Benim dengim oldugunuzu kanitladiginiz için önünüzde egiliyorum efendim. Zaferinizin tadini çikarin.</Text>
    </Row>
    <Row Tag="TXT_KEY_STEAMPUNK_SCENARIO_LEADER_BISMARCK_DEFEATED_3">
      <Text>{TXT_KEY_STEAMPUNK_SCENARIO_LEADER_BISMARCK_DEFEATED_1}</Text>
    </Row>
    <Row Tag="TXT_KEY_STEAMPUNK_SCENARIO_LEADER_BISMARCK_DEMANDTRIBUTE_HAPPY">
      <Text>{TXT_KEY_LEADER_MONTEZUMA_DEMANDTRIBUTE_HAPPY}</Text>
    </Row>
    <Row Tag="TXT_KEY_STEAMPUNK_SCENARIO_LEADER_BISMARCK_DEMANDTRIBUTE_NEUTRAL">
      <Text>{TXT_KEY_LEADER_WILLIAM_DEMANDTRIBUTE_NEUTRAL}</Text>
    </Row>
    <Row Tag="TXT_KEY_STEAMPUNK_SCENARIO_LEADER_BISMARCK_LOSEWAR_3">
      <Text>{TXT_KEY_LEADER_BISMARCK_LOSEWAR_1}</Text>
    </Row>
    <Row Tag="TXT_KEY_STEAMPUNK_SCENARIO_LEADER_BISMARCK_QUOTE_1">
      <Text>{TXT_KEY_STEAMPUNK_SCENARIO_LEADER_BISMARCK_TEXT_1}</Text>
    </Row>
    <Row Tag="TXT_KEY_STEAMPUNK_SCENARIO_LEADER_BISMARCK_QUOTE_2">
      <Text>{TXT_KEY_STEAMPUNK_SCENARIO_LEADER_BISMARCK_TEXT_1}</Text>
    </Row>
    <Row Tag="TXT_KEY_STEAMPUNK_SCENARIO_LEADER_BISMARCK_QUOTE_3">
      <Text>{TXT_KEY_STEAMPUNK_SCENARIO_LEADER_BISMARCK_TEXT_1}</Text>
    </Row>
    <Row Tag="TXT_KEY_STEAMPUNK_SCENARIO_LEADER_BISMARCK_QUOTE_4">
      <Text>{TXT_KEY_STEAMPUNK_SCENARIO_LEADER_BISMARCK_TEXT_1}</Text>
    </Row>
    <Row Tag="TXT_KEY_STEAMPUNK_SCENARIO_LEADER_BISMARCK_TRADE_NEEDMORE_HAPPY_1">
      <Text>{TXT_KEY_LEADER_BISMARCK_TRADE_NEEDMORE_HAPPY_4}</Text>
    </Row>
    <Row Tag="TXT_KEY_STEAMPUNK_SCENARIO_LEADER_BISMARCK_TRADE_NO_NEUTRAL">
      <Text>{TXT_KEY_LEADER_ASKIA_TRADE_NO_NEUTRAL}</Text>
    </Row>
    <Row Tag="TXT_KEY_STEAMPUNK_SCENARIO_LEADER_BISMARCK_TRADEREQUEST_NEUTRAL">
      <Text>{TXT_KEY_LEADER_ASKIA_TRADEREQUEST_NEUTRAL}</Text>
    </Row>
    <Row Tag="TXT_KEY_STEAMPUNK_SCENARIO_LEADER_BISMARCK_TRIBUTE_NO_NEUTRAL">
      <Text>{TXT_KEY_LEADER_BOUDICCA_TRIBUTE_NO_NEUTRAL}</Text>
    </Row>
    <Row Tag="TXT_KEY_STEAMPUNK_SCENARIO_LEADER_BISMARCK_TRIBUTE_YES_HAPPY">
      <Text>{TXT_KEY_LEADER_ASKIA_TRIBUTE_YES_HAPPY}</Text>
    </Row>
    <Row Tag="TXT_KEY_STEAMPUNK_SCENARIO_LEADER_BISMARCK_WINWAR_1">
      <Text>{TXT_KEY_LEADER_ASKIA_WINWAR_1}</Text>
    </Row>
    <Row Tag="TXT_KEY_STEAMPUNK_SCENARIO_LEADER_BISMARCK_WINWAR_3">
      <Text>{TXT_KEY_LEADER_BISMARCK_WINWAR_2}</Text>
    </Row>
    <!-- Ignace Curnow (Catherine)-->
    <Row Tag="TXT_KEY_STEAMPUNK_SCENARIO_LEADER_CATHERINE_FIRSTGREETING_1">
      <Text>Karsinizda sanayi makinesinin en büyük dislisi, Orlin ulusu! Ben Ignace Curnow, ve sizi uyariyorum, efendim, herhangi bir aptallik ciddi bir sekilde ele alinacaktir.  Zamanim çok degerli.</Text>
    </Row>
    <Row Tag="TXT_KEY_STEAMPUNK_SCENARIO_LEADER_CATHERINE_FIRSTGREETING_2">
      <Text>{TXT_KEY_STEAMPUNK_SCENARIO_LEADER_CATHERINE_FIRSTGREETING_1}</Text>
    </Row>
    <Row Tag="TXT_KEY_STEAMPUNK_SCENARIO_LEADER_CATHERINE_FIRSTGREETING_3">
      <Text>{TXT_KEY_STEAMPUNK_SCENARIO_LEADER_MISC_FIRSTGREETING_1}</Text>
    </Row>
    <Row Tag="TXT_KEY_STEAMPUNK_SCENARIO_LEADER_CATHERINE_DECLAREWAR_2">
      <Text>Fabrikalarimiz uzun zamandir bu an için hazirlaniyor. Endüstrinin ilerleyisi karsisinda hiç sansiniz yok!</Text>
    </Row>
    <Row Tag="TXT_KEY_STEAMPUNK_SCENARIO_LEADER_CATHERINE_DECLAREWAR_3">
      <Text>{TXT_KEY_STEAMPUNK_SCENARIO_LEADER_CATHERINE_DECLAREWAR_2}</Text>
    </Row>
    <Row Tag="TXT_KEY_STEAMPUNK_SCENARIO_LEADER_CATHERINE_DEFEATED_1">
      <Text>Siz, bayim, bir canisiniz. Devam edin, fabrikalarimizi alin, ama dünya sizin ellerinizdeki sanayinin büyüklügünü asla ögrenemeyecek.</Text>
    </Row>
    <Row Tag="TXT_KEY_STEAMPUNK_SCENARIO_LEADER_CATHERINE_DEFEATED_3">
      <Text>{TXT_KEY_STEAMPUNK_SCENARIO_LEADER_CATHERINE_DEFEATED_1}</Text>
    </Row>
    <Row Tag="TXT_KEY_STEAMPUNK_SCENARIO_LEADER_CATHERINE_ATTACKED_1">
      <Text>{TXT_KEY_LEADER_CATHERINE_ATTACKED_3}</Text>
    </Row>
    <Row Tag="TXT_KEY_STEAMPUNK_SCENARIO_LEADER_CATHERINE_ATTACKED_2">
      <Text>{TXT_KEY_LEADER_CATHERINE_ATTACKED_4}</Text>
    </Row>
    <Row Tag="TXT_KEY_STEAMPUNK_SCENARIO_LEADER_CATHERINE_LOSEWAR_1">
      <Text>{TXT_KEY_LEADER_SULEIMAN_LOSEWAR_1}</Text>
    </Row>
    <Row Tag="TXT_KEY_STEAMPUNK_SCENARIO_LEADER_CATHERINE_LOSEWAR_2">
      <Text>{TXT_KEY_LEADER_MARIA_LOSEWAR_2}</Text>
    </Row>
    <Row Tag="TXT_KEY_STEAMPUNK_SCENARIO_LEADER_CATHERINE_LOSEWAR_3">
      <Text>{TXT_KEY_LEADER_WILLIAM_LOSEWAR_2}</Text>
    </Row>
    <Row Tag="TXT_KEY_STEAMPUNK_SCENARIO_LEADER_CATHERINE_QUOTE_1">
      <Text>{TXT_KEY_STEAMPUNK_SCENARIO_LEADER_CATHERINE_TEXT_1}</Text>
    </Row>
    <Row Tag="TXT_KEY_STEAMPUNK_SCENARIO_LEADER_CATHERINE_QUOTE_2">
      <Text>{TXT_KEY_STEAMPUNK_SCENARIO_LEADER_CATHERINE_TEXT_1}</Text>
    </Row>
    <Row Tag="TXT_KEY_STEAMPUNK_SCENARIO_LEADER_CATHERINE_QUOTE_3">
      <Text>{TXT_KEY_STEAMPUNK_SCENARIO_LEADER_CATHERINE_TEXT_1}</Text>
    </Row>
    <Row Tag="TXT_KEY_STEAMPUNK_SCENARIO_LEADER_CATHERINE_TRADE_NO_ANGRY">
      <Text>{TXT_KEY_LEADER_WILLIAM_TRADE_NO_ANGRY}</Text>
    </Row>
    <Row Tag="TXT_KEY_STEAMPUNK_SCENARIO_LEADER_CATHERINE_TRADE_NO_HAPPY">
      <Text>{TXT_KEY_LEADER_SELASSIE_TRADE_NO_HAPPY}</Text>
    </Row>
    <Row Tag="TXT_KEY_STEAMPUNK_SCENARIO_LEADER_CATHERINE_TRADE_YES_ANGRY">
      <Text>{TXT_KEY_LEADER_WILLIAM_TRADE_YES_ANGRY}</Text>
    </Row>
    <Row Tag="TXT_KEY_STEAMPUNK_SCENARIO_LEADER_CATHERINE_TRADE_YES_HAPPY">
      <Text>{TXT_KEY_LEADER_WILLIAM_TRADE_YES_HAPPY}</Text>
    </Row>
    <Row Tag="TXT_KEY_STEAMPUNK_SCENARIO_LEADER_CATHERINE_TRADE_YES_NEUTRAL">
      <Text>{TXT_KEY_LEADER_WILLIAM_TRADE_YES_NEUTRAL}</Text>
    </Row>
    <Row Tag="TXT_KEY_STEAMPUNK_SCENARIO_LEADER_CATHERINE_TRADEREQUEST_NEUTRAL">
      <Text>{TXT_KEY_LEADER_SULEIMAN_TRADEREQUEST_NEUTRAL}</Text>
    </Row>
    <Row Tag="TXT_KEY_STEAMPUNK_SCENARIO_LEADER_CATHERINE_TRIBUTE_NO_ANGRY">
      <Text>{TXT_KEY_LEADER_NAPOLEON_TRIBUTE_NO_ANGRY}</Text>
    </Row>
    <Row Tag="TXT_KEY_STEAMPUNK_SCENARIO_LEADER_CATHERINE_TRIBUTE_NO_HAPPY">
      <Text>{TXT_KEY_LEADER_WILLIAM_TRIBUTE_NO_HAPPY}</Text>
    </Row>
    <Row Tag="TXT_KEY_STEAMPUNK_SCENARIO_LEADER_CATHERINE_TRIBUTE_YES_HAPPY">
      <Text>{TXT_KEY_LEADER_WILLIAM_TRIBUTE_YES_HAPPY}</Text>
    </Row>
    <Row Tag="TXT_KEY_STEAMPUNK_SCENARIO_LEADER_CATHERINE_TRIBUTE_YES_NEUTRAL">
      <Text>{TXT_KEY_LEADER_WILLIAM_TRIBUTE_YES_NEUTRAL}</Text>
    </Row>
    <Row Tag="TXT_KEY_STEAMPUNK_SCENARIO_LEADER_CATHERINE_WINWAR_1">
      <Text>{TXT_KEY_LEADER_SULEIMAN_WINWAR_1}</Text>
    </Row>
    <!-- Octavius Cutler (Elizabeth)-->
    <Row Tag="TXT_KEY_STEAMPUNK_SCENARIO_LEADER_ELIZABETH_FIRSTGREETING_2">
      <Text>Gel, iyi adamim, biraz konusalim. Benim adim Pulias'li Octavius Cutler, belki beni duymussunuzdur? Önemli degil. Lütfen bana kendinizden ve büyük basarilarinizdan bahsedin.</Text>
    </Row>
    <Row Tag="TXT_KEY_STEAMPUNK_SCENARIO_LEADER_ELIZABETH_FIRSTGREETING_3">
      <Text>{TXT_KEY_STEAMPUNK_SCENARIO_LEADER_ELIZABETH_FIRSTGREETING_2}</Text>
    </Row>
    <Row Tag="TXT_KEY_STEAMPUNK_SCENARIO_LEADER_ELIZABETH_FIRSTGREETING_4">
      <Text>{TXT_KEY_STEAMPUNK_SCENARIO_LEADER_ELIZABETH_FIRSTGREETING_2}</Text>
    </Row>
    <Row Tag="TXT_KEY_STEAMPUNK_SCENARIO_LEADER_ELIZABETH_DECLAREWAR_1">
      <Text>Cabuk olacak, sizi temin ederim. Yenilginizin Pulias'in güçlenmesine yardimci olacagini bilerek huzur içinde olun.</Text>
    </Row>
    <Row Tag="TXT_KEY_STEAMPUNK_SCENARIO_LEADER_ELIZABETH_DECLAREWAR_2">
      <Text>{TXT_KEY_STEAMPUNK_SCENARIO_LEADER_ELIZABETH_DECLAREWAR_1}</Text>
    </Row>
    <Row Tag="TXT_KEY_STEAMPUNK_SCENARIO_LEADER_ELIZABETH_DEFEATED_1">
      <Text>Güçlü zaferiniz için önünüzde saygiyla egiliyorum efendim. Ülkem sessizce yükselmis olabilir ama dünya biliyor ki ayni sekilde düsmedik.</Text>
    </Row>
    <Row Tag="TXT_KEY_STEAMPUNK_SCENARIO_LEADER_ELIZABETH_DEFEATED_2">
      <Text>{TXT_KEY_STEAMPUNK_SCENARIO_LEADER_ELIZABETH_DEFEATED_1}</Text>
    </Row>
    <Row Tag="TXT_KEY_STEAMPUNK_SCENARIO_LEADER_ELIZABETH_DEMANDTRIBUTE_HAPPY">
      <Text>{TXT_KEY_LEADER_BOUDICCA_DEMANDTRIBUTE_HAPPY}</Text>
    </Row>
    <Row Tag="TXT_KEY_STEAMPUNK_SCENARIO_LEADER_ELIZABETH_DEMANDTRIBUTE_NEUTRAL">
      <Text>{TXT_KEY_LEADER_WUZETIAN_DEMANDTRIBUTE_NEUTRAL}</Text>
    </Row>
    <Row Tag="TXT_KEY_STEAMPUNK_SCENARIO_LEADER_ELIZABETH_QUOTE_1">
      <Text>{TXT_KEY_STEAMPUNK_SCENARIO_LEADER_ELIZABETH_TEXT_1}</Text>
    </Row>
    <Row Tag="TXT_KEY_STEAMPUNK_SCENARIO_LEADER_ELIZABETH_QUOTE_2">
      <Text>{TXT_KEY_STEAMPUNK_SCENARIO_LEADER_ELIZABETH_TEXT_1}</Text>
    </Row>
    <Row Tag="TXT_KEY_STEAMPUNK_SCENARIO_LEADER_ELIZABETH_TRADE_NEEDMORE_ANGRY_1">
      <Text>{TXT_KEY_LEADER_ELIZABETH_TRADE_NEEDMORE_ANGRY_3}</Text>
    </Row>
    <Row Tag="TXT_KEY_STEAMPUNK_SCENARIO_LEADER_ELIZABETH_TRADE_NEEDMORE_HAPPY_1">
      <Text>{TXT_KEY_LEADER_ELIZABETH_TRADE_NEEDMORE_HAPPY_4}</Text>
    </Row>
    <Row Tag="TXT_KEY_STEAMPUNK_SCENARIO_LEADER_ELIZABETH_TRADE_NO_ANGRY">
      <Text>{TXT_KEY_LEADER_BOUDICCA_TRADE_NO_ANGRY}</Text>
    </Row>
    <Row Tag="TXT_KEY_STEAMPUNK_SCENARIO_LEADER_ELIZABETH_TRADE_NO_HAPPY">
      <Text>{TXT_KEY_LEADER_BOUDICCA_TRADE_NO_HAPPY}</Text>
    </Row>
    <Row Tag="TXT_KEY_STEAMPUNK_SCENARIO_LEADER_ELIZABETH_TRADE_NO_NEUTRAL">
      <Text>{TXT_KEY_LEADER_DARIUS_TRADE_NO_NEUTRAL}</Text>
    </Row>
    <Row Tag="TXT_KEY_STEAMPUNK_SCENARIO_LEADER_ELIZABETH_TRADE_YES_NEUTRAL">
      <Text>{TXT_KEY_LEADER_DARIUS_TRADE_YES_NEUTRAL}</Text>
    </Row>
    <Row Tag="TXT_KEY_STEAMPUNK_SCENARIO_LEADER_ELIZABETH_TRADEREQUEST_ANGRY">
      <Text>{TXT_KEY_LEADER_HARUN_TRADEREQUEST_ANGRY}</Text>
    </Row>
    <Row Tag="TXT_KEY_STEAMPUNK_SCENARIO_LEADER_ELIZABETH_TRADEREQUEST_HAPPY">
      <Text>{TXT_KEY_LEADER_HIAWATHA_TRADEREQUEST_HAPPY}</Text>
    </Row>
    <Row Tag="TXT_KEY_STEAMPUNK_SCENARIO_LEADER_ELIZABETH_TRIBUTE_NO_ANGRY">
      <Text>{TXT_KEY_LEADER_HIAWATHA_TRIBUTE_NO_ANGRY}</Text>
    </Row>
    <Row Tag="TXT_KEY_STEAMPUNK_SCENARIO_LEADER_ELIZABETH_TRIBUTE_YES_ANGRY">
      <Text>{TXT_KEY_LEADER_BOUDICCA_TRIBUTE_YES_ANGRY}</Text>
    </Row>
    <Row Tag="TXT_KEY_STEAMPUNK_SCENARIO_LEADER_ELIZABETH_TRIBUTE_YES_HAPPY">
      <Text>{TXT_KEY_LEADER_HIAWATHA_TRIBUTE_YES_HAPPY}</Text>
    </Row>
    <Row Tag="TXT_KEY_STEAMPUNK_SCENARIO_LEADER_ELIZABETH_WINWAR_1">
      <Text>{TXT_KEY_LEADER_DARIUS_WINWAR_1}</Text>
    </Row>
    <!-- Clinton Alderdice (Napoleon)-->
    <Row Tag="TXT_KEY_STEAMPUNK_SCENARIO_LEADER_NAPOLEON_FIRSTGREETING_1">
      <Text>Sizinle tanismak muhtesem, efendim, tek kelimeyle muhtesem! Mütevazi Dalmace'a hos geldiniz. Benim adim Clinton Alderdice ve size dostluk elimi uzatmaktan mutluluk duyarim.</Text>
    </Row>
    <Row Tag="TXT_KEY_STEAMPUNK_SCENARIO_LEADER_NAPOLEON_FIRSTGREETING_2">
      <Text>{TXT_KEY_STEAMPUNK_SCENARIO_LEADER_NAPOLEON_FIRSTGREETING_1}</Text>
    </Row>
    <Row Tag="TXT_KEY_STEAMPUNK_SCENARIO_LEADER_NAPOLEON_FIRSTGREETING_3">
      <Text>{TXT_KEY_STEAMPUNK_SCENARIO_LEADER_NAPOLEON_FIRSTGREETING_1}</Text>
    </Row>
    <Row Tag="TXT_KEY_STEAMPUNK_SCENARIO_LEADER_NAPOLEON_FIRSTGREETING_4">
      <Text>{TXT_KEY_STEAMPUNK_SCENARIO_LEADER_MISC_FIRSTGREETING_1}</Text>
    </Row>
    <Row Tag="TXT_KEY_STEAMPUNK_SCENARIO_LEADER_NAPOLEON_DECLAREWAR_1">
      <Text>Sevgili dostum, bu saldirganlik için özür dilemeliyim. Ne yazik ki baska bir alternatif yok.</Text>
    </Row>
    <Row Tag="TXT_KEY_STEAMPUNK_SCENARIO_LEADER_NAPOLEON_DECLAREWAR_3">
      <Text>{TXT_KEY_STEAMPUNK_SCENARIO_LEADER_NAPOLEON_DECLAREWAR_1}</Text>
    </Row>
    <Row Tag="TXT_KEY_STEAMPUNK_SCENARIO_LEADER_NAPOLEON_DEFEATED_2">
      <Text>Aman Tanrim, bu adaletsizlige hiç gerek yok! Dalmace isim olarak gitmis olabilir, ancak siradan insanlarla yasamaya devam edecektir.</Text>
    </Row>
    <Row Tag="TXT_KEY_STEAMPUNK_SCENARIO_LEADER_NAPOLEON_DEFEATED_3">
      <Text>{TXT_KEY_STEAMPUNK_SCENARIO_LEADER_NAPOLEON_DEFEATED_2}</Text>
    </Row>
    <Row Tag="TXT_KEY_STEAMPUNK_SCENARIO_LEADER_NAPOLEON_DEMANDTRIBUTE_HAPPY">
      <Text>{TXT_KEY_LEADER_WILLIAM_DEMANDTRIBUTE_HAPPY}</Text>
    </Row>
    <Row Tag="TXT_KEY_STEAMPUNK_SCENARIO_LEADER_NAPOLEON_DEMANDTRIBUTE_NEUTRAL">
      <Text>{TXT_KEY_LEADER_HIAWATHA_DEMANDTRIBUTE_NEUTRAL}</Text>
    </Row>
    <Row Tag="TXT_KEY_STEAMPUNK_SCENARIO_LEADER_NAPOLEON_LOSEWAR_1">
      <Text>{TXT_KEY_LEADER_HIAWATHA_LOSEWAR_1}</Text>
    </Row>
    <Row Tag="TXT_KEY_STEAMPUNK_SCENARIO_LEADER_NAPOLEON_QUOTE_1">
      <Text>{TXT_KEY_STEAMPUNK_SCENARIO_LEADER_NAPOLEON_TEXT_1}</Text>
    </Row>
    <Row Tag="TXT_KEY_STEAMPUNK_SCENARIO_LEADER_NAPOLEON_QUOTE_2">
      <Text>{TXT_KEY_STEAMPUNK_SCENARIO_LEADER_NAPOLEON_TEXT_1}</Text>
    </Row>
    <Row Tag="TXT_KEY_STEAMPUNK_SCENARIO_LEADER_NAPOLEON_QUOTE_3">
      <Text>{TXT_KEY_STEAMPUNK_SCENARIO_LEADER_NAPOLEON_TEXT_1}</Text>
    </Row>
    <Row Tag="TXT_KEY_STEAMPUNK_SCENARIO_LEADER_NAPOLEON_QUOTE_4">
      <Text>{TXT_KEY_STEAMPUNK_SCENARIO_LEADER_NAPOLEON_TEXT_1}</Text>
    </Row>
    <Row Tag="TXT_KEY_STEAMPUNK_SCENARIO_LEADER_NAPOLEON_TRADE_NEEDMORE_ANGRY_1">
      <Text>{TXT_KEY_LEADER_NAPOLEON_TRADE_NEEDMORE_ANGRY_2}</Text>
    </Row>
    <Row Tag="TXT_KEY_STEAMPUNK_SCENARIO_LEADER_NAPOLEON_TRADE_NEEDMORE_HAPPY_1">
      <Text>{TXT_KEY_LEADER_NAPOLEON_TRADE_NEEDMORE_HAPPY_3}</Text>
    </Row>
    <Row Tag="TXT_KEY_STEAMPUNK_SCENARIO_LEADER_NAPOLEON_TRADE_NEEDMORE_NEUTRAL_1">
      <Text>{TXT_KEY_LEADER_NAPOLEON_TRADE_NEEDMORE_NEUTRAL_3}</Text>
    </Row>
    <Row Tag="TXT_KEY_STEAMPUNK_SCENARIO_LEADER_NAPOLEON_TRADE_NO_HAPPY">
      <Text>{TXT_KEY_LEADER_ODA_TRADE_NO_HAPPY}</Text>
    </Row>
    <Row Tag="TXT_KEY_STEAMPUNK_SCENARIO_LEADER_NAPOLEON_TRADE_NO_NEUTRAL">
      <Text>{TXT_KEY_LEADER_WILLIAM_TRADE_NO_NEUTRAL}</Text>
    </Row>
    <Row Tag="TXT_KEY_STEAMPUNK_SCENARIO_LEADER_NAPOLEON_TRADE_YES_HAPPY">
      <Text>{TXT_KEY_LEADER_ODA_TRADE_YES_HAPPY}</Text>
    </Row>
    <Row Tag="TXT_KEY_STEAMPUNK_SCENARIO_LEADER_NAPOLEON_TRADEREQUEST_NEUTRAL">
      <Text>{TXT_KEY_LEADER_BOUDICCA_TRADEREQUEST_NEUTRAL}</Text>
    </Row>
    <Row Tag="TXT_KEY_STEAMPUNK_SCENARIO_LEADER_NAPOLEON_TRIBUTE_NO_ANGRY">
      <Text>{TXT_KEY_LEADER_WASHINGTON_TRIBUTE_NO_ANGRY}</Text>
    </Row>
    <Row Tag="TXT_KEY_STEAMPUNK_SCENARIO_LEADER_NAPOLEON_TRIBUTE_NO_HAPPY">
      <Text>{TXT_KEY_LEADER_HIAWATHA_TRIBUTE_NO_HAPPY}</Text>
    </Row>
    <Row Tag="TXT_KEY_STEAMPUNK_SCENARIO_LEADER_NAPOLEON_TRIBUTE_YES_HAPPY">
      <Text>{TXT_KEY_LEADER_RAMKHAMHAENG_TRIBUTE_YES_HAPPY}</Text>
    </Row>
    <Row Tag="TXT_KEY_STEAMPUNK_SCENARIO_LEADER_NAPOLEON_TRIBUTE_YES_NEUTRAL">
      <Text>{TXT_KEY_LEADER_BOUDICCA_TRIBUTE_YES_NEUTRAL}</Text>
    </Row>
    <Row Tag="TXT_KEY_STEAMPUNK_SCENARIO_LEADER_NAPOLEON_WINWAR_1">
      <Text>{TXT_KEY_LEADER_HARUN_WINWAR_1}</Text>
    </Row>
    <!-- Generic-->
    <Row Tag="TXT_KEY_STEAMPUNK_SCENARIO_LEADER_MISC_FIRSTGREETING_1">
      <Text>Selamlar, efendim! Onurlu bir beyefendi gibi görünüyorsunuz. Iliskilerimiz uzun süre dostane olsun ve eger savas alaninda karsilasirsak en iyi olan kazansin.</Text>
    </Row>
    <Row Tag="TXT_KEY_STEAMPUNK_SCENARIO_LEADER_MISC_FIRSTGREETING_2">
      <Text>Ho, efendim! Isinizi belirtmenizi rica ediyorum. Kuskusuz, niyetiniz çok takdire sayan, yoksa sizi oldukça zorlu bir düsman oldugum konusunda uyaracagim.</Text>
    </Row>
    <Row Tag="TXT_KEY_STEAMPUNK_SCENARIO_LEADER_MISC_POSITIVE_1">
      <Text>Cok iyi.</Text>
    </Row>
    <Row Tag="TXT_KEY_STEAMPUNK_SCENARIO_LEADER_MISC_POSITIVE_2">
      <Text>Aynen öyle.</Text>
    </Row>
    <Row Tag="TXT_KEY_STEAMPUNK_SCENARIO_LEADER_MISC_POSITIVE_3">
      <Text>Cok dogru.</Text>
    </Row>
    <Row Tag="TXT_KEY_STEAMPUNK_SCENARIO_LEADER_MISC_POSITIVE_4">
      <Text>Kesinlikle öyle.</Text>
    </Row>
    <Row Tag="TXT_KEY_STEAMPUNK_SCENARIO_LEADER_MISC_POSITIVE_5">
      <Text>Takdire sayan.</Text>
    </Row>
    <Row Tag="TXT_KEY_STEAMPUNK_SCENARIO_LEADER_MISC_POSITIVE_6">
      <Text>Bu düzenleme çok uygun.</Text>
    </Row>
    <Row Tag="TXT_KEY_STEAMPUNK_SCENARIO_LEADER_MISC_NEGATIVE_1">
      <Text>Sanmiyorum.</Text>
    </Row>
    <Row Tag="TXT_KEY_STEAMPUNK_SCENARIO_LEADER_MISC_NEGATIVE_2">
      <Text>Bu bir rezalet!</Text>
    </Row>
    <Row Tag="TXT_KEY_STEAMPUNK_SCENARIO_LEADER_MISC_NEGATIVE_3">
      <Text>Beni rencide ediyorsunuz, efendim.</Text>
    </Row>
    <!-- Backups for Policies and Traits-->
    <Row Tag="TXT_KEY_STEAMPUNK_SCENARIO_POLICY_UNITED_FRONT">
      <Text>Birlesik Cephe</Text>
    </Row>
    <Row Tag="TXT_KEY_STEAMPUNK_SCENARIO_POLICY_UNITED_FRONT_HELP">
      <Text>[COLOR_POSITIVE_TEXT]Birlesik Cephe[ENDCOLOR][NEWLINE]+%10 [ICON_PRODUCTION] Harikalar insa ederken ve yeni Sehirler ekstra 1 [ICON_CITIZEN] Nüfus ile baslar.</Text>
    </Row>
    <Row Tag="TXT_KEY_STEAMPUNK_SCENARIO_TRAIT_INTELLIGENCE_NETWORK_SHORT">
      <Text>Istihbarat Agi</Text>
    </Row>
    <Row Tag="TXT_KEY_STEAMPUNK_SCENARIO_TRAIT_INTELLIGENCE_NETWORK">
      <Text>Fazladan 2 casus alin.</Text>
    </Row>
  </Language_en_US>
</GameData>