﻿<?xml version="1.0" encoding="utf-8"?>
<!-- edited with XMLSPY v2004 rel. 2 U (http://www.xmlspy.com) by Ed Beach (Firaxis Games) -->
<!--Sid Meier's Civilization V -->
<!--Copyright Firaxis Games 2010 -->
<!--File created by Michelle Menard-->
<GameData>
  <Language_en_US>
    <!-- INTO THE RENAISSANCE -->
    <Row Tag="TXT_KEY_MEDIEVAL_SCENARIO_CITYSTATE_AUGSBURG">
      <Text>Augsburgneuter:an</Text>
      <Gender>neuter:an</Gender>
    </Row>
    <Row Tag="TXT_KEY_MEDIEVAL_SCENARIO_CITYSTATE_AUGSBURG_ADJ">
      <Text>Augsburgneuter:an</Text>
      <Gender>neuter:an</Gender>
    </Row>
    <Row Tag="TXT_KEY_MEDIEVAL_SCENARIO_CITYSTATE_COLOGNE">
      <Text>Köln</Text>
    </Row>
    <Row Tag="TXT_KEY_MEDIEVAL_SCENARIO_CITYSTATE_COLOGNE_ADJ">
      <Text>Köln</Text>
    </Row>
    <Row Tag="TXT_KEY_MEDIEVAL_SCENARIO_CITYSTATE_MECCA">
      <Text>Mekke</Text>
    </Row>
    <Row Tag="TXT_KEY_MEDIEVAL_SCENARIO_CITYSTATE_MECCA_ADJ">
      <Text>Meccan</Text>
    </Row>
    <Row Tag="TXT_KEY_MEDIEVAL_SCENARIO_CITYSTATE_TUNIS">
      <Text>Tunus</Text>
    </Row>
    <Row Tag="TXT_KEY_MEDIEVAL_SCENARIO_CITYSTATE_TUNIS_ADJ">
      <Text>Tunuslu</Text>
    </Row>
    <Row Tag="TXT_KEY_MEDIEVAL_SCENARIO_CITYSTATE_NAPLES">
      <Text>Napoli</Text>
    </Row>
    <Row Tag="TXT_KEY_MEDIEVAL_SCENARIO_CITYSTATE_NAPLES_ADJ">
      <Text>Napoliten</Text>
    </Row>
    <Row Tag="TXT_KEY_MEDIEVAL_SCENARIO_CITYSTATE_RIGA">
      <Text>Riga</Text>
    </Row>
    <Row Tag="TXT_KEY_MEDIEVAL_SCENARIO_CITYSTATE_RIGA_ADJ">
      <Text>Rigan</Text>
    </Row>
    <Row Tag="TXT_KEY_MEDIEVAL_SCENARIO_CITYSTATE_GDANSK">
      <Text>Gdansk</Text>
    </Row>
    <Row Tag="TXT_KEY_MEDIEVAL_SCENARIO_CITYSTATE_GDANSK_ADJ">
      <Text>Gdansk</Text>
    </Row>
    <Row Tag="TXT_KEY_MEDIEVAL_SCENARIO_CITYSTATE_POLOTSK">
      <Text>Polotsk</Text>
    </Row>
    <Row Tag="TXT_KEY_MEDIEVAL_SCENARIO_CITYSTATE_POLOTSK_ADJ">
      <Text>Polotskian</Text>
    </Row>
  </Language_en_US>
</GameData>