﻿<?xml version="1.0" encoding="utf-8"?>
<!-- edited with XMLSPY v2004 rel. 2 U (http://www.xmlspy.com) by Scott Lewis (Firaxis Games) -->
<!-- Sid Meier's Civilization V -->
<!-- Copyright Firaxis Games 2010 -->
<!-- -->
<!-- Game Text Objects -->
<GameData>
  <Language_en_US>
    <!-- FALL OF ROME -->
    <Row Tag="TXT_KEY_UNIT_CLIBANARII">
      <Text>Clibanarii</Text>
    </Row>
    <Row Tag="TXT_KEY_UNIT_FRANK_SEAXMAN">
      <Text>Seaxman</Text>
    </Row>
    <Row Tag="TXT_KEY_UNIT_VANDAL_AXEMAN">
      <Text>Axeman nötr:an</Text>
      <Gender>neuter:an</Gender>
    </Row>
    <Row Tag="TXT_KEY_UNIT_VANDAL_TRIHEMIOLLA">
      <Text>Trihemiolia</Text>
    </Row>
    <Row Tag="TXT_KEY_UNIT_GOTH_GADRAUHT">
      <Text>Gadrauht</Text>
    </Row>
    <Row Tag="TXT_KEY_UNIT_HUN_SCOURGE_OF_GOD">
      <Text>Tanri'nin Belasi</Text>
    </Row>
    <!-- EMPIRES OF THE SMOKY SKIES -->
    <Row Tag="TXT_KEY_UNIT_LAND_IRONCLAD">
      <Text>Kara Ironclad</Text>
    </Row>
    <Row Tag="TXT_KEY_UNIT_LANDSHIP">
      <Text>Kara Gemisi</Text>
    </Row>
    <Row Tag="TXT_KEY_UNIT_LAND_LEVIATHAN">
      <Text>Kara Leviathan'i</Text>
    </Row>
    <Row Tag="TXT_KEY_UNIT_FLYER">
      <Text>El ilani</Text>
    </Row>
    <Row Tag="TXT_KEY_UNIT_AIRSHIP">
      <Text>Hava gemisi nötr:an</Text>
      <Gender>neuter:an</Gender>
    </Row>
    <Row Tag="TXT_KEY_UNIT_SKY_FORTRESS">
      <Text>Gökyüzü Kalesi</Text>
    </Row>
    <!-- INTO THE RENAISSANCE -->
    <Row Tag="TXT_KEY_MEDIEVAL_SCENARIO_UNIT_SONGHAI_MUSLIMCAVALRY">
      <Text>Memlük</Text>
    </Row>
    <Row Tag="TXT_KEY_UNIT_WELSH_LONGBOWMAN">
      <Text>Galli Uzun Yayci</Text>
    </Row>
  </Language_en_US>
</GameData>