﻿<?xml version="1.0" encoding="utf-8"?>
<!-- edited with XMLSPY v2004 rel. 2 U (http://www.xmlspy.com) by Ed Beach (Firaxis Games) -->
<!-- Sid Meier's Civilization V -->
<!-- Copyright Firaxis Games 2010 -->
<!-- -->
<!-- Game Text Objects -->
<GameData>
  <Language_en_US>
    <!-- WONDERS -->
    <Row Tag="TXT_KEY_BUILDING_ALHAMBRA">
      <Text>Alhambra nötr:an</Text>
      <Gender>neuter:an</Gender>
    </Row>
    <Row Tag="TXT_KEY_BUILDING_CN_TOWER">
      <Text>CN Kulesi</Text>
    </Row>
    <Row Tag="TXT_KEY_BUILDING_HUBBLE">
      <Text>Hubble Uzay Teleskobu</Text>
    </Row>
    <Row Tag="TXT_KEY_BUILDING_LEANING_TOWER">
      <Text>Egik Pisa Kulesi</Text>
    </Row>
    <Row Tag="TXT_KEY_BUILDING_MOSQUE_OF_DJENNE">
      <Text>Djenne Ulu Camii</Text>
    </Row>
    <Row Tag="TXT_KEY_BUILDING_NEUSCHWANSTEIN">
      <Text>Neuschwanstein</Text>
    </Row>
    <Row Tag="TXT_KEY_BUILDING_PETRA">
      <Text>Petra</Text>
    </Row>
    <Row Tag="TXT_KEY_BUILDING_TERRACOTTA_ARMY">
      <Text>Terracotta Ordusu</Text>
    </Row>
    <Row Tag="TXT_KEY_BUILDING_GREAT_FIREWALL">
      <Text>Büyük Güvenlik Duvari</Text>
    </Row>
    <!-- NATIONAL WONDERS -->
    <Row Tag="TXT_KEY_BUILDING_INTELLIGENCE_AGENCY">
      <Text>Milli Istihbarat Teskilati</Text>
    </Row>
    <Row Tag="TXT_KEY_BUILDING_GRAND_TEMPLE">
      <Text>Büyük Tapinak</Text>
    </Row>
    <!-- BUILDINGS -->
    <Row Tag="TXT_KEY_BUILDING_AMPHITHEATER">
      <Text>Amfitiyatro nötr:an</Text>
      <Gender>neuter:an</Gender>
    </Row>
    <Row Tag="TXT_KEY_BUILDING_SHRINE">
      <Text>Tapinak</Text>
    </Row>
    <Row Tag="TXT_KEY_BUILDING_RECYCLING_CENTER">
      <Text>Geri Dönüsüm Merkezi</Text>
    </Row>
    <Row Tag="TXT_KEY_BUILDING_BOMB_SHELTER">
      <Text>Bomba Siginagi</Text>
    </Row>
    <Row Tag="TXT_KEY_BUILDING_CONSTABLE">
      <Text>Polis Teskilati</Text>
    </Row>
    <Row Tag="TXT_KEY_BUILDING_POLICE_STATION">
      <Text>Polis Karakolu</Text>
    </Row>
    <!--RELIGION BUILDINGS -->
    <Row Tag="TXT_KEY_BUILDING_CATHEDRAL">
      <Text>Katedral</Text>
    </Row>
    <Row Tag="TXT_KEY_BUILDING_MOSQUE">
      <Text>Cami</Text>
    </Row>
    <Row Tag="TXT_KEY_BUILDING_PAGODA">
      <Text>Pagoda</Text>
    </Row>
    <!-- UNIQUE BUILDINGS -->
    <Row Tag="TXT_KEY_BUILDING_CEILIDH_HALL">
      <Text>Ceilidh Salonu</Text>
    </Row>
    <Row Tag="TXT_KEY_BUILDING_COFFEE_HOUSE">
      <Text>Kahve Evi</Text>
    </Row>
    <Row Tag="TXT_KEY_BUILDING_STELE">
      <Text>Stel</Text>
    </Row>
    <Row Tag="TXT_KEY_BUILDING_MAYA_PYRAMID">
      <Text>Piramit</Text>
    </Row>
  </Language_en_US>
</GameData>