﻿<?xml version="1.0" encoding="utf-8"?>
<!-- edited with XMLSPY v2004 rel. 2 U (http://www.xmlspy.com) by Anton Strenger (Firaxis Games) -->
<!--Sid Meier's Civilization V -->
<!--Copyright Firaxis Games 2010 -->
<!--File created by Paul Murphy-->
<GameData>
  <Language_en_US>
    <Row Tag="TXT_KEY_CHOOSE_LONG_COUNT">
      <Text>UZUN SAYIM BONUSUNU SECIN</Text>
    </Row>
    <Row Tag="TXT_KEY_CHOOSE_LONG_COUNT_TT">
      <Text>Maya Uzun Sayim takviminin mevcut b'ak'tun'unun bitisini kutlamak için ücretsiz bir bonus seçebilirsiniz!</Text>
    </Row>
    <Row Tag="TXT_KEY_CHOOSE_FAITH_GREAT_PERSON">
      <Text>INANCTAN BÜYÜK INSAN SECIN</Text>
    </Row>
    <Row Tag="TXT_KEY_CHOOSE_FAITH_GREAT_PERSON_TT">
      <Text>Birikmis Inancinizdan bir fayda olarak asagidaki Büyük Insanlardan birini seçebilirsiniz!</Text>
    </Row>
    <Row Tag="TXT_KEY_SELECTED_EARLIER_BAKTUN">
      <Text>B'ak'tun {1_Num}'un bitisini kutlamak için simdiden bonus olarak seçildi</Text>
    </Row>
    <Row Tag="TXT_KEY_MAYA_CALENDAR_LONG_STRING">
      <Text>{1_Num} b'ak'tun, {2_Num} k'atun, {3_Num} tun, {4_Num} winal, {5_Num} k'in</Text>
    </Row>
    <Row Tag="TXT_KEY_MAYA_DATE_TOOLTIP">
      <Text>Bilim adamlariniz ve ilahiyatçilariniz Maya takviminin mucizelerini tanittilar. Mevcut b'ak'tun sona erdiginde, kutlamanin bir parçasi olarak seçtiginiz Yüce Kisi'yi alacaksiniz.[NEWLINE][NEWLINE]Mevcut Maya Uzun Sayim tarihi:[NEWLINE]([1][NEWLINE][NEWLINE]({2_TraditionalDateString} dünyanin geri kalaninda)</Text>
    </Row>
    <Row Tag="TXT_KEY_NO_MERCHANT_FROM_FAITH">
      <Text>Bir Büyük Satici yalnizca Ticaret poliçe agacini baslattiysaniz seçilebilir.</Text>
    </Row>
    <Row Tag="TXT_KEY_NO_SCIENTIST_FROM_FAITH">
      <Text>Bir Büyük Bilim Insani yalnizca Akilcilik politika agacini baslattiysaniz seçilebilir.</Text>
    </Row>
    <Row Tag="TXT_KEY_NO_ARTIST_FROM_FAITH">
      <Text>Bir Büyük Sanatçi yalnizca Özgürlük politikasi agacini baslattiysaniz seçilebilir.</Text>
    </Row>
    <Row Tag="TXT_KEY_NO_GENERAL_FROM_FAITH">
      <Text>Bir Büyük General yalnizca Otokrasi politika agacini baslattiysaniz seçilebilir.</Text>
    </Row>
    <Row Tag="TXT_KEY_NO_ADMIRAL_FROM_FAITH">
      <Text>Bir Büyük Amiral yalnizca Otokrasi politika agacini baslattiysaniz seçilebilir.</Text>
    </Row>
    <Row Tag="TXT_KEY_NO_ENGINEER_FROM_FAITH">
      <Text>Bir Büyük Mühendis yalnizca Siparis politikasi agacini baslattiysaniz seçilebilir.</Text>
    </Row>
    <Row Tag="TXT_KEY_NO_PROPHET_FROM_FAITH">
      <Text>Büyük bir Peygamber seçilemez  siz bir din kurmadiniz.</Text>
    </Row>
    <Row Tag="TXT_KEY_GAME_OPTION_NO_RELIGION">
      <Text>Dini Devre Disi Birak</Text>
    </Row>
    <Row Tag="TXT_KEY_GAME_OPTION_NO_RELIGION_HELP">
      <Text>Din sistemini devre disi birakir. Inanç kazanilamaz. Panteonlar ve Dinler kurulamaz.</Text>
    </Row>
    <Row Tag="TXT_KEY_PRODMOD_PUPPET">
      <Text>[NEWLINE][ICON_BULLET]Kukla için degistirici: {1_Num}%</Text>
    </Row>
    <Row Tag="TXT_KEY_PRODMOD_YIELD_BELIEF">
      <Text>[NEWLINE][ICON_BULLET]Din için Degistirici: {1_Num}%</Text>
    </Row>
    <Row Tag="TXT_KEY_POPUP_GOLD_AND_CULTURE_CITY_CAPTURE">
      <Text>{@3_CityName}'in ele geçirilmesinden ([1] [ICON_GOLD] ve ([2] [ICON_CULTURE]'yi yagmaladiniz!!!)</Text>
    </Row>
    <!-- Faith Info -->
    <Row Tag="TXT_KEY_BUILD_CULTURE_STRING">
      <Text>{1_Num}[ENDCOLOR] [ICON_CULTURE] Kültür</Text>
    </Row>
    <Row Tag="TXT_KEY_BUILD_FAITH_STRING">
      <Text>{1_Num}[ENDCOLOR] [ICON_PEACE] Inanç</Text>
    </Row>
    <Row Tag="TXT_KEY_PRODUCTION_BUILDING_FAITH">
      <Text>[ICON_PEACE] Inanç: +{1_Num}</Text>
    </Row>
    <Row Tag="TXT_KEY_FAITH_HELP_INFO">
      <Text>[ICON_PEACE] Inanç, imparatorluk düzeyinde [COLOR_POSITIVE_TEXT]Dinler[ENDCOLOR] kurmak ve gelistirmek için harcanir. Inanç ayrica Misyonerler, Engizisyoncular ve Dini Binalar satin almak için de harcanabilir.</Text>
    </Row>
    <Row Tag="TXT_KEY_CULTURE_FROM_RELIGION">
      <Text>{1_Num} [ICON_CULTURE] Din'den</Text>
    </Row>
    <Row Tag="TXT_KEY_FAITH_FROM_BUILDINGS">
      <Text>{1_Num} [ICON_PEACE] from Binalar</Text>
    </Row>
    <Row Tag="TXT_KEY_FAITH_FROM_TERRAIN">
      <Text>{1_Num} [ICON_PEACE] Terrain'den</Text>
    </Row>
    <Row Tag="TXT_KEY_FAITH_FROM_POLICIES">
      <Text>{1_Num} [ICON_PEACE] from Policies</Text>
    </Row>
    <Row Tag="TXT_KEY_FAITH_FROM_TRAITS">
      <Text>{1_Num} [ICON_PEACE] from Traits</Text>
    </Row>
    <Row Tag="TXT_KEY_FAITH_FROM_RELIGION">
      <Text>{1_Num} [ICON_PEACE] Din'den</Text>
    </Row>
    <Row Tag="TXT_KEY_CITY_FAVORED_RELIGION">
      <Text>{2_Num} Vatandaslar: {1_ReligionString}</Text>
    </Row>
    <Row Tag="TXT_KEY_CITY_HOLY_CITY">
      <Text>(Kutsal Sehir)</Text>
    </Row>
    <Row Tag="TXT_KEY_CITY_RELIGION_SPREADING">
      <Text>(simdi komsu sehirlere yayiliyor)</Text>
    </Row>
    <Row Tag="TXT_KEY_CITY_OTHER_FOLLOWERS">
      <Text>{1_Num} Vatandaslar: Diger Dinler</Text>
    </Row>
    <Row Tag="TXT_KEY_CITY_ATHEISTS">
      <Text>{1_Num} Vatandaslar: Ateistler</Text>
    </Row>
    <Row Tag="TXT_KEY_CITY_NO_RELIGION">
      <Text>Bu sehirde hiçbir din mevcut degildir.</Text>
    </Row>
    <Row Tag="TXT_KEY_CANNOT_PURCHASE_NO_FAITH">
      <Text>[NEWLINE]Bunu satin almak için yeterli [ICON_PEACE] inanciniz yok.</Text>
    </Row>
    <!-- City-States-->
    <Row Tag="TXT_KEY_POPUP_MINOR_GIFT_TILE_IMPROVEMENT">
      <Text>{1_NumGold} [ICON_GOLD] Altin - Bir Kaynagi Iyilestirin</Text>
    </Row>
    <Row Tag="TXT_KEY_POPUP_MINOR_BULLY_GOLD_AMOUNT">
      <Text>{1_NumGold} [ICON_GOLD] Altin alin - ([2] [ICON_INFLUENCE] Nüfuz kaybedecek</Text>
    </Row>
    <Row Tag="TXT_KEY_POPUP_MINOR_BULLY_UNIT_AMOUNT">
      <Text>Kölelestirin {@1_Unit} - kaybedecek {2_NumInfluence} [ICON_INFLUENCE] Etki</Text>
    </Row>
    <Row Tag="TXT_KEY_GAME_OPTION_NO_ESPIONAGE">
      <Text>Casusluk Yok</Text>
    </Row>
    <Row Tag="TXT_KEY_GAME_OPTION_NO_ESPIONAGE_HELP">
      <Text>Casusluk sistemini devre disi birakir. Hiçbir casusa izin verilmez.</Text>
    </Row>
    <!--EMBASSIES-->
    <Row Tag="TXT_KEY_ABLTY_ALLOW_EMBASSY_STRING">
      <Text>Diger medeniyetlerin baskentlerinde büyükelçilikler kurulmasina izin verir</Text>
    </Row>
    <!--STRING REPLACEMENTS-->
    <Row Tag="TXT_KEY_ABLTY_DEFENSIVE_EMBARK_STRING">
      <Text>Gemiye binmis birimlerin kendilerini savunmalarina izin verir</Text>
    </Row>
    <Row Tag="TXT_KEY_PRODUCTION_BUILDING_HITPOINTS">
      <Text>[ICON_STRENGTH] Hit Puanlari: +{1_Num}</Text>
    </Row>
    <Row Tag="TXT_KEY_DIPLO_CULTURE_BOMB">
      <Text>[COLOR_NEGATIVE_TEXT]Büyük bir Sanatçi ile onlarin topraklarini çaldiniz![ENDCOLOR]</Text>
    </Row>
    <!-- =====================================-->
    <!-- == BEGIN new Diplomacy Victory text keys ==-->
    <!-- =====================================-->
    <Row Tag="TXT_KEY_POP_UNITED_NATIONS_VOTE_NOT_SELF_ALT">
      <Text>(Kendisi için oy kullanamaz.)</Text>
    </Row>
    <Row Tag="TXT_KEY_POP_UN_ELEC_VOTE_TT_CIV_ALT">
      <Text>{@1_VotingCivName}, en iyi iliskilere sahip oldugu Uygarlik olan {@2_RecipientCivName}'e oy verdi.</Text>
    </Row>
    <Row Tag="TXT_KEY_POP_UN_ELEC_VOTE_TT_CITYSTATE_ALT">
      <Text>{@1_MinorCivName} {@2_RecipientCivName}'e oy verdi, çünkü {@2_RecipientCivName} onlari özgürlestirdi veya su anki müttefikleri.</Text>
    </Row>
    <Row Tag="TXT_KEY_POP_UN_ELEC_PRELIMINARY_ALT">
      <Text>Bu ön anket, BM'deki oyuncular tarafindan hangi dünya güçlerinin tercih edildigini göstermektedir.  Oyuncular kendileri için oy kullanamazlar.  Bir sonraki oylamadan itibaren Diplomatik Zafer mümkündür.</Text>
    </Row>
    <!-- ===================================-->
    <!-- == END new Diplomacy Victory text keys ==-->
    <!-- ===================================-->
  </Language_en_US>
</GameData>