﻿<?xml version="1.0" encoding="utf-8"?>
<!-- edited with XMLSPY v2004 rel. 2 U (http://www.xmlspy.com) by Scott Lewis (Firaxis Games) -->
<GameData>
  <Language_en_US>
    <Row Tag="TXT_KEY_TP_HAPPINESS_CITY_STATE_FRIENDSHIP">
      <Text>{1_Num}'den [ICON_INFLUENCE] Sehir Devletleri ile Etki.</Text>
    </Row>
    <Row Tag="TXT_KEY_CITYVIEW_PURCHASE_TT">
      <Text>Yeterli [ICON_GOLD] Altininiz oldugunda, hemen bir birim veya bina satin alin.</Text>
    </Row>
    <Row Tag="TXT_KEY_CITYVIEW_FOCUS_FAITH_TEXT">
      <Text>[ICON_PEACE] Inanç Odagi</Text>
    </Row>
    <Row Tag="TXT_KEY_CITYVIEW_FOCUS_FAITH_TT">
      <Text>Bu sehrin [ICON_PEACE] Inanç üretimini vurgulamasi için buraya tiklayin.</Text>
    </Row>
    <Row Tag="TXT_KEY_EUPANEL_GG_STACKED">
      <Text>Büyük General ile Yigilmis</Text>
    </Row>
    <Row Tag="TXT_KEY_TP_FAITH_ACCUMULATED">
      <Text>{1_Num} [ICON_PEACE] Inanç imparatorluk çapinda birikmistir.</Text>
    </Row>
    <Row Tag="TXT_KEY_TP_FAITH_FROM_CITIES">
      <Text>[ICON_BULLET][COLOR_POSITIVE_TEXT]+{1_Num}[ENDCOLOR] Sehirler tarafindan üretilmistir.</Text>
    </Row>
    <Row Tag="TXT_KEY_TP_FAITH_FROM_MINORS">
      <Text>[ICON_BULLET][COLOR_POSITIVE_TEXT]+{1_Num}[ENDCOLOR] Sehir Devletlerinden.</Text>
    </Row>
    <Row Tag="TXT_KEY_TP_FAITH_FROM_RELIGION">
      <Text>[ICON_BULLET][COLOR_POSITIVE_TEXT]+{1_Num}[ENDCOLOR] Kurucu Inançlardan.</Text>
    </Row>
    <Row Tag="TXT_KEY_TP_FAITH_RELIGIONS_LEFT">
      <Text>Hala kurulabilecek dinler: {1_Num}</Text>
    </Row>
    <Row Tag="TXT_KEY_TP_FAITH_NEXT_PROPHET">
      <Text>{1_Num} [ICON_PEACE] Bir sonraki Büyük Peygamber sansiniz için en az iman gereklidir.</Text>
    </Row>
    <Row Tag="TXT_KEY_TP_FAITH_NEXT_GREAT_PERSON">
      <Text>Bu Büyük Insanlardan herhangi birini [ICON_PEACE] Inanç ile satin almaya hak kazanirsiniz:</Text>
    </Row>
    <Row Tag="TXT_KEY_TP_FAITH_NEXT_PANTHEON">
      <Text>{1_Num} [ICON_PEACE] Bir sonraki dini Panteonu kurmak için minimum inanç gereklidir. Bir panteon kurmak istiyorsaniz, bunu oyunda bir Gelismis Din olmadan önce yapmalisiniz (ancak maksimum din sayisi kadar panteon yoksa her zaman bir tane olusturabilirsiniz).</Text>
    </Row>
    <Row Tag="TXT_KEY_TP_FAITH_PANTHEONS_LOCKED">
      <Text>Bir din gelistirilmistir ve olusturulan panteon sayisi en az maksimum din sayisina esittir. Bu kosullarda artik bir Panteon kuramazsiniz. Bir din sehirlerinize yayilmissa, biriken inancinizi dini birimler veya binalar satin almak için kullanin. Ya da Büyük Insanlar olusturmak için Sanayi Cagi veya sonrasi için saklayin.</Text>
    </Row>
    <Row Tag="TXT_KEY_TP_CULTURE_FROM_RELIGION">
      <Text>[ICON_BULLET][COLOR_POSITIVE_TEXT]+{1_Num}[ENDCOLOR] Din'den.</Text>
    </Row>
    <Row Tag="TXT_KEY_TP_CULTURE_FROM_GOLDEN_AGE">
      <Text>[ICON_BULLET][COLOR_POSITIVE_TEXT]+{1_Num}[ENDCOLOR] Altin Caginizdan.</Text>
    </Row>
    <Row Tag="TXT_KEY_TP_PANTHEON_DESCRIPTION">
      <Text>inançla tapinan bir panteon:</Text>
    </Row>
    <Row Tag="TXT_KEY_TP_RELIGION_DESCRIPTION">
      <Text>dini kurmustur:</Text>
    </Row>
    <Row Tag="TXT_KEY_TP_GOLD_FROM_RELIGION">
      <Text>{1_Num} Din'den.</Text>
    </Row>
    <Row Tag="TXT_KEY_EUPANEL_CAPITAL_DEFENSE_BONUS">
      <Text>Sermaye Savunma Bonusu</Text>
    </Row>
    <Row Tag="TXT_KEY_EUPANEL_TRAIT_LOW_TECH_BONUS">
      <Text>Yüksek Teknolojiye Karsi Bonus</Text>
    </Row>
    <Row Tag="TXT_KEY_EUPANEL_TRAIT_SMALL_SIZE_BONUS">
      <Text>Daha Büyük Sivillere Karsi Bonus</Text>
    </Row>
    <Row Tag="TXT_KEY_EUPANEL_ENEMY_CITY_BELIEF_BONUS">
      <Text>Sadece Savas</Text>
    </Row>
    <Row Tag="TXT_KEY_EUPANEL_FRIENDLY_CITY_BELIEF_BONUS">
      <Text>Inancin Savunucusu</Text>
    </Row>
    <Row Tag="TXT_KEY_EUPANEL_GA_NEAR">
      <Text>Great Admiral yakininda</Text>
    </Row>
    <Row Tag="TXT_KEY_EUPANEL_IGG">
      <Text>Büyük Generali Görmezden Geliyor</Text>
    </Row>
    <Row Tag="TXT_KEY_EUPANEL_REVERSE_GG_NEAR">
      <Text>Yakin Düsman Savas Dansi</Text>
    </Row>
    <Row Tag="TXT_KEY_EUPANEL_CAPTURE_CHANCE">
      <Text>[COLOR_CYAN]Batmissa Yakalama Sansi: {1_Percent}%[ENDCOLOR]</Text>
    </Row>
    <Row Tag="TXT_KEY_UPANEL_SPREAD_RELIGION_USES">
      <Text>Yaygin Din Kullanimlari</Text>
    </Row>
    <Row Tag="TXT_KEY_UPANEL_SPREAD_RELIGION_USES_TT">
      <Text>Bu, bu birimin dinini bir sehre yayabilecegi kalan sayiyi gösterir.</Text>
    </Row>
    <Row Tag="TXT_KEY_UPANEL_REMOVE_HERESY_USES">
      <Text>{TXT_KEY_MISSION_REMOVE_HERESY}</Text>
    </Row>
    <Row Tag="TXT_KEY_UPANEL_REMOVE_HERESY_USES_TT">
      <Text>Bu, bu birimin bir sehirden sapkinligi kaldirabilecegi kalan sayiyi gösterir.</Text>
    </Row>
    <Row Tag="TXT_KEY_UPANEL_RELIGIOUS_STRENGTH_TT">
      <Text>Bu, dini birimin gücünü gösterir (1000 ortalamadir).</Text>
    </Row>
    <Row Tag="TXT_KEY_CITYVIEW_RETURN_TO_ESPIONAGE">
      <Text>Casusluga Geri Dön</Text>
    </Row>
    <Row Tag="TXT_KEY_TP_HAPPINESS_CITIES">
      <Text>{1_Num} Yerel Sehir Mutlulugundan.</Text>
    </Row>
    <Row Tag="TXT_KEY_CITY_TEAMMATE">
      <Text>Burasi bir takim arkadasinin sehri.</Text>
    </Row>
    <Row Tag="TXT_KEY_TP_HAPPINESS_POLICIES">
      <Text>{1_Num} Sosyal Politikalar'dan.</Text>
    </Row>
    <Row Tag="TXT_KEY_TP_HAPPINESS_BUILDINGS">
      <Text>{1_Num}'den Binalar.</Text>
    </Row>
    <Row Tag="TXT_KEY_TP_GOLDEN_AGE_EFFECT">
      <Text>Bir [ICON_GOLDEN_AGE] Altin Cag'dayken, imparatorlugunuzda en az 1 [ICON_GOLD] Altin üreten her karo fazladan 1 üretir ve sehirler +%20 [ICON_PRODUCTION] Üretim kazanir.</Text>
    </Row>
    <Row Tag="TXT_KEY_TP_GOLDEN_AGE_EFFECT_NO_CULTURE">
      <Text>Bir [ICON_GOLDEN_AGE] Altin Cag'dayken, imparatorlugunuzda en az 1 [ICON_GOLD] Altin üreten her karo 1 ekstra üretir. Sehirler +%20 [ICON_PRODUCTION] Üretim kazanir.</Text>
    </Row>
    <Row Tag="TXT_KEY_BUILD_BLOCKED_NOT_IN_ADJACENT_TERRITORY">
      <Text>{TXT_KEY_GRAMMAR_UPPER_A_AN &lt;&lt; {@1_ImprovementName}} bölgenizin içinde veya bitisiginde insa edilmelidir.</Text>
    </Row>
    <Row Tag="TXT_KEY_CITY_STATE_OF">
      <Text>{@1_MinorCivName} Sehir-Devleti</Text>
    </Row>
    <Row Tag="TXT_KEY_SV_OVERLAY_RELIGION">
      <Text>Dini Harita</Text>
    </Row>
    <Row Tag="TXT_KEY_EUPANEL_AIR_INTERCEPT_WARNING1">
      <Text>[COLOR_YELLOW]Avci tarafindan durdurma veya [ENDCOLOR]</Text>
    </Row>
    <Row Tag="TXT_KEY_EUPANEL_AIR_INTERCEPT_WARNING2">
      <Text>[COLOR_YELLOW]anti-hava hasari artiracaktir [ENDCOLOR]</Text>
    </Row>
    <Row Tag="TXT_KEY_EUPANEL_VISIBLE_AA_UNITS">
      <Text>[COLOR_WARNING_TEXT]Bilinen Düsman Anti-Hava Birimleri: {1_Number}[ENDCOLOR]</Text>
    </Row>
  </Language_en_US>
</GameData>