﻿<?xml version="1.0" encoding="utf-8"?>
<!-- edited with XMLSPY v2004 rel. 2 U (http://www.xmlspy.com) by Scott Lewis (Firaxis Games) -->
<!-- Sid Meier's Civilization V -->
<!-- Copyright Firaxis Games 2010 -->
<!-- -->
<!-- Game Text Objects -->
<GameData>
  <Language_en_US>
    <!-- FALL OF ROME -->
    <Row Tag="TXT_KEY_BUILDING_MEAD_HALL">
      <Text>Mead Salonu</Text>
    </Row>
    <Row Tag="TXT_KEY_BUILDING_HOV">
      <Text>Hov</Text>
    </Row>
    <!-- EMPIRES OF THE SMOKY SKIES -->
    <!-- Unique Buildings-->
    <Row Tag="TXT_KEY_BUILDING_GRANDSTAND">
      <Text>Kapali Tribün</Text>
    </Row>
    <Row Tag="TXT_KEY_BUILDING_LUBORIC_FACTORY">
      <Text>Luboric Fabrikasi</Text>
    </Row>
    <Row Tag="TXT_KEY_BUILDING_TORUS_DYNAMO">
      <Text>Torus Dinamo</Text>
    </Row>
    <Row Tag="TXT_KEY_BUILDING_AETHERIUM_FACTORY">
      <Text>Aetherium Fabrikasi nötr:an</Text>
      <Gender>neuter:an</Gender>
    </Row>
    <Row Tag="TXT_KEY_BUILDING_AERODROME">
      <Text>Aerodrom nötr:an</Text>
      <Gender>neuter:an</Gender>
    </Row>
    <!-- Normal Buildings-->
    <Row Tag="TXT_KEY_BUILDING_DIFFERENCE_ENGINE">
      <Text>Fark Motoru</Text>
    </Row>
    <Row Tag="TXT_KEY_BUILDING_GRAND_MANSION">
      <Text>Büyük Konak</Text>
    </Row>
    <Row Tag="TXT_KEY_BUILDING_TRADE_COLLEGE">
      <Text>Ticaret Koleji</Text>
    </Row>
    <Row Tag="TXT_KEY_BUILDING_PATENT_OFFICE">
      <Text>Patent Ofisi</Text>
    </Row>
    <Row Tag="TXT_KEY_BUILDING_LUBORIC_REFINERY">
      <Text>Luboric Rafinerisi</Text>
    </Row>
    <Row Tag="TXT_KEY_BUILDING_PHILANTHROPORIUM">
      <Text>Philanthroporium</Text>
    </Row>
    <Row Tag="TXT_KEY_BUILDING_TESLA_COIL">
      <Text>Tesla Bobini</Text>
    </Row>
    <Row Tag="TXT_KEY_BUILDING_AETHERIUM_FABRICATOR">
      <Text>Aetherium Fabrikatörü nötr:an</Text>
      <Gender>neuter:an</Gender>
    </Row>
    <Row Tag="TXT_KEY_BUILDING_AIRSHIP_HANGAR">
      <Text>Hava Gemisi Hangari nötr:an</Text>
      <Gender>neuter:an</Gender>
    </Row>
    <Row Tag="TXT_KEY_BUILDING_AUTOMATED_FACTORY">
      <Text>Otomatik Fabrika nötr:an</Text>
      <Gender>neuter:an</Gender>
    </Row>
    <Row Tag="TXT_KEY_BUILDING_SUBTERRANEAN_OUTPOST">
      <Text>Yeralti Karakolu</Text>
    </Row>
    <!-- National Wonders -->
    <Row Tag="TXT_KEY_BUILDING_ANALYTICAL_ENGINE">
      <Text>Analitik Motor nötr:an</Text>
      <Gender>neuter:an</Gender>
    </Row>
    <Row Tag="TXT_KEY_BUILDING_BILTMORE_HOUSE">
      <Text>Biltmore Evi</Text>
    </Row>
    <Row Tag="TXT_KEY_BUILDING_INVENTORS_HALL">
      <Text>Inventor's Hall nötr:an</Text>
      <Gender>neuter:an</Gender>
    </Row>
    <Row Tag="TXT_KEY_BUILDING_CARNEGIE_HALL">
      <Text>Carnegie Hall</Text>
    </Row>
    <Row Tag="TXT_KEY_BUILDING_SUBTERRANEAN_COLONY">
      <Text>Yeralti Kolonisi</Text>
    </Row>
    <Row Tag="TXT_KEY_BUILDING_PERPETUAL_MOTION_ENGINE">
      <Text>Sürekli Hareket Motoru</Text>
    </Row>
    <!-- INTO THE RENAISSANCE -->
    <Row Tag="TXT_KEY_MEDIEVAL_SCENARIO_BUILDING_UNITED_NATIONS">
      <Text>Aziz Petrus Bazilikasi</Text>
    </Row>
    <Row Tag="TXT_KEY_BUILDING_STAVE_CHURCH">
      <Text>Stave Kilisesi</Text>
    </Row>
    <Row Tag="TXT_KEY_BUILDING_CHATEAU">
      <Text>Sato</Text>
    </Row>
    <Row Tag="TXT_KEY_BUILDING_MADRASAH">
      <Text>Medrese</Text>
    </Row>
  </Language_en_US>
</GameData>