﻿<?xml version="1.0" encoding="utf-8"?>
<!-- edited with XMLSPY v2004 rel. 2 U (http://www.xmlspy.com) by Scott Lewis (Firaxis Games) -->
<GameData>
  <Language_en_US>
    <!-- FALL OF ROME SCENARIO -->
    <Row Tag="TXT_KEY_FOR_SCENARIO_CIV_ROME_DESC">
      <Text>Bati Roma</Text>
    </Row>
    <Row Tag="TXT_KEY_FOR_SCENARIO_CIV_ROME_SHORT_DESC">
      <Text>Bati Roma</Text>
    </Row>
    <Row Tag="TXT_KEY_FOR_SCENARIO_CIV_ROME_ADJECTIVE">
      <Text>Bati Roma</Text>
    </Row>
    <Row Tag="TXT_KEY_FOR_SCENARIO_CIV_BYZANTIUM_DESC">
      <Text>Dogu Roma nötr:an</Text>
      <Gender>neuter:an</Gender>
    </Row>
    <Row Tag="TXT_KEY_FOR_SCENARIO_CIV_BYZANTIUM_SHORT_DESC">
      <Text>Dogu Roma nötr:an</Text>
      <Gender>neuter:an</Gender>
    </Row>
    <Row Tag="TXT_KEY_FOR_SCENARIO_CIV_BYZANTIUM_ADJECTIVE">
      <Text>Dogu Roma nötr:an</Text>
      <Gender>neuter:an</Gender>
    </Row>
    <Row Tag="TXT_KEY_FOR_SCENARIO_CIV_PERSIA_DESC">
      <Text>Sasani Imparatorlugu</Text>
    </Row>
    <Row Tag="TXT_KEY_FOR_SCENARIO_CIV_PERSIA_SHORT_DESC">
      <Text>Sasaniler2</Text>
      <Plurality>2</Plurality>
    </Row>
    <Row Tag="TXT_KEY_FOR_SCENARIO_CIV_PERSIA_ADJECTIVE">
      <Text>Sasani</Text>
    </Row>
    <Row Tag="TXT_KEY_FOR_SCENARIO_CIV_FRANCE_DESC">
      <Text>Frank Kralligi</Text>
    </Row>
    <Row Tag="TXT_KEY_FOR_SCENARIO_CIV_FRANCE_SHORT_DESC">
      <Text>Franklar2</Text>
      <Plurality>2</Plurality>
    </Row>
    <Row Tag="TXT_KEY_FOR_SCENARIO_CIV_FRANCE_ADJECTIVE">
      <Text>Frenkçe</Text>
    </Row>
    <Row Tag="TXT_KEY_FOR_SCENARIO_CIV_GERMANY_DESC">
      <Text>Gotik Krallik</Text>
    </Row>
    <Row Tag="TXT_KEY_FOR_SCENARIO_CIV_GERMANY_SHORT_DESC">
      <Text>Gotlar2</Text>
      <Plurality>2</Plurality>
    </Row>
    <Row Tag="TXT_KEY_FOR_SCENARIO_CIV_GERMANY_ADJECTIVE">
      <Text>Gotik</Text>
    </Row>
    <Row Tag="TXT_KEY_FOR_SCENARIO_CIV_SONGHAI_DESC">
      <Text>Vandal Kralligi</Text>
    </Row>
    <Row Tag="TXT_KEY_FOR_SCENARIO_CIV_SONGHAI_SHORT_DESC">
      <Text>Vandallar2</Text>
      <Plurality>2</Plurality>
    </Row>
    <Row Tag="TXT_KEY_FOR_SCENARIO_CIV_SONGHAI_ADJECTIVE">
      <Text>Vandal</Text>
    </Row>
    <!-- EMPIRES OF THE SMOKY SKIES -->
    <Row Tag="TXT_KEY_STEAMPUNK_SCENARIO_CIV_GERMANY_DESC">
      <Text>Eruch Imparatorlugu nötr:an</Text>
      <Gender>neuter:an</Gender>
    </Row>
    <Row Tag="TXT_KEY_STEAMPUNK_SCENARIO_CIV_GERMANY_SHORT_DESC">
      <Text>Eruch nötr:an</Text>
      <Gender>neuter:an</Gender>
    </Row>
    <Row Tag="TXT_KEY_STEAMPUNK_SCENARIO_CIV_GERMANY_ADJECTIVE">
      <Text>Eruch nötr:an</Text>
      <Gender>neuter:an</Gender>
    </Row>
    <Row Tag="TXT_KEY_STEAMPUNK_SCENARIO_CIV_RUSSIA_DESC">
      <Text>Orlin Imparatorlugu nötr:an</Text>
      <Gender>neuter:an</Gender>
    </Row>
    <Row Tag="TXT_KEY_STEAMPUNK_SCENARIO_CIV_RUSSIA_SHORT_DESC">
      <Text>Orlin nötr:an</Text>
      <Gender>neuter:an</Gender>
    </Row>
    <Row Tag="TXT_KEY_STEAMPUNK_SCENARIO_CIV_RUSSIA_ADJECTIVE">
      <Text>Orlin nötr:an</Text>
      <Gender>neuter:an</Gender>
    </Row>
    <Row Tag="TXT_KEY_STEAMPUNK_SCENARIO_CIV_ENGLAND_DESC">
      <Text>Pulias Imparatorlugu</Text>
    </Row>
    <Row Tag="TXT_KEY_STEAMPUNK_SCENARIO_CIV_ENGLAND_SHORT_DESC">
      <Text>Pulias</Text>
    </Row>
    <Row Tag="TXT_KEY_STEAMPUNK_SCENARIO_CIV_ENGLAND_ADJECTIVE">
      <Text>Pulias</Text>
    </Row>
    <Row Tag="TXT_KEY_STEAMPUNK_SCENARIO_CIV_SWEDEN_DESC">
      <Text>Vedria Imparatorlugu</Text>
    </Row>
    <Row Tag="TXT_KEY_STEAMPUNK_SCENARIO_CIV_SWEDEN_SHORT_DESC">
      <Text>Vedria</Text>
    </Row>
    <Row Tag="TXT_KEY_STEAMPUNK_SCENARIO_CIV_SWEDEN_ADJECTIVE">
      <Text>Vedria</Text>
    </Row>
    <Row Tag="TXT_KEY_STEAMPUNK_SCENARIO_CIV_FRANCE_DESC">
      <Text>Dalmaçya Imparatorlugu</Text>
    </Row>
    <Row Tag="TXT_KEY_STEAMPUNK_SCENARIO_CIV_FRANCE_SHORT_DESC">
      <Text>Dalmace</Text>
    </Row>
    <Row Tag="TXT_KEY_STEAMPUNK_SCENARIO_CIV_FRANCE_ADJECTIVE">
      <Text>Dalmace</Text>
    </Row>
    <Row Tag="TXT_KEY_STEAMPUNK_SCENARIO_CIV_BARBARIAN_ADJECTIVE">
      <Text>Luddite</Text>
    </Row>
    <Row Tag="TXT_KEY_STEAMPUNK_SCENARIO_CIV_BARBARIAN_DESC">
      <Text>Luddite Horde</Text>
    </Row>
    <Row Tag="TXT_KEY_STEAMPUNK_SCENARIO_CIV_BARBARIAN_SHORT_DESC">
      <Text>Luddites2</Text>
      <Plurality>2</Plurality>
    </Row>
    <!-- INTO THE RENAISSANCE -->
    <Row Tag="TXT_KEY_MEDIEVAL_SCENARIO_CIV_SONGHAI_DESC">
      <Text>Eyyubi Hanedanligi nötr:an</Text>
      <Gender>neuter:an</Gender>
    </Row>
    <Row Tag="TXT_KEY_MEDIEVAL_SCENARIO_CIV_SONGHAI_SHORT_DESC">
      <Text>Eyyubiler2</Text>
      <Plurality>2</Plurality>
    </Row>
    <Row Tag="TXT_KEY_MEDIEVAL_SCENARIO_CIV_SONGHAI_ADJECTIVE">
      <Text>Eyyubi nötr:an</Text>
      <Gender>neuter:an</Gender>
    </Row>
    <Row Tag="TXT_KEY_MEDIEVAL_SCENARIO_CIV_ARABIA_SHORT_DESC">
      <Text>Muvahhidler2</Text>
      <Plurality>2</Plurality>
    </Row>
    <Row Tag="TXT_KEY_MEDIEVAL_SCENARIO_CIV_ARABIA_DESC">
      <Text>Muvahhid Halifelik nötr:an</Text>
      <Gender>neuter:an</Gender>
    </Row>
    <Row Tag="TXT_KEY_MEDIEVAL_SCENARIO_CIV_ARABIA_ADJECTIVE">
      <Text>Almohad nötr:an</Text>
      <Gender>neuter:an</Gender>
    </Row>
    <Row Tag="TXT_KEY_MEDIEVAL_SCENARIO_CIV_OTTOMAN_SHORT_DESC">
      <Text>Türkler2</Text>
      <Plurality>2</Plurality>
    </Row>
    <Row Tag="TXT_KEY_MEDIEVAL_SCENARIO_CIV_OTTOMAN_DESC">
      <Text>Türk Imparatorlugu</Text>
    </Row>
    <Row Tag="TXT_KEY_MEDIEVAL_SCENARIO_CIV_OTTOMAN_ADJECTIVE">
      <Text>Türkçe</Text>
    </Row>
  </Language_en_US>
</GameData>