﻿<?xml version="1.0" encoding="utf-8"?>
<!-- edited with XMLSPY v2004 rel. 2 U (http://www.xmlspy.com) by Ed Beach (Firaxis Games) -->
<!-- edited with Programmer's Notepad 2 by Michelle Menard (Firaxis Games) -->
<!-- Babylon DLC Civilopedia Entries -->
<GameData>
  <Language_en_US>
    <Row Tag="TXT_KEY_CIV5_DAWN_SPAIN_TITLE">
      <Text>Ispanya</Text>
    </Row>
    <Row Tag="TXT_KEY_CIV5_DAWN_SPAIN_TEXT">
      <Text>Kutsanmis Isabella, Tanri'nin Hizmetkâri, Kastilya ve Leon'un Kutsal Kraliçesi, halkiniz sizi selamliyor ve hos geldiniz diyor! Siz, bir kiyisi Akdeniz'de, diger kiyisi kudretli Atlantik Okyanusu'nda, Avrupa ile Afrika arasinda dünyanin kavsak noktasinda yer alan güzel ve kadim bir ülke olan Ispanya'nin hükümdarisiniz. Ispanyollar, kökleri Müslüman ve Hiristiyan dünyasina dayanan çok kültürlü bir halktir. Denizci bir irk olan Ispanyol kasifler Yeni Dünya'nin büyük bir kismini bulup fethettiler ve yüzyillar boyunca altin ve gümüs Ispanya'ya rakipsiz bir zenginlik ve güç getirerek Ispanyol sarayini dünyanin gipta ettigi bir yer haline getirdi. [NEWLINE][NEWLINE] Ey adil ve erdemli Isabella, Ispanyol Imparatorlugu'nu yeniden insa edecek ve dünyaya halkinin büyüklügünü tekrar gösterecek misin?  Kutsal monarsinin örtüsünü üstlenip Cennet'in dikkatli gözleri altinda düsmanlarini yenecek misin?  Size tapan tebaaniz emrinizi bekliyor. Zamanin testine dayanacak bir medeniyet insa edebilir misiniz?</Text>
    </Row>
    <Row Tag="TXT_KEY_CIV5_SPAIN_TITLE">
      <Text>Ispanya</Text>
    </Row>
    <Row Tag="TXT_KEY_CIV5_SPAIN_HEADING_1">
      <Text>Tarih</Text>
    </Row>
    <Row Tag="TXT_KEY_CIV5_SPAIN_HEADING_2">
      <Text>Cografya ve Iklim</Text>
    </Row>
    <Row Tag="TXT_KEY_CIV5_SPAIN_HEADING_3">
      <Text>Erken Tarih: Cro-Magnonlardan Keltlere</Text>
    </Row>
    <Row Tag="TXT_KEY_CIV5_SPAIN_HEADING_4">
      <Text>Romalilara girin</Text>
    </Row>
    <Row Tag="TXT_KEY_CIV5_SPAIN_HEADING_5">
      <Text>Magribilerin Gelisi</Text>
    </Row>
    <Row Tag="TXT_KEY_CIV5_SPAIN_HEADING_6">
      <Text>Reconquista, Unification ve Inquistition, Oh My</Text>
    </Row>
    <Row Tag="TXT_KEY_CIV5_SPAIN_HEADING_7">
      <Text>Imparatorluk Ispanyasi, Yeni Dünyanin Hükümdarlari</Text>
    </Row>
    <Row Tag="TXT_KEY_CIV5_SPAIN_HEADING_8">
      <Text>Sorunlar ve Savaslar ya da Ispanya bir türlü rahat edemiyor</Text>
    </Row>
    <Row Tag="TXT_KEY_CIV5_SPAIN_HEADING_9">
      <Text>Günümüz ve Gelecek</Text>
    </Row>
    <Row Tag="TXT_KEY_CIV5_SPAIN_STATBOX">
      <Text>[NEWLINE] Lider: Isabella[NEWLINE] Benzersiz Birim: Tercio[NEWLINE] Benzersiz Birim: Conquistador[NEWLINE][NEWLINE]</Text>
    </Row>
    <Row Tag="TXT_KEY_CIV5_SPAIN_TEXT_1">
      <Text>Ispanya'nin Kuzey Afrika ve Avrupa arasindaki Iber Yarimadasi'ndaki konumu, onu tarih öncesi çaglardan günümüze kadar önemli bir bölge haline getirmistir.  Bir zamanlar dünyanin ilk Imparatorluk gücü olan Ispanya, daha sonra yikici savaslardan ve yüzyillar süren siyasi huzursuzluklardan sag çikmak zorunda kalmistir. Yeni Dünya'nin kesfi ve sömürgelestirilmesinden sayisiz bagimsizlik savasina katilmasina kadar Ispanya, böylesine kalici ve kusatici bir küresel etkiye sahip oldugunu iddia edebilen az sayidaki ülkeden biridir.</Text>
    </Row>
    <Row Tag="TXT_KEY_CIV5_SPAIN_TEXT_2">
      <Text>Ispanya Kralligi dünyanin en büyük 51. ülkesidir ve Kaliforniya eyaletinden sadece 31.000 mil kare daha büyüktür.  Ülkenin büyük bölümüne, güneyde Sierra Nevada ve batida Pireneler de dahil olmak üzere yüksek platolar ve siradaglar hakimdir.  Ispanya'nin en yüksek zirvesi, Kanarya Adalari'nin bir üyesi olan Tenerife'deki Teide yanardagidir.[NEWLINE][NEWLINE]Ispanya'nin iklimi, sadece anakara ve kolonilerin hiçbiri dikkate alinmasa bile inanilmaz derecede çesitlidir.  Akdeniz'e kiyisi olan güney bölgeleri iliman Akdeniz ve yari kurak bir iklime sahipken, orta ova karasal bir yapiya sahiptir ve kuzey bölgeleri Okyanus ve Daglik sicakliklar arasinda degisiklik gösterir.  Ayrica, yaygin inanisin aksine, Ispanya'da yagmur çogunlukla ovaya düsmez - genellikle daglarda bulunur.</Text>
    </Row>
    <Row Tag="TXT_KEY_CIV5_SPAIN_TEXT_3">
      <Text>Arkeolojik kanitlar, insanlarin Iber Yarimadasi'na ilk olarak yaklasik 32.000 yil önce geldiklerini göstermektedir  Altamira magara resimleri, seyahatlerinin ünlü bir eseridir. Yarimadaya iki ana grup, Iberler ve Keltler yerlesmistir  birincisi güney ve dogu bölgelerinde, ikincisi ise kuzey ve bati bölgelerinde yasamaktadir.  Yarimada, Keltleri ve Iberyalilari ticaret için en iyi konuma getirmis ve birçok Fenikeli ve Yunan tüccar, agirlikli olarak bugünkü Sevilla'da bulunan Tartessos kentinde gelisen bir altin ve gümüs ticareti kurmustur.  Yarimadanin Akdeniz kiyisi boyunca birkaç Fenikeli, Yunan ve Kartacali ticaret kolonisi kuruldu, ancak yerel halk bu yabanci altin ve güç akisina ragmen kendi bölgelerinin çogunda kontrolü elinde tuttu.</Text>
    </Row>
    <Row Tag="TXT_KEY_CIV5_SPAIN_TEXT_4">
      <Text>Bu durum, Romalilarin Ikinci Pön Savasi sirasinda Kartaca kolonilerini ele geçirdigi yaklasik MÖ 210 yilina kadar devam etti.  Bu noktada Romalilar Iber Yarimadasi'nin kalbine dogru bir sefer baslatarak neredeyse tüm kara parçasini fethettiler. Sonraki 500 yil boyunca Keltler ve Iberyalilar istikrarli bir sekilde "Romalilastirildi" - yerel aristokrat aileler Roma soyluluguna dahil edildi, Roma yollari ve ticaret noktalari araziyi süsledi ve ünlü su kemerleri de dahil olmak üzere yeni sulama teknikleri sistemleri kuruldu.   Hiristiyanlik da bu dönemde ortaya çikmis ve yerel halk tarafindan hizla benimsenmistir. [NEWLINE][NEWLINE] Ancak Roma, Galya'daki Cermen istilasinin MS 409'da Suevi ve Vandal halklarini Iberya'ya itmesiyle yarimadadaki (artik "Hispania" ya da "Iberia" olarak anilmaktadir) hakimiyetini kaybetmeye baslamistir. Yerlerinden edilen kabileler günümüz Galiçya ve Portekiz'inde yeni bir krallik kurdular ve Roma onlari durduracak kaynaklardan yoksundu.  Vandallar hizla Iberya'ya yayildi ve Romalilara kiyi boyunca küçük bir güney bölgesi olan Spania'yi birakti.  Bizans Romalilari bu noktadan Iberya'yi geri almayi umuyordu, ancak kisa süre sonra tüm yarimada Vizigot egemenligine girdi.</Text>
    </Row>
    <Row Tag="TXT_KEY_CIV5_SPAIN_TEXT_5">
      <Text>Vizigotlar sonraki üç yüzyil boyunca Iberya'yi kontrol etmeye devam ettiler, ta ki Emevi Islam Imparatorlugu'nun ani istilasi yarimadayi kasip kavurana kadar.  Büyük Magribi ordulari Kuzey Afrika'dan Cebelitarik'a geçti ve MS 711-718 yillari arasinda yedi kisa yil içinde neredeyse tüm Iberya'yi fethetti.   Yeni Islami güçler Hiristiyanlarin ve Yahudilerin dini uygulamalarina devam etmelerine izin verdi, ancak özel vergiler ödemelerini ve bazi ayrimci uygulamalara boyun egmelerini sart kostu. Bu küçük (o zaman için) önyargilara ragmen, yerel halkin çogu Islam'a geçmeye basladi. [NEWLINE][NEWLINE] Ortak din ve amaçlarina ragmen istilacilarin kendileri de pek birlik içinde degildi ve kisa süre içinde Magriplilerden olusan gruplar ayrilarak basta Valencia ve Granada bölgeleri olmak üzere kendi yerlesimlerini kurdular.  11. yüzyilda Müslüman topraklari yeniden parçalandi ve kalan bazi Hiristiyan kralliklarinin sinirlarini genisletmesine izin verdi.  Hiristiyanlar ve Müslümanlar yüzyillar boyunca Iberya'nin kontrolü için mücadele etmeye devam etti ve bunun sonucunda Reconquista ortaya çikti.</Text>
    </Row>
    <Row Tag="TXT_KEY_CIV5_SPAIN_TEXT_6">
      <Text>Resmi olarak 722'deki Covadonga Savasi ile baslayan (ancak çok daha sonrasina kadar ivme kazanmayan) Reconquista, Hiristiyanlarin Iberya'yi Müslüman yönetiminden geri alma girisimine verilen addi.  Reconquista ile Asturias ve Aragon gibi birçok önemli Hiristiyan krallik kuruldu, ancak Müslüman kralliklarin çogu topraklarini inatla ellerinde tuttu.  Sonraki 700 yil boyunca, Iber Yarimadasi için Hiristiyanlar ve Müslümanlar arasinda bir savas sürdü: kaleler insa edildi ve yikildi, güç üsleri ve dengeler degisti ve sinirlar neredeyse her yil yeniden çizildi.  Hiristiyanlarin önderligindeki kralliklarin Iberya'ya yavas yavas girmesine ragmen, net bir galip çikmadi.[NEWLINE][NEWLINE]Ancak, 1469'da I. Isabella ve II. Ferdinand'in evlenmesiyle birlesen Kastilya ve Aragon kralliklarinin kader birligi yapmasiyla her sey degisti.  Iki hükümdar, Islam'in kalesi Girnata'ya sivri bir saldiri düzenlediler ve 1492'de Müslümanlarin Iberya'daki 781 yillik egemenligine nihayet son verdiler. [NEWLINE][NEWLINE]1492 hükümdarlar için önemli bir yildi  Kristof Kolomb, Isabella'nin himayesiyle Amerika'ya ulasti (Yeni Dünya'nin kolonilesmesine yol açti) ve Iberya Yahudilerine Hiristiyanliga geçmeleri ya da Engizisyon altinda sürülme ve hatta ölümle karsi karsiya kalmalari emredildi. [NEWLINE][NEWLINE]Isabella ve Ferdinand'in yeni, birlesik kralligi España (veya Ispanya) olarak tanindi ve Yeni Dünya'daki zengin kolonileriyle zamanin ilk "dünya gücü" haline geldi.</Text>
    </Row>
    <Row Tag="TXT_KEY_CIV5_SPAIN_TEXT_7">
      <Text>En parlak döneminde Ispanyol Imparatorlugu, Kuzey ve Güney Amerika'nin büyük bölümünden Avrupa'nin küçük parçalarina, Kuzey Afrika'daki çesitli sehirlere ve Dogu Hint Adalari'nin tamamina kadar dünyanin her yerinde varlik gösteriyordu. Ispanyollar bu kesif çaginda dünyaya liderlik etmis, sayisiz sömürge ve prensliklerinden büyük miktarda zenginlik ve ticaret biriktirmislerdir.  Ispanya'nin Yeni Dünya ile olan yeni ticaret yollari sadece yeni bilgi ve kültür saglamakla kalmadi, ayni zamanda degerli metaller (yani altin), baharatlar ve bitkiler seklinde yeni kaynaklar da sagladi. Ispanya'nin Altin Cagi ayni zamanda hümanizmin yükselisi, Protestan Reformu'nun baslangici ve Salamanca Okulu'nun kurulmasiyla baslayan entelektüel ve ruhani reformlarin yaratilmasina da taniklik etti.</Text>
    </Row>
    <Row Tag="TXT_KEY_CIV5_SPAIN_TEXT_8">
      <Text>Büyük güç büyük sorumluluk getirir, en azindan Berberi korsanlarin imparatorlugunuzun kiyilarinda köle baskinlari yapmasini istemiyorsaniz. Büyüyen korsan ve Osmanli tehdidinin yani sira, Ispanya kendisini Fransa ile rutin olarak savas halinde buldu.  Protestan Reformu imparatorlugu Avrupa çapinda giderek artan askeri çatismalara sürüklerken, dini huzursuzluk ve savaslar Katolik imparatorlugu sarsti.  Huzursuzluk ve dinin dokunmadigi seylere veba dokundu ve 1650'lerde imparatorluk Büyük Sevilla Vebasi ile sarsildi.[NEWLINE][NEWLINE]Bu noktadan sonra Ispanya'nin gücü ve etkisi kademeli ve daha sonra o kadar da kademeli olmayan bir düsüse geçti. Basta Portekiz ve Hollanda'nin ayrilmasi olmak üzere Avrupa'daki varliklarini kaybetmeye basladi ve ardindan son derece yikici Otuz Yil Savaslari nedeniyle askeri gerilemeler yasadi.[NEWLINE][NEWLINE]Savaslar ve daha fazla savas, bir zamanlarin gururlu imparatorlugunu sonraki iki yüzyil boyunca tehdit etti ve yok etti.  18. yüzyilda Napolyon Bonapart, Portekiz'e gittigini iddia ederek hile yoluyla ülkeyi isgal etti.  Ardindan 19. yüzyilin baslarinda, Fransiz isgalci hükümetini devirmek için milliyetçi bir isyan Ispanya Bagimsizlik Savasi'na ya da Yarimada Savasi'na yol açti.  Fransizlara karsi nihai zaferlerine ragmen (çogunlukla Napolyon'un felaket Rusya seferi nedeniyle) ülke siyasi kargasaya sürüklendi.[NEWLINE][NEWLINE]Ispanya kisa süre sonra kendi yabanci kolonilerinden gelen ve Ispanyol-Amerikan Savasi'nda toplanan çok sayida bagimsizlik savasiyla karsi karsiya kaldi. 20. yüzyil, yikilan imparatorluk için fazla bir degisiklik getirmedi. 1930'lardaki Ispanya Iç Savasi, ülkeye Fasizmi ve otoriter bir hükümeti getirdi ve bu süreçte yarim milyondan fazla insanin hayatina mal oldu.  Bu savas ayni zamanda Ikinci Dünya Savasi'nin ilk muharebesi olarak da bilinir.[NEWLINE][NEWLINE]1975 yilinda General Francisco Franco'nun ölümüne kadar monarsi yeniden tesis edilmedi ve Ispanya için son 300 yildir ilk kez isler yoluna girmeye basladi.</Text>
    </Row>
    <Row Tag="TXT_KEY_CIV5_SPAIN_TEXT_9">
      <Text>1978 yilinda Ispanya Anayasasi'nin onaylanmasiyla Ispanya'ya demokrasi geldi  Kral Juan Carlos, basta bir grup Baskli terörist tarafindan yönetilen ve ülkenin dört bir yanini kasip kavuran isyanci ve radikal Milliyetçi hareketleri nihayet durdurdu.  Ispanya 1982'de NATO'ya, 1986'da ise daha sonra Avrupa Birligi'ne dönüsecek olan Avrupa Toplulugu'na üye oldu.[NEWLINE][NEWLINE] Imparatorluk gücü olarak geçirdigi görkemli günlerden yüzyillar süren iç ve uluslararasi çekismelere kadar Ispanya kendini yeniden insa etti ve dünyanin dokuzuncu büyük ekonomisine ve onuncu en yüksek yasam kalitesine sahip yeni bir dünya oyuncusu olarak yeniden ortaya çikti.  New Orleans'taki mimari demir isçiliginden Filipinler'in Katolik inancina kadar dünyanin büyük bir kismi ulusal kimliginin ya da kültürünün bir kismini Ispanya'ya dayandirabilir. Günümüzde çok az ülke, hem gücünün zirvesindeyken hem de bugün, Ispanya Imparatorlugu kadar genis kapsamli ve kalici bir etkiye sahip oldugunu iddia edebilir.</Text>
    </Row>
    <Row Tag="TXT_KEY_CIV5_SPAIN_FACTOID_HEADING">
      <Text>Ispanyolca Bilgiler</Text>
    </Row>
    <Row Tag="TXT_KEY_CIV5_SPAIN_FACTOID_TEXT">
      <Text>Ispanya Imparatorlugu'nun en taninmis miraslarindan biri dilidir - bugün yaklasik 500 milyon kisi Ispanyolca konusmaktadir ve bu dil dünyanin en popüler ikinci dilidir.[NEWLINE][NEWLINE]Ispanya günes enerjisi üretiminde lider ülkedir ve 2010 yilinda devasa bir günes enerjisi santrali olan La Florida'nin tamamlanmasiyla ABD'yi geride birakmistir. Ayrica, Don Kisot'un hosnutsuzluguna ragmen ülkede üretilen enerjinin %50'den fazlasi yel degirmenleri tarafindan saglanmaktadir.[NEWLINE][NEWLINE]Pratikte olmasa da teoride çiplaklik Ispanya'nin her yerinde yasaldir.[NEWLINE][NEWLINE]Bere Ispanya'da kuzeydogu Pireneler'deki Basklar tarafindan icat edilmistir.[NEWLINE][NEWLINE]Ispanyol yazar Miguel de Cervantes Saavedra ilk modern roman olarak kabul edilen Don Kisot'u yazmistir.</Text>
    </Row>
    <Row Tag="TXT_KEY_CIV5_ISABELLA_LIVED">
      <Text>MS 1451 - 1504</Text>
    </Row>
    <Row Tag="TXT_KEY_CIV5_ISABELLA_NAME">
      <Text>Isabella</Text>
    </Row>
    <Row Tag="TXT_KEY_CIV5_ISABELLA_SUBTITLE">
      <Text>Ispanya Lideri</Text>
    </Row>
    <Row Tag="TXT_KEY_CIV5_ISABELLA_TITLES_1">
      <Text>Kastilya ve Leon Kraliçesi</Text>
    </Row>
    <Row Tag="TXT_KEY_CIV5_ISABELLA_TITLES_2">
      <Text>Aragon, Mayorka, Napoli ve Valensiya Kraliçe Esi</Text>
    </Row>
    <Row Tag="TXT_KEY_CIV5_ISABELLA_HEADING_1">
      <Text>Tarih</Text>
    </Row>
    <Row Tag="TXT_KEY_CIV5_ISABELLA_HEADING_2">
      <Text>Ilk Yillar</Text>
    </Row>
    <Row Tag="TXT_KEY_CIV5_ISABELLA_HEADING_3">
      <Text>Henry çöpçatanlikta basarisiz oldu</Text>
    </Row>
    <Row Tag="TXT_KEY_CIV5_ISABELLA_HEADING_4">
      <Text>Ferdinand ve Taht Mücadelesi</Text>
    </Row>
    <Row Tag="TXT_KEY_CIV5_ISABELLA_HEADING_5">
      <Text>1492</Text>
    </Row>
    <Row Tag="TXT_KEY_CIV5_ISABELLA_HEADING_6">
      <Text>Kimse Engizisyonu Beklemiyor</Text>
    </Row>
    <Row Tag="TXT_KEY_CIV5_ISABELLA_HEADING_7">
      <Text>Sonraki Yillar</Text>
    </Row>
    <Row Tag="TXT_KEY_CIV5_ISABELLA_HEADING_8">
      <Text>Tarihteki Miras</Text>
    </Row>
    <Row Tag="TXT_KEY_CIV5_ISABELLA_TEXT_1">
      <Text>I. Isabella 30 yil boyunca Kastilya ve Leon Kraliçesi olarak görev yapmis ve kocasi Ferdinand ile birlikte Ispanya'nin birlesmesine zemin hazirlamistir.  Ispanya'nin birlesmesindeki rolü, Kolomb'un Amerika'ya yaptigi yolculuklari himaye etmesi ve Iber Yarimadasi'nin Reconquista'sina (Yeniden Ele Geçirilmesi) son vermesi nedeniyle Isabella, Ispanya tarihinin en sevilen ve en önemli hükümdarlarindan biri olarak kabul edilmektedir.</Text>
    </Row>
    <Row Tag="TXT_KEY_CIV5_ISABELLA_TEXT_2">
      <Text>Isabella 22 Nisan 1451'de Ávila'da Kastilyali John II ve Portekizli Isabella'nin çocugu olarak dünyaya geldi.  Kendisinden 26 yas büyük olan Henry adinda bir agabeyi ve daha sonra onun yerini alan Alfonso adinda küçük bir erkek kardesi vardi.  Babasi 1454'te öldügünde Henry, Kral Henry IV olarak Kastilya tahtina geçti ve Isabella ve ailesi Arévalo'ya tasindi ve annesinin yavas yavas akil sagligini kaybetmeye basladigi yoksul bir kalede yasadi. Yillar sonra Henry'nin karisi dogum yaptiginda, Henry kardeslerinin Segovia'daki ana saraya geri dönmelerine izin verdi. [NEWLINE][NEWLINE] Burada Isabella kraliyet disiplinlerinin her türünde egitildi ve hayati önemli ölçüde iyilesti, ancak Henry ona sinirlayici bir kosul koydu - onun izni olmadan Segovia'yi terk etmesi yasakti.  Henry bunun, Isabella'yi varis seçimi (yeni kizi Joanna) nedeniyle krallikta patlak veren siyasi kargasadan uzak tutmak için oldugunu iddia etti, ancak isyan eden soylulara erisimini kisitlamak için de olabilirdi. [NEWLINE][NEWLINE] Ancak soylular, küçük kardesi Alfonso ile konusmakta sorun yasamadilar ve 1467'de Henry'nin varisi yapilmasini talep ederek Ikinci Olmedo Savasi'ni kiskirtti.  Bir uzlasma olarak Henry, Alfonso'yu hem Kastilya hem de Leon'un veliahtina verilecek bir unvan olan Asturias Prensi olarak adlandirdi ve kizi Joanna'yi Alfonso ile evlendirmeyi düsündü.  Ancak Alfonso'nun yeni rolünün tadini çikarmasi uzun sürmedi  kisa süre sonra muhtemelen vebadan öldü.  Alfonso vasiyetinde Isabella'yi halefi olarak göstermisti ve unvan ona geçti.[NEWLINE][NEWLINE]Agabeyine karsi isyani sürdürmek yerine Isabella, Henry ile Toros de Guisando'da bulustu ve kalici bir baris anlasmasi için pazarlik yapti. Henry, Isabella'yi resmen varisi olarak ilan edecek, ancak onun rizasi olmadan evlenmesine izin verilmeyecekti.  Bununla birlikte, Henry onu istegi disinda evlenmeye de zorlayamayacakti.  Her iki taraf da anlasmadan memnun kalinca Henry küçük kiz kardesi için uygun bir koca aramaya basladi.</Text>
    </Row>
    <Row Tag="TXT_KEY_CIV5_ISABELLA_TEXT_3">
      <Text>Bu sirada Isabella, Aragonlu John II'nin oglu Ferdinand ile nisanliydi (ve üç yasindan beri nisanliydi), ancak Henry bu anlasmayi bozdu.  Bunun yerine, Isabella'yi John'un ogullarindan bir digeri olan Navarrali Charles IV ile evlendirmeye çalisti, ancak John teklifi reddetti. [NEWLINE][NEWLINE]Kisa bir süre sonra 1464'te Henry, Isabella'yi Ingiltere Krali Edward IV ile evlendirmeye çalisti, ancak Edward da reddetti.  Daha sonra kizi Portekizli V. Alfonso ile evlendirmek için birçok girisimde bulunuldu, ancak yasliligi nedeniyle onu mihrapta reddetti.[NEWLINE][NEWLINE]Kastilya'nin kisisel pembe dizisi, Isabella'nin Henry'nin en sevdigi Don'un kardesi Pedro Giron ile nisanlanmasiyla devam etti.  Isabella, Don Pedro kendisinden 27 yas büyük oldugu için bu evliligin iptal edilmesi için hararetle dua etti.  Don nisanlisini karsilamaya giderken apandisitinin patlamasi sonucu öldügünden, Isabella Tanri'nin duasini kabul ettigine inaniyordu. [NEWLINE] [NEWLINE] Henry'nin azalan talipler siralamasinda bir sonraki isim Louis XI'in kardesi Berry Dükü Charles'ti.  Bu noktada Isabella, Henry'nin kendisini kötü bir siyasi evlilikle veraset çizgisinden çikarmaya yönelik üstü kapali girisimlerinden bikmisti ve oglu Ferdinand'la bir kez daha evlenmeyi güvence altina almak için Aragonlu John II ile gizlice görüsmeye basladi.</Text>
    </Row>
    <Row Tag="TXT_KEY_CIV5_ISABELLA_TEXT_4">
      <Text>Her ne kadar tüm taraflar Isabella ve Ferdinand'in evliliginden yana olsalar da (tabii ki hala Fransa ve Portekiz'e kur yapmaya çalisan Henry hariç), küçük bir sorun vardi - genç çift ikinci dereceden kuzendi.  Kilise yasalarina göre, yakin akraba kuzenlerin evlenmesi için bir Papalik Fermani gerekliydi, ancak Papa Kastilya, Portekiz ve Fransa'dan gelecek cezadan korktugu için bu fermani vermekten çekiniyordu. [NEWLINE][NEWLINE] Ancak, Isabella bu noktada çok dindar bir kadin oldugu için ferman olmadan evlenmeyi reddetti.  Ferdinand Roma'da Rodrigo Borgia'dan (daha sonra Papa VI. Alexander) yardim istedi ve Isabella'ya Pius II'den bir "Papalik Bogasi" sundu.  Muhtemelen sahte olan bu belge onun için yeterince iyiydi ve hemen evliligi kabul etti.  Kardesinin Avila'daki mezarini ziyaret etme bahanesiyle Isabella Henry'nin gözünden kaçmayi basarmis, Ferdinand da tüccar kiliginda Kastilya'ya girmistir.  Isabella'nin oldukça Shakespearevari yolculugu 19 Ekim 1469'da Valladolid'de Ferdinand'la evlenmesiyle sona erdi. [NEWLINE][NEWLINE] Henry bu evlilikten kisa süre sonra haberdar oldu ve Papa'ya evliligi feshetmesi için yalvardi.  Yeni Papa Sixtus IV, selefinin Kastilya düsmanliklari konusundaki endiselerinden hiçbirine sahip degildi ve bunun yerine evli çifte gerçek bir Papalik Bogasi hediye ederek Henry'yi engelledi.[NEWLINE][NEWLINE]Birkaç yil sonra 1474'te Henry öldü ve Kastilya'da bir veraset savasi patlak verdi.  Portekiz, Henry'nin kizi Joanna'yi tahta geçmesi için destekledi, ancak Isabella Aragon'un (Ferdinand araciligiyla) ve daha sonra Fransa'nin destegini aldi.  Savas dört yil boyunca sürdü, ancak sonunda Sixtus IV yine Isabella'nin imdadina yetisti. Papa, Joanna'nin Portekizli V. Alfonso ile olan evliligini, ironik bir sekilde yakin akrabalik iliskilerini gerekçe göstererek iptal etti.  Joanna, Kastilya Prensesi ve Kraliçesi unvanlarindan feragat etmek zorunda kaldi ve taht 20 Ocak 1479'da Isabella'ya geçti.[NEWLINE][NEWLINE]Isabella'nin saltanatinin ilk yillari çogunlukla güç tabanini saglamlastirmak ve Iber Yarimadasi'nin Reconquista'sini (Yeniden Ele Geçirilmesi) sürdürmekle geçti.  Bununla birlikte, saltanati 1492 gibi önemli bir yilda unutulmaz hale geldi.</Text>
    </Row>
    <Row Tag="TXT_KEY_CIV5_ISABELLA_TEXT_5">
      <Text>Isabella'nin tarihte bilindigi hemen her sey bu yilda gerçeklesti: Reconquista'nin sonu, Kristof Kolomb'un himayesi ve Engizisyon'un yogunlasmasi.[NEWLINE][NEWLINE]Yedi yüzyila yayilan Reconquista olarak bilinen uzun bir savas, bölgenin kontrolünü yeniden ele geçirmeye ve Müslümanlari kovmaya çalisan Iberya hükümdarlari tarafindan yapildi.  Bu yillarin son 200 yilinda Girnata Emirligi, Iber Yarimadasi'ndaki Müslüman hanedanlarin son kalesi olarak kaldi. Isabella ve Ferdinand savasi sürdürdüler ve 1482'den itibaren kralliga kararli bir akin düzenlediler.  Isabella sik sik savas alaninin ortasinda dua ederek askerlerini toplamayi kendine görev edinmis ve hatta Tanri'nin istegini yerine getirdigine inanarak Granada sehrinin disindaki kalesini bir haç seklinde insa etmistir.  Sonunda Isabella'nin kuvvetleri galip geldi ve 700 yil süren savasin ardindan Reconquista'yi sona erdiren Granada Antlasmasi'ni imzaladi.[NEWLINE][NEWLINE]Saltanatinin baslarinda Isabella'ya, batiya yelken açarak Hint Adalari'na ulasmak için yeni bir kesif gezisi için fon arayan Kristof Kolomb adinda genç bir kasif yaklasmisti.  Danismanlari onun planini pratik bulmamis ve Asya'ya önerdigi mesafenin mümkün olamayacak kadar kisa olduguna inanmislardi.  Bununla birlikte, Portekiz'in yaptigi gibi onu kovmak yerine, Isabella ona küçük bir yillik ödenek ve tüm sehirlerinde ücretsiz konaklama verdi.  Planini hükümdarlara satmaya çalismaya devam etti ve hükümdarlar reddetmeye devam etti.[NEWLINE][NEWLINE]Granada'dan döndükten sonra, Isabella'ya Kristof Kolomb tekrar yaklasti.  Günah çikarma papazinin tavsiyesi üzerine, Isabella bu kez onu kesin bir dille geri çevirdi.  Kolomb umutsuzluk içinde Córdoba'dan ayrilirken, Ferdinand çabucak Isabella'yi fikrini degistirmeye ikna etti.  Onu getirmesi için bir kraliyet muhafizi gönderdi ve finansman için planlar yapmaya basladi.  Kolomb 3 Agustos 1492'de kader yolculugu için yola çikti ve 12 Ekim'de Amerika'ya vardi. Isabella ve Ferdinand'in bu cesur kasifi himaye etmesiyle Ispanya'nin kesif ve kolonizasyonda Altin Cagi basladi.</Text>
    </Row>
    <Row Tag="TXT_KEY_CIV5_ISABELLA_TEXT_6">
      <Text>Ispanya'daki Engizisyon Kutsal Ofisi Mahkemesi (ya da daha kisa bir ifadeyle Ispanyol Engizisyonu) 1478 yilinda Isabella tarafindan Kastilya ve Aragon'da Katolik ortodokslugunu korumak ve Papalik kontrolü altindaki Ortaçag Engizisyonunun yerini almak üzere kurulmustur.  [NEWLINE][NEWLINE]Dominiken bir rahip olan Tomás de Torquemada ilk Engizisyon Genel Sekreteri oldu ve iki hükümdari daha aktif bir dini birlik politikasi izlemeye itti.  Isabella, kralligindaki Yahudilere karsi sert önlemler almaktan (tamamen ekonomik nedenlerle) hoslanmazken, Torquemada Ferdinand'i ve onun araciligiyla Isabella'yi ikna etmeyi basardi.  Yahudilerin zorla sinir disi edilmesini öngören Elhamra Kararnamesi 31 Mart 1492'de imzalandi. Yaklasik 200.000 Yahudi derhal Ispanya'yi terk ederken, bazilari da din degistirdi, ancak bu son grup Engizisyon'un siki denetimi altina girdi. [NEWLINE][NEWLINE]Granada bölgesinde yasayan ve baslangiçta dini özgürlükleri olan Müslümanlara din degistirmeleri için baski yapildi.  Birçok Müslüman isyan ettikten sonra, tipki Yahudilerde oldugu gibi, din degistirmeye zorlama ya da sinir disi etme politikasi yürürlüge kondu.</Text>
    </Row>
    <Row Tag="TXT_KEY_CIV5_ISABELLA_TEXT_7">
      <Text>Isabella saltanati boyunca büyüyen imparatorlugunu istikrara kavusturmaya devam etti ve kendisininkine benzer bir veraset savasindan kaçinmayi umarak çocuklarini diger Avrupa uluslariyla birlestirmeye çalisti.  Sonunda Iber Yarimadasi'ni tek bir taç altinda birlestirmek için çabaladi. En büyük oglunu Avusturyali bir Arsidüses ile evlendirerek Habsburglarla bir bag kurdu ve en büyük kizini da Portekizli I. Manuel ile evlendirdi. Ancak her iki çocugu da kisa süre sonra ölünce Isabella'nin planlari suya düstü ve taç üçüncü kizi Deli Joanna'ya geçti. Joanna, Burgundy'li Philip ile evlendi ve son Trastámaran hükümdari oldu.   Ondan sonra taç Habsburglara geçti.[NEWLINE][NEWLINE]Isabella 1504 yilinda öldü ve Granada Kraliyet Sapeli'ne gömüldü.</Text>
    </Row>
    <Row Tag="TXT_KEY_CIV5_ISABELLA_TEXT_8">
      <Text>Isabella döneminde Ispanya birlesmis, Iber Yarimadasi'nin yeniden fethi tamamlanmis ve bölgenin gücü merkezilestirilmistir.  Ayrica bir sonraki yüzyilin en baskin askeri makinesinin (Armada) temelini atmis, Ispanyol kilisesinde reform yapmis ve Ispanyollarin yeni Amerikan kolonilerine dogru genislemesine öncülük etmistir.  Birçok kisi Engizisyon'daki ve Yahudi ve Müslümanlara yönelik zulümdeki rolünü elestirse de, digerleri su anda merhum Kraliçe'nin Katolik Kilisesi'nde bir Aziz olarak kanonlastirilmasi için kampanya yürütmektedir.  Baskalarinin dini inançlarina zulmeden süpheli eylemlerine ragmen, Isabella Ispanya'nin en etkili ve önemli hükümdarlarindan biri olmaya devam etmektedir.</Text>
    </Row>
    <Row Tag="TXT_KEY_CIV5_ISABELLA_FACTOID_HEADING">
      <Text>Isabella Factoid</Text>
    </Row>
    <Row Tag="TXT_KEY_CIV5_ISABELLA_FACTOID_TEXT">
      <Text>Isabella, Kristof Kolomb'la olan iliskisi nedeniyle anilan bir ABD posta pulunda yer alan ilk kadin ve bir ABD madeni parasinda görünen ilk kadindir.</Text>
    </Row>
    <Row Tag="TXT_KEY_CIV5_SPAIN_TERCIO_HEADING">
      <Text>Tercio</Text>
    </Row>
    <Row Tag="TXT_KEY_CIV5_SPAIN_TERCIO_TEXT">
      <Text>Tercio, 16. yüzyilin baslarinda Ispanyol general Gonzalo Fernandez de Cordoba tarafindan yaratilan, mizrakli ve arquebusiers (son derece ilkel atesli silahlarla silahlanmis askerler) karisik bir olusumdan olusan parlak bir askeri yeniliktir. Tercio ("Ispanyol meydani" olarak da bilinir) dama tahtasi düzeninde konuslandirilmis, mizrakçilar ve arquebusiers dönüsümlü olarak destek bloklarina yerlestirilmistir. Bu düzenlemenin avantajlari açiktir: okçular düsmana uzaktan saldirabilir ve mizrakçilar yakin dövüste kontrolü ele alabilir. Bu düzen bir yüzyildan fazla bir süre Rönesans savasina hâkim olacakti.</Text>
    </Row>
    <Row Tag="TXT_KEY_CIV5_SPAIN_CONQUISTADOR_HEADING">
      <Text>Conquistador</Text>
    </Row>
    <Row Tag="TXT_KEY_CIV5_SPAIN_CONQUISTADOR_TEXT">
      <Text>Fatihler, 16. ve 17. yüzyillarda Yeni Dünya'nin büyük bir bölümünü fetheden Ispanyol askerleri ve kasifleriydi. Kisa süre önce Magribileri Ispanya'dan sürmüs olan Fatihler, deneyimli hafif süvarilerdi. At sirtinda zorlu arazileri geçebilme yetenekleri, onlari özellikle atlari olmayan ve korkunç rakiplerinden kaçamayan Yeni Dünya yerlilerine karsi etkili kilmistir.</Text>
    </Row>
    <Row Tag="TXT_KEY_CIV5_SPAIN_TERCIO_HELP">
      <Text>Rönesans döneminin baskin askeri birimi. Sadece Ispanya insa edebilir. Bu Birim, yerini aldigi Tüfekçiden daha yüksek [ICON_STRENGTH] bir Savas Gücüne ve Atli terfisine karsi bir Bonusa sahiptir. Ancak insa edilmesi de daha pahalidir.</Text>
    </Row>
    <Row Tag="TXT_KEY_CIV5_SPAIN_TERCIO_STRATEGY">
      <Text>Tercio, Tüfekçinin yerini alan iki Ispanyol Essiz Biriminden biridir. Bu Birim savasta Tüfekçiden daha güçlüdür ve atli birimlere karsi daha yüksek bir güçle savasir. Ancak Tercio'yu insa etmek daha pahalidir.</Text>
    </Row>
    <Row Tag="TXT_KEY_CIV5_SPAIN_CONQUISTADOR_HELP">
      <Text>Denizasiri ülkelerde kesif ve kolonilesme konusunda uzmanlasmis Ortaçag Dönemi birimi. Sadece Ispanya insa edebilir. Sövalyenin yerini alir.</Text>
    </Row>
    <Row Tag="TXT_KEY_CIV5_SPAIN_CONQUISTADOR_STRATEGY">
      <Text>Conquistador hem karada hem de denizde güçlü olan çok amaçli bir birimdir. Sövalye'nin yerini alan bu birim, karada ekstra görüs kabiliyetine sahip olaganüstü bir gözcüdür. Ayrica yeni sehirler kurma yetenegine de sahiptir, ancak yalnizca Ispanyol baskentini içermeyen yabanci bir kitada. Conquistador suda, deniz birliklerine karsi kendini savunmasini saglayan savunma amaçli gemiye binme terfisine sahiptir. Ayrica Sövalye'nin aksine sehirlere saldirirken herhangi bir cezaya maruz kalmaz.</Text>
    </Row>
  </Language_en_US>
</GameData>