﻿<?xml version="1.0" encoding="utf-8"?>
<!--Sid Meier's Civilization V -->
<!--Copyright Firaxis Games 2010 -->
<!--File created by Paul Murphy-->
<GameData>
  <Language_en_US>
    <Row Tag="TXT_KEY_TECH_ARCHITECTURE">
      <Text>Mimarlik</Text>
    </Row>
    <Row Tag="TXT_KEY_TECH_ARCHITECTURE_TITLE">
      <Text>Mimarlik</Text>
    </Row>
    <Row Tag="TXT_KEY_TECH_GUILDS">
      <Text>Loncalar</Text>
    </Row>
    <Row Tag="TXT_KEY_TECH_GUILDS_TITLE">
      <Text>Loncalar</Text>
    </Row>
    <Row Tag="TXT_KEY_TECH_COMBINED_ARMS">
      <Text>Birlesik Silahlar</Text>
    </Row>
    <Row Tag="TXT_KEY_TECH_COMBINED_ARMS_TITLE">
      <Text>Birlesik Silahlar</Text>
    </Row>
    <Row Tag="TXT_KEY_TECH_DRAMA">
      <Text>Drama ve Siir</Text>
    </Row>
    <Row Tag="TXT_KEY_TECH_DRAMA_TITLE">
      <Text>Drama ve Siir</Text>
    </Row>
    <Row Tag="TXT_KEY_TECH_HYDROELECTRICS">
      <Text>Hidroelektrik</Text>
    </Row>
    <Row Tag="TXT_KEY_TECH_HYDROELECTRICS_TITLE">
      <Text>Hidroelektrik</Text>
    </Row>
    <Row Tag="TXT_KEY_TECH_INDUSTRIALIZATION">
      <Text>Sanayilesme</Text>
    </Row>
    <Row Tag="TXT_KEY_TECH_INDUSTRIALIZATION_TITLE">
      <Text>Sanayilesme</Text>
    </Row>
    <Row Tag="TXT_KEY_TECH_MOBILE_TACTICS">
      <Text>Mobil Taktikler</Text>
    </Row>
    <Row Tag="TXT_KEY_TECH_MOBILE_TACTICS_TITLE">
      <Text>Mobil Taktikler</Text>
    </Row>
    <Row Tag="TXT_KEY_TECH_TELECOM">
      <Text>Telekomünikasyon</Text>
    </Row>
    <Row Tag="TXT_KEY_TECH_TELECOM_TITLE">
      <Text>Telekomünikasyon</Text>
    </Row>
  </Language_en_US>
</GameData>