﻿<?xml version="1.0" encoding="utf-8"?>
<!-- edited with XMLSPY v2004 rel. 2 U (http://www.xmlspy.com) by Scott Lewis (Firaxis Games) -->
<GameData>
  <Language_en_US>
    <!-- FALL OF ROME SCENARIO -->
    <Row Tag="TXT_KEY_CITY_NAME_NEAPOLI">
      <Text>Neapoli</Text>
    </Row>
    <Row Tag="TXT_KEY_CITY_NAME_SALONAE">
      <Text>Salonae</Text>
    </Row>
    <Row Tag="TXT_KEY_CITY_NAME_CARNUNTUM">
      <Text>Carnuntum</Text>
    </Row>
    <Row Tag="TXT_KEY_CITY_NAME_CASTAREGINA">
      <Text>Casta Regina</Text>
    </Row>
    <Row Tag="TXT_KEY_CITY_NAME_MILAN">
      <Text>Milan</Text>
    </Row>
    <Row Tag="TXT_KEY_CITY_NAME_GENUA">
      <Text>Genua</Text>
    </Row>
    <Row Tag="TXT_KEY_CITY_NAME_MASSILIA">
      <Text>Massilia</Text>
    </Row>
    <Row Tag="TXT_KEY_CITY_NAME_TRIER">
      <Text>Trier</Text>
    </Row>
    <Row Tag="TXT_KEY_CITY_NAME_LUTETIA">
      <Text>Lutetia</Text>
    </Row>
    <Row Tag="TXT_KEY_CITY_NAME_GESORIACUM">
      <Text>Gesoriacum</Text>
    </Row>
    <Row Tag="TXT_KEY_CITY_NAME_CORIALLUM">
      <Text>Coriallum</Text>
    </Row>
    <Row Tag="TXT_KEY_CITY_NAME_PORTUSNAMNETUM">
      <Text>Portus Namnetum</Text>
    </Row>
    <Row Tag="TXT_KEY_CITY_NAME_NARBO">
      <Text>Narbo</Text>
    </Row>
    <Row Tag="TXT_KEY_CITY_NAME_BRIGANTIUM">
      <Text>Brigantium</Text>
    </Row>
    <Row Tag="TXT_KEY_CITY_NAME_TARRACO">
      <Text>Tarraco</Text>
    </Row>
    <Row Tag="TXT_KEY_CITY_NAME_EMERITAAUGUSTA">
      <Text>Emerita Augusta nötr:an</Text>
      <Gender>neuter:an</Gender>
    </Row>
    <Row Tag="TXT_KEY_CITY_NAME_OLISIPO">
      <Text>Olisipo nötr:an</Text>
      <Gender>neuter:an</Gender>
    </Row>
    <Row Tag="TXT_KEY_CITY_NAME_IOLCAESAREA">
      <Text>Iol Caesarea nötr:an</Text>
      <Gender>neuter:an</Gender>
    </Row>
    <Row Tag="TXT_KEY_CITY_NAME_THESSALONICA">
      <Text>Selanik</Text>
    </Row>
    <Row Tag="TXT_KEY_CITY_NAME_MISTRA">
      <Text>Mistra</Text>
    </Row>
    <Row Tag="TXT_KEY_CITY_NAME_CYRENE">
      <Text>Cyrene</Text>
    </Row>
    <Row Tag="TXT_KEY_CITY_NAME_AMASTRIS">
      <Text>Amastris nötr:an</Text>
      <Gender>neuter:an</Gender>
    </Row>
    <Row Tag="TXT_KEY_CITY_NAME_DORYLAEUM">
      <Text>Dorylaeum</Text>
    </Row>
    <Row Tag="TXT_KEY_CITY_NAME_ATTALIA">
      <Text>Attalia nötr:an</Text>
      <Gender>neuter:an</Gender>
    </Row>
    <Row Tag="TXT_KEY_CITY_NAME_MYRA">
      <Text>Myra</Text>
    </Row>
    <Row Tag="TXT_KEY_CITY_NAME_SINOPE">
      <Text>Sinope</Text>
    </Row>
    <Row Tag="TXT_KEY_CITY_NAME_AMASIA">
      <Text>Amaseia nötr:an</Text>
      <Gender>neuter:an</Gender>
    </Row>
    <Row Tag="TXT_KEY_CITY_NAME_SELEUCIA">
      <Text>Seleucia</Text>
    </Row>
    <Row Tag="TXT_KEY_CITY_NAME_MELITENE">
      <Text>Melitene</Text>
    </Row>
    <Row Tag="TXT_KEY_CITY_NAME_ANIUM">
      <Text>Anium nötr:an</Text>
      <Gender>neuter:an</Gender>
    </Row>
    <Row Tag="TXT_KEY_CITY_NAME_THOSPIA">
      <Text>Thospia</Text>
    </Row>
    <Row Tag="TXT_KEY_CITY_NAME_AMIDA">
      <Text>Amida nötr:an</Text>
      <Gender>neuter:an</Gender>
    </Row>
    <Row Tag="TXT_KEY_CITY_NAME_NISIBIS">
      <Text>Nisibis</Text>
    </Row>
    <Row Tag="TXT_KEY_CITY_NAME_SINGARA">
      <Text>Singara</Text>
    </Row>
    <Row Tag="TXT_KEY_CITY_NAME_CTESIPHON">
      <Text>Ctesiphon</Text>
    </Row>
    <Row Tag="TXT_KEY_CITY_NAME_TIEL">
      <Text>Tiel</Text>
    </Row>
    <Row Tag="TXT_KEY_CITY_NAME_THEROUANNE">
      <Text>Thérouanne</Text>
    </Row>
    <Row Tag="TXT_KEY_CITY_NAME_TOURNAI">
      <Text>Tournai</Text>
    </Row>
    <Row Tag="TXT_KEY_CITY_NAME_TONGRES">
      <Text>Tongres</Text>
    </Row>
    <Row Tag="TXT_KEY_CITY_NAME_CAMBRAI">
      <Text>Cambrai</Text>
    </Row>
    <Row Tag="TXT_KEY_CITY_NAME_MAINZ">
      <Text>Mainz</Text>
    </Row>
    <Row Tag="TXT_KEY_CITY_NAME_XANTEN">
      <Text>Xanten</Text>
    </Row>
    <Row Tag="TXT_KEY_CITY_NAME_VOUILLE">
      <Text>Vouillé</Text>
    </Row>
    <Row Tag="TXT_KEY_CITY_NAME_VANNES">
      <Text>Vannes</Text>
    </Row>
    <Row Tag="TXT_KEY_CITY_NAME_TOLOSA">
      <Text>Tolosa</Text>
    </Row>
    <Row Tag="TXT_KEY_CITY_NAME_GOTHISCANDZA">
      <Text>Gothiscandza</Text>
    </Row>
    <Row Tag="TXT_KEY_CITY_NAME_RECCOPOLIS">
      <Text>Reccopolis</Text>
    </Row>
    <Row Tag="TXT_KEY_CITY_NAME_VICTORIACUM">
      <Text>Victoriacum</Text>
    </Row>
    <Row Tag="TXT_KEY_CITY_NAME_OLOGICUS">
      <Text>Ologicus nötr:an</Text>
      <Gender>neuter:an</Gender>
    </Row>
    <Row Tag="TXT_KEY_CITY_NAME_BAIYARA">
      <Text>Baiyara</Text>
    </Row>
    <Row Tag="TXT_KEY_CITY_NAME_EBORA">
      <Text>Ebora nötr:an</Text>
      <Gender>neuter:an</Gender>
    </Row>
    <Row Tag="TXT_KEY_CITY_NAME_SEGOVIA">
      <Text>Segovia</Text>
    </Row>
    <Row Tag="TXT_KEY_CITY_NAME_BALSA">
      <Text>Balsa</Text>
    </Row>
    <Row Tag="TXT_KEY_CITY_NAME_UXAMA">
      <Text>Uxama nötr:an</Text>
      <Gender>neuter:an</Gender>
    </Row>
    <Row Tag="TXT_KEY_CITY_NAME_TIERMES">
      <Text>Tiermes</Text>
    </Row>
    <Row Tag="TXT_KEY_CITY_NAME_TOLETUM">
      <Text>Toletum</Text>
    </Row>
    <Row Tag="TXT_KEY_CITY_NAME_OLBIA">
      <Text>Olbia nötr:an</Text>
      <Gender>neuter:an</Gender>
    </Row>
    <Row Tag="TXT_KEY_CITY_NAME_TYRAS">
      <Text>Tyras</Text>
    </Row>
    <Row Tag="TXT_KEY_CITY_NAME_ARHEIMAR">
      <Text>Árheimar nötr:an</Text>
      <Gender>neuter:an</Gender>
    </Row>
    <Row Tag="TXT_KEY_CITY_NAME_TURDA">
      <Text>Turda</Text>
    </Row>
    <Row Tag="TXT_KEY_CITY_NAME_APULON">
      <Text>Apulon nötr:an</Text>
      <Gender>neuter:an</Gender>
    </Row>
    <Row Tag="TXT_KEY_CITY_NAME_BETUWE">
      <Text>Betuwe</Text>
    </Row>
    <!-- Vandal-->
    <Row Tag="TXT_KEY_CITY_NAME_HIPPO_REGIUS">
      <Text>Hippo Regius</Text>
    </Row>
    <Row Tag="TXT_KEY_CITY_NAME_LEPTUS_MAGNA">
      <Text>Leptus Magna</Text>
    </Row>
    <Row Tag="TXT_KEY_CITY_NAME_CARTENNA">
      <Text>Cartenna</Text>
    </Row>
    <Row Tag="TXT_KEY_CITY_NAME_BULLA_REGIA">
      <Text>Bulla Regia</Text>
    </Row>
    <Row Tag="TXT_KEY_CITY_NAME_CATANE">
      <Text>Catane</Text>
    </Row>
    <Row Tag="TXT_KEY_CITY_NAME_CIRTA">
      <Text>Cirta</Text>
    </Row>
    <Row Tag="TXT_KEY_CITY_NAME_CARALIS">
      <Text>Caralis</Text>
    </Row>
    <Row Tag="TXT_KEY_CITY_NAME_TACAPE">
      <Text>Tacape</Text>
    </Row>
    <Row Tag="TXT_KEY_CITY_NAME_CAPUT_VADA">
      <Text>Caput Vada</Text>
    </Row>
    <Row Tag="TXT_KEY_CITY_NAME_TRICAMERON">
      <Text>Tricameron</Text>
    </Row>
    <Row Tag="TXT_KEY_CITY_NAME_TRIPOLIS">
      <Text>Tripolis</Text>
    </Row>
    <Row Tag="TXT_KEY_CITY_NAME_THAGASTE">
      <Text>Thagaste</Text>
    </Row>
    <!--Celts-->
    <Row Tag="TXT_KEY_CITY_NAME_DINORWIG">
      <Text>Dinorwig</Text>
    </Row>
    <Row Tag="TXT_KEY_CITY_NAME_LUGUVALION">
      <Text>Luguvalion</Text>
    </Row>
    <!-- INTO THE RENAISSANCE -->
    <Row Tag="TXT_KEY_MEDIEVAL_SCENARIO_CITY_NAME_CAIRO">
      <Text>Kahire</Text>
    </Row>
    <Row Tag="TXT_KEY_MEDIEVAL_SCENARIO_CITY_NAME_DVIN">
      <Text>Dvin</Text>
    </Row>
    <Row Tag="TXT_KEY_MEDIEVAL_SCENARIO_CITY_NAME_BAALBEK">
      <Text>Ba'albek</Text>
    </Row>
    <Row Tag="TXT_KEY_MEDIEVAL_SCENARIO_CITY_NAME_BILBAIS">
      <Text>Bilbais</Text>
    </Row>
    <Row Tag="TXT_KEY_MEDIEVAL_SCENARIO_CITY_NAME_ASWAN">
      <Text>Aswan nötr:an</Text>
      <Gender>neuter:an</Gender>
    </Row>
    <Row Tag="TXT_KEY_MEDIEVAL_SCENARIO_CITY_NAME_ZABID">
      <Text>Zabid</Text>
    </Row>
    <Row Tag="TXT_KEY_MEDIEVAL_SCENARIO_CITY_NAME_TAIZZ">
      <Text>Ta'izz</Text>
    </Row>
    <Row Tag="TXT_KEY_MEDIEVAL_SCENARIO_CITY_NAME_SANAA">
      <Text>Sana'a</Text>
    </Row>
    <Row Tag="TXT_KEY_MEDIEVAL_SCENARIO_CITY_NAME_YANBU">
      <Text>Yanbu</Text>
    </Row>
    <Row Tag="TXT_KEY_MEDIEVAL_SCENARIO_CITY_NAME_HAMA">
      <Text>Hama</Text>
    </Row>
    <Row Tag="TXT_KEY_MEDIEVAL_SCENARIO_CITY_NAME_HOMS">
      <Text>Humus</Text>
    </Row>
    <Row Tag="TXT_KEY_MEDIEVAL_SCENARIO_CITY_NAME_AZAZ">
      <Text>A'zaz nötr:an</Text>
      <Gender>neuter:an</Gender>
    </Row>
    <Row Tag="TXT_KEY_MEDIEVAL_SCENARIO_CITY_NAME_QUS">
      <Text>Qus</Text>
    </Row>
    <Row Tag="TXT_KEY_MEDIEVAL_SCENARIO_CITY_NAME_KAFR_SABT">
      <Text>Kafr Sabt</Text>
    </Row>
    <Row Tag="TXT_KEY_MEDIEVAL_SCENARIO_CITY_NAME_JAFFA">
      <Text>Yafa</Text>
    </Row>
    <Row Tag="TXT_KEY_MEDIEVAL_SCENARIO_CITY_NAME_RABAT">
      <Text>Rabat</Text>
    </Row>
    <Row Tag="TXT_KEY_MEDIEVAL_SCENARIO_CITY_NAME_SAFI">
      <Text>Safi</Text>
    </Row>
    <Row Tag="TXT_KEY_MEDIEVAL_SCENARIO_CITY_NAME_BEJAIA">
      <Text>Bejaia</Text>
    </Row>
    <Row Tag="TXT_KEY_MEDIEVAL_SCENARIO_CITY_NAME_TINMEL">
      <Text>Tinmel</Text>
    </Row>
    <Row Tag="TXT_KEY_MEDIEVAL_SCENARIO_CITY_NAME_SIJILMASA">
      <Text>Sijilmasa</Text>
    </Row>
    <Row Tag="TXT_KEY_MEDIEVAL_SCENARIO_CITY_NAME_BIDZAJA">
      <Text>Bidzala</Text>
    </Row>
    <Row Tag="TXT_KEY_MEDIEVAL_SCENARIO_CITY_NAME_KABIS">
      <Text>Kabis</Text>
    </Row>
    <Row Tag="TXT_KEY_MEDIEVAL_SCENARIO_CITY_NAME_MAHDIJA">
      <Text>Mahdija</Text>
    </Row>
  </Language_en_US>
</GameData>