﻿<?xml version="1.0" encoding="utf-8"?>
<!-- edited with XMLSPY v2004 rel. 2 U (http://www.xmlspy.com) by Anton Strenger (Firaxis Games) -->
<!--Sid Meier's Civilization V -->
<!--Copyright Firaxis Games 2010 -->
<!--File created by Michelle Menard-->
<GameData>
  <Language_en_US>
    <!-- Old city-state names to be used in new major civs -->
    <!--
		<Delete Tag="TXT_KEY_CITYSTATE_DUBLIN"/>
		<Delete Tag="TXT_KEY_CITYSTATE_DUBLIN_ADJ"/>
		<Delete Tag="TXT_KEY_CITYSTATE_STOCKHOLM"/>
		<Delete Tag="TXT_KEY_CITYSTATE_STOCKHOLM_ADJ"/>
		<Delete Tag="TXT_KEY_CITYSTATE_EDINBURGH"/>
		<Delete Tag="TXT_KEY_CITYSTATE_EDINBURGH_ADJ"/>
		<Delete Tag="TXT_KEY_CITYSTATE_VIENNA"/>
		<Delete Tag="TXT_KEY_CITYSTATE_VIENNA_ADJ"/>
		<Delete Tag="TXT_KEY_CITYSTATE_HELSINKI"/>
		<Delete Tag="TXT_KEY_CITYSTATE_HELSINKI_ADJ"/>
		-->
    <!-- New city-state names -->
    <Row Tag="TXT_KEY_CITYSTATE_ANTWERP">
      <Text>Antwerp</Text>
    </Row>
    <Row Tag="TXT_KEY_CITYSTATE_ANTWERP_ADJ">
      <Text>Antwerp</Text>
    </Row>
    <Row Tag="TXT_KEY_CITYSTATE_CAHOKIA">
      <Text>Cahokia</Text>
    </Row>
    <Row Tag="TXT_KEY_CITYSTATE_CAHOKIA_ADJ">
      <Text>Cahokia</Text>
    </Row>
    <Row Tag="TXT_KEY_CITYSTATE_COLOMBO">
      <Text>Kolombo</Text>
    </Row>
    <Row Tag="TXT_KEY_CITYSTATE_COLOMBO_ADJ">
      <Text>Kolombo</Text>
    </Row>
    <Row Tag="TXT_KEY_CITYSTATE_HONG_KONG">
      <Text>Hong Kong</Text>
    </Row>
    <Row Tag="TXT_KEY_CITYSTATE_HONG_KONG_ADJ">
      <Text>Hong Kong</Text>
    </Row>
    <Row Tag="TXT_KEY_CITYSTATE_JAKARTA">
      <Text>Cakarta</Text>
    </Row>
    <Row Tag="TXT_KEY_CITYSTATE_JAKARTA_ADJ">
      <Text>Cakarta</Text>
    </Row>
    <Row Tag="TXT_KEY_CITYSTATE_JERUSALEM">
      <Text>Kudüs</Text>
    </Row>
    <Row Tag="TXT_KEY_CITYSTATE_JERUSALEM_ADJ">
      <Text>Kudüs</Text>
    </Row>
    <Row Tag="TXT_KEY_CITYSTATE_LA_VENTA">
      <Text>La Venta</Text>
    </Row>
    <Row Tag="TXT_KEY_CITYSTATE_LA_VENTA_ADJ">
      <Text>La Venta</Text>
    </Row>
    <Row Tag="TXT_KEY_CITYSTATE_LISBON">
      <Text>Lizbon</Text>
    </Row>
    <Row Tag="TXT_KEY_CITYSTATE_LISBON_ADJ">
      <Text>Lizbon</Text>
    </Row>
    <Row Tag="TXT_KEY_CITYSTATE_MANILA">
      <Text>Manila</Text>
    </Row>
    <Row Tag="TXT_KEY_CITYSTATE_MANILA_ADJ">
      <Text>Manilan</Text>
    </Row>
    <Row Tag="TXT_KEY_CITYSTATE_MARRAKECH">
      <Text>Marakes</Text>
    </Row>
    <Row Tag="TXT_KEY_CITYSTATE_MARRAKECH_ADJ">
      <Text>Marakes</Text>
    </Row>
    <Row Tag="TXT_KEY_CITYSTATE_MILAN">
      <Text>Milan</Text>
    </Row>
    <Row Tag="TXT_KEY_CITYSTATE_MILAN_ADJ">
      <Text>Milanese</Text>
    </Row>
    <Row Tag="TXT_KEY_CITYSTATE_MOMBASA">
      <Text>Mombasa</Text>
    </Row>
    <Row Tag="TXT_KEY_CITYSTATE_MOMBASA_ADJ">
      <Text>Mombasa</Text>
    </Row>
    <Row Tag="TXT_KEY_CITYSTATE_PRAGUE">
      <Text>Prag</Text>
    </Row>
    <Row Tag="TXT_KEY_CITYSTATE_PRAGUE_ADJ">
      <Text>Prag</Text>
    </Row>
    <Row Tag="TXT_KEY_CITYSTATE_VALLETTA">
      <Text>Valletta</Text>
    </Row>
    <Row Tag="TXT_KEY_CITYSTATE_VALLETTA_ADJ">
      <Text>Valletta</Text>
    </Row>
    <Row Tag="TXT_KEY_CITYSTATE_VATICAN_CITY">
      <Text>Vatikan Sehri</Text>
    </Row>
    <Row Tag="TXT_KEY_CITYSTATE_VATICAN_CITY_ADJ">
      <Text>Vatikan</Text>
    </Row>
    <Row Tag="TXT_KEY_CITYSTATE_WITTENBERG">
      <Text>Wittenberg</Text>
    </Row>
    <Row Tag="TXT_KEY_CITYSTATE_WITTENBERG_ADJ">
      <Text>Wittenberg</Text>
    </Row>
    <Row Tag="TXT_KEY_CITYSTATE_YEREVAN">
      <Text>Yerevan</Text>
    </Row>
    <Row Tag="TXT_KEY_CITYSTATE_YEREVAN_ADJ">
      <Text>Yerevan</Text>
    </Row>
    <Row Tag="TXT_KEY_CITYSTATE_ZANZIBAR">
      <Text>Zanzibar</Text>
    </Row>
    <Row Tag="TXT_KEY_CITYSTATE_ZANZIBAR_ADJ">
      <Text>Zanzibar</Text>
    </Row>
    <Row Tag="TXT_KEY_CITYSTATE_ZURICH">
      <Text>Zürih</Text>
    </Row>
    <Row Tag="TXT_KEY_CITYSTATE_ZURICH_ADJ">
      <Text>Zürih</Text>
    </Row>
    <!-- Old city-state names used in DLC civs -->
    <!--
		<Delete Tag="TXT_KEY_CITYSTATE_COPENHAGEN"/>
		<Delete Tag="TXT_KEY_CITYSTATE_COPENHAGEN_ADJ"/>
		<Delete Tag="TXT_KEY_CITYSTATE_OSLO"/>
		<Delete Tag="TXT_KEY_CITYSTATE_OSLO_ADJ"/>
		<Delete Tag="TXT_KEY_CITYSTATE_SEOUL"/>
		<Delete Tag="TXT_KEY_CITYSTATE_SEOUL_ADJ"/>
		-->
    <!-- Replacement names for old city-state names used in DLC civs -->
    <Row Tag="TXT_KEY_CITYSTATE_SYDNEY">
      <Text>Sidney</Text>
    </Row>
    <Row Tag="TXT_KEY_CITYSTATE_SYDNEY_ADJ">
      <Text>Sidney</Text>
    </Row>
    <Row Tag="TXT_KEY_CITYSTATE_QUEBEC_CITY">
      <Text>Quebec Sehri</Text>
    </Row>
    <Row Tag="TXT_KEY_CITYSTATE_QUEBEC_CITY_ADJ">
      <Text>Quebec Sehri</Text>
    </Row>
    <Row Tag="TXT_KEY_CITYSTATE_KATHMANDU">
      <Text>Katmandu</Text>
    </Row>
    <Row Tag="TXT_KEY_CITYSTATE_KATHMANDU_ADJ">
      <Text>Katmandu</Text>
    </Row>
  </Language_en_US>
</GameData>