﻿<?xml version="1.0" encoding="utf-8"?>
<!-- edited with XMLSPY v2004 rel. 2 U (http://www.xmlspy.com) by Ed Beach (Firaxis Games) -->
<GameData>
  <Language_en_US>
    <Row Tag="TXT_KEY_MEDIEVAL_SCENARIO_TITLE">
      <Text>Rönesans'a Dogru</Text>
    </Row>
    <Row Tag="TXT_KEY_MEDIEVAL_SCENARIO_DESC">
      <Text>Sahne, inançlar arasinda dramatik bir savasa hazirlaniyor. Ancak ufukta böylesine kan dökülürken, bildigimiz medeniyeti koruyabilecek ve dünyayi Rönesans'in ihtisamina götürebilecek misiniz?</Text>
    </Row>
    <Row Tag="TXT_KEY_MEDIEVAL_SCENARIO_RANDOM_MAP">
      <Text>Rastgele Avrupa</Text>
    </Row>
    <Row Tag="TXT_KEY_MEDIEVAL_SCENARIO_FIXED_MAP">
      <Text>Tarihsel</Text>
    </Row>
    <Row Tag="TXT_KEY_MEDIEVAL_SCENARIO_CIV5_DAWN_TEXT">
      <Text>SENARYO ACIKLAMASI[NEWLINE]Büyük Bölünme Hiristiyan kilisesini dogu ve bati olarak ikiye ayirmistir. Bizans ve Roma'yi uzlastirmaya yönelik tüm girisimler basarisiz olmustur. Bu arada Büyük Türk'ün Islam ordulari Konstantinopolis'i ele geçirmekle tehdit etmektedir. Bunun üzerine Papa Urban II, Bizanslilari desteklemek ve Kutsal Topraklari kurtarmak için bir haçli seferi çagrisi yapar. Sahne, inançlar arasinda dramatik bir savas için hazirlanir. Ufukta böylesine kan dökülürken, bildigimiz medeniyeti koruyabilecek ve dünyayi Rönesans'in ihtisamina götürebilecek misiniz?[NEWLINE][NEWLINE]ZAFER KOSULLARI[NEWLINE]Zafer 200 turdan sonra skora göre verilir. Asagidaki gibi özel senaryo VP'si kazanin:[NEWLINE][ICON_BULLET]Kutsal Sehir Kontrolü: Dininiz veya Kudüs için Kutsal Sehri kontrol edin (veya müttefik olun) (tur basina 10 VP).[NEWLINE][ICON_BULLET]Kutsal Roma Imparatoru: Tüm güçlerden ve Sehir Devletlerinden en fazla oyu alarak seçimi kazanin (seçim basina 250 VP).[NEWLINE][ICON_BULLET]Yeni Dünya: Kesif arastirmasi yaptiktan sonra batiya karavelalar gönderin.[NEWLINE][ICON_BULLET]Din Savasi: Farkli bir dine mensup sehirleri ele geçirin.[NEWLINE][NEWLINE]ÖZEL KURALLAR[NEWLINE]Oyun baslamadan önce üç din belirlenir: Katoliklik (Kutsal Sehir Vatikan Sehri), Ortodoksluk (Kutsal Sehir Konstantinopolis) ve Islam (Kutsal Sehir Mekke). Dininizin Kurucu inançlarinin avantajlarini elde etmek için Kutsal Sehrinizi (veya Kudüs'ü) kontrol edin.</Text>
    </Row>
    <Row Tag="TXT_KEY_MEDIEVAL_SCENARIO_BRIEFING">
      <Text>Brifing</Text>
    </Row>
    <Row Tag="TXT_KEY_MEDIEVAL_SCENARIO_TURNSREMAINING">
      <Text>Sola Dönüyor: {1_TurnsRemaining}</Text>
    </Row>
    <Row Tag="TXT_KEY_MEDIEVAL_SCENARIO_VP_FUTURE_TECH">
      <Text>Özel Senaryo</Text>
    </Row>
    <Row Tag="TXT_KEY_MEDIEVAL_SCENARIO_DIPLO_MY_SCORE_FUTURE_TECH">
      <Text>{1_Num} Özel Senaryo VP[NEWLINE]'den (Kutsal Sehir Kontrolü, Kutsal Roma Seçimi)</Text>
    </Row>
    <!-- Civs and Leaders -->
    <Row Tag="TXT_KEY_MEDIEVAL_SCENARIO_LEADER_SALADIN_NAME">
      <Text>Selahaddin Yusuf ibn Eyyub</Text>
    </Row>
    <Row Tag="TXT_KEY_MEDIEVAL_SCENARIO_LEADER_SALADIN_SUBTITLE">
      <Text>Misir ve Suriye'nin Ilk Sultani</Text>
    </Row>
    <Row Tag="TXT_KEY_MEDIEVAL_SCENARIO_LEADER_SALADIN_LIVED">
      <Text>MS 1138 - 1193</Text>
    </Row>
    <Row Tag="TXT_KEY_MEDIEVAL_SCENARIO_LEADER_SALADIN_HEADING_1">
      <Text>Tarih</Text>
    </Row>
    <Row Tag="TXT_KEY_MEDIEVAL_SCENARIO_LEADER_SALADIN_TEXT_1">
      <Text>Selahaddin olarak bilinen Selahaddin Yusuf ibn Eyyub, Misir ve Suriye'nin ilk sultani olarak yükselmis bir Kürt soylusuydu. MS 1138 civarinda Tikrit'te (Irak) dogan Selahaddin'in askeri egitimi 26 yasinda, Selçuklu Imparatorlugu'nun Suriye eyaletinin valisi Nur ad-Din'in hizmetinde etkili bir komutan olan amcasi Esad'in vesayeti altinda basladi. Haçlilara ve Misirli gaspçi Dirgham'a karsi düzenlenen bir seferde Selahaddin, Bilbais'in yagmalanmasinda ve Giza'nin batisinda Nil yakinlarinda yapilan bir savasta kendini gösterdi. Iskenderiye'ye ilerleyen Selahaddin, sehre karsi konulmadan girdi ve 1169'da Fatimi halifesi el-Adid tarafindan vezir olarak atandi. Iki yil sonra Selahaddin'e Nur ad-Din tarafindan Misir'da bir halifelik kurmasi emredildi. Nur'un 1174'te ölümü üzerine Selahaddin Eyyubi hanedaninin kurulusunu ilan etti.[NEWLINE][NEWLINE]Misir'i üs olarak kullanan Selahaddin, sonraki birkaç yili otoritesini ve özerkligini genisleterek geçirdi. Yemen 1173'te zaten isgal edilmisti  Sam'in ve Hamas'taki kalenin 1174'te onun kuvvetlerine düsmesi Suriye'yi de ekledi. Buradaki rakip Zengileri yenilgiye ugratmasinin ardindan Selahaddin Kahire'ye dönerek kendini yönetimini güçlendirmeye adadi. Kahire'nin tahkim edilmesini, Bir Yusuf kuyusunun kazilmasini, Giza'da bir köprü ve birkaç yeni medrese insa edilmesini yönetti. Ancak topraklarina yapilan Haçli akinlarindan sonra Selahaddin 1177'de dikkatini Filistin'e çevirdi.[NEWLINE][NEWLINE]Selahaddin'in Hiristiyanlara karsi savasi MS 1193'teki ölümüne kadar sürdü. Bir dizi Ay</Text>
    </Row>
    <Row Tag="TXT_KEY_MEDIEVAL_SCENARIO_LEADER_ASKIA_FIRSTGREETING_1">
      <Text>Selamlar. Ben Eyyubilerin Selahaddin'iyim. Biz adil bir halkiz - ama bize karsi gelenler sadece yikimla karsilasirlar. Geçmiste baskalarinin yaptigi hatalari tekrarlamaktan kaçinirsaniz iyi edersiniz.</Text>
    </Row>
    <Row Tag="TXT_KEY_MEDIEVAL_SCENARIO_LEADER_ASKIA_FIRSTGREETING_2">
      <Text>Tanri sizi kutsasin. Ben Eyyubi Hanedani'ndan Selahaddin. Herkesle baris ararim ama gerektiginde savastan da çekinmem. Eger hayatta kalmak istiyorsaniz, bunu gerekli kilmayin.</Text>
    </Row>
    <Row Tag="TXT_KEY_MEDIEVAL_SCENARIO_LEADER_ASKIA_FIRSTGREETING_3">
      <Text>Selamlar. Ben Selahaddin, Eyyubi Hanedani'nin Sultani. Bizler, baskalariyla barisçil bilgi alisverisinde bulunmak isteyen aydinlanmis bir halkiz. Ancak gerektiginde kendimizi savunmaya da haziriz.</Text>
    </Row>
    <Row Tag="TXT_KEY_MEDIEVAL_SCENARIO_LEADER_ASKIA_FIRSTGREETING_4">
      <Text>Selamlar. Ben Eyyubilerin Selahaddin'iyim. Herkesle baris istiyoruz. Eger sorun çikarmak istiyorsaniz, bunu baska bir yerde yapmanizi tavsiye ederim.</Text>
    </Row>
    <Row Tag="TXT_KEY_MEDIEVAL_SCENARIO_LEADER_ASKIA_TRADE_NO_HAPPY">
      <Text>Sartlarinizi kabul edemem. Eyyubiler için adil degiller.</Text>
    </Row>
    <Row Tag="TXT_KEY_MEDIEVAL_SCENARIO_LEADER_ASKIA_DEMANDTRIBUTE_HAPPY">
      <Text>Dünyayi istila eden sapkinlara ve pisliklere karsi mücadelesinde yardiminiza ihtiyacimiz var.</Text>
    </Row>
    <Row Tag="TXT_KEY_MEDIEVAL_SCENARIO_CIV_SONGHAI_HEADING_1">
      <Text>Tarih</Text>
    </Row>
    <Row Tag="TXT_KEY_MEDIEVAL_SCENARIO_CIV_SONGHAI_TEXT_1">
      <Text>Kürt kökenli bir Müslüman hanedan olan Eyyubi sultanligi, Selahaddin Eyyubi tarafindan Misir merkezli olarak kurulmus ve 12. ve 13. yüzyillarda Orta Dogu'nun büyük bölümüne hükmetmistir. MS 1183 yilina gelindiginde sultanlik Misir, Tunus, Suriye, Mezopotamya, Kürdistan, Hicaz, Yemen ve Levant'in büyük bir kismini kapsiyordu. Kudüs Haçli Kralligi 1187'de Eyyubi güçlerinin eline geçerek Aslan Yürekli Richard ve Philip Augustus liderligindeki Hiristiyan Üçüncü Haçli Seferi'ne yol açti. [NEWLINE][NEWLINE]Selahaddin'in ölümünden sonra ogullari sultanligin kontrolü için savasti ve Selahaddin'in kardesi el-Adil sonunda MS 1200'de sultan oldu. Ancak krallik, düzenin yeniden saglandigi 1230'dan 1247'ye kadar Suriye isyanlari nedeniyle sikinti yasadi. Ancak bu arada Yemen, Hicaz ve Mezopotamya bölgelerinde Eyyubi yönetimine karsi basarili isyanlar sultanligi parçalamisti. Nil deltasindaki bir Haçli istilasinin püskürtülmesi Eyyubi yönetimini o kadar zayiflatti ki Memlük generalleri 1250 yilinda Sultan el-Muazzam Turansah'i devirerek ailenin sultanligin kalbindeki kontrolüne son verdi. Eyyubi yönetimi artik kisa bir süreligine Halep'e odaklanmisti ve burasi 1260 yilinda azgin Mogollar tarafindan yagmalandi. Birkaç yil içinde Mogollar Eyyubi iktidarindan geriye kalanlari da sildiler.[NEWLINE][NEWLINE]Nispeten kisa sürse de Eyyubi yönetimi, ellerinde tuttuklari topraklarda bir refah çagi baslatti ve bölgede Islam kültürü ve biliminin yeniden canlanmasini sagladi. Selahaddin Eyyubi'nin benimsedigi kolektif egemenlik ilkesine dayanan Eyyubi yönetimi, nispeten</Text>
    </Row>
    <Row Tag="TXT_KEY_MEDIEVAL_SCENARIO_LEADER_ALMANSUR_NAME">
      <Text>Ebu Yusuf Ya'kub el-Mansur</Text>
    </Row>
    <Row Tag="TXT_KEY_MEDIEVAL_SCENARIO_LEADER_ALMANSUR_SUBTITLE">
      <Text>Muvahhid Hanedanligi Emiri</Text>
    </Row>
    <Row Tag="TXT_KEY_MEDIEVAL_SCENARIO_LEADER_ALMANSUR_LIVED">
      <Text>MS 1160 - 1199</Text>
    </Row>
    <Row Tag="TXT_KEY_MEDIEVAL_SCENARIO_LEADER_ALMANSUR_HEADING_1">
      <Text>Tarih</Text>
    </Row>
    <Row Tag="TXT_KEY_MEDIEVAL_SCENARIO_LEADER_ALMANSUR_TEXT_1">
      <Text>Ebu Yusuf Yakup el-Mansur (MS 1160-1199) Muvahhid hanedaninin üçüncü emiriydi ve babasi MS 1184'te Portekiz'de Hiristiyan I. Alfonso ile savasirken öldürülünce tahta geçti. El-Mansur babasinin ölümünün intikamini almaya yemin etti ve Iberya'ya giderek Hiristiyan sehirlerini ele geçirip yagmaladiktan sonra 3000 esirle birlikte Fas'a döndü. Orada birkaç yilini kralligini hem kültürel hem de diplomatik olarak güçlendirerek geçirdi.[NEWLINE][NEWLINE]Iberya'da bulunmadigi sirada Kastilya krali Alfonso VIII, Iberya'daki Magribi topraklarini yeniden "fethetmeye" çalisti. Dönemin en büyük ordusunu (300.000 kisi oldugu söylenmektedir) toplayan Hiristiyanlar, aralarinda Silves ve Beja'nin da bulundugu bir dizi Muvahhid sehrini ele geçirdiler. Intikam hirsiyla geri dönen el-Mansur, Temmuz 1195'te Alarcos Savasi'nda Alfonso'yu kesin bir yenilgiye ugratarak Hiristiyanlara 150.000 kayip verdirdi  zaferden sonra el-Mansur'a halki tarafindan "Tanri Tarafindan Muzaffer Kilinan" unvani verildi. [NEWLINE] [NEWLINE] Askeri basarilarinin yani sira, el-Mansur ayricalikli bir sekilde hüküm sürdü. Onun yönetimi altinda ticaret, sanat ve bilimler gelisti. Marakes'teki büyük Koutouba ve el-Mansouria camilerinin ve Rabat'taki Udayas kasbahinin yapimini denetledi. El-Mansur, filozof Ibn Rüsd'ün (Hiristiyanlar arasinda Ibn Rüsd olarak bilinir) ve diger sanatçi ve bilginlerin hamisiydi. Rabat'ta dünyanin en büyük camisinin insasini finanse etmis, ancak El-Mansur'un erken ölümü üzerine çalismalar durdurulmustur.</Text>
    </Row>
    <Row Tag="TXT_KEY_MEDIEVAL_SCENARIO_LEADER_HARUN_FIRSTGREETING_1">
      <Text>Hos geldiniz! Ben Muvahhid Halifeligi'nden Ya'kub el-Mansur. Gelin - sarayimin ihtisamina hayran kalalim!</Text>
    </Row>
    <Row Tag="TXT_KEY_MEDIEVAL_SCENARIO_LEADER_HARUN_FIRSTGREETING_2">
      <Text>Ah! Ufukta yeni bir yildiz beliriyor. Ben Muvahhid Hanedani'ndan Ya'kub el-Mansur'um! Tarihi bulusmamizi kutlamak için destansi bir siir yazacagim!</Text>
    </Row>
    <Row Tag="TXT_KEY_MEDIEVAL_SCENARIO_LEADER_HARUN_FIRSTGREETING_3">
      <Text>Hos geldin, Yabanci! Ben Ebu Yusuf Ya'kub el-Mansur, Muvahhidlerin hükümdariyim. Gel, bana imparatorlugundan bahset.</Text>
    </Row>
    <Row Tag="TXT_KEY_MEDIEVAL_SCENARIO_CIV_ARABIA_HEADING_1">
      <Text>Tarih</Text>
    </Row>
    <Row Tag="TXT_KEY_MEDIEVAL_SCENARIO_CIV_ARABIA_TEXT_1">
      <Text>Muvahhid hanedani 12. yüzyilin baslarinda Berberi Ibn Tumart tarafindan Fas'in Atlas Daglari'nda kurulmustur. Baslangiçta dini bir hareket olan Tumart yönetimindeki Muvahhidler, iktidardaki Almoravidlere karsi isyan ederek Berberi ve Magribi kabilelerini birlestirmis ve birkaç on yil içinde tüm Magreb ve Fas'a hakim olmustur. Dini coskudan güç alan Muvahhidler, egemenliklerini hizla bogazlarin ötesine, Iberya'ya (modern Portekiz ve güney Ispanya) kadar genislettiler. 1170 yilinda baskentlerini Sevilla'ya tasidilar.[NEWLINE][NEWLINE]Hiristiyan hükümdarlarin yarimadayi geri almak için sürekli girisimlerde bulunmalarina ragmen, Iberya'daki Muvahhid hâkimiyeti 1212 yilina kadar devam etti. O yil Kastilya, Aragon, Portekiz ve Navarre güçlerinden olusan bir koalisyon Las Navas de Tolosa Savasi'nda Muhammed III'ü kesin bir yenilgiye ugratti. Sonraki kirk yil boyunca Magribi topraklari Hiristiyan yöneticiler tarafindan ele geçirildi  büyük Cordoba sehri 1236'da, Sevilla ise 1248'de düstü. 1260 yilina gelindiginde, Reconquista'dan geriye kalan tek sey, 250 yil daha bagimsiz kalan Magribi kale sehri Grenada'ydi.[NEWLINE][NEWLINE]Afrika'da Muvahhidler, Norman maceracilarin akinlarini ve yerli kabilelerin isyanlarini savusturdular, hatta bunu yapmak için Kastilya ile ittifak kurdular. Ancak zamanla, basta Magreb'de onlarin yerini alacak bir Zenata Berberi hanedani olan Marinidler olmak üzere, diger halklarin isyan ve istilalarina karsi bölgelerini ve sehirlerini kaybettiler. 1265'te son Muvahhid hükümdari Idris el-Vatik'in hükümdarligi sona erdi.</Text>
    </Row>
    <Row Tag="TXT_KEY_MEDIEVAL_SCENARIO_CIV_OTTOMAN_HEADING_1">
      <Text>Tarih</Text>
    </Row>
    <Row Tag="TXT_KEY_MEDIEVAL_SCENARIO_CIV_OTTOMAN_TEXT_1">
      <Text>"Osmanli Türkleri" Bati Avrupa'da ilk kez MS 1227 yilinda Anadolu'daki Selçuklu Kralligi'na göç ettiklerinde tanindi. Reisleri Ertugrul, Bati Anadolu'da çürümekte olan Selçuklu topraklarinda bir beylik kurar. Oglu Osman (Avrupalilar tarafindan kralliga onun adi verilmistir) ve torunu Orhan imparatorlugu büyük ölçüde genisleteceklerdir. Askeri açidan gelismis olan bu Türkler, 1362 yilina gelindiginde Canakkale Bogazi'ni geçerek Bizans Balkanlari'nin son kalintilarina ulasacaklardi. Türkler, 1453'te Sultan 2. Mehmed'in Bizans'i ele geçirerek Istanbul adini vermesi ve burayi baskent yapmasi ile büyük bir güç haline geldi. Osmanli Imparatorlugu, Orta Cag'in en büyük ve en uzun ömürlü imparatorlugu olacaktir. [NEWLINE][NEWLINE] Ortodoks Hiristiyanligin merkezi olan Konstantinopolis'i alan Mehmed, Ortodoks patrigi Gennadios ile görüserek siyasi zekasini göstermistir. Imparatorluk Müslüman olacak olsa da, Ortodoks Kilisesi hosgörü, mülklerini ve otoritesini koruma karsiliginda seküler olan her seyde Osmanli otoritesini kabul etmeyi kabul etti. Imparatorluk içindeki Hiristiyanlar rejimin destekçisi oldular ve hatta Katolik Bati'ya karsi çabalarinda Osmanlilara katildilar.[NEWLINE][NEWLINE]Konstantinopolis'in düsmesinin ardindan Türkler batiya ve güneye dogru genislemek için amansiz bir çaba göstermeye basladilar. Balkanlari ele geçirdiler, Levant ve Misir'a yayildilar, Dogu Akdeniz'e hakim oldular. Deniz yoluyla ticaret yollari Karadeniz, Ege ve Akdeniz'e ve Kizildeniz'e kadar uzaniyordu,</Text>
    </Row>
    <Row Tag="TXT_KEY_MEDIEVAL_SCENARIO_LEADER_SULEIMAN_FIRSTGREETING_1">
      <Text>Sakalim ve göbegim adina, sizinle tanistigima memnun oldum! Ben Süleyman, yüce Türklerin lideriyim!</Text>
    </Row>
    <Row Tag="TXT_KEY_MEDIEVAL_SCENARIO_LEADER_SULEIMAN_FIRSTGREETING_2">
      <Text>Türk milleti seni selamliyor, Yabanci! Ben Süleyman!</Text>
    </Row>
    <Row Tag="TXT_KEY_MEDIEVAL_SCENARIO_LEADER_SULEIMAN_FIRSTGREETING_3">
      <Text>Selamlar, Yabanci! Ben Süleyman, Türklerin lideriyim! Bu büyük olayi kutlamak için ziyafet verelim!</Text>
    </Row>
    <Row Tag="TXT_KEY_MEDIEVAL_SCENARIO_LEADER_FRANCIS_NAME">
      <Text>Francis I</Text>
    </Row>
    <Row Tag="TXT_KEY_MEDIEVAL_SCENARIO_LEADER_FRANCIS_SUBTITLE">
      <Text>Fransa Krali</Text>
    </Row>
    <Row Tag="TXT_KEY_MEDIEVAL_SCENARIO_LEADER_FRANCIS_LIVED">
      <Text>MS 1494 - 1547</Text>
    </Row>
    <Row Tag="TXT_KEY_MEDIEVAL_SCENARIO_LEADER_FRANCIS_HEADING_1">
      <Text>Tarih</Text>
    </Row>
    <Row Tag="TXT_KEY_MEDIEVAL_SCENARIO_LEADER_FRANCIS_TEXT_1">
      <Text>MS 1515'ten ölümüne kadar Fransa Krali olan I. Francis (1494-1547) ülkesinde önemli kültürel ve siyasi degisimlere imza atmistir. Kutsal Roma Imparatoru V. Charles ile Hiristiyan Avrupa üzerindeki hegemonya için ömür boyu süren rekabeti, Protestan devriminin patlak vermesine katkida bulunan yikici bir askeri ve ekonomik çatismanin kökeniydi. 1514'te, üç kez evlenen ancak erkek çocugu olmayan Louis'nin ölümü üzerine Francis, 1515'in Yeni Yil Günü'nde Reims Katedrali'nde Fransa Krali olarak taç giydi. [NEWLINE][NEWLINE] Francis annesinin istedigi hümanist egitimi alamadi, ancak yine de bir "edebiyat adami" olarak ünlendi. Tahta çiktiginda Rönesans fikirleri ve idealleri Fransa'ya ulasmisti ve Francis, da Vinci, Cellini, del Sarto ve digerleri de dahil olmak üzere zamaninin en büyük sanatçilarindan ve akademisyenlerinden bazilarini himaye etti ve bunlarin çogunu Fransa'ya gelmeleri için tesvik etti ve bakimlari için büyük meblaglar harcadi. Italya'da kitap ve el yazmasi eser aramak için çok sayida kraliyet ajani görevlendirdi ve 1537'de Fransa'da satilan her yeni kitabin bir kopyasinin kütüphanesine verilmesini emretti.[NEWLINE][NEWLINE] Ancak I. Francis askeri bir lider ve diplomat olarak hatirlanmaktadir. Eylemlerinin çogu, kisisel olarak hoslanmadigi V. Charles'a odaklanmisti ve savas alani Italya'ydi. 1515'te taci aldiktan kisa bir süre sonra Marignano'da Isviçrelileri yenerek Milano sehir devletini ele geçirdi. Ancak on yil süren çatismalarin ardindan, Francis</Text>
    </Row>
    <Row Tag="TXT_KEY_MEDIEVAL_SCENARIO_LEADER_NAPOLEON_FIRSTGREETING_1">
      <Text>Hos geldiniz. Ben Francis I, Rönesans sanatinin büyük hamisiyim!</Text>
    </Row>
    <Row Tag="TXT_KEY_MEDIEVAL_SCENARIO_LEADER_NAPOLEON_FIRSTGREETING_2">
      <Text>Hos geldin, Yabanci! Ben Francis I, Fransa Krali! Dostlarima sadik, düsmanlarima ölümüm. Sen hangisi olacaksin?</Text>
    </Row>
    <Row Tag="TXT_KEY_MEDIEVAL_SCENARIO_LEADER_NAPOLEON_FIRSTGREETING_3">
      <Text>Ah. Sonunda tanistik. Ben Fransa Krali I. Francis. Gelin: iki büyük ulusumuz arasinda deniz üzerindeki topraklarin paylasimini tartisalim.</Text>
    </Row>
    <Row Tag="TXT_KEY_MEDIEVAL_SCENARIO_LEADER_NAPOLEON_FIRSTGREETING_4">
      <Text>Selamlar. Ben Francis I, Fransa'nin Valois Krali. Son satomu görmek ister misiniz?</Text>
    </Row>
    <!-- Traits -->
    <Row Tag="TXT_KEY_MEDIEVAL_SCENARIO_TRAIT_VIKING_FURY">
      <Text>Gemiye alinan birimler +1 [ICON_MOVES] Harekete sahiptir ve denizden karaya geçmek için sadece 1 hareket puani öder. Yakin muharebe birimleri yagmalamak için hareket puani maliyeti ödemez.</Text>
    </Row>
    <Row Tag="TXT_KEY_MEDIEVAL_SCENARIO_TRAIT_VIKING_FURY_SHORT">
      <Text>Viking Öfkesi</Text>
    </Row>
    <Row Tag="TXT_KEY_MEDIEVAL_SCENARIO_TRAIT_BRAVEHEART">
      <Text>Keltlerden daha fazla sehre sahip bir uygarligin birimleriyle savasirken savas bonusu (+%20).</Text>
    </Row>
    <Row Tag="TXT_KEY_MEDIEVAL_SCENARIO_TRAIT_BRAVEHEART_SHORT">
      <Text>Cesur Yürek</Text>
    </Row>
    <Row Tag="TXT_KEY_MEDIEVAL_SCENARIO_TRAIT_LAY_IGORS_CAMPAIGN">
      <Text>Tüm kara muharebe birimleri +1 [ICON_MOVES] Harekete sahiptir. Tüm birimler bir nehre bitisik herhangi bir kareye girmek için sadece 1 hareket puani öder.</Text>
    </Row>
    <Row Tag="TXT_KEY_MEDIEVAL_SCENARIO_TRAIT_LAY_IGORS_CAMPAIGN_SHORT">
      <Text>Igor'un Kampanyasinin Düzeni</Text>
    </Row>
    <Row Tag="TXT_KEY_MEDIEVAL_SCENARIO_TRAIT_JUSTICE_SALADIN">
      <Text>Fethedilen her sehirde ücretsiz bir Adliye Sarayi kazanin. Kahire'de insa edilen Piramitler ile baslayin.</Text>
    </Row>
    <Row Tag="TXT_KEY_MEDIEVAL_SCENARIO_TRAIT_JUSTICE_SALADIN_SHORT">
      <Text>Selahaddin'in Adaleti</Text>
    </Row>
    <Row Tag="TXT_KEY_MEDIEVAL_SCENARIO_TRAIT_LOGOTHETE_COURSE">
      <Text>Fazladan 1 Casus alir. Senaryoya bir Kutsal Sehri kontrol ederek baslayan tek uygarlik.</Text>
    </Row>
    <Row Tag="TXT_KEY_MEDIEVAL_SCENARIO_TRAIT_LOGOTHETE_COURSE_SHORT">
      <Text>Kursun Logothete'i</Text>
    </Row>
    <Row Tag="TXT_KEY_MEDIEVAL_SCENARIO_TRAIT_TERROR">
      <Text>Tüm kara muharebe birimleri +1 [ICON_MOVES] Hareket ve Yürüyüs terfisine sahiptir, bu da her tur iyilesmelerini saglar.</Text>
    </Row>
    <Row Tag="TXT_KEY_MEDIEVAL_SCENARIO_TRAIT_SEVEN_CITIES">
      <Text>Kesif arastirmasindan sonra, ek Yeni Dünya VP'si ve [ICON_GOLD] Altin için bati harita kenarina en fazla üç Fetihçi gönderebilirsiniz.</Text>
    </Row>
    <Row Tag="TXT_KEY_MEDIEVAL_SCENARIO_TRAIT_LAND_TRADE_GOLD">
      <Text>Her [ICON_CONNECTED] Ticaret Rotasindan +2 [ICON_GOLD] Altin.</Text>
    </Row>
    <Row Tag="TXT_KEY_MEDIEVAL_SCENARIO_TRAIT_ENHANCED_CULTURE">
      <Text>Sehirlerden tur basina +2 [ICON_CULTURE] Kültür.</Text>
    </Row>
    <!-- New City States -->
    <Row Tag="TXT_KEY_MEDIEVAL_SCENARIO_CITYSTATE_AUGSBURG_DESC">
      <Text>Bavyera'nin güneybatisinda yer alan Augsburg, MÖ 15 yilinda Tiberius tarafindan kurulmus ve kisa sürede Roma eyaleti Raetia'nin askeri ve ekonomik baskenti haline gelmistir. MS 5. yüzyilda Attila, 8. yüzyilda Sarlman ve 11. yüzyilda Bavyerali Welf tarafindan yagmalanmis olsa da, Alpler üzerindeki ticaret yollarinin çogunun üzerinde yer almasi nedeniyle sehir her seferinde daha da refaha kavusmustur. Augsburg, stratejik konumu nedeniyle Mart 1276'da Kutsal Roma Imparatorlugu'nun himayesi altinda Imparatorluk Serbest Sehri ilan edildi. Bu durum onu 1600'lü yillardaki Katolik-Protestan savaslarinin merkezine yerlestirdi. Augsburg'un altin çagi 15. ve 16. yüzyillarda Fugger ve Welser'lerin büyük ticaret evleri altinda yasanmis  zenginligi patron arayan sanatçilari cezbetmis ve Augsburg müzik, edebiyat, resim ve mimarlik merkezi haline gelmistir. 1806 yilinda Kutsal Roma Imparatorlugu Napolyon tarafindan dagitilinca Augsburg serbest sehir statüsünü kaybetti ve Bavyera Kralligi'nin bir parçasi oldu. Bir sonraki yüzyilda sehir, birlesik ve genisleyen Almanya'nin bir parçasi olarak Sanayi Devrimi sirasinda hizla tekstil, çelik ve askeri üretime dönüstü. Ikinci Dünya Savasi sirasinda harap olmasina ragmen Augsburg yeniden toparlanarak Avrupa'nin en büyük sehirlerinden biri haline gelmistir.</Text>
    </Row>
    <Row Tag="TXT_KEY_MEDIEVAL_SCENARIO_CITYSTATE_COLOGNE_DESC">
      <Text>MS 50 yilinda Roma, Germania Inferior eyaletini korumak için Ren Nehri üzerinde Colonia kale sehrini kurdu. Romalilar ve daha sonra Franklar döneminde zenginlesen sehir, Alplerin kuzeyindeki en önemli ticaret ve dini merkezlerden biri haline geldi. 785 yilinda bir baspiskoposluk merkezi haline getirildi. Kutsal Roma Imparatorlugu'nun bir parçasi olan bu özgür sehir, imparatoru seçen yedi prens seçicisinden birine ve üç dini seçiciye ev sahipligi yapiyordu. Dönemin en görkemli katedrallerinden birine sahip olan sehir, ayni zamanda Ren nehri üzerinde önemli bir liman ve ticaret merkeziydi ve bir dizi etkili, kendi kendini yöneten loncanin tüzükhanelerinin bulundugu yerdi. Reformasyon sirasinda, Luthercilige geçen iki baspiskoposun çabalarina ragmen sehir kararli bir sekilde Katolik kalmistir. Avrupa'nin en eskilerinden biri olan ünlü üniversitenin ögretim üyeleri, MS 1520 yilinda Luther'in eserlerini halka açik bir sekilde yakmistir. Köln, 1798 yilinda yeni Fransiz Cumhuriyeti tarafindan isgal edildiginde özgür bir sehir olma statüsünü kaybetmistir. 1815'te Viyana Kongresi'nde Prusya'nin, 1871'de de Almanya'nin birlesmesinden sonra Almanya'nin bir parçasi olmustur. Ikinci Dünya Savasi sirasinda Müttefikler tarafindan hedef alinan Köln, sehrin %95'ini yok eden 262 hava saldirisina maruz kalmistir. Köln ancak 1959 yilinda savas öncesi nüfusuna kavusmus ve modern bir sanayi metropolü olarak tamamen yeniden insa edilmistir.</Text>
    </Row>
    <Row Tag="TXT_KEY_MEDIEVAL_SCENARIO_CITYSTATE_MECCA_DESC">
      <Text>Muhammed'in ve Kuran'in dogum yeri olan Mekke, Islam'in en kutsal sehridir ve buraya hacca gitmek tüm Müslümanlar için bir zorunluluktur. Kurulusu efsane disinda bilinmese de, MS 6. yüzyilda baharat ticaretinin hayati bir halkasiydi ve deve kervanlari onu o dönemde dünyanin en zengin sehirlerinden biri haline getirmisti. Muhammed 570 yilinda bu sehirde dogdu ve o zamandan beri Islam tarihi ayrilmaz bir sekilde bu sehirle iç içe geçti. Muhammed'in Medine'ye yürüyüsü, hizla genisleyen Müslüman kralliginin siyasi merkezini bu sehre kaydirdi, ancak Mekke inancin merkezi olarak kaldi. Kabe'ye yakin yasamak isteyen ve sayilari giderek artan âlimler ve müminler ile hacilarin ihtiyaçlarini karsilamak üzere gelisen tüccar ve esnaf sinifi sayesinde Mekke, halifelerin ve fatihlerin yükselis ve düsüslerine ragmen sonraki yüzyillar boyunca zenginlesti. MS 1517'de Osmanli Imparatorlugu'nun bir parçasi oldu  I. Dünya Savasi'nin sonunda Osmanlilarin çöküsünün ardindan sehir Suudilerin yönetimine geçti. Bugün Mekke, dünyanin en büyük camisi olan Mescid-i Haram'a, dünya standartlarinda bir medreseye ve çok sayida dini ve tarihi mekâna ev sahipligi yapmaktadir. Buraya yapilan hac ziyareti Islam'in Bes Sarti'ndan biri olmaya devam etmektedir.</Text>
    </Row>
    <Row Tag="TXT_KEY_MEDIEVAL_SCENARIO_CITYSTATE_TUNIS_DESC">
      <Text>MÖ 2. binyilda Berberiler tarafindan kurulan Tunus kenti, MÖ 146 yilinda Kartaca ile savaslari sirasinda Romalilar tarafindan tahrip edilmistir. Romalilar tarafindan yeniden insa edilip isgal edilmesine ragmen Tunus, Arap Müslümanlarin kontrolü altinda MS 7. Yüzyila kadar önem kazanmayacaktir. Avrupa'ya yakinliginin stratejik öneminin farkina varan Tunus, 900'lü yillardan itibaren birbirini izleyen Islam hanedanlarinin Bati Akdeniz'deki baslica deniz üssü haline gelmistir. Bir baska isyanin ardindan Muvahhid el-Mümin 1159'da sehri ele geçirerek bir ticaret merkezi haline getirdi  12. yüzyildan 16. yüzyila kadar Tunus dünyanin en zengin ve en stratejik limanlarindan biriydi. Osmanli Imparatorlugu MS 1534'te Tunus'un nominal kontrolünü ele geçirdi  1574'te sona eren kisa bir Ispanyol isgalinden sonra, buradaki Osmanli valileri nispeten özerk hale geldi. Hüseyni hükümdarlar döneminde, geleneksel ticaret ve sanayiye, o zamanlar faaliyetlerinin zirvesinde olan Berberi korsanlarin yagmasi da eklendi. Ardi ardina gelen isyanlar, istilalar ve isgallerin ardindan Fransizlar bölgeyi 1881'den 1956'ya kadar yönetti. Bagimsizligini kazanan Tunus, Fransizlarin çekilmesinden bu yana Tunus'un baskenti ve bölge için kozmopolit bir ticaret ve kültür merkezi olmustur.</Text>
    </Row>
    <Row Tag="TXT_KEY_MEDIEVAL_SCENARIO_CITYSTATE_NAPLES_DESC">
      <Text>Tarihi MÖ 9. Yüzyila kadar uzanan ve bir Yunan kolonisi olarak kurulan Napoli, dünyanin sürekli yerlesim gören en eski sehirlerinden biridir. Sehir zamanla Roma Cumhuriyeti'nin, ardindan da Imparatorlugun bir parçasi haline gelmistir. Avrupa'nin bir mikrokozmosu olan sehir, her biri kendi kültüründen ve soyundan izler birakan pek çok isgalcinin gelisine ve gidisine taniklik etmistir. MS 1282'den 1816'ya kadar, dönemin büyük uluslarinin mücadelelerinde önemli bir oyuncu olan zengin ve canli Napoli Kralligi'nin merkeziydi. Sirasiyla Fransizlar, Ispanyollar, Avusturyalilar, tekrar Ispanyollar ve Napolyon Savaslari'nin sonunda bagimsizligini kazanmadan önce yine Fransizlar tarafindan isgal edildi. 1815 yilinda Viyana Kongresi'nde Sicilya ile birlestirilerek Iki Sicilya Kralligi kurulmus ve bu krallik 1861 yilinda Italya'nin birlesmesine kadar varligini sürdürmüstür. Sehrin 2800 yillik tarihi ona büyük bir sanat, mimari ve ticaret zenginligi birakmis ve onu Akdeniz'in en önemli sehirlerinden biri haline getirmistir.</Text>
    </Row>
    <Row Tag="TXT_KEY_MEDIEVAL_SCENARIO_CITYSTATE_RIGA_DESC">
      <Text>2. yüzyilda bir yerlesim yeri olan Riga, Bizans'a giden Dvina-Dinyeper Nehri ticaret yolu boyunca erken bir Orta Cag ticaret karakolu haline gelmistir. Sehir, Yüksek Orta Cag'da Hansa Birligi'nin bir üyesi olarak zenginlesmistir. Bugün Baltik ülkelerinin en büyük sehri ve Letonya'nin baskentidir.</Text>
    </Row>
    <Row Tag="TXT_KEY_MEDIEVAL_SCENARIO_CITYSTATE_GDANSK_DESC">
      <Text>Vistula Nehri'nin deltasi boyunca yer alan Gdansk bölgesi 2000 yili askin bir süredir yerlesim görmektedir. Gdansk sehri (Almanca Danzig) 980 yilinda Polonya Dükü I. Mieszko'nun burada bir kale insa etmesiyle kurulmustur. Bugün Gdansk, Polonya'nin dördüncü büyük sehri ve ülkenin baslica limanidir.</Text>
    </Row>
    <Row Tag="TXT_KEY_MEDIEVAL_SCENARIO_CITYSTATE_POLOTSK_DESC">
      <Text>Polotsk, 10. yüzyildan 12. yüzyila kadar modern Belarus bölgesinde baskin Slav gücüydü. Ancak 13. yüzyilda Litvanya prenslerinin vassali haline geldi ve önemi azalmaya basladi. Napolyon'un 1812'de Rusya'yi isgali sirasinda Polotsk yakinlarinda iki savas yapilmistir.</Text>
    </Row>
    <!-- Beliefs -->
    <Row Tag="TXT_KEY_MEDIEVAL_SCENARIO_BELIEF_MESSIAH">
      <Text>Her Reformcu geldiginde, yakin sehirlerdeki Katoliklerin %40'i din degistirir</Text>
    </Row>
    <Row Tag="TXT_KEY_MEDIEVAL_SCENARIO_BELIEF_RELIGIOUS_TEXTS">
      <Text>Din 5 kat daha hizli yayilir (Matbaa ile 9 kat daha hizli)</Text>
    </Row>
    <Row Tag="TXT_KEY_MEDIEVAL_SCENARIO_BELIEF_PAPAL_PRIMACY">
      <Text>[ICON_INFLUENCE] Katolik Sehir Devletleri ile [ICON_RELIGION_CHRISTIANITY] Nüfuz dinlenme noktasina +15</Text>
    </Row>
    <Row Tag="TXT_KEY_MEDIEVAL_SCENARIO_BELIEF_CHORAL_MUSIC">
      <Text>5 takipçisi olan sehirlerdeki Tapinaklar için +4 [ICON_CULTURE] Kültür</Text>
    </Row>
    <Row Tag="TXT_KEY_BELIEF_INDULGENCES">
      <Text>Her [ICON_CONNECTED] Ticaret Rotasindan +2 [ICON_GOLD] Altin</Text>
    </Row>
    <Row Tag="TXT_KEY_BELIEF_THIRD_ROME">
      <Text>Kutsal Sehir ele geçirilirse takip eden en büyük sehre geçer</Text>
    </Row>
    <Row Tag="TXT_KEY_BELIEF_ICONOGRAPHY">
      <Text>Tapinaklardan +2 [ICON_CULTURE] Kültür ve +1 [ICON_PEACE] Inanç</Text>
    </Row>
    <Row Tag="TXT_KEY_BELIEF_HAJJ">
      <Text>+5 [ICON_CULTURE] Kültür ve +5 [ICON_PEACE] Inanç</Text>
    </Row>
    <Row Tag="TXT_KEY_BELIEF_SALAT">
      <Text>+2 [ICON_PEACE] Türbeler ve Tapinaklardan Gelen Inanç</Text>
    </Row>
    <Row Tag="TXT_KEY_BELIEF_WORK_ETHIC">
      <Text>+8 [ICON_PRODUCTION] Takip eden her sehirde üretim</Text>
    </Row>
    <Row Tag="TXT_KEY_BELIEF_CLERICAL_MARRIAGE">
      <Text>+3 [ICON_HAPPINESS_1] Türbeler ve Tapinaklardan Gelen Mutluluk</Text>
    </Row>
    <!-- Religions -->
    <Row Tag="TXT_KEY_MEDIEVAL_SCENARIO_RELIGION_CHRISTIANITY_PEDIA">
      <Text>Roma Katolikligi, Roma merkezli papalik olan Kutsal Makam'in himayesi altindaki Hiristiyan kilisesinin teolojisi ve doktrinini ifade eder. Din bilimcilere göre Katoliklik, kilisenin geleneklerine, ayinlere ve Incil'in yorumculari olarak rahiplige olan bagliligiyla Hiristiyanligin diger kollarindan ayrilir. [NEWLINE][NEWLINE] "Katolik Kilisesi" teriminin bilinen en eski kullanimi MS 107 civarinda Antakyali Ignatius tarafindan yapilmistir. Ilk kilise, daha sonra Konstantinopolis ve Kudüs patriklerinin de eklendigi Roma, Iskenderiye ve Antakya olmak üzere üç patrigin yönetimine dayali olarak örgütlenmistir. Roma patrigi, Aziz Petrus ile sehir arasindaki baglantiya dayanarak özel yetki talep etmistir. Roma Katolikligi, Dogu Ortodokslugunun ortaya çikmasina neden olan MS 1054'teki Büyük Bölünmeye kadar 1000 yil boyunca Avrupa'ya hakim oldu. Yaklasik 500 yil sonra Protestan Reformu ile Hiristiyanlikta bir baska büyük bölünme meydana gelmis ve Avrupa'da birçok kisi Katolikligin ögretilerini ve uygulamalarini daha kisisel inanç ifadeleri lehine reddetmistir. [NEWLINE][NEWLINE] Halen Roma Katolik Kilisesi, Vatikan ile birlik içinde olmayanlari "Katolik olmayanlar" olarak kabul etmekte ancak Incil'in farkli yorumlarini hos görmektedir. Roma Katolikligi, dünya çapinda bir milyardan fazla üyesiyle en büyük Hiristiyan kilisesi olmaya devam etmektedir.</Text>
    </Row>
    <Row Tag="TXT_KEY_RELIGION_ORTHODOXY_PEDIA">
      <Text>Dogu Ortodoks Kilisesi su anda tahminen 300 milyon taraftari ile en büyük ikinci Hiristiyan mezhebidir. Ortodoks Hiristiyanlarin amaci, daha "Mesih gibi" olmak için ruhani bir hac yolculugu olan teosis yoluyla yasamlari boyunca Tanri'ya yaklasmaktir."[NEWLINE][NEWLINE]Kilisenin kökleri Büyük Bölünmeye dayanmaktadir. MS 9. ve 10. yüzyillar boyunca Konstantinopolis Patrigi yönetimindeki Hiristiyan kilisesi, Kiev Rusya'si ve Balkanlar da dahil olmak üzere Dogu Avrupa halklari arasinda önemli din degistirmeler gerçeklestirmistir. Roma ve Konstantinopolis'in siyasi ve ekonomik rekabeti ile siddetlenen filioque bölünmesi ve Papa'nin dini konularda Patrik üzerindeki otoritesi gibi doktrinsel sorunlar bir bölünmeye yol açti. Hiristiyanligin bu iki kolu arasindaki nihai kirilma, Konstantinopolis'in MS 1204 yilinda Katolik Haçlilar tarafindan yagmalanmasi olarak kabul edilmektedir. Dahasi, Konstantinopolis'in 1453'te Osmanlilarin eline geçmesinin ardindan Dogu Kilisesi, Türklerin nispeten hosgörülü yönetimi altinda Roma'dan daha da izole hale gelmistir. Kendisini ilk Hiristiyanlarin ögretilerinin ve uygulamalarinin gerçek mirasçisi olarak gören Ortodoks Kilisesi, Rus Carlari döneminde gelismistir. Komünist yönetim ve Balkan laikligi nedeniyle biraz azalmis olsa da, Dogu Ortodokslugu son yillarda yeniden canlanmis ve Hiristiyanligin hayati bir yönü olmaya devam etmistir.</Text>
    </Row>
    <Row Tag="TXT_KEY_RELIGION_PROTESTANTISM_PEDIA">
      <Text>Protestan Reformu, sonunda Hiristiyan Avrupa'yi bölecek bir hareket olarak, Almanya'da Katolik doktrin ve uygulamalarina, özellikle de kurtulus, aklanma ve Incil'in yorumlanmasina karsi bir protesto olarak basladi. [NEWLINE][NEWLINE] Hümanist akademisyenlerin okumalarina dayanarak, MS 1517'de Wittenberg üniversite kasabasinda bir Alman rahip olan Martin Luther, Katolik Kilisesi'nin bazi uygulamalarini elestiren 95 tezini yayinladi. Onun örnegiyle diger liberal din düsünürleri de kiliseye yönelik kendi elestirilerini gelistirdi ve Almanya ve Iskandinavya'da "evanjelik" Lutherci mezhepler, Isviçre'de John Calvin yönetiminde "reformcu" inançlar ortaya çikti. Bu arada Ingiltere'de ve baska yerlerde din siyasetle iç içe geçerek daha fazla Protestan kilisesinin ortaya çikmasina neden oldu. Bazi farkliliklar olsa da, tüm Protestan hareketler iki ilkeyi savunuyordu: Papalik yorumundan ziyade Incil'in Hiristiyanlar için tek otorite kaynagi oldugu ve kurtulusun iyi isler ya da hosgörüler yoluyla degil, yalnizca Isa ile Mesih olarak kisisel bir baglanti yoluyla geldigi. [NEWLINE] [NEWLINE] Katolik inancindaki bölünme, yankilari hala devam eden bir dizi dini savasi atesleyecekti. O zamandan bu yana Protestanliktaki sayisiz hareket ve bölünmeye ragmen, birçok mezhebin toplam üye sayisi yaklasik 670 milyondur.</Text>
    </Row>
    <!-- Victory Conditions -->
    <Row Tag="TXT_KEY_MEDIEVAL_SCENARIO_WONDER_UNITED_NATIONS_HELP">
      <Text>Kutsal Roma Imparatoru için oylamayi tetikler. Vatikan Sehri'ndeki Aziz Petrus Bazilikasi'na sahip olmak, sahibine ek bir oy hakki verir.</Text>
    </Row>
    <Row Tag="TXT_KEY_MEDIEVAL_SCENARIO_WONDER_UNITED_NATIONS_QUOTE">
      <Text>Bir kaya yigini, tek bir insan onu düsündügü anda kaya yigini olmaktan çikar ve içinde bir katedral imgesi tasir. [NEWLINE] - Antoine de Saint-Exupery</Text>
    </Row>
    <Row Tag="TXT_KEY_MEDIEVAL_SCENARIO_WONDER_UNITED_NATIONS_DESC">
      <Text>Daha çok Aziz Petrus Bazilikasi olarak bilinen Basilica Papale di San Pietro in Vaticano, Vatikan'da bulunan ve dünyadaki Hristiyan kiliseleri arasinda en genis iç mekana sahip olan bir geç Rönesans kilisesidir. MS 64 yilinda havari Petrus'un gömüldügü varsayilan yere birkaç yil sonra bir tapinak insa edilmistir. Tapinagin yerine insa edilen "eski" Aziz Petrus Kilisesi'nin yapimina Imparator Konstantin tarafindan MS 319 ile 333 yillari arasinda baslanmistir. Yüzyillar içinde ciddi bir bakima muhtaç hale gelen eski kiliseyi yikip yerine anitsal bir yapi insa etmeye karar veren Papa Julius II, 1505 yilinda bu insaat projesini 120 yil boyunca art arda papalar ve mimarlar döneminde sürdürmüstür. Bu devasa projeyi finanse etmek için bazi papalar, kismen Martin Luther'in protestan hareketine yol açan bir uygulama olan hosgörülerin toptan satisina izin verdi. Michelangelo, Raphael, Bramante, Bernini ve digerleri gibi Rönesans'in önde gelen isimlerinin eserleriyle kilise bugün Bati medeniyetinin en büyük hazinelerinden biri olarak ayakta durmaktadir.</Text>
    </Row>
    <Row Tag="TXT_KEY_MEDIEVAL_SCENARIO_EO_DIPLOMACY_AND_UN_VOTE">
      <Text>Diplomasi[NEWLINE][NEWLINE]{1_Num} Kutsal Roma Imparatoru oylamasindan önce döner.</Text>
    </Row>
    <Row Tag="TXT_KEY_MEDIEVAL_SCENARIO_DIPLO_VOTE">
      <Text>HRE OYU</Text>
    </Row>
    <Row Tag="TXT_KEY_MEDIEVAL_SCENARIO_DIPLO_VOTE_TT">
      <Text>Bir sonraki Kutsal Roma Imparatoru'nu seçmek için oy kullanmalisiniz!!!</Text>
    </Row>
    <Row Tag="TXT_KEY_MEDIEVAL_SCENARIO_POP_UNITED_NATIONS_VOTE">
      <Text>Kutsal Roma Imparatoru oylamasi!</Text>
    </Row>
    <Row Tag="TXT_KEY_MEDIEVAL_SCENARIO_POP_UN_ELEC_RESULTS">
      <Text>Kutsal Roma Seçim Sonuçlari</Text>
    </Row>
    <Row Tag="TXT_KEY_MEDIEVAL_SCENARIO_HRE_WINNER">
      <Text>Kutsal Roma {1: gender feminine?Empress  other?Emperor }'dir: {1_LeaderName}</Text>
    </Row>
    <Row Tag="TXT_KEY_MEDIEVAL_SCENARIO_NO_HRE_WINNER">
      <Text>Kutsal Roma Imparatoru seçilemedi (oylar esit çikti).</Text>
    </Row>
    <Row Tag="TXT_KEY_MEDIEVAL_SCENARIO_VP_DIPLO_PROJECT_BUILT_BY">
      <Text>Seçim kazanmak senaryoyu sona erdirmez.</Text>
    </Row>
    <Row Tag="TXT_KEY_MEDIEVAL_SCENARIO_VICTORY_DIPLOMATIC">
      <Text>Kutsal Roma Seçimleri</Text>
    </Row>
    <Row Tag="TXT_KEY_MEDIEVAL_SCENARIO_VP_DIPLO_VOTES_NEEDED">
      <Text>Vatikan Sehri fazladan 1 oy aldi</Text>
    </Row>
    <Row Tag="TXT_KEY_MEDIEVAL_SCENARIO_HAVE_FOUNDER_BELIEFS">
      <Text>Kutsal Sehir\Kudüs'ün kontrolü yoluyla Kurucu Inançlarin faydalarinin alinmasi.</Text>
    </Row>
    <Row Tag="TXT_KEY_MEDIEVAL_SCENARIO_NEED_FOUNDER_BELIEFS">
      <Text>Kurucu Inanç avantajlarindan faydalanmak için Kutsal Sehir\Kudüs'ün kontrolünü ele geçirmeniz gerekir.</Text>
    </Row>
    <Row Tag="TXT_KEY_MEDIEVAL_SCENARIO_CARAVEL">
      <Text>Bir {@1_UnitName} Yeni Dünya'ya dogru yola çikti! Bu kesif basarisi için {2_VPAmount} alacaksiniz Zafer Puanlari. {3_NumRemaining} daha fazla sefer(ler) kesif VP'si alabilir.</Text>
    </Row>
    <Row Tag="TXT_KEY_MEDIEVAL_SCENARIO_CONQUISTADOR">
      <Text>Bir {@1_UnitName} Yeni Dünya'ya dogru yola çikti! Bu Yeni Dünya fethi basarisi için {2_GoldAmount} [ICON_GOLD] Altin ve {3_VPAmount} Zafer Puanlari.</Text>
    </Row>
    <Row Tag="TXT_KEY_MEDIEVAL_SCENARIO_OTHER_CARAVEL">
      <Text>{@1_PlayerName} Yeni Dünya'ya bir kesif gezisi gönderdi! Bu kesif basarisi için {2_VPAmount} aldilar. Zafer Puanlari. {3_NumRemaining} daha fazla sefer(ler) kesif VP'si alabilir.</Text>
    </Row>
    <!--Scenario-specific diplo modifiers-->
    <Row Tag="TXT_KEY_MEDIEVAL_SCENARIO_SPECIFIC_DIPLO_STRING_1">
      <Text>Sen farkli bir dine mensupsun.</Text>
    </Row>
    <Row Tag="TXT_KEY_MEDIEVAL_SCENARIO_SPECIFIC_DIPLO_STRING_2">
      <Text>Kutsal Sehri onlarin dini için fethettiniz!</Text>
    </Row>
    <Row Tag="TXT_KEY_MEDIEVAL_SCENARIO_SPECIFIC_DIPLO_STRING_3">
      <Text>Kutsal Sehri onlarin dini için özgürlestirdiniz!</Text>
    </Row>
    <!-- Popup messages -->
    <Row Tag="TXT_KEY_MEDIEVAL_SCENARIO_FIRST_REFORMER">
      <Text>Mütevazi bir kesis olan Martin Luther, Katolik kilisesinin suiistimallerinden sikayet eden 95 Tez'i yayinladi. Yazilari {@1_CityStateName} firtina gibi esti ve yeni din Protestanliga dönüstü. Luther'in inançlari kök salacak mi?</Text>
    </Row>
    <Row Tag="TXT_KEY_MEDIEVAL_SCENARIO_SECOND_REFORMER">
      <Text>Ikinci bir reformcu olan Ulrich Zwingli vaaz vermeye basladi ve {@1_CityStateName} halkini Protestanliga döndürdü. Dikkatli olun -- onun kutsal metinlere getirdigi reformcu yorumlar hizla yayiliyor!</Text>
    </Row>
    <Row Tag="TXT_KEY_MEDIEVAL_SCENARIO_THIRD_REFORMER">
      <Text>Üçüncü bir reformcu olan John Calvin vaaz vermeye baslamis ve {@1_CityStateName} halkini dönüstürmüstür. Calvin'in yazilari Protestan topluluklar kurmak için sistematik bir plan sunmaktadir. Katoliklige yönelik bu meydan okuma durdurulabilir mi?</Text>
    </Row>
    <Row Tag="TXT_KEY_MEDIEVAL_SCENARIO_YOU_ADOPTED_PROTESTANTISM">
      <Text>Sehirlerinizin yarisindan fazlasi Protestanligin reform inançlarini takip ediyor. Uygarliginiz bundan böyle Protestan olarak kabul edilecektir. Kontrol edeceginiz yeni Kutsal Sehir {@1_HolyCityName}.</Text>
    </Row>
    <Row Tag="TXT_KEY_MEDIEVAL_SCENARIO_OTHER_ADOPTED_PROTESTANTISM">
      <Text>{@1_PlayerName} Protestanliga geçmistir.</Text>
    </Row>
    <Row Tag="TXT_KEY_MEDIEVAL_SCENARIO_NEW_ORTHODOX_HOLY_CITY">
      <Text>{@1_OldHolyCityName} ele geçirilmistir. Yeni Ortodoks Kutsal Sehri {@2_NewHolyCityName}'tür.</Text>
    </Row>
    <Row Tag="TXT_KEY_MEDIEVAL_SCENARIO_NO_ORTHODOX_CITIES">
      <Text>{@1_OldHolyCityName} ele geçirildi, ancak baska Ortodoks sehri yok, bu nedenle {@1_OldHolyCityName} Kutsal Sehir olarak kaldi.</Text>
    </Row>
    <Row Tag="TXT_KEY_MEDIEVAL_SCENARIO_VP_CITY_CAPTURE">
      <Text>{1_CivName:textkey} gol atti {2_VP} {@3_CityName} (nüfusu {4_Population} olan rakip bir dine mensup bir sehir) ele geçirdikleri için VP.</Text>
    </Row>
    <Row Tag="TXT_KEY_MEDIEVAL_SCENARIO_VP_CITY_CAPTURE_HUMAN">
      <Text>{1_VP} puan aldiniz {@2_CityName} (nüfusu {3_Population} olan rakip bir dine ait bir sehir) ele geçirdiginiz için VP.</Text>
    </Row>
    <Row Tag="TXT_KEY_MEDIEVAL_SCENARIO_VP_HOLY_CITY_CAPTURE">
      <Text>{1_CivName:textkey} gol atti {2_VP} {@3_CityName} (nüfusu {4_Population} olan rakip bir dinin Kutsal Sehri) ele geçirdikleri için VP.</Text>
    </Row>
    <Row Tag="TXT_KEY_MEDIEVAL_SCENARIO_VP_HOLY_CITY_CAPTURE_HUMAN">
      <Text>{1_VP} puan aldiniz {@2_CityName} ({3_Population} nüfuslu rakip bir dinin Kutsal Sehri) ele geçirdiginiz için VP.</Text>
    </Row>
    <!-- Techs -->
    <Row Tag="TXT_KEY_TECH_EXPLORATION_TITLE">
      <Text>Kesif</Text>
    </Row>
    <Row Tag="TXT_KEY_TECH_EXPLORATION_QUOTE">
      <Text>[NEWLINE][TAB][TAB] "Kesfetmekten vazgeçmeyecegiz ve tüm kesiflerimizin sonu, basladigimiz yere varmak ve orayi ilk kez tanimak olacak."[NEWLINE][TAB][TAB] - T. S. Eliot[NEWLINE][TAB]</Text>
    </Row>
    <Row Tag="TXT_KEY_TECH_EXPLORATION_HELP">
      <Text>Büyük bir Yeni Dünya kesif seferini temsil eden pahali bir deniz birimi olan [COLOR_POSITIVE_TEXT]Karavel[ENDCOLOR] insa etmenizi saglar. Bunlari insa edin ve VP kazanmak için bati harita kenarina dogru yelken açin.</Text>
    </Row>
    <Row Tag="TXT_KEY_TECH_EXPLORATION_DESC">
      <Text>Rönesans Kesif Cagi, Denizci Henry'nin önderliginde Portekizliler tarafindan baslatildi. Karavel'e güvenen Portekizliler, Afrika'nin bati kiyisindan güneye dogru ilerleyerek sonunda Ümit Burnu'nu dolasip Hint Okyanusu'na ulastilar. Kristof Kolomb'un 1492'deki yolculuguna gelindiginde, odak noktasi Cin ve Hint Adalari'nin zenginliklerine giden bir bati rotasi bulmak olarak degismisti. Ispanya sonraki yarim yüzyil boyunca liderligi ele geçirecek, dünyanin çevresini ilk kez dolasmayi (Ferdinand Magellan'in önderlik ettigi -ama hayatta kalamadigi- bir yolculukla) ve Amerika'daki yerli uygarliklarin çogunu fethetmeyi basaracakti.</Text>
    </Row>
    <Row Tag="TXT_KEY_TECH_HUMANISM_TITLE">
      <Text>Hümanizm</Text>
    </Row>
    <Row Tag="TXT_KEY_TECH_HUMANISM_QUOTE">
      <Text>[NEWLINE][TAB][TAB] "Isik verin, karanlik kendiliginden yok olacaktir."[NEWLINE][TAB][TAB] - Desiderius Erasmus [NEWLINE][TAB]</Text>
    </Row>
    <Row Tag="TXT_KEY_TECH_HUMANISM_HELP">
      <Text>[COLOR_POSITIVE_TEXT] Opera Binasi[ENDCOLOR] insa etmenizi saglar, bu da [ICON_CULTURE] Kültür için büyük bir destek saglar. Protestan Reformunun baslamasi için en az bir uygarligin Hümanizmi arastirmis olmasi gerekir.</Text>
    </Row>
    <Row Tag="TXT_KEY_TECH_HUMANISM_DESC">
      <Text>Rönesans Hümanizmi, 14. ve 15. Yüzyil Avrupa'sinda ortaya çikan kültürel ve egitimsel bir reformdu. Hümanistler günümüzde "beseri bilimler" olarak adlandirilan felsefe, tarih, dil ve din gibi konularin çalisilmasini tesvik etmeye çalismislardir. Hümanistlerin basinda, Yeni Ahit'in Latince ve Yunanca çevirileri Protestan Reformu'nun gelisimini etkileyen Desiderius Erasmus geliyordu.</Text>
    </Row>
    <!-- Unique units and buildings -->
    <Row Tag="TXT_KEY_MEDIEVAL_SCENARIO_UNIT_HELP_MUSLIM_CAVALRY">
      <Text>Güçlü Ortaçag Atli Birimi, Mizraklilara karsi zayif. Sadece Eyyubiler insa edebilir. Bu Birim, yerini aldigi Sövalyenin aksine Sehirlere saldirirken cezalandirilmaz.</Text>
    </Row>
    <Row Tag="TXT_KEY_MEDIEVAL_SCENARIO_UNIT_SONGHAI_MUSLIMCAVALRY_STRATEGY">
      <Text>Bu, Sövalye'nin yerini alan Eyyubilere özgü bir birimdir. Bu birim Sövalye ile ayni istatistiklere sahiptir, ancak sehirlere saldirmada önemli ölçüde daha iyidir. Memlük saldirdiktan sonra hareket edebilir. Hizi, Memlük hedefe ulasmadan önce düsmanin bir savunma hatti kurmasini zorlastirir.</Text>
    </Row>
    <Row Tag="TXT_KEY_UNIT_WELSH_LONGBOWMAN_STRATEGY">
      <Text>Galli Uzunyayci, Arbaletçinin yerini alan benzersiz bir Kelt birimidir. Galler Uzunyaycisi, Arbaletçiden daha genis bir menzile sahiptir ve üç altigen ötedeki düsmanlara saldirarak genellikle onlar karsilik veremeden onlari yok eder. Diger menzilli birimler gibi yakin dövüs saldirilarina karsi savunmasizdir.</Text>
    </Row>
    <Row Tag="TXT_KEY_MEDIEVAL_SCENARIO_UNIT_CARAVEL_STRATEGY">
      <Text>Bu senaryoda, bir Karavel insa etmek Yeni Dünya kesfi için büyük bir yolculugu finanse etmeyi temsil eder. Insa edildikten sonra, Karavel'i kaybolacagi (ama size VP kazandiracagi) bati harita kenarina dogru yelken açin.</Text>
    </Row>
    <Row Tag="TXT_KEY_MEDIEVAL_SCENARIO_UNIT_AUSTRIAN_HUSSAR_STRATEGY">
      <Text>Hussarlar harika gözcüler ve kanat saldirganlaridir. Yerini aldiklari Mizrakli Süvari'den biraz daha güçlü ve hizlidirlar. Onlara +1 Görüs saglayan ve Yan Saldiri yaparken bonuslarini 50%. artiran Terfilerle baslarlar.</Text>
    </Row>
    <Row Tag="TXT_KEY_MEDIEVAL_SCENARIO_UNIT_RUSSIAN_COSSACK_STRATEGY">
      <Text>Kazak, Lancer'in yerini alan Ruslara özgü bir birimdir. Mizrakli Süvarilerden daha güçlüdürler ve hasarli birimlerle savasirken güçlü bir savas bonusu alirlar. Bu, Kazaklari karsi saldirida son derece güçlü kilar - düsmanin ön saflardaki köylüleri çignemesine izin verin, ardindan zayif düsmani bir Kazak hücumuyla parçalayin!</Text>
    </Row>
    <Row Tag="TXT_KEY_MEDIEVAL_SCENARIO_UNIT_HELP_CARAVEL">
      <Text>Rönesans deniz kesif birimi. VP kazanmak için onlari bati harita kenarina tasiyin. Bir deniz yakin muharebe birimi olarak savasir.</Text>
    </Row>
    <Row Tag="TXT_KEY_MEDIEVAL_SCENARIO_CIV5_SPAIN_CONQUISTADOR_HELP">
      <Text>Denizasiri ülkelerde kesif ve kolonilesme konusunda uzmanlasmis Ortaçag Dönemi birimi. Sadece Ispanya insa edebilir. Kesif arastirmasindan sonra, Yeni Dünya VP'si ve [ICON_GOLD] Altin için bati harita kenarina 3 Fetihçi gönderebilirler. Sövalye'nin yerini alir.</Text>
    </Row>
    <Row Tag="TXT_KEY_MEDIEVAL_SCENARIO_CIV5_SPAIN_CONQUISTADOR_STRATEGY">
      <Text>Conquistador hem karada hem de denizde güçlü olan çok amaçli bir birimdir. Sövalye'nin yerini alan bu birim, karada ekstra görüs kabiliyetine sahip olaganüstü bir gözcüdür. Ayrica yeni sehirler kurma yetenegine de sahiptir, ancak yalnizca Ispanyol baskentini içermeyen yabanci bir kitada. Conquistador suda, deniz birliklerine karsi kendini savunmasini saglayan savunma amaçli gemiye binme terfisine sahiptir. Ayrica Sövalye'nin aksine sehirlere saldirirken herhangi bir ceza almaz. Kesif arastirmasindan sonra Ispanya, Yeni Dünya VP'si ve [ICON_GOLD] Altin karsiliginda bati harita kenarina 3 Fetihçi gönderebilir.</Text>
    </Row>
    <Row Tag="TXT_KEY_UNIT_HELP_WELSH_LONGBOWMAN">
      <Text>Ortaçag menzilli piyade birimi. Sadece Keltler insa edebilir. Bu Birim, Arbaletçiye kiyasla 1 ek menzile sahiptir, ancak biraz daha zayiftir. Bu Birim engebeli arazide düzmüs gibi hareket edebilir.</Text>
    </Row>
    <Row Tag="TXT_KEY_BUILDING_STAVE_CHURCH_STRATEGY">
      <Text>Civili Kilise bir sehrin [ICON_PEACE] Inancini artirarak dinleri bulma ve yayma hizinizi artirir. Civili Kilise insa edilmeden önce sehirde bir Tapinak bulunmalidir. Civili Kilise'nin bakim maliyeti yoktur ve insa edilmesi, yerine geçtigi Tapinagin yarisi kadar zaman alir.</Text>
    </Row>
    <Row Tag="TXT_KEY_CIV5_BUILDINGS_STAVE_CHURCH_TEXT">
      <Text>Citali kiliseler, Vikinglerin Hiristiyanligi kabul etmelerinden sonra Ortaçag Iskandinavya'sinda bulunan ahsap, direkli ve kirisli yapilardir.  Sadece Isveç'te, en eskisi 1100'lerin ortalarina tarihlenen 1000'den fazla çitali kilise insa edildigi tahmin edilmektedir. Dini islevlerinin yani sira, çitali kiliseler genellikle toplanti salonlari, kültür merkezleri, adliye binalari ve hatta pazar yerleri olarak hizmet vermistir. Ilk çitali kiliseler, agir kar yagisindan korunmak için dik egimli çatilari olan parmaklikli yapilardi. Kiliselerde, genellikle Hiristiyan tasarimli, ancak zaman zaman Hiristiyanlik öncesi kahramanlari ve mitleri tasvir eden özenli ahsap oymalar vardi. Daha sonralari sadece köse direkleri topraga oturtulmus ve iskelet tahta ile kaplanmistir. Su anda ikisi Norveç'te olmak üzere 30 çitali kilise ayakta kalmistir.</Text>
    </Row>
    <Row Tag="TXT_KEY_BUILDING_CHATEAU_STRATEGY">
      <Text>Sato, sehrin Savunma Gücünü artiran Ortaçag döneminden kalma bir yapidir. Satonun insa edilebilmesi için sehrin Surlara sahip olmasi gerekir. Bir Sato, yerini aldigi Kaleden daha pahalidir, ancak sehre [ICON_CULTURE] Kültür de saglar.</Text>
    </Row>
    <Row Tag="TXT_KEY_CIV5_BUILDINGS_CHATEAU_TEXT">
      <Text>Sato, genellikle surlari olmayan bir malikane veya soylularin kir evidir. Orta Cag'da bir sato, lordun demesne'si (kalitsal topraklar) tarafindan desteklendigi için büyük ölçüde kendi kendine yeterliydi. Cogunlukla genis bir alana yayilan binada kapi evi, mutfaklar, ahirlar, bira fabrikalari, firinlar, depolar, hizmetli odalari, sanat galerileri, balo salonlari, kütüphaneler ve ailenin yasam alanlari bulunurdu. Bunlar, Yasli Pliny, Maecenas ve imparator Tiberius gibi Galya'daki Romali soylularin tercih ettigi açik villalardan evrilmistir. Fransa'daki kentsel esdegeri, bir sehirdeki büyük bir ev olan palais idi. Örnegin Paris'te Louvre ve Luxembourg aslinda birer satoydu ancak sehir etraflarinda büyüdükçe bu statülerini kaybederek saraylara dönüstüler.</Text>
    </Row>
    <Row Tag="TXT_KEY_BUILDING_CHATEAU_HELP">
      <Text>Sehrin duvarlari olmali.</Text>
    </Row>
    <Row Tag="TXT_KEY_BUILDING_MADRASAH_STRATEGY">
      <Text>Medrese Ortaçag döneminden kalma bir binadir. Sehrin bilim üretimini artirir ve sehir orman karolarina yakinsa daha da etkili olur. Medrese insa edebilmek için sehrin halihazirda bir Kütüphaneye sahip olmasi gerekir. Ayrica, yerini aldigi Üniversiteden farkli olarak [ICON_PEACE] Inanç saglar.</Text>
    </Row>
    <Row Tag="TXT_KEY_CIV5_BUILDINGS_MADRASAH_TEXT">
      <Text>"Medrese" Arapça'da her tür egitim kurumu için kullanilir  dini bir bileseni olmasina ragmen medreseler genellikle sekülerdir ve ilkögretimden yüksek ögrenime kadar her seyi kapsayabilir. Genellikle bir camiyle baglantili olan medreseler tip, hukuk, bilim, felsefe veya kadinlarin egitimi gibi alanlarda da uzmanlasabilirdi. Ilk medrese olan Gama'at al-Qarawiyyn, MS 859 yilinda zengin bir tüccarin kizi olan Fatima al-Fihri tarafindan kurulmustur. Fatimi, Eyyubi ve Memlük hanedanlarinin yönetimi sirasinda, yönetici, zengin elitlerin medreselere sponsor olma uygulamasi Misir ve Orta Dogu'ya yayildi. Ilk Osmanli medresesi MS 1331 yilinda Iznik'te kurulmus ve Sünni Islam geleneklerini takip etmistir. Türklerin ve Araplarin medreseleri, Avrupa Karanlik Cag'i yasarken, Bati'nin en iyi bilgisini canli tutacak ve Dogu'nunkiyle harmanlayacakti.</Text>
    </Row>
    <Row Tag="TXT_KEY_BUILDING_MADRASAH_HELP">
      <Text>Bu Sehir tarafindan islenen Orman karolarindan +2 [ICON_RESEARCH] Bilim.[NEWLINE][NEWLINE]Sehrin bir Kütüphanesi olmalidir.</Text>
    </Row>
    <!-- Unit and building overrides -->
    <Row Tag="TXT_KEY_MEDIEVAL_SCENARIO_WONDER_HAGIA_SOPHIA_HELP">
      <Text>Bu sehirde dogan tüm Misyonerler dini üç kez yayabilir. Insa edildigi sehirde ücretsiz bir Tapinak saglar.</Text>
    </Row>
  </Language_en_US>
</GameData>