﻿<?xml version="1.0" encoding="utf-8"?>
<!-- edited with XMLSPY v2004 rel. 2 U (http://www.xmlspy.com) by Scott Lewis (Firaxis Games) -->
<GameData>
  <Language_en_US>
    <Row Tag="TXT_KEY_FOR_SCENARIO_CIV5_DAWN_TEXT">
      <Text>SENARYO ACIKLAMASI[NEWLINE]Artik Bati ve Dogu olarak ikiye bölünmüs olan Roma Imparatorlugu, neredeyse bin yildir bilinen dünyayi yönetmektedir. Ancak MS 4. yüzyilda, Roma'nin gücü azalirken imparatorlugun sinirlari kendi kralliklarini kuran barbar liderler tarafindan istila ediliyor. Bu sirada kuzeydoguda büyük bir firtina kopuyor ve Attila ile Hunlari ezici bir yagma ve fetih dalgasi baslatiyor. Tarafinizi seçin, cesaretinizi toplayin ve tarihin gelecek bin yilina karar vermek için savasin.[NEWLINE][NEWLINE]ZAFER KOSULLARI[NEWLINE]Zafer, üç imparatorlugun sehirlerini kontrol etmek etrafinda dönüyor: Bati Roma, Dogu Roma ve Sasani Persi. Imparatorluklar her turda her imparatorluk sehrinin kontrolü için zafer puani kazanir (Sasaniler %50 daha fazla alir). Barbar medeniyetler, bir imparatorluk tarafindan kontrol edilen sehirleri ele geçirdiklerinde zafer puani kazanirlar. Daha büyük sehirler daha fazla puan degerindedir. Zafer, 70 tur sonunda en fazla zafer puanina sahip olan medeniyete gider.[NEWLINE][NEWLINE]ÖZEL KURALLAR[NEWLINE]Barbar medeniyet kontrolü altindaki birimlerin birim bakimi yoktur. Roma Imparatorluklari bina satamaz. Oyunda üç ayri Sosyal Politika agaci mevcuttur. Bir tanesi sadece Dogu ve Bati Roma Imparatorluklari için, bir tanesi sadece Sasaniler için ve bir tanesi de Barbar güçler için mevcuttur. Roma politika agaci tersten çalisir, seçilen her politika için fayda yerine ceza alirsiniz.</Text>
    </Row>
    <Row Tag="TXT_KEY_FOR_SCENARIO_TITLE">
      <Text>Roma'nin Düsüsü</Text>
    </Row>
    <Row Tag="TXT_KEY_FOR_SCENARIO_DESC">
      <Text>Roma'yi barbar kabilelerin saldirisindan koruyun ya da kendiniz yikip yeni bir krallik kurmaya çalisin!</Text>
    </Row>
    <Row Tag="TXT_KEY_FOR_SCENARIO_CIV_ROME_HEADING_1">
      <Text>Tarih</Text>
    </Row>
    <Row Tag="TXT_KEY_FOR_SCENARIO_CIV_ROME_TEXT_1">
      <Text>Sinirlar boyunca onlarca yil süren savaslar ve ekonomik krizlerin ardindan, MS 293 yilinda Imparator Diocletianus Roma Imparatorlugu için yeni bir idari sistem olusturdu. Ikili bir imparatorluk olusturarak bati kismini denetlemesi için Maximian'i seçti. Diocletianus ve Maximianus'un tahttan çekilmesi üzerine 330 yilinda Büyük Konstantin "ikinci Roma" olarak Konstantinopolis'i kurdu. I. Theodosius bölünmemis bir imparatorlugu yöneten son kisiydi  395'teki ölümünün ardindan imparatorluk yönetimini iki ogluna, Dogu'da Arcadius'a ve Bati'da Honorius'a miras birakti. [NEWLINE][NEWLINE] Dogu Imparatorlugu ile karsilastirildiginda Bati'daki Roma daha az nüfusluydu, kültürel ve siyasi olarak parçalanmisti, sinirlarini korumak için agir vergilendirme nedeniyle ekonomisi darmadagin olmustu ve barbarlar tarafindan kusatilmisti. MS 402'de idari baskent Ravenna'ya tasindi, ancak ekonomik ve kültürel merkez Roma'nin kendisi olarak kaldi. 4. yüzyila kadar ordusu kuzey Galya'da ve Ren Nehri boyunca yogunlasmisti, ancak askeri kaynaklarin giderek Italya'nin güvenligini saglamak için yönlendirilmesi gerekti ve bu da Britanya, Galya, kuzey Afrika ve Germanya'da daha fazla isyan ve iç savasa yol açti. [NEWLINE] [NEWLINE] Honorius'u takip eden gaspçilar ve vasat imparatorlar döngüsünde, merkezi güç asindi ve Roma eyaletlerinin kontrolünü yavas yavas kaybetti. Gotlar ve Vandallar gibi barbar kavimlerin göçü yeni müsteri kralliklari ortaya çikarirken, Iberya ve Galya bölgelerinde Roma kurumlari çöktü. Vandallarin Afrika'yi fethetmesiyle imparatorluk Bati Akdeniz'in kontrolünü kaybederek ticaretin ve daha da önemlisi Italya'ya yapilan hayati önemdeki tahil sevkiyatinin düsüsünü hizlandirdi. Bu arada Hunlar MS 444'te Attila'nin yönetiminde birlesti ve Attila derhal Bati Roma'yi istila ederek 453'teki ölümüne kadar ortaligi kasip kavurdu.[NEWLINE][NEWLINE] Sonraki 20 yil boyunca Roma bir dizi iç savas yasadi ve Germen kökenli Romali general Odoacer'in MS 476'da Bati Roma'nin son imparatoru Romulus Augustus'u tahttan indirmesiyle doruga ulasti. Dogu Imparatoru Zeno, Odoacer'in "Italya Kralligi "ni tanimis olsa da, Bizanslilar 489 yilinda Ostrogotlar tarafindan gerçeklestirilen bir istilayi destekledi. Ostrogotlarin lideri Theodoric, kuvvetlerini Mart 493'te Roma'ya soktu ve birlikte yemek yedikleri sirada Odoacer'i öldürdü. Roma'nin batidaki düsüsü tamamlanmisti. Bati Roma Imparatorlugu, 6. yüzyilda Bizans tarafindan kisa bir süre yeniden fethedilmesine ragmen bir daha geri dönemedi.</Text>
    </Row>
    <Row Tag="TXT_KEY_FOR_SCENARIO_LEADER_HONORIUS_NAME">
      <Text>Honorius</Text>
    </Row>
    <Row Tag="TXT_KEY_FOR_SCENARIO_LEADER_HONORIUS_SUBTITLE">
      <Text>Bati Roma Imparatorlugu Imparatoru</Text>
    </Row>
    <Row Tag="TXT_KEY_FOR_SCENARIO_LEADER_HONORIUS_LIVED">
      <Text>MS 384 - 423</Text>
    </Row>
    <Row Tag="TXT_KEY_FOR_SCENARIO_LEADER_HONORIUS_HEADING_1">
      <Text>Tarih</Text>
    </Row>
    <Row Tag="TXT_KEY_FOR_SCENARIO_LEADER_HONORIUS_TEXT_1">
      <Text>Honorius (MS 384-423) Roma Imparatoru I. Theodosius'un küçük ogluydu. 395 yilinda Theodosius öldügünde, imparatorlugu doguda oglu Arcadius ve batida sekiz yasindaki Honorius arasinda paylastirdi. Baslangiçta Honorius'un vasisi, daha sonra kayinpederi olan yetenekli general Stilicho'nun destegi bir ölçüde istikrar getirmis olsa da, hükümdarligi kaotikti. Honorius'un saltanati, bir yüzyil içinde tamamen çökecek olan Bati Roma'nin sonunun baslangici olarak görülmektedir. [NEWLINE][NEWLINE]Honorius, Galya, Iberya, Kuzey Afrika ve Italya'da neredeyse sürekli barbar akinlari ve isyanlariyla bogusuyordu. Ilk kriz Afrika'da iki yil süren ve sonunda Stilicho tarafindan bastirilan bir isyandi. Hemen ardindan krallari I. Alaric yönetimindeki Vizigotlarin Italya'yi istilasi geldi. Stilicho geri döndü ve MS 406'da onlari yenmek için Britanya lejyonlarini çagirdi. Ayni yil Ostrogotlar, Alanlar ve Vandallardan olusan muazzam bir kalabalik donmus Ren Nehri'ni geçerek Galya'ya girdi. Bunun üzerine 410 yilinda Britanya tamamen terk edildi ve daha önce orada bulunan lejyonlar Ren Nehri'ni baska istilalara karsi tutmak için kullanildi. Bu arada Honorius, Vizigotlar yaklasirken Roma'dan kaçti ve geri çekilmeden önce 410 yilinda sehri yagmaladi.[NEWLINE][NEWLINE]Honorius, saltanatinin son yillarinda Roma topraklarini çesitli barbar kabilelere vermek zorunda kaldi. 418'de imzalanan bir antlasmayla Vizigotlarin güneybati Galya'da bir krallik kurmalarina ve buradan Iberya'daki Roma topraklarina yayilmalarina izin verildi. Kuzey Galya'da görünüste Honorius'un yönetimi altinda ama gerçekte Salian Frank'i Chlodio tarafindan yönetilen bir Frank müsteri devleti kuruldu. Honorius'un ölümüyle birlikte Bati Roma Imparatorlugu'nun büyük bir kismi barbarlarin kontrolü altina girmis, Britanya, Fransa ve Ispanya'daki ortaçag kralliklarinin temelleri atilmisti. Ancak imparatorlugun çekirdegini saglam tutmayi basarmisti. Honorius 423 yilinin Agustos ayinda ödemden öldü ve ardinda bir varis birakmadi. Ertesi yil Dogu Roma Imparatoru Theodosius II, kuzeni Valentinianus III'ü batidaki yeni imparator olarak atadi.</Text>
    </Row>
    <Row Tag="TXT_KEY_FOR_SCENARIO_CIV_BYZANTIUM_HEADING_1">
      <Text>Tarih</Text>
    </Row>
    <Row Tag="TXT_KEY_FOR_SCENARIO_CIV_BYZANTIUM_TEXT_1">
      <Text>MS 293 yilinda Imparator Diocletianus hantal Roma Imparatorlugu için yeni bir idari sistem olusturdu. Bir es-Augustus yaratarak Maximian'i dogu kismini denetlemesi için seçti. Diocletianus ve Maximianus'un tahttan çekilmesi üzerine I. Konstantin Roma topraklarini resmen paylastirdi ve MS 330 yilinda "ikinci Roma" olarak Konstantinopolis'i kurdu. Iki Roma ilkesi o kadar saglam bir sekilde yerlesmisti ki, I. Theodosius 395'te öldügünde imparatorluk yönetimini her iki ogluna, Dogu'da Arcadius'a ve Bati'da Honorius'a miras birakti. Büyük Theodosius, bölünmemis bir imparatorlugu yöneten son kisiydi. [NEWLINE][NEWLINE] Genellikle Bizans Imparatorlugu olarak adlandirilan Dogu Roma, güney Balkanlari, tüm Anadolu ve Misir'i ve Levant'in çogunu kapsiyordu. MS 3. ve 4. yüzyillarda Bati Roma'yi rahatsiz eden kargasa ve savaslarin çogundan, büyük ölçüde birbiri ardina gelen yetenekli imparatorlar, daha yerlesik bir kent kültürü ve daha büyük mali kaynaklar sayesinde kurtuldu. Bu sonuncusu, Bizans imparatorlarinin barbar istilacilari haraçla yatistirmasina ve çok sayida parali asker tutmasina olanak saglamistir. [NEWLINE][NEWLINE] Kapsamli ticaretin getirdigi zenginlik ve beceriler, Theodosius II'nin 400'lerin ilk on yillarinda Konstantinopolis'in surlarini genisletmesine ve daha da güçlendirmesine izin vererek sehri neredeyse geçirimsiz hale getirmistir (surlar MS 1204 yilina kadar asilamamistir). Bizans'in zenginligi Theodosius'un Attila'yi satin almasina ve onu batiya yönlendirmesine de olanak saglamistir. Theodosius'un halefi Marcian yillik fahis haraci ödemeyi reddetti ve Hun Imparatorlugu kisa süre sonra Attila'nin 453'teki ölümüyle çöktü. Gerçekten de, hayatta kalan Hunlarin çogu Dogu Roma'nin Sasaniler ve Araplarla daha sonra yaptigi savaslarda parali asker olarak hizmet edecekti.[NEWLINE][NEWLINE]Attila'nin ölümünden sonra, dogu imparatorlugu uzun bir baris ve iç istikrar dönemi yasarken, bati imparatorlugu istila ve kaos içinde çöktü. Batida Roma'nin sonu genellikle Odoacer'in Romulus Augustus'u tahttan indirdigi MS 476 yilina tarihlendirilir. Bizans Imparatoru Zeno, batiyi geri almalari için krallari Theodoric yönetimindeki Ostrogotlari kiraladi. Theodoric kuvvetlerini Italya'ya götürdü ve Odoacer'i tahttan indirerek kendi Italya Kralligini kurdu. Ostrogotlari Italya ve Roma'yi fethetmeye tesvik ederek ve Theodoric ile dostane iliskiler sürdürerek Zeno hem Dogu Roma'yi asi bir tehditten kurtarmis hem de Bati Roma üzerinde nominal bir üstünlük elde etmisti.</Text>
    </Row>
    <Row Tag="TXT_KEY_FOR_SCENARIO_CIV_PERSIA_HEADING_1">
      <Text>Tarih</Text>
    </Row>
    <Row Tag="TXT_KEY_FOR_SCENARIO_CIV_PERSIA_TEXT_1">
      <Text>Islam öncesi son Pers imparatorlugu olan Sasaniler MS 224'ten 651'e kadar hüküm sürmüstür. I. Ardesir tarafindan kurulan imparatorluk, zirveye ulastigi dönemde modern Irak, Iran, Afganistan, Suriye, Kafkaslar, Arabistan ve Pakistan'in bazi bölgeleri, Basra Körfezi ve Türkiye'nin bir kismini kapsiyordu. V. Behram (MS 421-438) ve haleflerinin yönetimindeki ilk altin çaginda güç ve nüfuz bakimindan Roma ve Bizans'a rakip olmustur. Imparatorluk, bir dizi Arap istilasi son imparator Yezdegerd III'ü devirene kadar varligini sürdürmüstür[NEWLINE][NEWLINE]Part Imparatorlugu'nun çöküsünü ve Sasani Imparatorlugu'nun yükselisini efsane ve çeliskili tarihsel anlatilar örtmektedir. Sasani egemenligi, bir rahip soyundan geldigi söylenen Ardasir'in valiligi altindaki Pers eyaletinin baskenti Istakhr'da baslamis gibi görünmektedir. Part yönetiminin genel çöküsünde, acimasiz Ardasir rakiplerini (kardesleri de dahil) öldürdü, kendini Sahansah ("Krallarin Krali") ilan etti ve komsu eyaletlerdeki isyanlari bastirdi. Oglu I. Sapur genislemeye devam ederek Ermenistan, Baktriya ve yeni dogmakta olan Kusan Imparatorlugu'nun büyük bir kismini ele geçirdi ve hatta Roma'ya karsi birkaç sefer düzenledi. [NEWLINE] [NEWLINE] Sapur'un ölümünden V. Behram'a kadar imparatorluk kademeli olarak doguya ve güneye dogru büyüdü, ancak Dogu Roma ile yapilan bir dizi sonuçsuz savas Sasani'nin batiya dogru genislemesini engelledi. Daha barisçil ugraslari tercih eden V. Behram edebiyat, müzik ve sporda altin bir çag baslatti. Ancak ölümünü takip eden yüzyil boyunca, varisleri saltanatlarini barbar kabileler, Bizans ve Arap istilalari ve tasra isyanlariyla mücadele ederek geçirmek zorunda kaldi.[NEWLINE][NEWLINE]I. Kavadh (MS 488-531) döneminde ikinci bir Sasani altin çagi basladi. Ancak Bizans ile araliksiz süren savaslar hazineyi tüketti ve bati eyaletlerindeki Sasani otoritesini zayiflatti. Yine de Sasani ordulari Kudüs'ü (MS 614), Iskenderiye'yi (619) ve 621'de Misir'in geri kalanini ele geçirmeyi basardi. Ancak bu ani genisleme orduyu asiri zorladi, asiri yüklenen halk huzursuzlandi ve güneydeki Müslümanlari dini cosku sardi. Otuz yil içinde, 651'de, Sasani Imparatorlugu artik yoktu ve yerini Abbasi Halifeligi aldi.</Text>
    </Row>
    <Row Tag="TXT_KEY_FOR_SCENARIO_LEADER_BAHRAM_NAME">
      <Text>Bahram V</Text>
    </Row>
    <Row Tag="TXT_KEY_FOR_SCENARIO_LEADER_BAHRAM_SUBTITLE">
      <Text>Sasani Krali</Text>
    </Row>
    <Row Tag="TXT_KEY_FOR_SCENARIO_LEADER_BAHRAM_LIVED">
      <Text>MS 421 - 438</Text>
    </Row>
    <Row Tag="TXT_KEY_FOR_SCENARIO_LEADER_BAHRAM_HEADING_1">
      <Text>Tarih</Text>
    </Row>
    <Row Tag="TXT_KEY_FOR_SCENARIO_LEADER_BAHRAM_TEXT_1">
      <Text>Bahram 14. Sasani kraliydi (MS 421-438) ve babasi I. Yezdegerd'in ani ölümünün (ya da suikastinin) ardindan tahta geçti. Bahram saltanatini genis topraklarindaki Hiristiyanlara sistematik zulüm uygulayarak baslatti ve bu politika kisa sürede Dogu Roma ile savasa yol açti. Sonuçsuz savaslar ve manevralardan sonra, Persler ve Romalilar 422 yilinda statükoya dönüsü isaret eden bir antlasma imzaladilar. Ancak bundan kisa bir süre sonra (MS 428) Bahram, Hiristiyan patrigi Ishak'in protestolari üzerine Ermenistan'i ilhak ederek Bizans-Sasani iliskilerini bir kez daha gerdi. [NEWLINE][NEWLINE] Arada sirada yasanan baskin ve çatismalara ragmen Dogu Roma ile baris birkaç yil sürdü ve Bahram'a kendini simartma firsati verdi - ve tesadüfen yeni bir Pers altin çagini baslatti. Avcilik, saray partileri ve cinsel arayislarla kendini eglendirerek kraliyet refahini somutlastirmaya basladi. Onun himayesi altinda, Karnamag-i Pabagan gibi Sasani edebiyatinin en büyük eserlerinden bazilari ve müzik yaratildi. Polo gibi sporlar kraliyet eglencesi haline geldi. Savas, av ve ask maceralari efsane ve mit haline geldi ve Ömer Hayyam'in ünlü Rubaiyat'i (17. dörtlük) gibi modern masallarda bile yer aldi. [NEWLINE] [NEWLINE] Behram'in hükümdarliginin son asamasi Hunlarla olan çatismasiyla dikkat çeker. Hunlarin Heftalit ordusu kuzeydogudan istila etti ve kuzey Iran'in büyük bölümünü yakip yikti. Horasan'a geçtiler ve Rei sehrine kadar ilerlediler. Savasa hazir olmayan Behram, Hunlar tarafindan kabul edilen bir baris ve teslimiyet teklifinde bulundu. Ancak büyük bir kuvvet toplayan Bahram, geceleyin Taberistan eyaletini geçti, kamp kurmus olan Hunlari gafil avladi ve onlari katletti, hatta reisin karisini esir aldi. Hayatta kalan Hunlar Oxus Nehri'ne kadar takip edildi ve katledildi. Behram artik ölümcül derecede hasta olmasina ragmen, generallerinden biri sürünün kuzeydeki anavatanina girerek burayi yagmaladi ve Sasanilere yönelik Hun tehdidini sona erdirdi.</Text>
    </Row>
    <Row Tag="TXT_KEY_FOR_SCENARIO_LEADER_GENSERIC_NAME">
      <Text>Genseric</Text>
    </Row>
    <Row Tag="TXT_KEY_FOR_SCENARIO_LEADER_GENSERIC_SUBTITLE">
      <Text>Vandallarin Krali</Text>
    </Row>
    <Row Tag="TXT_KEY_FOR_SCENARIO_LEADER_GENSERIC_LIVED">
      <Text>MS 389 - 477</Text>
    </Row>
    <Row Tag="TXT_KEY_FOR_SCENARIO_LEADER_GENSERIC_HEADING_1">
      <Text>Tarih</Text>
    </Row>
    <Row Tag="TXT_KEY_FOR_SCENARIO_LEADER_GENSERIC_TEXT_1">
      <Text>MS 389 civarinda dogan Genseric, üvey kardesi Gunderic'in 428'de ölümü üzerine Vandallarin kralligini üstlendi. Vizigotlar tarafindan kusatilan Genseric kisa sürede halkini Iberya'dan çikarip Afrika'nin daha az nüfuslu kiyilarina götürmeye karar verdi. Bogazlarda bir filo insa ederek, MS 429'da yaklasik 80.000 savasçi, kadin ve çocuk Roma Afrikasi'na geçti.[NEWLINE][NEWLINE]Aralarindaki çekismelerden faydalanan Vandallar, bölünmüs Roma garnizonlarini hizla ezdi. Birkaç ay içinde bugünkü Fas ve Cezayir'i fethettiler ve Imparator Valentinianus III, Genseric'in egemenligini taniyan bir baris anlasmasi imzaladi. Ancak Genseric daha fazlasini aradi ve 439'da anlasmayi bozarak Roma Kartaca'sinin etrafindaki topraklari isgal etti. Gafil avlanan sehir, orada demirli devasa donanmayla birlikte düstü. Roma ve Bizans'in toplamina esdeger olan bu filoyla Vandallar Roma ticaretine ve kiyilarina saldirdi ve Sicilya da dahil olmak üzere Bati Akdeniz'deki adalari ele geçirdi. [NEWLINE][NEWLINE] Artik genis bir kralligin tartismasiz efendisi olan Genseric, dikkatini bir kanun kodu hazirlamaya ve Dogu Roma'ya giden ve Dogu Roma üzerinden geçen ticaret yollarini güvence altina almaya verdi. Bu durum Valentinianus'un imparatorun kizini Genseric'in ogluyla evlendirmesi için bir anlasma yapmasina yol açti. Ancak 455 yilinda Valentinianus III bir suikast sonucu öldürüldü. Genseric bunun anlasmayi geçersiz kildigina inandi, Italya'ya indi, kendisine meydan okuyan küçük kuvvetleri bir kenara itti ve Roma'ya girdi. Papa I. Leo sehri tahrip etmemesi için ona yalvardi ve Genseric geri çekildi ... ama adamlari Roma'yi yagmalamadan önce degil.[NEWLINE][NEWLINE]468'de eski Roma Imparatorlugu'nun iki yarisinin son birlesik seferinin hedefi oldu. Her seye ragmen Genseric, Cap Bon açiklarinda daha büyük Bizans filosunu maglup etti. Yenilginin ardindan Genseric Yunanistan'i isgal etti ancak Vandallar agir kayiplar vererek geri püskürtüldü. Genseric 474 yilinda Bizans ile baris görüsmeleri yapti ve MS 477 yilinda sarayinda huzur içinde öldü.</Text>
    </Row>
    <Row Tag="TXT_KEY_FOR_SCENARIO_CIV_FRANCE_HEADING_1">
      <Text>Tarih</Text>
    </Row>
    <Row Tag="TXT_KEY_FOR_SCENARIO_CIV_FRANCE_TEXT_1">
      <Text>Franklar, Roma'nin Germanya'daki siniri olan Asagi Ren Nehri'nin sag kiyisi boyunca uzanan bir toprak seridine yerlesmis Cermen kabilelerinin olusturdugu zayif bir konfederasyondu. MS 3. yüzyilda bazi Franklar nehir boyunca Roma topraklarina akinlar düzenlerken, digerleri imparatorlugun içine göç ederek Galya'ya yerlesti. Bu durum Franklarin Ripuarian Franklari (ilk grup) ve Salian Franklari (ikinci grup) olarak ikiye ayrilmasina neden oldu. [NEWLINE][NEWLINE]Öncelikle pastoral bir halk olan Ripuarian Franklari, Ren Nehri'nin bati kiyisi boyunca küçük yerlesimlerde ve çiftliklerde yasiyor, balikçilik ve avcilikla ve ara sira Roma topraklarina yaptiklari baskinlarla geçimlerini sagliyorlardi. Ripuarialilar bir bas belasi olmanin ötesinde, Roma'nin komsulari arasinda en barisçil olanlariydi. MS 310 yilinda Imparator Konstantin onlarla ticareti kolaylastirmak için Ren Nehri üzerinde Köln'de bir köprü insa ettirdi. Roma tarafindan yönetilen sehir tarafindan sosyal birlige dogru bir ivme kazandirilan Ripuarianlar, dogudaki daha savasçi kabilelere karsi bir tampon görevi görerek imparatorluk için koruma saglamaya giderek daha fazla güveniyorlardi. Ripuarian Franklarinin son reisi Aksak Sigobert, Franklari Alemanni'ye karsi bir araya getiren ve Frank kabilelerini yeniden birlestiren I. Clovis ile güçlerini birlestirdi. [NEWLINE][NEWLINE] Bu arada kuzeyden gelen barbarlarin saldirisiyla yerlerinden olan Salian Franklari, Toxandria'nin (günümüz Anvers bölgesi) Roma topraklarina göç etti. Roma topraklarina yapilan bu "küstah" yerlesim, saldiran Imparator Mürted Julian tarafindan reddedildi. MS 358 yilinda, Salianlar vatandaslik karsiliginda Roma kuvvetlerine teslim oldular. Imparator Honorius'un himayesi altindaki Salian Franklari, 420 yilindan itibaren Chlodio'nun yönetiminde topraklarini önemli ölçüde genisletti. Salianlar Roma'nin sadik dostlari olduklarini kanitladilar. 451 yilinda Flavius Aetius, Germen müttefiklerini Attila'nin Hunlarinin istilasina karsi savasmaya çagirdi. Salianlar, Bati Avrupa'ya yönelik Hun tehdidini etkili bir sekilde sona erdiren Chalons Savasi'nda Romalilarla birlikte savasti. Romalilar ödül olarak Salianlarin daha da genislemesine izin verdi. Clovis 486 yilinda Roma-Germen karisimi bir kralligin mutlak hükümdari oldu. Franklari birlestirdi ve Vizigotlar ile Alemannileri yenilgiye ugratti. Clovis yeni baskentini Paris'te kurarak Fransa ulusunun temelini atti.</Text>
    </Row>
    <Row Tag="TXT_KEY_FOR_SCENARIO_LEADER_CHLODIO_NAME">
      <Text>Chlodio</Text>
    </Row>
    <Row Tag="TXT_KEY_FOR_SCENARIO_LEADER_CHLODIO_SUBTITLE">
      <Text>Salian Franklarinin Krali</Text>
    </Row>
    <Row Tag="TXT_KEY_FOR_SCENARIO_LEADER_CHLODIO_LIVED">
      <Text>MS 392 - 448</Text>
    </Row>
    <Row Tag="TXT_KEY_FOR_SCENARIO_LEADER_CHLODIO_HEADING_1">
      <Text>Tarih</Text>
    </Row>
    <Row Tag="TXT_KEY_FOR_SCENARIO_LEADER_CHLODIO_TEXT_1">
      <Text>Chlodio 414 yilindan ölümüne kadar Salian Franklarinin krali, daha dogrusu reisiydi ve bazi tarihçiler tarafindan Fransa'yi yaratan Merovenj hanedaninin kurucusu olarak kabul edilir. Duisburg'daki kalesinden bugünkü Thérouanne bölgesini kontrol eden Chlodio, halkini ilerleyen Hunlar tarafindan yerlerinden edilen dogudan göç eden Germen kabilelerinin olusturdugu büyüyen tehditten uzaklastirmaya çalismistir. [NEWLINE][NEWLINE] 428'de Chlodio, Salian Franklarinin elindeki topraklarda Roma sinirlarina meydan okumus, Cambrai'de bir Roma kuvvetini yenmis ve ailesi ile hizmetlilerini kuzey Galya'ya yerlestirmistir. 431 yilinda sinirlarini güneyde Somme Nehri'ne kadar genisletti. MS 432'de Salian Franklari, Roma Imparatorlugu içinde baskenti Tornacum (Tournai) olan yari özerk bir krallik kurdu. [NEWLINE][NEWLINE] Salian genislemesi, Chlodio'nun Flavius Aetius komutasindaki bir Roma-Galya kuvveti tarafindan yenilgiye ugratildigi 448 yilina kadar sona ermedi. Bunun sonucunda yapilan antlasmayla ailesinin bölgedeki hâkimiyeti tanindi ve Franklarin Roma'nin çikarlarini sonsuza dek destekleyecegi taahhüt edildi. Birkaç yil sonra, oglu Childeric yönetimindeki Salian Franklari, Hunlarin Avrupa'ya ilerleyisini durdurmak için Aetius'a katilacakti. Torunu Clovis, MS 496'da Alemanni'leri ve 507'de Vizigotlari yenilgiye ugrattiktan sonra Frank kabilelerini birlestirecek ve Galya'ya yayilan Frank kralligini kuracaktir.</Text>
    </Row>
    <Row Tag="TXT_KEY_FOR_SCENARIO_CIV_GERMANY_HEADING_1">
      <Text>Tarih</Text>
    </Row>
    <Row Tag="TXT_KEY_FOR_SCENARIO_CIV_GERMANY_TEXT_1">
      <Text>Gotlar, Vizigotlar ve Ostrogotlar olmak üzere iki kolu Roma Imparatorlugu'nun çöküsünde önemli rol oynayan Iskandinav kökenli bir Dogu Avrupa kavmidir. Ortak dil, gelenek ve inançlari paylasmalarina ragmen, Vizigotlar ve Ostrogotlar farkli yollar izlemis ve her biri bir ortaçag kralligi kurmustur.[NEWLINE][NEWLINE]Vizigotlar, liderlerinin Bizans Imparatoru Valens'e halkini Hunlardan siginacak bir yer bulmak için Tuna'nin güneyine tasimasi için basvurdugu MS 376 yilina kadar Romalilarla baris içinde bir arada yasadiklari Daçya'ya yerlesmistir. Anlasma, I. Alaric'in Vizigot tahtina geçtigi 395 yilina kadar sürdü. 408 yilinda Roma birlikleri, Roma komutasi altinda parali asker olarak görev yapan yaklasik 30.000 barbar askerin ailelerini katletti. Alaric derhal savas ilan etti ve Bizans'in da onayiyla Italya'yi isgal etti. Askeri zaferlerin ve Roma'nin üç kez kusatilmasinin ardindan, Alaric'in Vizigotlari 410 yilinin Agustos ayinda sehri ele geçirdi. Roma yagmalanip talan edildi ve Alaric Italya'da bir Vizigot kralligi kurdu. Sonraki yüzyil boyunca Vizigotlar sinirlarini istikrarli bir sekilde genisleterek sonunda güney Galya'yi ve tüm Iberya'yi kontrol altina aldilar. Baskentleri Toulouse olan Vizigotlar Vandallari Iberya'dan sürdüler ama Italya'yi kaybettiler. 507 yilinda Clovis komutasindaki Franklar Vouille Savasi'nda Vizigotlari kesin bir yenilgiye ugratti ve Galya'nin kontrolünü onlardan aldi. Bu yavas bir düsüsün baslangiciydi. Vizigotlarin son krali Roderic, 711'de Müslümanlarin Iberya'yi fethinin baslangicina isaret eden Ümeyye saldirisi karsisinda öldürüldü. [NEWLINE][NEWLINE] Ostrogotlarin tarihi biraz daha az karisiktir. Güney göçünden sonra Tuna ve Dneipr nehirleri arasinda genis ama seyrek nüfuslu bir krallik kurdular. Gotik soylular tarafindan yönetilen ve Sarmatlar, Gepidler, Daçyalilarin yani sira daha küçük Kelt ve Slav kabilelerini de içeren çok kabileli bir imparatorluktu. Hunlarin yükselisi çok uluslu kralligi alt etti ve Ostrogotlar Hun yönetimini kabul ederek güçlerini birlestirdi. Ostrogotlar, MS 451'deki Chalons Savasi'nda oldugu gibi, Attila'nin Avrupa'da savasan baslica vasallarindan biriydi. Ancak Attila'nin ölümü üzerine ayaklanan Theodemir komutasindaki Ostrogotlar, üç yil sonra Nedao'da Attila'nin varislerinin gücünü kirdilar. 454 yili ayni zamanda Büyük Teodorik'in dogumuna da taniklik etti. 471 yilinda Ostrogotlarin krali oldu. Teodorik 20 yil içinde tüm Italya'nin yani sira Balkanlar'in büyük bir kismina hükmetti. Ancak Ostrogot yönetiminin zayifligi ölümünden sonra kendini gösterdi. Bizanslilar saldiriya geçti ve Ostrogot krali Totila'yi Roma'yi terk etmeye zorladi. 553 yilinda Mons Lactarius Savasi'nda Totila'nin kalan destekçileri öldürüldü, esir alindi ya da idam edildi. Ostrogot kalintilari geri çekildi ve Avusturya'ya yerlesti. Ve Ostrogotlar tarihten silindi.</Text>
    </Row>
    <Row Tag="TXT_KEY_FOR_SCENARIO_LEADER_ALARIC_NAME">
      <Text>Alaric I</Text>
    </Row>
    <Row Tag="TXT_KEY_FOR_SCENARIO_LEADER_ALARIC_SUBTITLE">
      <Text>Vizigotlarin Krali</Text>
    </Row>
    <Row Tag="TXT_KEY_FOR_SCENARIO_LEADER_ALARIC_LIVED">
      <Text>MS 370 - 410</Text>
    </Row>
    <Row Tag="TXT_KEY_FOR_SCENARIO_LEADER_ALARIC_HEADING_1">
      <Text>Tarih</Text>
    </Row>
    <Row Tag="TXT_KEY_FOR_SCENARIO_LEADER_ALARIC_TEXT_1">
      <Text>Hunlarin ilerleyisi karsisinda Vizigotlar, Roma topraklarina yerlesme hakki için Bizans hizmetine yardimci olarak girdiler. Alaric genç bir adamken lejyonlara katildi. 394 yilinda, isyanci Arbogast'in yenilmesinde imparatorluga yardim etmek için bir Got kuvvetine liderlik etti. Ertesi yil Alaric Vizigotlarin sefi seçildi.[NEWLINE][NEWLINE]Ayni yil Bizans imparatoru ve Alaric'in hamisi Theodosius öldü. Imparatorluga yaptigi hizmetlere ve Vizigotlarin krali olarak üstlendigi role ragmen, Alaric göz ardi edildi ve ardindan gelen imparatorluk makamlarinin karistirilmasi sirasinda görevden alindi. Theodosius'un ölümünden kisa bir süre sonra Alaric Dogu Roma'ya saldirdi. Yunanistan'i yakip yikarak MS 397'de Konstantinopolis surlarina ulasti ve bunun üzerine imparator Alaric'i özerk askeri yetkiye sahip magister militum olarak atadi.[NEWLINE][NEWLINE] MS 407'de, imparatorlugun iki yarisi arasindaki yabancilasmanin iç savas tehdidi olusturmasinin ardindan Alaric bir Vizigot ordusunu Julian Alpleri üzerinden Roma'nin eteklerine kadar götürdü. Açlik sonunda Roma Senatosu'nu müzakereye yöneltti. Alaric kuvvetlerini bölgede tuttu ve Senato anlasmadan vazgeçince Roma'yi tekrar kusatti. Bu kusatmanin ve 409'da Senato'yla yapilan ve Alaric'in Roma'da kukla bir imparator kurdugu baska bir anlasmanin ardindan Vizigotlar kuzeye yürüdü.[NEWLINE][NEWLINE] Ancak Alaric'in kuklasini tahttan indirmek ve Italya'da kendini kral ilan etmek için geri dönmek zorunda kalmasi uzun sürmedi. Agustos 410'da Vizigotlar Porto Salaria'dan geçerek sehre girdiler. Alaric Roma halkina inanilmaz bir merhamet gösterdi  Hiristiyan kiliseleri yagmalanmadi ve buraya siginan binlerce pagan ve Hiristiyan'a koruma saglandi. Alaric artik Afrika'yi istila etmeye ve oradaki kayip Roma eyaletlerini ele geçirmeye hazirlanmak için güneye, Calabria'ya yürüdü. Ancak Cosenza limaninda muhtemelen atesten aniden öldü.</Text>
    </Row>
    <Row Tag="TXT_KEY_FOR_SCENARIO_CIV_SONGHAI_HEADING_1">
      <Text>Tarih</Text>
    </Row>
    <Row Tag="TXT_KEY_FOR_SCENARIO_CIV_SONGHAI_TEXT_1">
      <Text>Vandallar, asil vatanlari Iskandinavya olan bir Dogu Cermen kabilesiydi. Vandallar MÖ 2. yüzyilda bir noktada Baltik'i geçerek Polonya'ya girmislerdir. MS 406'da Vandallar Ren Nehri'ne ulasmislardi. Nehri geçmeye çalistiklarinda, kuzey Galya'nin Romalilasmis bölgelerine yerlesmis olan Franklarin siddetli direnisiyle karsilastilar. Vandallar Frank ordusunu kesin bir yenilgiye ugratti ve ardindan güneye dogru yagmalamaya devam etti. Frank ve Roma sehirlerini yagmaladiktan sonra, MS 409'da Pireneler'e ulasip geçtiler ve Iberya'ya yürüdüler.[NEWLINE][NEWLINE]Buradaki Vizigotlarin baskisi altinda kalan Genseric, Vandallari 429'da bogazlari geçerek Kuzey Afrika'ya götürdü. Orada Genseric 435 yilinda Roma ile yapilan bir antlasmayla Numidya eyaletinin kontrolünü onlara vererek bir Vandal kralligi kurdu. Genseric 439'da anlasmayi bozdu ve Kartaca'yi genis tersaneleri ve donanmasiyla birlikte ele geçirdi. Sonraki on yil boyunca, Romalilara ve Bizanslilara karsi amansiz korsanlik ve akinlarla birlikte Vandallar Sardinya, Sicilya, Korsika ve Balear Adalari'ni ele geçirdi. [NEWLINE][NEWLINE] Attila'nin ölümüyle birlikte Roma imparatoru Vandal akinlarina son verme konusunda kendini özgür hissetti ve kizinin Genseric'in ogluyla evlenmesi yoluyla kaybedilen topraklari Roma'ya geri vermeye çalisti. Ancak, karmasik bir dizi olay ve güvensizlik nedeniyle bu çaba MS 455'te bir Vandal ordusunun Italya'ya ayak basmasi ve Roma'yi ele geçirmesiyle son buldu. [NEWLINE][NEWLINE]Roma'nin yagmalanmasi Vandal gücünün doruk noktasi oldu. Genseric'in 477'de ölümü, dini gerilimler, eski Roma eyaletlerindeki isyanlar ve ticaret eksikligi yavas bir düsüsü beraberinde getirdi. Bizansli Belisarius pahaliya mal olan son savasinda Vandal ordularini ezdi, Vandal generali Tzazo'yu öldürdü ve Vandal sehirlerinin çogunu ele geçirdi. MS 534 yilinda son Vandal krali Gelimer, Kartaca'yi Romali fatihlere teslim ederek Vandal hükümdarligina sonsuza dek son verdi.</Text>
    </Row>
    <Row Tag="TXT_KEY_TRAIT_FRANK_TRAIT_SHORT">
      <Text>Regal Bloodline</Text>
    </Row>
    <Row Tag="TXT_KEY_TRAIT_FRANK_TRAIT">
      <Text>Birimler, Tepe bulunan herhangi bir kareye ilerlerken arazi maliyetlerini göz ardi eder ve nehirler boyunca daha hizli ilerler.</Text>
    </Row>
    <Row Tag="TXT_KEY_TRAIT_TRAIT_THEODOSIAN_WALLS_SHORT">
      <Text>Theodosian Duvarlari</Text>
    </Row>
    <Row Tag="TXT_KEY_TRAIT_TRAIT_THEODOSIAN_WALLS">
      <Text>Bir Hisarin 2 karesi içindeyse +%10 [ICON_STRENGTH] Savas Gücü bonusu. Büyük Generaller %50 daha hizli ortaya çikar ve ek %10 savas bonusu saglar.</Text>
    </Row>
    <Row Tag="TXT_KEY_TRAIT_TRAIT_BURNING_UNREST_SHORT">
      <Text>Saglikli Yagma</Text>
    </Row>
    <Row Tag="TXT_KEY_TRAIT_TRAIT_BURNING_UNREST">
      <Text>Savas birimleri yol disi bir iyilestirmeyi yagmaladiktan sonra tamamen iyilesir.</Text>
    </Row>
    <Row Tag="TXT_KEY_TRAIT_TRAIT_BARBARIAN_RECRUITMENT_SHORT">
      <Text>Barbar Kaydi</Text>
    </Row>
    <Row Tag="TXT_KEY_TRAIT_TRAIT_BARBARIAN_RECRUITMENT">
      <Text>Bati Roma Imparatorlugu Lejyonlari yenilmis düsmanlari kendi taraflarina çekecek.</Text>
    </Row>
    <Row Tag="TXT_KEY_TRAIT_TRAIT_MEDITERRANEAN_PIRATES_SHORT">
      <Text>Akdeniz Korsanlari</Text>
    </Row>
    <Row Tag="TXT_KEY_TRAIT_TRAIT_MEDITERRANEAN_PIRATES">
      <Text>Donanma birimleri maglup gemileri kendi taraflarinda savasmalari için "askere alacak".</Text>
    </Row>
    <Row Tag="TXT_KEY_FOR_SCENARIO_TRAIT_SCOURGE_OF_GOD_SHORT">
      <Text>Tanri'nin Belasi</Text>
    </Row>
    <Row Tag="TXT_KEY_FOR_SCENARIO_TRAIT_SCOURGE_OF_GOD">
      <Text>Tüm kara muharebe birimleri için +2 [ICON_MOVES] Hareket. Tanri'nin Belasi Attila ile baslar. 2 Koçbasi sehri ilk kez ele geçirdikten sonra verilir.  Mera basina +2 [ICON_PRODUCTION] Üretim.</Text>
    </Row>
    <Row Tag="TXT_KEY_FOR_SCENARIO_TRAIT_CELTS_SHORT">
      <Text>Boyali Asiler</Text>
    </Row>
    <Row Tag="TXT_KEY_FOR_SCENARIO_TRAIT_CELTS">
      <Text>Daha fazla sehre sahip bir uygarliga karsi savasirken savas bonusu (+%50). Dost topraklardaki ormanlara yol muamelesi yapar. Gemiye alinan birimler +1 [ICON_MOVES] Harekete sahiptir ve denizden karaya geçmek için 1 hareket puani öder.</Text>
    </Row>
    <Row Tag="TXT_KEY_CIV5_CLIBANARII_TEXT">
      <Text>Clibanarii, daha agir zirhli olmalarina ragmen Bizans katafraktisinin Sasani esdegeriydi. Hem at hem de binicilerin kendileri tamamen demir zirhla kapliydi ve savasta düsman piyade ve okçu birliklerini parçalamak için kamalar halinde kullaniliyordu. Sasaniler Clibanarii'yi öncelikle bati ordularinda, özellikle de kuzey ve dogu sinirlarindaki barbar kabilelere kiyasla meydan savaslarina girme olasiligi daha yüksek olan Dogu Roma Imparatorlugu kuvvetlerine karsi kullandilar.</Text>
    </Row>
    <Row Tag="TXT_KEY_UNIT_CLIBANARII_STRATEGY">
      <Text>Clibanarii Sasanilere özgü bir birimdir ve Süvari'nin yerini alir. Savas Gücü, Savunmasi ve sehirlere karsi etkinligi Süvariden daha yüksek olsa da, o kadar uzaga hareket edemez. Bir Atli Birim olarak Mizrakçilarin, Mizrakçilarin ve benzerlerinin saldirilarina karsi savunmasizdir. Akin terfisiyle baslar, bu da ayni turda iki kez saldirmasina olanak tanir ve diger atli birimler gibi saldirdiktan sonra hareket edebilir.</Text>
    </Row>
    <Row Tag="TXT_KEY_UNIT_CLIBANARII_HELP">
      <Text>Hizli ve güçlü Atli Birim. Sadece Sasaniler insa edebilir. Bu Birim daha yüksek [ICON_STRENGTH] Savas Gücüne sahiptir, daha iyi savunma yapar ve yerine geçtigi Süvariden daha etkili bir sekilde sehirlere saldirir. Akin terfisi ile baslar.</Text>
    </Row>
    <Row Tag="TXT_KEY_CIVILOPEDIA_UNITS_FRANK_SEAXMAN_TEXT">
      <Text>Seax büyük bir biçak ya da kisa, kavisli, çentikli bir kiliçtir ve Kelt ve Frenk kabilelerinin birçok savasçisi tarafindan tercih edilir. Hem bir alet hem de bir silah olarak esit derecede kullanisli olan seax özellikle yakin mesafeli, yakin dövüste etkiliydi. Barbar göçleri boyunca, schmalsax (dar seax) ve breitsax (genis seax) ile her birinin uzun ve kisa versiyonlari da dahil olmak üzere çesitli versiyonlari gelistirilmistir. Destansi siir Beowulf'ta kahraman bir ejderhayi parçalamak için bir seax kullanir ve Grendel'in annesi Beowulf'la savasirken bir seax kullanir.</Text>
    </Row>
    <Row Tag="TXT_KEY_UNIT_FRANK_SEAXMAN_STRATEGY">
      <Text>Seaxman, Frenklerin essiz birimidir. Yerini aldigi Kiliç Ustasindan biraz daha yüksek bir Savas Gücüne sahiptir. Ayrica herhangi bir Demir kaynagina ihtiyaç duymaz. Amfibi terfisi ile baslar, bu da okyanustan ve nehirler üzerinden ceza almadan saldirmasina olanak tanir.</Text>
    </Row>
    <Row Tag="TXT_KEY_UNIT_HELP_FRANK_SEAXMAN">
      <Text>Sadece Franklar tarafindan insa edilebilen güçlü, ön cephe kara Birimi. Bu Birim, yerini aldigi Kiliç Ustasindan daha yüksek [ICON_STRENGTH] bir Savas Gücüne sahiptir. Amfibi terfisi ile baslar.</Text>
    </Row>
    <Row Tag="TXT_KEY_CIVILOPEDIA_UNITS_VANDAL_AXEMAN_TEXT">
      <Text>Roma'yi kusatan barbar kabileler tarafindan silah olarak kullanilan pek çok balta türü olmasina ragmen, Vandallar düsmana yaklasirken savasta bir füze silahi olarak kullanilan firlatma baltasini tercih etme egilimindeydi. MS 3. yüzyilda Franklar tarafindan gelistirilen hafif bir balta olan francisca'nin bir varyanti olan Vandal versiyonu, baltanin uçus sirasinda dönmesine neden olan ve böylece isabet oranini artiran bir el üstü hareketiyle firlatiliyordu. Oklardan daha agir ve mizraklardan daha isabetli olan firlatma baltasi, Vandallar Roma Kartacasi'ni fethettikten sonra deniz savaslarinda daha da etkili oldu.</Text>
    </Row>
    <Row Tag="TXT_KEY_UNIT_VANDAL_AXEMAN_STRATEGY">
      <Text>Baltaci, Vandallara özgü bir birimdir. Yerini aldigi Kiliç Ustasindan biraz daha yüksek bir Savas Gücüne sahiptir. Ayrica herhangi bir Demir kaynagi gerektirmez. Hasarli birimlere karsi savas bonusu veren Hücum terfisiyle baslar.</Text>
    </Row>
    <Row Tag="TXT_KEY_UNIT_HELP_VANDAL_AXEMAN">
      <Text>Sadece Vandallar tarafindan insa edilebilen güçlü, ön cephe kara Birimi. Yerine geçtigi Kiliç Ustasindan daha yüksek [ICON_STRENGTH] bir Savas Gücüne sahiptir. Hasarli birimlere karsi savas bonusu veren Hücum terfisiyle baslar.</Text>
    </Row>
    <Row Tag="TXT_KEY_CIVILOPEDIA_UNITS_VANDAL_TRIHEMIOLLA_TEXT">
      <Text>Bir Yunan tasarimina dayanan ve Vandal donanmalarindaki en yaygin savas gemisi olan Trihemiolia, her iki yaninda iki buçuk kürekçi sirasi bulunan 40 tonluk bir gemiydi. Trireme'den daha manevra kabiliyetine sahip ve daha hizli olan bu gemiler hem çarpma hem de bordalama eylemlerinde kullanilirdi. Öncelikli olarak ticaret ve kiyi akincilari olarak kullanilan Vandal Trihemiolia'si, Roma ve Bizans savas gemilerinde giderek artan mancinik kullanimina karsi koymak için güçlendirilmis güvertelere sahipti.</Text>
    </Row>
    <Row Tag="TXT_KEY_UNIT_VANDAL_TRIHEMIOLLA_STRATEGY">
      <Text>Trihemiolia Vandallara özgü bir deniz birimidir. Yerini aldigi Trireme'den daha yüksek bir Savas Gücüne sahiptir ve kiyi kareleriyle sinirlidir. Ayrica, dost topraklarin disinda iyilesmesini ve düsman gemilerini ele geçirebilmesini saglayan terfi Kaynagi ile birlikte gelir. Trihemiolias ve yeteneklerinin toplami Vandallari Akdeniz'de hesaba katilmasi gereken bir deniz gücü haline getirir.</Text>
    </Row>
    <Row Tag="TXT_KEY_UNIT_HELP_VANDAL_TRIHEMIOLLA">
      <Text>Güçlü Deniz Birimi, deniz birimlerine ve sehirlere yakin dövüs saldirilari yoluyla denizlere hakim olmak için kullanilir. Düsman gemilerini ele geçirebilir. Sadece Vandallar insa edebilir.</Text>
    </Row>
    <Row Tag="TXT_KEY_CIVILOPEDIA_UNITS_GOTH_GADRAUHT_TEXT">
      <Text>Gotik kabilelerin daimi bir ordusu yoktu, bunun yerine Gadrauht'lara ya da kisa süreli milislere güveniyorlardi. Bazilari kiliç ve yay kullansa da, genellikle saplanan mizraklar, firlatilan mizraklar ve kalkanlarla silahlanmis olan bu zirhsiz birlikler, Romalilarin tercih ettigi kati askeri düzenlerin hantal kaldigi engebeli arazilerde özellikle yakin dövüste etkiliydi. Genellikle kabile hatlarina göre hundafablar, yani "yüz silahli adam" seklinde örgütlenen Gadrauhtlar, meydan savaslarinda güvenilmezdi  son adama kadar savasma ihtimalleri oldugu gibi, durum aleyhlerine döndügünde kaçma ihtimalleri de vardi.</Text>
    </Row>
    <Row Tag="TXT_KEY_UNIT_GOTH_GADRAUHT_STRATEGY">
      <Text>Gadrauht Gotiklerin essiz birimidir. Yerini aldigi Kiliç Ustasindan biraz daha yüksek bir Savas Gücüne sahiptir. Ayrica herhangi bir Demir kaynagina ihtiyaç duymaz. Gadrauht düsman yollari boyunca dost yollarmis gibi hareket edebilir.</Text>
    </Row>
    <Row Tag="TXT_KEY_UNIT_HELP_GOTH_GADRAUHT">
      <Text>Sadece Gotlar tarafindan insa edilebilen güçlü, ön cephe kara Birimi. Bu Birim, yerini aldigi Kiliç Ustasindan daha yüksek [ICON_STRENGTH] bir Savas Gücüne sahiptir. Düsman yollari boyunca dost yollarmis gibi hareket eder.</Text>
    </Row>
    <Row Tag="TXT_KEY_CIVILOPEDIA_UNITS_HUN_SCOURGE_OF_GOD_TEXT">
      <Text>"Tanri'nin Belasi" Attila'ya verilen lakaptir. Bu birimler onun savas alanindaki liderligini temsil eder.</Text>
    </Row>
    <Row Tag="TXT_KEY_UNIT_HUN_SCOURGE_OF_GOD_STRATEGY">
      <Text>Tanri'nin Belasi, standart Büyük General'in yerini alan bir Hun Essiz Büyük Kisisidir.  Ayni savas bonuslari geçerlidir, ancak Bela daha hizli hareket eder ve bitisik birimleri tur basina 20 HP daha iyilestirebilir. Bu gelismis General, süvari birimlerinin her zaman savasa hazir durumda olmasini saglar.</Text>
    </Row>
    <Row Tag="TXT_KEY_UNIT_HELP_HUN_SCOURGE_OF_GOD">
      <Text>Bu Hun Ulu Kisisi, Ulu General'in yerini alir. Bir Büyük General ile ayni savas bonusunu saglarken, Tanrinin Belasi ayrica daha hizli hareket eder ve komsu birimleri iyilestirir.</Text>
    </Row>
    <Row Tag="TXT_KEY_BUILDING_FOR_CEILIDH_HALL_STRATEGY">
      <Text>Ceilidh Salonu, Keltlere özgü Klasik dönemden kalma bir yapidir. Sehrin [ICON_CULTURE] Kültürünü ve [ICON_HAPPINESS_1] Mutlulugunu artirmaktadir.</Text>
    </Row>
    <Row Tag="TXT_KEY_BUILDING_FOR_SATRAPS_COURT_STRATEGY">
      <Text>Satrap'in Sarayi Perslere özgü bir yapidir. Satrap'in Sarayi sehrin zenginlik üretimini artirir. Bununla birlikte, Satrapin Sarayi uygarligin [ICON_HAPPINESS_1] Mutlulugunu da artirir. Satrapin Sarayi'nin insa edilebilmesi için sehirde bir Pazar olmasi gerekir.</Text>
    </Row>
    <Row Tag="TXT_KEY_CIV5_BUILDINGS_MEAD_HALL_TEXT">
      <Text>Eski Iskandinav ve Germen bölgelerinde Mead Salonu, hem reisin ziyafet salonu hem de yerlesimin kültürel ve dini yasaminin merkezi olarak hizmet veren tek odali büyük bir binaydi. Reisin hizmetkârlari tarafindan korunan bu bina ayni zamanda kriz zamanlarinda kabilenin kadinlari, çocuklari ve yaslilari için son siginakti. Tas ve ahsaptan insa edilen, 40 ila 50 metre uzunlugunda, oymalarla süslü bu yapi genellikle kasabanin en göze çarpan binasiydi. M.S. 4. yüzyildan itibaren Mead Salonlari genellikle tahkim edilmis ve bu haliyle ortaçag kalelerinde bulunan kalelerin öncüsü olmustur.</Text>
    </Row>
    <Row Tag="TXT_KEY_BUILDING_MEAD_HALL_STRATEGY">
      <Text>Mead Salonu [ICON_HAPPINESS_1] Mutlulugu ve [ICON_CULTURE] Kültürü 2 artirir.</Text>
    </Row>
    <Row Tag="TXT_KEY_BUILDING_MEAD_HALL_HELP">
      <Text>+2 [ICON_HAPPINESS_1] Mutluluk ve [ICON_CULTURE] Kültür.</Text>
    </Row>
    <Row Tag="TXT_KEY_CIV5_BUILDINGS_HOV_TEXT">
      <Text>Hov, pagan "blot "un (ritüel hayvan kurbani) gerçeklestirildigi, bazen çatisiz bir çitten daha fazlasi olmayan ancak büyük Got yerlesimlerinde çok daha saglam olan bir yapiydi. Büyük bir tantana içinde gerçeklestirilen bu kurban töreni Cermen druidleri tarafindan iyi hasat, av ya da savas zaferi saglamak için yapilirdi. Kurban genellikle bas kesme yöntemiyle yapilirdi  Myrina'li Agathias Got Savasi (MS 535-554) sirasinda Gotlarin "atlari, sigirlari ve sayisiz diger hayvani baslarini keserek kurban ettiklerini ve böylece dindarlik eylemi gerçeklestirdiklerini hayal ettiklerini" yazmistir. Eger kabile asiri tehdit altindaysa, druidlerin Hov'da esir ya da köleleri kurban etmeleri bile bilinmeyen bir sey degildi.</Text>
    </Row>
    <Row Tag="TXT_KEY_BUILDING_HOV_STRATEGY">
      <Text>Hov, [ICON_HAPPINESS_1] Mutlulugu 1 ve [ICON_GOLD] Altini 2 artirir.</Text>
    </Row>
    <Row Tag="TXT_KEY_BUILDING_HOV_HELP">
      <Text>+1 [ICON_HAPPINESS_1] Mutluluk ve +2 [ICON_GOLD] Altin.</Text>
    </Row>
    <Row Tag="TXT_KEY_FOR_SCENARIO_UNIT_HELP_CELT_PICTISH_WARRIOR">
      <Text>Bu birimi yalnizca Keltler insa edebilir. Dost topraklarin disinda bir savas bonusuna sahiptir ve ek hareket maliyeti olmadan düsman iyilestirmelerini yagmalayabilir. Ayrica kanat saldirilarina %50 bonus alir.</Text>
    </Row>
    <Row Tag="TXT_KEY_FOR_SCENARIO_UNIT_CELT_PICTISH_WARRIOR_STRATEGY">
      <Text>Pikt Savasçisi Celt'in essiz birimidir. Erken hücumlar için mükemmel sekilde uygun olan bir Pikt Savasçisi, ayni tur içinde hizla yagmalayip hareket ederek rakibin topraklarini yerle bir edebilir. Yan saldirilara %50 bonus veren Silah Arkadasi terfileri sayesinde gruplar halinde savasirken en iyisidirler.</Text>
    </Row>
    <Row Tag="TXT_KEY_FOR_SCENARIO_VP_TECH">
      <Text>Imperial Sehir Kontrol</Text>
    </Row>
    <Row Tag="TXT_KEY_FOR_SCENARIO_VP_FUTURE_TECH">
      <Text>Imparatorluk Sehri Yakalama</Text>
    </Row>
    <Row Tag="TXT_KEY_FOR_SCENARIO_POLICY_BRANCH_CANNOT_UNLOCK">
      <Text>[COLOR_NEGATIVE_TEXT]Roma'nin Düsüsü senaryosunda baska politika dallarini benimseyemezsiniz. [/ENDCOLOR]</Text>
    </Row>
    <Row Tag="TXT_KEY_FOR_SCENARIO_POLICY_BRANCH_ROMAN_HELP">
      <Text>[COLOR_POSITIVE_TEXT]Roma Atrofisi[ENDCOLOR] Roma imparatorlugunun azalan ihtisamini ve zaman geçtikçe toplumunun nasil çözüldügünü yansitir. [NEWLINE][NEWLINE]Roma imparatorluklari, [ICON_CAPITAL] Baskente bagli [ICON_CONNECTED] sahip oldugunuz her Sehir için +1 [ICON_HAPPINESS_1] Mutluluk ve isgal edilmemis Sehirlerdeki [ICON_CITIZEN] Vatandaslardan -5% [ICON_HAPPINESS_4] Mutsuzluk saglayan Roma Mirasi ile baslar. [NEWLINE][NEWLINE]Bir barbar düsman sehrinizi ele geçirdiginde, 20 [ICON_CULTURE] Kültür kazanirsiniz.</Text>
    </Row>
    <Row Tag="TXT_KEY_FOR_SCENARIO_POLICY_BRANCH_SASSANID_HELP">
      <Text>[COLOR_POSITIVE_TEXT]Sasani Mirasi[ENDCOLOR] Pers'in süregelen büyüklügü ile parlamaktadir. Sasaniler büyük bir baslangiç ordusuna, az sayida barbar istilaciya ve Roma ile yüzyillardir süren çatismayi bitirme arzusuna sahiptir.[NEWLINE][NEWLINE]Sasani agacindaki tüm politikalari benimsemek, gelecekteki tüm [ICON_CULTURE] Kültürü 3'e 1 oraninda [ICON_GOLD] Altina dönüstürecektir.</Text>
    </Row>
    <Row Tag="TXT_KEY_FOR_SCENARIO_POLICY_BRANCH_BARBARIAN_HELP">
      <Text>[COLOR_POSITIVE_TEXT]Barbar Coskusu[ENDCOLOR] yabancilara Roma'nin muazzam ihtisaminin bir kismini ele geçirip kendilerine mal edebilecekleri umudunu verir.[NEWLINE][NEWLINE]Barbar kralliklarinin +20 [ICON_HAPPINESS_1] Mutluluk bonusu vardir. Ele geçirilen sehirde üretilen her [ICON_CULTURE] Kültür puani için ganimet olarak 15 [ICON_CULTURE] Kültür alirlar. Birim bakimi ödemek zorunda degildirler.[NEWLINE][NEWLINE]Barbar agacindaki tüm politikalari benimsemek, gelecekteki tüm [ICON_CULTURE] Kültürü 3'e 1 oraninda [ICON_GOLD] Altina dönüstürecektir.</Text>
    </Row>
    <Row Tag="TXT_KEY_FOR_SCENARIO_POLICY_BRANCH_ROMAN">
      <Text>Roma Atrofisi</Text>
    </Row>
    <Row Tag="TXT_KEY_FOR_SCENARIO_POLICY_BRANCH_SASSANID">
      <Text>Sasani Mirasi</Text>
    </Row>
    <Row Tag="TXT_KEY_FOR_SCENARIO_POLICY_BRANCH_BARBARIAN">
      <Text>Barbar Heves</Text>
    </Row>
    <Row Tag="TXT_KEY_FOR_SCENARIO_POLICY_BRANCH_ROMAN_CAP">
      <Text>ROMAN</Text>
    </Row>
    <Row Tag="TXT_KEY_FOR_SCENARIO_POLICY_BRANCH_SASSANID_CAP">
      <Text>SASSANID</Text>
    </Row>
    <Row Tag="TXT_KEY_FOR_SCENARIO_POLICY_BRANCH_BARBARIAN_CAP">
      <Text>BARBAR</Text>
    </Row>
    <Row Tag="TXT_KEY_FOR_SCENARIO_POLICY_ROMAN">
      <Text>Roma Atrofisi</Text>
    </Row>
    <Row Tag="TXT_KEY_FOR_SCENARIO_POLICY_ROMAN_TEXT">
      <Text>[COLOR_POSITIVE_TEXT]Roma Atrofisi[ENDCOLOR][NEWLINE]Barbar bir düsman tarafindan ele geçirilen her sehriniz sizin için +20 [ICON_CULTURE] Kültür üretir.</Text>
    </Row>
    <Row Tag="TXT_KEY_FOR_SCENARIO_POLICY_BRANCH_ROMAN_DESC">
      <Text>Roma Cürümesi Civilopedia yardim</Text>
    </Row>
    <Row Tag="TXT_KEY_FOR_SCENARIO_ROMAN_TITLE">
      <Text>{@1: gender feminine?Empress  other?Emperor } {1_PlayerName:textkey} of{@2: plural 1? the   other?  }{2_CivName:textkey}</Text>
    </Row>
    <Row Tag="TXT_KEY_FOR_SCENARIO_POLICY_BARBARIAN_CONSCRIPTION">
      <Text>Barbar Zorunlu Askerlik</Text>
    </Row>
    <Row Tag="TXT_KEY_FOR_SCENARIO_POLICY_BARBARIAN_CONSCRIPTION_HELP">
      <Text>[COLOR_POSITIVE_TEXT]Barbar Askerligi[ENDCOLOR][NEWLINE]-%10 [ICON_STRENGTH] Savas Gücü.</Text>
    </Row>
    <Row Tag="TXT_KEY_FOR_SCENARIO_POLICY_BARBARIAN_CONSCRIPTION_DESC">
      <Text>Barbar Zorunlu Askerlik Civilopedia yardimi</Text>
    </Row>
    <Row Tag="TXT_KEY_FOR_SCENARIO_POLICY_SERFDOM">
      <Text>Serfligin Yükselisi</Text>
    </Row>
    <Row Tag="TXT_KEY_FOR_SCENARIO_POLICY_SERFDOM_HELP">
      <Text>[COLOR_POSITIVE_TEXT]Serfligin Yükselisi[ENDCOLOR][NEWLINE]Surlu Sehirler -2 [ICON_PRODUCTION] Üretimden zarar görür.</Text>
    </Row>
    <Row Tag="TXT_KEY_FOR_SCENARIO_POLICY_SERFDOM_DESC">
      <Text>Serfligin Yükselisi Civilopedia yardimi</Text>
    </Row>
    <Row Tag="TXT_KEY_FOR_SCENARIO_POLICY_USURPER">
      <Text>Gaspçi General</Text>
    </Row>
    <Row Tag="TXT_KEY_FOR_SCENARIO_POLICY_USURPER_HELP">
      <Text>[COLOR_POSITIVE_TEXT]Gaspçi General[ENDCOLOR][NEWLINE]+1 [ICON_CULTURE] Her kisla için kültür ve baskent olmayan sehirlerinizden birinin disinda düsman bir ordu belirir.</Text>
    </Row>
    <Row Tag="TXT_KEY_FOR_SCENARIO_POLICY_USURPER_DESC">
      <Text>Gaspçi General Civilopedia yardim</Text>
    </Row>
    <Row Tag="TXT_KEY_FOR_SCENARIO_POLICY_NEGLECT">
      <Text>Ihmal Edilen Altyapi</Text>
    </Row>
    <Row Tag="TXT_KEY_FOR_SCENARIO_POLICY_NEGLECT_HELP">
      <Text>[COLOR_POSITIVE_TEXT]Ihmal Edilen Altyapi[ENDCOLOR][NEWLINE][ICON_GOLD] Sehir baglantilarindan elde edilen altin 50 azaltildi%.</Text>
    </Row>
    <Row Tag="TXT_KEY_FOR_SCENARIO_POLICY_NEGLECT_DESC">
      <Text>Ihmal Edilen Altyapi Civilopedia yardimi</Text>
    </Row>
    <Row Tag="TXT_KEY_FOR_SCENARIO_POLICY_ENNUI">
      <Text>Popüler Ennui</Text>
    </Row>
    <Row Tag="TXT_KEY_FOR_SCENARIO_POLICY_ENNUI_HELP">
      <Text>[COLOR_POSITIVE_TEXT]Popüler Keder[ENDCOLOR][NEWLINE]-1 [ICON_HAPPINESS_1] Her bir lüks kaynaktan gelen mutluluk.</Text>
    </Row>
    <Row Tag="TXT_KEY_FOR_SCENARIO_POLICY_ENNUI_DESC">
      <Text>Popüler Ennui Civilopedia yardimi</Text>
    </Row>
    <Row Tag="TXT_KEY_FOR_SCENARIO_POLICY_DEBASEMENT">
      <Text>Madeni Para Degersizlestirme</Text>
    </Row>
    <Row Tag="TXT_KEY_FOR_SCENARIO_POLICY_DEBASEMENT_HELP">
      <Text>[COLOR_POSITIVE_TEXT]Madeni Para Deger Düsürme[ENDCOLOR][NEWLINE]+%10 birim bakim maliyeti.</Text>
    </Row>
    <Row Tag="TXT_KEY_FOR_SCENARIO_POLICY_DEBASEMENT_DESC">
      <Text>Imparatorluk Patronaji Civilopedia yardimi</Text>
    </Row>
    <Row Tag="TXT_KEY_FOR_SCENARIO_POLICY_DARK_AGE">
      <Text>Karanlik Cag</Text>
    </Row>
    <Row Tag="TXT_KEY_FOR_SCENARIO_POLICY_DARK_AGE_HELP">
      <Text>[COLOR_POSITIVE_TEXT]Karanlik Cag[ENDCOLOR][NEWLINE]-20 [ICON_HAPPINESS_1] Mutluluk.</Text>
    </Row>
    <Row Tag="TXT_KEY_FOR_SCENARIO_POLICY_DARK_AGE_DESC">
      <Text>Karanlik Cag Civilopedia yardimi</Text>
    </Row>
    <Row Tag="TXT_KEY_FOR_SCENARIO_POLICY_SASSANID">
      <Text>Sasani Mirasi</Text>
    </Row>
    <Row Tag="TXT_KEY_FOR_SCENARIO_POLICY_SASSANID_HELP">
      <Text>[COLOR_POSITIVE_TEXT]Sasani Mirasi[ENDCOLOR][NEWLINE]faydalari</Text>
    </Row>
    <Row Tag="TXT_KEY_FOR_SCENARIO_SASSANID_TITLE">
      <Text>{@1: gender feminine?Queen  other?King } {1_PlayerName:textkey} of{@2: plural 1? the   other?  }{2_CivName:textkey}</Text>
    </Row>
    <Row Tag="TXT_KEY_FOR_SCENARIO_POLICY_SACRED_FIRE">
      <Text>Kutsal Ates</Text>
    </Row>
    <Row Tag="TXT_KEY_FOR_SCENARIO_POLICY_SACRED_FIRE_HELP">
      <Text>[COLOR_POSITIVE_TEXT]Kutsal Ates[ENDCOLOR][NEWLINE]+1 [ICON_HAPPINESS_1] Sehir basina mutluluk.</Text>
    </Row>
    <Row Tag="TXT_KEY_FOR_SCENARIO_POLICY_SACRED_FIRE_DESC">
      <Text>Sacred Fire Civilopedia yardim</Text>
    </Row>
    <Row Tag="TXT_KEY_FOR_SCENARIO_POLICY_PAHLAVI_LITERATURE">
      <Text>Pehlevi Edebiyati</Text>
    </Row>
    <Row Tag="TXT_KEY_FOR_SCENARIO_POLICY_PAHLAVI_LITERATURE_HELP">
      <Text>[COLOR_POSITIVE_TEXT]Pehlevi Edebiyati[ENDCOLOR][NEWLINE]+1 [ICON_CULTURE] Sehir basina kültür.</Text>
    </Row>
    <Row Tag="TXT_KEY_FOR_SCENARIO_POLICY_PAHLAVI_LITERATURE_DESC">
      <Text>Pehlevi Edebiyati Civilopedia yardimi</Text>
    </Row>
    <Row Tag="TXT_KEY_FOR_SCENARIO_POLICY_MERCANTILISM">
      <Text>Merkantilizm</Text>
    </Row>
    <Row Tag="TXT_KEY_FOR_SCENARIO_POLICY_MERCANTILISM_HELP">
      <Text>[COLOR_POSITIVE_TEXT]Merkantilizm[ENDCOLOR][NEWLINE]+2 [ICON_GOLD] Sehir basina altin. Büyük Insanlar %25 daha hizli dogar.</Text>
    </Row>
    <Row Tag="TXT_KEY_FOR_SCENARIO_POLICY_MERCANTILISM_DESC">
      <Text>Merkantilizm Civilopedia yardim</Text>
    </Row>
    <Row Tag="TXT_KEY_FOR_SCENARIO_POLICY_SILK_ROAD">
      <Text>Ipek Yolu</Text>
    </Row>
    <Row Tag="TXT_KEY_FOR_SCENARIO_POLICY_SILK_ROAD_HELP">
      <Text>[COLOR_POSITIVE_TEXT]Ipek Yolu[ENDCOLOR][NEWLINE]+1 [ICON_GOLD] Her ticaret noktasi için altin. [ICON_GOLDEN_AGE] Altin Caglar %50 daha uzun sürer.</Text>
    </Row>
    <Row Tag="TXT_KEY_FOR_SCENARIO_POLICY_SILK_ROAD_DESC">
      <Text>Ipek Yolu Civilopedia yardimi</Text>
    </Row>
    <Row Tag="TXT_KEY_FOR_SCENARIO_POLICY_SHAHNAMA">
      <Text>Shahnama</Text>
    </Row>
    <Row Tag="TXT_KEY_FOR_SCENARIO_POLICY_SHAHNAMA_HELP">
      <Text>[COLOR_POSITIVE_TEXT]Sahnâme[ENDCOLOR][NEWLINE]Bir [ICON_GOLDEN_AGE] Altin Cag baslatir ve [ICON_CAPITAL] Baskentin disinda bir Büyük Mühendis belirir.</Text>
    </Row>
    <Row Tag="TXT_KEY_FOR_SCENARIO_POLICY_SHAHNAMA_DESC">
      <Text>Shahnama Civilopedia yardim</Text>
    </Row>
    <Row Tag="TXT_KEY_FOR_SCENARIO_POLICY_STANDING_ARMY">
      <Text>Daimi Ordu</Text>
    </Row>
    <Row Tag="TXT_KEY_FOR_SCENARIO_POLICY_STANDING_ARMY_HELP">
      <Text>[COLOR_POSITIVE_TEXT]Daimi Ordu[ENDCOLOR][NEWLINE]+2 [ICON_PRODUCTION] Kisla basina üretim.</Text>
    </Row>
    <Row Tag="TXT_KEY_FOR_SCENARIO_POLICY_STANDING_ARMY_DESC">
      <Text>Daimi Ordu Civilopedia yardimi</Text>
    </Row>
    <Row Tag="TXT_KEY_FOR_SCENARIO_POLICY_SASSANID_FINISHER">
      <Text>Sasani agaç bitiricisi</Text>
    </Row>
    <Row Tag="TXT_KEY_FOR_SCENARIO_POLICY_SASSANID_FINISHER_HELP">
      <Text>[COLOR_POSITIVE_TEXT]Sasani agaci bitiricisi[ENDCOLOR][NEWLINE]Gelecekteki tüm [ICON_CULTURE] Kültürü 3'e 1 oraninda [ICON_GOLD] Altina dönüstürür.</Text>
    </Row>
    <Row Tag="TXT_KEY_FOR_SCENARIO_TURNS_REMAINING">
      <Text>Sola Dönüyor: {1_TurnsRemaining}</Text>
    </Row>
    <Row Tag="TXT_KEY_FOR_SCENARIO_HUN_FIRST_CITY_CAPTURE">
      <Text>Ilk sehrinizi ele geçirdikten sonra ordunuz, ordunuza eklemek için sehrin parçalarindan iki koçbasi toplar! Ileri gidin ve fethedin!</Text>
    </Row>
    <Row Tag="TXT_KEY_FOR_SCENARIO_ROMAN_CITY_CAPTURE_CULTURE">
      <Text>Son turda Barbar uygarliklarina kaybedilen sehirler: {1_NUM}[NEWLINE]Ceza: {2_NUM} [ICON_CULTURE] Kültür[NEWLINE][NEWLINE]Barbarlara kaybettiginiz her sehir toplumunuzu daha da çürütür.</Text>
    </Row>
    <Row Tag="TXT_KEY_FOR_SCENARIO_POLICY_BARBARIAN">
      <Text>Barbar Heves</Text>
    </Row>
    <Row Tag="TXT_KEY_FOR_SCENARIO_POLICY_BARBARIAN_HELP">
      <Text>[COLOR_POSITIVE_TEXT]Barbar Zeal[ENDCOLOR][NEWLINE]faydalari</Text>
    </Row>
    <Row Tag="TXT_KEY_FOR_SCENARIO_BARBARIAN_TITLE">
      <Text>{@1: gender feminine?Queen  other?King } {1_PlayerName:textkey} of{@2: plural 1? the   other?  }{2_CivName:textkey}</Text>
    </Row>
    <Row Tag="TXT_KEY_FOR_SCENARIO_POLICY_WILLING_RECRUITS">
      <Text>Istekli Acemiler</Text>
    </Row>
    <Row Tag="TXT_KEY_FOR_SCENARIO_POLICY_WILLING_RECRUITS_HELP">
      <Text>[COLOR_POSITIVE_TEXT]Istekli Acemiler[ENDCOLOR][NEWLINE]+%50 [ICON_PRODUCTION] Savas birimlerini egitirken üretim.</Text>
    </Row>
    <Row Tag="TXT_KEY_FOR_SCENARIO_POLICY_WILLING_RECRUITS_DESC">
      <Text>Willing Recruits Civilopedia yardim</Text>
    </Row>
    <Row Tag="TXT_KEY_FOR_SCENARIO_POLICY_NATIVE_COERCION">
      <Text>Yerli Zorlama</Text>
    </Row>
    <Row Tag="TXT_KEY_FOR_SCENARIO_POLICY_NATIVE_COERCION_HELP">
      <Text>[COLOR_POSITIVE_TEXT]Yerli Zorlama[ENDCOLOR][NEWLINE]Adliyeleri %150 daha hizli insa edin.</Text>
    </Row>
    <Row Tag="TXT_KEY_FOR_SCENARIO_POLICY_NATIVE_COERCION_DESC">
      <Text>Yerli Zorlama Civilopedia yardimi</Text>
    </Row>
    <Row Tag="TXT_KEY_FOR_SCENARIO_POLICY_WILY_VETERANS">
      <Text>Wily Gazileri</Text>
    </Row>
    <Row Tag="TXT_KEY_FOR_SCENARIO_POLICY_WILY_VETERANS_HELP">
      <Text>[COLOR_POSITIVE_TEXT]Wily Veterans[ENDCOLOR][NEWLINE]Askeri Birimler savastan %100 daha fazla Deneyim kazanir.</Text>
    </Row>
    <Row Tag="TXT_KEY_FOR_SCENARIO_POLICY_WILY_VETERANS_DESC">
      <Text>Wily Veterans Civilopedia yardim</Text>
    </Row>
    <Row Tag="TXT_KEY_FOR_SCENARIO_POLICY_TRIBAL_BLOOM">
      <Text>Tribal Bloom</Text>
    </Row>
    <Row Tag="TXT_KEY_FOR_SCENARIO_POLICY_TRIBAL_BLOOM_HELP">
      <Text>[COLOR_POSITIVE_TEXT]Tribal Bloom[ENDCOLOR][NEWLINE]+5 [ICON_PRODUCTION] Her Sehirde Üretim.</Text>
    </Row>
    <Row Tag="TXT_KEY_FOR_SCENARIO_POLICY_TRIBAL_BLOOM_DESC">
      <Text>Tribal Bloom Civilopedia yardim</Text>
    </Row>
    <Row Tag="TXT_KEY_FOR_SCENARIO_POLICY_DESTINYS_ARMY">
      <Text>Kaderin Ordusu</Text>
    </Row>
    <Row Tag="TXT_KEY_FOR_SCENARIO_POLICY_DESTINYS_ARMY_HELP">
      <Text>[COLOR_POSITIVE_TEXT]Kaderin Ordusu[ENDCOLOR][NEWLINE]+%50 [ICON_STRENGTH] bitisik karede baska bir askeri Birim bulunan askeri Birimler için savas gücü.</Text>
    </Row>
    <Row Tag="TXT_KEY_FOR_SCENARIO_POLICY_DESTINYS_ARMY_DESC">
      <Text>Destiny's Army Civilopedia yardim</Text>
    </Row>
    <Row Tag="TXT_KEY_FOR_SCENARIO_POLICY_KINGDOM_COME">
      <Text>Krallik Geliyor</Text>
    </Row>
    <Row Tag="TXT_KEY_FOR_SCENARIO_POLICY_KINGDOM_COME_HELP">
      <Text>[COLOR_POSITIVE_TEXT]Kingdom Come[ENDCOLOR][NEWLINE]+2 [ICON_FOOD] Sehir basina Gida, [ICON_PRODUCTION] Üretim, [ICON_GOLD] Altin ve [ICON_CULTURE] Kültür.</Text>
    </Row>
    <Row Tag="TXT_KEY_FOR_SCENARIO_POLICY_KINGDOM_COME_DESC">
      <Text>Kingdom Come Civilopedia yardim</Text>
    </Row>
    <Row Tag="TXT_KEY_FOR_SCENARIO_POLICY_BARBARIAN_FINISHER">
      <Text>Barbar agaci bitiricisi</Text>
    </Row>
    <Row Tag="TXT_KEY_FOR_SCENARIO_POLICY_BARBARIAN_FINISHER_HELP">
      <Text>[COLOR_POSITIVE_TEXT]Barbar agaci bitiricisi[ENDCOLOR][NEWLINE]Gelecekteki tüm [ICON_CULTURE] Kültürü 3'e 1 oraninda [ICON_GOLD] Altina dönüstürür.</Text>
    </Row>
    <Row Tag="TXT_KEY_FOR_SCENARIO_PROMOTION_DESTINYS_ARMY">
      <Text>Kaderin Ordusu</Text>
    </Row>
    <Row Tag="TXT_KEY_FOR_SCENARIO_PROMOTION_DESTINYS_ARMY_HELP">
      <Text>Dost bir Birime bitisik oldugunda +%50 [ICON_STRENGTH] Savas Gücü.</Text>
    </Row>
    <Row Tag="TXT_KEY_FOR_SCENARIO_PROMOTION_HEAL_ON_PILLAGE">
      <Text>Saglikli Yagma</Text>
    </Row>
    <Row Tag="TXT_KEY_FOR_SCENARIO_PROMOTION_HEAL_ON_PILLAGE_HELP">
      <Text>Bu birim [COLOR_POSITIVE_TEXT] yol olmayan bir düsman iyilestirmesini yagmaladiginda tamamen iyilesir [ENDCOLOR].</Text>
    </Row>
    <Row Tag="TXT_KEY_FOR_SCENARIO_PROMOTION_HUN_SPEED">
      <Text>Attila'nin Mahmuzlari</Text>
    </Row>
    <Row Tag="TXT_KEY_FOR_SCENARIO_PROMOTION_HUN_SPEED_HELP">
      <Text>2 ekstra hareket.</Text>
    </Row>
    <Row Tag="TXT_KEY_FOR_SCENARIO_PROMOTION_HUN_MEDIC_GENERAL">
      <Text>Gelistirilmis Medic</Text>
    </Row>
    <Row Tag="TXT_KEY_FOR_SCENARIO_PROMOTION_HUN_MEDIC_GENERAL_HELP">
      <Text>Bu birim ve bitisik karelerdeki diger tüm birimler [COLOR_POSITIVE_TEXT]Her turda 20 Ek HP[ENDCOLOR] iyilestirir.</Text>
    </Row>
    <Row Tag="TXT_KEY_PROMOTION_BARBARIAN_CONSCRIPT">
      <Text>Barbar Asker</Text>
    </Row>
    <Row Tag="TXT_KEY_PROMOTION_BARBARIAN_CONSCRIPT_HELP">
      <Text>-10% [ICON_STRENGTH] Savas Gücü</Text>
    </Row>
    <Row Tag="TXT_KEY_PROMOTION_RECRUITMENT_OFFICER">
      <Text>Ise Alim Görevlisi</Text>
    </Row>
    <Row Tag="TXT_KEY_PROMOTION_RECRUITMENT_OFFICER_HELP">
      <Text>Yenilen düsmanlari ise alir.</Text>
    </Row>
    <Row Tag="TXT_KEY_PROMOTION_ENEMY_ROUTE">
      <Text>Tanidik Yollar</Text>
    </Row>
    <Row Tag="TXT_KEY_PROMOTION_ENEMY_ROUTE_HELP">
      <Text>Düsman yollarinda kendi yollarinizmis gibi ilerleyin.</Text>
    </Row>
    <Row Tag="TXT_KEY_PROMOTION_FLANK">
      <Text>Silah Arkadaslari</Text>
    </Row>
    <Row Tag="TXT_KEY_PROMOTION_FLANK_HELP">
      <Text>Yanasma bonusunda +%50 degistirici.</Text>
    </Row>
    <Row Tag="TXT_KEY_FOR_SCENARIO_TP_GOLD_FROM_CULTURE">
      <Text>{1_Num} bitirici politikasindan her 3 [ICON_CULTURE] kültürü 1 [ICON_GOLD] altina dönüstürür.</Text>
    </Row>
  </Language_en_US>
</GameData>