﻿<?xml version="1.0" encoding="utf-8"?>
<!-- edited with XMLSPY v2004 rel. 2 U (http://www.xmlspy.com) by Anton Strenger (Firaxis Games) -->
<GameData>
  <Language_en_US>
    <!-- === City-States ===-->
    <Row Tag="TXT_KEY_CITY_STATE_ALLY_TT">
      <Text>Bir oyuncu bir Sehir Devletinin Müttefiki olursa, o Sehir Devletinin özelligiyle ilgili ekstra bonuslar alir ve ayrica Sehir Devletinin bagli oldugu tüm lüks ve stratejik Kaynaklari da alir.</Text>
    </Row>
    <Row Tag="TXT_KEY_CITY_STATE_ALLY_ACTIVE_PLAYER_TT">
      <Text>Siz onlarin mevcut Müttefikisiniz. Sehir Devletinin bagladigi lüks veya stratejik Kaynaklarin yani sira ekstra bonuslar aliyorsunuz.</Text>
    </Row>
    <Row Tag="TXT_KEY_CITY_STATE_ALLY_UNKNOWN_TT">
      <Text>Karsilanmamis bir oyuncu mevcut Müttefikidir.  Karsilanmamis oyuncuyu geçmek ve onun Müttefiki olmak için baska bir {1_NumInfluence} [ICON_INFLUENCE] Etkiye ihtiyaciniz vardir. [NEWLINE][NEWLINE]Bir oyuncu bir Sehir Devletinin Müttefiki olursa, o Sehir Devletinin özelligiyle ilgili ekstra bonuslar alir ve Sehir Devletinin bagli oldugu tüm lüks ve stratejik Kaynaklari da alir.</Text>
    </Row>
    <Row Tag="TXT_KEY_CITY_STATE_ALLY_NOBODY_TT">
      <Text>Su anda kimse onlarin Müttefiki degildir.  Onlarin Müttefiki olmak için baska bir {1_NumInfluence} [ICON_INFLUENCE] Etkiye ihtiyaciniz vardir. [NEWLINE][NEWLINE] Bir oyuncu bir Sehir Devletinin Müttefiki olursa, o Sehir Devletinin özelligiyle ilgili ekstra bonuslar alir ve Sehir Devletinin bagli oldugu tüm lüks ve stratejik Kaynaklari da alir.</Text>
    </Row>
    <Row Tag="TXT_KEY_CITY_STATE_DIPLO_HELLO_PEACE_PROTECTED">
      <Text>Korumaya devam etmeniz bizim için büyük bir tesellidir.  Sizin için ne yapabiliriz?</Text>
    </Row>
    <Row Tag="TXT_KEY_CITY_STATE_DIPLO_HELLO_QUEST_MESSAGE">
      <Text>Güzel, kuryelerimiz size zamaninda ulasti.  Ilginizi çekebilecek yeni bir görevimiz var.</Text>
    </Row>
    <Row Tag="TXT_KEY_CITY_STATE_GREETING_MERCANTILE">
      <Text>Bizler [COLOR_POSITIVE_TEXT] tüccar [ENDCOLOR] insanlariz ve vatandaslarinizi mutlu edebilecek pek çok lükse sahibiz.</Text>
    </Row>
    <Row Tag="TXT_KEY_CITY_STATE_GREETING_RELIGIOUS">
      <Text>Bizler [COLOR_POSITIVE_TEXT]Dindar[ENDCOLOR] insanlariz ve dini geleneklerinizi beslemenize yardimci olabiliriz.</Text>
    </Row>
    <Row Tag="TXT_KEY_CITY_STATE_QUEST_TURNS_REMAINING_FORMAL">
      <Text>(Kalan dönüsler: {1_TurnsRemaining})</Text>
    </Row>
    <Row Tag="TXT_KEY_CITY_STATE_QUEST_GIVE_GOLD">
      <Text>{1_CivName:textkey} bizi onlara haraç ödemeye zorladiktan sonra hala kötü durumdayiz. Yeniden ayaga kalkabilmemiz için bize biraz altin saglayabilirseniz çok minnettar oluruz.</Text>
    </Row>
    <Row Tag="TXT_KEY_CITY_STATE_QUEST_GIVE_GOLD_FORMAL">
      <Text>Onlara altin hediye etmenizi istiyorlar.</Text>
    </Row>
    <Row Tag="TXT_KEY_CITY_STATE_QUEST_PLEDGE_TO_PROTECT">
      <Text>{1_CivName:textkey} tarafindan itilip kakilmaktan biktik.  Bizi koruyacaginiza söz verirseniz, belki bir dahaki sefere onlari geri çevirebiliriz.  Zahmetinize degmesini saglariz.</Text>
    </Row>
    <Row Tag="TXT_KEY_CITY_STATE_QUEST_PLEDGE_TO_PROTECT_FORMAL">
      <Text>Onlara koruma sözü vermenizi istiyorlar.</Text>
    </Row>
    <Row Tag="TXT_KEY_CITY_STATE_QUEST_CONTEST_CULTURE">
      <Text>Sanatçilarimiz çalismalarina ilham verecek mantikli bir kültürel güç ariyorlar.  Kültürel gelisiminiz önümüzdeki yillarda bildigimiz diger medeniyetleri geride birakirsa, sizi ödüllendirecegiz.</Text>
    </Row>
    <Row Tag="TXT_KEY_CITY_STATE_QUEST_CONTEST_CULTURE_FORMAL">
      <Text>En büyük Kültür büyümesine sahip oyuncuyu ödüllendireceklerdir.</Text>
    </Row>
    <Row Tag="TXT_KEY_CITY_STATE_QUEST_CONTEST_CULTURE_WINNING_FORMAL">
      <Text>{TXT_KEY_CITY_STATE_QUEST_CONTEST_CULTURE_FORMAL} Su ana kadar [ICON_CULTURE][COLOR_POSITIVE_TEXT]([2][ENDCOLOR] ile liderligi ele geçirdiniz.)</Text>
    </Row>
    <Row Tag="TXT_KEY_CITY_STATE_QUEST_CONTEST_CULTURE_LOSING_FORMAL">
      <Text>{TXT_KEY_CITY_STATE_QUEST_CONTEST_CULTURE_FORMAL} Su ana kadar liderde [ICON_CULTURE]{1_LeaderScore} ve sizde [ICON_CULTURE][COLOR_POSITIVE_TEXT]{2_PlayerScore}[ENDCOLOR] var.</Text>
    </Row>
    <Row Tag="TXT_KEY_CITY_STATE_QUEST_CONTEST_FAITH">
      <Text>En çok Inanç kazanan oyuncuyu ödüllendirecegiz.</Text>
    </Row>
    <Row Tag="TXT_KEY_CITY_STATE_QUEST_CONTEST_FAITH_FORMAL">
      <Text>En büyük Inanç büyümesine sahip oyuncuyu ödüllendireceklerdir.</Text>
    </Row>
    <Row Tag="TXT_KEY_CITY_STATE_QUEST_CONTEST_FAITH_WINNING_FORMAL">
      <Text>{TXT_KEY_CITY_STATE_QUEST_CONTEST_FAITH_FORMAL} Su ana kadar [ICON_PEACE][COLOR_POSITIVE_TEXT]([2][ENDCOLOR] ile liderligi ele geçirdiniz.)</Text>
    </Row>
    <Row Tag="TXT_KEY_CITY_STATE_QUEST_CONTEST_FAITH_LOSING_FORMAL">
      <Text>{TXT_KEY_CITY_STATE_QUEST_CONTEST_FAITH_FORMAL} Su ana kadar liderde [ICON_PEACE]{1_LeaderScore} ve sizde [ICON_PEACE][COLOR_POSITIVE_TEXT]{2_PlayerScore}[ENDCOLOR] var.</Text>
    </Row>
    <Row Tag="TXT_KEY_CITY_STATE_QUEST_CONTEST_TECHS">
      <Text>En çok teknoloji kesfeden oyuncuyu ödüllendirecegiz.</Text>
    </Row>
    <Row Tag="TXT_KEY_CITY_STATE_QUEST_CONTEST_TECHS_FORMAL">
      <Text>En çok teknolojiyi kesfeden oyuncuyu ödüllendireceklerdir.</Text>
    </Row>
    <Row Tag="TXT_KEY_CITY_STATE_QUEST_CONTEST_TECHS_WINNING_FORMAL">
      <Text>{TXT_KEY_CITY_STATE_QUEST_CONTEST_TECHS_FORMAL} Su ana kadar [COLOR_POSITIVE_TEXT]{1_PlayerScore}[ENDCOLOR] Teknolojileri ile liderligi ele geçirdiniz.</Text>
    </Row>
    <Row Tag="TXT_KEY_CITY_STATE_QUEST_CONTEST_TECHS_LOSING_FORMAL">
      <Text>{TXT_KEY_CITY_STATE_QUEST_CONTEST_TECHS_FORMAL} Su ana kadar lider {1_LeaderScore} Teknolojilerine ve [COLOR_POSITIVE_TEXT]{2_PlayerScore}[ENDCOLOR]'e sahipsiniz.</Text>
    </Row>
    <Row Tag="TXT_KEY_CITY_STATE_QUEST_INVEST">
      <Text>Altin hediyeler geçici olarak daha etkilidir.</Text>
    </Row>
    <Row Tag="TXT_KEY_CITY_STATE_QUEST_INVEST_FORMAL">
      <Text>Altin hediyeler geçici olarak daha etkilidir.</Text>
    </Row>
    <Row Tag="TXT_KEY_CITY_STATE_QUEST_BULLY_CITY_STATE">
      <Text>Rakip sehir devletlerimizi hizaya getirmek için onlari sikistirmanizi istiyoruz.</Text>
    </Row>
    <Row Tag="TXT_KEY_CITY_STATE_QUEST_BULLY_CITY_STATE_FORMAL">
      <Text>{1_TargetName:textkey}'den haraç talep etmenizi istiyorlar.</Text>
    </Row>
    <Row Tag="TXT_KEY_CITY_STATE_QUEST_DENOUNCE_MAJOR">
      <Text>Son zamanlarda bize zorbalik yapan uygarligi kinamanizi istiyoruz, böylece dünya onlarin suçlarini bilsin.</Text>
    </Row>
    <Row Tag="TXT_KEY_CITY_STATE_QUEST_DENOUNCE_MAJOR_FORMAL">
      <Text>{1_TargetName:textkey}'yi ihbar etmenizi istiyorlar.</Text>
    </Row>
    <Row Tag="TXT_KEY_CITY_STATE_QUEST_SPREAD_RELIGION">
      <Text>Dininizi bize yaymanizi istiyoruz.</Text>
    </Row>
    <Row Tag="TXT_KEY_CITY_STATE_QUEST_SPREAD_RELIGION_FORMAL">
      <Text>{@1_ReligionName}'nin sehirlerinde çogunluk dini haline gelmesini istiyorlar.</Text>
    </Row>
    <Row Tag="TXT_KEY_CITY_STATE_QUEST_INVADING_BARBS">
      <Text>Bölgemizi istila eden Barbarlari yenmenizi istiyoruz.</Text>
    </Row>
    <Row Tag="TXT_KEY_CITY_STATE_QUEST_INVADING_BARBS_FORMAL">
      <Text>Bölgelerini isgal eden Barbar birliklerini yenmenizi istiyorlar.</Text>
    </Row>
    <Row Tag="TXT_KEY_CITY_STATE_QUEST_NONE">
      <Text>Hiçbiri</Text>
    </Row>
    <Row Tag="TXT_KEY_CITY_STATE_QUEST_NONE_FORMAL">
      <Text>Su anda bu sehir devletinin size verdigi bir görev yok.  Periyodik olarak size görevler verecekler, ancak son zamanlarda onlara zorbalik yaptiysaniz bundan kaçinabilirler.</Text>
    </Row>
    <Row Tag="TXT_KEY_CITY_STATE_MERCANTILE_TT">
      <Text>Dost olunan bir [COLOR_POSITIVE_TEXT]Ticaret [ENDCOLOR] Sehir Devleti, imparatorlugunuzda ekstra [ICON_HAPPINESS_1] Mutluluk saglar ve baska hiçbir sekilde elde edilemeyen özel lüks kaynaklar üretir.</Text>
    </Row>
    <Row Tag="TXT_KEY_CITY_STATE_RELIGIOUS_TT">
      <Text>Dost olunan [COLOR_POSITIVE_TEXT]Dindar[ENDCOLOR] bir Sehir Devleti [ICON_PEACE] Inancinizi artirarak dininizi yeni inançlar ve birimlerle güçlendirmenizi saglar.</Text>
    </Row>
    <Row Tag="TXT_KEY_CITY_STATE_MILITARISTIC_TT">
      <Text>Dost oldugunuz [COLOR_POSITIVE_TEXT]Militarist[ENDCOLOR] bir Sehir Devleti size zaman zaman gelismis askeri birimler hediye edecektir. Ayrica dogasi geregi daha militarist taleplerde de bulunacaklardir (örnegin bir Barbar Kampini yok etmek veya komsu bir Sehir Devletini ele geçirmek).</Text>
    </Row>
    <Row Tag="TXT_KEY_CITY_STATE_MILITARISTIC_NO_UU_TT">
      <Text>Dost oldugunuz [COLOR_POSITIVE_TEXT]Militarist[ENDCOLOR] bir Sehir Devleti size zaman zaman gelismis askeri birimler hediye edecektir.</Text>
    </Row>
    <Row Tag="TXT_KEY_CITY_STATE_DIPLO_JUST_BULLIED">
      <Text>Görünüse göre baska seçenegimiz yok.  Altinlarinizi alin ama bize zarar vermeyin.</Text>
    </Row>
    <Row Tag="TXT_KEY_CITY_STATE_DIPLO_JUST_BULLIED_WORKER">
      <Text>Ne? Bu ne cüret!  Bir gün bunun bedelini ödeyeceksin.</Text>
    </Row>
    <Row Tag="TXT_KEY_CITY_STATE_DIPLO_JUST_SUPPORTED">
      <Text>Ah, tam da aradigimiz sey.  Desteginiz için tesekkür ederiz.</Text>
    </Row>
    <Row Tag="TXT_KEY_CITY_STATE_DIPLO_JUST_REVOKED_PROTECTION">
      <Text>Pekala, gerekiyorsa bize sirtinizi dönün.</Text>
    </Row>
    <Row Tag="TXT_KEY_CITY_STATE_GIFT_FAITH_FIRST">
      <Text>Size [COLOR_POSITIVE_TEXT]([1] [ICON_PEACE] Iman[ENDCOLOR] ödülünü vererek degerli dini putlarini veriyorlar.)</Text>
    </Row>
    <Row Tag="TXT_KEY_CITY_STATE_GIFT_FAITH_OTHER">
      <Text>Dini ritüeller hakkindaki bilgilerini paylasarak size [COLOR_POSITIVE_TEXT]([1] [ICON_PEACE] Inanç[ENDCOLOR] verirler.)</Text>
    </Row>
    <Row Tag="TXT_KEY_ANGRY_CSTATE_TT">
      <Text>Onlari kizdiracak bir sey yaptiniz {1_CityStateName:textkey}. Belki sinirlarindan geçtiniz ya da yakin zamanda savasa girdiniz.[NEWLINE][NEWLINE]Onlarla olan [ICON_INFLUENCE] Nüfuzunuz her turda {2_Num} iyilesir. Isleri hizlandirmak için onlara [ICON_GOLD] Altin hediye edebilirsiniz.</Text>
    </Row>
    <Row Tag="TXT_KEY_NEUTRAL_CSTATE_TT">
      <Text>{1_CityStateName:textkey} sizden ne hoslaniyor ne de hoslanmiyor. Yeterli [ICON_GOLD] Altininiz varsa, [ICON_INFLUENCE] Nüfuzunuzu artirmak için ona bir hediye verebilirsiniz.</Text>
    </Row>
    <Row Tag="TXT_KEY_FRIENDS_CSTATE_TT">
      <Text>{1_CityStateName:textkey} ile [COLOR_POSITIVE_TEXT]Arkadassiniz[ENDCOLOR]. Her tur, onlarla olan [ICON_INFLUENCE] Nüfuzunuz {2_Num} kadar degisecektir.</Text>
    </Row>
    <Row Tag="TXT_KEY_ALLIES_CSTATE_TT">
      <Text>{1_CityStateName:textkey} ile [COLOR_POSITIVE_TEXT]Müttefiksiniz[ENDCOLOR]. Her tur, onlarla olan [ICON_INFLUENCE] Nüfuzunuz {2_Num} kadar degisecektir.</Text>
    </Row>
    <Row Tag="TXT_KEY_CITY_STATE_QUEST_KILL_CAMP_FORMAL">
      <Text>Yakindaki bir Barbar Kampi'nin yok edilmesini istiyorlar.</Text>
    </Row>
    <Row Tag="TXT_KEY_CSTATE_CULTURE_BONUS">
      <Text>Onlardan tur basina [COLOR_POSITIVE_TEXT] {1_Num} [ICON_CULTURE] Kültür[ENDCOLOR] aliyorsunuz.</Text>
    </Row>
    <Row Tag="TXT_KEY_CSTATE_HAPPINESS_BONUS">
      <Text>Onlardan [COLOR_POSITIVE_TEXT]([1] [ICON_HAPPINESS_1] Mutluluk[ENDCOLOR] aliyorsunuz.</Text>
    </Row>
    <Row Tag="TXT_KEY_CSTATE_FAITH_BONUS">
      <Text>Onlardan tur basina [COLOR_POSITIVE_TEXT]([1] [ICON_PEACE] Inanç[ENDCOLOR] aliyorsunuz.</Text>
    </Row>
    <Row Tag="TXT_KEY_CSTATE_INFLUENCE_RATE">
      <Text>Her turda, onlarla olan [ICON_INFLUENCE] Nüfuzunuz {1_InfluenceRate} kadar degisecek ve {2_InfluenceAnchor}'e ulasacaktir.</Text>
    </Row>
    <Row Tag="TXT_KEY_CSTATE_CAN_BULLY">
      <Text>Askeri gücünüzün farkindalar ve haraç talebine boyun egecekler.</Text>
    </Row>
    <Row Tag="TXT_KEY_CSTATE_CANNOT_BULLY">
      <Text>Askerlerinizden korkmuyorlar ve haraç taleplerine direnecekler.</Text>
    </Row>
    <Row Tag="TXT_KEY_DIPLO_BULLY_CITY_STATE_PROMISE_BROKEN">
      <Text>[COLOR_NEGATIVE_TEXT]Kendileri tarafindan korunan bir Sehir Devletinden haraç talep etmeyeceginize dair bir söz verdiniz ve sonra sözünüzü tutmadiniz! [ENDCOLOR]</Text>
    </Row>
    <Row Tag="TXT_KEY_DIPLO_BULLY_CITY_STATE_PROMISE_IGNORED">
      <Text>[COLOR_NEGATIVE_TEXT] Kendileri tarafindan korunan bir Sehir Devletinden haraç talep etmeyi birakmanizi istediler ve siz onlari görmezden geldiniz![ENDCOLOR]</Text>
    </Row>
    <Row Tag="TXT_KEY_DIPLO_DISCUSS_PROTECTED_MINOR_FORGIVE_TT">
      <Text>{1_CivName:textkey} ile iliskilerinizi sürdürün, ancak {2_MinorCivName:textkey}'i koruma taahhüdünüzü iptal etmeli ve {3_InfluenceLoss} [ICON_INFLUENCE] Etkisini kaybetmelisiniz.</Text>
    </Row>
    <Row Tag="TXT_KEY_DIPLO_DISCUSS_PROTECTED_MINOR_DISPUTE_TT">
      <Text>{2_MinorCivName:textkey} ile iliskilerinizi sürdürün, ancak {1_CivName:textkey}'ü geçici olarak kizdiracak ve savasin tirmanmasi riskini alacaksiniz.</Text>
    </Row>
    <Row Tag="TXT_KEY_DIPLO_DISCUSS_SORRY_FOR_BULLYING">
      <Text>Özür dileriz.  Onlari yalniz birakacagiz.</Text>
    </Row>
    <Row Tag="TXT_KEY_DIPLO_PROTECTED_MINORS_BULLIED">
      <Text>[COLOR_NEGATIVE_TEXT]Korumalari altindaki Sehir Devletlerinden haraç talep ettiniz![ENDCOLOR]</Text>
    </Row>
    <Row Tag="TXT_KEY_DIPLO_SIDED_WITH_MINOR">
      <Text>[COLOR_NEGATIVE_TEXT]Korudugunuz Sehir Devletlerine kötü davrandilar ve siz de görmezden gelmediniz![ENDCOLOR]</Text>
    </Row>
    <Row Tag="TXT_KEY_DIPLO_RELIGIOUS_CONVERSIONS">
      <Text>[COLOR_NEGATIVE_TEXT] Onlar kendi dinlerini yayiyorlar, ama siz onlarin bazi sehirlerini kendi dininize döndürdünüz [ENDCOLOR].</Text>
    </Row>
    <Row Tag="TXT_KEY_DIPLO_ADOPTING_MY_RELIGION">
      <Text>[COLOR_POSITIVE_TEXT] Sehirlerinin çogunda sizin dininizi seve seve benimsediler [ENDCOLOR].</Text>
    </Row>
    <Row Tag="TXT_KEY_DIPLO_ADOPTING_HIS_RELIGION">
      <Text>[COLOR_POSITIVE_TEXT] Sehirlerinizin çogunda onlarin dinini benimsediniz. [ENDCOLOR]</Text>
    </Row>
    <Row Tag="TXT_KEY_DIPLO_SAME_LATE_POLICY_TREES">
      <Text>[COLOR_POSITIVE_TEXT]Ikiniz de {1_PolicyTree} politikalarini benimsemeyi seçtiniz.[ENDCOLOR]</Text>
    </Row>
    <Row Tag="TXT_KEY_DIPLO_DIFFERENT_LATE_POLICY_TREES">
      <Text>[COLOR_NEGATIVE_TEXT]Siz {1_YourPolicyTree} politikalarini benimsemeyi seçtiniz, ancak onlar {2_TheirPolicyTree}'e inaniyorlar.[ENDCOLOR]</Text>
    </Row>
    <Row Tag="TXT_KEY_NOTIFICATION_QUEST_GIVEN_CONDENSED">
      <Text>Yeni Sehir-Devleti Görevleri mevcuttur.  Bir Görevi tamamlarsaniz, o Sehir Devleti ile [ICON_INFLUENCE] Nüfuz kazanirsiniz.  (Tüm Görevleri bir bakista görmek için Diplomasi menüsünün Sehir Devletleri bölümüne bakin.)[NEWLINE][NEWLINE]</Text>
    </Row>
    <Row Tag="TXT_KEY_NOTIFICATION_SUMMARY_QUEST_GIVEN_CONDENSED">
      <Text>Yeni Sehir-Devlet Görevleri</Text>
    </Row>
    <Row Tag="TXT_KEY_NOTIFICATION_QUEST_COMPLETE_KILL_CAMP">
      <Text>{1_CivName:textkey} tarafindan talep edildigi üzere Barbar Kampini basariyla yok ettiniz! Onlar üzerindeki [ICON_INFLUENCE] Nüfuzunuz artti.</Text>
    </Row>
    <Row Tag="TXT_KEY_NOTIFICATION_QUEST_COMPLETE_CONNECT_RESOURCE">
      <Text>{@2_CivName}'ün istedigi gibi, {@1_ResourceName}'ü ticaret aginiza basariyla bagladiniz! Tüccarlari memnun ve onlarla olan [ICON_INFLUENCE] Etki düzeyiniz artti.</Text>
    </Row>
    <Row Tag="TXT_KEY_NOTIFICATION_QUEST_COMPLETE_CONSTRUCT_WONDER">
      <Text>{@2_CivName}'ün istedigi gibi, {@1_WonderName}'ü basariyla insa ettiniz! Onlarla olan [ICON_INFLUENCE] Etkiniz artti.</Text>
    </Row>
    <Row Tag="TXT_KEY_NOTIFICATION_QUEST_COMPLETE_KILL_CITY_STATE">
      <Text>{2_CivName:textkey}'ü çok sevindirecek sekilde, {1_TargetName:textkey}'ü elediniz! Bu konudaki yardimlariniz için son derece minnettarlar.</Text>
    </Row>
    <Row Tag="TXT_KEY_NOTIFICATION_QUEST_COMPLETE_GREAT_PERSON">
      <Text>{2_CivName:textkey}'ün istedigi gibi, basarili bir {1_UnitName} yarattiniz! Onlarin âlimleri husu içinde ve senin onlar üzerindeki [ICON_INFLUENCE] nüfuzun artti.</Text>
    </Row>
    <Row Tag="TXT_KEY_NOTIFICATION_QUEST_COMPLETE_FIND_PLAYER">
      <Text>{1_TargetName:textkey}'ü kesfetmeniz {2_CivName:textkey} tüccarlarini çok memnun etti. [ICON_INFLUENCE] Onlar üzerindeki etkiniz artti.</Text>
    </Row>
    <Row Tag="TXT_KEY_NOTIFICATION_QUEST_COMPLETE_FIND_NATURAL_WONDER">
      <Text>Yeni bir Doga Harikasi kesfiniz {1_CivName:textkey} vatandaslarina ilham verdi! Cabalariniz sayesinde onlar üzerindeki [ICON_INFLUENCE] etkiniz artti.</Text>
    </Row>
    <Row Tag="TXT_KEY_NOTIFICATION_QUEST_GIVE_GOLD">
      <Text>{2_MinorCivName:textkey} yakin zamanda {1_BullyName:textkey}'e haraç ödemek zorunda kaldi ve simdi hazinesi bos.  Yeniden ayaga kalkmalarina yardimci olmak için bir altin hediye istiyorlar.  Onlara yardim ederseniz, sizi ödüllendirecekler ve gelecekteki haraç taleplerine karsi daha dirençli olacaklar.</Text>
    </Row>
    <Row Tag="TXT_KEY_NOTIFICATION_SUMMARY_QUEST_GIVE_GOLD">
      <Text>{1_MinorCivName:textkey} iflas etti!</Text>
    </Row>
    <Row Tag="TXT_KEY_NOTIFICATION_QUEST_COMPLETE_GIVE_GOLD">
      <Text>Altin hediyeniz {2_MinorCivName:textkey}'ün {1_BullyName:textkey}'e ödedigi haraçtan kurtulmasina yardimci oldu!  Onlar üzerindeki [ICON_INFLUENCE] Nüfuzunuz [COLOR_POSITIVE_TEXT]([3][ENDCOLOR] kadar artti ve gelecekteki haraç taleplerine karsi daha dirençliler.</Text>
    </Row>
    <Row Tag="TXT_KEY_NOTIFICATION_SUMMARY_QUEST_COMPLETE_GIVE_GOLD">
      <Text>{1_MinorCivName:textkey}'ye verilen altin destek!</Text>
    </Row>
    <Row Tag="TXT_KEY_NOTIFICATION_QUEST_PLEDGE_TO_PROTECT">
      <Text>{2_MinorCivName:textkey} yakin zamanda {1_BullyName:textkey}'e haraç ödemek zorunda kaldi ve büyük bir güçten koruma istiyor.  Eger onlari korumaya söz verirseniz, sizi ödüllendireceklerdir.</Text>
    </Row>
    <Row Tag="TXT_KEY_NOTIFICATION_SUMMARY_QUEST_PLEDGE_TO_PROTECT">
      <Text>{1_MinorCivName:textkey} koruma ariyor!</Text>
    </Row>
    <Row Tag="TXT_KEY_NOTIFICATION_QUEST_COMPLETE_PLEDGE_TO_PROTECT">
      <Text>{2_MinorCivName:textkey}'ü koruma sözünüz {1_BullyName:textkey}'e ödedikleri haraçtan kurtulmalarina yardimci oldu!  Onlar üzerindeki [ICON_INFLUENCE] Nüfuzunuz [COLOR_POSITIVE_TEXT]([3][ENDCOLOR] oraninda artti ve gelecekteki haraç taleplerine karsi daha dirençliler.</Text>
    </Row>
    <Row Tag="TXT_KEY_NOTIFICATION_SUMMARY_QUEST_COMPLETE_PLEDGE_TO_PROTECT">
      <Text>{1_MinorCivName:textkey}'ye taahhüt edilen koruma!</Text>
    </Row>
    <Row Tag="TXT_KEY_NOTIFICATION_QUEST_CONTEST_CULTURE">
      <Text>{3_MinorCivName:textkey}'te sanat gelisiyor ve kültürel rehberlik ariyorlar.  {2_TurnsDuration} turluk bir süre içinde en fazla [ICON_CULTURE] Kültürü kim üretebilirse, onlarla [ICON_INFLUENCE] Nüfuz kazanacaktir.  [COLOR_POSITIVE_TEXT]{1_TurnsRemaining} tur kalir.[ENDCOLOR]</Text>
    </Row>
    <Row Tag="TXT_KEY_NOTIFICATION_SUMMARY_QUEST_CONTEST_CULTURE">
      <Text>{1_MinorCivName:textkey} kültüre hasret!</Text>
    </Row>
    <Row Tag="TXT_KEY_NOTIFICATION_QUEST_COMPLETE_CONTEST_CULTURE">
      <Text>Kültürünüzle onlari {1_MinorCivName:textkey} etkilediniz!  Diger medeniyetlerin kültürlerini görmezden geliyorlar ve sizin [ICON_INFLUENCE] onlar üzerindeki etkiniz [COLOR_POSITIVE_TEXT]([2][ENDCOLOR] kadar artti.)  Basarili olan medeniyetler (beraberliklere izin verilir):[NEWLINE]</Text>
    </Row>
    <Row Tag="TXT_KEY_NOTIFICATION_SUMMARY_QUEST_COMPLETE_CONTEST_CULTURE">
      <Text>{1_MinorCivName:textkey} size hayranlik duyuyor!</Text>
    </Row>
    <Row Tag="TXT_KEY_NOTIFICATION_QUEST_ENDED_CONTEST_CULTURE">
      <Text>Baska bir uygarlik kültürüyle {1_MinorCivName:textkey} etkiledi.  Kültürel gelisiminiz yeterli olmadi ve [ICON_INFLUENCE] Etkiniz eskisi gibi kaldi.  Basarili olan medeniyetler (baglara izin verilir):[NEWLINE]</Text>
    </Row>
    <Row Tag="TXT_KEY_NOTIFICATION_SUMMARY_QUEST_ENDED_CONTEST_CULTURE">
      <Text>{1_MinorCivName:textkey} baska bir yere bakar</Text>
    </Row>
    <Row Tag="TXT_KEY_NOTIFICATION_QUEST_CONTEST_FAITH">
      <Text>{3_MinorCivName:textkey} halki dini rehberlik için dünyevi islere bakar.  Kim {2_TurnsDuration} turluk bir süre içinde en çok [ICON_PEACE] Imani toplayabilirse, onlar üzerinde [ICON_INFLUENCE] Etki kazanacaktir.  [COLOR_POSITIVE_TEXT]{1_TurnsRemaining} tur kalir.[ENDCOLOR]</Text>
    </Row>
    <Row Tag="TXT_KEY_NOTIFICATION_SUMMARY_QUEST_CONTEST_FAITH">
      <Text>{1_MinorCivName:textkey} inanç gerektirir!</Text>
    </Row>
    <Row Tag="TXT_KEY_NOTIFICATION_QUEST_COMPLETE_CONTEST_FAITH">
      <Text>{1_MinorCivName:textkey} rahipleri sizin dindarliginizdan etkilendiler.  Diger medeniyetlerin asagi inançlarindan kaçiniyorlar ve [ICON_INFLUENCE] üzerlerindeki etkiniz [COLOR_POSITIVE_TEXT]([2][ENDCOLOR] oraninda artti.)  Basarili olan medeniyetler (beraberliklere izin verilir):[NEWLINE]</Text>
    </Row>
    <Row Tag="TXT_KEY_NOTIFICATION_SUMMARY_QUEST_COMPLETE_CONTEST_FAITH">
      <Text>{1_MinorCivName:textkey} size hayranlik duyuyor!</Text>
    </Row>
    <Row Tag="TXT_KEY_NOTIFICATION_QUEST_ENDED_CONTEST_FAITH">
      <Text>Baska bir uygarlik inanciyla {1_MinorCivName:textkey} etkiledi.  Inanç artisiniz yeterli olmadi ve [ICON_INFLUENCE] Etkiniz eskisi gibi kaldi.  Basarili olan medeniyetler (beraberliklere izin verilir):[NEWLINE]</Text>
    </Row>
    <Row Tag="TXT_KEY_NOTIFICATION_SUMMARY_QUEST_ENDED_CONTEST_FAITH">
      <Text>{1_MinorCivName:textkey} baska bir yere bakar</Text>
    </Row>
    <Row Tag="TXT_KEY_NOTIFICATION_QUEST_CONTEST_TECHS">
      <Text>{3_MinorCivName:textkey}'ün önde gelen entelektüelleri, yeni bilimsel kesifleri hizla ortaya çikaran medeniyetlerle daha yakin iliskiler kurmaya çalisir.  {2_TurnsDuration} turluk bir süre içinde en çok teknolojiyi kesfeden, onlarla ([ICON_INFLUENCE]) Nüfuz kazanacaktir.  [COLOR_POSITIVE_TEXT]{1_TurnsRemaining} tur kalir.[ENDCOLOR]</Text>
    </Row>
    <Row Tag="TXT_KEY_NOTIFICATION_SUMMARY_QUEST_CONTEST_TECHS">
      <Text>{1_MinorCivName:textkey} bilim için ariyor!</Text>
    </Row>
    <Row Tag="TXT_KEY_NOTIFICATION_QUEST_COMPLETE_CONTEST_TECHS">
      <Text>{1_MinorCivName:textkey} sizin hizli teknolojik ilerlemeleriniz karsisinda hayrete düstü!  Bilim insanlari ve entelektüelleri diger medeniyetleri durgun olarak nitelendiriyor ve sizin [ICON_INFLUENCE] onlar üzerindeki etkiniz [COLOR_POSITIVE_TEXT]([2][ENDCOLOR] oraninda artti.)  Basarili olan medeniyetler (beraberliklere izin verilir):[NEWLINE]</Text>
    </Row>
    <Row Tag="TXT_KEY_NOTIFICATION_SUMMARY_QUEST_COMPLETE_CONTEST_TECHS">
      <Text>{1_MinorCivName:textkey} size hayranlik duyuyor!</Text>
    </Row>
    <Row Tag="TXT_KEY_NOTIFICATION_QUEST_ENDED_CONTEST_TECHS">
      <Text>Baska bir uygarlik teknolojik ilerlemesiyle {1_MinorCivName:textkey} etkiledi.  Bilimsel kesifleriniz yeterli olmadi ve [ICON_INFLUENCE] Etkiniz eskisi gibi kaldi.  Basarili olan medeniyetler (beraberliklere izin verilir):[NEWLINE]</Text>
    </Row>
    <Row Tag="TXT_KEY_NOTIFICATION_SUMMARY_QUEST_ENDED_CONTEST_TECHS">
      <Text>{1_MinorCivName:textkey} baska bir yere bakar</Text>
    </Row>
    <Row Tag="TXT_KEY_NOTIFICATION_QUEST_INVEST">
      <Text>{3_MinorCivName:textkey} büyük bir kamu isleri projesi yürütüyor.  Bu süre zarfinda onlara verilen her altin hediyesi daha etkili olacak ve [COLOR_POSITIVE_TEXT]{2_BoostPercentage}%[ENDCOLOR] daha fazla [ICON_INFLUENCE] Etki kazandiracaktir.  [COLOR_POSITIVE_TEXT]{1_TurnsRemaining} dönüs kaldi.[ENDCOLOR]</Text>
    </Row>
    <Row Tag="TXT_KEY_NOTIFICATION_SUMMARY_QUEST_INVEST">
      <Text>{1_MinorCivName:textkey} yatirimci ariyor!</Text>
    </Row>
    <Row Tag="TXT_KEY_NOTIFICATION_QUEST_COMPLETE_INVEST">
      <Text>{1_MinorCivName:textkey} projesini tamamladi.  Altin hediyelerden kazanilan [ICON_INFLUENCE] Nüfuz miktari normale döner.</Text>
    </Row>
    <Row Tag="TXT_KEY_NOTIFICATION_SUMMARY_QUEST_COMPLETE_INVEST">
      <Text>{1_MinorCivName:textkey} artik yatirimcilara ihtiyaç duymuyor</Text>
    </Row>
    <Row Tag="TXT_KEY_NOTIFICATION_QUEST_ENDED_INVEST">
      <Text>{1_MinorCivName:textkey} projesini tamamladi.  Altin hediyelerden kazanilan [ICON_INFLUENCE] Nüfuz miktari normale döner.</Text>
    </Row>
    <Row Tag="TXT_KEY_NOTIFICATION_SUMMARY_QUEST_ENDED_INVEST">
      <Text>{1_MinorCivName:textkey} artik yatirimcilara ihtiyaç duymuyor</Text>
    </Row>
    <Row Tag="TXT_KEY_NOTIFICATION_QUEST_BULLY_CITY_STATE">
      <Text>{2_MinorCivName:textkey}'ün liderleri diger Sehir Devletlerinin refahini izliyor ve rakiplerini kontrol altinda tutmaya yardimci olmanizi istiyorlar.  Eger {1_TargetName:textkey}'ten herhangi bir haraç talep ederseniz, sizi ödüllendireceklerdir.</Text>
    </Row>
    <Row Tag="TXT_KEY_NOTIFICATION_SUMMARY_QUEST_BULLY_CITY_STATE">
      <Text>{2_MinorCivName:textkey} zorbaliga ugramak istiyor {1_TargetName:textkey}</Text>
    </Row>
    <Row Tag="TXT_KEY_NOTIFICATION_QUEST_COMPLETE_BULLY_CITY_STATE">
      <Text>{2_MinorCivName:textkey} rakibinin {1_TargetName:textkey} kivrandigini ve zor kazanilan kaynaklardan vazgeçtigini görmekten keyif aldi.  [ICON_INFLUENCE] Onlar üzerindeki etkiniz [COLOR_POSITIVE_TEXT]([3][ENDCOLOR] kadar artti!)</Text>
    </Row>
    <Row Tag="TXT_KEY_NOTIFICATION_SUMMARY_QUEST_COMPLETE_BULLY_CITY_STATE">
      <Text>{1_TargetName:textkey} {2_MinorCivName:textkey} için zorbaliga ugradi!</Text>
    </Row>
    <Row Tag="TXT_KEY_NOTIFICATION_QUEST_DENOUNCE_MAJOR">
      <Text>{2_MinorCivName:textkey} son zamanlarda {1_TargetName:textkey} tarafindan zorbaliga ugradi ve bu adaletsizligi büyük dünya güçlerinin dikkatine sunmanin bir yolunu ariyorlar.  Eger {1_TargetName:textkey}'yi ihbar ederseniz, size çok minnettar olacaklar ve sizi ödüllendireceklerdir.</Text>
    </Row>
    <Row Tag="TXT_KEY_NOTIFICATION_SUMMARY_QUEST_DENOUNCE_MAJOR">
      <Text>{2_MinorCivName:textkey}, {1_TargetName:textkey}'e karsi adalet ariyor</Text>
    </Row>
    <Row Tag="TXT_KEY_NOTIFICATION_QUEST_COMPLETE_DENOUNCE_MAJOR">
      <Text>{2_MinorCivName:textkey}, {1_TargetName:textkey}'in ellerinde ugradiklari adaletsizligin artik büyük dünya güçleri tarafindan bilinmesinden dolayi rahatladi.  Sizin [ICON_INFLUENCE] onlar üzerindeki etkiniz [COLOR_POSITIVE_TEXT]([3][ENDCOLOR] oraninda artti!)</Text>
    </Row>
    <Row Tag="TXT_KEY_NOTIFICATION_SUMMARY_QUEST_COMPLETE_DENOUNCE_MAJOR">
      <Text>{1_TargetName:textkey} {2_MinorCivName:textkey} için ihbar edildi!</Text>
    </Row>
    <Row Tag="TXT_KEY_NOTIFICATION_QUEST_SPREAD_RELIGION">
      <Text>{@2_MinorCivName}'ten bir grup vatandas {@1_ReligionName}'in ilkelerini duydu ve sizden bu dini sehirlerine yaymanizi istiyor.  Eger {@1_ReligionName} çogunluk dini haline gelirse, [ICON_INFLUENCE] onlar üzerindeki etkiniz artacaktir.</Text>
    </Row>
    <Row Tag="TXT_KEY_NOTIFICATION_SUMMARY_QUEST_SPREAD_RELIGION">
      <Text>{@2_MinorCivName} istiyor {@1_ReligionName}</Text>
    </Row>
    <Row Tag="TXT_KEY_NOTIFICATION_QUEST_COMPLETE_SPREAD_RELIGION">
      <Text>{@2_MinorCivName} vatandaslari {@1_ReligionName}'in sehirlerine gelmesinden ve baskin din haline gelmesinden memnunlar.  Sizin [ICON_INFLUENCE] onlar üzerindeki etkiniz [COLOR_POSITIVE_TEXT]([3][ENDCOLOR] oraninda artti!)</Text>
    </Row>
    <Row Tag="TXT_KEY_NOTIFICATION_SUMMARY_QUEST_COMPLETE_SPREAD_RELIGION">
      <Text>{@1_ReligionName} {@2_MinorCivName}'e yayildi</Text>
    </Row>
    <Row Tag="TXT_KEY_NOTIFICATION_QUEST_ENDED_OTHER">
      <Text>Uzun bir süre bekledikten sonra, {1_MinorCivName:textkey} liderleri daha önce size verdikleri bir görevi iptal etmeye karar verdiler.</Text>
    </Row>
    <Row Tag="TXT_KEY_NOTIFICATION_SUMMARY_QUEST_ENDED_OTHER">
      <Text>{1_MinorCivName:textkey} görevi iptal eder</Text>
    </Row>
    <Row Tag="TXT_KEY_NOTIFICATION_QUEST_ENDED_REVOKED">
      <Text>{1_MinorCivName:textkey}'den haraç talep ettiginiz için, daha önce size sunulan görevleri iptal ettiler.  Size tekrar serbestçe görev sunmalari için zaman geçmesi gerekiyor.</Text>
    </Row>
    <Row Tag="TXT_KEY_NOTIFICATION_SUMMARY_QUEST_ENDED_REVOKED">
      <Text>{1_MinorCivName:textkey} görevleri iptal eder</Text>
    </Row>
    <Row Tag="TXT_KEY_NOTIFICATION_MINOR_NOW_FRIENDS_MERCANTILE">
      <Text>Bir [COLOR_POSITIVE_TEXT]Ticaret[ENDCOLOR] Sehir Devleti olarak, pazarlari halkiniza egzotik ürünler sunar! (+{1_NumHappiness} [ICON_HAPPINESS_1] Mutluluk)</Text>
    </Row>
    <Row Tag="TXT_KEY_NOTIFICATION_MINOR_NOW_FRIENDS_RELIGIOUS">
      <Text>Bir [COLOR_POSITIVE_TEXT]Dini[ENDCOLOR] Sehir Devleti olarak, ritüeller hakkindaki bilgilerini sizinle paylasirlar! (+{1_NumFaith} [ICON_PEACE] Dönüs basina Inanç)</Text>
    </Row>
    <Row Tag="TXT_KEY_NOTIFICATION_MINOR_LOST_MERCANTILE">
      <Text>({1_NumHappiness} [ICON_HAPPINESS_1] Mutluluk)</Text>
    </Row>
    <Row Tag="TXT_KEY_NOTIFICATION_MINOR_LOST_RELIGIOUS">
      <Text>({1_NumFaith} [ICON_PEACE] Kaybedilen dönüs basina inanç)</Text>
    </Row>
    <Row Tag="TXT_KEY_NOTIFICATION_MINOR_NOW_ALLIES_MERCANTILE">
      <Text>Bir [COLOR_POSITIVE_TEXT]Ticaret [ENDCOLOR] Sehir Devleti olarak, pazarlari egzotik mallarin ticaretini imparatorlugunuza yayar! (+{1_NumHappiness} [ICON_HAPPINESS_1] Mutluluk)</Text>
    </Row>
    <Row Tag="TXT_KEY_NOTIFICATION_MINOR_NOW_ALLIES_RELIGIOUS">
      <Text>Bir [COLOR_POSITIVE_TEXT]Dindar[ENDCOLOR] Sehir Devleti olarak, size en degerli dini emanetlerini verirler! (+{1_NumFaith} [ICON_PEACE] Dönüs basina Inanç)</Text>
    </Row>
    <Row Tag="TXT_KEY_NOTIFICATION_MINOR_NOW_ALLIES_MILITARISTIC">
      <Text>[COLOR_POSITIVE_TEXT]Militarist[ENDCOLOR] bir Sehir Devleti olarak, size düzenli olarak askeri Birlikler vereceklerdir.</Text>
    </Row>
    <Row Tag="TXT_KEY_NOTIFICATION_MINORS_NOW_WARY">
      <Text>Sehir Devletleri temkinli davraniyor</Text>
    </Row>
    <Row Tag="TXT_KEY_NOTIFICATION_MINORS_NOW_WARY_TT">
      <Text>Zayif komsulariniza karsi saldirganliginiz gözden kaçmadi.  [ICON_INFLUENCE] Nüfuz için dinlenme noktasi bu sehir devletleri için [COLOR_NEGATIVE_TEXT]([1][ENDCOLOR] kadar azaldi ve dostlugu sürdürmeyi daha maliyetli hale getirdi:[NEWLINE]</Text>
    </Row>
    <Row Tag="TXT_KEY_NOTIFICATION_MAYA_LONG_COUNT">
      <Text>MAYA UZUN SAYIM BONUSU</Text>
    </Row>
    <Row Tag="TXT_KEY_NOTIFICATION_MAYA_LONG_COUNT_TT">
      <Text>Maya Uzun Sayim takviminin mevcut b'ak'tun dönemi sona erdi. Maya tarihindeki bu dönüm noktasini kutlamak için bir bonus seçin!</Text>
    </Row>
    <Row Tag="TXT_KEY_NOTIFICATION_FAITH_GREAT_PERSON">
      <Text>FAITH'TEN HARIKA BIR INSAN!</Text>
    </Row>
    <Row Tag="TXT_KEY_NOTIFICATION_FAITH_GREAT_PERSON_TT">
      <Text>Seçtiginiz bir Büyük Kisiyi kazanmak için yeterince Inanç biriktirdiniz!</Text>
    </Row>
    <Row Tag="TXT_KEY_NOTIFICATION_GREAT_ARTIST_STOLE_PLOT">
      <Text>{1_CivName:textkey} topraklarinizin bir kismini çalmak için Büyük Sanatçi'yi kullandi!</Text>
    </Row>
    <Row Tag="TXT_KEY_NOTIFICATION_MINOR_BUYOUT">
      <Text>{@2_MinorCivName} evlilik yoluyla {@1_CivName}'e katilir!</Text>
    </Row>
    <Row Tag="TXT_KEY_NOTIFICATION_MINOR_BUYOUT_TT_1">
      <Text>{@1_CivName}'in güzel prensesi {@2_MinorCivName}'nin bir soylusuyla evlendirildi.  Evlilik yoluyla birlesen diplomatik bir iliski ile {@2_MinorCivName}, {@1_CivName}'in kalici bir parçasi haline geldi.</Text>
    </Row>
    <Row Tag="TXT_KEY_NOTIFICATION_MINOR_BUYOUT_TT_2">
      <Text>{@1_CivName}'in yakisikli prensi {@2_MinorCivName}'nin soylu bir kadiniyla evlendirildi.  Evlilik yoluyla birlesen diplomatik bir iliski ile {@2_MinorCivName}, {@1_CivName}'in kalici bir parçasi haline geldi.</Text>
    </Row>
    <Row Tag="TXT_KEY_POP_CSTATE_GIFT_TILE_IMPROVEMENT_TT">
      <Text>Bu Sehir Devleti ile müttefikseniz, Stratejik veya Lüks kaynaklarindan birini gelistirmek için [ICON_GOLD] Altin ödeyerek ona erisim saglayabilirsiniz.</Text>
    </Row>
    <Row Tag="TXT_KEY_CONFIRM_BULLY">
      <Text>{1_MinorCivName:textkey}'den haraç talep etmek istediginizden emin misiniz?</Text>
    </Row>
    <Row Tag="TXT_KEY_CONFIRM_BULLY_PROTECTED_CITY_STATE">
      <Text>{@1_MinorCivName}'ten haraç talep etmek istediginizden emin misiniz? Su anda koruma altindalar: {@2_CivName}.</Text>
    </Row>
    <Row Tag="TXT_KEY_CONFIRM_BULLY_PROTECTED_CITY_STATE_MULTIPLE">
      <Text>{@1_MinorCivName}'ten haraç talep etmek istediginizden emin misiniz? Su anda koruma altindalar: {2_ListOfCivs}.</Text>
    </Row>
    <Row Tag="TXT_KEY_POP_CSTATE_BULLY">
      <Text>Haraç Isteyin</Text>
    </Row>
    <Row Tag="TXT_KEY_POP_CSTATE_BULLY_TT">
      <Text>Sehir Devletleri [ICON_GOLD] Altin ve Birim saglayabilir, ancak bunlari zorla almak onlar üzerindeki [ICON_INFLUENCE] Nüfuzunuzu azaltacaktir.</Text>
    </Row>
    <Row Tag="TXT_KEY_POP_CSTATE_BULLY_GOLD_TT">
      <Text>Bu Sehir Devletini askeri gücünüzle [ICON_GOLD] Altin karsiliginda korkutabilirsiniz, ancak [ICON_INFLUENCE] Nüfuz kaybedersiniz.  Sehir Devleti asagidaki durumlarda pes edecektir: [NEWLINE][ICON_BULLET]Diger uygarliklara kiyasla güçlü bir ordunuz varsa [NEWLINE][ICON_BULLET]Sehir Devletinin yakinindaki askeri varliginiz güçlüyse.</Text>
    </Row>
    <Row Tag="TXT_KEY_POP_CSTATE_BULLY_UNIT_TT">
      <Text>Bu Sehir Devletinin gözünü bir {1_Unit:textkey} karsiliginda korkutabilirsiniz, ancak çok fazla [ICON_INFLUENCE] Nüfuz kaybedersiniz.  Sehir Devleti asagidaki durumlarda pes edecektir: [NEWLINE][ICON_BULLET]Sehir Devletinin en az {2_PopLimit} [ICON_CITIZEN] Nüfusu varsa.[NEWLINE][ICON_BULLET]Diger medeniyetlere kiyasla güçlü bir ordunuz varsa.[NEWLINE][ICON_BULLET]Sehir Devletinin yakinindaki askeri varliginiz güçlüyse.</Text>
    </Row>
    <Row Tag="TXT_KEY_POP_CSTATE_FIND_ON_MAP">
      <Text>Haritada Bul</Text>
    </Row>
    <Row Tag="TXT_KEY_POP_CSTATE_ALLIED_WITH">
      <Text>Müttefik:</Text>
    </Row>
    <Row Tag="TXT_KEY_POP_CSTATE_RESOURCES">
      <Text>Yakindaki Kaynaklar:</Text>
    </Row>
    <Row Tag="TXT_KEY_POP_CSTATE_QUESTS">
      <Text>SORULAR:</Text>
    </Row>
    <Row Tag="TXT_KEY_POP_CSTATE_PLEDGE_TT">
      <Text>Bir Sehir Devletini koruma sözü vermek, oyundaki diger büyük güçlerin, saldiriya ugramasi halinde Sehir Devletini koruyacaginizi bilmelerini saglar. Bu, sizinle çatisma riskine girmek istemeyen oyuncularin saldirilarini caydirabilir.</Text>
    </Row>
    <Row Tag="TXT_KEY_POP_CSTATE_PLEDGE_DISABLED_INFLUENCE_TT">
      <Text>[NEWLINE][NEWLINE][COLOR_WARNING_TEXT]Baris içinde olmalisiniz ve rehin vermek için {1_InfluenceNeededToPledge} veya daha fazla [ICON_INFLUENCE] Nüfuzunuz olmalidir.[ENDCOLOR]</Text>
    </Row>
    <Row Tag="TXT_KEY_POP_CSTATE_PLEDGE_DISABLED_MISTRUST_TT">
      <Text>[NEWLINE][NEWLINE][COLOR_WARNING_TEXT]Önceki yemininizi yerine getirmediginiz için, bu Sehir Devleti size güvenmiyor.  {1_TurnsUntilPledgeAvailable} Tekrar söz verebilmeniz için dönüsler geçmelidir.[ENDCOLOR]</Text>
    </Row>
    <Row Tag="TXT_KEY_POP_CSTATE_REVOKE_PROTECTION">
      <Text>Korumayi Iptal Et</Text>
    </Row>
    <Row Tag="TXT_KEY_POP_CSTATE_REVOKE_PROTECTION_TT">
      <Text>Bu Sehir Devletini koruma taahhüdünüzü iptal edebilirsiniz.  Diger büyük güçler bunun farkinda olacak ve sonuç olarak bu Sehir Devletine yönelik eylemlerini degistirebileceklerdir.</Text>
    </Row>
    <Row Tag="TXT_KEY_POP_CSTATE_REVOKE_PROTECTION_DISABLED_COMMITTED_TT">
      <Text>[NEWLINE][NEWLINE][COLOR_WARNING_TEXT]En az {1_TurnsRemaining} tur daha koruma taahhüt etmis olursunuz ve bu süre geçene kadar korumayi iptal edemezsiniz[ENDCOLOR]</Text>
    </Row>
    <Row Tag="TXT_KEY_POP_CSTATE_BUYOUT">
      <Text>Diplomatik Evlilik</Text>
    </Row>
    <Row Tag="TXT_KEY_POP_CSTATE_BUYOUT_TT">
      <Text>Bu Sehir Devletini diplomatik evlilik yoluyla elde etmek için {1_BuyoutCost} [ICON_GOLD] Altin harcayarak onu ve tüm birimlerini imparatorlugunuzun bir parçasi haline getirebilirsiniz.  Bu, Sehir Devletini fethetmenin diplomatik cezalarina veya Mutsuzluk cezalarina neden olmaz.  Ancak bu Sehir Devletiyle dostlugunuzdan elde ettiginiz bonuslar ve Birlesmis Milletler oylari kaybolacaktir.</Text>
    </Row>
    <Row Tag="TXT_KEY_POP_CSTATE_BUYOUT_DISABLED_TT">
      <Text>Bu Sehir Devletini diplomatik evlilik yoluyla elde etmek için {2_BuyoutCost} [ICON_GOLD] Altin harcayarak onu ve tüm birimlerini imparatorlugunuzun bir parçasi haline getirebilirsiniz.  Bu, Sehir Devletini fethetmenin diplomatik cezalarina veya Mutsuzluk cezalarina neden olmaz.  Ancak bu Sehir Devletiyle dostluktan elde ettiginiz bonuslar ve Birlesmis Milletler oylari kaybedilecektir. [NEWLINE][NEWLINE][COLOR_WARNING_TEXT]Bu Sehir Devletini elde etmek için ([2] tur boyunca müttefik olmaniz ve ([3] [ICON_GOLD] Altina sahip olmaniz gerekir.[ENDCOLOR]</Text>
    </Row>
    <Row Tag="TXT_KEY_POP_CSTATE_BUYOUT_DISABLED_ALLY_TT">
      <Text>Bu Sehir Devletini diplomatik evlilik yoluyla elde etmek için {3_BuyoutCost} [ICON_GOLD] Altin harcayarak onu ve tüm birimlerini imparatorlugunuzun bir parçasi haline getirebilirsiniz.  Bu, Sehir Devletini fethetmenin diplomatik cezalarina veya Mutsuzluk cezalarina neden olmaz.  Ancak bu Sehir Devletiyle dostluktan elde ettiginiz bonuslar ve Birlesmis Milletler oylari kaybedilecektir.[NEWLINE][NEWLINE][COLOR_WARNING_TEXT]Bu Sehir Devletini elde etmek için {1_NumTurns} tur ({2_TurnsAllied} tur boyunca müttefik olmaniz {3_BuyoutCost} [ICON_GOLD] Altina sahip olmaniz gerekir.[ENDCOLOR]</Text>
    </Row>
    <Row Tag="TXT_KEY_INTERFACEMODE_GIFT_TILE_IMPROVEMENT_HELP">
      <Text>Bu Sehir-Devlet için bu karo üzerinde bir Karo Iyilestirmesi insa edin ve kaynaga erisim saglayin.</Text>
    </Row>
    <Row Tag="TXT_KEY_AFRAID">
      <Text>Korkuyorum</Text>
    </Row>
    <!-- === END City-States ===-->
    <Row Tag="TXT_KEY_NOTIFICATION_RELIGION_FOUNDED_ACTIVE_PLAYER">
      <Text>Kutsal {@2_CityName} sehrinde yeni dini {@1_ReligionName} kurdunuz.</Text>
    </Row>
    <Row Tag="TXT_KEY_NOTIFICATION_RELIGION_FOUNDED">
      <Text>{1_CivName} {1: plural 1?has  2?have } kutsal sehir {@3_CityName}'de yeni dini {@2_ReligionName} kurdu.</Text>
    </Row>
    <Row Tag="TXT_KEY_NOTIFICATION_RELIGION_FOUNDED_UNKNOWN">
      <Text>Bilinmeyen bir uygarlik, sehirlerinden birinde yeni bir din {@1_ReligionName} kurmustur.</Text>
    </Row>
    <Row Tag="TXT_KEY_NOTIFICATION_RELIGION_FOUNDED_S">
      <Text>Din Kurulusu</Text>
    </Row>
    <Row Tag="TXT_KEY_NOTIFICATION_PANTHEON_FOUNDED_ACTIVE_PLAYER">
      <Text>Halkiniz bir tanrilar panteonuna tapmaya basladi. Su inanci seçtiler: {1_BeliefName} ({@2_BeliefDesc})</Text>
    </Row>
    <Row Tag="TXT_KEY_NOTIFICATION_PANTHEON_FOUNDED">
      <Text>{@1_CivName} {@1: plural 1?has  2?have } bir tanrilar panteonuna tapinmaya basladilar. Su inanci seçtiler: {2_BeliefName} ({@3_BeliefDesc})</Text>
    </Row>
    <Row Tag="TXT_KEY_NOTIFICATION_PANTHEON_FOUNDED_UNKNOWN">
      <Text>Bilinmeyen bir uygarlik bir tanrilar panteonuna tapinmaya basladi. Su inanci seçtiler: {1_BeliefName} ({@2_BeliefDesc})</Text>
    </Row>
    <Row Tag="TXT_KEY_NOTIFICATION_PANTHEON_FOUNDED_S">
      <Text>Pantheon Kuruldu</Text>
    </Row>
    <Row Tag="TXT_KEY_NOTIFICATION_RELIGION_ENHANCED_ACTIVE_PLAYER">
      <Text>Yeni inançlar ekleyerek dini {@1_ReligionName} gelistirdiniz.</Text>
    </Row>
    <Row Tag="TXT_KEY_NOTIFICATION_RELIGION_ENHANCED">
      <Text>{1_CivName} {1: plural 1?has  2?have } yeni inançlar ekleyerek dinlerini {@2_ReligionName} gelistirmislerdir.</Text>
    </Row>
    <Row Tag="TXT_KEY_NOTIFICATION_RELIGION_ENHANCED_UNKNOWN">
      <Text>Bilinmeyen bir uygarlik yeni inançlar ekleyerek dinlerini {@1_ReligionName} gelistirmistir.</Text>
    </Row>
    <Row Tag="TXT_KEY_NOTIFICATION_RELIGION_ENHANCED_S">
      <Text>Gelistirilmis Din</Text>
    </Row>
    <Row Tag="TXT_KEY_NOTIFICATION_RELIGION_SPREAD_INITIAL_CONVERSION">
      <Text>{1_CityName} bir din benimsedi!</Text>
    </Row>
    <Row Tag="TXT_KEY_NOTIFICATION_RELIGION_SPREAD_INITIAL_CONVERSION_S">
      <Text>Sehriniz Dinsellesiyor</Text>
    </Row>
    <Row Tag="TXT_KEY_NOTIFICATION_RELIGION_SPREAD_ACTIVE_PLAYER">
      <Text>{1_CityName} baska bir dine geçti!</Text>
    </Row>
    <Row Tag="TXT_KEY_NOTIFICATION_RELIGION_SPREAD_ACTIVE_PLAYER_S">
      <Text>Sehriniz Dönüstürüldü</Text>
    </Row>
    <Row Tag="TXT_KEY_POLICY_BRANCH_TRADITION_HELP">
      <Text>[COLOR_POSITIVE_TEXT]Gelenek[ENDCOLOR] küçük imparatorluklar için en iyisidir.[NEWLINE][NEWLINE]Gelenegi benimsemek sehirlerdeki sinir genisleme oranini büyük ölçüde artirir ve ayrica [ICON_CAPITAL] Baskentte 3 [ICON_CULTURE] Kültür verir.[NEWLINE][NEWLINE]Gelenek agacindaki tüm Politikalari benimsemek her sehirde +%15 [ICON_FOOD] Büyüme ve +2 [ICON_FOOD] verir.</Text>
    </Row>
    <Row Tag="TXT_KEY_POLICY_BRANCH_HONOR_HELP">
      <Text>[COLOR_POSITIVE_TEXT]Onur[ENDCOLOR] kisinin ordusunun etkinligini çesitli sekillerde artirir.[NEWLINE][NEWLINE]Onuru benimsemek Barbarlara karsi +%25 savas bonusu verir ve ortaya çikan bölgede yeni Barbar Kamplari ortaya çiktiginda bildirimler saglanacaktir. Öldürülen her barbardan imparatorluk için [ICON_CULTURE] Kültür kazanin.[NEWLINE][NEWLINE]Onur agacindaki tüm politikalari benimsemek, öldürülen her düsman birimi için [ICON_GOLD] Altin verecektir.</Text>
    </Row>
    <Row Tag="TXT_KEY_POLICY_OLIGARCHY_HELP">
      <Text>[COLOR_POSITIVE_TEXT]Oligarsi[ENDCOLOR][NEWLINE]Garnizonlu birimlerin bakim maliyeti yoktur ve garnizonu olan sehirler +%100 [ICON_RANGE_STRENGTH] Menzilli Savas Gücü kazanir.</Text>
    </Row>
    <Row Tag="TXT_KEY_POLICY_AESTHETICS_HELP">
      <Text>[COLOR_POSITIVE_TEXT]Estetik[ENDCOLOR][NEWLINE]Minimum [ICON_INFLUENCE] Tüm Sehir Devletleri ile etki seviyesi 20'dir.</Text>
    </Row>
    <Row Tag="TXT_KEY_POLICY_BRANCH_PIETY_HELP">
      <Text>[COLOR_POSITIVE_TEXT]Dindarlik[ENDCOLOR] imparatorluklarin [ICON_CULTURE] Kültürünü artirir. [NEWLINE][NEWLINE]Dindarligi benimsemek [ICON_CULTURE] Kültür binalari insa etme süresini 15([1][NEWLINE][NEWLINE]Dindarlik agacindaki tüm politikalari benimsemek gelecekteki Politikalarin [ICON_CULTURE] Kültür maliyetini 10(([2][NEWLINE][NEWLINE][COLOR_WARNING_TEXT]Bu dal Akilcilik ile ayni anda aktif olamaz.[ENDCOLOR]</Text>
    </Row>
    <Row Tag="TXT_KEY_POLICY_BRANCH_COMMERCE_HELP">
      <Text>[COLOR_POSITIVE_TEXT]Ticaret[ENDCOLOR] deniz imparatorluklarina ve [ICON_GOLD] Altina odaklananlara bonuslar saglar.[NEWLINE][NEWLINE]Ticareti benimsemek [ICON_CAPITAL] Baskentteki [ICON_GOLD] Altin üretimini 25([1][NEWLINE][NEWLINE]Ticaret agacindaki tüm Politikalari benimsemek her Uzmandan +1 [ICON_GOLD] Altin kazandirir.</Text>
    </Row>
    <Row Tag="TXT_KEY_POLICY_BRANCH_RATIONALISM_HELP">
      <Text>[COLOR_POSITIVE_TEXT]Akilcilik[ENDCOLOR] [ICON_RESEARCH] Bilim kullanma ve üretme becerisini gelistirir.[NEWLINE][NEWLINE]Akilciligi benimsemek arastirma anlasmalarindan kazanilan [ICON_RESEARCH] Bilimi 50([1][NEWLINE][NEWLINE]artirir Akilcilik agacindaki tüm Politikalari benimsemek [ICON_RESEARCH] Bilim binalarindan +1 [ICON_GOLD] Altin kazandirir. [NEWLINE][NEWLINE][COLOR_WARNING_TEXT]Bu dal Dindarlik ile ayni anda aktif olamaz.[ENDCOLOR]</Text>
    </Row>
    <Row Tag="TXT_KEY_POLICY_BRANCH_FREEDOM_HELP">
      <Text>[COLOR_POSITIVE_TEXT]Özgürlük[ENDCOLOR] küçük, odaklanmis imparatorluklar için en iyisidir. Özellikle, [ICON_GREAT_PEOPLE] Büyük Insanlar ve Uzmanlar için bonuslar saglar. [NEWLINE][NEWLINE]Özgürlük benimsendiginde, [ICON_GREAT_PEOPLE] Büyük Insanlarin dogma orani 25([1][NEWLINE][NEWLINE]Özgürlük agacindaki tüm Politikalarin benimsenmesi, Büyük Cini Gelistirmelerinden elde edilen temel verimi %100 ve [ICON_GOLDEN_AGE] Altin Caglarin uzunlugunu 50([2][NEWLINE][NEWLINE][COLOR_WARNING_TEXT]Bu dal Otokrasi veya Düzen ile ayni anda etkin olamaz. [ENDCOLOR]</Text>
    </Row>
    <Row Tag="TXT_KEY_POLICY_BRANCH_ORDER_HELP">
      <Text>[COLOR_POSITIVE_TEXT]Düzen[ENDCOLOR] büyük, yayilan imparatorluklar için en iyisidir ve içerdigi Sehir sayisina bagli olarak imparatorlugun gücünü artirir. [NEWLINE][NEWLINE]Düzeni benimsemek [ICON_HAPPINESS_1] Mutlulugu Sehir basina +1 artiracaktir. [NEWLINE][NEWLINE]Düzen agacindaki tüm Politikalarin benimsenmesi sehir basina +1 [ICON_FOOD] Gida, [ICON_PRODUCTION] Üretim, [ICON_RESEARCH] Bilim, [ICON_GOLD] Altin ve [ICON_CULTURE] Kültür kazandirir. [NEWLINE][NEWLINE][COLOR_WARNING_TEXT]Bu dal Özgürlük veya Otokrasi ile ayni anda aktif olamaz.[ENDCOLOR]</Text>
    </Row>
    <Row Tag="TXT_KEY_POLICY_BRANCH_AUTOCRACY_HELP">
      <Text>[COLOR_POSITIVE_TEXT]Otokrasi[ENDCOLOR] dünyayi fethetmeyi hayal eden militarist medeniyetler içindir.[NEWLINE][NEWLINE]Otokrasiyi benimsemek Birim [ICON_GOLD] Altin Bakim maliyetlerini %33 azaltarak bir imparatorlugun daha büyük bir orduya sahip olmasini saglar. [NEWLINE][NEWLINE]Otokrasi agacindaki tüm Politikalarin benimsenmesi 30 tur boyunca tüm Askeri Birimlere %20 saldiri bonusu verir. [NEWLINE][NEWLINE][COLOR_WARNING_TEXT]Bu dal Özgürlük veya Düzen ile ayni anda aktif olamaz. [ENDCOLOR]</Text>
    </Row>
    <Row Tag="TXT_KEY_POLICY_ORGANIZED_RELIGION_HELP">
      <Text>[COLOR_POSITIVE_TEXT]Organize Din[ENDCOLOR][NEWLINE]+1 [ICON_HAPPINESS_1] Her Anit, Tapinak ve Manastirdan Mutluluk.</Text>
    </Row>
    <Row Tag="TXT_KEY_POLICY_MILITARY_CASTE_HELP">
      <Text>[COLOR_POSITIVE_TEXT]Askeri Kast[ENDCOLOR][NEWLINE]Garnizonu olan her Sehir imparatorlugun [ICON_HAPPINESS_1] Mutlulugunu 1 ve [ICON_CULTURE] Kültürünü 2 artirir.</Text>
    </Row>
    <Row Tag="TXT_KEY_POLICY_PROFESSIONAL_ARMY_HELP">
      <Text>[COLOR_POSITIVE_TEXT]Profesyonel Ordu[ENDCOLOR][NEWLINE][ICON_GOLD] Askeri Birimleri yükseltmenin altin maliyeti %33 azaldi ve her savunma binasindan (Surlar, Kale, Cephanelik, Askeri Üs) +1 [ICON_HAPPINESS_1] Mutluluk.</Text>
    </Row>
    <Row Tag="TXT_KEY_POLICY_FREE_RELIGION">
      <Text>Özgür Din</Text>
    </Row>
    <Row Tag="TXT_KEY_POLICY_FREE_RELIGION_HELP">
      <Text>[COLOR_POSITIVE_TEXT]Her Anit, Tapinak ve Manastir için Ücretsiz Din[ENDCOLOR][NEWLINE]+1 [ICON_CULTURE] Kültür.  Ayrica 1 ücretsiz Politika verir.</Text>
    </Row>
    <Row Tag="TXT_KEY_POLICY_NAVAL_TRADITION_HELP">
      <Text>[COLOR_POSITIVE_TEXT]Donanma Gelenegi[ENDCOLOR][NEWLINE]+1 [ICON_MOVES] Donanma birimleri için Hareket ve Donanma savas birimleri için +1 Görüs.</Text>
    </Row>
    <Row Tag="TXT_KEY_POLICY_PROTECTIONISM_HELP">
      <Text>[COLOR_POSITIVE_TEXT]Korumacilik[ENDCOLOR][NEWLINE]+1 [ICON_HAPPINESS_1] Her bir Lüks kaynaktan gelen mutluluk.</Text>
    </Row>
    <Row Tag="TXT_KEY_POLICY_MERCANTILISM_HELP">
      <Text>[COLOR_POSITIVE_TEXT]Merkantilizm[ENDCOLOR][NEWLINE]Sehirlerde esya satin almak %25 daha az [ICON_GOLD] Altin gerektirir.</Text>
    </Row>
    <Row Tag="TXT_KEY_POLICY_HUMANISM_HELP">
      <Text>[COLOR_POSITIVE_TEXT]Hümanizm[ENDCOLOR][NEWLINE]+1 [ICON_HAPPINESS_1] Her Üniversiteden, Gözlemevinden ve Devlet Okulundan Mutluluk.</Text>
    </Row>
    <Row Tag="TXT_KEY_POLICY_TOTAL_WAR_HELP">
      <Text>[COLOR_POSITIVE_TEXT]Total War[ENDCOLOR][NEWLINE]+15% [ICON_PRODUCTION] Askeri Birimler insa ederken üretim ve yeni Askeri Birimler +15 Deneyim ile baslar.</Text>
    </Row>
    <Row Tag="TXT_KEY_POLICY_PLANNED_ECONOMY_HELP">
      <Text>[COLOR_POSITIVE_TEXT]Planli Ekonomi[ENDCOLOR][NEWLINE]Fabrikalar bir sehrin [ICON_RESEARCH] Bilim üretimini 25%. artirir</Text>
    </Row>
    <Row Tag="TXT_KEY_POLICY_COMMUNISM_HELP">
      <Text>[COLOR_POSITIVE_TEXT]Komünizm[ENDCOLOR][NEWLINE]Sehir basina +2 [ICON_PRODUCTION] Üretim ve Binalar insa edilirken +%10 [ICON_PRODUCTION] Üretim.</Text>
    </Row>
    <Row Tag="TXT_KEY_POLICY_FASCISM_HELP">
      <Text>[COLOR_POSITIVE_TEXT]Fasizm[ENDCOLOR][NEWLINE]Imparatorluk tarafindan üretilen Stratejik Kaynaklarin miktari 100 artti%.</Text>
    </Row>
    <Row Tag="TXT_KEY_POLICY_POLICE_STATE_HELP">
      <Text>[COLOR_POSITIVE_TEXT]Polis Devleti[ENDCOLOR][NEWLINE]+3 [ICON_HAPPINESS_1] Her Adliye Sarayindan Mutluluk. Adliyeleri normal sürenin yarisinda insa edin.</Text>
    </Row>
    <Row Tag="TXT_KEY_POLICY_SOVEREIGNTY_HELP">
      <Text>[COLOR_POSITIVE_TEXT]Egemenlik[ENDCOLOR][NEWLINE]+%15 [ICON_RESEARCH] Imparatorluk [ICON_HAPPINESS_1] Mutlu iken bilim.</Text>
    </Row>
    <Row Tag="TXT_KEY_POLICY_SCIENTIFIC_REVOLUTION_HELP">
      <Text>[COLOR_POSITIVE_TEXT]Bilimsel Devrim[ENDCOLOR][NEWLINE]2 ücretsiz Teknoloji.</Text>
    </Row>
    <Row Tag="TXT_KEY_TRAIT_CITY_STATE_BONUSES">
      <Text>[ICON_FOOD] Dost Sehir Devletlerinden gelen Gida ve [ICON_CULTURE] Kültür 50%. artti</Text>
    </Row>
    <Row Tag="TXT_KEY_TRAIT_CONVERTS_SEA_BARBARIANS">
      <Text>50 sansla komsu bir Barbar donanma birimini kendi tarafiniza çekebilir ve 25 [ICON_GOLD] Altin kazanabilirsiniz. Deniz birimi bakimi için normal maliyetin yalnizca üçte birini ödeyin.</Text>
    </Row>
    <Row Tag="TXT_KEY_TRAIT_OCEAN_MOVEMENT">
      <Text>Tüm deniz birimleri için +2 [ICON_MOVES] Hareket.</Text>
    </Row>
    <Row Tag="TXT_KEY_BUILD_CULTURE_REC">
      <Text>Bu karo tarafindan saglanan [ICON_CULTURE] Kültür miktarini artiracak, sinirlarimizi genisletecek ve daha fazla sosyal politika kazanmamizi saglayacaktir.</Text>
    </Row>
    <Row Tag="TXT_KEY_MISSION_FOUND_RELIGION_HELP">
      <Text>Bu düzen Büyük Insani tüketecek ve yeni bir dinin yaratilmasiyla sonuçlanacaktir.</Text>
    </Row>
    <Row Tag="TXT_KEY_MISSION_FOUND_RELIGION_DISABLED_HELP">
      <Text>Birim sizin sehirlerinizden birinde olmalidir.</Text>
    </Row>
    <Row Tag="TXT_KEY_MISSION_SPREAD_RELIGION_HELP">
      <Text>Bu emir, yakindaki sehrin bazi vatandaslarini birimin dinine çevirir. Eger bu onlarin son Din Yayma eylemiyse, bu birim tükenecektir. Büyük Peygamberler tarafindan yayilan din, diger dinlerin etkisini de ortadan kaldirir.</Text>
    </Row>
    <Row Tag="TXT_KEY_MISSION_SPREAD_RELIGION_DISABLED_HELP">
      <Text>Birim bir sehrin içinde veya bitisiginde olmalidir (dost bir sehir olmak zorunda degildir).</Text>
    </Row>
    <Row Tag="TXT_KEY_MISSION_SPREAD_RELIGION_RESULT">
      <Text>Bu islem gerçeklestirildikten sonra [COLOR_POSITIVE_TEXT]{2_NumFollowers}[ENDCOLOR] vatandaslari [COLOR_POSITIVE_TEXT]{1_ReligionName}[ENDCOLOR] takip edecektir.</Text>
    </Row>
    <Row Tag="TXT_KEY_MISSION_MAJORITY_RELIGION">
      <Text>Bu sehir için çogunluk dini [COLOR_POSITIVE_TEXT]([1][ENDCOLOR] olacaktir.)</Text>
    </Row>
    <Row Tag="TXT_KEY_MISSION_MAJORITY_RELIGION_NONE">
      <Text>Bu sehirde çogunluk dini olmayacak.</Text>
    </Row>
    <Row Tag="TXT_KEY_MISSION_REMOVE_HERESY_HELP">
      <Text>Bu emir, yakindaki dost kontrolündeki sehirden diger dinlerin varligini kaldiracaktir. Bir engizisyoncu bu eylem tarafindan tüketilir.</Text>
    </Row>
    <Row Tag="TXT_KEY_MISSION_REMOVE_HERESY_DISABLED_HELP">
      <Text>Birim dost bir sehrin içinde veya bitisiginde olmalidir.</Text>
    </Row>
    <Row Tag="TXT_KEY_MISSION_ENHANCE_RELIGION_HELP">
      <Text>Bu emir Yüce Kisi'yi tüketecek ve dininize iki yeni inanç eklemenize izin verecektir. Ayrica dininizi savunmak için Engizisyoncular satin alma seçeneginiz de olacak.</Text>
    </Row>
    <Row Tag="TXT_KEY_MISSION_ENHANCE_RELIGION_DISABLED_HELP">
      <Text>Birim bu din için Kutsal Sehir'de olmalidir.</Text>
    </Row>
    <Row Tag="TXT_KEY_MISSION_REPAIR_FLEET_HELP">
      <Text>Bu emir Büyük Amiral'i tüketir ve bu karedeki ve tüm komsu karelerdeki tüm deniz birliklerinizi ve gemiye binmis birliklerinizi iyilestirir.</Text>
    </Row>
    <Row Tag="TXT_KEY_MISSION_START_GOLDENAGE_HELP">
      <Text>Bu emir Büyük Kisiyi tüketecek ve {1_Num} tur boyunca [ICON_GOLDEN_AGE] Altin Cag (ekstra [ICON_PRODUCTION] ve [ICON_GOLD]) baslatacaktir. Bir Yüce Kisi her Altin Cag baslattiginda, bir sonraki Altin Cagin uzunlugu kisalir (en az 3 tura kadar).</Text>
    </Row>
    <Row Tag="TXT_KEY_GOODY_FAITH">
      <Text>Eski bir kehanet buldun. Rahibe sizi ilahi bir vahiyle kutsadi. {1_Num} [ICON_PEACE] Inanç aldiniz.</Text>
    </Row>
    <Row Tag="TXT_KEY_GOODY_PROPHET_FAITH">
      <Text>Gizli bir dini topluluk buldunuz. Vaiz büyük bir peygamberin gelecegini haber veriyor. {1_Num} [ICON_PEACE] Iman aldiniz.</Text>
    </Row>
    <Row Tag="TXT_KEY_DIPLO_ALLOW_EMBASSY">
      <Text>BÜYÜKELCILIGI KABUL ET</Text>
    </Row>
    <Row Tag="TXT_KEY_DIPLO_ALLOW_EMBASSY_TT">
      <Text>Açik Sinir ve Savunma Paktlarina izin verir. Ayrica diger oyuncunun Baskentinin yerini görmenizi saglar.</Text>
    </Row>
    <Row Tag="TXT_KEY_DIPLO_ALLOW_EMBASSY_HAVE">
      <Text>[NEWLINE][NEWLINE][COLOR_NEGATIVE_TEXT]Baskentlerinde zaten bir Büyükelçiligimiz var![ENDCOLOR]</Text>
    </Row>
    <Row Tag="TXT_KEY_DIPLO_ALLOW_EMBASSY_THEY_HAVE">
      <Text>[NEWLINE][NEWLINE][COLOR_NEGATIVE_TEXT]Baskentimizde zaten bir Büyükelçilikleri var![ENDCOLOR]</Text>
    </Row>
    <Row Tag="TXT_KEY_DIPLO_YOU_NEED_EMBASSY_TT">
      <Text>[NEWLINE][NEWLINE]Bu ögeyi takas etmek için bu uygarlikla bir elçilige ihtiyaciniz var.</Text>
    </Row>
    <Row Tag="TXT_KEY_DIPLO_THEY_NEED_EMBASSY_TT">
      <Text>[NEWLINE][NEWLINE]Bu ögeyi takas etmek için uygarliginizda bir elçilige ihtiyaçlari var.</Text>
    </Row>
    <Row Tag="TXT_KEY_DIPLO_BOTH_NEED_EMBASSY_TT">
      <Text>[NEWLINE][NEWLINE]Bu ögeyi takas etmek için her iki tarafin da bir elçilige ihtiyaci vardir.</Text>
    </Row>
    <Row Tag="TXT_KEY_DIPLO_HAS_EMBASSY">
      <Text>[COLOR_POSITIVE_TEXT]Baskentinizde bir büyükelçilikleri var. [ENDCOLOR]</Text>
    </Row>
    <Row Tag="TXT_KEY_DIPLO_SHARED_INTRIGUE">
      <Text>[COLOR_POSITIVE_TEXT]Casuslarinizin ortaya çikardigi entrikalari onlarla paylastiniz. [ENDCOLOR]</Text>
    </Row>
    <Row Tag="TXT_KEY_DIPLO_FORGAVE_FOR_SPYING">
      <Text>[COLOR_POSITIVE_TEXT]Casusluk yaptiklari için onlari affettiniz. [ENDCOLOR]</Text>
    </Row>
    <Row Tag="TXT_KEY_BUILD_HOLY_SITE">
      <Text>Bir Kutsal Alan Insa Etmek</Text>
    </Row>
    <Row Tag="TXT_KEY_BUILD_HOLY_SITE_HELP">
      <Text>Birim tüketilecektir.[NEWLINE][NEWLINE]Büyük Karo Iyilestirmeleri, bu karo üzerindeki Stratejik Kaynaklari ticaret agina baglayacaktir.</Text>
    </Row>
    <Row Tag="TXT_KEY_DIPLO_ALLOW_EMBASSY_NO_TECH_PLAYER">
      <Text>[NEWLINE][NEWLINE]Büyükelçilik kurma (Yazma) Teknolojisine sahip degilsiniz.</Text>
    </Row>
    <Row Tag="TXT_KEY_DIPLO_ALLOW_EMBASSY_NO_TECH_OTHER_PLAYER">
      <Text>[NEWLINE][NEWLINE]Büyükelçilik kurma (Yazma) Teknolojisine sahip degiller.</Text>
    </Row>
    <Row Tag="TXT_KEY_DIPLO_OPEN_BORDERS_NO_TECH">
      <Text>[NEWLINE][NEWLINE]Iki oyuncu da henüz bu ögeyi (Kamu Hizmeti) takas edecek Teknolojiye sahip degil.</Text>
    </Row>
    <Row Tag="TXT_KEY_DIPLO_NEED_DOF_TT">
      <Text>[NEWLINE][NEWLINE]Bu ögeyi takas etmek için bir Dostluk Beyani gereklidir.</Text>
    </Row>
    <Row Tag="TXT_KEY_DIPLO_DEF_PACT_NO_TECH">
      <Text>[NEWLINE][NEWLINE]Iki oyuncu da henüz bu ögeyi takas edecek Teknolojiye sahip degil (Sövalyelik).</Text>
    </Row>
    <Row Tag="TXT_KEY_DIPLO_RESCH_AGREEMENT_NO_TECH">
      <Text>[NEWLINE][NEWLINE]Hiçbir oyuncu henüz bu ögeyi takas edecek Teknolojiye sahip degil (Felsefe).</Text>
    </Row>
    <Row Tag="TXT_KEY_NTFN_RA_FREE_TECH_CANCEL">
      <Text>{1_CivName:textkey} ile olan Arastirma Sözlesmeniz iptal edilmistir.</Text>
    </Row>
    <Row Tag="TXT_KEY_NTFN_RA_FREE_TECH_CANCEL_S">
      <Text>Arastirma Anlasmasi Iptal Edildi!</Text>
    </Row>
    <Row Tag="TXT_KEY_IMPROVEMENT_POLDER">
      <Text>Polder</Text>
    </Row>
    <Row Tag="TXT_KEY_CIV5_IMPROVEMENTS_POLDER_HELP">
      <Text>Polder sadece Taskin Ovalari ve Batakliklar üzerine insa edilebilir. Gida üretimini aninda artirir. Ayrica Ekonomi arastirildiktan sonra +1 [ICON_PRODUCTION] Üretim ve +2 [ICON_GOLD] Altin saglar.</Text>
    </Row>
    <Row Tag="TXT_KEY_CIV5_IMPROVEMENTS_POLDER_TEXT">
      <Text>Polder, suyu bosaltilmis, etrafi setlerle çevrili alçak bir arazidir. Genel olarak polder, bir gölden veya deniz yatagindan, taskin ovalarindan veya batakliklardan geri kazanilan arazidir. Zamanla, drene edilen arazi alçalir, böylece tüm polder sonunda çevredeki su seviyesinin altinda kalir. Bu nedenle, drene edilen alana su sizar ve pompalanmasi ya da baska bir sekilde tahliye edilmesi gerekir. Bentler genellikle toprak ya da kum gibi kolayca bulunabilen malzemelerden yapilir  modern zamanlarda bu bariyerler betonla kaplanabilir ya da tamamen betondan olusabilir. Drene edilen arazi son derece verimlidir ve mükemmel bir otlak ya da ekim alani olusturur. [NEWLINE][NEWLINE] Suya karsi bariyer olarak setler insa etmek Romalilara kadar uzansa da, ilk islah edilmis arazi setleri MS 11. yüzyilda insa edilmistir. Hollandalilar batakliklari, çimenlikleri ve hatta deniz tabanini islah etme konusunda uzun bir geçmise sahiptir ve Avrupa'daki polder alanlarinin yarisina sahiptir. Avrupa'nin diger ülkelerinde polderler olmasina ve Asya ve Kuzey Amerika'da örnekler bulunmasina ragmen, Hollanda'da ülke topraklarinin yaklasik yüzde 27'sini olusturan 3000 polder bulunmaktadir. Amsterdam'in kendisi de büyük ölçüde polderler üzerine insa edilmistir. Hollandalilarin vaazinda belirtildigi gibi, "Tanri dünyayi yaratti, ama Hollandalilar Hollanda'yi yaratti."</Text>
    </Row>
    <Row Tag="TXT_KEY_BUILD_POLDER">
      <Text>Construct a [LINK=IMPROVEMENT_POLDER]Polder[\LINK]</Text>
    </Row>
    <Row Tag="TXT_KEY_DIPLO_DISCUSS_SORRY_FOR_SPY_CAUGHT">
      <Text>Bir daha seni gözetlemeyecegime yemin ederim.</Text>
    </Row>
    <Row Tag="TXT_KEY_DIPLO_DISCUSS_NOT_SORRY_FOR_SPY_CAUGHT">
      <Text>Ajanlarim istedikleri yere giderler.</Text>
    </Row>
    <Row Tag="TXT_KEY_DIPLO_DISCUSS_SORRY_FOR_SPY_KILLED">
      <Text>Bir daha seni gözetlemeyecegime yemin ederim.</Text>
    </Row>
    <Row Tag="TXT_KEY_DIPLO_DISCUSS_NOT_SORRY_FOR_SPY_KILLED">
      <Text>Ölüm bile hirsimi durduramaz!</Text>
    </Row>
    <Row Tag="TXT_KEY_DIPLO_DISCUSS_FORGIVE_SPYING">
      <Text>Seni affediyorum.</Text>
    </Row>
    <Row Tag="TXT_KEY_DIPLO_DISCUSS_DONT_FORGIVE_SPYING">
      <Text>Bu suçu affedemem.</Text>
    </Row>
    <Row Tag="TXT_KEY_DIPLO_CAUGHT_STEALING">
      <Text>[COLOR_NEGATIVE_TEXT]Casuslariniz teknoloji çalmaya çalisirken yakalandi. [ENDCOLOR]</Text>
    </Row>
    <Row Tag="TXT_KEY_DIPLO_SPY_PROMISE_BROKEN">
      <Text>[COLOR_NEGATIVE_TEXT]Onlari gözetlemeyi birakacaginiza dair bir söz verdiniz ve sonra sözünüzü tutmadiniz! [ENDCOLOR]</Text>
    </Row>
    <Row Tag="TXT_KEY_DIPLO_SPY_PROMISE_IGNORED">
      <Text>[COLOR_NEGATIVE_TEXT] Sizden onlari gözetlemeyi birakmanizi istediler ve siz onlari görmezden geldiniz! [ENDCOLOR]</Text>
    </Row>
    <Row Tag="TXT_KEY_DIPLO_NO_CONVERT_PROMISE_BROKEN">
      <Text>[COLOR_NEGATIVE_TEXT] Sehirlerini dönüstürmeyi durduracaginiza dair bir söz verdiniz ve sonra sözünüzü tutmadiniz! [ENDCOLOR]</Text>
    </Row>
    <Row Tag="TXT_KEY_DIPLO_NO_CONVERT_PROMISE_IGNORED">
      <Text>[COLOR_NEGATIVE_TEXT] Sehirlerini dönüstürmekten vazgeçmenizi istediler ve siz onlari görmezden geldiniz! [ENDCOLOR]</Text>
    </Row>
    <Row Tag="TXT_KEY_DIPLO_STOP_SPYING_ASKED">
      <Text>[COLOR_NEGATIVE_TEXT]Onlardan sizi gözetlememelerini istediniz. [ENDCOLOR]</Text>
    </Row>
    <Row Tag="TXT_KEY_DIPLO_DISCUSS_MESSAGE_STOP_SPYING">
      <Text>Beni gözetlemeyi birak.</Text>
    </Row>
    <Row Tag="TXT_KEY_DIPLO_DISCUSS_MESSAGE_SHARE_INTRIGUE">
      <Text>Entrikayi {1_LeaderName} ile paylasin.</Text>
    </Row>
    <Row Tag="TXT_KEY_DIPLO_DISCUSS_MESSAGE_SHARE_INTRIGUE_TT">
      <Text>Casuslarinizin topladigi entrika parçalarini {1_LeaderName} ile paylasin.</Text>
    </Row>
    <Row Tag="TXT_KEY_DIPLO_DISCUSS_MESSAGE_STOP_SPREADING_RELIGION">
      <Text>Sehirlerime misyonerler ve peygamberler göndermeyi birakin.</Text>
    </Row>
    <Row Tag="TXT_KEY_DIPLO_DISCUSS_DONT_STOP_CONVERSIONS">
      <Text>Misyonerlerimiz ve peygamberlerimiz istedikleri yere giderler.</Text>
    </Row>
    <Row Tag="TXT_KEY_DIPLO_DISCUSS_STOP_CONVERSIONS">
      <Text>Misyonerlerimizi ve peygamberlerimizi baska diyarlara gönderecegiz.</Text>
    </Row>
    <Row Tag="TXT_KEY_DIPLO_DISCUSS_CAUGHT_DENOUNCE_FOR_SPYING">
      <Text>Kamuoyu önünde kinama {1_LeaderName}.</Text>
    </Row>
    <Row Tag="TXT_KEY_DIPLO_DISCUSS_CAUGHT_DEMAND_STOP_SPYING">
      <Text>Bizi gözetlemeyi birakmanizi talep ediyoruz.</Text>
    </Row>
    <Row Tag="TXT_KEY_DIPLO_DISCUSS_CAUGHT_FORGIVE_SPYING">
      <Text>Bu seferki ihlalinizi görmezden gelmeye karar verdik.</Text>
    </Row>
    <Row Tag="TXT_KEY_DIPLO_DISCUSS_CAUGHT_DECLARE_WAR">
      <Text>{1_LeaderName}'ye savas ilan edin.</Text>
    </Row>
    <Row Tag="TXT_KEY_POLICY_DISCIPLINE_HELP">
      <Text>[COLOR_POSITIVE_TEXT]Disiplin[ENDCOLOR][NEWLINE]+%10 [ICON_STRENGTH] bitisik karede baska bir askeri Birim bulunan askeri Birimler için savas gücü.</Text>
    </Row>
    <Row Tag="TXT_KEY_BUILD_CITADEL_HELP">
      <Text>Bu Karede konuslanmis herhangi bir Birim için +%100 [ICON_STRENGTH] Savunma Gücü. Sirasini Hisarin yaninda bitiren herhangi bir düsman birimi 3 hasar alir. Hisarin insasi bu birimi tüketecektir.</Text>
    </Row>
    <Row Tag="TXT_KEY_DIPLO_MILITARY_PROMISE_BROKEN_WITH_OTHERS">
      <Text>[COLOR_NEGATIVE_TEXT]Birliklerinizi sinirlarindan tasimak için diger sivillerle bir söz verdiniz ve sonra bunu bozdunuz! [ENDCOLOR]</Text>
    </Row>
    <Row Tag="TXT_KEY_DIPLO_CITY_STATE_PROMISE_BROKEN_WITH_OTHERS">
      <Text>[COLOR_NEGATIVE_TEXT]Diger sivillerle onlarin korunan sehir devletlerine saldirmama sözü verdiniz ve sonra bunu bozdunuz![ENDCOLOR]</Text>
    </Row>
    <Row Tag="TXT_KEY_DIPLO_DENOUNCED_BY_PEOPLE_WE_TRUST_MORE">
      <Text>[COLOR_NEGATIVE_TEXT]Sizden daha çok sevdigimiz diger siviller sizi ihbar etti![ENDCOLOR]</Text>
    </Row>
    <Row Tag="TXT_KEY_DIPLO_NO_LAND_DISPUTE">
      <Text>Tartismali sinirlariniz yok.</Text>
    </Row>
    <Row Tag="TXT_KEY_NOTIFICATION_EXPANSION_PROMISE_EXPIRED">
      <Text>{1_CivDesc} yakinlarina yerlesmeyeceginize dair verdiginiz sözün üzerinden uzun yillar geçti. Bu sözün yerine getirildigini düsünebilirsiniz.</Text>
    </Row>
    <Row Tag="TXT_KEY_NOTIFICATION_EXPANSION_PROMISE_EXPIRED_S">
      <Text>Genisleme sözünüzü tuttunuz.</Text>
    </Row>
    <Row Tag="TXT_KEY_NOTIFICATION_BORDER_PROMISE_EXPIRED">
      <Text>Sinirlarinizi {1_CivDesc} yakinlarina kadar genisletmeyeceginize dair verdiginiz sözün üzerinden uzun yillar geçti. Bu sözün yerine getirildigini düsünebilirsiniz.</Text>
    </Row>
    <Row Tag="TXT_KEY_NOTIFICATION_BORDER_PROMISE_EXPIRED_S">
      <Text>Sinir sözünü tuttun.</Text>
    </Row>
    <Row Tag="TXT_KEY_DIPLO_PEACE_TREATY">
      <Text>BARIS ANTLASMASI (10 tur)</Text>
    </Row>
    <Row Tag="TXT_KEY_DIPLO_PEACE_TREATY_TURNS">
      <Text>BARIS ANTLASMASI (10 tur)</Text>
    </Row>
    <Row Tag="TXT_KEY_DIPLO_RELATION_EMBASSY_SHARED">
      <Text>ORTAK ELCILIKLER</Text>
    </Row>
    <Row Tag="TXT_KEY_DIPLO_RELATION_EMBASSY_YOUR">
      <Text>BASKENTINIZDEKI BÜYÜKELCILIK</Text>
    </Row>
    <Row Tag="TXT_KEY_DIPLO_RELATION_EMBASSY_THEIR">
      <Text>BASKENTLERINDEKI BÜYÜKELCILIK</Text>
    </Row>
    <Row Tag="TXT_KEY_DIPLO_RELATION_OPEN_BORDERS_SHARED">
      <Text>PAYLASILAN ACIK SINIRLAR</Text>
    </Row>
    <Row Tag="TXT_KEY_DIPLO_RELATION_OPEN_BORDERS_YOUR">
      <Text>SINIRLARINIZ ONLARA ACIK</Text>
    </Row>
    <Row Tag="TXT_KEY_DIPLO_RELATION_OPEN_BORDERS_THEIR">
      <Text>SINIRLARI SIZE ACIK</Text>
    </Row>
  </Language_en_US>
</GameData>