﻿<?xml version="1.0" encoding="utf-8"?>
<!-- edited with XMLSPY v2004 rel. 2 U (http://www.xmlspy.com) by Ed Beach (Firaxis Games) -->
<GameData>
  <Language_en_US>
    <!-- INTO THE RENAISSANCE -->
    <!-- Religions -->
    <Row Tag="TXT_KEY_MEDIEVAL_SCENARIO_RELIGION_CHRISTIANITY">
      <Text>Roma Katolikligi</Text>
    </Row>
    <Row Tag="TXT_KEY_RELIGION_ORTHODOXY">
      <Text>Dogu Ortodokslugu</Text>
    </Row>
    <Row Tag="TXT_KEY_RELIGION_PROTESTANTISM">
      <Text>Protestanlik</Text>
    </Row>
    <!-- Beliefs -->
    <Row Tag="TXT_KEY_MEDIEVAL_SCENARIO_BELIEF_CHURCH_PROPERTY_SHORT">
      <Text>Patrikhaneler</Text>
    </Row>
    <Row Tag="TXT_KEY_MEDIEVAL_SCENARIO_BELIEF_ITINERANT_PREACHERS_SHORT">
      <Text>Slavlarin Havarileri</Text>
    </Row>
    <Row Tag="TXT_KEY_MEDIEVAL_SCENARIO_BELIEF_TITHE_SHORT">
      <Text>Zekat</Text>
    </Row>
    <Row Tag="TXT_KEY_MEDIEVAL_SCENARIO_BELIEF_MISSIONARY_ZEAL_SHORT">
      <Text>Dawah</Text>
    </Row>
    <Row Tag="TXT_KEY_MEDIEVAL_SCENARIO_BELIEF_MESSIAH_SHORT">
      <Text>Reformcular</Text>
    </Row>
    <Row Tag="TXT_KEY_MEDIEVAL_SCENARIO_BELIEF_RELIGIOUS_TEXTS_SHORT">
      <Text>Incil Cevirileri</Text>
    </Row>
    <Row Tag="TXT_KEY_BELIEF_INDULGENCES_SHORT">
      <Text>Hosgörüler</Text>
    </Row>
    <Row Tag="TXT_KEY_BELIEF_THIRD_ROME_SHORT">
      <Text>Üçüncü Roma</Text>
    </Row>
    <Row Tag="TXT_KEY_BELIEF_ICONOGRAPHY_SHORT">
      <Text>Ikonografi</Text>
    </Row>
    <Row Tag="TXT_KEY_BELIEF_HAJJ_SHORT">
      <Text>Hac</Text>
    </Row>
    <Row Tag="TXT_KEY_BELIEF_SALAT_SHORT">
      <Text>Salat</Text>
    </Row>
    <Row Tag="TXT_KEY_BELIEF_WORK_ETHIC_SHORT">
      <Text>Is Ahlaki</Text>
    </Row>
    <Row Tag="TXT_KEY_BELIEF_CLERICAL_MARRIAGE_SHORT">
      <Text>Büro Evliligi</Text>
    </Row>
  </Language_en_US>
</GameData>