﻿<?xml version="1.0" encoding="utf-8"?>
<GameData>
  <EnglishText>
    <Row Tag="LOC_FEATURE_EYJAFJALLAJOKULL_NAME">
      <Text>Eyjafjallajökull</Text>
    </Row>
    <Row Tag="LOC_FEATURE_GIANTS_CAUSEWAY_NAME">
      <Text>Giant's Causeway</Text>
    </Row>
    <Row Tag="LOC_FEATURE_LYSEFJORDEN_NAME">
      <Text>Lysefjord</Text>
    </Row>
    <Row Tag="LOC_FEATURE_EYJAFJALLAJOKULL_DESCRIPTION">
      <Text>Bitisik parseller +1 [ICON_Culture] Kültür ve +2 [ICON_Food] Gida verir.</Text>
    </Row>
    <Row Tag="LOC_FEATURE_GIANTS_CAUSEWAY_DESCRIPTION">
      <Text>Bitisik arazilere giren kara savas birimleri 'Fionn'un Mizragi' yetenegini alir (+5 savas gücü). Bitisik araziler +1 [ICON_Culture] Kültür verir.</Text>
    </Row>
    <Row Tag="LOC_FEATURE_LYSEFJORDEN_DESCRIPTION">
      <Text>Bitisik arazilere giren deniz muharebe birimlerine bir sonraki terfileri verilir. Bitisik parseller +1 [ICON_Production] Üretim saglar.</Text>
    </Row>
  </EnglishText>
</GameData>