﻿<?xml version="1.0" encoding="utf-8" standalone="yes"?>
<!-- edited with XMLSPY v2004 rel. 2 U (http://www.xmlspy.com) by Anton Strenger (Firaxis Games) -->
<GameData xmlns:xsi="http://www.w3.org/2001/XMLSchema-instance">
  <EnglishText>
    <Row Tag="LOC_PEDIA_CITYSTATES_PAGE_CIVILIZATION_AUCKLAND_CHAPTER_HISTORY_PARA_1">
      <Text>Maoriler bugün Yeni Zelanda'nin kuzeyinde yer alan bir kistaga yerlestiklerinde, çevrelerini verimli topraklar, yemyesil ormanlar ve sönmüs volkanlarla dolu buldular. Kistagin her iki tarafindaki korunakli dogal limanlar bol miktarda balikçilik ve savas kanolari ('waka taua') için bir üs sunuyordu. Yerlesimciler buraya "Tamaki Makaurau" adini verdiler  bu isim "yüz asik tarafindan aranan bakire" anlamina geliyordu.</Text>
    </Row>
    <Row Tag="LOC_PEDIA_CITYSTATES_PAGE_CIVILIZATION_AUCKLAND_CHAPTER_HISTORY_PARA_2">
      <Text>1840 yilinda - Maorilerin gelisinden yaklasik 500 yil sonra - yeni Ingiliz Valisi William Hobson, Tamaki Makaurau'nun yeni Yeni Zelanda için mükemmel bir sömürge baskenti olacagina karar verdi. Buranin adini Auckland olarak degistirdi  bu kelimenin tercümesi "benim patronum Auckland Kontu ve daha fazla para istedigimde benim hakkimda olumlu düsünmesini istiyorum" demekti.</Text>
    </Row>
    <Row Tag="LOC_PEDIA_CITYSTATES_PAGE_CIVILIZATION_AUCKLAND_CHAPTER_HISTORY_PARA_3">
      <Text>Baskent daha sonra Wellington'a tasinmis olsa da, Auckland'in siyasi prestij kaybi canli ekonomisiyle fazlasiyla telafi edildi. Sinirli askeri çatismalarin bile mali çözümleri vardi: bir Maori kabilesi seflerinin tutuklanmasini protesto etmek için sehre saldirmak istediginde, Aucklandlilar önemli miktarda tütün teslim ederek sorunu çözdüler. Panama Kanali'nin 20. yüzyilin baslarinda açilmasi, Auckland'in Güney Pasifik nakliye rotalarinda hayati bir durak olma rolünü daha da genisletti.</Text>
    </Row>
    <Row Tag="LOC_PEDIA_CITYSTATES_PAGE_CIVILIZATION_ANTANANARIVO_CHAPTER_HISTORY_PARA_1">
      <Text>Madagaskar'in baskenti, Imerinan Krali Andrianjaka 17. Yüzyilin baslarinda burayi kendisine alana kadar Vazimba halkinin uykulu bir yayla kasabasi olarak basladi. Kraliyet yerleskesinden, halkini besleyecek olan ve sürekli genisleyen pirinç tarlalarina bakabiliyordu. Bir genisleme ve düzen döneminin ardindan, onlarca yil süren Imerinan iç savasi Antananarivo'yu dört baskentten birine dönüstürdü  ancak toz duman yatisinca, kralligin siyasi merkezi olma statüsünü yeniden kazandi.</Text>
    </Row>
    <Row Tag="LOC_PEDIA_CITYSTATES_PAGE_CIVILIZATION_ANTANANARIVO_CHAPTER_HISTORY_PARA_2">
      <Text>19. yüzyilin baslarinda Kral I. Radama kentin Avrupa yerlesimine açilmasina karar verdi. Sehrin gelisen ekonomisi zanaatkârlari, imalatçilari ve yerlesimcileri kendine çekti. Fabrikalar gelisti, altyapi sehrin genislemesine ayak uydurdu ve farkli mimari tarzlar sehrin görünümünü degistirdi. Radama'nin halefleri kültürel ve teknolojik ilerlemeleri gelistirmeye devam etti ve sonunda sehrin vatandaslari için zorunlu egitim karari aldi.</Text>
    </Row>
    <Row Tag="LOC_PEDIA_CITYSTATES_PAGE_CIVILIZATION_ANTANANARIVO_CHAPTER_HISTORY_PARA_3">
      <Text>Ardindan, 1894'te Fransa isgal etti. Madagaskar 1960 yilinda sömürge otoritesinden bagimsizligini ve beraberinde modernize edilmis bir Antananarivo'yu geri kazandi.</Text>
    </Row>
    <Row Tag="LOC_PEDIA_CITYSTATES_PAGE_CIVILIZATION_ARMAGH_CHAPTER_HISTORY_PARA_1">
      <Text>Irlanda'nin Armagh kasabasi uzun zamandir dinle anilmaktadir. Eski paganlar için bir ibadet yeri oldugu düsünülen kasaba, 5. yüzyilda Hiristiyan bir misyoner olan Aziz Patrick'in bir tepenin zirvesinde tastan bir kilise insa edip kutsamasiyla önem kazanmistir. Bu kilisenin etrafinda bir manastir ve ardindan da Hiristiyanligi Irlanda'ya yaymaya adanmis bir kasaba ortaya çikmistir.</Text>
    </Row>
    <Row Tag="LOC_PEDIA_CITYSTATES_PAGE_CIVILIZATION_ARMAGH_CHAPTER_HISTORY_PARA_2">
      <Text>Bu Armagh'in bir kiyi kenti oldugu anlamina gelmemektedir. Kuzey Irlanda'daki konumu okyanusa 25 mil gibi kisa bir mesafededir. Bununla birlikte, Irlanda Kilisesi'nin merkezi olarak sahip oldugu ün, zengin olmak isteyenler için burayi cazip bir hedef haline getirmistir. Vikingler 9. yüzyilda Armagh manastirina iki kez baskin düzenlemis ve her seferinde kucak dolusu dini emaneti alip kaçmak için karayolu yolculugu yapmislardir. Istilaci bir Norman sövalyesi olan John de Courcy, 12. Yüzyilin sonlarinda kasabayi yagmaladiginda bu gelenegi tekrarlamayi düsündü.</Text>
    </Row>
    <Row Tag="LOC_PEDIA_CITYSTATES_PAGE_CIVILIZATION_GRANADA_CHAPTER_HISTORY_PARA_1">
      <Text>8. yüzyilda Emevi Halifeligi Iber Yarimadasi'na yayilarak Vizigotik Hispanya'yi hizla fethetti. Bugün güney Ispanya'da bulunan müstahkem bir yerlesim yeri olan Granada da bu istilanin bir parçasi oldu. Zamanla (tam olarak 15. Yüzyilin sonlarinda) Katolik Hükümdarlara ('Los Reyes Católicos') teslim olmasi Endülüs'ün Yeniden Fethi'ni sona erdirecekti, ancak bin yilin üç çeyregi boyunca Granada Magribilere aitti.</Text>
    </Row>
    <Row Tag="LOC_PEDIA_CITYSTATES_PAGE_CIVILIZATION_GRANADA_CHAPTER_HISTORY_PARA_2">
      <Text>Sierra Nevada siradaglarinin dibinde yer alan Granada, alçak bir ovadaki konumu nedeniyle neredeyse savunulamaz olma talihsizligine sahipti. Magribi yöneticiler bunu çabucak fark etmis ve iktidar merkezlerini sehre bakan daha savunulabilir dag eteklerine tasimislardir. Planlarinin bir parçasi da alcazarlarin insa edilmesiydi  bunlardan biri daha sonraki yillarda yenilenerek güzel Elhamra'ya dönüsecekti.</Text>
    </Row>
    <Row Tag="LOC_PEDIA_CITYSTATES_PAGE_CIVILIZATION_GRANADA_CHAPTER_HISTORY_PARA_3">
      <Text>Granada'nin Magribi efendileri yüzyillar boyunca degisti. Muvahhidler, Emevilerin kalintilarinin yerine geçen Muvahhidlerin yerini aldi. Sehrin kaderi 13. yüzyilda Katolik Kastilya Kralligi ile ittifak kurarak Girnata Emirligi'ni kuran Nasrid Hanedani ile yeniden degisti. Sahra alti Afrika'daki ticaret merkezlerine dogrudan erisim, Granada'ya bir süreligine Reconquista'dan özgürlük kazandirdi.</Text>
    </Row>
    <Row Tag="LOC_PEDIA_CITYSTATES_PAGE_CIVILIZATION_MUSCAT_CHAPTER_HISTORY_PARA_1">
      <Text>Maskat'tan geçen ticaret en az iki bin yildir Maskat'in can damari olmustur. Al Hajar daglarinin eteklerinde yer alan sehir, Batlamyus tarafindan daha 1. yüzyilda Gizli Liman ('Cryptus Portus') olarak adlandirilmistir. Ne yazik ki sehir yeterince iyi gizlenememisti - Basra Körfezi'nin agzindaki en önemli konumu onu uzun zamandan beri fetih için cazip bir hedef haline getirdi.</Text>
    </Row>
    <Row Tag="LOC_PEDIA_CITYSTATES_PAGE_CIVILIZATION_MUSCAT_CHAPTER_HISTORY_PARA_2">
      <Text>Yüzyillar boyunca Muskat limani birçok sancak tasimistir: Sasani, Arap (7. Yüzyilda Islam'a geçmistir), Abbasi, Selçuklu ve Fars bunlardan birkaçidir. 16. yüzyilin baslarinda Portekizli bir amiral ticari iliskiler kurmaya çalismis ve Muskat'in büyük bir kismini toplarla yakmistir. Yeniden insa edilen sehir, Ummanlilarin onlari zorla çikarip liman kentini geri aldigi 1650 yilina kadar Portekiz yönetiminde kalmistir.</Text>
    </Row>
    <Row Tag="LOC_PEDIA_CITYSTATES_PAGE_CIVILIZATION_MUSCAT_CHAPTER_HISTORY_PARA_3">
      <Text>Maskat uzun zamandir Umman'in iç kesimlerindeki kabilelerle, çogunlukla özyönetim konusunda anlasmazlik yasamaktadir. Böyle bir kargasa döneminin ortasinda 18. Yüzyilda Al Bu Sa'id hanedanligi yükselmis ve bu hanedanlik modern zamanlara kadar kesintisiz devam etmistir. Bugün, kapsamli bir sekilde modernize edilmis Maskat Umman'in baskenti olarak hizmet vermekte ve önemli bir ticaret limani olmaya devam etmektedir.</Text>
    </Row>
    <Row Tag="LOC_PEDIA_CITYSTATES_PAGE_CIVILIZATION_PALENQUE_CHAPTER_HISTORY_PARA_1">
      <Text>Bugün Meksika'da bulunan Oaxaca vadisinin kalbinde Zapotekler bir dizi kent merkezi kurdular. Mitla bunlarin en önemlilerinden biriydi - 16. yüzyilda Ispanyollarin eline geçtiginde yaklasik yarim milyon sakini, günes takviminin yani sira ritüel amaçli ayri bir takvimi, kendi yazi sistemi ve kabak, aci biber, misir ve fasulye gibi gelisen bir tarimsal üretimi olan bir metropol. Kurak Oaxaca vadisinde Zapotekler sulama sistemleri ve surlar kurmus, etkileyici dini ve kültürel yapilar insa etmis ve komsu Mezoamerikan gruplarin zaman zaman akinlarina ragmen hayatta kalmayi basarmislardi. Ispanyol fethinden de kurtulacaklardi: Bugün Meksika'da hala yaklasik bir milyon Zapotek yasamaktadir.</Text>
    </Row>
    <Row Tag="LOC_PEDIA_CITYSTATES_PAGE_CIVILIZATION_PALENQUE_CHAPTER_HISTORY_PARA_2">
      <Text>"Mitla" ismi Nahuatl dilinde "ölülerin yeri" anlamina gelen kelimenin Ispanyolca açilimindan gelmektedir. Ve Mitla'nin ölüleri ugurlu bir gruptu. Zapotek dini, yasayanlari ve ölüleri, her birinin kendi tanrilari olan iki ayri kategoriye ayirirdi  Mitla'ya gömülmek, ölülerin ölüm tanrilariyla degil, yasayanlarin tanrilari olan Yildirim ve Deprem ile kaynasacagi anlamina geliyordu. Bu sansli soylular, torunlarina yardim etmek için göklerde yasamaya devam eden "bulut insanlari" oldular.</Text>
    </Row>
    <Row Tag="LOC_PEDIA_CITYSTATES_PAGE_CIVILIZATION_PALENQUE_CHAPTER_HISTORY_PARA_3">
      <Text>Ispanyollar Mitla'yi yagmalayip Zapotekler için dini ve kültürel bir merkez olmaktan çikarmaya çalisirken, iklim onlarin biraktiklarini korumustur. En önemlisi Mitla'nin grecalaridir - tas plazalarinin duvarlarindaki oymalar. Bunlar bas döndürücü geometrik desenlere sahiptir ve Mitla'nin en parlak döneminde koyu kirmiziya boyanmis olan dev bir yilanin (Mezoamerikan efsanesinde mitolojik bir yaratik) pullarini akla getirmektedir.</Text>
    </Row>
    <Row Tag="LOC_PEDIA_FEATURES_PAGE_FEATURE_EYJAFJALLAJOKULL_CHAPTER_HISTORY_PARA_1">
      <Text>Eyjafjallajökull, hem bir Izlanda yanardaginin hem de kalderasini tikayan buz örtüsünün adidir. Yanardag bin yili askin bir süredir aktif olmasina ragmen, 2010 yilindaki küçük bir patlamaya kadar Izlanda disinda çok az biliniyordu. Ardindan gelen kül bulutu Avrupa'da hava trafigini yaklasik bir hafta boyunca durdurmus ve binlerce saatlik nefes kesen haberlere konu olmustu. Eyjafjallajökull'un patlamalari geleneksel olarak çok daha aktif bir buzul alti volkani olan yakinlardaki Katla'nin daha da büyük patlamalarinin habercisi olmustur - Avrupali hava trafik kontrolörlerini çok üzmüstür.</Text>
    </Row>
    <Row Tag="LOC_PEDIA_FEATURES_PAGE_FEATURE_LYSEFJORDEN_CHAPTER_HISTORY_PARA_1">
      <Text>Buzul Cagi'ndan kalma buzul erozyonu, görkemli Lysefjord'u simdiki güney Norveç'ten oymustur. Bir maraton uzunlugundaki soguk, siyah su, soluk granitten yükselen kayaliklar arasinda dolanir. Bu kayalarin daha parlak renkleri, asagidaki suyu gölgede birakma egilimlerine ragmen "hafif fiyort" adini verir. Carpici Pulpit Kayasi (ya da "Preikestolen"), Lysefjord'un agzina yakin yaklasik 2000 ft'lik bir uçurumun büyük, düz tepesidir ve asagidan geçen teknelere stentorian ögütler bagirmak için mükemmeldir.</Text>
    </Row>
    <Row Tag="LOC_PEDIA_FEATURES_PAGE_FEATURE_GIANTS_CAUSEWAY_CHAPTER_HISTORY_PARA_1">
      <Text>Giant's Causeway olarak bilinen geometrik sütun kümeleri Kuzey Irlanda kiyilari boyunca bulunabilir. Sütunlarin yüksekligi, kendisinden uzaklasmis bir boru orgu gibi degismektedir. Kiyiya en yakin sütunlar Kuzey Kanali'nda kaybolurken, digerleri bazalttan yapilmis sur duvarlari gibi yerden çikinti yapmaktadir. Efsanelere göre geçit, Iskoç devi Benandonner tarafindan dövüse davet edilen Irlandali dev Finn MacCool tarafindan insa edilmistir. (Jeologlar buna katilmamakta ve sütun olusumunu 50 milyon yil önceki volkanik faaliyetlere baglamaktadir).</Text>
    </Row>
    <Row Tag="LOC_PEDIA_IMPROVEMENTS_PAGE_IMPROVEMENT_ALCAZAR_CHAPTER_HISTORY_PARA_1">
      <Text>Alcázarlar (bir tür son siginak) Endülüs'teki Magribi sehirlerinin çogunda, çogunlukla MS 8. ve 15. yüzyillar arasinda insa edilmis kale-saraylardi. Bunlarin çogu Magribi valilerin ikametgahi olarak insa edilmistir... ve sadece asi rakiplere karsi degil, ayni zamanda daha sonra o kafa karistirici Hiristiyan Reconquista'ya karsi da oldukça kullanisli olmustur. Birçogu hala ayakta ve oldukça ünlüler: örnegin Segovia'dakiler. Toledo, Cordoba (ünlü Alcázar de los Reyes Cristianos), Burgos ve Sevilla'dakiler. Sonuncusu, örnek olarak, 913 yilinda Cordoba valisi için bir kale olarak insa edilmistir  11. Yüzyilda, al-Muwarak ("Kutsanmis") olarak bilinen saraya genisletilmistir. Hiristiyan kral Fernando III, 1248 yilinda Sevilla'yi ele geçirdiginde burayi kraliyet ikametgâhi haline getirmistir. Simdi ise sehirdeki tur otobüsleri için sadece bir baska durak.</Text>
    </Row>
    <Row Tag="LOC_PEDIA_IMPROVEMENTS_PAGE_IMPROVEMENT_MONASTERY_CHAPTER_HISTORY_PARA_1">
      <Text>Roma Katolik geleneginde manastir, kesisler (ve modern kullanimda "manastir" olarak adlandirilan rahibeler) için ortak ev ve isyeri olarak hizmet veren bir bina kompleksidir. Bunlar ayni zamanda sapel veya kilise gibi ibadet için ayrilmis bir yeri de içerir. Ve birçogunda hastaneler, okullar, içki fabrikalari ve daha fazlasi bulunuyordu. Efsaneye göre Hiristiyan manastirciligi Misir'da baslamistir, ancak Avrupa'daki ilk manastir MS 344 yilinda Aziz Athanasius tarafindan Cirpan (Bulgaristan) yakinlarinda kurulmustur. Birkaç yüzyil sonra, 529 yilinda Aziz Benedict Monte Cassino'daki manastiri kurarak Katolik manastirciliginin temelini atmistir. Manastirlar kisa süre içinde tüm Avrupa'da ve ötesinde görülmeye baslandi.</Text>
    </Row>
  </EnglishText>
</GameData>