﻿<?xml version="1.0" encoding="utf-8"?>
<GameData>
  <EnglishText>
    <Row Tag="LOC_FEATURE_EYJAFJALLAJOKULL_QUOTE">
      <Text>"Devasa ve yüksek bir alev sütunu Holt'taki insanlarin geceleri gündüzmüs gibi mükemmel bir sekilde okumalarini sagladi."[NEWLINE]- Liverpool Mercury</Text>
    </Row>
    <Row Tag="LOC_FEATURE_GIANTS_CAUSEWAY_QUOTE">
      <Text>"Burada koyu kahverengi sekilsiz bazalt, burada kirmizi asi boyasi ve bunun altinda yine odun kömürünün ince ama belirgin çizgileri."[NEWLINE]- Dublin Penny Journal</Text>
    </Row>
    <Row Tag="LOC_FEATURE_LYSEFJORDEN_QUOTE">
      <Text>"Bu denizin içinde ve bu yalnizligin ortasinda büyük, kasvetli bir cadde yükselir  hiçbir insanin ayak basamayacagi bir cadde. Oradan hiç kimse geçmez  hiçbir gemi içeri girmeye cesaret edemez."[NEWLINE]- Victor Hugo</Text>
    </Row>
    <Row Tag="LOC_CIVILIZATION_AUCKLAND_NAME">
      <Text>Auckland</Text>
    </Row>
    <Row Tag="LOC_CIVILIZATION_ANTANANARIVO_NAME">
      <Text>Antananarivo</Text>
    </Row>
    <Row Tag="LOC_CIVILIZATION_ARMAGH_NAME">
      <Text>Armagh</Text>
    </Row>
    <Row Tag="LOC_CIVILIZATION_GRANADA_NAME">
      <Text>Granada</Text>
    </Row>
    <Row Tag="LOC_CIVILIZATION_MUSCAT_NAME">
      <Text>Muskat</Text>
    </Row>
    <Row Tag="LOC_CIVILIZATION_MITLA_NAME">
      <Text>Mitla</Text>
    </Row>
    <Row Tag="LOC_CIVILIZATION_PALENQUE_NAME">
      <!--Kept for backwards compatibility with saves with outdated configurations that still reference Palenque-->
      <Text>Mitla</Text>
    </Row>
    <Row Tag="LOC_CIVILIZATION_AUCKLAND_DESCRIPTION">
      <Text>Auckland sehir devleti</Text>
    </Row>
    <Row Tag="LOC_CIVILIZATION_ANTANANARIVO_DESCRIPTION">
      <Text>Antananarivo sehir devleti</Text>
    </Row>
    <Row Tag="LOC_CIVILIZATION_ARMAGH_DESCRIPTION">
      <Text>Armagh sehir devleti</Text>
    </Row>
    <Row Tag="LOC_CIVILIZATION_GRANADA_DESCRIPTION">
      <Text>Granada sehir devleti</Text>
    </Row>
    <Row Tag="LOC_CIVILIZATION_MUSCAT_DESCRIPTION">
      <Text>Maskat sehir devleti</Text>
    </Row>
    <Row Tag="LOC_CIVILIZATION_MITLA_DESCRIPTION">
      <Text>Mitla sehir devleti</Text>
    </Row>
    <Row Tag="LOC_CIVILIZATION_PALENQUE_DESCRIPTION">
      <!--Kept for backwards compatibility with saves with outdated configurations that still reference Palenque-->
      <Text>Mitla sehir devleti</Text>
    </Row>
    <Row Tag="LOC_CIVILIZATION_AUCKLAND_ADJECTIVE">
      <Text>Auckland</Text>
    </Row>
    <Row Tag="LOC_CIVILIZATION_ANTANANARIVO_ADJECTIVE">
      <Text>Antananarivo</Text>
    </Row>
    <Row Tag="LOC_CIVILIZATION_ARMAGH_ADJECTIVE">
      <Text>Armagh</Text>
    </Row>
    <Row Tag="LOC_CIVILIZATION_GRANADA_ADJECTIVE">
      <Text>Granada</Text>
    </Row>
    <Row Tag="LOC_CIVILIZATION_MUSCAT_ADJECTIVE">
      <Text>Muskat</Text>
    </Row>
    <Row Tag="LOC_CIVILIZATION_MITLA_ADJECTIVE">
      <Text>Mitla</Text>
    </Row>
    <Row Tag="LOC_CIVILIZATION_PALENQUE_ADJECTIVE">
      <!--Kept for backwards compatibility with saves with outdated configurations that still reference Palenque-->
      <Text>Mitla</Text>
    </Row>
    <Row Tag="LOC_CITY_NAME_AUCKLAND">
      <Text>Auckland</Text>
    </Row>
    <Row Tag="LOC_CITY_NAME_ANTANANARIVO">
      <Text>Antananarivo</Text>
    </Row>
    <Row Tag="LOC_CITY_NAME_ARMAGH">
      <Text>Armagh</Text>
    </Row>
    <Row Tag="LOC_CITY_NAME_GRANADA">
      <Text>Granada</Text>
    </Row>
    <Row Tag="LOC_CITY_NAME_MUSCAT">
      <Text>Muskat</Text>
    </Row>
    <Row Tag="LOC_CITY_NAME_PALENQUE">
      <Text>Mitla</Text>
    </Row>
    <Row Tag="LOC_LEADER_TRAIT_AUCKLAND_NAME">
      <Text>Auckland Suzerain Bonus</Text>
    </Row>
    <Row Tag="LOC_LEADER_TRAIT_ANTANANARIVO_NAME">
      <Text>Antananarivo Suzerain Bonus</Text>
    </Row>
    <Row Tag="LOC_LEADER_TRAIT_ARMAGH_NAME">
      <Text>Armagh Suzerain Bonus</Text>
    </Row>
    <Row Tag="LOC_LEADER_TRAIT_GRANADA_NAME">
      <Text>Granada Suzerain Bonus</Text>
    </Row>
    <Row Tag="LOC_LEADER_TRAIT_MUSCAT_NAME">
      <Text>Muscat Süzerain Bonus</Text>
    </Row>
    <Row Tag="LOC_LEADER_TRAIT_MITLA_NAME">
      <Text>Mitla Suzerain Bonus</Text>
    </Row>
    <Row Tag="LOC_LEADER_TRAIT_AUCKLAND_DESCRIPTION">
      <Text>Sahip oldugunuz sig su karolari +1 [ICON_Production] Üretim saglar. Sanayi çagina ulastiginizda ilave +1.</Text>
    </Row>
    <Row Tag="LOC_LEADER_TRAIT_ANTANANARIVO_DESCRIPTION">
      <Text>Uygarliginiz simdiye kadar kazandigi her Büyük Kisi için +%2 [ICON_Culture] Kültür kazanir, toplamda +30%.'a kadar.</Text>
    </Row>
    <Row Tag="LOC_LEADER_TRAIT_ARMAGH_DESCRIPTION">
      <Text>Insaatçilariniz artik Manastir iyilestirmeleri yapabilir.[NEWLINE][NEWLINE]Manastirlar +2 [ICON_Faith] Inanç saglar. Bu karede bulunan ve bu tur saldirmamis dost dini birim için +15 HP iyilestirme. Baska bir Manastirin yanina insa edilemez</Text>
    </Row>
    <Row Tag="LOC_LEADER_TRAIT_GRANADA_DESCRIPTION">
      <Text>Insaatçilariniz artik Alcázar iyilestirmeleri yapabilir. [NEWLINE][NEWLINE]Alcázar'lar +2 [ICON_Culture] Kültür saglar. Isgal eden birim +4 [ICON_Strength] Savunma Gücü alir ve otomatik olarak 2 tur tahkimat kazanir. Baska bir Alcázar'in yanina insa edilemez.</Text>
    </Row>
    <Row Tag="LOC_LEADER_TRAIT_MUSCAT_DESCRIPTION">
      <Text>+1 [ICON_Amenities] Ticari Merkez bölgesine sahip sehirlerde kolaylik.</Text>
    </Row>
    <Row Tag="LOC_LEADER_TRAIT_MITLA_DESCRIPTION">
      <Text>Kampüs bölgesi olan sehirlerde büyüme orani %15 daha yüksektir.</Text>
    </Row>
    <Row Tag="LOC_ABILITY_SPEAR_OF_FIONN_NAME">
      <Text>Fionn'un Mizragi</Text>
    </Row>
    <Row Tag="LOC_ABILITY_SPEAR_OF_FIONN_DESCRIPTION">
      <Text>Fionn'un Mizragi: +5 Savas Gücü</Text>
    </Row>
    <Row Tag="LOC_IMPROVEMENT_ALCAZAR_NAME">
      <Text>Alcázar</Text>
    </Row>
    <Row Tag="LOC_IMPROVEMENT_MONASTERY_NAME">
      <Text>Manastir</Text>
    </Row>
    <Row Tag="LOC_IMPROVEMENT_ALCAZAR_DESCRIPTION">
      <Text>Bir Alcázar insa etmek için Insaatçi yeteneginin kilidini açar.[NEWLINE][NEWLINE]+2 [ICON_Culture] Kültür. Isgal eden birim +4 [ICON_Strength] Savunma Gücü alir ve otomatik olarak 2 tur tahkimat kazanir. Baska bir Alcázar'in yanina insa edilemez.</Text>
    </Row>
    <Row Tag="LOC_IMPROVEMENT_MONASTERY_DESCRIPTION">
      <Text>Bir Manastir insa etmek için Insaatçi yeteneginin kilidini açar. [NEWLINE][NEWLINE]+2 [ICON_Faith] Inanç. Bu karede bulunan ve bu tur saldirmamis olan dost dini birim için +15 HP iyilestirme. Baska bir Manastirin yanina insa edilemez.</Text>
    </Row>
  </EnglishText>
</GameData>