﻿<?xml version="1.0" encoding="utf-8"?>
<!-- edited with XMLSPY v2004 rel. 2 U (http://www.xmlspy.com) by Ed Beach (Firaxis Games) -->
<!-- Sid Meier's Civilization V -->
<!-- Copyright Firaxis Games 2010 -->
<!-- -->
<!-- Game Text Objects -->
<GameData>
  <Language_en_US>
    <Row Tag="TXT_KEY_UNIT_MONGOL_KESHIK">
      <Text>Keshik</Text>
    </Row>
    <Row Tag="TXT_KEY_UNIT_MONGOL_KHAN">
      <Text>Khan</Text>
    </Row>
    <Row Tag="TXT_KEY_MONGOLIAN_KHAN_GENGHIS">
      <Text>Genghis</Text>
    </Row>
    <Row Tag="TXT_KEY_MONGOLIAN_KHAN_BATU">
      <Text>Batu</Text>
    </Row>
    <Row Tag="TXT_KEY_MONGOLIAN_KHAN_OGEDEI">
      <Text>Ogedei</Text>
    </Row>
    <Row Tag="TXT_KEY_MONGOLIAN_KHAN_GUYUK">
      <Text>Guyuk</Text>
    </Row>
    <Row Tag="TXT_KEY_MONGOLIAN_KHAN_MONGKE">
      <Text>Mongke</Text>
    </Row>
    <Row Tag="TXT_KEY_MONGOLIAN_KHAN_KUBLAI">
      <Text>Kubilay</Text>
    </Row>
    <Row Tag="TXT_KEY_MONGOLIAN_KHAN_HULEGU">
      <Text>Hulegu</Text>
    </Row>
    <Row Tag="TXT_KEY_MONGOLIAN_KHAN_BERKE">
      <Text>Berke</Text>
    </Row>
    <Row Tag="TXT_KEY_MONGOLIAN_KHAN_MONGKE_TEMUR">
      <Text>Mongke Temur</Text>
    </Row>
    <Row Tag="TXT_KEY_MONGOLIAN_KHAN_TEMUR_KHAGAN">
      <Text>Temür Kagan</Text>
    </Row>
    <Row Tag="TXT_KEY_PROMOTION_MEDIC_GENERAL">
      <Text>Gelistirilmis Medic</Text>
    </Row>
    <Row Tag="TXT_KEY_PROMOTION_MEDIC_GENERAL_HELP">
      <Text>Bu birim ve bitisik karelerdeki diger tüm birimler [COLOR_POSITIVE_TEXT]Her turda 2 Ek HP[ENDCOLOR] iyilestirir.</Text>
    </Row>
    <Row Tag="TXT_KEY_PROMOTION_GAIN_EXPERIENCE">
      <Text>Hizli Calisma</Text>
    </Row>
    <Row Tag="TXT_KEY_PROMOTION_GAIN_EXPERIENCE_HELP">
      <Text>Terfiler için %50 daha hizli deneyim kazanir.</Text>
    </Row>
  </Language_en_US>
</GameData>