﻿<?xml version="1.0" encoding="utf-8"?>
<!--Sid Meier's Civilization V -->
<!--Copyright Firaxis Games 2010 -->
<GameData>
  <Language_en_US>
    <Row Tag="TXT_KEY_MONGOL_SCENARIO_CITYSTATE_UIGHUR">
      <Text>Uygur</Text>
    </Row>
    <Row Tag="TXT_KEY_MONGOL_SCENARIO_CITYSTATE_UIGHUR_ADJ">
      <Text>Uygur</Text>
    </Row>
    <Row Tag="TXT_KEY_MONGOL_SCENARIO_CITYSTATE_GEORGIA">
      <Text>Gürcistan</Text>
    </Row>
    <Row Tag="TXT_KEY_MONGOL_SCENARIO_CITYSTATE_GEORGIA_ADJ">
      <Text>Gürcüce</Text>
    </Row>
    <Row Tag="TXT_KEY_MONGOL_SCENARIO_CITYSTATE_HUNGARY">
      <Text>Macaristan</Text>
    </Row>
    <Row Tag="TXT_KEY_MONGOL_SCENARIO_CITYSTATE_HUNGARY_ADJ">
      <Text>Macarca</Text>
    </Row>
    <Row Tag="TXT_KEY_MONGOL_SCENARIO_CITYSTATE_DAI_VIET">
      <Text>Dai Viet</Text>
    </Row>
    <Row Tag="TXT_KEY_MONGOL_SCENARIO_CITYSTATE_DAI_VIET_ADJ">
      <Text>Dai Viet</Text>
    </Row>
    <Row Tag="TXT_KEY_MONGOL_SCENARIO_CITYSTATE_DALI">
      <Text>Dali</Text>
    </Row>
    <Row Tag="TXT_KEY_MONGOL_SCENARIO_CITYSTATE_DALI_ADJ">
      <Text>Dali</Text>
    </Row>
    <Row Tag="TXT_KEY_MONGOL_SCENARIO_CITYSTATE_ABBASIDS">
      <Text>Abbasiler</Text>
    </Row>
    <Row Tag="TXT_KEY_MONGOL_SCENARIO_CITYSTATE_ABBASIDS_ADJ">
      <Text>Abbasiler</Text>
    </Row>
    <Row Tag="TXT_KEY_MONGOL_SCENARIO_CITYSTATE_CRUSADERS">
      <Text>Haçli Devletleri</Text>
    </Row>
    <Row Tag="TXT_KEY_MONGOL_SCENARIO_CITYSTATE_CRUSADERS_ADJ">
      <Text>Haçli Devleti</Text>
    </Row>
    <Row Tag="TXT_KEY_MONGOL_SCENARIO_CITYSTATE_WESTERN_XIA">
      <Text>Bati Xia</Text>
    </Row>
    <Row Tag="TXT_KEY_MONGOL_SCENARIO_CITYSTATE_WESTERN_XIA_ADJ">
      <Text>Bati Xia</Text>
    </Row>
    <Row Tag="TXT_KEY_MONGOL_SCENARIO_CITYSTATE_KOREA">
      <Text>Kore</Text>
    </Row>
    <Row Tag="TXT_KEY_MONGOL_SCENARIO_CITYSTATE_KOREA_ADJ">
      <Text>Korece</Text>
    </Row>
  </Language_en_US>
</GameData>