﻿<?xml version="1.0" encoding="utf-8"?>
<!-- Sid Meier's Civilization V -->
<!-- Copyright Firaxis Games 2010 -->
<!-- -->
<!-- Game Text Cities -->
<GameData>
  <Language_en_US>
    <Row Tag="TXT_KEY_MONGOL_SCENARIO_CITY_NAME_KIEV">
      <Text>Kiev</Text>
    </Row>
    <Row Tag="TXT_KEY_MONGOL_SCENARIO_CITY_NAME_CONSTANTINOPLE">
      <Text>Konstantinopolis</Text>
    </Row>
    <Row Tag="TXT_KEY_MONGOL_SCENARIO_CITY_NAME_THESSALONICA">
      <Text>Selanik</Text>
    </Row>
    <Row Tag="TXT_KEY_MONGOL_SCENARIO_CITY_NAME_CAIRO">
      <Text>Kahire</Text>
    </Row>
    <Row Tag="TXT_KEY_MONGOL_SCENARIO_CITY_NAME_ALEPPO">
      <Text>Halep</Text>
    </Row>
    <Row Tag="TXT_KEY_MONGOL_SCENARIO_CITY_NAME_URGENCH">
      <Text>Urgenç</Text>
    </Row>
    <Row Tag="TXT_KEY_MONGOL_SCENARIO_CITY_NAME_ISFAHAN">
      <Text>Isfahan</Text>
    </Row>
    <Row Tag="TXT_KEY_MONGOL_SCENARIO_CITY_NAME_NISHAPUR">
      <Text>Nishapur</Text>
    </Row>
    <Row Tag="TXT_KEY_MONGOL_SCENARIO_CITY_NAME_SAMARKAND">
      <Text>Semerkant</Text>
    </Row>
    <Row Tag="TXT_KEY_MONGOL_SCENARIO_CITY_NAME_TABRIZ">
      <Text>Tebriz</Text>
    </Row>
    <Row Tag="TXT_KEY_MONGOL_SCENARIO_CITY_NAME_MULTAN">
      <Text>Multan</Text>
    </Row>
    <Row Tag="TXT_KEY_MONGOL_SCENARIO_CITY_NAME_TANZHOU">
      <Text>Tanzhou</Text>
    </Row>
    <Row Tag="TXT_KEY_MONGOL_SCENARIO_CITY_NAME_XIANGYANG">
      <Text>Xiangyang</Text>
    </Row>
    <Row Tag="TXT_KEY_MONGOL_SCENARIO_CITY_NAME_DAZAIFU">
      <Text>Dazaifu</Text>
    </Row>
    <Row Tag="TXT_KEY_MONGOL_SCENARIO_CITY_NAME_BEIJING">
      <Text>Pekin</Text>
    </Row>
    <Row Tag="TXT_KEY_MONGOL_SCENARIO_CITY_NAME_KAIFENG">
      <Text>Kaifeng</Text>
    </Row>
    <Row Tag="TXT_KEY_MONGOL_SCENARIO_CITY_NAME_XIAN">
      <Text>Xian</Text>
    </Row>
    <Row Tag="TXT_KEY_MONGOL_SCENARIO_CITY_NAME_LIAOYANG">
      <Text>Liaoyang</Text>
    </Row>
  </Language_en_US>
</GameData>