﻿<?xml version="1.0" encoding="utf-8"?>
<!-- edited with XMLSPY v2004 rel. 2 U (http://www.xmlspy.com) by Ed Beach (Firaxis Games) -->
<GameData>
  <Language_en_US>
    <Row Tag="TXT_KEY_MONGOL_SCENARIO_CIV_SIAM_ADJECTIVE">
      <Text>Jin</Text>
    </Row>
    <Row Tag="TXT_KEY_MONGOL_SCENARIO_CIV_SIAM_DESC">
      <Text>Jin Hanedanligi</Text>
    </Row>
    <Row Tag="TXT_KEY_MONGOL_SCENARIO_CIV_SIAM_SHORT_DESC">
      <Text>Jin</Text>
    </Row>
    <Row Tag="TXT_KEY_MONGOL_SCENARIO_CIV_GREECE_ADJECTIVE">
      <Text>Bizans</Text>
    </Row>
    <Row Tag="TXT_KEY_MONGOL_SCENARIO_CIV_GREECE_DESC">
      <Text>Bizans Imparatorlugu</Text>
    </Row>
    <Row Tag="TXT_KEY_MONGOL_SCENARIO_CIV_GREECE_SHORT_DESC">
      <Text>Bizans</Text>
    </Row>
  </Language_en_US>
</GameData>