﻿<?xml version="1.0" encoding="utf-8"?>
<!-- edited with XMLSPY v2004 rel. 2 U (http://www.xmlspy.com) by Ed Beach (Firaxis Games) -->
<!-- Sid Meier's Civilization V -->
<!-- Copyright Firaxis Games 2010 -->
<!-- -->
<!-- Game Text Objects -->
<GameData>
  <Language_en_US>
    <Row Tag="TXT_KEY_UNIT_MONGOL_TATARS">
      <Text>Tatarlar</Text>
    </Row>
    <Row Tag="TXT_KEY_UNIT_MONGOL_KEREIT">
      <Text>Kereit</Text>
    </Row>
    <Row Tag="TXT_KEY_UNIT_MONGOL_MERKITS">
      <Text>Merkits</Text>
    </Row>
    <Row Tag="TXT_KEY_UNIT_MONGOL_NAIMANS">
      <Text>Naimans</Text>
    </Row>
    <Row Tag="TXT_KEY_UNIT_MONGOL_MONGOLS">
      <Text>Mogollar</Text>
    </Row>
    <Row Tag="TXT_KEY_UNIT_MONGOL_GENGHIS">
      <Text>Genghis</Text>
    </Row>
  </Language_en_US>
</GameData>