﻿<?xml version="1.0" encoding="utf-8"?>
<!-- edited with XMLSPY v2004 rel. 2 U (http://www.xmlspy.com) by Ed Beach (Firaxis Games) -->
<!-- Sid Meier's Civilization V -->
<!-- Copyright Firaxis Games 2010 -->
<!-- -->
<!-- Game Text Cities -->
<GameData>
  <Language_en_US>
    <Row Tag="TXT_KEY_CITY_NAME_KARAKORUM">
      <Text>Karakurum</Text>
    </Row>
    <Row Tag="TXT_KEY_CITY_NAME_BESHBALIK">
      <Text>Beshbalik</Text>
    </Row>
    <Row Tag="TXT_KEY_CITY_NAME_TURFAN">
      <Text>Turfan</Text>
    </Row>
    <Row Tag="TXT_KEY_CITY_NAME_HSIA">
      <Text>Hsia</Text>
    </Row>
    <Row Tag="TXT_KEY_CITY_NAME_OLDSARAI">
      <Text>Eski Sarai</Text>
    </Row>
    <Row Tag="TXT_KEY_CITY_NAME_NEWSARAI">
      <Text>Yeni Sarai</Text>
    </Row>
    <Row Tag="TXT_KEY_CITY_NAME_SAMARQAND">
      <Text>Semerkant</Text>
    </Row>
    <Row Tag="TXT_KEY_CITY_NAME_TABRIZ">
      <Text>Tebriz</Text>
    </Row>
    <Row Tag="TXT_KEY_CITY_NAME_TIFLIS">
      <Text>Tiflis</Text>
    </Row>
    <Row Tag="TXT_KEY_CITY_NAME_OTRAR">
      <Text>Otrar</Text>
    </Row>
    <Row Tag="TXT_KEY_CITY_NAME_SANCHU">
      <Text>Sanchu</Text>
    </Row>
    <Row Tag="TXT_KEY_CITY_NAME_KAZAN">
      <Text>Kazan</Text>
    </Row>
    <Row Tag="TXT_KEY_CITY_NAME_ALMARIKH">
      <Text>Almarikh</Text>
    </Row>
    <Row Tag="TXT_KEY_CITY_NAME_ULAANBAATAR">
      <Text>Ulaanbaatar</Text>
    </Row>
    <Row Tag="TXT_KEY_CITY_NAME_HOVD">
      <Text>Hovd</Text>
    </Row>
    <Row Tag="TXT_KEY_CITY_NAME_DARHAN">
      <Text>Darhan</Text>
    </Row>
    <Row Tag="TXT_KEY_CITY_NAME_DALANDZADGAD">
      <Text>Dalandzadgad</Text>
    </Row>
    <Row Tag="TXT_KEY_CITY_NAME_MANDALGOVI">
      <Text>Mandalgovi</Text>
    </Row>
    <Row Tag="TXT_KEY_CITY_NAME_CHOYBALSAN">
      <Text>Choybalsan</Text>
    </Row>
    <Row Tag="TXT_KEY_CITY_NAME_ERDENET">
      <Text>Erdenet</Text>
    </Row>
    <Row Tag="TXT_KEY_CITY_NAME_TSETSERLEG">
      <Text>Tsetserleg</Text>
    </Row>
    <Row Tag="TXT_KEY_CITY_NAME_BARUUNURT">
      <Text>Baruun-Urt</Text>
    </Row>
    <Row Tag="TXT_KEY_CITY_NAME_EREEN">
      <Text>Ereen</Text>
    </Row>
    <Row Tag="TXT_KEY_CITY_NAME_BATSHIREET">
      <Text>Batshireet</Text>
    </Row>
    <Row Tag="TXT_KEY_CITY_NAME_CHOYR">
      <Text>Choyr</Text>
    </Row>
    <Row Tag="TXT_KEY_CITY_NAME_ULAANGOM">
      <Text>Ulaangom</Text>
    </Row>
    <Row Tag="TXT_KEY_CITY_NAME_TOSONTSENGEL">
      <Text>Tosontsengel</Text>
    </Row>
    <Row Tag="TXT_KEY_CITY_NAME_ATLAY">
      <Text>Atlay</Text>
    </Row>
    <Row Tag="TXT_KEY_CITY_NAME_ULIASTAY">
      <Text>Uliastay</Text>
    </Row>
    <Row Tag="TXT_KEY_CITY_NAME_BAYANHONGOR">
      <Text>Bayanhongor</Text>
    </Row>
    <Row Tag="TXT_KEY_CITY_NAME_HARAYRAG">
      <Text>Har-Ayrag</Text>
    </Row>
    <Row Tag="TXT_KEY_CITY_NAME_NALAYH">
      <Text>Nalayh</Text>
    </Row>
    <Row Tag="TXT_KEY_CITY_NAME_TES">
      <Text>Tes</Text>
    </Row>
  </Language_en_US>
</GameData>