﻿<?xml version="1.0" encoding="utf-8"?>
<!-- edited with XMLSPY v2004 rel. 2 U (http://www.xmlspy.com) by Ed Beach (Firaxis Games) -->
<GameData>
  <Language_en_US>
    <Row Tag="TXT_KEY_TRAIT_TERROR_SHORT">
      <Text>Mogol Terörü</Text>
    </Row>
    <Row Tag="TXT_KEY_TRAIT_TERROR">
      <Text>[ICON_STRENGTH] Sehir Devleti birimleriyle savasirken veya bir Sehir Devletinin kendisine saldirirken Savas Gücü +%30. Tüm binekli birimler +1 [ICON_MOVES] Harekete sahiptir.</Text>
    </Row>
    <Row Tag="TXT_KEY_CIV5_DAWN_MONGOLIA_TITLE">
      <Text>Mogolistan</Text>
    </Row>
    <Row Tag="TXT_KEY_CIV5_DAWN_MONGOLIA_TEXT">
      <Text>Selamlar, Yüce Temuçin, kudretli Mogol Imparatorlugu'nun ölümsüz Imparatoru! Yumruklarin sehirlerin duvarlarini paramparça ediyor ve sesin düsmanlarina umutsuzluk getiriyor. Ey Han, Kuzey Asya'nin savasan kabilelerini kudretli insanlar olarak birlestirdin ve dünyanin tanik oldugu en büyük süvari gücünü yarattin! Halkinin kurnaz diplomasisi düsmanlarini böldü, onlari Mogolistan'in fetih ordulari karsisinda zayif ve çaresiz hale getirdi. Birkaç yil içinde halkinizin askerleri Cin'in ve Dogu Asya'nin çogunu fethetti. Ve imparatorluk, batida Avrupa'ya ve güneyde Kore'ye ulasana kadar büyümeye devam etti. Gerçekten de, Romalilarin veya Yunanlilarin acinasi fetihlerini gölgede birakan, simdiye kadar görülmüs en büyük imparatorluktu. [NEWLINE][NEWLINE]Temuçin, halkin bir kez daha onlari savasa ve fethe götürmen için seni çagiriyor! Dünya bir kez daha bozkirlardan gelen süvarilerinin gürleyen sesiyle titreyecek mi? Zamana meydan okuyan bir imparatorluk kurabilecek misin?</Text>
    </Row>
  </Language_en_US>
</GameData>