﻿<?xml version="1.0" encoding="utf-8"?>
<GameData>
  <EnglishText>
    <Row Tag="LOC_LOADING_INFO_LEADER_CHANDRAGUPTA">
      <Text>Hirsina güven Chandragupta, çünkü bu hirs seni tüm Hindistan'i birlestirmeye götürdü. Adina küfreden her rakibin üzerine savas fillerini sal, gururlu Maurya krali. Topraklarini halkin için geri aldiginda, üvey kuyularin gelistigini görecek. Imparatorlugunuzun sinirlari sonsuza dek genislesin.</Text>
    </Row>
    <Row Tag="LOC_LOADING_INFO_LEADER_GENGHIS_KHAN">
      <Text>Cengiz Han, kurnazliginla Mogolistan'da atinin sirtinda bir imparatorluk kurdun. Düsman süvarilerini karsilamak için daima hücum et, çünkü bir zafer onlari saflarina çekebilir. Hizli ve güçlü Keshig okçularini yurttaslarini topraklarinda hizlandirmalari için gönder. Yakinda, Mogol süvarilerinin sabit davul sesi dünyaya ögreteceginiz bir sestir.</Text>
    </Row>
    <Row Tag="LOC_LOADING_INFO_LEADER_LAUTARO">
      <Text>Mapuche'leri sen özgürlestirmedin genç Lautaro, onlara kendilerini özgürlestirmeleri için ilham verdin. Atalarini onurlandirmak ve torunlarini cesaretlendirmek için totemler insa et. Böyle bir gurur, düsman topraklarina akinlarini iki katina çikarirken süvarilerinizin kalbini dolduracaktir. Mapuche'nin yaninda dur, balta tasiyicisi, ve tekil bir gölge yarat.</Text>
    </Row>
    <Row Tag="LOC_LOADING_INFO_LEADER_POUNDMAKER">
      <Text>Poundmaker, Cree'lerin kaderine sikayet etmeden katlaniyorsun. Kimse savasçilarinizin yeteneklerinden süphe duymuyor ama onlar sizin bilgeliginize güveniyor  evlerinizi koruyamadiktan sonra düsmanlariniza saldirmanin bir faydasi yok. Dünya beklenmedik sekillerde degisirken, ittifaklariniz sizi kalici bir gelecege baglayacaktir. Yalniz kalanlar yalniz ölür.</Text>
    </Row>
    <Row Tag="LOC_LOADING_INFO_LEADER_ROBERT_THE_BRUCE">
      <Text>Robert the Bruce, Iskoçya'nin sadik savunucusu olarak savasa yabanci degilsiniz, ancak nadiren savas çikarmaya çalisiyorsunuz. Halkini mutlu edersen, onlara yücelik için ilham verirsin. Zayif komsularinizdan faydalanan herkesin korkusuz Iskoçyalilarinizla karsilasmasina izin verin. Özgürlügün gerçek anlamini ögretebilirler.</Text>
    </Row>
    <Row Tag="LOC_LOADING_INFO_LEADER_SEONDEOK">
      <Text>Kraliçe Seondeok, yildizlar Kore'yi yücelige tasiyacaginizi gösteriyor. Halkinizi egitmek için Seowon'lar insa edin, çünkü dünyanin sirlari onlarin ortaya çikarmasi gereken sirlardir. Bilginizi çalmak isteyenlere Hwacha'nizdan roket güdümlü ates yagdirin. Göklere ulas, kurnaz kraliçe, halkin da seninle birlikte ulasacaktir.</Text>
    </Row>
    <Row Tag="LOC_LOADING_INFO_LEADER_SHAKA">
      <Text>Zeki Shaka, Zulu Krali, askerlerin sana bir imparatorluk kazandiracak. Emrinizdeki Impi savasçilari, karsilarina çikan herkesi geride birakip yenecek. Boyun egmeyen Zulu ordulari, gücünüzün sayilardan kaynaklandigini kanitlayacak. Her komsunuzla savasmak zorunda degilsiniz ama birakin savasabileceginizi düsünsünler.</Text>
    </Row>
    <Row Tag="LOC_LOADING_INFO_LEADER_TAMAR">
      <Text>Vahsi Tamar, sadece bir aptal Gürcistan'in gerçek ölçüsünü yanlis degerlendirebilir. Düsmanlarini tepelerden saldiran sadik klan üyeleriyle avla. Düsmanlarini, sehirlerinin dayanikli duvarlarina karsi en iyilerini atmaya tesvik et. Koruyucularinizin ordulari kaçarken onlari ezip geçecektir. Eger aptallara katlanmazsaniz, büyük kraliçe, Gürcistan aci çekmeyecektir.</Text>
    </Row>
    <Row Tag="LOC_LOADING_INFO_LEADER_WILHELMINA">
      <Text>Kraliçe Wilhelmina, Hollanda'yi sonuna kadar savunacaksiniz. Hollanda yaraticiligi ile kiyi bölgelerini tarim arazilerine dönüstürün. Vatandaslariniz, güçlü savas gemilerinizin korumasi altinda olduklarini bilerek büyük bir verimlilikle tarim yapacaklar. Hepsinden önemlisi, karsilastiginiz herkesle ticaret yapin. Iyi bir anlasma düsmani dosta dönüstürebilir, dönüstüremezse de para muhalefetinizi finanse edecektir.</Text>
    </Row>
  </EnglishText>
</GameData>