﻿<?xml version="1.0" encoding="utf-8"?>
<GameData>
  <EnglishText>
    <Row Tag="LOC_DIPLO_CHOICE_DECLARE_GOLDEN_AGE_WAR">
      <Text>[SIZE_16]Altin Cag Savasi Ilani[NEWLINE][SIZE_12]</Text>
    </Row>
    <Row Tag="LOC_DIPLO_CHOICE_DECLARE_WAR_OF_RETRIBUTION">
      <Text>[SIZE_16]Intikam Savasi Ilan Et[NEWLINE][SIZE_12]</Text>
    </Row>
    <Row Tag="LOC_DIPLO_CHOICE_DECLARE_IDEOLOGICAL_WAR">
      <Text>[SIZE_16]Ideolojik Savas Ilan Etmek[NEWLINE][SIZE_12]</Text>
    </Row>
    <Row Tag="LOC_CASUS_BELLI_WAR_OF_RETRIBUTION_DESCRIPTION">
      <Text>Hedef güç yakin zamanda size verdigi bir sözü tutmamis olmali.</Text>
    </Row>
    <Row Tag="LOC_CASUS_BELLI_IDEOLOGICAL_WAR_DESCRIPTION">
      <Text>Hedef güç sizden farkli bir 3. Kademe hükümete sahip olmalidir.</Text>
    </Row>
    <Row Tag="LOC_CASUS_BELLI_GOLDEN_AGE_WAR_DESCRIPTION">
      <Text>"To Arms!"in ithaf edildigi bir Altin Cag'da olmalisiniz.</Text>
    </Row>
    <Row Tag="LOC_DIPLOMACY_RENEW_ALLIANCE_NOTIFICATION_MESSAGE_INITIAL">
      <Text>Ittifak Yenileme Talebi</Text>
    </Row>
    <Row Tag="LOC_DIPLOMACY_RENEW_ALLIANCE_NOTIFICATION_SUMMARY_INITIAL">
      <Text>{1_name} medeniyetleriniz arasindaki Ittifaki genisletmeyi talep etti.</Text>
    </Row>
    <Row Tag="LOC_DIPLOMACY_RENEW_ALLIANCE_NOTIFICATION_MESSAGE_POSITIVE">
      <Text>Ittifak Yenilemesi Kabul Edildi</Text>
    </Row>
    <Row Tag="LOC_DIPLOMACY_RENEW_ALLIANCE_NOTIFICATION_SUMMARY_POSITIVE">
      <Text>{1_name} Ittifak yenilemenizi kabul etti.</Text>
    </Row>
    <Row Tag="LOC_DIPLOMACY_RENEW_ALLIANCE_NOTIFICATION_MESSAGE_NEGATIVE">
      <Text>Ittifakin Yenilenmesi Reddedildi</Text>
    </Row>
    <Row Tag="LOC_DIPLOMACY_RENEW_ALLIANCE_NOTIFICATION_SUMMARY_NEGATIVE">
      <Text>{1_name} Ittifak yenilemenizi reddetti.</Text>
    </Row>
    <Row Tag="LOC_DIPLO_RENEW_ALLIANCE_FROM_AI_ANY_ANY">
      <Text>Ittifakimiz her iki halk için de büyük yarar saglamistir.  Bunu yenilemeyi öneriyorum.</Text>
    </Row>
    <Row Tag="LOC_DIPLO_ACCEPT_RENEW_ALLIANCE_FROM_AI_ANY_ANY">
      <Text>Ayni fikirde olmaniza sevindim.</Text>
    </Row>
    <Row Tag="LOC_DIPLO_REJECT_RENEW_ALLIANCE_FROM_AI_ANY_ANY">
      <Text>Lanet olsun, sonsuza dek müttefik olacagimizi saniyordum.</Text>
    </Row>
    <Row Tag="LOC_DIPLO_ACCEPT_RENEW_ALLIANCE_FROM_HUMAN_ANY_ANY">
      <Text>Kulaga harika bir fikir gibi geliyor.  Kabul ediyoruz.</Text>
    </Row>
    <Row Tag="LOC_DIPLO_REJECT_RENEW_ALLIANCE_FROM_HUMAN_ANY_ANY">
      <Text>Su anda sizinle bu süreci devam ettirmek istemiyoruz.</Text>
    </Row>
    <Row Tag="LOC_DIPLO_RENEW_ALLIANCE_CHOICE_POSITIVE">
      <Text>Ittifakimizi genisletmekten memnuniyet duyariz.</Text>
    </Row>
    <Row Tag="LOC_DIPLO_RENEW_ALLIANCE_CHOICE_NEGATIVE">
      <Text>Bu Ittifaki genisletmek istemiyoruz.</Text>
    </Row>
    <Row Tag="LOC_DIPLO_RENEW_ALLIANCE_AI_AGREE_TO_PLAYER_1">
      <Text>Evet, gelecekteki refahimiz için.</Text>
    </Row>
    <Row Tag="LOC_DIPLO_RENEW_ALLIANCE_AI_AGREE_TO_PLAYER_2">
      <Text>Evet, bu her iki medeniyete de fayda sagladi.</Text>
    </Row>
    <Row Tag="LOC_DIPLO_RENEW_ALLIANCE_AI_AGREE_TO_PLAYER_3">
      <Text>Evet, bu ittifaki yenileyelim.</Text>
    </Row>
    <Row Tag="LOC_DIPLO_RENEW_ALLIANCE_AI_AGREE_TO_PLAYER_GILGAMESH">
      <Text>Tabii ya! Uzun zamandir birlikte savasmadik mi? Düsmanlarimiz adlarimizi korkuyla aniyor!</Text>
    </Row>
    <Row Tag="LOC_DIPLO_RENEW_ALLIANCE_AI_AGREE_TO_PLAYER_ALEXANDER">
      <Text>Tabii ya! Uzun zamandir birlikte savasmadik mi? Düsmanlarimiz adlarimizi korkuyla aniyor!</Text>
    </Row>
    <Row Tag="LOC_DIPLO_RENEW_ALLIANCE_AI_AGREE_TO_PLAYER_TEDDY">
      <Text>Ittifakimizi sürdürmemiz en dogrusu.</Text>
    </Row>
    <Row Tag="LOC_DIPLO_RENEW_ALLIANCE_AI_AGREE_TO_PLAYER_CATHERINE">
      <Text>Evet, sirketinizden faydalanmaktan vazgeçmek istemem.</Text>
    </Row>
    <Row Tag="LOC_DIPLO_RENEW_ALLIANCE_AI_AGREE_TO_PLAYER_CLEOPATRA">
      <Text>Evet. Yakin iliskimizi sürdürmek için her türlü firsati kucakliyorum.</Text>
    </Row>
    <Row Tag="LOC_DIPLO_RENEW_ALLIANCE_AI_REFUSE_TO_PLAYER_1">
      <Text>Artik her sey eskisinden farkli. Ittifaki yenileyemeyiz.</Text>
    </Row>
    <Row Tag="LOC_DIPLO_RENEW_ALLIANCE_AI_REFUSE_TO_PLAYER_2">
      <Text>Hayir. Bu Ittifak artik bizim çikarlarimiza uygun degil.</Text>
    </Row>
    <Row Tag="LOC_DIPLO_RENEW_ALLIANCE_AI_REFUSE_TO_PLAYER_3">
      <Text>Hayir. Bu Ittifaki yenilemeye gerek yok.</Text>
    </Row>
    <Row Tag="LOC_DIPLO_RENEW_ALLIANCE_AI_REFUSE_TO_PLAYER_GILGAMESH">
      <Text>Hayir. Eskisi gibi olamaz.</Text>
    </Row>
    <Row Tag="LOC_DIPLO_RENEW_ALLIANCE_AI_REFUSE_TO_PLAYER_ALEXANDER">
      <Text>Hayir. Eskisi gibi olamaz.</Text>
    </Row>
    <Row Tag="LOC_DIPLO_RENEW_ALLIANCE_AI_REFUSE_TO_PLAYER_TEDDY">
      <Text>Amerika, birinci sinif bir güce yakisir sekilde kendi yoluna gidecektir.</Text>
    </Row>
    <Row Tag="LOC_DIPLO_RENEW_ALLIANCE_AI_REFUSE_TO_PLAYER_CATHERINE">
      <Text>Yakin arkadasliginizi reddetmek zorundayim. Simdilik.</Text>
    </Row>
    <Row Tag="LOC_DIPLO_RENEW_ALLIANCE_AI_REFUSE_TO_PLAYER_CLEOPATRA">
      <Text>Hayir. Bu Ittifak'a olan sevgim azaldi.</Text>
    </Row>
    <Row Tag="LOC_DIPLO_PROPOSE_ALLIANCE_AI_TO_PLAYER_1">
      <Text>Ittifakimiz medeniyetlerimize baris ve refah getirmistir. Onu yenileyelim.</Text>
    </Row>
    <Row Tag="LOC_DIPLO_PROPOSE_ALLIANCE_AI_TO_PLAYER_2">
      <Text>Her iki medeniyet için de çok faydali olan Ittifaki yenilemeliyiz.</Text>
    </Row>
    <Row Tag="LOC_DIPLO_PROPOSE_ALLIANCE_AI_TO_PLAYER_3">
      <Text>Ittifakimizi yenileyelim mi? Bu anlasma ikimizin de yararina.</Text>
    </Row>
    <Row Tag="LOC_DIPLO_PROPOSE_ALLIANCE_AI_TO_PLAYER_GILGAMESH">
      <Text>Ittifakimizi yenile, dostum! Düsmanlarimizi yenerken birlikte nese bulacagiz!</Text>
    </Row>
    <Row Tag="LOC_DIPLO_PROPOSE_ALLIANCE_AI_TO_PLAYER_ALEXANDER">
      <Text>Ittifakimizi yenile, dostum! Düsmanlarimizi yenerken birlikte nese bulacagiz!</Text>
    </Row>
    <Row Tag="LOC_DIPLO_PROPOSE_ALLIANCE_AI_TO_PLAYER_TEDDY">
      <Text>Ittifakimizi yenileyelim! O zaman bu olayi güçlü bir güres müsabakasi ile kutlayalim!</Text>
    </Row>
    <Row Tag="LOC_DIPLO_PROPOSE_ALLIANCE_AI_TO_PLAYER_CATHERINE">
      <Text>Ittifakimiza devam edelim mi? Partilerimi kaçirirsaniz üzülürsünüz.</Text>
    </Row>
    <Row Tag="LOC_DIPLO_PROPOSE_ALLIANCE_AI_TO_PLAYER_CLEOPATRA">
      <Text>Bu Ittifak'ta çok yakinlastik. Simdi benden uzaklasmayacagindan emin misin?</Text>
    </Row>
    <Row Tag="LOC_DIPLO_RENEW_ALLIANCE_PLAYER_AGREE_TO_AI_1">
      <Text>Mükemmel. Her iki medeniyetimiz de bu sayede daha da güçlenecektir.</Text>
    </Row>
    <Row Tag="LOC_DIPLO_RENEW_ALLIANCE_PLAYER_AGREE_TO_AI_2">
      <Text>Cok iyi. Baris ve refah devam edecek.</Text>
    </Row>
    <Row Tag="LOC_DIPLO_RENEW_ALLIANCE_PLAYER_AGREE_TO_AI_3">
      <Text>Bu Ittifakin bize sagladigi faydalari görmenize sevindim.</Text>
    </Row>
    <Row Tag="LOC_DIPLO_RENEW_ALLIANCE_PLAYER_AGREE_TO_AI_GILGAMESH">
      <Text>Birlesik gücümüzle sevinelim! Düsmanlarimizin korkudan dislerinin gicirdadigini duyuyorum!</Text>
    </Row>
    <Row Tag="LOC_DIPLO_RENEW_ALLIANCE_PLAYER_AGREE_TO_AI_ALEXANDER">
      <Text>Birlesik gücümüzle sevinelim! Düsmanlarimizin korkudan dislerinin gicirdadigini duyuyorum!</Text>
    </Row>
    <Row Tag="LOC_DIPLO_RENEW_ALLIANCE_PLAYER_AGREE_TO_AI_TEDDY">
      <Text>Zorba!</Text>
    </Row>
    <Row Tag="LOC_DIPLO_RENEW_ALLIANCE_PLAYER_AGREE_TO_AI_CATHERINE">
      <Text>Oh iyi. Önemli bir seyi kaçirmani istemem.</Text>
    </Row>
    <Row Tag="LOC_DIPLO_RENEW_ALLIANCE_PLAYER_AGREE_TO_AI_CLEOPATRA">
      <Text>Memnun oldum.</Text>
    </Row>
    <Row Tag="LOC_DIPLO_RENEW_ALLIANCE_PLAYER_REFUSE_TO_AI_1">
      <Text>Emin olmak için hayal kirikligi yaratan bir karar.</Text>
    </Row>
    <Row Tag="LOC_DIPLO_RENEW_ALLIANCE_PLAYER_REFUSE_TO_AI_2">
      <Text>Umarim bu kararinizdan pisman olmazsiniz.</Text>
    </Row>
    <Row Tag="LOC_DIPLO_RENEW_ALLIANCE_PLAYER_REFUSE_TO_AI_3">
      <Text>Böyle hissetmenize üzüldüm.</Text>
    </Row>
    <Row Tag="LOC_DIPLO_RENEW_ALLIANCE_PLAYER_REFUSE_TO_AI_GILGAMESH">
      <Text>Önemli degil. Sen olmadan da yeterince gücüm var.</Text>
    </Row>
    <Row Tag="LOC_DIPLO_RENEW_ALLIANCE_PLAYER_REFUSE_TO_AI_ALEXANDER">
      <Text>Önemli degil. Sen olmadan da yeterince gücüm var.</Text>
    </Row>
    <Row Tag="LOC_DIPLO_RENEW_ALLIANCE_PLAYER_REFUSE_TO_AI_TEDDY">
      <Text>Amerika'nin gücü sadece artiyor. Teklifimi kabul etmen akillica olurdu.</Text>
    </Row>
    <Row Tag="LOC_DIPLO_RENEW_ALLIANCE_PLAYER_REFUSE_TO_AI_CATHERINE">
      <Text>Ne kadar hayal kirici ve dar görüslüsünüz.</Text>
    </Row>
    <Row Tag="LOC_DIPLO_RENEW_ALLIANCE_PLAYER_REFUSE_TO_AI_CLEOPATRA">
      <Text>Süphesiz baska bir uygarlik gözünüze çarpmistir. O zaman onlarla rahatinizi bulun.</Text>
    </Row>
    <Row Tag="LOC_DIPLO_RENEW_ALLIANCE_BUTTON_ACCEPT">
      <Text>Yenileme Ittifaki</Text>
    </Row>
    <Row Tag="LOC_DIPLO_RENEW_ALLIANCE_BUTTON_REJECT">
      <Text>Son Ittifak</Text>
    </Row>
    <Row Tag="LOC_DIPLO_DECLARE_WAR_FROM_AI_LEADER_ANY_GOLDEN_AGE_WAR">
      <Text>(Size karsi bir Altin Cag Savasi ilan eder)</Text>
    </Row>
    <Row Tag="LOC_DIPLO_DECLARE_WAR_FROM_AI_LEADER_ANY_EMERGENCY_WAR">
      <Text>(Size karsi bir Acil Durum'a katildi)</Text>
    </Row>
    <Row Tag="LOC_DIPLO_DECLARE_WAR_FROM_AI_LEADER_ANY_WAR_OF_RETRIBUTION">
      <Text>(Size karsi bir Intikam Savasi ilan eder)</Text>
    </Row>
    <Row Tag="LOC_DIPLO_DECLARE_WAR_FROM_AI_LEADER_ANY_IDEOLOGICAL_WAR">
      <Text>(Size Karsi Ideolojik Savas Ilan Ediyor)</Text>
    </Row>
    <Row Tag="LOC_DIPLO_DECLARE_WAR_FROM_AI_LEADER_ANY_JOINT_GOLDEN_AGE_WAR">
      <Text>(Size karsi ortak bir Altin Cag Savasi ilan eder)</Text>
    </Row>
    <Row Tag="LOC_DIPLO_DECLARE_WAR_FROM_AI_LEADER_ANY_JOINT_WAR_OF_RETRIBUTION">
      <Text>(Size karsi ortak bir Intikam Savasi ilan eder)</Text>
    </Row>
    <Row Tag="LOC_DIPLO_DECLARE_WAR_FROM_AI_LEADER_ANY_JOINT_IDEOLOGICAL_WAR">
      <Text>(Size karsi ortak bir Ideolojik Savas ilan eder)</Text>
    </Row>
    <Row Tag="LOC_DIPLO_KUDO_LEADER_ANY_REASON_AGENDA_GOSSIP_POSITIVE">
      <Text>Iliskimizin baskalarinin sirlarini bilmenin gücü üzerine insa edilmis olmasi iyi bir sey.</Text>
    </Row>
    <Row Tag="LOC_DIPLO_KUDO_LEADER_PERICLES_REASON_AGENDA_GOSSIP_POSITIVE">
      <Text>Elçilerinizin ve casuslarinizin raporlarindan en az benim kadar keyif aliyor olmalisiniz!</Text>
    </Row>
    <Row Tag="LOC_DIPLO_KUDO_LEADER_VICTORIA_REASON_AGENDA_GOSSIP_POSITIVE">
      <Text>Bir dahaki sefere size bir heyet gönderdigimde, liderin elinde iyi sirlarla dolu büyük bir dosya olacak. Açtiginda etrafta kimsenin olmadigindan emin ol.</Text>
    </Row>
    <Row Tag="LOC_DIPLO_KUDO_LEADER_CATHERINE_DE_MEDICI_REASON_AGENDA_GOSSIP_POSITIVE">
      <Text>Belki de sizi en iyi kaynaklarimdan biri olarak gördügüme dair fisiltilar duymussunuzdur. Ama kim insanlarin söylediklerini dinler ki? Senin ve benim disimda tabii ki.</Text>
    </Row>
    <Row Tag="LOC_DIPLO_WARNING_LEADER_ANY_REASON_AGENDA_GOSSIP_NEGATIVE">
      <Text>Sik sik neden bu kadar az konustugunuzu merak ediyorum. Sanirim söyleyecek ilginç bir seyiniz yok.</Text>
    </Row>
    <Row Tag="LOC_DIPLO_KUDO_LEADER_ANY_REASON_AGENDA_SYCOPHANT_GOLDEN_AGE">
      <Text>Sairlerimiz ve filozoflarimiz medeniyetinizi dünyanin isigi olarak görüyorlar ve ben de onlara katiliyorum.</Text>
    </Row>
    <Row Tag="LOC_DIPLO_KUDO_LEADER_QIN_REASON_AGENDA_SYCOPHANT_GOLDEN_AGE">
      <Text>Kisisel ihtisaminiz uygarliginizin görkemine yansir!</Text>
    </Row>
    <Row Tag="LOC_DIPLO_KUDO_LEADER_T_ROOSEVELT_REASON_AGENDA_SYCOPHANT_GOLDEN_AGE">
      <Text>Her medeniyetten insanlar size hayretle bakiyor. Siz tüm dünya için bir ilham kaynagisiniz!</Text>
    </Row>
    <Row Tag="LOC_DIPLO_KUDO_LEADER_PEDRO_REASON_AGENDA_SYCOPHANT_GOLDEN_AGE">
      <Text>Uygarliginiza ve eserlerine bakiyorum ve halkinizin neden dünyanin dört bir yaninda sarkilarda ve öykülerde övüldügünü anliyorum.</Text>
    </Row>
    <Row Tag="LOC_DIPLO_KUDO_LEADER_PETER_GREAT_REASON_AGENDA_SYCOPHANT_GOLDEN_AGE">
      <Text>Sizin medeniyetiniz benim yeni Rusya'yi insa edecegim modeldir!</Text>
    </Row>
    <Row Tag="LOC_DIPLO_KUDO_LEADER_PHILIP_II_REASON_AGENDA_SYCOPHANT_GOLDEN_AGE">
      <Text>Insanin etrafini böyle sairler, oyun yazarlari, azizler ve bilim adamlariyla çevrelemesinden daha iyi ne olabilir? Her zaman büyük bir ulusun Yüce Tanri'nin lütuflarinin bir tezahürü oldugunu düsünmüsümdür.</Text>
    </Row>
    <Row Tag="LOC_DIPLO_KUDO_LEADER_GORGO_REASON_AGENDA_SYCOPHANT_GOLDEN_AGE">
      <Text>Evet! Mükemmelliginiz -Arete'niz- gerçekten öykünülmeye deger!</Text>
    </Row>
    <Row Tag="LOC_DIPLO_WARNING_LEADER_ANY_REASON_AGENDA_SYCOPHANT_DARK_AGE">
      <Text>Dünyanin geri kalani için daha degerli bir örnek olmayi hedefleyin! Onlari zafere götürürseniz halkiniz sizi sevecektir.</Text>
    </Row>
    <Row Tag="LOC_DIPLO_KUDO_LEADER_ANY_REASON_AGENDA_SYMPATHIZER_DARK_AGE">
      <Text>Medeniyetimiz, mevcut sikintinizi metanet ve kararlilikla karsilama seklinize hayranlik duymaktadir.</Text>
    </Row>
    <Row Tag="LOC_DIPLO_KUDO_LEADER_VICTORIA_REASON_AGENDA_SYMPATHIZER_DARK_AGE">
      <Text>Karanlik Caginizin acilarina büyük bir asaletle katlaniyorsunuz! Keske benim tebaam da sizin kadar yigit olsaydi!</Text>
    </Row>
    <Row Tag="LOC_DIPLO_KUDO_LEADER_CATHERINE_DE_MEDICI_REASON_AGENDA_SYMPATHIZER_DARK_AGE">
      <Text>Sana bir hediye gönderiyorum: "Bu da Geçecek" yazili bir yüzük. Sikintili zamanlarinda seni rahatlatsin.</Text>
    </Row>
    <Row Tag="LOC_DIPLO_KUDO_LEADER_PETER_GREAT_REASON_AGENDA_SYMPATHIZER_DARK_AGE">
      <Text>Daha küçük bir lider sizin yaptiginizi yapamazdi: Kriz zamaninda uygarliginizin kontrolünü siki bir sekilde elinizde tutmak.</Text>
    </Row>
    <Row Tag="LOC_DIPLO_KUDO_LEADER_GENGHIS_KHAN_REASON_AGENDA_SYMPATHIZER_DARK_AGE">
      <Text>Yönetme seklinize hayranim. Uygarliginizi fethetmek için karmasik bir strateji bulmak zorunda olmamanizi takdir ediyorum.</Text>
    </Row>
    <Row Tag="LOC_DIPLO_KUDO_LEADER_JADWIGA_REASON_AGENDA_SYMPATHIZER_DARK_AGE">
      <Text>Halkinizin çektigi acilar için kalbiniz aciyor olmali. Polonya içinde bulundugunuz durumu anliyor ve sizin için dua ediyoruz.</Text>
    </Row>
    <Row Tag="LOC_DIPLO_KUDO_LEADER_LAUTARO_REASON_AGENDA_SYMPATHIZER_DARK_AGE">
      <Text>Siz de güçlülerin zulmüne direnmenin ne demek oldugunu biliyorsunuz. Mapuche'ler yaptiginiz seye saygi duyuyor.</Text>
    </Row>
    <Row Tag="LOC_DIPLO_KUDO_LEADER_JAYAVARMAN_REASON_AGENDA_SYMPATHIZER_DARK_AGE">
      <Text>Su anda samsara döngüsüne baglisiniz. Yakinda özgürlesmeniz ve huzura kavusmaniz için durmadan dua ediyorum.</Text>
    </Row>
    <Row Tag="LOC_DIPLO_WARNING_LEADER_ANY_REASON_AGENDA_SYMPATHIZER_GOLDEN_AGE">
      <Text>Halkinizin "görkemli çagi" bana daha çok böbürlenme gibi geliyor. Düseceginiz günü dört gözle bekliyorum.</Text>
    </Row>
    <Row Tag="LOC_DIPLO_DENOUNCE_REASON_FROM_AI_LEADER_ANY_REASON_AGENDA_GOSSIP_NEGATIVE">
      <Text>(Yeterince dedikodu yapmiyorsun.)</Text>
    </Row>
    <Row Tag="LOC_DIPLO_DENOUNCE_REASON_FROM_AI_LEADER_ANY_REASON_AGENDA_SYCOPHANT_DARK_AGE">
      <Text>(Karanlik bir çagdasiniz.)</Text>
    </Row>
    <Row Tag="LOC_DIPLO_DENOUNCE_REASON_FROM_AI_LEADER_ANY_REASON_AGENDA_SYMPATHIZER_DARK_AGE">
      <Text>(Altin bir çagdasiniz.)</Text>
    </Row>
  </EnglishText>
</GameData>