﻿<?xml version="1.0" encoding="utf-8"?>
<GameData>
  <EnglishText>
    <!--Moments-->
    <Row Tag="LOC_MOMENT_ARTIFACT_EXTRACTED">
      <Text>Cikarilan Eser</Text>
    </Row>
    <Row Tag="LOC_MOMENT_ARTIFACT_EXTRACTED_DESCRIPTION">
      <Text>Bize geçmis hakkinda bilgi veren bir eser ortaya çikarildi.</Text>
    </Row>
    <Row Tag="LOC_MOMENT_ARTIFACT_EXTRACTED_INSTANCE_DESCRIPTION">
      <Text>Kirler temizlendikçe, {GreatWorkName} yillar sonra günesin isigini görür. Yillar boyunca {LOC_GRAMMAR_CIVNAME &lt;&lt; {ActingPlayerCivName}} müzelerini süsleyecektir.</Text>
    </Row>
    <Row Tag="LOC_MOMENT_ARTIFACT_EXTRACTED_SHIPWRECK_FIRST">
      <Text>Kazilan Ilk Gemi Batigi</Text>
    </Row>
    <Row Tag="LOC_MOMENT_ARTIFACT_EXTRACTED_SHIPWRECK_FIRST_DESCRIPTION">
      <Text>Arkeologlariniz ilk gemi enkazini kazdilar.</Text>
    </Row>
    <Row Tag="LOC_MOMENT_ARTIFACT_EXTRACTED_SHIPWRECK_FIRST_INSTANCE_DESCRIPTION">
      <Text>Midyelerle kaplanmis, ancak yine de taninabilir olan {GreatWorkName}, deniz arkeolojisinin bizi geçmisle iliskilendirebilecegini kanitliyor.</Text>
    </Row>
    <Row Tag="LOC_MOMENT_ARTIFACT_EXTRACTED_SHIPWRECK_FIRST_IN_WORLD">
      <Text>Dünyanin Ilk Gemi Batigi Kazildi</Text>
    </Row>
    <Row Tag="LOC_MOMENT_ARTIFACT_EXTRACTED_SHIPWRECK_FIRST_IN_WORLD_DESCRIPTION">
      <Text>Arkeologlariniz dünyanin ilk gemi enkazi kazisini tamamladilar.</Text>
    </Row>
    <Row Tag="LOC_MOMENT_ARTIFACT_EXTRACTED_SHIPWRECK_FIRST_IN_WORLD_INSTANCE_DESCRIPTION">
      <Text>Dünyanin ilk deniz arkeolojisi kesif gezisi {GreatWorkName}'yi üretiyor ve denizin tarihin sirlarini daha fazla saklayamayacagini gösteriyor!</Text>
    </Row>
    <Row Tag="LOC_MOMENT_BARBARIAN_CAMP_DESTROYED">
      <Text>Barbar Kampi Yok Edildi</Text>
    </Row>
    <Row Tag="LOC_MOMENT_BARBARIAN_CAMP_DESTROYED_DESCRIPTION">
      <Text>Düsman bir barbar kampi bir birlik tarafindan yerle bir edildi ve bölgeye baris yayildi.</Text>
    </Row>
    <Row Tag="LOC_MOMENT_BARBARIAN_CAMP_DESTROYED_INSTANCE_DESCRIPTION">
      <Text>Kuvvetlerimiz bir barbar kampini temizledi ve büyüyen uygarligimiza yönelik bir tehdit yok edildi.</Text>
    </Row>
    <Row Tag="LOC_MOMENT_BARBARIAN_CAMP_DESTROYED_NEAR_YOUR_CITY">
      <Text>Tehdit Olusturan Kamp Imha Edildi</Text>
    </Row>
    <Row Tag="LOC_MOMENT_BARBARIAN_CAMP_DESTROYED_NEAR_YOUR_CITY_DESCRIPTION">
      <Text>Sehirlerinizden birinin 6 karesi içindeki düsman bir barbar kampi bir birim tarafindan yok edildi.</Text>
    </Row>
    <Row Tag="LOC_MOMENT_BARBARIAN_CAMP_DESTROYED_NEAR_YOUR_CITY_INSTANCE_DESCRIPTION">
      <Text>{CityName}'nin esigindeki tehlike bertaraf edildi! Barbarlar uzaklastirildi.</Text>
    </Row>
    <Row Tag="LOC_MOMENT_BATTLE_FOUGHT">
      <Text>Verilen Savas</Text>
    </Row>
    <Row Tag="LOC_MOMENT_BATTLE_FOUGHT_DESCRIPTION">
      <Text>Düsmanlar arasinda bir savas yapildi. Arkeoloji sistemi tarafindan potansiyel olarak [ICON_RESOURCE_ANTIQUITY_SITE] Antik Site kaynaklari olusturmak için kullanilir.</Text>
    </Row>
    <Row Tag="LOC_MOMENT_BELIEF_ADDED_MAX_BELIEFS_REACHED">
      <Text>Din Tüm Inançlari Benimser</Text>
    </Row>
    <Row Tag="LOC_MOMENT_BELIEF_ADDED_MAX_BELIEFS_REACHED_DESCRIPTION">
      <Text>Dininiz son Inancini da ekledi ve artik tamamlandi.</Text>
    </Row>
    <Row Tag="LOC_MOMENT_BELIEF_ADDED_MAX_BELIEFS_REACHED_INSTANCE_DESCRIPTION">
      <Text>Ilahiyatçilar {ReligionName}'nin ilkelerini ve Inançlarini açikliga kavusturur.</Text>
    </Row>
    <Row Tag="LOC_MOMENT_BELIEF_ADDED_MAX_BELIEFS_REACHED_FIRST_IN_WORLD">
      <Text>Dünyanin Tüm Inançlari Benimseyen Ilk Dini</Text>
    </Row>
    <Row Tag="LOC_MOMENT_BELIEF_ADDED_MAX_BELIEFS_REACHED_FIRST_IN_WORLD_DESCRIPTION">
      <Text>Sizin Dininiz dünyada son Inancini ekleyen ve tamamlanan ilk dindir.</Text>
    </Row>
    <Row Tag="LOC_MOMENT_BELIEF_ADDED_MAX_BELIEFS_REACHED_FIRST_IN_WORLD_INSTANCE_DESCRIPTION">
      <Text>{ReligionName} teologlarinin argümanlari büyük kitaplari doldurur ve Inançlarini açiklayan ilk Din olur.</Text>
    </Row>
    <Row Tag="LOC_MOMENT_BUILDING_CONSTRUCTED_FIRST_UNIQUE">
      <Text>Essiz Bina Insa Edildi</Text>
    </Row>
    <Row Tag="LOC_MOMENT_BUILDING_CONSTRUCTED_FIRST_UNIQUE_DESCRIPTION">
      <Text>Bu essiz binayi ilk kez tamamladiniz.</Text>
    </Row>
    <Row Tag="LOC_MOMENT_BUILDING_CONSTRUCTED_FIRST_UNIQUE_INSTANCE_DESCRIPTION">
      <Text>Calisanlarimiz, degerlerimizi ve önceliklerimizi yansitan {BuildingType} ile gurur duymaktadir.</Text>
    </Row>
    <Row Tag="LOC_MOMENT_BUILDING_CONSTRUCTED_FULL_AERODROME_FIRST">
      <Text>Tamamen Gelistirilen Ilk Havaalani</Text>
    </Row>
    <Row Tag="LOC_MOMENT_BUILDING_CONSTRUCTED_FULL_AERODROME_FIRST_DESCRIPTION">
      <Text>Bir Havaalani bölgesindeki tüm binalari ilk kez tamamladiniz.</Text>
    </Row>
    <Row Tag="LOC_MOMENT_BUILDING_CONSTRUCTED_FULL_AERODROME_FIRST_INSTANCE_DESCRIPTION">
      <Text>Pilotlar {CityName}'deki Havaalanina inis yapmayi bir geçis töreni olarak görmektedir. En eskileri, buranin sadece bir çiftlik alani ve birkaç geçici hangar oldugu zamanlari hatirliyor.</Text>
    </Row>
    <Row Tag="LOC_MOMENT_BUILDING_CONSTRUCTED_FULL_ENCAMPMENT_FIRST">
      <Text>Ilk Kamp Tamamen Gelistirildi</Text>
    </Row>
    <Row Tag="LOC_MOMENT_BUILDING_CONSTRUCTED_FULL_ENCAMPMENT_FIRST_DESCRIPTION">
      <Text>Bir Kamp bölgesindeki tüm binalari ilk kez tamamladiniz.</Text>
    </Row>
    <Row Tag="LOC_MOMENT_BUILDING_CONSTRUCTED_FULL_ENCAMPMENT_FIRST_INSTANCE_DESCRIPTION">
      <Text>Askerler ritim tutarak yürüyorlar: Bilmiyorum ama {CityName}'deki hayat gerçekten eskidi.</Text>
    </Row>
    <Row Tag="LOC_MOMENT_BUILDING_CONSTRUCTED_FULL_ENTERTAINMENT_COMPLEX_FIRST">
      <Text>Tamamen Gelistirilen Ilk Eglence Kompleksi</Text>
    </Row>
    <Row Tag="LOC_MOMENT_BUILDING_CONSTRUCTED_FULL_ENTERTAINMENT_COMPLEX_FIRST_DESCRIPTION">
      <Text>Bir Eglence Kompleksi bölgesindeki tüm binalari ilk kez tamamladiniz.</Text>
    </Row>
    <Row Tag="LOC_MOMENT_BUILDING_CONSTRUCTED_FULL_ENTERTAINMENT_COMPLEX_FIRST_INSTANCE_DESCRIPTION">
      <Text>{LOC_GRAMMAR_CIVNAME &lt;&lt; {ActingPlayerCivName}}'te "ögleden sonrayi {CityName}'te geçirmek" ifadesi "harika vakit geçirmek" anlamina gelmektedir.</Text>
    </Row>
    <Row Tag="LOC_MOMENT_BUILDING_CONSTRUCTED_FULL_WATER_ENTERTAINMENT_COMPLEX_FIRST">
      <Text>Tamamen Gelistirilen Ilk Su Parki</Text>
    </Row>
    <Row Tag="LOC_MOMENT_BUILDING_CONSTRUCTED_FULL_WATER_ENTERTAINMENT_COMPLEX_FIRST_DESCRIPTION">
      <Text>Bir Su Parki bölgesindeki tüm binalari ilk kez tamamladiniz.</Text>
    </Row>
    <Row Tag="LOC_MOMENT_BUILDING_CONSTRUCTED_FULL_WATER_ENTERTAINMENT_COMPLEX_FIRST_INSTANCE_DESCRIPTION">
      <Text>{CityName} ziyaret etmenin en iyi yolunun bir yaz günü, günes batarken ve Su Parki'nin isiklari yanarken tahta kaldirimdaki kalabaligi izlemek oldugunu söylüyorlar.</Text>
    </Row>
    <Row Tag="LOC_MOMENT_BUILDING_CONSTRUCTED_GAME_ERA_WONDER">
      <Text>Dünya Harikasi Tamamlandi</Text>
    </Row>
    <Row Tag="LOC_MOMENT_BUILDING_CONSTRUCTED_GAME_ERA_WONDER_DESCRIPTION">
      <Text>Diger medeniyetler üzerindeki ihtisamimizi gösteren bir dünya harikasi tamamlandi.</Text>
    </Row>
    <Row Tag="LOC_MOMENT_BUILDING_CONSTRUCTED_GAME_ERA_WONDER_INSTANCE_DESCRIPTION">
      <Text>{BuildingType}'te duran {CityName} vatandaslari husu içindeydi.</Text>
    </Row>
    <Row Tag="LOC_MOMENT_BUILDING_CONSTRUCTED_PAST_ERA_WONDER">
      <Text>Eski Dünya Harikasi Tamamlandi</Text>
    </Row>
    <Row Tag="LOC_MOMENT_BUILDING_CONSTRUCTED_PAST_ERA_WONDER_DESCRIPTION">
      <Text>Bir Dünya Harikasi tamamlandi. Geçmis bir döneme ait olsa da, diger medeniyetler üzerindeki ihtisamimizi göstermeye devam edecek.</Text>
    </Row>
    <Row Tag="LOC_MOMENT_BUILDING_CONSTRUCTED_PAST_ERA_WONDER_INSTANCE_DESCRIPTION">
      <Text>{BuildingType}'te duran {CityName} vatandaslari sanli geçmislerini hatirliyor.</Text>
    </Row>
    <Row Tag="LOC_MOMENT_CITY_BUILT_BECAME_LARGEST_CIV_BY_MARGIN">
      <Text>Dünyanin En Büyük Uygarligi</Text>
    </Row>
    <Row Tag="LOC_MOMENT_CITY_BUILT_BECAME_LARGEST_CIV_BY_MARGIN_DESCRIPTION">
      <Text>Medeniyetiniz, bir sonraki en büyük rakibinden en az 3 daha fazla sehirle dünyanin en büyügü haline geldi.</Text>
    </Row>
    <Row Tag="LOC_MOMENT_CITY_BUILT_BECAME_LARGEST_CIV_BY_MARGIN_INSTANCE_DESCRIPTION">
      <Text>{CityName} genisleyen imparatorlugumuzdaki en son sehir ve diger medeniyetler hayranlikla izliyor.</Text>
    </Row>
    <Row Tag="LOC_MOMENT_CITY_BUILT_NEAR_NATURAL_WONDER">
      <Text>Husu Sehri</Text>
    </Row>
    <Row Tag="LOC_MOMENT_CITY_BUILT_NEAR_NATURAL_WONDER_DESCRIPTION">
      <Text>Bir sehir, bir doga harikasinin 2 kare yakinina yerlestirilir.</Text>
    </Row>
    <Row Tag="LOC_MOMENT_CITY_BUILT_NEAR_NATURAL_WONDER_INSTANCE_DESCRIPTION">
      <Text>{FeatureType}'ün ilham verici görüntüsü yeni sehrimiz {CityName}'ün vatandaslarini sevinçle dolduruyor.</Text>
    </Row>
    <Row Tag="LOC_MOMENT_CITY_BUILT_NEAR_OTHER_CIV_CITY">
      <Text>Agresif Sehir Yerlesimi</Text>
    </Row>
    <Row Tag="LOC_MOMENT_CITY_BUILT_NEAR_OTHER_CIV_CITY_DESCRIPTION">
      <Text>Bir sehir, baska bir uygarligin sehrinin 5 tas yakinina yerlestirilir.</Text>
    </Row>
    <Row Tag="LOC_MOMENT_CITY_BUILT_NEAR_OTHER_CIV_CITY_INSTANCE_DESCRIPTION">
      <Text>{LOC_GRAMMAR_CIVNAME &lt;&lt; {TargetPlayerCivName}}'in bürokratlari, ([2]'yi kendi sehirleri {OtherCityName}'nin bu kadar yakinina yerlestirme cesaretimizden çok etkilendiler.)</Text>
    </Row>
    <Row Tag="LOC_MOMENT_CITY_BUILT_NEW_CONTINENT">
      <Text>Yeni Kitadaki Sehir</Text>
    </Row>
    <Row Tag="LOC_MOMENT_CITY_BUILT_NEW_CONTINENT_DESCRIPTION">
      <Text>Henüz yerlesmediginiz bir kitaya bir sehir yerlestirilir.</Text>
    </Row>
    <Row Tag="LOC_MOMENT_CITY_BUILT_NEW_CONTINENT_INSTANCE_DESCRIPTION">
      <Text>{CityName}, {ContinentName} üzerindeki ilk yerlesim yeri olur!</Text>
    </Row>
    <Row Tag="LOC_MOMENT_CITY_BUILT_ON_DESERT">
      <Text>Cöl Sehri</Text>
    </Row>
    <Row Tag="LOC_MOMENT_CITY_BUILT_ON_DESERT_DESCRIPTION">
      <Text>Zorlu Cöl arazisinde bir sehir kurularak vahsi dogaya erisiminiz genisletilir.</Text>
    </Row>
    <Row Tag="LOC_MOMENT_CITY_BUILT_ON_DESERT_INSTANCE_DESCRIPTION">
      <Text>Ziyaretçiler {CityName}'nin sicagindan sikayetçi, ama en azindan kuru bir sicaklik.</Text>
    </Row>
    <Row Tag="LOC_MOMENT_CITY_BUILT_ON_SNOW">
      <Text>Kar Sehri</Text>
    </Row>
    <Row Tag="LOC_MOMENT_CITY_BUILT_ON_SNOW_DESCRIPTION">
      <Text>Zorlu Kar arazisi üzerinde bir sehir kurularak vahsi dogaya erisiminiz genisletilir.</Text>
    </Row>
    <Row Tag="LOC_MOMENT_CITY_BUILT_ON_SNOW_INSTANCE_DESCRIPTION">
      <Text>{CityName} vatandaslarinin "kar" için yüzlerce kelimesi vardir.</Text>
    </Row>
    <Row Tag="LOC_MOMENT_CITY_BUILT_ON_TUNDRA">
      <Text>Tundra Sehri</Text>
    </Row>
    <Row Tag="LOC_MOMENT_CITY_BUILT_ON_TUNDRA_DESCRIPTION">
      <Text>Zorlu Tundra arazisinde bir sehir kurularak erisim alaniniz vahsi dogaya dogru genisletilir.</Text>
    </Row>
    <Row Tag="LOC_MOMENT_CITY_BUILT_ON_TUNDRA_INSTANCE_DESCRIPTION">
      <Text>{CityName} vatandaslari topraklarinin engebeli güzelligi ve kendi dayanikliliklariyla gurur duyarlar.</Text>
    </Row>
    <Row Tag="LOC_MOMENT_CITY_CHANGED_RELIGION_ENEMY_CITY_DURING_WAR">
      <Text>Düsman Sehir Dinimizi Benimsiyor</Text>
    </Row>
    <Row Tag="LOC_MOMENT_CITY_CHANGED_RELIGION_ENEMY_CITY_DURING_WAR_DESCRIPTION">
      <Text>Düsman bir sehir, savasta olmasina ragmen isigi gördü ve Dinimizi benimsedi.</Text>
    </Row>
    <Row Tag="LOC_MOMENT_CITY_CHANGED_RELIGION_ENEMY_CITY_DURING_WAR_INSTANCE_DESCRIPTION">
      <Text>Cennet {CityName} halkinin gözlerini açar ve {LOC_GRAMMAR_CIVNAME &lt;&lt; {ActingPlayerCivName}} ile savas halindeyken bile {ReligionName}'nin sadik takipçilerine katilirlar.</Text>
    </Row>
    <Row Tag="LOC_MOMENT_CITY_CHANGED_RELIGION_OTHER_HOLY_CITY">
      <Text>Rakip Kutsal Sehir Dönüstürüldü</Text>
    </Row>
    <Row Tag="LOC_MOMENT_CITY_CHANGED_RELIGION_OTHER_HOLY_CITY_DESCRIPTION">
      <Text>Baska bir dinin kutsal sehri bizim dinimize geçti.</Text>
    </Row>
    <Row Tag="LOC_MOMENT_CITY_CHANGED_RELIGION_OTHER_HOLY_CITY_INSTANCE_DESCRIPTION">
      <Text>{CityName} bir zamanlar {OldReligionName}'in besigiydi, ancak simdi sadiklar {ReligionName} tapinaklarina akin ediyor.</Text>
    </Row>
    <Row Tag="LOC_MOMENT_CITY_SIZE_EXTRA_LARGE_FIRST">
      <Text>Ilk Devasa Sehir</Text>
    </Row>
    <Row Tag="LOC_MOMENT_CITY_SIZE_EXTRA_LARGE_FIRST_DESCRIPTION">
      <Text>Uygarliginizda ilk kez bir sehir 25 [ICON_Citizen] Nüfusa ulasti.</Text>
    </Row>
    <Row Tag="LOC_MOMENT_CITY_SIZE_EXTRA_LARGE_FIRST_INSTANCE_DESCRIPTION">
      <Text>Kulelerinden apartmanlarina, {CityName} vatandaslari medeniyetimizin en büyük sehrine duyduklari vatandaslik gururuyla baglidirlar.</Text>
    </Row>
    <Row Tag="LOC_MOMENT_CITY_SIZE_EXTRA_LARGE_FIRST_IN_WORLD">
      <Text>Dünyanin Ilk Devasa Sehri</Text>
    </Row>
    <Row Tag="LOC_MOMENT_CITY_SIZE_EXTRA_LARGE_FIRST_IN_WORLD_DESCRIPTION">
      <Text>Dünyada ilk kez bir sehir 25 [ICON_Citizen] nüfusa ulasti.</Text>
    </Row>
    <Row Tag="LOC_MOMENT_CITY_SIZE_EXTRA_LARGE_FIRST_IN_WORLD_INSTANCE_DESCRIPTION">
      <Text>Hareketli ve kozmopolit {CityName} asla uyumaz, ancak vatandaslarinin hikayeleri muhtesem bir ortak uyaniklik rüyasinda birlikte örülür.</Text>
    </Row>
    <Row Tag="LOC_MOMENT_CITY_SIZE_LARGE_FIRST">
      <Text>Ilk Devasa Sehir</Text>
    </Row>
    <Row Tag="LOC_MOMENT_CITY_SIZE_LARGE_FIRST_DESCRIPTION">
      <Text>Uygarliginizda ilk kez bir sehir 20 [ICON_Citizen] Nüfusa ulasti.</Text>
    </Row>
    <Row Tag="LOC_MOMENT_CITY_SIZE_LARGE_FIRST_INSTANCE_DESCRIPTION">
      <Text>Celiskili bir sekilde, {CityName} vatandaslari hem sehirlerinin büyüklügüyle inanilmaz derecede gurur duyuyor hem de ne kadar kalabaliklastigindan sikayet etmekten asla vazgeçmiyorlar.</Text>
    </Row>
    <Row Tag="LOC_MOMENT_CITY_SIZE_LARGE_FIRST_IN_WORLD">
      <Text>Dünyanin Ilk Devasa Sehri</Text>
    </Row>
    <Row Tag="LOC_MOMENT_CITY_SIZE_LARGE_FIRST_IN_WORLD_DESCRIPTION">
      <Text>Dünyada ilk kez bir sehir 20 [ICON_Citizen] nüfusa ulasti.</Text>
    </Row>
    <Row Tag="LOC_MOMENT_CITY_SIZE_LARGE_FIRST_IN_WORLD_INSTANCE_DESCRIPTION">
      <Text>{CityName}'nin bulvar ve caddelerinde yürüyen kalabaligi görmeden ve insanligin en büyük sehrinin manzarasini seyretmeden yasamis sayilmazsiniz derler.</Text>
    </Row>
    <Row Tag="LOC_MOMENT_CITY_SIZE_MEDIUM_FIRST">
      <Text>Ilk Büyük Sehir</Text>
    </Row>
    <Row Tag="LOC_MOMENT_CITY_SIZE_MEDIUM_FIRST_DESCRIPTION">
      <Text>Uygarliginizda ilk kez bir sehir 15 [ICON_Citizen] Nüfusa ulasti.</Text>
    </Row>
    <Row Tag="LOC_MOMENT_CITY_SIZE_MEDIUM_FIRST_INSTANCE_DESCRIPTION">
      <Text>{CityName} daha da genisler ve halkimizin en büyük sehri haline gelir.</Text>
    </Row>
    <Row Tag="LOC_MOMENT_CITY_SIZE_MEDIUM_FIRST_IN_WORLD">
      <Text>Dünyanin Ilk Büyük Sehri</Text>
    </Row>
    <Row Tag="LOC_MOMENT_CITY_SIZE_MEDIUM_FIRST_IN_WORLD_DESCRIPTION">
      <Text>Dünyada ilk kez bir sehir 15 [ICON_Citizen] nüfusa ulasti.</Text>
    </Row>
    <Row Tag="LOC_MOMENT_CITY_SIZE_MEDIUM_FIRST_IN_WORLD_INSTANCE_DESCRIPTION">
      <Text>{CityName} sakinleri dünyanin en büyük, en sofistike sehrinde yasamakla övünürler.</Text>
    </Row>
    <Row Tag="LOC_MOMENT_CITY_SIZE_SMALL_FIRST">
      <Text>Ilk Hareketli Sehir</Text>
    </Row>
    <Row Tag="LOC_MOMENT_CITY_SIZE_SMALL_FIRST_DESCRIPTION">
      <Text>Uygarliginizda ilk kez bir sehir 10 [ICON_Citizen] Nüfusa ulasti.</Text>
    </Row>
    <Row Tag="LOC_MOMENT_CITY_SIZE_SMALL_FIRST_INSTANCE_DESCRIPTION">
      <Text>{CityName} büyüyor ve halki gelisen metropol hayatindan gurur duyuyor.</Text>
    </Row>
    <Row Tag="LOC_MOMENT_CITY_SIZE_SMALL_FIRST_IN_WORLD">
      <Text>Dünyanin Ilk Hareketli Sehri</Text>
    </Row>
    <Row Tag="LOC_MOMENT_CITY_SIZE_SMALL_FIRST_IN_WORLD_DESCRIPTION">
      <Text>Dünyada ilk kez bir sehir 10 [ICON_Citizen] nüfusa ulasti.</Text>
    </Row>
    <Row Tag="LOC_MOMENT_CITY_SIZE_SMALL_FIRST_IN_WORLD_INSTANCE_DESCRIPTION">
      <Text>Ziyaretçiler dünyanin en büyük sehri olan {CityName}'den hayranlikla bahsediyor. Bu kadar çok insan nasil bir arada baris içinde yasiyor?</Text>
    </Row>
    <Row Tag="LOC_MOMENT_CITY_TRANSFERRED_DISLOYAL_FOREIGN_CITY">
      <Text>Yabanci Sehir Katiliyor</Text>
    </Row>
    <Row Tag="LOC_MOMENT_CITY_TRANSFERRED_DISLOYAL_FOREIGN_CITY_DESCRIPTION">
      <Text>Yabanci bir sehir bunun yerine bize sadakat yemini ederek imparatorlugumuza katilmaya karar verdi.</Text>
    </Row>
    <Row Tag="LOC_MOMENT_CITY_TRANSFERRED_DISLOYAL_FOREIGN_CITY_INSTANCE_DESCRIPTION">
      <Text>{CityName} halki artik kendilerini {LOC_GRAMMAR_CIVNAME &lt;&lt; {TargetPlayerCivName}}'in bir parçasi olarak hissetmiyor ve medeniyetimize katilmayi kabul ediyor.</Text>
    </Row>
    <Row Tag="LOC_MOMENT_CITY_TRANSFERRED_DISLOYAL_FREE_CITY">
      <Text>Özgür Sehir Katiliyor</Text>
    </Row>
    <Row Tag="LOC_MOMENT_CITY_TRANSFERRED_DISLOYAL_FREE_CITY_DESCRIPTION">
      <Text>Bir Özgür Sehir, imparatorlugumuza katilarak bize sadakat yemini etmeye karar verdi.</Text>
    </Row>
    <Row Tag="LOC_MOMENT_CITY_TRANSFERRED_DISLOYAL_FREE_CITY_INSTANCE_DESCRIPTION">
      <Text>{CityName} vatandaslari bizimle bir yakinlik hissediyor ve medeniyetimize isteyerek giriyorlar.</Text>
    </Row>
    <Row Tag="LOC_MOMENT_CITY_TRANSFERRED_FOREIGN_CAPITAL">
      <Text>Alinan Yabanci Sermaye</Text>
    </Row>
    <Row Tag="LOC_MOMENT_CITY_TRANSFERRED_FOREIGN_CAPITAL_DESCRIPTION">
      <Text>Yabanci bir gücün asil baskentinin kontrolünü ele geçirdiniz.</Text>
    </Row>
    <Row Tag="LOC_MOMENT_CITY_TRANSFERRED_FOREIGN_CAPITAL_INSTANCE_DESCRIPTION">
      <Text>{LOC_GRAMMAR_CIVNAME &lt;&lt; {TargetPlayerCivName}}'in eski baskenti {CityName}, artik medeniyetimizin bir parçasi!</Text>
    </Row>
    <Row Tag="LOC_MOMENT_CITY_TRANSFERRED_PLAYER_DEFEATED">
      <Text>Son Yabanci Sehir Alindi</Text>
    </Row>
    <Row Tag="LOC_MOMENT_CITY_TRANSFERRED_PLAYER_DEFEATED_DESCRIPTION">
      <Text>Bir medeniyetin kalan son sehrinin kontrolünü ele geçirdiniz.</Text>
    </Row>
    <Row Tag="LOC_MOMENT_CITY_TRANSFERRED_PLAYER_DEFEATED_INSTANCE_DESCRIPTION">
      <Text>{LOC_GRAMMAR_CIVNAME_UPPER &lt;&lt; {TargetPlayerCivName}} zaman testine dayanamayacaktir.</Text>
    </Row>
    <Row Tag="LOC_MOMENT_CITY_TRANSFERRED_TO_ORIGINAL_OWNER">
      <Text>Sehir Asil Sahibine Geri Dönüyor</Text>
    </Row>
    <Row Tag="LOC_MOMENT_CITY_TRANSFERRED_TO_ORIGINAL_OWNER_DESCRIPTION">
      <Text>Bir sehir asil sahibine geri döndü.</Text>
    </Row>
    <Row Tag="LOC_MOMENT_CITY_TRANSFERRED_TO_ORIGINAL_OWNER_INSTANCE_DESCRIPTION">
      <Text>{CityName} bir kez daha {LOC_GRAMMAR_CIVNAME &lt;&lt; {ActingPlayerCivName}}'e geri döner!</Text>
    </Row>
    <Row Tag="LOC_MOMENT_CIVIC_CULTURVATED_IN_ERA_FIRST">
      <Text>Yeni Dönemin Ilk Civic'i</Text>
    </Row>
    <Row Tag="LOC_MOMENT_CIVIC_CULTURVATED_IN_ERA_FIRST_DESCRIPTION">
      <Text>Uygarliginizin yeni bir kesif çagindaki ilk uygarligini tamamladiniz.</Text>
    </Row>
    <Row Tag="LOC_MOMENT_CIVIC_CULTURVATED_IN_ERA_FIRST_INSTANCE_DESCRIPTION">
      <Text>Baskalari ne derse desin, {PlayerEraType} kültürünün gerçek anlamda gelismesi {CivicType}'nin {LOC_GRAMMAR_CIVNAME &lt;&lt; {ActingPlayerCivName}} tarafindan kesfedilmesiyle baslamistir.</Text>
    </Row>
    <Row Tag="LOC_MOMENT_CIVIC_CULTURVATED_IN_ERA_FIRST_IN_WORLD">
      <Text>Dünyanin Ilk Yeni Dönem Civic'i</Text>
    </Row>
    <Row Tag="LOC_MOMENT_CIVIC_CULTURVATED_IN_ERA_FIRST_IN_WORLD_DESCRIPTION">
      <Text>Yeni bir kesif çagindan dünyanin ilk sivilini tamamladiniz.</Text>
    </Row>
    <Row Tag="LOC_MOMENT_CIVIC_CULTURVATED_IN_ERA_FIRST_IN_WORLD_INSTANCE_DESCRIPTION">
      <Text>{CivicType} ifademiz insanligin {PlayerEraType}'teki gelecegini belirleyecektir!</Text>
    </Row>
    <Row Tag="LOC_MOMENT_DISTRICT_CONSTRUCTED_FIRST_UNIQUE">
      <Text>Benzersiz Bölge Tamamlandi</Text>
    </Row>
    <Row Tag="LOC_MOMENT_DISTRICT_CONSTRUCTED_FIRST_UNIQUE_DESCRIPTION">
      <Text>Bu essiz bölgeyi ilk kez tamamladiniz.</Text>
    </Row>
    <Row Tag="LOC_MOMENT_DISTRICT_CONSTRUCTED_FIRST_UNIQUE_INSTANCE_DESCRIPTION">
      <Text>{DistrictType} bir kaza degil, halkimizin essiz dehasinin bir sonucudur.</Text>
    </Row>
    <Row Tag="LOC_MOMENT_DISTRICT_CONSTRUCTED_HIGH_ADJACENCY_CAMPUS">
      <Text>Görkemli Kampüs Tamamlandi</Text>
    </Row>
    <Row Tag="LOC_MOMENT_DISTRICT_CONSTRUCTED_HIGH_ADJACENCY_CAMPUS_DESCRIPTION">
      <Text>Uygarliginizin ilk Kampüsünü 3 [ICON_Science] Bilim veya daha yüksek bir baslangiç bitisiklik bonusuyla tamamladiniz.</Text>
    </Row>
    <Row Tag="LOC_MOMENT_DISTRICT_CONSTRUCTED_HIGH_ADJACENCY_CAMPUS_INSTANCE_DESCRIPTION">
      <Text>Kampüsün {CityName} yakinindaki avlularda yürürken ve siniflarin disinda oyalanirken, akademisyenlerin dünyayi degistirecek fikirleri tartistiklarini duyabilirsiniz.</Text>
    </Row>
    <Row Tag="LOC_MOMENT_DISTRICT_CONSTRUCTED_HIGH_ADJACENCY_COMMERCIAL_HUB">
      <Text>Görkemli Ticaret Merkezi Tamamlandi</Text>
    </Row>
    <Row Tag="LOC_MOMENT_DISTRICT_CONSTRUCTED_HIGH_ADJACENCY_COMMERCIAL_HUB_DESCRIPTION">
      <Text>Uygarliginizin ilk Ticari Merkezini 4 [ICON_Gold] Altin veya daha yüksek bir baslangiç bitisiklik bonusuyla tamamladiniz.</Text>
    </Row>
    <Row Tag="LOC_MOMENT_DISTRICT_CONSTRUCTED_HIGH_ADJACENCY_COMMERCIAL_HUB_INSTANCE_DESCRIPTION">
      <Text>Insanlarin {CityName} Ticaret Merkezi'ne sadece piyasadaki alim satim heyecani için çekildigini söylüyorlar. Ancak para da oldukça iyi.</Text>
    </Row>
    <Row Tag="LOC_MOMENT_DISTRICT_CONSTRUCTED_HIGH_ADJACENCY_HARBOR">
      <Text>Splendid Limani Tamamlandi</Text>
    </Row>
    <Row Tag="LOC_MOMENT_DISTRICT_CONSTRUCTED_HIGH_ADJACENCY_HARBOR_DESCRIPTION">
      <Text>Uygarliginizin ilk Limanini 4 [ICON_Gold] Altin veya daha yüksek bir baslangiç bitisiklik bonusuyla tamamladiniz.</Text>
    </Row>
    <Row Tag="LOC_MOMENT_DISTRICT_CONSTRUCTED_HIGH_ADJACENCY_HARBOR_INSTANCE_DESCRIPTION">
      <Text>Denizciler ve liman isçileri {CityName} Limani'ndaki hareketli rihtimlar boyunca bagirip sarkilar söylüyorlar.</Text>
    </Row>
    <Row Tag="LOC_MOMENT_DISTRICT_CONSTRUCTED_HIGH_ADJACENCY_HOLY_SITE">
      <Text>Görkemli Kutsal Alan Tamamlandi</Text>
    </Row>
    <Row Tag="LOC_MOMENT_DISTRICT_CONSTRUCTED_HIGH_ADJACENCY_HOLY_SITE_DESCRIPTION">
      <Text>Uygarliginizin ilk Kutsal Bölgesini 3 [ICON_Faith] Inanç veya daha yüksek bir baslangiç bitisiklik bonusuyla tamamladiniz.</Text>
    </Row>
    <Row Tag="LOC_MOMENT_DISTRICT_CONSTRUCTED_HIGH_ADJACENCY_HOLY_SITE_INSTANCE_DESCRIPTION">
      <Text>Canlar ve ilahiler, tütsüler ve ikonalar, {CityName} Kutsal Alani, ibadet edenleri ve hacilari daha yüksek meseleleri tefekkür etmeye getirir.</Text>
    </Row>
    <Row Tag="LOC_MOMENT_DISTRICT_CONSTRUCTED_HIGH_ADJACENCY_INDUSTRIAL_ZONE">
      <Text>Görkemli Sanayi Bölgesi Tamamlandi</Text>
    </Row>
    <Row Tag="LOC_MOMENT_DISTRICT_CONSTRUCTED_HIGH_ADJACENCY_INDUSTRIAL_ZONE_DESCRIPTION">
      <Text>Uygarliginizin ilk Sanayi Bölgesini 4 [ICON_Production] Üretim veya daha yüksek bir baslangiç bitisiklik bonusuyla tamamladiniz.</Text>
    </Row>
    <Row Tag="LOC_MOMENT_DISTRICT_CONSTRUCTED_HIGH_ADJACENCY_INDUSTRIAL_ZONE_INSTANCE_DESCRIPTION">
      <Text>Düdük sesleri yeni bir vardiyanin basladigini gösteriyor ve {CityName}'den gelen isçiler iyi bir gün geçirmeye hazir bir sekilde Sanayi Bölgesine akin ediyor.</Text>
    </Row>
    <Row Tag="LOC_MOMENT_DISTRICT_CONSTRUCTED_HIGH_ADJACENCY_THEATER_SQUARE">
      <Text>Görkemli Tiyatro Meydani Tamamlandi</Text>
    </Row>
    <Row Tag="LOC_MOMENT_DISTRICT_CONSTRUCTED_HIGH_ADJACENCY_THEATER_SQUARE_DESCRIPTION">
      <Text>Uygarliginizin ilk Tiyatro Meydanini 3 [ICON_Culture] Kültür veya daha yüksek bir baslangiç bitisiklik bonusuyla tamamladiniz.</Text>
    </Row>
    <Row Tag="LOC_MOMENT_DISTRICT_CONSTRUCTED_HIGH_ADJACENCY_THEATER_SQUARE_INSTANCE_DESCRIPTION">
      <Text>Keyifli sarkilar, ilham verici sözler. {CityName}'nin sanatçilari, sairleri ve oyun yazarlari Tiyatro Meydanimizin sokaklarinda dolasiyor.</Text>
    </Row>
    <Row Tag="LOC_MOMENT_DISTRICT_CONSTRUCTED_NEIGHBORHOOD_FIRST">
      <Text>Ilk Mahalle Tamamlandi</Text>
    </Row>
    <Row Tag="LOC_MOMENT_DISTRICT_CONSTRUCTED_NEIGHBORHOOD_FIRST_DESCRIPTION">
      <Text>Medeniyetinizin ilk Mahalle bölgesini tamamladiniz.</Text>
    </Row>
    <Row Tag="LOC_MOMENT_DISTRICT_CONSTRUCTED_NEIGHBORHOOD_FIRST_INSTANCE_DESCRIPTION">
      <Text>{CityName} vatandaslari, {CityName}'te yasamaktan daha iyi olan tek seyin, onun disinda biraz daha temiz bir yerde yasamak oldugunu ilk kesfedenlerdir.</Text>
    </Row>
    <Row Tag="LOC_MOMENT_DISTRICT_CONSTRUCTED_NEIGHBORHOOD_FIRST_IN_WORLD">
      <Text>Dünyanin Ilk Mahallesi</Text>
    </Row>
    <Row Tag="LOC_MOMENT_DISTRICT_CONSTRUCTED_NEIGHBORHOOD_FIRST_IN_WORLD_DESCRIPTION">
      <Text>Dünyanin ilk Mahalle bölgesini tamamladiniz.</Text>
    </Row>
    <Row Tag="LOC_MOMENT_DISTRICT_CONSTRUCTED_NEIGHBORHOOD_FIRST_IN_WORLD_INSTANCE_DESCRIPTION">
      <Text>{CityName} vatandaslari, {CityName}'te yasamaktan daha iyi olan tek seyin, onun disinda biraz daha temiz bir yerde yasamak oldugunu dünyada ilk kesfedenlerdir.</Text>
    </Row>
    <Row Tag="LOC_MOMENT_EMERGENCY_WON_AS_MEMBER">
      <Text>Acil Durum Basariyla Tamamlandi</Text>
    </Row>
    <Row Tag="LOC_MOMENT_EMERGENCY_WON_AS_MEMBER_DESCRIPTION">
      <Text>Bir üye olarak, bir Acil Durum'da basarili oldunuz.</Text>
    </Row>
    <Row Tag="LOC_MOMENT_EMERGENCY_WON_AS_MEMBER_INSTANCE_DESCRIPTION">
      <Text>{EmergencyType} ile {LOC_GRAMMAR_CIVNAME &lt;&lt; {TargetPlayerCivName}} arasindaki mücadele sona erdi ve biz zaferle çiktik. Ama gelecek ne getirecek?</Text>
    </Row>
    <Row Tag="LOC_MOMENT_EMERGENCY_WON_AS_TARGET">
      <Text>Acil Durum Basariyla Savunuldu</Text>
    </Row>
    <Row Tag="LOC_MOMENT_EMERGENCY_WON_AS_TARGET_DESCRIPTION">
      <Text>Hedef olarak, size karsi bir Acil Durum'u savusturmayi basardiniz.</Text>
    </Row>
    <Row Tag="LOC_MOMENT_EMERGENCY_WON_AS_TARGET_INSTANCE_DESCRIPTION">
      <Text>Kiskanç uygarliklarin ordulari halkimizi durdurmayi basaramadi! {EmergencyType} suçlama ve suçlama içinde çözülür.</Text>
    </Row>
    <Row Tag="LOC_MOMENT_FIND_NATURAL_WONDER">
      <Text>Bir Doga Harikasinin Kesfi</Text>
    </Row>
    <Row Tag="LOC_MOMENT_FIND_NATURAL_WONDER_DESCRIPTION">
      <Text>Uygarliginiz bu doga harikasini ilk kez kesfediyor.</Text>
    </Row>
    <Row Tag="LOC_MOMENT_FIND_NATURAL_WONDER_INSTANCE_DESCRIPTION">
      <Text>{LOC_GRAMMAR_CIVNAME &lt;&lt; {ActingPlayerCivName}}'ün kasifleri {FeatureType}'in görkemini kesfederler.</Text>
    </Row>
    <Row Tag="LOC_MOMENT_FIND_NATURAL_WONDER_FIRST_IN_WORLD">
      <Text>Bir Doga Harikasinin Ilk Kesfi</Text>
    </Row>
    <Row Tag="LOC_MOMENT_FIND_NATURAL_WONDER_FIRST_IN_WORLD_DESCRIPTION">
      <Text>Medeniyetimizin kasifleri, dünyada bu doga harikasini gören ilk kisilerdir.</Text>
    </Row>
    <Row Tag="LOC_MOMENT_FIND_NATURAL_WONDER_FIRST_IN_WORLD_INSTANCE_DESCRIPTION">
      <Text>{LOC_GRAMMAR_CIVNAME &lt;&lt; {ActingPlayerCivName}}'ün kasifleri {FeatureType}'i gören ilk büyük uygarliktir!</Text>
    </Row>
    <Row Tag="LOC_MOMENT_FIND_NEW_CONTINENT_FIRST_IN_WORLD">
      <Text>Yeni Bir Kitanin Ilk Kesfi</Text>
    </Row>
    <Row Tag="LOC_MOMENT_FIND_NEW_CONTINENT_FIRST_IN_WORLD_DESCRIPTION">
      <Text>Medeniyetimizin kasifleri dünyada bu kitayi bulan ilk kasiflerdir.</Text>
    </Row>
    <Row Tag="LOC_MOMENT_FIND_NEW_CONTINENT_FIRST_IN_WORLD_INSTANCE_DESCRIPTION">
      <Text>{LOC_GRAMMAR_CIVNAME &lt;&lt; {ActingPlayerCivName}}'ün kasifleri {ContinentName} kitasina ayak basan ilk büyük uygarliktir!</Text>
    </Row>
    <Row Tag="LOC_MOMENT_FORMATION_ARMADA_FIRST">
      <Text>Ilk Armada</Text>
    </Row>
    <Row Tag="LOC_MOMENT_FORMATION_ARMADA_FIRST_DESCRIPTION">
      <Text>Uygarliginizin ilk donanmasi kuruldu.</Text>
    </Row>
    <Row Tag="LOC_MOMENT_FORMATION_ARMADA_FIRST_INSTANCE_DESCRIPTION">
      <Text>{UnitType}'nin güvertesinden, her biri medeniyetimizin bayragini dalgalandiran, uzaklara uzanan ilk Armada'mizin gemileri görülebilir.</Text>
    </Row>
    <Row Tag="LOC_MOMENT_FORMATION_ARMADA_FIRST_IN_WORLD">
      <Text>Dünyanin Ilk Donanmasi</Text>
    </Row>
    <Row Tag="LOC_MOMENT_FORMATION_ARMADA_FIRST_IN_WORLD_DESCRIPTION">
      <Text>Dünyanin ilk donanmasi sizin komutaniz altinda kuruldu.</Text>
    </Row>
    <Row Tag="LOC_MOMENT_FORMATION_ARMADA_FIRST_IN_WORLD_INSTANCE_DESCRIPTION">
      <Text>Dünyanin ilk Armada'sinin muazzam gücü, emrimizle açik denizlere çikmaya hazir!</Text>
    </Row>
    <Row Tag="LOC_MOMENT_FORMATION_ARMY_FIRST">
      <Text>Birinci Ordu</Text>
    </Row>
    <Row Tag="LOC_MOMENT_FORMATION_ARMY_FIRST_DESCRIPTION">
      <Text>Uygarliginizin ilk ordusu kuruldu.</Text>
    </Row>
    <Row Tag="LOC_MOMENT_FORMATION_ARMY_FIRST_INSTANCE_DESCRIPTION">
      <Text>Birinci Ordumuzun kuvvetleri görünüste sonu gelmeyen bir alay halinde ilerliyor!</Text>
    </Row>
    <Row Tag="LOC_MOMENT_FORMATION_ARMY_FIRST_IN_WORLD">
      <Text>Dünyanin Ilk Ordusu</Text>
    </Row>
    <Row Tag="LOC_MOMENT_FORMATION_ARMY_FIRST_IN_WORLD_DESCRIPTION">
      <Text>Dünyanin ilk ordusu sizin komutaniz altinda kuruldu.</Text>
    </Row>
    <Row Tag="LOC_MOMENT_FORMATION_ARMY_FIRST_IN_WORLD_INSTANCE_DESCRIPTION">
      <Text>Dünya bizim {UnitType} ordumuz gibi bir orduyu daha önce hiç görmedi! Gücümüz essizdir.</Text>
    </Row>
    <Row Tag="LOC_MOMENT_FORMATION_CORPS_FIRST">
      <Text>Birinci Kolordu</Text>
    </Row>
    <Row Tag="LOC_MOMENT_FORMATION_CORPS_FIRST_DESCRIPTION">
      <Text>Uygarliginizin ilk Kolordusu kuruldu.</Text>
    </Row>
    <Row Tag="LOC_MOMENT_FORMATION_CORPS_FIRST_INSTANCE_DESCRIPTION">
      <Text>Tek bir birlikten daha güçlü olan Birinci Kolordumuz, medeniyeti korumak için hazir bekliyor.</Text>
    </Row>
    <Row Tag="LOC_MOMENT_FORMATION_CORPS_FIRST_IN_WORLD">
      <Text>Dünyanin Ilk Kolordusu</Text>
    </Row>
    <Row Tag="LOC_MOMENT_FORMATION_CORPS_FIRST_IN_WORLD_DESCRIPTION">
      <Text>Dünyanin ilk Kolordusu sizin komutaniz altinda kuruldu.</Text>
    </Row>
    <Row Tag="LOC_MOMENT_FORMATION_CORPS_FIRST_IN_WORLD_INSTANCE_DESCRIPTION">
      <Text>Personelimiz, dünyanin ilk Kolordusunun harekete geçmeye hazir oldugunu bildiriyor!</Text>
    </Row>
    <Row Tag="LOC_MOMENT_FORMATION_FLEET_FIRST">
      <Text>Birinci Filo</Text>
    </Row>
    <Row Tag="LOC_MOMENT_FORMATION_FLEET_FIRST_DESCRIPTION">
      <Text>Uygarliginizin ilk filosu kuruldu.</Text>
    </Row>
    <Row Tag="LOC_MOMENT_FORMATION_FLEET_FIRST_INSTANCE_DESCRIPTION">
      <Text>Ilk filomuz toplanirken herkes bayragi selamlasin!</Text>
    </Row>
    <Row Tag="LOC_MOMENT_FORMATION_FLEET_FIRST_IN_WORLD">
      <Text>Dünyanin Ilk Filosu</Text>
    </Row>
    <Row Tag="LOC_MOMENT_FORMATION_FLEET_FIRST_IN_WORLD_DESCRIPTION">
      <Text>Dünyanin ilk filosu sizin komutaniz altinda kuruldu.</Text>
    </Row>
    <Row Tag="LOC_MOMENT_FORMATION_FLEET_FIRST_IN_WORLD_INSTANCE_DESCRIPTION">
      <Text>Toplanan kaptanlarin hepsi gemilerinin demir almaya hazir oldugunu bildiriyor, çünkü dünyanin ilk Filosu harekete geçmeye hazir!</Text>
    </Row>
    <Row Tag="LOC_MOMENT_GAME_ERA_STARTED_WITH_DARK_AGE">
      <Text>Karanlik Cag Basliyor</Text>
    </Row>
    <Row Tag="LOC_MOMENT_GAME_ERA_STARTED_WITH_DARK_AGE_DESCRIPTION">
      <Text>Oyun yeni bir çaga giriyor ve uygarliginizin üstesinden gelmesi gereken Karanlik Cag zorluklari var.</Text>
    </Row>
    <Row Tag="LOC_MOMENT_GAME_ERA_STARTED_WITH_DARK_AGE_INSTANCE_DESCRIPTION">
      <Text>Oyun {PlayerEraType} dönemine giriyor ve uygarliginizin üstesinden gelmesi gereken Karanlik Cag zorluklari var.</Text>
    </Row>
    <Row Tag="LOC_MOMENT_GAME_ERA_STARTED_WITH_GOLDEN_AGE">
      <Text>Altin Cag Basliyor</Text>
    </Row>
    <Row Tag="LOC_MOMENT_GAME_ERA_STARTED_WITH_GOLDEN_AGE_DESCRIPTION">
      <Text>Oyun yeni bir çaga giriyor ve medeniyetiniz bir Altin Cag kazandi.</Text>
    </Row>
    <Row Tag="LOC_MOMENT_GAME_ERA_STARTED_WITH_GOLDEN_AGE_INSTANCE_DESCRIPTION">
      <Text>Oyun {PlayerEraType} dönemine girer ve uygarliginiz bir Altin Cag kazanmistir.</Text>
    </Row>
    <Row Tag="LOC_MOMENT_GAME_ERA_STARTED_WITH_HEROIC_AGE">
      <Text>Kahramanlik Cagi Basliyor</Text>
    </Row>
    <Row Tag="LOC_MOMENT_GAME_ERA_STARTED_WITH_HEROIC_AGE_DESCRIPTION">
      <Text>Oyun yeni bir çaga giriyor ve uygarliginiz geçmis zorluklarin üstesinden gelerek bir Kahramanlik Cagi kazandi.</Text>
    </Row>
    <Row Tag="LOC_MOMENT_GAME_ERA_STARTED_WITH_HEROIC_AGE_INSTANCE_DESCRIPTION">
      <Text>Oyun {PlayerEraType} dönemine girer ve uygarliginiz geçmis zorluklarin üstesinden gelerek bir Kahramanlik Cagi kazanmistir.</Text>
    </Row>
    <Row Tag="LOC_MOMENT_GAME_ERA_STARTED_WITH_NORMAL_AGE">
      <Text>Normal Yas Basliyor</Text>
    </Row>
    <Row Tag="LOC_MOMENT_GAME_ERA_STARTED_WITH_NORMAL_AGE_DESCRIPTION">
      <Text>Oyun yeni bir çaga giriyor ve Karanlik Cag'dan kurtulmus oluyorsunuz.</Text>
    </Row>
    <Row Tag="LOC_MOMENT_GAME_ERA_STARTED_WITH_NORMAL_AGE_INSTANCE_DESCRIPTION">
      <Text>Oyun {PlayerEraType}'ye girer ve bir Karanlik Cag'dan kaçinmis olursunuz.</Text>
    </Row>
    <Row Tag="LOC_MOMENT_GOODY_HUT_TRIGGERED">
      <Text>Temas Edilen Kabile Köyü</Text>
    </Row>
    <Row Tag="LOC_MOMENT_GOODY_HUT_TRIGGERED_DESCRIPTION">
      <Text>Gelismekte olan sehirlerimize güç veren bir Kabile Köyü ile temasa geçildi.</Text>
    </Row>
    <Row Tag="LOC_MOMENT_GOODY_HUT_TRIGGERED_INSTANCE_DESCRIPTION">
      <Text>Köylüler medeniyetimize katilirken hediyeler getiriyorlar.</Text>
    </Row>
    <Row Tag="LOC_MOMENT_GOVERNMENT_ENACTED_TIER_1_FIRST">
      <Text>Birinci Kademe 1 Hükümet</Text>
    </Row>
    <Row Tag="LOC_MOMENT_GOVERNMENT_ENACTED_TIER_1_FIRST_DESCRIPTION">
      <Text>Uygarliginiz ilk 1. Kademe Hükümetini benimsiyor.</Text>
    </Row>
    <Row Tag="LOC_MOMENT_GOVERNMENT_ENACTED_TIER_1_FIRST_INSTANCE_DESCRIPTION">
      <Text>{LOC_GRAMMAR_CIVNAME &lt;&lt; {ActingPlayerCivName}}, {GovernmentType} tarafindan yönetilmeyi benimseyerek vatandaslar için yeni bir siyasi çag baslatir.</Text>
    </Row>
    <Row Tag="LOC_MOMENT_GOVERNMENT_ENACTED_TIER_1_FIRST_IN_WORLD">
      <Text>Dünyanin Ilk 1. Kademe Hükümeti</Text>
    </Row>
    <Row Tag="LOC_MOMENT_GOVERNMENT_ENACTED_TIER_1_FIRST_IN_WORLD_DESCRIPTION">
      <Text>Uygarliginiz dünyada 1. Kademe Hükümeti benimseyen ilk uygarliktir.</Text>
    </Row>
    <Row Tag="LOC_MOMENT_GOVERNMENT_ENACTED_TIER_1_FIRST_IN_WORLD_INSTANCE_DESCRIPTION">
      <Text>{LOC_GRAMMAR_CIVNAME &lt;&lt; {ActingPlayerCivName}} halki, siyasi felsefelerinin büyük sentezi olan {GovernmentType} hükümetini benimser.</Text>
    </Row>
    <Row Tag="LOC_MOMENT_GOVERNMENT_ENACTED_TIER_2_FIRST">
      <Text>Birinci Kademe 2 Hükümet</Text>
    </Row>
    <Row Tag="LOC_MOMENT_GOVERNMENT_ENACTED_TIER_2_FIRST_DESCRIPTION">
      <Text>Uygarliginiz ilk Kademe 2 Hükümetini kabul etti.</Text>
    </Row>
    <Row Tag="LOC_MOMENT_GOVERNMENT_ENACTED_TIER_2_FIRST_INSTANCE_DESCRIPTION">
      <Text>Eski yönetim gelenekleri evrim geçirir ve {ActingPlayerLeaderName} yeni yönetim sekli olarak {GovernmentType}'ü seçer.</Text>
    </Row>
    <Row Tag="LOC_MOMENT_GOVERNMENT_ENACTED_TIER_2_FIRST_IN_WORLD">
      <Text>Dünyadaki Ilk 2. Kademe Hükümet</Text>
    </Row>
    <Row Tag="LOC_MOMENT_GOVERNMENT_ENACTED_TIER_2_FIRST_IN_WORLD_DESCRIPTION">
      <Text>Uygarliginiz dünyada 2. Kademe Hükümeti benimseyen ilk uygarliktir.</Text>
    </Row>
    <Row Tag="LOC_MOMENT_GOVERNMENT_ENACTED_TIER_2_FIRST_IN_WORLD_INSTANCE_DESCRIPTION">
      <Text>Eski yöntemler iyiydi, ancak zaman onlarin zayifligini gösterdi. {LOC_GRAMMAR_CIVNAME &lt;&lt; {ActingPlayerCivName}} halki {GovernmentType}'i benimseyerek yeni bir güç bulmustur.</Text>
    </Row>
    <Row Tag="LOC_MOMENT_GOVERNMENT_ENACTED_TIER_3_FIRST">
      <Text>Birinci Kademe 3 Hükümet</Text>
    </Row>
    <Row Tag="LOC_MOMENT_GOVERNMENT_ENACTED_TIER_3_FIRST_DESCRIPTION">
      <Text>Uygarliginiz ilk 3. Kademe Hükümetini kabul etti.</Text>
    </Row>
    <Row Tag="LOC_MOMENT_GOVERNMENT_ENACTED_TIER_3_FIRST_INSTANCE_DESCRIPTION">
      <Text>Geçmisin onurlu gelenekleri, {LOC_GRAMMAR_CIVNAME &lt;&lt; {ActingPlayerCivName}}'in seçtigi yeni {GovernmentType} hükümetinin bir parçasini olusturmaya devam edecektir.</Text>
    </Row>
    <Row Tag="LOC_MOMENT_GOVERNMENT_ENACTED_TIER_3_FIRST_IN_WORLD">
      <Text>Dünyadaki Ilk 3. Kademe Hükümet</Text>
    </Row>
    <Row Tag="LOC_MOMENT_GOVERNMENT_ENACTED_TIER_3_FIRST_IN_WORLD_DESCRIPTION">
      <Text>Uygarliginiz dünyada 3. Kademe Hükümeti benimseyen ilk uygarliktir.</Text>
    </Row>
    <Row Tag="LOC_MOMENT_GOVERNMENT_ENACTED_TIER_3_FIRST_IN_WORLD_INSTANCE_DESCRIPTION">
      <Text>{LOC_GRAMMAR_CIVNAME &lt;&lt; {ActingPlayerCivName}} gelecegin yeni hükümeti olarak {GovernmentType}'i seçerken, yüzyillardir süregelen siyasi felsefe nihai ifadesine ulasiyor.</Text>
    </Row>
    <Row Tag="LOC_MOMENT_GOVERNMENT_ENACTED_TIER_1_FIRST_CLASSICAL_REPUBLIC_INSTANCE_DESCRIPTION">
      <Text>{LOC_GRAMMAR_CIVNAME &lt;&lt; {ActingPlayerCivName}} Klasik Cumhuriyeti kendi hükümetleri olarak benimsedikçe meydanlar yurttas tartismalariyla canlaniyor.</Text>
    </Row>
    <Row Tag="LOC_MOMENT_GOVERNMENT_ENACTED_TIER_1_FIRST_CLASSICAL_REPUBLIC_IN_WORLD_INSTANCE_DESCRIPTION">
      <Text>{LOC_GRAMMAR_CIVNAME &lt;&lt; {ActingPlayerCivName}} vatandaslari krallarin yönetiminden kurtulduklari ve Klasik Cumhuriyet ile kendilerini yönettikleri için sevinirler.</Text>
    </Row>
    <Row Tag="LOC_MOMENT_GOVERNMENT_ENACTED_TIER_1_FIRST_AUTOCRACY_INSTANCE_DESCRIPTION">
      <Text>Saraylilar, {LOC_GRAMMAR_CIVNAME &lt;&lt; {ActingPlayerCivName}}'in tahtina Otokrat olarak otururken {ActingPlayerLeaderName}'ün önünde egilirler.</Text>
    </Row>
    <Row Tag="LOC_MOMENT_GOVERNMENT_ENACTED_TIER_1_FIRST_AUTOCRACY_IN_WORLD_INSTANCE_DESCRIPTION">
      <Text>{ActingPlayerLeaderName}, {LOC_GRAMMAR_CIVNAME &lt;&lt; {ActingPlayerCivName}} adina sadece kendilerinin konustugunu dünyaya ilan etmektedir.</Text>
    </Row>
    <Row Tag="LOC_MOMENT_GOVERNMENT_ENACTED_TIER_1_FIRST_OLIGARCHY_INSTANCE_DESCRIPTION">
      <Text>Yönetim {LOC_GRAMMAR_CIVNAME &lt;&lt; {ActingPlayerCivName}}, bir Oligarsiye yakisir sekilde, yalnizca en iyi türden insanlar tarafindan yapilir.</Text>
    </Row>
    <Row Tag="LOC_MOMENT_GOVERNMENT_ENACTED_TIER_1_FIRST_OLIGARCHY_IN_WORLD_INSTANCE_DESCRIPTION">
      <Text>Bir filozof Oligarsi'nin en iyi yönetim sekli oldugunu ilan eder ve {LOC_GRAMMAR_CIVNAME &lt;&lt; {ActingPlayerCivName}} halki da buna katilir.</Text>
    </Row>
    <Row Tag="LOC_MOMENT_GOVERNMENT_ENACTED_TIER_2_FIRST_THEOCRACY_INSTANCE_DESCRIPTION">
      <Text>{LOC_GRAMMAR_CIVNAME &lt;&lt; {ActingPlayerCivName}}'ün bir Teokrasi olmasi cennetin istegidir.</Text>
    </Row>
    <Row Tag="LOC_MOMENT_GOVERNMENT_ENACTED_TIER_2_FIRST_THEOCRACY_IN_WORLD_INSTANCE_DESCRIPTION">
      <Text>{LOC_GRAMMAR_CIVNAME &lt;&lt; {ActingPlayerCivName}} Teokrasisi, {ActingPlayerLeaderName}'in ilahi rehberligi altinda cennetin dünyayi yönetme seklini yansitir.</Text>
    </Row>
    <Row Tag="LOC_MOMENT_GOVERNMENT_ENACTED_TIER_2_FIRST_MONARCHY_INSTANCE_DESCRIPTION">
      <Text>{LOC_GRAMMAR_CIVNAME &lt;&lt; {ActingPlayerCivName}}'ün taci {ActingPlayerLeaderName}'in basina yerlestirilirken çanlar çalar ve korolar sarki söyler.</Text>
    </Row>
    <Row Tag="LOC_MOMENT_GOVERNMENT_ENACTED_TIER_2_FIRST_MONARCHY_IN_WORLD_INSTANCE_DESCRIPTION">
      <Text>{ActingPlayerLeaderName}, ([3]'in egemenidir, onlara gökten verilen tüm yetkinin kaynagidir.</Text>
    </Row>
    <Row Tag="LOC_MOMENT_GOVERNMENT_ENACTED_TIER_2_FIRST_MERCHANT_REPUBLIC_INSTANCE_DESCRIPTION">
      <Text>{LOC_GRAMMAR_CIVNAME &lt;&lt; {ActingPlayerCivName}}'ün büyük ticaret aileleri, zenginliklerini ve nüfuzlarini dünyanin öbür ucuna yaymak için birlesir.</Text>
    </Row>
    <Row Tag="LOC_MOMENT_GOVERNMENT_ENACTED_TIER_2_FIRST_MERCHANT_REPUBLIC_IN_WORLD_INSTANCE_DESCRIPTION">
      <Text>{ActingPlayerLeaderName}'ün benzerini tasiyan sikkelerin alinip satildigi her yerde {LOC_GRAMMAR_CIVNAME &lt;&lt; {ActingPlayerCivName}} Tüccar Cumhuriyeti'ni bulacaksiniz.</Text>
    </Row>
    <Row Tag="LOC_MOMENT_GOVERNMENT_ENACTED_TIER_3_FIRST_DEMOCRACY_INSTANCE_DESCRIPTION">
      <Text>{LOC_GRAMMAR_CIVNAME &lt;&lt; {ActingPlayerCivName}}'te her seçim günü bir bayramdir. Bayraklar dalgalanir, bandolar çalar ve {ActingPlayerLeaderName} ayni eski konusmayi yapar.</Text>
    </Row>
    <Row Tag="LOC_MOMENT_GOVERNMENT_ENACTED_TIER_3_FIRST_DEMOCRACY_IN_WORLD_INSTANCE_DESCRIPTION">
      <Text>Yurttaslara duyulan güven ve gelecege yönelik iyimserlik {LOC_GRAMMAR_CIVNAME &lt;&lt; {ActingPlayerCivName}} halkini Demokrasiyi seçmeye yöneltmistir.</Text>
    </Row>
    <Row Tag="LOC_MOMENT_GOVERNMENT_ENACTED_TIER_3_FIRST_COMMUNISM_INSTANCE_DESCRIPTION">
      <Text>Yoldaslar! Birinci Vatandas {ActingPlayerLeaderName} yönetiminde tarihi ve Komünizmi ilerletelim!</Text>
    </Row>
    <Row Tag="LOC_MOMENT_GOVERNMENT_ENACTED_TIER_3_FIRST_COMMUNISM_IN_WORLD_INSTANCE_DESCRIPTION">
      <Text>Dünya isçileri! {LOC_GRAMMAR_CIVNAME &lt;&lt; {ActingPlayerCivName}} proletaryasi eski düzeni devirdi! Yeni Komünizmin yükselisine taniklik edin!</Text>
    </Row>
    <Row Tag="LOC_MOMENT_GOVERNMENT_ENACTED_TIER_3_FIRST_FASCISM_INSTANCE_DESCRIPTION">
      <Text>Selam olsun {ActingPlayerLeaderName}! Halkiniz {LOC_GRAMMAR_CIVNAME &lt;&lt; {ActingPlayerCivName}}'e sonsuz sadakat yemini ediyor!</Text>
    </Row>
    <Row Tag="LOC_MOMENT_GOVERNMENT_ENACTED_TIER_3_FIRST_FASCISM_IN_WORLD_INSTANCE_DESCRIPTION">
      <Text>Salonlar {LOC_GRAMMAR_CIVNAME &lt;&lt; {ActingPlayerCivName}} halkiyla dolup tasiyor ve onlarin ilahileriyle yankilaniyor: {ActingPlayerLeaderName}! {ActingPlayerLeaderName}!</Text>
    </Row>
    <Row Tag="LOC_MOMENT_GOVERNOR_ALL_APPOINTED_FIRST">
      <Text>Tüm Valiler Atandi</Text>
    </Row>
    <Row Tag="LOC_MOMENT_GOVERNOR_ALL_APPOINTED_FIRST_DESCRIPTION">
      <Text>Mevcut tüm [ICON_Governor] Valileri atadiniz ve birçok sehrin refahini sagladiniz.</Text>
    </Row>
    <Row Tag="LOC_MOMENT_GOVERNOR_ALL_APPOINTED_FIRST_INSTANCE_DESCRIPTION">
      <Text>{GovernorName}, {GovernorShortTitle}, hizmetinize giriyor ve yetenekli danismanlar kadronuzu tamamliyor.</Text>
    </Row>
    <Row Tag="LOC_MOMENT_GOVERNOR_FULLY_PROMOTED_FIRST">
      <Text>Vali Tamamen Terfi Etti</Text>
    </Row>
    <Row Tag="LOC_MOMENT_GOVERNOR_FULLY_PROMOTED_FIRST_DESCRIPTION">
      <Text>Ilk kez bir [ICON_Governor] Valiyi tam olarak terfi ettirdiniz ve bir sehre yardim etmek için güçlü yeteneklerin kilidini açtiniz.</Text>
    </Row>
    <Row Tag="LOC_MOMENT_GOVERNOR_FULLY_PROMOTED_FIRST_INSTANCE_DESCRIPTION">
      <Text>Yönetisim sanati nihai ifadesini {GovernorName}, {GovernorShortTitle} liderliginde bulur.</Text>
    </Row>
    <Row Tag="LOC_MOMENT_GREAT_PERSON_CREATED_GAME_ERA">
      <Text>Harika Bir Insan Ise Alindi</Text>
    </Row>
    <Row Tag="LOC_MOMENT_GREAT_PERSON_CREATED_GAME_ERA_DESCRIPTION">
      <Text>Bir [ICON_GreatPerson] Yüce Kisi, essiz yeteneklerini paylasmak üzere topraklarimiza geldi.</Text>
    </Row>
    <Row Tag="LOC_MOMENT_GREAT_PERSON_CREATED_GAME_ERA_INSTANCE_DESCRIPTION">
      <Text>Müzakerenin ardindan {GreatPersonIndividualName} yeteneklerini {LOC_GRAMMAR_CIVNAME &lt;&lt; {ActingPlayerCivName}}'e getirmeyi seçer.</Text>
    </Row>
    <Row Tag="LOC_MOMENT_GREAT_PERSON_CREATED_PAST_ERA">
      <Text>Eski Büyük Kisi Ise Alindi</Text>
    </Row>
    <Row Tag="LOC_MOMENT_GREAT_PERSON_CREATED_PAST_ERA_DESCRIPTION">
      <Text>Bir [ICON_GreatPerson] Yüce Kisi topraklarimiza seyahat etti. Geçmis bir çaga daha uygun olsalar da, yine de medeniyetimize büyük katkilarda bulunacaklar.</Text>
    </Row>
    <Row Tag="LOC_MOMENT_GREAT_PERSON_CREATED_PAST_ERA_INSTANCE_DESCRIPTION">
      <Text>Müzakerenin ardindan {GreatPersonIndividualName} yeteneklerini {LOC_GRAMMAR_CIVNAME &lt;&lt; {ActingPlayerCivName}}'e getirmeyi seçer.</Text>
    </Row>
    <Row Tag="LOC_MOMENT_GREAT_PERSON_CREATED_PATRONAGE_FAITH_OVER_HALF">
      <Text>Imanla Cezbedilen Büyük Insan</Text>
    </Row>
    <Row Tag="LOC_MOMENT_GREAT_PERSON_CREATED_PATRONAGE_FAITH_OVER_HALF_DESCRIPTION">
      <Text>Bir [ICON_GreatPerson] Büyük Kisi, ise alim maliyetlerinin yarisindan fazlasini karsilamak için kullandigimiz [ICON_Faith] Inanç sayesinde essiz yeteneklerini paylasmak üzere topraklarimiza geldi.</Text>
    </Row>
    <Row Tag="LOC_MOMENT_GREAT_PERSON_CREATED_PATRONAGE_FAITH_OVER_HALF_INSTANCE_DESCRIPTION">
      <Text>Inananlarin dualari kabul oldu! {GreatPersonIndividualName}, {LOC_GRAMMAR_CIVNAME &lt;&lt; {ActingPlayerCivName}}'in kaderini degistirecek gibi görünüyor.</Text>
    </Row>
    <Row Tag="LOC_MOMENT_GREAT_PERSON_CREATED_PATRONAGE_GOLD_OVER_HALF">
      <Text>Altinin Cezbettigi Büyük Insan</Text>
    </Row>
    <Row Tag="LOC_MOMENT_GREAT_PERSON_CREATED_PATRONAGE_GOLD_OVER_HALF_DESCRIPTION">
      <Text>Bir [ICON_GreatPerson] Büyük Kisi, [ICON_Gold] Altinlik cömert bursumuz sayesinde essiz yeteneklerini paylasmak üzere topraklarimiza geldi.</Text>
    </Row>
    <Row Tag="LOC_MOMENT_GREAT_PERSON_CREATED_PATRONAGE_GOLD_OVER_HALF_INSTANCE_DESCRIPTION">
      <Text>{GreatPersonIndividualName}'ü çalismalarina baslayacaklari {LOC_GRAMMAR_CIVNAME &lt;&lt; {ActingPlayerCivName}}'e getirmek için hiçbir masraftan kaçinilmadi.</Text>
    </Row>
    <Row Tag="LOC_MOMENT_IMPROVEMENT_CONSTRUCTED_FIRST_UNIQUE">
      <Text>Benzersiz Karo Iyilestirmesi Yapildi</Text>
    </Row>
    <Row Tag="LOC_MOMENT_IMPROVEMENT_CONSTRUCTED_FIRST_UNIQUE_DESCRIPTION">
      <Text>Bu benzersiz karo iyilestirmesini ilk kez tamamladiniz.</Text>
    </Row>
    <Row Tag="LOC_MOMENT_IMPROVEMENT_CONSTRUCTED_FIRST_UNIQUE_INSTANCE_DESCRIPTION">
      <Text>Gerçekten de bu {ImprovementType} medeniyetimizin ruhunu temsil ediyor ve imparatorlugumuzun manzarasini tanimliyor.</Text>
    </Row>
    <Row Tag="LOC_MOMENT_IMPROVEMENT_CONSTRUCTED_SEASIDE_RESORT_FIRST">
      <Text>First Seaside Resort</Text>
    </Row>
    <Row Tag="LOC_MOMENT_IMPROVEMENT_CONSTRUCTED_SEASIDE_RESORT_FIRST_DESCRIPTION">
      <Text>Ilk Seaside Resort karo iyilestirmenizi tamamladiniz.</Text>
    </Row>
    <Row Tag="LOC_MOMENT_IMPROVEMENT_CONSTRUCTED_SEASIDE_RESORT_FIRST_INSTANCE_DESCRIPTION">
      <Text>Ilk Seaside Resort'umuz {CityName}'de, atistirmaliklari bir marti tarafindan götürülen küçük bir çocuk disinda tüm halkimizin sevinciyle açildi.</Text>
    </Row>
    <Row Tag="LOC_MOMENT_IMPROVEMENT_CONSTRUCTED_SEASIDE_RESORT_FIRST_IN_WORLD">
      <Text>Dünyanin Ilk Deniz Kenari Tesisi</Text>
    </Row>
    <Row Tag="LOC_MOMENT_IMPROVEMENT_CONSTRUCTED_SEASIDE_RESORT_FIRST_IN_WORLD_DESCRIPTION">
      <Text>Dünyanin ilk Seaside Resort karo iyilestirmesini tamamladiniz.</Text>
    </Row>
    <Row Tag="LOC_MOMENT_IMPROVEMENT_CONSTRUCTED_SEASIDE_RESORT_FIRST_IN_WORLD_INSTANCE_DESCRIPTION">
      <Text>{LOC_GRAMMAR_CIVNAME &lt;&lt; {ActingPlayerCivName}}'in {CityName} kentinde dünyanin ilk Seaside Resort'u açilirken ailelerin kahkahalari ve asiklarin iç çekisleri havayi dolduruyor.</Text>
    </Row>
    <Row Tag="LOC_MOMENT_INQUISITION_LAUNCHED">
      <Text>Engizisyon Basliyor</Text>
    </Row>
    <Row Tag="LOC_MOMENT_INQUISITION_LAUNCHED_DESCRIPTION">
      <Text>Dininiz bir engizisyon baslatti.</Text>
    </Row>
    <Row Tag="LOC_MOMENT_INQUISITION_LAUNCHED_INSTANCE_DESCRIPTION">
      <Text>Adil bir Engizisyon {ReligionName}'ye inanmayanlari düzeltmeye basladiginda gökler sevinir.</Text>
    </Row>
    <Row Tag="LOC_MOMENT_INQUISITION_LAUNCHED_FIRST_IN_WORLD">
      <Text>Dünyanin Ilk Engizisyonu</Text>
    </Row>
    <Row Tag="LOC_MOMENT_INQUISITION_LAUNCHED_FIRST_IN_WORLD_DESCRIPTION">
      <Text>Dininiz dünyanin ilk engizisyonunu baslatti.</Text>
    </Row>
    <Row Tag="LOC_MOMENT_INQUISITION_LAUNCHED_FIRST_IN_WORLD_INSTANCE_DESCRIPTION">
      <Text>{ReligionName} sapkinliklarin kökünü kazimak için bir Engizisyon baslatan ilk Dindir.</Text>
    </Row>
    <Row Tag="LOC_MOMENT_NATIONAL_PARK_CREATED">
      <Text>Ulusal Park Kuruldu</Text>
    </Row>
    <Row Tag="LOC_MOMENT_NATIONAL_PARK_CREATED_DESCRIPTION">
      <Text>Bir Ulusal Park kurdunuz.</Text>
    </Row>
    <Row Tag="LOC_MOMENT_NATIONAL_PARK_CREATED_INSTANCE_DESCRIPTION">
      <Text>Medeniyetimizin vatandaslari en yeni Milli Park'a akin ediyor ve dogal dünyayla yeniden baglanti kuruyor.</Text>
    </Row>
    <Row Tag="LOC_MOMENT_NATIONAL_PARK_CREATED_FIRST_IN_WORLD">
      <Text>Dünyanin Ilk Milli Parki</Text>
    </Row>
    <Row Tag="LOC_MOMENT_NATIONAL_PARK_CREATED_FIRST_IN_WORLD_DESCRIPTION">
      <Text>Dünyanin ilk Ulusal Parki'ni kurdunuz.</Text>
    </Row>
    <Row Tag="LOC_MOMENT_NATIONAL_PARK_CREATED_FIRST_IN_WORLD_INSTANCE_DESCRIPTION">
      <Text>Dünyanin ilk Milli Parki, ileri görüslü birkaç çevrecinin dogru bildiklerini kanitliyor: {LOC_GRAMMAR_CIVNAME &lt;&lt; {ActingPlayerCivName}}'ün dogal güzelligini gelecek nesiller için korumaliyiz.</Text>
    </Row>
    <Row Tag="LOC_MOMENT_PANTHEON_FOUNDED">
      <Text>Pantheon Kuruldu</Text>
    </Row>
    <Row Tag="LOC_MOMENT_PANTHEON_FOUNDED_DESCRIPTION">
      <Text>Halkiniz bir Panteon'a inanmayi benimsiyor.</Text>
    </Row>
    <Row Tag="LOC_MOMENT_PANTHEON_FOUNDED_INSTANCE_DESCRIPTION">
      <Text>Bu olaganüstü an diger peygamberlerin bahsettigi sey olabilir mi?</Text>
    </Row>
    <Row Tag="LOC_MOMENT_PANTHEON_FOUNDED_FIRST_IN_WORLD">
      <Text>Dünyanin Ilk Panteonu</Text>
    </Row>
    <Row Tag="LOC_MOMENT_PANTHEON_FOUNDED_FIRST_IN_WORLD_DESCRIPTION">
      <Text>Halkiniz dünyada bir Panteon'a inanmayi benimseyen ilk halktir.</Text>
    </Row>
    <Row Tag="LOC_MOMENT_PANTHEON_FOUNDED_FIRST_IN_WORLD_INSTANCE_DESCRIPTION">
      <Text>Ilk peygamber yildizli bir gökyüzünün altinda bir içgörü pariltisi yasar ve görünmeyen tanrilara sükranla egilir.</Text>
    </Row>
    <Row Tag="LOC_MOMENT_PLAYER_GAVE_ENVOY_BECAME_SUZERAIN_FIRST_IN_WORLD">
      <Text>Sehir Devletinin Ilk Suzerain'i</Text>
    </Row>
    <Row Tag="LOC_MOMENT_PLAYER_GAVE_ENVOY_BECAME_SUZERAIN_FIRST_IN_WORLD_DESCRIPTION">
      <Text>Bu sehir devletinin ilk Suzerain'i oldunuz.</Text>
    </Row>
    <Row Tag="LOC_MOMENT_PLAYER_GAVE_ENVOY_BECAME_SUZERAIN_FIRST_IN_WORLD_INSTANCE_DESCRIPTION">
      <Text>{CityStatePlayerCivName}'ün hükümdarlari, dünyadaki ilk Suzerain'leri olan {LOC_GRAMMAR_CIVNAME &lt;&lt; {ActingPlayerCivName}}'in önünde egilirler.</Text>
    </Row>
    <Row Tag="LOC_MOMENT_PLAYER_GAVE_ENVOY_CANCELED_LEVY">
      <Text>Levied Ordusu Geri Cekildi</Text>
    </Row>
    <Row Tag="LOC_MOMENT_PLAYER_GAVE_ENVOY_CANCELED_LEVY_DESCRIPTION">
      <Text>Elçileri [ICON_Envoy] kullanmaniz, bu sehir devletinin haraç toplayan ordusunu geri çekilmeye ikna etti.</Text>
    </Row>
    <Row Tag="LOC_MOMENT_PLAYER_GAVE_ENVOY_CANCELED_LEVY_INSTANCE_DESCRIPTION">
      <Text>{LOC_GRAMMAR_CIVNAME_UPPER &lt;&lt; {TargetPlayerCivName}}, {LOC_GRAMMAR_CIVNAME &lt;&lt; {ActingPlayerCivName}}'nin {CityStatePlayerCivName}'de Suzerain statüsünü altüst etmesiyle siyasetin de bir savas alani oldugunu ögrenir.</Text>
    </Row>
    <Row Tag="LOC_MOMENT_PLAYER_GAVE_ENVOY_CANCELED_SUZERAIN_DURING_WAR">
      <Text>Düsman Sehir Devleti Pasifize Edildi</Text>
    </Row>
    <Row Tag="LOC_MOMENT_PLAYER_GAVE_ENVOY_CANCELED_SUZERAIN_DURING_WAR_DESCRIPTION">
      <Text>Kullandiginiz [ICON_Envoy] Elçiler, düsman bir sehir devletinin Suzerain'ini devirerek sizinle olan düsmanliklarini sona erdirmeye ikna etti.</Text>
    </Row>
    <Row Tag="LOC_MOMENT_PLAYER_GAVE_ENVOY_CANCELED_SUZERAIN_DURING_WAR_INSTANCE_DESCRIPTION">
      <Text>{LOC_GRAMMAR_CIVNAME &lt;&lt; {ActingPlayerCivName}}, {CityStatePlayerCivName}'in eski Suzerain'ini alasagi ettiginde, önceki parali askerlik sözlesmeleri yeniden müzakereye tabidir.</Text>
    </Row>
    <Row Tag="LOC_MOMENT_PLAYER_LEVIED_MILITARY">
      <Text>Sehir-Devlet Ordusu Vergilendirildi</Text>
    </Row>
    <Row Tag="LOC_MOMENT_PLAYER_LEVIED_MILITARY_DESCRIPTION">
      <Text>Bir sehir devletinin askeri güçlerini topladiniz.</Text>
    </Row>
    <Row Tag="LOC_MOMENT_PLAYER_LEVIED_MILITARY_INSTANCE_DESCRIPTION">
      <Text>{CityStatePlayerCivName} ordularinin kontrolü etkileyici bir askeri törenle {LOC_GRAMMAR_CIVNAME &lt;&lt; {ActingPlayerCivName}}'e geçer.</Text>
    </Row>
    <Row Tag="LOC_MOMENT_PLAYER_LEVIED_MILITARY_NEAR_ENEMY_CITY">
      <Text>Sehir-Devlet Ordusu Düsman Yakinina Sevk Edildi</Text>
    </Row>
    <Row Tag="LOC_MOMENT_PLAYER_LEVIED_MILITARY_NEAR_ENEMY_CITY_DESCRIPTION">
      <Text>Bir sehir devletinin askeri güçlerini düsman bir medeniyetin vurucu mesafesine yerlestirdiniz.</Text>
    </Row>
    <Row Tag="LOC_MOMENT_PLAYER_LEVIED_MILITARY_NEAR_ENEMY_CITY_INSTANCE_DESCRIPTION">
      <Text>{LOC_GRAMMAR_CIVNAME &lt;&lt; {TargetPlayerCivName}} ve {LOC_GRAMMAR_CIVNAME &lt;&lt; {ActingPlayerCivName}} arasindaki savasta yeni bir cephe açilirken, {CityStatePlayerCivName}'in kontrolü sinirlarda degisir.</Text>
    </Row>
    <Row Tag="LOC_MOMENT_PLAYER_MET_ALL_MAJORS">
      <Text>Tüm Medeniyetlerle Bulustu</Text>
    </Row>
    <Row Tag="LOC_MOMENT_PLAYER_MET_ALL_MAJORS_DESCRIPTION">
      <Text>Dünyada yasayan tüm uygarliklarla tanistiniz.</Text>
    </Row>
    <Row Tag="LOC_MOMENT_PLAYER_MET_ALL_MAJORS_INSTANCE_DESCRIPTION">
      <Text>Sonunda {LOC_GRAMMAR_CIVNAME &lt;&lt; {TargetPlayerCivName}} halkiyla tanistiktan sonra, orada geriye hiçbir uygarlik kalmadigina dair içimizde tuhaf bir his var.</Text>
    </Row>
    <Row Tag="LOC_MOMENT_PLAYER_MET_ALL_MAJORS_FIRST_IN_WORLD">
      <Text>Dünyada Ilk Kez Tüm Medeniyetlerle Bulusuyor</Text>
    </Row>
    <Row Tag="LOC_MOMENT_PLAYER_MET_ALL_MAJORS_FIRST_IN_WORLD_DESCRIPTION">
      <Text>Dünyada yasayan tüm uygarliklarla ilk tanisan sizsiniz.</Text>
    </Row>
    <Row Tag="LOC_MOMENT_PLAYER_MET_ALL_MAJORS_FIRST_IN_WORLD_INSTANCE_DESCRIPTION">
      <Text>{LOC_GRAMMAR_CIVNAME &lt;&lt; {TargetPlayerCivName}} halkiyla tanistik ve dünyanin tüm medeniyetleriyle ilk tanisan biz olduk.</Text>
    </Row>
    <Row Tag="LOC_MOMENT_PLAYER_MET_MAJOR">
      <Text>Yeni Uygarlikla Tanistik</Text>
    </Row>
    <Row Tag="LOC_MOMENT_PLAYER_MET_MAJOR_DESCRIPTION">
      <Text>Yeni bir uygarlikla temas kurdunuz.</Text>
    </Row>
    <Row Tag="LOC_MOMENT_PLAYER_MET_MAJOR_INSTANCE_DESCRIPTION">
      <Text>{LOC_GRAMMAR_CIVNAME &lt;&lt; {TargetPlayerCivName}} halkiyla bulusma animiza temkinli karsilamalar ve merakli bakislar damgasini vurdu.</Text>
    </Row>
    <Row Tag="LOC_MOMENT_PLAYER_OVERCAME_DARK_AGE">
      <Text>Karanlik Cagin Üstesinden Geldi</Text>
    </Row>
    <Row Tag="LOC_MOMENT_PLAYER_OVERCAME_DARK_AGE_DESCRIPTION">
      <Text>Uygarliginiz Karanlik Cagini erken atlatmak ve Normal Caga yükselmek için yeterli Cag Puani kazandi! Kazanacaginiz bir sonraki Altin Cag ekstra güçlü olacak.</Text>
    </Row>
    <Row Tag="LOC_MOMENT_PLAYER_OVERCAME_DARK_AGE_INSTANCE_DESCRIPTION">
      <Text>Atesin altini saflastirdigi gibi, Uygarligimiz da Karanlik Cagimizin sinavlarindan geçerek saflasmistir. Simdi herkes yenilenmis ihtisamimiza baksin!</Text>
    </Row>
    <Row Tag="LOC_MOMENT_PROJECT_FOUNDED_MANHATTEN">
      <Text>Manhattan Projesi Tamamlandi</Text>
    </Row>
    <Row Tag="LOC_MOMENT_PROJECT_FOUNDED_MANHATTEN_DESCRIPTION">
      <Text>Bilim adamlariniz Manhattan Projesini tamamladi.</Text>
    </Row>
    <Row Tag="LOC_MOMENT_PROJECT_FOUNDED_MANHATTEN_INSTANCE_DESCRIPTION">
      <Text>Manhattan Projesi'ni tamamladigimiza göre atomun korkunç gücü artik bizim kontrolümüzde.</Text>
    </Row>
    <Row Tag="LOC_MOMENT_PROJECT_FOUNDED_MARS">
      <Text>Mars Bileseni Firlatildi</Text>
    </Row>
    <Row Tag="LOC_MOMENT_PROJECT_FOUNDED_MARS_DESCRIPTION">
      <Text>Uygarliginizin Mars uzay araci için ilk bilesenini firlattiniz.</Text>
    </Row>
    <Row Tag="LOC_MOMENT_PROJECT_FOUNDED_MARS_INSTANCE_DESCRIPTION">
      <Text>Elbette, herkes {LOC_GRAMMAR_A_AN &lt;&lt; {ProjectShortName}} insa edebilir. Ama herkes onu yörüngeye yerlestiremez.</Text>
    </Row>
    <Row Tag="LOC_MOMENT_PROJECT_FOUNDED_MARS_FIRST_IN_WORLD">
      <Text>Dünyanin Ilk Mars Bileseni Firlatildi</Text>
    </Row>
    <Row Tag="LOC_MOMENT_PROJECT_FOUNDED_MARS_FIRST_IN_WORLD_DESCRIPTION">
      <Text>Mars uzay araci için bir bileseni dünyada ilk siz firlattiniz.</Text>
    </Row>
    <Row Tag="LOC_MOMENT_PROJECT_FOUNDED_MARS_FIRST_IN_WORLD_INSTANCE_DESCRIPTION">
      <Text>Bir mühendis {ProjectShortName} tasiyan bir roketin firlatma rampasindan firlayisini izliyor. "Bu gerçekten oluyor," diyor. "Mars'a gidiyoruz."</Text>
    </Row>
    <Row Tag="LOC_MOMENT_PROJECT_FOUNDED_MOON_LANDING">
      <Text>Ay'a indi</Text>
    </Row>
    <Row Tag="LOC_MOMENT_PROJECT_FOUNDED_MOON_LANDING_DESCRIPTION">
      <Text>Ay'a inmek için basarili bir görev gönderdiniz.</Text>
    </Row>
    <Row Tag="LOC_MOMENT_PROJECT_FOUNDED_MOON_LANDING_INSTANCE_DESCRIPTION">
      <Text>Bilim adamlariniz digerlerinin rapor ettiklerini dogruluyor: Ay çok tozlu.</Text>
    </Row>
    <Row Tag="LOC_MOMENT_PROJECT_FOUNDED_MOON_LANDING_FIRST_IN_WORLD">
      <Text>Dünyanin Ay'a Ilk Inisi</Text>
    </Row>
    <Row Tag="LOC_MOMENT_PROJECT_FOUNDED_MOON_LANDING_FIRST_IN_WORLD_DESCRIPTION">
      <Text>Dünyada Ay'a ilk inen sizsiniz.</Text>
    </Row>
    <Row Tag="LOC_MOMENT_PROJECT_FOUNDED_MOON_LANDING_FIRST_IN_WORLD_INSTANCE_DESCRIPTION">
      <Text>Bu bir insan için küçük bir adim, insanlik için ise dev bir siçrama, hepsi medeniyetimiz sayesinde.</Text>
    </Row>
    <Row Tag="LOC_MOMENT_PROJECT_FOUNDED_OPERATION_IVY">
      <Text>Ivy Operasyonu Tamamlandi</Text>
    </Row>
    <Row Tag="LOC_MOMENT_PROJECT_FOUNDED_OPERATION_IVY_DESCRIPTION">
      <Text>Bilim adamlariniz Ivy Operasyonu'nu tamamladi.</Text>
    </Row>
    <Row Tag="LOC_MOMENT_PROJECT_FOUNDED_OPERATION_IVY_INSTANCE_DESCRIPTION">
      <Text>Siradan bir klasör Ivy Operasyonu'nun basari raporunu içeriyor. Ama yeni silahlarimizin gücünü ne içerecek?</Text>
    </Row>
    <Row Tag="LOC_MOMENT_PROJECT_FOUNDED_SATELLITE_LAUNCH">
      <Text>Uydu Yörüngeye Firlatildi</Text>
    </Row>
    <Row Tag="LOC_MOMENT_PROJECT_FOUNDED_SATELLITE_LAUNCH_DESCRIPTION">
      <Text>Uygarliginizin ilk uydusunu yörüngeye firlattiniz.</Text>
    </Row>
    <Row Tag="LOC_MOMENT_PROJECT_FOUNDED_SATELLITE_LAUNCH_INSTANCE_DESCRIPTION">
      <Text>Geceleri vatandaslarimiz gökyüzünde ilerleyen yeni bir yildiza isaret ediyor - ilk Uydumuz!</Text>
    </Row>
    <Row Tag="LOC_MOMENT_PROJECT_FOUNDED_SATELLITE_LAUNCH_FIRST_IN_WORLD">
      <Text>Dünyanin Ilk Uydusu Yörüngede</Text>
    </Row>
    <Row Tag="LOC_MOMENT_PROJECT_FOUNDED_SATELLITE_LAUNCH_FIRST_IN_WORLD_DESCRIPTION">
      <Text>Dünyanin ilk uydusunu yörüngeye firlattiniz.</Text>
    </Row>
    <Row Tag="LOC_MOMENT_PROJECT_FOUNDED_SATELLITE_LAUNCH_FIRST_IN_WORLD_INSTANCE_DESCRIPTION">
      <Text>Bip...bip...bip...bip...</Text>
    </Row>
    <Row Tag="LOC_MOMENT_RELIGION_FOUNDED">
      <Text>Din Kurulusu</Text>
    </Row>
    <Row Tag="LOC_MOMENT_RELIGION_FOUNDED_DESCRIPTION">
      <Text>Büyük bir Peygamber bir Din kurar ve halkiniza isik getirir.</Text>
    </Row>
    <Row Tag="LOC_MOMENT_RELIGION_FOUNDED_INSTANCE_DESCRIPTION">
      <Text>{ReligionName} gerçek kurtulus yoludur! Lütfen digerlerini görmezden gelin!</Text>
    </Row>
    <Row Tag="LOC_MOMENT_RELIGION_FOUNDED_FIRST_IN_WORLD">
      <Text>Dünyanin Ilk Dini</Text>
    </Row>
    <Row Tag="LOC_MOMENT_RELIGION_FOUNDED_FIRST_IN_WORLD_DESCRIPTION">
      <Text>Sizin halkiniz bir Din olusturan ve tüm dünyaya isik getiren ilk halktir!</Text>
    </Row>
    <Row Tag="LOC_MOMENT_RELIGION_FOUNDED_FIRST_IN_WORLD_INSTANCE_DESCRIPTION">
      <Text>Rivayete göre {GreatPersonIndividualName} dünyanin ilk dini olan {ReligionName}'ü kurdugunda günes bulutlari yarmis ve havayi tatli bir koku doldurmustur.</Text>
    </Row>
    <Row Tag="LOC_MOMENT_SHIP_SUNK">
      <Text>Gemi Batti</Text>
    </Row>
    <Row Tag="LOC_MOMENT_SHIP_SUNK_DESCRIPTION">
      <Text>Bir deniz birimi savasta batirildi. Arkeoloji sistemi tarafindan potansiyel olarak [ICON_RESOURCE_SHIPWRECK] Gemi Enkazi kaynaklari üretmek için kullanilir.</Text>
    </Row>
    <Row Tag="LOC_MOMENT_SPY_MAX_LEVEL">
      <Text>Usta Casus Kazanildi</Text>
    </Row>
    <Row Tag="LOC_MOMENT_SPY_MAX_LEVEL_DESCRIPTION">
      <Text>Casuslarinizdan biri maksimum terfi seviyesine ulasti.</Text>
    </Row>
    <Row Tag="LOC_MOMENT_SPY_MAX_LEVEL_INSTANCE_DESCRIPTION">
      <Text>{UnitCitizenName}'nin dünyanin her sehrinde baglantilari, kusursuz bir giyim zevki ve motora dönüsebilen bir arabasi oldugunu söylüyorlar.</Text>
    </Row>
    <Row Tag="LOC_MOMENT_SPY_MAX_LEVEL_FIRST">
      <Text>Kazanilan Ilk Usta Casus</Text>
    </Row>
    <Row Tag="LOC_MOMENT_SPY_MAX_LEVEL_FIRST_DESCRIPTION">
      <Text>Ilk kez, Casuslarinizdan biri maksimum terfi seviyesine ulasti.</Text>
    </Row>
    <Row Tag="LOC_MOMENT_SPY_MAX_LEVEL_FIRST_INSTANCE_DESCRIPTION">
      <Text>Gizli bir yeralti odasinda, bir sonraki görev baslamadan önce basarili bir hizmet kariyeri için {UnitCitizenName} tesekkür ediyorsunuz.</Text>
    </Row>
    <Row Tag="LOC_MOMENT_TECH_RESEARCHED_IN_ERA_FIRST">
      <Text>Yeni Cagin Ilk Teknolojisi</Text>
    </Row>
    <Row Tag="LOC_MOMENT_TECH_RESEARCHED_IN_ERA_FIRST_DESCRIPTION">
      <Text>Uygarliginizin yeni bir kesif çagina ait ilk teknolojisini tamamladiniz.</Text>
    </Row>
    <Row Tag="LOC_MOMENT_TECH_RESEARCHED_IN_ERA_FIRST_INSTANCE_DESCRIPTION">
      <Text>Birçok kisi {PlayerEraType}'in gerçek baslangicina itiraz etmektedir, ancak {LOC_GRAMMAR_CIVNAME &lt;&lt; {ActingPlayerCivName}}'nin {TechnologyType}'yi kesfettigi zaman oldugunu biliyorsunuz.</Text>
    </Row>
    <Row Tag="LOC_MOMENT_TECH_RESEARCHED_IN_ERA_FIRST_IN_WORLD">
      <Text>Yeni Cagin Ilk Dünya Teknolojisi</Text>
    </Row>
    <Row Tag="LOC_MOMENT_TECH_RESEARCHED_IN_ERA_FIRST_IN_WORLD_DESCRIPTION">
      <Text>Yeni bir kesif çagindan dünyanin ilk teknolojisini tamamladiniz.</Text>
    </Row>
    <Row Tag="LOC_MOMENT_TECH_RESEARCHED_IN_ERA_FIRST_IN_WORLD_INSTANCE_DESCRIPTION">
      <Text>{TechnologyType}'in {LOC_GRAMMAR_CIVNAME &lt;&lt; {ActingPlayerCivName}} tarafindan kesfi, {PlayerEraType}'de gelecekteki kesifler için dünya sahnesini hazirliyor!</Text>
    </Row>
    <Row Tag="LOC_MOMENT_TRADING_POST_CONSTRUCTED_IN_OTHER_CIV">
      <Text>Yeni Uygarlikta Kurulan Ticaret Merkezi</Text>
    </Row>
    <Row Tag="LOC_MOMENT_TRADING_POST_CONSTRUCTED_IN_OTHER_CIV_DESCRIPTION">
      <Text>Bu uygarlikta ilk [ICON_TradingPost] Ticaret Karakolunuzu kurarak yeni pazarlara erisim sagladiniz.</Text>
    </Row>
    <Row Tag="LOC_MOMENT_TRADING_POST_CONSTRUCTED_IN_OTHER_CIV_INSTANCE_DESCRIPTION">
      <Text>Tozlu ve yorgun ama pazarlik yapmaya hevesli tüccarlar {LOC_GRAMMAR_CIVNAME &lt;&lt; {TargetPlayerCivName}} topraklarinda ilk Ticaret Merkezimizi açiyor.</Text>
    </Row>
    <Row Tag="LOC_MOMENT_TRADING_POST_CONSTRUCTED_IN_EVERY_CIV">
      <Text>Tüm Uygarliklarda Ticaret Noktalari</Text>
    </Row>
    <Row Tag="LOC_MOMENT_TRADING_POST_CONSTRUCTED_IN_EVERY_CIV_DESCRIPTION">
      <Text>Tüm uygarliklarda bir [ICON_TradingPost] Ticaret Merkezi kurdunuz.</Text>
    </Row>
    <Row Tag="LOC_MOMENT_TRADING_POST_CONSTRUCTED_IN_EVERY_CIV_INSTANCE_DESCRIPTION">
      <Text>Ticaret agimiz, {CityName}'de Ticaret Karakolu'nun açilmasindan sonra tüm dünyaya yayildi.</Text>
    </Row>
    <Row Tag="LOC_MOMENT_TRADING_POST_CONSTRUCTED_IN_EVERY_CIV_FIRST_IN_WORLD">
      <Text>Tüm Uygarliklarda Ilk Ticaret Noktalari</Text>
    </Row>
    <Row Tag="LOC_MOMENT_TRADING_POST_CONSTRUCTED_IN_EVERY_CIV_FIRST_IN_WORLD_DESCRIPTION">
      <Text>Dünyada tüm medeniyetler arasinda bir [ICON_TradingPost] Ticaret Merkezi kuran ilk kisisiniz.</Text>
    </Row>
    <Row Tag="LOC_MOMENT_TRADING_POST_CONSTRUCTED_IN_EVERY_CIV_FIRST_IN_WORLD_INSTANCE_DESCRIPTION">
      <Text>{CityName}'de Ticaret Merkezimizi açtigimizda tüccarlar ve bankacilar bizi alkisliyor. Dünyadaki her medeniyette ticaret yapan ilk biziz!</Text>
    </Row>
    <Row Tag="LOC_MOMENT_UNIT_CREATED_FIRST_DOMAIN_AIR">
      <Text>Uçusa Geçmek</Text>
    </Row>
    <Row Tag="LOC_MOMENT_UNIT_CREATED_FIRST_DOMAIN_AIR_DESCRIPTION">
      <Text>Ilk uçan ünitenize sahipsiniz. Insanlar bunun getirdigi yeni olanaklara seviniyor.</Text>
    </Row>
    <Row Tag="LOC_MOMENT_UNIT_CREATED_FIRST_DOMAIN_AIR_INSTANCE_DESCRIPTION">
      <Text>{LOC_GRAMMAR_CIVNAME &lt;&lt; {ActingPlayerCivName}}'in {UnitType}'ü yukari çikti ve büyük bir sevinçle hemen asagi inmedi.</Text>
    </Row>
    <Row Tag="LOC_MOMENT_UNIT_CREATED_FIRST_DOMAIN_AIR_IN_WORLD">
      <Text>Dünyanin Ilk Uçusu</Text>
    </Row>
    <Row Tag="LOC_MOMENT_UNIT_CREATED_FIRST_DOMAIN_AIR_IN_WORLD_DESCRIPTION">
      <Text>Dünyanin ilk uçan ünitesine sahipsiniz! Insanlar bunun getirdigi yeni olanaklara seviniyor.</Text>
    </Row>
    <Row Tag="LOC_MOMENT_UNIT_CREATED_FIRST_DOMAIN_AIR_IN_WORLD_INSTANCE_DESCRIPTION">
      <Text>{LOC_GRAMMAR_CIVNAME &lt;&lt; {ActingPlayerCivName}}'in {UnitType} gökyüzüne çikmasiyla insanlik ilk kez uçma hayalini gerçeklestirdi.</Text>
    </Row>
    <Row Tag="LOC_MOMENT_UNIT_CREATED_FIRST_DOMAIN_SEA">
      <Text>Dalgalarin Üzerinde</Text>
    </Row>
    <Row Tag="LOC_MOMENT_UNIT_CREATED_FIRST_DOMAIN_SEA_DESCRIPTION">
      <Text>Ilk denizcilik biriminize sahipsiniz. Ufukta olasiliklarla dolu bir dünya sizi bekliyor.</Text>
    </Row>
    <Row Tag="LOC_MOMENT_UNIT_CREATED_FIRST_DOMAIN_SEA_INSTANCE_DESCRIPTION">
      <Text>{UnitType} gemisinin {LOC_GRAMMAR_CIVNAME &lt;&lt; {ActingPlayerCivName}} mürettebati ilk deniz yolculuklarindan sonra denizci ipligini icat eder.</Text>
    </Row>
    <Row Tag="LOC_MOMENT_UNIT_CREATED_FIRST_DOMAIN_SEA_IN_WORLD">
      <Text>Dünyanin Ilk Denizciligi</Text>
    </Row>
    <Row Tag="LOC_MOMENT_UNIT_CREATED_FIRST_DOMAIN_SEA_IN_WORLD_DESCRIPTION">
      <Text>Dünyanin ilk denizcilik birimine sahipsiniz! Ufukta olasiliklarla dolu bir dünya sizi bekliyor.</Text>
    </Row>
    <Row Tag="LOC_MOMENT_UNIT_CREATED_FIRST_DOMAIN_SEA_IN_WORLD_INSTANCE_DESCRIPTION">
      <Text>Yeni maceralar için can atan {LOC_GRAMMAR_CIVNAME &lt;&lt; {ActingPlayerCivName}}'in {UnitType}'ü dünyada denizlerde dolasan ilk gemidir.</Text>
    </Row>
    <Row Tag="LOC_MOMENT_UNIT_CREATED_FIRST_REQUIRING_STRATEGIC">
      <Text>Stratejik Kaynak Potansiyeli Serbest Birakildi</Text>
    </Row>
    <Row Tag="LOC_MOMENT_UNIT_CREATED_FIRST_REQUIRING_STRATEGIC_DESCRIPTION">
      <Text>Bu stratejik kaynagi kullanan ilk biriminizin sahibisiniz.</Text>
    </Row>
    <Row Tag="LOC_MOMENT_UNIT_CREATED_FIRST_REQUIRING_STRATEGIC_INSTANCE_DESCRIPTION">
      <Text>Süpheciler söyle sorabilir: "{ResourceType : plural 1?is  other?are } {ResourceType} ne ise yarar?" Ama artik biliyoruz ki {ResourceType : plural 1?it is  other?they are } bizim {UnitType} için müthis bir silah.</Text>
    </Row>
    <Row Tag="LOC_MOMENT_UNIT_CREATED_FIRST_REQUIRING_STRATEGIC_IN_WORLD">
      <Text>Dünyanin Ilk Stratejik Kaynak Potansiyeli Ortaya Cikti</Text>
    </Row>
    <Row Tag="LOC_MOMENT_UNIT_CREATED_FIRST_REQUIRING_STRATEGIC_IN_WORLD_DESCRIPTION">
      <Text>Bu stratejik kaynagi kullanan bir birime sahip olan dünyanin ilk uygarligisiniz.</Text>
    </Row>
    <Row Tag="LOC_MOMENT_UNIT_CREATED_FIRST_REQUIRING_STRATEGIC_IN_WORLD_INSTANCE_DESCRIPTION">
      <Text>Daha önce {ResourceType} {ResourceType : plural 1?was  other?were } sadece akademisyenlerin merakiydi. Simdi bizim {UnitType}'miz {ResourceType : plural 1?it  other?them }'i dünyada ilk kez bir silah olarak kullaniyor.</Text>
    </Row>
    <Row Tag="LOC_MOMENT_UNIT_CREATED_FIRST_UNIQUE">
      <Text>Benzersiz Birim Marslari</Text>
    </Row>
    <Row Tag="LOC_MOMENT_UNIT_CREATED_FIRST_UNIQUE_DESCRIPTION">
      <Text>Bu essiz birimi ilk kez egiterek savas alaninda size avantaj sagladiniz.</Text>
    </Row>
    <Row Tag="LOC_MOMENT_UNIT_CREATED_FIRST_UNIQUE_INSTANCE_DESCRIPTION">
      <Text>{LOC_GRAMMAR_CIVNAME &lt;&lt; {ActingPlayerCivName}}'ten baska kim {UnitType}'i yaratabilir? Ve kim buna karsi koyabilir?</Text>
    </Row>
    <Row Tag="LOC_MOMENT_UNIT_HIGH_LEVEL">
      <Text>Birim Ayricalikla Terfi Etti</Text>
    </Row>
    <Row Tag="LOC_MOMENT_UNIT_HIGH_LEVEL_DESCRIPTION">
      <Text>Birliklerinizden biri dördüncü terfi seviyesine ulasiyor.</Text>
    </Row>
    <Row Tag="LOC_MOMENT_UNIT_HIGH_LEVEL_INSTANCE_DESCRIPTION">
      <Text>Vatandaslar {UnitType}'mizin son zaferini kutlamak için akin akin geliyor!</Text>
    </Row>
    <Row Tag="LOC_MOMENT_UNIT_HIGH_LEVEL_FIRST">
      <Text>Ilk Birim Ayricalikla Terfi Etti</Text>
    </Row>
    <Row Tag="LOC_MOMENT_UNIT_HIGH_LEVEL_FIRST_DESCRIPTION">
      <Text>Ilk kez, birimlerinizden biri dördüncü terfi seviyesine ulasiyor.</Text>
    </Row>
    <Row Tag="LOC_MOMENT_UNIT_HIGH_LEVEL_FIRST_INSTANCE_DESCRIPTION">
      <Text>Tüm askeri güçlerimiz arasinda bu {UnitType} en ünlüsüdür. Simdiye kadar hiçbiri savasta bu kadar çok zafer kazanmamistir.</Text>
    </Row>
    <Row Tag="LOC_MOMENT_UNIT_KILLED_ASSISTED_BY_ADMIRAL">
      <Text>Amiral Düsmani Yendi</Text>
    </Row>
    <Row Tag="LOC_MOMENT_UNIT_KILLED_ASSISTED_BY_ADMIRAL_DESCRIPTION">
      <Text>[ICON_GreatAdmiral] Büyük Amirallerinizden biri, bir düsman birligine karsi ilk muzaffer taarruzlarini yönetti.</Text>
    </Row>
    <Row Tag="LOC_MOMENT_UNIT_KILLED_ASSISTED_BY_ADMIRAL_INSTANCE_DESCRIPTION">
      <Text>{GreatPersonIndividualName} düsman gemileri okyanusun derinliklerine gömülürken gözünde dürbünle güvertede durur.</Text>
    </Row>
    <Row Tag="LOC_MOMENT_UNIT_KILLED_ASSISTED_BY_GENERAL">
      <Text>General Düsmani Yendi</Text>
    </Row>
    <Row Tag="LOC_MOMENT_UNIT_KILLED_ASSISTED_BY_GENERAL_DESCRIPTION">
      <Text>[ICON_GreatGeneral] Büyük Generallerinizden biri, bir düsman birligine karsi ilk muzaffer taarruzlarini yönetti.</Text>
    </Row>
    <Row Tag="LOC_MOMENT_UNIT_KILLED_ASSISTED_BY_GENERAL_INSTANCE_DESCRIPTION">
      <Text>{GreatPersonIndividualName} çarpici bir zaferin ardindan geçit töreninde birliklere liderlik eder.</Text>
    </Row>
    <Row Tag="LOC_MOMENT_UNIT_KILLED_UNDERDOG_MILITARY_FORMATION">
      <Text>Düsman Formasyonu Yenildi</Text>
    </Row>
    <Row Tag="LOC_MOMENT_UNIT_KILLED_UNDERDOG_MILITARY_FORMATION_DESCRIPTION">
      <Text>Birliklerinizden biri üstün bir askeri düzene sahip bir düsman birligini yendi.</Text>
    </Row>
    <Row Tag="LOC_MOMENT_UNIT_KILLED_UNDERDOG_MILITARY_FORMATION_INSTANCE_DESCRIPTION">
      <Text>Sayica çok az olmalarina ragmen, {UnitType}'miz günü kazandi!</Text>
    </Row>
    <Row Tag="LOC_MOMENT_UNIT_KILLED_UNDERDOG_PROMOTIONS">
      <Text>Düsman Gazi Maglup Edildi</Text>
    </Row>
    <Row Tag="LOC_MOMENT_UNIT_KILLED_UNDERDOG_PROMOTIONS_DESCRIPTION">
      <Text>Birimlerinizden biri, kendisinden en az 2 terfi fazla olan bir düsman birimini yendi.</Text>
    </Row>
    <Row Tag="LOC_MOMENT_UNIT_KILLED_UNDERDOG_PROMOTIONS_INSTANCE_DESCRIPTION">
      <Text>Bizim {UnitType} kidemli bir düsmanin savas standartlarini ele geçirdi!</Text>
    </Row>
    <Row Tag="LOC_MOMENT_WAR_DECLARED_USING_CASUS_BELLI">
      <Text>Savas Nedeni</Text>
    </Row>
    <Row Tag="LOC_MOMENT_WAR_DECLARED_USING_CASUS_BELLI_DESCRIPTION">
      <Text>Baska bir uygarliga savas açmak için bir Casus Belli kullandiniz.</Text>
    </Row>
    <Row Tag="LOC_MOMENT_WAR_DECLARED_USING_CASUS_BELLI_INSTANCE_DESCRIPTION">
      <Text>Dünya, {LOC_GRAMMAR_CIVNAME &lt;&lt; {TargetPlayerCivName}}'e karsi {WarType}'ümüzün hakli oldugunu kabul etmektedir.</Text>
    </Row>
    <Row Tag="LOC_MOMENT_WORLD_CIRCUMNAVIGATED">
      <Text>Dünyanin Cevresi Dolasildi</Text>
    </Row>
    <Row Tag="LOC_MOMENT_WORLD_CIRCUMNAVIGATED_DESCRIPTION">
      <Text>Uygarliginiz haritanin her dikey çizgisinde bir karo ortaya çikardi. Bu, yol basladigi yerde bitmese bile dünya etrafinda bir yol olusturur.</Text>
    </Row>
    <Row Tag="LOC_MOMENT_WORLD_CIRCUMNAVIGATED_INSTANCE_DESCRIPTION">
      <Text>{LOC_GRAMMAR_CIVNAME &lt;&lt; {ActingPlayerCivName}} daha önce çok az kisinin gittigi yerleri takip ederek dünyanin çevresini dolasiyor.</Text>
    </Row>
    <Row Tag="LOC_MOMENT_WORLD_CIRCUMNAVIGATED_FIRST_IN_WORLD">
      <Text>Dünyanin Ilk Cevresel Dolasimi</Text>
    </Row>
    <Row Tag="LOC_MOMENT_WORLD_CIRCUMNAVIGATED_FIRST_IN_WORLD_DESCRIPTION">
      <Text>Uygarliginiz, haritanin her dikey çizgisinde bir karo ortaya çikaran ilk uygarliktir. Bu, yol basladigi yerde bitmese bile dünya etrafinda bir yol olusturur.</Text>
    </Row>
    <Row Tag="LOC_MOMENT_WORLD_CIRCUMNAVIGATED_FIRST_IN_WORLD_INSTANCE_DESCRIPTION">
      <Text>{LOC_GRAMMAR_CIVNAME &lt;&lt; {ActingPlayerCivName}} dünyanin çevresindeki ilk turunu tamamladi!</Text>
    </Row>
    <!--Moment Data-->
    <Row Tag="LOC_MOMENT_DATA_BELIEF">
      <Text>Inanç</Text>
    </Row>
    <Row Tag="LOC_MOMENT_DATA_BUILDING">
      <Text>Bina</Text>
    </Row>
    <Row Tag="LOC_MOMENT_DATA_CITY_STATE_PLAYER">
      <Text>Sehir-Devlet Oyuncusu</Text>
    </Row>
    <Row Tag="LOC_MOMENT_DATA_CIVIC">
      <Text>Sivil</Text>
    </Row>
    <Row Tag="LOC_MOMENT_DATA_CONTINENT">
      <Text>Kita</Text>
    </Row>
    <Row Tag="LOC_MOMENT_DATA_DISTRICT">
      <Text>Bölge</Text>
    </Row>
    <Row Tag="LOC_MOMENT_DATA_EMERGENCY">
      <Text>Acil Durum</Text>
    </Row>
    <Row Tag="LOC_MOMENT_DATA_FEATURE">
      <Text>Özellik</Text>
    </Row>
    <Row Tag="LOC_MOMENT_DATA_GOVERNMENT">
      <Text>Hükümet</Text>
    </Row>
    <Row Tag="LOC_MOMENT_DATA_GOVERNOR">
      <Text>Vali</Text>
    </Row>
    <Row Tag="LOC_MOMENT_DATA_GREAT_PERSON_INDIVIDUAL">
      <Text>Harika Insan Birey</Text>
    </Row>
    <Row Tag="LOC_MOMENT_DATA_GREAT_WORK">
      <Text>Harika bir çalisma</Text>
    </Row>
    <Row Tag="LOC_MOMENT_DATA_IMPROVEMENT">
      <Text>Iyilestirme</Text>
    </Row>
    <Row Tag="LOC_MOMENT_DATA_OLD_RELIGION">
      <Text>Eski Din</Text>
    </Row>
    <Row Tag="LOC_MOMENT_DATA_PLAYER_ERA">
      <Text>Oyuncu Dönemi</Text>
    </Row>
    <Row Tag="LOC_MOMENT_DATA_PROJECT">
      <Text>Proje</Text>
    </Row>
    <Row Tag="LOC_MOMENT_DATA_RELIGION">
      <Text>Din</Text>
    </Row>
    <Row Tag="LOC_MOMENT_DATA_RESOURCE">
      <Text>Kaynak</Text>
    </Row>
    <Row Tag="LOC_MOMENT_DATA_TARGET_PLAYER">
      <Text>Hedef Oyuncu</Text>
    </Row>
    <Row Tag="LOC_MOMENT_DATA_TARGET_PLAYER_ERA">
      <Text>Hedef Oyuncu Dönemi</Text>
    </Row>
    <Row Tag="LOC_MOMENT_DATA_TECHNOLOGY">
      <Text>Teknoloji</Text>
    </Row>
    <Row Tag="LOC_MOMENT_DATA_UNIT">
      <Text>Birim</Text>
    </Row>
    <Row Tag="LOC_MOMENT_DATA_WAR">
      <Text>Savas</Text>
    </Row>
    <!-- Types of war (so we can specify in moment text) -->
    <Row Tag="LOC_MOMENT_DATA_WAR_SURPRISE_WAR">
      <Text>Sürpriz Savas</Text>
    </Row>
    <Row Tag="LOC_MOMENT_DATA_WAR_FORMAL_WAR">
      <Text>Resmi Savas</Text>
    </Row>
    <Row Tag="LOC_MOMENT_DATA_WAR_HOLY_WAR">
      <Text>Kutsal Savas</Text>
    </Row>
    <Row Tag="LOC_MOMENT_DATA_WAR_RECONQUEST_WAR">
      <Text>Yeniden Fetih Savasi</Text>
    </Row>
    <Row Tag="LOC_MOMENT_DATA_WAR_LIBERATION_WAR">
      <Text>Kurtulus Savasi</Text>
    </Row>
    <Row Tag="LOC_MOMENT_DATA_WAR_DEFENSIVE_PACT">
      <Text>Savunma Pakti</Text>
    </Row>
    <Row Tag="LOC_MOMENT_DATA_WAR_JOINT_WAR">
      <Text>Ortak Savas</Text>
    </Row>
    <Row Tag="LOC_MOMENT_DATA_WAR_SUZERAIN_WAR">
      <Text>Suzerain Savasi</Text>
    </Row>
    <Row Tag="LOC_MOMENT_DATA_WAR_PROTECTORATE_WAR">
      <Text>Protektora Savasi</Text>
    </Row>
    <Row Tag="LOC_MOMENT_DATA_WAR_COLONIAL_WAR">
      <Text>Koloni Savasi</Text>
    </Row>
    <Row Tag="LOC_MOMENT_DATA_WAR_TERRITORIAL_WAR">
      <Text>Bölgesel Genisleme Savasi</Text>
    </Row>
    <Row Tag="LOC_MOMENT_DATA_WAR_GOLDEN_AGE_WAR">
      <Text>Altin Cag Savasi</Text>
    </Row>
    <Row Tag="LOC_MOMENT_DATA_WAR_EMERGENCY_WAR">
      <Text>Acil Durum Savasi</Text>
    </Row>
    <Row Tag="LOC_MOMENT_DATA_WAR_WAR_OF_RETRIBUTION">
      <Text>Intikam Savasi</Text>
    </Row>
    <Row Tag="LOC_MOMENT_DATA_WAR_IDEOLOGICAL_WAR">
      <Text>Ideolojik Savas</Text>
    </Row>
    <!--Moment Categories and Bonuses-->
    <Row Tag="LOC_MOMENT_CATEGORY_AERONAUTICAL">
      <Text>Gökyüzü ve Yildizlar</Text>
    </Row>
    <Row Tag="LOC_MOMENT_CATEGORY_AERONAUTICAL_BONUS_GOLDEN_AGE">
      <Text>Gökyüzü ve Yildizlar Altin Cagi:[NEWLINE]Atom Cagindaysaniz Gelismis Uçus, Nükleer Fisyon ve Roketçilik için [ICON_TechBoosted] Eurekalarin kilidini açar. Bilgi Cagindaysaniz Uydular, Robotik, Nükleer Füzyon ve Nanoteknoloji Eurekalarinin kilidi açilir. Tüm Hava Birimleri için +%100 XP kazanilir.</Text>
    </Row>
    <Row Tag="LOC_MOMENT_CATEGORY_AERONAUTICAL_BONUS_NORMAL_AGE">
      <Text>Gökyüzü ve Yildizlar Adanmislik Bonusu:[NEWLINE]Insa edilen her Havaalani binasi için +1 Cag Puani kazanin. Her [ICON_GreatPerson] Büyük Kisi kazanildiginda veya satin alindiginda +1 Cag Puani kazanin.</Text>
    </Row>
    <Row Tag="LOC_MOMENT_CATEGORY_AERONAUTICAL_BONUS_DARK_AGE">
      <Text>Gökyüzü ve Yildizlar Adanmislik Bonusu:[NEWLINE]Insa edilen her Havaalani binasi için +1 Cag Puani kazanin. Her [ICON_GreatPerson] Büyük Kisi kazanildiginda veya satin alindiginda +1 Cag Puani kazanin.</Text>
    </Row>
    <Row Tag="LOC_MOMENT_CATEGORY_CULTURAL">
      <Text>Kalem, Firça ve Ses</Text>
    </Row>
    <Row Tag="LOC_MOMENT_CATEGORY_CULTURAL_BONUS_GOLDEN_AGE">
      <Text>Kalem, Firça ve Ses Altin Cagi:[NEWLINE][ICON_CivicBoosted] Ilhamlar, sivil maliyetlerin %10'u kadar ek maliyet saglar. Her sehir, her uzmanlik bölgesi için +1 [ICON_Culture] Kültür alir</Text>
    </Row>
    <Row Tag="LOC_MOMENT_CATEGORY_CULTURAL_BONUS_NORMAL_AGE">
      <Text>Kalem, Firça ve Ses Adanmislik Bonusu:[NEWLINE]Her bir [ICON_CivicBoosted] Ilham tetiklediginizde +1 Cag Puani kazanin. Büyük Is Yuvasi olan bir bina insa etmek için +1 Cag Puani.</Text>
    </Row>
    <Row Tag="LOC_MOMENT_CATEGORY_CULTURAL_BONUS_DARK_AGE">
      <Text>Kalem, Firça ve Ses Adanmislik Bonusu:[NEWLINE]Her bir [ICON_CivicBoosted] Ilham tetiklediginizde +1 Cag Puani kazanin. Büyük Is Yuvasi olan bir bina insa etmek için +1 Cag Puani.</Text>
    </Row>
    <Row Tag="LOC_MOMENT_CATEGORY_ECONOMIC">
      <Text>Madeni Para Reformu</Text>
    </Row>
    <Row Tag="LOC_MOMENT_CATEGORY_ECONOMIC_BONUS_GOLDEN_AGE">
      <Text>Sikke Altin Cagi Reformu:[NEWLINE]Tüccarlariniz yagmalanamaz. Uluslararasi [ICON_TradeRoute] Ticaret Yollari, yabanci sehirdeki uzmanlik bölgesi basina +3 [ICON_Gold] Altin saglar.</Text>
    </Row>
    <Row Tag="LOC_MOMENT_CATEGORY_ECONOMIC_BONUS_NORMAL_AGE">
      <Text>Sikke Adanmislik Bonusu Reformu:[NEWLINE]Bir [ICON_TradeRoute] Ticaret Rotasini basariyla tamamladiginiz her sefer +1 Cag Puani kazanin.</Text>
    </Row>
    <Row Tag="LOC_MOMENT_CATEGORY_ECONOMIC_BONUS_DARK_AGE">
      <Text>Sikke Adanmislik Bonusu Reformu:[NEWLINE]Bir [ICON_TradeRoute] Ticaret Rotasini basariyla tamamladiginiz her sefer +1 Cag Puani kazanin.</Text>
    </Row>
    <Row Tag="LOC_MOMENT_CATEGORY_ESPIONAGE">
      <Text>Yalanlarin Korumasi</Text>
    </Row>
    <Row Tag="LOC_MOMENT_CATEGORY_ESPIONAGE_BONUS_GOLDEN_AGE">
      <Text>Bodyguard of Lies Golden Age:[NEWLINE]Casuslar baska bir medeniyetin sehrinde varliklarini kanitlamak için hiç zaman kaybetmezler. Tüm saldiri görevlerini tamamlama süresi 25 azaltildi%.</Text>
    </Row>
    <Row Tag="LOC_MOMENT_CATEGORY_ESPIONAGE_BONUS_NORMAL_AGE">
      <Text>Bodyguard of Lies Adanmislik Bonusu:[NEWLINE]Her basarili saldirgan Spy operasyonu için +1 Era Puani kazanin.</Text>
    </Row>
    <Row Tag="LOC_MOMENT_CATEGORY_ESPIONAGE_BONUS_DARK_AGE">
      <Text>Bodyguard of Lies Adanmislik Bonusu:[NEWLINE]Her basarili saldirgan Spy operasyonu için +1 Era Puani kazanin.</Text>
    </Row>
    <Row Tag="LOC_MOMENT_CATEGORY_EXPLORATION">
      <Text>Hic Sunt Dracones</Text>
    </Row>
    <Row Tag="LOC_MOMENT_CATEGORY_EXPLORATION_BONUS_GOLDEN_AGE">
      <Text>Hic Sunt Dracones Altin Cag: [NEWLINE]+3 baslangiç [ICON_Citizen] Ilk sehrinizden farkli bir kitaya yerlesmis sehirler için nüfus. +2 [ICON_Movement] Donanma ve gemiye binmis birimler için hareket. Ilk [ICON_Capital] Baskentinizin kitasinda olmayan sehirler için tur basina +2 Sadakat.</Text>
    </Row>
    <Row Tag="LOC_MOMENT_CATEGORY_EXPLORATION_BONUS_NORMAL_AGE">
      <Text>Hic Sunt Dracones Adanmislik Bonusu:[NEWLINE]Her yeni bir Kita veya doga harikasi kesfettiginizde +3 Cag Puani kazanin. Savasta Barbar olmayan bir donanma birimini her öldürdügünüzde +1 Cag Puani kazanin.</Text>
    </Row>
    <Row Tag="LOC_MOMENT_CATEGORY_EXPLORATION_BONUS_DARK_AGE">
      <Text>Hic Sunt Dracones Adanmislik Bonusu:[NEWLINE]Her yeni bir Kita veya doga harikasi kesfettiginizde +3 Cag Puani kazanin. Savasta Barbar olmayan bir donanma birimini her öldürdügünüzde +1 Cag Puani kazanin.</Text>
    </Row>
    <Row Tag="LOC_MOMENT_CATEGORY_INDUSTRIAL">
      <Text>Buharin Kalp Atisi</Text>
    </Row>
    <Row Tag="LOC_MOMENT_CATEGORY_INDUSTRIAL_BONUS_GOLDEN_AGE">
      <Text>Buharin Kalp Atisi Altin Cag: [NEWLINE]+%10 [ICON_Production] Sanayi dönemi ve sonrasi harikalarina yönelik üretim. Kampüs bölgesinin [ICON_SCIENCE] Bilim bitisiklik bonusu da [ICON_PRODUCTION] Üretim saglar.</Text>
    </Row>
    <Row Tag="LOC_MOMENT_CATEGORY_INDUSTRIAL_BONUS_NORMAL_AGE">
      <Text>Buharin Kalp Atisi Adanmislik Bonusu:[NEWLINE]Insa edilen her Endüstriyel veya daha yeni bina için +1 Cag Puani kazanin.</Text>
    </Row>
    <Row Tag="LOC_MOMENT_CATEGORY_INDUSTRIAL_BONUS_DARK_AGE">
      <Text>Buharin Kalp Atisi Adanmislik Bonusu:[NEWLINE]Insa edilen her Endüstriyel veya daha yeni bina için +1 Cag Puani kazanin.</Text>
    </Row>
    <Row Tag="LOC_MOMENT_CATEGORY_INFRASTRUCTURE">
      <Text>Anitsallik</Text>
    </Row>
    <Row Tag="LOC_MOMENT_CATEGORY_INFRASTRUCTURE_BONUS_GOLDEN_AGE">
      <Text>Anitsallik Altin Cagi: [NEWLINE]+2 [ICON_Movement] Tüm Insaatçilar için Hareket. [ICON_Faith] Inanç ile sivil birimler satin alinabilir. Insaatçilar ve Yerlesimciler [ICON_FAITH] Inanç ve [ICON_GOLD] Altin ile %30 daha ucuza satin alinabilir.</Text>
    </Row>
    <Row Tag="LOC_MOMENT_CATEGORY_INFRASTRUCTURE_BONUS_NORMAL_AGE">
      <Text>Anitsalliga Adanmislik Bonusu:[NEWLINE]Her yeni bir uzmanlik Bölgesi insa ettiginizde +1 Cag Puani kazanin.</Text>
    </Row>
    <Row Tag="LOC_MOMENT_CATEGORY_INFRASTRUCTURE_BONUS_DARK_AGE">
      <Text>Anitsalliga Adanmislik Bonusu:[NEWLINE]Her yeni bir uzmanlik Bölgesi insa ettiginizde +1 Cag Puani kazanin.</Text>
    </Row>
    <Row Tag="LOC_MOMENT_CATEGORY_MILITARY">
      <Text>Silah basina!</Text>
    </Row>
    <Row Tag="LOC_MOMENT_CATEGORY_MILITARY_BONUS_GOLDEN_AGE">
      <Text>Silahlanin! Altin Cag:[NEWLINE]Resmi Savas'a göre %75 daha az savas kiskirticiligi cezasi veren ve hedefi Ihbar ettikten hemen sonra kullanilabilen özel bir Casus Belli'nin kilidini açin. Askeri birimlere yönelik +%15 [ICON_Production] Üretim.</Text>
    </Row>
    <Row Tag="LOC_MOMENT_CATEGORY_MILITARY_BONUS_NORMAL_AGE">
      <Text>Silahlanin! Adanmislik Bonusu:[NEWLINE]Savasta Barbar olmayan bir Kolorduyu her öldürdügünüzde +1 Cag Puani ve savasta Barbar olmayan bir Orduyu her öldürdügünüzde +2 Cag Puani kazanin.</Text>
    </Row>
    <Row Tag="LOC_MOMENT_CATEGORY_MILITARY_BONUS_DARK_AGE">
      <Text>Silahlanin! Adanmislik Bonusu:[NEWLINE]Savasta Barbar olmayan bir Kolorduyu her öldürdügünüzde +1 Cag Puani ve savasta Barbar olmayan bir Orduyu her öldürdügünüzde +2 Cag Puani kazanin.</Text>
    </Row>
    <Row Tag="LOC_MOMENT_CATEGORY_RELIGIOUS">
      <Text>Evangelistlerin Göçü</Text>
    </Row>
    <Row Tag="LOC_MOMENT_CATEGORY_RELIGIOUS_BONUS_GOLDEN_AGE">
      <Text>Evangelistlerin Göçü Altin Cag: [NEWLINE]+2 [ICON_Movement] Tüm Misyonerler, Havariler ve Engizisyoncular için Hareket. Ayrica, yeni egitilenler +2 Yük alir. Tur basina +4 [ICON_GreatProphet] Büyük Peygamber puani.</Text>
    </Row>
    <Row Tag="LOC_MOMENT_CATEGORY_RELIGIOUS_BONUS_NORMAL_AGE">
      <Text>Evangelistlerin Göçü Adanmislik Bonusu:[NEWLINE]Bir sehri ilk kez kendi kurdugunuz Dine dönüstürdügünüzde +2 Cag Puani kazanin.</Text>
    </Row>
    <Row Tag="LOC_MOMENT_CATEGORY_RELIGIOUS_BONUS_DARK_AGE">
      <Text>Evangelistlerin Göçü Adanmislik Bonusu:[NEWLINE]Bir sehri ilk kez kendi kurdugunuz Dine dönüstürdügünüzde +2 Cag Puani kazanin.</Text>
    </Row>
    <Row Tag="LOC_MOMENT_CATEGORY_SCIENTIFIC">
      <Text>Ücretsiz Sorgulama</Text>
    </Row>
    <Row Tag="LOC_MOMENT_CATEGORY_SCIENTIFIC_BONUS_GOLDEN_AGE">
      <Text>Ücretsiz Sorgulama Altin Cagi:[NEWLINE][ICON_TechBoosted] Eurekalar teknoloji maliyetlerinin %10'unu daha saglar. Ticaret Merkezi ve Liman bölgesinin [ICON_GOLD] Altin bitisiklik bonusu da [ICON_Science] Bilim saglar.</Text>
    </Row>
    <Row Tag="LOC_MOMENT_CATEGORY_SCIENTIFIC_BONUS_NORMAL_AGE">
      <Text>Ücretsiz Sorgulama Adanmislik Bonusu:[NEWLINE]Her [ICON_TechBoosted] Eureka tetiklediginizde +1 Cag Puani kazanin. Temel verim olarak Bilim saglayan bir bina insa etmek için +1 Cag Puani.</Text>
    </Row>
    <Row Tag="LOC_MOMENT_CATEGORY_SCIENTIFIC_BONUS_DARK_AGE">
      <Text>Ücretsiz Sorgulama Adanmislik Bonusu:[NEWLINE]Her [ICON_TechBoosted] Eureka tetiklediginizde +1 Cag Puani kazanin. Temel verim olarak Bilim saglayan bir bina insa etmek için +1 Cag Puani.</Text>
    </Row>
    <Row Tag="LOC_MOMENT_CATEGORY_TOURISM">
      <Text>Keske Burada Olsaydin</Text>
    </Row>
    <Row Tag="LOC_MOMENT_CATEGORY_TOURISM_BONUS_GOLDEN_AGE">
      <Text>Keske Burada Olsaydin Altin Cag: [NEWLINE]Valileri [ICON_Governor] olan sehirler Dünya Harikalarindan +%50 [ICON_Tourism] Turizm alir. Tüm Milli Parklara +%100 [ICON_Tourism] Turizm.</Text>
    </Row>
    <Row Tag="LOC_MOMENT_CATEGORY_TOURISM_BONUS_NORMAL_AGE">
      <Text>Keske Burada Olsaydin Adanmislik Bonusu:[NEWLINE]Cikarilan her Eser için +1 Cag Puani kazanin.</Text>
    </Row>
    <Row Tag="LOC_MOMENT_CATEGORY_TOURISM_BONUS_DARK_AGE">
      <Text>Keske Burada Olsaydin Adanmislik Bonusu:[NEWLINE]Cikarilan her Eser için +1 Cag Puani kazanin.</Text>
    </Row>
    <Row Tag="LOC_MOMENT_NO_MOMENTS_TO_SHOW">
      <Text>Uygarliginiz herhangi bir Tarihi An yasamadi.</Text>
    </Row>
  </EnglishText>
</GameData>