﻿<?xml version="1.0" encoding="utf-8"?>
<GameData>
  <EnglishText>
    <!-- FrontEnd Text -->
    <Row Tag="LOC_EXPANSION1_NAME">
      <Text>Genisleme: Yükselis ve Düsüs</Text>
    </Row>
    <Row Tag="LOC_EXPANSION1_DESCRIPTION">
      <Text>Bu oyun, Büyük Caglar, Sadakat, Valiler ve Acil Durumlari içeren Yükselis ve Cöküs Genisleme Paketini kullanan bir oyundur. Halkinizi refah dolu bir Altin Cag'a götürebilecek misiniz? Yoksa imparatorlugunuz Karanlik Cag'in zorluklariyla mi karsilasacak?</Text>
    </Row>
    <!-- Map Config Text -->
    <Row Tag="LOC_MAP_ARCHIPELAGO_NAME">
      <Text>Takimadalar</Text>
    </Row>
    <Row Tag="LOC_TSLEUROPE_NAME">
      <Text>Gerçek Baslangiç Yeri Avrupa</Text>
    </Row>
    <Row Tag="LOC_TSLEUROPE_DESCRIPTION">
      <Text>Medeniyetler, Avrupa haritasi üzerindeki tarihi baskentlerinin bulundugu yerde baslar.</Text>
    </Row>
    <Row Tag="LOC_MAP_EUROPE_NAME">
      <Text>Avrupa</Text>
    </Row>
    <Row Tag="LOC_MAP_EUROPE_DESCRIPTION">
      <Text>Kaynaklari, arazisi ve tarihi konumlarini yansitan özellikleriyle Avrupa'nin bir temsili.</Text>
    </Row>
    <!-- Natural Wonders -->
    <Row Tag="LOC_FEATURE_DELICATE_ARCH_NAME">
      <Text>Narin Kemer</Text>
    </Row>
    <Row Tag="LOC_FEATURE_DELICATE_ARCH_DESCRIPTION">
      <Text>Bir karelik geçilmez doga harikasi. Bitisik karelere +2 [ICON_FAITH] Inanç ve +1 [ICON_GOLD] Altin saglar.</Text>
    </Row>
    <Row Tag="LOC_FEATURE_EYE_OF_THE_SAHARA_NAME">
      <Text>Sahra'nin Gözü</Text>
    </Row>
    <Row Tag="LOC_FEATURE_EYE_OF_THE_SAHARA_DESCRIPTION">
      <Text>Üç kareli doga harikasi. +1 [ICON_PRODUCTION] Üretim saglar. Oyun Atomik Caga ulastiktan sonra +1 [ICON_PRODUCTION] Üretim ve +3 [ICON_SCIENCE] Bilim daha saglar.</Text>
    </Row>
    <Row Tag="LOC_FEATURE_MATTERHORN_NAME">
      <Text>Matterhorn</Text>
    </Row>
    <Row Tag="LOC_FEATURE_MATTERHORN_DESCRIPTION">
      <Text>Bir karo geçilmez doga harikasi. Bitisik karelere +1 [ICON_CULTURE] Kültür saglar. Matterhorn'un yanina hareket eden kara savas birimleri oyunun geri kalaninda Tepeleri görmezden gelir ve tepelerde savasirken +3[ICON_Strength] Savas Gücü kazanir.</Text>
    </Row>
    <Row Tag="LOC_FEATURE_RORAIMA_NAME">
      <Text>Roraima Dagi</Text>
    </Row>
    <Row Tag="LOC_FEATURE_RORAIMA_DESCRIPTION">
      <Text>Dört kareden olusan geçilmez doga harikasi. Bitisik karelere +1 [ICON_FAITH] Inanç ve +1 [ICON_SCIENCE] Bilim saglar.</Text>
    </Row>
    <Row Tag="LOC_FEATURE_UBSUNUR_HOLLOW_NAME">
      <Text>Ubsunur Kovugu</Text>
    </Row>
    <Row Tag="LOC_FEATURE_UBSUNUR_HOLLOW_DESCRIPTION">
      <Text>Dört kareli doga harikasi. 2 [ICON_FAITH] Inanç, +1 [ICON_FOOD] Yiyecek ve +1 [ICON_PRODUCTION] Üretim saglar.</Text>
    </Row>
    <Row Tag="LOC_FEATURE_ZHANGYE_DANXIA_NAME">
      <Text>Zhangye Danxia</Text>
    </Row>
    <Row Tag="LOC_FEATURE_ZHANGYE_DANXIA_DESCRIPTION">
      <Text>Üç kareli geçilmez doga harikasi. Bu karolardan en az birine sahipseniz 2 [ICON_GREATGENERAL] Büyük General puani ve 2 [ICON_GREATMERCHANT] Büyük Tüccar puani saglar.</Text>
    </Row>
    <Row Tag="LOC_FEATURE_LAKE_RETBA_NAME">
      <Text>Retba Gölü</Text>
    </Row>
    <Row Tag="LOC_FEATURE_LAKE_RETBA_DESCRIPTION">
      <Text>Iki kareli doga harikasi. Bir Göl olarak görünür ve +2 [ICON_CULTURE] Kültür, +2 [ICON_GOLD] Altin ve +1 [ICON_PRODUCTION] Üretim saglar. Tatli Su saglamaz.</Text>
    </Row>
    <!-- Player Config Text -->
    <!-- District Config Text -->
    <Row Tag="LOC_DISTRICT_WATER_STREET_CARNIVAL_NAME">
      <Text>Copacabana</Text>
    </Row>
    <Row Tag="LOC_DISTRICT_WATER_STREET_CARNIVAL_DESCRIPTION">
      <Text>Brezilya'ya özgü bir bölge. Su Parki bölgesinin yerini alir ve +2 [ICON_Amenities] Kolaylik saglar. Ayrica Karnaval projesinin kilidini açar, bu proje devam ederken +1 [ICON_Amenities] ek Kolaylik ve tamamlandiginda çesitli [ICON_GreatPerson] Harika Insanlar puani verir. Sokak Karnavali olan bir sehirde insa edilemez. Resif üzerine insa edilemez.</Text>
    </Row>
    <Row Tag="LOC_DISTRICT_STREET_CARNIVAL_EXPANSION1_DESCRIPTION">
      <Text>Brezilya'ya özgü bir bölge. Eglence Kompleksi bölgesinin yerini alir ve +2 [ICON_Amenities] Kolaylik saglar. Ayrica Karnaval projesinin kilidini açar, bu proje devam ederken +1 [ICON_Amenities] ek Kolaylik ve tamamlandiginda çesitli [ICON_GreatPerson] Harika Insanlar puani verir. Copacabana bulunan bir sehirde insa edilemez.</Text>
    </Row>
    <!-- Unit Config Text -->
    <Row Tag="LOC_UNIT_ZULU_IMPI_NAME">
      <Text>Impi</Text>
    </Row>
    <Row Tag="LOC_UNIT_ZULU_IMPI_DESCRIPTION">
      <Text>Mizrakçinin yerini alan Zulu'ya özgü Ortaçag Dönemi birimi. Artirilmis Yanasma bonusu, düsük maliyet ve az bakim. Daha hizli XP kazanir.</Text>
    </Row>
    <Row Tag="LOC_UNIT_KOREAN_HWACHA_NAME">
      <Text>Hwacha</Text>
    </Row>
    <Row Tag="LOC_UNIT_KOREAN_HWACHA_DESCRIPTION">
      <Text>Saha Topunun yerini alan Kore'ye özgü Rönesans Dönemi birimi. Yüksek [ICON_Ranged] Menzilli Saldiri Gücü. Ayni turda hareket edemez ve saldiramaz.</Text>
    </Row>
    <Row Tag="LOC_UNIT_SCOTTISH_HIGHLANDER_NAME">
      <Text>Highlander</Text>
    </Row>
    <Row Tag="LOC_UNIT_SCOTTISH_HIGHLANDER_DESCRIPTION">
      <Text>Ranger'in yerini alan Iskoçya'ya özgü Endüstri Cagi birimi. Güçlü kesif birimi. Tepe ve Orman arazisinde savasirken +5 [ICON_Strength] Savas Gücü bonusu.</Text>
    </Row>
    <Row Tag="LOC_UNIT_DE_ZEVEN_PROVINCIEN_NAME">
      <Text>Yedi Eyalet</Text>
    </Row>
    <Row Tag="LOC_UNIT_DE_ZEVEN_PROVINCIEN_DESCRIPTION">
      <Text>Firkateynin yerini alan Hollanda'ya özgü Rönesans Dönemi birimi. Savunulabilir bölgelere saldirirken +7 [ICON_Strength] Savas Gücü.</Text>
    </Row>
    <Row Tag="LOC_UNIT_MONGOLIAN_KESHIG_NAME">
      <Text>Keshig</Text>
    </Row>
    <Row Tag="LOC_UNIT_MONGOLIAN_KESHIG_DESCRIPTION">
      <Text>Mogolistan'a özgü Orta Cag Menzilli Süvari birimi. Hareket halindeki sivil ve destek birimlerine daha yüksek [ICON_Movement] Hareket hizlarinda eslik edebilir.</Text>
    </Row>
    <Row Tag="LOC_UNIT_GEORGIAN_KHEVSURETI_NAME">
      <Text>Khevsur</Text>
    </Row>
    <Row Tag="LOC_UNIT_GEORGIAN_KHEVSURETI_DESCRIPTION">
      <Text>Silah Altindaki Adam'in yerini alan Gürcistan'a özgü Ortaçag Dönemi birimi. Tepe arazisinde savasirken +7 [ICON_Strength] Savas Gücü bonusu. Tepe arazisinde hareket cezasi yok [ICON_Movement].</Text>
    </Row>
    <Row Tag="LOC_UNIT_MAPUCHE_MALON_RAIDER_NAME">
      <Text>Malón Raider</Text>
    </Row>
    <Row Tag="LOC_UNIT_MAPUCHE_MALON_RAIDER_DESCRIPTION">
      <Text>Mapuche essiz Rönesans Dönemi birimi. Dost topraklarin 4 altigeni içindeyse +5 [ICON_Strength] Savas Gücü bonusu. Yagma 1 [ICON_Movement] Harekete mal olur.</Text>
    </Row>
    <Row Tag="LOC_UNIT_CREE_OKIHTCITAW_NAME">
      <Text>Okihtcitaw</Text>
    </Row>
    <Row Tag="LOC_UNIT_CREE_OKIHTCITAW_DESCRIPTION">
      <Text>Scout'un yerini alan Cree'ye özgü Antik dönem birimi. Güçlü kesif birimi. 1 ücretsiz terfi ile baslar.</Text>
    </Row>
    <!-- America -->
    <Row Tag="LOC_TRAIT_CIVILIZATION_FOUNDING_FATHERS_EXPANSION1_DESCRIPTION">
      <Text>Mevcut hükümetteki tüm Diplomatik politika yuvalari Wildcard yuvalarina dönüstürülür.</Text>
    </Row>
    <Row Tag="LOC_BUILDING_FILM_STUDIO_EXPANSION1_DESCRIPTION">
      <Text>Amerika'ya özgü bir bina. Oyun Modern çaga girdiginde bu sehirden diger medeniyetlere dogru +%100 [ICON_Tourism] turizm baskisi.</Text>
    </Row>
    <!-- China -->
    <Row Tag="LOC_TRAIT_CIVILIZATION_DYNASTIC_CYCLE_EXPANSION1_DESCRIPTION">
      <Text>[ICON_TechBoosted] Eurekas ve [ICON_CivicBoosted] Inspirations yurttaslik bilgisi ve teknolojilerinin %40'i yerine %50'sini saglamaktadir %. Bir mucizeyi tamamlarken, eger varsa, mucizenin döneminden rastgele bir [ICON_TechBoosted] Eureka ve [ICON_CivicBoosted] Ilham alin.</Text>
    </Row>
    <!-- Cleopatra -->
    <Row Tag="LOC_TRAIT_LEADER_MEDITERRANEAN_EXPANSION1_DESCRIPTION">
      <Text>Diger medeniyetlere giden [ICON_TradeRoute] Ticaret Yollariniz Misir için +4 [ICON_Gold] Altin saglar. Diger uygarliklarin [ICON_TradeRoute] Misir'a giden Ticaret Yollari onlar için +2 [ICON_Food] Gida ve Misir için +2 [ICON_Gold] Altin saglar.  Müttefiklerle ticaret yapmak iki kat daha fazla bonus Ittifak Puani kazandirir.</Text>
    </Row>
    <!-- Chandragupta -->
    <Row Tag="LOC_LEADER_CHANDRAGUPTA_NAME">
      <Text>Chandragupta</Text>
    </Row>
    <Row Tag="LOC_TRAIT_LEADER_ARTHASHASTRA_NAME">
      <Text>Arthashastra</Text>
    </Row>
    <Row Tag="LOC_TRAIT_LEADER_ARTHASHASTRA_DESCRIPTION">
      <Text>Askeri Egitim Civic'i kazandiktan sonra Bölgesel Genisleme Savasi ilan edebilir.  Bölgesel Genisleme Savasi ilan ettikten sonraki ilk 10 tur için +2 [ICON_Movement] Hareket ve +5 [ICON_Strength] Savas Gücü.</Text>
    </Row>
    <!-- England -->
    <Row Tag="LOC_DISTRICT_ROYAL_NAVY_DOCKYARD_EXPANSION1_DESCRIPTION">
      <Text>Sehrinizdeki denizcilik faaliyetleri için Ingiltere'ye özgü bir bölge. Liman bölgesinin yerini alir. Ayrica bu kareye giris ve çikis için [ICON_Movement] Hareket cezasini da kaldirir. Karaya bitisik Sahil veya Göl Arazisi üzerine insa edilmelidir.[NEWLINE][NEWLINE]+1 [ICON_Movement] Tersanede insa edilen tüm deniz birimleri için hareket[NEWLINE]+2 [ICON_Gold] Yabanci bir kitada insa edildiginde tur basina Altin ve +4 Sadakat. Resif üzerine insa edilemez</Text>
    </Row>
    <!-- Lautaro-->
    <Row Tag="LOC_CIVILIZATION_MAPUCHE_NAME">
      <Text>Mapuche
			Masculine:the</Text>
      <Gender>Masculine:the</Gender>
    </Row>
    <Row Tag="LOC_CIVILIZATION_MAPUCHE_ADJECTIVE">
      <Text>Mapuchen</Text>
    </Row>
    <Row Tag="LOC_CIVILIZATION_MAPUCHE_DESCRIPTION">
      <Text>Mapuche Imparatorlugu</Text>
    </Row>
    <Row Tag="LOC_TRAIT_CIVILIZATION_MAPUCHE_TOQUI_NAME">
      <Text>Toqui</Text>
    </Row>
    <Row Tag="LOC_TRAIT_CIVILIZATION_MAPUCHE_TOQUI_DESCRIPTION">
      <Text>Yerlesik [ICON_Governor] Valisi olan sehirler, bu sehirde egitilen tüm birimlere +%5 [ICON_CULTURE] Kültür, +%5 [ICON_Production] Üretim ve +%10 savas deneyimi saglar. Mapuche tarafindan kurulmamis sehirlerde bu sayilar üç katina çikar. [ICON_Governor] Valinizin bulundugu bir sehrin 9 karesi içindeki tüm sehirler, medeniyetinize karsi her turda +4 Sadakat kazanir.</Text>
    </Row>
    <Row Tag="LOC_TRAIT_TOQUI_COMBAT_BONUS_VS_GOLDEN_AGE_CIV_DESCRIPTION">
      <Text>+[1]) Altin Cag'daki uygarliklara karsi veya Özgür Sehir'e karsi</Text>
    </Row>
    <Row Tag="LOC_LEADER_LAUTARO_NAME">
      <Text>Lautaro</Text>
    </Row>
    <Row Tag="LOC_TRAIT_LEADER_LAUTARO_ABILITY_NAME">
      <Text>Swift Hawk</Text>
    </Row>
    <Row Tag="LOC_TRAIT_LEADER_LAUTARO_ABILITY_DESCRIPTION">
      <Text>Eger bir Mapuche Birimi düsman sehrin sinirlari içinde bir düsman birimini yenerse, o sehir 5 Sadakat kaybeder.</Text>
    </Row>
    <Row Tag="LOC_TRAIT_LEADER_LAUTARO_ABILITY_DESCRIPTION_ALT">
      <Text>Özgür Sehirlerle veya Altin ya da Kahramanlik Caginda olan medeniyetlerle savasirken +10 [ICON_Strength] Savas Gücü. Bir düsman sehrinin sinirlari içindeki bir düsman birimini yenmek, o sehrin 20 Sadakat kaybetmesine ve eger o uygarlik Altin veya Kahramanlik Cagindaysa 40 sadakat kaybetmesine neden olur.</Text>
    </Row>
    <Row Tag="LOC_IMPROVEMENT_CHEMAMULL_NAME">
      <Text>Chemamull</Text>
    </Row>
    <Row Tag="LOC_IMPROVEMENT_CHEMAMULL_DESCRIPTION">
      <Text>Mapuche'ye özgü bir Chemamull insa etmek için Insaatçi yeteneginin kilidini açar.[NEWLINE][NEWLINE]+1 [Icon_Production] Üretim. Karonun Cekiciliginin %75'ine esit [ICON_CULTURE] Kültür saglar. Uçus arastirmasindan sonra ilave [ICON_TOURISM] Turizm. Minimum Nefes Kesici Cekicilik.</Text>
    </Row>
    <!-- Gilgamesh-->
    <Row Tag="LOC_TRAIT_LEADER_ADVENTURES_ENKIDU_EXPANSION1_DESCRIPTION">
      <Text>Müttefikleriyle savas halinde olan herkese savas kiskirticiligi cezasi almadan savas ilan edebilir. Ortak bir düsmanla savas halindeyken, kendileri ve müttefikleri yagma ödüllerini paylasir ve 5 karo içindeyse savas deneyimi kazançlarini paylasir.  Ittifaklari, ortak bir düsmanla savasta olduklari için Ittifak Puani kazanir. Sizinle ve müttefikinizle savasta olan oyuncularin birimlerine karsi +5 [ICON_Strength] Savas Gücü.</Text>
    </Row>
    <!-- Poundmaker-->
    <Row Tag="LOC_CIVILIZATION_CREE_NAME">
      <Text>Cree
			Masculine:the</Text>
      <Gender>Masculine:the</Gender>
    </Row>
    <Row Tag="LOC_CIVILIZATION_CREE_ADJECTIVE">
      <Text>Cree</Text>
    </Row>
    <Row Tag="LOC_CIVILIZATION_CREE_DESCRIPTION">
      <Text>Cree Imparatorlugu</Text>
    </Row>
    <Row Tag="LOC_TRAIT_CIVILIZATION_CREE_TRADE_GAIN_TILES_NAME">
      <Text>Nîhithaw</Text>
    </Row>
    <Row Tag="LOC_TRAIT_CIVILIZATION_CREE_TRADE_GAIN_TILES_DESCRIPTION">
      <Text>+1 [ICON_TradeRoute] Ticaret Yolu kapasitesi ve Cömlekçilik teknolojisine sahip ücretsiz bir Tüccar. Bir Cree sehrinin 3 karesi içindeki sahipsiz kareler, bir Tüccar bu karelere ilk kez girdiginde Cree kontrolü altina girer.</Text>
    </Row>
    <Row Tag="LOC_LEADER_POUNDMAKER_NAME">
      <Text>Poundmaker</Text>
    </Row>
    <Row Tag="LOC_LEADER_POUNDMAKER_ABILITY_NAME">
      <Text>Uygun Sartlar</Text>
    </Row>
    <Row Tag="LOC_LEADER_POUNDMAKER_ABILITY_DESCRIPTION">
      <Text>Tüm Ittifak türleri Paylasilan Görünürlük saglar. [NEWLINE] Giden [ICON_TradeRoute] Ticaret Yollariniz, varis noktasindaki Kamp veya Mera basina Poundmaker'a +1 [ICON_Food] Gida verir. [ICON_TradeRoute] Sehirlerinize gönderilen Ticaret Yollari, varis noktasindaki Kamp veya Mera basina Poundmaker'a +1 [ICON_Gold] Altin verir.</Text>
    </Row>
    <Row Tag="LOC_IMPROVEMENT_MEKEWAP_NAME">
      <Text>Mekewap</Text>
    </Row>
    <Row Tag="LOC_IMPROVEMENT_MEKEWAP_DESCRIPTION">
      <Text>Cree'ye özgü bir Mekewap insa etmek için Insaatçi yeteneginin kilidini açar. [NEWLINE][NEWLINE]+1 [ICON_PRODUCTION] Üretim ve +1 [ICON_Housing] Konut saglar. Bir Lüks kaynaga bitisikse +1 [ICON_GOLD] Altin.  Bitisik her 2 Bonus Kaynak için +1 [ICON_FOOD] Yiyecek.  Yurttaslik ve Teknoloji Agacinda ilerledikçe ilave [ICON_PRODUCTION] Üretim, [ICON_GOLD] Altin, [ICON_FOOD] Gida ve [ICON_HOUSING] Konut. Bir Bonus veya Lüks kaynagina bitisik olarak yerlestirilmelidir. Baska bir Mekewap'a bitisik olarak insa edilemez.</Text>
    </Row>
    <!-- Robert the Bruce -->
    <Row Tag="LOC_CIVILIZATION_SCOTLAND_NAME">
      <Text>Iskoçya</Text>
    </Row>
    <Row Tag="LOC_CIVILIZATION_SCOTLAND_ADJECTIVE">
      <Text>Iskoç</Text>
    </Row>
    <Row Tag="LOC_CIVILIZATION_SCOTLAND_DESCRIPTION">
      <Text>Iskoç Imparatorlugu</Text>
    </Row>
    <Row Tag="LOC_TRAIT_CIVILIZATION_SCOTTISH_ENLIGHTENMENT_NAME">
      <Text>Iskoç Aydinlanmasi</Text>
    </Row>
    <Row Tag="LOC_TRAIT_CIVILIZATION_SCOTTISH_ENLIGHTENMENT_DESCRIPTION">
      <Text>Mutlu sehirler ek olarak +%5 [ICON_SCIENCE] Bilim ve +%5 [ICON_PRODUCTION] Üretim alir. Mutlu sehirler Kampüs basina +1 [ICON_GreatScientist] Büyük Bilim Insani puani ve Sanayi Bölgesi basina +1 [ICON_GreatEngineer] Büyük Mühendis puani üretir. Coskulu sehirler tüm bu miktarlari ikiye katlar.</Text>
    </Row>
    <Row Tag="LOC_LEADER_ROBERT_THE_BRUCE_NAME">
      <Text>Robert the Bruce</Text>
    </Row>
    <Row Tag="LOC_TRAIT_LEADER_BANNOCKBURN_NAME">
      <Text>Bannockburn</Text>
    </Row>
    <Row Tag="LOC_TRAIT_LEADER_BANNOCKBURN_DESCRIPTION">
      <Text>Savunma Taktikleri Civic'i kazandiktan sonra bir Kurtulus Savasi ilan edebilir.  Kurtulus Savasi ilan ettikten sonraki ilk 10 tur için +%100 [ICON_Production] Üretim ve +2 [ICON_Movement] Hareket.</Text>
    </Row>
    <Row Tag="LOC_IMPROVEMENT_GOLF_COURSE_NAME">
      <Text>Golf Sahasi</Text>
    </Row>
    <Row Tag="LOC_IMPROVEMENT_GOLF_COURSE_DESCRIPTION">
      <Text>Iskoçya'ya özgü bir Golf Sahasi insa etmek için Insaatçi yeteneginin kilidini açar.[NEWLINE][NEWLINE]+1 [ICON_AMENITIES] Amenity ve +2 [ICON_GOLD] Altin. Bir Sehir Merkezi bölgesine bitisikse +1 [ICON_CULTURE] Kültür ve bir Eglence Kompleksi bölgesine bitisikse +1 [ICON_CULTURE] Kültür. Sehircilik ve Teknoloji Agacinda ilerledikçe ilave [ICON_TOURISM] Turizm ve [ICON_HOUSING] Konut. Cöl veya Cöl Tepelerine yerlestirilemez. Sehir basina bir tane. Golf Sahasi olan karolar degistirilemez. +1 Cazibe.</Text>
    </Row>
    <!-- Seondeok -->
    <Row Tag="LOC_CIVILIZATION_KOREA_NAME">
      <Text>Kore</Text>
    </Row>
    <Row Tag="LOC_CIVILIZATION_KOREA_ADJECTIVE">
      <Text>Korece</Text>
    </Row>
    <Row Tag="LOC_CIVILIZATION_KOREA_DESCRIPTION">
      <Text>Kore Imparatorlugu</Text>
    </Row>
    <Row Tag="LOC_TRAIT_CIVILIZATION_THREE_KINGDOMS_NAME">
      <Text>Üç Krallik</Text>
    </Row>
    <Row Tag="LOC_TRAIT_CIVILIZATION_THREE_KINGDOMS_DESCRIPTION">
      <Text>Madenler, her komsu Seowon bölgesi için +1 [ICON_SCIENCE] Bilim alir. Ciftlikler, her komsu Seowon bölgesi için +1 [ICON_FOOD] Gida alir.</Text>
    </Row>
    <Row Tag="LOC_LEADER_SEONDEOK_NAME">
      <Text>Seondeok</Text>
    </Row>
    <Row Tag="LOC_TRAIT_LEADER_HWARANG_NAME">
      <Text>Hwarang</Text>
    </Row>
    <Row Tag="LOC_TRAIT_LEADER_HWARANG_DESCRIPTION">
      <Text>[ICON_Governor] Bir sehirde kurulan valiler, ilk terfileri de dahil olmak üzere kazandiklari her terfi için +%3 [ICON_Culture] Kültür ve [ICON_Science] Bilim saglar.</Text>
    </Row>
    <Row Tag="LOC_DISTRICT_SEOWON_NAME">
      <Text>Seowon</Text>
    </Row>
    <Row Tag="LOC_DISTRICT_SEOWON_DESCRIPTION">
      <Text>Bilimsel çalismalar için Kore'ye özgü bir bölge. Kampüs bölgesinin yerini alir. +4 [ICON_SCIENCE] Bilim. Her bitisik bölge karesi için -1 [ICON_Science] Bilim. Tepeler üzerine insa edilmelidir.</Text>
    </Row>
    <Row Tag="LOC_DISTRICT_SEOWON_DESCRIPTION_ADJACENCY">
      <Text>Bitisiklik: Her bitisik Bölge için -1 [ICON_SCIENCE] Bilim.</Text>
    </Row>
    <!-- Genghis Khan -->
    <Row Tag="LOC_CIVILIZATION_MONGOLIA_NAME">
      <Text>Mogolistan</Text>
    </Row>
    <Row Tag="LOC_CIVILIZATION_MONGOLIA_ADJECTIVE">
      <Text>Mogolca</Text>
    </Row>
    <Row Tag="LOC_CIVILIZATION_MONGOLIA_DESCRIPTION">
      <Text>Mogol Imparatorlugu</Text>
    </Row>
    <Row Tag="LOC_TRAIT_CIVILIZATION_MONGOLIAN_ORTOO_NAME">
      <Text>Örtöö</Text>
    </Row>
    <Row Tag="LOC_TRAIT_CIVILIZATION_MONGOLIAN_ORTOO_DESCRIPTION">
      <Text>Bir [ICON_TradeRoute] Ticaret Rotasi baslatmak, hedef sehirde hemen bir [ICON_TradingPost] Ticaret Karakolu olusturur. Bir uygarligin herhangi bir sehrinde bir [ICON_TradingPost] Ticaret Karakoluna sahip olmak için ekstra bir [ICON_VisLimited] Diplomatik Görünürlük seviyesi kazanin. Tüm Mogol birimleri, rakiplerinden daha yüksek [ICON_VisLimited] Diplomatik Görünürlük seviyesine sahip olduklari için normal [ICON_Strength] Savas Bonusunu iki katina çikarir.</Text>
    </Row>
    <Row Tag="LOC_LEADER_GENGHIS_KHAN_NAME">
      <Text>Cengiz Han</Text>
    </Row>
    <Row Tag="LOC_TRAIT_LEADER_GENGHIS_KHAN_ABILITY_NAME">
      <Text>Mogol Sürüsü</Text>
    </Row>
    <Row Tag="LOC_TRAIT_LEADER_GENGHIS_KHAN_ABILITY_DESCRIPTION">
      <Text>Tüm süvari sinifi birimler +3 [ICON_Strength] Savas Gücü ve maglup edilmis düsman süvari sinifi birimleri ele geçirme sansi kazanir.</Text>
    </Row>
    <Row Tag="LOC_BUILDING_ORDU_NAME">
      <Text>Ordu</Text>
    </Row>
    <Row Tag="LOC_BUILDING_ORDU_DESCRIPTION">
      <Text>Mogolistan'a özgü bir bina. Bu sehirde egitilen Agir ve Hafif Süvarilere +1 [ICON_MOVEMENT] Hareket saglayan bir yetenek verir. Bu sehirde egitilen tüm süvari ve kusatma sinifi birimler için +%25 savas deneyimi. Halihazirda Kislasi olan bir Kamp bölgesinde insa edilemez.</Text>
    </Row>
    <!-- Shaka Zulu -->
    <Row Tag="LOC_CIVILIZATION_ZULU_NAME">
      <Text>Zulu
			Masculine:the</Text>
      <Gender>Masculine:the</Gender>
    </Row>
    <Row Tag="LOC_CIVILIZATION_ZULU_ADJECTIVE">
      <Text>Zulu</Text>
    </Row>
    <Row Tag="LOC_CIVILIZATION_ZULU_DESCRIPTION">
      <Text>Zulu Imparatorlugu</Text>
    </Row>
    <Row Tag="LOC_TRAIT_CIVILIZATION_ZULU_ISIBONGO_NAME">
      <Text>Isibongo</Text>
    </Row>
    <Row Tag="LOC_TRAIT_CIVILIZATION_ZULU_ISIBONGO_DESCRIPTION">
      <Text>Garnizonlu bir birlige sahip sehirler tur basina +3 Sadakat alir, eger bu bir Kolordu veya Ordu ise +5 alir. Bir sehri bir birimle fethetmek, uygun Sivillerin kilidi açilmissa, onu bir Kolordu veya Orduya yükseltir.</Text>
    </Row>
    <Row Tag="LOC_LEADER_SHAKA_NAME">
      <Text>Shaka</Text>
    </Row>
    <Row Tag="LOC_TRAIT_LEADER_AMABUTHO_NAME">
      <Text>Amabutho</Text>
    </Row>
    <Row Tag="LOC_TRAIT_LEADER_AMABUTHO_DESCRIPTION">
      <Text>Kolordulari (Sivil Parali Askerler) ve Ordulari (Sivil Milliyetçilik) daha önce olusturabilir. Hem Kolordulara hem de Ordulara ilave +5 [ICON_STRENGTH] Temel Savas Gücü.</Text>
    </Row>
    <Row Tag="LOC_DISTRICT_IKANDA_NAME">
      <Text>Ikanda
			masculine:an</Text>
      <Gender>masculine:an</Gender>
    </Row>
    <Row Tag="LOC_DISTRICT_IKANDA_DESCRIPTION">
      <Text>Kampin yerini alan Zulu'ya özgü bir bölge. +1 [ICON_Housing] Konut saglar. Yurttaslik veya Teknoloji önkosulu karsilandiginda, Kolordular ve Ordular dogrudan insa edilebilir. Ikanda'daki binalar +2 [ICON_GOLD] Altin ve +1 [ICON_SCIENCE] Bilim alir. Daha hizli Kolordu ve Ordu olusturma.</Text>
    </Row>
    <!-- Spain -->
    <Row Tag="LOC_TRAIT_CIVILIZATION_TREASURE_FLEET_EXPANSION1_DESCRIPTION">
      <Text>Milliyetçilik ve Seferberlik yerine Merkantilizm ile Filolar ve Armadalar olusturabilir. [ICON_TradeRoute] Ticaret Yollari +3 [ICON_Gold] Altin, +2 [ICON_Faith] Inanç ve +1 [ICON_Production] Üretim alir. [ICON_TradeRoute] Birden fazla kita arasindaki Ticaret Yollari bu sayilarin üç katini alir. Asil Baskentinizin kitasinda olmayan sehirler, kurulduklarinda bölgelere ve bir insaatçiya yönelik +%25 [ICON_Production] Üretim alir.</Text>
    </Row>
    <Row Tag="LOC_IMPROVEMENT_MISSION_EXPANSION1_DESCRIPTION">
      <Text>Ispanya'ya özgü bir Görev insa etmek için Insaatçi yeteneginin kilidini açar.[NEWLINE][NEWLINE]+2 [ICON_Faith] Inanç. [ICON_Capital] Baskentinizden farkli bir kitadaysa +2 [ICON_Faith] Inanç, +1 [ICON_PRODUCTION] Üretim ve +1 [ICON_FOod] Gida. Bitisik her Kampüs ve Kutsal Alan bölgesi için +1 [ICON_Science] Bilim. Kültürel Miras kesfedildiginde ilave [ICON_SCIENCE] Bilim. Sehir Merkezine bitisik bir Görev iyilestirmesi olan ve orijinal [ICON_Capital] Baskentinizin kitasinda olmayan sehirler için tur basina +2 Sadakat.</Text>
    </Row>
    <Row Tag="LOC_DISTRICT_ACROPOLIS_EXPANSION1_DESCRIPTION">
      <Text>Kültürel alanlar için Yunanistan'a özgü bir bölge. Tiyatro Meydani bölgesinin yerini alir ve insa edilmesi daha ucuzdur. Tamamlandiginda 1 [ICON_Envoy] Elçi ödüllendirir. [NEWLINE][NEWLINE]+1 [ICON_Culture] Bitisik her bölge için kültür bonusu ve bitisik Sehir Merkezi için ek +1 [ICON_Culture] Kültür bonusu. Bitisik her harikulade için +2 [ICON_Culture] Kültür bonusu. Sadece Tepeler üzerine insa edilebilir.</Text>
    </Row>
    <!-- Tamar-->
    <Row Tag="LOC_CIVILIZATION_GEORGIA_NAME">
      <Text>Gürcistan</Text>
    </Row>
    <Row Tag="LOC_CIVILIZATION_GEORGIA_ADJECTIVE">
      <Text>Gürcüce</Text>
    </Row>
    <Row Tag="LOC_CIVILIZATION_GEORGIA_DESCRIPTION">
      <Text>Gürcü Imparatorlugu</Text>
    </Row>
    <Row Tag="LOC_TRAIT_CIVILIZATION_GOLDEN_AGE_QUESTS_NAME">
      <Text>Birlikten Kuvvet Dogar</Text>
    </Row>
    <Row Tag="LOC_TRAIT_CIVILIZATION_GOLDEN_AGE_QUESTS_DESCRIPTION">
      <Text>Altin Cag'dayken fazladan bir Joker Politika Yuvasi kazanir ve Karanlik Cag Politikalarini kullanabilir.  Savunma binalarina yönelik +%50 [ICON_Production] Üretim.</Text>
    </Row>
    <Row Tag="LOC_LEADER_TAMAR_NAME">
      <Text>Tamar</Text>
    </Row>
    <Row Tag="LOC_TRAIT_LEADER_RELIGION_CITY_STATES_NAME">
      <Text>Dünyanin Ihtisami, Krallik ve Inanç</Text>
    </Row>
    <Row Tag="LOC_TRAIT_LEADER_RELIGION_CITY_STATES_DESCRIPTION">
      <Text>Savas zaferleri, yenilen birimin Savas Gücünün %50'sine esit [ICON_FAITH] Inanç saglar (Standart Hizda). Cogunluk Dininizdeki bir sehir devletine gönderdiginiz her [ICON_ENVOY] Elçi, iki [ICON_ENVOY] Elçi olarak sayilir. (Cogunluk Dinine sahip olmalidir).</Text>
    </Row>
    <Row Tag="LOC_BUILDING_TSIKHE_NAME">
      <Text>Tsikhe</Text>
    </Row>
    <Row Tag="LOC_BUILDING_TSIKHE_DESCRIPTION">
      <Text>Gürcistan'a özgü bir bina. Rönesans Duvarlarindan daha düsük [ICON_Production] Üretim maliyeti. Dis savunmanizin gücünü mümkün olan en yüksek seviyeye yükseltir. Koruma Kenti'ne ilerledikten sonra +3 [ICON_TOURISM] Turizm saglar. 3 [ICON_Faith] Inanç saglar.</Text>
    </Row>
    <!-- Wilhemina -->
    <Row Tag="LOC_CIVILIZATION_NETHERLANDS_NAME">
      <Text>Hollanda
			Eril:the</Text>
      <Gender>Masculine:the</Gender>
    </Row>
    <Row Tag="LOC_CIVILIZATION_NETHERLANDS_ADJECTIVE">
      <Text>Hollandaca</Text>
    </Row>
    <Row Tag="LOC_CIVILIZATION_NETHERLANDS_DESCRIPTION">
      <Text>Hollanda Imparatorlugu</Text>
    </Row>
    <Row Tag="LOC_TRAIT_CIVILIZATION_GROTE_RIVIEREN_NAME">
      <Text>Grote Rivieren</Text>
    </Row>
    <Row Tag="LOC_TRAIT_CIVILIZATION_GROTE_RIVIEREN_DESCRIPTION">
      <Text>Bir nehrin yanindaysa Kampüsler, Tiyatro Meydanlari ve Sanayi Bölgeleri için büyük bitisiklik bonusu. Bir Liman tamamlanirken bitisik karolara Kültür Bombasi.</Text>
    </Row>
    <Row Tag="LOC_LEADER_WILHELMINA_NAME">
      <Text>Wilhelmina</Text>
    </Row>
    <Row Tag="LOC_TRAIT_RADIO_ORANJE_NAME">
      <Text>Oranje Radyosu</Text>
    </Row>
    <Row Tag="LOC_TRAIT_RADIO_ORANJE_DESCRIPTION">
      <Text>Kendi sehirlerinize giden [ICON_TradeRoute] Ticaret Yollariniz, baslangiç sehri için tur basina +2 Sadakat saglar. [ICON_TradeRoute] Yabanci sehirlere giden veya yabanci sehirlerden gelen Ticaret Yollari size +2 [ICON_Culture] Kültür saglar.</Text>
    </Row>
    <Row Tag="LOC_IMPROVEMENT_POLDER_NAME">
      <Text>Polder</Text>
    </Row>
    <Row Tag="LOC_IMPROVEMENT_POLDER_DESCRIPTION">
      <Text>Hollanda'ya özgü bir Polder insa etmek için Insaatçi yeteneginin kilidini açar. [NEWLINE][NEWLINE]+1 [ICON_FOOD] Gida, +1 [ICON_Production] Üretim ve +0,5 [ICON_Housing] Konut. Bir Polder iyilestirmesine bitisikse +1 [ICON_FOOD] Gida. Yurttaslik ve Teknoloji Agacinda ilerledikçe ilave [ICON_PRODUCTION] Üretim, [ICON_GOLD] Altin ve [ICON_FOOD] Gida. Geçilebilir 3 veya daha fazla kara karesine bitisik bir Kiyi veya Göl karesine yerlestirilmelidir. Karonun [ICON_Movement] Hareket Maliyetini 3'e yükseltir.</Text>
    </Row>
    <!-- Jerusalem -->
    <!-- XP2 -->
    <Row Tag="LOC_BUILDING_TSIKHE_DESCRIPTION_XP2">
      <Text>Gürcistan'a özgü bir bina. Rönesans Surlarindan daha düsük [ICON_Production] Üretim maliyeti ve daha yüksek dis savunma. Sivil Koruma seviyesine ilerledikten sonra +3 [ICON_TOURISM] Turizm saglar. +4 [ICON_Faith] Inanç saglar. Altin Cag'dayken [ICON_TOURISM] Turizm ve [ICON_FAITH] Inanç +100%.'dür.</Text>
    </Row>
  </EnglishText>
</GameData>