﻿<?xml version="1.0" encoding="utf-8"?>
<GameData>
  <EnglishText>
    <Row Tag="LOC_DIPLO_MODIFIER_DESCRIPTION_GOSSIP_POSITIVE">
      <Text>Bu kadar çok bilgi paylasmaniza bayiliyorlar</Text>
    </Row>
    <Row Tag="LOC_DIPLO_MODIFIER_DESCRIPTION_GOSSIP_NEGATIVE">
      <Text>Sizden dedikodu alamadiklari için mutsuzlar</Text>
    </Row>
    <Row Tag="LOC_DIPLO_MODIFIER_DESCRIPTION_SYCOPHANT_GOLDEN_AGE">
      <Text>Sizi Altin Cag'da görmekten mutlular</Text>
    </Row>
    <Row Tag="LOC_DIPLO_MODIFIER_DESCRIPTION_SYCOPHANT_DARK_AGE">
      <Text>Karanlik Cag'da oldugunuz için hayal kirikligina ugradilar</Text>
    </Row>
    <Row Tag="LOC_DIPLO_MODIFIER_DESCRIPTION_SYMPATHIZER_DARK_AGE">
      <Text>Karanlik Cagi atlatirken size destek oluyorlar</Text>
    </Row>
    <Row Tag="LOC_DIPLO_MODIFIER_DESCRIPTION_SYMPATHIZER_GOLDEN_AGE">
      <Text>Altin Caginizi kiskaniyorlar</Text>
    </Row>
    <!-- Troops on border pledge modifiers -->
    <Row Tag="LOC_DIPLO_MODIFIER_BROKEN_PLEDGE">
      <Text>Askerlerimizi sinirlarindan çekme sözümüzü tutmadik</Text>
    </Row>
    <Row Tag="LOC_DIPLO_MODIFIER_KEPT_PLEDGE">
      <Text>Askerlerimizi sinirlarindan çekme sözümüzü tuttuk</Text>
    </Row>
    <Row Tag="LOC_DIPLO_MODIFIER_NO_PLEDGE">
      <Text>Askerlerimizi sinirlarindan çekme sözü vermemeye karar verdik</Text>
    </Row>
    <Row Tag="LOC_DIPLO_MODIFIER_SHARED_EMERGENCY">
      <Text>Ayni kisiye karsi acil bir duruma katildik</Text>
    </Row>
  </EnglishText>
</GameData>