﻿<?xml version="1.0" encoding="utf-8"?>
<GameData>
  <EnglishText>
    <!-- Combat Modifiers -->
    <Row Tag="LOC_GOVERNOR_DESCRIPTOR_PREVIEW_TEXT">
      <Text>(Vali)</Text>
    </Row>
    <Row Tag="LOC_ALLIANCE_DESCRIPTOR_PREVIEW_TEXT">
      <Text>(Ittifak)</Text>
    </Row>
    <Row Tag="LOC_COMBAT_PREVIEW_DIPLOMATIC_BONUS">
      <Text>+{1_Value} Son Diplomatik Degisim</Text>
    </Row>
    <Row Tag="LOC_COMBAT_PREVIEW_ESPIONAGE_BONUS">
      <Text>+{1_Value} Rakibin hareketleri hakkinda bilgi</Text>
    </Row>
    <Row Tag="LOC_COMBAT_PREVIEW_CITY_COMBAT_BONUS">
      <Text>+{1_Value} Garnizon Komutani</Text>
    </Row>
    <Row Tag="LOC_COMBAT_PREVIEW_ALLIANCE_MILITARY_BUFF">
      <Text>Askeri Ittifak'tan +{1_Value}</Text>
    </Row>
    <Row Tag="LOC_COMBAT_PREVIEW_EMERGENCY_MILITARY_BUFF">
      <Text>[COLOR_RED]{1_Value: number +# -#}[ENDCOLOR] from Emergency</Text>
    </Row>
    <Row Tag="LOC_COMBAT_PREVIEW_ALLIANCE_RELIGIOUS_COMBAT_BUFF">
      <Text>Religious Alliance'tan +{1_Value}</Text>
    </Row>
    <Row Tag="LOC_COMBAT_PREVIEW_ANTI_AIR_DEFENSE_BONUS_DESC">
      <Text>+{1_Value} güçlendirilmis Anti-Hava savunmalari</Text>
    </Row>
    <Row Tag="LOC_COMBAT_PREVIEW_RELIGIOUS_CITY_BONUS">
      <Text>+{1_Value} Büyük Engizisyon valisi terfisi</Text>
    </Row>
    <Row Tag="LOC_COMBAT_PREVIEW_LESS_EFFECTIVE_VS_LAND_UNITS_DESC">
      <Text>-{1_Value} Kara birimlerine karsi daha az etkili</Text>
    </Row>
    <Row Tag="LOC_COMBAT_PREVIEW_LESS_EFFECTIVE_VS_NAVAL_UNITS_DESC">
      <Text>-{1_Value} Deniz birliklerine karsi daha az etkili</Text>
    </Row>
    <Row Tag="LOC_HUD_CITY_GROWTH_OCCUPIED">
      <Text>Dolu: büyüme yok</Text>
    </Row>
    <Row Tag="LOC_REPORTS_LOYALTY">
      <Text>Sadakat</Text>
    </Row>
    <Row Tag="LOC_REPORTS_GOVERNOR">
      <Text>Vali</Text>
    </Row>
    <Row Tag="LOC_POST_COMBAT_LOYALTY_PLUS">
      <Text>[COLOR_LIGHTBLUE]+{1_Num} Sadakat [ENDCOLOR]</Text>
    </Row>
    <Row Tag="LOC_POST_COMBAT_LOYALTY_MINUS">
      <Text>[COLOR_RED]{1_Num} Sadakat [ENDCOLOR]</Text>
    </Row>
    <Row Tag="LOC_HUD_CITY_AMENITIES_LOST_FROM_GOVERNORS">
      <Text>Valilerin sagladigi olanaklar:</Text>
    </Row>
    <Row Tag="LOC_HUD_CITY_OCCUPIED_LOYALITY_STATUS">
      <Text>Dolu: {1_LoyalityStatus}</Text>
    </Row>
    <Row Tag="LOC_NO_GOVERNORS_TITLE_AVAILABLE">
      <Text>Mevcut Vali Basligi Yok</Text>
    </Row>
    <Row Tag="LOC_GOVERNORS_TITLE">
      <Text>YÖNETICILER</Text>
    </Row>
    <Row Tag="LOC_LOYALTY_PANEL_UNMET_CIV">
      <Text>Karsilanmamis Uygarlik</Text>
    </Row>
    <Row Tag="LOC_GREAT_PEOPLE_PATRONAGE_FAITH_OFF">
      <Text>[COLOR_RED]Harcama [ICON_Faith] Himayeye olan inanç mevcut politikalarinizdan biri tarafindan devre disi birakilmistir. [ENDCOLOR]</Text>
    </Row>
    <Row Tag="LOC_GREAT_PEOPLE_PATRONAGE_GOLD_OFF">
      <Text>[COLOR_RED]Himaye için altin harcamak [ICON_Gold] mevcut politikalarinizdan biri tarafindan devre disi birakildi. [ENDCOLOR]</Text>
    </Row>
    <Row Tag="LOC_UNITOPERATIONS_CANNOT_REPAIR_BLOCKED_BY_POLICY">
      <Text>Politika seçimi nedeniyle bu bölgede iyilestirme yapilamiyor</Text>
    </Row>
    <!-- Alliance Text -->
    <Row Tag="LOC_DIPLOACTION_INVALID_REASON_YOU_HAVE_THIS_ALLIANCE">
      <Text>Baska bir uygarlikla zaten bu tür bir Ittifakiniz var.</Text>
    </Row>
    <Row Tag="LOC_DIPLOACTION_INVALID_REASON_THEY_HAVE_THIS_ALLIANCE">
      <Text>{1_OtherCiv} zaten baska bir medeniyetle bu türden bir Ittifaka sahiptir.</Text>
    </Row>
    <Row Tag="LOC_DIPLOMACY_ALLIANCE_LEVEL_COLON_INPUT">
      <Text>Ittifak Seviyesi: {1_AllianceLevel}</Text>
    </Row>
    <Row Tag="LOC_DIPLOMACY_ALLIANCE_LEVEL_COLON">
      <Text>Ittifak Seviyesi:</Text>
    </Row>
    <Row Tag="LOC_DIPLOMACY_ALLIANCE_LEVEL">
      <Text>Ittifak Seviyesi</Text>
    </Row>
    <Row Tag="LOC_DIPLOMACY_ALLIANCE_POINTS_COLON">
      <Text>Ittifak Puanlari:</Text>
    </Row>
    <Row Tag="LOC_DIPLOMACY_ALLIANCE_POINTS_PER_TURN">
      <Text>+{1_PointsPerTurn}</Text>
    </Row>
    <Row Tag="LOC_DIPLOMACY_ALLIANCE_POINTS_NEEDED">
      <Text>\ {1_PointsNeeded}</Text>
    </Row>
    <Row Tag="LOC_DIPLOMACY_ALLIANCE_CURRENT">
      <Text>Mevcut ittifak: {1_AllianceTypeName}</Text>
    </Row>
    <Row Tag="LOC_DIPLOMACY_ALLIANCE_LEVEL_BUTTON_TOOLTIP">
      <Text>Hangi Ittifak avantajlarina erisebileceginiz de dahil olmak üzere, bu liderle Ittifak Seviyeniz hakkinda önemli bilgileri görüntüleyin.</Text>
    </Row>
    <Row Tag="LOC_DIPLOMACY_ALLIANCE_SCIENCE_NAME_LEVEL">
      <Text>Arastirma Ittifaki seviyesi {1_AllianceLevel}</Text>
    </Row>
    <Row Tag="LOC_DIPLOMACY_ALLIANCE_CULTURAL_NAME_LEVEL">
      <Text>Kültürel Ittifak seviyesi {1_AllianceLevel}</Text>
    </Row>
    <Row Tag="LOC_DIPLOMACY_ALLIANCE_ECONOMIC_NAME_LEVEL">
      <Text>Ekonomik Ittifak seviyesi {1_AllianceLevel}</Text>
    </Row>
    <Row Tag="LOC_DIPLOMACY_ALLIANCE_MILITARY_NAME_LEVEL">
      <Text>Askeri Ittifak seviyesi {1_AllianceLevel}</Text>
    </Row>
    <Row Tag="LOC_DIPLOMACY_ALLIANCE_RELIGIOUS_NAME_LEVEL">
      <Text>Dini Ittifak seviyesi {1_AllianceLevel}</Text>
    </Row>
    <Row Tag="LOC_ALLIANCE_RESEARCH">
      <Text>Arastirma Birligi</Text>
    </Row>
    <Row Tag="LOC_ALLIANCE_CULTURAL">
      <Text>Kültürel Ittifak</Text>
    </Row>
    <Row Tag="LOC_ALLIANCE_MILITARY">
      <Text>Askeri Ittifak</Text>
    </Row>
    <Row Tag="LOC_ALLIANCE_ECONOMIC">
      <Text>Ekonomik Ittifak</Text>
    </Row>
    <Row Tag="LOC_ALLIANCE_RELIGIOUS">
      <Text>Dini Ittifak</Text>
    </Row>
    <Row Tag="LOC_DIPLO_CHOICE_ALLIANCE_RESEARCH">
      <Text>Bir Arastirma Ittifaki Olusturun</Text>
    </Row>
    <Row Tag="LOC_DIPLO_CHOICE_ALLIANCE_CULTURAL">
      <Text>Kültürel Ittifak Olusturun</Text>
    </Row>
    <Row Tag="LOC_DIPLO_CHOICE_ALLIANCE_MILITARY">
      <Text>Askeri Ittifak Olusturun</Text>
    </Row>
    <Row Tag="LOC_DIPLO_CHOICE_ALLIANCE_ECONOMIC">
      <Text>Ekonomik Ittifak Olusturun</Text>
    </Row>
    <Row Tag="LOC_DIPLO_CHOICE_ALLIANCE_RELIGIOUS">
      <Text>Bir Dini Ittifak Olusturun</Text>
    </Row>
    <Row Tag="LOC_DIPLO_CHOICE_RENEW_ALLIANCE">
      <Text>Yenileme Ittifaki</Text>
    </Row>
    <Row Tag="LOC_DIPLOMACY_ALLIANCES">
      <Text>Ittifaklar</Text>
    </Row>
    <Row Tag="LOC_DIPLOMACY_ALLIANCES_TT">
      <Text>Bu güçle bir Ittifak önerin</Text>
    </Row>
    <Row Tag="LOC_DIPLOMACY_RENEW_ALLIANCE_TT">
      <Text>Bu güçle mevcut Ittifakinizin süresini uzatmayi teklif edin</Text>
    </Row>
    <Row Tag="LOC_DIPLOMACY_ALLIANCES_CURRENT_BENEFITS_HEADER">
      <Text>Mevcut Ittifakiniz bu avantajlari saglamaktadir:</Text>
    </Row>
    <Row Tag="LOC_DIPLOMACY_ALLIANCES_LEVEL_UP_BENEFITS_HEADER">
      <Text>Bir sonraki Ittifak Seviyesinde, Ittifaklariniz bu ek avantajlara sahip olacak:</Text>
    </Row>
    <Row Tag="LOC_WORLD_RANKINGS_CULTURE_TOURIST_TOOLTIP_ALLIANCES">
      <Text>{1_Tooltip}[NEWLINE]Genel [ICON_Tourism] Turizm Ittifaklardan +{2_Percent} Artti</Text>
    </Row>
    <Row Tag="LOC_PLAYER_YIELD_SCIENCE_MODIFIER_FROM_ALLIANCES">
      <Text>{Deger : sayi +# -#}% ({GerçekDeger : sayi +#.# -#.#}) Ittifaklardan</Text>
    </Row>
    <Row Tag="LOC_PLAYER_YIELD_CULTURE_FROM_ALLIANCES">
      <Text>{Deger : sayi +#.# -#.#}% ({GerçekDeger : sayi +#.# -#.#}) Ittifaklardan</Text>
    </Row>
    <Row Tag="LOC_PLAYER_YIELD_FAITH_FROM_ALLIANCES">
      <Text>{Deger : sayi +#.# -#.#} Dini Ittifaklardan</Text>
    </Row>
    <Row Tag="LOC_ALLIANCE_SHARED_VIS_EFFECT">
      <Text>Paylasilan Görünürlük</Text>
    </Row>
    <Row Tag="LOC_ALLIANCE_NO_CULTURE_PRESSURE_EFFECT">
      <Text>Müttefikinizin sehirleri sizinkiler üzerinde Sadakat baskisi olusturmaz ve bunun tersi de geçerlidir</Text>
    </Row>
    <Row Tag="LOC_ALLIANCE_NO_RELIGIOUS_PRESSURE_EFFECT">
      <Text>Müttefikinizin Dini, sizin Dininizin hakim oldugu sehirler üzerinde Dini baski uygulamaz ve bunun tersi de geçerlidir</Text>
    </Row>
    <Row Tag="LOC_ALLIANCE_LV1_MILITARY_EFFECT_1">
      <Text>Sizinle ve müttefikinizle savas halinde olan oyuncularin birimlerine karsi +5 [ICON_Strength] Savas Gücü</Text>
    </Row>
    <Row Tag="LOC_ALLIANCE_LV1_ECONOMIC_EFFECT_1">
      <Text>Müttefikinize giden [ICON_TradeRoute] Ticaret Yollarindan +4 [ICON_GOLD] Altin</Text>
    </Row>
    <Row Tag="LOC_ALLIANCE_LV1_ECONOMIC_EFFECT_2">
      <Text>Müttefikinizden gelen [ICON_TradeRoute] Ticaret Yollarindan +2 [ICON_GOLD] Altin</Text>
    </Row>
    <Row Tag="LOC_ALLIANCE_LV1_RELIGIOUS_EFFECT_1">
      <Text>[ICON_TradeRoute] Ticaret Yollarindan müttefikinize +2 [ICON_FAITH] Inanç</Text>
    </Row>
    <Row Tag="LOC_ALLIANCE_LV1_RELIGIOUS_EFFECT_2">
      <Text>Müttefikinizin Ticaret Yollarindan +1 [ICON_FAITH] Inanç [ICON_TradeRoute]</Text>
    </Row>
    <Row Tag="LOC_ALLIANCE_LV1_CULTURAL_EFFECT_1">
      <Text>[ICON_TradeRoute] Ticaret Yollarindan müttefikinize +2 [ICON_Culture] Kültür</Text>
    </Row>
    <Row Tag="LOC_ALLIANCE_LV1_CULTURAL_EFFECT_2">
      <Text>Müttefikinizden gelen [ICON_TradeRoute] Ticaret Yollarindan +1 [ICON_Culture] Kültür</Text>
    </Row>
    <Row Tag="LOC_ALLIANCE_LV1_RESEARCH_EFFECT_1">
      <Text>[ICON_TradeRoute] Ticaret Yollarindan müttefikinize +2 [ICON_SCIENCE] Bilim</Text>
    </Row>
    <Row Tag="LOC_ALLIANCE_LV1_RESEARCH_EFFECT_2">
      <Text>Müttefikinizin Ticaret Yollarindan +1 [ICON_SCIENCE] Bilim [ICON_TradeRoute]</Text>
    </Row>
    <Row Tag="LOC_ALLIANCE_LV2_ECONOMIC_EFFECT_1">
      <Text>Müttefikinizin Suzerain oldugu her Sehir Devleti için Bonus [ICON_Envoy] Elçi Puani</Text>
    </Row>
    <Row Tag="LOC_ALLIANCE_LV2_MILITARY_EFFECT_1">
      <Text>Siz veya müttefikiniz savastayken askeri birimlere yönelik +%15 [ICON_PRODUCTION] Üretim</Text>
    </Row>
    <Row Tag="LOC_ALLIANCE_LV2_RELIGIOUS_EFFECT_1">
      <Text>+10 Dinsel Olmayan Dinlere Karsi Dinsel Savas Gücü</Text>
    </Row>
    <Row Tag="LOC_ALLIANCE_LV2_RESEARCH_EFFECT_1">
      <Text>Her 30 turda bir (Standartta), müttefikinizin arastirdigi veya güçlendirdigi, ancak sizin arastirmadiginiz bir teknoloji için bir [ICON_TechBoosted] Eureka kilidini açarsiniz</Text>
    </Row>
    <Row Tag="LOC_ALLIANCE_LV2_CULTURAL_EFFECT_1">
      <Text>[ICON_District] Bölgelerinizin her biri, o sehirden müttefikinize giden bir [ICON_TradeRoute] Ticaret Yolunuz varsa, tur basina ek bir [ICON_GreatPerson] Büyük Kisi Puani verir</Text>
    </Row>
    <Row Tag="LOC_ALLIANCE_LV3_MILITARY_EFFECT_1">
      <Text>Birimler ücretsiz Promosyon ile baslar</Text>
    </Row>
    <Row Tag="LOC_ALLIANCE_LV3_RELIGIOUS_EFFECT_1">
      <Text>Müttefikinizin dinini takip eden her [ICON_Citizen] Vatandasiniz için +1 [ICON_FAITH] Inanç</Text>
    </Row>
    <Row Tag="LOC_ALLIANCE_LV3_RELIGIOUS_EFFECT_2">
      <Text>Müttefikinizin Dininin takipçisi olmayan sehirlerde Bonus Dini Baski</Text>
    </Row>
    <Row Tag="LOC_ALLIANCE_LV3_RESEARCH_EFFECT_1">
      <Text>Siz veya müttefikiniz digerinin tamamladigi bir teknolojiyi arastirirken veya ayni teknolojiyi arastirirken +%10 [ICON_SCIENCE] Bilim</Text>
    </Row>
    <Row Tag="LOC_ALLIANCE_LV3_CULTURAL_EFFECT_1">
      <Text>Sehirlerden müttefikinizin [ICON_Tourism] Turizminin +%20'sini kazanirsiniz</Text>
    </Row>
    <Row Tag="LOC_ALLIANCE_LV3_CULTURAL_EFFECT_2">
      <Text>Sehirlerden müttefikinizin [ICON_Culture] Kültürünün +%10'unu kazanirsiniz</Text>
    </Row>
    <Row Tag="LOC_ALLIANCE_LV3_ECONOMIC_EFFECT">
      <Text>Suzerain benzersiz bonuslarini müttefikinizle paylasin</Text>
    </Row>
    <Row Tag="LOC_ALLIANCE_POINTS_FROM_DEFAULT">
      <Text>{1_Amount} Müttefik olmak için puanlar</Text>
    </Row>
    <Row Tag="LOC_ALLIANCE_POINTS_FROM_TRADE_ROUTES_TO_THEM">
      <Text>[NEWLINE]{1_Amount} Müttefikinize bir [ICON_TradeRoute] Ticaret Rotasina sahip olmanin puanlari</Text>
    </Row>
    <Row Tag="LOC_ALLIANCE_POINTS_FROM_TRADE_ROUTES_FROM_THEM">
      <Text>[NEWLINE]{1_Amount} Müttefikinizden bir [ICON_TradeRoute] Ticaret Rotasina sahip olmaktan gelen puanlar</Text>
    </Row>
    <Row Tag="LOC_ALLIANCE_POINTS_FROM_COMMON_ENEMY">
      <Text>[NEWLINE]{1_Amount} Ortak bir düsmana karsi savas ilan etmenin puanlari</Text>
    </Row>
    <Row Tag="LOC_ALLIANCE_POINTS_FROM_YOUR_MODIFIER">
      <Text>[NEWLINE]{1_Amount} Diger kaynaklarinizdan puanlar</Text>
    </Row>
    <Row Tag="LOC_ALLIANCE_POINTS_FROM_THEIR_MODIFIER">
      <Text>[NEWLINE]{1_Amount} Müttefikinizin diger kaynaklarindan gelen puanlar</Text>
    </Row>
    <!-- New Government Text -->
    <Row Tag="LOC_GOVT_POLICY_TYPE_DARKAGE">
      <Text>Karanlik Cag Politikalari</Text>
    </Row>
    <Row Tag="LOC_GOVT_INHERENT_BONUS_AUTOCRACY_XP1">
      <Text>Bir sehirdeki her hükümet binasi ve saray için tüm verimlere +1.</Text>
    </Row>
    <Row Tag="LOC_GOVT_INHERENT_BONUS_OLIGARCHY_XP1">
      <Text>Tüm kara yakin muharebe, süvari karsiti ve deniz yakin muharebe sinifi birimleri +4 [ICON_Strength] Savas Gücü kazanir.</Text>
    </Row>
    <Row Tag="LOC_GOVT_INHERENT_BONUS_CLASSREP_XP1">
      <Text>Bölgesi olan tüm sehirler +1 [ICON_Housing] Konut ve +1 [ICON_Amenities] Cevre kazanir.</Text>
    </Row>
    <Row Tag="LOC_GOVT_INHERENT_BONUS_MONARCHY_XP1">
      <Text>Duvarlarin her seviyesi için +1 [ICON_Housing] Konut.</Text>
    </Row>
    <Row Tag="LOC_GOVT_INHERENT_BONUS_THEOCRACY_XP1">
      <Text>+5 [ICON_Religion] Teolojik Savasta Dini Güç. [NEWLINE]+0,5 [ICON_Faith] Valileri olan sehirlerde [ICON_Citizen] Vatandas basina Inanç [ICON_Governor].</Text>
    </Row>
    <Row Tag="LOC_GOVT_INHERENT_BONUS_MERCHREP_XP1">
      <Text>Yerlesik [ICON_Governor] Valisi olan tüm sehirlerde +%10 [ICON_GOLD] Altin.</Text>
    </Row>
    <Row Tag="LOC_GOVT_INHERENT_BONUS_FASCISM_XP1">
      <Text>Tüm birimler +5 [ICON_Strength] Savas Gücü kazanir.  Savas Yorgunlugu 15 azalir%.</Text>
    </Row>
    <Row Tag="LOC_GOVT_INHERENT_BONUS_COMMUNISM_XP1">
      <Text>Valilerin [ICON_Governor] bulundugu sehirlerde [ICON_Citizen] Vatandas basina +0,6 [ICON_Production] Üretim.</Text>
    </Row>
    <Row Tag="LOC_GOVT_INHERENT_BONUS_DEMOCRACY_XP1">
      <Text>Bölge basina +1 [ICON_Production] Üretim, +1 [ICON_Housing] Konut.</Text>
    </Row>
    <Row Tag="LOC_GOVT_ACCUMULATED_BONUS_BRIEF_AUTOCRACY_XP1">
      <Text>Harikalar için +%10 Üretim.</Text>
    </Row>
    <Row Tag="LOC_GOVT_ACCUMULATED_BONUS_BRIEF_OLIGARCHY_XP1">
      <Text>+%20 Birim Deneyimi.</Text>
    </Row>
    <Row Tag="LOC_GOVT_ACCUMULATED_BONUS_BRIEF_CLASSREP_XP1">
      <Text>+%15 Harika Insan puani.</Text>
    </Row>
    <Row Tag="LOC_GOVT_ACCUMULATED_BONUS_BRIEF_MONARCHY_XP1">
      <Text>+%50 Etki Puani.</Text>
    </Row>
    <Row Tag="LOC_GOVT_ACCUMULATED_BONUS_BRIEF_THEOCRACY_XP1">
      <Text>[ICON_Faith] Inanç ile Yapilan Alisverislerde %15 Indirim.</Text>
    </Row>
    <Row Tag="LOC_GOVT_ACCUMULATED_BONUS_BRIEF_MERCHREP_XP1">
      <Text>Ilçelere yönelik +%15 Üretim.</Text>
    </Row>
    <Row Tag="LOC_GOVT_ACCUMULATED_BONUS_BRIEF_FASCISM_XP1">
      <Text>Birimlere dogru +%50 Üretim.</Text>
    </Row>
    <Row Tag="LOC_GOVT_ACCUMULATED_BONUS_BRIEF_COMMUNISM_XP1">
      <Text>+%15 Üretim.</Text>
    </Row>
    <Row Tag="LOC_GOVT_ACCUMULATED_BONUS_BRIEF_DEMOCRACY_XP1">
      <Text>[ICON_Gold] Altin ile Alisverislerde %25 Indirim.</Text>
    </Row>
    <Row Tag="LOC_TOOLTIP_UNLOCKS_POLICY_CARD">
      <Text>{1_PolicyName} kilidini açar Poliçe Karti.</Text>
    </Row>
    <Row Tag="LOC_ABILITY_OLIGARCHY_LEGACY_MELEE_BUFF_MODIFIER_DESCRIPTION">
      <Text>Oligarsik Mirastan +4</Text>
    </Row>
    <Row Tag="LOC_ABILITY_THEOCRACY_LEGACY_RELIGIOUS_BUFF_MODIFIER_DESCRIPTION">
      <Text>Teokratik Mirastan +5</Text>
    </Row>
    <Row Tag="LOC_ABILITY_FASCISM_LEGACY_ATTACK_BUFF_MODIFIER_DESCRIPTION">
      <Text>Fasist Mirastan +5</Text>
    </Row>
    <!-- Governors UI -->
    <Row Tag="LOC_GOVERNORS_SCREEN_TAB_OWNED_GOVERNORS">
      <Text>Mevcut Valiler</Text>
    </Row>
    <Row Tag="LOC_GOVERNORS_SCREEN_TAB_GOVERNOR_CANDIDATES">
      <Text>Adaylar</Text>
    </Row>
    <Row Tag="LOC_GOVERNORS_SCREEN_BUTTON_APPOINT_GOVERNOR">
      <Text>Atama</Text>
    </Row>
    <Row Tag="LOC_GOVERNORS_SCREEN_DETAILS">
      <Text>Detaylar</Text>
    </Row>
    <Row Tag="LOC_GOVERNORS_SCREEN_PROMOTE">
      <Text>Tesvik etmek</Text>
    </Row>
    <Row Tag="LOC_GOVERNORS_SCREEN_VIEW_PROMOTIONS">
      <Text>Promosyonlari Görüntüle</Text>
    </Row>
    <Row Tag="LOC_GOVERNORS_SCREEN_GOVERNOR_ESTABLISHED_IN">
      <Text>Kuruldugu yer:</Text>
    </Row>
    <Row Tag="LOC_GOVERNORS_SCREEN_GOVERNOR_TRANSITIONING_TO">
      <Text>Siyasi gücün kurulmasi:</Text>
    </Row>
    <Row Tag="LOC_GOVERNORS_SCREEN_GOVERNOR_NEEDS_ASSIGNMENT">
      <Text>Ihtiyaç Atamasi</Text>
    </Row>
    <Row Tag="LOC_GOVERNOR_ASSIGNMENT_REPLACES">
      <Text>Yerine geçer:</Text>
    </Row>
    <Row Tag="LOC_GOVERNOR_ASSIGNMENT_CONFIRM_REPLACEMENT">
      <Text>VALININ YERINI MI ALACAK? Bu sehirde valinin yerini bu vali alacak.</Text>
    </Row>
    <Row Tag="LOC_GOVERNOR_ASSIGNMENT_PLUS_PRESSURE">
      <Text>{1_Pressure: sayi +# -#}</Text>
    </Row>
    <Row Tag="LOC_GOVERNOR_ASSIGNMENT_IS_ESTABLISHED">
      <Text>{1_Name} ({2_Type}) bu sehirde kurulmustur</Text>
    </Row>
    <Row Tag="LOC_GOVERNOR_ASSIGNMENT_IS_ESTABLISHING">
      <Text>{1_Name} ({2_Type}) bu sehirde kuruluyor</Text>
    </Row>
    <Row Tag="LOC_GOVERNOR_ASSIGNMENT_NO_GOVERNOR">
      <Text>Atanmis Vali Yok</Text>
    </Row>
    <Row Tag="LOC_GOVERNOR_ASSIGNMENT_CURRENT_IDENTITY_PRESSURE_TOOLTIP">
      <Text>Dönüs Basina Mevcut Sadakat</Text>
    </Row>
    <Row Tag="LOC_GOVERNOR_ASSIGNMENT_FUTURE_IDENTITY_PRESSURE_TOOLTIP">
      <Text>Bu Vali ile tur basina sadakat Kuruldu</Text>
    </Row>
    <Row Tag="LOC_GOVERNORS_SCREEN_GOVERNOR_TRANSITION_TURNS">
      <Text>{1_NumTurns} Dönüsler</Text>
    </Row>
    <Row Tag="LOC_GOVERNORS_SCREEN_GOVERNOR_TURNS_UNTIL_ESTABLISHED">
      <Text>{1_NumTurns} Yerlesene kadar döner</Text>
    </Row>
    <Row Tag="LOC_GOVERNORS_SCREEN_GOVERNOR_NAME_WITH_TURNS">
      <Text>{1_GovernorName} ({2_Turns} {2_Turns : plural 1?Turn  other?Turns })</Text>
    </Row>
    <Row Tag="LOC_GOVERNORS_SCREEN_NEUTRALIZED">
      <Text>Nötralize edildi:</Text>
    </Row>
    <Row Tag="LOC_GOVERNORS_SCREEN_NEUTRALIZED_TURNS_REMAINING">
      <Text>({1_Turns} daha fazla {1_Turns : plural 1?turn  other?turns })</Text>
    </Row>
    <Row Tag="LOC_GOVERNORS_SCREEN_GOVERNOR_CANDIDATE">
      <Text>Vali Adayi</Text>
    </Row>
    <Row Tag="LOC_GOVERNORS_SCREEN_GOVERNOR_ASSIGN_TO">
      <Text>{1_GovernorName}'ye atayin:</Text>
    </Row>
    <Row Tag="LOC_GOVERNORS_BASE_ABILITY_HEADER_TEXT">
      <Text>Temel Yetenek:</Text>
    </Row>
    <Row Tag="LOC_GOVERNORS_PROMOTIONS_HEADER_TEXT">
      <Text>Promosyonlar:</Text>
    </Row>
    <Row Tag="LOC_GOVERNORS_SCREEN_CHANGE_ASSIGNMENT">
      <Text>Sehir atamasini degistir</Text>
    </Row>
    <Row Tag="LOC_GOVERNORS_GRANT_PROMOTION">
      <Text>Hibe Tanitimi</Text>
    </Row>
    <Row Tag="LOC_GOVERNORS_GOVERNOR_NEUTRALIZED">
      <Text>Görev Disi</Text>
    </Row>
    <Row Tag="LOC_GOVERNORS_CANCEL_PROMOTE_PROMPT">
      <Text>Bu ekrandan ayrilirsaniz seçilen promosyon uygulanmayacaktir. Devam etmek istiyor musunuz?</Text>
    </Row>
    <!-- Governors -->
    <Row Tag="LOC_GOVERNOR_THE_DEFENDER_NAME">
      <Text>Victor</Text>
    </Row>
    <Row Tag="LOC_GOVERNOR_THE_AMBASSADOR_NAME">
      <Text>Amani</Text>
    </Row>
    <Row Tag="LOC_GOVERNOR_THE_CARDINAL_NAME">
      <Text>Moksha</Text>
    </Row>
    <Row Tag="LOC_GOVERNOR_THE_RESOURCE_MANAGER_NAME">
      <Text>Magnus</Text>
    </Row>
    <Row Tag="LOC_GOVERNOR_THE_BUILDER_NAME">
      <Text>Liang</Text>
    </Row>
    <Row Tag="LOC_GOVERNOR_THE_EDUCATOR_NAME">
      <Text>Pingala</Text>
    </Row>
    <Row Tag="LOC_GOVERNOR_THE_MERCHANT_NAME">
      <Text>Reyna</Text>
    </Row>
    <Row Tag="LOC_GOVERNOR_THE_DEFENDER_TITLE">
      <Text>Castellan</Text>
    </Row>
    <Row Tag="LOC_GOVERNOR_THE_AMBASSADOR_TITLE">
      <Text>Diplomat</Text>
    </Row>
    <Row Tag="LOC_GOVERNOR_THE_CARDINAL_TITLE">
      <Text>Kardinal</Text>
    </Row>
    <Row Tag="LOC_GOVERNOR_THE_RESOURCE_MANAGER_TITLE">
      <Text>Görevli</Text>
    </Row>
    <Row Tag="LOC_GOVERNOR_THE_BUILDER_TITLE">
      <Text>Sörveyör</Text>
    </Row>
    <Row Tag="LOC_GOVERNOR_THE_EDUCATOR_TITLE">
      <Text>Egitimci</Text>
    </Row>
    <Row Tag="LOC_GOVERNOR_THE_MERCHANT_TITLE">
      <Text>Finansçi</Text>
    </Row>
    <Row Tag="LOC_GOVERNOR_THE_DEFENDER_SHORT_TITLE">
      <Text>Castellan</Text>
    </Row>
    <Row Tag="LOC_GOVERNOR_THE_AMBASSADOR_SHORT_TITLE">
      <Text>Diplomat</Text>
    </Row>
    <Row Tag="LOC_GOVERNOR_THE_CARDINAL_SHORT_TITLE">
      <Text>Kardinal</Text>
    </Row>
    <Row Tag="LOC_GOVERNOR_THE_RESOURCE_MANAGER_SHORT_TITLE">
      <Text>Steward</Text>
    </Row>
    <Row Tag="LOC_GOVERNOR_THE_BUILDER_SHORT_TITLE">
      <Text>Sörveyör</Text>
    </Row>
    <Row Tag="LOC_GOVERNOR_THE_EDUCATOR_SHORT_TITLE">
      <Text>Egitimci</Text>
    </Row>
    <Row Tag="LOC_GOVERNOR_THE_MERCHANT_SHORT_TITLE">
      <Text>Finansçi</Text>
    </Row>
    <Row Tag="LOC_GOVERNOR_THE_DEFENDER_DESCRIPTION">
      <Text>Askeri odaklanma, bir sehirde kurulduktan sonra, {LOC_GOVERNOR_THE_DEFENDER_NAME} sehrin güçlendirilmesinde, korunmasinda ve dis tehditlere karsi savunulmasinda etkili olur.</Text>
    </Row>
    <Row Tag="LOC_GOVERNOR_THE_AMBASSADOR_DESCRIPTION">
      <Text>Uygarliginiz için destek kazanma ve etkisini yakin sehirlere yayma konusunda yeteneklidir. {LOC_GOVERNOR_THE_AMBASSADOR_NAME} bir sehir devletinde yabanci görev verilebilecek tek validir.</Text>
    </Row>
    <Row Tag="LOC_GOVERNOR_THE_CARDINAL_DESCRIPTION">
      <Text>Bir sehrin [ICON_Religion] Dini Gücünü ve orada konuslanmis Dini birimleri artirabilen Ruhani ve Dini lider. {LOC_GOVERNOR_THE_CARDINAL_NAME} imparatorlugunuzda bir [ICON_FAITH] Inanç isaretidir.</Text>
    </Row>
    <Row Tag="LOC_GOVERNOR_THE_RESOURCE_MANAGER_DESCRIPTION">
      <Text>Girisimci ve yetenekli olan {LOC_GOVERNOR_THE_RESOURCE_MANAGER_NAME}, gerektiginde degerli kaynaklari temin edebilir. Ayrica sehirdeki genel [ICON_PRODUCTION] Üretimi optimize etme konusunda da oldukça yeteneklidir.</Text>
    </Row>
    <Row Tag="LOC_GOVERNOR_THE_EDUCATOR_DESCRIPTION">
      <Text>{LOC_GOVERNOR_THE_EDUCATOR_NAME} kentte [ICON_SCIENCE] Bilimsel ve [ICON_Culture] Kültürel çabalarin gelistirilmesine odaklanmistir. Ayrica [ICON_GreatPerson] Büyük Insanlari sehrine çekme konusunda da oldukça yeteneklidir.</Text>
    </Row>
    <Row Tag="LOC_GOVERNOR_THE_MERCHANT_DESCRIPTION">
      <Text>Kurnaz ve mali açidan bilgili olan {LOC_GOVERNOR_THE_MERCHANT_NAME}, normalde mümkün olandan daha fazlasini saglamak için finansmani kullanarak bir sehrin ekonomik gücünü güçlendirebilir.</Text>
    </Row>
    <Row Tag="LOC_GOVERNOR_THE_BUILDER_DESCRIPTION">
      <Text>Verimlilik konusunda bir uzman olan {LOC_GOVERNOR_THE_BUILDER_NAME}, bina ve insaatla ilgili her konuda yeteneklidir. Uzman bir planlamaci olarak, sehirdeki özel iyilestirmelerin gelisimini de denetleyebilir.</Text>
    </Row>
    <!-- Governor Promotions -->
    <Row Tag="LOC_GOVERNOR_PROMOTION_REDOUBT_NAME">
      <Text>Redoubt</Text>
    </Row>
    <Row Tag="LOC_GOVERNOR_PROMOTION_REDOUBT_DESCRIPTION">
      <Text>Sehir garnizonunun [ICON_Strength] Savas Gücünü +5 artirir.</Text>
    </Row>
    <Row Tag="LOC_GOVERNOR_PROMOTION_GARRISON_COMMANDER_NAME">
      <Text>Garnizon Komutani</Text>
    </Row>
    <Row Tag="LOC_GOVERNOR_PROMOTION_GARRISON_COMMANDER_DESCRIPTION">
      <Text>Sehrin sinirlari içinde savunma yapan birimler +5 [ICON_Strength] Savas Gücü kazanir.</Text>
    </Row>
    <Row Tag="LOC_GOVERNOR_PROMOTION_EMBRASURE_NAME">
      <Text>Embrasure</Text>
    </Row>
    <Row Tag="LOC_GOVERNOR_PROMOTION_EMBRASURE_DESCRIPTION">
      <Text>Sehir her turda ek bir [ICON_Ranged] Menzilli Saldiri kazanir.</Text>
    </Row>
    <Row Tag="LOC_GOVERNOR_PROMOTION_DEFENSE_LOGISTICS_NAME">
      <Text>Savunma Lojistigi</Text>
    </Row>
    <Row Tag="LOC_GOVERNOR_PROMOTION_SECURITY_EXPERT_NAME">
      <Text>Güvenlik Uzmani</Text>
    </Row>
    <Row Tag="LOC_GOVERNOR_PROMOTION_SECURITY_EXPERT_DESCRIPTION">
      <Text>Düsman Casuslari bu sehirde normalin 2 seviye altinda çalisir.</Text>
    </Row>
    <Row Tag="LOC_GOVERNOR_PROMOTION_DEFENSE_LOGISTICS_DESCRIPTION">
      <Text>Sehir kusatma altina alinamaz.</Text>
    </Row>
    <Row Tag="LOC_GOVERNOR_PROMOTION_AIR_DEFENSE_INITIATIVE_NAME">
      <Text>Hava Savunma Girisimi</Text>
    </Row>
    <Row Tag="LOC_GOVERNOR_PROMOTION_AIR_DEFENSE_INITIATIVE_DESCRIPTION">
      <Text>+25 [ICON_Strength] Uçaklara ve ICBM'lere karsi savunma yaparken sehrin sinirlari içindeki hava savunma destek birimlerine Savas Gücü.</Text>
    </Row>
    <Row Tag="LOC_GOVERNOR_PROMOTION_AMBASSADOR_MESSENGER_NAME">
      <Text>Haberci</Text>
    </Row>
    <Row Tag="LOC_GOVERNOR_PROMOTION_AMBASSADOR_MESSENGER_DESCRIPTION">
      <Text>Bir sehir devletine atanabilir ve burada 2 [ICON_Envoy] Elçi olarak görev yapar.</Text>
    </Row>
    <Row Tag="LOC_SETTLER_LOYALTY_WARNING_TOOLTIP">
      <Text>Yakindaki sehirlerin etkisi geçerli olacaktir {1_LoyaltyPerTurnAmount} Buraya yerlesen yeni bir sehre tur basina sadakat. Yeni sehirde bir [ICON_Governor] Vali kullanmayi veya baska bir yere yerlesmeyi düsünün.</Text>
    </Row>
    <Row Tag="LOC_GOVERNOR_PROMOTION_AMBASSADOR_EMISSARY_NAME">
      <Text>Elçi</Text>
    </Row>
    <Row Tag="LOC_GOVERNOR_PROMOTION_AMBASSADOR_EMISSARY_DESCRIPTION">
      <Text>9 tas içinde bulunan ve size ait olmayan diger sehirler tur basina 2 Sadakat kaybeder.</Text>
    </Row>
    <Row Tag="LOC_GOVERNOR_PROMOTION_AMBASSADOR_PRESTIGE_NAME">
      <Text>Prestij</Text>
    </Row>
    <Row Tag="LOC_GOVERNOR_PROMOTION_AMBASSADOR_PRESTIGE_DESCRIPTION">
      <Text>9 tas içindeki diger sehirleriniz uygarliginiza karsi her turda +2 Sadakat kazanir.</Text>
    </Row>
    <Row Tag="LOC_GOVERNOR_PROMOTION_AMBASSADOR_AFFLUENCE_NAME">
      <Text>Refah</Text>
    </Row>
    <Row Tag="LOC_GOVERNOR_PROMOTION_AMBASSADOR_AFFLUENCE_DESCRIPTION">
      <Text>Bir sehir devletinde kuruldugunda, Lüks kaynaklarinin bir kopyasini size saglar.</Text>
    </Row>
    <Row Tag="LOC_GOVERNOR_PROMOTION_AMBASSADOR_PROMOTER_NAME">
      <Text>Organizatör</Text>
    </Row>
    <Row Tag="LOC_GOVERNOR_PROMOTION_AMBASSADOR_PROMOTER_DESCRIPTION">
      <Text>+4 [ICON_Amenities] Sehirdeki olanaklar.</Text>
    </Row>
    <Row Tag="LOC_GOVERNOR_PROMOTION_AMBASSADOR_PUPPETEER_NAME">
      <Text>Kuklaci</Text>
    </Row>
    <Row Tag="LOC_GOVERNOR_PROMOTION_AMBASSADOR_PUPPETEER_DESCRIPTION">
      <Text>Bir sehir devletinde kuruluyken, orada sahip oldugunuz [ICON_Envoy] Elçi sayisini iki katina çikarir.</Text>
    </Row>
    <Row Tag="LOC_GOVERNOR_PROMOTION_CARDINAL_BISHOP_NAME">
      <Text>Piskopos</Text>
    </Row>
    <Row Tag="LOC_GOVERNOR_PROMOTION_CARDINAL_GRAND_INQUISITOR_NAME">
      <Text>Büyük Engizisyoncu</Text>
    </Row>
    <Row Tag="LOC_GOVERNOR_PROMOTION_CARDINAL_DIVINE_ARCHITECT_NAME">
      <Text>Ilahi Mimar</Text>
    </Row>
    <Row Tag="LOC_GOVERNOR_PROMOTION_CARDINAL_LAYING_ON_OF_HANDS_NAME">
      <Text>Ellerin Üzerine Koymak</Text>
    </Row>
    <Row Tag="LOC_GOVERNOR_PROMOTION_CARDINAL_CITADEL_OF_GOD_NAME">
      <Text>Tanri'nin Kalesi</Text>
    </Row>
    <Row Tag="LOC_GOVERNOR_PROMOTION_CARDINAL_PATRON_SAINT_NAME">
      <Text>Koruyucu Aziz</Text>
    </Row>
    <Row Tag="LOC_GOVERNOR_PROMOTION_CARDINAL_BISHOP_DESCRIPTION">
      <Text>Komsu sehirlere yönelik dini baski bu sehirden %100 daha güçlüdür.</Text>
    </Row>
    <Row Tag="LOC_GOVERNOR_PROMOTION_CARDINAL_GRAND_INQUISITOR_DESCRIPTION">
      <Text>+10 [ICON_Religion] Bu sehrin karolarindaki teolojik savasta Dini Güç.</Text>
    </Row>
    <Row Tag="LOC_GOVERNOR_PROMOTION_CARDINAL_DIVINE_ARCHITECT_DESCRIPTION">
      <Text>Sehirdeki Kutsal Alan binalarina yönelik +%20 [ICON_Production] Üretim.</Text>
    </Row>
    <Row Tag="LOC_GOVERNOR_PROMOTION_CARDINAL_LAYING_ON_OF_HANDS_DESCRIPTION">
      <Text>[ICON_Governor] Valinin dini birimleri bu sehrin karolarinda bir turda tamamen iyilesir.</Text>
    </Row>
    <Row Tag="LOC_GOVERNOR_PROMOTION_CARDINAL_CITADEL_OF_GOD_DESCRIPTION">
      <Text>Sehir, [ICON_Governor] Valinin oyuncusu tarafindan kurulmamis Dinlerden gelen baski ve savas etkilerini yok sayar.</Text>
    </Row>
    <Row Tag="LOC_GOVERNOR_PROMOTION_CARDINAL_PATRON_SAINT_DESCRIPTION">
      <Text>Sehirde egitim gören Havariler ve Savasçi Kesisler ilk terfilerini aldiklarinda fazladan 1 terfi alirlar.</Text>
    </Row>
    <Row Tag="LOC_GOVERNOR_PROMOTION_RESOURCE_MANAGER_GROUNDBREAKER_NAME">
      <Text>Zemin Kirici</Text>
    </Row>
    <Row Tag="LOC_GOVERNOR_PROMOTION_RESOURCE_MANAGER_GROUNDBREAKER_DESCRIPTION">
      <Text>Sehirdeki arsa hasatlarindan ve özellik kaldirmalarindan +%50 verim.</Text>
    </Row>
    <Row Tag="LOC_GOVERNOR_PROMOTION_RESOURCE_MANAGER_SURPLUS_LOGISTICS_NAME">
      <Text>Ihtiyaç Fazlasi Lojistik</Text>
    </Row>
    <Row Tag="LOC_GOVERNOR_PROMOTION_RESOURCE_MANAGER_SURPLUS_LOGISTICS_DESCRIPTION">
      <Text>Sehirde +%20 [ICON_Food] Büyüme. Burada biten [ICON_TradeRoute] Ticaret Yollariniz baslangiç sehirlerine +2 [ICON_Food] Gida saglar.</Text>
    </Row>
    <Row Tag="LOC_GOVERNOR_PROMOTION_RESOURCE_MANAGER_EXPEDITION_NAME">
      <Text>Hükümler</Text>
    </Row>
    <Row Tag="LOC_GOVERNOR_PROMOTION_RESOURCE_MANAGER_EXPEDITION_DESCRIPTION">
      <Text>Sehirdeki Sanayi Bölgesi binalari için +%20 [ICON_Production]. Sehirde egitilen yerlesimciler [ICON_Citizen] Nüfus tüketmez.</Text>
    </Row>
    <Row Tag="LOC_GOVERNOR_PROMOTION_RESOURCE_MANAGER_INDUSTRIALIST_NAME">
      <Text>Sanayici</Text>
    </Row>
    <Row Tag="LOC_GOVERNOR_PROMOTION_RESOURCE_MANAGER_INDUSTRIALIST_DESCRIPTION">
      <Text>Sehirdeki her Stratejik kaynaktan tur basina +1 [ICON_Production] Üretim.</Text>
    </Row>
    <Row Tag="LOC_GOVERNOR_PROMOTION_RESOURCE_MANAGER_BLACK_MARKETEER_NAME">
      <Text>Karaborsaci</Text>
    </Row>
    <Row Tag="LOC_GOVERNOR_PROMOTION_RESOURCE_MANAGER_BLACK_MARKETEER_DESCRIPTION">
      <Text>Kaynaklara bagli birimler insa etmek için sehirde stratejik kaynaklar gerekli degildir.</Text>
    </Row>
    <Row Tag="LOC_GOVERNOR_PROMOTION_RESOURCE_MANAGER_VERTICAL_INTEGRATION_NAME">
      <Text>Dikey Entegrasyon</Text>
    </Row>
    <Row Tag="LOC_GOVERNOR_PROMOTION_RESOURCE_MANAGER_VERTICAL_INTEGRATION_DESCRIPTION">
      <Text>Bu sehir, sadece ilkinden degil, 6 karo içindeki tüm Sanayi Bölgelerinden [ICON_Production] Üretim alir.</Text>
    </Row>
    <Row Tag="LOC_GOVERNOR_PROMOTION_BUILDER_GUILDMASTER_NAME">
      <Text>Lonca Yöneticisi</Text>
    </Row>
    <Row Tag="LOC_GOVERNOR_PROMOTION_BUILDER_GUILDMASTER_DESCRIPTION">
      <Text>Sehirde egitilen tüm Insaatçilar +1 insa yükü alir.</Text>
    </Row>
    <Row Tag="LOC_GOVERNOR_PROMOTION_INFRASTRUCTURE_NAME">
      <Text>Altyapi</Text>
    </Row>
    <Row Tag="LOC_GOVERNOR_PROMOTION_INFRASTRUCTURE_DESCRIPTION">
      <Text>Sehir Merkezi ve Hükümet Plaza binalarina yönelik +%30 [ICON_Production] Üretim.</Text>
    </Row>
    <Row Tag="LOC_GOVERNOR_PROMOTION_AQUACULTURE_NAME">
      <Text>Akuakültür</Text>
    </Row>
    <Row Tag="LOC_GOVERNOR_PROMOTION_AQUACULTURE_DESCRIPTION">
      <Text>Balikçilik benzersiz iyilestirmesi sehirde kiyi arazileri üzerine insa edilebilir. 1 [ICON_Food] Yiyecek, bir deniz kaynagina bitisikse +1 [ICON_Food] Yiyecek verir.</Text>
    </Row>
    <Row Tag="LOC_GOVERNOR_PROMOTION_PARKS_RECREATION_NAME">
      <Text>Parklar ve Rekreasyon</Text>
    </Row>
    <Row Tag="LOC_GOVERNOR_PROMOTION_PARKS_RECREATION_DESCRIPTION">
      <Text>Sehir Parki benzersiz iyilestirmesi sehirde insa edilebilir. 2 Cazibe ve 1 [ICON_Culture] Kültür kazandirir. Suya bitisikse +1 [ICON_Amenities] Cevre.</Text>
    </Row>
    <Row Tag="LOC_GOVERNOR_PROMOTION_ZONING_COMMISSIONER_NAME">
      <Text>Imar Komisyonu Üyesi</Text>
    </Row>
    <Row Tag="LOC_GOVERNOR_PROMOTION_ZONING_COMMISSIONER_DESCRIPTION">
      <Text>+20 [ICON_Production] Sehirdeki bölgelerin insasina yönelik üretim.</Text>
    </Row>
    <Row Tag="LOC_GOVERNOR_PROMOTION_ARCHITECT_NAME">
      <Text>Eglence</Text>
    </Row>
    <Row Tag="LOC_GOVERNOR_PROMOTION_ARCHITECT_DESCRIPTION">
      <Text>+%30 [ICON_Production] Sehirdeki Eglence Kompleksi ve Su Parki binalarina yönelik üretim.</Text>
    </Row>
    <Row Tag="LOC_GOVERNOR_PROMOTION_EDUCATOR_LIBRARIAN_NAME">
      <Text>Kütüphaneci</Text>
    </Row>
    <Row Tag="LOC_GOVERNOR_PROMOTION_EDUCATOR_LIBRARIAN_DESCRIPTION">
      <Text>Sehir tarafindan üretilen [ICON_Science] Bilim ve [ICON_Culture] Kültürde %15 artis.</Text>
    </Row>
    <Row Tag="LOC_GOVERNOR_PROMOTION_EDUCATOR_CONNOISSEUR_NAME">
      <Text>Uzman</Text>
    </Row>
    <Row Tag="LOC_GOVERNOR_PROMOTION_EDUCATOR_CONNOISSEUR_DESCRIPTION">
      <Text>Sehirdeki Tiyatro Meydani binalarina yönelik +%20 [ICON_Production] Üretim.</Text>
    </Row>
    <Row Tag="LOC_GOVERNOR_PROMOTION_EDUCATOR_RESEARCHER_NAME">
      <Text>Arastirmaci</Text>
    </Row>
    <Row Tag="LOC_GOVERNOR_PROMOTION_EDUCATOR_RESEARCHER_DESCRIPTION">
      <Text>Sehirdeki Kampüs binalarina yönelik +%20 [ICON_Production] Üretim.</Text>
    </Row>
    <Row Tag="LOC_GOVERNOR_PROMOTION_EDUCATOR_GRANTS_NAME">
      <Text>Hibeler</Text>
    </Row>
    <Row Tag="LOC_GOVERNOR_PROMOTION_EDUCATOR_GRANTS_DESCRIPTION">
      <Text>Sehirde her turda +%100 [ICON_GreatPerson] Büyük Insanlar puani üretilir.</Text>
    </Row>
    <Row Tag="LOC_GOVERNOR_PROMOTION_EDUCATOR_ARMS_RACE_PROPONENT_NAME">
      <Text>Silahlanma Yarisi Savunucusu</Text>
    </Row>
    <Row Tag="LOC_GOVERNOR_PROMOTION_EDUCATOR_ARMS_RACE_PROPONENT_DESCRIPTION">
      <Text>30 [ICON_Production] Sehirdeki tüm nükleer silahlanma projelerine üretim artisi.</Text>
    </Row>
    <Row Tag="LOC_GOVERNOR_PROMOTION_EDUCATOR_SPACE_INITIATIVE_NAME">
      <Text>Uzay Girisimi</Text>
    </Row>
    <Row Tag="LOC_GOVERNOR_PROMOTION_EDUCATOR_SPACE_INITIATIVE_DESCRIPTION">
      <Text>30 [ICON_Production] Sehirdeki tüm mekan-program projelerine üretim artisi.</Text>
    </Row>
    <Row Tag="LOC_GOVERNOR_PROMOTION_MERCHANT_LAND_ACQUISITION_NAME">
      <Text>Arazi Edinimi</Text>
    </Row>
    <Row Tag="LOC_GOVERNOR_PROMOTION_MERCHANT_LAND_ACQUISITION_DESCRIPTION">
      <Text>Sehirde yeni karolari daha hizli edinin.</Text>
    </Row>
    <Row Tag="LOC_GOVERNOR_PROMOTION_MERCHANT_HARBORMASTER_NAME">
      <Text>Liman Baskani</Text>
    </Row>
    <Row Tag="LOC_GOVERNOR_PROMOTION_MERCHANT_HARBORMASTER_DESCRIPTION">
      <Text>Sehirdeki Ticari Merkezler ve Limanlardan çift bitisiklik bonuslari.</Text>
    </Row>
    <Row Tag="LOC_GOVERNOR_PROMOTION_MERCHANT_FOREIGN_EXCHANGE_NAME">
      <Text>Yabanci Para</Text>
    </Row>
    <Row Tag="LOC_GOVERNOR_PROMOTION_MERCHANT_FOREIGN_EXCHANGE_DESCRIPTION">
      <Text>Sehirden geçen her yabanci [ICON_TradeRoute] Ticaret Yolundan tur basina +3 [ICON_Gold] Altin.</Text>
    </Row>
    <Row Tag="LOC_GOVERNOR_PROMOTION_MERCHANT_TARIFFS_NAME">
      <Text>Tarifeler</Text>
    </Row>
    <Row Tag="LOC_GOVERNOR_PROMOTION_MERCHANT_TARIFFS_DESCRIPTION">
      <Text>Sehir içindeki ve disindaki tüm [ICON_TradeRoute] Ticaret Yollarindan tur basina +3 [ICON_Gold] Altin.</Text>
    </Row>
    <Row Tag="LOC_GOVERNOR_PROMOTION_MERCHANT_TAX_COLLECTOR_NAME">
      <Text>Vergi Tahsildari</Text>
    </Row>
    <Row Tag="LOC_GOVERNOR_PROMOTION_MERCHANT_TAX_COLLECTOR_DESCRIPTION">
      <Text>Sehirdeki her [ICON_Citizen] Vatandas için tur basina +2 [ICON_Gold] Altin.</Text>
    </Row>
    <Row Tag="LOC_GOVERNOR_PROMOTION_MERCHANT_CONTRACTOR_NAME">
      <Text>Yüklenici</Text>
    </Row>
    <Row Tag="LOC_GOVERNOR_PROMOTION_MERCHANT_CONTRACTOR_DESCRIPTION">
      <Text>Sehrin [ICON_Gold] Altin ile bölge satin almasini saglar.</Text>
    </Row>
    <Row Tag="LOC_GOVERNOR_PROMOTION_MERCHANT_CURATOR_NAME">
      <Text>Küratör</Text>
    </Row>
    <Row Tag="LOC_GOVERNOR_PROMOTION_MERCHANT_CURATOR_DESCRIPTION">
      <Text>Sehirdeki Büyük Sanat, Müzik ve Yazi Eserlerinden +%100 [ICON_Tourism] Turizm.</Text>
    </Row>
    <Row Tag="LOC_GOVERNOR_ACTION_AVAILABLE">
      <Text>Bir [ICON_Governor] Valiyi terfi ettirebilir veya atayabilirsiniz!</Text>
    </Row>
    <!-- Leader Agendas-->
    <Row Tag="LOC_TOOLTIP_SAMPLE_DIPLOMACY_HORN_CHEST_LOINS">
      <Text>Cok sayida kolordusu ve ordusu olan medeniyetleri sever</Text>
    </Row>
    <Row Tag="LOC_TOOLTIP_SAMPLE_DIPLOMACY_HORSE_LORD">
      <Text>Süvariler için kendisiyle rekabet etmeyen sivilleri sever</Text>
    </Row>
    <Row Tag="LOC_TOOLTIP_SAMPLE_DIPLOMACY_CULTURAL_ID">
      <Text>Sadakati yüksek olan sivilleri sever, ancak düsük olanlari sevmez</Text>
    </Row>
    <!-- Unit Abilities-->
    <Row Tag="LOC_ABILITY_ALPINE_TRAINING_NAME">
      <Text>Alp Egitimi</Text>
    </Row>
    <Row Tag="LOC_ABILITY_ALPINE_TRAINING__DESCRIPTION">
      <Text>Alp Egitimi: Tepelerde savasirken +3 [ICON_Strength] Savas Gücü ve Tepe arazisinde Hareket cezasi yok.</Text>
    </Row>
    <Row Tag="LOC_ABILITY_ALPINE_TRAINING_COMBAT_HILLS_MODIFIER_DESCRIPTION">
      <Text>Tepelerde savasirken +3 [ICON_Strength] Savas Gücü</Text>
    </Row>
    <Row Tag="LOC_ABILITY_RECEIVE_BOMBARD_STRENGTH_BUFF_DESCRIPTION">
      <Text>Yardimci birimden +5 [ICON_Bombard] Bombardiman Gücü</Text>
    </Row>
    <Row Tag="LOC_ABILITY_SCOTTISH_HIGHLANDER_DESCRIPTION">
      <Text>+5 [ICON_Strength] Tepe ve Ormanlarda Savas Gücü bonusu</Text>
    </Row>
    <Row Tag="LOC_ABILITY_MONGOLIAN_KESHIG_DESCRIPTION">
      <Text>Hareket halindeki sivil ve destek birimlerine daha yüksek [ICON_Movement] Hareket hizlarinda eslik edebilir.</Text>
    </Row>
    <Row Tag="LOC_ABILITY_GEORGIAN_KHEVSURETI_DESCRIPTION">
      <Text>Tepe arazisinde savasirken +7 [ICON_Strength] Savas Gücü bonusu. [NEWLINE][ICON_Bullet]Yok [ICON_Movement] Tepe arazisinde hareket cezasi.</Text>
    </Row>
    <Row Tag="LOC_ABILITY_MAPUCHE_MALON_RAIDER_DESCRIPTION">
      <Text>+5 [ICON_Strength] Dost bölgenin 4 heksi içinde Savas Gücü bonusu. [NEWLINE][ICON_Bullet]Yagma 1 [ICON_Movement] Harekete mal olur.</Text>
    </Row>
    <Row Tag="LOC_ABILITY_PREVIEW_ZEVEN_PROVINCIEN_DESCRIPTION">
      <Text>Savunulabilir bölgelere karsi +7 [ICON_Strength] Savas Gücü</Text>
    </Row>
    <Row Tag="LOC_ABILITY_DUTCH_ZEVEN_PROVINCIEN_DESCRIPTION">
      <Text>Savunulabilir bölgelere saldirirken +7 [ICON_Strength] Savas Gücü.</Text>
    </Row>
    <Row Tag="LOC_ABILITY_CREE_OKIHTCITAW_DESCRIPTION">
      <Text>1 ücretsiz Promosyon ile baslar.</Text>
    </Row>
    <Row Tag="LOC_ABILITY_ZULU_IMPI_DESCRIPTION">
      <Text>+%100 Yanasma bonusu.[NEWLINE][ICON_Bullet]%25 daha hizli deneyim kazanir.</Text>
    </Row>
    <Row Tag="LOC_ABILITY_ORDU_INCREASED_MOVEMENT_NAME">
      <Text>Mogol Bozkiri</Text>
    </Row>
    <Row Tag="LOC_ABILITY_ORDU_INCREASED_MOVEMENT_DESCRIPTION">
      <Text>+1 [ICON_Movement] Hareket</Text>
    </Row>
    <Row Tag="LOC_ABILITY_ORDU_TRAINED_UNIT_XP_DESCRIPTION">
      <Text>Ordu'dan +%25 savas deneyimi</Text>
    </Row>
    <Row Tag="LOC_ABILITY_ECONOMIC_GOLDEN_AGE_PLUNDER_IMMUNITY_NAME">
      <Text>Ekonomik Altin Cag</Text>
    </Row>
    <Row Tag="LOC_ABILITY_ECONOMIC_GOLDEN_AGE_PLUNDER_IMMUNITY_DESCRIPTION">
      <Text>Bu birimin [ICON_TradeRoute] Ticaret Yolu düsman birimleri tarafindan yagmalanamaz. Ekonomik Altin Cag'in bir parçasi olarak elde edilir.</Text>
    </Row>
    <Row Tag="LOC_ABILITY_INQUISITION_FRIENDLY_TERRITORY_BONUS_NAME">
      <Text>Engizisyon</Text>
    </Row>
    <Row Tag="LOC_ABILITY_INQUISITION_FRIENDLY_TERRITORY_BONUS_DESCRIPTION">
      <Text>Dost bölgede +15 Dini Savas Gücü.</Text>
    </Row>
    <Row Tag="LOC_ABILITY_TWILIGHT_VALOR_ATTACK_BONUS_NAME">
      <Text>Alacakaranlik Cesareti</Text>
    </Row>
    <Row Tag="LOC_ABILITY_TWILIGHT_VALOR_ATTACK_BONUS_DESCRIPTION">
      <Text>Tüm yakin dövüs saldiri birimleri için +5 [ICON_Strength] Savas Gücü.</Text>
    </Row>
    <Row Tag="LOC_ABILITY_GRANT_MOVEMENT_BONUS_DESCRIPTION">
      <Text>Harekete baslayan birimlere 1 hex uzakliga kadar +1 [ICON_Movement] Hareket verir.</Text>
    </Row>
    <Row Tag="LOC_ABILITY_PARADROP_DESCRIPTION">
      <Text>Dost kareden 7 karo uzaktaki bir konuma Paradrop yapabilir (Havaalani veya Uçak Pistinden basliyorsa 12).</Text>
    </Row>
    <Row Tag="LOC_ABILITY_TOQUI_XP_FROM_GOVERNOR_DESCRIPTION">
      <Text>+10% Savastan kazanilan deneyim (Toqui)</Text>
    </Row>
    <Row Tag="LOC_ABILITY_TOQUI_XP_FROM_GOVERNOR_NOT_FOUNDED_DESCRIPTION">
      <Text>+30% Savastan kazanilan deneyim (Toqui)</Text>
    </Row>
    <Row Tag="LOC_ABILITY_TOQUI_COMBAT_BUFF_VS_GOLDEN_AGE_DESCRIPTION">
      <Text>+10 [ICON_Strength] Özgür Sehirlere veya Altin Cag'daki uygarliklara karsi Savas Gücü [NEWLINE]</Text>
    </Row>
    <Row Tag="LOC_ABILITY_TIMUR_BONUS_EXPERIENCE_DESCRIPTION">
      <Text>+25% Savastan kazanilan deneyim (Timur)</Text>
    </Row>
    <Row Tag="LOC_ABILITY_DRONE_GRANT_SIEGE_BONUS_DESCRIPTION">
      <Text>1 hex içindeki Kusatma sinifi birimlere +5 [ICON_Bombard] Bombardiman Gücü verir.</Text>
    </Row>
    <Row Tag="LOC_ABILITY_GENGHIS_KHAN_CAVALRY_BONUS_DESCRIPTION">
      <Text>+3 [ICON_Strength] Savas Gücü (Mogol Ordusu).</Text>
    </Row>
    <Row Tag="LOC_ABILITY_GENGHIS_KHAN_CAVALRY_CAPTURE_CAVALRY_DESCRIPTION">
      <Text>Yenilmis süvari birimlerini ele geçirme yetenegi (Mogol Ordusu).</Text>
    </Row>
    <!-- Feature -->
    <Row Tag="LOC_FEATURE_REEF_NAME">
      <Text>Resif</Text>
    </Row>
    <!-- Cultural Identity UI-->
    <Row Tag="LOC_CULTURAL_IDENTITY_LOYALTY_SUBSECTION">
      <Text>Sadakat</Text>
    </Row>
    <Row Tag="LOC_CULTURAL_IDENTITY_ACCUMULATED_IDENTITY_SUBSECTION">
      <Text>Birikmis Sadakat</Text>
    </Row>
    <Row Tag="LOC_CULTURAL_IDENTITY_SOURCE_DISTANCE_FROM_CAPITAL">
      <Text>Baskentinize yakinlik [ICON_Capital]</Text>
    </Row>
    <Row Tag="LOC_CULTURAL_IDENTITY_LOYALTY">
      <Text>[BOYUT:16]{1_Loyalty} [SIZE=12]Sadakat</Text>
    </Row>
    <Row Tag="LOC_CULTURAL_IDENTITY_OF">
      <Text>.</Text>
    </Row>
    <Row Tag="LOC_CULTURAL_IDENTITY_TOTAL_LOYALTY">
      <Text>[BOYUT:16]{1_Loyalty} [SIZE:12]Mümkün</Text>
    </Row>
    <Row Tag="LOC_CULTURAL_IDENTITY_STATUS">
      <Text>Durum:</Text>
    </Row>
    <Row Tag="LOC_CULTURAL_IDENTITY_LOYALTY_LINE">
      <Text>Tur basina sadakat:</Text>
    </Row>
    <Row Tag="LOC_CULTURAL_IDENTITY_PER_TURN_OWNERSHIP">
      <Text>Bu sehrin mülkiyeti</Text>
    </Row>
    <Row Tag="LOC_CULTURAL_IDENTITY_PER_TURN_POPULATION">
      <Text>[ICON_Citizen] Burada yasayan vatandaslar</Text>
    </Row>
    <Row Tag="LOC_CULTURAL_IDENTITY_PER_TURN_MARTIAL_LAW">
      <Text>Isgal sirasinda garnizon birimi</Text>
    </Row>
    <Row Tag="LOC_CULTURAL_IDENTITY_PER_TURN_OCCUPATION">
      <Text>Meslek</Text>
    </Row>
    <Row Tag="LOC_CULTURAL_IDENTITY_PER_TURN_STARVATION">
      <Text>Açlik</Text>
    </Row>
    <Row Tag="LOC_CULTURAL_IDENTITY_PER_TURN_TRADE_ROUTES">
      <Text>[ICON_TradeRoute] Ticaret Yollari</Text>
    </Row>
    <Row Tag="LOC_CULTURAL_IDENTITY_PER_TURN_GOVERNOR">
      <Text>[ICON_Governor] Vali buraya yerlestirildi</Text>
    </Row>
    <Row Tag="LOC_CULTURAL_IDENTITY_PER_TURN_HAPPINESS">
      <Text>Mutluluk seviyesi</Text>
    </Row>
    <Row Tag="LOC_CULTURAL_IDENTITY_PER_TURN_RELIGION_MATCHING_FOUNDED">
      <Text>Kurdugunuz dini takip etmek [ICON_Religion] Din</Text>
    </Row>
    <Row Tag="LOC_CULTURAL_IDENTITY_PER_TURN_RELIGION_MISMATCHING_FOUNDED">
      <Text>Kurdugunuz dini takip etmemek [ICON_Religion] Din</Text>
    </Row>
    <Row Tag="LOC_CULTURAL_IDENTITY_PER_TURN_MODIFIERS">
      <Text>Diger etkiler</Text>
    </Row>
    <Row Tag="LOC_CULTURAL_IDENTITY_PER_TURN_ORIGINAL_OWNERSHIP">
      <Text>Sehrin asil sahibi olmak</Text>
    </Row>
    <Row Tag="LOC_CULTURAL_IDENTITY_PER_TURN_OWNERSHIP_BEFORE_OCCUPATION">
      <Text>Isgalden önce sehrin sahibi olmak</Text>
    </Row>
    <Row Tag="LOC_CULTURAL_IDENTITY_PER_TURN_FREE_CITIES">
      <Text>Bagimsizlik arzusu</Text>
    </Row>
    <Row Tag="LOC_CULTURAL_IDENTITY_PER_TURN_ALWAYS_LOYAL">
      <Text>Her zaman tamamen sadik</Text>
    </Row>
    <Row Tag="LOC_CULTURAL_IDENTITY_PER_TURN_NEARBY_CITIZEN_PRESSURE">
      <Text>Yakin çevrenin baskisi [ICON_Citizen] Vatandaslar</Text>
    </Row>
    <Row Tag="LOC_CULTURAL_IDENTITY_PER_TURN_NEARBY_OWNED_CITIES">
      <Text>Yakindaki [ICON_Citizen] Vatandaslar</Text>
    </Row>
    <Row Tag="LOC_CULTURAL_IDENTITY_PER_TURN_NEARBY_FOREIGN_CITIES">
      <Text>Yakindaki rakip [ICON_Citizen] Vatandaslar</Text>
    </Row>
    <Row Tag="LOC_CULTURAL_IDENTITY_PER_TURN_NEARBY_OWNED_GOVERNORS">
      <Text>Yakin sahipli [ICON_Governor] Valiler</Text>
    </Row>
    <Row Tag="LOC_CULTURAL_IDENTITY_PER_TURN_NEARBY_FOREIGN_GOVERNORS">
      <Text>Yakindaki rakip Diplomat [ICON_Governor] Valiler</Text>
    </Row>
    <Row Tag="LOC_CULTURAL_IDENTITY_PRESSURE_OWNERSHIP">
      <Text>{1_IdentityPressureAmount} sehrin mülkiyetinden</Text>
    </Row>
    <Row Tag="LOC_CULTURAL_IDENTITY_PRESSURE_POPULATION">
      <Text>{1_IdentityPressureAmount} sehir vatandaslarindan [ICON_Citizen]</Text>
    </Row>
    <Row Tag="LOC_CULTURAL_IDENTITY_PRESSURE_AGES">
      <Text>{1_IdentityPressureAmount} Altin veya Karanlik Caglardan</Text>
    </Row>
    <Row Tag="LOC_CULTURAL_IDENTITY_PRESSURE_GOVERNOR">
      <Text>{1_IdentityPressureAmount} Diplomat'tan [ICON_Governor] Vali</Text>
    </Row>
    <Row Tag="LOC_CULTURAL_IDENTITY_PRESSURE_MODIFIERS">
      <Text>{1_IdentityPressureAmount} diger etkilerden</Text>
    </Row>
    <Row Tag="LOC_CULTURAL_IDENTITY_SOURCE_OWN_CITIES">
      <Text>Sizin [ICON_Citizen] 9 karo içindeki vatandaslariniz</Text>
    </Row>
    <Row Tag="LOC_CULTURAL_IDENTITY_SOURCE_MARTIAL_LAW">
      <Text>Sikiyönetim</Text>
    </Row>
    <Row Tag="LOC_CULTURAL_IDENTITY_SOURCE_OCCUPATION">
      <Text>[COLOR_RED]Meslek</Text>
    </Row>
    <Row Tag="LOC_CULTURAL_IDENTITY_SOURCE_TRADE_ROUTES">
      <Text>[ICON_TradeRoute] Ticaret Yollari</Text>
    </Row>
    <Row Tag="LOC_CULTURAL_IDENTITY_SOURCE_GOVERNOR">
      <Text>[ICON_Governor] Yerlesik Vali</Text>
    </Row>
    <Row Tag="LOC_CULTURAL_IDENTITY_SOURCE_BASE_DECAY">
      <Text>Temel Cürüme</Text>
    </Row>
    <Row Tag="LOC_CULTURAL_IDENTITY_SOURCE_HAPPINESS">
      <Text>Vatandas Mutlulugu</Text>
    </Row>
    <Row Tag="LOC_CULTURAL_IDENTITY_SOURCE_UNHAPPINESS">
      <Text>[COLOR_RED]Vatandas Mutsuzlugu</Text>
    </Row>
    <Row Tag="LOC_CULTURAL_IDENTITY_SOURCE_GOLDEN_AND_DARK_AGES">
      <Text>Altin ve Karanlik Caglar</Text>
    </Row>
    <Row Tag="LOC_CULTURAL_IDENTITY_SOURCE_MISC">
      <Text>Diger Degistiriciler</Text>
    </Row>
    <Row Tag="LOC_CULTURAL_IDENTITY_SOURCE_INDEPENDENCE_DESIRE">
      <Text>[COLOR_RED]Genel huzursuzluk</Text>
    </Row>
    <Row Tag="LOC_CULTURAL_IDENTITY_SOURCE_FOREIGN_CITIES">
      <Text>[COLOR_RED]Diger uygarliklarin [ICON_Citizen] 9 karo içindeki vatandaslari</Text>
    </Row>
    <Row Tag="LOC_CULTURAL_IDENTITY_SOURCE_STARVATION">
      <Text>[COLOR_RED]Sehir açliktan ölüyor</Text>
    </Row>
    <Row Tag="LOC_CULTURAL_IDENTITY_SOURCE_ADDITIONAL">
      <Text>Ek Kaynaklar</Text>
    </Row>
    <Row Tag="LOC_CULTURAL_IDENTITY_LOYALTY_NO_GROWTH_PENALTY">
      <Text>Ceza Yok</Text>
    </Row>
    <Row Tag="LOC_HUD_CULTURAL_IDENTITY_LENS">
      <Text>Sadakat</Text>
    </Row>
    <Row Tag="LOC_HUD_CULTURAL_IDENTITY_LENS_TOOLTIP">
      <Text>Sehirlerin Sadakatini ve bunu etkileyen Sadakat kaynaklarini gösterin.</Text>
    </Row>
    <!-- Disloyal City UI -->
    <Row Tag="LOC_RAZE_CITY_LIBERATE_EXPLANATION">
      <!--New version of base game text used in conquer city UI popup, to describe Liberation effect on Loyalty-->
      <Text>Bir sehri özgürlestirmek, sehri önceki sahiplerinden birine geri verecek ve muhtemelen o uygarligi oyuna geri getirecektir.[NEWLINE][NEWLINE]{1_WarmongerInfo}</Text>
    </Row>
    <Row Tag="LOC_DISLOYAL_CITY_HEADER">
      <Text>SEHIR ISYAN ETTI</Text>
    </Row>
    <Row Tag="LOC_DISLOYAL_CITY_NAME_LABEL">
      <Text>Sehir Adi:</Text>
    </Row>
    <Row Tag="LOC_DISLOYAL_CITY_POPULATION_LABEL">
      <Text>Nüfus:</Text>
    </Row>
    <Row Tag="LOC_DISLOYAL_CITY_DISTRICTS_LABEL">
      <Text>Mevcut Ilçe Sayisi:</Text>
    </Row>
    <Row Tag="LOC_DISLOYAL_CITY_CHOOSER_KEEP_BUTTON_LABEL">
      <Text>Sehirde Kal</Text>
    </Row>
    <Row Tag="LOC_DISLOYAL_CITY_CHOOSER_KEEP_EXPLANATION">
      <Text>Bu sehir sizde kalsin. Imparatorlugunuza katilan bu yeni vatandaslarin Sadakatini güçlendirmek için buraya bir [ICON_Governor] Vali tasimak isteyebilirsiniz.</Text>
    </Row>
    <Row Tag="LOC_DISLOYAL_CITY_CHOOSER_REFUSE_BUTTON_LABEL">
      <Text>Cöp Sehri</Text>
    </Row>
    <Row Tag="LOC_DISLOYAL_CITY_CHOOSER_REFUSE_EXPLANATION">
      <Text>Bu sehrin imparatorlugunuza katilmasina izin vermeyi reddedin. Serbest Sehir olarak kalacaktir.[NEWLINE][NEWLINE]Bu sehir, sehirlerinizin ve valilerinizin Sadakat baskisina karsi bagisik olacak ve tekrar medeniyetinize katilmayi istemeyecektir. Yine de farkli bir uygarlik tarafindan kazanilabilir.</Text>
    </Row>
    <Row Tag="LOC_CITY_YIELD_FROM_LOYALTY_TOOLTIP">
      <Text>{Deger : sayi +# -#}% ({GerçekDeger : sayi +#.# -#.#}) from {1_LoyaltyLevelName}</Text>
    </Row>
    <Row Tag="LOC_CITY_YIELD_MODIFIER_PER_GOVERNOR_TITLE_TOOLTIP">
      <Text>{Deger : sayi +# -#}% ({GerçekDeger : sayi +#.# -#.#}) from Hwarang ([ICON_Governor] Vali ile {1} {1 : plural 1?Promotion  other?Promotions })</Text>
    </Row>
    <Row Tag="LOC_LOYALTY_LEVEL_3_NAME">
      <Text>Sadik</Text>
    </Row>
    <Row Tag="LOC_LOYALTY_LEVEL_2_NAME">
      <Text>Tereddütlü Sadakat</Text>
    </Row>
    <Row Tag="LOC_LOYALTY_LEVEL_1_NAME">
      <Text>Sadakatsiz</Text>
    </Row>
    <Row Tag="LOC_LOYALTY_LEVEL_0_NAME">
      <Text>Huzursuzluk</Text>
    </Row>
    <Row Tag="LOC_LOYALTY_LEVEL_3_DESCRIPTION">
      <Text>Vatandaslar medeniyetinize sadiktir</Text>
    </Row>
    <Row Tag="LOC_LOYALTY_LEVEL_2_DESCRIPTION">
      <Text>Vatandaslarin medeniyetinize olan sadakati azaliyor.</Text>
    </Row>
    <Row Tag="LOC_LOYALTY_LEVEL_1_DESCRIPTION">
      <Text>Vatandaslar uygarliginiza sadakatsizlik ediyor.</Text>
    </Row>
    <Row Tag="LOC_LOYALTY_LEVEL_0_DESCRIPTION">
      <Text>Vatandaslar huzursuzluk içinde.</Text>
    </Row>
    <Row Tag="LOC_GLORY_SCORE_BREAKDOWN">
      <Text>{1_Icon}({2_Score}\{3_threshold})</Text>
    </Row>
    <!-- Resources -->
    <Row Tag="LOC_RESOURCE_AMBER_NAME">
      <Text>Amber</Text>
    </Row>
    <Row Tag="LOC_RESOURCE_OLIVES_NAME">
      <Text>Zeytinler</Text>
    </Row>
    <Row Tag="LOC_RESOURCE_TURTLES_NAME">
      <Text>Kaplumbagalar</Text>
    </Row>
    <!-- HUD -->
    <Row Tag="LOC_HUD_CITY_POPULATION_GRAPH_TOOLTIP">
      <Text>{1_Amount} {2_CivName} {1_Amount : plural 1?Citizen  other?Citizens }</Text>
    </Row>
    <Row Tag="LOC_HUD_CITY_LOYALTY">
      <Text>{1_LoyaltyAmount} Sadakat ({2_LoyaltyPerTurn : sayi +#.# -#.#} tur basina)</Text>
    </Row>
    <Row Tag="LOC_HUD_CITY_FULL_LOYALTY">
      <Text>Tam Sadakat</Text>
    </Row>
    <Row Tag="LOC_HUD_CITY_GAINING_LOYALTY">
      <Text>{1_Turns} {1_Turns : plural 1?turn  other?turns }'te Tam Sadakat</Text>
    </Row>
    <Row Tag="LOC_HUD_CITY_LOSING_LOYALTY">
      <Text>{1_Turns} {1_Turns : plural 1?turn  other?turns }'te Isyan</Text>
    </Row>
    <Row Tag="LOC_CITY_GET_UNIT_PRODUCTION_MODIFIER">
      <Text>{Deger : sayi +#.# -#.#}% birimlere dogru</Text>
    </Row>
    <Row Tag="LOC_CITY_GET_BUILDING_PRODUCTION_MODIFIER">
      <Text>{Deger : sayi +#.# -#.#}% binalara ve harikalara dogru</Text>
    </Row>
    <Row Tag="LOC_CITY_GET_BUILDING_NON_WONDER_PRODUCTION_MODIFIER">
      <Text>{Deger : sayi +#.# -#.#}% binalara dogru</Text>
    </Row>
    <Row Tag="LOC_HUD_CITY_STABLE_LOYALTY">
      <Text>Vatandas Sadakati degismiyor</Text>
    </Row>
    <Row Tag="LOC_HUD_CITY_CULTURAL_EFFECT">
      <Text>Olumlu ya da olumsuz etki yok</Text>
    </Row>
    <Row Tag="LOC_HUD_CITY_GOVERNOR">
      <Text>Vali</Text>
    </Row>
    <Row Tag="LOC_HUD_CIVICS_TREE_AWARD_GOVERNOR">
      <Text>Ödüller 1 [Icon_Governor] Vali Unvani</Text>
    </Row>
    <Row Tag="LOC_HUD_LAUNCHBAR_GOVERNOR_BUTTON">
      <Text>Valiler[NEWLINE][NEWLINE]Uygarliginizdaki Valileri görüntüleyin veya yönetin [Icon_Governor].</Text>
    </Row>
    <Row Tag="LOC_HUD_LAUNCHBAR_HISTORIAN_BUTTON">
      <Text>Tarih Zaman Cizelgesi[NEWLINE][NEWLINE]Uygarliginiz tarafindan gerçeklestirilen Tarihi Anlarin zaman çizelgesini görüntüleyin.</Text>
    </Row>
    <Row Tag="LOC_HUD_CITY_CULTURE_TOOLTIP">
      <Text>Sadakat ve Valiler</Text>
    </Row>
    <Row Tag="LOC_HUD_CITY_GOVERNOR_ESTABLISHED">
      <Text>Sehirde kurulmustur</Text>
    </Row>
    <Row Tag="LOC_HUD_CITY_GOVERNOR_ASSIGNED_SPECIFIC">
      <Text>[ICON_Governor] Vali {1_GovernorName} sehre atandi</Text>
    </Row>
    <Row Tag="LOC_HUD_CITY_GOVERNOR_ESTABLISHED_SPECIFIC">
      <Text>[ICON_Governor] Sehirde kurulan Vali {1_GovernorName}</Text>
    </Row>
    <Row Tag="LOC_HUD_CITY_NO_GOVERNOR">
      <Text>Atanmis yok [ICON_Governor] Vali</Text>
    </Row>
    <Row Tag="LOC_HUD_CITY_NO_GOVERNOR_EFFECT">
      <Text>...</Text>
    </Row>
    <Row Tag="LOC_HUD_CITY_GOVERNOR_TURNS">
      <Text>{1_num} {1_Num : plural 1?turn  other?turns }.</Text>
    </Row>
    <Row Tag="LOC_CITY_GOLD_FROM_POPULATION">
      <Text>{Deger : sayi +#.# -#.#} ek vergilendirmeden</Text>
    </Row>
    <!-- Loyalty and Identity -->
    <Row Tag="LOC_LOYALTY_STATUS_LOYAL">
      <Text>[COLOR_GREEN]Sadik</Text>
    </Row>
    <Row Tag="LOC_LOYALTY_STATUS_DISLOYAL">
      <Text>[COLOR_RED]Sadakatsiz</Text>
    </Row>
    <Row Tag="LOC_LOYALTY_PER_TURN_STATUS_GAINING">
      <Text>[COLOR_GREEN][ICON_PressureUp] Yükseliyor</Text>
    </Row>
    <Row Tag="LOC_LOYALTY_PER_TURN_STATUS_STABLE">
      <Text>Kararli</Text>
    </Row>
    <Row Tag="LOC_LOYALTY_PER_TURN_STATUS_LOSING">
      <Text>[COLOR_RED][ICON_PressureDown] Düsüyor</Text>
    </Row>
    <Row Tag="LOC_LOYALTY_EFFECT_NONE">
      <Text>Bu sehir size sadiktir ve hiçbir olumsuz etkisi yoktur.</Text>
    </Row>
    <Row Tag="LOC_LOYALTY_EFFECT_DANGER_OF_REBELLION_TO_PLAYER">
      <Text>[COLOR_RED]Sadakat 0'a düserse, sehir isyan edecek ve burada en fazla Sadakat biriktirmis olan {1_PlayerName}'e katilacaktir.</Text>
    </Row>
    <Row Tag="LOC_LOYALTY_EFFECT_DANGER_OF_REBELLION_TIED_PLAYERS">
      <Text>[COLOR_RED]Sadakat 0'a düserse, sehir isyan eder ve burada en fazla Sadakat biriktirmis olan diger medeniyete katilir.</Text>
    </Row>
    <Row Tag="LOC_LOYALTY_GROWTH_AND_YIELD_EFFECTS_TEXT">
      <Text>Sehir Büyümesi {1_GrowthReduction}%[NEWLINE]Sehir Getirileri {2_YieldPercentage}% azaldi</Text>
    </Row>
    <!-- Emergency Text Blocks -->
    <Row Tag="LOC_EMERGENCY_PARTICIPANTS">
      <Text>KATILIMCILAR:</Text>
    </Row>
    <Row Tag="LOC_EMERGENCY_PENDING">
      <Text>Beklemede {1_TypeEmergency}</Text>
    </Row>
    <Row Tag="LOC_EMERGENCY_ONGOING">
      <Text>Devam ediyor {1_TypeEmergency}</Text>
    </Row>
    <Row Tag="LOC_EMERGENCY_COMPLETED">
      <Text>Tamamlandi {1_TypeEmergency}</Text>
    </Row>
    <Row Tag="LOC_EMERGENCY_TARGET">
      <Text>Hedef: {1_Target}</Text>
    </Row>
    <Row Tag="LOC_EMERGENCY_YOU_ARE_TARGET">
      <Text>Sen</Text>
    </Row>
    <Row Tag="LOC_EMERGENCY_JOIN">
      <Text>Kabul et</Text>
    </Row>
    <Row Tag="LOC_EMERGENCY_REJECT">
      <Text>Reddet</Text>
    </Row>
    <Row Tag="LOC_EMERGENCY_TURNS_REMAINING">
      <Text>[ICON_Turn] {1_Turns : plural 1?{1_Turns} Turn  other?{1_Turns} Turns } Kalan</Text>
    </Row>
    <Row Tag="LOC_EMERGENCY_NO_TURNS_REMAINING">
      <Text>Bu Tur Sona Eriyor [ICON_Turn]</Text>
    </Row>
    <Row Tag="LOC_EMERGENCY_TURNS_OVER">
      <Text>Acil Durum Sona Erdi</Text>
    </Row>
    <Row Tag="LOC_EMERGENCY_BUFFS_EXPLANATION">
      <Text>Bu Acil Durum sirasinda:</Text>
    </Row>
    <Row Tag="LOC_EMERGENCY_MEMBER_REWARDS_EXPLANATION">
      <Text>Eger Üyeler basarili olursa:</Text>
    </Row>
    <Row Tag="LOC_EMERGENCY_TARGET_REWARDS_EXPLANATION">
      <Text>Üyeler basarisiz olursa:</Text>
    </Row>
    <Row Tag="LOC_EMERGENCY_MEMBERS_HAVE_WON_REWARDS">
      <Text>Üyelerin zaferi sayesinde:</Text>
    </Row>
    <Row Tag="LOC_EMERGENCY_TARGET_HAS_WON_REWARDS">
      <Text>Hedef'in zaferi nedeniyle:</Text>
    </Row>
    <Row Tag="LOC_EMERGENCY_COMPLETE_THESE_GOALS">
      <Text>Bu hedefleri tamamlayin:</Text>
    </Row>
    <Row Tag="LOC_EMERGENCY_PENDING_EXPLANATION">
      <Text>Bu Hedefe karsi bir Acil Duruma katilma sansiniz var.[NEWLINE]([1][NEWLINE]Basarili olursaniz ödüllendirileceksiniz. Basarisiz olursaniz Hedef daha da güçlenir. Bu Acil Durumu Kabul Etmeli veya Reddetmelisiniz.</Text>
    </Row>
    <Row Tag="LOC_EMERGENCY_PENDING_EXPLANATION_DEFENDER">
      <Text>Size karsi Acil Durum ilan edildi![NEWLINE]{1_GoalsExplanation}[NEWLINE]Üyelerin bu hedefleri almasini basariyla engellerseniz ödüllendirileceksiniz. Basarisiz olursaniz, Üyeler daha da güçlenecektir.</Text>
    </Row>
    <Row Tag="LOC_EMERGENCY_PENDING_SHORT_DESCRIPTION">
      <Text>BEKLEMEDE: KABUL ET VEYA REDDET</Text>
    </Row>
    <Row Tag="LOC_EMERGENCY_COMPLETE_MEMBERS_WIN">
      <Text>Üyeler Muzafferdir</Text>
    </Row>
    <Row Tag="LOC_EMERGENCY_COMPLETE_TARGET_WIN">
      <Text>Hedef Galip Geldi</Text>
    </Row>
    <Row Tag="LOC_EMERGENCY_MEMBER_GOLD_REWARD">
      <Text>Üye medeniyetler bir küp {1_Amount} [ICON_Gold] Altini paylasirlar.</Text>
    </Row>
    <Row Tag="LOC_EMERGENCY_TARGET_GOLD_REWARD">
      <Text>Hedef [ICON_Gold] {1_Amount} alir Üye basina altin.</Text>
    </Row>
    <Row Tag="LOC_EMERGENCY_TARGET_BUFF_DESCRIPTION_IDENTITY_IN_CITY">
      <Text>Hedef, hedef sehirde her tur basina +20 Sadakat kazanir.</Text>
    </Row>
    <!-- |||||||||  Goal Specific                                                   ||||||||||||| -->
    <!-- |||||||||||||||||||||||||||||||||||||||||||||||||||||||||||||||||||||||||||||||||||||||| -->
    <Row Tag="LOC_EMERGENCY_GOAL_TENTATIVE_CAPTURE_CITIES">
      <Text>Acil Durum'a katilanlarin [ICON_Turn] {Turns} içindeki {TargetName} belirli sehirleri ele geçirmeleri gerekecektir. Dönüsler.</Text>
    </Row>
    <Row Tag="LOC_EMERGENCY_GOAL_TENTATIVE_CAPTURE_SPECIFIC_CITY">
      <Text>Acil Durum'a katilanlarin ([ICON_Turn] {Turns} içinde {TargetName}'ten {CityName} yakalamalari gerekecektir. Dönüsler.</Text>
    </Row>
    <Row Tag="LOC_EMERGENCY_GOAL_CAPTURE_CITIES">
      <Text>Acil Durum Üyeleri {TargetName}'den belirli sehirleri yakalamalidir.</Text>
    </Row>
    <Row Tag="LOC_EMERGENCY_GOAL_CAPTURE_SPECIFIC_CITY">
      <Text>Acil Durum Üyeleri {TargetName}'ten {CityName}'ü yakalamalidir.</Text>
    </Row>
    <Row Tag="LOC_EMERGENCY_GOAL_SHORT_CAPTURE_CITIES">
      <Text>Yakalama {1_CityName}</Text>
    </Row>
    <Row Tag="LOC_EMERGENCY_GOAL_SHORT_CAPTURE_CITIES_DEFENSE">
      <Text>Savun {1_CityName}</Text>
    </Row>
    <Row Tag="LOC_EMERGENCY_GOAL_LIST_CAPTURE_CITY_DEFENSE">
      <Text>Acil Durum'un sonuna kadar {1_CityName} savun.</Text>
    </Row>
    <Row Tag="LOC_EMERGENCY_GOAL_LIST_CAPTURE_CITIES">
      <Text>Acil Durum bitmeden önce {1_CityName} yakalayin.</Text>
    </Row>
    <!-- |||||||||||||||||||||||||||||||||||||||||||||||||||||||||||||||||||||||||||||||||||||||| -->
    <Row Tag="LOC_EMERGENCY_GOAL_TENTATIVE_UNCONVERT_CITY">
      <Text>Acil Durum'a katilanlarin {CityName}'in {TargetName}'nin Dinini takip etmesini {HalfTurns} bir sonraki [ICON_Turn] {Turns} için engellemesi gerekecektir. Dönüsler.</Text>
    </Row>
    <Row Tag="LOC_EMERGENCY_GOAL_UNCONVERT_CITY">
      <Text>Acil Durum Üyeleri {CityName}'ün {TargetName}'in [ICON_Turn] {HalfTurns} için Dinini takip etmesini engellemelidir Dönüsler.</Text>
    </Row>
    <Row Tag="LOC_EMERGENCY_GOAL_SHORT_UNCONVERT_CITY">
      <Text>Kinama {NewReligion}</Text>
    </Row>
    <Row Tag="LOC_EMERGENCY_GOAL_SHORT_UNCONVERT_CITY_DEFENSE">
      <Text>Savun {NewReligion}</Text>
    </Row>
    <Row Tag="LOC_EMERGENCY_GOAL_LIST_UNCONVERT_CITY_DEFENSE">
      <Text>{NewReligion}'ü {1_CityName}'te Baskin Din haline getirin.</Text>
    </Row>
    <Row Tag="LOC_EMERGENCY_GOAL_LIST_UNCONVERT_CITY">
      <Text>{NewReligion}'ün {1_CityName}'te Baskin Din olmasini önleyin.</Text>
    </Row>
    <!-- |||||||||||||||||||||||||||||||||||||||||||||||||||||||||||||||||||||||||||||||||||||||| -->
    <Row Tag="LOC_EMERGENCY_GOAL_TENTATIVE_LIBERATE_CITY">
      <Text>Acil Durum'a katilanlarin {CityName}'ü {TargetName}'in [ICON_Turn] {Turns} içindeki kontrolünden kurtarmalari gerekecektir. Dönüsler.</Text>
    </Row>
    <Row Tag="LOC_EMERGENCY_GOAL_LIBERATE_CITY">
      <Text>Acil Durum Üyeleri {CityName}'ü {TargetName}'ten kurtarmalidir.</Text>
    </Row>
    <Row Tag="LOC_EMERGENCY_GOAL_SHORT_LIBERATE_CITY">
      <Text>Özgürlestir {1_CityName}</Text>
    </Row>
    <Row Tag="LOC_EMERGENCY_GOAL_SHORT_LIBERATE_CITY_DEFENSE">
      <Text>Savun {1_CityName}</Text>
    </Row>
    <Row Tag="LOC_EMERGENCY_GOAL_LIST_LIBERATE_CITY_DEFENSE">
      <Text>Acil Durum'un sonuna kadar {1_CityName} savun.</Text>
    </Row>
    <Row Tag="LOC_EMERGENCY_GOAL_LIST_LIBERATE_CITY">
      <Text>Acil Durum sona ermeden önce {1_CityName}'yi kurtarin.</Text>
    </Row>
    <!-- |||||||||  Emergency Specific                                              ||||||||||||| -->
    <!-- |||||||||||||||||||||||||||||||||||||||||||||||||||||||||||||||||||||||||||||||||||||||| -->
    <Row Tag="LOC_EMERGENCY_NAME_MILITARY">
      <Text>Askeri Acil Durum</Text>
    </Row>
    <Row Tag="LOC_EMERGENCY_FLAVOR_MILITARY">
      <Text>"Eger birlik olmazsak, bu sehrin kaderi zaman içinde hepimizi bulacaktir."</Text>
    </Row>
    <Row Tag="LOC_EMERGENCY_DESCRIPTION_MILITARY">
      <Text>{TargetName}, dünya uygarliklarinin ön saflarinda yer almasina ragmen {OldCityName}'i ele geçirmistir. {TargetName}'nin kaçak basarisi büyük bir endise konusudur.</Text>
    </Row>
    <Row Tag="LOC_EMERGENCY_EXTRA_EFFECTS_MILITARY">
      <Text>Buna ek olarak, tüm Üyeler birbirleriyle Baris, Açik Sinirlar ve Ortak Görünürlüge sahip olacaktir.  Tüm Üyeler Hedef ile Savasa girecektir.</Text>
    </Row>
    <Row Tag="LOC_EMERGENCY_MEMBER_BUFF_DESCRIPTION_MILITARY_MOVEMENT">
      <Text>Üye birimler Hedefin bölgesinde +1 [ICON_Movement] Hareket kazanir.</Text>
    </Row>
    <Row Tag="LOC_EMERGENCY_MEMBER_BUFF_DESCRIPTION_MILITARY_COMBAT_STRENGTH">
      <Text>Hedef birimler, Üye birimlerle savasirken -2 [ICON_Strength] Savasma Gücüne sahiptir.</Text>
    </Row>
    <Row Tag="LOC_EMERGENCY_MEMBER_REWARD_DESCRIPTION_MILITARY_INCREASED_HEALING">
      <Text>Üye birimler Hedefin bölgesinde +5 iyilestirme kazanir.</Text>
    </Row>
    <Row Tag="LOC_EMERGENCY_TARGET_REWARD_DESCRIPTION_MILITARY_CITY_STRIKE">
      <Text>Hedef, bir Sehir Saldirisi ile bir Üye birime saldirirken +2 [ICON_Strength] Savas Gücü kazanir.</Text>
    </Row>
    <!-- |||||||||||||||||||||||||||||||||||||||||||||||||||||||||||||||||||||||||||||||||||||||| -->
    <Row Tag="LOC_EMERGENCY_MEMBER_BUFF_DESCRIPTION_SETTLEMENT_MOVEMENT">
      <Text>Üye birimler +1 [ICON_Movement] Hareket kazanir.</Text>
    </Row>
    <Row Tag="LOC_EMERGENCY_TARGET_BUFF_DESCRIPTION_SETTLEMENT_MOVEMENT">
      <Text>Hedef birimler +1 [ICON_Movement] Hareket kazanir.</Text>
    </Row>
    <Row Tag="LOC_EMERGENCY_MEMBER_REWARD_DESCRIPTION_SETTLEMENT_GOLD_PER_TURN">
      <Text>Üyeler tur basina +1 Altin kazanir.</Text>
    </Row>
    <Row Tag="LOC_EMERGENCY_TARGET_REWARD_DESCRIPTION_SETTLEMENT_GOLD_PER_TURN">
      <Text>Hedef tur basina +1 Altin kazanir.</Text>
    </Row>
    <!-- |||||||||||||||||||||||||||||||||||||||||||||||||||||||||||||||||||||||||||||||||||||||| -->
    <Row Tag="LOC_EMERGENCY_NAME_CITY_STATE">
      <Text>Sehir-Devlet Acil Durumu</Text>
    </Row>
    <Row Tag="LOC_EMERGENCY_FLAVOR_CITY_STATE">
      <Text>"Sehir Devletlerinin bagimsizligina saygi duyuyoruz ve bu fethi görmezden gelmeyecegiz."</Text>
    </Row>
    <Row Tag="LOC_EMERGENCY_DESCRIPTION_CITY_STATE">
      <Text>{TargetName}, {OldCityName}'i ele geçirdi.  {OldCityName}'nin fethi büyük bir endise konusudur.</Text>
    </Row>
    <Row Tag="LOC_EMERGENCY_EXTRA_EFFECTS_CITY_STATE">
      <Text>Tüm Üyeler birbirleriyle Baris, Açik Sinirlar ve Ortak Görünürlüge sahip olacaktir.  Tüm Üyeler Hedef ile Savasa girecektir.</Text>
    </Row>
    <Row Tag="LOC_EMERGENCY_MEMBER_REWARD_DESCRIPTION_CITY_STATE_GOLD_PER_ENVOY">
      <Text>Üyeler her bir [ICON_Envoy] Elçileri için tur basina +1 [ICON_Gold] Altin kazanir.</Text>
    </Row>
    <Row Tag="LOC_EMERGENCY_TARGET_REWARD_DESCRIPTION_CITY_STATE_GOLD_FOR_TRADE_ROUTES">
      <Text>Sehir Devletlerine giden Hedef [ICON_TradeRoute] Ticaret Yollari tur basina +2 [ICON_Gold] Altin verir.</Text>
    </Row>
    <!-- |||||||||||||||||||||||||||||||||||||||||||||||||||||||||||||||||||||||||||||||||||||||| -->
    <Row Tag="LOC_EMERGENCY_NAME_RELIGIOUS">
      <Text>Dini Acil Durum</Text>
    </Row>
    <Row Tag="LOC_EMERGENCY_FLAVOR_RELIGIOUS">
      <Text>"Inananlarin çigliklari göge yükseliyor ve yeryüzünde hakli bir öfkeye kapiliyoruz."</Text>
    </Row>
    <Row Tag="LOC_EMERGENCY_DESCRIPTION_RELIGIOUS">
      <Text>{TargetName}, {OldReligion}'in Kutsal Sehri {OldCityName}'yi {NewReligion}'a dönüstürmüstür.  Görünen o ki {TargetName} dünyanin diger büyük Dinleri ile baris içinde bir arada yasamaya isteksizdir.</Text>
    </Row>
    <Row Tag="LOC_EMERGENCY_MEMBER_REWARD_DESCRIPTION_RELIGIOUS_RELICS">
      <Text>Her Üye bir Kalinti kazanir.</Text>
    </Row>
    <Row Tag="LOC_EMERGENCY_TARGET_REWARD_DESCRIPTION_RELIGIOUS_PRESSURE">
      <Text>Hedefin Dini yakindaki tüm sehirlerde bir Basinç patlamasi yaratir.</Text>
    </Row>
    <!-- |||||||||||||||||||||||||||||||||||||||||||||||||||||||||||||||||||||||||||||||||||||||| -->
    <Row Tag="LOC_EMERGENCY_NAME_SPYING">
      <Text>Casusluk Acil Durum</Text>
    </Row>
    <Row Tag="LOC_EMERGENCY_DESCRIPTION_SPYING">
      <Text>Herkes casusluk yapar, ama bu adam yakalandi!  Bu konuda bir seyler yapalim!</Text>
    </Row>
    <Row Tag="LOC_EMERGENCY_GOAL_SPYING">
      <Text>Hedefin Operasyon yaptigi bir Sehirde Tuzak kurarak bir Hedef Spy'i yakalayin.</Text>
    </Row>
    <Row Tag="LOC_EMERGENCY_MEMBER_BUFF_DESCRIPTION_SPYING_ACTION">
      <Text>Üye Casuslar, Üye Sehirlerde yeni bir eylem kazanir: Tuzak Kurmak.  Eger bir Hedef Spy bu Sehirde bir Operasyona kalkisirsa, tuzaga yakalanir.</Text>
    </Row>
    <Row Tag="LOC_EMERGENCY_MEMBER_REWARD_DESCRIPTION_SPYING_SPY_KILLER">
      <Text>Yakalanan casus öldürülür.</Text>
    </Row>
    <Row Tag="LOC_EMERGENCY_MEMBER_REWARD_DESCRIPTION_SPYING_FORTITUDE">
      <Text>Hedefin Üye sehirlerdeki Casus Operasyonlarini tamamlamasi daha zor olacaktir.</Text>
    </Row>
    <Row Tag="LOC_EMERGENCY_TARGET_REWARD_DESCRIPTION_SPYING_FREE_SPY">
      <Text>Hedef 1 ek Spy daha kazanir.</Text>
    </Row>
    <!-- |||||||||||||||||||||||||||||||||||||||||||||||||||||||||||||||||||||||||||||||||||||||| -->
    <Row Tag="LOC_EMERGENCY_NAME_NUCLEAR">
      <Text>Nükleer Acil Durum</Text>
    </Row>
    <Row Tag="LOC_EMERGENCY_FLAVOR_NUCLEAR">
      <Text>"Igrenç güçler, igrenç amaçlar için kullaniliyor. Bir daha asla!"</Text>
    </Row>
    <Row Tag="LOC_EMERGENCY_DESCRIPTION_NUCLEAR">
      <Text>{TargetName} dünyanin en güçlü silahini kullandi ve nükleer cin siseden çikti. Yok olusumuz yakin mi?</Text>
    </Row>
    <Row Tag="LOC_EMERGENCY_EXTRA_EFFECTS_NUCLEAR">
      <Text>Buna ek olarak, tüm Üyeler birbirleriyle Baris, Açik Sinirlar ve Ortak Görünürlüge sahip olacaktir.  Tüm Üyeler Hedef ile Savasa girecektir.</Text>
    </Row>
    <Row Tag="LOC_EMERGENCY_MEMBER_BUFF_DESCRIPTION_NUCLEAR_MOVEMENT">
      <Text>Üye birimler Hedefin bölgesinde +1 [ICON_Movement] hareket kazanir.</Text>
    </Row>
    <Row Tag="LOC_EMERGENCY_MEMBER_BUFF_DESCRIPTION_NUCLEAR_COMBAT_STRENGTH">
      <Text>Hedef birimler, Üye birimlerle savasirken -2 [ICON_Strength] Savasma Gücüne sahiptir</Text>
    </Row>
    <Row Tag="LOC_EMERGENCY_MEMBER_REWARD_DESCRIPTION_NUCLEAR_COMBAT_STRENGTH">
      <Text>Hedef birimler Üye birimlerle savasirken -3 [ICON_Strength] Savasma Gücüne sahiptir</Text>
    </Row>
    <Row Tag="LOC_EMERGENCY_TARGET_REWARD_DESCRIPTION_NUCLEAR_CULTURE_SCARE">
      <Text>Üye sehirler bir daha az Sadakat baskisi uygular.</Text>
    </Row>
    <!-- |||||||||||||||||||||||||||||||||||||||||||||||||||||||||||||||||||||||||||||||||||||||| -->
    <Row Tag="LOC_EMERGENCY_NAME_BACKSTAB">
      <Text>Ihanet Acil Durum</Text>
    </Row>
    <Row Tag="LOC_EMERGENCY_FLAVOR_BACKSTAB">
      <Text>"Açik ve dürüst bir savas, bu aldatici diplomasiden kesinlikle daha az nefret uyandiricidir."</Text>
    </Row>
    <Row Tag="LOC_EMERGENCY_DESCRIPTION_BACKSTAB">
      <Text>{TargetName} haince bir darbe vurarak uzun zamandir dostu olan {OldPlayerName}'e savas ilan etti!  Görünüse göre {TargetName}'nin saldirganligindan kimse güvende degil.</Text>
    </Row>
    <Row Tag="LOC_EMERGENCY_EXTRA_EFFECTS_BACKSTAB">
      <Text>Buna ek olarak, tüm Üyeler birbirleriyle Baris, Açik Sinirlar ve Ortak Görünürlüge sahip olacaktir.  Tüm Üyeler Hedef ile Savasa girecektir.</Text>
    </Row>
    <Row Tag="LOC_EMERGENCY_MEMBER_BUFF_DESCRIPTION_BACKSTAB_MOVEMENT">
      <Text>Üye birimler Hedefin bölgesinde +1 [ICON_Movement] hareket kazanir.</Text>
    </Row>
    <Row Tag="LOC_EMERGENCY_MEMBER_BUFF_DESCRIPTION_BACKSTAB_COMBAT_STRENGTH">
      <Text>Hedef birimler Üye birimlerle savasirken -3 [ICON_Strength] Savasma Gücüne sahiptir</Text>
    </Row>
    <Row Tag="LOC_EMERGENCY_MEMBER_BUFF_DESCRIPTION_BACKSTAB_CANCEL_TRADE_ROUTES">
      <Text>Üyeler ve Hedef arasindaki tüm Ticaret Yollari iptal edilir.</Text>
    </Row>
    <Row Tag="LOC_EMERGENCY_MEMBER_BUFF_DESCRIPTION_BACKSTAB_TRADING">
      <Text>Üyeler arasindaki tüm Ticaret Yollari +2 [ICON_Production] Üretim hakki verir.</Text>
    </Row>
    <Row Tag="LOC_EMERGENCY_MEMBER_REWARD_DESCRIPTION_MILITARY_COMBAT_STRENGTH">
      <Text>Hedef birimler Üye birimlerle savasirken -3 [ICON_Strength] Savasma Gücüne sahiptir</Text>
    </Row>
    <Row Tag="LOC_EMERGENCY_TARGET_REWARD_DESCRIPTION_MILITARY_WAR_WEARINESS">
      <Text>Hedef, Üyelerle savas halindeyken daha az Savas Yorgunlugu alacaktir.</Text>
    </Row>
    <Row Tag="LOC_EMERGENCY_TAB_COMPLETED">
      <Text>Tamamlandi</Text>
    </Row>
    <!-- |||||||||||||||||||||||||||||||||||||||||||||||||||||||||||||||||||||||||||||||||||||||| -->
    <!--Spy-->
    <Row Tag="LOC_UNITOPERATION_SPY_FABRICATE_SCANDAL_DESCRIPTION">
      <Text>Uydurma Skandal</Text>
    </Row>
    <Row Tag="LOC_UNITOPERATION_SPY_FOMENT_UNREST_DESCRIPTION">
      <Text>Huzursuzluk Cikarmak</Text>
    </Row>
    <Row Tag="LOC_UNITOPERATION_SPY_NEUTRALIZE_GOVERNOR_DESCRIPTION">
      <Text>Vali'yi etkisiz hale getirin</Text>
    </Row>
    <Row Tag="LOC_ESPIONAGE_FABRIRCATE_SCANDAL_REWARD">
      <Text>Düsman Elçilerinin uzaklastirilmasi</Text>
    </Row>
    <Row Tag="LOC_ESPIONAGE_FOMENT_UNREST_REWARD">
      <Text>Sadakati azaltmak ve Sadakatimizi artirmak</Text>
    </Row>
    <Row Tag="LOC_ESPIONAGE_NEUTRALIZE_GOVERNOR_REWARD">
      <Text>düsmani etkisiz hale getirmek [ICON_Governor] Vali</Text>
    </Row>
    <Row Tag="LOC_SPYMISSIONDETAILS_UNITOPERATION_SPY_FABRICATE_SCANDAL">
      <Text>En iyi rakipleri kaybetmeye zorlamak {1_EnvoyString}</Text>
    </Row>
    <Row Tag="LOC_SPYMISSIONDETAILS_UNITOPERATION_SPY_FOMENT_UNREST">
      <Text>Düsman Sadakatini {1_LoyaltyString} kadar azaltin</Text>
    </Row>
    <Row Tag="LOC_SPYMISSIONDETAILS_UNITOPERATION_SPY_NEUTRALIZE_GOVERNOR">
      <Text>Düsman [ICON_Governor] Vali'yi {1_TurnString} için görevden alin</Text>
    </Row>
    <Row Tag="LOC_ESPIONAGE_FABRICATE_SCANDAL_ESTIMATE">
      <Text>{1_Amount} [ICON_Envoy] Elçiler</Text>
    </Row>
    <Row Tag="LOC_ESPIONAGE_FOMENT_UNREST_ESTIMATE">
      <Text>{1_Amount}</Text>
    </Row>
    <Row Tag="LOC_ESPIONAGE_NEUTRALIZE_GOVERNOR_ESTIMATE">
      <Text>{1_Amount} döner</Text>
    </Row>
    <Row Tag="LOC_PROMOTION_SPY_SMEAR_CAMPAIGN_NAME">
      <Text>Karalama Kampanyasi</Text>
    </Row>
    <Row Tag="LOC_PROMOTION_SPY_COVERT_ACTION_NAME">
      <Text>Gizli Eylem</Text>
    </Row>
    <Row Tag="LOC_PROMOTION_SPY_LICENSE_TO_KILL_NAME">
      <Text>Öldürme Lisansi</Text>
    </Row>
    <Row Tag="LOC_PROMOTION_SPY_SMEAR_CAMPAIGN_DESCRIPTION">
      <Text>Skandal'i 2 seviye daha deneyimliymis gibi uydurun.</Text>
    </Row>
    <Row Tag="LOC_PROMOTION_SPY_COVERT_ACTION_DESCRIPTION">
      <Text>Huzursuzluk Yarat sanki 2 seviye daha tecrübeliymis gibi.</Text>
    </Row>
    <Row Tag="LOC_PROMOTION_SPY_LICENSE_TO_KILL_DESCRIPTION">
      <Text>Vali'yi 2 seviye daha tecrübeliymis gibi etkisiz hale getirin.</Text>
    </Row>
    <!--Diplomacy modifiers-->
    <Row Tag="LOC_TOOLTIP_SAMPLE_DIPLOMACY_BROKEN_PLEDGE">
      <Text>Askerlerini sinirdan çekme taahhüdünü bozdu</Text>
    </Row>
    <Row Tag="LOC_TOOLTIP_SAMPLE_DIPLOMACY_KEPT_PLEDGE">
      <Text>Askerleri sinirlarindan çekme sözünü tuttu</Text>
    </Row>
    <Row Tag="LOC_TOOLTIP_SAMPLE_DIPLOMACY_NO_PLEDGE">
      <Text>Birliklerin tasinmasi için söz vermemeye karar verdi</Text>
    </Row>
    <!--OPERATIONS AND COMMANDS TEXT-->
    <Row Tag="LOC_UNITCOMMAND_PARADROP_DESCRIPTION">
      <Text>Paradrop</Text>
    </Row>
    <Row Tag="LOC_UNITCOMMAND_PARADROP_FAILURE_IN_ZOC">
      <Text>Düsman Kontrol Bölgesinde</Text>
    </Row>
    <Row Tag="LOC_UNITCOMMAND_PARADROP_FAILURE_FRIENDLY_TERRITORY">
      <Text>Dost bölgede veya bir Hava Pisti veya Havaalanina bitisik olmalidir.</Text>
    </Row>
    <Row Tag="LOC_UNITCOMMAND_PARADROP_FAILURE_REQUIRES_FULL_MOVEMENT">
      <Text>Tam hareket gerektirir</Text>
    </Row>
    <Row Tag="LOC_UNITCOMMAND_PROJECT_PRODUCTION_DESCRIPTION">
      <Text>Bir projeye [ICON_Production] Üretim ekleyin.  Her turda sehir basina yalnizca bir kez.</Text>
    </Row>
    <Row Tag="LOC_UNITCOMMAND_PRIORITY_TARGET_DESCRIPTION">
      <Text>Öncelikli Hedef</Text>
    </Row>
    <Row Tag="LOC_GOVERNOR_IDENTITY_PRESSURE">
      <Text>Tur basina sadakat</Text>
    </Row>
    <Row Tag="LOC_GOVERNOR_DETAILS_TURNS_TO_ESTABLISH">
      <Text>Kurulusa Dönüyor</Text>
    </Row>
    <Row Tag="LOC_GOVERNOR_IDENTITY_PRESSURE_TOOLTIP">
      <Text>Bu Valinin sehre sagladigi, uygarliginiza yönelik tur basina Sadakat miktari.</Text>
    </Row>
    <Row Tag="LOC_GOVERNOR_TRANSITION_STRENGTH">
      <Text>Geçis Gücü</Text>
    </Row>
    <Row Tag="LOC_GOVERNOR_TRANSITION_STRENGTH_TOOLTIP">
      <Text>Bu valinin bir sehirde yerlesik hale gelme hizi.</Text>
    </Row>
    <Row Tag="LOC_GOVERNOR_ASSIGN_GOVERNOR_TO">
      <Text>Valiyi atayin...</Text>
    </Row>
    <Row Tag="LOC_GOVERNOR_SELECT_A_CITY">
      <Text>Bir sehir seçin...</Text>
    </Row>
    <Row Tag="LOC_GOVERNOR_NO_PREVIOUS_GOVERNOR">
      <Text>Önceki Vali Yok</Text>
    </Row>
    <Row Tag="LOC_GOVERNOR_TURNS_TO_ESTABLISH">
      <Text>Vali kurulmadan önceki dönüs sayisi.</Text>
    </Row>
    <Row Tag="LOC_GOVERNOR_SKILL_TREE">
      <Text>Beceri Agaci</Text>
    </Row>
    <Row Tag="LOC_GOVERNOR_PROMOTE">
      <Text>Tesvik etmek</Text>
    </Row>
    <Row Tag="LOC_GOVERNORS_SCREEN_BUTTON_ASSIGN_GOVERNOR">
      <Text>Atama</Text>
    </Row>
    <Row Tag="LOC_GOVERNORS_SCREEN_BUTTON_REASSIGN_GOVERNOR">
      <Text>Yeniden atama</Text>
    </Row>
    <Row Tag="LOC_GOVERNORS_SCREEN_ABILITIES">
      <Text>YETENEKLER</Text>
    </Row>
    <Row Tag="LOC_GOVERNORS_SCREEN_GOVERNOR_ABILITIES">
      <Text>VALI YETENEKLERI</Text>
    </Row>
    <Row Tag="LOC_GOVERNORS_SCREEN_GOVERNOR_ABILITIES_SUBTEXT">
      <Text>Vali Unvanlarini Promosyonlara Harcayin</Text>
    </Row>
    <Row Tag="LOC_GOVERNOR_GOVERNOR_TITLES">
      <Text>Vali Unvanlari: {1_PointsAvailable}</Text>
    </Row>
    <Row Tag="LOC_GOVERNOR_GOVERNOR_TITLES_AVAILABLE">
      <Text>MEVCUT VALI BASLIKLARI: {1_PointsAvailable}</Text>
    </Row>
    <Row Tag="LOC_GOVERNOR_GOVERNOR_TITLES_SPENT">
      <Text>HARCANAN: {1_PointsSpent}</Text>
    </Row>
    <Row Tag="LOC_HISTORY_TIMELINE_TITLE">
      <Text>{1_PlayerCiv} Tarihçesi</Text>
    </Row>
    <Row Tag="LOC_HISTORY_NEW_MOMENT">
      <Text>{1_PlayerCiv} Tarih Yaziyor</Text>
    </Row>
    <Row Tag="LOC_HISTORY_MOMENT_EFFECTS">
      <Text>{1_MomentDate}    | Dönüs {2_MomentTurn}    | {3_MomentScore} Dönem Puani</Text>
    </Row>
    <Row Tag="LOC_HISTORY_MOMENT_EFFECTS_NO_SCORE">
      <Text>{1_MomentDate}    | Dönüs {2_MomentTurn}</Text>
    </Row>
    <Row Tag="LOC_CULTURAL_IDENTITY_LOYALTY_PERCENTAGE">
      <Text>Sadakat: {1_CurrentLoyalty}\{2_MaxLoyalty} ({3_LoyaltyIcon}{4_LoyaltyPerTurn})</Text>
    </Row>
    <Row Tag="LOC_CULTURAL_IDENTITY_POSITIVE_PRESSURE">
      <Text>+{1_Value}</Text>
    </Row>
    <Row Tag="LOC_CULTURAL_IDENTITY_GOVERNORS_PRESSURE_TOOLTIP">
      <Text>[ICON_Governor] Vali buraya yerlestirildi</Text>
    </Row>
    <Row Tag="LOC_CULTURAL_IDENTITY_MY_CITIES_PRESSURE_TOOLTIP">
      <Text>Sahibinin [ICON_Citizen] 9 karo içindeki vatandaslari</Text>
    </Row>
    <Row Tag="LOC_CULTURAL_IDENTITY_THEIR_CITIES_PRESSURE_TOOLTIP">
      <Text>Diger uygarliklarin [ICON_Citizen] 9 karo içindeki vatandaslari</Text>
    </Row>
    <Row Tag="LOC_CULTURAL_IDENTITY_INDEPENDENCE_PRESSURE_TOOLTIP">
      <Text>Bagimsizlik arzusu</Text>
    </Row>
    <Row Tag="LOC_CULTURAL_IDENTITY_HAPPINESS_PRESSURE_TOOLTIP">
      <Text>Mutluluk seviyesi</Text>
    </Row>
    <Row Tag="LOC_CULTURAL_IDENTITY_OTHER_PRESSURE_TOOLTIP">
      <Text>Diger etkiler burada</Text>
    </Row>
    <Row Tag="LOC_CULTURAL_IDENTITY_CITY_STATES_PRESSURE_TOOLTIP">
      <Text>Sehir-Devlet olarak temel güç</Text>
    </Row>
    <Row Tag="LOC_CULTURAL_IDENTITY_FREE_CITIES_PRESSURE_TOOLTIP">
      <Text>Serbest Sehir olarak temel güç</Text>
    </Row>
    <Row Tag="LOC_CULTURAL_IDENTITY_POPULATION_PRESSURE_TOOLTIP">
      <Text>Yakin çevrenin baskisi [ICON_Citizen] Vatandaslar</Text>
    </Row>
    <Row Tag="LOC_CULTURAL_IDENTITY_POPULATION_PRESSURE_TOOLTIP_MAJOR_CIVS">
      <Text>Sehrin sahibine ait yakindaki [ICON_Citizen] Vatandaslardan ve farkli bir medeniyete ait yakindaki [ICON_Citizen] Vatandaslardan gelen baskinin karsilastirilmasina bagli olarak +20 ila -20 arasinda degisir. [NEWLINE][ICON_Bullet]Normalde [ICON_Citizen] Vatandas basina 1 Baski[NEWLINE][ICON_BULLET]Baskentte [ICON_Capital] artirilir[NEWLINE][ICON_BULLET]Altin Cag, Karanlik Cag ve Ekmek ve Sirkler sehir projesinden etkilenebilir[NEWLINE][ICON_BULLET]9 karo içindeki diger sehirler için de geçerlidir, ancak karo basina %10 daha az etkilidir</Text>
    </Row>
    <Row Tag="LOC_CULTURAL_IDENTITY_POPULATION_PRESSURE_TOOLTIP_MINOR_CIVS">
      <Text>Sehrin sahibine ait yakindaki [ICON_Citizen] Vatandaslardan ve farkli bir medeniyete ait yakindaki [ICON_Citizen] Vatandaslardan gelen baskinin karsilastirilmasina dayali olarak +20 ila -20 arasinda degisir. [NEWLINE][ICON_Bullet]Normalde [ICON_Citizen] Vatandas basina 1 Baski [NEWLINE][ICON_BULLET]Baskentte [ICON_Capital] Artti</Text>
    </Row>
    <!-- Dedications-->
    <Row Tag="LOC_TECH_BOOST_DEDICATION_NOTIFICATION">
      <Text>Bir [ICON_TechBoosted] Eureka tetiklediniz.</Text>
    </Row>
    <Row Tag="LOC_CIVIC_BOOST_DEDICATION_NOTIFICATION">
      <Text>Bir [ICON_CivicBoosted] Ilhami tetiklediniz.</Text>
    </Row>
    <Row Tag="LOC_RELIGIOUS_CONVERSION_DEDICATION_NOTIFICATION">
      <Text>Bir sehri ilk kez kendi kurdugunuz Dine dönüstürdünüz.</Text>
    </Row>
    <Row Tag="LOC_DISTRICT_COMPLETION_DEDICATION_NOTIFICATION">
      <Text>Yeni bir Bölge insa ettiniz.</Text>
    </Row>
    <Row Tag="LOC_TRADE_ROUTE_DEDICATION_NOTIFICATION">
      <Text>Bir [ICON_TradeRoute] Ticaret Rotasini tamamladiniz.</Text>
    </Row>
    <Row Tag="LOC_MAP_DISCOVERY_DEDICATION_NOTIFICATION">
      <Text>Yeni bir Kita veya Doga Harikasi kesfettiniz.</Text>
    </Row>
    <Row Tag="LOC_CORPS_KILL_DEDICATION_NOTIFICATION">
      <Text>Bir birligi yok ettiniz.</Text>
    </Row>
    <Row Tag="LOC_ARMY_KILL_DEDICATION_NOTIFICATION">
      <Text>Bir orduyu yok ettiniz.</Text>
    </Row>
    <Row Tag="LOC_NAVAL_UNIT_KILL_DEDICATION_NOTIFICATION">
      <Text>Barbar olmayan bir donanma birimini yok ettiniz.</Text>
    </Row>
    <Row Tag="LOC_SCIENCE_BUILDING_DEDICATION_NOTIFICATION">
      <Text>Temel verim olarak [ICON_Science] Bilim saglayan bir bina insa ettiniz.</Text>
    </Row>
    <Row Tag="LOC_CULTURE_BUILDING_DEDICATION_NOTIFICATION">
      <Text>Büyük Is yuvasina sahip bir bina insa ettiniz.</Text>
    </Row>
    <Row Tag="LOC_INDUSTRIAL_BUILDING_DEDICATION_NOTIFICATION">
      <Text>Sanayi Dönemi veya sonrasina ait bir bina insa ettiniz.</Text>
    </Row>
    <Row Tag="LOC_AERODROME_BUILDING_DEDICATION_NOTIFICATION">
      <Text>Aerodrome bölgesinde bir bina insa ettiniz.</Text>
    </Row>
    <Row Tag="LOC_SPY_MISSION_DEDICATION_NOTIFICATION">
      <Text>Basarili bir saldirgan casus operasyonunu tamamladiniz.</Text>
    </Row>
    <Row Tag="LOC_ARTIFACT_EXTRACTION_DEDICATION_NOTIFICATION">
      <Text>Bir [ICON_GreatWork_Artifact] Artefakt çikardiniz.</Text>
    </Row>
    <Row Tag="LOC_GREATPERSON_EARNED_NOTIFICATION">
      <Text>Bir [ICON_GreatPerson] Büyük Kisi kazandiniz.</Text>
    </Row>
    <!-- Scoring -->
    <Row Tag="LOC_CATEGORY_ERA_SCORE_NAME">
      <Text>Dönem Puani</Text>
    </Row>
    <Row Tag="LOC_CITY_STATE_PANEL_HAS_AMBASSADOR_TOOLTIP">
      <Text>Diplomat [ICON_Governor] Valilerini bu sehir devletine atamis olan medeniyetler:</Text>
    </Row>
    <Row Tag="LOC_CITY_STATE_PANEL_HAS_AMBASSADOR_TOOLTIP_ENTRY">
      <Text>[NEWLINE][ICON_Bullet]{1_CivName} ({2_PlayerName})</Text>
    </Row>
    <Row Tag="LOC_CITY_STATE_PANEL_HAS_AMBASSADOR_TOOLTIP_ENTRY_UNMET">
      <Text>[NEWLINE][ICON_Bullet]{1_CivName}</Text>
    </Row>
    <Row Tag="LOC_CITY_STATE_PANEL_CIV_AMBASSADOR_TOOLTIP">
      <Text>{1_CivName} bu sehir devletine bir Diplomat atadi.</Text>
    </Row>
    <Row Tag="LOC_CITY_BANNER_HAS_AMBASSADOR_TOOLTIP_ENTRY_LIMITED">
      <Text>[NEWLINE][ICON_Bullet]{1_CivName} ({2_PlayerName})</Text>
    </Row>
    <Row Tag="LOC_CITY_BANNER_HAS_AMBASSADOR_TOOLTIP_ENTRY_FULL">
      <Text>[NEWLINE][ICON_Bullet]{1_CivName} ({2_PlayerName}) - {3_EstablishInfo}</Text>
    </Row>
    <Row Tag="LOC_GOVERNMENT_INHERENT_BONUS">
      <Text>Dogal bonus</Text>
    </Row>
    <Row Tag="LOC_GOVERNMENT_ACCUMULATED_BONUS">
      <Text>Miras bonusu</Text>
    </Row>
    <Row Tag="LOC_TECH_SCIENTIFIC_THEORY_DESCRIPTION">
      <Text>Arastirma Anlasmasi diplomatik eylemine izin verir. +1 [ICON_Food] Plantasyon iyilestirmesinden gelen gida.</Text>
    </Row>
    <Row Tag="LOC_GAME_MENU_NEW_FEATURES">
      <Text>Yeni Özellikler</Text>
    </Row>
    <Row Tag="LOC_GAME_MENU_NEW_FEATURES_TOOLTIP">
      <Text>Mevcut genislemedeki yeni özellikleri gözden geçirin.</Text>
    </Row>
    <Row Tag="LOC_XP1_INTRO_NEXT">
      <Text>Sonraki</Text>
    </Row>
    <Row Tag="LOC_XP1_INTRO_PREVIOUS">
      <Text>Önceki</Text>
    </Row>
    <Row Tag="LOC_XP1_INTRO_CONTINUE">
      <Text>Devam et</Text>
    </Row>
    <Row Tag="LOC_XP_INTRO_HIDETHIS">
      <Text>Bunu bir daha gösterme.</Text>
    </Row>
    <Row Tag="LOC_END_GAME_MENU_HISTORIAN_BUTTON">
      <Text>Zaman Cizelgesini Görüntüle</Text>
    </Row>
    <Row Tag="LOC_END_GAME_MENU_EXPORT_HISTORIAN_BUTTON">
      <Text>Zaman Cizelgesini Disa Aktar</Text>
    </Row>
    <Row Tag="LOC_LOYALTY_CITY_IS_LOYAL_TO_TT">
      <Text>Sehir {1_CivName}'ye Sadiktir</Text>
    </Row>
    <Row Tag="LOC_LOYALTY_CITY_WILL_FALL_TO_TT">
      <Text>Sadakat 0'a ulastiginda sehir {1_CivName}'ye düsecektir</Text>
    </Row>
    <Row Tag="LOC_LOYALTY_IS_RISING_BY_X_TT">
      <Text>{1_CivName}'e olan sadakat her turda {2_PointsPerTurn} {2_PointsPerTurn : plural 1?point  other?points } yükseliyor</Text>
    </Row>
    <Row Tag="LOC_LOYALTY_IS_DROPPING_BY_X_TT">
      <Text>{1_CivName}'e sadakat her turda {2_PointsPerTurn} {2_PointsPerTurn : plural 1?point  other?points } düsüyor</Text>
    </Row>
    <Row Tag="LOC_LOYALTY_IS_NOT_CHANGING_TT">
      <Text>{1_CivName}'ye olan sadakat bir sonraki turda degismeyecek</Text>
    </Row>
    <Row Tag="LOC_LOYALTY_STATUS_TT">
      <Text>{1_LoyaltyIcon} BAGLILIK {2_CurrentLoyalty}\{3_MaxLoyalty}[NEWLINE]Durum: {4_LoyaltyStatus}</Text>
    </Row>
    <Row Tag="LOC_TECH_TREE_ALLIANCE_TT">
      <Text>Tur basina [ICON_Science] Bilim artisi saglamak için Arastirma Müttefikinizle ayni Teknolojiyi aktif olarak arastirin.</Text>
    </Row>
    <Row Tag="LOC_TECH_TREE_ALLIANCE_BONUS_TT">
      <Text>3. Seviye Arastirma Ittifaki Bilim Bonusu almak. [NEWLINE]Arastirma Müttefikinizle ayni Teknolojiyi arastirmak, tur basina [ICON_Science] Bilim artisi saglar.</Text>
    </Row>
    <Row Tag="LOC_LOYALTY_MAX_LOYALTY_TT">
      <Text>Sehir tamamen Sadik ve her turda Sadakat kazaniyor</Text>
    </Row>
    <Row Tag="LOC_LOYALTY_NO_CHANGE_TT">
      <Text>Degisiklik yok</Text>
    </Row>
    <Row Tag="LOC_LOYALTY_RISING_LOYALTY_TT">
      <Text>Yükselen {1_LoyaltyPerTurn}</Text>
    </Row>
    <Row Tag="LOC_LOYALTY_FALLING_LOYALTY_TT">
      <Text>Düsüyor {1_LoyaltyPerTurn}</Text>
    </Row>
    <!-- Replay DataSets -->
    <Row Tag="LOC_REPLAYDATASET_ERASCORE_NAME">
      <Text>Tur basina Dönem Puani</Text>
    </Row>
    <Row Tag="LOC_REPLAYDATASET_GOVERNORS_NAME">
      <Text>Toplam Valiler</Text>
    </Row>
    <Row Tag="LOC_REPLAYDATASET_GOVERNORTITLES_NAME">
      <Text>Toplam Vali Unvanlari</Text>
    </Row>
    <Row Tag="LOC_GOVT_FILTER_DARK">
      <Text>Karanlik</Text>
    </Row>
    <Row Tag="LOC_IMPROVEMENT_FISHERY_NAME">
      <Text>Balikçilik</Text>
    </Row>
    <Row Tag="LOC_IMPROVEMENT_FISHERY_DESCRIPTION">
      <Text>Su Ürünleri Yetistiriciligi promosyonuna sahip bir Sörveyör Valiye sahip bir sehirde insa edilebilen [ICON_Governor] Valiye özgü bir iyilestirme. 1 [ICON_Food] Yiyecek, bir deniz kaynagina bitisikse +1 ilave [ICON_Food] Yiyecek verir. Bir kiyi arsasi üzerine insa edilmelidir.</Text>
    </Row>
    <Row Tag="LOC_IMPROVEMENT_CITY_PARK_NAME">
      <Text>Sehir Parki</Text>
    </Row>
    <Row Tag="LOC_IMPROVEMENT_CITY_PARK_DESCRIPTION">
      <Text>Bir [ICON_Governor] Vali, Parklar ve Rekreasyon promosyonu ile bir Sörveyör Vali ile bir sehirde insa edilebilecek benzersiz bir iyilestirme. 2 Cazibe ve 1 [ICON_Culture] Kültür kazandirir. Suya bitisikse +1 [ICON_Amenities] Cevre. Baska bir Sehir Parkina bitisik olamaz.</Text>
    </Row>
    <!-- MISC -->
    <Row Tag="LOC_CIVILIZATION_NOT_ABLE_TO_DECLARE_SURPRISE_WAR">
      <Text>Uygarliginiz sürpriz bir savas ilan edemez  buna bir Sehir Devletine savas ilan etmek de dahildir.</Text>
    </Row>
    <Row Tag="LOC_LEADER_TRAIT_JERUSALEM_DESCRIPTION_EXPANSION">
      <Text>Kutsal Alanlara sahip sehirleriniz Kutsal Sehirlermis gibi baski uygular (10 karo içindeki tüm sehirler üzerinde 4 kat Din baskisi).</Text>
    </Row>
    <!-- Type Traits-->
    <Row Tag="LOC_TYPE_TRAIT_GOVERNOR_POINTS">
      <Text>{1_Amount: number +#,###.# -#,###.#} [ICON_STAT_GOVERNOR] Vali Puanlari</Text>
    </Row>
    <Row Tag="LOC_TYPE_TRAIT_GOVERNOR_POINTS_WITH_REQUIREMENT">
      <Text>{1_Amount: number +#,###.# -#,###.#} [ICON_STAT_GOVERNOR] Vali Puanlari (requires {2_TechOrCivicName})</Text>
    </Row>
    <Row Tag="LOC_TYPE_TRAIT_REQUIRES_GOVERNMENT_TIER">
      <Text>Gerekli Devlet Kademesi: {1_GovernmentTier}</Text>
    </Row>
  </EnglishText>
</GameData>