﻿<?xml version="1.0" encoding="utf-8"?>
<GameData>
  <EnglishText>
    <!--Agenda Names-->
    <Row Tag="LOC_AGENDA_BILLIONAIRE_NAME">
      <Text>Milyarder</Text>
    </Row>
    <Row Tag="LOC_AGENDA_CHEOMSEONGDAE_NAME">
      <Text>Cheomseongdae</Text>
    </Row>
    <Row Tag="LOC_AGENDA_FLOWER_OF_SCOTLAND_NAME">
      <Text>Iskoçya'nin Ciçegi</Text>
    </Row>
    <Row Tag="LOC_AGENDA_HORSE_LORD_NAME">
      <Text>At Efendisi</Text>
    </Row>
    <Row Tag="LOC_AGENDA_HORN_CHEST_LOINS_NAME">
      <Text>Boynuz, Gögüs, Bel</Text>
    </Row>
    <Row Tag="LOC_AGENDA_IRON_CONFEDERACY_NAME">
      <Text>Demir Konfederasyon</Text>
    </Row>
    <Row Tag="LOC_AGENDA_MAURYA_EMPIRE_NAME">
      <Text>Maurya Imparatorlugu</Text>
    </Row>
    <Row Tag="LOC_AGENDA_NARIKALA_FORTRESS_NAME">
      <Text>Narikala Kalesi</Text>
    </Row>
    <Row Tag="LOC_AGENDA_SPIRIT_OF_TUCAPEL_NAME">
      <Text>Tucapel'in Ruhu</Text>
    </Row>
    <!--Agenda Description-->
    <Row Tag="LOC_AGENDA_BILLIONAIRE_DESCRIPTION">
      <Text>Ticaret Yollarini [ICON_TradeRoute] maksimize etmeye çalisir. Kendisiyle ticaret yapan uygarliklari sever, yapmayanlari sevmez.</Text>
    </Row>
    <Row Tag="LOC_AGENDA_CHEOMSEONGDAE_DESCRIPTION">
      <Text>[ICON_Science] Bilimi gelistirmeye çalisir ve [ICON_Science] Bilime de odaklanan medeniyetleri sever. Düsük [ICON_SCIENCE] Bilime sahip olanlardan hoslanmaz.</Text>
    </Row>
    <Row Tag="LOC_AGENDA_FLOWER_OF_SCOTLAND_DESCRIPTION">
      <Text>Kendisine verdikleri sözü tutmadiklari sürece komsularina saldirmaz. Komsularla savasmayanlari sever, savasanlari sevmez.</Text>
    </Row>
    <Row Tag="LOC_AGENDA_HORSE_LORD_DESCRIPTION">
      <Text>Dünyanin en baskin süvari gücünü olusturmak istiyor. Süvarilikte rekabet etmeyenleri sever. Süvari gücünde kendisine rakip olanlari sevmez.</Text>
    </Row>
    <Row Tag="LOC_AGENDA_HORN_CHEST_LOINS_DESCRIPTION">
      <Text>Mümkün oldugunca çok kolordu ve ordu kullanmaya çalisir ve kendisini takip eden medeniyetlere saygi duyar. Kolordu olusturamayan veya onlari kullanmayan uygarliklari sevmez.</Text>
    </Row>
    <Row Tag="LOC_AGENDA_IRON_CONFEDERACY_DESCRIPTION">
      <Text>Coklu ittifaklar kurmaya çalisir ve ayni seyi yapanlara saygi duyar. Az sayida ittifaka sahip olanlardan hoslanmaz.</Text>
    </Row>
    <Row Tag="LOC_AGENDA_MAURYA_EMPIRE_DESCRIPTION">
      <Text>Komsu medeniyetleri fethetmeye çalisir ve (henüz) komsusu olmayan medeniyetleri sever. Komsularini sevmez.</Text>
    </Row>
    <Row Tag="LOC_AGENDA_NARIKALA_FORTRESS_DESCRIPTION">
      <Text>Sehirlerinin etrafina yüksek seviyeli duvarlar örmeye çalisir ve onu takip eden medeniyetlere saygi duyar. Sehirlerini güçlendirmekte basarisiz olan medeniyetleri sevmez.</Text>
    </Row>
    <Row Tag="LOC_AGENDA_SPIRIT_OF_TUCAPEL_DESCRIPTION">
      <Text>Yüksek derecede kültürel sadakat yaratmaya ve sürdürmeye çalisir. Halkinin sadakatini koruyamayarak sehir kaybeden medeniyetlerden hoslanmaz, sadakat yoluyla sehir kazananlari sever.</Text>
    </Row>
  </EnglishText>
</GameData>