﻿<?xml version="1.0" encoding="utf-8"?>
<GameData>
  <EnglishText>
    <Row Tag="LOC_DISTRICT_GOVERNMENT_NAME">
      <Text>Hükümet Meydani</Text>
    </Row>
    <Row Tag="LOC_DISTRICT_WATER_ENTERTAINMENT_COMPLEX_NAME">
      <Text>Su Parki</Text>
    </Row>
    <Row Tag="LOC_DISTRICT_GOVERNMENT_DESCRIPTION">
      <Text>Hükümet seçimlerinizi anmak için imparatorlugunuza bir kez yerlestirilen bir bölge. Bu sehre her turda +8 Sadakat ve herhangi bir komsu bölge tarafindan kazanilan bitisiklik bonuslarina +1 artis saglar. Ödüller +1 [Icon_Governor] Vali Unvani.</Text>
    </Row>
    <Row Tag="LOC_DISTRICT_WATER_ENTERTAINMENT_COMPLEX_DESCRIPTION">
      <Text>Kiyi karosunda yer alan ve [ICON_Amenities] olanaklari artirarak halkinizi mutlu etmeye adanmis bir bölge. Eglence Kompleksi olan bir sehirde insa edilemez. Resif üzerine insa edilemez.</Text>
    </Row>
    <Row Tag="LOC_DISTRICT_COMMERCIAL_HUB_EXPANSION1_DESCRIPTION">
      <Text>Sehrinizde finans ve ticaret konusunda uzmanlasmis bir bölge.</Text>
    </Row>
    <Row Tag="LOC_DISTRICT_HARBOR_EXPANSION1_DESCRIPTION">
      <Text>Sehrinizdeki denizcilik faaliyetleri için bir bölge. Ayrica bu kareye giris ve çikis için [ICON_Movement] Hareket cezasini da kaldirir. Karaya bitisik Sahil veya Göl Arazisi üzerine insa edilmelidir. Resif üzerine insa edilemez.</Text>
    </Row>
    <Row Tag="LOC_DISTRICT_ENTERTAINMENT_COMPLEX_EXPANSION1_DESCRIPTION">
      <Text>Sehrinizde, [ICON_Amenities] olanaklari artirarak halkinizi mutlu etmeye adanmis bir bölge. Su Parki olan bir sehirde insa edilemez.</Text>
    </Row>
    <Row Tag="LOC_DISTRICT_RIVER_CULTURE">
      <Text>+{1_num} [ICON_Culture] Komsu Nehirden kültür.</Text>
    </Row>
    <Row Tag="LOC_DISTRICT_RIVER_PRODUCTION">
      <Text>+{1_num} [ICON_Production] Bitisik Nehirden Üretim.</Text>
    </Row>
    <Row Tag="LOC_DISTRICT_RIVER_SCIENCE">
      <Text>+{1_num} [ICON_Science] Bitisik Nehirden Bilim.</Text>
    </Row>
    <Row Tag="LOC_DISTRICT_RIVER_FAITH">
      <Text>+{1_num} [ICON_Faith] Komsu Nehirden gelen inanç.</Text>
    </Row>
    <Row Tag="LOC_DISTRICT_BASE_DISTRICT_SCIENCE">
      <Text>+{1_num} [ICON_Science] Bilim.</Text>
    </Row>
    <Row Tag="LOC_DISTRICT_NEGATIVE_DISTRICT_SCIENCE">
      <Text>{1_num: number +#,### -#,###} [ICON_Science] Bitisik bölgelerden bilim.</Text>
    </Row>
    <Row Tag="LOC_DISTRICT_GOVERNMENT_CULTURE">
      <Text>+{1_num} [ICON_Culture] Bitisikteki Hükümet Meydanindan kültür.</Text>
    </Row>
    <Row Tag="LOC_DISTRICT_GOVERNMENT_FAITH">
      <Text>+{1_num} [ICON_Faith] Bitisikteki Hükümet Meydanindan gelen inanç.</Text>
    </Row>
    <Row Tag="LOC_DISTRICT_GOVERNMENT_GOLD">
      <Text>+{1_num} [ICON_Gold] Bitisikteki Hükümet Meydanindan altin.</Text>
    </Row>
    <Row Tag="LOC_DISTRICT_GOVERNMENT_PRODUCTION">
      <Text>+{1_num} [ICON_Production] Bitisikteki Hükümet Meydanindan üretim.</Text>
    </Row>
    <Row Tag="LOC_DISTRICT_GOVERNMENT_SCIENCE">
      <Text>+{1_num} [ICON_Science] Bitisikteki Hükümet Meydanindan bilim.</Text>
    </Row>
    <!-- Projects -->
    <Row Tag="LOC_PROJECT_WATER_CARNIVAL_NAME">
      <Text>Karnaval</Text>
    </Row>
    <Row Tag="LOC_PROJECT_WATER_CARNIVAL_SHORT_NAME">
      <Text>Karnaval (Kiyi)</Text>
    </Row>
    <Row Tag="LOC_PROJECT_WATER_CARNIVAL_DESCRIPTION">
      <Text>Aktif oldugunda +1 [ICON_Amenities] Amenity ve tamamlandiginda [ICON_GreatEngineer] Büyük Mühendisler, [ICON_GreatMerchant] Büyük Tüccarlar, [ICON_GreatWriter] Büyük Yazarlar, [ICON_GreatArtist] Büyük Sanatçilar ve [ICON_GreatMusician] Büyük Müzisyenler için [ICON_GreatPerson] Büyük Kisi Puani saglayan Brezilya'nin essiz projesi.</Text>
    </Row>
    <Row Tag="LOC_PROJECT_BREAD_AND_CIRCUSES_NAME">
      <Text>Ekmek ve Sirkler</Text>
    </Row>
    <Row Tag="LOC_PROJECT_BREAD_AND_CIRCUSES_SHORT_NAME">
      <Text>Ekmek ve Sirkler</Text>
    </Row>
    <Row Tag="LOC_PROJECT_WATER_BREAD_AND_CIRCUSES_SHORT_NAME">
      <Text>Ekmek ve Sirkler (Kiyi)</Text>
    </Row>
    <Row Tag="LOC_PROJECT_BREAD_AND_CIRCUSES_DESCRIPTION">
      <Text>Bu sehrin kendisine ve yakinindaki diger sehirlere uyguladigi Sadakat baskisini artiran sehir projesi.[NEWLINE][NEWLINE]Aktifken, buradaki [ICON_Citizen] Vatandaslarinizin her biri bu sehre +0,5 Sadakat baskisi uygular. Bu baski 9 karo içindeki diger sehirleri de etkiler, ancak karo basina %10 daha az etkilidir. Tamamlandiginda, bu sehirde aninda +20 Sadakat kazanirsiniz.[NEWLINE][NEWLINE]Gerektirir: Eglence Kompleksi bölgesi.</Text>
    </Row>
    <Row Tag="LOC_PROJECT_BREAD_AND_CIRCUSES_DESCRIPTION_ALT">
      <Text>Bu sehrin kendisine ve yakinindaki diger sehirlere uyguladigi Sadakat baskisini artiran sehir projesi.[NEWLINE][NEWLINE]Aktifken, buradaki [ICON_Citizen] Vatandaslarinizin her biri bu sehre +1 Sadakat baskisi uygular. Bu baski 9 karo içindeki diger sehirleri de etkiler, ancak karo basina %10 daha az etkilidir. Tamamlandiginda, bu sehirde aninda +20 Sadakat kazanirsiniz.[NEWLINE][NEWLINE]Gerektirir: Su Parki bölgesi.</Text>
    </Row>
    <!-- Updates to base game Districts -->
    <Row Tag="LOC_DISTRICT_ENTERTAINMENT_COMPLEX_DESCRIPTION">
      <Text>Sehrinizde, [ICON_Amenities] olanaklari artirarak halkinizi mutlu etmeye adanmis bir bölge.</Text>
    </Row>
    <Row Tag="LOC_DISTRICT_STREET_CARNIVAL_DESCRIPTION">
      <Text>Brezilya'ya özgü bir bölge. Eglence Kompleksi bölgesinin yerini alir ve +2 [ICON_Amenities] Kolaylik saglar ve insa etmesi daha ucuzdur. Ayrica Karnaval projesinin kilidini açar, bu proje devam ederken +1 [ICON_Amenities] ek Kolaylik ve tamamlandiginda çesitli [ICON_GreatPerson] Harika Insanlar puani verir.</Text>
    </Row>
  </EnglishText>
</GameData>