﻿<?xml version="1.0" encoding="utf-8"?>
<GameData>
  <EnglishText>
    <Row Tag="LOC_DIPLOACTION_THIRD_PARTY_WAR_NAME">
      <Text>Devam Eden Savasa Katilin</Text>
    </Row>
    <Row Tag="LOC_DIPLOACTION_THIRD_PARTY_WAR_DESCRIPTION">
      <Text>Baska bir oyuncunun hedef uygarliga karsi savasina katilin.</Text>
    </Row>
    <Row Tag="LOC_DIPLOACTION_DECLARE_GOLDEN_AGE_WAR_NAME">
      <Text>Altin Cag Savasi Ilan Et</Text>
    </Row>
    <Row Tag="LOC_DIPLOACTION_DECLARE_GOLDEN_AGE_WAR_DESCRIPTION">
      <Text>Bir Altin Cag'dayken bir oyuncuya "Silahlara!" ile savas ilan etmek için kullanilir. Adanmislik. Bir uygarligi Ihbar ettikten hemen sonra, normal tur sayisini beklemeden kullanilabilir. Hangi sehirleri ele geçirebileceginiz konusunda kisitlama yok. Savas kiskirticiligi cezalari 75%. azaltildi</Text>
    </Row>
    <Row Tag="LOC_DIPLOACTION_DECLARE_WAR_OF_RETRIBUTION_NAME">
      <Text>Intikam Savasi Ilan Et</Text>
    </Row>
    <Row Tag="LOC_DIPLOACTION_DECLARE_WAR_OF_RETRIBUTION_DESCRIPTION">
      <Text>Son 30 tur içinde size verdigi sözü tutmayan bir oyuncuya savas ilan etmek için kullanilir. Hangi sehirleri ele geçirebileceginiz konusunda herhangi bir kisitlama yoktur. Savas kiskirticiligi cezalari 50%. azaltildi</Text>
    </Row>
    <Row Tag="LOC_DIPLOACTION_DECLARE_IDEOLOGICAL_WAR_NAME">
      <Text>Ideolojik Savas Ilan Etmek</Text>
    </Row>
    <Row Tag="LOC_DIPLOACTION_DECLARE_IDEOLOGICAL_WAR_DESCRIPTION">
      <Text>Farkli bir Kademe 3 hükümetinde olan bir oyuncuya savas ilan etmek için kullanilir. Hangi sehirleri ele geçirebileceginiz konusunda herhangi bir kisitlama yoktur. Savas kiskirticiligi cezalari 50%. azaltildi</Text>
    </Row>
    <Row Tag="LOC_DIPLOACTION_ALLIANCE_DESCRIPTION">
      <Text>Ilan Edilmis Bir Dost ile Ittifak Kurun. Müttefikler savasa giremez, otomatik olarak Açik Sinirlara sahip olur ve müttefiklerinden biri bir sehir kaybederse her biri saldirgan bir uygarliga karsi Casus Belli alir.</Text>
    </Row>
  </EnglishText>
</GameData>