﻿<?xml version="1.0" encoding="utf-8"?>
<GameData>
  <EnglishText>
    <!-- Natural Wonders -->
    <Row Tag="LOC_FEATURE_DELICATE_ARCH_QUOTE">
      <Text>"Delicate Arch'in bir önemi varsa, o da tuhaf ve beklenmedik olanin duyulari ürkütme ve zihni aliskanliklarindan sasirtma gücünde yatar."[NEWLINE]-Edward Abbey</Text>
    </Row>
    <Row Tag="LOC_FEATURE_EYE_OF_THE_SAHARA_QUOTE">
      <Text>"Garip bir sekilde, bir göktasinin izi degil, gökkusagindan esinlenen bir renk düzenine sahip, derinlemesine asinmis bir kubbe gibi görünüyor."[NEWLINE]-Chris Hadfield</Text>
    </Row>
    <Row Tag="LOC_FEATURE_MATTERHORN_QUOTE">
      <Text>"O halde, bir zamanlar arzulanan Matterhorn'a, basi daha yüce ve daha uzak siradaglari yaldizlamak için ayrilan bir günesin son isinlarini kaybetmeden önce bir saygi ve hayranlik sunmama izin verin."[NEWLINE]-F. Crauford Grove</Text>
    </Row>
    <Row Tag="LOC_FEATURE_RORAIMA_QUOTE">
      <Text>"Fantastik bir manzaraydi, çünkü her yerde görünüste imkansiz pozisyonlarda duran, bazilari digerlerinin üzerine veya yanina yerlestirilmis, her türlü yerçekimi kanununa meydan okuyormus gibi görünen en tuhaf biçimlerdeki kayalar vardi."[NEWLINE]-Goldthwaite's Geographical Magazine</Text>
    </Row>
    <Row Tag="LOC_FEATURE_UBSUNUR_HOLLOW_QUOTE">
      <Text>"Karanlik ve derin sularin yükselen dünyasi, bosluktan ve sekilsiz sonsuzluktan kazanildi."[NEWLINE]-John Milton</Text>
    </Row>
    <Row Tag="LOC_FEATURE_ZHANGYE_DANXIA_QUOTE">
      <Text>"Günes isil isil parlarken, sonra alacakaranligin sisleri çöküyor, her dönüste manzara sihir gibi degisiyor."[NEWLINE]-Fan Zhongyan</Text>
    </Row>
    <Row Tag="LOC_FEATURE_LAKE_RETBA_QUOTE">
      <Text>"Su, su, her yerde, içecek bir damla bile yok."[NEWLINE]-Samuel Taylor Coleridge, The Ancient Mariner</Text>
    </Row>
  </EnglishText>
</GameData>