﻿<?xml version="1.0" encoding="utf-8"?>
<GameData>
  <EnglishText>
    <!-- Standard modifiers -->
    <Row Tag="LOC_DIPLO_MODIFIER_CHANDRAGUPTA_NEIGHBOR">
      <Text>Chandragupta, imparatorlugunuzun onunkine yakin olmasindan hosnut degil.</Text>
    </Row>
    <Row Tag="LOC_DIPLO_MODIFIER_CHANDRAGUPTA_NOT_NEIGHBOR">
      <Text>Chandragupta, Imparatorlugunuzun onunkinden uzak olmasindan memnun.</Text>
    </Row>
    <Row Tag="LOC_DIPLO_MODIFIER_CHEOMSEONGDAE_HIGH_SCIENCE">
      <Text>Seondeok Bilim Alanindaki Cabalarinizdan Memnun</Text>
    </Row>
    <Row Tag="LOC_DIPLO_MODIFIER_CHEOMSEONGDAE_LOW_SCIENCE">
      <Text>Seondeok bilimi görmezden geldiginiz için hayal kirikligina ugradi</Text>
    </Row>
    <Row Tag="LOC_DIPLO_MODIFIER_FLOWER_SCOTLAND_PEACEFUL">
      <Text>Robert the Bruce komsularinizla barisi korudugunuz için memnun.</Text>
    </Row>
    <Row Tag="LOC_DIPLO_MODIFIER_FLOWER_SCOTLAND_WARLIKE">
      <Text>Robert the Bruce komsularinizla kavga etmenizden dehsete düsmüs.</Text>
    </Row>
    <Row Tag="LOC_DIPLO_MODIFIER_IRON_CONFEDERACY_MANY_ALLIANCES">
      <Text>Poundmaker ittifak kurmanizi onayliyor</Text>
    </Row>
    <Row Tag="LOC_DIPLO_MODIFIER_IRON_CONFEDERACY_FEW_ALLIANCES">
      <Text>Poundmaker bu kadar az ittifaka katildiginiz için mutsuz.</Text>
    </Row>
    <Row Tag="LOC_DIPLO_MODIFIER_NARIKALA_FORTRESS_HIGH_WALLS">
      <Text>Tamar sehirlerinizi güçlendirdiginiz için mutlu</Text>
    </Row>
    <Row Tag="LOC_DIPLO_MODIFIER_NARIKALA_FORTRESS_LOW_WALLS">
      <Text>Tamar kentlerinizdeki surlarin eksikliginden dehsete düsüyor.</Text>
    </Row>
    <Row Tag="LOC_DIPLO_MODIFIER_SPIRIT_OF_TUCAPEL_GAINING_CITIES">
      <Text>Lautaro sadakat yoluyla toprak kazanmayi onayliyor</Text>
    </Row>
    <Row Tag="LOC_DIPLO_MODIFIER_SPIRIT_OF_TUCAPEL_LOSING_CITIES">
      <Text>Lautaro halkinin sadakatini saglayamayanlardan hoslanmaz</Text>
    </Row>
  </EnglishText>
</GameData>