﻿<?xml version="1.0" encoding="utf-8"?>
<GameData>
  <EnglishText>
    <Row Tag="LOC_GAMEMODE_BARBARIAN_CLANS_NAME">
      <Text>Barbar Klanlar Modu</Text>
    </Row>
    <Row Tag="LOC_GAMEMODE_BARBARIAN_CLANS_DESCRIPTION">
      <Text>Bu oyun modu, standart Barbar Kabilelerinin yerine her biri kendi arazisine ve savaş tercihlerine sahip çeşitli Klanları getiriyor. Ayrıca bu mod, Barbarlarla barışçıl etkileşimler için daha fazla stratejik seçenek sağlayan yeni oyuncu eylemleri sunuyor.</Text>
    </Row>
    <!--Mode Text Updates-->
    <Row Tag="LOC_TRAIT_CIVILIZATION_FIRST_CIVILIZATION_CLANS_MODE_DESCRIPTION">
      <Text>Bir Barbar Karakolunu dağıttığınızda, normal Deneyim Puanlarına ek olarak bir Kabile Köyü ödülü alın. Şehir devleti birimlerini toplamak için normal maliyetin yarısını ödeyin.</Text>
    </Row>
  </EnglishText>
</GameData>