﻿<?xml version="1.0" encoding="utf-8" standalone="yes"?>
<GameData>
  <EnglishText>
    <!-- Loading Screen -->
    <Row Tag="LOC_LOADING_INFO_CIVROYALE_SCENARIO">
      <Text>{LOC_CIV_ROYALE_MOD_DESCRIPTION_TUTORIAL}</Text>
    </Row>
    <!-- Victories -->
    <Row Tag="LOC_CIV_ROYALE_VICTORY_WIN_BLURB">
      <Text>Hepsi bize güldü. Inis aracina ulasamayacak kadar zayif ve az sayida oldugumuzu söylediler. Peki, simdi kim gülüyor? Bu aptal, çürümüs gezegenden ayrilan son grup kim? Kimin piril piril yeni bir uzay gemisine, temiz su içmeye ve zehirli toz içermeyen havayi solumaya tek yönlü bileti var? Biziz! [NEWLINE] [NEWLINE] Buradan gidiyoruz! Dikkat et, evren!</Text>
    </Row>
    <!-- Goody Huts -->
    <Row Tag="LOC_GOODYHUT_MILITARY_GRANT_WARRIOR_DESCRIPTION">
      <Text>[COLOR_FLOAT_MILITARY]Bir Piyade birimi fraksiyonunuza katildi. [ENDCOLOR]</Text>
    </Row>
    <Row Tag="LOC_GOODYHUT_MILITARY_GRANT_ARCHER_DESCRIPTION">
      <Text>[COLOR_FLOAT_MILITARY]Bir Makineli Tüfek birimi grubunuza katildi.[ENDCOLOR]</Text>
    </Row>
    <Row Tag="LOC_GOODYHUT_MILITARY_GRANT_AT_TEAM_DESCRIPTION">
      <Text>[COLOR_FLOAT_MILITARY]Bir Anti-Tank birimi grubunuza katildi. [ENDCOLOR]</Text>
    </Row>
    <Row Tag="LOC_GOODYHUT_MILITARY_GRANT_SETTLER_DESCRIPTION">
      <Text>[COLOR_FLOAT_MILITARY]Harabelerde barinan siviller grubunuza katildi. [ENDCOLOR]</Text>
    </Row>
    <Row Tag="LOC_GOODYHUT_MILITARY_GRANT_GUNSHIP_DESCRIPTION">
      <Text>[COLOR_FLOAT_MILITARY]Islevsel bir Helikopter kesfettiniz. [ENDCOLOR]</Text>
    </Row>
    <Row Tag="LOC_GOODYHUT_MILITARY_GRANT_TANK_DESCRIPTION">
      <Text>[COLOR_FLOAT_MILITARY]Islevsel bir Tank kesfettiniz. [ENDCOLOR]</Text>
    </Row>
    <Row Tag="LOC_GOODYHUT_MILITARY_GRANT_ARTILLERY_DESCRIPTION">
      <Text>[COLOR_FLOAT_MILITARY]Bir Topçu birimi grubunuza katildi. [ENDCOLOR]</Text>
    </Row>
    <Row Tag="LOC_GOODYHUT_MILITARY_GRANT_NUKE_STRIKE_DESCRIPTION">
      <Text>[COLOR_FLOAT_MILITARY]Islevsel bir Termonükleer Aygit kesfettiniz. [ENDCOLOR]</Text>
    </Row>
    <Row Tag="LOC_GOODYHUT_MILITARY_GRANT_ZOMBIES_DESCRIPTION">
      <Text>[COLOR_FLOAT_MILITARY]Zombileriniz bir kurban daha aldi. [ENDCOLOR]</Text>
    </Row>
    <Row Tag="LOC_GOODYHUT_MILITARY_GRANT_ZOMBIES_DESCRIPTION_B">
      <Text>[COLOR_FLOAT_MILITARY]Sürü için daha fazla ceset. [ENDCOLOR]</Text>
    </Row>
    <Row Tag="LOC_GOODYHUT_MILITARY_GRANT_ZOMBIES_DESCRIPTION_C">
      <Text>[COLOR_FLOAT_MILITARY]Bir zombi sürüsü kesfettiniz. [ENDCOLOR]</Text>
    </Row>
    <Row Tag="LOC_GOODYHUT_IMPROVISED_TRAP_GOODIES">
      <Text>Tuzaga düstün!</Text>
    </Row>
    <Row Tag="LOC_GOODYHUT_GRIEVING_GIFT_GOODIES">
      <Text>Bu bir tuzakti!</Text>
    </Row>
    <!-- HUD UI -->
    <Row Tag="LOC_CIV_ROYALE_HUD_TURNS_UNTIL_RING_SHRINKS">
      <Text>Güvenli Bölge küçülene kadar çevirin.</Text>
    </Row>
    <Row Tag="LOC_CIV_ROYALE_HUD_TURNS_UNTIL_RING_SHRINKS_B">
      <Text>{1_Turns} Güvenli Bölge küçülene kadar çevirin.</Text>
    </Row>
    <Row Tag="LOC_CIV_ROYALE_HUD_TURNS_UNTIL_RING_SHRINKS_MIN_SIZE">
      <Text>Güvenli Bölge minimum boyuttadir.</Text>
    </Row>
    <Row Tag="LOC_CIV_ROYALE_HUD_TURNS_UNTIL_RING_SHRINKS_MIN_SIZE_B">
      <Text>Güvenli Bölge stabilize oldu. [COLOR_RED]Tahliye, hayatta kalan diger gruplar tarafindan engelleniyor. [ENDCOLOR]</Text>
    </Row>
    <Row Tag="LOC_CIV_ROYALE_HUD_TURNS_UNTIL_RING_SHRINKS_MIN_SIZE_C">
      <Text>Güvenli Bölge stabilize oldu. [COLOR_RED]Uzaktan inis araci sinyali hala diger gruplar tarafindan engelleniyor![ENDCOLOR]</Text>
    </Row>
    <Row Tag="LOC_CIV_ROYALE_HUD_STORM_STRENGTH">
      <Text>Serpinti: Kategori {1_safeZonePhase} (Hasar {2_dangerZoneDamage})</Text>
    </Row>
    <Row Tag="LOC_CIV_ROYALE_HUD_CATEGORY">
      <Text>Kategori</Text>
    </Row>
    <Row Tag="LOC_CIV_ROYALE_HUD_CATEGORY_TOOLTIP">
      <Text>Bir birim halkadaki serpintiden {1_Damage} hasar alacaktir.[NEWLINE]Simdiye kadar Güvenli Bölge {2_RingCount} {2_RingCount : plural 1?time  other?times } kapandi.</Text>
    </Row>
    <Row Tag="LOC_CIV_ROYALE_HUD_DAMAGE">
      <Text>Hasar</Text>
    </Row>
    <Row Tag="LOC_CIV_ROYALE_HUD_DAMAGE_TOOLTIP">
      <Text>Hayatta kalanlarinizin Kizil Ölüm'de karsilasacagi hasar miktari.</Text>
    </Row>
    <Row Tag="LOC_CIV_ROYALE_HUD_TURNS">
      <Text>{1_Turns : plural 1?Turn  other?Turns }</Text>
    </Row>
    <Row Tag="LOC_CIV_ROYALE_HUD_TURNS_TOOLTIP">
      <Text>Kizil Ölüm'ün Güvenli Bölge'ye ulasmasina kaç tur var.</Text>
    </Row>
    <Row Tag="LOC_CIV_ROYALE_HUD_CIVILIAN_WARNING">
      <Text>Siviliniz serpintinin içinde!</Text>
    </Row>
    <Row Tag="LOC_CIV_ROYALE_HUD_PLAYER_NAME_LABEL">
      <Text>Oyuncunun adi:</Text>
    </Row>
    <!--Global Ability Tracker-->
    <Row Tag="LOC_CIV_ROYALE_GLOBAL_ABILITY_AVAILABLE">
      <Text>Yetenek Mevcut!</Text>
    </Row>
    <Row Tag="LOC_CIV_ROYALE_GLOBAL_ABILITY_CHARGES">
      <Text>Ücretler: {1_CurrentCharges} \ {2_Max_Charges}</Text>
    </Row>
    <!-- Notifications -->
    <Row Tag="LOC_CIVROYALE_NOTIFICATION_SUPPLY_DROP_MESSAGE">
      <Text>Tedarik Düstü!</Text>
    </Row>
    <Row Tag="LOC_CIVROYALE_NOTIFICATION_SUPPLY_DROP_SUMMARY">
      <Text>Bir Erzak Damlasi ortaya çikti!</Text>
    </Row>
    <Row Tag="LOC_NOTIFICATION_DISCOVER_GOODY_HUT_MESSAGE">
      <Text>Kabile Köyü Kesfedildi</Text>
    </Row>
    <Row Tag="LOC_NOTIFICATION_DISCOVER_GOODY_HUT_SUMMARY">
      <Text>Dost bir kabilenin yasadigi bir köy buldunuz.</Text>
    </Row>
    <Row Tag="LOC_CIVROYALE_NOTIFICATION_SAFE_ZONE_APPEARED_MESSAGE">
      <Text>Güvenli Bölge Kuruldu</Text>
    </Row>
    <Row Tag="LOC_CIVROYALE_NOTIFICATION_SAFE_ZONE_APPEARED_SUMMARY">
      <Text>Kizil Ölüm yeniden sekilleniyor. Haritanizda firtinanin gözünde bir Güvenli Bölge isaretlendi.</Text>
    </Row>
    <Row Tag="LOC_CIVROYALE_NOTIFICATION_SAFE_ZONE_CHANGED_MESSAGE">
      <Text>Güvenli Bölge Küçüldü</Text>
    </Row>
    <Row Tag="LOC_CIVROYALE_NOTIFICATION_SAFE_ZONE_CHANGED_SUMMARY">
      <Text>Kizil Ölüm giderek kötülesiyor. Güvenli Bölge degisti ve küçüldü.</Text>
    </Row>
    <Row Tag="LOC_CIVROYALE_NOTIFICATION_NEW_TREASURE_MAP_MESSAGE">
      <Text>Yeni Hazine Haritasi</Text>
    </Row>
    <Row Tag="LOC_CIVROYALE_NOTIFICATION_NEW_TREASURE_MAP_SUMMARY">
      <Text>Yeni bir gömülü hazine haritasi kesfettiniz.</Text>
    </Row>
    <Row Tag="LOC_CIVROYALE_NOTIFICATION_HAIL_MARY_READY_MESSAGE">
      <Text>Hail Mary Hazir</Text>
    </Row>
    <Row Tag="LOC_CIVROYALE_NOTIFICATION_HAIL_MARY_READY_SUMMARY">
      <Text>Hail Mary göreve hazir.</Text>
    </Row>
    <Row Tag="LOC_CIVROYALE_NOTIFICATION_ZOMBIE_DECAYED_MESSAGE">
      <Text>Zombi Sürüsü Cürüdü</Text>
    </Row>
    <Row Tag="LOC_CIVROYALE_NOTIFICATION_ZOMBIE_DECAYED_SUMMARY">
      <Text>Zombi Sürünüz çürüme nedeniyle öldürüldü.</Text>
    </Row>
    <!-- Supply Drop Improvement -->
    <Row Tag="LOC_IMPROVEMENT_SUPPLY_DROP_NAME">
      <Text>Tedarik Düsüsü</Text>
    </Row>
    <!-- Goody Hut Improvements -->
    <Row Tag="LOC_CIV_ROYALE_IMPROVEMENT_GOODY_HUT_NAME">
      <Text>Sehir Harabeleri</Text>
    </Row>
    <Row Tag="LOC_IMPROVEMENT_POPPED_GOODY_NAME">
      <Text>Kesfedilen Sehir Kalintilari</Text>
    </Row>
    <!--Improvised Trap Improvement-->
    <Row Tag="LOC_IMPROVEMENT_IMPROVISED_TRAP">
      <Text>Dogaçlama Tuzak</Text>
    </Row>
    <!-- Destroyed City Feature -->
    <Row Tag="LOC_FEATURE_DESTROYED_CITY_NAME">
      <Text>Yikilmis Sehir</Text>
    </Row>
    <!-- MiniMap -->
    <Row Tag="LOC_MINIMAP_RED_DEATH_TOOLTIP">
      <Text>Kizil Ölüm</Text>
    </Row>
    <Row Tag="LOC_MINIMAP_SAFE_ZONE_TOOLTIP">
      <Text>Güvenli Bölge</Text>
    </Row>
    <!-- Promotions -->
    <Row Tag="LOC_PROMOTION_SCOUTING_REGIMENT_NAME">
      <Text>Gözcü Alayi</Text>
    </Row>
    <Row Tag="LOC_PROMOTION_SCOUTING_REGIMENT_DESCRIPTION">
      <Text>Birim ve olusumu Ormanlar, Yagmur Ormanlari ve Tepeler için Hareket cezalarini [ICON_Movement] yok sayar.</Text>
    </Row>
    <Row Tag="LOC_CIVROYALE_PROMOTION_CAPARISON_DESCRIPTION">
      <Text>AT Mürettebatina karsi +5 [ICON_Strength] Savas Gücü.</Text>
    </Row>
    <Row Tag="LOC_CIVROYALE_PROMOTION_COURSERS_DESCRIPTION">
      <Text>Makineli Tüfeklere saldirirken +5 [ICON_Strength] Savas Gücü.</Text>
    </Row>
    <Row Tag="LOC_CIVROYALE_PROMOTION_ARMOR_PIERCING_DESCRIPTION">
      <Text>Diger Tanklara karsi +7 [ICON_Strength] Savas Gücü.</Text>
    </Row>
    <Row Tag="LOC_CIVROYALE_PROMOTION_REACTIVE_ARMOR_DESCRIPTION">
      <Text>Tanklara ve AT Mürettebatina karsi savunma yaparken +7 [ICON_Strength] Savas Gücü.</Text>
    </Row>
    <Row Tag="LOC_CIVROYALE_PROMOTION_ECHELON_DESCRIPTION">
      <Text>Tanklara ve Helikopterlere karsi +5 [ICON_Strength] Savas Gücü.</Text>
    </Row>
    <Row Tag="LOC_CIVROYALE_PROMOTION_HOLD_THE_LINE_DESCRIPTION">
      <Text>Farkli siniftaki bitisik birimler, Tanklara ve Helikopterlere karsi +10 [ICON_Strength] Savas Gücü kazanir.</Text>
    </Row>
    <Row Tag="LOC_CIVROYALE_PROMOTION_CHOKE_POINTS_DESCRIPTION">
      <Text>Orman, Ormanda, Tepelerde veya Bataklikta savunma yaparken +7 [ICON_Strength] Savas Gücü.</Text>
    </Row>
    <Row Tag="LOC_PROMOTION_GDR_ATTACK_RANGE_NAME">
      <Text>Firlatici Tüplerini Degistirin</Text>
    </Row>
    <Row Tag="LOC_PROMOTION_GDR_ATTACK_RANGE_DESC">
      <Text>+1 [ICON_Range] Saldiri Menzili</Text>
    </Row>
    <Row Tag="LOC_PROMOTION_GDR_MOVE_NAME">
      <Text>Bacak Aktüatörlerini Degistirin</Text>
    </Row>
    <Row Tag="LOC_PROMOTION_GDR_MOVE_DESC">
      <Text>+2 [ICON_Movement] Hareket</Text>
    </Row>
    <Row Tag="LOC_PROMOTION_GDR_LIMITED_HEAL_NAME">
      <Text>Onarim Nanitlerini Doldurun</Text>
    </Row>
    <Row Tag="LOC_PROMOTION_GDR_LIMITED_HEAL_DESC">
      <Text>+10 iyilesme orani</Text>
    </Row>
    <Row Tag="LOC_PROMOTION_GDR_ATTACK_1_NAME">
      <Text>Tüfek Namlularinin Degistirilmesi</Text>
    </Row>
    <Row Tag="LOC_PROMOTION_GDR_ATTACK_1_DESC">
      <Text>+8 [ICON_Strength] Savas Gücü</Text>
    </Row>
    <Row Tag="LOC_PROMOTION_GDR_ATTACK_2_NAME">
      <Text>Hedefleme Bilgisayarini Degistirin</Text>
    </Row>
    <Row Tag="LOC_PROMOTION_GDR_ATTACK_2_DESC">
      <Text>+8 [ICON_Strength] Savas Gücü</Text>
    </Row>
    <Row Tag="LOC_PROMOTION_GDR_ATTACK_3_NAME">
      <Text>Taze Cephane</Text>
    </Row>
    <Row Tag="LOC_PROMOTION_GDR_ATTACK_3_DESC">
      <Text>+8 [ICON_Strength] Savas Gücü</Text>
    </Row>
    <Row Tag="LOC_PROMOTION_ZOMBIE_ATTACK_1_NAME">
      <Text>Beyin!</Text>
    </Row>
    <Row Tag="LOC_PROMOTION_ZOMBIE_ATTACK_1_DESC">
      <Text>+5 [ICON_Strength] Savas Gücü</Text>
    </Row>
    <Row Tag="LOC_PROMOTION_ZOMBIE_ATTACK_2_NAME">
      <Text>Beyin!!</Text>
    </Row>
    <Row Tag="LOC_PROMOTION_ZOMBIE_ATTACK_2_DESC">
      <Text>+5 [ICON_Strength] Savas Gücü</Text>
    </Row>
    <Row Tag="LOC_PROMOTION_ZOMBIE_ATTACK_3_NAME">
      <Text>Beyin!!!</Text>
    </Row>
    <Row Tag="LOC_PROMOTION_ZOMBIE_ATTACK_3_DESC">
      <Text>+5 [ICON_Strength] Savas Gücü</Text>
    </Row>
    <Row Tag="LOC_PROMOTION_ZOMBIE_LESS_DECAY_NAME">
      <Text>Ugh!</Text>
    </Row>
    <Row Tag="LOC_PROMOTION_ZOMBIE_LESS_DECAY_DESC">
      <Text>Cürüme Hasari Yok</Text>
    </Row>
    <Row Tag="LOC_PROMOTION_ZOMBIE_MOVE_1_NAME">
      <Text>Grah!</Text>
    </Row>
    <Row Tag="LOC_PROMOTION_ZOMBIE_MOVE_1_DESC">
      <Text>+1 [ICON_Movement] Hareket</Text>
    </Row>
    <Row Tag="LOC_PROMOTION_ZOMBIE_MOVE_2_NAME">
      <Text>Grah!!</Text>
    </Row>
    <Row Tag="LOC_PROMOTION_ZOMBIE_MOVE_2_DESC">
      <Text>+1 [ICON_Movement] Hareket</Text>
    </Row>
    <Row Tag="LOC_PROMOTION_ZOMBIE_MOVE_3_NAME">
      <Text>Grah!!!</Text>
    </Row>
    <Row Tag="LOC_PROMOTION_ZOMBIE_MOVE_3_DESC">
      <Text>+1 [ICON_Movement] Hareket</Text>
    </Row>
    <!-- Unit Abilities -->
    <Row Tag="LOC_ABILITY_TANK_MOVEMENT_DESCRIPTION">
      <Text>Corak Topraklar'da basliyorsa +1 [ICON_Movement] Hareket.</Text>
    </Row>
    <Row Tag="LOC_ABILITY_ALIENS_HEAL_MOVE_NAME">
      <Text>Ksenolojik Rejenerasyon</Text>
    </Row>
    <Row Tag="LOC_ABILITY_ALIENS_HEAL_MOVE_DESCRIPTION">
      <Text>Birim, su veya serpinti disinda her turda iyilesir. Standart oranin %50'si oraninda iyilestirir.</Text>
    </Row>
    <Row Tag="LOC_ABILITY_ALIENS_HEAL_MOVE_UNITPANEL_DESCRIPTION">
      <Text>Su veya serpinti disinda her tur iyilestirir. Standart oranin %50'si oraninda iyilestirir.</Text>
    </Row>
    <Row Tag="LOC_ABILITY_ALIENS_XENO_STEALTH_NAME">
      <Text>Ksenolojik Kamuflaj</Text>
    </Row>
    <Row Tag="LOC_ABILITY_ALIENS_XENO_STEALTH_DESCRIPTION">
      <Text>Bitisik olmadikça düsman birimlerine görünmez.</Text>
    </Row>
    <Row Tag="LOC_ABILITY_CULTISTS_UNIT_SIGHT_NAME">
      <Text>Sonu Gözlemlemek</Text>
    </Row>
    <Row Tag="LOC_ABILITY_CULTISTS_UNIT_SIGHT_DESCRIPTION">
      <Text>+3 görüs.</Text>
    </Row>
    <Row Tag="LOC_ABILITY_UNIT_BASE_WMD_RESISTANCE_NAME">
      <Text>Felakete aliskin</Text>
    </Row>
    <Row Tag="LOC_ABILITY_UNIT_BASE_WMD_RESISTANCE_DESCRIPTION">
      <Text>WMD'lere aninda ölmek yerine 50 HP kaybeder.</Text>
    </Row>
    <Row Tag="LOC_ABILITY_ABILITY_WMD_STRIKE_NAME">
      <Text>KIS Firlatma Kapasitesi</Text>
    </Row>
    <Row Tag="LOC_ABILITY_WMD_STRIKE_DESCRIPTION">
      <Text>Kitle imha silahlarini firlatabilir.</Text>
    </Row>
    <Row Tag="LOC_ABILITY_PIRATES_IGNORE_EMBARK_DISEMBARK_COST_DESCRIPTION">
      <Text>Gemiye binme ve gemiden inmeden kaynaklanan ek [ICON_Movement] Hareket maliyetini yok sayar.</Text>
    </Row>
    <Row Tag="LOC_ABILITY_MAD_SCIENTISTS_UNIT_SHIELD_NAME">
      <Text>Savunma Amaçli Atalet Kalkani</Text>
    </Row>
    <Row Tag="LOC_ABILITY_MAD_SCIENTISTS_UNIT_SHIELD_DESCRIPTION">
      <Text>Savunma yaparken +10 [ICON_Strength] Savas Gücü. Su, Kizil Ölüm ve WMD hasarina karsi tamamen bagisiktir.</Text>
    </Row>
    <Row Tag="LOC_ABILITY_CRIPPLED_GDR_NO_HEAL_NAME">
      <Text>Yedek Parça Yok</Text>
    </Row>
    <Row Tag="LOC_ABILITY_CRIPPLED_GDR_NO_HEAL_DESCRIPTION">
      <Text>Birim tur basina iyilesmez.</Text>
    </Row>
    <Row Tag="LOC_ABILITY_ZOMBIES_NO_HEAL_NAME">
      <Text>Zombi Cürümesi</Text>
    </Row>
    <Row Tag="LOC_ABILITY_ZOMBIES_NO_HEAL_DESCRIPTION">
      <Text>Her turda çürüme hasari alir ve sadece terfilerle ya da zombi olmayan birimleri öldürerek iyilesir.</Text>
    </Row>
    <Row Tag="LOC_ABILITY_ZOMBIES_COMBAT_SPAWN_NAME">
      <Text>Zombi Savas Yumurtasi</Text>
    </Row>
    <Row Tag="LOC_ABILITY_ZOMBIES_COMBAT_SPAWN_DESCRIPTION">
      <Text>Zombi olmayan bir birim öldürüldügünde bir zombi sürüsü ortaya çikar.</Text>
    </Row>
    <Row Tag="LOC_ABILITY_ZOMBIES_RANGED_RESISTANCE_NAME">
      <Text>Aci Yok</Text>
    </Row>
    <Row Tag="LOC_ABILITY_ZOMBIES_RANGED_RESISTANCE_DESCRIPTION">
      <Text>Menzilli saldirilara karsi savunma yaparken +5 [ICON_Strength] Savas Gücü.</Text>
    </Row>
    <Row Tag="LOC_MUTANTS_SPREAD_FALLOUT_IMMUNE_NAME">
      <Text>Mutant Yayilimi Serpinti Bagisikligi</Text>
    </Row>
    <Row Tag="LOC_MUTANTS_SPREAD_FALLOUT_IMMUNE_DESCRIPTION">
      <Text>Mutant yayilimi Kizil Ölüm'ün hasarina karsi bagisiktir.</Text>
    </Row>
    <Row Tag="LOC_MUTANTS_FALLOUT_SPEED_NAME">
      <Text>Radyoaktif Hareket</Text>
    </Row>
    <Row Tag="LOC_MUTANTS_FALLOUT_SPEED_DESCRIPTION">
      <Text>+3 [ICON_Movement] Kizil Ölüm Hareketi.</Text>
    </Row>
    <Row Tag="LOC_MUTANTS_FALLOUT_RESISTANCE_NAME">
      <Text>Radyoaktif Direnç</Text>
    </Row>
    <Row Tag="LOC_MUTANTS_FALLOUT_RESISTANCE_DESCRIPTION">
      <Text>-%50 Kizil Ölüm hasari.</Text>
    </Row>
    <Row Tag="LOC_MAD_SCIENTISTS_UNIT_SHIELD_MODIFIER">
      <Text>+{1_Amount} Ataletsel Kalkanlama</Text>
    </Row>
    <Row Tag="LOC_BORDERLORD_EDGENESS_COMBAT_BONUS_MODIFIER">
      <Text>+{1_Amount} Kenarlik</Text>
    </Row>
    <Row Tag="LOC_ZOMBIES_DEFENSE_BONUS_VS_RANGED_COMBAT_MODIFIER">
      <Text>+{1_Amount} Zombi Menzilli Direnci</Text>
    </Row>
    <Row Tag="LOC_SHIELDS_DEPLETED">
      <Text>Kalkanlar Tükendi</Text>
    </Row>
    <Row Tag="LOC_UNIT_SHIELD_TT">
      <Text>Savunma Amaçli Atalet Kalkani[NEWLINE][NEWLINE]Savunma sirasinda +10 [ICON_Strength] Savas Gücü saglayan Savunma Amaçli Atalet Kalkani. Kalkan ayrica su, Kizil Ölüm ve WMD patlama hasarina karsi tam bagisiklik saglar. Savunmaci Atalet Kalkani 4 tur sürer ve yeniden sarj olmasi 6 tur alir.</Text>
    </Row>
    <Row Tag="LOC_UNIT_SHIELD_ACTIVE_TT">
      <Text>Kalkan Aktif. Kalan Dönüsler: {1_turnsRemaining}</Text>
    </Row>
    <Row Tag="LOC_UNIT_SHIELD_ACTIVE_WORLDTEXT">
      <Text>Kalkanlar yukari!</Text>
    </Row>
    <Row Tag="LOC_UNIT_SHIELD_RECHARGING_TT">
      <Text>Kalkan Sarj Ediliyor. Kalan Dönüsler: {1_turnsRemaining}</Text>
    </Row>
    <Row Tag="LOC_ROAD_VISION_NAME">
      <Text>Yol Vizyonu</Text>
    </Row>
    <Row Tag="LOC_ROAD_VISION_TT">
      <Text>Yol Görüsü[NEWLINE][NEWLINE]Daha önce kesfedilen tüm bölgeleri ortaya çikarir.</Text>
    </Row>
    <Row Tag="LOC_ROAD_VISION_ACTIVE_TT">
      <Text>Yol Görüsü Aktif. Kalan Dönüsler: {1_turnsRemaining}</Text>
    </Row>
    <Row Tag="LOC_ROAD_VISION_ACTIVE_WORLDTEXT">
      <Text>Bunu hatirliyorum!</Text>
    </Row>
    <Row Tag="LOC_ROAD_VISION_RECHARGING_TT">
      <Text>Yol Görüsü Sarj Ediliyor. Kalan Dönüsler: {1_turnsRemaining}</Text>
    </Row>
    <Row Tag="LOC_PLACE_TRAP_TT">
      <Text>Dogaçlama Tuzak Kur[NEWLINE][NEWLINE]Geçerli hex'e bir Dogaçlama Tuzak yerlestirin.</Text>
    </Row>
    <Row Tag="LOC_PLACE_TRAP_OUT_OF_TRAPS_TT">
      <Text>Tuzaklarin disinda.</Text>
    </Row>
    <Row Tag="LOC_PLACE_TRAP_FAILED_WORLDTEXT">
      <Text>Tuzak Buraya Yerlestirilemiyor</Text>
    </Row>
    <Row Tag="LOC_UNIT_PANEL_TRAPS">
      <Text>Tuzaklar</Text>
    </Row>
    <Row Tag="LOC_GRIEVING_GIFT_NAME">
      <Text>Kederli Hediye Gönder</Text>
    </Row>
    <Row Tag="LOC_GRIEVING_GIFT_TT">
      <Text>Kederli Hediye Gönder[NEWLINE][NEWLINE]Bir sonraki turda bubi tuzakli bir Kederli Hediye konuslandirmak için bir altigen seçin. Yas Hediyesi diger tüm oyunculara normal bir Erzak Düsüsü gibi görünecektir. En fazla iki Yas Hediyesi depolayabilirsiniz ve yeniden sarj olmalari 5 tur sürer.</Text>
    </Row>
    <Row Tag="LOC_GRIEVING_GIFT_ACTIVE_WORLDTEXT">
      <Text>Buraya Hediye Yerlestirilemiyor</Text>
    </Row>
    <Row Tag="LOC_GRIEVING_GIFT_COUNT_TT">
      <Text>Hazir Hediyeler: {1_giftCount}</Text>
    </Row>
    <Row Tag="LOC_GRIEVING_GIFT_RECHARGING_TT">
      <Text>Yeni Hediyeler Paketleniyor. Kalan Dönüsler: {1_turnsRemaining}</Text>
    </Row>
    <Row Tag="LOC_GRIEVING_GIFT_EMPTY_TT">
      <Text>Kederli Hediyelerin Disinda.</Text>
    </Row>
    <Row Tag="LOC_UNIT_CLOAK_TT">
      <Text>Ksenolojik Kamuflaj[NEWLINE][NEWLINE]Cogunlukla görünmez olun.</Text>
    </Row>
    <Row Tag="LOC_UNIT_CLOAK_ACTIVE_TT">
      <Text>Pelerin Aktif. Kalan Dönüsler: {1_turnsRemaining}</Text>
    </Row>
    <Row Tag="LOC_UNIT_CLOAK_RECHARGING_TT">
      <Text>Pelerin Sarj Ediliyor. Kalan Dönüsler: {1_turnsRemaining}</Text>
    </Row>
    <Row Tag="LOC_BURN_TREASURE_MAP_NAME">
      <Text>Yanik Hazine Haritasi</Text>
    </Row>
    <Row Tag="LOC_BURN_TREASURE_MAP_TT">
      <Text>Hazine Haritasini Yak[NEWLINE][NEWLINE]Gömülü hazine haritani yak ve yeni bir tane al.[NEWLINE] "Artik hazinemi asla bulamayacaklar!"</Text>
    </Row>
    <Row Tag="LOC_BURN_TREASURE_MAP_ACTIVE_WORLDTEXT">
      <Text>Yaniyor!</Text>
    </Row>
    <Row Tag="LOC_BURN_TREASURE_MAP_RECHARGING_TT">
      <Text>Yanik Hazine Haritasi Sarj Ediliyor. Kalan Dönüsler: {1_turnsRemaining}</Text>
    </Row>
    <Row Tag="LOC_UNIT_SACRIFICE_TT">
      <Text>Birimi Feda Et[NEWLINE][NEWLINE]Ölümsüz Göz'e bir terfi vermek için bu birimi feda et.</Text>
    </Row>
    <Row Tag="LOC_UNIT_SACRIFICE_TT_B">
      <Text>Birimi Feda Et[NEWLINE][NEWLINE]Bu birimi {1_UnitName}'e bir terfi vermek için feda et.</Text>
    </Row>
    <Row Tag="LOC_UNIT_SACRIFICE_TT_C">
      <Text>Walk the Plank[NEWLINE][NEWLINE]GDRRRrrrr'in mürettebatini eglendirmek ve ona bir terfi vermek için bu birimi yok edin.</Text>
    </Row>
    <Row Tag="LOC_UNIT_SACRIFICE_WORLDTEXT">
      <Text>Hizmet etmek için ölürüm!</Text>
    </Row>
    <Row Tag="LOC_UNIT_SACRIFICE_WORLDTEXT_PIRATE">
      <Text>Arr! Derinlerin tanrilarina bir lütuf!</Text>
    </Row>
    <Row Tag="LOC_UNIT_SACRIFICE_NOT_ADJACENT_TT">
      <Text>Ölümsüz Göz yalnizca komsu altigenlerden gelen kurbanlari kabul eder.</Text>
    </Row>
    <Row Tag="LOC_UNIT_SACRIFICE_NOT_ADJACENT_TT_B">
      <Text>{1_UnitName} sadece komsu altigenlerden gelen fedakarliklari kabul eder.</Text>
    </Row>
    <Row Tag="LOC_UNIT_SACRIFICE_NOT_ADJACENT_TT_C">
      <Text>Birimleri sadece GDRRRrrrr'a bitisikken tahta üzerinde yürütebilirsiniz.</Text>
    </Row>
    <Row Tag="LOC_UNIT_SACRIFICE_MAX_PROMOTIONS_TT">
      <Text>Ölmeyen Göz tamamen ortaya çikti ve artik kurban gerektirmiyor.</Text>
    </Row>
    <Row Tag="LOC_UNIT_SACRIFICE_MAX_PROMOTIONS_TT_B">
      <Text>{1_UnitName} tamamen tezahür etmistir ve artik kurbanlara ihtiyaç duymamaktadir.</Text>
    </Row>
    <Row Tag="LOC_UNIT_SACRIFICE_MAX_PROMOTIONS_TT_C">
      <Text>GDRRRrrrr'in mürettebati, birimlerin tahtada yürümesini izlemekten sikildi.</Text>
    </Row>
    <Row Tag="LOC_UNIT_RAD_SPREAD_TT">
      <Text>Isildayan Kisilikleri Degistir[NEWLINE][NEWLINE]Bu birimin hareket ederken Kizil Ölüm radyasyonu yayma özelligini degistir.</Text>
    </Row>
    <!-- Terrain Replacements -->
    <Row Tag="LOC_CIVROYALE_TERRAIN_WASTELAND_NAME">
      <Text>Corak Topraklar</Text>
    </Row>
    <Row Tag="LOC_CIVROYALE_TERRAIN_WASTELAND_HILLS_NAME">
      <Text>Corak Topraklar (Tepeler)</Text>
    </Row>
    <Row Tag="LOC_CIVROYALE_TERRAIN_WASTELAND_MOUNTAIN_NAME">
      <Text>Corak Toprak (Dag)</Text>
    </Row>
    <Row Tag="LOC_TERRAIN_DESERT_NAME">
      <Text>Cöl</Text>
    </Row>
    <Row Tag="LOC_TERRAIN_DESERT_HILLS_NAME">
      <Text>Cöl (Tepeler)</Text>
    </Row>
    <Row Tag="LOC_TERRAIN_DESERT_MOUNTAIN_NAME">
      <Text>Cöl (Dag)</Text>
    </Row>
    <Row Tag="LOC_TERRAIN_GRASS_NAME">
      <Text>Otlak</Text>
    </Row>
    <Row Tag="LOC_TERRAIN_GRASS_HILLS_NAME">
      <Text>Otlak (Tepeler)</Text>
    </Row>
    <Row Tag="LOC_TERRAIN_GRASS_MOUNTAIN_NAME">
      <Text>Otlak (Dag)</Text>
    </Row>
    <Row Tag="LOC_TERRAIN_OCEAN_NAME">
      <Text>Okyanus</Text>
    </Row>
    <Row Tag="LOC_TOOLTIP_LAKE">
      <Text>Göl</Text>
    </Row>
    <Row Tag="LOC_TOOLTIP_COAST">
      <Text>Sahil</Text>
    </Row>
    <Row Tag="LOC_TERRAIN_PLAINS_NAME">
      <Text>Ovalar</Text>
    </Row>
    <Row Tag="LOC_TERRAIN_PLAINS_HILLS_NAME">
      <Text>Ovalar (Tepeler)</Text>
    </Row>
    <Row Tag="LOC_TERRAIN_PLAINS_MOUNTAIN_NAME">
      <Text>Ovalar (Dag)</Text>
    </Row>
    <Row Tag="LOC_TERRAIN_SNOW_NAME">
      <Text>Kar</Text>
    </Row>
    <Row Tag="LOC_TERRAIN_SNOW_HILLS_NAME">
      <Text>Kar (Tepeler)</Text>
    </Row>
    <Row Tag="LOC_TERRAIN_SNOW_MOUNTAIN_NAME">
      <Text>Kar (Dag)</Text>
    </Row>
    <Row Tag="LOC_TERRAIN_TUNDRA_NAME">
      <Text>Tundra</Text>
    </Row>
    <Row Tag="LOC_TERRAIN_TUNDRA_HILLS_NAME">
      <Text>Tundra (Tepeler)</Text>
    </Row>
    <Row Tag="LOC_TERRAIN_TUNDRA_MOUNTAIN_NAME">
      <Text>Tundra (Dag)</Text>
    </Row>
    <Row Tag="LOC_FEATURE_ICE_NAME">
      <Text>Buz</Text>
    </Row>
    <Row Tag="LOC_FEATURE_MARSH_NAME">
      <Text>Marsh</Text>
    </Row>
    <!-- Unit Replacements -->
    <Row Tag="LOC_UNIT_SETTLER_NAME">
      <Text>Yerlesimci</Text>
    </Row>
    <!-- Barbarian Replacements -->
    <Row Tag="LOC_IMPROVEMENT_BARBARIAN_CAMP_NAME">
      <Text>Barbar Karakolu</Text>
    </Row>
    <Row Tag="LOC_CIVILIZATION_BARBARIAN_NAME">
      <Text>Barbarlar</Text>
    </Row>
    <Row Tag="LOC_CIVILIZATION_BARBARIAN_DESCRIPTION">
      <Text>Barbarians
			2</Text>
      <Plurality>2</Plurality>
    </Row>
    <Row Tag="LOC_NOTIFICATION_NEW_BARBARIAN_CAMP_MESSAGE">
      <Text>Yeni Barbar Karakolu</Text>
    </Row>
    <Row Tag="LOC_NOTIFICATION_NEW_BARBARIAN_CAMP_SUMMARY">
      <Text>Yeni bir Barbar kabilesinin yakin bir bölgeye tasindigina dair söylentiler aldik.</Text>
    </Row>
    <!-- Overlays -->
    <Row Tag="LOC_EDGELORD_COMBAT_BONUS_OVERLAY_TT">
      <Text>Edgelord Savas Bonus Bölgesi</Text>
    </Row>
    <!-- Zombie Combat Unit -->
    <Row Tag="LOC_UNIT_ZOMBIE_NAME">
      <Text>Zombi Sürüsü</Text>
    </Row>
    <Row Tag="LOC_UNIT_ZOMBIE_DESCRIPTION">
      <Text>Zar zor silahlandirilmis zombi sürüsü</Text>
    </Row>
    <!-- Crippled GDR -->
    <Row Tag="LOC_UNIT_CRIPPLED_GDR_NAME">
      <Text>Sakat Dogu Almanya</Text>
    </Row>
    <Row Tag="LOC_UNIT_CRIPPLED_GDR_DESCRIPTION">
      <Text>Bu Dev Ölüm Robotu daha iyi günler gördü. Asla eskisi gibi olmayacak ama hâlâ hesaba katilmasi gereken bir güç.</Text>
    </Row>
    <!-- Faction Specific Unit Naming -->
    <Row Tag="LOC_UNIT_UNDYING_EYE_NAME">
      <Text>Ölümsüz Göz</Text>
    </Row>
    <Row Tag="LOC_UNIT_PIRATE_TREASURE_TANK_NAME">
      <Text>Hazine Tanki</Text>
    </Row>
    <Row Tag="LOC_UNIT_PIRATE_TREASURE_CRIPPLED_GDR_NAME">
      <Text>GDRRRrrrr</Text>
    </Row>
    <Row Tag="LOC_UNIT_PIRATE_TREASURE_INFANTRY_NAME">
      <Text>Landlubber</Text>
    </Row>
    <!-- Combat Modifier Strings -->
    <Row Tag="LOC_TRAIT_JOCKS_COMBAT_BONUS_DESC">
      <Text>+{1_Amount} Mükemmellige Tanik Olun</Text>
    </Row>
    <!-- WMDs -->
    <Row Tag="LOC_WMD_HAIL_MARY_NAME">
      <Text>Hail Mary</Text>
    </Row>
    <Row Tag="LOC_WMD_HAIL_MARY_DISABLED_COOLDOWN">
      <Text>[COLOR:Red]{1_turns} bir sonraki Hail Mary savas basligina kadar döner.[ENDCOLOR]</Text>
    </Row>
    <!-- Treasure Locations -->
    <Row Tag="LOC_TREASURE_UNIT_INFANTRY_RECRUITED">
      <Text>Yeni elemanlar bulduk!</Text>
    </Row>
    <Row Tag="LOC_TREASURE_UNIT_TANK_RECRUITED">
      <Text>Bu bir tank!</Text>
    </Row>
    <Row Tag="LOC_TREASURE_UNIT_CRIPPLED_GDR_RECRUITED">
      <Text>GDRRRRrrrr!</Text>
    </Row>
    <!-- UFO Unit Names -->
    <Row Tag="LOC_UFO_UNIT_NAME1">
      <Text>"Bataklik Gazi"</Text>
    </Row>
    <Row Tag="LOC_UFO_UNIT_NAME2">
      <Text>"Nadir Bulutlar"</Text>
    </Row>
    <Row Tag="LOC_UFO_UNIT_NAME3">
      <Text>"Sarhos Tanik"</Text>
    </Row>
    <Row Tag="LOC_UFO_UNIT_NAME4">
      <Text>"Uyku Ilaçlari"</Text>
    </Row>
    <Row Tag="LOC_UFO_UNIT_NAME5">
      <Text>"Izi Sürülmemis Göktasi"</Text>
    </Row>
    <Row Tag="LOC_UFO_UNIT_NAME6">
      <Text>"Gizli Silah Testi"</Text>
    </Row>
  </EnglishText>
</GameData>