﻿<?xml version="1.0" encoding="utf-8"?>
<!-- edited with XMLSPY v2004 rel. 2 U (http://www.xmlspy.com) by Ed Beach (Firaxis Games) -->
<GameData>
  <EnglishText>
    <Row Tag="LOC_INDONESIA_KHMER_SCENARIO_NAME">
      <Text>Nirvana'ya Giden Yol</Text>
    </Row>
    <Row Tag="LOC_INDONESIA_KHMER_SCENARIO_TOOLTIP">
      <Text>Asya'da hangi inanç en parlak şekilde parlayacak? 50 tur sürer.</Text>
    </Row>
    <Row Tag="LOC_INDONESIA_KHMER_SCENARIO_MAP_NAME">
      <Text>Doğu Asya</Text>
    </Row>
    <Row Tag="LOC_INDONESIA_KHMER_SCENARIO_MAP_DESCRIPTION">
      <Text>Doğu Asya'nın bir senaryo gösterimi</Text>
    </Row>
    <Row Tag="LOC_INDONESIA_KHMER_SCENARIO_DESCRIPTION">
      <Text>Hint Okyanusu çevresindeki topraklar birçok din ve birçok insanla gelişiyor. Cennet tüm bu topraklara ışığı götürmeniz için sizi seçti. İnancınız bu zorlu göreve uygun mu? Güneydoğu Asya halkını dininizi takip etmeye ikna edebilir misiniz?[NEWLINE][NEWLINE]Bu 50 turluk senaryoda, [ICON_Religion] Dininizin en çok takipçisine, tur başına en çok [ICON_FAITH] İnanca ve [ICON_Religion] Dininizi takip eden en çok yabancı şehre sahip olmak için yarışın.</Text>
    </Row>
    <Row Tag="LOC_VICTORY_INDONESIA_KHMER_SCENARIO_SCORE_DESCRIPTION">
      <Text>Zaman sınırından sonra en yüksek puana ulaşarak Nirvana'ya ulaşılır.</Text>
    </Row>
    <Row Tag="LOC_LOADING_INFO_INDONESIA_KHMER_SCENARIO">
      <Text>Cennetin bereketi üzerinize olsun, ey hükümdar! Bu topraklarda birçok din uygulanıyor ve birçok inanç kurtuluş vaat ediyor. Sözünüzü insanların kalplerine yayacak mısınız? Yoksa bu ruhlar başka inançlar tarafından mı yönlendirilecek? Devlet işlerini yöneticilere bırakın ve şefkatli kalbinizi aydınlanma görevine yöneltin.</Text>
    </Row>
    <!-- China-->
    <Row Tag="LOC_TRAIT_CIVILIZATION_SCENARIO_CHINA_NAME">
      <Text>Taoizm</Text>
    </Row>
    <Row Tag="LOC_TRAIT_CIVILIZATION_SCENARIO_CHINA_DESCRIPTION">
      <Text>Taoizm Dini'nin kurulmasıyla başlar. Bu din aşağıdaki inançlara sahiptir:[NEWLINE][ICON_Bullet]Nehir Tanrıçası: Bir Nehre bitişik bir Kutsal Alan bölgesi varsa şehirlere +1 [ICON_Amenities] Amenity.[NEWLINE][ICON_Bullet]Dünyayı Besle: Türbeler ve Tapınaklar kendi içsel [ICON_Faith] İnanç çıktılarına eşit [ICON_Food] Gıda sağlar.[NEWLINE][ICON_Bullet]Pagoda: Pagoda inşasına izin verir (+3 [ICON_Faith] İnanç). Rahip birimleri +1 Sapkınlığı Kaldır ve Guru +1 İyileştirme Yükü. Baskı ile açılır.[NEWLINE][ICON_Bullet]Manastır İzolasyonu: Dininizin baskısı Teolojik Savaştaki kayıplar nedeniyle asla düşmez.</Text>
    </Row>
    <Row Tag="LOC_TRAIT_LEADER_SCENARIO_CHINA_NAME">
      <Text>Sivil</Text>
    </Row>
    <Row Tag="LOC_TRAIT_LEADER_SCENARIO_CHINA_DESCRIPTION">
      <Text>Erken İmparatorluk Dönemi ile başlar.</Text>
    </Row>
    <!-- Chola-->
    <Row Tag="LOC_CIVILIZATION_SCENARIO_CHOLA_NAME">
      <Text>Chola</Text>
    </Row>
    <Row Tag="LOC_CIVILIZATION_SCENARIO_CHOLA_DESCRIPTION">
      <Text>Chola İmparatorluğu</Text>
    </Row>
    <Row Tag="LOC_CIVILIZATION_SCENARIO_CHOLA_ADJECTIVE">
      <Text>Chola</Text>
    </Row>
    <Row Tag="LOC_TRAIT_CIVILIZATION_SCENARIO_CHOLA_NAME">
      <Text>Şaivizm</Text>
    </Row>
    <Row Tag="LOC_TRAIT_CIVILIZATION_SCENARIO_CHOLA_DESCRIPTION">
      <Text>Shaivism Dini'nin kurulmasıyla başlar. Bu din aşağıdaki inançlara sahiptir:[NEWLINE][ICON_Bullet]Kutsal Yol: Kutsal Alan bölgeleri, bitişik Yağmur Ormanı karolarından +1 [ICON_Faith] İnanç alır.[NEWLINE][ICON_Bullet]Linga: [ICON_Faith] İnanç ile Ticari Merkez ve Liman bölgesi binaları satın alabilir.[NEWLINE][ICON_Bullet]Vekilharçlık: Bu Dini takip eden bir şehirdeki her Ticari Merkez veya Liman bölgesi +1 [ICON_FAITH] İnanç sağlar.[NEWLINE][ICON_Bullet]Yoga: [ICON_Faith] İnanç ile sivil birimler satın alabilir.</Text>
    </Row>
    <Row Tag="LOC_TRAIT_LEADER_SCENARIO_CHOLA_NAME">
      <Text>Sivil</Text>
    </Row>
    <Row Tag="LOC_TRAIT_LEADER_SCENARIO_CHOLA_DESCRIPTION">
      <Text>Göksel Navigasyon Civic ile başlar.</Text>
    </Row>
    <!-- Ghaznavid-->
    <Row Tag="LOC_CIVILIZATION_SCENARIO_GHAZNAVID_NAME">
      <Text>Gazneli</Text>
    </Row>
    <Row Tag="LOC_CIVILIZATION_SCENARIO_GHAZNAVID_DESCRIPTION">
      <Text>Gazneli İmparatorluğu</Text>
    </Row>
    <Row Tag="LOC_CIVILIZATION_SCENARIO_GHAZNAVID_ADJECTIVE">
      <Text>Gazneli İmparatorluğu</Text>
    </Row>
    <Row Tag="LOC_TRAIT_CIVILIZATION_SCENARIO_GHAZNAVID_NAME">
      <Text>İslam</Text>
    </Row>
    <Row Tag="LOC_TRAIT_CIVILIZATION_SCENARIO_GHAZNAVID_DESCRIPTION">
      <Text>Kurulan İslam Dini ile başlar. Bu din aşağıdaki inançlara sahiptir:[NEWLINE][ICON_Bullet]Çöl Folkloru: Kutsal Alan bölgeleri, bitişik Çöl karelerinden +1 [ICON_Faith] İnanç alır.[NEWLINE][ICON_Bullet]Dini Topluluk: Mabetler ve Tapınakların her biri +1 [ICON_Housing] Konut sağlar.[NEWLINE][ICON_Bullet]Cami: Cami inşasına izin verir (+3 [ICON_Faith] İnanç). Misyoner ve Keşiş birimleri +1 Yayılma. Baskı ile açılır.[NEWLINE][ICON_Bullet]Hac: Diğer medeniyetlerde ve şehir devletlerinde bu Dini takip eden her şehir için +2 [ICON_Faith] İnanç.</Text>
    </Row>
    <Row Tag="LOC_TRAIT_LEADER_SCENARIO_GHAZNAVID_NAME">
      <Text>Yurttaşlık Bilgisi</Text>
    </Row>
    <Row Tag="LOC_TRAIT_LEADER_SCENARIO_GHAZNAVID_DESCRIPTION">
      <Text>Göksel Navigasyon, Para Birimi ve Erken İmparatorluk Dönemi Yurttaşlık Bilgisi ile başlar.</Text>
    </Row>
    <!-- Indonesia-->
    <Row Tag="LOC_TRAIT_CIVILIZATION_SCENARIO_INDONESIA_NAME">
      <Text>Hindu Dharma</Text>
    </Row>
    <Row Tag="LOC_TRAIT_CIVILIZATION_SCENARIO_INDONESIA_DESCRIPTION">
      <Text>Hindu Dharma Dini'nin kurulmasıyla başlar. Bu din aşağıdaki inançlara sahiptir:[NEWLINE][ICON_Bullet]Deniz Tanrısı: Balıkçı Teknelerinden +1 [ICON_Production] Üretim.[NEWLINE][ICON_Bullet]Büyük Nusantara: Kıyı ve Göl karoları Kutsal Alan bölgeleri için küçük bir bitişiklik bonusu sağlar.[NEWLINE][ICON_Bullet]Kampung: İnşaatçılarınız artık Kampung iyileştirmeleri yapabilir. Loncalar ile açılır.[NEWLINE][ICON_Bullet]Gezgin Vaizler: Din %30 daha uzaktaki şehirlere yayılır.</Text>
    </Row>
    <Row Tag="LOC_TRAIT_LEADER_SCENARIO_INDONESIA_NAME">
      <Text>Sivil</Text>
    </Row>
    <Row Tag="LOC_TRAIT_LEADER_SCENARIO_INDONESIA_DESCRIPTION">
      <Text>Göksel Navigasyon Civic ile başlar.</Text>
    </Row>
    <!-- Khmer-->
    <Row Tag="LOC_TRAIT_CIVILIZATION_SCENARIO_KHMER_NAME">
      <Text>Theravada Budizmi</Text>
    </Row>
    <Row Tag="LOC_TRAIT_CIVILIZATION_SCENARIO_KHMER_DESCRIPTION">
      <Text>Theravada Budizm Dini'nin kurulmasıyla başlar. Bu din aşağıdaki inançlara sahiptir:[NEWLINE][ICON_Bullet]Taş Çemberler: Taş Ocaklarından +2 [ICON_Faith] İnanç ve +2 [ICON_Production] Üretim.[NEWLINE][ICON_Bullet]Dāna:  Tahıl ambarlarının her biri +3 [ICON_FAITH] İnanç sağlar. Her Şehre +1 [ICON_Amenities] Amenitiy.[NEWLINE][ICON_Bullet]Wat: Wats inşasına izin verir (+3 [ICON_Faith] İnanç, +1 [ICON_Housing] Konut). Baskı ile açılır.[NEWLINE][ICON_Bullet]Dünya Kilisesi: Diğer uygarlıklarda bu Dinin her 5 takipçisi için +1 [ICON_Culture] Kültür.</Text>
    </Row>
    <Row Tag="LOC_TRAIT_LEADER_SCENARIO_KHMER_NAME">
      <Text>Yurttaşlık Bilgisi</Text>
    </Row>
    <Row Tag="LOC_TRAIT_LEADER_SCENARIO_KHMER_DESCRIPTION">
      <Text>Erken İmparatorluk, Mühendislik ve Mistisizm ile başlar Yurttaşlık Bilgisi.</Text>
    </Row>
    <!-- Pala-->
    <Row Tag="LOC_CIVILIZATION_SCENARIO_PALA_NAME">
      <Text>Pala</Text>
    </Row>
    <Row Tag="LOC_CIVILIZATION_SCENARIO_PALA_DESCRIPTION">
      <Text>Pala İmparatorluğu</Text>
    </Row>
    <Row Tag="LOC_CIVILIZATION_SCENARIO_PALA_ADJECTIVE">
      <Text>Pala</Text>
    </Row>
    <Row Tag="LOC_TRAIT_CIVILIZATION_SCENARIO_PALA_NAME">
      <Text>Mahayana Budizmi</Text>
    </Row>
    <Row Tag="LOC_TRAIT_CIVILIZATION_SCENARIO_PALA_DESCRIPTION">
      <Text>Mahayana Budizm Dini'nin kurulmasıyla başlar. Bu din aşağıdaki inançlara sahiptir:[NEWLINE][ICON_Bullet]Toprak Tanrıçası: Büyüleyici veya daha iyi Çekiciliğe sahip karolardan +1 İnanç [ICON_Faith].[NEWLINE][ICON_Bullet]İş Ahlakı: Her takipçi için +1% [ICON_Production] Üretim.[NEWLINE][ICON_Bullet]Mahayana Stupası: Stupa inşasına izin verir (+3 [ICON_Faith] İnanç, +1 [ICON_Amenities] Amenity). Baskı ile açılır.[NEWLINE][ICON_Bullet]Kutsal Düzen: Misyonerler ve Keşişler %30 daha ucuza satın alınabilir.</Text>
    </Row>
    <Row Tag="LOC_TRAIT_LEADER_SCENARIO_PALA_NAME">
      <Text>Sivil</Text>
    </Row>
    <Row Tag="LOC_TRAIT_LEADER_SCENARIO_PALA_DESCRIPTION">
      <Text>Mysticism Civic ile başlar.</Text>
    </Row>
    <!-- Tufan-->
    <Row Tag="LOC_CIVILIZATION_SCENARIO_TUFAN_NAME">
      <Text>Tufan</Text>
    </Row>
    <Row Tag="LOC_CIVILIZATION_SCENARIO_TUFAN_DESCRIPTION">
      <Text>Tufan İmparatorluğu</Text>
    </Row>
    <Row Tag="LOC_CIVILIZATION_SCENARIO_TUFAN_ADJECTIVE">
      <Text>Tufan</Text>
    </Row>
    <Row Tag="LOC_TRAIT_CIVILIZATION_SCENARIO_TUFAN_NAME">
      <Text>Vajrayana Budizmi</Text>
    </Row>
    <Row Tag="LOC_TRAIT_CIVILIZATION_SCENARIO_TUFAN_DESCRIPTION">
      <Text>Vajrayana Budizm Dini'nin kurulmasıyla başlar. Bu din şu inançlara sahiptir:[NEWLINE][ICON_Bullet]Açık Gökyüzü Tanrısı: +2 [ICON_FOOD] Meralardan gelen yiyecekler.[NEWLINE][ICON_Bullet]Zen Meditasyonu: 2 uzmanlık bölgesi olan şehirlerde +1 [ICON_Amenities] İmkan.[NEWLINE][ICON_Bullet]Vajrayana Stupası: Stupa inşasına izin verir (+3 [ICON_Faith] İnanç, +1 [ICON_Amenities] İmkan) Baskı ile açılır.[NEWLINE][ICON_Bullet]Misyonerlik Gayreti: Dini birimler arazi ve özelliklerin [ICON_Movement] Hareket maliyetlerini göz ardı eder.</Text>
    </Row>
    <Row Tag="LOC_TRAIT_LEADER_SCENARIO_TUFAN_NAME">
      <Text>Sivil</Text>
    </Row>
    <Row Tag="LOC_TRAIT_LEADER_SCENARIO_TUFAN_DESCRIPTION">
      <Text>Mysticism Civic ile başlar.</Text>
    </Row>
  </EnglishText>
</GameData>