﻿<?xml version="1.0" encoding="utf-8"?>
<GameData>
  <LocalizedText>
    <!-- REPLACEMENTS -->
    <Delete Tag="LOC_PRODUCTION_ITEM_DECONTAMINATE" />
    <Delete Tag="LOC_TOOLTIP_PLOT_CONTAMINATED_TEXT" />
    <Delete Tag="LOC_GOVERNMENT_MONARCHY_NAME" />
    <Delete Tag="LOC_GOVT_INHERENT_BONUS_MONARCHY" />
    <Delete Tag="LOC_HUD_CITY_PURCHASE_TILE" />
    <Delete Tag="LOC_NOTIFICATION_UNIT_LOST_TO_RADIATION_POISONING" />
  </LocalizedText>
  <EnglishText>
    <!-- REPLACEMENTS -->
    <Row Tag="LOC_PRODUCTION_ITEM_DECONTAMINATE">
      <Text>(Dekontamine edin)</Text>
    </Row>
    <Row Tag="LOC_TOOLTIP_PLOT_CONTAMINATED_TEXT">
      <Text>[COLOR:Civ6Red]KIRLENMIS: {1_Fallout} döner[ENDCOLOR]</Text>
    </Row>
    <Row Tag="LOC_GOVERNMENT_MONARCHY_NAME">
      <Text>Monarsi</Text>
    </Row>
    <Row Tag="LOC_GOVT_INHERENT_BONUS_MONARCHY">
      <Text>Savunma binalarina yönelik +%50 [ICON_Production] Üretim. Her duvar seviyesi için +1 [ICON_Housing] Konut.</Text>
    </Row>
    <Row Tag="LOC_HUD_CITY_PURCHASE_TILE">
      <Text>Karo Satin Alin</Text>
    </Row>
    <!-- City Names -->
    <Row Tag="LOC_CITY_NAME_BREST">
      <Text>Brest</Text>
    </Row>
    <Row Tag="LOC_CITY_NAME_ANGERS">
      <Text>Angers</Text>
    </Row>
    <Row Tag="LOC_CITY_NAME_LANCASTER">
      <Text>Lancaster</Text>
    </Row>
    <Row Tag="LOC_CITY_NAME_DUBLIN">
      <Text>Dublin</Text>
    </Row>
    <Row Tag="LOC_CITY_NAME_MUNICH">
      <Text>Münih</Text>
    </Row>
    <Row Tag="LOC_CITY_NAME_STRASBOURG">
      <Text>Strasbourg</Text>
    </Row>
    <Row Tag="LOC_CITY_NAME_BRANDENBURG">
      <Text>Brandenburg</Text>
    </Row>
    <Row Tag="LOC_CITY_NAME_LEON">
      <Text>León</Text>
    </Row>
    <Row Tag="LOC_CITY_NAME_UTRECHT">
      <Text>Utrecht</Text>
    </Row>
    <!-- Units -->
    <Row Tag="LOC_UNIT_SCHOLAR_NAME">
      <Text>Akademisyen</Text>
    </Row>
    <Row Tag="LOC_UNIT_SCHOLAR_DESCRIPTION">
      <Text>Bilim [Icon_Science] kazanmak için vebali sehirleri inceleyebilen sivil birim. Bilginler 2 kez kullanilabilir. Bu sayi Studia Generalia politikasi ile artirilabilir.</Text>
    </Row>
    <Row Tag="LOC_UNIT_PLAGUE_DOCTOR_NAME">
      <Text>Veba Doktoru</Text>
    </Row>
    <Row Tag="LOC_UNIT_PLAGUE_DOCTOR_DESCRIPTION">
      <Text>Vebaya yakalanmis karelerde vebanin süresini kisaltabilen ve sehirlere Sadakati geri kazandirabilen sivil birim. Veba Doktorlari 2 kez kullanilabilir. Bu sayi Studia Generalia politikasi ile artirilabilir.</Text>
    </Row>
    <Row Tag="LOC_UNIT_FLAGELLANT_NAME">
      <Text>Flagellant</Text>
    </Row>
    <Row Tag="LOC_UNIT_FLAGELLANT_DESCRIPTION">
      <Text>Vebaya yakalanmis sehirlerden [Icon_Faith] Inanç, [Icon_Culture] Kültür ve Sadakat kazanabilen sivil birim.</Text>
    </Row>
    <!-- Unit Commands -->
    <Row Tag="LOC_UNITCOMMAND_STUDY_NAME">
      <Text>Calisma Vebasi</Text>
    </Row>
    <Row Tag="LOC_UNITCOMMAND_STUDY_DESCRIPTION">
      <Text>Kazanç {1_Num} [ICON_Science] Bilim.</Text>
    </Row>
    <Row Tag="LOC_UNITCOMMAND_STUDY_DISABLED_TT">
      <Text>[COLOR:Civ6Red]Veba salgini olan bir sehirde kullanilmalidir. Daha önce Calisilmis bir sehirde kullanilamaz.[ENDCOLOR]</Text>
    </Row>
    <Row Tag="LOC_UNITCOMMAND_MINISTER_NAME">
      <Text>Hasta Bakici</Text>
    </Row>
    <Row Tag="LOC_UNITCOMMAND_MINISTER_DESCRIPTION">
      <Text>Bu karo üzerindeki vebanin süresini 50%. azaltin</Text>
    </Row>
    <Row Tag="LOC_UNITCOMMAND_MINISTER_DISABLED_TT">
      <Text>[COLOR:Civ6Red]Vebaya yakalanmis bir karo üzerinde kullanilmalidir.[ENDCOLOR]</Text>
    </Row>
    <Row Tag="LOC_UNITCOMMAND_PACIFY_NAME">
      <Text>Pasifize Sehir</Text>
    </Row>
    <Row Tag="LOC_UNITCOMMAND_PACIFY_DESCRIPTION">
      <Text>Ekle {1_Num} Sehre sadakat.</Text>
    </Row>
    <Row Tag="LOC_UNITCOMMAND_PACIFY_DISABLED_TT">
      <Text>[COLOR:Civ6Red]Bir sehirde kullanilmalidir.[ENDCOLOR]</Text>
    </Row>
    <Row Tag="LOC_UNITCOMMAND_PURGE_NAME">
      <Text>Günahlardan Arinma</Text>
    </Row>
    <Row Tag="LOC_UNITCOMMAND_PURGE_DESCRIPTION">
      <Text>{1_Num} [ICON_Faith] Inanç ve ([2] [ICON_Culture] Kültür kazanin. Ekle {3_Num} Sehre sadakat. Flagellant bu eylem tarafindan tüketilir.</Text>
    </Row>
    <Row Tag="LOC_UNITCOMMAND_PURGE_DISABLED_TT">
      <Text>[COLOR:Civ6Red]Veba salgini olan bir sehirde kullanilmalidir.[ENDCOLOR]</Text>
    </Row>
    <Row Tag="LOC_UNITCOMMAND_HOLY_FERVOR_NAME">
      <Text>Kutsal Sevk</Text>
    </Row>
    <Row Tag="LOC_UNITCOMMAND_HOLY_FERVOR_DESCRIPTION">
      <Text>Bu birimin hareket ve saldiri puanlarini geri kazanmak için {1_Num} [ICON_Faith] Inanç harcayin. Her turda yalnizca bir kez kullanilabilir.</Text>
    </Row>
    <Row Tag="LOC_UNITCOMMAND_HOLY_FERVOR_DISABLED_TT">
      <Text>[COLOR:Civ6Red]Sadece hareket ettikten veya bir eylemde bulunduktan sonra kullanilabilir [ENDCOLOR].</Text>
    </Row>
    <!-- Unit Abilities -->
    <Row Tag="LOC_ABILITY_TEUTONIC_KNIGHT_NAME">
      <Text>Haçli Gayreti</Text>
    </Row>
    <Row Tag="LOC_ABILITY_TEUTONIC_KNIGHT_DESCRIPTION">
      <Text>Düsman bölgesinde +8 [ICON_Strength] Savas Gücü.</Text>
    </Row>
    <Row Tag="LOC_COMBAT_PREVIEW_SCENARIO_ABILITY_TEUTONIC_KNIGHT_STRENGTH_ENEMY_TERRITORY_DESCRIPTION">
      <Text>+{1_Amount} Düsman bölgesinde Savas Gücü.</Text>
    </Row>
    <!-- Districts -->
    <Row Tag="LOC_DISTRICT_WALLED_QUARTER_NAME">
      <Text>Duvarli Mahalle</Text>
    </Row>
    <Row Tag="LOC_DISTRICT_WALLED_QUARTER_DESCRIPTION">
      <Text>Her turda veba ölümlerinden kaçinmak için %15 sans.</Text>
    </Row>
    <Row Tag="LOC_DISTRICT_THEATER_CULTURE">
      <Text>+{1_num} [ICON_Culture] Komsu Tiyatro bölgesinden kültür.</Text>
    </Row>
    <Row Tag="LOC_DISTRICT_COMMERCIAL_GOLD">
      <Text>+{1_num} [ICON_Gold] Bitisik Ticari Merkez bölgesinden altin.</Text>
    </Row>
    <Row Tag="LOC_DISTRICT_HOLY_SITE_FAITH">
      <Text>+{1_num} [ICON_Faith] Bitisik Kutsal Alan bölgesinden gelen inanç.</Text>
    </Row>
    <Row Tag="LOC_DISTRICT_CAMPUS_SCIENCE">
      <Text>+{1_num} [ICON_Science] Komsu Kampüs bölgesinden bilim.</Text>
    </Row>
    <!-- Buildings -->
    <Row Tag="LOC_BUILDING_GUILDHALL_NAME">
      <Text>Guildhall</Text>
    </Row>
    <Row Tag="LOC_BUILDING_MASS_GRAVE_NAME">
      <Text>Toplu Mezar</Text>
    </Row>
    <Row Tag="LOC_BUILDING_MASS_GRAVE_DESCRIPTION">
      <Text>Bu sehirdeki veba süresini 2 tur azaltin (en az 1).</Text>
    </Row>
    <Row Tag="LOC_BUILDING_SCENARIO_SEWER_DESCRIPTION">
      <Text>Her turda veba ölümlerinden kaçinmak için %20 sans.</Text>
    </Row>
    <Row Tag="LOC_BUILDING_PLAGUE_HOSPITAL_NAME">
      <Text>Veba Hastanesi</Text>
    </Row>
    <Row Tag="LOC_BUILDING_PLAGUE_HOSPITAL_DESCRIPTION">
      <Text>Bilginler ve Veba Doktorlari insa ederken +%50 [ICON_Production] Üretim.</Text>
    </Row>
    <Row Tag="LOC_BUILDING_KEEP_NAME">
      <Text>Sakla</Text>
    </Row>
    <Row Tag="LOC_BUILDING_KEEP_DESCRIPTION">
      <Text>Bu sehirdeki veba süresini 1 tur azaltin (en az 1).</Text>
    </Row>
    <!-- Techs -->
    <Row Tag="LOC_TECH_SCENARIO_CIVIL_ENGINEERING_NAME">
      <Text>Insaat Mühendisligi</Text>
    </Row>
    <Row Tag="LOC_TECH_SCENARIO_MEDICINE_NAME">
      <Text>Tip</Text>
    </Row>
    <Row Tag="LOC_TECH_SCENARIO_INVENTION_NAME">
      <Text>Bulus</Text>
    </Row>
    <Row Tag="LOC_TECH_SCENARIO_INVENTION_DESCRIPTION">
      <Text>Senaryoyu kazan.</Text>
    </Row>
    <!-- Civics -->
    <Row Tag="LOC_CIVIC_SCENARIO_FEUDALISM_DESCRIPTION">
      <Text>+1 [ICON_Food] Ciftlik iyilestirmelerinden elde edilen gida.</Text>
    </Row>
    <Row Tag="LOC_CIVIC_SCENARIO_WAGE_REFORM_NAME">
      <Text>Ücret Reformu</Text>
    </Row>
    <Row Tag="LOC_CIVIC_SCENARIO_HIGHER_LEARNING_NAME">
      <Text>Yüksek Ögrenim</Text>
    </Row>
    <Row Tag="LOC_CIVIC_SCENARIO_LABOR_ECONOMY_NAME">
      <Text>Calisma Ekonomisi</Text>
    </Row>
    <Row Tag="LOC_CIVIC_SCENARIO_URBANIZATION_NAME">
      <Text>Kentlesme</Text>
    </Row>
    <Row Tag="LOC_CIVIC_SCENARIO_MIDDLE_CLASS_NAME">
      <Text>Orta Sinif</Text>
    </Row>
    <Row Tag="LOC_CIVIC_SCENARIO_MIDDLE_CLASS_DESCRIPTION">
      <Text>Senaryoyu kazan.</Text>
    </Row>
    <!-- Policies -->
    <Row Tag="LOC_SCENARIO_POLICY_CHIVALRY_DESCRIPTION">
      <Text>Askeri birimler için +%50 [ICON_Production] Üretim.</Text>
    </Row>
    <Row Tag="LOC_SCENARIO_POLICY_SERFDOM_DESCRIPTION">
      <Text>Ciftlikler ve Tarlalar +1 [ICON_Food] Gida alir.</Text>
    </Row>
    <Row Tag="LOC_SCENARIO_POLICY_TOWN_CHARTERS_DESCRIPTION">
      <Text>+%100 Ticari Merkez bölgesi bitisiklik bonuslari.</Text>
    </Row>
    <Row Tag="LOC_SCENARIO_POLICY_MERITOCRACY_DESCRIPTION">
      <Text>+%100 Kampüs bölgesi bitisiklik bonuslari.</Text>
    </Row>
    <Row Tag="LOC_POLICY_FEALTY_NAME">
      <Text>Sadakat</Text>
    </Row>
    <Row Tag="LOC_POLICY_FEALTY_DESCRIPTION">
      <Text>Sivil birimler için +%50 [ICON_Production] Üretim.</Text>
    </Row>
    <Row Tag="LOC_POLICY_UNDERCLASS_NAME">
      <Text>Kentsel Alt Sinif</Text>
    </Row>
    <Row Tag="LOC_POLICY_UNDERCLASS_DESCRIPTION">
      <Text>Tüm sehirlerde +2 [ICON_Gold] Altin ve +2 [ICON_Faith] Inanç.</Text>
    </Row>
    <Row Tag="LOC_POLICY_STUDIA_GENERALIA_NAME">
      <Text>Studia Generalia</Text>
    </Row>
    <Row Tag="LOC_POLICY_STUDIA_GENERALIA_DESCRIPTION">
      <Text>Yeni egitilen Bilginler 2 ekstra sarj kazanir. Yeni egitilen Veba Doktorlari 1 ekstra sarj kazanir.</Text>
    </Row>
    <Row Tag="LOC_POLICY_COTTAGE_INDUSTRIES_NAME">
      <Text>Yazlik Endüstrileri</Text>
    </Row>
    <Row Tag="LOC_POLICY_COTTAGE_INDUSTRIES_DESCRIPTION">
      <Text>Atölye binalarindan +3 [ICON_Gold] Altin.</Text>
    </Row>
    <Row Tag="LOC_POLICY_SKILLED_TRADES_NAME">
      <Text>Nitelikli Zanaatlar</Text>
    </Row>
    <Row Tag="LOC_POLICY_SKILLED_TRADES_DESCRIPTION">
      <Text>+%100 Sanayi Bölgesi bölgesi bitisiklik bonuslari.</Text>
    </Row>
    <Row Tag="LOC_POLICY_PUBLIC_SERVANTS_NAME">
      <Text>Kamu Görevlileri</Text>
    </Row>
    <Row Tag="LOC_POLICY_PUBLIC_SERVANTS_DESCRIPTION">
      <Text>[ICON_Gold] Altin ile bina ve sivil birim satin alirken %50 indirim.</Text>
    </Row>
    <Row Tag="LOC_POLICY_SPECIALIZATION_NAME">
      <Text>Uzmanlik</Text>
    </Row>
    <Row Tag="LOC_POLICY_SPECIALIZATION_DESCRIPTION">
      <Text>+4 [ICON_Production] Fabrika binalarindan üretim.</Text>
    </Row>
    <Row Tag="LOC_POLICY_COMMERCIAL_LEAGUE_NAME">
      <Text>Ticari Lig</Text>
    </Row>
    <Row Tag="LOC_POLICY_COMMERCIAL_LEAGUE_DESCRIPTION">
      <Text>+4 [ICON_Gold] Guildhall binalarindan gelen altin.</Text>
    </Row>
    <Row Tag="LOC_POLICY_INDENTURE_NAME">
      <Text>Sözlesme</Text>
    </Row>
    <Row Tag="LOC_POLICY_INDENTURE_DESCRIPTION">
      <Text>Iyilestirmeler içeren arazilerde vebali iken çalisilabilir.</Text>
    </Row>
    <Row Tag="LOC_POLICY_LABOR_MARKET_NAME">
      <Text>Isgücü Piyasasi</Text>
    </Row>
    <Row Tag="LOC_POLICY_LABOR_MARKET_DESCRIPTION">
      <Text>Bölge basina +1 [ICON_Housing] Konut, tüm sehirlerde +2 [ICON_Gold] Altin.</Text>
    </Row>
    <Row Tag="LOC_POLICY_CIVIL_QUARANTINE_NAME">
      <Text>Sivil Karantina</Text>
    </Row>
    <Row Tag="LOC_POLICY_CIVIL_QUARANTINE_DESCRIPTION">
      <Text>Kampüs bölgelerinden +2 [ICON_Science] Bilim. Vebaya yakalanmis sehirler her turda %10 [ICON_Citizen] Nüfus kaybindan kaçinma sansi elde eder.</Text>
    </Row>
    <Row Tag="LOC_POLICY_POGROM_NAME">
      <Text>Pogrom</Text>
    </Row>
    <Row Tag="LOC_POLICY_POGROM_DESCRIPTION">
      <Text>Tüm sehirlerde +2 [ICON_Culture] Kültür, +4 [ICON_Gold] Altin.</Text>
    </Row>
    <Row Tag="LOC_POLICY_PATRONAGE_NAME">
      <Text>Patronaj</Text>
    </Row>
    <Row Tag="LOC_POLICY_PATRONAGE_DESCRIPTION">
      <Text>+%100 Tiyatro Meydani bölgesi bitisiklik bonuslari.</Text>
    </Row>
    <Row Tag="LOC_POLICY_NOBLESSE_OBLIGE_NAME">
      <Text>Noblesse Oblige</Text>
    </Row>
    <Row Tag="LOC_POLICY_NOBLESSE_OBLIGE_DESCRIPTION">
      <Text>Birim bakimi, birim basina tur basina 1 [ICON_Gold] Altin azaltildi.</Text>
    </Row>
    <!-- Misc -->
    <Row Tag="LOC_SCENARIO_GOVT_INHERENT_BONUS_MONARCHY">
      <Text>Yok.</Text>
    </Row>
    <!-- ************************************************ -->
    <!-- UI -->
    <!-- ************************************************ -->
    <!-- HUD -->
    <Row Tag="LOC_SCENARIO_HUD_CHARGES">
      <Text>Ücretler</Text>
    </Row>
    <Row Tag="LOC_FLYOVER_PLAGUE_POS">
      <Text>[COLOR:FoodDark]+{1_Num} Veba[ENDCOLOR]</Text>
    </Row>
    <Row Tag="LOC_FLYOVER_PLAGUE">
      <Text>[COLOR:FoodDark]{1_Num} Veba[ENDCOLOR]</Text>
    </Row>
    <Row Tag="LOC_FLYOVER_LOYALTY_POS">
      <Text>[COLOR:Happiness]+{1_Num} Sadakat [ENDCOLOR]</Text>
    </Row>
    <Row Tag="LOC_FLYOVER_LOYALTY">
      <Text>[COLOR:Happiness]{1_Num} Sadakat [ENDCOLOR]</Text>
    </Row>
    <Row Tag="LOC_FLYOVER_HOLY_FERVOR">
      <Text>[COLOR_FLOAT_FAITH] Kutsal Sevk! [ENDCOLOR]</Text>
    </Row>
    <Row Tag="LOC_GOVT_PAPAL_SLOT_NAME">
      <Text>Papalik Politikasi</Text>
    </Row>
    <Row Tag="LOC_GOVT_PAPAL_SLOT_DESC">
      <Text>Sürdürme: {1_Num} [ICON_Faith] Tur basina Inanç</Text>
    </Row>
    <Row Tag="LOC_GOVT_PAPAL_SLOT_FAITH_TT">
      <Text>{1_Num} Papalik Politikasi'ndan</Text>
    </Row>
    <Row Tag="LOC_PLOTINFO_COERCE_LABEL">
      <Text>Zorla ({1_Num} [ICON_Gold] Altin)</Text>
    </Row>
    <Row Tag="LOC_PLOTINFO_COERCE_TT">
      <Text>Bu tasa {1_NumTurns} tur boyunca baski uygulayin. Baski altindaki karolar vebali olsalar bile normal sekilde islenebilir, gelistirilebilir veya üzerine insa edilebilir.</Text>
    </Row>
    <Row Tag="LOC_PLOTINFO_YOU_NEED_MORE_GOLD_TO_COERCE">
      <Text>Bu tasi zorlamak için {1_num} daha fazla [ICON_Gold] Altina ihtiyaciniz var.</Text>
    </Row>
    <Row Tag="LOC_PLOTINFO_COERCED_TURNS_LABEL">
      <Text>Zorlanmis: {1_Num} Dönüsler</Text>
    </Row>
    <Row Tag="LOC_HUD_PLAGUE_LENS">
      <Text>Veba</Text>
    </Row>
    <Row Tag="LOC_HUD_PLAGUE_LENS_TT">
      <Text>Kara Veba tarafindan enfekte edilen karolari gösterir (siyah karolar enfeksiyonun en yogun oldugu, beyaz karolar ise enfeksiyondan kurtulmaya yakin oldugu karolardir).</Text>
    </Row>
    <Row Tag="LOC_HUD_PLAGUE_LENS_KEY_MIN">
      <Text>Veba Mevcut</Text>
    </Row>
    <Row Tag="LOC_HUD_PLAGUE_LENS_KEY_MAX">
      <Text>Veba Salgini</Text>
    </Row>
    <!-- Notifications -->
    <Row Tag="LOC_BLACKDEATH_NOTIFICATION_PLAGUE_RUMOR_MESSAGE">
      <Text>Veba Söylentisi</Text>
    </Row>
    <Row Tag="LOC_BLACKDEATH_NOTIFICATION_PLAGUE_RUMOR_SUMMARY">
      <Text>Kara Ölüm'ün {1_CityName} sehrinde mevcut olabilecegi haberi geldi.</Text>
    </Row>
    <Row Tag="LOC_BLACKDEATH_NOTIFICATION_PLAGUE_OUTBREAK_MESSAGE">
      <Text>Veba Salgini!</Text>
    </Row>
    <Row Tag="LOC_BLACKDEATH_NOTIFICATION_PLAGUE_OUTBREAK_SUMMARY">
      <Text>Kara Ölüm {1_CityName} sehrimize geldi!</Text>
    </Row>
    <Row Tag="LOC_BLACKDEATH_NOTIFICATION_FRANCE_PAPAL_SLOT_SUMMARY">
      <Text>Papalik Politikasi yuvamizin kullanimini sürdürmek için yeterli [ICON_Faith] Inanç yoktur.</Text>
    </Row>
    <Row Tag="LOC_BLACKDEATH_NOTIFICATION_FRANCE_PAPAL_SLOT_MESSAGE">
      <Text>Papalik Politikasi Düstü!</Text>
    </Row>
    <Row Tag="LOC_NOTIFICATION_UNIT_LOST_TO_RADIATION_POISONING">
      <Text>Radyasyon zehirlenmesi nedeniyle bir {1_UnitName} kaybettiniz.</Text>
    </Row>
    <!-- Victory Conditions -->
    <Row Tag="LOC_WORLD_RANKINGS_BLACKDEATH_SCENARIO_RULES">
      <Text>Bu senaryoda Orta Cag uygarliginiza kötü söhretli Kara Ölüm boyunca rehberlik etmeli, halk ölüm ve umutsuzluk içinde kivranirken kültürel ve bilimsel çabalarini canli tutmalisiniz. Kazanmak için ya nihai Teknolojinin (Icat) ya da nihai Yurttasligin (Orta Sinif) kilidini açmali ve gelecek Aydinlanmanin tohumlarini atmalisiniz. [NEWLINE][NEWLINE]VEBA[NEWLINE][NEWLINE]85 tur boyunca Kara Ölüm dalgalar halinde kitayi kasip kavuracak. Her ulusun liman sehirlerinde ortaya çikar ve tüm cografyaya yayilir. Daglar hariç her kara parçasina yayilabilir ve sehirlere, yollara, Liman bölgeleri içeren Kiyilara ve kirsal iyilestirmelere daha kolay yayilir. Veba bir kareye ulastiginda, o karo birkaç tur boyunca [COLOR:Red]Veba Hastasi[ENDCOLOR] olur. Turlar sona erdiginde karo iyilesir, ancak vebali iken asagidaki etkilere maruz kalir:[NEWLINE][NEWLINE][COLOR:Red][ICON_BULLET]Vebali karolar vatandaslar tarafindan islenemez, iyilestirilemez veya onarilamaz ve zaten bir bölge varsa bölge insa etmek veya bina eklemek için kullanilamaz[NEWLINE][NEWLINE][ICON_BULLET]Karo bir sehir merkeziyse, vebanin devam ettigi her turda bir nüfusun ölme ihtimali yüksektir. Bu sans, belirli binalar insa edilerek veya belirli hükümet politikalari kullanilarak azaltilabilir[NEWLINE][NEWLINE][ICON_BULLET]Sirasini vebali bir karede bitiren birimler 20 hasar alir[ENDCOLOR][NEWLINE][NEWLINE]Kara Ölümle mücadele etmek için sehirlerinizin felaket boyunca çalismaya devam etme gücünü korumaya bakin. Vatandaslarinizin gücü varken temel bölgeleri insa edin. [ICON_Gold] Altin ve [ICON_Faith] Inanç rezervlerinizi yüksek tutarak sehirleriniz zarar gördügünde binalar ve birimler satin alin. Bilim ve kültür merkezlerini erkenden kurun ve elinizden geldigince koruyun. Veba Doktorlari mevcut oldugunda, onlari en savunmasiz bölgelerinizi korumak veya tereddüt eden sehirlerin Sadakatini desteklemek için kullanin. [NEWLINE][NEWLINE]Zorluk [ICON_GOLD] Altin ve [ICON_FAITH] Inanci etkiler.</Text>
    </Row>
    <Row Tag="LOC_VICTORY_BLACKDEATH_REQUIRES_PLAYER_HAS_FINAL_CIVIC_PROGRESS">
      <Text>Yurttaslik Bilgisi: {NumCompleted}\{NumTotal} ( ~{EstimatedTurns}[ICON_Turn])</Text>
    </Row>
    <Row Tag="LOC_VICTORY_BLACKDEATH_REQUIRES_PLAYER_HAS_FINAL_TECH_PROGRESS">
      <Text>Teknolojiler: {NumCompleted}\{NumTotal} ( ~{EstimatedTurns}[ICON_Turn])</Text>
    </Row>
    <Row Tag="LOC_WORLD_RANKINGS_VICTORY_BLACKDEATH_SCENARIO">
      <Text>{1_CompletedCivics}\{2_TotalCivics} Yurttaslik Bilgisi, {3_CompletedTechs}\{4_TotalTechs} Teknolojileri</Text>
    </Row>
    <!-- Tooltips -->
    <Row Tag="LOC_CITY_BANNER_PLAGUE_TT">
      <Text>Bu sehir vebaya yakalandi. Vebanin devam ettigi her turda Sadakat ve potansiyel olarak [ICON_Citizen] Nüfus kaybedecektir.</Text>
    </Row>
    <Row Tag="LOC_DISTRICT_CULTURE_THEATER">
      <Text>+{1_num} [ICON_Culture] Bitisik Tiyatro'dan kültür.</Text>
    </Row>
    <Row Tag="LOC_DISTRICT_GOLD_COMMERCIAL_HUB">
      <Text>+{1_num} [ICON_Gold] Bitisik Ticari Merkezden altin.</Text>
    </Row>
    <Row Tag="LOC_DISTRICT_FAITH_HOLY_SITE">
      <Text>+{1_num} [ICON_Faith] Komsu Kutsal Bölgeden gelen inanç.</Text>
    </Row>
    <Row Tag="LOC_DISTRICT_SCIENCE_CAMPUS">
      <Text>+{1_num} [ICON_Science] Bitisik Kampüsten Bilim.</Text>
    </Row>
    <!--Historic Rankings-->
    <Row Tag="LOC_BLACKDEATH_SCENARIO_ENDGAME_RANK_1_NAME">
      <Text>Lekesiz</Text>
    </Row>
    <Row Tag="LOC_BLACKDEATH_SCENARIO_ENDGAME_RANK_1_QUOTE">
      <Text>Eger kâhin içeri girip bakar ve veba salgininin evde yayilmadigini görürse, veba salgini iyilestigi için evi temiz ilan edecektir.</Text>
    </Row>
    <Row Tag="LOC_BLACKDEATH_SCENARIO_ENDGAME_RANK_2_NAME">
      <Text>Veba Doktoru</Text>
    </Row>
    <Row Tag="LOC_BLACKDEATH_SCENARIO_ENDGAME_RANK_2_QUOTE">
      <Text>Cünkü diger tüm sanatlarda, onlari uygulayanlar beceri ve bilgi açisindan birbirlerinden çok farkli olduklari gibi, Tipta da durum aynidir.</Text>
    </Row>
    <Row Tag="LOC_BLACKDEATH_SCENARIO_ENDGAME_RANK_3_NAME">
      <Text>Üçüncü Emlak</Text>
    </Row>
    <Row Tag="LOC_BLACKDEATH_SCENARIO_ENDGAME_RANK_3_QUOTE">
      <Text>Baksteres and brewesteres,\And bochiers manye \Wollen webbesters,\And weveres of lynnen,\Taillours and tynkers,\And tollers in marketettes,\Masons and mynours,\And many other craftes.</Text>
    </Row>
    <Row Tag="LOC_BLACKDEATH_SCENARIO_ENDGAME_RANK_4_NAME">
      <Text>Filozof</Text>
    </Row>
    <Row Tag="LOC_BLACKDEATH_SCENARIO_ENDGAME_RANK_4_QUOTE">
      <Text>Insanin bilgisinin ötesinde olan seyler insan tarafindan akliyla aranamayabilirse de, yine de Tanri tarafindan açiklandiktan sonra imanla kabul edilmelidir.</Text>
    </Row>
    <Row Tag="LOC_BLACKDEATH_SCENARIO_ENDGAME_RANK_5_NAME">
      <Text>Mendicant</Text>
    </Row>
    <Row Tag="LOC_BLACKDEATH_SCENARIO_ENDGAME_RANK_5_QUOTE">
      <Text>: Oradaki kardeslerimi severim, Dört emri yerine getiririm, Insanlara yardim ederim.</Text>
    </Row>
    <Row Tag="LOC_BLACKDEATH_SCENARIO_ENDGAME_RANK_6_NAME">
      <Text>Ratcatcher</Text>
    </Row>
    <Row Tag="LOC_BLACKDEATH_SCENARIO_ENDGAME_RANK_6_QUOTE">
      <Text>Neden bir köpegin, bir atin, bir farenin hayati var da senin hiç nefesin yok?</Text>
    </Row>
    <Row Tag="LOC_BLACKDEATH_SCENARIO_ENDGAME_RANK_7_NAME">
      <Text>Mezarci</Text>
    </Row>
    <Row Tag="LOC_BLACKDEATH_SCENARIO_ENDGAME_RANK_7_QUOTE">
      <Text>...çok uzun ya da çok resmi bir törenle ugrasmadan, ilk bulduklari bos mezara girerlerdi.</Text>
    </Row>
    <Row Tag="LOC_BLACKDEATH_SCENARIO_ENDGAME_RANK_8_NAME">
      <Text>Flagellant</Text>
    </Row>
    <Row Tag="LOC_BLACKDEATH_SCENARIO_ENDGAME_RANK_8_QUOTE">
      <Text>Pie Jesu Domine, Dona eis requiem.</Text>
    </Row>
    <!-- Popup Events -->
    <Row Tag="LOC_POPUP_SCENARIO_GENERIC_WHICH_PATH">
      <Text>Hangi yolu seçeceksiniz?</Text>
    </Row>
    <!-- A New Plague Appears (Intro) -->
    <Row Tag="LOC_POPUP_SCENARIO_PLAGUE_APPEARS_TITLE">
      <Text>Yeni Bir Hastalik Ortaya Cikiyor</Text>
    </Row>
    <Row Tag="LOC_POPUP_SCENARIO_PLAGUE_APPEARS_DESCRIPTION">
      <Text>Akdeniz'in hareketli limanlarinda ölümcül bir hastaligin ortaya çiktigina dair söylentiler yayildi. Ticaret gemilerinin ambarlarinda, vagonlarin sirtinda çoktan kiyilariniza dogru yola çikmis olabilir.</Text>
    </Row>
    <Row Tag="LOC_POPUP_SCENARIO_PLAGUE_APPEARS_EFFECT">
      <Text>Ilk salgin belirtisi için yollarinizi ve limanlarinizi izleyin. Yayilmayi kontrol altina almak için hizli hareket etmeniz gerekecektir.</Text>
    </Row>
    <!-- Outbreak! -->
    <Row Tag="LOC_POPUP_SCENARIO_OUTBREAK_TITLE">
      <Text>Salgin!</Text>
    </Row>
    <Row Tag="LOC_POPUP_SCENARIO_OUTBREAK_DESCRIPTION">
      <Text>Veba [COLOR:Civ6Yellow]{1_CityName}[ENDCOLOR]'e ulasti! Artik sadece bir söylenti degil, hastalik artik aramizda ve halk dehset ve panige kapiliyor.</Text>
    </Row>
    <Row Tag="LOC_POPUP_SCENARIO_OUTBREAK_EFFECT">
      <Text>Ölü sayisi kaçinilmaz olabilir, ancak yine de yayilmayi yavaslatirken sehri sabit tutmaliyiz.</Text>
    </Row>
    <Row Tag="LOC_POPUP_SCENARIO_OUTBREAK_REPEAT_DESCRIPTION">
      <Text>Veba [COLOR:Civ6Yellow]{1_CityName}[ENDCOLOR]'e ulasti!</Text>
    </Row>
    <Row Tag="LOC_POPUP_SCENARIO_OUTBREAK_REPEAT_EFFECT">
      <Text>Önceki salginlarda oldugu gibi, bu sehir de karolari ve bölgeleri çalisamaz hale geldikçe ve nüfusu düstükçe felç olacak. Açlik ve sadakat kaybi tehdidine karsi tetikte olun.</Text>
    </Row>
    <!-- The Nobility Flees -->
    <Row Tag="LOC_POPUP_SCENARIO_NOBILITY_FLEES_TITLE">
      <Text>Soylular Kaçiyor</Text>
    </Row>
    <Row Tag="LOC_POPUP_SCENARIO_NOBILITY_FLEES_DESCRIPTION">
      <Text>Zengin toprak sahipleri, ölümcül hastaliktan yogun sehirlerde bol miktarda bulunan kokusmus dumanlar olan miazmayi sorumlu tutuyor. Sürüler halinde tasradaki malikanelerine kaçiyor, maiyetlerini de yanlarina alarak sokaklari yoksullara ve evsizlere birakiyorlar.</Text>
    </Row>
    <Row Tag="LOC_POPUP_SCENARIO_NOBILITY_FLEES_EFFECT">
      <Text>Korku, bazi nüfuslari sehirlerinize dogru çekerken digerlerini onlardan uzaklastiriyor. Yeni Politikalar hangisini destekleyeceginizi seçmenize olanak taniyor.</Text>
    </Row>
    <!-- False Cures, Empty Promises -->
    <Row Tag="LOC_POPUP_SCENARIO_FALSE_CURES_TITLE">
      <Text>Sahte Tedaviler, Bos Vaatler</Text>
    </Row>
    <Row Tag="LOC_POPUP_SCENARIO_FALSE_CURES_DESCRIPTION">
      <Text>Pek çok kisi vebayi durduracak güce ya da bilgiye sahip oldugunu iddia eder. Ancak ister sarlatan, ister rahip, ister hekim ya da kral olsun, veba hepsine meydan okur. Insanlar perisan ve çaresizce cevap ariyor.</Text>
    </Row>
    <Row Tag="LOC_POPUP_SCENARIO_FALSE_CURES_EFFECT">
      <Text>Yeni Politikalar, kamuoyunu rahatlatmak için daha sert önlemler almaniza olanak tanir.</Text>
    </Row>
    <!-- We All Fall Down -->
    <Row Tag="LOC_POPUP_SCENARIO_ALL_FALL_DOWN_TITLE">
      <Text>Hepimiz Düseriz</Text>
    </Row>
    <Row Tag="LOC_POPUP_SCENARIO_ALL_FALL_DOWN_DESCRIPTION">
      <Text>Veba ve onun tüyler ürpertici hasadi ülkeyi kapliyor. Halkiniz nereye dönse ölümle karsilasiyor. Yüksek ve alçak, zengin ve fakir ayni sekilde vuruldugunda çabalamanin ne faydasi var?</Text>
    </Row>
    <Row Tag="LOC_POPUP_SCENARIO_ALL_FALL_DOWN_EFFECT">
      <Text>Tüm sehirlerde -%30 [ICON_Food] Büyüme, -%3 [ICON_Production] Üretim, -%3 [ICON_Gold] Altin ve -%3 [ICON_Faith] Inanç.</Text>
    </Row>
    <!-- Sick in Body and Soul -->
    <Row Tag="LOC_POPUP_SCENARIO_SICK_IN_BODY_TITLE">
      <Text>Bedenen ve Ruhen Hasta</Text>
    </Row>
    <Row Tag="LOC_POPUP_SCENARIO_SICK_IN_BODY_DESCRIPTION">
      <Text>Hastalik ülkeyi kasip kavuruyor, toplumumuzun onlarca yildir dayandigi istikrar ve gelenekleri altüst ediyor. Iktidardakiler, çökmekte olan toplumsal düzene nasil tepki verileceginin örnegini olusturuyor.</Text>
    </Row>
    <Row Tag="LOC_POPUP_SCENARIO_SICK_IN_BODY_CHOICE_A">
      <Text>Pismanlik Pratigi Yapin</Text>
    </Row>
    <Row Tag="LOC_POPUP_SCENARIO_SICK_IN_BODY_CHOICE_A_EFFECT">
      <Text>-2 [ICON_Production] Üretim, +3 [ICON_Faith] Tüm sehirlerde Inanç</Text>
    </Row>
    <Row Tag="LOC_POPUP_SCENARIO_SICK_IN_BODY_CHOICE_B">
      <Text>Zamparaligi Kucaklayin</Text>
    </Row>
    <Row Tag="LOC_POPUP_SCENARIO_SICK_IN_BODY_CHOICE_B_EFFECT">
      <Text>Tüm sehirlerde -%20 [ICON_Food] Büyüme, +3 [ICON_Gold] Altin</Text>
    </Row>
    <!-- Physician, Heal Thyself -->
    <Row Tag="LOC_POPUP_SCENARIO_HEAL_THYSELF_TITLE">
      <Text>Doktor, Kendini Iyilestir</Text>
    </Row>
    <Row Tag="LOC_POPUP_SCENARIO_HEAL_THYSELF_DESCRIPTION">
      <Text>Ölü sayisi arttikça, insanlar güvendikleri yetkililerden yardim isterler. Birçogu anahtarin bilimde oldugunu savunur ve hastalarla ilgilenmeleri için doktorlar tutmak ister. Digerleri fanatizme sürüklenir ve vebayi durdurmasi için Tanri'ya yalvarmak üzere kefaret talep eder.</Text>
    </Row>
    <Row Tag="LOC_POPUP_SCENARIO_HEAL_THYSELF_CHOICE_A">
      <Text>Hastalari Tedavi Edin</Text>
    </Row>
    <Row Tag="LOC_POPUP_SCENARIO_HEAL_THYSELF_CHOICE_B">
      <Text>Günahkari Utançlandirin</Text>
    </Row>
    <!-- The End of the World -->
    <Row Tag="LOC_POPUP_SCENARIO_END_OF_THE_WORLD_TITLE">
      <Text>Dünyanin Sonu</Text>
    </Row>
    <Row Tag="LOC_POPUP_SCENARIO_END_OF_THE_WORLD_DESCRIPTION">
      <Text>Ölü sayisi tahminlerin ötesinde artiyor. Umutsuzluk bas gösterdikçe hem kiliseye hem de devlete olan inanç çöküyor. Toplum bu sekilde devam edemez - bir kirilma yasanmali.</Text>
    </Row>
    <Row Tag="LOC_POPUP_SCENARIO_END_OF_THE_WORLD_CHOICE_A">
      <Text>Tanri'ya Teslimiyet</Text>
    </Row>
    <Row Tag="LOC_POPUP_SCENARIO_END_OF_THE_WORLD_CHOICE_A_EFFECT">
      <Text>[ICON_Faith] hariç tüm getirilere -3 Tüm sehirlerde inanç</Text>
    </Row>
    <Row Tag="LOC_POPUP_SCENARIO_END_OF_THE_WORLD_CHOICE_B">
      <Text>Tanri'dan vazgeçin</Text>
    </Row>
    <Row Tag="LOC_POPUP_SCENARIO_END_OF_THE_WORLD_CHOICE_B_EFFECT">
      <Text>-10 [ICON_Faith] Tüm sehirlerde inanç</Text>
    </Row>
    <!-- Is This God's Judgement? -->
    <Row Tag="LOC_POPUP_SCENARIO_GODS_JUDGEMENT_TITLE">
      <Text>Bu Tanri'nin Hükmü mü?</Text>
    </Row>
    <Row Tag="LOC_POPUP_SCENARIO_GODS_JUDGEMENT_DESCRIPTION">
      <Text>Ölüler sehirleri doldurur ve mezarliklari tasirir. En muhafazakârlar bile yikima tanik olur ve dünyanin kötülügünün sonunda ilahi cezayi hak edip etmedigini merak eder.</Text>
    </Row>
    <Row Tag="LOC_POPUP_SCENARIO_GODS_JUDGEMENT_CHOICE_A">
      <Text>Ruhlarimiz tükendi</Text>
    </Row>
    <Row Tag="LOC_POPUP_SCENARIO_GODS_JUDGEMENT_CHOICE_A_EFFECT">
      <Text>-1 [ICON_Culture] Kültür, -1 [ICON_Faith] Tüm sehirlerde Inanç</Text>
    </Row>
    <Row Tag="LOC_POPUP_SCENARIO_GODS_JUDGEMENT_CHOICE_B">
      <Text>Cabalarimiz ise yaramaz</Text>
    </Row>
    <Row Tag="LOC_POPUP_SCENARIO_GODS_JUDGEMENT_CHOICE_B_EFFECT">
      <Text>-1 [ICON_Science] Bilim, -%10 [ICON_Food] Tüm sehirlerde büyüme</Text>
    </Row>
    <!-- ************************************************ -->
    <!-- CIVILOPEDIA -->
    <!-- ************************************************ -->
    <!--Units-->
    <Row Tag="LOC_PEDIA_UNITS_PAGE_UNIT_SCHOLAR_CHAPTER_HISTORY_PARA_1">
      <Text>Kara Ölüm'den önce, Avrupa'da ögrenim ve egitimde bir gelisme vardi ve üniversitenin yükselisi, kendini çalismaya adamis yeni bir egitimli profesyonel sinif anlamina geliyordu. Bazi akademisyenler hukuk gibi pratik konulara odaklanirken, giderek büyüyen bir grup bilginin dogasi ve doga felsefesi ile ilgili sorulara yönelerek erken Rönesans'in yolunu açti.</Text>
    </Row>
    <Row Tag="LOC_PEDIA_UNITS_PAGE_UNIT_PLAGUE_DOCTOR_CHAPTER_HISTORY_PARA_1">
      <Text>Kara Ölüm'ün en çarpici figürlerinden biri, ürkütücü gaga seklindeki maskesi, uzun cübbesi ve asasiyla veba doktorudur. Gaga seklindeki maskenin ucunda aromatik bitkilerden olusan bir poset bulunurdu (tatli kokunun yanlislikla vebayi uzaklastirdigi düsünülürdü).  Bir hastanin (ya da cesedin) vebaya yakalandigindan süphelenildiginde veba doktoru çagrilirdi. Doktor, vakayi belgelemek ya da hastayi temize çikarmak için sopasini ya da asasini kullanarak hastaya dokunmadan üzerini arardi.</Text>
    </Row>
    <Row Tag="LOC_PEDIA_UNITS_PAGE_UNIT_FLAGELLANT_CHAPTER_HISTORY_PARA_1">
      <Text>Geç Ortaçag'in dinsel yüklü dünyasinda vebanin insanligin günahlari için ilahi bir ceza oldugu düsünülüyordu. Bazi insan gruplari, günahkâr insanlik adina asiri derecede tövbe etme eylemlerine girismis, ülkenin dört bir yanina giderek kendilerini kirbaçlamis ya da "kamçilamis "tir. Ilk baslarda bu gösteriler kilise yetkililerinin (en azindan zimni) rizasina sahipti, ancak uygulama asirilastikça kilise yetkilileri bunu kinadi. Bu ne kirbaçlama uygulamasini ne de kirbaççilarin alaylarini sona erdirdi.</Text>
    </Row>
    <Row Tag="LOC_PEDIA_UNITS_PAGE_UNIT_TEUTONIC_KNIGHT_CHAPTER_HISTORY_PARA_1">
      <Text>Avrupa'daki dini sövalyelik tarikatlarindan biri olan Töton Sövalyeleri, Baltik bölgesindeki pagan kabilelere karsi Kuzey Haçli Seferini yürütmüstür. Özellikle saldirganliklari, uzlasmazliklari, zenginlikleri ve Haçli tarikatlarinin standartlarina göre bile sade yasam tarzlariyla dikkat çekmislerdir.</Text>
    </Row>
    <!--Districts-->
    <Row Tag="LOC_PEDIA_DISTRICTS_PAGE_DISTRICT_WALLED_QUARTER_CHAPTER_HISTORY_PARA_1">
      <Text>Vebanin epidemiyolojisini tam olarak anlayamayan sehir sakinleri yine de Kara Ölüm'ü kontrol altina almak için bir sistem kesfetti: Kurbanlari kalici bir karantinaya almak. Bu acimasiz önlem, duvarla çevrili kurbanlari korkunç bir kadere mahkum ediyordu ama vebanin ilerlemesini ara sira kontrol edebiliyordu. Bazi saglikli insanlarin vebanin yayildigini görmektense karantinayi isteyerek kabul etmesi, Kara Ölüm'deki korkunç aci hesabinin bir örnegidir.</Text>
    </Row>
    <!--Buildings-->
    <Row Tag="LOC_PEDIA_BUILDINGS_PAGE_BUILDING_GUILDHALL_CHAPTER_HISTORY_PARA_1">
      <Text>Lonca binasi, üyelerine bir toplanti alani saglamanin yani sira zenginliklerini ve güçlerini göstermek için bir loncanin sahip oldugu yari kamusal bir binadir. Genellikle sivil ve ticari gururun güçlü bir ifadesi olarak süslü bir sekilde dekore edilmislerdir.</Text>
    </Row>
    <Row Tag="LOC_PEDIA_BUILDINGS_PAGE_BUILDING_MASS_GRAVE_CHAPTER_HISTORY_PARA_1">
      <Text>Kara Ölüm sirasinda ölü sayisi arttikça, bireysel cenaze törenleri pratik olmaktan çikti ve ölüler, ölüler için saglanabilecek her türlü alçakgönüllülükle çok sayida gömüldü. Bazen yer kazanmak için kismen çürümüs cesetler mezardan çikarilir ve birlikte yeniden gömülürdü. Diger durumlarda ise mezarliklar o kadar tikanmistir ki ölüler yer üstüne gömülmüstür. Tüm toplu mezarlar isaretlenmemistir ve günümüzde de kesfedilmeye devam etmektedir.</Text>
    </Row>
    <Row Tag="LOC_PEDIA_BUILDINGS_PAGE_BUILDING_PLAGUE_HOSPITAL_CHAPTER_HISTORY_PARA_1">
      <Text>Sehirler veba kurbanlarini ellerinden geldigince tedavi etmeye ya da en azindan acilarini en aza indirmeye çalistilar. Veba hastaneleri en iyi ihtimalle süpheli bir bakim saglamis olabilir, ancak en azindan hastalarina birilerinin onlari önemsedigine dair bir umut veriyorlardi.</Text>
    </Row>
    <Row Tag="LOC_PEDIA_BUILDINGS_PAGE_BUILDING_KEEP_CHAPTER_HISTORY_PARA_1">
      <Text>Bir kalenin veya tahkimatin orta kismi, dis duvarlarin asilmasi durumunda bir siginak ve son savunma hatti olarak kullanilir. Kalelerin genellikle çok az sayida ve çok dar girisleri vardir, böylece bir avuç savunmaci isgalcileri hala uzak tutabilir.</Text>
    </Row>
    <!--Techs-->
    <Row Tag="LOC_PEDIA_TECHNOLOGIES_PAGE_TECH_CIVIL_ENGINEERING_CHAPTER_HISTORY_PARA_1">
      <Text>Ortaçag döneminde insaat mühendisligindeki gelismeleri etkileyen çesitli faktörler arasinda güçlü kaleler insa etmenin önemi, bu kaleleri kusatmanin önemi ve kendi atiklari içinde debelenmeden büyük nüfuslari barindirabilecek sehirler insa etme ihtiyaci sayilabilir.</Text>
    </Row>
    <Row Tag="LOC_PEDIA_TECHNOLOGIES_PAGE_TECH_INVENTION_CHAPTER_HISTORY_PARA_1">
      <Text>Yetenekli zanaatkârlar ve sanatçilar, klasik dünyada bilinen sistemleri ve teknolojileri yeniden kesfetmeye basladi. Kara Veba sirasinda yasanan çok sayida ölümle birlikte, emek tasarrufu saglayan makineler daha önemli hale geldi.</Text>
    </Row>
    <Row Tag="LOC_PEDIA_TECHNOLOGIES_PAGE_TECH_MEDICINE_CHAPTER_HISTORY_PARA_1">
      <Text>Tip, Hipokrat'ta belirtildigi gibi vücudun hümörlerini - kan, balgam, kara safra ve sari safra - dengelemenin pratik sanatidir. Astroloji (gök cisimleri bu hümörleri etkiledigi için) ve dört ana elementin incelenmesini de içerebilir: Ates, toprak, hava ve su. Mantik ve teoloji gibi yüce disiplinleri tam olarak takdir edemeyen kisiler için uygun bir çalisma seklidir.</Text>
    </Row>
    <!--Civics-->
    <Row Tag="LOC_PEDIA_CIVICS_PAGE_CIVIC_WAGE_REFORM_CHAPTER_HISTORY_PARA_1">
      <Text>Kara Ölüm'den sonra yasanan isçi kitligi, Avrupa'daki geleneksel serflik sistemlerinin gerilemesine yol açti. Artik tarim isçileri ve diger isçiler, yaptiklari is için zorla ücret almak yerine kendilerine ücret ödenmesini bekleyebilirlerdi.</Text>
    </Row>
    <Row Tag="LOC_PEDIA_CIVICS_PAGE_CIVIC_HIGHER_LEARNING_CHAPTER_HISTORY_PARA_1">
      <Text>Orta Cag'da Roma Hukuku metinlerinin yeniden kesfi, Bologna ve Paris gibi sehirlerde Üniversite sisteminin büyümesine yol açmistir. Egitim, kilisenin disinda genis çapta erisilebilir hale geldi ve Rönesans'in temelini atti.</Text>
    </Row>
    <Row Tag="LOC_PEDIA_CIVICS_PAGE_CIVIC_LABOR_ECONOMY_CHAPTER_HISTORY_PARA_1">
      <Text>Kara Veba'nin ölümlerinden sonra isçi kitligi emegin degerini artirdi. Artik soylular köylüleri döverek toprakta çalistiramazdi, çünkü bu nankörler kendilerine para ödeyecek yeni bir lorda hizmet etmeye giderlerdi.</Text>
    </Row>
    <Row Tag="LOC_PEDIA_CIVICS_PAGE_CIVIC_MIDDLE_CLASS_CHAPTER_HISTORY_PARA_1">
      <Text>Avrupa'da sehirlerin yükselisi, feodal dünyanin geleneksel aristokrat-seklastik-köylü modelinin disinda yeni bir sinifin yükselisi anlamina geliyordu. Cogu yönetici onlari savaslari finanse etmek için yararli bir vergi tabani olarak gördü.</Text>
    </Row>
    <!--Policies-->
    <Row Tag="LOC_PEDIA_GOVERNMENTS_PAGE_POLICY_FEALTY_CHAPTER_HISTORY_PARA_1">
      <Text>Sadakat, feodal bir sistemde bir efendiye baglilik yemini etme sürecidir  örnegin bir sövalyenin bir barona hizmet etmeye yemin etmesi veya baronun bir krala hizmet etmeye yemin etmesi gibi.</Text>
    </Row>
    <Row Tag="LOC_PEDIA_GOVERNMENTS_PAGE_POLICY_UNDERCLASS_CHAPTER_HISTORY_PARA_1">
      <Text>Kentlerin yükselisi, tüccarlarin ve yetenekli zanaatkârlarin bir araya gelmesinin yani sira, feodal dönemin sosyal normlarina tam olarak uymadiklari için sosyal konumlari asagi görülen veya istenmeyen bir sinifin ortaya çikmasi anlamina geliyordu. Muhtemelen bu tutumlar günümüze kadar uzanmaktadir.</Text>
    </Row>
    <Row Tag="LOC_PEDIA_GOVERNMENTS_PAGE_POLICY_STUDIA_GENERALIA_CHAPTER_HISTORY_PARA_1">
      <Text>Üniversite ya da üniversitede verilen egitimin orijinal adi, "genel çalismalar" anlamina gelmektedir. Yedi liberal sanatin aksine, Studia için tanimlanmis bir müfredat yoktu, bu da üniversitelerin bir ögrencinin basarili bir sekilde çalistiginin ve bir seyler ögrenmis olabileceginin taninmasi olarak diploma sunmasini gerektiriyordu.</Text>
    </Row>
    <Row Tag="LOC_PEDIA_GOVERNMENTS_PAGE_POLICY_COTTAGE_INDUSTRIES_CHAPTER_HISTORY_PARA_1">
      <Text>Küçük sanayi, bir birey ya da aile tarafindan kendilerini geçindirmek ya da ek gelir saglamak amaciyla kurulan küçük isletmelerdir. Bu küçük isletmeler genellikle feodal ekonomilerden piyasa temelli ekonomilere geçisin bir parçasi olarak kabul edilir.</Text>
    </Row>
    <Row Tag="LOC_PEDIA_GOVERNMENTS_PAGE_POLICY_SKILLED_TRADES_CHAPTER_HISTORY_PARA_1">
      <Text>Özellikle gümüs esya, kumas, cam esya ve makine gibi degerli mallarin üretimi gibi yetenekli zanaatlar ya da sanatlar ancak uzun süreli pratikle ustalasilabilir. Esnaflar, birlikte çalisabilecekleri sehirlerde toplanir, gelecegin uygulayicilarini egitir, fiyatlari belirler ve mallari için piyasayi kontrol etmeye çalisirlardi. Yetenekli tüccarlar tarihteki ilk gerçek orta sinif vatandaslardan bazilariydi.</Text>
    </Row>
    <Row Tag="LOC_PEDIA_GOVERNMENTS_PAGE_POLICY_PUBLIC_SERVANTS_CHAPTER_HISTORY_PARA_1">
      <Text>Devletlerin yöneticilerinin ötesinde siyasi varliklar oldugu fikrinin giderek güçlenmesi, görevlerini hükümdara degil devlete hizmet olarak ifade eden bir hizmetkâr sinifinin olusmasina yol açti. Bu durum, devletin iyiligine tarafsiz bir sekilde hizmet etmelerini sagladi ancak vergi toplama zamani geldiginde onlari daha popüler yapmadi.</Text>
    </Row>
    <Row Tag="LOC_PEDIA_GOVERNMENTS_PAGE_POLICY_SPECIALIZATION_CHAPTER_HISTORY_PARA_1">
      <Text>Karmasik nesneler üretirken, bireylerin üretimin bir yönüne odaklanmasi, tek bir zanaatkârin bir parçayi malzemeden tamamlanmasina kadar çalismasindan daha yüksek bir üretim hizina olanak tanir. Orta Cag ve Erken Modern Dönem boyunca silahlar ve zirhlar da dahil olmak üzere pek çok nesne bu sekilde üretilmistir. Uzmanlasmanin yükselisi en sonunda Sanayi Cagi ve montaj hattinda tam ifadesini bulacaktir.</Text>
    </Row>
    <Row Tag="LOC_PEDIA_GOVERNMENTS_PAGE_POLICY_COMMERCIAL_LEAGUE_CHAPTER_HISTORY_PARA_1">
      <Text>Tüccar gruplari daha fazla ekonomik güce sahip olmak için bir araya gelecekti. Bu ticari birlikler sonunda modern bankacilik ve para sistemlerinin temelini olusturacakti.</Text>
    </Row>
    <Row Tag="LOC_PEDIA_GOVERNMENTS_PAGE_POLICY_INDENTURE_CHAPTER_HISTORY_PARA_1">
      <Text>Indenture, bir kisinin emegini, sonunda bir sey kazanacagi beklentisiyle, belirli bir süre için bir baskasiyla sözlesme yapma sürecidir. Ciraklarin egitimlerinin baslangicinda ustalarina baglandiklari süreçtir.</Text>
    </Row>
    <Row Tag="LOC_PEDIA_GOVERNMENTS_PAGE_POLICY_LABOR_MARKET_CHAPTER_HISTORY_PARA_1">
      <Text>Bir noktada isgücü piyasasi, kelimenin tam anlamiyla, vasifsiz isçilerin bir araya gelerek belirli bir is için ise alinmayi bekledikleri bir yerdi. Bazi yerlerde hala öyle.</Text>
    </Row>
    <Row Tag="LOC_PEDIA_GOVERNMENTS_PAGE_POLICY_CIVIL_QUARANTINE_CHAPTER_HISTORY_PARA_1">
      <Text>Karantina, bir hastaligin nüfus içinde yayilmasini önlemek için hasta insanlarin izole edilmesidir. Sari bayraklar Kara Ölüm'den bu yana karantinaya alinan yerleri isaretlemek için kullanilmaktadir.</Text>
    </Row>
    <Row Tag="LOC_PEDIA_GOVERNMENTS_PAGE_POLICY_POGROM_CHAPTER_HISTORY_PARA_1">
      <Text>Rusça'da "yok etmek" anlamina gelen pogrom, devletin onayiyla bir grubun sistematik olarak öldürülmesi ve baski altina alinmasidir. Ezilen grup genellikle bir azinliktir, örnegin Avrupa tarihinin büyük bölümünde Avrupa'daki Yahudiler gibi. Gerekçe genellikle islemedikleri bir suç için iftira atilmasidir. Pogromlarin uzun ve korkunç bir tarihi vardir ve her birinin ardindan insanlarin "bir daha asla yasanmayacak" diye yemin etmelerine ragmen, bu tür katliamlar pek çok kez yasanmistir.</Text>
    </Row>
    <Row Tag="LOC_PEDIA_GOVERNMENTS_PAGE_POLICY_PATRONAGE_CHAPTER_HISTORY_PARA_1">
      <Text>Bir baskasinin çalismasini dogrudan destekleme uygulamasina patronaj denir. Patronaj, zenginligin göze çarpan bir göstergesi olabilecegi gibi, gerçekten özverili nedenlerle de gerçeklestirilebilir. Birçok büyük sanat ve edebiyat eseri, varlikli hamilerin emriyle yapilmistir.</Text>
    </Row>
    <Row Tag="LOC_PEDIA_GOVERNMENTS_PAGE_POLICY_NOBLESSE_OBLIGE_CHAPTER_HISTORY_PARA_1">
      <Text>Kelimesi kelimesine "Soylular saglar" anlamina gelen bu ifade, daha yüksek sosyal statü ve imkânlara sahip kisilerin cömert olmasi ve daha az imkânlara sahip olanlara yardimda bulunmasi gerektigi anlamina gelir. Talep edilmeden yapilan hayirseverlik her zaman veren tarafindan beklenen hürmetkar tevazu ile karsilanmaz.</Text>
    </Row>
    <!--Leaders-->
    <Row Tag="LOC_PEDIA_LEADERS_PAGE_LEADER_BLACKDEATH_SCENARIO_FRANCE_CHAPTER_HISTORY_PARA_1">
      <Text>Philip VI, Valois hanedaninin ilk Fransiz kralidir ve saltanati Ingiltere ile Yüz Yil Savaslari'nin baslamasiyla tanimlanir. Ilk icraatlarindan biri Flandre'daki bir isyani bastirmak ve Kont Louis'i yeniden tahta oturtmak oldu. Ingiltere Krali Edward III ile iliskileri iyi basladi, ancak Akitanya Dükaligi'nin statüsü ve Edward'in Philip'in vasali olup olmadigi konusunda bozuldu. Bu ve diger meseleler Yüz Yil Savaslari'ni tetikleyen olaylardan bazilariydi.</Text>
    </Row>
    <Row Tag="LOC_PEDIA_LEADERS_PAGE_LEADER_BLACKDEATH_SCENARIO_FRANCE_CHAPTER_HISTORY_PARA_2">
      <Text>Philip, Edward'i akin ve yipratma savasina tutarken, Fransa'nin zenginligi nedeniyle avantajliydi, ancak açik ve kararli savas Ingilizlerin daha lehine oldu. 1346'daki Crecy Savasi'ndan sonra, Fransiz soylulari ve müttefikleri o kadar kötü bir sekilde yok edildi ki, Fransa Estates'i daha fazla savas için ödeme yapmayi reddetti. Kara Ölüm'ün 1348'de gelisi de en az onun kadar yikiciydi ve ölenler arasinda karisi Kraliçe Joan da vardi.</Text>
    </Row>
    <Row Tag="LOC_PEDIA_LEADERS_PAGE_LEADER_BLACKDEATH_SCENARIO_ENGLAND_CHAPTER_HISTORY_PARA_1">
      <Text>Belki de Ingiltere'nin en basarili ortaçag krali olan Edward'in 50 yillik saltanatina savaslar, Parlamento'nun yükselisi ve veba salgini damgasini vurdu. Babasi Edward II, Edward III henüz bir çocukken tahttan indirildi, ancak Edward kisa sürede kendi basina hüküm sürmeye basladi.</Text>
    </Row>
    <Row Tag="LOC_PEDIA_LEADERS_PAGE_LEADER_BLACKDEATH_SCENARIO_ENGLAND_CHAPTER_HISTORY_PARA_2">
      <Text>Iskoçya ve Fransa'ya karsi savaslar yürüten Edward III ve ona bagli komutanlar (özellikle en büyük oglu Kara Prens Edward), Sluys'daki deniz savasi da dahil olmak üzere Yüz Yil Savaslari'nin en büyük Ingiliz zaferlerinin çogundan sorumluydu. Edward'in kendisi de Crecy Savasi'nda birliklere komuta etmis ve Ingiliz uzun yaylilari bir ögleden sonra Fransiz asilzadelerini kiliçtan geçirmistir.</Text>
    </Row>
    <Row Tag="LOC_PEDIA_LEADERS_PAGE_LEADER_BLACKDEATH_SCENARIO_ENGLAND_CHAPTER_HISTORY_PARA_3">
      <Text>1361'deki Kara Ölüm onun hükümdarliginin gerilemesine ve alacakaranligina isaret eder. Veba ölümü onu savasmak için gereken kaynaklardan mahrum birakti ve evde yükselen sosyal gerilimler onu hayatinin geri kalaninin çogunda mesgul etti.</Text>
    </Row>
    <Row Tag="LOC_PEDIA_LEADERS_PAGE_LEADER_BLACKDEATH_SCENARIO_CASTILE_CHAPTER_HISTORY_PARA_1">
      <Text>Adil Alfonso olarak bilinen Alfonso, Kastilya ve Leon kraliydi ve henüz bir yasindayken tahti babasi IV Ferdinand'dan devraldi. 1325'te tahta geçtikten sonra soylu aileler arasindaki çekismeleri (ve gücü) basarili bir sekilde bastirdi, Alcala de Hernares Nizamnamesi'nde önemli yasal reformlar baslatti ve Endülüs'teki Salado Nehri Savasi'nda önemli bir zafer kazanarak Marinid Berberilerine karsi savas açti.</Text>
    </Row>
    <Row Tag="LOC_PEDIA_LEADERS_PAGE_LEADER_BLACKDEATH_SCENARIO_CASTILE_CHAPTER_HISTORY_PARA_2">
      <Text>Alfonso 1350'de Cebelitarik kusatmasi sirasinda Kara Ölüm'den öldü ve saltanat oglu Zalim Peter'e geçti.</Text>
    </Row>
    <Row Tag="LOC_PEDIA_LEADERS_PAGE_LEADER_BLACKDEATH_SCENARIO_HOLY_ROMAN_EMPIRE_CHAPTER_HISTORY_PARA_1">
      <Text>Kutsal Roma Imparatoru Bavyerali Louis, Almanlarin ilk Wittelsbach imparatoruydu. Saltanatinin ilk dönemleri Habsburg ve Lüksemburg ailelerine ve onlarin imparatorluk tacina talip olmalarina karsi mücadelelerle geçti. Bu çatisma, Louis'i bir sapkin olarak aforoz eden Papa ile yan bir çatismaya dönüstü. Louis 1328 yilinda Roma'da Roma halki tarafindan Imparator olarak taçlandirildiginda bu durum biraz garip bir hal aldi. Louis'nin imparator olarak saltanati, rakiplerinin ölümü ve imparatorluktaki büyük hanedanlarin bitmek bilmeyen veraset planlarindan kaynaklanan genel yorgunlugun bir sonucu olarak sonunda güvence altina alindi.</Text>
    </Row>
    <Row Tag="LOC_PEDIA_LEADERS_PAGE_LEADER_BLACKDEATH_SCENARIO_HOLY_ROMAN_EMPIRE_CHAPTER_HISTORY_PARA_2">
      <Text>Ingiltere Krali Edward III ile ittifak halindeyken Fransa (ve Avignon'daki Papa) ile karsi karsiya geldi ve bu durum ülkesindeki siyasi durumunu daha da kötülestirdi. 1347'de Münih yakinlarinda öldügünde, Wittelsbach'lari Imparatorluk siyasetinde baskin bir hanedan olarak kurmayi basaramamisti.</Text>
    </Row>
    <Row Tag="LOC_PEDIA_CIVILIZATIONS_PAGE_CIVILIZATION_BLACKDEATH_SCENARIO_HOLY_ROMAN_EMPIRE_CHAPTER_HISTORY_PARA_1">
      <Text>Kara Ölüm sirasinda Orta Avrupa'daki en büyük siyasi yapi, hepsi de Imparatorun laik yönetimi altinda olan kralliklar, prenslikler, piskoposluklar, dükaliklar, serbest sehirler, tartismali topraklar, baronluklar ve cemaatlerden olusan çok dilli ve çok etnikli bir topluluktu. Güçlü yönetici aileler ve Papa genellikle kendi bölgeleri için etkin kontrol veya özerklik için mücadele ediyordu.</Text>
    </Row>
    <Row Tag="LOC_PEDIA_CIVILIZATIONS_PAGE_CIVILIZATION_BLACKDEATH_SCENARIO_CASTILE_CHAPTER_HISTORY_PARA_1">
      <Text>Kastilya bölgesi, bugünkü Ispanya ülkesinin merkezi alaninin büyük bir bölümünü kaplamaktadir. Ortaçag boyunca krallik genellikle Ispanya'nin güneyindeki Müslüman bölgelerle savas halindeydi. Kastilya ve komsu Leon kralliklarinin birlesmesi, Kastilya'nin Iber Yarimadasi'nda egemen güç haline gelmesine zemin hazirlayacaktir.</Text>
    </Row>
    <Row Tag="LOC_PEDIA_CIVILIZATIONS_PAGE_CIVILIZATION_BLACKDEATH_SCENARIO_ENGLAND_CHAPTER_HISTORY_PARA_1">
      <Text>Kara Ölüm sirasinda Ingiltere'yi yöneten Plantagenet ailesi hem Ingiliz hem de Fransiz tahtinda hak iddia ediyordu. Iskoçya ve Galler'e karsi askeri fetihlere girismislerdi. Zamanla Ingiltere krali, gücünü Parlamento'ya ve soylulara devretmek zorunda kaldi, bu da Ingiliz krallarinin diger Avrupa hükümdarlarina göre nispeten daha az güçlü oldugu anlamina geliyordu.</Text>
    </Row>
    <Row Tag="LOC_PEDIA_CIVILIZATIONS_PAGE_CIVILIZATION_BLACKDEATH_SCENARIO_FRANCE_CHAPTER_HISTORY_PARA_1">
      <Text>Ortaçag boyunca Fransa, Avrupa'nin en zengin ve müreffeh bölgelerinden biriydi. Bu dönemde Fransa krallari önemli miktarda topragi dogrudan kontrolleri altinda tutuyorlardi ve bu da onlari dönemin en merkezi kralliklari arasina sokuyordu.</Text>
    </Row>
  </EnglishText>
</GameData>