﻿<?xml version="1.0" encoding="utf-8"?>
<GameData>
  <EnglishText>
    <!-- Secret Societies Mode -->
    <Row Tag="LOC_GAMEMODE_SECRETSOCIETIES_NAME">
      <Text>Gizli Topluluklar Modu</Text>
    </Row>
    <Row Tag="LOC_GAMEMODE_SECRETSOCIETIES_DESCRIPTION">
      <Text>Bu oyun modu, her biri geçmişteki kurgusal veya efsanevi örgütlere dayanan dört adede kadar güçlü, gizemli ve genellikle alçak Gizli Topluluğu dünyaya ekler. İzleri Barbar Kamplarında, Kabile Köylerinde veya Şehir Devletlerine Elçiler göndererek ve Doğal Harikalar bularak bulunabilir. Alternatif olarak, diğer liderler bir Topluluğu keşfetmişse, onlarla diplomatik görünürlük seviyenizi artırarak onlar hakkında bilgi edinebilirsiniz.[NEWLINE][NEWLINE]Bir Topluluğu keşfetmek otomatik olarak ona katılmak anlamına gelmez, ancak bir şehre atanması gerekmeyen yeni bir Valinin kilidini açar. Bu vali için bir Vali Unvanı harcamak, topluma katılmak anlamına gelir ve size güçlü bonuslar verir. Ancak akıllıca seçim yapın - bu valiyi atadığınızda, oyunun geri kalanı için üyeliğinizi taahhüt etmiş olursunuz ve diğer liderler kararınıza tepki gösterecektir. Topluluğa bağlılığınızı kanıtlamak ve daha derin gizemlerinin kilidini açmak için ek Vali Unvanları harcayın.</Text>
    </Row>
    <!-- Ethiopia: Civ Info -->
    <Row Tag="LOC_CIVILIZATION_ETHIOPIA_NAME">
      <Text>Etiyopya</Text>
    </Row>
    <Row Tag="LOC_CIVILIZATION_ETHIOPIA_DESCRIPTION">
      <Text>Etiyopya İmparatorluğu</Text>
    </Row>
    <Row Tag="LOC_CIVILIZATION_ETHIOPIA_ADJECTIVE">
      <Text>Etiyopyalı</Text>
    </Row>
    <Row Tag="LOC_TRAIT_CIVILIZATION_ETHIOPIA_NAME">
      <Text>Aksumite Mirası</Text>
    </Row>
    <Row Tag="LOC_TRAIT_CIVILIZATION_ETHIOPIA_DESCRIPTION">
      <Text>Etiyopya'nın Uluslararası Ticaret Yolları, kaynaktaki kaynak başına +0,5 [ICON_Faith] İnanç verir. Geliştirilmiş kaynaklar, şehrin sahip olduğu her kopya için +1 [ICON_Faith] İnanç sağlar. Arkeoloji Müzeleri ve Arkeologları [ICON_Faith] İnanç ile satın alabilir.</Text>
    </Row>
    <Row Tag="LOC_CITY_YIELD_FROM_RESOURCES_TOOLTIP">
      <Text>{Değer : sayı +#.#;-#.#} from Kaynaklar</Text>
    </Row>
    <!-- Ethiopia: Improvement Info -->
    <Row Tag="LOC_IMPROVEMENT_ROCK_HEWN_CHURCH_NAME">
      <Text>Rock-Hewn Kilisesi</Text>
    </Row>
    <Row Tag="LOC_IMPROVEMENT_ROCK_HEWN_CHURCH_DESCRIPTION">
      <Text>Etiyopya'ya özgü bir Taştan Kilise inşa etmek için İnşaatçı yeteneğinin kilidini açar.[NEWLINE][NEWLINE]+1 [ICON_Faith] İnanç. Bitişik her Dağ ve Tepe karesi için +1 [ICON_Faith] İnanç. Uçuş araştırmasından sonra [ICON_FAITH] İnançtan [ICON_TOURISM] Turizm sağlar. +1 Cazibe. Yalnızca başka bir Kayadan Yapma Kiliseye bitişik olmayan Tepeler üzerine inşa edilebilir.</Text>
    </Row>
    <Row Tag="LOC_IMPROVEMENT_ROCK_HEWN_CHURCH_EXPANSION2_DESCRIPTION">
      <Text>Etiyopya'ya özgü bir Taştan Kilise inşa etmek için İnşaatçı yeteneğinin kilidini açar.[NEWLINE][NEWLINE]+1 [ICON_Faith] İnanç. Her bitişik Dağ ve Tepe karesi için +1 [ICON_Faith] İnanç. Uçuş araştırmasından sonra [ICON_FAITH] İnançtan [ICON_TOURISM] Turizm sağlar. +1 Cazibe. Sadece doğal afetler tarafından yağmalanabilir (asla yok edilemez). Yalnızca başka bir Kayadan Yapılmış Kiliseye bitişik olmayan Tepeler veya Volkanik Toprak üzerine inşa edilebilir.</Text>
    </Row>
    <!-- Ethiopia: Leader Info -->
    <Row Tag="LOC_LEADER_MENELIK_NAME">
      <Text>Menelik II</Text>
    </Row>
    <Row Tag="LOC_TRAIT_LEADER_MENELIK_NAME">
      <Text>Bakanlar Kurulu</Text>
    </Row>
    <Row Tag="LOC_TRAIT_LEADER_MENELIK_DESCRIPTION">
      <Text>Tepelerde kurulan şehirlerde [ICON_FAITH] İnanç üretiminizin %15'ine eşit [ICON_SCIENCE] Bilim ve [ICON_CULTURE] Kültür alın. Birimler Tepelerde +4 [ICON_STRENGTH] Savaş Gücü alır.</Text>
    </Row>
    <Row Tag="LOC_ABILITY_MENELIK_HILLS_COMBAT_NAME">
      <Text>Etiyopya Yaylaları</Text>
    </Row>
    <Row Tag="LOC_ABILITY_MENELIK_HILLS_COMBAT_DESCRIPTION">
      <Text>+4 [ICON_Strength] Tepelerde Savaş Gücü (Bakanlar Kurulu)</Text>
    </Row>
    <Row Tag="LOC_ABILITY_MENELIK_HILLS_COMBAT_STRENGTH_DESCRIPTION">
      <Text>+{1_Amount} [ICON_Strength] Muharebe Gücü (Bakanlar Kurulu)</Text>
    </Row>
    <!-- Ethiopia: Unit Info -->
    <Row Tag="LOC_UNIT_ETHIOPIAN_OROMO_CAVALRY_NAME">
      <Text>Oromo Süvarileri</Text>
    </Row>
    <Row Tag="LOC_UNIT_ETHIOPIAN_OROMO_CAVALRY_DESCRIPTION">
      <Text>Etiyopya'ya özgü Ortaçağ dönemi hafif süvari birliği. Ek görüşe sahiptir ve Tepelerde hareket etmekten [ICON_Movement] Hareket cezası almaz.</Text>
    </Row>
    <Row Tag="LOC_UNIT_ETHIOPIAN_OROMO_CAVALRY_EXPANSION2_DESCRIPTION">
      <Text>Etiyopya'ya özgü Ortaçağ dönemi hafif süvari birliği. Yerini aldığı Courser'den daha güçlü ve daha iyi görüşe sahiptir. Tepelerde hareket ederken [ICON_Movement] Hareket cezası almaz.</Text>
    </Row>
    <Row Tag="LOC_ABILITY_ETHIOPIAN_OROMO_CAVALRY_NAME">
      <Text>Oromo Süvarileri</Text>
    </Row>
    <Row Tag="LOC_ABILITY_ETHIOPIAN_OROMO_CAVALRY_DESCRIPTION">
      <Text>Tepelerde hareket etmekten dolayı hareket cezası almaz.</Text>
    </Row>
    <!-- Ethiopia: Agenda Info -->
    <Row Tag="LOC_DIPLO_MODIFIER_ETHIOPIAN_HIGHLANDS">
      <Text>Menelik şehirlerinizi tepelerden uzakta kurmanızı istiyor.</Text>
    </Row>
    <Row Tag="LOC_TOOLTIP_SAMPLE_DIPLOMACY_ETHIOPIAN_HIGHLANDS_POSITIVE">
      <Text>Menelik, yaylaları ona bırakmanızdan memnun.</Text>
    </Row>
    <Row Tag="LOC_TOOLTIP_SAMPLE_DIPLOMACY_ETHIOPIAN_HIGHLANDS_NEGATIVE">
      <Text>Menelik, tepeler için onunla rekabet ettiğin için üzgün.</Text>
    </Row>
    <Row Tag="LOC_TOOLTIP_SAMPLE_DIPLOMACY_ETHIOPIAN_HIGHLANDS">
      <Text>Tepelerden uzaklara yerleşenleri sever</Text>
    </Row>
    <Row Tag="LOC_AGENDA_ETHIOPIAN_HIGHLANDS_NAME">
      <Text>Etiyopya Yaylaları</Text>
    </Row>
    <Row Tag="LOC_AGENDA_ETHIOPIAN_HIGHLANDS_DESCRIPTION">
      <Text>Mümkünse Tepelerin üzerinde ve çevresinde inşa etmekten hoşlanır ve Tepelerin yakınındaki alanları kendisine bırakan diğer medeniyetleri sever. Tepelerin üzerine ve çevresine yerleşen ve inşa edenlerden hoşlanmaz.</Text>
    </Row>
    <!-- Ethiopia: Fawn of Man -->
    <Row Tag="LOC_LOADING_INFO_LEADER_MENELIK">
      <Text>Menelik II, büyük Kral ve İmparator, halkınız için bir vizyonunuz var. Hem dostluklar hem de fabrikalar, ittifaklar ve demiryolları inşa edecek ve Etiyopya'yı parlak ve özgür bir geleceğe taşımak için aklınızı ve bilgeliğinizi kullanacaksınız.</Text>
    </Row>
  </EnglishText>
</GameData>