﻿<?xml version="1.0" encoding="utf-8"?>
<GameData>
  <EnglishText>
    <Row Tag="LOC_BUILDING_CONSULATE_NAME">
      <Text>Konsolosluk</Text>
    </Row>
    <Row Tag="LOC_BUILDING_CHANCERY_NAME">
      <Text>Şansölyelik</Text>
    </Row>
    <Row Tag="LOC_BUILDING_CONSULATE_DESCRIPTION">
      <Text>Tur başına +2 Nüfuz Puanı. Düşman Spy'ın seviyesi, bu şehri veya ordugahlı şehirleri hedef aldığında 1 azalır.</Text>
    </Row>
    <Row Tag="LOC_BUILDING_CHANCERY_DESCRIPTION">
      <Text>Tur başına +3 Etki Puanı.  Bu uygarlık bir düşman Spy'ı ele geçirdiğinde veya öldürdüğünde, düşman Spy'ın her seviyesi için 50 [ICON_Science] Bilim alır.</Text>
    </Row>
    <!--City-States changed by these buildings-->
    <Row Tag="LOC_MINOR_CIV_SCIENTIFIC_TRAIT_SMALL_INFLUENCE_BONUS">
      <Text>[ICON_Capital] Başkentinizde +2 [ICON_Science] Bilim.</Text>
    </Row>
    <Row Tag="LOC_MINOR_CIV_SCIENTIFIC_TRAIT_MEDIUM_INFLUENCE_BONUS">
      <Text>+2 [ICON_Science] Her Kampüs bölgesinde bilim.</Text>
    </Row>
    <Row Tag="LOC_MINOR_CIV_SCIENTIFIC_TRAIT_LARGE_INFLUENCE_BONUS">
      <Text>Her Kampüs bölgesinde ek +2 [ICON_Science] Bilim.</Text>
    </Row>
    <Row Tag="LOC_MINOR_CIV_RELIGIOUS_TRAIT_SMALL_INFLUENCE_BONUS">
      <Text>+2 [ICON_Faith] Başkente İnanç [ICON_Capital].</Text>
    </Row>
    <Row Tag="LOC_MINOR_CIV_RELIGIOUS_TRAIT_MEDIUM_INFLUENCE_BONUS">
      <Text>+2 [ICON_Faith] Her Kutsal Alan bölgesinde inanç.</Text>
    </Row>
    <Row Tag="LOC_MINOR_CIV_RELIGIOUS_TRAIT_LARGE_INFLUENCE_BONUS">
      <Text>Her Kutsal Alan bölgesinde ilave +2 [ICON_Faith] İnanç.</Text>
    </Row>
    <Row Tag="LOC_MINOR_CIV_TRADE_TRAIT_SMALL_INFLUENCE_BONUS">
      <Text>Başkentte +4 [ICON_Gold] Altın [ICON_Capital].</Text>
    </Row>
    <Row Tag="LOC_MINOR_CIV_TRADE_TRAIT_MEDIUM_INFLUENCE_BONUS">
      <Text>Her Ticari Merkez bölgesinde +4 [ICON_Gold] Altın.</Text>
    </Row>
    <Row Tag="LOC_MINOR_CIV_TRADE_TRAIT_LARGE_INFLUENCE_BONUS">
      <Text>Her Ticari Merkez bölgesinde ilave +4 [ICON_Gold] Altın.</Text>
    </Row>
    <Row Tag="LOC_MINOR_CIV_CULTURAL_TRAIT_SMALL_INFLUENCE_BONUS">
      <Text>+2 [ICON_Culture] Başkentte [ICON_Capital] Kültür.</Text>
    </Row>
    <Row Tag="LOC_MINOR_CIV_CULTURAL_TRAIT_MEDIUM_INFLUENCE_BONUS">
      <Text>+2 [ICON_Culture] Her Tiyatro Meydanı bölgesinde kültür.</Text>
    </Row>
    <Row Tag="LOC_MINOR_CIV_CULTURAL_TRAIT_LARGE_INFLUENCE_BONUS">
      <Text>Ek +2 [ICON_Culture] Her Tiyatro Meydanı bölgesinde kültür.</Text>
    </Row>
    <Row Tag="LOC_MINOR_CIV_MILITARISTIC_TRAIT_SMALL_INFLUENCE_BONUS">
      <Text>+2 [ICON_Production] Birim üretirken [ICON_Capital] Sermayedeki üretim.</Text>
    </Row>
    <Row Tag="LOC_MINOR_CIV_MILITARISTIC_TRAIT_MEDIUM_INFLUENCE_BONUS">
      <Text>Birim üretirken her Kamp bölgesinde +2 [ICON_Production] Üretim.</Text>
    </Row>
    <Row Tag="LOC_MINOR_CIV_MILITARISTIC_TRAIT_LARGE_INFLUENCE_BONUS">
      <Text>Birim üretirken her Kamp bölgesinde ilave +2 [ICON_Production] Üretim.</Text>
    </Row>
    <Row Tag="LOC_MINOR_CIV_INDUSTRIAL_TRAIT_SMALL_INFLUENCE_BONUS">
      <Text>Harikalar, binalar ve semtler üretirken [ICON_Capital] Başkentte +2 [ICON_Production] Üretim.</Text>
    </Row>
    <Row Tag="LOC_MINOR_CIV_INDUSTRIAL_TRAIT_MEDIUM_INFLUENCE_BONUS">
      <Text>+2 [ICON_Production] Harikalar, binalar ve bölgeler üretirken her Sanayi Bölgesi bölgesinde üretim.</Text>
    </Row>
    <Row Tag="LOC_MINOR_CIV_INDUSTRIAL_TRAIT_LARGE_INFLUENCE_BONUS">
      <Text>Her Sanayi Bölgesi bölgesinde harikalar, binalar ve semtler üretirken ek +2 [ICON_Production] Üretim.</Text>
    </Row>
    <Row Tag="LOC_GOVT_INHERENT_BONUS_AUTOCRACY_ETHIOPIA">
      <Text>Bir şehirdeki her Hükümet Meydanı binası, Diplomatik Bölge binası ve saray için tüm verimlere +1.</Text>
    </Row>
  </EnglishText>
</GameData>