﻿<?xml version="1.0" encoding="utf-8"?>
<GameData>
  <EnglishText>
    <Row Tag="LOC_DISTRICT_DIPLOMATIC_QUARTER_NAME">
      <Text>Diplomatik Mahalle</Text>
    </Row>
    <Row Tag="LOC_DISTRICT_DIPLOMATIC_QUARTER_DESCRIPTION">
      <Text>Uygarlığınız, diplomasi yoluyla yabancı bir uygarlıktan gelen her Delegasyon veya Elçilik için +1 [ICON_CULTURE] Kültür alır. Şehir merkezinin yanına inşa edilirse +1 [ICON_ENVOY] Elçi. Düşman Casusları bu bölgeyi ve komşu bölgeleri hedef alarak normalin 2 seviye altında çalışır.  İmparatorluğunuzda aynı anda sadece 1 tane bulunabilir.</Text>
    </Row>
    <Row Tag="LOC_DISTRICT_DIPLOMATIC_QUARTER_EXPANSION2_DESCRIPTION">
      <Text>Uygarlığınız, diplomasi yoluyla yabancı bir uygarlıktan gelen her Delegasyon veya Elçilik için +1 [ICON_FAVOR] Diplomatik İyilik alır. Şehir merkezinin yanına inşa edilirse +1 [ICON_ENVOY] Elçi. Düşman Casusları bu bölgeyi ve komşu bölgeleri hedef alarak normalin 2 seviye altında faaliyet gösterir. İmparatorluğunuzda aynı anda sadece 1 tane bulunabilir.</Text>
    </Row>
  </EnglishText>
</GameData>