﻿<?xml version="1.0" encoding="utf-8"?>
<!-- edited with XMLSPY v2004 rel. 2 U (http://www.xmlspy.com) by Ed Beach (Firaxis Games) -->
<GameData>
  <EnglishText>
    <Row Tag="LOC_SECRETSOCIETY">
      <Text>Gizli Toplum</Text>
    </Row>
    <Row Tag="LOC_SECRETSOCIETY_DIPLO_NONE_NAME">
      <Text>Hiçbiri</Text>
    </Row>
    <Row Tag="LOC_SECRETSOCIETY_DIPLO_UNKNOWN_NAME">
      <Text>Bilinmiyor</Text>
    </Row>
    <Row Tag="LOC_SECRETSOCIETY_DIPLO_UNKNOWN_DESCRIPTION">
      <Text>Bu lider henüz keşfedemediğimiz bir Gizli Topluluğun üyesi. Onunla temas kurduğumuzda, üyeleri ortaya çıkacak.</Text>
    </Row>
    <Row Tag="LOC_GOVERNOR_PROMOTION_UNKNOWN_NAME">
      <Text>???</Text>
    </Row>
    <Row Tag="LOC_GOVERNOR_PROMOTION_UNKNOWN_DESCRIPTION">
      <Text>Daha derin gizemler henüz açığa çıkmadı. Önce bağlılığımızı göstermeliyiz.</Text>
    </Row>
    <!--Notifications-->
    <Row Tag="LOC_NOTIFICATION_SECRETSOCIETY_LEADER_JOINED_MESSAGE">
      <Text>{1_LeaderOrScreenName}, {2_SecretSocietyName} ile birleşir</Text>
    </Row>
    <Row Tag="LOC_NOTIFICATION_SECRETSOCIETY_LEADER_JOINED_SUMMARY">
      <Text>{1_LeaderOrScreenName}, {2_SecretSocietyName}'ün bir üyesi haline gelmiştir.</Text>
    </Row>
    <Row Tag="LOC_NOTIFICATION_SECRETSOCIETY_LEVEL_UP_MESSAGE">
      <Text>Gizli Toplum İlerlemeleri</Text>
    </Row>
    <Row Tag="LOC_NOTIFICATION_SECRETSOCIETY_LEVEL_UP_SUMMARY">
      <Text>{1_SecretSocietyName} planı bir sonraki aşamaya ilerleyerek Vali temasınız için daha ileri bir terfinin önünü açar.</Text>
    </Row>
    <!--Diplomacy-->
    <Row Tag="LOC_TOOLTIP_SAMPLE_DIPLOMACY_SAME_SECRET_SOCIETY">
      <Text>Aynı Gizli Topluluğun Üyesi</Text>
    </Row>
    <Row Tag="LOC_TOOLTIP_SAMPLE_DIPLOMACY_DIFFERENT_SECRET_SOCIETY">
      <Text>Rakip Gizli Topluluğun Üyesi</Text>
    </Row>
    <Row Tag="LOC_DIPLO_KUDO_LEADER_ANY_REASON_STANDARD_DIPLOMATIC_SAME_SECRET_SOCIETY">
      <Text>İşaretlerinizden sizi görüyorum ve akraba olduğumuzu bilmekten memnunum.</Text>
    </Row>
    <Row Tag="LOC_DIPLO_WARNING_LEADER_ANY_REASON_STANDARD_DIPLOMATIC_DIFFERENT_SECRET_SOCIETY">
      <Text>Üzerinizde şeytanın işaretini görüyorum. Bilenler Cemiyetinizin ne olduğunu görecektir.</Text>
    </Row>
    <!--Alliances-->
    <Row Tag="LOC_ALLIANCE_POINTS_FROM_SOCIETIES">
      <Text>[NEWLINE]{1_Amount} Aynı gizli cemiyetin üyesi olmaktan gelen puanlar</Text>
    </Row>
    <!--Owls of Minerva-->
    <Row Tag="LOC_SECRETSOCIETY_OWLS_OF_MINERVA_NAME">
      <Text>Minerva'nın Baykuşları</Text>
    </Row>
    <Row Tag="LOC_SECRETSOCIETY_OWLS_OF_MINERVA_DESCRIPTION">
      <Text>Minerva'nın Baykuşları yüksek mevkili ve varlıklı kişilerden oluşan gizli bir gruptur. Hükümet, ticaret ve casusluk üzerine odaklanırlar.</Text>
    </Row>
    <Row Tag="LOC_SECRETSOCIETY_OWLS_OF_MINERVA_DISCOVERY">
      <Text>Yeni tanıştığınız biriyle sohbetiniz sembollere döner: piramitteki bir göz, iki başlı bir baykuş, kendi kuyruğunu ısıran bir yılan. "Bunlar birbirimizi tanıdığımız işaretler" diyor size. Daha sonra sizi şehrin altındaki tünellerden aşağıya, pelerinli ve hayvan maskeli figürlerle dolu, imparatorluğunuzdaki - ve ötesindeki - en zengin ve en önemli insanlardan bazıları olarak tanıdığınızı düşündüğünüz kadife örtülü bir odaya davet ediyor. "Bize katılın," diyor özenle hazırlanmış güve maskesi takmış bir kadın, sesinden zenginlik ve ayrıcalık damlıyor.</Text>
    </Row>
    <Row Tag="LOC_SECRETSOCIETY_OWLS_OF_MINERVA_MEMBERSHIP">
      <Text>Ayinler gerçekleştirildi. Kurucuların ve soylarının isimlerini okudunuz ve Baykuşların işaretlerini ezberlediniz. Bunca zaman boyunca etrafınızda ne kadar çok baykuş olduğunu görmek hayret verici. Maliye bakanınız bileğinde iki başlı bir baykuş dövmesi saklıyor; bir ipek tüccarı açık avucuna boş yere bir göz çiziyor. Artık siz de Baykuşlardansınız.</Text>
    </Row>
    <Row Tag="LOC_GOVERNOR_PROMOTION_OWLS_OF_MINERVA_1_NAME">
      <Text>Başlangıç</Text>
    </Row>
    <Row Tag="LOC_GOVERNOR_PROMOTION_OWLS_OF_MINERVA_1_DESCRIPTION">
      <Text>Bir Şehir Devletine bir [ICON_Envoy] Elçi göndererek açılır. +1 Ekonomik politika yuvası. Bir Şehir Devletine gönderilen her [ICON_TradeRoute] Ticaret Yolu oraya 1 [ICON_Envoy] Elçi kazandırır.</Text>
    </Row>
    <Row Tag="LOC_GOVERNOR_PROMOTION_OWLS_OF_MINERVA_2_NAME">
      <Text>Ritüel</Text>
    </Row>
    <Row Tag="LOC_GOVERNOR_PROMOTION_OWLS_OF_MINERVA_2_DESCRIPTION">
      <Text>Orta Çağ'da kilidi açılır. Bankanın yerine güçlü bir yapı olan Yaldızlı Kasa binasını inşa etmenizi sağlar.</Text>
    </Row>
    <Row Tag="LOC_GOVERNOR_PROMOTION_OWLS_OF_MINERVA_3_NAME">
      <Text>Endoktrinasyon</Text>
    </Row>
    <Row Tag="LOC_GOVERNOR_PROMOTION_OWLS_OF_MINERVA_3_DESCRIPTION">
      <Text>Endüstriyel Çağ'da kilidi açıldı. +1 Joker politika yuvası. +2 Casus kapasitesi. Şehirleriniz, Casusunuz kendi bölgelerindeyken tur başına +4 Sadakat ve +1 [ICON_Amenities] Dostluk kazanır.</Text>
    </Row>
    <Row Tag="LOC_GOVERNOR_PROMOTION_OWLS_OF_MINERVA_4_NAME">
      <Text>Ana Plan</Text>
    </Row>
    <Row Tag="LOC_GOVERNOR_PROMOTION_OWLS_OF_MINERVA_4_DESCRIPTION">
      <Text>Atomik Çağ'da açılır. Her turda hazinenizdeki [ICON_Gold] Altının %3'ünü gelir olarak kazanırsınız. Saldırgan bir casusluk görevi başarılı olduğunda, hedeflenen şehrin o tur kazandığı [ICON_Science] Bilim, [ICON_Culture] Kültür, [ICON_Gold] Altın ve [ICON_Faith] İnancın yarısını da kazanırsınız.</Text>
    </Row>
    <!--Hermetic Order-->
    <Row Tag="LOC_SECRETSOCIETY_HERMETIC_ORDER_NAME">
      <Text>Hermetik Düzen</Text>
    </Row>
    <Row Tag="LOC_SECRETSOCIETY_HERMETIC_ORDER_DESCRIPTION">
      <Text>Hermetik Tarikat, alışılmışın dışında bilim adamları ve simyacılardan oluşan bir topluluktur. Çalışmaları bilim, büyük insanlar ve kaynaklar üzerine odaklanır.</Text>
    </Row>
    <Row Tag="LOC_SECRETSOCIETY_HERMETIC_ORDER_DISCOVERY">
      <Text>Gezgin bir mistik sarayınızda beliriyor. Vücudu daha önce hiç görmediğiniz türden yazılarla kaplıdır; hatta semboller kendi kendilerine parlıyor gibidir. Saraylılarınıza maddenin gizli simyasal özellikleri hakkında ders vermeye başlar: cıvanın nasıl kuş seslerine doğru akmaya teşvik edilebileceği, elemental sülfürün kutsal metinlerden nasıl çıkarılabileceği ve bazı taşların ay ışığındaki gizli rezonansı hakkında. Size soruyor, "siz de şeylerin gerçek doğasını bilmek istiyor musunuz?"</Text>
    </Row>
    <Row Tag="LOC_SECRETSOCIETY_HERMETIC_ORDER_MEMBERSHIP">
      <Text>Sizin için gizli olan pek çok şey şimdi açığa çıkıyor. Madde canlıdır: metal ve taş gizli etkilerle titreşir, yıldız ışığı temel sıvıları aydınlatmak için odaklanabilir ve dünyanın kendisi enerji ve ışıkla titreşir. Sarayın bütün bir kanadı simya faaliyetleriyle dolup taşıyor ve siz ara sıra meydana gelen patlamalarla yaşamayı öğrendiniz.</Text>
    </Row>
    <Row Tag="LOC_GOVERNOR_PROMOTION_HERMETIC_ORDER_1_NAME">
      <Text>Neofit</Text>
    </Row>
    <Row Tag="LOC_GOVERNOR_PROMOTION_HERMETIC_ORDER_1_DESCRIPTION">
      <Text>Bir Doğa Harikası keşfedilerek açılır. Haritada Ley Hattı kaynağını ortaya çıkarır. Ley Hatları tüm uzmanlık bölgelerine büyük bir bitişiklik bonusu verir.</Text>
    </Row>
    <Row Tag="LOC_GOVERNOR_PROMOTION_HERMETIC_ORDER_2_NAME">
      <Text>Adept</Text>
    </Row>
    <Row Tag="LOC_GOVERNOR_PROMOTION_HERMETIC_ORDER_2_DESCRIPTION">
      <Text>Orta Çağ'da kilidi açılır. Üniversitenin yerine geçecek güçlü bir bina olan Simya Topluluğu binasını inşa etmenizi sağlar.</Text>
    </Row>
    <Row Tag="LOC_GOVERNOR_PROMOTION_HERMETIC_ORDER_3_NAME">
      <Text>Magus</Text>
    </Row>
    <Row Tag="LOC_GOVERNOR_PROMOTION_HERMETIC_ORDER_3_DESCRIPTION">
      <Text>Endüstriyel Çağ'da açılır. Kazanılan her [ICON_GreatPerson] Büyük Kişi için Ley Hatları, o [ICON_GreatPerson] Büyük Kişinin bölge türüne eşit +1 verim alır. [ICON_GreatAdmiral] Büyük Amiraller ve [ICON_GreatGeneral] Büyük Generaller +1 [ICON_Science] Bilim kazanır.</Text>
    </Row>
    <Row Tag="LOC_GOVERNOR_PROMOTION_HERMETIC_ORDER_4_NAME">
      <Text>Aiwass</Text>
    </Row>
    <Row Tag="LOC_GOVERNOR_PROMOTION_HERMETIC_ORDER_4_DESCRIPTION">
      <Text>Atomik Çağ'da açılır. Aktifken [ICON_GOLD] Altın sağlayan bir şehir projesi olan Okült Araştırmanın kilidini açar. Tamamlandığında, şehirdeki her Ley Hattı için [ICON_GreatPerson] Büyük İnsan puanı ve [ICON_SCIENCE] Bilim verir.</Text>
    </Row>
    <Row Tag="LOC_DISTRICT_LEY_LINE_CULTURE">
      <Text>+{1_num} [ICON_Culture] Bitişik Ley Hattı kaynaklarından kültür.</Text>
    </Row>
    <Row Tag="LOC_DISTRICT_LEY_LINE_FAITH">
      <Text>+{1_num} [ICON_Faith] Bitişik Ley Hattı kaynaklarından gelen inanç.</Text>
    </Row>
    <Row Tag="LOC_DISTRICT_LEY_LINE_GOLD">
      <Text>+{1_num} [ICON_Gold] Bitişik Ley Hattı kaynaklarından gelen altın.</Text>
    </Row>
    <Row Tag="LOC_DISTRICT_LEY_LINE_PRODUCTION">
      <Text>+{1_num} [ICON_PRODUCTION] Bitişik Ley Hattı kaynaklarından üretim.</Text>
    </Row>
    <Row Tag="LOC_DISTRICT_LEY_LINE_SCIENCE">
      <Text>+{1_num} [ICON_Science] Bitişik Ley Hattı kaynaklarından bilim.</Text>
    </Row>
    <!--Voidsingers-->
    <Row Tag="LOC_SECRETSOCIETY_VOIDSINGERS_NAME">
      <Text>Voidsingers</Text>
    </Row>
    <Row Tag="LOC_SECRETSOCIETY_VOIDSINGERS_DESCRIPTION">
      <Text>Voidsingers, karanlık yaşlı tanrıların nihilist bir tarikatıdır. Dine, kutsal emanetlere ve (sadakatsizliğe) odaklanırlar.</Text>
    </Row>
    <Row Tag="LOC_SECRETSOCIETY_VOIDSINGERS_DISCOVERY">
      <Text>Her şey bir deniz rüyasıyla başladı. Dalgalar kıyıya doğru yükseliyor ama kuma çarpmayı reddediyordu, suyun yüzeyi daha çok deriye benzeyen bir şeye dönüşmüştü. Altında devasa karanlık bir şekil hareket ediyordu, formu sürekli yeni uzuvlar büyütüyor ve eskilerini emiyordu. Rüzgârda, size adını fısıldayan bir şarkı vardı, insan dilleri için tasarlanmamış bir dizi hece. Ertesi gün, pazarda, boş bakışlı genç bir kestanenin aynı dilde bir şeyler mırıldandığını duyuyorsunuz.</Text>
    </Row>
    <Row Tag="LOC_SECRETSOCIETY_VOIDSINGERS_MEMBERSHIP">
      <Text>Bizim dünyamız sığ, onlarınki ise derin. Zihninizi boşluğun şarkısına açtınız ve onun gerçeğini kabul ettiniz. Kadimler uyuyor ama biz onların rüyalarını duyabiliyoruz. Delilik gibi görünen şey daha yüksek bir gerçektir. Bekliyor, denizi izliyor ve onlara övgüler düzüyoruz.</Text>
    </Row>
    <Row Tag="LOC_GOVERNOR_PROMOTION_VOIDSINGERS_1_NAME">
      <Text>Melodi</Text>
    </Row>
    <Row Tag="LOC_GOVERNOR_PROMOTION_VOIDSINGERS_1_DESCRIPTION">
      <Text>Bir Kabile Köyü keşfedilerek açılır. Anıtın güçlü bir yedeği olan Eski Tanrı Dikilitaşı binasını inşa etmenizi sağlar.</Text>
    </Row>
    <Row Tag="LOC_GOVERNOR_PROMOTION_VOIDSINGERS_2_NAME">
      <Text>Koro</Text>
    </Row>
    <Row Tag="LOC_GOVERNOR_PROMOTION_VOIDSINGERS_2_DESCRIPTION">
      <Text>Orta Çağ'da kilidi açılır. Şehirler her turda [ICON_Gold] Altın, [ICON_Science] Bilim ve [ICON_Culture] Kültür kazanırlar, bu da tur başına [ICON_Faith] İnanç oranlarının %20'sine eşittir.</Text>
    </Row>
    <Row Tag="LOC_GOVERNOR_PROMOTION_VOIDSINGERS_3_NAME">
      <Text>Canticle</Text>
    </Row>
    <Row Tag="LOC_GOVERNOR_PROMOTION_VOIDSINGERS_3_DESCRIPTION">
      <Text>Endüstriyel Çağ'da açılır. Tarikatçı biriminin kilidini açar. Bu birim [ICON_Faith] İnanç ile satın alınır ve yabancı şehirlerde Sadakati azaltmak ve [ICON_GreatWork_Relic] Boşluğun Kalıntılarını üretmek için ücret kullanır.</Text>
    </Row>
    <Row Tag="LOC_GOVERNOR_PROMOTION_VOIDSINGERS_4_NAME">
      <Text>Senfoni</Text>
    </Row>
    <Row Tag="LOC_GOVERNOR_PROMOTION_VOIDSINGERS_4_DESCRIPTION">
      <Text>Atomik Çağ'da açılır. Aktifken çok sayıda [ICON_Faith] İnanç sağlayan ve tamamlandığında Tarikatçılar tarafından verilen Sadakat hasarının miktarını artıran bir şehir projesi olan Karanlık Çağırma'nın kilidini açar.</Text>
    </Row>
    <!--Sanguine Pact-->
    <Row Tag="LOC_SECRETSOCIETY_SANGUINE_PACT_NAME">
      <Text>Sanguine Pact</Text>
    </Row>
    <Row Tag="LOC_SECRETSOCIETY_SANGUINE_PACT_DESCRIPTION">
      <Text>Sanguine Paktı'nın kana karşı sağlıksız bir iştahı vardır. Güçlü bir ordu kurmaya odaklanırlar.</Text>
    </Row>
    <Row Tag="LOC_SECRETSOCIETY_SANGUINE_PACT_DISCOVERY">
      <Text>Kız şehrin kapısında beliriyor, beyaz yüzlü ve yolda karşılaştığı karanlık bir yabancıdan, bir rüzgar ve kanat telaşından ve şimdiye kadar hissettiği en tatlı acıdan bahsediyor. Doktorlarınız onu tedavi ediyor, ancak hızla zayıflıyor gibi görünüyor. Gece çökerken, yabancı bir soylu kadın (en azından yabancı göründüğü kadar soylu bir kadına benziyor) kapınızda beliriyor. "Kız benimle," diyor, gülümsemesi şaşırtıcı derecede beyaz - ve belirgin - dişlerini ortaya çıkarıyor. "Belki beni içeri davet edebilirsiniz?"</Text>
    </Row>
    <Row Tag="LOC_SECRETSOCIETY_SANGUINE_PACT_MEMBERSHIP">
      <Text>Kırmızı kadehten içtiniz ve yeni bir yaşamın damarlarınızda dolaştığını hissettiniz. Gece yeni olasılıklar ve iştahlarla canlı görünüyor. Sarayınız gün boyunca kapalı ve sessiz duruyor, ancak gün batımından sonra yeni saray mensupları koridorları adımlıyor, ayakları giderken ses çıkarmıyor.</Text>
    </Row>
    <Row Tag="LOC_GOVERNOR_PROMOTION_SANGUINE_PACT_1_NAME">
      <Text>Lezzet</Text>
    </Row>
    <Row Tag="LOC_GOVERNOR_PROMOTION_SANGUINE_PACT_1_DESCRIPTION">
      <Text>Bir Barbar Kampını yok ederek açılır. [ICON_Capital] Başkentinizde bir Vampir birimi verir.</Text>
    </Row>
    <Row Tag="LOC_GOVERNOR_PROMOTION_SANGUINE_PACT_2_NAME">
      <Text>Yükselen Açlık</Text>
    </Row>
    <Row Tag="LOC_GOVERNOR_PROMOTION_SANGUINE_PACT_2_DESCRIPTION">
      <Text>Orta Çağ'da kilidi açılır. [ICON_Capital] Başkentinizde bir Vampir birimi verir ve Vampirlerinizin Vampir Kaleleri inşa etmesini sağlar (imparatorluk başına en fazla iki tane).</Text>
    </Row>
    <Row Tag="LOC_GOVERNOR_PROMOTION_SANGUINE_PACT_3_NAME">
      <Text>Voivode</Text>
    </Row>
    <Row Tag="LOC_GOVERNOR_PROMOTION_SANGUINE_PACT_3_DESCRIPTION">
      <Text>Endüstriyel Çağ'da açılır. [ICON_Capital] Başkentinizde bir Vampir birimi verir. Maksimum Vampir Kalesi inşasını üçe çıkarır. Vampirleriniz artık komşu düşman birimlerinin gözünü korkutarak [ICON_Strength] Savaş Güçlerini 5 azaltır. Yağmalama artık Vampirlere 1 [ICON_Movement] Harekete mal olur.</Text>
    </Row>
    <Row Tag="LOC_GOVERNOR_PROMOTION_SANGUINE_PACT_4_NAME">
      <Text>Sonsuz Gece</Text>
    </Row>
    <Row Tag="LOC_GOVERNOR_PROMOTION_SANGUINE_PACT_4_DESCRIPTION">
      <Text>Atomik Çağ'da açılır. [ICON_Capital] Başkentinizde bir Vampir birimi verir. Maksimum Vampir Kalesi inşasını dörde yükseltir. Vampir Kalelerinizin bir karesindeki birimler artık Vampir Kalelerinizden birinin yakınındaki başka bir kareye Hava İkmal yapabilir.</Text>
    </Row>
    <!--Buildings-->
    <Row Tag="LOC_BUILDING_ALCHEMICAL_SOCIETY_NAME">
      <Text>Simya Topluluğu</Text>
    </Row>
    <Row Tag="LOC_BUILDING_ALCHEMICAL_SOCIETY_DESCRIPTION">
      <Text>Hermetik Tarikat'a özgüdür, Üniversite'nin yerini alır. Bu Kampüs bölgesi [ICON_Science] Bilim bitişiklik bonusuna eşit [ICON_Gold] Altın üretir.</Text>
    </Row>
    <Row Tag="LOC_BUILDING_GILDED_VAULT_NAME">
      <Text>Yaldızlı Kasa</Text>
    </Row>
    <Row Tag="LOC_BUILDING_GILDED_VAULT_DESCRIPTION">
      <Text>Minerva'nın Baykuşlarına özgüdür, Banka'nın yerini alır. Bu Ticaret Merkezi, [ICON_Gold] Altın bitişiklik bonusuna eşit [ICON_CULTURE] Kültür üretir.  Bu şehirde bir Limana sahip olmak size +1 [ICON_TradeRoute] Ticaret Yolu kapasitesi sağlar.</Text>
    </Row>
    <Row Tag="LOC_BUILDING_OLD_GOD_OBELISK_NAME">
      <Text>Yaşlı Tanrı Dikilitaşı</Text>
    </Row>
    <Row Tag="LOC_BUILDING_OLD_GOD_OBELISK_DESCRIPTION">
      <Text>Voidsingers'a özgüdür, Anıt'ın yerini alır. Herhangi bir türde Büyük Eser barındırabilen 1 Büyük Eser yuvası içerir. Bu şehirde her tur +1 Sadakat sağlar. Şehir zaten maksimum Sadakate sahipse, ayrıca +1 [ICON_Culture] Kültür daha sağlar.</Text>
    </Row>
    <!--Improvements-->
    <Row Tag="LOC_IMPROVEMENT_VAMPIRE_CASTLE_NAME">
      <Text>Vampir Kalesi</Text>
    </Row>
    <Row Tag="LOC_IMPROVEMENT_VAMPIRE_CASTLE_DESCRIPTION">
      <Text>Oyuncuya ait ve tarafsız topraklarda bir Vampir tarafından inşa edilebilir. Karo üzerindeki birimlere Tahkimat sağlar. İnşa edildiğinde bitişik karoların verimlerini çoğaltır, Vampir Kalesi'nin karosuna ekler ve karonun verimini [ICON_Capital] Başkent şehrine verir.</Text>
    </Row>
    <!--Resources-->
    <Row Tag="LOC_RESOURCE_LEY_LINE_NAME">
      <Text>Ley Hattı</Text>
    </Row>
    <!--Units-->
    <Row Tag="LOC_UNIT_VAMPIRE_NAME">
      <Text>Vampir</Text>
    </Row>
    <Row Tag="LOC_UNIT_VAMPIRE_DESCRIPTION">
      <Text>Sanguine Paktı'na özgü savaş birimi. Şehirlerinizin ürettiği en güçlü birime eşit temel [ICON_Strength] Savaş Gücüne sahiptir. Bitişik karelerdeki birimler öldüğünde kalıcı [ICON_Strength] Savaş Gücü kazanır.  Barbar ölümlerinden gelen güç +10 ile sınırlandırılır. Öldürüldüğünde, 1 HP ile [ICON_Capital] Başkente veya en yakın Vampir Kalesine geri çekilir. Düşman karelerini yağmalayarak 50 HP daha iyileştirir, ancak pasif iyileştirmesi azalır.</Text>
    </Row>
    <Row Tag="LOC_UNIT_CULTIST_NAME">
      <Text>Tarikatçı</Text>
    </Row>
    <Row Tag="LOC_UNIT_CULTIST_DESCRIPTION">
      <Text>Voidsingers'a özgü destek birimi. Öldüğünde veya tüm yüklerini kaybettiğinde, adanmış fedakârlığı oyuncuya bir [ICON_GreatWork_Relic] Boşluğun Yadigârı kazandırır. Savaşta değilken yabancı topraklara hareket edebilir ve komşu bir yabancı şehirde Takipçi Toplamak için bir hücum kullanarak 10 Sadakat kaybetmesine neden olabilir.</Text>
    </Row>
    <Row Tag="LOC_ABILITY_SPREAD_DISSENT_NAME">
      <Text>Takipçi Kazanın</Text>
    </Row>
    <Row Tag="LOC_ABILITY_SPREAD_DISSENT_DESCRIPTION">
      <Text>Komşu bir düşman şehrinde Takipçi toplayarak şehrin 10 Sadakat kaybetmesine neden olabilir. Karanlık Çağırma şehri projesinin kilidi açıldığında, bu eylem tamamlanan her proje için 2 Sadakat hasarı daha verir ve toplamda en fazla 30'a ulaşır.</Text>
    </Row>
    <Row Tag="LOC_UNITCOMMAND_SPREAD_DISSENT_DESCRIPTION">
      <Text>Takipçi Kazanın</Text>
    </Row>
    <Row Tag="LOC_UNITCOMMAND_SPREAD_DISSENT_FAILURE_REQUIRES_ENEMY_CITY">
      <Text>Bir düşman Şehir Merkezine komşu olmalıdır</Text>
    </Row>
    <Row Tag="LOC_ABILITY_CULTIST_RELIC_ON_DEATH_NAME">
      <Text>Fedakarlık</Text>
    </Row>
    <Row Tag="LOC_ABILITY_CULTIST_RELIC_ON_DEATH_DESCRIPTION">
      <Text>Öldüğünde veya tüm yüklerini kaybettiğinde, sahibine bir [ICON_GreatWork_Relic] Boşluğun Yadigârı verilir.</Text>
    </Row>
    <Row Tag="LOC_ABILITY_CULTIST_ENTER_FOREIGN_LANDS_DESCRIPTION">
      <Text>Savaşta değilken yabancı topraklara girebilir.</Text>
    </Row>
    <Row Tag="SANGUINE_PACT_VAMPIRE_COMBAT_STRENGTH_DESC">
      <Text>Vampir yakınında ölen birimlerden +{Property}</Text>
    </Row>
    <Row Tag="SANGUINE_PACT_VAMPIRE_BARB_COMBAT_STRENGTH_DESC">
      <Text>Vampir yakınında ölen barbarlardan +{Property}</Text>
    </Row>
    <Row Tag="SANGUINE_PACT_VAMPIRE_INIMIDATE_DESC">
      <Text>{1_Amount} yakındaki bir Vampirden</Text>
    </Row>
    <!--Notifications -->
    <!--Change "Holy Relic" to "Relic" for Secret Societies mode, as our new relics in this mode aren't holy -->
    <Replace Tag="LOC_NOTIFICATION_RELIC_CREATED_SUMMARY">
      <Text>The [ICON_GreatWork_Relic] Relic {1_RelicName} has been placed in the {2_BuildingName} in {3_CityName}.</Text>
    </Replace>
    <!--Projects-->
    <Row Tag="LOC_PROJECT_OCCULT_RESEARCH_NAME">
      <Text>Okült Araştırma</Text>
    </Row>
    <Row Tag="LOC_PROJECT_OCCULT_RESEARCH_SHORT_NAME">
      <Text>Okült Araştırma</Text>
    </Row>
    <Row Tag="LOC_PROJECT_OCCULT_RESEARCH_DESCRIPTION">
      <Text>Her turda [ICON_Gold] Altın sağlayan proje. Bu şehirdeki Ley Hattı başına [ICON_SCIENCE] Bilim ve tamamlandığında [ICON_GreatScientist] Büyük Bilim İnsanı, [ICON_GreatMerchant] Büyük Tüccar ve [ICON_GreatEngineer] Büyük Mühendis puanı kazanın. Bu proje bir Kampüs bölgesi gerektirir.</Text>
    </Row>
    <Row Tag="LOC_PROJECT_DARK_SUMMONING_NAME">
      <Text>Karanlık Çağırma</Text>
    </Row>
    <Row Tag="LOC_PROJECT_DARK_SUMMONING_SHORT_NAME">
      <Text>Karanlık Çağırma</Text>
    </Row>
    <Row Tag="LOC_PROJECT_DARK_SUMMONING_DESCRIPTION">
      <Text>Her turda çok sayıda [ICON_Faith] İnanç sağlayan proje. Tamamlandığında Tarikatçılar tarafından verilen Sadakat hasarı miktarını 2 artırır (maksimum 30'a kadar). Bu proje bir Eski Tanrı Dikilitaşı binası gerektirir.</Text>
    </Row>
    <!--Secret Society Popup-->
    <Row Tag="LOC_DISCOVERED_SOCIETY">
      <Text>{1_SocietyName} Keşfedildi</Text>
    </Row>
    <Row Tag="LOC_DISCOVERED_SOCIETY_FIRST_DESC">
      <Text>{2_SocietyIconString} {1_SocietyName} adlı gizemli bir topluluğu keşfettiniz ve 1 [Icon_Governor] Vali Unvanı kazandınız.</Text>
    </Row>
    <Row Tag="LOC_DISCOVERED_SOCIETY_SUBSEQUENT_DESC">
      <Text>{2_SocietyIconString} {1_SocietyName} adında gizemli bir topluluk keşfettiniz.</Text>
    </Row>
    <Row Tag="LOC_DISCOVERED_SOCIETY_WHILE_MEMBER_OF_ANOTHER">
      <Text>Gölgelerdeki adam sizi çağırıyor ve size {1_SocietyName}'ün harikalarını göstermeyi teklif ediyor. Çok geç, bilmiş sırıtışınızı görüyor ve sizi {2_MemberSocietyName}'ün bir üyesi olarak tanıyor. Aptallığı yüzünden, grubunun üyelerini tanıdığı gizli işaretleri ağzından kaçırmıştır ve siz onları görür görmez tanıyabilirsiniz.</Text>
    </Row>
    <Row Tag="LOC_JOINED_SOCIETY">
      <Text>{1_SocietyName} Katıldım</Text>
    </Row>
    <Row Tag="LOC_JOINED_SOCIETY_DESC">
      <Text>{2_SocietyIconString} {1_SocietyName} adlı bir topluluğa katıldınız.</Text>
    </Row>
    <Row Tag="LOC_GO_TO_GOVERNORS">
      <Text>Valiler Ekranına Git</Text>
    </Row>
    <!--Relics of the Void-->
    <Row Tag="LOC_GREATWORK_VOIDSIGNERS_RELIC_1_NAME">
      <Text>Yutan Meleğin Kalıntısı</Text>
    </Row>
    <Row Tag="LOC_GREATWORK_VOIDSIGNERS_RELIC_2_NAME">
      <Text>Mantar Sporu</Text>
    </Row>
    <Row Tag="LOC_GREATWORK_VOIDSIGNERS_RELIC_3_NAME">
      <Text>Akkorokamui'nin Parçası</Text>
    </Row>
    <Row Tag="LOC_GREATWORK_VOIDSIGNERS_RELIC_4_NAME">
      <Text>Siyah Keçi Boynuzu</Text>
    </Row>
    <Row Tag="LOC_GREATWORK_VOIDSIGNERS_RELIC_5_NAME">
      <Text>Temel Taşı</Text>
    </Row>
    <Row Tag="LOC_GREATWORK_VOIDSIGNERS_RELIC_6_NAME">
      <Text>Görmeyen Solucan'ın Kalıntısı</Text>
    </Row>
    <Row Tag="LOC_GREATWORK_VOIDSIGNERS_RELIC_7_NAME">
      <Text>Yog-Sothoth'un Parçası</Text>
    </Row>
    <Row Tag="LOC_GREATWORK_VOIDSIGNERS_RELIC_8_NAME">
      <Text>Azathoth'un Çocuğu</Text>
    </Row>
    <Row Tag="LOC_GREATWORK_VOIDSIGNERS_RELIC_9_NAME">
      <Text>Boğulanların Korosu</Text>
    </Row>
    <Row Tag="LOC_GREATWORK_VOIDSIGNERS_RELIC_10_NAME">
      <Text>Nyarlathotep'in Gemisi</Text>
    </Row>
    <Row Tag="LOC_GREATWORK_VOIDSIGNERS_RELIC_11_NAME">
      <Text>Rangda'nın Kadehi</Text>
    </Row>
    <Row Tag="LOC_GREATWORK_VOIDSIGNERS_RELIC_12_NAME">
      <Text>Yıldız Yumurtası Kupası</Text>
    </Row>
    <Row Tag="LOC_GREATWORK_VOIDSIGNERS_RELIC_13_NAME">
      <Text>Şarkı Söyleyen Solucan</Text>
    </Row>
    <Row Tag="LOC_GREATWORK_VOIDSIGNERS_RELIC_14_NAME">
      <Text>Rüya Yiyen</Text>
    </Row>
    <Row Tag="LOC_GREATWORK_VOIDSIGNERS_RELIC_15_NAME">
      <Text>Çığlık Atan Çiçekler</Text>
    </Row>
    <Row Tag="LOC_GREATWORK_VOIDSIGNERS_RELIC_16_NAME">
      <Text>Sevgisizler</Text>
    </Row>
    <Row Tag="LOC_GREATWORK_VOIDSIGNERS_RELIC_17_NAME">
      <Text>Dagon'un Kubbesi</Text>
    </Row>
    <Row Tag="LOC_GREATWORK_VOIDSIGNERS_RELIC_18_NAME">
      <Text>Ölü İsimler Kitabı</Text>
    </Row>
    <Row Tag="LOC_GREATWORK_VOIDSIGNERS_RELIC_19_NAME">
      <Text>Sol El Sutrası</Text>
    </Row>
    <Row Tag="LOC_GREATWORK_VOIDSIGNERS_RELIC_20_NAME">
      <Text>Kumanthong için Talimatlar</Text>
    </Row>
    <Row Tag="LOC_GREATWORK_VOIDSIGNERS_RELIC_21_NAME">
      <Text>Solucanın Öğretileri</Text>
    </Row>
    <Row Tag="LOC_GREATWORK_VOIDSIGNERS_RELIC_22_NAME">
      <Text>Kör Bir Astronomun Anıları</Text>
    </Row>
    <Row Tag="LOC_GREATWORK_VOIDSIGNERS_RELIC_23_NAME">
      <Text>Gelecek Yılın Hayallerinin Günlüğü</Text>
    </Row>
    <Row Tag="LOC_GREATWORK_VOIDSIGNERS_RELIC_24_NAME">
      <Text>İnişin Kroniği</Text>
    </Row>
    <Row Tag="LOC_GREATWORK_VOIDSIGNERS_RELIC_25_NAME">
      <Text>İpucu Rehberi: Uygarlık II</Text>
    </Row>
    <!--Vampire Names-->
    <Row Tag="LOC_UNITNAME_PREFIX_CARMILLA">
      <Text>Carmilla</Text>
    </Row>
    <Row Tag="LOC_UNITNAME_PREFIX_CHRISTABEL">
      <Text>Christabel</Text>
    </Row>
    <Row Tag="LOC_UNITNAME_PREFIX_COUNT">
      <Text>Saymak</Text>
    </Row>
    <Row Tag="LOC_UNITNAME_PREFIX_VLAD">
      <Text>Vlad</Text>
    </Row>
    <Row Tag="LOC_UNITNAME_PREFIX_LENORE">
      <Text>Lenore</Text>
    </Row>
    <Row Tag="LOC_UNITNAME_PREFIX_LORD">
      <Text>Lordum</Text>
    </Row>
    <Row Tag="LOC_UNITNAME_PREFIX_ONEIZA">
      <Text>Oneiza</Text>
    </Row>
    <Row Tag="LOC_UNITNAME_PREFIX_LUDMILLA">
      <Text>Ludmilla</Text>
    </Row>
    <Row Tag="LOC_UNITNAME_PREFIX_SAVA">
      <Text>Sava</Text>
    </Row>
    <Row Tag="LOC_UNITNAME_PREFIX_BARON">
      <Text>Baron</Text>
    </Row>
    <Row Tag="LOC_UNITNAME_PREFIX_LODIN">
      <Text>Lodin</Text>
    </Row>
    <Row Tag="LOC_UNITNAME_PREFIX_LADY">
      <Text>Hanımefendi</Text>
    </Row>
    <Row Tag="LOC_UNITNAME_PREFIX_MARQUIS">
      <Text>Marquis</Text>
    </Row>
    <Row Tag="LOC_UNITNAME_PREFIX_COUNTESS">
      <Text>Kontes</Text>
    </Row>
    <Row Tag="LOC_UNITNAME_PREFIX_PETAR">
      <Text>Petar</Text>
    </Row>
    <Row Tag="LOC_UNITNAME_PREFIX_DUKE">
      <Text>Duke</Text>
    </Row>
    <Row Tag="LOC_UNITNAME_PREFIX_GRAF">
      <Text>Graf</Text>
    </Row>
    <Row Tag="LOC_UNITNAME_PREFIX_DOM">
      <Text>Dom</Text>
    </Row>
    <Row Tag="LOC_UNITNAME_PREFIX_MASTER">
      <Text>Usta</Text>
    </Row>
    <Row Tag="LOC_UNITNAME_PREFIX_VOIVODE">
      <Text>Voivode</Text>
    </Row>
    <Row Tag="LOC_UNITNAME_PREFIX_BARONESS">
      <Text>Barones</Text>
    </Row>
    <Row Tag="LOC_UNITNAME_PREFIX_WOLFGANG">
      <Text>Wolfgang</Text>
    </Row>
    <Row Tag="LOC_UNITNAME_PREFIX_BOYAR">
      <Text>Boyar</Text>
    </Row>
    <Row Tag="LOC_UNITNAME_PREFIX_SHERIDAN">
      <Text>Sheridan</Text>
    </Row>
    <Row Tag="LOC_UNITNAME_PREFIX_DUCHESS">
      <Text>Düşes</Text>
    </Row>
    <Row Tag="LOC_UNITNAME_SUFFIX_LE_FANU">
      <Text>Le Fanu</Text>
    </Row>
    <Row Tag="LOC_UNITNAME_SUFFIX_COLERIDGE">
      <Text>Coleridge</Text>
    </Row>
    <Row Tag="LOC_UNITNAME_SUFFIX_VARNEY">
      <Text>Varney</Text>
    </Row>
    <Row Tag="LOC_UNITNAME_SUFFIX_TEPES">
      <Text>Tepes</Text>
    </Row>
    <Row Tag="LOC_UNITNAME_SUFFIX_RUTHVEN">
      <Text>Ruthven</Text>
    </Row>
    <Row Tag="LOC_UNITNAME_SUFFIX_WESTERNA">
      <Text>Westenra</Text>
    </Row>
    <Row Tag="LOC_UNITNAME_SUFFIX_ORLOK">
      <Text>Orlok</Text>
    </Row>
    <Row Tag="LOC_UNITNAME_SUFFIX_BATHORY">
      <Text>Bathory</Text>
    </Row>
    <Row Tag="LOC_UNITNAME_SUFFIX_SAVANOVIK">
      <Text>Savanovik</Text>
    </Row>
    <Row Tag="LOC_UNITNAME_SUFFIX_ZAROVICH">
      <Text>Zarovich</Text>
    </Row>
    <Row Tag="LOC_UNITNAME_SUFFIX_KROV">
      <Text>Krov</Text>
    </Row>
    <Row Tag="LOC_UNITNAME_SUFFIX_VON_TOD">
      <Text>Von Tod</Text>
    </Row>
    <Row Tag="LOC_UNITNAME_SUFFIX_HARKER">
      <Text>Harker</Text>
    </Row>
    <Row Tag="LOC_UNITNAME_SUFFIX_DAVOVICH">
      <Text>Davovich</Text>
    </Row>
    <Row Tag="LOC_UNITNAME_SUFFIX_BLAGOJEVIC">
      <Text>Blagojevic</Text>
    </Row>
    <Row Tag="LOC_UNITNAME_SUFFIX_PEUCHEN">
      <Text>Peuchen</Text>
    </Row>
    <Row Tag="LOC_UNITNAME_SUFFIX_KRASEU">
      <Text>Kraseu</Text>
    </Row>
    <Row Tag="LOC_UNITNAME_SUFFIX_VOLTAIRE">
      <Text>Voltaire</Text>
    </Row>
    <Row Tag="LOC_UNITNAME_SUFFIX_ALLATIUS">
      <Text>Allatius</Text>
    </Row>
    <Row Tag="LOC_UNITNAME_SUFFIX_KIKUCHI">
      <Text>Kikuchi</Text>
    </Row>
    <Row Tag="LOC_UNITNAME_SUFFIX_LAMORTE">
      <Text>Lamorte</Text>
    </Row>
    <Row Tag="LOC_UNITNAME_SUFFIX_LANOCHE">
      <Text>Lanoche</Text>
    </Row>
    <Row Tag="LOC_UNITNAME_SUFFIX_STOKER">
      <Text>Stoker</Text>
    </Row>
    <Row Tag="LOC_UNITNAME_SUFFIX_BYRON">
      <Text>Byron</Text>
    </Row>
    <Row Tag="LOC_UNITNAME_SUFFIX_SHELLEY">
      <Text>Shelley</Text>
    </Row>
    <!-- Diplomatic texts -->
    <Row Tag="LOC_DIPLO_DENOUNCE_REASON_FROM_AI_LEADER_ANY_REASON_STANDARD_DIPLOMATIC_DIFFERENT_SECRET_SOCIETY">
      <Text>(Farklı gizli topluluklara aitsiniz.)</Text>
    </Row>
  </EnglishText>
</GameData>