﻿<?xml version="1.0" encoding="utf-8"?>
<!-- edited with XMLSPY v2004 rel. 2 U (http://www.xmlspy.com) by Scott Lewis (Firaxis Games) -->
<GameData>
  <Language_en_US>
    <Row Tag="TXT_KEY_SPY_NAME_BABYLON_0">
      <Text>Rim-Sin II</Text>
    </Row>
    <Row Tag="TXT_KEY_SPY_NAME_BABYLON_1">
      <Text>Smerdis</Text>
    </Row>
    <Row Tag="TXT_KEY_SPY_NAME_BABYLON_2">
      <Text>Ilum-ma-ili</Text>
    </Row>
    <Row Tag="TXT_KEY_SPY_NAME_BABYLON_3">
      <Text>Peshgaldaramesh</Text>
    </Row>
    <Row Tag="TXT_KEY_SPY_NAME_BABYLON_4">
      <Text>Ur-zigurumaš</Text>
    </Row>
    <Row Tag="TXT_KEY_SPY_NAME_BABYLON_5">
      <Text>Semiramis kadinsi</Text>
      <Gender>feminine</Gender>
    </Row>
    <Row Tag="TXT_KEY_SPY_NAME_BABYLON_6">
      <Text>Em kadinsi</Text>
      <Gender>feminine</Gender>
    </Row>
    <Row Tag="TXT_KEY_SPY_NAME_BABYLON_7">
      <Text>Ishtar kadinsi</Text>
      <Gender>feminine</Gender>
    </Row>
    <Row Tag="TXT_KEY_SPY_NAME_BABYLON_8">
      <Text>Bilit Taauth kadinsi</Text>
      <Gender>feminine</Gender>
    </Row>
    <Row Tag="TXT_KEY_SPY_NAME_BABYLON_9">
      <Text>Aruru kadinsi</Text>
      <Gender>feminine</Gender>
    </Row>
  </Language_en_US>
</GameData>