﻿<?xml version="1.0" encoding="utf-8"?>
<!-- edited with XMLSPY v2004 rel. 2 U (http://www.xmlspy.com) by Ed Beach (Firaxis Games) -->
<GameData>
  <EnglishText>
    <Row Tag="LOC_UNITOPERATION_CAUSE_DISASTER_DESCRIPTION">
      <Text>Felakete Neden Olmak</Text>
    </Row>
    <Row Tag="LOC_UNITOPERATION_SACRIFICE_UNIT_DESCRIPTION">
      <Text>Bitişik Birimi Feda Et</Text>
    </Row>
    <!-- promotions class -->
    <Row Tag="LOC_PROMOTION_CLASS_SOOTHSAYER_NAME">
      <Text>Kâhin</Text>
    </Row>
    <!-- promotions -->
    <Row Tag="LOC_PROMOTION_SOOTHSAYER_MESSENGER_NAME">
      <Text>Haberci</Text>
    </Row>
    <Row Tag="LOC_PROMOTION_SOOTHSAYER_INQUISITOR_NAME">
      <Text>Inquisitor</Text>
    </Row>
    <Row Tag="LOC_PROMOTION_SOOTHSAYER_ZEALOT_NAME">
      <Text>Zealot</Text>
    </Row>
    <Row Tag="LOC_PROMOTION_SOOTHSAYER_INCANTATION_NAME">
      <Text>Büyü</Text>
    </Row>
    <Row Tag="LOC_PROMOTION_SOOTHSAYER_PLAGUE_BEARER_NAME">
      <Text>Veba Taşıyıcısı</Text>
    </Row>
    <!-- promotion descrips -->
    <Row Tag="LOC_PROMOTION_SOOTHSAYER_MESSENGER_DESCRIPTION">
      <Text>+1 Hücum, +2 [ICON_Movement] Hareket.</Text>
    </Row>
    <Row Tag="LOC_PROMOTION_SOOTHSAYER_INQUISITOR_DESCRIPTION">
      <Text>+1 Hücum, Gizlilik kazanır.</Text>
    </Row>
    <Row Tag="LOC_PROMOTION_SOOTHSAYER_ZEALOT_DESCRIPTION">
      <Text>+2 Ücret.</Text>
    </Row>
    <Row Tag="LOC_PROMOTION_SOOTHSAYER_INCANTATION_DESCRIPTION">
      <Text>+1 Hücum. Bitişik birimler +5 [ICON_Strength] Savaş Gücü kazanır.</Text>
    </Row>
    <Row Tag="LOC_PROMOTION_SOOTHSAYER_PLAGUE_BEARER_DESCRIPTION">
      <Text>+1 Hücum. Bitişik düşman şehirleri otomatik olarak Kuşatılır.</Text>
    </Row>
    <Row Tag="LOC_ABILITY_AUTO_SIEGE_DESCRIPTION">
      <Text>Komşu düşman şehirleri otomatik olarak Kuşatılır.</Text>
    </Row>
    <Row Tag="LOC_ABILITY_SOOTHSAYER_AOE_COMBAT_STRENGTH_DESCRIPTION">
      <Text>Bitişik Kahinden +5 [ICON_Strength] Savaş Gücü.</Text>
    </Row>
    <Row Tag="LOC_SOOTHSAYER_AOE_COMBAT_STRENGTH_PREVIEW">
      <Text>Kahin'den +5 [ICON_Strength] Savaş Gücü.</Text>
    </Row>
  </EnglishText>
</GameData>