﻿<?xml version="1.0" encoding="utf-8"?>
<GameData>
  <EnglishText>
    <!-- Soothsayer Emergency -->
    <Row Tag="LOC_EMERGENCY_APPEASE_NAME">
      <Text>Tanrıları Yatıştırın</Text>
    </Row>
    <Row Tag="LOC_WORLD_CONGRESS_APPEASE_SUMMARY">
      <Text>"Tanrılar bizi uyardı: Dünyanın sonu geliyor.  Müritlerine nimetler bahşedecekler, ama önce gayretimizi kanıtlamalıyız.  Sadece en gayretli olanlar ödüllendirilecek."</Text>
    </Row>
    <Row Tag="LOC_EMERGENCY_DESCRIPTION_APPEASE">
      <Text>Tanrılar bizi sonun yakın olduğu konusunda uyardı.  Müritlerine nimetler bahşedecekler, ama önce şevkimizi kanıtlamalıyız.  Sadece en gayretli olanlar ödüllendirilecek.</Text>
    </Row>
    <Row Tag="LOC_EMERGENCY_FLAVOR_APPEASE">
      <Text>Tanrılar bizi sonun yakın olduğu konusunda uyardı.  Müritlerine nimetler bahşedecekler, ama önce şevkimizi kanıtlamalıyız.  Sadece en gayretli olanlar ödüllendirilecek.</Text>
    </Row>
    <Row Tag="LOC_EMERGENCY_SCORE_APPEASE_DESC">
      <Text>Soothsayer birimiyle "Bitişik Birimi Feda Et" eylemini kullanarak, feda edilen birimin [ICON_Strength] Savaş Gücüne eşit puan kazanır.</Text>
    </Row>
    <Row Tag="LOC_EMERGENCY_MEMBER_BUFF_DESCRIPTION_ACCESS_TO_APPEASE_UNIT_ACTION">
      <Text>Üyelerin Kahin birimleri, aktif yanardağlara bitişik dost birimler üzerinde "Bitişik Birimi Feda Et" eylemini kullanabilir.</Text>
    </Row>
    <Row Tag="LOC_EMERGENCY_REWARD_FREE_SOOTHSAYER_DESCRIPTION">
      <Text>1 ücretsiz Kahin birimi</Text>
    </Row>
    <Row Tag="LOC_EMERGENCY_REWARD_SOOTHSAYER_PROMOTION_DESCRIPTION">
      <Text>1 mevcut ve gelecekteki tüm Kahin birimleri için ücretsiz rastgele Promosyon.</Text>
    </Row>
    <Row Tag="LOC_EMERGENCY_REWARD_FAITH_PER_TURN_DESCRIPTION">
      <Text>Tur başına +2 [ICON_Faith] İnanç</Text>
    </Row>
    <Row Tag="LOC_ACTIVATE_BLOCKER_NO_ADJACENT_VOLCANO">
      <Text>Aktif bir volkana komşu olan dost bir savaş birimine komşu olmalıdır.</Text>
    </Row>
    <Row Tag="LOC_ACTIVATE_BLOCKER_NOT_VALID_DISASTER_TILE">
      <Text>Doğal afetten etkilenebilecek bir karo üzerinde olmalıdır.</Text>
    </Row>
    <Row Tag="LOC_ACTIVATE_BLOCKER_NOT_VALID_TERRITORY_TILE">
      <Text>Yabancı topraklarda bir felakete neden olmak için sahibi olan oyuncu ile savaş halinde olmalıdır.</Text>
    </Row>
  </EnglishText>
</GameData>