﻿<?xml version="1.0" encoding="utf-8"?>
<GameData>
  <EnglishText>
    <!-- Apocalypse Mode -->
    <Row Tag="LOC_GAMEMODE_APOCALYPSE_NAME">
      <Text>Kıyamet Modu</Text>
    </Row>
    <Row Tag="LOC_GAMEMODE_APOCALYPSE_DESCRIPTION">
      <Text>Bu oyun modu yeni doğal felaketler, mevcut felaketlerin daha büyük ve daha etkili versiyonlarını ekler ve tüm doğal felaketlerin olasılığını artırır. Kıyamet Modu ayrıca oyuna Kâhin birimini ekler ve iklimin son değişim seviyesine ulaşması durumunda kuyruklu yıldızlar dünyaya çarparak insanlığı yok eder.</Text>
    </Row>
    <!-- Gran Colombia: Civ Info -->
    <Row Tag="LOC_CIVILIZATION_GRAN_COLOMBIA_NAME">
      <Text>Gran Kolombiya</Text>
    </Row>
    <Row Tag="LOC_CIVILIZATION_GRAN_COLOMBIA_DESCRIPTION">
      <Text>Gran Kolombiya İmparatorluğu</Text>
    </Row>
    <Row Tag="LOC_CIVILIZATION_GRAN_COLOMBIA_ADJECTIVE">
      <Text>Gran Colombian</Text>
    </Row>
    <Row Tag="LOC_TRAIT_CIVILIZATION_EJERCITO_PATRIOTA_NAME">
      <Text>Ejército Patriota</Text>
    </Row>
    <Row Tag="LOC_TRAIT_CIVILIZATION_EJERCITO_PATRIOTA_DESCRIPTION">
      <Text>Tüm birimlere +1 [ICON_Movement] Hareket. Bir birimi terfi ettirmek o birimin sırasını sona erdirmez.</Text>
    </Row>
    <Row Tag="LOC_ABILITY_EJERCITO_PATRIOTA_EXTRA_MOVEMENT_NAME">
      <Text>Ejército Patriota</Text>
    </Row>
    <Row Tag="LOC_ABILITY_EJERCITO_PATRIOTA_EXTRA_MOVEMENT_DESCRIPTION">
      <Text>+1 [ICON_Movement] Tüm birimlere hareket (Ejército Patriota)</Text>
    </Row>
    <!-- Feature Info -->
    <Row Tag="LOC_FEATURE_BERMUDA_TRIANGLE_NAME">
      <Text>Bermuda Şeytan Üçgeni</Text>
    </Row>
    <Row Tag="LOC_FEATURE_BERMUDA_TRIANGLE_DESCRIPTION">
      <Text>Üç kareli doğa harikası. Bitişik karelere +5 [ICON_Science] Bilim sağlar. İçine giren birimler uzaktaki bir okyanusa ışınlanır, ancak bunu yapan deniz birimleri 'Gizemli Akıntılar' (+1 [ICON_Movement] Hareket) yeteneği kazanır.</Text>
    </Row>
    <Row Tag="LOC_FEATURE_FOUNTAIN_OF_YOUTH_NAME">
      <Text>Gençlik Çeşmesi</Text>
    </Row>
    <Row Tag="LOC_FEATURE_FOUNTAIN_OF_YOUTH_DESCRIPTION">
      <Text>Bir karo doğa harikası. 4 [ICON_Science] Bilim, +4 [ICON_Faith] İnanç ve Tatlı Su sağlar. İçine giren kara savaşı birimleri 'Yaşam Suyu' yeteneği kazanır (herhangi bir bölgede +10 HP iyileştirme).</Text>
    </Row>
    <Row Tag="LOC_FEATURE_PAITITI_NAME">
      <Text>Païtiti</Text>
    </Row>
    <Row Tag="LOC_FEATURE_PAITITI_DESCRIPTION">
      <Text>Üç kiremitli geçilmez doğa harikası. Bitişik karelere +3 [ICON_Gold] Altın ve +2 [ICON_Culture] Kültür sağlar. Kareye sahip olan şehir, giden uluslararası [ICON_TradeRoute] Ticaret Yollarında +4 [ICON_Gold] Altın alır.</Text>
    </Row>
    <!-- Gran Colombia: Improvement Info -->
    <Row Tag="LOC_IMPROVEMENT_HACIENDA_NAME">
      <Text>Hacienda</Text>
    </Row>
    <Row Tag="LOC_IMPROVEMENT_HACIENDA_DESCRIPTION">
      <Text>Gran Colombia'ya özgü bir Hacienda inşa etmek için İnşaatçı yeteneğinin kilidini açar. [NEWLINE][NEWLINE]+2 [ICON_GOLD] Altın, +1 [ICON_PRODUCTION] Üretim ve +0,5 [Icon_Housing] Konut. Her iki komşu Plantasyon için +1 [ICON_Food] Gıda (Değiştirilebilir Parçalara sahip her Plantasyon için artırılmıştır). Tarlalar ve Haciendalar, bitişik her iki Hacienda için +1 [ICON_Production] Üretim alır (Hızlı Dağıtım ile her Hacienda'ya yükseltilir). Yalnızca Ovalar, Ovalar Tepeleri, Otlaklar ve Otlak Tepeleri üzerine inşa edilebilir.</Text>
    </Row>
    <!-- Gran Colombia: Leader Info -->
    <Row Tag="LOC_LEADER_SIMON_BOLIVAR_NAME">
      <Text>Simón Bolívar</Text>
    </Row>
    <Row Tag="LOC_LOADING_INFO_LEADER_SIMON_BOLIVAR">
      <Text>Meslektaşlarınız Simón Bolívar'ın kaprislerini takip edebilirdiniz, ancak bunun yerine Kurtarıcı olmayı seçtiniz. Zorluklar sizi asla yıldırmadı, bu yüzden ideallerinize sımsıkı sarılın ve cumhuriyetinizi yeni bir refah çağına taşıyın.</Text>
    </Row>
    <Row Tag="LOC_TRAIT_LEADER_CAMPANA_ADMIRABLE_NAME">
      <Text>Campaña Admirable</Text>
    </Row>
    <Row Tag="LOC_TRAIT_LEADER_CAMPANA_ADMIRABLE_DESCRIPTION">
      <Text>Yeni bir döneme girerken bir Comandante Generali kazanın.</Text>
    </Row>
    <Row Tag="LOC_TRAIT_LEADER_CAMPANA_ADMIRABLE_DESCRIPTION_XP1">
      <Text>Oyun yeni bir döneme girdiğinde bir Comandante Generali kazanın.</Text>
    </Row>
    <!-- Gran Colombia: Unit Info -->
    <Row Tag="LOC_UNIT_COMANDANTE_GENERAL_NAME">
      <Text>Comandante General</Text>
    </Row>
    <Row Tag="LOC_UNIT_COMANDANTE_GENERAL_DESCRIPTION">
      <Text>Sadece Simón Bolívar'ın kullanabildiği özel bir Yüce Kişi türü. Her birinin pasif bir etki ve bir Emekli etkisi de dahil olmak üzere benzersiz yetenekleri vardır.</Text>
    </Row>
    <Row Tag="LOC_UNIT_COLOMBIAN_LLANERO_NAME">
      <Text>Llanero</Text>
    </Row>
    <Row Tag="LOC_UNIT_COLOMBIAN_LLANERO_DESCRIPTION">
      <Text>Süvarilerin yerini alan Gran Kolombiya Sanayi dönemine özgü birim. Düşük bakım maliyeti. Her komşu Llanero için +2 [ICON_Strength] Savaş Gücü. Emekli etme yeteneğini etkinleştiren bir Comandante General'in menzilindeyken tamamen iyileşir.</Text>
    </Row>
    <!-- Maya: Civ Info -->
    <Row Tag="LOC_CIVILIZATION_MAYA_NAME">
      <Text>Maya</Text>
      <Gender>Masculine:the</Gender>
      <Plurality>2</Plurality>
    </Row>
    <Row Tag="LOC_CIVILIZATION_MAYA_DESCRIPTION">
      <Text>Maya İmparatorluğu</Text>
    </Row>
    <Row Tag="LOC_CIVILIZATION_MAYA_ADJECTIVE">
      <Text>Maya</Text>
    </Row>
    <Row Tag="LOC_TRAIT_CIVILIZATION_MAYAB_NAME">
      <Text>Mayab</Text>
    </Row>
    <Row Tag="LOC_TRAIT_CIVILIZATION_MAYAB_DESCRIPTION">
      <Text>Tatlı Su ve Kıyıya bitişik yerleşmek ekstra [ICON_HOUSING] Konut sağlamaz, bunun yerine her Çiftlik ek +1 [ICON_HOUSING] Konut, bitişik her Gözlemevi için +1 [ICON_PRODuction] Üretim ve +1 [ICON_GOLD] Altın sağlar. Şehir Merkezine bitişik her Lüks için +1 [ICON_AMENITIES] Kolaylık.</Text>
    </Row>
    <!-- Maya: District Info -->
    <Row Tag="LOC_DISTRICT_OBSERVATORY_NAME">
      <Text>Gözlemevi</Text>
    </Row>
    <Row Tag="LOC_DISTRICT_OBSERVATORY_DESCRIPTION">
      <Text>Bilimsel çalışmalar için Maya'lara özgü bir bölge. Kampüs bölgesinin yerini alır ve inşa edilmesi daha ucuzdur. [NEWLINE][NEWLINE]+2 [ICON_Science] Bitişik Tarlalar için bilim bonusu. +1 [ICON_Science] Bitişik her iki Çiftlik veya bölge karesi için bilim bonusu.</Text>
    </Row>
    <Row Tag="LOC_DISTRICT_OBSERVATORY_DESCRIPTION_ADJACENCY">
      <Text>Bitişiklik: Bitişik her Plantasyon için Major [ICON_Science] Bilim bonusu. Minör [ICON_Science] Bitişik Çiftlik veya bölge karoları için bilim bonusu</Text>
    </Row>
    <Row Tag="LOC_DISTRICT_PLANTATION_SCIENCE">
      <Text>+{1_num} [ICON_Science] Bitişik Plantasyondan Bilim {1_Num : plural 1?tile; other?tiles;}.</Text>
    </Row>
    <Row Tag="LOC_DISTRICT_FARM_SCIENCE">
      <Text>+{1_num} [ICON_Science] Bitişik Çiftlikten Bilim {1_Num : plural 1?tile; other?tiles;}.</Text>
    </Row>
    <!-- Maya: Leader Info -->
    <Row Tag="LOC_LEADER_LADY_SIX_SKY_NAME">
      <Text>Lady Six Sky</Text>
    </Row>
    <Row Tag="LOC_LOADING_INFO_LEADER_LADY_SIX_SKY">
      <Text>Dos Pilas ve Wak Kab'nal'ın büyük savaşçı annesi Leydi Altı Gök, halkını yeni bir hanedanlığa yönlendir. Uzak ve yakın düşmanlarını fethedebilmen için elinin uzanmasına izin ver. Tanrılar sana rehberlik edecek ve sen de sadık vatandaşlarını zafere taşıyacaksın.</Text>
    </Row>
    <Row Tag="LOC_TRAIT_LEADER_MUTAL_NAME">
      <Text>Ix Mutal Ajaw</Text>
    </Row>
    <Row Tag="LOC_TRAIT_LEADER_MUTAL_DESCRIPTION">
      <Text>[ICON_Capital] Başkentin 6 karesi içindeki başkent olmayan şehirler tüm getirilere +%10 ekler ve kurulduklarında bir inşaatçı alırlar. Diğer başkent olmayan şehirler tüm hasılatlara -%15 alır. [ICON_Capital] Başkentin 6 karesi içindeki birimlere +5 [ICON_Strength] Savaş Gücü.</Text>
    </Row>
    <Row Tag="LOC_ABILITY_MUTAL_COMBAT_STRENGTH_NEAR_CAPITAL_NAME">
      <Text>Mutal</Text>
    </Row>
    <Row Tag="LOC_ABILITY_MUTAL_COMBAT_STRENGTH_NEAR_CAPITAL_DESCRIPTION">
      <Text>[ICON_Capital] Başkentin 6 karesi içindeki birimlere +5 [ICON_Strength] Savaş Gücü (Ix Mutal Ajaw)</Text>
    </Row>
    <Row Tag="LOC_ABILITY_MUTAL_NEAR_CAPITAL_COMBAT_DESCRIPTION">
      <Text>+{1_Amount} Mutal özelliğinden gelen Savaş Gücü</Text>
    </Row>
    <!-- Maya: Unit Info -->
    <Row Tag="LOC_UNIT_MAYAN_HULCHE_NAME">
      <Text>Hul'che</Text>
    </Row>
    <Row Tag="LOC_UNIT_MAYAN_HULCHE_DESCRIPTION">
      <Text>Okçu'nun yerini alan Maya'ya özgü Antik Çağ menzilli birimi. Güçlü menzilli saldırı. Yaralı bir rakiple savaşırken +5 [ICON_Strength] Savaş Gücü.</Text>
    </Row>
    <Row Tag="LOC_ABILITY_HULCHE_DESCRIPTION">
      <Text>Yaralı bir rakiple savaşırken +5 [ICON_Strength] Savaş Gücü.</Text>
    </Row>
    <Row Tag="LOC_UNIT_LAHORE_NIHANG_NAME">
      <Text>Nihang</Text>
    </Row>
    <Row Tag="LOC_UNIT_LAHORE_NIHANG_DESCRIPTION">
      <Text>Benzersiz bir Promosyon ağacına sahip Lahor Şehir-Devlet benzersiz birimi. [ICON_Faith] İnanç ile satın alınabilir. [ICON_Strength] Kışla, Cephanelik ve Askeri Akademi binaları ilk inşa edildiğinde Savaş Gücü artar.</Text>
    </Row>
    <!--Apocalypse: Unit Info-->
    <Row Tag="LOC_UNIT_SOOTHSAYER_NAME">
      <Text>Kâhin</Text>
    </Row>
    <Row Tag="LOC_UNIT_SOOTHSAYER_DESCRIPTION">
      <Text>Kıyamet moduna özgü bir destek birimi.  Birimin yakınındaki altıgenlerde rastgele bir felaket başlatmak için Felakete Neden Ol eylemini kullanabilir.  Bunu yapmak, başka yükü kalmamışsa Kahin'i yok eder.</Text>
    </Row>
    <Row Tag="LOC_CLIMATE_FOREST_FIRE">
      <Text>Orman Yangınları</Text>
    </Row>
    <Row Tag="LOC_CLIMATE_FOREST_FIRE_EVENT_DESCRIPTION_TOOLTIP">
      <Text>ORMAN YANGINI ETKİNLİĞİ[NEWLINE][NEWLINE]Etkinlik gerçekleştiğinde:[NEWLINE]- Rastgele bir Orman veya Yağmur Ormanı karesinde başlar.[NEWLINE]- Bitişik Orman veya Yağmur Ormanına yayılır.[NEWLINE][NEWLINE]Yanan kareler birimlere hasar verir ve iyileştirmeleri yağmalar.</Text>
    </Row>
  </EnglishText>
</GameData>