﻿<?xml version="1.0" encoding="utf-8"?>
<!-- edited with XMLSPY v2004 rel. 2 U (http://www.xmlspy.com) by Ed Beach (Firaxis Games) -->
<GameData>
  <EnglishText>
    <!--Improvements-->
    <Row Tag="LOC_IMPROVEMENT_BATEY_NAME">
      <Text>Batey</Text>
    </Row>
    <Row Tag="LOC_IMPROVEMENT_BATEY_DESCRIPTION">
      <Text>Bir Batey inşa etmek için İnşaatçı yeteneğinin kilidini açar.[NEWLINE][NEWLINE]+1 [ICON_Culture] Kültür. Her bitişik Bonus Kaynak ve Eğlence Kompleksi için +1 [ICON_Culture] Kültür (Keşif keşfedildiğinde +2 [Icon_Culture] Kültüre yükselir). Uçuş araştırıldıktan sonra [Icon_Tourism] Turizm sağlar. Başka bir Batey'e bitişik veya Tepeler üzerine inşa edilemez.</Text>
    </Row>
    <Row Tag="LOC_IMPROVEMENT_METEOR_GOODY_NAME">
      <Text>Meteor Sitesi</Text>
    </Row>
    <Row Tag="LOC_IMPROVEMENT_METEOR_GOODY_DESCRIPTION">
      <Text>Meteor yağmuru felaketleri tarafından bırakılmıştır.  Herhangi bir birimle bu kareye geçmek, oyuncunun şu anda inşa edebileceğinden daha güçlü, ücretsiz, kaynaksız bir ağır süvari birimi verir.</Text>
    </Row>
    <Row Tag="LOC_METEOR_GOODIES_GRANT_UNIT_DESCRIPTION">
      <Text>[COLOR_FLOAT_MILITARY]Ücretsiz askeri birlik! [ENDCOLOR]</Text>
    </Row>
  </EnglishText>
</GameData>