﻿<?xml version="1.0" encoding="utf-8"?>
<GameData>
  <EnglishText>
    <!-- civs -->
    <Row Tag="LOC_CIVINFO_MAYA_LOCATION">
      <Text>Orta Amerika, bugünkü Meksika, Guatemala, Honduras, Belize ve El Salvador'un bazı kısımları dahil.</Text>
    </Row>
    <Row Tag="LOC_CIVINFO_MAYA_SIZE">
      <Text>Zirvede 120.000 mil kare (yaklaşık 200 bin km kare). Karşılaştırma yapmak gerekirse bu, ortaçağ İngiltere'sinin yaklaşık iki katı büyüklüğündedir.</Text>
    </Row>
    <Row Tag="LOC_CIVINFO_MAYA_POPULATION">
      <Text>Genelde en yüksek olduğu dönemde yaklaşık 5 milyon olduğu varsayılır, ancak yeni arkeolojik keşifler gerçek sayının 10 veya 15 milyona yakın olabileceğini düşündürmektedir. Günümüzde Maya dilini konuşan yaklaşık 5 milyon kişi vardır.</Text>
    </Row>
    <Row Tag="LOC_CIVINFO_MAYA_CAPITAL">
      <Text>Hiçbir zaman tek bir imparatorluk halinde birleşmeyen Mayaların Tikal, Caracol, Mayapan, Calakmul ve daha sonra Chichen Itza gibi bir dizi önemli şehri vardı.</Text>
    </Row>
    <Row Tag="LOC_PEDIA_CIVILIZATIONS_PAGE_CIVILIZATION_MAYA_CHAPTER_HISTORY_PARA_1">
      <Text>Erken Mayalar Yucatán Yarımadası'nda yükselmiş ve MÖ 2000 ile MS 250 yılları arasında şehir devletleri kurmuşlardır. Bu şehir devletleri tanrısal olarak kutsanmış yöneticiler tarafından yönetilmiş ve bugün El Mirador olarak bilinen şehir devleti gibi küçük yerleşimlerden metropollere kadar çeşitlilik göstermiştir. Şehir devletleri hiçbir zaman diğer Mezoamerikan kültürleri gibi siyasi olarak birleşmemişti ama yine de ortak bir dil ve kültürü paylaşıyorlardı. Büyüme ve güç projeksiyonu için birbirlerine güvendikleri kadar rekabet de ettiler.</Text>
    </Row>
    <Row Tag="LOC_PEDIA_CIVILIZATIONS_PAGE_CIVILIZATION_MAYA_CHAPTER_HISTORY_PARA_2">
      <Text>Mayalar yerleşmek için benzersiz (ve oldukça cesur) bir yer seçtiler. Yucatán Yarımadası diğer uygarlıkların çoğunun uyguladığı türden bir tarım için uygun değildi. Mayalar nehir vadilerinin etrafına yerleşmek yerine tropik yağmur ormanlarında, kireçtaşı temeller üzerine ince toprakla inşa ettiler. Nehir olmaması ulaşımın zor olduğu ve içme suyu bulmanın sorunlu olduğu anlamına geliyordu. Ancak zorluklar çoğu zaman yeniliklere yol açabilir. Suyun çok tuzlu olduğu yerlerde, ilk Mayalar suyu içilebilir hale getirmek için kireçtaşından nasıl süzeceklerini öğrendiler ve ormanın çok yoğun olduğu yerlerde, üzerinde ekin yetiştirmek için yükseltilmiş toprak höyükler oluşturdular. Mayaların kaydettiği en önemli gelişmelerden biri de gliflerden oluşan yazı dilini yaratmalarıydı.</Text>
    </Row>
    <Row Tag="LOC_PEDIA_CIVILIZATIONS_PAGE_CIVILIZATION_MAYA_CHAPTER_HISTORY_PARA_3">
      <Text>Maya glifleri tek tek bloklara sığacak ve neredeyse çizgi roman panelleri gibi okunacak şekilde tasarlanmıştı; sola, sağa, sonra ilk soldakinin altına ve bu şekilde devam ediyordu. Bu glifler günümüz Japoncası gibi piktografik ve fonetik karakterlerin bir karışımıydı.  Mayalar hevesli kayıt tutuculardı ve yazıları Avrupalıların Mezoamerika'ya gelişine kadar kullanılmaya devam etti.</Text>
    </Row>
    <Row Tag="LOC_PEDIA_CIVILIZATIONS_PAGE_CIVILIZATION_MAYA_CHAPTER_HISTORY_PARA_4">
      <Text>Kitaplarının (ağaç kabuğundan yapılmış kodeksler) çoğu İspanyol fethi sırasında yakılmış olsa da, anıtları ya da "stelleri" günümüze ulaşmıştır. Mayalar dikilitaşlarını Uzun Sayım takvimine göre tarihlendirdiklerinden, bu dikilitaşları oldukça eskiye dayanan tarihsel tarihleri belirlemek için kullanabiliriz.</Text>
    </Row>
    <Row Tag="LOC_PEDIA_CIVILIZATIONS_PAGE_CIVILIZATION_MAYA_CHAPTER_HISTORY_PARA_5">
      <Text>MS 250 yılına gelindiğinde Mayalar Calakmul, Palenque, Tikal, Bonampak, Kaminaljuyu ve Copán gibi büyük şehirlerde güçlerini artırmaya başladılar. Bu dönemde, nüfusları 5.000 ile 50.000 arasında değişen 40'tan fazla Maya şehri vardı. Bu şehirler büyüdükçe Mayalar da gelişti. Popüler oyunlar için top sahaları inşa ettiler, devasa piramitler inşa ettiler (Maya'nın katmanlı inşa yöntemleri sayesinde daha da büyüdüler) ve bilimsel bir elit yetiştirdiler.</Text>
    </Row>
    <Row Tag="LOC_PEDIA_CIVILIZATIONS_PAGE_CIVILIZATION_MAYA_CHAPTER_HISTORY_PARA_6">
      <Text>Maya piramitleri Mısır piramitlerinden farklı bir şekilde inşa edilmiştir. Sadece tuğla kullanmak yerine, kireçtaşı ve harçtan oluşan bir temelle işe başladılar. Daha sonra bunu sıva ile kaplıyorlar ve ardından boyuyorlardı. Ne zaman iyileştirme yapmak isteseler, sadece biraz daha kireçtaşı atmaları, tekrar kaplamaları ve boyamaları gerekiyordu. Uzun ve karmaşık tadilatlara gerek yoktu ve yapısal sorunlar hakkında endişelenmeleri de gerekmiyordu. Bu piramitler genellikle ibadet yerleriydi. "K'uh nah" olarak bilinen bu tapınakların her biri bir tanrıya adanmış birden fazla odası vardı.</Text>
    </Row>
    <Row Tag="LOC_PEDIA_CIVILIZATIONS_PAGE_CIVILIZATION_MAYA_CHAPTER_HISTORY_PARA_7">
      <Text>Maya şehirleri geniş bir alana yayılmıştı ve hepsi de merkezi plazaların etrafında yer alan bu tapınaklar, saraylar ve top sahalarından oluşuyordu. Şehirlerin birden fazla meydanı olabiliyordu ve diğer yapılar bu meydanlardan dışarı doğru büyüyordu. Sanat freskleri ve heykeller daha zengin bölgeleri süslüyordu. Sanat kraliyet sarayı için ya da en azından onlarla ilgili olacak şekilde yaratılırdı. Sanat aynı zamanda tarihlerindeki önemli anları anmak için de kullanılıyordu. Radar teknolojisindeki son gelişmeler bu şehirlerin boyutlarını ortaya çıkardı; daha önce arkeologlar Mayaların sadece tapınak komplekslerinde bir araya gelen, büyük ölçüde dağınık bir halk olduğunu varsayarken, yeni çalışmalar ormana yayılmış çarpıcı derecede büyük yerleşimleri ortaya çıkardı.</Text>
    </Row>
    <Row Tag="LOC_PEDIA_CIVILIZATIONS_PAGE_CIVILIZATION_MAYA_CHAPTER_HISTORY_PARA_8">
      <Text>Maya yaşamı sadece anıtlar, matematik, spor ve bilimden ibaret değildi. Yönetim kurmak, ticaret yollarını kontrol altına almak ya da düşman bir şehir devletine mesaj göndermek için sık sık askeri seferler düzenlenirdi. Muharebeler ve ardından gelen savaşlar, sanatta ve hiyeroglif gravürlerde anılacak ve yüceltilecek kadar önemliydi. İyi bir hükümdar olmak için bir Maya'nın aynı zamanda iyi bir savaşçı olması gerekiyordu. Savaşları yönetmeleri ve iyi taktikçiler olmaları beklenirdi. Yenilen krallar ve toplumun ileri gelenleri yakalanır ve daha sonra kurban edilirdi. Ancak bu tür kurbanlar nadirdi ve Mayalar çoğunlukla başka tür kurbanlara odaklanmıştı: örneğin adak olarak yakılan kâğıt üzerindeki kan damlaları.</Text>
    </Row>
    <Row Tag="LOC_PEDIA_CIVILIZATIONS_PAGE_CIVILIZATION_MAYA_CHAPTER_HISTORY_PARA_9">
      <Text>900'lere gelindiğinde Mayalar hem güç hem de nüfus bakımından gerilemiş ve bazı şehirler tamamen terk edilmiştir. Ancak bu düşüşün, yükseliş ve düşüş döngüsündeki bir başka devrim olduğu ortaya çıktı ve 1100'lere gelindiğinde, özellikle Karayipler ve Körfez kıyılarında yeni şehirler kurulmaya başlandı.</Text>
    </Row>
    <Row Tag="LOC_PEDIA_CIVILIZATIONS_PAGE_CIVILIZATION_MAYA_CHAPTER_HISTORY_PARA_10">
      <Text>Bu şehirlerin en güçlülerinden biri olan Mayapan, İspanyollar 1511'de tesadüfen (kelimenin tam anlamıyla - gemi kazasına uğramışlardı) geldiklerinde bir başka çöküş halindeydi. İlk temasın ardından İspanyollar Yucatán'a üç sefer daha gönderdi ve 1521'de Tenochtitlan'daki Aztek başkentini ele geçirdi. Oradan güneye, günümüz Guatemala'sına döndüler ve Orta Amerika'yı fethetmeye başladılar. İspanyollar 1697'de son Maya şehri Nojpeté'yi de ele geçirdiler.</Text>
    </Row>
    <Row Tag="LOC_PEDIA_CIVILIZATIONS_PAGE_CIVILIZATION_MAYA_CHAPTER_HISTORY_PARA_11">
      <Text>Maya şehirlerinin yok olmasına ve İspanyolların Maya kültürünün unsurlarını silmeye çalışmasına rağmen, Mayalar geleneksel yaşamlarını sürdürdükleri küçük köylerde varlıklarını sürdürmeye devam ettiler. Fetihten sonra bile bu uygulamalardan bazıları, özellikle de yemek kültürü ve el sanatları devam etti. Bugün Mayalar hala buralardadır ve dil, tzolk'in ritüel takvimi ve Maya toplumunun diğer unsurları gelişmektedir.</Text>
    </Row>
    <Row Tag="LOC_CIVINFO_GRAN_COLOMBIA_LOCATION">
      <Text>Güney ve Orta Amerika.</Text>
    </Row>
    <Row Tag="LOC_CIVINFO_GRAN_COLOMBIA_SIZE">
      <Text>973 bin mil kare (2,5 milyon km kare).</Text>
    </Row>
    <Row Tag="LOC_CIVINFO_GRAN_COLOMBIA_POPULATION">
      <Text>2.5 milyon</Text>
    </Row>
    <Row Tag="LOC_CIVINFO_GRAN_COLOMBIA_CAPITAL">
      <Text>Bogotá</Text>
    </Row>
    <Row Tag="LOC_PEDIA_CIVILIZATIONS_PAGE_CIVILIZATION_GRAN_COLOMBIA_CHAPTER_HISTORY_PARA_1">
      <Text>Gran Colombia, Orta Amerika'nın güneyi ve Güney Amerika'nın kuzeyinde bir alev gibi yükseldi; parlak ve hızlı bir şekilde yanıyordu. On iki yıl boyunca, Avrupa egemenliğine karşı bağımsızlığını ilan etmek için kurulan birleşik bir ulusu temsil etti.</Text>
    </Row>
    <Row Tag="LOC_PEDIA_CIVILIZATIONS_PAGE_CIVILIZATION_GRAN_COLOMBIA_CHAPTER_HISTORY_PARA_2">
      <Text>Gran Colombia'ya dönüşecek olan bölgenin kökeni İspanyolların Yeni Dünya'yı fethine dayanmaktadır. İspanyollardan önce bölge çeşitli halklara ev sahipliği yapıyordu - güneybatıda Quimbaya, Karayip kıyılarında Arawak ve Carib, orta savanda Chibcha (Hunza şehrinin Muisca'sı dahil) ve bir dizi başka halk. Altın, işgücü ve din değiştirenlerin peşindeki İspanyollar bu gruplara ağır darbeler vurdu. El Dorado efsaneleri İspanyol maceracıları iç kesimlere, büyük şehirlerini saklamaya çalışan altın zengini Muisca Konfederasyonu'na doğru itti... ama nafile. Bugün Bogota bir Muisca köyünün üzerine kurulmuştur. Daha sonra bu bölge, İspanyol kolonilerinin idari bir bölgesi olan Yeni Granada Genel Valiliği'nin merkezi haline geldi - ve zengin ve güçlü bir bölge. Ancak refahla birlikte, yerel elitler otoritelerini sağlamlaştırmaya ve Avrupa kontrolünü yerinden etmeye çalıştıkça kızgınlık da arttı. Sonunda bu kızgınlık devrime yol açtı.</Text>
    </Row>
    <Row Tag="LOC_PEDIA_CIVILIZATIONS_PAGE_CIVILIZATION_GRAN_COLOMBIA_CHAPTER_HISTORY_PARA_3">
      <Text>Simón Bolívar'ın Kolombiya ve Venezüella bağımsızlık savaşları sırasında kazandığı zaferin ardından, galipler hızla bir hükümet kurmak için çalıştılar. Ancak birçok cephede anlaşmazlık vardı - Bolívar'ın grubu merkezi bir hükümet altında yönetilen birleşik bir Gran Kolombiya'yı tercih ederken, diğerleri Venezuela ve Ekvador için bağımsızlık istiyordu. Bolivar aynı zamanda kalıtsal bir Senato ile güçlü bir otoriter hükümeti tercih ederken, diğerleri (özellikle Bolivar'ın generali Santander) bunun yerine kişisellik yerine hukukun üstünlüğünü istiyordu. Gran Colombia, en azından başlangıçta Bolívar'ın vizyonunu takip etti ve yeni ülke farklı yargı, yasama ve yürütme organlarına sahip merkezi bir hükümete sahip oldu.</Text>
    </Row>
    <Row Tag="LOC_PEDIA_CIVILIZATIONS_PAGE_CIVILIZATION_GRAN_COLOMBIA_CHAPTER_HISTORY_PARA_4">
      <Text>17 Aralık 1819'da Kolombiya Cumhuriyeti kuruldu ("Gran Colombia" modern tarihçiler tarafından bugünkü Kolombiya ulusuyla karıştırılmaması için kullanılan isimdir). Ancak İspanyol birlikleri hala mevcuttu ve Bolivar'ın savaşa nihayet bir son verdiğini ilan etmesi 1822'yi buldu.</Text>
    </Row>
    <Row Tag="LOC_PEDIA_CIVILIZATIONS_PAGE_CIVILIZATION_GRAN_COLOMBIA_CHAPTER_HISTORY_PARA_5">
      <Text>Ancak Cumhuriyet rahat durmadı. Bolivar ve Santander arasındaki ideolojik farklılıklara ek olarak - Kurtarıcının kişisel karizmasına odaklanan yönetim ile Anayasa tarafından yönetilen yönetim arasındaki daha büyük gerilimleri yansıtan - bölgesel bölünmeler de vardı. 1826'da ünlü süvari lideri José Antonio Páez, özgür bir Venezüella talebiyle Bolivar'a karşı bir isyana önderlik etti. Bolivar'ın Páez'i yatıştırma girişimleri Santander'i daha da sinirlendirdi ve yeni ülkenin fay hatlarını derinleştirdi.</Text>
    </Row>
    <Row Tag="LOC_PEDIA_CIVILIZATIONS_PAGE_CIVILIZATION_GRAN_COLOMBIA_CHAPTER_HISTORY_PARA_6">
      <Text>Daha fazla huzursuzluk, Bolivar'ın 1828'de ömür boyu başkanlık önermesine yol açtı; bu hareket Santander'in muhalefet ederek radikal federalist bir Anayasa kabul etmesine neden oldu. Bu aynı zamanda o yıl Bolivar'a yönelik bir suikast girişimine de yol açan bir hamleydi.</Text>
    </Row>
    <Row Tag="LOC_PEDIA_CIVILIZATIONS_PAGE_CIVILIZATION_GRAN_COLOMBIA_CHAPTER_HISTORY_PARA_7">
      <Text>Siyasi ya da bölgesel olarak kendini bir arada tutamayan Gran Colombia gerilemeye başladı. General Rafael Urdaneta ve Bolívar yanlısı diğer unsurların Bolívar'ı geri dönmeye ikna etme çabalarına rağmen, 1830 yılına gelindiğinde Bolívar artan popülaritesi ve kötüleşen sağlığı nedeniyle istifa etmek zorunda kaldı. Gran Colombia 1831 yılında çöktü ve nihayetinde bağımsız devletlere bölündü. 1830 ve 1831 yılları arasında üç ayrı başkan Gran Colombia'yı dağılmaktan kurtarmaya çalıştı.</Text>
    </Row>
    <Row Tag="LOC_PEDIA_CIVILIZATIONS_PAGE_CIVILIZATION_GRAN_COLOMBIA_CHAPTER_HISTORY_PARA_8">
      <Text>Ancak İspanya hiçbir zaman geri dönmedi. Gran Colombia'dan sonra kurulan devletler büyük ölçüde bugün var olan devletlerdir: Kolombiya, Venezuela, Panama, Ekvador ve Guyana.</Text>
    </Row>
    <!-- leaders -->
    <Row Tag="LOC_PEDIA_LEADERS_PAGE_LEADER_LADY_SIX_SKY_TITLE">
      <Text>Lady Six Sky</Text>
    </Row>
    <Row Tag="LOC_PEDIA_LEADERS_PAGE_LEADER_LADY_SIX_SKY_QUOTE">
      <Text>Ben Leydi Altı Gökyüzü'yüm, yenilmiş düşmanlarımın üzerinde duran bir savaşçıyım.</Text>
    </Row>
    <Row Tag="LOC_PEDIA_LEADERS_PAGE_LEADER_LADY_SIX_SKY_CHAPTER_HISTORY_PARA_1">
      <Text>Eski tarihçiler Dos Pilas'ta kral gibi hüküm süren bir kadından bahsederler. Bu kadın erkek hükümdarların unvanlarını almış ve güçlü bir lider olduğunu kanıtlamıştır. Dönemin vakanüvisleri onun adını hiç anmasa da Dos Pilas'ın Leydisi'nin ünü yaşamaya devam etti.</Text>
    </Row>
    <Row Tag="LOC_PEDIA_LEADERS_PAGE_LEADER_LADY_SIX_SKY_CHAPTER_HISTORY_PARA_2">
      <Text>Wak Chan Ahau olarak da bilinen Lady Six Sky, babası B'alaj Chan K'awiil'in izinden giderek Dos Pilas'ın hükümdarı oldu. 600'lü yılların sonlarında tahta geçtikten sonra Leydi Altı Gökyüzü Dos Pilas'taki evini terk ederek Wak Kab'nal'a gitti. Kral olmak asla kolay değildir (özellikle de bir kadın olarak) ve Leydi Altı Gökyüzü'nün bölgedeki ve özellikle de Wak Kab'nal'daki gücünü daha da sağlamlaştırması gerekiyordu. Hem kan hükümdarı olarak hem de ilahi seçim yoluyla otoritesini kanıtlamak için, gelişinden kısa bir süre sonra birkaç ritüel gerçekleştirdi. Çoğunlukla halk tarafından iyi karşılandı ve Naranjo'nun taç giymiş hükümdarı olarak hiçbir zaman tam anlamıyla yükselememiş olsa da otoritesine nihayetinde saygı duyuldu. Yine de halkı, taçlı ya da taçsız yönetimine saygı duyduklarını göstermek için onun adına anıtlar dikti. Kendisi gerçek bir kraliyet mensubu gibi giysiler içinde gösterilmiştir (bu biraz kasıtsız bir tokat olabilir, ancak muhtemelen bu hediyeyi zarafetle kabul etmiştir).</Text>
    </Row>
    <Row Tag="LOC_PEDIA_LEADERS_PAGE_LEADER_LADY_SIX_SKY_CHAPTER_HISTORY_PARA_3">
      <Text>Lady Six Sky'ın oğlu K'ahk Tiliw Chan Chaak (ya da arkadaşlarının bildiği adıyla Sigara İçen Sincap) beş yaşında tahta geçti, ancak Lady Six Sky onun yerine hüküm sürmeye devam etti (çocuk olmakla biraz meşguldü). Her iyi anne gibi, bu süre zarfında oğlunun ve dolayısıyla kendisinin hükümdarlığına meydan okuyan yakınlardaki yönetimlere karşı birkaç başarılı askeri sefer düzenledi. Anıtları, onu düşmanlarının üzerinde duran, dengeli ve muzaffer bir savaşçı olarak tasvir etmeye başladı. Oğlu on yaşına geldiğinde, onun adına çoktan bir dizi başarılı sefer gerçekleştirmişti.</Text>
    </Row>
    <Row Tag="LOC_PEDIA_LEADERS_PAGE_LEADER_LADY_SIX_SKY_CHAPTER_HISTORY_PARA_4">
      <Text>Leydi Altı Gökyüzü'nün kraliçe ve naip olarak hüküm sürdüğü süre boyunca uğraştığı tek şey savaş ve fetih değildi. Kendi konumundaki birinden beklenen dini törenlerin gerçekleştirilmesine de yardımcı oldu. Bunlardan biri olan mid-katun'u, Wak Kab'nal'ın önceki kralı ile aynı şekilde yaptı.</Text>
    </Row>
    <Row Tag="LOC_PEDIA_LEADERS_PAGE_LEADER_LADY_SIX_SKY_CHAPTER_HISTORY_PARA_5">
      <Text>Leydi Altı Gökyüzü, ana reisi olduğu yeni bir hanedanlık kurmaya kararlıydı. Bu sadece savaş ve dini örneklerle yönetimini güçlendirmeye devam etmek değil, aynı zamanda halkının refahını daha da ilerletmek anlamına geliyordu. Leydi Altı Gök bir kadın ve çok genç, dolayısıyla savunmasız bir kralın annesi olarak gücünü korumak istiyorsa bu kesinlikle gerekliydi. Sadece iyi bir zaman için değil, aynı zamanda uzun bir süre için de orada olmayı planlıyordu.</Text>
    </Row>
    <Row Tag="LOC_PEDIA_LEADERS_PAGE_LEADER_LADY_SIX_SKY_CHAPTER_HISTORY_PARA_6">
      <Text>Lady Six Sky'ın oğlu Smoking Squirrel nihayet başa geçtiğinde, annesinin mirasını takip etti ve Tikal de dahil olmak üzere diğer büyük Maya şehirlerine karşı askeri seferler düzenlemeye devam etti. Leydi Altı Gökyüzü bu süre boyunca Sigara Sincabı'nın yanında kaldı ve onun eş hükümdarı olarak hareket etti. Wak Kab'nal halkı ve soyluları, tutarlı, birleşik eylemleri ve politikaları sayesinde Leydi Altı Gökyüzü ve Sigara İçen Sincap'ın ortak yönetimine saygı duydular.</Text>
    </Row>
    <Row Tag="LOC_PEDIA_LEADERS_PAGE_LEADER_LADY_SIX_SKY_CHAPTER_HISTORY_PARA_7">
      <Text>Leydi Altı Gökyüzü'nün ve halkının dehşetine rağmen, Sigara İçen Sincap'ın yönetimi kısa sürdü. Erken yaşta öldü ve torunu tahta çıkacak kadar büyüyene ya da güçlenene kadar Leydi Altı Gökyüzü'nü bir kez daha liderlik etmek zorunda bıraktı.</Text>
    </Row>
    <Row Tag="LOC_PEDIA_LEADERS_PAGE_LEADER_LADY_SIX_SKY_CHAPTER_HISTORY_PARA_8">
      <Text>Lady Six Sky MS 741 yılında ölmeden önce yirmi yıl daha yaşadı. Torunu Tikal tarafından yenilgiye uğratıldı, yakalandı ve ne yazık ki idam edildi, böylece kurmak için çok çalıştığı hanedan sona erdi.</Text>
    </Row>
    <Row Tag="LOC_PEDIA_LEADERS_PAGE_LEADER_LADY_SIX_SKY_CHAPTER_CAPSULE_BODY">
      <Text>Lady Six Sky, sıkı sıkıya bağlı imparatorluğunu kurmak için geleneksel tatlı su kaynaklarına güvenmiyor, bunun yerine yıldızlara ulaşmak için Çiftlikler ve Plantasyonlardan oluşan bir ağdan yararlanıyor.</Text>
    </Row>
    <Row Tag="LOC_PEDIA_LEADERS_PAGE_LEADER_LADY_SIX_SKY_CHAPTER_DETAILED_BODY">
      <Text>Mayalar yerleşimlerini diğer uygarlıklardan farklı bir şekilde planlar. Konutlarını Tatlı Suya yakın olmak yerine Çiftliklerden elde etmeye çalışırlar. Lüks yerlere yakın yerleşmek onlara ek olanaklar da sağlar. Leydi Altı Gökyüzü şehirlerini başkentine yakın tutmak ister. Bu yüzden erken bir şehir kümesine yerleşin ve Hulche atlatlistlerinizle onları güçlü bir şekilde savunun. Düzgün yerleştirilmiş Gözlemevi bölgeleri, komşu Çiftlikler ve Plantasyonlardan ekstra bilim alarak teknolojide diğer medeniyetlerin önüne geçmeye başlayabilir, halkınızı uzaya fırlatabilir veya başka bir zafere doğru önemli bir destek sağlayabilirsiniz.</Text>
    </Row>
    <Row Tag="LOC_PEDIA_LEADERS_PAGE_LEADER_SIMON_BOLIVAR_TITLE">
      <Text>Simón Bolívar</Text>
    </Row>
    <Row Tag="LOC_PEDIA_LEADERS_PAGE_LEADER_SIMON_BOLIVAR_QUOTE">
      <Text>Cömert ruhlar, Yaratıcı'nın ve Doğa'nın kendilerine tanıdığı hakları geri almak için çabalayan bir halkın kaderiyle her zaman ilgilenirler.</Text>
    </Row>
    <Row Tag="LOC_PEDIA_LEADERS_PAGE_LEADER_SIMON_BOLIVAR_CHAPTER_HISTORY_PARA_1">
      <Text>Daha sonra Kurtarıcı olarak tanınacak olan Simón Bolívar, 1783 yılında varlıklı, üst sınıf bir Venezuelalı ailenin çocuğu olarak dünyaya geldi. Olumlu ve parlak bir yetişme dönemi geçirmesini sağlayacak kadar parası olmasına rağmen, Bolívar'ın çocukluğu mükemmel olmaktan çok uzaktı. Babası o henüz üç yaşındayken öldü. Altı yıl sonra annesi de vefat etti ve onu amcasının bakımına bıraktı. Bolivar'ın amcası mirasın yöneticisi oldu ve ona iyi eğitimli birkaç özel öğretmen ayarladı. Bu öğretmenlerin birçoğu onun üzerinde ve hayatı boyunca taşıyacağı felsefeler üzerinde kalıcı bir etkiye sahip olacaktı. Klasik düşünce okullarında eğitim gördü ve daha yeni ve hızla gelişenleri öğrenmeye başladı. Hocalarından biri olan Simón Rodriguez, Aydınlanma hareketine ve özellikle de Jean-Jacques Rousseau'nun felsefelerine kapı açtı.</Text>
    </Row>
    <Row Tag="LOC_PEDIA_LEADERS_PAGE_LEADER_SIMON_BOLIVAR_CHAPTER_HISTORY_PARA_2">
      <Text>Bolívar'ın amcası onu on altı yaşındayken İspanya ve Avrupa'da eğitim görmesi için yurtdışına gönderdi. Çoğu ideal Avrupa yurtdışı eğitim gezisinde olduğu gibi, Bolivar İspanya'da aşkı buldu. Geldikten üç yıl sonra, bir İspanyol soylusunun kızı olan María Teresa del Toro y Alayza ile evlendi ve ülkesine döndü. Ancak bu kısa süreli mutluluk kısa sürdü. Eşi, evliliklerinin birinci yıldönümünden önce sarı hummadan öldü. Bolívar ne yazık ki ölüme aşina olsa da, bu kayıp onu derinden etkiledi ve değiştirdi.</Text>
    </Row>
    <Row Tag="LOC_PEDIA_LEADERS_PAGE_LEADER_SIMON_BOLIVAR_CHAPTER_HISTORY_PARA_3">
      <Text>Avrupa'ya döndü ve Napolyon'un yükselişini izledi. Bolivar bir süre ona hayranlık duydu. Ancak Bolívar Venezüella'ya döndüğünde, Napolyon'un Joseph Bonaparte'ı İspanya'nın ve dolayısıyla sömürgelerinin kralı yapmasının ardından Napolyon'la olan dostluğunu fiilen sona erdirdi. Bu Bolivar'ın memleketi Venezüella'yı da kapsıyordu ve onu direnişe katılmaya itti.</Text>
    </Row>
    <Row Tag="LOC_PEDIA_LEADERS_PAGE_LEADER_SIMON_BOLIVAR_CHAPTER_HISTORY_PARA_4">
      <Text>1810'da Caracas cuntası bağımsızlığını ilan etti ve Bolivar hem diplomatik becerileri hem de uzun mesafeler kat ederken gösterdiği kolaylık nedeniyle bir kez daha Avrupa'ya gönderildi. İngiltere'ye vardı ve bir yıl orada kaldıktan sonra tekrar Venezüella'ya doğru uzun bir yolculuğa çıktı. Eve dönüşü pek hoş karşılanmadı ve bağımsızlık lideri Francisco de Miranda ile aralarının açıldığı söylentileri yayıldı. Miranda'nın daha sonra tutuklanması ve Bolívar'ın hızla Cartagena de Indias'a kaçması bu iddialara yardımcı olmadı. Söylentilere rağmen Bolivar bu durumdan yararlandı. Uzakta olduğu süre boyunca Manifiesto de Cartagena'yı yazdı. Bolivar bu kitapta İspanya'dan bağımsızlık için bastırmaya devam etti. Bu süre zarfında, felsefeleri ve Miranda'nın yokluğunun da yardımıyla ünü arttı.</Text>
    </Row>
    <Row Tag="LOC_PEDIA_LEADERS_PAGE_LEADER_SIMON_BOLIVAR_CHAPTER_HISTORY_PARA_5">
      <Text>Yeni bir İspanyol kralının yeni Venezüella cumhuriyetini devirmesinin ardından Bolívar, Yeni Granada ordusu içinde görev aldı ve Venezüella'ya yönelik bir istilaya öncülük etti. El Libertador unvanını ülkesini özgürleştirmek için yaptığı sayısız seferle kazandı. Ne yazık ki Bolivar ve kuvvetleri başkent Caracas'ı uzun süre ellerinde tutamadı ve birlikleri şehirden çıkarıldı. Bolivar yenilmesine izin vermek yerine, Güney Amerika'nın dört bir yanından ve hatta Büyük Britanya'dan müttefiklerini toplayarak İspanyol ve Kraliyet güçlerini nihayet ve kararlı bir şekilde kovdu.</Text>
    </Row>
    <Row Tag="LOC_PEDIA_LEADERS_PAGE_LEADER_SIMON_BOLIVAR_CHAPTER_HISTORY_PARA_6">
      <Text>Bölgenin daha fazla özgürleştirilmesinin ardından Bolívar ve müttefikleri Gran Kolombiya Cumhuriyeti'ni kurdu. Bolívar başkan oldu, askeri ve siyasi lider Francisco de Paula Santander de başkan yardımcılığını üstlendi. Hükümeti ve başkanlığı barışçıl olmaktan çok uzaktı. Bölge, uzun süren savaşların bıraktığı kırılgan durum nedeniyle huzursuzluk içindeydi. Geniş Gran Colombia'ya hükmetmek kolay bir iş değildi ve Peru Kongresi Bolivar'ı Peru'nun diktatörü ilan ettikten sonra daha da zorlaştı. Güç kaypaktır, elde tutulması zordur ve kontrol edilmesi daha da zordur. Bölgesel ayaklanmalar ve muhalefet Bolivar'ı tedirgin ediyordu. Bolivar, birleşik bir Gran Kolombiya hayalini sağlamlaştırmak için 1828'de bir anayasa kongresi çağrısında bulundu. Ne yazık ki delegeler onun önerdiği, halefini seçebilecek bir "ömür boyu başkan" ile tamamlanmış merkeziyetçi bir hükümet modeli vizyonuna katılmadılar. Nihayetinde sınırlı bir hükümete inansa da Bolívar, Gran Colombia'nın kırılganlığından endişe ediyordu. Gerçek ideallerini uygulayabilmesi için Gran Kolombiya'nın büyümesi gerektiğini düşünüyordu.</Text>
    </Row>
    <Row Tag="LOC_PEDIA_LEADERS_PAGE_LEADER_SIMON_BOLIVAR_CHAPTER_HISTORY_PARA_7">
      <Text>Bolivar, hükümetinin ve halkın gözünden düşmemek için kendisini diktatör ilan etti ve bunun geçici bir önlem olduğunu herkese garanti etti. Bu hareket siyasi muhalifleri arasında büyük tepkiyle karşılandı ve kıl payı kurtulduğu bir suikast girişimine yol açtı.</Text>
    </Row>
    <Row Tag="LOC_PEDIA_LEADERS_PAGE_LEADER_SIMON_BOLIVAR_CHAPTER_HISTORY_PARA_8">
      <Text>İki yıl daha "başkan" olarak görev yaptıktan sonra Bolivar istifa etti. Bir kez daha Avrupa'ya yolculuk etmeyi umarak eşyalarını topladı. Ancak Bolivar gemiye hiç binmedi. Nihayetinde 17 Aralık 1830'da ölümüne yol açan tüberküloza yakalandı. Ölümünden önce Bolivar, yaveri General Daniel Florencio O'Leary'den tüm yazılarını imha etmesini istedi. Anayasa Kongresi'ndeki delegeleri gibi O'Leary de bu emre karşı çıktı ve Bolívar'ın önemli eserlerini yakmadı. Ölümünün üzerinden on yıldan fazla bir süre geçtikten sonra Bolivar memleketi Karakas'a gömüldü. Orada onu ve başarılarını kutlamak için bir anıt dikildi.</Text>
    </Row>
    <Row Tag="LOC_PEDIA_LEADERS_PAGE_LEADER_SIMON_BOLIVAR_CHAPTER_CAPSULE_BODY">
      <Text>Simón Bolívar'ın birlikleri, ister hücumda ister savunmada olsun, hesaba katılması gereken çevik bir güçtür. Birçok Comandante Generalini akıllıca kullanarak ordusunu neredeyse durdurulamaz hale getirir.</Text>
    </Row>
    <Row Tag="LOC_PEDIA_LEADERS_PAGE_LEADER_SIMON_BOLIVAR_CHAPTER_DETAILED_BODY">
      <Text>Askeri birlikler için ek hareket, ister kendi topraklarında devriye geziyor ister düşman topraklarını kurtarıyor olsun, Gran Colombia için ovalar veya tepeler boyunca uzun yürüyüşleri çocuk oyuncağı haline getirir. Saha terfileri bir birliğin sırasını sona erdirmez ve hemen savaşa geri dönmelerini sağlar. Her yeni dönemde katılan Comandante Generalleri ile Simón Bolívar'ın ordusu ek savaş gücü ve hareket ile daha da güçlendirilir. Llanerolar, bu Komutan Generallerin ve diğer Llaneroların yakınında en iyisidir ve oyun ortası askeri gücü için güçlü bir omurga görevi görür. Hacienda, savaş yoluna devam etmek için besin ve üretim sağlayacaktır. Simón Bolívar, Gran Colombia'yı bir Hakimiyet Zaferine doğru götürmek için en iyisidir, ancak böyle bir güç kaynakları başka yollara da yönlendirebilir.</Text>
    </Row>
    <!-- buildings and districts -->
    <Row Tag="LOC_PEDIA_DISTRICTS_PAGE_DISTRICT_OBSERVATORY_CHAPTER_HISTORY_PARA_1">
      <Text>Hem yoğun tarımcı hem de mükemmel matematikçiler olan Mayalar, göklerin hareketine yoğun bir ilgi duyuyorlardı. Palenque ve Chichén Itzá gibi Maya şehirlerindeki gözlemevlerinde, Maya gökbilimcileri yapay bir ufuk - düzenli boyutlarda düz, dairesel bir platform - kullanarak yıldızların, gezegenlerin, ayın ve güneşin her yıl doğup battığı noktaları dikkatlice işaretlediler. Mayalar bu gözlemleri ayrıntılı takvimler oluşturmak için kullandılar. Güneş takvimine aşinayız - 365 günlük takvimimiz güneşin bir döngüyü tamamlaması için geçen süreye dayanır, ancak birçok kültür aynı zamanda ay takvimi de kullanır (yani ayın 12 kez ağdalanması ve alçalması için geçen süre). Mayalar buna giderek daha fazla döngü eklemişlerdir. Örneğin, Venüs gezegeninin Maya gözlemevlerinin yapay ufuklarından birinin kenarındaki aynı noktaya dönmesi 584 gün sürer. Bunu fark eden ve kaydeden Mayalar bir Venüs takvimi de geliştirdiler. Son olarak Mayalar bu astronomik gözlemlere 260 günlük bir takvim eklemişlerdir ki bu takvim insanın ana rahmine düşmesinden doğumuna kadar geçen ortalama süreye denk gelmektedir.</Text>
    </Row>
    <Row Tag="LOC_PEDIA_DISTRICTS_PAGE_DISTRICT_OBSERVATORY_CHAPTER_HISTORY_PARA_2">
      <Text>Bu astronominin işlevi astroloji, din, tarım ve politikayı bir araya getirmekti. Yıldızlar ve gezegenler (zaman zaman Maya hükümdarları gibi) Maya tanrılarıydı. Takvimler birbirine bağlandıkça, farklı faaliyetler - ekim, savaş, festivaller, belirli bir liderin talihi - az ya da çok uğurlu hale gelirdi. Gözlemevi aracılığıyla astronomi, Mayalar için doğal dünyanın, doğaüstü dünyanın ve politik dünyanın birbiriyle nasıl bağlantılı olduğunu izlemenin bir yoluydu. Günümüzde astronomik gözlemler ve takvim döngüleri Mayaların yerli dinlerini ve kehanetlerini uygulama biçimlerini etkilemeye devam etmektedir.</Text>
    </Row>
    <!-- improvements -->
    <Row Tag="LOC_PEDIA_IMPROVEMENTS_PAGE_IMPROVEMENT_BATEY_CHAPTER_HISTORY_PARA_1">
      <Text>Meksika'da "ulama" olarak adlandırılan Mezoamerikan top oyunu çok eskidir. Muhtemelen birkaç bin yıl önce Olmekler tarafından icat edilmiş olsa da, M.S. ilk bin yılda popüler hale gelmiş ve Mezoamerikan kökenlerinin ötesine geçerek Kuzey Amerika ve Karayipler'e yayılmıştır. Maya versiyonlarında, elleri kullanmadan lastik bir topu taş bir halkanın (belki de yeraltı dünyasındaki yolculuklarında güneşi temsil ediyordu) içinden geçirmeyi içeriyordu. Oyuncular genellikle savaş esirleriydi ve kaybedenler tanrılara kurban edilebiliyordu. Bu tür kurbanların resimleri Chichén Itzá'daki Maya top sahalarının duvarlarında açıkça görülmektedir.</Text>
    </Row>
    <Row Tag="LOC_PEDIA_IMPROVEMENTS_PAGE_IMPROVEMENT_BATEY_CHAPTER_HISTORY_PARA_2">
      <Text>Porto Riko'daki Caguana'da bulunan bateyler bu kadar büyük değildir. Burada, Maya sahalarını karakterize eden taş halkaların olmadığı kabaca dikdörtgen, düz sahalardır. O zamanlar kurallar muhtemelen farklıydı, takımlar arasında topun fırlatılmasını içeriyordu, ancak saha ile dini yaşam arasındaki bağlantı devam etti - Caguana'nın bateyleri petrogliflerle (taş oymalar) süslenmiştir ve Porto Riko'daki Taíno dini yaşamının merkezi olan bir dağın tabanının etrafında kümelenmiştir.</Text>
    </Row>
    <Row Tag="LOC_PEDIA_IMPROVEMENTS_PAGE_IMPROVEMENT_BATEY_CHAPTER_HISTORY_PARA_3">
      <Text>Taíno dilinde "batey" kelimesi sömürgeleştirmeden bu yana kötü bir yaşam sürmüştür. Kelime aslen "top sahası" anlamına gelse de, günümüzde yaygın olarak şeker plantasyonlarında çalışan işçilerin geçici barınaklarını ifade etmek için kullanılıyor; hem tarihi plantasyonlardaki köleleştirilmiş halklar hem de birçoğu hala gönülsüz çalışmaya zorlanan günümüz işçileri için. Taíno dilinde top sahası anlamına gelen kelimenin nasıl bu kadar farklı bir anlama geldiği belirsizdir; burada "batey" kelimenin orijinal anlamına atıfta bulunmaktadır.</Text>
    </Row>
    <Row Tag="LOC_PEDIA_IMPROVEMENTS_PAGE_IMPROVEMENT_HACIENDA_CHAPTER_HISTORY_PARA_1">
      <Text>Çiftlik ile fabrika arasında bir yerde yer alan Latin Amerika'daki hacienda, 19. yüzyılda toprak mülkiyetinin baskın biçimi haline gelen, zengin bir patron tarafından sahip olunan büyük bir mülktü. Bir plantasyondan daha iç kesimlerde yer alan ve denize erişimi olmayan haciendalar, ihracat için ürün üretmenin yanı sıra tarımsal olarak da kendi kendine yeterli olmak zorundaydı. Gran Colombia'da bu ürünler kahve, koka, şeker, tütün ya da diğerleri olabiliyordu.</Text>
    </Row>
    <Row Tag="LOC_PEDIA_IMPROVEMENTS_PAGE_IMPROVEMENT_HACIENDA_CHAPTER_HISTORY_PARA_2">
      <Text>Hacienda sistemi doğası gereği sömürüye dayalıydı. Afrika kökenli insanların köleleştirilmesi kıyı plantasyonlarında daha baskın olsa da, iç kesimlerdeki haciendalar yerli halkların mülksüzleştirilmesine dayanıyordu. Bu insanlar genellikle ücretsiz olarak çalıştırılıyor ve emekleri karşılığında hacienda topraklarında kalmalarına "izin veriliyordu" - bu topraklar çoğu durumda ilk başta kendilerinden ya da atalarından alınmıştı.</Text>
    </Row>
    <Row Tag="LOC_PEDIA_IMPROVEMENTS_PAGE_IMPROVEMENT_HACIENDA_CHAPTER_HISTORY_PARA_3">
      <Text>Köleliğin kaldırılmasıyla ve Latin Amerika'nın büyük bölümünde yapılan sosyal ve işgücü reformlarıyla birlikte hacienda sistemi sona ermiş olsa da, nostalji kokan çiftlikler ya da malikaneler hala bu ismi kullanıyor olabilir.</Text>
    </Row>
    <!-- units -->
    <Row Tag="LOC_PEDIA_UNITS_PAGE_UNIT_MAYAN_HULCHE_CHAPTER_HISTORY_PARA_1">
      <Text>Ok ya da dart atmak için kullanılan bir Maya silahı olan hul'che ilk bakışta oldukça basit görünmektedir. Ucunda bir okun oturduğu bir çentik bulunan uzun bir ahşap şafttır. Deneyimli bir nişancı tarafından kullanılan hul'che, bir oku saatte üç yüz milden (saniyede 150 metre) fazla bir hızla fırlatarak atış gücünü büyük ölçüde artırır. Hafif zırhlı Mezoamerikan askerlerine karşı hul'che ölümcül olabilirdi. Birçok eski toplumda kullanılmıştır: Aztekler buna atlatl, Avustralya yerlileri woomera demişlerdir ve Avrupa'da da benzer aletlere dair arkeolojik kanıtlar mevcuttur.</Text>
    </Row>
    <Row Tag="LOC_PEDIA_UNITS_PAGE_UNIT_MAYAN_HULCHE_CHAPTER_HISTORY_PARA_2">
      <Text>Hem Maya erkekleri hem de kadınları hul'che kullanımı konusunda eğitimliydi. Maya savaşları hul'che oklarının değiş tokuşuyla başlar, bireysel yakın dövüşçüler bireysel zafer arayışına girmeden önce rakiplerini yaralarlardı.</Text>
    </Row>
    <Row Tag="LOC_PEDIA_UNITS_PAGE_UNIT_COLOMBIAN_LLANERO_CHAPTER_HISTORY_PARA_1">
      <Text>Llanos otlakları doğu Kolombiya ve batı Venezuela boyunca uzanır ve bu ülkelerin cesur, dayanıklı sığır çobanları olan llanerosların evidir. Zengin Karayip limanlarından ayrı kalan llanerolar, Latin Amerika bağımsızlık savaşlarının her iki tarafında da süvari olarak görev yaptıklarında onlara alkış kazandıran güçlü bir bireyci ve becerikli bir çizgi geliştirdiler. İçlerinden biri olan José Antonio Páez, özellikle José Tomás Boves'in benzer şekilde örgütlenmiş kralcı llanerolarına karşı llaneroları etkili bir savaş gücü haline getirmiştir.</Text>
    </Row>
    <Row Tag="LOC_PEDIA_UNITS_PAGE_UNIT_COLOMBIAN_LLANERO_CHAPTER_HISTORY_PARA_2">
      <Text>Llanero kültürü, İspanyol yerleşimcilerin yerli gruplara yakın yaşaması ve onlarla kaynaşmasıyla ortaya çıkmış, kendi müziği, mutfağı ve özellikle de atçılık geleneği olan yeni ve kendine özgü bir toplum yaratmıştır. Kıyı elitlerinden hoşlanmadıkları için llanerolar başlangıçta Kraliyet için savaşmaya ikna edildiler, ancak Páez yönetiminde llanerolar bağımsızlık için güçlü bir güç haline gelerek Boyacá ve Carabobo savaşlarında devrimcileri zafere taşıdılar. Unutulmaz bir sahnede, Páez llanerolarını yanan bir ovadan geçirerek, alevler ve dumandan ne yapacaklarını şaşıran İspanyolları şaşkına çevirdi... ve dörtnala üzerlerine gelen binlerce atın gürültüsü!</Text>
    </Row>
    <Row Tag="LOC_PEDIA_UNITS_PAGE_UNIT_LAHORE_NIHANG_CHAPTER_HISTORY_PARA_1">
      <Text>Nihanglar 17. ve 19. yüzyıllar arasında bugün kuzey Hindistan, Pakistan ve Afganistan'da yaşayan Sih din savaşçılarının bir mezhebiydi. Farsçada "timsah" anlamına gelen isimleri savaştaki vahşiliklerine atıfta bulunuyordu, ancak kendilerine Akali, yani "ölümsüzler" diyorlardı. Elektrik mavisinden oluşan ikonik bir kıyafet ve bir ayak yüksekliğinde bir türban giyen Nihanglar, Sih dövüş sanatları olan shastar vidya ustalarıydı. Askeri yeteneklerinin yanı sıra, alkol, tütün ve diğer düşkünlükleri yasaklayan katı ahlak kuralları ve dini disiplinleriyle tanınırlardı; dönemin bir Sih alimine göre bir Nihang, "Sih tapınaklarını maddi kazanç arzusu olmadan koruyan, her zaman adil ve doğru bir savaş için istekli olan kişidir." Ve savaştılar da; bir yetkilinin bildirdiğine göre, Nihang "acıdan veya rahatlıktan etkilenmezdi... savaşın olduğu yerde, ölüm korkusu olmadan, asla geri adım atmazdı."</Text>
    </Row>
    <Row Tag="LOC_PEDIA_UNITS_PAGE_UNIT_LAHORE_NIHANG_CHAPTER_HISTORY_PARA_2">
      <Text>Ancak, her ne kadar zorlu savaşçılar olsalar da, bir ordu değillerdi. Daha ziyade, kırsal kesimde dolaşarak ihtiyaç duydukları şeylere yardım eden ve Sih topluluklarını ve tapınaklarını uygun gördükleri şekilde savunan savaşçı rahiplerdi. İngilizlerin gelişi onları sürekli kontrolden çıkma tehdidiyle karşı karşıya bırakan tabandan gelen bir direniş hareketine dönüştürdü. Sonuç olarak, kısa ömürlü Sih İmparatorluğu'nun lideri Ranjit Singh, 1800'lerin başında Lahor'un fethi sırasında birkaç bin Nihang'ı ordusunda örgütlediğinde, onların şiddetli savaş gücünü kontrol altına almaya ve ortaklaşa kullanmaya çalıştı.</Text>
    </Row>
    <Row Tag="LOC_PEDIA_UNITS_PAGE_UNIT_LAHORE_NIHANG_CHAPTER_HISTORY_PARA_3">
      <Text>1800'lerin ortalarına gelindiğinde Nihang ve Sih İmparatorluğu yenilgiye uğramıştı. Bununla birlikte, sanatları Hindistan ve Birleşik Krallık'taki bazı Sih topluluklarında hala uygulanmaktadır.</Text>
    </Row>
    <Row Tag="LOC_PEDIA_UNITS_PAGE_UNIT_COMANDANTE_GENERAL_CHAPTER_HISTORY_PARA_1">
      <Text>Gran Colombia'nın tarihine direniş damgasını vurmuştur ve bu direniş bir dizi parlak askeri komutan tarafından yönetilmiştir. José de St Martín'den José María Córdova'ya, Francisco de Paula Santander'den José Antonio Páez'e ve "El Libertador" Simón Bolívar'ın kendisine kadar Latin Amerikalı askeri liderler Güney Amerika tarihinin gidişatını şekillendirmiştir.</Text>
    </Row>
    <Row Tag="LOC_PEDIA_UNITS_PAGE_UNIT_COMANDANTE_GENERAL_CHAPTER_HISTORY_PARA_2">
      <Text>Cesaretlerinin bir örneği olarak, Yeni Granada'nın kurtarılması sırasında Bolivar 3.000 askerini yağmur mevsiminde taşan nehirlerden geçirerek buz tutmuş And Dağları'nın eteklerine kadar götürdü ki bu başka bir general için neredeyse intihar anlamına gelecek bir hareketti. Ancak Bolivar tepelerden aşağı inerek İspanyolları geride bıraktı ve takviye kuvvetlerin önünü kesti. İspanyol sömürge başkenti Bogota sadece birkaç gün sonra düştü.</Text>
    </Row>
    <!-- resources -->
    <Row Tag="LOC_PEDIA_RESOURCES_PAGE_RESOURCE_MAIZE_CHAPTER_HISTORY_PARA_1">
      <Text>Mısır - Kuzey Amerikalıların "corn" dediği - ilk olarak Mezoamerika'da teosinte ot bitkisinden yetiştirilen bir tahıldır. Orta Amerika milpaslarında (kesilip yakılan mısır tarlaları) veya chinampalarda (yüzen mısır tarlaları) bilinçli ekim ve seçici yetiştirme, küçük teosinte tanelerini bugün aşina olduğumuz büyük koçanlara dönüştürmüştür. Temel bir ürün olarak mısır, Maya ve Aztek imparatorluklarının büyük Yeni Dünya şehirlerinin genişlemesini ve hakimiyetini sağlamış ve Orta Amerika mutfağı için önemini korumuştur. Avrupa ile temastan kısa bir süre sonra mısır, pirinç, buğday veya arpadan farklı toprak ve topografya türlerini kullandığı için Eski Dünya'nın büyük bir kısmına da yayıldı. Tahıl, mısırın ilk kez Portekizliler tarafından tanıtıldığı ve kıtadaki tarımsal uygulamaları ve arazi kullanımını dönüştürdüğü Afrika'da coşkuyla benimsendi: mısır yetiştiriciliği, daha hızlı büyüme mevsimi ve yoğun işleme işiyle, birçok Afrika toplumunda kadın emeği için yeni roller açtı ve böylece girdiği toplumlardaki sosyal bölünmeleri daha da değiştirdi.</Text>
    </Row>
    <Row Tag="LOC_PEDIA_RESOURCES_PAGE_RESOURCE_HONEY_CHAPTER_HISTORY_PARA_1">
      <Text>Bal, larvaların yemesi için kovanda saklanan arılar tarafından çiçek nektarından yapılan doğal bir tatlandırıcıdır - kelimenin tam anlamıyla böcek kusmuğudur. Ama aynı zamanda insanlık tarihinin en eski lezzetlerinden biridir; İspanya'nın Valencia kentindeki bir kaya resminde yabani bir arı kovanından bal alan bir kişi görülmektedir. Bal toplamak için hemen hemen her toplumda aynı teknik kullanılır: arıcılar - ya da arı avcıları - kovanı dumanla doldurarak böcekleri uyuşturur, böylece arıların acı veren iğnelerine maruz kalmadan petek bal alınabilir. Balın çok çeşitli kullanım alanları vardır; biz balı çoğunlukla tatlandırıcı olarak görsek de, bal aynı zamanda güçlü antimikrobiyal özelliklere sahiptir ve yara ve yanıkların tedavisinde kullanılmıştır. Ayrıca, en eski alkollü içecek olan bal likörü baldan yapılır ve bu "bal-şarabı "na Yunan, Hint, Çin ve İskandinav mitlerinde atıfta bulunulur.</Text>
    </Row>
    <!-- city states -->
    <Row Tag="LOC_PEDIA_CITYSTATES_PAGE_CIVILIZATION_SINGAPORE_CHAPTER_HISTORY_PARA_1">
      <Text>Singapur, Güneydoğu Asya'da Malay Yarımadası'nın ucundaki bir adada yer alan bir şehir devletidir. Ada, Johor Boğazı'nda, Güney Asya ve Hint Denizi'ni Doğu Asya ve Pasifik'e bağlayan hayati bir ticaret yolunun tam ortasında yer almaktadır. Sömürge döneminden önce bölge, Sumatra'daki Srivijaya, Java'daki Majapahit ve Malay sultanlıkları ağı gibi bir dizi yerli imparatorluğa ev sahipliği yapıyordu. Avrupalılar bölgeye geldiklerinde, İspanyollar ve Portekizliler yerel halkı Katolikliğe döndürmeye çalıştılar (başarısız oldular), İngilizler ve Hollandalılar ise baharat ticaretinden faydalanmak istediler. Ancak 1800'den önce Singapur adası, Malay anakarasında suyun hemen karşısında bir Malay krallığı olan Johor Sultanlığı'nın kontrolü altında küçük bir balıkçı köyü olarak kaldı.</Text>
    </Row>
    <Row Tag="LOC_PEDIA_CITYSTATES_PAGE_CIVILIZATION_SINGAPORE_CHAPTER_HISTORY_PARA_2">
      <Text>Ancak 1819'da ada, potansiyel olarak kârlı konumuyla, Hint afyonunun İngiliz gemileriyle Çin pazarlarına ulaşmasını sağlamak için Boğazları kontrol etmek isteyen Britanya İmparatorluğu'nun gözüne girdi. Bir İngiliz subayı olan Sir Stamford Raffles, Johor'da bir darbe düzenledi ve yeni kurulan sultan da ödül olarak İngilizlere adanın haklarını verdi - tam da Raffles'ın planladığı gibi. Singapur, bölgedeki İngiliz sömürge operasyonlarının merkezi olarak önem kazandı: sadece bir ticaret merkezi değil, aynı zamanda yeni nakit mahsuller için bir laboratuvar ve Hindistan'daki İngiliz varlığının doğuya doğru bir uzantısı. İngilizler adaya bir dizi yeni göçmen getirdi: Güney Çin'den Hokkien, Kanton ve Hakka göçmenleri; Güney Hindistan'dan Tamil işçileri ve Malaya'nın başka yerlerinden yeni göçmenler. Singapur, Malaya'daki İngiliz kolonilerinin hayati kalbi haline geldi: Boğazlar Yerleşimleri olarak bilinecek olan yer.</Text>
    </Row>
    <Row Tag="LOC_PEDIA_CITYSTATES_PAGE_CIVILIZATION_SINGAPORE_CHAPTER_HISTORY_PARA_3">
      <Text>1900'lü yıllarda Singapur'un kaderi bir kez daha değişti. Japon İmparatorluk ordusu İkinci Dünya Savaşı'nda ölümcül bir kuşatmayla adayı ele geçirdi. Japonlar sonunda teslim olurken, İngilizlerin adayı korumadaki başarısızlığı, Boğaz Yerleşimleri nüfusunun sömürge yönetimine geri dönme konusunda isteksiz olduğu anlamına geliyordu - Avrupa emperyalizmi dönemi sona ermişti. Kitlesel gösteriler ve ajitasyon yoluyla sonunda bağımsızlıklarını kazandılar, ancak bir sonraki soru ortaya çıktı: İngiliz sonrası Malaya'nın karakteri ne olacaktı? Çoğunluğu Müslüman olan Malaya, Malayları eski koloninin doğal mirasçıları, Çinlileri ise yabancı olarak görüyordu. Kanlı etnik şiddet olayları yaşandı ve etnik Çinliler büyük sayılarla çoğunluğu Çinli olan Singapur'a ve Singapur'un lideri Lee Kuan Yew'e kaçtı. Gergin müzakerelerin ardından Malaya -şimdiki Malezya- 1965 yılında Singapur'u dışladı.</Text>
    </Row>
    <Row Tag="LOC_PEDIA_CITYSTATES_PAGE_CIVILIZATION_SINGAPORE_CHAPTER_HISTORY_PARA_4">
      <Text>Lee, Singapur'un başarısız olmasını istemiyordu ve zaman zaman ağır bir el ile yöneterek etnik ve işçi gerilimlerini herkesin ekonomik refahına olan bağlılığı ile dengelemeye çalıştı. Belki Lee'nin kararlılığı, belki de Singapur'un Boğazlar'daki tesadüfi konumu nedeniyle Singapur 21. yüzyıla ekonomik bir güç merkezi olarak girdi. Bugün yaklaşık altı milyonluk kozmopolit nüfusu ve küresel bakış açısıyla Singapur, bölgede siyasi açıdan istikrarlı ama ekonomik açıdan dinamik bir güç olmaya devam ediyor. Singapur, hem çevresindeki işçilerden ve zenginliklerden yararlanan bir sömürge mirası hem de Lee'nin oğlu Lee Hsien Loong yönetiminde "yumuşak otoriter" bir siyasi yönelim taşımakla birlikte, bağımsız bakış açısını ve her şeyden önce siyasete pragmatik yaklaşımını korumaktadır.</Text>
    </Row>
    <Row Tag="LOC_PEDIA_CITYSTATES_PAGE_CIVILIZATION_CAGUANA_CHAPTER_HISTORY_PARA_1">
      <Text>Kolomb Karayipler'e yelken açtığında karşılaştığı ilk halk, günümüzde Porto Riko, Hispaniola ve Küba'da yaşayan bir grup tarım insanı olan Taino'lardı. Tainolar anasoylu bir toplumdu - soyu anne soyundan sayıyorlardı - ve Taino kadınları ve erkekleri ayrı topluluklar halinde yaşıyorlardı. Zaman zaman kanolarla Taino yerleşimlerine baskınlar düzenleyen daha savaşçı Karayiplerle ("Karayip" kelimesini buradan alıyoruz) sürekli gerilim içinde yaşadılar, ancak buna rağmen Tainolar farklı bir soylu sınıfı, karmaşık bir dini ve sporu olan gelişen bir toplum kurmayı başardılar.</Text>
    </Row>
    <Row Tag="LOC_PEDIA_CITYSTATES_PAGE_CIVILIZATION_CAGUANA_CHAPTER_HISTORY_PARA_2">
      <Text>Arkeologlar Kolomb karaya çıktığında bölgede belki de iki milyon Taino'nun yaşadığını tahmin etmektedir. Ancak bu sayı, hastalık, köleleştirme ve savaşın karışımı Taino'yu harap ettikçe düşecektir. Kolomb'un gelişinden on yıl kadar sonra yazan İspanyol rahip Bartolome de las Casas, aradan geçen yıllarda üç milyon insanın öldüğünü tahmin ediyordu. "Gelecek nesillerde buna kim inanır?" diye merak ediyordu.</Text>
    </Row>
    <Row Tag="LOC_PEDIA_CITYSTATES_PAGE_CIVILIZATION_CAGUANA_CHAPTER_HISTORY_PARA_3">
      <Text>Taino halkı için önemli bir merkez olan Caguana bölgesi Porto Riko'nun merkezinde yer almaktadır. Otuza yakın top sahası - Mezoamerikan top oyununun oynandığı arenalar - içermektedir. Ayrıca petrogliflerle kaplı oyma taşlar, yakındaki dağları tanrılarıyla ilişkilendiren Taino halkı için bölgenin önemini kanıtlamaktadır. Caguana, 1200'lü yıllardaki zirvesinde dini şenliklerin, astronomik gözlemlerin ve sporun yapıldığı bir yerdi - Taino için muhtemelen bağlantılı olan faaliyetler. Porto Riko için bir kültürel miras alanı olmaya devam etmektedir.</Text>
    </Row>
    <Row Tag="LOC_PEDIA_CITYSTATES_PAGE_CIVILIZATION_LAHORE_CHAPTER_HISTORY_PARA_1">
      <Text>Lahor, bugün önemli bir dünya kenti ve Himalayalar'ın güneyinde yer alan ve Hindistan ile Pakistan arasında bölünmüş kurak bir bölge olan Pencap bölgesinde bir ticaret ve kültür merkezidir. Şehir Babür İmparatorluğu, kısa ömürlü Sih İmparatorluğu ve İngiliz Hindistan'ında önemli roller oynamıştır ve şu anda Pakistan'ın ikinci büyük şehridir. Asya'daki iç ticaret yollarının kavşağı olmasının yanı sıra Lahor, Pakistan ve ötesi için önemli bir kültür başkenti olmaya devam etmektedir.</Text>
    </Row>
    <Row Tag="LOC_PEDIA_CITYSTATES_PAGE_CIVILIZATION_LAHORE_CHAPTER_HISTORY_PARA_2">
      <Text>Lahor'a ilk yerleşim muhtemelen M.S. ilk bin yılda olmuştur, ancak asıl yükselişi Moğol ordularından arta kalan, İslam'ı kabul eden, yerleşen, kültürleşen ve 16. yüzyıldan 19. yüzyıla kadar Güney Asya'yı yöneten Babür İmparatorluğu döneminde gerçekleşmiştir. Babürlü yöneticiler Lahor'da, şehir dışına çıkan yollardaki devasa kapılar ve kutsal mekanlar olan azizlerin mezarları ve kraliyet camileri de dahil olmak üzere, cömertçe inşa ettiler. 18. yüzyıla gelindiğinde Lahor'un zenginliği dünyaca ünlü hale geldi; hatta Lahor, Milton'un Kayıp Cennet'inde, Milton'un Adem'ine bir dünya harikası olarak gösterilen "Büyük Babür'ün Koltuğu" olarak bir zenginlik ve güç şehri olarak anıldı. Diğer İngiliz yazarlar da benzer şekilde şehre hayran kalmışlardır: sömürgeci İngiliz yazar Rudyard Kipling Lahor'u "öğle sıcağı insan seslerini susturduğunda ve caminin güvercinlerini uyuttuğunda bile güzelliklerle dolu" olarak tanımlar ve çocukken Lahor'un Ermeni yapımı büyük "Zam-Zammeh" topunu gördüğünde kendinden geçer.</Text>
    </Row>
    <Row Tag="LOC_PEDIA_CITYSTATES_PAGE_CIVILIZATION_LAHORE_CHAPTER_HISTORY_PARA_3">
      <Text>Babür İmparatorluğu gerilemeye başladıkça bölgede yeni güçler ortaya çıktı ve Pencap için savaştılar. Lahor'u ilk ele geçirenler, 1758'de şehri Babürlülerden alan Maratha'nın Hindu orduları oldu. Ancak Marathalar Babürlüler kadar uzun ömürlü olmadı ve Lahor tekrar el değiştirerek Sih ve Afgan güçlerinin eline geçti. Şehir 1799 yılında Ranjit Singh yönetimindeki Sih İmparatorluğu'nun merkezi haline geldi. "Pencap Aslanı" Singh, yeni bir imparatorluk için yeni bir ordu kurmaya çalıştı ve bunu yaparken hem uluslararası hem de yerel güç kaynaklarına ulaştı, birliklerini eğitmek için Napolyon'un ordusundan askerler getirdi ve vahşi Nihang savaşçı-rahiplerini güçlerine kattı. Ancak Sih imparatorluğu Singh olmadan devam edemedi ve Singh'in ölümünden sonra bölge tamamen İngiliz imparatorluğuna bağlandı.</Text>
    </Row>
    <Row Tag="LOC_PEDIA_CITYSTATES_PAGE_CIVILIZATION_LAHORE_CHAPTER_HISTORY_PARA_4">
      <Text>İngiliz yönetimindeki Lahor, sömürge yetkililerinin yeni inşaatlar için Babür bölgesini terk etmesiyle şehrin tamamen yeni bir mahallesinin gelişimine tanık oldu. Pencap, İngilizler için bazı sorunlar arz ediyordu: Çatışmalı bir sınıra yakındı ve İngilizlerin yoğunlaştığı limanlardan uzaktı. Gerçekten de Lahor, 1929 yılında Pandit Nehru'nun İngiltere'den "tam bağımsızlık" ilan ettiği ve üç renkli Hint bayrağını göndere çektiği yer olarak Hindistan bağımsızlık hareketi için önemli bir merkez haline geldi.</Text>
    </Row>
    <Row Tag="LOC_PEDIA_CITYSTATES_PAGE_CIVILIZATION_LAHORE_CHAPTER_HISTORY_PARA_5">
      <Text>Ancak bağımsızlığın ardından kanlı bölünme olayı geldi. Kendisini Müslüman bir ulus olarak ilan eden Pakistan'ın Hindistan'dan ayrılmasıyla ayaklanmalar patlak verdi. Hindular ve Müslümanlar kitlesel bir şiddet çılgınlığı içinde birbirlerini öldürdüler. Lahor da bir istisna değildi ve Hinduların yaygın bir şekilde katledilmesine tanık oldu. Lahor'da yaşayan bir Hindu olan Indira Kumar, çocukken şiddetten kaçıp dağlara sığınırken, "Özgürlüğün bedeli nedir ve ne için?" diye merak ediyordu.</Text>
    </Row>
    <Row Tag="LOC_PEDIA_CITYSTATES_PAGE_CIVILIZATION_LAHORE_CHAPTER_HISTORY_PARA_6">
      <Text>Bölünmenin sona ermesi şiddetin de sona erdiği anlamına gelmiyordu. Lahor, 1965 yılında Hindistan ve Pakistan'ın yeniden savaştığı bir başka şiddet olayında hasar gördü. Bugün Lahor varlığını sürdürmektedir. Pakistan'ın Pencap eyaletinin başkentidir ve 10 milyondan fazla nüfusa ev sahipliği yapmaktadır.</Text>
    </Row>
    <Row Tag="LOC_PEDIA_CITYSTATES_PAGE_CIVILIZATION_VATICAN_CITY_CHAPTER_HISTORY_PARA_1">
      <Text>Vatikan Şehri, 0,2 mil kareden daha az bir alan ve 1.000 sakini ile dünyanın en küçük egemen devletidir. Vatikan'ın mirası, Katolik Kilisesi'nin ve bir milyardan fazla takipçisinin idari kalbi olan Kutsal Makam'ın evi olarak yaklaşık iki bin yıl öncesine dayanmaktadır.</Text>
    </Row>
    <Row Tag="LOC_PEDIA_CITYSTATES_PAGE_CIVILIZATION_VATICAN_CITY_CHAPTER_HISTORY_PARA_2">
      <Text>Adını üzerinde bulunduğu tepeden alan Vatikan, Roma'nın tarihi kalbinden Tiber Nehri'nin karşısında yer almaktadır. Romalılar için Vatikan Tepesi pagan tanrıların mezarlarının ve tapınaklarının bulunduğu bir yerdi ve Roma İmparatoru Neron bahçelerini ve devasa eğlence kompleksini bu alana inşa etti. Ve Katolik geleneğine göre Havari Petrus'u baş aşağı çarmıha gerdiği yer de bu kompleksti. Ancak Neron'un sirki ayakta kalamazken, 300'lü yıllarda Roma İmparatoru Konstantin, havarinin öldüğü yere Aziz Petrus Bazilikası'nı inşa etti. Konstantin ayrıca İmparatorluk genelinde popüler hac yerleri belirledi ve böylece Vatikan gezginler için popüler bir yer haline geldi. Bu da yeni tadilatların yapılmasını gerektirdi - konaklama yerleri, bir pazar yeri (Borgo) ve daha yüksek ve daha ayrıntılı duvarlar.</Text>
    </Row>
    <Row Tag="LOC_PEDIA_CITYSTATES_PAGE_CIVILIZATION_VATICAN_CITY_CHAPTER_HISTORY_PARA_3">
      <Text>Belki de Neron ve bahçelerinden nihai bir intikam olarak Vatikan, çılgın İmparator'unkini çok aşan bir Rönesans sanatı merkezi haline geldi ve en ünlüsü Papa Julius II tarafından yaptırılan Michelangelo'nun 1508 tarihli tavanı ile Sistine Şapeli'ne ev sahipliği yaptı. Julius ayrıca bin yıllık Aziz Petrus Bazilikası'nı yeniden şekillendirmeye çalışmış ve yüz yıldan fazla bir süre sonra, 1626'da tamamlanan yeni bir bazilika yaptırmıştır.</Text>
    </Row>
    <Row Tag="LOC_PEDIA_CITYSTATES_PAGE_CIVILIZATION_VATICAN_CITY_CHAPTER_HISTORY_PARA_4">
      <Text>Katolik Kilisesi'nin kalbi olan Vatikan, birçok önemli kararın alındığı yerdi. Batı Roma İmparatorluğu'nun çöküşü, Doğu Ortodoks Kilisesi ile yaşanan bölünme ve Orta Çağ boyunca varlığını sürdürmüştür. 14. yüzyılda papalar Vatikan'ı kısa bir süreliğine Fransa için terk etti, ancak birkaç on yıl sonra geri döndü. Katolik krallar meşrulaştırma ve destek için Vatikan'a başvurdular ve bu yeterli olmayınca girişimci papalar İtalya'ya doğru genişleyerek Papalık Devletlerini kurdular.</Text>
    </Row>
    <Row Tag="LOC_PEDIA_CITYSTATES_PAGE_CIVILIZATION_VATICAN_CITY_CHAPTER_HISTORY_PARA_5">
      <Text>Ancak seküler güçler yükselişteydi ve 1870'te artık birleşmiş olan İtalya, Vatikan dışındaki papalık topraklarını ele geçirdi. Bu çatışma, Benito Mussolini'nin Vatikan'ın kayıplarını tazmin ettiği ve Vatikan'ı egemen bir devlet olarak tanıdığı 1929 yılına kadar çözümsüz kaldı.</Text>
    </Row>
    <Row Tag="LOC_PEDIA_CITYSTATES_PAGE_CIVILIZATION_VATICAN_CITY_CHAPTER_HISTORY_PARA_6">
      <Text>Bugün Papa hala Vatikan'da ikamet etmektedir ve Vatikan dünya meselelerinde kültürel, dini ve siyasi olarak önemli bir ses olmaya devam etmektedir. Etkileyici sanat müzelerine, mimari özelliklere ve bahçelere ev sahipliği yapmaya devam etmektedir.</Text>
    </Row>
    <Row Tag="LOC_PEDIA_CITYSTATES_PAGE_CIVILIZATION_TARUGA_CHAPTER_HISTORY_PARA_1">
      <Text>Taruga, Nijerya'nın merkezinde bulunan ve Batı Afrika'daki en eski demir üretimine dair kanıtlarıyla önem taşıyan bir arkeolojik alanın adıdır. Buna ek olarak, bu bölgede ilk sanatsal ve bilimsel gelişmelerden bazıları olan ayrıntılı saç stilleri ve uzun yüzleri ile ilgi çekici pişmiş toprak figürler ortaya çıkmıştır.</Text>
    </Row>
    <Row Tag="LOC_PEDIA_CITYSTATES_PAGE_CIVILIZATION_TARUGA_CHAPTER_HISTORY_PARA_2">
      <Text>Taruga'da yaşayan insanların şehirlerine verdikleri isim de kendilerine verdikleri isim gibi tarihe karıştı. Arkeologlar, başka bir ikonik bölgeye atfen onları "Nok kültürü" olarak adlandırmışlardır. Arkeologlar "Nok halkı" ya da "Nok imparatorluğu" yerine "Nok kültürü" terimini kullanmaktadırlar, çünkü siyasi bir birliği paylaşıp paylaşmadıklarını, belirli bir halk mı yoksa ortak bir kültürü paylaşan bir grup mu olduklarını bilmiyoruz. Günümüz Portekiz'i ile aynı büyüklükte ve başkent Abuja da dahil olmak üzere günümüz Nijerya'sının çoğunu kapsayan bir bölgede yaşıyorlardı. Yeni arkeolojik araştırmalara göre Nok kültürü M.Ö. 500'lerde en büyük boyutuna ulaşmış olsa da, yaklaşık bin yıl önce ortaya çıkmış olabilirler. Basit akrabalık ilişkilerinin ötesine geçen, seçkin bir yönetici sınıfı da içeren bir sosyal örgütlenme sistemine sahiptiler. Nok heykellerinde balkabağı, yerleşimlerinde ise sorgum ve darı tanelerinin izlerine rastlanmıştır. Nok nüfusu büyüdükçe, bu ürünlerin kontrolü, ticareti ve depolanması giderek daha önemli ve karmaşık hale gelmiş, bu da büyük tahıl ambarlarına ve ticaret ağlarına yol açmıştır.</Text>
    </Row>
    <Row Tag="LOC_PEDIA_CITYSTATES_PAGE_CIVILIZATION_TARUGA_CHAPTER_HISTORY_PARA_3">
      <Text>Nokların dünya tarihinde en önemli iki özelliği vardır: demir işlemeyi erken keşfetmeleri ve pişmiş toprak heykelleri. Nok demirhaneleri tarım aletlerinin yanı sıra savaş aletleri de üretmiştir - savaş Nok sanatında önemli bir yer tutmasa da, Nok okları ve mızrakları farklı bir hikaye anlatır. Nok heykelleri gündelik ve fantastik olanın bir karışımıdır. Birçoğu ritüel silahlar taşıyan, küçük kare sakallı ve bıyıkları sadece ağızlarının köşelerinde uzamış erkeklerdir. Diğerleri ise insan-hayvan melezidir: insan gözlü bir fil, kuş gagalı adamlar, vs.</Text>
    </Row>
    <Row Tag="LOC_PEDIA_CITYSTATES_PAGE_CIVILIZATION_TARUGA_CHAPTER_HISTORY_PARA_4">
      <Text>Nok, bilinmeyen nedenlerden dolayı MS 200 civarında gerilemiştir. Ancak daha sonraki Batı Afrika uygarlıklarını etkiledikleri açıktır ve erken bir tarihte inovasyon ve bilimsel üretimin bir örneğidirler.</Text>
    </Row>
    <Row Tag="LOC_PEDIA_CITYSTATES_PAGE_CIVILIZATION_HUNZA_CHAPTER_HISTORY_PARA_1">
      <Text>İspanyollar Güney Amerika'ya vardıklarında, "El Dorado", "altın olan", bir altın şehri hikayeleri onları cezbetti. Büyülenmelerinin çoğu basit bir açgözlülükten kaynaklansa da, daha sonraki yazarlar, batan güneşin altında kerpiçten pueblo şehirlerinin görüntüsünün kaşiflerin hayal güçleri üzerinde ne gibi etkileri olabileceğini merak etmişlerdir. Bu tür fanteziler pek çok Güney Amerika kentinin katıksız zenginliğiyle beslenmiş olabilir. Muisca halkının kalbi Hunza, altınla dolup taşan böyle bir yerdi. İspanyollar burayı bulduklarında Güney Amerika'nın en zengin krallıklarından biriydi ve Muisca'yı fethettikten sonra topraklarını Kolombiya'ya dönüşecek olan İspanyol yerleşimlerinin başkenti yaptılar.</Text>
    </Row>
    <Row Tag="LOC_PEDIA_CITYSTATES_PAGE_CIVILIZATION_HUNZA_CHAPTER_HISTORY_PARA_2">
      <Text>Chibcha dilini konuşan Muisca halkı, İspanyollar geldiğinde yaklaşık 120.000 ila 160.000 kişi arasındaydı. Biri zipa olarak bilinen krallar, diğeri zaque olarak bilinen krallar tarafından yönetilen iki ana yönetime bölünmüşlerdi. Bunlar bir tür konfederasyonun krallarıydı: yarı özerk topluluklardaki bireyler bir kaptan tarafından birleştirilir, o da iktidardaki zaque'ye (ya da zipa) hesap verirdi. Muisca köyleri, sazdan çatıları, karmaşık bir ilahlar panteonuna ait tapınakları ve yöneticiler için sarayları ile oldukça yoğundu. Birçok toplumda olduğu gibi din ve hükümdarlık birbirine bağlıydı ve zipa ve zaque ezoterik büyülü bilgi kaynakları üzerinde hak iddia ederek meşruiyetlerini genişlettiler.</Text>
    </Row>
    <Row Tag="LOC_PEDIA_CITYSTATES_PAGE_CIVILIZATION_HUNZA_CHAPTER_HISTORY_PARA_3">
      <Text>Muisca toprakları zengin ama kuraktı. Mısır yetiştirirken, daha sulak ovalarda yaşayan komşularına da baskınlar düzenleyerek tahılın yanı sıra tarla ve ev işlerinde çalıştırılmak üzere köleler ve insan kurbanları da götürüyorlardı. Muisca savaşçıları dehşet vericiydi; bu "guecha savaşçıları" bazen güçlerini göstermek için sırtlarında mumyalanmış cesetler taşırlardı - gerçekten de isimlerinin bir çevirisi "ölüm getiren adam" anlamına gelmektedir. Daha barışçıl zamanlarda Muisca, zengin madenlerinden elde ettikleri ganimetlerin yanı sıra özenle işlenmiş tekstil ürünlerini de komşularıyla takas ederdi. Bugün olduğu gibi, And Dağları'nın bu bölgesindeki madenler zümrüt ve kömür (Muisca'nın ev ateşi için kullandığı) üretmektedir. Ve tabii ki Muisca altın işliyordu.</Text>
    </Row>
    <Row Tag="LOC_PEDIA_CITYSTATES_PAGE_CIVILIZATION_HUNZA_CHAPTER_HISTORY_PARA_4">
      <Text>Muiska'lar altın içinde yüzüyorlardı, bazen kelimenin tam anlamıyla. Guatavita Gölü'nde tanrılara adaklarını yerine getirirken Muisca adanmışları kendilerini altın tozuna boyar ve suda yıkanırlardı. Zipa ve zaque süsleri som altındandı (Muisca madenlerinden değil, ticaret yoluyla elde edilen altın) ve böyle bir figürle karşılaşmak İspanyolların aklına fetihten elde edilebilecek kârları ya da tamamen metalden yapılmış efsanevi bir uzak şehri getirmiş olmalı. 1537'de El Dorado'yu arayan bir İspanyol keşif birliği Bogota savanasına, yani Muisca bölgesinin kalbi olan tarih öncesi göl yatağına ulaştı.</Text>
    </Row>
    <Row Tag="LOC_PEDIA_CITYSTATES_PAGE_CIVILIZATION_HUNZA_CHAPTER_HISTORY_PARA_5">
      <Text>Muisca lideri Quemuenchatocha, İspanyolların oluşturduğu tehdidi fark etti ve onlardan saklanmaya çalıştı. Ancak bu uzun sürmedi; İspanyollar onu altın ve zümrütlerle süslenmiş olarak bulduklarında, arkadaşları kaçtı. İspanyollar onun değerli eşyalarını ve kendisini ele geçirdi. Onun toprakları üzerinde - Hunza - İspanyol kasabası Tunja inşa edildi ve verimli Muisca toprakları üzerinde daha sonra Bogota'nın başkenti kurulacaktı.</Text>
    </Row>
    <Row Tag="LOC_PEDIA_CITYSTATES_PAGE_CIVILIZATION_HUNZA_CHAPTER_HISTORY_PARA_6">
      <Text>Bugün, yakın zamanda yapılan bir nüfus sayımına göre Kolombiya'da on beş binden az Muisca kalmıştır. Yerel gruplar son zamanlarda Kolombiya'daki çevresel yıkımı protesto etmek ve kültürel miraslarını korumak için konseyler oluşturdu.</Text>
    </Row>
    <!-- great people -->
    <Row Tag="LOC_PEDIA_GREATPEOPLE_PAGE_GREAT_PERSON_INDIVIDUAL_COMMANDANTE_JOSE_DE_SUCRE_CHAPTER_HISTORY_PARA_1">
      <Text>"Ekvador ve Peru'nun Kurtarıcısı" olarak anılan Antonio José de Sucre, İspanya'ya karşı bağımsızlık savaşları sırasında Simon Bolívar'ın baş teğmeniydi. Askeri kariyerine 15 yaşında başladı ve kısa sürede cumhuriyetçi (İspanyol yanlısı kraliyetçilere karşı) davaya dahil oldu. En ünlü zaferi, dağınık ve düzensiz bir cumhuriyetçi orduyla karşılaşmayı bekleyen kralcı güçlerin aptalca bir şekilde güçlerini dağıtıp Sucre'ye saldırdığı Ayacucho savaşında geldi. Sucre'nin askerleri sağlam durdu ve kralcıların kanat manevrasını daha pozisyon alamadan yok etti. Bu savaş Peru'nun ve Güney Amerika'nın dağlık bölgelerinin bağımsızlığını güvence altına aldı.</Text>
    </Row>
    <Row Tag="LOC_PEDIA_GREATPEOPLE_PAGE_GREAT_PERSON_INDIVIDUAL_COMMANDANTE_JOSE_DE_SUCRE_CHAPTER_HISTORY_PARA_2">
      <Text>Sucre daha sonra bugün Bolivya olan Yukarı Peru'nun ilk seçilmiş lideri oldu ve gümüş zengini bölgeyi geri almak için İspanyol yanlısı birkaç girişimi yenilgiye uğrattı. Ancak zaferden sonra yerel generaller kendi aralarında savaşmaya başladı. Sucre'nin özellikle Katolik topraklarını yeni ulusa mal etme girişimi Güney Amerika'daki muhafazakar unsurları rahatsız etti. Rakibinin bağımsız bir Ekvador yaratma planının bir parçası olarak 1830'da pusuya düşürüldü ve suikaste uğradı.</Text>
    </Row>
    <Row Tag="LOC_PEDIA_GREATPEOPLE_PAGE_GREAT_PERSON_INDIVIDUAL_COMMANDANTE_PAULA_SANTANDER_CHAPTER_HISTORY_PARA_1">
      <Text>Uzun süre Simon Bolívar'ın muadili olan Francisco de Paula Santander, Kurtarıcı'nın hem müttefiki hem de düşmanıydı ve bugüne kadar en büyük Kolombiyalı kahramanlardan biri olarak kaldı. Kolombiya'daki İspanyol gücünün kalbine yönelik bir saldırı olan Boyaca Muharebesi'nde iki baş komutandan biri olarak görev yapmış, Bolívar'la birlikte İspanyolları hazırlıksız yakalamak için yağmurla taşan nehirlerden ve buzlu dağ geçitlerinden geçen zorlu bir yürüyüşte birliklere liderlik etmiştir. Bu savaş Kolombiya'nın zaferini garantiledi ve savaşın başarısı Bolivar'ın Gran Kolombiya'nın kurtuluşunun tamamlandığını ilan etmesine yol açtı.</Text>
    </Row>
    <Row Tag="LOC_PEDIA_GREATPEOPLE_PAGE_GREAT_PERSON_INDIVIDUAL_COMMANDANTE_PAULA_SANTANDER_CHAPTER_HISTORY_PARA_2">
      <Text>Ancak ortaklıkları zor günler görecekti. Bolivar liderler için ömür boyu yönetimden yanayken ve kendisi için bir kişilik kültü geliştirirken, Santander, daha sonra bilinen adıyla "Kanunların Adamı", anayasal yönetimden yanaydı. Bolivar kendisini diktatör ilan ettiğinde, Santander'in hiçbir şekilde destekleyemeyeceği bir şey olan muhalefeti daha da güçlendi. Muhalefeti ona, general arkadaşları da dahil olmak üzere Bolivar'ın destekçilerinin çoğunun düşmanlığını kazandırdı. Ancak Bolívar'ın destekçilerinin yanı sıra Santander, Gran Kolombiya'nın daha küçük, bağımsız birimlere bölünmesini isteyenlerle de karşı karşıya kaldı.</Text>
    </Row>
    <Row Tag="LOC_PEDIA_GREATPEOPLE_PAGE_GREAT_PERSON_INDIVIDUAL_COMMANDANTE_PAULA_SANTANDER_CHAPTER_HISTORY_PARA_3">
      <Text>Bolivar'a karşı bir komploya adı karışan Santander sürgüne gönderildi. Ancak Bolivar yumuşadı ve yıllar sonra Gran Kolombiya daha küçük devletlere bölündükten sonra Santander'in geri dönmesine izin verildi. Yeni Granada'nın başkanı oldu ve bugün Kolombiya'da, özellikle hukukun üstünlüğünü ve askeri gücün denetlenmesini destekleyenler için merkezi bir figür olmaya devam ediyor.</Text>
    </Row>
    <Row Tag="LOC_PEDIA_GREATPEOPLE_PAGE_GREAT_PERSON_INDIVIDUAL_COMMANDANTE_ANTONIO_PAEZ_CHAPTER_HISTORY_PARA_1">
      <Text>At sırtındaki becerisi nedeniyle "Ovaların Centaur'u" olarak adlandırılan José Antionio Páez, tarih yazarı Mike Duncan'a göre, Venezuela'nın uzak güneyindeki çimenli bir ova olan "llanos "ta doğmuş "kısa boylu, tıknaz, okuma yazma bilmeyen bir kovboy "du. Páez, askeri kariyerinden önce bir çiftlik işçisi ve sığır çobanıydı. Ancak devrim dalgası Güney Amerika'yı kasıp kavururken, Páez bir grup llaneros'u -Venezuelalı kovboyları- şaşırtıcı derecede etkili bir süvari birliği olarak örgütledi. Bu konuda genellikle Bolivar'dan bağımsız hareket etti ve Bolivar'ın generali Santander'in katılma girişimlerini reddetti. Ancak Páez ve Bolívar sonunda karşılaştıklarında, yıkıcı bir güç olduklarını kanıtladılar. Bir savaşta, Páez 1100 adamını 4000 kralcıya karşı yönetti ve İspanyolları defalarca şaşırtarak zafere ulaştı. Atlılarını geceleyin kamplarına sokmuş, kuru toprağı toz haline getirdikten sonra üzerine hücum etmişti. Ardından, İspanyollar kuru otlarla kaplı bir alanda yeniden toplanırken, Páez otları ateşe verdirdi ve adamlarını alevlerin arasından İspanyolların üzerine sürdü.</Text>
    </Row>
    <Row Tag="LOC_PEDIA_GREATPEOPLE_PAGE_GREAT_PERSON_INDIVIDUAL_COMMANDANTE_ANTONIO_PAEZ_CHAPTER_HISTORY_PARA_2">
      <Text>Bağımsızlıktan sonra Páez, Venezüella egemenliğinin sadık bir savunucusu olarak kaldı ve Gran Colombia'nın otoritesine ve Santander yönetimine karşı bir isyana liderlik etti (Páez, otoriter ve karizmatik Bolívar'ı "Kanunların Adamı" Santander'e tercih etti). Venezüella bağımsız olduktan sonra Páez ilk devlet başkanı oldu. Ama bu uzun sürmedi. Rakipleri onu tahttan indirdi ve Ovaların Centaur'u kendini yeniden kendi Venezüella'sı için savaşırken buldu.</Text>
    </Row>
    <Row Tag="LOC_PEDIA_GREATPEOPLE_PAGE_GREAT_PERSON_INDIVIDUAL_COMMANDANTE_URDANETA_CHAPTER_HISTORY_PARA_1">
      <Text>Rafael Urdaneta, Bolivar'ın Venezüella'daki İspanyol yönetimine karşı yürüttüğü "Takdire Şayan Sefer "de generaldi ve bağımsızlıktan sonra üst düzey bir devlet adamı oldu. Urdaneta'dan "Dahi" olarak bahseden Bolivar'a şiddetle sadık olan Urdaneta, onu iç ve dış tehditlere karşı korumaya çalıştı.</Text>
    </Row>
    <Row Tag="LOC_PEDIA_GREATPEOPLE_PAGE_GREAT_PERSON_INDIVIDUAL_COMMANDANTE_URDANETA_CHAPTER_HISTORY_PARA_2">
      <Text>Bağımsızlıktan sonra Urdaneta, Bolívar'ın bir başka sırdaşı olan ve anayasal yönetimi savunan (Bolívar'ın kendisi tarafından daha otoriter, kişilik merkezli bir yönetim yerine) Francisco de Paula Santander ile çatıştı. Santander, Bolivar'a sadık birlikleri başkentten uzaklaştırmaya çalıştı, ancak bunu yaparken Santander'e sadık gruplar ile Bolivar'a sadık olanlar arasında bir kavgaya neden oldu. Santander'in gitmesiyle Urdaneta Kolombiya'nın kontrolünü ele geçirdi ve yaşlı ve zayıf Bolivar'ı iktidara dönmeye ikna etmeye çalıştı. Bolívar bunu reddedince Urdaneta, Santander yanlısı güçler tarafından tahttan indirildi.</Text>
    </Row>
    <Row Tag="LOC_PEDIA_GREATPEOPLE_PAGE_GREAT_PERSON_INDIVIDUAL_COMMANDANTE_MARINO_CHAPTER_HISTORY_PARA_1">
      <Text>Gran Colombia geniş bir bölgede çatışmalara sahne oluyordu. Bolivar, Venezüella'yı kurtarmak için "Takdire Şayan Sefer "de olduğu gibi, zaman zaman doğrudan çatışmalı bir bölgeye askeri seferler düzenledi. Ancak zaman zaman cumhuriyetçi (kraliyet karşıtı) ordular neredeyse bağımsız hareket ediyor gibi görünüyordu. Santiago Mariño'nun durumu da böyleydi. Aslen bugünkü Venezüella'nın Margarita adasından olan Mariño, bölgeyi İspanyollardan tek başına kurtarmaya çalıştı. Bolívar batıdan işgal ederken, Mariño doğudan Venezüella'ya saldırdı. Her ikisi de aynı amaç uğruna savaştığını iddia ediyordu ama ikisi de diğerinin baskın olduğunu kabul etmiyordu. Bir rivayete göre Mariño, tam askeri üniformasını giymiş olarak bir keresinde ataşesine şöyle böbürlenmişti: "Antonio, ben gencim, zenginim, yakışıklıyım, 25 yaşında bir generalim! Neyim eksik?" Asistanı basitçe "Sağduyu" diye cevap vermiş.</Text>
    </Row>
    <Row Tag="LOC_PEDIA_GREATPEOPLE_PAGE_GREAT_PERSON_INDIVIDUAL_COMMANDANTE_MARINO_CHAPTER_HISTORY_PARA_2">
      <Text>Mariño sonunda geri çekilmek zorunda kaldı ve Bolívar ona Venezüella cephesinin komutasını verdi. İkili birlikte savaşmaya devam etti ve hatta Gran Kolombiya'nın batı yarısını yönetmeye çalışan kendi generallerinden biri olan José Ribas tarafından birlikte tutuklandılar.</Text>
    </Row>
    <Row Tag="LOC_PEDIA_GREATPEOPLE_PAGE_GREAT_PERSON_INDIVIDUAL_COMMANDANTE_MARINO_CHAPTER_HISTORY_PARA_3">
      <Text>Buna rağmen Mariño kendi Venezüella devletinin hayalini her zaman aklında tuttu. José Antonio Páez'in sonunda bağımsız bir Venezüella ilan etmesinin ardından Mariño da bağımsız bir "Doğu Devleti" ilan etti. Mariño, doğmakta olan devleti yıkılınca kaçmak zorunda kaldı, ancak mahkum edilmedi - bir darbe girişimine liderlik edecekti ve daha sonra Páez'in rakipleri iktidarı ele geçirip eski Başkanı tahttan indirdiğinde, onunla sahada karşılaşan - ve onu yenen - Mariño oldu.</Text>
    </Row>
    <Row Tag="LOC_PEDIA_GREATPEOPLE_PAGE_GREAT_PERSON_INDIVIDUAL_COMMANDANTE_MACGREGOR_CHAPTER_HISTORY_PARA_1">
      <Text>Tarihçi Richard Slatta İskoç maceraperesti "zapt edilemez ve belki de tamamen aklı başında olmayan" biri olarak tanımlıyor. Bu etiket uygun görünüyor. Gregor MacGregor, Napolyon'a karşı savaşmış genç bir İskoç askeriydi ama asıl şöhreti, kendisine şövalye ve soylu unvanları uydurması ve Edinburgh'da lüks bir faytonla dolaşmasıydı. Latin Amerika'da İspanyol egemenliğine karşı verilen mücadeleyi duyan MacGregor, bu mücadeleye katılmak için Caracas'a taşındı ve devrimci davayı desteklemeye hazır olduğunu ilan etti. MacGregor'un tuhaflıklarını görmezden gelen ya da önemsemeyen yerel ordu, emektar bir askerin istihdam edilmesinde fayda gördü ve MacGregor'u askerleri eğitmekle görevlendirdi.</Text>
    </Row>
    <Row Tag="LOC_PEDIA_GREATPEOPLE_PAGE_GREAT_PERSON_INDIVIDUAL_COMMANDANTE_MACGREGOR_CHAPTER_HISTORY_PARA_2">
      <Text>Kısa süre sonra kendini yeniden askeri harekâtın içinde buldu ve en ünlü manevrası bir zafer değil, bir geri çekilmeyi içeriyordu. İspanyol kuvvetlerine yenildikten sonra MacGregor, peşindeki kralcıların bir adım önünde durarak birliklerini Venezüella boyunca ilerletti. Ardından yeni bir kuvvet tarafından önünün kesildiğini görünce, düşmanlarını bir bataklığa çekti ve çoğunluğu yerli olan okçularının yaylım ateşiyle onları kıstırdı. Bu yüzden Bolivar ona "Amerika'nın Ksenophon'u" lakabını taktı ve Pers kuvvetlerini takip ederken sersemleten Yunan komutanın adını verdi.</Text>
    </Row>
    <Row Tag="LOC_PEDIA_GREATPEOPLE_PAGE_GREAT_PERSON_INDIVIDUAL_COMMANDANTE_MACGREGOR_CHAPTER_HISTORY_PARA_3">
      <Text>Daha sonra MacGregor bir dizi tuhaf (yanlış) maceraya başladı. Florida'yı işgal etmeyi tasarladı ve o zamanlar hala İspanyol olan bölgenin Karayipler'de daha fazla sömürge karşıtı müdahale başlatmak için uygun bir üs olacağını düşündü. Ancak bu girişim, kısa süre sonra Florida'yı İspanya'dan kendisi için satın alacak olan Amerika Birleşik Devletleri tarafından durduruldu.</Text>
    </Row>
    <Row Tag="LOC_PEDIA_GREATPEOPLE_PAGE_GREAT_PERSON_INDIVIDUAL_COMMANDANTE_MACGREGOR_CHAPTER_HISTORY_PARA_4">
      <Text>Daha sonra Avrupa'ya döndü ve (hayali) bir Güney Amerika ülkesinin lideri olduğunu iddia etti. Zengin İngiliz ve İskoç yatırımcılardan para topladı ve ortaya çıkmadan önce küçük bir servet biriktirdi - yatırımcılar "Poyais "e vardıklarında ormandan başka bir şey bulamadılar. Hayatının ilerleyen dönemlerinde Venezüella'ya dönmüş ve eski yoldaşlarını gazi maaşıyla emekli olmasına izin vermeleri için ikna etmeyi başarmıştır.</Text>
    </Row>
    <Row Tag="LOC_PEDIA_GREATPEOPLE_PAGE_GREAT_PERSON_INDIVIDUAL_COMMANDANTE_PIAR_CHAPTER_HISTORY_PARA_1">
      <Text>Latin Amerika bağımsızlık savaşlarının kaosunda, geleceğin ne olabileceğine dair yeni vizyonlar ortaya çıktı, tartışıldı ve zaman zaman da yok oldu: Hangi yeni devletler ortaya çıkabilir? Nasıl yönetileceklerdi? Bu eyaletlerde farklı soylardan gelen insanlara ne olacaktı? Manuel Piar bu ütopik umudun bir kısmının yanı sıra kırılganlığını da temsil ediyordu.</Text>
    </Row>
    <Row Tag="LOC_PEDIA_GREATPEOPLE_PAGE_GREAT_PERSON_INDIVIDUAL_COMMANDANTE_PIAR_CHAPTER_HISTORY_PARA_2">
      <Text>Piar bir morisco idi; bu kelime İspanyol kolonilerinde annesinin Avrupalı-Afrikalı karışık bir soydan geldiği anlamına geliyordu. Bu da criollo (Avrupa kökenli) yoldaşları tarafından belli ölçüde ayrımcılığa uğradığı anlamına geliyordu ki bu da muhtemelen onun savaşma motivasyonunu ve nihayetinde kaderini etkiledi.</Text>
    </Row>
    <Row Tag="LOC_PEDIA_GREATPEOPLE_PAGE_GREAT_PERSON_INDIVIDUAL_COMMANDANTE_PIAR_CHAPTER_HISTORY_PARA_3">
      <Text>Piar, İngilizleri Curaco'dan kovmakla başlayarak birçok farklı sömürge rejimine karşı savaştı. Ardından, Yeni Dünya'daki ilk gerçek kölelik karşıtı devrimlerden biri olan Haiti Devrimi'nde savaşmaya devam etti. Haiti'den sonra Piar, Bolívar'a ve Latin Amerika bağımsızlık mücadelesine katıldı, ancak daha da ileri gitmeye devam etti - Guayana'yı özgürleştirme (ve muhtemelen ele geçirme) girişiminde Santiago Mariño ile önemli ölçüde birleşti.</Text>
    </Row>
    <Row Tag="LOC_PEDIA_GREATPEOPLE_PAGE_GREAT_PERSON_INDIVIDUAL_COMMANDANTE_PIAR_CHAPTER_HISTORY_PARA_4">
      <Text>Piar'ın temel motivasyonu, ister kendi kişisel deneyimlerinden ister Haitili isyancılar arasında geçirdiği zamandan kaynaklansın, saf Avrupalı kanı taşımayan Latin Amerikalıların, yani mestizo nüfusun eşit haklara sahip olmasıydı. Bağımsızlık sonrası Bolivarcı rejime karşı yürüttüğü ajitasyon nedeniyle unvanı elinden alındı ve Guayana'ya geri kaçtı. Orada Marino, José Félix Ribas ve Bolivar'ın Latin Amerika'sının şekillenmesinden memnun olmayan diğer generallerle işbirliği yaptı. Bu isyan onun - ve sadece onun - hayatına mal olacaktı. Bolivar onun tutuklanmasını ve ardından idam edilmesini emretti. Bolivar'ın Piar'ın ölümünü duyduktan sonra bir pişmanlık ifadesi olarak - ya da sadece bir hikaye olarak - "kanımı döktüm" dediği söylenir.</Text>
    </Row>
    <Row Tag="LOC_PEDIA_GREATPEOPLE_PAGE_GREAT_PERSON_INDIVIDUAL_COMMANDANTE_NARINO_CHAPTER_HISTORY_PARA_1">
      <Text>Latin Amerika bağımsızlık savaşları Fransız Devrimi'nin hemen ardından geldi ve kısmen bu mücadelenin ideallerinden ilham aldı. Bogotá'nın zengin tüccarlarından Antonio Nariño için de durum kesinlikle böyleydi.  Nariño, Fransız ve Amerikan Devrimci liderlerini idol olarak görüyordu (evindeki şöminenin üzerine Benjamin Franklin'in bir portresini asmıştı). Nariño, Fransız İnsan Hakları Bildirgesi'ni tercüme etti, bastı ve Latin Amerika'da yeni ortaya çıkan devrimcilere dağıttı; bu da İspanyol yetkililerle başını derde soktu. Bildirge'nin özgür siyasi örgütlenme, ulusal egemenlik ve toplumsal ayrımların sadece kamu yararı için var olması gerektiği yönündeki çağrıları, İspanyolların monarşi fikrine dayanan otorite iddiasına ters düşüyordu. Ancak Nariño işleri daha da ileri götürerek koloni genel valisine İspanyol yönetiminden "halkın her yerde hoşnutsuz olduğunu" yazdı. Bu nedenle Nariño, Devrimin "Öncüsü" olarak adlandırıldı. Ayrıca tutuklandı.</Text>
    </Row>
    <Row Tag="LOC_PEDIA_GREATPEOPLE_PAGE_GREAT_PERSON_INDIVIDUAL_COMMANDANTE_NARINO_CHAPTER_HISTORY_PARA_2">
      <Text>Ama geri dönecekti. Nariño 1811'de devrimciler tarafından hapishane hücresinden kurtarıldı ve Yeni Granadan güçlerine komuta etmeye devam ederek devrimciler için Popayan'ı (Kolombiya'da) ele geçirdi. Devrimlerdeki rolü nedeniyle Nariño'nun adı Kolombiya milli marşında yer almakta ve günümüz cumhuriyetinin bir kahramanı olarak kabul edilmektedir.</Text>
    </Row>
    <Row Tag="LOC_PEDIA_GREATPEOPLE_PAGE_GREAT_PERSON_INDIVIDUAL_COMMANDANTE_MONTILLA_CHAPTER_HISTORY_PARA_1">
      <Text>Mariano Montilla, 1810 yılında Venezüella devletinin bağımsızlık ilanında hazır bulunarak bağımsızlığın ilk destekçileri arasında yer aldı. Ancak bu devrim ve Birinci Venezüella Cumhuriyeti dünya için uzun sürmedi. 1812'de meydana gelen yıkıcı bir deprem ve bir dizi askeri yenilginin ardından Cumhuriyet ortadan kalktı ve Montilla Amerika Birleşik Devletleri'ne kaçtı. Böylece, Cumhuriyet'in çöküşünü takip eden şiddetin en kötüsünden kaçmış oldu.</Text>
    </Row>
    <Row Tag="LOC_PEDIA_GREATPEOPLE_PAGE_GREAT_PERSON_INDIVIDUAL_COMMANDANTE_MONTILLA_CHAPTER_HISTORY_PARA_2">
      <Text>Ancak Montilla sürgünde kalırken, Bolivar, Mariño'nun doğuda başlattığı sefer gibi, Venezüella'yı batıdan kurtarmak için "Takdire Şayan Seferine" başladı. Montilla geri döndü ve bir zamanlar bağımsız bir Venezüella için (birleşik bir Gran Kolombiya'nın aksine) savaşmış olmasına rağmen, Bolívar'ın güçlerine katıldı. Montilla San Mateo, Ocumare ve Carabobo'nun savunmasında savaştı. Ayrıca Cartagena şehrinin savunmasına da önderlik etti, ancak şehir düştüğünde Montilla - tekrar - kuzeyde sürgüne zorlandı.</Text>
    </Row>
    <Row Tag="LOC_PEDIA_GREATPEOPLE_PAGE_GREAT_PERSON_INDIVIDUAL_COMMANDANTE_MONTILLA_CHAPTER_HISTORY_PARA_3">
      <Text>Tekrar geri döndü ve bu kez Margarita adasındaki İrlanda birliğinin başına getirildi. Oradan Karayip kıyıları boyunca kraliyet işgali altındaki bölgelere akınlar düzenledi ve sonunda bir başka Cartagena kuşatmasında savaştı - bu kez kuşatmacıların tarafında ve bu kez galip geldi.</Text>
    </Row>
    <Row Tag="LOC_PEDIA_GREATPEOPLE_PAGE_GREAT_PERSON_INDIVIDUAL_COMMANDANTE_MONTILLA_CHAPTER_HISTORY_PARA_4">
      <Text>Bağımsızlıktan sonra Montilla, Gran Kolombiya siyasetinin Bolivarcı kanadını destekledi. Bu nedenle bir kez daha sürgüne gönderildi ve bu kez bağımsız Venezüella'nın kuruluşunu desteklemek ve nihayetinde görmek için tekrar geri döndü. Naaşı şimdi Caracas'ta, Venezüella Ulusal Pantheon'unda en yüksek şeref yerinde bulunmaktadır.</Text>
    </Row>
    <Row Tag="LOC_PEDIA_GREATPEOPLE_PAGE_GREAT_PERSON_INDIVIDUAL_COMMANDANTE_RIBAS_CHAPTER_HISTORY_PARA_1">
      <Text>José Félix Ribas, Latin Amerika'da İspanyol kraliyetine karşı yürütülen savaşlarda yer almış bir bağımsızlık lideriydi. Venezüella'da doğan Ribas'ın askeri bir geçmişi yoktu, ancak İspanyol yönetimine karşı ajitasyon konusunda aktifti. Aynı zamanda zengindi ve kendi taburunu finanse ettiğinde askeri bir pozisyon elde edebildi.</Text>
    </Row>
    <Row Tag="LOC_PEDIA_GREATPEOPLE_PAGE_GREAT_PERSON_INDIVIDUAL_COMMANDANTE_RIBAS_CHAPTER_HISTORY_PARA_2">
      <Text>Ribas'ın en önemli askeri zaferi, kralcıların şehri kuşattığı La Victoria savaşıydı. Adam sıkıntısı çeken Ribas, yerel kolejlerden ve seminerlerden öğrencileri silahlandırdı ve onlara "zafer ya da ölüm arasında seçim yapamayız; zafere ulaşmalıyız!" dedi. Ve zafere ulaştı - Morales komutasındaki İspanyol kuvvetleri bozguna uğratıldı. Ribas "Tiranlara Karşı Zafer Kazanan" unvanını aldı ve savaşın tarihi, Ribas'ın öğrencileri silahlandırmasının anısına bugün Venezüella'da Gençlik Günü olarak kutlanıyor.</Text>
    </Row>
    <Row Tag="LOC_PEDIA_GREATPEOPLE_PAGE_GREAT_PERSON_INDIVIDUAL_COMMANDANTE_RIBAS_CHAPTER_HISTORY_PARA_3">
      <Text>Yine de Ribas'ın kariyeri pek parlak geçmedi. Bir noktada, Aragua de Barcelona'daki yenilginin cumhuriyetçi güçleri dağıtmasının ardından Bolívar'ı bile tutukladı. Bolívar, şehrin kilise gümüşlerini Margarita adasına taşıyarak su yoluyla kaçtı. Bolívar'ın kaçtığını gören ve kendisi için Gran Colombia'da hak iddia etme fırsatı yakaladığını düşünen Ribas, Bolívar'ı hain ilan etti, ancak daha sonra yumuşadı.</Text>
    </Row>
    <Row Tag="LOC_PEDIA_GREATPEOPLE_PAGE_GREAT_PERSON_INDIVIDUAL_COMMANDANTE_RIBAS_CHAPTER_HISTORY_PARA_4">
      <Text>Urica Savaşı'nda Ribas'ın sonu geldi. Büyük bir çatışmada Ribas'ın kralcı rakibi Boves öldürüldü, ancak Boves'in kuvvetleri bastırdı ve günü İspanyollara kazandırdı. Ribas kaçtı ama kralcılar tarafından bulundu ve öldürüldü. Ancak bu yenilgiye rağmen, Boves'in ölümü birçok Venezuelalı llaneros'un (süvariye dönüşen kovboylar) İspanyol tarafını bırakıp karizmatik cumhuriyetçi lider Páez'e sığınması anlamına geliyordu. Urica ve La Victoria'nın bir sonucu olarak Ribas, Latin Amerika bağımsızlık davasının bir kahramanı olarak kalmıştır.</Text>
    </Row>
    <!-- features -->
    <Row Tag="LOC_PEDIA_FEATURES_PAGE_FEATURE_BERMUDA_TRIANGLE_CHAPTER_HISTORY_PARA_1">
      <Text>Garip ışıklarla ilgili raporlarla başladı. Daha sonra kayıp ve hayalet mürettebatlı gemi hikâyelerine dönüştü. 19. yüzyılın ortalarından beri (ve belki de Kolomb'un günlüklerine inanılacak olursa daha da önce), gemiler ve uçaklar Bermuda Şeytan Üçgeni olarak bilinen bölgede kaybolmaktadır. İddialara göre 50'den fazla gemi ve 20 uçak üçgen içinde bir daha görülmemek üzere kaybolmuştur. Uzaylılar, ulaşım araçlarının ve insanların kitlesel kayboluşları için popüler bir teori olsa da, üçgeni açıklamak için birkaç daha sıradan hipotez var. Bazı bilim insanları gemileri batırmış olabilecek "hava bombaları" ya da mikro patlamalar olduğunu öne sürmektedir. Diğer bilim insanları ise dev "haydut dalgalar" ya da pusulalarda gerçek kuzeyle ilgili yalan söyleyen manyetik kaymalar olduğunu öne sürmektedir. İnatçı efsane ve söylentilere rağmen, Bermuda Şeytan Üçgeni'ndeki kaybolma ve batıkların sıklığının, iyi seyahat edilen okyanusun diğer bölümlerinden daha fazla olmadığı genel kabul görmektedir.</Text>
    </Row>
    <Row Tag="LOC_PEDIA_FEATURES_PAGE_FEATURE_FOUNTAIN_OF_YOUTH_CHAPTER_HISTORY_PARA_1">
      <Text>Efsanedeki Gençlik Çeşmesi, çimento ya da taş bir çeşmeden ziyade, içinde yüzen ya da içen herkesin gençliğini geri getirdiği söylenen bir kaynaktır. Güvenilir Herodot M.Ö. 5. yüzyılda çeşme hakkında yazmış ve Büyük İskender'in yüz yıl sonra şifalı bir nehir bulduğu iddia edilmiştir. Ne yazık ki her ikisi de hayatlarının ilerleyen dönemlerinde yaşlılık ve yaralar onları Hades'e götürdüğünde kendilerine yardımcı olması için suyu şişelememişlerdir. Sayısız yüzyıllar boyunca efsane devam etti ve Juan Ponce de Leon gibi kaşifler mistik kaynağı aramak için sayısız yıllar harcadı. Bulan olduysa da bu sırrı dünyayla paylaşmadı.</Text>
    </Row>
    <Row Tag="LOC_PEDIA_FEATURES_PAGE_FEATURE_PAITITI_CHAPTER_HISTORY_PARA_1">
      <Text>Her zaman "kayıp şehirler", özellikle de Kayıp Altın Şehirleri arayışında olan insanlar, büyük zenginlik ve refah efsanelerine yönelme eğilimindedir. Çoğu mistik şehir gibi Païtiti'nin de bilinmeyen vahşi doğanın derinliklerinde keşfedilmeyi beklediği düşüncesi hakimdir. İnkalar şehri İspanyol fethine karşı son güvenli sığınak olarak görmüşlerdir. Ancak, diğerleri (çoğunlukla 1600'lerden itibaren İnka olmayan kaşifler) şehri yağmalanmayı bekleyen bir hazine olarak algılamışlardır. Païtiti'nin zenginliğine dair efsaneler Francisco Pizarro'nun saldırısı ve İnka'nın son hükümdarı Atahualpa'yı öldürmesiyle devam ettirildi. Var olduğu söylenen kalan altını aradı, ancak Pizarro fethinden umutsuzca elde etmeye çalıştığı sözde altının tamamını asla alamadı. Amazon'un "bilinmeyen" ormanlarına yapılan çok sayıda keşif gezisine rağmen, hiçbir kaşif Païtiti'nin yerini henüz keşfedememiştir.</Text>
    </Row>
    <Row Tag="LOC_PEDIA_CONCEPTS_PAGE_ENVIRONMENTAL_EFFECTS_CHAPTER_FIRES_TITLE">
      <Text>Orman Yangınları</Text>
    </Row>
    <Row Tag="LOC_PEDIA_CONCEPTS_PAGE_ENVIRONMENTAL_EFFECTS_CHAPTER_FIRES_PARA_1">
      <Text>Orman veya Yağmur Ormanı bulunan herhangi bir karo alev alabilir.  Ateş üç tur boyunca sıcak bir şekilde yanar, karedeki iyileştirmeleri yok eder, sahip olan şehrin nüfusunu azaltır ve birimlere zarar verir.  İkinci ve üçüncü turlarda, bu yangın bitişikteki Orman veya Yağmur Ormanı karelerine yayılabilir.</Text>
    </Row>
    <Row Tag="LOC_PEDIA_CONCEPTS_PAGE_ENVIRONMENTAL_EFFECTS_CHAPTER_FIRES_PARA_2">
      <Text>Ateş söndüğünde, Orman veya Yağmur Ormanı Yanmış bir varyantla değiştirilir ve karonun [ICON_Food] Gıda verimini artırır.  Sonraki 3 tur boyunca, normal durumuna dönene kadar yeniden büyür ve bu noktada karonun [ICON_Production] Üretim verimini de artırır.</Text>
    </Row>
    <Row Tag="LOC_PEDIA_CONCEPTS_PAGE_ENVIRONMENTAL_EFFECTS_CHAPTER_SHOWERS_TITLE">
      <Text>Meteor Yağmuru</Text>
    </Row>
    <Row Tag="LOC_PEDIA_CONCEPTS_PAGE_ENVIRONMENTAL_EFFECTS_CHAPTER_SHOWERS_PARA_1">
      <Text>Meteorlar, oyuncu bölgeleri arasındaki boşlukta karada herhangi bir yere düşebilir ve arkalarında bir Meteor Alanı bırakabilir.  Herhangi bir birim bu Meteor Bölgesini toplayabilir, düşen kayalardaki kolayca erişilebilen gelişmiş cevherleri toplayarak en yakın şehirlerinde ücretsiz bir Ağır Süvari birimi verebilir.  Bu birimin kaynak bakım maliyeti yoktur.</Text>
    </Row>
    <!-- promotions -->
    <Row Tag="LOC_PEDIA_UNITPROMOTIONS_PAGE_PROMOTION_NIHANG_SUZERAIN_COMBAT_BONUS_CHAPTER_HISTORY_PARA_1">
      <Text>Bir Nihang'ın takacağı ilk ekipmanlardan biri kara, yani çelik bileziktir. Savaşçının en güçlü eline takılan bilezik hem kılıç dövüşleri sırasında fiziksel bir savunma sağlar hem de Nihang'ın ettiği yeminlerin bir sembolü olurdu. Bileziğin gücü savaşçının Tanrı'ya olan bağlılığının gücü olmalıydı ve çeliğin kopmayan halkası da benzer şekilde Tanrı'nın ebedi varlığını ve takan kişinin kopmayan inancını sembolize ediyordu.</Text>
    </Row>
    <Row Tag="LOC_PEDIA_UNITPROMOTIONS_PAGE_PROMOTION_NIHANG_MOVEMENT_BONUS_CHAPTER_HISTORY_PARA_1">
      <Text>Bir Nihang kılıcı, silahı ve ayakkabılarıyla savaşmayı öğrenirdi. Jangi mojeh, bir askerin tekmelerine ekstra bir ölümcül kenar ekleyen bıçaklı terliklerdi.</Text>
    </Row>
    <Row Tag="LOC_PEDIA_UNITPROMOTIONS_PAGE_PROMOTION_NIHANG_FLANKED_BONUS_CHAPTER_HISTORY_PARA_1">
      <Text>Tegh, kısaca "kılıç", Sihlerin taşıdığı geleneksel kirpan veya hançere ek olarak "on yumruk uzunluğunda" geniş, kavisli bir bıçağı ifade eder. Bu silahlar bağımsızlığa olan bağlılığı, kötülüğü cezalandırma ve dünyadaki iyiliği koruma yeminini sembolize eder. Tegh'in kullanımı, iyilik ve hayırseverliğin ("deg" veya "kettle") yeterli olmadığı kanıtlandıktan sonra başvurulan son çare olmalıydı.</Text>
    </Row>
    <Row Tag="LOC_PEDIA_UNITPROMOTIONS_PAGE_PROMOTION_NIHANG_NO_WOUNDED_PENALTY_CHAPTER_HISTORY_PARA_1">
      <Text>Zincir zırh - sanjo - Pencap'ta birinci binyılın başlarında Persler tarafından kullanılmaya başlanmasına kadar uzanan uzun bir geçmişe sahiptir ve zincir gömlek bir Nihang'ın teçhizatının temel bir parçasıydı. 18. yüzyıl savaşlarında tüfekler mevcuttu ve Nihang bunların kullanımı konusunda kesinlikle eğitimliydi, ancak tüfekler yavaş ve güvenilmezdi ve gerçek bir savaş her zaman kılıç ve zırhla sonuçlanırdı.</Text>
    </Row>
    <Row Tag="LOC_PEDIA_UNITPROMOTIONS_PAGE_PROMOTION_NIHANG_FAITH_FOR_VICTORIES_CHAPTER_HISTORY_PARA_1">
      <Text>Savaşta kendini kanıtlamış bir Nihang için en büyük onur, üç dişli mızrağı - Trehsool Mukh - sarığına takmaktı. Bu, savaşçının Şiva'ya olan yakınlığını gösterir ve çok keskin, çok yakın bir son çare silahı sağlardı.</Text>
    </Row>
  </EnglishText>
</GameData>