﻿<?xml version="1.0" encoding="utf-8"?>
<GameData>
  <EnglishText>
    <!-- Features-->
    <Row Tag="LOC_FEATURE_BERMUDA_TRIANGLE_QUOTE">
      <Text>"Bu denizde kim bilir ne tatlı bir gizem var, hafifçe korkunç kıpırdanışları altında gizli bir ruhtan söz ediyor gibi... çünkü burada milyonlarca karışık gölge ve gölge, boğulmuş hayaller, uyurgezerlikler, hülyalar; hayat ve ruh dediğimiz her şey rüya görüyor, hayal kuruyor, hareketsiz yatıyor."[NEWLINE]- Herman Melville</Text>
    </Row>
    <Row Tag="LOC_FEATURE_FOUNTAIN_OF_YOUTH_QUOTE">
      <Text>"Güzelliğe kavuşmayı arzulayan Chyavana hemen suya girdi. İkiz Aswinler de, ey Kral, su tabakasının içine battılar. Ve bir sonraki an, hepsi dışarı çıktılar... olağanüstü güzel formlarda ve gençtiler."[NEWLINE]- Anonim</Text>
    </Row>
    <Row Tag="LOC_FEATURE_PAITITI_QUOTE">
      <Text>"Görkemli yabanıllığın içinde mayınlanmamış altın gibi saklı."[NEWLINE]- John Muir</Text>
    </Row>
    <Row Tag="LOC_DISTRICT_PAITITI_CULTURE">
      <Text>+{1_num} [ICON_CULTURE] Komşu doğa harikası Païtiti'den kültür.</Text>
    </Row>
    <Row Tag="LOC_DISTRICT_PAITITI_GOLD">
      <Text>+{1_num} [ICON_GOLD] Komşu doğa harikası Païtiti'den altın.</Text>
    </Row>
    <Row Tag="LOC_FEATURE_BURNING_FOREST_NAME">
      <Text>Yanan Ormanlar</Text>
    </Row>
    <Row Tag="LOC_FEATURE_BURNING_FOREST_DESCRIPTION">
      <Text>Orman alevler içinde kaldı.</Text>
    </Row>
    <Row Tag="LOC_FEATURE_BURNT_FOREST_NAME">
      <Text>Burnt Woods</Text>
    </Row>
    <Row Tag="LOC_FEATURE_BURNT_FOREST_DESCRIPTION">
      <Text>Yangından sonra yeniden büyüyen ormanlar.</Text>
    </Row>
    <Row Tag="LOC_FEATURE_BURNING_JUNGLE_NAME">
      <Text>Yanan Yağmur Ormanı</Text>
    </Row>
    <Row Tag="LOC_FEATURE_BURNING_JUNGLE_DESCRIPTION">
      <Text>Alevler içinde kalmış bir yağmur ormanı.</Text>
    </Row>
    <Row Tag="LOC_FEATURE_BURNT_JUNGLE_NAME">
      <Text>Yanık Yağmur Ormanı</Text>
    </Row>
    <Row Tag="LOC_FEATURE_BURNT_JUNGLE_DESCRIPTION">
      <Text>Yangından sonra yeniden büyüyen bir yağmur ormanı.</Text>
    </Row>
    <Row Tag="LOC_FEATURE_COMET_LAKE_NAME">
      <Text>Etki Bölgesi</Text>
    </Row>
    <Row Tag="LOC_FEATURE_COMET_LAKE_DESCRIPTION">
      <Text>Bir kuyruklu yıldız daha önce burada ne varsa ezmiş.</Text>
    </Row>
    <!-- Resources-->
    <Row Tag="LOC_RESOURCE_MAIZE_NAME">
      <Text>Mısır</Text>
    </Row>
    <Row Tag="LOC_RESOURCE_HONEY_NAME">
      <Text>Bal</Text>
    </Row>
  </EnglishText>
</GameData>