﻿<?xml version="1.0" encoding="utf-8"?>
<GameData>
  <EnglishText>
    <Row Tag="LOC_GRANCOLOMBIA_MAYA_MOD_TITLE">
      <Text>Maya ve Gran Colombia Paketi</Text>
    </Row>
    <Row Tag="LOC_GRANCOLOMBIA_MAYA_MOD_TEASER">
      <Text>Yeni Medeniyetler ve Liderler - Mayaların Lady Six Sky'ı ve Gran Colombia'nın Simón Bolívar'ı</Text>
    </Row>
    <Row Tag="LOC_GRANCOLOMBIA_MAYA_MOD_DESCRIPTION">
      <Text>İki yeni uygarlık ve lider, altı yeni şehir devleti, iki yeni kaynak, üç yeni doğa harikası, ek felaketler ve Kıyamet oyun modu içerir.</Text>
    </Row>
  </EnglishText>
</GameData>