﻿<?xml version="1.0" encoding="utf-8" standalone="yes"?>
<!-- edited with XMLSPY v2004 rel. 2 U (http://www.xmlspy.com) by Ed Beach (Firaxis Games) -->
<GameData>
  <BaseGameText>
    <Row Tag="LOC_CIVILIZATION_POLAND_NAME">
      <Text>Polonya</Text>
    </Row>
    <Row Tag="LOC_LEADER_JADWIGA_NAME">
      <Text>Jadwiga</Text>
    </Row>
    <Row Tag="LOC_TRAIT_CIVILIZATION_GOLDEN_LIBERTY_NAME">
      <Text>Altın Özgürlük</Text>
    </Row>
    <Row Tag="LOC_TRAIT_CIVILIZATION_GOLDEN_LIBERTY_DESCRIPTION">
      <Text>Dost bölge içinde bir Kamp veya Kale tamamlarken bitişik karoları Kültür Bombası. Mevcut hükümetteki bir Askeri politika yuvası bir Joker yuvasına dönüştürülür.</Text>
    </Row>
    <Row Tag="LOC_TRAIT_LEADER_LITHUANIAN_UNION_NAME">
      <Text>Litvanya Birliği</Text>
    </Row>
    <Row Tag="LOC_TRAIT_LEADER_LITHUANIAN_UNION_DESCRIPTION">
      <Text>Polonya'nın çoğunluk dini, Polonya Kültür Bombasına bir karo kaybeden şehirlerde baskın din haline gelir. Kutsal Bölgeler, komşu Bölgelerden bir İnanç bitişiklik bonusu kazanır. Tüm Kutsal Emanetler bonus İnanç (+2), Kültür (+2) ve Altın (+4) sağlar.</Text>
    </Row>
    <Row Tag="LOC_TRAIT_LEADER_LITHUANIAN_UNION_ALT_DESCRIPTION">
      <Text>Polonya'nın çoğunluk dini, Polonya Kültür Bombasına bir karo kaybeden şehirlerde baskın din haline gelir. Kutsal Bölgeler, komşu Bölgelerden bir İnanç bitişiklik bonusu kazanır. Tüm Kutsal Emanetler bonus İnanç (+2), Kültür (+2) ve Altın (+4) sağlar.</Text>
    </Row>
    <Row Tag="LOC_BUILDING_SUKIENNICE_NAME">
      <Text>Sukiennice</Text>
    </Row>
    <Row Tag="LOC_BUILDING_SUKIENNICE_DESCRIPTION">
      <Text>Polonya'ya özgü bir bina. Bu şehirden gelen uluslararası [ICON_TradeRoute] Ticaret Yolları +2 [ICON_Production] Üretim; yerel [ICON_TradeRoute] Ticaret Yolları +4 [ICON_Gold] Altın kazanır.</Text>
    </Row>
    <Row Tag="LOC_UNIT_POLISH_HUSSAR_NAME">
      <Text>Kanatlı Süvari</Text>
    </Row>
    <Row Tag="LOC_UNIT_POLISH_HUSSAR_DESCRIPTION">
      <Text>Polonya'ya özgü Rönesans dönemi birimi. Savunan düşman birimlerini, daha fazla hasar verdikleri herhangi bir savaşta bulundukları hex'ten geri iter. Geri çekilemeyen savunmacılar ek hasar alır.</Text>
    </Row>
    <Row Tag="LOC_UNIT_POLISH_HUSSAR_EXPANSION2_DESCRIPTION">
      <Text>Cuirassier'in yerini alan Polonya'ya özgü Rönesans dönemi birimi. Savunan düşman birimlerini, daha fazla hasar verdikleri herhangi bir savaşta bulundukları hex'ten geri iter. Geri çekilemeyen savunmacılar ek hasar alır.</Text>
    </Row>
    <Row Tag="LOC_BUILDING_SUKIENNICE_EXPANSION1_DESCRIPTION">
      <Text>Polonya'ya özgü bir bina. Bu şehirden gelen uluslararası [ICON_TradeRoute] Ticaret Yolları +2 [ICON_Production] Üretim; yerel [ICON_TradeRoute] Ticaret Yolları +4 [ICON_Gold] Altın kazanır. +1 [ICON_TradeRoute] Ticaret Yolu kapasitesi, eğer bu şehirde henüz bir Deniz Feneri binası yoksa.</Text>
    </Row>
  </BaseGameText>
</GameData>