﻿<?xml version="1.0" encoding="utf-8"?>
<GameData>
  <EnglishText>
    <Row Tag="LOC_TEDDY_ROOSEVELT_MOD_TITLE">
      <Text>Teddy Roosevelt Persona Paketi</Text>
    </Row>
    <Row Tag="LOC_TEDDY_ROOSEVELT_MOD_TEASER">
      <Text>Teddy Roosevelt (Bull Moose) ve Teddy Roosevelt (Rough Rider) Personaları</Text>
    </Row>
    <Row Tag="LOC_TEDDY_ROOSEVELT_MOD_DESCRIPTION">
      <Text>Her biri kendine özgü görünüm, yetenek ve oyun tarzına sahip Teddy Roosevelt (Bull Moose) ve Teddy Roosevelt (Rough Rider) kişiliklerini içerir.</Text>
    </Row>
  </EnglishText>
</GameData>