﻿<?xml version="1.0" encoding="utf-8"?>
<!-- edited with XMLSPY v2004 rel. 2 U (http://www.xmlspy.com) by Ed Beach (Firaxis Games) -->
<GameData>
  <EnglishText>
    <Row Tag="LOC_DIPLOACTION_THIRD_PARTY_WAR_NAME">
      <Text>Devam Eden Savaşa Katılın</Text>
    </Row>
    <Row Tag="LOC_DIPLOACTION_THIRD_PARTY_WAR_DESCRIPTION">
      <Text>Başka bir oyuncunun hedef uygarlığa karşı savaşına katılın.</Text>
    </Row>
    <Row Tag="LOC_DIPLOACTION_DECLARE_GOLDEN_AGE_WAR_NAME">
      <Text>Altın Çağ Savaşı İlan Et</Text>
    </Row>
    <Row Tag="LOC_DIPLOACTION_DECLARE_WAR_OF_RETRIBUTION_NAME">
      <Text>İntikam Savaşı İlan Et</Text>
    </Row>
    <Row Tag="LOC_DIPLOACTION_DECLARE_IDEOLOGICAL_WAR_NAME">
      <Text>İdeolojik Savaş İlan Etmek</Text>
    </Row>
    <Row Tag="LOC_DIPLOACTION_ALLIANCE_DESCRIPTION">
      <Text>İlan Edilmiş Bir Dost ile İttifak Kurun. Müttefikler savaşa giremez, otomatik olarak Açık Sınırlara sahip olur ve müttefiklerinden biri bir şehir kaybederse her biri saldırgan bir uygarlığa karşı Casus Belli alır.</Text>
    </Row>
  </EnglishText>
</GameData>