﻿<?xml version="1.0" encoding="utf-8"?>
<!-- edited with XMLSPY v2004 rel. 2 U (http://www.xmlspy.com) by Ed Beach (Firaxis Games) -->
<GameData>
  <BaseGameText>
    <!-- Standard modifiers -->
    <Row Tag="LOC_DIPLO_MODIFIER_SAPA_INCA_LOW_MOUNTAIN_CITIES">
      <Text>Pachacuti, Dağların yakınında birkaç şehir olmasından memnun</Text>
    </Row>
    <Row Tag="LOC_DIPLO_MODIFIER_SAPA_INCA_HIGH_MOUNTAIN_CITIES">
      <Text>Pachacuti memnun değil çünkü dağların yakınında birçok şehir var</Text>
    </Row>
    <Row Tag="LOC_DIPLO_MODIFIER_SICILIAN_WARS_LOW_COASTAL_CITES">
      <Text>Dido birkaç kıyı şehriniz olmasından memnun</Text>
    </Row>
    <Row Tag="LOC_DIPLO_MODIFIER_SICILIAN_WARS_HIGH_COASTAL_CITIES">
      <Text>Dido'nun canı sıkkın çünkü birçok kıyı şehriniz var.</Text>
    </Row>
    <Row Tag="LOC_DIPLO_MODIFIER_DESCRIPTION_EXPANSIONIST">
      <Text>Çok fazla toprak talep eden İmparatorlukları severler ve talep etmeyenlerden hoşlanmazlar</Text>
    </Row>
    <Row Tag="LOC_DIPLO_MODIFIER_DESCRIPTION_GREAT_WHITE_FLEET">
      <Text>Önemli donanmalara sahip İmparatorlukları severler</Text>
    </Row>
    <Row Tag="LOC_DIPLO_MODIFIER_DESCRIPTION_FLAT_EARTHER">
      <Text>Dünyayı terk etmeye çalışanlardan hoşlanmazlar</Text>
    </Row>
    <Row Tag="LOC_DIPLO_MODIFIER_DESCRIPTION_HIGH_FAVOR">
      <Text>İyilik için bu kadar aktif bir şekilde rekabet etmenizden hoşlanmazlar</Text>
    </Row>
    <Row Tag="LOC_DIPLO_MODIFIER_DESCRIPTION_LOW_FAVOR">
      <Text>Çok kazanmadığınız için mutlular İyilik</Text>
    </Row>
    <Row Tag="LOC_DIPLO_MODIFIER_DESCRIPTION_HIGH_TOURISM">
      <Text>Turizminiz bu kadar güçlü olduğu için mutsuzlar</Text>
    </Row>
    <Row Tag="LOC_DIPLO_MODIFIER_DESCRIPTION_LOW_TOURISM">
      <Text>Turizmde rekabet etmediğiniz için memnunlar</Text>
    </Row>
    <Row Tag="LOC_DIPLO_MODIFIER_INTOLERANT_SAME">
      <Text>Bir dini paylaştığınız için mutlular</Text>
    </Row>
    <Row Tag="LOC_DIPLO_MODIFIER_INTOLERANT_ENCROACHING">
      <Text>İmparatorluklarında sizin dininiz olduğu için kızgınlar.</Text>
    </Row>
    <Row Tag="LOC_DIPLO_MODIFIER_DESCRIPTION_HIGH_DIPLOVP">
      <Text>Diplomatik Zafere yaklaştığınız için kızgınlar</Text>
    </Row>
    <Row Tag="LOC_DIPLO_MODIFIER_DESCRIPTION_LOW_DIPLOVP">
      <Text>Diplomatik Zafer için bir tehdit olmamanızdan memnunlar</Text>
    </Row>
    <Row Tag="LOC_DIPLO_MODIFIER_DESCRIPTION_HIGH_PILLAGE">
      <Text>Yağmalamaktan hoşlanan başka bir uygarlık görmekten memnunlar.</Text>
    </Row>
    <Row Tag="LOC_DIPLO_MODIFIER_DESCRIPTION_LOW_PILLAGE">
      <Text>Rakipleri daha sık yağmaladığınızı görmek istiyorlar</Text>
    </Row>
  </BaseGameText>
</GameData>