﻿<?xml version="1.0" encoding="utf-8"?>
<!-- edited with XMLSPY v2004 rel. 2 U (http://www.xmlspy.com) by Ed Beach (Firaxis Games) -->
<GameData>
  <BaseGameText>
    <!-- Dido Diplo Text -->
    <Row Tag="LOC_DIPLO_ACCEPT_DECLARE_FRIEND_FROM_HUMAN_LEADER_DIDO_ANY">
      <Text>Bizimki gibi iki büyük halk böyle bir anlaşmayı paylaştığında, onlara dost demek doğru olur.</Text>
    </Row>
    <Row Tag="LOC_DIPLO_REJECT_DECLARE_FRIEND_FROM_HUMAN_LEADER_DIDO_ANY">
      <Text>Kendinizi övüyorsunuz. Fenike ulusunuzun varlığını tanıyor ama biz karşılıklı bir dostluğu tanımıyoruz.</Text>
    </Row>
    <Row Tag="LOC_DIPLO_DECLARE_FRIEND_FROM_AI_LEADER_DIDO_ANY">
      <Text>Gel, yüce kişi ve Fenike'nin dostu olduğunu tüm dünyaya ilan et!</Text>
    </Row>
    <Row Tag="LOC_DIPLO_ACCEPT_DECLARE_FRIEND_FROM_AI_LEADER_DIDO_ANY">
      <Text>Evet. Yemin ederim.</Text>
    </Row>
    <Row Tag="LOC_DIPLO_REJECT_DECLARE_FRIEND_FROM_AI_LEADER_DIDO_ANY">
      <Text>Bunu kabul etmiyorum.</Text>
    </Row>
    <Row Tag="LOC_DIPLO_ACCEPT_DELEGATION_FROM_HUMAN_LEADER_DIDO_ANY">
      <Text>Heyetiniz hoş geldiniz ve aramızda huzur bulacaktır.</Text>
    </Row>
    <Row Tag="LOC_DIPLO_REJECT_DELEGATION_FROM_HUMAN_LEADER_DIDO_ANY">
      <Text>Fenike'nin sizin delegasyonunuza ihtiyacı yok, çünkü halkınızın ölçüsü zaten bizde var.</Text>
    </Row>
    <Row Tag="LOC_DIPLO_DELEGATION_FROM_AI_LEADER_DIDO_ANY">
      <Text>Fenike'nin zenginliklerinden sadece bir parça olan bu mor misk, Lübnan sediri ve zeytin armağanlarını kabul edin.</Text>
    </Row>
    <Row Tag="LOC_DIPLO_DENOUNCE_FROM_HUMAN_LEADER_DIDO_ANY">
      <Text>Senatörleriniz bizi yok etmeye çağırıyor ve siz onları hatip olarak alkışlamaya cüret mi ediyorsunuz? Yıkımınıza körlemesine yürüyorsunuz.</Text>
    </Row>
    <Row Tag="LOC_DIPLO_DENOUNCE_FROM_AI_LEADER_DIDO_ANY">
      <Text>Moloch için ateşe gönderilmen için dua ediyorum! Mot'a adak olman için dua ediyorum! Yam'ın yükselip seni yutması için dua ediyorum! (Seni kınıyor).</Text>
    </Row>
    <Row Tag="LOC_DIPLO_GREETING_LEADER_DIDO_ANY">
      <Text>Geri döndünüz. Hoş geldiniz.</Text>
    </Row>
    <Row Tag="LOC_DIPLO_MAKE_ALLIANCE_FROM_AI_LEADER_DIDO_ANY">
      <Text>Fenike'ye karşı adil ve dürüst davrandınız. Bir sonraki adımı atıp müttefik olduğumuzu ilan edecek misiniz?</Text>
    </Row>
    <Row Tag="LOC_DIPLO_MAKE_PEACE_AI_ACCEPT_DEAL_LEADER_DIDO_ANY">
      <Text>Demek istediğinizi anladım. Dünyayı mahvetmeden önce barış yapalım.</Text>
    </Row>
    <Row Tag="LOC_DIPLO_MAKE_PEACE_AI_REFUSE_DEAL_LEADER_DIDO_ANY">
      <Text>Hayır. Boşuna soruyorsun.</Text>
    </Row>
    <Row Tag="LOC_DIPLO_MAKE_PEACE_FROM_AI_LEADER_DIDO_ANY">
      <Text>Size barış öneriyorum; yıkık duvarlardan ve ağıtlardan daha mutlu bir seçim.</Text>
    </Row>
    <Row Tag="LOC_DIPLO_ACCEPT_OPEN_BORDERS_FROM_HUMAN_LEADER_DIDO_ANY">
      <Text>Evet. Topraklarımızdan özgürce geçmek her iki halkı da zenginleştirecektir.</Text>
    </Row>
    <Row Tag="LOC_DIPLO_REJECT_OPEN_BORDERS_FROM_HUMAN_LEADER_DIDO_ANY">
      <Text>Birliklerinizin topraklarımızı çiğnemesine izin vermekte çok az kazanç görüyorum. Phoenicia sınırlarını geçmeyin.</Text>
    </Row>
    <Row Tag="LOC_DIPLO_OPEN_BORDERS_FROM_AI_LEADER_DIDO_ANY">
      <Text>Sınırların kurgusu konusunda akılsızca bir ısrar, daha küçük yöneticiler içindir. Sınırlarımızı birbirimize açalım.</Text>
    </Row>
    <Row Tag="LOC_DIPLO_WARNING_TOO_MANY_TROOPS_NEAR_ME_LEADER_DIDO_ANY">
      <Text>Nasıl bir ihanet niyetindesiniz? Ordularınızı derhal sınırlarımızdan uzaklaştırın.</Text>
    </Row>
    <Row Tag="LOC_DIPLO_DEFEAT_FROM_AI_LEADER_DIDO_ANY">
      <Text>Fetihlerinizle övünmeyin. Bir gün başkentinizin alevler içinde kaldığını görebilirsiniz.</Text>
    </Row>
    <Row Tag="LOC_DIPLO_REJECT_MAKE_DEAL_FROM_AI_LEADER_DIDO_ANY">
      <Text>Bunu kabul etmiyorum.</Text>
    </Row>
    <Row Tag="LOC_DIPLO_ACCEPT_MAKE_DEAL_FROM_AI_LEADER_DIDO_ANY">
      <Text>Kabul edilebilir bir teklif.</Text>
    </Row>
    <!--Eleanor England Diplo Text -->
    <Row Tag="LOC_DIPLO_ACCEPT_DECLARE_FRIEND_FROM_HUMAN_LEADER_ELEANOR_ENGLAND_ANY">
      <Text>Evet, benim için gerçekten de iyi bir arkadaşsınız ve sizi böyle tanımaktan memnuniyet duyuyorum.</Text>
    </Row>
    <Row Tag="LOC_DIPLO_REJECT_DECLARE_FRIEND_FROM_HUMAN_LEADER_ELEANOR_ENGLAND_ANY">
      <Text>Hayranlığınız gurur verici ama ben bunu reddediyorum.</Text>
    </Row>
    <Row Tag="LOC_DIPLO_DECLARE_FRIEND_FROM_AI_LEADER_ELEANOR_ENGLAND_ANY">
      <Text>Hükümdarlık sanatını bizim kadar anlayan çok az kişi var. Dünyaya dost olduğumuzu söylememiz gerekmez mi?</Text>
    </Row>
    <Row Tag="LOC_DIPLO_ACCEPT_DECLARE_FRIEND_FROM_AI_LEADER_ELEANOR_ENGLAND_ANY">
      <Text>Böyle cazip bir teklifi nasıl geri çevirebilirdim?</Text>
    </Row>
    <Row Tag="LOC_DIPLO_REJECT_DECLARE_FRIEND_FROM_AI_LEADER_ELEANOR_ENGLAND_ANY">
      <Text>Hayır, çok yaşa.</Text>
    </Row>
    <Row Tag="LOC_DIPLO_ACCEPT_DELEGATION_FROM_HUMAN_LEADER_ELEANOR_ENGLAND_ANY">
      <Text>Heyetiniz sarayımda misafir olarak ağırlandı. Bu vesileyle yazılan şiirlerin bir kopyasını size göndereceğim.</Text>
    </Row>
    <Row Tag="LOC_DIPLO_REJECT_DELEGATION_FROM_HUMAN_LEADER_ELEANOR_ENGLAND_ANY">
      <Text>Kötü bir şekilde sunulan değersiz yemeklerin sarayımda yeri yoktur.</Text>
    </Row>
    <Row Tag="LOC_DIPLO_DELEGATION_FROM_AI_LEADER_ELEANOR_ENGLAND_ANY">
      <Text>Hediyelerimi kabul etmekten memnuniyet duyun: kristal bir vazo, şarap, yer mantarı ve sarayınızı canlandırmak için bir düzine ozan.</Text>
    </Row>
    <Row Tag="LOC_DIPLO_DENOUNCE_FROM_HUMAN_LEADER_ELEANOR_ENGLAND_ANY">
      <Text>Yaptıklarının bedelini ödeyeceğin bir zaman gelecek. Ve ondan sonra, adınızın sadece komik şiirlerin kötü adamı olarak yaşayacağı bir zaman.</Text>
    </Row>
    <Row Tag="LOC_DIPLO_DENOUNCE_FROM_AI_LEADER_ELEANOR_ENGLAND_ANY">
      <Text>Eylemleriniz yalnızca karanlığı ve hilekârlığı teşvik ettiği için, size karşı duracağım - ve sevgi ve kahkaha için duracağım! (Sizi kınıyor).</Text>
    </Row>
    <Row Tag="LOC_DIPLO_GREETING_LEADER_ELEANOR_ENGLAND_ANY">
      <Text>Ah! Biz de tam senden bahsediyorduk.</Text>
    </Row>
    <Row Tag="LOC_DIPLO_MAKE_ALLIANCE_FROM_AI_LEADER_ELEANOR_ENGLAND_ANY">
      <Text>İşlerimizde uzun zamandır anlaşma sağlayamadık mı? Bunu bir ittifakla resmileştirelim.</Text>
    </Row>
    <Row Tag="LOC_DIPLO_MAKE_PEACE_AI_ACCEPT_DEAL_LEADER_ELEANOR_ENGLAND_ANY">
      <Text>Bu savaşı uzatmak, övgüye değer bir yiğitlikten acınası bir katliama dönüşecektir. Barış için bana katılın.</Text>
    </Row>
    <Row Tag="LOC_DIPLO_MAKE_PEACE_AI_REFUSE_DEAL_LEADER_ELEANOR_ENGLAND_ANY">
      <Text>Kesinlikle hayır.</Text>
    </Row>
    <Row Tag="LOC_DIPLO_MAKE_PEACE_FROM_AI_LEADER_ELEANOR_ENGLAND_ANY">
      <Text>Tebrikler, dövüş yeteneğiniz kanıtlandı. Barış için bir kalbiniz var mı, yoksa karakteriniz bu kadar mı?</Text>
    </Row>
    <Row Tag="LOC_DIPLO_ACCEPT_OPEN_BORDERS_FROM_HUMAN_LEADER_ELEANOR_ENGLAND_ANY">
      <Text>O zaman sınırlarımız açık olsun!</Text>
    </Row>
    <Row Tag="LOC_DIPLO_REJECT_OPEN_BORDERS_FROM_HUMAN_LEADER_ELEANOR_ENGLAND_ANY">
      <Text>Topraklarımı casuslarınıza ve serserilerinize mi açayım? Kesinlikle açmayacağım. Kendi sınırlarınızla yetinin.</Text>
    </Row>
    <Row Tag="LOC_DIPLO_OPEN_BORDERS_FROM_AI_LEADER_ELEANOR_ENGLAND_ANY">
      <Text>Topraklarımı geçecek olan birliklerinize açıyorum ama sizden de aynı şekilde izin istiyorum.</Text>
    </Row>
    <Row Tag="LOC_DIPLO_WARNING_TOO_MANY_TROOPS_NEAR_ME_LEADER_ELEANOR_ENGLAND_ANY">
      <Text>Güçlerinizi bu şekilde sergilemeniz güçlülüğünüzün değil, çaresiz bir zayıflığın göstergesidir. Onları sınırlarımdan uzaklaştırın.</Text>
    </Row>
    <Row Tag="LOC_DIPLO_DEFEAT_FROM_AI_LEADER_ELEANOR_ENGLAND_ANY">
      <Text>Güç arzunuz sizi benim yönetimimi yok etmeye itiyorsa, öyle olsun! Ben yine de aşk sarayını yöneteceğim.</Text>
    </Row>
    <Row Tag="LOC_DIPLO_REJECT_MAKE_DEAL_FROM_AI_LEADER_ELEANOR_ENGLAND_ANY">
      <Text>Ne kadar komik! Hayır.</Text>
    </Row>
    <Row Tag="LOC_DIPLO_ACCEPT_MAKE_DEAL_FROM_AI_LEADER_ELEANOR_ENGLAND_ANY">
      <Text>Şartlarınız iyi. Bırakın da detayları bizim şansölyelerimiz çözsün.</Text>
    </Row>
    <!--Eleanor France Diplo Text -->
    <Row Tag="LOC_DIPLO_ACCEPT_DECLARE_FRIEND_FROM_HUMAN_LEADER_ELEANOR_FRANCE_ANY">
      <Text>Evet, benim için gerçekten de iyi bir arkadaşsınız ve sizi böyle tanımaktan memnuniyet duyuyorum.</Text>
    </Row>
    <Row Tag="LOC_DIPLO_REJECT_DECLARE_FRIEND_FROM_HUMAN_LEADER_ELEANOR_FRANCE_ANY">
      <Text>Hayranlığınız gurur verici ama ben bunu reddediyorum.</Text>
    </Row>
    <Row Tag="LOC_DIPLO_DECLARE_FRIEND_FROM_AI_LEADER_ELEANOR_FRANCE_ANY">
      <Text>Hükümdarlık sanatını bizim kadar anlayan çok az kişi var. Dünyaya dost olduğumuzu söylememiz gerekmez mi?</Text>
    </Row>
    <Row Tag="LOC_DIPLO_ACCEPT_DECLARE_FRIEND_FROM_AI_LEADER_ELEANOR_FRANCE_ANY">
      <Text>How could I turn down such a charming offer?</Text>
    </Row>
    <Row Tag="LOC_DIPLO_REJECT_DECLARE_FRIEND_FROM_AI_LEADER_ELEANOR_FRANCE_ANY">
      <Text>Hayır, çok yaşa.</Text>
    </Row>
    <Row Tag="LOC_DIPLO_ACCEPT_DELEGATION_FROM_HUMAN_LEADER_ELEANOR_FRANCE_ANY">
      <Text>Heyetiniz sarayımda misafir olarak ağırlandı. Bu vesileyle yazılan şiirlerin bir kopyasını size göndereceğim.</Text>
    </Row>
    <Row Tag="LOC_DIPLO_REJECT_DELEGATION_FROM_HUMAN_LEADER_ELEANOR_FRANCE_ANY">
      <Text>Kötü bir şekilde sunulan değersiz yemeklerin sarayımda yeri yoktur.</Text>
    </Row>
    <Row Tag="LOC_DIPLO_DELEGATION_FROM_AI_LEADER_ELEANOR_FRANCE_ANY">
      <Text>Hediyelerimi kabul etmekten memnuniyet duyun: kristal bir vazo, şarap, yer mantarı ve sarayınızı canlandırmak için bir düzine ozan.</Text>
    </Row>
    <Row Tag="LOC_DIPLO_DENOUNCE_FROM_HUMAN_LEADER_ELEANOR_FRANCE_ANY">
      <Text>Yaptıklarının bedelini ödeyeceğin bir zaman gelecek. Ve ondan sonra, adınızın sadece komik şiirlerin kötü adamı olarak yaşayacağı bir zaman.</Text>
    </Row>
    <Row Tag="LOC_DIPLO_DENOUNCE_FROM_AI_LEADER_ELEANOR_FRANCE_ANY">
      <Text>Eylemleriniz yalnızca karanlığı ve hilekârlığı teşvik ettiği için, size karşı duracağım - ve sevgi ve kahkaha için duracağım! (Sizi kınıyor).</Text>
    </Row>
    <Row Tag="LOC_DIPLO_GREETING_LEADER_ELEANOR_FRANCE_ANY">
      <Text>Ah! Biz de tam senden bahsediyorduk.</Text>
    </Row>
    <Row Tag="LOC_DIPLO_MAKE_ALLIANCE_FROM_AI_LEADER_ELEANOR_FRANCE_ANY">
      <Text>İşlerimizde uzun zamandır anlaşma sağlayamadık mı? Bunu bir ittifakla resmileştirelim.</Text>
    </Row>
    <Row Tag="LOC_DIPLO_MAKE_PEACE_AI_ACCEPT_DEAL_LEADER_ELEANOR_FRANCE_ANY">
      <Text>Bu savaşı uzatmak, övgüye değer bir yiğitlikten acınası bir katliama dönüşecektir. Barış için bana katılın.</Text>
    </Row>
    <Row Tag="LOC_DIPLO_MAKE_PEACE_AI_REFUSE_DEAL_LEADER_ELEANOR_FRANCE_ANY">
      <Text>Kesinlikle hayır.</Text>
    </Row>
    <Row Tag="LOC_DIPLO_MAKE_PEACE_FROM_AI_LEADER_ELEANOR_FRANCE_ANY">
      <Text>Tebrikler, dövüş yeteneğiniz kanıtlandı. Barış için bir kalbiniz var mı, yoksa karakteriniz bu kadar mı?</Text>
    </Row>
    <Row Tag="LOC_DIPLO_ACCEPT_OPEN_BORDERS_FROM_HUMAN_LEADER_ELEANOR_FRANCE_ANY">
      <Text>O zaman sınırlarımız açık olsun!</Text>
    </Row>
    <Row Tag="LOC_DIPLO_REJECT_OPEN_BORDERS_FROM_HUMAN_LEADER_ELEANOR_FRANCE_ANY">
      <Text>Topraklarımı casuslarınıza ve serserilerinize mi açayım? Kesinlikle açmayacağım. Kendi sınırlarınızla yetinin.</Text>
    </Row>
    <Row Tag="LOC_DIPLO_OPEN_BORDERS_FROM_AI_LEADER_ELEANOR_FRANCE_ANY">
      <Text>Topraklarımı geçecek olan birliklerinize açıyorum ama sizden de aynı şekilde izin istiyorum.</Text>
    </Row>
    <Row Tag="LOC_DIPLO_WARNING_TOO_MANY_TROOPS_NEAR_ME_LEADER_ELEANOR_FRANCE_ANY">
      <Text>Güçlerinizi bu şekilde sergilemeniz güçlülüğünüzün değil, çaresiz bir zayıflığın göstergesidir. Onları sınırlarımdan uzaklaştırın.</Text>
    </Row>
    <Row Tag="LOC_DIPLO_DEFEAT_FROM_AI_LEADER_ELEANOR_FRANCE_ANY">
      <Text>Güç arzunuz sizi benim yönetimimi yok etmeye itiyorsa, öyle olsun! Ben yine de aşk sarayını yöneteceğim.</Text>
    </Row>
    <Row Tag="LOC_DIPLO_REJECT_MAKE_DEAL_FROM_AI_LEADER_ELEANOR_FRANCE_ANY">
      <Text>Ne kadar komik! Hayır.</Text>
    </Row>
    <Row Tag="LOC_DIPLO_ACCEPT_MAKE_DEAL_FROM_AI_LEADER_ELEANOR_FRANCE_ANY">
      <Text>Şartlarınız iyi. Bırakın da detayları bizim şansölyelerimiz çözsün.</Text>
    </Row>
    <!--Kristina Diplo Text -->
    <Row Tag="LOC_DIPLO_ACCEPT_DECLARE_FRIEND_FROM_HUMAN_LEADER_KRISTINA_ANY">
      <Text>Seni bir dost olarak görüyorum! Bunu dünyayla paylaşmaktan mutluluk duymalıyım.</Text>
    </Row>
    <Row Tag="LOC_DIPLO_REJECT_DECLARE_FRIEND_FROM_HUMAN_LEADER_KRISTINA_ANY">
      <Text>Sanırım bana olan hayranlığınızı arkadaşlıkla karıştırıyorsunuz. Henüz arkadaş değiliz. Belki bir gün.</Text>
    </Row>
    <Row Tag="LOC_DIPLO_DECLARE_FRIEND_FROM_AI_LEADER_KRISTINA_ANY">
      <Text>Dünyaya uluslarımızın birbirlerinin dostu olduğunu anlatırken bana katılır mısınız? Kesinlikle hepsine ilham vereceğiz.</Text>
    </Row>
    <Row Tag="LOC_DIPLO_ACCEPT_DECLARE_FRIEND_FROM_AI_LEADER_KRISTINA_ANY">
      <Text>Katılıyorum.</Text>
    </Row>
    <Row Tag="LOC_DIPLO_REJECT_DECLARE_FRIEND_FROM_AI_LEADER_KRISTINA_ANY">
      <Text>Bu olamaz.</Text>
    </Row>
    <Row Tag="LOC_DIPLO_ACCEPT_DELEGATION_FROM_HUMAN_LEADER_KRISTINA_ANY">
      <Text>Heyetinizi kabul edeceğim ve onlar benim onur konuklarım olarak kalacaklar. Dramaturgumun onlar için paylaşacağı yeni bir eseri var.</Text>
    </Row>
    <Row Tag="LOC_DIPLO_REJECT_DELEGATION_FROM_HUMAN_LEADER_KRISTINA_ANY">
      <Text>İsveç'in bu önemsiz şeylere ihtiyacı yok.</Text>
    </Row>
    <Row Tag="LOC_DIPLO_DELEGATION_FROM_AI_LEADER_KRISTINA_ANY">
      <Text>Size bandy çubukları, ringa balığı turşusu, lingonsylt ve knäckebröd hediye ediyorum. Sakın bandy çubuklarını yeme.</Text>
    </Row>
    <Row Tag="LOC_DIPLO_DENOUNCE_FROM_HUMAN_LEADER_KRISTINA_ANY">
      <Text>Tüm dünyaya senin alçaklığını, kabalığını, hainliğini anlatacağım!</Text>
    </Row>
    <Row Tag="LOC_DIPLO_DENOUNCE_FROM_AI_LEADER_KRISTINA_ANY">
      <Text>İsveç'te sizi kötü adam olarak tasvir eden birçok eğlenceli halk şarkımız var. En basit sanatlar bile hayatın gerçeklerini taklit eder. (Sizi kınıyor).</Text>
    </Row>
    <Row Tag="LOC_DIPLO_GREETING_LEADER_KRISTINA_ANY">
      <Text>Sizi tekrar gördüğüme sevindim.</Text>
    </Row>
    <Row Tag="LOC_DIPLO_MAKE_ALLIANCE_FROM_AI_LEADER_KRISTINA_ANY">
      <Text>Dünyaya ilişkilerimizin uyumunu göstermenin ve ittifakımızı açıkça ilan etmenin zamanının geldiğine inanıyorum.</Text>
    </Row>
    <Row Tag="LOC_DIPLO_MAKE_PEACE_AI_ACCEPT_DEAL_LEADER_KRISTINA_ANY">
      <Text>İkimiz de diğerinin cesaretini sorgulamadığımıza göre, şimdi onurlu bir barış yapalım.</Text>
    </Row>
    <Row Tag="LOC_DIPLO_MAKE_PEACE_AI_REFUSE_DEAL_LEADER_KRISTINA_ANY">
      <Text>Hayır, buna izin vermeyeceğim.</Text>
    </Row>
    <Row Tag="LOC_DIPLO_MAKE_PEACE_FROM_AI_LEADER_KRISTINA_ANY">
      <Text>Halkımızın çektiği acılar hemen barış yapmamızı gerektirmiyor mu?</Text>
    </Row>
    <Row Tag="LOC_DIPLO_ACCEPT_OPEN_BORDERS_FROM_HUMAN_LEADER_KRISTINA_ANY">
      <Text>Birlikleriniz İsveç'ten engelsiz geçebilir.</Text>
    </Row>
    <Row Tag="LOC_DIPLO_REJECT_OPEN_BORDERS_FROM_HUMAN_LEADER_KRISTINA_ANY">
      <Text>Hayır, bu İsveç'in çıkarına değil. Sınırlarımıza saygı gösterin.</Text>
    </Row>
    <Row Tag="LOC_DIPLO_OPEN_BORDERS_FROM_AI_LEADER_KRISTINA_ANY">
      <Text>Birbirimizin sınırlarından serbestçe geçerek kazanabileceğimiz çok şey var, sizce de öyle değil mi?</Text>
    </Row>
    <Row Tag="LOC_DIPLO_WARNING_TOO_MANY_TROOPS_NEAR_ME_LEADER_KRISTINA_ANY">
      <Text>Birliklerinizi oyuncak askerlerle oynayan bir çocuk gibi sınırımız boyunca bir aşağı bir yukarı yürütmeyin. Hemen harekete geçin.</Text>
    </Row>
    <Row Tag="LOC_DIPLO_DEFEAT_FROM_AI_LEADER_KRISTINA_ANY">
      <Text>Gücü hiç sevmedim ve şimdi sanatsız kaldım. Bana sadece pişmanlık ve kayıp kaldı.</Text>
    </Row>
    <Row Tag="LOC_DIPLO_REJECT_MAKE_DEAL_FROM_AI_LEADER_KRISTINA_ANY">
      <Text>Bu teklifi kabul edemem.</Text>
    </Row>
    <Row Tag="LOC_DIPLO_ACCEPT_MAKE_DEAL_FROM_AI_LEADER_KRISTINA_ANY">
      <Text>Bu adil bir takas.</Text>
    </Row>
    <!-- Kupe Diplo Text -->
    <Row Tag="LOC_DIPLO_ACCEPT_DECLARE_FRIEND_FROM_HUMAN_LEADER_KUPE_ANY">
      <Text>Evet, iyisin. Biz Māori'ler senin arkadaşın olmaktan mutluyuz.</Text>
    </Row>
    <Row Tag="LOC_DIPLO_REJECT_DECLARE_FRIEND_FROM_HUMAN_LEADER_KUPE_ANY">
      <Text>Evet, hayır, Māori henüz halkla dostluğa hazır değil.</Text>
    </Row>
    <Row Tag="LOC_DIPLO_DECLARE_FRIEND_FROM_AI_LEADER_KUPE_ANY">
      <Text>Dünyada senden daha kötü insanlar da var, kesinlikle. Diğerlerine senin tam bir pislik olmadığını söylememin sakıncası var mı?</Text>
    </Row>
    <Row Tag="LOC_DIPLO_ACCEPT_DECLARE_FRIEND_FROM_AI_LEADER_KUPE_ANY">
      <Text>Elbette.</Text>
    </Row>
    <Row Tag="LOC_DIPLO_REJECT_DECLARE_FRIEND_FROM_AI_LEADER_KUPE_ANY">
      <Text>Hayır, sanmıyorum.</Text>
    </Row>
    <Row Tag="LOC_DIPLO_ACCEPT_DELEGATION_FROM_HUMAN_LEADER_KUPE_ANY">
      <Text>Mananızın işareti olan bu güzel hediyelerle bizi onurlandırıyorsunuz.</Text>
    </Row>
    <Row Tag="LOC_DIPLO_REJECT_DELEGATION_FROM_HUMAN_LEADER_KUPE_ANY">
      <Text>Hayır. Hediyelerinizi bize göndermeyin. Size karşı hiçbir yükümlülüğümüz yok.</Text>
    </Row>
    <Row Tag="LOC_DIPLO_DELEGATION_FROM_AI_LEADER_KUPE_ANY">
      <Text>İşte pounamu, korowai pelerinleri ve huhu kurtçukları hediyeleri. Hadi, huhu kurtçuklarını yediğini görmek istiyorum.</Text>
    </Row>
    <Row Tag="LOC_DIPLO_DENOUNCE_FROM_HUMAN_LEADER_KUPE_ANY">
      <Text>Kötü davranışlarınız tarihimizi belirledi ve bu yüzden bunu dünyaya ilan edebildiğim için gerçekten mutluyum.</Text>
    </Row>
    <Row Tag="LOC_DIPLO_DENOUNCE_FROM_AI_LEADER_KUPE_ANY">
      <Text>Dünya yaptıklarınızı görüyor ve bizim uzun zamandır bildiğimiz şeye inanıyorlar: tüm liderler arasında en kötüsü sizsiniz. (Sizi kınıyor).</Text>
    </Row>
    <Row Tag="LOC_DIPLO_GREETING_LEADER_KUPE_ANY">
      <Text>Tena koe!</Text>
    </Row>
    <Row Tag="LOC_DIPLO_MAKE_ALLIANCE_FROM_AI_LEADER_KUPE_ANY">
      <Text>Hiç de fena değilsin. İttifaka ne dersin?</Text>
    </Row>
    <Row Tag="LOC_DIPLO_MAKE_PEACE_AI_ACCEPT_DEAL_LEADER_KUPE_ANY">
      <Text>Görünüşe göre iki halkımız da cesur ve sert. Barışı deneyelim ve nasıl gideceğini görelim.</Text>
    </Row>
    <Row Tag="LOC_DIPLO_MAKE_PEACE_AI_REFUSE_DEAL_LEADER_KUPE_ANY">
      <Text>Böyle bir şey olmayacak.</Text>
    </Row>
    <Row Tag="LOC_DIPLO_MAKE_PEACE_FROM_AI_LEADER_KUPE_ANY">
      <Text>Savaş için cesaretiniz var, bu doğru. Peki barış için cesaretiniz var mı?</Text>
    </Row>
    <Row Tag="LOC_DIPLO_ACCEPT_OPEN_BORDERS_FROM_HUMAN_LEADER_KUPE_ANY">
      <Text>Bu kadar yeter. Topraklarınızın diğer tarafında keşfedecek çok dünyamız var.</Text>
    </Row>
    <Row Tag="LOC_DIPLO_REJECT_OPEN_BORDERS_FROM_HUMAN_LEADER_KUPE_ANY">
      <Text>Sınırların var olmasının bir sebebi var. Lütfen kendi tarafınızda kalın.</Text>
    </Row>
    <Row Tag="LOC_DIPLO_OPEN_BORDERS_FROM_AI_LEADER_KUPE_ANY">
      <Text>Topraklarınızdan tehdit edilmeden geçme hakkı karşılığında Māori'lere açık sınırlar öneriyorum.</Text>
    </Row>
    <Row Tag="LOC_DIPLO_WARNING_TOO_MANY_TROOPS_NEAR_ME_LEADER_KUPE_ANY">
      <Text>Belki de tüm o orduları Māori topraklarının yakınına taşımak istiyorsunuzdur? Korkunç bir şey olmadan önce? Sadece bir düşünce.</Text>
    </Row>
    <Row Tag="LOC_DIPLO_DEFEAT_FROM_AI_LEADER_KUPE_ANY">
      <Text>Elimden geleni yaptım, ama senin gücün daha büyüktü. Kalbim, en azından, yenilmeden atacak.</Text>
    </Row>
    <Row Tag="LOC_DIPLO_REJECT_MAKE_DEAL_FROM_AI_LEADER_KUPE_ANY">
      <Text>Bu korkunç bir anlaşma.</Text>
    </Row>
    <Row Tag="LOC_DIPLO_ACCEPT_MAKE_DEAL_FROM_AI_LEADER_KUPE_ANY">
      <Text>Evet, bu işe yarar.</Text>
    </Row>
    <!-- Laurier Diplo Text -->
    <Row Tag="LOC_DIPLO_ACCEPT_DECLARE_FRIEND_FROM_HUMAN_LEADER_LAURIER_ANY">
      <Text>Kanada halkının dostluğunuzu kabul etme arzusuna katılıyorum. Bunu tüm dünyaya ilan edelim!</Text>
    </Row>
    <Row Tag="LOC_DIPLO_REJECT_DECLARE_FRIEND_FROM_HUMAN_LEADER_LAURIER_ANY">
      <Text>Benim ve Kanada halkının saygısını kazanmış olsanız da, henüz kalıcı bir dostluk ilan etmenin zamanı gelmedi.</Text>
    </Row>
    <Row Tag="LOC_DIPLO_DECLARE_FRIEND_FROM_AI_LEADER_LAURIER_ANY">
      <Text>Kanada'nın sadık ve vefalı bir dostu olduğunuzu kanıtladınız. Karşılıklı mutabakatımızı dünyaya ilan etmemize izin verecek misiniz?</Text>
    </Row>
    <Row Tag="LOC_DIPLO_ACCEPT_DECLARE_FRIEND_FROM_AI_LEADER_LAURIER_ANY">
      <Text>Evet, gerçekten!</Text>
    </Row>
    <Row Tag="LOC_DIPLO_REJECT_DECLARE_FRIEND_FROM_AI_LEADER_LAURIER_ANY">
      <Text>Üzgünüm, hayır.</Text>
    </Row>
    <Row Tag="LOC_DIPLO_ACCEPT_DELEGATION_FROM_HUMAN_LEADER_LAURIER_ANY">
      <Text>Heyetinizin nezaketi için teşekkür ederiz. Onları ağırlamaktan memnuniyet duyuyoruz.</Text>
    </Row>
    <Row Tag="LOC_DIPLO_REJECT_DELEGATION_FROM_HUMAN_LEADER_LAURIER_ANY">
      <Text>Kanada'nın önemsiz hediyelere ihtiyacı yok. Lütfen heyetinizi geri çekin.</Text>
    </Row>
    <Row Tag="LOC_DIPLO_DELEGATION_FROM_AI_LEADER_LAURIER_ANY">
      <Text>Kanada halkı akçaağaç şurubu, yün battaniyeler ve onurlandırdığımız geleneksel başlığımızı hediye ediyor: Takke.</Text>
    </Row>
    <Row Tag="LOC_DIPLO_DENOUNCE_FROM_HUMAN_LEADER_LAURIER_ANY">
      <Text>Sizinle müzakere etmek insan sabrının sınırlarını zorluyor ve artık davranışlarınıza müsamaha göstermeyeceğim.</Text>
    </Row>
    <Row Tag="LOC_DIPLO_DENOUNCE_FROM_AI_LEADER_LAURIER_ANY">
      <Text>Keşke daha bilge, daha uzlaşmacı bir hükümdar olduğunuzu kanıtlasaydınız, ancak eylemleriniz barışçıl bir gelecek için bana çok az umut bırakıyor. (Sizi kınıyor).</Text>
    </Row>
    <Row Tag="LOC_DIPLO_GREETING_LEADER_LAURIER_ANY">
      <Text>Sizi tekrar gördüğüme sevindim.</Text>
    </Row>
    <Row Tag="LOC_DIPLO_MAKE_ALLIANCE_FROM_AI_LEADER_LAURIER_ANY">
      <Text>Birçok ortak ilgi alanımız var; bunlar bir ittifak tarafından iyi bir şekilde kullanılamaz mı?</Text>
    </Row>
    <Row Tag="LOC_DIPLO_MAKE_PEACE_AI_ACCEPT_DEAL_LEADER_LAURIER_ANY">
      <Text>Neden acıları uzatmak ve nefreti körüklemek zorundayız? Bu savaşı sona erdirelim ve barışa kavuşalım.</Text>
    </Row>
    <Row Tag="LOC_DIPLO_MAKE_PEACE_AI_REFUSE_DEAL_LEADER_LAURIER_ANY">
      <Text>Üzgünüm, hayır.</Text>
    </Row>
    <Row Tag="LOC_DIPLO_MAKE_PEACE_FROM_AI_LEADER_LAURIER_ANY">
      <Text>Silah gücünden ziyade kalbe ve ruha hitap ederek kazanılacak daha çok şey vardır. Barış yapalım.</Text>
    </Row>
    <Row Tag="LOC_DIPLO_ACCEPT_OPEN_BORDERS_FROM_HUMAN_LEADER_LAURIER_ANY">
      <Text>Anlaşmanızı kabul etmekten memnuniyet duyuyor ve birimlerinizin Kanada topraklarından geçmesini memnuniyetle karşılıyorum.</Text>
    </Row>
    <Row Tag="LOC_DIPLO_REJECT_OPEN_BORDERS_FROM_HUMAN_LEADER_LAURIER_ANY">
      <Text>Bu teklifi kabul edemem, zira siz birimlerin topraklarımıza girmesine izin vermek Kanada'nın çıkarına değildir.</Text>
    </Row>
    <Row Tag="LOC_DIPLO_OPEN_BORDERS_FROM_AI_LEADER_LAURIER_ANY">
      <Text>Halklarımız arasında karşılıklı bir açık sınır anlaşması önermek istiyorum.</Text>
    </Row>
    <Row Tag="LOC_DIPLO_WARNING_TOO_MANY_TROOPS_NEAR_ME_LEADER_LAURIER_ANY">
      <Text>Coureurs de bois bana sınırlarımızda çok sayıda asker olduğuna dair rahatsız edici haberler getirdi. Belki onları geri çekebilirsiniz?</Text>
    </Row>
    <Row Tag="LOC_DIPLO_DEFEAT_FROM_AI_LEADER_LAURIER_ANY">
      <Text>Olabilecek bir Kanada hayalimiz de böylece sona erdi. Halkımız iyi kalplidir. Merhametle yönetin ve onlardan öğrenin.</Text>
    </Row>
    <Row Tag="LOC_DIPLO_REJECT_MAKE_DEAL_FROM_AI_LEADER_LAURIER_ANY">
      <Text>Bu teklif bize fayda sağlamayacaktır.</Text>
    </Row>
    <Row Tag="LOC_DIPLO_ACCEPT_MAKE_DEAL_FROM_AI_LEADER_LAURIER_ANY">
      <Text>Teklifinizi teşekkür ederek kabul ediyorum.</Text>
    </Row>
    <!-- Mansa Musa Diplo Text -->
    <Row Tag="LOC_DIPLO_ACCEPT_DECLARE_FRIEND_FROM_HUMAN_LEADER_MANSA_MUSA_ANY">
      <Text>Bana "dostum" demenizden memnuniyet duydum, çünkü sizi dostum olarak görüyorum.</Text>
    </Row>
    <Row Tag="LOC_DIPLO_REJECT_DECLARE_FRIEND_FROM_HUMAN_LEADER_MANSA_MUSA_ANY">
      <Text>Heyecanınız durumumuzun gerçekliğini aşıyor. Size henüz Mali'nin dostu diyemem.</Text>
    </Row>
    <Row Tag="LOC_DIPLO_DECLARE_FRIEND_FROM_AI_LEADER_MANSA_MUSA_ANY">
      <Text>Aramızdaki bağdan ikimiz de çok şey kazanmıyor muyuz? Dünyaya dost olduğumuzu söyleyelim mi?</Text>
    </Row>
    <Row Tag="LOC_DIPLO_ACCEPT_DECLARE_FRIEND_FROM_AI_LEADER_MANSA_MUSA_ANY">
      <Text>Evet! Tanrı'ya şükürler olsun!</Text>
    </Row>
    <Row Tag="LOC_DIPLO_REJECT_DECLARE_FRIEND_FROM_AI_LEADER_MANSA_MUSA_ANY">
      <Text>Böyle bir şey olamaz.</Text>
    </Row>
    <Row Tag="LOC_DIPLO_ACCEPT_DELEGATION_FROM_HUMAN_LEADER_MANSA_MUSA_ANY">
      <Text>Hiçbir şey istemesem de, hediyenizin samimiyeti başlı başına bir lütuftur. Heyetinizi kabul ediyorum.</Text>
    </Row>
    <Row Tag="LOC_DIPLO_REJECT_DELEGATION_FROM_HUMAN_LEADER_MANSA_MUSA_ANY">
      <Text>Süleyman, ihtişamıyla Saba Melikesi'nin hediyelerini reddetti, bu yüzden ben de sizinkileri kabul etmemeliyim.</Text>
    </Row>
    <Row Tag="LOC_DIPLO_DELEGATION_FROM_AI_LEADER_MANSA_MUSA_ANY">
      <Text>Lütfen çivit bezi, Kikeliba çayı ve altın tozu çuvalları taşıyan yüz hamaldan oluşan bu basit hediyeleri kabul edin.</Text>
    </Row>
    <Row Tag="LOC_DIPLO_DENOUNCE_FROM_HUMAN_LEADER_MANSA_MUSA_ANY">
      <Text>Yılan! Ayartıcı! Sefil! Azap saatini bekle, çünkü çok yakında!</Text>
    </Row>
    <Row Tag="LOC_DIPLO_DENOUNCE_FROM_AI_LEADER_MANSA_MUSA_ANY">
      <Text>Ey Tanrı, neden bu kara yürekli kişinin kralların gücünü kullanmasına izin veriyorsun? Gazabını indir, ey gök! (Seni kınıyor).</Text>
    </Row>
    <Row Tag="LOC_DIPLO_GREETING_LEADER_MANSA_MUSA_ANY">
      <Text>Lütfen, konuşun.</Text>
    </Row>
    <Row Tag="LOC_DIPLO_MAKE_ALLIANCE_FROM_AI_LEADER_MANSA_MUSA_ANY">
      <Text>Müttefik olalım mı? İnşallah siz evet dersiniz ve biz de bunu dünyaya ilan ederiz!</Text>
    </Row>
    <Row Tag="LOC_DIPLO_MAKE_PEACE_AI_ACCEPT_DEAL_LEADER_MANSA_MUSA_ANY">
      <Text>Bu aptalca, boş savaşı bir kenara bırakmanın ve halklarımız arasında barış yapmanın zamanı geldi.</Text>
    </Row>
    <Row Tag="LOC_DIPLO_MAKE_PEACE_AI_REFUSE_DEAL_LEADER_MANSA_MUSA_ANY">
      <Text>Hayır, bu kabul edilemez.</Text>
    </Row>
    <Row Tag="LOC_DIPLO_MAKE_PEACE_FROM_AI_LEADER_MANSA_MUSA_ANY">
      <Text>Bu savaş israf ve sonuçsuzdur. Aramızda bir barış olması Tanrı'yı daha çok memnun etmez mi?</Text>
    </Row>
    <Row Tag="LOC_DIPLO_ACCEPT_OPEN_BORDERS_FROM_HUMAN_LEADER_MANSA_MUSA_ANY">
      <Text>Evet, ücretsiz seyahat ikimiz için de sadece nimetlere yol açabilir.</Text>
    </Row>
    <Row Tag="LOC_DIPLO_REJECT_OPEN_BORDERS_FROM_HUMAN_LEADER_MANSA_MUSA_ANY">
      <Text>Ah, hayırseverlik beni bunu kabul etmeye yönlendirse de, bilgelik şimdilik bunu yasaklamamı emrediyor.</Text>
    </Row>
    <Row Tag="LOC_DIPLO_OPEN_BORDERS_FROM_AI_LEADER_MANSA_MUSA_ANY">
      <Text>Birliklerimin sınırlarınızdan engelsiz geçmesi en büyük arzumdur. Lütfen, bunun böyle olmasını sağlayın.</Text>
    </Row>
    <Row Tag="LOC_DIPLO_WARNING_TOO_MANY_TROOPS_NEAR_ME_LEADER_MANSA_MUSA_ANY">
      <Text>Büyük ordularınızın Mali sınırlarında geçit töreni yapmasına gerek görmüyorum. Lütfen onları şimdi kaldırın.</Text>
    </Row>
    <Row Tag="LOC_DIPLO_DEFEAT_FROM_AI_LEADER_MANSA_MUSA_ANY">
      <Text>Zenginlik geçicidir; öğrenmek boştur. Yaptığım her şeyi, Tanrım, senin adına yaptım.</Text>
    </Row>
    <Row Tag="LOC_DIPLO_REJECT_MAKE_DEAL_FROM_AI_LEADER_MANSA_MUSA_ANY">
      <Text>Bu değersiz bir teklif.</Text>
    </Row>
    <Row Tag="LOC_DIPLO_ACCEPT_MAKE_DEAL_FROM_AI_LEADER_MANSA_MUSA_ANY">
      <Text>Tanrı'ya şükür, bunu kabul edeceğim.</Text>
    </Row>
    <!-- Matthias Corvinus Diplo Text -->
    <Row Tag="LOC_DIPLO_ACCEPT_DECLARE_FRIEND_FROM_HUMAN_LEADER_MATTHIAS_CORVINUS_ANY">
      <Text>Evet! Evet! Kralların yükünü sizin kadar iyi anlayan çok az yönetici vardır. Size dostum demekten mutluluk duyuyorum.</Text>
    </Row>
    <Row Tag="LOC_DIPLO_REJECT_DECLARE_FRIEND_FROM_HUMAN_LEADER_MATTHIAS_CORVINUS_ANY">
      <Text>Bir kral arkadaşlarını büyük bir dikkatle seçmelidir. Sana böyle hitap etmemin zamanı değil.</Text>
    </Row>
    <Row Tag="LOC_DIPLO_DECLARE_FRIEND_FROM_AI_LEADER_MATTHIAS_CORVINUS_ANY">
      <Text>İkimiz de halkımızın takdiri ve Tanrı'nın iradesiyle yönetmiyor muyuz? Bunun bizi dünyanın önünde gerçek dostlar olarak bağlaması gerekmez mi?</Text>
    </Row>
    <Row Tag="LOC_DIPLO_ACCEPT_DECLARE_FRIEND_FROM_AI_LEADER_MATTHIAS_CORVINUS_ANY">
      <Text>Evet, Tanrı'ya şükürler olsun.</Text>
    </Row>
    <Row Tag="LOC_DIPLO_REJECT_DECLARE_FRIEND_FROM_AI_LEADER_MATTHIAS_CORVINUS_ANY">
      <Text>Bu mümkün değildir.</Text>
    </Row>
    <Row Tag="LOC_DIPLO_ACCEPT_DELEGATION_FROM_HUMAN_LEADER_MATTHIAS_CORVINUS_ANY">
      <Text>Delegasyonunuzun hediyeleri için teşekkür eder, cömertliğinizin kutsanmasını dilerim.</Text>
    </Row>
    <Row Tag="LOC_DIPLO_REJECT_DELEGATION_FROM_HUMAN_LEADER_MATTHIAS_CORVINUS_ANY">
      <Text>Ne hediyelere ne de onların üstü kapalı yükümlülüklerine ihtiyacımız var. Macaristan yeterince zengin.</Text>
    </Row>
    <Row Tag="LOC_DIPLO_DELEGATION_FROM_AI_LEADER_MATTHIAS_CORVINUS_ANY">
      <Text>Sana bir prense layık hediyeler gönderiyorum: Güzel danteller, hanedan armalarınızla süslenmiş bir yay ve ailemin tarifiyle yapılmış paprikash.</Text>
    </Row>
    <Row Tag="LOC_DIPLO_DENOUNCE_FROM_HUMAN_LEADER_MATTHIAS_CORVINUS_ANY">
      <Text>Sen kanunsuz bir yılansın, dünyayı önünde diz çökmüş görmek isteyen açgözlü bir akbabasın. Senden asla korkmayacağımı bil!</Text>
    </Row>
    <Row Tag="LOC_DIPLO_DENOUNCE_FROM_AI_LEADER_MATTHIAS_CORVINUS_ANY">
      <Text>Siz gücün peşindesiniz -her zaman ve sadece gücün- ama Macaristan size sonuna kadar direnecek. (Sizi kınıyor).</Text>
    </Row>
    <Row Tag="LOC_DIPLO_GREETING_LEADER_MATTHIAS_CORVINUS_ANY">
      <Text>Dönüşün beni onurlandırdı.</Text>
    </Row>
    <Row Tag="LOC_DIPLO_MAKE_ALLIANCE_FROM_AI_LEADER_MATTHIAS_CORVINUS_ANY">
      <Text>Macaristan'ın haklarına ve otoritesine saygı duyuyorsunuz ve değerli bir dost olduğunuzu kanıtladınız. Aramızdaki bağı bir ittifakla güçlendirelim.</Text>
    </Row>
    <Row Tag="LOC_DIPLO_MAKE_PEACE_AI_ACCEPT_DEAL_LEADER_MATTHIAS_CORVINUS_ANY">
      <Text>Pekala, sanırım ikimiz de görüşlerimizi kanıtladık. Şimdi merhamet ve barış konusuna geçelim.</Text>
    </Row>
    <Row Tag="LOC_DIPLO_MAKE_PEACE_AI_REFUSE_DEAL_LEADER_MATTHIAS_CORVINUS_ANY">
      <Text>Asla, asla.</Text>
    </Row>
    <Row Tag="LOC_DIPLO_MAKE_PEACE_FROM_AI_LEADER_MATTHIAS_CORVINUS_ANY">
      <Text>Bu savaşı uzatmanın ne merhameti ne de sebepleri takip etmenin adaleti vardır. Barış yapalım.</Text>
    </Row>
    <Row Tag="LOC_DIPLO_ACCEPT_OPEN_BORDERS_FROM_HUMAN_LEADER_MATTHIAS_CORVINUS_ANY">
      <Text>Evet, öyle olsun. Açık geçiş hakkı için teşekkürler.</Text>
    </Row>
    <Row Tag="LOC_DIPLO_REJECT_OPEN_BORDERS_FROM_HUMAN_LEADER_MATTHIAS_CORVINUS_ANY">
      <Text>Bu bir dayatma ve kabul edilemez bir dayatma olacaktır.</Text>
    </Row>
    <Row Tag="LOC_DIPLO_OPEN_BORDERS_FROM_AI_LEADER_MATTHIAS_CORVINUS_ANY">
      <Text>Sınırlarınız boyunca hareket etme hakkına sahip olmamıza izin verin, ben de size aynısını vereyim.</Text>
    </Row>
    <Row Tag="LOC_DIPLO_WARNING_TOO_MANY_TROOPS_NEAR_ME_LEADER_MATTHIAS_CORVINUS_ANY">
      <Text>Ordularımın gözcüleri günlerdir ordularınızın sınıra yakın ilerleyişini takip ediyor. Onları Macaristan'dan uzaklaştırın.</Text>
    </Row>
    <Row Tag="LOC_DIPLO_DEFEAT_FROM_AI_LEADER_MATTHIAS_CORVINUS_ANY">
      <Text>Bugün zaferin şerefini taşıyorsunuz ama aldıklarınızı koruyabilecek misiniz?</Text>
    </Row>
    <Row Tag="LOC_DIPLO_REJECT_MAKE_DEAL_FROM_AI_LEADER_MATTHIAS_CORVINUS_ANY">
      <Text>Bu teklifi kabul etmek bir prensin onuruna yakışmaz.</Text>
    </Row>
    <Row Tag="LOC_DIPLO_ACCEPT_MAKE_DEAL_FROM_AI_LEADER_MATTHIAS_CORVINUS_ANY">
      <Text>Cömert bir teklif! Minnettar bir kalple kabul ediyorum.</Text>
    </Row>
    <!-- Pachacuti Diplo Text -->
    <Row Tag="LOC_DIPLO_ACCEPT_DECLARE_FRIEND_FROM_HUMAN_LEADER_PACHACUTI_ANY">
      <Text>Evet, biz kardeşler kadar yakınız ve dünya bunu duymalı.</Text>
    </Row>
    <Row Tag="LOC_DIPLO_REJECT_DECLARE_FRIEND_FROM_HUMAN_LEADER_PACHACUTI_ANY">
      <Text>Dünyaya şanlı görünmek istediğinizi biliyorum, ancak benimle bu dostluğu iddia etmemelisiniz.</Text>
    </Row>
    <Row Tag="LOC_DIPLO_DECLARE_FRIEND_FROM_AI_LEADER_PACHACUTI_ANY">
      <Text>Bizler dünyaya ışık veren güneş ve ay gibiyiz. Dostluğumuzu ilan edelim mi?</Text>
    </Row>
    <Row Tag="LOC_DIPLO_ACCEPT_DECLARE_FRIEND_FROM_AI_LEADER_PACHACUTI_ANY">
      <Text>Bu çok iyi.</Text>
    </Row>
    <Row Tag="LOC_DIPLO_REJECT_DECLARE_FRIEND_FROM_AI_LEADER_PACHACUTI_ANY">
      <Text>Bunu kabul etmiyorum.</Text>
    </Row>
    <Row Tag="LOC_DIPLO_ACCEPT_DELEGATION_FROM_HUMAN_LEADER_PACHACUTI_ANY">
      <Text>Heyetiniz ve hediyeleri hoş geldiniz. Yardımseverliğinizle beni onurlandırdınız.</Text>
    </Row>
    <Row Tag="LOC_DIPLO_REJECT_DELEGATION_FROM_HUMAN_LEADER_PACHACUTI_ANY">
      <Text>Heyetinizi götürün ve bana merhamet göstermeye kalkışmayın.</Text>
    </Row>
    <Row Tag="LOC_DIPLO_DELEGATION_FROM_AI_LEADER_PACHACUTI_ANY">
      <Text>Bu alpaka yünü ve turkuaz hediyelerini alın. Ayrıca size biraz cuy gönderiyorum - sıcakken yiyin.</Text>
    </Row>
    <Row Tag="LOC_DIPLO_DENOUNCE_FROM_HUMAN_LEADER_PACHACUTI_ANY">
      <Text>Küstah, cuy kalpli aptal! Kendini koruyacak güçten yoksun olduğun için seni koruyacak dostlarına sor.</Text>
    </Row>
    <Row Tag="LOC_DIPLO_DENOUNCE_FROM_AI_LEADER_PACHACUTI_ANY">
      <Text>Otoriteniz boş, topraklarınız aşağılık, halkınız ahlaksız. Yıkım gününüz yakındır. (Seni kınıyor).</Text>
    </Row>
    <Row Tag="LOC_DIPLO_GREETING_LEADER_PACHACUTI_ANY">
      <Text>Hoş geldiniz. Bana yaklaşabilirsin.</Text>
    </Row>
    <Row Tag="LOC_DIPLO_MAKE_ALLIANCE_FROM_AI_LEADER_PACHACUTI_ANY">
      <Text>Onurlu ve sözünüze sadık olduğunuzu kanıtladınız. Birbirimize karşı yükümlülüklerimizi derinleştirelim ve ittifak yemini edelim.</Text>
    </Row>
    <Row Tag="LOC_DIPLO_MAKE_PEACE_AI_ACCEPT_DEAL_LEADER_PACHACUTI_ANY">
      <Text>Halkımız bu savaşta büyük acılar çekti. Şimdi barış yapalım.</Text>
    </Row>
    <Row Tag="LOC_DIPLO_MAKE_PEACE_AI_REFUSE_DEAL_LEADER_PACHACUTI_ANY">
      <Text>Bu olmayacak.</Text>
    </Row>
    <Row Tag="LOC_DIPLO_MAKE_PEACE_FROM_AI_LEADER_PACHACUTI_ANY">
      <Text>Görünüşe göre savaşta biraz hünerlisiniz. Barış için de bir kalbiniz var mı?</Text>
    </Row>
    <Row Tag="LOC_DIPLO_ACCEPT_OPEN_BORDERS_FROM_HUMAN_LEADER_PACHACUTI_ANY">
      <Text>Birliklerinize İnka topraklarına girme izni veriyorum.</Text>
    </Row>
    <Row Tag="LOC_DIPLO_REJECT_OPEN_BORDERS_FROM_HUMAN_LEADER_PACHACUTI_ANY">
      <Text>Sınırlarımızı geçmek için izniniz yok. Konuyu takip etmeyin.</Text>
    </Row>
    <Row Tag="LOC_DIPLO_OPEN_BORDERS_FROM_AI_LEADER_PACHACUTI_ANY">
      <Text>Sınırlarınızın ötesine birlik göndermem gerekiyor. Bana bu izni verin.</Text>
    </Row>
    <Row Tag="LOC_DIPLO_WARNING_TOO_MANY_TROOPS_NEAR_ME_LEADER_PACHACUTI_ANY">
      <Text>Ordularınız sınırlarımızda köpekler gibi dolaşıyor. Bununla ne demek istiyorsunuz? Onları derhal uzaklaştırın.</Text>
    </Row>
    <Row Tag="LOC_DIPLO_DEFEAT_FROM_AI_LEADER_PACHACUTI_ANY">
      <Text>Güneşi nasıl kararttın? Ben gayret ve merhametle hükmettim, siz de öyle yapın.</Text>
    </Row>
    <Row Tag="LOC_DIPLO_REJECT_MAKE_DEAL_FROM_AI_LEADER_PACHACUTI_ANY">
      <Text>Ben cömertimdir ama bu kadar değil.</Text>
    </Row>
    <Row Tag="LOC_DIPLO_ACCEPT_MAKE_DEAL_FROM_AI_LEADER_PACHACUTI_ANY">
      <Text>Evet, İnka sana bunu verecek.</Text>
    </Row>
    <!-- Suleiman Diplo Text -->
    <Row Tag="LOC_DIPLO_ACCEPT_DECLARE_FRIEND_FROM_HUMAN_LEADER_SULEIMAN_ANY">
      <Text>Tanrı çıkarlarımızın örtüştüğünü görmeniz için size bilgelik vermiştir.</Text>
    </Row>
    <Row Tag="LOC_DIPLO_REJECT_DECLARE_FRIEND_FROM_HUMAN_LEADER_SULEIMAN_ANY">
      <Text>Sen kimsin ki benimle dost olduğunu iddia ediyorsun? Benim dengim değilsin, sadece ateşli bir hayranımsın.</Text>
    </Row>
    <Row Tag="LOC_DIPLO_DECLARE_FRIEND_FROM_AI_LEADER_SULEIMAN_ANY">
      <Text>Bana karşı davranışlarınız her zaman uygun olduğu için, dostluğumu alenen talep etmenize izin veriyorum.</Text>
    </Row>
    <Row Tag="LOC_DIPLO_ACCEPT_DECLARE_FRIEND_FROM_AI_LEADER_SULEIMAN_ANY">
      <Text>Bunu sana veriyorum.</Text>
    </Row>
    <Row Tag="LOC_DIPLO_REJECT_DECLARE_FRIEND_FROM_AI_LEADER_SULEIMAN_ANY">
      <Text>Ne? Hayır, kesinlikle değil.</Text>
    </Row>
    <Row Tag="LOC_DIPLO_ACCEPT_DELEGATION_FROM_HUMAN_LEADER_SULEIMAN_ANY">
      <Text>Heyetinizi kabul ettim. Hediyeleri diğerleriyle birlikte hazineye yerleştirildi.</Text>
    </Row>
    <Row Tag="LOC_DIPLO_REJECT_DELEGATION_FROM_HUMAN_LEADER_SULEIMAN_ANY">
      <Text>Eğer bir heyet gönderirseniz, kapıdan geri çevrileceklerdir. Onları ve kendinizi bu utançtan kurtarın.</Text>
    </Row>
    <Row Tag="LOC_DIPLO_DELEGATION_FROM_AI_LEADER_SULEIMAN_ANY">
      <Text>Size yakutlar, zümrütler, altın işçiliği ve pek çok lezzetin yanı sıra sizin adınıza zehir için bunları tadacak bir çesnidjibashi hediye gönderiyorum.</Text>
    </Row>
    <Row Tag="LOC_DIPLO_DENOUNCE_FROM_HUMAN_LEADER_SULEIMAN_ANY">
      <Text>Sen engerek yılanının, çakalın, akbabanın, sırtlanın, farenin efendisisin; nefret ve kin dolu her şey seni hükümdarları olarak kabul ediyor.</Text>
    </Row>
    <Row Tag="LOC_DIPLO_DENOUNCE_FROM_AI_LEADER_SULEIMAN_ANY">
      <Text>Küstahlığınıza ve küstahlığınıza sadece bana nasıl davranılmaması gerektiği konusunda dünyaya bir ders olması açısından izin verilmektedir. (Seni kınıyor).</Text>
    </Row>
    <Row Tag="LOC_DIPLO_GREETING_LEADER_SULEIMAN_ANY">
      <Text>Şimdi konuşabilirsiniz.</Text>
    </Row>
    <Row Tag="LOC_DIPLO_MAKE_ALLIANCE_FROM_AI_LEADER_SULEIMAN_ANY">
      <Text>Benimle ittifak kurmayı kabul ederseniz, dünya üzerindeki saygınlığınız büyük ölçüde artacaktır.</Text>
    </Row>
    <Row Tag="LOC_DIPLO_MAKE_PEACE_AI_ACCEPT_DEAL_LEADER_SULEIMAN_ANY">
      <Text>Aramızdaki bu savaşı sona erdirmelisiniz, çünkü meseleyi uzatmak yıkıma ve Tanrı'nın hoşnutsuzluğuna davetiye çıkarır.</Text>
    </Row>
    <Row Tag="LOC_DIPLO_MAKE_PEACE_AI_REFUSE_DEAL_LEADER_SULEIMAN_ANY">
      <Text>Bu oyundan sıkıldım.</Text>
    </Row>
    <Row Tag="LOC_DIPLO_MAKE_PEACE_FROM_AI_LEADER_SULEIMAN_ANY">
      <Text>Merhamet, aramızdaki savaş durumuna bir an önce son verilmesini gerektirir.</Text>
    </Row>
    <Row Tag="LOC_DIPLO_ACCEPT_OPEN_BORDERS_FROM_HUMAN_LEADER_SULEIMAN_ANY">
      <Text>Topraklarınızdan geçme hakkımı tanımanızı kabul ediyorum. Ve size Osmanlı topraklarından geçme izni veriyorum.</Text>
    </Row>
    <Row Tag="LOC_DIPLO_REJECT_OPEN_BORDERS_FROM_HUMAN_LEADER_SULEIMAN_ANY">
      <Text>Topraklarım üzerinde hak iddia eden tek hükümdar benim ve sınırlarımdan geçemezsiniz.</Text>
    </Row>
    <Row Tag="LOC_DIPLO_OPEN_BORDERS_FROM_AI_LEADER_SULEIMAN_ANY">
      <Text>Sınırlarınızı bana açmalısınız ve bunu yaparken ben de size kendi topraklarımda benzer bir ayrıcalık tanıyacağım.</Text>
    </Row>
    <Row Tag="LOC_DIPLO_WARNING_TOO_MANY_TROOPS_NEAR_ME_LEADER_SULEIMAN_ANY">
      <Text>Sınırımda savaş gösterileri yapmayın, çünkü bu beni öfkelendirir. Zaten imparatorluğumdaki pek çok kişi benim adıma gücenmiş durumda.</Text>
    </Row>
    <Row Tag="LOC_DIPLO_DEFEAT_FROM_AI_LEADER_SULEIMAN_ANY">
      <Text>Harabe! Harabe! İstanbul, sadece melankolik şairler tarafından hatırlanan Sütunların İramı'na dönüşüyor.</Text>
    </Row>
    <Row Tag="LOC_DIPLO_REJECT_MAKE_DEAL_FROM_AI_LEADER_SULEIMAN_ANY">
      <Text>İmkansız.</Text>
    </Row>
    <Row Tag="LOC_DIPLO_ACCEPT_MAKE_DEAL_FROM_AI_LEADER_SULEIMAN_ANY">
      <Text>Sanırım bunu bir sadaka ruhuyla yapabilirim.</Text>
    </Row>
  </BaseGameText>
</GameData>