﻿<?xml version="1.0" encoding="utf-8"?>
<!-- edited with XMLSPY v2004 rel. 2 U (http://www.xmlspy.com) by Ed Beach (Firaxis Games) -->
<GameData>
  <EnglishText>
    <Row Tag="LOC_NOTIFICATION_GAIN_DIPLO_POINTS_MESSAGE">
      <Text>Diplomatik Zafer Puanları</Text>
    </Row>
    <Row Tag="LOC_NOTIFICATION_GAIN_DIPLO_POINTS_SUMMARY">
      <Text>Dünya Kongresi sizi ödüllendirdi {1_Value} Diplomatik Zafer Puanları.</Text>
    </Row>
    <Row Tag="LOC_NOTIFICATION_VOLCANO_ACTIVE_MESSAGE">
      <Text>Volkan Aktif Hale Geliyor</Text>
    </Row>
    <Row Tag="LOC_NOTIFICATION_VOLCANO_ACTIVE_SUMMARY">
      <Text>{1_VolcanoName} şu anda aktif durumda. Her an patlayabilir.</Text>
    </Row>
    <Row Tag="LOC_NOTIFICATION_VOLCANO_INACTIVE_MESSAGE">
      <Text>Volkan Hareketsiz Hale Geliyor</Text>
    </Row>
    <Row Tag="LOC_NOTIFICATION_VOLCANO_INACTIVE_SUMMARY">
      <Text>{1_VolcanoName} artık uykuda. Artık patlaması gibi bir tehlike yok.</Text>
    </Row>
    <Row Tag="LOC_NOTIFICATION_VOLCANO_ERUPTS_SEV0_MESSAGE">
      <Text>Hafif Volkanik Patlama</Text>
    </Row>
    <Row Tag="LOC_NOTIFICATION_VOLCANO_ERUPTS_SEV0_SUMMARY">
      <Text>{1_VolcanoName} patladı. Neyse ki hasar hafif görünüyor ({2_Tiles} {2_Tiles: plural 1?tile; other?tiles;} hasar gördü, {3_Pop} [ICON_CITIZEN] nüfus kaybetti, ([5] {4_Units: plural 1?unit; other?units;} öldü, ([7] {5_Yields: plural 1?tile; other?tiles;} doğurganlık kazandı).</Text>
    </Row>
    <Row Tag="LOC_NOTIFICATION_VOLCANO_ERUPTS_SEV1_MESSAGE">
      <Text>Katastrofik Volkanik Patlama</Text>
    </Row>
    <Row Tag="LOC_NOTIFICATION_VOLCANO_ERUPTS_SEV1_SUMMARY">
      <Text>{1_VolcanoName} patlamıştır. Bölgedeki hasar ağır ({2_Tiles} {2_Tiles: plural 1?tile; other?tiles;} hasarlı, {3_Pop} [ICON_CITIZEN] nüfus kayıplı, ([5] {4_Units: plural 1?unit; other?units;} ölü, ([7] {5_Yields: plural 1?tile; other?tiles;} doğurganlık kazanmış).</Text>
    </Row>
    <Row Tag="LOC_NOTIFICATION_VOLCANO_ERUPTS_SEV2_MESSAGE">
      <Text>Megacolossal Volkan Patlıyor!</Text>
    </Row>
    <Row Tag="LOC_NOTIFICATION_VOLCANO_ERUPTS_SEV2_SUMMARY">
      <Text>{1_VolcanoName} insanlığın bildiği en ölümcül patlamalardan biriyle patladı ({2_Tiles} {2_Tiles: plural 1?tile; other?tiles;} hasar gördü, {3_Pop} [ICON_CITIZEN] nüfus kaybetti, ([5] {4_Units: plural 1?unit; other?units;} öldü, ([7] {5_Yields: plural 1?tile; other?tiles;} doğurganlık kazandı).</Text>
    </Row>
    <Row Tag="LOC_NOTIFICATION_RIVER_FLOODS_SEV0_MESSAGE">
      <Text>Nehir Taşkınları</Text>
    </Row>
    <Row Tag="LOC_NOTIFICATION_RIVER_FLOODS_SEV0_SUMMARY">
      <Text>Nehir {1_RiverName} taştı. Neyse ki hasar hafif görünüyor ({2_Tiles} {2_Tiles: plural 1?tile; other?tiles;} hasar gördü, {3_Pop} [ICON_CITIZEN] nüfus kaybetti, ([5] {4_Units: plural 1?unit; other?units;} öldü, ([7] {5_Yields: plural 1?tile; other?tiles;} doğurganlık kazandı).</Text>
    </Row>
    <Row Tag="LOC_NOTIFICATION_RIVER_FLOODS_SEV1_MESSAGE">
      <Text>Büyük Nehir Taşkınları</Text>
    </Row>
    <Row Tag="LOC_NOTIFICATION_RIVER_FLOODS_SEV1_SUMMARY">
      <Text>{1_RiverName} sular altında kalmıştır. Bölgedeki hasar ağırdır ({2_Tiles} {2_Tiles: plural 1?tile; other?tiles;} hasar gördü, {3_Pop} [ICON_CITIZEN] nüfus kaybetti, ([5] {4_Units: plural 1?unit; other?units;} öldü, ([7] {5_Yields: plural 1?tile; other?tiles;} doğurganlık kazandı).</Text>
    </Row>
    <Row Tag="LOC_NOTIFICATION_RIVER_FLOODS_SEV2_MESSAGE">
      <Text>Rekor Düzeyde Nehir Taşkınları</Text>
    </Row>
    <Row Tag="LOC_NOTIFICATION_RIVER_FLOODS_SEV2_SUMMARY">
      <Text>{1_RiverName} bölgeyi daha önce hiç görülmemiş şekilde sular altında bırakmış ve harap etmiştir ({2_Tiles} {2_Tiles: plural 1?tile; other?tiles;} hasar görmüş, {3_Pop} [ICON_CITIZEN] nüfus kaybedilmiş, ([5] {4_Units: plural 1?unit; other?units;} öldürülmüş, ([7] {5_Yields: plural 1?tile; other?tiles;} doğurganlık kazanmıştır).</Text>
    </Row>
    <Row Tag="LOC_NOTIFICATION_RIVER_FLOOD_MITIGATED_MESSAGE">
      <Text>Nehir Taşkınları Önlendi</Text>
    </Row>
    <Row Tag="LOC_NOTIFICATION_RIVER_FLOOD_MITIGATED_SUMMARY">
      <Text>{1_RiverName} boyunca yağan şiddetli yağmurlar büyük bir sorun yaratabilirdi. Neyse ki {LOC_GRAMMAR_A_AN &lt;&lt; {2_BuildingOrDistrict}} {2_BuildingOrDistrict: plural 1?was; other?were;} yükselen suları kontrol altına almak için yerinde. {3_Yields} {3_Yields: plural 1?tile; other?tiles;} doğurganlık kazandı)</Text>
    </Row>
    <Row Tag="LOC_NOTIFICATION_STORM_ARRIVED_MESSAGE">
      <Text>Şiddetli Fırtına!</Text>
    </Row>
    <Row Tag="LOC_NOTIFICATION_STORM_ARRIVED_SUMMARY">
      <Text>{1_StormType} adlı bir {2_StormName} fırtınası gelişti ve {3_Direction}'e doğru ilerliyor. Fırtına önümüzdeki iki tur boyunca yıkıma neden olacak. (Gelişiyle birlikte {4_Tiles} {4_Tiles: plural 1?tile; other?tiles;} hasar gördü, {5_Pop} [ICON_CITIZEN] nüfus kaybetti, ([7] {6_Units: plural 1?unit; other?units;} öldü, {7_Yields} {7_Yields: plural 1?tile; other?tiles;} doğurganlık kazandı)</Text>
    </Row>
    <Row Tag="LOC_NOTIFICATION_STORM_ARRIVED_LOSSES_SUMMARY">
      <Text>{1_StormType} adlı bir {2_StormName} fırtınası gelişti ve {3_Direction}'e doğru ilerliyor. Fırtına önümüzdeki iki tur boyunca yıkıma neden olacak. (Gelişiyle birlikte {4_Tiles} {4_Tiles: plural 1?tile; other?tiles;} hasar gördü, {5_Pop} [ICON_CITIZEN] nüfus kaybetti, ([7] {6_Units: plural 1?unit; other?units;} öldü, {7_Yields} {7_Yields: plural 1?tile; other?tiles;} doğurganlığını kaybetti)</Text>
    </Row>
    <Row Tag="LOC_NOTIFICATION_STORM_MOVED_MESSAGE">
      <Text>Fırtına Devam Ediyor</Text>
    </Row>
    <Row Tag="LOC_NOTIFICATION_STORM_MOVED_SUMMARY">
      <Text>{1_StormType} adlı {2_StormName} hareketine devam ediyor ve şimdi {3_Direction}'e doğru gidiyor. (Bu tur sırasında {4_Tiles} {4_Tiles: plural 1?tile; other?tiles;} hasar gördü, ([6] [ICON_CITIZEN] nüfus kaybetti, ([7] {6_Units: plural 1?unit; other?units;} öldü, {7_Yields} {7_Yields: plural 1?tile; other?tiles;} doğurganlık kazandı)</Text>
    </Row>
    <Row Tag="LOC_NOTIFICATION_STORM_MOVED_LOSSES_SUMMARY">
      <Text>{2_StormName} adlı {1_StormType} hareketine devam ediyor ve şimdi {3_Direction}'e doğru gidiyor. (Bu tur sırasında {4_Tiles} {4_Tiles: plural 1?tile; other?tiles;} hasar gördü, ([6] [ICON_CITIZEN] nüfus kaybetti, ([7] {6_Units: plural 1?unit; other?units;} öldü, ([9] {7_Yields: plural 1?tile; other?tiles;} doğurganlığını kaybetti)</Text>
    </Row>
    <Row Tag="LOC_NOTIFICATION_STORM_DISSIPATED_MESSAGE">
      <Text>Fırtına Peters Çıktı</Text>
    </Row>
    <Row Tag="LOC_NOTIFICATION_STORM_DISSIPATED_SUMMARY">
      <Text>Artık daha zayıf olan {1_StormType} isimli {2_StormName} harita üzerindeki son hamlesini yaptı. (Bu tur sırasında {3_Tiles} {3_Tiles: plural 1?tile; other?tiles;} hasar gördü, {4_Pop} [ICON_CITIZEN] nüfus kaybetti, {5_Units} {5_Units: plural 1?unit; other?units;} öldürüldü, {6_Yields} {6_Yields: plural 1?tile; other?tiles;} doğurganlık kazandı)</Text>
    </Row>
    <Row Tag="LOC_NOTIFICATION_STORM_DISSIPATED_LOSSES_SUMMARY">
      <Text>Artık daha zayıf olan {1_StormType} isimli {2_StormName} harita üzerindeki son hamlesini yaptı. (Bu tur sırasında {3_Tiles} {3_Tiles: plural 1?tile; other?tiles;} hasar gördü, {4_Pop} [ICON_CITIZEN] nüfus kaybetti, {5_Units} {5_Units: plural 1?unit; other?units;} öldürüldü, {6_Yields} {6_Yields: plural 1?tile; other?tiles;} doğurganlığını kaybetti)</Text>
    </Row>
    <Row Tag="LOC_NOTIFICATION_DROUGHT_ARRIVED_MESSAGE">
      <Text>Kuraklık!</Text>
    </Row>
    <Row Tag="LOC_NOTIFICATION_DROUGHT_ARRIVED_SUMMARY">
      <Text>Bir {1_DroughtType} vuruldu. {2_DroughtName} olarak adlandırıldı Kuraklık, bu şiddetli yağış eksikliği iyileştirmelere zarar verebilir ve önümüzdeki {3_Duration} tur boyunca [ICON_Food] Gıda üretimini azaltacaktır. {4_Tiles} {4_Tiles: plural 1?tile; other?tiles;} hasar gördü)</Text>
    </Row>
    <Row Tag="LOC_NOTIFICATION_DROUGHT_ARRIVED_LOSSES_SUMMARY">
      <Text>Bir {1_DroughtType} vuruldu. {2_DroughtName} olarak adlandırıldı Kuraklık, bu şiddetli yağış eksikliği iyileştirmelere zarar verebilir ve [ICON_Food] Gıda üretimini sonraki {3_Duration} dönüşler için azaltacaktır. ({4_Tiles} {4_Tiles: plural 1?tile; other?tiles;} hasar gördü, {5_Yields} {5_Yields: plural 1?tile; other?tiles;} doğurganlığını kaybetti)</Text>
    </Row>
    <Row Tag="LOC_NOTIFICATION_DROUGHT_CLEARED_MESSAGE">
      <Text>Hoş Geldin Yağış</Text>
    </Row>
    <Row Tag="LOC_NOTIFICATION_DROUGHT_CLEARED_SUMMARY">
      <Text>Nihayet {1_DroughtType}'ün acılarını hafifletecek yağmur geldi. Şimdiden ekinlerimiz iyileşiyor ve {2_DroughtName} Kuraklık artık tarihsel kayıtlarda bir dipnot.</Text>
    </Row>
    <Row Tag="LOC_NOTIFICATION_EVENT_AVOIDED_MESSAGE">
      <Text>Kriz Önlendi</Text>
    </Row>
    <Row Tag="LOC_NOTIFICATION_EVENT_AVOIDED_SUMMARY">
      <Text>{1_RandomEvent}, {2_civName} tarafından engellenerek uygarlıklarının zarar görmesi önlenmiştir.</Text>
    </Row>
    <Row Tag="LOC_NOTIFICATION_RISING_SEA_LEVEL_FLOODED_MESSAGE">
      <Text>Kalıcı Kıyı Taşkınları</Text>
    </Row>
    <Row Tag="LOC_NOTIFICATION_RISING_SEA_LEVEL_FLOODED_SUMMARY">
      <Text>Deniz seviyesi yükseldi. '{1_Name}' olarak işaretlenmiş tüm kıyı ovası karoları kalıcı olarak sular altında kalmıştır.</Text>
    </Row>
    <Row Tag="LOC_NOTIFICATION_RISING_SEA_LEVEL_SUBMERGED_MESSAGE">
      <Text>Kıyı Fayansları Kayboldu</Text>
    </Row>
    <Row Tag="LOC_NOTIFICATION_RISING_SEA_LEVEL_SUBMERGED_SUMMARY">
      <Text>Deniz seviyesi daha da yükseldi. '{1_Name}' olarak işaretlenmiş tüm kıyı ovası karoları sular altında kaldı ve denizde kayboldu.</Text>
    </Row>
    <Row Tag="LOC_NOTIFICATION_RISING_SEA_LEVEL_SUMMARY_TEMPLATE">
      <Text>{1_Summary}[NEWLINE][NEWLINE]{2_LongDescription}</Text>
    </Row>
    <Row Tag="LOC_NOTIFICATION_CITY_UNPOWERED_MESSAGE">
      <Text>Şehir Güçsüz</Text>
    </Row>
    <Row Tag="LOC_NOTIFICATION_CITY_UNPOWERED_SUMMARY">
      <Text>{1_CityName}'teki Binalar veya Projeler {2_PowerRequired} [ICON_Power]Güç ile geliştirilebilir, ancak şehirde yalnızca {3_PowerAvailable} vardır. [ICON_Power]Güç yeniden sağlanana kadar daha az etkili olacaklardır.</Text>
    </Row>
    <Row Tag="LOC_NOTIFICATION_PLAYER_WMD_DISARMAMENT_MESSAGE">
      <Text>Nükleer Silahsızlanma</Text>
    </Row>
    <Row Tag="LOC_NOTIFICATION_PLAYER_WMD_DISARMAMENT_SUMMARY">
      <Text>Dünya Kongresi'nin eylemleri nedeniyle nükleer cephaneliğinizi devre dışı bırakmak zorunda kaldınız.</Text>
    </Row>
    <Row Tag="LOC_NOTIFICATION_PLAYER_WMD_POSITIVE_ADJUSTMENT_MESSAGE">
      <Text>Nükleer Silahların Eşitlenmesi</Text>
    </Row>
    <Row Tag="LOC_NOTIFICATION_PLAYER_WMD_POSITIVE_ADJUSTMENT_SUMMARY">
      <Text>Dünya Kongresi'nin eylemleri nedeniyle, nükleer silah cephaneliğiniz diğer uygarlıklarınkiyle eşleşecek şekilde artırıldı.</Text>
    </Row>
    <Row Tag="LOC_NOTIFICATION_PLAYER_WMD_NEGATIVE_ADJUSTMENT_MESSAGE">
      <Text>Silahların Azaltılması</Text>
    </Row>
    <Row Tag="LOC_NOTIFICATION_PLAYER_WMD_NEGATIVE_ADJUSTMENT_SUMMARY">
      <Text>Dünya Kongresi'nin eylemleri nedeniyle, nükleer silah cephaneliğinizi diğer uygarlıklarınkine denk olacak şekilde azaltmak zorunda kaldınız.</Text>
    </Row>
    <Row Tag="LOC_NOTIFICATION_SPY_BREACH_DAM_MESSAGE">
      <Text>Başarı Barajın Aşılması</Text>
    </Row>
    <Row Tag="LOC_NOTIFICATION_SPY_BREACH_DAM_SUMMARY">
      <Text>Ajanınız {1_unitName} {2_cityName} şehrindeki barajı aşmayı başardı.</Text>
    </Row>
    <Row Tag="LOC_NOTIFICATION_SPY_ENEMY_BREACH_DAM_MESSAGE">
      <Text>Düşman Casusu Barajı Aştı</Text>
    </Row>
    <Row Tag="LOC_NOTIFICATION_SPY_ENEMY_BREACH_DAM_SUMMARY">
      <Text>Bir düşman casusu {1_cityName} şehrindeki barajı aşmayı başardı.</Text>
    </Row>
    <Row Tag="LOC_NOTIFICATION_NUCLEAR_ACCIDENT_SEV0_MESSAGE">
      <Text>Radyoaktif Buhar Havalandırması!</Text>
    </Row>
    <Row Tag="LOC_NOTIFICATION_NUCLEAR_ACCIDENT_SEV0_SUMMARY">
      <Text>{1_CityName}'deki bir Nükleer Enerji Santrali bir arıza yaşadı ve büyük bir felaketi önlemek için az miktarda radyoaktif buhar çıkarmak zorunda kaldı. (Bu turda {2_Tiles} {2_Tiles: plural 1?tile; other?tiles;} etkilenen, ([4] [ICON_CITIZEN] nüfus kaybı yaşayan ve {4_Units} {4_Units: plural 1?unit; other?units;} ölenler oldu).</Text>
    </Row>
    <Row Tag="LOC_NOTIFICATION_NUCLEAR_ACCIDENT_SEV1_MESSAGE">
      <Text>Radyasyon Sızıntısı!</Text>
    </Row>
    <Row Tag="LOC_NOTIFICATION_NUCLEAR_ACCIDENT_SEV1_SUMMARY">
      <Text>{1_CityName}'deki bir Nükleer Enerji Santrali, reaktörde bir çatlağa neden olan büyük bir arıza yaşadı. Çevreye büyük miktarda radyoaktivite yayıldı. (Bu tur sırasında {2_Tiles} {2_Tiles: plural 1?tile; other?tiles;} etkilenmiş, ([4] [ICON_CITIZEN] nüfus kaybı ve {4_Units} {4_Units: plural 1?unit; other?units;} ölüm olmuştur).</Text>
    </Row>
    <Row Tag="LOC_NOTIFICATION_NUCLEAR_ACCIDENT_SEV2_MESSAGE">
      <Text>Nükleer Erime!</Text>
    </Row>
    <Row Tag="LOC_NOTIFICATION_NUCLEAR_ACCIDENT_SEV2_SUMMARY">
      <Text>{1_CityName}'deki bir Nükleer Enerji Santrali, tam bir reaktör erimesine neden olan feci bir arıza yaşadı. Çevreye ölümcül miktarda radyoaktivite yayıldı. (Bu turda {2_Tiles} {2_Tiles: plural 1?tile; other?tiles;} etkilenen, ([4] [ICON_CITIZEN] nüfus kaybı yaşayan ve {4_Units} {4_Units: plural 1?unit; other?units;} ölenler oldu).</Text>
    </Row>
    <!--DIPLOMACY-->
    <Row Tag="LOC_NOTIFICATION_DIPLO_PROMISE_FROM_BROKEN_SUMMARY">
      <Text>{1_CivName} tarafından {2_PromiseType}'e verilen söz tutulmamıştır.</Text>
    </Row>
    <Row Tag="LOC_NOTIFICATION_DIPLO_PROMISE_TO_BROKEN_SUMMARY">
      <Text>{1_CivName}'e {2_PromiseType} verdiğiniz söz tutulmamıştır.</Text>
    </Row>
    <Row Tag="LOC_NOTIFICATION_DIPLO_NO_PROMISE_FROM_BUT_REPEATED_MESSAGE">
      <Text>Rakibe Karşı Ek Şikayetler</Text>
    </Row>
    <Row Tag="LOC_NOTIFICATION_DIPLO_NO_PROMISE_FROM_BUT_REPEATED_SUMMARY">
      <Text>{1_CivName}'ten {2_PromiseType}'e bir söz istediniz ve reddettiler. Aslında, bunu yapmaya devam ettiler ve kendilerine karşı 25 ek [ICON_STAT_GRIEVANCE] Şikayet eklediler.</Text>
    </Row>
    <Row Tag="LOC_NOTIFICATION_DIPLO_NO_PROMISE_TO_BUT_REPEATED_MESSAGE">
      <Text>Size Karşı Ek Şikayetler</Text>
    </Row>
    <Row Tag="LOC_NOTIFICATION_DIPLO_NO_PROMISE_TO_BUT_REPEATED_SUMMARY">
      <Text>{1_CivName} sizden {2_PromiseType} için bir söz istedi ve siz reddettiniz. Aslında, bunu yapmaya devam ettiniz ve aleyhinize 25 [ICON_STAT_GRIEVANCE] Şikayet daha eklediniz.</Text>
    </Row>
    <Row Tag="LOC_NOTIFICATION_WORLD_CONGRESS_SPECIAL_SESSION_BLOCKING_MESSAGE">
      <Text>Dünya Kongresi Toplanmak Üzere</Text>
    </Row>
    <Row Tag="LOC_NOTIFICATION_WORLD_CONGRESS_SPECIAL_SESSION_BLOCKING_SUMMARY">
      <Text>Birisi Dünya Kongresi'nin Özel Oturumu için çağrıda bulundu.  Lütfen bu oturumda neyi tartışmak istediğinizi (eğer varsa) seçin.  Oturum bu sıranın sonunda başlayacaktır.</Text>
    </Row>
    <Row Tag="LOC_NOTIFICATION_WORLD_CONGRESS_SPECIAL_SESSION_NON_BLOCKING_MESSAGE">
      <Text>Dünya Kongresi Toplanmak Üzere</Text>
    </Row>
    <Row Tag="LOC_NOTIFICATION_WORLD_CONGRESS_SPECIAL_SESSION_NON_BLOCKING_SUMMARY">
      <Text>Birisi Dünya Kongresi için Özel Oturum çağrısında bulundu.  Bu dönemin sonunda başlayacak.</Text>
    </Row>
    <Row Tag="LOC_NOTIFICATION_WORLD_CONGRESS_SPECIAL_SESSION_CAN_BE_CALLED_MESSAGE">
      <Text>Teklife Açık Görüşmeler</Text>
    </Row>
    <Row Tag="LOC_NOTIFICATION_WORLD_CONGRESS_SPECIAL_SESSION_CAN_BE_CALLED_SUMMARY">
      <Text>Artık Dünya Kongresi'ne Özel Oturum çağrısı yapmanız mümkün.</Text>
    </Row>
    <Row Tag="LOC_NOTIFICATION_WORLD_CONGRESS_EMERGENCY_CAN_BE_CALLED_MESSAGE">
      <Text>Teklife Açık Yeni Tartışma</Text>
    </Row>
    <Row Tag="LOC_NOTIFICATION_WORLD_CONGRESS_EMERGENCY_CAN_BE_CALLED_SUMMARY">
      <Text>Son zamanlarda dünyada meydana gelen olaylar nedeniyle, Özel Oturumda Dünya Kongresinin dikkatine sunacağınız yeni endişeleriniz var.</Text>
    </Row>
    <Row Tag="LOC_NOTIFICATION_GRIEVANCES_AGAINST_YOU_MESSAGE">
      <Text>Size Karşı Şikayetler</Text>
    </Row>
    <Row Tag="LOC_NOTIFICATION_GRIEVANCES_AGAINST_YOU_SUMMARY">
      <Text>{1_DeclaringCivName}, dostlarınızdan veya müttefiklerinizden biri olan {2_TargetCivName}'e karşı savaş ilan etti. Artık onlara karşı {3_NumGrievances} yeni [ICON_STAT_GRIEVANCE] Şikâyetleriniz var.</Text>
    </Row>
    <!--SPECULATIVE NOTIFICATION TEXT (ADDED AT TEXT-LOCK, MOVE UP IF ACTUALLY MAKE IT INTO GAME)-->
    <Row Tag="LOC_NOTIFICATION_CITY_LIBERATED_TO_YOU_MESSAGE">
      <Text>Şehriniz Özgürleşti</Text>
    </Row>
    <Row Tag="LOC_NOTIFICATION_CITY_LIBERATED_TO_YOU_SUMMARY">
      <Text>{1_CityName}'teki vatandaşlarınız kurtuluşlarına seviniyor. {2_LiberatingLeader}'ün bu cömert davranışı sayesinde imparatorluğunuza yeniden katılıyorlar.</Text>
    </Row>
    <Row Tag="LOC_NOTIFICATION_SCORED_COMPETITION_BEGUN_MESSAGE">
      <Text>Puanlı Yarışma Başladı</Text>
    </Row>
    <Row Tag="LOC_NOTIFICATION_SCORED_COMPETITION_BEGUN_SUMMARY">
      <Text>Dünya Kongresi'nin kararına göre, bir {1_CompetitionName} Puanlı Yarışma başladı.</Text>
    </Row>
    <Row Tag="LOC_NOTIFICATION_REQUEST_FOR_AID_BEGUN_SUMMARY">
      <Text>{1_CivName}'ye ihtiyaç duydukları zamanda yardımcı olmak amacıyla Yardım Talebi Puanlama Yarışması başlatılmıştır.</Text>
    </Row>
    <Row Tag="LOC_NOTIFICATION_SCORED_COMPETITION_OVER_MESSAGE">
      <Text>Puanlanan Yarışma Tamamlandı</Text>
    </Row>
    <Row Tag="LOC_NOTIFICATION_SCORED_COMPETITION_OVER_SUMMARY">
      <Text>{1_CompetitionName} Puanlı Yarışma sona erdi.  Katılanlara ödülleri takdim edilmiştir.</Text>
    </Row>
    <Row Tag="LOC_NOTIFICATION_RECEIVED_AID_MESSAGE">
      <Text>Alınan Yardım</Text>
    </Row>
    <Row Tag="LOC_NOTIFICATION_RECEIVED_AID_SUMMARY">
      <Text>{1_PlayerName} size Yardım olarak ([2] [ICON_Gold] Altın gönderdi.</Text>
    </Row>
    <Row Tag="LOC_NOTIFICATION_ROCK_BANDS_PROHIBITED_MESSAGE">
      <Text>{LOC_GRAMMAR_LEADER_UPPER &lt;&lt; {1_leader}} Rock Müziği Sansürlüyor</Text>
    </Row>
    <Row Tag="LOC_NOTIFICATION_ROCK_BANDS_PROHIBITED_SUMMARY">
      <Text>{LOC_GRAMMAR_LEADER_UPPER &lt;&lt; {1_leader}} {1_leader: plural 1?is; other?are;} artık rock konserlerini yasaklıyor. İmparatorlukları içindeki Rock Gruplarınız, topraklarının hemen dışındaki bir kareye yerleştirildi.</Text>
    </Row>
  </EnglishText>
</GameData>