﻿<?xml version="1.0" encoding="utf-8"?>
<!-- edited with XMLSPY v2004 rel. 2 U (http://www.xmlspy.com) by Ed Beach (Firaxis Games) -->
<GameData>
  <EnglishText>
    <!--Civics-->
    <Row Tag="LOC_CIVIC_ENVIRONMENTALISM_NAME">
      <Text>Çevrecilik</Text>
    </Row>
    <Row Tag="LOC_CIVIC_ENVIRONMENTALISM_DESCRIPTION">
      <Text>İmparatorluğunuz genelinde +%25 [ICON_Tourism] Turizm.</Text>
    </Row>
    <Row Tag="LOC_CIVIC_CORPORATE_LIBERTARIANISM_NAME">
      <Text>Girişim Politikaları</Text>
    </Row>
    <Row Tag="LOC_CIVIC_DIGITAL_DEMOCRACY_NAME">
      <Text>Dağıtılmış Egemenlik</Text>
    </Row>
    <Row Tag="LOC_CIVIC_SYNTHETIC_TECHNOCRACY_NAME">
      <Text>Optimizasyon Zorunluluğu</Text>
    </Row>
    <Row Tag="LOC_CIVIC_NEAR_FUTURE_GOVERNANCE_NAME">
      <Text>Yakın Gelecekte Yönetişim</Text>
    </Row>
    <Row Tag="LOC_CIVIC_GLOBAL_WARMING_MITIGATION_NAME">
      <Text>Küresel Isınmanın Azaltılması</Text>
    </Row>
    <Row Tag="LOC_CIVIC_SMART_POWER_DOCTRINE_NAME">
      <Text>Akıllı Güç Doktrini</Text>
    </Row>
    <Row Tag="LOC_CIVIC_INFORMATION_WARFARE_NAME">
      <Text>Bilgi Savaşı</Text>
    </Row>
    <Row Tag="LOC_CIVIC_EXODUS_IMPERATIVE_NAME">
      <Text>Çıkış Zorunluluğu</Text>
    </Row>
    <Row Tag="LOC_CIVIC_CULTURAL_HEGEMONY_NAME">
      <Text>Kültürel Hegemonya</Text>
    </Row>
    <Row Tag="LOC_CIVIC_GLOBAL_WARMING_MITIGATION_DESCRIPTION">
      <Text>1 Diplomatik Zafer puanı verir.</Text>
    </Row>
    <Row Tag="LOC_CIVIC_FUTURE_CIVIC_XP2_DESCRIPTION">
      <Text>Birden fazla kez tamamlanabilir ve Puan Zaferi'ne doğru puanlarınızı artırır. Ayrıca her tamamlandığında 1 [ICON_Governor] Vali unvanı ve 50 [ICON_Favor] Diplomatik İyilik kazandırır.</Text>
    </Row>
    <!--Civic Boosts-->
    <Row Tag="LOC_BOOST_TRIGGER_ENVIRONMENTALISM">
      <Text>2 Güneş Enerjisi Çiftliği Kurun.</Text>
    </Row>
    <Row Tag="LOC_BOOST_TRIGGER_LONGDESC_ENVIRONMENTALISM">
      <Text>Çalışanlarınız güneş enerjisinin bir fikirden daha fazlası olduğunu, potansiyel olarak enerji üretiminin geleceği olduğunu kanıtlıyor.</Text>
    </Row>
    <Row Tag="LOC_BOOST_TRIGGER_CORPORATE_LIBERTARIANISM">
      <Text>Bir Uranyum Madeni inşa et.</Text>
    </Row>
    <Row Tag="LOC_BOOST_TRIGGER_LONGDESC_CORPORATE_LIBERTARIANISM">
      <Text>Kritik bir savunma kaynağının geliştirilmesi, iş dünyası ve hükümet arasında yeni bir ilişkiye yol açar.</Text>
    </Row>
    <Row Tag="LOC_BOOST_TRIGGER_DIGITAL_DEMOCRACY">
      <Text>Bir Rock grubuna sahip ol.</Text>
    </Row>
    <Row Tag="LOC_BOOST_TRIGGER_LONGDESC_DIGITAL_DEMOCRACY">
      <Text>Rock grubuyla sözleşmeyi imzalamayı bitiriyorsunuz. "Her neyse" diyorlar ama turneye başlamak için ne kadar heyecanlı olduklarını görüyorsunuz.</Text>
    </Row>
    <Row Tag="LOC_BOOST_TRIGGER_SYNTHETIC_TECHNOCRACY">
      <Text>Robotik teknolojisini araştırın.</Text>
    </Row>
    <Row Tag="LOC_BOOST_TRIGGER_LONGDESC_SYNTHETIC_TECHNOCRACY">
      <Text>Bilgisayar kontrolündeki robotik uzuvların zarif dansı mühendislerinize ve bilim insanlarınıza ilham veriyor.</Text>
    </Row>
    <Row Tag="LOC_BOOST_TRIGGER_NEAR_FUTURE_GOVERNANCE">
      <Text>Doğal 10 politika yuvasına sahip bir hükümet benimseyin.</Text>
    </Row>
    <Row Tag="LOC_BOOST_TRIGGER_LONGDESC_NEAR_FUTURE_GOVERNANCE">
      <Text>Gelişmiş bir yönetim biçimini benimsemiş olan halkınız, sivil yaşamı daha da ileriye götürmeyi düşünüyor.</Text>
    </Row>
    <Row Tag="LOC_BOOST_TRIGGER_CAPITALISM_XP2">
      <Text>2 Menkul Kıymetler Borsası oluşturun.</Text>
    </Row>
    <Row Tag="LOC_BOOST_TRIGGER_GLOBALIZATION_XP2">
      <Text>2 Havaalanı inşa edin.</Text>
    </Row>
    <Row Tag="LOC_BOOST_TRIGGER_PROFESSIONAL_SPORTS_XP2">
      <Text>2 Eğlence Kompleksi bölgesi oluşturun.</Text>
    </Row>
    <!--Governments-->
    <Row Tag="LOC_GOVT_INHERENT_BONUS_DEMOCRACY_XP2">
      <Text>Bir Müttefik veya Suzerain şehrine giden [ICON_TradeRoute] Ticaret Yollarınız her iki şehir için de +4 [ICON_Food] Gıda ve +4 [ICON_Production] Üretim sağlar. Tüm müttefiklerle İttifak Puanları her turda ek bir .25 artar.</Text>
    </Row>
    <Row Tag="LOC_GOVT_ACCUMULATED_BONUS_BRIEF_COMMUNISM_XP2">
      <Text>+%10 [ICON_Science] Bilim.</Text>
    </Row>
    <Row Tag="LOC_GOVERNMENT_CORPORATE_LIBERTARIANISM_NAME">
      <Text>Kurumsal Özgürlükçülük</Text>
    </Row>
    <Row Tag="LOC_GOVT_INHERENT_BONUS_CORPORATE_LIBERTARIANISM">
      <Text>Ticari Merkezler ve Kamplar şehirlere +%10 [ICON_Production] Üretim sağlar ve iyileştirmelerle kaynak biriktirmek tur başına +1 sağlar.</Text>
    </Row>
    <Row Tag="LOC_GOVT_ACCUMULATED_BONUS_BRIEF_CORPORATE_LIBERTARIANISM">
      <Text>-10% [ICON_Science] Bilim.</Text>
    </Row>
    <Row Tag="LOC_GOVERNMENT_DIGITAL_DEMOCRACY_NAME">
      <Text>Dijital Demokrasi</Text>
    </Row>
    <Row Tag="LOC_GOVT_INHERENT_BONUS_DIGITAL_DEMOCRACY">
      <Text>Tüm şehirlerde +2 [ICON_Amenities] Olanaklar ve Uzmanlık Bölgesi başına +2 [ICON_Culture] Kültür.</Text>
    </Row>
    <Row Tag="LOC_GOVT_ACCUMULATED_BONUS_BRIEF_DIGITAL_DEMOCRACY">
      <Text>Tüm birimler için -3 [ICON_Strength] Savaş Gücü.</Text>
    </Row>
    <Row Tag="LOC_GOVERNMENT_SYNTHETIC_TECHNOCRACY_NAME">
      <Text>Sentetik Teknokrasi</Text>
    </Row>
    <Row Tag="LOC_GOVT_INHERENT_BONUS_SYNTHETIC_TECHNOCRACY">
      <Text>Tüm şehirlerde +3 [ICON_Power] Güç ve tüm şehir projelerine yönelik +%30 [ICON_Production] Üretim.</Text>
    </Row>
    <Row Tag="LOC_GOVT_ACCUMULATED_BONUS_BRIEF_SYNTHETIC_TECHNOCRACY">
      <Text>-10% [ICON_Tourism] Turizm.</Text>
    </Row>
    <!--Policies-->
    <Row Tag="LOC_POLICY_FUTURE_VICTORY_SCIENCE_NAME">
      <Text>Havacılık ve Uzay Müteahhitleri</Text>
    </Row>
    <Row Tag="LOC_POLICY_FUTURE_VICTORY_SCIENCE_DESCRIPTION">
      <Text>Uzay limanı olan şehirler tur başına +3 [ICON_RESOURCE_ALUMINUM] Alüminyum ve +3 [ICON_Power] Güç kazanır.</Text>
    </Row>
    <Row Tag="LOC_POLICY_FUTURE_COUNTER_CULTURE_NAME">
      <Text>Uzay Turizmi</Text>
    </Row>
    <Row Tag="LOC_POLICY_FUTURE_COUNTER_CULTURE_DESCRIPTION">
      <Text>[ICON_Tourism] Diğer oyuncuların turizmi sizin uygarlığınıza karşı %20 azalır.</Text>
    </Row>
    <Row Tag="LOC_POLICY_FUTURE_VICTORY_CULTURE_NAME">
      <Text>Hallyu</Text>
    </Row>
    <Row Tag="LOC_POLICY_FUTURE_VICTORY_CULTURE_DESCRIPTION">
      <Text>Rock Band birimleriniz olası tüm promosyonlar arasından seçim yapabilir.</Text>
    </Row>
    <Row Tag="LOC_POLICY_FUTURE_COUNTER_SCIENCE_NAME">
      <Text>Devlet Dışı Aktörler</Text>
    </Row>
    <Row Tag="LOC_POLICY_FUTURE_COUNTER_SCIENCE_DESCRIPTION">
      <Text>Casus birimleriniz olası herhangi bir terfi arasından seçim yapabilir.</Text>
    </Row>
    <Row Tag="LOC_POLICY_FUTURE_VICTORY_DOMINATION_NAME">
      <Text>Entegre Saldırı Lojistiği</Text>
    </Row>
    <Row Tag="LOC_POLICY_FUTURE_VICTORY_DOMINATION_DESCRIPTION">
      <Text>Dönüşe düşman bölgesinde başlanırsa +1 Hareket. Dev Ölüm Robotları için +%50 [ICON_Production] Üretim.</Text>
    </Row>
    <Row Tag="LOC_POLICY_FUTURE_COUNTER_DIPLOMATIC_NAME">
      <Text>Rabblerousing</Text>
    </Row>
    <Row Tag="LOC_POLICY_FUTURE_COUNTER_DIPLOMATIC_DESCRIPTION">
      <Text>Dünya Kongresinde bir oyuncunun Diplomatik Zafer puanını düşürdüğünüzde, harcadığınız [ICON_Favor] Diplomatik İyiliğin %50'sini geri alın. Her tur için +1 [ICON_Favor] Diplomatik İyilik.</Text>
    </Row>
    <Row Tag="LOC_POLICY_FUTURE_VICTORY_DIPLOMATIC_NAME">
      <Text>Diplomatik Sermaye</Text>
    </Row>
    <Row Tag="LOC_POLICY_FUTURE_VICTORY_DIPLOMATIC_DESCRIPTION">
      <Text>Her tur için +4 [ICON_Favor] Diplomatik İyilik.</Text>
    </Row>
    <Row Tag="LOC_POLICY_FUTURE_COUNTER_DOMINATION_NAME">
      <Text>Küresel Koalisyon</Text>
    </Row>
    <Row Tag="LOC_POLICY_FUTURE_COUNTER_DOMINATION_DESCRIPTION">
      <Text>Dost bölgedeki birimler için +7 [ICON_Strength] Savaş Gücü.</Text>
    </Row>
    <Row Tag="LOC_POLICY_EQUESTRIAN_ORDERS_NAME">
      <Text>Binicilik Siparişleri</Text>
    </Row>
    <Row Tag="LOC_POLICY_EQUESTRIAN_ORDERS_DESCRIPTION">
      <Text>Tüm geliştirilmiş [ICON_RESOURCE_HORSES] Atlar ve [ICON_RESOURCE_IRON] Demir kaynakları tur başına 1 ek kaynak sağlar.</Text>
    </Row>
    <Row Tag="LOC_POLICY_DRILL_MANUALS_NAME">
      <Text>Matkap Kılavuzları</Text>
    </Row>
    <Row Tag="LOC_POLICY_DRILL_MANUALS_DESCRIPTION">
      <Text>Tüm geliştirilmiş [ICON_RESOURCE_NITER] Niter ve [ICON_RESOURCE_COAL] Kömür kaynakları tur başına 1 ek kaynak sağlar.</Text>
    </Row>
    <Row Tag="LOC_POLICY_RETINUES_NAME">
      <Text>Retinues</Text>
    </Row>
    <Row Tag="LOC_POLICY_RETINUES_DESCRIPTION">
      <Text>Tüm ünite yükseltmelerinde %50 kaynak indirimi.</Text>
    </Row>
    <Row Tag="LOC_POLICY_FORCE_MODERNIZATION_NAME">
      <Text>Kuvvet Modernizasyonu</Text>
    </Row>
    <Row Tag="LOC_POLICY_FORCE_MODERNIZATION_DESCRIPTION">
      <Text>50 [ICON_Gold] Tüm birim yükseltmelerinde altın ve kaynak indirimi.</Text>
    </Row>
    <Row Tag="LOC_POLICY_MUSIC_CENSORSHIP_NAME">
      <Text>Müzik Sansürü</Text>
    </Row>
    <Row Tag="LOC_POLICY_MUSIC_CENSORSHIP_DESCRIPTION">
      <Text>Diğer oyuncuların Rock Grupları bölgenize giremez. Nüfusu 10 veya daha fazla [ICON_Citizen] olan tüm şehirlerinizde -1 [ICON_Amenities] Çevre.</Text>
    </Row>
    <Row Tag="LOC_POLICY_FLOWER_POWER_NAME">
      <Text>Çiçek Gücü</Text>
    </Row>
    <Row Tag="LOC_POLICY_FLOWER_POWER_DESCRIPTION">
      <Text>Şu anda savaşta olmayan tüm Medeniyetler Konserlerinizden [ICON_TOURISM] Turizmin +%100'ünü alır [NEWLINE] ANCAK: Rock Grupları dışındaki birimler için üretim maliyeti %100 azalır ve satın alma +%100 olur.</Text>
    </Row>
    <Row Tag="LOC_POLICY_CYBER_WARFARE_NAME">
      <Text>Siber Savaş</Text>
    </Row>
    <Row Tag="LOC_POLICY_CYBER_WARFARE_DESCRIPTION">
      <Text>Bilgi ve Gelecek Çağlarından birimlere karşı +10 [ICON_Strength] Savaş Gücü. [NEWLINE]ANCAK: [ICON_STAT_GRIEVANCE] Size karşı olan şikayetler çürümez.</Text>
    </Row>
    <Row Tag="LOC_POLICY_AUTOMATED_WORKFORCE_NAME">
      <Text>Otomatik İş Gücü</Text>
    </Row>
    <Row Tag="LOC_POLICY_AUTOMATED_WORKFORCE_DESCRIPTION">
      <Text>Şehirleriniz, şehir projelerine yönelik +%20 [ICON_Production] Üretim kazanır. [NEWLINE] ANCAK: Şehirlerinizde tur başına -1 [ICON_Amenities] Dostluk ve -5 Sadakat.</Text>
    </Row>
    <Row Tag="LOC_POLICY_DISINFORMATION_CAMPAIGN_NAME">
      <Text>Dezenformasyon Kampanyası</Text>
    </Row>
    <Row Tag="LOC_POLICY_DISINFORMATION_CAMPAIGN_DESCRIPTION">
      <Text>Her Yayın Merkezi için tur başına +3 [ICON_Favor] Diplomatik İyilik. [NEWLINE]FAKAT: Tüm şehirlerde -10% [ICON_SCIENCE] Bilim ve [ICON_Culture] Kültür.</Text>
    </Row>
    <!--Updated-->
    <Row Tag="LOC_POLICY_SCIENCE_FOUNDATIONS_NAME">
      <Text>Bilim Temelleri</Text>
    </Row>
    <Row Tag="LOC_POLICY_PROFESSIONAL_ARMY_DESCRIPTION_XP2">
      <Text>Tüm birim yükseltmelerinde %50 [ICON_Gold] Altın indirimi.</Text>
    </Row>
    <Row Tag="LOC_POLICY_RESOURCE_MANAGEMENT_DESCRIPTION_XP2">
      <Text>Tüm geliştirilmiş [ICON_RESOURCE_ALUMINUM] Alüminyum ve [ICON_RESOURCE_OIL] Petrol kaynakları tur başına 1 ek kaynak sağlar.</Text>
    </Row>
    <Row Tag="LOC_POLICY_FINEST_HOUR_DESCRIPTION_XP2">
      <Text>Tüm birimler kendi bölgelerinde veya bölgelerine bitişik savaşırken +5 [ICON_Strength] Savaş Gücü.</Text>
    </Row>
    <Row Tag="LOC_POLICY_NEW_DEAL_DESCRIPTION_XP2">
      <Text>En az 3 uzmanlık bölgesi olan tüm şehirlere +4 [ICON_Housing] Konut ve +2 [ICON_Amenities] Olanaklar.</Text>
    </Row>
    <Row Tag="LOC_POLICY_THIRD_ALTERNATIVE_DESCRIPTION_XP2">
      <Text>Her Araştırma Laboratuvarı, Askeri Akademi, Kömür Enerji Santrali, Petrol Enerji Santrali ve Nükleer Enerji Santralinden +2 [ICON_Culture] Kültür ve +4 [ICON_Gold] Altın.</Text>
    </Row>
    <Row Tag="LOC_POLICY_MARTIAL_LAW_DESCRIPTION_XP2">
      <Text>Normalden %25 daha az savaş yorgunluğu biriktirin. Garnizonlu bir birime sahip şehirler tur başına +4 Sadakat kazanır.</Text>
    </Row>
    <Row Tag="LOC_POLICY_COLLECTIVIZATION_DESCRIPTION_XP2">
      <Text>+2 [ICON_Production] Üretim ve +4 [ICON_Food] Yurtiçi [ICON_TradeRoute] Ticaret Yollarından Gıda.</Text>
    </Row>
    <Row Tag="LOC_POLICY_DEFENSE_OF_MOTHERLAND_DESCRIPTION_XP2">
      <Text>Bölgenizdeki çatışmalardan dolayı savaş yorgunluğu yok. Modern, Atomik ve Bilgi çağı destek birimleri için +%100 [ICON_Production] Üretim.</Text>
    </Row>
    <Row Tag="LOC_CIVIC_MERCANTILISM_DESCRIPTION">
      <Text>Kamp iyileştirmeleri +1 [ICON_Production] Üretim ve +1 [ICON_Food] Gıda alır.</Text>
    </Row>
    <Row Tag="LOC_CIVIC_FEUDALISM_DESCRIPTION">
      <Text>Çiftlik iyileştirmeleri artık her 2 komşu Çiftlik iyileştirmesinden +1 [ICON_Food] Gıda kazanıyor.</Text>
    </Row>
    <Row Tag="LOC_CIVIC_COLONIALISM_DESCRIPTION">
      <Text>Ödüller 2 [ICON_Envoy] Elçiler.</Text>
    </Row>
    <Row Tag="LOC_POLICY_VETERANCY_DESCRIPTION_XP2">
      <Text>Kamp bölgeleri, Liman bölgeleri ve bu bölgelerdeki binalar için +%30 [ICON_Production] Üretim.</Text>
    </Row>
    <Row Tag="LOC_POLICY_RAJ_DESCRIPTION_XP2">
      <Text>Suzerain'i olduğunuz her şehir devletinden +2 [ICON_Science] Bilim, [ICON_Culture] Kültür, [ICON_Faith] İnanç ve [ICON_Gold] Altın. [ICON_TradeRoute] Şehir Devletlerine giden Ticaret Yolları +2 [ICON_GOLD] Altın alır.</Text>
    </Row>
    <Row Tag="LOC_POLICY_PUBLIC_TRANSPORT_DESCRIPTION_XP2">
      <Text>Büyüleyici çekiciliğe sahip Mahalleler +3 Gıda [ICON_Food] ve +1 Üretim [ICON_Production] alır, Nefes Kesici Mahallelere her bir verim için +1 ek verilir. Tüm Mahalleler +1 [ICON_Gold] Altın alır.</Text>
    </Row>
    <Row Tag="LOC_POLICY_FRESCOES_DESCRIPTION_XP2">
      <Text>Tur başına +2 [ICON_GreatArtist] Büyük Sanatçı puanı. Her Sanat Müzesi için tur başına +2 [ICON_GreatArtist] Büyük Sanatçı puanı.</Text>
    </Row>
    <Row Tag="LOC_POLICY_LAISSEZ_FAIRE_DESCRIPTION_XP2">
      <Text>Her Banka için tur başına +2 [ICON_GreatMerchant] Büyük Tüccar puanı ve her Borsa için tur başına +4 [ICON_GreatMerchant] Büyük Tüccar puanı. Her Tersane için tur başına +2 [ICON_GreatAdmiral] Büyük Amiral puanı ve her Liman için tur başına +4 [ICON_GreatAdmiral] Büyük Amiral puanı.</Text>
    </Row>
    <Row Tag="LOC_POLICY_NOBEL_PRIZE_DESCRIPTION_XP2">
      <Text>Her Üniversite için tur başına +2 [ICON_GreatScientist] Büyük Bilim İnsanı puanı ve her Araştırma Laboratuvarı için tur başına +4 [ICON_GreatScientist] Büyük Bilim İnsanı puanı. Her Fabrika için tur başına +2 [ICON_GreatEngineer] Büyük Mühendis puanı ve her Enerji Santrali için tur başına +4 [ICON_GreatEngineer] Büyük Mühendis puanı</Text>
    </Row>
    <Row Tag="LOC_POLICY_MILITARY_ORGANIZATION_DESCRIPTION_XP2">
      <Text>Her Cephanelik için tur başına +2 [ICON_GreatGeneral] Büyük General puanı ve her Askeri Akademi için tur başına +4 [ICON_GreatGeneral] Büyük General puanı. Büyük Generaller +2 Hareket puanı alır.</Text>
    </Row>
    <Row Tag="LOC_POLICY_SYMPHONIES_DESCRIPTION_XP2">
      <Text>Tur başına +4 [ICON_GreatMusician] Büyük Müzisyen puanı. Her Yayın Merkezi için tur başına +4 [ICON_GreatMusician] Büyük Müzisyen puanı.</Text>
    </Row>
    <Row Tag="LOC_POLICY_INVENTION_DESCRIPTION_XP2">
      <Text>Tur başına +4 [ICON_GreatEngineer] Büyük Mühendis puanı. Her Atölye için tur başına +2 [ICON_GreatEngineer] Büyük Mühendis puanı.</Text>
    </Row>
  </EnglishText>
</GameData>