﻿<?xml version="1.0" encoding="utf-8"?>
<!-- edited with XMLSPY v2004 rel. 2 U (http://www.xmlspy.com) by Ed Beach (Firaxis Games) -->
<GameData>
  <EnglishText>
    <Row Tag="LOC_GOSSIP_SOURCE_HIGHLEVEL_SPY">
      <Text>Casusunuz {1_Name}, şu belgeleri bulmuştur</Text>
    </Row>
    <Row Tag="LOC_GOSSIP_SPY_DAM_BREACHED_DETECTED">
      <Text>{LOC_GRAMMAR_CIVNAME &lt;&lt; {1_CivName}}'in ([2]'da {3_SpyPlayer}'den bir casusun çalışması nedeniyle bir barajı aşıldı.)</Text>
    </Row>
    <Row Tag="LOC_GOSSIP_SPY_DAM_BREACHED_UNDETECTED">
      <Text>{LOC_GRAMMAR_CIVNAME &lt;&lt; {1_CivName}}'te {2_CityName} bilinmeyen bir casusun çalışması nedeniyle bir baraj yıkıldı.</Text>
    </Row>
    <Row Tag="LOC_GOSSIP_ROCK_CONCERT">
      <Text>{1_City_Name} gazetesi, {3_BandName} tarafından verilen konser hakkında "([2]") başlıklı bir eleştiri yayınladı.</Text>
    </Row>
    <Row Tag="LOC_GOSSIP_POWERED_CITY">
      <Text>{LOC_GRAMMAR_CIVNAME &lt;&lt; {1_CivName}} {1_CivName : plural 1?has; other?have;} elektriğin büyüsünü {2_CityName} şehrine getirdi.</Text>
    </Row>
    <Row Tag="LOC_GOSSIP_RANDOM_EVENT">
      <Text>{LOC_GRAMMAR_CIVNAME &lt;&lt; {1_CivName}} {1_CivName : plural 1?has; other?have;} bir {2_NaturalDisasterName}'den önemli ölçüde zarar görmüştür.</Text>
    </Row>
  </EnglishText>
</GameData>