﻿<?xml version="1.0" encoding="utf-8"?>
<GameData>
  <EnglishText>
    <Row Tag="LOC_EXPANSION2_NAME">
      <Text>Genişleme: Toplanan Fırtına</Text>
    </Row>
    <Row Tag="LOC_EXPANSION2_DESCRIPTION">
      <Text>Bu oyun, Dünya Kongresi, çevresel etkiler ve felaketler, güç ve daha fazlasını içeren Gathering Storm Expansion'ı kullanan bir oyundur. Zamanın testine dayanacak bir medeniyet kurmak için değişen bir dünyanın öngörülemezliği ile başa çıkabilir misiniz?</Text>
    </Row>
    <!-- Setup Parameters -->
    <Row Tag="LOC_GAME_REALISM">
      <Text>Afet Yoğunluğu</Text>
    </Row>
    <Row Tag="LOC_GAME_REALISM_DESCRIPTION">
      <Text>Doğal afet yoğunluğunu ayarlayın. 0 (daha az sıklıkta ve yoğun doğal afetler) ile 4 (sık ve yoğun doğal afetler) arasında bir ayar seçin. Şiddetli volkanik patlamaların 3 ve 4 ayarlarında iki altıgen ötedeki karelere zarar verebileceğini unutmayın.</Text>
    </Row>
    <!-- Front End-->
    <Row Tag="LOC_VICTORY_DIPLOMATIC_NAME">
      <Text>Diplomatik Zafer</Text>
    </Row>
    <Row Tag="LOC_VICTORY_DIPLOMATIC_TT">
      <Text>Dünyaya, uluslar arasında işbirliğinin kalıcı ve adil bir barışa giden tek yol olduğunu gösteriyorsunuz. Bu zaferi saygı ve Dünya Kongresi aracılığıyla kazanın.</Text>
    </Row>
    <Row Tag="LOC_VICTORY_DIPLOMATIC_TEXT">
      <Text>Savaş ve şiddetin yerini uyum ve barış alır. İnsanlar arasındaki farklılıklar ve anlaşmazlıklar her zaman iyi niyetle çözülebilir. Çatışmalar geride kaldığında, ortak geleceğimiz ne gibi zaferlere gebe olacak?</Text>
    </Row>
    <!-- Natural Wonders-->
    <Row Tag="LOC_FEATURE_CHOCOLATEHILLS_NAME">
      <Text>Çikolata Tepeleri</Text>
    </Row>
    <Row Tag="LOC_FEATURE_CHOCOLATEHILLS_DESCRIPTION">
      <Text>Dört kareli doğa harikası. +1 [ICON_Food] Gıda, +2 [ICON_Production] Üretim ve +1 [ICON_Science] Bilim sağlar.</Text>
    </Row>
    <Row Tag="LOC_FEATURE_DEVILSTOWER_NAME">
      <Text>Mato Tipila</Text>
    </Row>
    <Row Tag="LOC_FEATURE_DEVILSTOWER_DESCRIPTION">
      <Text>Bir karo geçilmez doğa harikası. Bitişik karelere +1 [ICON_FAITH] İnanç ve +1 [ICON_Production] Üretim sağlar.</Text>
    </Row>
    <Row Tag="LOC_FEATURE_GOBUSTAN_NAME">
      <Text>Gobustan</Text>
    </Row>
    <Row Tag="LOC_FEATURE_GOBUSTAN_DESCRIPTION">
      <Text>Üç kareli doğa harikası. 3 [ICON_CULTURE] Kültür ve +1 [ICON_Production] Üretim sağlar.</Text>
    </Row>
    <Row Tag="LOC_FEATURE_IKKIL_NAME">
      <Text>Ik-Kil</Text>
    </Row>
    <Row Tag="LOC_FEATURE_IKKIL_DESCRIPTION">
      <Text>Bir karo geçilmez doğa harikası. Bitişik karolarda harikalar ve bölgeler üretirken +%50 [ICON_Production] Üretim. Tatlı Su sağlar.</Text>
    </Row>
    <Row Tag="LOC_FEATURE_PAMUKKALE_NAME">
      <Text>Pamukkale</Text>
    </Row>
    <Row Tag="LOC_FEATURE_PAMUKKALE_DESCRIPTION">
      <Text>İki karo geçilmez doğa harikası. +1 [ICON_AMENITIES] Kolaylık. Bir Eğlence Kompleksine bitişikse ek bir [ICON_AMENITIES] Kolaylık sağlar. Tiyatro Meydanı, Kampüs ve Ticaret Merkezi bölgelerine büyük bitişiklik bonusu. Kutsal Alan bölgesine standart bitişiklik bonusu. Tatlı Su sağlar.</Text>
    </Row>
    <Row Tag="LOC_FEATURE_VESUVIUS_NAME">
      <Text>Vezüv Yanardağı</Text>
    </Row>
    <Row Tag="LOC_FEATURE_VESUVIUS_DESCRIPTION">
      <Text>Bir kareden geçilemeyen doğa harikası. Bir Volkan olarak görünür ve bitişik karelere +1 [ICON_Production] Üretim sağlar. Patladığında bitişik karelere yüksek verim verir, ancak büyük [ICON_Citizen] Nüfus kaybı olur. Her zaman aktiftir.</Text>
    </Row>
    <Row Tag="LOC_FEATURE_WHITEDESERT_NAME">
      <Text>Sahra el Beyda</Text>
    </Row>
    <Row Tag="LOC_FEATURE_WHITEDESERT_DESCRIPTION">
      <Text>Dört kareli doğa harikası. +1 [ICON_SCIENCE] Bilim, +1 [ICON_Culture] Kültür ve +4 [ICON_GOLD] Altın sağlar.</Text>
    </Row>
    <Row Tag="LOC_FEATURE_EYJAFJALLAJOKULL_XP2_DESCRIPTION">
      <Text>İki karo geçilmez doğa harikası. Bir Volkan olarak görünür ve +1 [ICON_Culture] Kültür ve +1 [ICON_Food] Gıda sağlar. Patladığında orta düzeyde verim sağlar ve büyük olasılıkla binalara ve bölgelere zarar verir. Nadiren patlar, ancak her zaman aktiftir.</Text>
    </Row>
    <Row Tag="LOC_FEATURE_KILIMANJARO_XP2_DESCRIPTION">
      <Text>Bir kareden geçilemeyen doğa harikası. Bir Volkan olarak görünür ve bitişik karelere +2 [ICON_Food] Gıda sağlar. Patladığında düşük verim verir ve büyük olasılıkla iyileştirmelere ve binalara zarar verir. Nadiren patlar, ancak her zaman aktiftir.</Text>
    </Row>
    <Row Tag="LOC_FEATURE_CLIFFS_DOVER_XP2_DESCRIPTION">
      <Text>İki kareli doğa harikası. Suya bitişik Kayalıklarla birlikte görünür ve +3 [ICON_Culture] Kültür, +2 [ICON_Food] Gıda ve +3 [ICON_Gold] Altın sağlar. Bitişik karolara Doğa Harikalarının standart +2 çekiciliği yerine +4 çekicilik sağlar. Üzerine iyileştirmeler yerleştirilemez.</Text>
    </Row>
    <Row Tag="LOC_FEATURE_YOSEMITE_XP2_DESCRIPTION">
      <Text>İki kareli geçilmez doğa harikası. Bitişik karelere +1 [ICON_Gold] Altın, +1 [ICON_Food] Yiyecek ve +1 [ICON_Science] Bilim sağlar.</Text>
    </Row>
    <Row Tag="LOC_FEATURE_EYE_OF_THE_SAHARA_XP2_DESCRIPTION">
      <Text>Üç kareli doğa harikası. 2 [ICON_PRODUCTION] Üretim ve +1 [ICON_SCIENCE] Bilim sağlar. Oyun Atomik Çağa ulaştıktan sonra +1 [ICON_PRODUCTION] Üretim ve +3 [ICON_SCIENCE] Bilim daha sağlar.</Text>
    </Row>
    <!-- New Maps  -->
    <Row Tag="LOC_MAP_CONTINENTS_ISLANDS_NAME">
      <Text>Kıtalar ve Adalar</Text>
    </Row>
    <Row Tag="LOC_MAP_PRIMORDIAL_NAME">
      <Text>Primordial</Text>
    </Row>
    <Row Tag="LOC_MAP_SPLINTERED_FRACTAL_NAME">
      <Text>Parçalanmış Fraktal</Text>
    </Row>
    <Row Tag="LOC_MAP_TILTED_AXIS_NAME">
      <Text>Eğik Eksen</Text>
    </Row>
    <Row Tag="LOC_MAP_CONTINENTS_ISLANDS_DESCRIPTION">
      <Text>Adalarla çevrili birkaç büyük kara parçası.</Text>
    </Row>
    <Row Tag="LOC_MAP_PRIMORDIAL_DESCRIPTION">
      <Text>Öngörülemeyen kıtalar ve adalarla erken dönemden bir harita. Ekstra kıyı ovaları ve volkanlar ile daha değişken koşullar mevcuttur.</Text>
    </Row>
    <Row Tag="LOC_MAP_SPLINTERED_FRACTAL_DESCRIPTION">
      <Text>Genellikle ince, yılankavi kıtalar ve adalar oluşturacak oldukça rastgele bir harita.</Text>
    </Row>
    <Row Tag="LOC_MAP_TILTED_AXIS_DESCRIPTION">
      <Text>Kutup merkezli bir kıtalar haritası.</Text>
    </Row>
    <!--America-->
    <Row Tag="LOC_TRAIT_CIVILIZATION_FOUNDING_FATHERS_EXPANSION2_DESCRIPTION">
      <Text>Mevcut hükümetteki tüm Diplomatik politika yuvaları Wildcard yuvalarına dönüştürülür. Hükümetlerindeki her Joker yuvası için tur başına +1 [ICON_FAVOR] Diplomatik İyilik.</Text>
    </Row>
    <Row Tag="LOC_BUILDING_FILM_STUDIO_EXPANSION2_DESCRIPTION">
      <Text>Amerika'ya özgü bir bina. Oyun Modern çağa girdiğinde bu şehirden diğer medeniyetlere doğru +%100 [ICON_Tourism] turizm baskısı.</Text>
    </Row>
    <Row Tag="LOC_UNIT_AMERICAN_ROUGH_RIDER_EXPANSION2_DESCRIPTION">
      <Text>Teddy Roosevelt'in Cuirassier'lerin yerini alan liderleri olduğu Amerikan benzersiz Sanayi dönemi birimi. [ICON_Culture] Kültür, [ICON_Capital] Başkentlerinin kıtasındaki öldürmelerden kazanılır. Tepelerde savaşırken +10 [ICON_Strength] Savaş Gücü. Daha düşük bakım maliyeti.</Text>
    </Row>
    <!--Canada-->
    <Row Tag="LOC_CIVILIZATION_CANADA_NAME">
      <Text>Kanada</Text>
    </Row>
    <Row Tag="LOC_CIVILIZATION_CANADA_ADJECTIVE">
      <Text>Kanada</Text>
    </Row>
    <Row Tag="LOC_CIVILIZATION_CANADA_DESCRIPTION">
      <Text>Kanada İmparatorluğu</Text>
    </Row>
    <Row Tag="LOC_LEADER_LAURIER_NAME">
      <Text>Wilfrid Laurier</Text>
    </Row>
    <Row Tag="LOC_IMPROVEMENT_ICE_HOCKEY_RINK_NAME">
      <Text>Buz Hokeyi Pisti</Text>
    </Row>
    <Row Tag="LOC_IMPROVEMENT_ICE_HOCKEY_RINK_DESCRIPTION">
      <Text>Kanada'ya özgü bir Buz Hokeyi Pisti inşa etmek için İnşaatçı yeteneğinin kilidini açar.[NEWLINE][NEWLINE]+1 [ICON_AMENITIES] İmkan. Bitişik her Tundra, Tundra Tepeleri, Kar ve Kar Tepeleri karosu için +1 [ICON_CULTURE] Kültür. Uçuş kilidi açıldığında Kültürden [ICON_Tourism] Turizm sağlar. Profesyonel Spor medeniyeti kilidi açıldığında +2 [ICON_FOOD] Gıda ve [ICON_PRODUCTION] Üretim. Bir Stadyum binasına bitişikse +4 [ICON_CULTURE] Kültür. Tundra, Tundra Tepeleri, Kar ve Kar Tepeleri üzerine inşa edilebilir. Şehir başına bir tane. +2 Cazibe.</Text>
    </Row>
    <Row Tag="LOC_TRAIT_CIVILIZATION_FACES_OF_PEACE_NAME">
      <Text>Barışın Dört Yüzü</Text>
    </Row>
    <Row Tag="LOC_TRAIT_CIVILIZATION_FACES_OF_PEACE_DESCRIPTION">
      <Text>Şehir Devletlerine veya sürpriz savaşlara savaş ilan edemez. Kanada'ya sürpriz savaş ilan edilemez. Tur başına her 100 [ICON_TOURISM] Turizm için tur başına 1 [ICON_Favor] Diplomatik İyilik kazanın. Bir Acil Durum veya Puanlı Müsabakayı başarıyla tamamlayarak +%100 [ICON_Favor] Diplomatik İyilik kazanın.</Text>
    </Row>
    <Row Tag="LOC_TRAIT_LEADER_LAST_BEST_WEST_NAME">
      <Text>Son En İyi Batı</Text>
    </Row>
    <Row Tag="LOC_TRAIT_LEADER_LAST_BEST_WEST_DESCRIPTION">
      <Text>Çiftliklerin Tundra arazisi üzerine inşa edilmesini sağlar. İnşaat Mühendisliği kilidi açıldıktan sonra Çiftlikler Tundra Tepelerine inşa edilebilir. Kar, Tundra, Kar Tepeleri ve Tundra Tepelerinde tüm Madenler +2 [ICON_PRODUCTION] Üretim, Kereste Fabrikaları +2 [ICON_PRODUCTION] Üretim, Kamplar +2 [ICON_FOOD] Gıda, Çiftlikler +2 [ICON_FOOD] Gıda sağlar ve stratejik kaynak biriktirme oranı +100%.'dür. Bu arazi türlerindeki karoların satın alma maliyetini 50%. azaltır</Text>
    </Row>
    <Row Tag="LOC_UNIT_CANADA_MOUNTIE_NAME">
      <Text>Atlı Polis</Text>
    </Row>
    <Row Tag="LOC_UNIT_CANADA_MOUNTIE_DESCRIPTION">
      <Text>Kanada'ya özgü Modern dönem birimi. 2 Ulusal Park oluşturabilir. Bir Milli Parkın 2 karesi içinde savaşırken +5 [ICON_Strength] Savaş Gücü. Sahip olduğunuz bir Milli Parkın 2 karesi içinde savaşırken ilave +5 [ICON_Strength] Savaş Gücü.</Text>
    </Row>
    <!--England-->
    <Row Tag="LOC_TRAIT_CIVILIZATION_INDUSTRIAL_REVOLUTION_NAME">
      <Text>Dünya Atölyesi</Text>
    </Row>
    <Row Tag="LOC_TRAIT_CIVILIZATION_INDUSTRIAL_REVOLUTION_DESCRIPTION">
      <Text>Demir ve Kömür Madenleri tur başına 2 kaynak daha biriktirir. Askeri Mühendisler için +%100 [ICON_PRODUCTION] Üretim. Askeri Mühendisler +2 şarj alır. [ICON_POWER] Güçlendirildiğinde ek verim sağlayan binalar bu verimin +4'ünü alır. Sanayi Bölgesi binalarına yönelik +%20 [ICON_PRODUCTION] Üretim. Liman binaları Stratejik Kaynak Stoklarını +10 artırır (Standart Hızda).</Text>
    </Row>
    <Row Tag="LOC_TRAIT_CIVILIZATION_PAX_BRITANNICA_EXPANSION2_DESCRIPTION">
      <Text>Ana kıtanız dışında bir kıtada ilk şehrinizi her kurduğunuzda ücretsiz bir yakın dövüş birimi ve bir [ICON_TradeRoute] Ticaret Yolu kapasitesi kazanırsınız. Herhangi bir Kraliyet Donanması Tersanesi inşa etmek size inşa edebileceğiniz en güçlü donanma biriminin bir kopyasını verir. Askeri Bilim teknolojisi araştırıldığında Kırmızı Ceket benzersiz birimini kazanın.</Text>
    </Row>
    <!--Egypt-->
    <Row Tag="LOC_TRAIT_CIVILIZATION_ITERU_EXPANSION2_DESCRIPTION">
      <Text>İlçelere yönelik +%15 [ICON_Production] Üretim ve bir Nehrin yanına yerleştirilirse harikalar. Sellerden hasar almaz.</Text>
    </Row>
    <!--Eleanor-->
    <Row Tag="LOC_LEADER_ELEANOR_NAME">
      <Text>Eleanor of Aquitaine (İngiltere)</Text>
    </Row>
    <Row Tag="LOC_LEADER_ELEANOR_FRANCE_NAME">
      <Text>Eleanor of Aquitaine (Fransa)</Text>
    </Row>
    <Row Tag="LOC_TRAIT_LEADER_ELEANOR_LOYALTY_NAME">
      <Text>Aşk Mahkemesi</Text>
    </Row>
    <Row Tag="LOC_TRAIT_LEADER_ELEANOR_LOYALTY_DESCRIPTION">
      <Text>Eleanor'un şehirlerindeki Büyük Eserlerin her biri, 9 karo içindeki yabancı şehirlerde tur başına -1 Sadakate neden olur. Sadakat kaybı nedeniyle başka bir uygarlıktan ayrılan ve şu anda Eleanor'un uygarlığından tur başına en fazla Sadakati alan bir şehir, bu uygarlığa katılmak için Özgür Şehir adımını atlar.</Text>
    </Row>
    <!--Georgia-->
    <Row Tag="LOC_TRAIT_CIVILIZATION_GOLDEN_AGE_QUESTS_EXPANSION2_DESCRIPTION">
      <Text>Bir Altın Çağın veya Kahramanlık Çağının başında Adanmışlık yaparken, diğer bonusa ek olarak Çağ Puanını iyileştirmeye yönelik Normal Çağ bonusunu alın. Savunma binalarına yönelik +%50 [ICON_Production] Üretim.</Text>
    </Row>
    <!--Hungary-->
    <Row Tag="LOC_CIVILIZATION_HUNGARY_NAME">
      <Text>Macaristan</Text>
    </Row>
    <Row Tag="LOC_CIVILIZATION_HUNGARY_ADJECTIVE">
      <Text>Macarca</Text>
    </Row>
    <Row Tag="LOC_CIVILIZATION_HUNGARY_DESCRIPTION">
      <Text>Macar İmparatorluğu</Text>
    </Row>
    <Row Tag="LOC_LEADER_MATTHIAS_CORVINUS_NAME">
      <Text>Matthias Corvinus</Text>
    </Row>
    <Row Tag="LOC_BUILDING_THERMAL_BATH_NAME">
      <Text>Termal Banyo</Text>
    </Row>
    <Row Tag="LOC_BUILDING_THERMAL_BATH_DESCRIPTION">
      <Text>Macaristan'a özgü bir bina. +2 [ICON_AMENITIES] Olanaklar ve +2 [ICON_PRODUCTION] Üretim, 6 karo içindeki her şehir merkezine uzanır. Bu bonuslar bir şehre bir kez uygulanır ve bir şehir merkezinin 6 karesi içinde bu binanın birden fazla kopyası ek bonus sağlamaz. [NEWLINE][NEWLINE]Bu şehrin sınırları içinde en az bir Jeotermal Çatlak varsa, bu şehir +3 [ICON_TOURISM] Turizm ve +2 ek [ICON_AMENITIES] Kolaylık kazanır.</Text>
    </Row>
    <Row Tag="LOC_TRAIT_CIVILIZATION_PEARL_DANUBE_NAME">
      <Text>Tuna'nın İncisi</Text>
    </Row>
    <Row Tag="LOC_TRAIT_CIVILIZATION_PEARL_DANUBE_DESCRIPTION">
      <Text>Şehir Merkezinden bir nehir boyunca inşa edilen Semt ve Binalara +%50 [ICON_PRODUCTION] Üretim.</Text>
    </Row>
    <Row Tag="LOC_TRAIT_LEADER_RAVEN_KING_NAME">
      <Text>Kuzgun Kral</Text>
    </Row>
    <Row Tag="LOC_TRAIT_LEADER_RAVEN_KING_DESCRIPTION">
      <Text>Levyeli birimler +2 [ICON_Movement] Hareket ve +5 [ICON_Strength] Savaş Gücü veren bir yetenek kazanır. Levied birimlerini yükseltmek %75 daha az [ICON_GOLD] Altın ve kaynağa mal olur. Bir Şehir Devletinden birlikleri Levy ederseniz, o Şehir Devletinden 2 [ICON_ENVOY] Elçi alırsınız. Kaleler teknolojisi araştırıldığında Kara Ordu benzersiz birimini kazanın.</Text>
    </Row>
    <Row Tag="LOC_UNIT_HUNGARY_BLACK_ARMY_NAME">
      <Text>Kara Ordu</Text>
    </Row>
    <Row Tag="LOC_UNIT_HUNGARY_BLACK_ARMY_DESCRIPTION">
      <Text>Courser'ın yerini alan Macarlara özgü Orta Çağ birimi. Her bitişik Levyeli birim için +3 [ICON_Strength] Savaş Gücü.</Text>
    </Row>
    <Row Tag="LOC_UNIT_HUNGARY_HUSZAR_NAME">
      <Text>Huszár</Text>
    </Row>
    <Row Tag="LOC_UNIT_HUNGARY_HUSZAR_DESCRIPTION">
      <Text>Süvarinin yerini alan Macaristan'a özgü Sanayi dönemi birimi. Her aktif İttifak için +3 [ICON_Strength] Savaş Gücü.</Text>
    </Row>
    <!--Inca-->
    <Row Tag="LOC_CIVILIZATION_INCA_NAME">
      <Text>Inca</Text>
      <Gender>Masculine:the</Gender>
      <Plurality>2</Plurality>
    </Row>
    <Row Tag="LOC_CIVILIZATION_INCA_ADJECTIVE">
      <Text>İnka</Text>
    </Row>
    <Row Tag="LOC_CIVILIZATION_INCA_DESCRIPTION">
      <Text>İnka İmparatorluğu</Text>
    </Row>
    <Row Tag="LOC_TRAIT_CIVILIZATION_GREAT_MOUNTAINS_NAME">
      <Text>Mit'a</Text>
    </Row>
    <Row Tag="LOC_TRAIT_CIVILIZATION_GREAT_MOUNTAINS_DESCRIPTION">
      <Text>Vatandaşlar Dağ taşlarında çalışabilir. Dağ karoları +2 [ICON_PRODUCTION] Üretim ve oyun Sanayi Çağına ulaştığında ilave +1 [Icon_production] Üretim sağlar. Bitişik her Teras Çiftliği için Dağ karolarına +1 [ICON_FOOD] Gıda.</Text>
    </Row>
    <Row Tag="LOC_LEADER_PACHACUTI_NAME">
      <Text>Pachacuti</Text>
    </Row>
    <Row Tag="LOC_IMPROVEMENT_TERRACE_FARM_NAME">
      <Text>Teras Çiftliği</Text>
    </Row>
    <Row Tag="LOC_IMPROVEMENT_TERRACE_FARM_DESCRIPTION">
      <Text>İnka'ya özgü bir Teras Çiftliği inşa etmek için İnşaatçı yeteneğinin kilidini açar.[NEWLINE][NEWLINE]+1 [ICON_FOOD] Yiyecek. +1 [ICON_Housing] Konut sağlar. Bitişik her Dağ Karosu için +1 [ICON_FOOD] Yiyecek. Bitişik her Su Kemeri bölgesi için +2 [ICON_PRODUCTION] Üretim kazanır. Tatlı Suya bitişikse ve bir Su Kemeri bölgesi değilse +1 [ICON_PRODUCTION] Üretim alır. Diğer Teras Çiftlikleriyle bitişiklik için Yurttaşlık ve Teknoloji Ağacında ilerledikçe ilave [ICON_FOOD] Gıda. Otlak Tepeleri, Ova Tepeleri ve Çöl Tepelerine yerleştirilebilir.</Text>
    </Row>
    <Row Tag="LOC_UNIT_INCA_WARAKAQ_NAME">
      <Text>Warak'aq</Text>
    </Row>
    <Row Tag="LOC_UNIT_INCA_WARAKAQ_DESCRIPTION">
      <Text>Avcı'nın yerini alan İnka'ya özgü Orta Çağ birimi. Menzilli savaşta Avcı'dan daha güçlüdür ve tur başına +1 ek saldırı.</Text>
    </Row>
    <Row Tag="LOC_TRAIT_LEADER_PACHACUTI_QHAPAQ_NAN_NAME">
      <Text>Qhapaq Ñan</Text>
    </Row>
    <Row Tag="LOC_TRAIT_LEADER_PACHACUTI_QHAPAQ_NAN_DESCRIPTION">
      <Text>Yurtiçi [ICON_TradeRoute] Ticaret Yolları, başlangıç şehrindeki her Dağ karesi için +1 [ICON_Food] Yiyecek kazanır. Dış Ticaret medeniyeti keşfedildiğinde Qhapaq Ñan iyileştirmesini kazanın.</Text>
    </Row>
    <Row Tag="LOC_IMPROVEMENT_MOUNTAIN_ROAD_NAME">
      <Text>Qhapaq Ñan</Text>
    </Row>
    <Row Tag="LOC_IMPROVEMENT_MOUNTAIN_ROAD_DESCRIPTION">
      <Text>Pachacuti'ye özgü bir Qhapaq Ñan inşa etmek için İnşaatçı yeteneğinin kilidini açar.[NEWLINE][NEWLINE]Bir dağ sırası üzerinde hareket portalı görevi görerek birimlerin 2 [ICON_Movement] Hareket maliyetiyle içine girip başka bir portaldan çıkmasını sağlar. [ICON_TradeRoute] İçinden geçen Ticaret Yolları, varış noktalarındaki bölgelerden elde ettikleri [ICON_Gold] Altını katlayabilir. Yalnızca bitişik bir Dağ karesi üzerine inşa edilebilir. Yağmalanamaz veya kaldırılamaz.</Text>
    </Row>
    <!--Mali-->
    <Row Tag="LOC_CIVILIZATION_MALI_NAME">
      <Text>Mali</Text>
    </Row>
    <Row Tag="LOC_CIVILIZATION_MALI_ADJECTIVE">
      <Text>Malili</Text>
    </Row>
    <Row Tag="LOC_CIVILIZATION_MALI_DESCRIPTION">
      <Text>Mali İmparatorluğu</Text>
    </Row>
    <Row Tag="LOC_TRAIT_CIVILIZATION_MALI_GOLD_DESERT_NAME">
      <Text>Jeli'nin Şarkıları</Text>
    </Row>
    <Row Tag="LOC_TRAIT_CIVILIZATION_MALI_GOLD_DESERT_DESCRIPTION">
      <Text>Şehir Merkezleri, bitişik her Çöl ve Çöl Tepeleri karesi için +1 [ICON_FAITH] İnanç ve +1 [ICON_FOOD] Yiyecek kazanır. Madenler -1 [ICON_PRODUCTION] Üretim ve +4 [ICON_GOLD] Altın alır. [ICON_Faith] İnanç ile Ticaret Merkezi bölge binaları satın alabilir. Bina inşa etmek veya birim eğitmek için -%30 [ICON_PRODUCTION] Üretim.</Text>
    </Row>
    <Row Tag="LOC_LEADER_MANSA_MUSA_NAME">
      <Text>Mansa Musa</Text>
    </Row>
    <Row Tag="LOC_TRAIT_LEADER_SAHEL_MERCHANTS_NAME">
      <Text>Sahel Tüccarları</Text>
    </Row>
    <Row Tag="LOC_TRAIT_LEADER_SAHEL_MERCHANTS_DESCRIPTION">
      <Text>Uluslararası [ICON_TradeRoute] Ticaret Yolları, başlangıç kentindeki her düz Çöl karesi için +1 [ICON_GOLD] Altın kazanır. Bir Altın Çağ'a her girişinizde +1 [ICON_TradeRoute] Ticaret Kapasitesi kazanırsınız.</Text>
    </Row>
    <Row Tag="LOC_DISTRICT_SUGUBA_NAME">
      <Text>Suguba</Text>
    </Row>
    <Row Tag="LOC_DISTRICT_SUGUBA_DESCRIPTION">
      <Text>Ticaret Merkezinin yerini alan, finans ve ticaret alanında uzmanlaşmış Mali'ye özgü bir bölge. Birimler, Binalar ve Bölgeler bu Şehirde [ICON_GOLD] Altın ve [ICON_FAITH] İnanç ile %20 daha ucuza satın alınabilir. [NEWLINE][NEWLINE]+2 [ICON_Gold] Bitişikteki her Kutsal Alan için Altın bonusu. Nehir kenarı içeren bir kareden +2 [ICON_Gold] Altın bonusu. +1 [ICON_Gold] Bitişik her iki bölge karosu için altın bonusu.</Text>
    </Row>
    <Row Tag="LOC_UNIT_MALI_MANDEKALU_CAVALRY_NAME">
      <Text>Mandekalu Süvarileri</Text>
    </Row>
    <Row Tag="LOC_UNIT_MALI_MANDEKALU_CAVALRY_DESCRIPTION">
      <Text>Şövalyenin yerini alan Mali'ye özgü Orta Çağ birimi. Tüccar birimleri, bir Mandekalu Süvarisinin 4 karesi içinde ve bir kara karesi üzerindeyse yağmalanmaya karşı bağışıktır. Savaş zaferleri, o birimin temel [ICON_Strength] Savaş Gücünün %100'üne eşit [ICON_GOLD] Altın sağlar (Standart Hızda).</Text>
    </Row>
    <!--Maori-->
    <Row Tag="LOC_CIVILIZATION_MAORI_NAME">
      <Text>Māori</Text>
      <Gender>Masculine:the</Gender>
      <Plurality>2</Plurality>
    </Row>
    <Row Tag="LOC_CIVILIZATION_MAORI_ADJECTIVE">
      <Text>Māori</Text>
    </Row>
    <Row Tag="LOC_CIVILIZATION_MAORI_DESCRIPTION">
      <Text>Māori İmparatorluğu</Text>
    </Row>
    <Row Tag="LOC_TRAIT_CIVILIZATION_MAORI_MANA_NAME">
      <Text>Mana</Text>
    </Row>
    <Row Tag="LOC_TRAIT_CIVILIZATION_MAORI_MANA_DESCRIPTION">
      <Text>Oyuna Yelken ve Gemi İnşa teknolojilerinin kilidi açılmış ve Okyanus karolarına girme yeteneği ile başlayın. Gemiye bindirilen birimler +2 [ICON_Movement] Hareket kazanır. Geliştirilmemiş Ormanlar ve Yağmur Ormanları +1 [ICON_PRODUCTION] Üretim sağlar. Merkantilizmden ilave +1 [ICON_PRODUCTION] Üretim ve Korumacılıktan +2 [ICON_PRODUCTION] Üretim elde edilir. Balıkçı Tekneleri +1 [ICON_FOOD] Gıda ve komşu karelere bir Kültür Bombası sağlar. Kaynaklar hasat edilemez. [ICON_GreatWriter] Büyük Yazarlar kazanılamaz.</Text>
    </Row>
    <Row Tag="LOC_LEADER_KUPE_NAME">
      <Text>Kupe</Text>
    </Row>
    <Row Tag="LOC_TRAIT_LEADER_KUPES_VOYAGE_NAME">
      <Text>Kupe'nin Yolculuğu</Text>
    </Row>
    <Row Tag="LOC_TRAIT_LEADER_KUPES_VOYAGE_DESCRIPTION">
      <Text>Oyuna bir Okyanus karesinde başlayın. İlk şehrinizi kurarken ücretsiz bir İnşaatçı ve +1 [ICON_Citizen] Nüfus kazanın. Saray +3 [ICON_HOUSING] Konut ve +1 [ICON_AMENITIES] İmkan kazanır. İlk şehrinizi kurmadan önceki her turda +2 [ICON_SCIENCE] Bilim ve +2 [ICON_CULTURE] Kültür kazanırsınız.</Text>
    </Row>
    <Row Tag="LOC_BUILDING_MARAE_NAME">
      <Text>Marae</Text>
    </Row>
    <Row Tag="LOC_BUILDING_MARAE_DESCRIPTION">
      <Text>Māorilere özgü bir bina. Bu şehrin geçilebilir bir özelliği veya doğa harikası olan tüm karelerine +1 [ICON_CULTURE] Kültür ve [ICON_FAITH] İnanç. Uçuş araştırıldıktan sonra bu şehrin bir özelliğe veya doğa harikasına sahip tüm karolarına +1 [ICON_TOURISM] Turizm alırsınız. Bakım masrafı yoktur. Büyük Eser yuvası yoktur.</Text>
    </Row>
    <Row Tag="LOC_UNIT_MAORI_TOA_NAME">
      <Text>Toa</Text>
    </Row>
    <Row Tag="LOC_UNIT_MAORI_TOA_DESCRIPTION">
      <Text>Māori'ye özgü Klasik dönem yakın muharebe birimi. Bitişik düşman birimleri -5 [ICON_STRENGTH] Savaş Gücü alır. Benzersiz Pā iyileştirmesi inşa edebilir.</Text>
    </Row>
    <Row Tag="LOC_IMPROVEMENT_MAORI_PA_NAME">
      <Text>Pā</Text>
    </Row>
    <Row Tag="LOC_IMPROVEMENT_MAORI_PA_DESCRIPTION">
      <Text>Māori'ye özgü bir Pā inşa etme Toa yeteneğinin kilidini açar. [NEWLINE][NEWLINE]İşgal eden birim +4 [ICON_Strength] Savunma Gücü alır ve otomatik olarak 2 tur tahkimat kazanır. Bir Pā'yı işgal eden bir Māori birimi, yeni hareket etmiş veya saldırıya uğramış olsa bile iyileşir. Bir Tepe karesi üzerine inşa edilmelidir.</Text>
    </Row>
    <!--Netherlands-->
    <Row Tag="LOC_TRAIT_CIVILIZATION_GROTE_RIVIEREN_EXPANSION2_DESCRIPTION">
      <Text>Bir nehrin yanındaysa Kampüsler, Tiyatro Meydanları ve Sanayi Bölgeleri için büyük bitişiklik bonusu. Bir Liman tamamlanırken bitişik karolara Kültür Bombası. Baraj bölgesi ve Sel Bariyeri binası için +%50 [ICON_Production] Üretim.</Text>
    </Row>
    <!--Ottomans-->
    <Row Tag="LOC_CIVILIZATION_OTTOMAN_NAME">
      <Text>Osmanlılar</Text>
      <Gender>Masculine:the</Gender>
      <Plurality>2</Plurality>
    </Row>
    <Row Tag="LOC_CIVILIZATION_OTTOMAN_ADJECTIVE">
      <Text>Osmanlı</Text>
    </Row>
    <Row Tag="LOC_CIVILIZATION_OTTOMAN_DESCRIPTION">
      <Text>Osmanlı İmparatorluğu</Text>
    </Row>
    <Row Tag="LOC_TRAIT_CIVILIZATION_GREAT_TURKISH_BOMBARD_NAME">
      <Text>Büyük Türk Bombardımanı</Text>
    </Row>
    <Row Tag="LOC_TRAIT_CIVILIZATION_GREAT_TURKISH_BOMBARD_DESCRIPTION">
      <Text>Kuşatma birimlerine yönelik +%50 [ICON_Production] Üretim. Tüm kuşatma birimleri bölge savunmalarına karşı +5 [ICON_Strength] Savaş Gücü kazanır. Fethedilen şehirler nüfus kaybetmez [ICON_Citizen]. Osmanlılar tarafından kurulmamış şehirler tur başına +1 [ICON_AMENITIES] Amenity ve +4 Sadakat kazanır.</Text>
    </Row>
    <Row Tag="LOC_LEADER_SULEIMAN_NAME">
      <Text>Süleyman</Text>
    </Row>
    <Row Tag="LOC_BUILDING_GRAND_BAZAAR_NAME">
      <Text>Kapalıçarşı</Text>
    </Row>
    <Row Tag="LOC_BUILDING_GRAND_BAZAAR_DESCRIPTION">
      <Text>Osmanlılara özgü bir bina. Bu şehrin geliştirdiği her farklı Stratejik kaynak türü için 1 ekstra Stratejik kaynak biriktirin. Bu şehrin geliştirdiği her Lüks kaynak için 1 [ICON_AMENITIES] Konfor kazanın.</Text>
    </Row>
    <Row Tag="LOC_UNIT_OTTOMAN_BARBARY_CORSAIR_NAME">
      <Text>Barbary Corsair</Text>
    </Row>
    <Row Tag="LOC_UNIT_OTTOMAN_BARBARY_CORSAIR_DESCRIPTION">
      <Text>Privateer'ın yerini alan Osmanlı'ya özgü Ortaçağ dönemi deniz birimi. Kıyı baskını için [ICON_Movement] Hareket maliyeti yoktur. Yanında olmadığı sürece sadece diğer Deniz Akıncıları tarafından görülebilir. Görüş menzilindeki Deniz Akıncılarını açığa çıkarır.</Text>
    </Row>
    <Row Tag="LOC_UNIT_SULEIMAN_JANISSARY_NAME">
      <Text>Yeniçeri</Text>
    </Row>
    <Row Tag="LOC_UNIT_SULEIMAN_JANISSARY_DESCRIPTION">
      <Text>Tüfekçinin yerini alan Osmanlı'ya özgü Rönesans Dönemi birimi. Ücretsiz bir terfi ile başlar. Silahşörden daha güçlü ve daha ucuzdur. Yeniçeri yetiştirmek için bir şehrin en az 2 nüfusa sahip olması gerekir. Bir şehir Osmanlılar tarafından kurulur ve bir Yeniçeri yetiştirirse bir nüfus kaybeder.</Text>
    </Row>
    <Row Tag="LOC_TRAIT_LEADER_SULEIMAN_GOVERNOR_NAME">
      <Text>Büyük Vezir</Text>
    </Row>
    <Row Tag="LOC_TRAIT_LEADER_SULEIMAN_GOVERNOR_DESCRIPTION">
      <Text>Askeri ve diplomatik yeteneklere sahip özel benzersiz Vali. Barut teknolojisi araştırıldığında Yeniçeri benzersiz birimini ve bir [Icon_Governor] Vali Unvanını kazanın.</Text>
    </Row>
    <!--Phoenicia-->
    <Row Tag="LOC_CIVILIZATION_PHOENICIA_NAME">
      <Text>Phoenicia</Text>
    </Row>
    <Row Tag="LOC_CIVILIZATION_PHOENICIA_ADJECTIVE">
      <Text>Fenike</Text>
    </Row>
    <Row Tag="LOC_CIVILIZATION_PHOENICIA_DESCRIPTION">
      <Text>Fenike İmparatorluğu</Text>
    </Row>
    <Row Tag="LOC_TRAIT_CIVILIZATION_MEDITERRANEAN_COLONIES_NAME">
      <Text>Akdeniz Kolonileri</Text>
    </Row>
    <Row Tag="LOC_TRAIT_CIVILIZATION_MEDITERRANEAN_COLONIES_DESCRIPTION">
      <Text>Oyuna Yazı teknolojisi [ICON_TechBoosted] Eureka ile başlayın. Fenike tarafından kurulan ve Fenike [ICON_Capital] Başkenti ile aynı kıtada bulunan kıyı şehirleri %100 Sadıktır. Yerleşimciler gemiye bindiklerinde +2 [ICON_Movement] Hareket ve +2 görüş menzili kazanır. Yerleşimciler gemiye binme ve gemiden inmeden kaynaklanan ek [ICON_Movement] Hareket maliyetlerini yok sayar.</Text>
    </Row>
    <Row Tag="LOC_LEADER_DIDO_NAME">
      <Text>Dido</Text>
    </Row>
    <Row Tag="LOC_TRAIT_LEADER_FOUNDER_CARTHAGE_NAME">
      <Text>Kartaca'nın Kurucusu</Text>
    </Row>
    <Row Tag="LOC_TRAIT_LEADER_FOUNDER_CARTHAGE_DESCRIPTION">
      <Text>Orijinal [ICON_Capital] Başkentlerini, o şehirde benzersiz bir projeyi tamamlayarak kurdukları bir Cothon'a sahip herhangi bir şehre taşıyabilirler. Her Hükümet Konağı binası ve Hükümet Konağı bölgesi için +1 [ICON_TradeRoute] Ticaret Yolu kapasitesi. Hükümet Meydanının bulunduğu şehirdeki bölgelere yönelik +%50 [ICON_Production] Üretim.</Text>
    </Row>
    <Row Tag="LOC_DISTRICT_COTHON_NAME">
      <Text>Cothon</Text>
    </Row>
    <Row Tag="LOC_DISTRICT_COTHON_DESCRIPTION">
      <Text>Şehrinizdeki denizcilik faaliyetleri için Fenike'ye özgü bir bölge. Liman bölgesinin yerini alır ve inşa edilmesi daha ucuzdur. Karaya bitişik Sahil veya Göl Arazisi üzerine inşa edilmelidir. [NEWLINE][NEWLINE]+%50 [ICON_PRODUCTION] Bu şehirdeki deniz birimleri ve Yerleşimciler için üretim. Bu şehrin sınırları içindeki tüm yaralı deniz birimleri her turda +100 HP iyileşir.</Text>
    </Row>
    <Row Tag="LOC_UNIT_PHOENICIA_BIREME_NAME">
      <Text>Bireme</Text>
    </Row>
    <Row Tag="LOC_UNIT_PHOENICIA_BIREME_DESCRIPTION">
      <Text>Kadırganın yerini alan Fenikelilere özgü Antik Çağ birimi. Artırılmış [ICON_Strength] Savaş Gücü ve [ICON_Movement] Hareket. Tüccar birimleri Bireme'nin 4 karesi içinde ve bir su karesi üzerindeyse yağmalanmaya karşı bağışıktır.</Text>
    </Row>
    <!--India-->
    <Row Tag="LOC_TRAIT_CIVILIZATION_DHARMA_EXPANSION2_DESCRIPTION">
      <Text>Bir şehirde en az 1 Takipçisi olan her Dinden Takipçi İnancı bonusları alır. Şehirler, en az 1 Takipçisi olan her Din için bir [ICON_Amenities] Kolaylık kazanır. Misyonerlerin +2 yayılımı vardır. [ICON_TradeRoute] Ticaret Yollarınızdan +%100 Dini baskı.</Text>
    </Row>
    <Row Tag="LOC_IMPROVEMENT_STEPWELL_EXPANSION2_DESCRIPTION">
      <Text>Hindistan'a özgü bir Stepwell inşa etmek için İnşaatçı yeteneğinin kilidini açar. [NEWLINE][NEWLINE]+1 [ICON_Food] Gıda ve +1 [ICON_Housing] Konut. Bir Kutsal Alan bölgesine bitişikse +1 [ICON_Faith] İnanç. Bir Çiftliğe bitişikse +1 [ICON_Food] Yiyecek. Teknoloji ve Yurttaşlık Ağacında ilerledikçe ilave [ICON_Housing] Konut, [ICON_Faith] İnanç ve [ICON_Food] Gıda. Kuraklık sırasında [ICON_Food] Yiyecek kaybını önler. Tepelere veya başka bir Stepwell'e bitişik inşa edilemez.</Text>
    </Row>
    <!--Japan-->
    <Row Tag="LOC_TRAIT_LEADER_DIVINE_WIND_EXPANSION2_DESCRIPTION">
      <Text>Kara birimleri Sahile bitişik kara karelerinde +5 [ICON_Strength] Savaş Gücü alır; deniz birimleri sığ su karelerinde +5 [ICON_Strength] Savaş Gücü alır. Kamp, Kutsal Alan ve Tiyatro Meydanı bölgelerini yarı sürede inşa eder. Birimler Kasırgalardan hasar almaz. Japonya ile savaş halinde olan medeniyetler, Japon topraklarındaki Kasırgalardan +%100 birim hasarı alır.</Text>
    </Row>
    <Row Tag="LOC_TRAIT_LEADER_SATYAGRAHA_EXPANSION2_DESCRIPTION">
      <Text>Karşılaştıkları, bir Din kurmuş ve şu anda savaşta olmayan her uygarlık için (Hindistan dahil) tur başına +5 [ICON_Faith] İnanç ve +1 [ICON_Favor] Diplomatik İyilik. Karşı medeniyetler Gandhi'ye karşı savaştıkları için iki kat savaş yorgunluğu alırlar.</Text>
    </Row>
    <Row Tag="LOC_BUILDING_ELECTRONICS_FACTORY_EXPANSION2_DESCRIPTION">
      <Text>Japonya'ya özgü bir bina. Elektrik teknolojisini araştırdıktan sonra bu şehre +4 [ICON_Culture] Kültür sağlar. [ICON_Production] Üretim bonusu, bu bina türünden halihazırda bir bonusa sahip olmayan 6 karo içindeki tüm Şehir Merkezlerine genişletilir.</Text>
    </Row>
    <!--Qin-->
    <Row Tag="LOC_TRAIT_LEADER_FIRST_EMPEROR_EXPANSION2_DESCRIPTION">
      <Text>Antik ve Klasik harikalar inşa ederken, orijinal harikanın maliyetinin %15'ini tamamlamak için İnşaatçı ücretleri harcayabilirsiniz. İnşaatçılar ek bir ücret alır. Kanalların kilidi Duvarcılık teknolojisi ile açılır.</Text>
    </Row>
    <!--Rome-->
    <Row Tag="LOC_DISTRICT_BATH_EXPANSION2_DESCRIPTION">
      <Text>Şehrin büyümesi için Roma'ya özgü bir bölge. Su Kemeri bölgesinin yerini alır ve inşa edilmesi daha ucuzdur.[NEWLINE][NEWLINE]Bu şehre komşu bir Nehir, Göl, Vaha veya Dağdan tatlı su kaynağı sağlar. Henüz mevcut tatlı suyu olmayan şehirler 6 adede kadar [ICON_Housing] Konut alır. Halihazırda tatlı suyu olan şehirler bunun yerine +2 [ICON_Housing] Konut alır. Eğer bir Jeotermal Çatlağa bitişik inşa edilirse +1 [ICON_Amenities] Çevre. Her durumda Hamam +2 [ICON_Housing] Konut ve +1 [ICON_Amenities] Amenity ek bonus sağlar. Kuraklık sırasında [ICON_Food] Gıda kaybını önler. Şehir Merkezine bitişik inşa edilmelidir.</Text>
    </Row>
    <Row Tag="LOC_DISTRICT_BATH_EXPANSION2_ALT_DESCRIPTION">
      <Text>Şehrin büyümesi için Roma'ya özgü bir bölge. Su Kemeri bölgesinin yerini alır ve inşa edilmesi daha ucuzdur.[NEWLINE][NEWLINE]Bu şehre komşu bir Nehir, Göl, Vaha veya Dağdan tatlı su kaynağı sağlar. Henüz mevcut tatlı suyu olmayan şehirler 6 adede kadar [ICON_Housing] Konut alır. Halihazırda tatlı suyu olan şehirler bunun yerine +2 [ICON_Housing] Konut alır. Eğer bir Jeotermal Çatlağa bitişik inşa edilirse +1 [ICON_Amenities] Çevre. Her durumda Hamam +2 [ICON_Housing] Konut ve +1 [ICON_Amenities] Amenity ek bonus sağlar. Kuraklık sırasında [ICON_Food] Gıda kaybını önler. Şehir Merkezine bitişik olarak inşa edilmelidir. Askeri Mühendisler bir Hamamın üretiminin %20'sini tamamlamak için bir ücret harcayabilir.</Text>
    </Row>
    <!--Russia-->
    <Row Tag="LOC_TRAIT_CIVILIZATION_MOTHER_RUSSIA_EXPANSION2_DESCRIPTION">
      <Text>Şehirler kurulduğunda ekstra bölge. Tundra'dan +1 [ICON_Faith] İnanç ve +1 [ICON_Production] Üretim. Birimler Kar fırtınalarından hasar almaz. Rusya ile savaş halinde olan uygarlıklar, Rus topraklarındaki Kar fırtınalarından +%100 birim hasarı alır.</Text>
    </Row>
    <!--Sweden-->
    <Row Tag="LOC_CIVILIZATION_SWEDEN_NAME">
      <Text>İsveç</Text>
    </Row>
    <Row Tag="LOC_CIVILIZATION_SWEDEN_ADJECTIVE">
      <Text>İsveç</Text>
    </Row>
    <Row Tag="LOC_CIVILIZATION_SWEDEN_DESCRIPTION">
      <Text>İsveç İmparatorluğu</Text>
    </Row>
    <Row Tag="LOC_TRAIT_CIVILIZATION_NOBEL_PRIZE_NAME">
      <Text>Nobel Ödülü</Text>
    </Row>
    <Row Tag="LOC_TRAIT_CIVILIZATION_NOBEL_PRIZE_DESCRIPTION">
      <Text>İsveç bir Büyük Kişi kazandığında (Standart Hızda) 50 [ICON_Favor] Diplomatik İyilik kazanır. İsveç Fabrikalardan +1 [ICON_GreatEngineer] Büyük Mühendis puanı ve Üniversitelerden +1 [ICON_GreatScientist] Büyük Bilim İnsanı puanı alır. İsveç'in oyunda olması, Sanayi Çağında başlayan üç benzersiz Dünya Kongresi yarışması ekler.</Text>
    </Row>
    <Row Tag="LOC_LEADER_KRISTINA_NAME">
      <Text>Kristina</Text>
    </Row>.
		<Row Tag="LOC_TRAIT_LEADER_KRISTINA_AUTO_THEME_NAME"><Text>Kuzeyli Minerva</Text></Row><Row Tag="LOC_TRAIT_LEADER_KRISTINA_AUTO_THEME_DESCRIPTION"><Text>En az üç Büyük Eser yuvası olan binalar ve en az iki Büyük Eser yuvası olan harikalar, tüm yuvaları dolduğunda otomatik olarak temalandırılır. Hükümet Meydanında Kraliçe'nin Kitaplığını inşa edebilir.</Text></Row><Row Tag="LOC_IMPROVEMENT_OPEN_AIR_MUSEUM_NAME"><Text>Açık Hava Müzesi</Text></Row><Row Tag="LOC_IMPROVEMENT_OPEN_AIR_MUSEUM_DESCRIPTION"><Text>İsveç'e özgü bir Açık Hava Müzesi inşa etmek için İnşaatçı yeteneğinin kilidini açar.[NEWLINE][NEWLINE]Bu şehirde her tur başına +2 Sadakat sağlar. En az bir İsveç şehrinin kurulduğu her arazi türü (Kar, Tundra, Çöl, Ovalar veya Otlak) için +2 [ICON_Culture] Kültür ve +2 [ICON_Tourism] Turizm. Şehir başına bir tane. Açık Hava Müzelerinin bulunduğu kareler değiştirilemez.</Text></Row><Row Tag="LOC_BUILDING_QUEENS_BIBLIOTHEQUE_NAME"><Text>Kraliçe'nin Bibliyoteği</Text></Row><Row Tag="LOC_BUILDING_QUEENS_BIBLIOTHEQUE_DESCRIPTION"><Text>İsveç'e özgü bir bina. Bu bina 2 slot [ICON_GreatWork_WRITING] Yazarlık, [ICON_GreatWork_MUSIC] Müzik ve her tür [ICON_GreatWork_Landscape] Sanat sağlar. [NEWLINE]Ödüller +1 [Icon_Governor] Vali Unvanı.</Text></Row><Row Tag="LOC_UNIT_SWEDEN_CAROLEAN_NAME"><Text>Carolean</Text></Row><Row Tag="LOC_UNIT_SWEDEN_CAROLEAN_DESCRIPTION"><Text>Kargı ve Atış'ın yerini alan İsveç'e özgü Rönesans Dönemi birimi. Kargı ve Atış'tan daha hızlıdır. Kullanılmayan [ICON_Movement] Hareket başına +3 [ICON_Strength] Savaş Gücü.</Text></Row><Row Tag="LOC_ERA_FUTURE_NAME"><Text>Gelecek Çağ</Text></Row><Row Tag="LOC_ERA_FUTURE_DESCRIPTION"><Text>Dünya, kadim peygamberlerin hayallerinin ötesinde mucizeler ve herhangi bir kıyametten daha korkunç dehşetler içeriyor. Makineler anlam arıyor ve yeni madde rüya gibi formlar örüyor. Uzun zaman önce yapılan seçimler bu çağda ciddi sonuçlar doğuruyor ve kararlı cevaplar gerektiriyor. Şimdi gidin ve uygarlığın geleceği için vizyonunuzu gerçekleştirin.</Text></Row><Row Tag="LOC_VICTORY_SCIENCE_TT_XP2"><Text>Bir Bilim zaferi kazanmak için başka bir yıldız sistemine Dış Gezegen Keşif Gezisini tamamlayan ilk kişi olun. Bu zafer basittir, ancak zaman dolmadan önce elde edilmesi zor olabilir.</Text></Row><!-- Configuration Changes that are Shared between XP1 and XP2. --><!-- District Config Text --><Row Tag="LOC_DISTRICT_WATER_STREET_CARNIVAL_EXPANSION2_NAME"><Text>Copacabana</Text></Row><Row Tag="LOC_DISTRICT_WATER_STREET_CARNIVAL_EXPANSION2_DESCRIPTION"><Text>Brezilya'ya özgü bir bölge. Su Parkı bölgesinin yerini alır ve +2 [ICON_Amenities] Kolaylık sağlar. Ayrıca Karnaval projesinin kilidini açar, bu proje devam ederken +1 [ICON_Amenities] ek Kolaylık ve tamamlandığında çeşitli [ICON_GreatPerson] Harika İnsanlar puanı verir. Sokak Karnavalı olan bir şehirde inşa edilemez. Resif üzerine inşa edilemez.</Text></Row><Row Tag="LOC_DISTRICT_STREET_CARNIVAL_EXPANSION2_DESCRIPTION"><Text>Brezilya'ya özgü bir bölge. Eğlence Kompleksi bölgesinin yerini alır ve +2 [ICON_Amenities] Kolaylık sağlar. Ayrıca Karnaval projesinin kilidini açar, bu proje devam ederken +1 [ICON_Amenities] ek Kolaylık ve tamamlandığında çeşitli [ICON_GreatPerson] Harika İnsanlar puanı verir. Copacabana bulunan bir şehirde inşa edilemez.</Text></Row><!-- China --><Row Tag="LOC_IMPROVEMENT_GREAT_WALL_EXPANSION2_DESCRIPTION"><Text>Çin'e özgü Büyük Duvar'ı inşa etmek için İnşaatçı yeteneğinin kilidini açar. [NEWLINE][NEWLINE]+2 [ICON_GOLD] Altın. [ICON_Strength] Savunmada bir artış sağlar. Diğer segmentlere bitişikse [ICON_Gold] Altın bonusu. Bitişik segmentler için Teknoloji Ağacında ilerledikçe ilave [ICON_Culture] Kültür ve [ICON_Tourism] Turizm. İmparatorluğunuzun sınırları boyunca bir çizgi halinde inşa edilmelidir. Sadece doğal afetler tarafından yağmalanabilir (asla yok edilemez).</Text></Row><Row Tag="LOC_TRAIT_CIVILIZATION_DYNASTIC_CYCLE_EXPANSION2_DESCRIPTION"><Text>[ICON_TechBoosted] Eurekas ve [ICON_CivicBoosted] Inspirations yurttaşlık bilgisi ve teknolojilerinin %40'ı yerine %50'sini sağlamaktadır %. Bir mucizeyi tamamlarken, eğer varsa, mucizenin döneminden rastgele bir [ICON_TechBoosted] Eureka ve [ICON_CivicBoosted] İlham alın.</Text></Row><!-- Cleopatra --><Row Tag="LOC_TRAIT_LEADER_MEDITERRANEAN_EXPANSION2_DESCRIPTION"><Text>Diğer medeniyetlere giden [ICON_TradeRoute] Ticaret Yollarınız Mısır için +4 [ICON_Gold] Altın sağlar. Diğer uygarlıkların [ICON_TradeRoute] Mısır'a giden Ticaret Yolları onlar için +2 [ICON_Food] Gıda ve Mısır için +2 [ICON_Gold] Altın sağlar. Müttefiklerle ticaret yapmak iki kat daha fazla bonus İttifak Puanı kazandırır.</Text></Row><Row Tag="LOC_IMPROVEMENT_SPHINX_EXPANSION2_DESCRIPTION"><Text>Mısır'a özgü bir Sfenks inşa etmek için İnşaatçı yeteneğinin kilidini açar. [NEWLINE][NEWLINE]+1 [ICON_Faith] İnanç ve +1 [ICON_Culture] Kültür. +2 Cazibe. Bir mucizenin yanındaysa +2 [ICON_Faith] İnanç. Taşkın Yatakları üzerine inşa edilmişse +1 [ICON_CULTURE] Kültür. Doğal Tarih keşfedildiğinde ilave [ICON_CULTURE] Kültür. Uçuş araştırıldıktan sonra [ICON_TOURISM] Turizm sağlar. Başka bir Sfenks'in yanına inşa edilemez. Kar veya Kar Tepeleri üzerine inşa edilemez.</Text></Row><Row Tag="LOC_UNIT_EGYPTIAN_CHARIOT_ARCHER_EXPANSION2_DESCRIPTION"><Text>Mısır'a özgü Antik çağ menzilli birimi. 4 [ICON_Movement] Açık arazide başlarken hareket.</Text></Row><!-- England --><Row Tag="LOC_DISTRICT_ROYAL_NAVY_DOCKYARD_EXPANSION2_DESCRIPTION"><Text>Şehrinizdeki denizcilik faaliyetleri için İngiltere'ye özgü bir bölge. Liman bölgesinin yerini alır. Ayrıca bu kareye giriş ve çıkış için [ICON_Movement] Hareket cezasını da kaldırır. Karaya bitişik Sahil veya Göl Arazisi üzerine inşa edilmelidir.[NEWLINE][NEWLINE]+1 [ICON_Movement] Tersanede inşa edilen tüm deniz birimleri için hareket[NEWLINE]+2 [ICON_Gold] Yabancı bir kıtada inşa edildiğinde tur başına Altın ve +4 Sadakat. Resif üzerine inşa edilemez</Text></Row><!-- France --><Row Tag="LOC_IMPROVEMENT_CHATEAU_EXPANSION2_DESCRIPTION"><Text>Fransa'ya özgü bir Şato inşa etmek için İnşaatçı yeteneğinin kilidini açar.[NEWLINE][NEWLINE]+2 [ICON_Culture] Kültür ve +1 [ICON_Gold] Altın. +1 Cazibe. Her komşu mucize için +1 [ICON_Culture] Kültür (Uçuş araştırmasından sonra +2 olur). Nehir kenarı içeren bir karo üzerindeyse +2 [ICON_Gold] Altın. Uçuş araştırmasından sonra [ICON_CULTURE] Kültürden [ICON_TOURISM] Turizm sağlar. Bir Bonus veya Lüks kaynağına bitişik olarak yerleştirilmelidir. Başka bir Şatoya bitişik olarak inşa edilemez.</Text></Row><!-- Gilgamesh--><Row Tag="LOC_TRAIT_LEADER_ADVENTURES_ENKIDU_EXPANSION2_DESCRIPTION"><Text>Ortak bir düşmanla savaş halindeyken, kendileri ve müttefikleri yağma ödüllerini paylaşır ve 5 karo içindeyse savaş deneyimi kazanımlarını paylaşır. İttifakları, ortak bir düşmanla savaşta oldukları için İttifak Puanı kazanır. Sizinle ve müttefikinizle savaşta olan oyuncuların birimlerine karşı +5 [ICON_Strength] Savaş Gücü.</Text></Row><!-- Mongolia --><Row Tag="LOC_BUILDING_ORDU_EXPANSION2_DESCRIPTION"><Text>Moğolistan'a özgü bir bina. Bu şehirde eğitilen Ağır ve Hafif Süvarilere +1 [ICON_MOVEMENT] Hareket sağlayan bir yetenek verir. Bu şehirde eğitilen tüm süvari ve kuşatma sınıfı birimler için +%25 savaş deneyimi. [NEWLINE]Stratejik Kaynak Stokları +10 artırıldı (Standart Hızda). [NEWLINE][NEWLINE]Zaten bir Kışlası olan bir Kamp bölgesinde inşa edilemez.</Text></Row><!-- Norway --><Row Tag="LOC_TRAIT_LEADER_THUNDERBOLT_EXPANSION2_DESCRIPTION"><Text>Tüm yakın deniz birimleri için kıyı baskınına ve tüm yakın deniz birimleri için +%50 [ICON_PRODUCTION] Üretime izin verir. Yağmalama ve kıyı baskınlarından [ICON_GOLD] Altına ek olarak [ICON_SCIENCE] Bilim elde edin. Taş Ocakları, Meralar, Tarlalar ve Kampların yağmalanması veya kıyı baskınları [ICON_FAITH] İnanca ek olarak [ICON_CULTURE] Kültür sağlar. Yelkenli ile Viking Uzun Gemisi benzersiz birimini kazanın.</Text></Row><!-- Spain --><Row Tag="LOC_TRAIT_CIVILIZATION_TREASURE_FLEET_EXPANSION2_DESCRIPTION"><Text>Milliyetçilik ve Seferberlik yerine Merkantilizm ile Filolar ve Armadalar oluşturabilir. [ICON_TradeRoute] Ticaret Yolları +3 [ICON_Gold] Altın, +2 [ICON_Faith] İnanç ve +1 [ICON_Production] Üretim alır. [ICON_TradeRoute] Birden fazla kıta arasındaki Ticaret Yolları bu sayıların üç katını alır. Asıl Başkentinizin kıtasında olmayan şehirler, kurulduklarında bölgelere ve bir inşaatçıya yönelik +%25 [ICON_Production] Üretim alır.</Text></Row><Row Tag="LOC_TRAIT_LEADER_EL_ESCORIAL_EXPANSION2_DESCRIPTION"><Text>Engizisyoncular Sapkınlığı fazladan bir kez ortadan kaldırabilir. Engizisyoncular diğer Dinlerin varlığını %100 ortadan kaldırır. Savaş ve Dini birimlerin diğer Dinleri takip eden oyunculara karşı +5 [ICON_Strength] Savaş Gücü bonusu vardır.</Text></Row><Row Tag="LOC_IMPROVEMENT_MISSION_EXPANSION2_DESCRIPTION"><Text>İspanya'ya özgü bir Görev inşa etmek için İnşaatçı yeteneğinin kilidini açar.[NEWLINE][NEWLINE]+2 [ICON_Faith] İnanç. [ICON_Capital] Başkentinizden farklı bir kıtadaysa +2 [ICON_Faith] İnanç, +1 [ICON_PRODUCTION] Üretim ve +1 [ICON_FOod] Gıda. Bitişik her Kampüs ve Kutsal Alan bölgesi için +1 [ICON_Science] Bilim. Kültürel Miras keşfedildiğinde ilave [ICON_SCIENCE] Bilim. Şehir Merkezine bitişik bir Görev iyileştirmesi olan ve orijinal [ICON_Capital] Başkentinizin kıtasında olmayan şehirler için tur başına +2 Sadakat.</Text></Row><!-- Germany--><Row Tag="LOC_DISTRICT_HANSA_EXPANSION2_DESCRIPTION"><Text>Endüstriyel faaliyetler için Almanya'ya özgü bir bölge. Sanayi Bölgesi bölgesinin yerini alır ve inşası daha ucuzdur. [NEWLINE][NEWLINE]+ 2[ICON_Production] Her bir bitişik Ticari Merkez, Su Kemeri, Kanal ve Baraj bölgeleri için üretim bonusu. +1 [ICON_Production] Bitişik her kaynak için üretim bonusu. +1 [ICON_Production] Her iki bitişik bölge karosu için üretim bonusu.</Text></Row><!-- Scotland--><Row Tag="LOC_IMPROVEMENT_GOLF_COURSE_XP2_DESCRIPTION"><Text>İskoçya'ya özgü bir Golf Sahası inşa etmek için İnşaatçı yeteneğinin kilidini açar.[NEWLINE][NEWLINE]+2 [ICON_AMENITIES] Olanaklar ve +2 [ICON_GOLD] Altın. Bir Şehir Merkezi bölgesine bitişikse +1 [ICON_CULTURE] Kültür ve bir Eğlence Kompleksi bölgesine bitişikse +1 [ICON_CULTURE] Kültür. Yurttaşlık ve Teknoloji Ağacında ilerledikçe ilave [ICON_TOURISM] Turizm ve [ICON_HOUSING] Konut. Çöl veya Çöl Tepelerine yerleştirilemez. Şehir başına bir tane. Golf Sahası olan karolar değiştirilemez. +1 Cazibe.</Text></Row><!-- Greece--><Row Tag="LOC_DISTRICT_ACROPOLIS_EXPANSION2_DESCRIPTION"><Text>Kültürel alanlar için Yunanistan'a özgü bir bölge. Tiyatro Meydanı bölgesinin yerini alır ve inşa edilmesi daha ucuzdur. Tamamlandığında 1 [ICON_Envoy] Elçi kazandırır. [NEWLINE][NEWLINE]+1 [ICON_Culture] Bitişik her bölge için kültür bonusu ve bitişik Şehir Merkezi için ek +1 [ICON_Culture] Kültür bonusu. Bitişikteki her bir harika, Eğlence Kompleksi ve Su Parkı için +2 [ICON_Culture] Kültür bonusu. Sadece Tepeler üzerine inşa edilebilir.</Text></Row></EnglishText>
</GameData>