﻿<?xml version="1.0" encoding="utf-8"?>
<!-- edited with XMLSPY v2004 rel. 2 U (http://www.xmlspy.com) by Ed Beach (Firaxis Games) -->
<GameData>
  <EnglishText>
    <!--Agenda Names-->
    <Row Tag="LOC_AGENDA_ANGEVIN_EMPIRE_NAME">
      <Text>Angevin İmparatorluğu</Text>
    </Row>
    <Row Tag="LOC_AGENDA_CANADIAN_EXPEDITIONARY_NAME">
      <Text>Kanada Seferi Kuvveti</Text>
    </Row>
    <Row Tag="LOC_AGENDA_KAITIAKITANGA_NAME">
      <Text>Kaitiakitanga</Text>
    </Row>
    <Row Tag="LOC_AGENDA_LAWGIVER_NAME">
      <Text>Lawgiver</Text>
    </Row>
    <Row Tag="LOC_AGENDA_LORD_OF_MINES_NAME">
      <Text>Madenlerin Efendisi</Text>
    </Row>
    <Row Tag="LOC_AGENDA_RAVEN_BANNER_NAME">
      <Text>Raven Banner</Text>
    </Row>
    <Row Tag="LOC_AGENDA_PATRON_OF_ARTS_NAME">
      <Text>Bibliyofil</Text>
    </Row>
    <Row Tag="LOC_AGENDA_SAPA_INCA_NAME">
      <Text>Sapa İnka</Text>
    </Row>
    <Row Tag="LOC_AGENDA_SICILIAN_WARS_NAME">
      <Text>Sicilya Savaşları</Text>
    </Row>
    <!--Random Agenda Names-->
    <Row Tag="LOC_AGENDA_DEMAGOGUE_NAME">
      <Text>Demagog</Text>
    </Row>
    <Row Tag="LOC_AGENDA_DESTINATION_CIV_NAME">
      <Text>Hedef Civ</Text>
    </Row>
    <Row Tag="LOC_AGENDA_EXPANSIONIST_NAME">
      <Text>Yayılmacı</Text>
    </Row>
    <Row Tag="LOC_AGENDA_FLAT_EARTHER_NAME">
      <Text>Düz Dünyacı</Text>
    </Row>
    <Row Tag="LOC_AGENDA_GREAT_WHITE_FLEET_NAME">
      <Text>Büyük Beyaz Filo</Text>
    </Row>
    <Row Tag="LOC_AGENDA_INTOLERANT_NAME">
      <Text>Hoşgörüsüz</Text>
    </Row>
    <Row Tag="LOC_AGENDA_LIBERTARIAN_NAME">
      <Text>Özgürlükçü</Text>
    </Row>
    <Row Tag="LOC_AGENDA_PILLAGER_NAME">
      <Text>Pillager</Text>
    </Row>
    <Row Tag="LOC_AGENDA_TURTLER_NAME">
      <Text>Turtler</Text>
    </Row>
    <!--Agenda Description-->
    <Row Tag="LOC_AGENDA_ANGEVIN_EMPIRE_DESCRIPTION">
      <Text>Kalabalık şehirler inşa eder. Yakındaki şehirleri yüksek [ICON_Citizen] nüfusa sahip uygarlıkları sever. Yakınlarda küçük şehirleri olan ve kolayca sadakatsizleşebilecek medeniyetlerden hoşlanmaz.</Text>
    </Row>
    <Row Tag="LOC_AGENDA_CANADIAN_EXPEDITIONARY_DESCRIPTION">
      <Text>Mümkün olduğunca çok sayıda Acil Durum ve Puanlı Müsabakaya katılır. Bu tür faaliyetlere katılanları sever; katılmayanları sevmez.</Text>
    </Row>
    <Row Tag="LOC_AGENDA_KAITIAKITANGA_DESCRIPTION">
      <Text>İmparatorluklarındaki doğal özellikleri korur ve Milli Parklar inşa eder. Çevreye saygı duyan sivilleri sever; gezegene kötü davrananları sevmez.</Text>
    </Row>
    <Row Tag="LOC_AGENDA_LAWGIVER_DESCRIPTION">
      <Text>Vatandaşlarını mutlu ve sadık tutar. Benzer önceliklere sahip olanlardan etkilenir, özellikle de şehirleri birçok oyuncu tarafından kurulmuşsa. Mutluluk\sadakat sorunları olanlardan veya az sayıda ele geçirilen şehirlerden hoşlanmaz.</Text>
    </Row>
    <Row Tag="LOC_AGENDA_LORD_OF_MINES_DESCRIPTION">
      <Text>Şehirlerden ve Ticaret Yollarından [ICON_Gold] Altın üretimini [ICON_TradeRoute] maksimize etmeye çalışır. Benzer şekilde davranan uygarlıklara saygı duyar, davranmayanları sevmez.</Text>
    </Row>
    <Row Tag="LOC_AGENDA_RAVEN_BANNER_DESCRIPTION">
      <Text>Şehir devletlerinden asker toplar. Şehir devleti birliklerini de kullanan uygarlıkları sever, bu tür paralı askerlerden kaçınanlardan hoşlanmaz.</Text>
    </Row>
    <Row Tag="LOC_AGENDA_PATRON_OF_ARTS_DESCRIPTION">
      <Text>Herkesten daha fazla Büyük Esere sahip olmak ister. Büyük İşleri kendisine bırakanları sever, birçok Büyük İşe sahip olanları sevmez.</Text>
    </Row>
    <Row Tag="LOC_AGENDA_SAPA_INCA_DESCRIPTION">
      <Text>Dağların yakınına yerleşmek ister. Dağların yakınındaki alanları kendisine bırakanları sever, Dağların yakınına yerleşenleri sevmez.</Text>
    </Row>
    <Row Tag="LOC_AGENDA_SICILIAN_WARS_DESCRIPTION">
      <Text>Kıyı şehirlerine yerleşmek ister. İç kesimlere yerleşenleri sever. Çoğunlukla kıyı şehirlerine sahip olanları sevmez.</Text>
    </Row>
    <!--Updated Base Game Agenda Descriptions-->
    <Row Tag="LOC_AGENDA_WITH_YOUR_SHIELD_OR_ON_IT_DESCRIPTION">
      <Text>Bir barış anlaşmasında asla eşyalarından vazgeçmez ve bu yaklaşıma uyan uygarlıkları sever. Teslim olmuş veya hiç savaşa girmemiş uygarlıklardan hoşlanmaz.</Text>
    </Row>
    <!--Random Agenda Descriptions-->
    <Row Tag="LOC_AGENDA_DEMAGOGUE_DESCRIPTION">
      <Text>En çok [ICON_FAVOR] Diplomatik İyilik kazanan medeniyet olmak ister, [ICON_FAVOR] Diplomatik İyilikte rekabet edenlerden hoşlanmaz.</Text>
    </Row>
    <Row Tag="LOC_AGENDA_DESTINATION_CIV_DESCRIPTION">
      <Text>En çok [ICON_Tourism] turizm yapan medeniyet olmak ister, [ICON_Tourism] turizmde yarışanları sevmez.</Text>
    </Row>
    <Row Tag="LOC_AGENDA_FLAT_EARTHER_DESCRIPTION">
      <Text>İnsanlığın dünyanın çevresini dolaşmasını veya uzaya çıkmasını engellemek istiyor.</Text>
    </Row>
    <Row Tag="LOC_AGENDA_LIBERTARIAN_DESCRIPTION">
      <Text>Diplomatik Zafer kazanmak için güçlü bir girişimde bulunan herhangi bir uygarlığı sevmez.</Text>
    </Row>
    <Row Tag="LOC_AGENDA_PILLAGER_DESCRIPTION">
      <Text>Mümkün olduğunca çok taş yağmalamaya çalışır. Yağma yapan diğer uygarlıklara saygı duyar.</Text>
    </Row>
    <Row Tag="LOC_AGENDA_TURTLER_DESCRIPTION">
      <Text>Fetihlere karşı güvende kalmak ister. Diğer oyuncuların orijinal başkentlerini fethedenleri sevmez.</Text>
    </Row>
    <!--City-States-->
    <Row Tag="LOC_CIVILIZATION_AKKAD_NAME">
      <Text>Akkad</Text>
    </Row>
    <Row Tag="LOC_CIVILIZATION_AKKAD_DESCRIPTION">
      <Text>Akkad şehir devleti</Text>
    </Row>
    <Row Tag="LOC_CIVILIZATION_AKKAD_ADJECTIVE">
      <Text>Akadca</Text>
    </Row>
    <Row Tag="LOC_LEADER_TRAIT_AKKAD_NAME">
      <Text>Akkad Süzerain Bonus</Text>
    </Row>
    <Row Tag="LOC_LEADER_TRAIT_AKKAD_DESCRIPTION">
      <Text>Yakın dövüş ve anti-süvari birimlerinin saldırıları şehrin Surlarına tam hasar verir.</Text>
    </Row>
    <Row Tag="LOC_CIVILIZATION_BOLOGNA_NAME">
      <Text>Bologna</Text>
    </Row>
    <Row Tag="LOC_CIVILIZATION_BOLOGNA_DESCRIPTION">
      <Text>Bologna şehir devleti</Text>
    </Row>
    <Row Tag="LOC_LEADER_TRAIT_BOLOGNA_NAME">
      <Text>Bologna Suzerain Bonus</Text>
    </Row>
    <Row Tag="LOC_LEADER_TRAIT_BOLOGNA_DESCRIPTION">
      <Text>Bina bulunan mıntıkalarınız kendi türlerinde +1 [ICON_GreatPerson] Büyük Kişi puanı sağlar ([ICON_GreatWriter] Büyük Yazar, [ICON_GreatArtist] Büyük Sanatçı ve [ICON_GreatMusician] Büyük Müzisyen bina bulunan Tiyatro Meydanı mıntıkaları için).</Text>
    </Row>
    <Row Tag="LOC_CIVILIZATION_BOLOGNA_ADJECTIVE">
      <Text>Bolognese</Text>
    </Row>
    <Row Tag="LOC_CIVILIZATION_CAHOKIA_NAME">
      <Text>Cahokia</Text>
    </Row>
    <Row Tag="LOC_CIVILIZATION_CAHOKIA_DESCRIPTION">
      <Text>Cahokia şehir devleti</Text>
    </Row>
    <Row Tag="LOC_CIVILIZATION_CAHOKIA_ADJECTIVE">
      <Text>Cahokian</Text>
    </Row>
    <Row Tag="LOC_LEADER_TRAIT_CAHOKIA_NAME">
      <Text>Cahokia Suzerain Bonusu</Text>
    </Row>
    <Row Tag="LOC_LEADER_TRAIT_CAHOKIA_DESCRIPTION">
      <Text>İnşaatçılarınız artık Cahokia Höyüğü iyileştirmeleri yapabilir.[NEWLINE][NEWLINE]Cahokia Höyüğü +3 [ICON_GOLD] Altın sağlar. Şehirler ilk Cahokia Höyüğü iyileştirmelerinden +1 [ICON_AMENITIES] Amenity alırlar. Doğa Tarihini keşfettikten sonra şehirler ikinci Cahokia Höyüğü iyileştirmelerinden +1 [ICON_AMENITIES] Amenity alırlar. Feodalizm keşfedildiğinde her 2 komşu Bölge için veya Değiştirilebilir Parçalar araştırıldığında her komşu Bölge için +1 [ICON_FOOD] Yiyecek. +1 [ICON_HOUSING] Barınma sağlar. Kültürel Miras keşfedildiğinde ilave bir [ICON_HOUSING] Konut elde edilir. Diğer Cahokia Höyüklerine bitişik inşa edilemez.</Text>
    </Row>
    <Row Tag="LOC_CIVILIZATION_CARDIFF_NAME">
      <Text>Cardiff</Text>
    </Row>
    <Row Tag="LOC_CIVILIZATION_CARDIFF_DESCRIPTION">
      <Text>Cardiff şehir devleti</Text>
    </Row>
    <Row Tag="LOC_CIVILIZATION_CARDIFF_ADJECTIVE">
      <Text>Cardiffian</Text>
    </Row>
    <Row Tag="LOC_LEADER_TRAIT_CARDIFF_NAME">
      <Text>Cardiff Suzerain Bonus</Text>
    </Row>
    <Row Tag="LOC_LEADER_TRAIT_CARDIFF_DESCRIPTION">
      <Text>Şehirler her Liman binası için +2 [ICON_Power] Güç alır.</Text>
    </Row>
    <Row Tag="LOC_CIVILIZATION_FEZ_NAME">
      <Text>Fez</Text>
    </Row>
    <Row Tag="LOC_CIVILIZATION_FEZ_DESCRIPTION">
      <Text>Fez şehir devleti</Text>
    </Row>
    <Row Tag="LOC_CIVILIZATION_FEZ_ADJECTIVE">
      <Text>Fez</Text>
    </Row>
    <Row Tag="LOC_LEADER_TRAIT_FEZ_NAME">
      <Text>Fez Suzerain Bonus</Text>
    </Row>
    <Row Tag="LOC_LEADER_TRAIT_FEZ_DESCRIPTION">
      <Text>Bir şehri ilk kez dönüştürmek için dini bir birim kullandığınızda, o şehrin [ICON_Citizen] Nüfusu başına 20 [ICON_SCIENCE] Bilim kazanın (Standart Hızda).</Text>
    </Row>
    <Row Tag="LOC_CIVILIZATION_MEXICO_CITY_NAME">
      <Text>Meksika Şehri</Text>
    </Row>
    <Row Tag="LOC_CIVILIZATION_MEXICO_CITY_DESCRIPTION">
      <Text>Mexico City şehir devleti</Text>
    </Row>
    <Row Tag="LOC_CIVILIZATION_MEXICO_CITY_ADJECTIVE">
      <Text>Meksika Şehri</Text>
    </Row>
    <Row Tag="LOC_LEADER_TRAIT_HATTUSA_EXPANSION2_DESCRIPTION">
      <Text>Her turda ortaya çıkardığınız ancak geliştirmediğiniz her Stratejik kaynaktan 2 tane sağlar.</Text>
    </Row>
    <Row Tag="LOC_LEADER_TRAIT_MEXICO_CITY_NAME">
      <Text>Mexico City Suzerain Bonus</Text>
    </Row>
    <Row Tag="LOC_LEADER_TRAIT_MEXICO_CITY_DESCRIPTION">
      <Text>Sanayi Bölgesi, Su Parkı ve Eğlence Kompleksi bölgelerinizden gelen bölgesel etkiler 3 karo daha uzağa ulaşır.</Text>
    </Row>
    <Row Tag="LOC_CIVILIZATION_NAZCA_NAME">
      <Text>Nazca</Text>
    </Row>
    <Row Tag="LOC_CIVILIZATION_NAZCA_DESCRIPTION">
      <Text>Nazca şehir devleti</Text>
    </Row>
    <Row Tag="LOC_CIVILIZATION_NAZCA_ADJECTIVE">
      <Text>Nazca</Text>
    </Row>
    <Row Tag="LOC_LEADER_TRAIT_NAZCA_NAME">
      <Text>Nazca Suzerain Bonus</Text>
    </Row>
    <Row Tag="LOC_LEADER_TRAIT_NAZCA_DESCRIPTION">
      <Text>İnşaatçılarınız artık Nazca Hattı iyileştirmeleri yapabilir.[NEWLINE][NEWLINE]Nazca Hatları komşu karolara +1 [ICON_Faith] İnanç sağlar. Bir kaynağa sahip komşu karolara +1 [ICON_Faith] İnanç. +1 [ICON_FOOD] Sivil Hizmet keşfedildikten sonra bitişik Çöl ve Çöl Tepesi karolarına yiyecek. Seri Üretim keşfedildikten sonra bitişik düz karolara +1 [ICON_PRODUCTION] Üretim. +1 İtiraz. Sadece düz Çöl üzerine inşa edilebilir. Bu karo üzerinde çalışılamaz.</Text>
    </Row>
    <Row Tag="LOC_CIVILIZATION_NGAZARGAMU_NAME">
      <Text>Ngazargamu</Text>
    </Row>
    <Row Tag="LOC_CIVILIZATION_NGAZARGAMU_DESCRIPTION">
      <Text>Ngazargamu şehir devleti</Text>
    </Row>
    <Row Tag="LOC_CIVILIZATION_NGAZARGAMU_ADJECTIVE">
      <Text>Ngazargamu</Text>
    </Row>
    <Row Tag="LOC_LEADER_TRAIT_NGAZARGAMU_NAME">
      <Text>Ngazargamu Suzerain Bonus</Text>
    </Row>
    <Row Tag="LOC_LEADER_TRAIT_NGAZARGAMU_DESCRIPTION">
      <Text>Kara savaşı veya Destek birimleri, o şehirdeki her Kamp bölgesi binası için [ICON_GOLD] Altın ile %20 daha ucuza satın alınır.</Text>
    </Row>
    <Row Tag="LOC_CIVILIZATION_RAPA_NUI_NAME">
      <Text>Rapa Nui</Text>
    </Row>
    <Row Tag="LOC_CIVILIZATION_RAPA_NUI_DESCRIPTION">
      <Text>Rapa Nui şehir devleti</Text>
    </Row>
    <Row Tag="LOC_CIVILIZATION_RAPA_NUI_ADJECTIVE">
      <Text>Rapa Nui</Text>
    </Row>
    <Row Tag="LOC_LEADER_TRAIT_RAPA_NUI_NAME">
      <Text>Rapa Nui Suzerain Bonusu</Text>
    </Row>
    <Row Tag="LOC_LEADER_TRAIT_RAPA_NUI_DESCRIPTION">
      <Text>İnşaatçılarınız artık Moai iyileştirmeleri yapabilir.[NEWLINE][NEWLINE]Moai +1 [ICON_Culture] Kültür sağlar. Bitişik her 2 Moai için +1 [ICON_Culture] Kültür. Volkanik Toprak karesi üzerinde veya bitişiğindeyse +2 [ICON_Culture] Kültür. Bir Kıyı veya Göl karesine bitişikse +1 [ICON_Culture] Kültür. Yurttaşlık ve Teknoloji Ağacında ilerledikçe ilave [ICON_Culture] Kültür ve [ICON_Tourism] Turizm. Ovalar, Ovalar Tepeleri, Otlaklar, Otlak Tepeleri veya Volkanik Toprak üzerine inşa edilebilir. Bir Orman veya Yağmur Ormanı karesine bitişik olarak yerleştirilemez.</Text>
    </Row>
    <Row Tag="LOC_LEADER_TRAIT_ARMAGH_EXPANSION2_DESCRIPTION">
      <Text>İnşaatçılarınız artık Manastır iyileştirmeleri yapabilir.[NEWLINE][NEWLINE]Manastırlar +2 [ICON_Faith] İnanç sağlar. Bu karede bulunan ve bu tur saldırmamış dost dini birim için +15 HP iyileştirme. Her 2 komşu Bölge için +1 [ICON_FAITH] İnanç. +1 [ICON_HOUSING] Konut sağlar. Sömürgecilik keşfedildiğinde ek bir [ICON_HOUSING] Konut alın. Başka bir Manastırın yanına inşa edilemez.</Text>
    </Row>
    <Row Tag="LOC_LEADER_TRAIT_LA_VENTA_EXPANSION2_DESCRIPTION">
      <Text>İnşaatçılarınız artık Devasa Kafa geliştirmeleri yapabilir.[NEWLINE][NEWLINE]Devasa Kafalar +2 [ICON_Faith] İnanç sağlar. Bitişikteki her 2 Yağmur Ormanı için veya Hümanizm keşfedildikten sonra bitişikteki her Yağmur Ormanı için +1 [ICON_Faith] İnanç. Her 2 bitişik Orman için veya Hümanizm keşfedildikten sonra her bitişik Orman için +1 [ICON_Faith] İnanç. [ICON_TOURISM] Uçuş keşfedildiğinde [ICON_FAITH] İnanç'tan Turizm. Kar veya Kar Tepeleri üzerine inşa edilemez.</Text>
    </Row>
    <Row Tag="LOC_LEADER_TRAIT_GRANADA_EXPANSION2_DESCRIPTION">
      <Text>İnşaatçılarınız artık Alcázar iyileştirmeleri yapabilir.[NEWLINE][NEWLINE]Alcázar'lar +2 [ICON_Culture] Kültür sağlar. Karonun Çekiciliğinin %50'sine eşit [ICON_SCIENCE] Bilim sağlar. İşgal eden birim +4 [ICON_Strength] Savunma Gücü alır ve otomatik olarak 2 tur tahkimat kazanır. Uçuş araştırmasından sonra [ICON_TOURISM] Turizm sağlar. Başka bir Alcázar'ın yanına inşa edilemez.</Text>
    </Row>
  </EnglishText>
</GameData>