﻿<?xml version="1.0" encoding="utf-8"?>
<!-- edited with XMLSPY v2004 rel. 2 U (http://www.xmlspy.com) by Anton Strenger (Firaxis Games) -->
<GameData>
  <BaseGameText>
    <Row Tag="LOC_LOADING_INFO_LEADER_LAURIER">
      <Text>Sen güneşli yolları seçtin Wilfrid Laurier ve neşeyi ve nezaketi Kanada halkının karakteri haline getirdin. Başkalarının bölmeye ve güvensizlik tohumları ekmeye çalıştığı yerde, siz işbirliği ve anlayışa ilham verdiniz. Dünyaya, birleşmiş bir halkın sonsuza dek zamana karşı direnebileceğini gösterdin.</Text>
    </Row>
    <Row Tag="LOC_LOADING_INFO_LEADER_ELEANOR_FRANCE">
      <Text>Aquitaine Düşesi, iki ülkenin naibi, ozanların hamisi ve aşk sarayının yargıcı, tahtınıza yeniden çıkın. Tebaanızın kalplerine ilham verin ki sizi neşelendirsinler ve sancaklarınıza akın etsinler, çünkü hükümdarlığınızı bilen herkes merhametinizi bilir.</Text>
    </Row>
    <Row Tag="LOC_LOADING_INFO_LEADER_ELEANOR_ENGLAND">
      <Text>Aquitaine Düşesi, iki ülkenin naibi, ozanların hamisi ve aşk sarayının yargıcı, tahtınıza yeniden çıkın. Tebaanızın kalplerine ilham verin ki sizi neşelendirsinler ve sancaklarınıza akın etsinler, çünkü hükümdarlığınızı bilen herkes merhametinizi bilir.</Text>
    </Row>
    <Row Tag="LOC_LOADING_INFO_LEADER_MATTHIAS_CORVINUS">
      <Text>Kudretli Matthias, silahlarınızdaki başarılarınız ancak bilginizin derinliği ile eşleşir. Kudretli Kara Ordun savaş meydanında senin güçlü elin olarak hizmet etsin, hem düşmanlarına karşı kılıç hem de sadık halkını koruyan kalkan olarak ve gelecek çağlar senin adını huşu içinde ansın.</Text>
    </Row>
    <Row Tag="LOC_LOADING_INFO_LEADER_PACHACUTI">
      <Text>Pachacuti, Güneş'in oğlu, yüce zirveler arasında yaşayan müreffeh bir halkın babası. Dağlar senin için yol, düşmanların için güçlü duvarlar olsun, çünkü başkalarının açlıktan öleceği yerde sen güçleniyorsun. Ey yeryüzünü sarsan Sapa İnka, güç ve çalışkanlık göster ve adın tüm tarih boyunca parlasın.</Text>
    </Row>
    <Row Tag="LOC_LOADING_INFO_LEADER_MANSA_MUSA">
      <Text>Mansa Musa, Mali'nin büyük kralı, kavrayışın ötesinde bir zenginlikle kutsanmışsın, yine de bozulmamışsın. Gözlerinizi pazar yerinden göklere kaldırın ve kalbinizin barışa olan büyük özlemini tatmin edin. Halkının refahını koru ve tarih senin adını altın harflerle yazsın.</Text>
    </Row>
    <Row Tag="LOC_LOADING_INFO_LEADER_KUPE">
      <Text>Denizci Kupe, uzun beyaz bulutun ülkesine adını sen verdin ve şimdi yeni topraklara yerleşmeye çağrılıyorsun. Tıpkı Toa'larınızın halkınızı koruduğu gibi, karayı ve denizi koruyun ve onurlandırın. Maoriler dünyanın doğal güzelliğini sonraki tüm çağlar için koruyacaktır.</Text>
    </Row>
    <Row Tag="LOC_LOADING_INFO_LEADER_SULEIMAN">
      <Text>Tüm övgüler sana, Kanuni Sultan Süleyman'a, haklı olarak Muhteşem olarak adlandırılan! Yüce Osman Hanedanı'nın efendisi, düşmanların ordularını görünce titrerken, sadık hizmetkarların emirlerini kudretli topraklarının en uzak köşesine kadar taşımaya hazır. Sultanlar Sultanı ve Hanlar Hanı, halkını yüceliğe götür.</Text>
    </Row>
    <Row Tag="LOC_LOADING_INFO_LEADER_DIDO">
      <Text>Kartaca'nın annesi Kraliçe Dido, yaşamın boyunca büyük tehditlerle karşılaştın ve zekân ve kurnazlığınla bunların üstesinden geldin. Dalgalar kıyıya nerede vurursa, şehirleriniz orada yükselecektir.  Denizler yolunuz, uzak ufuklar kaderiniz ve sığınağınızdır.</Text>
    </Row>
    <Row Tag="LOC_LOADING_INFO_LEADER_KRISTINA">
      <Text>Kuzey'in Minerva'sı, öğrenme ve bilgelikte eşsiz, güç yerine kültür hayatını seçtin. Krallığınızı sanat ve müzikle aydınlatın. İsveç'in diğer medeniyetler için yol gösterici bir yıldız olmasına izin verin. Dünya bir kez daha sanat ve kültürün büyük hamilerine ihtiyaç duyuyor ve sana bakıyor.</Text>
    </Row>
  </BaseGameText>
</GameData>