﻿<?xml version="1.0" encoding="utf-8"?>
<GameData>
  <EnglishText>
    <!-- Stats -->
    <Row Tag="LOC_HOF_STAT_DIPLOMATIC_FAVOR">
      <Text>Diplomatik İyilik</Text>
    </Row>
    <Row Tag="LOC_HOF_STAT_SCIENCE_VP">
      <Text>Işık Yılları Yolculuğu</Text>
    </Row>
    <Row Tag="LOC_HOF_STAT_DIPLOMATIC_VP">
      <Text>Kazanılan Diplomatik Zafer Puanları</Text>
    </Row>
    <Row Tag="LOC_HOF_STAT_CO2">
      <Text>Salınan CO2</Text>
    </Row>
    <!-- Reports -->
    <Row Tag="LOC_HOF_REPORTS_DIPLOMATIC_FAVOR">
      <Text>Diplomatik İyilik</Text>
    </Row>
    <Row Tag="LOC_HOF_REPORTS_SCIENCE_VP">
      <Text>Işık Yılları Yolculuğu</Text>
    </Row>
    <Row Tag="LOC_HOF_REPORTS_DIPLOMATIC_VP">
      <Text>Diplomatik Zafer Puanları</Text>
    </Row>
    <Row Tag="LOC_HOF_REPORTS_CO2">
      <Text>Salınan CO2</Text>
    </Row>
    <!-- Graphs -->
    <Row Tag="LOC_HOF_GRAPH_DIPLOMATIC_FAVOR">
      <Text>Oyuncu Diplomatik İyilik</Text>
    </Row>
    <Row Tag="LOC_HOF_GRAPH_SCIENCE_VP">
      <Text>Işık Yılları Yolculuğu</Text>
    </Row>
    <Row Tag="LOC_HOF_GRAPH_DIPLOMATIC_VP">
      <Text>Kazanılan Diplomatik Zafer Puanları</Text>
    </Row>
    <Row Tag="LOC_HOF_GRAPH_CO2">
      <Text>Salınan CO2</Text>
    </Row>
  </EnglishText>
</GameData>