﻿<?xml version="1.0" encoding="utf-8"?>
<!-- edited with XMLSPY v2004 rel. 2 U (http://www.xmlspy.com) by Ed Beach (Firaxis Games) -->
<GameData>
  <EnglishText>
    <!--Shared Districts-->
    <Row Tag="LOC_DISTRICT_AQUEDUCT_DESCRIPTION">
      <Text>Bu şehre komşu bir Nehir, Göl, Vaha veya Dağdan tatlı su kaynağı sağlayan bir bölge. Henüz mevcut tatlı suyu olmayan şehirler 6'ya kadar [ICON_Housing] Konut alır. Halihazırda tatlı suyu olan şehirler bunun yerine +2 [ICON_Housing] Konut alır. Şehir Merkezine bitişik olarak inşa edilmelidir.</Text>
    </Row>
    <Row Tag="LOC_DISTRICT_AQUEDUCT_ALT_DESCRIPTION">
      <Text>Bu şehre komşu bir Nehir, Göl, Vaha veya Dağdan tatlı su kaynağı sağlayan bir bölge. Henüz mevcut tatlı suyu olmayan şehirler 6'ya kadar [ICON_Housing] Konut alır. Halihazırda tatlı suyu olan şehirler bunun yerine +2 [ICON_Housing] Konut alır. Bir Jeotermal Çatlağa bitişik inşa edilirse +1 [ICON_Amenities] İmkan. Kuraklık sırasında [ICON_Food] Gıda kaybını önler. Şehir Merkezine bitişik inşa edilmelidir. Askeri Mühendisler bir Su Kemeri üretiminin %20'sini tamamlamak için bir ücret harcayabilir.</Text>
    </Row>
    <Row Tag="LOC_DISTRICT_CANAL_NAME">
      <Text>Kanal</Text>
    </Row>
    <Row Tag="LOC_DISTRICT_CANAL_DESCRIPTION">
      <Text>İki su kütlesini veya bir su kütlesini bir Şehir Merkezine bağlamak için düz arazi üzerine inşa edilen bir bölge. [ICON_TradeRoute] İçinden geçen Ticaret Yolları, varış noktalarındaki bölgelerden elde ettikleri [ICON_Gold] Altını katlayabilirler. Kanallar altıgen boyunca düz gidebilir veya 60 derece kıvrılabilir. Ancak üç yönlü Kanal bağlantılarına izin verilmez ve Kanallar oluşturdukları su yolunun her iki tarafında tam bir kara karesine sahip olmalıdır. Askeri Mühendisler bir kanalın üretiminin %20'sini tamamlamak için bir ücret harcayabilir.</Text>
    </Row>
    <Row Tag="LOC_DISTRICT_DAM_NAME">
      <Text>Baraj</Text>
    </Row>
    <Row Tag="LOC_DISTRICT_DAM_DESCRIPTION">
      <Text>Bu nehir boyunca yaşam konforunu artırmak için Taşkın Yatakları karosu üzerine inşa edilmiş bir bölge. Bu nehrin taşmasından kaynaklanan hasarı önler (ancak taşmadan kaynaklanan verim %50 düşer). Kuraklık sırasında [ICON_Food] Gıda kaybını önler. Her nehrin taşkın yatağı boyunca sadece bir tane inşa edilebilir (hangi oyuncu önce tamamlarsa) ve nehir Baraj altıgeninin en az iki tarafından geçmelidir. Askeri Mühendisler bir Barajın üretiminin %20'sini tamamlamak için bir şarj harcayabilir.</Text>
    </Row>
    <Row Tag="LOC_DISTRICT_SPACEPORT_DESCRIPTION_XP2">
      <Text>Bilim Zaferi projelerini inşa etmesi gereken bir bölge. Buna {LOC_PROJECT_LAUNCH_EARTH_SATELLITE_NAME}, {LOC_PROJECT_LAUNCH_MOON_LANDING_NAME}, {LOC_PROJECT_LAUNCH_MARS_BASE_NAME} ve {LOC_PROJECT_LAUNCH_EXOPLANET_EXPEDITION_NAME} dahildir. Tepeler üzerine inşa edilemez.</Text>
    </Row>
    <!--Adjacency Bonuses-->
    <Row Tag="LOC_DISTRICT_DESERT_HILLS_FAITH">
      <Text>+{1_num} [ICON_Faith] Komşu Çöl Tepeleri'nden {1_Num : plural 1?tile; other?tiles;} gelen inanç.</Text>
    </Row>
    <Row Tag="LOC_DISTRICT_DESERT_FOOD">
      <Text>+{1_num} [ICON_FOOD] Bitişik Çölden {1_Num : plural 1?tile; other?tiles;} gelen yiyecekler.</Text>
    </Row>
    <Row Tag="LOC_DISTRICT_DESERT_HILLS_FOOD">
      <Text>+{1_num} [ICON_FOOD] Komşu Çöl Tepeleri'nden {1_Num : plural 1?tile; other?tiles;} gelen yiyecekler.</Text>
    </Row>
    <Row Tag="LOC_BUILDING_MACHU_PICCHU_GOLD">
      <Text>+{1_num} [ICON_GOLD] Bitişik Dağ'dan {1_Num : plural 1?tile; other?tiles;} altın.</Text>
    </Row>
    <Row Tag="LOC_BUILDING_MACHU_PICCHU_PRODUCTION">
      <Text>+{1_num} [ICON_PRODUCTION] Bitişik Dağ'dan {1_Num : plural 1?tile; other?tiles;} üretim.</Text>
    </Row>
    <Row Tag="LOC_BUILDING_MACHU_PICCHU_CULTURE">
      <Text>+{1_num} [ICON_CULTURE] Komşu Dağdan {1_Num : plural 1?tile; other?tiles;} kültür.</Text>
    </Row>
    <Row Tag="LOC_DISTRICT_GEOTHERMAL_SCIENCE">
      <Text>+{1_num} [ICON_SCIENCE] Her bir komşu Jeotermal Çatlaktan gelen bilim.</Text>
    </Row>
    <Row Tag="LOC_DISTRICT_REEF_SCIENCE">
      <Text>+{1_num} [ICON_SCIENCE] Her bir bitişik Resiften bilim.</Text>
    </Row>
    <Row Tag="LOC_DISTRICT_COTHON_GOLD">
      <Text>+{1_num} [ICON_Gold] Komşu Cothon bölgesinden altın.</Text>
    </Row>
    <Row Tag="LOC_DISTRICT_COTHON_DESCRIPTION_ADJACENCY">
      <Text>Bitişiklik: Majör [ICON_Gold] Bitişik her Şehir Merkezi için altın bonusu. Standart [ICON_Gold] Bitişik her kıyı kaynağı için altın bonusu. Minör [ICON_Gold] Bitişik bölge karoları için altın bonusu.</Text>
    </Row>
    <Row Tag="LOC_DISTRICT_HOLY_SITE_GOLD">
      <Text>+{1_num} [ICON_Gold] Bitişik Kutsal Alan bölgesinden altın.</Text>
    </Row>
    <Row Tag="LOC_DISTRICT_LAVRA_GOLD">
      <Text>+{1_num} [ICON_Gold] Komşu Lavra bölgesinden altın.</Text>
    </Row>
    <Row Tag="LOC_DISTRICT_SUGUBA_DESCRIPTION_ADJACENCY">
      <Text>Bitişiklik: Majör [ICON_Gold] Bitişik her Kutsal Alan için altın bonusu. Majör [ICON_Gold] Nehir kenarı içeren bir kareden altın bonusu. Minör [ICON_Gold] Bitişik bölge karoları için altın bonusu.</Text>
    </Row>
    <Row Tag="LOC_DISTRICT_MINES_HALF_PRODUCTION">
      <Text>+{1_num} [ICON_Production] Bitişik Madenlerden Üretim.</Text>
    </Row>
    <Row Tag="LOC_DISTRICT_LUMBER_MILL_PRODUCTION">
      <Text>+{1_num} [ICON_Production] Bitişik Kereste Fabrikalarından Üretim.</Text>
    </Row>
    <Row Tag="LOC_DISTRICT_AQUEDUCT_PRODUCTION">
      <Text>+{1_num} [ICON_PRODUCTION] Bitişik Su Kemerinden {1_Num : plural 2?district; other?districts;} üretim.</Text>
    </Row>
    <Row Tag="LOC_DISTRICT_BATH_PRODUCTION">
      <Text>+{1_num} [ICON_PRODUCTION] Bitişik Banyo'dan {1_Num : plural 2?district; other?districts;} üretim.</Text>
    </Row>
    <Row Tag="LOC_DISTRICT_CANAL_PRODUCTION">
      <Text>+{1_num} [ICON_PRODUCTION] Bitişik Kanaldan {1_Num : plural 2?district; other?districts;} üretim.</Text>
    </Row>
    <Row Tag="LOC_DISTRICT_DAM_PRODUCTION">
      <Text>+{1_num} [ICON_PRODUCTION] Bitişik Barajdan {1_Num : plural 2?district; other?districts;} üretim.</Text>
    </Row>
    <Row Tag="LOC_DISTRICT_STRATEGIC_PRODUCTION">
      <Text>+{1_num} [ICON_PRODUCTION] Komşu Stratejik {1_Num : plural 1?resource; other?resources;}'ten üretim.</Text>
    </Row>
    <Row Tag="LOC_DISTRICT_HANSA_DESCRIPTION_ADJACENCY">
      <Text>Bitişiklik: Bir Ticari Merkez bölgesine bitişikse Major [ICON_Production] Üretim bonusu. Standart [ICON_Production] Bitişik her kaynak için üretim bonusu. Minör [ICON_Production] Bitişik bölge karoları için üretim bonusu.</Text>
    </Row>
    <!--Projects-->
    <Row Tag="LOC_PROJECT_COTHON_CAPITAL_MOVE_NAME">
      <Text>Sermayeyi Taşı</Text>
    </Row>
    <Row Tag="LOC_PROJECT_COTHON_CAPITAL_MOVE_SHORT_NAME">
      <Text>Sermayeyi Taşı</Text>
    </Row>
    <Row Tag="LOC_PROJECT_COTHON_CAPITAL_MOVE_DESCRIPTION">
      <Text>Fenike'ye özgü proje, Cothon'u olan her şehirde kullanılabilir. Tamamlandığında Fenike [ICON_Capital] Başkenti bu şehre taşınır.</Text>
    </Row>
    <Row Tag="LOC_PROJECT_CARBON_RECAPTURE_NAME">
      <Text>Karbon Geri Kazanımı</Text>
    </Row>
    <Row Tag="LOC_PROJECT_CARBON_RECAPTURE_SHORT_NAME">
      <Text>Karbon Geri Kazanımı</Text>
    </Row>
    <Row Tag="LOC_PROJECT_CARBON_RECAPTURE_DESCRIPTION">
      <Text>Sanayi Bölgesi olan herhangi bir şehirde çalıştırılabilir. Tamamlandığında, bu uygarlığın yaşam boyu karbon emisyonları 50 azaltılır ve 30 [ICON_FAVOR] Diplomatik İyilik kazanılır. Bu proje karbon borcunuzu sıfıra indirebilir ve küresel CO2 ayak izine karşı indirim biriktirmenizi sağlayabilir.</Text>
    </Row>
    <Row Tag="LOC_PROJECT_CONVERT_REACTOR_TO_COAL">
      <Text>Kömür Enerjisine Geçiş</Text>
    </Row>
    <Row Tag="LOC_PROJECT_CONVERT_REACTOR_TO_COAL_SHORT_NAME">
      <Text>Kömür Enerjisine Geçiş</Text>
    </Row>
    <Row Tag="LOC_PROJECT_CONVERT_REACTOR_TO_COAL_DESCRIPTION">
      <Text>Bu şehirdeki mevcut Enerji Santralini devre dışı bırakır ve yerine {LOC_BUILDING_COAL_POWER_PLANT_NAME}[NEWLINE][NEWLINE]{LOC_BUILDING_COAL_POWER_PLANT_NAME}:[NEWLINE]{LOC_BUILDING_COAL_POWER_PLANT_DESCRIPTION}</Text>
    </Row>
    <Row Tag="LOC_PROJECT_CONVERT_REACTOR_TO_OIL">
      <Text>Petrol Gücüne Dönüştürme</Text>
    </Row>
    <Row Tag="LOC_PROJECT_CONVERT_REACTOR_TO_OIL_SHORT_NAME">
      <Text>Petrol Gücüne Dönüştürme</Text>
    </Row>
    <Row Tag="LOC_PROJECT_CONVERT_REACTOR_TO_OIL_DESCRIPTION">
      <Text>Bu şehirdeki mevcut Enerji Santralini devre dışı bırakır ve yerine {LOC_BUILDING_FOSSIL_FUEL_POWER_PLANT_NAME}[NEWLINE][NEWLINE]{LOC_BUILDING_FOSSIL_FUEL_POWER_PLANT_NAME}:[NEWLINE]{LOC_BUILDING_FOSSIL_FUEL_POWER_PLANT_DESCRIPTION}</Text>
    </Row>
    <Row Tag="LOC_PROJECT_CONVERT_REACTOR_TO_URANIUM">
      <Text>Nükleer Enerjiye Geçiş</Text>
    </Row>
    <Row Tag="LOC_PROJECT_CONVERT_REACTOR_TO_URANIUM_SHORT_NAME">
      <Text>Nükleer Enerjiye Geçiş</Text>
    </Row>
    <Row Tag="LOC_PROJECT_CONVERT_REACTOR_TO_URANIUM_DESCRIPTION">
      <Text>Bu şehirdeki mevcut Enerji Santralini devre dışı bırakır ve yerine {LOC_BUILDING_POWER_PLANT_EXPANSION2_NAME}[NEWLINE][NEWLINE]{LOC_BUILDING_POWER_PLANT_EXPANSION2_NAME}:[NEWLINE]{LOC_BUILDING_POWER_PLANT_EXPANSION2_DESCRIPTION}</Text>
    </Row>
    <Row Tag="LOC_PROJECT_LAUNCH_MARS_BASE_NAME">
      <Text>Mars Kolonisini Başlatın</Text>
    </Row>
    <Row Tag="LOC_PROJECT_LAUNCH_MARS_BASE_SHORT_NAME">
      <Text>Mars Kolonisini Başlatın</Text>
    </Row>
    <Row Tag="LOC_PROJECT_LAUNCH_MARS_BASE_DESCRIPTION">
      <Text>Mars yüzeyinde küçük bir insan üssü kuran Uzay Yarışı projesi. Bilim Zaferi'ne doğru atılan üçüncü adımı işaret ediyor.</Text>
    </Row>
    <Row Tag="LOC_PROJECT_LAUNCH_MARS_BASE_POPUP">
      <Text>Mars'ta başarıyla bir koloni kurdunuz! Bilim Zaferi'ne doğru atılan üçüncü adımı işaret ediyor.</Text>
    </Row>
    <Row Tag="LOC_PROJECT_LAUNCH_EXOPLANET_EXPEDITION_NAME">
      <Text>Dış Gezegen Keşif Gezisini Başlatın</Text>
    </Row>
    <Row Tag="LOC_PROJECT_LAUNCH_EXOPLANET_EXPEDITION_SHORT_NAME">
      <Text>Dış Gezegen Keşif Gezisi</Text>
    </Row>
    <Row Tag="LOC_PROJECT_LAUNCH_EXOPLANET_EXPEDITION_DESCRIPTION">
      <Text>İnsanlığı başka bir yıldız sistemine yaymak için her turda 1 Işık Yılı hızla derin uzayda seyahat eden Uzay Yarışı projesi. Vardığında Bilim Zaferi kazanır. Diğer projeler tarafından hızlandırılabilir.</Text>
    </Row>
    <Row Tag="LOC_PROJECT_LAUNCH_EXOPLANET_EXPEDITION_POPUP">
      <Text>Tohum geminiz başka bir yıldız sistemine doğru yola çıktı! Vardığında Bilim Zaferi kazanır. Her turda 1 Işık Yılı yol alır ve diğer projelerle hızlandırılabilir.</Text>
    </Row>
    <Row Tag="LOC_PROJECT_ORBITAL_LASER_NAME">
      <Text>Lagrange Lazer İstasyonunu Fırlatın</Text>
    </Row>
    <Row Tag="LOC_PROJECT_ORBITAL_LASER_SHORT_NAME">
      <Text>Lagrange Lazer İstasyonu</Text>
    </Row>
    <Row Tag="LOC_PROJECT_ORBITAL_LASER_DESCRIPTION">
      <Text>İnşaata başlamak için 30 [ICON_RESOURCE_ALUMINUM] Alüminyum gerekir. (Standart Hızda) Dış Gezegen Keşif Gezinizi tur başına +1 Işık Yılı hızlandırarak Bilim Zaferine doğru ilerlemenizi hızlandıran Uzay Yarışı projesi.</Text>
    </Row>
    <Row Tag="LOC_PROJECT_ORBITAL_LASER_POPUP">
      <Text>Yörüngede bir Lagrange Lazer İstasyonu kurarak Dış Gezegen Keşif geminizi tur başına 1 Işık Yılı hızlandırıyor ve sizi Bilim Zaferine yaklaştırıyorsunuz!</Text>
    </Row>
    <Row Tag="LOC_PROJECT_TERRESTRIAL_LASER_NAME">
      <Text>Karasal Lazer İstasyonu Kurun</Text>
    </Row>
    <Row Tag="LOC_PROJECT_TERRESTRIAL_LASER_SHORT_NAME">
      <Text>Karasal Lazer İstasyonu</Text>
    </Row>
    <Row Tag="LOC_PROJECT_TERRESTRIAL_LASER_DESCRIPTION">
      <Text>Tamamlandığında, bu şehrin [ICON_Power] Güç gereksinimleri 5 artar. Şehir [ICON_Power] Güçlendirildiği sürece Dış Gezegen Keşif Gezinizi tur başına +1 Işık Yılı hızlandıran Uzay Yarışı projesi, Bilim Zaferine doğru ilerlemenizi hızlandırır.</Text>
    </Row>
    <Row Tag="LOC_PROJECT_TERRESTRIAL_LASER_POPUP">
      <Text>Uzay Limanına bir Karasal Lazer İstasyonu kurarak Dış Gezegen Keşif geminizi tur başına 1 Işık Yılı hızlandırıyor ve sizi Bilim Zaferine yaklaştırıyorsunuz!</Text>
    </Row>
    <Row Tag="LOC_PROJECT_SEND_AID_NAME">
      <Text>Yardım Gönderin</Text>
    </Row>
    <Row Tag="LOC_PROJECT_SEND_AID_SHORT_NAME">
      <Text>Yardım Gönderin</Text>
    </Row>
    <Row Tag="LOC_PROJECT_SEND_AID_DESCRIPTION">
      <Text>Yardım Talebi yarışmalarınız için puan kazanma projesi.</Text>
    </Row>
    <Row Tag="LOC_PROJECT_SEND_AID_POPUP">
      <Text>Yardım paketiniz teslim edildi ve Yardım Talebi yarışmasındaki puanınız arttı.</Text>
    </Row>
    <Row Tag="LOC_PROJECT_TRAIN_ATHLETES_NAME">
      <Text>Sporcuları Eğitin</Text>
    </Row>
    <Row Tag="LOC_PROJECT_TRAIN_ATHLETES_SHORT_NAME">
      <Text>Sporcuları Eğitin</Text>
    </Row>
    <Row Tag="LOC_PROJECT_TRAIN_ATHLETES_DESCRIPTION">
      <Text>Dünya Oyunları yarışması için puan kazanma projesi.</Text>
    </Row>
    <Row Tag="LOC_PROJECT_TRAIN_ATHLETES_POPUP">
      <Text>Sporcularınız artık oyunlara hazır ve Dünya Oyunu yarışmasında puanınızı artırıyor.</Text>
    </Row>
    <Row Tag="LOC_PROJECT_TRAIN_ASTRONAUTS_NAME">
      <Text>Astronotları Eğitin</Text>
    </Row>
    <Row Tag="LOC_PROJECT_TRAIN_ASTRONAUTS_SHORT_NAME">
      <Text>Astronotları Eğitin</Text>
    </Row>
    <Row Tag="LOC_PROJECT_TRAIN_ASTRONAUTS_DESCRIPTION">
      <Text>Uluslararası Uzay İstasyonu yarışması için puan kazanma projesi.</Text>
    </Row>
    <Row Tag="LOC_PROJECT_TRAIN_ASTRONAUTS_POPUP">
      <Text>Astronotlarınız Uluslararası Uzay İstasyonu'nda çalışmaya hazır, Uluslararası Uzay İstasyonu yarışmasında puanınızı artırın.</Text>
    </Row>
    <Row Tag="LOC_PROJECT_ENHANCE_DISTRICT_HOLY_SITE_EXPANSION2_DESCRIPTION">
      <Text>Her turda [ICON_Faith] İnanç ve +%100 Dini Baskı sağlayan bölge tabanlı proje. Tamamlandığında [ICON_GreatProphet] Büyük Peygamber puanı verir.</Text>
    </Row>
    <Row Tag="LOC_PROJECT_ENHANCE_DISTRICT_INDUSTRIAL_ZONE_EXPANSION2_DESCRIPTION">
      <Text>Aktifken bu şehre tam [ICON_Power] Güç sağlayan bölge tabanlı proje. Ayrıca tamamlandığında [ICON_GreatEngineer] Büyük Mühendis puanı sağlar.</Text>
    </Row>
    <Row Tag="LOC_PROJECT_RECOMMISSION_REACTOR_NAME">
      <Text>Nükleer Reaktörün Yeniden Devreye Alınması</Text>
    </Row>
    <Row Tag="LOC_PROJECT_RECOMMISSION_REACTOR_SHORT_NAME">
      <Text>Nükleer Reaktörün Yeniden Devreye Alınması</Text>
    </Row>
    <Row Tag="LOC_PROJECT_RECOMMISSION_REACTOR_DESCRIPTION">
      <Text>Güvenlik önlemlerini artırmak ve nükleer kaza riskini azaltmak için bir nükleer reaktörün yeniden devreye alınmasına izin verir.[NEWLINE][NEWLINE]Yeniden devreye alma, reaktör yaşını 0'a sıfırlar. Bir reaktör ne kadar yaşlanırsa, Nükleer Kaza meydana gelme olasılığı o kadar artar.</Text>
    </Row>
    <Row Tag="LOC_PROJECT_DECOMMISSION_COAL_POWER_PLANT_NAME">
      <Text>Kömür Santralinin Hizmetten Çıkarılması</Text>
    </Row>
    <Row Tag="LOC_PROJECT_DECOMMISSION_COAL_POWER_PLANT_SHORT_NAME">
      <Text>Kömür Santralinin Hizmetten Çıkarılması</Text>
    </Row>
    <Row Tag="LOC_PROJECT_DECOMMISSION_COAL_POWER_PLANT_DESCRIPTION">
      <Text>İklim Anlaşmaları yarışması için puan kazanma projesi. Kömür Santralini ve tüm etkilerini bu şehirden kaldırır.</Text>
    </Row>
    <Row Tag="LOC_PROJECT_DECOMMISSION_OIL_POWER_PLANT_NAME">
      <Text>Petrol Santralinin Hizmetten Çıkarılması</Text>
    </Row>
    <Row Tag="LOC_PROJECT_DECOMMISSION_OIL_POWER_PLANT_SHORT_NAME">
      <Text>Petrol Santralinin Hizmetten Çıkarılması</Text>
    </Row>
    <Row Tag="LOC_PROJECT_DECOMMISSION_OIL_POWER_PLANT_DESCRIPTION">
      <Text>İklim Anlaşmaları yarışması için puan kazanma projesi. Petrol Santralini ve tüm etkilerini bu şehirden kaldırır.</Text>
    </Row>
    <Row Tag="LOC_PROJECT_DECOMMISSION_NUCLEAR_POWER_PLANT_NAME">
      <Text>Nükleer Güç Santralinin Hizmetten Çıkarılması</Text>
    </Row>
    <Row Tag="LOC_PROJECT_DECOMMISSION_NUCLEAR_POWER_PLANT_SHORT_NAME">
      <Text>Nükleer Güç Santralinin Hizmetten Çıkarılması</Text>
    </Row>
    <Row Tag="LOC_PROJECT_DECOMMISSION_NUCLEAR_POWER_PLANT_DESCRIPTION">
      <Text>İklim Anlaşmaları yarışması için puan kazanma projesi. Nükleer Santrali ve tüm etkilerini bu şehirden kaldırır.</Text>
    </Row>
    <Row Tag="LOC_DISTRICT_ENTERTAINMENT_CULTURE">
      <Text>+{1_num} [ICON_Culture] Komşu Eğlence Kompleksi bölgesinden kültür.</Text>
    </Row>
    <Row Tag="LOC_DISTRICT_WATER_PARK_CULTURE">
      <Text>+{1_num} [ICON_Culture] Komşu Su Parkı bölgesinden kültür.</Text>
    </Row>
    <Row Tag="LOC_DISTRICT_STREET_CARNIVAL_CULTURE">
      <Text>+{1_num} [ICON_Culture] Bitişik Sokak Karnavalı bölgesinden kültür.</Text>
    </Row>
    <Row Tag="LOC_DISTRICT_COPACABANA_CULTURE">
      <Text>+{1_num} [ICON_Culture] Komşu Copacabana bölgesinden kültür.</Text>
    </Row>
  </EnglishText>
</GameData>