﻿<?xml version="1.0" encoding="utf-8"?>
<GameData>
  <EnglishText>
    <!--Moments-->
    <Row Tag="LOC_MOMENT_CITY_BUILT_NEAR_FLOODABLE_RIVER">
      <Text>Taşkın Yapılabilir Nehir Yakınında Şehir</Text>
    </Row>
    <Row Tag="LOC_MOMENT_CITY_BUILT_NEAR_FLOODABLE_RIVER_DESCRIPTION">
      <Text>Bir şehir, taşma ihtimali olan bir nehrin 2 karo yakınına yerleştirilir.</Text>
    </Row>
    <Row Tag="LOC_MOMENT_CITY_BUILT_NEAR_FLOODABLE_RIVER_INSTANCE_DESCRIPTION">
      <Text>{CityName} sakinleri yeni evlerine alışır ve yakındaki nehre dikkatle bakarlar.</Text>
    </Row>
    <Row Tag="LOC_MOMENT_CITY_BUILT_NEAR_VOLCANO">
      <Text>Volcano yakınındaki şehir</Text>
    </Row>
    <Row Tag="LOC_MOMENT_CITY_BUILT_NEAR_VOLCANO_DESCRIPTION">
      <Text>Bir şehir, patlayabilecek bir yanardağın 2 karo yakınına yerleştirilir.</Text>
    </Row>
    <Row Tag="LOC_MOMENT_CITY_BUILT_NEAR_VOLCANO_INSTANCE_DESCRIPTION">
      <Text>"Bize bir şey olmaz," diyor {CityName} vatandaşları. "Bütün dağlar biraz dumanlıdır, değil mi?"</Text>
    </Row>
    <Row Tag="LOC_MOMENT_CITY_POWER_GENERATED_FROM_RESOURCE_FIRST">
      <Text>Güç için Tüketilen İlk Kaynak</Text>
    </Row>
    <Row Tag="LOC_MOMENT_CITY_POWER_GENERATED_FROM_RESOURCE_FIRST_DESCRIPTION">
      <Text>Uygarlığınız, şehirleri için [ICON_Power] Güç üretmek üzere bir kaynak tüketir.</Text>
    </Row>
    <Row Tag="LOC_MOMENT_CITY_POWER_GENERATED_FROM_RESOURCE_FIRST_INSTANCE_DESCRIPTION">
      <Text>Dalgalanan makineler ve yükselen dumanlar enerji üretimimizin başlangıcını işaret ediyor.</Text>
    </Row>
    <Row Tag="LOC_MOMENT_CITY_POWER_GENERATED_FROM_RESOURCE_FIRST_IN_WORLD">
      <Text>Dünyada Enerji İçin Tüketilen İlk Kaynak</Text>
    </Row>
    <Row Tag="LOC_MOMENT_CITY_POWER_GENERATED_FROM_RESOURCE_FIRST_IN_WORLD_DESCRIPTION">
      <Text>Uygarlığınız, şehirleri için Güç üretmek üzere dünyada bir kaynak tüketen ilk uygarlıktır.</Text>
    </Row>
    <Row Tag="LOC_MOMENT_CITY_POWER_GENERATED_FROM_RESOURCE_FIRST_IN_WORLD_INSTANCE_DESCRIPTION">
      <Text>Yükselen duman! Uğuldayan makineler! Doğanın gücü {LOC_GRAMMAR_CIVNAME &lt;&lt; {ActingPlayerCivName}} tarafından güç ve ilerleme uğruna kullanılıyor!</Text>
    </Row>
    <Row Tag="LOC_MOMENT_CLIMATE_CHANGE_PHASE">
      <Text>İklim Değişikliği Aşaması</Text>
    </Row>
    <Row Tag="LOC_MOMENT_CLIMATE_CHANGE_PHASE_DESCRIPTION">
      <Text>CO2 emisyonları dünya iklimini daha tehlikeli bir seviyeye getirecek kadar artmıştır.</Text>
    </Row>
    <Row Tag="LOC_MOMENT_CLIMATE_CHANGE_PHASE_INSTANCE_DESCRIPTION">
      <Text>Dünya {ClimateChangeName}'ye ulaşarak küresel çevre için korkunç sonuçlara neden olur.</Text>
    </Row>
    <Row Tag="LOC_MOMENT_DISTRICT_CONSTRUCTED_CANAL">
      <Text>Kanal Tamamlandı</Text>
    </Row>
    <Row Tag="LOC_MOMENT_DISTRICT_CONSTRUCTED_CANAL_DESCRIPTION">
      <Text>Uygarlığınızın ilk Kanal bölgesini tamamladınız.</Text>
    </Row>
    <Row Tag="LOC_MOMENT_DISTRICT_CONSTRUCTED_CANAL_INSTANCE_DESCRIPTION">
      <Text>{CityName}'nin açılışı Kanal yenilenmiş ticaret ve refah getiriyor.</Text>
    </Row>
    <Row Tag="LOC_MOMENT_GOVERNMENT_ENACTED_TIER_4_FIRST">
      <Text>Birinci Kademe 4. Hükümet</Text>
    </Row>
    <Row Tag="LOC_MOMENT_GOVERNMENT_ENACTED_TIER_4_FIRST_DESCRIPTION">
      <Text>Uygarlığınız ilk 4. Kademe Hükümetini kabul etti.</Text>
    </Row>
    <Row Tag="LOC_MOMENT_GOVERNMENT_ENACTED_TIER_4_FIRST_INSTANCE_DESCRIPTION">
      <Text>Halkımız siyasi sistemini geliştirmeye ve devrim niteliğindeki yeni {GovernmentType} hükümetini kurmaya devam etmektedir.</Text>
    </Row>
    <Row Tag="LOC_MOMENT_GOVERNMENT_ENACTED_TIER_4_FIRST_IN_WORLD">
      <Text>Dünyadaki İlk 4. Kademe Hükümet</Text>
    </Row>
    <Row Tag="LOC_MOMENT_GOVERNMENT_ENACTED_TIER_4_FIRST_IN_WORLD_DESCRIPTION">
      <Text>Sizin medeniyetiniz dünyada 4. Kademe Hükümeti benimseyen ilk medeniyettir.</Text>
    </Row>
    <Row Tag="LOC_MOMENT_GOVERNMENT_ENACTED_TIER_4_FIRST_IN_WORLD_INSTANCE_DESCRIPTION">
      <Text>{LOC_GRAMMAR_CIVNAME &lt;&lt; {ActingPlayerCivName}}'ün cesur insanları {GovernmentType}'in yeni bir siyasi sistemini geliştirerek yeni bir yönetim çağını başlattılar!</Text>
    </Row>
    <Row Tag="LOC_MOMENT_IMPROVEMENT_CONSTRUCTED_MOUNTAIN_TUNNEL_FIRST">
      <Text>Birinci Dağ Tüneli</Text>
    </Row>
    <Row Tag="LOC_MOMENT_IMPROVEMENT_CONSTRUCTED_MOUNTAIN_TUNNEL_FIRST_DESCRIPTION">
      <Text>Uygarlığınız ilk Dağ Tünelini inşa ediyor.</Text>
    </Row>
    <Row Tag="LOC_MOMENT_IMPROVEMENT_CONSTRUCTED_MOUNTAIN_TUNNEL_FIRST_INSTANCE_DESCRIPTION">
      <Text>Oturun ve size John Henry'nin {LOC_GRAMMAR_CIVNAME &lt;&lt; {ActingPlayerCivName}}'te ilk dağ tünelini nasıl kazdığını anlatan türküyü söyleyeyim.</Text>
    </Row>
    <Row Tag="LOC_MOMENT_IMPROVEMENT_CONSTRUCTED_MOUNTAIN_TUNNEL_FIRST_IN_WORLD">
      <Text>Dünyanın İlk Dağ Tüneli</Text>
    </Row>
    <Row Tag="LOC_MOMENT_IMPROVEMENT_CONSTRUCTED_MOUNTAIN_TUNNEL_FIRST_IN_WORLD_DESCRIPTION">
      <Text>Sizin uygarlığınız dünyada bir Dağ Tüneli inşa eden ilk uygarlık.</Text>
    </Row>
    <Row Tag="LOC_MOMENT_IMPROVEMENT_CONSTRUCTED_MOUNTAIN_TUNNEL_FIRST_IN_WORLD_INSTANCE_DESCRIPTION">
      <Text>Dağlar {LOC_GRAMMAR_CIVNAME &lt;&lt; {ActingPlayerCivName}} halkı için engel değildir, çünkü onlar dünyada dağların içinden tünel inşa eden ilk halktır.</Text>
    </Row>
    <Row Tag="LOC_MOMENT_IMPROVEMENT_CONSTRUCTED_ON_DISASTER_YIELD_TILE_FIRST">
      <Text>Doğal Afet Sonrası İlk İyileştirme</Text>
    </Row>
    <Row Tag="LOC_MOMENT_IMPROVEMENT_CONSTRUCTED_ON_DISASTER_YIELD_TILE_FIRST_DESCRIPTION">
      <Text>Uygarlığınız ilk gelişimini doğal bir felaketle zenginleşen bir karo üzerine inşa ediyor.</Text>
    </Row>
    <Row Tag="LOC_MOMENT_IMPROVEMENT_CONSTRUCTED_ON_DISASTER_YIELD_TILE_FIRST_INSTANCE_DESCRIPTION">
      <Text>{LOC_GRAMMAR_CIVNAME &lt;&lt; {ActingPlayerCivName}}'ün uyum sağlayabilen insanları, doğal bir felaketin ardından, yenilenen araziden faydalanarak inşaat yaparlar.</Text>
    </Row>
    <Row Tag="LOC_MOMENT_IMPROVEMENT_CONSTRUCTED_RENEWABLE_ENERGY_FIRST">
      <Text>İlk Yeşil İyileştirme</Text>
    </Row>
    <Row Tag="LOC_MOMENT_IMPROVEMENT_CONSTRUCTED_RENEWABLE_ENERGY_FIRST_DESCRIPTION">
      <Text>Uygarlığınız yenilenebilir [ICON_Power] Güç sağlamaya adanmış ilk karo iyileştirmesini inşa eder.</Text>
    </Row>
    <Row Tag="LOC_MOMENT_IMPROVEMENT_CONSTRUCTED_RENEWABLE_ENERGY_FIRST_INSTANCE_DESCRIPTION">
      <Text>Artık temiz enerji üretmek için bu {ImprovementType}'ü inşa ettiğimize göre, belki de {CityName}'ün dumanı dağılmaya başlayacaktır.</Text>
    </Row>
    <Row Tag="LOC_MOMENT_IMPROVEMENT_CONSTRUCTED_RENEWABLE_ENERGY_FIRST_IN_WORLD">
      <Text>Dünyadaki İlk Yeşil İyileştirme</Text>
    </Row>
    <Row Tag="LOC_MOMENT_IMPROVEMENT_CONSTRUCTED_RENEWABLE_ENERGY_FIRST_IN_WORLD_DESCRIPTION">
      <Text>Medeniyetiniz, dünyada yenilenebilir [ICON_Power] Güç sağlamaya adanmış bir karo iyileştirmesi inşa eden ilk medeniyettir.</Text>
    </Row>
    <Row Tag="LOC_MOMENT_IMPROVEMENT_CONSTRUCTED_RENEWABLE_ENERGY_FIRST_IN_WORLD_INSTANCE_DESCRIPTION">
      <Text>{LOC_GRAMMAR_CIVNAME &lt;&lt; {ActingPlayerCivName}} vatandaşları {CityName} yakınlarındaki yeni {ImprovementType} binalarının açılışını kutlarken, güneş bulutların arasından sıyrılır. Gökyüzü şimdiden daha temiz görünüyor!</Text>
    </Row>
    <Row Tag="LOC_MOMENT_MITIGATED_COASTAL_FLOOD">
      <Text>Kıyı Taşkınları Azaltıldı</Text>
    </Row>
    <Row Tag="LOC_MOMENT_MITIGATED_COASTAL_FLOOD_DESCRIPTION">
      <Text>Sel Bariyeriniz bir kıyı selinden kaynaklanan yıkıcı hasarı önledi.</Text>
    </Row>
    <Row Tag="LOC_MOMENT_MITIGATED_COASTAL_FLOOD_INSTANCE_DESCRIPTION">
      <Text>Yükselen denizler {CityName}'ye çarpıyor Sel Bariyeri, ama şehir güvende.</Text>
    </Row>
    <Row Tag="LOC_MOMENT_MITIGATED_RIVER_FLOOD">
      <Text>Nehir Taşkını Azaltıldı</Text>
    </Row>
    <Row Tag="LOC_MOMENT_MITIGATED_RIVER_FLOOD_DESCRIPTION">
      <Text>İnşa ettiğiniz altyapı bir nehir taşkınının zarar vermesini önledi.</Text>
    </Row>
    <Row Tag="LOC_MOMENT_MITIGATED_RIVER_FLOOD_INSTANCE_DESCRIPTION">
      <Text>{RiverName}'nin suları yükseldi, ancak öngörümüz çevredeki topraklarda sel baskınlarını önledi.</Text>
    </Row>
    <Row Tag="LOC_MOMENT_PLAYER_EARNED_DIPLOMATIC_VICTORY_POINT">
      <Text>Kazanılan Diplomatik Zafer Kararı</Text>
    </Row>
    <Row Tag="LOC_MOMENT_PLAYER_EARNED_DIPLOMATIC_VICTORY_POINT_DESCRIPTION">
      <Text>Diplomatik Zafer kararını kazandınız ve Zafer Puanı kazandınız.</Text>
    </Row>
    <Row Tag="LOC_MOMENT_PLAYER_EARNED_DIPLOMATIC_VICTORY_POINT_INSTANCE_DESCRIPTION">
      <Text>Dünya medeniyetlerinin saygısını kazandık ve düşmanlarımız bile bu gerçeği kabul etmelidir.</Text>
    </Row>
    <Row Tag="LOC_MOMENT_PROJECT_FOUNDED_EXOPLANET">
      <Text>Dış Gezegen Keşif Gezisi Başlatıldı</Text>
    </Row>
    <Row Tag="LOC_MOMENT_PROJECT_FOUNDED_EXOPLANET_DESCRIPTION">
      <Text>Uygarlığınızın uzak bir gezegene keşif gezisini başlattınız.</Text>
    </Row>
    <Row Tag="LOC_MOMENT_PROJECT_FOUNDED_EXOPLANET_INSTANCE_DESCRIPTION">
      <Text>Uzak bir gezegene yaptığımız keşif gezisi yörüngeden ayrılırken, halkımız gözleri yaşlarla dolu umut dolu gözlerle izliyor.</Text>
    </Row>
    <Row Tag="LOC_MOMENT_PROJECT_FOUNDED_EXOPLANET_FIRST_IN_WORLD">
      <Text>Dünyanın İlk Dış Gezegen Keşif Gezisi Başladı</Text>
    </Row>
    <Row Tag="LOC_MOMENT_PROJECT_FOUNDED_EXOPLANET_FIRST_IN_WORLD_DESCRIPTION">
      <Text>Dünyada uzak bir gezegene keşif gezisi düzenleyen ilk kişisiniz.</Text>
    </Row>
    <Row Tag="LOC_MOMENT_PROJECT_FOUNDED_EXOPLANET_FIRST_IN_WORLD_INSTANCE_DESCRIPTION">
      <Text>{LOC_GRAMMAR_CIVNAME &lt;&lt; {ActingPlayerCivName}} uzay gemisi dünyanın yerçekiminden sıyrılarak insan, malzeme ve umutla dolu uzak bir dünyaya yerleşmek üzere yola çıkar.</Text>
    </Row>
    <Row Tag="LOC_MOMENT_ROUTE_CREATED_RAILROAD_CONNECTS_TWO_CITIES">
      <Text>İlk Demiryolu Bağlantısı</Text>
    </Row>
    <Row Tag="LOC_MOMENT_ROUTE_CREATED_RAILROAD_CONNECTS_TWO_CITIES_DESCRIPTION">
      <Text>Uygarlığınız iki şehrinizi birbirine bağlamak için ilk demiryolunu inşa ediyor.</Text>
    </Row>
    <Row Tag="LOC_MOMENT_ROUTE_CREATED_RAILROAD_CONNECTS_TWO_CITIES_INSTANCE_DESCRIPTION">
      <Text>{CityName} &amp; {OtherCityName} Demiryolu şehirlerimizi başarıyla birbirine bağlıyor.</Text>
    </Row>
    <Row Tag="LOC_MOMENT_ROUTE_CREATED_RAILROAD_CONNECTS_TWO_CITIES_FIRST_IN_WORLD">
      <Text>Dünyadaki İlk Demiryolu Bağlantısı</Text>
    </Row>
    <Row Tag="LOC_MOMENT_ROUTE_CREATED_RAILROAD_CONNECTS_TWO_CITIES_FIRST_IN_WORLD_DESCRIPTION">
      <Text>Medeniyetiniz, dünyadaki iki şehrini birbirine bağlamak için bir Demiryolu inşa eden ilk medeniyettir.</Text>
    </Row>
    <Row Tag="LOC_MOMENT_ROUTE_CREATED_RAILROAD_CONNECTS_TWO_CITIES_FIRST_IN_WORLD_INSTANCE_DESCRIPTION">
      <Text>Bir çekiç altın bir çiviyi yerine çakıyor, kalabalık alkışlıyor, çünkü {LOC_GRAMMAR_CIVNAME &lt;&lt; {ActingPlayerCivName}} halkı {CityName} ile {OtherCityName} arasında dünyanın ilk demiryolunu tamamladı!</Text>
    </Row>
    <Row Tag="LOC_MOMENT_UNIT_TOURISM_BOMB">
      <Text>İlk Rock Grubu Konseri</Text>
    </Row>
    <Row Tag="LOC_MOMENT_UNIT_TOURISM_BOMB_DESCRIPTION">
      <Text>Medeniyetiniz ilk Rock Band konserini gerçekleştiriyor.</Text>
    </Row>
    <Row Tag="LOC_MOMENT_UNIT_TOURISM_BOMB_INSTANCE_DESCRIPTION">
      <Text>{LOC_GRAMMAR_CIVNAME &lt;&lt; {ActingPlayerCivName}}'ten dünyaca ünlü grup, mutlu hayranlarından oluşan büyük bir kalabalığa ilk kez sahneye çıkıyor.</Text>
    </Row>
    <Row Tag="LOC_MOMENT_UNIT_TOURISM_BOMB_FIRST_IN_WORLD">
      <Text>Dünyadaki İlk Rock Grubu Konseri</Text>
    </Row>
    <Row Tag="LOC_MOMENT_UNIT_TOURISM_BOMB_FIRST_IN_WORLD_DESCRIPTION">
      <Text>Medeniyetiniz dünyada bir Rock Band konseri gerçekleştiren ilk medeniyettir.</Text>
    </Row>
    <Row Tag="LOC_MOMENT_UNIT_TOURISM_BOMB_FIRST_IN_WORLD_INSTANCE_DESCRIPTION">
      <Text>{LOC_GRAMMAR_CIVNAME &lt;&lt; {ActingPlayerCivName}} grubu bir çağı tanımlayacak bir konserde sahne alırken büyük kalabalık alkışlıyor.</Text>
    </Row>
    <Row Tag="LOC_MOMENT_WORLD_CONGRESS_RESOLUTION_BID_SUCCESSFUL">
      <Text>Dünya Kongresi Karar Teklifi Kazanıldı</Text>
    </Row>
    <Row Tag="LOC_MOMENT_WORLD_CONGRESS_RESOLUTION_BID_SUCCESSFUL_DESCRIPTION">
      <Text>Bir Kararın teklifini başarıyla kazandınız ve sonucunu belirleyebilirsiniz.</Text>
    </Row>
    <Row Tag="LOC_MOMENT_WORLD_CONGRESS_RESOLUTION_BID_SUCCESSFUL_INSTANCE_DESCRIPTION">
      <Text>Bir Karar için başarılı bir şekilde teklif vererek, Dünya Kongresinde iktidara giden ilk adımı atmış oluruz: Dünyanın önceliklerini şekillendirme kapasitesi.</Text>
    </Row>
    <Row Tag="LOC_MOMENT_WORLD_CONGRESS_RESOLUTION_VOTE_SUCCESSFUL_AS_ONLY_VOTER">
      <Text>Dünya Kongresi Karar Oylaması Tek Başına Kazanıldı</Text>
    </Row>
    <Row Tag="LOC_MOMENT_WORLD_CONGRESS_RESOLUTION_VOTE_SUCCESSFUL_AS_ONLY_VOTER_DESCRIPTION">
      <Text>Oy veren tek kişi olmanıza rağmen, seçtiğiniz Karar Tasarısı değerlendirilmek üzere Dünya Kongresine sunuldu.</Text>
    </Row>
    <Row Tag="LOC_MOMENT_WORLD_CONGRESS_RESOLUTION_VOTE_SUCCESSFUL_AS_ONLY_VOTER_INSTANCE_DESCRIPTION">
      <Text>Bu Kararın alınmasında tek oy kullanmamız, medeniyetimizin Dünya Kongresi'nin gerçekten vazgeçilmez bir üyesi olduğunu göstermektedir.</Text>
    </Row>
    <!--Updates to old Moments-->
    <Row Tag="LOC_MOMENT_PROJECT_FOUNDED_MARS_XP2">
      <Text>Mars Kolonisi Kuruldu</Text>
    </Row>
    <Row Tag="LOC_MOMENT_PROJECT_FOUNDED_MARS_DESCRIPTION_XP2">
      <Text>Mars'ta bir koloni kurdunuz.</Text>
    </Row>
    <Row Tag="LOC_MOMENT_PROJECT_FOUNDED_MARS_INSTANCE_DESCRIPTION_XP2">
      <Text>Elbette, herkes Mars'ta bir varlık kurabilir. Ama bizim kolonimiz en iyisi.</Text>
    </Row>
    <Row Tag="LOC_MOMENT_PROJECT_FOUNDED_MARS_FIRST_IN_WORLD_XP2">
      <Text>Dünyanın İlk Mars Kolonisi Kuruldu</Text>
    </Row>
    <Row Tag="LOC_MOMENT_PROJECT_FOUNDED_MARS_FIRST_IN_WORLD_DESCRIPTION_XP2">
      <Text>Dünyada Mars'ta bir koloni kuran ilk kişisiniz.</Text>
    </Row>
    <Row Tag="LOC_MOMENT_PROJECT_FOUNDED_MARS_FIRST_IN_WORLD_INSTANCE_DESCRIPTION_XP2">
      <Text>Bir mühendis, kolonistleri yeni bir hayata taşıyan roketin fırlatma rampasından fırlayışını izliyor. "Bu gerçekten oluyor," diyor. "Mars'a gidiyoruz."</Text>
    </Row>
    <Row Tag="LOC_MOMENT_IMPROVEMENT_CONSTRUCTED_FIRST_UNIQUE_DESCRIPTION_XP2">
      <Text>İnşaatçılarınız bu benzersiz karo iyileştirmesini ilk kez inşa etti.</Text>
    </Row>
    <!--Commemorations-->
    <Row Tag="LOC_MOMENT_CATEGORY_AERONAUTICAL_BONUS_EXPANSION2_GOLDEN_AGE">
      <Text>Gökyüzü ve Yıldızlar Altın Çağı:[NEWLINE]Bilgi Çağındaysanız Uydular, Nükleer Füzyon ve Nanoteknoloji için [ICON_TechBoosted] Eureka'ları açar. Gelecek Çağda seçildiğinde Akıllı Malzemeler, Öngörücü Sistemler ve Dünya Dışı Görev için [ICON_TechBoosted] Eureka'ların kilidi açılır. Tüm Hava Birimleri için +%100 XP kazanılır. Alüminyum madenleri tur başına +2 daha fazla kaynak biriktirir.</Text>
    </Row>
    <Row Tag="LOC_ERA_REVIEW_POPUP_ERA_SCORE_NON_BARBARIAN_UNITS_KILLED_BY_GDR">
      <Text>Adanmışlık Bonusu: Dev Ölüm Robotları tarafından öldürülen Barbar olmayan birimler(+[1]) her biri)</Text>
    </Row>
    <Row Tag="LOC_GDR_KILL_OPPONENT_NOTIFICATION">
      <Text>Barbar olmayan bir birimi Dev Ölüm Robotu ile yok ettiniz.</Text>
    </Row>
    <Row Tag="LOC_MOMENT_CATEGORY_AUTOMATON">
      <Text>Otomat Savaşı</Text>
    </Row>
    <Row Tag="LOC_MOMENT_CATEGORY_AUTOMATON_BONUS_GOLDEN_AGE">
      <Text>Automaton Warfare Altın Çağ:[NEWLINE]Başkentinizde bir Dev Ölüm Robotu kazanın. Tur başına 3 [ICON_Resource_Uranium] Uranyum alın. [ICON_Resource_Uranium] Uranyum madenleri tur başına +1 kaynak daha biriktirir.</Text>
    </Row>
    <Row Tag="LOC_MOMENT_CATEGORY_AUTOMATON_BONUS_NORMAL_AGE">
      <Text>Automaton Warfare Adanmışlık Bonusu:[NEWLINE]Barbar olmayan bir birimi Dev Ölüm Robotu ile her öldürdüğünüzde +1 Çağ Puanı kazanın.</Text>
    </Row>
    <Row Tag="LOC_MOMENT_CATEGORY_AUTOMATON_BONUS_DARK_AGE">
      <Text>Automaton Warfare Adanmışlık Bonusu:[NEWLINE]Barbar olmayan bir birimi Dev Ölüm Robotu ile her öldürdüğünüzde +1 Çağ Puanı kazanın.</Text>
    </Row>
  </EnglishText>
</GameData>