﻿<?xml version="1.0" encoding="utf-8"?>
<GameData>
  <EnglishText>
    <!-- leaders -->
    <Row Tag="LOC_PEDIA_LEADERS_PAGE_LEADER_JULIUS_CAESAR_TITLE">
      <Text>Julius Caesar</Text>
    </Row>
    <Row Tag="LOC_PEDIA_LEADERS_PAGE_LEADER_JULIUS_CAESAR_QUOTE">
      <Text>Geldim, gördüm, fethettim.</Text>
    </Row>
    <Row Tag="LOC_PEDIA_LEADERS_PAGE_LEADER_JULIUS_CAESAR_CHAPTER_HISTORY_PARA_1">
      <Text>Gelecekteki tüm diktatörler için bir sablon olan Julius Caesar, yerlesik bir oligarsiye karsi iktidara giden bir yol olarak siradan halkin ve ordunun destegini gelistiren askeri bir adamdi. Onun yükselisi Roma Cumhuriyeti'nin sonu ve Imparatorlugun baslangici oldu.</Text>
    </Row>
    <Row Tag="LOC_PEDIA_LEADERS_PAGE_LEADER_JULIUS_CAESAR_CHAPTER_HISTORY_PARA_2">
      <Text>Gens Julia'lar, kökenlerinin tanriça Venüs'e dayandigi iddiasina ragmen, patrici aileleri arasinda fazla bir yere sahip degillerdi. Nispeten uzak bir geçmiste soylu (yani pleb'in aksine patrici) mertebesine yükselmisler ancak Roma cumhuriyetinde önemsiz bir yere sahip olmuslardir. Julius Caesar'in hikâyesi, MÖ 85 yilinda ailenin basina geçmesiyle baslar ve hemen ardindan Caesar'in akrabasi Gaius Marius ile Lucius Sulla arasindaki kanli iç savasin yeni galibi tarafindan hedef alinir. Sezar ailesinin sahip oldugu az miktardaki mirasi ve Jüpiter'in rahibi olarak hizmet etme olanagini kaybeder. Nispeten az parasi olan Sezar orduya katildi. Bu seçim dramatik olacakti.</Text>
    </Row>
    <Row Tag="LOC_PEDIA_LEADERS_PAGE_LEADER_JULIUS_CAESAR_CHAPTER_HISTORY_PARA_3">
      <Text>Askeri kariyerinin ilk dönemlerinden bir olayda Sezar, Ege denizinde korsanlar tarafindan yakalanir. Adamlarla arkadas oldu ve onlari degerinden daha fazla para istemeye tesvik ederek, serbest kaldiginda onlari takip edip yok edecegi sakasini yapti. Adamlar onun tavsiyesine uydular... ve o da tehdidini hemen yerine getirdi.</Text>
    </Row>
    <Row Tag="LOC_PEDIA_LEADERS_PAGE_LEADER_JULIUS_CAESAR_CHAPTER_HISTORY_PARA_4">
      <Text>Kariyerinin ilk yillarinda Sezar, Senatörlük yolsuzluguna karsi çikan ve ordunun gözdesi olan biri olarak tanindi. Rütbeleri yükseldikçe, MÖ 59'da konsoloslugu kazanip Sezar ve iki güçlü müttefikinin ittifaki olan "triumvirligin" bir üyesi haline geldikçe, Sezar siradan halkin gözüne girdi, topraklarin yeniden dagitimini zorladi ve çatismalar çiktiginda askerleriyle soylulari tehdit etti. Bu ona düsman kazandirdi ve kendisini misillemeden korumak için Galya'nin bölünmüs bölgeleri üzerinde bir valilik elde etti. Bu hamle de onun gelecegini sekillendirecekti.</Text>
    </Row>
    <Row Tag="LOC_PEDIA_LEADERS_PAGE_LEADER_JULIUS_CAESAR_CHAPTER_HISTORY_PARA_5">
      <Text>Savas firsat demekti. Sezar, Galya Savaslari'nda Ambiorix de dahil olmak üzere Galya güçlerine karsi durmaksizin bastirdi. Ancak o uzaktayken, Sezar'in muhalifleri konsüllük seçimlerindeki usulsüzlükleri gerekçe göstererek evdeki destegini aktif bir sekilde baltaliyorlardi. Sezar'in bir zamanlar müttefiki olan Pompey tek basina kontrolü ele geçirdi ve senatörler her iki adama da silahlarini birakmalari ve böylece yasal bir düzeni yeniden tesis etmeleri çagrisinda bulundu. Ikisi de yapmadi. Daha da kötüsü, Sezar muzaffer lejyonlarini Galya'dan Roma'ya dogru geri yürütmeye basladi.</Text>
    </Row>
    <Row Tag="LOC_PEDIA_LEADERS_PAGE_LEADER_JULIUS_CAESAR_CHAPTER_HISTORY_PARA_6">
      <Text>Ve iste Rubicon nehri buradaydi. Roma'da aktif ordularin bulunmasi yasakti ve bu büyük nehri geçmek düsmanca bir hareketin isareti olacakti. Sezar alea icata est'i ilan etmeden önce burada durakladi. Nehri geçti ve tarihin akisini degistirdi. Iç savas patlak verdi, ancak Sezar'in askeri planlamasi rakibi Pompey'e üstünlük sagladi ve onu Italya'dan Ispanya ve Yunanistan'a kadar kovaladi. Roma'ya dönen Sezar diktatör olarak atandi. Bu, daha sonraki diktatörlerin taklit edecegi bir harekettir.</Text>
    </Row>
    <Row Tag="LOC_PEDIA_LEADERS_PAGE_LEADER_JULIUS_CAESAR_CHAPTER_HISTORY_PARA_7">
      <Text>Bir sonraki hamle gücü konsolide etmekti. Sezar, kurnazlik ve tehdit karisimiyla Senato'yu korkuttu ve ünlü bir sekilde Misir'da Kleopatra (sevgilisi oldu) adina müdahalede bulundu. Kamuoyu önündeki kisiligi halktan yana olsa da, hem esnaf loncalarinda hem de yasal reformlarda soylu olmayanlarin gücünü kisitladi. Roma'nin genislemesine saygi duyan Sezar, yasal haklari Italya'nin ötesine genisleterek ve yerel sehirlere uygun gördükleri sekilde yönetme konusunda daha fazla özgürlük taniyarak bir dereceye kadar ademi merkeziyetçilige izin verdi. Diktatörlügü hem gayri resmi gözdagina (Senato'nun birkaç hamlesini basitçe reddetti) hem de Senato tarafindan kendisine verilen yeni yasal yetkilere dayaniyordu.</Text>
    </Row>
    <Row Tag="LOC_PEDIA_LEADERS_PAGE_LEADER_JULIUS_CAESAR_CHAPTER_HISTORY_PARA_8">
      <Text>Burada Senato'nun gücü ciddi sekilde sarsilmis görünüyordu. Düsmanlarinin ona karsi komplo kurmasina sasmamali. Öyle de yaptilar. Sezar'in konusma yapacagi bir Senato toplantisinda, basta sözde dostu Brütüs tarafindan olmak üzere 23 kez biçaklandi. Biz Shakespeare'den "et tu, brute" sözünü bilsek de, son sözleri Yunanca'da "kai su, teknon" (sen de mi, çocuk?) olarak kaydedilmistir.</Text>
    </Row>
    <Row Tag="LOC_PEDIA_LEADERS_PAGE_LEADER_JULIUS_CAESAR_CHAPTER_HISTORY_PARA_9">
      <Text>Sonrasinda imparatorluk kargasaya sürüklendi. Kitleler hâlâ Sezar'in destegine sahipti ama artik general Antonius'un omuzlarindaydi ve müstakbel liderler Brutus ve Cassius kaçmak zorunda kaldi. Ayni zamanda Sezar'in evlatlik oglu Octavian yönetme hakkini talep etti ve böylece görünüste herkesin herkese karsi oldugu bir savas basladi. Kleopatra'ya siginan Antonius'un yani sira suikastçilar da yakalanip öldürüldü. Octavian Augustus Caesar olacakti.</Text>
    </Row>
    <Row Tag="LOC_PEDIA_LEADERS_PAGE_LEADER_JULIUS_CAESAR_CHAPTER_HISTORY_PARA_10">
      <Text>Sezar'in mirasi, askeri silahlarla birlesen popülizmin gücünü ve hirsin cüretini pekistirdi. Napolyon ve Bolivar gibi imparator adaylari ilhamlarini Sezar'dan aldilar ve kendilerini "Kayzer", "Car" veya "Kayser" olarak adlandiran monarsiler isimlerini toptan Roma imparatorundan aldilar.</Text>
    </Row>
    <Row Tag="LOC_PEDIA_LEADERS_PAGE_LEADER_JULIUS_CAESAR_CHAPTER_CAPSULE_BODY">
      <Text>Julius Caesar hem Barbarlari hem de karsit Medeniyetleri yok ederek haritanin her hex'ini fethetmek istiyor.</Text>
    </Row>
    <Row Tag="LOC_PEDIA_LEADERS_PAGE_LEADER_JULIUS_CAESAR_CHAPTER_DETAILED_BODY">
      <Text>Demir Isçiliginde Lejyonlarin kilidini açmak, artirilmis [ICON_Strength] Savas Güçleriyle zaferin anahtaridir. Ardindan Lejyonlari Barbar Kamplarini dagitmak ve rakip sehirleri fethetmek için ileriye götürün. Julius Caesar'in bu fetihler için ek [ICON_Gold] Altin kazanmasi, büyük bir imparatorluga ve orduya sahip olmasina yardimci olacaktir. "Tüm Yollar Roma'ya Cikar" yeteneginden ek [ICON_GOLD] Altin gelecek ve ek [Icon_amenities] Kolayliklar saglayan Hamamlarinizla kitleleri yatistirabilirsiniz. Askeri gücü, bir Hakimiyet Zaferi için en iyisidir.</Text>
    </Row>
  </EnglishText>
</GameData>