﻿<?xml version="1.0" encoding="utf-8"?>
<GameData>
  <EnglishText>
    <Row Tag="LOC_LEADER_JULIUS_CAESAR_NAME">
      <Text>Julius Caesar</Text>
    </Row>
    <Row Tag="LOC_TRAIT_LEADER_CAESAR_NAME">
      <Text>Veni, Vidi, Vici</Text>
    </Row>
    <Row Tag="LOC_TRAIT_LEADER_CAESAR_DESCRIPTION">
      <Text>Bir sehri ilk kez fethettiginizde +200 [ICON_GOLD] Altin veya bir Barbar Karakolundan [ICON_GOLD] Altin kazandiginizda +100 [ICON_GOLD] Altin. Her ikisi için de verilen [ICON_GOLD] Altin miktari, Celik arastirmasi yaptiktan sonra (Standart Hizda) +500 [ICON_GOLD] Altin olur.</Text>
    </Row>
    <Row Tag="LOC_LOADING_INFO_LEADER_JULIUS_CAESAR">
      <Text>Selam Sezar! General, asilzade ve Roma'nin diktatörü. Halkin - ve hirsin - çaglar boyunca seni çagiriyor. Karar verildi - ve ister azili düsmanlarin ister en yakin dostlarin olsun, hiç kimsenin vizyonuna karsi durmasina izin verme.</Text>
    </Row>
  </EnglishText>
</GameData>