﻿<?xml version="1.0" encoding="utf-8"?>
<!-- edited with XMLSPY v2004 rel. 2 U (http://www.xmlspy.com) by Ed Beach (Firaxis Games) -->
<GameData>
  <BaseGameText>
    <!-- Civ Info-->
    <Row Tag="LOC_CIVILIZATION_AUSTRALIA_NAME">
      <Text>Avustralya</Text>
    </Row>
    <Row Tag="LOC_TRAIT_CIVILIZATION_LAND_DOWN_UNDER_NAME">
      <Text>Yeraltındaki Ülke</Text>
    </Row>
    <Row Tag="LOC_TRAIT_CIVILIZATION_LAND_DOWN_UNDER_DESCRIPTION">
      <Text>+3 [ICON_Housing] Kıyı kentlerinde konut. Meralar bir Kültür Bombasını tetikler. Kampüslerden, Ticari Merkezlerden, Kutsal Alanlardan ve Tiyatro Meydanlarından elde edilen verim Büyüleyici Çekiciliğe sahip karolarda +1, Nefes Kesici'de +3'tür.</Text>
    </Row>
    <!-- Feature Info -->
    <Row Tag="LOC_FEATURE_ULURU_NAME">
      <Text>Uluru</Text>
    </Row>
    <Row Tag="LOC_FEATURE_ULURU_DESCRIPTION">
      <Text>Bir karelik geçilmez doğa harikası. Bitişik karelere +2 [ICON_CULTURE] Kültür ve +2 [ICON_FAITH] İnanç sağlar. Bitişik karelere normal +2 yerine +4 Cazibe sağlar.</Text>
    </Row>
    <!-- Improvement Info-->
    <Row Tag="LOC_IMPROVEMENT_OUTBACK_STATION_NAME">
      <Text>Outback İstasyonu</Text>
    </Row>
    <Row Tag="LOC_IMPROVEMENT_OUTBACK_STATION_DESCRIPTION">
      <Text>Avustralya'ya özgü bir Taşra İstasyonu inşa etmek için İnşaatçı yeteneğinin kilidini açar.[NEWLINE][NEWLINE]+1 [ICON_FOOD] Gıda ve +1 [ICON_PRODUCTION] Üretim. Bitişik her Mera için +1 [ICON_Food] Yiyecek. Bitişik Taşra İstasyonları ve Meralar için Teknoloji ve Yurttaşlık Ağacında ilerledikçe ilave [ICON_FOOD] Gıda ve [ICON_PRODUCTION] Üretim. Yalnızca Çöl, Çöl Tepeleri, Otlak ve Ova karolarında inşa edilebilir.</Text>
    </Row>
    <!-- Leader Info-->
    <Row Tag="LOC_LEADER_JOHN_CURTIN_NAME">
      <Text>John Curtin</Text>
    </Row>
    <Row Tag="LOC_LOADING_INFO_LEADER_JOHN_CURTIN">
      <Text>Başbakan Curtin, Avustralya'yı zorluklardan zorluklara sürükleyeceksiniz ve halkınız bundan daha da güçlenerek çıkacak. Diğerleri sizin gücünüz için dostluk arayacak. Bu dostlar sadık olduklarını kanıtlarlarsa, gücünüz ve korumanız sizi çok uzaklara taşıyacaktır. Ancak uyanık olun, çünkü saldırganlık sizin doğal yolunuz değildir.</Text>
    </Row>
    <Row Tag="LOC_TRAIT_LEADER_CITADEL_CIVILIZATION_NAME">
      <Text>Medeniyet Kalesi</Text>
    </Row>
    <Row Tag="LOC_TRAIT_LEADER_CITADEL_CIVILIZATION_DESCRIPTION">
      <Text>Son 10 turda savaş ilanı almışlarsa ya da son 20 turda bir şehri özgürleştirmişlerse +%100 [ICON_Production] Üretim.</Text>
    </Row>
    <!-- Unit Info-->
    <Row Tag="LOC_UNIT_DIGGER_NAME">
      <Text>Kazıcı</Text>
    </Row>
    <Row Tag="LOC_UNIT_DIGGER_DESCRIPTION">
      <Text>Piyadelerin yerini alan Avustralya'ya özgü Modern dönem birimi. Kıyı karolarında savaşırken +10 [ICON_Strength] Savaş Gücü. Tarafsız veya Yabancı Bölgede savaşırken +5 [ICON_Strength] Savaş Gücü.</Text>
    </Row>
    <Row Tag="LOC_ABILITY_DIGGER_NAME">
      <Text>Kazıcı</Text>
    </Row>
    <Row Tag="LOC_ABILITY_DIGGER_DESCRIPTION">
      <Text>Kıyı karolarında savaşırken +10 [ICON_Strength] Savaş Gücü. Tarafsız veya Yabancı Bölgede savaşırken +5 [ICON_Strength] Savaş Gücü.</Text>
    </Row>
    <Row Tag="LOC_ABILITY_DIGGER_BONUS_ON_COAST_DESCRIPTION">
      <Text>+{1_Amount} Kıyı karolarında Savaş Gücü</Text>
    </Row>
    <Row Tag="LOC_ABILITY_DIGGER_NON_DOMESTIC_BONUS_DESCRIPTION">
      <Text>+{1_Amount} Dost Bölge Dışında Savaş Gücü</Text>
    </Row>
    <!-- XP2-->
    <Row Tag="LOC_TRAIT_LEADER_CITADEL_CIVILIZATION_EXPANSION2_DESCRIPTION">
      <Text>Son 10 turda savaş ilanı almışlarsa veya bir şehri özgürleştirmişlerse +%100 [ICON_PRODUCTION] Üretim.</Text>
    </Row>
  </BaseGameText>
</GameData>