﻿<?xml version="1.0" encoding="utf-8"?>
<GameData>
  <EnglishText>
    <Row Tag="LOC_PEDIA_CIVILIZATIONS_PAGE_CIVILIZATION_AUSTRALIA_CHAPTER_HISTORY_PARA_1">
      <Text>Sırasıyla Aborjinler, mahkûmlar, yoksullar, maden arayıcıları ve orman kaçakçıları tarafından yerleşilen "yeraltı" toprakları ilk olarak yaklaşık 45 bin yıl önce, bazıları Endonezya adaları üzerinden göç edip kıtanın kuzey kıyısına ulaşmayı başardığında insanlar tarafından işgal edildi. Bu avcı-toplayıcılar, James Cook'un kıyı boyunca yelken açtığı ve Büyük Britanya için her yeri talep ettiği MS 1770 yılına kadar zengin bir sözlü ve manevi kültürle izole bir şekilde geliştiler. Kaptan Cook Avustralya'ya ilk ayak basan kişi değildi -Hollandalı Willem Janszoon ve İngiliz William Dampier bunu çok daha önce yapmıştı- ama bu uzak ve tehlikeli topraklardaki fırsatları ilk gören kişi oldu.</Text>
    </Row>
    <Row Tag="LOC_PEDIA_CIVILIZATIONS_PAGE_CIVILIZATION_AUSTRALIA_CHAPTER_HISTORY_PARA_2">
      <Text>Yeni kurulan Amerika ülkesi, başlangıçta bir ceza kolonisi için planlanan gemi dolusu İngiliz mahkûmu kabul etmeyi reddedince, İngiliz yetkililer planlarını yeniden gözden geçirdi. O zamanki yaygın düşünceye göre, "istenmeyen ayaktakımını dünyanın öbür ucundan daha iyi nereye atabiliriz ki?" Böylece Komodor Arthur Phillip, Yeni Güney Galler'e giden 11 gemiden (iki donanma eskortu, altı mahkûm nakil gemisi ve üç kargo gemisi) oluşan Birinci Filo ile İngiltere'den ayrıldı. Ocak 1788'de Botany Körfezi'ne varan Phillip, kısa süre sonra çevredeki bataklık arazinin bir koloni için çok sağlıksız olduğuna karar verdi ve yerleşimi kuzeye, bugün daha çok Sydney Limanı olarak bilinen Port Jackson'ın güzel doğal limanına taşıdı.</Text>
    </Row>
    <Row Tag="LOC_PEDIA_CIVILIZATIONS_PAGE_CIVILIZATION_AUSTRALIA_CHAPTER_HISTORY_PARA_3">
      <Text>İlk yıllar küçük sınır kasabası Sydney için zordu. 18. yüzyılın sonlarında profesyonel (ve küçük) suçlulardan yetkin çiftçiler çıkmıyordu ve ikmal gemileri azdı. 1788 ve 1792 yılları arasında 3.546 erkek ve 766 kadın hükümlü daha geldi - çoğu çok hastaydı ya da ağır işlerde çalışmaya uygun değildi. İkinci Filo 1790'da geldiğinde, yolcularının dörtte birinden fazlası yolda ölmüştü ve Üçüncü Filo ile yeni gelenlerin koşulları ilk gelenleri bile dehşete düşürdü. Ancak Phillip, koloninin başarısı ve kolonicilerin refahı için kaygı duyduğunu kanıtladı... çoğu mahkum olsa da. Daha iyi tarım arazileri aramak için keşif ekipleri gönderdi, ticaret gemilerini karşıladı, halk sağlığı girişimlerini teşvik etti, aşırı kalabalığı hafifletmek için birkaç küçük uydu yerleşim kurdu ve İngiltere'den gelen alakasız ve modası geçmiş emirlerin çoğunu görmezden geldi. Vali Phillip 1792'nin sonunda İngiltere'ye döndüğünde, koloni nihayet kendi özgür iradeleriyle gelen yerleşimcileri kabul edecek kadar istikrarlıydı.</Text>
    </Row>
    <Row Tag="LOC_PEDIA_CIVILIZATIONS_PAGE_CIVILIZATION_AUSTRALIA_CHAPTER_HISTORY_PARA_4">
      <Text>Sömürgeciler başlangıçta, Dreamtime'ın zamansız, büyülü dünyasında yaşayan yerli Aborjinlere çok az ilgi gösterdiler. 18. yüzyılın sonlarında 300 klana dağılmış ve yaklaşık 700 lehçeyle 250 dil konuşan yaklaşık bir milyon yerli vardı. Her klanın belirli bir toprak parçasıyla (çöl, tropikal yağmur ormanları ya da dağ) ruhani bir bağlantısı vardı. Aborjinlere göre, totemik ruh ataları, dünyanın yaratılışının Rüya Zamanı sırasında yaşamın tüm yönlerini şekillendirmiş ve geçmişi, bugünü ve geleceği birlikte örmüşlerdi.</Text>
    </Row>
    <Row Tag="LOC_PEDIA_CIVILIZATIONS_PAGE_CIVILIZATION_AUSTRALIA_CHAPTER_HISTORY_PARA_5">
      <Text>Hollandalılar kıtanın batı kısmında hak iddia etse de, İngilizler ulus devletler tarafından uygulanan pasif-agresif anlaşmazlık şeklinde Avustralya kıyıları boyunca yerleşim yerleri kurdu. Van Diemen's Land (günümüzde Tazmanya olarak bilinmektedir) 1803 yılında yerleşime açılmış, 1824 yılında Yüzbaşı Bremer kısa ömürlü Fort Dundas kolonisini kurmuş, 1824 yılında Brisbane Nehri ağzında yeni bir ceza kolonisi kurulmuş ve 1826 yılında Binbaşı Lockyer King George Sound'da bir yerleşim kurmuştur. Böylece aynı yıl Büyük Britanya kıtanın tamamını kendi topraklarına katmış oldu.</Text>
    </Row>
    <Row Tag="LOC_PEDIA_CIVILIZATIONS_PAGE_CIVILIZATION_AUSTRALIA_CHAPTER_HISTORY_PARA_6">
      <Text>Koloni nüfusu, yeni bir hayat ya da kolay kazanç arayışıyla gelen insan akınıyla patlama yaşadı. Eski askerler ve hükümlüler Yuggera klanını yerinden etti ve bugünkü Brisbane yakınlarındaki topraklarına sahip çıktı. Perth'e 1829 yılında İngiliz beyefendileri yerleşti. Gecekonducular Port Phillip Körfezi'ne yelken açtılar ve 1835'te Melbourne'u kurdular. Bu arada, İngiliz Kraliyeti tarafından lisans verilen Güney Avustralya Şirketi Adelaide'i kurdu.</Text>
    </Row>
    <Row Tag="LOC_PEDIA_CIVILIZATIONS_PAGE_CIVILIZATION_AUSTRALIA_CHAPTER_HISTORY_PARA_7">
      <Text>Tarihçi Lloyd Robson'ın rakamlarına göre, seksen yıl içinde (1788-1868) yaklaşık 161.700 hükümlü çeşitli Avustralya kolonilerine gönderilmiştir. Bunların kabaca üçte ikisi gelişen, aşırı kalabalık sanayi şehirlerinden (özellikle Midlands ve kuzeyden) gelen hırsızlardı. Bunun ötesinde, her geçen gün daha da sıklaşan gemiler tüccarlar ve eğitimli, becerileri (tıbbi, dini, hukuki, mühendislik) olan kişileri, büyüyen bir parça Jolly Ol' Antipodean İngiltere için getirdi.</Text>
    </Row>
    <Row Tag="LOC_PEDIA_CIVILIZATIONS_PAGE_CIVILIZATION_AUSTRALIA_CHAPTER_HISTORY_PARA_8">
      <Text>1820'lerin başından itibaren giderek artan sayıda gecekonducu, yerleşik yerleşimlerin sınırlarının ötesindeki arazileri işgal etmeye başladı. Buralarda koyun, buğday ve yulaf yetiştirmek için geniş istasyonlar inşa ettiler. Çok az masrafla hatırı sayılır kârlar elde edebildiler ve böylece başkalarını da kendilerini takip etmeye teşvik ettiler. Yün üretimi Avustralya'nın en büyük ve en karlı ihracatı haline geldi ve çoğu İngiliz fabrikalarına gönderildi. 1850 yılına gelindiğinde 200 kadar gecekonducu 115.830 mil kareden (300.000 kilometrekare) fazlasını sahiplenerek kıtada güçlü ve "saygın" bir toplum kesimi oluşturdu.</Text>
    </Row>
    <Row Tag="LOC_PEDIA_CIVILIZATIONS_PAGE_CIVILIZATION_AUSTRALIA_CHAPTER_HISTORY_PARA_9">
      <Text>Bu arada, İngiliz Sömürge Ofisi'nin Vali Burke Bildirisi Avustralya kıtasını 'terra nullius' (ya da "kimsenin toprağı değil") olarak ilan etti. Avustralya topraklarının Kraliyet dışında hiçbir ulusa ya da halka ait olmadığını belirten İngilizler, Aborijin klanlarıyla her türlü anlaşma şansını ortadan kaldırdı. Avrupalılar tarafından ithal edilen hastalıklar, çiçek, grip, kızamık, boğmaca ve tüberküloz yerlileri perişan ettiği için bunu yasal bir incelik haline getirdi. Gerçekten de Sydney'deki koloni kurulduktan kısa bir süre sonra çiçek salgını bölgedeki Aborjinlerin yarısını öldürdü. Bu, sömürgecilerin kendilerinin de ilk sakinlerin öldürülmesinde aktif bir rol oynamadıkları anlamına gelmiyor - Hawkesbury Savaşı (1795-1816), Pemulwuy Savaşı (1795-1802), Tedbury Savaşı (1808-1809) ve Nepean Savaşı (1814-1816) Avrupalı\Aborijin ilişkilerinin tonunu daha da sağlamlaştırdı.</Text>
    </Row>
    <Row Tag="LOC_PEDIA_CIVILIZATIONS_PAGE_CIVILIZATION_AUSTRALIA_CHAPTER_HISTORY_PARA_10">
      <Text>1851 yılında Yeni Güney Galler ve Victoria'nın merkezinde altın bulunması, Kaliforniya'nın 1848'deki altına hücumunda yaşanan nüfus patlamasını geride bırakan büyük bir insan akınını beraberinde getirdi. Çin'den, Kaliforniya'nın altın tarlalarından, İrlanda'dan, Britanya'dan ve Hindistan'dan tekneler dolusu genç erkek (ve birkaç maceracı genç kadın) geldi; eğlence düşkünleri, dolandırıcılar, serseriler, şarlatanlar, kumarbazlar ve gerçek maden arayıcılarının arasına karışmış halktan oluşan kaotik bir karnaval. Victoria kolonisi inanılmaz bir hızla büyüdü. 1850'de 76.000 olan nüfus 1859'da 530.000'i aştı. Hükümet ruhsatlar ve sert polisler aracılığıyla düzeni sağlamaya çalıştı, ancak bu kısa sürede şiddete yol açtı ve 1854'ün sonlarında Ballarat'ta en az 30 "kazıcının" öldüğü ve birçoğunun da yaralandığı kavgayla doruğa ulaştı. Ancak birkaç ay sonra bir kraliyet komisyonu, genişleyen altın sahalarının idaresinde ruhsatların kaldırılması, polisin yeniden düzenlenmesi ve madencilere oy hakkı verilmesi gibi kapsamlı reformlar yaptı.</Text>
    </Row>
    <Row Tag="LOC_PEDIA_CIVILIZATIONS_PAGE_CIVILIZATION_AUSTRALIA_CHAPTER_HISTORY_PARA_11">
      <Text>Altın tarlalarında ve taşrada kan dökülmesine rağmen, altın ve yünden elde edilen zenginlik Melbourne, Victoria ve Sydney gibi şehirlere yatırım ve medeniyet getirdi. 1880'lere gelindiğinde bu şehirler, insanların sokaklarda silahla vurularak öldürülmesinin nadir görülen bir olay olduğu modern ve kültürlü sınır şehirleriydi. Bu dönemde kıtada yaşayan insanların çoğunluğu Avustralya'da doğmuş ve kendilerini bu şekilde görmeye başlamıştı. Ulusal edebiyat ve sanat akımlarında Avustralya'ya özgü üsluplar yaygınlaşmaya başlamıştı. Tüm bu ilerleme ve kültürle birlikte, Avustralyalı kolonicilerin uzaktaki İngiltere'den daha fazla özerklik düşünmeye başlamaları kaçınılmazdı.</Text>
    </Row>
    <Row Tag="LOC_PEDIA_CIVILIZATIONS_PAGE_CIVILIZATION_AUSTRALIA_CHAPTER_HISTORY_PARA_12">
      <Text>1890 yılında altı koloninin temsilcileri (ve başlangıçta birkaç Yeni Zelandalı) Melbourne'da bir araya geldi. Çeşitli kolonilerin birleşmesi ve bir anayasa konvansiyonu için temsilciler seçmesi çağrısında bulundular. Hemen ertesi yıl Sidney'de "Ulusal Avustralya Konvansiyonu" toplandı ve çok sayıda tartışmayla birlikte bir anayasa tasarısı taslağı hazırlandı. Çok fazla tereddüt edilmesine rağmen, Mart 1900'de Avustralyalı delegeler bir yasa tasarısıyla Londra'ya gittiler. Parlamento tasarıyı Temmuz ayında onayladı ve Kraliçe Victoria da kısa bir süre sonra imzaladı. Geçici bir kabine oluşturmak, İngiliz Milletler Topluluğu'nun kuruluşunu denetlemek ve ilk seçimleri düzenlemek üzere bir İngiliz lordu Avustralya'ya gönderildi. Böylece Avustralya Milletler Topluluğu 1 Ocak 1901'de hayata geçti.</Text>
    </Row>
    <Row Tag="LOC_PEDIA_CIVILIZATIONS_PAGE_CIVILIZATION_AUSTRALIA_CHAPTER_HISTORY_PARA_13">
      <Text>Yıkıcı kuraklıklar ve Avustralya tarım arazilerinin büyük bir bölümünü kalıcı olarak tahrip eden tavşan salgınına rağmen, yeni ülke zenginleşti ve sakin bir yaşam sürdü. Avustralya Parlamentosu yasalar çıkardı (1901 Göçmen Kısıtlama Yasası gibi bazıları şüpheli), ulus sömürge silahlı kuvvetlerinin kalıntılarından ulusal bir ordu ve donanma oluşturdu ve İngiliz Yeni Gine'si 1906'da Avustralya tarafından yönetilen Papua Bölgesi haline geldiğinde Avustralya'nın kendisi de sömürge işine ayak parmağını soktu. Her şey nispeten sakin görünüyordu - ta ki yeni ulus bir dünya savaşına sürüklenene kadar.</Text>
    </Row>
    <Row Tag="LOC_PEDIA_CIVILIZATIONS_PAGE_CIVILIZATION_AUSTRALIA_CHAPTER_HISTORY_PARA_14">
      <Text>Nüfusu 4,9 milyon olan Avustralyalıların neredeyse onda biri Birinci Dünya Savaşı sırasında askerlik hizmeti için gönüllü oldu ve bu savaş sırasında Gelibolu'da, Batı Cephesi'nde ve Orta Doğu'da 60.000'den fazla kişi ölecekti. Tüm bu kanın karşılığında Avustralyalı temsilciler Versailles barış konferansında yer aldı ve Avustralya için bir ilk olan uluslararası anlaşmayı imzaladı. Ulus ayrıca Milletler Cemiyeti'nde de yer aldı ve zahmetinin karşılığında birkaç Alman kolonisi -Alman Yeni Ginesi, Bismarck Takımadaları ve küçük Nauru- aldı.</Text>
    </Row>
    <Row Tag="LOC_PEDIA_CIVILIZATIONS_PAGE_CIVILIZATION_AUSTRALIA_CHAPTER_HISTORY_PARA_15">
      <Text>1920'ler işçi sorunları, yaygın modernleşme, Büyük Buhran ve çeşitli siyasi krizleri beraberinde getirdi. Buna 1930'larda, özellikle Japonya'nın Güney Pasifik'e doğru genişlemesiyle artan uluslararası gerilimler de eklenince, hem Liberal hem de İşçi partileri 1937 seçimlerinde savunma harcamalarını artırmayı bir kampanya konusu haline getirdi. Hükümetin "emperyal savunma politikasında" Büyük Britanya ile işbirliğini vurgulaması, Avustralya'yı kaçınılmaz olarak Eylül 1939'da başka bir dünya savaşının içine çekti. Avustralyalı birlikler Akdeniz'de ve denizde savaşarak kendilerini göstermiş olsalar da, iki yıl içinde İmparatorluk Japonya'sının Pasifik'in uçsuz bucaksız bölgelerinde, Güneydoğu Asya'da, Endonezya ve Filipinler üzerinden saldırmasıyla daha yakın bir tehditle karşı karşıya kaldılar. Şubat 1942'de Darwin'deki liman yıkıcı bir hava saldırısına maruz kaldı - Avustralya anakarasındaki 100'den fazla hava saldırısının ilki.</Text>
    </Row>
    <Row Tag="LOC_PEDIA_CIVILIZATIONS_PAGE_CIVILIZATION_AUSTRALIA_CHAPTER_HISTORY_PARA_16">
      <Text>Başbakan Curtin'den ilham alan Avustralya kendisini birçok cephede savaşırken buldu... özellikle de kuzeydeki Yeni Gine ormanlarında, herhangi bir Japon istilası için basamak taşı olarak. İç cephede Curtin hükümeti, karne uygulaması başlatarak, mültecileri kabul ederek, üretim tesisleri ve tersaneler inşa ederek ve herkesi "rotadan ayrılmamaya" teşvik ederek ülkeyi topyekûn savaşa soktu. Mücadele sona erdiğinde Avustralya 27.000 askerini, havacısını ve denizcisini kaybetmişti.</Text>
    </Row>
    <Row Tag="LOC_PEDIA_CIVILIZATIONS_PAGE_CIVILIZATION_AUSTRALIA_CHAPTER_HISTORY_PARA_17">
      <Text>Avustralya, gelişen bir ihracat ekonomisi, devlet destekli büyük bir Avrupa göçü programı, banliyö patlaması, sanatta "yeni bir milliyetçilik", Aborjinler için medeni haklar kurumu ve Soğuk Savaş'ın paranoyak pişkinliklerinin çoğundan kaçınarak savaş sonrası bir patlama yaşadı. 21. Yüzyıl Avustralyalılar için daha da iyi şeyler vaat ediyor.</Text>
    </Row>
    <Row Tag="LOC_PEDIA_LEADERS_PAGE_LEADER_JOHN_CURTIN_QUOTE">
      <Text>Bugün Avustralya'da, Avustralya tarihinin daha önceki hiçbir döneminde olmadığı kadar yoğun bir ülke sevgisi olduğuna inanıyorum.</Text>
    </Row>
    <Row Tag="LOC_PEDIA_LEADERS_PAGE_LEADER_JOHN_CURTIN_CHAPTER_HISTORY_PARA_1">
      <Text>John Joseph Curtin'in hayatı, sıradan bir insanın zaferi olarak görülebilir; tabii sıradan bir insandan siyasi aktivist, parti lideri ve başbakan anlaşılıyorsa. Hem siyasi müttefikleri hem de muhalifleri tarafından büyük saygı görmüştür. Bunun en önemli nedeni, İkinci Dünya Savaşı'nın kaos ortamında, genç ülkenin karşılaştığı en büyük tehdit karşısında Avustralya'ya rehberlik etmesiydi.</Text>
    </Row>
    <Row Tag="LOC_PEDIA_LEADERS_PAGE_LEADER_JOHN_CURTIN_CHAPTER_HISTORY_PARA_2">
      <Text>John, İrlandalı göçmenler John ve Catherine'in çocuğu olarak MS Ocak 1885'te Creswick, Victoria'da doğmuştur. John (büyük olan) Pentridge Hapishanesi'nde gardiyan, asker, Creswick'te polis memuru, daha sonra Melbourne, Dromana, Macedon ve başka yerlerde çeşitli otellerde müdür olarak çalıştı. Aile sonunda Brunswick'e yerleşmiş, oldukça fakirmiş. Tüm bu taşınmalar nedeniyle, John (küçük) çoğunlukla Katolik okullarında düzensiz bir eğitim aldı. Yaklaşık 13 yaşındayken, Creswick'teki 'Age' gazetesinde fotokopicilik, ardından 'Rambler' gazetesinde ofisboyluk ve bir çömlek fabrikasında işçilik yaparak ailenin geçimine yardımcı olmak için okulu bıraktı. Sonunda, Eylül 1903'te genç John, Titan Manufacturing Company'de haftada iki pound gibi cüzi bir maaşla işe girdi. Bu ona halk kütüphanesinde geçirebileceği boş bir zaman bıraktı ve burada "ciddi" kitaplar ve siyaset üzerine denemeler okumaya başladı.</Text>
    </Row>
    <Row Tag="LOC_PEDIA_LEADERS_PAGE_LEADER_JOHN_CURTIN_CHAPTER_HISTORY_PARA_3">
      <Text>Kereste İşçileri Sendikası Sekreteri olarak işe başladığı 1911 yılına gelindiğinde John çok okumuş, Katolik inancından vazgeçmiş, yerel Siyasi İşçi Konseyi'ne ve Victoria Sosyalist Partisi'ne katılmış, "İşçi çocuğu hatip" olarak ün kazanmış, radikal ve sosyalist gazetelerde yazmaya başlamış ve Brunswick Futbol Kulübü'nde oynamıştır. 1917'de İşçi Partisi senatörü Ted Needham'ın kız kardeşi Elsie Needham ile evlendi ve Perth yakınlarına taşınarak 'Westralian Worker'ın editörü oldu. Batı Avustralya ona hak vermiş olmalı ki kısa süre sonra Avustralya Gazeteciler Birliği'nin başkanlığına seçildi. Ancak Birinci Dünya Savaşı'na katılmamakla suçlanmadan, gıyabında üç ay hapse mahkum edilmeden ve sonunda üç gün hapiste kalmadan önce değil.</Text>
    </Row>
    <Row Tag="LOC_PEDIA_LEADERS_PAGE_LEADER_JOHN_CURTIN_CHAPTER_HISTORY_PARA_4">
      <Text>Uluslararası Çalışma Örgütü'nün 1924'te Cenevre'de yapılan yıllık konferansında Avustralya delegesi olarak görev yaptıktan sonra, "doğulu kızıl serseri" 1928'de ve 1929'da tekrar Freemantle federal koltuğuna aday oldu ve kazandı. Parlamentoya işçi sınıfının tabanında daha fazla deneyime sahip çok az üye girmiştir, ancak Curtin, James Scullin'in yönetiminde bakanlardan biri olarak atanmadığında sinirlenmiştir. Hayal kırıklığına uğramış, asık suratlı, yabancılaşmış ve çok içen Curtin siyasetten çekilmeyi düşündü.</Text>
    </Row>
    <Row Tag="LOC_PEDIA_LEADERS_PAGE_LEADER_JOHN_CURTIN_CHAPTER_HISTORY_PARA_5">
      <Text>Bunun yerine, çok kötü şöhretli Scullin 1935 yılında İşçi Partisi liderliğinden istifa edince Curtin onun yerine seçime girmeye karar verdi. Partiye liderlik etmek için rakibi, Scullin yönetiminin felaket getiren ekonomi politikalarıyla yakından ilişkili olan Frank Forde'du. Bu nedenle sol gruplar ve sendikalar, alkolden uzak duracağı vaadiyle denenmemiş ve deneyimsiz Curtin'i destekledi. Curtin, Forde'u sadece bir oy farkla yenerek Avustralya'da hem İşçi Partisi'nin hem de (Sadık) Muhalefetin lideri oldu.</Text>
    </Row>
    <Row Tag="LOC_PEDIA_LEADERS_PAGE_LEADER_JOHN_CURTIN_CHAPTER_HISTORY_PARA_6">
      <Text>Parçalanmış partiye her zamanki enerjisini getiren Curtin, eyalet ve yerel parti merkezlerini sürekli gezdi ve -siyaset uzmanlarına göre- "sessiz kararlılığı ve keskin netliği" İşçi Partisi'nin talihini yeniden canlandırmada etkili oldu. İşçi Partisi kazanımlar elde etse de, savaşın patlak vermesi herkesin planlarını altüst etti. Büyük Britanya'nın Nazi Almanyası'na savaş ilan etmesinin ardından, ünlü Avustralya Başbakanı Robert Menzies derhal ülkesinin İngiliz Milletler Topluluğu'nun savaş çabalarına destek vereceğini açıkladı. Ne yazık ki Menzies İngiltere'deyken kendi partisi desteğini geri çekti. Menzies istifa etmek zorunda kaldı.</Text>
    </Row>
    <Row Tag="LOC_PEDIA_LEADERS_PAGE_LEADER_JOHN_CURTIN_CHAPTER_HISTORY_PARA_7">
      <Text>Japonya'nın artan kılıç sallamaları tüm Avustralyalıları endişelendirirken, Parlamento Curtin'i başbakan olarak destekledi - bir dizi yanlış başlangıç ve cazip olmayan adaylar onu en iyi (ama denenmemiş) seçenek olarak bıraktıktan sonra. Curtin Ekim 1941'de, 56 yaşındayken yemin etti... Pasifik'te Japon deniz saldırılarının yeniden başladığı Aralık ayı için tam zamanında.</Text>
    </Row>
    <Row Tag="LOC_PEDIA_LEADERS_PAGE_LEADER_JOHN_CURTIN_CHAPTER_HISTORY_PARA_8">
      <Text>Güney Pasifik'teki son iki İngiliz savaş gemisinin yok edilmesi, Singapur'un düşmesi ve Kuzey Avustralya'ya Japon hava saldırıları büyük bir işgal korkusuna yol açtı. Sonuç olarak Curtin, Avustralya'nın çıkarlarını Amerika Birleşik Devletleri ile yeniden düzenledi, askere alınan askerlerin Avustralya dışında görevlendirilmesine izin veren bir politika başlattı ve Büyük Britanya'dan daha fazla bağımsızlık için Avustralya'nın dominyon statüsünü teyit etti. İşçi Partisi, hükümetinin askeri politikalarının çoğuna karşı çıksa da Curtin'in ilerici sosyal reformları, sertlik yanlıları hariç herkesi memnun etti; isteyen herkese iş, çalışamayanlara emeklilik ve Aborijinler için genişletilmiş haklar.</Text>
    </Row>
    <Row Tag="LOC_PEDIA_LEADERS_PAGE_LEADER_JOHN_CURTIN_CHAPTER_HISTORY_PARA_9">
      <Text>Curtin dört yıl süren savaş boyunca halkın morali, askeri yenilgiler ve zaferler ile sabırsız müttefiklerle işbirliği arasında gidip geldi. Anlatılanlara göre bunu zekice yaptı ama bu durum sağlığına zarar verdi. Nisan 1945'in sonlarında, çatışma kanlı bir şekilde sona yaklaşırken, ciğerleri tıkanmaya başladı. Birkaç hafta hastanede kaldıktan sonra Curtin işe dönmekte ısrar etti. Temmuz ayında, İkinci Dünya Savaşı'nın sona ermesinden altı hafta önce öldü.</Text>
    </Row>
    <Row Tag="LOC_PEDIA_LEADERS_PAGE_LEADER_JOHN_CURTIN_CHAPTER_CAPSULE_BODY">
      <Text>Avustralya haritaya benzersiz bir gözle bakar, yüksek temyiz alanları ve hayvancılık için açık araziler arar. Başkalarının istemediği topraklara yerleşmek, John Curtin'in savunma veya kurtuluş savaşlarında onlara liderlik etmesiyle daha da güçlenen güçlü bir medeniyet kurmalarını sağlar.</Text>
    </Row>
    <Row Tag="LOC_PEDIA_LEADERS_PAGE_LEADER_JOHN_CURTIN_CHAPTER_DETAILED_BODY">
      <Text>Avustralya kıyıları sever. Buraya yerleşmek onlara bol miktarda konut ve bölgeleri için bonus verime dönüştürebilecekleri yüksek Temyiz taşları sağlar. Bu kıyı şehirlerinden iç kesimlere doğru, hayvan bulabildikleri her yere yayılmak isteyecekler ve bitişik Outback İstasyonları için gereken alanı kazanmak için bu kaynaklar üzerinde Mera kültürü bombalama yeteneklerini kullanacaklar. Diplomatik alanda, John Curtin'in yetenekleri onları mükemmel bir polis gücü olmaya hazırlar. Saldırgan sivillerden hoşlanmazlar ve birimlerini, özellikle de güvenilir Kazıcılarını, işgalcileri püskürtmek ve mümkün olduğunda şehirleri kurtarmak için gönderirler.</Text>
    </Row>
    <Row Tag="LOC_PEDIA_UNITS_PAGE_UNIT_DIGGER_CHAPTER_HISTORY_PARA_1">
      <Text>Birinci Dünya Savaşı'nın başlangıcında, İngiliz Ordusu'nun asker ihtiyacı Avustralya İmparatorluk Gücü'nün kurulmasına yol açtı. Bürokratik kolaylık sağlamak amacıyla bu birlikler Yeni Zelanda'dan gelen askerlerle birlikte bir kolordu olarak birleştirildi. Yeni kurulan kolordu, modern çağın (o zamanki) en büyük amfibi çıkarması ile başlayan Çanakkale Savaşı'nda düşman ateşi altında vaftiz edildi. Hızlı mevzilenmeleri nedeniyle - ya da tüm Avustralyalıların madenlerde çalıştığını düşünen İngiliz yoldaşları tarafından - "Kazıcılar" olarak adlandırılan bu birlik, savaşın sona erdiği ateşkese kadar kendilerini göstermiş, pek çok zorluğa rağmen cesur ve güler yüzlü bir ün kazanmıştır. Savaşın sona ermesinin ardından dağılan Diggers, Avustralya ve Yeni Zelanda birlikleri daha büyük ölçekli çatışmalarda (İkinci Dünya Savaşı ve Vietnam gibi) birlikte savaştıklarında yeniden kuruldu.</Text>
    </Row>
    <Row Tag="LOC_PEDIA_FEATURES_PAGE_FEATURE_ULURU_CHAPTER_HISTORY_PARA_1">
      <Text>Avustralya'nın coğrafi merkezindeki devasa kumtaşı oluşumu bir inselbergdir - çevredeki düz çalılıklardan çıkan bir "kaya adası". Bölgenin Aborijin halkı tarafından Uluru olarak bilinen bu kaya, Anangu halkı için sayısız nesiller boyunca kültürel ve ruhani bir öneme sahip olmuştur. 1873 yılında bir sömürge kaşifi, en büyük başarısı zaten bir adı olan büyük bir kayaya kendi adını vermek olan sömürge görevlisi Henry Ayers'in onuruna buraya "Ayers Kayası" adını vermiştir. Uluru, özellikle şafak ve alacakaranlıkta belirginleşen doğal güzelliği ve değişen renkleriyle tanınır.</Text>
    </Row>
    <Row Tag="LOC_PEDIA_IMPROVEMENTS_PAGE_IMPROVEMENT_OUTBACK_STATION_CHAPTER_HISTORY_PARA_1">
      <Text>Taşra istasyonları geniş arazileri, hayvan sürüleri ve kendi kendilerine yetebilmeleriyle bilinir. Bir nevi çiftliğe benzeyen bu Avustralya istasyonları, uzak ve biraz da misafirperver olmayan bölgelerde otlatıcılar tarafından işletilir. Otlatma alanlarının verimsizliğini ve zaman zaman yaşanan kuraklığı telafi etmek için genellikle çok büyüktürler. Tahmin edilebileceği gibi, sığır istasyonlarında sığır, koyun istasyonlarında ise koyun beslenmektedir. Vahşi dingolar koyunları lezzetli ve savunmasız bulurlar, bu nedenle dingo istilasına uğramış bölgelerdeki otlatıcılar geleneksel olarak hayvanlarını (çoğunlukla) dingo geçirmez sığırlara kaydırırlar.</Text>
    </Row>
  </EnglishText>
</GameData>