﻿<?xml version="1.0" encoding="utf-8"?>
<GameData>
  <EnglishText>
    <!-- Lady Trieu-->
    <Row Tag="LOC_DIPLO_ACCEPT_DECLARE_FRIEND_FROM_HUMAN_LEADER_LADY_TRIEU_ANY">
      <Text>İşte! Seni intikam listesinden çıkardım.</Text>
    </Row>
    <Row Tag="LOC_DIPLO_REJECT_DECLARE_FRIEND_FROM_HUMAN_LEADER_LADY_TRIEU_ANY">
      <Text>Vietnam tek başına ayakta duruyor. Size ihtiyacımız yok.</Text>
    </Row>
    <Row Tag="LOC_DIPLO_DECLARE_FRIEND_FROM_AI_LEADER_LADY_TRIEU_ANY">
      <Text>İnsanlarımız birbirlerinin yüklerini paylaşsınlar, mücadele daha kolay olacaktır.</Text>
    </Row>
    <Row Tag="LOC_DIPLO_ACCEPT_DECLARE_FRIEND_FROM_AI_LEADER_LADY_TRIEU_ANY">
      <Text>Mızraklarımız düşmanlarımıza karşı birleşsin!</Text>
    </Row>
    <Row Tag="LOC_DIPLO_REJECT_DECLARE_FRIEND_FROM_AI_LEADER_LADY_TRIEU_ANY">
      <Text>Düşmanlarıma ne olduğunu biliyorsun, değil mi?</Text>
    </Row>
    <Row Tag="LOC_DIPLO_DECLARE_WAR_FROM_HUMAN_LEADER_LADY_TRIEU_ANY">
      <Text>Uzun zamandır bu günü bekliyordum. Bugün senin yok oluşunla sonuçlanacak savaş başlıyor.</Text>
    </Row>
    <Row Tag="LOC_DIPLO_DECLARE_WAR_FROM_AI_LEADER_LADY_TRIEU_ANY">
      <Text>Şimdi Vietnam'la savaş halindesiniz. Trompetlerimizi duyuyor musun? Fillerimizin gürültüsünü? Sizin için geliyorlar!</Text>
    </Row>
    <Row Tag="LOC_DIPLO_ACCEPT_DELEGATION_FROM_HUMAN_LEADER_LADY_TRIEU_ANY">
      <Text>Heyetiniz Vietnam'ın güzelliğini ve insanlarının sertliğini gördü.</Text>
    </Row>
    <Row Tag="LOC_DIPLO_REJECT_DELEGATION_FROM_HUMAN_LEADER_LADY_TRIEU_ANY">
      <Text>Barış içinde geldiklerini söylüyorsunuz ama yabancı sızmalara izin veremem.</Text>
    </Row>
    <Row Tag="LOC_DIPLO_DELEGATION_FROM_AI_LEADER_LADY_TRIEU_ANY">
      <Text>Vietnam heyeti kuş yuvası çorbası, deniz kulağı, geyik tendonu ve Hàm Long kuyusundan su getirerek yaklaşıyor.</Text>
    </Row>
    <Row Tag="LOC_DIPLO_DENOUNCE_FROM_HUMAN_LEADER_LADY_TRIEU_ANY">
      <Text>Kendi halkını yönetmekle yetinmeyip benimkine de mi karışacaksın? Tüm dünyaya suçlarınızı anlatacağım!</Text>
    </Row>
    <Row Tag="LOC_DIPLO_DENOUNCE_FROM_AI_LEADER_LADY_TRIEU_ANY">
      <Text>Buraya bak, seni yılan. Bir gün halklarımız arasında büyük bir hesaplaşma olacak ve adalet sana yerini bulacak.</Text>
    </Row>
    <Row Tag="LOC_DIPLO_FIRST_MEET_LEADER_LADY_TRIEU_ANY">
      <Text>Ben Bà Triệu, altın cübbe giyen general. Vietnam'a hoş geldiniz.</Text>
    </Row>
    <Row Tag="LOC_DIPLO_FIRST_MEET_VISIT_RECIPIENT_LEADER_LADY_TRIEU_ANY">
      <Text>Vietnam'a hoş geldiniz! Gelin ve başkentimizde kuş yuvası çorbası için.</Text>
    </Row>
    <Row Tag="LOC_DIPLO_FIRST_MEET_NEAR_INITIATOR_POSITIVE_LEADER_LADY_TRIEU_ANY">
      <Text>Evet.</Text>
    </Row>
    <Row Tag="LOC_DIPLO_FIRST_MEET_NO_MANS_INFO_EXCHANGE_LEADER_LADY_TRIEU_ANY">
      <Text>Size Hanoi'nin kalelerinden ve Geri Dönen Kılıç Gölü'ne yapışan şafak sisinden bahsedeyim.</Text>
    </Row>
    <Row Tag="LOC_DIPLO_GREETING_LEADER_LADY_TRIEU_ANY">
      <Text>Hoş geldin, misafir.</Text>
    </Row>
    <Row Tag="LOC_DIPLO_KUDO_EXIT_LEADER_LADY_TRIEU_ANY">
      <Text>Siz benim yıkımımı planlamadınız, ben de sizinkini planlamayacağım.</Text>
    </Row>
    <Row Tag="LOC_DIPLO_WARNING_EXIT_LEADER_LADY_TRIEU_ANY">
      <Text>Vietnam seni izliyor.</Text>
    </Row>
    <Row Tag="LOC_DIPLO_MAKE_ALLIANCE_FROM_AI_LEADER_LADY_TRIEU_ANY">
      <Text>Filinizi Vietnam'ınkinin yanına getirin! Ne diyorsunuz?</Text>
    </Row>
    <Row Tag="LOC_DIPLO_MAKE_PEACE_AI_ACCEPT_DEAL_LEADER_LADY_TRIEU_ANY">
      <Text>Bu kadar kan dökmek yeter. Bırakın savaşçılarımız evlerini yeniden inşa etsinler.</Text>
    </Row>
    <Row Tag="LOC_DIPLO_MAKE_PEACE_AI_REFUSE_DEAL_LEADER_LADY_TRIEU_ANY">
      <Text>Asla! Sana boyun eğmeyeceğim.</Text>
    </Row>
    <Row Tag="LOC_DIPLO_MAKE_PEACE_FROM_AI_LEADER_LADY_TRIEU_ANY">
      <Text>Kılıçlarımızı bir kenara bırakalım mı?</Text>
    </Row>
    <Row Tag="LOC_DIPLO_ACCEPT_OPEN_BORDERS_FROM_HUMAN_LEADER_LADY_TRIEU_ANY">
      <Text>Halkınız geçebilir, ama izlenecekler.</Text>
    </Row>
    <Row Tag="LOC_DIPLO_REJECT_OPEN_BORDERS_FROM_HUMAN_LEADER_LADY_TRIEU_ANY">
      <Text>Vietnam, yabancı birliklerin topraklarımızdan geçmesine izin vermek için bu kadar uzun süre yaşamadı! Hayır! Hayır!</Text>
    </Row>
    <Row Tag="LOC_DIPLO_OPEN_BORDERS_FROM_AI_LEADER_LADY_TRIEU_ANY">
      <Text>Halkımın geçişine izin verecek misiniz?</Text>
    </Row>
    <Row Tag="LOC_DIPLO_WARNING_TOO_MANY_TROOPS_NEAR_ME_LEADER_LADY_TRIEU_ANY">
      <Text>Vietnam tehdit altında olmayacak. Askerlerinizi çekin.</Text>
    </Row>
    <Row Tag="LOC_DIPLO_WARNING_TOO_MANY_TROOPS_NEAR_ME_AI_RESPONSE_NEGATIVE_LEADER_LADY_TRIEU_ANY">
      <Text>Seni dinlemek zorunda değilim.</Text>
    </Row>
    <Row Tag="LOC_DIPLO_WARNING_TOO_MANY_TROOPS_NEAR_ME_AI_RESPONSE_POSITIVE_LEADER_LADY_TRIEU_ANY">
      <Text>Askerlerimiz güçlü ve çığlıkları korkunç. Sizi korkutmak istememiştik.</Text>
    </Row>
    <Row Tag="LOC_DIPLO_DEFEAT_FROM_AI_LEADER_LADY_TRIEU_ANY">
      <Text>Beni yendiğinizi mi sanıyorsunuz? Cennete yükseleceğim ve direnişimizin ölümsüz ruhu olacağım!</Text>
    </Row>
    <Row Tag="LOC_DIPLO_REJECT_MAKE_DEAL_FROM_AI_LEADER_LADY_TRIEU_ANY">
      <Text>Halkımın ihtiyaçları önce gelmeli. Bunu kabul edemem.</Text>
    </Row>
    <Row Tag="LOC_DIPLO_ACCEPT_MAKE_DEAL_FROM_AI_LEADER_LADY_TRIEU_ANY">
      <Text>Teklifiniz halkıma fayda sağlayacaktır.</Text>
    </Row>
    <!-- Kublai China-->
    <Row Tag="LOC_DIPLO_ACCEPT_DECLARE_FRIEND_FROM_HUMAN_LEADER_KUBLAI_KHAN_CHINA_ANY">
      <Text>Oh, dostların prensi! Çimenler seni söylüyor.</Text>
    </Row>
    <Row Tag="LOC_DIPLO_REJECT_DECLARE_FRIEND_FROM_HUMAN_LEADER_KUBLAI_KHAN_CHINA_ANY">
      <Text>Yeterince arkadaşım var.</Text>
    </Row>
    <Row Tag="LOC_DIPLO_DECLARE_FRIEND_FROM_AI_LEADER_KUBLAI_KHAN_CHINA_ANY">
      <Text>Gelin, iyi şarabın ve alçak sesli şarkıların tadını çıkarın, içelim ve güneşin ve ayın gelip gitmesine izin verin!</Text>
    </Row>
    <Row Tag="LOC_DIPLO_ACCEPT_DECLARE_FRIEND_FROM_AI_LEADER_KUBLAI_KHAN_CHINA_ANY">
      <Text>Oh, dostların prensi! Çimenler seni söylüyor.</Text>
    </Row>
    <Row Tag="LOC_DIPLO_REJECT_DECLARE_FRIEND_FROM_AI_LEADER_KUBLAI_KHAN_CHINA_ANY">
      <Text>Han'ın dostluk teklifini reddettin. Bunu kafana sok.</Text>
    </Row>
    <Row Tag="LOC_DIPLO_DECLARE_WAR_FROM_HUMAN_LEADER_KUBLAI_KHAN_CHINA_ANY">
      <Text>Krallığımın her köşesinden asker topladım. Sizinle savaşmak için bu kadar zahmete girdiğim için onur duyun.</Text>
    </Row>
    <Row Tag="LOC_DIPLO_DECLARE_WAR_FROM_AI_LEADER_KUBLAI_KHAN_CHINA_ANY">
      <Text>Ufuktaki toz bulutları, savaşla gelen binlerce atlı. Kendinizi hazırlayın!</Text>
    </Row>
    <Row Tag="LOC_DIPLO_ACCEPT_DELEGATION_FROM_HUMAN_LEADER_KUBLAI_KHAN_CHINA_ANY">
      <Text>Delegelerinizi güreş müsabakasına davet ettim. Bugün biraz morarmış olabilirler.</Text>
    </Row>
    <Row Tag="LOC_DIPLO_REJECT_DELEGATION_FROM_HUMAN_LEADER_KUBLAI_KHAN_CHINA_ANY">
      <Text>Şiirimiz, kompozit yaylarımız ve at sütümüz var. Artıklarınıza ihtiyacımız yok.</Text>
    </Row>
    <Row Tag="LOC_DIPLO_DELEGATION_FROM_AI_LEADER_KUBLAI_KHAN_CHINA_ANY">
      <Text>İpekler ve baharatlar, at sütü ve koyun eti ve büyük Han'ın hikayelerini taşıyan bir deve katarı sınırlarınıza yaklaşıyor.</Text>
    </Row>
    <Row Tag="LOC_DIPLO_DENOUNCE_FROM_HUMAN_LEADER_KUBLAI_KHAN_CHINA_ANY">
      <Text>İster cehaletle ister kasıtla hareket edin, sonuç aynı. Beni çok uzun süredir rahatsız ediyorsunuz ve artık küstahlığınıza katlanmayacağım.</Text>
    </Row>
    <Row Tag="LOC_DIPLO_DENOUNCE_FROM_AI_LEADER_KUBLAI_KHAN_CHINA_ANY">
      <Text>Krallığının bir yangında kül olan otlar gibi yok olacağı bir gün geliyor. O gün, sevineceğim. (Seni kınıyor).</Text>
    </Row>
    <Row Tag="LOC_DIPLO_FIRST_MEET_LEADER_KUBLAI_KHAN_CHINA_ANY">
      <Text>Ben Kubilay'ım. Zamanla tüm dünya beni imparator ve büyük han olarak tanıyacak.</Text>
    </Row>
    <Row Tag="LOC_DIPLO_FIRST_MEET_VISIT_RECIPIENT_LEADER_KUBLAI_KHAN_CHINA_ANY">
      <Text>Başkentimde, en güçlü iki savaşçımız arasında bir güreş müsabakası düzenledim. Gelin ve benimle mayalanmış kısrak sütü için!</Text>
    </Row>
    <Row Tag="LOC_DIPLO_FIRST_MEET_NEAR_INITIATOR_POSITIVE_LEADER_KUBLAI_KHAN_CHINA_ANY">
      <Text>Evet.</Text>
    </Row>
    <Row Tag="LOC_DIPLO_FIRST_MEET_NO_MANS_INFO_EXCHANGE_LEADER_KUBLAI_KHAN_CHINA_ANY">
      <Text>Size İpek Yolu'nun incisini anlatabilir miyim? Ve siz de bana topraklarınızdan bahsedebilir misiniz?</Text>
    </Row>
    <Row Tag="LOC_DIPLO_GREETING_LEADER_KUBLAI_KHAN_CHINA_ANY">
      <Text>Selamlar.</Text>
    </Row>
    <Row Tag="LOC_DIPLO_KUDO_EXIT_LEADER_KUBLAI_KHAN_CHINA_ANY">
      <Text>İyi alaşımlanmış çelik gibi uyum içinde çalışan bilgelik ve kudret gösteriyorsunuz.</Text>
    </Row>
    <Row Tag="LOC_DIPLO_WARNING_EXIT_LEADER_KUBLAI_KHAN_CHINA_ANY">
      <Text>Eğer iyi yönetemezseniz, daha iyi bir yönetici gelir ve sizi devirir. Tüm tarih bize bunu öğretir.</Text>
    </Row>
    <Row Tag="LOC_DIPLO_MAKE_ALLIANCE_FROM_AI_LEADER_KUBLAI_KHAN_CHINA_ANY">
      <Text>Birlikte gidelim! Sen önden git.</Text>
    </Row>
    <Row Tag="LOC_DIPLO_MAKE_PEACE_AI_ACCEPT_DEAL_LEADER_KUBLAI_KHAN_CHINA_ANY">
      <Text>Savaş yayı kırıldı. Bırakalım atlarımız şişmanlasın.</Text>
    </Row>
    <Row Tag="LOC_DIPLO_MAKE_PEACE_AI_REFUSE_DEAL_LEADER_KUBLAI_KHAN_CHINA_ANY">
      <Text>Hanlarım hala savaşa aç.</Text>
    </Row>
    <Row Tag="LOC_DIPLO_MAKE_PEACE_FROM_AI_LEADER_KUBLAI_KHAN_CHINA_ANY">
      <Text>Atlarımız zayıflıyor ve binicileri evlerinden şarkılar söylüyor.</Text>
    </Row>
    <Row Tag="LOC_DIPLO_ACCEPT_OPEN_BORDERS_FROM_HUMAN_LEADER_KUBLAI_KHAN_CHINA_ANY">
      <Text>Atlarınız Moğol İmparatorluğu'nun bozkırlarında ve Moğol İmparatorluğu'nun fethettiği toprakların yollarında gezintiye çıkabilir.</Text>
    </Row>
    <Row Tag="LOC_DIPLO_REJECT_OPEN_BORDERS_FROM_HUMAN_LEADER_KUBLAI_KHAN_CHINA_ANY">
      <Text>Sınırların orada olmasının bir sebebi var. Bunlar sizi dışarıda tutmak için var.</Text>
    </Row>
    <Row Tag="LOC_DIPLO_OPEN_BORDERS_FROM_AI_LEADER_KUBLAI_KHAN_CHINA_ANY">
      <Text>Kafese tıkılmak yok olmaktır. Bize sınırlar çizilirse, ölürüz. Geçebilir miyiz?</Text>
    </Row>
    <Row Tag="LOC_DIPLO_WARNING_TOO_MANY_TROOPS_NEAR_ME_LEADER_KUBLAI_KHAN_CHINA_ANY">
      <Text>Birlikleriniz bozkırların manzarasını engelliyor. Kaldırın onları.</Text>
    </Row>
    <Row Tag="LOC_DIPLO_WARNING_TOO_MANY_TROOPS_NEAR_ME_AI_RESPONSE_NEGATIVE_LEADER_KUBLAI_KHAN_CHINA_ANY">
      <Text>Bir hana emir veremezsin.</Text>
    </Row>
    <Row Tag="LOC_DIPLO_WARNING_TOO_MANY_TROOPS_NEAR_ME_AI_RESPONSE_POSITIVE_LEADER_KUBLAI_KHAN_CHINA_ANY">
      <Text>Bizden korkuyorsun. Anlıyorum. Başka bir yere gideceğiz.</Text>
    </Row>
    <Row Tag="LOC_DIPLO_DEFEAT_FROM_AI_LEADER_KUBLAI_KHAN_CHINA_ANY">
      <Text>Şimdi git; beni üzüntümle baş başa bırak.</Text>
    </Row>
    <Row Tag="LOC_DIPLO_REJECT_MAKE_DEAL_FROM_AI_LEADER_KUBLAI_KHAN_CHINA_ANY">
      <Text>Altın Orda böyle anlaşmalarla altın olmadı.</Text>
    </Row>
    <Row Tag="LOC_DIPLO_ACCEPT_MAKE_DEAL_FROM_AI_LEADER_KUBLAI_KHAN_CHINA_ANY">
      <Text>Evet. Her taraftan kâr yağsın.</Text>
    </Row>
    <!-- Kublai Mongolia-->
    <Row Tag="LOC_DIPLO_ACCEPT_DECLARE_FRIEND_FROM_HUMAN_LEADER_KUBLAI_KHAN_MONGOLIA_ANY">
      <Text>Oh, dostların prensi! Çimenler seni söylüyor.</Text>
    </Row>
    <Row Tag="LOC_DIPLO_REJECT_DECLARE_FRIEND_FROM_HUMAN_LEADER_KUBLAI_KHAN_MONGOLIA_ANY">
      <Text>Yeterince arkadaşım var.</Text>
    </Row>
    <Row Tag="LOC_DIPLO_DECLARE_FRIEND_FROM_AI_LEADER_KUBLAI_KHAN_MONGOLIA_ANY">
      <Text>Gelin, iyi şarabın ve alçak sesli şarkıların tadını çıkarın, içelim ve güneşin ve ayın gelip gitmesine izin verin!</Text>
    </Row>
    <Row Tag="LOC_DIPLO_ACCEPT_DECLARE_FRIEND_FROM_AI_LEADER_KUBLAI_KHAN_MONGOLIA_ANY">
      <Text>Oh, dostların prensi! Çimenler seni söylüyor.</Text>
    </Row>
    <Row Tag="LOC_DIPLO_REJECT_DECLARE_FRIEND_FROM_AI_LEADER_KUBLAI_KHAN_MONGOLIA_ANY">
      <Text>Han'ın dostluk teklifini reddettin. Bunu kafana sok.</Text>
    </Row>
    <Row Tag="LOC_DIPLO_DECLARE_WAR_FROM_HUMAN_LEADER_KUBLAI_KHAN_MONGOLIA_ANY">
      <Text>Krallığımın her köşesinden asker topladım. Sizinle savaşmak için bu kadar zahmete girdiğim için onur duyun.</Text>
    </Row>
    <Row Tag="LOC_DIPLO_DECLARE_WAR_FROM_AI_LEADER_KUBLAI_KHAN_MONGOLIA_ANY">
      <Text>Ufuktaki toz bulutları, savaşla gelen binlerce atlı. Kendinizi hazırlayın!</Text>
    </Row>
    <Row Tag="LOC_DIPLO_ACCEPT_DELEGATION_FROM_HUMAN_LEADER_KUBLAI_KHAN_MONGOLIA_ANY">
      <Text>Delegelerinizi güreş müsabakasına davet ettim. Bugün biraz morarmış olabilirler.</Text>
    </Row>
    <Row Tag="LOC_DIPLO_REJECT_DELEGATION_FROM_HUMAN_LEADER_KUBLAI_KHAN_MONGOLIA_ANY">
      <Text>Şiirimiz, kompozit yaylarımız ve at sütümüz var. Artıklarınıza ihtiyacımız yok.</Text>
    </Row>
    <Row Tag="LOC_DIPLO_DELEGATION_FROM_AI_LEADER_KUBLAI_KHAN_MONGOLIA_ANY">
      <Text>İpekler ve baharatlar, at sütü ve koyun eti ve büyük Han'ın hikayelerini taşıyan bir deve katarı sınırlarınıza yaklaşıyor.</Text>
    </Row>
    <Row Tag="LOC_DIPLO_DENOUNCE_FROM_HUMAN_LEADER_KUBLAI_KHAN_MONGOLIA_ANY">
      <Text>İster cehaletle ister kasıtla hareket edin, sonuç aynı. Beni çok uzun süredir rahatsız ediyorsunuz ve artık küstahlığınıza katlanmayacağım.</Text>
    </Row>
    <Row Tag="LOC_DIPLO_DENOUNCE_FROM_AI_LEADER_KUBLAI_KHAN_MONGOLIA_ANY">
      <Text>Krallığının bir yangında kül olan otlar gibi yok olacağı bir gün geliyor. O gün, sevineceğim. (Seni kınıyor).</Text>
    </Row>
    <Row Tag="LOC_DIPLO_FIRST_MEET_LEADER_KUBLAI_KHAN_MONGOLIA_ANY">
      <Text>Ben Kubilay'ım. Zamanla tüm dünya beni imparator ve büyük han olarak tanıyacak.</Text>
    </Row>
    <Row Tag="LOC_DIPLO_FIRST_MEET_VISIT_RECIPIENT_LEADER_KUBLAI_KHAN_MONGOLIA_ANY">
      <Text>Başkentimde, en güçlü iki savaşçımız arasında bir güreş müsabakası düzenledim. Gelin ve benimle mayalanmış kısrak sütü için!</Text>
    </Row>
    <Row Tag="LOC_DIPLO_FIRST_MEET_NEAR_INITIATOR_POSITIVE_LEADER_KUBLAI_KHAN_MONGOLIA_ANY">
      <Text>Evet.</Text>
    </Row>
    <Row Tag="LOC_DIPLO_FIRST_MEET_NO_MANS_INFO_EXCHANGE_LEADER_KUBLAI_KHAN_MONGOLIA_ANY">
      <Text>Size İpek Yolu'nun incisini anlatabilir miyim? Ve siz de bana topraklarınızdan bahsedebilir misiniz?</Text>
    </Row>
    <Row Tag="LOC_DIPLO_GREETING_LEADER_KUBLAI_KHAN_MONGOLIA_ANY">
      <Text>Selamlar.</Text>
    </Row>
    <Row Tag="LOC_DIPLO_KUDO_EXIT_LEADER_KUBLAI_KHAN_MONGOLIA_ANY">
      <Text>İyi alaşımlanmış çelik gibi uyum içinde çalışan bilgelik ve kudret gösteriyorsunuz.</Text>
    </Row>
    <Row Tag="LOC_DIPLO_WARNING_EXIT_LEADER_KUBLAI_KHAN_MONGOLIA_ANY">
      <Text>Eğer iyi yönetemezseniz, daha iyi bir yönetici gelir ve sizi devirir. Tüm tarih bize bunu öğretir.</Text>
    </Row>
    <Row Tag="LOC_DIPLO_MAKE_ALLIANCE_FROM_AI_LEADER_KUBLAI_KHAN_MONGOLIA_ANY">
      <Text>Birlikte gidelim! Sen önden git.</Text>
    </Row>
    <Row Tag="LOC_DIPLO_MAKE_PEACE_AI_ACCEPT_DEAL_LEADER_KUBLAI_KHAN_MONGOLIA_ANY">
      <Text>Savaş yayı kırıldı. Bırakalım atlarımız şişmanlasın.</Text>
    </Row>
    <Row Tag="LOC_DIPLO_MAKE_PEACE_AI_REFUSE_DEAL_LEADER_KUBLAI_KHAN_MONGOLIA_ANY">
      <Text>Hanlarım hala savaşa aç.</Text>
    </Row>
    <Row Tag="LOC_DIPLO_MAKE_PEACE_FROM_AI_LEADER_KUBLAI_KHAN_MONGOLIA_ANY">
      <Text>Atlarımız zayıflıyor ve binicileri evlerinden şarkılar söylüyor.</Text>
    </Row>
    <Row Tag="LOC_DIPLO_ACCEPT_OPEN_BORDERS_FROM_HUMAN_LEADER_KUBLAI_KHAN_MONGOLIA_ANY">
      <Text>Atlarınız Moğol İmparatorluğu'nun bozkırlarında ve Moğol İmparatorluğu'nun fethettiği toprakların yollarında gezintiye çıkabilir.</Text>
    </Row>
    <Row Tag="LOC_DIPLO_REJECT_OPEN_BORDERS_FROM_HUMAN_LEADER_KUBLAI_KHAN_MONGOLIA_ANY">
      <Text>Sınırların orada olmasının bir sebebi var. Bunlar sizi dışarıda tutmak için var.</Text>
    </Row>
    <Row Tag="LOC_DIPLO_OPEN_BORDERS_FROM_AI_LEADER_KUBLAI_KHAN_MONGOLIA_ANY">
      <Text>Kafese tıkılmak yok olmaktır. Bize sınırlar çizilirse, ölürüz. Geçebilir miyiz?</Text>
    </Row>
    <Row Tag="LOC_DIPLO_WARNING_TOO_MANY_TROOPS_NEAR_ME_LEADER_KUBLAI_KHAN_MONGOLIA_ANY">
      <Text>Birlikleriniz bozkırların manzarasını engelliyor. Kaldırın onları.</Text>
    </Row>
    <Row Tag="LOC_DIPLO_WARNING_TOO_MANY_TROOPS_NEAR_ME_AI_RESPONSE_NEGATIVE_LEADER_KUBLAI_KHAN_MONGOLIA_ANY">
      <Text>Bir hana emir veremezsin.</Text>
    </Row>
    <Row Tag="LOC_DIPLO_WARNING_TOO_MANY_TROOPS_NEAR_ME_AI_RESPONSE_POSITIVE_LEADER_KUBLAI_KHAN_MONGOLIA_ANY">
      <Text>Bizden korkuyorsun. Anlıyorum. Başka bir yere gideceğiz.</Text>
    </Row>
    <Row Tag="LOC_DIPLO_DEFEAT_FROM_AI_LEADER_KUBLAI_KHAN_MONGOLIA_ANY">
      <Text>Şimdi git; beni üzüntümle baş başa bırak.</Text>
    </Row>
    <Row Tag="LOC_DIPLO_REJECT_MAKE_DEAL_FROM_AI_LEADER_KUBLAI_KHAN_MONGOLIA_ANY">
      <Text>Altın Orda böyle anlaşmalarla altın olmadı.</Text>
    </Row>
    <Row Tag="LOC_DIPLO_ACCEPT_MAKE_DEAL_FROM_AI_LEADER_KUBLAI_KHAN_MONGOLIA_ANY">
      <Text>Evet. Her taraftan kâr yağsın.</Text>
    </Row>
    <!-- Agenda Text -->
    <Row Tag="LOC_AGENDA_TRIEU_DEFENDER_NAME">
      <Text>Vatan Savunucusu</Text>
    </Row>
    <Row Tag="LOC_AGENDA_TRIEU_DEFENDER_DESCRIPTION">
      <Text>Kendisine savaş ilan etmemiş uygarlıkları sever. Kendisine savaş ilan etmiş uygarlıkları sevmez. Bunlar için görüşü, savaşın ilerlediği her turda daha da azalır ve bu azalan görüş asla bozulmaz.</Text>
    </Row>
    <Row Tag="LOC_TOOLTIP_SAMPLE_DIPLOMACY_TRIEU_DEFENDER_POSITIVE">
      <Text>Trieu kendisiyle uzun süredir barış içinde olanları sever</Text>
    </Row>
    <Row Tag="LOC_TOOLTIP_SAMPLE_DIPLOMACY_TRIEU_DEFENDER_NEGATIVE">
      <Text>Trieu kendisiyle savaşanlardan hoşlanmıyor</Text>
    </Row>
    <Row Tag="LOC_TOOLTIP_SAMPLE_DIPLOMACY_TRIEU_DEFENDER">
      <Text>Trieu kendisiyle savaşmayan medeniyetleri sever</Text>
    </Row>
    <Row Tag="LOC_TOOLTIP_KUDO_EXIT_LADY_TRIEU_ANY">
      <Text>Bizimle savaşmayanlarla dostuz</Text>
    </Row>
    <Row Tag="LOC_TOOLTIP_WARNING_EXIT_LADY_TRIEU_ANY">
      <Text>Bizimle savaşmak asla affetmeyeceğimiz bir hata.</Text>
    </Row>
    <Row Tag="LOC_AGENDA_KUBLAI_PAX_NAME">
      <Text>Pax Mongolica</Text>
    </Row>
    <Row Tag="LOC_AGENDA_KUBLAI_PAX_DESCRIPTION">
      <Text>Güçlü bir ordusu ve tur başına yüksek Altın getirisi olan Uygarlıkları sever. Zayıf ordusu veya düşük geliri olan uygarlıkları sevmez.</Text>
    </Row>
    <Row Tag="LOC_TOOLTIP_SAMPLE_DIPLOMACY_KUBLAI_PAX_POSITIVE">
      <Text>Kubilay Han gücünüze ve gelirinize saygı duyuyor</Text>
    </Row>
    <Row Tag="LOC_TOOLTIP_SAMPLE_DIPLOMACY_KUBLAI_PAX_NEGATIVE">
      <Text>Kubilay Han zayıfları ve yoksulları küçümsüyor</Text>
    </Row>
    <Row Tag="LOC_TOOLTIP_SAMPLE_DIPLOMACY_KUBLAI_PAX">
      <Text>Kubilay Han zengin ve güçlü medeniyetleri sever</Text>
    </Row>
    <Row Tag="LOC_TOOLTIP_KUDO_EXIT_KUBLAI_KHAN_CHINA_ANY">
      <Text>Gücünüz ve zenginliğiniz sizi onurlandırıyor</Text>
    </Row>
    <Row Tag="LOC_TOOLTIP_WARNING_EXIT_KUBLAI_KHAN_CHINA_ANY">
      <Text>Yoksullar ve zayıflar ayaklar altında ezilmek için vardır</Text>
    </Row>
    <Row Tag="LOC_TOOLTIP_KUDO_EXIT_KUBLAI_KHAN_MONGOLIA_ANY">
      <Text>Gücünüz ve zenginliğiniz sizi onurlandırıyor</Text>
    </Row>
    <Row Tag="LOC_TOOLTIP_WARNING_EXIT_KUBLAI_KHAN_MONGOLIA_ANY">
      <Text>Yoksullar ve zayıflar ayaklar altında ezilmek için vardır</Text>
    </Row>
  </EnglishText>
</GameData>