﻿<?xml version="1.0" encoding="utf-8"?>
<GameData>
  <EnglishText>
    <!-- Dawn of Man text -->
    <Row Tag="LOC_LOADING_INFO_LEADER_KUBLAI_KHAN_CHINA">
      <Text>Kubilay Han, Cengiz Han'ın torunu, onunkine rakip olacak bir imparatorluk kuracaksın. Avantaj elde etmek için ne zaman eğileceğini ve ne zaman saldıracağını biliyorsun. Zekânız ve politik beceriniz, fetihlerinizdeki savaş beceriniz gibi size hizmet edecek.</Text>
    </Row>
    <Row Tag="LOC_LOADING_INFO_LEADER_KUBLAI_KHAN_MONGOLIA">
      <Text>Kubilay Han, Cengiz Han'ın torunu, onunkine rakip olacak bir imparatorluk kuracaksın. Avantaj elde etmek için ne zaman eğileceğini ve ne zaman saldıracağını biliyorsun. Zekânız ve politik beceriniz, fetihlerinizdeki savaş beceriniz gibi size hizmet edecek.</Text>
    </Row>
    <Row Tag="LOC_LOADING_INFO_LEADER_LADY_TRIEU">
      <Text>Bà Triệu, halkın seni bir tanrıça olarak hatırlayacak. Fırtınanı dizginlemeye çalışanlara karşı dur ve kılıcını meydan okurcasına kaldır. Ne ailen ne de düşmanın seni durduramayacak.</Text>
    </Row>
    <!-- Kublai Khan: Leader Info -->
    <Row Tag="LOC_LEADER_KUBLAI_KHAN_C_NAME">
      <Text>Kubilay Han (Çin)</Text>
    </Row>
    <Row Tag="LOC_LEADER_KUBLAI_KHAN_NAME">
      <Text>Kubilay Han (Moğolistan)</Text>
    </Row>
    <Row Tag="LOC_TRAIT_LEADER_KUBLAI_NAME">
      <Text>Gerege</Text>
    </Row>
    <Row Tag="LOC_TRAIT_LEADER_KUBLAI_DESCRIPTION">
      <Text>Herhangi bir hükümette fazladan bir Ekonomik politika yuvası. Başka bir Medeniyetin şehrinde ilk kez bir [ICON_TradingPost] Ticaret Karakolu kurarken rastgele bir [ICON_TechBoosted] Eureka ve [ICON_CivicBoosted] İlham alın.</Text>
    </Row>
    <!-- Vietnam: District Info -->
    <Row Tag="LOC_DISTRICT_THANH_NAME">
      <Text>Thành</Text>
    </Row>
    <Row Tag="LOC_DISTRICT_THANH_DESCRIPTION">
      <Text>Kampın yerini alan Vietnam'a özgü bir bölge. Her komşu bölge için +2 [ICON_CULTURE] Kültür. Uçuş araştırıldıktan sonra [ICON_TOURISM] Kültür çıktısına eşit [ICON_CULTURE] Turizm elde edilir. Bu bölge nüfus gerektirmez, inşa edilmesi daha ucuzdur, şehir merkezine bitişik inşa edilemez, [ICON_GreatPerson] Büyük Halk puanı sağlamaz ve özel bir bölge değildir.</Text>
    </Row>
    <Row Tag="LOC_DISTRICT_DISTRICT_CULTURE_MAJOR">
      <Text>+{1_num} [ICON_Culture] Bitişik {1_Num : plural 1?district; other?districts;}'ten kültür.</Text>
    </Row>
    <!-- Vietnam: Civilization Info -->
    <Row Tag="LOC_CIVILIZATION_VIETNAM_NAME">
      <Text>Vietnam</Text>
    </Row>
    <Row Tag="LOC_CIVILIZATION_VIETNAM_DESCRIPTION">
      <Text>Vietnam İmparatorluğu</Text>
    </Row>
    <Row Tag="LOC_CIVILIZATION_VIETNAM_ADJECTIVE">
      <Text>Vietnamca</Text>
    </Row>
    <Row Tag="LOC_TRAIT_CIVILIZATION_VIETNAM_NAME">
      <Text>Dokuz Ejder Nehri Deltası</Text>
    </Row>
    <Row Tag="LOC_TRAIT_CIVILIZATION_VIETNAM_DESCRIPTION">
      <Text>Tüm arazi uzmanlık bölgeleri yalnızca Yağmur Ormanı, Bataklık veya Orman üzerine inşa edilebilir. Bu özellikler üzerine inşa edilen her bina için aşağıdaki getirileri elde edin: Orman'da +1 [ICON_CULTURE] Kültür, Yağmur Ormanı'nda +1 [ICON_SCIENCE] Bilim ve Bataklık'ta +1 [ICON_PRODUCTION] Üretim. Ormanlar Ortaçağ Panayırları medeniyeti ile ekilebilir.</Text>
    </Row>
    <!-- Vietnam: Leader Info -->
    <Row Tag="LOC_LEADER_LADY_TRIEU_NAME">
      <Text>Bà Triệu</Text>
    </Row>
    <Row Tag="LOC_TRAIT_LEADER_TRIEU_NAME">
      <Text>Saldırganları Kovun</Text>
    </Row>
    <Row Tag="LOC_TRAIT_LEADER_TRIEU_DESCRIPTION">
      <Text>Yağmur Ormanı, Bataklık veya Orman karelerinde savaşan birimler için +5 [ICON_Strength] Savaş Gücü. Sıralarına orada başlarlarsa +1 [ICON_Movement] Hareket. Karo sizin bölgenizse bu bonusların her ikisi de iki katına çıkar.</Text>
    </Row>
    <Row Tag="LOC_ABILITY_TRIEU_FEATURES_NAME">
      <Text>Saldırganları Kovun</Text>
    </Row>
    <Row Tag="LOC_ABILITY_TRIEU_FEATURES_DESCRIPTION">
      <Text>Yağmur Ormanı, Bataklık veya Orman karelerinde savaşan birimler için +5 [ICON_Strength] Savaş Gücü. Sıralarına orada başlarlarsa +1 [ICON_Movement] Hareket. Karo sizin bölgenizse bu bonusların her ikisi de iki katına çıkar.</Text>
    </Row>
    <Row Tag="LOC_ABILITY_TRIEU_FRIENDLY_COMBAT_DESCRIPTION">
      <Text>+{1_Amount} Saldırganları Kov özelliğinden gelen Savaş Gücü</Text>
    </Row>
    <Row Tag="LOC_ABILITY_TRIEU_UNFRIENDLY_COMBAT_DESCRIPTION">
      <Text>+{1_Amount} Saldırganları Kov özelliğinden gelen Savaş Gücü</Text>
    </Row>
    <!-- Vietnam: Unit Info -->
    <Row Tag="LOC_UNIT_VIETNAMESE_VOI_CHIEN_NAME">
      <Text>Voi Chiến</Text>
    </Row>
    <Row Tag="LOC_UNIT_VIETNAMESE_VOI_CHIEN_DESCRIPTION">
      <Text>Arbaletçinin yerini alan Vietnam'a özgü Ortaçağ dönemi menzilli birimi. Bu birimler ek harekete sahiptir ve saldırdıktan sonra hareket edebilirler. Ayrıca savunma yaparken daha güçlüdürler, daha pahalıdırlar ve daha iyi görüşe sahiptirler.</Text>
    </Row>
    <Row Tag="LOC_ABILITY_VOI_CHIEN_NAME">
      <Text>Voi Chiến</Text>
    </Row>
    <Row Tag="LOC_ABILITY_VOI_CHIEN_DESCRIPTION">
      <Text>Saldırdıktan sonra hareket edebilir.</Text>
    </Row>
    <!-- Preserve text-->
    <Row Tag="LOC_DISTRICT_PRESERVE_NAME">
      <Text>Koruyun</Text>
    </Row>
    <Row Tag="LOC_DISTRICT_PRESERVE_DESCRIPTION">
      <Text>Temyiz'e bağlı olarak 3 [ICON_Housing] adede kadar Konut verir. Kültür, bitişik tarafsız karoları bombalar ve onların cazibesini 1 artırır.</Text>
    </Row>
    <Row Tag="LOC_BUILDING_GROVE_NAME">
      <Text>Grove</Text>
    </Row>
    <Row Tag="LOC_BUILDING_GROVE_DESCRIPTION">
      <Text>Bitişik geliştirilmemiş Büyüleyici karolara +1 [ICON_FOOD] Yiyecek ve +1 [ICON_FAITH] İnanç verir.  Bitişik geliştirilmemiş Nefes Kesici karolar için +2 [ICON_FOOD] Yiyecek, +2 [ICON_FAITH] İnanç, +2 [ICON_CULTURE] Kültür'e yükseltilir.</Text>
    </Row>
    <Row Tag="LOC_BUILDING_SANCTUARY_NAME">
      <Text>Sığınak</Text>
    </Row>
    <Row Tag="LOC_BUILDING_SANCTUARY_DESCRIPTION">
      <Text>Bitişik geliştirilmemiş Büyüleyici karolara +1 [ICON_SCIENCE] Bilim ve +1 [ICON_GOLD] Altın verir.  Bitişik geliştirilmemiş Nefes Kesici karolar için +2 [ICON_SCIENCE] Bilim, +2 [ICON_GOLD] Altın, +2 [ICON_PRODUCTION] Üretime yükseltilir.</Text>
    </Row>
    <!--Monopolies-->
    <Row Tag="LOC_GAMEMODE_MONOPOLIES_NAME">
      <Text>Tekeller ve Şirketler Modu</Text>
    </Row>
    <Row Tag="LOC_GAMEMODE_MONOPOLIES_DESCRIPTION">
      <Text>Lüks kaynaklarınızı kontrol edin, geliştirin ve genişletin! Tekeller ve Şirketler modu, Lüks kaynaklar etrafında kârlı Endüstriler kurmanızı, gelişimlerini ilerletmek için Şirketler kurmanızı ve kapitalist tarihteki yerinizi güvence altına almak için benzersiz Ürünler üretmenizi sağlar.</Text>
    </Row>
  </EnglishText>
</GameData>