﻿<?xml version="1.0" encoding="utf-8"?>
<GameData>
  <EnglishText>
    <Row Tag="LOC_CITY_HA_NOI">
      <Text>Thăng Long</Text>
    </Row>
    <Row Tag="LOC_CITY_HUE">
      <Text>Huế</Text>
    </Row>
    <Row Tag="LOC_CITY_HOA_LU">
      <Text>Hoa Lư</Text>
    </Row>
    <Row Tag="LOC_CITY_TRA_KIEU">
      <Text>Trà Kiệu</Text>
    </Row>
    <Row Tag="LOC_CITY_DONG_HOI">
      <Text>Đồng Hới</Text>
    </Row>
    <Row Tag="LOC_CITY_QUANG_TRI">
      <Text>Quảng Trị</Text>
    </Row>
    <Row Tag="LOC_CITY_DA_NANG">
      <Text>Đà Nẵng</Text>
    </Row>
    <Row Tag="LOC_CITY_CAN_THO">
      <Text>Cần Thơ</Text>
    </Row>
    <Row Tag="LOC_CITY_BAC_LIEU">
      <Text>Con Cuông</Text>
    </Row>
    <Row Tag="LOC_CITY_HOI_AN">
      <Text>Hội An</Text>
    </Row>
    <Row Tag="LOC_CITY_MY_THO">
      <Text>Mỹ Tho</Text>
    </Row>
    <Row Tag="LOC_CITY_QUY_NHON">
      <Text>Quy Nhơn</Text>
    </Row>
    <Row Tag="LOC_CITY_SAI_GON">
      <Text>Sài Gòn</Text>
    </Row>
    <Row Tag="LOC_CITY_DA_LAT">
      <Text>Đà Lạt</Text>
    </Row>
    <Row Tag="LOC_CITY_HAI_PHONG">
      <Text>Hải Phòng</Text>
    </Row>
    <Row Tag="LOC_CITY_BIEN_HOA">
      <Text>Biên Hòa</Text>
    </Row>
    <Row Tag="LOC_CITY_NHA_TRANG">
      <Text>Nha Trang</Text>
    </Row>
    <Row Tag="LOC_CITY_RACH_GIA">
      <Text>Rạch Giá</Text>
    </Row>
    <Row Tag="LOC_CITY_LONG_BIEN">
      <Text>Long Biên</Text>
    </Row>
    <Row Tag="LOC_CITY_NAM_DINH">
      <Text>Nam Định</Text>
    </Row>
    <Row Tag="LOC_CITY_VINH">
      <Text>Vinh</Text>
    </Row>
    <Row Tag="LOC_CITY_THAI_NGUYEN">
      <Text>Thái Nguyên</Text>
    </Row>
    <Row Tag="LOC_CITY_HA_LONG">
      <Text>Hạ Uzun</Text>
    </Row>
    <Row Tag="LOC_CITY_VUNG_TAU">
      <Text>Vũng Tàu</Text>
    </Row>
    <Row Tag="LOC_CITY_THANH_HOA">
      <Text>Thanh Hóa</Text>
    </Row>
    <Row Tag="LOC_CITY_BUON_MA_THUOT">
      <Text>Buôn Ma Thuột</Text>
    </Row>
    <Row Tag="LOC_CITY_VIET_TRI">
      <Text>Việt Trì</Text>
    </Row>
    <Row Tag="LOC_CITY_HAI_DUONG">
      <Text>Hải Dương</Text>
    </Row>
    <Row Tag="LOC_CITY_THU_DAU_MOT">
      <Text>Thủ Dầu Một</Text>
    </Row>
    <Row Tag="LOC_CITY_BAC_NINH">
      <Text>Bắc Ninh</Text>
    </Row>
    <Row Tag="LOC_CITY_PHAN_THIET">
      <Text>Phan Thiết</Text>
    </Row>
    <Row Tag="LOC_CITY_CA_MAU">
      <Text>Cà Mau</Text>
    </Row>
    <Row Tag="LOC_CITY_TUY_HOA">
      <Text>Tuy Hòa</Text>
    </Row>
    <Row Tag="LOC_CITY_LONG_XUYEN">
      <Text>Long Xuyên</Text>
    </Row>
    <Row Tag="LOC_CITY_PHAN_RANG">
      <Text>Phan Rang</Text>
    </Row>
    <Row Tag="LOC_CITY_CHAU_DOC">
      <Text>Châu Đốc</Text>
    </Row>
    <Row Tag="LOC_CITY_THAP_CHAM">
      <Text>Tháp Chàm</Text>
    </Row>
    <Row Tag="LOC_CITY_THAI_BINH">
      <Text>Thái Bình</Text>
    </Row>
    <Row Tag="LOC_CITY_CAM_PHA">
      <Text>Cẩm Phả</Text>
    </Row>
    <Row Tag="LOC_CITY_SA_DEC">
      <Text>Sa Đéc</Text>
    </Row>
    <Row Tag="LOC_CITY_PLEIKU">
      <Text>Pleiku</Text>
    </Row>
  </EnglishText>
</GameData>