﻿<?xml version="1.0" encoding="utf-8"?>
<GameData>
  <EnglishText>
    <!-- civs -->
    <Row Tag="LOC_CIVINFO_VIETNAM_LOCATION">
      <Text>Güneydoğu Asya</Text>
    </Row>
    <Row Tag="LOC_CIVINFO_VIETNAM_SIZE">
      <Text>331.210 km kare (205.804 mil kare)</Text>
    </Row>
    <Row Tag="LOC_CIVINFO_VIETNAM_POPULATION">
      <Text>98.721.275 (2020'de)</Text>
    </Row>
    <Row Tag="LOC_CIVINFO_VIETNAM_CAPITAL">
      <Text>Hanoi (Hà Nội)</Text>
    </Row>
    <Row Tag="LOC_PEDIA_CIVILIZATIONS_PAGE_CIVILIZATION_VIETNAM_CHAPTER_HISTORY_PARA_1">
      <Text>Vietnam, Güneydoğu Asya'daki en eski tarihi kayıtlardan birine sahiptir ve bu kayıt, bağımsızlık için ve yabancı işgaline karşı - Çin imparatorlarına, Avrupalı sömürgecilere ve hatta Amerika Birleşik Devletleri'ne karşı - sürekli bir mücadeleyi yansıtmaktadır.</Text>
    </Row>
    <Row Tag="LOC_PEDIA_CIVILIZATIONS_PAGE_CIVILIZATION_VIETNAM_CHAPTER_HISTORY_PARA_2">
      <Text>İlk Vietnamlılar - "Kinh" - Kızıl Nehir deltasına yerleşmiş ve Hồng Bàng hanedanlığı döneminde M.Ö. 1200 gibi erken bir tarihte toprağı sulanan pirinç patikalarıyla işlemeye başlamıştır. Efsaneye göre, Lạc Long Quân ilk Vietnamlı çiftçilere pirinç yetiştirmeyi öğretti ve M.Ö. altıncı yüzyıla gelindiğinde, etraflarındaki su yollarından yararlanarak sulama sistemleri, kanallar ve bentler inşa ettiler. Tahıl ekimi insanları bir araya getirir ve kentleşme zanaatkârların ve el sanatlarının gelişmesi anlamına gelir. Vietnam'da bu, karmaşık ipekler, bakır ve bronz aletler ve silahlar anlamına geliyordu. Bu dönemde özellikle etkileyici olan Đông Sơn bronz davullarıdır.</Text>
    </Row>
    <Row Tag="LOC_PEDIA_CIVILIZATIONS_PAGE_CIVILIZATION_VIETNAM_CHAPTER_HISTORY_PARA_3">
      <Text>Ancak refahın olduğu yerde savaş da vardır. Vietnam, başlangıcından bu yana kuzey komşusu olan çeşitli Çin hanedanlarıyla karmaşık bir tarihe sahip olmuştur. Vietnam halkı Doğu Asya Konfüçyüsçülüğünü ve Mahayana Budizmini (komşu Laos ve Kamboçya'nın Theravada Budizminin aksine), Çince karakterleri, Çin toprak yönetimi kavramlarını ve - tarihçileri memnun edecek şekilde - Çin kayıt tutma geleneklerini benimsemiştir. Ancak tüm bunlar sadece kültürel alışverişten ibaret değildi. Ordular da işin içine girdi.</Text>
    </Row>
    <Row Tag="LOC_PEDIA_CIVILIZATIONS_PAGE_CIVILIZATION_VIETNAM_CHAPTER_HISTORY_PARA_4">
      <Text>Triệu Đà ya da Zhao Tuo, Kuzey Vietnam'ı fetheden Çinli bir generaldi, ancak Çin Qin Hanedanlığı'nın dağılmasının ardından kendisinin de İmparator olabileceğine karar verdi. Bugün güney Çin ve kuzey Vietnam olan topraklarda Nanyue ya da Nam Việt krallığını kurdu. Bu da şu soruyu gündeme getiriyor: Triệu Đà Vietnamlı bir imparator muydu yoksa Çinli bir imparator mu? Bu iyi bir soru - ve siyasi açıdan son derece yüklü bir soru. Bununla birlikte, Han Hanedanlığı Nanyue'yi yenip Vietnam'ı Çin'e kattığında Zhao Tuo'nun imparatorluk hırsları çöktüğü için tarihçilerin çözmesi gereken bir sorudur. Triệu Đà her ne idiyse, artık o değildi.</Text>
    </Row>
    <Row Tag="LOC_PEDIA_CIVILIZATIONS_PAGE_CIVILIZATION_VIETNAM_CHAPTER_HISTORY_PARA_5">
      <Text>Bu, Vietnamlıların işgale direndiği ilk dönem olacaktı - ama kesinlikle son olmayacaktı. Çin yasaları, özellikle de kadınların gücünü sınırlayan yasalar, uzun zamandır Güneydoğu Asya'nın daha anaerkil geleneklerini benimsemiş olan Vietnamlıları rahatsız ediyordu. Bu yüzden ayaklananların kadınlar olması şaşırtıcı değildir. MS 40 yılında Trưng Kızkardeşleri Han valisi Su Dung'a karşı ayaklandı. Bağımsız bir Vietnam devleti adına altmış beş eyaleti ele geçirerek başarılı bir isyana önderlik ettiler. En büyük kız kardeş Trưng Trắc kraliçe olarak taç giydi ve İmparator Guangwu'nun nihayet canına tak edene kadar iki yıl boyunca iktidarlarını sürdürdüler. Toprakları yeniden ele geçirmek ve kız kardeşlerin kellelerini almak için bir ordu gönderdi. Ancak bunları asla alamadı: yenilgilerinin ardından kız kardeşler düşman tarafından canlı ele geçirilip aşağılanmaktansa intihar ettiler.</Text>
    </Row>
    <Row Tag="LOC_PEDIA_CIVILIZATIONS_PAGE_CIVILIZATION_VIETNAM_CHAPTER_HISTORY_PARA_6">
      <Text>Ancak isyancılar direnmeye devam etti. MS 225 yılında, Lady Triệu veya Bà Triệu olarak da bilinen Triệu Thị Trinh yeni bir isyana öncülük etti. Trưng Kardeşler gibi o da yenilmiş olsa da etkisi devam etti. İsyanlar Lý Bôn gibi liderlerin yönetiminde devam etse de, Vietnam MS 938'e kadar bağımsız olamayacaktı. Ancak MS birinci bin yılda, işgal altında bile olsa, Vietnam gelişti ve arkeologlar Vietnam sitelerinde Roma'ya kadar uzanan ticaret malları keşfetti.</Text>
    </Row>
    <Row Tag="LOC_PEDIA_CIVILIZATIONS_PAGE_CIVILIZATION_VIETNAM_CHAPTER_HISTORY_PARA_7">
      <Text>MS 938'deki belirleyici Bạch Đằng Savaşı'ndan sonra Vietnam bağımsızdı ama istikrarsızdı. Đinh Bộ Lĩnh, Đinh hanedanını kurana kadar ülke yaklaşık yirmi yıl boyunca iç savaşla kaynadı. Đinh döneminde ülkenin adı Đại Cồ Việt ya da "Büyük Viet Ülkesi" olarak değiştirildi. Đinh katı yasalar koydu ve önde gelen ailelerle ittifaklar kurmaya çalıştı, ancak yönetimi hem kendisi hem de veliaht prens suikasta kurban gitmeden önce sadece sekiz yıl sürecekti. Song Hanedanı Çin'i, yaşanan dramı izleyerek durumdan faydalanmaya karar verdi ve işgal etti. Suikasta kurban giden kralın altı yaşındaki oğlunun tahta geçmesi yerine, Lê Đại Hành çocuğun annesiyle evlenerek yönetimi devraldı ve böylece Erken Lê hanedanlığı başlamış oldu. Çin saldırısını zekice taktiklerle (Çin kayıtlarında belirtilmemiştir, ancak mağlubiyete karışan tüm komutan ve generallerin idam edilmesine yol açmıştır) bozguna uğratmıştır. Bundan sonra Çin bölgeden (şimdilik) vazgeçti, ancak bu muhtemelen gerçek bir korkudan ziyade Vietnam'ın onlara ödediği haraç düzenlemesi sayesinde oldu. Düzenli maaş çekleri alırken neden işgal zahmetine giresiniz ki?</Text>
    </Row>
    <Row Tag="LOC_PEDIA_CIVILIZATIONS_PAGE_CIVILIZATION_VIETNAM_CHAPTER_HISTORY_PARA_8">
      <Text>Vietnam yaklaşık beş yüz yıl boyunca bağımsız kalacaktır. Vietnam da Kızıl Nehir vadisinden (Hanoi bölgesi) Mekong Deltasına doğru kıyı boyunca yayıldı. Bu, Cham ve Khmer (Kamboçyalılar) dahil olmak üzere diğer etnik gruplara karşı bir dizi savaş ve fetih içeriyordu; gerçekten de Mekong Deltası'nda bugün Budizm'in kendi versiyonunu uygulayan ve Kamboçça konuşan birçok etnik Khmer vardır.</Text>
    </Row>
    <Row Tag="LOC_PEDIA_CIVILIZATIONS_PAGE_CIVILIZATION_VIETNAM_CHAPTER_HISTORY_PARA_9">
      <Text>Güneye doğru genişlemeyi takip eden Lý hanedanlığı, Vietnam'ın bugünkü halinin temellerini atmıştır. Bu dört yüz yıl süren ve içe odaklanmayı içeren müreffeh bir dönemdi. Lý'ler ekonomilerinin gelişmesini istiyorlardı ve bunun için de işe nüfuslarına yatırım yaparak başladılar - örneğin Quốc Tử Giám ya da "Edebiyat Tapınağı "nı kurdular. Eğitim soylularla sınırlı değildi ve Vietnam'dan Çin'e, Kore'den Japonya'ya kadar tanınabilecek Konfüçyüsçü meritokratik bir sistemde, halktan kişiler hükümet içindeki pozisyonlara yükselmek için sınavlara girebiliyordu.  Bu sadece erkek egemen bir sistem de değildi: vergi sistemi kadınların tahsilattan sorumlu olmasıyla yeniden düzenlendi. Lý hanedanlığı döneminde din, özellikle de Budizm, Konfüçyüsçülük ve Taoizm toplumda daha büyük bir rol üstlendi.</Text>
    </Row>
    <Row Tag="LOC_PEDIA_CIVILIZATIONS_PAGE_CIVILIZATION_VIETNAM_CHAPTER_HISTORY_PARA_10">
      <Text>Ancak bu dönem çatışmasız geçmedi. Lý hanedanı yerini Trần hanedanına bırakırken, Vietnam hem Moğol ve (daha fazla) Çin istilasıyla hem de daha önce fethedilen Cham halkının isyanıyla karşı karşıya kaldı. Bu savaşlar, Trần yöneticilerinin azalan itibarıyla birleşince Vietnam'ın savunması ihanete açık hale geldi. 1400'lerde General Hồ Quý Ly tahtı ele geçirdi ve feodal toprak ağaları arasında popüler olmayan bir dizi cesur ve ilerici reform ilan etti. Bu soylular, Trần hanedanlığını yeniden kurmak için Çin'in Ming hanedanlığından yardım istedi ve Çin 1407'de Vietnam'ı bir kez daha ele geçirdi. Çin yasaları altında, Vietnam'a bir kez daha Çin kültürünü benimsemesi için baskı yapıldı ve daha önce olduğu gibi Vietnam buna direndi. Lê Lợi adında zengin bir çiftçi isyana önderlik etti ve sonuçta başarılı olarak yeni Lê hanedanını kurdu (daha sonra Tây Sơn ve Nguyễn hanedanlarının yerini aldı - bu son hanedanın adı o kadar popülerdi ki binlerce aile isimlerini Nguyễn olarak değiştirdi: şu anda en yaygın Vietnam soyadı!) Lê hanedanlığı Konfüçyüsçü ideolojilerden etkilenmiş ve bu da yeni, daha ilerici yasaların yürürlüğe girmesine yol açmıştır. Eğitim ve genişleme bir kez daha öncelik kazandı.</Text>
    </Row>
    <Row Tag="LOC_PEDIA_CIVILIZATIONS_PAGE_CIVILIZATION_VIETNAM_CHAPTER_HISTORY_PARA_11">
      <Text>Dolayısıyla, Avrupalılar 1700'lerde ortaya çıkmaya başladığında, Hıristiyanlığı yayma çabaları birçok kişi tarafından Vietnam medeniyetinin temellerine doğrudan bir saldırı olarak görüldü. Ve bir anlamda haksız da sayılmazlardı - din gerçekten de Vietnam'ın sömürge olarak işgal edilmesinin bahanesiydi. Fransız misyonerlerin idam edilmesi nedeniyle, Fransızlar (İspanyol müttefikleriyle) güney Vietnam'ı işgal etti, aldı ve elinde tuttu. Fransız ilerleyişi devam etti ve 1887 yılına gelindiğinde Fransa tüm Vietnam, Kamboçya ve Laos'u kontrol ediyordu.</Text>
    </Row>
    <Row Tag="LOC_PEDIA_CIVILIZATIONS_PAGE_CIVILIZATION_VIETNAM_CHAPTER_HISTORY_PARA_12">
      <Text>Fransız Hindiçini sürekli savaş halinde görünüyordu. Fransa, Laos üzerindeki hak iddiaları yüzünden Siyam ile savaşıyor, Siyam ile savaşmadığı zamanlarda ise Vietnamlı isyancılarla savaşıyordu. Ve son isyan dalgası durduktan hemen sonra İkinci Dünya Savaşı başladı.</Text>
    </Row>
    <Row Tag="LOC_PEDIA_CIVILIZATIONS_PAGE_CIVILIZATION_VIETNAM_CHAPTER_HISTORY_PARA_13">
      <Text>İşte Vietnam sahnesine bir başka figür daha giriyor: Hồ Chí Minh. Hồ Fransa'da eğitim görmüş, hayatının erken dönemlerinde ABD ve İngiltere'de el işçiliği yapmış ve zeki bir siyaset bilginiydi. Hồ her türden devrimciye sempati duymaya başladı: Fransız, Amerikan ve Rus devrimcilerine sempati duymaya başladı ve İkinci Dünya Savaşı'nda Vietnam'a dönerek işgalci Japon ve Vichy Fransız güçlerine karşı savaştı. Savaştan sonra Hồ, "Bütün insanlar eşit yaratılmıştır; Yaratıcıları tarafından bazı devredilemez haklarla donatılmışlardır; bunlar arasında Yaşam, Özgürlük ve Mutluluk Arayışı da vardır" diye başlayan Vietnam Bağımsızlık Bildirgesi'ni okudu. Gerçekten de, İkinci Dünya Savaşı'nda Mihver güçlerine karşı verdiği mücadelede Amerikalılardan yardım alan Hồ, kısa bir süre için ABD'nin Vietnam'ın Fransa'dan bağımsızlığını destekleyeceğini düşündü. Bu konuda yanıldı ve ABD'nin Fransız sömürgeci işgaline verdiği destek, Hồ'nun Hanoi merkezli Việt Minh hareketini giderek Sovyetler Birliği'ne yaklaştırdı. Vietnam güçleri sonunda Diên Biên Phu savaşında Fransızları yendi ve 1954 yılında Fransız işgali sona erdi.</Text>
    </Row>
    <Row Tag="LOC_PEDIA_CIVILIZATIONS_PAGE_CIVILIZATION_VIETNAM_CHAPTER_HISTORY_PARA_14">
      <Text>Ancak savaşın sonunda Vietnam, Sovyet destekli Kuzey ile ABD destekli Güney arasında bölünmüştü. Bu bölünme bağımsızlıktan hemen sonra açık savaşa dönüştü ve ABD tarafından Vietnam Savaşı, Vietnamlılar tarafından da Amerikan Savaşı olarak adlandırılan bir değiş tokuşa yol açtı. Hồ ve Kuzey Vietnam güçleri bu savaştan galip çıktı ve bugün hala varlığını sürdüren Vietnam Sosyalist Cumhuriyeti'ni kurdu. Ancak bu savaşın hemen ardından bir başkası geldi: Vietnam, katil Kızıl Khmer rejimini devirmek amacıyla Kamboçya'yı işgal etti. Kızıl Kmerler Çin'in müttefikiydi ve bu savaş 1979'da (bir başka) Çin işgaline yol açtı. Neredeyse bir asırdır devam eden savaşın ardından Vietnamlılar bir şekilde Çin kuvvetlerini püskürttü - bir başka direniş eylemi daha.</Text>
    </Row>
    <!-- leaders -->
    <Row Tag="LOC_PEDIA_LEADERS_PAGE_LEADER_KUBLAI_KHAN_CHINA_TITLE">
      <Text>Kubilay Han (Çin)</Text>
    </Row>
    <Row Tag="LOC_PEDIA_LEADERS_PAGE_LEADER_KUBLAI_KHAN_CHINA_QUOTE">
      <Text>Bundan sonra birbirinizle dostane ilişkiler içine girin. Tüm ülkelerin tek bir aileye ait olduğunu düşünüyoruz.</Text>
    </Row>
    <Row Tag="LOC_PEDIA_LEADERS_PAGE_LEADER_KUBLAI_KHAN_CHINA_CHAPTER_HISTORY_PARA_1">
      <Text>Moğol İmparatorluğu'nu genişletip birleştirebilecek biri varsa o da Cengiz Han'ın torunudur. Kubilay Han MS 1260'tan 1294'e kadar hüküm sürmüş ve Kore Yarımadası'ndan günümüz Bağdat'ının sınırlarına kadar uzanan bir imparatorluk kurmuştur.</Text>
    </Row>
    <Row Tag="LOC_PEDIA_LEADERS_PAGE_LEADER_KUBLAI_KHAN_CHINA_CHAPTER_HISTORY_PARA_2">
      <Text>Kubilay MS 1215 yılında doğdu ve Tolui'nin dördüncü oğluydu. Daha çocukken bile yetenekli bir süvari ve savaşçı olduğunu kanıtladı. Seferlerde babasına katıldı ve gençliğinde bile saygın bir savaşçı olarak ün kazandı. Kubilay ayrıca, daha sonra Yuan İmparatoru olduğunda kendisine yardımcı olacak olan, özellikle Çin sanatları ve edebiyatı konusunda kendini eğitmek için zaman harcadı.</Text>
    </Row>
    <Row Tag="LOC_PEDIA_LEADERS_PAGE_LEADER_KUBLAI_KHAN_CHINA_CHAPTER_HISTORY_PARA_3">
      <Text>Babası öldükten sonra Kubilay veraset sırasını izledi. Sonunda Büyük Han unvanı Kubilay'ın ağabeyi Möngke'ye geçti. Başlangıçta ağabeyinin yönetimini destekledi ve sadakati ona ilkhan veya genel vali pozisyonunu kazandırdı. Bu süreyi ağabeyinden bir şeyler öğrenmek, müttefikler edinmek, danışmanlarını toplamak ve gerektiğinde sahada bir savaşçı olarak hizmet etmek için kullandı. Ancak, ağabeyinin MS 1259'da ölümünün ardından, Büyük Han unvanı için (Kubilay'dan çok daha az sabırlı olan) küçük kardeşi Arık Böke'ye karşı savaşmak zorunda kaldı. Arık Böke'nin popülaritesine rağmen, Kubilay daha fazla kaynağa ve Orta Asya'nın dört bir yanından çok sayıda prensin desteğine sahipti ve bu da ona unvanı güvence altına almak için gereken avantajı sağladı.</Text>
    </Row>
    <Row Tag="LOC_PEDIA_LEADERS_PAGE_LEADER_KUBLAI_KHAN_CHINA_CHAPTER_HISTORY_PARA_4">
      <Text>Yine de "Büyük Han" olmak yeterli değildi. Kubilay daha fazlasını istiyordu. Büyük resme baktığında, Kubilay bölünmüş bir imparatorluk gördü - büyükbabasının mirasının kalıntıları - ve onu bir kez daha birleştirmeye ve daha da ileriye götürmeye çalıştı. Gözünü Çin'e dikti.</Text>
    </Row>
    <Row Tag="LOC_PEDIA_LEADERS_PAGE_LEADER_KUBLAI_KHAN_CHINA_CHAPTER_HISTORY_PARA_5">
      <Text>Çin'e ilk giriş beş yıl sürdü, ancak Kubilay, MS 1276'da Song'un başkenti Lin-an'ı ele geçirmeden önce Hsiang-yang ve Fan-ch'eng ile başlayarak Çin şehirlerini istikrarlı bir şekilde ele geçirdi. Merhametliydi ve Çinli çocuk imparator ile annesinin canını bağışlayarak ikisini sarayında siyasi tutsak olarak tuttu. 1278'de Kubilay, yoluna çıkan son prensi de kesin bir deniz savaşıyla yendikten sonra İmparator ilan edilme hedefine ulaştı. Zaferiyle birlikte tüm Çin'i yöneten ilk Moğol oldu. Yuan Hanedanlığı'nı kurdu ve ilk hükümdarı olarak görev yaptı.</Text>
    </Row>
    <Row Tag="LOC_PEDIA_LEADERS_PAGE_LEADER_KUBLAI_KHAN_CHINA_CHAPTER_HISTORY_PARA_6">
      <Text>Kubilay stratejik olarak Çin imparatorlarının geleneksel kıyafetlerini giydi. Kendisini ve Moğol adetlerini yeni tebaasına zorla kabul ettirmek yerine, onları bir kıymık gibi batırdı - fark edilebilir, ama o kadar da acı verici değil. Kubilay elbette Moğolların, özellikle de hükümetin üst kademelerinde gücü elinde tutmasını sağladı ama yeni tebaasına baskı yapmadı. Tüccarlar, zanaatkârlar, Orta Asyalılar ve Moğol aristokrasisi yeni imparatorlukta üst sıralarda yer alıyordu. Han Çinlileri orta ve alt sınıf vatandaşlara indirgendi ve devlet görevinde bulunamadılar. Ancak bazılarının, özellikle de iyi eğitimli olanların idari görevlerde bulunmasına izin verildi. Diğer dinlere hoşgörü göstermiş, Konfüçyüsçü idealleri desteklemiş ve Han Çinlilerinin alışkın olduğu geleneksel Moğol krallığına daha yakın bir şekilde yönetmiştir.</Text>
    </Row>
    <Row Tag="LOC_PEDIA_LEADERS_PAGE_LEADER_KUBLAI_KHAN_CHINA_CHAPTER_HISTORY_PARA_7">
      <Text>Kubilay, İmparatorluğu sırasında birçok ekonomik ve sınıfsal değişiklik yapmıştır. İşlemler için kâğıt para kullanımını teşvik etti ve şaşırtıcı bir şekilde Batılı misyonerleri kabul etmek, Papa X. Gregory ile doğrudan temas halinde olmak da dâhil olmak üzere Batı ile ticareti teşvik etti. Kubilay, Niccolo Polo'nun oğlu Marco'yu da tanıyordu. Marco Polo günlüklerinde Kubilay'dan olumlu bir şekilde bahsetmiş ve ikili en az on yedi yıl boyunca yakın bir ilişki sürdürmüştür. Kubilay'ın Çin'de üretilen kaliteli porselenleri takdir etmesi nedeniyle tüccarlar ve zanaatkârlar yeni rejim altında vergi indirimi aldılar. Moğolların değerli ticaret yollarını kontrol etme ve koruma becerisi sayesinde ekonomi Kubilay'ın yönetimi altında büyüdü.</Text>
    </Row>
    <Row Tag="LOC_PEDIA_LEADERS_PAGE_LEADER_KUBLAI_KHAN_CHINA_CHAPTER_HISTORY_PARA_8">
      <Text>Kubilay genel olarak iyi karşılanmasına ve yardımsever bir imparator olarak görülmesine rağmen, herkes onunla ya da politikalarıyla aynı fikirde değildi. Han Çinli vatandaşlar yeni sınıf yapısından ve buna eşlik eden yüksek vergilerden pek de memnun değildi. Kuzeni Kaidu, Kubilay'ın hükümdarlığı boyunca sürekli bir tehdit olarak hizmet etti. Ancak Kaidu, Büyük Han'ı ve İmparatoru tahttan indirme girişimlerinde hiçbir zaman başarılı olamadı.</Text>
    </Row>
    <Row Tag="LOC_PEDIA_LEADERS_PAGE_LEADER_KUBLAI_KHAN_CHINA_CHAPTER_HISTORY_PARA_9">
      <Text>Kubilay, İmparator olduğu süre boyunca zaten geniş olan imparatorluğunu daha da genişletmek için savaştı. Bazı bölgeler çabucak boyun eğerken, diğerleri direndi, bazen de savaş hünerinden çok şansının yardımıyla. Japonya'yı iki kez işgal etmeyi denedi, ancak her iki işgal de Japonların üstün deniz kuvvetleri veya iyi zamanlanmış fırtınalar - kamikaze veya "ilahi rüzgar" nedeniyle başarısız oldu.</Text>
    </Row>
    <Row Tag="LOC_PEDIA_LEADERS_PAGE_LEADER_KUBLAI_KHAN_CHINA_CHAPTER_HISTORY_PARA_10">
      <Text>Kubilay'ın verimli saltanatı otuz dört yıl sonra 1294'te öldüğünde sona erdi. (En sevdiği) karısını ve en büyük oğlunu kaybetmesi onu depresyona sürükledi. Yetmiş dokuz yaşına kadar yaşamıştı.</Text>
    </Row>
    <Row Tag="LOC_PEDIA_LEADERS_PAGE_LEADER_KUBLAI_KHAN_CHINA_CHAPTER_CAPSULE_BODY">
      <Text>Kubilay Han, büyükbabasının aksine [ICON_TradeRoute] Ticaret Yolları kurmaya ve beraberinde gelen [ICON_TechBoosted] Eurekaları ve [ICON_CivicBoosted] İlhamları bir Bilim zaferini beslemek için kullanmaya odaklanır.</Text>
    </Row>
    <Row Tag="LOC_PEDIA_LEADERS_PAGE_LEADER_KUBLAI_KHAN_CHINA_CHAPTER_DETAILED_BODY">
      <Text>Kubilay Han, fazladan bir Ekonomik Politika slotu ile birçok farklı zafer için iyi bir konuma sahip. Yine de [ICON_TradeRoute] Ticaret Yollarının çalışmaya devam etmesi gerekiyor, bu nedenle yeni savaşlar planlarken dikkatli olmalı. Kubilay her zaman yeni dostlar arar, çünkü yabancı bir Medeniyetteki ilk başarılı [ICON_TradingPost] Ticaret Karakolundan [ICON_TechBoosted] Eurekas ve [ICON_CivicBoosted] İlham alır, bu ilerlemeler bir Bilim veya Kültür Zaferine yardımcı olabilir.</Text>
    </Row>
    <Row Tag="LOC_PEDIA_LEADERS_PAGE_LEADER_KUBLAI_KHAN_MONGOLIA_TITLE">
      <Text>Kubilay Han (Moğolistan)</Text>
    </Row>
    <Row Tag="LOC_PEDIA_LEADERS_PAGE_LEADER_KUBLAI_KHAN_MONGOLIA_CHAPTER_CAPSULE_BODY">
      <Text>Kubilay Han, büyükbabasının aksine [ICON_TradeRoute] Ticaret Yolları kurmaya ve beraberinde gelen [ICON_TechBoosted] Eurekaları ve [ICON_CivicBoosted] İlhamları bir Bilim zaferini beslemek için kullanmaya odaklanır.</Text>
    </Row>
    <Row Tag="LOC_PEDIA_LEADERS_PAGE_LEADER_KUBLAI_KHAN_MONGOLIA_CHAPTER_DETAILED_BODY">
      <Text>Kubilay Han, fazladan bir Ekonomik Politika slotu ile birçok farklı zafer için iyi bir konuma sahip. Yine de [ICON_TradeRoute] Ticaret Yollarının çalışmaya devam etmesi gerekiyor, bu nedenle yeni savaşlar planlarken dikkatli olmalı. Kubilay her zaman yeni dostlar arar, çünkü yabancı bir Medeniyetteki ilk başarılı [ICON_TradingPost] Ticaret Karakolundan [ICON_TechBoosted] Eurekas ve [ICON_CivicBoosted] İlham alır, bu ilerlemeler bir Bilim veya Kültür Zaferine yardımcı olabilir.</Text>
    </Row>
    <Row Tag="LOC_PEDIA_LEADERS_PAGE_LEADER_KUBLAI_KHAN_MONGOLIA_CHAPTER_HISTORY_PARA_1">
      <Text>Moğol İmparatorluğu'nu genişletip birleştirebilecek biri varsa o da Cengiz Han'ın torunudur. Kubilay Han MS 1260'tan 1294'e kadar hüküm sürmüş ve Kore Yarımadası'ndan günümüz Bağdat'ının sınırlarına kadar uzanan bir imparatorluk kurmuştur.</Text>
    </Row>
    <Row Tag="LOC_PEDIA_LEADERS_PAGE_LEADER_KUBLAI_KHAN_MONGOLIA_CHAPTER_HISTORY_PARA_2">
      <Text>Kubilay MS 1215 yılında doğdu ve Tolui'nin dördüncü oğluydu. Daha çocukken bile yetenekli bir süvari ve savaşçı olduğunu kanıtladı. Seferlerde babasına katıldı ve gençliğinde bile saygın bir savaşçı olarak ün kazandı. Kubilay ayrıca, daha sonra Yuan İmparatoru olduğunda kendisine yardımcı olacak olan, özellikle Çin sanatları ve edebiyatı konusunda kendini eğitmek için zaman harcadı.</Text>
    </Row>
    <Row Tag="LOC_PEDIA_LEADERS_PAGE_LEADER_KUBLAI_KHAN_MONGOLIA_CHAPTER_HISTORY_PARA_3">
      <Text>Babası öldükten sonra Kubilay veraset sırasını izledi. Sonunda Büyük Han unvanı Kubilay'ın ağabeyi Möngke'ye geçti. Başlangıçta ağabeyinin yönetimini destekledi ve sadakati ona ilkhan veya genel vali pozisyonunu kazandırdı. Bu süreyi ağabeyinden bir şeyler öğrenmek, müttefikler edinmek, danışmanlarını toplamak ve gerektiğinde sahada bir savaşçı olarak hizmet etmek için kullandı. Ancak, ağabeyinin MS 1259'da ölümünün ardından, Büyük Han unvanı için (Kubilay'dan çok daha az sabırlı olan) küçük kardeşi Arık Böke'ye karşı savaşmak zorunda kaldı. Arık Böke'nin popülaritesine rağmen, Kubilay daha fazla kaynağa ve Orta Asya'nın dört bir yanından çok sayıda prensin desteğine sahipti ve bu da ona unvanı güvence altına almak için gereken avantajı sağladı.</Text>
    </Row>
    <Row Tag="LOC_PEDIA_LEADERS_PAGE_LEADER_KUBLAI_KHAN_MONGOLIA_CHAPTER_HISTORY_PARA_4">
      <Text>Yine de "Büyük Han" olmak yeterli değildi. Kubilay daha fazlasını istiyordu. Büyük resme baktığında, Kubilay bölünmüş bir imparatorluk gördü - büyükbabasının mirasının kalıntıları - ve onu bir kez daha birleştirmeye ve daha da ileriye götürmeye çalıştı. Gözünü Çin'e dikti.</Text>
    </Row>
    <Row Tag="LOC_PEDIA_LEADERS_PAGE_LEADER_KUBLAI_KHAN_MONGOLIA_CHAPTER_HISTORY_PARA_5">
      <Text>Çin'e ilk giriş beş yıl sürdü, ancak Kubilay, MS 1276'da Song'un başkenti Lin-an'ı ele geçirmeden önce Hsiang-yang ve Fan-ch'eng ile başlayarak Çin şehirlerini istikrarlı bir şekilde ele geçirdi. Merhametliydi ve Çinli çocuk imparator ile annesinin canını bağışlayarak ikisini sarayında siyasi tutsak olarak tuttu. 1278'de Kubilay, yoluna çıkan son prensi de kesin bir deniz savaşıyla yendikten sonra İmparator ilan edilme hedefine ulaştı. Zaferiyle birlikte tüm Çin'i yöneten ilk Moğol oldu. Yuan Hanedanlığı'nı kurdu ve ilk hükümdarı olarak görev yaptı.</Text>
    </Row>
    <Row Tag="LOC_PEDIA_LEADERS_PAGE_LEADER_KUBLAI_KHAN_MONGOLIA_CHAPTER_HISTORY_PARA_6">
      <Text>Kubilay stratejik olarak Çin imparatorlarının geleneksel kıyafetlerini giydi. Kendisini ve Moğol adetlerini yeni tebaasına zorla kabul ettirmek yerine, onları bir kıymık gibi batırdı - fark edilebilir, ama o kadar da acı verici değil. Kubilay elbette Moğolların, özellikle de hükümetin üst kademelerinde gücü elinde tutmasını sağladı ama yeni tebaasına baskı yapmadı. Tüccarlar, zanaatkârlar, Orta Asyalılar ve Moğol aristokrasisi yeni imparatorlukta üst sıralarda yer alıyordu. Han Çinlileri orta ve alt sınıf vatandaşlara indirgendi ve devlet görevinde bulunamadılar. Ancak bazılarının, özellikle de iyi eğitimli olanların idari görevlerde bulunmasına izin verildi. Diğer dinlere hoşgörü göstermiş, Konfüçyüsçü idealleri desteklemiş ve Han Çinlilerinin alışkın olduğu geleneksel Moğol krallığına daha yakın bir şekilde yönetmiştir.</Text>
    </Row>
    <Row Tag="LOC_PEDIA_LEADERS_PAGE_LEADER_KUBLAI_KHAN_MONGOLIA_CHAPTER_HISTORY_PARA_7">
      <Text>Kubilay, İmparatorluğu sırasında birçok ekonomik ve sınıfsal değişiklik yapmıştır. İşlemler için kâğıt para kullanımını teşvik etti ve şaşırtıcı bir şekilde Batılı misyonerleri kabul etmek, Papa X. Gregory ile doğrudan temas halinde olmak da dâhil olmak üzere Batı ile ticareti teşvik etti. Kubilay, Niccolo Polo'nun oğlu Marco'yu da tanıyordu. Marco Polo günlüklerinde Kubilay'dan olumlu bir şekilde bahsetmiş ve ikili en az on yedi yıl boyunca yakın bir ilişki sürdürmüştür. Kubilay'ın Çin'de üretilen kaliteli porselenleri takdir etmesi nedeniyle tüccarlar ve zanaatkârlar yeni rejim altında vergi indirimi aldılar. Moğolların değerli ticaret yollarını kontrol etme ve koruma becerisi sayesinde ekonomi Kubilay'ın yönetimi altında büyüdü.</Text>
    </Row>
    <Row Tag="LOC_PEDIA_LEADERS_PAGE_LEADER_KUBLAI_KHAN_MONGOLIA_CHAPTER_HISTORY_PARA_8">
      <Text>Kubilay genel olarak iyi karşılanmasına ve yardımsever bir imparator olarak görülmesine rağmen, herkes onunla ya da politikalarıyla aynı fikirde değildi. Han Çinli vatandaşlar yeni sınıf yapısından ve buna eşlik eden yüksek vergilerden pek de memnun değildi. Kuzeni Kaidu, Kubilay'ın hükümdarlığı boyunca sürekli bir tehdit olarak hizmet etti. Ancak Kaidu, Büyük Han'ı ve İmparatoru tahttan indirme girişimlerinde hiçbir zaman başarılı olamadı.</Text>
    </Row>
    <Row Tag="LOC_PEDIA_LEADERS_PAGE_LEADER_KUBLAI_KHAN_MONGOLIA_CHAPTER_HISTORY_PARA_9">
      <Text>Kubilay, İmparator olduğu süre boyunca zaten geniş olan imparatorluğunu daha da genişletmek için savaştı. Bazı bölgeler çabucak boyun eğerken, diğerleri direndi, bazen de savaş hünerinden çok şansının yardımıyla. Japonya'yı iki kez işgal etmeyi denedi, ancak her iki işgal de Japonların üstün deniz kuvvetleri veya iyi zamanlanmış fırtınalar - kamikaze veya "ilahi rüzgar" nedeniyle başarısız oldu.</Text>
    </Row>
    <Row Tag="LOC_PEDIA_LEADERS_PAGE_LEADER_KUBLAI_KHAN_MONGOLIA_CHAPTER_HISTORY_PARA_10">
      <Text>Kubilay'ın verimli saltanatı otuz dört yıl sonra 1294'te öldüğünde sona erdi. Yetmiş dokuz yaşına kadar yaşamasına rağmen (en sevdiği) karısını ve en büyük oğlunu kaybetmesi onu depresyona sürükledi.</Text>
    </Row>
    <Row Tag="LOC_PEDIA_LEADERS_PAGE_LEADER_LADY_TRIEU_TITLE">
      <Text>Bà Triệu</Text>
    </Row>
    <Row Tag="LOC_PEDIA_LEADERS_PAGE_LEADER_LADY_TRIEU_QUOTE">
      <Text>Ben sadece rüzgâra binmek ve dalgalarda yürümek, doğu denizinin büyük balinalarını öldürmek, sınırları temizlemek ve insanları boğulmaktan kurtarmak istiyorum.</Text>
    </Row>
    <Row Tag="LOC_PEDIA_LEADERS_PAGE_LEADER_LADY_TRIEU_CHAPTER_HISTORY_PARA_1">
      <Text>Vietnam, kendisini fethetmek isteyenlerle uzun bir savaş tarihine sahiptir. Bu savaşların liderlerinden bazıları kahraman, hatta yerel ilahlar olarak kabul edilir. Bunların en eskilerinden birinin adı Triệu'dur.</Text>
    </Row>
    <Row Tag="LOC_PEDIA_LEADERS_PAGE_LEADER_LADY_TRIEU_CHAPTER_HISTORY_PARA_2">
      <Text>MS 200'lerin başında kuzey Vietnam, kıta genelinde güç mücadelesi veren üç Çin krallığından biri olan Wu Krallığı tarafından işgal edilmişti. Wu'lar "barbar güney" olarak gördükleri bölgeyi işgal ettikleri için zaten gergin ve tedirgindi ve Vietnamlılar da bağımsızlık için sürekli kışkırtıyorlardı. Çinliler Han Hanedanlığı deneyimini ve bir asır önce Trưng Kardeşler'in ayaklanmasını hatırlıyor olabilirlerdi - Vietnamlılar kesinlikle hatırlıyordu. Ve bu ortamda, bugünkü Hanoi yakınlarında, o zamanlar Cửu Chân olarak adlandırılan bir eyalette, olağanüstü bir kadın ortaya çıktı. Bà Triệu ("Lady Triệu", Triệu Thị Trinh olarak da bilinir, ancak asıl adı bilinmemektedir) sadece işgalci Çinlilerle değil, aynı zamanda kendi toplumunun ondan beklentileriyle de savaştı. Söylendiğine göre, "Fırtınalara binmek, açık denizde katil balinaları öldürmek, yabancı saldırganları kovmak, ülkeyi yeniden fethetmek, serflik bağlarını çözmek ve asla herhangi bir erkeğin cariyesi olmak için sırtımı eğmemek istiyorum" demiştir.</Text>
    </Row>
    <Row Tag="LOC_PEDIA_LEADERS_PAGE_LEADER_LADY_TRIEU_CHAPTER_HISTORY_PARA_3">
      <Text>Erken dönem hayatı kayıplar, baskı ve istismarla doluydu. Yetim kalmış ve fazladan bir boğazın daha doyurulmasını pek kabullenmeyen erkek kardeşi ve onun karısı tarafından büyütülmüş. O dönemde Vietnam'da hayat zordu ama Triệu bu konuda bir şeyler yapmaya karar verdi.</Text>
    </Row>
    <Row Tag="LOC_PEDIA_LEADERS_PAGE_LEADER_LADY_TRIEU_CHAPTER_HISTORY_PARA_4">
      <Text>Triệu on dokuz yaşına geldiğinde, kötü muamele gördüğü evini terk etti ve kaçarken baldızını öldürdü. Yakındaki bir dağa kaçtı ve aylar boyunca gece gündüz savaşa hazırlanmaya başladı. Öfkeliydi: geçmişine, halkının karşılaştığı baskıya, o dönemde kadınların yaşamasının beklendiği şekle öfkeliydi ve bu adaletsizlikleri sona erdirmenin bir yolunu arıyordu. Dağın tepesinde güçlü bir savaşçının Çinlilere karşı bir isyan hazırlığında olduğu söylentileri yayılmaya başladı ve savaşçılar Triệu'ya akın etti. Bu söylentiler Triệu'nun erkek kardeşini (karısının ölmüş olmasına aldırış etmiyordu - belki de bu Triệu'nun baldızı hakkında bir şeyler anlatıyordur...) dağa götürdü ve ona savaşmaktan vazgeçmesi için yalvardı. Triệu caydırılamazdı ve sonunda kardeşini kendisine ve bin savaşçıdan oluşan ordusuna katılmaya ikna etti.</Text>
    </Row>
    <Row Tag="LOC_PEDIA_LEADERS_PAGE_LEADER_LADY_TRIEU_CHAPTER_HISTORY_PARA_5">
      <Text>248'de Bà Triệu saldırdı. Asimetrik olarak güçlü bir işgalci güce karşı gerilla taktikleri kullanarak otuzdan fazla savaşta mücadele etti - Vietnam tarihinde tekrarlanacak bir tema. Çinliler ilk başta kadın olduğu için onu hafife aldılar, ancak zaman geçtikçe neredeyse efsanevi, korkunç bir figür haline geldi. Söylentilere göre boyu bir metreden fazlaydı ve savaşa bir filin üzerinde gider, tapınak çanı gibi bir sesle haykırırdı. Parlak altın zırhlar giyer ya da başka durumlarda altın bir kaftan giyer (bir rivayete göre, ata binerken omuzlarının üzerine attığı yarda uzunluğundaki göğüslerini gizlerdi) ve her iki elinde de birer kılıç taşırdı. En korkuncu da güzelliği ve ateşli öfkesiydi. Sahadaki ve üniformasındaki cesareti ona "Altın Elbiseli Kadın General" unvanını kazandırdı.</Text>
    </Row>
    <Row Tag="LOC_PEDIA_LEADERS_PAGE_LEADER_LADY_TRIEU_CHAPTER_HISTORY_PARA_6">
      <Text>Triệu'nun ayaklanmasını bastırmakla görevli askeri general Lu Yin, sadece genç bir rakip tarafından değil, aynı zamanda bir kadın tarafından da aşağılanmaktan bıkmıştı. Wu Hanedanlığı Vietnam'a giderek daha fazla asker yığarak çatışmayı tırmandırdı, ta ki Triệu'nun kendi içinde büyüyen direnişi ayak uyduramaz hale gelene kadar. Orduları azaldı ve aylarca süren ağır çatışmalardan sonra nihayetinde yenildi. Ancak, düşmanı tarafından ele geçirilmesine izin vermek yerine, kendi ölümünü seçti ve iddiaya göre kendini bir nehirde boğdu. Öldüğünde henüz yirmili yaşlarının başındaydı.</Text>
    </Row>
    <Row Tag="LOC_PEDIA_LEADERS_PAGE_LEADER_LADY_TRIEU_CHAPTER_HISTORY_PARA_7">
      <Text>Daha sonra Vietnam imparatorları Bà Triệu'yu sadece ulusal bir kahraman olarak değil, bir tanrıça olarak da onurlandırdılar.</Text>
    </Row>
    <Row Tag="LOC_PEDIA_LEADERS_PAGE_LEADER_LADY_TRIEU_CHAPTER_CAPSULE_BODY">
      <Text>Bà Triệu, birimlerinin hareket bonuslarını ve daha ucuz Thành bölgelerini, Kültür [ICON_Culture] edinirken etkili bir savunma için veya bir Hakimiyet zaferi başlatmak için bir üs olarak kullanır.</Text>
    </Row>
    <Row Tag="LOC_PEDIA_LEADERS_PAGE_LEADER_LADY_TRIEU_CHAPTER_DETAILED_BODY">
      <Text>Vietnam fethedilmesi zor bir Uygarlıktır. Diğer Uygarlıkların birlikleri zorlu arazilerde tıkanırken, Bà Triệu'nun askeri birlikleri Bataklık, Orman veya Yağmur Ormanlarında ek hareket ve savunma kazanarak bu bölgelerde savaşırken açık bir avantaj sağlar. Ayrıca, tipik nüfus gereklilikleri olmadan Thành bölgeleri inşa edebilir, anavatanına ekstra bir savunma katmanı sağlar ve ek [ICON_Culture] Kültür sağlar. Bà Triệu'nun uzmanlık Bölgeleri (Thành hariç, ki Kamp özel bir Bölge değildir) Orman, Yağmur Ormanı veya Bataklıklarla sınırlı olsa da, İnşaatçıları ormanları daha erken ekebilir ve yeni Bölgeler için yeni kareler açabilir. Vietnam oldukça etkili bir savunma Medeniyetidir ve askeri ya da kültürel zaferler kazanmak için iyi bir konuma sahiptir.</Text>
    </Row>
    <!-- buildings and districts -->
    <Row Tag="LOC_PEDIA_DISTRICTS_PAGE_DISTRICT_THANH_CHAPTER_HISTORY_PARA_1">
      <Text>"Thành" kelimesi bir kale veya hisar anlamına gelmektedir, ancak klasik Vietnam mimarisi askeri korumayı mimari sanatla birleştirmiştir. Vietnam'daki en eski thành, şimdiki Hà Nội'nin bir bölgesinde bulunan Thành Cổ Loa'dır. Yerel efsane, kralın sürekli olarak kaplumbağanın sırtına bir thành inşa etmeye çalışarak büyülü bir kaplumbağayı nasıl kızdırdığını anlatır. Kral bu büyülü, konuşan ve çok ama çok kızgın kaplumbağanın farkına vardıktan sonra thành'ın yerini değiştirmeyi kabul etmiş. Kaplumbağa da teşekkür olarak krala sıradan bir yaydan bin kat daha güçlü büyülü bir yay vermiş. Arbalet zaman içinde kaybolmuş olsa da kale, spiral dış duvarları ve dikdörtgen iç kalesiyle hala ayakta durmaktadır.</Text>
    </Row>
    <Row Tag="LOC_PEDIA_DISTRICTS_PAGE_DISTRICT_THANH_CHAPTER_HISTORY_PARA_2">
      <Text>Thành genellikle bir hendekle çevrili dikdörtgen bir iç kaleye sahipti. Kalenin duvarları kalın ve dayanıklı olabilirdi, ancak en azından Huế'deki çarpıcı thành örneğinde, üst kat genellikle ejderhalar ve kraliyetin diğer uğurlu sembolleriyle güzelce boyanmış ve oyulmuştu.</Text>
    </Row>
    <Row Tag="LOC_PEDIA_DISTRICTS_PAGE_DISTRICT_THANH_CHAPTER_HISTORY_PARA_3">
      <Text>Hà Nội'nin merkezinde yer alan Thăng Long kalesi, bodur merkezi kulesi ve kalın duvarlarıyla şehrin en önemli sembolü olmaya devam etmektedir. 1010 yılında inşa edilen bu merkezi kale o kadar etkileyiciydi ki kraliyet ailesi, sömürge döneminde Fransız ordusu, Japon imparatorluk ordusu (hapishane olarak) ve komünist Vietnam Halk Ordusu gibi birbirinden farklı gruplar tarafından üs olarak kullanıldı. Ancak burası sadece askeri bir karakol değildi, çünkü oyma taş ejderhalar, ayrıntılı saraylar (şimdi yıkılmış) ile dekore edilmişti ve şimdi bir müze olarak hizmet veriyor.</Text>
    </Row>
    <Row Tag="LOC_PEDIA_DISTRICTS_PAGE_DISTRICT_PRESERVE_CHAPTER_HISTORY_PARA_1">
      <Text>1862 yılında Amerikalı yazar Henry David Thoreau, "dünyanın korunmasının yabanilikte olduğunu" yazmıştır. Thoreau elbette belirli bir kültürel ve tarihsel arka plandan hareketle yazıyordu ve insan ruhunu onarıcı bir şey olarak doğaya Romantik bir bakış açısını savunuyordu, ancak bu ifadenin bir kısmı pek çok zaman ve yerde medeniyetler için geçerli olmuştur. Uygarlıklar, doğal dünyayı değiştirirken ya da bazen düpedüz yok ederken bile, kaybettikleri bir şeyi korumaya çalışırlar, belki de kavrayışlarının dışında bir şeylerin kaldığını görürler. Japonya'daki Şinto tapınakları, doğa ruhlarının onuruna ağaç korularını, şelaleleri ve hatta geyik sürülerini muhafaza etmektedir. Ortaçağ ve erken modern Avrupa saraylarında soylular için av koruları vardı, bu yerler şimdi genellikle kitlelerin dinlenmesi ve gençleşmesi için halka açık parklara dönüştürüldü. Bunlar Thoreau'nun bahsettiği gibi tam olarak vahşi alanlar değil, güzellik, rahatlama, avlanma, spor, düşünme, meditasyon veya sadece biraz temiz hava için şehrin amaçlarına hizmet etmek üzere ekilmiş ve budanmış yabanıllıklardır.</Text>
    </Row>
    <Row Tag="LOC_PEDIA_BUILDINGS_PAGE_BUILDING_GROVE_CHAPTER_HISTORY_PARA_1">
      <Text>Yarı vahşi korular pek çok halkın dini ve hayal dünyasında derin bir yer tutar. 11. yüzyıl Alman tarihçisi Bremenli Adam, bugünkü İsveç'in Uppsala kentinde Odin, Thor ve Frey'e kurban edilen insanların asıldığı koruyu anlatır. Baltık ve Kelt halkları da aynı şekilde yaşlı ağaçları -özellikle de meşeyi- kutsal saymışlardır. Kyoto şehrinde, Arashiyama'daki bambu korusu, tapınaklarıyla bilinen bir şehirdeki en huzurlu ve kutsal alanlardan biri olmaya devam etmektedir. Ancak belki de koruların en ünlüsü Buda'nın doğduğu orman bahçesi olan Lumbini'dir. Korunmuş ve bakımlı eski ağaçlardan oluşan bir koru, bir korumaya yaşayan kutsal ve kültürel bir kalp kazandırır.</Text>
    </Row>
    <Row Tag="LOC_PEDIA_BUILDINGS_PAGE_BUILDING_SANCTUARY_CHAPTER_HISTORY_PARA_1">
      <Text>Sanayi çağında ve sonrasında, doğal araziyi soyluların eğlencesi ya da rahiplerin yansıması için koruma düşüncesi yerini imparatorluğun ihtiyaçlarına bıraktı. Britanya İmparatorluğu iki botanik araştırma tesisi kurdu: Bugünkü haliyle 1840'ta açılan Kew Gardens ve 1859'da Singapur'da bir alan. Bunlar sadece halkın gezebileceği yerler değil, aynı zamanda İmparatorluk genelinde kullanılmak üzere yeni ürün türlerinin geliştirilebileceği bilimsel araştırma merkezleriydi. Berlin'deki Grunewald gibi av köşkleri, Berlin'in fabrikalarında çalışan işçiler için halka açık parklara dönüştürüldü ve tapınak mabetleri sadece rahiplerin ve keşişlerin değil, herkesin meditasyon yapabileceği yerler haline geldi. Burada da ekolojistler, hızlı bir gerileme içinde olan (ve olan) doğal dünyaya bir pencere açabiliyorlardı. "Sığınak" burada çift anlamlıdır - hem bilim, sanat ve din için "vahşi" olanın korunması hem de delikli saatin, fabrika düdüğünün veya akıllı telefonun taleplerinden kaçıp sığınılacak bir yer.</Text>
    </Row>
    <!-- units -->
    <Row Tag="LOC_PEDIA_UNITS_PAGE_UNIT_VIETNAMESE_VOI_CHIEN_CHAPTER_HISTORY_PARA_1">
      <Text>Burma'dan Siyam'a ve Kamboçya'ya kadar Güneydoğu Asya uygarlıklarında fil, kraliyet gücünün en önemli sembolüdür. Bir savaş filine binmiş ve uzun bir mızrak kullanan bir Güneydoğu Asya şövalyesi zorlu bir düşman olurdu ve sırtında arbalet bulunan bir fil ölümcül ve hareketli bir kuşatma silahı olabilirdi. Barutun ortaya çıkmasıyla bile, bir filin sırtının sağladığı yüksek tünek, keskin nişancılara etkileyici bir taktik avantaj sağlardı. Vietnam'da savaş filleri - voi chiến - 13. yüzyılda Moğol ilerleyişini durdurmak için kullanıldı. Ancak fil, Vietnam'da bundan çok daha önce hem bir silah hem de bir güç sembolü olarak önemliydi. MS birinci yüzyılda Trưng kardeşler Çin Han hanedanına karşı isyan savaşlarında fillere binmişlerdi. Daha sonra Bà Triệu, Çin ile başka bir çatışmada, bir savaş filinin üzerinde tasvir edilmiştir.</Text>
    </Row>
    <Row Tag="LOC_PEDIA_UNITS_PAGE_UNIT_VIETNAMESE_VOI_CHIEN_CHAPTER_HISTORY_PARA_2">
      <Text>Filler tüfek ateşine direnebilirken, toplar başka bir hikayeydi. Yirminci yüzyıla gelindiğinde savaş filleri büyük ölçüde kullanımdan kalkmış olsa da Vietnamlılar Fransızlara, Amerika Birleşik Devletleri'ne ve Çin'e karşı savaşlarda ormanda hızlı ve sessiz bir şekilde erzak ve asker taşımak için bu filleri kullanmaya devam etmiştir. Bu tür destek filleri bugün hala Myanmar'daki (eski Burma) Kachin isyancı grupları tarafından kullanılmaktadır.</Text>
    </Row>
  </EnglishText>
</GameData>