﻿<?xml version="1.0" encoding="utf-8" standalone="yes"?>
<GameData>
  <EnglishText>
    <Row Tag="LOC_CORPORATIONNAME_BASE_TEMPLATE">
      <Text>{1_Prefix} {2_Suffix}</Text>
    </Row>
    <Row Tag="LOC_CORPORATIONNAME_PREFIX_ACME">
      <Text>Acme</Text>
    </Row>
    <Row Tag="LOC_CORPORATIONNAME_PREFIX_NO_1">
      <Text>No. 1</Text>
    </Row>
    <Row Tag="LOC_CORPORATIONNAME_PREFIX_BEST_LUCKY">
      <Text>En Iyi Sansli</Text>
    </Row>
    <Row Tag="LOC_CORPORATIONNAME_PREFIX_UNCLE_DENNIS">
      <Text>Dennis Amca'nin</Text>
    </Row>
    <Row Tag="LOC_CORPORATIONNAME_PREFIX_PARAGON_NEXT">
      <Text>Paragon Next</Text>
    </Row>
    <Row Tag="LOC_CORPORATIONNAME_PREFIX_HUNAHPU_AND_XBALANQUE">
      <Text>Hunahpu ve Xbalanque</Text>
    </Row>
    <Row Tag="LOC_CORPORATIONNAME_PREFIX_CONSOLIDATED_TRUST">
      <Text>Konsolide Güven</Text>
    </Row>
    <Row Tag="LOC_CORPORATIONNAME_PREFIX_UNITY_NEXT">
      <Text>Birlik Sonraki</Text>
    </Row>
    <Row Tag="LOC_CORPORATIONNAME_PREFIX_MAMAS_FAVORITE">
      <Text>Annemin Favorisi</Text>
    </Row>
    <Row Tag="LOC_CORPORATIONNAME_PREFIX_ATLAS">
      <Text>Atlas</Text>
    </Row>
    <Row Tag="LOC_CORPORATIONNAME_PREFIX_GOLDEN_MILL">
      <Text>Altin Degirmen</Text>
    </Row>
    <Row Tag="LOC_CORPORATIONNAME_PREFIX_WORLDWIDE">
      <Text>Dünya çapinda</Text>
    </Row>
    <Row Tag="LOC_CORPORATIONNAME_PREFIX_PRINCE_FELDGES">
      <Text>Prens Feldges</Text>
    </Row>
    <Row Tag="LOC_CORPORATIONNAME_PREFIX_STRENGERS_OWN">
      <Text>Strenger's Own</Text>
    </Row>
    <Row Tag="LOC_CORPORATIONNAME_PREFIX_SIDS_CHOICE">
      <Text>Sid'in Seçimi</Text>
    </Row>
    <Row Tag="LOC_CORPORATIONNAME_PREFIX_NEW_WORLD">
      <Text>Yeni Dünya</Text>
    </Row>
    <Row Tag="LOC_CORPORATIONNAME_PREFIX_CLASSIC">
      <Text>Klasik</Text>
    </Row>
    <Row Tag="LOC_CORPORATIONNAME_PREFIX_GRAYHEAD">
      <Text>Grayhead</Text>
    </Row>
    <Row Tag="LOC_CORPORATIONNAME_PREFIX_EDS_DISCOUNT">
      <Text>Ed'in Indirimi</Text>
    </Row>
    <Row Tag="LOC_CORPORATIONNAME_PREFIX_MADAME_LUXORS_SELECT">
      <Text>Madam Luxor'un Seçtikleri</Text>
    </Row>
    <Row Tag="LOC_CORPORATIONNAME_PREFIX_KING">
      <Text>Kral</Text>
    </Row>
    <Row Tag="LOC_CORPORATIONNAME_PREFIX_ELEPHANT">
      <Text>Fil</Text>
    </Row>
    <Row Tag="LOC_CORPORATIONNAME_PREFIX_ROYAL_SELECT">
      <Text>Royal Select</Text>
    </Row>
    <Row Tag="LOC_CORPORATIONNAME_PREFIX_KAPITAL">
      <Text>Kapital</Text>
    </Row>
    <Row Tag="LOC_CORPORATIONNAME_PREFIX_MCM">
      <Text>MCM</Text>
    </Row>
    <Row Tag="LOC_CORPORATIONNAME_PREFIX_IMPERIAL">
      <Text>Imparatorluk</Text>
    </Row>
    <Row Tag="LOC_CORPORATIONNAME_PREFIX_MONOCORP">
      <Text>Monocorp</Text>
    </Row>
    <Row Tag="LOC_CORPORATIONNAME_PREFIX_DYNASIM">
      <Text>Dynasim</Text>
    </Row>
    <Row Tag="LOC_CORPORATIONNAME_PREFIX_SYNTHETIC">
      <Text>Sentetik</Text>
    </Row>
    <Row Tag="LOC_CORPORATIONNAME_PREFIX_COLLOIDAL">
      <Text>Kolloidal</Text>
    </Row>
    <Row Tag="LOC_CORPORATIONNAME_PREFIX_CONGRUENT">
      <Text>Uyumlu</Text>
    </Row>
    <Row Tag="LOC_CORPORATIONNAME_PREFIX_RETICULATED">
      <Text>Retiküle</Text>
    </Row>
    <Row Tag="LOC_CORPORATIONNAME_PREFIX_CROWN_PRODUCTS">
      <Text>Taç Ürünleri</Text>
    </Row>
    <Row Tag="LOC_CORPORATIONNAME_PREFIX_NEW_LAND">
      <Text>Yeni Arazi</Text>
    </Row>
    <Row Tag="LOC_CORPORATIONNAME_PREFIX_DIVINE">
      <Text>Ilahi</Text>
    </Row>
    <Row Tag="LOC_CORPORATIONNAME_PREFIX_CIVTECH">
      <Text>CivTech</Text>
    </Row>
    <Row Tag="LOC_CORPORATIONNAME_PREFIX_AZIMUTH">
      <Text>Asimuth</Text>
    </Row>
    <Row Tag="LOC_CORPORATIONNAME_PREFIX_ICHIBAN">
      <Text>Ichiban</Text>
    </Row>
    <Row Tag="LOC_CORPORATIONNAME_PREFIX_KAEONA">
      <Text>Kaeona</Text>
    </Row>
    <Row Tag="LOC_CORPORATIONNAME_PREFIX_NEW_DAWN">
      <Text>Yeni Safak</Text>
    </Row>
    <Row Tag="LOC_CORPORATIONNAME_PREFIX_RED_SUN">
      <Text>Kizil Günes</Text>
    </Row>
    <Row Tag="LOC_CORPORATIONNAME_PREFIX_TOMORROW_TECH">
      <Text>Tomorrow-Tech</Text>
    </Row>
    <Row Tag="LOC_CORPORATIONNAME_PREFIX_MINERVA">
      <Text>Minerva</Text>
    </Row>
    <Row Tag="LOC_CORPORATIONNAME_PREFIX_HERMES">
      <Text>Hermes</Text>
    </Row>
    <Row Tag="LOC_CORPORATIONNAME_PREFIX_SANGUINE">
      <Text>Sanguine</Text>
    </Row>
    <Row Tag="LOC_CORPORATIONNAME_PREFIX_VOIDTECH">
      <Text>VoidTech</Text>
    </Row>
    <Row Tag="LOC_CORPORATIONNAME_PREFIX_RORSARCH">
      <Text>Rorsarch</Text>
    </Row>
    <Row Tag="LOC_CORPORATIONNAME_PREFIX_KARATANI">
      <Text>Karatani</Text>
    </Row>
    <Row Tag="LOC_CORPORATIONNAME_PREFIX_PURE_LAND">
      <Text>Saf Topraklar</Text>
    </Row>
    <Row Tag="LOC_CORPORATIONNAME_PREFIX_ARCADIA">
      <Text>Arcadia</Text>
    </Row>
    <Row Tag="LOC_CORPORATIONNAME_PREFIX_SAVANNAPHUMI">
      <Text>Savannaphumi</Text>
    </Row>
    <Row Tag="LOC_CORPORATIONNAME_PREFIX_TRUTRUST">
      <Text>TruTrust</Text>
    </Row>
    <Row Tag="LOC_CORPORATIONNAME_SUFFIX_INCORPORATED">
      <Text>Anonim Sirket</Text>
    </Row>
    <Row Tag="LOC_CORPORATIONNAME_SUFFIX_CONGLOMERATED">
      <Text>Conglomerated</Text>
    </Row>
    <Row Tag="LOC_CORPORATIONNAME_SUFFIX_UNITED">
      <Text>Birlesik Devletler</Text>
    </Row>
    <Row Tag="LOC_CORPORATIONNAME_SUFFIX_DIVISION">
      <Text>Bölüm</Text>
    </Row>
    <Row Tag="LOC_CORPORATIONNAME_SUFFIX_SYNDICATE">
      <Text>Sendika</Text>
    </Row>
    <Row Tag="LOC_CORPORATIONNAME_SUFFIX_LIMITED">
      <Text>Sinirli</Text>
    </Row>
    <Row Tag="LOC_CORPORATIONNAME_SUFFIX_UNLIMITED">
      <Text>Sinirsiz</Text>
    </Row>
    <Row Tag="LOC_CORPORATIONNAME_SUFFIX_FAMILY">
      <Text>Aile</Text>
    </Row>
    <Row Tag="LOC_CORPORATIONNAME_SUFFIX_HYPERCORPORATION">
      <Text>Hypercorporation</Text>
    </Row>
    <Row Tag="LOC_CORPORATIONNAME_SUFFIX_CORPORATION">
      <Text>Sirket</Text>
    </Row>
    <Row Tag="LOC_CORPORATIONNAME_SUFFIX_MEGACORP">
      <Text>Megacorp</Text>
    </Row>
    <Row Tag="LOC_CORPORATIONNAME_SUFFIX_TRADING_COMPANY">
      <Text>Ticaret Sirketi</Text>
    </Row>
    <Row Tag="LOC_CORPORATIONNAME_SUFFIX_COMPANY">
      <Text>Sirket</Text>
    </Row>
    <Row Tag="LOC_CORPORATIONNAME_SUFFIX_MERCHANTILE">
      <Text>Ticaret</Text>
    </Row>
    <Row Tag="LOC_CORPORATIONNAME_SUFFIX_MERCHANT_CORPORATION">
      <Text>Sirket</Text>
    </Row>
    <Row Tag="LOC_CORPORATIONNAME_SUFFIX_ASSIMILATED">
      <Text>Asimile edilmis</Text>
    </Row>
    <Row Tag="LOC_CORPORATIONNAME_SUFFIX_COMBINE">
      <Text>Kombine</Text>
    </Row>
    <Row Tag="LOC_CORPORATIONNAME_SUFFIX_ZAIBATSU">
      <Text>Zaibatsu</Text>
    </Row>
    <Row Tag="LOC_CORPORATIONNAME_SUFFIX_TONG">
      <Text>Tong</Text>
    </Row>
    <Row Tag="LOC_CORPORATIONNAME_SUFFIX_CHAEBOL">
      <Text>Chaebol</Text>
    </Row>
    <Row Tag="LOC_CORPORATIONNAME_SUFFIX_PRODUCTIONS">
      <Text>Prodüksiyonlar</Text>
    </Row>
    <Row Tag="LOC_CORPORATIONNAME_SUFFIX_QUALITY_GOODS">
      <Text>Kaliteli Ürünler</Text>
    </Row>
    <Row Tag="LOC_CORPORATIONNAME_SUFFIX_HEAVY_INDUSTRIES">
      <Text>Agir Sanayi</Text>
    </Row>
    <Row Tag="LOC_CORPORATIONNAME_SUFFIX_LIMITED_LIABILITY_COMPANY">
      <Text>Sinirli Sorumluluk Sirketi</Text>
    </Row>
    <Row Tag="LOC_CORPORATIONNAME_SUFFIX_KOMBINAT">
      <Text>Kombinat</Text>
    </Row>
  </EnglishText>
</GameData>