﻿<?xml version="1.0" encoding="utf-8"?>
<GameData>
  <EnglishText>
    <!--Search Terms-->
    <Row Tag="LOC_TERM_INDUSTRY">
      <Text>Endüstri</Text>
    </Row>
    <Row Tag="LOC_TERM_INDUSTRIES">
      <Text>Endüstriler</Text>
    </Row>
    <Row Tag="LOC_TERM_CORPORATION">
      <Text>Sirket</Text>
    </Row>
    <Row Tag="LOC_TERM_CORPORATIONS">
      <Text>Sirketler</Text>
    </Row>
    <Row Tag="LOC_TERM_MONOPOLY">
      <Text>Monopoly</Text>
    </Row>
    <Row Tag="LOC_TERM_MONOPOLIES">
      <Text>Tekeller</Text>
    </Row>
    <Row Tag="LOC_TERM_PRODUCT">
      <Text>Ürün</Text>
    </Row>
    <Row Tag="LOC_TERM_PRODUCTS">
      <Text>Ürünler</Text>
    </Row>
    <!-- Game Mode Concept -->
    <Row Tag="LOC_PEDIA_CONCEPTS_PAGE_MONOPOLIES_CHAPTER_CONTENT_TITLE">
      <Text>Sektörler, Tekeller ve Sirketler</Text>
    </Row>
    <Row Tag="LOC_PEDIA_CONCEPTS_PAGE_MONOPOLIES_CHAPTER_WELCOME_TITLE">
      <Text>Hos geldiniz</Text>
    </Row>
    <Row Tag="LOC_PEDIA_CONCEPTS_PAGE_MONOPOLIES_CHAPTER_WELCOME_PARA_1">
      <Text>Lüksünüzün tadini çikariyorsunuz, ama belki de onlari kâr için harekete geçirmenin zamani gelmistir. Tekeller ve Sirketler modu, kaynaga bagli olarak belirli bonuslar veren Lüks kaynaklar etrafinda Endüstriler kurmaniza, bu getirileri artirmak için Sirketler kurmaniza, benzersiz Ürünler - ekonomik Büyük Eserler olarak hareket eden markalar - üretmenize ve son olarak bir Tekel elde etmenize olanak tanir. Bu Mod, tüm zaman dilimlerinde önemli olan bir moddur, ancak oyunun ilerleyen dönemlerinde gerçekten yükselise geçer.</Text>
    </Row>
    <Row Tag="LOC_PEDIA_CONCEPTS_PAGE_MONOPOLIES_CHAPTER_INDUSTRIES_TITLE">
      <Text>Endüstrilerin Kurulmasi</Text>
    </Row>
    <Row Tag="LOC_PEDIA_CONCEPTS_PAGE_MONOPOLIES_CHAPTER_INDUSTRIES_PARA_1">
      <Text>Bir uygarlik ayni tür Lüks kaynaktan iki tane gelistirdiginde ve Para Birimi teknolojisini tamamladiginda, bu kaynak etrafinda bir Sanayi kurma firsatina sahip olur. Sehir devletlerinin sahip oldugu kaynaklar da, eger oyuncu sehir devletinin hükümdari ise, bu gereklilikten sayilir. Bu, Lüks kaynaklardan herhangi birinde mevcut bir Iyilestirmenin üzerine bir Insaatçi ücreti kullanilarak yapilir. Bir sehirde ayni anda yalnizca bir Endüstriye izin verilir.</Text>
    </Row>
    <Row Tag="LOC_PEDIA_CONCEPTS_PAGE_MONOPOLIES_CHAPTER_INDUSTRIES_PARA_2">
      <Text>Endüstriler, Büyük Tüccar puani saglamanin yani sira, gelistirdikleri kaynak türüne bagli olarak sehirlerine belirli bonuslar verir:[NEWLINE][ICON_BULLET] Kehribar: +%25 [ICON_Faith] Inanç verimi.[NEWLINE][ICON_BULLET] Narenciye: +%30 [ICON_Production] Askeri birimlere yönelik üretim.[NEWLINE][ICON_BULLET] Kakao: +%20 Büyüme ve +3 [ICON_Housing] Konut.[NEWLINE][ICON_BULLET] Kahve: +%20 [ICON_Culture] Kültür verimi.[NEWLINE][ICON_BULLET] Pamuk: +%30 [ICON_Production] Askeri birimlere yönelik üretim.[NEWLINE][ICON_BULLET] Elmaslar: +%25 [ICON_Gold] Altin verimi.[NEWLINE][ICON_BULLET] Boyalar: +%25 [ICON_Faith] Inanç verimi.[NEWLINE][ICON_BULLET] Kürkler: +%30 [ICON_Production] Sivil birimlere yönelik üretim.[NEWLINE][ICON_BULLET] Alçitasi: +%30 [ICON_Production] Binalara yönelik üretim.[NEWLINE][ICON_BULLET] Bal: +%20 Büyüme ve +3 [ICON_Housing] Konut.[NEWLINE][ICON_BULLET] Tütsü: +%25 [ICON_Faith] Inanç verimi.[NEWLINE][ICON_BULLET] Fildisi: +%30 [ICON_Production] Askeri birimlere yönelik üretim.[NEWLINE][ICON_BULLET] Yesim: +%25 [ICON_Gold] Altin verimi.[NEWLINE][ICON_BULLET] Mermer: +%30 [ICON_Production] Binalara yönelik üretim.[NEWLINE][ICON_BULLET] Civa: +%15 [ICON_Science] Bilim verimi.[NEWLINE][ICON_BULLET] Zeytin: +%30 [ICON_Production] Sivil birimlere yönelik üretim.[NEWLINE][ICON_BULLET] Inciler: +%25 [ICON_Faith] Inanç verimi.[NEWLINE][ICON_BULLET] Tuz: +%20 Büyüme ve +3 [ICON_Housing] Barinma.[NEWLINE][ICON_BULLET] Ipek: +%20 [ICON_Culture] Kültür verimi.[NEWLINE][ICON_BULLET] Gümüs: +%25 [ICON_Gold] Altin verimi.[NEWLINE][ICON_BULLET] Baharatlar: +%20 [ICON_Culture] Kültür verimi.[NEWLINE][ICON_BULLET] Seker: +%20 Büyüme ve +%3 [ICON_Housing] Konut.[NEWLINE][ICON_BULLET] Cay: +%15 [ICON_Science] Bilim verimi.[NEWLINE][ICON_BULLET] Tütün: +%30 [ICON_Production] Askeri birimlere yönelik üretim.[NEWLINE][ICON_BULLET] Yer mantari: +%25 [ICON_Gold] Altin verimi.[NEWLINE][ICON_BULLET] Kaplumbagalar: +%15 [ICON_Science] Bilim verimi.([</Text>
    </Row>
    <Row Tag="LOC_PEDIA_CONCEPTS_PAGE_MONOPOLIES_CHAPTER_CORPORATIONS_TITLE">
      <Text>Kurucu Sirketler</Text>
    </Row>
    <Row Tag="LOC_PEDIA_CONCEPTS_PAGE_MONOPOLIES_CHAPTER_CORPORATIONS_PARA_1">
      <Text>Ekonomiyi arastirdiktan ve ayni Lüks kaynagin en az üç örnegini elde ettikten ve bir Endüstri kurduktan sonra, sira bir Sirket kurmaya gelir. Bunlarin olusturulmasi için Insaatçi yerine Büyük Tüccar gerekir ve Sirket olusturulduktan sonra Büyük Tüccar emekliye ayrilir. Sirketler yalnizca Sanayi iyilestirmelerinin üzerine insa edilebilir. Sirketler, ana sehirlerine uygun kaynak için iki kat Sanayi bonusu verir. Sirketinize istediginiz ismi verebilir veya otomatik isim olusturucuyu kullanabilirsiniz!</Text>
    </Row>
    <Row Tag="LOC_PEDIA_CONCEPTS_PAGE_MONOPOLIES_CHAPTER_CORPORATIONS_PARA_2">
      <Text>Dünyadaki her bir Lüks kaynak için yalnizca bir Sirket olabilir, ancak rakip bir oyuncu kaynagin sahibinden daha fazla örnegini kontrol etmeyi basarirsa Sirketler 'devre disi' birakilabilir. Bir rakip, baska bir Sirketin kaynaginda kontrol sahibi oldugunda, bu kaynak etrafinda kendi Sirketini kurabilir ve asil sahibinin Sirketi ortadan kaldirilir.</Text>
    </Row>
    <Row Tag="LOC_PEDIA_CONCEPTS_PAGE_MONOPOLIES_CHAPTER_PRODUCTS_TITLE">
      <Text>Ürün Olusturma</Text>
    </Row>
    <Row Tag="LOC_PEDIA_CONCEPTS_PAGE_MONOPOLIES_CHAPTER_PRODUCTS_PARA_1">
      <Text>Belirli bir lüks kaynak etrafinda bir Sirket kurduktan sonra, benzersiz bir Ürün - bir marka yaratabilirsiniz. Bunlar Büyük Eserlere benzer, ancak müzelere yerlestirilmek yerine Borsa veya Liman binalarindaki yeni Büyük Eser yuvalarinda saklanirlar. Ürünler yerlestirildikten sonra bir Endüstrinin faydalarini saglar ve orijinal Lüks kaynaklarinin yeni sehirlerine sagladigi bonusu verir. Ürününüzü uygun Büyük Is yuvasina sahip istediginiz herhangi bir sehre tasiyabilirsiniz.</Text>
    </Row>
    <Row Tag="LOC_PEDIA_CONCEPTS_PAGE_MONOPOLIES_CHAPTER_MONOPOLIES_TITLE">
      <Text>Tekellerin Güvence Altina Alinmasi</Text>
    </Row>
    <Row Tag="LOC_PEDIA_CONCEPTS_PAGE_MONOPOLIES_CHAPTER_MONOPOLIES_PARA_1">
      <Text>Kapitalizm serbest ticaretle gelisebilir, ancak bilgili tüccarlar rakiplerini nasil saf disi birakacaklarini bilirler. Bir Lüks kaynagin dünyadaki örneklerinin %60'ini veya daha fazlasini kontrol etmek size o Lüks üzerinde bir Tekel kazandirir. Her tekel, kontrol edilen kaynak sayisi ile tekellestirilen kaynagin bir örnegini kontrol etmeyen yabanci uygarliklarin sayisinin çarpimina bagli olarak, sahibi olan oyuncuya [ICON_Tourism] Turizm kazandirir. Tekeller ayrica her turda [ICON_Gold] Altin getirisi saglar, minimum kontrol için +5'ten baslar ancak %75'te +10'a ve tüm örnekleri kontrol etmek için +25'e yükselir. Tekel sahibinin o anda ticaret yaptigi her büyük uygarlik için tur basina ek +5 [ICON_GOld] Altin verilir. Merkantilizmi arastirdiginizda, dünyadaki Lüks kaynaklarin toplam sayisini ve her oyuncunun su anda yüzde kaçini kontrol ettigini görebileceksiniz. Birden fazla Tekeli kontrol edebilirsiniz, ancak bu biraz acimasizca görünüyor, degil mi?</Text>
    </Row>
    <!--Improvements-->
    <Row Tag="LOC_PEDIA_IMPROVEMENTS_PAGE_IMPROVEMENT_INDUSTRY_CHAPTER_HISTORY_PARA_1">
      <Text>"Endüstri" terimi genellikle Sanayi Devrimi'ni, buharla dolu fabrikalari ve tehlikeli, vinlayan makineleri akla getirir. Ancak William Blake'in "karanlik seytani degirmenler" olarak adlandirdigi seylerin büyümesinden çok önce, yöneticiler insanlari emeklerini yogunlastirmak için bir araya getirmenin avantajini gördüler. Klasik antik çagda ve sonrasinda, bu tür endüstrilerde çalisanlar genellikle kendi mülkiyeti olmayan kisilerdi - en önemlisi serfler veya kölelestirilmis halklardi (Misir piramitlerini çevreleyen atölyeler, popüler anlatinin aksine, ücretli isçiler tarafindan çalistiriliyordu). Feodalizm yerini lonca sistemine ve ardindan erken modern kapitalizme biraktiginda, özel sahislar kendi endüstrilerini açmak için yeterli para ve statü kazandilar ve ekonomi tarihinin baslamasi için sahne hazirlandi.</Text>
    </Row>
    <Row Tag="LOC_PEDIA_IMPROVEMENTS_PAGE_IMPROVEMENT_CORPORATION_CHAPTER_HISTORY_PARA_1">
      <Text>Edward, Lord Thurlow, "Sirketlerin ne cezalandirilacak bedenleri ne de mahkum edilecek ruhlari vardir, bu nedenle istediklerini yaparlar" demistir. Günümüzün modern sirketlerinin kökeni 16-19. yüzyillarin büyük ticaret sirketlerine kadar uzanmaktadir. Kitalararasi okyanus ticaretinin belirsizligi karsisinda, hem geminin hem de sahibinin olasi ölümünden daha uzun süre dayanacak daha büyük bir sey yapilmasi gerekiyordu. Ticaret sirketleri dünyayi yeniden sekillendirdi - mallar dünyanin dört bir yanina akti, ancak sonunda bu sirketler de kendi zenginliklerinin kurbani oldular  küresel istikrarsizlik artti (kismen ticaret sirketlerinin eylemleri sayesinde) ticaret yollarini daha riskli hale getirdi, yolsuzluk ve kötü yönetimle birlikte maliyetler artti ve sonunda kendi imparatorluklari devraldi ve sömürgecilik daha dogrudan ve istilaci bir biçime dönüstü. Ancak sirket modeli ve onun bireyleri potansiyel risk ve sorumluluktan ayiran yapay, hayali, yasal bir yapi yaratmadaki faydasi hala bizimle.</Text>
    </Row>
  </EnglishText>
</GameData>