﻿<?xml version="1.0" encoding="utf-8" standalone="yes"?>
<GameData>
  <EnglishText>
    <Row Tag="LOC_UNIT_ESTABLISH_INDUSTRY_INSUFFICIENT_RESOURCES">
      <Text>Ayni Lüks kaynagin {1_NumResources} veya daha fazlasini kontrol etmelidir.</Text>
    </Row>
    <Row Tag="LOC_UNIT_FOUND_CORPORATION_INSUFFICIENT_RESOURCES">
      <Text>Dünyadaki ayni Lüks kaynaklarin en az %75'ini kontrol etmelidir.</Text>
    </Row>
    <Row Tag="LOC_TECH_CURRENCY_DESCRIPTION">
      <Text>Endüstri yaratma yeteneginin kilidini açar</Text>
    </Row>
    <Row Tag="LOC_TECH_ECONOMICS_DESCRIPTION">
      <Text>Sirket kurma yeteneginin kilidini açar</Text>
    </Row>
    <!--Global Resource report-->
    <Row Tag="LOC_RESREPORT_MONOPOLY_NAME">
      <Text>Monopoly</Text>
    </Row>
    <Row Tag="LOC_RESREPORT_CONTROL">
      <Text>kontrol</Text>
    </Row>
    <Row Tag="LOC_WORLD_RANKINGS_TOURISM_FROM_RESOURCE_MONOPOLIES">
      <Text>{1_Tooltip}[NEWLINE]Genel [ICON_Tourism] Lüks Kaynak Tekellerinden +{2_Percent}% Turizm Artisi</Text>
    </Row>
    <!-- Name Corporation Popup -->
    <Row Tag="LOC_NAME_CORPORATION_TITLE">
      <Text>Sirketinize Isim Verin</Text>
    </Row>
    <Row Tag="LOC_NAME_CORPORATION_GENERATE">
      <Text>Isim Olustur</Text>
    </Row>
    <!-- Great Work Notifications -->
    <Row Tag="LOC_NOTIFICATION_PRODUCT_CREATED_MESSAGE">
      <Text>Yeni Ürün Olusturuldu</Text>
    </Row>
    <Row Tag="LOC_NOTIFICATION_PRODUCT_CREATED_SUMMARY">
      <Text>Yeni [ICON_GreatWork_Product] Ürün {1_ProductName}, {3_CityName}'deki {2_BuildingName} araciligiyla kamuoyuna tanitilmistir.</Text>
    </Row>
    <Row Tag="LOC_NOTIFICATION_INDUSTRY_OPPORTUNITY_MESSAGE">
      <Text>Sektörel Firsatlar</Text>
    </Row>
    <Row Tag="LOC_NOTIFICATION_INDUSTRY_OPPORTUNITY_SUMMARY">
      <Text>Artik {1_num} ([2] {3_Resource} kaynaklari gelistirdiginize göre, bunlarin etrafinda bir Endüstri olusturma firsatina sahipsiniz.</Text>
    </Row>
    <Row Tag="LOC_NOTIFICATION_CORPORATION_OPPORTUNITY_MESSAGE">
      <Text>Sirket Firsati</Text>
    </Row>
    <Row Tag="LOC_NOTIFICATION_CORPORATION_OPPORTUNITY_SUMMARY">
      <Text>Artik {2_ResourceIcon} {3_Resource} kaynaginin {1_Amount} kontrolüne sahipsiniz. Bu size, bu kaynaktan Ürün olusturma yetenegine sahip bir Sirket olusturma firsati verir.</Text>
    </Row>
    <Row Tag="LOC_NOTIFICATION_CORPORATION_OPPORTUNITY_TAKEOVER_MESSAGE">
      <Text>Sirket Devralma</Text>
    </Row>
    <Row Tag="LOC_NOTIFICATION_CORPORATION_OPPORTUNITY_TAKEOVER_SUMMARY">
      <Text>Artik {1_ResourceIcon} {2_Resource} kaynaginin çogunluk kontrolünü elinizde tutuyorsunuz. Artik yeni bir Sirket kurma ve bir öncekini devre disi birakma firsatina sahipsiniz.</Text>
    </Row>
    <Row Tag="LOC_NOTIFICATION_CORPORATION_LOST_MESSAGE">
      <Text>Sirket Isten Cikti!</Text>
    </Row>
    <Row Tag="LOC_NOTIFICATION_CORPORATION_LOST_SUMMARY">
      <Text>{1_CivName} {2_ResourceIcon} {3_Resource} kaynaginin kontrolünü ele geçirdi ve yeni bir Sirket kurarak {4_CorpName}'i iflas ettirdi!</Text>
    </Row>
    <Row Tag="LOC_PLAYER_YIELD_GOLD_FROM_MONOPOLIES">
      <Text>{Deger : sayi +#.# -#.#} Lüks kaynaklar üzerindeki tekellerden.</Text>
    </Row>
    <!--Industry and Corporation Improvements-->
    <Row Tag="LOC_GREATWORKOBJECT_PRODUCT">
      <Text>Ürün</Text>
    </Row>
    <Row Tag="LOC_IMPROVEMENT_INDUSTRY_NAME">
      <Text>Endüstri</Text>
    </Row>
    <Row Tag="LOC_IMPROVEMENT_INDUSTRY_TYPE_NAME">
      <Text>{1_Resource} Endüstri</Text>
    </Row>
    <Row Tag="LOC_IMPROVEMENT_INDUSTRY_DESCRIPTION">
      <Text>Belirli bir Lüks Kaynaga adanmis bir endüstri. Sehrine benzersiz bir fayda ve +1 [ICON_GreatMerchant] Büyük Tüccar puani saglar.</Text>
    </Row>
    <Row Tag="LOC_IMPROVEMENT_CORPORATION_NAME">
      <Text>Sirket</Text>
    </Row>
    <Row Tag="LOC_IMPROVEMENT_CORPORATION_TYPE_NAME">
      <Text>{1_Resource} Sirket</Text>
    </Row>
    <Row Tag="LOC_IMPROVEMENT_CORPORATION_DESCRIPTION">
      <Text>Belirli bir Lüks Kaynaga adanmis bir sirket. Sehirlerin, onlari barindiran sehirlerinize güçlü bonuslar veren yeni bir Büyük Eser türü olan Ürünler yaratmasina izin verir.</Text>
    </Row>
    <Row Tag="LOC_IMPROVEMENT_CORPORATION_EXPANSION2_DESCRIPTION">
      <Text>Belirli bir Lüks Kaynaga adanmis bir sirket. Sehirlerin, onlari barindiran sehirlerinize güçlü bonuslar veren yeni bir Büyük Eser türü olan Ürünler yaratmasina izin verir. Sadece dogal afetler tarafindan yagmalanabilir (asla yok edilemez).</Text>
    </Row>
    <!--Industry Effects Descriptions-->
    <Row Tag="LOC_INDUSTRY_CITY_GROWTH_DISCOUNT_DESCRIPTION">
      <Text>[NEWLINE]+%20 Büyüme, +3 [ICON_Housing] Ev sahibi sehirde konut.</Text>
    </Row>
    <Row Tag="LOC_INDUSTRY_MILITARY_UNIT_DISCOUNT_DESCRIPTION">
      <Text>[NEWLINE]+%30 [ICON_Production] Ev sahibi sehirdeki askeri birimlere yönelik üretim.</Text>
    </Row>
    <Row Tag="LOC_INDUSTRY_CIVILIAN_UNIT_DISCOUNT_DESCRIPTION">
      <Text>[NEWLINE]+%30 [ICON_Production] Ev sahibi sehirdeki sivil birimlere yönelik üretim.</Text>
    </Row>
    <Row Tag="LOC_INDUSTRY_BUILDING_DISCOUNT_DESCRIPTION">
      <Text>[NEWLINE]+%30 [ICON_Production] Ev sahibi sehirdeki binalara yönelik üretim.</Text>
    </Row>
    <Row Tag="LOC_INDUSTRY_GOLD_YIELD_BONUS_DESCRIPTION">
      <Text>[NEWLINE]+%25 [ICON_Gold] Ev sahibi sehirde altin getirisi.</Text>
    </Row>
    <Row Tag="LOC_INDUSTRY_FAITH_YIELD_BONUS_DESCRIPTION">
      <Text>[NEWLINE]+%25 [ICON_Faith] Ev sahibi sehirde inanç getirisi.</Text>
    </Row>
    <Row Tag="LOC_INDUSTRY_SCIENCE_YIELD_BONUS_DESCRIPTION">
      <Text>[NEWLINE]+%15 [ICON_Science] Ev sahibi sehirde bilim getirisi.</Text>
    </Row>
    <Row Tag="LOC_INDUSTRY_CULTURE_YIELD_BONUS_DESCRIPTION">
      <Text>[NEWLINE]+%20 [ICON_Culture] Ev sahibi sehirde kültür getirisi.</Text>
    </Row>
    <!--Corporation Effects Descriptions-->
    <Row Tag="LOC_CORPORATION_CITY_GROWTH_DISCOUNT_DESCRIPTION">
      <Text>[NEWLINE]+%40 Büyüme, +6 [ICON_Housing] Ev sahibi sehirde konut.</Text>
    </Row>
    <Row Tag="LOC_CORPORATION_MILITARY_UNIT_DISCOUNT_DESCRIPTION">
      <Text>[NEWLINE]+%60 [ICON_Production] Ev sahibi sehirdeki askeri birimlere yönelik üretim.</Text>
    </Row>
    <Row Tag="LOC_CORPORATION_CIVILIAN_UNIT_DISCOUNT_DESCRIPTION">
      <Text>[NEWLINE]+%60 [ICON_Production] Ev sahibi sehirdeki sivil birimlere yönelik üretim.</Text>
    </Row>
    <Row Tag="LOC_CORPORATION_BUILDING_DISCOUNT_DESCRIPTION">
      <Text>[NEWLINE]+%60 [ICON_Production] Ev sahibi sehirdeki binalara yönelik üretim.</Text>
    </Row>
    <Row Tag="LOC_CORPORATION_GOLD_YIELD_BONUS_DESCRIPTION">
      <Text>[NEWLINE]+%50 [ICON_Gold] Sehirdeki altin getirisi.</Text>
    </Row>
    <Row Tag="LOC_CORPORATION_FAITH_YIELD_BONUS_DESCRIPTION">
      <Text>[NEWLINE]+%50 [ICON_Faith] Sehirdeki inanç getirisi.</Text>
    </Row>
    <Row Tag="LOC_CORPORATION_SCIENCE_YIELD_BONUS_DESCRIPTION">
      <Text>[NEWLINE]+%30 [ICON_Science] Sehirde bilim verimi.</Text>
    </Row>
    <Row Tag="LOC_CORPORATION_CULTURE_YIELD_BONUS_DESCRIPTION">
      <Text>[NEWLINE]+%40 [ICON_Culture] Sehirde kültür verimi.</Text>
    </Row>
    <!--Product Creation Projects-->
    <Row Tag="LOC_PROJECT_CORPORATION_PRODUCT_EFFECT_DESCRIPTION">
      <Text>Yeni Ürünler, Borsa ve Liman binalarinda satilmaktadir.</Text>
    </Row>
    <Row Tag="LOC_PROJECT_CREATE_CORPORATION_PRODUCT_AMBER_NAME">
      <Text>[ICON_RESOURCE_AMBER] Amber Corporation: Yeni Ürün Olusturma</Text>
    </Row>
    <Row Tag="LOC_PROJECT_CREATE_CORPORATION_PRODUCT_AMBER_SHORT_NAME">
      <Text>[ICON_RESOURCE_AMBER] Yeni Amber Ürünü Olusturun</Text>
    </Row>
    <Row Tag="LOC_PROJECT_CREATE_CORPORATION_PRODUCT_AMBER_DESCRIPTION">
      <Text>[ICON_RESOURCE_AMBER] Amber kaynagini temel alarak dünya için yeni bir ürün olusturun. {LOC_INDUSTRY_FAITH_YIELD_BONUS_DESCRIPTION}</Text>
    </Row>
    <Row Tag="LOC_PROJECT_CREATE_CORPORATION_PRODUCT_OLIVES_NAME">
      <Text>[ICON_RESOURCE_OLIVES] Olive Corporation: Yeni Ürün Olusturma</Text>
    </Row>
    <Row Tag="LOC_PROJECT_CREATE_CORPORATION_PRODUCT_OLIVES_SHORT_NAME">
      <Text>[ICON_RESOURCE_OLIVES] Yeni Zeytin Ürünü Olusturun</Text>
    </Row>
    <Row Tag="LOC_PROJECT_CREATE_CORPORATION_PRODUCT_OLIVES_DESCRIPTION">
      <Text>[ICON_RESOURCE_OLIVES] Zeytin kaynagini temel alarak dünya için yeni bir ürün olusturun. {LOC_INDUSTRY_CIVILIAN_UNIT_DISCOUNT_DESCRIPTION}</Text>
    </Row>
    <Row Tag="LOC_PROJECT_CREATE_CORPORATION_PRODUCT_TURTLES_NAME">
      <Text>[ICON_RESOURCE_TURTLES] Turtle Corporation: Yeni Ürün Olusturma</Text>
    </Row>
    <Row Tag="LOC_PROJECT_CREATE_CORPORATION_PRODUCT_TURTLES_SHORT_NAME">
      <Text>[ICON_RESOURCE_TURTLES] Yeni Kaplumbaga Ürünü Olustur</Text>
    </Row>
    <Row Tag="LOC_PROJECT_CREATE_CORPORATION_PRODUCT_TURTLES_DESCRIPTION">
      <Text>[ICON_RESOURCE_TURTLES] Kaplumbaga kaynagini temel alarak dünya için yeni bir ürün olusturun. {LOC_INDUSTRY_SCIENCE_YIELD_BONUS_DESCRIPTION}</Text>
    </Row>
    <Row Tag="LOC_PROJECT_CREATE_CORPORATION_PRODUCT_CITRUS_NAME">
      <Text>[ICON_RESOURCE_CITRUS] Citrus Corporation: Yeni Ürün Olusturma</Text>
    </Row>
    <Row Tag="LOC_PROJECT_CREATE_CORPORATION_PRODUCT_CITRUS_SHORT_NAME">
      <Text>[ICON_RESOURCE_CITRUS] Yeni Narenciye Ürünü Olusturun</Text>
    </Row>
    <Row Tag="LOC_PROJECT_CREATE_CORPORATION_PRODUCT_CITRUS_DESCRIPTION">
      <Text>[ICON_RESOURCE_CITRUS] Narenciye kaynagini temel alarak dünya için yeni bir ürün olusturun. {LOC_INDUSTRY_MILITARY_UNIT_DISCOUNT_DESCRIPTION}</Text>
    </Row>
    <Row Tag="LOC_PROJECT_CREATE_CORPORATION_PRODUCT_COCOA_NAME">
      <Text>[ICON_RESOURCE_COCOA] Cocoa Corporation: Yeni Ürün Olusturma</Text>
    </Row>
    <Row Tag="LOC_PROJECT_CREATE_CORPORATION_PRODUCT_COCOA_SHORT_NAME">
      <Text>[ICON_RESOURCE_COCOA] Yeni Kakao Ürünü Olustur</Text>
    </Row>
    <Row Tag="LOC_PROJECT_CREATE_CORPORATION_PRODUCT_COCOA_DESCRIPTION">
      <Text>[ICON_RESOURCE_COCOA] Kakao kaynagini temel alarak dünya için yeni bir ürün olusturun. {LOC_INDUSTRY_CITY_GROWTH_DISCOUNT_DESCRIPTION}</Text>
    </Row>
    <Row Tag="LOC_PROJECT_CREATE_CORPORATION_PRODUCT_COFFEE_NAME">
      <Text>[ICON_RESOURCE_COFFEE] Coffee Corporation: Yeni Ürün Olusturma</Text>
    </Row>
    <Row Tag="LOC_PROJECT_CREATE_CORPORATION_PRODUCT_COFFEE_SHORT_NAME">
      <Text>[ICON_RESOURCE_COFFEE] Yeni Kahve Ürünü Olusturun</Text>
    </Row>
    <Row Tag="LOC_PROJECT_CREATE_CORPORATION_PRODUCT_COFFEE_DESCRIPTION">
      <Text>[ICON_RESOURCE_COFFEE] Kahve kaynagini temel alarak dünya için yeni bir ürün olusturun. {LOC_INDUSTRY_CULTURE_YIELD_BONUS_DESCRIPTION}</Text>
    </Row>
    <Row Tag="LOC_PROJECT_CREATE_CORPORATION_PRODUCT_COTTON_NAME">
      <Text>[ICON_RESOURCE_COTTON] Cotton Corporation: Yeni Ürün Olusturma</Text>
    </Row>
    <Row Tag="LOC_PROJECT_CREATE_CORPORATION_PRODUCT_COTTON_SHORT_NAME">
      <Text>[ICON_RESOURCE_COTTON] Yeni Pamuk Ürünü Olusturun</Text>
    </Row>
    <Row Tag="LOC_PROJECT_CREATE_CORPORATION_PRODUCT_COTTON_DESCRIPTION">
      <Text>[ICON_RESOURCE_COTTON] Pamuk kaynagini temel alarak dünya için yeni bir ürün olusturun. {LOC_INDUSTRY_MILITARY_UNIT_DISCOUNT_DESCRIPTION}</Text>
    </Row>
    <Row Tag="LOC_PROJECT_CREATE_CORPORATION_PRODUCT_DYES_NAME">
      <Text>[ICON_RESOURCE_DYES] Dye Corporation: Yeni Ürün Olusturma</Text>
    </Row>
    <Row Tag="LOC_PROJECT_CREATE_CORPORATION_PRODUCT_DYES_SHORT_NAME">
      <Text>[ICON_RESOURCE_DYES] Yeni Boya Ürünü Olustur</Text>
    </Row>
    <Row Tag="LOC_PROJECT_CREATE_CORPORATION_PRODUCT_DYES_DESCRIPTION">
      <Text>[ICON_RESOURCE_DYES] Boya kaynagini temel alarak dünya için yeni bir ürün olusturun. {LOC_INDUSTRY_FAITH_YIELD_BONUS_DESCRIPTION}</Text>
    </Row>
    <Row Tag="LOC_PROJECT_CREATE_CORPORATION_PRODUCT_INCENSE_NAME">
      <Text>[ICON_RESOURCE_INCENSE] Incense Corporation: Yeni Ürün Olusturma</Text>
    </Row>
    <Row Tag="LOC_PROJECT_CREATE_CORPORATION_PRODUCT_INCENSE_SHORT_NAME">
      <Text>[ICON_RESOURCE_INCENSE] Yeni Tütsü Ürünü Olusturun</Text>
    </Row>
    <Row Tag="LOC_PROJECT_CREATE_CORPORATION_PRODUCT_INCENSE_DESCRIPTION">
      <Text>[ICON_RESOURCE_INCENSE] Tütsü kaynagina dayali olarak dünya için yeni bir ürün olusturun. {LOC_INDUSTRY_FAITH_YIELD_BONUS_DESCRIPTION}</Text>
    </Row>
    <Row Tag="LOC_PROJECT_CREATE_CORPORATION_PRODUCT_SILK_NAME">
      <Text>[ICON_RESOURCE_SILK] Silk Corporation: Yeni Ürün Olusturma</Text>
    </Row>
    <Row Tag="LOC_PROJECT_CREATE_CORPORATION_PRODUCT_SILK_SHORT_NAME">
      <Text>[ICON_RESOURCE_SILK] Yeni Ipek Ürünü Olusturun</Text>
    </Row>
    <Row Tag="LOC_PROJECT_CREATE_CORPORATION_PRODUCT_SILK_DESCRIPTION">
      <Text>[ICON_RESOURCE_SILK] Ipek kaynagini temel alarak dünya için yeni bir ürün olusturun. {LOC_INDUSTRY_CULTURE_YIELD_BONUS_DESCRIPTION}</Text>
    </Row>
    <Row Tag="LOC_PROJECT_CREATE_CORPORATION_PRODUCT_SPICES_NAME">
      <Text>[ICON_RESOURCE_SPICES] Spice Corporation: Yeni Ürün Olusturma</Text>
    </Row>
    <Row Tag="LOC_PROJECT_CREATE_CORPORATION_PRODUCT_SPICES_SHORT_NAME">
      <Text>[ICON_RESOURCE_SPICES] Yeni Baharat Ürünü Olustur</Text>
    </Row>
    <Row Tag="LOC_PROJECT_CREATE_CORPORATION_PRODUCT_SPICES_DESCRIPTION">
      <Text>[ICON_RESOURCE_SPICES] Spice kaynagini temel alarak dünya için yeni bir ürün olusturun. {LOC_INDUSTRY_CULTURE_YIELD_BONUS_DESCRIPTION}</Text>
    </Row>
    <Row Tag="LOC_PROJECT_CREATE_CORPORATION_PRODUCT_SUGAR_NAME">
      <Text>[ICON_RESOURCE_SUGAR] Seker Sirketi: Yeni Ürün Olusturma</Text>
    </Row>
    <Row Tag="LOC_PROJECT_CREATE_CORPORATION_PRODUCT_SUGAR_SHORT_NAME">
      <Text>[ICON_RESOURCE_SUGAR] Yeni Seker Ürünü Olusturun</Text>
    </Row>
    <Row Tag="LOC_PROJECT_CREATE_CORPORATION_PRODUCT_SUGAR_DESCRIPTION">
      <Text>[ICON_RESOURCE_SUGAR] Seker kaynagini temel alarak dünya için yeni bir ürün olusturun. {LOC_INDUSTRY_CITY_GROWTH_DISCOUNT_DESCRIPTION}</Text>
    </Row>
    <Row Tag="LOC_PROJECT_CREATE_CORPORATION_PRODUCT_TEA_NAME">
      <Text>[ICON_RESOURCE_TEA] Cay Sirketi: Yeni Ürün Olusturma</Text>
    </Row>
    <Row Tag="LOC_PROJECT_CREATE_CORPORATION_PRODUCT_TEA_SHORT_NAME">
      <Text>[ICON_RESOURCE_TEA] Yeni Cay Ürünü Olusturun</Text>
    </Row>
    <Row Tag="LOC_PROJECT_CREATE_CORPORATION_PRODUCT_TEA_DESCRIPTION">
      <Text>[ICON_RESOURCE_TEA] Cay kaynagini temel alarak dünya için yeni bir ürün olusturun. {LOC_INDUSTRY_SCIENCE_YIELD_BONUS_DESCRIPTION}</Text>
    </Row>
    <Row Tag="LOC_PROJECT_CREATE_CORPORATION_PRODUCT_TOBACCO_NAME">
      <Text>[ICON_RESOURCE_TOBACCO] Tobacco Corporation: Yeni Ürün Yaratmak</Text>
    </Row>
    <Row Tag="LOC_PROJECT_CREATE_CORPORATION_PRODUCT_TOBACCO_SHORT_NAME">
      <Text>[ICON_RESOURCE_TOBACCO] Yeni Tütün Ürünü Olusturun</Text>
    </Row>
    <Row Tag="LOC_PROJECT_CREATE_CORPORATION_PRODUCT_TOBACCO_DESCRIPTION">
      <Text>[ICON_RESOURCE_TOBACCO] Tütün kaynagini temel alarak dünya için yeni bir ürün olusturun. {LOC_INDUSTRY_MILITARY_UNIT_DISCOUNT_DESCRIPTION}</Text>
    </Row>
    <Row Tag="LOC_PROJECT_CREATE_CORPORATION_PRODUCT_WINE_NAME">
      <Text>[ICON_RESOURCE_WINE] Wine Corporation: Yeni Ürün Olusturma</Text>
    </Row>
    <Row Tag="LOC_PROJECT_CREATE_CORPORATION_PRODUCT_WINE_SHORT_NAME">
      <Text>[ICON_RESOURCE_WINE] Yeni Sarap Ürünü Olusturun</Text>
    </Row>
    <Row Tag="LOC_PROJECT_CREATE_CORPORATION_PRODUCT_WINE_DESCRIPTION">
      <Text>[ICON_RESOURCE_WINE] Sarap kaynagini temel alarak dünya için yeni bir ürün olusturun. {LOC_INDUSTRY_CULTURE_YIELD_BONUS_DESCRIPTION}</Text>
    </Row>
    <Row Tag="LOC_PROJECT_CREATE_CORPORATION_PRODUCT_DIAMONDS_NAME">
      <Text>[ICON_RESOURCE_DIAMONDS] Diamond Corporation: Yeni Ürün Olusturma</Text>
    </Row>
    <Row Tag="LOC_PROJECT_CREATE_CORPORATION_PRODUCT_DIAMONDS_SHORT_NAME">
      <Text>[ICON_RESOURCE_DIAMONDS] Yeni Elmas Ürünü Olusturun</Text>
    </Row>
    <Row Tag="LOC_PROJECT_CREATE_CORPORATION_PRODUCT_DIAMONDS_DESCRIPTION">
      <Text>[ICON_RESOURCE_DIAMONDS] Elmas kaynagina dayali olarak dünya için yeni bir ürün olusturun. {LOC_INDUSTRY_GOLD_YIELD_BONUS_DESCRIPTION}</Text>
    </Row>
    <Row Tag="LOC_PROJECT_CREATE_CORPORATION_PRODUCT_JADE_NAME">
      <Text>[ICON_RESOURCE_JADE] Jade Corporation: Yeni Ürün Olusturma</Text>
    </Row>
    <Row Tag="LOC_PROJECT_CREATE_CORPORATION_PRODUCT_JADE_SHORT_NAME">
      <Text>[ICON_RESOURCE_JADE] Yeni Jade Ürünü Olusturun</Text>
    </Row>
    <Row Tag="LOC_PROJECT_CREATE_CORPORATION_PRODUCT_JADE_DESCRIPTION">
      <Text>[ICON_RESOURCE_JADE] Jade kaynagini temel alarak dünya için yeni bir ürün olusturun. {LOC_INDUSTRY_GOLD_YIELD_BONUS_DESCRIPTION}</Text>
    </Row>
    <Row Tag="LOC_PROJECT_CREATE_CORPORATION_PRODUCT_MERCURY_NAME">
      <Text>[ICON_RESOURCE_MERCURY] Mercury Corporation: Yeni Ürün Olusturma</Text>
    </Row>
    <Row Tag="LOC_PROJECT_CREATE_CORPORATION_PRODUCT_MERCURY_SHORT_NAME">
      <Text>[ICON_RESOURCE_MERCURY] Yeni Mercury Ürünü Olusturun</Text>
    </Row>
    <Row Tag="LOC_PROJECT_CREATE_CORPORATION_PRODUCT_MERCURY_DESCRIPTION">
      <Text>[ICON_RESOURCE_MERCURY] Civa kaynagini temel alarak dünya için yeni bir ürün olusturun. {LOC_INDUSTRY_SCIENCE_YIELD_BONUS_DESCRIPTION}</Text>
    </Row>
    <Row Tag="LOC_PROJECT_CREATE_CORPORATION_PRODUCT_SALT_NAME">
      <Text>[ICON_RESOURCE_SALT] Salt Corporation: Yeni Ürün Olusturma</Text>
    </Row>
    <Row Tag="LOC_PROJECT_CREATE_CORPORATION_PRODUCT_SALT_SHORT_NAME">
      <Text>[ICON_RESOURCE_SALT] Yeni Tuz Ürünü Olusturun</Text>
    </Row>
    <Row Tag="LOC_PROJECT_CREATE_CORPORATION_PRODUCT_SALT_DESCRIPTION">
      <Text>[ICON_RESOURCE_SALT] Tuz kaynagini temel alarak dünya için yeni bir ürün olusturun. {LOC_INDUSTRY_CITY_GROWTH_DISCOUNT_DESCRIPTION}</Text>
    </Row>
    <Row Tag="LOC_PROJECT_CREATE_CORPORATION_PRODUCT_SILVER_NAME">
      <Text>[ICON_RESOURCE_SILVER] Silver Corporation: Yeni Ürün Olusturma</Text>
    </Row>
    <Row Tag="LOC_PROJECT_CREATE_CORPORATION_PRODUCT_SILVER_SHORT_NAME">
      <Text>[ICON_RESOURCE_SILVER] Yeni Gümüs Ürün Olustur</Text>
    </Row>
    <Row Tag="LOC_PROJECT_CREATE_CORPORATION_PRODUCT_SILVER_DESCRIPTION">
      <Text>[ICON_RESOURCE_SILVER] Gümüs kaynagina dayali olarak dünya için yeni bir ürün olusturun. {LOC_INDUSTRY_GOLD_YIELD_BONUS_DESCRIPTION}</Text>
    </Row>
    <Row Tag="LOC_PROJECT_CREATE_CORPORATION_PRODUCT_GYPSUM_NAME">
      <Text>[ICON_RESOURCE_GYPSUM] Gypsum Corporation: Yeni Ürün Olusturma</Text>
    </Row>
    <Row Tag="LOC_PROJECT_CREATE_CORPORATION_PRODUCT_GYPSUM_SHORT_NAME">
      <Text>[ICON_RESOURCE_GYPSUM] Yeni Alçi Ürünü Olusturun</Text>
    </Row>
    <Row Tag="LOC_PROJECT_CREATE_CORPORATION_PRODUCT_GYPSUM_DESCRIPTION">
      <Text>[ICON_RESOURCE_GYPSUM] Alçi kaynagina dayali olarak dünya için yeni bir ürün olusturun. {LOC_INDUSTRY_BUILDING_DISCOUNT_DESCRIPTION}</Text>
    </Row>
    <Row Tag="LOC_PROJECT_CREATE_CORPORATION_PRODUCT_MARBLE_NAME">
      <Text>[ICON_RESOURCE_MARBLE] Marble Corporation: Yeni Ürün Olusturma</Text>
    </Row>
    <Row Tag="LOC_PROJECT_CREATE_CORPORATION_PRODUCT_MARBLE_SHORT_NAME">
      <Text>[ICON_RESOURCE_MARBLE] Yeni Mermer Ürünü Olusturun</Text>
    </Row>
    <Row Tag="LOC_PROJECT_CREATE_CORPORATION_PRODUCT_MARBLE_DESCRIPTION">
      <Text>[ICON_RESOURCE_MARBLE] Mermer kaynagini temel alarak dünya için yeni bir ürün olusturun. {LOC_INDUSTRY_BUILDING_DISCOUNT_DESCRIPTION}</Text>
    </Row>
    <Row Tag="LOC_PROJECT_CREATE_CORPORATION_PRODUCT_FURS_NAME">
      <Text>[ICON_RESOURCE_FURS] Fur Corporation: Yeni Ürün Olusturma</Text>
    </Row>
    <Row Tag="LOC_PROJECT_CREATE_CORPORATION_PRODUCT_FURS_SHORT_NAME">
      <Text>[ICON_RESOURCE_FURS] Yeni Kürk Ürünü Olustur</Text>
    </Row>
    <Row Tag="LOC_PROJECT_CREATE_CORPORATION_PRODUCT_FURS_DESCRIPTION">
      <Text>[ICON_RESOURCE_FURS] Kürk kaynagini temel alarak dünya için yeni bir ürün olusturun. {LOC_INDUSTRY_CIVILIAN_UNIT_DISCOUNT_DESCRIPTION}</Text>
    </Row>
    <Row Tag="LOC_PROJECT_CREATE_CORPORATION_PRODUCT_IVORY_NAME">
      <Text>[ICON_RESOURCE_IVORY] Ivory Corporation: Yeni Ürün Olusturma</Text>
    </Row>
    <Row Tag="LOC_PROJECT_CREATE_CORPORATION_PRODUCT_IVORY_SHORT_NAME">
      <Text>[ICON_RESOURCE_IVORY] Yeni Fildisi Ürünü Olusturun</Text>
    </Row>
    <Row Tag="LOC_PROJECT_CREATE_CORPORATION_PRODUCT_IVORY_DESCRIPTION">
      <Text>[ICON_RESOURCE_IVORY] Fildisi kaynagini temel alarak dünya için yeni bir ürün olusturun. {LOC_INDUSTRY_MILITARY_UNIT_DISCOUNT_DESCRIPTION}</Text>
    </Row>
    <Row Tag="LOC_PROJECT_CREATE_CORPORATION_PRODUCT_TRUFFLES_NAME">
      <Text>[ICON_RESOURCE_TRUFFLES] Truffle Corporation: Yeni Ürün Olusturma</Text>
    </Row>
    <Row Tag="LOC_PROJECT_CREATE_CORPORATION_PRODUCT_TRUFFLES_SHORT_NAME">
      <Text>[ICON_RESOURCE_TRUFFLES] Yeni Trüf Ürünü Olustur</Text>
    </Row>
    <Row Tag="LOC_PROJECT_CREATE_CORPORATION_PRODUCT_TRUFFLES_DESCRIPTION">
      <Text>[ICON_RESOURCE_TRUFFLES] Truffle kaynagina dayali olarak dünya için yeni bir ürün olusturun. {LOC_INDUSTRY_GOLD_YIELD_BONUS_DESCRIPTION}</Text>
    </Row>
    <Row Tag="LOC_PROJECT_CREATE_CORPORATION_PRODUCT_HONEY_NAME">
      <Text>[ICON_RESOURCE_HONEY] Honey Corporation: Yeni Ürün Olusturma</Text>
    </Row>
    <Row Tag="LOC_PROJECT_CREATE_CORPORATION_PRODUCT_HONEY_SHORT_NAME">
      <Text>[ICON_RESOURCE_HONEY] Yeni Bal Ürünü Olusturun</Text>
    </Row>
    <Row Tag="LOC_PROJECT_CREATE_CORPORATION_PRODUCT_HONEY_DESCRIPTION">
      <Text>[ICON_RESOURCE_HONEY] Bal kaynagini temel alarak dünya için yeni bir ürün olusturun. {LOC_INDUSTRY_CITY_GROWTH_DISCOUNT_DESCRIPTION}</Text>
    </Row>
    <Row Tag="LOC_PROJECT_CREATE_CORPORATION_PRODUCT_PEARLS_NAME">
      <Text>[ICON_RESOURCE_PEARLS] Pearl Corporation: Yeni Ürün Olusturma</Text>
    </Row>
    <Row Tag="LOC_PROJECT_CREATE_CORPORATION_PRODUCT_PEARLS_SHORT_NAME">
      <Text>[ICON_RESOURCE_PEARLS] Yeni Inci Ürünü Olusturun</Text>
    </Row>
    <Row Tag="LOC_PROJECT_CREATE_CORPORATION_PRODUCT_PEARLS_DESCRIPTION">
      <Text>[ICON_RESOURCE_PEARLS] Inci kaynagini temel alarak dünya için yeni bir ürün olusturun. {LOC_INDUSTRY_FAITH_YIELD_BONUS_DESCRIPTION}</Text>
    </Row>
    <Row Tag="LOC_PROJECT_CREATE_CORPORATION_PRODUCT_WHALES_NAME">
      <Text>[ICON_RESOURCE_WHALES] Whale Corporation: Yeni Ürün Olusturma</Text>
    </Row>
    <Row Tag="LOC_PROJECT_CREATE_CORPORATION_PRODUCT_WHALES_SHORT_NAME">
      <Text>[ICON_RESOURCE_WHALES] Yeni Balina Ürünü Olusturun</Text>
    </Row>
    <Row Tag="LOC_PROJECT_CREATE_CORPORATION_PRODUCT_WHALES_DESCRIPTION">
      <Text>[ICON_RESOURCE_WHALES] Balina kaynagina dayali olarak dünya için yeni bir ürün olusturun. {LOC_INDUSTRY_MILITARY_UNIT_DISCOUNT_DESCRIPTION}</Text>
    </Row>
    <!--Corporation Product Names-->
    <Row Tag="LOC_GREATWORK_PRODUCT_CITRUS_1_NAME">
      <Text>Agaç Tazesi Portakal Suyu</Text>
    </Row>
    <Row Tag="LOC_GREATWORK_PRODUCT_CITRUS_2_NAME">
      <Text>No-Scurv Misket Limonu Suyu</Text>
    </Row>
    <Row Tag="LOC_GREATWORK_PRODUCT_CITRUS_3_NAME">
      <Text>Yaz Takviyeleri</Text>
    </Row>
    <Row Tag="LOC_GREATWORK_PRODUCT_CITRUS_4_NAME">
      <Text>Imperial Cross Marmelat</Text>
    </Row>
    <Row Tag="LOC_GREATWORK_PRODUCT_CITRUS_5_NAME">
      <Text>Meier's Firin Pisirme Malzemeleri</Text>
    </Row>
    <Row Tag="LOC_GREATWORK_PRODUCT_COCOA_1_NAME">
      <Text>Fuligin Bitter Cikolatali Barlar</Text>
    </Row>
    <Row Tag="LOC_GREATWORK_PRODUCT_COCOA_2_NAME">
      <Text>Whizzo'nun Cikolatali Karisimi</Text>
    </Row>
    <Row Tag="LOC_GREATWORK_PRODUCT_COCOA_3_NAME">
      <Text>Heidi'nin Alpine Sicak Cikolata Karisimi</Text>
    </Row>
    <Row Tag="LOC_GREATWORK_PRODUCT_COCOA_4_NAME">
      <Text>Xocolatl Baharatli Içme Cikolatasi</Text>
    </Row>
    <Row Tag="LOC_GREATWORK_PRODUCT_COCOA_5_NAME">
      <Text>Island Dream Kakao Yagi Losyonu</Text>
    </Row>
    <Row Tag="LOC_GREATWORK_PRODUCT_COFFEE_1_NAME">
      <Text>Oyun Tasarimcisi Fuel Coffee</Text>
    </Row>
    <Row Tag="LOC_GREATWORK_PRODUCT_COFFEE_2_NAME">
      <Text>Nörolojik Açidan Güvenli Olmayan Hazir Kahve</Text>
    </Row>
    <Row Tag="LOC_GREATWORK_PRODUCT_COFFEE_3_NAME">
      <Text>Kaffa Harrar Kavrulmus Kahve</Text>
    </Row>
    <Row Tag="LOC_GREATWORK_PRODUCT_COFFEE_4_NAME">
      <Text>Sopranzetti Espresso</Text>
    </Row>
    <Row Tag="LOC_GREATWORK_PRODUCT_COFFEE_5_NAME">
      <Text>Tampuan Roastery Soguk Demleme</Text>
    </Row>
    <Row Tag="LOC_GREATWORK_PRODUCT_COTTON_1_NAME">
      <Text>Rugged Hill Jeans</Text>
    </Row>
    <Row Tag="LOC_GREATWORK_PRODUCT_COTTON_2_NAME">
      <Text>Mahendradatta Batik</Text>
    </Row>
    <Row Tag="LOC_GREATWORK_PRODUCT_COTTON_3_NAME">
      <Text>Pofuduk Koyun Carsaflari</Text>
    </Row>
    <Row Tag="LOC_GREATWORK_PRODUCT_COTTON_4_NAME">
      <Text>Sur-Dry Cocuk Bezi</Text>
    </Row>
    <Row Tag="LOC_GREATWORK_PRODUCT_COTTON_5_NAME">
      <Text>Westford Tekstil</Text>
    </Row>
    <Row Tag="LOC_GREATWORK_PRODUCT_DIAMONDS_1_NAME">
      <Text>Patlamis Kulak Zari Hoparlörleri</Text>
    </Row>
    <Row Tag="LOC_GREATWORK_PRODUCT_DIAMONDS_2_NAME">
      <Text>Suvanna Degerli Taslar</Text>
    </Row>
    <Row Tag="LOC_GREATWORK_PRODUCT_DIAMONDS_3_NAME">
      <Text>Lacero Matkap Uçlari</Text>
    </Row>
    <Row Tag="LOC_GREATWORK_PRODUCT_DIAMONDS_4_NAME">
      <Text>Infrasound Ses Teknolojisi</Text>
    </Row>
    <Row Tag="LOC_GREATWORK_PRODUCT_DIAMONDS_5_NAME">
      <Text>Monolith Tüm Tüketim Madencilik Ekipmanlari</Text>
    </Row>
    <Row Tag="LOC_GREATWORK_PRODUCT_DYES_1_NAME">
      <Text>Litham Indigo</Text>
    </Row>
    <Row Tag="LOC_GREATWORK_PRODUCT_DYES_2_NAME">
      <Text>King's Scarlet Boyalari</Text>
    </Row>
    <Row Tag="LOC_GREATWORK_PRODUCT_DYES_3_NAME">
      <Text>Monokrom Renkler</Text>
    </Row>
    <Row Tag="LOC_GREATWORK_PRODUCT_DYES_4_NAME">
      <Text>Gida Boyasi Kirmizi #5</Text>
    </Row>
    <Row Tag="LOC_GREATWORK_PRODUCT_DYES_5_NAME">
      <Text>Dai-Iro Endüstriyel Boyalar</Text>
    </Row>
    <Row Tag="LOC_GREATWORK_PRODUCT_FURS_1_NAME">
      <Text>Arctic Moon Fashions</Text>
    </Row>
    <Row Tag="LOC_GREATWORK_PRODUCT_FURS_2_NAME">
      <Text>Marie Antoinette Sapkalari</Text>
    </Row>
    <Row Tag="LOC_GREATWORK_PRODUCT_FURS_3_NAME">
      <Text>Lord Steven'in Soba Borusu Sapkalari</Text>
    </Row>
    <Row Tag="LOC_GREATWORK_PRODUCT_FURS_4_NAME">
      <Text>Mercury Tuhafiye</Text>
    </Row>
    <Row Tag="LOC_GREATWORK_PRODUCT_FURS_5_NAME">
      <Text>Elysium Angora Iplikler</Text>
    </Row>
    <Row Tag="LOC_GREATWORK_PRODUCT_GYPSUM_1_NAME">
      <Text>Colossus Insaat Malzemeleri</Text>
    </Row>
    <Row Tag="LOC_GREATWORK_PRODUCT_GYPSUM_2_NAME">
      <Text>Svadilfari Duvar Malzemeleri</Text>
    </Row>
    <Row Tag="LOC_GREATWORK_PRODUCT_GYPSUM_3_NAME">
      <Text>Titanik Insaat Malzemeleri</Text>
    </Row>
    <Row Tag="LOC_GREATWORK_PRODUCT_GYPSUM_4_NAME">
      <Text>Demeter Büyüme Kimyasallari</Text>
    </Row>
    <Row Tag="LOC_GREATWORK_PRODUCT_GYPSUM_5_NAME">
      <Text>Atlas Yalitimli Yapi Malzemesi</Text>
    </Row>
    <Row Tag="LOC_GREATWORK_PRODUCT_INCENSE_1_NAME">
      <Text>Nag Champa</Text>
    </Row>
    <Row Tag="LOC_GREATWORK_PRODUCT_INCENSE_2_NAME">
      <Text>Phra-jan Dara Sandal Agaci Aromalari</Text>
    </Row>
    <Row Tag="LOC_GREATWORK_PRODUCT_INCENSE_3_NAME">
      <Text>Franks Tütsü</Text>
    </Row>
    <Row Tag="LOC_GREATWORK_PRODUCT_INCENSE_4_NAME">
      <Text>Ask Iksiri #8</Text>
    </Row>
    <Row Tag="LOC_GREATWORK_PRODUCT_INCENSE_5_NAME">
      <Text>Stink Destroyer Oda Parfümü</Text>
    </Row>
    <Row Tag="LOC_GREATWORK_PRODUCT_IVORY_1_NAME">
      <Text>Hattori Hanzo Hilts</Text>
    </Row>
    <Row Tag="LOC_GREATWORK_PRODUCT_IVORY_2_NAME">
      <Text>Bertie Wooster'in Bilardo Toplari</Text>
    </Row>
    <Row Tag="LOC_GREATWORK_PRODUCT_IVORY_3_NAME">
      <Text>Aana Ivory Fashions</Text>
    </Row>
    <Row Tag="LOC_GREATWORK_PRODUCT_IVORY_4_NAME">
      <Text>Xiangya Fashions</Text>
    </Row>
    <Row Tag="LOC_GREATWORK_PRODUCT_IVORY_5_NAME">
      <Text>Gidiklama Piyano Tuslari</Text>
    </Row>
    <Row Tag="LOC_GREATWORK_PRODUCT_JADE_1_NAME">
      <Text>Hongshan Lüks</Text>
    </Row>
    <Row Tag="LOC_GREATWORK_PRODUCT_JADE_2_NAME">
      <Text>Ölümsüz Güzellik Yesim Tasi</Text>
    </Row>
    <Row Tag="LOC_GREATWORK_PRODUCT_JADE_3_NAME">
      <Text>Nuwang</Text>
    </Row>
    <Row Tag="LOC_GREATWORK_PRODUCT_JADE_4_NAME">
      <Text>Inci Deltasi</Text>
    </Row>
    <Row Tag="LOC_GREATWORK_PRODUCT_JADE_5_NAME">
      <Text>Savannakhet</Text>
    </Row>
    <Row Tag="LOC_GREATWORK_PRODUCT_MARBLE_1_NAME">
      <Text>Augustine Mermer Kaplama</Text>
    </Row>
    <Row Tag="LOC_GREATWORK_PRODUCT_MARBLE_2_NAME">
      <Text>Alabaster Duvarcilik</Text>
    </Row>
    <Row Tag="LOC_GREATWORK_PRODUCT_MARBLE_3_NAME">
      <Text>No-Burp Antasit</Text>
    </Row>
    <Row Tag="LOC_GREATWORK_PRODUCT_MARBLE_4_NAME">
      <Text>Attila'nin Ovma Tozu</Text>
    </Row>
    <Row Tag="LOC_GREATWORK_PRODUCT_MARBLE_5_NAME">
      <Text>Morte Monoliths</Text>
    </Row>
    <Row Tag="LOC_GREATWORK_PRODUCT_MERCURY_1_NAME">
      <Text>Sur-Read Termometreler</Text>
    </Row>
    <Row Tag="LOC_GREATWORK_PRODUCT_MERCURY_2_NAME">
      <Text>Martine Güvenilir Termometreler</Text>
    </Row>
    <Row Tag="LOC_GREATWORK_PRODUCT_MERCURY_3_NAME">
      <Text>Centennial Ampuller</Text>
    </Row>
    <Row Tag="LOC_GREATWORK_PRODUCT_MERCURY_4_NAME">
      <Text>Metal Kafa Beyin Telleri</Text>
    </Row>
    <Row Tag="LOC_GREATWORK_PRODUCT_MERCURY_5_NAME">
      <Text>Yangin Eksenli Termostatlar</Text>
    </Row>
    <Row Tag="LOC_GREATWORK_PRODUCT_PEARLS_1_NAME">
      <Text>Night Tide Baubles</Text>
    </Row>
    <Row Tag="LOC_GREATWORK_PRODUCT_PEARLS_2_NAME">
      <Text>Setesuyara Kozmetik</Text>
    </Row>
    <Row Tag="LOC_GREATWORK_PRODUCT_PEARLS_3_NAME">
      <Text>Enid Teyze'nin Incileri Kavramasi</Text>
    </Row>
    <Row Tag="LOC_GREATWORK_PRODUCT_PEARLS_4_NAME">
      <Text>Yildiz Dizisi Kolyeler</Text>
    </Row>
    <Row Tag="LOC_GREATWORK_PRODUCT_PEARLS_5_NAME">
      <Text>Merrow Case Istiridyeleri</Text>
    </Row>
    <Row Tag="LOC_GREATWORK_PRODUCT_SALT_1_NAME">
      <Text>Waimanalo Huli Huli Tavuk Baharati</Text>
    </Row>
    <Row Tag="LOC_GREATWORK_PRODUCT_SALT_2_NAME">
      <Text>Adder's Tongue Tibbi Malzeme</Text>
    </Row>
    <Row Tag="LOC_GREATWORK_PRODUCT_SALT_3_NAME">
      <Text>Annemin Tursu Malzemeleri</Text>
    </Row>
    <Row Tag="LOC_GREATWORK_PRODUCT_SALT_4_NAME">
      <Text>Keep-it-Down Koruyucu</Text>
    </Row>
    <Row Tag="LOC_GREATWORK_PRODUCT_SALT_5_NAME">
      <Text>Flayvur Cesnisi</Text>
    </Row>
    <Row Tag="LOC_GREATWORK_PRODUCT_SILK_1_NAME">
      <Text>Atas Lüks Tekstil</Text>
    </Row>
    <Row Tag="LOC_GREATWORK_PRODUCT_SILK_2_NAME">
      <Text>Saratsawadi Tibbi Malzeme</Text>
    </Row>
    <Row Tag="LOC_GREATWORK_PRODUCT_SILK_3_NAME">
      <Text>Far North Saha Tibbi Tedarik</Text>
    </Row>
    <Row Tag="LOC_GREATWORK_PRODUCT_SILK_4_NAME">
      <Text>Hung Vuong Güzel Kumaslar</Text>
    </Row>
    <Row Tag="LOC_GREATWORK_PRODUCT_SILK_5_NAME">
      <Text>Dock 2 Yasam Dekoru</Text>
    </Row>
    <Row Tag="LOC_GREATWORK_PRODUCT_SILVER_1_NAME">
      <Text>Ayin Karanligi Gümüs Taki</Text>
    </Row>
    <Row Tag="LOC_GREATWORK_PRODUCT_SILVER_2_NAME">
      <Text>Fadaka Tasarimlari</Text>
    </Row>
    <Row Tag="LOC_GREATWORK_PRODUCT_SILVER_3_NAME">
      <Text>Megastorm Mikrodenetleyiciler</Text>
    </Row>
    <Row Tag="LOC_GREATWORK_PRODUCT_SILVER_4_NAME">
      <Text>Connecto Hassas Anahtarlar</Text>
    </Row>
    <Row Tag="LOC_GREATWORK_PRODUCT_SILVER_5_NAME">
      <Text>Unutulmaz Fotografçilik</Text>
    </Row>
    <Row Tag="LOC_GREATWORK_PRODUCT_SPICES_1_NAME">
      <Text>Archipelago Küçük Hindistan Cevizi</Text>
    </Row>
    <Row Tag="LOC_GREATWORK_PRODUCT_SPICES_2_NAME">
      <Text>Pueblo Mutfak Biber Tozu</Text>
    </Row>
    <Row Tag="LOC_GREATWORK_PRODUCT_SPICES_3_NAME">
      <Text>Gondavana Tarçin</Text>
    </Row>
    <Row Tag="LOC_GREATWORK_PRODUCT_SPICES_4_NAME">
      <Text>Dogu Hindistan Küçük Hindistan Cevizi</Text>
    </Row>
    <Row Tag="LOC_GREATWORK_PRODUCT_SPICES_5_NAME">
      <Text>Volkan Aci Sos</Text>
    </Row>
    <Row Tag="LOC_GREATWORK_PRODUCT_SUGAR_1_NAME">
      <Text>Mama Theresa'nin Pudra Sekeri</Text>
    </Row>
    <Row Tag="LOC_GREATWORK_PRODUCT_SUGAR_2_NAME">
      <Text>Bubba Mubba Balonlu Sakiz</Text>
    </Row>
    <Row Tag="LOC_GREATWORK_PRODUCT_SUGAR_3_NAME">
      <Text>Rock's Penny Candy</Text>
    </Row>
    <Row Tag="LOC_GREATWORK_PRODUCT_SUGAR_4_NAME">
      <Text>Sucro-Cola</Text>
    </Row>
    <Row Tag="LOC_GREATWORK_PRODUCT_SUGAR_5_NAME">
      <Text>Ed Teach'in Ev Usulü Pekmezi</Text>
    </Row>
    <Row Tag="LOC_GREATWORK_PRODUCT_TEA_1_NAME">
      <Text>Saratsawati Chai</Text>
    </Row>
    <Row Tag="LOC_GREATWORK_PRODUCT_TEA_2_NAME">
      <Text>Deniz Istiridyesi Yesil Cayi</Text>
    </Row>
    <Row Tag="LOC_GREATWORK_PRODUCT_TEA_3_NAME">
      <Text>First Flush Beyaz Cay</Text>
    </Row>
    <Row Tag="LOC_GREATWORK_PRODUCT_TEA_4_NAME">
      <Text>Asa-no-Sencha</Text>
    </Row>
    <Row Tag="LOC_GREATWORK_PRODUCT_TEA_5_NAME">
      <Text>Günes Hiç Batmiyor Cayi</Text>
    </Row>
    <Row Tag="LOC_GREATWORK_PRODUCT_TOBACCO_1_NAME">
      <Text>Mountain Fresh Sigaralari</Text>
    </Row>
    <Row Tag="LOC_GREATWORK_PRODUCT_TOBACCO_2_NAME">
      <Text>Öksüren Kovboy Sigaralari</Text>
    </Row>
    <Row Tag="LOC_GREATWORK_PRODUCT_TOBACCO_3_NAME">
      <Text>Petit Dictator Purolari</Text>
    </Row>
    <Row Tag="LOC_GREATWORK_PRODUCT_TOBACCO_4_NAME">
      <Text>Yanik Bourbon Aromali Tütün</Text>
    </Row>
    <Row Tag="LOC_GREATWORK_PRODUCT_TOBACCO_5_NAME">
      <Text>Stockholm Snuff</Text>
    </Row>
    <Row Tag="LOC_GREATWORK_PRODUCT_TRUFFLES_1_NAME">
      <Text>Yaban Domuzunun Bounty Trüfleri</Text>
    </Row>
    <Row Tag="LOC_GREATWORK_PRODUCT_TRUFFLES_2_NAME">
      <Text>Abydos Trüf Yagi</Text>
    </Row>
    <Row Tag="LOC_GREATWORK_PRODUCT_TRUFFLES_3_NAME">
      <Text>Domuz Burunlu Truffles</Text>
    </Row>
    <Row Tag="LOC_GREATWORK_PRODUCT_TRUFFLES_4_NAME">
      <Text>Sonbahar Alacakaranligi</Text>
    </Row>
    <Row Tag="LOC_GREATWORK_PRODUCT_TRUFFLES_5_NAME">
      <Text>Sniffing Pig Artisinal Eats</Text>
    </Row>
    <Row Tag="LOC_GREATWORK_PRODUCT_WINE_1_NAME">
      <Text>Del Sol Malbec</Text>
    </Row>
    <Row Tag="LOC_GREATWORK_PRODUCT_WINE_2_NAME">
      <Text>Kvevris Saperavi</Text>
    </Row>
    <Row Tag="LOC_GREATWORK_PRODUCT_WINE_3_NAME">
      <Text>L'Ombre Cabernet</Text>
    </Row>
    <Row Tag="LOC_GREATWORK_PRODUCT_WINE_4_NAME">
      <Text>Villa Scintillante Prosecco</Text>
    </Row>
    <Row Tag="LOC_GREATWORK_PRODUCT_WINE_5_NAME">
      <Text>Grunental Sekt</Text>
    </Row>
    <Row Tag="LOC_GREATWORK_PRODUCT_AMBER_1_NAME">
      <Text>Griffin'in Tüyleri</Text>
    </Row>
    <Row Tag="LOC_GREATWORK_PRODUCT_AMBER_2_NAME">
      <Text>Tsarskoye Ambers</Text>
    </Row>
    <Row Tag="LOC_GREATWORK_PRODUCT_AMBER_3_NAME">
      <Text>Namsai Parfüm</Text>
    </Row>
    <Row Tag="LOC_GREATWORK_PRODUCT_AMBER_4_NAME">
      <Text>Jurassic Gems Kehribar</Text>
    </Row>
    <Row Tag="LOC_GREATWORK_PRODUCT_AMBER_5_NAME">
      <Text>Kokulu Koyun Parfümü</Text>
    </Row>
    <Row Tag="LOC_GREATWORK_PRODUCT_OLIVES_1_NAME">
      <Text>Kalamata Rüyasi Zeytinyagi</Text>
    </Row>
    <Row Tag="LOC_GREATWORK_PRODUCT_OLIVES_2_NAME">
      <Text>Bizans Safagi Zeytinyagi</Text>
    </Row>
    <Row Tag="LOC_GREATWORK_PRODUCT_OLIVES_3_NAME">
      <Text>Brüt Olmayan Gençlik Koruyucu Krem</Text>
    </Row>
    <Row Tag="LOC_GREATWORK_PRODUCT_OLIVES_4_NAME">
      <Text>Face-Off Yüz Onarici</Text>
    </Row>
    <Row Tag="LOC_GREATWORK_PRODUCT_OLIVES_5_NAME">
      <Text>Martinese Salamura Zeytin</Text>
    </Row>
    <Row Tag="LOC_GREATWORK_PRODUCT_HONEY_1_NAME">
      <Text>Yaz Sonu Saf Bal</Text>
    </Row>
    <Row Tag="LOC_GREATWORK_PRODUCT_HONEY_2_NAME">
      <Text>Nature's Hive Ari Sütü</Text>
    </Row>
    <Row Tag="LOC_GREATWORK_PRODUCT_HONEY_3_NAME">
      <Text>Whanganui Manuka Bali</Text>
    </Row>
    <Row Tag="LOC_GREATWORK_PRODUCT_HONEY_4_NAME">
      <Text>Abe's Apis Probiyotikler</Text>
    </Row>
    <Row Tag="LOC_GREATWORK_PRODUCT_HONEY_5_NAME">
      <Text>Royal Buzz Tozlayicilari</Text>
    </Row>
    <Row Tag="LOC_GREATWORK_PRODUCT_TURTLES_1_NAME">
      <Text>Mary Shelly Gözlük Cerçeveleri</Text>
    </Row>
    <Row Tag="LOC_GREATWORK_PRODUCT_TURTLES_2_NAME">
      <Text>Palawan Shores Saç Aksesuarlari</Text>
    </Row>
    <Row Tag="LOC_GREATWORK_PRODUCT_TURTLES_3_NAME">
      <Text>Wujin Güzellik Malzemeleri</Text>
    </Row>
    <Row Tag="LOC_GREATWORK_PRODUCT_TURTLES_4_NAME">
      <Text>Guilinggao Kaplumbaga Jölesi</Text>
    </Row>
    <Row Tag="LOC_GREATWORK_PRODUCT_TURTLES_5_NAME">
      <Text>Lord McConnell'in Alayci Kaplumbaga Corbasi Olmadigi Kesin</Text>
    </Row>
    <Row Tag="LOC_GREATWORK_PRODUCT_WHALES_1_NAME">
      <Text>Melville's Plenty Lamba Yagi</Text>
    </Row>
    <Row Tag="LOC_GREATWORK_PRODUCT_WHALES_2_NAME">
      <Text>Moldywarp'in Ambrosia'si</Text>
    </Row>
    <Row Tag="LOC_GREATWORK_PRODUCT_WHALES_3_NAME">
      <Text>Whalebarf Ambergris</Text>
    </Row>
    <Row Tag="LOC_GREATWORK_PRODUCT_WHALES_4_NAME">
      <Text>Ismail'in Lamba Yagi</Text>
    </Row>
    <Row Tag="LOC_GREATWORK_PRODUCT_WHALES_5_NAME">
      <Text>Kujirasan'in Madeni Yaglari</Text>
    </Row>
    <Row Tag="LOC_GREATWORK_PRODUCT_IMPROVED_NAME">
      <Text>Gelistirilmis</Text>
    </Row>
    <Row Tag="LOC_GREATWORK_PRODUCT_NEW_AND_IMPROVED_NAME">
      <Text>Yeni ve Gelistirilmis</Text>
    </Row>
    <!--Historic Moments-->
    <Row Tag="LOC_MOMENT_FIRST_INDUSTRY">
      <Text>Ilk Endüstri Olusturuldu</Text>
    </Row>
    <Row Tag="LOC_MOMENT_FIRST_INDUSTRY_DESCRIPTION">
      <Text>Ilk Endüstriniz olusturuldu.</Text>
    </Row>
    <Row Tag="LOC_MOMENT_FIRST_INDUSTRY_INSTANCE_DESCRIPTION">
      <Text>Montaj hattini baslatin! Üretimi rafine etmek, sistematiklestirmek, düzene sokmak, bir Endüstri kurdunuz!</Text>
    </Row>
    <Row Tag="LOC_MOMENT_FIRST_INDUSTRY_IN_WORLD">
      <Text>Dünyanin Ilk Endüstrisi</Text>
    </Row>
    <Row Tag="LOC_MOMENT_FIRST_INDUSTRY_IN_WORLD_DESCRIPTION">
      <Text>Dünyadaki ilk Endüstri yaratildi.</Text>
    </Row>
    <Row Tag="LOC_MOMENT_FIRST_INDUSTRY_IN_WORLD_INSTANCE_DESCRIPTION">
      <Text>Rasyonellestirilmis üretimin çarklari dünyada ilk kez sizin sektörünüzde dönüyor, ürünler eskisinden daha hizli ve daha verimli bir sekilde üretiliyor.</Text>
    </Row>
    <Row Tag="LOC_MOMENT_FIRST_CORPORATION">
      <Text>Ilk Sirket Kuruldu</Text>
    </Row>
    <Row Tag="LOC_MOMENT_FIRST_CORPORATION_DESCRIPTION">
      <Text>Bir sirket kuruldu.</Text>
    </Row>
    <Row Tag="LOC_MOMENT_FIRST_CORPORATION_INSTANCE_DESCRIPTION">
      <Text>Ürünler yönetim, gözetim, pazarlama, markalasma... bir Sirket gerektirir. Rekabeti ortadan kaldirma zamani!</Text>
    </Row>
    <Row Tag="LOC_MOMENT_FIRST_CORPORATION_IN_WORLD">
      <Text>Dünyadaki Ilk Sirket</Text>
    </Row>
    <Row Tag="LOC_MOMENT_FIRST_CORPORATION_IN_WORLD_DESCRIPTION">
      <Text>Para kavramsal olarak ete kemige büründü - dünya ilk Anonim Sirketinin kurulusunu görüyor! Rekabeti ortadan kaldirma zamani.</Text>
    </Row>
    <Row Tag="LOC_MOMENT_FIRST_CORPORATION_IN_WORLD_INSTANCE_DESCRIPTION">
      <Text>Etsiz bir beden - dünyadaki ilk Sirket uygarliginizda ortaya çikiyor. {ResourceType} kasalari markalanmaya, kutulanmaya ve gönderilmeye hazir!</Text>
    </Row>
    <Row Tag="LOC_MOMENT_FIRST_LUXURY_RESOURCE_MONOPOLY">
      <Text>Ilk Lüks Kaynak Tekeli</Text>
    </Row>
    <Row Tag="LOC_MOMENT_FIRST_LUXURY_RESOURCE_MONOPOLY_DESCRIPTION">
      <Text>Artik ilk tekelinizi kontrol ediyorsunuz.</Text>
    </Row>
    <Row Tag="LOC_MOMENT_FIRST_LUXURY_RESOURCE_MONOPOLY_INSTANCE_DESCRIPTION">
      <Text>{ResourceType} üzerinde bir tekeli kontrol ediyorsunuz. - Artik kim isterse senden geçmesi gerekecek. Sonraki adim: kâr!</Text>
    </Row>
    <Row Tag="LOC_MOMENT_FIRST_LUXURY_RESOURCE_MONOPOLY_IN_WORLD">
      <Text>Dünyadaki Ilk Lüks Kaynak Tekeli</Text>
    </Row>
    <Row Tag="LOC_MOMENT_FIRST_LUXURY_RESOURCE_MONOPOLY_IN_WORLD_DESCRIPTION">
      <Text>Dünya tarihinde lüks bir kaynak üzerinde tekeli kontrol eden ilk uygarliksiniz!</Text>
    </Row>
    <Row Tag="LOC_MOMENT_FIRST_LUXURY_RESOURCE_MONOPOLY_IN_WORLD_INSTANCE_DESCRIPTION">
      <Text>{ResourceType} piyasasi... dünyadaki ilk tekel olan sizin tarafinizdan köseye sikistirildi. Arz sizde, birakin talep gelsin!</Text>
    </Row>
    <!--Advisor Text-->
    <Row Tag="LOC_TUTORIAL_FIRST_TIME_MONOPOLIES">
      <Text>Savas alanlarinizi pazar yerlerine dönüstürün! Tekeller ve Sirketler Modu etkinlestirildiginde, Lüks kaynaklari kontrol etmek ve gelistirmek yeni avantajlar saglar. Ilk olarak bölgenizdeki kaynaklarin etrafinda Endüstriler kurarak baslayin. Dünyadaki üretiminin ezici çogunluguna sahip olarak bir Lüks kaynak üzerinde tekel sahibi olmanin parasal avantajlarindan yararlanin. Bir kez tekele sahip oldugunuzda, nüfuzunuzu diger medeniyetlere yaymak için güçlü Sirketler kurun. Dünya hakimiyeti her zaman kiliçla elde edilmez!</Text>
    </Row>
    <Row Tag="LOC_TUTORIAL_INDUSTRY_INTRO">
      <Text>Ikinci bir {1_ResourceIcon} {2_Resource} kaynagi gelistirirsek, onun etrafinda bir Endüstri olusturmaya yetecek kadarini kontrol edecegiz! Endüstriler, önemli üretim indirimleri veya ek verim saglayarak insa edildikleri sehre fayda saglar.</Text>
    </Row>
    <Row Tag="LOC_TUTORIAL_INDUSTRY_OPPORTUNITY_A">
      <Text>Artik ikinci bir {1_ResourceIcon} {2_Resource} kaynak gelistirdigimize göre, Insaatçilarimizdan birine orada bir tane insa etmesini emredersek bir Sanayi olusturabiliriz.</Text>
    </Row>
    <Row Tag="LOC_TUTORIAL_INDUSTRY_OPPORTUNITY_B">
      <Text>Yeni kesfettigimiz Para Birimi bilgimiz bize daha iyi bir degisim araci sagladi. Artik gelistirilmis Lüks kaynaklarin üzerine Sektörler yaratma yetenegine sahibiz. Bölgemizde ayni Lüksten birden fazla gelistirdigimizde Endüstriler olusturulabilir.</Text>
    </Row>
    <Row Tag="LOC_TUTORIAL_CORPORATION_OPPORTUNITY_A">
      <Text>Artik {1_ResourceIcon} {2_Resource} kaynaginin tekelini elimizde tuttugumuza göre, bu Endüstriyi bir Sirkete dönüstürebiliriz. Bu, diger Medeniyetlere yayilabilecek Ürünler yaratmamizi saglar.</Text>
    </Row>
    <Row Tag="LOC_TUTORIAL_CORPORATION_OPPORTUNITY_B">
      <Text>Artik bölgemizdeki Lüks kaynaklarin üzerinde Sirketler kurma yetenegine sahibiz. Sirketler, bir Lüksün tekelini kontrol ettigimizde olusturulabilir. Sirketler kurulduktan sonra, diger Medeniyetlere yayilabilecek Ürünler yaratabilirler.</Text>
    </Row>
    <Row Tag="LOC_HUD_CITY_HOUSING_FROM_GREATWORKS">
      <Text>Great Works'ten konut:</Text>
    </Row>
    <Row Tag="LOC_CIVIC_MERCANTILISM_DESCRIPTION">
      <Text>Kamp iyilestirmeleri +1 [ICON_Production] Üretim ve +1 [ICON_Food] Gida alir.</Text>
    </Row>
  </EnglishText>
</GameData>