﻿<?xml version="1.0" encoding="utf-8"?>
<GameData>
  <EnglishText>
    <!-- Lady Trieu-->
    <Row Tag="LOC_DIPLO_ACCEPT_DECLARE_FRIEND_FROM_HUMAN_LEADER_LADY_TRIEU_ANY">
      <Text>Iste! Seni intikam listesinden çikardim.</Text>
    </Row>
    <Row Tag="LOC_DIPLO_REJECT_DECLARE_FRIEND_FROM_HUMAN_LEADER_LADY_TRIEU_ANY">
      <Text>Vietnam tek basina ayakta duruyor. Size ihtiyacimiz yok.</Text>
    </Row>
    <Row Tag="LOC_DIPLO_DECLARE_FRIEND_FROM_AI_LEADER_LADY_TRIEU_ANY">
      <Text>Insanlarimiz birbirlerinin yüklerini paylassinlar, mücadele daha kolay olacaktir.</Text>
    </Row>
    <Row Tag="LOC_DIPLO_ACCEPT_DECLARE_FRIEND_FROM_AI_LEADER_LADY_TRIEU_ANY">
      <Text>Mizraklarimiz düsmanlarimiza karsi birlessin!</Text>
    </Row>
    <Row Tag="LOC_DIPLO_REJECT_DECLARE_FRIEND_FROM_AI_LEADER_LADY_TRIEU_ANY">
      <Text>Düsmanlarima ne oldugunu biliyorsun, degil mi?</Text>
    </Row>
    <Row Tag="LOC_DIPLO_DECLARE_WAR_FROM_HUMAN_LEADER_LADY_TRIEU_ANY">
      <Text>Uzun zamandir bu günü bekliyordum. Bugün senin yok olusunla sonuçlanacak savas basliyor.</Text>
    </Row>
    <Row Tag="LOC_DIPLO_DECLARE_WAR_FROM_AI_LEADER_LADY_TRIEU_ANY">
      <Text>Simdi Vietnam'la savas halindesiniz. Trompetlerimizi duyuyor musun? Fillerimizin gürültüsünü? Sizin için geliyorlar!</Text>
    </Row>
    <Row Tag="LOC_DIPLO_ACCEPT_DELEGATION_FROM_HUMAN_LEADER_LADY_TRIEU_ANY">
      <Text>Heyetiniz Vietnam'in güzelligini ve insanlarinin sertligini gördü.</Text>
    </Row>
    <Row Tag="LOC_DIPLO_REJECT_DELEGATION_FROM_HUMAN_LEADER_LADY_TRIEU_ANY">
      <Text>Baris içinde geldiklerini söylüyorsunuz ama yabanci sizmalara izin veremem.</Text>
    </Row>
    <Row Tag="LOC_DIPLO_DELEGATION_FROM_AI_LEADER_LADY_TRIEU_ANY">
      <Text>Vietnam heyeti kus yuvasi çorbasi, deniz kulagi, geyik tendonu ve Hàm Long kuyusundan su getirerek yaklasiyor.</Text>
    </Row>
    <Row Tag="LOC_DIPLO_DENOUNCE_FROM_HUMAN_LEADER_LADY_TRIEU_ANY">
      <Text>Kendi halkini yönetmekle yetinmeyip benimkine de mi karisacaksin? Tüm dünyaya suçlarinizi anlatacagim!</Text>
    </Row>
    <Row Tag="LOC_DIPLO_DENOUNCE_FROM_AI_LEADER_LADY_TRIEU_ANY">
      <Text>Buraya bak, seni yilan. Bir gün halklarimiz arasinda büyük bir hesaplasma olacak ve adalet sana yerini bulacak.</Text>
    </Row>
    <Row Tag="LOC_DIPLO_FIRST_MEET_LEADER_LADY_TRIEU_ANY">
      <Text>Ben Bà Triệu, altin cübbe giyen general. Vietnam'a hos geldiniz.</Text>
    </Row>
    <Row Tag="LOC_DIPLO_FIRST_MEET_VISIT_RECIPIENT_LEADER_LADY_TRIEU_ANY">
      <Text>Vietnam'a hos geldiniz! Gelin ve baskentimizde kus yuvasi çorbasi için.</Text>
    </Row>
    <Row Tag="LOC_DIPLO_FIRST_MEET_NEAR_INITIATOR_POSITIVE_LEADER_LADY_TRIEU_ANY">
      <Text>Evet.</Text>
    </Row>
    <Row Tag="LOC_DIPLO_FIRST_MEET_NO_MANS_INFO_EXCHANGE_LEADER_LADY_TRIEU_ANY">
      <Text>Size Hanoi'nin kalelerinden ve Geri Dönen Kiliç Gölü'ne yapisan safak sisinden bahsedeyim.</Text>
    </Row>
    <Row Tag="LOC_DIPLO_GREETING_LEADER_LADY_TRIEU_ANY">
      <Text>Hos geldin, misafir.</Text>
    </Row>
    <Row Tag="LOC_DIPLO_KUDO_EXIT_LEADER_LADY_TRIEU_ANY">
      <Text>Siz benim yikimimi planlamadiniz, ben de sizinkini planlamayacagim.</Text>
    </Row>
    <Row Tag="LOC_DIPLO_WARNING_EXIT_LEADER_LADY_TRIEU_ANY">
      <Text>Vietnam seni izliyor.</Text>
    </Row>
    <Row Tag="LOC_DIPLO_MAKE_ALLIANCE_FROM_AI_LEADER_LADY_TRIEU_ANY">
      <Text>Filinizi Vietnam'inkinin yanina getirin! Ne diyorsunuz?</Text>
    </Row>
    <Row Tag="LOC_DIPLO_MAKE_PEACE_AI_ACCEPT_DEAL_LEADER_LADY_TRIEU_ANY">
      <Text>Bu kadar kan dökmek yeter. Birakin savasçilarimiz evlerini yeniden insa etsinler.</Text>
    </Row>
    <Row Tag="LOC_DIPLO_MAKE_PEACE_AI_REFUSE_DEAL_LEADER_LADY_TRIEU_ANY">
      <Text>Asla! Sana boyun egmeyecegim.</Text>
    </Row>
    <Row Tag="LOC_DIPLO_MAKE_PEACE_FROM_AI_LEADER_LADY_TRIEU_ANY">
      <Text>Kiliçlarimizi bir kenara birakalim mi?</Text>
    </Row>
    <Row Tag="LOC_DIPLO_ACCEPT_OPEN_BORDERS_FROM_HUMAN_LEADER_LADY_TRIEU_ANY">
      <Text>Halkiniz geçebilir, ama izlenecekler.</Text>
    </Row>
    <Row Tag="LOC_DIPLO_REJECT_OPEN_BORDERS_FROM_HUMAN_LEADER_LADY_TRIEU_ANY">
      <Text>Vietnam, yabanci birliklerin topraklarimizdan geçmesine izin vermek için bu kadar uzun süre yasamadi! Hayir! Hayir!</Text>
    </Row>
    <Row Tag="LOC_DIPLO_OPEN_BORDERS_FROM_AI_LEADER_LADY_TRIEU_ANY">
      <Text>Halkimin geçisine izin verecek misiniz?</Text>
    </Row>
    <Row Tag="LOC_DIPLO_WARNING_TOO_MANY_TROOPS_NEAR_ME_LEADER_LADY_TRIEU_ANY">
      <Text>Vietnam tehdit altinda olmayacak. Askerlerinizi çekin.</Text>
    </Row>
    <Row Tag="LOC_DIPLO_WARNING_TOO_MANY_TROOPS_NEAR_ME_AI_RESPONSE_NEGATIVE_LEADER_LADY_TRIEU_ANY">
      <Text>Seni dinlemek zorunda degilim.</Text>
    </Row>
    <Row Tag="LOC_DIPLO_WARNING_TOO_MANY_TROOPS_NEAR_ME_AI_RESPONSE_POSITIVE_LEADER_LADY_TRIEU_ANY">
      <Text>Askerlerimiz güçlü ve çigliklari korkunç. Sizi korkutmak istememistik.</Text>
    </Row>
    <Row Tag="LOC_DIPLO_DEFEAT_FROM_AI_LEADER_LADY_TRIEU_ANY">
      <Text>Beni yendiginizi mi saniyorsunuz? Cennete yükselecegim ve direnisimizin ölümsüz ruhu olacagim!</Text>
    </Row>
    <Row Tag="LOC_DIPLO_REJECT_MAKE_DEAL_FROM_AI_LEADER_LADY_TRIEU_ANY">
      <Text>Halkimin ihtiyaçlari önce gelmeli. Bunu kabul edemem.</Text>
    </Row>
    <Row Tag="LOC_DIPLO_ACCEPT_MAKE_DEAL_FROM_AI_LEADER_LADY_TRIEU_ANY">
      <Text>Teklifiniz halkima fayda saglayacaktir.</Text>
    </Row>
    <!-- Kublai China-->
    <Row Tag="LOC_DIPLO_ACCEPT_DECLARE_FRIEND_FROM_HUMAN_LEADER_KUBLAI_KHAN_CHINA_ANY">
      <Text>Oh, dostlarin prensi! Cimenler seni söylüyor.</Text>
    </Row>
    <Row Tag="LOC_DIPLO_REJECT_DECLARE_FRIEND_FROM_HUMAN_LEADER_KUBLAI_KHAN_CHINA_ANY">
      <Text>Yeterince arkadasim var.</Text>
    </Row>
    <Row Tag="LOC_DIPLO_DECLARE_FRIEND_FROM_AI_LEADER_KUBLAI_KHAN_CHINA_ANY">
      <Text>Gelin, iyi sarabin ve alçak sesli sarkilarin tadini çikarin, içelim ve günesin ve ayin gelip gitmesine izin verin!</Text>
    </Row>
    <Row Tag="LOC_DIPLO_ACCEPT_DECLARE_FRIEND_FROM_AI_LEADER_KUBLAI_KHAN_CHINA_ANY">
      <Text>Oh, dostlarin prensi! Cimenler seni söylüyor.</Text>
    </Row>
    <Row Tag="LOC_DIPLO_REJECT_DECLARE_FRIEND_FROM_AI_LEADER_KUBLAI_KHAN_CHINA_ANY">
      <Text>Han'in dostluk teklifini reddettin. Bunu kafana sok.</Text>
    </Row>
    <Row Tag="LOC_DIPLO_DECLARE_WAR_FROM_HUMAN_LEADER_KUBLAI_KHAN_CHINA_ANY">
      <Text>Kralligimin her kösesinden asker topladim. Sizinle savasmak için bu kadar zahmete girdigim için onur duyun.</Text>
    </Row>
    <Row Tag="LOC_DIPLO_DECLARE_WAR_FROM_AI_LEADER_KUBLAI_KHAN_CHINA_ANY">
      <Text>Ufuktaki toz bulutlari, savasla gelen binlerce atli. Kendinizi hazirlayin!</Text>
    </Row>
    <Row Tag="LOC_DIPLO_ACCEPT_DELEGATION_FROM_HUMAN_LEADER_KUBLAI_KHAN_CHINA_ANY">
      <Text>Delegelerinizi güres müsabakasina davet ettim. Bugün biraz morarmis olabilirler.</Text>
    </Row>
    <Row Tag="LOC_DIPLO_REJECT_DELEGATION_FROM_HUMAN_LEADER_KUBLAI_KHAN_CHINA_ANY">
      <Text>Siirimiz, kompozit yaylarimiz ve at sütümüz var. Artiklariniza ihtiyacimiz yok.</Text>
    </Row>
    <Row Tag="LOC_DIPLO_DELEGATION_FROM_AI_LEADER_KUBLAI_KHAN_CHINA_ANY">
      <Text>Ipekler ve baharatlar, at sütü ve koyun eti ve büyük Han'in hikayelerini tasiyan bir deve katari sinirlariniza yaklasiyor.</Text>
    </Row>
    <Row Tag="LOC_DIPLO_DENOUNCE_FROM_HUMAN_LEADER_KUBLAI_KHAN_CHINA_ANY">
      <Text>Ister cehaletle ister kasitla hareket edin, sonuç ayni. Beni çok uzun süredir rahatsiz ediyorsunuz ve artik küstahliginiza katlanmayacagim.</Text>
    </Row>
    <Row Tag="LOC_DIPLO_DENOUNCE_FROM_AI_LEADER_KUBLAI_KHAN_CHINA_ANY">
      <Text>Kralliginin bir yanginda kül olan otlar gibi yok olacagi bir gün geliyor. O gün, sevinecegim. (Seni kiniyor).</Text>
    </Row>
    <Row Tag="LOC_DIPLO_FIRST_MEET_LEADER_KUBLAI_KHAN_CHINA_ANY">
      <Text>Ben Kubilay'im. Zamanla tüm dünya beni imparator ve büyük han olarak taniyacak.</Text>
    </Row>
    <Row Tag="LOC_DIPLO_FIRST_MEET_VISIT_RECIPIENT_LEADER_KUBLAI_KHAN_CHINA_ANY">
      <Text>Baskentimde, en güçlü iki savasçimiz arasinda bir güres müsabakasi düzenledim. Gelin ve benimle mayalanmis kisrak sütü için!</Text>
    </Row>
    <Row Tag="LOC_DIPLO_FIRST_MEET_NEAR_INITIATOR_POSITIVE_LEADER_KUBLAI_KHAN_CHINA_ANY">
      <Text>Evet.</Text>
    </Row>
    <Row Tag="LOC_DIPLO_FIRST_MEET_NO_MANS_INFO_EXCHANGE_LEADER_KUBLAI_KHAN_CHINA_ANY">
      <Text>Size Ipek Yolu'nun incisini anlatabilir miyim? Ve siz de bana topraklarinizdan bahsedebilir misiniz?</Text>
    </Row>
    <Row Tag="LOC_DIPLO_GREETING_LEADER_KUBLAI_KHAN_CHINA_ANY">
      <Text>Selamlar.</Text>
    </Row>
    <Row Tag="LOC_DIPLO_KUDO_EXIT_LEADER_KUBLAI_KHAN_CHINA_ANY">
      <Text>Iyi alasimlanmis çelik gibi uyum içinde çalisan bilgelik ve kudret gösteriyorsunuz.</Text>
    </Row>
    <Row Tag="LOC_DIPLO_WARNING_EXIT_LEADER_KUBLAI_KHAN_CHINA_ANY">
      <Text>Eger iyi yönetemezseniz, daha iyi bir yönetici gelir ve sizi devirir. Tüm tarih bize bunu ögretir.</Text>
    </Row>
    <Row Tag="LOC_DIPLO_MAKE_ALLIANCE_FROM_AI_LEADER_KUBLAI_KHAN_CHINA_ANY">
      <Text>Birlikte gidelim! Sen önden git.</Text>
    </Row>
    <Row Tag="LOC_DIPLO_MAKE_PEACE_AI_ACCEPT_DEAL_LEADER_KUBLAI_KHAN_CHINA_ANY">
      <Text>Savas yayi kirildi. Birakalim atlarimiz sismanlasin.</Text>
    </Row>
    <Row Tag="LOC_DIPLO_MAKE_PEACE_AI_REFUSE_DEAL_LEADER_KUBLAI_KHAN_CHINA_ANY">
      <Text>Hanlarim hala savasa aç.</Text>
    </Row>
    <Row Tag="LOC_DIPLO_MAKE_PEACE_FROM_AI_LEADER_KUBLAI_KHAN_CHINA_ANY">
      <Text>Atlarimiz zayifliyor ve binicileri evlerinden sarkilar söylüyor.</Text>
    </Row>
    <Row Tag="LOC_DIPLO_ACCEPT_OPEN_BORDERS_FROM_HUMAN_LEADER_KUBLAI_KHAN_CHINA_ANY">
      <Text>Atlariniz Mogol Imparatorlugu'nun bozkirlarinda ve Mogol Imparatorlugu'nun fethettigi topraklarin yollarinda gezintiye çikabilir.</Text>
    </Row>
    <Row Tag="LOC_DIPLO_REJECT_OPEN_BORDERS_FROM_HUMAN_LEADER_KUBLAI_KHAN_CHINA_ANY">
      <Text>Sinirlarin orada olmasinin bir sebebi var. Bunlar sizi disarida tutmak için var.</Text>
    </Row>
    <Row Tag="LOC_DIPLO_OPEN_BORDERS_FROM_AI_LEADER_KUBLAI_KHAN_CHINA_ANY">
      <Text>Kafese tikilmak yok olmaktir. Bize sinirlar çizilirse, ölürüz. Geçebilir miyiz?</Text>
    </Row>
    <Row Tag="LOC_DIPLO_WARNING_TOO_MANY_TROOPS_NEAR_ME_LEADER_KUBLAI_KHAN_CHINA_ANY">
      <Text>Birlikleriniz bozkirlarin manzarasini engelliyor. Kaldirin onlari.</Text>
    </Row>
    <Row Tag="LOC_DIPLO_WARNING_TOO_MANY_TROOPS_NEAR_ME_AI_RESPONSE_NEGATIVE_LEADER_KUBLAI_KHAN_CHINA_ANY">
      <Text>Bir hana emir veremezsin.</Text>
    </Row>
    <Row Tag="LOC_DIPLO_WARNING_TOO_MANY_TROOPS_NEAR_ME_AI_RESPONSE_POSITIVE_LEADER_KUBLAI_KHAN_CHINA_ANY">
      <Text>Bizden korkuyorsun. Anliyorum. Baska bir yere gidecegiz.</Text>
    </Row>
    <Row Tag="LOC_DIPLO_DEFEAT_FROM_AI_LEADER_KUBLAI_KHAN_CHINA_ANY">
      <Text>Simdi git  beni üzüntümle bas basa birak.</Text>
    </Row>
    <Row Tag="LOC_DIPLO_REJECT_MAKE_DEAL_FROM_AI_LEADER_KUBLAI_KHAN_CHINA_ANY">
      <Text>Altin Orda böyle anlasmalarla altin olmadi.</Text>
    </Row>
    <Row Tag="LOC_DIPLO_ACCEPT_MAKE_DEAL_FROM_AI_LEADER_KUBLAI_KHAN_CHINA_ANY">
      <Text>Evet. Her taraftan kâr yagsin.</Text>
    </Row>
    <!-- Kublai Mongolia-->
    <Row Tag="LOC_DIPLO_ACCEPT_DECLARE_FRIEND_FROM_HUMAN_LEADER_KUBLAI_KHAN_MONGOLIA_ANY">
      <Text>Oh, dostlarin prensi! Cimenler seni söylüyor.</Text>
    </Row>
    <Row Tag="LOC_DIPLO_REJECT_DECLARE_FRIEND_FROM_HUMAN_LEADER_KUBLAI_KHAN_MONGOLIA_ANY">
      <Text>Yeterince arkadasim var.</Text>
    </Row>
    <Row Tag="LOC_DIPLO_DECLARE_FRIEND_FROM_AI_LEADER_KUBLAI_KHAN_MONGOLIA_ANY">
      <Text>Gelin, iyi sarabin ve alçak sesli sarkilarin tadini çikarin, içelim ve günesin ve ayin gelip gitmesine izin verin!</Text>
    </Row>
    <Row Tag="LOC_DIPLO_ACCEPT_DECLARE_FRIEND_FROM_AI_LEADER_KUBLAI_KHAN_MONGOLIA_ANY">
      <Text>Oh, dostlarin prensi! Cimenler seni söylüyor.</Text>
    </Row>
    <Row Tag="LOC_DIPLO_REJECT_DECLARE_FRIEND_FROM_AI_LEADER_KUBLAI_KHAN_MONGOLIA_ANY">
      <Text>Han'in dostluk teklifini reddettin. Bunu kafana sok.</Text>
    </Row>
    <Row Tag="LOC_DIPLO_DECLARE_WAR_FROM_HUMAN_LEADER_KUBLAI_KHAN_MONGOLIA_ANY">
      <Text>Kralligimin her kösesinden asker topladim. Sizinle savasmak için bu kadar zahmete girdigim için onur duyun.</Text>
    </Row>
    <Row Tag="LOC_DIPLO_DECLARE_WAR_FROM_AI_LEADER_KUBLAI_KHAN_MONGOLIA_ANY">
      <Text>Ufuktaki toz bulutlari, savasla gelen binlerce atli. Kendinizi hazirlayin!</Text>
    </Row>
    <Row Tag="LOC_DIPLO_ACCEPT_DELEGATION_FROM_HUMAN_LEADER_KUBLAI_KHAN_MONGOLIA_ANY">
      <Text>Delegelerinizi güres müsabakasina davet ettim. Bugün biraz morarmis olabilirler.</Text>
    </Row>
    <Row Tag="LOC_DIPLO_REJECT_DELEGATION_FROM_HUMAN_LEADER_KUBLAI_KHAN_MONGOLIA_ANY">
      <Text>Siirimiz, kompozit yaylarimiz ve at sütümüz var. Artiklariniza ihtiyacimiz yok.</Text>
    </Row>
    <Row Tag="LOC_DIPLO_DELEGATION_FROM_AI_LEADER_KUBLAI_KHAN_MONGOLIA_ANY">
      <Text>Ipekler ve baharatlar, at sütü ve koyun eti ve büyük Han'in hikayelerini tasiyan bir deve katari sinirlariniza yaklasiyor.</Text>
    </Row>
    <Row Tag="LOC_DIPLO_DENOUNCE_FROM_HUMAN_LEADER_KUBLAI_KHAN_MONGOLIA_ANY">
      <Text>Ister cehaletle ister kasitla hareket edin, sonuç ayni. Beni çok uzun süredir rahatsiz ediyorsunuz ve artik küstahliginiza katlanmayacagim.</Text>
    </Row>
    <Row Tag="LOC_DIPLO_DENOUNCE_FROM_AI_LEADER_KUBLAI_KHAN_MONGOLIA_ANY">
      <Text>Kralliginin bir yanginda kül olan otlar gibi yok olacagi bir gün geliyor. O gün, sevinecegim. (Seni kiniyor).</Text>
    </Row>
    <Row Tag="LOC_DIPLO_FIRST_MEET_LEADER_KUBLAI_KHAN_MONGOLIA_ANY">
      <Text>Ben Kubilay'im. Zamanla tüm dünya beni imparator ve büyük han olarak taniyacak.</Text>
    </Row>
    <Row Tag="LOC_DIPLO_FIRST_MEET_VISIT_RECIPIENT_LEADER_KUBLAI_KHAN_MONGOLIA_ANY">
      <Text>Baskentimde, en güçlü iki savasçimiz arasinda bir güres müsabakasi düzenledim. Gelin ve benimle mayalanmis kisrak sütü için!</Text>
    </Row>
    <Row Tag="LOC_DIPLO_FIRST_MEET_NEAR_INITIATOR_POSITIVE_LEADER_KUBLAI_KHAN_MONGOLIA_ANY">
      <Text>Evet.</Text>
    </Row>
    <Row Tag="LOC_DIPLO_FIRST_MEET_NO_MANS_INFO_EXCHANGE_LEADER_KUBLAI_KHAN_MONGOLIA_ANY">
      <Text>Size Ipek Yolu'nun incisini anlatabilir miyim? Ve siz de bana topraklarinizdan bahsedebilir misiniz?</Text>
    </Row>
    <Row Tag="LOC_DIPLO_GREETING_LEADER_KUBLAI_KHAN_MONGOLIA_ANY">
      <Text>Selamlar.</Text>
    </Row>
    <Row Tag="LOC_DIPLO_KUDO_EXIT_LEADER_KUBLAI_KHAN_MONGOLIA_ANY">
      <Text>Iyi alasimlanmis çelik gibi uyum içinde çalisan bilgelik ve kudret gösteriyorsunuz.</Text>
    </Row>
    <Row Tag="LOC_DIPLO_WARNING_EXIT_LEADER_KUBLAI_KHAN_MONGOLIA_ANY">
      <Text>Eger iyi yönetemezseniz, daha iyi bir yönetici gelir ve sizi devirir. Tüm tarih bize bunu ögretir.</Text>
    </Row>
    <Row Tag="LOC_DIPLO_MAKE_ALLIANCE_FROM_AI_LEADER_KUBLAI_KHAN_MONGOLIA_ANY">
      <Text>Birlikte gidelim! Sen önden git.</Text>
    </Row>
    <Row Tag="LOC_DIPLO_MAKE_PEACE_AI_ACCEPT_DEAL_LEADER_KUBLAI_KHAN_MONGOLIA_ANY">
      <Text>Savas yayi kirildi. Birakalim atlarimiz sismanlasin.</Text>
    </Row>
    <Row Tag="LOC_DIPLO_MAKE_PEACE_AI_REFUSE_DEAL_LEADER_KUBLAI_KHAN_MONGOLIA_ANY">
      <Text>Hanlarim hala savasa aç.</Text>
    </Row>
    <Row Tag="LOC_DIPLO_MAKE_PEACE_FROM_AI_LEADER_KUBLAI_KHAN_MONGOLIA_ANY">
      <Text>Atlarimiz zayifliyor ve binicileri evlerinden sarkilar söylüyor.</Text>
    </Row>
    <Row Tag="LOC_DIPLO_ACCEPT_OPEN_BORDERS_FROM_HUMAN_LEADER_KUBLAI_KHAN_MONGOLIA_ANY">
      <Text>Atlariniz Mogol Imparatorlugu'nun bozkirlarinda ve Mogol Imparatorlugu'nun fethettigi topraklarin yollarinda gezintiye çikabilir.</Text>
    </Row>
    <Row Tag="LOC_DIPLO_REJECT_OPEN_BORDERS_FROM_HUMAN_LEADER_KUBLAI_KHAN_MONGOLIA_ANY">
      <Text>Sinirlarin orada olmasinin bir sebebi var. Bunlar sizi disarida tutmak için var.</Text>
    </Row>
    <Row Tag="LOC_DIPLO_OPEN_BORDERS_FROM_AI_LEADER_KUBLAI_KHAN_MONGOLIA_ANY">
      <Text>Kafese tikilmak yok olmaktir. Bize sinirlar çizilirse, ölürüz. Geçebilir miyiz?</Text>
    </Row>
    <Row Tag="LOC_DIPLO_WARNING_TOO_MANY_TROOPS_NEAR_ME_LEADER_KUBLAI_KHAN_MONGOLIA_ANY">
      <Text>Birlikleriniz bozkirlarin manzarasini engelliyor. Kaldirin onlari.</Text>
    </Row>
    <Row Tag="LOC_DIPLO_WARNING_TOO_MANY_TROOPS_NEAR_ME_AI_RESPONSE_NEGATIVE_LEADER_KUBLAI_KHAN_MONGOLIA_ANY">
      <Text>Bir hana emir veremezsin.</Text>
    </Row>
    <Row Tag="LOC_DIPLO_WARNING_TOO_MANY_TROOPS_NEAR_ME_AI_RESPONSE_POSITIVE_LEADER_KUBLAI_KHAN_MONGOLIA_ANY">
      <Text>Bizden korkuyorsun. Anliyorum. Baska bir yere gidecegiz.</Text>
    </Row>
    <Row Tag="LOC_DIPLO_DEFEAT_FROM_AI_LEADER_KUBLAI_KHAN_MONGOLIA_ANY">
      <Text>Simdi git  beni üzüntümle bas basa birak.</Text>
    </Row>
    <Row Tag="LOC_DIPLO_REJECT_MAKE_DEAL_FROM_AI_LEADER_KUBLAI_KHAN_MONGOLIA_ANY">
      <Text>Altin Orda böyle anlasmalarla altin olmadi.</Text>
    </Row>
    <Row Tag="LOC_DIPLO_ACCEPT_MAKE_DEAL_FROM_AI_LEADER_KUBLAI_KHAN_MONGOLIA_ANY">
      <Text>Evet. Her taraftan kâr yagsin.</Text>
    </Row>
    <!-- Agenda Text -->
    <Row Tag="LOC_AGENDA_TRIEU_DEFENDER_NAME">
      <Text>Vatan Savunucusu</Text>
    </Row>
    <Row Tag="LOC_AGENDA_TRIEU_DEFENDER_DESCRIPTION">
      <Text>Kendisine savas ilan etmemis uygarliklari sever. Kendisine savas ilan etmis uygarliklari sevmez. Bunlar için görüsü, savasin ilerledigi her turda daha da azalir ve bu azalan görüs asla bozulmaz.</Text>
    </Row>
    <Row Tag="LOC_TOOLTIP_SAMPLE_DIPLOMACY_TRIEU_DEFENDER_POSITIVE">
      <Text>Trieu kendisiyle uzun süredir baris içinde olanlari sever</Text>
    </Row>
    <Row Tag="LOC_TOOLTIP_SAMPLE_DIPLOMACY_TRIEU_DEFENDER_NEGATIVE">
      <Text>Trieu kendisiyle savasanlardan hoslanmiyor</Text>
    </Row>
    <Row Tag="LOC_TOOLTIP_SAMPLE_DIPLOMACY_TRIEU_DEFENDER">
      <Text>Trieu kendisiyle savasmayan medeniyetleri sever</Text>
    </Row>
    <Row Tag="LOC_TOOLTIP_KUDO_EXIT_LADY_TRIEU_ANY">
      <Text>Bizimle savasmayanlarla dostuz</Text>
    </Row>
    <Row Tag="LOC_TOOLTIP_WARNING_EXIT_LADY_TRIEU_ANY">
      <Text>Bizimle savasmak asla affetmeyecegimiz bir hata.</Text>
    </Row>
    <Row Tag="LOC_AGENDA_KUBLAI_PAX_NAME">
      <Text>Pax Mongolica</Text>
    </Row>
    <Row Tag="LOC_AGENDA_KUBLAI_PAX_DESCRIPTION">
      <Text>Güçlü bir ordusu ve tur basina yüksek Altin getirisi olan Uygarliklari sever. Zayif ordusu veya düsük geliri olan uygarliklari sevmez.</Text>
    </Row>
    <Row Tag="LOC_TOOLTIP_SAMPLE_DIPLOMACY_KUBLAI_PAX_POSITIVE">
      <Text>Kubilay Han gücünüze ve gelirinize saygi duyuyor</Text>
    </Row>
    <Row Tag="LOC_TOOLTIP_SAMPLE_DIPLOMACY_KUBLAI_PAX_NEGATIVE">
      <Text>Kubilay Han zayiflari ve yoksullari küçümsüyor</Text>
    </Row>
    <Row Tag="LOC_TOOLTIP_SAMPLE_DIPLOMACY_KUBLAI_PAX">
      <Text>Kubilay Han zengin ve güçlü medeniyetleri sever</Text>
    </Row>
    <Row Tag="LOC_TOOLTIP_KUDO_EXIT_KUBLAI_KHAN_CHINA_ANY">
      <Text>Gücünüz ve zenginliginiz sizi onurlandiriyor</Text>
    </Row>
    <Row Tag="LOC_TOOLTIP_WARNING_EXIT_KUBLAI_KHAN_CHINA_ANY">
      <Text>Yoksullar ve zayiflar ayaklar altinda ezilmek için vardir</Text>
    </Row>
    <Row Tag="LOC_TOOLTIP_KUDO_EXIT_KUBLAI_KHAN_MONGOLIA_ANY">
      <Text>Gücünüz ve zenginliginiz sizi onurlandiriyor</Text>
    </Row>
    <Row Tag="LOC_TOOLTIP_WARNING_EXIT_KUBLAI_KHAN_MONGOLIA_ANY">
      <Text>Yoksullar ve zayiflar ayaklar altinda ezilmek için vardir</Text>
    </Row>
  </EnglishText>
</GameData>