﻿<?xml version="1.0" encoding="utf-8"?>
<GameData>
  <LocalizedText>
    <!-- REPLACEMENTS -->
    <Delete Tag="LOC_BUILDING_STAR_FORT_NAME" />
    <Delete Tag="LOC_BUILDING_STAR_FORT_DESCRIPTION" />
    <Delete Tag="LOC_PEDIA_UNITS_PAGE_UNIT_GREAT_GENERAL_CHAPTER_HISTORY_PARA_1" />
    <Delete Tag="LOC_WORLD_RANKINGS_SCORE_VICTORY" />
    <Delete Tag="LOC_WORLD_RANKINGS_SCORE_DETAILS" />
  </LocalizedText>
  <EnglishText>
    <!-- REPLACEMENTS -->
    <Row Tag="LOC_BUILDING_STAR_FORT_NAME">
      <Text>Rönesans Duvarları</Text>
    </Row>
    <Row Tag="LOC_BUILDING_STAR_FORT_DESCRIPTION">
      <Text>Dış savunmanızın gücünü mümkün olan en yüksek seviyeye çıkarır. Koruma Civarı'na ilerledikten sonra 3 [ICON_TOURISM] Turizm sağlar.</Text>
    </Row>
    <Row Tag="LOC_WORLD_RANKINGS_SCORE_VICTORY">
      <Text>ZAFER SKORU</Text>
    </Row>
    <Row Tag="LOC_WORLD_RANKINGS_SCORE_DETAILS">
      <Text>Bir [COLOR:NeutralCS]SCORE[ENDCOLOR] zaferi, oyunun sonuna kadar hiçbir uygarlık başka bir zafer elde edemediğinde ortaya çıkar. Bu durumda, genel olarak en yüksek [COLOR:NeutralCS]PUAN[ENDCOLOR]'a sahip uygarlık kazanacaktır!</Text>
    </Row>
    <!--HUD-->
    <Row Tag="LOC_WARMACHINE_CALENDAR_AUGUST">
      <Text>Ağustos {1_Day}, 1914</Text>
    </Row>
    <Row Tag="LOC_WARMACHINE_CALENDAR_SEPT">
      <Text>Eylül {1_Day}, 1914</Text>
    </Row>
    <!--Great People-->
    <Row Tag="LOC_GREAT_PERSON_INDIVIDUAL_GENERAL_DEFAULT_NAME">
      <Text>Saha Komutanı</Text>
    </Row>
    <Row Tag="LOC_SCENARIO_WARMACHINE_GREAT_GENERAL_STRENGTH">
      <Text>2 karo içindeki kara birimlerine +3 [ICON_Strength] Savaş Gücü.</Text>
    </Row>
    <Row Tag="LOC_SCENARIO_WARMACHINE_GREAT_GENERAL_STRENGTH_MODIFIER">
      <Text>Büyük General'den +3 [ICON_Strength] Savaş Bonusu.</Text>
    </Row>
    <!--Buildings-->
    <Row Tag="LOC_BUILDING_HEADQUARTERS_NAME">
      <Text>Genel Merkez</Text>
    </Row>
    <!--Techs-->
    <Row Tag="LOC_TECH_AIRCRAFT_NAME">
      <Text>Uçak</Text>
    </Row>
    <Row Tag="LOC_TECH_FORTIFICATIONS_NAME">
      <Text>Tahkimatlar</Text>
    </Row>
    <Row Tag="LOC_TECH_FORTIFICATIONS_DESCRIPTION">
      <Text>Tüm şehirlerde +100 vuruş puanı.</Text>
    </Row>
    <Row Tag="LOC_TECH_HEAVY_ARTILLERY_NAME">
      <Text>Ağır Toplar</Text>
    </Row>
    <Row Tag="LOC_TECH_HEAVY_ARTILLERY_DESCRIPTION">
      <Text>Topçu birimleri için +6 [ICON_Strength] Savaş Gücü.</Text>
    </Row>
    <Row Tag="LOC_TECH_LOGISTICS_NAME">
      <Text>Lojistik</Text>
    </Row>
    <Row Tag="LOC_TECH_LOGISTICS_DESCRIPTION">
      <Text>Orduların oluşturulmasına ve eğitilmesine izin verir.</Text>
    </Row>
    <Row Tag="LOC_TECH_COMMAND_NAME">
      <Text>Komuta</Text>
    </Row>
    <Row Tag="LOC_TECH_COMMAND_DESCRIPTION">
      <Text>[ICON_Capital] Başkentinizde 2 ücretsiz [ICON_GreatGeneral] Büyük General verir.</Text>
    </Row>
    <Row Tag="LOC_TECH_INDUSTRIAL_WARFARE_NAME">
      <Text>Endüstriyel Savaş</Text>
    </Row>
    <Row Tag="LOC_TECH_INDUSTRIAL_WARFARE_DESCRIPTION">
      <Text>Tüm birimler için +5 [ICON_Strength] Savaş Gücü.</Text>
    </Row>
    <Row Tag="LOC_INDUSTRIAL_WARFARE_COMBAT_STRENGTH_PREVIEW_TEXT">
      <Text>+{1_Amount} Endüstriyel Savaş</Text>
    </Row>
    <Row Tag="LOC_HEAVY_ARTILLERY_COMBAT_STRENGTH_PREVIEW_TEXT">
      <Text>+{1_Amount} Ağır Toplar</Text>
    </Row>
    <!--Units-->
    <Row Tag="LOC_UNIT_MILITARY_ENGINEER_WARMACHINE_DESCRIPTION">
      <Text>Ortaçağ dönemi destek birimi. Üretmek için bir Cephanelik gerektirir. Demiryolları, Kaleler ve Uçak Pistleri geliştirmeleri inşa edebilir.</Text>
    </Row>
    <!-- City Names -->
    <Row Tag="LOC_CITY_NAME_LILLE">
      <Text>Lille</Text>
    </Row>
    <Row Tag="LOC_CITY_NAME_REIMS">
      <Text>Reims</Text>
    </Row>
    <Row Tag="LOC_CITY_NAME_NANCY">
      <Text>Nancy</Text>
    </Row>
    <Row Tag="LOC_CITY_NAME_BELFORT">
      <Text>Belfort</Text>
    </Row>
    <Row Tag="LOC_CITY_NAME_ORLEANS">
      <Text>Orleans</Text>
    </Row>
    <Row Tag="LOC_CITY_NAME_CHARTES">
      <Text>Chartes</Text>
    </Row>
    <Row Tag="LOC_CITY_NAME_KOLN">
      <Text>Köln</Text>
    </Row>
    <Row Tag="LOC_CITY_NAME_KOBLENZ">
      <Text>Koblenz</Text>
    </Row>
    <Row Tag="LOC_CITY_NAME_MANNHEIM">
      <Text>Mannheim</Text>
    </Row>
    <Row Tag="LOC_CITY_NAME_STRASSBURG">
      <Text>Strassburg</Text>
    </Row>
    <Row Tag="LOC_CITY_NAME_COLMAR">
      <Text>Colmar</Text>
    </Row>
    <Row Tag="LOC_CITY_NAME_ANTWERP">
      <Text>Antwerp</Text>
    </Row>
    <Row Tag="LOC_CITY_NAME_LIEGE">
      <Text>Liège</Text>
    </Row>
    <Row Tag="LOC_CITY_NAME_NAMUR">
      <Text>Namur</Text>
    </Row>
    <Row Tag="LOC_CITY_NAME_MONS">
      <Text>Mons</Text>
    </Row>
    <Row Tag="LOC_CITY_NAME_LUXEMBOURG">
      <Text>Lüksemburg</Text>
    </Row>
    <!--Scoring-->
    <Row Tag="LOC_SCENARIO_CATEGORY_CONTROL_OF_PARIS_NAME">
      <Text>Paris'in Kontrolü</Text>
    </Row>
    <Row Tag="LOC_SCENARIO_LINE_ITEM_CONTROL_OF_PARIS_NAME">
      <Text>Paris'in Kontrolü</Text>
    </Row>
    <!--Historic Rankings-->
    <Row Tag="LOC_WARMACHINE_SCENARIO_ENDGAME_RANK_1_NAME">
      <Text>Mareşal</Text>
    </Row>
    <Row Tag="LOC_WARMACHINE_SCENARIO_ENDGAME_RANK_1_QUOTE">
      <Text>Askeri ustalığın kanıtı uzun süren seferlerde değil, kesin zaferde bulunur.</Text>
    </Row>
    <Row Tag="LOC_WARMACHINE_SCENARIO_ENDGAME_RANK_2_NAME">
      <Text>Genel</Text>
    </Row>
    <Row Tag="LOC_WARMACHINE_SCENARIO_ENDGAME_RANK_2_QUOTE">
      <Text>Komuta, savaş güçlerini başarılı bir şekilde ve zahmetsizce yönetme sanatıdır.</Text>
    </Row>
    <Row Tag="LOC_WARMACHINE_SCENARIO_ENDGAME_RANK_3_NAME">
      <Text>Albay</Text>
    </Row>
    <Row Tag="LOC_WARMACHINE_SCENARIO_ENDGAME_RANK_3_QUOTE">
      <Text>Başarı ya da başarısızlık, bilgi ve sezginin bıçak sırtında dengelenir.</Text>
    </Row>
    <Row Tag="LOC_WARMACHINE_SCENARIO_ENDGAME_RANK_4_NAME">
      <Text>Binbaşı</Text>
    </Row>
    <Row Tag="LOC_WARMACHINE_SCENARIO_ENDGAME_RANK_4_QUOTE">
      <Text>Cesaretin olduğu yerde, cüret de vardır. Cesaretin olduğu yerde momentum vardır. İvmenin olduğu yerde zafer vardır.</Text>
    </Row>
    <Row Tag="LOC_WARMACHINE_SCENARIO_ENDGAME_RANK_5_NAME">
      <Text>Kaptan</Text>
    </Row>
    <Row Tag="LOC_WARMACHINE_SCENARIO_ENDGAME_RANK_5_QUOTE">
      <Text>Mümkünse zafer, ama her şeyden önce onur.</Text>
    </Row>
    <!-- ************************************************ -->
    <!-- CIVILOPEDIA -->
    <!-- ************************************************ -->
    <!--Tech-->
    <Row Tag="LOC_PEDIA_TECHNOLOGIES_PAGE_TECH_HEAVY_ARTILLERY_CHAPTER_HISTORY_PARA_1">
      <Text>Almanlar, Belçika'yı çevreleyen kaleler halkasının savunmasını kırmak için özel kuşatma silahları geliştirdi. Bunlar çok başarılı oldu ve kalelerin planlayıcıların öngördüğünden daha kısa sürede düşmesine neden oldu. Fransızlar ise uzun ömürlü ve esnek olduğunu kanıtlayan 75 mm'lik sofistike ve güçlü bir top geliştirdi. Ancak hiçbiri tek başına siperlerin çıkmazını kırmaya yetmedi; tank ve uçaklardaki yeni teknolojiler ve küçük birlik taktikleri eninde sonunda bunu yapacaktı.</Text>
    </Row>
    <Row Tag="LOC_PEDIA_TECHNOLOGIES_PAGE_TECH_LOGISTICS_CHAPTER_HISTORY_PARA_1">
      <Text>Lojistik, kayıpların ve harcamaların yerine konması için bir orduya malzeme tedarik etme sürecidir. Göz alıcı olmasa da, savaşta başarı bu ayrıntıların kesinlikle doğru olmasına bağlıdır. Amatörler taktik, uzmanlar ise lojistik üzerine çalışır.</Text>
    </Row>
    <Row Tag="LOC_PEDIA_TECHNOLOGIES_PAGE_TECH_COMMAND_CHAPTER_HISTORY_PARA_1">
      <Text>Napolyon döneminden sonra profesyonel subaylar hem stratejik hem de operasyonel planlamayı işlerine dahil etmeye başlamışlardır. Profesyonel komuta kademesi, ordunun savaşa ilişkin siyasi hedeflerin askeri hedeflere dönüştürülmesinden sorumlu bölümüdür.</Text>
    </Row>
    <Row Tag="LOC_PEDIA_TECHNOLOGIES_PAGE_TECH_INDUSTRIAL_WARFARE_CHAPTER_HISTORY_PARA_1">
      <Text>Topyekün savaşta devletin tüm kaynakları savaş amaçlarının hizmetine sunulur. Endüstriyel bir toplumda bu, endüstriyel altyapının silah üretmeye, nüfusun büyük bir bölümünü kitlesel zorunlu askerlik için silah altında eğitmeye ve ekonomiyi açık siyasi araçlarla yönlendirmeye yönelik olarak tamamen yeniden işlenmesi anlamına gelir. Çatışma sona erdikten uzun süre sonra bile toplumu dönüştürebilir.</Text>
    </Row>
    <Row Tag="LOC_PEDIA_TECHNOLOGIES_PAGE_TECH_FORTIFICATIONS_CHAPTER_HISTORY_PARA_1">
      <Text>Makineli tüfeğin ve yeni yüksek patlayıcılı top mermilerinin icadı, Birinci Dünya Savaşı'na giden yıllarda tahkimatların da değiştiği anlamına geliyordu. Batı Cephesi'nin geniş siper sistemleri, savaşın büyük bölümünde savunmanın hücuma üstünlüğünün fiziksel ifadesi olarak görülebilir. Aynı şekilde, 1916'dan itibaren geliştirilen modern piyade ve tank taktikleri de bu savunma üstünlüğünün üstesinden gelme çabası olarak görülebilir.</Text>
    </Row>
    <Row Tag="LOC_PEDIA_TECHNOLOGIES_PAGE_TECH_AIRCRAFT_CHAPTER_HISTORY_PARA_1">
      <Text>Birinci Dünya Savaşı başladığında havacılık henüz emekleme aşamasındaydı ve uçaklar keşif için kullanılan pahalı ve güvenilmez makinelerdi. Savaşın sonuna gelindiğinde ise, savaşın potasında hızlı bir evrim geçirerek, gezegendeki her büyük ordunun temelini oluşturdular ve taktik saldırılar ve stratejik bombardıman için kullanıldılar. Araştırma ve geliştirme o kadar pahalıydı ki, bunların çoğu devlet sponsorluğu ya da kamu-özel sektör ortaklığı yoluyla yapılıyordu.</Text>
    </Row>
    <!--Leaders-->
    <Row Tag="LOC_PEDIA_LEADERS_PAGE_LEADER_WARMACHINE_SCENARIO_FRANCE_CHAPTER_HISTORY_PARA_1">
      <Text>Fransız askeri planlamacıları, 1870 Fransa-Prusya Savaşı sırasında yaşanan feci Sedan Muharebesi'nin ardından, orduyu Avrupa'nın birinci sınıf ordularından biri olarak yeniden inşa etmek için bu feci kayıptan ve sonrasında yaşanan aşağılayıcı siyasi olaylardan kurtulmak zorundaydı. Almanların ayrıntılı harekât planlarına olan tutkusunun aksine, Fransız subaylar esnek taarruz doktrinini benimsemeye başladılar.</Text>
    </Row>
    <Row Tag="LOC_PEDIA_LEADERS_PAGE_LEADER_WARMACHINE_SCENARIO_FRANCE_CHAPTER_HISTORY_PARA_2">
      <Text>Ordunun, düşman hatlarına sürekli saldırarak ve ortaya çıkan her türlü zayıflıktan acımasızca yararlanarak ivmesini koruyacağı düşünülüyordu. Düşman asla dengesini bulamayacak, inisiyatif Fransızlarda kalacak ve Alman düşmanlarının ezici ilerlemeleri yıldırım gibi karşı hamlelerle kontrol altına alınacaktı. Bu, tabur seviyesinden tiyatro seviyesine kadar geçerli olacaktı - işgalci nerede zayıfsa, Fransızlar oraya saldıracaktı.</Text>
    </Row>
    <Row Tag="LOC_PEDIA_LEADERS_PAGE_LEADER_WARMACHINE_SCENARIO_FRANCE_CHAPTER_HISTORY_PARA_3">
      <Text>Ağustos 1914'ün en büyük paradokslarından biri, Fransızlar Alçak Ülkeler'deki cephe boyunca sendelerken bile, Alsace ve Lorraine'deki ilerlemelerle karşılaşıyorlardı, ancak Paris'i kurtarmak için takviye sağlamak üzere bunların kontrol edilmesi gerekiyordu. O yılın sonunda "daima saldırı" ruhu kaybolmuş ve Batı Cephesi'ni siperler belirlemişti.</Text>
    </Row>
    <Row Tag="LOC_PEDIA_LEADERS_PAGE_LEADER_WARMACHINE_SCENARIO_GERMANY_CHAPTER_HISTORY_PARA_1">
      <Text>Prusya Ordusu'nun 1870'te Fransa-Prusya Savaşı sırasında elde ettiği başarılar, ordunun, birliklerin yürüyüş zaman çizelgelerine ve raylar üzerindeki vagonlara varıncaya kadar metodik ve kapsamlı planlamasını haklı çıkarmıştır. Fransa ile gelecekte bir savaşın kaçınılmaz olduğunu düşünen Alman Genelkurmay Başkanı Kont von Schlieffen, Alçak Ülkeler'den geçerek Paris'in güneyine inecek bir Fransa işgali için planlar hazırladı. Bu işgal planı, başarı için Alman ordusunun batı kanadında kuvvetlerin yoğunlaştırılmasını gerektiriyordu - ancak plan hiçbir zaman tam olarak uygulanmadı.</Text>
    </Row>
    <Row Tag="LOC_PEDIA_LEADERS_PAGE_LEADER_WARMACHINE_SCENARIO_GERMANY_CHAPTER_HISTORY_PARA_2">
      <Text>İki cephede savaşan Alman yüksek komutanlığı, ağır batı kanadı için tasarlanan kuvvetlerin bir kısmını tamamen farklı bir savaş cephesine (bu durumda Ruslara karşı) aktardı. Alman ordusu Alçak Ülkeler'de başarılı bir şekilde ilerlerken, Fransız Ordusu'nun da geri adım atmasına neden oldu ve Fransız hatlarında oluşan bir tümsek, Alman Genelkurmayı'na cazip bir hedef sundu. Ancak Schlieffen planında kuvvetlerin azaltılması, Alman birliklerinin Fransızlara karşılık olarak doğaçlama hareketleri ve Fransız ve İngilizlerin sert direnişi gibi çeşitli faktörler, nakavt edici darbenin asla hedeflerine ulaşamayacağı anlamına geliyordu.</Text>
    </Row>
    <Row Tag="LOC_PEDIA_LEADERS_PAGE_LEADER_WARMACHINE_SCENARIO_GERMANY_CHAPTER_HISTORY_PARA_3">
      <Text>Almanlar kumar oynamış ve kaybetmişlerdi ve savaş, Schlieffen planının öldüğü çizgide dört yıllık bir cehenneme dönüştü.</Text>
    </Row>
    <Row Tag="LOC_PEDIA_LEADERS_PAGE_LEADER_WARMACHINE_SCENARIO_BRITAIN_CHAPTER_HISTORY_PARA_1">
      <Text>İngiliz Sefer Kuvveti, İngilizleri Fransızlarla yapılan antlaşmaya daha da yakınlaştırmak amacıyla sahaya sürülen küçük bir orduydu. Fransız hattının en batısına yerleştirilen bu ordu, başlangıçta önemli bir askeri güçten ziyade siyasi bir nezaket unsuru olarak görülüyordu. Ancak, Almanlar Alçak Ülkeler üzerinden Paris'e doğru inerken, BEF Mons Muharebesi'nde sayısal olarak üstün bir Alman kuvvetiyle savaştı ve hırpalanmalarına ve sonunda geri çekilmek zorunda kalmalarına rağmen Fransız Beşinci Ordusunu yok olmaktan kurtardı. Mons Muharebesi Büyük Britanya'nın en ünlü ve onurlu askeri başarılarından biridir ve BEF ile eşanlamlıdır.</Text>
    </Row>
    <Row Tag="LOC_PEDIA_LEADERS_PAGE_LEADER_WARMACHINE_SCENARIO_BELGIUM_CHAPTER_HISTORY_PARA_1">
      <Text>Belçika ülkesi Napolyon döneminin sonunda Avrupa güçler dengesinin bir parçası olarak kurulmuştu ancak uzun süredir Büyük Britanya'nın özel bir müttefikiydi. Fransa'nın işgal planı, Alman Ordusunun Belçika üzerinden işgal etmesini öngörüyordu. Gerçekten de planın ilk versiyonlarında Belçika Ordusu'nun Alman Ordusu'nun geçeceği yollar boyunca bir şeref kıtası oluşturması öngörülüyordu ki bu varsayımın son derece yanlış olduğu ortaya çıktı.</Text>
    </Row>
    <Row Tag="LOC_PEDIA_LEADERS_PAGE_LEADER_WARMACHINE_SCENARIO_BELGIUM_CHAPTER_HISTORY_PARA_2">
      <Text>Liege şehri bir dizi kale ile çevriliydi ve 1914'te Alman Ordusu'nun önündeki ilk önemli askeri engeli temsil ediyordu. Kaleler, birçok durumda iyi savaşmalarına rağmen, özellikle bu kaleleri kırmak amacıyla inşa edilen özel kuşatma toplarına karşı koyamadılar. Liege istihkâmlarının çöküşü ve Alman ordusunun Belçika halkına karşı uyguladığı zulüm, özellikle Büyük Britanya'da kamuoyunun Almanya aleyhine dönmesine neden oldu.</Text>
    </Row>
    <Row Tag="LOC_PEDIA_CITYSTATES_PAGE_CIVILIZATION_WARMACHINE_SCENARIO_LUXEMBOURG_CHAPTER_HISTORY_PARA_1">
      <Text>Küçük bir prenslik olan Lüksemburg, Fransa ve Almanya arasında yer alır ve ayrıca iki ülke arasındaki önemli bir demiryolu kavşağının merkezidir. Bu demiryollarının ele geçirilmesi Almanların Fransa'yı işgal planı için kritik önem taşıyordu ve dolayısıyla Lüksemburg'un işgali 1914'teki savaşın ilk eylemlerinden biriydi.</Text>
    </Row>
    <!--Civs-->
    <Row Tag="LOC_PEDIA_CIVILIZATIONS_PAGE_CIVILIZATION_WARMACHINE_SCENARIO_FRANCE_CHAPTER_HISTORY_PARA_1">
      <Text>Fransa, Prusya ordusunun Fransız ordusunu darmadağın ettiği, İmparatoru esir aldığı ve ardından gelen barışta Fransa'nın doğusundaki Alsace ve Lorraine topraklarının bırakılması da dahil olmak üzere küçük düşürücü tavizler kopardığı 1870 Fransa-Prusya Savaşı felaketinden beri Almanya ile savaşa hazırlanıyordu.  Bütün bir Fransız siyasetçi ve subay kuşağı bu yenilginin gölgesinde büyümüştü ve bu yenilginin intikamını almasa bile haklılığını kanıtlamaya kararlıydı.</Text>
    </Row>
    <Row Tag="LOC_PEDIA_CIVILIZATIONS_PAGE_CIVILIZATION_WARMACHINE_SCENARIO_FRANCE_CHAPTER_HISTORY_PARA_2">
      <Text>Fransa'nın başlıca askeri müttefikleri Rusya ve Büyük Britanya idi ve Fransa'nın müttefikler adına savaşa girmesini hızlandıran da Rusya'nın Avusturya-Macaristan İmparatorluğu'na savaş ilan etmesi oldu. Ancak Fransa, Avusturya-Macaristan'dan ziyade Almanya'ya karşı kendi mücadelesine odaklanmıştı. Bu amaçla, savaşın başlangıcında Fransızların başlıca çabası Alsace ve Lorraine'e saldırarak bu bölgeyi hızla geri almak ve Belçika ve Lüksemburg ile olan kuzey sınırını çok az savunmaktı. Fransız savaş planları, bu eksen boyunca saldıracak olan Alman kuvvetlerinin sayısını kritik bir şekilde hafife almış (Almanların Ardennes üzerinden geleceği varsayılmıştı) ve orduları savaşın hemen başında planları aniden değiştirmeye zorlamıştı.</Text>
    </Row>
    <Row Tag="LOC_PEDIA_CIVILIZATIONS_PAGE_CIVILIZATION_WARMACHINE_SCENARIO_GERMANY_CHAPTER_HISTORY_PARA_1">
      <Text>Birinci Dünya Savaşı'nın patlak vermesinden bir nesil önce, Prusya ordusu Fransa'ya Napolyon döneminin sonundan bu yana en büyük askeri yenilgisini tattırmış ve sonrasında modern Almanya ulusunu oluşturmuştu. Alman politikacılar, Fransızlardan alınan şartların bir sonraki olası çatışmanın tohumlarını nasıl attığını çok iyi biliyordu ve bir sonraki savaşa hazırlanmaya başladılar.</Text>
    </Row>
    <Row Tag="LOC_PEDIA_CIVILIZATIONS_PAGE_CIVILIZATION_WARMACHINE_SCENARIO_GERMANY_CHAPTER_HISTORY_PARA_2">
      <Text>Fransa, Büyük Britanya ve Rusya'nın askeri ittifakı olan Üçlü İtilaf'ın imzalanması Almanya'yı askeri açıdan tehlikeli bir konuma getirdi, zira artık doğuda ve batıda askeri düşmanlarla çevriliydi. Birinci Dünya Savaşı öncesinde oluşturulan büyük strateji, Rusya'nın doğudaki muazzam insan gücü avantajını kullanmasına fırsat vermeden önce batıda Fransa'ya tek ve büyük bir darbe vurmaktı. Bu, Schlieffen Planı'nın itici siyasi hedefi haline geldi.</Text>
    </Row>
    <Row Tag="LOC_PEDIA_CIVILIZATIONS_PAGE_CIVILIZATION_WARMACHINE_SCENARIO_GERMANY_CHAPTER_HISTORY_PARA_3">
      <Text>Birinci Dünya Savaşı'nın arifesinde, dünyada Alman askeri kuvvetleri kadar iyi eğitimli ve hazırlıklı çok az ordu vardı. Yine de hazırlık ve eğitim, planlamacıların öngördüğü hızlı sonu getirmek için yeterli değildi.</Text>
    </Row>
    <Row Tag="LOC_PEDIA_CIVILIZATIONS_PAGE_CIVILIZATION_WARMACHINE_SCENARIO_BRITAIN_CHAPTER_HISTORY_PARA_1">
      <Text>Büyük Britanya'nın Üçlü İtilaf'a (Fransa, Büyük Britanya ve Rusya arasındaki askeri ittifak) katılımı hiçbir şekilde kaçınılmaz bir sonuç değildi. Fransa ve Büyük Britanya arasında Napolyon dönemine kadar uzanan uzun süreli askeri rekabetin yanı sıra Büyük Britanya ve Almanya kraliyet aileleri arasındaki bağlar, Britanya'nın Merkezi Güçler'e katılımını makul bir sonuç haline getirdi. Nihayetinde Büyük Britanya, Almanya ve Büyük Britanya arasındaki rekabetin hızla artması ve birçok kişinin yükselen Alman gücünü kontrol altına almak istemesi nedeniyle İtilaf Devletleri'ne katıldı.</Text>
    </Row>
    <Row Tag="LOC_PEDIA_CIVILIZATIONS_PAGE_CIVILIZATION_WARMACHINE_SCENARIO_BRITAIN_CHAPTER_HISTORY_PARA_2">
      <Text>Birinci Dünya Savaşı'nın arifesinde, Büyük Britanya'nın kıta Avrupası'na askeri güç göndereceğinin hiçbir garantisi yoktu. Hem Fransız hem de İngiliz ordularındaki küçük bir grup subayın sürekli baskısı sayesinde Büyük Britanya, Fransız topraklarına küçük bir kuvvet gönderdi. Gerçekten de Kayzer, İngilizlerin Almanya'ya savaş ilan etmesine çok şaşırmış ve "sadece bir kağıt parçası" yüzünden "aptalca bir hata" yaptıklarını ilan etmişti.</Text>
    </Row>
    <Row Tag="LOC_PEDIA_CIVILIZATIONS_PAGE_CIVILIZATION_WARMACHINE_SCENARIO_BELGIUM_CHAPTER_HISTORY_PARA_1">
      <Text>Belçika ülkesi Napolyon döneminin sonunda Avrupa güçler dengesinin bir parçası olarak kurulmuştu ancak uzun süredir Büyük Britanya'nın özel bir müttefikiydi. Fransa'nın işgal planı, Alman Ordusunun Belçika üzerinden işgal etmesini öngörüyordu. Gerçekten de planın ilk versiyonlarında Belçika Ordusu'nun Alman Ordusu'nun geçeceği yollar boyunca bir şeref kıtası oluşturması öngörülüyordu ki bu varsayımın son derece yanlış olduğu ortaya çıktı.</Text>
    </Row>
    <Row Tag="LOC_PEDIA_CIVILIZATIONS_PAGE_CIVILIZATION_WARMACHINE_SCENARIO_BELGIUM_CHAPTER_HISTORY_PARA_2">
      <Text>Liege şehri bir dizi kale ile çevriliydi ve 1914'te Alman Ordusu'nun önündeki ilk önemli askeri engeli temsil ediyordu. Kaleler, birçok durumda iyi savaşmalarına rağmen, özellikle bu kaleleri kırmak amacıyla inşa edilen özel kuşatma toplarına karşı koyamadılar. Liege istihkâmlarının çöküşü ve Alman ordusunun Belçika halkına karşı uyguladığı zulüm, özellikle Büyük Britanya'da kamuoyunun Almanya aleyhine dönmesine neden oldu.</Text>
    </Row>
    <!--Units-->
    <Row Tag="LOC_PEDIA_UNITS_PAGE_UNIT_GREAT_GENERAL_CHAPTER_HISTORY_PARA_1">
      <Text>Her uygarlık çağının "büyük" generalleri olmuştur; savaş meydanında akranlarından daha zeki, daha cesur ya da sadece daha şanslı olarak tarihin akışını değiştirenler. Bunlar diğer insanları kendilerini cehenneme kadar takip etmeye ikna edebilen adamlardır... ve belki de diğer taraftan çıkmaya. Onlar, savaşları kazanmak için yeni silahlar, düzenler, taktikler ve stratejiler icat eden ölüm yollarının yenilikçileridir. Ya da eski öldürme yöntemlerinde yeni faydalar bulurlar. Bu yazıyı okuyan herkes düzinelerce büyük generalin adını sayabilir, çünkü onların isimleri efsanelerde, tarihlerde ve anıtlarda yankılanarak bize kadar ulaşmıştır. Bazıları halklarının liderleri, savaşçı-krallar ve başkan-generallerdir; "büyük" olduklarında zaten hükümetin başında değillerse, genellikle daha sonra bu manto ile ödüllendirilirler (veya lanetlenirler). Ve sonra, savaşlarından sağ çıkmaları koşuluyla anılarını yazarlar.</Text>
    </Row>
    <Row Tag="LOC_PEDIA_GREATPEOPLE_PAGE_GREAT_PERSON_INDIVIDUAL_GENERAL_1_CHAPTER_HISTORY_PARA_1">
      <Text>Bir saha komutanı, genellikle bütün bir cephe boyunca, ülkesinin ordusunun büyük bir bölümünden sorumlu bir subaydır. Hem ordusunun harekat planını anlamalı hem de savaşın gidişatındaki değişikliklere göre bunları uyarlamaya istekli olmalıdır. Her ne kadar kendisine bağlı komutanlar aracılığıyla çalışsa ve genelkurmay tarafından kendisine tavsiyelerde bulunulsa da, ordunun başarısı ya da başarısızlığı kendi muhakemesine bağlıdır.</Text>
    </Row>
    <Row Tag="LOC_PEDIA_GREATPEOPLE_PAGE_GREAT_PERSON_INDIVIDUAL_GENERAL_2_CHAPTER_HISTORY_PARA_1">
      <Text>Bir saha komutanı, genellikle bütün bir cephe boyunca, ülkesinin ordusunun büyük bir bölümünden sorumlu bir subaydır. Hem ordusunun harekat planını anlamalı hem de savaşın gidişatındaki değişikliklere göre bunları uyarlamaya istekli olmalıdır. Her ne kadar kendisine bağlı komutanlar aracılığıyla çalışsa ve genelkurmay tarafından kendisine tavsiyelerde bulunulsa da, ordunun başarısı ya da başarısızlığı kendi muhakemesine bağlıdır.</Text>
    </Row>
    <Row Tag="LOC_PEDIA_GREATPEOPLE_PAGE_GREAT_PERSON_INDIVIDUAL_GENERAL_3_CHAPTER_HISTORY_PARA_1">
      <Text>Bir saha komutanı, genellikle bütün bir cephe boyunca, ülkesinin ordusunun büyük bir bölümünden sorumlu bir subaydır. Hem ordusunun harekat planını anlamalı hem de savaşın gidişatındaki değişikliklere göre bunları uyarlamaya istekli olmalıdır. Her ne kadar kendisine bağlı komutanlar aracılığıyla çalışsa ve genelkurmay tarafından kendisine tavsiyelerde bulunulsa da, ordunun başarısı ya da başarısızlığı kendi muhakemesine bağlıdır.</Text>
    </Row>
    <Row Tag="LOC_PEDIA_GREATPEOPLE_PAGE_GREAT_PERSON_INDIVIDUAL_GENERAL_4_CHAPTER_HISTORY_PARA_1">
      <Text>Bir saha komutanı, genellikle bütün bir cephe boyunca, ülkesinin ordusunun büyük bir bölümünden sorumlu bir subaydır. Hem ordusunun harekat planını anlamalı hem de savaşın gidişatındaki değişikliklere göre bunları uyarlamaya istekli olmalıdır. Her ne kadar kendisine bağlı komutanlar aracılığıyla çalışsa ve genelkurmay tarafından kendisine tavsiyelerde bulunulsa da, ordunun başarısı ya da başarısızlığı kendi muhakemesine bağlıdır.</Text>
    </Row>
    <!--Buildings-->
    <Row Tag="LOC_PEDIA_BUILDINGS_PAGE_BUILDING_HEADQUARTERS_CHAPTER_HISTORY_PARA_1">
      <Text>Karargah, ordunun harekat planlarının sahada uygulanacak emirlere dönüştürüldüğü yerdir. Haberciler ve telgraf aracılığıyla savaş hattı boyunca ast komutanlara bağlı olan bu merkezler, değişen savaş hatları yüksek komuta kademesinin harekata yakın kalmasını gerektirdiğinden, genellikle geçici işlerdir.</Text>
    </Row>
  </EnglishText>
</GameData>