﻿<?xml version="1.0" encoding="utf-8"?>
<GameData>
  <EnglishText>
    <!-- Shell UI -->
    <Row Tag="LOC_WARMACHINE_SCENARIO_ERA_INDUSTRIAL_DESCRIPTION">
      <Text>Bu senaryoda Birinci Dünya Savaşı'nın ilk ayında Fransa veya Almanya ordularının komutasını alıyorsunuz. Saldırıya hazır devasa bir ordunuz, onu desteklemeye hazır bir sanayi ulusunuz ve Paris'i ele geçirmek ya da savunmak için sadece 40 turunuz var. Dünyanın gördüğü en büyük silahlı çatışmadan zaferle çıkabilecek misiniz? Yoksa bu ölçekte ve hızda bir savaş sizi alt mı edecek?</Text>
    </Row>
    <Row Tag="LOC_WARMACHINE_SCENARIO_NAME">
      <Text>Savaş Makinesi</Text>
    </Row>
    <Row Tag="LOC_WARMACHINE_SCENARIO_SCORE_VICTORY_NAME">
      <Text>Savaş Makinesi Zaferi</Text>
    </Row>
    <Row Tag="LOC_WARMACHINE_SCENARIO_SCORE_VICTORY_TT">
      <Text>Almanya olarak Paris şehrini zaman sınırı içinde ele geçirmelisiniz. Fransa olarak, zaman dolana kadar Paris'i ele geçirilmeye karşı savunmalısınız.</Text>
    </Row>
    <!-- Misc -->
    <Row Tag="LOC_VICTORY_WARMACHINE_SCENARIO_NAME">
      <Text>Savaş Makinesi Zaferi</Text>
    </Row>
    <Row Tag="LOC_VICTORY_WARMACHINE_SCENARIO_TEXT">
      <Text>Kampanyanızda zafere ulaştınız!</Text>
    </Row>
    <Row Tag="LOC_VICTORY_WARMACHINE_SCENARIO_TT">
      <Text>Almanya olarak kazanmak için: süre dolmadan Paris'i ele geçirin. Fransa olarak kazanmak için: süre dolana kadar Paris'i ele geçirilmeye karşı koruyun.</Text>
    </Row>
    <!-- Map -->
    <Row Tag="LOC_MAPSIZE_WARMACHINE_SCENARIO_NAME">
      <Text>Birinci Dünya Savaşı Batı Cephesi</Text>
    </Row>
    <Row Tag="LOC_MAPSIZE_WARMACHINE_SCENARIO_DESCRIPTION">
      <Text>1914'te Fransa ve Almanya arasındaki sınır bölgesini gösteren standart bir harita.</Text>
    </Row>
    <!-- France -->
    <Row Tag="LOC_LEADER_WARMACHINE_SCENARIO_FRANCE_NAME">
      <Text>Fransız Yüksek Komutanlığı</Text>
    </Row>
    <Row Tag="LOC_CIVILIZATION_WARMACHINE_SCENARIO_FRANCE_NAME">
      <Text>Fransa</Text>
    </Row>
    <Row Tag="LOC_CIVILIZATION_WARMACHINE_SCENARIO_FRANCE_DESCRIPTION">
      <Text>Fransız Üçüncü Cumhuriyeti</Text>
    </Row>
    <Row Tag="LOC_CIVILIZATION_WARMACHINE_SCENARIO_FRANCE_ADJECTIVE">
      <Text>Fransızca</Text>
    </Row>
    <Row Tag="LOC_WARMACHINE_SCENARIO_FRANCE_ABILITY_NAME">
      <Text>Attaque à Outrance</Text>
    </Row>
    <Row Tag="LOC_WARMACHINE_SCENARIO_FRANCE_ABILITY_DESCRIPTION">
      <Text>Piyadeler saldırırken +4 [ICON_Strength] Savaş Gücü kazanır.</Text>
    </Row>
    <!-- Germany -->
    <Row Tag="LOC_LEADER_WARMACHINE_SCENARIO_GERMANY_NAME">
      <Text>Alman Genelkurmay Başkanlığı 
 	 	 	 2</Text>
      <Plurality>2</Plurality>
    </Row>
    <Row Tag="LOC_CIVILIZATION_WARMACHINE_SCENARIO_GERMANY_NAME">
      <Text>Alman İmparatorluğu</Text>
    </Row>
    <Row Tag="LOC_CIVILIZATION_WARMACHINE_SCENARIO_GERMANY_DESCRIPTION">
      <Text>İmparatorluk Almanyası</Text>
    </Row>
    <Row Tag="LOC_CIVILIZATION_WARMACHINE_SCENARIO_GERMANY_ADJECTIVE">
      <Text>Alman</Text>
    </Row>
    <Row Tag="LOC_WARMACHINE_SCENARIO_GERMANY_ABILITY_NAME">
      <Text>Krupp İnovasyon</Text>
    </Row>
    <Row Tag="LOC_WARMACHINE_SCENARIO_GERMANY_ABILITY_DESCRIPTION">
      <Text>Topçular saldırırken +4 [ICON_Strength] Savaş Gücü kazanır.</Text>
    </Row>
    <!-- Great Britain -->
    <Row Tag="LOC_LEADER_WARMACHINE_SCENARIO_BRITAIN_NAME">
      <Text>BEF</Text>
    </Row>
    <Row Tag="LOC_CIVILIZATION_WARMACHINE_SCENARIO_BRITAIN_NAME">
      <Text>Britanya</Text>
    </Row>
    <Row Tag="LOC_CIVILIZATION_WARMACHINE_SCENARIO_BRITAIN_DESCRIPTION">
      <Text>Birleşik Krallık</Text>
    </Row>
    <Row Tag="LOC_CIVILIZATION_WARMACHINE_SCENARIO_BRITAIN_ADJECTIVE">
      <Text>İngiliz</Text>
    </Row>
    <!-- Belgium -->
    <Row Tag="LOC_LEADER_WARMACHINE_SCENARIO_BELGIUM_NAME">
      <Text>Kral I. Albert</Text>
    </Row>
    <Row Tag="LOC_CIVILIZATION_WARMACHINE_SCENARIO_BELGIUM_NAME">
      <Text>Belçika</Text>
    </Row>
    <Row Tag="LOC_CIVILIZATION_WARMACHINE_SCENARIO_BELGIUM_DESCRIPTION">
      <Text>Belçika Krallığı</Text>
    </Row>
    <Row Tag="LOC_CIVILIZATION_WARMACHINE_SCENARIO_BELGIUM_ADJECTIVE">
      <Text>Belçikalı</Text>
    </Row>
    <!--Luxembourg-->
    <Row Tag="LOC_CIVILIZATION_WARMACHINE_SCENARIO_LUXEMBOURG_NAME">
      <Text>Lüksemburg</Text>
    </Row>
    <Row Tag="LOC_CIVILIZATION_WARMACHINE_SCENARIO_LUXEMBOURG_DESCRIPTION">
      <Text>Lüksemburg Büyük Dükalığı</Text>
    </Row>
    <Row Tag="LOC_CIVILIZATION_WARMACHINE_SCENARIO_LUXEMBOURG_ADJECTIVE">
      <Text>Lüksemburgca</Text>
    </Row>
    <Row Tag="LOC_LEADER_WARMACHINE_SCENARIO_LUXEMBOURG_NAME">
      <Text>Lüksemburg</Text>
    </Row>
  </EnglishText>
</GameData>