﻿<?xml version="1.0" encoding="utf-8"?>
<GameData>
  <LocalizedText>
    <!--REPLACEMENTS-->
    <Delete Tag="LOC_BELIEF_INITIATION_RITES_DESCRIPTION" />
    <Delete Tag="LOC_BOOST_TRIGGER_MILITARY_TRADITION" />
    <Delete Tag="LOC_TRAIT_CIVILIZATION_FIRST_CIVILIZATION_DESCRIPTION" />
    <Delete Tag="LOC_QUEST_CLEAR_BARBARIAN_CAMP_NAME" />
    <Delete Tag="LOC_QUEST_CLEAR_BARBARIAN_CAMP_DESCRIPTION" />
  </LocalizedText>
  <EnglishText>
    <!--REPLACEMENTS-->
    <Row Tag="LOC_BELIEF_INITIATION_RITES_DESCRIPTION">
      <Text>Temizlenen her Barbar Karakolu için +50 [ICON_Faith] İnanç.</Text>
    </Row>
    <Row Tag="LOC_BOOST_TRIGGER_MILITARY_TRADITION">
      <Text>Bir Barbar Karakolunu temizle.</Text>
    </Row>
    <Row Tag="LOC_TRAIT_CIVILIZATION_FIRST_CIVILIZATION_DESCRIPTION">
      <Text>Bir Barbar Karakolu ele geçirdiğinizde, normal [ICON_Gold] Altına ek olarak bir Kabile Köyü ödülü kazanın. Şehir devleti birimlerini toplamak için normal maliyetin yarısını ödeyin.</Text>
    </Row>
    <Row Tag="LOC_QUEST_CLEAR_BARBARIAN_CAMP_NAME">
      <Text>Barbar Karakolunu 5 karo içinde yok et</Text>
    </Row>
    <Row Tag="LOC_QUEST_CLEAR_BARBARIAN_CAMP_DESCRIPTION">
      <Text>Şehrin 5 karesi içindeki bir [ICON_Barbarian] Barbar Karakolunu yok edin.</Text>
    </Row>
    <!--Clans-->
    <Row Tag="LOC_BARBARIAN_CLAN_MELEE_OPEN_1">
      <Text>Sessiz Tilki</Text>
    </Row>
    <Row Tag="LOC_BARBARIAN_CLAN_MELEE_OPEN_2">
      <Text>Porsuk Pençesi</Text>
    </Row>
    <Row Tag="LOC_BARBARIAN_CLAN_MELEE_OPEN_3">
      <Text>Kum Yılanı</Text>
    </Row>
    <Row Tag="LOC_BARBARIAN_CLAN_MELEE_OPEN_4">
      <Text>Tiger Fang</Text>
    </Row>
    <Row Tag="LOC_BARBARIAN_CLAN_MELEE_OPEN_5">
      <Text>Taş Uçurtma</Text>
    </Row>
    <Row Tag="LOC_BARBARIAN_CLAN_MELEE_OPEN_6">
      <Text>Gri Fare</Text>
    </Row>
    <Row Tag="LOC_BARBARIAN_CLAN_MELEE_FOREST_1">
      <Text>Ayı Ağacı</Text>
    </Row>
    <Row Tag="LOC_BARBARIAN_CLAN_MELEE_FOREST_2">
      <Text>Tek Göz</Text>
    </Row>
    <Row Tag="LOC_BARBARIAN_CLAN_MELEE_FOREST_3">
      <Text>Üç Yaprak</Text>
    </Row>
    <Row Tag="LOC_BARBARIAN_CLAN_MELEE_FOREST_4">
      <Text>Yangın Şubesi</Text>
    </Row>
    <Row Tag="LOC_BARBARIAN_CLAN_MELEE_FOREST_5">
      <Text>Beyaz Baykuş</Text>
    </Row>
    <Row Tag="LOC_BARBARIAN_CLAN_MELEE_FOREST_6">
      <Text>Yeni Sürü</Text>
    </Row>
    <Row Tag="LOC_BARBARIAN_CLAN_MELEE_HILLS_1">
      <Text>Batan Güneş</Text>
    </Row>
    <Row Tag="LOC_BARBARIAN_CLAN_MELEE_HILLS_2">
      <Text>Kaya Akbabası</Text>
    </Row>
    <Row Tag="LOC_BARBARIAN_CLAN_MELEE_HILLS_3">
      <Text>Bükülmüş Ağaç</Text>
    </Row>
    <Row Tag="LOC_BARBARIAN_CLAN_MELEE_HILLS_4">
      <Text>Bölünmüş Kaya</Text>
    </Row>
    <Row Tag="LOC_BARBARIAN_CLAN_MELEE_HILLS_5">
      <Text>Sarı Keçi</Text>
    </Row>
    <Row Tag="LOC_BARBARIAN_CLAN_MELEE_HILLS_6">
      <Text>Taş Yüz</Text>
    </Row>
    <Row Tag="LOC_BARBARIAN_CLAN_CAVALRY_OPEN_1">
      <Text>Mor Kuzgun</Text>
    </Row>
    <Row Tag="LOC_BARBARIAN_CLAN_CAVALRY_OPEN_2">
      <Text>Fırtına Bulutu</Text>
    </Row>
    <Row Tag="LOC_BARBARIAN_CLAN_CAVALRY_OPEN_3">
      <Text>Rüzgar Ejderhası</Text>
    </Row>
    <Row Tag="LOC_BARBARIAN_CLAN_CAVALRY_OPEN_4">
      <Text>Beş Yıldız</Text>
    </Row>
    <Row Tag="LOC_BARBARIAN_CLAN_CAVALRY_OPEN_5">
      <Text>Yarım Ay</Text>
    </Row>
    <Row Tag="LOC_BARBARIAN_CLAN_CAVALRY_OPEN_6">
      <Text>Sabah Yıldızı</Text>
    </Row>
    <Row Tag="LOC_BARBARIAN_CLAN_CAVALRY_JUNGLE_1">
      <Text>Sarı Diş</Text>
    </Row>
    <Row Tag="LOC_BARBARIAN_CLAN_CAVALRY_JUNGLE_2">
      <Text>Yeşil Maymun</Text>
    </Row>
    <Row Tag="LOC_BARBARIAN_CLAN_CAVALRY_JUNGLE_3">
      <Text>Ateş Karıncası</Text>
    </Row>
    <Row Tag="LOC_BARBARIAN_CLAN_CAVALRY_JUNGLE_4">
      <Text>Beyaz Lotus</Text>
    </Row>
    <Row Tag="LOC_BARBARIAN_CLAN_CAVALRY_JUNGLE_5">
      <Text>Düşen Su</Text>
    </Row>
    <Row Tag="LOC_BARBARIAN_CLAN_CAVALRY_JUNGLE_6">
      <Text>Kısa Diş</Text>
    </Row>
    <Row Tag="LOC_BARBARIAN_CLAN_CAVALRY_CHARIOT_1">
      <Text>Gece Fırtınası</Text>
    </Row>
    <Row Tag="LOC_BARBARIAN_CLAN_CAVALRY_CHARIOT_2">
      <Text>Soluk At</Text>
    </Row>
    <Row Tag="LOC_BARBARIAN_CLAN_CAVALRY_CHARIOT_3">
      <Text>İki Bayrak</Text>
    </Row>
    <Row Tag="LOC_BARBARIAN_CLAN_CAVALRY_CHARIOT_4">
      <Text>İki Ok</Text>
    </Row>
    <Row Tag="LOC_BARBARIAN_CLAN_CAVALRY_CHARIOT_5">
      <Text>Yarım Kafatası</Text>
    </Row>
    <Row Tag="LOC_BARBARIAN_CLAN_CAVALRY_CHARIOT_6">
      <Text>Bükme Kamış</Text>
    </Row>
    <Row Tag="LOC_BARBARIAN_CLAN_NAVAL_1">
      <Text>Üç Yelken</Text>
    </Row>
    <Row Tag="LOC_BARBARIAN_CLAN_NAVAL_2">
      <Text>Gri Köpekbalığı</Text>
    </Row>
    <Row Tag="LOC_BARBARIAN_CLAN_NAVAL_3">
      <Text>Deniz Hayaleti</Text>
    </Row>
    <Row Tag="LOC_BARBARIAN_CLAN_NAVAL_4">
      <Text>Kırmızı Resif</Text>
    </Row>
    <Row Tag="LOC_BARBARIAN_CLAN_NAVAL_5">
      <Text>Kırılan Dalga</Text>
    </Row>
    <Row Tag="LOC_BARBARIAN_CLAN_NAVAL_6">
      <Text>Hayalet Balık</Text>
    </Row>
    <Row Tag="LOC_BARBARIAN_CLAN_TYPE_MELEE_OPEN">
      <Text>Flatland Klanı</Text>
    </Row>
    <Row Tag="LOC_BARBARIAN_CLAN_TYPE_MELEE_FOREST">
      <Text>Ormanlık Klan</Text>
    </Row>
    <Row Tag="LOC_BARBARIAN_CLAN_TYPE_MELEE_HILLS">
      <Text>Hills Klanı</Text>
    </Row>
    <Row Tag="LOC_BARBARIAN_CLAN_TYPE_CAVALRY_OPEN">
      <Text>Rover Klanı</Text>
    </Row>
    <Row Tag="LOC_BARBARIAN_CLAN_TYPE_CAVALRY_JUNGLE">
      <Text>Orman Klanı</Text>
    </Row>
    <Row Tag="LOC_BARBARIAN_CLAN_TYPE_CAVALRY_CHARIOT">
      <Text>Chariot Klanı</Text>
    </Row>
    <Row Tag="LOC_BARBARIAN_CLAN_TYPE_NAVAL">
      <Text>Denizci Klan</Text>
    </Row>
    <!--Unit Actions-->
    <Row Tag="LOC_UNITCOMMAND_TREAT_WITH_CLAN_DISPERSE_DESCRIPTION">
      <Text>Disperse Klanı</Text>
    </Row>
    <Row Tag="LOC_UNITCOMMAND_TREAT_WITH_CLAN_DISPERSE_HELP">
      <Text>Karakolu yok edin ve {1_XPAmount} kazanın XP.</Text>
    </Row>
    <Row Tag="LOC_UNITCOMMAND_TREAT_WITH_CLAN_RAID_DESCRIPTION">
      <Text>Baskın Klanı</Text>
    </Row>
    <Row Tag="LOC_UNITCOMMAND_TREAT_WITH_CLAN_RAID_HELP">
      <Text>{1_GoldAmount} [ICON_GOLD] Altın kazanın. Karakol sağlam kalacak ve Şehir-Devlet dönüşümünde {2_ProgressAmount} puan kaybedecektir. Klanlara her {3_Turns} turda bir baskın yapılabilir.</Text>
    </Row>
    <Row Tag="LOC_UNITCOMMAND_TREAT_WITH_CLAN_HIRE_DESCRIPTION">
      <Text>Kiralık Klan</Text>
    </Row>
    <Row Tag="LOC_UNITCOMMAND_TREAT_WITH_CLAN_HIRE_HELP">
      <Text>Bu klandan bir {4_UnitName} birim kiralamak için ([1] [ICON_Gold] Altın harcayın. Birim bu tur {5_CityName} şehri yakınlarında belirecektir. Klan Şehir-Devlet dönüşümünde {2_ProgressAmount} puan kazanacaktır. Klanlar her {3_Turns} turda bir kez kiralanabilir.</Text>
    </Row>
    <Row Tag="LOC_UNITCOMMAND_TREAT_WITH_CLAN_RANSOM_DESCRIPTION">
      <Text>Fidye Birimi</Text>
    </Row>
    <Row Tag="LOC_UNITCOMMAND_TREAT_WITH_CLAN_RANSOM_HELP">
      <Text>Ele geçirdiğiniz {2_UnitName} geri almak için {1_GoldAmount} [ICON_Gold] Altın harcayın. Klan Şehir-Devleti dönüşümündeki ilerlemesini kaybedecektir.</Text>
    </Row>
    <Row Tag="LOC_UNITCOMMAND_TREAT_WITH_CLAN_BRIBE_DESCRIPTION">
      <Text>Rüşvet Klanı</Text>
    </Row>
    <Row Tag="LOC_UNITCOMMAND_TREAT_WITH_CLAN_BRIBE_HELP">
      <Text>Bu klanın {2_Turns} tur boyunca şehirlerinize saldırmasını önlemek için {1_GoldAmount} [ICON_Gold] Altın harcayın. Klan Şehir-Devlet dönüşümünde {3_ProgressAmount} puan kazanacaktır.</Text>
    </Row>
    <Row Tag="LOC_UNITCOMMAND_TREAT_WITH_CLAN_INCITE_DESCRIPTION">
      <Text>Incite Klanı</Text>
    </Row>
    <Row Tag="LOC_UNITCOMMAND_TREAT_WITH_CLAN_INCITE_HELP">
      <Text>Bu klanı {4_CivName} saldırmaya teşvik etmek için {1_GoldAmount} [ICON_Gold] Altın harcayın. Klan Şehir-Devlet dönüşümünde {2_ProgressAmount} puan kaybedecektir. Klanlar her {3_Turns} turda bir kez kışkırtılabilir.</Text>
    </Row>
    <Row Tag="LOC_UNITCOMMAND_TREAT_WITH_CLAN_INCITE_HELP_GENERIC">
      <Text>Bu klanı yakındaki başka bir uygarlığa veya Şehir Devletine saldırmaya teşvik etmek için [ICON_Gold] Altın harcayın. Klan Şehir-Devleti dönüşümünde {1_ProgressAmount} puan kaybedecektir. Klanlar her {2_Turns} turda bir kez kışkırtılabilir.</Text>
    </Row>
    <!--Unit Action Result Strings-->
    <Row Tag="LOC_UNITCOMMAND_FAILURE_CLANS_NOT_ON_CAMP">
      <Text>Bir Barbar Karakolunda bulunmalıdır.</Text>
    </Row>
    <Row Tag="LOC_OPERATION_FAILURE_NOT_ENOUGH_GOLD">
      <Text>Yeterli değil [ICON_Gold] Altın.</Text>
    </Row>
    <Row Tag="LOC_UNITCOMMAND_FAILURE_CLANS_GOLD_COST">
      <Text>Bu işlem {1_GoldCost} [ICON_GOLD] Altın gerektirir.</Text>
    </Row>
    <Row Tag="LOC_UNITCOMMAND_FAILURE_CLANS_RECENTLY_RAIDED">
      <Text>Bu klana {1_Turns} {1_Turns: plural 1?turn; other?turns;} süreyle tekrar baskın yapılamaz.</Text>
    </Row>
    <Row Tag="LOC_UNITCOMMAND_FAILURE_CLANS_RECENTLY_HIRED">
      <Text>Bu klan {1_Turns} {1_Turns: plural 1?turn; other?turns;} için tekrar kiralanamaz.</Text>
    </Row>
    <Row Tag="LOC_UNITCOMMAND_FAILURE_CLANS_RECENTLY_INCITED">
      <Text>Bu klan {1_Turns} {1_Turns: plural 1?turn; other?turns;} için tekrar kışkırtılamaz.</Text>
    </Row>
    <Row Tag="LOC_OPERATION_FAILURE_HAS_NOT_MET_INCITE_TARGET">
      <Text>Bu klan tarafından bilinen başka bir uygarlıkla karşılaşmadık.</Text>
    </Row>
    <Row Tag="LOC_UNITCOMMAND_FAILURE_CLANS_ACTIVE_BRIBE">
      <Text>Bu klan zaten {1_Turns} {1_Turns: plural 1?turn; other?turns;} için rüşvet almıştır.</Text>
    </Row>
    <!--UI-->
    <Row Tag="LOC_TOOLTIP_BARBARIAN_CLAN_NAME">
      <Text>{1_ClanName} Klan</Text>
    </Row>
    <Row Tag="LOC_BARBARIAN_STATUS_BRIBED">
      <Text>Bu birime rüşvet verdin. ({1_turnsRemaining} [ICON_Turn] {1_turnsRemaining : plural 1?Turn; other?Turns;} kalan)</Text>
    </Row>
    <Row Tag="LOC_BARBARIAN_STATUS_INCITED_BY_YOU">
      <Text>Bu klanı {1_playerName}'ye karşı kışkırttınız.</Text>
    </Row>
    <Row Tag="LOC_BARBARIAN_STATUS_INCITED_AGAINST_YOU">
      <Text>Bu klan {1_playerName} tarafından size karşı kışkırtıldı.</Text>
    </Row>
    <Row Tag="LOC_BARBARIAN_STATUS_INCITED_AGAINST_YOU_UNKNOWN">
      <Text>Bu klan bilinmeyen bir uygarlık tarafından size karşı kışkırtıldı.</Text>
    </Row>
    <Row Tag="LOC_TRIBE_BANNER_CONVERSION_PERCENT">
      <Text>Dönüşüm İlerlemesi: {1_percent}%</Text>
    </Row>
    <Row Tag="LOC_TRIBE_BANNER_CONVERSION_TIP_TURNS">
      <Text>Şehir-Devlet Dönüşümü: {1_Turns}+ Dönüşler</Text>
    </Row>
    <Row Tag="LOC_TRIBE_BANNER_CONVERSION_TIP_IMMINENT">
      <Text>Şehir-Devlet Dönüşümü: Yakında</Text>
    </Row>
    <Row Tag="LOC_TRIBE_BANNER_CONVERSION_TIP_DISABLED">
      <Text>Şehir-Devlet Dönüşümü Devre Dışı</Text>
    </Row>
    <Row Tag="LOC_TRIBE_BANNER_CONVERSION_TIP_DISABLED_NO_CANDIDATES">
      <Text>Şehir-Devlet Dönüşümü Devre Dışı: Şehir Devletleri mevcut değil</Text>
    </Row>
    <Row Tag="LOC_TRIBE_BANNER_CONVERSION_TIP_DISABLED_INVALID_LOCATION">
      <Text>Şehir-Devlet Dönüşümü Devre Dışı: Mevcut şehirlere çok yakın</Text>
    </Row>
    <!--Notifications-->
    <Row Tag="LOC_NOTIFICATION_CLAN_CONVERTED_TO_CITY_STATE_MESSAGE">
      <Text>Klan Kurulan Şehir Devleti</Text>
    </Row>
    <Row Tag="LOC_NOTIFICATION_CLAN_CONVERTED_TO_CITY_STATE_SUMMARY">
      <Text>Barbar {1_ClanName} Klan yeni bir Şehir Devletine yerleşti! Artık {2_CivName} olarak biliniyorlar.</Text>
    </Row>
    <Row Tag="LOC_NOTIFICATION_CLAN_HIRED_MESSAGE">
      <Text>Barbarlar İşe Alındı</Text>
    </Row>
    <Row Tag="LOC_NOTIFICATION_CLAN_HIRED_SUMMARY">
      <Text>{1_PlayerName} Barbar {2_ClanName}'dan askeri birlikler kiraladı. Klan.</Text>
    </Row>
    <Row Tag="LOC_NOTIFICATION_CLAN_UNIT_RANSOMED_MESSAGE">
      <Text>Barbarların Fidyesi Ödendi</Text>
    </Row>
    <Row Tag="LOC_NOTIFICATION_CLAN_UNIT_RANSOMED_SUMMARY">
      <Text>{1_PlayerName} Barbar {2_ClanName}'a fidye ödedi Klanını kurtarmak için {3_UnitName}.</Text>
    </Row>
    <Row Tag="LOC_NOTIFICATION_CLAN_BRIBED_MESSAGE">
      <Text>Rüşvet Verilen Barbarlar</Text>
    </Row>
    <Row Tag="LOC_NOTIFICATION_CLAN_BRIBED_SUMMARY">
      <Text>Şehirlerimiz Barbarlardan korunuyor {1_ClanName} {2_NumTurns} tur için Klan.</Text>
    </Row>
    <Row Tag="LOC_NOTIFICATION_CLAN_BRIBE_EXPIRED_MESSAGE">
      <Text>Barbarlar Rüşvet Süresi Doldu</Text>
    </Row>
    <Row Tag="LOC_NOTIFICATION_CLAN_BRIBE_EXPIRED_SUMMARY">
      <Text>Barbarlardan korunmak için verdiğimiz rüşvet {1_ClanName} Klanın süresi doldu!</Text>
    </Row>
    <Row Tag="LOC_NOTIFICATION_CLAN_INCITED_MESSAGE">
      <Text>Barbarlar Kışkırtıldı</Text>
    </Row>
    <Row Tag="LOC_NOTIFICATION_CLAN_INCITED_AGAINST_CIV_SUMMARY">
      <Text>Barbarları kışkırttık {1_ClanName} Klan {2_CivName}'e karşı!</Text>
    </Row>
    <Row Tag="LOC_NOTIFICATION_CLAN_INCITED_BY_UNKNOWN_SUMMARY">
      <Text>Bilinmeyen bir uygarlık Barbarları kışkırttı {1_ClanName} Klan bize karşı!</Text>
    </Row>
    <Row Tag="LOC_NOTIFICATION_CLAN_INCITED_BY_CIV_SUMMARY">
      <Text>{1_CivName} Barbar {2_ClanName}'ı kışkırttı Klan bize karşı!</Text>
    </Row>
    <Row Tag="LOC_NOTIFICATION_CLAN_RAID_REPRISAL_UNIT_MOVED_MESSAGE">
      <Text>Birim Misillemeden Kaçtı</Text>
    </Row>
    <Row Tag="LOC_NOTIFICATION_CLAN_RAID_REPRISAL_UNIT_MOVED_SUMMARY">
      <Text>{1_UnitName}'ümüz, Barbar {2_ClanName}'e yaptığımız baskının ardından bir misilleme saldırısından kaçmak zorunda kaldı. Klan.</Text>
    </Row>
    <Row Tag="LOC_NOTIFICATION_CLAN_RAID_REPRISAL_UNIT_KILLED_MESSAGE">
      <Text>Misillemede Öldürülen Birim</Text>
    </Row>
    <Row Tag="LOC_NOTIFICATION_CLAN_RAID_REPRISAL_UNIT_KILLED_SUMMARY">
      <Text>{1_UnitName}'ümüz Barbar {2_ClanName}'e yaptığımız baskının ardından bir misilleme saldırısında tuzağa düşürüldü ve öldürüldü. Klan.</Text>
    </Row>
    <Row Tag="LOC_NOTIFICATION_CLAN_DISPERSED_MESSAGE">
      <Text>Klan Dağıldı</Text>
    </Row>
    <Row Tag="LOC_NOTIFICATION_CLAN_DISPERSED_SUMMARY">
      <Text>{1_ClanName} Klan yok edildi!</Text>
    </Row>
    <!--Treat With Tribe Text-->
    <Row Tag="LOC_TRIBE_BANNER_TREAT_WITH_TRIBE_TT">
      <Text>{1_ClanName} ile tedavi etmek için tıklayın Klan.</Text>
    </Row>
    <Row Tag="LOC_TREAT_WITH_TRIBE_POPUP_TITLE">
      <Text>Kabile ile Tedavi</Text>
    </Row>
    <Row Tag="LOC_TREAT_WITH_NAMED_CLAN">
      <Text>{1_ClanName} ile Tedavi Edin Klan</Text>
    </Row>
    <Row Tag="LOC_TREAT_WITH_TRIBE_OPTION_HIRE">
      <Text>Kiralama</Text>
    </Row>
    <Row Tag="LOC_TREAT_WITH_TRIBE_OPTION_BRIBE">
      <Text>Rüşvet</Text>
    </Row>
    <Row Tag="LOC_TREAT_WITH_TRIBE_OPTION_RANSOM">
      <Text>Fidye</Text>
    </Row>
    <Row Tag="LOC_TREAT_WITH_TRIBE_OPTION_INCITE">
      <Text>Incite</Text>
    </Row>
    <Row Tag="LOC_TREAT_WITH_TRIBE_INCITE_COST">
      <Text>Maliyet: [ICON_GOLD] {1_cost}</Text>
    </Row>
    <!--Barbarian Unit Status Text-->
  </EnglishText>
</GameData>