﻿<?xml version="1.0" encoding="utf-8"?>
<GameData>
  <EnglishText>
    <!-- leaders -->
    <Row Tag="LOC_PEDIA_LEADERS_PAGE_LEADER_TOKUGAWA_TITLE">
      <Text>Tokugawa</Text>
    </Row>
    <Row Tag="LOC_PEDIA_LEADERS_PAGE_LEADER_TOKUGAWA_QUOTE">
      <Text>Şu an olduğumdan daha güçlü olabileceğimi düşünüyorum, ancak uzun bir azim beni bugünkü halime getirdi. Eğer torunlarım da güçlü olmak istiyorlarsa sabırlı olmayı öğrenmeliler.</Text>
    </Row>
    <Row Tag="LOC_PEDIA_LEADERS_PAGE_LEADER_TOKUGAWA_CHAPTER_HISTORY_PARA_1">
      <Text>Tokugawa (soyadı, ilk adı Ieyasu) parlak bir askeri ve barış zamanı stratejistidir. Japonya'nın kaotik Sengoku döneminin belirleyici galibi ve sonraki Edo döneminin mimarıdır.</Text>
    </Row>
    <Row Tag="LOC_PEDIA_LEADERS_PAGE_LEADER_TOKUGAWA_CHAPTER_HISTORY_PARA_2">
      <Text>Japon tarihinde Sengoku Jidai (dönemi) kaosu ikonik hale gelmiştir. Edo döneminin ardından gelen refah ve barış ortamında samurayların birbirlerini o dönemin büyük savaşları, liderleri ve olup bitenleri - ninjalar, generaller, ordular, kuşatmalar ve benzerleri - hakkında hikayelerle eğlendirmekten başka yapacakları pek bir şey yoktu. Feodal Japonya hakkında hayal ettiğimiz şeylerin çoğu, bu hikayelerin süslenmiş ve romantikleştirilmiş bir ürünüdür.</Text>
    </Row>
    <Row Tag="LOC_PEDIA_LEADERS_PAGE_LEADER_TOKUGAWA_CHAPTER_HISTORY_PARA_3">
      <Text>Sengoku dönemi, rakip klanlar arasında güç elde etmek için yapılan büyük bir savaştı. Zayıf Ashikaga şogunluğu çökmüş, imparator sadece bir figüran olarak kalmış ve daha güçlü olan shōgun (imparatorun askeri koruyucusu) pozisyonu boş kalmıştır. Bir asırdan fazla bir süre boyunca rakip daimyō (bölgesel lordlar) ve samuraylar (şövalyeler) bu unvan için savaştı. Mücadeleye başka unsurlar da katıldı: Avrupalılar tarafından tüfeklerle silahlandırılan Hıristiyanlar, monarşi karşıtı ikkō-ikki ve ninjalar - bu sonuncular, efendilerine fayda sağlamak için skandal eylemlerde bulunabilen, onur kavramı olmayan askeri stratejistlerdi. Üç samuray ön plana çıkar: Oda Nobunaga, Toyotomi Hideyoshi ve Tokugawa Ieyasu.</Text>
    </Row>
    <Row Tag="LOC_PEDIA_LEADERS_PAGE_LEADER_TOKUGAWA_CHAPTER_HISTORY_PARA_4">
      <Text>Bu liderlerin kişiliklerinin ve motivasyonlarının bir yönünü yansıtan bir hikaye vardır. Üçünün birlikte oturup ötmeyi reddeden küçük bir kuşa baktıklarını hayal edin. Oda söze bir tehditle başlar: "Kuş, eğer ötmezsen seni öldürürüm." Hideyoshi manipülasyonu dener, "kuş, eğer ötmezsen, seni ikna ederim." Ama Tokugawa, üçünün en zekisi, basitçe "kuş, bekleyebilirim" der. Burada, sabır ve soğukkanlılık günü kazanır - ve Japonya'da da böyle olmuştur.</Text>
    </Row>
    <Row Tag="LOC_PEDIA_LEADERS_PAGE_LEADER_TOKUGAWA_CHAPTER_HISTORY_PARA_5">
      <Text>"Şeytan kral" Oda, adının hakkını verdi. Oda klanının başı olarak Nobunaga, birliklerini Japonya'nın ana adasını baştan başa geçecek şekilde topladı, ikkō-ikki'yi yendi ve Ashikaga şogunluğunu tamamen ortadan kaldırdı. Geriye kalan son engel güçlü batı klanı Mōri idi ve Oda'nın kendi saflarından gelen bir ihanet olmasaydı onlar da yenilebilirdi. Kyoto'daki bir tapınakta nispeten savunmasız bir şekilde oturup çay içerken hain general Akechi'nin kendisine doğru geldiğini gören Oda intihar etti. Müstakbel shōgun Tokugawa da ninja (o zamanlar samuray) Hattori Hanzō'nun eşliğinde kaçtı.</Text>
    </Row>
    <Row Tag="LOC_PEDIA_LEADERS_PAGE_LEADER_TOKUGAWA_CHAPTER_HISTORY_PARA_6">
      <Text>Toyotomi klanı Oda'nın bayrağını alan bir sonraki klan oldu. Eski hizmetkâr Toyotomi Hideyoshi de bayrağı devraldı ve geçici olarak kontrolü ele geçirdi. Gerçekten de Hideyoshi döneminde Japon kuvvetleri Kore'yi ele geçirmeye çalıştı ve bu son kez olmadı. Ancak en büyük krallar bile ölür ve Hideyoshi denizaşırı genişlemeye odaklanarak kasayı boşaltmıştı. Klana sadık olanlar ile Oda'nın bölgesel bir vasal klanından oluşan Tokugawa Ieyasu yönetimindeki yeni Tokugawa klanı arasında bir veraset krizi ortaya çıktı. Sekigahara Savaşı'nda Tokugawa üstünlüğü ele geçirdi ve parçaları toplamaya başladı.</Text>
    </Row>
    <Row Tag="LOC_PEDIA_LEADERS_PAGE_LEADER_TOKUGAWA_CHAPTER_HISTORY_PARA_7">
      <Text>Japonya tam bir karmaşaydı. Yeni fikirler akın ediyordu - cumhuriyetçilik (burada halk tarafından yönetilme anlamına geliyor) ve Hıristiyanlık. Silahlar ve Avrupa ticareti de bir sorun teşkil ediyordu. Tokugawa sakoku - izolasyon - uygulayarak bunu tek başına durdurdu. Nagasaki dışında Japonya'nın sınırları kapatılacaktı. Bu hem yeni Tokugawa Şogunluğu'na yeni ve tehlikeli meydan okumaların akınını sona erdirecek hem de Hideyoshi'nin mali sıkıntılarına yol açan türden dış maceralara son verecekti. Sakoku Japonya için bir felaket değildi. Yerel üretim gelişti ve Edo dönemi olarak bilinen dönemde (Edo şogunluğun evidir) Japonya barış ve refah içinde yaşadı... ve komşuları artık samurayların kıyılarına gelmesinden endişe etmek zorunda kalmadı.</Text>
    </Row>
    <Row Tag="LOC_PEDIA_LEADERS_PAGE_LEADER_TOKUGAWA_CHAPTER_HISTORY_PARA_8">
      <Text>Buradaki kontrol sistemi acımasızdı. Hâlâ soylular vardı ama Tokugawa'nın onları kontrol etmek için ustaca bir stratejisi vardı. Soylular kendi eyaletlerini yönetirken, aileleri Edo'da rehine olarak (bir nevi) geride kalıyordu. Bu da herhangi bir isyanın, isyancının ailesine yönelik basit bir tehdit ve Edo'daki saray hayatının büyümesi yoluyla derhal bastırılabileceği anlamına geliyordu. Sıkılmış ama zengin samuraylar hikayeler anlatır ve savaşçı adayları toprak için değil onur için düello yaparlardı. Eğlencenin "yüzen dünyası" olan ünlü ukiyo-e, onunla ilişkili sanatçılar ve yazarlar gibi büyüdü.</Text>
    </Row>
    <Row Tag="LOC_PEDIA_LEADERS_PAGE_LEADER_TOKUGAWA_CHAPTER_HISTORY_PARA_9">
      <Text>Bu durum 1800'lerde ticaret talep eden Amerikan gemilerinin gelişiyle (ve daha da önemlisi gitmeme tehditleriyle) çatırdayacaktı. Japonya, dünyanın onlar olmadan geliştiğini ve silah ve top gibi şeylerin oldukça tehlikeli hale geldiğini fark etti. Açılışları travmatik olsa da ve bunu takip eden Meiji dönemi Japonya'nın feodal sisteminin çoğunu ortadan kaldırsa da, Meiji'nin birkaç on yıl içinde dünyanın en güçlü devletlerinden bazılarını yenmesini sağlayacak altyapı zaten mevcuttu. Ancak bu başka bir zamanın hikayesi.</Text>
    </Row>
    <Row Tag="LOC_PEDIA_LEADERS_PAGE_LEADER_TOKUGAWA_CHAPTER_CAPSULE_BODY">
      <Text>Tokugawa yönetimindeki Japonya, çok sayıda İç [ICON_TradeRoute] Ticaret Yolu ve bölgesi oluşturarak kendini izole etmeyi seviyor.</Text>
    </Row>
    <Row Tag="LOC_PEDIA_LEADERS_PAGE_LEADER_TOKUGAWA_CHAPTER_DETAILED_BODY">
      <Text>Meiji Restorasyonu yeteneği Japonya'nın bölgelerine büyük bitişiklik bonusları verir. Bölgeler ayrıca Tokugawa'nın yeteneğinden [ICON_Capital] Başkente yakın bir şehirdeyseler +1 [ICON_Tourism] Turizm alırlar. Yeteneği ayrıca her bölge için Yurtiçi [ICON_TradeRoute] Ticaret Yolunun getirisini büyük ölçüde artırır. Ancak Uluslararası [ICON_TradeRoute] Ticaret Yollarının çok daha zayıf olduğunu unutmayın. Elektronik Fabrikası Kültür veya Bilim Zaferi kazanmasına yardımcı olacaktır.</Text>
    </Row>
    <Row Tag="LOC_PEDIA_LEADERS_PAGE_LEADER_NADER_SHAH_TITLE">
      <Text>Nader Shah</Text>
    </Row>
    <Row Tag="LOC_PEDIA_LEADERS_PAGE_LEADER_NADER_SHAH_QUOTE">
      <Text>Eğer cennette savaş yoksa, orada nasıl zevkler olabilir?</Text>
    </Row>
    <Row Tag="LOC_PEDIA_LEADERS_PAGE_LEADER_NADER_SHAH_CHAPTER_HISTORY_PARA_1">
      <Text>Kralların Kralı, Şahların Şahı Nadir Şah, 18. yüzyılda Orta Asya'da Persia'yı (Yunanca'daki adıyla, yerel halk devletlerine her zaman İran demiştir) yeniden kurmak için ortaya çıktı. Yükselişi acımasız ama kararlıydı ve İran'ı Osmanlı egemenliğinden uzaklaştırarak bağımsızlığını ilan etti. Cengiz Han'dan Timur'a uzanan zincirin son halkası Nadir Şah'tır.</Text>
    </Row>
    <Row Tag="LOC_PEDIA_LEADERS_PAGE_LEADER_NADER_SHAH_CHAPTER_HISTORY_PARA_2">
      <Text>Safevi İran'ı, 1500'lerde ortaya çıkan ve 200 yıl boyunca Sünnilerin kontrolündeki bir bölgenin ve aynı zamanda güçlü ve uzun süreli Hıristiyan etkilerinin olduğu bir bölgenin ortasında bir Şii kalesi olarak hüküm süren güçlü bir devletti. Ancak Safeviler Orta Asyalı savaş ağalarının eski tehditlerini kontrol altına alabilseler de, Osmanlıların yükselişini ve Rusya'nın iki taraftan sıkıştırmasını kontrol altına alamadılar. Dahası, Avrupa deniz ticaret ağlarının büyümesi Orta Asya devletleri için hayati bir gelir kaynağını ortadan kaldırdı - erken sömürgeciliğin amacı da buydu, Çin ile ticarette aracıları ortadan kaldırmak. İflas eden Safevilerin çöküşü tüm cephelerden geldi - Rusya, Türkiye ve son olarak yükselen bir Afgan gücünden.</Text>
    </Row>
    <Row Tag="LOC_PEDIA_LEADERS_PAGE_LEADER_NADER_SHAH_CHAPTER_HISTORY_PARA_3">
      <Text>Nadir, askeri yetenekleriyle ün kazanmış, Türkçe konuşan bir göçebe olan bir köleydi. Safeviler düştüğünde, Nadir tüfeğini aldı ve isyana başladı. Önce Afganları yendi, sonra Osmanlılara ve Ruslara yöneldi. Osmanlı generalini öldürdükten ve Rusya ile bir barış anlaşması imzaladıktan sonra Nadir kendini Şah ilan etti. Bununla, her ikisi de kişisel idolleri olan Timur ve Cengiz Han'ı yankıladı.</Text>
    </Row>
    <Row Tag="LOC_PEDIA_LEADERS_PAGE_LEADER_NADER_SHAH_CHAPTER_HISTORY_PARA_4">
      <Text>Safeviler Şiileri dışlayan bir grupken, Nadir döneminde İran çok dinli ve daha hoşgörülü bir hale geldi. Bu durum, Nadir Şah'ın savaşta çıkmaza girdikten sonra daha yakın ilişkiler kurmaya çalıştığı Sünni Osmanlılar için bir satış noktasıydı. Din konusundaki bu hoşgörü kısmen kendi geçmişinden kaynaklanmaktadır - eski bir köle ve günümüzün askeri komutanı olarak dine çok az önem vermiş ve kendi hayatında Sünni ve Şiiler arasında uygun olduğu şekilde hareket etmiştir. Orduya yatırım yapmak rahiplere yatırım yapmaktan daha iyiydi, çünkü rahipler barışı güvence altına alacaktı. İmparatorluğun başka yerlerinde Nadir Şah, Babür rupisine sabitlenmiş standart bir sikke yarattı ve bölgedeki göçebe kabileleri yeniden yerleştirdi.</Text>
    </Row>
    <Row Tag="LOC_PEDIA_LEADERS_PAGE_LEADER_NADER_SHAH_CHAPTER_HISTORY_PARA_5">
      <Text>Nadir, saltanatını sağlamlaştırdıktan sonra Orta Asya'da bir terör saltanatı başlattı. Hindistan'ı işgal etti ve Delhi'yi ele geçirdi, çünkü Babürlüler zayıflamıştı - ilerleyen yıllarda İngilizlerin Bengal üzerinden işgaliyle daha da zayıflayacaklardı. Tavuskuşu Tahtını ele geçirdi ve onu elinde tutamasa da, işgali bu krallığın zenginliğini yağmalamak için kullandı. Bu sefer, Nader'in alametifarikası olan askeri zekâsıyla, askerlerini hem stratejik olarak hem de savaş alanında taktiksel olarak düşmanı geride bırakmaya zorladı. Osmanlı'nın Arap topraklarına yönelik daha sonraki seferleri de aynı şekilde başarılı oldu, ancak bu kadar cüretkâr değildi.</Text>
    </Row>
    <Row Tag="LOC_PEDIA_LEADERS_PAGE_LEADER_NADER_SHAH_CHAPTER_HISTORY_PARA_6">
      <Text>Hayatının sonlarına doğru Nadir Şah giderek daha da dengesizleşti. Kendi oğlunun kör edilmesini emretti, sonra pişman oldu. Düşmanlarının kafataslarından kuleler inşa ettirdi. Fetihlerinin sonunda dünyanın en zengin adamıydı. Ancak düşmanlar edinmişti - aralarında yeğeninin de bulunduğu komplocular tarafından suikasta uğradı ve imparatorluk parçalandı.</Text>
    </Row>
    <Row Tag="LOC_PEDIA_LEADERS_PAGE_LEADER_NADER_SHAH_CHAPTER_CAPSULE_BODY">
      <Text>Nader Shah'ın tam Sağlık birimlerine karşı savaş bonusuyla rakip Medeniyetlerle savaşın ve Persia'nın Yurtiçi [ICON_TradeRoute] Ticaret Yollarından gelen zenginliğin tadını çıkarın.</Text>
    </Row>
    <Row Tag="LOC_PEDIA_LEADERS_PAGE_LEADER_NADER_SHAH_CHAPTER_DETAILED_BODY">
      <Text>Nader Shah, Demir İşçiliği ve Siyasi Felsefe'yi ilk etapta tercih etmelidir. Demir İşçiliği ona güçlü Ölümsüzlerine erişim sağlar. Bu Ölümsüzler Menzilli Saldırı ve tam sağlıklı rakiplere karşı +5 [ICON_Strength] Savaş Gücü ile rakiplerini ezip geçebilir. Siyasi Felsefeye giden yolda Dış Ticaret ve Erken İmparatorluğun kilidini açacaksınız. Bunlardan ilki olan Dış Ticaret, hem Nader Shah hem de Persia'nın yeteneklerinden yararlanan [ICON_TradeRoute] Ticaret Yollarına erişmenizi sağlayacaktır. Dış Ticaretten sonra [ICON_Gold] Altın ve [ICON_Culture] Kültür için harika olan Pairidaeza iyileştirmesinin kilidini açacaksınız. Siyasi Felsefenin kilidini açtığınızda, ekstra bir [ICON_TradeRoute] Ticaret Yolu ödülünüz olacaktır. Pers'in en iyi olduğu iki zafer, Pairidaezaları ile Kültür veya Ölümsüzleri ile Hakimiyettir.</Text>
    </Row>
    <Row Tag="LOC_PEDIA_LEADERS_PAGE_LEADER_SULEIMAN_TITLE">
      <Text>Kanuni Sultan Süleyman</Text>
    </Row>
    <Row Tag="LOC_PEDIA_LEADERS_PAGE_LEADER_SULEIMAN_ALT_TITLE">
      <Text>Süleyman (Muhteşem)</Text>
    </Row>
    <Row Tag="LOC_PEDIA_LEADERS_PAGE_LEADER_SULEIMAN_ALT_QUOTE">
      <Text>Arkadaşım, her şeyim, parlak ayım.</Text>
    </Row>
    <Row Tag="LOC_PEDIA_LEADERS_PAGE_LEADER_SULEIMAN_ALT_CHAPTER_CAPSULE_BODY">
      <Text>Süleyman, Osmanlıların Altın Çağını artan [ICON_Science] Bilim ve [ICON_CULTURE] Kültür ile kutluyor. Eğer bir Karanlık Çağ'a düşerse rakipleri dikkatli olmalıdır.</Text>
    </Row>
    <Row Tag="LOC_PEDIA_LEADERS_PAGE_LEADER_SULEIMAN_ALT_CHAPTER_DETAILED_BODY">
      <Text>Süleyman'ın stratejisi Altın veya Karanlık Çağda olmasına göre değişir. Eğer [ICON_GLORY_GOLDEN_AGE] Altın Çağ'daysa +15% [ICON_Science] Bilim ve [ICON_CULTURE] Kültür alır, bu yüzden imparatorluğunuzu ilerletmeye ve aydınlatmaya odaklanın. Karanlık veya Normal Çağ'a düştüğünde +4 [ICON_Strength] Savaş Gücünü [ICON_GLORY_GOLDEN_AGE] Altın Çağ'da olmayan diğer uygarlıklara karşı kullanın. Kuşatma savaşı bonusları, düşmanlarını fethetmek için ekstra bir itici güç sağlar. Kapalıçarşı, ekstra [ICON_Amenities] Kolaylıklar, [Icon_Gold] Altın ve Stratejik Kaynaklar ile Osmanlılara istikrar ve büyüyen bir imparatorluğa refah sağlar. Su yollarının kontrolünü sağlamak için Berberi Korsanları kullanın. Osmanlılar çoğunlukla Hakimiyet Zaferleri için tasarlanmıştır, ancak yeterince Altın Çağ'ı bir araya getirirlerse, bunun yerine bir Bilim Zaferi elde edebilirler.</Text>
    </Row>
  </EnglishText>
</GameData>