﻿<?xml version="1.0" encoding="utf-8"?>
<!-- edited with XMLSPY v2004 rel. 2 U (http://www.xmlspy.com) by Ed Beach (Firaxis Games) -->
<GameData>
  <EnglishText>
    <Row Tag="LOC_NUBIA_SCENARIO_NAME">
      <Text>Nil'in Hediyeleri</Text>
    </Row>
    <Row Tag="LOC_NUBIA_SCENARIO_TOOLTIP">
      <Text>Nil Nehri boyunca Misir ve Nubia arasinda iki oyunculu hesaplasma. En fazla 125 Tur sürer.</Text>
    </Row>
    <Row Tag="LOC_NUBIA_SCENARIO_DESCRIPTION">
      <Text>Nil halki 7 rakaminin son derece sansli oldugunu düsünür.[NEWLINE][NEWLINE]Hem mükemmelligin sembolüdür...[NEWLINE][NEWLINE]... hem de tamamlanma isaretidir.[NEWLINE][NEWLINE]Öyle de olacak: Zaman dolmadan (125 tur) Amun'a 7 Tapinagi tamamlayan oyuncu, Nil nehri rakipleri arasindaki bu hesaplasmada tanrinin lütfunu ve zaferini kazanacak. [NEWLINE][NEWLINE][NEWLINE]ÖZEL KURALLAR:[NEWLINE]- Misir ve Nubia 20. Tura kadar birbirlerine savas ilan edemezler.[NEWLINE]- Bir kez ilan edildikten sonra savaslar sona erdirilemez.[NEWLINE]- Kutsal Alan binalari sadece [ICON_Faith] Inanç ile satin alinabilir.</Text>
    </Row>
    <Row Tag="LOC_NUBIA_SCENARIO_MAP_NAME">
      <Text>Nubia Haritasi</Text>
    </Row>
    <Row Tag="LOC_NUBIA_SCENARIO_MAP_DESCRIPTION">
      <Text>Nil havzasinin tarihi bir haritasi.</Text>
    </Row>
    <!-- Victories -->
    <Row Tag="LOC_VICTORY_NUBIA_SCENARIO_NAME">
      <Text>Nil Zaferi'nin Hediyeleri</Text>
    </Row>
    <Row Tag="LOC_VICTORY_NUBIA_SCENARIO_TT">
      <Text>Bu zaferi, büyük tanri Amun'un görkemi için 7 Tapinak insa eden ilk kisi oldugunuzda kazanirsiniz.</Text>
    </Row>
    <!-- Civilizations-->
    <Row Tag="LOC_CIVILIZATION_NUBIA_SCENARIO_HYKSOS_NAME">
      <Text>Hyksos</Text>
    </Row>
    <Row Tag="LOC_CIVILIZATION_NUBIA_SCENARIO_LIBYANS_NAME">
      <Text>Libya</Text>
    </Row>
    <Row Tag="LOC_CIVILIZATION_NUBIA_SCENARIO_ASSYRIA_NAME">
      <Text>Asur</Text>
    </Row>
    <Row Tag="LOC_CIVILIZATION_NUBIA_SCENARIO_PERSIA_NAME">
      <Text>Iran</Text>
    </Row>
    <Row Tag="LOC_CIVILIZATION_NUBIA_SCENARIO_MACEDON_NAME">
      <Text>Makedon</Text>
    </Row>
    <Row Tag="LOC_TRAIT_NUBIA_SCENARIO_CIVILIZATION_ITERU_DESCRIPTION">
      <Text>Sehir bir su karosuna bitisikse, bölgelere ve harikalara yönelik +%15 [ICON_Production] Üretim. Taskin yataklari, bölgelerin ve harikalarin yerlestirilmesini engellemez. Balikçilik ve Yelkencilik teknolojileriyle baslayin.</Text>
    </Row>
    <Row Tag="LOC_TRAIT_NUBIA_SCENARIO_CIVILIZATION_TA_SETI_DESCRIPTION">
      <Text>Menzilli birimlere yönelik +%50 [ICON_Production] Üretim. Tüm Menzilli birimler +%50 savas deneyimi kazanir. Madencilik teknolojisi ile baslayin. Stratejik kaynaklar üzerindeki madenler +1 [ICON_Production] Üretim saglar. Bonus ve lüks kaynaklar üzerindeki madenler +2 [ICON_Gold] Altin saglar.</Text>
    </Row>
    <!-- Leaders-->
    <Row Tag="LOC_LEADER_NUBIA_SCENARIO_HYKSOS_NAME">
      <Text>Sakir-Har</Text>
    </Row>
    <Row Tag="LOC_LEADER_NUBIA_SCENARIO_LIBYANS_NAME">
      <Text>Osorkon</Text>
    </Row>
    <Row Tag="LOC_LEADER_NUBIA_SCENARIO_ASSYRIA_NAME">
      <Text>Ashurbanipal</Text>
    </Row>
    <Row Tag="LOC_LEADER_NUBIA_SCENARIO_PERSIA_NAME">
      <Text>Cambyses II</Text>
    </Row>
    <Row Tag="LOC_LEADER_NUBIA_SCENARIO_MACEDON_NAME">
      <Text>Alexander</Text>
    </Row>
    <Row Tag="LOC_LEADER_NUBIA_SCENARIO_ROME_NAME">
      <Text>Augustus Caesar</Text>
    </Row>
  </EnglishText>
</GameData>