﻿<?xml version="1.0" encoding="utf-8"?>
<!-- edited with XMLSPY v2004 rel. 2 U (http://www.xmlspy.com) by Ed Beach (Firaxis Games) -->
<!-- Sid Meier's Civilization V -->
<!-- Copyright Firaxis Games 2010 -->
<!-- -->
<!-- Game Text Objects -->
<GameData>
  <Language_en_US>
    <!-- Buildings-->
    <Row Tag="TXT_KEY_NEWWORLD_SCENARIO_BUILDING_NAVIGATION_SCHOOL_TEXT">
      <Text>Haritacilar, gemi yapimcilari ve egitimli kaptanlar bir anda ortaya çikmazlar - bu bilginlerin ve is adamlarinin çogu Seyir Okullari gibi enstitülerde egitim görmüslerdir.  Deneyimli kaptanlar ve bilgili akademisyenler biriktirdikleri denizcilik bilgilerini okulda paylasir ve daha sonra bu bilgeligi daha az deneyimli olanlara aktarirlardi.  Yeni rotalarin hava durumu haritalari çikarilir, haritacilara en yeni ve en iyi aletlerin kullanimi ögretilir ve yeni tür gemiler tasarlanip insa edilirdi.[NEWLINE][NEWLINE]Portekizli Denizci Henry'nin Sagres'teki villasinda ilk Denizcilik Okulunu baslattigina inanilir.  Afrika'nin bazi bölgelerinin kiyi seridini haritalandirmak için büyük bir haritaci grubu tutmus olsa da, denizciler ve bilginler için merkezi bir okul olduguna dair henüz tanimlayici bir kanit bulunamamistir.</Text>
    </Row>
    <Row Tag="TXT_KEY_NEWWORLD_SCENARIO_BUILDING_CASTLE_STRATEGY">
      <Text>Kale, sehrin Savunma Gücünü 12 ve Hit Puanini 25 artiran Ortaçag dönemine ait bir yapidir. Kale insa edilebilmesi için sehrin surlara sahip olmasi gerekir.</Text>
    </Row>
    <Row Tag="TXT_KEY_BUILDING_CHOCOLATE_HOUSE_HELP">
      <Text>Bu Sehir tarafindan islenen her plantasyon +1 [ICON_GOLD] Altin üretir, ancak bu sehir tarafindan islendiginde +3 [ICON_GOLD] saglayan Kakao Plantasyonlari hariç. [NEWLINE][NEWLINE]Sehrin yakininda en az bir plantasyon bulunmalidir.</Text>
    </Row>
    <Row Tag="TXT_KEY_BUILDING_CHOCOLATE_HOUSE_STRATEGY">
      <Text>Cikolata Evi sadece yakininda bir plantasyon bulunan bir sehirde insa edilebilir. Cikolata Evi her plantasyon için [ICON_GOLD] Altin üretimini bir artirir ve her gelistirilmis Kakao kaynagi [ICON_GOLD] Altin üretimini ilave 2 artirir.</Text>
    </Row>
    <Row Tag="TXT_KEY_CIV5_BUILDINGS_CHOCOLATE_HOUSE_TEXT">
      <Text>MS 1643 yilinda Fransiz sarayi, ilk kez 1585 yilinda Yeni Dünya'dan Ispanya'ya ithal edilen çikolatayi benimsedi ve takip eden on yil içinde çikolata modasi tüm Avrupa'yi sardi. Ilk çikolata evi 1657'de Londra'da açildi ve bu üründen yapilan içecekler ve sekerlemeler sundu ve kisa sürede kitanin dört bir yanindaki seçkinler için moda bulusma yerleri haline geldi.</Text>
    </Row>
    <Row Tag="TXT_KEY_BUILDING_GUNSMITH_SHOP_HELP">
      <Text>15 [ICON_PRODUCTION] Barut Birimleri insa ederken üretim.</Text>
    </Row>
    <Row Tag="TXT_KEY_BUILDING_GUNSMITH_SHOP_STRATEGY">
      <Text>Silah Ustasi Dükkani, sehrin Barut Birimi üretme hizini artirir.</Text>
    </Row>
    <Row Tag="TXT_KEY_CIV5_BUILDINGS_GUNSMITH_SHOP_TEXT">
      <Text>Silah ustalari, kendilerini atesli silahlarin tasarimi, modifikasyonu, üretimi ve onarimina adamis yetenekli zanaatkârlardir. Eli Whitney'in 1790'larda Mill River Armory'sinin ortaya çikisindan önce AD Samuel Colt'un 1800'lerin ortalarinda Hartford (ABD) ve Londra'daki (Ingiltere) fabrikalarinda seri tabanca üretiminden önce, silahçi dükkani her "medeni" yerlesim yerinde hayati bir kurulustu.</Text>
    </Row>
    <Row Tag="TXT_KEY_NEWWORLD_SCENARIO_BUILDING_LONGHOUSE_HELP">
      <Text>Islenen her Orman karesinden +1 [ICON_PRODUCTION] Üretim ve +1 [ICON_PEACE] Inanç.</Text>
    </Row>
    <Row Tag="TXT_KEY_NEWWORLD_SCENARIO_BUILDING_LONGHOUSE_STRATEGY">
      <Text>Uzunev, Atölyenin yerini alan Iroquois'e özgü bir yapidir. Sehrin yariçapi içindeki her orman için sehrin [ICON_PRODUCTION] Üretim ve [ICON_PEACE] Inanç çiktisini artirir.</Text>
    </Row>
    <Row Tag="TXT_KEY_BUILDING_MEETING_HOUSE_HELP">
      <Text>Uygarliginizin bir Sehir Devleti ile olan her Ticaret Yolu için +%5 [ICON_PRODUCTION] Üretim.</Text>
    </Row>
    <Row Tag="TXT_KEY_BUILDING_MEETING_HOUSE_STRATEGY">
      <Text>Toplanti Evi, uygarliginiz içinde bir Sehir-Devlete baglanan her Ticaret Yolu için [ICON_PRODUCTION] Üretim saglar. Ticaret Yollari, Toplanti Evi olmayan sehirler de dahil olmak üzere herhangi bir sehir kombinasyonundan gelebilir. Yalnizca Toplanti Evi inancina sahip bir dini takip eden sehirlerde insa edilebilir. Bu binayi [ICON_PEACE] Inanç ile satin alarak insa edin.</Text>
    </Row>
    <Row Tag="TXT_KEY_CIV5_BUILDINGS_MEETING_HOUSE_TEXT">
      <Text>Yeni Dünya'da, cemaatçi Protestan kolonilerinin çogunun sosyal ve kültürel merkezi, yerlesimciler için hem ibadet hem de kamusal söylem yeri olarak hizmet veren toplanti eviydi. Birçok erken dönem Quaker, Mennonite, Unitarian, Puritan, Baptist ve diger yerlesim yerlerinde toplanti evi ayni zamanda siyasi tartismalarin, oylamalarin ve kararlarin alindigi fiili belediye binasi olarak da hizmet vermistir.</Text>
    </Row>
    <Row Tag="TXT_KEY_NEWWORLD_SCENARIO_BUILDING_MONASTERY_STRATEGY">
      <Text>Manastir bir sehrin [ICON_CULTURE] Kültürünü artirarak sehrin topraklarinin büyümesini ve medeniyetin Sosyal Politikalar edinmesini hizlandirir. Manastir, sehrin kültürel sinir büyüme oranini dört katina çikarir. Sadece Manastir inancina sahip bir dini takip eden sehirlerde insa edilebilir. Bu binayi [ICON_PEACE] Inanç ile satin alarak insa edin.</Text>
    </Row>
    <Row Tag="TXT_KEY_NEWWORLD_SCENARIO_BUILDING_STABLE_STRATEGY">
      <Text>Her Ahir 2 [ICON_RES_HORSE] At saglar. Imparatorlugunuzda bu binalardan en fazla 5 tane bulunur.</Text>
    </Row>
    <Row Tag="TXT_KEY_NEWWORLD_SCENARIO_BUILDING_STABLE_HELP">
      <Text>2 [ICON_RES_HORSE] At saglar. Imparatorlugunuzda bu binalardan en fazla 5 tane bulunur.</Text>
    </Row>
    <!-- National Wonder-->
    <Row Tag="TXT_KEY_BUILDING_BLYTHE_INTAGLIOS_STRATEGY">
      <Text>Az nüfuslu sehirlerden olusan bir imparatorluktan dinlerini dünyaya yaymaya çalisan bir Amerikan medeniyeti için önemli bir bina. Ayrica bu sehirdeki sinir büyümesini de artirir. Bir uygarlik Blythe Intaglios'u insa etmeden önce tüm sehirlerinde bir Tapinaga sahip olmalidir.</Text>
    </Row>
    <Row Tag="TXT_KEY_BUILDING_BLYTHE_INTAGLIOS_HELP">
      <Text>[ICON_CULTURE] Kültür ve [ICON_GOLD] Altin maliyetleri bu sehirde %25 azaltilmistir. [NEWLINE][NEWLINE]Tüm Sehirlerde bir Tapinak insa etmis olmali ve bir Amerikan Medeniyeti olmalidir. Imparatorluktaki sehir sayisi arttikça maliyet de artar.</Text>
    </Row>
    <Row Tag="TXT_KEY_CIV5_BUILDINGS_BLYTHE_INTAGLIOS_TEXT">
      <Text>En az MÖ 1000 yillarina tarihlenen Blythe Intagliolari, Big Maria Daglari'nin dogusundaki Colorado Cölü'nde bulunan birkaç düzine devasa figürden olusan bir gruptur. Yüzey katmanlarinin kazinarak daha açik renkli kayalarin ortaya çikarilmasiyla olusturulan intagliolar 1930'lara kadar taninmamistir  en büyük figür yaklasik 171 fit uzunlugundadir  bunlarin Quechan ve Mojave kabileleri tarafindan törensel nedenlerle yapildigina inanilmaktadir.</Text>
    </Row>
    <Row Tag="TXT_KEY_NEWWORLD_SCENARIO_BUILDING_GRAND_TEMPLE_STRATEGY">
      <Text>Az nüfuslu sehirlerden olusan bir imparatorluktan dinlerini dünyaya yaymaya çalisan bir Avrupa medeniyeti için önemli bir bina. Baskentte insa edilmelidir. Bu sehirde dogan Misyonerlerin dini üç kez yaymasina izin verir. Bir uygarlik Büyük Tapinagi insa etmeden önce tüm sehirlerde bir Tapinaga sahip olmalidir.</Text>
    </Row>
    <Row Tag="TXT_KEY_NEWWORLD_SCENARIO_BUILDING_GRAND_TEMPLE_HELP">
      <Text>Bu sehirde dogan tüm Misyonerler dini üç kez yayabilir.[NEWLINE][NEWLINE]Baskentte [ICON_CAPITAL] insa edilmis olmalidir. Tüm Sehirlerde bir Tapinak insa etmis olmali ve bir Avrupa Medeniyeti olmalidir. Imparatorluktaki sehir sayisi arttikça maliyet de artar.</Text>
    </Row>
    <Row Tag="TXT_KEY_NEWWORLD_SCENARIO_BUILDING_NAVIGATION_SCHOOL_HELP">
      <Text>Imparatorluk tarafindan insa edilen tüm donanma birimlerinden iskorbüt hastaligini kaldirir. Sirasina Denizcilik Okulunun bulundugu sehirde baslayan tüm birimlerin Iskorbüt terfileri kaldirilir. Mucizenin insa edildigi Sehrin yakininda bir Büyük Amiral belirir. Tüm sehirlerde bir Üniversite olmalidir.[NEWLINE]Sadece Avrupalilar tarafindan insa edilebilir. Sehir kiyida insa edilmelidir.</Text>
    </Row>
    <Row Tag="TXT_KEY_NEWWORLD_SCENARIO_BUILDING_NAVIGATION_SCHOOL_STRATEGY">
      <Text>Gelecekteki tüm donanma birimlerinin Iskorbüt terfisinden muzdarip olmamasini saglamak ve sehirdeki siralarina bu Harika ile baslayan birimlerden bu terfiyi kaldirmak için Navigasyon Okulu ulusal harikasini insa edin.</Text>
    </Row>
    <!-- World Wonders-->
    <Row Tag="TXT_KEY_WONDER_MOOREHEAD_CIRCLE_DESC">
      <Text>MS 2005 yilinda Ohio'nun güneybatisinda kesfedilen Moorehead Cemberi - bir "woodhenge" - yaklasik 2000 yil önce, MÖ 40 ile MS 130 yillari arasinda, muhtemelen Hopewell kültüründeki kabilelerden biri tarafindan insa edilmistir. Yaklasik 200 metre çapindaki dis halkada 200 kadar olmak üzere, her birinin 15 metre yüksekliginde oldugu tahmin edilen üç esmerkezli ahsap direk halkasindan olusan Moorehead Cemberi, ayrintilari bilinmese de muhtemelen tören amaçli kullaniliyordu. Yakin zamanda, kirmizi toprakla doldurulmus merkezi bir alter ve bitisiginde 40'a 50 fit boyutlarinda dikdörtgen bir yapi ortaya çikarilmistir.</Text>
    </Row>
    <Row Tag="TXT_KEY_WONDER_MOOREHEAD_CIRCLE_HELP">
      <Text>Sadece Amerikalilar tarafindan insa edilebilir. Ek bir tade rotasi yuvasi kazanir ve Sehirde bir Karavan belirir. Fethedildiginde yok edilir.[NEWLINE][NEWLINE]Sehir Otlak üzerine veya yanina insa edilmelidir.</Text>
    </Row>
    <Row Tag="TXT_KEY_WONDER_MOOREHEAD_CIRCLE_QUOTE">
      <Text>[NEWLINE][TAB][TAB] "Bu çember muhtemelen törensel yasamlarinin odak noktasiydi... ve insanlarin kilometrelerce uzaktan buraya gelmelerinin bir nedeniydi."[NEWLINE][TAB][TAB] - Robert Riordan[NEWLINE][TAB]</Text>
    </Row>
    <Row Tag="TXT_KEY_CIV5_NEWWORLD_SCENARIO_WONDER_MACHU_PICHU_HELP">
      <Text>Sadece Amerikalilar tarafindan insa edilebilir. 25 [ICON_GOLD] Ticaret Yollarindan [ICON_CONNECTED] Altin. Fetih sirasinda yok edilir. [NEWLINE] [NEWLINE] Sehir, bölgenizdeki bir Dagin 2 karesi içinde insa edilmelidir.</Text>
    </Row>
    <Row Tag="TXT_KEY_CIV5_NEWWORLD_SCENARIO_WONDER_CHICHEN_ITZA_HELP">
      <Text>Sadece Amerikalilar tarafindan insa edilebilir. [ICON_GOLDEN_AGE] Altin Caglarin uzunlugu 50%. artti Orman karolarindan +2 [ICON_PEACE] Inanç. Fetih sirasinda yok edilir.[NEWLINE][NEWLINE]Sehir tepeler üzerine insa edilmemelidir.</Text>
    </Row>
    <Row Tag="TXT_KEY_WONDER_TEXCOTZINGO_DESC">
      <Text>Tarihi Aztek Imparatorlugu'nun Postklasik Dönemine kadar uzanan, baskent Texcoco'nun bitisigindeki Texcotzingo, imparatorluk yaz bahçeleri olarak hizmet vermistir. Yagmur tanrisi Tlaloc'a adanan yapi, MS 15. Yüzyilda hükümdar Nezahualcoyoti tarafindan insa ettirilmistir. Ayrintili ve gelismis bir sulama sistemi Texcotzingo'yu soylular için bir eglence cennetine, imparatorlugun bitki örtüsünün sergilendigi bir alana, sifali bir bahçeye ve kutsal bir mekâna dönüstürmüstür. 122 hektarlik bir alani kaplayan bu bahçe, dünyanin ilk botanik bahçesi olarak kabul edilir ve Ispanyol fatihler için bir merak kaynagi olmustur.</Text>
    </Row>
    <Row Tag="TXT_KEY_WONDER_TEXCOTZINGO_HELP">
      <Text>Sadece Amerikalilar tarafindan insa edilebilir. Insa edildigi sehirde ücretsiz bir Bahçe saglar. Fethedildiginde yok edilir.[NEWLINE][NEWLINE]Sehir bir Nehir veya Gölün yanina insa edilmelidir.</Text>
    </Row>
    <Row Tag="TXT_KEY_WONDER_TEXCOTZINGO_QUOTE">
      <Text>[NEWLINE][TAB][TAB] "Ciçeklerin, kuslarin ve mücevherlerin güzelligine olan duyarliliklari, dini duygularinin gücü ile ... bu eski Meksikalilar medeni insanlardi."[NEWLINE][TAB][TAB] - Jacques Soustelle[NEWLINE][TAB]</Text>
    </Row>
    <Row Tag="TXT_KEY_NEWWORLD_SCENARIO_CIV5_MAYA_TITLE">
      <Text>Maya</Text>
    </Row>
    <Row Tag="TXT_KEY_NEWWORLD_SCENARIO_CIV5_MAYA_FACTOID_HEADING">
      <Text>Bilgi Notlari</Text>
    </Row>
    <Row Tag="TXT_KEY_NEWWORLD_SCENARIO_CIV5_MAYA_FACTOID_TEXT">
      <Text>Maya toplumundaki rahipler genellikle halka çesitli tibbi tedaviler sunmakla görevlendirilmisti  bitkisel ilaçlardan modern saunaya benzeyen "ter banyolarina" kadar her seyi reçete ediyorlardi.[NEWLINE][NEWLINE]Modern Maya kadinlari geleneksel olarak "Huipil" olarak bilinen ve geldikleri köye özgü parlak renkler ve farkli desenler içeren bir tür bluz veya elbise giyerler.[NEWLINE][NEWLINE]Mayalarin sicak çikolatanin eski öncülünün yaraticilari oldugu düsünülmektedir. Agirlikli olarak Maya topraklarinda bulunan kakao çekirdekleri kurutulup ögütülür, diger yerel malzemelerle karistirilarak macun haline getirilir ve çikolatali bir içecek olusturmak için suya eklenirdi.</Text>
    </Row>
    <Row Tag="TXT_KEY_NEWWORLD_SCENARIO_CIV5_MAYA_HEADING_1">
      <Text>Tarih</Text>
    </Row>
    <Row Tag="TXT_KEY_NEWWORLD_SCENARIO_CIV5_MAYA_HEADING_2">
      <Text>Iklim ve Arazi</Text>
    </Row>
    <Row Tag="TXT_KEY_NEWWORLD_SCENARIO_CIV5_MAYA_HEADING_3">
      <Text>Maya Tarihindeki Dönemler</Text>
    </Row>
    <Row Tag="TXT_KEY_NEWWORLD_SCENARIO_CIV5_MAYA_HEADING_4">
      <Text>Mayalarin Büyük Sehirleri</Text>
    </Row>
    <Row Tag="TXT_KEY_NEWWORLD_SCENARIO_CIV5_MAYA_HEADING_5">
      <Text>Cöküs</Text>
    </Row>
    <Row Tag="TXT_KEY_NEWWORLD_SCENARIO_CIV5_MAYA_HEADING_6">
      <Text>Maya Sinif Yapisi</Text>
    </Row>
    <Row Tag="TXT_KEY_NEWWORLD_SCENARIO_CIV5_MAYA_HEADING_7">
      <Text>Tarim ve Avcilik</Text>
    </Row>
    <Row Tag="TXT_KEY_NEWWORLD_SCENARIO_CIV5_MAYA_HEADING_8">
      <Text>Tanrilari Onurlandirmak</Text>
    </Row>
    <Row Tag="TXT_KEY_NEWWORLD_SCENARIO_CIV5_MAYA_HEADING_9">
      <Text>Maya Kültürü</Text>
    </Row>
    <Row Tag="TXT_KEY_NEWWORLD_SCENARIO_CIV5_MAYA_HEADING_10">
      <Text>Maya Takvimi</Text>
    </Row>
    <Row Tag="TXT_KEY_NEWWORLD_SCENARIO_CIV5_MAYA_HEADING_11">
      <Text>Sömürge Istilasi ve Cöküs</Text>
    </Row>
    <Row Tag="TXT_KEY_NEWWORLD_SCENARIO_CIV5_MAYA_HEADING_12">
      <Text>Cagdas Maya</Text>
    </Row>
    <Row Tag="TXT_KEY_NEWWORLD_SCENARIO_CIV5_MAYA_TEXT_1">
      <Text>MS 3. yüzyildan 10. yüzyila kadar günümüz Meksika, Guatemala ve Belize bölgelerinde yasayan Maya halki, ortak bir kültür ve dini paylasan bagimsiz kralliklar agi içinde yasamistir. Gerçek kökenleri gizemle örtülü olsa da, Maya uygarliginin erken gelisimine dair çok sayida teori mevcuttur. Arkeolojik kayitlara göre, ilk belirgin Maya yerlesimleri MÖ 2000 civarinda kurulmustur. Tarim öncesi topluluklardan genis kentsel merkezlere dönüsen Maya sehir devletleri, hem geçim hem de ticaret için sofistike tarim tekniklerine güvenmeye basladi. Yerlesimlerinin birçogu MS 1. binyilin sonlarinda açiklanamayan bir çöküs yasamis olsa da, 16. yüzyilda Ispanyol Conquistadors'un gelisine kadar çok sayida sehir gelismeye devam etmistir.</Text>
    </Row>
    <Row Tag="TXT_KEY_NEWWORLD_SCENARIO_CIV5_MAYA_TEXT_2">
      <Text>Maya yerlesimleri öncelikle Belize ve Guatemala'nin yani sira Yucatan Yarimadasi olarak bilinen bölgeyi olusturan modern Meksika eyaletleri Quintana Roo, Campeche ve Yucatan'da bulunuyordu. Daglik yaylalar, yemyesil sulak alanlar ve kurak ova bölgelerinden olusan Maya topraklari, sik ormanlardan açik ovalara kadar genis bir çesitlilik gösteriyordu. [NEWLINE][NEWLINE] Topraklarinin bazi bölümlerindeki tropikal yagmur ormanlari, Mayalara tarimsal üretimlerini desteklemek için çesitli flora ve fauna saglarken, ayni zamanda baska türlü kit olan tatli suya erisim sagladi. Orman içinde yillik yagis miktari 100 inç'in üzerindeydi ve suyla dolan toprak, yagmurun "Cenotes" olarak bilinen kireçtasi düdenlerinde toplanmasina ve kolayca toplanmasina olanak sagliyordu.</Text>
    </Row>
    <Row Tag="TXT_KEY_NEWWORLD_SCENARIO_CIV5_MAYA_TEXT_3">
      <Text>Maya halkinin kökenine iliskin çesitli teoriler mevcuttur ve Mezoamerika'yi inceleyen arkeologlar ancak son 50 yil içinde erken dönem uygarliklarinin zaman çizelgesini bir araya getirmeyi basarmislardir. 1960'li ve 70'li yillarda Maya yazisinin desifre edilmesindeki atilimlar, yazili kayitlarin eksikligi nedeniyle daha önce varsayimlara saplanmis olan Maya tarihi çalismalarinda bir canlanmaya yol açti. [NEWLINE][NEWLINE]Maya uygarligi, Klasik Öncesi, Klasik ve Klasik Sonrasi dönemler olmak üzere birkaç farkli döneme ayrilir. Klasik Öncesi dönemden baslayarak, ilk yerlesimlerin M.Ö. 2000-1500 yillari arasinda, en eski Mayalarin kati bir avci-toplayici yasam tarzindan daha topluluk odakli bir tarimsal geçime geçmeye basladiklari zaman olustugu düsünülmektedir. Zamanla bu ilk topluluklar, yalnizca gelismis tarim uygulamalari ve ticaret aglari uygulamakla kalmayip ayni zamanda büyük sanat ve mimari eserleri de yaratarak giderek daha karmasik bir topluma dönüseceklerdir. [NEWLINE][NEWLINE]Maya uygarliginin zirvesi, Klasik dönem olarak bilinen bir dönemde, kabaca MS 250 ile MS 900 yillari arasinda gerçeklesmistir. Klasik dönem boyunca, Mayalar en iyi bilinen özelliklerinden bazilarini gelistirerek, her biri tanrilari ve krallari için anitlarla dolu büyük sehir merkezlerine sahip büyük bagimsiz sehir devletlerine dogru ilerlediler. [NEWLINE][NEWLINE]Post-Klasik dönem, güney Maya topraklarindaki büyük sehir merkezlerinin gerilemesiyle basladi  bu, en büyük sehirlerinden bazilarinin tamamen terk edilmesine yol açan açiklanamayan bir çöküstü. Ancak kuzeydeki yerlesimlerin çogu yeni binyila kadar büyümeye ve gelismeye devam etmistir.</Text>
    </Row>
    <Row Tag="TXT_KEY_NEWWORLD_SCENARIO_CIV5_MAYA_TEXT_4">
      <Text>Maya'nin muazzam sehirleri ortak bir kültürle birlesmis olsalar da, ayni zamanda son derece bagimsizdilar  toprak, ticaret ve siyasi anlasmazliklar yüzünden birbirleriyle sürekli savasiyorlardi. Bu bagimsizliga ragmen, tüm büyük Maya sehirleri kültürlerini bir bütün olarak etkilemede rol oynamis, her biri kendilerini birey olarak tanimlayan benzersiz özelliklere katkida bulunmustur.[NEWLINE][NEWLINE]Amerika'nin herhangi bir yerinde bulunan en uzun süreli yerlesim yeri olduguna inanilan Kaminaljuyu, yaklasik MÖ 1500'den MS 1200'e kadar büyük bir Maya nüfusuna ev sahipligi yapmistir. Geçtigimiz yüzyil boyunca bölgede yapilan düzinelerce arkeolojik kazi, kentin bölgedeki baslica obsidyen ve yesim tasi üreticisi olabilecegini ortaya çikarmis ve 100'den fazla höyük ve antik yapinin kalintilari kesfedilmistir. Ne yazik ki, 19. ve 20. yüzyillarda çevredeki ticari yapilasma ve gelisme, bir zamanlarin bu büyük kentinin kalintilarini neredeyse tamamen yok etmis ve geride sadece parçalar birakmistir. [NEWLINE][NEWLINE]Yaklasik MÖ 600'den MS 100'e kadar gelisen El Mirador, Maya'nin bir baska büyük kentiydi. Önemli büyüklükte bir yerlesim yeri olan El Mirador, Mayalar tarafindan "Sacbe" olarak bilinen çok sayida yükseltilmis yolu ile dikkat çekmektedir. Yerlesim kompleksi içindeki yapilarin yani sira uzak ticaret merkezlerini birbirine baglamak için kullanilan sacbe, Maya ticaret aglarinin kurulmasinda çok önemli bir mekanizmaydi. Dengesiz araziler üzerinde yükseltilen modern geçitlere benzer sekilde, sacbe genis alanlari kapliyordu ve en uzunu antik Coba sehrini yaklasik 60 mil (96 km) uzakliktaki daha küçük bir yerlesim olan Yaxuna'ya bagliyordu. [NEWLINE][NEWLINE]Klasik Maya sehirlerinin belki de en bilineni olan Tikal, komsu rakiplerine karsi sik sik siddetli savaslar baslatan hirsli ve saldirgan bir devlet olan güçlü Tikal devletinin baskenti olarak hizmet vermistir. Tikal'in yaklasik 2.000 yil boyunca isgal altinda kaldigi ve zirvede oldugu dönemde yaklasik 100.000 kisiye ev sahipligi yaptigi düsünülmektedir. Tikal'de bulunan daha az bilinen yeniliklerden biri olan "Aguada", sehrin alçi duvarlarindan akan yagmur suyunu toplamak için tasarlanmis ustaca bir su rezervuarlari sistemiydi. [NEWLINE] [NEWLINE] Chitzen Itza, hayatta kalan son Maya yerlesimlerinden biriydi ve bu nedenle de sehirlerinin en iyi korunmus olanlarindan biridir. Chitzen Itza, 2,5 mil karelik (6,5 km kare) bir alani kaplayan kapsamli yapilariyla, devasa basamak piramitleri, çok sayida top sahasi ve süslü tapinaklar da dahil olmak üzere Maya mimarisinin neredeyse her türünün önemli örneklerini barindirmaktadir.</Text>
    </Row>
    <Row Tag="TXT_KEY_NEWWORLD_SCENARIO_CIV5_MAYA_TEXT_5">
      <Text>9. yüzyila yaklasirken, en güneydeki Maya yerlesimlerinin çogu bugün hala bilinmeyen nedenlerle hizli bir gerileme dönemine girmistir. Klasik Maya çöküsü olarak adlandirilan bu büyük kralliklarin çözülmesi ve terk edilmesi tartisma konusudur. Asiri nüfus, çevresel zararlar, savas ve hastaliklar kendi baslarina makul teoriler olarak durmaktadir, ancak büyük sehir devletlerinde bu faktörlerin bir kombinasyonunun terk edilmelerine yol açmasi muhtemel görünmektedir.[NEWLINE][NEWLINE]Gizemli çöküs esas olarak güney Maya topraklarindaki yerlesimleri etkilemis olsa da, kuzeydeki sehir devletlerinin çogu MS ikinci binyila kadar gelismeye devam etmistir. Post-Klasik dönemin baslangicina isaret eden ünlü Chitzen Itza kenti ancak çöküsten sonra ön plana çikmistir. Chitzen Itza, 1300'lerde komsu Mayapan ile yikici bir iç savasa girmeden önce birkaç yüz yil boyunca hayatta kalmistir. Mayapan, Uxmal ve Coba ile birlikte, çöküs sonrasi kuzeyde kalan birkaç Maya sehri arasindaydi.</Text>
    </Row>
    <Row Tag="TXT_KEY_NEWWORLD_SCENARIO_CIV5_MAYA_TEXT_6">
      <Text>Mayalar hiçbir zaman tek bir imparatorluk olarak birlesmemis, bunun yerine eski Yunanlilara benzer sehir devletleri halinde yasamis olsalar da, her bagimsiz devlet yine de benzer bir sinif yapisini takip etmistir. MÖ 3. yüzyildan itibaren Mayalar, uygun bir varis bulunmadigi sürece kalitsal veraset yoluyla yönetiliyordu. Krala ailesi ve diger yüksek rütbeli vatandaslar katilarak üst soylular sinifini olusturuyordu. Soylularin altinda, Maya krallarina rehberlik eden ve yil boyunca yapilan pek çok ayin ve törende halka önderlik eden samanlardan olusan rahip sinifi bir sonraki kademeyi olusturuyordu. Bu yönetici siniflarin ötesinde, Mayalarin çogunlugu basitçe "siradan halk "ti -çiftçiler, zanaatkârlar ve isçiler. Daha alt siniflarda ise savas esirleri ve suçlulardan olusan köleler yer aliyordu.</Text>
    </Row>
    <Row Tag="TXT_KEY_NEWWORLD_SCENARIO_CIV5_MAYA_TEXT_7">
      <Text>Taze yeralti suyuna sinirli erisimle çalisan Mayalar, etki alanlari içindeki zengin topraktan tam olarak faydalanmalarini saglayan bir dizi tarim teknigi kullanmislardir. Cesitli Mezoamerikan toplumlari tarafindan kullanildigi bilinen "Milpa" ürün rotasyon sistemi, Mayalar için özellikle etkiliydi. Bir tür yak-yik tarimi olan Milpa sistemi, birden fazla bitki türünün bir arada ekilmesini ve ardindan tarlalarin nadasa birakildigi ya da ekilmedigi dönemleri içeriyordu. Tipik olarak bu rotasyon dönemi iki ya da üç yil ekim yapilmasina ve ardindan alti ila sekiz yil kullanilmamasina izin veriyordu. Maya çiftçilerinin mahsulleri öncelikle "Üç Kiz Kardes" olarak bilinen misir, kabak ve fasulyeydi.[NEWLINE][NEWLINE]Mayalar sadece yetenekli çiftçiler degil, ayni zamanda yetenekli avcilar ve balikçilardi. Bir dizi alet ve silaha güvenen Mayalar öncelikle geyik, tavsan ve yagmur ormanlarinda bulunan domuz benzeri bir yaratik olan "peccary" avliyorlardi. Mayalar ayrica hem avcilik hem de savas için kullandiklari yenilikçi bir mizrak firlatma aleti olan Atlatl'i da kullanmislardir. Uç kismi çukur olan ahsap bir saft kullanilarak mizrak (ya da ok) uzunlugu boyunca yerlestirilir ve aticinin dogal hareketi kullanilarak mizrak, aletin sagladigi ek uzama sayesinde çok daha yüksek bir hizda itilirdi. Atlatl'dan firlatilan mizraklarin saatte 100 milin (160 km\h) üzerinde hiza ulasabildigi söylenir, bu da Mayalara daha büyük ve hizli avlari takip ederken daha fazla güven saglardi.</Text>
    </Row>
    <Row Tag="TXT_KEY_NEWWORLD_SCENARIO_CIV5_MAYA_TEXT_8">
      <Text>Dünyadaki diger çok tanrili toplumlar gibi Mayalar da yaratici tanri Itzamna'nin önderliginde genis bir tanrilar panteonuna taparlardi. Gökyüzü tanrilarina, özellikle de günes tanrisi Kinish Ahau ve ay tanriçasi Ixchel'e özel bir önem verilirdi. Mayalarin ayrica hava durumu, mahsulleri ve toplumlarindaki çesitli meslekler için de tanrilari vardi. Maya misir tanrisi, gelisimlerinin ilerleyen asamalarinda mahsulün hayatta kalmak için bir temel haline gelmesiyle özel bir önem kazanmistir. [NEWLINE][NEWLINE]Mayalar yil boyunca, büyük ölçüde astronomi ve takvim bilgilerine dayanarak tanrilari onurlandiran bir dizi ritüel düzenlemislerdir.  Insan kurban etmeyi kullanan kültürler arasinda Mayalar en üretken olanlardan çok uzakti, ancak en önemli ritüellerinde kan akitma ve kurban etme islemlerine katilmislardir. Insan kurban etmenin dogurganligi tesvik ettigi düsünülüyordu ve Mayalarin insanlari yagmur tanrisi Chaac'i onurlandirmak için tatli su düdenlerine atarak kurban ettikleri biliniyordu. Chitzen Itza'da bulunan ünlü Kutsal Cenote, Maya tarihinin Klasik döneminde çok sayida insanin kurban edildigi yerdi.[NEWLINE][NEWLINE]Diger birçok Mezoamerikan kültürüyle birlikte Mayalar, kalçalarini kullanarak dikey olarak monte edilmis bir çemberden kati bir kauçuk topu (5-10 lbs agirliginda) geçirmeye çalistiklari ritüelistik bir top oyunu oynadilar. Oyun hem eglence amaçli hem de törensel etkinliklerde oynanirdi ve ayni zamanda toprak anlasmazliklarini çözmek için rekabetçi bir araç olarak kullanilirdi ve potansiyel olarak kaybeden takimin ölümüyle sonuçlanirdi.</Text>
    </Row>
    <Row Tag="TXT_KEY_NEWWORLD_SCENARIO_CIV5_MAYA_TEXT_9">
      <Text>Uygarliklarinin zirvesindeyken Mayalar, her sehrin zanaatkârlari eserlerine benzersiz bölgesel özellikler katarken, tas ve yesim tasindan karmasik oymalar ve kabartmalar içeren birçok büyük sanat eseri yarattilar. Mayalar ayrica ormanin mevcut kaynaklarini kullanarak bir dizi pigment ve boya gelistirmislerdir  bunlarin en önemlisi, daha sonra Maya toplumunun gerilemesinin ardindan Avrupali sömürgecilerin eserlerine uyarlanan çivit boyasindan elde edilen canli bir mavi tonu olan "Maya Mavisi" rengidir.[NEWLINE][NEWLINE]Maya mimarisi arasinda en taninmis yönü, medeniyetlerinin sonraki asamalarinda düzinelercesi insa edilen basamakli piramittir. Basamakli piramit, tipki kulaga geldigi gibi, dini törenlerin siklikla yapildigi düz bir zirvede tepe yapan basamakli seviyelerde insa edilmis tas katmanlarindan olusuyordu. Mezoamerikan basamak piramitlerinin mevcut mezar höyükleri veya daha önceki tapinaklar üzerine insa edildigi ve takvim döngülerine bagli olarak zaman içinde yeniden insa edilmis olabilecegi düsünülmektedir. Maya basamak piramidinin en önemli örnegi Yucatan Yarimadasi'ndaki Chichen Itza bölgesinde bulunur ve Meksika hükümetinin himayesi altinda iyi korunmus bir örnektir.[NEWLINE][NEWLINE]Maya yazi sistemi, eski Misir yazi sistemine benzerligi nedeniyle genellikle glifler veya hiyeroglifler olarak adlandirilan bir yazidan olusur. Topraklari boyunca eserlerin üzerine kazinmis olarak bulunan ve geçtigimiz yüzyilda yavas yavas desifre edilen bu yaziyi Mayalar, kültürlerinin pek çok yönünü anitlastirmak için kullanmislardir. Maya kâtiplerinin agaç kabugu ve hayvan derisi kullanarak ciltler olusturduguna dair kanitlar olsa da, bu çalismalarin çogu 16. yüzyilda Ispanyollarin sömürgeci akinlari sirasinda, sapkin oldugu düsünüldügü için yok edildi.</Text>
    </Row>
    <Row Tag="TXT_KEY_NEWWORLD_SCENARIO_CIV5_MAYA_TEXT_10">
      <Text>Maya kültürünün kayda deger pek çok yönü arasinda takvim sistemi, özellikle gerçek amacina iliskin süregelen teoriler nedeniyle, en kötü söhrete sahip olani haline gelmistir. Etkileyici derecede karmasik bir sistem olan Uzun Sayim takvimi Mayalar tarafindan kullanilan üç takvimden biriydi, digerleri Haab ve Tzolkin'di. [NEWLINE][NEWLINE]2012 kiyamet günü tahminlerinin kaynagi olan Uzun Sayim takvimi, Mayalar tarafindan insan dünyasinin yaratilisindan bu yana zamanin tarihsel bir kaydi olarak kullanildi. Bu takvime göre, uygarlik M.Ö. 11 Agustos 3114'te baslamis ve yaklasan kiyametimize inanmayi seçenler tarafindan seçici bir sekilde yorumlandigi üzere, 21 Aralik 2012'de sona ermistir. Bu kiyamet tellallari Maya'nin bu takvim araciligiyla dünyanin sonunu önceden haber verdigine inanmaktadir, ancak çogu arastirmaci bu takvimi basitçe bir döngünün sonu ve digerinin baslangici olarak yorumlamaktadir, bildigimiz dünyanin felaketli bir sonu olarak degil. [NEWLINE][NEWLINE] Uzun Sayim takvimi ile birlikte kullanilan daha az bilinen Haab, tek bir günes yilina yaklasan 365 günlük bir takvimdi, Tzolkin takvimi ise hasat ve ritüel zamanlarini degerlendirmek için kullanilan 260 günlük bir sistemi takip ediyordu.</Text>
    </Row>
    <Row Tag="TXT_KEY_NEWWORLD_SCENARIO_CIV5_MAYA_TEXT_11">
      <Text>Ispanyollarin gelisi, kalan kuzey Maya sehirlerinin hizla yok olmasina yol açti ve Maya halki bugün Meksika'da ve Orta ve Güney Amerika'nin diger bölgelerinde hala var olsa da, kültürlerinin ve tarihlerinin çogu Conquistadores'in fethi sirasinda kayboldu. 1500'lerin basindan itibaren Ispanyollar, kalici bir yerlesim kurma umuduyla Yucatan Yarimadasi'na kesif gezileri gönderdi. Ancak Maya sehir devletlerinin merkezi olmayan yapisi, Ispanyol akinlarina karsi bagimsiz bir direnis gösterilmesine olanak sagladi ve Ispanyollarin bölgedeki Maya halkini tamamen boyunduruk altina almasi yaklasik 200 yil sürecekti.[NEWLINE][NEWLINE]Mayalarin boyunduruk altina alinmasi sirasinda, Ispanyollar tarafindan halki Roma Katolikligine döndürmek için çesitli girisimler oldu. Bu çabalar arasinda en kötü söhrete sahip olani, Yucatan Roma Katolik Baspiskoposlugu'na hizmet eden Ispanyol piskopos Diego de Landa tarafindan üstlenilenlerdi. De Landa'nin küçük bir yerlesim yeri olan Mani'de bir engizisyon düzenledigi ve yerli dinin kökünü kazimak amaciyla Maya idollerinin yani sira nadir yazili kodeksleri de yaktigi söylenir. Yaptiklari yaygin olarak küçümsense de, De Landa bazi tarihçiler tarafindan Maya dinini ve dilini ilk elden gözlemledigi ve aralarinda seyahat ettigi için kendi ayrintili kayitlarini tuttugu belirtilmektedir.</Text>
    </Row>
    <Row Tag="TXT_KEY_NEWWORLD_SCENARIO_CIV5_MAYA_TEXT_12">
      <Text>Günümüzde Meksika, Belize, Guatemala, Honduras ve El Salvador'un bazi bölgelerinde yasayan tahminen yedi milyon çagdas Maya vardir ve bunlarin çogu kültürel miraslarinin bazi yönlerini hala korumaktadir. Mayalari birbirinden ayiran 20'den fazla farkli dil olmasina ragmen, atalari gibi ortak bir kültür ve gelenekle birlesmislerdir ve birlikte antik Maya mirasini kutlamaya devam etmektedirler.</Text>
    </Row>
    <Row Tag="TXT_KEY_NEWWORLD_SCENARIO_CIV5_NETHERLANDS_TITLE">
      <Text>Hollanda</Text>
    </Row>
    <Row Tag="TXT_KEY_NEWWORLD_SCENARIO_CIV5_NETHERLANDS_FACTOID_HEADING">
      <Text>Bilgi Notlari</Text>
    </Row>
    <Row Tag="TXT_KEY_NEWWORLD_SCENARIO_CIV5_NETHERLANDS_FACTOID_TEXT">
      <Text>Hollanda'nin en büyük ihracatlarindan biri olan laleler, ülke genelinde toplu olarak üretilmektedir. Hollanda'nin 17. yüzyildaki ekonomik gücünün zirvesindeyken, "Lale Cilginligi" olarak bilinen bir olay lale ticaretinde yaygin spekülasyon ve fiyat manipülasyonunu tesvik etmis, nadir lale türlerinin fiyatlarini astronomik seviyelere çikarmis ve sonunda çökmüstür. [NEWLINE][NEWLINE]Ilk kez 1873 yilinda Amsterdam'da üretilen ve tüm dünyada tüketilen Heineken Birasi, kendine özgü yesil ve kirmizi etiketiyle bugün Hollanda'nin imza ürünü olarak taninmaktadir. [NEWLINE][NEWLINE] "Hollanda" adinin, "Ormanlik Alan" veya "Agaçlik Ülke" anlamina gelen Hollandaca "holtland" teriminden türedigi söylenmektedir.</Text>
    </Row>
    <Row Tag="TXT_KEY_NEWWORLD_SCENARIO_CIV5_NETHERLANDS_HEADING_1">
      <Text>Tarih</Text>
    </Row>
    <Row Tag="TXT_KEY_NEWWORLD_SCENARIO_CIV5_NETHERLANDS_HEADING_2">
      <Text>Cografya ve Iklim</Text>
    </Row>
    <Row Tag="TXT_KEY_NEWWORLD_SCENARIO_CIV5_NETHERLANDS_HEADING_3">
      <Text>Tarih Öncesi</Text>
    </Row>
    <Row Tag="TXT_KEY_NEWWORLD_SCENARIO_CIV5_NETHERLANDS_HEADING_4">
      <Text>Roma Isgali</Text>
    </Row>
    <Row Tag="TXT_KEY_NEWWORLD_SCENARIO_CIV5_NETHERLANDS_HEADING_5">
      <Text>Frizyalilar ve Franklar</Text>
    </Row>
    <Row Tag="TXT_KEY_NEWWORLD_SCENARIO_CIV5_NETHERLANDS_HEADING_6">
      <Text>Degisen Imparatorluklar</Text>
    </Row>
    <Row Tag="TXT_KEY_NEWWORLD_SCENARIO_CIV5_NETHERLANDS_HEADING_7">
      <Text>Güç Geçisleri</Text>
    </Row>
    <Row Tag="TXT_KEY_NEWWORLD_SCENARIO_CIV5_NETHERLANDS_HEADING_8">
      <Text>Protestan Reformu</Text>
    </Row>
    <Row Tag="TXT_KEY_NEWWORLD_SCENARIO_CIV5_NETHERLANDS_HEADING_9">
      <Text>Ispanya'ya karsi ayaklanma</Text>
    </Row>
    <Row Tag="TXT_KEY_NEWWORLD_SCENARIO_CIV5_NETHERLANDS_HEADING_10">
      <Text>Ticaretin Hakimiyeti</Text>
    </Row>
    <Row Tag="TXT_KEY_NEWWORLD_SCENARIO_CIV5_NETHERLANDS_HEADING_11">
      <Text>Deniz Hakimiyeti için Mücadeleler</Text>
    </Row>
    <Row Tag="TXT_KEY_NEWWORLD_SCENARIO_CIV5_NETHERLANDS_HEADING_12">
      <Text>Kralligin Kurulusu</Text>
    </Row>
    <Row Tag="TXT_KEY_NEWWORLD_SCENARIO_CIV5_NETHERLANDS_HEADING_13">
      <Text>Dünya Savaslari</Text>
    </Row>
    <Row Tag="TXT_KEY_NEWWORLD_SCENARIO_CIV5_NETHERLANDS_HEADING_14">
      <Text>Modern Hollanda</Text>
    </Row>
    <Row Tag="TXT_KEY_NEWWORLD_SCENARIO_CIV5_NETHERLANDS_HEADING_15">
      <Text>Kültürel Ikonlar</Text>
    </Row>
    <Row Tag="TXT_KEY_NEWWORLD_SCENARIO_CIV5_NETHERLANDS_TEXT_1">
      <Text>Genellikle sadece "Hollanda" olarak anilan Hollanda Kralligi, birçok hirsli imparatorlugun etkisi altinda, kuzey Avrupa'nin küçük bir eyaletinden dünyanin önde gelen ticaret merkezlerinden biri haline geldi.  Romalilarin fetihleri, daha sonra Franklarin yükselisi ve nihayetinde Kutsal Roma Imparatorlugu ile baslayan Hollanda, genisleyen Avrupa kralliklarinin sik sik hedefi haline geldi. Ancak hiçbiri, Kral Philip yönetimindeki Hollandali Protestanlara uyguladiklari zulüm Seksen Yil Savaslari'nin patlak vermesine dogrudan katkida bulunan Ispanyol Habsburglar kadar büyük bir iz birakmayacakti. Yaklasik bir asir süren bagimsizlik mücadelesinde Hollanda vatandaslarini Ispanyol efendileriyle karsi karsiya getiren bu savasta, Ispanyol egemenliginden kurtulan Hollanda halki kendi ulusal kimliklerini olusturmak için yorulmadan çalisti. Yeni cumhuriyet büyüyerek önde gelen bir ekonomik güç haline gelirken, yeni kurulan ulustan birçok büyük kültürel ve bilimsel sahsiyet yetisti.</Text>
    </Row>
    <Row Tag="TXT_KEY_NEWWORLD_SCENARIO_CIV5_NETHERLANDS_TEXT_2">
      <Text>Hollanda Kralligi, Kuzey Avrupa kiyilari boyunca uzanirken, Karayip Denizi'ndeki Aruba, Curacao ve Sint Maarten bölgelerini de yönetmektedir. Hollanda'nin Avrupa'daki vilayetlerinin rakimi son derece düsüktür ve bölgenin büyük bir kismi genis çapli bentler kullanilarak denizden geri kazanilmistir. ABD'nin New Jersey eyaletinin yaklasik iki kati büyüklügündeki nispeten küçük yüzölçümüne ragmen Hollanda 16 milyondan fazla insana ev sahipligi yapmaktadir. Mevcut minimum arazi nedeniyle, Hollanda halkinin çogu baskent Amsterdam da dahil olmak üzere yogun sehir merkezlerinde ikamet ettiginden, Hollanda uzun bir kentsel planlama ve kalkinma tarihi olusturmustur.</Text>
    </Row>
    <Row Tag="TXT_KEY_NEWWORLD_SCENARIO_CIV5_NETHERLANDS_TEXT_3">
      <Text>MÖ 1. yüzyilda Romalilarin gelisinden önce Hollanda bölgesinde çok çesitli Cermen kabileleri yasiyordu. Basta Iskandinavya olmak üzere civar bölgelerden göç eden bu kabileler, kökenleri Avusturya ve Almanya'ya dayanan Keltlerin de ilk torunlariydi. Bu kabileler arasinda, Ren Nehri kiyisindaki bir adada yasayan Bataviler en güçlü ve korkulan kabileler arasindaydi. Batavilerin ticarette ya da zanaatta çok basarili olduklari bilinmese de, sadece savastaki ünleri bile çevredeki kabileler arasindaki baskin konumlarini saglamlastirmaya yetiyordu.</Text>
    </Row>
    <Row Tag="TXT_KEY_NEWWORLD_SCENARIO_CIV5_NETHERLANDS_TEXT_4">
      <Text>Romalilar tarafindan Germania Inferior eyaleti olarak bilinen Hollanda'nin en güney bölgesi, MS 1. yüzyilda Roma ordusu tarafindan isgal edilmistir. Julius Caesar'in "Galya Savaslari Üzerine Yorumlar" adli eserinde belgeledigi üzere, Batavi kabilesinin Romalilarin Avrupa'daki seferleri sirasinda parali asker olarak Romalilarin yaninda savastigi söylenmektedir. Bataviler sonunda giderek kisitlanan Roma kontrolüne karsi isyan etmis ve bu da boyun egmelerine yol açmistir. Roma kuvvetleri, imparatorlugun bir bütün olarak çöküsüne kadar yaklasik 400 yil boyunca bölgeyi tartismasiz bir sekilde kontrol etti.</Text>
    </Row>
    <Row Tag="TXT_KEY_NEWWORLD_SCENARIO_CIV5_NETHERLANDS_TEXT_5">
      <Text>Bu döneme ait yazili kayitlar az olsa da, Roma Imparatorlugu'nun çöküsünü takiben, Romalilarin bir zamanlar Hollanda'da isgal ettigi topraklar hizla Franklar ve Frizyalilar tarafindan yutuldu. Her ne kadar bu kabile gruplari yüzyillardir bölgede yasamis olsalar da, bir zamanlarin güçlü Romalilarinin yokluguyla, genisleme firsatlari artik büyük ölçüde artmisti. Franklarin Imparatorlugu, kuzey kiyisinda yer alan Frizya Kralligi disinda neredeyse tüm Hollanda ve Almanya'yi kapsadi. Bu kadar yakin sinirlar içinde yasayan Franklar ve Frizyalilar sonunda amansiz rakipler haline geldi ve toprak anlasmazliklarini bir dizi savasla çözdüler. 734 yilinda Franklarin Boarn Savasi'ndaki zaferi, Friz Kralligi'nin dagilmasina ve Frank Imparatorlugu'na katilmalarina isaret ediyordu. Daha sonra Italya'nin fethi ve Sarlman yönetimindeki Frank genislemesi, gelecek yüzyillarda Hollanda'nin egemenligi altina girecegi Fransa ve Almanya da dahil olmak üzere gelecekteki birçok kralligin temellerini olusturdu.</Text>
    </Row>
    <Row Tag="TXT_KEY_NEWWORLD_SCENARIO_CIV5_NETHERLANDS_TEXT_6">
      <Text>Sarlman'in 814'teki ölümünün ardindan Frank Imparatorlugu Orta, Dogu ve Bati Frank kralliklari olmak üzere üçe bölündü. Hollanda'nin büyük bölümü I. Lothair'in yönetimi altinda Orta Krallik'in bir parçasi haline geldi. Bir zamanlarin genis imparatorlugunun bölünmesi ayni zamanda her ikisi de Hollanda'da nüfuz ve toprak için savasan Almanya (Kutsal Roma Imparatorlugu olacak) ve Fransa Kralliklarinin kurulmasina yol açti.  Bölgenin büyük bir kismi MS 15. Yüzyil boyunca Kutsal Roma Imparatorlugu'nun egemenligi altinda kalirken, Fransiz kraliyet ailesinin bir kolu olan Burgonya Dükleri, Hollanda'yi ele geçirme gözüyle bakmaya basladilar. [NEWLINE][NEWLINE] Ayni zamanda bu dönemde Hollanda'yi vuran, binlerce kisinin ölümüne ve ülkedeki altyapinin çogunun tahrip olmasina neden olan korkunç sel felaketlerinin ilki yasandi. 1287 yilinda Hollanda'yi vuran Aziz Lucia seli 50.000'den fazla insanin ölümüne ve küçük bir gölün Kuzey Denizi'nin Zuiderzee olarak bilinen bir girisine dönüsmesine neden oldu. Zuiderzee'nin Kuzey Denizi ile baglantisi ancak 20. yüzyilda kesilmis ve tatli su gölü eskiden oldugu gibi yeniden kurulmustur.</Text>
    </Row>
    <Row Tag="TXT_KEY_NEWWORLD_SCENARIO_CIV5_NETHERLANDS_TEXT_7">
      <Text>14. ve 15. yüzyillar boyunca Hollanda ve komsu Belçika, Burgonya düklerinin neredeyse tamamen kontrolü altina girdi. Fransiz dükleri 1400'ler boyunca evlilik ve miras yoluyla, dikkatlice zamanlanmis satin almalarla ve ilhaklarla Hollanda'nin Asagi Ülkesi'nde sürekli olarak daha fazla toprak elde ettiler. [NEWLINE][NEWLINE] Hollanda'daki Burgonya topraklari, Burgonyali Mary'nin Avusturya Dükü I. Maximilian ile evliligi yoluyla Habsburg Hanedani'na miras kaldi. Burgonya topraklarinin mirasi Fransa Krali tarafindan tartisilsa da, topraklar sonunda Mary'nin oglu I. Phillip'e geçerek iktidarin Habsburglara geçmesini sagladi.[NEWLINE][NEWLINE]1521'de Habsburg Hanedani Ispanyol ve Avusturyali Habsburg aileleri arasinda bölündü  Ispanyol Habsburglar Hollanda'nin kontrolünü ellerinde tutarken, Avusturyalilar da Kutsal Roma Imparatorlari olarak Almanya ve çevresindeki bölgeyi ellerinde tuttular.</Text>
    </Row>
    <Row Tag="TXT_KEY_NEWWORLD_SCENARIO_CIV5_NETHERLANDS_TEXT_8">
      <Text>Roma Katolikliginin geleneksel otoritesinin sorgulanmaya baslandigi Avrupa'daki Protestan Reformu sirasinda Protestan hareketi Hollanda'da saglam bir yer edinmistir.  Protestan inançlarin Hollanda'da yayilmasi, basta V. Charles olmak üzere ülkenin Katolik yöneticileri ve daha da önemlisi oglu Ispanya Krali Philip II için büyük endise kaynagi oldu. Kral Philip'in Hollandali Protestanlara karsi giderek artan zulmü, ilerleyen yillarda Hollanda halki arasinda hosnutsuzlugun artmasina yol açacakti.</Text>
    </Row>
    <Row Tag="TXT_KEY_NEWWORLD_SCENARIO_CIV5_NETHERLANDS_TEXT_9">
      <Text>Philip'in politikalarina duyulan kizginlik tüm Hollanda'ya yayilirken, Hollanda isyaninin en önde gelen figürü olan Orange'li William, dini hosgörünün sesli bir savunucusu olarak ortaya çikti. William'in kendisi de Protestan olarak yetistirilmis, ancak soylu yetistirilme tarzinin bir parçasi olarak Katoliklige geçmistir. Dini görüslerine ragmen, tüm insanlarin kendi inançlarini uygulama hakkina sahip olduguna kesinlikle inaniyordu. William Hollandali bir soylu oldugu ve Ispanya'ya sadik bir tebaa olarak hizmet ettigi için baslangiçta krala karsi gelmekte tereddüt etti. Ancak Philip Hollandalilarin endiselerini gidermek için hiçbir girisimde bulunmayinca William'in eli zorlandi.  1567 yilina gelindiginde küçük isyanlar baslamisti ve ayaklanmayi finanse etmeyi ve Philip'e sirtini dönmeyi seçen William, Ispanya tarafindan kanun kaçagi ilan edildi.[NEWLINE][NEWLINE]William ordusunu Ispanya'ya karsi açik savasta birkaç zafere götürdükten sonra, 1581 yilinda kurtarilmis kuzey topraklarinda Yedi Birlesik Eyalet Cumhuriyeti kuruldu. Ancak bu ilk basarilar, Seksen Yil Savaslari olarak bilinen ve Ispanya kralinin güney Hollanda topraklarinin kontrolünü elinde tutmaya devam ettigi uzun bir çatismanin baslangicina isaret ediyordu. Orange'li William 1584 yilinda Kral Philip'e sadik bir Katolik yandasi tarafindan öldürüldü ve savas Hollanda Cumhuriyeti'nin tamaminin Ispanyol kontrolünden kurtuldugu 1648 yilina kadar devam etti.</Text>
    </Row>
    <Row Tag="TXT_KEY_NEWWORLD_SCENARIO_CIV5_NETHERLANDS_TEXT_10">
      <Text>Seksen Yil Savaslari'nin ve kuzeyde Hollanda Cumhuriyeti'nin kurulmasinin ardindan Hollanda kisa sürede Avrupa'da ticaretin hâkim merkezi haline geldi. Dünyanin ilk çok uluslu sirketi olan Hollanda Dogu Hindistan Sirketi'nin öncülügünde Hollandali tüccarlar yeni ticaret yollari kurdu ve dünyanin dört bir yanina koloniler yerlestirdi. "Hollanda Altin Cagi" olarak bilinen bu dönem ayni zamanda Hollanda'da bilimsel ilerlemelerin, askeri yeniliklerin ve gelisen bir sanat ve müzik kültürünün hizla yükselisine taniklik etti.</Text>
    </Row>
    <Row Tag="TXT_KEY_NEWWORLD_SCENARIO_CIV5_NETHERLANDS_TEXT_11">
      <Text>Ingiltere, Hollanda'nin Ingiliz, Fransiz ve Ispanyol kolonileriyle yaptigi ticaretin Ingiliz ticaret çabalarini ve kârliligini engellemesinden giderek daha fazla endise duymaya baslayinca, 1651 yilinda Ingiliz Parlamentosu tarafindan kabul edilen bir dizi yasa, Hollanda gemiciliginin kapsamini kontrol etmeye çalisti. Seyrüsefer Kanunlari olarak bilinen bu düzenlemeler Hollandalilarin Ingiliz limanlarina erisimini kisitlamayi amaçliyordu. Ingiltere'nin denizleri kontrol etmeye yönelik bu çabalari, 17. yüzyil boyunca süren ve Ingiliz-Hollanda Savaslari olarak bilinen bir dizi çatismaya dogrudan yol açti. Sonraki 100 yil boyunca ve 1700'lerin ortalarina kadar, Hollanda filosunun boyutunu ve gücünü azaltan çok sayida deniz savasinin bir sonucu olarak, Hollanda'nin hem siyasi çevrelerdeki hem de dünya ticaretindeki gücü büyük ölçüde azaldi.</Text>
    </Row>
    <Row Tag="TXT_KEY_NEWWORLD_SCENARIO_CIV5_NETHERLANDS_TEXT_12">
      <Text>Napolyon Savaslari sirasinda, Hollanda bir bütün olarak 1795 yilinda Fransizlar tarafindan ele geçirilmis ve Fransiz Cumhuriyeti'nin bir uydusu olan kisa ömürlü Batavya Cumhuriyeti'nin kurulmasina yol açmistir. Napolyon'un Avrupa'daki fetihlerinin sona erdigini resmen ilan eden Fontainebleau Antlasmasi'nin 1814'te imzalanmasiyla, Hollanda halki Birlesik Hollanda Kralligi'ni kurarak bir kez daha bagimsizliklarini talep edebildi. Kisa bir süre sonra, o zamana kadar Hollanda'nin bir parçasi olarak kabul edilen Belçika, 1830'da kendi bagimsiz ulusunu olusturmak üzere ayrildi.</Text>
    </Row>
    <Row Tag="TXT_KEY_NEWWORLD_SCENARIO_CIV5_NETHERLANDS_TEXT_13">
      <Text>Hollandalilar, egemen bir ulus olarak kendilerini ilk kurduklarindan bu yana, mümkün oldugunca kati bir tarafsizlik politikasini sürdürmek için sürekli çaba sarf etmislerdir. Bu nedenle Hollanda, I. Dünya Savasi olan büyük çatisma boyunca tarafsiz kalmis, savasa silah göndermemis, ancak her iki tarafin savasan taraflariyla ekonomik baglarini sürdürmüstür. [NEWLINE][NEWLINE] Ikinci Dünya Savasi sirasinda Hollandalilar, düsmanliklarin patlak vermesiyle birlikte tarafsizliklarini tekrar ilan etmislerdir. Ancak bu kez Almanya, degerli Hollanda topraklarinin tarafsiz kalmasina izin vermeyecekti. 1940'ta isgal eden Naziler, Hollanda ordusunun ilk direnisiyle karsilasti, ancak Hollanda nihayetinde Üçüncü Reich tarafindan istila edildi ve isgal edildi. Alman isgali sirasinda Hollanda hükümeti ülkeden kaçti ve sürgünde faaliyet göstererek ulusu Nazi güçlerinin kontrolü altinda birakti. Nazi isgali giderek dayanilmaz hale geldikçe Hollanda içinde bir direnis hareketi gelisse de, Naziler yine de binlerce Hollandali Yahudi'nin yani sira, günlügü Holokost'un yaygin olarak okunan bir kronigi haline gelen Anne Frank da dahil olmak üzere Almanya'dan sürgün edilen Yahudileri öldürmekte basarili oldular. [NEWLINE] [NEWLINE] 1944 yilinda, Hollanda'dan Almanya'ya Ren ve Maas nehirleri üzerinden giden köprülerin kontrolünü ele geçirmek amaciyla Müttefikler, Market Garden Operasyonu olarak bilinen tarihin en büyük hava indirme görevlerinden birini baslatti. Müttefikler bölgeye binlerce parasütçü indirdi, ancak görev sinirli bir basariyla sonuçlandi. Müttefik komutanlar kötü hava kosullarini ve iletisim sorunlarini müttefiklerin ilerleyisini engellemekle suçladilar. Sonuç olarak Hollanda, 1945 baharinda Alman kuvvetlerinin nihai teslimiyetine kadar Nazi rejiminin pençesinde kaldi.</Text>
    </Row>
    <Row Tag="TXT_KEY_NEWWORLD_SCENARIO_CIV5_NETHERLANDS_TEXT_14">
      <Text>Modern Hollanda Kralligi, Kraliçe Naibi Beatrix'in yaninda görev yapan seçilmis bir parlamentoya sahip anayasal bir monarsidir. Avrupa Birligi'nin kurucu üyelerinden biri olan krallik, birligin bölgeye barisçil iliskiler ve ekonomik istikrar getirme çabalarina uzun süredir katkida bulunmaktadir. Hollanda'nin üçüncü büyük sehri olan Lahey, hem Hollanda hükümetine hem de Birlesmis Milletler Uluslararasi Adalet Divani'na ev sahipligi yapmaktadir.</Text>
    </Row>
    <Row Tag="TXT_KEY_NEWWORLD_SCENARIO_CIV5_NETHERLANDS_TEXT_15">
      <Text>Hollanda, tarihi boyunca dünyanin en saygin sanatçilarindan, bilim insanlarindan, arastirmacilarindan ve akademisyenlerinden bazilarini yetistirmis ve bunlarin birçogu kendi alanlarinda modern uygulamalarin temellerinin atilmasinda önemli rol oynamistir. Ünlü ressamlar Rembrandt van Rijn ve Vincent Van Gogh Hollandalidir ve bugün eserleri sanat dünyasinda en çok begenilen ve en degerli eserler arasindadir. Satürn'ün halkalarini ilk kesfeden Christiaan Huygens ve "Mikrobiyolojinin Babasi" Antonie van Leeuwenhoek gibi bilim insanlari bilimsel kesiflerin gelecegine muazzam katkilarda bulunmuslardir.</Text>
    </Row>
    <!-- Leaders -->
    <Row Tag="TXT_KEY_CIVILOPEDIA_LEADERS_PACAL_NAME">
      <Text>Pacal</Text>
    </Row>
    <Row Tag="TXT_KEY_CIVILOPEDIA_LEADERS_PACAL_TITLES_1">
      <Text>Kral</Text>
    </Row>
    <Row Tag="TXT_KEY_CIVILOPEDIA_LEADERS_PACAL_SUBTITLE">
      <Text>Mayalarin Lideri</Text>
    </Row>
    <Row Tag="TXT_KEY_CIVILOPEDIA_LEADERS_PACAL_LIVED">
      <Text>603 REKLAM - 683 REKLAM</Text>
    </Row>
    <Row Tag="TXT_KEY_CIVILOPEDIA_LEADERS_PACAL_FACT_1">
      <Text>Pacal ismi Maya dilinde "Kalkan" ya da "Günes Kalkani" anlamina gelmektedir.</Text>
    </Row>
    <Row Tag="TXT_KEY_CIVILOPEDIA_LEADERS_PACAL_HEADING_1">
      <Text>Tarih</Text>
    </Row>
    <Row Tag="TXT_KEY_CIVILOPEDIA_LEADERS_PACAL_HEADING_2">
      <Text>Erken Dönem Yasam</Text>
    </Row>
    <Row Tag="TXT_KEY_CIVILOPEDIA_LEADERS_PACAL_HEADING_3">
      <Text>Palenque'in Gençlestirilmesi</Text>
    </Row>
    <Row Tag="TXT_KEY_CIVILOPEDIA_LEADERS_PACAL_HEADING_4">
      <Text>Tarihin Yargisi</Text>
    </Row>
    <Row Tag="TXT_KEY_CIVILOPEDIA_LEADERS_PACAL_TEXT_1">
      <Text>Yaygin olarak "Büyük Pacal" olarak bilinen Maya krali K'inich Janaab' Pakal belki de tüm Maya hükümdarlari arasinda en ünlüsüdür. Henüz 12 yasindayken tahta çikan ve sonrasinda yaklasik 70 yil boyunca hüküm süren Pacal, Palenque sehir devletini büyük bir kargasa döneminde devralmistir. Hükümdarligini çevreleyen tarihi ayrintilar genellikle bulanik olsa da, Pacal en çok seleflerinin yönetimi sirasinda defalarca yagmalanmis olan harap sehri yeniden canlandirmasiyla taninir. Büyük bir insaat çabasina öncülük eden Pacal, etki alani boyunca muazzam ve dikkat çekici derecede ayrintili yapilarin olusturulmasini denetledi. En ünlüsü, Pacal'in Yazitlar Tapinagi olarak bilinen mezaridir ve kralin hayatinin Maya glifleriyle sunulan karmasik bir sekilde oyulmus tarihini içerir. Sasirtici sayida iyi korunmus yazita sahip olan tapinak, çagdas arkeologlara bu büyük Maya sehrinin bir zamanlar kayip olan tarihi ve kültürü hakkinda önemli bilgiler vermistir.</Text>
    </Row>
    <Row Tag="TXT_KEY_CIVILOPEDIA_LEADERS_PACAL_TEXT_2">
      <Text>Pacal'in annesi Leydi Zac-Kuk, bir Maya sehir devletini bagimsiz olarak yöneten az sayidaki kadindan biriydi. Tipik olarak taç sadece bir kralin ogluna geçerdi, ancak uygun bir erkek varisin yoklugunda liderlik, eski bir kraliçenin torunu olarak tahtta hak iddia eden Leydi Zac-Kuk'a verildi. Pacal resit olana kadar 3 yil hüküm süren geleneksel ataerkil toplumdaki bu alisilmadik sapma, Pacal'in daha sonra saltanatini ve aile soyunun yönetimini mesrulastirma çabalarina dogrudan yol açti.[NEWLINE][NEWLINE]Pacal 615'te tahta geçtiginde, önceki yillarda komsu Calakmul kralliginin sik sik akinlarina hedef olan Palenque sehri çalkantili bir durumdaydi. Saltanatinin baslarinda Palenque'nin rakiplerine açik bir mesaj veren Pacal, Calakmul'a karsi kendi akinci birliklerini gönderdi, liderlerinden birkaçini yakaladi ve saldirilarin cezasi olarak onlari kurban etti.</Text>
    </Row>
    <Row Tag="TXT_KEY_CIVILOPEDIA_LEADERS_PACAL_TEXT_3">
      <Text>Hem Palenque'yi eski ihtisamina kavusturmak hem de yönetiminin mesruiyetini tesis etmek amaciyla Pacal, soyunun erdemlerini öven kabartmalarla sehrin her yerinde büyük anitlarin insasini baslatti. Kont Tapinagi ve sadece "Saray" olarak bilinen büyük merkezi kompleks de dahil olmak üzere bir dizi etkileyici yapi insa edildi  bu yapilar arasinda Maya aleminde görülmemis dört katli tuhaf bir kule bulunuyordu. Yine de, hükümdarligi sirasinda bir araya getirilen birçok yapidan hiçbiri Yazitlar Tapinagi'ni geçemedi. Pacal'in mezari olarak insa edilen basamakli piramidin yapimina hayatinin son yillarinda baslanmis ve halefi Chan Bahlum II döneminde de devam edilmistir.[NEWLINE][NEWLINE]Karmasik oymalar ve hiyeroglif yazilar içeren tapinak en çok Pacal'in süslü lahdini barindirmasiyla bilinmektedir. Ilk kez 1952 yilinda Meksikali arkeologlar tarafindan kesfedilen Pacal'in tapinagin alt katindaki mezarinin duvarlari simdiye kadar bulunan en uzun Maya gliflerini içermektedir. Bugün hala yorum konusu olsa da, glifler Pacal'in ölümüne ve varisinin yükselisine kadar hayatindaki olaylari anlatiyor gibi görünmektedir.[NEWLINE][NEWLINE]Lahitin kendisi, gezegenleri ve çesitli takimyildizlari temsil eden gliflerle özenle detaylandirilmis bir tas kapaga sahiptir. Özellikle bu göksel unsurlar, eski Misir piramitlerini çevreleyen teorilere benzer sekilde, Maya kültürüne dünya disi varliklarin dahil olduguna dair tartismali teorilere katkida bulunmustur. Saygin arastirmacilarin çogu lahdin Pacal'in yeralti dünyasina yaptigi yolculugu tasvir ettigine inanirken, diger kaynaklar bu görüntüyü Pacal'in firlatilmaya hazirlanan bir uzay gemisinin kumandasinda oldugu seklinde yorumlamaktadir. Arkeologlar lahdin içinde, Pacal'in iskelet kalintilarini, maske seklinde ince islenmis bir yesim mozaigi takarken kesfettiler.</Text>
    </Row>
    <Row Tag="TXT_KEY_CIVILOPEDIA_LEADERS_PACAL_TEXT_4">
      <Text>Büyük Pacal, Palenque'de bulunan olaganüstü anitlar ve heykel eserleri nedeniyle tarihçiler tarafindan Maya tarihinin en saygideger liderlerinden biri olarak kabul edilmektedir. Kral oldugu dönemde, sehirde 15 ton agirliga kadar tas gerektiren yaklasik 1000 yapi bir araya getirilmistir. Geçmisi bugün hala aydinlatilmaya çalisilsa da, Palenque kralligini restore etme çabalarinin Mayalar tarafindan simdiye kadar yaratilmis en büyük anit ve sanat eserlerinden bazilarinin bir araya getirilmesine yol açtigini kesin olarak söyleyebiliriz.</Text>
    </Row>
    <Row Tag="TXT_KEY_CIVILOPEDIA_LEADERS_WILLIAM_NAME">
      <Text>William of Orange</Text>
    </Row>
    <Row Tag="TXT_KEY_CIVILOPEDIA_LEADERS_WILLIAM_TITLES_1">
      <Text>Portakal Prensi</Text>
    </Row>
    <Row Tag="TXT_KEY_CIVILOPEDIA_LEADERS_WILLIAM_SUBTITLE">
      <Text>Hollanda Lideri</Text>
    </Row>
    <Row Tag="TXT_KEY_CIVILOPEDIA_LEADERS_WILLIAM_LIVED">
      <Text>MS 1533 - MS 1584</Text>
    </Row>
    <Row Tag="TXT_KEY_CIVILOPEDIA_LEADERS_WILLIAM_FACT_1">
      <Text>William'in lakabi olan "Sessiz William" ile ilgili birçok fikir arasinda iki temel teori vardir. Bunlardan biri, bu lakabin Imparator V. Charles'a ilk hizmet ettigi dönemde devlet meselelerini tartisirken son derece ketum davranmasindan kaynaklandigidir. Digeri ise, genel olarak sakin tavrinin onu görevlerinde sessiz ama zeki tuttugu yönündedir ve mirasi hakkindaki bilgilerimize dayanarak ayni derecede akla yatkindir.</Text>
    </Row>
    <Row Tag="TXT_KEY_CIVILOPEDIA_LEADERS_WILLIAM_FACT_2">
      <Text>William'in soyundan gelen William III, Ingiltere Krali James II'nin tahttan indirildigi Sanli Devrim sirasinda Hollanda'nin Ingiltere'yi isgal etmesinin ardindan Ingiltere Krali oldu.</Text>
    </Row>
    <Row Tag="TXT_KEY_CIVILOPEDIA_LEADERS_WILLIAM_HEADING_1">
      <Text>Tarih</Text>
    </Row>
    <Row Tag="TXT_KEY_CIVILOPEDIA_LEADERS_WILLIAM_HEADING_2">
      <Text>Asil Yetistirilme</Text>
    </Row>
    <Row Tag="TXT_KEY_CIVILOPEDIA_LEADERS_WILLIAM_HEADING_3">
      <Text>Isyanin Kökleri</Text>
    </Row>
    <Row Tag="TXT_KEY_CIVILOPEDIA_LEADERS_WILLIAM_HEADING_4">
      <Text>Ayaklanma Basliyor</Text>
    </Row>
    <Row Tag="TXT_KEY_CIVILOPEDIA_LEADERS_WILLIAM_HEADING_5">
      <Text>Savas Salgini</Text>
    </Row>
    <Row Tag="TXT_KEY_CIVILOPEDIA_LEADERS_WILLIAM_HEADING_6">
      <Text>Bagimsizligin Kökleri</Text>
    </Row>
    <Row Tag="TXT_KEY_CIVILOPEDIA_LEADERS_WILLIAM_HEADING_7">
      <Text>Suikast Girisimleri</Text>
    </Row>
    <Row Tag="TXT_KEY_CIVILOPEDIA_LEADERS_WILLIAM_HEADING_8">
      <Text>Tarihin Yargisi</Text>
    </Row>
    <Row Tag="TXT_KEY_CIVILOPEDIA_LEADERS_WILLIAM_TEXT_1">
      <Text>Yaygin olarak Hollanda'nin hem kurucusu hem de kurtaricisi olarak kabul edilen ve "Sessiz William" olarak da bilinen Orange Prensi William, 16. yüzyilin ortalarinda Hollanda'nin Alçak Ülkeleri üzerinde hakimiyet kuran Ispanyol Habsburg Hanedanligina karsi basarili bir isyana önderlik etmistir. Bir zamanlar Ispanya Krali Philip II'nin sadik bir hizmetkâri olan William, Ispanya'nin Hollandali Protestanlara yönelik zulmünden duydugu hosnutsuzlugun doruga ulasmasiyla birlikte isyanin en önde gelen lideri haline geldi. Soylu arkadaslarini da bu davaya katan William, Ispanyol hükümdarinin gözünde bir kanun kaçagi haline geldi ve 1584'te bir suikastçinin kursununa kurban gitmeden önce Hollanda kuvvetlerine krala karsi bir dizi basarili savasta liderlik etti.</Text>
    </Row>
    <Row Tag="TXT_KEY_CIVILOPEDIA_LEADERS_WILLIAM_TEXT_2">
      <Text>1533'te Nassau Kontu William'in oglu olarak dünyaya gelen William, 11 yasindayken kuzeni Rene'nin, o zamanlar prens olan, unvanini ve topraklarini miras birakacak bir varis birakmadan ölmesi üzerine Orange Prensi unvanini aldi. Bu dönemde Hollanda, Habsburg Monarsisinin lideri olarak hüküm süren ve ayni zamanda Ispanya krali olarak görev yapan Kutsal Roma Imparatoru V. Charles tarafindan kontrol ediliyordu. Bir asilzadeden beklenen tüm egitim ve ögretimi alan William, daha sonra Imparator'un sarayinin gözde bir üyesi haline geldi. Imparatorun Ispanyol taciyla olan baglantisi, William'in gelecekte Hollanda'nin kontrolünü Ispanya'dan alma çabalarinda önemli bir rol oynayacakti.[NEWLINE][NEWLINE]Orduda terfi eden William, yirmili yaslarinin basinda Imparatorluk ordusunda komutan olmus ve ayni zamanda Imparatorun danismani olarak çesitli diplomatik görevlerde bulunmustu. Ancak, William'in Imparator'un gözüne girmesi inancina mal oldu, çünkü Lutherci yetistirilme tarzi, iktidara yükselmesini kolaylastirmak için Roma Katolikligi lehine terk edildi.</Text>
    </Row>
    <Row Tag="TXT_KEY_CIVILOPEDIA_LEADERS_WILLIAM_TEXT_3">
      <Text>Charles, 1555 yilinda Ispanya tacini oglu Philip II'ye birakti. Philip, yönetimi altindaki Protestanlarin yasamlarini acimasizca hiçe saymasiyla, inançlarina karsi çok az empati göstermesiyle ve Reform'a karsi Engizisyon'un yetkilerini genisletmesiyle taniniyordu. William yeni kralina hizmet ederken, Protestanlari ne pahasina olursa olsun yok etmekten çekinmeyen Philip'in gerçek niyetini anlamaya basladi. William egitiminin bir parçasi olarak Katolikligi benimsemis olsa da, bir Lutheran olarak yetistirildi ve hala insanlarin kendi inançlarini takip etme hakkina siki sikiya inaniyordu. Rivayete göre William, bir av gezisindeyken Philip ile Fransa Krali 2. Henry arasinda geçen ve her iki kralliktaki Protestanlarin gelecekte yok edilmesini tartisan bir konusmaya kulak misafiri olur. Bu olayin William'in Philip'e ve Hollanda'nin Ispanyol kontrolüne karsi çikma kararini tetikledigi söylenir. [NEWLINE] [NEWLINE] Philip, Hollanda'daki yerlesik Protestanlari bastirmak ve onlari sürgüne ya da daha kötüsüne sürüklemek için bir "levhalar" sistemi tasarladi. Bu levhalar, Lutherci ve Kalvinist inançlarin uygulanmasini iskence ve ölümle cezalandirilabilecek bir suç haline getiren fermanlar olarak hizmet etti. Zulüm o kadar asiriydi ki birçok Hollandali Katolik, Philip'in politikalarina karsi çikan Protestanlara katildi. [NEWLINE][NEWLINE] William, krali kamuoyu önünde açikça elestirmeye basladi, bu konudaki görüslerini açikça ortaya koydu ve digerlerini Philip'in baskici politikalarina karsi çikmaya tesvik etti. 1566'da Hollanda'daki asilzadelerden olusan Soylular Uzlasmasi, Ispanyol kral naibi Parma'li Margaret'e Hollanda'daki Protestanlara yönelik zulmün sona erdirilmesi için dilekçe verdi. Barisçil bir çözüm için gösterdikleri çabalara ragmen, Philip iletilen dilekçeyi reddetti ve buna karsilik olarak ikonoklazm Hollanda topraklarina yayildi ve Protestan isyancilar tarafindan ülke genelinde Katolik ikonalarin tahrip edilmesine yol açti.</Text>
    </Row>
    <Row Tag="TXT_KEY_CIVILOPEDIA_LEADERS_WILLIAM_TEXT_4">
      <Text>Ikonoklazmin yayilmasi ve yasaklanmis Protestan ibadetinin halka açik gösterilerinin artmasi üzerine Philip, "Demir Dük" olarak bilinen Alba Dükü Fernando Alvarez de Toledo'yu ayaklanmayi bastirmasi ve isyancilarla ilgilenmesi için Hollanda'ya gönderdi. Dük oraya vardiginda, isyancilarin ve liderlerinin yargilanmasi ve cezalandirilmasini denetlemek üzere, daha sonra Protestanlar arasinda "Kan Konseyi" olarak bilinen Sorunlar Konseyi'ni kurdu. Konseye çagrilanlarin birçogu, William'in kendisi de dahil olmak üzere saklandi, ancak yaklasik 1000 ya da daha fazla Protestanin Demir Dük'ün ellerinde yargilandigi ve idam edildigi söyleniyor.</Text>
    </Row>
    <Row Tag="TXT_KEY_CIVILOPEDIA_LEADERS_WILLIAM_TEXT_5">
      <Text>Ayaklanmayi Nassau'daki evinden finanse ederken, William ve isyancilar Ispanyollara birden fazla cephede saldirmak için çesitli ordular kurdular. Ispanyollara direnen Protestan sürgünler ve Hollandali asilzadelerden olusan grup "Geuzen" ya da "Dilenciler" olarak bilinmeye basladi ve en önde gelen güç "Watergeuzen" - Deniz Dilencileri oldu. William servetini Deniz Dilencileri'ni finanse etmek ve gemilerini donatmak için kullanmis, onlar da korsanlik yaparak Hollanda'nin kiyi kentlerine baskinlar düzenlemislerdir[NEWLINE][NEWLINE]William'in kardesi Nassau'lu Louis, parali askerlerden ve Fransiz Huguenot'lardan (Fransiz Protestanlar) olusan bir orduyu, kendisi de hala Philip'e sadik bir Hollandali asilzade olan Jean de Ligne komutasindaki bir Ispanyol kuvvetine karsi yönetmistir. 1568'de Hollanda'nin kuzeyindeki Groningen eyaletinde Heiligerlee Savasi'nda karsilasan Louis, Ispanyol ordusunu bozguna ugratti ve Jean de Ligne öldürüldü. Ne yazik ki, William ve Louis'in ikinci kardesi Adolph da Hollanda süvarilerine liderlik ederken öldürüldü. Bu tarihi savas, tarihçiler tarafindan Hollanda'nin bagimsizligi için yapilan büyük çatisma olarak bilinen Seksen Yil Savaslari'nin baslangici olarak kabul edilir. [NEWLINE][NEWLINE]Kisa bir süre sonra Jemmingen Savasi'nda Louis'in ordusu Groningen sehrini ele geçirmeye çalisirken Ispanyol kuvvetleri tarafindan ezildi ve geri çekilmek zorunda kaldi. William bizzat hücuma geçerek Hollanda kuvvetlerinden olusan bir orduyu birçok zafere tasidi ve Hollanda genelinde giderek daha fazla sehir Ispanyol kontrolünden çiktikça Hollanda halkina ilham verdi. Sonraki on yil boyunca kuzey topraklarinin çogunu ele geçiren ve kontrol eden Hollandalilarin kazanimlarina ragmen, Ispanyollar güney Hollanda'yi siki bir sekilde tutmaya devam etti.</Text>
    </Row>
    <Row Tag="TXT_KEY_CIVILOPEDIA_LEADERS_WILLIAM_TEXT_6">
      <Text>1573 yilinda Utrecht Birligi, belgenin adini tasiyan kuzey Hollanda kentinde imzalandi ve Kuzey eyaletlerini Ispanya'ya karsi birlestirdi. Henüz tam bagimsizliklarini kazanmamis olsalar da, bu birlik bölgenin Ispanya tarafindan yönetilmesinin reddedilmesinde bir dönüm noktasi olmustur. Ispanya güney bölgelerini hala kontrol ediyor olsa da, 1581'de Abjuration Act nihayet Alçak Ülkelerin Philip'in yönetiminden bagimsizliginin resmi bir beyani olarak hizmet etti. Ne yazik ki William, Hollanda'nin tümüyle Ispanya'nin elinden kurtuldugunu görecek kadar yasayamayacakti.</Text>
    </Row>
    <Row Tag="TXT_KEY_CIVILOPEDIA_LEADERS_WILLIAM_TEXT_7">
      <Text>Kral Philip tarafindan basina büyük bir ödül konulan William'in hayatina yönelik ilk girisim, Ispanyol Juan de Jauregui'nin 1582 yilinda William'a ates ederek onu boynundan yaralamasiyla gerçeklesti. William agir yaralanmasina ragmen hayatta kalmayi basardi, ancak yavas iyilesmesi isyana katilimini sinirladi. Iki yildan kisa bir süre sonra William yine bir suikastçinin, bu kez Balthasar Gerard adli bir Fransiz Roma Katoliginin saldirisina ugradi. William'a evinde saldiran Balthasar üç el ates etti ve ölümcül darbe William'in gögsüne isabet etti.[NEWLINE][NEWLINE]Ilerleyen günlerde Balthasar yargilandi ve ölüme mahkum edildi. Cezasi, bütün bir hafta boyunca süren iskenceydi. Balthasar'in tek tesellisi sonunda kafasi kesildiginde geldi.</Text>
    </Row>
    <Row Tag="TXT_KEY_CIVILOPEDIA_LEADERS_WILLIAM_TEXT_8">
      <Text>William bugün hem Hollanda bagimsizlik hareketinin hem de bugünkü egemen ulusun kurucusu olarak saygi görmektedir. Hollanda halkina Ispanyol yönetimine ve Hollandali Protestanlarin maruz kaldigi ihlallere karsi ayaklanmalari için ilham veren William, herkesin kendi inançlarini takip etmesine izin verilmesinin adil oldugunu düsünen aydinlanmis bir bakis açisi ugruna hayatini feda etmistir.</Text>
    </Row>
    <!-- Promotions-->
    <Row Tag="TXT_KEY_NEWWORLD_SCENARIO_PROMOTION_WITHDRAW_BEFORE_MELEE_HELP">
      <Text>Birim yakin dövüs saldirisiyla karsilastiginda geri çekilir. Hizli düsman birimlerine karsi veya birimin arkasinda sinirli açik karo varsa geri çekilme sansi azalir.</Text>
    </Row>
    <!-- Improvements-->
    <Row Tag="TXT_KEY_NEWWORLD_SCENARIO_BUILDING_MAYA_PYRAMID_STRATEGY">
      <Text>Piramit, Tapinagin yerini alan, Mayalara özgü bir Antik dönem yapisidir. Bir sehrin [ICON_RESEARCH] Bilim ve [ICON_PEACE] Inancini artirir, Arastirmayi ve medeniyetin Dinleri edinmesini hizlandirir.</Text>
    </Row>
    <Row Tag="TXT_KEY_NEWWORLD_SCENARIO_CIV5_BUILDINGS_MAYA_PYRAMID_TEXT">
      <Text>Piramit seklindeki bu etkileyici yapilar, Mayalar tarafindan yaklasik 3.000 yil önce tören amaçli olarak insa edilmistir.  Mayali ustalar binanin her tasini elle oyarak yapilara "basamakli" bir görünüm kazandirmislardir.  Uzun bir merdiven piramidin bir yanindan yukari dogru uzanir ve tepede genellikle Maya tanrilarindan birine adanmis küçük bir tapinaga çikar.  En büyük Maya Piramidi El Mirador'da bulunmaktadir ve yüksekligi yaklasik 260 fittir.  Hacim olarak (yaklasik 99 milyon fit küp) dünyanin en büyük piramitlerinden biridir.</Text>
    </Row>
    <Row Tag="TXT_KEY_NEWWORLD_SCENARIO_CIV5_IMPROVEMENTS_POLDER_HELP">
      <Text>Polder sadece Taskin Ovalari ve Batakliklar üzerine insa edilebilir. Gida üretimini aninda artirir. Ayrica Ekonomi arastirildiktan sonra +1 [ICON_PRODUCTION] Üretim ve +2 [ICON_GOLD] Altin saglar.</Text>
    </Row>
    <Row Tag="TXT_KEY_NEWWORLD_SCENARIO_CIV5_IMPROVEMENTS_POLDER_TEXT">
      <Text>Polder, suyu bosaltilmis, etrafi setlerle çevrili alçak bir arazidir. Genel olarak polder, bir gölden veya deniz yatagindan, taskin ovalarindan veya batakliklardan geri kazanilan arazidir. Zamanla, drene edilen arazi alçalir, böylece tüm polder sonunda çevredeki su seviyesinin altinda kalir. Bu nedenle, drene edilen alana su sizar ve pompalanmasi ya da baska bir sekilde tahliye edilmesi gerekir. Bentler genellikle toprak ya da kum gibi kolayca bulunabilen malzemelerden yapilir  modern zamanlarda bu bariyerler betonla kaplanabilir ya da tamamen betondan olusabilir. Drene edilen arazi son derece verimlidir ve mükemmel bir otlak ya da ekim alani olusturur. [NEWLINE][NEWLINE] Suya karsi bariyer olarak setler insa etmek Romalilara kadar uzansa da, ilk islah edilmis arazi setleri MS 11. yüzyilda insa edilmistir. Hollandalilar batakliklari, çimenlikleri ve hatta deniz tabanini islah etme konusunda uzun bir geçmise sahiptir ve Avrupa'daki polder alanlarinin yarisina sahiptir. Avrupa'nin diger ülkelerinde polderler olmasina ve Asya ve Kuzey Amerika'da örnekler bulunmasina ragmen, Hollanda'da ülke topraklarinin yaklasik yüzde 27'sini olusturan 3000 polder bulunmaktadir. Amsterdam'in kendisi de büyük ölçüde polderler üzerine insa edilmistir. Hollandalilarin vaazinda belirtildigi gibi, "Tanri dünyayi yaratti, ama Hollandalilar Hollanda'yi yaratti."</Text>
    </Row>
    <Row Tag="TXT_KEY_NEWWORLD_SCENARIO_BUILD_POLDER">
      <Text>Polder Insa Etmek</Text>
    </Row>
    <!-- Policies -->
    <Row Tag="TXT_KEY_NEWWORLD_SCENARIO_POLICY_CITIZENSHIP">
      <Text>Vatandaslik</Text>
    </Row>
    <Row Tag="TXT_KEY_NEWWORLD_SCENARIO_CIV5_POLICY_CITIZENSHIP_HEADING">
      <Text>Vatandaslik</Text>
    </Row>
    <!-- Units -->
    <Row Tag="TXT_KEY_NEWWORLD_SCENARIO_CIV5_PRIVATEER_STRATEGY">
      <Text>Korsan, Avrupali güçler savas ilan etmeden önce arastirilmasi gereken Korsanlik teknolojisinden elde edilebilen bir birimdir. Düsman gemilerine saldirmak ve hazine birimlerini çalmak için Korsanlari kullanin.</Text>
    </Row>
    <Row Tag="TXT_KEY_NEWWORLD_SCENARIO_CIV5_PRIVATEER_TEXT">
      <Text>Bir sonraki kurbanini aramak için denizlerde dolasan korsan, savas zamanlarinda düsman gemilerine baskin düzenlemek için hükümdarindan teminat mektubu alan yasal korsandir.  Bir korsanin ana hedefi düsmanin ticaret yollarini kesmek, ekonomisine ya da donanma ve ordusunu donatma kabiliyetine zarar vermekti. Özel korsan genellikle kendi gemisine sahip, hazir mürettebati olan, denizleri ve ticaret yollarini bilen girisimci bir tüccardi.  Genelde korsanlar tek baslarina çalisirlardi, ancak bazen bir araya gelerek daha büyük filolar olusturup bazi agir markalari alt ederlerdi. [NEWLINE] [NEWLINE] Korsanin amaci düsman gemisini batirmak degil, sadece onu ve mallarini ele geçirmekti.  Ganimet genellikle açik artirmayla satilir ve elde edilen gelir korsan, herhangi bir finansal yatirimci ve kraliyet arasinda paylastirilirdi.</Text>
    </Row>
    <Row Tag="TXT_KEY_NEWWORLD_SCENARIO_CIV5_PRIVATEER_HELP">
      <Text>Rönesans Dönemi deniz birimi Avrupali güçlere saldirmak ve hazineleri çalmak için kullanilirdi.</Text>
    </Row>
    <Row Tag="TXT_KEY_CIV5_NEWWORLD_SCENARIO_COMANCHE_RIDERS_STRATEGY">
      <Text>Komançi Süvarileri yalnizca Amerikalilar tarafindan Ovalarin Atlilari politikasi kapsaminda kullanilabilir. Dolunay Vurucusu (+1 Hareket) ve Hayatta Kalma I (dost bölge disinda tur basina +5 HP iyilestirme ve +%25 Savunma) terfilerine sahiptir. Diger dinleri sehre yaymaya çalisan Misyonerlerden korumak için bir sehrin içine veya bitisigine yerlestirilebilir. Bu birim stratejik bir kaynak gerektirmez. (Amerikalilara Avrupalilar tarafindan verilen silah ve atlari temsil eder)</Text>
    </Row>
    <Row Tag="TXT_KEY_CIV5_NEWWORLD_SCENARIO_COMANCHE_RIDERS_HELP">
      <Text>Askeri ve dini birimlere karsi hizli saldiri ve savunmada uzmanlasmis atli birim. Sadece Amerikalilar tarafindan Ovalarin Atlilari politikasi benimsenerek alinabilir.</Text>
    </Row>
    <Row Tag="TXT_KEY_CIV5_NEWWORLD_SCENARIO_GREAT_ADMIRAL_STRATEGY">
      <Text>Büyük Amiral, ayni altigendeki ve komsu altigendeki tüm deniz ve gemi birimlerini aninda onarma yetenegine sahiptir. Büyük Amiral, Büyük Tüccar'in "ticaret görevi "nin daha zayif bir versiyonunu gerçeklestirebilir. Büyük Amiral bu eylemlerden herhangi birini gerçeklestirirken tüketilir. Büyük Amiral ayrica 2 karo içindeki oyuncuya ait tüm donanma birimlerine %15 savas bonusu saglar. Büyük Amiral bu bonusu saglarken tüketilmez.</Text>
    </Row>
    <Row Tag="TXT_KEY_UNIT_NEWWORLD_SCENARIO_HELP_INQUISITOR">
      <Text>Sehirlerden diger dinleri kaldirmak için kullanilir. Sadece [ICON_PEACE] Inanç ile satin alinarak elde edilebilir. [COLOR_POSITIVE_TEXT]Bakim gerektirmez. [ENDCOLOR]</Text>
    </Row>
    <Row Tag="TXT_KEY_CIV5_NEWWORLD_SCENARIO_LANCER_STRATEGY">
      <Text>Lancer, Sövalye'den sonra gelen Rönesans atli birimidir. Sövalyeden daha hizli ve daha güçlüdür, bir zamanlarin güçlü birimlerini haritadan silip süpürebilir. Mizrakli, ek bir maliyet olmadan düsman gelistirmelerini yagmalayabilir.</Text>
    </Row>
    <Row Tag="TXT_KEY_CIV5_NEWWORLD_SCENARIO_MYSTIC_WARRIOR_STRATEGY">
      <Text>Yakin dövüse girmeden önce Mistik Savasçi, temas kurmadan önce düsman birimine hasar verebilen veya onu öldürebilen bir mizrak firlatma saldirisi gerçeklestirir. Ve bir savastan sonra Mistik Savasçi bir terfi daha alir. Bunu elde etmenin tek yolu Militarist bir Sehir Devleti ile ittifak kurmaktir.</Text>
    </Row>
    <Row Tag="TXT_KEY_CIV5_NEWWORLD_SCENARIO_MYSTIC_WARRIOR_HELP">
      <Text>Yetenekleri savasta ilk kez kullanildiginda kesfedilecek olan mistik bir silaha sahip yakin dövüs birimi. Ayrica savastan önce bir ilk saldiri menzilli saldiri gerçeklestirir. Sadece Sehir Devletleri araciligiyla size verilebilir.</Text>
    </Row>
    <Row Tag="TXT_KEY_NEWWORLD_SCENARIO_UNITS_MYSTIC_WARRIOR_TEXT">
      <Text>Catisma zamanlarinda çesitli Kuzey Amerika kabilelerinin cesur savasçilari, cesaretlerini, güçlerini, becerilerini ve hayatta kalmalarini artirmayi amaçlayan ayrintili, mistik törenlerle kutsanirdi. Bu tür "mistik savasçilara" dair en eski kayit Pequotlarin Ingiliz sömürgecilerle yaptigi savastan (MS 1634-1638) gelmektedir, ancak Kuzeydogu ve Ova Kizilderililerinin tarihleri boyunca çok sayida örnek bulunmaktadir.</Text>
    </Row>
    <Row Tag="TXT_KEY_CIV5_NEWWORLD_SCENARIO_NAU_STRATEGY">
      <Text>Bu yakin muharebe deniz birimi kesif konusunda yeteneklidir. Bu birim ayrica Cin'e ulasirsa [ICON_GOLD] Altin verir, ancak daha sonra kaybolur. Haritayi kesfetmek ve diger oyuncularin konumlarini ortaya çikarmak için bu birimi kullanin.</Text>
    </Row>
    <Row Tag="TXT_KEY_CIV5_NEWWORLD_SCENARIO_NAU_HELP">
      <Text>Deniz kesfinde üstün olan yakin muharebe deniz birimi. Karavel'den daha fazla [ICON_MOVES] Harekete sahiptir ve Cin'e hareket ettiginde [ICON_GOLD] Altin verir.</Text>
    </Row>
    <Row Tag="TXT_KEY_CIV5_NEWWORLD_SCENARIO_SEABEGGAR_STRATEGY">
      <Text>Donanma Birimi, altin kazanmak için kiyi sehirlerine saldirmak ve düsman gemilerini ele geçirmek konusunda uzmanlasmistir. Dost bölge disinda iyilesir. Kiyi sehirlerine saldirarak altin kazanmasini saglayan ilk iki Kiyi Akincisi terfisiyle baslar. Yendigi düsman donanma birimlerini ödül gemisi olarak ele geçirebilir.</Text>
    </Row>
    <Row Tag="TXT_KEY_CIV5_NEWWORLD_SCENARIO_SEABEGGAR_HELP">
      <Text>Altin kazanmak için kiyi sehirlerine saldirma ve düsman gemilerini ele geçirme konusunda uzmanlasmis Donanma Birimi.</Text>
    </Row>
    <Row Tag="TXT_KEY_CIV5_NEWWORLD_SCENARIO_SHIPOFTHELINE_STRATEGY">
      <Text>Hat Gemisi, Firkateynden biraz daha yüksek Menzilli Savas gücüne ve temel güce sahiptir. Firkateynden daha uzaga altigen atis yapabilir ve böylece daha genis bir alana hükmedebilir.</Text>
    </Row>
    <Row Tag="TXT_KEY_CIV5_NEWWORLD_SCENARIO_SHIPOFTHELINE_HELP">
      <Text>Denizlerin kontrolünü ele geçirmek için kullanilan en güçlü Rönesans Dönemi Donanma Birimi.</Text>
    </Row>
    <Row Tag="TXT_KEY_UNIT_HELP_NEWWORLD_SCENARIO_SHOSHONE_PATHFINDER">
      <Text>Kesifte mükemmel ve savasta korkutucu olan bu Shoshone Essiz Birimi, Izci'nin yerini alir. Dogal Harikalari kesfetmek için ona [ICON_PEACE] Inanç veren bir terfiye sahiptir.</Text>
    </Row>
    <Row Tag="TXT_KEY_UNIT_NEWWORLD_SCENARIO_SHOSHONE_PATHFINDER_STRATEGY">
      <Text>Yol Bulucu, Izci'nin yerine geçer ve onu yalnizca Shoshone insa edebilir. Bir Izci kadar iyi kesif yapar ve neredeyse bir Savasçi kadar iyi savasir. Dogal Harikalari kesfetmek için bir [ICON_PEACE] Inanç bonusu verir. Bir Izciden daha pahaliya mal olur.</Text>
    </Row>
  </Language_en_US>
</GameData>