﻿<?xml version="1.0" encoding="utf-8"?>
<!-- edited with XMLSPY v2004 rel. 2 U (http://www.xmlspy.com) by Ed Beach (Firaxis Games) -->
<GameData>
  <!-- LocBuddy does not yet handle DLC scenarios so for now add the scenario text to the DLC package.-->
  <Language_en_US>
    <!-- City States-->
    <Row Tag="TXT_KEY_NEWWORLD_SCENARIO_CITYSTATE_CALUSA">
      <Text>Calusa</Text>
    </Row>
    <Row Tag="TXT_KEY_NEWWORLD_SCENARIO_CITYSTATE_CALUSA_ADJ">
      <Text>Calusa</Text>
    </Row>
    <Row Tag="TXT_KEY_NEWWORLD_SCENARIO_CIV5_CALUSA_TEXT">
      <Text>Avrupalilar Juan Ponce de Leon ile MS 1513'te bölgeye geldiklerinde Calusa'lar Everglades ve Güney Florida'ya hakimdiler. Su ürünleri yetistiriciligine dayali karmasik bir kültür ve ticarete sahip olan Calusa'larin ekonomik etkisi günümüz Georgia'sinin kuzeyine kadar ulasiyordu. Ispanyollar, diger kabilelerle aglar, balik kancalari, sisal, samandiralar, balik tuzaklari, kürekler, kaseler, kulak süsleri, maskeler, plaketler, selvi agaci ve "süs standartlari" ticareti yaptiklarini kaydetmistir. Calusa ve Avrupalilar 1702'deki Ispanyol-Ingiliz savasina kadar huzursuz bir ateskes içinde bir arada yasadilar  bu savasta Ingilizlerin silahlandirdigi ve müttefik oldugu Creek ve Yamasee kabileleri Calusa'yi neredeyse yok etti ve hayatta kalan birkaç kisi batakliklarin derinliklerine kaçti.</Text>
    </Row>
    <Row Tag="TXT_KEY_NEWWORLD_SCENARIO_CITYSTATE_KAMBEBA">
      <Text>Kambeba</Text>
    </Row>
    <Row Tag="TXT_KEY_NEWWORLD_SCENARIO_CITYSTATE_KAMBEBA_ADJ">
      <Text>Kambeba</Text>
    </Row>
    <Row Tag="TXT_KEY_NEWWORLD_SCENARIO_CIV5_KAMBEBA_TEXT">
      <Text>Kambeba (Omagua olarak da bilinir) Amazon Havzasi'nin derinliklerinde yasayan ve topraklari en genis haliyle Peru'ya kadar uzanan yerli bir kabileydi. Topraklarina ulasan ilk Avrupali olan Ispanyol kasif Francisco de Orellana MS 1541 yilinda, nehir boyunca yüzlerce mil uzanan tarimsal, kalabalik, müreffeh ve son derece organize bir krallik rapor etmistir. Muhtemelen sadece ahsapla insa ettikleri için hiçbir yapi birakmamis olsalar da, kazilan seramikler sofistike bir kültüre isaret etmektedir. Ancak Avrupalilar tarafindan getirilen bulasici hastaliklar 16. ve 17. yüzyillarda Kambeba'yi yok etti ve krallik daginik yari göçebe kabilelere dönüstü.</Text>
    </Row>
    <Row Tag="TXT_KEY_NEWWORLD_SCENARIO_CITYSTATE_KARANKAWA">
      <Text>Karankawa</Text>
    </Row>
    <Row Tag="TXT_KEY_NEWWORLD_SCENARIO_CITYSTATE_KARANKAWA_ADJ">
      <Text>Karankawa</Text>
    </Row>
    <Row Tag="TXT_KEY_NEWWORLD_SCENARIO_CIV5_KARANKAWA_TEXT">
      <Text>Teksas kiyisi boyunca dagilmis, ortak bir kültüre ve dile sahip farkli bir yerli kabile grubu olan Karankawa'nin ritüel yamyamlik yaptigi ve erkeklerin törensel dövme, piercing ve boyama yaptigi bildirilmistir. Karankawa'lar arasinda yasamis olan Cabeza de Vaca, kültürlerinde erkek, kadin ve berdaches ("iki ruh") olarak bilinen ve diger faaliyetlerinin yani sira dini törenlerde özel bir rol üstlenen bazi erkekler tarafindan üstlenilen üç cinsiyet rolü oldugunu da belirtmistir. Avrupalilarla ilk kez MS 1697'de karsilasan Karankawalar, Teksas Bagimsizlik Savasi sirasinda Meksika'nin yaninda yer alana kadar beyaz adamlarla birlikte yasamis, daha sonra da dagilmislardir.</Text>
    </Row>
    <Row Tag="TXT_KEY_NEWWORLD_SCENARIO_CITYSTATE_MIXTEC">
      <Text>Mixtec</Text>
    </Row>
    <Row Tag="TXT_KEY_NEWWORLD_SCENARIO_CITYSTATE_MIXTEC_ADJ">
      <Text>Mixtec</Text>
    </Row>
    <Row Tag="TXT_KEY_NEWWORLD_SCENARIO_CIV5_MIXTEC_TEXT">
      <Text>Yerli bir Mezoamerikan kabilesi olan Mixtekler, baskentleri Tilantongo ve bir düzine diger büyük sehirleriyle Meksika'nin Kolomb öncesi en önemli kralliklarindan biriydi. Ünlü zenginlikleri, ahsap, tas ve degerli metaller üzerine yaptiklari çalismalar bölge çapinda ödüllendirilen yetenekli zanaatkârlardan geliyordu. Tarihlerinin büyük bölümünde Mixtekler Aztek imparatorluguna haraç ödemis olsalar da, kasabalarinin çogu adil bir özerklige sahipti. Azteklerin çöküsüyle birlikte Mixtekler, Cortes'in tegmeni Pedro de Alvarado komutasindaki kuvvetler tarafindan nihayet ezilene kadar Ispanyol yönetimine siddetle direndiler.</Text>
    </Row>
    <Row Tag="TXT_KEY_NEWWORLD_SCENARIO_CITYSTATE_TAIRONA">
      <Text>Tairona</Text>
    </Row>
    <Row Tag="TXT_KEY_NEWWORLD_SCENARIO_CITYSTATE_TAIRONA_ADJ">
      <Text>Tairona</Text>
    </Row>
    <Row Tag="TXT_KEY_NEWWORLD_SCENARIO_CIV5_TAIRONA_TEXT">
      <Text>Tairona kralligi, Sierra Nevada de Santa Maria daglarinda (günümüz Kolombiya'si) MS 1. yüzyila kadar uzanan gevsek müttefik bir grup sefligi kapsiyordu. Isgalci Ispanyollarla temas, Tairona'nin isyan ettigi ve dini zulmü protesto etmek için kiliselere ve rahiplere saldirdigi MS 1599 yilina kadar sinirliydi  Ispanyollar hizla ulasti ve 1602'de Tairona yenildi ve dagildi. Tairona dini, Güney Amerika'nin çogundaki geleneklerden oldukça farkliydi  hem bosanma ve escinselligi hem de "koka çigneme ahlaksizligini" benimsiyor, bu da onlari Katolik Kilisesi ile çarpisma rotasina sokuyordu.</Text>
    </Row>
    <Row Tag="TXT_KEY_NEWWORLD_SCENARIO_CITYSTATE_TZINTZUNTZAN">
      <Text>Tzintzuntzan</Text>
    </Row>
    <Row Tag="TXT_KEY_NEWWORLD_SCENARIO_CITYSTATE_TZINTZUNTZAN_ADJ">
      <Text>Tzintzuntzan</Text>
    </Row>
    <Row Tag="TXT_KEY_NEWWORLD_SCENARIO_CIV5_TZINTZUNTZAN_TEXT">
      <Text>Baskentleri Tzintzuntzan Patzcuaro'nun göller bölgesinde bulunan Tarascanlar, MS 1200'lerde küçük kralliklarinin kurulmasindan bu yana Aztek egemenliginden uzak kalmislardi. Tzintzuntzan, nüfuzunun zirvesindeyken, göllere bakan bes yacata'nin (yari dairesel piramit) hakim oldugu, soylularin ve rahiplerin evleriyle çevrili büyük bir meydani olan yaklasik 30.000 nüfuslu bir ticaret merkeziydi. 1520'lerde Ispanyollar tarafindan istila edilene kadar - son krali Tanganxoan II, 1529'da kaziga baglanarak yakildi - kasaba güney-orta Meksika'daki ticarete hakim oldu.</Text>
    </Row>
    <Row Tag="TXT_KEY_NEWWORLD_SCENARIO_CITYSTATE_WENDAT">
      <Text>Wendat</Text>
    </Row>
    <Row Tag="TXT_KEY_NEWWORLD_SCENARIO_CITYSTATE_WENDAT_ADJ">
      <Text>Wendat</Text>
    </Row>
    <Row Tag="TXT_KEY_NEWWORLD_SCENARIO_CIV5_WENDAT_TEXT">
      <Text>Wendatlar, Kanada'nin yerli halklarindan bazilaridir ve Avrupalilarin temas ettigi dönemde esas olarak Ontario Gölü'nün kuzey kiyisinda yasamaktaydilar.</Text>
    </Row>
    <Row Tag="TXT_KEY_NEWWORLD_SCENARIO_CITYSTATE_INUIT">
      <Text>Inuit</Text>
    </Row>
    <Row Tag="TXT_KEY_NEWWORLD_SCENARIO_CITYSTATE_INUIT_ADJ">
      <Text>Inuit</Text>
    </Row>
    <Row Tag="TXT_KEY_NEWWORLD_SCENARIO_CITYSTATE_SEMINOLE">
      <Text>Seminole</Text>
    </Row>
    <Row Tag="TXT_KEY_NEWWORLD_SCENARIO_CITYSTATE_SEMINOLE_ADJ">
      <Text>Seminole</Text>
    </Row>
    <Row Tag="TXT_KEY_NEWWORLD_SCENARIO_CITYSTATE_LAKOTA">
      <Text>Lakota</Text>
    </Row>
    <Row Tag="TXT_KEY_NEWWORLD_SCENARIO_CITYSTATE_LAKOTA_ADJ">
      <Text>Lakota</Text>
    </Row>
    <Row Tag="TXT_KEY_NEWWORLD_SCENARIO_CITYSTATE_CARIB">
      <Text>Carib</Text>
    </Row>
    <Row Tag="TXT_KEY_NEWWORLD_SCENARIO_CITYSTATE_CARIB_ADJ">
      <Text>Carib</Text>
    </Row>
    <Row Tag="TXT_KEY_NEWWORLD_SCENARIO_CITYSTATE_CHEROKEE">
      <Text>Cherokee</Text>
    </Row>
    <Row Tag="TXT_KEY_NEWWORLD_SCENARIO_CITYSTATE_CHEROKEE_ADJ">
      <Text>Cherokee</Text>
    </Row>
    <Row Tag="TXT_KEY_NEWWORLD_SCENARIO_CITYSTATE_ALGONQUIN">
      <Text>Algonquin</Text>
    </Row>
    <Row Tag="TXT_KEY_NEWWORLD_SCENARIO_CITYSTATE_ALGONQUIN_ADJ">
      <Text>Algonquin</Text>
    </Row>
    <Row Tag="TXT_KEY_NEWWORLD_SCENARIO_CITYSTATE_MUSCOGEE">
      <Text>Muscogee</Text>
    </Row>
    <Row Tag="TXT_KEY_NEWWORLD_SCENARIO_CITYSTATE_MUSCOGEE_ADJ">
      <Text>Muscogee</Text>
    </Row>
    <Row Tag="TXT_KEY_NEWWORLD_SCENARIO_CITYSTATE_WABANAKI">
      <Text>Wabanaki</Text>
    </Row>
    <Row Tag="TXT_KEY_NEWWORLD_SCENARIO_CITYSTATE_WABANAKI_ADJ">
      <Text>Wabanaki</Text>
    </Row>
    <Row Tag="TXT_KEY_NEWWORLD_SCENARIO_CITYSTATE_MAPUCHE">
      <Text>Mapuche</Text>
    </Row>
    <Row Tag="TXT_KEY_NEWWORLD_SCENARIO_CITYSTATE_MAPUCHE_ADJ">
      <Text>Mapuche</Text>
    </Row>
    <Row Tag="TXT_KEY_NEWWORLD_SCENARIO_CITYSTATE_ARAWAK">
      <Text>Arawak</Text>
    </Row>
    <Row Tag="TXT_KEY_NEWWORLD_SCENARIO_CITYSTATE_ARAWAK_ADJ">
      <Text>Arawak</Text>
    </Row>
    <Row Tag="TXT_KEY_NEWWORLD_SCENARIO_CITYSTATE_MAYA">
      <Text>Maya</Text>
    </Row>
    <Row Tag="TXT_KEY_NEWWORLD_SCENARIO_CITYSTATE_MAYA_ADJ">
      <Text>Maya</Text>
    </Row>
    <Row Tag="TXT_KEY_NEWWORLD_SCENARIO_CITYSTATE_YANOMAMI">
      <Text>Yanomami</Text>
    </Row>
    <Row Tag="TXT_KEY_NEWWORLD_SCENARIO_CITYSTATE_YANOMAMI_ADJ">
      <Text>Yanomami</Text>
    </Row>
    <Row Tag="TXT_KEY_NEWWORLD_SCENARIO_CITYSTATE_MUISCA">
      <Text>Muisca</Text>
    </Row>
    <Row Tag="TXT_KEY_NEWWORLD_SCENARIO_CITYSTATE_MUISCA_ADJ">
      <Text>Muisca</Text>
    </Row>
    <Row Tag="TXT_KEY_NEWWORLD_SCENARIO_CITYSTATE_HOPI">
      <Text>Hopi</Text>
    </Row>
    <Row Tag="TXT_KEY_NEWWORLD_SCENARIO_CITYSTATE_HOPI_ADJ">
      <Text>Hopi</Text>
    </Row>
    <Row Tag="TXT_KEY_NEWWORLD_SCENARIO_CITYSTATE_ANASAZI">
      <Text>Anasazi</Text>
    </Row>
    <Row Tag="TXT_KEY_NEWWORLD_SCENARIO_CITYSTATE_ANASAZI_ADJ">
      <Text>Anasazi</Text>
    </Row>
  </Language_en_US>
</GameData>