﻿<?xml version="1.0" encoding="utf-8"?>
<!-- edited with XMLSPY v2004 rel. 2 U (http://www.xmlspy.com) by Ed Beach (Firaxis Games) -->
<GameData>
  <!-- LocBuddy does not yet handle DLC scenarios so for now add the scenario text to the DLC package.-->
  <Language_en_US>
    <!-- Builds -->
    <Row Tag="TXT_KEY_BUILD_TIPI_HELP">
      <Text>Bu karo tarafindan saglanan [ICON_FOOD] Yiyecek ve [ICON_PEACE] Inanç miktarini artiran bir Tipi insa eder.</Text>
    </Row>
    <Row Tag="TXT_KEY_BUILD_TIPI_REC">
      <Text>Bu karo tarafindan saglanan [ICON_FOOD] Yiyecek ve [ICON_PEACE] Inanç miktarini artiracaktir.</Text>
    </Row>
    <Row Tag="TXT_KEY_BUILD_TIPI">
      <Text>Bir [LINK=IMPROVEMENT_TIPI]Tipi[\LINK] insa edin</Text>
    </Row>
    <!-- Improvements -->
    <Row Tag="TXT_KEY_NEWWORLD_SCENARIO_IMPROVEMENT_TERRACE_FARM">
      <Text>Teras Ciftligi</Text>
    </Row>
    <Row Tag="TXT_KEY_IMPROVEMENT_TIPI">
      <Text>Tipi</Text>
    </Row>
    <Row Tag="TXT_KEY_CIV5_IMPROVEMENTS_TIPI_HELP">
      <Text>Bir Tipi yalnizca bir Düz Ova karesi üzerine insa edilebilir (bir özelligi olsa bile). Baska bir Tipi ile bitisik olamaz. Shoshone bölgesinde insa edilmelidir.</Text>
    </Row>
    <Row Tag="TXT_KEY_CIV5_IMPROVEMENTS_TIPI_TEXT">
      <Text>Cadir (veya teepee), geleneksel olarak göçebe Kuzey Amerika Ova Kizilderilileri ile iliskilendirilen tabaklanmis deri ve ahsap direklerden insa edilen tasinabilir, konik bir çadirdir. Kelimenin kendisi Lakota dilinde "otururlar" anlamina gelmektedir. Genellikle özenle boyanan tipiler sadece Shoshone'lari barindirmakla kalmamis, ayni zamanda ayri kabileleri tanimlamaya da hizmet etmistir. [NEWLINE][NEWLINE]Bir Tipi sadece baska bir Tipi'ye bitisik olmayan Düz Ova karosu üzerine (bir özelligi olsa bile) insa edilebilir.</Text>
    </Row>
    <!-- Natural Wonders-->
    <Row Tag="TXT_KEY_FEATURE_BELIZE_REEF">
      <Text>Belize Bariyer Resifi</Text>
    </Row>
    <Row Tag="TXT_KEY_FEATURES_BELIZE_REEF_TEXT">
      <Text>Belize Bariyer Resifi, Mezoamerikan Resif Sisteminin 190 mil uzunlugunda bir bölümü olup 100'den fazla mercan türüne ve 500 balik türüne ev sahipligi yapmaktadir. Dünyanin en büyük üçüncü dogal bariyer resifi olan bu bölge, 1996 yilinda Dünya Mirasi olarak belirlenmistir  kirlilik ve kontrolsüz turizm, balikçilik ve gemicilik nedeniyle tehlike altindadir ve son on yilda canli mercan sayisinda %48'lik bir azalma gözlemlenmistir.</Text>
    </Row>
    <Row Tag="TXT_KEY_FEATURE_CHIMBORAZO">
      <Text>Chimborazo</Text>
    </Row>
    <Row Tag="TXT_KEY_FEATURES_CHIMBORAZO_TEXT">
      <Text>Chimborazo, And Daglari'nin Cordillera Occidental bölgesinde yer alan 20.500 fit yüksekliginde bir stratovolkandir (son patlamasi MS 550 civarindadir). Avrupalilar tarafindan Himalayalar kesfedilmeden önce dünyanin en yüksek zirvesi olduguna inanilan Chimborazo'ya ilk kez 1880 yilinda Ekvadorlu yerlilerin rehberlik ettigi bir Ingiliz-Italyan ekip tarafindan tirmanilmistir.</Text>
    </Row>
    <Row Tag="TXT_KEY_FEATURE_MT_TLALOC">
      <Text>Tlaloc Dagi</Text>
    </Row>
    <Row Tag="TXT_KEY_FEATURES_MT_TLALOC_TEXT">
      <Text>Orta Meksika'da 13.600 fitin üzerinde yükselen Tlaloc Dagi, zirvesindeki bir tapinakta yagmur tanrilarina tapan Aztekler tarafindan saygi görüyordu. Arkeolojik arastirmalar, bu tapinak ile çevresindeki tapinaklar arasindaki iliskinin, bölgedeki misir ekimiyle iliskili önemli tören tarihlerini takip etmenin bir yolu olabilecegini göstermistir.</Text>
    </Row>
    <Row Tag="TXT_KEY_FEATURE_TSOODZIL">
      <Text>Tsoodzil</Text>
    </Row>
    <Row Tag="TXT_KEY_FEATURES_TSOODZIL_TEXT">
      <Text>Navaholar için Tsoodzil, yani "turkuaz dag", New Mexico'daki anavatanlarinin ana yönlerini (bu durumda güney) ve sinirlarini belirleyen dört kutsal zirveden biriydi. Su anda Baskan Zachary Taylor'in adini tasiyan 4100 metrelik uykuda bir stratovolkan olan Tsoodzil, Navaholar için Kara Tanri, Turkuaz Oglan ve Turkuaz Kiz'a ev sahipligi yapiyordu.</Text>
    </Row>
  </Language_en_US>
</GameData>