﻿<?xml version="1.0" encoding="utf-8"?>
<!-- edited with XMLSPY v2004 rel. 2 U (http://www.xmlspy.com) by Ed Beach (Firaxis Games) -->
<GameData>
  <!-- LocBuddy does not yet handle DLC scenarios so for now add the scenario text to the DLC package.-->
  <Language_en_US>
    <!-- Technologies-->
    <Row Tag="TXT_KEY_NEWWORLD_SCENARIO_TECH_ADVANCED_PIRACY">
      <Text>Gelismis Korsanlik</Text>
    </Row>
    <Row Tag="TXT_KEY_NEWWORLD_SCENARIO_TECH_ADVANCED_PIRACY_DESC">
      <Text>"Korsanligin Altin Cagi", Henry Morgan, Bartholomew Roberts ve Calico Jack Rackham gibi isimlerin Ispanyol Ana Denizinde yelken açtigi kabaca 1650-1730 yillari arasini kapsamaktadir. Hem Yeni Dünya'dan Avrupa'ya gönderilen inanilmaz zenginlikler hem de hizli ve çevik sloop, brigantine ve schooner'larin daha agir silahlar ve daha büyük mürettebat tasimasina olanak taniyan gemi yapimindaki ilerlemeler bu döneme yol açmistir.</Text>
    </Row>
    <Row Tag="TXT_KEY_NEWWORLD_SCENARIO_TECH_ADVANCED_PIRACY_HELP">
      <Text>[COLOR_POSITIVE_TEXT]Deniz Dilencisi[ENDCOLOR] bölgenizin disinda iyilestirme yapabilen daha güçlü bir korsan gemisi insa etmenizi saglar. Bu teknoloji ayni zamanda [ICON_GOLD] Altin artirici [COLOR_POSITIVE_TEXT] Cikolata Evi[ENDCOLOR] insa etmenizi saglar.</Text>
    </Row>
    <Row Tag="TXT_KEY_NEWWORLD_SCENARIO_TECH_ADVANCED_PIRACY_QUOTE">
      <Text>[NEWLINE][TAB][TAB] "Cünkü ben bir Korsan Kralim! Ve bu, Korsan Kral olmak muhtesem bir sey!"[NEWLINE][TAB][TAB] - W.S. Gilbert, The Pirates of Penzance[NEWLINE][TAB]</Text>
    </Row>
    <Row Tag="TXT_KEY_NEWWORLD_SCENARIO_TECH_BANKING_HELP">
      <Text>Bir sehir tarafindan üretilen [ICON_GOLD] Altini artiran [COLOR_POSITIVE_TEXT]Banka[ENDCOLOR] ve [COLOR_POSITIVE_TEXT]Dogu Hindistan Sirketi[ENDCOLOR] binalarini insa etmenizi saglar.</Text>
    </Row>
    <Row Tag="TXT_KEY_NEWWORLD_SCENARIO_TECH_EDUCATION_HELP">
      <Text>[ICON_RESEARCH] Bilime çesitli faydalar saglar.</Text>
    </Row>
    <Row Tag="TXT_KEY_NEWWORLD_SCENARIO_TECH_IMPERIALISM_HELP">
      <Text>Denizasiri ülkelerde kesif ve yerlesim konusunda uzmanlasmis bir birim olan [COLOR_POSITIVE_TEXT]Conquistador[ENDCOLOR] insa etmenizi saglar. Bu teknoloji ayni zamanda [COLOR_POSITIVE_TEXT]Isgal Edilen Sehirlerin [ICON_HAPPINESS_4] Mutsuzlugunu azaltan [ICON_OCCUPIED] bir bina olan [ENDCOLOR] Adliye Sarayini insa etmenizi saglar.</Text>
    </Row>
    <Row Tag="TXT_KEY_NEWWORLD_SCENARIO_TECH_LINE_OF_BATTLE">
      <Text>Savas Hatti</Text>
    </Row>
    <Row Tag="TXT_KEY_NEWWORLD_SCENARIO_TECH_LINE_OF_BATTLE_DESC">
      <Text>Savasta ilk kullanimi tartisma konusu olsa da (MS 1502'den 1652'ye kadar), 1675 yilina gelindiginde "savas hatti" taktigi Avrupa donanmalari tarafindan kullanilan en yaygin formasyondu. Alisilagelmis deniz muharebelerinin aksine, muharebe hattinda her savas gemisi dost gemilere çarpmadan bordasini atesleyebiliyor, bu da hem yogun hem de sürekli atese olanak sagliyordu.</Text>
    </Row>
    <Row Tag="TXT_KEY_NEWWORLD_SCENARIO_TECH_LINE_OF_BATTLE_HELP">
      <Text>[ICON_GOLD] Altin artirici bina [COLOR_POSITIVE_TEXT]Borsa[ENDCOLOR] ve [COLOR_POSITIVE_TEXT]Hat Gemisi[ENDCOLOR] insa etmenizi saglar, en güçlü birim ve en uzak menzile sahip birim.</Text>
    </Row>
    <Row Tag="TXT_KEY_NEWWORLD_SCENARIO_TECH_LINE_OF_BATTLE_QUOTE">
      <Text>[NEWLINE][TAB][TAB] "Hiçbir kaptan, gemisini düsmaninkinin yanina koyarsa çok yanlis yapamaz."[NEWLINE][TAB][TAB] - Horatio Nelson[NEWLINE][TAB]</Text>
    </Row>
    <Row Tag="TXT_KEY_NEWWORLD_SCENARIO_TECH_MERCHANT_FLEET">
      <Text>Ticaret Filosu</Text>
    </Row>
    <Row Tag="TXT_KEY_NEWWORLD_SCENARIO_TECH_MERCHANT_FLEET_DESC">
      <Text>Korsanlarin ve korsanlarin yagmalari karsisinda, 1500'lerin ortalarinda Ispanyollar ve Portekizliler Atlantik ticaret yollarinda seyreden ticaret gemileri için erken bir konvoy biçimini benimsediler. Hazine filolarina genellikle savas gemileri eslik ederken, özel ticaret filolari eslik etmiyordu  bu nedenle Avrupa pazarlari için tütün, baharat, kereste, seker, tahil, inci ve diger lüks ürünlerle yüklü kalyonlarin çogu, daha küçük korsan gemilerini savusturmak için toplar ve karronadlarla silahlandirilmisti.</Text>
    </Row>
    <Row Tag="TXT_KEY_NEWWORLD_SCENARIO_TECH_MERCHANT_FLEET_HELP">
      <Text>En hizli gemi olan [COLOR_POSITIVE_TEXT]Nau'yu[ENDCOLOR] insa etmenizi saglar.</Text>
    </Row>
    <Row Tag="TXT_KEY_NEWWORLD_SCENARIO_TECH_MERCHANT_FLEET_QUOTE">
      <Text>[NEWLINE][TAB][TAB] "Altin bir hazinedir ve ona sahip olan kisi bu dünyada istedigi her seyi yapar."[NEWLINE][TAB][TAB] -Christopher Columbus[NEWLINE][TAB]</Text>
    </Row>
    <Row Tag="TXT_KEY_NEWWORLD_SCENARIO_TECH_PROSOLDIERS_HELP">
      <Text>Baskin bir yakin dövüs birimi olan [COLOR_POSITIVE_TEXT]Tercio[ENDCOLOR] ve tüm birimlerinize deneyim artisi saglayan [COLOR_POSITIVE_TEXT]Askeri Akademi[ENDCOLOR] insa etmenizi saglar.</Text>
    </Row>
    <Row Tag="TXT_KEY_NEWWORLD_SCENARIO_TECH_RELIGIOUS_ORDERS_HELP">
      <Text>Tüm Misyonerlerin üç kez yayilmasini saglayan [ICON_PEACE] Inanç ve [COLOR_POSITIVE_TEXT] Büyük Tapinak[ENDCOLOR] ile binalar insa etmenizi saglar.</Text>
    </Row>
    <Row Tag="TXT_KEY_NEWWORLD_SCENARIO_TECH_WARSHIPS_HELP">
      <Text>Ücretsiz yagma yapabilen Atli bir birim olan [COLOR_POSITIVE_TEXT]Firkateyn[ENDCOLOR] ve [COLOR_POSITIVE_TEXT]Mizrakçi[ENDCOLOR] insa etmenizi saglar.</Text>
    </Row>
    <Row Tag="TXT_KEY_NEWWORLD_SCENARIO_TECH_IMPERIALISM">
      <Text>Emperyalizm</Text>
    </Row>
    <Row Tag="TXT_KEY_NEWWORLD_SCENARIO_TECH_NAVAL_TRADITION">
      <Text>Denizcilik Gelenegi</Text>
    </Row>
    <Row Tag="TXT_KEY_NEWWORLD_SCENARIO_TECH_PROSOLDIERS">
      <Text>Profesyonel Askerler</Text>
    </Row>
    <Row Tag="TXT_KEY_NEWWORLD_SCENARIO_TECH_PIRACY">
      <Text>Korsanlik</Text>
    </Row>
    <Row Tag="TXT_KEY_NEWWORLD_SCENARIO_TECH_WARSHIPS">
      <Text>Savas Gemileri</Text>
    </Row>
    <Row Tag="TXT_KEY_NEWWORLD_SCENARIO_TECH_ROYAL_GUARDS">
      <Text>Kraliyet Muhafizlari</Text>
    </Row>
    <Row Tag="TXT_KEY_NEWWORLD_SCENARIO_TECH_RELIGIOUS_ORDERS">
      <Text>Dini Tarikatlar</Text>
    </Row>
    <Row Tag="TXT_KEY_NEWWORLD_SCENARIO_TECH_TREASURE_FLEET">
      <Text>Hazine Filosu</Text>
    </Row>
  </Language_en_US>
</GameData>