﻿<?xml version="1.0" encoding="utf-8"?>
<!--Sid Meier's Civilization V -->
<!--Copyright Firaxis Games 2010 -->
<GameData>
  <Language_en_US>
    <!--General phrases -->
    <!--Greeting (first time meeting) -->
    <Row Tag="TXT_KEY_NEWWORLD_SCENARIO_LEADER_PACAL_FIRSTGREETING_1">
      <Text>Selamlar, asi kisi.  Ben Pacal olarak bilinirim. Tanrilardan bir mesaj mi tasiyorsun?  Onlari hissedebiliyorum, buz gibi nefesleri ensemde.</Text>
    </Row>
    <Row Tag="TXT_KEY_NEWWORLD_SCENARIO_LEADER_PACAL_FIRSTGREETING_2">
      <Text>Iyi tanistik, yabanci - bana Büyük Pacal diyebilirsin. Cok da önemli degil... Bir daha konusacagimizi sanmiyorum.</Text>
    </Row>
    <Row Tag="TXT_KEY_NEWWORLD_SCENARIO_LEADER_PACAL_FIRSTGREETING_3">
      <Text>Kudretli Pacal'a hangi kasveti ve umutsuzlugu getirdin?  Içecek ikram ederdim ama hazirlanmam gereken bir kiyamet var.</Text>
    </Row>
    <!--Reacts to his bluff being called -->
    <Row Tag="TXT_KEY_NEWWORLD_SCENARIO_LEADER_PACAL_WARBLUFF_1">
      <Text>Kendinize yikim getiriyorsunuz!</Text>
    </Row>
    <Row Tag="TXT_KEY_NEWWORLD_SCENARIO_LEADER_PACAL_WARBLUFF_2">
      <Text>Ne kadar hayal kirikligi yaratiyorsun.</Text>
    </Row>
    <Row Tag="TXT_KEY_NEWWORLD_SCENARIO_LEADER_PACAL_WARBLUFF_3">
      <Text>Ölüm'ü kizdirdin.  Uyaniyor!</Text>
    </Row>
    <Row Tag="TXT_KEY_NEWWORLD_SCENARIO_LEADER_PACAL_WARBLUFF_4">
      <Text>Bekle. Ölümün baykuslari senin için gelecek.</Text>
    </Row>
    <Row Tag="TXT_KEY_NEWWORLD_SCENARIO_LEADER_PACAL_WARBLUFF_5">
      <Text>Bunun zaman kaybi oldugunu biliyordum.</Text>
    </Row>
    <!--Gloats after winning a war -->
    <Row Tag="TXT_KEY_NEWWORLD_SCENARIO_LEADER_PACAL_WINWAR_1">
      <Text>Evet, evet!  Tanrilar beni kayiriyor! Sonuna kadar hüküm sürecegim!</Text>
    </Row>
    <Row Tag="TXT_KEY_NEWWORLD_SCENARIO_LEADER_PACAL_WINWAR_2">
      <Text>Görüyorsun, sana bunun anlamsiz oldugunu söylemistim, ne de olsa büyük sel üzerimizde.  Tüm o olasi kurbanlar bosa gitti.</Text>
    </Row>
    <!--Submissive after losing a war -->
    <Row Tag="TXT_KEY_NEWWORLD_SCENARIO_LEADER_PACAL_LOSEWAR_1">
      <Text>Istediginizi alin - artik bir anlami yok. Ufukta ne oldugunu göremiyor musun?</Text>
    </Row>
    <Row Tag="TXT_KEY_NEWWORLD_SCENARIO_LEADER_PACAL_LOSEWAR_2">
      <Text>Haha.  Seni aptal!  Firsatiniz varken ganimetlerin tadini çikarin - yer ayaklarinizin altinda parçalandiginda size agirlik yapacaklar.</Text>
    </Row>
    <!--Defeated and removed from game -->
    <Row Tag="TXT_KEY_NEWWORLD_SCENARIO_LEADER_PACAL_DEFEATED_1">
      <Text>Son! Gökyüzünden kayan yildizlarin agitlarini hissedebiliyorum! Beni böyle bir kaderden kurtarirken, sen dünyanin çürümesini görmeye mahkumsun.</Text>
    </Row>
    <Row Tag="TXT_KEY_NEWWORLD_SCENARIO_LEADER_PACAL_DEFEATED_2">
      <Text>Yapabiliyorken küçük kralliginizin tadini çikarin... Artik hiçbir seyin önemi yok.  Benim bir önemim yok... senin bir önemin yok...  Baykuslar! Baykuslari duyabiliyorum!</Text>
    </Row>
    <Row Tag="TXT_KEY_NEWWORLD_SCENARIO_LEADER_PACAL_DEFEATED_3">
      <Text>Gökler sele kapildiginda, sen de akintiya kapilip gideceksin.  Bana büyük bir iyilik yaptiniz  artik buna sahit olmak zorunda degilim.</Text>
    </Row>
    <Row Tag="TXT_KEY_NEWWORLD_SCENARIO_LEADER_PACAL_DEFEATED_4">
      <Text>Beni yenmis olabilirsin ama zaten hareket halinde olan bir seyi durduramazsin.  Kaderlerimiz tasa yazildi - sadece tanrilarin gözyaslari onlarin oymalarini silebilir.</Text>
    </Row>
    <!--Neutral -->
    <!--Greetings (subsequent meetings) -->
    <Row Tag="TXT_KEY_NEWWORLD_SCENARIO_LEADER_PACAL_GREETING_1">
      <Text>Umarim iyi bir gün geçirirsiniz.</Text>
    </Row>
    <Row Tag="TXT_KEY_NEWWORLD_SCENARIO_LEADER_PACAL_GREETING_2">
      <Text>Selamlar.</Text>
    </Row>
    <!--Goodbye -->
    <Row Tag="TXT_KEY_NEWWORLD_SCENARIO_LEADER_PACAL_GOODBYE_1">
      <Text>Tekrar karsilasacagimizi sanmiyorum.</Text>
    </Row>
    <Row Tag="TXT_KEY_NEWWORLD_SCENARIO_LEADER_PACAL_GOODBYE_2">
      <Text>Güle güle.</Text>
    </Row>
    <!--Trade offer from player - yes -->
    <Row Tag="TXT_KEY_NEWWORLD_SCENARIO_LEADER_PACAL_TRADE_YES_NEUTRAL">
      <Text>Cok iyi.</Text>
    </Row>
    <!--Trade offer from player - sweeten the deal -->
    <Row Tag="TXT_KEY_NEWWORLD_SCENARIO_LEADER_PACAL_TRADE_NEEDMORE_NEUTRAL_1">
      <Text>Bu kadar az zaman kalmisken neden beni kandirmak istiyorsun?</Text>
    </Row>
    <Row Tag="TXT_KEY_NEWWORLD_SCENARIO_LEADER_PACAL_TRADE_NEEDMORE_NEUTRAL_2">
      <Text>Biraz daha iyisini yapabilir misin?</Text>
    </Row>
    <Row Tag="TXT_KEY_NEWWORLD_SCENARIO_LEADER_PACAL_TRADE_NEEDMORE_NEUTRAL_3">
      <Text>Bu yeterince iyi degil.</Text>
    </Row>
    <Row Tag="TXT_KEY_NEWWORLD_SCENARIO_LEADER_PACAL_TRADE_NEEDMORE_NEUTRAL_4">
      <Text>Neredeyse...</Text>
    </Row>
    <!--Trade offer from player - no -->
    <Row Tag="TXT_KEY_NEWWORLD_SCENARIO_LEADER_PACAL_TRADE_NO_NEUTRAL">
      <Text>Bu olmaz.</Text>
    </Row>
    <!--Demand for tribute from player - yes -->
    <Row Tag="TXT_KEY_NEWWORLD_SCENARIO_LEADER_PACAL_TRIBUTE_YES_NEUTRAL">
      <Text>Tamam, al.  Uzun Sayim sona erdiginde bunun size yardimci olmayacagini bilin.</Text>
    </Row>
    <!--Demand for tribute from player - no -->
    <Row Tag="TXT_KEY_NEWWORLD_SCENARIO_LEADER_PACAL_TRIBUTE_NO_NEUTRAL">
      <Text>Bu ne saçmalik böyle? Hiç mi fedakarlik yapmayacaksiniz - zamaninizi daha iyi degerlendirebilirsiniz.</Text>
    </Row>
    <!--Requests a trade -->
    <Row Tag="TXT_KEY_NEWWORLD_SCENARIO_LEADER_PACAL_TRADEREQUEST_NEUTRAL">
      <Text>Teklifimi dikkate almazsan Tanrilarin öfkesi üzerine olsun.</Text>
    </Row>
    <!--Demands tribute -->
    <Row Tag="TXT_KEY_NEWWORLD_SCENARIO_LEADER_PACAL_DEMANDTRIBUTE_NEUTRAL">
      <Text>Atalarim, Tanrilara sunmak için daha fazla servete ihtiyacim oldugunu söylüyor.  Bunu bana ver ki ikimiz de sonumuzu görecek kadar yasayabilelim.</Text>
    </Row>
    <!--Agrees -->
    <Row Tag="TXT_KEY_NEWWORLD_SCENARIO_LEADER_PACAL_AGREE_SHORT_1">
      <Text>Tamam.</Text>
    </Row>
    <Row Tag="TXT_KEY_NEWWORLD_SCENARIO_LEADER_PACAL_AGREE_SHORT_2">
      <Text>Neden olmasin?</Text>
    </Row>
    <!--Disagrees -->
    <Row Tag="TXT_KEY_NEWWORLD_SCENARIO_LEADER_PACAL_DISAGREE_SHORT_1">
      <Text>Reddetmek zorundayim.</Text>
    </Row>
    <Row Tag="TXT_KEY_NEWWORLD_SCENARIO_LEADER_PACAL_DISAGREE_SHORT_2">
      <Text>Hayir, sanmiyorum.</Text>
    </Row>
    <!--Let's hear it -->
    <Row Tag="TXT_KEY_NEWWORLD_SCENARIO_LEADER_PACAL_LETSHEARIT_1">
      <Text>Duyalim bakalim.</Text>
    </Row>
    <Row Tag="TXT_KEY_NEWWORLD_SCENARIO_LEADER_PACAL_LETSHEARIT_2">
      <Text>Önemli degil - devam edin.</Text>
    </Row>
    <!--Happy -->
    <!--Greetings (subsequent meetings) -->
    <Row Tag="TXT_KEY_NEWWORLD_SCENARIO_LEADER_PACAL_GREETING_3">
      <Text>Kiyameti benimle mi geçireceksin?</Text>
    </Row>
    <Row Tag="TXT_KEY_NEWWORLD_SCENARIO_LEADER_PACAL_GREETING_4">
      <Text>Tekrar merhaba.</Text>
    </Row>
    <!--Goodbye -->
    <Row Tag="TXT_KEY_NEWWORLD_SCENARIO_LEADER_PACAL_GOODBYE_3">
      <Text>Elveda, belki de sonsuza dek.</Text>
    </Row>
    <Row Tag="TXT_KEY_NEWWORLD_SCENARIO_LEADER_PACAL_GOODBYE_4">
      <Text>Güle güle.</Text>
    </Row>
    <!--Trade offer from player - yes -->
    <Row Tag="TXT_KEY_NEWWORLD_SCENARIO_LEADER_PACAL_TRADE_YES_HAPPY">
      <Text>Anlastik.</Text>
    </Row>
    <!--Trade offer from player - sweeten the deal -->
    <Row Tag="TXT_KEY_NEWWORLD_SCENARIO_LEADER_PACAL_TRADE_NEEDMORE_HAPPY_1">
      <Text>Dünyanin sonu olabilir ama ayak uydurmam gereken görünüsler var. Bunu gelistir.</Text>
    </Row>
    <Row Tag="TXT_KEY_NEWWORLD_SCENARIO_LEADER_PACAL_TRADE_NEEDMORE_HAPPY_2">
      <Text>Yapabileceginin en iyisi bu mu?</Text>
    </Row>
    <Row Tag="TXT_KEY_NEWWORLD_SCENARIO_LEADER_PACAL_TRADE_NEEDMORE_HAPPY_3">
      <Text>Neredeyse vardin.</Text>
    </Row>
    <!--Trade offer from player - no -->
    <Row Tag="TXT_KEY_NEWWORLD_SCENARIO_LEADER_PACAL_TRADE_NO_HAPPY">
      <Text>Tesekkürler, ama hayir.</Text>
    </Row>
    <!--Demand for tribute from player - yes -->
    <Row Tag="TXT_KEY_NEWWORLD_SCENARIO_LEADER_PACAL_TRIBUTE_YES_HAPPY">
      <Text>Evet mi?  Evet! Evet! Bu cömertlik teklifinin tanrilari bana karsi sevindirecegini biliyorum! Istediginizi alin!</Text>
    </Row>
    <!--Demand for tribute from player - no -->
    <Row Tag="TXT_KEY_NEWWORLD_SCENARIO_LEADER_PACAL_TRIBUTE_NO_HAPPY">
      <Text>Neden Pacal'dan çalmak istiyorsun?  Dünya toz olmadan önce zamanini daha iyi degerlendiremez misin?</Text>
    </Row>
    <!--Requests a trade -->
    <Row Tag="TXT_KEY_NEWWORLD_SCENARIO_LEADER_PACAL_TRADEREQUEST_HAPPY">
      <Text>Dostum, sanirim hepimizi kurtaracak bir yol buldum! Bak, bak ve teklifimi kabul et!</Text>
    </Row>
    <!--Demands tribute -->
    <Row Tag="TXT_KEY_NEWWORLD_SCENARIO_LEADER_PACAL_DEMANDTRIBUTE_HAPPY">
      <Text>Gökyüzü, gökyüzü kan istiyor!  Lütfen bana yardim edin, yoksa Kisin ve iblisleri bizim için gelebilir.</Text>
    </Row>
    <!--Agrees -->
    <Row Tag="TXT_KEY_NEWWORLD_SCENARIO_LEADER_PACAL_AGREE_SHORT_3">
      <Text>Elbette.</Text>
    </Row>
    <!--Disagrees -->
    <Row Tag="TXT_KEY_NEWWORLD_SCENARIO_LEADER_PACAL_DISAGREE_SHORT_3">
      <Text>Hayir, olmaz.</Text>
    </Row>
    <Row Tag="TXT_KEY_NEWWORLD_SCENARIO_LEADER_PACAL_DISAGREE_SHORT_4">
      <Text>Reddediyoruz.</Text>
    </Row>
    <!--Let's hear it -->
    <Row Tag="TXT_KEY_NEWWORLD_SCENARIO_LEADER_PACAL_LETSHEARIT_3">
      <Text>Devam edin.</Text>
    </Row>
    <Row Tag="TXT_KEY_NEWWORLD_SCENARIO_LEADER_PACAL_LETSHEARIT_4">
      <Text>Dinliyorum.</Text>
    </Row>
    <!--Angry -->
    <!--Greetings (subsequent meetings) -->
    <Row Tag="TXT_KEY_NEWWORLD_SCENARIO_LEADER_PACAL_GREETING_5">
      <Text>Oh, sensin.</Text>
    </Row>
    <Row Tag="TXT_KEY_NEWWORLD_SCENARIO_LEADER_PACAL_GREETING_6">
      <Text>Ne istiyorsun?</Text>
    </Row>
    <!--Goodbye -->
    <Row Tag="TXT_KEY_NEWWORLD_SCENARIO_LEADER_PACAL_GOODBYE_5">
      <Text>Hepsi bu kadar.</Text>
    </Row>
    <Row Tag="TXT_KEY_NEWWORLD_SCENARIO_LEADER_PACAL_GOODBYE_6">
      <Text>Simdi git buradan.</Text>
    </Row>
    <!--Trade offer from player - yes -->
    <Row Tag="TXT_KEY_NEWWORLD_SCENARIO_LEADER_PACAL_TRADE_YES_ANGRY">
      <Text>Katiliyorum, zaten bir önemi de yok.</Text>
    </Row>
    <!--Trade offer from player - sweeten the deal -->
    <Row Tag="TXT_KEY_NEWWORLD_SCENARIO_LEADER_PACAL_TRADE_NEEDMORE_ANGRY_1">
      <Text>Kaninizin sunagima serpilmesini istemiyorsaniz, bu teklifi bir kez daha düsünün.</Text>
    </Row>
    <Row Tag="TXT_KEY_NEWWORLD_SCENARIO_LEADER_PACAL_TRADE_NEEDMORE_ANGRY_2">
      <Text>Bu yeterince iyi degil.</Text>
    </Row>
    <Row Tag="TXT_KEY_NEWWORLD_SCENARIO_LEADER_PACAL_TRADE_NEEDMORE_ANGRY_3">
      <Text>Bundan daha iyisini yapmalisin.</Text>
    </Row>
    <Row Tag="TXT_KEY_NEWWORLD_SCENARIO_LEADER_PACAL_TRADE_NEEDMORE_ANGRY_4">
      <Text>Neredeyse, köylü.</Text>
    </Row>
    <!--Trade offer from player - no -->
    <Row Tag="TXT_KEY_NEWWORLD_SCENARIO_LEADER_PACAL_TRADE_NO_ANGRY">
      <Text>Atalarimizin belasi üzerinize olsun!  Küstahliginla tanrilari kizdirdin. Git buradan!</Text>
    </Row>
    <!--Demand for tribute from player - yes -->
    <Row Tag="TXT_KEY_NEWWORLD_SCENARIO_LEADER_PACAL_TRIBUTE_YES_ANGRY">
      <Text>Evet, yikiminizi ellerinizi açarak üstlenin.  Tanrilar açgözlülügünüze gülüyor!</Text>
    </Row>
    <!--Demand for tribute from player - no -->
    <Row Tag="TXT_KEY_NEWWORLD_SCENARIO_LEADER_PACAL_TRIBUTE_NO_ANGRY">
      <Text>Kisa bir süre sonra önemli olacagindan degil, ama isteginizi tamamen inadina reddediyorum.</Text>
    </Row>
    <!--Requests a trade -->
    <Row Tag="TXT_KEY_NEWWORLD_SCENARIO_LEADER_PACAL_TRADEREQUEST_ANGRY">
      <Text>Kaninizi kutsal sunagin üzerine dökmekten baska bir sey istemesem de, kibarca rica edecegim.  Bir kere.</Text>
    </Row>
    <!--Demands tribute -->
    <Row Tag="TXT_KEY_NEWWORLD_SCENARIO_LEADER_PACAL_DEMANDTRIBUTE_ANGRY">
      <Text>Taleplerimi karsilamayanlarin vay haline ve yikimina!  Son yaklasti ve hazirlamam gereken oldukça ayrintili bir kurban var.</Text>
    </Row>
    <!--Agrees -->
    <Row Tag="TXT_KEY_NEWWORLD_SCENARIO_LEADER_PACAL_AGREE_SHORT_4">
      <Text>Sanirim yapmaliyim.</Text>
    </Row>
    <!--Disagrees -->
    <Row Tag="TXT_KEY_NEWWORLD_SCENARIO_LEADER_PACAL_DISAGREE_SHORT_5">
      <Text>Pardon?</Text>
    </Row>
    <Row Tag="TXT_KEY_NEWWORLD_SCENARIO_LEADER_PACAL_DISAGREE_SHORT_6">
      <Text>Bu kabul edilemez.</Text>
    </Row>
    <Row Tag="TXT_KEY_NEWWORLD_SCENARIO_LEADER_PACAL_DISAGREE_SHORT_7">
      <Text>Ciddi olamazsin!</Text>
    </Row>
    <!--Let's hear it -->
    <Row Tag="TXT_KEY_NEWWORLD_SCENARIO_LEADER_PACAL_LETSHEARIT_5">
      <Text>Simdi ne olacak?</Text>
    </Row>
    <Row Tag="TXT_KEY_NEWWORLD_SCENARIO_LEADER_PACAL_DECLAREWAR_1">
      <Text>Sadece bir kisi Uzun Sayim döngüsünün sonunu görecek kadar yasayabilir ve bu kisi kesinlikle sizin gibi akilsiz bir inançsiz olmayacaktir! Yikima hazirlanin.</Text>
    </Row>
    <Row Tag="TXT_KEY_NEWWORLD_SCENARIO_LEADER_PACAL_DECLAREWAR_2">
      <Text>Bir umut, tek bir umut kaldi.  Eger seni yenersem, belki de Tanri'nin insana olan inancini yenileyebilir ve yikim sellerini durdurabilirim.</Text>
    </Row>
    <Row Tag="TXT_KEY_NEWWORLD_SCENARIO_LEADER_PACAL_DECLAREWAR_3">
      <Text>Evet! Evet! Digerlerine benzemeyen bir fedakarlik yapilmali!  Tanrilarin gözyaslarini tüm halkinizin kaniyla durduracagim!</Text>
    </Row>
    <Row Tag="TXT_KEY_NEWWORLD_SCENARIO_LEADER_PACAL_ATTACKED_1">
      <Text>Evet! Evet! Digerlerine benzemeyen bir fedakarlik yapilmali!  Tanrilarin gözyaslarini tüm halkinizin kaniyla durduracagim!</Text>
    </Row>
    <Row Tag="TXT_KEY_NEWWORLD_SCENARIO_LEADER_PACAL_ATTACKED_2">
      <Text>Neden bu maskaralik ve gösterisli dansla ugrasiyoruz?  Bunlarin hiçbiri artik önemli degil, hiçbiri...</Text>
    </Row>
    <Row Tag="TXT_KEY_NEWWORLD_SCENARIO_LEADER_PACAL_ATTACKED_3">
      <Text>Döngü sona eriyor, bunu hissedebiliyorum.  Bu sadece baslangiç - zamanin sonu için çigligi serbest biraktiniz.</Text>
    </Row>
    <Row Tag="TXT_KEY_NEWWORLD_SCENARIO_LEADER_PACAL_ATTACKED_4">
      <Text>Bu da ne demek oluyor?  Günlerin sonunu hizlandirmak mi istiyorsunuz?  Elbette, zaten lanetli olan bu dünyayi yerle bir edelim.</Text>
    </Row>
  </Language_en_US>
</GameData>