﻿<?xml version="1.0" encoding="utf-8"?>
<GameData>
  <Language_en_US>
    <Row Tag="TXT_KEY_NEWWORLD_SCENARIO_LEADER_ISABELLA_AGREE_SHORT_1">
      <Text>Cok iyi.</Text>
    </Row>
    <Row Tag="TXT_KEY_NEWWORLD_SCENARIO_LEADER_ISABELLA_AGREE_SHORT_2">
      <Text>Tamam.</Text>
    </Row>
    <Row Tag="TXT_KEY_NEWWORLD_SCENARIO_LEADER_ISABELLA_AGREE_SHORT_3">
      <Text>Kesinlikle.</Text>
    </Row>
    <Row Tag="TXT_KEY_NEWWORLD_SCENARIO_LEADER_ISABELLA_AGREE_SHORT_4">
      <Text>Cennetin kutsamasiyla.</Text>
    </Row>
    <Row Tag="TXT_KEY_NEWWORLD_SCENARIO_LEADER_ISABELLA_ATTACKED_1">
      <Text>Bana saldirmaya cüret ediyorsun! Tanri adina, seni cezalandiracagim!</Text>
    </Row>
    <Row Tag="TXT_KEY_NEWWORLD_SCENARIO_LEADER_ISABELLA_ATTACKED_2">
      <Text>Seni igrenç seytan dölü, bunu ödeyeceksin!</Text>
    </Row>
    <Row Tag="TXT_KEY_NEWWORLD_SCENARIO_LEADER_ISABELLA_ATTACKED_3">
      <Text>Cennetin yardimiyla, seni kesinlikle yenecegim.</Text>
    </Row>
    <Row Tag="TXT_KEY_NEWWORLD_SCENARIO_LEADER_ISABELLA_DECLAREWAR_1">
      <Text>Cennetin kilici Seytan'in kalkanini nasil yaracaksa, ben de sizi öyle yok edecegim! Savasa hazirlanin!</Text>
    </Row>
    <Row Tag="TXT_KEY_NEWWORLD_SCENARIO_LEADER_ISABELLA_DECLAREWAR_2">
      <Text>Tanri seni affedebilir ama ben affetmeyecegim. Savasa hazirlanin!</Text>
    </Row>
    <Row Tag="TXT_KEY_NEWWORLD_SCENARIO_LEADER_ISABELLA_DECLAREWAR_3">
      <Text>Ruhun için dua ediyorum. Bedenini ise yok edecegim. Savasa hazirlanin!</Text>
    </Row>
    <Row Tag="TXT_KEY_NEWWORLD_SCENARIO_LEADER_ISABELLA_DEFEATED_1">
      <Text>Pekala. Bu kesinlikle Cennet'in istegi  boyun egmeliyim.</Text>
    </Row>
    <Row Tag="TXT_KEY_NEWWORLD_SCENARIO_LEADER_ISABELLA_DEFEATED_2">
      <Text>Her sey kayboldu. Kötülük zafer kazandi - simdilik. Ama dikkatli olun, çünkü Cennet sonunda kesinlikle galip gelecektir!</Text>
    </Row>
    <Row Tag="TXT_KEY_NEWWORLD_SCENARIO_LEADER_ISABELLA_DEFEATED_3">
      <Text>Her sey kayboldu. Kötülük zafer kazandi - simdilik. Ama dikkatli olun, çünkü Cennet sonunda kesinlikle galip gelecektir!</Text>
    </Row>
    <Row Tag="TXT_KEY_NEWWORLD_SCENARIO_LEADER_ISABELLA_DEMANDTRIBUTE_ANGRY">
      <Text>Hayattayken hayir isleri yaparak cehennemde kalis sürenizi kisaltabilirsiniz.</Text>
    </Row>
    <Row Tag="TXT_KEY_NEWWORLD_SCENARIO_LEADER_ISABELLA_DEMANDTRIBUTE_HAPPY">
      <Text>Dostum, inaniyorum ki Cennet bize sunlari vermeni isterdi.</Text>
    </Row>
    <Row Tag="TXT_KEY_NEWWORLD_SCENARIO_LEADER_ISABELLA_DEMANDTRIBUTE_NEUTRAL">
      <Text>Ispanya'nin günahkârlara karsi bitmek bilmeyen savasini finanse etmek için sizden asagidakilere ihtiyaci var.</Text>
    </Row>
    <Row Tag="TXT_KEY_NEWWORLD_SCENARIO_LEADER_ISABELLA_DISAGREE_SHORT_1">
      <Text>Cennetin önünde, yapmayacagim.</Text>
    </Row>
    <Row Tag="TXT_KEY_NEWWORLD_SCENARIO_LEADER_ISABELLA_DISAGREE_SHORT_2">
      <Text>Hayir.</Text>
    </Row>
    <Row Tag="TXT_KEY_NEWWORLD_SCENARIO_LEADER_ISABELLA_DISAGREE_SHORT_3">
      <Text>Kesinlikle olmaz.</Text>
    </Row>
    <Row Tag="TXT_KEY_NEWWORLD_SCENARIO_LEADER_ISABELLA_DISAGREE_SHORT_4">
      <Text>Bu kabul edilemez.</Text>
    </Row>
    <Row Tag="TXT_KEY_NEWWORLD_SCENARIO_LEADER_ISABELLA_DISAGREE_SHORT_5">
      <Text>Tabii ki hayir.</Text>
    </Row>
    <Row Tag="TXT_KEY_NEWWORLD_SCENARIO_LEADER_ISABELLA_DISAGREE_SHORT_6">
      <Text>Bu kabul edilemez.</Text>
    </Row>
    <Row Tag="TXT_KEY_NEWWORLD_SCENARIO_LEADER_ISABELLA_DISAGREE_SHORT_7">
      <Text>Ciddi olamazsin!</Text>
    </Row>
    <Row Tag="TXT_KEY_NEWWORLD_SCENARIO_LEADER_ISABELLA_FIRSTGREETING_1">
      <Text>Yüce Cennet'in lütfuyla, ben Ispanya Kraliçesi Isabella'yim. Adil bir hükümdar misiniz?</Text>
    </Row>
    <Row Tag="TXT_KEY_NEWWORLD_SCENARIO_LEADER_ISABELLA_FIRSTGREETING_2">
      <Text>Cennetin nimetleri onlari hak edenlerin üzerine yagsin! Ben Ispanya'nin Isabella'siyim.</Text>
    </Row>
    <Row Tag="TXT_KEY_NEWWORLD_SCENARIO_LEADER_ISABELLA_FIRSTGREETING_3">
      <Text>Ben Isabella, Ispanya'nin meshedilmis kraliçesiyim. Kâfir misin yoksa inançli mi?</Text>
    </Row>
    <Row Tag="TXT_KEY_NEWWORLD_SCENARIO_LEADER_ISABELLA_GOODBYE_1">
      <Text>Cennet sizi kutsasin!</Text>
    </Row>
    <Row Tag="TXT_KEY_NEWWORLD_SCENARIO_LEADER_ISABELLA_GOODBYE_2">
      <Text>Güle güle.</Text>
    </Row>
    <Row Tag="TXT_KEY_NEWWORLD_SCENARIO_LEADER_ISABELLA_GOODBYE_3">
      <Text>Tekrar görüsene kadar.</Text>
    </Row>
    <Row Tag="TXT_KEY_NEWWORLD_SCENARIO_LEADER_ISABELLA_GOODBYE_4">
      <Text>Simdi git buradan.</Text>
    </Row>
    <Row Tag="TXT_KEY_NEWWORLD_SCENARIO_LEADER_ISABELLA_GOODBYE_5">
      <Text>Hepsi bu kadar.</Text>
    </Row>
    <Row Tag="TXT_KEY_NEWWORLD_SCENARIO_LEADER_ISABELLA_GOODBYE_6">
      <Text>Elveda.</Text>
    </Row>
    <Row Tag="TXT_KEY_NEWWORLD_SCENARIO_LEADER_ISABELLA_GREETING_1">
      <Text>Nimetler.</Text>
    </Row>
    <Row Tag="TXT_KEY_NEWWORLD_SCENARIO_LEADER_ISABELLA_GREETING_2">
      <Text>Bereket üzerinize olsun.</Text>
    </Row>
    <Row Tag="TXT_KEY_NEWWORLD_SCENARIO_LEADER_ISABELLA_GREETING_3">
      <Text>Selamlar.</Text>
    </Row>
    <Row Tag="TXT_KEY_NEWWORLD_SCENARIO_LEADER_ISABELLA_GREETING_4">
      <Text>Oh, sensin.</Text>
    </Row>
    <Row Tag="TXT_KEY_NEWWORLD_SCENARIO_LEADER_ISABELLA_GREETING_5">
      <Text>Eee?</Text>
    </Row>
    <Row Tag="TXT_KEY_NEWWORLD_SCENARIO_LEADER_ISABELLA_GREETING_6">
      <Text>Ne istiyorsun?</Text>
    </Row>
    <Row Tag="TXT_KEY_NEWWORLD_SCENARIO_LEADER_ISABELLA_LETSHEARIT_1">
      <Text>Devam et.</Text>
    </Row>
    <Row Tag="TXT_KEY_NEWWORLD_SCENARIO_LEADER_ISABELLA_LETSHEARIT_2">
      <Text>Devam et.</Text>
    </Row>
    <Row Tag="TXT_KEY_NEWWORLD_SCENARIO_LEADER_ISABELLA_LETSHEARIT_3">
      <Text>Devam edin.</Text>
    </Row>
    <Row Tag="TXT_KEY_NEWWORLD_SCENARIO_LEADER_ISABELLA_LETSHEARIT_4">
      <Text>Dinliyorum.</Text>
    </Row>
    <Row Tag="TXT_KEY_NEWWORLD_SCENARIO_LEADER_ISABELLA_LETSHEARIT_5">
      <Text>Evet mi?</Text>
    </Row>
    <Row Tag="TXT_KEY_NEWWORLD_SCENARIO_LEADER_ISABELLA_LOSEWAR_1">
      <Text>Yenilmis bir düsmana merhamet ettiginiz için cennet sizi kesinlikle kutsayacaktir.</Text>
    </Row>
    <Row Tag="TXT_KEY_NEWWORLD_SCENARIO_LEADER_ISABELLA_TRADE_NEEDMORE_ANGRY_1">
      <Text>Açgözlülük bir günahtir ve sonsuz azaba yol açar. Teklifinizi iyilestirmeniz için dua ediyorum.</Text>
    </Row>
    <Row Tag="TXT_KEY_NEWWORLD_SCENARIO_LEADER_ISABELLA_TRADE_NEEDMORE_ANGRY_2">
      <Text>Bundan daha iyisini yapmalisin.</Text>
    </Row>
    <Row Tag="TXT_KEY_NEWWORLD_SCENARIO_LEADER_ISABELLA_TRADE_NEEDMORE_ANGRY_3">
      <Text>Bu yeterince iyi degil.</Text>
    </Row>
    <Row Tag="TXT_KEY_NEWWORLD_SCENARIO_LEADER_ISABELLA_TRADE_NEEDMORE_HAPPY_1">
      <Text>Açgözlülük günahtir. Teklifinizi gelistirmeyecek misiniz?</Text>
    </Row>
    <Row Tag="TXT_KEY_NEWWORLD_SCENARIO_LEADER_ISABELLA_TRADE_NEEDMORE_HAPPY_2">
      <Text>Yapabileceginin en iyisi bu mu?</Text>
    </Row>
    <Row Tag="TXT_KEY_NEWWORLD_SCENARIO_LEADER_ISABELLA_TRADE_NEEDMORE_HAPPY_3">
      <Text>Neredeyse vardin.</Text>
    </Row>
    <Row Tag="TXT_KEY_NEWWORLD_SCENARIO_LEADER_ISABELLA_TRADE_NEEDMORE_NEUTRAL_1">
      <Text>Cömertlik ruha iyi gelir. Teklifinizi gelistiremez misiniz?</Text>
    </Row>
    <Row Tag="TXT_KEY_NEWWORLD_SCENARIO_LEADER_ISABELLA_TRADE_NEEDMORE_NEUTRAL_2">
      <Text>Bu yeterince iyi degil."</Text>
    </Row>
    <Row Tag="TXT_KEY_NEWWORLD_SCENARIO_LEADER_ISABELLA_TRADE_NEEDMORE_NEUTRAL_3">
      <Text>Neredeyse...</Text>
    </Row>
    <Row Tag="TXT_KEY_NEWWORLD_SCENARIO_LEADER_ISABELLA_TRADE_NO_ANGRY">
      <Text>Senin yilan dilini dinlemeyecegim. Teklifin reddedildi.</Text>
    </Row>
    <Row Tag="TXT_KEY_NEWWORLD_SCENARIO_LEADER_ISABELLA_TRADE_NO_HAPPY">
      <Text>Ruhunuzun derinliklerini arastirirsaniz, teklifinizin adil olmadigini göreceksiniz. Reddetmek zorundayim.</Text>
    </Row>
    <Row Tag="TXT_KEY_NEWWORLD_SCENARIO_LEADER_ISABELLA_TRADE_NO_NEUTRAL">
      <Text>Cennet tarafindan halkimin servetinin koruyucusu olarak atandim. Teklifiniz adil degil ve bunu kabul edemem.</Text>
    </Row>
    <Row Tag="TXT_KEY_NEWWORLD_SCENARIO_LEADER_ISABELLA_TRADE_YES_ANGRY">
      <Text>Anlastik. Gidebilirsiniz.</Text>
    </Row>
    <Row Tag="TXT_KEY_NEWWORLD_SCENARIO_LEADER_ISABELLA_TRADE_YES_HAPPY">
      <Text>Siz gerçekten adil ve hakkaniyetli bir müzakerecisiniz. Ayni fikirdeyiz.</Text>
    </Row>
    <Row Tag="TXT_KEY_NEWWORLD_SCENARIO_LEADER_ISABELLA_TRADE_YES_NEUTRAL">
      <Text>Sartlariniz adil. Kabul ediyoruz.</Text>
    </Row>
    <Row Tag="TXT_KEY_NEWWORLD_SCENARIO_LEADER_ISABELLA_TRADEREQUEST_ANGRY">
      <Text>Ispanya'nin hükümdari olarak, bazen hosnut olmadigim insanlara muamele etmek benim görevimdir. Simdi böyle bir zaman.</Text>
    </Row>
    <Row Tag="TXT_KEY_NEWWORLD_SCENARIO_LEADER_ISABELLA_TRADEREQUEST_HAPPY">
      <Text>Sevgili dostum, bu ticaretin ikimize de fayda saglayacagina ve düsmanlarimizin kafasini karistiracagina inaniyorum.</Text>
    </Row>
    <Row Tag="TXT_KEY_NEWWORLD_SCENARIO_LEADER_ISABELLA_TRADEREQUEST_NEUTRAL">
      <Text>Umarim bu ticaret sizin onayinizi alir.</Text>
    </Row>
    <Row Tag="TXT_KEY_NEWWORLD_SCENARIO_LEADER_ISABELLA_TRIBUTE_NO_ANGRY">
      <Text>Buna cüret mi ediyorsun? Bu cüretiniz yüzünden yildirim çarpmamis olmaniza hayret ediyorum!</Text>
    </Row>
    <Row Tag="TXT_KEY_NEWWORLD_SCENARIO_LEADER_ISABELLA_TRIBUTE_NO_HAPPY">
      <Text>Su anda size istediginizi veremem - ama kurtulusunuz için dua edecegime söz veriyorum.</Text>
    </Row>
    <Row Tag="TXT_KEY_NEWWORLD_SCENARIO_LEADER_ISABELLA_TRIBUTE_NO_NEUTRAL">
      <Text>Böyle bir cömertlige layik degilsin.</Text>
    </Row>
    <Row Tag="TXT_KEY_NEWWORLD_SCENARIO_LEADER_ISABELLA_TRIBUTE_YES_ANGRY">
      <Text>Günahkâr kalbinizin bizim özverili cömertligimiz karsisinda utanç duymasi için dua ediyorum.</Text>
    </Row>
    <Row Tag="TXT_KEY_NEWWORLD_SCENARIO_LEADER_ISABELLA_TRIBUTE_YES_HAPPY">
      <Text>Tabii ki: dogru olanlar inanmayanlara karsi birlikte durmalidir!</Text>
    </Row>
    <Row Tag="TXT_KEY_NEWWORLD_SCENARIO_LEADER_ISABELLA_TRIBUTE_YES_NEUTRAL">
      <Text>Kesinlikle: Cennet bize muhtaçlara cömertçe vermemizi emreder.</Text>
    </Row>
    <Row Tag="TXT_KEY_NEWWORLD_SCENARIO_LEADER_ISABELLA_WARBLUFF_1">
      <Text>Cennet seni hayal kirikligina ugratti.</Text>
    </Row>
    <Row Tag="TXT_KEY_NEWWORLD_SCENARIO_LEADER_ISABELLA_WARBLUFF_2">
      <Text>Tehlikeli bir oyun oynuyorsunuz.</Text>
    </Row>
    <Row Tag="TXT_KEY_NEWWORLD_SCENARIO_LEADER_ISABELLA_WARBLUFF_3">
      <Text>Pekala. Bir dahaki sefere bu kadar kibar olmayacagim!</Text>
    </Row>
    <Row Tag="TXT_KEY_NEWWORLD_SCENARIO_LEADER_ISABELLA_WINWAR_1">
      <Text>Cennet bizden merhametli olmamizi istedigi için sanslisiniz, yoksa sizi yok ederdim.</Text>
    </Row>
  </Language_en_US>
</GameData>