﻿<?xml version="1.0" encoding="utf-8"?>
<!--Sid Meier's Civilization V -->
<!--Copyright Firaxis Games 2010 -->
<GameData>
  <Language_en_US>
    <!--General phrases -->
    <!--Greeting (first time meeting) -->
    <Row Tag="TXT_KEY_NEWWORLD_SCENARIO_LEADER_WILLIAM_FIRSTGREETING_1">
      <Text>Ben Hollanda'dan Orange'li William.  Bir seye mi ihtiyaciniz vardi? Oldukça mesgulüm.</Text>
    </Row>
    <Row Tag="TXT_KEY_NEWWORLD_SCENARIO_LEADER_WILLIAM_FIRSTGREETING_2">
      <Text>Hollanda'da ne isiniz var? Ben Orange'li William'im, onun egemen hükümdariyim.</Text>
    </Row>
    <Row Tag="TXT_KEY_NEWWORLD_SCENARIO_LEADER_WILLIAM_FIRSTGREETING_3">
      <Text>Hollanda'nin babasi Orange'li William'in sarayina hos geldiniz.  Orada öylece durmayin... Ne istiyorsunuz?</Text>
    </Row>
    <!--Reacts to his bluff being called -->
    <Row Tag="TXT_KEY_NEWWORLD_SCENARIO_LEADER_WILLIAM_WARBLUFF_1">
      <Text>Ne zaman kaybi.</Text>
    </Row>
    <Row Tag="TXT_KEY_NEWWORLD_SCENARIO_LEADER_WILLIAM_WARBLUFF_2">
      <Text>Bu çok saçma.</Text>
    </Row>
    <Row Tag="TXT_KEY_NEWWORLD_SCENARIO_LEADER_WILLIAM_WARBLUFF_3">
      <Text>Ne kadar aptalsin.</Text>
    </Row>
    <!--Gloats after winning a war -->
    <Row Tag="TXT_KEY_NEWWORLD_SCENARIO_LEADER_WILLIAM_WINWAR_1">
      <Text>Bu size bir ders olsun... umarim hatirlanir.</Text>
    </Row>
    <Row Tag="TXT_KEY_NEWWORLD_SCENARIO_LEADER_WILLIAM_WINWAR_2">
      <Text>Zavalli, yabanci bir parali askerden farkin yok.  Beni yenmek için çok daha iyisini yapman gerekecek.</Text>
    </Row>
    <!--Submissive after losing a war -->
    <Row Tag="TXT_KEY_NEWWORLD_SCENARIO_LEADER_WILLIAM_LOSEWAR_1">
      <Text>... Akil almaz!  Beni alt etmek için hangi hileyi kullandin?</Text>
    </Row>
    <Row Tag="TXT_KEY_NEWWORLD_SCENARIO_LEADER_WILLIAM_LOSEWAR_2">
      <Text>Bunu unutmayacagim.  Sözlerimi unutma.</Text>
    </Row>
    <!--Defeated and removed from game -->
    <Row Tag="TXT_KEY_NEWWORLD_SCENARIO_LEADER_WILLIAM_DEFEATED_1">
      <Text>Tanrim, ruhuma merhamet et  Tanrim, bunlara, zavalli halkima merhamet et.</Text>
    </Row>
    <Row Tag="TXT_KEY_NEWWORLD_SCENARIO_LEADER_WILLIAM_DEFEATED_2">
      <Text>Belki de böylesi daha iyi... Simdi en azindan sevgili ulusumu yok edisinize tanik olmayacagim.</Text>
    </Row>
    <Row Tag="TXT_KEY_NEWWORLD_SCENARIO_LEADER_WILLIAM_DEFEATED_3">
      <Text>Lanet olsun sana! Halkimi tüm yabanci boyunduruklardan kurtarmayi umuyordum, ama görünen o ki sizinkiler altinda aci çekmeye devam edecekler.</Text>
    </Row>
    <!--Neutral -->
    <!--Greetings (subsequent meetings) -->
    <Row Tag="TXT_KEY_NEWWORLD_SCENARIO_LEADER_WILLIAM_GREETING_1">
      <Text>Iyi günler.</Text>
    </Row>
    <Row Tag="TXT_KEY_NEWWORLD_SCENARIO_LEADER_WILLIAM_GREETING_2">
      <Text>Selamlar.</Text>
    </Row>
    <!--Goodbye -->
    <Row Tag="TXT_KEY_NEWWORLD_SCENARIO_LEADER_WILLIAM_GOODBYE_1">
      <Text>Tekrar görüsene kadar.</Text>
    </Row>
    <Row Tag="TXT_KEY_NEWWORLD_SCENARIO_LEADER_WILLIAM_GOODBYE_2">
      <Text>Güle güle.</Text>
    </Row>
    <!--Trade offer from player - yes -->
    <Row Tag="TXT_KEY_NEWWORLD_SCENARIO_LEADER_WILLIAM_TRADE_YES_NEUTRAL">
      <Text>Cok iyi.</Text>
    </Row>
    <!--Trade offer from player - sweeten the deal -->
    <Row Tag="TXT_KEY_NEWWORLD_SCENARIO_LEADER_WILLIAM_TRADE_NEEDMORE_NEUTRAL_1">
      <Text>Bunun beni neden ilgilendirmesi gerektigini hâlâ anlamis degilim.</Text>
    </Row>
    <Row Tag="TXT_KEY_NEWWORLD_SCENARIO_LEADER_WILLIAM_TRADE_NEEDMORE_NEUTRAL_2">
      <Text>Biraz daha iyisini yapabilir misin?</Text>
    </Row>
    <Row Tag="TXT_KEY_NEWWORLD_SCENARIO_LEADER_WILLIAM_TRADE_NEEDMORE_NEUTRAL_3">
      <Text>Bu yeterince iyi degil.</Text>
    </Row>
    <Row Tag="TXT_KEY_NEWWORLD_SCENARIO_LEADER_WILLIAM_TRADE_NEEDMORE_NEUTRAL_4">
      <Text>Neredeyse ...</Text>
    </Row>
    <!--Trade offer from player - no -->
    <Row Tag="TXT_KEY_NEWWORLD_SCENARIO_LEADER_WILLIAM_TRADE_NO_NEUTRAL">
      <Text>Ilgilenmiyorum.</Text>
    </Row>
    <!--Demand for tribute from player - yes -->
    <Row Tag="TXT_KEY_NEWWORLD_SCENARIO_LEADER_WILLIAM_TRIBUTE_YES_NEUTRAL">
      <Text>Bu son olacak, sana söz veriyorum.</Text>
    </Row>
    <!--Demand for tribute from player - no -->
    <Row Tag="TXT_KEY_NEWWORLD_SCENARIO_LEADER_WILLIAM_TRIBUTE_NO_NEUTRAL">
      <Text>... Ciddi miydin?</Text>
    </Row>
    <!--Requests a trade -->
    <Row Tag="TXT_KEY_NEWWORLD_SCENARIO_LEADER_WILLIAM_TRADEREQUEST_NEUTRAL">
      <Text>Gel, sanirim ilgini çekecek bir seyim var.</Text>
    </Row>
    <!--Demands tribute -->
    <Row Tag="TXT_KEY_NEWWORLD_SCENARIO_LEADER_WILLIAM_DEMANDTRIBUTE_NEUTRAL">
      <Text>Bu noktada minnettarliginizin küçük bir göstergesi çok makbule geçecektir.</Text>
    </Row>
    <!--Agrees -->
    <Row Tag="TXT_KEY_NEWWORLD_SCENARIO_LEADER_WILLIAM_AGREE_SHORT_1">
      <Text>Tamam.</Text>
    </Row>
    <Row Tag="TXT_KEY_NEWWORLD_SCENARIO_LEADER_WILLIAM_AGREE_SHORT_2">
      <Text>Cok iyi.</Text>
    </Row>
    <!--Disagrees -->
    <Row Tag="TXT_KEY_NEWWORLD_SCENARIO_LEADER_WILLIAM_DISAGREE_SHORT_1">
      <Text>Reddetmek zorundayim.</Text>
    </Row>
    <Row Tag="TXT_KEY_NEWWORLD_SCENARIO_LEADER_WILLIAM_DISAGREE_SHORT_2">
      <Text>... Hayir.</Text>
    </Row>
    <!--Let's hear it -->
    <Row Tag="TXT_KEY_NEWWORLD_SCENARIO_LEADER_WILLIAM_LETSHEARIT_1">
      <Text>Ne?</Text>
    </Row>
    <Row Tag="TXT_KEY_NEWWORLD_SCENARIO_LEADER_WILLIAM_LETSHEARIT_2">
      <Text>Evet.</Text>
    </Row>
    <!--Happy -->
    <!--Greetings (subsequent meetings) -->
    <Row Tag="TXT_KEY_NEWWORLD_SCENARIO_LEADER_WILLIAM_GREETING_3">
      <Text>Hos geldiniz.</Text>
    </Row>
    <Row Tag="TXT_KEY_NEWWORLD_SCENARIO_LEADER_WILLIAM_GREETING_4">
      <Text>Tekrar merhaba.</Text>
    </Row>
    <!--Goodbye -->
    <Row Tag="TXT_KEY_NEWWORLD_SCENARIO_LEADER_WILLIAM_GOODBYE_3">
      <Text>Elveda.</Text>
    </Row>
    <Row Tag="TXT_KEY_NEWWORLD_SCENARIO_LEADER_WILLIAM_GOODBYE_4">
      <Text>Güle güle.</Text>
    </Row>
    <!--Trade offer from player - yes -->
    <Row Tag="TXT_KEY_NEWWORLD_SCENARIO_LEADER_WILLIAM_TRADE_YES_HAPPY">
      <Text>Anlastik.</Text>
    </Row>
    <!--Trade offer from player - sweeten the deal -->
    <Row Tag="TXT_KEY_NEWWORLD_SCENARIO_LEADER_WILLIAM_TRADE_NEEDMORE_HAPPY_1">
      <Text>Bunu vicdanim rahat bir sekilde kabul edemem, henüz degil ...</Text>
    </Row>
    <Row Tag="TXT_KEY_NEWWORLD_SCENARIO_LEADER_WILLIAM_TRADE_NEEDMORE_HAPPY_2">
      <Text>Yapabileceginin en iyisi bu mu?</Text>
    </Row>
    <Row Tag="TXT_KEY_NEWWORLD_SCENARIO_LEADER_WILLIAM_TRADE_NEEDMORE_HAPPY_3">
      <Text>Neredeyse vardiniz...</Text>
    </Row>
    <!--Trade offer from player - no -->
    <Row Tag="TXT_KEY_NEWWORLD_SCENARIO_LEADER_WILLIAM_TRADE_NO_HAPPY">
      <Text>... Hayir.</Text>
    </Row>
    <!--Demand for tribute from player - yes -->
    <Row Tag="TXT_KEY_NEWWORLD_SCENARIO_LEADER_WILLIAM_TRIBUTE_YES_HAPPY">
      <Text>Ihtiyaci olan bir müttefikimize her zaman yardim etmeye haziriz.</Text>
    </Row>
    <!--Demand for tribute from player - no -->
    <Row Tag="TXT_KEY_NEWWORLD_SCENARIO_LEADER_WILLIAM_TRIBUTE_NO_HAPPY">
      <Text>Bu sefer olmaz, dostum.  Ugrasmamiz gereken kendi sorunlarimiz var.</Text>
    </Row>
    <!--Requests a trade -->
    <Row Tag="TXT_KEY_NEWWORLD_SCENARIO_LEADER_WILLIAM_TRADEREQUEST_HAPPY">
      <Text>Her iki halkin da bu anlasmadan kazançli çikacagina inaniyorum.</Text>
    </Row>
    <!--Demands tribute -->
    <Row Tag="TXT_KEY_NEWWORLD_SCENARIO_LEADER_WILLIAM_DEMANDTRIBUTE_HAPPY">
      <Text>Yardimin büyük takdir görecektir, dostum.  Yardimsever cömertliginiz meshurdur.</Text>
    </Row>
    <!--Agrees -->
    <Row Tag="TXT_KEY_NEWWORLD_SCENARIO_LEADER_WILLIAM_AGREE_SHORT_3">
      <Text>Kesinlikle.</Text>
    </Row>
    <!--Disagrees -->
    <Row Tag="TXT_KEY_NEWWORLD_SCENARIO_LEADER_WILLIAM_DISAGREE_SHORT_3">
      <Text>Kesinlikle olmaz.</Text>
    </Row>
    <Row Tag="TXT_KEY_NEWWORLD_SCENARIO_LEADER_WILLIAM_DISAGREE_SHORT_4">
      <Text>Reddediyoruz.</Text>
    </Row>
    <!--Let's hear it -->
    <Row Tag="TXT_KEY_NEWWORLD_SCENARIO_LEADER_WILLIAM_LETSHEARIT_3">
      <Text>Devam edin.</Text>
    </Row>
    <Row Tag="TXT_KEY_NEWWORLD_SCENARIO_LEADER_WILLIAM_LETSHEARIT_4">
      <Text>Dinliyorum.</Text>
    </Row>
    <!--Angry -->
    <!--Greetings (subsequent meetings) -->
    <Row Tag="TXT_KEY_NEWWORLD_SCENARIO_LEADER_WILLIAM_GREETING_5">
      <Text>Oh, sensin.</Text>
    </Row>
    <Row Tag="TXT_KEY_NEWWORLD_SCENARIO_LEADER_WILLIAM_GREETING_6">
      <Text>Ne istiyorsun?</Text>
    </Row>
    <!--Goodbye -->
    <Row Tag="TXT_KEY_NEWWORLD_SCENARIO_LEADER_WILLIAM_GOODBYE_5">
      <Text>Hepsi bu kadar.</Text>
    </Row>
    <Row Tag="TXT_KEY_NEWWORLD_SCENARIO_LEADER_WILLIAM_GOODBYE_6">
      <Text>Git basimdan.</Text>
    </Row>
    <!--Trade offer from player - yes -->
    <Row Tag="TXT_KEY_NEWWORLD_SCENARIO_LEADER_WILLIAM_TRADE_YES_ANGRY">
      <Text>Anlastik.</Text>
    </Row>
    <!--Trade offer from player - sweeten the deal -->
    <Row Tag="TXT_KEY_NEWWORLD_SCENARIO_LEADER_WILLIAM_TRADE_NEEDMORE_ANGRY_1">
      <Text>Bana ikinci karimi hatirlatmaya basliyorsun, o da oldukça deliydi...</Text>
    </Row>
    <Row Tag="TXT_KEY_NEWWORLD_SCENARIO_LEADER_WILLIAM_TRADE_NEEDMORE_ANGRY_2">
      <Text>Bu yeterince iyi degil.</Text>
    </Row>
    <Row Tag="TXT_KEY_NEWWORLD_SCENARIO_LEADER_WILLIAM_TRADE_NEEDMORE_ANGRY_3">
      <Text>Bundan daha iyisini yapmalisin.</Text>
    </Row>
    <Row Tag="TXT_KEY_NEWWORLD_SCENARIO_LEADER_WILLIAM_TRADE_NEEDMORE_ANGRY_4">
      <Text>Neredeyse ...</Text>
    </Row>
    <!--Trade offer from player - no -->
    <Row Tag="TXT_KEY_NEWWORLD_SCENARIO_LEADER_WILLIAM_TRADE_NO_ANGRY">
      <Text>Bunun beni etkisiz hale getirmek için bir komplo oldugundan süphelenmeye basliyorum.  Git basimdan!</Text>
    </Row>
    <!--Demand for tribute from player - yes -->
    <Row Tag="TXT_KEY_NEWWORLD_SCENARIO_LEADER_WILLIAM_TRIBUTE_YES_ANGRY">
      <Text>... Güzel.</Text>
    </Row>
    <!--Demand for tribute from player - no -->
    <Row Tag="TXT_KEY_NEWWORLD_SCENARIO_LEADER_WILLIAM_TRIBUTE_NO_ANGRY">
      <Text>Cennetin altindaki hiçbir kosulda bu asla kabul edilemez.</Text>
    </Row>
    <!--Requests a trade -->
    <Row Tag="TXT_KEY_NEWWORLD_SCENARIO_LEADER_WILLIAM_TRADEREQUEST_ANGRY">
      <Text>Ne kadar aci olsa da halkim gururumdan önce gelir.</Text>
    </Row>
    <!--Demands tribute -->
    <Row Tag="TXT_KEY_NEWWORLD_SCENARIO_LEADER_WILLIAM_DEMANDTRIBUTE_ANGRY">
      <Text>Eger beni yatistirirsaniz, sefil varliginiza devam etmenize izin verecegim.</Text>
    </Row>
    <!--Agrees -->
    <Row Tag="TXT_KEY_NEWWORLD_SCENARIO_LEADER_WILLIAM_AGREE_SHORT_4">
      <Text>Sanirim yapmaliyim.</Text>
    </Row>
    <!--Disagrees -->
    <Row Tag="TXT_KEY_NEWWORLD_SCENARIO_LEADER_WILLIAM_DISAGREE_SHORT_5">
      <Text>Pardon?</Text>
    </Row>
    <Row Tag="TXT_KEY_NEWWORLD_SCENARIO_LEADER_WILLIAM_DISAGREE_SHORT_6">
      <Text>Bu kabul edilemez.</Text>
    </Row>
    <Row Tag="TXT_KEY_NEWWORLD_SCENARIO_LEADER_WILLIAM_DISAGREE_SHORT_7">
      <Text>Ciddi olamazsin!</Text>
    </Row>
    <!--Let's hear it -->
    <Row Tag="TXT_KEY_NEWWORLD_SCENARIO_LEADER_WILLIAM_LETSHEARIT_5">
      <Text>Yüksek sesle konus.</Text>
    </Row>
    <Row Tag="TXT_KEY_NEWWORLD_SCENARIO_LEADER_WILLIAM_DECLAREWAR_1">
      <Text>Uygun olmayan bir hükümdar oldugunu kanitladin ve halkinin çigliklarina daha fazla dayanamayacagim.  Senin zulmünden kurtulacaklar.</Text>
    </Row>
    <Row Tag="TXT_KEY_NEWWORLD_SCENARIO_LEADER_WILLIAM_DECLAREWAR_2">
      <Text>Bizi bu talihsiz olaylara sürükleyen ne yaptiginizi biliyorsunuz.</Text>
    </Row>
    <Row Tag="TXT_KEY_NEWWORLD_SCENARIO_LEADER_WILLIAM_DECLAREWAR_3">
      <Text>Savastan ne kadar nefret etsem de, varliginizi ortadan kaldirmayi bir tür kamu hizmeti olarak görüyorum.</Text>
    </Row>
    <Row Tag="TXT_KEY_NEWWORLD_SCENARIO_LEADER_WILLIAM_ATTACKED_1">
      <Text>Hayatlarin bu sekilde hiçe sayilmasina müsamaha gösterilmeyecektir.</Text>
    </Row>
    <Row Tag="TXT_KEY_NEWWORLD_SCENARIO_LEADER_WILLIAM_ATTACKED_2">
      <Text>... Bahse girerim öyledir.</Text>
    </Row>
    <Row Tag="TXT_KEY_NEWWORLD_SCENARIO_LEADER_WILLIAM_ATTACKED_3">
      <Text>Kendine insanlarin hükümdari diyorsun ama benim tek gördügüm süslü püslü giysiler içindeki bir barbar.</Text>
    </Row>
    <Row Tag="TXT_KEY_NEWWORLD_SCENARIO_LEADER_WILLIAM_QUOTE_1">
      <Text>Ülkemin mahvolusunu asla görmeyecegimden emin olabilecegim kesin bir yol var - son hendekte ölecegim.</Text>
    </Row>
    <Row Tag="TXT_KEY_NEWWORLD_SCENARIO_LEADER_WILLIAM_QUOTE_2">
      <Text>Harekete geçmek için umut etmek ya da sebat etmek için basarili olmak gerekmez.</Text>
    </Row>
  </Language_en_US>
</GameData>