﻿<?xml version="1.0" encoding="utf-8"?>
<!-- edited with XMLSPY v2004 rel. 2 U (http://www.xmlspy.com) by Ed Beach (Firaxis Games) -->
<GameData>
  <Language_en_US>
    <Row Tag="TXT_KEY_NEWWORLD_SCENARIO_TITLE">
      <Text>Yeni Dünya'nin Fethi</Text>
    </Row>
    <Row Tag="TXT_KEY_NEWWORLD_SCENARIO_DESC">
      <Text>Dogu'ya giden bir geçit aramak için batiya yelken açin ve ne bulacaginizi görün.  Ya da denizden gelen beklenmedik bir tehditle karsi karsiya kalan bir Kizilderili uygarligi olarak oynayin.</Text>
    </Row>
    <Row Tag="TXT_KEY_NEWWORLD_SCENARIO_CIV5_DAWN_NEWWORLD_TEXT">
      <Text>SENARYO ACIKLAMASI[NEWLINE]Yil 1492. Ingiltere, Fransa ve Ispanya saraylarina, Cin ve Hint Adalari'na giden bati rotasini bulmak için Atlantik'i geçmeye hevesli cesur kasifler gelir. Yeni bir ticaret yolu bulup Asya kiyilarindaki anlatilmamis zenginlikleri ortaya çikarabilecekler mi? Yoksa yollari boyunca kesfedilmemis topraklarda karaya mi oturacaklar? Yerli halklar kendilerine sunulan bilgi ve ticaret olanaklarina açik olacaklar mi, yoksa anavatanlarini isgal edenlere karsi savasacaklar mi? Bilinmeyen sularda cesurca ilerleyenleri ne gibi zenginlikler, söhret ve firsatlar bekliyor? Siz hangi yolu seçeceksiniz? Bu Yeni Dünya üzerindeki üstünlük mücadelesinde kim galip gelecek?[NEWLINE][NEWLINE]ZAFER KOSULLARI[NEWLINE]Zafer, 1000 VP skoruna ulasan ilk uygarligin olacak. Kesif Karavani ile Cin'e ulastiginizda ve Hazine birimlerini baskentinize geri getirdiginizde bonus VP kazanirsiniz. Alti medeniyetin her birini deneyerek istediginiz kadar oynayin: Amerika haritasi her yeni oyuna basladiginizda degisir.[NEWLINE][NEWLINE]ÖZEL KURALLAR[NEWLINE]Denizdeki birimler, dost topraklarin disinda bitirdikleri her turda sagliklarini kaybetmelerine neden olabilecek bir "terfi" olan Iskorbüt hastaligina yakalanirlar. Bu hastalikla mücadele etmek için ulusal bir mucize olan Navigasyon Okulunu insa edin. Avrupali güçler, içlerinden biri Korsanlik teknolojisini arastirana kadar birbirlerine savas ilan edemezler. Hazine birimleri sehirler yerle bir edildiginde veya El Dorado ve Potosi doga harikalarindan (eger bu haritada varsa) elde edilir. Altin ve VP kazanmak için bu sivil birimleri baskentinize tasiyin.</Text>
    </Row>
    <Row Tag="TXT_KEY_NEWWORLD_SCENARIO_TURNSREMAINING">
      <Text>Sola Dönüyor: {1_TurnsRemaining}</Text>
    </Row>
    <Row Tag="TXT_KEY_NEWWORLD_SCENARIO_BRIEFING">
      <Text>Brifing</Text>
    </Row>
    <Row Tag="TXT_KEY_NEWWORLD_SCENARIO_VP_FUTURE_TECH">
      <Text>Hazineler</Text>
    </Row>
    <Row Tag="TXT_KEY_NEWWORLD_SCENARIO_VP_WONDERS">
      <Text>Harikalar</Text>
    </Row>
    <Row Tag="TXT_KEY_NEWWORLD_SCENARIO_DIPLO_MY_SCORE_FUTURE_TECH">
      <Text>{1_Num} Hazineler'den</Text>
    </Row>
    <Row Tag="TXT_KEY_NEWWORLD_SCENARIO_DIPLO_MY_SCORE_WONDERS">
      <Text>{1_Num} Wonders'dan</Text>
    </Row>
    <Row Tag="TXT_KEY_NEWWORLD_SCENARIO_DIPLO_MAY_NOT_ATTACK_MOD">
      <Text>Korsanlik teknolojisini arastirana kadar bu oyuncuya saldiramazsiniz.</Text>
    </Row>
    <Row Tag="TXT_KEY_NEWWORLD_SCENARIO_TECH_IMPERIALISM_DESC">
      <Text>En temel biçimiyle Emperyalizm, bir ulus ile digeri arasinda, birincinin ikinci ülke üzerinde bir miktar kontrole sahip oldugu - genellikle bir tür imparatorluk biçiminde - esit olmayan bir iliskiyi tanimlar.  Emperyalist hanedanlara Cin'den Roma'ya ve Britanya'ya kadar dünyanin tüm tarihlerinde rastlamak mümkündür ve bir kavram olarak emperyalizm binlerce yildir, genel olarak hükümetler kadar uzun bir süredir varligini sürdürmektedir.  Ancak "emperyalizm" terimi, Ispanya, Ingiltere, Belçika ve Hollanda gibi uluslarin Amerika kitasiyla hizla emperyal baglar kurarken izledikleri dis politika ve islemleri tanimlamak için kullanilmaya baslandigi 16. yüzyila kadar ortaya atilmamistir. [NEWLINE][NEWLINE]Emperyalizm geleneksel olarak büyük, ikonik, militarist imparatorluklarla baglantili olsa da, çok daha incelikli bir sekilde de sergilenebilir.  Zayif bir devletin hükümetinin resmi olarak kontrol edilmesi her zaman gerekli degildir ve daha güçlü bir medeniyet bazen zayif bir medeniyeti sadece dolayli ekonomik, siyasi veya dini yollarla kontrol edebilir.</Text>
    </Row>
    <Row Tag="TXT_KEY_NEWWORLD_SCENARIO_TECH_IMPERIALISM_QUOTE">
      <Text>[NEWLINE][TAB][TAB] "Emperyalizm kagittan bir kaplandir."[NEWLINE][TAB][TAB] - Mao Zedong[NEWLINE][TAB]</Text>
    </Row>
    <Row Tag="TXT_KEY_NEWWORLD_SCENARIO_TECH_NAVAL_TRADITION_DESC">
      <Text>Denizcilik Gelenegi hem bir medeniyetin deniz yolculuguna ve daimi bir donanmaya olan bagliligini hem de bu donanmalar tarafindan kullanilan bireysel gelenek ve görenekleri tanimlar.  Britanya ve Ispanya gibi birçok ada ve okyanus kiyisi uygarligi, okyanus ekonomik ve siyasi gelisimlerinde önemli bir rol oynadigi için uzun süredir devam eden denizcilik geleneklerine sahiptir.  Karayla çevrili bazi ülkeler barisi korumak ve savaslari yürütmek için profesyonel askerler istihdam ederken, denizcilikle ilgilenen uygarliklar karaya bagli ordular yerine filolar ve gemi filolari bulundurarak düsman gemileri ve korsanlar için dalgalarda dolasmislardir. [NEWLINE][NEWLINE] Ilk donanmalarda dogan birçok gelenek bugün hala denizciler tarafindan takip edilmektedir ve digerleri geminin sinirlarinin ötesine geçerek karadaki insanlara yayilmistir. Ispanyol paça pantolon giymek, ceketlerde dekoratif kol dügmeleri kullanmak veya "P ve Q'lariniza dikkat etmek" gibi bazi uygulamalarin kökleri denizcilik geleneklerine dayanmaktadir.</Text>
    </Row>
    <Row Tag="TXT_KEY_NEWWORLD_SCENARIO_TECH_NAVAL_TRADITION_HELP">
      <Text>YENI DÜNYA'larin Yükselisi</Text>
    </Row>
    <Row Tag="TXT_KEY_NEWWORLD_SCENARIO_TECH_NAVAL_TRADITION_QUOTE">
      <Text>[NEWLINE][TAB][TAB] "Bana donanma geleneklerinden bahsetmeyin. Rom, oglancilik ve kirbaçtan baska bir sey degildir."[NEWLINE][TAB][TAB] - Winston Churchill[NEWLINE][TAB]</Text>
    </Row>
    <Row Tag="TXT_KEY_NEWWORLD_SCENARIO_TECH_PROSOLDIERS_DESC">
      <Text>Profesyonel askerler, çogu eski uygarligin sergiledigi derme çatma milislere kiyasla belirgin bir ilerlemedir.  Bu tam zamanli askerler daha iyi donanima sahiptir, daha iyi egitimlidir ve her seyiyle deri ceketi ve dirgeni olan ortalama bir çiftçiden daha etkilidir.  Roma Imparatorlugu dünyanin profesyonel askerlerden olusan ilk daimi ordularindan birini kurmus ve bu ordular askeri zaferlerinde kilit rol oynamistir. Avrupa'da ilk profesyonel askerlerden bazilari 1445 yilinda Fransa Krali 7. Charles ve daha sonra 1685 yilinda Ingiltere Krali 2. James tarafindan istihdam edilmistir.[NEWLINE][NEWLINE]Profesyonel askerler modern bir medeniyetin ordusunun ve savunma sisteminin temel bir parçasidir ve dünyanin gelismis ülkelerinin çogunda istihdam edilmektedir.</Text>
    </Row>
    <Row Tag="TXT_KEY_NEWWORLD_SCENARIO_TECH_PROSOLDIERS_QUOTE">
      <Text>[NEWLINE][TAB][TAB] "Meslegim askerlik olmasina ragmen, savasa karsi hiçbir zaman bir düskünlük hissetmedim ve barisin bir araci olmasi disinda onu hiçbir zaman savunmadim."[NEWLINE][TAB][TAB] - Ulysses S. Grant[NEWLINE][TAB]</Text>
    </Row>
    <Row Tag="TXT_KEY_NEWWORLD_SCENARIO_TECH_PIRACY_DESC">
      <Text>Baskin, yagma, denizde tarifsiz siddet - bir korsanin hayati güzeldir.  Popüler film ve medya tarafindan sik sik romantiklestirilen korsanlar, genç kitleleri eglendiren esprili Kaptan Jack Serçeler ve Korsan Krallardan baska bir sey degildir. Bu deniz suçlulari diger gemilerden zorla yük almis, sahil kasabalarina baskinlar düzenlemis ve medeni toplumun tüm formlari için genel bir tehdit olusturmuslardir. Korsanlik muhtemelen medeniyetler mallari ve insanlari denizlere tasidigi sürece var olmustur - korsanlikla ilgili en eski kayitlardan biri M.Ö. 13. yüzyila kadar uzanmaktadir.[NEWLINE][NEWLINE]En ünlü korsanlik hikayelerinden bazilari, kiyi köylerine ve holdinglere terör estiren Avrupali Vikinglere ve genellikle altinla dolu Ispanyol hazine gemilerini ele geçirmeyi seven Karayip korsanlarina atfedilir.  Bu "klasik" korsanlik dönemi, filmlerde ve kitaplarda en sik tasvir edilen dönemdir ve yaklasik 1560'tan 1720'ye kadar sürmüstür.  Kiliçli ve gösterisli sapkali bu meshur korsan artik kurgu eserlerde kalsa da, korsanlik hala birçok suda, özellikle de Arap Yarimadasi kiyilarinda yaygin olarak görülmektedir.   Ancak korsanlik, yasal bir hükümet tarafindan genellikle savas zamani yararina izin verilen bir deniz akini biçimi olan korsanlik eylemi ile karistirilmamali ya da birbiriyle degistirilmemelidir.</Text>
    </Row>
    <Row Tag="TXT_KEY_NEWWORLD_SCENARIO_TECH_PIRACY_HELP">
      <Text>[COLOR_POSITIVE_TEXT]Privateer[ENDCOLOR] insa etmenizi ve Avrupali güçlerin birbirlerine savas ilan etmelerini saglar.</Text>
    </Row>
    <Row Tag="TXT_KEY_NEWWORLD_SCENARIO_TECH_PIRACY_QUOTE">
      <Text>[NEWLINE][TAB][TAB] "Gerçekten önemli olan tek kural sudur: Bir erkegin yapabilecekleri ve yapamayacaklari... Bogulmana izin verebilirim, ama bu gemiyi tek basima Tortuga'ya getiremem, anladin mi? Peki, bir korsanin komutasi altinda yelken açabilir misin, açamaz misin?"[NEWLINE][TAB][TAB] - Kaptan Jack Sparrow[NEWLINE][TAB]</Text>
    </Row>
    <Row Tag="TXT_KEY_NEWWORLD_SCENARIO_TECH_WARSHIPS_DESC">
      <Text>Birçok gemi okyanuslari hizli bir sekilde geçmek ya da mümkün olan en küçük alana en fazla miktarda yük tasimak için tasarlanirken, savas gemileri yalnizca tek bir amaç için tasarlanmistir - diger gemileri yok etmek.  Savas gemileri bir tür silahla (geleneksel olarak top veya koçbasi gibi seyler) donanmis olmalarinin yani sira, daha fazla hasara dayanabilir ve bir ticaret veya yolcu gemisine göre çok daha fazla manevra kabiliyetine sahiptir.[NEWLINE][NEWLINE]Denizcilik teknolojileri gelistikçe savas gemileri de gelismistir.  Kadirgalar ve triremeler düsman gemilerine çarpabilen ilk savas gemileriydi, ancak genellikle savas gemideki ordu tarafindan gerçeklestiriliyordu.  Bununla birlikte, toplar hizli bir sekilde yeniden doldurulabilir hale geldiginde, geminin her iki yaninda top siralari bulunan büyük yelkenli gemiler kullanilmaya baslandi. Sonunda bu ahsap gemiler demir ve çelikten yapilmis olanlara birakildi ve yelkenler buhar ve nükleer güç için terk edildi. Modern savas gemileri ilk kadirgalarla çok az benzerlik gösterse de, hala ayni temel tasarim ilkelerine bagli kalmaktadirlar - önce diger adami yok et, o seni yok edemeden.</Text>
    </Row>
    <Row Tag="TXT_KEY_NEWWORLD_SCENARIO_TECH_WARSHIPS_QUOTE">
      <Text>[NEWLINE][TAB][TAB] "Torpidolara lanet olsun, Tam yol ileri!"[NEWLINE][TAB][TAB] - Amiral David Glasgow Farragut[NEWLINE][TAB]</Text>
    </Row>
    <Row Tag="TXT_KEY_NEWWORLD_SCENARIO_TECH_ROYAL_GUARDS_DESC">
      <Text>Genellikle seçkin bir grup silahli hizmetliden olusan kraliyet muhafizlari, kraliyet ailesini veya önemli din adamlarini korumak için kullanilan geleneksel askeri veya törensel birimdir.  Tarihsel olarak, bu seçkin üyeler ayni zamanda ikili bir siyasi amaca da hizmet etmislerdir, çünkü benzersiz konumlari belirli bir hükümdarin fikrini etkilemelerine veya herhangi bir darbe veya ayaklanmada önemli bir rol oynamalarina izin verir. [NEWLINE][NEWLINE]Ispanya'nin Tropas de la Casa Real ve Fransiz Silahsörler gibi bazi kraliyet muhafiz alaylari, kendi ülkeleri disinda ünlü ve taninmis hale gelmistir. Fransa'nin Silahsörleri teknik olarak Fransiz Kraliyet Muhafizlarinin sadece küçük bir birimiydi ve aslinda koruma sorumluluklarinin çogunu yerine getiren Garde de Corpe'nin altindaydi.  Ancak kismen Alexandre Dumas'nin Üç Silahsörler adli eseri sayesinde, herhangi bir medeniyetin en popüler ve taninmis kraliyet muhafizlarindan bazilari haline geldiler.</Text>
    </Row>
    <Row Tag="TXT_KEY_NEWWORLD_SCENARIO_TECH_ROYAL_GUARDS_HELP">
      <Text>Standart Silahsör'ün gelistirilmis bir versiyonu olan [COLOR_POSITIVE_TEXT]Silahsör'ü[ENDCOLOR] insa etmenizi saglar.</Text>
    </Row>
    <Row Tag="TXT_KEY_NEWWORLD_SCENARIO_TECH_ROYAL_GUARDS_QUOTE">
      <Text>[NEWLINE][TAB][TAB] "Bu dünya tehlikelerle dolu, belirsiz bir diyar. Güç pesinde kosmak onuru zedeliyor, zayiflar güçlüler tarafindan ezildiginde özgürlük feda ediliyor. Ancak bu güçlü kuvvetlere karsi çikan, hayatlarini gerçege, onura ve özgürlüge adayanlar var. Bu adamlar Silahsörler olarak bilinir. Yükselis"[NEWLINE][TAB][TAB] - Kral Louis[NEWLINE][TAB]</Text>
    </Row>
    <Row Tag="TXT_KEY_NEWWORLD_SCENARIO_TECH_RELIGIOUS_ORDERS_DESC">
      <Text>Birçok dünya dininde, genellikle kendi dini inançlarina daha mükemmel bir sekilde uymak için toplumun çogunlugundan ayri yasayan dindar bireylerden olusan özel topluluklar ve örgütler vardir.  Bu dini tarikatlar genellikle dindarlarin çalisabilecegi ve yasayabilecegi bir bina veya kompleks olan manastirlarin fiziksel seklini alir. [NEWLINE][NEWLINE] Bazi dini tarikatlar kendi ülkelerinde ikamet etmekten ve dua etmekten memnunken, bazilari bunun yerine yalnizca genisleme ve inançlarini yeni halklara yayma amaciyla kurulmustur.  Amerika kitasindaki Cizvit misyonerleri de böyle bir dini tarikatti. Bu Cizvitler Atlantik'i geçerek Amerika topraklarinda manastirlar ve misyonlar kurdular ve burada yerel halka inançlarinin ilkelerini ve bati egitiminin temellerini ögrettiler.</Text>
    </Row>
    <Row Tag="TXT_KEY_NEWWORLD_SCENARIO_TECH_RELIGIOUS_ORDERS_QUOTE">
      <Text>[NEWLINE][TAB][TAB] "Ölen ve hayatlari boyunca büyük ögretmenler olan tanidigim Cizvitler, en az hatirlanan insanlardir."[NEWLINE][TAB][TAB] - Daniel Berrigan[NEWLINE][TAB]</Text>
    </Row>
    <Row Tag="TXT_KEY_NEWWORLD_SCENARIO_TECH_TREASURE_FLEET_DESC">
      <Text>Ispanyollar Amerika'ya varip yeni bulduklari hazineleri Avrupa'ya geri göndermeye basladiklarinda, gemilerine yönelik korsan baskinlarinin artan baskisiyla mücadele etmek için yeni ve daha verimli bir yelken yöntemi gelistirmeleri gerekiyordu.  Cözüm Ispanyol Hazine Filosu'ydu - hem yanasma hem de seyir uygulamalari siki bir sekilde düzenlenmis özel bir gemi konvoyu sistemi.  Amerika'dan Ispanyol ana karasi boyunca yola çikan gemilere, daha küçük bir silahli kuvvet tarafindan daha kolay korunmalarini saglayacak sekilde, belirli bir deniz seridi boyunca toplu halde seyretmeleri talimati verildi.  Bu gemiler daha sonra sadece sinirli, korunakli liman kentlerine (Sevilla gibi) yelken açarak yine korsan baskini riskini azaltiyordu. [NEWLINE][NEWLINE] Hazine Filosu Ispanya tarafindan 16. yüzyildan 18. yüzyila kadar büyük bir basariyla kullanildi ve hala tarihteki en karli ve etkili deniz operasyonlarindan biri olarak sayiliyor. Ancak 1700'lerde Ispanya'nin ana kiyilarindaki bazi önemli kiyi sehirlerinin kaybedilmesi filonun varligini sürdürmesini tehdit etmeye basladi.  Bununla mücadele etmek amaciyla Kral Charles III 1765'te siki sistemi gevsetti ve 1780'lerde daha fazla koloninin filoya erisimini sagladi.  Bununla birlikte, son tam filo 1790'da denize açildi ve iki kita arasindaki nakliye, ihtiyaç duyuldukça daha küçük gemi gruplarina birakildi.</Text>
    </Row>
    <Row Tag="TXT_KEY_NEWWORLD_SCENARIO_TECH_TREASURE_FLEET_HELP">
      <Text>Tüm kara birimlerine [COLOR_POSITIVE_TEXT]Savunma Gemisi[ENDCOLOR] terfisi vererek deniz saldirilarina karsi savunma yapmalarini saglar.</Text>
    </Row>
    <Row Tag="TXT_KEY_NEWWORLD_SCENARIO_TECH_TREASURE_FLEET_QUOTE">
      <Text>[NEWLINE][TAB][TAB] "Altin bir hazinedir ve ona sahip olan kisi bu dünyada istedigi her seyi yapar ve ruhlarin cennete girmesine yardimci olmayi basarir."[NEWLINE][TAB][TAB] - Christpher Columbus[NEWLINE][TAB]</Text>
    </Row>
    <Row Tag="TXT_KEY_NEWWORLD_SCENARIO_UNITS_TREASURE_TEXT">
      <Text>Hazine Birimi, madenden varis noktasina kadar Yeni Dünya'daki Ispanyol Hazine Filosu sisteminin tamamini kapsamaktadir. Amerika'nin çesitli yerlerinde altin veya gümüs çikarildiktan sonra, lama ve katirlarla karadan tasinarak Ispanyol Ana Kitasi boyunca belirli liman kentlerine kadar iyi belgelenmis güzergâhlar izlenirdi.  Hazine daha sonra bu limanlardan kalyonlara ve ticaret gemilerine yükleniyor ve bunlar Atlantik Okyanusu boyunca büyük bir konvoy halinde seyahat ediyordu. Bu gemiler Atlantik'ten Ispanya'ya her geçislerinde kesin bir yol izleyerek korsanlardan ve hirsizlardan kolayca korunmalarini sagliyordu.  Bu hazine birimleri Ispanya'nin dönemin en zengin uygarligi haline gelmesine yardimci oldu ve dünyanin en etkileyici deniz operasyonlarindan birinin yaratilmasinda etkili oldu.</Text>
    </Row>
    <Row Tag="TXT_KEY_NEWWORLD_SCENARIO_UNIT_TREASURE_STRATEGY">
      <Text>Yeni Dünya'dan altin veya gümüs içeren bir kara katir katarini (veya bir hazine filosunu) temsil eden, bu senaryoya özgü bir sivil birim.  Altin ve zafer puani kazanmak için onu baskentinize geri götürün.</Text>
    </Row>
    <Row Tag="TXT_KEY_NEWWORLD_SCENARIO_FIRST_SPANISH_EXPLORER">
      <Text>Columbus</Text>
    </Row>
    <Row Tag="TXT_KEY_NEWWORLD_SCENARIO_FIRST_FRENCH_EXPLORER">
      <Text>Verrazano</Text>
    </Row>
    <Row Tag="TXT_KEY_NEWWORLD_SCENARIO_FIRST_ENGLISH_EXPLORER">
      <Text>Cabot</Text>
    </Row>
    <Row Tag="TXT_KEY_CIV5_NEWWORLD_SCENARIO_TERCIO_HELP">
      <Text>Rönesans Döneminin baskin askeri Birimi. Bu Birim yüksek [ICON_STRENGTH] Savas Gücünün yani sira Atlilara Karsi Bonus (100) terfisine sahiptir. Herhangi bir sivil tarafindan insa edilebilir.</Text>
    </Row>
    <Row Tag="TXT_KEY_CIV5_NEWWORLD_SCENARIO_TERCIO_STRATEGY">
      <Text>Bu Birim savasta Tüfekçiden daha güçlüdür ve binekli birimlere karsi çift güçle savasir.</Text>
    </Row>
    <Row Tag="TXT_KEY_CIV5_NEWWORLD_SCENARIO_CONQUISTADOR_HELP">
      <Text>Denizasiri ülkelerde kesif ve kolonilesme konusunda uzmanlasmis Rönesans Dönemi birimi. Herhangi bir sivil tarafindan insa edilebilir.</Text>
    </Row>
    <Row Tag="TXT_KEY_CIV5_NEWWORLD_SCENARIO_CONQUISTADOR_STRATEGY">
      <Text>Conquistador hem karada hem de denizde güçlü olan çok amaçli bir birimdir. Ekstra görünürlük ve yeni sehirler kurma yetenegi ile karada olaganüstü bir kesif aracidir. Conquistador suda, deniz birimlerine karsi kendini savunmasini saglayan savunma amaçli gemiye binme terfisine sahiptir. Ayrica Sövalye'nin aksine sehirlere saldirirken hiçbir cezaya maruz kalmaz.</Text>
    </Row>
    <Row Tag="TXT_KEY_NEWWORLD_SCENARIO_UNIT_HELP_MAYAN_ATLATLIST">
      <Text>Bu birimi sadece Mayalar insa edebilir. Yerini aldigi Okçu'dan daha ucuzdur ve daha çabuk temin edilebilir.</Text>
    </Row>
    <Row Tag="TXT_KEY_NEWWORLD_SCENARIO_UNIT_MAYAN_ATLATLIST_STRATEGY">
      <Text>Atlatlist, Okçu'nun yerini alan Maya'ya özgü bir birimdir. Atlatlistler hem geleneksel Okçulardan daha ucuzdur hem de Okçuluk arastirmasina gerek kalmadan daha erken kullanilabilir. Bu erken oyun avantaji, diger arastirma önceliklerinin devreye girmesini saglar.</Text>
    </Row>
    <Row Tag="TXT_KEY_NEWWORLD_SCENARIO_CIV5_MAYAN_ATLATLIST_TEXT">
      <Text>Atlatlistler süper uzmanlasmis ok aticilariydi ve oklarini hedefe dogru büyük bir hizla firlatmak için uzun, ahsap, mizrak benzeri bir nesne kullanirlardi.  Atlatl adi verilen bu aletin bir ucunda dartin dayanacagi küçük bir çanak ve asagiya dogru ilerlemesi için uzunlamasina kesilmis bir kanal vardi.  Atlatl kullanan bir Atlatlist bir oku 300 fitten fazla bir mesafeye ve saatte 60 mile kadar firlatabilirdi - elle atilan basit bir mermiden çok daha uzaga ve daha hizli. Maya Atlatlistleri, hedefi net bir sekilde görebilmeleri kosuluyla, düsman hatlarini uzaktan tahrip edebilirlerdi. [NEWLINE][NEWLINE]En eski atlatllardan bazilari, soyu tükenmis Homo heidelbergensis tarafindan kullanilan yaklasik 400.000 yil öncesine kadar uzanmaktadir.  Homo sapiens'in atlatlin erken bir versiyonunu Üst Paleolitik Cag'da, yaklasik MÖ 15.500'den itibaren kullandigi düsünülmektedir.</Text>
    </Row>
    <Row Tag="TXT_KEY_CIV5_NEWWORLD_SCENARIO_MUSKETEER_HELP">
      <Text>Bu Birim, Tüfekçiden daha yüksek [ICON_STRENGTH] Savas Gücüne sahiptir, bu da onu oyundaki en güçlü yakin dövüs birimi yapar. Herhangi bir sivil tarafindan insa edilebilir.</Text>
    </Row>
    <Row Tag="TXT_KEY_CIV5_NEWWORLD_SCENARIO_MUSKETEER_STRATEGY">
      <Text>Silahsör, Silahsör'den çok daha güçlüdür ve bu da onu oyundaki en güçlü piyade birimi yapar</Text>
    </Row>
    <Row Tag="TXT_KEY_NEWWORLD_SCENARIO_CIV5_DAWN_SPAIN_TEXT">
      <Text>SENARYO ACIKLAMASI[NEWLINE]Yil 1492. Ingiltere, Fransa ve Ispanya saraylarina, Cin ve Hint Adalari'na giden bati rotasini bulmak için Atlantik'i geçmeye hevesli cesur kasifler gelir. Yeni bir ticaret yolu bulup Asya kiyilarindaki anlatilmamis zenginlikleri ortaya çikarabilecekler mi? Yoksa yollari boyunca kesfedilmemis topraklarda karaya mi oturacaklar? Yerli halklar kendilerine sunulan bilgi ve ticaret olanaklarina açik olacaklar mi, yoksa anavatanlarini isgal edenlere karsi savasacaklar mi? Bilinmeyen sularda cesurca ilerleyenleri ne gibi zenginlikler, söhret ve firsatlar bekliyor? Siz hangi yolu seçeceksiniz? Bu Yeni Dünya üzerindeki üstünlük mücadelesinde kim galip gelecek?[NEWLINE][NEWLINE]ZAFER KOSULLARI[NEWLINE]Zafer, 1000 VP skoruna ulasan ilk uygarligin olacak. Kesif Karavani ile Cin'e ulastiginizda ve Hazine birimlerini baskentinize geri getirdiginizde bonus VP kazanirsiniz. Alti medeniyetin her birini deneyerek istediginiz kadar oynayin: Amerika haritasi her yeni oyuna basladiginizda degisir.[NEWLINE][NEWLINE]ÖZEL KURALLAR[NEWLINE]Denizdeki birimler, dost topraklarin disinda bitirdikleri her turda sagliklarini kaybetmelerine neden olabilecek bir "terfi" olan Iskorbüt hastaligina yakalanirlar. Bu hastalikla mücadele etmek için ulusal bir mucize olan Navigasyon Okulunu insa edin. Avrupali güçler, içlerinden biri Korsanlik teknolojisini arastirana kadar birbirlerine savas ilan edemezler. Hazine birimleri sehirler yerle bir edildiginde veya El Dorado ve Potosi doga harikalarindan (eger bu haritada varsa) elde edilir. Altin ve VP kazanmak için bu sivil birimleri baskentinize tasiyin.</Text>
    </Row>
    <Row Tag="TXT_KEY_NEWWORLD_SCENARIO_CIV5_DAWN_ENGLAND_TEXT">
      <Text>SENARYO ACIKLAMASI[NEWLINE]Yil 1492. Ingiltere, Fransa ve Ispanya saraylarina, Cin ve Hint Adalari'na giden bati rotasini bulmak için Atlantik'i geçmeye hevesli cesur kasifler gelir. Yeni bir ticaret yolu bulup Asya kiyilarindaki anlatilmamis zenginlikleri ortaya çikarabilecekler mi? Yoksa yollari boyunca kesfedilmemis topraklarda karaya mi oturacaklar? Yerli halklar kendilerine sunulan bilgi ve ticaret olanaklarina açik olacaklar mi, yoksa anavatanlarini isgal edenlere karsi savasacaklar mi? Bilinmeyen sularda cesurca ilerleyenleri ne gibi zenginlikler, söhret ve firsatlar bekliyor? Siz hangi yolu seçeceksiniz? Bu Yeni Dünya üzerindeki üstünlük mücadelesinde kim galip gelecek?[NEWLINE][NEWLINE]ZAFER KOSULLARI[NEWLINE]Zafer, 1000 VP skoruna ulasan ilk uygarligin olacak. Kesif Karavani ile Cin'e ulastiginizda ve Hazine birimlerini baskentinize geri getirdiginizde bonus VP kazanirsiniz. Alti medeniyetin her birini deneyerek istediginiz kadar oynayin: Amerika haritasi her yeni oyuna basladiginizda degisir.[NEWLINE][NEWLINE]ÖZEL KURALLAR[NEWLINE]Denizdeki birimler, dost topraklarin disinda bitirdikleri her turda sagliklarini kaybetmelerine neden olabilecek bir "terfi" olan Iskorbüt hastaligina yakalanirlar. Bu hastalikla mücadele etmek için ulusal bir mucize olan Navigasyon Okulunu insa edin. Avrupali güçler, içlerinden biri Korsanlik teknolojisini arastirana kadar birbirlerine savas ilan edemezler. Hazine birimleri sehirler yerle bir edildiginde veya El Dorado ve Potosi doga harikalarindan (eger bu haritada varsa) elde edilir. Altin ve VP kazanmak için bu sivil birimleri baskentinize tasiyin.</Text>
    </Row>
    <Row Tag="TXT_KEY_NEWWORLD_SCENARIO_CIV5_DAWN_FRANCE_TEXT">
      <Text>SENARYO ACIKLAMASI[NEWLINE]Yil 1492. Ingiltere, Fransa ve Ispanya saraylarina, Cin ve Hint Adalari'na giden bati rotasini bulmak için Atlantik'i geçmeye hevesli cesur kasifler gelir. Yeni bir ticaret yolu bulup Asya kiyilarindaki anlatilmamis zenginlikleri ortaya çikarabilecekler mi? Yoksa yollari boyunca kesfedilmemis topraklarda karaya mi oturacaklar? Yerli halklar kendilerine sunulan bilgi ve ticaret olanaklarina açik olacaklar mi, yoksa anavatanlarini isgal edenlere karsi savasacaklar mi? Bilinmeyen sularda cesurca ilerleyenleri ne gibi zenginlikler, söhret ve firsatlar bekliyor? Siz hangi yolu seçeceksiniz? Bu Yeni Dünya üzerindeki üstünlük mücadelesinde kim galip gelecek?[NEWLINE][NEWLINE]ZAFER KOSULLARI[NEWLINE]Zafer, 1000 VP skoruna ulasan ilk uygarligin olacak. Kesif Karavani ile Cin'e ulastiginizda ve Hazine birimlerini baskentinize geri getirdiginizde bonus VP kazanirsiniz. Alti medeniyetin her birini deneyerek istediginiz kadar oynayin: Amerika haritasi her yeni oyuna basladiginizda degisir.[NEWLINE][NEWLINE]ÖZEL KURALLAR[NEWLINE]Denizdeki birimler, dost topraklarin disinda bitirdikleri her turda sagliklarini kaybetmelerine neden olabilecek bir "terfi" olan Iskorbüt hastaligina yakalanirlar. Bu hastalikla mücadele etmek için ulusal bir mucize olan Navigasyon Okulunu insa edin. Avrupali güçler, içlerinden biri Korsanlik teknolojisini arastirana kadar birbirlerine savas ilan edemezler. Hazine birimleri sehirler yerle bir edildiginde veya El Dorado ve Potosi doga harikalarindan (eger bu haritada varsa) elde edilir. Altin ve VP kazanmak için bu sivil birimleri baskentinize tasiyin.</Text>
    </Row>
    <Row Tag="TXT_KEY_NEWWORLD_SCENARIO_CIV5_DAWN_INCA_TEXT">
      <Text>SENARYO ACIKLAMASI[NEWLINE]Yil 1492. Ingiltere, Fransa ve Ispanya saraylarina, Cin ve Hint Adalari'na giden bati rotasini bulmak için Atlantik'i geçmeye hevesli cesur kasifler gelir. Yeni bir ticaret yolu bulup Asya kiyilarindaki anlatilmamis zenginlikleri ortaya çikarabilecekler mi? Yoksa yollari boyunca kesfedilmemis topraklarda karaya mi oturacaklar? Yerli halklar kendilerine sunulan bilgi ve ticaret olanaklarina açik olacaklar mi, yoksa anavatanlarini isgal edenlere karsi savasacaklar mi? Bilinmeyen sularda cesurca ilerleyenleri ne gibi zenginlikler, söhret ve firsatlar bekliyor? Siz hangi yolu seçeceksiniz? Bu Yeni Dünya üzerindeki üstünlük mücadelesinde kim galip gelecek?[NEWLINE][NEWLINE]ZAFER KOSULLARI[NEWLINE]Zafer, 1000 VP skoruna ulasan ilk uygarligin olacak. Kesif Karavani ile Cin'e ulastiginizda ve Hazine birimlerini baskentinize geri getirdiginizde bonus VP kazanirsiniz. Alti medeniyetin her birini deneyerek istediginiz kadar oynayin: Amerika haritasi her yeni oyuna basladiginizda degisir.[NEWLINE][NEWLINE]ÖZEL KURALLAR[NEWLINE]Denizdeki birimler, dost topraklarin disinda bitirdikleri her turda sagliklarini kaybetmelerine neden olabilecek bir "terfi" olan Iskorbüt hastaligina yakalanirlar. Bu hastalikla mücadele etmek için ulusal bir mucize olan Navigasyon Okulunu insa edin. Avrupali güçler, içlerinden biri Korsanlik teknolojisini arastirana kadar birbirlerine savas ilan edemezler. Hazine birimleri sehirler yerle bir edildiginde veya El Dorado ve Potosi doga harikalarindan (eger bu haritada varsa) elde edilir. Altin ve VP kazanmak için bu sivil birimleri baskentinize tasiyin.</Text>
    </Row>
    <Row Tag="TXT_KEY_NEWWORLD_SCENARIO_CIV5_DAWN_AZTECS_TEXT">
      <Text>SENARYO ACIKLAMASI[NEWLINE]Yil 1492. Ingiltere, Fransa ve Ispanya saraylarina, Cin ve Hint Adalari'na giden bati rotasini bulmak için Atlantik'i geçmeye hevesli cesur kasifler gelir. Yeni bir ticaret yolu bulup Asya kiyilarindaki anlatilmamis zenginlikleri ortaya çikarabilecekler mi? Yoksa yollari boyunca kesfedilmemis topraklarda karaya mi oturacaklar? Yerli halklar kendilerine sunulan bilgi ve ticaret olanaklarina açik olacaklar mi, yoksa anavatanlarini isgal edenlere karsi savasacaklar mi? Bilinmeyen sularda cesurca ilerleyenleri ne gibi zenginlikler, söhret ve firsatlar bekliyor? Siz hangi yolu seçeceksiniz? Bu Yeni Dünya üzerindeki üstünlük mücadelesinde kim galip gelecek?[NEWLINE][NEWLINE]ZAFER KOSULLARI[NEWLINE]Zafer, 1000 VP skoruna ulasan ilk uygarligin olacak. Kesif Karavani ile Cin'e ulastiginizda ve Hazine birimlerini baskentinize geri getirdiginizde bonus VP kazanirsiniz. Alti medeniyetin her birini deneyerek istediginiz kadar oynayin: Amerika haritasi her yeni oyuna basladiginizda degisir.[NEWLINE][NEWLINE]ÖZEL KURALLAR[NEWLINE]Denizdeki birimler, dost topraklarin disinda bitirdikleri her turda sagliklarini kaybetmelerine neden olabilecek bir "terfi" olan Iskorbüt hastaligina yakalanirlar. Bu hastalikla mücadele etmek için ulusal bir mucize olan Navigasyon Okulunu insa edin. Avrupali güçler, içlerinden biri Korsanlik teknolojisini arastirana kadar birbirlerine savas ilan edemezler. Hazine birimleri sehirler yerle bir edildiginde veya El Dorado ve Potosi doga harikalarindan (eger bu haritada varsa) elde edilir. Altin ve VP kazanmak için bu sivil birimleri baskentinize tasiyin.</Text>
    </Row>
    <Row Tag="TXT_KEY_NEWWORLD_SCENARIO_CIV5_DAWN_IROQUOIS_TEXT">
      <Text>SENARYO ACIKLAMASI[NEWLINE]Yil 1492. Ingiltere, Fransa ve Ispanya saraylarina, Cin ve Hint Adalari'na giden bati rotasini bulmak için Atlantik'i geçmeye hevesli cesur kasifler gelir. Yeni bir ticaret yolu bulup Asya kiyilarindaki anlatilmamis zenginlikleri ortaya çikarabilecekler mi? Yoksa yollari boyunca kesfedilmemis topraklarda karaya mi oturacaklar? Yerli halklar kendilerine sunulan bilgi ve ticaret olanaklarina açik olacaklar mi, yoksa anavatanlarini isgal edenlere karsi savasacaklar mi? Bilinmeyen sularda cesurca ilerleyenleri ne gibi zenginlikler, söhret ve firsatlar bekliyor? Siz hangi yolu seçeceksiniz? Bu Yeni Dünya üzerindeki üstünlük mücadelesinde kim galip gelecek?[NEWLINE][NEWLINE]ZAFER KOSULLARI[NEWLINE]Zafer, 1000 VP skoruna ulasan ilk uygarligin olacak. Kesif Karavani ile Cin'e ulastiginizda ve Hazine birimlerini baskentinize geri getirdiginizde bonus VP kazanirsiniz. Alti medeniyetin her birini deneyerek istediginiz kadar oynayin: Amerika haritasi her yeni oyuna basladiginizda degisir.[NEWLINE][NEWLINE]ÖZEL KURALLAR[NEWLINE]Denizdeki birimler, dost topraklarin disinda bitirdikleri her turda sagliklarini kaybetmelerine neden olabilecek bir "terfi" olan Iskorbüt hastaligina yakalanirlar. Bu hastalikla mücadele etmek için ulusal bir mucize olan Navigasyon Okulunu insa edin. Avrupali güçler, içlerinden biri Korsanlik teknolojisini arastirana kadar birbirlerine savas ilan edemezler. Hazine birimleri sehirler yerle bir edildiginde veya El Dorado ve Potosi doga harikalarindan (eger bu haritada varsa) elde edilir. Altin ve VP kazanmak için bu sivil birimleri baskentinize tasiyin.</Text>
    </Row>
    <Row Tag="TXT_KEY_NEWWORLD_SCENARIO_LEADER_NAPOLEON_FIRSTGREETING_1">
      <Text>Hos geldiniz. Ben Francis I, Rönesans sanatinin büyük hamisiyim!</Text>
    </Row>
    <Row Tag="TXT_KEY_NEWWORLD_SCENARIO_LEADER_NAPOLEON_FIRSTGREETING_2">
      <Text>Hos geldin, Yabanci! Ben Francis I, Fransa Krali! Dostlarima sadik, düsmanlarima ölümüm. Sen hangisi olacaksin?</Text>
    </Row>
    <Row Tag="TXT_KEY_NEWWORLD_SCENARIO_LEADER_NAPOLEON_FIRSTGREETING_3">
      <Text>Ah. Sonunda tanistik. Ben Fransa Krali I. Francis. Gelin: iki büyük ulusumuz arasinda deniz üzerindeki topraklarin paylasimini tartisalim.</Text>
    </Row>
    <Row Tag="TXT_KEY_NEWWORLD_SCENARIO_LEADER_NAPOLEON_FIRSTGREETING_4">
      <Text>Selamlar. Ben Francis I, Fransa'nin Valois Krali. Son satomu görmek ister misiniz?</Text>
    </Row>
    <Row Tag="TXT_KEY_NEWWORLD_SCENARIO_CIVILOPEDIA_LEADERS_NAPOLEON_SUBTITLE">
      <Text>Fransa Krali</Text>
    </Row>
    <Row Tag="TXT_KEY_NEWWORLD_SCENARIO_CIVILOPEDIA_LEADERS_NAPOLEON_LIVED">
      <Text>MS 1494 - 1547</Text>
    </Row>
    <Row Tag="TXT_KEY_NEWWORLD_SCENARIO_CIVILOPEDIA_LEADERS_NAPOLEON_HEADING_1">
      <Text>Tarih</Text>
    </Row>
    <Row Tag="TXT_KEY_NEWWORLD_SCENARIO_CIVILOPEDIA_LEADERS_NAPOLEON_TEXT_1">
      <Text>I. Francis 1515'ten 1547'ye kadar Fransa Kraliydi ve bu süre zarfinda I. Süleyman ile Fransa-Osmanli ittifakinin kurulmasina yardimci oldu. Kutsal Roma Imparatoru V. Charles Francis'in en büyük düsmaniydi ve birçok askeri seferin hedefi olacakti. Francis, 1525'teki Pavia Savasi'nda Charles tarafindan yakalanacak ve özgürlügü karsiliginda iki oglu Henry ve Francis'i teslim edene kadar bir yildan fazla esir tutulacakti.</Text>
    </Row>
    <Row Tag="TXT_KEY_NEWWORLD_SCENARIO_TRAIT_CITY_STATE_FRIENDSHIP_SHORT">
      <Text>Yerli Müttefikler</Text>
    </Row>
    <Row Tag="TXT_KEY_PROMOTION_SCURVY">
      <Text>Iskorbüt</Text>
    </Row>
    <Row Tag="TXT_KEY_PROMOTION_SCURVY_HELP">
      <Text>65 Sans Sira Dost Bölgenin Disinda Biterse 1 Hasar Alir</Text>
    </Row>
    <Row Tag="TXT_KEY_PEDIA_PROMOTION_SCURVY">
      <Text>Dost Topraklar Disinda Sagligini Kaybediyor</Text>
    </Row>
    <Row Tag="TXT_KEY_NEWWORLD_SCENARIO_MISC_YOU_UNIT_WAS_DESTROYED_ATTRITION">
      <Text>Senin {@1_UnitName} iskorbüt yüzünden yok oldu!</Text>
    </Row>
    <Row Tag="TXT_KEY_NEWWORLD_SCENARIO_MISC_YOU_UNIT_WAS_DAMAGED_ATTRITION">
      <Text>Iskorbüt</Text>
    </Row>
    <Row Tag="TXT_KEY_NEWWORLD_SCENARIO_FIRST_CIRCUMNAVIGATION">
      <Text>{@1_UnitName} Cin'e ulasti!  Etrafi dolasmanin bu ilk basarisi için {3_VPAmount} alacaksiniz Zafer Puanlari. Iki Büyük Amiral daha Cin'e yelken açarak ödül kazanabilir.</Text>
    </Row>
    <Row Tag="TXT_KEY_NEWWORLD_SCENARIO_SECOND_CIRCUMNAVIGATION">
      <Text>{@1_UnitName} Cin'e ulasti!  Etrafi dolasmadaki bu ikinci basariniz için {3_VPAmount} alacaksiniz. Zafer Puanlari. Bir Büyük Amiral daha Cin'e yelken açtigi için ödül kazanabilir.</Text>
    </Row>
    <Row Tag="TXT_KEY_NEWWORLD_SCENARIO_THIRD_CIRCUMNAVIGATION">
      <Text>{@1_UnitName} Cin'e ulasti!  Etrafi dolasmanin bu üçüncü basarisi için {3_VPAmount} alacaksiniz. Zafer Puanlari. Cin'e yelken açmak için ek ödül verilmeyecektir.</Text>
    </Row>
    <Row Tag="TXT_KEY_NEWWORLD_SCENARIO_OTHER_CIRCUMNAVIGATION">
      <Text>{@1_PlyrName}'ten bir kasif Cin'e ulasti.  {2_Num} daha fazla Büyük Amiral(ler) Cin'e yelken açtiklari için zafer puani kazanabilir.</Text>
    </Row>
    <Row Tag="TXT_KEY_NEWWORLD_SCENARIO_TREASURE_FOUND">
      <Text>Hazine Bulundu</Text>
    </Row>
    <Row Tag="TXT_KEY_NEWWORLD_SCENARIO_TREASURE_RAZED_CITY">
      <Text>{@1_CityName}'nin yerle bir edilmesinden bir hazine elde edilmistir.</Text>
    </Row>
    <Row Tag="TXT_KEY_NEWWORLD_SCENARIO_TREASURE_CAPTURED_CITY">
      <Text>3 hazine {@1_CityName}'nin yakalanmasindan elde edilmistir.</Text>
    </Row>
    <Row Tag="TXT_KEY_NEWWORLD_SCENARIO_TREASURE_NATURAL_WONDER">
      <Text>{@1_NWName} yakinlarinda bir hazine bulundu.</Text>
    </Row>
    <Row Tag="TXT_KEY_NEWWORLD_SCENARIO_TREASURE_RETURNED_SHORT">
      <Text>Hazine Iade Edildi</Text>
    </Row>
    <Row Tag="TXT_KEY_NEWWORLD_SCENARIO_TREASURE_RETURNED">
      <Text>{@1_CityName}'e bir hazine iade edildi ve size {2_GoldAmount} [ICON_GOLD] Altin ve {3_VPAmount} kazandirdi. Zafer Puanlari.</Text>
    </Row>
    <Row Tag="TXT_KEY_NEWWORLD_SCENARIO_DIPLO_RESCH_AGREEMENT_NO_TECH">
      <Text>Bu senaryoda arastirma anlasmalarinin ticaretine izin verilmez.</Text>
    </Row>
    <Row Tag="TXT_KEY_NEWWORLD_SCENARIO_ABLTY_DECLARE_WAR_ALL">
      <Text>Herhangi bir güce karsi savas ilanina izin verir</Text>
    </Row>
    <Row Tag="TXT_KEY_NEWWORLD_SCENARIO_TECH_TRAPPING_HELP">
      <Text>Isçilerinizin [ICON_RES_DEER] Geyik, [ICON_RES_IVORY] Fildisi ve [ICON_RES_FUR] Kürk [ENDCOLOR] kaynaklari üzerinde [COLOR_POSITIVE_TEXT] Kamplar [ENDCOLOR] insa etmesini saglar, bu da harita karolarinin [ICON_GOLD] Altin çiktisini artirir.</Text>
    </Row>
    <Row Tag="TXT_KEY_NEWWORLD_SCENARIO_TECH_MATHEMATICS_HELP">
      <Text>Güçlü bir kusatma silahi olan [COLOR_POSITIVE_TEXT]Mancinik[ENDCOLOR] insa etmenizi saglar.</Text>
    </Row>
    <Row Tag="TXT_KEY_NEWWORLD_SCENARIO_TECH_NAVIGATION_HELP">
      <Text>Denizdeki birimlerden iskorbüt hastaligini ortadan kaldiran bir bina olan [COLOR_POSITIVE_TEXT]Navigasyon Okulu[ENDCOLOR] insa etmenizi saglar.  Ayrica kiyi sehirlerinin deniz kaynaklarindan [ICON_PRODUCTION] Üretim saglayan [COLOR_POSITIVE_TEXT]Liman[ENDCOLOR] insa etmesine izin verir.</Text>
    </Row>
    <Row Tag="TXT_KEY_NEWWORLD_SCENARIO_BUILDING_MONASTERY_HELP">
      <Text>[ICON_CULTURE] Bu sehirde yeni kiremit edinmenin kültür maliyeti %75 oraninda azaldi.</Text>
    </Row>
    <Row Tag="TXT_KEY_NEWWORLD_SCENARIO_CIV5_INUIT_TEXT">
      <Text>Inuitler, Grönland ve Kuzey Amerika'nin Arktik bölgelerinde yasayan yerli halktir.</Text>
    </Row>
    <Row Tag="TXT_KEY_NEWWORLD_SCENARIO_CIV5_SEMINOLE_TEXT">
      <Text>Seminoller Florida'nin yerli halklarindan bazilaridir ve Muscogee (her ikisi de Creek halkidir) ile yakin akrabadirlar.</Text>
    </Row>
    <Row Tag="TXT_KEY_NEWWORLD_SCENARIO_CIV5_LAKOTA_TEXT">
      <Text>Lakotalar, Kuzey Amerika düzlüklerinin yerli sakinlerinden olusan bir gruptur.</Text>
    </Row>
    <Row Tag="TXT_KEY_NEWWORLD_SCENARIO_CIV5_CARIB_TEXT">
      <Text>Karibler, Bati Hint Adalari'nin yerli halklarindan bazilaridir. Ispanyollara karsi ilk savaslardan bazilarini onlar vermistir.</Text>
    </Row>
    <Row Tag="TXT_KEY_NEWWORLD_SCENARIO_CIV5_CHEROKEE_TEXT">
      <Text>Cerokiler, Amerika Birlesik Devletleri'nin güneydogusunda yasayan bir grup yerli halktir. Iroquois ile yakin akrabadirlar, bu nedenle tarih öncesi zamanlarda Büyük Göller'den güneye göç ettikleri düsünülmektedir.</Text>
    </Row>
    <Row Tag="TXT_KEY_NEWWORLD_SCENARIO_CIV5_ALGONQUIN_TEXT">
      <Text>Algonquin, Quebec'in yerli sakinlerinden olusan bir gruptur. Kürk ticaretinde rekabet ettikleri Iroquois'larin ezeli düsmanlari olmuslardir.</Text>
    </Row>
    <Row Tag="TXT_KEY_NEWWORLD_SCENARIO_CIV5_HURON_TEXT">
      <Text>Huronlar, Kanada'nin yerli halklarindan bazilaridir ve Avrupalilarin temas ettigi dönemde esas olarak Ontario Gölü'nün kuzey kiyisinda yasamaktaydilar.</Text>
    </Row>
    <Row Tag="TXT_KEY_NEWWORLD_SCENARIO_CIV5_MUSCOGEE_TEXT">
      <Text>Muscogee'ler güneydogu Amerika Birlesik Devletleri'nin yerli halklarindan bazilaridir ve Mississippian kültüründen gelmektedirler.</Text>
    </Row>
    <Row Tag="TXT_KEY_NEWWORLD_SCENARIO_CIV5_WABANAKI_TEXT">
      <Text>Wabanakiler "safagin insanlari "dir - Kanada'nin dogusundaki deniz eyaletlerinin yerli halki.</Text>
    </Row>
    <Row Tag="TXT_KEY_NEWWORLD_SCENARIO_CIV5_MAPUCHE_TEXT">
      <Text>Mapuche'ler Sili ve Arjantin'in yerli halklarindan bazilaridir. Ispanyol sömürgeciler tarafindan Araucanians olarak adlandirilmislardir.</Text>
    </Row>
    <Row Tag="TXT_KEY_NEWWORLD_SCENARIO_CIV5_ARAWAK_TEXT">
      <Text>Arawaklar, Bati Hint Adalari'nin yerli sakinlerinden olusan bir gruptur. Kristof Kolomb'un karsilastigi ilk yerlilerdir.</Text>
    </Row>
    <Row Tag="TXT_KEY_NEWWORLD_SCENARIO_CIV5_MAYA_TEXT">
      <Text>Mayalar Yucatan yarimadasinin yerli sakinleridir.  Matematik ve astronomi konusunda yetenekli bir uygarlikti ve özenle oyulmus tas piramitlerin insacisiydilar.</Text>
    </Row>
    <Row Tag="TXT_KEY_NEWWORLD_SCENARIO_CIV5_YANOMAMI_TEXT">
      <Text>Yanomami, Amazon havzasinin yerli bir kabilesidir. Avrupalilarla 1929 yilina kadar bilinen hiçbir temasi olmayan bir tas devri kültürüdür.</Text>
    </Row>
    <Row Tag="TXT_KEY_NEWWORLD_SCENARIO_CIV5_MUISCA_TEXT">
      <Text>Muisca, Kolombiya'nin orta daglik bölgelerinde yasayan bir grup yerli halktir. Ispanyollarla ilk kez 1537 yilinda temas kurmuslardir ve El Dorado efsanesinin muhtemel kaynagidirlar.</Text>
    </Row>
    <Row Tag="TXT_KEY_NEWWORLD_SCENARIO_CIV5_HOPI_TEXT">
      <Text>Hopiler güneybati Amerika Birlesik Devletleri'nin yerli halklarindan bazilaridir. Ilk olarak 1540 yilinda Coronado'nun kesif gezisi sirasinda karsilasilmislardir.</Text>
    </Row>
    <Row Tag="TXT_KEY_CIV5_ANASAZI_TEXT">
      <Text>Anasaziler, modern Puebloan halklarinin öncüleri olan eski bir yerli kültürüdür. Anasaziler Mesa Verde uçurum evlerini insa etmeleriyle bilinirler.</Text>
    </Row>
    <Row Tag="TXT_KEY_NEWWORLD_SCENARIO_TRAIT_GREAT_ANDEAN_ROAD_SHORT">
      <Text>Büyük And Yolu</Text>
    </Row>
    <Row Tag="TXT_KEY_NEWWORLD_SCENARIO_TRAIT_GREAT_ANDEAN_ROAD">
      <Text>Birimler Tepe bulunan herhangi bir kareye hareket ederken arazi maliyetlerini göz ardi eder. Tepelerdeki iyilestirmeler için bakim maliyeti yoktur  baska yerlerde yari maliyet.</Text>
    </Row>
    <Row Tag="TXT_KEY_NEWWORLD_SCENARIO_CIV5_DAWN_INCA_TITLE">
      <Text>Inka</Text>
    </Row>
    <Row Tag="TXT_KEY_NEWWORLD_SCENARIO_TRAIT_SEVEN_CITIES_SHORT">
      <Text>Yedi Altin Sehir</Text>
    </Row>
    <Row Tag="TXT_KEY_NEWWORLD_SCENARIO_TRAIT_SEVEN_CITIES">
      <Text>[ICON_GOLD] Bir Doga Harikasini kesfetmek için altin bonusu (ilk kesfeden olursa bonus artar). [ICON_CULTURE] Kültür, [ICON_HAPPINESS_1] Mutluluk ve Doga Harikalarindan elde edilen karo verimi iki katina çikar.</Text>
    </Row>
    <Row Tag="TXT_KEY_NEWWORLD_SCENARIO_CIV5_DAWN_SPAIN_TITLE">
      <Text>Ispanya</Text>
    </Row>
    <Row Tag="TXT_KEY_NEWWORLDDLX_SCENARIO_TITLE">
      <Text>Yeni Dünyanin Fethi Deluxe</Text>
    </Row>
    <Row Tag="TXT_KEY_NEWWORLDDLX_SCENARIO_DESC">
      <Text>Dogu'ya bir geçit bulmak için batiya yelken açin ya da denizden gelen beklenmedik bir tehditle karsi karsiya kalan bir Kizilderili uygarligi olarak oynayin. Orijinal Conquest of the New World senaryosuna dayanarak, Yeni Dünya'yi daha önce hiç olmadigi gibi deneyimleyin.</Text>
    </Row>
    <Row Tag="TXT_KEY_NEWWORLDDLX_SCENARIO_CIV5_NEWWORLD_BRIEFING_TEXT">
      <Text>ZAFER KOSULLARI[NEWLINE]Zafer 150 tur sonra en yüksek puana gider. Ve güçler, kesif yapan bir Büyük Amiral ile Cin'e ulasmak için bonus VP kazanabilir. [NEWLINE][NEWLINE]Amerikalilar her 2 [ICON_PEACE] Inanç için 1 zafer puani kazanir:[NEWLINE][ICON_BULLET]Dönüsün basinda kazanilan inanç[NEWLINE][ICON_BULLET]Savas öldürmelerinden kazanilan inanç[NEWLINE][ICON_BULLET]Shoshone yol göstericisi tarafindan kazanilan inanç[NEWLINE][NEWLINE]Avrupalilar her 12 [ICON_GOLD] Altin için 1 zafer puani kazanir: [NEWLINE][ICON_BULLET]Sira basindaki Toplam Altin Geliri[NEWLINE][ICON_BULLET]Savasta öldürülenlerden kazanilan altin[NEWLINE][ICON_BULLET]Baskente iade edilen Hazinelerden kazanilan altin[NEWLINE][ICON_BULLET]Ticaret Görevlerinden kazanilan altin[NEWLINE][ICON_BULLET]Bir Nau ile Cin'e ulasmaktan kazanilan altin. [NEWLINE][ICON_BULLET]Ispanya'nin Essiz Yeteneginden gelen altin[NEWLINE][NEWLINE]ÖZEL KURALLAR[NEWLINE]Denizdeki birimler bir "terfi" olan Iskorbüt hastaligina yakalanir. Bu hastalikla mücadele etmek için Navigasyon Okulu ulusal harikasini insa edin. Avrupali güçler, içlerinden biri Korsanlik teknolojisini arastirana kadar birbirlerine savas ilan edemezler. Hazine birimleri sehirler yerle bir edildiginde veya El Dorado ve Potosi doga harikalarindan (eger bu haritada varsa) elde edilir. Avrupa'dakiler ve bir Amerikan medeniyetinin son sehri hariç tüm sehirler [ICON_RAZING] yerle bir edilebilir. Büyük Amiraller (+2 Görüse sahiptirler) hariç tüm donanma birimleri -1 Görüs cezasina sahiptir. Büyük Amiral üretimine yönelik puanlar her turda otomatik olarak ve kesif yetenekleri araciligiyla alinir. Hem Avrupa hem de Amerikan dinleri hakkindaki bilgiler, ekranin üst kismindaki bilgi çubugunda bulunan Inanç bilgilerinin üzerine fare ile gelindiginde bulunabilir.</Text>
    </Row>
    <Row Tag="TXT_KEY_NEWWORLDDLX_SCENARIO_CIV5_DAWN_AMERICAN_NEWWORLD_TEXT">
      <Text>SENARYO ACIKLAMASI[NEWLINE]Yil 1492. Avrupa saraylarina, Cin ve Hint Adalari'na giden bati yolunu bulmak için Atlantik'i geçmeye hevesli cesur kasifler gelir. Yeni bir ticaret yolu bulup Asya kiyilarinin anlatilmamis zenginliklerini ortaya çikarabilecekler mi? Yoksa yol boyunca kesfedilmemis topraklarda karaya mi oturacaklar? Yerli halklar kendilerine sunulan bilgi ve ticaret olanaklarina açik olacaklar mi, yoksa anavatanlarini isgal edenlere karsi savasacaklar mi? Bilinmeyen sularda cesurca ilerleyenleri ne gibi zenginlikler, söhret ve firsatlar bekliyor? Siz hangi yolu seçeceksiniz? Bu Yeni Dünya üzerindeki üstünlük mücadelesinde kim galip gelecek?[NEWLINE][NEWLINE]ZAFER KOSULLARI[NEWLINE]Zafer, 150 tur sonunda en yüksek skoru elde edene gider. Kesif yapan bir Büyük Amiral ile Cin'e ulastiginizda bonus VP kazanirsiniz. Amerikalilar [ICON_PEACE] Inanç için, Avrupalilar ise [ICON_GOLD] Altin için zafer puani kazanir. On medeniyetin her birini deneyerek istediginiz kadar oynayin: Amerika haritasi her seferinde degisir.[NEWLINE][NEWLINE]ÖZEL KURALLAR[NEWLINE]Hazine birimleri sehirler yerle bir edildiginde veya El Dorado ve Potosi dogal harikalarindan yaratilir. Avrupa'dakiler ve bir Amerikan medeniyetinin son sehri hariç tüm sehirler [ICON_RAZING] yerle bir edilebilir. Amerikan medeniyetlerinin her biri baskentlerine yerlestikten sonraki ilk turda küçük bir din kurabilirler. Bu küçük dinler tek bir (güçlü) Panteon Inancindan olusur ve kurulan her yeni sehre yayilir. Özel kurallarla ilgili tüm ayrintilar için BRIEFING ekranina bakin.</Text>
    </Row>
    <Row Tag="TXT_KEY_NEWWORLDDLX_SCENARIO_CIV5_DAWN_NEWWORLDLOAD_TEXT">
      <Text>SENARYO ACIKLAMASI[NEWLINE]Yil 1492. Avrupa saraylarina, Cin ve Hint Adalari'na giden bati yolunu bulmak için Atlantik'i geçmeye hevesli cesur kasifler gelir. Yeni bir ticaret yolu bulup Asya kiyilarinin anlatilmamis zenginliklerini ortaya çikarabilecekler mi? Yoksa yol boyunca kesfedilmemis topraklarda karaya mi oturacaklar? Yerli halklar kendilerine sunulan bilgi ve ticaret olanaklarina açik olacaklar mi, yoksa anavatanlarini isgal edenlere karsi savasacaklar mi? Bilinmeyen sularda cesurca ilerleyenleri ne gibi zenginlikler, söhret ve firsatlar bekliyor? Siz hangi yolu seçeceksiniz? Bu Yeni Dünya üzerindeki üstünlük mücadelesinde kim galip gelecek?[NEWLINE][NEWLINE]ZAFER KOSULLARI[NEWLINE]Zafer, 150 tur sonunda en yüksek skoru elde edene gider. Kesif yapan bir Büyük Amiral ile Cin'e ulastiginizda bonus VP kazanirsiniz. Amerikalilar [ICON_PEACE] Inanç için, Avrupalilar ise [ICON_GOLD] Altin için zafer puani kazanir. On medeniyetin her birini deneyerek istediginiz kadar oynayin: Amerika haritasi her seferinde degisir.[NEWLINE][NEWLINE]ÖZEL KURALLAR[NEWLINE]Avrupali güçler, içlerinden biri Korsanligi arastirana kadar birbirlerine savas ilan edemezler. Hazine birimleri sehirler yerle bir edildiginde veya El Dorado ve Potosi dogal harikalarindan yaratilir. Denizdeki birimler Iskorbüt hastaligina yakalanir, bu hastalikla mücadele etmek için Navigasyon Okulu ulusal harikasini insa eden bir "terfi". Avrupali medeniyetler dinlerini Yeni Dünya'ya yaymak istiyor. Özel kurallarla ilgili tüm ayrintilar için BRIFING ekranina bakin.</Text>
    </Row>
    <!-- Diplo String-->
    <Row Tag="TXT_KEY_SPECIFIC_DIPLO_STRING_1">
      <Text>[COLOR_NEGATIVE_TEXT] Topraklariniz bana ait. [ENDCOLOR]</Text>
    </Row>
    <!-- Eras-->
    <Row Tag="TXT_KEY_NEWWORLD_SCENARIO_ERA_0">
      <Text>Arkaik Cag</Text>
    </Row>
    <Row Tag="TXT_KEY_NEWWORLD_SCENARIO_ERA_1">
      <Text>Biçimlendirici Dönem</Text>
    </Row>
    <Row Tag="TXT_KEY_NEWWORLD_SCENARIO_ERA_2">
      <Text>Woodland Dönemi</Text>
    </Row>
    <Row Tag="TXT_KEY_NEWWORLD_SCENARIO_ERA_3">
      <Text>Klasik Dönem</Text>
    </Row>
    <Row Tag="TXT_KEY_NEWWORLD_SCENARIO_ERA_4">
      <Text>Geç Ufuk Dönemi</Text>
    </Row>
    <Row Tag="TXT_KEY_NEWWORLD_SCENARIO_ERA_5">
      <Text>Kesif Dönemi</Text>
    </Row>
    <Row Tag="TXT_KEY_NEWWORLD_SCENARIO_ERA_6">
      <Text>Aydinlanma Cagi</Text>
    </Row>
    <!-- Follower Beliefs-->
    <Row Tag="TXT_KEY_NEWWORLD_SCENARIO_TP_RELIGION_TOOLTIP">
      <Text>Her Avrupa uygarligi senaryoya Katolik ya da Protestan bir ulus olarak baslar. Kutsal Sehir kendi sinirlari içinde olmasa bile, Avrupa uluslari kendi Hiristiyanlik biçimlerini mümkün oldugunca çok sehre yaymak için Kurucu Inanç bonuslari alirlar. Bu Hristiyan güçler Inanç ile Misyonerler ve Engizisyoncular insa edebilirler.[NEWLINE][NEWLINE]Amerikan medeniyetlerinin her biri baskentlerine yerlestikten sonraki ilk turda küçük bir din kurabilirler. Bu küçük dinler tek bir (güçlü) Panteon Inancindan olusur ve kurulan her yeni sehre yayilir. Her biri Inanç ile Essiz Birimlerini ve Kolezyumlarini satin alabilirler. Ancak Misyonerler ve Engizisyoncular asla mevcut degildir.[NEWLINE][NEWLINE]Büyük Peygamberler ve dini baski bu senaryoda aktif degildir. Din yalnizca Misyonerlik faaliyeti yoluyla yayilir.</Text>
    </Row>
    <Row Tag="TXT_KEY_NEWWORLD_SCENARIO_RO_STATUS_CAN_CREATE_PANTHEON">
      <Text>Baskente yerlestikten bir tur sonra küçük din yaratabilir.</Text>
    </Row>
    <Row Tag="TXT_KEY_NEWWORLD_SCENARIO_AUTO_FAITH_PURCHASE_DISABLED">
      <Text>[COLOR_NEGATIVE_TEXT]Kisa senaryo için devre disi birakildi. [ENDCOLOR]</Text>
    </Row>
    <!-- Leaders -->
    <Row Tag="TXT_KEY_NEWWORLD_SCENARIO_CIVILOPEDIA_LEADERS_MARIA_I_SUBTITLE">
      <Text>Portekiz Kraliçesi</Text>
    </Row>
    <Row Tag="TXT_KEY_NEWWORLD_SCENARIO_CIVILOPEDIA_LEADERS_MARIA_I_LIVED">
      <Text>MS 1507- 1578</Text>
    </Row>
    <Row Tag="TXT_KEY_NEWWORLD_SCENARIO_CIVILOPEDIA_LEADERS_MARIA_I_HEADING_1">
      <Text>Tarih</Text>
    </Row>
    <Row Tag="TXT_KEY_NEWWORLD_SCENARIO_CIVILOPEDIA_LEADERS_MARIA_I_TEXT_1">
      <Text>Kastilyali bir bakire olan Catherine, Kastilyali Joanna ile Habsburglu Philip'in kiziydi. MS 1525'te 18 yasindayken kuzeni Portekizli John III ile evlendi ve sonunda ona dokuz çocuk dogurdu, bunlardan ikisi resit yasa kadar hayatta kaldi. John'un 1557'de ölümüyle birlikte, varis olan torunu Sebastian'in naibi oldu. 1562'de naipligi John'un küçük kardesi olan kayinbiraderi Kardinal Henry'ye birakti. Kraliçe ve daha sonra naip olarak Catherine, Portekiz'in Brezilya'da genislemesini ve Afrika'daki sömürge girisimlerini savunmustu. Kral Sebastian'in Fas'taki ölümünden sadece birkaç ay önce, Subat 1578'de 71 yasinda öldü.</Text>
    </Row>
    <Row Tag="TXT_KEY_LEADER_MARIA_I_FIRSTGREETING_1">
      <Text>Ben Catherine, Portekiz Kraliçesi ve Naibi.</Text>
    </Row>
    <Row Tag="TXT_KEY_LEADER_MARIA_I_FIRSTGREETING_3">
      <Text>Ben Catherine, çocuklarimiz için evlilik teklifi yapar misiniz?</Text>
    </Row>
    <Row Tag="TXT_KEY_LEADER_MARIA_I_TRIBUTE_NO_HAPPY">
      <Text>Böyle bir cömertlikle sömürge imparatorlugumu nasil büyütmemi bekliyorsunuz?</Text>
    </Row>
    <!-- Pantheons-->
    <Row Tag="TXT_KEY_NEWWORLD_SCENARIO_CHOOSE_BELIEF_1">
      <Text>Ilk Inanci Seçin</Text>
    </Row>
    <Row Tag="TXT_KEY_NEWWORLD_SCENARIO_CHOOSE_BELIEF_2">
      <Text>Ikinci Inanci Seçin</Text>
    </Row>
    <Row Tag="TXT_KEY_NEWWORLD_SCENARIO_MAYA_PANTHEON_PARTIAL">
      <Text>Ilk Inanç</Text>
    </Row>
    <Row Tag="TXT_KEY_NEWWORLD_SCENARIO_MAYA_PANTHEON_CONFIRM">
      <Text>Bu inançlari benimsemek istediginizden emin misiniz?</Text>
    </Row>
    <!-- Policies-->
    <Row Tag="TXT_KEY_POLICY_AMERICAN">
      <Text>Amerikan</Text>
    </Row>
    <Row Tag="TXT_KEY_POLICY_AMERICAN_HELP">
      <Text>[COLOR_POSITIVE_TEXT]Amerikan[ENDCOLOR][NEWLINE]Dünya Harikalari insa edebilir. Her Tapinaktan +1 [ICON_HAPPINESS_1] Mutluluk.</Text>
    </Row>
    <Row Tag="TXT_KEY_POLICY_ARISTOCRACY_NWS_HELP">
      <Text>[COLOR_POSITIVE_TEXT]Aristokrasi[ENDCOLOR][NEWLINE]Harikalar insa ederken +%15 [ICON_PRODUCTION] Üretim ve her Atölyeden +1 [ICON_PEACE] Inanç.</Text>
    </Row>
    <Row Tag="TXT_KEY_POLICY_BARTER_SYSTEM">
      <Text>Barter Sistemi</Text>
    </Row>
    <Row Tag="TXT_KEY_POLICY_BARTER_SYSTEM_HELP">
      <Text>[COLOR_POSITIVE_TEXT]Takas Sistemi[ENDCOLOR][NEWLINE]+1 [ICON_GOLD] Her Ticaret Karakolundan ve Brazilwood Kampindan Altin. Her Lüks kaynaktan +2 [ICON_HAPPINESS_1] Mutluluk.</Text>
    </Row>
    <Row Tag="TXT_KEY_POLICY_BARTER_SYSTEM_TEXT">
      <Text>Yeni Dünya'da yerliler arasinda, yerliler ile Avrupali yerlesimciler arasinda ve sömürgecilerin kendi aralarinda karsilikli mal veya hizmet degisimini içeren bir takas sistemi hüküm sürüyordu. Yeni Dünya'da basilan ilk madeni paraya kadar - MS 1502'de Santo Domingo'da bakir maravedi - takas Amerika kitasi ekonomisinin temelini olusturuyordu.</Text>
    </Row>
    <Row Tag="TXT_KEY_POLICY_CITIZENSHIP_NWS_HELP">
      <Text>[COLOR_POSITIVE_TEXT]Vatandaslik[ENDCOLOR][NEWLINE][ICON_GOLD] Bina satin almanin altin maliyeti 33%. azaltildi Gelistirilmis bir kaynak gerektiren her binadan +1 [ICON_PEACE] Inanç. (Cikolata Evi, Sirk, Demirhane, Darphane ve Tas Isleri)</Text>
    </Row>
    <Row Tag="TXT_KEY_POLICY_CITY_SACK">
      <Text>Sehir Cuvali</Text>
    </Row>
    <Row Tag="TXT_KEY_POLICY_CITY_SACK_HELP">
      <Text>[COLOR_POSITIVE_TEXT]Sehir Cuvali[ENDCOLOR][NEWLINE]+%33 [ICON_STRENGTH] Sehirlere saldirirken Savas Gücü ve Hazine biriminin hareketi +1'dir. (Birimler Sehir Cuvali Promosyonu alir ve tüm Hazine birimleri 1 Ekstra Hareket promosyonu ile baslar)</Text>
    </Row>
    <Row Tag="TXT_KEY_POLICY_CITY_SACK_TEXT">
      <Text>Yeni Dünya'da ele geçirilen sehirlerin yagmalanmasi, Avrupali istilacilar tarafindan yerli halkin moralini bozmak ya da bazen sadece ganimet için bir politika meselesi olarak yürütülmüstür. Ilkine örnek olarak Gonzalo Pizzaro'nun MS 1539'da Inkalarin yeni baskenti Vilcabamba'yi yagmalamasi  ikincisine örnek olarak da korsan Henry Morgan'in 1671'de Panama City'yi yagmalamasi verilebilir.</Text>
    </Row>
    <Row Tag="TXT_KEY_POLICY_CONQUEST">
      <Text>Yeni Dünya'nin Fethi</Text>
    </Row>
    <Row Tag="TXT_KEY_POLICY_CONQUEST_HELP">
      <Text>[COLOR_POSITIVE_TEXT]Yeni Dünyanin Fethi[ENDCOLOR][NEWLINE]Bu politika seçildikten sonraki ilk 50 tur için tüm Askeri Birimlere +%25 saldiri bonusu kazanin. Hazinelerden iki kat [ICON_GOLD] Altin alir.</Text>
    </Row>
    <Row Tag="TXT_KEY_POLICY_CONQUEST_TEXT">
      <Text>Yeni Dünya'nin kesfi dönemini, Avrupali güçlerin güçlerini ve zenginliklerini artirmaya çalistiklari bir fetih ve devlet destekli kolonizasyon dönemi takip etti. Kolomb'un yolculugundan sonraki 200 yil içinde Ispanya, Portekiz, Fransa, Ingiltere, hatta Hollanda ve Isveç bile Amerika kitasinin genis topraklarini ele geçirme yarisina katildi.</Text>
    </Row>
    <Row Tag="TXT_KEY_POLICY_CONVOY_SYSTEM">
      <Text>Konvoy Sistemi</Text>
    </Row>
    <Row Tag="TXT_KEY_POLICY_CONVOY_SYSTEM_HELP">
      <Text>[COLOR_POSITIVE_TEXT]Konvoy Sistemi[ENDCOLOR][NEWLINE]+6 [ICON_GOLD] Tüm deniz ticaret yollarinizdan altin.</Text>
    </Row>
    <Row Tag="TXT_KEY_POLICY_CONVOY_SYSTEM_TEXT">
      <Text>Konvoylar MS 9. yüzyildan beri savas zamanlarinda asker nakliyatini ve istilalari korumak için kullanilmis olsa da, Karayipler'de korsanlarin ve korsanlik yapanlarin artan cüreti Ispanyol tüccarlari ve nihayetinde kraliyeti Yeni Dünya'dan Avrupa'ya getirilen zenginligi korumak için bir konvoy sistemi kurmaya yöneltti. Ispanyol ve Portekiz konvoylarindan bazilari, 1520'lerden 1790'a kadar sefer yapan Ispanyol külçe konvoylari gibi birkaç yüz tüccari içerebiliyordu.</Text>
    </Row>
    <Row Tag="TXT_KEY_POLICY_COLLECTIVE_RULE_NWS_HELP">
      <Text>[COLOR_POSITIVE_TEXT]Kolektif Kural[ENDCOLOR][NEWLINE][COLOR_POSITIVE_TEXT]Yerlesimcilerin[ENDCOLOR] egitimini [ICON_CAPITAL] Baskentte %50 hizlandirir ve [ICON_CAPITAL] Baskentin yakininda ücretsiz bir Yerlesimci belirir.</Text>
    </Row>
    <Row Tag="TXT_KEY_POLICY_DOUBLE_PYRAMID">
      <Text>Cift Piramit</Text>
    </Row>
    <Row Tag="TXT_KEY_POLICY_DOUBLE_PYRAMID_HELP">
      <Text>[COLOR_POSITIVE_TEXT]Cift Piramit[ENDCOLOR][NEWLINE]+1 [ICON_PEACE] Türbeler ve Tapinaklardan Inanç.</Text>
    </Row>
    <Row Tag="TXT_KEY_POLICY_DOUBLE_PYRAMID_TEXT">
      <Text>Aztekler, imparatorluklarinin zirvesindeyken, bazi durumlarda kendileri de piramit olan ikiz tapinaklara çikan çift merdivenli devasa bir piramidal platformdan olusan bir dizi çift piramit insa etmislerdir. Simdiye kadar kesfedilen en eski örnek Tenayuca'da bulunan ve Aztekler MS 1434 civarinda sehri fethettiklerinde insa edilmis olan piramittir.</Text>
    </Row>
    <Row Tag="TXT_KEY_POLICY_ENTREPRENEURSHIP_NWS_HELP">
      <Text>[COLOR_POSITIVE_TEXT]Girisimcilik[ENDCOLOR][NEWLINE]Bir Büyük Tüccar belirir. Büyük Tüccarlar %100 daha hizli kazanilir. Her Banka için +2 [ICON_GOLD].</Text>
    </Row>
    <Row Tag="TXT_KEY_POLICY_EUROPEAN">
      <Text>Avrupa</Text>
    </Row>
    <Row Tag="TXT_KEY_POLICY_EUROPEAN_HELP">
      <Text>[COLOR_POSITIVE_TEXT]Avrupali[ENDCOLOR][NEWLINE]+50 [ICON_PEACE] Inanç her turda [ICON_CAPITAL] Baskentiniz orijinal dinine sahiptir. (Ingiltere, Fransa ve Hollanda Protestan  Portekiz ve Ispanya Katolik).</Text>
    </Row>
    <Row Tag="TXT_KEY_POLICY_HORSEMEN_OF_THE_PLAINS">
      <Text>Ovalarin Atlilari</Text>
    </Row>
    <Row Tag="TXT_KEY_POLICY_HORSEMEN_OF_THE_PLAINS_HELP">
      <Text>[COLOR_POSITIVE_TEXT]Ovalarin Atlilari[ENDCOLOR][NEWLINE]6 birim bakim gerektirmez. Hemen 6 Komançi Süvarisi (Misyonerlere karsi savunma yapabilen güçlü süvari birimleri) alin.+8 [ICON_PEACE] Baskente Inanç [ICON_CAPITAL].</Text>
    </Row>
    <Row Tag="TXT_KEY_POLICY_HORSEMEN_OF_THE_PLAINS_TEXT">
      <Text>Kolomb, MS 1493'teki ikinci yolculugunda Bati Hint Adalari'na at ithal edene kadar, Amerika kitasinda hayatta kalan hiçbir at yoktu. Fetihçiler tarafindan terk edilen hayvanlardan türeyen çesitli irklar, Kuzey Amerika düzlüklerine hizla yayildi ve burada o zamana kadar ilkel olan göçebeler ati hizla toplumlarinin ve kültürlerinin temel dayanagi haline getirdi.</Text>
    </Row>
    <Row Tag="TXT_KEY_POLICY_MERCHANT_CONFEDERACY_NWS_HELP">
      <Text>[COLOR_POSITIVE_TEXT]Tüccar Konfederasyonu[ENDCOLOR][NEWLINE]Sehir Devletleri ile ticaret yollari için +2 [ICON_GOLD] Altin. Ticaret yolunuz olan Sehir Devletleriyle her turda (Standart hizda) 4 [ICON_INFLUENCE] Nüfuz daha kazanin.</Text>
    </Row>
    <Row Tag="TXT_KEY_POLICY_OVERSEAS_EMPIRE">
      <Text>Denizasiri Imparatorluk</Text>
    </Row>
    <Row Tag="TXT_KEY_POLICY_OVERSEAS_EMPIRE_HELP">
      <Text>[COLOR_POSITIVE_TEXT]Denizasiri Imparatorluk[ENDCOLOR][NEWLINE]Bir Büyük Amiral. Tüm Büyük Amiraller için +2 [ICON_MOVES] Hareket ve +1 Görüs. Büyük Amiraller %50 daha hizli kazanilir. Donanma Birimleri için +2 [ICON_MOVES] Hareket. Yeni Sehirler fazladan 3 [ICON_CITIZEN] Nüfus ile baslar.</Text>
    </Row>
    <Row Tag="TXT_KEY_POLICY_OVERSEAS_EMPIRE_TEXT">
      <Text>Denizasiri topraklara sahip olma motivasyonu, Avrupali güçleri sömürge imparatorluklari kurma arayisina iten bir dizi faktörün (sinirli ekonomik büyüme, dini cosku, asiri nüfus, kültürel durgunluk, kirilamayan askeri denge ve digerleri) sonucuydu. Halihazirda Dogu'dan Afrika'ya kadar tüm dünyaya yayilmis olan Avrupali hükümdarlar, Amerika kitasinin bu imparatorluklari genisletmek için görünüste sinirsiz firsatlar sundugunu gördüler.</Text>
    </Row>
    <Row Tag="TXT_KEY_POLICY_PORTS_OF_CALL">
      <Text>Ugrak Limanlar</Text>
    </Row>
    <Row Tag="TXT_KEY_POLICY_PORTS_OF_CALL_HELP">
      <Text>[COLOR_POSITIVE_TEXT]Cagri Limanlari[ENDCOLOR][NEWLINE]Tüm sehirlerde bir Liman ve tüm kiyi Sehirlerinde +2 [ICON_GOLD] Altin saglar.</Text>
    </Row>
    <Row Tag="TXT_KEY_POLICY_PORTS_OF_CALL_TEXT">
      <Text>Bir ugrak limani, bir geminin ticaret rotasi üzerinde erzak ve su alabilecegi, kargo ve yolcu aktarimi yapabilecegi bir ara duraktir. Karayipler'deki San Juan ve Santo Domingo, Kuzey Amerika'daki St. Augustine ve Philadelphia ile Rio de Janeiro ve Buenos Aires gibi sömürge limanlari, Avrupalilar için Yeni Dünya'nin güvence altina alinmasinda etkili olmustur.</Text>
    </Row>
    <Row Tag="TXT_KEY_POLICY_PUKARA">
      <Text>Pukara</Text>
    </Row>
    <Row Tag="TXT_KEY_POLICY_PUKARA_HELP">
      <Text>[COLOR_POSITIVE_TEXT]Pukara[ENDCOLOR][NEWLINE]+1 Yerel [ICON_HAPPINESS_1] Mutluluk, +1 [ICON_GOLD] Altin ve +1 [ICON_PEACE] Surlardan Inanç.</Text>
    </Row>
    <Row Tag="TXT_KEY_POLICY_PUKARA_TEXT">
      <Text>Orta And Daglari'nin yerli kültürleri olan Wari, Tiwanaku ve daha sonra Inka'da yaygin olan, genellikle dik yamaçlarda yontulmamis tastan insa edilmis bir tahkimat tarzi. Inkalar, Cuzco'ya giden yollardan birini koruyan "kizil kale" Puka Pukara gibi bu tahkimatlari siklikla idari merkezler olarak da kullanmislardir.</Text>
    </Row>
    <Row Tag="TXT_KEY_POLICY_PYRAMID_OF_THE_GODS">
      <Text>Tanrilar Piramidi</Text>
    </Row>
    <Row Tag="TXT_KEY_POLICY_PYRAMID_OF_THE_GODS_HELP">
      <Text>[COLOR_POSITIVE_TEXT]Tanrilar Piramidi[ENDCOLOR][NEWLINE]+6 [ICON_PEACE] Her Dünya Harikasindan Inanç.</Text>
    </Row>
    <Row Tag="TXT_KEY_POLICY_PYRAMID_OF_THE_GODS_TEXT">
      <Text>Mezoamerikan basamak piramitleri - düz kenarli piramitlerden çok Mezopotamya zigguratlarina benzer - Olmek, Aztek, Maya, Zapotek, Tarascan ve diger toplumlardaki çogu dini yapi için baskin mimari formdu. Genellikle ayrintili sembolik oymalar, kabartmalar, duvar resimleri ve mozaiklerle süslü olan bu yapilarin en büyükleri (Büyük Cholula Piramidi gibi) bu teokratik devletlerin gücünün kalici sembolleriydi.</Text>
    </Row>
    <Row Tag="TXT_KEY_POLICY_RANSOM">
      <Text>Fidye</Text>
    </Row>
    <Row Tag="TXT_KEY_POLICY_RANSOM_HELP">
      <Text>[COLOR_POSITIVE_TEXT]Fidye[ENDCOLOR][NEWLINE]Öldürülen her düsman için [ICON_GOLD] Altin kazanin.</Text>
    </Row>
    <Row Tag="TXT_KEY_POLICY_RANSOM_TEXT">
      <Text>Antik çaglara kadar uzanan bir kita gelenegini takip eden Avrupali maceracilar, yerli kabilelerin liderlerini esir aldilar ve genellikle kendi krallari adina onlari fidye için tuttular. Örnegin MS 1532'de Francisco Pizzaro, prensleri Atahualpa'nin serbest birakilmasi için Inkalar tarafindan $2 milyara esdeger bir fidye ile ödüllendirildi (ancak Pizzaro vazgeçti ve prensi idam ettirdi).</Text>
    </Row>
    <Row Tag="TXT_KEY_POLICY_SACRED_LAND">
      <Text>Kutsal Topraklar</Text>
    </Row>
    <Row Tag="TXT_KEY_POLICY_SACRED_LAND_HELP">
      <Text>[COLOR_POSITIVE_TEXT]Kutsal Topraklar[ENDCOLOR][NEWLINE]Küçük bir din kurduysaniz, bonus Reform inanci kazanin.</Text>
    </Row>
    <Row Tag="TXT_KEY_POLICY_SACRED_LAND_TEXT">
      <Text>Birçok Kuzey Amerika yerli dini animistiktir  ruhani özler dogal fiziksel nesneler - hayvanlar, bitkiler, hava olaylari ve hatta belirli yerler - tarafindan somutlastirilir. Haudenausaunee'den (Iroquois) Lakota Sioux'larina kadar pek çok kabile için Cohoes Selaleleri, Black Hills ya da Shasta Dagi gibi kutsal topraklarini korumak kabile politikasinin yani sira bir inanç meselesiydi.</Text>
    </Row>
    <Row Tag="TXT_KEY_POLICY_TEMPLE_OF_THE_GODS">
      <Text>Tanrilarin Tapinagi</Text>
    </Row>
    <Row Tag="TXT_KEY_POLICY_TEMPLE_OF_THE_GODS_HELP">
      <Text>[COLOR_POSITIVE_TEXT]Tanrilarin Tapinagi[ENDCOLOR][NEWLINE]Normal sürenin yarisinda Tapinaklar insa edin. Tapinaklar bir sehrin [ICON_GOLD] Altin üretimini 25%. artirir.</Text>
    </Row>
    <Row Tag="TXT_KEY_POLICY_TEMPLE_OF_THE_GODS_TEXT">
      <Text>Erken Mezoamerikan kralliklarinin çogu animist teokrasilerdi ve "ulusal" tapinak baskentteki saray kadar önemliydi. Bu "tanri tapinaklarinin" en eskileri Preklasik Döneme (kabaca MÖ 1800 - MS 200) tarihlenmekte olup, bunlarin çogu jaguar veya yilan tanrilarina adanmis piramitler seklindedir.</Text>
    </Row>
    <Row Tag="TXT_KEY_POLICY_UNIFIED_NATION">
      <Text>Birlesik Ulus</Text>
    </Row>
    <Row Tag="TXT_KEY_POLICY_UNIFIED_NATION_HELP">
      <Text>[COLOR_POSITIVE_TEXT]Birlesik Ulus[ENDCOLOR][NEWLINE]+1 Yerel [ICON_HAPPINESS_1] Mutluluk ve her Ulusal Mucizeden +1 [ICON_PEACE] Inanç.</Text>
    </Row>
    <Row Tag="TXT_KEY_POLICY_UNIFIED_NATION_TEXT">
      <Text>Diger yerli halklar arasinda oldugu gibi, bazi yerlerde ortak bir kültürel ve\veya dilsel mirasa sahip farkli kabileler Oneida, Cherokee ve Navaho gibi tek bir "ulus" halinde bir araya geldi. Uzun süredir düsman olan kabilelerin birlesmesinin itici gücü genellikle Avrupalilarin gelisiydi, çünkü bazi yerli liderler bu yeni gelenlerin kabileler için olusturdugu tehdidi fark etmisti.</Text>
    </Row>
    <Row Tag="TXT_KEY_POLICY_BRANCH_EUROPEAN">
      <Text>Avrupa</Text>
    </Row>
    <Row Tag="TXT_KEY_POLICY_BRANCH_AMERICAN">
      <Text>Amerikan</Text>
    </Row>
    <!-- Pop ups-->
    <Row Tag="TXT_KEY_NEWWORLD_SCENARIO_NAU_CHINA">
      <Text>Nau'nuz Cin'e ulasti! {1_GoldAmount} [ICON_GOLD] Altin aldiniz ve Nau'nuz artik emekli oldu.</Text>
    </Row>
    <Row Tag="TXT_KEY_EUROPEAN_CITYSTATE_FOUND">
      <Text>{1_AdmiralPoints} kazandiniz Bir Sehir Devleti bulmak için harika Amiral Puanlari. Bunlari Cin'i kesfetmek veya bir "ticaret görevi" gerçeklestirmek için kullanin.</Text>
    </Row>
    <Row Tag="TXT_KEY_EUROPEAN_MAJOR_CIV_FOUND">
      <Text>{1_AdmiralPoints} kazandiniz Baska bir Uygarlik bulmak için Büyük Amiral Puanlari. Bunlari Cin'i kesfetmek veya bir "ticaret görevi" gerçeklestirmek için kullanin.</Text>
    </Row>
    <Row Tag="TXT_KEY_EUROPEAN_NATURAL_WONDER_FOUNDFIRST">
      <Text>{1_AdmiralPoints} kazandiniz Bir Doga Harikasini diger tüm Avrupalilardan önce kesfettiginiz için Büyük Amiral Puanlari. Bunlari Cin'i kesfetmek veya bir "ticaret görevi" gerçeklestirmek için kullanin.</Text>
    </Row>
    <Row Tag="TXT_KEY_SHOSHONE_NATURAL_WONDER_FOUNDFIRST">
      <Text>Bir Doga Harikasini ilk siz kesfettiginiz için {1_FaithPoints} [ICON_PEACE] Inanç kazandiniz.</Text>
    </Row>
    <Row Tag="TXT_KEY_SHOSHONE_NATURAL_WONDER_FOUNDLATER">
      <Text>Yol Bulucunuz, bir Doga Harikasini baskasindan sonra kesfettigi için size {1_FaithPoints} [ICON_PEACE] Inanç kazandirdi</Text>
    </Row>
    <!-- Promotions-->
    <Row Tag="TXT_KEY_PROMOTION_NEWWORLD_SCENARIO_STATUE_ZEUS">
      <Text>Sehir Cuvali</Text>
    </Row>
    <Row Tag="TXT_KEY_PROMOTION_NEWWORLD_SCENARIO_STATUE_ZEUS_HELP">
      <Text>Sehirlere saldirirken +%33 [ICON_STRENGTH] Savas Gücü.</Text>
    </Row>
    <Row Tag="TXT_KEY_PROMOTION_NEWWORLD_SCENARIO_EMBARKATION_HELP">
      <Text>[COLOR_POSITIVE_TEXT]Su Karolari[ENDCOLOR] üzerine çikabilir. 10 Sans Bu birim tarafsiz veya düsman bir su karesine her hareket ettiginde [COLOR_NEGATIVE_TEXT]Iskorbüt[ENDCOLOR]'ten 10 hasar alir (Navigasyon Okulu insa edilmedigi sürece).</Text>
    </Row>
    <Row Tag="TXT_KEY_PROMOTION_ENEMY_BLADE">
      <Text>Trickster'in Silahi</Text>
    </Row>
    <Row Tag="TXT_KEY_PROMOTION_FAST_ADMIRAL_NWS_HELP">
      <Text>+2 [ICON_MOVES] Hareket ve +1 Görüs.</Text>
    </Row>
    <Row Tag="TXT_KEY_PROMOTION_NEWWORLD_SCENARIO_NATIVE_TONGUE_HELP">
      <Text>Bir Doga Harikasi Kesfedildiginde [ICON_PEACE] Inanç alir. (Ilk kesfeden kisi ise daha fazla, ancak bu terfiye sahip diger birimlerinizden biri zaten kesfetmisse hiçbiri)</Text>
    </Row>
    <Row Tag="TXT_KEY_PROMOTION_NAVAL_TRADITION_NWS_HELP">
      <Text>+2 [ICON_MOVES] Hareket.</Text>
    </Row>
    <Row Tag="TXT_KEY_PROMOTION_OBSIDIAN_TIP">
      <Text>Obsidyen Uç</Text>
    </Row>
    <Row Tag="TXT_KEY_PROMOTION_NEWWORLD_SCENARIO_SELL_EXOTIC_GOODS_HELP">
      <Text>[ICON_GOLD] Cin'e ulasmak için altin, ancak birim kaybolur.</Text>
    </Row>
    <Row Tag="TXT_KEY_PROMOTION_SMALLPOX">
      <Text>Ciçek hastaligi</Text>
    </Row>
    <Row Tag="TXT_KEY_PROMOTION_SMALLPOX5_HELP">
      <Text>+%5 [ICON_STRENGTH] Savas Gücü (Prens'in Altindaki veya Üstündeki Her Zorluk Seviyesi Için %5).</Text>
    </Row>
    <Row Tag="TXT_KEY_PROMOTION_SMALLPOX10_HELP">
      <Text>+%10 [ICON_STRENGTH] Savas Gücü (Prens'in Altindaki veya Üstündeki Her Zorluk Seviyesi Için %5).</Text>
    </Row>
    <Row Tag="TXT_KEY_PROMOTION_SMALLPOX15_HELP">
      <Text>+%15 [ICON_STRENGTH] Savas Gücü (Prens'in Altindaki veya Üstündeki Her Zorluk Seviyesi Için %5).</Text>
    </Row>
    <Row Tag="TXT_KEY_PROMOTION_SMALLPOX20_HELP">
      <Text>+%20 [ICON_STRENGTH] Savas Gücü (Prens'in Altindaki veya Üstündeki Her Zorluk Seviyesi Için %5).</Text>
    </Row>
    <!-- Score -->
    <Row Tag="TXT_KEY_NEWWORLD_SCENARIO_VP_SCENARIO1">
      <Text>Cin'i Kesfetmek</Text>
    </Row>
    <Row Tag="TXT_KEY_NEWWORLD_SCENARIO_DIPLO_MY_SCORE_SCENARIO1">
      <Text>{1_Num} Cin'i Kesfetmek için</Text>
    </Row>
    <Row Tag="TXT_KEY_NEWWORLD_SCENARIO_VP_SCENARIO2">
      <Text>Kazanilmis Inanç</Text>
    </Row>
    <Row Tag="TXT_KEY_NEWWORLD_SCENARIO_DIPLO_MY_SCORE_SCENARIO2">
      <Text>{1_Num} Kazanilan Inanç için</Text>
    </Row>
    <Row Tag="TXT_KEY_NEWWORLD_SCENARIO_VP_SCENARIO3">
      <Text>Kazanilan Altin</Text>
    </Row>
    <Row Tag="TXT_KEY_NEWWORLD_SCENARIO_DIPLO_MY_SCORE_SCENARIO3">
      <Text>{1_Num} Kazanilan Altin için</Text>
    </Row>
    <!-- Title-->
    <Row Tag="TXT_KEY_AMERICAN_TITLE">
      <Text>{2_CivName:textkey}'ün sefi {1_PlayerName:textkey}</Text>
    </Row>
    <Row Tag="TXT_KEY_EUROPEAN_TITLE">
      <Text>{2_CivName:textkey}'nin {1_PlayerName:textkey} {@1: gender feminine?Queen  other?King }</Text>
    </Row>
    <!-- Traits-->
    <Row Tag="TXT_KEY_NEWWORLD_SCENARIO_TRAIT_OCEAN_MOVEMENT">
      <Text>Tüm deniz birimleri için +2 [ICON_MOVES] Hareket. [ICON_GOLDEN_AGE] Altin Caglar %50 daha uzun sürer.</Text>
    </Row>
    <Row Tag="TXT_KEY_NEWWORLD_SCENARIO_TRAIT_LUXURY_RETENTION">
      <Text>50 daha fazla ticaret yolu mevcut. (Asagi yuvarlayin)</Text>
    </Row>
    <Row Tag="TXT_KEY_NEWWORLD_SCENARIO_TRAIT_LUXURY_RETENTION_SHORT">
      <Text>Hollanda Bati Hindistan Sirketi</Text>
    </Row>
    <Row Tag="TXT_KEY_NEWWORLD_SCENARIO_TRAIT_LONG_COUNT_SHORT">
      <Text>Kahraman Ikizler</Text>
    </Row>
    <Row Tag="TXT_KEY_NEWWORLD_SCENARIO_TRAIT_LONG_COUNT">
      <Text>Oyunun basinda minör dinlerini olustururken ikinci bir Panteon Inanci alin.</Text>
    </Row>
    <Row Tag="TXT_KEY_TRAIT_FAITH_FROM_KILLS">
      <Text>Öldürülen her düsman biriminden [ICON_PEACE] Inanç kazanir.</Text>
    </Row>
    <Row Tag="TXT_KEY_NEWWORLD_SCENARIO_TRAIT_IGNORE_TERRAIN_IN_FOREST">
      <Text>Orman ve Ormani Yol olarak degerlendirin (Hareket bonusu sadece dost topraklarda). Bitisiginde iyilestirilmemis bir Orman bulunan her sehir için +1 [ICON_PEACE] Inanç. Bonus, 3 veya daha fazla bitisik gelistirilmemis Orman karesine sahip Sehirlerde +2 [ICON_PEACE] Inanca yükselir.</Text>
    </Row>
    <Row Tag="TXT_KEY_NEWWORLD_SCENARIO_PROMOTION_WITHDRAW_BEFORE_MELEE">
      <Text>Yakin Dövüsten Önce Geri Cekilin</Text>
    </Row>
    <Row Tag="TXT_KEY_NEWWORLD_SCENARIO_BELIEF_MONASTERIES">
      <Text>Manastir satin almak için [ICON_PEACE] Inanç kullanin (+3 [ICON_PEACE] Inanç, +2 [ICON_CULTURE] Kültür, [ICON_RES_WINE] Sarap veya [ICON_RES_INCENSE] Tütsü ile daha fazla)</Text>
    </Row>
  </Language_en_US>
</GameData>