﻿<?xml version="1.0" encoding="utf-8"?>
<!-- edited with XMLSPY v2004 rel. 2 U (http://www.xmlspy.com) by Ed Beach (Firaxis Games) -->
<GameData>
  <Language_en_US>
    <Row Tag="TXT_KEY_NEWWORLD_SCENARIO_CIV_INCA_ADJECTIVE">
      <Text>Inka</Text>
    </Row>
    <Row Tag="TXT_KEY_NEWWORLD_SCENARIO_CIV_INCA_DESC">
      <Text>Inka Imparatorlugu</Text>
    </Row>
    <Row Tag="TXT_KEY_NEWWORLD_SCENARIO_CIV_INCA_SHORT_DESC">
      <Text>Inka2</Text>
      <Plurality>2</Plurality>
    </Row>
    <Row Tag="TXT_KEY_NEWWORLD_SCENARIO_CIV_SPAIN_ADJECTIVE">
      <Text>Ispanyolca</Text>
    </Row>
    <Row Tag="TXT_KEY_NEWWORLD_SCENARIO_CIV_SPAIN_DESC">
      <Text>Ispanyol Imparatorlugu</Text>
    </Row>
    <Row Tag="TXT_KEY_NEWWORLD_SCENARIO_CIV_SPAIN_SHORT_DESC">
      <Text>Ispanya</Text>
    </Row>
    <Row Tag="TXT_KEY_NEWWORLD_SCENARIO_CIV_MAYA_ADJECTIVE">
      <Text>Maya</Text>
    </Row>
    <Row Tag="TXT_KEY_NEWWORLD_SCENARIO_CIV_MAYA_DESC">
      <Text>Maya Imparatorlugu</Text>
    </Row>
    <Row Tag="TXT_KEY_NEWWORLD_SCENARIO_CIV_MAYA_SHORT_DESC">
      <Text>Maya2</Text>
      <Plurality>2</Plurality>
    </Row>
    <Row Tag="TXT_KEY_NEWWORLD_SCENARIO_CIV_NETHERLANDS_ADJECTIVE">
      <Text>Hollandaca</Text>
    </Row>
    <Row Tag="TXT_KEY_NEWWORLD_SCENARIO_CIV_NETHERLANDS_DESC">
      <Text>Hollanda Imparatorlugu</Text>
    </Row>
    <Row Tag="TXT_KEY_NEWWORLD_SCENARIO_CIV_NETHERLANDS_SHORT_DESC">
      <Text>Hollanda2</Text>
      <Plurality>2</Plurality>
    </Row>
    <Row Tag="TXT_KEY_NEWWORLD_SCENARIO_CIV_JAPAN_ADJECTIVE">
      <Text>Eski Dünya Avrupa</Text>
    </Row>
    <Row Tag="TXT_KEY_NEWWORLD_SCENARIO_CIV_JAPAN_DESC">
      <Text>Eski Dünya Avrupasi</Text>
    </Row>
    <Row Tag="TXT_KEY_NEWWORLD_SCENARIO_CIV_JAPAN_SHORT_DESC">
      <Text>Eski Dünya</Text>
    </Row>
  </Language_en_US>
</GameData>