﻿<?xml version="1.0" encoding="utf-8"?>
<GameData>
  <EnglishText>
    <Row Tag="LOC_PEDIA_CIVILIZATIONS_PAGE_CIVILIZATION_AUSTRALIA_CHAPTER_HISTORY_PARA_1">
      <Text>Sirasiyla Aborjinler, mahkûmlar, yoksullar, maden arayicilari ve orman kaçakçilari tarafindan yerlesilen "yeralti" topraklari ilk olarak yaklasik 45 bin yil önce, bazilari Endonezya adalari üzerinden göç edip kitanin kuzey kiyisina ulasmayi basardiginda insanlar tarafindan isgal edildi. Bu avci-toplayicilar, James Cook'un kiyi boyunca yelken açtigi ve Büyük Britanya için her yeri talep ettigi MS 1770 yilina kadar zengin bir sözlü ve manevi kültürle izole bir sekilde gelistiler. Kaptan Cook Avustralya'ya ilk ayak basan kisi degildi -Hollandali Willem Janszoon ve Ingiliz William Dampier bunu çok daha önce yapmisti- ama bu uzak ve tehlikeli topraklardaki firsatlari ilk gören kisi oldu.</Text>
    </Row>
    <Row Tag="LOC_PEDIA_CIVILIZATIONS_PAGE_CIVILIZATION_AUSTRALIA_CHAPTER_HISTORY_PARA_2">
      <Text>Yeni kurulan Amerika ülkesi, baslangiçta bir ceza kolonisi için planlanan gemi dolusu Ingiliz mahkûmu kabul etmeyi reddedince, Ingiliz yetkililer planlarini yeniden gözden geçirdi. O zamanki yaygin düsünceye göre, "istenmeyen ayaktakimini dünyanin öbür ucundan daha iyi nereye atabiliriz ki?" Böylece Komodor Arthur Phillip, Yeni Güney Galler'e giden 11 gemiden (iki donanma eskortu, alti mahkûm nakil gemisi ve üç kargo gemisi) olusan Birinci Filo ile Ingiltere'den ayrildi. Ocak 1788'de Botany Körfezi'ne varan Phillip, kisa süre sonra çevredeki bataklik arazinin bir koloni için çok sagliksiz olduguna karar verdi ve yerlesimi kuzeye, bugün daha çok Sydney Limani olarak bilinen Port Jackson'in güzel dogal limanina tasidi.</Text>
    </Row>
    <Row Tag="LOC_PEDIA_CIVILIZATIONS_PAGE_CIVILIZATION_AUSTRALIA_CHAPTER_HISTORY_PARA_3">
      <Text>Ilk yillar küçük sinir kasabasi Sydney için zordu. 18. yüzyilin sonlarinda profesyonel (ve küçük) suçlulardan yetkin çiftçiler çikmiyordu ve ikmal gemileri azdi. 1788 ve 1792 yillari arasinda 3.546 erkek ve 766 kadin hükümlü daha geldi - çogu çok hastaydi ya da agir islerde çalismaya uygun degildi. Ikinci Filo 1790'da geldiginde, yolcularinin dörtte birinden fazlasi yolda ölmüstü ve Üçüncü Filo ile yeni gelenlerin kosullari ilk gelenleri bile dehsete düsürdü. Ancak Phillip, koloninin basarisi ve kolonicilerin refahi için kaygi duydugunu kanitladi... çogu mahkum olsa da. Daha iyi tarim arazileri aramak için kesif ekipleri gönderdi, ticaret gemilerini karsiladi, halk sagligi girisimlerini tesvik etti, asiri kalabaligi hafifletmek için birkaç küçük uydu yerlesim kurdu ve Ingiltere'den gelen alakasiz ve modasi geçmis emirlerin çogunu görmezden geldi. Vali Phillip 1792'nin sonunda Ingiltere'ye döndügünde, koloni nihayet kendi özgür iradeleriyle gelen yerlesimcileri kabul edecek kadar istikrarliydi.</Text>
    </Row>
    <Row Tag="LOC_PEDIA_CIVILIZATIONS_PAGE_CIVILIZATION_AUSTRALIA_CHAPTER_HISTORY_PARA_4">
      <Text>Sömürgeciler baslangiçta, Dreamtime'in zamansiz, büyülü dünyasinda yasayan yerli Aborjinlere çok az ilgi gösterdiler. 18. yüzyilin sonlarinda 300 klana dagilmis ve yaklasik 700 lehçeyle 250 dil konusan yaklasik bir milyon yerli vardi. Her klanin belirli bir toprak parçasiyla (çöl, tropikal yagmur ormanlari ya da dag) ruhani bir baglantisi vardi. Aborjinlere göre, totemik ruh atalari, dünyanin yaratilisinin Rüya Zamani sirasinda yasamin tüm yönlerini sekillendirmis ve geçmisi, bugünü ve gelecegi birlikte örmüslerdi.</Text>
    </Row>
    <Row Tag="LOC_PEDIA_CIVILIZATIONS_PAGE_CIVILIZATION_AUSTRALIA_CHAPTER_HISTORY_PARA_5">
      <Text>Hollandalilar kitanin bati kisminda hak iddia etse de, Ingilizler ulus devletler tarafindan uygulanan pasif-agresif anlasmazlik seklinde Avustralya kiyilari boyunca yerlesim yerleri kurdu. Van Diemen's Land (günümüzde Tazmanya olarak bilinmektedir) 1803 yilinda yerlesime açilmis, 1824 yilinda Yüzbasi Bremer kisa ömürlü Fort Dundas kolonisini kurmus, 1824 yilinda Brisbane Nehri agzinda yeni bir ceza kolonisi kurulmus ve 1826 yilinda Binbasi Lockyer King George Sound'da bir yerlesim kurmustur. Böylece ayni yil Büyük Britanya kitanin tamamini kendi topraklarina katmis oldu.</Text>
    </Row>
    <Row Tag="LOC_PEDIA_CIVILIZATIONS_PAGE_CIVILIZATION_AUSTRALIA_CHAPTER_HISTORY_PARA_6">
      <Text>Koloni nüfusu, yeni bir hayat ya da kolay kazanç arayisiyla gelen insan akiniyla patlama yasadi. Eski askerler ve hükümlüler Yuggera klanini yerinden etti ve bugünkü Brisbane yakinlarindaki topraklarina sahip çikti. Perth'e 1829 yilinda Ingiliz beyefendileri yerlesti. Gecekonducular Port Phillip Körfezi'ne yelken açtilar ve 1835'te Melbourne'u kurdular. Bu arada, Ingiliz Kraliyeti tarafindan lisans verilen Güney Avustralya Sirketi Adelaide'i kurdu.</Text>
    </Row>
    <Row Tag="LOC_PEDIA_CIVILIZATIONS_PAGE_CIVILIZATION_AUSTRALIA_CHAPTER_HISTORY_PARA_7">
      <Text>Tarihçi Lloyd Robson'in rakamlarina göre, seksen yil içinde (1788-1868) yaklasik 161.700 hükümlü çesitli Avustralya kolonilerine gönderilmistir. Bunlarin kabaca üçte ikisi gelisen, asiri kalabalik sanayi sehirlerinden (özellikle Midlands ve kuzeyden) gelen hirsizlardi. Bunun ötesinde, her geçen gün daha da siklasan gemiler tüccarlar ve egitimli, becerileri (tibbi, dini, hukuki, mühendislik) olan kisileri, büyüyen bir parça Jolly Ol' Antipodean Ingiltere için getirdi.</Text>
    </Row>
    <Row Tag="LOC_PEDIA_CIVILIZATIONS_PAGE_CIVILIZATION_AUSTRALIA_CHAPTER_HISTORY_PARA_8">
      <Text>1820'lerin basindan itibaren giderek artan sayida gecekonducu, yerlesik yerlesimlerin sinirlarinin ötesindeki arazileri isgal etmeye basladi. Buralarda koyun, bugday ve yulaf yetistirmek için genis istasyonlar insa ettiler. Cok az masrafla hatiri sayilir kârlar elde edebildiler ve böylece baskalarini da kendilerini takip etmeye tesvik ettiler. Yün üretimi Avustralya'nin en büyük ve en karli ihracati haline geldi ve çogu Ingiliz fabrikalarina gönderildi. 1850 yilina gelindiginde 200 kadar gecekonducu 115.830 mil kareden (300.000 kilometrekare) fazlasini sahiplenerek kitada güçlü ve "saygin" bir toplum kesimi olusturdu.</Text>
    </Row>
    <Row Tag="LOC_PEDIA_CIVILIZATIONS_PAGE_CIVILIZATION_AUSTRALIA_CHAPTER_HISTORY_PARA_9">
      <Text>Bu arada, Ingiliz Sömürge Ofisi'nin Vali Burke Bildirisi Avustralya kitasini 'terra nullius' (ya da "kimsenin topragi degil") olarak ilan etti. Avustralya topraklarinin Kraliyet disinda hiçbir ulusa ya da halka ait olmadigini belirten Ingilizler, Aborijin klanlariyla her türlü anlasma sansini ortadan kaldirdi. Avrupalilar tarafindan ithal edilen hastaliklar, çiçek, grip, kizamik, bogmaca ve tüberküloz yerlileri perisan ettigi için bunu yasal bir incelik haline getirdi. Gerçekten de Sydney'deki koloni kurulduktan kisa bir süre sonra çiçek salgini bölgedeki Aborjinlerin yarisini öldürdü. Bu, sömürgecilerin kendilerinin de ilk sakinlerin öldürülmesinde aktif bir rol oynamadiklari anlamina gelmiyor - Hawkesbury Savasi (1795-1816), Pemulwuy Savasi (1795-1802), Tedbury Savasi (1808-1809) ve Nepean Savasi (1814-1816) Avrupali\Aborijin iliskilerinin tonunu daha da saglamlastirdi.</Text>
    </Row>
    <Row Tag="LOC_PEDIA_CIVILIZATIONS_PAGE_CIVILIZATION_AUSTRALIA_CHAPTER_HISTORY_PARA_10">
      <Text>1851 yilinda Yeni Güney Galler ve Victoria'nin merkezinde altin bulunmasi, Kaliforniya'nin 1848'deki altina hücumunda yasanan nüfus patlamasini geride birakan büyük bir insan akinini beraberinde getirdi. Cin'den, Kaliforniya'nin altin tarlalarindan, Irlanda'dan, Britanya'dan ve Hindistan'dan tekneler dolusu genç erkek (ve birkaç maceraci genç kadin) geldi  eglence düskünleri, dolandiricilar, serseriler, sarlatanlar, kumarbazlar ve gerçek maden arayicilarinin arasina karismis halktan olusan kaotik bir karnaval. Victoria kolonisi inanilmaz bir hizla büyüdü. 1850'de 76.000 olan nüfus 1859'da 530.000'i asti. Hükümet ruhsatlar ve sert polisler araciligiyla düzeni saglamaya çalisti, ancak bu kisa sürede siddete yol açti ve 1854'ün sonlarinda Ballarat'ta en az 30 "kazicinin" öldügü ve birçogunun da yaralandigi kavgayla doruga ulasti. Ancak birkaç ay sonra bir kraliyet komisyonu, genisleyen altin sahalarinin idaresinde ruhsatlarin kaldirilmasi, polisin yeniden düzenlenmesi ve madencilere oy hakki verilmesi gibi kapsamli reformlar yapti.</Text>
    </Row>
    <Row Tag="LOC_PEDIA_CIVILIZATIONS_PAGE_CIVILIZATION_AUSTRALIA_CHAPTER_HISTORY_PARA_11">
      <Text>Altin tarlalarinda ve tasrada kan dökülmesine ragmen, altin ve yünden elde edilen zenginlik Melbourne, Victoria ve Sydney gibi sehirlere yatirim ve medeniyet getirdi. 1880'lere gelindiginde bu sehirler, insanlarin sokaklarda silahla vurularak öldürülmesinin nadir görülen bir olay oldugu modern ve kültürlü sinir sehirleriydi. Bu dönemde kitada yasayan insanlarin çogunlugu Avustralya'da dogmus ve kendilerini bu sekilde görmeye baslamisti. Ulusal edebiyat ve sanat akimlarinda Avustralya'ya özgü üsluplar yayginlasmaya baslamisti. Tüm bu ilerleme ve kültürle birlikte, Avustralyali kolonicilerin uzaktaki Ingiltere'den daha fazla özerklik düsünmeye baslamalari kaçinilmazdi.</Text>
    </Row>
    <Row Tag="LOC_PEDIA_CIVILIZATIONS_PAGE_CIVILIZATION_AUSTRALIA_CHAPTER_HISTORY_PARA_12">
      <Text>1890 yilinda alti koloninin temsilcileri (ve baslangiçta birkaç Yeni Zelandali) Melbourne'da bir araya geldi. Cesitli kolonilerin birlesmesi ve bir anayasa konvansiyonu için temsilciler seçmesi çagrisinda bulundular. Hemen ertesi yil Sidney'de "Ulusal Avustralya Konvansiyonu" toplandi ve çok sayida tartismayla birlikte bir anayasa tasarisi taslagi hazirlandi. Cok fazla tereddüt edilmesine ragmen, Mart 1900'de Avustralyali delegeler bir yasa tasarisiyla Londra'ya gittiler. Parlamento tasariyi Temmuz ayinda onayladi ve Kraliçe Victoria da kisa bir süre sonra imzaladi. Geçici bir kabine olusturmak, Ingiliz Milletler Toplulugu'nun kurulusunu denetlemek ve ilk seçimleri düzenlemek üzere bir Ingiliz lordu Avustralya'ya gönderildi. Böylece Avustralya Milletler Toplulugu 1 Ocak 1901'de hayata geçti.</Text>
    </Row>
    <Row Tag="LOC_PEDIA_CIVILIZATIONS_PAGE_CIVILIZATION_AUSTRALIA_CHAPTER_HISTORY_PARA_13">
      <Text>Yikici kurakliklar ve Avustralya tarim arazilerinin büyük bir bölümünü kalici olarak tahrip eden tavsan salginina ragmen, yeni ülke zenginlesti ve sakin bir yasam sürdü. Avustralya Parlamentosu yasalar çikardi (1901 Göçmen Kisitlama Yasasi gibi bazilari süpheli), ulus sömürge silahli kuvvetlerinin kalintilarindan ulusal bir ordu ve donanma olusturdu ve Ingiliz Yeni Gine'si 1906'da Avustralya tarafindan yönetilen Papua Bölgesi haline geldiginde Avustralya'nin kendisi de sömürge isine ayak parmagini soktu. Her sey nispeten sakin görünüyordu - ta ki yeni ulus bir dünya savasina sürüklenene kadar.</Text>
    </Row>
    <Row Tag="LOC_PEDIA_CIVILIZATIONS_PAGE_CIVILIZATION_AUSTRALIA_CHAPTER_HISTORY_PARA_14">
      <Text>Nüfusu 4,9 milyon olan Avustralyalilarin neredeyse onda biri Birinci Dünya Savasi sirasinda askerlik hizmeti için gönüllü oldu ve bu savas sirasinda Gelibolu'da, Bati Cephesi'nde ve Orta Dogu'da 60.000'den fazla kisi ölecekti. Tüm bu kanin karsiliginda Avustralyali temsilciler Versailles baris konferansinda yer aldi ve Avustralya için bir ilk olan uluslararasi anlasmayi imzaladi. Ulus ayrica Milletler Cemiyeti'nde de yer aldi ve zahmetinin karsiliginda birkaç Alman kolonisi -Alman Yeni Ginesi, Bismarck Takimadalari ve küçük Nauru- aldi.</Text>
    </Row>
    <Row Tag="LOC_PEDIA_CIVILIZATIONS_PAGE_CIVILIZATION_AUSTRALIA_CHAPTER_HISTORY_PARA_15">
      <Text>1920'ler isçi sorunlari, yaygin modernlesme, Büyük Buhran ve çesitli siyasi krizleri beraberinde getirdi. Buna 1930'larda, özellikle Japonya'nin Güney Pasifik'e dogru genislemesiyle artan uluslararasi gerilimler de eklenince, hem Liberal hem de Isçi partileri 1937 seçimlerinde savunma harcamalarini artirmayi bir kampanya konusu haline getirdi. Hükümetin "emperyal savunma politikasinda" Büyük Britanya ile isbirligini vurgulamasi, Avustralya'yi kaçinilmaz olarak Eylül 1939'da baska bir dünya savasinin içine çekti. Avustralyali birlikler Akdeniz'de ve denizde savasarak kendilerini göstermis olsalar da, iki yil içinde Imparatorluk Japonya'sinin Pasifik'in uçsuz bucaksiz bölgelerinde, Güneydogu Asya'da, Endonezya ve Filipinler üzerinden saldirmasiyla daha yakin bir tehditle karsi karsiya kaldilar. Subat 1942'de Darwin'deki liman yikici bir hava saldirisina maruz kaldi - Avustralya anakarasindaki 100'den fazla hava saldirisinin ilki.</Text>
    </Row>
    <Row Tag="LOC_PEDIA_CIVILIZATIONS_PAGE_CIVILIZATION_AUSTRALIA_CHAPTER_HISTORY_PARA_16">
      <Text>Basbakan Curtin'den ilham alan Avustralya kendisini birçok cephede savasirken buldu... özellikle de kuzeydeki Yeni Gine ormanlarinda, herhangi bir Japon istilasi için basamak tasi olarak. Iç cephede Curtin hükümeti, karne uygulamasi baslatarak, mültecileri kabul ederek, üretim tesisleri ve tersaneler insa ederek ve herkesi "rotadan ayrilmamaya" tesvik ederek ülkeyi topyekûn savasa soktu. Mücadele sona erdiginde Avustralya 27.000 askerini, havacisini ve denizcisini kaybetmisti.</Text>
    </Row>
    <Row Tag="LOC_PEDIA_CIVILIZATIONS_PAGE_CIVILIZATION_AUSTRALIA_CHAPTER_HISTORY_PARA_17">
      <Text>Avustralya, gelisen bir ihracat ekonomisi, devlet destekli büyük bir Avrupa göçü programi, banliyö patlamasi, sanatta "yeni bir milliyetçilik", Aborjinler için medeni haklar kurumu ve Soguk Savas'in paranoyak piskinliklerinin çogundan kaçinarak savas sonrasi bir patlama yasadi. 21. Yüzyil Avustralyalilar için daha da iyi seyler vaat ediyor.</Text>
    </Row>
    <Row Tag="LOC_PEDIA_LEADERS_PAGE_LEADER_JOHN_CURTIN_QUOTE">
      <Text>Bugün Avustralya'da, Avustralya tarihinin daha önceki hiçbir döneminde olmadigi kadar yogun bir ülke sevgisi olduguna inaniyorum.</Text>
    </Row>
    <Row Tag="LOC_PEDIA_LEADERS_PAGE_LEADER_JOHN_CURTIN_CHAPTER_HISTORY_PARA_1">
      <Text>John Joseph Curtin'in hayati, siradan bir insanin zaferi olarak görülebilir  tabii siradan bir insandan siyasi aktivist, parti lideri ve basbakan anlasiliyorsa. Hem siyasi müttefikleri hem de muhalifleri tarafindan büyük saygi görmüstür. Bunun en önemli nedeni, Ikinci Dünya Savasi'nin kaos ortaminda, genç ülkenin karsilastigi en büyük tehdit karsisinda Avustralya'ya rehberlik etmesiydi.</Text>
    </Row>
    <Row Tag="LOC_PEDIA_LEADERS_PAGE_LEADER_JOHN_CURTIN_CHAPTER_HISTORY_PARA_2">
      <Text>John, Irlandali göçmenler John ve Catherine'in çocugu olarak MS Ocak 1885'te Creswick, Victoria'da dogmustur. John (büyük olan) Pentridge Hapishanesi'nde gardiyan, asker, Creswick'te polis memuru, daha sonra Melbourne, Dromana, Macedon ve baska yerlerde çesitli otellerde müdür olarak çalisti. Aile sonunda Brunswick'e yerlesmis, oldukça fakirmis. Tüm bu tasinmalar nedeniyle, John (küçük) çogunlukla Katolik okullarinda düzensiz bir egitim aldi. Yaklasik 13 yasindayken, Creswick'teki 'Age' gazetesinde fotokopicilik, ardindan 'Rambler' gazetesinde ofisboyluk ve bir çömlek fabrikasinda isçilik yaparak ailenin geçimine yardimci olmak için okulu birakti. Sonunda, Eylül 1903'te genç John, Titan Manufacturing Company'de haftada iki pound gibi cüzi bir maasla ise girdi. Bu ona halk kütüphanesinde geçirebilecegi bos bir zaman birakti ve burada "ciddi" kitaplar ve siyaset üzerine denemeler okumaya basladi.</Text>
    </Row>
    <Row Tag="LOC_PEDIA_LEADERS_PAGE_LEADER_JOHN_CURTIN_CHAPTER_HISTORY_PARA_3">
      <Text>Kereste Isçileri Sendikasi Sekreteri olarak ise basladigi 1911 yilina gelindiginde John çok okumus, Katolik inancindan vazgeçmis, yerel Siyasi Isçi Konseyi'ne ve Victoria Sosyalist Partisi'ne katilmis, "Isçi çocugu hatip" olarak ün kazanmis, radikal ve sosyalist gazetelerde yazmaya baslamis ve Brunswick Futbol Kulübü'nde oynamistir. 1917'de Isçi Partisi senatörü Ted Needham'in kiz kardesi Elsie Needham ile evlendi ve Perth yakinlarina tasinarak 'Westralian Worker'in editörü oldu. Bati Avustralya ona hak vermis olmali ki kisa süre sonra Avustralya Gazeteciler Birligi'nin baskanligina seçildi. Ancak Birinci Dünya Savasi'na katilmamakla suçlanmadan, giyabinda üç ay hapse mahkum edilmeden ve sonunda üç gün hapiste kalmadan önce degil.</Text>
    </Row>
    <Row Tag="LOC_PEDIA_LEADERS_PAGE_LEADER_JOHN_CURTIN_CHAPTER_HISTORY_PARA_4">
      <Text>Uluslararasi Calisma Örgütü'nün 1924'te Cenevre'de yapilan yillik konferansinda Avustralya delegesi olarak görev yaptiktan sonra, "dogulu kizil serseri" 1928'de ve 1929'da tekrar Freemantle federal koltuguna aday oldu ve kazandi. Parlamentoya isçi sinifinin tabaninda daha fazla deneyime sahip çok az üye girmistir, ancak Curtin, James Scullin'in yönetiminde bakanlardan biri olarak atanmadiginda sinirlenmistir. Hayal kirikligina ugramis, asik suratli, yabancilasmis ve çok içen Curtin siyasetten çekilmeyi düsündü.</Text>
    </Row>
    <Row Tag="LOC_PEDIA_LEADERS_PAGE_LEADER_JOHN_CURTIN_CHAPTER_HISTORY_PARA_5">
      <Text>Bunun yerine, çok kötü söhretli Scullin 1935 yilinda Isçi Partisi liderliginden istifa edince Curtin onun yerine seçime girmeye karar verdi. Partiye liderlik etmek için rakibi, Scullin yönetiminin felaket getiren ekonomi politikalariyla yakindan iliskili olan Frank Forde'du. Bu nedenle sol gruplar ve sendikalar, alkolden uzak duracagi vaadiyle denenmemis ve deneyimsiz Curtin'i destekledi. Curtin, Forde'u sadece bir oy farkla yenerek Avustralya'da hem Isçi Partisi'nin hem de (Sadik) Muhalefetin lideri oldu.</Text>
    </Row>
    <Row Tag="LOC_PEDIA_LEADERS_PAGE_LEADER_JOHN_CURTIN_CHAPTER_HISTORY_PARA_6">
      <Text>Parçalanmis partiye her zamanki enerjisini getiren Curtin, eyalet ve yerel parti merkezlerini sürekli gezdi ve -siyaset uzmanlarina göre- "sessiz kararliligi ve keskin netligi" Isçi Partisi'nin talihini yeniden canlandirmada etkili oldu. Isçi Partisi kazanimlar elde etse de, savasin patlak vermesi herkesin planlarini altüst etti. Büyük Britanya'nin Nazi Almanyasi'na savas ilan etmesinin ardindan, ünlü Avustralya Basbakani Robert Menzies derhal ülkesinin Ingiliz Milletler Toplulugu'nun savas çabalarina destek verecegini açikladi. Ne yazik ki Menzies Ingiltere'deyken kendi partisi destegini geri çekti. Menzies istifa etmek zorunda kaldi.</Text>
    </Row>
    <Row Tag="LOC_PEDIA_LEADERS_PAGE_LEADER_JOHN_CURTIN_CHAPTER_HISTORY_PARA_7">
      <Text>Japonya'nin artan kiliç sallamalari tüm Avustralyalilari endiselendirirken, Parlamento Curtin'i basbakan olarak destekledi - bir dizi yanlis baslangiç ve cazip olmayan adaylar onu en iyi (ama denenmemis) seçenek olarak biraktiktan sonra. Curtin Ekim 1941'de, 56 yasindayken yemin etti... Pasifik'te Japon deniz saldirilarinin yeniden basladigi Aralik ayi için tam zamaninda.</Text>
    </Row>
    <Row Tag="LOC_PEDIA_LEADERS_PAGE_LEADER_JOHN_CURTIN_CHAPTER_HISTORY_PARA_8">
      <Text>Güney Pasifik'teki son iki Ingiliz savas gemisinin yok edilmesi, Singapur'un düsmesi ve Kuzey Avustralya'ya Japon hava saldirilari büyük bir isgal korkusuna yol açti. Sonuç olarak Curtin, Avustralya'nin çikarlarini Amerika Birlesik Devletleri ile yeniden düzenledi, askere alinan askerlerin Avustralya disinda görevlendirilmesine izin veren bir politika baslatti ve Büyük Britanya'dan daha fazla bagimsizlik için Avustralya'nin dominyon statüsünü teyit etti. Isçi Partisi, hükümetinin askeri politikalarinin çoguna karsi çiksa da Curtin'in ilerici sosyal reformlari, sertlik yanlilari hariç herkesi memnun etti  isteyen herkese is, çalisamayanlara emeklilik ve Aborijinler için genisletilmis haklar.</Text>
    </Row>
    <Row Tag="LOC_PEDIA_LEADERS_PAGE_LEADER_JOHN_CURTIN_CHAPTER_HISTORY_PARA_9">
      <Text>Curtin dört yil süren savas boyunca halkin morali, askeri yenilgiler ve zaferler ile sabirsiz müttefiklerle isbirligi arasinda gidip geldi. Anlatilanlara göre bunu zekice yapti ama bu durum sagligina zarar verdi. Nisan 1945'in sonlarinda, çatisma kanli bir sekilde sona yaklasirken, cigerleri tikanmaya basladi. Birkaç hafta hastanede kaldiktan sonra Curtin ise dönmekte israr etti. Temmuz ayinda, Ikinci Dünya Savasi'nin sona ermesinden alti hafta önce öldü.</Text>
    </Row>
    <Row Tag="LOC_PEDIA_LEADERS_PAGE_LEADER_JOHN_CURTIN_CHAPTER_CAPSULE_BODY">
      <Text>Avustralya haritaya benzersiz bir gözle bakar, yüksek temyiz alanlari ve hayvancilik için açik araziler arar. Baskalarinin istemedigi topraklara yerlesmek, John Curtin'in savunma veya kurtulus savaslarinda onlara liderlik etmesiyle daha da güçlenen güçlü bir medeniyet kurmalarini saglar.</Text>
    </Row>
    <Row Tag="LOC_PEDIA_LEADERS_PAGE_LEADER_JOHN_CURTIN_CHAPTER_DETAILED_BODY">
      <Text>Avustralya kiyilari sever. Buraya yerlesmek onlara bol miktarda konut ve bölgeleri için bonus verime dönüstürebilecekleri yüksek Temyiz taslari saglar. Bu kiyi sehirlerinden iç kesimlere dogru, hayvan bulabildikleri her yere yayilmak isteyecekler ve bitisik Outback Istasyonlari için gereken alani kazanmak için bu kaynaklar üzerinde Mera kültürü bombalama yeteneklerini kullanacaklar. Diplomatik alanda, John Curtin'in yetenekleri onlari mükemmel bir polis gücü olmaya hazirlar. Saldirgan sivillerden hoslanmazlar ve birimlerini, özellikle de güvenilir Kazicilarini, isgalcileri püskürtmek ve mümkün oldugunda sehirleri kurtarmak için gönderirler.</Text>
    </Row>
    <Row Tag="LOC_PEDIA_UNITS_PAGE_UNIT_DIGGER_CHAPTER_HISTORY_PARA_1">
      <Text>Birinci Dünya Savasi'nin baslangicinda, Ingiliz Ordusu'nun asker ihtiyaci Avustralya Imparatorluk Gücü'nün kurulmasina yol açti. Bürokratik kolaylik saglamak amaciyla bu birlikler Yeni Zelanda'dan gelen askerlerle birlikte bir kolordu olarak birlestirildi. Yeni kurulan kolordu, modern çagin (o zamanki) en büyük amfibi çikarmasi ile baslayan Canakkale Savasi'nda düsman atesi altinda vaftiz edildi. Hizli mevzilenmeleri nedeniyle - ya da tüm Avustralyalilarin madenlerde çalistigini düsünen Ingiliz yoldaslari tarafindan - "Kazicilar" olarak adlandirilan bu birlik, savasin sona erdigi ateskese kadar kendilerini göstermis, pek çok zorluga ragmen cesur ve güler yüzlü bir ün kazanmistir. Savasin sona ermesinin ardindan dagilan Diggers, Avustralya ve Yeni Zelanda birlikleri daha büyük ölçekli çatismalarda (Ikinci Dünya Savasi ve Vietnam gibi) birlikte savastiklarinda yeniden kuruldu.</Text>
    </Row>
    <Row Tag="LOC_PEDIA_FEATURES_PAGE_FEATURE_ULURU_CHAPTER_HISTORY_PARA_1">
      <Text>Avustralya'nin cografi merkezindeki devasa kumtasi olusumu bir inselbergdir - çevredeki düz çaliliklardan çikan bir "kaya adasi". Bölgenin Aborijin halki tarafindan Uluru olarak bilinen bu kaya, Anangu halki için sayisiz nesiller boyunca kültürel ve ruhani bir öneme sahip olmustur. 1873 yilinda bir sömürge kasifi, en büyük basarisi zaten bir adi olan büyük bir kayaya kendi adini vermek olan sömürge görevlisi Henry Ayers'in onuruna buraya "Ayers Kayasi" adini vermistir. Uluru, özellikle safak ve alacakaranlikta belirginlesen dogal güzelligi ve degisen renkleriyle taninir.</Text>
    </Row>
    <Row Tag="LOC_PEDIA_IMPROVEMENTS_PAGE_IMPROVEMENT_OUTBACK_STATION_CHAPTER_HISTORY_PARA_1">
      <Text>Tasra istasyonlari genis arazileri, hayvan sürüleri ve kendi kendilerine yetebilmeleriyle bilinir. Bir nevi çiftlige benzeyen bu Avustralya istasyonlari, uzak ve biraz da misafirperver olmayan bölgelerde otlaticilar tarafindan isletilir. Otlatma alanlarinin verimsizligini ve zaman zaman yasanan kurakligi telafi etmek için genellikle çok büyüktürler. Tahmin edilebilecegi gibi, sigir istasyonlarinda sigir, koyun istasyonlarinda ise koyun beslenmektedir. Vahsi dingolar koyunlari lezzetli ve savunmasiz bulurlar, bu nedenle dingo istilasina ugramis bölgelerdeki otlaticilar geleneksel olarak hayvanlarini (çogunlukla) dingo geçirmez sigirlara kaydirirlar.</Text>
    </Row>
  </EnglishText>
</GameData>