﻿<?xml version="1.0" encoding="utf-8"?>
<!-- edited with XMLSPY v2004 rel. 2 U (http://www.xmlspy.com) by Ed Beach (Firaxis Games) -->
<GameData>
  <BaseGameText>
    <!-- Civ Info-->
    <Row Tag="LOC_CIVILIZATION_AUSTRALIA_DESCRIPTION">
      <Text>Avustralya Imparatorlugu</Text>
    </Row>
    <Row Tag="LOC_CIVILIZATION_AUSTRALIA_ADJECTIVE">
      <Text>Avustralya</Text>
    </Row>
    <!-- Leader Agenda-->
    <Row Tag="LOC_AGENDA_PERPETUALLY_ON_GUARD_NAME">
      <Text>Sürekli Tetikte</Text>
    </Row>
    <Row Tag="LOC_AGENDA_PERPETUALLY_ON_GUARD_DESCRIPTION">
      <Text>Sehirleri özgürlestiren uygarliklari sever. Savasta düsman sehirlerini isgal eden uygarliklari sevmez.</Text>
    </Row>
    <Row Tag="LOC_CIVINFO_AUSTRALIA_LOCATION">
      <Text>Avustralya Kitasi</Text>
    </Row>
    <Row Tag="LOC_CIVINFO_AUSTRALIA_SIZE">
      <Text>Yaklasik 2,97 milyon mil kare (7,7 milyon km kare)</Text>
    </Row>
    <Row Tag="LOC_CIVINFO_AUSTRALIA_POPULATION">
      <Text>Yaklasik 24 milyon (2017 tahmini)</Text>
    </Row>
    <Row Tag="LOC_CIVINFO_AUSTRALIA_CAPITAL">
      <Text>Melbourne, simdi Canberra</Text>
    </Row>
    <!-- City Names -->
    <Row Tag="LOC_CITY_NAME_CANBERRA">
      <Text>Canberra</Text>
    </Row>
    <Row Tag="LOC_CITY_NAME_SYDNEY">
      <Text>Sidney</Text>
    </Row>
    <Row Tag="LOC_CITY_NAME_MELBOURNE">
      <Text>Melbourne</Text>
    </Row>
    <Row Tag="LOC_CITY_NAME_BRISBANE">
      <Text>Brisbane</Text>
    </Row>
    <Row Tag="LOC_CITY_NAME_ADELAIDE">
      <Text>Adelaide</Text>
    </Row>
    <Row Tag="LOC_CITY_NAME_PERTH">
      <Text>Perth</Text>
    </Row>
    <Row Tag="LOC_CITY_NAME_HOBART">
      <Text>Hobart</Text>
    </Row>
    <Row Tag="LOC_CITY_NAME_GEELONG">
      <Text>Geelong</Text>
    </Row>
    <Row Tag="LOC_CITY_NAME_LAUNCESTON">
      <Text>Launceston</Text>
    </Row>
    <Row Tag="LOC_CITY_NAME_BALLAARAT">
      <Text>Ballarat</Text>
    </Row>
    <Row Tag="LOC_CITY_NAME_ROCKHAMPTON">
      <Text>Rockhampton</Text>
    </Row>
    <Row Tag="LOC_CITY_NAME_TOOWOOMBA">
      <Text>Toowoomba</Text>
    </Row>
    <Row Tag="LOC_CITY_NAME_TOWNSVILLE">
      <Text>Townsville</Text>
    </Row>
    <Row Tag="LOC_CITY_NAME_BENDIGO">
      <Text>Bendigo</Text>
    </Row>
    <Row Tag="LOC_CITY_NAME_BROKEN_HILL">
      <Text>Broken Hill</Text>
    </Row>
    <Row Tag="LOC_CITY_NAME_MAITLAND">
      <Text>Maitland</Text>
    </Row>
    <Row Tag="LOC_CITY_NAME_WOLLONGONG">
      <Text>Wollongong</Text>
    </Row>
    <Row Tag="LOC_CITY_NAME_CAIRNS">
      <Text>Cairns</Text>
    </Row>
    <Row Tag="LOC_CITY_NAME_DARWIN">
      <Text>Darwin</Text>
    </Row>
    <Row Tag="LOC_CITY_NAME_GOULBURN">
      <Text>Goulburn</Text>
    </Row>
    <Row Tag="LOC_CITY_NAME_BUNDABERG">
      <Text>Bundaberg</Text>
    </Row>
    <Row Tag="LOC_CITY_NAME_WAGGA_WAGGA">
      <Text>Wagga Wagga</Text>
    </Row>
    <Row Tag="LOC_CITY_NAME_LISMORE">
      <Text>Lismore</Text>
    </Row>
    <Row Tag="LOC_CITY_NAME_LITHGOW">
      <Text>Lithgow</Text>
    </Row>
    <Row Tag="LOC_CITY_NAME_MARYBOROUGH">
      <Text>Maryborough</Text>
    </Row>
    <Row Tag="LOC_CITY_NAME_ALBURY">
      <Text>Albury</Text>
    </Row>
    <Row Tag="LOC_CITY_NAME_ORANGE">
      <Text>Turuncu</Text>
    </Row>
    <Row Tag="LOC_CITY_NAME_FREMANTLE">
      <Text>Fremantle</Text>
    </Row>
    <Row Tag="LOC_CITY_NAME_TWEED_HEADS">
      <Text>Tweed Heads</Text>
    </Row>
    <Row Tag="LOC_CITY_NAME_COFFS_HARBOUR">
      <Text>Coffs Limani</Text>
    </Row>
    <Row Tag="LOC_CITY_NAME_HERVEY_BAY">
      <Text>Hervey Bay</Text>
    </Row>
    <Row Tag="LOC_CITY_NAME_KALGOORLIE">
      <Text>Kalgoorlie</Text>
    </Row>
    <Row Tag="LOC_CITY_NAME_PORT_MACQUARIE">
      <Text>Port Macquarie</Text>
    </Row>
    <Row Tag="LOC_CITY_NAME_ALICE_SPRINGS">
      <Text>Alice Springs</Text>
    </Row>
    <Row Tag="LOC_CITY_NAME_BATHURST">
      <Text>Bathurst</Text>
    </Row>
    <Row Tag="LOC_CITY_NAME_GLADSTONE">
      <Text>Gladstone</Text>
    </Row>
    <Row Tag="LOC_CITY_NAME_QUEANBEYAN">
      <Text>Queanbeyan</Text>
    </Row>
    <Row Tag="LOC_CITY_NAME_PORT_PIRIE">
      <Text>Port Pirie</Text>
    </Row>
    <Row Tag="LOC_CITY_NAME_BOOMAHNOOMOONAH">
      <Text>Boomahnoomoonah</Text>
    </Row>
    <!-- Citizen Names -->
    <Row Tag="LOC_CITIZEN_AUSTRALIA_MALE_1">
      <Text>Anatjari</Text>
    </Row>
    <Row Tag="LOC_CITIZEN_AUSTRALIA_MALE_2">
      <Text>Colebee</Text>
    </Row>
    <Row Tag="LOC_CITIZEN_AUSTRALIA_MALE_3">
      <Text>Djalu</Text>
    </Row>
    <Row Tag="LOC_CITIZEN_AUSTRALIA_MALE_4">
      <Text>Gurumarra</Text>
    </Row>
    <Row Tag="LOC_CITIZEN_AUSTRALIA_MALE_5">
      <Text>Jarli</Text>
    </Row>
    <Row Tag="LOC_CITIZEN_AUSTRALIA_MALE_6">
      <Text>Mandawuy</Text>
    </Row>
    <Row Tag="LOC_CITIZEN_AUSTRALIA_MALE_7">
      <Text>Toba</Text>
    </Row>
    <Row Tag="LOC_CITIZEN_AUSTRALIA_MALE_8">
      <Text>Yarran</Text>
    </Row>
    <Row Tag="LOC_CITIZEN_AUSTRALIA_MALE_9">
      <Text>Warrin</Text>
    </Row>
    <Row Tag="LOC_CITIZEN_AUSTRALIA_MALE_10">
      <Text>Waku</Text>
    </Row>
    <Row Tag="LOC_CITIZEN_AUSTRALIA_FEMALE_1">
      <Text>Bindi</Text>
    </Row>
    <Row Tag="LOC_CITIZEN_AUSTRALIA_FEMALE_2">
      <Text>Kalinda</Text>
    </Row>
    <Row Tag="LOC_CITIZEN_AUSTRALIA_FEMALE_3">
      <Text>Kirra</Text>
    </Row>
    <Row Tag="LOC_CITIZEN_AUSTRALIA_FEMALE_4">
      <Text>Ellin</Text>
    </Row>
    <Row Tag="LOC_CITIZEN_AUSTRALIA_FEMALE_5">
      <Text>Jedda</Text>
    </Row>
    <Row Tag="LOC_CITIZEN_AUSTRALIA_FEMALE_6">
      <Text>Lenah</Text>
    </Row>
    <Row Tag="LOC_CITIZEN_AUSTRALIA_FEMALE_7">
      <Text>Marindah</Text>
    </Row>
    <Row Tag="LOC_CITIZEN_AUSTRALIA_FEMALE_8">
      <Text>Parara</Text>
    </Row>
    <Row Tag="LOC_CITIZEN_AUSTRALIA_FEMALE_9">
      <Text>Tatali</Text>
    </Row>
    <Row Tag="LOC_CITIZEN_AUSTRALIA_FEMALE_10">
      <Text>Wintjiya</Text>
    </Row>
    <Row Tag="LOC_CITIZEN_AUSTRALIA_MODERN_MALE_1">
      <Text>James</Text>
    </Row>
    <Row Tag="LOC_CITIZEN_AUSTRALIA_MODERN_MALE_2">
      <Text>Luke</Text>
    </Row>
    <Row Tag="LOC_CITIZEN_AUSTRALIA_MODERN_MALE_3">
      <Text>Jackson</Text>
    </Row>
    <Row Tag="LOC_CITIZEN_AUSTRALIA_MODERN_MALE_4">
      <Text>Cody</Text>
    </Row>
    <Row Tag="LOC_CITIZEN_AUSTRALIA_MODERN_MALE_5">
      <Text>Mitch</Text>
    </Row>
    <Row Tag="LOC_CITIZEN_AUSTRALIA_MODERN_MALE_6">
      <Text>Blake</Text>
    </Row>
    <Row Tag="LOC_CITIZEN_AUSTRALIA_MODERN_MALE_7">
      <Text>Hugo</Text>
    </Row>
    <Row Tag="LOC_CITIZEN_AUSTRALIA_MODERN_MALE_8">
      <Text>Brenden</Text>
    </Row>
    <Row Tag="LOC_CITIZEN_AUSTRALIA_MODERN_MALE_9">
      <Text>Ürdün</Text>
    </Row>
    <Row Tag="LOC_CITIZEN_AUSTRALIA_MODERN_MALE_10">
      <Text>Michael</Text>
    </Row>
    <Row Tag="LOC_CITIZEN_AUSTRALIA_MODERN_FEMALE_1">
      <Text>Nicole</Text>
    </Row>
    <Row Tag="LOC_CITIZEN_AUSTRALIA_MODERN_FEMALE_2">
      <Text>Olivia</Text>
    </Row>
    <Row Tag="LOC_CITIZEN_AUSTRALIA_MODERN_FEMALE_3">
      <Text>Zoe</Text>
    </Row>
    <Row Tag="LOC_CITIZEN_AUSTRALIA_MODERN_FEMALE_4">
      <Text>Holly</Text>
    </Row>
    <Row Tag="LOC_CITIZEN_AUSTRALIA_MODERN_FEMALE_5">
      <Text>Paige</Text>
    </Row>
    <Row Tag="LOC_CITIZEN_AUSTRALIA_MODERN_FEMALE_6">
      <Text>Kathleen</Text>
    </Row>
    <Row Tag="LOC_CITIZEN_AUSTRALIA_MODERN_FEMALE_7">
      <Text>Louisa</Text>
    </Row>
    <Row Tag="LOC_CITIZEN_AUSTRALIA_MODERN_FEMALE_8">
      <Text>Michele</Text>
    </Row>
    <Row Tag="LOC_CITIZEN_AUSTRALIA_MODERN_FEMALE_9">
      <Text>Elizabeth</Text>
    </Row>
    <Row Tag="LOC_CITIZEN_AUSTRALIA_MODERN_FEMALE_10">
      <Text>Alicia</Text>
    </Row>
    <!-- Feature Info-->
    <Row Tag="LOC_FEATURE_ULURU_QUOTE">
      <Text>"Yagisli mevsimde burasi ne muhtesem bir manzara sunuyor olmali  her yönde selaleler!"[NEWLINE]- William Gosse</Text>
    </Row>
    <!-- Trait Info-->
    <Row Tag="LOC_TRAIT_CIVILIZATION_IMPROVEMENT_OUTBACK_STATION_NAME">
      <Text>Avustralya'ya özgü iyilestirme: Outback Istasyonu</Text>
    </Row>
    <!-- Diplo Text -->
    <Row Tag="LOC_DIPLO_ACCEPT_DECLARE_FRIEND_FROM_HUMAN_LEADER_JOHN_CURTIN_ANY">
      <Text>Ülkelerimiz arasindaki güçlü dostlugu memnuniyetle taniyacagiz.</Text>
    </Row>
    <Row Tag="LOC_DIPLO_REJECT_DECLARE_FRIEND_FROM_HUMAN_LEADER_JOHN_CURTIN_ANY">
      <Text>Umarim anlayisla karsilarsiniz, su anda herhangi bir resmi jestte bulunamayiz.</Text>
    </Row>
    <Row Tag="LOC_DIPLO_DECLARE_FRIEND_FROM_AI_LEADER_JOHN_CURTIN_ANY">
      <Text>Dostlugumuzun, istikrarin sürdürülmesi ve ihtiyaç sahiplerinin korunmasina yönelik karsilikli ilgi üzerine insa edildigine inaniyorum. Umarim siz de ayni fikirdesinizdir.</Text>
    </Row>
    <Row Tag="LOC_DIPLO_ACCEPT_DECLARE_FRIEND_FROM_AI_LEADER_JOHN_CURTIN_ANY">
      <Text>Yaptiginiz her sey için minnettarim.</Text>
    </Row>
    <Row Tag="LOC_DIPLO_REJECT_DECLARE_FRIEND_FROM_AI_LEADER_JOHN_CURTIN_ANY">
      <Text>Istenmeyen bir dönüs.</Text>
    </Row>
    <Row Tag="LOC_DIPLO_DECLARE_WAR_FROM_HUMAN_LEADER_JOHN_CURTIN_ANY">
      <Text>Ulusumuza yönelik bu tecavüzü durdurmak için her türlü direnis aracini seferber edecegiz!</Text>
    </Row>
    <Row Tag="LOC_DIPLO_DECLARE_WAR_FROM_AI_LEADER_JOHN_CURTIN_ANY">
      <Text>Derinlemesine düsündükten sonra Avustralya kendini bir yol ayriminda buldu. Kendinizi hazirlayin, savas kapimizda.</Text>
    </Row>
    <Row Tag="LOC_DIPLO_ACCEPT_DELEGATION_FROM_HUMAN_LEADER_JOHN_CURTIN_ANY">
      <Text>Avustralya, baskentimizi ziyaret etmeleri için gönderdiginiz heyeti sicak bir sekilde karsiladi. Son çabalarimizi görüsmek üzere kendileriyle sahsen bir araya gelmeyi planliyorum.</Text>
    </Row>
    <Row Tag="LOC_DIPLO_REJECT_DELEGATION_FROM_HUMAN_LEADER_JOHN_CURTIN_ANY">
      <Text>Delegasyonunuzu saygiyla reddediyorum.</Text>
    </Row>
    <Row Tag="LOC_DIPLO_DELEGATION_FROM_AI_LEADER_JOHN_CURTIN_ANY">
      <Text>Ciftçilerimizin katkilariyla küçük bir et seçkisiyle birlikte bölgelerinize bir ticaret heyeti gönderdim. Umarim bunlari en içten tesekkürlerimle kabul edersiniz.</Text>
    </Row>
    <Row Tag="LOC_DIPLO_DENOUNCE_FROM_HUMAN_LEADER_JOHN_CURTIN_ANY">
      <Text>Avustralya ve halkina yönelik iftiralariniz, güçten düsmüs ulusunuz parçalandiginda her yerde duyulacaktir!</Text>
    </Row>
    <Row Tag="LOC_DIPLO_DENOUNCE_FROM_AI_LEADER_JOHN_CURTIN_ANY">
      <Text>Sergilediginiz kinanacak sözler ve eylemler, halkinizi yalnizca cehalet ve yoksulluk yoluna sürükleyebilir. (Sizi kiniyor).</Text>
    </Row>
    <Row Tag="LOC_DIPLO_FIRST_MEET_LEADER_JOHN_CURTIN_ANY">
      <Text>John Curtin, Avustralya halki adina onlarin basbakani olarak konusuyorum. Savas sahinlerine karsi mücadelede sempatik müttefikler ariyoruz.</Text>
    </Row>
    <Row Tag="LOC_DIPLO_FIRST_MEET_VISIT_RECIPIENT_LEADER_JOHN_CURTIN_ANY">
      <Text>Eger uygun görürseniz, en yakin sehrimizi ziyaret etmenizi rica ediyorum. Belki sizi biraz kavrulmus macadamia fistigi ile bastan çikarabiliriz?</Text>
    </Row>
    <Row Tag="LOC_DIPLO_FIRST_MEET_NEAR_INITIATOR_POSITIVE_LEADER_JOHN_CURTIN_ANY">
      <Text>Tabii ki.</Text>
    </Row>
    <Row Tag="LOC_DIPLO_FIRST_MEET_NO_MANS_INFO_EXCHANGE_LEADER_JOHN_CURTIN_ANY">
      <Text>Bilgi alisverisinin, belki de baskentlerimizin hikayelerinin, gelismekte olan dostlugumuz için büyük bir nimet olacagini düsünüyorum.</Text>
    </Row>
    <Row Tag="LOC_DIPLO_GREETING_LEADER_JOHN_CURTIN_ANY">
      <Text>Seni gördügüme sevindim!</Text>
    </Row>
    <Row Tag="LOC_DIPLO_KUDO_EXIT_LEADER_JOHN_CURTIN_ANY">
      <Text>Azminizi takdir ediyorum. Cogu zaman kendilerini koruyamayanlari koruma konusunda ortak bir menfaati paylasiyoruz.</Text>
    </Row>
    <Row Tag="LOC_DIPLO_WARNING_EXIT_LEADER_JOHN_CURTIN_ANY">
      <Text>Savas bize sadece kayip getirebilir. Hayat kaybi, üretkenlik kaybi, insanligimizin kaybi!</Text>
    </Row>
    <Row Tag="LOC_DIPLO_MAKE_ALLIANCE_FROM_AI_LEADER_JOHN_CURTIN_ANY">
      <Text>Bir ittifak kurmak ister misiniz?</Text>
    </Row>
    <Row Tag="LOC_DIPLO_MAKE_PEACE_AI_ACCEPT_DEAL_LEADER_JOHN_CURTIN_ANY">
      <Text>Ülkelerimiz arasinda kalici bir barisin tesis edilmesini memnuniyetle karsilariz.</Text>
    </Row>
    <Row Tag="LOC_DIPLO_MAKE_PEACE_AI_REFUSE_DEAL_LEADER_JOHN_CURTIN_ANY">
      <Text>Hayir, bu olmaz.</Text>
    </Row>
    <Row Tag="LOC_DIPLO_MAKE_PEACE_FROM_AI_LEADER_JOHN_CURTIN_ANY">
      <Text>Dostluk içinde yasamak isteyen ülkeler baris için bir bedel ödemelidir. Biz buna haziriz. Asil soru, siz istekli misiniz?</Text>
    </Row>
    <Row Tag="LOC_DIPLO_ACCEPT_OPEN_BORDERS_FROM_HUMAN_LEADER_JOHN_CURTIN_ANY">
      <Text>Cabalariniz iyi niyet çerçevesinde oldugu sürece, bununla ilgili bir sorunumuz yok.</Text>
    </Row>
    <Row Tag="LOC_DIPLO_REJECT_OPEN_BORDERS_FROM_HUMAN_LEADER_JOHN_CURTIN_ANY">
      <Text>Avustralya'nin mevcut iklimi ve kuvvetlerinin durumu göz önüne alindiginda, korkarim ki bu su an için pek de akillica olmaz.</Text>
    </Row>
    <Row Tag="LOC_DIPLO_OPEN_BORDERS_FROM_AI_LEADER_JOHN_CURTIN_ANY">
      <Text>Barisi korumak için Avustralya kuvvetlerinin sizin topraklarinizdan geçmesi gerekebilir.</Text>
    </Row>
    <Row Tag="LOC_DIPLO_WARNING_TOO_MANY_TROOPS_NEAR_ME_LEADER_JOHN_CURTIN_ANY">
      <Text>Güçlerinizin sinirlarimiz boyunca toplanmasinin nasil göründügünü hayal edebiliyor musunuz? Bunun bir çesit hata oldugunu varsayiyorum.</Text>
    </Row>
    <Row Tag="LOC_DIPLO_DEFEAT_FROM_AI_LEADER_JOHN_CURTIN_ANY">
      <Text>Ugruna savastigimiz ilkeler, sizin insa edebileceginiz tüm uluslardan daha uzun süre ayakta kalacaktir.</Text>
    </Row>
    <Row Tag="LOC_DIPLO_REJECT_MAKE_DEAL_FROM_AI_LEADER_JOHN_CURTIN_ANY">
      <Text>Istenmeyen bir dönüs.</Text>
    </Row>
    <Row Tag="LOC_DIPLO_ACCEPT_MAKE_DEAL_FROM_AI_LEADER_JOHN_CURTIN_ANY">
      <Text>O zaman anlastik!</Text>
    </Row>
    <Row Tag="LOC_DIPLO_MODIFIER_ON_GUARD_LIBERATE">
      <Text>John Curtin bir sehri özgürlestirdiginiz için memnun.</Text>
    </Row>
    <Row Tag="LOC_DIPLO_MODIFIER_ON_GUARD_OCCUPY">
      <Text>John Curtin düsman sehirlerini isgal ettiginiz için mutsuz</Text>
    </Row>
  </BaseGameText>
</GameData>