﻿<?xml version="1.0" encoding="utf-8"?>
<!-- edited with XMLSPY v2004 rel. 2 U (http://www.xmlspy.com) by Ed Beach (Firaxis Games) -->
<GameData>
  <BaseGameText>
    <!-- Civ Info-->
    <Row Tag="LOC_CIVILIZATION_AUSTRALIA_NAME">
      <Text>Avustralya</Text>
    </Row>
    <Row Tag="LOC_TRAIT_CIVILIZATION_LAND_DOWN_UNDER_NAME">
      <Text>Yeraltindaki Ülke</Text>
    </Row>
    <Row Tag="LOC_TRAIT_CIVILIZATION_LAND_DOWN_UNDER_DESCRIPTION">
      <Text>+3 [ICON_Housing] Kiyi kentlerinde konut. Meralar bir Kültür Bombasini tetikler. Kampüslerden, Ticari Merkezlerden, Kutsal Alanlardan ve Tiyatro Meydanlarindan elde edilen verim Büyüleyici Cekicilige sahip karolarda +1, Nefes Kesici'de +3'tür.</Text>
    </Row>
    <!-- Feature Info -->
    <Row Tag="LOC_FEATURE_ULURU_NAME">
      <Text>Uluru</Text>
    </Row>
    <Row Tag="LOC_FEATURE_ULURU_DESCRIPTION">
      <Text>Bir karelik geçilmez doga harikasi. Bitisik karelere +2 [ICON_CULTURE] Kültür ve +2 [ICON_FAITH] Inanç saglar. Bitisik karelere normal +2 yerine +4 Cazibe saglar.</Text>
    </Row>
    <!-- Improvement Info-->
    <Row Tag="LOC_IMPROVEMENT_OUTBACK_STATION_NAME">
      <Text>Outback Istasyonu</Text>
    </Row>
    <Row Tag="LOC_IMPROVEMENT_OUTBACK_STATION_DESCRIPTION">
      <Text>Avustralya'ya özgü bir Tasra Istasyonu insa etmek için Insaatçi yeteneginin kilidini açar.[NEWLINE][NEWLINE]+1 [ICON_FOOD] Gida ve +1 [ICON_PRODUCTION] Üretim. Bitisik her Mera için +1 [ICON_Food] Yiyecek. Bitisik Tasra Istasyonlari ve Meralar için Teknoloji ve Yurttaslik Agacinda ilerledikçe ilave [ICON_FOOD] Gida ve [ICON_PRODUCTION] Üretim. Yalnizca Cöl, Cöl Tepeleri, Otlak ve Ova karolarinda insa edilebilir.</Text>
    </Row>
    <!-- Leader Info-->
    <Row Tag="LOC_LEADER_JOHN_CURTIN_NAME">
      <Text>John Curtin</Text>
    </Row>
    <Row Tag="LOC_LOADING_INFO_LEADER_JOHN_CURTIN">
      <Text>Basbakan Curtin, Avustralya'yi zorluklardan zorluklara sürükleyeceksiniz ve halkiniz bundan daha da güçlenerek çikacak. Digerleri sizin gücünüz için dostluk arayacak. Bu dostlar sadik olduklarini kanitlarlarsa, gücünüz ve korumaniz sizi çok uzaklara tasiyacaktir. Ancak uyanik olun, çünkü saldirganlik sizin dogal yolunuz degildir.</Text>
    </Row>
    <Row Tag="LOC_TRAIT_LEADER_CITADEL_CIVILIZATION_NAME">
      <Text>Medeniyet Kalesi</Text>
    </Row>
    <Row Tag="LOC_TRAIT_LEADER_CITADEL_CIVILIZATION_DESCRIPTION">
      <Text>Son 10 turda savas ilani almislarsa ya da son 20 turda bir sehri özgürlestirmislerse +%100 [ICON_Production] Üretim.</Text>
    </Row>
    <!-- Unit Info-->
    <Row Tag="LOC_UNIT_DIGGER_NAME">
      <Text>Kazici</Text>
    </Row>
    <Row Tag="LOC_UNIT_DIGGER_DESCRIPTION">
      <Text>Piyadelerin yerini alan Avustralya'ya özgü Modern dönem birimi. Kiyi karolarinda savasirken +10 [ICON_Strength] Savas Gücü. Tarafsiz veya Yabanci Bölgede savasirken +5 [ICON_Strength] Savas Gücü.</Text>
    </Row>
    <Row Tag="LOC_ABILITY_DIGGER_NAME">
      <Text>Kazici</Text>
    </Row>
    <Row Tag="LOC_ABILITY_DIGGER_DESCRIPTION">
      <Text>Kiyi karolarinda savasirken +10 [ICON_Strength] Savas Gücü. Tarafsiz veya Yabanci Bölgede savasirken +5 [ICON_Strength] Savas Gücü.</Text>
    </Row>
    <Row Tag="LOC_ABILITY_DIGGER_BONUS_ON_COAST_DESCRIPTION">
      <Text>+{1_Amount} Kiyi karolarinda Savas Gücü</Text>
    </Row>
    <Row Tag="LOC_ABILITY_DIGGER_NON_DOMESTIC_BONUS_DESCRIPTION">
      <Text>+{1_Amount} Dost Bölge Disinda Savas Gücü</Text>
    </Row>
    <!-- XP2-->
    <Row Tag="LOC_TRAIT_LEADER_CITADEL_CIVILIZATION_EXPANSION2_DESCRIPTION">
      <Text>Son 10 turda savas ilani almislarsa veya bir sehri özgürlestirmislerse +%100 [ICON_PRODUCTION] Üretim.</Text>
    </Row>
  </BaseGameText>
</GameData>