﻿<?xml version="1.0" encoding="utf-8"?>
<GameData>
  <EnglishText>
    <!-- Sejong-->
    <Row Tag="LOC_DIPLO_MODIFIER_SEJONG_LAGGING">
      <Text>Sejong küçük Bilim ve Kültüre sahip olmanizdan memnun</Text>
    </Row>
    <Row Tag="LOC_DIPLO_MODIFIER_SEJONG_LEADING">
      <Text>Sejong Bilim ve Kültürünüzden Hayal Kirikligina Ugradi</Text>
    </Row>
    <Row Tag="LOC_AGENDA_SEJONG_NAME">
      <Text>Neo-Konfüçyüsçülük</Text>
    </Row>
    <Row Tag="LOC_AGENDA_SEJONG_DESCRIPTION">
      <Text>[ICON_Science] Bilim ve [ICON_Culture] Kültürde eksik olan geri kalmis uygarliklara dostça yaklasir.  [ICON_Science] Bilim ve [ICON_Culture] Kültürde kendisinden ileride olan uygarliklardan hoslanmaz.</Text>
    </Row>
    <!-- Diplo VO -->
    <Row Tag="LOC_DIPLO_FIRST_MEET_LEADER_SEJONG_ANY">
      <Text>Ben Sejong'um, bir zamanlar siddetli bölünmenin oldugu yere sakin bir düzen getirdim.</Text>
    </Row>
    <Row Tag="LOC_DIPLO_DECLARE_WAR_FROM_HUMAN_LEADER_SEJONG_ANY">
      <Text>Joseon senin kötü etkinden kurtulacak!</Text>
    </Row>
    <Row Tag="LOC_DIPLO_DECLARE_WAR_FROM_AI_LEADER_SEJONG_ANY">
      <Text>Cok uzun zamandir gölgen topraklarimizi karartti! Senin gelmeni beklemeyecegiz - biz sana geliyoruz!</Text>
    </Row>
    <Row Tag="LOC_DIPLO_KUDO_EXIT_LEADER_SEJONG_ANY">
      <Text>Gerçek bilgin liderlik eder ve digerlerinin takip etmesi için bir örnek olusturur.</Text>
    </Row>
    <Row Tag="LOC_DIPLO_WARNING_EXIT_LEADER_SEJONG_ANY">
      <Text>Yanlis bir yolda bir adim atmak ilerleme degildir.</Text>
    </Row>
    <Row Tag="LOC_DIPLO_DEFEAT_FROM_AI_LEADER_SEJONG_ANY">
      <Text>Ordularimi yenebilir ve sehirlerimi yagmalayabilirsiniz. Ancak kalplerimizde size karsi tasiyacagimiz kini asla silemezsiniz.</Text>
    </Row>
    <!-- Diplo Text -->
    <Row Tag="LOC_DIPLO_ACCEPT_DECLARE_FRIEND_FROM_HUMAN_LEADER_SEJONG_ANY">
      <Text>Birbirimize Yol'da önderlik edebiliriz.</Text>
    </Row>
    <Row Tag="LOC_DIPLO_REJECT_DECLARE_FRIEND_FROM_HUMAN_LEADER_SEJONG_ANY">
      <Text>Birlikte çalisacagim kisileri iyi seçmeliyim.</Text>
    </Row>
    <Row Tag="LOC_DIPLO_DECLARE_FRIEND_FROM_AI_LEADER_SEJONG_ANY">
      <Text>Sadece arkadaslarimizdan ögrenerek büyürüz.</Text>
    </Row>
    <Row Tag="LOC_DIPLO_ACCEPT_DECLARE_FRIEND_FROM_AI_LEADER_SEJONG_ANY">
      <Text>Kendi rollerimizi bildigimiz sürece baris ise yarayacaktir.</Text>
    </Row>
    <Row Tag="LOC_DIPLO_REJECT_DECLARE_FRIEND_FROM_AI_LEADER_SEJONG_ANY">
      <Text>Dogru bir sekilde çizdigimiz sinirlarin üzerinden bir öküz gibi geçiyorsunuz.</Text>
    </Row>
    <Row Tag="LOC_DIPLO_ACCEPT_DELEGATION_FROM_HUMAN_LEADER_SEJONG_ANY">
      <Text>Heyetinizi Anapji'deki antik göle götürdük, orada siirler yazdik ve sarap kadehlerini alacakaranlikta yüzdürdük. Delegelerinizin siirleri pek iyi degildi.</Text>
    </Row>
    <Row Tag="LOC_DIPLO_REJECT_DELEGATION_FROM_HUMAN_LEADER_SEJONG_ANY">
      <Text>Biz kendi sinirlarimiza dikkat ediyoruz, siz de kendi sinirlariniza dikkat edin.</Text>
    </Row>
    <Row Tag="LOC_DIPLO_DELEGATION_FROM_AI_LEADER_SEJONG_ANY">
      <Text>Iste, bir surasang! Joseon'da yenebilecek her seyden yemekler - sura, jjim, tang ve dokuz farkli çesit kimchi.</Text>
    </Row>
    <Row Tag="LOC_DIPLO_DENOUNCE_FROM_HUMAN_LEADER_SEJONG_ANY">
      <Text>Öfkeyle söylenen sözlerin hiçbir üretken faydasi olamaz.</Text>
    </Row>
    <Row Tag="LOC_DIPLO_DENOUNCE_FROM_AI_LEADER_SEJONG_ANY">
      <Text>Burada çok büyük bir hataya düstünüz. (Sizi kiniyor)</Text>
    </Row>
    <Row Tag="LOC_DIPLO_FIRST_MEET_VISIT_RECIPIENT_LEADER_SEJONG_ANY">
      <Text>Topraklariniz etkileyici, yine de evimizi özlüyoruz.</Text>
    </Row>
    <Row Tag="LOC_DIPLO_FIRST_MEET_NEAR_INITIATOR_POSITIVE_LEADER_SEJONG_ANY">
      <Text>Aynen öyle.</Text>
    </Row>
    <Row Tag="LOC_DIPLO_FIRST_MEET_NO_MANS_INFO_EXCHANGE_LEADER_SEJONG_ANY">
      <Text>Digerlerinin topraklarini anlamaliyiz ki daha iyi ögrenebilelim.</Text>
    </Row>
    <Row Tag="LOC_DIPLO_GREETING_LEADER_SEJONG_ANY">
      <Text>Bugün birbirimizden nasil ögrenebiliriz?</Text>
    </Row>
    <Row Tag="LOC_DIPLO_MAKE_ALLIANCE_FROM_AI_LEADER_SEJONG_ANY">
      <Text>Bir gemi iki direkle daha hizli yol alir, öyle degil mi?</Text>
    </Row>
    <Row Tag="LOC_DIPLO_MAKE_PEACE_AI_ACCEPT_DEAL_LEADER_SEJONG_ANY">
      <Text>Zorluklarin sonunda mutluluk gelir.</Text>
    </Row>
    <Row Tag="LOC_DIPLO_MAKE_PEACE_AI_REFUSE_DEAL_LEADER_SEJONG_ANY">
      <Text>Hala kin besliyoruz.</Text>
    </Row>
    <Row Tag="LOC_DIPLO_MAKE_PEACE_FROM_AI_LEADER_SEJONG_ANY">
      <Text>Topraklariniz etkileyici, yine de evimizi özlüyoruz.</Text>
    </Row>
    <Row Tag="LOC_DIPLO_ACCEPT_OPEN_BORDERS_FROM_HUMAN_LEADER_SEJONG_ANY">
      <Text>Birlikte yürüyelim ve büyüyelim.</Text>
    </Row>
    <Row Tag="LOC_DIPLO_REJECT_OPEN_BORDERS_FROM_HUMAN_LEADER_SEJONG_ANY">
      <Text>Size yeterince güvenmiyoruz.</Text>
    </Row>
    <Row Tag="LOC_DIPLO_OPEN_BORDERS_FROM_AI_LEADER_SEJONG_ANY">
      <Text>Halklarimiz arasinda dostlugu arttirirsak bilgimizi birlikte genisletebiliriz.</Text>
    </Row>
    <Row Tag="LOC_DIPLO_WARNING_TOO_MANY_TROOPS_NEAR_ME_LEADER_SEJONG_ANY">
      <Text>Sinirimdaki tehditleri görmezden gelerek büyük bir kral olmadim.</Text>
    </Row>
    <Row Tag="LOC_DIPLO_REJECT_MAKE_DEAL_FROM_AI_LEADER_SEJONG_ANY">
      <Text>Bu olamaz.</Text>
    </Row>
    <Row Tag="LOC_DIPLO_ACCEPT_MAKE_DEAL_FROM_AI_LEADER_SEJONG_ANY">
      <Text>Birlikte büyüyecegiz.</Text>
    </Row>
    <!-- Ludwig II-->
    <Row Tag="LOC_CITY_NAME_MUNICH_CAPITAL">
      <Text>Münih</Text>
    </Row>
    <Row Tag="LOC_DIPLO_WARNING_LEADER_LUDWIG_REASON_ANY">
      <Text>(Sehirlerinizi ilçelerle doldurdunuz.)</Text>
    </Row>
    <Row Tag="LOC_DIPLO_KUDO_LEADER_LUDWIG_REASON_ANY">
      <Text>(Sehirlerinizi mümkün olan tüm bölgelerle doldurmuyorsunuz).</Text>
    </Row>
    <Row Tag="LOC_DIPLO_MODIFIER_ETERNAL_LAGGING">
      <Text>Ludwig, bina bölgeleri konusunda geride kalmanizdan memnuniyet duyuyor.</Text>
    </Row>
    <Row Tag="LOC_DIPLO_MODIFIER_ETERNAL_LEADING">
      <Text>Ludwig, sehirlerinizi bölgelerle doldurdugunuz için mutsuz.</Text>
    </Row>
    <Row Tag="LOC_AGENDA_ETERNAL_NAME">
      <Text>Ebedi Muamma</Text>
    </Row>
    <Row Tag="LOC_AGENDA_ETERNAL_DESCRIPTION">
      <Text>Her sehirde maksimum sayida Bölge bulundurmayan uygarliklari sever. Mümkün oldugunca çok bölge insa eden uygarliklari sevmez.</Text>
    </Row>
    <!-- Diplo VO -->
    <Row Tag="LOC_DIPLO_FIRST_MEET_LEADER_LUDWIG_ANY">
      <Text>Ben Bavyerali Ludwig, bu topraklarin krali ve efsanedeki Kugu-Sövalye'nin vücut bulmus haliyim.</Text>
    </Row>
    <Row Tag="LOC_DIPLO_DECLARE_WAR_FROM_HUMAN_LEADER_LUDWIG_ANY">
      <Text>Alçak! Sen de Kont Telramund kadar asagiliksin! Fafnir kadar!</Text>
    </Row>
    <Row Tag="LOC_DIPLO_DECLARE_WAR_FROM_AI_LEADER_LUDWIG_ANY">
      <Text>Buyurun o zaman! Bu günün yeni efsanelerini yazacagiz!</Text>
    </Row>
    <Row Tag="LOC_DIPLO_KUDO_EXIT_LEADER_LUDWIG_ANY">
      <Text>Memleketinizin ormanlarini ve göllerini nasil degerlendireceginizi iyi biliyorsunuz.</Text>
    </Row>
    <Row Tag="LOC_DIPLO_WARNING_EXIT_LEADER_LUDWIG_ANY">
      <Text>Sehirlerinizi bir defter gibi siraliyorsunuz: burasi bilim insanlarinin, surasi sairlerin bölgesi. Siradanlik.</Text>
    </Row>
    <Row Tag="LOC_DIPLO_DEFEAT_FROM_AI_LEADER_LUDWIG_ANY">
      <Text>Belki de Orman ve Dünya arasindaki yolda karsilasabiliriz.</Text>
    </Row>
    <!-- Diplo Text -->
    <Row Tag="LOC_DIPLO_ACCEPT_DECLARE_FRIEND_FROM_HUMAN_LEADER_LUDWIG_ANY">
      <Text>Arkadasliginizi tüm kalbimle kabul ediyorum. Simdi yalniz kalabilir miyim?</Text>
    </Row>
    <Row Tag="LOC_DIPLO_REJECT_DECLARE_FRIEND_FROM_HUMAN_LEADER_LUDWIG_ANY">
      <Text>Müzik ve sanat varken arkadaslara ne ihtiyacim var?</Text>
    </Row>
    <Row Tag="LOC_DIPLO_DECLARE_FRIEND_FROM_AI_LEADER_LUDWIG_ANY">
      <Text>Yoldas olalim! Sik sik görüsmek zorunda kalmadigimiz sürece. Ve maske takmak zorunda kalacaksin.</Text>
    </Row>
    <Row Tag="LOC_DIPLO_ACCEPT_DECLARE_FRIEND_FROM_AI_LEADER_LUDWIG_ANY">
      <Text>Harika. Lütfen git buradan.</Text>
    </Row>
    <Row Tag="LOC_DIPLO_REJECT_DECLARE_FRIEND_FROM_AI_LEADER_LUDWIG_ANY">
      <Text>Cok kötü. Lütfen git buradan.</Text>
    </Row>
    <Row Tag="LOC_DIPLO_ACCEPT_DELEGATION_FROM_HUMAN_LEADER_LUDWIG_ANY">
      <Text>Heyetiniz baskentimde dokuz saat süren bir Alman romantik müzik performansina katildi. Gösterinin sonunda gözlerinden yaslar aktigini görebiliyordum, o kadar sevmislerdi ki.</Text>
    </Row>
    <Row Tag="LOC_DIPLO_REJECT_DELEGATION_FROM_HUMAN_LEADER_LUDWIG_ANY">
      <Text>O gece için planlarim var. Kitap okumayi ve agaçlardaki yagmuru düsünmeyi planliyorum.</Text>
    </Row>
    <Row Tag="LOC_DIPLO_DELEGATION_FROM_AI_LEADER_LUDWIG_ANY">
      <Text>Size yüz kugu gönderdim- Size elli kugu gönderdim- Affedersiniz, onlari iyi baglamadim. Size bir kugu gönderdim.</Text>
    </Row>
    <Row Tag="LOC_DIPLO_DENOUNCE_FROM_HUMAN_LEADER_LUDWIG_ANY">
      <Text>Bu... bu hiç hos degil.</Text>
    </Row>
    <Row Tag="LOC_DIPLO_DENOUNCE_FROM_AI_LEADER_LUDWIG_ANY">
      <Text>Ahlak kurallarim bana seni bir cani ve hain olarak mahkum etmemi emrediyor. Iste. Mahkum edildin. (Seni Ihbar Ediyor)</Text>
    </Row>
    <Row Tag="LOC_DIPLO_FIRST_MEET_VISIT_RECIPIENT_LEADER_LUDWIG_ANY">
      <Text>Gel ve kugu magarasini gör. Evimin kulelerini ve kulelerini görün.</Text>
    </Row>
    <Row Tag="LOC_DIPLO_FIRST_MEET_NEAR_INITIATOR_POSITIVE_LEADER_LUDWIG_ANY">
      <Text>Öyle olsun.</Text>
    </Row>
    <Row Tag="LOC_DIPLO_FIRST_MEET_NO_MANS_INFO_EXCHANGE_LEADER_LUDWIG_ANY">
      <Text>Bana topraklarinizin sarkilarini söyleyin! Kugulariniz var mi?</Text>
    </Row>
    <Row Tag="LOC_DIPLO_GREETING_LEADER_LUDWIG_ANY">
      <Text>Sadece burayi okuyordum. Sen de kimsin?</Text>
    </Row>
    <Row Tag="LOC_DIPLO_MAKE_ALLIANCE_FROM_AI_LEADER_LUDWIG_ANY">
      <Text>Ittifak yapalim mi? Iste, bu pelerini ve maskeyi takabilirsin.</Text>
    </Row>
    <Row Tag="LOC_DIPLO_MAKE_PEACE_AI_ACCEPT_DEAL_LEADER_LUDWIG_ANY">
      <Text>Savasta miydik?</Text>
    </Row>
    <Row Tag="LOC_DIPLO_MAKE_PEACE_AI_REFUSE_DEAL_LEADER_LUDWIG_ANY">
      <Text>Savasçilarimdan en heyecan verici kahramanlik öykülerini topluyordum  artik duramam.</Text>
    </Row>
    <Row Tag="LOC_DIPLO_MAKE_PEACE_FROM_AI_LEADER_LUDWIG_ANY">
      <Text>Az önce bana savasta oldugumuz söylendi! Insanlar birbirini öldürmeye çalisiyor! Hikayelerde bu harika, ama artik buna bir son verelim.</Text>
    </Row>
    <Row Tag="LOC_DIPLO_ACCEPT_OPEN_BORDERS_FROM_HUMAN_LEADER_LUDWIG_ANY">
      <Text>Ormanlarimi ve derelerimi, saraylarimi ve satolarimi ziyaret edebilirsiniz. Sadece önce benim orada olup olmadigimi kontrol edin.</Text>
    </Row>
    <Row Tag="LOC_DIPLO_REJECT_OPEN_BORDERS_FROM_HUMAN_LEADER_LUDWIG_ANY">
      <Text>Yaklasirsaniz, agaç ruhlarinin vahsiligi sizi dehsete düsürür! Böylesi daha iyi.</Text>
    </Row>
    <Row Tag="LOC_DIPLO_OPEN_BORDERS_FROM_AI_LEADER_LUDWIG_ANY">
      <Text>Uzak diyarlarin hikayelerini ariyoruz!</Text>
    </Row>
    <Row Tag="LOC_DIPLO_WARNING_TOO_MANY_TROOPS_NEAR_ME_LEADER_LUDWIG_ANY">
      <Text>Yiginak yapan birliklerinize bakarken askerlerimin gögüslerinde sövalyeligin atesli kalbi atiyor. Yalvaririm onlari kesinlikle görkemli yigitlik eylemlerine kiskirtmayin!</Text>
    </Row>
    <Row Tag="LOC_DIPLO_REJECT_MAKE_DEAL_FROM_AI_LEADER_LUDWIG_ANY">
      <Text>Kugu Sövalye için insa etmem gereken kirk metrelik bir anit var ve bunu bu tür anlasmalarla yapamam.</Text>
    </Row>
    <Row Tag="LOC_DIPLO_ACCEPT_MAKE_DEAL_FROM_AI_LEADER_LUDWIG_ANY">
      <Text>Cok güzel. Magarada bir resepsiyon verecegiz. Gece tabii ki.</Text>
    </Row>
    <!-- Theodora-->
    <Row Tag="LOC_DISTRICT_FARM_1_FAITH">
      <Text>+{1_num} [ICON_Faith] Bitisik {1_Num : plural 1?Farm  other?Farms }'ten gelen inanç.</Text>
    </Row>
    <Row Tag="LOC_AGENDA_NEW_ROME_NAME">
      <Text>Yeni Roma</Text>
    </Row>
    <Row Tag="LOC_AGENDA_NEW_ROME_DESCRIPTION">
      <Text>[ICON_Culture] Kültürü gelistirmeye çalisir ve [ICON_Culture] Kültürüne de odaklanan medeniyetleri sever.</Text>
    </Row>
    <!-- Diplo VO -->
    <Row Tag="LOC_DIPLO_FIRST_MEET_LEADER_THEODORA_ANY">
      <Text>Ben Theodora'yim, hiçlikten tahta sadece hayallerle çiktim.</Text>
    </Row>
    <Row Tag="LOC_DIPLO_DECLARE_WAR_FROM_HUMAN_LEADER_THEODORA_ANY">
      <Text>Kimse imparatoriçeyi köseye sikistiramaz.</Text>
    </Row>
    <Row Tag="LOC_DIPLO_DECLARE_WAR_FROM_AI_LEADER_THEODORA_ANY">
      <Text>Halkim daha iyi bir yasam talep ediyor. Siz bunun önünde duruyorsunuz.</Text>
    </Row>
    <Row Tag="LOC_DIPLO_KUDO_EXIT_LEADER_THEODORA_ANY">
      <Text>Sahne dekorlari ve sahne setleriyle, siir ve zarafetle güç yaratiyoruz.</Text>
    </Row>
    <Row Tag="LOC_DIPLO_WARNING_EXIT_LEADER_THEODORA_ANY">
      <Text>Hayatta sizin sundugunuzdan daha fazlasi olduguna emin misiniz?</Text>
    </Row>
    <Row Tag="LOC_DIPLO_DEFEAT_FROM_AI_LEADER_THEODORA_ANY">
      <Text>Taht görkemli bir mezardir.</Text>
    </Row>
    <!-- Diplo Text -->
    <Row Tag="LOC_DIPLO_ACCEPT_DECLARE_FRIEND_FROM_HUMAN_LEADER_THEODORA_ANY">
      <Text>Cok güzel. Tahmin edilebilir ama güzel.</Text>
    </Row>
    <Row Tag="LOC_DIPLO_REJECT_DECLARE_FRIEND_FROM_HUMAN_LEADER_THEODORA_ANY">
      <Text>Bir sosyal tirmanisçiyi tanimak için bir sosyal tirmanisçi gerekir.</Text>
    </Row>
    <Row Tag="LOC_DIPLO_DECLARE_FRIEND_FROM_AI_LEADER_THEODORA_ANY">
      <Text>Arkadaslik ve sohbet her basarinin kalbidir, öyle degil mi?</Text>
    </Row>
    <Row Tag="LOC_DIPLO_ACCEPT_DECLARE_FRIEND_FROM_AI_LEADER_THEODORA_ANY">
      <Text>Roma'nin cazibesinin ise yaradigini görüyorum.</Text>
    </Row>
    <Row Tag="LOC_DIPLO_REJECT_DECLARE_FRIEND_FROM_AI_LEADER_THEODORA_ANY">
      <Text>Yapacak daha iyi islerim ve konusacak daha önemli insanlar var.</Text>
    </Row>
    <Row Tag="LOC_DIPLO_ACCEPT_DELEGATION_FROM_HUMAN_LEADER_THEODORA_ANY">
      <Text>Heyetinizi, ne yazik ki Yesiller lehine tezahürat yaptiklari at arabasi yarislarina götürdük. Kalanlari size iade ediyoruz.</Text>
    </Row>
    <Row Tag="LOC_DIPLO_REJECT_DELEGATION_FROM_HUMAN_LEADER_THEODORA_ANY">
      <Text>Heyetinize daha iyi davranislar ögretin, belki o zaman.</Text>
    </Row>
    <Row Tag="LOC_DIPLO_DELEGATION_FROM_AI_LEADER_THEODORA_ANY">
      <Text>Leda ve Kugu'yu canlandirmalari için size bir dansçi grubu gönderiyoruz. Cok fazla rezil olmamaya çalisin.</Text>
    </Row>
    <Row Tag="LOC_DIPLO_DENOUNCE_FROM_HUMAN_LEADER_THEODORA_ANY">
      <Text>Sok edici. Daha kötülerini de duymustum.</Text>
    </Row>
    <Row Tag="LOC_DIPLO_DENOUNCE_FROM_AI_LEADER_THEODORA_ANY">
      <Text>Kendinize bir bakin. Halkiniz haksizliklara ugruyor, dostlariniz sizi terk ediyor ve görünüse göre terziniz grevde. (Sizi Ihbar Ediyor)</Text>
    </Row>
    <Row Tag="LOC_DIPLO_FIRST_MEET_VISIT_RECIPIENT_LEADER_THEODORA_ANY">
      <Text>Gelin ve gemilerin bogazlardan geçisini görün, hipodromda arabacinin çagrisini duyun, gelin ve ihtisamimizi görün.</Text>
    </Row>
    <Row Tag="LOC_DIPLO_FIRST_MEET_NEAR_INITIATOR_POSITIVE_LEADER_THEODORA_ANY">
      <Text>Dogru anlasma saglandigi takdirde, ben de ayni fikirdeyim.</Text>
    </Row>
    <Row Tag="LOC_DIPLO_FIRST_MEET_NO_MANS_INFO_EXCHANGE_LEADER_THEODORA_ANY">
      <Text>Size imparatorlugumuzu ve onun zevklerini gösterelim!</Text>
    </Row>
    <Row Tag="LOC_DIPLO_GREETING_LEADER_THEODORA_ANY">
      <Text>Kulagim sende.</Text>
    </Row>
    <Row Tag="LOC_DIPLO_MAKE_ALLIANCE_FROM_AI_LEADER_THEODORA_ANY">
      <Text>Bir ortakligin degerini her zaman bildim. Bir tane olusturalim mi?</Text>
    </Row>
    <Row Tag="LOC_DIPLO_MAKE_PEACE_AI_ACCEPT_DEAL_LEADER_THEODORA_ANY">
      <Text>Hipodrom'da savaslar çok daha eglenceli.</Text>
    </Row>
    <Row Tag="LOC_DIPLO_MAKE_PEACE_AI_REFUSE_DEAL_LEADER_THEODORA_ANY">
      <Text>Askerlerimiz bunca yolu sadece evlerine dönmek için mi geldiler?</Text>
    </Row>
    <Row Tag="LOC_DIPLO_MAKE_PEACE_FROM_AI_LEADER_THEODORA_ANY">
      <Text>Zekâ ve söz savaslari, spor ve beceri savaslari çok daha ilginçtir.</Text>
    </Row>
    <Row Tag="LOC_DIPLO_ACCEPT_OPEN_BORDERS_FROM_HUMAN_LEADER_THEODORA_ANY">
      <Text>Dünyanin kavsak noktasinda durdugumuzu biliyoruz.</Text>
    </Row>
    <Row Tag="LOC_DIPLO_REJECT_OPEN_BORDERS_FROM_HUMAN_LEADER_THEODORA_ANY">
      <Text>Dünyanin kavsak noktalarini kontrol ediyoruz, bu da hayir dememizi sagliyor.</Text>
    </Row>
    <Row Tag="LOC_DIPLO_OPEN_BORDERS_FROM_AI_LEADER_THEODORA_ANY">
      <Text>Imparatorlugumuz genisliyor  bu konuda bize yardimci olur musunuz?</Text>
    </Row>
    <Row Tag="LOC_DIPLO_WARNING_TOO_MANY_TROOPS_NEAR_ME_LEADER_THEODORA_ANY">
      <Text>Imparatorlugumuza dost olarak, ziyaretçi olarak, haci olarak gelin. Ama asker olarak degil.</Text>
    </Row>
    <Row Tag="LOC_DIPLO_REJECT_MAKE_DEAL_FROM_AI_LEADER_THEODORA_ANY">
      <Text>Hadi ama, daha iyisini yapabilirsin.</Text>
    </Row>
    <Row Tag="LOC_DIPLO_ACCEPT_MAKE_DEAL_FROM_AI_LEADER_THEODORA_ANY">
      <Text>Bunu hayata geçirelim.</Text>
    </Row>
  </EnglishText>
</GameData>