﻿<?xml version="1.0" encoding="utf-8"?>
<!-- edited with XMLSPY v2004 rel. 2 U (http://www.xmlspy.com) by Scott Lewis (Firaxis Games) -->
<!-- Sid Meier's Civilization V -->
<!-- Copyright Firaxis Games 2010 -->
<!-- -->
<!-- Game Text Infos -->
<GameData>
  <Language_en_US>
    <Row Tag="TXT_KEY_ADVISOR_FIRST_TURN_BUILD_CITY_BODY">
      <Text>Burasi bir sehir kurmak için iyi bir yer. Burada yiyecek ve kaynaklar bol miktarda bulunur. Sehri kurmak için ekranin sol tarafindaki birimin eylem panelindeki Yerlesimcinin [COLOR_ADVISOR_HIGHLIGHT_TEXT]Sehri Bul[/COLOR] dügmesine basin</Text>
    </Row>
    <Row Tag="TXT_KEY_ADVISOR_FIRST_TURN_BUILD_CITY_DISPLAY">
      <Text>Bir Sehir Buldum</Text>
    </Row>
    <Row Tag="TXT_KEY_ADVISOR_FIRST_TURN_BUILD_CITY_ACTIVATE_BUTTON">
      <Text>Yerlesimciyi Bul</Text>
    </Row>
    <Row Tag="TXT_KEY_ADVISOR_LATER_TURNS_BUILD_CITY_BODY">
      <Text>Bir sehir kurmaniz gerekiyor - hem de hemen! Mümkün olan en kisa sürede Yerlesimcinin [COLOR_ADVISOR_HIGHLIGHT_TEXT]Sehir Bulundu[/COLOR] dügmesine tiklayin.</Text>
    </Row>
    <Row Tag="TXT_KEY_ADVISOR_LATER_TURNS_BUILD_CITY_DISPLAY">
      <Text>Bir sehir buldum!</Text>
    </Row>
    <Row Tag="TXT_KEY_ADVISOR_LATER_TURNS_BUILD_CITY_ACTIVATE_BUTTON">
      <Text>Yerlesimciyi Bul</Text>
    </Row>
    <Row Tag="TXT_KEY_ADVISOR_FIRST_TURN_UNIT_MOVE_BODY">
      <Text>Savasçinizi [COLOR_ADVISOR_HIGHLIGHT_TEXT]yeni bölgeleri kesfetmesi için [/COLOR] göndermeyi düsünün. Bir birim seçildiginde, o birimin oraya hareket etmesini saglamak için bir kareye sag tiklayin.</Text>
    </Row>
    <Row Tag="TXT_KEY_ADVISOR_FIRST_TURN_UNIT_MOVE_DISPLAY">
      <Text>Dünyayi Kesfedin</Text>
    </Row>
    <Row Tag="TXT_KEY_ADVISOR_FIRST_TURN_UNIT_MOVE_ACTIVATE_BUTTON">
      <Text>Savasçiyi Bul</Text>
    </Row>
    <Row Tag="TXT_KEY_ADVISOR_LATER_TURN_UNIT_MOVE_BODY">
      <Text>Bir süredir hareket etmeyen bir biriminiz var. Belki de onu [COLOR_ADVISOR_HIGHLIGHT_TEXT]dünyayi kesfetmeye [/COLOR] göndermelisiniz.</Text>
    </Row>
    <Row Tag="TXT_KEY_ADVISOR_LATER_TURN_UNIT_MOVE_DISPLAY">
      <Text>Dünyayi Kesfedin!</Text>
    </Row>
    <Row Tag="TXT_KEY_ADVISOR_LATER_TURN_UNIT_MOVE_ACTIVATE_BUTTON">
      <Text>Rölanti Ünitesini Bul</Text>
    </Row>
    <Row Tag="TXT_KEY_ADVISOR_GO_TO_GOODY_HUT_BODY">
      <Text>Kadim Harabeler uygarligimizi ilerletebilecek sirlar barindiriyor! [COLOR_ADVISOR_HIGHLIGHT_TEXT]Ne sakladigini görmek için bir Kadim Harabeye[/COLOR] bir birim gönderin.</Text>
    </Row>
    <Row Tag="TXT_KEY_ADVISOR_GO_TO_GOODY_HUT_DISPLAY">
      <Text>Antik Kalintilar!</Text>
    </Row>
    <Row Tag="TXT_KEY_ADVISOR_GO_TO_GOODY_HUT_ACTIVATE_BUTTON">
      <Text>Harabeyi Bul</Text>
    </Row>
    <Row Tag="TXT_KEY_ADVISOR_COMBAT_INTRO_BODY">
      <Text>Askeri birimlerinizden biri bir düsman biriminin yakininda. Saldirmak için, bir savas birimine düsman tarafindan isgal edilen bir kareye ilerlemesini emredin.  Savasta hem saldiran hem de savunan birimler hasar alabilir ve biri yok olabilir.</Text>
    </Row>
    <Row Tag="TXT_KEY_ADVISOR_COMBAT_INTRO_DISPLAY">
      <Text>Yakin Dövüs</Text>
    </Row>
    <Row Tag="TXT_KEY_ADVISOR_COMBAT_INTRO_ACTIVATE_BUTTON">
      <Text>Savas Birimini Bul</Text>
    </Row>
    <Row Tag="TXT_KEY_ADVISOR_LOST_ALL_MILITARY_BODY">
      <Text>Bölgemizi savunan askeri birliklerimiz yok. Basibos barbarlari savusturmak ve diger medeniyetleri sinsi saldirilar düzenlemekten caydirmak için bölgemizde bir veya daha fazla askeri birligin bulunmasi faydali olacaktir.</Text>
    </Row>
    <Row Tag="TXT_KEY_ADVISOR_LOST_ALL_MILITARY_DISPLAY">
      <Text>Savunmak için Orduya Ihtiyaç Var!</Text>
    </Row>
    <Row Tag="TXT_KEY_ADVISOR_WORKERS_TRAIN_BODY">
      <Text>Sehrinizin yakinindaki arazi daha verimli hale getirilebilir. [COLOR_ADVISOR_HIGHLIGHT_TEXT]Bölgenizi iyilestirmek için bir Isçi[/COLOR] insa edin.</Text>
    </Row>
    <Row Tag="TXT_KEY_ADVISOR_WORKERS_TRAIN_DISPLAY">
      <Text>Bir Isçi Insa Edin!</Text>
    </Row>
    <Row Tag="TXT_KEY_ADVISOR_WORKERS_INTRO_BODY">
      <Text>Artik bir Isçimiz olduguna göre, bölgemizin verimliligini artirmak için onlara Iyilestirmeler insa etmelerini emredebiliriz. [COLOR_ADVISOR_HIGHLIGHT_TEXT]Isçinizi vurgulanan bir kareye tasiyin ve bir iyilestirme insa edin. [/COLOR]</Text>
    </Row>
    <Row Tag="TXT_KEY_ADVISOR_WORKERS_INTRO_DISPLAY">
      <Text>Isçiler</Text>
    </Row>
    <Row Tag="TXT_KEY_ADVISOR_WORKERS_INTRO_ACTIVATE_BUTTON">
      <Text>Isçi Bul</Text>
    </Row>
    <Row Tag="TXT_KEY_ADVISOR_WORKERS_PROTECT_BODY">
      <Text>Isçiler savunmasizdir, bu nedenle onlari sinirlarimizin disina tasirken çok dikkatli olun. Su anda sadece bir sehrimiz oldugu için, Isçilerimizi [COLOR_ADVISOR_HIGHLIGHT_TEXT] kendi bölgemiz içinde tutmaliyiz [/COLOR].</Text>
    </Row>
    <Row Tag="TXT_KEY_ADVISOR_WORKERS_PROTECT_DISPLAY">
      <Text>Calisanlarinizi Güvende Tutun!</Text>
    </Row>
    <Row Tag="TXT_KEY_ADVISOR_WORKERS_PROTECT_ACTIVATE_BUTTON">
      <Text>Isçi Bul</Text>
    </Row>
    <Row Tag="TXT_KEY_ADVISOR_WORKERS_NEED_WORK_BODY">
      <Text>Bir Isçimiz var, ancak henüz hiçbir kareyi iyilestirmedik. [COLOR_ADVISOR_HIGHLIGHT_TEXT]Ekonomik bir fayda elde etmek için Isçinize sehirlerinizden birinin yakinindaki bir karede bir iyilestirme[/COLOR] insa etmesini emredin.</Text>
    </Row>
    <Row Tag="TXT_KEY_ADVISOR_WORKERS_NEED_WORK_DISPLAY">
      <Text>Calisanin Ise Ihtiyaci Var</Text>
    </Row>
    <Row Tag="TXT_KEY_ADVISOR_WORKERS_NEED_WORK_ACTIVATE_BUTTON">
      <Text>Isçi Bul</Text>
    </Row>
    <Row Tag="TXT_KEY_ADVISOR_WORKERS_STOP_TRAINING_BODY">
      <Text>Sanirim su an için yeterince isçimiz var. Sehrinizde baska bir sey insa etmek isteyebilirsiniz.</Text>
    </Row>
    <Row Tag="TXT_KEY_ADVISOR_WORKERS_STOP_TRAINING_DISPLAY">
      <Text>Isçi Calistirmayi Birakin</Text>
    </Row>
    <Row Tag="TXT_KEY_ADVISOR_UNIT_HEAL_BODY">
      <Text>Yok olmanin esiginde olan bir birimimiz var. Yarali birimler savasta çok daha az etkilidir ve kolayca öldürülürler, bu nedenle onu güvenli bir yere tasimayi ve [COLOR_ADVISOR_HIGHLIGHT_TEXT]Iyilesene Kadar Güçlendir[/COLOR] emrini vermeyi düsünün.</Text>
    </Row>
    <Row Tag="TXT_KEY_ADVISOR_UNIT_HEAL_DISPLAY">
      <Text>Biriminizi Iyilestirin!</Text>
    </Row>
    <Row Tag="TXT_KEY_ADVISOR_UNIT_HEAL_ACTIVATE_BUTTON">
      <Text>Hasarli Birimi Bulun</Text>
    </Row>
    <Row Tag="TXT_KEY_ADVISOR_BUILD_MORE_MILITARY_BODY">
      <Text>Burasi tehlikeli bir dünya ve saldirilara karsi savunmasiziz. Size [COLOR_ADVISOR_HIGHLIGHT_TEXT] uygarligimizi kesfetmek ve savunmak için ek askeri birimler [/COLOR] insa etmenizi öneriyorum.</Text>
    </Row>
    <Row Tag="TXT_KEY_ADVISOR_BUILD_MORE_MILITARY_DISPLAY">
      <Text>Daha Fazla Askere Ihtiyaç Var</Text>
    </Row>
    <Row Tag="TXT_KEY_ADVISOR_HAPPINESS_RESOURCE_BODY">
      <Text>Halkiniz artik mutlu degil. [ICON_HAPPINESS_4]Mutsuz bir halk, mutlu bir halk kadar hizli büyümeyecektir. Vatandaslarinizi daha mutlu etmek istiyorsaniz, [COLOR_ADVISOR_HIGHLIGHT_TEXT]Isçilerinize kaynaklar üzerinde Iyilestirmeler yapmalarini emredin [/COLOR].</Text>
    </Row>
    <Row Tag="TXT_KEY_ADVISOR_HAPPINESS_RESOURCE_DISPLAY">
      <Text>Calisanlariniz Mutlu Degil</Text>
    </Row>
    <Row Tag="TXT_KEY_ADVISOR_HAPPINESS_RESOURCE_ACTIVATE_BUTTON">
      <Text>Kaynak Bul</Text>
    </Row>
    <Row Tag="TXT_KEY_ADVISOR_VERY_UNHAPPY_BODY">
      <Text>Halkiniz çok [ICON_HAPPINESS_4] mutsuz. Sehirlerimizin [ICON_PRODUCTION]üretimi büyük ölçüde azaldi ve birimlerimiz iyi savasmiyor. Mutluluk binalari insa ederek, kaynaklar üzerinde iyilestirmeler yaparak ve diger liderlerle kaynaklar için ticaret yaparak halkinizi daha mutlu hale getirin.</Text>
    </Row>
    <Row Tag="TXT_KEY_ADVISOR_VERY_UNHAPPY_DISPLAY">
      <Text>Halkiniz çok öfkeli!</Text>
    </Row>
    <Row Tag="TXT_KEY_ADVISOR_BUILD_NEW_CITY_BODY">
      <Text>Baskentimiz hareketli bir sehir haline geldi! Baska bir sehir kurmak için [COLOR_ADVISOR_HIGHLIGHT_TEXT]bir Yerlesimci[/COLOR] insa etmenin zamani gelmis olabilir.</Text>
    </Row>
    <Row Tag="TXT_KEY_ADVISOR_BUILD_NEW_CITY_DISPLAY">
      <Text>Yeni sehir mi?</Text>
    </Row>
    <Row Tag="TXT_KEY_ADVISOR_CITY_STATES_INTRO_BODY">
      <Text>Bir sehir devleti kesfettiniz! Sehir devletleri, oyunu kazanmak için rekabet etmeyen küçük ülkelerdir. Onlarla diplomatik olarak etkilesime geçebilir veya savasabilirsiniz.</Text>
    </Row>
    <Row Tag="TXT_KEY_ADVISOR_CITY_STATES_INTRO_DISPLAY">
      <Text>Sehir Devletleri</Text>
    </Row>
    <Row Tag="TXT_KEY_ADVISOR_CITY_STATES_INTRO_ACTIVATE_BUTTON">
      <Text>Sehir-Eyalet Bul</Text>
    </Row>
    <Row Tag="TXT_KEY_ADVISOR_CITY_STATES_QUEST_BODY">
      <Text>Bir sehir devleti sizden yardim istedi! Yardim ederseniz, sehir devleti nezdinde Nüfuz kazanirsiniz. Nüfuzunuz yeterince yüksek bir seviyeye ulastiginda, sehir devleti uygarliginiza çesitli faydalar saglayacaktir.</Text>
    </Row>
    <Row Tag="TXT_KEY_ADVISOR_CITY_STATES_QUEST_DISPLAY">
      <Text>Bir Sehir Devletinin Yardima Ihtiyaci Var!</Text>
    </Row>
    <Row Tag="TXT_KEY_ADVISOR_CITY_STATES_QUEST_ACTIVATE_BUTTON">
      <Text>Sehir-Eyalet Bul</Text>
    </Row>
    <Row Tag="TXT_KEY_ADVISOR_SETTLER_INTRO_BODY">
      <Text>Yerlesimciniz ile yeni bir sehir kurabilirsiniz. Bir sehrin büyümesi için yakininda bir dizi kaliteli [ICON_FOOD] yiyecek karesi olmasi gerekir, bu yüzden sehrinizi [ICON_FOOD] yiyecek kaynaklarinin yaninda kurun. [COLOR_ADVISOR_HIGHLIGHT_TEXT]Yerlesimcinizi verimli bir yere tasiyin ve yeni bir sehir kurun. [/COLOR]</Text>
    </Row>
    <Row Tag="TXT_KEY_ADVISOR_SETTLER_INTRO_DISPLAY">
      <Text>Bir Sehir Nerede Kurulur</Text>
    </Row>
    <Row Tag="TXT_KEY_ADVISOR_SETTLER_INTRO_ACTIVATE_BUTTON">
      <Text>Yerlesimciyi Bul</Text>
    </Row>
    <Row Tag="TXT_KEY_ADVISOR_SETTLER_PROTECT_BODY">
      <Text>Yerlesimciniz sinirlarinizin disinda yalniz ve ele geçirilebilir. [COLOR_ADVISOR_HIGHLIGHT_TEXT]Yerlesimcinizi barbarlardan ve firsatçi düsman uygarliklardan korumak için ona eslik edecek bir askeri birlik [/COLOR] siparis edin.</Text>
    </Row>
    <Row Tag="TXT_KEY_ADVISOR_SETTLER_PROTECT_DISPLAY">
      <Text>Yerlesimcinizi Koruyun</Text>
    </Row>
    <Row Tag="TXT_KEY_ADVISOR_SETTLER_PROTECT_ACTIVATE_BUTTON">
      <Text>Yerlesimciyi Bul</Text>
    </Row>
    <Row Tag="TXT_KEY_ADVISOR_CITY_UNDER_ATTACK_BODY">
      <Text>Sehirler, askeri birlikler gibi, saldirganlara karsi savunma yaparlar. Bir sehir ancak gücü sifira indirildiginde ele geçirilebilir. Sehrimiz düsmeden önce kusatmacilari yenmek için askeri birlikleri kullanin!</Text>
    </Row>
    <Row Tag="TXT_KEY_ADVISOR_CITY_UNDER_ATTACK_DISPLAY">
      <Text>Kusatildi!</Text>
    </Row>
    <Row Tag="TXT_KEY_ADVISOR_CITY_UNDER_ATTACK_ACTIVATE_BUTTON">
      <Text>Sehir Bul</Text>
    </Row>
    <Row Tag="TXT_KEY_ADVISOR_CITY_FIRST_CONSTRUCTION_BODY">
      <Text>Baskentimiz bir birim insa etmeyi tamamladi. Sehirler birimler, binalar ve dünya harikalari insa edebilir, ancak her seferinde yalnizca bir tane.</Text>
    </Row>
    <Row Tag="TXT_KEY_ADVISOR_CITY_FIRST_CONSTRUCTION_DISPLAY">
      <Text>Sehir Insaati Tamamlandi</Text>
    </Row>
    <Row Tag="TXT_KEY_ADVISOR_ONE_UNIT_PER_TILE_BODY">
      <Text>Bir kareyi ayni anda sadece bir askeri birlik isgal edebilir. Bir askeri birlik sirasi geldiginde diger askeri birliklerin içinden geçebilir, ancak sirasini isgal edilmis bir alanda bitiremez.</Text>
    </Row>
    <Row Tag="TXT_KEY_ADVISOR_ONE_UNIT_PER_TILE_DISPLAY">
      <Text>Karo Basina Bir Birim</Text>
    </Row>
    <Row Tag="TXT_KEY_ADVISOR_MILITARY_UPKEEP_BODY">
      <Text>O kadar çok askeri birligimiz var ki sehirlerimizin [ICON_PRODUCTION] üretimini yavaslatiyor. [COLOR_ADVISOR_HIGHLIGHT_TEXT]Altyapimiz daha fazlasini kaldirana kadar yeni askeri birlikler [/COLOR] insa etmeyi durdurun.</Text>
    </Row>
    <Row Tag="TXT_KEY_ADVISOR_MILITARY_UPKEEP_DISPLAY">
      <Text>Askeri Bakim</Text>
    </Row>
    <Row Tag="TXT_KEY_ADVISOR_RANGED_UNIT_BODY">
      <Text>Artik bir menzilli biriminiz var. Menzilli birimler bir kareden daha uzaktaki düsmanlara saldirabilir, ancak yakin dövüs birimleri tarafindan saldiriya ugradiklarinda kolayca yok edilirler. Onlari ön hattinizin arkasinda güvende tutun, size iyi hizmet edeceklerdir.</Text>
    </Row>
    <Row Tag="TXT_KEY_ADVISOR_RANGED_UNIT_DISPLAY">
      <Text>Menzilli Birimler</Text>
    </Row>
    <Row Tag="TXT_KEY_ADVISOR_RANGED_UNIT_ACTIVATE_BUTTON">
      <Text>Menzilli Birim Bul</Text>
    </Row>
    <Row Tag="TXT_KEY_ADVISOR_UPGRADING_UNITS_BODY">
      <Text>Eskiyen birimleri [ICON_GOLD] altin harcayarak daha güçlü birimlere dönüstürebilirsiniz. Bir birimi yükseltmek için bölgenize tasiyin ve birim yükseltme dügmesi görünecektir. [COLOR_ADVISOR_HIGHLIGHT_TEXT]Eski biriminizi gelistirmek için yükseltme dügmesine [/COLOR] basin.</Text>
    </Row>
    <Row Tag="TXT_KEY_ADVISOR_UPGRADING_UNITS_DISPLAY">
      <Text>Yükseltme Üniteleri</Text>
    </Row>
    <Row Tag="TXT_KEY_ADVISOR_UPGRADING_UNITS_ACTIVATE_BUTTON">
      <Text>Yükseltilebilir Birim Bulun</Text>
    </Row>
    <Row Tag="TXT_KEY_ADVISOR_EMBARKING_UNITS_BODY">
      <Text>Arastirmalariniz sayesinde, gelecekteki tüm askeri birimleriniz "Gemiye Binme" terfisine sahip olacak ve su üzerinde hareket edebilecek. Bir kara birimini gemiye bindirmek için ona bir su karesine girmesini emretmeniz yeterlidir. Gemiye bindirilen birimler savunmasizdir, bu nedenle onlara askeri gemilerle eslik etmeyi düsünün.</Text>
    </Row>
    <Row Tag="TXT_KEY_ADVISOR_EMBARKING_UNITS_DISPLAY">
      <Text>Gemiye Alma Birimleri</Text>
    </Row>
    <Row Tag="TXT_KEY_ADVISOR_EMBARKING_UNITS_ACTIVATE_BUTTON">
      <Text>Embarkable Ünitesini Bulun</Text>
    </Row>
    <Row Tag="TXT_KEY_ADVISOR_ATTACKING_FORTIFIED_UNITS_BODY">
      <Text>Yakininda bulundugunuz düsman birimi güçlendirilmistir. Bu, özel bir savunma bonusuna sahip oldugu anlamina gelir (bir kalkan bayragi ile gösterilir). Müstahkem birlikleri bire bir yenmek son derece zordur, bu nedenle ayni turda birden fazla birlikle saldirmayi düsünün.</Text>
    </Row>
    <Row Tag="TXT_KEY_ADVISOR_ATTACKING_FORTIFIED_UNITS_DISPLAY">
      <Text>Güçlendirilmis Birimler</Text>
    </Row>
    <Row Tag="TXT_KEY_ADVISOR_ATTACKING_FORTIFIED_UNITS_ACTIVATE_BUTTON">
      <Text>Savas Birimini Bul</Text>
    </Row>
    <Row Tag="TXT_KEY_ADVISOR_ATTACKING_CITY_BODY">
      <Text>Sehirleri ele geçirmek zor olabilir. Sadece savunmalari güçlü olmakla kalmaz, ayni zamanda saldiran birimlerinize zarar vererek veya onlari yok ederek karsilik verirler. Düsman sehirlerini ele geçirmek için ayni turda birden fazla güçlü birimle saldirin.</Text>
    </Row>
    <Row Tag="TXT_KEY_ADVISOR_ATTACKING_CITY_DISPLAY">
      <Text>Kusatilan Sehirler</Text>
    </Row>
    <Row Tag="TXT_KEY_ADVISOR_ATTACKING_CITY_ACTIVATE_BUTTON">
      <Text>Savas Birimini Bul</Text>
    </Row>
    <Row Tag="TXT_KEY_ADVISOR_LOTS_OF_MONEY_BODY">
      <Text>Hazinemiz büyüdü ve harcayacak paramiz var. Parayi topraklarinizi genisletmek için tas satin almak, Sehir Devletleri üzerinde nüfuz satin almak, birliklerinizi gelistirmek veya diger medeniyetlere rüsvet vermek için kullanabilirsiniz.</Text>
    </Row>
    <Row Tag="TXT_KEY_ADVISOR_LOTS_OF_MONEY_DISPLAY">
      <Text>Biraz Altin Harcayin</Text>
    </Row>
    <Row Tag="TXT_KEY_ADVISOR_CITY_BOMBARD_BODY">
      <Text>Sehirler yakindaki düsmanlari bombalayarak onlara hasar verebilir veya öldürebilir. [COLOR_ADVISOR_HIGHLIGHT_TEXT]Sehrinize düsman birliklerini bombalamasini emredin![/COLOR]</Text>
    </Row>
    <Row Tag="TXT_KEY_ADVISOR_CITY_BOMBARD_DISPLAY">
      <Text>Sehir Bombardimani</Text>
    </Row>
    <Row Tag="TXT_KEY_ADVISOR_CITY_BOMBARD_ACTIVATE_BUTTON">
      <Text>Sehir Bul</Text>
    </Row>
    <Row Tag="TXT_KEY_ADVISOR_RIGHT_CLICK_MOVE_BODY">
      <Text>Birimlerinizin hareketini yönlendirmek için farenin sag tusunu kullanabilirsiniz. Bir birim seçiliyken, bir kareye sag tikladiginizda birim o kareye hareket edecektir. Farenin sag tusunu basili tutarsaniz, birimin tek bir turda hangi taslara gidebilecegini görürsünüz.</Text>
    </Row>
    <Row Tag="TXT_KEY_ADVISOR_RIGHT_CLICK_MOVE_DISPLAY">
      <Text>Sag Tikla Tasima</Text>
    </Row>
    <Row Tag="TXT_KEY_ADVISOR_CITY_SCREEN_BODY">
      <Text>Bu sehir ekranidir. Bu sehrin ne insa ettigini degistirmenizi saglar. Bu ekranda ayrica [ICON_GOLD] altin harcayarak bölgenizi genisletmek için sehrin etrafindaki karolari satin alabilir ve sehrin vatandaslarina hangi karolarda çalisacaklarini söyleyebilirsiniz.</Text>
    </Row>
    <Row Tag="TXT_KEY_ADVISOR_CITY_SCREEN_DISPLAY">
      <Text>Sehir Ekrani</Text>
    </Row>
    <Row Tag="TXT_KEY_ADVISOR_MOVEMENT_FOREST_BODY">
      <Text>Ormanlar birim hareketini yavaslatir. Orman bulunan bir kareye girmek genellikle bir birimin tüm hareket puanlarini tüketir. Ormanlar arkalarindaki nesnelerin görüsünü engeller.</Text>
    </Row>
    <Row Tag="TXT_KEY_ADVISOR_MOVEMENT_FOREST_DISPLAY">
      <Text>Hareket: Ormanlar</Text>
    </Row>
    <Row Tag="TXT_KEY_ADVISOR_MOVEMENT_FOREST_ACTIVATE_BUTTON">
      <Text>Orman Bul</Text>
    </Row>
    <Row Tag="TXT_KEY_ADVISOR_MOVEMENT_HILLS_BODY">
      <Text>Tepeler birim hareketini yavaslatir, ancak birimin agaçlarin ve diger tepelerin üzerinden görmesini saglayarak bir görüs avantaji saglar. Tepeli bir kareye hareket etmek genellikle bir birimin tüm hareket puanlarini tüketir. Tepeler arkalarindaki nesnelerin görüsünü engeller.</Text>
    </Row>
    <Row Tag="TXT_KEY_ADVISOR_MOVEMENT_HILLS_DISPLAY">
      <Text>Hareket: Tepeler</Text>
    </Row>
    <Row Tag="TXT_KEY_ADVISOR_MOVEMENT_HILLS_ACTIVATE_BUTTON">
      <Text>Find Hill</Text>
    </Row>
    <Row Tag="TXT_KEY_ADVISOR_MOVEMENT_MARSH_BODY">
      <Text>Batakliklar birim hareketini yavaslatir. Bataklik olan bir kareye geçmek genellikle bir birimin tüm hareket puanlarini tüketir. Birimler batakliktayken savunma yapmakta zorlanirlar, bu yüzden dikkatli olun!</Text>
    </Row>
    <Row Tag="TXT_KEY_ADVISOR_MOVEMENT_MARSH_DISPLAY">
      <Text>Hareket: Batakliklar</Text>
    </Row>
    <Row Tag="TXT_KEY_ADVISOR_MOVEMENT_MARSH_ACTIVATE_BUTTON">
      <Text>Marsh'i Bul</Text>
    </Row>
    <Row Tag="TXT_KEY_ADVISOR_MOVEMENT_MOUNTAIN_BODY">
      <Text>Kara birimleri daglarin içinden geçemez  etraflarindan dolasmaniz gerekir. Daglar oldukça uzaktan görülebilir.</Text>
    </Row>
    <Row Tag="TXT_KEY_ADVISOR_MOVEMENT_MOUNTAIN_DISPLAY">
      <Text>Hareket: Daglar</Text>
    </Row>
    <Row Tag="TXT_KEY_ADVISOR_MOVEMENT_MOUNTAIN_ACTIVATE_BUTTON">
      <Text>Dag Bul</Text>
    </Row>
    <Row Tag="TXT_KEY_ADVISOR_MOVEMENT_JUNGLE_BODY">
      <Text>Ormanlar birim hareketini yavaslatir. Orman bulunan bir kareye hareket etmek genellikle bir birimin tüm hareket puanlarini tüketir. Ormanlar arkalarindaki nesnelerin görüsünü engeller. Ormanlar genellikle oldukça sicak ve nemlidir, ancak bu önemli degildir.</Text>
    </Row>
    <Row Tag="TXT_KEY_ADVISOR_MOVEMENT_JUNGLE_DISPLAY">
      <Text>Hareket: Ormanlar</Text>
    </Row>
    <Row Tag="TXT_KEY_ADVISOR_MOVEMENT_JUNGLE_ACTIVATE_BUTTON">
      <Text>Orman Bul</Text>
    </Row>
    <Row Tag="TXT_KEY_ADVISOR_MOVEMENT_RIVER_BODY">
      <Text>Nehirleri geçmek birim hareketini yavaslatir. Bir nehri geçmek genellikle bir birimin tüm hareket puanlarini tüketir. Bir nehir boyunca saldirirken birimlerin iyi savasmasi son derece zordur, bu nedenle birimlerinizi dikkatli konumlandirin.</Text>
    </Row>
    <Row Tag="TXT_KEY_ADVISOR_MOVEMENT_RIVER_DISPLAY">
      <Text>Hareket: Nehirleri Geçmek</Text>
    </Row>
    <Row Tag="TXT_KEY_ADVISOR_MOVEMENT_RIVER_ACTIVATE_BUTTON">
      <Text>Nehri Bul</Text>
    </Row>
    <Row Tag="TXT_KEY_ADVISOR_COMBAT_NAVAL_UNIT_BODY">
      <Text>Güçlü bir Donanmaya sahip olmak, uygarligimizin etrafindaki okyanuslari savunmanin ve kesfetmenin tek yoludur. Ayrica güçlü menzilli saldirilariyla düsmana büyük zarar verebilirler!</Text>
    </Row>
    <Row Tag="TXT_KEY_ADVISOR_COMBAT_NAVAL_UNIT_DISPLAY">
      <Text>Donanma Birimleri</Text>
    </Row>
    <Row Tag="TXT_KEY_ADVISOR_COMBAT_NAVAL_UNIT_ACTIVATE_BUTTON">
      <Text>Donanma Birimini Bul</Text>
    </Row>
    <Row Tag="TXT_KEY_ADVISOR_WORKER_NAVAL_UNIT_BODY">
      <Text>Is tekneleri kiyilarinizdaki balik ve balina kaynaklarini gelistirmenizi saglar. Bu yerleri gelistirdiginizde, is tekneleri kalici olarak dönüstürülecektir.</Text>
    </Row>
    <Row Tag="TXT_KEY_ADVISOR_WORKER_NAVAL_UNIT_DISPLAY">
      <Text>Is Tekneleri</Text>
    </Row>
    <Row Tag="TXT_KEY_ADVISOR_WORKER_NAVAL_UNIT_ACTIVATE_BUTTON">
      <Text>Is Teknesi Bulun</Text>
    </Row>
    <Row Tag="TXT_KEY_ADVISOR_SIEGE_UNIT_BODY">
      <Text>Kusatma birimleri menzilden sehirleri yikmakta mükemmeldir, ancak diger birimler tarafindan saldiriya ugradiklarinda savunmasizdirlar, bu yüzden onlari her zaman savunun!</Text>
    </Row>
    <Row Tag="TXT_KEY_ADVISOR_SIEGE_UNIT_DISPLAY">
      <Text>Kusatma Birimleri</Text>
    </Row>
    <Row Tag="TXT_KEY_ADVISOR_SIEGE_UNIT_ACTIVATE_BUTTON">
      <Text>Kusatma Birimini Bul</Text>
    </Row>
    <Row Tag="TXT_KEY_ADVISOR_DISCOVERED_NATURAL_WONDER_BODY">
      <Text>Dogal Harikalar dünyanin dört bir yaninda gizlidir. Onlari kesfetmek uygarliginizi daha mutlu kilar. Onlara bitisik bir sehir insa ederseniz, önemli bir fayda elde edersiniz. Daha fazlasini bulmak için dünyayi kesfedin!</Text>
    </Row>
    <Row Tag="TXT_KEY_ADVISOR_DISCOVERED_NATURAL_WONDER_DISPLAY">
      <Text>Doga Harikalari</Text>
    </Row>
    <Row Tag="TXT_KEY_ADVISOR_DISCOVERED_NATURAL_WONDER_ACTIVATE_BUTTON">
      <Text>Dogal Mucizeyi Bulun</Text>
    </Row>
    <Row Tag="TXT_KEY_ADVISOR_CITY_STATES_TRESPASSING_BODY">
      <Text>Bir sehir devletinin topraklarina askeri birlikler gönderebilirsiniz, ancak bunu yapmanizdan kesinlikle hoslanmazlar. Eger bir sehir devletiyle aranizin iyi olmasini istiyorsaniz, ordunuzu onlarin sinirlarindan uzak tutmaya çalisin.</Text>
    </Row>
    <Row Tag="TXT_KEY_ADVISOR_CITY_STATES_TRESPASSING_DISPLAY">
      <Text>Izinsiz giris!</Text>
    </Row>
    <Row Tag="TXT_KEY_ADVISOR_CITY_STATES_TRESPASSING_ACTIVATE_BUTTON">
      <Text>Izinsiz Gireni Bul</Text>
    </Row>
    <Row Tag="TXT_KEY_ADVISOR_BARBARIAN_CAMP_BODY">
      <Text>Barbar kamplari mümkün olan en kisa sürede ortadan kaldirilmasi gereken asagilik yerlerdir! Barbar kamplari daha fazla barbar dogurur ve onlari ne kadar çabuk yok ederseniz o kadar az sorun çikarirlar.</Text>
    </Row>
    <Row Tag="TXT_KEY_ADVISOR_BARBARIAN_CAMP_DISPLAY">
      <Text>Barbar Kampi</Text>
    </Row>
    <Row Tag="TXT_KEY_ADVISOR_BARBARIAN_CAMP_ACTIVATE_BUTTON">
      <Text>Barbar Kampini Bul</Text>
    </Row>
    <Row Tag="TXT_KEY_ADVISOR_HAPPINESS_BODY">
      <Text>Vatandaslarinizi mutlu tutmak üretken bir medeniyetin anahtaridir. Vatandaslar [ICON_HAPPINESS_4] mutsuzluk üretirken, lüks kaynaklar ve bazi binalar buna karsi [ICON_HAPPINESS_1] mutluluk saglar. Medeniyetinizi saglikli tutmak için onu mutlu tutmaya çalisin!</Text>
    </Row>
    <Row Tag="TXT_KEY_ADVISOR_HAPPINESS_DISPLAY">
      <Text>Mutluluk</Text>
    </Row>
    <Row Tag="TXT_KEY_ADVISOR_EXCESS_LUXURY_RESOURCE_BODY">
      <Text>Gelistirilmis ayni lüks kaynaktan birden fazlasina sahibiz. Uygarligimiz ilki için [ICON_HAPPINESS_1] mutluluk alir ancak digerleri için alamaz. Ek lüksleri diger uygarliklarla onlarin erisemedigimiz lüksleri (veya diger kaynaklari) için takas edebiliriz. Fazla lükslerinizi dost bir komsunuzla takas edin!</Text>
    </Row>
    <Row Tag="TXT_KEY_ADVISOR_EXCESS_LUXURY_RESOURCE_DISPLAY">
      <Text>Ticaret Lüksleri</Text>
    </Row>
    <Row Tag="TXT_KEY_ADVISOR_HOW_TO_ENGAGE_DIPLOMACY_BODY">
      <Text>Bir uygarlik veya sehir devletiyle tekrar iletisim kurmak isterseniz, onlarla konusmak için kisayol olarak sehir afislerine tiklayabilirsiniz.</Text>
    </Row>
    <Row Tag="TXT_KEY_ADVISOR_HOW_TO_ENGAGE_DIPLOMACY_DISPLAY">
      <Text>Bir Sivil veya Sehir-Devlet ile Iletisime Geçin</Text>
    </Row>
    <Row Tag="TXT_KEY_ADVISOR_HOW_TO_ENGAGE_DIPLOMACY_ACTIVATE_BUTTON">
      <Text>Sehir Bul</Text>
    </Row>
    <Row Tag="TXT_KEY_ADVISOR_HOW_TO_ENGAGE_DIPLOMACY_2_BODY">
      <Text>Komsularimizla iliskilerimiz hakkinda daha fazla bilgi edinmek için diplomasi paneline tiklayin. Bu, diplomatik anlasmalarimiz ve antlasmalarimizla ilgili tüm temel bilgileri bize saglamaktadir.</Text>
    </Row>
    <Row Tag="TXT_KEY_ADVISOR_HOW_TO_ENGAGE_DIPLOMACY_2_DISPLAY">
      <Text>Diplomasi Paneli</Text>
    </Row>
    <Row Tag="TXT_KEY_ADVISOR_END_TURN_BODY">
      <Text>Tüm birimlerinizin emirleri var ve bu tur yapabileceginiz baska bir sey yok. Bir sonraki tura geçmek için 'Sonraki Tur' dügmesine basin.</Text>
    </Row>
    <Row Tag="TXT_KEY_ADVISOR_END_TURN_DISPLAY">
      <Text>Sonraki Dönüs'e tiklayin</Text>
    </Row>
    <Row Tag="TXT_KEY_ADVISOR_GOOD_ATTACK_BODY">
      <Text>Bu zekice bir hamle! Bu saldiri, birimleriniz fazla hasar almadan rakibinize çok fazla hasar verecektir.</Text>
    </Row>
    <Row Tag="TXT_KEY_ADVISOR_GOOD_ATTACK_DISPLAY">
      <Text>Akilli Saldiri!</Text>
    </Row>
    <Row Tag="TXT_KEY_ADVISOR_BAD_ATTACK_BODY">
      <Text>Bu saldiriyi tekrar gözden geçirmek isteyebiliriz  siz rakibinize marjinal hasar verirsiniz ve onlar da size hatiri sayilir bir hasar verir.</Text>
    </Row>
    <Row Tag="TXT_KEY_ADVISOR_BAD_ATTACK_DISPLAY">
      <Text>Bu Saldirinin Sonu Iyi Bitmeyebilir</Text>
    </Row>
    <Row Tag="TXT_KEY_ADVISOR_NEUTRAL_ATTACK_BODY">
      <Text>Bu saldiri her iki tarafa da esit hasar verecektir. Eger yakininizda birden fazla birim varsa, onlar size aynisini yapmadan önce onlari yipratmak için bu saldiriya devam etmek iyi bir fikirdir!</Text>
    </Row>
    <Row Tag="TXT_KEY_ADVISOR_NEUTRAL_ATTACK_DISPLAY">
      <Text>Hatta Savas</Text>
    </Row>
    <Row Tag="TXT_KEY_ADVISOR_GOOD_ATTACK_2_BODY">
      <Text>Zekice bir hareket! Kendimiz fazla hasar almadan rakiplerimizi ezdik!</Text>
    </Row>
    <Row Tag="TXT_KEY_ADVISOR_GOOD_ATTACK_2_DISPLAY">
      <Text>Akilli Saldiri!</Text>
    </Row>
    <Row Tag="TXT_KEY_ADVISOR_BAD_ATTACK_2_BODY">
      <Text>O savas bizim istedigimiz gibi gitmedi. Belki biraz daha planlama ile savas alanindaki zaferimizi geri kazanabiliriz. Saldirmadan önce savas önizlemesini kullandiginizdan emin olun!</Text>
    </Row>
    <Row Tag="TXT_KEY_ADVISOR_BAD_ATTACK_2_DISPLAY">
      <Text>En Güzel Saatimiz Degil</Text>
    </Row>
    <Row Tag="TXT_KEY_ADVISOR_NEUTRAL_ATTACK_2_BODY">
      <Text>O savas tam bir fiyaskoydu. Ne bir avantaj elde ettik ne de rakibimizi ciddi sekilde yaraladik. Birliklerimizi desteklemek için baska bir birim getirmeniz gerekecek.</Text>
    </Row>
    <Row Tag="TXT_KEY_ADVISOR_NEUTRAL_ATTACK_2_DISPLAY">
      <Text>Hatta Savas</Text>
    </Row>
    <Row Tag="TXT_KEY_ADVISOR_BANKRUPTCY_BODY">
      <Text>Hazinemiz tükendi ve yeni [ICON_GOLD]altin kaynaklarina ihtiyacimiz var! [ICON_GOLD]altin olmadan arastirmalarimiz durgunlasiyor ve diger medeniyetlerin gerisinde kaliyoruz.</Text>
    </Row>
    <Row Tag="TXT_KEY_ADVISOR_BANKRUPTCY_DISPLAY">
      <Text>Iflas!</Text>
    </Row>
    <Row Tag="TXT_KEY_ADVISOR_RECOMMEND_COURTHOUSE_BODY">
      <Text>Yakin zamanda isgal ettigimiz sehir henüz medeniyetimizin bir parçasi olmaktan heyecan duymuyor ve büyük miktarda [ICON_HAPPINESS_4]mutsuzluga neden oluyor. Eger o sehre bir adliye binasi insa edersek, vatandaslar o kadar [ICON_HAPPINESS_4]mutsuz olmayacaklar.</Text>
    </Row>
    <Row Tag="TXT_KEY_ADVISOR_RECOMMEND_COURTHOUSE_DISPLAY">
      <Text>Isgal Edilen Sehrin Adliyeye Ihtiyaci Var</Text>
    </Row>
    <Row Tag="TXT_KEY_ADVISOR_RECOMMEND_COURTHOUSE_ACTIVATE_BUTTON">
      <Text>Isgal Edilen Sehri Bul</Text>
    </Row>
    <Row Tag="TXT_KEY_ADVISOR_RESEARCH_COURTHOUSE_BODY">
      <Text>Yakin zamanda isgal ettigimiz sehir büyük miktarda [ICON_HAPPINESS_4] mutsuzluga neden oluyor. Bu sehirde bir Adliye Sarayi insa etmek onlarin hosnutsuzlugunu giderecektir, ancak bunu yapmak için gerekli arastirmadan yoksunuz. Matematigi arastirin ki Adliye Sarayini insa edebilelim ve onlar da medeniyetimizin mutlu üyeleri olabilsinler.</Text>
    </Row>
    <Row Tag="TXT_KEY_ADVISOR_RESEARCH_COURTHOUSE_DISPLAY">
      <Text>Isgal Altindaki Sehir Mutsuz</Text>
    </Row>
    <Row Tag="TXT_KEY_ADVISOR_RESEARCH_COURTHOUSE_ACTIVATE_BUTTON">
      <Text>Isgal Edilen Sehri Bul</Text>
    </Row>
    <Row Tag="TXT_KEY_ADVISOR_CITY_STATE_FRIEND_BODY">
      <Text>Bir sehir devletiyle arkadas olmak için yeterli [ICON_INFLUENCE] Nüfuz olusturduk! Bundan ne gibi bonuslar alacagimizi görmek için sehir devletine tiklayin. [ICON_INFLUENCE] Nüfuzumuz zaman içinde yavas yavas azalacaktir, bu nedenle dostluk seviyemizi korumak için sehir devletine yardim etmeye veya [ICON_GOLD] hediyeler vermeye devam edin.</Text>
    </Row>
    <Row Tag="TXT_KEY_ADVISOR_CITY_STATE_FRIEND_DISPLAY">
      <Text>Bakin kim arkadas edinmis!</Text>
    </Row>
    <Row Tag="TXT_KEY_ADVISOR_CITY_STATE_FRIEND_ACTIVATE_BUTTON">
      <Text>Dost Sehir-Eyalet Bulun</Text>
    </Row>
    <Row Tag="TXT_KEY_ADVISOR_ZONE_OF_CONTROL_BODY">
      <Text>Birimimiz bir düsmanin Kontrol Bölgesi içinde. Bu, bir düsman biriminin veya sehrinin yanindaki bir kareden ayni düsmanin yanindaki baska bir kareye geçtiginizde, o tur için tüm hareketin tüketilecegi anlamina gelir.</Text>
    </Row>
    <Row Tag="TXT_KEY_ADVISOR_ZONE_OF_CONTROL_DISPLAY">
      <Text>Kontrol Bölgesi</Text>
    </Row>
    <Row Tag="TXT_KEY_ADVISOR_ZONE_OF_CONTROL_ACTIVATE_BUTTON">
      <Text>Birim Bul</Text>
    </Row>
    <Row Tag="TXT_KEY_ADVISOR_GREAT_PERSON_BODY">
      <Text>Tebrikler, uygarliginizdan harika bir insan çikti! Bu parlak bireyler sizin için birçok sey yapabilir: altin bir çag baslatabilir, haritada benzersiz bir karo iyilestirmesi insa edebilir veya özel güçlerini büyük bir etki yaratmak için kullanabilir!</Text>
    </Row>
    <Row Tag="TXT_KEY_ADVISOR_GREAT_PERSON_DISPLAY">
      <Text>Harika Insanlar</Text>
    </Row>
    <Row Tag="TXT_KEY_ADVISOR_GREAT_PERSON_ACTIVATE_BUTTON">
      <Text>Harika Insan Bul</Text>
    </Row>
    <Row Tag="TXT_KEY_ADVISOR_WINNING_GAME_BODY">
      <Text>En büyük uygarlik olmanin ve oyunu kazanmanin birden fazla yolu var. Aslinda burada dört yol var: askeri, teknoloji, diplomasi veya kültür yoluyla!</Text>
    </Row>
    <Row Tag="TXT_KEY_ADVISOR_WINNING_GAME_DISPLAY">
      <Text>Zafer Nasil Kazanilir!</Text>
    </Row>
    <Row Tag="TXT_KEY_ADVISOR_GREAT_GENERAL_BODY">
      <Text>Askeri zaferleriniz sayesinde bir Büyük General ortaya çikti! Büyük Generaller askeri birliklerle istiflenebilir ve yakininizdakilere büyük fayda saglayabilir!</Text>
    </Row>
    <Row Tag="TXT_KEY_ADVISOR_GREAT_GENERAL_DISPLAY">
      <Text>Büyük General</Text>
    </Row>
    <Row Tag="TXT_KEY_ADVISOR_GREAT_GENERAL_ACTIVATE_BUTTON">
      <Text>Büyük Generali Bulun</Text>
    </Row>
    <Row Tag="TXT_KEY_ADVISOR_CITY_ATTACK_BODY">
      <Text>Sehirler, ele geçirmek için genellikle 4 veya daha fazla birim gerektiren zorlu hedeflerdir. Onlara yakin dövüste saldirdiginizda, sehirler saldiran biriminize hasar verir. Ayrica kusaticilara karsi kullanilacak menzilli bir bombardiman saldirilari da vardir. Saldiriya devam etmek istediginizden emin misiniz?</Text>
    </Row>
    <Row Tag="TXT_KEY_ADVISOR_CITY_ATTACK_DISPLAY">
      <Text>Saldiran Sehirler</Text>
    </Row>
    <Row Tag="TXT_KEY_ADVISOR_TUTORIAL_BUILD_CITY_CHEAT_BODY">
      <Text>Yerlesimciler insa etmek için 2 [ICON_CITIZEN] nüfus gerektirir, bu yüzden yolunuzu hizlandirmak için ilk sehrinize fazladan [ICON_CITIZEN] nüfus verdik. Buna alismayin  bundan sonra kurulan sehirler sadece 1 [ICON_CITIZEN] nüfusla baslayacaktir.</Text>
    </Row>
    <Row Tag="TXT_KEY_ADVISOR_TUTORIAL_BUILD_CITY_CHEAT_DISPLAY">
      <Text>Ekstra nüfus</Text>
    </Row>
    <Row Tag="TXT_KEY_ADVISOR_TUTORIAL_BUILD_CITY_CHEAT_ACTIVATE_BUTTON">
      <Text>Sehir Bul</Text>
    </Row>
    <Row Tag="TXT_KEY_ADVISOR_SCREEN_CITY_SCREEN_BODY">
      <Text>blah</Text>
    </Row>
    <Row Tag="TXT_KEY_ADVISOR_SCREEN_CITY_SCREEN_DISPLAY">
      <Text>Sehir Ekrani</Text>
    </Row>
    <Row Tag="TXT_KEY_ADVISOR_SCREEN_PRODUCTION_CHOOSER_BODY">
      <Text>Üretim Seçici'de bir sehirde üretilecek bir birim, bina veya mucize seçilir. Bir sehir ayni anda yalnizca tek bir öge üzerinde çalisabilir. Sehriniz bir üretimi her tamamladiginda, yeni bir sey insa etmesi için tekrar yönlendirilirsiniz.</Text>
    </Row>
    <Row Tag="TXT_KEY_ADVISOR_SCREEN_PRODUCTION_CHOOSER_DISPLAY">
      <Text>Üretim Seçici</Text>
    </Row>
    <Row Tag="TXT_KEY_ADVISOR_SCREEN_TECH_CHOOSER_BODY">
      <Text>Teknoloji Seçici, uygarliginizin arastiracagi bir teknolojiyi seçmenize olanak tanir. Bir teknoloji kesfedildiginde, arastirmak için yeni bir teknoloji seçmeniz istenecektir.</Text>
    </Row>
    <Row Tag="TXT_KEY_ADVISOR_SCREEN_TECH_CHOOSER_DISPLAY">
      <Text>Teknik Seçici</Text>
    </Row>
    <Row Tag="TXT_KEY_ADVISOR_SCREEN_TECH_TREE_BODY">
      <Text>Teknoloji Agaci, kesfedilebilecek teknolojilerin ve bunlarin nasil baglantili olduklarinin kus bakisi bir görünümünü saglar. Baglantilar, yeni teknolojilerin kilidini açmak için gereken gereksinimleri gösterir.</Text>
    </Row>
    <Row Tag="TXT_KEY_ADVISOR_SCREEN_TECH_TREE_DISPLAY">
      <Text>Teknoloji Agaci</Text>
    </Row>
    <Row Tag="TXT_KEY_ADVISOR_SCREEN_UNIT_LIST_BODY">
      <Text>Birim Listesi, komutaniz altindaki tüm birimlerinizi gösterir. Haritada nerede olduklarini bulmak için onlari seçebilir ve onlara emir verebilirsiniz.</Text>
    </Row>
    <Row Tag="TXT_KEY_ADVISOR_SCREEN_UNIT_LIST_DISPLAY">
      <Text>Birim Listesi</Text>
    </Row>
    <Row Tag="TXT_KEY_ADVISOR_SCREEN_MILITARY_OVERVIEW_BODY">
      <Text>Askeri Genel Bakis, medeniyetinizdeki tüm birimlerin yani sira birimlerinizin ne kadar erzak tükettigine ve Büyük General kazanma yolundaki ilerlemenize derinlemesine bir bakis saglar.</Text>
    </Row>
    <Row Tag="TXT_KEY_ADVISOR_SCREEN_MILITARY_OVERVIEW_DISPLAY">
      <Text>Askeri Genel Bakis</Text>
    </Row>
    <Row Tag="TXT_KEY_ADVISOR_SCREEN_CITY_LIST_BODY">
      <Text>Sehir Listesi uygarliginizdaki tüm sehirleri gösterir. Bu listeyi medeniyetinizin o anda ne yaptigina dair hizli bir genel bakis elde etmek ve savasa girerseniz üretimi kolayca degistirmek için kullanabilirsiniz.</Text>
    </Row>
    <Row Tag="TXT_KEY_ADVISOR_SCREEN_CITY_LIST_DISPLAY">
      <Text>Sehir Listesi</Text>
    </Row>
    <Row Tag="TXT_KEY_ADVISOR_SCREEN_ECONOMIC_OVERVIEW_BODY">
      <Text>Ekonomik Genel Bakis tüm sehirlerinize derinlemesine bir bakis saglar. Ayrica [ICON_GOLD]altin gelirinizi ve [ICON_GOLD]altini neye harcadiginizi da arastirabilirsiniz.</Text>
    </Row>
    <Row Tag="TXT_KEY_ADVISOR_SCREEN_ECONOMIC_OVERVIEW_DISPLAY">
      <Text>Ekonomik Genel Bakis</Text>
    </Row>
    <Row Tag="TXT_KEY_ADVISOR_SCREEN_DIPLOMACY_LIST_BODY">
      <Text>Diplomasi Listesi, temas kurdugunuz tüm Medeniyetleri ve Sehir Devletlerini ve puanlarini gösterir. Bir girise tiklamak sizi onlarla temasa geçirecektir.</Text>
    </Row>
    <Row Tag="TXT_KEY_ADVISOR_SCREEN_DIPLOMACY_LIST_DISPLAY">
      <Text>Diplomasi Listesi</Text>
    </Row>
    <Row Tag="TXT_KEY_ADVISOR_SCREEN_DIPLOMACY_OVERVIEW_BODY">
      <Text>Diplomasiye Genel Bakis, tüm diplomatik bilgilere açilan kapinizdir. Medeniyetler arasindaki diplomatik durumu görebilir, mevcut ticaret anlasmalarina bakabilir ve diger Medeniyetlerle ticaret için hangi kaynaklarin mevcut oldugunu görebilirsiniz.</Text>
    </Row>
    <Row Tag="TXT_KEY_ADVISOR_SCREEN_DIPLOMACY_OVERVIEW_DISPLAY">
      <Text>Diplomasiye Genel Bakis</Text>
    </Row>
    <Row Tag="TXT_KEY_ADVISOR_SCREEN_LEADER_TRADE_DIALOG_BODY">
      <Text>Diplomatik Ticaret ekrani uygarliklarin diplomatik takaslar yapmasina olanak tanir. Her iki taraf da kendi tarafindaki listeden bir teklif olusturabilir ve ardindan bunu diger tarafa önerebilir. Her iki taraf da kabul ettiginde, ticaret ekranindaki ögeler degis tokus edilir.</Text>
    </Row>
    <Row Tag="TXT_KEY_ADVISOR_SCREEN_LEADER_TRADE_DIALOG_DISPLAY">
      <Text>Diplomatik Ticaret</Text>
    </Row>
    <Row Tag="TXT_KEY_ADVISOR_SCREEN_SOCIAL_POLICY_BODY">
      <Text>Sosyal Politika ekrani uygarliginizi sekillendirecek Sosyal Politikalari seçmenizi saglar. Sosyal Politikalarin kilidini açmak için birikmis [ICON_CULTURE] kültürünüzü harcarsiniz. Bazi dallar teknolojik bir çaga ulasilana kadar seçilemeyebilir. Ayrica, bazi dallar birlikte kullanilamaz.  (Hangilerinin birbirini disladigini belirlemek için fareyle üzerine gelinen metne bakin).</Text>
    </Row>
    <Row Tag="TXT_KEY_ADVISOR_SCREEN_SOCIAL_POLICY_DISPLAY">
      <Text>Sosyal Politika</Text>
    </Row>
    <Row Tag="TXT_KEY_TUTORIAL0">
      <Text>Ögretici</Text>
    </Row>
    <Row Tag="TXT_KEY_TUTORIAL0_TITLE_ONLY">
      <Text>Oynadikça ögrenin</Text>
    </Row>
    <Row Tag="TXT_KEY_TUTORIAL0_DESC">
      <Text>Civilization'da yeni misiniz? Nereden baslayacaginizdan emin degil misiniz? Kötü Barbarlarin siz daha ayaklarinizi bile islatamadan acemi medeniyetinizi istila edeceginden mi korkuyorsunuz?  Birakin Danismanlariniz siz oynarken oyunun temel kavramlari ve asamalari konusunda size rehberlik etsin!  Bu kapsamli egitim, asagida listelenen tüm bölümleri gözden geçirme de dahil olmak üzere oyunun tüm önemli temel yönlerini kapsayacaktir.</Text>
    </Row>
    <Row Tag="TXT_KEY_TUTORIAL1_TITLE">
      <Text>Hareket ve Kesif</Text>
    </Row>
    <Row Tag="TXT_KEY_TUTORIAL1">
      <Text>Egitim 1</Text>
    </Row>
    <Row Tag="TXT_KEY_TUTORIAL1_TITLE_ONLY">
      <Text>Hareket ve Kesif</Text>
    </Row>
    <Row Tag="TXT_KEY_TUTORIAL1_DESC">
      <Text>Kesif, kaynaklarin veya bilginin kesfi amaciyla bir araziyi (uzay dahil) arama veya seyahat etme eylemidir. Insanlik tarihinde, fiziksel dünyanin kesfi, Avrupa'nin dünyanin geri kalaniyla temas kurma arayisinin tesvik ettigi Kesifler Cagi'nda zirveye ulasmistir. Daha modern çagda, daha gelismis bilimsel kavramlar ve bilgi arayisi kesifleri daha da ileriye götürmeye devam etmektedir.</Text>
    </Row>
    <Row Tag="TXT_KEY_TUTORIAL2_TITLE">
      <Text>Kurucu Sehirler</Text>
    </Row>
    <Row Tag="TXT_KEY_TUTORIAL2">
      <Text>Ögretici 2</Text>
    </Row>
    <Row Tag="TXT_KEY_TUTORIAL2_TITLE_ONLY">
      <Text>Kurucu Sehirler</Text>
    </Row>
    <Row Tag="TXT_KEY_TUTORIAL2_DESC">
      <Text>Her medeniyetin kalbi sehirlerinde ve orada yasayan insanlarda bulunur. Imparatorlugunuzun etkisini, zenginligini ve gücünü artirmak için yeni sehirler kurmak, kavranmasi gereken temel bir kavramdir.  Tüm bölgeler yeni sehirler için uygun yerler degildir ve kötü yerlestirilmis bir sehir genislemeyi büyük ölçüde yavaslatabilir.</Text>
    </Row>
    <Row Tag="TXT_KEY_TUTORIAL3_TITLE">
      <Text>Sehirlerin Iyilestirilmesi</Text>
    </Row>
    <Row Tag="TXT_KEY_TUTORIAL3">
      <Text>Ögretici 3</Text>
    </Row>
    <Row Tag="TXT_KEY_TUTORIAL3_TITLE_ONLY">
      <Text>Sehirlerin Iyilestirilmesi</Text>
    </Row>
    <Row Tag="TXT_KEY_TUTORIAL3_DESC">
      <Text>Sehirlerin bir medeniyetin üretken üyeleri olabilmeleri için genislemeleri ve büyümeleri gerekir ve onlari Isçilerle gelistirmek nüfuzlarini artirmalarina yardimci olabilir. Sehirlerinizi gelistirmek sadece onlari dünyanin geri kalaniyla birlikte güncel tutmaya yardimci olmakla kalmaz, ayni zamanda çalistiklari topraktan ne kadar kazanç elde ettiklerini de gelistirir. Tarih boyunca, çevrelerindeki uluslarla birlikte büyüyüp gelisemeyen sehirler hizla geride birakilmis ve fetih için kolay hedefler haline getirilmistir.</Text>
    </Row>
    <Row Tag="TXT_KEY_TUTORIAL4_TITLE">
      <Text>Savas ve Fetih</Text>
    </Row>
    <Row Tag="TXT_KEY_TUTORIAL4">
      <Text>Ögretici 4</Text>
    </Row>
    <Row Tag="TXT_KEY_TUTORIAL4_TITLE_ONLY">
      <Text>Savas ve Fetih</Text>
    </Row>
    <Row Tag="TXT_KEY_TUTORIAL4_DESC">
      <Text>Birinin malinizi istedigi ve bunun hakkinda konusmak istemedigi bir zaman gelebilir.  Muharebe, savas ve fetihler insanlik tarihinin sayfalarini doldurur ve kendilerini düsmanlarina karsi savunamayan medeniyetler genellikle hikayeyi anlatacak kadar yasayamazlar. Kendinizi hiçbir zaman saldirida bulmasaniz bile, muharebeyi ve etkili savas yürütmeyi anlamak uygarliginizi felaketten kurtarabilir.</Text>
    </Row>
    <Row Tag="TXT_KEY_TUTORIAL5_TITLE">
      <Text>Temel Diplomasi</Text>
    </Row>
    <Row Tag="TXT_KEY_TUTORIAL5">
      <Text>Ögretici 5</Text>
    </Row>
    <Row Tag="TXT_KEY_TUTORIAL5_TITLE_ONLY">
      <Text>Temel Diplomasi</Text>
    </Row>
    <Row Tag="TXT_KEY_TUTORIAL5_DESC">
      <Text>Diplomasi, ticaret, ittifaklar ve anlasmalar komsularinizla basa çikmanin daha kibar yollaridir ve etkili diplomasi becerileri sizi çogu zaman uzun ve maliyetli bir savastan kurtarabilir. Tarihteki en etkili liderlerden bazilari Diplomasi sanatinin ustalariydi  iyi yerlestirilmis bir söz çogu zaman çok sayida kiliçtan daha güçlü ve ölümcül olabilir.</Text>
    </Row>
    <Row Tag="TXT_KEY_ADVISOR_TUTORIAL_1_INTRO_MOVEMENT_AND_EXPLORATION_BODY">
      <Text>Ben sizin bilim danismaninizim. Bu derste size birimlerinizi harita üzerinde nasil hareket ettireceginizi ögretecegim. Bu süreçte antik kalintilari, Doga Harikalarini ve yepyeni kitalari kesfedeceksiniz!</Text>
    </Row>
    <Row Tag="TXT_KEY_ADVISOR_TUTORIAL_1_INTRO_MOVEMENT_AND_EXPLORATION_DISPLAY">
      <Text>Hareket ve Kesif</Text>
    </Row>
    <Row Tag="TXT_KEY_ADVISOR_TUTORIAL_2_INTRO_FOUND_CITIES_BODY">
      <Text>Ben sizin ekonomi danismaninizim. Bu derste size sehirlerin nasil çalistigini, yeni sehirlerin nasil kurulacagini ve bu sehirleri insa etmek için en iyi yerlerin nereler oldugunu ögretecegim.</Text>
    </Row>
    <Row Tag="TXT_KEY_ADVISOR_TUTORIAL_2_INTRO_FOUND_CITIES_DISPLAY">
      <Text>Yerlesimciler Insa Etmek ve Sehirler Kurmak</Text>
    </Row>
    <Row Tag="TXT_KEY_ADVISOR_TUTORIAL_3_INTRO_IMPROVING_CITIES_WITH_WORKERS_BODY">
      <Text>Ben sizin ekonomi danismaninizim. Bu derste size Isçileri sehirlerinizi gelistirmek için nasil kullanacaginizi ögretecegim. Emriniz altinda Isçileriniz [ICON_GOLD] altin toplamak için ticaret yollari insa edecek, sehirlerinizin daha hizli büyümesine ve daha hizli insa edilmesine yardimci olacak iyilestirmeler yapacak ve halkimizi daha mutlu etmek için kaynaklari gelistirecek.</Text>
    </Row>
    <Row Tag="TXT_KEY_ADVISOR_TUTORIAL_3_INTRO_IMPROVING_CITIES_WITH_WORKERS_DISPLAY">
      <Text>Sehirleri Iyilestirmek için Calisanlari Kullanmak</Text>
    </Row>
    <Row Tag="TXT_KEY_ADVISOR_TUTORIAL_4_INTRO_COMBAT_AND_CONQUERING_BODY">
      <Text>Ben sizin askeri danismaninizim ve neden burada oldugumu tahmin edebilirsiniz. Bu derste size barbarlari nasil ezeceginizi, kamplarini nasil yok edeceginizi ve bir düsman medeniyetin sehrini nasil fethedeceginizi ögretecegim.</Text>
    </Row>
    <Row Tag="TXT_KEY_ADVISOR_TUTORIAL_4_INTRO_COMBAT_AND_CONQUERING_DISPLAY">
      <Text>Savas ve Fethetme</Text>
    </Row>
    <Row Tag="TXT_KEY_ADVISOR_TUTORIAL_5_INTRO_DIPLOMACY_BODY">
      <Text>Ben sizin disisleri danismaninizim. Bu derste diger medeniyetler ve sehir devletleriyle diplomasinin temellerini ögreneceksiniz. Bu karmasik bir konu, bu yüzden simdilik iki önemli kavrama odaklanacagiz: bir sehir devleti üzerinde nüfuz gelistirmek ve komsu bir uygarlikla kaynak ticareti yapmak.</Text>
    </Row>
    <Row Tag="TXT_KEY_ADVISOR_TUTORIAL_5_INTRO_DIPLOMACY_DISPLAY">
      <Text>Temel Diplomasi</Text>
    </Row>
    <Row Tag="TXT_KEY_TASK_LIST">
      <Text>*HEDEFLER*</Text>
    </Row>
    <Row Tag="TXT_KEY_GOAL_TUTORIAL_1_ANCIENT_RUINS">
      <Text>Tümünü bul {1_Num} Antik Harabeler.</Text>
    </Row>
    <Row Tag="TXT_KEY_GOAL_TUTORIAL_1_ANCIENT_RUINS_PROGRESS">
      <Text>Tümünü kesfedin {1_Num} Antik Harabeler. ({2_Num} kesfedildi, ({3_Num} kaldi)</Text>
    </Row>
    <Row Tag="TXT_KEY_TUTORIAL_1_COMPLETE">
      <Text>Hareket ve Kesif egitimini tamamladiniz! Iyi is çikardin!</Text>
    </Row>
    <Row Tag="TXT_KEY_GOAL_TUTORIAL_2_FOUND_CITIES">
      <Text>{1_Num} sehir bulundu.</Text>
    </Row>
    <Row Tag="TXT_KEY_GOAL_TUTORIAL_2_FOUND_CITIES_PROGRESS">
      <Text>Bulunan {1_Num} sehirler. {2_Num} kuruldu, {3_Num} kaldi)</Text>
    </Row>
    <Row Tag="TXT_KEY_GOAL_TUTORIAL_2_FOUND_CITIES_COMPLETE">
      <Text>{1_Num} sehir bulundu. Tamamlandi!</Text>
    </Row>
    <Row Tag="TXT_KEY_GOAL_TUTORIAL_2_DISCOVER_NATURAL_WONDERS">
      <Text>Kesfet {1_Num} Doga Harikalari.</Text>
    </Row>
    <Row Tag="TXT_KEY_GOAL_TUTORIAL_2_DISCOVER_NATURAL_WONDERS_PROGRESS">
      <Text>Kesfet {1_Num} Doga Harikalari. ({2_Num} kesfedildi, ({3_Num} kaldi)</Text>
    </Row>
    <Row Tag="TXT_KEY_GOAL_TUTORIAL_2_DISCOVER_NATURAL_WONDERS_COMPLETE">
      <Text>Bulundu {1_Num} Doga Harikalari. Tamamlandi!</Text>
    </Row>
    <Row Tag="TXT_KEY_TUTORIAL_2_COMPLETE">
      <Text>Bulunan Sehirler egitimini tamamladiniz! Iyi is çikardin!</Text>
    </Row>
    <Row Tag="TXT_KEY_GOAL_TUTORIAL_3_CONNECT_ROADS">
      <Text>Yollari kullanarak {1_Num} sehirleri baskentinize baglayin.</Text>
    </Row>
    <Row Tag="TXT_KEY_GOAL_TUTORIAL_3_CONNECT_ROADS_PROGRESS">
      <Text>Yollari kullanarak {1_Num} sehri baskentinize baglayin. {2_Num} bagli, {3_Num} kalan)</Text>
    </Row>
    <Row Tag="TXT_KEY_GOAL_TUTORIAL_3_CONNECT_ROADS_COMPLETE">
      <Text>Yollari kullanarak {1_Num} sehri baskentinize baglayin. Tamamlandi!</Text>
    </Row>
    <Row Tag="TXT_KEY_GOAL_TUTORIAL_3_IMPROVE_RESOURCES">
      <Text>{1_Num} kaynaklar üzerinde iyilestirmeler olusturun.</Text>
    </Row>
    <Row Tag="TXT_KEY_GOAL_TUTORIAL_3_IMPROVE_RESOURCES_PROGRESS">
      <Text>{1_Num} kaynaklar üzerinde iyilestirmeler olusturun. {2_Num} kaynaklar iyilestirildi, {3_Num} kaldi)</Text>
    </Row>
    <Row Tag="TXT_KEY_GOAL_TUTORIAL_3_IMPROVE_RESOURCES_COMPLETE">
      <Text>{1_Num} kaynaklar üzerinde iyilestirmeler olusturun. Tamamlandi!</Text>
    </Row>
    <Row Tag="TXT_KEY_GOAL_TUTORIAL_3_BUILD_FARMS">
      <Text>En az {2_Num} [ICON_FOOD] gida üreten ([1] çiftlikler kurun.</Text>
    </Row>
    <Row Tag="TXT_KEY_GOAL_TUTORIAL_3_BUILD_FARMS_PROGRESS">
      <Text>En az {2_Num} [ICON_FOOD] gida üreten {1_Num} çiftlikler insa edin. ([4] [ICON_FOOD] gida üreten {3_Num} çiftlikler insa edildi, {4_Num} kaldi)</Text>
    </Row>
    <Row Tag="TXT_KEY_GOAL_TUTORIAL_3_BUILD_FARMS_COMPLETE">
      <Text>En az {2_Num} [ICON_FOOD] gida üreten {1_Num} çiftlik insa edin. Tamamlandi!</Text>
    </Row>
    <Row Tag="TXT_KEY_GOAL_TUTORIAL_3_BUILD_MINES">
      <Text>En az {2_Num} [ICON_PRODUCTION] üretim saglayan ([1] madenler insa edin.</Text>
    </Row>
    <Row Tag="TXT_KEY_GOAL_TUTORIAL_3_BUILD_MINES_PROGRESS">
      <Text>En az {2_Num} [ICON_PRODUCTION] üretim saglayan {1_Num} madenler insa edin. ({3_Num} {2_Num} [ICON_PRODUCTION] üretim saglayan madenler insa edildi, {4_Num} kaldi)</Text>
    </Row>
    <Row Tag="TXT_KEY_GOAL_TUTORIAL_3_BUILD_MINES_COMPLETE">
      <Text>En az {2_Num} [ICON_PRODUCTION] üretim saglayan ([1] madenler insa edin. Tamamlandi!</Text>
    </Row>
    <Row Tag="TXT_KEY_TUTORIAL_3_COMPLETE">
      <Text>Sehirleri Iyilestirme egitimini tamamladiniz! Iyi is çikardiniz!</Text>
    </Row>
    <Row Tag="TXT_KEY_GOAL_TUTORIAL_4_CONQUER_CITY">
      <Text>Düsman sehrini fethet.</Text>
    </Row>
    <Row Tag="TXT_KEY_GOAL_TUTORIAL_4_CONQUER_CITY_COMPLETE">
      <Text>Düsman sehrini fethet. Tamamlayin!</Text>
    </Row>
    <Row Tag="TXT_KEY_GOAL_TUTORIAL_4_DESTROY_BARB_CAMPS">
      <Text>Barbar kamplarini yok et {1_Num}.</Text>
    </Row>
    <Row Tag="TXT_KEY_GOAL_TUTORIAL_4_DESTROY_BARB_CAMPS_PROGRESS">
      <Text>{1_Num} barbar kampini yok edin. {2_Num} yok edildi, {3_Num} kaldi)</Text>
    </Row>
    <Row Tag="TXT_KEY_GOAL_TUTORIAL_4_DESTROY_BARB_CAMPS_COMPLETE">
      <Text>{1_Num} barbar kampini yok et. Tamamlandi!</Text>
    </Row>
    <Row Tag="TXT_KEY_TUTORIAL_4_COMPLETE">
      <Text>Savas ve Fetih egitimini tamamladiniz! Iyi is çikardin!</Text>
    </Row>
    <Row Tag="TXT_KEY_GOAL_TUTORIAL_5_TRADE_WITH_MAJOR">
      <Text>Büyük bir sivil sirketle yapilan bir takastan mermer alin.</Text>
    </Row>
    <Row Tag="TXT_KEY_GOAL_TUTORIAL_5_TRADE_WITH_MAJOR_COMPLETE">
      <Text>Büyük bir sivil ile yapilan takastan mermer alin. Tamamlandi!</Text>
    </Row>
    <Row Tag="TXT_KEY_GOAL_TUTORIAL_5_MOST_FAVORED_CIV">
      <Text>Onlara [ICON_GOLD] altin vererek ve görevleri tamamlayarak bir Sehir Devleti ile müttefik olun.</Text>
    </Row>
    <Row Tag="TXT_KEY_GOAL_TUTORIAL_5_MOST_FAVORED_CIV_COMPLETE">
      <Text>Onlara [ICON_GOLD] altin vererek ve görevleri tamamlayarak bir Sehir Devleti ile müttefik olun. Tamamlandi!</Text>
    </Row>
    <Row Tag="TXT_KEY_TUTORIAL_5_COMPLETE">
      <Text>Temel Diplomasi egitimini tamamladiniz! Iyi is çikardin!</Text>
    </Row>
    <Row Tag="TXT_KEY_CIVILOPEDIA_SHORTCUT_UNITS_LIST">
      <Text>Birim Listesi</Text>
    </Row>
    <Row Tag="TXT_KEY_CIVILOPEDIA_SHORTCUT_TERRAIN_LIST">
      <Text>Arazi ve Özellik Listesi</Text>
    </Row>
    <Row Tag="TXT_KEY_CIVILOPEDIA_SHORTCUT_IMPROVEMENT_LIST">
      <Text>Iyilestirme Listesi</Text>
    </Row>
    <Row Tag="TXT_KEY_CIVILOPEDIA_SHORTCUT_PROMOTIONS_LIST">
      <Text>Promosyon Listesi</Text>
    </Row>
    <Row Tag="TXT_KEY_CIVILOPEDIA_SHORTCUT_RESOURCES_LIST">
      <Text>Kaynak Listesi</Text>
    </Row>
    <Row Tag="TXT_KEY_CIVILOPEDIA_SHORTCUT_SPECIALISTS_AND_GREAT_PEOPLE">
      <Text>Uzmanlar ve Harika Insanlar Listesi</Text>
    </Row>
    <Row Tag="TXT_KEY_CIVILOPEDIA_SHORTCUT_MINOR_CIV_LIST">
      <Text>Sehir-Eyalet Listesi</Text>
    </Row>
    <Row Tag="TXT_KEY_CIVILOPEDIA_SHORTCUT_TECHNOLOGY_LIST">
      <Text>Teknoloji Listesi</Text>
    </Row>
    <Row Tag="TXT_KEY_CIVILOPEDIA_SHORTCUT_BUILDING_LIST">
      <Text>Bina Listesi</Text>
    </Row>
    <Row Tag="TXT_KEY_CIVILOPEDIA_SHORTCUT_WONDER_LIST">
      <Text>Harika Liste</Text>
    </Row>
    <Row Tag="TXT_KEY_CIVILOPEDIA_SHORTCUT_SOCIAL_POLICIES">
      <Text>Sosyal Politika Listesi</Text>
    </Row>
    <Row Tag="TXT_KEY_ADVISOR_COUNSEL_TITLE">
      <Text>Danisman Müsavir</Text>
    </Row>
    <Row Tag="TXT_KEY_ADVISOR_COUNSEL_ECONOMIC_NEXT">
      <Text>Sonraki</Text>
    </Row>
    <Row Tag="TXT_KEY_ADVISOR_COUNSEL_ECONOMIC_PREV">
      <Text>Önceki</Text>
    </Row>
    <Row Tag="TXT_KEY_ADVISOR_COUNSEL_MILITARY_NEXT">
      <Text>Sonraki</Text>
    </Row>
    <Row Tag="TXT_KEY_ADVISOR_COUNSEL_MILITARY_PREV">
      <Text>Önceki</Text>
    </Row>
    <Row Tag="TXT_KEY_ADVISOR_COUNSEL_FOREIGN_NEXT">
      <Text>Sonraki</Text>
    </Row>
    <Row Tag="TXT_KEY_ADVISOR_COUNSEL_FOREIGN_PREV">
      <Text>Önceki</Text>
    </Row>
    <Row Tag="TXT_KEY_ADVISOR_COUNSEL_SCIENCE_NEXT">
      <Text>Sonraki</Text>
    </Row>
    <Row Tag="TXT_KEY_ADVISOR_COUNSEL_SCIENCE_PREV">
      <Text>Önceki</Text>
    </Row>
    <Row Tag="TXT_KEY_ADVISOR_COUNSEL_PAGE_DISPLAY">
      <Text>{1_Num}\{2_Num}</Text>
    </Row>
    <Row Tag="TXT_KEY_MILITARYAISTRATEGY_ALONE">
      <Text>Yakinlarda herhangi bir rakip bulamadik, bu yüzden diger medeniyetleri ve sehir devletlerini bulmak için arastirmaya devam etmeliyiz.</Text>
    </Row>
    <Row Tag="TXT_KEY_MILITARYAISTRATEGY_EMPIRE_DEFENSE">
      <Text>Uygarligimizi savunmak için daha fazla askeri birlige ihtiyacimiz var.</Text>
    </Row>
    <Row Tag="TXT_KEY_MILITARYAISTRATEGY_EMPIRE_DEFENSE_CRITICAL">
      <Text>Neredeyse savunmasiziz! Daha fazla birlik egitmeliyiz!</Text>
    </Row>
    <Row Tag="TXT_KEY_MILITARYAISTRATEGY_AT_WAR">
      <Text>Savastayiz! Zafere ulasmak için askeri birimler ve binalar insa edin!</Text>
    </Row>
    <Row Tag="TXT_KEY_MILITARYAISTRATEGY_ENOUGH_MILITARY_UNITS">
      <Text>Askeri bakim için çok fazla harcama yapiyoruz. Daha fazla askeri birlik insa etmeyi durdurmaliyiz.</Text>
    </Row>
    <Row Tag="TXT_KEY_MILITARYAISTRATEGY_ERADICATE_BARBARIANS">
      <Text>Barbar komsularimizin soyunun tükenme vakti geldi. Askeri birlikler kurun ve onlari kamplari yok etmek için kullanin.</Text>
    </Row>
    <Row Tag="TXT_KEY_MILITARYAISTRATEGY_WINNING_WARS">
      <Text>Biz kazaniyoruz! Baskiya devam edin ve zafere ulasin!</Text>
    </Row>
    <Row Tag="TXT_KEY_MILITARYAISTRATEGY_LOSING_WARS">
      <Text>Kaybediyoruz! Bir baris anlasmasi müzakere etmeyi düsünmeliyiz.</Text>
    </Row>
    <Row Tag="TXT_KEY_ECONOMICAISTRATEGY_NEED_RECON">
      <Text>Antik kalintilari, doga harikalarini ve diger medeniyetleri kesfetmek için dünyayi kesfetmeye devam etmeliyiz!</Text>
    </Row>
    <Row Tag="TXT_KEY_ECONOMICAISTRATEGY_ENOUGH_RECON">
      <Text>Dünyayi kesfetmek için yeterince kasifimiz var. Yeni kara kesif birimleri insa etmeye baslamamaliyiz.</Text>
    </Row>
    <Row Tag="TXT_KEY_ECONOMICAISTRATEGY_NEED_RECON_SEA">
      <Text>Yerlesecek yeni kitalar bulmak için denizleri kesfetmeye devam etmeliyiz.</Text>
    </Row>
    <Row Tag="TXT_KEY_ECONOMICAISTRATEGY_ENOUGH_RECON_SEA">
      <Text>Kiyi sularini yeterince kesfettik. Denizleri kesfetmek için daha fazla birim göndermemize gerek yok.</Text>
    </Row>
    <Row Tag="TXT_KEY_ECONOMICAISTRATEGY_EARLY_EXPANSION">
      <Text>Genisleyecek yerimiz var, o yüzden bir yerlesimciyi egitelim ve yeni bir sehir kuralim!</Text>
    </Row>
    <Row Tag="TXT_KEY_ECONOMICAISTRATEGY_ENOUGH_EXPANSION">
      <Text>Su anda yeni sehirler kurmak yerine elimizdekileri büyütmeye ve gelistirmeye odaklanmaliyiz.</Text>
    </Row>
    <Row Tag="TXT_KEY_ECONOMICAISTRATEGY_NEED_HAPPINESS">
      <Text>Insanlarimizin [ICON_HAPPINESS_1] mutlulugu bir endise kaynagi haline geliyor. Lüks kaynaklari birlestirmeli, [ICON_HAPPINESS_1]mutluluk binalari ve harikalari insa etmeli ve medeniyetimizi mutlu kilmaya yardimci olacak politikalar benimsemeliyiz!</Text>
    </Row>
    <Row Tag="TXT_KEY_ECONOMICAISTRATEGY_NEED_HAPPINESS_CRITICAL">
      <Text>Halkimiz oldukça mutsuz! Lüks kaynaklari birlestirmeli, [ICON_HAPPINESS_1] mutluluk binalari ve harikalari insa etmeli ve medeniyetimizi hizla mutlu etmeye yardimci olacak politikalar benimsemeliyiz!</Text>
    </Row>
    <Row Tag="TXT_KEY_ECONOMICAISTRATEGY_CITIES_NEED_NAVAL_GROWTH">
      <Text>Cok sayida kiyi sehrimiz var, bu nedenle kiyi dösemelerimizden elde edilen verimi artiracak binalara odaklanmaliyiz.</Text>
    </Row>
    <Row Tag="TXT_KEY_ECONOMICAISTRATEGY_CITIES_NEED_NAVAL_TILE_IMPROVEMENT">
      <Text>Kullanmadigimiz su kaynaklarimiz var. Is tekneleri insa edin ve medeniyetimize yardim etmek için onlari konuslandirin!</Text>
    </Row>
    <Row Tag="TXT_KEY_ECONOMICAISTRATEGY_FOUND_CITY">
      <Text>Bir yerlesimcimiz var, simdi bir sehir kurmak için iyi bir yer bulun!</Text>
    </Row>
    <Row Tag="TXT_KEY_ECONOMICAISTRATEGY_NEED_IMPROVEMENT_FOOD">
      <Text>Bir [ICON_FOOD]gida krizi yasiyoruz! Bir arsanin sagladigi [ICON_FOOD]gida miktarini artiran iyilestirmeler yapmak için Isçileri kullanin.</Text>
    </Row>
    <Row Tag="TXT_KEY_ECONOMICAISTRATEGY_NEED_IMPROVEMENT_PRODUCTION">
      <Text>Bir [ICON_PRODUCTION]üretim krizi yasiyoruz! Bir arsanin sagladigi [ICON_PRODUCTION]üretim miktarini artiran iyilestirmeler yapmak için Isçileri kullanin.</Text>
    </Row>
    <Row Tag="TXT_KEY_ECONOMICAISTRATEGY_ONE_OR_FEWER_COASTAL_CITIES">
      <Text>Liman insa etmekten kaçinin çünkü iki kiyi sehri olmadan limanlari kullanamayiz.</Text>
    </Row>
    <Row Tag="TXT_KEY_ECONOMICAISTRATEGY_ONE_OR_FEWER_COASTAL_CITIES_INVERSE">
      <Text>Kiyilarda Limanlar kullanilarak baglanabilen sehirlerimiz var. Bu sehirlerde limanlar insa ederek su üzerinde ticaret yollari olusturun ve daha fazla [ICON_GOLD] altin toplayin!</Text>
    </Row>
    <Row Tag="TXT_KEY_ECONOMICAISTRATEGY_LOSING_MONEY">
      <Text>Rekabetçi kalabilmek için [ICON_GOLD]altin gelirimizi artirmamiz gerekiyor. Birim bakimimizi azaltmak için eski birimleri dagitin, isçilerimizi bir karodan elde edilen [ICON_GOLD]altin miktarini artiran iyilestirmeler insa etmek için kullanin ve [ICON_GOLD]altin gelirimizi artiran binalar insa edin.</Text>
    </Row>
    <Row Tag="TXT_KEY_ECONOMICAISTRATEGY_HALT_GROWTH_BUILDINGS">
      <Text>Büyük Piramit üzerinde çalisiyoruz, bu yüzden diger sehirlerimizde tahil ambarlari insa etmemize gerek yok.</Text>
    </Row>
    <Row Tag="TXT_KEY_ECONOMICAISTRATEGY_TOO_MANY_UNITS">
      <Text>[ICON_PRODUCTION] üretimimiz, sahip oldugumuz birim sayisi nedeniyle azaliyor. Medeniyetimizin tam kapasiteyle çalisabilmesi için gereksiz birimleri dagitmaliyiz.</Text>
    </Row>
    <Row Tag="TXT_KEY_ECONOMICAISTRATEGY_ISLAND_START">
      <Text>Anavatanimiz, genislemek için fazla yeri olmayan küçük bir kita. Birlikler kurana kadar deniz teknolojilerine odaklanmamiz gerekiyor.</Text>
    </Row>
    <Row Tag="TXT_KEY_AICITYSTRATEGY_SMALL_CITY">
      <Text>{1_CityName:textkey} sehriniz su anda harikalar gibi büyük insaatlari üstlenmek için çok küçük. Büyük projeler üstlenmeden önce {1_CityName:textkey}'ü daha büyük bir boyuta tasimaya odaklanin.</Text>
    </Row>
    <Row Tag="TXT_KEY_AICITYSTRATEGY_LANDLOCKED">
      <Text>{1_CityName:textkey} karayla çevrilidir, yani suya erisimi yoktur. Bu yüzden köpekbaliklarindan çok ayilar için endiselenmeniz gerekir.</Text>
    </Row>
    <Row Tag="TXT_KEY_AICITYSTRATEGY_NEED_TILE_IMPROVERS">
      <Text>{1_CityName:textkey} yakindaki karolari iyilestirmek için Isçilere ihtiyaç duyar. {1_CityName:textkey}'te bir Isçiyi egitmeli ve yakindaki karolari iyilestirmelerini saglamaliyiz.</Text>
    </Row>
    <Row Tag="TXT_KEY_AICITYSTRATEGY_WANT_TILE_IMPROVERS">
      <Text>{1_CityName:textkey} çevresindeki karolarin iyilestirilmesinden büyük fayda saglayacaktir. Yardim etmesi için bir Isçi almayi düsünün.</Text>
    </Row>
    <Row Tag="TXT_KEY_AICITYSTRATEGY_ENOUGH_TILE_IMPROVERS">
      <Text>Su anda {1_CityName:textkey}'nin daha fazla Isçi insa etmesine gerek oldugunu düsünmüyorum.</Text>
    </Row>
    <Row Tag="TXT_KEY_AICITYSTRATEGY_NEED_NAVAL_GROWTH">
      <Text>{1_CityName:textkey} önemli sayida su karosuna sahiptir. Bu karolardan elde edilen verimi artiran deniz feneri gibi binalar insa etmeye odaklanmaliyiz.</Text>
    </Row>
    <Row Tag="TXT_KEY_AICITYSTRATEGY_NEED_NAVAL_TILE_IMPROVEMENT">
      <Text>{1_CityName:textkey}'nin suda gelistirilmemis kaynaklari var  kaynagi gelistirmek için bir is teknesi almaliyiz!</Text>
    </Row>
    <Row Tag="TXT_KEY_AICITYSTRATEGY_ENOUGH_NAVAL_TILE_IMPROVEMENT">
      <Text>{1_CityName:textkey} tüm deniz kaynaklarini gelistirmistir.</Text>
    </Row>
    <Row Tag="TXT_KEY_AICITYSTRATEGY_NEED_IMPROVEMENT_FOOD">
      <Text>{1_CityName:textkey}'nin daha büyük bir sehir olabilmesi için [ICON_FOOD] gidaya ihtiyaci var. Isçilerinizi yakinlarda çiftlikler insa etmek için kullanin.</Text>
    </Row>
    <Row Tag="TXT_KEY_AICITYSTRATEGY_NEED_IMPROVEMENT_PRODUCTION">
      <Text>{1_CityName:textkey} bir seyleri daha hizli insa etmek için [ICON_PRODUCTION] üretimine ihtiyaç duyar. Isçilerinizi yakinlarda maden insa etmek için kullanin.</Text>
    </Row>
    <Row Tag="TXT_KEY_AICITYSTRATEGY_HAVE_TRAINING_FACILITY">
      <Text>{1_CityName:textkey} askeri üretimimizi artiran binalara sahiptir. En etkili olmak için {1_CityName:textkey}'te ordumuz için yeni birimler insa etmeliyiz.</Text>
    </Row>
    <Row Tag="TXT_KEY_AICITYSTRATEGY_CAPITAL_NEED_SETTLER">
      <Text>{1_CityName:textkey} imparatorlugumuzu genisletmek için bir yerlesimci insa etmeye hazir.</Text>
    </Row>
    <Row Tag="TXT_KEY_AICITYSTRATEGY_CAPITAL_UNDER_THREAT">
      <Text>Baskentimiz {1_CityName:textkey} çevresinde nöbet tutun. Bölgede düsmanlar görüldü ve bir saldiriya hazirlikli olmaliyiz.</Text>
    </Row>
    <Row Tag="TXT_KEY_AICITYSTRATEGY_UNDER_BLOCKADE">
      <Text>Düsmanlar {1_CityName:textkey} abluka altina almaya çalisiyor! Sizi ablukaya alabilecek düsman gemilerini uzaklastirmak için sehrin ve yakindaki teknelerin menzilli saldirilarini kullanin.</Text>
    </Row>
    <Row Tag="TXT_KEY_TECHSTRATEGY_CIV_BONUS">
      <Text>Essiz bir {2_Adjective:textkey} medeniyet bonusunun kilidini açmak için {1_TechName:textkey} arastirmaliyiz!</Text>
    </Row>
    <Row Tag="TXT_KEY_TECHSTRATEGY_CIV_BONUS_UNIT">
      <Text>{1_TechName:textkey}'ü arastirmaliyiz ki {3_Adjective:textkey} medeniyetimiz için essiz bir birim olan {@2_UnitName}'i insa edebilelim!</Text>
    </Row>
    <Row Tag="TXT_KEY_TECHSTRATEGY_CIV_BONUS_BUILDING">
      <Text>{1_TechName:textkey}'ü arastirmaliyiz ki {3_Adjective:textkey} medeniyetimiz için essiz bir bina olan {@2_BldgName}'i insa edebilelim!</Text>
    </Row>
    <Row Tag="TXT_KEY_TECHSTRATEGY_CIV_BONUS_IMPROVEMENT">
      <Text>{1_TechName:textkey}'ü arastirmaliyiz ki {3_Adjective:textkey} medeniyetimiz için essiz bir gelisme olan {@2_BldgName}'i insa edebilelim!</Text>
    </Row>
    <Row Tag="TXT_KEY_TECHSTRATEGY_RESOURCE">
      <Text>Sinirlarimiz içindeki {2_ResourceName:textkey} iyilestirmemizi saglayacak {1_TechName:textkey} arastirmalari yapmaliyiz.</Text>
    </Row>
    <Row Tag="TXT_KEY_DIPLOSTRATEGY_WARPROJECTION_DESTRUCTION_WAR">
      <Text>Sizi derhal {1_LongCivName:textkey} ile baris için dava açmaya çagiriyorum  varligimizi tehdit ediyorlar!</Text>
    </Row>
    <Row Tag="TXT_KEY_DIPLOSTRATEGY_WARPROJECTION_DESTRUCTION_PEACE">
      <Text>{1_LongCivName:textkey}'yi kiskirtmamak akillica olacaktir. Onlar bizden çok daha güçlüler, bu yüzden yumusak davranin ve onlari rahat birakin.</Text>
    </Row>
    <Row Tag="TXT_KEY_DIPLOSTRATEGY_WARPROJECTION_DEFEAT_WAR">
      <Text>{1_LongCivName:textkey} ile savasimiz iyi gitmiyor. Düsmanliklari sona erdirmek için baris teklif etmeyi düsünmeliyiz.</Text>
    </Row>
    <Row Tag="TXT_KEY_DIPLOSTRATEGY_WARPROJECTION_DEFEAT_PEACE">
      <Text>{1_LongCivName:textkey} bizden çok daha güçlü bir orduya sahip ve bu noktada savas ilan etmek akillica olmaz.</Text>
    </Row>
    <Row Tag="TXT_KEY_DIPLOSTRATEGY_WARPROJECTION_STALEMATE_WAR">
      <Text>{1_LongCivName:textkey} kadar güçlüyüz  bu savas cesaretimizi test edecek.</Text>
    </Row>
    <Row Tag="TXT_KEY_DIPLOSTRATEGY_WARPROJECTION_GOOD_WAR">
      <Text>{1_LongCivName:textkey} ile savasimiz iyi gidiyor ve onlardan daha güçlü bir savas gücüne sahibiz. Baskiya devam edin ve zafere ulasalim!</Text>
    </Row>
    <Row Tag="TXT_KEY_DIPLOSTRATEGY_WARPROJECTION_GOOD_PEACE">
      <Text>{1_LongCivName:textkey} askeri açidan bizden daha zayif. Ellerinde istedigimiz bir sey varsa, simdi istemek için uygun bir zaman.</Text>
    </Row>
    <Row Tag="TXT_KEY_DIPLOSTRATEGY_WARPROJECTION_VERY_GOOD_WAR">
      <Text>Sayimizla, {1_LongCivName:textkey}'yi kesinlikle ezebiliriz! Cürük bir diplomatik manevrayla kaçmadan önce hizli hareket edin.</Text>
    </Row>
    <Row Tag="TXT_KEY_DIPLOSTRATEGY_WARPROJECTION_VERY_GOOD_PEACE">
      <Text>Ordumuz {1_LongCivName:textkey}'den çok daha güçlüdür. Onlara zorbalik yapmamizi önermiyorum, ancak görkemli kralligimizi sürdürmek için gücümüzü bilinçli bir sekilde kullanmaliyiz!</Text>
    </Row>
    <Row Tag="TXT_KEY_DIPLOSTRATEGY_MILITARY_AGGRESSIVE_POSTURE_MEDIUM">
      <Text>Hmm, bu ilginç. Sinirlarimizin yakininda {1_LongCivName:textkey} hareketli birimler gördük.</Text>
    </Row>
    <Row Tag="TXT_KEY_DIPLOSTRATEGY_MILITARY_AGGRESSIVE_POSTURE_HIGH">
      <Text>Sinirlarimizin etrafinda çok sayida {1_LongCivName:textkey} birim gördük. Bu bir saldirinin baslangici olabilir.</Text>
    </Row>
    <Row Tag="TXT_KEY_DIPLOSTRATEGY_MILITARY_AGGRESSIVE_POSTURE_INCREDIBLE">
      <Text>Bu iyi bir sey olamaz. {1_LongCivName:textkey} sinirlarimizda büyük bir ordu topladi! Kendimizi sinsi bir saldiriya hazirlamaliyiz.</Text>
    </Row>
    <Row Tag="TXT_KEY_DIPLOSTRATEGY_EXPANSION_AGGRESSIVE_POSTURE_MEDIUM">
      <Text>{1_LongCivName:textkey} bizim bölgemize dogru genisledi.</Text>
    </Row>
    <Row Tag="TXT_KEY_DIPLOSTRATEGY_EXPANSION_AGGRESSIVE_POSTURE_HIGH">
      <Text>{1_LongCivName:textkey} sehirlerimizin yakinindaki arazilerin çogunu tüketiyor gibi görünüyor. Bu konuyu onlarla görüsmemiz gerekebilir.</Text>
    </Row>
    <Row Tag="TXT_KEY_DIPLOSTRATEGY_EXPANSION_AGGRESSIVE_POSTURE_INCREDIBLE">
      <Text>Toprak gaspçisi {1_CivName:textkey} sinirlariyla sehirlerimizi bogmaya çalisiyor gibi görünüyor! Bu konuda harekete geçmeliyiz yoksa savastan baska çaremiz kalmayacak!</Text>
    </Row>
    <Row Tag="TXT_KEY_DIPLOSTRATEGY_WARMONGER_THREAT_NONE">
      <Text>{1_LongCivName:textkey} diger uygarliklarla oldukça barisçil görünüyor. Yine de bir seylerin pesinde olduklarina eminim!</Text>
    </Row>
    <Row Tag="TXT_KEY_DIPLOSTRATEGY_WARMONGER_THREAT_MINOR">
      <Text>{1_LongCivName:textkey} diger medeniyetlere karsi agresif davraniyor. Onlara göz kulak olmaliyiz.</Text>
    </Row>
    <Row Tag="TXT_KEY_DIPLOSTRATEGY_WARMONGER_THREAT_MAJOR">
      <Text>{1_LongCivName:textkey}'nin zorba oldugunu ve küçük medeniyetleri ve sehir devletlerini tekmelemekten zevk aldigini hissediyorum. Annem bana bir kabadayi için en iyi seyin burnuna hizli bir yumruk atmak oldugunu söylemisti!</Text>
    </Row>
    <Row Tag="TXT_KEY_DIPLOSTRATEGY_WARMONGER_THREAT_SEVERE">
      <Text>{1_LongCivName:textkey} herkese saldiriyor! Kadinlari ve çocuklari saklayin ve baskentimizi koruyun ki hakimiyet zaferi kazanamasinlar!</Text>
    </Row>
    <Row Tag="TXT_KEY_DIPLOSTRATEGY_WARMONGER_THREAT_CRITICAL">
      <Text>{1_LongCivName:textkey} kan arzusuyla dolu! Etraflarindaki herkese karsi düsmanlik sicilleriyle, bize saldirmalari sadece bir zaman meselesi!</Text>
    </Row>
    <Row Tag="TXT_KEY_DIPLOSTRATEGY_MILITARY_STRENGTH_COMPARED_TO_US_PATHETIC">
      <Text>{1_LongCivName:textkey}'nin bir ordusu olup olmadigindan bile emin degilim. Onlarla herhangi bir düsmanlik gülünç derecede tek tarafli olacaktir.</Text>
    </Row>
    <Row Tag="TXT_KEY_DIPLOSTRATEGY_MILITARY_STRENGTH_COMPARED_TO_US_WEAK">
      <Text>Sanirim {1_LongCivName:textkey}'nin sahip oldugu tek birimi gördüm. Üzgün ve yalniz görünüyordu. Bizim gücümüzde biriyle savasa girmeleri onlar için trajik olurdu.</Text>
    </Row>
    <Row Tag="TXT_KEY_DIPLOSTRATEGY_MILITARY_STRENGTH_COMPARED_TO_US_POOR">
      <Text>{1_LongCivName:textkey}'nin bizim kadar güçlü bir ordusu yok ama diplomatik görüsmelerde onlarla çok fazla dalga geçmemeliyiz  kendilerini güvensiz hissedebilirler.</Text>
    </Row>
    <Row Tag="TXT_KEY_DIPLOSTRATEGY_MILITARY_STRENGTH_COMPARED_TO_US_AVERAGE">
      <Text>{1_LongCivName:textkey} ordusu yaklasik olarak bizimkiyle ayni güçtedir.</Text>
    </Row>
    <Row Tag="TXT_KEY_DIPLOSTRATEGY_MILITARY_STRENGTH_COMPARED_TO_US_STRONG">
      <Text>{1_LongCivName:textkey} askeri açidan bizden daha güçlü. Dikkatli bir degerlendirme yapmadan ve ordumuzu büyütmek ve gelistirmek için zaman harcamadan onlarla savasa girmemeliyiz.</Text>
    </Row>
    <Row Tag="TXT_KEY_DIPLOSTRATEGY_MILITARY_STRENGTH_COMPARED_TO_US_POWERFUL">
      <Text>{1_LongCivName:textkey} hafife alinacak bir ülke degil. Bizden daha güçlü bir orduya sahipler ve saldirganligi sadece en vahim durumlarda düsünmeliyiz.</Text>
    </Row>
    <Row Tag="TXT_KEY_DIPLOSTRATEGY_MILITARY_STRENGTH_COMPARED_TO_US_IMMENSE">
      <Text>{1_LongCivName:textkey} bizi gezegenden silebilecek bir orduya sahip. Onlarla baris içinde kalmak için elimizden gelen her seyi yapmali ve durumumuzu daha az tehlikeli hale getirmek için mümkün oldugunca hizli bir sekilde ordu kurmaliyiz.</Text>
    </Row>
    <Row Tag="TXT_KEY_DIPLOSTRATEGY_MINOR_CIV_DISPUTE_LEVEL_WEAK">
      <Text>{1_LongCivName:textkey}, {2_MinorCivName:textkey}'ün ittifaki için bizimle yarismaya basladi.</Text>
    </Row>
    <Row Tag="TXT_KEY_DIPLOSTRATEGY_MINOR_CIV_DISPUTE_LEVEL_STRONG">
      <Text>{1_LongCivName:textkey}, {2_MinorCivName:textkey} ile ittifak kurmak için güçlü bir sekilde rekabet etmektedir.</Text>
    </Row>
    <Row Tag="TXT_KEY_DIPLOSTRATEGY_MINOR_CIV_DISPUTE_LEVEL_FIERCE">
      <Text>{1_LongCivName:textkey}, {2_MinorCivName:textkey} ile olan iliskimizi agresif bir sekilde baltaliyor!</Text>
    </Row>
    <Row Tag="TXT_KEY_FINANCESTRATEGY_BROKE_AND_GOING_DOWN_UNIT_MAINTENANCE">
      <Text>Iflas ettik ve hiç para kazanamiyoruz! Borçtan kurtulmak için elimizden gelen her seyi yapmaliyiz! Su anki en büyük giderimiz (bize {1_Num} [ICON_GOLD]altina mal oluyor) birim bakimi. Kesinlikle gerekli olmayan tüm birimleri silin!</Text>
    </Row>
    <Row Tag="TXT_KEY_FINANCESTRATEGY_BROKE_AND_GOING_DOWN_UNIT_SUPPLY">
      <Text>Iflas ettik ve hiç para kazanamiyoruz! Borçtan kurtulmak için elimizden gelen her seyi yapmaliyiz! Su anki en büyük giderimiz (bize {1_Num} [ICON_GOLD] altina mal oluyor) birim tedariki veya sinirlarimiz disindaki birimler için ödeme yapmak. Ya bu birimleri sinirlarimiza geri tasiyin ya da silin  bu mali sorunu çözmek kritik önem tasiyor!</Text>
    </Row>
    <Row Tag="TXT_KEY_FINANCESTRATEGY_BROKE_AND_GOING_DOWN_BUILDING_MAINTENANCE">
      <Text>Iflas ettik ve hiç para kazanamiyoruz! Borçtan kurtulmak için elimizden gelen her seyi yapmaliyiz! Su anki en büyük giderimiz (bize {1_Num} [ICON_GOLD]altina mal oluyor) bina bakimi.</Text>
    </Row>
    <Row Tag="TXT_KEY_FINANCESTRATEGY_BROKE_AND_GOING_DOWN_IMPROVEMENT_MAINTENANCE">
      <Text>Iflas ettik ve hiç para kazanamiyoruz! Borçtan kurtulmak için elimizden gelen her seyi yapmaliyiz! Su anki en büyük giderimiz (bize {1_Num} [ICON_GOLD]altina mal oluyor) iyilestirme bakimi. Ihtiyacimiz olandan daha fazla iyilestirme insa etmemeli ve bize yardimci olmayanlari yok etmeliyiz.</Text>
    </Row>
    <Row Tag="TXT_KEY_FINANCESTRATEGY_BROKE_AND_GOING_DOWN_DIPLOMACY">
      <Text>Iflas ettik ve hiç para kazanamiyoruz! Borçtan kurtulmak için elimizden gelen her seyi yapmaliyiz! Su anki en büyük giderimiz (bize {1_Num} [ICON_GOLD]altina mal oluyor) diplomatik anlasmalar. Seçme sansimiz varsa bu anlasmalari yenilememeli ya da kaybetmek yerine bize [ICON_GOLD]altin kazandiracak yeni anlasmalar yapmaliyiz.</Text>
    </Row>
    <Row Tag="TXT_KEY_FINANCESTRATEGY_BROKE_AND_GOING_DOWN">
      <Text>Iflas ettik ve hiç para kazanamiyoruz! Gelirimizi pozitif hale getirmek için elimizden gelen her seyi yapmaliyiz ki borçtan kurtulma umudumuz olsun! Diplomatik yollardan elde edebilecegimiz herhangi bir nakit, kisa vadede kesinlikle yardimci olacaktir.</Text>
    </Row>
    <Row Tag="TXT_KEY_FINANCESTRATEGY_BROKE_AND_GOING_UP_UNIT_MAINTENANCE">
      <Text>Iflas ettik ama hala para kazaniyoruz. Su anki en büyük giderimiz (bize {1_Num} [ICON_GOLD]altina mal oluyor) birim bakimidir, bu yüzden kesinlikle gerekli olmayan tüm birimleri silin ki tekrar kara geçebilelim!</Text>
    </Row>
    <Row Tag="TXT_KEY_FINANCESTRATEGY_BROKE_AND_GOING_UP_UNIT_SUPPLY">
      <Text>Iflas ettik ama hala para kazaniyoruz. Su anki en büyük giderimiz (bize {1_Num} [ICON_GOLD] altina mal oluyor) birim tedariki veya sinirlarimiz disindaki birimler için ödeme yapmak. Ya bu birimleri sinirlarimiza geri tasiyin ya da silin.</Text>
    </Row>
    <Row Tag="TXT_KEY_FINANCESTRATEGY_BROKE_AND_GOING_UP_BUILDING_MAINTENANCE">
      <Text>Iflas ettik ama hala para kazaniyoruz. Su anki en büyük giderimiz (bize {1_Num} [ICON_GOLD]altina mal oluyor) bina bakimi.</Text>
    </Row>
    <Row Tag="TXT_KEY_FINANCESTRATEGY_BROKE_AND_GOING_UP_IMPROVEMENT_MAINTENANCE">
      <Text>Iflas ettik ama hala para kazaniyoruz. Su anki en büyük giderimiz (bize {1_Num} [ICON_GOLD]altina mal oluyor) iyilestirme bakimi. Iyilestirme yapmayi durdurmali ve gereksiz olanlari kaldirmaliyiz.</Text>
    </Row>
    <Row Tag="TXT_KEY_FINANCESTRATEGY_BROKE_AND_GOING_UP_DIPLOMACY">
      <Text>Iflas ettik ama hala para kazaniyoruz. Su anki en büyük giderimiz (bize {1_Num} [ICON_GOLD]altina mal oluyor) diplomatik anlasmalar. Seçme sansimiz varsa bu anlasmalari yenilememeli ya da harcamak yerine bize [ICON_GOLD]altin kazandiracak yeni anlasmalar yapmaliyiz.</Text>
    </Row>
    <Row Tag="TXT_KEY_FINANCESTRATEGY_BROKE_AND_GOING_UP">
      <Text>Iflas ettik ama hala para kazaniyoruz.</Text>
    </Row>
    <Row Tag="TXT_KEY_FINANCESTRATEGY_GOING_BROKE_UNIT_MAINTENANCE">
      <Text>Mevcut [ICON_GOLD] altin harcamamizla birkaç tur içinde iflas edecegiz. Su anki en büyük giderimiz birim bakimi ve bize her turda {1_Num} [ICON_GOLD]altina mal oluyor. Iflastan kaçinmak için eski veya gereksiz birimleri silmeyi düsünün.</Text>
    </Row>
    <Row Tag="TXT_KEY_FINANCESTRATEGY_GOING_BROKE_UNIT_SUPPLY">
      <Text>Mevcut [ICON_GOLD]altin harcamamizla birkaç tur içinde iflas edecegiz. Su anki en büyük giderimiz birim tedariki (sinirlarimiz disindaki birimler için ödeme yapmak) ve bize bir turda ([1] [ICON_GOLD] altina mal oluyor. Iflastan kaçinmak için birimleri bölgemize geri tasimayi veya gereksiz olanlari silmeyi düsünün.</Text>
    </Row>
    <Row Tag="TXT_KEY_FINANCESTRATEGY_GOING_BROKE_BUILDING_MAINTENANCE">
      <Text>Su anki [ICON_GOLD]altin harcamalarimizla birkaç tur içinde iflas edecegiz. Su anki en büyük giderimiz bina bakimi ve bize her turda {1_Num} [ICON_GOLD]altina mal oluyor.</Text>
    </Row>
    <Row Tag="TXT_KEY_FINANCESTRATEGY_GOING_BROKE_IMPROVEMENT_MAINTENANCE">
      <Text>Mevcut [ICON_GOLD]altin harcamamizla birkaç tur içinde iflas edecegiz. Su anki en büyük giderimiz iyilestirme bakimi, bize bir turda {1_Num} [ICON_GOLD]altina mal oluyor. Daha az iyilestirme insa etmeyi veya ise yaramayanlari kaldirmayi düsünün.</Text>
    </Row>
    <Row Tag="TXT_KEY_FINANCESTRATEGY_GOING_BROKE_DIPLOMACY">
      <Text>Su anki [ICON_GOLD]altin harcamalarimizla birkaç tur içinde iflas edecegiz. Su anki en büyük giderimiz diplomatik anlasmalar ve bize her turda {1_Num} [ICON_GOLD]altina mal oluyor. Seçme sansimiz varsa bu anlasmalari yenilememeli ya da harcamak yerine bize [ICON_GOLD]altin kazandiracak yeni anlasmalar yapmaliyiz.</Text>
    </Row>
    <Row Tag="TXT_KEY_FINANCESTRATEGY_GOING_BROKE">
      <Text>Mevcut [ICON_GOLD] altin harcamalarimizla birkaç tur içinde iflas edecegiz. Iflasin utancindan kaçinmak için ekonomimizi tersine çevirmeye odaklanmaliyiz!</Text>
    </Row>
    <Row Tag="TXT_KEY_FINANCESTRATEGY_LOSING_MONEY_UNIT_MAINTENANCE">
      <Text>Paramiz var, ancak kazandigimizdan daha fazlasini harciyoruz.  Su anki en büyük giderimiz birim bakimi ve bize bir turda {1_Num} [ICON_GOLD]altina mal oluyor. Para kaybetmek yerine para kazanmaya baslayabilmemiz için eski veya gereksiz birimleri silmeyi düsünün.</Text>
    </Row>
    <Row Tag="TXT_KEY_FINANCESTRATEGY_LOSING_MONEY_UNIT_SUPPLY">
      <Text>Paramiz var, ancak kazandigimizdan daha fazlasini harciyoruz.  Su anki en büyük giderimiz birim tedariki ve bize bir turda {1_Num} [ICON_GOLD]altina mal oluyor. Harcadigimiz para miktarini azaltmak için birimleri bölgemize geri tasimayi düsünün.</Text>
    </Row>
    <Row Tag="TXT_KEY_FINANCESTRATEGY_LOSING_MONEY_BUILDING_MAINTENANCE">
      <Text>Paramiz var, ancak kazandigimizdan daha fazlasini harciyoruz.  Su anki en büyük giderimiz bina bakimi ve bize bir turda {1_Num} [ICON_GOLD]altina mal oluyor.</Text>
    </Row>
    <Row Tag="TXT_KEY_FINANCESTRATEGY_LOSING_MONEY_IMPROVEMENT_MAINTENANCE">
      <Text>Paramiz var, ancak kazandigimizdan daha fazlasini harciyoruz.  Su anki en büyük giderimiz iyilestirme bakimi ve bize bir turda {1_Num} [ICON_GOLD]altina mal oluyor. Daha az iyilestirme yapmayi veya ise yaramayanlari kaldirmayi düsünün.</Text>
    </Row>
    <Row Tag="TXT_KEY_FINANCESTRATEGY_LOSING_MONEY_DIPLOMACY">
      <Text>Paramiz var ama kazandigimizdan daha fazlasini harciyoruz.  Su anki en büyük giderimiz diplomatik anlasmalar ve bize bir turda {1_Num} [ICON_GOLD]altina mal oluyor. Gelecekte bu anlasmalari reddetmeyi veya medeniyetimize biraz [ICON_GOLD] altin getirecek baska diplomatik anlasmalar yapmayi düsünün!</Text>
    </Row>
    <Row Tag="TXT_KEY_FINANCESTRATEGY_LOSING_MONEY">
      <Text>Paramiz var ama kazandigimizdan daha fazlasini harciyoruz. Iflasin utancindan kaçinmak için ekonomimizi tersine çevirmeye odaklanmaliyiz!</Text>
    </Row>
    <Row Tag="TXT_KEY_FINANCESTRATEGY_MAKING_MONEY_UNIT_MAINTENANCE">
      <Text>Para kazaniyoruz! Su anki en büyük giderimiz birim bakimidir ve bize bir turda {1_Num} [ICON_GOLD]altina mal olmaktadir. Daha da fazla kâr etmek istiyorsaniz, eski veya gereksiz birimleri silmeyi düsünün.</Text>
    </Row>
    <Row Tag="TXT_KEY_FINANCESTRATEGY_MAKING_MONEY_UNIT_SUPPLY">
      <Text>Para kazaniyoruz! Su anki en büyük giderimiz birim tedariki ve bize bir turda {1_Num} [ICON_GOLD]altina mal oluyor. Harcadigimiz para miktarini azaltmak için birimleri bölgemize geri tasimayi düsünün.</Text>
    </Row>
    <Row Tag="TXT_KEY_FINANCESTRATEGY_MAKING_MONEY_BUILDING_MAINTENANCE">
      <Text>Para kazaniyoruz! Su anki en büyük giderimiz bina bakimi ve bize tur basina {1_Num} [ICON_GOLD]altina mal oluyor.</Text>
    </Row>
    <Row Tag="TXT_KEY_FINANCESTRATEGY_MAKING_MONEY_IMPROVEMENT_MAINTENANCE">
      <Text>Para kazaniyoruz! Su anki en büyük giderimiz iyilestirme bakimidir ve bize bir turda {1_Num} [ICON_GOLD]altina mal olmaktadir. Sadece büyümeye devam etmek için gereken karolari iyilestirin, yoksa bu maliyet kontrolden çikabilir.</Text>
    </Row>
    <Row Tag="TXT_KEY_FINANCESTRATEGY_MAKING_MONEY_DIPLOMACY">
      <Text>Para kazaniyoruz! Su anki en büyük giderimiz diplomatik anlasmalardir ve bize bir turda {1_Num} [ICON_GOLD]altina mal olmaktadir. Gelecekte bu anlasmalari reddetmeyi veya medeniyetimize biraz [ICON_GOLD] altin getirecek baska diplomatik anlasmalar yapmayi düsünün!</Text>
    </Row>
    <Row Tag="TXT_KEY_FINANCESTRATEGY_MAKING_MONEY">
      <Text>Para kazaniyoruz!</Text>
    </Row>
    <Row Tag="TXT_KEY_DIPLOSTRATEGY_ALMOST_LOST_CITY_STATE_ALLY">
      <Text>Yakinda bir seyler yapmazsak {1_MinorCivName:textkey} ile ittifakimizi kaybedecegiz. Bu iliskiyi gelistirmek için çalistik, ihmal nedeniyle bir müttefiki kaybetmek üzücü olur.</Text>
    </Row>
    <Row Tag="TXT_KEY_DIPLOSTRATEGY_ALMOST_LOST_CITY_STATE_ALLY_WAR_WITH_MAJOR">
      <Text>Yakinda biraz nüfuz elde edemezsek {1_MinorCivName:textkey} ile ittifakimizi kaybedecegiz. {2_LongCivName:textkey}'e karsi savasmak için yardima ihtiyaçlari var  eger bu uygarliga savas ilan edersek ittifakimizi koruyabiliriz.</Text>
    </Row>
    <Row Tag="TXT_KEY_DIPLOSTRATEGY_ALMOST_LOST_CITY_STATE_ALLY_QUEST_ROUTE">
      <Text>Eger yakinda bir nüfuz elde edemezsek {1_MinorCivName:textkey} ile ittifakimizi kaybedecegiz. Baskentimizden sehirlerine bir rota insa etmemizi istiyorlar  bunu yaparsak ittifakimizi koruyabiliriz.</Text>
    </Row>
    <Row Tag="TXT_KEY_DIPLOSTRATEGY_ALMOST_LOST_CITY_STATE_ALLY_QUEST_KILL_CAMP">
      <Text>Yakinda biraz nüfuz elde edemezsek {1_MinorCivName:textkey} ile ittifakimizi kaybedecegiz. Yakindaki bir barbar kampini yok etmemizi istiyorlar  bunu yaparsak ittifakimizi koruyabiliriz.</Text>
    </Row>
    <Row Tag="TXT_KEY_DIPLOSTRATEGY_ALMOST_LOST_CITY_STATE_ALLY_QUEST_CONNECT_RESOURCE">
      <Text>Yakinda biraz nüfuz elde edemezsek {1_MinorCivName:textkey} ile ittifakimizi kaybedecegiz. {2_ResourceName:textkey} ile baglanti kurmamizi istiyorlar  eger bunu yaparsak ittifakimizi sürdürmek için daha fazla nüfuz elde edebiliriz.</Text>
    </Row>
    <Row Tag="TXT_KEY_DIPLOSTRATEGY_ALMOST_LOST_CITY_STATE_ALLY_QUEST_CONSTRUCT_WONDER">
      <Text>Yakinda biraz nüfuz elde edemezsek {1_MinorCivName:textkey} ile ittifakimizi kaybedecegiz. Bizden {@2_BldgName}'ü insa etmemizi istiyorlar  eger bunu yaparsak ittifakimizi sürdürmek için daha fazla nüfuz elde edebiliriz.</Text>
    </Row>
    <Row Tag="TXT_KEY_DIPLOSTRATEGY_ALMOST_LOST_CITY_STATE_ALLY_QUEST_GREAT_PERSON">
      <Text>Yakinda biraz nüfuz elde edemezsek {1_MinorCivName:textkey} ile ittifakimizi kaybedecegiz. Bir {@2_UnitName} almamizi istiyorlar  eger bunu yaparsak ittifakimizi sürdürmek için daha fazla nüfuz elde edebiliriz.</Text>
    </Row>
    <Row Tag="TXT_KEY_DIPLOSTRATEGY_ALMOST_LOST_CITY_STATE_ALLY_QUEST_KILL_CITY_STATE">
      <Text>Eger yakin zamanda bir nüfuz elde edemezsek {1_MinorCivName:textkey} ile ittifakimizi kaybedecegiz. Kirli islerini yapmamizi ve {2_MinorCivName:textkey}'ü yenmemizi istiyorlar  bunu yapmak diger partileri kizdirabilir, ancak ittifakimizi sürdürecektir.</Text>
    </Row>
    <Row Tag="TXT_KEY_DIPLOSTRATEGY_ALMOST_LOST_CITY_STATE_ALLY_QUEST_FIND_PLAYER">
      <Text>Yakinda biraz nüfuz elde edemezsek {1_MinorCivName:textkey} ile ittifakimizi kaybedecegiz. Ittifaki sürdürmek istiyorsak, daha fazla nüfuz kazanmak için {2_LongCivName:textkey} ile temas kurmayi deneyebilir ve kesfedebiliriz.</Text>
    </Row>
    <Row Tag="TXT_KEY_DIPLOSTRATEGY_ALMOST_LOST_CITY_STATE_ALLY_QUEST_FIND_NATURAL_WONDER">
      <Text>Yakinda biraz nüfuz elde edemezsek {1_MinorCivName:textkey} ile ittifakimizi kaybedecegiz. Bir Doga Harikasi bulursak iliskiyi sürdürmek için biraz kolay nüfuz elde edebiliriz, o yüzden kesfe çikalim!</Text>
    </Row>
    <Row Tag="TXT_KEY_DIPLOSTRATEGY_ALMOST_LOST_CITY_STATE_ALLY_QUEST_CLEAR_BARBARIANS">
      <Text>Yakinda biraz nüfuz elde edemezsek {1_MinorCivName:textkey} ile ittifakimizi kaybedecegiz. Ittifaki sürdürmek istiyorsak, barbarlari kendi bölgelerinde veya bitisiklerinde öldürmeyi deneyin.</Text>
    </Row>
    <Row Tag="TXT_KEY_DIPLOSTRATEGY_ALMOST_LOST_CITY_STATE_FRIENDSHIP">
      <Text>Yakinda bir seyler yapmazsak {1_MinorCivName:textkey} bir arkadas olarak kaybedecegiz. Iliskinin sürdürülmeye deger oldugunu düsünüyorsaniz, onlar üzerindeki etkimizi artirmak için harekete geçmeliyiz.</Text>
    </Row>
    <Row Tag="TXT_KEY_DIPLOSTRATEGY_ALMOST_LOST_CITY_STATE_FRIENDSHIP_WAR_WITH_MAJOR">
      <Text>Eger yakinda bir seyler yapmazsak {1_MinorCivName:textkey}'ü bir dost olarak kaybedecegiz. {2_LongCivName:textkey}'e karsi savasmak için yardima ihtiyaçlari var  eger bu uygarliga savas ilan edersek dost kalabiliriz.</Text>
    </Row>
    <Row Tag="TXT_KEY_DIPLOSTRATEGY_ALMOST_LOST_CITY_STATE_FRIENDSHIP_QUEST_ROUTE">
      <Text>Eger yakinda bir seyler yapmazsak {1_MinorCivName:textkey} dostlugumuzu kaybedecegiz. Baskentimizden sehirlerine bir rota insa etmemizi istiyorlar  bunu yaparsak dost kalabiliriz.</Text>
    </Row>
    <Row Tag="TXT_KEY_DIPLOSTRATEGY_ALMOST_LOST_CITY_STATE_FRIENDSHIP_QUEST_KILL_CAMP">
      <Text>Eger yakinda bir sey yapmazsak {1_MinorCivName:textkey} arkadasligimizi kaybedecegiz. Yakindaki bir barbar kampini yok etmemizi istiyorlar  bunu yaparsak dost kalmaya devam edebiliriz.</Text>
    </Row>
    <Row Tag="TXT_KEY_DIPLOSTRATEGY_ALMOST_LOST_CITY_STATE_FRIENDSHIP_QUEST_CONNECT_RESOURCE">
      <Text>Yakinda bir sey yapmazsak {1_MinorCivName:textkey} bir arkadas olarak kaybedecegiz. {2_ResourceName:textkey} ile baglanti kurmamizi istiyorlar  bunu yaparsak arkadas kalmak için daha fazla etki elde edebiliriz.</Text>
    </Row>
    <Row Tag="TXT_KEY_DIPLOSTRATEGY_ALMOST_LOST_CITY_STATE_FRIENDSHIP_QUEST_CONSTRUCT_WONDER">
      <Text>Eger yakinda bir seyler yapmazsak {1_MinorCivName:textkey} dostlugumuzu kaybedecegiz. Bizden {@2_BldgName}'ü insa etmemizi istiyorlar  eger bunu yaparsak dost kalmak için daha fazla nüfuz elde edebiliriz.</Text>
    </Row>
    <Row Tag="TXT_KEY_DIPLOSTRATEGY_ALMOST_LOST_CITY_STATE_FRIENDSHIP_QUEST_GREAT_PERSON">
      <Text>Yakinda bir sey yapmazsak {1_MinorCivName:textkey} arkadasligimizi kaybedecegiz. Bir {@2_UnitName} almamizi istiyorlar  eger bunu yaparsak arkadas kalmak için daha fazla nüfuz elde edebiliriz.</Text>
    </Row>
    <Row Tag="TXT_KEY_DIPLOSTRATEGY_ALMOST_LOST_CITY_STATE_FRIENDSHIP_QUEST_KILL_CITY_STATE">
      <Text>Eger yakinda bir seyler yapmazsak {1_MinorCivName:textkey}'ü bir dost olarak kaybedecegiz. Kirli islerini yapmamizi ve {2_MinorCivName:textkey}'ü yenmemizi istiyorlar  bunu yapmak diger partileri kizdirabilir, ancak dostlugumuzu sürdürecektir</Text>
    </Row>
    <Row Tag="TXT_KEY_DIPLOSTRATEGY_ALMOST_LOST_CITY_STATE_FRIENDSHIP_QUEST_FIND_PLAYER">
      <Text>Yakinda bir seyler yapmazsak {1_MinorCivName:textkey}'ü bir arkadas olarak kaybedecegiz. Arkadasligimizi sürdürmek istiyorsak, daha fazla nüfuz kazanmak için {2_LongCivName:textkey}'ü kesfedebilir ve onunla iletisime geçmeye çalisabiliriz.</Text>
    </Row>
    <Row Tag="TXT_KEY_DIPLOSTRATEGY_ALMOST_LOST_CITY_STATE_FRIENDSHIP_QUEST_FIND_NATURAL_WONDER">
      <Text>Eger yakinda bir seyler yapmazsak {1_MinorCivName:textkey}'yi arkadas olarak kaybedecegiz. Bir Doga Harikasi bulursak iliskiyi sürdürmek için kolay bir etki elde edebiliriz, o halde kesfe çikalim!</Text>
    </Row>
    <Row Tag="TXT_KEY_DIPLOSTRATEGY_ALMOST_LOST_CITY_STATE_FRIENDSHIP_QUEST_CLEAR_BARBARIANS">
      <Text>Yakinda biraz nüfuz elde edemezsek bir dost olarak {1_MinorCivName:textkey} kaybedecegiz. Eger dostlugumuzu sürdürmek istiyorsak, barbarlari onlarin topraklarinda ya da yakinlarinda öldürmeyi deneyelim.</Text>
    </Row>
    <Row Tag="TXT_KEY_DIPLOSTRATEGY_BEFRIEND_CITY_STATE">
      <Text>Onlara biraz para veya bir birim verirsek {1_MinorCivName:textkey} üzerinde etki kazanabiliriz.</Text>
    </Row>
    <Row Tag="TXT_KEY_DIPLOSTRATEGY_BEFRIEND_CITY_STATE_WAR_WITH_MAJOR">
      <Text>Eger {1_MinorCivName:textkey} ile iliskilerimizi gelistirmek istiyorsak, {2_LongCivName:textkey}'e karsi mücadelede yardima ihtiyaçlari var.</Text>
    </Row>
    <Row Tag="TXT_KEY_DIPLOSTRATEGY_BEFRIEND_CITY_STATE_QUEST_ROUTE">
      <Text>Isçilerimizi kullanarak baskentimizden {1_MinorCivName:textkey}'ye bir rota insa etmek iliskimizi gelistirecektir.</Text>
    </Row>
    <Row Tag="TXT_KEY_DIPLOSTRATEGY_BEFRIEND_CITY_STATE_QUEST_KILL_CAMP">
      <Text>Yakinlarindaki bir barbar kampini yok edersek {1_MinorCivName:textkey} üzerinde nüfuz kazanabiliriz.</Text>
    </Row>
    <Row Tag="TXT_KEY_DIPLOSTRATEGY_BEFRIEND_CITY_STATE_QUEST_CONNECT_RESOURCE">
      <Text>{2_ResourceName:textkey} ile baglanti kurarsak {1_MinorCivName:textkey} üzerinde etki kazanabiliriz.</Text>
    </Row>
    <Row Tag="TXT_KEY_DIPLOSTRATEGY_BEFRIEND_CITY_STATE_QUEST_CONSTRUCT_WONDER">
      <Text>Eger {@2_BldgName}'ü insa edersek {1_MinorCivName:textkey} üzerinde nüfuz kazanabiliriz.</Text>
    </Row>
    <Row Tag="TXT_KEY_DIPLOSTRATEGY_BEFRIEND_CITY_STATE_QUEST_GREAT_PERSON">
      <Text>{1_MinorCivName:textkey} bir {@2_UnitName} alirsak çok etkilenecektir. Bunu yapmaliyiz!</Text>
    </Row>
    <Row Tag="TXT_KEY_DIPLOSTRATEGY_BEFRIEND_CITY_STATE_QUEST_KILL_CITY_STATE">
      <Text>{1_MinorCivName:textkey}, {2_MinorCivName:textkey}'ü yok etmemizi istiyor! Bunu neden istiyorlar? Kulaga acimasizca geliyor, ama eminim tamamen geçerli bir nedeni vardir.</Text>
    </Row>
    <Row Tag="TXT_KEY_DIPLOSTRATEGY_BEFRIEND_CITY_STATE_QUEST_FIND_PLAYER">
      <Text>{1_MinorCivName:textkey}, {2_CivName:textkey} ile temas halinde olmak istiyor. Eger onlari kesiflerimiz sirasinda bulursak, bu bize kolay bir etki saglayacaktir.</Text>
    </Row>
    <Row Tag="TXT_KEY_DIPLOSTRATEGY_BEFRIEND_CITY_STATE_QUEST_FIND_NATURAL_WONDER">
      <Text>Bir Doga Harikasini kesfetmek bizi {1_MinorCivName:textkey} ile etkileyecektir.</Text>
    </Row>
    <Row Tag="TXT_KEY_DIPLOSTRATEGY_BEFRIEND_CITY_STATE_QUEST_CLEAR_BARBARIANS">
      <Text>{1_MinorCivName:textkey} bölgesinde veya bu bölgeye komsu barbarlari öldürmek, onlar üzerinde bir miktar nüfuz sahibi olmamizi saglayacaktir.</Text>
    </Row>
    <Row Tag="TXT_KEY_DIPLOSTRATEGY_LIBERATE_CITY_STATE">
      <Text>{1_MinorCivName:textkey}, {2_LongCivName:textkey} tarafindan ele geçirildi. Eger sehri ele geçirir ve özgürlestirirsek, {3_MinorCivName:textkey} sehir devletini yeniden kurmus oluruz ve onlar üzerinde muazzam bir nüfuz elde ederiz.</Text>
    </Row>
    <Row Tag="TXT_KEY_SCIENCESTRATEGY_INFO">
      <Text>Medeniyetimiz ([2] [ICON_CITIZEN] nüfusumuzla ([1] [ICON_RESEARCH] bilim üretiyor.</Text>
    </Row>
    <Row Tag="TXT_KEY_SCIENCESTRATEGY_INFO_DOING_POORLY">
      <Text>Medeniyetimiz ([2] [ICON_CITIZEN] nüfusumuzla ([1] [ICON_RESEARCH] bilim üretiyor. Kütüphaneler ve üniversiteler gibi arastirma binalari insa ederek arastirmalarimizi gelistirmeye odaklanmaliyiz.</Text>
    </Row>
    <Row Tag="TXT_KEY_SCIENCESTRATEGY_INFO_DOING_WELL">
      <Text>Medeniyetimiz ([2] [ICON_CITIZEN] nüfusumuzla ([1] [ICON_RESEARCH] bilim üretiyor. Iste verimlilik budur!</Text>
    </Row>
    <Row Tag="TXT_KEY_SCIENCESTRATEGY_BANKRUPT">
      <Text>Arastirmalarimiz [ICON_GOLD] altin eksikligimiz yüzünden sekteye ugruyor. Arastirma için fonlar olmadan, umutsuzca geride kalacagiz ve tarihte ilginç bir dipnot olacagiz.</Text>
    </Row>
    <Row Tag="TXT_KEY_SCIENCESTRATEGY_TECH_THAT_PROVIDES_SCIENCE_BUILDING_1">
      <Text>Eger {1_TechName:textkey}'ü arastirirsak, sehirlerimizde {@2_BldgName}'ü insa edebiliriz. Arastirmalarimizi yeni zirvelere tasiyabiliriz!</Text>
    </Row>
    <Row Tag="TXT_KEY_SCIENCESTRATEGY_TECH_THAT_PROVIDES_SCIENCE_BUILDING_2">
      <Text>Eger {1_TechName:textkey}'ü arastirirsak, sehirlerimizde {@2_BldgName} ve {@3_BldgName}'yi insa edebiliriz. Arastirmalarimizi yeni zirvelere tasiyabiliriz!</Text>
    </Row>
    <Row Tag="TXT_KEY_SCIENCESTRATEGY_TECH_THAT_PROVIDES_SCIENCE_BUILDING_3">
      <Text>Eger {1_TechName:textkey}'i arastirirsak, sehirlerimizde {@2_BldgName}, {@3_BldgName} ve {@4_BldgName}'i insa edebilecegiz. Bu çok fazla arastirma binasi demek!</Text>
    </Row>
    <Row Tag="TXT_KEY_SCIENCESTRATEGY_RESEARCH_BUILDING_IN_BIG_CITY">
      <Text>{1_CityName:textkey} büyük bir nüfusa ulasmistir ve bir {@2_BldgName}'ten yoksundur. Orada bir {@3_BldgName} insa edersek, [ICON_RESEARCH] bilim üretimimizi büyük ölçüde artiracak ve önemli ilerleme kaydedecegiz.</Text>
    </Row>
    <Row Tag="TXT_KEY_SCIENCESTRATEGY_RESEARCH_MILITARY_UNITS">
      <Text>Eger {1_TechName:textkey}'ü arastirirsak, {@2_UnitName}'e erisebiliriz. Modern bir orduya sahip olmak güvenlik ve etkili saldirilarin anahtaridir.</Text>
    </Row>
    <Row Tag="TXT_KEY_SCIENCESTRATEGY_RESEARCH_MILITARY_BUILDING">
      <Text>{1_TechName:textkey}'ü arastirirsak, insa edildiginde o sehirde insa edilen birimlere promosyon saglayan {@2_BldgName}'e erisim elde ederiz.</Text>
    </Row>
    <Row Tag="TXT_KEY_CITYIMPROVEMENTSTRATEGY_PLUG_UP_RESOURCES_HAVE_ZERO">
      <Text>Elimizde hiç {1_ResourceName:textkey} yok ve {2_CityName:textkey} yakininda bir kaynak var. Bu kaynaga erisebilmemiz için o karoyu iyilestirmek üzere bir Isçi gönderin.</Text>
    </Row>
    <Row Tag="TXT_KEY_CITYIMPROVEMENTSTRATEGY_PLUG_UP_RESOURCES_HAVE_MORE">
      <Text>{2_CityName:textkey} yakininda bir {1_ResourceName:textkey} kaynagi var. Bu kaynaga zaten sahibiz, ancak diplomatik islemlerde sahip oldugumuz herhangi bir ek kaynagi kullanabiliriz.</Text>
    </Row>
    <Row Tag="TXT_KEY_RESOURCESTRATEGY_TRADE_LUXURIES">
      <Text>Elimizde ticaret için kullanabilecegimiz ilave {1_ResourceName:textkey} var ve {2_LongCivName:textkey}'te hiç yok. Onlarla bir anlasma yapmaya çalismaliyiz.</Text>
    </Row>
    <Row Tag="TXT_KEY_RESOURCESTRATEGY_TRADE_STRATEGIC">
      <Text>Ticaret için kullanabilecegimiz ilave {1_ResourceName:textkey} kaynagimiz var ve {2_LongCivName:textkey}'te hiç yok. Bu kaynagi onlara vermeyi dikkatlice düsünün, çünkü sonunda bize karsi kullanilabilecek birimleri egitmek için kullanabilirler.</Text>
    </Row>
    <Row Tag="TXT_KEY_BASESTRATEGY_NOTHING_TO_SAY_ECONOMIC">
      <Text>Lütfen beni bagislayin  su anda çok yararli bir tavsiyem olmadigi için üzgünüm. Belki de daha fazla sehir insa etmelisiniz?</Text>
    </Row>
    <Row Tag="TXT_KEY_BASESTRATEGY_NOTHING_TO_SAY_MILITARY">
      <Text>Daha fazla birim insa edin! Ya da yapmayin. Bu noktada fazla tavsiyem yok. Daha sonra sorarsaniz bir seyler düsünebilirim.</Text>
    </Row>
    <Row Tag="TXT_KEY_BASESTRATEGY_NOTHING_TO_SAY_SCIENCE">
      <Text>Bu bilgelik kuyusu simdilik kuru.</Text>
    </Row>
    <Row Tag="TXT_KEY_BASESTRATEGY_NOTHING_TO_SAY_FOREIGN">
      <Text>Düsmanlarimizin ne planliyor olabilecegini düsünün, ama çok fazla degil. Eger bunu yapsaydin isim olmazdi!</Text>
    </Row>
    <Row Tag="TXT_KEY_BUILD_A_CITY_MCFLY_ECONOMIC">
      <Text>Su anda bir sehrimiz olmadigi için bir sehir bulmamizin uygarligimiza yardimci olacagini düsünüyorum.</Text>
    </Row>
    <Row Tag="TXT_KEY_BUILD_A_CITY_MCFLY_MILITARY">
      <Text>Bir sehir bulduk, böylece daha fazla askeri birlik insa etmeye baslayabiliriz!</Text>
    </Row>
    <Row Tag="TXT_KEY_BUILD_A_CITY_MCFLY_SCIENCE">
      <Text>Lütfen bir sehir bulabilir miyiz? Böylece ekipmanimi bir yere koyabilirim. Kollarim beni öldürüyor.</Text>
    </Row>
    <Row Tag="TXT_KEY_BUILD_A_CITY_MCFLY_FOREIGN">
      <Text>Diplomatik iliskilere baslamak için muhtemelen bir sehir kurmaliyiz ki diger medeniyetler konusmak istediklerinde bizi nerede bulacaklarini bilsinler.</Text>
    </Row>
    <Row Tag="TXT_KEY_ADVISOR_MODAL_TITLE">
      <Text>Savas Bilgileri</Text>
    </Row>
    <Row Tag="TXT_KEY_ADVISOR_MODAL_CONFIRM">
      <Text>Yine de saldirmak istiyorum.</Text>
    </Row>
    <Row Tag="TXT_KEY_ADVISOR_MODAL_CANCEL">
      <Text>Tekrar düsünmeme izin verin</Text>
    </Row>
    <Row Tag="TXT_KEY_ADVISOR_MODAL_DONT_SHOW_ME_AGAIN">
      <Text>Bilgi için tesekkürler, ama bana tekrar hatirlatmayin.</Text>
    </Row>
    <Row Tag="TXT_KEY_ADVISOR_DONT_SHOW_AGAIN">
      <Text>Lütfen bunu bana bir daha söyleme.</Text>
    </Row>
    <Row Tag="TXT_KEY_ADVISOR_INFORMATION">
      <Text>Danisman Bilgileri</Text>
    </Row>
    <Row Tag="TXT_KEY_ADVISOR_COUNSEL">
      <Text>Danisman Müsavir</Text>
    </Row>
    <Row Tag="TXT_KEY_CITY_CONSTRUCTION_ADVISOR_RECOMMENDATION_MILITARY">
      <Text>Askeri Danismaniniz bunu burada insa etmenizi önerir.</Text>
    </Row>
    <Row Tag="TXT_KEY_CITY_CONSTRUCTION_ADVISOR_RECOMMENDATION_ECONOMIC">
      <Text>Ekonomi Danismaniniz bunu burada insa etmenizi önerir.</Text>
    </Row>
    <Row Tag="TXT_KEY_CITY_CONSTRUCTION_ADVISOR_RECOMMENDATION_FOREIGN">
      <Text>Yabanci Danismaniniz bunu burada insa etmenizi önerir.</Text>
    </Row>
    <Row Tag="TXT_KEY_CITY_CONSTRUCTION_ADVISOR_RECOMMENDATION_SCIENCE">
      <Text>Bilim Danismaniniz bunu burada insa etmenizi önerir.</Text>
    </Row>
    <Row Tag="TXT_KEY_TECH_CHOOSER_ADVISOR_RECOMMENDATION_MILITARY">
      <Text>Askeri Danismaniniz bu teknolojinin arastirilmasini önermektedir.</Text>
    </Row>
    <Row Tag="TXT_KEY_TECH_CHOOSER_ADVISOR_RECOMMENDATION_ECONOMIC">
      <Text>Ekonomi Danismaniniz bu teknolojiyi arastirmanizi önerir.</Text>
    </Row>
    <Row Tag="TXT_KEY_TECH_CHOOSER_ADVISOR_RECOMMENDATION_FOREIGN">
      <Text>Yabanci Danismaniniz bu teknolojiyi arastirmanizi önerir.</Text>
    </Row>
    <Row Tag="TXT_KEY_TECH_CHOOSER_ADVISOR_RECOMMENDATION_SCIENCE">
      <Text>Bilim Danismaniniz bu teknolojinin arastirilmasini önermektedir.</Text>
    </Row>
    <Row Tag="TXT_KEY_BEGIN_GAME_BUTTON">
      <Text>Yolculugunuza Baslayin</Text>
    </Row>
    <Row Tag="TXT_KEY_BEGIN_GAME_BUTTON_CONTINUE">
      <Text>Yolculugunuza Devam Edin</Text>
    </Row>
  </Language_en_US>
</GameData>