﻿<?xml version="1.0" encoding="utf-8"?>
<!-- Sid Meier's Civilization V -->
<!-- Copyright Firaxis Games 2010 -->
<!-- -->
<!-- Game Text Cities -->
<GameData>
  <Language_en_US>
    <Row Tag="TXT_KEY_CITY_NAME_AARHUS">
      <Text>Aarhus</Text>
    </Row>
    <Row Tag="TXT_KEY_CITY_NAME_ABUSIR">
      <Text>Abusir</Text>
    </Row>
    <Row Tag="TXT_KEY_CITY_NAME_ABYDOS">
      <Text>Abydos</Text>
    </Row>
    <Row Tag="TXT_KEY_CITY_NAME_ADANA">
      <Text>Adana</Text>
    </Row>
    <Row Tag="TXT_KEY_CITY_NAME_ADEN">
      <Text>Aden</Text>
    </Row>
    <Row Tag="TXT_KEY_CITY_NAME_AFYON">
      <Text>Afyon</Text>
    </Row>
    <Row Tag="TXT_KEY_CITY_NAME_AGRA">
      <Text>Agra</Text>
    </Row>
    <Row Tag="TXT_KEY_CITY_NAME_AGRIPPINA">
      <Text>Agrippina</Text>
    </Row>
    <Row Tag="TXT_KEY_CITY_NAME_AHMEDABAD">
      <Text>Ahmedabad</Text>
    </Row>
    <Row Tag="TXT_KEY_CITY_NAME_AINU">
      <Text>Ainu</Text>
    </Row>
    <Row Tag="TXT_KEY_CITY_NAME_AIX_EN_PROVINCE">
      <Text>Aix-en-Province</Text>
    </Row>
    <Row Tag="TXT_KEY_CITY_NAME_AKHETATEN">
      <Text>Akhetaten</Text>
    </Row>
    <Row Tag="TXT_KEY_CITY_NAME_AKHMIN">
      <Text>Akhmim</Text>
    </Row>
    <Row Tag="TXT_KEY_CITY_NAME_AKITA">
      <Text>Akita</Text>
    </Row>
    <Row Tag="TXT_KEY_CITY_NAME_AKORIS">
      <Text>Akoris</Text>
    </Row>
    <Row Tag="TXT_KEY_CITY_NAME_ALBAFUCENS">
      <Text>Alba Fucens</Text>
    </Row>
    <Row Tag="TXT_KEY_CITY_NAME_ALBUQUERQUE">
      <Text>Albuquerque</Text>
    </Row>
    <Row Tag="TXT_KEY_CITY_NAME_ALEMANNI">
      <Text>Alemanni</Text>
    </Row>
    <Row Tag="TXT_KEY_CITY_NAME_ALEPPO">
      <Text>Halep</Text>
    </Row>
    <Row Tag="TXT_KEY_CITY_NAME_ALEXANDRIA">
      <Text>Iskenderiye</Text>
    </Row>
    <Row Tag="TXT_KEY_CITY_NAME_ALGIERS">
      <Text>Cezayir</Text>
    </Row>
    <Row Tag="TXT_KEY_CITY_NAME_ALMATY">
      <Text>Almati</Text>
    </Row>
    <Row Tag="TXT_KEY_CITY_NAME_ALTINTEPE">
      <Text>Altin Tepe</Text>
    </Row>
    <Row Tag="TXT_KEY_CITY_NAME_AMARA">
      <Text>Amara</Text>
    </Row>
    <Row Tag="TXT_KEY_CITY_NAME_AMARAVATI">
      <Text>Amaravati</Text>
    </Row>
    <Row Tag="TXT_KEY_CITY_NAME_AMASYA">
      <Text>Amasya</Text>
    </Row>
    <Row Tag="TXT_KEY_CITY_NAME_AMIENS">
      <Text>Amiens</Text>
    </Row>
    <Row Tag="TXT_KEY_CITY_NAME_AMRAH">
      <Text>Amrah</Text>
    </Row>
    <Row Tag="TXT_KEY_CITY_NAME_ANASAZI">
      <Text>Anasazi</Text>
    </Row>
    <Row Tag="TXT_KEY_CITY_NAME_ANCHORAGE">
      <Text>Anchorage</Text>
    </Row>
    <Row Tag="TXT_KEY_CITY_NAME_ANGLE">
      <Text>Açi</Text>
    </Row>
    <Row Tag="TXT_KEY_CITY_NAME_ANIBA">
      <Text>Aniba</Text>
    </Row>
    <Row Tag="TXT_KEY_CITY_NAME_ANJAR">
      <Text>Anjar</Text>
    </Row>
    <Row Tag="TXT_KEY_CITY_NAME_ANKARA">
      <Text>Ankara</Text>
    </Row>
    <Row Tag="TXT_KEY_CITY_NAME_ANTALYA">
      <Text>Antalya</Text>
    </Row>
    <Row Tag="TXT_KEY_CITY_NAME_ANTIUM">
      <Text>Antium</Text>
    </Row>
    <Row Tag="TXT_KEY_CITY_NAME_ANTWERP">
      <Text>Antwerp</Text>
    </Row>
    <Row Tag="TXT_KEY_CITY_NAME_AOMORI">
      <Text>Aomori</Text>
    </Row>
    <Row Tag="TXT_KEY_CITY_NAME_APACHE">
      <Text>Apaçi</Text>
    </Row>
    <Row Tag="TXT_KEY_CITY_NAME_APOLLONIA">
      <Text>Apollonia</Text>
    </Row>
    <Row Tag="TXT_KEY_CITY_NAME_APOLYTON">
      <Text>Apolyton</Text>
    </Row>
    <Row Tag="TXT_KEY_CITY_NAME_AQUILEIA">
      <Text>Aquileia</Text>
    </Row>
    <Row Tag="TXT_KEY_CITY_NAME_ARDEA">
      <Text>Ardea</Text>
    </Row>
    <Row Tag="TXT_KEY_CITY_NAME_ARGOS">
      <Text>Argos</Text>
    </Row>
    <Row Tag="TXT_KEY_CITY_NAME_ARKHANGELSK">
      <Text>Arkhangel'sk</Text>
    </Row>
    <Row Tag="TXT_KEY_CITY_NAME_ARMANT">
      <Text>Armant</Text>
    </Row>
    <Row Tag="TXT_KEY_CITY_NAME_ARMINIUM">
      <Text>Arminium</Text>
    </Row>
    <Row Tag="TXT_KEY_CITY_NAME_ARPINUM">
      <Text>Arpinum</Text>
    </Row>
    <Row Tag="TXT_KEY_CITY_NAME_ARRETIUM">
      <Text>Arretium</Text>
    </Row>
    <Row Tag="TXT_KEY_CITY_NAME_ARSHADA">
      <Text>Arshada</Text>
    </Row>
    <Row Tag="TXT_KEY_CITY_NAME_ARTAKOANA">
      <Text>Artakoana</Text>
    </Row>
    <Row Tag="TXT_KEY_CITY_NAME_ARTAXATA">
      <Text>Artaxata</Text>
    </Row>
    <Row Tag="TXT_KEY_CITY_NAME_ARTUIN">
      <Text>Artuin</Text>
    </Row>
    <Row Tag="TXT_KEY_CITY_NAME_ARYAN">
      <Text>Aryan</Text>
    </Row>
    <Row Tag="TXT_KEY_CITY_NAME_ASPABOTA">
      <Text>Aspabota</Text>
    </Row>
    <Row Tag="TXT_KEY_CITY_NAME_ASSYRIAN">
      <Text>Asurlu</Text>
    </Row>
    <Row Tag="TXT_KEY_CITY_NAME_ASTRAKHAN">
      <Text>Astrakhan'</Text>
    </Row>
    <Row Tag="TXT_KEY_CITY_NAME_ASYUT">
      <Text>Asyut</Text>
    </Row>
    <Row Tag="TXT_KEY_CITY_NAME_ATHENS">
      <Text>Atina</Text>
    </Row>
    <Row Tag="TXT_KEY_CITY_NAME_ATHRIBIS">
      <Text>Athribis</Text>
    </Row>
    <Row Tag="TXT_KEY_CITY_NAME_ATLANTA">
      <Text>Atlanta</Text>
    </Row>
    <Row Tag="TXT_KEY_CITY_NAME_ATZCAPOTZALCO">
      <Text>Atzcapotzalco</Text>
    </Row>
    <Row Tag="TXT_KEY_CITY_NAME_AUGUSTADORUM">
      <Text>Augustadorum</Text>
    </Row>
    <Row Tag="TXT_KEY_CITY_NAME_AURELIANORUM">
      <Text>Aurelianorum</Text>
    </Row>
    <Row Tag="TXT_KEY_CITY_NAME_AUTIYARA">
      <Text>Autiyara</Text>
    </Row>
    <Row Tag="TXT_KEY_CITY_NAME_AVAR">
      <Text>Avar</Text>
    </Row>
    <Row Tag="TXT_KEY_CITY_NAME_AVARIS">
      <Text>Avaris</Text>
    </Row>
    <Row Tag="TXT_KEY_CITY_NAME_AVIGNON">
      <Text>Avignon</Text>
    </Row>
    <Row Tag="TXT_KEY_CITY_NAME_AYDAB">
      <Text>Aydab</Text>
    </Row>
    <Row Tag="TXT_KEY_CITY_NAME_AYODHYA">
      <Text>Ayodhya</Text>
    </Row>
    <Row Tag="TXT_KEY_CITY_NAME_AYOTZINCO">
      <Text>Ayotzinco</Text>
    </Row>
    <Row Tag="TXT_KEY_CITY_NAME_BACTRA">
      <Text>Bactra</Text>
    </Row>
    <Row Tag="TXT_KEY_CITY_NAME_BACTRIAN">
      <Text>Bactrian</Text>
    </Row>
    <Row Tag="TXT_KEY_CITY_NAME_BADARI">
      <Text>Badari</Text>
    </Row>
    <Row Tag="TXT_KEY_CITY_NAME_BAGACUM">
      <Text>Bagacum</Text>
    </Row>
    <Row Tag="TXT_KEY_CITY_NAME_BAGASTANA">
      <Text>Bagastana</Text>
    </Row>
    <Row Tag="TXT_KEY_CITY_NAME_BAGHDAD">
      <Text>Bagdat</Text>
    </Row>
    <Row Tag="TXT_KEY_CITY_NAME_BAI_BALIQ">
      <Text>Bai Baliq</Text>
    </Row>
    <Row Tag="TXT_KEY_CITY_NAME_BALAT">
      <Text>Balat</Text>
    </Row>
    <Row Tag="TXT_KEY_CITY_NAME_BALKH">
      <Text>Balkh</Text>
    </Row>
    <Row Tag="TXT_KEY_CITY_NAME_BALTIMORE">
      <Text>Baltimore</Text>
    </Row>
    <Row Tag="TXT_KEY_CITY_NAME_BAMPUR">
      <Text>Bampur</Text>
    </Row>
    <Row Tag="TXT_KEY_CITY_NAME_BANGALORE">
      <Text>Bangalore</Text>
    </Row>
    <Row Tag="TXT_KEY_CITY_NAME_BANTU">
      <Text>Bantu</Text>
    </Row>
    <Row Tag="TXT_KEY_CITY_NAME_BAODING">
      <Text>Baoding</Text>
    </Row>
    <Row Tag="TXT_KEY_CITY_NAME_BASRA">
      <Text>Basra</Text>
    </Row>
    <Row Tag="TXT_KEY_CITY_NAME_BATH">
      <Text>Banyo</Text>
    </Row>
    <Row Tag="TXT_KEY_CITY_NAME_BATTAMBANG">
      <Text>Battambang</Text>
    </Row>
    <Row Tag="TXT_KEY_CITY_NAME_BAXTRI">
      <Text>Baxtri</Text>
    </Row>
    <Row Tag="TXT_KEY_CITY_NAME_BAYONNE">
      <Text>Bayonne</Text>
    </Row>
    <Row Tag="TXT_KEY_CITY_NAME_BAYT_RAS">
      <Text>Bayt Ras</Text>
    </Row>
    <Row Tag="TXT_KEY_CITY_NAME_BEHISTUN">
      <Text>Behistun</Text>
    </Row>
    <Row Tag="TXT_KEY_CITY_NAME_BEIJING">
      <Text>Pekin</Text>
    </Row>
    <Row Tag="TXT_KEY_CITY_NAME_BELFAST">
      <Text>Belfast</Text>
    </Row>
    <Row Tag="TXT_KEY_CITY_NAME_BELGIUM">
      <Text>Belçika</Text>
    </Row>
    <Row Tag="TXT_KEY_CITY_NAME_BELGRADE">
      <Text>Belgrad</Text>
    </Row>
    <Row Tag="TXT_KEY_CITY_NAME_BENIHASAN">
      <Text>Beni Hasan</Text>
    </Row>
    <Row Tag="TXT_KEY_CITY_NAME_BERGEN">
      <Text>Bergen</Text>
    </Row>
    <Row Tag="TXT_KEY_CITY_NAME_BERLIN">
      <Text>Berlin</Text>
    </Row>
    <Row Tag="TXT_KEY_CITY_NAME_BERN">
      <Text>Bern</Text>
    </Row>
    <Row Tag="TXT_KEY_CITY_NAME_BERWICK">
      <Text>Berwick</Text>
    </Row>
    <Row Tag="TXT_KEY_CITY_NAME_BIELEFELD">
      <Text>Bielefeld</Text>
    </Row>
    <Row Tag="TXT_KEY_CITY_NAME_BIRMINGHAM">
      <Text>Birmingham</Text>
    </Row>
    <Row Tag="TXT_KEY_CITY_NAME_BITLIS">
      <Text>Bitlis</Text>
    </Row>
    <Row Tag="TXT_KEY_CITY_NAME_BIZEN">
      <Text>Bizen</Text>
    </Row>
    <Row Tag="TXT_KEY_CITY_NAME_BLACKPOOL">
      <Text>Blackpool</Text>
    </Row>
    <Row Tag="TXT_KEY_CITY_NAME_BOCHUM">
      <Text>Bochum</Text>
    </Row>
    <Row Tag="TXT_KEY_CITY_NAME_BODHGAYA">
      <Text>Bodhgaya</Text>
    </Row>
    <Row Tag="TXT_KEY_CITY_NAME_BODRUM">
      <Text>Bodrum</Text>
    </Row>
    <Row Tag="TXT_KEY_CITY_NAME_BOISE">
      <Text>Boise</Text>
    </Row>
    <Row Tag="TXT_KEY_CITY_NAME_MUMBAI">
      <Text>Mumbai</Text>
    </Row>
    <Row Tag="TXT_KEY_CITY_NAME_BONN">
      <Text>Bonn</Text>
    </Row>
    <Row Tag="TXT_KEY_CITY_NAME_BORAZJAN">
      <Text>Borazjan</Text>
    </Row>
    <Row Tag="TXT_KEY_CITY_NAME_BORDEAUX">
      <Text>Bordeaux</Text>
    </Row>
    <Row Tag="TXT_KEY_CITY_NAME_BOSTON">
      <Text>Boston</Text>
    </Row>
    <Row Tag="TXT_KEY_CITY_NAME_BOURGES">
      <Text>Bourges</Text>
    </Row>
    <Row Tag="TXT_KEY_CITY_NAME_BRAUNSCHWEIG">
      <Text>Braunschweig\Brunswik</Text>
    </Row>
    <Row Tag="TXT_KEY_CITY_NAME_BREMEN">
      <Text>Bremen</Text>
    </Row>
    <Row Tag="TXT_KEY_CITY_NAME_BREST">
      <Text>Brest</Text>
    </Row>
    <Row Tag="TXT_KEY_CITY_NAME_BRIGHTON">
      <Text>Brighton</Text>
    </Row>
    <Row Tag="TXT_KEY_CITY_NAME_BRISTOL">
      <Text>Bristol</Text>
    </Row>
    <Row Tag="TXT_KEY_CITY_NAME_BRUNDISIUM">
      <Text>Brundisium</Text>
    </Row>
    <Row Tag="TXT_KEY_CITY_NAME_BRUSSELS">
      <Text>Brüksel</Text>
    </Row>
    <Row Tag="TXT_KEY_CITY_NAME_BRYANSK">
      <Text>Bryansk</Text>
    </Row>
    <Row Tag="TXT_KEY_CITY_NAME_BUBASTIS">
      <Text>Bubastis</Text>
    </Row>
    <Row Tag="TXT_KEY_CITY_NAME_BUCHAREST">
      <Text>Bükres</Text>
    </Row>
    <Row Tag="TXT_KEY_CITY_NAME_BUDAPEST">
      <Text>Budapeste</Text>
    </Row>
    <Row Tag="TXT_KEY_CITY_NAME_BUFFALO">
      <Text>Buffalo</Text>
    </Row>
    <Row Tag="TXT_KEY_CITY_NAME_BUKHARA">
      <Text>Buhara</Text>
    </Row>
    <Row Tag="TXT_KEY_CITY_NAME_BULGAR">
      <Text>Bulgar</Text>
    </Row>
    <Row Tag="TXT_KEY_CITY_NAME_BUNYAN">
      <Text>Bunyan</Text>
    </Row>
    <Row Tag="TXT_KEY_CITY_NAME_BURGUNDIAN">
      <Text>Burgundian</Text>
    </Row>
    <Row Tag="TXT_KEY_CITY_NAME_BURSA">
      <Text>Bursa</Text>
    </Row>
    <Row Tag="TXT_KEY_CITY_NAME_BUSIRIS">
      <Text>Busiris</Text>
    </Row>
    <Row Tag="TXT_KEY_CITY_NAME_BUTO">
      <Text>Buto</Text>
    </Row>
    <Row Tag="TXT_KEY_CITY_NAME_BYBLOS">
      <Text>Byblos</Text>
    </Row>
    <Row Tag="TXT_KEY_CITY_NAME_CAEN">
      <Text>Caen</Text>
    </Row>
    <Row Tag="TXT_KEY_CITY_NAME_CAESARAUGUSTA">
      <Text>Caesaraugusta</Text>
    </Row>
    <Row Tag="TXT_KEY_CITY_NAME_CAESAREA">
      <Text>Caesarea</Text>
    </Row>
    <Row Tag="TXT_KEY_CITY_NAME_CALAIS">
      <Text>Calais</Text>
    </Row>
    <Row Tag="TXT_KEY_CITY_NAME_CALCUTTA">
      <Text>Kalküta</Text>
    </Row>
    <Row Tag="TXT_KEY_CITY_NAME_CALIXTLAHUACA">
      <Text>Calixtlahuaca</Text>
    </Row>
    <Row Tag="TXT_KEY_CITY_NAME_CAMBODIA">
      <Text>Kamboçya</Text>
    </Row>
    <Row Tag="TXT_KEY_CITY_NAME_CAMBRIDGE">
      <Text>Cambridge</Text>
    </Row>
    <Row Tag="TXT_KEY_CITY_NAME_CANNES">
      <Text>Cannes</Text>
    </Row>
    <Row Tag="TXT_KEY_CITY_NAME_CANTERBURY">
      <Text>Canterbury</Text>
    </Row>
    <Row Tag="TXT_KEY_CITY_NAME_CAPISA">
      <Text>Capisa</Text>
    </Row>
    <Row Tag="TXT_KEY_CITY_NAME_CARCASSONNE">
      <Text>Carcassonne</Text>
    </Row>
    <Row Tag="TXT_KEY_CITY_NAME_CARIB">
      <Text>Carib</Text>
    </Row>
    <Row Tag="TXT_KEY_CITY_NAME_CARLISLE">
      <Text>Carlisle</Text>
    </Row>
    <Row Tag="TXT_KEY_CITY_NAME_CASABLANCA">
      <Text>Kazablanka</Text>
    </Row>
    <Row Tag="TXT_KEY_CITY_NAME_CASTRUMNOVUM">
      <Text>Castrum Novum</Text>
    </Row>
    <Row Tag="TXT_KEY_CITY_NAME_CEMPOALA">
      <Text>Cempoala</Text>
    </Row>
    <Row Tag="TXT_KEY_CITY_NAME_CENTRALIA">
      <Text>Centralia</Text>
    </Row>
    <Row Tag="TXT_KEY_CITY_NAME_CHALCHIUITES">
      <Text>Chalchiuites</Text>
    </Row>
    <Row Tag="TXT_KEY_CITY_NAME_CHALCO">
      <Text>Chalco</Text>
    </Row>
    <Row Tag="TXT_KEY_CITY_NAME_CHAPULTEPEC">
      <Text>Chapultepec</Text>
    </Row>
    <Row Tag="TXT_KEY_CITY_NAME_CHARLESTON">
      <Text>Charleston</Text>
    </Row>
    <Row Tag="TXT_KEY_CITY_NAME_CHARSADDA">
      <Text>Charsadda</Text>
    </Row>
    <Row Tag="TXT_KEY_CITY_NAME_CHARTRES">
      <Text>Chartres</Text>
    </Row>
    <Row Tag="TXT_KEY_CITY_NAME_CHEHALIS">
      <Text>Chehalis</Text>
    </Row>
    <Row Tag="TXT_KEY_CITY_NAME_CHELYABINSK">
      <Text>Celyabinsk</Text>
    </Row>
    <Row Tag="TXT_KEY_CITY_NAME_CHEMNITZ">
      <Text>Chemnitz</Text>
    </Row>
    <Row Tag="TXT_KEY_CITY_NAME_CHENGDU">
      <Text>Chengdu</Text>
    </Row>
    <Row Tag="TXT_KEY_CITY_NAME_CHERBOURG">
      <Text>Cherbourg</Text>
    </Row>
    <Row Tag="TXT_KEY_CITY_NAME_CHEROKEE">
      <Text>Cherokee</Text>
    </Row>
    <Row Tag="TXT_KEY_CITY_NAME_CHIAUHITA">
      <Text>Chiauhita</Text>
    </Row>
    <Row Tag="TXT_KEY_CITY_NAME_CHICAGO">
      <Text>Chicago</Text>
    </Row>
    <Row Tag="TXT_KEY_CITY_NAME_CHICONAUTLA">
      <Text>Chiconautla</Text>
    </Row>
    <Row Tag="TXT_KEY_CITY_NAME_CHINOOK">
      <Text>Chinook</Text>
    </Row>
    <Row Tag="TXT_KEY_CITY_NAME_CHITA">
      <Text>Chita</Text>
    </Row>
    <Row Tag="TXT_KEY_CITY_NAME_CHONGQING">
      <Text>Chongqing</Text>
    </Row>
    <Row Tag="TXT_KEY_CITY_NAME_CIMMERIAN">
      <Text>Kimmeryali</Text>
    </Row>
    <Row Tag="TXT_KEY_CITY_NAME_CINCINNATI">
      <Text>Cincinnati</Text>
    </Row>
    <Row Tag="TXT_KEY_CITY_NAME_CIRCASSIAN">
      <Text>Cerkes</Text>
    </Row>
    <Row Tag="TXT_KEY_CITY_NAME_CIRCEI">
      <Text>Circei</Text>
    </Row>
    <Row Tag="TXT_KEY_CITY_NAME_CLEVELAN">
      <Text>Cleveland</Text>
    </Row>
    <Row Tag="TXT_KEY_CITY_NAME_CLUSIUM">
      <Text>Clusium</Text>
    </Row>
    <Row Tag="TXT_KEY_CITY_NAME_COATEPEC">
      <Text>Coatepec</Text>
    </Row>
    <Row Tag="TXT_KEY_CITY_NAME_COLCHESTER">
      <Text>Colchester</Text>
    </Row>
    <Row Tag="TXT_KEY_CITY_NAME_COLOGNE">
      <Text>Köln</Text>
    </Row>
    <Row Tag="TXT_KEY_CITY_NAME_COLUMBUS">
      <Text>Columbus</Text>
    </Row>
    <Row Tag="TXT_KEY_CITY_NAME_COPENHAGEN">
      <Text>Kopenhag</Text>
    </Row>
    <Row Tag="TXT_KEY_CITY_NAME_CORFINIUM">
      <Text>Corfinium</Text>
    </Row>
    <Row Tag="TXT_KEY_CITY_NAME_CORINTH">
      <Text>Korint</Text>
    </Row>
    <Row Tag="TXT_KEY_CITY_NAME_COVENTRY">
      <Text>Coventry</Text>
    </Row>
    <Row Tag="TXT_KEY_CITY_NAME_COYOTEPEC">
      <Text>Coyotepec</Text>
    </Row>
    <Row Tag="TXT_KEY_CITY_NAME_CREMONA">
      <Text>Cremona</Text>
    </Row>
    <Row Tag="TXT_KEY_CITY_NAME_CUMAE">
      <Text>Cumae</Text>
    </Row>
    <Row Tag="TXT_KEY_CITY_NAME_CUMAN">
      <Text>Cuman</Text>
    </Row>
    <Row Tag="TXT_KEY_CITY_NAME_CURIA">
      <Text>Curia</Text>
    </Row>
    <Row Tag="TXT_KEY_CITY_NAME_DAKYANUS">
      <Text>Dakyanus</Text>
    </Row>
    <Row Tag="TXT_KEY_CITY_NAME_DALIAN">
      <Text>Dairen</Text>
    </Row>
    <Row Tag="TXT_KEY_CITY_NAME_DALLAS">
      <Text>Dallas</Text>
    </Row>
    <Row Tag="TXT_KEY_CITY_NAME_DAMANHUR">
      <Text>Damanhur</Text>
    </Row>
    <Row Tag="TXT_KEY_CITY_NAME_DAMASCUS">
      <Text>Sam</Text>
    </Row>
    <Row Tag="TXT_KEY_CITY_NAME_DAPHNAI">
      <Text>Daphnai</Text>
    </Row>
    <Row Tag="TXT_KEY_CITY_NAME_DARIUSHKABIR">
      <Text>Dariush Kabir</Text>
    </Row>
    <Row Tag="TXT_KEY_CITY_NAME_DARMASA">
      <Text>Darmasa</Text>
    </Row>
    <Row Tag="TXT_KEY_CITY_NAME_DARMSTADT">
      <Text>Darmstadt</Text>
    </Row>
    <Row Tag="TXT_KEY_CITY_NAME_DASHUR">
      <Text>Dashur</Text>
    </Row>
    <Row Tag="TXT_KEY_CITY_NAME_DEBRECEN">
      <Text>Debrecen</Text>
    </Row>
    <Row Tag="TXT_KEY_CITY_NAME_DELHI">
      <Text>Delhi</Text>
    </Row>
    <Row Tag="TXT_KEY_CITY_NAME_DENIZLI">
      <Text>Denizli</Text>
    </Row>
    <Row Tag="TXT_KEY_CITY_NAME_DENMARK">
      <Text>Danimarka</Text>
    </Row>
    <Row Tag="TXT_KEY_CITY_NAME_DENVER">
      <Text>Denver</Text>
    </Row>
    <Row Tag="TXT_KEY_CITY_NAME_DETROIT">
      <Text>Detroit</Text>
    </Row>
    <Row Tag="TXT_KEY_CITY_NAME_DIYARBAKIR">
      <Text>Diyarbakir</Text>
    </Row>
    <Row Tag="TXT_KEY_CITY_NAME_DJENNE">
      <Text>Djenne</Text>
    </Row>
    <Row Tag="TXT_KEY_CITY_NAME_DJION">
      <Text>Dijon</Text>
    </Row>
    <Row Tag="TXT_KEY_CITY_NAME_DORTMUND">
      <Text>Dortmund</Text>
    </Row>
    <Row Tag="TXT_KEY_CITY_NAME_DOVER">
      <Text>Dover</Text>
    </Row>
    <Row Tag="TXT_KEY_CITY_NAME_DRAPSAKA">
      <Text>Drapsaka</Text>
    </Row>
    <Row Tag="TXT_KEY_CITY_NAME_DRESDEN">
      <Text>Dresden</Text>
    </Row>
    <Row Tag="TXT_KEY_CITY_NAME_DUBLIN">
      <Text>Dublin</Text>
    </Row>
    <Row Tag="TXT_KEY_CITY_NAME_DUISBURG">
      <Text>Duisburg</Text>
    </Row>
    <Row Tag="TXT_KEY_CITY_NAME_DUNHUANG">
      <Text>Dunhuang</Text>
    </Row>
    <Row Tag="TXT_KEY_CITY_NAME_DURAEUROPOS">
      <Text>Dura-Europos</Text>
    </Row>
    <Row Tag="TXT_KEY_CITY_NAME_DUSSELDORF">
      <Text>Düsseldorf</Text>
    </Row>
    <Row Tag="TXT_KEY_CITY_NAME_EBURACUM">
      <Text>Eburacum</Text>
    </Row>
    <Row Tag="TXT_KEY_CITY_NAME_ECATEPEC">
      <Text>Ecatepec</Text>
    </Row>
    <Row Tag="TXT_KEY_CITY_NAME_ECBATANA">
      <Text>Ecbatana</Text>
    </Row>
    <Row Tag="TXT_KEY_CITY_NAME_ECHIGO">
      <Text>Echigo</Text>
    </Row>
    <Row Tag="TXT_KEY_CITY_NAME_ECHIZEN">
      <Text>Echizen</Text>
    </Row>
    <Row Tag="TXT_KEY_CITY_NAME_EDFU">
      <Text>Edfu</Text>
    </Row>
    <Row Tag="TXT_KEY_CITY_NAME_EDINBURGH">
      <Text>Edinburgh</Text>
    </Row>
    <Row Tag="TXT_KEY_CITY_NAME_EDIRNE">
      <Text>Edirne</Text>
    </Row>
    <Row Tag="TXT_KEY_CITY_NAME_EION">
      <Text>Eion</Text>
    </Row>
    <Row Tag="TXT_KEY_CITY_NAME_ELASHMUNEIN">
      <Text>El-Ashmunein</Text>
    </Row>
    <Row Tag="TXT_KEY_CITY_NAME_ELEPHANTINE">
      <Text>Elephantine</Text>
    </Row>
    <Row Tag="TXT_KEY_CITY_NAME_ELKAB">
      <Text>El-Kab</Text>
    </Row>
    <Row Tag="TXT_KEY_CITY_NAME_ELLAHUN">
      <Text>El-Lahun</Text>
    </Row>
    <Row Tag="TXT_KEY_CITY_NAME_EPHESUS">
      <Text>Efes</Text>
    </Row>
    <Row Tag="TXT_KEY_CITY_NAME_EREGLI">
      <Text>Eregli</Text>
    </Row>
    <Row Tag="TXT_KEY_CITY_NAME_ERETRIA">
      <Text>Eretria</Text>
    </Row>
    <Row Tag="TXT_KEY_CITY_NAME_ERFURT">
      <Text>Erfurt</Text>
    </Row>
    <Row Tag="TXT_KEY_CITY_NAME_ERGILI">
      <Text>Ergili</Text>
    </Row>
    <Row Tag="TXT_KEY_CITY_NAME_ERLANGEN">
      <Text>Erlangen</Text>
    </Row>
    <Row Tag="TXT_KEY_CITY_NAME_ERZURUM">
      <Text>Erzurum</Text>
    </Row>
    <Row Tag="TXT_KEY_CITY_NAME_ESKISEHIR">
      <Text>Eskisehir</Text>
    </Row>
    <Row Tag="TXT_KEY_CITY_NAME_ESPOO">
      <Text>Espoo</Text>
    </Row>
    <Row Tag="TXT_KEY_CITY_NAME_ESSEN">
      <Text>Essen</Text>
    </Row>
    <Row Tag="TXT_KEY_CITY_NAME_ESTRUSCAN">
      <Text>Estruscan</Text>
    </Row>
    <Row Tag="TXT_KEY_CITY_NAME_EXETER">
      <Text>Exeter</Text>
    </Row>
    <Row Tag="TXT_KEY_CITY_NAME_FEZ">
      <Text>Fez</Text>
    </Row>
    <Row Tag="TXT_KEY_CITY_NAME_FINLAND">
      <Text>Finlandiya</Text>
    </Row>
    <Row Tag="TXT_KEY_CITY_NAME_FRANKFURT">
      <Text>Frankfurt</Text>
    </Row>
    <Row Tag="TXT_KEY_CITY_NAME_FREGELLAE">
      <Text>Fregellae</Text>
    </Row>
    <Row Tag="TXT_KEY_CITY_NAME_FREIBURG">
      <Text>Freiburg</Text>
    </Row>
    <Row Tag="TXT_KEY_CITY_NAME_FUKUOKA">
      <Text>Fukuoka</Text>
    </Row>
    <Row Tag="TXT_KEY_CITY_NAME_FUKUSHIMA">
      <Text>Fukusima</Text>
    </Row>
    <Row Tag="TXT_KEY_CITY_NAME_FUSTAT">
      <Text>Fustat</Text>
    </Row>
    <Row Tag="TXT_KEY_CITY_NAME_GANDUTAVA">
      <Text>Gandutava</Text>
    </Row>
    <Row Tag="TXT_KEY_CITY_NAME_GANSU">
      <Text>Gansu</Text>
    </Row>
    <Row Tag="TXT_KEY_CITY_NAME_GAOYU">
      <Text>Gaoyu</Text>
    </Row>
    <Row Tag="TXT_KEY_CITY_NAME_GAUGAMELA">
      <Text>Gaugamela</Text>
    </Row>
    <Row Tag="TXT_KEY_CITY_NAME_GAUL">
      <Text>Galya</Text>
    </Row>
    <Row Tag="TXT_KEY_CITY_NAME_GAUR">
      <Text>Gaur</Text>
    </Row>
    <Row Tag="TXT_KEY_CITY_NAME_GAZIANTEP">
      <Text>Gaziantep</Text>
    </Row>
    <Row Tag="TXT_KEY_CITY_NAME_GELSENKIRCHEN">
      <Text>Gelsenkirchen</Text>
    </Row>
    <Row Tag="TXT_KEY_CITY_NAME_GEPID">
      <Text>Gepid</Text>
    </Row>
    <Row Tag="TXT_KEY_CITY_NAME_GHULAMAN">
      <Text>Ghulaman</Text>
    </Row>
    <Row Tag="TXT_KEY_CITY_NAME_GHURAB">
      <Text>Kom Medinet Ghurab</Text>
    </Row>
    <Row Tag="TXT_KEY_CITY_NAME_GHUZZ">
      <Text>Ghuzz</Text>
    </Row>
    <Row Tag="TXT_KEY_CITY_NAME_GIZA">
      <Text>Giza</Text>
    </Row>
    <Row Tag="TXT_KEY_CITY_NAME_GLASGOW">
      <Text>Glasgow</Text>
    </Row>
    <Row Tag="TXT_KEY_CITY_NAME_GLOUCESTER">
      <Text>Gloucester</Text>
    </Row>
    <Row Tag="TXT_KEY_CITY_NAME_GORDION">
      <Text>Gordion</Text>
    </Row>
    <Row Tag="TXT_KEY_CITY_NAME_GORDIUM">
      <Text>Gordium</Text>
    </Row>
    <Row Tag="TXT_KEY_CITY_NAME_GORTYN">
      <Text>Gortyn</Text>
    </Row>
    <Row Tag="TXT_KEY_CITY_NAME_GOTEBORG">
      <Text>Goteborg</Text>
    </Row>
    <Row Tag="TXT_KEY_CITY_NAME_GOTTINGEN">
      <Text>Gottingen</Text>
    </Row>
    <Row Tag="TXT_KEY_CITY_NAME_GRENOBLE">
      <Text>Grenoble</Text>
    </Row>
    <Row Tag="TXT_KEY_CITY_NAME_GUANGZHOU">
      <Text>Guangzhou</Text>
    </Row>
    <Row Tag="TXT_KEY_CITY_NAME_GULBARGA">
      <Text>Gulbarga</Text>
    </Row>
    <Row Tag="TXT_KEY_CITY_NAME_GWALIOR">
      <Text>Gwalior</Text>
    </Row>
    <Row Tag="TXT_KEY_CITY_NAME_HADRIA">
      <Text>Hadria</Text>
    </Row>
    <Row Tag="TXT_KEY_CITY_NAME_HAERBIN">
      <Text>Haerbin</Text>
    </Row>
    <Row Tag="TXT_KEY_CITY_NAME_HAGEN">
      <Text>Hagen</Text>
    </Row>
    <Row Tag="TXT_KEY_CITY_NAME_HAKODATE">
      <Text>Hakodate</Text>
    </Row>
    <Row Tag="TXT_KEY_CITY_NAME_HALICARNASSUS">
      <Text>Halikarnas</Text>
    </Row>
    <Row Tag="TXT_KEY_CITY_NAME_HALLE">
      <Text>Halle</Text>
    </Row>
    <Row Tag="TXT_KEY_CITY_NAME_HAMA">
      <Text>Hama</Text>
    </Row>
    <Row Tag="TXT_KEY_CITY_NAME_HAMBURG">
      <Text>Hamburg</Text>
    </Row>
    <Row Tag="TXT_KEY_CITY_NAME_HAMM">
      <Text>Hamm</Text>
    </Row>
    <Row Tag="TXT_KEY_CITY_NAME_HANDAN">
      <Text>Handan</Text>
    </Row>
    <Row Tag="TXT_KEY_CITY_NAME_HANGZHOU">
      <Text>Hangzhou</Text>
    </Row>
    <Row Tag="TXT_KEY_CITY_NAME_HANNOVER">
      <Text>Hanover</Text>
    </Row>
    <Row Tag="TXT_KEY_CITY_NAME_HANOI">
      <Text>Hanoi</Text>
    </Row>
    <Row Tag="TXT_KEY_CITY_NAME_HARAPPAN">
      <Text>Harappan</Text>
    </Row>
    <Row Tag="TXT_KEY_CITY_NAME_HARMOZEIA">
      <Text>Harmozeia</Text>
    </Row>
    <Row Tag="TXT_KEY_CITY_NAME_HASTINGS">
      <Text>Hastings</Text>
    </Row>
    <Row Tag="TXT_KEY_CITY_NAME_HAWARA">
      <Text>Hawara</Text>
    </Row>
    <Row Tag="TXT_KEY_CITY_NAME_HELIOPOLIS">
      <Text>Heliopolis</Text>
    </Row>
    <Row Tag="TXT_KEY_CITY_NAME_HELSINKI">
      <Text>Helsinki</Text>
    </Row>
    <Row Tag="TXT_KEY_CITY_NAME_HERAKLEIA">
      <Text>Herakleia</Text>
    </Row>
    <Row Tag="TXT_KEY_CITY_NAME_HERAKLEOPOLIS">
      <Text>Herakleopolis</Text>
    </Row>
    <Row Tag="TXT_KEY_CITY_NAME_HERAT">
      <Text>Herat</Text>
    </Row>
    <Row Tag="TXT_KEY_CITY_NAME_HERMONTHIS">
      <Text>Hermonthis</Text>
    </Row>
    <Row Tag="TXT_KEY_CITY_NAME_HERMOPOLIS">
      <Text>Hermopolis</Text>
    </Row>
    <Row Tag="TXT_KEY_CITY_NAME_HERNE">
      <Text>Herne</Text>
    </Row>
    <Row Tag="TXT_KEY_CITY_NAME_HEYUAN">
      <Text>Heyuan</Text>
    </Row>
    <Row Tag="TXT_KEY_CITY_NAME_HIERACONPOLIS">
      <Text>Hieraconpolis</Text>
    </Row>
    <Row Tag="TXT_KEY_CITY_NAME_HILDESHEIM">
      <Text>Hildesheim</Text>
    </Row>
    <Row Tag="TXT_KEY_CITY_NAME_HIROSHIMA">
      <Text>Hirosima</Text>
    </Row>
    <Row Tag="TXT_KEY_CITY_NAME_HISPALIS">
      <Text>Hispalis</Text>
    </Row>
    <Row Tag="TXT_KEY_CITY_NAME_HITTITE">
      <Text>Hititçe</Text>
    </Row>
    <Row Tag="TXT_KEY_CITY_NAME_HONOLULU">
      <Text>Honolulu</Text>
    </Row>
    <Row Tag="TXT_KEY_CITY_NAME_HOUSTON">
      <Text>Houston</Text>
    </Row>
    <Row Tag="TXT_KEY_CITY_NAME_HSUNGNU">
      <Text>Hsung-Nu</Text>
    </Row>
    <Row Tag="TXT_KEY_CITY_NAME_HUANGSHI">
      <Text>Huangshi</Text>
    </Row>
    <Row Tag="TXT_KEY_CITY_NAME_HUBEI">
      <Text>Hubei</Text>
    </Row>
    <Row Tag="TXT_KEY_CITY_NAME_HUEXOTLA">
      <Text>Huexotla</Text>
    </Row>
    <Row Tag="TXT_KEY_CITY_NAME_HULL">
      <Text>Gövde</Text>
    </Row>
    <Row Tag="TXT_KEY_CITY_NAME_HUN">
      <Text>Hun</Text>
    </Row>
    <Row Tag="TXT_KEY_CITY_NAME_HUNGARY">
      <Text>Macaristan</Text>
    </Row>
    <Row Tag="TXT_KEY_CITY_NAME_HUNT_VALLEY">
      <Text>Hunt Valley</Text>
    </Row>
    <Row Tag="TXT_KEY_CITY_NAME_HURRIAN">
      <Text>Hurrian</Text>
    </Row>
    <Row Tag="TXT_KEY_CITY_NAME_HYDERABAD">
      <Text>Haydarabad</Text>
    </Row>
    <Row Tag="TXT_KEY_CITY_NAME_IASI">
      <Text>Iasi</Text>
    </Row>
    <Row Tag="TXT_KEY_CITY_NAME_ILLINOIS">
      <Text>Illinois</Text>
    </Row>
    <Row Tag="TXT_KEY_CITY_NAME_INDRAPRASTHA">
      <Text>Indraprastha</Text>
    </Row>
    <Row Tag="TXT_KEY_CITY_NAME_INEBOLU">
      <Text>Inebolu</Text>
    </Row>
    <Row Tag="TXT_KEY_CITY_NAME_INTERRAMA">
      <Text>Interrama</Text>
    </Row>
    <Row Tag="TXT_KEY_CITY_NAME_IPSWICH">
      <Text>Ipswich</Text>
    </Row>
    <Row Tag="TXT_KEY_CITY_NAME_IRELAND">
      <Text>Irlanda</Text>
    </Row>
    <Row Tag="TXT_KEY_CITY_NAME_IRKUSTK">
      <Text>Irkutsk</Text>
    </Row>
    <Row Tag="TXT_KEY_CITY_NAME_ISE">
      <Text>Ise</Text>
    </Row>
    <Row Tag="TXT_KEY_CITY_NAME_ISTAKHR">
      <Text>Istakhr</Text>
    </Row>
    <Row Tag="TXT_KEY_CITY_NAME_ISTANBUL">
      <Text>Istanbul</Text>
    </Row>
    <Row Tag="TXT_KEY_CITY_NAME_ITZAPALAPA">
      <Text>Itzapalapa</Text>
    </Row>
    <Row Tag="TXT_KEY_CITY_NAME_IXTAPALUCA">
      <Text>Ixtapaluca</Text>
    </Row>
    <Row Tag="TXT_KEY_CITY_NAME_IZATA">
      <Text>Izata</Text>
    </Row>
    <Row Tag="TXT_KEY_CITY_NAME_IZMIR">
      <Text>Izmir</Text>
    </Row>
    <Row Tag="TXT_KEY_CITY_NAME_IZMIT">
      <Text>Izmit</Text>
    </Row>
    <Row Tag="TXT_KEY_CITY_NAME_IZTAPAM">
      <Text>Iztapam</Text>
    </Row>
    <Row Tag="TXT_KEY_CITY_NAME_IZUMI">
      <Text>Izumi</Text>
    </Row>
    <Row Tag="TXT_KEY_CITY_NAME_IZUMO">
      <Text>Izumo</Text>
    </Row>
    <Row Tag="TXT_KEY_CITY_NAME_JACKSONVILLE">
      <Text>Jacksonville</Text>
    </Row>
    <Row Tag="TXT_KEY_CITY_NAME_JAIPUR">
      <Text>Jaipur</Text>
    </Row>
    <Row Tag="TXT_KEY_CITY_NAME_JAUNPUR">
      <Text>Jaunpur</Text>
    </Row>
    <Row Tag="TXT_KEY_CITY_NAME_JILOTZINGO">
      <Text>Jilotzingo</Text>
    </Row>
    <Row Tag="TXT_KEY_CITY_NAME_JINJAN">
      <Text>Jinjan</Text>
    </Row>
    <Row Tag="TXT_KEY_CITY_NAME_JUTE">
      <Text>Jüt</Text>
    </Row>
    <Row Tag="TXT_KEY_CITY_NAME_KABUL">
      <Text>Kabil</Text>
    </Row>
    <Row Tag="TXT_KEY_CITY_NAME_KAGOSHIMA">
      <Text>Kagoshima</Text>
    </Row>
    <Row Tag="TXT_KEY_CITY_NAME_KAHUN">
      <Text>Kahun</Text>
    </Row>
    <Row Tag="TXT_KEY_CITY_NAME_KAIFENG">
      <Text>Kaifeng</Text>
    </Row>
    <Row Tag="TXT_KEY_CITY_NAME_KAIROUAN">
      <Text>Kairouan</Text>
    </Row>
    <Row Tag="TXT_KEY_CITY_NAME_KAMAKURO">
      <Text>Kamakuro</Text>
    </Row>
    <Row Tag="TXT_KEY_CITY_NAME_KAMPADA">
      <Text>Kampada</Text>
    </Row>
    <Row Tag="TXT_KEY_CITY_NAME_KANDAHAR">
      <Text>Kandahar</Text>
    </Row>
    <Row Tag="TXT_KEY_CITY_NAME_KANSAS_CITY">
      <Text>Kansas City</Text>
    </Row>
    <Row Tag="TXT_KEY_CITY_NAME_KAPISA">
      <Text>Kapisa</Text>
    </Row>
    <Row Tag="TXT_KEY_CITY_NAME_KARACHI">
      <Text>Karaçi</Text>
    </Row>
    <Row Tag="TXT_KEY_CITY_NAME_KARAGANDA">
      <Text>Karaganda</Text>
    </Row>
    <Row Tag="TXT_KEY_CITY_NAME_KARLSRUHE">
      <Text>Karlsruhe</Text>
    </Row>
    <Row Tag="TXT_KEY_CITY_NAME_KARMANA">
      <Text>Karmana</Text>
    </Row>
    <Row Tag="TXT_KEY_CITY_NAME_KARNAK">
      <Text>Karnak</Text>
    </Row>
    <Row Tag="TXT_KEY_CITY_NAME_KASSEL">
      <Text>Kassel</Text>
    </Row>
    <Row Tag="TXT_KEY_CITY_NAME_KASSITE">
      <Text>Kassite</Text>
    </Row>
    <Row Tag="TXT_KEY_CITY_NAME_KAYSERI">
      <Text>Kayseri</Text>
    </Row>
    <Row Tag="TXT_KEY_CITY_NAME_KAZAKH">
      <Text>Kazakça</Text>
    </Row>
    <Row Tag="TXT_KEY_CITY_NAME_KHABAROVSK">
      <Text>Habarovsk</Text>
    </Row>
    <Row Tag="TXT_KEY_CITY_NAME_KHOISAN">
      <Text>Khoisan</Text>
    </Row>
    <Row Tag="TXT_KEY_CITY_NAME_KHURASAN">
      <Text>Horasan</Text>
    </Row>
    <Row Tag="TXT_KEY_CITY_NAME_KIEL">
      <Text>Kiel</Text>
    </Row>
    <Row Tag="TXT_KEY_CITY_NAME_KNOSSOS">
      <Text>Knossos</Text>
    </Row>
    <Row Tag="TXT_KEY_CITY_NAME_KOBE">
      <Text>Kobe</Text>
    </Row>
    <Row Tag="TXT_KEY_CITY_NAME_KOBLENZ">
      <Text>Koblenz</Text>
    </Row>
    <Row Tag="TXT_KEY_CITY_NAME_KOCHI">
      <Text>Kochi</Text>
    </Row>
    <Row Tag="TXT_KEY_CITY_NAME_KOLHAPUR">
      <Text>Kolhapur</Text>
    </Row>
    <Row Tag="TXT_KEY_CITY_NAME_KONYA">
      <Text>Konya</Text>
    </Row>
    <Row Tag="TXT_KEY_CITY_NAME_KOPTOS">
      <Text>Koptos</Text>
    </Row>
    <Row Tag="TXT_KEY_CITY_NAME_KOREA">
      <Text>Kore</Text>
    </Row>
    <Row Tag="TXT_KEY_CITY_NAME_KOSTROMA">
      <Text>Kostroma</Text>
    </Row>
    <Row Tag="TXT_KEY_CITY_NAME_KOUNAXA">
      <Text>Kounaxa</Text>
    </Row>
    <Row Tag="TXT_KEY_CITY_NAME_KOZUKE">
      <Text>Kozuke</Text>
    </Row>
    <Row Tag="TXT_KEY_CITY_NAME_KRAKOW">
      <Text>Krakow</Text>
    </Row>
    <Row Tag="TXT_KEY_CITY_NAME_KRASNOYARSK">
      <Text>Krasnoyarsk</Text>
    </Row>
    <Row Tag="TXT_KEY_CITY_NAME_KREFELD">
      <Text>Krefeld</Text>
    </Row>
    <Row Tag="TXT_KEY_CITY_NAME_KUFAH">
      <Text>Kufah</Text>
    </Row>
    <Row Tag="TXT_KEY_CITY_NAME_KUGANAKA">
      <Text>Kuganaka</Text>
    </Row>
    <Row Tag="TXT_KEY_CITY_NAME_KUNMING">
      <Text>Kunming</Text>
    </Row>
    <Row Tag="TXT_KEY_CITY_NAME_KURSK">
      <Text>Kursk</Text>
    </Row>
    <Row Tag="TXT_KEY_CITY_NAME_KUSHANS">
      <Text>Kusanlar</Text>
    </Row>
    <Row Tag="TXT_KEY_CITY_NAME_KUSHINAGAR">
      <Text>Kushinagar</Text>
    </Row>
    <Row Tag="TXT_KEY_CITY_NAME_KYOTO">
      <Text>Kyoto</Text>
    </Row>
    <Row Tag="TXT_KEY_CITY_NAME_KYRESKHATA">
      <Text>Kyreskhata</Text>
    </Row>
    <Row Tag="TXT_KEY_CITY_NAME_LA_ROCHELLE">
      <Text>La Rochelle</Text>
    </Row>
    <Row Tag="TXT_KEY_CITY_NAME_LAHORE">
      <Text>Lahor</Text>
    </Row>
    <Row Tag="TXT_KEY_CITY_NAME_LANCASTER">
      <Text>Lancaster</Text>
    </Row>
    <Row Tag="TXT_KEY_CITY_NAME_LAS_VEGAS">
      <Text>Las Vegas</Text>
    </Row>
    <Row Tag="TXT_KEY_CITY_NAME_LAURIACUM">
      <Text>Lauriacum</Text>
    </Row>
    <Row Tag="TXT_KEY_CITY_NAME_LE_BAM">
      <Text>Le Bam</Text>
    </Row>
    <Row Tag="TXT_KEY_CITY_NAME_LE_HAVRE">
      <Text>Le Havre</Text>
    </Row>
    <Row Tag="TXT_KEY_CITY_NAME_LE_MANS">
      <Text>Le Mans</Text>
    </Row>
    <Row Tag="TXT_KEY_CITY_NAME_LEEDS">
      <Text>Leeds</Text>
    </Row>
    <Row Tag="TXT_KEY_CITY_NAME_LEICESTER">
      <Text>Leicester</Text>
    </Row>
    <Row Tag="TXT_KEY_CITY_NAME_LEIPZIG">
      <Text>Leipzig</Text>
    </Row>
    <Row Tag="TXT_KEY_CITY_NAME_LEVERKUSEN">
      <Text>Leverkusen</Text>
    </Row>
    <Row Tag="TXT_KEY_CITY_NAME_LHASA">
      <Text>Lhasa</Text>
    </Row>
    <Row Tag="TXT_KEY_CITY_NAME_LIAONING">
      <Text>Liaoning</Text>
    </Row>
    <Row Tag="TXT_KEY_CITY_NAME_LIBYAN">
      <Text>Libya</Text>
    </Row>
    <Row Tag="TXT_KEY_CITY_NAME_LIGURIAN">
      <Text>Ligurya</Text>
    </Row>
    <Row Tag="TXT_KEY_CITY_NAME_LIJIANG">
      <Text>Lijiang</Text>
    </Row>
    <Row Tag="TXT_KEY_CITY_NAME_LILLE">
      <Text>Lille</Text>
    </Row>
    <Row Tag="TXT_KEY_CITY_NAME_LIMOGES">
      <Text>Limoges</Text>
    </Row>
    <Row Tag="TXT_KEY_CITY_NAME_LISBON">
      <Text>Lizbon</Text>
    </Row>
    <Row Tag="TXT_KEY_CITY_NAME_LISHT">
      <Text>Lisht</Text>
    </Row>
    <Row Tag="TXT_KEY_CITY_NAME_LITTLE_ROCK">
      <Text>Little Rock</Text>
    </Row>
    <Row Tag="TXT_KEY_CITY_NAME_LIVERPOOL">
      <Text>Liverpool</Text>
    </Row>
    <Row Tag="TXT_KEY_CITY_NAME_LONDINIUM">
      <Text>Londinium</Text>
    </Row>
    <Row Tag="TXT_KEY_CITY_NAME_LONDON">
      <Text>Londra</Text>
    </Row>
    <Row Tag="TXT_KEY_CITY_NAME_LOS_ANGELES">
      <Text>Los Angeles</Text>
    </Row>
    <Row Tag="TXT_KEY_CITY_NAME_LOURDES">
      <Text>Lourdes</Text>
    </Row>
    <Row Tag="TXT_KEY_CITY_NAME_LOYANG">
      <Text>Loyang</Text>
    </Row>
    <Row Tag="TXT_KEY_CITY_NAME_LUCERIA">
      <Text>Luceria</Text>
    </Row>
    <Row Tag="TXT_KEY_CITY_NAME_LUDWIGSHAFEN">
      <Text>Ludwigshafen</Text>
    </Row>
    <Row Tag="TXT_KEY_CITY_NAME_LUGDUNUM">
      <Text>Lugdunum</Text>
    </Row>
    <Row Tag="TXT_KEY_CITY_NAME_LUXOR">
      <Text>Luksor</Text>
    </Row>
    <Row Tag="TXT_KEY_CITY_NAME_LYONS">
      <Text>Lyon</Text>
    </Row>
    <Row Tag="TXT_KEY_CITY_NAME_MACAU">
      <Text>Makao</Text>
    </Row>
    <Row Tag="TXT_KEY_CITY_NAME_MADURAI">
      <Text>Madurai</Text>
    </Row>
    <Row Tag="TXT_KEY_CITY_NAME_MAGADAN">
      <Text>Magadan</Text>
    </Row>
    <Row Tag="TXT_KEY_CITY_NAME_MAGNITOGORSK">
      <Text>Magnitogorsk</Text>
    </Row>
    <Row Tag="TXT_KEY_CITY_NAME_MAGYAR">
      <Text>Magyar</Text>
    </Row>
    <Row Tag="TXT_KEY_CITY_NAME_MALATYA">
      <Text>Malatya</Text>
    </Row>
    <Row Tag="TXT_KEY_CITY_NAME_MALI">
      <Text>Mali</Text>
    </Row>
    <Row Tag="TXT_KEY_CITY_NAME_MALINALCO">
      <Text>Malinalco</Text>
    </Row>
    <Row Tag="TXT_KEY_CITY_NAME_MANCHESTER">
      <Text>Manchester</Text>
    </Row>
    <Row Tag="TXT_KEY_CITY_NAME_MANSURA">
      <Text>Mansura</Text>
    </Row>
    <Row Tag="TXT_KEY_CITY_NAME_MAOMING">
      <Text>Maoming</Text>
    </Row>
    <Row Tag="TXT_KEY_CITY_NAME_MARAKANDA">
      <Text>Marakanda</Text>
    </Row>
    <Row Tag="TXT_KEY_CITY_NAME_MARMARIS">
      <Text>Marmaris</Text>
    </Row>
    <Row Tag="TXT_KEY_CITY_NAME_MARRAKECH">
      <Text>Marakes</Text>
    </Row>
    <Row Tag="TXT_KEY_CITY_NAME_MARSEILLES">
      <Text>Marsilya</Text>
    </Row>
    <Row Tag="TXT_KEY_CITY_NAME_MARSIN">
      <Text>Marsin</Text>
    </Row>
    <Row Tag="TXT_KEY_CITY_NAME_MATHURA">
      <Text>Mathura</Text>
    </Row>
    <Row Tag="TXT_KEY_CITY_NAME_MATSUYAMA">
      <Text>Matsuyama</Text>
    </Row>
    <Row Tag="TXT_KEY_CITY_NAME_MAURYAN">
      <Text>Mauryan</Text>
    </Row>
    <Row Tag="TXT_KEY_CITY_NAME_MAYA">
      <Text>Maya</Text>
    </Row>
    <Row Tag="TXT_KEY_CITY_NAME_MECCA">
      <Text>Mekke</Text>
    </Row>
    <Row Tag="TXT_KEY_CITY_NAME_MEDINA">
      <Text>Medine</Text>
    </Row>
    <Row Tag="TXT_KEY_CITY_NAME_MEDIOLANUM">
      <Text>Mediolanum</Text>
    </Row>
    <Row Tag="TXT_KEY_CITY_NAME_MEGARA">
      <Text>Megara</Text>
    </Row>
    <Row Tag="TXT_KEY_CITY_NAME_MEMPHIS">
      <Text>Memphis</Text>
    </Row>
    <Row Tag="TXT_KEY_CITY_NAME_MENDES">
      <Text>Mendes</Text>
    </Row>
    <Row Tag="TXT_KEY_CITY_NAME_MERIMDE">
      <Text>Merimde</Text>
    </Row>
    <Row Tag="TXT_KEY_CITY_NAME_MERV">
      <Text>Merv</Text>
    </Row>
    <Row Tag="TXT_KEY_CITY_NAME_MERW">
      <Text>Merw</Text>
    </Row>
    <Row Tag="TXT_KEY_CITY_NAME_MIAMI">
      <Text>Miami</Text>
    </Row>
    <Row Tag="TXT_KEY_CITY_NAME_MILETOS">
      <Text>Miletos</Text>
    </Row>
    <Row Tag="TXT_KEY_CITY_NAME_MILWAUKEE">
      <Text>Milwaukee</Text>
    </Row>
    <Row Tag="TXT_KEY_CITY_NAME_MINNEAPOLIS">
      <Text>Minneapolis</Text>
    </Row>
    <Row Tag="TXT_KEY_CITY_NAME_MINOAN">
      <Text>Minoan</Text>
    </Row>
    <Row Tag="TXT_KEY_CITY_NAME_MONCHENGLADBACH">
      <Text>Monchengladbach</Text>
    </Row>
    <Row Tag="TXT_KEY_CITY_NAME_MONTEREY">
      <Text>Monterey</Text>
    </Row>
    <Row Tag="TXT_KEY_CITY_NAME_MONTPELLIER">
      <Text>Montpellier</Text>
    </Row>
    <Row Tag="TXT_KEY_CITY_NAME_MOSCOW">
      <Text>Moskova</Text>
    </Row>
    <Row Tag="TXT_KEY_CITY_NAME_MOSUL">
      <Text>Musul</Text>
    </Row>
    <Row Tag="TXT_KEY_CITY_NAME_MUGLA">
      <Text>Mugla</Text>
    </Row>
    <Row Tag="TXT_KEY_CITY_NAME_MULHEIM">
      <Text>Mulheim</Text>
    </Row>
    <Row Tag="TXT_KEY_CITY_NAME_MUMBLES">
      <Text>The Mumbles</Text>
    </Row>
    <Row Tag="TXT_KEY_CITY_NAME_MUNICH">
      <Text>Münih</Text>
    </Row>
    <Row Tag="TXT_KEY_CITY_NAME_MUNSTER">
      <Text>Munster</Text>
    </Row>
    <Row Tag="TXT_KEY_CITY_NAME_MURMANSK">
      <Text>Murmansk</Text>
    </Row>
    <Row Tag="TXT_KEY_CITY_NAME_MUSCAT">
      <Text>Muskat</Text>
    </Row>
    <Row Tag="TXT_KEY_CITY_NAME_MYCENAE">
      <Text>Miken</Text>
    </Row>
    <Row Tag="TXT_KEY_CITY_NAME_MYCENIAN">
      <Text>Mycenian</Text>
    </Row>
    <Row Tag="TXT_KEY_CITY_NAME_MYTILENE">
      <Text>Midilli</Text>
    </Row>
    <Row Tag="TXT_KEY_CITY_NAME_NAGANO">
      <Text>Nagano</Text>
    </Row>
    <Row Tag="TXT_KEY_CITY_NAME_NAGASAKI">
      <Text>Nagasaki</Text>
    </Row>
    <Row Tag="TXT_KEY_CITY_NAME_NAGOYA">
      <Text>Nagoya</Text>
    </Row>
    <Row Tag="TXT_KEY_CITY_NAME_NAHA">
      <Text>Naha</Text>
    </Row>
    <Row Tag="TXT_KEY_CITY_NAME_NAJRAN">
      <Text>Najran</Text>
    </Row>
    <Row Tag="TXT_KEY_CITY_NAME_NANCY">
      <Text>Nancy</Text>
    </Row>
    <Row Tag="TXT_KEY_CITY_NAME_NANJING">
      <Text>Nanjing</Text>
    </Row>
    <Row Tag="TXT_KEY_CITY_NAME_NANTES">
      <Text>Nantes</Text>
    </Row>
    <Row Tag="TXT_KEY_CITY_NAME_NANTONG">
      <Text>Nantong</Text>
    </Row>
    <Row Tag="TXT_KEY_CITY_NAME_NARA">
      <Text>Nara</Text>
    </Row>
    <Row Tag="TXT_KEY_CITY_NAME_NAUTAKA">
      <Text>Nautaka</Text>
    </Row>
    <Row Tag="TXT_KEY_CITY_NAME_NAVAJO">
      <Text>Navajo</Text>
    </Row>
    <Row Tag="TXT_KEY_CITY_NAME_NEAPOLIS">
      <Text>Neapolis</Text>
    </Row>
    <Row Tag="TXT_KEY_CITY_NAME_NEGADE">
      <Text>Negade</Text>
    </Row>
    <Row Tag="TXT_KEY_CITY_NAME_NEUSS">
      <Text>Neuss</Text>
    </Row>
    <Row Tag="TXT_KEY_CITY_NAME_NEW_ORLEANS">
      <Text>New Orleans</Text>
    </Row>
    <Row Tag="TXT_KEY_CITY_NAME_NEW_YORK">
      <Text>New York</Text>
    </Row>
    <Row Tag="TXT_KEY_CITY_NAME_NEWCASTLE">
      <Text>Newcastle</Text>
    </Row>
    <Row Tag="TXT_KEY_CITY_NAME_NICE">
      <Text>Güzel.</Text>
    </Row>
    <Row Tag="TXT_KEY_CITY_NAME_NICOPOLIS">
      <Text>Nicopolis</Text>
    </Row>
    <Row Tag="TXT_KEY_CITY_NAME_NIMES">
      <Text>Nimes</Text>
    </Row>
    <Row Tag="TXT_KEY_CITY_NAME_NINGBO">
      <Text>Ningbo</Text>
    </Row>
    <Row Tag="TXT_KEY_CITY_NAME_NIZHNIYNOVGOROD">
      <Text>Nizhniy Novgorod</Text>
    </Row>
    <Row Tag="TXT_KEY_CITY_NAME_NORWAY">
      <Text>Norveç</Text>
    </Row>
    <Row Tag="TXT_KEY_CITY_NAME_NORWICH">
      <Text>Norwich</Text>
    </Row>
    <Row Tag="TXT_KEY_CITY_NAME_NOTTHINGHAM">
      <Text>Nottingham</Text>
    </Row>
    <Row Tag="TXT_KEY_CITY_NAME_NOVGOROD">
      <Text>Novgorod</Text>
    </Row>
    <Row Tag="TXT_KEY_CITY_NAME_NOVOSIBIRSK">
      <Text>Novosibirsk</Text>
    </Row>
    <Row Tag="TXT_KEY_CITY_NAME_NUBIAN">
      <Text>Nubian</Text>
    </Row>
    <Row Tag="TXT_KEY_CITY_NAME_NUMIDIAN">
      <Text>Numidian</Text>
    </Row>
    <Row Tag="TXT_KEY_CITY_NAME_OAKLAND">
      <Text>Oakland</Text>
    </Row>
    <Row Tag="TXT_KEY_CITY_NAME_OBERHAUSEN">
      <Text>Oberhausen</Text>
    </Row>
    <Row Tag="TXT_KEY_CITY_NAME_OIDU">
      <Text>Oidu</Text>
    </Row>
    <Row Tag="TXT_KEY_CITY_NAME_OLDENBURG">
      <Text>Oldenburg</Text>
    </Row>
    <Row Tag="TXT_KEY_CITY_NAME_OLMEC">
      <Text>Olmec</Text>
    </Row>
    <Row Tag="TXT_KEY_CITY_NAME_OLYMPIA">
      <Text>Olympia</Text>
    </Row>
    <Row Tag="TXT_KEY_CITY_NAME_OMAHA">
      <Text>Omaha</Text>
    </Row>
    <Row Tag="TXT_KEY_CITY_NAME_OMBOS">
      <Text>Ombos</Text>
    </Row>
    <Row Tag="TXT_KEY_CITY_NAME_OMI">
      <Text>Omi</Text>
    </Row>
    <Row Tag="TXT_KEY_CITY_NAME_OMSK">
      <Text>Omsk</Text>
    </Row>
    <Row Tag="TXT_KEY_CITY_NAME_OPORTO">
      <Text>Oporto</Text>
    </Row>
    <Row Tag="TXT_KEY_CITY_NAME_ORAN">
      <Text>Oran</Text>
    </Row>
    <Row Tag="TXT_KEY_CITY_NAME_ORDU_BALIQ">
      <Text>Ordu Baliq</Text>
    </Row>
    <Row Tag="TXT_KEY_CITY_NAME_ORENBURG">
      <Text>Orenburg</Text>
    </Row>
    <Row Tag="TXT_KEY_CITY_NAME_ORLANDO">
      <Text>Orlando</Text>
    </Row>
    <Row Tag="TXT_KEY_CITY_NAME_ORLEANS">
      <Text>Orleans</Text>
    </Row>
    <Row Tag="TXT_KEY_CITY_NAME_ORYX">
      <Text>Oryx</Text>
    </Row>
    <Row Tag="TXT_KEY_CITY_NAME_OSAKA">
      <Text>Osaka</Text>
    </Row>
    <Row Tag="TXT_KEY_CITY_NAME_OSLO">
      <Text>Oslo</Text>
    </Row>
    <Row Tag="TXT_KEY_CITY_NAME_OSNABRUCK">
      <Text>Osnabruck</Text>
    </Row>
    <Row Tag="TXT_KEY_CITY_NAME_OSTIA">
      <Text>Ostia</Text>
    </Row>
    <Row Tag="TXT_KEY_CITY_NAME_OXFORD">
      <Text>Oxford</Text>
    </Row>
    <Row Tag="TXT_KEY_CITY_NAME_PAISHIYAUVADA">
      <Text>Paishiyauvada</Text>
    </Row>
    <Row Tag="TXT_KEY_CITY_NAME_PALENQUE">
      <Text>Palenque</Text>
    </Row>
    <Row Tag="TXT_KEY_CITY_NAME_PALMYRA">
      <Text>Palmyra</Text>
    </Row>
    <Row Tag="TXT_KEY_CITY_NAME_PALO_ALTO">
      <Text>Palo Alto</Text>
    </Row>
    <Row Tag="TXT_KEY_CITY_NAME_PARIS">
      <Text>Paris</Text>
    </Row>
    <Row Tag="TXT_KEY_CITY_NAME_PARTHIAN">
      <Text>Parthian</Text>
    </Row>
    <Row Tag="TXT_KEY_CITY_NAME_PASARGADAE">
      <Text>Pasargadae</Text>
    </Row>
    <Row Tag="TXT_KEY_CITY_NAME_PATALIPUTRA">
      <Text>Pataliputra</Text>
    </Row>
    <Row Tag="TXT_KEY_CITY_NAME_PATIGRBANA">
      <Text>Patigrbana</Text>
    </Row>
    <Row Tag="TXT_KEY_CITY_NAME_PERGAMON">
      <Text>Pergamon</Text>
    </Row>
    <Row Tag="TXT_KEY_CITY_NAME_PERM">
      <Text>Perm'</Text>
    </Row>
    <Row Tag="TXT_KEY_CITY_NAME_PERSEPOLIS">
      <Text>Persepolis</Text>
    </Row>
    <Row Tag="TXT_KEY_CITY_NAME_PHARSALOS">
      <Text>Pharsalos</Text>
    </Row>
    <Row Tag="TXT_KEY_CITY_NAME_PHEONICIAN">
      <Text>Fenike</Text>
    </Row>
    <Row Tag="TXT_KEY_CITY_NAME_PHILADELPHIA">
      <Text>Philadelphia</Text>
    </Row>
    <Row Tag="TXT_KEY_CITY_NAME_PHNOM_PENH">
      <Text>Phnom Penh</Text>
    </Row>
    <Row Tag="TXT_KEY_CITY_NAME_PHOCAEA">
      <Text>Phocaea</Text>
    </Row>
    <Row Tag="TXT_KEY_CITY_NAME_PHOENIX">
      <Text>Phoenix</Text>
    </Row>
    <Row Tag="TXT_KEY_CITY_NAME_PHRADA">
      <Text>Phrada</Text>
    </Row>
    <Row Tag="TXT_KEY_CITY_NAME_PHRYGIAN">
      <Text>Phrygian</Text>
    </Row>
    <Row Tag="TXT_KEY_CITY_NAME_PIRAMESSES">
      <Text>Pi-Ramesses</Text>
    </Row>
    <Row Tag="TXT_KEY_CITY_NAME_PITHOM">
      <Text>Pithom</Text>
    </Row>
    <Row Tag="TXT_KEY_CITY_NAME_PITTSBURGH">
      <Text>Pittsburgh</Text>
    </Row>
    <Row Tag="TXT_KEY_CITY_NAME_PLACENTIA">
      <Text>Placentia</Text>
    </Row>
    <Row Tag="TXT_KEY_CITY_NAME_PLYMOUTH">
      <Text>Plymouth</Text>
    </Row>
    <Row Tag="TXT_KEY_CITY_NAME_POITIERS">
      <Text>Poitiers</Text>
    </Row>
    <Row Tag="TXT_KEY_CITY_NAME_POLAND">
      <Text>Polonya</Text>
    </Row>
    <Row Tag="TXT_KEY_CITY_NAME_POLYNESIAN">
      <Text>Polinezya</Text>
    </Row>
    <Row Tag="TXT_KEY_CITY_NAME_PORTLAND">
      <Text>Portland</Text>
    </Row>
    <Row Tag="TXT_KEY_CITY_NAME_PORTSMOUTH">
      <Text>Portsmouth</Text>
    </Row>
    <Row Tag="TXT_KEY_CITY_NAME_PORTUGAL">
      <Text>Portekiz</Text>
    </Row>
    <Row Tag="TXT_KEY_CITY_NAME_POTSDAM">
      <Text>Potsdam</Text>
    </Row>
    <Row Tag="TXT_KEY_CITY_NAME_PRAYAGA">
      <Text>Prayaga</Text>
    </Row>
    <Row Tag="TXT_KEY_CITY_NAME_PRISTINA">
      <Text>Pristine</Text>
    </Row>
    <Row Tag="TXT_KEY_CITY_NAME_PSKOV">
      <Text>Pskov</Text>
    </Row>
    <Row Tag="TXT_KEY_CITY_NAME_PTEIRA">
      <Text>Pteira</Text>
    </Row>
    <Row Tag="TXT_KEY_CITY_NAME_PUSAN">
      <Text>Pusan</Text>
    </Row>
    <Row Tag="TXT_KEY_CITY_NAME_QATNA">
      <Text>Qatna</Text>
    </Row>
    <Row Tag="TXT_KEY_CITY_NAME_RAJAGRIHA">
      <Text>Rajagriha</Text>
    </Row>
    <Row Tag="TXT_KEY_CITY_NAME_RAQOTE">
      <Text>Raqote</Text>
    </Row>
    <Row Tag="TXT_KEY_CITY_NAME_RAVENNA">
      <Text>Ravenna</Text>
    </Row>
    <Row Tag="TXT_KEY_CITY_NAME_READING">
      <Text>Okuma</Text>
    </Row>
    <Row Tag="TXT_KEY_CITY_NAME_RECKLINGHAUSEN">
      <Text>Recklinghausen</Text>
    </Row>
    <Row Tag="TXT_KEY_CITY_NAME_REIMS">
      <Text>Reims</Text>
    </Row>
    <Row Tag="TXT_KEY_CITY_NAME_RENNES">
      <Text>Rennes</Text>
    </Row>
    <Row Tag="TXT_KEY_CITY_NAME_RENO">
      <Text>Reno</Text>
    </Row>
    <Row Tag="TXT_KEY_CITY_NAME_RHEIMS">
      <Text>Troyes</Text>
    </Row>
    <Row Tag="TXT_KEY_CITY_NAME_RHODES">
      <Text>Rodos</Text>
    </Row>
    <Row Tag="TXT_KEY_CITY_NAME_RICHMOND">
      <Text>Richmond</Text>
    </Row>
    <Row Tag="TXT_KEY_CITY_NAME_ROMANIA">
      <Text>Romanya</Text>
    </Row>
    <Row Tag="TXT_KEY_CITY_NAME_ROME">
      <Text>Roma</Text>
    </Row>
    <Row Tag="TXT_KEY_CITY_NAME_ROSTOCK">
      <Text>Rostock</Text>
    </Row>
    <Row Tag="TXT_KEY_CITY_NAME_ROSTOV">
      <Text>Rostov</Text>
    </Row>
    <Row Tag="TXT_KEY_CITY_NAME_ROUEN">
      <Text>Rouen</Text>
    </Row>
    <Row Tag="TXT_KEY_CITY_NAME_SAARBRUCKEN">
      <Text>Saarbrucken</Text>
    </Row>
    <Row Tag="TXT_KEY_CITY_NAME_SACRAMENTO">
      <Text>Sacramento</Text>
    </Row>
    <Row Tag="TXT_KEY_CITY_NAME_SADO">
      <Text>Sado</Text>
    </Row>
    <Row Tag="TXT_KEY_CITY_NAME_SAIGON">
      <Text>Saigon</Text>
    </Row>
    <Row Tag="TXT_KEY_CITY_NAME_SAINT_ETIENNE">
      <Text>Saint-Etienne</Text>
    </Row>
    <Row Tag="TXT_KEY_CITY_NAME_SAKAE">
      <Text>Sakae</Text>
    </Row>
    <Row Tag="TXT_KEY_CITY_NAME_SALISBURY">
      <Text>Salisbury</Text>
    </Row>
    <Row Tag="TXT_KEY_CITY_NAME_SALT_LAKE_CITY">
      <Text>Salt Lake City</Text>
    </Row>
    <Row Tag="TXT_KEY_CITY_NAME_SAMARA">
      <Text>Samara</Text>
    </Row>
    <Row Tag="TXT_KEY_CITY_NAME_SAMSUN">
      <Text>Samsun</Text>
    </Row>
    <Row Tag="TXT_KEY_CITY_NAME_SAN_ANTONIO">
      <Text>San Antonio</Text>
    </Row>
    <Row Tag="TXT_KEY_CITY_NAME_SAN_DIEGO">
      <Text>San Diego</Text>
    </Row>
    <Row Tag="TXT_KEY_CITY_NAME_SAN_FRANCISCO">
      <Text>San Francisco</Text>
    </Row>
    <Row Tag="TXT_KEY_CITY_NAME_SANAA">
      <Text>Sana'a</Text>
    </Row>
    <Row Tag="TXT_KEY_CITY_NAME_SANTA_CRUZ">
      <Text>Santa Cruz</Text>
    </Row>
    <Row Tag="TXT_KEY_CITY_NAME_SANTA_FE">
      <Text>Santa Fe</Text>
    </Row>
    <Row Tag="TXT_KEY_CITY_NAME_SANTA_MONICA">
      <Text>Santa Monica</Text>
    </Row>
    <Row Tag="TXT_KEY_CITY_NAME_SAPPORO">
      <Text>Sapporo</Text>
    </Row>
    <Row Tag="TXT_KEY_CITY_NAME_SARATOV">
      <Text>Saratov</Text>
    </Row>
    <Row Tag="TXT_KEY_CITY_NAME_SARDIS">
      <Text>Sardis</Text>
    </Row>
    <Row Tag="TXT_KEY_CITY_NAME_SARMATIAN">
      <Text>Sarmatian</Text>
    </Row>
    <Row Tag="TXT_KEY_CITY_NAME_SATICULA">
      <Text>Saticula</Text>
    </Row>
    <Row Tag="TXT_KEY_CITY_NAME_SATRICUM">
      <Text>Satricum</Text>
    </Row>
    <Row Tag="TXT_KEY_CITY_NAME_SATSUMA">
      <Text>Satsuma</Text>
    </Row>
    <Row Tag="TXT_KEY_CITY_NAME_SAVANNAH">
      <Text>Savannah</Text>
    </Row>
    <Row Tag="TXT_KEY_CITY_NAME_SAXON">
      <Text>Saxon</Text>
    </Row>
    <Row Tag="TXT_KEY_CITY_NAME_SCOTLAND">
      <Text>Iskoçya</Text>
    </Row>
    <Row Tag="TXT_KEY_CITY_NAME_SCYTHIAN">
      <Text>Iskit</Text>
    </Row>
    <Row Tag="TXT_KEY_CITY_NAME_SEATTLE">
      <Text>Seattle</Text>
    </Row>
    <Row Tag="TXT_KEY_CITY_NAME_SEBENNYTUS">
      <Text>Sebennytus</Text>
    </Row>
    <Row Tag="TXT_KEY_CITY_NAME_SEMNA">
      <Text>Semna</Text>
    </Row>
    <Row Tag="TXT_KEY_CITY_NAME_SENAGALLICA">
      <Text>Sena Gallica</Text>
    </Row>
    <Row Tag="TXT_KEY_CITY_NAME_SEOUL">
      <Text>Seul</Text>
    </Row>
    <Row Tag="TXT_KEY_CITY_NAME_SERBIA">
      <Text>Sirbistan</Text>
    </Row>
    <Row Tag="TXT_KEY_CITY_NAME_SETIA">
      <Text>Setia</Text>
    </Row>
    <Row Tag="TXT_KEY_CITY_NAME_SHANDONG">
      <Text>Shandong</Text>
    </Row>
    <Row Tag="TXT_KEY_CITY_NAME_SHANGHAI">
      <Text>Sanghay</Text>
    </Row>
    <Row Tag="TXT_KEY_CITY_NAME_SHANGIAN">
      <Text>Shangian</Text>
    </Row>
    <Row Tag="TXT_KEY_CITY_NAME_SHAOGUAN">
      <Text>Shaoguan</Text>
    </Row>
    <Row Tag="TXT_KEY_CITY_NAME_SHEFFIELD">
      <Text>Sheffield</Text>
    </Row>
    <Row Tag="TXT_KEY_CITY_NAME_SHENYANG">
      <Text>Shenyang</Text>
    </Row>
    <Row Tag="TXT_KEY_CITY_NAME_SHIGATSE">
      <Text>Shigatse</Text>
    </Row>
    <Row Tag="TXT_KEY_CITY_NAME_SHIHR">
      <Text>Shihr</Text>
    </Row>
    <Row Tag="TXT_KEY_CITY_NAME_SHIMONOSEKI">
      <Text>Shimonoseki</Text>
    </Row>
    <Row Tag="TXT_KEY_CITY_NAME_SHIRAZ">
      <Text>Siraz</Text>
    </Row>
    <Row Tag="TXT_KEY_CITY_NAME_SICYON">
      <Text>Sicyon</Text>
    </Row>
    <Row Tag="TXT_KEY_CITY_NAME_SIGNIA">
      <Text>Signia</Text>
    </Row>
    <Row Tag="TXT_KEY_CITY_NAME_SILIFKE">
      <Text>Silifke</Text>
    </Row>
    <Row Tag="TXT_KEY_CITY_NAME_SINOP">
      <Text>Sinop</Text>
    </Row>
    <Row Tag="TXT_KEY_CITY_NAME_SIRMIUM">
      <Text>Sirmium</Text>
    </Row>
    <Row Tag="TXT_KEY_CITY_NAME_SIVAS">
      <Text>Sivas</Text>
    </Row>
    <Row Tag="TXT_KEY_CITY_NAME_SMOLENSK">
      <Text>Smolensk</Text>
    </Row>
    <Row Tag="TXT_KEY_CITY_NAME_SOLEB">
      <Text>Soleb</Text>
    </Row>
    <Row Tag="TXT_KEY_CITY_NAME_SOLINGEN">
      <Text>Solingen</Text>
    </Row>
    <Row Tag="TXT_KEY_CITY_NAME_SORA">
      <Text>Sora</Text>
    </Row>
    <Row Tag="TXT_KEY_CITY_NAME_SOUTHAMPTON">
      <Text>Southampton</Text>
    </Row>
    <Row Tag="TXT_KEY_CITY_NAME_SPARTA">
      <Text>Sparta</Text>
    </Row>
    <Row Tag="TXT_KEY_CITY_NAME_SPOKANE">
      <Text>Spokane</Text>
    </Row>
    <Row Tag="TXT_KEY_CITY_NAME_SPRINGFIELD">
      <Text>Springfield</Text>
    </Row>
    <Row Tag="TXT_KEY_CITY_NAME_SRAVASTI">
      <Text>Sravasti</Text>
    </Row>
    <Row Tag="TXT_KEY_CITY_NAME_ST_LOUIS">
      <Text>St. Louis</Text>
    </Row>
    <Row Tag="TXT_KEY_CITY_NAME_STARAYARUSSA">
      <Text>Staraya Russa</Text>
    </Row>
    <Row Tag="TXT_KEY_CITY_NAME_STOCKHOLM">
      <Text>Stockholm</Text>
    </Row>
    <Row Tag="TXT_KEY_CITY_NAME_STPETERSBURG">
      <Text>Petersburg</Text>
    </Row>
    <Row Tag="TXT_KEY_CITY_NAME_STRASBOURG">
      <Text>Strasbourg</Text>
    </Row>
    <Row Tag="TXT_KEY_CITY_NAME_STUTTGART">
      <Text>Stuttgart</Text>
    </Row>
    <Row Tag="TXT_KEY_CITY_NAME_SUESSA">
      <Text>Suessa</Text>
    </Row>
    <Row Tag="TXT_KEY_CITY_NAME_SUHAR">
      <Text>Suhar</Text>
    </Row>
    <Row Tag="TXT_KEY_CITY_NAME_SUO">
      <Text>Suo</Text>
    </Row>
    <Row Tag="TXT_KEY_CITY_NAME_SUSA">
      <Text>Susa</Text>
    </Row>
    <Row Tag="TXT_KEY_CITY_NAME_SUTRIUM">
      <Text>Sutrium</Text>
    </Row>
    <Row Tag="TXT_KEY_CITY_NAME_SUZDAL">
      <Text>Suzdal'</Text>
    </Row>
    <Row Tag="TXT_KEY_CITY_NAME_SUZHOU">
      <Text>Suzhou</Text>
    </Row>
    <Row Tag="TXT_KEY_CITY_NAME_SWEDEN">
      <Text>Isveç</Text>
    </Row>
    <Row Tag="TXT_KEY_CITY_NAME_SWITZERLAND">
      <Text>Isviçre</Text>
    </Row>
    <Row Tag="TXT_KEY_CITY_NAME_SYRACUSE">
      <Text>Syracuse</Text>
    </Row>
    <Row Tag="TXT_KEY_CITY_NAME_TABUK">
      <Text>Tabuk</Text>
    </Row>
    <Row Tag="TXT_KEY_CITY_NAME_TACOMA">
      <Text>Tacoma</Text>
    </Row>
    <Row Tag="TXT_KEY_CITY_NAME_TAIF">
      <Text>Taif</Text>
    </Row>
    <Row Tag="TXT_KEY_CITY_NAME_TAINAN">
      <Text>Tainan</Text>
    </Row>
    <Row Tag="TXT_KEY_CITY_NAME_TAIPEI">
      <Text>Taipei</Text>
    </Row>
    <Row Tag="TXT_KEY_CITY_NAME_TAIYUAN">
      <Text>Taiyuan</Text>
    </Row>
    <Row Tag="TXT_KEY_CITY_NAME_TAKAYAMA">
      <Text>Takayama</Text>
    </Row>
    <Row Tag="TXT_KEY_CITY_NAME_TAMPA_BAY">
      <Text>Tampa Körfezi</Text>
    </Row>
    <Row Tag="TXT_KEY_CITY_NAME_TAMUIN">
      <Text>Tamuin</Text>
    </Row>
    <Row Tag="TXT_KEY_CITY_NAME_TANGIER">
      <Text>Tanca</Text>
    </Row>
    <Row Tag="TXT_KEY_CITY_NAME_TANIS">
      <Text>Tanis</Text>
    </Row>
    <Row Tag="TXT_KEY_CITY_NAME_TARENTUM">
      <Text>Tarentum</Text>
    </Row>
    <Row Tag="TXT_KEY_CITY_NAME_TARSUS">
      <Text>Tarsus</Text>
    </Row>
    <Row Tag="TXT_KEY_CITY_NAME_TARTAR">
      <Text>Tartar</Text>
    </Row>
    <Row Tag="TXT_KEY_CITY_NAME_TASA">
      <Text>Tasa</Text>
    </Row>
    <Row Tag="TXT_KEY_CITY_NAME_TEAYO">
      <Text>Teayo</Text>
    </Row>
    <Row Tag="TXT_KEY_CITY_NAME_TEGEA">
      <Text>Tegea</Text>
    </Row>
    <Row Tag="TXT_KEY_CITY_NAME_TENOCHTITLAN">
      <Text>Tenochtitlan</Text>
    </Row>
    <Row Tag="TXT_KEY_CITY_NAME_TEOIHUACAN">
      <Text>Teoihuacan</Text>
    </Row>
    <Row Tag="TXT_KEY_CITY_NAME_TEOTIHUACAN">
      <Text>Teotihuacan</Text>
    </Row>
    <Row Tag="TXT_KEY_CITY_NAME_TEPETLAOXTOC">
      <Text>Tepetlaoxtoc</Text>
    </Row>
    <Row Tag="TXT_KEY_CITY_NAME_TEPEXPAN">
      <Text>Tepexpan</Text>
    </Row>
    <Row Tag="TXT_KEY_CITY_NAME_TEQUIXQUIAC">
      <Text>Tequixquiac</Text>
    </Row>
    <Row Tag="TXT_KEY_CITY_NAME_TEURNIA">
      <Text>Teurnia</Text>
    </Row>
    <Row Tag="TXT_KEY_CITY_NAME_TEXCOCO">
      <Text>Texcoco</Text>
    </Row>
    <Row Tag="TXT_KEY_CITY_NAME_THANJAVUR">
      <Text>Thanjavur</Text>
    </Row>
    <Row Tag="TXT_KEY_CITY_NAME_THEBES">
      <Text>Thebes</Text>
    </Row>
    <Row Tag="TXT_KEY_CITY_NAME_THIS">
      <Text>Bu</Text>
    </Row>
    <Row Tag="TXT_KEY_CITY_NAME_THRACIAN">
      <Text>Trakyali</Text>
    </Row>
    <Row Tag="TXT_KEY_CITY_NAME_TIANJIN">
      <Text>Tianjin</Text>
    </Row>
    <Row Tag="TXT_KEY_CITY_NAME_TIBET">
      <Text>Tibet</Text>
    </Row>
    <Row Tag="TXT_KEY_CITY_NAME_TIKAL">
      <Text>Tikal</Text>
    </Row>
    <Row Tag="TXT_KEY_CITY_NAME_TIMBUKTU">
      <Text>Timbuktu</Text>
    </Row>
    <Row Tag="TXT_KEY_CITY_NAME_TIRUCHIRAPALLI">
      <Text>Tiruchirapalli</Text>
    </Row>
    <Row Tag="TXT_KEY_CITY_NAME_TLACOPAN">
      <Text>Tlacopan</Text>
    </Row>
    <Row Tag="TXT_KEY_CITY_NAME_TLALMANALCO">
      <Text>Tlalmanalco</Text>
    </Row>
    <Row Tag="TXT_KEY_CITY_NAME_TLAPANALOYA">
      <Text>Tlapanaloya</Text>
    </Row>
    <Row Tag="TXT_KEY_CITY_NAME_TLATELOLCO">
      <Text>Tlatelolco</Text>
    </Row>
    <Row Tag="TXT_KEY_CITY_NAME_TLAXCALA">
      <Text>Tlaxcala</Text>
    </Row>
    <Row Tag="TXT_KEY_CITY_NAME_TOBOLSK">
      <Text>Tobol'sk</Text>
    </Row>
    <Row Tag="TXT_KEY_CITY_NAME_TOKYO">
      <Text>Tokyo</Text>
    </Row>
    <Row Tag="TXT_KEY_CITY_NAME_TOULON">
      <Text>Toulon</Text>
    </Row>
    <Row Tag="TXT_KEY_CITY_NAME_TOULOUSE">
      <Text>Toulouse</Text>
    </Row>
    <Row Tag="TXT_KEY_CITY_NAME_TOURS">
      <Text>Turlar</Text>
    </Row>
    <Row Tag="TXT_KEY_CITY_NAME_TOYAMA">
      <Text>Toyama</Text>
    </Row>
    <Row Tag="TXT_KEY_CITY_NAME_TRABZON">
      <Text>Trabzon</Text>
    </Row>
    <Row Tag="TXT_KEY_CITY_NAME_TRES_ZAPOTES">
      <Text>Tres Zapotes</Text>
    </Row>
    <Row Tag="TXT_KEY_CITY_NAME_TREVERI">
      <Text>Treveri</Text>
    </Row>
    <Row Tag="TXT_KEY_CITY_NAME_TRIPOLI">
      <Text>Trablus</Text>
    </Row>
    <Row Tag="TXT_KEY_CITY_NAME_TULA">
      <Text>Tula</Text>
    </Row>
    <Row Tag="TXT_KEY_CITY_NAME_TULTITAN">
      <Text>Tultitan</Text>
    </Row>
    <Row Tag="TXT_KEY_CITY_NAME_TUNIS">
      <Text>Tunus</Text>
    </Row>
    <Row Tag="TXT_KEY_CITY_NAME_TURENGTEPE">
      <Text>Tureng Tepe</Text>
    </Row>
    <Row Tag="TXT_KEY_CITY_NAME_TVER">
      <Text>Tver'</Text>
    </Row>
    <Row Tag="TXT_KEY_CITY_NAME_TZINTZUNTZEN">
      <Text>Tzintzuntzen</Text>
    </Row>
    <Row Tag="TXT_KEY_CITY_NAME_UIGHUR">
      <Text>Uygur</Text>
    </Row>
    <Row Tag="TXT_KEY_CITY_NAME_UJJAIN">
      <Text>Ujjain</Text>
    </Row>
    <Row Tag="TXT_KEY_CITY_NAME_ULUNDI">
      <Text>Ulundi</Text>
    </Row>
    <Row Tag="TXT_KEY_CITY_NAME_UMGUNGUNDLOVU">
      <Text>Umgungundlovu</Text>
    </Row>
    <Row Tag="TXT_KEY_CITY_NAME_URATYUBE">
      <Text>Ura Tyube</Text>
    </Row>
    <Row Tag="TXT_KEY_CITY_NAME_URFA">
      <Text>Urfa</Text>
    </Row>
    <Row Tag="TXT_KEY_CITY_NAME_UZBEK">
      <Text>Özbekçe</Text>
    </Row>
    <Row Tag="TXT_KEY_CITY_NAME_VAN">
      <Text>Van</Text>
    </Row>
    <Row Tag="TXT_KEY_CITY_NAME_VANDAL">
      <Text>Vandal</Text>
    </Row>
    <Row Tag="TXT_KEY_CITY_NAME_VARANASI">
      <Text>Varanasi</Text>
    </Row>
    <Row Tag="TXT_KEY_CITY_NAME_VELITRAE">
      <Text>Velitrae</Text>
    </Row>
    <Row Tag="TXT_KEY_CITY_NAME_VERONA">
      <Text>Verona</Text>
    </Row>
    <Row Tag="TXT_KEY_CITY_NAME_VIETNAM">
      <Text>Vietnam</Text>
    </Row>
    <Row Tag="TXT_KEY_CITY_NAME_VIJAYANAGARA">
      <Text>Vijayanagara</Text>
    </Row>
    <Row Tag="TXT_KEY_CITY_NAME_VIROCONIUM">
      <Text>Viroconium</Text>
    </Row>
    <Row Tag="TXT_KEY_CITY_NAME_VISIGOTH">
      <Text>Vizigot</Text>
    </Row>
    <Row Tag="TXT_KEY_CITY_NAME_VLADIMIR">
      <Text>Vladimir</Text>
    </Row>
    <Row Tag="TXT_KEY_CITY_NAME_VLADIVOSTOK">
      <Text>Vladivostok</Text>
    </Row>
    <Row Tag="TXT_KEY_CITY_NAME_VOLOGDA">
      <Text>Vologda</Text>
    </Row>
    <Row Tag="TXT_KEY_CITY_NAME_VORONEZH">
      <Text>Voronezh</Text>
    </Row>
    <Row Tag="TXT_KEY_CITY_NAME_WARSAW">
      <Text>Varsova</Text>
    </Row>
    <Row Tag="TXT_KEY_CITY_NAME_WARWICK">
      <Text>Warwick</Text>
    </Row>
    <Row Tag="TXT_KEY_CITY_NAME_WASHINGTON">
      <Text>Washington</Text>
    </Row>
    <Row Tag="TXT_KEY_CITY_NAME_WEIFANG">
      <Text>Weifang</Text>
    </Row>
    <Row Tag="TXT_KEY_CITY_NAME_WIESBADEN">
      <Text>Wiesbaden</Text>
    </Row>
    <Row Tag="TXT_KEY_CITY_NAME_WINCHESTER">
      <Text>Winchester</Text>
    </Row>
    <Row Tag="TXT_KEY_CITY_NAME_WOLFSBURG">
      <Text>Wolfsburg</Text>
    </Row>
    <Row Tag="TXT_KEY_CITY_NAME_WUPPERTAL">
      <Text>Wuppertal</Text>
    </Row>
    <Row Tag="TXT_KEY_CITY_NAME_WURZBURG">
      <Text>Würzburg</Text>
    </Row>
    <Row Tag="TXT_KEY_CITY_NAME_WUXI">
      <Text>Wuxi</Text>
    </Row>
    <Row Tag="TXT_KEY_CITY_NAME_XIAN">
      <Text>Xian</Text>
    </Row>
    <Row Tag="TXT_KEY_CITY_NAME_XIKANG">
      <Text>Xikang</Text>
    </Row>
    <Row Tag="TXT_KEY_CITY_NAME_XINYU">
      <Text>Xinyu</Text>
    </Row>
    <Row Tag="TXT_KEY_CITY_NAME_XINZHENG">
      <Text>Xinzheng</Text>
    </Row>
    <Row Tag="TXT_KEY_CITY_NAME_XOCHICALCO">
      <Text>Xochicalco</Text>
    </Row>
    <Row Tag="TXT_KEY_CITY_NAME_YAKUTSK">
      <Text>Yakutsk</Text>
    </Row>
    <Row Tag="TXT_KEY_CITY_NAME_YAMAMA">
      <Text>Yamama</Text>
    </Row>
    <Row Tag="TXT_KEY_CITY_NAME_YANGJIANG">
      <Text>Yangjiang</Text>
    </Row>
    <Row Tag="TXT_KEY_CITY_NAME_YANGZHOU">
      <Text>Yangzhou</Text>
    </Row>
    <Row Tag="TXT_KEY_CITY_NAME_YAROSLAVI">
      <Text>Yaroslavl'</Text>
    </Row>
    <Row Tag="TXT_KEY_CITY_NAME_YAYOI">
      <Text>Yayoi</Text>
    </Row>
    <Row Tag="TXT_KEY_CITY_NAME_YEKATERINBURG">
      <Text>Yekaterinburg</Text>
    </Row>
    <Row Tag="TXT_KEY_CITY_NAME_YICHANG">
      <Text>Yichang</Text>
    </Row>
    <Row Tag="TXT_KEY_CITY_NAME_YINGTAN">
      <Text>Yingtan</Text>
    </Row>
    <Row Tag="TXT_KEY_CITY_NAME_YOKOHAMA">
      <Text>Yokohama</Text>
    </Row>
    <Row Tag="TXT_KEY_CITY_NAME_YORK">
      <Text>York</Text>
    </Row>
    <Row Tag="TXT_KEY_CITY_NAME_YUECHI">
      <Text>Yue-Chi</Text>
    </Row>
    <Row Tag="TXT_KEY_CITY_NAME_ZAPOTEC">
      <Text>Zapotec</Text>
    </Row>
    <Row Tag="TXT_KEY_CITY_NAME_ZHOU">
      <Text>Zhou</Text>
    </Row>
    <Row Tag="TXT_KEY_CITY_NAME_ZITLALTEPEC">
      <Text>Zitlaltepec</Text>
    </Row>
    <Row Tag="TXT_KEY_CITY_NAME_ZOHAK">
      <Text>Zohak</Text>
    </Row>
    <Row Tag="TXT_KEY_CITY_NAME_ZONGULDAK">
      <Text>Zonguldak</Text>
    </Row>
    <Row Tag="TXT_KEY_CITY_NAME_ZULU">
      <Text>Zulu</Text>
    </Row>
    <Row Tag="TXT_KEY_CITY_NAME_ZURICH">
      <Text>Zürih</Text>
    </Row>
    <Row Tag="TXT_KEY_IROQ_CITY_NAME_AKRON">
      <Text>Akron</Text>
    </Row>
    <Row Tag="TXT_KEY_IROQ_CITY_NAME_AKWESASNE">
      <Text>Akwesasme</Text>
    </Row>
    <Row Tag="TXT_KEY_IROQ_CITY_NAME_BAY_OF_QUINTE">
      <Text>Quinte Körfezi</Text>
    </Row>
    <Row Tag="TXT_KEY_IROQ_CITY_NAME_BRANTFORD">
      <Text>Brantford</Text>
    </Row>
    <Row Tag="TXT_KEY_IROQ_CITY_NAME_BUFFALO">
      <Text>Buffalo</Text>
    </Row>
    <Row Tag="TXT_KEY_IROQ_CITY_NAME_BUFFALO_CREEK">
      <Text>Buffalo Creek</Text>
    </Row>
    <Row Tag="TXT_KEY_IROQ_CITY_NAME_CANAJOHARIE">
      <Text>Canajoharie</Text>
    </Row>
    <Row Tag="TXT_KEY_IROQ_CITY_NAME_CANANDAIGUA_LAKE">
      <Text>Canandaigua Gölü</Text>
    </Row>
    <Row Tag="TXT_KEY_IROQ_CITY_NAME_CAYUGA_CASTLE">
      <Text>Cayuga Kalesi</Text>
    </Row>
    <Row Tag="TXT_KEY_IROQ_CITY_NAME_CHONDOTE">
      <Text>Chondote</Text>
    </Row>
    <Row Tag="TXT_KEY_IROQ_CITY_NAME_CUBA">
      <Text>Küba</Text>
    </Row>
    <Row Tag="TXT_KEY_IROQ_CITY_NAME_GANIENKEH">
      <Text>Ganienkeh</Text>
    </Row>
    <Row Tag="TXT_KEY_IROQ_CITY_NAME_GENESSE_RIVER">
      <Text>Genesse Nehri</Text>
    </Row>
    <Row Tag="TXT_KEY_IROQ_CITY_NAME_GOWANDA">
      <Text>Gowanda</Text>
    </Row>
    <Row Tag="TXT_KEY_IROQ_CITY_NAME_GRAND_RIVER">
      <Text>Grand River</Text>
    </Row>
    <Row Tag="TXT_KEY_IROQ_CITY_NAME_GREEN_BAY">
      <Text>Green Bay</Text>
    </Row>
    <Row Tag="TXT_KEY_IROQ_CITY_NAME_HAHTA">
      <Text>Hahta</Text>
    </Row>
    <Row Tag="TXT_KEY_IROQ_CITY_NAME_KANATSIOKAREKE">
      <Text>Kanatsiokareke</Text>
    </Row>
    <Row Tag="TXT_KEY_IROQ_CITY_NAME_KANAWALE">
      <Text>Kanawale</Text>
    </Row>
    <Row Tag="TXT_KEY_IROQ_CITY_NAME_KANESATAKE">
      <Text>Kanesatake</Text>
    </Row>
    <Row Tag="TXT_KEY_IROQ_CITY_NAME_KANONWALOHALE">
      <Text>Kanonwalohale</Text>
    </Row>
    <Row Tag="TXT_KEY_IROQ_CITY_NAME_LAKE_SIMCOE">
      <Text>Simcoe Gölü</Text>
    </Row>
    <Row Tag="TXT_KEY_IROQ_CITY_NAME_MOHAWK_VALLEY">
      <Text>Mohawk Vadisi</Text>
    </Row>
    <Row Tag="TXT_KEY_IROQ_CITY_NAME_MONTREAL">
      <Text>Montreal</Text>
    </Row>
    <Row Tag="TXT_KEY_IROQ_CITY_NAME_NEDROW">
      <Text>Nedrow</Text>
    </Row>
    <Row Tag="TXT_KEY_IROQ_CITY_NAME_ONEIDA_LAKE">
      <Text>Oneida Gölü</Text>
    </Row>
    <Row Tag="TXT_KEY_IROQ_CITY_NAME_ONONDAGA">
      <Text>Onondaga</Text>
    </Row>
    <Row Tag="TXT_KEY_IROQ_CITY_NAME_OSININKA">
      <Text>Osininka</Text>
    </Row>
    <Row Tag="TXT_KEY_IROQ_CITY_NAME_SALAMANCA">
      <Text>Salamanca</Text>
    </Row>
    <Row Tag="TXT_KEY_IROQ_CITY_NAME_SCHOHARIE">
      <Text>Schoharie</Text>
    </Row>
    <Row Tag="TXT_KEY_IROQ_CITY_NAME_SOUTHWOLD">
      <Text>Southwold</Text>
    </Row>
    <Row Tag="TXT_KEY_IROQ_CITY_NAME_SYRACUSE">
      <Text>Syracuse</Text>
    </Row>
    <Row Tag="TXT_KEY_IROQ_CITY_NAME_TYENDINAGA">
      <Text>Tyendinaga</Text>
    </Row>
    <Row Tag="TXT_KEY_SIAM_CITY_NAME_AYUTTHAYA">
      <Text>Ayutthaya</Text>
    </Row>
    <Row Tag="TXT_KEY_SIAM_CITY_NAME_BAN_PHAI">
      <Text>Ban Phai</Text>
    </Row>
    <Row Tag="TXT_KEY_SIAM_CITY_NAME_CHAINAT">
      <Text>Chainat</Text>
    </Row>
    <Row Tag="TXT_KEY_SIAM_CITY_NAME_CHIANG_THONG">
      <Text>Chiang Thong</Text>
    </Row>
    <Row Tag="TXT_KEY_SIAM_CITY_NAME_HONGSAWADEE">
      <Text>Hongsawadee</Text>
    </Row>
    <Row Tag="TXT_KEY_SIAM_CITY_NAME_KAMPHAENG_PHET">
      <Text>Kamphaeng Phet</Text>
    </Row>
    <Row Tag="TXT_KEY_SIAM_CITY_NAME_KHAN_KAEN">
      <Text>Khan Kaen</Text>
    </Row>
    <Row Tag="TXT_KEY_SIAM_CITY_NAME_LAMPANG">
      <Text>Lampang</Text>
    </Row>
    <Row Tag="TXT_KEY_SIAM_CITY_NAME_LAP_BURI">
      <Text>Lap Buri</Text>
    </Row>
    <Row Tag="TXT_KEY_SIAM_CITY_NAME_LOCI">
      <Text>Loci</Text>
    </Row>
    <Row Tag="TXT_KEY_SIAM_CITY_NAME_LUANG_PRABANG">
      <Text>Luang Prabang</Text>
    </Row>
    <Row Tag="TXT_KEY_SIAM_CITY_NAME_MARTABAN">
      <Text>Martaban</Text>
    </Row>
    <Row Tag="TXT_KEY_SIAM_CITY_NAME_MUANG_SALUANG">
      <Text>Muang Saluang</Text>
    </Row>
    <Row Tag="TXT_KEY_SIAM_CITY_NAME_NAKHON_CHUM">
      <Text>Nakhon Chum</Text>
    </Row>
    <Row Tag="TXT_KEY_SIAM_CITY_NAME_NAKHON_SAWAN">
      <Text>Nakhon Sawan</Text>
    </Row>
    <Row Tag="TXT_KEY_SIAM_CITY_NAME_NAKHON_SI_THAMMARAT">
      <Text>Nakhon Si Thammarat</Text>
    </Row>
    <Row Tag="TXT_KEY_SIAM_CITY_NAME_NAN">
      <Text>Nan</Text>
    </Row>
    <Row Tag="TXT_KEY_SIAM_CITY_NAME_PHITSANULOK">
      <Text>Phitsanulok</Text>
    </Row>
    <Row Tag="TXT_KEY_SIAM_CITY_NAME_PHRAE">
      <Text>Phrae</Text>
    </Row>
    <Row Tag="TXT_KEY_SIAM_CITY_NAME_RATCHASIMA">
      <Text>Ratchasima</Text>
    </Row>
    <Row Tag="TXT_KEY_SIAM_CITY_NAME_SI_SATCHANALAI">
      <Text>Si Satchanalai</Text>
    </Row>
    <Row Tag="TXT_KEY_SIAM_CITY_NAME_SUKHOTHAI">
      <Text>Sukhothai</Text>
    </Row>
    <Row Tag="TXT_KEY_SIAM_CITY_NAME_SUPHANBURI">
      <Text>Suphanburi</Text>
    </Row>
    <Row Tag="TXT_KEY_SIAM_CITY_NAME_SURIN">
      <Text>Surin</Text>
    </Row>
    <Row Tag="TXT_KEY_SIAM_CITY_NAME_TAK">
      <Text>Tak</Text>
    </Row>
    <Row Tag="TXT_KEY_SIAM_CITY_NAME_TAPHAN_HIN">
      <Text>Taphan Hin</Text>
    </Row>
    <Row Tag="TXT_KEY_SIAM_CITY_NAME_THAWAII">
      <Text>Thawaii</Text>
    </Row>
    <Row Tag="TXT_KEY_SIAM_CITY_NAME_UTHAI_THANI">
      <Text>Uthai Thani</Text>
    </Row>
    <Row Tag="TXT_KEY_SIAM_CITY_NAME_UTTARADIT">
      <Text>Uttaradit</Text>
    </Row>
    <Row Tag="TXT_KEY_SIAM_CITY_NAME_VIENTIANE">
      <Text>Vientiane</Text>
    </Row>
    <Row Tag="TXT_KEY_SONG_CITY_NAME_AGADEZ">
      <Text>Agadez</Text>
    </Row>
    <Row Tag="TXT_KEY_SONG_CITY_NAME_ARGUNGU">
      <Text>Argungu</Text>
    </Row>
    <Row Tag="TXT_KEY_SONG_CITY_NAME_AWDAGHOST">
      <Text>Awdaghost</Text>
    </Row>
    <Row Tag="TXT_KEY_SONG_CITY_NAME_BAMAKO">
      <Text>Bamako</Text>
    </Row>
    <Row Tag="TXT_KEY_SONG_CITY_NAME_BAMBA">
      <Text>Bamba</Text>
    </Row>
    <Row Tag="TXT_KEY_SONG_CITY_NAME_BOUSSA">
      <Text>Boussa</Text>
    </Row>
    <Row Tag="TXT_KEY_SONG_CITY_NAME_DAKAR">
      <Text>Dakar</Text>
    </Row>
    <Row Tag="TXT_KEY_SONG_CITY_NAME_DORI">
      <Text>Dori</Text>
    </Row>
    <Row Tag="TXT_KEY_SONG_CITY_NAME_GAO">
      <Text>Gao</Text>
    </Row>
    <Row Tag="TXT_KEY_SONG_CITY_NAME_GWANDU">
      <Text>Gwandu</Text>
    </Row>
    <Row Tag="TXT_KEY_SONG_CITY_NAME_JENNE">
      <Text>Jenne</Text>
    </Row>
    <Row Tag="TXT_KEY_SONG_CITY_NAME_KANO">
      <Text>Kano</Text>
    </Row>
    <Row Tag="TXT_KEY_SONG_CITY_NAME_KAYES">
      <Text>Kayes</Text>
    </Row>
    <Row Tag="TXT_KEY_SONG_CITY_NAME_KEBBI">
      <Text>Kebbi</Text>
    </Row>
    <Row Tag="TXT_KEY_SONG_CITY_NAME_KUKIA">
      <Text>Kukia</Text>
    </Row>
    <Row Tag="TXT_KEY_SONG_CITY_NAME_KUMBI_SALEH">
      <Text>Kumbi Saleh</Text>
    </Row>
    <Row Tag="TXT_KEY_SONG_CITY_NAME_MOPTI">
      <Text>Mopti</Text>
    </Row>
    <Row Tag="TXT_KEY_SONG_CITY_NAME_NIAMEY">
      <Text>Niamey</Text>
    </Row>
    <Row Tag="TXT_KEY_SONG_CITY_NAME_OUADANE">
      <Text>Ouadane</Text>
    </Row>
    <Row Tag="TXT_KEY_SONG_CITY_NAME_OUATAGOUNA">
      <Text>Ouatagouna</Text>
    </Row>
    <Row Tag="TXT_KEY_SONG_CITY_NAME_SEGOU">
      <Text>Segou</Text>
    </Row>
    <Row Tag="TXT_KEY_SONG_CITY_NAME_TADMEKKET">
      <Text>Tadmekket</Text>
    </Row>
    <Row Tag="TXT_KEY_SONG_CITY_NAME_TAGHAZA">
      <Text>Taghaza</Text>
    </Row>
    <Row Tag="TXT_KEY_SONG_CITY_NAME_TEGDAOUST">
      <Text>Tegdaoust</Text>
    </Row>
    <Row Tag="TXT_KEY_SONG_CITY_NAME_TEKEDDA">
      <Text>Tekedda</Text>
    </Row>
    <Row Tag="TXT_KEY_SONG_CITY_NAME_TOMBOUCTU">
      <Text>Tombouctu</Text>
    </Row>
    <Row Tag="TXT_KEY_SONG_CITY_NAME_TONDIBI">
      <Text>Tondibi</Text>
    </Row>
    <Row Tag="TXT_KEY_SONG_CITY_NAME_TORODI">
      <Text>Torodi</Text>
    </Row>
    <Row Tag="TXT_KEY_SONG_CITY_NAME_WA">
      <Text>Wa</Text>
    </Row>
    <Row Tag="TXT_KEY_SONG_CITY_NAME_WALATA">
      <Text>Walata</Text>
    </Row>
    <Row Tag="TXT_KEY_CITY_NAME_TIRYNS">
      <Text>Tiryns</Text>
    </Row>
    <Row Tag="TXT_KEY_CITY_NAME_SAMOS">
      <Text>Samos</Text>
    </Row>
    <Row Tag="TXT_KEY_CITY_NAME_CHIOS">
      <Text>Sakiz Adasi</Text>
    </Row>
    <Row Tag="TXT_KEY_CITY_NAME_PAROS">
      <Text>Paros</Text>
    </Row>
    <Row Tag="TXT_KEY_CITY_NAME_ELIS">
      <Text>Elis</Text>
    </Row>
    <Row Tag="TXT_KEY_CITY_NAME_CHALKIS">
      <Text>Chalkis</Text>
    </Row>
    <Row Tag="TXT_KEY_CITY_NAME_PYLOS">
      <Text>Pylos</Text>
    </Row>
    <Row Tag="TXT_KEY_CITY_NAME_PELLA">
      <Text>Pella</Text>
    </Row>
    <Row Tag="TXT_KEY_CITY_NAME_NAXOS">
      <Text>Naxos</Text>
    </Row>
    <Row Tag="TXT_KEY_CITY_NAME_SMYRNA">
      <Text>Smyrna</Text>
    </Row>
    <Row Tag="TXT_KEY_CITY_NAME_LARISSA">
      <Text>Larissa</Text>
    </Row>
    <Row Tag="TXT_KEY_CITY_NAME_MESSENE">
      <Text>Messene</Text>
    </Row>
    <Row Tag="TXT_KEY_CITY_NAME_ORCHOMENOS">
      <Text>Orchomenos</Text>
    </Row>
    <Row Tag="TXT_KEY_CITY_NAME_AMBRACIA">
      <Text>Ambracia</Text>
    </Row>
    <Row Tag="TXT_KEY_CITY_NAME_KOS">
      <Text>Kos</Text>
    </Row>
    <Row Tag="TXT_KEY_CITY_NAME_KNIDOS">
      <Text>Knidos</Text>
    </Row>
    <Row Tag="TXT_KEY_CITY_NAME_AMPHIPOLIS">
      <Text>Amfipolis</Text>
    </Row>
    <Row Tag="TXT_KEY_CITY_NAME_PATRAS">
      <Text>Patras</Text>
    </Row>
    <Row Tag="TXT_KEY_CITY_NAME_LAMIA">
      <Text>Lamia</Text>
    </Row>
    <Row Tag="TXT_KEY_CITY_NAME_NAFPLION">
      <Text>Nafplion</Text>
    </Row>
    <Row Tag="TXT_KEY_CITY_NAME_REY">
      <Text>Rey</Text>
    </Row>
    <Row Tag="TXT_KEY_CITY_NAME_TUSHPA">
      <Text>Tushpa</Text>
    </Row>
    <Row Tag="TXT_KEY_CITY_NAME_HASANLU">
      <Text>Hasanlu</Text>
    </Row>
    <Row Tag="TXT_KEY_CITY_NAME_GABAE">
      <Text>Gabae</Text>
    </Row>
    <Row Tag="TXT_KEY_CITY_NAME_PESHAWAR">
      <Text>Pesaver</Text>
    </Row>
    <Row Tag="TXT_KEY_CITY_NAME_EKATOMPYLOS">
      <Text>Ekatompylos</Text>
    </Row>
    <Row Tag="TXT_KEY_CITY_NAME_GOTH">
      <Text>Goth</Text>
    </Row>
    <Row Tag="TXT_KEY_CITY_NAME_KHAZAK">
      <Text>Khazak</Text>
    </Row>
  </Language_en_US>
</GameData>