﻿<?xml version="1.0" encoding="utf-8"?>
<!-- edited with XMLSPY v2004 rel. 2 U (http://www.xmlspy.com) by Anton Strenger (Firaxis Games) -->
<!-- Sid Meier's Civilization V -->
<!-- Copyright Firaxis Games 2010 -->
<!-- -->
<!-- Game Text Objects -->
<GameData>
  <Language_en_US>
    <Row Tag="TXT_KEY_SPECIALUNIT_FIGHTER">
      <Text>Savasçilar2</Text>
      <Plurality>2</Plurality>
    </Row>
    <Row Tag="TXT_KEY_SPECIALUNIT_MISSILE">
      <Text>Füzeler2</Text>
      <Plurality>2</Plurality>
    </Row>
    <Row Tag="TXT_KEY_SPECIALUNIT_PEOPLE">
      <Text>Izciler, Kasifler, Misyonerler, Casuslar, Büyük Insanlar</Text>
    </Row>
    <Row Tag="TXT_KEY_UNIT_AMERICAN_B17">
      <Text>B-17 Bombardiman Uçagi</Text>
    </Row>
    <Row Tag="TXT_KEY_UNIT_AMERICAN_MINUTEMAN">
      <Text>Minuteman</Text>
    </Row>
    <Row Tag="TXT_KEY_UNIT_ANTI_AIRCRAFT_GUN">
      <Text>Uçaksavar Silahi: bir</Text>
      <Gender>neuter:an</Gender>
    </Row>
    <Row Tag="TXT_KEY_UNIT_ARABIAN_CAMELARCHER">
      <Text>Deve Okçusu</Text>
    </Row>
    <Row Tag="TXT_KEY_UNIT_ARCHER">
      <Text>Archerneuter:an</Text>
      <Gender>neuter:an</Gender>
    </Row>
    <Row Tag="TXT_KEY_UNIT_ARTILLERY">
      <Text>Topçubasi: bir</Text>
      <Gender>neuter:an</Gender>
    </Row>
    <Row Tag="TXT_KEY_UNIT_AT_GUN">
      <Text>Tanksavar Silahi: bir</Text>
      <Gender>neuter:an</Gender>
    </Row>
    <Row Tag="TXT_KEY_UNIT_ATOMIC_BOMB">
      <Text>Atom Bombasi</Text>
      <Gender>neuter:an</Gender>
    </Row>
    <Row Tag="TXT_KEY_UNIT_AZTEC_JAGUAR">
      <Text>Jaguar</Text>
    </Row>
    <Row Tag="TXT_KEY_UNIT_BATTLESHIP">
      <Text>Savas Gemisi</Text>
    </Row>
    <Row Tag="TXT_KEY_UNIT_BOMBER">
      <Text>Bombaci</Text>
    </Row>
    <Row Tag="TXT_KEY_UNIT_CANNON">
      <Text>Cannon</Text>
    </Row>
    <Row Tag="TXT_KEY_UNIT_CARAVEL">
      <Text>Caravel</Text>
    </Row>
    <Row Tag="TXT_KEY_UNIT_CARRIER">
      <Text>Tasiyici</Text>
    </Row>
    <Row Tag="TXT_KEY_UNIT_CATAPULT">
      <Text>Mancinik</Text>
    </Row>
    <Row Tag="TXT_KEY_UNIT_CAVALRY">
      <Text>Süvari</Text>
    </Row>
    <Row Tag="TXT_KEY_UNIT_CHARIOT_ARCHER">
      <Text>Savas Arabasi Okçusu</Text>
    </Row>
    <Row Tag="TXT_KEY_UNIT_CHINESE_CHUKONU">
      <Text>Chu-Ko-Nu</Text>
    </Row>
    <Row Tag="TXT_KEY_UNIT_CROSSBOWMAN">
      <Text>Arbaletçi</Text>
    </Row>
    <Row Tag="TXT_KEY_UNIT_DESTROYER">
      <Text>Destroyer</Text>
    </Row>
    <Row Tag="TXT_KEY_UNIT_EGYPT_WARCHARIOT">
      <Text>Savas Arabasi</Text>
    </Row>
    <Row Tag="TXT_KEY_UNIT_ENGLISH_LONGBOWMAN">
      <Text>Longbowman</Text>
    </Row>
    <Row Tag="TXT_KEY_UNIT_ENGLISH_SHIPOFTHELINE">
      <Text>Hattin Gemisi</Text>
    </Row>
    <Row Tag="TXT_KEY_UNIT_FIGHTER">
      <Text>Savasçi</Text>
    </Row>
    <Row Tag="TXT_KEY_UNIT_FRENCH_FOREIGNLEGION">
      <Text>Yabanci Lejyon</Text>
    </Row>
    <Row Tag="TXT_KEY_UNIT_FRENCH_MUSKETEER">
      <Text>Silahsör</Text>
    </Row>
    <Row Tag="TXT_KEY_UNIT_FRIGATE">
      <Text>Firkateyn</Text>
    </Row>
    <Row Tag="TXT_KEY_UNIT_GALLEY">
      <Text>Kadirga</Text>
    </Row>
    <Row Tag="TXT_KEY_UNIT_GERMAN_LANDSKNECHT">
      <Text>Landsknecht</Text>
    </Row>
    <Row Tag="TXT_KEY_UNIT_GERMAN_PANZER">
      <Text>Panzer</Text>
    </Row>
    <Row Tag="TXT_KEY_UNIT_GREAT_ARTIST">
      <Text>Büyük Sanatçi</Text>
    </Row>
    <Row Tag="TXT_KEY_UNIT_GREAT_ENGINEER">
      <Text>Büyük Mühendis</Text>
    </Row>
    <Row Tag="TXT_KEY_UNIT_GREAT_GENERAL">
      <Text>Büyük General</Text>
    </Row>
    <Row Tag="TXT_KEY_UNIT_GREAT_MERCHANT">
      <Text>Büyük Tüccar</Text>
    </Row>
    <Row Tag="TXT_KEY_UNIT_GREAT_SCIENTIST">
      <Text>Büyük Bilim Insani</Text>
    </Row>
    <Row Tag="TXT_KEY_UNIT_GREEK_COMPANIONCAVALRY">
      <Text>Yoldas Süvari2</Text>
      <Plurality>2</Plurality>
    </Row>
    <Row Tag="TXT_KEY_UNIT_GREEK_HOPLITE">
      <Text>Hoplite</Text>
    </Row>
    <Row Tag="TXT_KEY_UNIT_GUIDED_MISSILE">
      <Text>Güdümlü Füze</Text>
    </Row>
    <Row Tag="TXT_KEY_UNIT_HELICOPTER_GUNSHIP">
      <Text>Helikopter Savas Gemisi</Text>
    </Row>
    <Row Tag="TXT_KEY_UNIT_HORSEMAN">
      <Text>Atli</Text>
    </Row>
    <Row Tag="TXT_KEY_UNIT_INDIAN_WARELEPHANT">
      <Text>Savas Fili</Text>
    </Row>
    <Row Tag="TXT_KEY_UNIT_INFANTRY">
      <Text>PiyadeNöbetçi:an2</Text>
      <Gender>neuter:an</Gender>
      <Plurality>2</Plurality>
    </Row>
    <Row Tag="TXT_KEY_UNIT_IRONCLAD">
      <Text>Ironcladneuter:an</Text>
      <Gender>neuter:an</Gender>
    </Row>
    <Row Tag="TXT_KEY_UNIT_IROQUOIAN_MOHAWKWARRIOR">
      <Text>Mohawk Savasçisi</Text>
    </Row>
    <Row Tag="TXT_KEY_UNIT_JAPANESE_SAMURAI">
      <Text>Samuray</Text>
    </Row>
    <Row Tag="TXT_KEY_UNIT_JAPANESE_ZERO">
      <Text>Sifir</Text>
    </Row>
    <Row Tag="TXT_KEY_UNIT_JET_FIGHTER">
      <Text>Jet Savasçisi</Text>
    </Row>
    <Row Tag="TXT_KEY_UNIT_KNIGHT">
      <Text>Sövalye</Text>
    </Row>
    <Row Tag="TXT_KEY_UNIT_LANCER">
      <Text>Lancer</Text>
    </Row>
    <Row Tag="TXT_KEY_UNIT_LONGSWORDSMAN">
      <Text>Uzun Kiliç Ustasi</Text>
    </Row>
    <Row Tag="TXT_KEY_UNIT_MECH">
      <Text>Dev Ölüm Robotu</Text>
    </Row>
    <Row Tag="TXT_KEY_UNIT_MECHANIZED_INFANTRY">
      <Text>Mekanize Piyade2</Text>
      <Plurality>2</Plurality>
    </Row>
    <Row Tag="TXT_KEY_UNIT_MISSILE_CRUISER">
      <Text>Füze Kruvazörü</Text>
    </Row>
    <Row Tag="TXT_KEY_UNIT_MOBILE_SAM">
      <Text>Mobil SAM</Text>
    </Row>
    <Row Tag="TXT_KEY_UNIT_MODERN_ARMOR">
      <Text>Modern Zirh</Text>
    </Row>
    <Row Tag="TXT_KEY_UNIT_MUSKETMAN">
      <Text>Silahsör</Text>
    </Row>
    <Row Tag="TXT_KEY_UNIT_NUCLEAR_MISSILE">
      <Text>Nükleer Füze</Text>
    </Row>
    <Row Tag="TXT_KEY_UNIT_NUCLEAR_SUBMARINE">
      <Text>Nükleer Denizalti</Text>
    </Row>
    <Row Tag="TXT_KEY_UNIT_OTTOMAN_JANISSARY">
      <Text>Yeniçeri</Text>
    </Row>
    <Row Tag="TXT_KEY_UNIT_OTTOMAN_SIPAHI">
      <Text>Sipahi</Text>
    </Row>
    <Row Tag="TXT_KEY_UNIT_PARATROOPER">
      <Text>Parasütçü</Text>
    </Row>
    <Row Tag="TXT_KEY_UNIT_PERSIAN_IMMORTAL">
      <Text>Ölümsüznötr:bir</Text>
      <Gender>neuter:an</Gender>
    </Row>
    <Row Tag="TXT_KEY_UNIT_PIKEMAN">
      <Text>Pikeman</Text>
    </Row>
    <Row Tag="TXT_KEY_UNIT_RIFLEMAN">
      <Text>Tüfekçi</Text>
    </Row>
    <Row Tag="TXT_KEY_UNIT_ROCKET_ARTILLERY">
      <Text>Roket Toplari</Text>
    </Row>
    <Row Tag="TXT_KEY_UNIT_ROMAN_BALLISTA">
      <Text>Balista</Text>
    </Row>
    <Row Tag="TXT_KEY_UNIT_ROMAN_LEGION">
      <Text>Lejyon</Text>
    </Row>
    <Row Tag="TXT_KEY_UNIT_RUSSIAN_COSSACK">
      <Text>Kazak</Text>
    </Row>
    <Row Tag="TXT_KEY_UNIT_SCOUT">
      <Text>Izci</Text>
    </Row>
    <Row Tag="TXT_KEY_UNIT_SETTLER">
      <Text>Yerlesimci</Text>
    </Row>
    <Row Tag="TXT_KEY_UNIT_SIAMESE_WARELEPHANT">
      <Text>Naresuan'in Fili</Text>
    </Row>
    <Row Tag="TXT_KEY_UNIT_SONGHAI_MUSLIMCAVALRY">
      <Text>Mandekalu Süvarileri</Text>
    </Row>
    <Row Tag="TXT_KEY_UNIT_SPEARMAN">
      <Text>Spearman</Text>
    </Row>
    <Row Tag="TXT_KEY_UNIT_STEALTH_BOMBER">
      <Text>Gizli Bombaci</Text>
    </Row>
    <Row Tag="TXT_KEY_UNIT_SUBMARINE">
      <Text>Denizalti</Text>
    </Row>
    <Row Tag="TXT_KEY_UNIT_SWORDSMAN">
      <Text>Kiliç Ustasi</Text>
    </Row>
    <Row Tag="TXT_KEY_UNIT_TANK">
      <Text>Tank</Text>
    </Row>
    <Row Tag="TXT_KEY_UNIT_TREBUCHET">
      <Text>Trebuchet</Text>
    </Row>
    <Row Tag="TXT_KEY_UNIT_TRIREME">
      <Text>Trireme</Text>
    </Row>
    <Row Tag="TXT_KEY_UNIT_WARRIOR">
      <Text>Savasçi</Text>
    </Row>
    <Row Tag="TXT_KEY_UNIT_BRUTE">
      <Text>Brute</Text>
    </Row>
    <Row Tag="TXT_KEY_UNIT_WORK_BOAT">
      <Text>Is Teknesi</Text>
    </Row>
    <Row Tag="TXT_KEY_UNIT_WORKER">
      <Text>Isçi</Text>
    </Row>
    <Row Tag="TXT_KEY_UNITCOMBAT_FIGHTER">
      <Text>Avci Birimleri2</Text>
      <Plurality>2</Plurality>
    </Row>
    <Row Tag="TXT_KEY_UNITCOMBAT_BOMBER">
      <Text>Bombardiman Birimleri2</Text>
      <Plurality>2</Plurality>
    </Row>
    <Row Tag="TXT_KEY_UNITCOMBAT_ARMOR">
      <Text>Zirhli Birimlerneuter:an2</Text>
      <Gender>neuter:an</Gender>
      <Plurality>2</Plurality>
    </Row>
    <Row Tag="TXT_KEY_UNITCOMBAT_MOUNTED">
      <Text>Monteli Üniteler2</Text>
      <Plurality>2</Plurality>
    </Row>
    <Row Tag="TXT_KEY_UNITCOMBAT_NAVAL">
      <Text>Deniz Birimleri2</Text>
      <Plurality>2</Plurality>
    </Row>
    <Row Tag="TXT_KEY_UNITCOMBAT_SIEGE">
      <Text>Kusatma Silahlari2</Text>
      <Plurality>2</Plurality>
    </Row>
    <!-- Promotions -->
    <Row Tag="TXT_KEY_PROMOTION_EMBARKATION">
      <Text>Gemiye binis</Text>
    </Row>
    <Row Tag="TXT_KEY_PROMOTION_EMBARKATION_HELP">
      <Text>[COLOR_POSITIVE_TEXT]Su Karolarina[ENDCOLOR] binebilir. Düsman tarafindan kareye girilirse gemiye alinan birimler yok edilir.</Text>
    </Row>
    <Row Tag="TXT_KEY_PROMOTION_DEFENSIVE_EMBARKATION">
      <Text>Savunma ile Gemiye Binis</Text>
    </Row>
    <Row Tag="TXT_KEY_PROMOTION_DEFENSIVE_EMBARKATION_HELP">
      <Text>[COLOR_POSITIVE_TEXT]Su Karolarina[ENDCOLOR] çikabilir. Gemiye binen birimler savunma yapabilir.</Text>
    </Row>
    <Row Tag="TXT_KEY_PROMOTION_ALLWATER_EMBARKATION">
      <Text>Okyanus Hareketi ile Gemiye Binis</Text>
    </Row>
    <Row Tag="TXT_KEY_PROMOTION_ALLWATER_EMBARKATION_HELP">
      <Text>[COLOR_POSITIVE_TEXT]Su Karolarina[ENDCOLOR] binebilir. Gemiye binen birimler Okyanusa girebilir ve +1 Görüse sahip olabilir.</Text>
    </Row>
    <Row Tag="TXT_KEY_PROMOTION_HEAL_INSTANTLY">
      <Text>Aninda Iyilesin</Text>
    </Row>
    <Row Tag="TXT_KEY_PROMOTION_HEAL_INSTANTLY_HELP">
      <Text>[COLOR_POSITIVE_TEXT]Bu Birimi[ENDCOLOR] tamamen iyilestirin. Bunu yapmak [COLOR_POSITIVE_TEXT]Bir Terfi seçmek için bu Firsati[ENDCOLOR] tüketecektir.</Text>
    </Row>
    <Row Tag="TXT_KEY_PROMOTION_SHOCK_1">
      <Text>Sok I</Text>
    </Row>
    <Row Tag="TXT_KEY_PROMOTION_SHOCK_1_HELP">
      <Text>[COLOR_POSITIVE_TEXT]ACIK[ENDCOLOR] Arazide savasirken +%20 [ICON_STRENGTH] Savas Gücü. (Tepe, Orman veya Orman Yok).</Text>
    </Row>
    <Row Tag="TXT_KEY_PROMOTION_SHOCK_2">
      <Text>Sok II</Text>
    </Row>
    <Row Tag="TXT_KEY_PROMOTION_SHOCK_2_HELP">
      <Text>[COLOR_POSITIVE_TEXT]ACIK[ENDCOLOR] Arazide savasirken +%20 [ICON_STRENGTH] Savas Gücü. (Tepe, Orman veya Orman Yok).</Text>
    </Row>
    <Row Tag="TXT_KEY_PROMOTION_SHOCK_3">
      <Text>Sok III</Text>
    </Row>
    <Row Tag="TXT_KEY_PROMOTION_SHOCK_3_HELP">
      <Text>[COLOR_POSITIVE_TEXT]ACIK[ENDCOLOR] Arazide savasirken +%25 [ICON_STRENGTH] Savas Gücü. (Tepe, Orman veya Orman Yok).</Text>
    </Row>
    <Row Tag="TXT_KEY_PROMOTION_DRILL_1">
      <Text>Matkap I</Text>
    </Row>
    <Row Tag="TXT_KEY_PROMOTION_DRILL_1_HELP">
      <Text>[COLOR_POSITIVE_TEXT]SERT[ENDCOLOR] Arazide savasirken +%20 [ICON_STRENGTH] Savas Gücü. (Tepeler, Orman veya Orman).</Text>
    </Row>
    <Row Tag="TXT_KEY_PROMOTION_DRILL_2">
      <Text>Matkap II</Text>
    </Row>
    <Row Tag="TXT_KEY_PROMOTION_DRILL_2_HELP">
      <Text>[COLOR_POSITIVE_TEXT]SERT[ENDCOLOR] Arazide savasirken +%20 [ICON_STRENGTH] Savas Gücü. (Tepeler, Orman veya Orman).</Text>
    </Row>
    <Row Tag="TXT_KEY_PROMOTION_DRILL_3">
      <Text>Matkap III</Text>
    </Row>
    <Row Tag="TXT_KEY_PROMOTION_DRILL_3_HELP">
      <Text>[COLOR_POSITIVE_TEXT]SERT[ENDCOLOR] Arazide savasirken +%25 [ICON_STRENGTH] Savas Gücü. (Tepeler, Orman veya Orman).</Text>
    </Row>
    <Row Tag="TXT_KEY_PROMOTION_ACCURACY_1">
      <Text>Dogruluk I</Text>
    </Row>
    <Row Tag="TXT_KEY_PROMOTION_ACCURACY_1_HELP">
      <Text>[COLOR_POSITIVE_TEXT]ACIK[ENDCOLOR] Arazideki Birimlere karsi +%20 [ICON_RANGE_STRENGTH] Menzilli Savas Gücü. (Tepe, Orman veya Orman Yok).</Text>
    </Row>
    <Row Tag="TXT_KEY_PROMOTION_ACCURACY_2">
      <Text>Dogruluk II</Text>
    </Row>
    <Row Tag="TXT_KEY_PROMOTION_ACCURACY_2_HELP">
      <Text>[COLOR_POSITIVE_TEXT]ACIK[ENDCOLOR] Arazideki Birimlere karsi +%20 [ICON_RANGE_STRENGTH] Menzilli Savas Gücü. (Tepe, Orman veya Orman Yok).</Text>
    </Row>
    <Row Tag="TXT_KEY_PROMOTION_ACCURACY_3">
      <Text>Dogruluk III</Text>
    </Row>
    <Row Tag="TXT_KEY_PROMOTION_ACCURACY_3_HELP">
      <Text>[COLOR_POSITIVE_TEXT]ACIK[ENDCOLOR] Arazideki Birimlere karsi +%25 [ICON_RANGE_STRENGTH] Menzilli Savas Gücü. (Tepe, Orman veya Orman Yok).</Text>
    </Row>
    <Row Tag="TXT_KEY_PROMOTION_BARRAGE_1">
      <Text>Baraj I</Text>
    </Row>
    <Row Tag="TXT_KEY_PROMOTION_BARRAGE_1_HELP">
      <Text>[COLOR_POSITIVE_TEXT]KABA[ENDCOLOR] Arazideki Birimlere karsi +%25 [ICON_RANGE_STRENGTH] Menzilli Savas Gücü. (Tepeler, Orman veya Orman).</Text>
    </Row>
    <Row Tag="TXT_KEY_PROMOTION_BARRAGE_2">
      <Text>Baraj II</Text>
    </Row>
    <Row Tag="TXT_KEY_PROMOTION_BARRAGE_2_HELP">
      <Text>[COLOR_POSITIVE_TEXT]KABA[ENDCOLOR] Arazideki Birimlere karsi +%25 [ICON_RANGE_STRENGTH] Menzilli Savas Gücü. (Tepeler, Orman veya Orman).</Text>
    </Row>
    <Row Tag="TXT_KEY_PROMOTION_BARRAGE_3">
      <Text>Baraj III</Text>
    </Row>
    <Row Tag="TXT_KEY_PROMOTION_BARRAGE_3_HELP">
      <Text>[COLOR_POSITIVE_TEXT]KABA[ENDCOLOR] Arazideki Birimlere karsi +%25 [ICON_RANGE_STRENGTH] Menzilli Savas Gücü. (Tepeler, Orman veya Orman).</Text>
    </Row>
    <Row Tag="TXT_KEY_PROMOTION_TARGETING_1">
      <Text>Hedefleme I</Text>
    </Row>
    <Row Tag="TXT_KEY_PROMOTION_TARGETING_1_HELP">
      <Text>[COLOR_POSITIVE_TEXT]Deniz Birimlerine[ENDCOLOR] karsi +%20 [ICON_STRENGTH] Savas Gücü.</Text>
    </Row>
    <Row Tag="TXT_KEY_PROMOTION_TARGETING_2">
      <Text>Hedefleme II</Text>
    </Row>
    <Row Tag="TXT_KEY_PROMOTION_TARGETING_2_HELP">
      <Text>[COLOR_POSITIVE_TEXT]Deniz Birimlerine[ENDCOLOR] karsi +%20 [ICON_STRENGTH] Savas Gücü.</Text>
    </Row>
    <Row Tag="TXT_KEY_PROMOTION_TARGETING_3">
      <Text>Hedefleme III</Text>
    </Row>
    <Row Tag="TXT_KEY_PROMOTION_TARGETING_3_HELP">
      <Text>[COLOR_POSITIVE_TEXT]Deniz Birimlerine[ENDCOLOR] karsi +%20 [ICON_STRENGTH] Savas Gücü.</Text>
    </Row>
    <Row Tag="TXT_KEY_PROMOTION_SIEGE">
      <Text>Kusatma</Text>
    </Row>
    <Row Tag="TXT_KEY_PROMOTION_SIEGE_HELP">
      <Text>+25% [ICON_STRENGTH] Savas Gücü VS [COLOR_POSITIVE_TEXT]Sehirler[ENDCOLOR].</Text>
    </Row>
    <Row Tag="TXT_KEY_PROMOTION_SENTRY">
      <Text>Nöbetçi</Text>
    </Row>
    <Row Tag="TXT_KEY_PROMOTION_SENTRY_HELP">
      <Text>+1 Görünürlük Araligi.</Text>
    </Row>
    <Row Tag="TXT_KEY_PROMOTION_MEDIC">
      <Text>Medic</Text>
    </Row>
    <Row Tag="TXT_KEY_PROMOTION_MEDIC_HELP">
      <Text>Bitisik karelerdeki tüm birimler [COLOR_POSITIVE_TEXT]Her turda 1 Ilave HP[ENDCOLOR] iyilestirir.</Text>
    </Row>
    <Row Tag="TXT_KEY_PROMOTION_AMPHIBIOUS">
      <Text>Amfibi</Text>
    </Row>
    <Row Tag="TXT_KEY_PROMOTION_AMPHIBIOUS_HELP">
      <Text>Denizden veya nehir üzerinden yapilan saldirilarda savas cezasi kaldirilir.</Text>
    </Row>
    <Row Tag="TXT_KEY_PROMOTION_CHARGE">
      <Text>Ücretlendirme</Text>
    </Row>
    <Row Tag="TXT_KEY_PROMOTION_CHARGE_HELP">
      <Text>+25% [ICON_STRENGTH] Savas Gücü VS [COLOR_POSITIVE_TEXT]Yarali Birimler[ENDCOLOR].</Text>
    </Row>
    <Row Tag="TXT_KEY_PROMOTION_VOLLEY">
      <Text>Voleybol</Text>
    </Row>
    <Row Tag="TXT_KEY_PROMOTION_VOLLEY_HELP">
      <Text>+25% [ICON_STRENGTH] Savas Gücü [COLOR_POSITIVE_TEXT]Güçlendirilmis Birimlere Karsi [ENDCOLOR].</Text>
    </Row>
    <Row Tag="TXT_KEY_PROMOTION_COVER_1">
      <Text>Kapak I</Text>
    </Row>
    <Row Tag="TXT_KEY_PROMOTION_COVER_1_HELP">
      <Text>Tüm [COLOR_POSITIVE_TEXT]Menzilli Saldirilara[ENDCOLOR] karsi +25% [COLOR_POSITIVE_TEXT]Savunma[ENDCOLOR].</Text>
    </Row>
    <Row Tag="TXT_KEY_PROMOTION_COVER_2">
      <Text>Kapak II</Text>
    </Row>
    <Row Tag="TXT_KEY_PROMOTION_COVER_2_HELP">
      <Text>Tüm [COLOR_POSITIVE_TEXT]Menzilli Saldirilara[ENDCOLOR] karsi +25% [COLOR_POSITIVE_TEXT]Savunma[ENDCOLOR].</Text>
    </Row>
    <Row Tag="TXT_KEY_PROMOTION_FORMATION_1">
      <Text>Olusum I</Text>
    </Row>
    <Row Tag="TXT_KEY_PROMOTION_FORMATION_1_HELP">
      <Text>[COLOR_POSITIVE_TEXT]Atli[ENDCOLOR] birimlere karsi +25% [ICON_STRENGTH] Savas Gücü.</Text>
    </Row>
    <Row Tag="TXT_KEY_PROMOTION_FORMATION_2">
      <Text>Olusum II</Text>
    </Row>
    <Row Tag="TXT_KEY_PROMOTION_FORMATION_2_HELP">
      <Text>[COLOR_POSITIVE_TEXT]Atli[ENDCOLOR] birimlere karsi +25% [ICON_STRENGTH] Savas Gücü.</Text>
    </Row>
    <Row Tag="TXT_KEY_PROMOTION_AMBUSH_1">
      <Text>Pusu I</Text>
    </Row>
    <Row Tag="TXT_KEY_PROMOTION_AMBUSH_1_HELP">
      <Text>[COLOR_POSITIVE_TEXT]Zirh[ENDCOLOR] birimlerine karsi +25% [ICON_STRENGTH] Savas Gücü.</Text>
    </Row>
    <Row Tag="TXT_KEY_PROMOTION_AMBUSH_2">
      <Text>Pusu II</Text>
    </Row>
    <Row Tag="TXT_KEY_PROMOTION_AMBUSH_2_HELP">
      <Text>[COLOR_POSITIVE_TEXT]Zirh[ENDCOLOR] birimlerine karsi +25% [ICON_STRENGTH] Savas Gücü.</Text>
    </Row>
    <Row Tag="TXT_KEY_PROMOTION_MARCH">
      <Text>Mart</Text>
    </Row>
    <Row Tag="TXT_KEY_PROMOTION_MARCH_HELP">
      <Text>Birim, bir eylem gerçeklestirse bile [COLOR_POSITIVE_TEXT]Her Dönüste Iyilesir[ENDCOLOR].</Text>
    </Row>
    <Row Tag="TXT_KEY_PROMOTION_BLITZ">
      <Text>Blitz</Text>
    </Row>
    <Row Tag="TXT_KEY_PROMOTION_BLITZ_HELP">
      <Text>Birim her turda [COLOR_POSITIVE_TEXT] Birden Fazla Kez [ENDCOLOR] Saldirabilir.</Text>
    </Row>
    <Row Tag="TXT_KEY_PROMOTION_WOODSMAN">
      <Text>Woodsman</Text>
    </Row>
    <Row Tag="TXT_KEY_PROMOTION_WOODSMAN_HELP">
      <Text>Iki kat hareket hizi [COLOR_POSITIVE_TEXT] Orman ve Ormanda [ENDCOLOR].</Text>
    </Row>
    <Row Tag="TXT_KEY_PROMOTION_LOGISTICS">
      <Text>Lojistik</Text>
    </Row>
    <Row Tag="TXT_KEY_PROMOTION_LOGISTICS_HELP">
      <Text>Her turda 1 ek saldiri.</Text>
    </Row>
    <Row Tag="TXT_KEY_PROMOTION_RANGE">
      <Text>Menzil</Text>
    </Row>
    <Row Tag="TXT_KEY_PROMOTION_RANGE_HELP">
      <Text>+1 Menzil.</Text>
    </Row>
    <Row Tag="TXT_KEY_PROMOTION_INDIRECT_FIRE">
      <Text>Dolayli Ates</Text>
    </Row>
    <Row Tag="TXT_KEY_PROMOTION_INDIRECT_FIRE_HELP">
      <Text>Menzilli saldirilar engellerin üzerinden gerçeklestirilebilir (diger dost birimler hedefi görebildigi sürece).</Text>
    </Row>
    <Row Tag="TXT_KEY_PROMOTION_MOBILITY">
      <Text>Hareketlilik</Text>
    </Row>
    <Row Tag="TXT_KEY_PROMOTION_MOBILITY_HELP">
      <Text>+1 Hareket.</Text>
    </Row>
    <Row Tag="TXT_KEY_PROMOTION_SUPPLY">
      <Text>Tedarik</Text>
    </Row>
    <Row Tag="TXT_KEY_PROMOTION_SUPPLY_HELP">
      <Text>Hasar iyilestirebilir [COLOR_POSITIVE_TEXT]Dost Bölge Disinda[ENDCOLOR]. Her turda 2 HP iyilestirilir.</Text>
    </Row>
    <Row Tag="TXT_KEY_PROMOTION_INTERCEPTION_1">
      <Text>Durdurma I</Text>
    </Row>
    <Row Tag="TXT_KEY_PROMOTION_INTERCEPTION_1_HELP">
      <Text>Düsman uçaklarini durdururken +%25 [ICON_STRENGTH] Savas Gücü.</Text>
    </Row>
    <Row Tag="TXT_KEY_PROMOTION_INTERCEPTION_2">
      <Text>Durdurma II</Text>
    </Row>
    <Row Tag="TXT_KEY_PROMOTION_INTERCEPTION_2_HELP">
      <Text>Düsman uçaklarini durdururken +%25 [ICON_STRENGTH] Savas Gücü.</Text>
    </Row>
    <Row Tag="TXT_KEY_PROMOTION_INTERCEPTION_3">
      <Text>Durdurma III</Text>
    </Row>
    <Row Tag="TXT_KEY_PROMOTION_INTERCEPTION_3_HELP">
      <Text>[COLOR_POSITIVE_TEXT]Düsman uçaklarini durdururken [ENDCOLOR] +%25 [ICON_STRENGTH] Savas Gücü.</Text>
    </Row>
    <Row Tag="TXT_KEY_PROMOTION_DOGFIGHTING_1">
      <Text>It Dalasi I</Text>
    </Row>
    <Row Tag="TXT_KEY_PROMOTION_DOGFIGHTING_1_HELP">
      <Text>Bir [COLOR_POSITIVE_TEXT]Hava Süpürmesi[ENDCOLOR] gerçeklestirirken +%25 [ICON_STRENGTH] Savas Gücü.</Text>
    </Row>
    <Row Tag="TXT_KEY_PROMOTION_DOGFIGHTING_2">
      <Text>It Dalasi II</Text>
    </Row>
    <Row Tag="TXT_KEY_PROMOTION_DOGFIGHTING_2_HELP">
      <Text>Bir [COLOR_POSITIVE_TEXT]Hava Süpürmesi[ENDCOLOR] gerçeklestirirken +%25 [ICON_STRENGTH] Savas Gücü.</Text>
    </Row>
    <Row Tag="TXT_KEY_PROMOTION_DOGFIGHTING_3">
      <Text>It Dalasi III</Text>
    </Row>
    <Row Tag="TXT_KEY_PROMOTION_DOGFIGHTING_3_HELP">
      <Text>Bir [COLOR_POSITIVE_TEXT]Hava Süpürmesi[ENDCOLOR] gerçeklestirirken +%25 [ICON_STRENGTH] Savas Gücü.</Text>
    </Row>
    <Row Tag="TXT_KEY_PROMOTION_AIR_SIEGE_1">
      <Text>Kusatma I</Text>
    </Row>
    <Row Tag="TXT_KEY_PROMOTION_AIR_SIEGE_1_HELP">
      <Text>+25% [ICON_STRENGTH] Savas Gücü VS [COLOR_POSITIVE_TEXT]Sehirler[ENDCOLOR].</Text>
    </Row>
    <Row Tag="TXT_KEY_PROMOTION_AIR_SIEGE_2">
      <Text>Kusatma II</Text>
    </Row>
    <Row Tag="TXT_KEY_PROMOTION_AIR_SIEGE_2_HELP">
      <Text>+25% [ICON_STRENGTH] Savas Gücü VS [COLOR_POSITIVE_TEXT]Sehirler[ENDCOLOR].</Text>
    </Row>
    <Row Tag="TXT_KEY_PROMOTION_AIR_SIEGE_3">
      <Text>Kusatma III</Text>
    </Row>
    <Row Tag="TXT_KEY_PROMOTION_AIR_SIEGE_3_HELP">
      <Text>+25% [ICON_STRENGTH] Savas Gücü VS [COLOR_POSITIVE_TEXT]Sehirler[ENDCOLOR].</Text>
    </Row>
    <Row Tag="TXT_KEY_PROMOTION_BOMBARDMENT_1">
      <Text>Bombardiman I</Text>
    </Row>
    <Row Tag="TXT_KEY_PROMOTION_BOMBARDMENT_1_HELP">
      <Text>[COLOR_POSITIVE_TEXT]Kara Birimlerine[ENDCOLOR] karsi +%20 [ICON_STRENGTH] Savas Gücü.</Text>
    </Row>
    <Row Tag="TXT_KEY_PROMOTION_BOMBARDMENT_2">
      <Text>Bombardiman II</Text>
    </Row>
    <Row Tag="TXT_KEY_PROMOTION_BOMBARDMENT_2_HELP">
      <Text>[COLOR_POSITIVE_TEXT]Kara Birimlerine[ENDCOLOR] karsi +%20 [ICON_STRENGTH] Savas Gücü.</Text>
    </Row>
    <Row Tag="TXT_KEY_PROMOTION_BOMBARDMENT_3">
      <Text>Bombardiman III</Text>
    </Row>
    <Row Tag="TXT_KEY_PROMOTION_BOMBARDMENT_3_HELP">
      <Text>[COLOR_POSITIVE_TEXT]Kara Birimlerine[ENDCOLOR] karsi +%20 [ICON_STRENGTH] Savas Gücü.</Text>
    </Row>
    <Row Tag="TXT_KEY_PROMOTION_AIR_RANGE">
      <Text>Menzil</Text>
    </Row>
    <Row Tag="TXT_KEY_PROMOTION_AIR_RANGE_HELP">
      <Text>+2 çalisma araligi.</Text>
    </Row>
    <Row Tag="TXT_KEY_PROMOTION_SORTIE">
      <Text>Sortie</Text>
    </Row>
    <Row Tag="TXT_KEY_PROMOTION_SORTIE_HELP">
      <Text>Her turda 1 ekstra [COLOR_POSITIVE_TEXT] Önleme [ENDCOLOR] yapilabilir.</Text>
    </Row>
    <Row Tag="TXT_KEY_PROMOTION_REPAIR">
      <Text>Onarim</Text>
    </Row>
    <Row Tag="TXT_KEY_PROMOTION_AIR_REPAIR">
      <Text>Hava Tamiri.</Text>
    </Row>
    <Row Tag="TXT_KEY_PROMOTION_EVASION">
      <Text>Kaçis</Text>
    </Row>
    <Row Tag="TXT_KEY_PROMOTION_EVASION_HELP">
      <Text>Durdurmadan alinan hasari 50%. azaltir</Text>
    </Row>
    <Row Tag="TXT_KEY_PROMOTION_SCOUTING_1">
      <Text>Izcilik I</Text>
    </Row>
    <Row Tag="TXT_KEY_PROMOTION_SCOUTING_1_HELP">
      <Text>+1 Görünürlük Araligi.</Text>
    </Row>
    <Row Tag="TXT_KEY_PROMOTION_SCOUTING_2">
      <Text>Izcilik II</Text>
    </Row>
    <Row Tag="TXT_KEY_PROMOTION_SCOUTING_2_HELP">
      <Text>+1 Hareket.</Text>
    </Row>
    <Row Tag="TXT_KEY_PROMOTION_SCOUTING_3">
      <Text>Kesif III</Text>
    </Row>
    <Row Tag="TXT_KEY_PROMOTION_SCOUTING_3_HELP">
      <Text>+1 Görünürlük Araligi.</Text>
    </Row>
    <Row Tag="TXT_KEY_PROMOTION_SURVIVALISM_1">
      <Text>Hayatta Kalma I</Text>
    </Row>
    <Row Tag="TXT_KEY_PROMOTION_SURVIVALISM_1_HELP">
      <Text>Dost bölge disinda tur basina +1 HP iyilesir.</Text>
    </Row>
    <Row Tag="TXT_KEY_PROMOTION_SURVIVALISM_2">
      <Text>Hayatta Kalma II</Text>
    </Row>
    <Row Tag="TXT_KEY_PROMOTION_SURVIVALISM_2_HELP">
      <Text>+%50 Savunma.</Text>
    </Row>
    <Row Tag="TXT_KEY_PROMOTION_SURVIVALISM_3">
      <Text>Hayatta Kalma III</Text>
    </Row>
    <Row Tag="TXT_KEY_PROMOTION_SURVIVALISM_3_HELP">
      <Text>+%50 Savunma. Birim, bir eylem gerçeklestirse bile [COLOR_POSITIVE_TEXT]Her Dönüste[ENDCOLOR] Iyilesir.</Text>
    </Row>
    <Row Tag="TXT_KEY_PROMOTION_MOBILITY_1">
      <Text>Hareketlilik I</Text>
    </Row>
    <Row Tag="TXT_KEY_PROMOTION_MOBILITY_2">
      <Text>Hareketlilik II</Text>
    </Row>
    <Row Tag="TXT_KEY_PROMOTION_MORALE_HELP">
      <Text>+%15 [ICON_STRENGTH] Savas Gücü.</Text>
    </Row>
    <Row Tag="TXT_KEY_PROMOTION_MORALE">
      <Text>Moral</Text>
    </Row>
    <Row Tag="TXT_KEY_PROMOTION_DISCIPLINE_HELP">
      <Text>Dost bir Birime bitisik oldugunda +%10 [ICON_STRENGTH] Savas Gücü.</Text>
    </Row>
    <Row Tag="TXT_KEY_PROMOTION_DISCIPLINE">
      <Text>Disiplin</Text>
    </Row>
    <Row Tag="TXT_KEY_PROMOTION_OLIGARCHY_HELP">
      <Text>Dost bölgede +%33 [ICON_STRENGTH] Savas Gücü.</Text>
    </Row>
    <Row Tag="TXT_KEY_PROMOTION_OLIGARCHY">
      <Text>Oligarsi</Text>
    </Row>
    <Row Tag="TXT_KEY_PROMOTION_HIMEJI_CASTLE_HELP">
      <Text>Dost bölgede +%15 [ICON_STRENGTH] Savas Gücü.</Text>
    </Row>
    <Row Tag="TXT_KEY_PROMOTION_HIMEJI_CASTLE">
      <Text>Himeji Kalesi</Text>
    </Row>
    <Row Tag="TXT_KEY_PROMOTION_NAVAL_TRADITION_HELP">
      <Text>+1 [ICON_MOVES] Hareket ve +1 Görüs.</Text>
    </Row>
    <Row Tag="TXT_KEY_PROMOTION_NAVAL_TRADITION">
      <Text>Denizcilik Gelenegi</Text>
    </Row>
    <Row Tag="TXT_KEY_PROMOTION_GREAT_LIGHTHOUSE_HELP">
      <Text>+1 [ICON_MOVES] Hareket ve +1 Görüs.</Text>
    </Row>
    <Row Tag="TXT_KEY_PROMOTION_GREAT_LIGHTHOUSE">
      <Text>Büyük Deniz Feneri</Text>
    </Row>
    <Row Tag="TXT_KEY_PROMOTION_NATIONALISM_HELP">
      <Text>Dost bölgede +%25 saldiri bonusu.</Text>
    </Row>
    <Row Tag="TXT_KEY_PROMOTION_NATIONALISM">
      <Text>Milliyetçilik</Text>
    </Row>
    <Row Tag="TXT_KEY_PROMOTION_XTRA_MOVES_I_HELP">
      <Text>1 Ekstra Hareket.</Text>
    </Row>
    <Row Tag="TXT_KEY_PROMOTION_XTRA_MOVES_I">
      <Text>1 Ekstra Hareket</Text>
    </Row>
    <Row Tag="TXT_KEY_PROMOTION_XTRA_SIGHT_I_HELP">
      <Text>1 Ekstra Görüs.</Text>
    </Row>
    <Row Tag="TXT_KEY_PROMOTION_XTRA_SIGHT_I">
      <Text>Ekstra Görüs (1)</Text>
    </Row>
    <Row Tag="TXT_KEY_PROMOTION_XTRA_SIGHT_II_HELP">
      <Text>2 Ekstra Görüs.</Text>
    </Row>
    <Row Tag="TXT_KEY_PROMOTION_XTRA_SIGHT_III_HELP">
      <Text>3 Ekstra Görüs.</Text>
    </Row>
    <Row Tag="TXT_KEY_PROMOTION_XTRA_SIGHT_II">
      <Text>Ekstra Görüs (2)</Text>
    </Row>
    <Row Tag="TXT_KEY_PROMOTION_XTRA_SIGHT_III">
      <Text>Ekstra Görüs (3)</Text>
    </Row>
    <Row Tag="TXT_KEY_PROMOTION_XTRA_SIGHT_IV">
      <Text>Ekstra Görüs (4)</Text>
    </Row>
    <Row Tag="TXT_KEY_PROMOTION_XTRA_SIGHT_IV_HELP">
      <Text>4 Ekstra Görüs.</Text>
    </Row>
    <Row Tag="TXT_KEY_PROMOTION_SIGHT_PENALTY">
      <Text>Sinirli Görünürlük</Text>
    </Row>
    <Row Tag="TXT_KEY_PROMOTION_SIGHT_PENALTY_HELP">
      <Text>-1 Görünürlük Araligi.</Text>
    </Row>
    <Row Tag="TXT_KEY_PROMOTION_AIR_RECON">
      <Text>Hava Kesif</Text>
    </Row>
    <Row Tag="TXT_KEY_PROMOTION_AIR_RECON_HELP">
      <Text>Her yönde 6 karo her zaman görünür.</Text>
    </Row>
    <Row Tag="TXT_KEY_PROMOTION_ANTI_MOUNTED_I">
      <Text>Atlilara Karsi Bonus (50)</Text>
    </Row>
    <Row Tag="TXT_KEY_PROMOTION_ANTI_MOUNTED_I_HELP">
      <Text>Atlilara karsi %50 Bonus.</Text>
    </Row>
    <Row Tag="TXT_KEY_PROMOTION_ANTI_MOUNTED_II">
      <Text>Atlilara Karsi Bonus (100)</Text>
    </Row>
    <Row Tag="TXT_KEY_PROMOTION_ANTI_MOUNTED_II_HELP">
      <Text>Atliya karsi %100 Bonus.</Text>
    </Row>
    <Row Tag="TXT_KEY_PROMOTION_CITY_SIEGE">
      <Text>Sehirlere Karsi Bonus (20)</Text>
    </Row>
    <Row Tag="TXT_KEY_PROMOTION_CITY_SIEGE_HELP">
      <Text>Sehirlere karsi %20 Bonus.</Text>
    </Row>
    <Row Tag="TXT_KEY_PROMOTION_CITY_ASSUALT">
      <Text>Sehirlere Karsi Bonus (50)</Text>
    </Row>
    <Row Tag="TXT_KEY_PROMOTION_CITY_ASSUALT_HELP">
      <Text>Sehirlere karsi %50 Bonus.</Text>
    </Row>
    <Row Tag="TXT_KEY_PROMOTION_DEFENSE_PENALTY">
      <Text>Savunma Penaltisi</Text>
    </Row>
    <Row Tag="TXT_KEY_PROMOTION_MOUNTED_PENALTY">
      <Text>Penalti vs Atli</Text>
    </Row>
    <Row Tag="TXT_KEY_PROMOTION_CITY_PENALTY">
      <Text>Penalti Atisi Yapan Sehirler (33)</Text>
    </Row>
    <Row Tag="TXT_KEY_PROMOTION_CITY_PENALTY_HELP">
      <Text>33 Penalti Saldirisi Yapan Sehirler.</Text>
    </Row>
    <Row Tag="TXT_KEY_SMALL_PROMOTION_CITY_PENALTY">
      <Text>Penalti Saldirisi Yapan Sehirler (25)</Text>
    </Row>
    <Row Tag="TXT_KEY_SMALL_PROMOTION_CITY_PENALTY_HELP">
      <Text>25 Sehirlere Saldirma Cezasi.</Text>
    </Row>
    <Row Tag="TXT_KEY_PROMOTION_INTERCEPTION_I">
      <Text>Durdurma (20)</Text>
    </Row>
    <Row Tag="TXT_KEY_PROMOTION_INTERCEPTION_II">
      <Text>Durdurma (40)</Text>
    </Row>
    <Row Tag="TXT_KEY_PROMOTION_INTERCEPTION_III">
      <Text>Durdurma (50)</Text>
    </Row>
    <Row Tag="TXT_KEY_PROMOTION_INTERCEPTION_IV">
      <Text>Durdurma (100)</Text>
    </Row>
    <Row Tag="TXT_KEY_PROMOTION_AIR_SWEEP">
      <Text>Hava Süpürme</Text>
    </Row>
    <Row Tag="TXT_KEY_PROMOTION_AIR_SWEEP_HELP">
      <Text>Önünü kesen Birimleri temizlemek için Hava Süpürmesi yapabilir.</Text>
    </Row>
    <Row Tag="TXT_KEY_PROMOTION_WEAK_RANGED">
      <Text>Zayif Menzilli Saldiri</Text>
    </Row>
    <Row Tag="TXT_KEY_PROMOTION_WEAK_RANGED_HELP">
      <Text>Menzilli Saldirilari kullanirken -%50 güç.</Text>
    </Row>
    <Row Tag="TXT_KEY_PROMOTION_ANTI_AIR">
      <Text>Uçaklara Karsi Bonus (100)</Text>
    </Row>
    <Row Tag="TXT_KEY_PROMOTION_ANTI_HELICOPTER">
      <Text>Bonus vs Helikopterler</Text>
    </Row>
    <Row Tag="TXT_KEY_PROMOTION_ANTI_FIGHTER">
      <Text>Bonus vs Dövüsçüler</Text>
    </Row>
    <Row Tag="TXT_KEY_PROMOTION_ANTI_SUBMARINE_I">
      <Text>Denizaltilara Karsi Bonus (50)</Text>
    </Row>
    <Row Tag="TXT_KEY_PROMOTION_ANTI_SUBMARINE_II">
      <Text>Denizaltilara Karsi Bonus (100)</Text>
    </Row>
    <Row Tag="TXT_KEY_PROMOTION_ANTI_TANK">
      <Text>Bonus Tanklara Karsi</Text>
    </Row>
    <Row Tag="TXT_KEY_PROMOTION_EVASION_I">
      <Text>Kaçinma (50)</Text>
    </Row>
    <Row Tag="TXT_KEY_PROMOTION_EVASION_II">
      <Text>Kaçinma (100)</Text>
    </Row>
    <Row Tag="TXT_KEY_PROMOTION_NAVAL_PENALTY">
      <Text>Penalti vs Denizcilik</Text>
    </Row>
    <Row Tag="TXT_KEY_PROMOTION_RIVAL_TERRITORY">
      <Text>Rakip Bölgeye Girebilir</Text>
    </Row>
    <Row Tag="TXT_KEY_PROMOTION_CARGO_I">
      <Text>1 Yük Tasiyabilir</Text>
    </Row>
    <Row Tag="TXT_KEY_PROMOTION_CARGO_II">
      <Text>2 Yük Tasiyabilir</Text>
    </Row>
    <Row Tag="TXT_KEY_PROMOTION_CARGO_III">
      <Text>3 Yük Tasiyabilir</Text>
    </Row>
    <Row Tag="TXT_KEY_PROMOTION_CARGO_IV">
      <Text>4 Yük Tasiyabilir</Text>
    </Row>
    <Row Tag="TXT_KEY_PROMOTION_FOLIAGE_IMPASSABLE">
      <Text>Ormana veya Ormanda Girilemez</Text>
    </Row>
    <Row Tag="TXT_KEY_PROMOTION_ROUGH_TERRAIN_ENDS">
      <Text>Engebeli Arazi Cezasi</Text>
    </Row>
    <Row Tag="TXT_KEY_PROMOTION_ROUGH_TERRAIN_ENDS_HELP">
      <Text>Engebeli araziye girmek tüm hareketi tüketir.</Text>
    </Row>
    <Row Tag="TXT_KEY_PROMOTION_OCEAN_IMPASSABLE_ASTRO">
      <Text>Astronomi Ihtiyaci</Text>
    </Row>
    <Row Tag="TXT_KEY_PROMOTION_OCEAN_IMPASSABLE_ASTRO_HELP">
      <Text>Astronomiye Kadar Derin Okyanusa Girilemez.</Text>
    </Row>
    <Row Tag="TXT_KEY_PROMOTION_OCEAN_IMPASSABLE">
      <Text>Derin Okyanusa Girilemez</Text>
    </Row>
    <Row Tag="TXT_KEY_PROMOTION_INVISIBLE_SUBMARINE">
      <Text>Görünmez (Denizalti)</Text>
    </Row>
    <Row Tag="TXT_KEY_PROMOTION_SEE_INVISIBLE_SUBMARINE">
      <Text>Denizaltilari Görebilir</Text>
    </Row>
    <Row Tag="TXT_KEY_PROMOTION_IGNORE_TERRAIN_COST">
      <Text>Arazi Maliyetini Yok Sayar</Text>
    </Row>
    <Row Tag="TXT_KEY_PROMOTION_HOVERING_UNIT">
      <Text>Hovering Birimi</Text>
    </Row>
    <Row Tag="TXT_KEY_PROMOTION_HOVERING_UNIT_HELP">
      <Text>Birim Daglarin üzerinden geçebilir.</Text>
    </Row>
    <Row Tag="TXT_KEY_PROMOTION_FLAT_MOVEMENT_COST">
      <Text>Tüm Karolar 1 Hamle Maliyeti</Text>
    </Row>
    <Row Tag="TXT_KEY_PROMOTION_CAN_MOVE_IMPASSABLE">
      <Text>Buz Karolarina Girebilir</Text>
    </Row>
    <Row Tag="TXT_KEY_PROMOTION_NO_CAPTURE">
      <Text>Sehirlerin Ele Geçirilememesi</Text>
    </Row>
    <Row Tag="TXT_KEY_PROMOTION_ONLY_DEFENSIVE">
      <Text>Yakin Dövüs Saldirisi Yapamaz</Text>
    </Row>
    <Row Tag="TXT_KEY_PROMOTION_NO_DEFENSIVE_BONUSES">
      <Text>Savunma Arazisi Bonusu Yok</Text>
    </Row>
    <Row Tag="TXT_KEY_PROMOTION_PARADROP">
      <Text>Mayis Paradrop</Text>
    </Row>
    <Row Tag="TXT_KEY_PROMOTION_MUST_SET_UP">
      <Text>Menzilli Saldiriya Hazirlanmalidir</Text>
    </Row>
    <Row Tag="TXT_KEY_PROMOTION_RANGED_SUPPORT_FIRE">
      <Text>Menzilli Destek Atesi</Text>
    </Row>
    <Row Tag="TXT_KEY_PROMOTION_RANGED_SUPPORT_FIRE_HELP">
      <Text>Tahkim Edildiginde Dost Birimlere Destek Atesi Saglar.</Text>
    </Row>
    <Row Tag="TXT_KEY_PROMOTION_CAN_MOVE_AFTER_ATTACKING">
      <Text>Ataktan Sonra Hareket Edebilir</Text>
    </Row>
    <Row Tag="TXT_KEY_PROMOTION_OPEN_TERRAIN">
      <Text>Açik Arazide Savas Bonusu</Text>
    </Row>
    <Row Tag="TXT_KEY_PROMOTION_SECOND_ATTACK">
      <Text>Iki Kez Saldirabilir</Text>
    </Row>
    <Row Tag="TXT_KEY_PROMOTION_OCEAN_MOVEMENT">
      <Text>Deniz Hareketi</Text>
    </Row>
    <Row Tag="TXT_KEY_PROMOTION_OCEAN_MOVEMENT_HELP">
      <Text>2 Deniz Birimleri için Ekstra Hareket.</Text>
    </Row>
    <Row Tag="TXT_KEY_PROMOTION_GREAT_GENERAL">
      <Text>Liderlik</Text>
    </Row>
    <Row Tag="TXT_KEY_PROMOTION_GREAT_GENERAL_HELP">
      <Text>Yakindaki Birimlerin savas etkinligini artirir.</Text>
    </Row>
    <Row Tag="TXT_KEY_PROMOTION_SPAWN_GENERALS_I">
      <Text>Büyük Generaller I</Text>
    </Row>
    <Row Tag="TXT_KEY_PROMOTION_SPAWN_GENERALS_II">
      <Text>Büyük Generaller II</Text>
    </Row>
    <Row Tag="TXT_KEY_PROMOTION_SPAWN_GENERALS_I_HELP">
      <Text>Savasin Büyük Generaller Yaratmasi Muhtemeldir.</Text>
    </Row>
    <Row Tag="TXT_KEY_PROMOTION_SPAWN_GENERALS_II_HELP">
      <Text>Savasin Büyük Generaller Yaratmasi Cok Muhtemeldir.</Text>
    </Row>
    <Row Tag="TXT_KEY_PROMOTION_FREE_PILLAGE_MOVES">
      <Text>Yagma için Hareket Maliyeti Yok</Text>
    </Row>
    <Row Tag="TXT_KEY_PROMOTION_HEAL_IF_DESTROY_ENEMY">
      <Text>Bir Düsmani Yok Edersen Iyilestir</Text>
    </Row>
    <Row Tag="TXT_KEY_PROMOTION_HEAL_IF_DESTROY_ENEMY_HELP">
      <Text>Barbar Olmayan Birimi Öldürürse Tüm Hasari Iyilestirir.</Text>
    </Row>
    <Row Tag="TXT_KEY_PROMOTION_PARTIAL_HEAL_IF_DESTROY_ENEMY">
      <Text>Bir Birimi Öldürürse 2 Hasar Iyilestirir</Text>
    </Row>
    <Row Tag="TXT_KEY_PROMOTION_ATTACK_BONUS">
      <Text>Saldirirken Savas Bonusu (25)</Text>
    </Row>
    <Row Tag="TXT_KEY_PROMOTION_MOHAWK">
      <Text>Orman\Jungle'da Savas Bonusu (25)</Text>
    </Row>
    <Row Tag="TXT_KEY_PROMOTION_JAGUAR">
      <Text>Sadece Ormanda Savas Bonusu (50)</Text>
    </Row>
    <Row Tag="TXT_KEY_PROMOTION_FOREIGN_LANDS">
      <Text>Yabanci Topraklar Bonusu</Text>
    </Row>
    <Row Tag="TXT_KEY_PROMOTION_FOREIGN_LANDS_HELP">
      <Text>Dost Bölge Disinda Savas Bonusu (20).</Text>
    </Row>
    <Row Tag="TXT_KEY_PROMOTION_STRONGER_VS_DAMAGED">
      <Text>Hasarli Düsman Bonusu</Text>
    </Row>
    <Row Tag="TXT_KEY_PROMOTION_STRONGER_VS_DAMAGED_HELP">
      <Text>Hasarli Düsman Birimlerine Karsi Savas Bonusu (33).</Text>
    </Row>
    <Row Tag="TXT_KEY_PROMOTION_FASTER_HEAL">
      <Text>Iki Kat Hizla Iyilesir</Text>
    </Row>
    <!-- Unit Help and Rollover Text-->
    <Row Tag="TXT_KEY_UNIT_HELP_WORKER">
      <Text>Sehirlerin disindaki harita karelerinde Gelistirmeler insa ederek [ICON_FOOD] Gida [ICON_PRODUCTION] Üretim ve [ICON_GOLD] Altin gelistirir.</Text>
    </Row>
    <Row Tag="TXT_KEY_UNIT_HELP_SETTLER">
      <Text>Imparatorlugunuzu genisletmek için yeni Sehirler kurar.[NEWLINE][NEWLINE][ICON_FOOD] Bu Birim insa edilirken Sehrin büyümesi durdurulur.</Text>
    </Row>
    <Row Tag="TXT_KEY_UNIT_HELP_WORKBOAT">
      <Text>[ICON_RES_FISH] Balik gibi su kaynaklari üzerinde Iyilestirmeler yaratir. Calisma Teknesi bu süreçte tüketilir. Savunmasizdir ve bir düsmanla temas ederse öldürülür.</Text>
    </Row>
    <Row Tag="TXT_KEY_UNIT_HELP_SS_PART">
      <Text>[COLOR_POSITIVE_TEXT]Bilim Zaferi[ENDCOLOR] kazanmak için insa edilmesi ve baskente gönderilmesi gereken Uzay Gemisi parçalarindan biri.</Text>
    </Row>
    <Row Tag="TXT_KEY_UNIT_HELP_SS_BOOSTER">
      <Text>[COLOR_POSITIVE_TEXT]Bilim Zaferi[ENDCOLOR] kazanmak için insa edilmesi ve baskente gönderilmesi gereken Uzay Gemisi parçalarindan biri. Diger parçalardan farkli olarak, uzay gemisini tamamlamak için üç SS Güçlendiriciye ihtiyaç vardir.</Text>
    </Row>
    <Row Tag="TXT_KEY_UNIT_HELP_MISSILE_CRUISER">
      <Text>Düsman uçaklarini savusturmada uzmanlasmis Deniz Birimi. Ayrica 3 füze tasiyabilir.</Text>
    </Row>
    <Row Tag="TXT_KEY_UNIT_HELP_NUCLEAR_SUBMARINE">
      <Text>Destroyerler ve diger Denizaltilar hariç tüm Birimler tarafindan ya da baska bir birime saldirana veya bitisik olana kadar görünmez. 2 Füze tasiyabilir ve diger Denizaltilari avlamakta uzmanlasmistir.</Text>
    </Row>
    <Row Tag="TXT_KEY_UNIT_HELP_CARRIER">
      <Text>3 Uçaga kadar tasir.</Text>
    </Row>
    <Row Tag="TXT_KEY_UNIT_HELP_BATTLESHIP">
      <Text>Oyundaki en güçlü dogrudan savas deniz birimi.</Text>
    </Row>
    <Row Tag="TXT_KEY_UNIT_HELP_SUBMARINE">
      <Text>Destroyerler ve diger Denizaltilar hariç tüm Birimler tarafindan ya da baska bir birime saldirana veya bitisik olana kadar görünmez. Görünmeden menzile girerlerse diger gemilere büyük hasar verebilir.</Text>
    </Row>
    <Row Tag="TXT_KEY_UNIT_HELP_DESTROYER">
      <Text>Hizli geç oyun gemisi, kesifte oldukça etkili olmasini saglar. Ayrica düsman denizaltilarini avlamak ve yok etmek için de kullanilir.</Text>
    </Row>
    <Row Tag="TXT_KEY_UNIT_HELP_IRONCLAD">
      <Text>Firkateynlerden daha güçlü olan bu Birimler, güçlerinin karsiligini daha yavas olarak ve okyanus karelerine giremeyerek öderler.</Text>
    </Row>
    <Row Tag="TXT_KEY_UNIT_HELP_FRIGATE">
      <Text>Denizlerin kontrolünü ele geçirmek için kullanilan güçlü Rönesans Dönemi donanma birimi.</Text>
    </Row>
    <Row Tag="TXT_KEY_UNIT_HELP_SHIPOFTHELINE">
      <Text>Denizlerin kontrolünü ele geçirmek için kullanilan güçlü Rönesans Dönemi Donanma Birimi. Sadece Ingilizler insa edebilir.</Text>
    </Row>
    <Row Tag="TXT_KEY_UNIT_HELP_CARAVEL">
      <Text>Genis görüs yariçapina sahip hizli Rönesans kesif birimi.</Text>
    </Row>
    <Row Tag="TXT_KEY_UNIT_HELP_TRIREME">
      <Text>Antik Cag Donanma Birimi denizlerin kontrolünü ele geçirmek için kullanilirdi.</Text>
    </Row>
    <Row Tag="TXT_KEY_UNIT_HELP_MECH">
      <Text>Herhangi bir savunma arazisi bonusundan faydalanmaz, ancak bunun disinda oyundaki diger tüm askeri birimlerden daha güçlüdür.</Text>
    </Row>
    <Row Tag="TXT_KEY_UNIT_HELP_NUCLEAR_MISSILE">
      <Text>Düsmanlarinizin üzerine nükleer yikim salin. Sehirlere büyük hasar verir ve patlama yariçapina yakalanan tüm Birimlere hasar verir.[NEWLINE][NEWLINE]Manhattan Projesi ve iki Uranyum kaynagi gerektirir.</Text>
    </Row>
    <Row Tag="TXT_KEY_UNIT_HELP_STEALTH_BOMBER">
      <Text>Düsman Birimlere ve Sehirlere yukaridan ölüm yagdiran uzun menzilli bir Hava Birimi.</Text>
    </Row>
    <Row Tag="TXT_KEY_UNIT_HELP_JET_FIGHTER">
      <Text>Gökyüzünün kontrolünü ele geçirmek ve gelen düsman uçaklarini durdurmak için tasarlanmis Hava Birimi.</Text>
    </Row>
    <Row Tag="TXT_KEY_UNIT_HELP_GUIDED_MISSILE">
      <Text>Düsman Birimlere veya Sehirlere hasar vermek için bir kez kullanilabilen ucuz bir Birim.</Text>
    </Row>
    <Row Tag="TXT_KEY_UNIT_HELP_MODERN_ARMOR">
      <Text>Hizli ve güçlü oyun sonu Birimi. Sehirlere saldirirken ve savunmada ceza alir, ancak açik alanda inanilmaz derecede etkilidir.</Text>
    </Row>
    <Row Tag="TXT_KEY_UNIT_HELP_HELICOPTER_GUNSHIP">
      <Text>Modern Zirhli ve Tanklarla savasma konusunda uzmanlasmis birim. Daglarin üzerinde gezinme yetenegine sahiptir.</Text>
    </Row>
    <Row Tag="TXT_KEY_UNIT_HELP_MOBILE_SAM">
      <Text>Yakindaki Birimleri bombalamaya çalisan düsman uçaklarini engelleyecektir.</Text>
    </Row>
    <Row Tag="TXT_KEY_UNIT_HELP_ROCKET_ARTILLERY">
      <Text>Geç oyunun hizli Kusatma Birimi. Diger Kusatma Birimlerinden farkli olarak, ates etmeden önce kurulmasina gerek yoktur.</Text>
    </Row>
    <Row Tag="TXT_KEY_UNIT_HELP_MECHANIZED_INFANTRY">
      <Text>Insa etmek için özel kaynak gerektirmeyen hizli, temel oyun sonu birimi.</Text>
    </Row>
    <Row Tag="TXT_KEY_UNIT_HELP_ATOMIC_BOMB">
      <Text>Düsmanlarinizin üzerine nükleer yikim salin. Sehirlere büyük hasar verir ve patlama yariçapina yakalanan tüm Birimlere hasar verir. Uçak Gemilerine yerlestirilebilir.[NEWLINE][NEWLINE]Manhattan Projesi ve bir Uranyum kaynagi gerektirir.</Text>
    </Row>
    <Row Tag="TXT_KEY_UNIT_HELP_BOMBER">
      <Text>Düsman Birimlere ve Sehirlere yukaridan ölüm yagdiran Hava Birimi.</Text>
    </Row>
    <Row Tag="TXT_KEY_UNIT_HELP_B17">
      <Text>Düsman Birimlerine ve Sehirlerine yukaridan ölüm yagdiran Hava Birimi. Sadece Amerikalilar insa edebilir. Bu Birimin durdurulmaktan kaçma sansi vardir ve yerini aldigi Bombardiman Uçagina kiyasla Sehirlere ek hasar verir.</Text>
    </Row>
    <Row Tag="TXT_KEY_UNIT_HELP_FIGHTER">
      <Text>Gökyüzünün kontrolünü ele geçirmek ve gelen düsman uçaklarini durdurmak için tasarlanmis Hava Birimi.</Text>
    </Row>
    <Row Tag="TXT_KEY_UNIT_HELP_ZERO">
      <Text>Gökyüzünün kontrolünü ele geçirmek ve gelen düsman uçaklarini durdurmak için tasarlanmis Hava Birimi. Sadece Japonlar insa edebilir. Bu Birim, yerini aldigi Avci Uçaginin aksine, diger Avci Uçaklarina karsi bir bonusa sahiptir.</Text>
    </Row>
    <Row Tag="TXT_KEY_UNIT_HELP_PARATROOPER">
      <Text>Dost bölgeden 5 kareye kadar paradropping yapabilen güçlü piyade birimi. Parasütçü ayrica paradroplamadan sonra hareket edebilir ve yagmalayabilir, ancak bir sonraki tura kadar savasa giremez.</Text>
    </Row>
    <Row Tag="TXT_KEY_UNIT_HELP_TANK">
      <Text>Hizli ve güçlü Endüstri Cagi Birimi. Sehirlere saldirirken ve savunmada bir ceza alir, ancak açik arazide inanilmaz derecede etkilidir.</Text>
    </Row>
    <Row Tag="TXT_KEY_UNIT_HELP_PANZER">
      <Text>Hizli ve güçlü Endüstri Cagi Birimi. Sehirlere saldirirken ve savunmada bir ceza alir, ancak açik arazide inanilmaz derecede etkilidir.[NEWLINE][NEWLINE]Sadece Almanlar insa edebilir. Bu Birim, yerini aldigi Tank'a kiyasla 1 ek harekete sahiptir.</Text>
    </Row>
    <Row Tag="TXT_KEY_UNIT_HELP_ARTILLERY">
      <Text>Oyunda 3 karo uzaga ates edebilen ilk Kusatma Birimi. Ates etmeden önce kurulmalidir.</Text>
    </Row>
    <Row Tag="TXT_KEY_UNIT_HELP_ANTI_AIRCRAFT_GUN">
      <Text>Yakindaki Birimleri bombalamaya çalisan düsman uçaklarini engelleyecektir.</Text>
    </Row>
    <Row Tag="TXT_KEY_UNIT_HELP_ANTI_TANK_GUN">
      <Text>Tanklarla savasma konusunda uzmanlasmis nispeten ucuz bir birim.</Text>
    </Row>
    <Row Tag="TXT_KEY_UNIT_HELP_INFANTRY">
      <Text>Sanayi Caginin Temel Piyade Birligi.</Text>
    </Row>
    <Row Tag="TXT_KEY_UNIT_HELP_FOREIGN_LEGION">
      <Text>Sanayi Caginin Temel Piyade Birimi. Sadece Fransizlar insa edebilir. Bu Birim, yerini aldigi Piyadenin aksine, dost bölge disinda bir muharebe bonusuna sahiptir.</Text>
    </Row>
    <Row Tag="TXT_KEY_UNIT_HELP_CAVALRY">
      <Text>Cagdas piyade birimleriyle basa bas savasabilen Rönesans Dönemi Atli Birimi. Diger Atli Birimlere karsi zayiftir.</Text>
    </Row>
    <Row Tag="TXT_KEY_UNIT_HELP_COSSACK">
      <Text>Cagdas piyade birlikleriyle basa bas savasabilen Rönesans Dönemi Atli Birimi. Diger Atli Birimlere karsi zayiftir.[NEWLINE][NEWLINE]Sadece Ruslar insa edebilir. Bu Birim, halihazirda hasar almis düsmanlarla savasirken bir savas bonusuna sahiptir.</Text>
    </Row>
    <Row Tag="TXT_KEY_UNIT_HELP_RIFLEMAN">
      <Text>Orta oyunun güçlü, ön cephe kara birimi.</Text>
    </Row>
    <Row Tag="TXT_KEY_UNIT_HELP_LANCER">
      <Text>Atli Birim saldiri için tasarlanmistir ve savunmadayken bir savas cezasi alir. Düsman Atli Birimleri avlamak için iyidir.</Text>
    </Row>
    <Row Tag="TXT_KEY_UNIT_HELP_SIPAHI">
      <Text>Atli Birim saldiri için tasarlanmistir ve savunmadayken bir savas cezasi alir. Düsman Atli Birimlerini avlamak için iyidir. Sadece Osmanlilar tarafindan insa edilebilir. Bu Birim, yerini aldigi Mizraklidan daha hizlidir ve daha uzagi görebilir.</Text>
    </Row>
    <Row Tag="TXT_KEY_UNIT_HELP_CANNON">
      <Text>Güçlü Rönesans Dönemi Kusatma Birimi. Ateslemeden önce kurulmalidir.</Text>
    </Row>
    <Row Tag="TXT_KEY_UNIT_HELP_MUSKETMAN">
      <Text>Oyunun ilk barut birimi. Oldukça ucuz ve güçlü.</Text>
    </Row>
    <Row Tag="TXT_KEY_UNIT_HELP_MINUTEMAN">
      <Text>Oyunun ilk barut birimlerinden biri. Sadece Amerikalilar insa edebilir. Bu Birim, yerini aldigi Tüfekçinin aksine, engebeli arazide düzmüs gibi hareket edebilir.</Text>
    </Row>
    <Row Tag="TXT_KEY_UNIT_HELP_MUSKETEER">
      <Text>Oyunun ilk barut birimlerinden biri. Sadece Fransizlar insa edebilir. Bu Birim, yerini aldigi Tüfekçiden daha yüksek [ICON_STRENGTH] Savas Gücüne sahiptir.</Text>
    </Row>
    <Row Tag="TXT_KEY_UNIT_HELP_JANISSARY">
      <Text>Oyunun ilk barut birimlerinden biri. Sadece Osmanlilar insa edebilir. Bu birim hücumda daha güçlüdür ve yerini aldigi Tüfekçinin aksine bir düsman öldürdügünde iyilesir.</Text>
    </Row>
    <Row Tag="TXT_KEY_UNIT_HELP_LONGSWORDSMAN">
      <Text>Güçlü Ortaçag piyade birligi.</Text>
    </Row>
    <Row Tag="TXT_KEY_UNIT_HELP_SAMURAI">
      <Text>Güçlü Ortaçag piyade birimi. Sadece Japonlar insa edebilir. Bu Birim daha etkili savasir ve yerini aldigi Uzun Kiliçlidan daha hizli Büyük Generaller üretilmesine yardimci olur.</Text>
    </Row>
    <Row Tag="TXT_KEY_UNIT_HELP_TREBUCHET">
      <Text>Güçlü Ortaçag Kusatma Birimi, düsman Sehirlerinin savunmasini azaltmada iyidir. Ates etmeden önce hazirlanmalidir.</Text>
    </Row>
    <Row Tag="TXT_KEY_UNIT_HELP_KNIGHT">
      <Text>Güçlü Ortaçag Atli Birimi, Mizraklilara karsi zayif.</Text>
    </Row>
    <Row Tag="TXT_KEY_UNIT_HELP_CAMEL_ARCHER">
      <Text>Hizli Ortaçag menzilli Birimi, Mizraklilara karsi zayif. Sadece Araplar insa edebilir. Yerini aldigi Sövalyeden farkli olarak menzilli bir birimdir.</Text>
    </Row>
    <Row Tag="TXT_KEY_UNIT_HELP_SIAMESE_WARELEPHANT">
      <Text>Güçlü Ortaçag Atli Birimi, Mizraklilara karsi zayif. Sadece Siyamlilar insa edebilir. Bu Birim diger atli Birimlere karsi bonus alir ve yerini aldigi Sövalyeden daha yüksek [ICON_STRENGTH] Savas Gücüne sahiptir.</Text>
    </Row>
    <Row Tag="TXT_KEY_UNIT_HELP_MUSLIM_CAVALRY">
      <Text>Güçlü Ortaçag Atli Birimi, Mizraklilara karsi zayif. Sadece Songhai insa edebilir.</Text>
    </Row>
    <Row Tag="TXT_KEY_UNIT_HELP_CROSSBOWMAN">
      <Text>Ortaçag menzilli piyade birimi.</Text>
    </Row>
    <Row Tag="TXT_KEY_UNIT_HELP_CHUKONU">
      <Text>Ortaçag menzilli piyade birimi. Sadece Cinliler insa edebilir. Bu Birim, yerini aldigi Arbaletçiden farkli olarak bir turda iki kez ates edebilir.</Text>
    </Row>
    <Row Tag="TXT_KEY_UNIT_HELP_LONGBOWMAN">
      <Text>Ortaçag menzilli piyade birimi. Sadece Ingilizler insa edebilir. Bu Birim, yerini aldigi Arbaletçiye kiyasla 1 ek menzile sahiptir.</Text>
    </Row>
    <Row Tag="TXT_KEY_UNIT_HELP_PIKEMAN">
      <Text>Sövalyeleri ve diger atli Birlikleri yenme konusunda uzmanlasmistir.</Text>
    </Row>
    <Row Tag="TXT_KEY_UNIT_HELP_LANDSKNECHT">
      <Text>Sövalyeleri ve diger atli Birlikleri yenme konusunda uzmanlasmistir. Sadece Almanlar insa edebilir. Bu Birim, yerini aldigi Pikeman'dan çok daha ucuzdur.</Text>
    </Row>
    <Row Tag="TXT_KEY_UNIT_HELP_CATAPULT">
      <Text>Oyunun ilk kusatma Birimi. Birimlere ve Sehirlere uzaktan büyük hasar verir, ancak ates etmeden önce kurulmalidir.</Text>
    </Row>
    <Row Tag="TXT_KEY_UNIT_HELP_BALLISTA">
      <Text>Uzaktan büyük hasar veren, ancak ates etmeden önce kurulmasi gereken Kusatma Birimi. Sadece Romalilar insa edebilir. Bu Birim, yerini aldigi Manciniktan daha yüksek [ICON_RANGE_STRENGTH] Menzilli Savas Gücüne sahiptir.</Text>
    </Row>
    <Row Tag="TXT_KEY_UNIT_HELP_HORSEMAN">
      <Text>Hizli ve güçlü erken oyun Atli Birimi. Mizrakçilara karsi zayif.</Text>
    </Row>
    <Row Tag="TXT_KEY_UNIT_HELP_COMPANION_CAVALRY">
      <Text>Hizli ve güçlü erken oyun Atli Birimi. Mizrakçilara karsi zayiftir. Sadece Yunanlilar insa edebilir. Bu Birim daha hizlidir, daha yüksek [ICON_STRENGTH] Savas Gücüne sahiptir ve yerini aldigi Süvariden daha hizli bir sekilde Büyük Generaller üretilmesine yardimci olur.</Text>
    </Row>
    <Row Tag="TXT_KEY_UNIT_HELP_SWORDSMAN">
      <Text>Klasik Dönemin güçlü, ön cephe kara birligi.</Text>
    </Row>
    <Row Tag="TXT_KEY_UNIT_HELP_MOHAWK_WARRIOR">
      <Text>Klasik Cag'in güçlü, ön cephe kara birimi. Sadece Iroquois insa edebilir. Bu Birim, yerini aldigi Kiliç Ustasinin aksine Orman ve Ormanda savasirken büyük bir bonus alir.</Text>
    </Row>
    <Row Tag="TXT_KEY_UNIT_HELP_ROMAN_LEGION">
      <Text>Klasik Cag'in güçlü, ön cephe kara birligi. Sadece Romalilar insa edebilir. Bu Birim, yerini aldigi Kiliç Ustasindan daha yüksek [ICON_STRENGTH] bir Savas Gücüne sahiptir.</Text>
    </Row>
    <Row Tag="TXT_KEY_UNIT_HELP_CHARIOR_ARCHER">
      <Text>Hizli bir Menzilli Birim düz zeminde oldukça etkilidir, ancak engebeli araziye girdiginde önemli ölçüde yavaslar.</Text>
    </Row>
    <Row Tag="TXT_KEY_UNIT_HELP_EGYPTIAN_WAR_CHARIOT">
      <Text>Düz zeminde hizli bir Menzilli Birimdir, ancak engebeli araziye girdiginde yavaslar. Sadece Misirlilar insa edebilir. Bu Birim, yerini aldigi Savas Arabasi Okçusunun aksine, insa edilmek için [ICON_RES_HORSE] At gerektirmez.</Text>
    </Row>
    <Row Tag="TXT_KEY_UNIT_HELP_INDIAN_WAR_ELEPHANT">
      <Text>Düz zeminde oldukça etkili, hizli bir Menzilli Birim. Sadece Kizilderililer insa edebilir. Bu Birim, yerini aldigi Savas Arabasi Okçusundan daha yüksek [ICON_STRENGTH] Savas ve Menzilli Gücüne sahiptir.</Text>
    </Row>
    <Row Tag="TXT_KEY_UNIT_HELP_SPEARMAN">
      <Text>Atli Birimleri yenme konusunda uzmanlasmis Antik Cag Birimi.</Text>
    </Row>
    <Row Tag="TXT_KEY_UNIT_HELP_HOPLITE">
      <Text>Atli Birimleri yenme konusunda uzmanlasmis Antik Cag Birimi. Sadece Yunanlilar insa edebilir. Bu Birim, yerini aldigi Mizrakçidan daha yüksek [ICON_STRENGTH] bir Savas Gücüne sahiptir.</Text>
    </Row>
    <Row Tag="TXT_KEY_UNIT_HELP_IMMORTAL">
      <Text>Atli Birimleri yenme konusunda uzmanlasmis Antik Cag Birimi. Sadece Persler insa edebilir. Bu Birim daha yüksek [ICON_STRENGTH] Savas Gücüne sahiptir ve yerini aldigi Mizrakçidan daha çabuk iyilesir.</Text>
    </Row>
    <Row Tag="TXT_KEY_UNIT_HELP_ARCHER">
      <Text>Düsmanlara uzaktan saldirabilen güçlü Kadim Cag menzilli Birimi.</Text>
    </Row>
    <Row Tag="TXT_KEY_UNIT_HELP_SCOUT">
      <Text>Kesif konusunda mükemmel olan bu Birim engebeli arazide yavaslamaz, ancak saldirilara karsi savunmasizdir.</Text>
    </Row>
    <Row Tag="TXT_KEY_UNIT_HELP_WARRIOR">
      <Text>Oyun basinda oldukça zayif askeri Birim.</Text>
    </Row>
    <Row Tag="TXT_KEY_UNIT_HELP_JAGUAR">
      <Text>Oldukça zayif erken oyun askeri Birimi. Yalnizca Aztekler insa edebilir. Bu Birim Ormanda daha etkili savasir ve yerini aldigi Savasçinin aksine bir düsman Birimi öldürdügünde hasar iyilestirir.</Text>
    </Row>
    <Row Tag="TXT_KEY_UNIT_HELP_BARBARIAN_WARRIOR">
      <Text>Barbarlarin en temel erken oyun askeri Birimi.</Text>
    </Row>
    <Row Tag="TXT_KEY_PROMOTION_REPAIR_HELP">
      <Text>Hava Onarimi</Text>
    </Row>
    <!-- Great General Names-->
    <Row Tag="TXT_KEY_GREAT_PERSON_KHUSRO">
      <Text>Khusro</Text>
    </Row>
    <Row Tag="TXT_KEY_GREAT_PERSON_AYABHATA">
      <Text>Ayabhata</Text>
    </Row>
    <Row Tag="TXT_KEY_GREAT_PERSON_GOTTFREID_LEIBNIZ">
      <Text>Gottfreid Leibniz</Text>
    </Row>
    <Row Tag="TXT_KEY_GREAT_PERSON_FRIEDRICH_GAUSS">
      <Text>Friedrich Gauss</Text>
    </Row>
    <Row Tag="TXT_KEY_GREAT_PERSON_ERICO_DANDOLO">
      <Text>Enrico Dandolo</Text>
    </Row>
    <Row Tag="TXT_KEY_GREAT_PERSON_RICHARD_WHITTINGTON">
      <Text>Richard Whittington</Text>
    </Row>
    <Row Tag="TXT_KEY_GREAT_PERSON_TODAR_MAL">
      <Text>Todar Mal</Text>
    </Row>
    <Row Tag="TXT_KEY_GREAT_PERSON_VAN_DIEMEN">
      <Text>Van Diemen</Text>
    </Row>
    <Row Tag="TXT_KEY_GREAT_PERSON_WILLIAM_MORTON">
      <Text>William Morton</Text>
    </Row>
    <Row Tag="TXT_KEY_GREAT_PERSON_FERDINAND_DA_LESSEPS">
      <Text>Ferdinand da Lesseps</Text>
    </Row>
    <Row Tag="TXT_KEY_GREAT_PERSON_SARGON">
      <Text>Sargon</Text>
    </Row>
    <Row Tag="TXT_KEY_GREAT_PERSON_SUN_TZU">
      <Text>Sun Tzu</Text>
    </Row>
    <Row Tag="TXT_KEY_GREAT_PERSON_LEONIDAS">
      <Text>Leonidas</Text>
    </Row>
    <Row Tag="TXT_KEY_GREAT_PERSON_LYSANDER">
      <Text>Lysander</Text>
    </Row>
    <Row Tag="TXT_KEY_GREAT_PERSON_CHANDRAGUPTA_MAURYA">
      <Text>Chandragupta Maurya</Text>
    </Row>
    <Row Tag="TXT_KEY_GREAT_PERSON_HAMILCAR_BARCA">
      <Text>Hamilcar Barca</Text>
    </Row>
    <Row Tag="TXT_KEY_GREAT_PERSON_GAIUS_MARIUS">
      <Text>Gaius Marius</Text>
    </Row>
    <Row Tag="TXT_KEY_GREAT_PERSON_SCIPIO_AFRICANUS">
      <Text>Scipio Africanus</Text>
    </Row>
    <Row Tag="TXT_KEY_GREAT_PERSON_VERCINGETORIX">
      <Text>Vercingetorix</Text>
    </Row>
    <Row Tag="TXT_KEY_GREAT_PERSON_ARMINIUS">
      <Text>Arminius</Text>
    </Row>
    <Row Tag="TXT_KEY_GREAT_PERSON_CAO_CAO">
      <Text>Cao Cao</Text>
    </Row>
    <Row Tag="TXT_KEY_GREAT_PERSON_ZHUGE_LIANG">
      <Text>Zhuge Liang</Text>
    </Row>
    <Row Tag="TXT_KEY_GREAT_PERSON_BELISARIUS">
      <Text>Belisarius</Text>
    </Row>
    <Row Tag="TXT_KEY_GREAT_PERSON_KHALED_IBN_AL_WALID">
      <Text>Khaled Ibn Al Walid</Text>
    </Row>
    <Row Tag="TXT_KEY_GREAT_PERSON_CHARLES_MARTEL">
      <Text>Charles Martel</Text>
    </Row>
    <Row Tag="TXT_KEY_GREAT_PERSON_EL_CID">
      <Text>El Cid</Text>
    </Row>
    <Row Tag="TXT_KEY_GREAT_PERSON_WILLIAM_THE_CONQUEROR">
      <Text>Fatih William</Text>
    </Row>
    <Row Tag="TXT_KEY_GREAT_PERSON_SUBUTAI">
      <Text>Subutai</Text>
    </Row>
    <Row Tag="TXT_KEY_GREAT_PERSON_TIMUR">
      <Text>Timur</Text>
    </Row>
    <Row Tag="TXT_KEY_GREAT_PERSON_JEANNE_DARC">
      <Text>Jeanne D'Arc</Text>
    </Row>
    <Row Tag="TXT_KEY_GREAT_PERSON_AUITZOTL">
      <Text>Auitzotl</Text>
    </Row>
    <Row Tag="TXT_KEY_GREAT_PERSON_HERNAN_CORTES">
      <Text>Hernan Cortes</Text>
    </Row>
    <Row Tag="TXT_KEY_GREAT_PERSON_FRANCISCO_PIZARRO">
      <Text>Francisco Pizarro</Text>
    </Row>
    <Row Tag="TXT_KEY_GREAT_PERSON_IVAN_THE_TERRIBLE">
      <Text>Korkunç Ivan</Text>
    </Row>
    <Row Tag="TXT_KEY_GREAT_PERSON_AKBAR">
      <Text>Akbar</Text>
    </Row>
    <Row Tag="TXT_KEY_GREAT_PERSON_GUSTAVUS_ADOLPHUS">
      <Text>Gustavus Adolphus</Text>
    </Row>
    <Row Tag="TXT_KEY_GREAT_PERSON_MICHEL_DE_RUYTER">
      <Text>Michel de Ruyter</Text>
    </Row>
    <Row Tag="TXT_KEY_GREAT_PERSON_CROMWELL">
      <Text>Oliver Cromwell</Text>
    </Row>
    <Row Tag="TXT_KEY_GREAT_PERSON_EUGENE_OF_SAVOY">
      <Text>Savoylu Eugene</Text>
    </Row>
    <Row Tag="TXT_KEY_GREAT_PERSON_LORD_NELSON">
      <Text>Lord Nelson</Text>
    </Row>
    <Row Tag="TXT_KEY_GREAT_PERSON_GERONIMO">
      <Text>Geronimo</Text>
    </Row>
    <Row Tag="TXT_KEY_GREAT_PERSON_ROBERT_LEE">
      <Text>Robert E. Lee</Text>
    </Row>
    <Row Tag="TXT_KEY_GREAT_PERSON_YAMAMOTO">
      <Text>Yamamoto</Text>
    </Row>
    <Row Tag="TXT_KEY_GREAT_PERSON_PATTON">
      <Text>Patton</Text>
    </Row>
    <Row Tag="TXT_KEY_GREAT_PERSON_MONTGOMERY">
      <Text>Montgomery</Text>
    </Row>
    <Row Tag="TXT_KEY_GREAT_PERSON_GUERDIAN">
      <Text>Guderian</Text>
    </Row>
    <Row Tag="TXT_KEY_GREAT_PERSON_ROMMEL">
      <Text>Rommel</Text>
    </Row>
    <Row Tag="TXT_KEY_GREAT_PERSON_ZHUKOV">
      <Text>Zhukov</Text>
    </Row>
  </Language_en_US>
</GameData>