﻿<?xml version="1.0" encoding="utf-8"?>
<GameData>
  <Language_en_US>
    <Row Tag="TXT_KEY_CHOOSE_MAP_SIZE">
      <Text>Harita Boyutunu Seçin</Text>
    </Row>
    <Row Tag="TXT_KEY_MP_VERSION_MISMATCH_FOR_PLAYER">
      <Text>Ana bilgisayar ile sürüm uyusmazligi.</Text>
    </Row>
    <Row Tag="TXT_KEY_MP_VERSION_MISMATCH_FOR_HOST">
      <Text>Oynatici ile sürüm uyusmazligi: {1_PlayerName}.</Text>
    </Row>
    <Row Tag="TXT_KEY_RANDOM_MAP_SCRIPT_HELP">
      <Text>Oyun, oynamaniz için rastgele harita türlerinden birini seçecektir (Dünya degil). Ne seçildigi size söylenmeyecektir.</Text>
    </Row>
    <Row Tag="TXT_KEY_ANY_MAP_SCRIPT_HELP">
      <Text>Oyun sizi harita türlerinden herhangi biriyle eslestirecektir (Dünya ile degil).</Text>
    </Row>
    <Row Tag="TXT_KEY_RANDOM_MAP_SIZE">
      <Text>Rastgele Harita Boyutu</Text>
    </Row>
    <Row Tag="TXT_KEY_RANDOM_MAP_SIZE_HELP">
      <Text>Oyun, oynamaniz için rastgele harita boyutlarindan birini seçecektir. Ne seçildigi size söylenmeyecektir.</Text>
    </Row>
    <Row Tag="TXT_KEY_ANY_MAP_SIZE">
      <Text>Herhangi Bir Harita Boyutu</Text>
    </Row>
    <Row Tag="TXT_KEY_ANY_MAP_SIZE_HELP">
      <Text>Oyun sizi harita boyutlarindan herhangi biriyle eslestirecektir.</Text>
    </Row>
    <Row Tag="TXT_KEY_UNAVAILABLE_LEADER">
      <Text>Kullanilamayan Lider</Text>
    </Row>
    <Row Tag="TXT_KEY_UNAVAILABLE_LEADER_HELP">
      <Text>DLC paketi '{1_string}' yüklü degil.</Text>
    </Row>
    <Row Tag="TXT_KEY_UNAVAILABLE_LEADER_TT">
      <Text>Bazi oyuncular gerekli DLC paketine '{1_string}' sahip olmadigi için Lider kullanilamiyor.</Text>
    </Row>
    <Row Tag="TXT_KEY_RANDOM_LEADER">
      <Text>Rastgele Lider</Text>
    </Row>
    <Row Tag="TXT_KEY_RANDOM_CIV">
      <Text>Rastgele Uygarlik</Text>
    </Row>
    <Row Tag="TXT_KEY_RANDOM_LEADER_CIV">
      <Text>{1_Leader} - {2_Civ}</Text>
    </Row>
    <Row Tag="TXT_KEY_SELECT_SAVE_GAME">
      <Text>Lütfen kayitli bir oyun seçin.</Text>
    </Row>
    <Row Tag="TXT_KEY_INVALID_SAVE_GAME">
      <Text>Kayitli oyun açilamiyor.[NEWLINE][NEWLINE]Dosya bozuk veya geçersiz olabilir.</Text>
    </Row>
    <Row Tag="TXT_KEY_NO_SAVED_GAMES">
      <Text>Kaydedilmis Oyun Yok</Text>
    </Row>
    <Row Tag="TXT_KEY_RANDOM_LEADER_HELP">
      <Text>Oyun, oynamaniz için rastgele liderlerden birini seçecektir.</Text>
    </Row>
    <Row Tag="TXT_KEY_LOCKED">
      <Text>KILITLI</Text>
    </Row>
    <Row Tag="TXT_KEY_ESC_TO_EXIT">
      <Text>ESC Cikmak için</Text>
    </Row>
    <Row Tag="TXT_KEY_WORLD_SIZE">
      <Text>Dünya Büyüklügü</Text>
    </Row>
    <Row Tag="TXT_KEY_MAP_SCRIPT">
      <Text>Harita</Text>
    </Row>
    <Row Tag="TXT_KEY_HANDICAP">
      <Text>Zorluk</Text>
    </Row>
    <Row Tag="TXT_KEY_GAME_SPEED">
      <Text>Oyun Temposu</Text>
    </Row>
    <Row Tag="TXT_KEY_MISC_RANDOMIZE">
      <Text>Rastgele</Text>
    </Row>
    <Row Tag="TXT_KEY_MISC_ADV_SETUP">
      <Text>Gelismis Kurulum</Text>
    </Row>
    <Row Tag="TXT_KEY_MISC_START_GAME">
      <Text>Oyunu Baslat</Text>
    </Row>
    <Row Tag="TXT_KEY_MISC_BACK">
      <Text>Geri</Text>
    </Row>
    <!-- Custom Map Options -->
    <Row Tag="TXT_KEY_RANDOM_MAP_SCRIPT">
      <Text>Rastgele Harita Türü</Text>
    </Row>
    <Row Tag="TXT_KEY_ANY_MAP_SCRIPT">
      <Text>Herhangi bir Harita Türü</Text>
    </Row>
    <Row Tag="TXT_KEY_MAP_PANGAEA">
      <Text>Pangaea</Text>
    </Row>
    <Row Tag="TXT_KEY_MAP_CONTINENTS">
      <Text>Kitalar</Text>
    </Row>
    <Row Tag="TXT_KEY_MAP_SMALL_CONTINENTS">
      <Text>Küçük Kitalar</Text>
    </Row>
    <Row Tag="TXT_KEY_MAP_TINY_ISLANDS">
      <Text>Küçük Adalar</Text>
    </Row>
    <Row Tag="TXT_KEY_MAP_ARCHIPELAGO">
      <Text>Takimadalar</Text>
    </Row>
    <Row Tag="TXT_KEY_MAP_FRACTAL">
      <Text>Fraktal</Text>
    </Row>
    <Row Tag="TXT_KEY_MAP_EARTH">
      <Text>Dünya</Text>
    </Row>
    <Row Tag="TXT_KEY_MAP_HIGHLANDS">
      <Text>Highlands</Text>
    </Row>
    <Row Tag="TXT_KEY_MAP_HIGHLANDS_HELP">
      <Text>Tepelerin ve siradaglarin hakim oldugu genis bir bölge.</Text>
    </Row>
    <Row Tag="TXT_KEY_MAP_ARBOREA">
      <Text>Arborea</Text>
    </Row>
    <Row Tag="TXT_KEY_MAP_ARBOREA_HELP">
      <Text>Neredeyse tamamen ormanla kapli bir dünya.</Text>
    </Row>
    <Row Tag="TXT_KEY_MAP_BIG_AND_SMALL">
      <Text>Büyük ve Küçük</Text>
    </Row>
    <Row Tag="TXT_KEY_MAP_BIG_AND_SMALL_HELP">
      <Text>Büyük kitalardan ve küçük adalardan olusan bölgeleri olan bir dünya.</Text>
    </Row>
    <Row Tag="TXT_KEY_MAP_BOREAL">
      <Text>Boreal</Text>
    </Row>
    <Row Tag="TXT_KEY_MAP_BOREAL_HELP">
      <Text>Tamami tundra ve iyi ormanlik olan genis bir bölge.</Text>
    </Row>
    <Row Tag="TXT_KEY_MAP_CUSTOM_CONTINENTS">
      <Text>Özel Kitalar</Text>
    </Row>
    <Row Tag="TXT_KEY_MAP_CUSTOM_CONTINENTS_HELP">
      <Text>Kitalar'dan daha az rastgele, ancak kita sayisini kontrol edebilirsiniz.</Text>
    </Row>
    <Row Tag="TXT_KEY_MAP_DONUT">
      <Text>Donut</Text>
    </Row>
    <Row Tag="TXT_KEY_MAP_DONUT_HELP">
      <Text>Dairesel bir pangaea. Merkezde ne tür bir arazi oldugunu seçebilirsiniz.</Text>
    </Row>
    <Row Tag="TXT_KEY_MAP_FANTASY">
      <Text>Fantezi Diyari</Text>
    </Row>
    <Row Tag="TXT_KEY_MAP_FANTASY_HELP">
      <Text>Okyanuslari olmayan küçük bir dünya. Iklimler ve kaynaklarin görünümü hava fizigi yasalarina meydan okuyor.</Text>
    </Row>
    <Row Tag="TXT_KEY_MAP_GLOBAL_HIGHLANDS">
      <Text>Global Highlands</Text>
    </Row>
    <Row Tag="TXT_KEY_MAP_GLOBAL_HIGHLANDS_HELP">
      <Text>Tepelerin ve siradaglarin hakim oldugu çok büyük bir dünya.</Text>
    </Row>
    <Row Tag="TXT_KEY_MAP_GREAT_PLAINS">
      <Text>Büyük Ovalar</Text>
    </Row>
    <Row Tag="TXT_KEY_MAP_GREAT_PLAINS_HELP">
      <Text>Kuzey Amerika'nin Büyük Ovalarina benzer, ancak rastgele unsurlar içeren bir bölge.</Text>
    </Row>
    <Row Tag="TXT_KEY_MAP_HEMISPHERES">
      <Text>Yarimküreler</Text>
    </Row>
    <Row Tag="TXT_KEY_MAP_HEMISPHERES_HELP">
      <Text>Iki büyük, oldukça dengeli kitaya sahip bir dünya. Düello veya iki takimli çok oyunculu için uygundur.</Text>
    </Row>
    <Row Tag="TXT_KEY_MAP_HUB">
      <Text>Hub</Text>
    </Row>
    <Row Tag="TXT_KEY_MAP_HUB_HELP">
      <Text>Her uygarligin kendi alt kitasi vardir. Hepsi haritanin merkezindeki kutup bölgesine baglidir.</Text>
    </Row>
    <Row Tag="TXT_KEY_MAP_ICE_AGE">
      <Text>Buz Devri</Text>
    </Row>
    <Row Tag="TXT_KEY_MAP_ICE_AGE_HELP">
      <Text>Sadece ekvatora yakin bölgelerin yasanabilir oldugu, asiri derecede buzullasmis bir dünya.</Text>
    </Row>
    <Row Tag="TXT_KEY_MAP_INLAND_SEA">
      <Text>Iç Deniz</Text>
    </Row>
    <Row Tag="TXT_KEY_MAP_INLAND_SEA_HELP">
      <Text>Merkezinde büyük bir tuzlu su denizi bulunan, tamami karadan olusan bir bölge.</Text>
    </Row>
    <Row Tag="TXT_KEY_MAP_LAKES">
      <Text>Göller</Text>
    </Row>
    <Row Tag="TXT_KEY_MAP_LAKES_HELP">
      <Text>Okyanuslarin olmadigi, sadece daha küçük su kütlelerinin oldugu bir dünya.</Text>
    </Row>
    <Row Tag="TXT_KEY_MAP_LARGE_ISLANDS">
      <Text>Büyük Adalar</Text>
    </Row>
    <Row Tag="TXT_KEY_MAP_LARGE_ISLANDS_HELP">
      <Text>Kabaca esit büyüklükte ancak arazi bakimindan farklilik gösteren çok sayida büyük adaya sahip bir dünya. Siviller mevcut en iyi adalara yerlestirilir.</Text>
    </Row>
    <Row Tag="TXT_KEY_MAP_MAZE">
      <Text>Labirent</Text>
    </Row>
    <Row Tag="TXT_KEY_MAP_MAZE_HELP">
      <Text>Kara ve deniz yollarindan olusan bir labirent üzerinde oynanan yeni bir harita türü.</Text>
    </Row>
    <Row Tag="TXT_KEY_MAP_MEDIUM_AND_SMALL">
      <Text>Orta ve Küçük</Text>
    </Row>
    <Row Tag="TXT_KEY_MAP_MEDIUM_AND_SMALL_HELP">
      <Text>Büyük kitalardan ve küçük adalardan olusan bölgeleri olan bir dünya.</Text>
    </Row>
    <Row Tag="TXT_KEY_MAP_MIRROR">
      <Text>Ayna</Text>
    </Row>
    <Row Tag="TXT_KEY_MAP_MIRROR_HELP">
      <Text>Bir yarinin digerini yansittigi veya yansittigi bir dünya. Özellikle çok oyunculu eglence için tasarlandi.</Text>
    </Row>
    <Row Tag="TXT_KEY_MAP_OASIS">
      <Text>Oasis</Text>
    </Row>
    <Row Tag="TXT_KEY_MAP_OASIS_HELP">
      <Text>Corak bir çöl tarafindan ortadan ikiye bölünmüs verimli bir bölge. Düello veya iki takimli çok oyunculu için uygundur.</Text>
    </Row>
    <Row Tag="TXT_KEY_MAP_OVAL">
      <Text>Oval</Text>
    </Row>
    <Row Tag="TXT_KEY_MAP_OVAL_HELP">
      <Text>Oval sekilli bir pangaea ve kenarlarinda rastgele oyuklar var.</Text>
    </Row>
    <Row Tag="TXT_KEY_MAP_RAINFOREST">
      <Text>Yagmur Ormani</Text>
    </Row>
    <Row Tag="TXT_KEY_MAP_RAINFOREST_HELP">
      <Text>Neredeyse tamamen ormanla kapli bir dünya.</Text>
    </Row>
    <Row Tag="TXT_KEY_MAP_RING">
      <Text>Yüzük</Text>
    </Row>
    <Row Tag="TXT_KEY_MAP_RING_HELP">
      <Text>Her uygarlik kendi alt kitasina sahip olur. Hepsi saat yönünde bitisik komsulara baglanir.</Text>
    </Row>
    <Row Tag="TXT_KEY_MAP_SKIRMISH">
      <Text>Catisma</Text>
    </Row>
    <Row Tag="TXT_KEY_MAP_SKIRMISH_HELP">
      <Text>Iki oyuncu için tasarlanmis dengeli bir harita.</Text>
    </Row>
    <Row Tag="TXT_KEY_MAP_TEAM_BATTLEGROUND">
      <Text>Savas Alani Ekibi</Text>
    </Row>
    <Row Tag="TXT_KEY_MAP_TEAM_BATTLEGROUND_HELP">
      <Text>Özellikle hizli tempolu çok oyunculu takim oyunlari için tasarlanmis ekstra küçük, kara agirlikli bölge.</Text>
    </Row>
    <Row Tag="TXT_KEY_MAP_TERRA">
      <Text>Terra</Text>
    </Row>
    <Row Tag="TXT_KEY_MAP_TERRA_HELP">
      <Text>Tüm uygarliklarin Asya-Avrupa-Afrika'ya benzer bir kitada basladigi, Dünya'ya benzer çok büyük bir dünya.</Text>
    </Row>
    <Row Tag="TXT_KEY_MAP_NORTH_VS_SOUTH">
      <Text>Kuzey Güneye Karsi</Text>
    </Row>
    <Row Tag="TXT_KEY_MAP_NORTH_VS_SOUTH_HELP">
      <Text>Cöl tarafindan yatay olarak bölünmüs bir bölge.</Text>
    </Row>
    <Row Tag="TXT_KEY_MAP_WEST_VS_EAST">
      <Text>Bati Doguya Karsi</Text>
    </Row>
    <Row Tag="TXT_KEY_MAP_WEST_VS_EAST_HELP">
      <Text>Genis bir su kanali tarafindan dikey olarak ortadan ikiye bölünmüs bir bölge.</Text>
    </Row>
    <Row Tag="TXT_KEY_MAP_FOUR_CORNERS">
      <Text>Dört Köse</Text>
    </Row>
    <Row Tag="TXT_KEY_MAP_FOUR_CORNERS_HELP">
      <Text>Bu harita, su ile ayrilmis ve tam ortasinda kara bulunan 4 esit bölüme ayrilmistir.</Text>
    </Row>
    <Row Tag="TXT_KEY_MAP_TILTED_AXIS">
      <Text>Egik Eksen</Text>
    </Row>
    <Row Tag="TXT_KEY_MAP_TILTED_AXIS_HELP">
      <Text>Güney kutbu daima günese bakacak sekilde kilitlenmis, yan yatmis çok büyük bir dünya.</Text>
    </Row>
    <Row Tag="TXT_KEY_MAP_WHEEL">
      <Text>Tekerlek</Text>
    </Row>
    <Row Tag="TXT_KEY_MAP_WHEEL_HELP">
      <Text>Her uygarlik kendi alt kitasina sahip olur. Hem Hub hem de Ring tarzi kara köprüleri bölgeleri birbirine baglar.</Text>
    </Row>
    <Row Tag="TXT_KEY_MAP_AMAZON">
      <Text>Amazon</Text>
    </Row>
    <Row Tag="TXT_KEY_MAP_AMAZON_HELP">
      <Text>Güney Amerika'daki Amazon Ormanlarina benzer, ancak rastgele unsurlar içeren bir bölge.</Text>
    </Row>
    <Row Tag="TXT_KEY_MAP_MEDITERRANEAN">
      <Text>Akdeniz</Text>
    </Row>
    <Row Tag="TXT_KEY_MAP_MEDITERRANEAN_HELP">
      <Text>Akdeniz'e benzer, ancak rastgele unsurlar içeren bir bölge.</Text>
    </Row>
    <Row Tag="TXT_KEY_MAP_POLYNESIA">
      <Text>Polinezya</Text>
    </Row>
    <Row Tag="TXT_KEY_MAP_POLYNESIA_HELP">
      <Text>Pasifik Okyanusu'ndaki Polinezya Adalari'na benzer, ancak rastgele unsurlar içeren bir bölge.</Text>
    </Row>
    <Row Tag="TXT_KEY_MAP_ROCKY_MOUNTAINS">
      <Text>Rocky Daglari</Text>
    </Row>
    <Row Tag="TXT_KEY_MAP_ROCKY_MOUNTAINS_HELP">
      <Text>Kuzey Amerika'daki Rocky Daglari'na benzer, ancak rastgele unsurlar içeren bir bölge.</Text>
    </Row>
    <Row Tag="TXT_KEY_MAP_SAHARA">
      <Text>Sahra</Text>
    </Row>
    <Row Tag="TXT_KEY_MAP_SAHARA_HELP">
      <Text>Afrika'nin Sahra Cölü'ne benzer, ancak rastgele unsurlar içeren bir bölge.</Text>
    </Row>
    <Row Tag="TXT_KEY_MAP_SIBERIA">
      <Text>Sibirya</Text>
    </Row>
    <Row Tag="TXT_KEY_MAP_SIBERIA_HELP">
      <Text>Kuzey Asya'daki Sibirya'ya benzer, ancak rastgele unsurlar içeren bir bölge.</Text>
    </Row>
    <Row Tag="TXT_KEY_MAP_SOUTH_PACIFIC">
      <Text>Güney Pasifik</Text>
    </Row>
    <Row Tag="TXT_KEY_MAP_SOUTH_PACIFIC_HELP">
      <Text>Avustralya, güneydogu Asya ve çok sayida adayi içeren Güney Pasifik bölgesine benzer bir bölge.</Text>
    </Row>
    <Row Tag="TXT_KEY_MAP_ANCIENT_LAKES">
      <Text>Antik Göller</Text>
    </Row>
    <Row Tag="TXT_KEY_MAP_ANCIENT_LAKES_HELP">
      <Text>Ortasinda büyük bir krater gölü bulunan, tamami karadan olusan bir bölge.</Text>
    </Row>
    <Row Tag="TXT_KEY_SELECT_MAP_TYPE_BACK">
      <Text>Geri</Text>
    </Row>
    <Row Tag="TXT_KEY_SELECT_MAP_TYPE_BACK_HELP">
      <Text>Ana klasöre geri dönün.</Text>
    </Row>
    <Row Tag="TXT_KEY_MAP_FOLDER_ADDITIONAL">
      <Text>Ek Haritalar</Text>
    </Row>
    <Row Tag="TXT_KEY_MAP_FOLDER_ADDITIONAL_HELP">
      <Text>Oyun için ek haritalar mevcuttur.</Text>
    </Row>
    <Row Tag="TXT_KEY_CLOSE">
      <Text>Kapat</Text>
    </Row>
    <Row Tag="TXT_KEY_CLOSE_HELP">
      <Text>Bu seçenekler kümesini kapatin.</Text>
    </Row>
    <Row Tag="TXT_KEY_MAP_PANGAEA_HELP">
      <Text>Tüm oyuncular büyük bir kara parçasinda baslar. Ana kitanin disinda küçük adalar olabilir.</Text>
    </Row>
    <Row Tag="TXT_KEY_MAP_CONTINENTS_HELP">
      <Text>Dünya birkaç büyük kara parçasindan ve bazi küçük adalardan olusacaktir.</Text>
    </Row>
    <Row Tag="TXT_KEY_MAP_SMALL_CONTINENTS_HELP">
      <Text>Dünya birkaç orta büyüklükte kara parçasindan ve bazi küçük adalardan olusacaktir.</Text>
    </Row>
    <Row Tag="TXT_KEY_MAP_ARCHIPELAGO_HELP">
      <Text>Bu dünya birçok adadan olusacak.</Text>
    </Row>
    <Row Tag="TXT_KEY_MAP_TINY_ISLANDS_HELP">
      <Text>Bu dünya birçok küçük adadan olusacak.</Text>
    </Row>
    <Row Tag="TXT_KEY_MAP_FRACTAL_HELP">
      <Text>Genellikle ince, yilan gibi kitalar olusturacak oldukça rastgele bir harita.</Text>
    </Row>
    <Row Tag="TXT_KEY_MAP_EARTH_HELP">
      <Text>Tüm gezegeni kapsayan bir harita.</Text>
    </Row>
    <Row Tag="TXT_KEY_MAP_OPTION_WORLD_AGE">
      <Text>Dünya Cagi</Text>
    </Row>
    <Row Tag="TXT_KEY_MAP_OPTION_THREE_BILLION_YEARS">
      <Text>3 Milyar Yil</Text>
    </Row>
    <Row Tag="TXT_KEY_MAP_OPTION_FOUR_BILLION_YEARS">
      <Text>4 Milyar Yil</Text>
    </Row>
    <Row Tag="TXT_KEY_MAP_OPTION_FIVE_BILLION_YEARS">
      <Text>5 Milyar Yil</Text>
    </Row>
    <Row Tag="TXT_KEY_MAP_OPTION_TEMPERATURE">
      <Text>Sicaklik</Text>
    </Row>
    <Row Tag="TXT_KEY_MAP_OPTION_COOL">
      <Text>Güzel</Text>
    </Row>
    <Row Tag="TXT_KEY_MAP_OPTION_TEMPERATE">
      <Text>Iliman</Text>
    </Row>
    <Row Tag="TXT_KEY_MAP_OPTION_HOT">
      <Text>Sicak</Text>
    </Row>
    <Row Tag="TXT_KEY_MAP_OPTION_RAINFALL">
      <Text>Yagis</Text>
    </Row>
    <Row Tag="TXT_KEY_MAP_OPTION_ARID">
      <Text>Kurak</Text>
    </Row>
    <Row Tag="TXT_KEY_MAP_OPTION_WET">
      <Text>Islak</Text>
    </Row>
    <Row Tag="TXT_KEY_MAP_OPTION_SEA_LEVEL">
      <Text>Deniz Seviyesi</Text>
    </Row>
    <Row Tag="TXT_KEY_MAP_OPTION_LOW">
      <Text>Düsük</Text>
    </Row>
    <Row Tag="TXT_KEY_MAP_OPTION_MEDIUM">
      <Text>Orta</Text>
    </Row>
    <Row Tag="TXT_KEY_MAP_OPTION_HIGH">
      <Text>Yüksek</Text>
    </Row>
    <Row Tag="TXT_KEY_MAP_OPTION_RESOURCES">
      <Text>Kaynaklar</Text>
    </Row>
    <Row Tag="TXT_KEY_MAP_OPTION_WATER_SETTING">
      <Text>Su Ayari</Text>
    </Row>
    <Row Tag="TXT_KEY_MAP_OPTION_SPARSE">
      <Text>Seyrek</Text>
    </Row>
    <Row Tag="TXT_KEY_MAP_OPTION_ABUNDANT">
      <Text>Bereketli</Text>
    </Row>
    <Row Tag="TXT_KEY_MAP_OPTION_LEGENDARY_START">
      <Text>Efsanevi Baslangiç</Text>
    </Row>
    <Row Tag="TXT_KEY_MAP_OPTION_STRATEGIC_BALANCE">
      <Text>Stratejik Denge</Text>
    </Row>
    <Row Tag="TXT_KEY_MAP_OPTION_NUM_CONTINENTS">
      <Text>Kita Sayisi</Text>
    </Row>
    <Row Tag="TXT_KEY_MAP_OPTION_ONE_PER_CONTINENT">
      <Text>Kita basina bir tane</Text>
    </Row>
    <Row Tag="TXT_KEY_MAP_OPTION_ONE_PER_CONTINENT_HELP">
      <Text>Takim basina bir kita saglayan bir harita sablonu seçilecektir (ancak en fazla alti).</Text>
    </Row>
    <Row Tag="TXT_KEY_MAP_OPTION_TWO_PER_CONTINENT">
      <Text>2</Text>
    </Row>
    <Row Tag="TXT_KEY_MAP_OPTION_TWO_PER_CONTINENT_HELP">
      <Text>Tam olarak iki büyük kitayi içeren bir harita sablonu seçilecektir.</Text>
    </Row>
    <Row Tag="TXT_KEY_MAP_OPTION_THREE_PER_CONTINENT">
      <Text>3</Text>
    </Row>
    <Row Tag="TXT_KEY_MAP_OPTION_THREE_PER_CONTINENT_HELP">
      <Text>Tam olarak üç büyük kitayi içeren bir harita sablonu seçilecektir.</Text>
    </Row>
    <Row Tag="TXT_KEY_MAP_OPTION_FOUR_PER_CONTINENT">
      <Text>4</Text>
    </Row>
    <Row Tag="TXT_KEY_MAP_OPTION_FOUR_PER_CONTINENT_HELP">
      <Text>Tam olarak dört büyük kitayi içeren bir harita sablonu seçilecektir.</Text>
    </Row>
    <Row Tag="TXT_KEY_MAP_OPTION_FIVE_PER_CONTINENT">
      <Text>5</Text>
    </Row>
    <Row Tag="TXT_KEY_MAP_OPTION_FIVE_PER_CONTINENT_HELP">
      <Text>Tam olarak bes büyük kitayi içeren bir harita sablonu seçilecektir.</Text>
    </Row>
    <Row Tag="TXT_KEY_MAP_OPTION_SIX_PER_CONTINENT">
      <Text>6</Text>
    </Row>
    <Row Tag="TXT_KEY_MAP_OPTION_SIX_PER_CONTINENT_HELP">
      <Text>Tam olarak alti büyük kitayi içeren bir harita sablonu seçilecektir.</Text>
    </Row>
    <Row Tag="TXT_KEY_MAP_OPTION_RESOURCE_APPEARANCE">
      <Text>Kaynak Görünümü</Text>
    </Row>
    <Row Tag="TXT_KEY_MAP_OPTION_LOGICAL">
      <Text>Mantiksal</Text>
    </Row>
    <Row Tag="TXT_KEY_MAP_OPTION_LOGICAL_HELP">
      <Text>Kaynaklar standart kurallara olagan ve mantikli bir sekilde uyacaktir.</Text>
    </Row>
    <Row Tag="TXT_KEY_MAP_OPTION_IRRATIONAL">
      <Text>Mantiksiz</Text>
    </Row>
    <Row Tag="TXT_KEY_MAP_OPTION_IRRATIONAL_HELP">
      <Text>Kaynaklar, karda muz gibi mantiksiz yerlere yerlestirilecektir.</Text>
    </Row>
    <Row Tag="TXT_KEY_MAP_OPTION_CRAZY">
      <Text>Cilgin</Text>
    </Row>
    <Row Tag="TXT_KEY_MAP_OPTION_CRAZY_HELP">
      <Text>Kaynaklar mantiksiz yerlere yerlestirilecek ve bazi türlerden çilgin miktarlar olacak.</Text>
    </Row>
    <Row Tag="TXT_KEY_MAP_OPTION_MOUNTAIN_PATTERN">
      <Text>Dag Deseni</Text>
    </Row>
    <Row Tag="TXT_KEY_MAP_OPTION_RIDGELINES">
      <Text>Ridgelines</Text>
    </Row>
    <Row Tag="TXT_KEY_MAP_OPTION_RIDGELINES_HELP">
      <Text>Rastgele fay hatlari boyunca uzanan tektonik tarzda siradaglar.</Text>
    </Row>
    <Row Tag="TXT_KEY_MAP_OPTION_SCATTERED">
      <Text>Daginik</Text>
    </Row>
    <Row Tag="TXT_KEY_MAP_OPTION_SCATTERED_HELP">
      <Text>Fraktal tarzda siradaglar: küçük, çok sayida ve iyi dagilmis.</Text>
    </Row>
    <Row Tag="TXT_KEY_MAP_OPTION_RANGES">
      <Text>Menziller</Text>
    </Row>
    <Row Tag="TXT_KEY_MAP_OPTION_RANGES_HELP">
      <Text>Fraktal tarzda siradaglar: orta, yilan gibi ve oldukça rastlantisal.</Text>
    </Row>
    <Row Tag="TXT_KEY_MAP_OPTION_CLUSTERS">
      <Text>Kümeler</Text>
    </Row>
    <Row Tag="TXT_KEY_MAP_OPTION_CLUSTERS_HELP">
      <Text>Fraktal tarzi siradaglar: büyük, sisman kümeler, ancak daha az sayida.</Text>
    </Row>
    <Row Tag="TXT_KEY_MAP_OPTION_MOUNTAIN_DENSITY">
      <Text>Dag Yogunlugu</Text>
    </Row>
    <Row Tag="TXT_KEY_MAP_OPTION_DENSE">
      <Text>Yogun</Text>
    </Row>
    <Row Tag="TXT_KEY_MAP_OPTION_NORMAL">
      <Text>Normal</Text>
    </Row>
    <Row Tag="TXT_KEY_MAP_OPTION_THIN">
      <Text>Ince</Text>
    </Row>
    <Row Tag="TXT_KEY_MAP_OPTION_BODIES_OF_WATER">
      <Text>Su Kütleleri</Text>
    </Row>
    <Row Tag="TXT_KEY_MAP_OPTION_SMALL_LAKES">
      <Text>Küçük Göller</Text>
    </Row>
    <Row Tag="TXT_KEY_MAP_OPTION_SMALL_LAKES_HELP">
      <Text>Harita boyunca dagilmis çok sayida küçük ve minik göl.</Text>
    </Row>
    <Row Tag="TXT_KEY_MAP_OPTION_LARGE_LAKES">
      <Text>Büyük Göller</Text>
    </Row>
    <Row Tag="TXT_KEY_MAP_OPTION_LARGE_LAKES_HELP">
      <Text>Daha büyük göller ve bazi küçük okyanuslar ortaya çikacaktir.</Text>
    </Row>
    <Row Tag="TXT_KEY_MAP_OPTION_RIVERS">
      <Text>Nehirler</Text>
    </Row>
    <Row Tag="TXT_KEY_MAP_OPTION_RIVERS_HELP">
      <Text>Kivrimli nehirler orta siradaglardan uzaga akmaktadir.</Text>
    </Row>
    <Row Tag="TXT_KEY_MAP_OPTION_RIVERS_AND_SEAS">
      <Text>Nehirler ve Denizler</Text>
    </Row>
    <Row Tag="TXT_KEY_MAP_OPTION_RIVERS_AND_SEAS_HELP">
      <Text>Bazi nehirlerle birlikte büyük göller veya denizler.</Text>
    </Row>
    <Row Tag="TXT_KEY_MAP_OPTION_DRY">
      <Text>Kuru</Text>
    </Row>
    <Row Tag="TXT_KEY_MAP_OPTION_DRY_HELP">
      <Text>Tek tatli su kaynagi çöl bölgelerindeki vahalardir.</Text>
    </Row>
    <Row Tag="TXT_KEY_MAP_OPTION_SEAS">
      <Text>Denizler</Text>
    </Row>
    <Row Tag="TXT_KEY_MAP_OPTION_SEAS_HELP">
      <Text>Su kütlelerinin çogu mütevazi boyutlarda, oldukça rastgele sekillere sahip tuzlu su denizleri olacaktir.</Text>
    </Row>
    <Row Tag="TXT_KEY_MAP_OPTION_BUFFER_ZONES">
      <Text>Tampon Bölgeler</Text>
    </Row>
    <Row Tag="TXT_KEY_MAP_OPTION_BUFFER_ZONES_HELP">
      <Text>Her bir uygarlik için olusturulan bölgelerin arasina daha küçük kara parçalarinin eklenip eklenmeyecegini seçin.</Text>
    </Row>
    <Row Tag="TXT_KEY_MAP_OPTION_NO">
      <Text>No</Text>
    </Row>
    <Row Tag="TXT_KEY_MAP_OPTION_NO_BUFFER_ZONES_HELP">
      <Text>Medeniyetler arasina fazladan toprak eklememeyi seçin.</Text>
    </Row>
    <Row Tag="TXT_KEY_MAP_OPTION_YES_10_CIVS_MAX">
      <Text>Evet (Maksimum 10 Civs)</Text>
    </Row>
    <Row Tag="TXT_KEY_MAP_OPTION_YES_10_CIVS_MAX_HELP">
      <Text>Medeniyetler arasina ekstra toprak ekleyin. (Sadece en fazla on medeniyete kadar kullanilabilir).</Text>
    </Row>
    <Row Tag="TXT_KEY_MAP_OPTION_LAND_SHAPE">
      <Text>Arazi Sekli</Text>
    </Row>
    <Row Tag="TXT_KEY_MAP_OPTION_NATURAL">
      <Text>Dogal</Text>
    </Row>
    <Row Tag="TXT_KEY_MAP_OPTION_NATURAL_HELP">
      <Text>Yarimadalar ve koylar mümkündür. Bu en rastgele arazi seklidir.</Text>
    </Row>
    <Row Tag="TXT_KEY_MAP_OPTION_PRESSED">
      <Text>Preslenmis</Text>
    </Row>
    <Row Tag="TXT_KEY_MAP_OPTION_PRESSED_HELP">
      <Text>Kiyi seklinde daha az, daha az yogun düzensizlikler.</Text>
    </Row>
    <Row Tag="TXT_KEY_MAP_OPTION_SOLID">
      <Text>Kati</Text>
    </Row>
    <Row Tag="TXT_KEY_MAP_OPTION_SOLID_HELP">
      <Text>Her uygarligin kara parçasi kati bir leke olacaktir.</Text>
    </Row>
    <Row Tag="TXT_KEY_MAP_OPTION_NEUTRAL_TERRITORY">
      <Text>Tarafsiz Bölge</Text>
    </Row>
    <Row Tag="TXT_KEY_MAP_OPTION_VARIED">
      <Text>Degisken</Text>
    </Row>
    <Row Tag="TXT_KEY_MAP_OPTION_ISTHMUS_WIDTH">
      <Text>Kistak Genisligi</Text>
    </Row>
    <Row Tag="TXT_KEY_MAP_OPTION_LANDMASS_TYPE">
      <Text>Kara Kütlesi Tipi</Text>
    </Row>
    <Row Tag="TXT_KEY_MAP_OPTION_PANGAEA">
      <Text>Pangaea</Text>
    </Row>
    <Row Tag="TXT_KEY_MAP_OPTION_WIDE_CONTINENTS">
      <Text>Genis Kitalar</Text>
    </Row>
    <Row Tag="TXT_KEY_MAP_OPTION_NARROW_CONTINENTS">
      <Text>Dar Kitalar</Text>
    </Row>
    <Row Tag="TXT_KEY_MAP_OPTION_ISLANDS">
      <Text>Adalar</Text>
    </Row>
    <Row Tag="TXT_KEY_MAP_OPTION_NUMBER_OF_MAIN_ISLANDS">
      <Text>Ana Ada Sayisi</Text>
    </Row>
    <Row Tag="TXT_KEY_MAP_OPTION_ONE_PER_PLAYER">
      <Text>Oyuncu basina bir tane</Text>
    </Row>
    <Row Tag="TXT_KEY_MAP_OPTION_EXTRAS">
      <Text>Ekstralar</Text>
    </Row>
    <Row Tag="TXT_KEY_MAP_OPTION_SEVERAL_EXTRAS">
      <Text>Cesitli Ekstralar</Text>
    </Row>
    <Row Tag="TXT_KEY_MAP_OPTION_AMOUNT_OF_TINY_ISLANDS">
      <Text>Küçük Adalarin Miktari</Text>
    </Row>
    <Row Tag="TXT_KEY_MAP_OPTION_NO_TINY_ISLANDS">
      <Text>Küçük Adalar Yok</Text>
    </Row>
    <Row Tag="TXT_KEY_MAP_OPTION_FEW_TINY_ISLANDS">
      <Text>Birkaç Küçük Ada</Text>
    </Row>
    <Row Tag="TXT_KEY_MAP_OPTION_VARIOUS_TINY_ISLANDS">
      <Text>Cesitli Küçük Adalar</Text>
    </Row>
    <Row Tag="TXT_KEY_MAP_OPTION_MANY_TINY_ISLANDS">
      <Text>Birçok Küçük Ada</Text>
    </Row>
    <Row Tag="TXT_KEY_MAP_OPTION_MAZE_WIDTH">
      <Text>Labirent Genisligi</Text>
    </Row>
    <Row Tag="TXT_KEY_MAP_OPTION_PLOTS_WIDE_ONE">
      <Text>1 Arsa Genisliginde</Text>
    </Row>
    <Row Tag="TXT_KEY_MAP_OPTION_PLOTS_WIDE_TWO">
      <Text>2 Parsel Genisliginde</Text>
    </Row>
    <Row Tag="TXT_KEY_MAP_OPTION_PLOTS_WIDE_TWO_HELP">
      <Text>Alt kitalari birbirine baglayan köprüler 2 parsel genisliginde olacaktir.</Text>
    </Row>
    <Row Tag="TXT_KEY_MAP_OPTION_PLOTS_WIDE_THREE">
      <Text>3 Parsel Genisliginde</Text>
    </Row>
    <Row Tag="TXT_KEY_MAP_OPTION_PLOTS_WIDE_THREE_HELP">
      <Text>Alt kitalari birbirine baglayan köprüler 3 parsel genisliginde olacaktir.</Text>
    </Row>
    <Row Tag="TXT_KEY_MAP_OPTION_PLOTS_WIDE_FOUR">
      <Text>4 Parsel Genisliginde</Text>
    </Row>
    <Row Tag="TXT_KEY_MAP_OPTION_PLOTS_WIDE_FOUR_HELP">
      <Text>Alt kitalari birbirine baglayan köprüler 4 parsel genisliginde olacaktir.</Text>
    </Row>
    <Row Tag="TXT_KEY_MAP_OPTION_PLOTS_WIDE_FIVE">
      <Text>5 Parsel Genisliginde</Text>
    </Row>
    <Row Tag="TXT_KEY_MAP_OPTION_MIRROR_TYPE">
      <Text>Ayna Tipi</Text>
    </Row>
    <Row Tag="TXT_KEY_MAP_OPTION_REFLECTION">
      <Text>Yansima</Text>
    </Row>
    <Row Tag="TXT_KEY_MAP_OPTION_INVERSION">
      <Text>Ters Cevirme</Text>
    </Row>
    <Row Tag="TXT_KEY_MAP_OPTION_COPY">
      <Text>Anlasildi</Text>
    </Row>
    <Row Tag="TXT_KEY_MAP_OPTION_OPPOSITE">
      <Text>Karsi tarafta</Text>
    </Row>
    <Row Tag="TXT_KEY_MAP_OPTION_TEAM_SETTING">
      <Text>Ekip Ayari</Text>
    </Row>
    <Row Tag="TXT_KEY_MAP_OPTION_START_TOGETHER">
      <Text>Birlikte Baslayin</Text>
    </Row>
    <Row Tag="TXT_KEY_MAP_OPTION_START_SEPERATED">
      <Text>Ayrilmis Baslat</Text>
    </Row>
    <Row Tag="TXT_KEY_MAP_OPTION_START_ANYWHERE">
      <Text>Her Yerden Baslayin</Text>
    </Row>
    <Row Tag="TXT_KEY_MAP_OPTION_WITHOUT_OCEANS">
      <Text>Okyanuslar Olmadan</Text>
    </Row>
    <Row Tag="TXT_KEY_MAP_OPTION_ARCHIPELAGO">
      <Text>Takimadalar</Text>
    </Row>
    <Row Tag="TXT_KEY_MAP_OPTION_TINY_ISLANDS">
      <Text>Küçük Adalar</Text>
    </Row>
    <Row Tag="TXT_KEY_MAP_OPTION_SEVERITY">
      <Text>Cöl Bölgesinin Siddeti</Text>
    </Row>
    <Row Tag="TXT_KEY_MAP_OPTION_MILD">
      <Text>Hafif</Text>
    </Row>
    <Row Tag="TXT_KEY_MAP_OPTION_MODERATE">
      <Text>Orta düzeyde</Text>
    </Row>
    <Row Tag="TXT_KEY_MAP_OPTION_SEVERE">
      <Text>Siddetli</Text>
    </Row>
    <Row Tag="TXT_KEY_MAP_OPTION_BARREN">
      <Text>Corak</Text>
    </Row>
    <Row Tag="TXT_KEY_MAP_OPTION_TEAM_PLACEMENT">
      <Text>Ekip Yerlestirme</Text>
    </Row>
    <Row Tag="TXT_KEY_MAP_OPTION_TOP_VS_BOTTOM">
      <Text>Üst vs Alt</Text>
    </Row>
    <Row Tag="TXT_KEY_MAP_OPTION_LEFT_VS_RIGHT">
      <Text>Sol vs Sag</Text>
    </Row>
    <Row Tag="TXT_KEY_MAP_OPTION_FOUR_CORNERS">
      <Text>Dört Köse</Text>
    </Row>
    <Row Tag="TXT_KEY_MAP_OPTION_RING_WIDTH">
      <Text>Halka Genisligi</Text>
    </Row>
    <Row Tag="TXT_KEY_MAP_OPTION_SPOKE_WIDTH">
      <Text>Jant Teli Genisligi</Text>
    </Row>
    <Row Tag="TXT_KEY_MAP_OPTION_CONTINENTS_SIZE">
      <Text>Kitalar Boyut</Text>
    </Row>
    <Row Tag="TXT_KEY_MAP_OPTION_LARGE_CONTINENTS">
      <Text>Büyük Kitalar</Text>
    </Row>
    <Row Tag="TXT_KEY_MAP_OPTION_SMALL_CONTINENTS">
      <Text>Küçük Kitalar</Text>
    </Row>
    <Row Tag="TXT_KEY_MAP_OPTION_ISLANDS_SIZE">
      <Text>Adalar Boyut</Text>
    </Row>
    <Row Tag="TXT_KEY_MAP_OPTION_LARGE_ISLANDS">
      <Text>Büyük Adalar</Text>
    </Row>
    <Row Tag="TXT_KEY_MAP_OPTION_SMALL_ISLANDS">
      <Text>Küçük Adalar</Text>
    </Row>
    <Row Tag="TXT_KEY_MAP_OPTION_ISLANDS_OVERLAP">
      <Text>Adalar Cakisiyor</Text>
    </Row>
    <Row Tag="TXT_KEY_MAP_OPTION_ISLAND_REGION_SEPARATE">
      <Text>Ada Bölgesi Ayri</Text>
    </Row>
    <Row Tag="TXT_KEY_MAP_OPTION_ISLANDS_MIXED_IN">
      <Text>Karisik Adalar</Text>
    </Row>
    <Row Tag="TXT_KEY_MAP_OPTION_CENTER_REGION">
      <Text>Merkez Bölge</Text>
    </Row>
    <Row Tag="TXT_KEY_MAP_OPTION_HILLS">
      <Text>Tepeler</Text>
    </Row>
    <Row Tag="TXT_KEY_MAP_OPTION_MOUNTAINS">
      <Text>Daglar</Text>
    </Row>
    <Row Tag="TXT_KEY_MAP_OPTION_DESERT">
      <Text>Cöl</Text>
    </Row>
    <Row Tag="TXT_KEY_MAP_OPTION_OCEAN">
      <Text>Okyanus</Text>
    </Row>
    <Row Tag="TXT_KEY_MAP_OPTION_STANDARD">
      <Text>Standart</Text>
    </Row>
    <Row Tag="TXT_KEY_MAP_OPTION_JUNGLE">
      <Text>Orman</Text>
    </Row>
    <Row Tag="TXT_KEY_MAP_OPTION_NO_JUNGLES">
      <Text>Orman Yok</Text>
    </Row>
    <Row Tag="TXT_KEY_MAP_OPTION_WORLD_WRAP">
      <Text>World Wrap</Text>
    </Row>
    <Row Tag="TXT_KEY_MAP_OPTION_FLAT">
      <Text>Düz</Text>
    </Row>
    <Row Tag="TXT_KEY_MAP_OPTION_CYLINDER">
      <Text>Silindir</Text>
    </Row>
    <Row Tag="TXT_KEY_MAP_OPTION_TOROID">
      <Text>Toroid</Text>
    </Row>
    <Row Tag="TXT_KEY_MAP_OPTION_RANDOM">
      <Text>Rastgele</Text>
    </Row>
    <Row Tag="TXT_KEY_MAP_OPTION_DOMINANT_TERRAIN">
      <Text>Baskin Arazi</Text>
    </Row>
    <Row Tag="TXT_KEY_MAP_OPTION_BALANCED_RESOURCES">
      <Text>Dengeli</Text>
    </Row>
    <Row Tag="TXT_KEY_MAP_SCRIPT_SKIRMISH_GRASSLANDS">
      <Text>Otlaklar</Text>
    </Row>
    <Row Tag="TXT_KEY_MAP_SCRIPT_SKIRMISH_GRASSLANDS_HELP">
      <Text>Genis bir çayirlik alana serpistirilmis bazi tepeler ve ormanlar.</Text>
    </Row>
    <Row Tag="TXT_KEY_MAP_SCRIPT_SKIRMISH_PLAINS">
      <Text>Ovalar</Text>
    </Row>
    <Row Tag="TXT_KEY_MAP_SCRIPT_SKIRMISH_PLAINS_HELP">
      <Text>Genis bir ovaya serpistirilmis küçük karisik arazi parçalari.</Text>
    </Row>
    <Row Tag="TXT_KEY_MAP_SCRIPT_SKIRMISH_FOREST">
      <Text>Orman</Text>
    </Row>
    <Row Tag="TXT_KEY_MAP_SCRIPT_SKIRMISH_FOREST_HELP">
      <Text>Otlaklarin serpistirildigi yemyesil bir orman.</Text>
    </Row>
    <Row Tag="TXT_KEY_MAP_SCRIPT_SKIRMISH_JUNGLE">
      <Text>Orman</Text>
    </Row>
    <Row Tag="TXT_KEY_MAP_SCRIPT_SKIRMISH_JUNGLE_HELP">
      <Text>Tepeler ve ormanla serpistirilmis asiri büyümüs bir orman.</Text>
    </Row>
    <Row Tag="TXT_KEY_MAP_SCRIPT_SKIRMISH_DESERT">
      <Text>Cöl</Text>
    </Row>
    <Row Tag="TXT_KEY_MAP_SCRIPT_SKIRMISH_DESERT_HELP">
      <Text>Tepelerin serpistirildigi uçsuz bucaksiz bir çöl! Su ortami büyük önem tasir.</Text>
    </Row>
    <Row Tag="TXT_KEY_MAP_SCRIPT_SKIRMISH_TUNDRA">
      <Text>Tundra</Text>
    </Row>
    <Row Tag="TXT_KEY_MAP_SCRIPT_SKIRMISH_TUNDRA_HELP">
      <Text>Daha verimli ovalarin sadece küçük ceplerinin bulundugu soguk bir arazi.</Text>
    </Row>
    <Row Tag="TXT_KEY_MAP_SCRIPT_SKIRMISH_HILLS">
      <Text>Tepeler</Text>
    </Row>
    <Row Tag="TXT_KEY_MAP_SCRIPT_SKIRMISH_HILLS_HELP">
      <Text>Otlak vadilerle serpistirilmis engebeli yaylalar.</Text>
    </Row>
    <Row Tag="TXT_KEY_MAP_OPTION_GLOBAL_CLIMATE">
      <Text>Küresel Iklim</Text>
    </Row>
    <Row Tag="TXT_KEY_MAP_OPTION_GLOBAL_CLIMATE_HELP">
      <Text>Sanki harita bütün bir dünyayi temsil ediyormus gibi standart bir iklim.</Text>
    </Row>
    <!-- Front End Menu Buttons-->
    <Row Tag="TXT_KEY_PLAY_NOW">
      <Text>SIMDI OYNA</Text>
    </Row>
    <Row Tag="TXT_KEY_PLAY_NOW_SETTINGS">
      <Text>Geçerli ayarlarla oynayin:</Text>
    </Row>
    <Row Tag="TXT_KEY_PLAY_NOW_TT">
      <Text>En son seçeneklerle oynayin</Text>
    </Row>
    <Row Tag="TXT_KEY_SETUP_GAME">
      <Text>OYUNU KURUN</Text>
    </Row>
    <Row Tag="TXT_KEY_SETUP_GAME_TT">
      <Text>Oyun Ayarlarini Degistirme</Text>
    </Row>
    <Row Tag="TXT_KEY_SCENARIOS">
      <Text>SENARYOLAR</Text>
    </Row>
    <Row Tag="TXT_KEY_LOAD_GAME_TT">
      <Text>Kayitli bir oyunu yükleme</Text>
    </Row>
    <Row Tag="TXT_KEY_LOAD_MAP">
      <Text>Harita Yükle</Text>
    </Row>
    <Row Tag="TXT_KEY_LOAD_MAP_TT">
      <Text>Oynamak için belirli bir harita yükleme</Text>
    </Row>
    <Row Tag="TXT_KEY_LOAD_MOD">
      <Text>Yük Modu</Text>
    </Row>
    <Row Tag="TXT_KEY_LOAD_SCENARIO">
      <Text>Yük Senaryosu</Text>
    </Row>
    <Row Tag="TXT_KEY_TUTORIAL">
      <Text>TUTORIAL</Text>
    </Row>
    <Row Tag="TXT_KEY_TUTORIAL_TT">
      <Text>Oyun kavramlarini tanitmak için senaryolar</Text>
    </Row>
    <Row Tag="TXT_KEY_MULTIPLAYER">
      <Text>COK OYUNCULU</Text>
    </Row>
    <Row Tag="TXT_KEY_MULTIPLAYER_TT">
      <Text>LAN veya internet çok oyunculu</Text>
    </Row>
    <Row Tag="TXT_KEY_MODS">
      <Text>MODLAR</Text>
    </Row>
    <Row Tag="TXT_KEY_LOAD_MENU_MODS">
      <Text>MODLAR</Text>
    </Row>
    <Row Tag="TXT_KEY_LOAD_MENU_DLC">
      <Text>DLC</Text>
    </Row>
    <Row Tag="TXT_KEY_LOAD_MENU_REQUIRED_DLC">
      <Text>Bu kayitli oyun için asagidaki DLC gereklidir:</Text>
    </Row>
    <Row Tag="TXT_KEY_LOAD_MENU_REQUIRED_MODS">
      <Text>Bu kayitli oyun için asagidaki Modlar gereklidir:</Text>
    </Row>
    <Row Tag="TXT_KEY_MODS_TT">
      <Text>Kullanici Tarafindan Olusturulan Modlara Erisim</Text>
    </Row>
    <Row Tag="TXT_KEY_OPTIONS">
      <Text>SECENEKLER</Text>
    </Row>
    <Row Tag="TXT_KEY_OPTIONS_TT">
      <Text>Oyun ve Sistem Ayarlari</Text>
    </Row>
    <Row Tag="TXT_KEY_OTHER">
      <Text>DIGER</Text>
    </Row>
    <Row Tag="TXT_KEY_OTHER_TT">
      <Text>Diger bilgiler</Text>
    </Row>
    <Row Tag="TXT_KEY_HALL_OF_FAME">
      <Text>SÖHRET SALONU</Text>
    </Row>
    <Row Tag="TXT_KEY_HALL_OF_FAME_TT">
      <Text>En yüksek puanlar.</Text>
    </Row>
    <Row Tag="TXT_KEY_LATEST_NEWS">
      <Text>SON HABERLER</Text>
    </Row>
    <Row Tag="TXT_KEY_LATEST_NEWS_TT">
      <Text>En Son Haberleri Okuyun (Aktif Internet Baglantisi Gerektirir).</Text>
    </Row>
    <Row Tag="TXT_KEY_CREDITS">
      <Text>KREDILER</Text>
    </Row>
    <Row Tag="TXT_KEY_CREDITS_TT">
      <Text>Sizin için...</Text>
    </Row>
    <Row Tag="TXT_KEY_EXIT_BUTTON">
      <Text>CIKIS</Text>
    </Row>
    <Row Tag="TXT_KEY_EXIT_TT">
      <Text>Pencerelere çikin.</Text>
    </Row>
    <Row Tag="TXT_KEY_SINGLE_PLAYER">
      <Text>Tek Oyuncu</Text>
    </Row>
    <Row Tag="TXT_KEY_MULTIPLAYER_STRING">
      <Text>Coklu Oyuncu</Text>
    </Row>
    <Row Tag="TXT_KEY_AUTOSAVES">
      <Text>Otomatik Kaydetmeler</Text>
    </Row>
    <Row Tag="TXT_KEY_STEAMCLOUD">
      <Text>Buhar Bulutu</Text>
    </Row>
    <Row Tag="TXT_KEY_STEAM_EMPTY_SAVE">
      <Text>Bos Kaydetme Yuvasi</Text>
    </Row>
    <Row Tag="TXT_KEY_STEAMCLOUD_SAVE">
      <Text>{1_SaveNumber}. {2_SaveName}</Text>
    </Row>
    <Row Tag="TXT_KEY_NAME_CIV_TITLE">
      <Text>Uygarliginiza Isim Verin!</Text>
    </Row>
    <Row Tag="TXT_KEY_MAP_TYPE_TITLE">
      <Text>Harita Türünü Seçin</Text>
    </Row>
    <Row Tag="TXT_KEY_MAP_TITLE">
      <Text>Modifiye Harita Seçin</Text>
    </Row>
    <Row Tag="TXT_KEY_MAP_SIZE_FORMAT">
      <Text>Harita Boyutu: {1_string}</Text>
    </Row>
    <Row Tag="TXT_KEY_CIVS_FORMAT">
      <Text>Medeniyetler: {1_number}</Text>
    </Row>
    <Row Tag="TXT_KEY_MAX_TURN_FORMAT">
      <Text>Maksimum Dönüs Sayisi: {1_number}</Text>
    </Row>
    <Row Tag="TXT_KEY_START_ERA_FORMAT">
      <Text>Baslangiç Dönemi: {1_string}</Text>
    </Row>
    <Row Tag="TXT_KEY_VICTORYS_FORMAT">
      <Text>Zafer Türleri:</Text>
    </Row>
    <Row Tag="TXT_KEY_ADVANCED_OPTIONS">
      <Text>Gelismis Oyun Seçenekleri:</Text>
    </Row>
    <Row Tag="TXT_KEY_DLC_ALLOWED">
      <Text>DLC Izinli:</Text>
    </Row>
    <Row Tag="TXT_KEY_CITY_STATES_FORMAT">
      <Text>Sehir Devletleri: {1_number}</Text>
    </Row>
    <Row Tag="TXT_KEY_FILE_INFO_NOT_FOUND">
      <Text>Harita bilgisi bulunamadi</Text>
    </Row>
    <Row Tag="TXT_KEY_GAME_LOADING">
      <Text>Yükleniyor...</Text>
    </Row>
    <Row Tag="TXT_KEY_PGSCREEN_LEADERNAME">
      <Text>Lider Adi</Text>
    </Row>
    <Row Tag="TXT_KEY_PGSCREEN_CIVNAME">
      <Text>Uygarlik Adi</Text>
    </Row>
    <Row Tag="TXT_KEY_PGSCREEN_DIPLOSTATUS">
      <Text>Diplomasi Durumu</Text>
    </Row>
    <Row Tag="TXT_KEY_PGSCREEN_MAPTYPE">
      <Text>Harita Türünü Seçin</Text>
    </Row>
    <Row Tag="TXT_KEY_PGSCREEN_CONTINENTS">
      <Text>Kitalar</Text>
    </Row>
    <Row Tag="TXT_KEY_PGSCREEN_FRACTAL">
      <Text>Fraktal</Text>
    </Row>
    <Row Tag="TXT_KEY_PGSCREEN_HUB">
      <Text>Hub</Text>
    </Row>
    <Row Tag="TXT_KEY_PGSCREEN_WHEEL">
      <Text>Tekerlek</Text>
    </Row>
    <Row Tag="TXT_KEY_PGSCREEN_MAPSIZE">
      <Text>Harita Boyutunu Seçin</Text>
    </Row>
    <Row Tag="TXT_KEY_PGSCREEN_DEBUG_MICRO">
      <Text>Mikro Hata Ayiklama</Text>
    </Row>
    <Row Tag="TXT_KEY_PGSCREEN_TINY">
      <Text>Küçük</Text>
    </Row>
    <Row Tag="TXT_KEY_PGSCREEN_SMALL">
      <Text>Küçük</Text>
    </Row>
    <Row Tag="TXT_KEY_PGSCREEN_STANDARD">
      <Text>Standart</Text>
    </Row>
    <Row Tag="TXT_KEY_PGSCREEN_GAME_SPEED">
      <Text>Oyun Hizini Seçin</Text>
    </Row>
    <Row Tag="TXT_KEY_PGSCREEN_SPEED_QUICK">
      <Text>Hizli</Text>
    </Row>
    <Row Tag="TXT_KEY_PGSCREEN_SPEED_STANDARD">
      <Text>Standart</Text>
    </Row>
    <Row Tag="TXT_KEY_PGSCREEN_SPEED_EPIC">
      <Text>Destansi</Text>
    </Row>
    <Row Tag="TXT_KEY_PGSCREEN_DIFFICULTY">
      <Text>Zorluk Seviyesini Seçin</Text>
    </Row>
    <Row Tag="TXT_KEY_PGSCREEN_CHIEFTAN">
      <Text>Chieftan</Text>
    </Row>
    <Row Tag="TXT_KEY_PGSCREEN_EMPEROR">
      <Text>Imparator</Text>
    </Row>
    <Row Tag="TXT_KEY_PGSCREEN_IMMORTAL">
      <Text>Ölümsüz</Text>
    </Row>
    <Row Tag="TXT_KEY_PGSCREEN_CIVILIZATION_POINTS">
      <Text>Medeniyet Puanlarim:</Text>
    </Row>
    <Row Tag="TXT_KEY_TITLE_BAR">
      <Text>Baslik</Text>
    </Row>
    <Row Tag="TXT_KEY_TITLE_BODY_DESCRIPTION">
      <Text>Basliklarinin altinda bir metin gövdesi olmasi gereken seyler için Gövde</Text>
    </Row>
    <Row Tag="TXT_KEY_SOMEONE_STILL_LOADING">
      <Text>BIRILERI HALA yüklüyor</Text>
    </Row>
    <!-- Advanced Setup Screen Buttons and Headers-->
    <Row Tag="TXT_KEY_AD_SETUP_REMOVE_AI_PLAYER">
      <Text>Yapay zekayi kaldirin</Text>
    </Row>
    <Row Tag="TXT_KEY_AD_SETUP_REMOVE_AI_PLAYER_TT">
      <Text>Bu Yapay Zeka Oyuncusunu kaldirin.</Text>
    </Row>
    <Row Tag="TXT_KEY_AD_SETUP_GAME_OPTIONS">
      <Text>Oyun Seçenekleri</Text>
    </Row>
    <Row Tag="TXT_KEY_AD_SETUP_CIVILIZATION">
      <Text>Medeniyetler: {1_count}</Text>
    </Row>
    <Row Tag="TXT_KEY_AD_SETUP_UNKNOWN_PLAYERS">
      <Text>Bilinmeyen Oyuncu Sayisi [NEWLINE][NEWLINE](Oyuncu sayisini düzenlemek için Harita Boyutunu seçin)</Text>
    </Row>
    <Row Tag="TXT_KEY_AD_SETUP_DEFAULT">
      <Text>Sifirla</Text>
    </Row>
    <Row Tag="TXT_KEY_AD_SETUP_ADD_DEFAULT_TT">
      <Text>Seçenekleri Varsayilana Sifirla</Text>
    </Row>
    <Row Tag="TXT_KEY_AD_SETUP_RAGING_BARBARIANS">
      <Text>Öfkeli Barbarlar</Text>
    </Row>
    <Row Tag="TXT_KEY_AD_SETUP_RAGING_BARBARIANS_TT">
      <Text>Oyunda Öfkeli Barbarlar olup olmadigini degistirir.</Text>
    </Row>
    <Row Tag="TXT_KEY_AD_SETUP_NUCLEAR_FIRST_STRIKE">
      <Text>Yapay Zeka Nükleer Ilk Saldiri</Text>
    </Row>
    <Row Tag="TXT_KEY_AD_SETUP_NUCLEAR_FIRST_STRIKE_TT">
      <Text>Yapay zekanin insan oyuncudan önce nükleer silah kullanmasina izin verir.</Text>
    </Row>
    <Row Tag="TXT_KEY_AD_SETUP_NO_BARBARIANS">
      <Text>Barbarlar Yok</Text>
    </Row>
    <Row Tag="TXT_KEY_AD_SETUP_NO_BARBARIANS_TT">
      <Text>Tüm Barbarlari haritadan kaldirir.</Text>
    </Row>
    <Row Tag="TXT_KEY_AD_SETUP_ADD_AI_PLAYER">
      <Text>Yapay Zeka Oyuncu Ekle</Text>
    </Row>
    <Row Tag="TXT_KEY_AD_SETUP_ADD_AI_PLAYER_TT">
      <Text>Bir Yapay Zeka Oyuncusu ekleyin.</Text>
    </Row>
    <Row Tag="TXT_KEY_AD_SETUP_GAME_SPEED">
      <Text>Oyun Temposu</Text>
    </Row>
    <Row Tag="TXT_KEY_AD_GAME_SPEED_SETTING">
      <Text>Oyun Hizi: {1_gamePace}</Text>
    </Row>
    <Row Tag="TXT_KEY_AD_CHOOSE_SPEED">
      <Text>Oyun Hizini Seçin</Text>
    </Row>
    <Row Tag="TXT_KEY_AD_SELECT_DIFFICULTY">
      <Text>Zorluk Seviyesini Seçin</Text>
    </Row>
    <Row Tag="TXT_KEY_AD_SELECT_MAP_SIZE">
      <Text>Harita Boyutunu Seçin</Text>
    </Row>
    <Row Tag="TXT_KEY_AD_SETUP_MAP_SIZE">
      <Text>Harita Boyutu</Text>
    </Row>
    <Row Tag="TXT_KEY_AD_MAP_SIZE_SETTING">
      <Text>Harita Boyutu: {1_mapSize}</Text>
    </Row>
    <Row Tag="TXT_KEY_AD_SETUP_MAP">
      <Text>Harita</Text>
    </Row>
    <Row Tag="TXT_KEY_AD_SETUP_MAP_TYPE">
      <Text>Harita Türü</Text>
    </Row>
    <Row Tag="TXT_KEY_AD_MAP_TYPE_SETTING">
      <Text>Harita Türü: {1_mapType}</Text>
    </Row>
    <Row Tag="TXT_KEY_AD_SETUP_ADVANCED_OPTIONS">
      <Text>GELISMIS KURULUM</Text>
    </Row>
    <Row Tag="TXT_KEY_REFRESH_GAME_LIST_TT">
      <Text>Oyun Kurulumuna Geri Dön</Text>
    </Row>
    <Row Tag="TXT_KEY_NUMBERING_FORMAT">
      <Text>{1_number}.</Text>
    </Row>
    <Row Tag="TXT_KEY_AD_SETUP_GAME_ERA">
      <Text>Oyun Cagi</Text>
    </Row>
    <Row Tag="TXT_KEY_AD_SETUP_GAME_TURN_MODE">
      <Text>Dönüs Modu</Text>
    </Row>
    <Row Tag="TXT_KEY_AD_SETUP_HANDICAP">
      <Text>Zorluk Seviyesi</Text>
    </Row>
    <Row Tag="TXT_KEY_AD_HANDICAP_SETTING">
      <Text>Zorluk Seviyesi: {1_handicap}</Text>
    </Row>
    <Row Tag="TXT_KEY_AD_SETUP_CITY_STATES">
      <Text>Sehir Devletleri: {1_number}</Text>
    </Row>
    <Row Tag="TXT_KEY_AD_SETUP_MAX_TURNS">
      <Text>Maksimum Dönüsler</Text>
    </Row>
    <Row Tag="TXT_KEY_AD_MAP_DESC_FORMAT">
      <Text>{1_description} [NEWLINE] Num Civs: {2_civs}      Maksimum Dönüs Sayisi: {3_num}      Baslangiç Dönemi: {4_era}</Text>
    </Row>
    <Row Tag="TXT_KEY_AD_SETUP_PLAYER_COUNT">
      <Text>Oyuncular: {1_PlayerCount}</Text>
    </Row>
    <Row Tag="TXT_KEY_AD_SETUP_START_ERA">
      <Text>Baslangiç Dönemi: {@1_Era}</Text>
    </Row>
    <Row Tag="TXT_KEY_AD_SETUP_MAX_TURNS_1">
      <Text>Maksimum Dönüs Sayisi: {1_NumTurns}</Text>
    </Row>
    <Row Tag="TXT_KEY_AD_SETUP_MAX_TURNS_TT">
      <Text>Maksimum dönüse ulasildiginda oyun sona erecektir.</Text>
    </Row>
    <Row Tag="TXT_KEY_GAME_SETUP_RANDOMIZE">
      <Text>Rastgele</Text>
    </Row>
    <Row Tag="TXT_KEY_GAME_ADVANCED_SETUP">
      <Text>Gelismis Kurulum</Text>
    </Row>
    <Row Tag="TXT_KEY_GAME_SELECTION_SCREEN">
      <Text>OYUNU KURUN</Text>
    </Row>
    <Row Tag="TXT_KEY_PLAYER_TYPE_HUMAN">
      <Text>Insan</Text>
    </Row>
    <Row Tag="TXT_KEY_GAME_OPTION_END_TURN_TIMER_ENABLED">
      <Text>Dönüs Zamanlayicisini Etkinlestir</Text>
    </Row>
    <Row Tag="TXT_KEY_GAME_OPTION_END_TURN_TIMER_ENABLED_HELP">
      <Text>Zamanlayici bittiginde dönüsler otomatik olarak sona erecektir.[NEWLINE]0 = Oyun dönüs süresini dinamik olarak ölçeklendirir.</Text>
    </Row>
    <Row Tag="TXT_KEY_SECONDS">
      <Text>Saniyeler</Text>
    </Row>
    <Row Tag="TXT_KEY_MINUTES">
      <Text>Dakika</Text>
    </Row>
    <Row Tag="TXT_KEY_HOURS">
      <Text>Saatler</Text>
    </Row>
    <Row Tag="TXT_KEY_GAME_OPTION_QUICK_COMBAT">
      <Text>Hizli Savas</Text>
    </Row>
    <Row Tag="TXT_KEY_GAME_OPTION_QUICK_COMBAT_HELP">
      <Text>Birimler saldirdiginda hiçbir savas animasyonu oynatilmaz.</Text>
    </Row>
    <Row Tag="TXT_KEY_GAME_OPTION_QUICK_MOVEMENT">
      <Text>Hizli Hareket</Text>
    </Row>
    <Row Tag="TXT_KEY_GAME_OPTION_QUICK_MOVEMENT_HELP">
      <Text>Birimler hareket ettiginde hiçbir animasyon oynatilmaz.</Text>
    </Row>
    <!-- Multiplayer Setup Screens-->
    <Row Tag="TXT_KEY_MULTIPLAYER_JOINING_ROOM">
      <Text>Katilma Odasi...</Text>
    </Row>
    <Row Tag="TXT_KEY_MULTIPLAYER_JOINING_HOST">
      <Text>Ana bilgisayara baglaniliyor...</Text>
    </Row>
    <Row Tag="TXT_KEY_MULTIPLAYER_JOINING_PLAYERS">
      <Text>Oyunculara baglaniyor...</Text>
    </Row>
    <Row Tag="TXT_KEY_MULTIPLAYER_JOINING_GAMESTATE">
      <Text>Ana Bilgisayar Bilgilerini Alma...</Text>
    </Row>
    <Row Tag="TXT_KEY_MULTIPLAYER_SEARCHING_GAME">
      <Text>Oyun Ariyorum...</Text>
    </Row>
    <Row Tag="TXT_KEY_MULTIPLAYER_GAMES_FOUND">
      <Text>Oyunlar bulundu:</Text>
    </Row>
    <Row Tag="TXT_KEY_MULTIPLAYER_SERVER_NAME">
      <Text>Sunucu Adi</Text>
    </Row>
    <Row Tag="TXT_KEY_MULTIPLAYER_MEMBERS">
      <Text>Üyeler</Text>
    </Row>
    <Row Tag="TXT_KEY_MULTIPLAYER_DLCHOSTED">
      <Text>DLC</Text>
    </Row>
    <Row Tag="TXT_KEY_MULTIPLAYER_MODSHOSTED">
      <Text>Modlar</Text>
    </Row>
    <Row Tag="TXT_KEY_MULTIPLAYER_INTERNET_LOBBY">
      <Text>İNTERNET OYUNLARI</Text>
    </Row>
    <Row Tag="TXT_KEY_MULTIPLAYER_PITBOSS_LOBBY">
      <Text>PITBOSS OYUNLARI</Text>
    </Row>
    <Row Tag="TXT_KEY_MOD_INTERNET_LOBBY">
      <Text>MOD INTERNET OYUNLARI</Text>
    </Row>
    <Row Tag="TXT_KEY_MULTIPLAYER_REFRESH_GAME_LIST">
      <Text>Yenile</Text>
    </Row>
    <Row Tag="TXT_KEY_MULTIPLAYER_REFRESH_GAME_LIST_TT">
      <Text>En son oyun listesi bilgilerini alin.</Text>
    </Row>
    <Row Tag="TXT_KEY_MULTIPLAYER_STOP_REFRESH_GAME_LIST">
      <Text>Yenilemeyi Durdur</Text>
    </Row>
    <Row Tag="TXT_KEY_MULTIPLAYER_STOP_REFRESH_GAME_LIST_TT">
      <Text>Oyun listesi bilgilerinin alinmasini durdurun.</Text>
    </Row>
    <Row Tag="TXT_KEY_MULTIPLAYER_CONNECT_TO_IP">
      <Text>IP Adresine Baglan</Text>
    </Row>
    <Row Tag="TXT_KEY_MULTIPLAYER_CONNECT_TO_IP_TT">
      <Text>Belirli bir genel IP adresindeki bir pitboss oyununa baglanin.</Text>
    </Row>
    <Row Tag="TXT_KEY_CONNECTED">
      <Text>Bagli</Text>
    </Row>
    <Row Tag="TXT_KEY_DISCONNECTED">
      <Text>Baglanti kesildi</Text>
    </Row>
    <Row Tag="TXT_KEY_HOST_MIGRATION">
      <Text>Artik Ev Sahibi</Text>
    </Row>
    <Row Tag="TXT_KEY_KICKED">
      <Text>Tekmelendi</Text>
    </Row>
    <Row Tag="TXT_KEY_MULTIPLAYER_JOIN_GAME">
      <Text>Oyuna Katil</Text>
    </Row>
    <Row Tag="TXT_KEY_MULTIPLAYER_LAN_LOBBY">
      <Text>YEREL AG OYUNLARI</Text>
    </Row>
    <Row Tag="TXT_KEY_MOD_LAN_LOBBY">
      <Text>MOD YEREL AG OYUNLARI</Text>
    </Row>
    <Row Tag="TXT_KEY_MULTIPLAYER_SELECT_MULTIPLAYER_TYPE">
      <Text>Cok Oyunculu</Text>
    </Row>
    <Row Tag="TXT_KEY_MODS_SELECT_MULTIPLAYER_TYPE">
      <Text>Modlar Cok Oyunculu</Text>
    </Row>
    <Row Tag="TXT_KEY_MULTIPLAYER_STANDARD_GAME">
      <Text>Standart</Text>
    </Row>
    <Row Tag="TXT_KEY_MULTIPLAYER_STANDARD_GAME_TT">
      <Text>Oyuncularin birbirleriyle sürekli olarak sirayla oynadiklari çok oyunculu bir oyun oynayin.</Text>
    </Row>
    <Row Tag="TXT_KEY_MULTIPLAYER_INTERNET_GAME">
      <Text>Internet</Text>
    </Row>
    <Row Tag="TXT_KEY_MULTIPLAYER_INTERNET_GAME_TT">
      <Text>Internet üzerinden çok oyunculu bir oyun oynayin.</Text>
    </Row>
    <Row Tag="TXT_KEY_MULTIPLAYER_LAN_GAME">
      <Text>Yerel Ag</Text>
    </Row>
    <Row Tag="TXT_KEY_MULTIPLAYER_LAN_GAME_TT">
      <Text>Yerel ag üzerinde çok oyunculu bir oyun oynayin.</Text>
    </Row>
    <Row Tag="TXT_KEY_MULTIPLAYER_HOTSEAT_GAME">
      <Text>Sicak Koltuk</Text>
    </Row>
    <Row Tag="TXT_KEY_MULTIPLAYER_HOTSEAT_GAME_TT">
      <Text>Oyuncularin bu makinede dönüsümlü olarak sirayla yer aldigi çok oyunculu bir oyun oynayin.</Text>
    </Row>
    <Row Tag="TXT_KEY_MULTIPLAYER_PITBOSS_GAME">
      <Text>Pitboss</Text>
    </Row>
    <Row Tag="TXT_KEY_MULTIPLAYER_PITBOSS_GAME_TT">
      <Text>Özel bir sunucunun oyunu uzun bir süre boyunca kontrol ettigi çok oyunculu bir oyun oynayin.</Text>
    </Row>
    <Row Tag="TXT_KEY_MULTIPLAYER_RECONNECT">
      <Text>Son Oyuna Yeniden Baglan</Text>
    </Row>
    <Row Tag="TXT_KEY_MULTIPLAYER_GAME_SETUP_HEADER">
      <Text>COK OYUNCULU OYUN KURULUMU</Text>
    </Row>
    <Row Tag="TXT_KEY_MOD_MP_GAME_SETUP_HEADER">
      <Text>KURULUM MOD COK OYUNCULU OYUN</Text>
    </Row>
    <Row Tag="TXT_KEY_MULTIPLAYER_BROWSE_GAMES">
      <Text>Oyunlara Gözat</Text>
    </Row>
    <Row Tag="TXT_KEY_LOADING_SAVED_GAME">
      <Text>Kaydedilmis Oyun Yükleniyor</Text>
    </Row>
    <Row Tag="TXT_KEY_GAME_IN_PROGRESS">
      <Text>Oyun Devam Ediyor</Text>
    </Row>
    <Row Tag="TXT_KEY_JOINING_GAME_IN_PROGRESS">
      <Text>Devam eden oyuna katilma</Text>
    </Row>
    <Row Tag="TXT_KEY_LOAD_GAME">
      <Text>Oyun Yükle</Text>
    </Row>
    <Row Tag="TXT_KEY_BAD_TEAMS">
      <Text>En az 2 takiminiz olmalidir.</Text>
    </Row>
    <Row Tag="TXT_KEY_LAUNCH_GAME_BLOCKED_PLAYER_JOINING">
      <Text>Bir oyuncu oyuna katiliyor.  Lütfen bekleyin.</Text>
    </Row>
    <Row Tag="TXT_KEY_START_GAME">
      <Text>Oyunu Baslat</Text>
    </Row>
    <Row Tag="TXT_KEY_HOST_GAME">
      <Text>Ev Sahibi Oyunu</Text>
    </Row>
    <Row Tag="TXT_KEY_HOST">
      <Text>Ev sahibi</Text>
    </Row>
    <Row Tag="TXT_KEY_FIND_GAME">
      <Text>Oyun Bul</Text>
    </Row>
    <Row Tag="TXT_KEY_START_SCENARIO">
      <Text>Baslangiç Senaryosu</Text>
    </Row>
    <Row Tag="TXT_KEY_HOST_SCENARIO">
      <Text>Ev Sahibi Senaryosu</Text>
    </Row>
    <Row Tag="TXT_KEY_FIND_SCENARIO">
      <Text>Senaryo Bul</Text>
    </Row>
    <Row Tag="TXT_KEY_MULTIPLAYER_HOST_GAME">
      <Text>Ev Sahibi Oyunu</Text>
    </Row>
    <Row Tag="TXT_KEY_MULTIPLAYER_HOST_GAME_TT">
      <Text>Yeni bir çok oyunculu oyun baslatin.</Text>
    </Row>
    <Row Tag="TXT_KEY_MULTIPLAYER_HOST_PRIVATE_GAME">
      <Text>Özel Oyun Düzenleyin</Text>
    </Row>
    <Row Tag="TXT_KEY_MULTIPLAYER_PRIVATE_GAME">
      <Text>Özel Oyun</Text>
    </Row>
    <Row Tag="TXT_KEY_ACTIVE_MODS">
      <Text>Aktif Modlar</Text>
    </Row>
    <Row Tag="TXT_KEY_MULTIPLAYER_STAGING_ROOM_HEADER_PLAYER">
      <Text>Oyuncular</Text>
    </Row>
    <Row Tag="TXT_KEY_MULTIPLAYER_STAGING_ROOM_HEADER_PLAYER_TT">
      <Text>Oyuncu listesini görüntüleyin.</Text>
    </Row>
    <Row Tag="TXT_KEY_MULTIPLAYER_STAGING_ROOM_GAME_OPTIONS_TT">
      <Text>Oyun seçeneklerini degistirin. (Yalnizca Ev Sahibi)</Text>
    </Row>
    <Row Tag="TXT_KEY_MULTIPLAYER_STAGING_ROOM_HEADER_CIVILIZATION">
      <Text>Uygarlik</Text>
    </Row>
    <Row Tag="TXT_KEY_MULTIPLAYER_PLAYER_STATUS_READY">
      <Text>Hazir</Text>
    </Row>
    <Row Tag="TXT_KEY_MULTIPLAYER_DEFAULT_PLAYER_NAME">
      <Text>Oyuncu {1_Num}</Text>
    </Row>
    <Row Tag="TXT_KEY_MULTIPLAYER_DEFAULT_TEAM_NAME">
      <Text>Takim {1_Num}</Text>
    </Row>
    <Row Tag="TXT_KEY_MULTIPLAYER_OBSERVER_TEAM_NAME">
      <Text>Gözlemciler</Text>
    </Row>
    <Row Tag="TXT_KEY_MULTIPLAYER_DEFAULT_SERVER_PLAYER_NAME">
      <Text>Sunucu</Text>
    </Row>
    <Row Tag="TXT_KEY_MULTIPLAYER_DEFAULT_SERVER_NAME">
      <Text>Sunucu {1_Num}</Text>
    </Row>
    <Row Tag="TXT_KEY_AI_NICKNAME">
      <Text>AI</Text>
    </Row>
    <Row Tag="TXT_KEY_WAITING_FOR_INVITE_RESPONSE">
      <Text>{1_player} için bekliyorum</Text>
    </Row>
    <Row Tag="TXT_KEY_MULTIPLAYER_STATUS_LISTING">
      <Text>Durum</Text>
    </Row>
    <Row Tag="TXT_KEY_MULTIPLAYER_RESUME_LAST_GAME">
      <Text>Son Oyuna Devam Et</Text>
    </Row>
    <Row Tag="TXT_KEY_MULTIPLAYER_STAGING_ROOM">
      <Text>Hazirlik Odasi</Text>
    </Row>
    <Row Tag="TXT_KEY_MULTIPLAYER_DEDICATED_SERVER_ROOM">
      <Text>Özel Sunucu Odasi</Text>
    </Row>
    <Row Tag="TXT_KEY_MULTIPLAYER_LAUNCH_GAME">
      <Text>Oyunu Baslat</Text>
    </Row>
    <Row Tag="TXT_KEY_MP_READY_CHECK">
      <Text>Hazir Durum</Text>
    </Row>
    <Row Tag="TXT_KEY_MP_READY_CHECK_UNAVAILABLE_DATA_HELP">
      <Text>Ready kullanilamiyor çünkü baska bir oyuncu bilgisayarinizda yüklü olmayan bir DLC kullaniyor.</Text>
    </Row>
    <Row Tag="TXT_KEY_MP_KICK_PLAYER">
      <Text>Tekme Oyuncusu</Text>
    </Row>
    <Row Tag="TXT_KEY_MP_LOCK_SLOT">
      <Text>Yapay Zeka Oyuncusunu Kilitle</Text>
    </Row>
    <Row Tag="TXT_KEY_MP_UNLOCK_SLOT">
      <Text>Yapay Zeka Oyuncusunun Kilidini Aç</Text>
    </Row>
    <Row Tag="TXT_KEY_MP_DISABLE_SLOT">
      <Text>Yuvayi Devre Disi Birak</Text>
    </Row>
    <Row Tag="TXT_KEY_MP_ENABLE_SLOT">
      <Text>Yuvayi Etkinlestir</Text>
    </Row>
    <Row Tag="TXT_KEY_MP_SWAP_BUTTON_TT">
      <Text>Bu oyuncu yuvasina takas edin.</Text>
    </Row>
    <Row Tag="TXT_KEY_MULTIPLAYER_TO_ALL">
      <Text>Herkese:</Text>
    </Row>
    <Row Tag="TXT_KEY_MULTIPLAYER_SELECT_SAVED_GAME">
      <Text>Kaydedilmis Oyunu Seçin</Text>
    </Row>
    <Row Tag="TXT_KEY_MULTIPLAYER_AUTOSAVES">
      <Text>Otomatik Kaydetmeler</Text>
    </Row>
    <Row Tag="TXT_KEY_MULTIPLAYER_CANCEL_LOAD_TT">
      <Text>Cok Oyunculu Kaydetmeyi Yüklemeyi Iptal Et.</Text>
    </Row>
    <Row Tag="TXT_KEY_MULTIPLAYER_INTERNET_DESC">
      <Text>Oynamak istediginiz oyun türünü seçin ve sistem sizi ayni oyun türünü arayan oyuncularla eslestirsin. Arkadaslarinizi davet edebileceginiz ve rastgele oyuncularin size katilmayacagi bir oyun düzenlemek için "Özel Oyun Düzenle" seçenegini isaretleyin.</Text>
    </Row>
    <Row Tag="TXT_KEY_MULTIPLAYER_INVITE">
      <Text>Davetiye</Text>
    </Row>
    <Row Tag="TXT_KEY_MULTIPLAYER_INVITE_TT">
      <Text>Oyununuza katilmalari için arkadaslarinizi davet edin.</Text>
    </Row>
    <Row Tag="TXT_KEY_SLOTTYPE_OPEN">
      <Text>Açik</Text>
    </Row>
    <Row Tag="TXT_KEY_SLOTTYPE_OPEN_TT">
      <Text>Açik slotlar katilan oyuncular tarafindan doldurulabilir.</Text>
    </Row>
    <Row Tag="TXT_KEY_SLOTTYPE_HUMANREQ">
      <Text>Insan Gerekli</Text>
    </Row>
    <Row Tag="TXT_KEY_SLOTTYPE_HUMANREQ_TT">
      <Text>Insan Gerektiren slotlar, oyunun baslayabilmesi için bir insan oyuncu gerektirir.</Text>
    </Row>
    <Row Tag="TXT_KEY_SLOTTYPE_AI">
      <Text>AI</Text>
    </Row>
    <Row Tag="TXT_KEY_SLOTTYPE_AI_TT">
      <Text>Yapay Zeka Oyuncusu</Text>
    </Row>
    <Row Tag="TXT_KEY_SLOTTYPE_OBSERVER">
      <Text>Gözlemci</Text>
    </Row>
    <Row Tag="TXT_KEY_SLOTTYPE_OBSERVER_TT">
      <Text>Gözlemciler oyunu bir uygarlik olarak katilmadan izlerler.</Text>
    </Row>
    <Row Tag="TXT_KEY_SLOTTYPE_CLOSED">
      <Text>Kapali</Text>
    </Row>
    <Row Tag="TXT_KEY_SLOTTYPE_CLOSED_TT">
      <Text>Kapali slotlar oyuncular tarafindan kullanilamaz.</Text>
    </Row>
    <Row Tag="TXT_KEY_SLOTTYPE_HUMAN_TT">
      <Text>Insan Oyuncu</Text>
    </Row>
    <Row Tag="TXT_KEY_GAMESTART_COUNTDOWN_FORMAT">
      <Text>Oyun Baslama Yeri: {1_number}</Text>
    </Row>
    <Row Tag="TXT_KEY_MULTIPLAYER_HOST_LAN">
      <Text>LAN Oyunu Düzenleyin</Text>
    </Row>
    <Row Tag="TXT_KEY_MULTIPLAYER_HOST_LAN_DESC">
      <Text>Oyun seçeneklerini seçin ve ardindan bir oyuna ev sahipligi yapin. Bu, LAN'inizdaki oyuncularin lobide görecekleri ve katilabilecekleri bir oyun olusturacaktir.</Text>
    </Row>
    <Row Tag="TXT_KEY_MP_JOIN_FAILED">
      <Text>Cok oyunculu oturuma katilirken hata olustu.</Text>
    </Row>
    <Row Tag="TXT_KEY_MP_JOIN_FAILED_MISSING_RESOURCES">
      <Text>Cok oyunculu oyuna katilirken hata olustu.  Bazi gerekli DLC\Modlar yüklü degil.</Text>
    </Row>
    <Row Tag="TXT_KEY_MP_NICK_NAME">
      <Text>Nick Name</Text>
    </Row>
    <Row Tag="TXT_KEY_MP_USE_PASSWORD">
      <Text>Sifre Kullan</Text>
    </Row>
    <Row Tag="TXT_KEY_MP_USE_PASSWORD_TT">
      <Text>Oyuncunun sirasini baslatmak için bir parola kullanin</Text>
    </Row>
    <Row Tag="TXT_KEY_MP_PASSWORD">
      <Text>Sifre</Text>
    </Row>
    <Row Tag="TXT_KEY_MP_RETYPE_PASSWORD">
      <Text>Yeniden yaz</Text>
    </Row>
    <Row Tag="TXT_KEY_MP_KICKED">
      <Text>Ev sahibi tarafindan oyundan atildiniz.</Text>
    </Row>
    <Row Tag="TXT_KEY_MP_NETWORK_CONNECTION_LOST">
      <Text>Ag baglantisi kesildi.</Text>
    </Row>
    <Row Tag="TXT_KEY_MP_HOST_LOST">
      <Text>Ana bilgisayarla ag baglantisi kesildi.</Text>
    </Row>
    <Row Tag="TXT_KEY_MP_LAST_PLAYER">
      <Text>Oyunda kalan son insan oyuncu sizsiniz.</Text>
    </Row>
    <Row Tag="TXT_KEY_MP_ROOM_FULL">
      <Text>Oyun maksimum oyuncu sayisina sahiptir.</Text>
    </Row>
    <Row Tag="TXT_KEY_GAME_OPTION_SIMULTANEOUS_TURNS">
      <Text>Eszamanli</Text>
    </Row>
    <Row Tag="TXT_KEY_GAME_OPTION_SIMULTANEOUS_TURNS_HELP">
      <Text>Oyuncular siralarini ayni anda alirlar.</Text>
    </Row>
    <Row Tag="TXT_KEY_GAME_OPTION_SEQUENTIAL_TURNS">
      <Text>Sirali</Text>
    </Row>
    <Row Tag="TXT_KEY_GAME_OPTION_SEQUENTIAL_TURNS_HELP">
      <Text>Oyuncular sirayla yerlerini alirlar.</Text>
    </Row>
    <Row Tag="TXT_KEY_GAME_OPTION_DYNAMIC_TURNS">
      <Text>Hibrit</Text>
    </Row>
    <Row Tag="TXT_KEY_GAME_OPTION_DYNAMIC_TURNS_HELP">
      <Text>Oyuncular siralarini savas durumlarina göre alirlar.[NEWLINE]Savasan insan oyuncular siralarini sirayla alirlar.[NEWLINE]Savasmayan oyuncular siralarini ayni anda alirlar.</Text>
    </Row>
    <Row Tag="TXT_KEY_GAME_OPTION_PITBOSS">
      <Text>Pitboss</Text>
    </Row>
    <Row Tag="TXT_KEY_GAME_OPTION_PITBOSS_HELP">
      <Text>Oyuncular (ev sahibi disinda) istedikleri zaman oyuna girebilir\çikabilirler.  Oyunculara sira kendilerine geldiginde sira bildirimleri gönderilir.</Text>
    </Row>
    <Row Tag="TXT_KEY_LIST_LOBBIES_INTERNET">
      <Text>Lobiler: Internet</Text>
    </Row>
    <Row Tag="TXT_KEY_LIST_LOBBIES_INTERNET_TT">
      <Text>Internetteki Steam Lobileri.</Text>
    </Row>
    <Row Tag="TXT_KEY_LIST_SERVERS_INTERNET">
      <Text>Sunucular: Internet</Text>
    </Row>
    <Row Tag="TXT_KEY_LIST_SERVERS_INTERNET_TT">
      <Text>Internette Steam Özel Sunuculari.</Text>
    </Row>
    <Row Tag="TXT_KEY_LIST_SERVERS_LAN">
      <Text>Sunucular: LAN</Text>
    </Row>
    <Row Tag="TXT_KEY_LIST_SERVERS_LAN_TT">
      <Text>Yerel LAN üzerinde Steam Dedicated Sunucular.</Text>
    </Row>
    <Row Tag="TXT_KEY_LIST_SERVERS_FRIENDS">
      <Text>Hizmetçiler: Arkadaslar</Text>
    </Row>
    <Row Tag="TXT_KEY_LIST_SERVERS_FRIENDS_TT">
      <Text>Steam Özel Sunuculari internetteki arkadaslar tarafindan barindiriliyor.</Text>
    </Row>
    <Row Tag="TXT_KEY_LIST_SERVERS_FAVORITES">
      <Text>Sunucular Favoriler</Text>
    </Row>
    <Row Tag="TXT_KEY_LIST_SERVERS_FAVORITES_TT">
      <Text>Steam Özel Sunuculari Favoriler olarak isaretlendi.</Text>
    </Row>
    <Row Tag="TXT_KEY_LIST_SERVERS_HISTORY">
      <Text>Sunucular Tarihçe</Text>
    </Row>
    <Row Tag="TXT_KEY_LIST_SERVERS_HISTORY_TT">
      <Text>Son zamanlarda oynadiginiz Steam Özel Sunuculari.</Text>
    </Row>
    <!-- MAP SCIPT TEXT -->
    <Row Tag="TXT_KEY_MAP_CONTINENTS_PLUS">
      <Text>Kitalar Arti</Text>
    </Row>
    <Row Tag="TXT_KEY_MAP_CONTINENTS_PLUS_HELP">
      <Text>Kitalara benzer, ancak ada zincirleri ve sehir devleti yerlesimi için genisletilmis komut dosyasi ile.</Text>
    </Row>
    <Row Tag="TXT_KEY_MAP_PANGAEA_PLUS">
      <Text>Pangaea Plus</Text>
    </Row>
    <Row Tag="TXT_KEY_MAP_PANGAEA_PLUS_HELP">
      <Text>Pangaea'ya benzer, ancak ada zincirleri ve sehir devleti yerlesimi için genisletilmis komut dosyasi ile.</Text>
    </Row>
    <Row Tag="TXT_KEY_MAP_SANDSTORM">
      <Text>Kum Firtinasi</Text>
    </Row>
    <Row Tag="TXT_KEY_MAP_SANDSTORM_HELP">
      <Text>Cogunlukla çölden olusan, küçük düzlükler ve otlaklar içeren sert bir dünya.</Text>
    </Row>
    <Row Tag="TXT_KEY_OTHER_MENU_VIEW_REPLAYS">
      <Text>TEKRARLARI GÖRÜNTÜLE</Text>
    </Row>
    <Row Tag="TXT_KEY_OTHER_MENU_VIEW_REPLAYS_TT">
      <Text>Önceki oyunlarin tekrarlarini görüntüleyin.</Text>
    </Row>
    <Row Tag="TXT_KEY_LOAD_REPLAY_MENU_TITLE">
      <Text>REPLAY SECIN</Text>
    </Row>
    <Row Tag="TXT_KEY_LOAD_REPLAY_MENU_SELECT_REPLAY">
      <Text>Tekrar Oynat'i seçin</Text>
    </Row>
    <Row Tag="TXT_KEY_LOAD_REPLAY_MENU_PLEASE_SELECT_REPLAY">
      <Text>Lütfen bir yeniden oynatma dosyasi seçin.</Text>
    </Row>
    <Row Tag="TXT_KEY_LOAD_REPLAY_MENU_INVALID_REPLAY_FILE">
      <Text>Geçersiz veya güncel olmayan yeniden oynatma dosyasi.</Text>
    </Row>
    <Row Tag="TXT_KEY_NO_REPLAYS">
      <Text>TEKRARLAR MEVCUT DEGIL</Text>
    </Row>
    <Row Tag="TXT_KEY_SORTBY_NAME">
      <Text>Isme Göre Sirala</Text>
    </Row>
    <Row Tag="TXT_KEY_SORTBY_LASTMODIFIED">
      <Text>Son Degistirilene Göre Sirala</Text>
    </Row>
    <Row Tag="TXT_KEY_MULTIPLAYER_LOBBY_NO">
      <Text>No</Text>
    </Row>
    <Row Tag="TXT_KEY_MULTIPLAYER_LOBBY_YES">
      <Text>Evet</Text>
    </Row>
    <Row Tag="TXT_KEY_STAGING_ROOM_UNDER_1_MS">
      <Text>&lt;1ms</Text>
    </Row>
    <Row Tag="TXT_KEY_STAGING_ROOM_TIME_MS">
      <Text>ms</Text>
    </Row>
    <Row Tag="TXT_KEY_STAGING_ROOM_TIME_S">
      <Text>s</Text>
    </Row>
    <Row Tag="TXT_KEY_LOBBY_REQUIRED_DLC">
      <Text>Gerekli DLC:</Text>
    </Row>
    <!-- Leaderboard Screen -->
    <Row Tag="TXT_KEY_LB_REQUESTINGSCORES">
      <Text>Liderlik Tablosu Puanlarini Geri Alma...</Text>
    </Row>
    <Row Tag="TXT_KEY_LB_NOTSUPPORTEDBYMOD">
      <Text>Lider tablolari mevcut mod yapilandirmaniz tarafindan desteklenmiyor.</Text>
    </Row>
    <Row Tag="TXT_KEY_LB_NOLEADERBOARD">
      <Text>Bu liderlik tablosuna gönderilmis bir skor yok.[NEWLINE]Tek oyunculu bir oyunu tamamlayarak skor gönderen ilk oyuncu olun!</Text>
    </Row>
    <Row Tag="TXT_KEY_LB_NOSCORES_FRIENDS">
      <Text>Siz ve arkadaslariniz bu liderlik tablosuna gönderimde bulunmadiniz.[NEWLINE]Tek oyunculu bir oyunu tamamlayarak arkadaslariniza meydan okuyun!</Text>
    </Row>
    <Row Tag="TXT_KEY_LB_NOSCORES_PERSONAL">
      <Text>Bu liderlik tablosuna gönderimde bulunmadiniz.[NEWLINE]Tek oyunculu bir oyunu tamamlayarak dünyaya meydan okuyun!</Text>
    </Row>
    <Row Tag="TXT_KEY_LEADERBOARD_PULLDOWN">
      <Text>Liderlik Tablolari</Text>
    </Row>
    <Row Tag="TXT_KEY_LEADERBOARD_PULLDOWN_TT">
      <Text>Su anda yüklü olan tüm oyun içerigi, DLC ve modlar için liderlik tablolari.</Text>
    </Row>
    <Row Tag="TXT_KEY_LEADERBOARD_RANKING">
      <Text>Siralama</Text>
    </Row>
    <Row Tag="TXT_KEY_LEADERBOARD_FRIENDS">
      <Text>ARKADASLAR</Text>
    </Row>
    <Row Tag="TXT_KEY_LEADERBOARD_FRIENDS_TT">
      <Text>Sizin ve arkadaslarinizin liderlik tablosunu görüntüleyin.</Text>
    </Row>
    <Row Tag="TXT_KEY_LEADERBOARD_PERSONAL">
      <Text>KISISEL</Text>
    </Row>
    <Row Tag="TXT_KEY_LEADERBOARD_PERSONAL_TT">
      <Text>Küresel liderlik tablosundaki konumunuzun liderlik tablosunu görüntüleyin.</Text>
    </Row>
    <Row Tag="TXT_KEY_LEADERBOARD_GLOBAL">
      <Text>KÜRESEL</Text>
    </Row>
    <Row Tag="TXT_KEY_LEADERBOARD_GLOBAL_TT">
      <Text>Dünyanin en iyi oyuncularinin liderlik tablosunu görüntüleyin.</Text>
    </Row>
    <Row Tag="TXT_KEY_LEADERBOARD">
      <Text>LIDER PANOLARI</Text>
    </Row>
    <Row Tag="TXT_KEY_LEADERBOARD_TT">
      <Text>Skorlari arkadaslarinizla ve dünyayla karsilastirin (Aktif Internet Baglantisi Gerektirir).</Text>
    </Row>
    <Row Tag="TXT_KEY_LEADERBOARD_CIV5BASE_NAME">
      <Text>Uygarlik 5</Text>
    </Row>
    <Row Tag="TXT_KEY_LEADERBOARD_CIV5EXP1_NAME">
      <Text>Tanrilar ve Krallar</Text>
    </Row>
    <Row Tag="TXT_KEY_LEADERBOARD_CIV5EXP2_NAME">
      <Text>Cesur Yeni Dünya</Text>
    </Row>
    <Row Tag="TXT_KEY_LEADERBOARD_REFRESH_TT">
      <Text>En son liderlik tablosu skorlarini alin.</Text>
    </Row>
    <!-- Leaderboard Screen End -->
    <!-- Change smtp Password Screen -->
    <Row Tag="TXT_KEY_MAIL_PASSWORD_USAGE_INFO">
      <Text>Civilization 5, güvenlik nedeniyle e-posta (SMTP) sifrenizi kaydetmez veya iletmez.  Lütfen e-posta sifrenizi yeniden girin.</Text>
    </Row>
    <Row Tag="TXT_KEY_NAME_REENTER_MAIL_PASSWORD">
      <Text>E-posta Sifrenizi Yeniden Girin</Text>
    </Row>
    <!-- Change smtp Password Screen End -->
    <Row Tag="TXT_KEY_SAVE_GAME_CONFIGURATION_TT">
      <Text>Oyun baslangiç yapilandirmasini kaydedin.</Text>
    </Row>
    <Row Tag="TXT_KEY_DEFAULT_GAME_CONFIGURATION_NAME">
      <Text>Oyun Yapilandirmasi</Text>
    </Row>
    <Row Tag="TXT_KEY_UPDATING_GAME_DATA">
      <Text>Oyun Verileri Yapilandiriliyor... Lütfen Bekleyin.</Text>
    </Row>
  </Language_en_US>
</GameData>