﻿<?xml version="1.0" encoding="utf-8"?>
<!-- edited with XMLSPY v2004 rel. 2 U (http://www.xmlspy.com) by Scott Lewis (Firaxis Games) -->
<!--Sid Meier's Civilization V -->
<!--Copyright Firaxis Games 2010 -->
<!--File created by Paul Murphy-->
<GameData>
  <Language_en_US>
    <Row Tag="TXT_KEY_EMPTY">
      <Text>Bos</Text>
    </Row>
    <Row Tag="TXT_KEY_START_ERA">
      <Text>Baslangiç Dönemi: {1_era}</Text>
    </Row>
    <Row Tag="TXT_KEY_MAX_TURNS">
      <Text>Maksimum Dönüs Sayisi: {1_maxTurns}</Text>
    </Row>
    <Row Tag="TXT_KEY_ERA_TURNS_FORMAT">
      <Text>{2_number} {2_number: plural 1?Turn  other?Turns } - Oyun {1_era}'da basladi</Text>
    </Row>
    <Row Tag="TXT_KEY_CUR_ERA_TURNS_FORMAT">
      <Text>{2_number} {2_number: plural 1?Turn  other?Turns } - Mevcut Dönem: {1_era}</Text>
    </Row>
    <Row Tag="TXT_KEY_SAVE_DATE_FORMAT_UTC">
      <Text>{1_month} {2_day}, {3_year} {4_hour}:{5_minute} {6_amPm} UTC</Text>
    </Row>
    <Row Tag="TXT_KEY_MONTH1">
      <Text>Ocak</Text>
    </Row>
    <Row Tag="TXT_KEY_MONTH2">
      <Text>Subat</Text>
    </Row>
    <Row Tag="TXT_KEY_MONTH3">
      <Text>Mart</Text>
    </Row>
    <Row Tag="TXT_KEY_MONTH4">
      <Text>Nisan</Text>
    </Row>
    <Row Tag="TXT_KEY_MONTH5">
      <Text>Mayis</Text>
    </Row>
    <Row Tag="TXT_KEY_MONTH6">
      <Text>Haziran</Text>
    </Row>
    <Row Tag="TXT_KEY_MONTH7">
      <Text>Temmuz</Text>
    </Row>
    <Row Tag="TXT_KEY_MONTH8">
      <Text>Agustos</Text>
    </Row>
    <Row Tag="TXT_KEY_MONTH9">
      <Text>Eylül</Text>
    </Row>
    <Row Tag="TXT_KEY_MONTH10">
      <Text>Ekim</Text>
    </Row>
    <Row Tag="TXT_KEY_MONTH11">
      <Text>Kasim</Text>
    </Row>
    <Row Tag="TXT_KEY_MONTH12">
      <Text>Aralik</Text>
    </Row>
    <Row Tag="TXT_KEY_YOU">
      <Text>Sen</Text>
    </Row>
    <Row Tag="TXT_KEY_UNMET_PLAYER">
      <Text>Karsilanmamis Bir Oyuncu</Text>
    </Row>
    <Row Tag="TXT_KEY_CURRENTLY_SELECTED_UNIT">
      <Text>Bu o anda seçili olan Birimdir.[NEWLINE][NEWLINE](Kamerayi üzerine ortalamak için tiklayin)</Text>
    </Row>
    <Row Tag="TXT_KEY_UNIT_EXPERIENCE_INFO">
      <Text>Level: [COLOR_POSITIVE_TEXT]{1_Num}[ENDCOLOR][NEWLINE]Experience: [COLOR_POSITIVE_TEXT]{2_Num}\{3_Num}[ENDCOLOR]</Text>
    </Row>
    <Row Tag="TXT_KEY_POPUP_GREAT_PERSON">
      <Text>{TXT_KEY_GRAMMAR_UPPER_A_AN &lt;&lt; {@1_UnitName}} {1_CityName:textkey}'te dogdu![NEWLINE]2 Uygarlik Puani kazanmak için onu harcayabilir veya özel gücünü bir Sehirde kullanmanizi saglayacak bir Birime[NEWLINE]dönüstürebilirsiniz!</Text>
    </Row>
    <Row Tag="TXT_KEY_POPUP_GREAT_PERSON_UNIT">
      <Text>Birim</Text>
    </Row>
    <Row Tag="TXT_KEY_POPUP_GREAT_PERSON_VPS">
      <Text>Uygarlik Puanlari</Text>
    </Row>
    <Row Tag="TXT_KEY_POPUP_MINOR_GOLD_GIFT">
      <Text>{1_CivName:textkey} Altin hediye edebilirsiniz.</Text>
    </Row>
    <Row Tag="TXT_KEY_POPUP_MINOR_GOLD_GIFT_AMOUNT">
      <Text>{1_NumGold} [ICON_GOLD] Altin - ([2] [ICON_INFLUENCE] Nüfuz kazanacaktir</Text>
    </Row>
    <Row Tag="TXT_KEY_POPUP_MINOR_GOLD_GIFT_CANT">
      <Text>En az {1_NumGold} ile Altin, {2_CivName:textkey}'e bir hediye verebilirsiniz.</Text>
    </Row>
    <Row Tag="TXT_KEY_RANSOM_POPUP_ABANDON">
      <Text>Altina degmez. Birakin onlari.</Text>
    </Row>
    <Row Tag="TXT_KEY_RANSOM_POPUP_INFO">
      <Text>Barbarlar sivil Birliklerinizden birini ele geçirdi! {1_Num} talep ediyorlar. Tebaanizin hayatina karsilik altin. Cevabiniz nedir?</Text>
    </Row>
    <Row Tag="TXT_KEY_RANSOM_POPUP_PAY">
      <Text>Bedelini öde.</Text>
    </Row>
    <Row Tag="TXT_KEY_RELIGION_BUDDHISM">
      <Text>Budizm</Text>
    </Row>
    <Row Tag="TXT_KEY_RELIGION_CHRISTIANITY">
      <Text>Hristiyanlik</Text>
    </Row>
    <Row Tag="TXT_KEY_RELIGION_HINDUISM">
      <Text>Hinduizm</Text>
    </Row>
    <Row Tag="TXT_KEY_RELIGION_ISLAM">
      <Text>Islam</Text>
    </Row>
    <Row Tag="TXT_KEY_RELIGION_POLYTHEISM">
      <Text>Cok Tanricilik</Text>
    </Row>
    <Row Tag="TXT_KEY_RELIGION_SHINTOISM">
      <Text>Sintoizm</Text>
    </Row>
    <Row Tag="TXT_KEY_RELIGION_SPIRITUALISM">
      <Text>Spiritüalizm</Text>
    </Row>
    <Row Tag="TXT_KEY_RELIGION_ZOROASTRIANISM">
      <Text>Zerdüstlük</Text>
    </Row>
    <Row Tag="TXT_KEY_SMALL_AWARD_CITY">
      <Text>Sehir Ödülü!</Text>
    </Row>
    <Row Tag="TXT_KEY_SMALL_AWARD_CITY_NOTIFICATION">
      <Text>Imparatorlugunuz {1_Num} içeriyor Sehir(ler)! Bu basariniz için {2_Num} kazandiniz. Uygarlik Noktasi!</Text>
    </Row>
    <Row Tag="TXT_KEY_SMALL_AWARD_CITY_TEAM_NOTIFICATION">
      <Text>Ekibiniz {1_Num} içerir Sehir(ler)! Bu basariniz için {2_Num} kazandiniz Uygarlik Noktasi!</Text>
    </Row>
    <Row Tag="TXT_KEY_SMALL_AWARD_POPULATION">
      <Text>Nüfus Ödülü!</Text>
    </Row>
    <Row Tag="TXT_KEY_SMALL_AWARD_POPULATION_NOTIFICATION">
      <Text>Nüfusu {1_Num} olan bir Sehre sahipsiniz! Bu basariniz için {2_Num} kazandiniz Uygarlik Noktasi!</Text>
    </Row>
    <Row Tag="TXT_KEY_SMALL_AWARD_POPULATION_TEAM_NOTIFICATION">
      <Text>Takiminiz {1_Num} Nüfuslu bir Sehre sahip! Bu basariniz için {2_Num} kazandiniz Uygarlik Noktasi!</Text>
    </Row>
    <Row Tag="TXT_KEY_VICTORY_CATEGORY_CULTURE">
      <Text>Kültür</Text>
    </Row>
    <Row Tag="TXT_KEY_VICTORY_CATEGORY_GOLD">
      <Text>Altin</Text>
    </Row>
    <Row Tag="TXT_KEY_VICTORY_CATEGORY_PRODUCTION">
      <Text>Üretim</Text>
    </Row>
    <Row Tag="TXT_KEY_VICTORY_CATEGORY_TECHNOLOGIES">
      <Text>Teknoloji</Text>
    </Row>
    <Row Tag="TXT_KEY_PLEASE_WAIT">
      <Text>LÜTFEN BEKLEYIN</Text>
    </Row>
    <Row Tag="TXT_KEY_PLEASE_WAIT_TT">
      <Text>Oyun su anda diger oyuncularin siralarini isliyor.</Text>
    </Row>
    <Row Tag="TXT_KEY_CHOOSE_POLICY">
      <Text>POLITIKAYI KABUL ET</Text>
    </Row>
    <Row Tag="TXT_KEY_CHOOSE_POLICY_TT">
      <Text>Yeni bir Sosyal Politika benimseyebilirsiniz!</Text>
    </Row>
    <Row Tag="TXT_KEY_CHOOSE_RESEARCH">
      <Text>ARASTIRMA SECIN</Text>
    </Row>
    <Row Tag="TXT_KEY_CHOOSE_RESEARCH_TT">
      <Text>Imparatorlugunuz için yeni bir arastirma projesi seçebilirsiniz!</Text>
    </Row>
    <Row Tag="TXT_KEY_CHOOSE_FREE_TECH">
      <Text>ÜCRETSIZ BIR TEKNOLOJI SECIN</Text>
    </Row>
    <Row Tag="TXT_KEY_CHOOSE_FREE_TECH_TT">
      <Text>Imparatorlugunuz için ücretsiz bir teknoloji seçebilirsiniz!</Text>
    </Row>
    <Row Tag="TXT_KEY_CHOOSE_FREE_GREAT_PERSON">
      <Text>HARIKA BIR INSAN SECIN</Text>
    </Row>
    <Row Tag="TXT_KEY_CHOOSE_FREE_GREAT_PERSON_TT">
      <Text>Imparatorlugunuz için ücretsiz harika bir kisi seçebilirsiniz!</Text>
    </Row>
    <Row Tag="TXT_KEY_CHOOSE_PRODUCTION">
      <Text>ÜRETIMI SECIN</Text>
    </Row>
    <Row Tag="TXT_KEY_CHOOSE_PRODUCTION_TT">
      <Text>Sehirlerinizden biri için yeni bir insaat projesi seçebilirsiniz!</Text>
    </Row>
    <Row Tag="TXT_KEY_SKIP_TURN">
      <Text>BIRIMIN SIRASINI ATLA</Text>
    </Row>
    <Row Tag="TXT_KEY_SKIP_TURN_TT">
      <Text>Seçili Birime bu tur hiçbir sey yapmamasini söyleyin.</Text>
    </Row>
    <Row Tag="TXT_KEY_MOVE_STACKED_UNIT">
      <Text>ISTIFLENMIS ÜNITEYI TASIMA</Text>
    </Row>
    <Row Tag="TXT_KEY_MOVE_STACKED_UNIT_TT">
      <Text>Ayni tipte baska bir birimle istiflenmis bir birim seçin.</Text>
    </Row>
    <Row Tag="TXT_KEY_UNIT_NEEDS_ORDERS">
      <Text>BIR BIRIMIN EMIRLERE IHTIYACI VARDIR</Text>
    </Row>
    <Row Tag="TXT_KEY_UNIT_NEEDS_ORDERS_TT">
      <Text>Sira sona ermeden önce emir almasi gereken bir birim seçin.</Text>
    </Row>
    <Row Tag="TXT_KEY_UNIT_PROMOTION">
      <Text>BIR BIRIMI TERFI ETTIRIN</Text>
    </Row>
    <Row Tag="TXT_KEY_UNIT_PROMOTION_TT">
      <Text>Terfi bekleyen bir birim seçin. Sirayi bitirmeden önce tüm birimler terfi ettirilmelidir.</Text>
    </Row>
    <Row Tag="TXT_KEY_CITY_RANGE_ATTACK">
      <Text>SEHIR SALDIRABILIR</Text>
    </Row>
    <Row Tag="TXT_KEY_CITY_RANGE_ATTACK_TT">
      <Text>Yakindaki bir düsmana karsi menzilli bir saldiri gerçeklestirin.</Text>
    </Row>
    <Row Tag="TXT_KEY_DIPLO_VOTE">
      <Text>OY VERMEYIN</Text>
    </Row>
    <Row Tag="TXT_KEY_DIPLO_VOTE_TT">
      <Text>Birlesmis Milletler'de oy kullanmalisiniz!</Text>
    </Row>
    <Row Tag="TXT_KEY_MINOR_QUEST_BLOCKING">
      <Text>SEHIR DEVLETI MESAJI</Text>
    </Row>
    <Row Tag="TXT_KEY_MINOR_QUEST_BLOCKING_TT">
      <Text>[COLOR_POSITIVE_TEXT]Kapatmak için SAG TIKLAYIN[ENDCOLOR].</Text>
    </Row>
    <Row Tag="TXT_KEY_WAITING_FOR_PLAYERS">
      <Text>OYUNCULARI BEKLIYOR</Text>
    </Row>
    <Row Tag="TXT_KEY_WAITING_FOR_PLAYERS_TT">
      <Text>Oyun diger oyuncularin siralarini bitirmelerini bekliyor.</Text>
    </Row>
    <Row Tag="TXT_KEY_NEXT_TURN">
      <Text>SONRAKI TUR</Text>
    </Row>
    <Row Tag="TXT_KEY_NEXT_TURN_TT">
      <Text>Siranizi sonlandirin ve oyundaki diger oyuncularin harekete geçmesine izin verin.</Text>
    </Row>
    <Row Tag="TXT_KEY_NOTIFICATION_ENEMY">
      <Text>Bölgemizde bir düsman birligi tespit edildi!</Text>
    </Row>
    <Row Tag="TXT_KEY_NOTIFICATION_ENEMY_SUMMARY">
      <Text>Bir Düsman Yaklasiyor!</Text>
    </Row>
    <Row Tag="TXT_KEY_NOTIFICATION_REBELS">
      <Text>Imparatorlukta en az 20 [ICON_HAPPINESS_4] Mutsuzluk oldugu için, bölgemizde bir ayaklanma meydana geldi!</Text>
    </Row>
    <Row Tag="TXT_KEY_NOTIFICATION_REBELS_SUMMARY">
      <Text>Asiler Ortaya Cikiyor!</Text>
    </Row>
    <Row Tag="TXT_KEY_NOTIFICATION_TURN_MODE_SEQUENTIAL">
      <Text>Bir insan oyuncu ile savas halindesiniz.  Siralariniz, çatisma bitene kadar savasan tüm uygarliklarla sirayla oynanacaktir.</Text>
    </Row>
    <Row Tag="TXT_KEY_NOTIFICATION_TURN_MODE_SEQUENTIAL_SUMMARY">
      <Text>Sirali Dönüsler!</Text>
    </Row>
    <Row Tag="TXT_KEY_NOTIFICATION_TURN_MODE_SIMULTANEOUS">
      <Text>Bir insan oyuncuyla olan savasiniz sona erdi. Siralariniz, savasmayan tüm uygarliklarla ayni anda oynanacaktir.</Text>
    </Row>
    <Row Tag="TXT_KEY_NOTIFICATION_TURN_MODE_SIMULTANEOUS_SUMMARY">
      <Text>Eszamanli Dönüsler!</Text>
    </Row>
    <Row Tag="TXT_KEY_UNIT_LOST">
      <Text>Bir Birim Öldürüldü!</Text>
    </Row>
    <Row Tag="TXT_KEY_UNIT_CAPTURED">
      <Text>Bir sivil yakalandi!</Text>
    </Row>
    <Row Tag="TXT_KEY_UNIT_CAPTURED_BARBS">
      <Text>Bir sivil Barbarlar tarafindan esir alindi!</Text>
    </Row>
    <Row Tag="TXT_KEY_UNIT_CAPTURED_DETAILED">
      <Text>{TXT_KEY_GRAMMAR_UPPER_A_AN &lt;&lt; {@1_UnitName}}, {2_CivName:textkey} tarafindan yakalandi!</Text>
    </Row>
    <Row Tag="TXT_KEY_UNIT_CAPTURED_BARBS_DETAILED">
      <Text>{TXT_KEY_GRAMMAR_UPPER_A_AN &lt;&lt; {@1_UnitName}} Barbarlar tarafindan ele geçirildi! Onu en yakin kamplarina götürecekler. Eger biriminizi geri almak istiyorsaniz, onu bulmaniz gerekecek!</Text>
    </Row>
    <Row Tag="TXT_KEY_FREE">
      <Text>ÜCRETSIZ</Text>
    </Row>
    <Row Tag="TXT_KEY_CIVILIAN">
      <Text>SIVIL</Text>
    </Row>
    <Row Tag="TXT_KEY_TECH_AWARD_TITLE">
      <Text>Yeni Bir Teknolojiyi Arastirdiniz!</Text>
    </Row>
    <Row Tag="TXT_KEY_TECH_AWARD_BUTTON">
      <Text>Devam et</Text>
    </Row>
    <Row Tag="TXT_KEY_SELECT_CIVILIZATION">
      <Text>UYGARLIGI SECIN</Text>
    </Row>
    <Row Tag="TXT_KEY_OPEN_TECH_TREE">
      <Text>Açik Teknoloji Agaci</Text>
    </Row>
    <Row Tag="TXT_KEY_TECH_POPUP_HEADER">
      <Text>Lütfen Medeniyetiniz için arastirmak ve gelistirmek üzere yeni bir Teknoloji seçin.</Text>
    </Row>
    <Row Tag="TXT_KEY_TECH_POPUP_CLOSE_RESEARCH">
      <Text>ARASTIRMAYI KAPAT</Text>
    </Row>
    <Row Tag="TXT_KEY_MISC_GREAT_PERSON_CHOOSE_TECH">
      <Text>Büyük bir insan uygarliginiz için yeni bir teknoloji kesfetti.</Text>
    </Row>
    <Row Tag="TXT_KEY_MISC_UNKNOWN">
      <Text>Bilinmiyor</Text>
    </Row>
    <Row Tag="TXT_KEY_RAZED_CITY">
      <Text>Yerle Bir Edilmis Sehir</Text>
    </Row>
    <Row Tag="TXT_KEY_DIPLO_ITEMS_OTHER_PLAYERS">
      <Text>DIGER OYUNCULAR</Text>
    </Row>
    <Row Tag="TXT_KEY_DIPLO_ITEMS_STRATEGIC_RESOURCES">
      <Text>STRATEJIK KAYNAKLAR</Text>
    </Row>
    <Row Tag="TXT_KEY_DIPLO_ITEMS_LUXURY_RESOURCES">
      <Text>LÜKS KAYNAKLAR</Text>
    </Row>
    <Row Tag="TXT_KEY_NAME_CITY_TITLE">
      <Text>Sehrinizin Adini Söyleyin!</Text>
    </Row>
    <Row Tag="TXT_KEY_NAME_UNIT_TITLE">
      <Text>Biriminize Isim Verin!</Text>
    </Row>
    <Row Tag="TXT_KEY_WORKERACTION_TEXT">
      <Text>Eylemler Olusturun</Text>
    </Row>
    <Row Tag="TXT_KEY_SECONDARY_O_TEXT">
      <Text>Biriminizin gerçeklestirebilecegi ek eylemleri gizler.</Text>
    </Row>
    <Row Tag="TXT_KEY_SECONDARY_C_TEXT">
      <Text>Biriminizin gerçeklestirebilecegi ek eylemleri ortaya çikarir.</Text>
    </Row>
    <Row Tag="TXT_KEY_ABLTY_FASTER_MOVEMENT_STRING">
      <Text>Daha hizli hareket</Text>
    </Row>
    <Row Tag="TXT_KEY_ABLTY_YIELD_IMPRVD_STRING">
      <Text>verim su kadar artti</Text>
    </Row>
    <Row Tag="TXT_KEY_ABLTY_NO_FRESH_WATER_STRING">
      <Text>Tatli su yok</Text>
    </Row>
    <Row Tag="TXT_KEY_ABLTY_FRESH_WATER_STRING">
      <Text>Tatli su</Text>
    </Row>
    <Row Tag="TXT_KEY_ABLTY_FAST_EMBARK_STRING">
      <Text>Daha hizli binis hareketi</Text>
    </Row>
    <Row Tag="TXT_KEY_ABLTY_OCEAN_EMBARK_STRING">
      <Text>Gemiye binmis birimlerin okyanuslari geçmesine izin verir</Text>
    </Row>
    <Row Tag="TXT_KEY_ABLTY_OPEN_BORDER_STRING">
      <Text>Açik Sinir anlasmalarina izin verir</Text>
    </Row>
    <Row Tag="TXT_KEY_ABLTY_D_PACT_STRING">
      <Text>Savunma Pakti anlasmalarina izin verir</Text>
    </Row>
    <Row Tag="TXT_KEY_ABLTY_R_PACT_STRING">
      <Text>Arastirma Anlasmalarina Izin Verir</Text>
    </Row>
    <Row Tag="TXT_KEY_ABLTY_T_PACT_STRING">
      <Text>Ticaret Anlasmalarina Izin Verir</Text>
    </Row>
    <Row Tag="TXT_KEY_ABLTY_BRIDGE_STRING">
      <Text>Nehirler üzerinde köprülere izin verir</Text>
    </Row>
    <Row Tag="TXT_KEY_ABLTY_DEFENSIVE_EMBARK_STRING">
      <Text>Gemiye binmis birimlerin kendilerini savunmalarina izin verir</Text>
    </Row>
    <Row Tag="TXT_KEY_DIPLO_ITEMS_LABEL">
      <Text>{1_PlayerName} Esyalar</Text>
    </Row>
    <Row Tag="TXT_KEY_DIPLO_YOUR_ITEMS_LABEL">
      <Text>Esyalariniz</Text>
    </Row>
    <Row Tag="TXT_KEY_TRADE_ITEM_OTHER_PLAYERS">
      <Text>DIGER OYUNCULAR</Text>
    </Row>
    <Row Tag="TXT_KEY_TRADE_ITEM_STRATEGIC_RESOURCES">
      <Text>STRATEJIK KAYNAKLAR</Text>
    </Row>
    <Row Tag="TXT_KEY_TRADE_ITEM_LUXURY_RESOURCES">
      <Text>LÜKS KAYNAKLAR</Text>
    </Row>
    <Row Tag="TXT_KEY_DEAL_OFFERED">
      <Text>Anlasma Önerisi</Text>
    </Row>
    <Row Tag="TXT_KEY_DEAL_OFFERED_BY_YOU">
      <Text>{1_Player}'ye bir teklifte bulundunuz</Text>
    </Row>
    <Row Tag="TXT_KEY_DEAL_OFFERED_BY_THEM">
      <Text>{1_Player} size bir anlasma teklif etti</Text>
    </Row>
    <Row Tag="TXT_KEY_DEAL_EXPIRED">
      <Text>Firsat Artik Geçerli Degil</Text>
    </Row>
    <Row Tag="TXT_KEY_DEAL_EXPIRED_FROM_THEM">
      <Text>{1_Player}'ye yaptiginiz teklif artik geçerli degildir.</Text>
    </Row>
    <Row Tag="TXT_KEY_DEAL_EXPIRED_FROM_YOU">
      <Text>{1_Player}'den gelen teklifiniz artik geçerli degil.</Text>
    </Row>
    <Row Tag="TXT_KEY_DEAL_ACCEPTED">
      <Text>Anlasma Kabul Edildi</Text>
    </Row>
    <Row Tag="TXT_KEY_DEAL_ACCEPTED_BY_YOU">
      <Text>{1_Player}'den gelen teklifi kabul ettiniz.</Text>
    </Row>
    <Row Tag="TXT_KEY_DEAL_ACCEPTED_BY_THEM">
      <Text>{1_Player}'ye yaptiginiz teklif kabul edilmistir</Text>
    </Row>
    <Row Tag="TXT_KEY_DEAL_REJECTED">
      <Text>Teklif Reddedildi</Text>
    </Row>
    <Row Tag="TXT_KEY_DEAL_REJECTED_BY_YOU">
      <Text>{1_Player}'den gelen teklifi reddettiniz.</Text>
    </Row>
    <Row Tag="TXT_KEY_DEAL_REJECTED_BY_THEM">
      <Text>{1_Player}'ye yaptiginiz teklif reddedildi</Text>
    </Row>
    <Row Tag="TXT_KEY_DEAL_WITHDRAWN">
      <Text>Teklif Geri Cekildi</Text>
    </Row>
    <Row Tag="TXT_KEY_DEAL_WITHDRAWN_BY_YOU">
      <Text>{1_Player}'ye yaptiginiz teklifi geri çektiniz.</Text>
    </Row>
    <Row Tag="TXT_KEY_DEAL_WITHDRAWN_BY_THEM">
      <Text>{1_Player}'den gelen teklif geri çekilmistir</Text>
    </Row>
    <Row Tag="TXT_KEY_DEAL_COUNTER_RECIEVED">
      <Text>Karsi Teklif Alindi</Text>
    </Row>
    <Row Tag="TXT_KEY_DEAL_COUNTER_BY_YOU">
      <Text>{1_Player}'ye bir karsi teklifte bulundunuz</Text>
    </Row>
    <Row Tag="TXT_KEY_DEAL_COUNTER_SENT">
      <Text>Önerilen Karsi Teklif</Text>
    </Row>
    <Row Tag="TXT_KEY_DEAL_COUNTER_BY_THEM">
      <Text>{1_Player} size bir karsi teklifte bulundu</Text>
    </Row>
    <Row Tag="TXT_KEY_UNIT_SUPPLY_REACHED">
      <Text>[COLOR_WARNING_TEXT]Tedarik Sinirina Ulasildi! [ENDCOLOR]</Text>
    </Row>
    <Row Tag="TXT_KEY_UNIT_SUPPLY_REACHED_TOOLTIP">
      <Text>Imparatorlugunuz {1_Num} destekleyebilir Birimler. Bu siniri {2_Num} oraninda astiniz, bu da Sehirlerinizdeki [ICON_PRODUCTION] Üretimi {3_Num}%. oraninda azaltir.</Text>
    </Row>
    <Row Tag="TXT_KEY_SWITCH_POLICY_BRANCHES">
      <Text>{1_NewBranchName:textkey}'ü kabul etmek ister misiniz? Bunu yapmak {2_OldBranches}'ü ve saglanan tüm faydalari terk edecektir. Ayrica imparatorlugunuzun 1 tur boyunca [COLOR_WARNING_TEXT]Anarsi[ENDCOLOR]'ye girmesine neden olacak ve bu süre boyunca [ICON_PRODUCTION] Üretim, [ICON_RESEARCH] Bilim veya [ICON_GOLD] Altin toplayamayacaktir.</Text>
    </Row>
    <Row Tag="TXT_KEY_LIBERTY_TITLE">
      <Text>{2_CivName:textkey} Konsolosu {1_PlayerName:textkey}</Text>
    </Row>
    <Row Tag="TXT_KEY_TRADITION_TITLE">
      <Text>{2_CivName:textkey}'nin {1_PlayerName:textkey} {@1: gender feminine?Lady  other?Lord }</Text>
    </Row>
    <Row Tag="TXT_KEY_HONOR_TITLE">
      <Text>{1_PlayerName:textkey} Büyük {2_CivName:textkey}</Text>
    </Row>
    <Row Tag="TXT_KEY_PIETY_TITLE">
      <Text>{1_PlayerName:textkey} {2_CivName:textkey}'ün Dindarlari</Text>
    </Row>
    <Row Tag="TXT_KEY_PATRONAGE_TITLE">
      <Text>{1_PlayerName:textkey} {2_CivName:textkey}'ün Aydinlanmislari</Text>
    </Row>
    <Row Tag="TXT_KEY_COMMERCE_TITLE">
      <Text>{2_CivName:textkey}'ün Doge'u {1_PlayerName:textkey}</Text>
    </Row>
    <Row Tag="TXT_KEY_RATIONALISM_TITLE">
      <Text>{1_PlayerName:textkey} {2_CivName:textkey}'ün Bilgeligi</Text>
    </Row>
    <Row Tag="TXT_KEY_FREEDOM_TITLE">
      <Text>{2_CivName:textkey} Baskani {1_PlayerName:textkey}</Text>
    </Row>
    <Row Tag="TXT_KEY_ORDER_TITLE">
      <Text>{2_CivName:textkey} Baskani {1_PlayerName:textkey}</Text>
    </Row>
    <Row Tag="TXT_KEY_AUTOCRACY_TITLE">
      <Text>{1_PlayerName:textkey} Korkunç {2_CivName:textkey}</Text>
    </Row>
    <Row Tag="TXT_KEY_NEW_GAME">
      <Text>Yeni Oyun</Text>
    </Row>
    <Row Tag="TXT_KEY_PLAYER_TURN_ENDED">
      <Text>{1_PlayerName:textkey} için dönüs sonlari</Text>
    </Row>
    <Row Tag="TXT_KEY_PLAYER_DISCONNECTED">
      <Text>{1_PlayerName:textkey} baglantisi kesildi. Yapay zeka kontrolü ele alacak.</Text>
    </Row>
    <Row Tag="TXT_KEY_PLAYER_DISCONNECTED_PITBOSS">
      <Text>{1_PlayerName:textkey} baglanti kesildi.</Text>
    </Row>
    <Row Tag="TXT_KEY_PLAYER_RECONNECTED">
      <Text>{1_PlayerName:textkey} bagli.</Text>
    </Row>
    <Row Tag="TXT_KEY_PLAYER_CONNECTING">
      <Text>{1_PlayerName:textkey} oyuna katiliyor.</Text>
    </Row>
    <Row Tag="TXT_KEY_PLAYER_KICKED">
      <Text>{1_PlayerName:textkey} oyundan atildi.</Text>
    </Row>
    <Row Tag="TXT_KEY_HOST_MIGRATED">
      <Text>{1_PlayerName:textkey} artik oyunun ev sahibi.</Text>
    </Row>
    <Row Tag="TXT_KEY_EXPERIENCE_POPUP">
      <Text>[COLOR_XP_BLUE]+{1_Num} XP[ENDCOLOR]</Text>
    </Row>
    <Row Tag="TXT_KEY_TALK_TO_PLAYER">
      <Text>Bu sehrin sahibiyle konusmak için buraya tiklayin!</Text>
    </Row>
    <Row Tag="TXT_KEY_HAVENT_MET">
      <Text>Bu oyuncuyla henüz tanismadiniz!</Text>
    </Row>
    <Row Tag="TXT_KEY_ALWAYS_AT_WAR_WITH_CITY">
      <Text>Bu sehrin sahibiyle her zaman savas halindesiniz!</Text>
    </Row>
    <!-- Disabled City Builds -->
    <Row Tag="TXT_KEY_NO_ACTION_VERY_UNHAPPY_SETTLERS">
      <Text>[NEWLINE]Imparatorluk [ICON_HAPPINESS_4] Cok Mutsuzken insa edilemez.</Text>
    </Row>
    <Row Tag="TXT_KEY_NO_ACTION_UNIT_PROJECT_REQUIRED">
      <Text>[NEWLINE]{1_ProjectName:textkey} bu birimi olusturmak için gereklidir.</Text>
    </Row>
    <Row Tag="TXT_KEY_NO_ACTION_UNIT_LACKS_RESOURCES">
      <Text>[NEWLINE] {1_Num} {2_ResourceIcon} {3_ResourceName:textkey} bu birimi olusturmak için gereklidir.</Text>
    </Row>
    <Row Tag="TXT_KEY_NO_ACTION_BUILDING_LACKS_RESOURCES">
      <Text>[NEWLINE] {1_Num} {2_ResourceIcon} {3_ResourceName:textkey} bu binayi insa etmek için gerekli.</Text>
    </Row>
    <Row Tag="TXT_KEY_NO_ACTION_GAME_COUNT_MAX">
      <Text>[NEWLINE]Dünyada sadece {1_Num} izin verilir.</Text>
    </Row>
    <Row Tag="TXT_KEY_NO_ACTION_TEAM_COUNT_MAX">
      <Text>[NEWLINE]Takim basina sadece {1_Num} izin verilir.</Text>
    </Row>
    <Row Tag="TXT_KEY_NO_ACTION_PLAYER_COUNT_MAX">
      <Text>[NEWLINE]Oyuncu basina sadece {1_Num} izin verilir.</Text>
    </Row>
    <Row Tag="TXT_KEY_NO_ACTION_NUKES">
      <Text>[NEWLINE]Nükleer silahlar insa edilemez.</Text>
    </Row>
    <Row Tag="TXT_KEY_NO_ACTION_SPECIAL_UNIT">
      <Text>[NEWLINE]Özel birim tipi insa edilemeyebilir.</Text>
    </Row>
    <Row Tag="TXT_KEY_NO_ACTION_SETTLER_SIZE_LIMIT">
      <Text>[NEWLINE]Yerlesimciler sadece en az {1_Num} [ICON_CITIZEN] Vatandasi olan Sehirlerde insa edilebilir.</Text>
    </Row>
    <Row Tag="TXT_KEY_NO_ACTION_SETTLER_SIZE_LIMIT_HARDCODED">
      <Text>[NEWLINE]Yerlesimciler sadece en az 2 [ICON_CITIZEN] Vatandasi olan Sehirlerde insa edilebilir.</Text>
    </Row>
    <Row Tag="TXT_KEY_NO_ACTION_UNIT_REQUIRES_BUILDING">
      <Text>[NEWLINE]Bu Sehirde {1_BuildingName:textkey} gerektirir.</Text>
    </Row>
    <Row Tag="TXT_KEY_NO_ACTION_BUILDING_LOCAL_RESOURCE">
      <Text>[NEWLINE]Bu Sehrin yakininda iyilestirilmis {2_ResourceIcon} {1_ResourceName:textkey} gerektirir.</Text>
    </Row>
    <Row Tag="TXT_KEY_NO_ACTION_BUILDING_COUNT_NEEDED">
      <Text>[NEWLINE]{2_BuildingName:textkey} sayim hala gerekli: {1_Num}</Text>
    </Row>
    <!-- Note: the following string is sometimes appended to the text entry right above (which is why it starts with a comma) -->
    <Row Tag="TXT_KEY_BUILD_FEATURE_PRODUCTION">
      <Text>{1_Num} [ICON_PRODUCTION] En yakin Sehre üretim saglar.</Text>
    </Row>
    <Row Tag="TXT_KEY_BUILD_FOOD_STRING">
      <Text>{1_Num}[ENDCOLOR] [ICON_FOOD] Gida</Text>
    </Row>
    <Row Tag="TXT_KEY_BUILD_PRODUCTION_STRING">
      <Text>{1_Num}[ENDCOLOR] [ICON_PRODUCTION] Üretim</Text>
    </Row>
    <Row Tag="TXT_KEY_BUILD_GOLD_STRING">
      <Text>{1_Num}[ENDCOLOR] [ICON_GOLD] Altin</Text>
    </Row>
    <Row Tag="TXT_KEY_BUILD_SCIENCE_STRING">
      <Text>{1_Num}[ENDCOLOR] [ICON_RESEARCH] Bilim</Text>
    </Row>
    <!-- Production tooltip Info -->
    <Row Tag="TXT_KEY_PRODUCTION_COST">
      <Text>[ICON_PRODUCTION] Maliyet: {1_Num}</Text>
    </Row>
    <Row Tag="TXT_KEY_PRODUCTION_MOVEMENT">
      <Text>[ICON_MOVES] Hareketler: {1_Num}</Text>
    </Row>
    <Row Tag="TXT_KEY_PRODUCTION_RANGE">
      <Text>[ICON_BULLET] Aralik: {1_Num}</Text>
    </Row>
    <Row Tag="TXT_KEY_PRODUCTION_RANGED_STRENGTH">
      <Text>[ICON_RANGE_STRENGTH] Menzilli Güç: {1_Num}</Text>
    </Row>
    <Row Tag="TXT_KEY_PRODUCTION_STRENGTH">
      <Text>[ICON_STRENGTH] Güç: {1_Num}</Text>
    </Row>
    <Row Tag="TXT_KEY_PRODUCTION_BUILDING_MAINTENANCE">
      <Text>[ICON_GOLD] Bakim: {1_Num}</Text>
    </Row>
    <Row Tag="TXT_KEY_PRODUCTION_BUILDING_HAPPINESS">
      <Text>[ICON_HAPPINESS_1] Mutluluk: +{1_Num}</Text>
    </Row>
    <Row Tag="TXT_KEY_PRODUCTION_BUILDING_CULTURE">
      <Text>[ICON_CULTURE] Kültür: +{1_Num}</Text>
    </Row>
    <Row Tag="TXT_KEY_PRODUCTION_BUILDING_DEFENSE">
      <Text>[ICON_STRENGTH] Savunma: +{1_Num}</Text>
    </Row>
    <Row Tag="TXT_KEY_PRODUCTION_BUILDING_FOOD">
      <Text>[ICON_FOOD] Yemek: +{1_Num}</Text>
    </Row>
    <Row Tag="TXT_KEY_PRODUCTION_BUILDING_PRODUCTION_CHANGE">
      <Text>[ICON_PRODUCTION] Üretim: +{1_Num}</Text>
    </Row>
    <Row Tag="TXT_KEY_PRODUCTION_BUILDING_SCIENCE_CHANGE">
      <Text>[ICON_RESEARCH] Bilim: +{1_Num}</Text>
    </Row>
    <Row Tag="TXT_KEY_PRODUCTION_BUILDING_GOLD">
      <Text>[ICON_GOLD] Altin: +{1_Num}%</Text>
    </Row>
    <Row Tag="TXT_KEY_PRODUCTION_BUILDING_GOLD_CHANGE">
      <Text>[ICON_GOLD] Altin: +{1_Num}</Text>
    </Row>
    <Row Tag="TXT_KEY_PRODUCTION_BUILDING_SCIENCE">
      <Text>[ICON_RESEARCH] Bilim: +{1_Num}%</Text>
    </Row>
    <Row Tag="TXT_KEY_PRODUCTION_BUILDING_PRODUCTION">
      <Text>[ICON_PRODUCTION] Üretim: +{1_Num}%</Text>
    </Row>
    <Row Tag="TXT_KEY_PRODUCTION_RESOURCES_REQUIRED">
      <Text>[ICON_BULLET] Gerekli:</Text>
    </Row>
    <!-- Yield Info -->
    <Row Tag="TXT_KEY_YIELD_BASE">
      <Text>[COLOR_POSITIVE_TEXT]{1_Num} {2_IconString} Base[ENDCOLOR]</Text>
    </Row>
    <Row Tag="TXT_KEY_YIELD_TOTAL">
      <Text>[COLOR_POSITIVE_TEXT]{1_Num} {2_IconString} Toplam[ENDCOLOR]</Text>
    </Row>
    <Row Tag="TXT_KEY_YIELD_TOTAL_NEGATIVE">
      <Text>[COLOR_WARNING_TEXT]{1_Num} {2_IconString} Toplam[ENDCOLOR]</Text>
    </Row>
    <Row Tag="TXT_KEY_YIELD_FROM_TERRAIN">
      <Text>{1_Num} {2_IconString} Terrain'den</Text>
    </Row>
    <Row Tag="TXT_KEY_YIELD_FROM_BUILDINGS">
      <Text>{1_Num} {2_IconString} from Binalar</Text>
    </Row>
    <Row Tag="TXT_KEY_YIELD_FROM_SPECIALISTS">
      <Text>{1_Num} {2_IconString} Uzmanlardan</Text>
    </Row>
    <Row Tag="TXT_KEY_YIELD_FROM_MISC">
      <Text>{1_Num} {2_IconString} Diger Kaynaklardan</Text>
    </Row>
    <Row Tag="TXT_KEY_YIELD_FROM_POP">
      <Text>{1_Num} {2_IconString} from [ICON_CITIZEN] Nüfus</Text>
    </Row>
    <Row Tag="TXT_KEY_YIELD_FROM_POP_EXTRA">
      <Text>{1_Num} ekstra {2_IconString} from [ICON_CITIZEN] Nüfus</Text>
    </Row>
    <Row Tag="TXT_KEY_YIELD_FROM_RELIGION">
      <Text>{1_Num} {2_IconString} Din'den</Text>
    </Row>
    <Row Tag="TXT_KEY_YIELD_EATEN_BY_POP">
      <Text>-{1_Num} {2_IconString} Vatandaslar tarafindan yenmistir ([ICON_CITIZEN] basina 2)</Text>
    </Row>
    <Row Tag="TXT_KEY_YIELD_AFTER_EATEN">
      <Text>[COLOR_POSITIVE_TEXT] {1_Num} {2_IconString} Vatandaslardan sonra[ENDCOLOR]</Text>
    </Row>
    <Row Tag="TXT_KEY_YIELD_AFTER_EATEN_NEGATIVE">
      <Text>[COLOR_NEGATIVE_TEXT] {1_Num} {2_IconString} Vatandaslardan sonra[ENDCOLOR]</Text>
    </Row>
    <Row Tag="TXT_KEY_FOOD_PROGRESS">
      <Text>Ilerleme: {1_Num}\{2_Num} [ICON_FOOD]</Text>
    </Row>
    <Row Tag="TXT_KEY_FOOD_HELP_INFO">
      <Text>[ICON_FOOD] Gida, Sehrinizin yeni [ICON_CITIZEN] Vatandaslar kazanmak için ne kadar hizli büyüyecegini belirleyen seydir. Vatandaslar topragi isler ve Sehir için [ICON_FOOD], [ICON_PRODUCTION] ve [ICON_GOLD] toplar. Daha büyük Sehirler neredeyse her zaman daha iyidir!</Text>
    </Row>
    <Row Tag="TXT_KEY_PRODUCTION_HELP_INFO">
      <Text>[ICON_PRODUCTION] Üretim, bir Sehrin ne kadar hizli Birimler, Binalar vb. insa edebilecegini belirleyen seydir. Arazi, Binalar ve daha fazlasindan toplanir.</Text>
    </Row>
    <Row Tag="TXT_KEY_GOLD_HELP_INFO">
      <Text>[ICON_GOLD] Altin ulusal hazinede stoklanir ve topraklarinizi genisletmek, Sehirlerde esya satin almak ve Diplomaside kaldiraç olarak kullanilabilir.</Text>
    </Row>
    <Row Tag="TXT_KEY_SCIENCE_HELP_INFO">
      <Text>[ICON_RESEARCH] Bilim, uygarliginizi teknolojik olarak ilerletmek, yeni Birimler, Binalar ve daha fazlasinin kilidini açmak için kullanilir.</Text>
    </Row>
    <Row Tag="TXT_KEY_CULTURE_HELP_INFO">
      <Text>[ICON_CULTURE] Kültür, Sehirlerin yeni topraklar talep etmelerine yardimci olarak daha üretken olmalarini saglar. Ayrica imparatorluk düzeyinde [COLOR_POSITIVE_TEXT]Sosyal Politikalar[ENDCOLOR] için de harcanir.</Text>
    </Row>
    <!-- Culture Info -->
    <Row Tag="TXT_KEY_CULTURE_INFO">
      <Text>[COLOR_POSITIVE_TEXT]{1_Num}\{2_Num}[ENDCOLOR] sinir büyümesine dogru</Text>
    </Row>
    <Row Tag="TXT_KEY_CULTURE_TURNS">
      <Text>({1_Num} {1_Num: plural 1?Turn  other?Turns })</Text>
    </Row>
    <Row Tag="TXT_KEY_CULTURE_FROM_BUILDINGS">
      <Text>{1_Num} [ICON_CULTURE] from Binalar</Text>
    </Row>
    <Row Tag="TXT_KEY_CULTURE_FROM_POLICIES">
      <Text>{1_Num} [ICON_CULTURE] from Policies</Text>
    </Row>
    <Row Tag="TXT_KEY_CULTURE_FROM_SPECIALISTS">
      <Text>{1_Num} [ICON_CULTURE] Uzmanlardan</Text>
    </Row>
    <Row Tag="TXT_KEY_CULTURE_FROM_TERRAIN">
      <Text>{1_Num} [ICON_CULTURE] Terrain'den</Text>
    </Row>
    <Row Tag="TXT_KEY_CULTURE_FROM_TRAITS">
      <Text>{1_Num} [ICON_CULTURE] from Traits</Text>
    </Row>
    <Row Tag="TXT_KEY_CULTURE_WONDER_BONUS">
      <Text>Bir Dünya Harikasina sahip oldugunuz için +{1_Num}% [ICON_CULTURE]</Text>
    </Row>
    <Row Tag="TXT_KEY_CULTURE_CITY_MOD">
      <Text>Sehir'den +{1_Num}% [ICON_CULTURE]</Text>
    </Row>
    <Row Tag="TXT_KEY_CULTURE_PLAYER_MOD">
      <Text>Empire'dan +{1_Num}% [ICON_CULTURE]</Text>
    </Row>
    <!-- Production Info -->
    <Row Tag="TXT_KEY_PRODUCTION_HELP_NOTHING">
      <Text>Su anda hiçbir sey insa edilmiyor.</Text>
    </Row>
    <Row Tag="TXT_KEY_CITY_SCREEN_PROD_PER_TURN">
      <Text>{1_Num} [ICON_PRODUCTION] Üretim \ Dönüs</Text>
    </Row>
    <Row Tag="TXT_KEY_PRODUCTION_HELP_NUM_TURNS">
      <Text>{1_Num} {1_Num: plural 1?Turn  other?Turns }</Text>
    </Row>
    <Row Tag="TXT_KEY_PRODUCTION_HELP_99PLUS_TURNS">
      <Text>99+ Dönüs</Text>
    </Row>
    <Row Tag="TXT_KEY_PRODUCTION_HELP_INFINITE_TURNS">
      <Text>??? Dönüyor</Text>
    </Row>
    <Row Tag="TXT_KEY_PRODUCTION_PROGRESS">
      <Text>Ilerleme: {1_Num}\{2_Num} [ICON_PRODUCTION]</Text>
    </Row>
    <Row Tag="TXT_KEY_PRODUCTION_HELP_TEXT">
      <Text>{1_BuildItem:textkey} {2_NumTurnsString} içinde insa edilecektir.</Text>
    </Row>
    <!-- Food Modifiers -->
    <Row Tag="TXT_KEY_FOOD_USAGE">
      <Text>([COLOR_POSITIVE_TEXT]{1_Num}[ENDCOLOR] - [COLOR_NEGATIVE_TEXT]{2_Num}[ENDCOLOR] tarafindan yenen [ICON_CITIZEN] Vatandaslar)</Text>
    </Row>
    <Row Tag="TXT_KEY_FOODMOD_PLAYER">
      <Text>[NEWLINE][ICON_BULLET]Empire Degistirici: {1_Num}%</Text>
    </Row>
    <Row Tag="TXT_KEY_FOODMOD_CAPITAL">
      <Text>[NEWLINE][ICON_BULLET][ICON_CAPITAL] Sermaye Degistirici: {1_Num}%</Text>
    </Row>
    <Row Tag="TXT_KEY_FOODMOD_RELIGION">
      <Text>[NEWLINE][ICON_BULLET]Dini Inanç Degistirici: {1_Num}%</Text>
    </Row>
    <Row Tag="TXT_KEY_FOODMOD_UNHAPPY">
      <Text>[NEWLINE][ICON_BULLET][COLOR_WARNING_TEXT][ICON_HAPPINESS_4] Mutsuzluk Degistirici: {1_Num}%[ENDCOLOR]</Text>
    </Row>
    <Row Tag="TXT_KEY_FOODMOD_WLTKD">
      <Text>[NEWLINE][ICON_BULLET]Krali Seviyoruz Günü Degistirici: {1_Num}%</Text>
    </Row>
    <!-- Production Modifiers -->
    <Row Tag="TXT_KEY_PRODMOD_FOOD_CONVERSION">
      <Text>[NEWLINE][ICON_BULLET]Fazlaliktan [ICON_FOOD] Gida: +{1_Num} [ICON_PRODUCTION]</Text>
    </Row>
    <Row Tag="TXT_KEY_PRODMOD_RAILROAD_CONNECTION">
      <Text>[NEWLINE][ICON_BULLET]Demiryolu Baglantisi için Degistirici: {1_Num}%</Text>
    </Row>
    <Row Tag="TXT_KEY_PRODMOD_UNIT_DOMAIN">
      <Text>[NEWLINE][ICON_BULLET]Birim Etki Alani için Degistirici: {1_Num}%</Text>
    </Row>
    <Row Tag="TXT_KEY_PRODMOD_UNIT_COMBAT_TYPE">
      <Text>[NEWLINE][ICON_BULLET]Birim Savas Sinifi için Degistirici: {1_Num}%</Text>
    </Row>
    <Row Tag="TXT_KEY_PRODMOD_MILITARY">
      <Text>[NEWLINE][ICON_BULLET]Askeri Birimler için Degistirici: {1_Num}%</Text>
    </Row>
    <Row Tag="TXT_KEY_PRODMOD_UNIT_WITH_BUILDING">
      <Text>[NEWLINE][ICON_BULLET]{2_BuildingName} için degistirici: {1_Num}%</Text>
    </Row>
    <Row Tag="TXT_KEY_PRODMOD_WONDER_CITY">
      <Text>[NEWLINE][ICON_BULLET]Harikalar için Sehir Degistirici: {1_Num}%</Text>
    </Row>
    <Row Tag="TXT_KEY_PRODMOD_WONDER_PLAYER">
      <Text>[NEWLINE][ICON_BULLET]Imparatorluk Harikalar için Degistirici: {1_Num}%</Text>
    </Row>
    <Row Tag="TXT_KEY_PRODMOD_WONDER_LOCAL_RES">
      <Text>[NEWLINE][ICON_BULLET]Wonder {2_ResourceName} için Degistirici: {1_Num}%</Text>
    </Row>
    <Row Tag="TXT_KEY_PRODMOD_WONDER_RELIGION">
      <Text>[NEWLINE][ICON_BULLET]Dini Inançlar için Wonder Degistiricisi: {1_Num}%</Text>
    </Row>
    <Row Tag="TXT_KEY_PRODMOD_BUILDING_CITY">
      <Text>[NEWLINE][ICON_BULLET]Binalar için Degistirici: {1_Num}%</Text>
    </Row>
    <Row Tag="TXT_KEY_PRODMOD_CAPITAL_BUILDING_TRAIT">
      <Text>[NEWLINE][ICON_BULLET][ICON_CAPITAL] Baskentindeki Binalar için Özellik Degistirici: {1_Num}%</Text>
    </Row>
    <Row Tag="TXT_KEY_PRODMOD_SPACE">
      <Text>[NEWLINE][ICON_BULLET]Uzay Gemisi için Degistirici: {1_Num}%</Text>
    </Row>
    <Row Tag="TXT_KEY_PRODMOD_UNIT_SUPPLY">
      <Text>[NEWLINE][ICON_BULLET]Birim Tedariki için Imparatorluk Degistiricisi: {1_Num}%</Text>
    </Row>
    <Row Tag="TXT_KEY_PRODMOD_MILITARY_PLAYER">
      <Text>[NEWLINE][ICON_BULLET]Imparatorluk Askeri Birimler için Degistirici: {1_Num}%</Text>
    </Row>
    <Row Tag="TXT_KEY_PRODMOD_SETTLER_PLAYER">
      <Text>[NEWLINE][ICON_BULLET]Yerlesimciler için Imparatorluk Degistiricisi: {1_Num}%</Text>
    </Row>
    <Row Tag="TXT_KEY_PRODMOD_CAPITAL_SETTLER_PLAYER">
      <Text>[NEWLINE][ICON_BULLET]Yerlesimciler için Sermaye Degistirici: {1_Num}%</Text>
    </Row>
    <Row Tag="TXT_KEY_PRODMOD_RELIGION_PLAYER">
      <Text>[NEWLINE][ICON_BULLET]Dini Yapilar için Imparatorluk Degistiricisi: {1_Num}%</Text>
    </Row>
    <Row Tag="TXT_KEY_PRODMOD_UNIT_COBMAT_CLASS_PLAYER">
      <Text>[NEWLINE][ICON_BULLET]Empire Birim Savas Sinifi için Degistirici: {1_Num}%</Text>
    </Row>
    <Row Tag="TXT_KEY_PRODMOD_UNIT_TRAIT">
      <Text>[NEWLINE][ICON_BULLET]Birim Türü için Özellik Degistirici: {1_Num}%</Text>
    </Row>
    <Row Tag="TXT_KEY_PRODMOD_BUILDING_TRAIT">
      <Text>[NEWLINE][ICON_BULLET]Binalar için Özellik Degistirici: {1_Num}%</Text>
    </Row>
    <Row Tag="TXT_KEY_PRODMOD_WONDER_POLICY">
      <Text>[NEWLINE][ICON_BULLET]Harikalar için Ilke Degistirici: {1_Num}%</Text>
    </Row>
    <Row Tag="TXT_KEY_PRODMOD_BUILDING_POLICY">
      <Text>[NEWLINE][ICON_BULLET]Binalar için Poliçe Degistirici: {1_Num}%</Text>
    </Row>
    <Row Tag="TXT_KEY_PRODMOD_WORLD_WONDER_PLAYER">
      <Text>[NEWLINE][ICON_BULLET]Dünya Harikalari için Imparatorluk Degistiricisi: {1_Num}%</Text>
    </Row>
    <Row Tag="TXT_KEY_PRODMOD_TEAM_WONDER_PLAYER">
      <Text>[NEWLINE][ICON_BULLET]Imparatorluk Takim Harikalari için Degistirici: {1_Num}%</Text>
    </Row>
    <Row Tag="TXT_KEY_PRODMOD_NATIONAL_WONDER_PLAYER">
      <Text>[NEWLINE][ICON_BULLET]Ulusal Harikalar için Imparatorluk Degistiricisi: {1_Num}%</Text>
    </Row>
    <Row Tag="TXT_KEY_PRODMOD_BUILDING_POLICY_PLAYER">
      <Text>[NEWLINE][ICON_BULLET]Poliçe Binalar için Imparatorluk Degistiricisi: {1_Num}%</Text>
    </Row>
    <Row Tag="TXT_KEY_PRODMOD_SPACE_PLAYER">
      <Text>[NEWLINE][ICON_BULLET]Empire Uzay Gemisi için Degistirici: {1_Num}%</Text>
    </Row>
    <Row Tag="TXT_KEY_PRODMOD_SPECIALIST_PLAYER">
      <Text>[NEWLINE][ICON_BULLET]Empire Uzmanlar için Degistirici: {1_Num}%</Text>
    </Row>
    <Row Tag="TXT_KEY_PRODMOD_YIELD">
      <Text>[NEWLINE][ICON_BULLET]Sehir Degistirici: {1_Num}%</Text>
    </Row>
    <Row Tag="TXT_KEY_PRODMOD_YIELD_RESOURCES">
      <Text>[NEWLINE][ICON_BULLET]Kaynaklar için Sehir Degistirici: {1_Num}%</Text>
    </Row>
    <Row Tag="TXT_KEY_PRODMOD_YIELD_HAPPINESS">
      <Text>[NEWLINE][ICON_BULLET]Sehir Mutluluk için Degistirici: {1_Num}%</Text>
    </Row>
    <Row Tag="TXT_KEY_PRODMOD_YIELD_AREA">
      <Text>[NEWLINE][ICON_BULLET]Sehir Alan için Degistirici: {1_Num}%</Text>
    </Row>
    <Row Tag="TXT_KEY_PRODMOD_YIELD_PLAYER">
      <Text>[NEWLINE][ICON_BULLET]Misc Oyuncu Degistirici: {1_Num}%</Text>
    </Row>
    <Row Tag="TXT_KEY_PRODMOD_YIELD_CAPITAL">
      <Text>[NEWLINE][ICON_BULLET]Sehir [ICON_CAPITAL] Baskent için Degistirici: {1_Num}%</Text>
    </Row>
    <Row Tag="TXT_KEY_PRODMOD_YIELD_GOLDEN_AGE">
      <Text>[NEWLINE][ICON_BULLET]Altin Cag Degistiricisi: {1_Num}%</Text>
    </Row>
    <!-- Specialist Popup-->
    <Row Tag="TXT_KEY_SPECIALIST_ADD_TO_BUILDING">
      <Text>{1_SpecialistName}'i {2_BuildingName}'ya {3_Num}\{4_Num}) ekleyin</Text>
    </Row>
    <Row Tag="TXT_KEY_SPECIALIST_REMOVE_FROM_BUILDING">
      <Text>{1_SpecialistName}'i {2_BuildingName} ({3_Num}\{4_Num})'den kaldirin</Text>
    </Row>
    <Row Tag="TXT_KEY_SPECIALIST_NOT_AVAILABLE">
      <Text>Uzman Mevcut Degil![NEWLINE][NEWLINE][NEWLINE][NEWLINE]Daha Fazla Bina Insa Edin!</Text>
    </Row>
    <Row Tag="TXT_KEY_SPECIALIST_MANAGEMENT">
      <Text>Sehir Uzmani Yönetimi</Text>
    </Row>
    <!-- Popups -->
    <Row Tag="TXT_KEY_POP_BARBARIAN_CLEARED">
      <Text>Barbar Kampi Temizlendi!</Text>
    </Row>
    <Row Tag="TXT_KEY_POP_UNITS">
      <Text>BIRIMLER</Text>
    </Row>
    <Row Tag="TXT_KEY_POP_BUILDINGS">
      <Text>BINALAR</Text>
    </Row>
    <Row Tag="TXT_KEY_POP_WONDERS">
      <Text>HARIKALAR</Text>
    </Row>
    <Row Tag="TXT_KEY_POP_UNITED_NATIONS_VOTE">
      <Text>Birlesmis Milletler oylamasi!</Text>
    </Row>
    <Row Tag="TXT_KEY_GOLDEN_AGE_FLAVOR">
      <Text>Tebrikler! Vatandaslariniz o kadar uzun süredir yönetiminizden memnun ki imparatorluk Altin Cag'a giriyor!</Text>
    </Row>
    <Row Tag="TXT_KEY_POP_GOLDEN_AGE_BEGIN">
      <Text>Altin Cag Basladi!</Text>
    </Row>
    <Row Tag="TXT_KEY_POP_RUINS_EXPLORED">
      <Text>Harabeler Kesfedildi!</Text>
    </Row>
    <Row Tag="TXT_KEY_POP_GREAT_PERSON_BORN">
      <Text>Harika Bir Insan Dogdu!</Text>
    </Row>
    <Row Tag="TXT_KEY_POP_CSTATES">
      <Text>Sehir Devletleri</Text>
    </Row>
    <Row Tag="TXT_KEY_POP_NORMAL_VIEW">
      <Text>Normal Görünüm</Text>
    </Row>
    <Row Tag="TXT_KEY_POP_STRATEGIC_VIEW">
      <Text>Stratejik Bakis</Text>
    </Row>
    <Row Tag="TXT_KEY_POP_STRATEGIC_VIEW_TT">
      <Text>Stratejik Görünüm ve Normal Oyun Görünümü arasinda geçis yapar.</Text>
    </Row>
    <Row Tag="TXT_KEY_POP_CSTATE_QUEST_DESTROY_BARBARIANS_NEAR">
      <Text>Görev: {1_Name} yakinindaki barbarlari yok et.</Text>
    </Row>
    <Row Tag="TXT_KEY_POP_CSTATE_QUEST_DEFEAT_UNITS">
      <Text>Görev: {1_Num} {2_PlayerName} birimleri yen.[NEWLINE]</Text>
    </Row>
    <Row Tag="TXT_KEY_POP_CSTATE_QUEST_ROAD_COMPLETE">
      <Text>Görev tamamlandi: Yol ile baglanti kuruldu![NEWLINE]</Text>
    </Row>
    <Row Tag="TXT_KEY_POP_CSTATE_QUEST_ROAD_ACTIVE">
      <Text>Görev: [ICON_INFLUENCE] Etki bonusu [NEWLINE] için yol ile baglanti kurun</Text>
    </Row>
    <Row Tag="TXT_KEY_POP_CSTATE_GET_HAPPINESS">
      <Text>+{1_Num} mutluluk(favori civ!)[NEWLINE]</Text>
    </Row>
    <Row Tag="TXT_KEY_POP_CSTATE_GET_SCIENCE">
      <Text>+{1_Num} bilim[NEWLINE]</Text>
    </Row>
    <Row Tag="TXT_KEY_POP_CSTATE_GET_CULTURE">
      <Text>+{1_Num} kültür[NEWLINE]+ Açik sinirlar[NEWLINE]</Text>
    </Row>
    <Row Tag="TXT_KEY_POP_NATURAL_WONDER_FOUND">
      <Text>Dogal Mucize Bulundu!</Text>
    </Row>
    <Row Tag="TXT_KEY_POP_NATURAL_WONDER_FOUND_TT">
      <Text>Tebrikler! {@1_NWName}'nin kesfi imparatorluktaki [ICON_HAPPINESS_1] Mutlulugu artirdi.[NEWLINE][NEWLINE]Calistiysa çikti:</Text>
    </Row>
    <Row Tag="TXT_KEY_POP_NATURAL_WONDER_FOUND_HAPPY">
      <Text>[NEWLINE]Kazanç {1_Num} [ICON_HAPPINESS_1] eger sinirlariniz içindeyse</Text>
    </Row>
    <Row Tag="TXT_KEY_POP_NATURAL_WONDER_FOUND_PROMOTE">
      <Text>[NEWLINE]Bitisik birimler için Ücretsiz Promosyon:[NEWLINE]{1_PromoteString}</Text>
    </Row>
    <Row Tag="TXT_KEY_POP_NATURAL_WONDER_FIRST_FOUND_GOLD">
      <Text>[NEWLINE]Bu mucizeyi ilk buldugunuz için {1_Num} [ICON_GOLD] kazandiniz.</Text>
    </Row>
    <Row Tag="TXT_KEY_POP_NATURAL_WONDER_SUBSEQUENT_FOUND_GOLD">
      <Text>[NEWLINE]Bu harikayi (baska bir takimdan sonra) buldugunuz için {1_Num} [ICON_GOLD] kazandiniz.</Text>
    </Row>
    <Row Tag="TXT_KEY_POP_NEW_ERA_TITLE">
      <Text>Yeni Cag</Text>
    </Row>
    <Row Tag="TXT_KEY_POP_NEW_ERA_DESCRIPTION">
      <Text>{@1_EraDescription}'ye hos geldiniz!</Text>
    </Row>
    <Row Tag="TXT_KEY_POP_VOTE_RESULTS_YOU">
      <Text>Sen</Text>
    </Row>
    <Row Tag="TXT_KEY_POP_VOTE_RESULTS_YOUR_TEAM">
      <Text>Sizin Ekibiniz</Text>
    </Row>
    <Row Tag="TXT_KEY_POP_VOTE_RESULTS_UNMET_PLAYER">
      <Text>Karsilanmamis Oyuncu</Text>
    </Row>
    <Row Tag="TXT_KEY_POP_VOTE_RESULTS_UNMET_TEAM">
      <Text>Karsilanmamis Ekip</Text>
    </Row>
    <Row Tag="TXT_KEY_POP_UN_ELEC_RESULTS">
      <Text>Birlesmis Milletler Seçim Sonuçlari</Text>
    </Row>
    <Row Tag="TXT_KEY_POP_VOTES_TO_WIN">
      <Text>Kazanmak için Gerekli Oylar</Text>
    </Row>
    <Row Tag="TXT_KEY_POP_UN_PLAYER">
      <Text>Oyuncu</Text>
    </Row>
    <Row Tag="TXT_KEY_POP_UN_TEAM">
      <Text>Takim</Text>
    </Row>
    <Row Tag="TXT_KEY_POP_UN_TEAM_LABEL">
      <Text>Takim {1_TeamNum}</Text>
    </Row>
    <Row Tag="TXT_KEY_POP_UN_VOTED_FOR">
      <Text>Oy Verenler</Text>
    </Row>
    <Row Tag="TXT_KEY_POP_UN_VOTES">
      <Text>Oylar</Text>
    </Row>
    <Row Tag="TXT_KEY_POP_WHOS_WINNING">
      <Text>Kim Kazaniyor</Text>
    </Row>
    <Row Tag="TXT_KEY_POP_SCORE">
      <Text>Skor</Text>
    </Row>
    <Row Tag="TXT_KEY_HOF_RESULTS">
      <Text>Sonuçlar</Text>
    </Row>
    <Row Tag="TXT_KEY_HOF_SETTINGS">
      <Text>Ayarlar</Text>
    </Row>
    <Row Tag="TXT_KEY_POP_CITY_PLOT_MANAGEMENT">
      <Text>Sivilleri farkli karolara mi atamak istiyorsunuz?</Text>
    </Row>
    <Row Tag="TXT_KEY_POP_GIVE_UNIT_CONFIRMATION">
      <Text>{1_CivName}'ünüzü {2_UnitName} vermek ister misiniz?</Text>
    </Row>
    <Row Tag="TXT_KEY_POP_RETURN_CIVILIAN_CONFIRMATION">
      <Text>Eskiden {1_CivName}'e ait olan bir sivili ele geçirdiniz. Onu onlara iade etme ya da {TXT_KEY_GRAMMAR_A_AN &lt;&lt; {@2_NewUnitName}} olarak kendinize alma seçeneginiz var.</Text>
    </Row>
    <Row Tag="TXT_KEY_POP_RETURN_CIVILIAN_CITY_STATE">
      <Text>Onu iade etmek size {1_Num} [ICON_INFLUENCE] Etki kazandiracaktir!</Text>
    </Row>
    <Row Tag="TXT_KEY_POP_RETURN_CIVILIAN_AI">
      <Text>Eger iade ederseniz, size çok minnettar olacaklardir!</Text>
    </Row>
    <Row Tag="TXT_KEY_POP_RETURN_CIVILIAN_CONFIRMATION_RETURN">
      <Text>Birimi Iade Edin</Text>
    </Row>
    <Row Tag="TXT_KEY_POP_RETURN_CIVILIAN_CONFIRMATION_TAKE">
      <Text>Al onu</Text>
    </Row>
    <Row Tag="TXT_KEY_STR_TURNS">
      <Text>{1_Num} {1_Num: plural 1?Turn  other?Turns }</Text>
    </Row>
    <Row Tag="TXT_KEY_ADVISOR_THANK_YOU">
      <Text>Tesekkür ederim</Text>
    </Row>
    <Row Tag="TXT_KEY_ADVISOR_SCIENCE_TITLE">
      <Text>Bilim Danismani</Text>
    </Row>
    <Row Tag="TXT_KEY_ADVISOR_ECON_TITLE">
      <Text>Ekonomi Danismani</Text>
    </Row>
    <Row Tag="TXT_KEY_ADVISOR_FOREIGN_TITLE">
      <Text>Yabanci Danisman</Text>
    </Row>
    <Row Tag="TXT_KEY_ADVISOR_MILITARY_TITLE">
      <Text>Askeri Danisman</Text>
    </Row>
    <Row Tag="TXT_KEY_ADVISOR_RESET_TITLE">
      <Text>Harika gidiyorsun!</Text>
    </Row>
    <Row Tag="TXT_KEY_ADVISOR_RESET_TEXT">
      <Text>Arastirmalarim halkinizin liderliginize güvendigini gösteriyor. Kesfetmeye ve diger uygarliklarla tanismaya devam edin, çünkü gelecegin bizi nereye götürecegini kim bilebilir? Bir gün yildizlara ulasabiliriz!</Text>
    </Row>
    <Row Tag="TXT_KEY_ADVISOR_TY_TT">
      <Text>Danismani Görevden Alir</Text>
    </Row>
    <Row Tag="TXT_KEY_DIPLO_ADDITIONAL">
      <Text>Ek Bilgi</Text>
    </Row>
    <Row Tag="TXT_KEY_DIPLO_CLOSE_CHAT">
      <Text>Sohbeti Kapat</Text>
    </Row>
    <Row Tag="TXT_KEY_DIPLO_CLOSE_CHAT_TT">
      <Text>Sohbet Panelini açar.</Text>
    </Row>
    <Row Tag="TXT_KEY_DIPLO_OPEN_CHAT">
      <Text>Açik Sohbet</Text>
    </Row>
    <Row Tag="TXT_KEY_DIPLO_OPEN_CHAT_TT">
      <Text>Büyük Sohbet Görünümünü açar.</Text>
    </Row>
    <Row Tag="TXT_KEY_DIPLO_CSTATE_SPEAK_WITH">
      <Text>Bir Sehir-Devlet ile konusun.</Text>
    </Row>
    <Row Tag="TXT_KEY_DIPLO_NUM_CSTATE_MET">
      <Text>Met {1_Num} Sehir Devletleri</Text>
    </Row>
    <Row Tag="TXT_KEY_DIPLO_MAJOR_CIV_DIPLO_STATE_WAR">
      <Text>[COLOR_WARNING_TEXT]WAR![ENDCOLOR]</Text>
    </Row>
    <Row Tag="TXT_KEY_DIPLO_MAJOR_CIV_DIPLO_STATE_DENOUNCING">
      <Text>[COLOR_WARNING_TEXT]KINAMA! [ENDCOLOR]</Text>
    </Row>
    <Row Tag="TXT_KEY_DIPLO_MAJOR_CIV_DIPLO_STATE_LIBERATED">
      <Text>HAYATA GERI CAGRILDI</Text>
    </Row>
    <Row Tag="TXT_KEY_DIPLO_MAJOR_CIV_DIPLO_STATE_HOSTILE">
      <Text>HOSTIL</Text>
    </Row>
    <Row Tag="TXT_KEY_DIPLO_MAJOR_CIV_DIPLO_STATE_FRIENDLY">
      <Text>DOSTCA</Text>
    </Row>
    <Row Tag="TXT_KEY_DIPLO_MAJOR_CIV_DIPLO_STATE_AFRAID">
      <Text>KORKU</Text>
    </Row>
    <Row Tag="TXT_KEY_DIPLO_MAJOR_CIV_DIPLO_STATE_GUARDED">
      <Text>KORUMA ALTINDA</Text>
    </Row>
    <Row Tag="TXT_KEY_DIPLO_MAJOR_CIV_DIPLO_STATE_NEUTRAL">
      <Text>NÖTR</Text>
    </Row>
    <Row Tag="TXT_KEY_DIPLO_CITIES">
      <Text>SEHIRLER</Text>
    </Row>
    <Row Tag="TXT_KEY_ALWAYS_WAR_TT">
      <Text>Tüm medeniyetler sürekli olarak birbirleriyle savas halindedir.[NEWLINE] Diplomasi, endiselerinizin en azi olmalidir.</Text>
    </Row>
    <Row Tag="TXT_KEY_DIPLO_TO_TRADE_CITY_TT">
      <Text>Bir sehri takas et.</Text>
    </Row>
    <Row Tag="TXT_KEY_DIPLO_TO_TRADE_CITY_NO_TT">
      <Text>Takas edilebilir bir sehrimiz yok.</Text>
    </Row>
    <Row Tag="TXT_KEY_DIPLO_TO_TRADE_CITY_NO_THEM">
      <Text>Takas edilebilir sehirleri yok.</Text>
    </Row>
    <Row Tag="TXT_KEY_DIPLO_TO_ALL">
      <Text>Herkese:</Text>
    </Row>
    <Row Tag="TXT_KEY_DIPLO_TO_TEAM">
      <Text>Takima:</Text>
    </Row>
    <Row Tag="TXT_KEY_DIPLO_TO_PLAYER">
      <Text>{1_player}'ye:</Text>
    </Row>
    <Row Tag="TXT_KEY_DIPLO_OPEN_ADVISORS_TT">
      <Text>Danismanlariniza mevcut durum hakkinda bilgi verin.</Text>
    </Row>
    <Row Tag="TXT_KEY_DIPLO_NOTIFICATION_LOG_TT">
      <Text>Bildirim Geçmisiniz</Text>
    </Row>
    <Row Tag="TXT_KEY_DIPLO_OPEN_SOCIAL_POLICY_TT">
      <Text>Sosyal Politikalariniz</Text>
    </Row>
    <Row Tag="TXT_KEY_DIPLO_MY_INFO">
      <Text>Bilgileriniz:</Text>
    </Row>
    <Row Tag="TXT_KEY_DIPLO_MY_SCORE">
      <Text>Puaniniz</Text>
    </Row>
    <Row Tag="TXT_KEY_DIPLO_MY_SCORE_CITIES">
      <Text>{1_Num} from Sehirler</Text>
    </Row>
    <Row Tag="TXT_KEY_DIPLO_MY_SCORE_POPULATION">
      <Text>{1_Num} from Nüfus</Text>
    </Row>
    <Row Tag="TXT_KEY_DIPLO_MY_SCORE_LAND">
      <Text>{1_Num} Kara'dan</Text>
    </Row>
    <Row Tag="TXT_KEY_DIPLO_MY_SCORE_WONDERS">
      <Text>{1_Num} Wonders'dan</Text>
    </Row>
    <Row Tag="TXT_KEY_DIPLO_MY_SCORE_TECH">
      <Text>{1_Num} from Teknoloji</Text>
    </Row>
    <Row Tag="TXT_KEY_DIPLO_MY_SCORE_FUTURE_TECH">
      <Text>{1_Num} Future Technology'den</Text>
    </Row>
    <Row Tag="TXT_KEY_DIPLO_DIPLOMACY_BUTTON">
      <Text>DIPLOMASI</Text>
    </Row>
    <Row Tag="TXT_KEY_DIPLO_LEADER_NAME">
      <Text>Lider Adi</Text>
    </Row>
    <Row Tag="TXT_KEY_DIPLO_CIVILIZATION_NAME">
      <Text>Uygarlik Adi</Text>
    </Row>
    <Row Tag="TXT_KEY_DIPLO_STATUS">
      <Text>Diplo Durumu</Text>
    </Row>
    <Row Tag="TXT_KEY_DIPLO_NAME">
      <Text>Isim</Text>
    </Row>
    <Row Tag="TXT_KEY_DIPLO_CSTATE_GIVE_UNIT_TT">
      <Text>Bu Sehir-Devlete bir Birim verin.</Text>
    </Row>
    <Row Tag="TXT_KEY_DIPLO_SPEAK_TO">
      <Text>Konusmak için bir lider seçin...</Text>
    </Row>
    <!--Reused Buttons -->
    <Row Tag="TXT_KEY_TUTORIAL_TITLE_BAR">
      <Text>Ögretici</Text>
    </Row>
    <Row Tag="TXT_KEY_START_TUTORIAL_BUTTON">
      <Text>Seçilen Ögreticiyi Baslat</Text>
    </Row>
    <Row Tag="TXT_KEY_TUTORIAL_INSTRUCT">
      <Text>Egitim - Oynarken Ögrenin!</Text>
    </Row>
    <Row Tag="TXT_KEY_BACK_BUTTON">
      <Text>Geri</Text>
    </Row>
    <Row Tag="TXT_KEY_FORWARD_BUTTON">
      <Text>Ileri</Text>
    </Row>
    <Row Tag="TXT_KEY_CANCEL_BUTTON">
      <Text>Iptal</Text>
    </Row>
    <Row Tag="TXT_KEY_REPORT_BUTTON">
      <Text>Rapor</Text>
    </Row>
    <Row Tag="TXT_KEY_EDIT_BUTTON">
      <Text>Düzenle</Text>
    </Row>
    <Row Tag="TXT_KEY_ACCEPT_BUTTON">
      <Text>Kabul et</Text>
    </Row>
    <Row Tag="TXT_KEY_YES_BUTTON">
      <Text>Evet</Text>
    </Row>
    <Row Tag="TXT_KEY_NO_BUTTON">
      <Text>Hayir</Text>
    </Row>
    <Row Tag="TXT_KEY_OK_BUTTON">
      <Text>TAMAM.</Text>
    </Row>
    <Row Tag="TXT_KEY_DEFAULT_BUTTON">
      <Text>Varsayilan</Text>
    </Row>
    <Row Tag="TXT_KEY_CONFIRM_TXT">
      <Text>Bu, kaydetme dosyanizi kalici olarak silecektir. Bunu yapmak istediginizden emin misiniz?</Text>
    </Row>
    <Row Tag="TXT_KEY_OVERWRITE_TXT">
      <Text>Bu, mevcut kayit dosyanizin üzerine yazacaktir. Bunu yapmak istediginizden emin misiniz?</Text>
    </Row>
    <Row Tag="TXT_KEY_DELETE_MOD_TXT">
      <Text>Bu, bu Modu kalici olarak silecektir. Bunu yapmak istedigine emin misin?</Text>
    </Row>
    <Row Tag="TXT_KEY_CONFIRM_DISABLE_MOD">
      <Text>Bu modu devre disi birakmak istediginizden emin misiniz?</Text>
    </Row>
    <Row Tag="TXT_KEY_WILL_ALSO_DISABLE_MODS">
      <Text>Bu ayni zamanda asagidaki modlari da devre disi birakacaktir:</Text>
    </Row>
    <Row Tag="TXT_KEY_CONFIRM_ENABLE_MOD">
      <Text>Bu modu etkinlestirmek istediginizden emin misiniz?</Text>
    </Row>
    <Row Tag="TXT_KEY_WILL_ALSO_ENABLE_MODS">
      <Text>Bu ayni zamanda asagidaki modlari da etkinlestirecektir:</Text>
    </Row>
    <Row Tag="TXT_KEY_EFFECTED_MODS_TXT">
      <Text>Etkilenen Modlar:</Text>
    </Row>
    <Row Tag="TXT_KEY_MOD_VERSION_AVAILABLE">
      <Text>Sürüm {1_VersionNumber} mevcuttur.</Text>
    </Row>
    <Row Tag="TXT_KEY_DELETE_BUTTON">
      <Text>Silme</Text>
    </Row>
    <Row Tag="TXT_KEY_GOODBYE_BUTTON">
      <Text>Güle güle.</Text>
    </Row>
    <Row Tag="TXT_KEY_CONFIRM_DENOUNCE">
      <Text>{@1_LeaderName}'yi alenen ihbar etmek istediginizden emin misiniz?</Text>
    </Row>
    <Row Tag="TXT_KEY_CONFIRM_WAR">
      <Text>Savas ilan etmek istedigine emin misin?</Text>
    </Row>
    <Row Tag="TXT_KEY_CONFIRM_WAR_PROTECTED_CITY_STATE">
      <Text>{1_CivName:textkey}'ye savas ilan etmek istediginizden emin misiniz? Su anda koruma altindalar:</Text>
    </Row>
    <Row Tag="TXT_KEY_CONFIRM_POLICY">
      <Text>Bu Sosyal Politikayi benimsemek istediginizden emin misiniz?</Text>
    </Row>
    <Row Tag="TXT_KEY_CONFIRM_KICK">
      <Text>{1_PlayerName:textkey}'yi oyundan atmak istediginizden emin misiniz?</Text>
    </Row>
    <!-- Misc help text -->
    <Row Tag="TXT_KEY_RESEARCHED">
      <Text>ARASTIRILDI</Text>
    </Row>
    <Row Tag="TXT_KEY_TECH_HELP_COST">
      <Text>[ICON_BULLET]Maliyet: {1_Num} [ICON_RESEARCH] Bilim</Text>
    </Row>
    <Row Tag="TXT_KEY_TECH_HELP_COST_WITH_PROGRESS">
      <Text>[ICON_BULLET]Ilerleme: {2_Num} [ICON_RESEARCH] Bilimin {1_Num}</Text>
    </Row>
    <Row Tag="TXT_KEY_TECH_HELP_LEADS_TO">
      <Text>[ICON_BULLET]Suraya yönlendirir: {1_TechsString}</Text>
    </Row>
    <Row Tag="TXT_KEY_LEADER_OF_CIV">
      <Text>{@2_CivName}'ün {@1_LeaderName}</Text>
    </Row>
    <Row Tag="TXT_KEY_MULTIPLAYER_UNIT_TT">
      <Text>{1_PlayerHandle}: {@2_Adjective} {@3_UnitName}</Text>
    </Row>
    <Row Tag="TXT_KEY_PRODPANEL_CITY_NAME">
      <Text>Sehir Adi</Text>
    </Row>
    <Row Tag="TXT_KEY_CANNOT_PURCHASE_UNIT_HERE">
      <Text>[NEWLINE]Bu Sehirde baska bir birim konuslanmisken satin alinamaz.</Text>
    </Row>
    <Row Tag="TXT_KEY_CANNOT_PURCHASE_NO_GOLD">
      <Text>[NEWLINE]Bunu satin almak için yeterli [ICON_GOLD] Altininiz yok.</Text>
    </Row>
    <!--AdvisorInfoPopup-->
    <Row Tag="TXT_KEY_ADVISORINFOPOPUP_CIVILOPEDIA">
      <Text>Civilopedia</Text>
    </Row>
    <Row Tag="TXT_KEY_ADVISORINFOPOPUP_BACK">
      <Text>Geri dön</Text>
    </Row>
    <Row Tag="TXT_KEY_ADVISORINFOPOPUP_FORWARD">
      <Text>Ileri git</Text>
    </Row>
    <Row Tag="TXT_KEY_STATIONED_AIRCRAFT">
      <Text>{1_number} Konuslandirilan Uçaklar</Text>
    </Row>
    <!-- New Entries Here... -->
    <Row Tag="TXT_KEY_QUICKSAVING">
      <Text>Hizli tasarruf...</Text>
    </Row>
    <!-- Resources UI -->
    <Row Tag="TXT_KEY_IC_RESOURCE">
      <Text>Kaynak Listesi</Text>
    </Row>
    <Row Tag="TXT_KEY_TRADE_INFO">
      <Text>Ticari Bilgiler</Text>
    </Row>
    <Row Tag="TXT_KEY_SORT_NAME">
      <Text>Isme Göre Sirala</Text>
    </Row>
    <Row Tag="TXT_KEY_SORT_TRADE">
      <Text>Kaynaga Göre Sirala Toplam</Text>
    </Row>
    <Row Tag="TXT_KEY_RESOURCE_USED">
      <Text>[COLOR_WARNING_TEXT]{1_Num} Kullanildi[ENDCOLOR]</Text>
    </Row>
    <Row Tag="TXT_KEY_RESOURCE_IMPORTS">
      <Text>[COLOR_POSITIVE_TEXT]{1_Num} {1_Num: plural 1?Import  other?Imports }[ENDCOLOR]</Text>
    </Row>
    <Row Tag="TXT_KEY_RESOURCE_EXPORTS">
      <Text>[COLOR_NEGATIVE_TEXT]{1_Num} {1_Num: plural 1?Export  other?Exports }[ENDCOLOR]</Text>
    </Row>
    <Row Tag="TXT_KEY_RESOURCE_LUXURY_DETAILS">
      <Text>[ICON_PLUS] Lüks Kaynaklar</Text>
    </Row>
    <Row Tag="TXT_KEY_RESOURCE_LUXURY_DETAILS_COLLAPSE">
      <Text>[ICON_MINUS] Lüks Kaynaklar</Text>
    </Row>
    <Row Tag="TXT_KEY_RESOURCE_STRATEGIC_DETAILS">
      <Text>[ICON_PLUS] Stratejik Kaynaklar</Text>
    </Row>
    <Row Tag="TXT_KEY_RESOURCE_STRATEGIC_DETAILS_COLLAPSE">
      <Text>[ICON_MINUS] Stratejik Kaynaklar</Text>
    </Row>
    <Row Tag="TXT_KEY_RESOURCE_BONUS_DETAILS">
      <Text>[ICON_PLUS] Bonus Kaynaklar</Text>
    </Row>
    <Row Tag="TXT_KEY_RESOURCE_BONUS_DETAILS_COLLAPSE">
      <Text>[ICON_MINUS] Bonus Kaynaklar</Text>
    </Row>
    <!-- End Resources UI -->
    <!-- Added as a shim for outdated replay files.-->
    <Row Tag="TXT_KEY_MISC_PLAYERS_SIGN_RESEARCH_AGREEMENT">
      <Text>Oyuncular arastirma sözlesmesini imzalar.</Text>
    </Row>
    <!-- This is for hot-seat -->
    <Row Tag="TXT_KEY_HOTSEAT_NEXT_PLAYER">
      <Text>Siradaki Oyuncunun Sirasi!</Text>
    </Row>
    <!-- Turn Timer -->
    <Row Tag="TXT_KEY_TURN_TIMER_ACTIVE_TT">
      <Text>Siranizda kalan süre.</Text>
    </Row>
    <Row Tag="TXT_KEY_TURN_TIMER_WAITING_TT">
      <Text>Senin sirana kadar zaman var.</Text>
    </Row>
    <!-- Turn Timer END -->
  </Language_en_US>
</GameData>