﻿<?xml version="1.0" encoding="utf-8"?>
<GameData>
  <Language_en_US>
    <Row Tag="TXT_KEY_TOP_PANEL_GOLD">
      <Text>[ICON_GOLD][COLOR:255:235:0:255]{1_TotalGold: sayi "##"} {2_GoldPerTurn: number "'(+'##')' '[COLOR:255:60:60:255](-'##')'"}[/COLOR]</Text>
    </Row>
    <Row Tag="TXT_KEY_TOP_PANEL_SCIENCE_OFF">
      <Text>Bilim: KAPALI</Text>
    </Row>
    <Row Tag="TXT_KEY_TOP_PANEL_SCIENCE_OFF_TOOLTIP">
      <Text>Bu senaryoda Bilim sistemi kapalidir. Hiçbir yeni teknoloji kazanilmayacaktir.</Text>
    </Row>
    <Row Tag="TXT_KEY_TOP_PANEL_HAPPINESS_OFF">
      <Text>Mutluluk: KAPALI</Text>
    </Row>
    <Row Tag="TXT_KEY_TOP_PANEL_GOLDEN_AGES_OFF">
      <Text>Altin Caglar: KAPALI</Text>
    </Row>
    <Row Tag="TXT_KEY_TOP_PANEL_HAPPINESS_OFF_TOOLTIP">
      <Text>Bu senaryoda Mutluluk sistemi kapali. Altin çaglar meydana gelmeyecektir. Mutsuzlukla iliskili tüm cezalar da ayni sekilde devre disi birakilmistir.</Text>
    </Row>
    <Row Tag="TXT_KEY_TOP_PANEL_POLICIES_OFF">
      <Text>Politikalar: KAPALI</Text>
    </Row>
    <Row Tag="TXT_KEY_TOP_PANEL_POLICIES_OFF_TOOLTIP">
      <Text>Sosyal Politika sistemi bu senaryoda devre disidir. Yeni politikalar kazanilmayacak, ancak kültür yine de sehir sinirlarini genisletmek için harekete geçecektir.</Text>
    </Row>
    <!-- Military Overview -->
    <Row Tag="TXT_KEY_UNIT_STATUS_FORTIFIED">
      <Text>Güçlendirilmis</Text>
    </Row>
    <Row Tag="TXT_KEY_UNIT_STATUS_EMBARKED">
      <Text>Gemiye bindi</Text>
    </Row>
    <Row Tag="TXT_KEY_SUPPLY_TITLE">
      <Text>Birim Tedarik</Text>
    </Row>
    <Row Tag="TXT_KEY_HANDICAP_SUPPLY_TT">
      <Text>Zorluk Ayari tarafindan saglanir</Text>
    </Row>
    <Row Tag="TXT_KEY_HANDICAP_SUPPLY">
      <Text>Temel Tedarik</Text>
    </Row>
    <Row Tag="TXT_KEY_CITIES_SUPPLY_TT">
      <Text>Sehir Sayisina Göre Saglanan</Text>
    </Row>
    <Row Tag="TXT_KEY_CITIES_SUPPLY">
      <Text>Sehirler</Text>
    </Row>
    <Row Tag="TXT_KEY_POPULATION_SUPPLY_TT">
      <Text>Toplam Nüfus Tarafindan Saglanan</Text>
    </Row>
    <Row Tag="TXT_KEY_POPULATION_SUPPLY">
      <Text>Nüfus</Text>
    </Row>
    <Row Tag="TXT_KEY_SUPPLY_CAP_TT">
      <Text>Üretilen Toplam Arz</Text>
    </Row>
    <Row Tag="TXT_KEY_SUPPLY_CAP">
      <Text>Toplam Arz</Text>
    </Row>
    <Row Tag="TXT_KEY_SUPPLY_USE_TT">
      <Text>Birimler Tarafindan Kullanilan Tedarik</Text>
    </Row>
    <Row Tag="TXT_KEY_SUPPLY_USE">
      <Text>Kullanimda</Text>
    </Row>
    <Row Tag="TXT_KEY_SUPPLY_REMAINING_TT">
      <Text>Yeni Üniteler için Mevcut Arz</Text>
    </Row>
    <Row Tag="TXT_KEY_SUPPLY_REMAINING">
      <Text>Kalan Tedarik</Text>
    </Row>
    <Row Tag="TXT_KEY_SUPPLY_DEFICIT_TT">
      <Text>Arzi Asan Birimler</Text>
    </Row>
    <Row Tag="TXT_KEY_SUPPLY_DEFICIT">
      <Text>Arz Açigi</Text>
    </Row>
    <Row Tag="TXT_KEY_SUPPLY_DEFICIT_PENALTY_TT">
      <Text>Arz Açigindan Kaynaklanan Ceza</Text>
    </Row>
    <Row Tag="TXT_KEY_SUPPLY_DEFICIT_PENALTY">
      <Text>Üretim Cezasi</Text>
    </Row>
    <Row Tag="TXT_KEY_MO_SORT_STRENGTH">
      <Text>Güce Göre Sirala</Text>
    </Row>
    <Row Tag="TXT_KEY_MO_SORT_NAME">
      <Text>Isme Göre Sirala</Text>
    </Row>
    <Row Tag="TXT_KEY_MO_SORT_STATUS">
      <Text>Duruma Göre Sirala</Text>
    </Row>
    <Row Tag="TXT_KEY_MO_SORT_MOVEMENT">
      <Text>Kalan Hareketlere Göre Sirala</Text>
    </Row>
    <Row Tag="TXT_KEY_MO_SORT_MAX_MOVES">
      <Text>Maksimum Harekete Göre Sirala</Text>
    </Row>
    <Row Tag="TXT_KEY_MO_SORT_RANGED">
      <Text>Menzilli Saldiriya Göre Sirala</Text>
    </Row>
    <Row Tag="TXT_KEY_MO_GENERAL_TT">
      <Text>{1_current}\{2_needed}[NEWLINE]Bir sonraki Büyük General'e dogru ilerleme, savasta birimler tarafindan kazanilan XP'ye dayanir.</Text>
    </Row>
    <!-- End Game Screen -->
    <Row Tag="TXT_KEY_VICTORY_INFO">
      <Text>BILGI</Text>
    </Row>
    <Row Tag="TXT_KEY_VICTORY_FLAVOR_TECHNOLOGY">
      <Text>Bilimde ustalasarak zafere ulastiniz! Doganin gizemlerini fethettiniz ve halkinizi cesur yeni bir dünyaya yolculuga çikardiniz! Zaferiniz gece gökyüzünde yildizlar yandigi sürece hatirlanacak!</Text>
    </Row>
    <Row Tag="TXT_KEY_VICTORY_FLAVOR_DOMINATION">
      <Text>Dünya savasla sarsildi. Pek çok büyük ve güçlü uygarlik yikildi ama siz hayatta kaldiniz ve zaferle çiktiniz! Dünya sizin sanli zaferinizi uzun süre hatirlayacak!</Text>
    </Row>
    <Row Tag="TXT_KEY_VICTORY_FLAVOR_CULTURE">
      <Text>Kültürünüzün müthis gücü sayesinde zafere ulastiniz. Uygarliginizin büyüklügü - anitlarinin ihtisami ve sanatçilarinin gücü - dünyayi hayrete düsürdü! Güzellik yorgun bir kalbe sevinç getirdigi sürece sairler sizi onurlandiracaktir.</Text>
    </Row>
    <Row Tag="TXT_KEY_VICTORY_FLAVOR_DIPLOMACY">
      <Text>Diplomasi sanati sayesinde düsmanlariniza karsi zafer kazandiniz! Kurnazligin ve bilgeligin sana büyük dostlar kazandirdi - ve düsmanlarin arasinda bölünme ve karisiklik yaratti! Sonsuza dek yorgun bir dünyaya baris getiren lider olarak hatirlanacaksin!</Text>
    </Row>
    <Row Tag="TXT_KEY_VICTORY_FLAVOR_TIME">
      <Text>Dünya savasla sarsildi. Pek çok büyük ve güçlü uygarlik yikildi ama siz hayatta kaldiniz ve zaferle çiktiniz! Dünya sizin sanli zaferinizi uzun süre hatirlayacak!</Text>
    </Row>
    <Row Tag="TXT_KEY_VICTORY_FLAVOR_LOSS">
      <Text>Yenildiniz. Uygarliginiz birçok düsmani tarafindan ezildi. Ama halkiniz umutsuzluga kapilmiyor, çünkü bir gün geri döneceginizi ve onlari zafere tasiyacaginizi biliyorlar!</Text>
    </Row>
    <Row Tag="TXT_KEY_VICTORY_FLAVOR_DEMO">
      <Text>Büyük ve güçlü uygarliginizin yükselisinden bu yana uzun yillar geçti. Ne yazik ki, zamaniniz sona erdi, ancak halkiniz umutsuzluga kapilmiyor, çünkü bir gün geri döneceginizi ve onlari zafere götüreceginizi biliyorlar!</Text>
    </Row>
    <Row Tag="TXT_KEY_DEMO_BANG">
      <Text>DEMO TAMAMLANDI!</Text>
    </Row>
    <Row Tag="TXT_KEY_VICTORY_BANG">
      <Text>ZAFER!</Text>
    </Row>
    <Row Tag="TXT_KEY_DEFEAT_BANG">
      <Text>YENILGI!</Text>
    </Row>
    <Row Tag="TXT_KEY_VICTORY_TECHNOLOGY_BANG">
      <Text>Teknolojik Zafer!</Text>
    </Row>
    <Row Tag="TXT_KEY_VICTORY_DOMINATION_BANG">
      <Text>Hakimiyet Zaferi!</Text>
    </Row>
    <Row Tag="TXT_KEY_VICTORY_CULTURE_BANG">
      <Text>Kültürel Zafer!</Text>
    </Row>
    <Row Tag="TXT_KEY_VICTORY_ECONOMIC_BANG">
      <Text>Diplomatik Zafer!</Text>
    </Row>
    <Row Tag="TXT_KEY_VICTORY_TIME_BANG">
      <Text>Zafer zamani!</Text>
    </Row>
    <!-- End Game Screen -->
    <Row Tag="TXT_KEY_RANKING_TITLE">
      <Text>SIRALAMA</Text>
    </Row>
    <Row Tag="TXT_KEY_HALL_OF_FAME_EMPTY">
      <Text>Henüz hiçbir oyunu tamamlamadiniz.</Text>
    </Row>
    <Row Tag="TXT_KEY_RANKING_STATEMENT">
      <Text>{1_GreatLeader} seviyesine ulastiniz</Text>
    </Row>
    <!-- Demographics -->
    <Row Tag="TXT_KEY_DEMOGRAPHICS_TITLE">
      <Text>DEMOGRAFIK BILGILER</Text>
    </Row>
    <Row Tag="TXT_KEY_DEMOGRAPHICS">
      <Text>Demografik Bilgiler</Text>
    </Row>
    <Row Tag="TXT_KEY_DEMOGRAPHICS_TYPE">
      <Text>Demografik</Text>
    </Row>
    <Row Tag="TXT_KEY_DEMOGRAPHICS_VALUE">
      <Text>Deger</Text>
    </Row>
    <Row Tag="TXT_KEY_DEMOGRAPHICS_RIVAL_BEST">
      <Text>En iyisi</Text>
    </Row>
    <Row Tag="TXT_KEY_DEMOGRAPHICS_RIVAL_AVERAGE">
      <Text>Ortalama</Text>
    </Row>
    <Row Tag="TXT_KEY_DEMOGRAPHICS_RIVAL_WORST">
      <Text>En kötüsü</Text>
    </Row>
    <Row Tag="TXT_KEY_DEMOGRAPHICS_RANK">
      <Text>Rütbe</Text>
    </Row>
    <Row Tag="TXT_KEY_DEMOGRAPHICS_POPULATION">
      <Text>Nüfus</Text>
    </Row>
    <Row Tag="TXT_KEY_DEMOGRAPHICS_POPULATION_MEASURE">
      <Text>Insanlar</Text>
    </Row>
    <Row Tag="TXT_KEY_DEMOGRAPHICS_FOOD">
      <Text>Mahsul Verimi</Text>
    </Row>
    <Row Tag="TXT_KEY_DEMOGRAPHICS_FOOD_MEASURE">
      <Text>Milyon Busel</Text>
    </Row>
    <Row Tag="TXT_KEY_DEMOGRAPHICS_PRODUCTION">
      <Text>Üretilen Mallar</Text>
    </Row>
    <Row Tag="TXT_KEY_DEMOGRAPHICS_PRODUCTION_MEASURE">
      <Text>Milyon Ton</Text>
    </Row>
    <Row Tag="TXT_KEY_DEMOGRAPHICS_GOLD">
      <Text>GSMH</Text>
    </Row>
    <Row Tag="TXT_KEY_DEMOGRAPHICS_GOLD_MEASURE">
      <Text>Milyon Altin</Text>
    </Row>
    <Row Tag="TXT_KEY_DEMOGRAPHICS_LAND">
      <Text>Arazi</Text>
    </Row>
    <Row Tag="TXT_KEY_DEMOGRAPHICS_LAND_MEASURE">
      <Text>Kare KM</Text>
    </Row>
    <Row Tag="TXT_KEY_DEMOGRAPHICS_ARMY">
      <Text>Askerler</Text>
    </Row>
    <Row Tag="TXT_KEY_DEMOGRAPHICS_ARMY_MEASURE">
      <Text>Askerler</Text>
    </Row>
    <Row Tag="TXT_KEY_DEMOGRAPHICS_APPROVAL">
      <Text>Onay</Text>
    </Row>
    <Row Tag="TXT_KEY_DEMOGRAPHICS_LITERACY">
      <Text>Okuryazarlik</Text>
    </Row>
    <!-- Victory Progress -->
    <Row Tag="TXT_KEY_VP_TT">
      <Text>Zafer Ilerlemesi</Text>
    </Row>
    <Row Tag="TXT_KEY_VP_TITLE">
      <Text>ZAFER ILERLEMESI</Text>
    </Row>
    <Row Tag="TXT_KEY_VP_TURNS">
      <Text>Kalan Dönüsler</Text>
    </Row>
    <Row Tag="TXT_KEY_VP_CITIES">
      <Text>Sehirler</Text>
    </Row>
    <Row Tag="TXT_KEY_VP_POPULATION">
      <Text>Nüfus</Text>
    </Row>
    <Row Tag="TXT_KEY_VP_LAND">
      <Text>Arazi</Text>
    </Row>
    <Row Tag="TXT_KEY_VP_WONDERS">
      <Text>Harikalar</Text>
    </Row>
    <Row Tag="TXT_KEY_VP_TECH">
      <Text>Teknolojileri</Text>
    </Row>
    <Row Tag="TXT_KEY_VP_FUTURE_TECH">
      <Text>Gelecegin Teknolojisi</Text>
    </Row>
    <Row Tag="TXT_KEY_VP_SCORE">
      <Text>SKOR</Text>
    </Row>
    <Row Tag="TXT_KEY_VP_TURNS_TT">
      <Text>Oyun Bitmeden Önce Dönüsler</Text>
    </Row>
    <Row Tag="TXT_KEY_VP_TECH_PROGRESS">
      <Text>Teknolojik Ilerleme</Text>
    </Row>
    <Row Tag="TXT_KEY_VP_TECH_SS">
      <Text>Yildiz Gemisi Parçalari:</Text>
    </Row>
    <Row Tag="TXT_KEY_VP_DOMINATION_PROGRESS">
      <Text>Orijinal sermayelerine sahip olan oyuncular:</Text>
    </Row>
    <Row Tag="TXT_KEY_VP_POLICIES_FINISHED">
      <Text>Tamamlanan Sosyal Politika Brans Sayisi:</Text>
    </Row>
    <Row Tag="TXT_KEY_VP_UTOPIA_PROGRESS">
      <Text>Ütopya Projesinde Ilerleme</Text>
    </Row>
    <Row Tag="TXT_KEY_VP_DIPLO_VOTES_NEEDED">
      <Text>Diplomatik Zafer için Oy Gerekiyor:</Text>
    </Row>
    <Row Tag="TXT_KEY_VP_DIPLO_VOTES">
      <Text>Mevcut Toplam Diplomatik Oy:</Text>
    </Row>
    <Row Tag="TXT_KEY_VP_DIPLO_MY_VOTES">
      <Text>Oylar sana:</Text>
    </Row>
    <Row Tag="TXT_KEY_VP_DIPLO_PROJECT_BUILT_BY">
      <Text>{1_player} Birlesmis Milletler'i tamamlamistir.</Text>
    </Row>
    <Row Tag="TXT_KEY_VP_DIPLO_PROJECT_PLAYERS_COMPLETE">
      <Text>{1_NumPlayers} {1_NumPlayers : plural 1?Player has  other?Players have } {2_apolloProgram}'yi tamamladi.</Text>
    </Row>
    <Row Tag="TXT_KEY_VP_DIPLO_CAPITALS_REMAINING">
      <Text>{1_NumPlayers} {1_NumPlayers : plural 1?Player is  other?Players are } hala [ICON_CAPITAL] Baskentlerinin kontrolünde.</Text>
    </Row>
    <Row Tag="TXT_KEY_VP_DIPLO_SOCIAL_POLICIES">
      <Text>{1_player}, {3_totalNum}'nin {2_completedNum}'ini tamamlamistir. Sosyal Politika Dallari.</Text>
    </Row>
    <Row Tag="TXT_KEY_VP_DIPLO_DETAILS">
      <Text>Detaylar</Text>
    </Row>
    <Row Tag="TXT_KEY_VP_DIPLO_MY_VOTES_TITLE">
      <Text>Toplam Oy</Text>
    </Row>
    <Row Tag="TXT_KEY_VP_DIPLO_SELF_VOTES_TITLE">
      <Text>Öz Oylar</Text>
    </Row>
    <Row Tag="TXT_KEY_VP_DIPLO_LIBERATED_TITLE">
      <Text>Özgürlestirildi</Text>
    </Row>
    <Row Tag="TXT_KEY_VP_DIPLO_LIBERATED_CIV_TITLE">
      <Text>Özgürlestirildi [ICON_CAPITAL]</Text>
    </Row>
    <Row Tag="TXT_KEY_VP_DIPLO_CIV_RANK">
      <Text>Uygarlik Siralamasi</Text>
    </Row>
    <Row Tag="TXT_KEY_VP_DOMINATION_VICTORY_DISABLED">
      <Text>Hakimiyet Zaferi devre disi birakildi.</Text>
    </Row>
    <Row Tag="TXT_KEY_VP_DIPLO_VICTORY_DISABLED">
      <Text>Diplomatik Zafer devre disi birakildi.</Text>
    </Row>
    <Row Tag="TXT_KEY_VP_SCIENCE_VICTORY_DISABLED">
      <Text>Bilim Zaferi devre disi birakildi.</Text>
    </Row>
    <Row Tag="TXT_KEY_VP_CULTURE_VICTORY_DISABLED">
      <Text>Kültür Zaferi devre disi birakildi.</Text>
    </Row>
    <Row Tag="TXT_KEY_VP_TIME_VICTORY_DISABLED">
      <Text>Zaman Zaferi devre disi birakildi.</Text>
    </Row>
    <!-- Diplo Overview -->
    <Row Tag="TXT_KEY_NO_DIPLO_ACTIONS">
      <Text>Diplomatik Eylem Yok</Text>
    </Row>
    <Row Tag="TXT_KEY_PACT_OF_COOPERATION">
      <Text>Isbirligi Pakti</Text>
    </Row>
    <Row Tag="TXT_KEY_PACT_OF_SECRECY">
      <Text>{1_ally} ile {2_enemy}'e karsi Gizlilik Pakti</Text>
    </Row>
    <Row Tag="TXT_KEY_AT_WAR_WITH">
      <Text>[COLOR_NEGATIVE_TEXT]Savasta {1_enemy}[ENDCOLOR]</Text>
    </Row>
    <Row Tag="TXT_KEY_ALLIED_WITH">
      <Text>[COLOR_POSITIVE_TEXT]Allied ile {1_ally}[ENDCOLOR]</Text>
    </Row>
    <Row Tag="TXT_KEY_DIPLO_REQUEST_INCOMING">
      <Text>Bu uygarliktan yanitinizi bekleyen diplomatik bir teklif.</Text>
    </Row>
    <Row Tag="TXT_KEY_DIPLO_REQUEST_OUTGOING">
      <Text>Bu uygarlik diplomatik teklifinize henüz yanit vermedi.</Text>
    </Row>
    <Row Tag="TXT_KEY_DIPLO_REQUEST_IN_PROGRESS">
      <Text>Bu uygarliga diplomatik bir teklifte bulunamazsiniz çünkü baska bir uygarlikla bekleyen bir teklifiniz var.</Text>
    </Row>
    <Row Tag="TXT_KEY_DO_NO_MAJORS">
      <Text>Baska hiçbir uygarlikla tanismadiniz.</Text>
    </Row>
    <Row Tag="TXT_KEY_DO_NO_MINORS">
      <Text>Hiçbir sehir devletiyle tanismadiniz.</Text>
    </Row>
    <Row Tag="TXT_KEY_DO_NO_DEALS">
      <Text>Hiçbir anlasma yapmadiniz.</Text>
    </Row>
    <Row Tag="TXT_KEY_DO_NO_HISTORY">
      <Text>Herhangi bir diplomatik temasta bulunmadiniz.</Text>
    </Row>
    <Row Tag="TXT_KEY_DO_PACT">
      <Text>Savunma Pakti</Text>
    </Row>
    <Row Tag="TXT_KEY_DO_AT_WAR">
      <Text>Savasta</Text>
    </Row>
    <Row Tag="TXT_KEY_DO_RESEARCH_AGREEMENT">
      <Text>Arastirma Anlasmasi</Text>
    </Row>
    <Row Tag="TXT_KEY_DO_OPEN_BORDERS">
      <Text>Açik Sinirlar</Text>
    </Row>
    <Row Tag="TXT_KEY_DO_WORKING_WITH">
      <Text>Birlikte Calismak</Text>
    </Row>
    <Row Tag="TXT_KEY_DO_WORKING_AGAINST">
      <Text>Karsi Calismak</Text>
    </Row>
    <Row Tag="TXT_KEY_DO_WE_PROVIDE">
      <Text>{1_misc} Sagliyoruz</Text>
    </Row>
    <Row Tag="TXT_KEY_DO_THEY_PROVIDE">
      <Text>Sagliyorlar {1_misc}</Text>
    </Row>
    <Row Tag="TXT_KEY_DO_TURNS">
      <Text>Dönüsler</Text>
    </Row>
    <Row Tag="TXT_KEY_DO_TURN">
      <Text>Dönüs</Text>
    </Row>
    <Row Tag="TXT_KEY_DO_ON_TURN">
      <Text>Dönüste {1_turn}</Text>
    </Row>
    <Row Tag="TXT_KEY_DO_ENDED_ON">
      <Text>Sonlandirildi:[NEWLINE]Dönüs {1_turn}</Text>
    </Row>
    <Row Tag="TXT_KEY_DO_ENDS_ON">
      <Text>Surada biter:[NEWLINE]Dönüs {1_turn}</Text>
    </Row>
    <Row Tag="TXT_KEY_DO_DEAL_BEGAN">
      <Text>Anlasma Dönüste Basladi {1_turn}</Text>
    </Row>
    <Row Tag="TXT_KEY_DO_DEAL_LASTED">
      <Text>Anlasma {1_turn} Sürdü Dönüsler</Text>
    </Row>
    <Row Tag="TXT_KEY_DO_DEAL_DURATION">
      <Text>Anlasma Süresi: {1_turn} Dönüsler</Text>
    </Row>
    <Row Tag="TXT_KEY_DO_MAJORS">
      <Text>Baslica Güçler</Text>
    </Row>
    <Row Tag="TXT_KEY_DO_CITY_STATES">
      <Text>Sehir Devletleri</Text>
    </Row>
    <Row Tag="TXT_KEY_DO_YOUR_RELATIONS">
      <Text>Iliskileriniz</Text>
    </Row>
    <Row Tag="TXT_KEY_DO_GLOBAL_RELATIONS">
      <Text>Küresel Siyaset</Text>
    </Row>
    <Row Tag="TXT_KEY_DO_DIPLO_LOG">
      <Text>Diplomatik Tarih</Text>
    </Row>
    <Row Tag="TXT_KEY_DO_DEAL_HISTORY">
      <Text>Anlasma Geçmisi</Text>
    </Row>
    <Row Tag="TXT_KEY_DO_CURRENT_DEALS">
      <Text>Güncel Firsatlar</Text>
    </Row>
    <Row Tag="TXT_KEY_DO_COMPLETE_DEALS">
      <Text>Tamamlanan Anlasmalar</Text>
    </Row>
    <Row Tag="TXT_KEY_ABSTAIN">
      <Text>Cekimser</Text>
    </Row>
    <Row Tag="TXT_KEY_DIPLO_STATUS_TT">
      <Text>{1_cityName} su anda {2_statusType} : {3_curNumber} \ {4_maxNumber} [ICON_INFLUENCE]</Text>
    </Row>
    <Row Tag="TXT_KEY_YOUR_SCORE">
      <Text>Puaniniz</Text>
    </Row>
    <Row Tag="TXT_KEY_GAME_NAME">
      <Text>Oyunun adi:</Text>
    </Row>
    <Row Tag="TXT_KEY_SORT_BY_SERVER_NAME">
      <Text>Sunucu Adina Göre Sirala</Text>
    </Row>
    <Row Tag="TXT_KEY_SORT_BY_MEMBERS">
      <Text>Üyelere Göre Sirala</Text>
    </Row>
    <Row Tag="TXT_KEY_CURRENT_ERA">
      <Text>Güncel Dönem</Text>
    </Row>
    <Row Tag="TXT_KEY_POLICIES_ADOPTED">
      <Text>Kabul Edilen Politikalar</Text>
    </Row>
    <Row Tag="TXT_KEY_WONDERS_CONSTRUCTED">
      <Text>Harikalar Insa Edildi</Text>
    </Row>
    <!-- Economic Overview -->
    <Row Tag="TXT_KEY_EO_GPT">
      <Text>[ICON_GOLD] Dönüs Basina Altin</Text>
    </Row>
    <Row Tag="TXT_KEY_EO_TOTAL_GOLD">
      <Text>Hazine Müstesarligi</Text>
    </Row>
    <Row Tag="TXT_KEY_EO_NET_PER_TURN">
      <Text>Net [ICON_GOLD] \ Dönüs</Text>
    </Row>
    <Row Tag="TXT_KEY_EO_PENALTY">
      <Text>Bilim Kayip \ Dönüs</Text>
    </Row>
    <Row Tag="TXT_KEY_EO_PENALTY_TT">
      <Text>Altin Açigindan Kaynaklanan Ceza</Text>
    </Row>
    <Row Tag="TXT_KEY_EO_GROSS">
      <Text>Brüt [ICON_GOLD] \ Dönüs</Text>
    </Row>
    <Row Tag="TXT_KEY_EO_TOTAL_EXPENSE">
      <Text>Toplam Giderler</Text>
    </Row>
    <Row Tag="TXT_KEY_EO_INCOME">
      <Text>Gelir</Text>
    </Row>
    <Row Tag="TXT_KEY_EO_CITIES">
      <Text>Sehirler</Text>
    </Row>
    <Row Tag="TXT_KEY_EO_INCOME_CITIES">
      <Text>[ICON_PLUS] Sehir Geliri</Text>
    </Row>
    <Row Tag="TXT_KEY_EO_INCOME_CITIES_COLLAPSE">
      <Text>[ICON_MINUS] Sehir Geliri</Text>
    </Row>
    <Row Tag="TXT_KEY_EO_DIPLOMACY">
      <Text>Diplomasi</Text>
    </Row>
    <Row Tag="TXT_KEY_EO_DIPLOMACY_AND_UN_VOTE">
      <Text>Diplomasi[NEWLINE][NEWLINE]{1_Num} Birlesmis Milletler oylamasindan önce dönüyor</Text>
    </Row>
    <Row Tag="TXT_KEY_EO_INCOME_DIPLOMACY">
      <Text>Diplomasiden Elde Edilen Gelir</Text>
    </Row>
    <Row Tag="TXT_KEY_EO_TRADE">
      <Text>Ticaret Yollari</Text>
    </Row>
    <Row Tag="TXT_KEY_EO_INCOME_TRADE">
      <Text>Ticaret Yollarindan Elde Edilen Gelir</Text>
    </Row>
    <Row Tag="TXT_KEY_EO_INCOME_TRADE_DETAILS">
      <Text>[ICON_PLUS] Ticaret Yollari</Text>
    </Row>
    <Row Tag="TXT_KEY_EO_INCOME_TRADE_DETAILS_COLLAPSE">
      <Text>[ICON_MINUS] Ticaret Yollari</Text>
    </Row>
    <Row Tag="TXT_KEY_EO_EXPENSES">
      <Text>Giderler</Text>
    </Row>
    <Row Tag="TXT_KEY_EO_UNITS">
      <Text>Birimler</Text>
    </Row>
    <Row Tag="TXT_KEY_EO_EX_UNITS">
      <Text>Sahip oldugunuz Birimlerin (askeri ve sivil) toplam bakim maliyeti. Her biri için maliyet su anda {1_Num} [ICON_GOLD] olup, toplam sayi ile birlikte ve zamanla ({2_Num} artar. Birim Toplam).</Text>
    </Row>
    <Row Tag="TXT_KEY_EO_EX_UNITS_NO_MAINT">
      <Text>Bakim gerektiren {1_NumUnits: plural 1?does not  other?do not } {1_NumUnits: plural 1?unit  other?units } {1_NumUnits} sahipsiniz.</Text>
    </Row>
    <Row Tag="TXT_KEY_EO_BUILDINGS">
      <Text>[ICON_PLUS] Binalar</Text>
    </Row>
    <Row Tag="TXT_KEY_EO_BUILDINGS_COLLAPSE">
      <Text>[ICON_MINUS] Binalar</Text>
    </Row>
    <Row Tag="TXT_KEY_EO_EX_BUILDINGS">
      <Text>Sahip oldugunuz binalarin toplam bakim maliyeti.</Text>
    </Row>
    <Row Tag="TXT_KEY_EO_EX_BASE_BUILDINGS">
      <Text>Bu, daha yüksek bir zorluk seviyesinde tam maliyet olacaktir.</Text>
    </Row>
    <Row Tag="TXT_KEY_HANDICAP_MAINTENANCE_MOD">
      <Text>Oyunun mevcut zorluk seviyesi nedeniyle normal maliyetin {1_Num} %'sini ödersiniz.</Text>
    </Row>
    <Row Tag="TXT_KEY_EO_IMPROVEMENTS">
      <Text>Yollar ve Demiryollari</Text>
    </Row>
    <Row Tag="TXT_KEY_EO_EX_IMPROVEMENTS">
      <Text>Insa ettiginiz veya sorumlu oldugunuz Yollarin ve Demiryollarinin bakiminin toplam maliyeti. Yollar tur basina 1 [ICON_GOLD] Altina, demiryollari ise 2 [ICON_GOLD] Altina mal olur.</Text>
    </Row>
    <Row Tag="TXT_KEY_EO_EX_DIPLOMACY">
      <Text>Diplomasi Harcamalari</Text>
    </Row>
    <Row Tag="TXT_KEY_EO_SORT_RANGED">
      <Text>Menzilli Saldiriya Göre Sirala</Text>
    </Row>
    <Row Tag="TXT_KEY_EO_SORT_POPULATION">
      <Text>Nüfusa Göre Sirala</Text>
    </Row>
    <Row Tag="TXT_KEY_EO_SORT_NAME">
      <Text>Isme Göre Sirala</Text>
    </Row>
    <Row Tag="TXT_KEY_EO_SORT_STRENGTH">
      <Text>Güce Göre Sirala</Text>
    </Row>
    <Row Tag="TXT_KEY_EO_SORT_PRODUCTION">
      <Text>Üretime Göre Sirala</Text>
    </Row>
    <Row Tag="TXT_KEY_EO_SORT_GOLD">
      <Text>Altina Göre Sirala</Text>
    </Row>
    <Row Tag="TXT_KEY_EO_SORT_RESEARCH">
      <Text>Arastirmaya Göre Sirala</Text>
    </Row>
    <Row Tag="TXT_KEY_EO_SORT_CULTURE">
      <Text>Kültüre Göre Sirala</Text>
    </Row>
    <Row Tag="TXT_KEY_EO_SORT_FOOD">
      <Text>Gidaya Göre Sirala</Text>
    </Row>
    <Row Tag="TXT_KEY_EO_SORT_FAITH">
      <Text>Inanca Göre Sirala</Text>
    </Row>
    <Row Tag="TXT_KEY_UNHAPPINESS">
      <Text>Mutsuzluk</Text>
    </Row>
    <Row Tag="TXT_KEY_TOTAL">
      <Text>Toplam</Text>
    </Row>
    <Row Tag="TXT_KEY_EO_LUXURY_HAPPINESS">
      <Text>[ICON_PLUS] Lüksler</Text>
    </Row>
    <Row Tag="TXT_KEY_EO_LUXURY_HAPPINESS_COLLAPSE">
      <Text>[ICON_MINUS] Lüksler</Text>
    </Row>
    <Row Tag="TXT_KEY_EO_CITY_BUILDINGS">
      <Text>[ICON_PLUS] Sehir Binalari</Text>
    </Row>
    <Row Tag="TXT_KEY_EO_CITY_BUILDINGS_COLLAPSE">
      <Text>[ICON_MINUS] Sehir Binalari</Text>
    </Row>
    <Row Tag="TXT_KEY_EO_TRADE_ROUTES">
      <Text>[ICON_PLUS] Ticaret Yollari</Text>
    </Row>
    <Row Tag="TXT_KEY_EO_TRADE_ROUTES_COLLAPSE">
      <Text>[ICON_MINUS] Ticaret Yollari</Text>
    </Row>
    <Row Tag="TXT_KEY_EO_GARRISON">
      <Text>[ICON_PLUS] Garnizonlu Birimler</Text>
    </Row>
    <Row Tag="TXT_KEY_EO_GARRISON_COLLAPSE">
      <Text>[ICON_MINUS] Garnizonlu Birimler</Text>
    </Row>
    <Row Tag="TXT_KEY_LUXURY_VARIETY">
      <Text>Lüks Cesitlilik</Text>
    </Row>
    <Row Tag="TXT_KEY_LUXURY_BONUS">
      <Text>Lüks Basina Bonus</Text>
    </Row>
    <Row Tag="TXT_KEY_LUXURY_MISC">
      <Text>Lükslerden Cesitli</Text>
    </Row>
    <Row Tag="TXT_KEY_FREE_HAPP_PER_CITY">
      <Text>Sehir Basina Ücretsiz [ICON_HAPPINESS_1]</Text>
    </Row>
    <Row Tag="TXT_KEY_NUMBER_OF_CITIES">
      <Text># of Cities ({1_Num})</Text>
    </Row>
    <Row Tag="TXT_KEY_NUMBER_OF_CITIES_TT">
      <Text>Her (bos) Sehir 3 [ICON_HAPPINESS_4] Mutsuzluk üretir.</Text>
    </Row>
    <Row Tag="TXT_KEY_NUMBER_OF_CITIES_TT_NORMALLY">
      <Text>Her (bos olmayan) Sehir 3 [ICON_HAPPINESS_4] Mutsuzluk (Normalde) üretir.</Text>
    </Row>
    <Row Tag="TXT_KEY_NORMALLY">
      <Text>(Normalde)</Text>
    </Row>
    <Row Tag="TXT_KEY_NUMBER_OF_CITIES_HANDICAP_TT">
      <Text>Oyunun mevcut zorluk seviyesi nedeniyle, normalden {1_Num}% daha az üretiyorlar.</Text>
    </Row>
    <Row Tag="TXT_KEY_UNHAPPINESS_MOD_MAP">
      <Text>Oyunun mevcut harita boyutu nedeniyle, normalden {1_Num}% daha az üretiyorlar.</Text>
    </Row>
    <Row Tag="TXT_KEY_UNHAPPINESS_MOD_CAPITAL">
      <Text>Politikalariniz nedeniyle, Sermayenizdeki [ICON_CITIZEN] Vatandaslar normal miktarin {1_Num}% 'ünü üretmektedir.</Text>
    </Row>
    <Row Tag="TXT_KEY_UNHAPPINESS_MOD_TRAIT">
      <Text>Uygarliginizin özellikleri nedeniyle, normal miktarin {1_Num}% 'sini üretirler.</Text>
    </Row>
    <Row Tag="TXT_KEY_UNHAPPINESS_MOD_PLAYER">
      <Text>Imparatorlugunuzun kazandigi bonuslar nedeniyle, normal miktarin {1_Num}% 'sini üretirler.</Text>
    </Row>
    <Row Tag="TXT_KEY_UNHAPPINESS_MOD_SPECIALIST">
      <Text>Imparatorlugunuzun kazandigi bonuslar nedeniyle, Uzman vatandaslar normal [ICON_HAPPINESS_4] Mutsuzlugun yarisini üretir.</Text>
    </Row>
    <Row Tag="TXT_KEY_NUMBER_OF_OCCUPIED_CITIES">
      <Text># of Occupied Cities ({1_Num})</Text>
    </Row>
    <Row Tag="TXT_KEY_NUMBER_OF_OCCUPIED_CITIES_TT">
      <Text>Isgal Edilen Her [ICON_OCCUPIED] Sehir 5 [ICON_HAPPINESS_4] Mutsuzluk Üretir</Text>
    </Row>
    <Row Tag="TXT_KEY_POP_UNHAPPINESS">
      <Text>Vatandaslar ({1_Num})</Text>
    </Row>
    <Row Tag="TXT_KEY_POP_UNHAPPINESS_TT">
      <Text>(Bos) Bir Sehirdeki Her [ICON_CITIZEN] Vatandas 1 [ICON_HAPPINESS_4] Mutsuzluk Üretir</Text>
    </Row>
    <Row Tag="TXT_KEY_OCCUPIED_POP_UNHAPPINESS">
      <Text>Isgal Altindaki Vatandaslar ({1_Num})</Text>
    </Row>
    <Row Tag="TXT_KEY_OCCUPIED_POP_UNHAPPINESS_TT">
      <Text>Isgal Altindaki Bir [ICON_OCCUPIED] Sehirdeki Her [ICON_CITIZEN] Vatandas 1,34 [ICON_HAPPINESS_4] Mutsuzluk Üretir</Text>
    </Row>
    <Row Tag="TXT_KEY_EO_CITY_UNHAPPINESS">
      <Text>[ICON_PLUS] Sehir Dagilimi</Text>
    </Row>
    <Row Tag="TXT_KEY_EO_CITY_UNHAPPINESS_COLLAPSE">
      <Text>[ICON_MINUS] Sehir Dagilimi</Text>
    </Row>
    <Row Tag="TXT_KEY_EO_CITY_IS_OCCUPIED">
      <Text>Sehir [ICON_OCCUPIED] Isgal Edildi!</Text>
    </Row>
    <Row Tag="TXT_KEY_EO_RESOURCES_AVAILBLE">
      <Text>Mevcut Kaynaklar</Text>
    </Row>
    <Row Tag="TXT_KEY_EO_RESOURCES_TRADED">
      <Text>Ticareti Yapilan Kaynaklar</Text>
    </Row>
    <Row Tag="TXT_KEY_EO_LOCAL_RESOURCES">
      <Text>Yerel Kaynaklar</Text>
    </Row>
    <Row Tag="TXT_KEY_RESOURCES_IMPORTED">
      <Text>Ithal Edilen Kaynaklar</Text>
    </Row>
    <Row Tag="TXT_KEY_RESOURCES_EXPORTED">
      <Text>Ihraç Edilen Kaynaklar</Text>
    </Row>
    <!-- Civilopedia Screen-->
    <Row Tag="TXT_KEY_PEDIA_TECHNOLOGY_NAME">
      <Text>Teknoloji Adi</Text>
    </Row>
    <Row Tag="TXT_KEY_PEDIA_UNLOCKED_UNIT_NAME">
      <Text>Kilitlenmemis Birim Adi</Text>
    </Row>
    <Row Tag="TXT_KEY_PEDIA_REQUIRED_BUILDING_NAME">
      <Text>Gerekli Bina Adi</Text>
    </Row>
    <Row Tag="TXT_KEY_PEDIA_RESOURCE_NAME">
      <Text>Kaynak Adi</Text>
    </Row>
    <Row Tag="TXT_KEY_PEDIA_LOCAL_RESOURCE_NAME">
      <Text>Yerel Kaynak Adi</Text>
    </Row>
    <Row Tag="TXT_KEY_PEDIA_WORKER_ACTION_NAME">
      <Text>"Calisan Eylem Adi"</Text>
    </Row>
    <Row Tag="TXT_KEY_PEDIA_UNLKED_PROJECT_NAME">
      <Text>Kilitlenmemis Proje Adi</Text>
    </Row>
    <Row Tag="TXT_KEY_PEDIA_PROMOTION_NAME">
      <Text>Promosyon Adi</Text>
    </Row>
    <Row Tag="TXT_KEY_PEDIA_SPEC_NAME">
      <Text>Uzman Adi</Text>
    </Row>
    <Row Tag="TXT_KEY_PEDIA_POLICY_NAME">
      <Text>Politika Adi</Text>
    </Row>
    <Row Tag="TXT_KEY_PEDIA_LEADER_NAME">
      <Text>Lider Adi</Text>
    </Row>
    <Row Tag="TXT_KEY_PEDIA_CIVILIZATION_NAME">
      <Text>Uygarlik Adi</Text>
    </Row>
    <Row Tag="TXT_KEY_PEDIA_CIVILIZATION_SHORT_NAME">
      <Text>Uygarlik Kisa Adi</Text>
    </Row>
    <Row Tag="TXT_KEY_PEDIA_CIVILIZATION_ADJECTIVE">
      <Text>Uygarlik Sifat</Text>
    </Row>
    <Row Tag="TXT_KEY_PEDIA_TRAIT_NAME">
      <Text>Özellik Adi</Text>
    </Row>
    <Row Tag="TXT_KEY_PEDIA_UNIQUEUNIT_NAME">
      <Text>Benzersiz Birim Adi</Text>
    </Row>
    <Row Tag="TXT_KEY_PEDIA_UNIQUEBLDG_NAME">
      <Text>Benzersiz Bina Adi</Text>
    </Row>
    <Row Tag="TXT_KEY_PEDIA_UNIQUEIMPR_NAME">
      <Text>Benzersiz Iyilestirme Adi</Text>
    </Row>
    <Row Tag="TXT_KEY_PEDIA_REPLACE_NAME">
      <Text>Isim Degistir</Text>
    </Row>
    <Row Tag="TXT_KEY_PEDIA_IMPROVEMENT_NAME">
      <Text>Iyilestirme Adi</Text>
    </Row>
    <Row Tag="TXT_KEY_PEDIA_FEATURE_NAME">
      <Text>Özellik Adi</Text>
    </Row>
    <Row Tag="TXT_KEY_PEDIA_TERRAIN_NAME">
      <Text>Arazi Adi</Text>
    </Row>
    <Row Tag="TXT_KEY_PEDIA_TECH_SECTION">
      <Text>Teknoloji Bölümü</Text>
    </Row>
    <Row Tag="TXT_KEY_SEARCH_BUTTON">
      <Text>Arama</Text>
    </Row>
    <Row Tag="TXT_KEY_SEARCH_NOT_FOUND">
      <Text>"{1_stringEntered}" metni bulunamadi.</Text>
    </Row>
    <Row Tag="TXT_KEY_PEDIA_RESEARCH_LABEL">
      <Text>Arastirma</Text>
    </Row>
    <Row Tag="TXT_KEY_PEDIA_HOME_PAGE_BLURB_TEXT">
      <Text>[NEWLINE][TAB][TAB] "Vatanseverin övüncü budur, nerede dolasirsak dolasalim, Onun ilk, en iyi ülkesi evidir."[NEWLINE][TAB][TAB] - Oliver Goldsmith[NEWLINE][TAB]</Text>
    </Row>
    <Row Tag="TXT_KEY_PEDIA_HOME_PAGE_VERSION_TEXT">
      <Text>Su anda Civilization V v.1.0'i çalistiriyorsunuz.</Text>
    </Row>
    <Row Tag="TXT_KEY_PEDIA_HOME_PAGE_VERSION_LABEL">
      <Text>Sürüm Bilgileri</Text>
    </Row>
    <Row Tag="TXT_KEY_PEDIA_HOME_PAGE_HELP_TEXT">
      <Text>Civilopedia'ya hos geldiniz! Burada oyunun tüm yönleriyle ilgili ayrintili açiklamalar bulacaksiniz. Herhangi bir konuda makale aramak için "Arama" alanini kullanin. Ekranin üst kenarindaki sekmelere tiklamak sizi Civilopedia'nin çesitli ana bölümlerine götürecektir. Ekranin sol tarafindaki Gezinti Cubugu, bir bölüm içindeki çesitli girisleri gösterecektir. Dogrudan oraya gitmek için bir girise tiklayin. [NEWLINE] [NEWLINE]Ekranin sol üst kisminda sayfalar arasinda gezinmenize yardimci olacak ileri ve geri dügmelerini bulacaksiniz. Oyuna geri dönmek için ekranin sag üst kismindaki "X" isaretine tiklayin.</Text>
    </Row>
    <Row Tag="TXT_KEY_PEDIA_HOME_PAGE_HELP_LABEL">
      <Text>Civilopedia</Text>
    </Row>
    <Row Tag="TXT_KEY_PEDIA_HOME_PAGE_LABEL">
      <Text>Civilopedia Ana Sayfa</Text>
    </Row>
    <Row Tag="TXT_KEY_PEDIA_GAME_CONCEPT_PAGE_LABEL">
      <Text>Oyun Konseptleri Ana Sayfasi</Text>
    </Row>
    <Row Tag="TXT_KEY_PEDIA_GAME_CONCEPT_HELP_TEXT">
      <Text>Civilization V, derin geçmisten yarindan sonraki güne kadar tüm insanlik tarihini inceliyor. Civilopedia'nin "Oyun Kavramlari" bölümü oyunun daha önemli kisimlarindan bazilarini açiklar - sehirlerin nasil insa edilecegi ve yönetilecegi, savaslarin nasil yapilacagi, teknolojinin nasil arastirilacagi vb. Soldaki Gezinti Cubugu ana kavramlari gösterir  kavramlar içindeki alt bölümleri görmek için bir girise tiklayin.[NEWLINE][NEWLINE]Yazarin annesiyseniz, Oyun Kavramlarinin tümünü bastan sona okuyabilirsiniz, ancak diger herkes için bir oyuna baslamanizi ve oyunda ihtiyaciniz oldugunda bunlari kontrol etmenizi öneririz. Eger isimizi dogru yaptiysak, oyun içi Ögretici, oyunun baslarinda nasil gezineceginizi anlamak için yapmaniz gereken tek sey olacaktir.</Text>
    </Row>
    <Row Tag="TXT_KEY_PEDIA_TECHNOLOGIES_HELP_TEXT">
      <Text>Teknoloji, uygarliginizin basarisi veya basarisizligi için gerçekten önemlidir. Oyunda 70'in üzerinde teknoloji var ve her biri size oyunda önemli bir avantaj sagliyor. Bazi teknolojiler harika yeni binalar ve harikalar insa etmenizi saglarken, digerleri tarlalarinizdan ve madenlerinizden elde ettiginiz verimi artirir ve digerleri de demiryollari veya gelismis silahlar insa etmenizi saglar. [NEWLINE][NEWLINE] Uygarliginizin teknoloji yarisinda rekabetçi kalmasi kritik derecede önemlidir. Bir ya da iki adimdan fazla geride kalirsaniz, kendinizi Azteklerle ayni ikilemle karsi karsiya bulursunuz  Ispanyol tüfekleri ve toplari karsisinda obsidyen kiliçlar ve sapanlar. Ve tarihin bize söyledigi gibi, bu karsilasmalari her zaman ileri teknolojiye sahip olan taraf kazanir.</Text>
    </Row>
    <Row Tag="TXT_KEY_PEDIA_UNITS_HELP_TEXT">
      <Text>Birimler uygarliginizin daha hareketli yönlerini, tarlalari süren isçileri, yeni sehirler insa eden yerlesimcileri, dehalari veya yaraticiliklariyla bir ülkenin gidisatini tek baslarina degistirebilen Büyük Insanlari temsil eder. Ve tabii ki birimler de medeniyetinizin ordusunu temsil eder.[NEWLINE][NEWLINE]Birimlerin çogu sehirlerinizde insa edilir. Onlari akillica kullanin. Her zaman elinizdeki askeri görevi yerine getirmek ve sehirlerinizi savunmak için yeterli savas birimine sahip oldugunuzdan emin olun, ancak asiri insa etmeyin, aksi takdirde onlari desteklemenin maliyeti medeniyetinize yalvaracaktir. Yapabildiginizde askeri birliklerinizi yükseltin, ancak asiri yüklendiginizde onlari yok etmekten de çekinmeyin. Benzer sekilde, isin üstesinden gelecek kadar isçiniz olsun, ancak bakimlari pahalidir, bu nedenle mali durumunuza dikkat edin.[NEWLINE][NEWLINE]Ne yaparsaniz yapin, oyunun baslarinda dünyayi kesfetmek için birimler gönderin! Etrafinizdaki dünyada neler olup bittigini bilmiyorsaniz, açgözlü komsularinizdan gerçekten çirkin ve muhtemelen ölümcül sürprizlerle karsilasabilirsiniz!</Text>
    </Row>
    <Row Tag="TXT_KEY_PEDIA_PROMOTIONS_HELP_TEXT">
      <Text>Birimleriniz savasarak ve ayrica Kisla veya diger askeri binalarin bulundugu sehirlerde insa edilerek terfiler kazanir. Terfiler bir birimin savas yetenegini önemli ölçüde gelistirebilir veya hareketini ya da iyilesme oranini artirabilir. Cok sayida terfisi olan bir birim son derece degerlidir - bunlari savasta akillica kullanin ve mümkün oldugunda her zaman yükseltin.</Text>
    </Row>
    <Row Tag="TXT_KEY_PEDIA_BUILDINGS_HELP_TEXT">
      <Text>Binalar bir sehrin zenginligini, nüfusunu, savunmasini veya üretkenligini önemli ölçüde artirabilir. Bazi binalar orada insa edilen bazi askeri birimlerin kalitesini artirirken, digerleri bir kiyi sehrinin okyanuslardan yiyecek toplamasina olanak tanir.[NEWLINE][NEWLINE]Bina insa etmek önemlidir. Uygarliginiz yogun bir sekilde savasa katiliyorsa, üretiminizin tamamini askeri birimlere odaklamak cazip gelebilir, ancak bu yolu çok uzun süre izlerseniz, sehirleriniz diger uygarliklarin daha iyi gelismis sehirlerinden daha asagi hale gelebilir ve oyun ilerledikçe sizi önemli bir dezavantaja sokabilir.</Text>
    </Row>
    <Row Tag="TXT_KEY_PEDIA_WONDERS_HELP_TEXT">
      <Text>Harikalar, bir medeniyetin tüm tarih boyunca hatirlanmasini saglayan olaganüstü, türünün tek örnegi yapilardir. Harikalar zihinleri mesgul eder ve moralleri yükseltir.[NEWLINE][NEWLINE]Piramitler, Notre Dame Katedrali ve Stonehenge harikalara örnektir. Harikalari insa etmek için sehirlerinizin çok fazla zaman ve enerji harcamasi gerekir, ancak tamamlandiklarinda medeniyetinize birçok fayda saglarlar.[NEWLINE][NEWLINE]Üç temel harikalar türü vardir: Dünya Harikalari, Ulusal Harikalar ve Proje Harikalari. Belirli bir oyunda dünyanin herhangi bir yerinde bir Dünya Harikasinin yalnizca bir kopyasi insa edilebilir. Ulusal Harikalar daha az ayricaliklidir: her ulus bir Ulusal Harikanin bir (ama sadece bir) kopyasini insa edebilir.</Text>
    </Row>
    <Row Tag="TXT_KEY_PEDIA_SOCIAL_POL_HELP_TEXT">
      <Text>Sosyal Politikalar, halkinizi yönetmek için seçtiginiz yolu temsil eder. Disiplin ve daha fazla üretkenlik için biraz özgürlükten ödün vererek otoriter bir yönetici mi olacaksiniz? Uygarliginizi güçlü bir orduya sahip olacak sekilde mi organize edeceksiniz, yoksa çabalarini kültürü genisletmeye mi yogunlastiracaksiniz? Monarsiye mi yoksa demokrasiye mi sahip olacaksiniz?[NEWLINE][NEWLINE]Sosyal politikalarin oyunda somut etkileri vardir. Bazilari sehirlerinizin üretimini artirabilirken, digerleri daha fazla zenginlik yaratabilir ve yine digerleri daha etkili askeri birlikler olusturabilir. [NEWLINE] [NEWLINE]Oyunda dogru veya yanlis sosyal politika seçimleri yoktur. Bir politika belirli bir durum için digerine göre daha iyi olabilir (örnegin, savasan medeniyetlerle çevriliyseniz, nispeten izole oldugunuzdan farkli bir yol izlemek isteyebilirsiniz) ve biri oyun tarziniza daha uygun olabilir. Deneyin ve görün.</Text>
    </Row>
    <Row Tag="TXT_KEY_PEDIA_SPEC_HELP_TEXT">
      <Text>Tarih boyunca defalarca, çevrelerindeki dünyayi derinden degistiren kadin ve erkekler ortaya çikmistir - sanatçilar, bilim insanlari, generaller, tüccarlar ve dehalari onlari digerlerinden üstün kilan digerleri. Bu oyunda bu tür vizyonerlere "Büyük Insanlar" deniyor."[NEWLINE][NEWLINE]Oyunda bes farkli türde büyük insan var: Büyük Tüccarlar, Büyük Sanatçilar, Büyük Bilim Adamlari, Büyük Mühendisler ve Büyük Generaller. Her birinin özel bir yetenegi vardir.[NEWLINE][NEWLINE]Uygarliginiz belirli binalar ve harikalar insa ederek Büyük Insanlar kazanir ve daha sonra sehirlerinizden tarlada veya madenlerde çalismayi birakmis vatandaslar olan "uzmanlar" ile onlari görevlendirir. Uzmanlar sehir karolarinda çalismasalar da, Büyük Insanlarin gelisini büyük ölçüde hizlandirirlar. Yiyecek ihtiyaci ile Büyük Insanlar arzusunu dengelemek, sehir yönetiminin önemli bir zorlugudur.</Text>
    </Row>
    <Row Tag="TXT_KEY_PEDIA_CIVS_HELP_TEXT">
      <Text>Oyunda aralarindan seçim yapabileceginiz çok çesitli Medeniyetler ve liderler vardir. Her birinin kendi özel birimleri, binalari ve yetenekleri vardir - Amerika'nin Minuteman ve B-17 Bombardiman Uçagi, Roma'nin Lejyon ve Ballista'si, Rusya'nin ise Kazak ve Krepost'u vardir. Her bir Medeniyetin güçlü ve zayif yönlerini yönetmeyi ögrenmek oyunun en eglenceli yönlerinden biridir ve her oyunu farkli kilar. Misir'i Hindistan'i oynarken kullandiginiz stratejinin aynisini kullanarak oynarsaniz, asil noktayi kaçiriyor olabilirsiniz.</Text>
    </Row>
    <Row Tag="TXT_KEY_PEDIA_CSTATES_HELP_TEXT">
      <Text>Sehir Devletleri, dünyayi isgal eden birçok küçük uygarligi temsil eder. Sehir Devletleri sadece bir sehir merkezli devletlerdir. Yerlesimciler insa edemezler ve bu nedenle yeni sehirler kuramazlar (ancak topraklari genisleyebilir, ancak asla birden fazla sehir içermez). Bunun istisnasi fetih yoluyla olur. Savas halindeki Sehir Devletleri düsman sehirlerini ele geçirebilir.[NEWLINE][NEWLINE]Bir Sehir Devleti ile dost olursaniz, size yiyecek, kültür ve hatta askeri birlikler saglayabilir. Bir Sehir Devletine saldirirsaniz, güçlü imparatorlugunuza eklemek için yeni bir sehir ele geçirebilirsiniz. (Bu, diger sehir devletlerinin size savas ilan etmesine neden olabilir, bu yüzden dikkatli olun).</Text>
    </Row>
    <Row Tag="TXT_KEY_PEDIA_TERRAIN_HELP_TEXT">
      <Text>Civilization V'te dünya altigen sekilli "karolardan" (bazen altigenler ve alanlar olarak da bilinir) olusur. Bu karolar çesitli "arazi türlerine" sahiptir - çöl, ova, otlak, tepe ve benzeri - ve birçogu ayrica ormanlar ve ormanlar gibi "özellikler" içerir. Bu unsurlar, karonun yakindaki bir sehir için kullanisliliginin yani sira karoda hareket etmenin ne kadar kolay veya zor oldugunu belirlemeye yardimci olur. Ayrica, bir karenin arazisi ve özellikleri, orada meydana gelen herhangi bir savas üzerinde önemli etkilere sahip olabilir.</Text>
    </Row>
    <Row Tag="TXT_KEY_PEDIA_TERRAIN_FEATURES_HELP_TEXT">
      <Text>Özellikler, bir altigende, altigenin arazisinin üstünde görünen arazi veya bitki örtüsü unsurlaridir. (Örnegin bir otlak altigeninde orman veya bataklik da olabilir.) Özellikler bir altigenin üretkenligini degistirir ve bir birimin altigene girerken harcadigi "hareket puani" (MP) miktarini da degistirebilir. Özellikler ayrica o kareyi isgal eden bir birime savunma savasi bonuslari veya cezalari da saglayabilir.</Text>
    </Row>
    <Row Tag="TXT_KEY_PEDIA_TERRAIN_FEATURES_LABEL">
      <Text>Özellikler</Text>
    </Row>
    <Row Tag="TXT_KEY_PEDIA_TERRAIN_LABEL">
      <Text>Arazi</Text>
    </Row>
    <Row Tag="TXT_KEY_PEDIA_RESOURCES_HELP_TEXT">
      <Text>Dünya, bir uygarligin büyümesine ve gelismesine yardimci olabilecek çesitli "kaynaklarla" doludur. Bunlar arasinda sigir, bugday, kömür, demir, balinalar ve petrol bulunur. Oyun sirasinda, kaynaklarin bonuslarindan yararlanabilmek için sehirlerinizi kaynaklarin yakinina insa etmek isteyeceksiniz. Bazi kaynaklar - örnegin altin ve balik - oyunun basinda görülebilirken, alüminyum, petrol ve uranyum gibi digerleri Medeniyetiniz uygun teknolojide ustalasana kadar gizlidir.</Text>
    </Row>
    <Row Tag="TXT_KEY_PEDIA_IMPROVEMENT_HELP_TEXT">
      <Text>Oyun sirasinda, sehirlerinizin etrafindaki araziyi "iyilestirecek", arazinin verimliligini artiracak veya yakindaki bir "kaynaga" erisim saglayacak askeri olmayan birimler olan "isçiler" yaratacaksiniz. Iyilestirmeler arasinda çiftlikler, ticaret merkezleri, kereste fabrikalari, tas ocaklari, madenler ve daha fazlasi yer alir. Savas sirasinda düsmaniniz iyilestirmelerinizi "yagmalayabilir" (yok edebilir). Yagmalanan iyilestirmeler, bir isçi onlari "onarana" kadar etkisizdir.</Text>
    </Row>
    <Row Tag="TXT_KEY_PEDIA_TECH_PAGE_LABEL">
      <Text>Teknolojiler Ana Sayfasi</Text>
    </Row>
    <Row Tag="TXT_KEY_PEDIA_UNITS_PAGE_LABEL">
      <Text>Birimler Ana Sayfasi</Text>
    </Row>
    <Row Tag="TXT_KEY_PEDIA_PROMOTIONS_PAGE_LABEL">
      <Text>Promosyonlar Ana Sayfasi</Text>
    </Row>
    <Row Tag="TXT_KEY_PEDIA_BUILDINGS_PAGE_LABEL">
      <Text>Binalar Ana Sayfasi</Text>
    </Row>
    <Row Tag="TXT_KEY_PEDIA_WONDERS_PAGE_LABEL">
      <Text>Wonders Ana Sayfa</Text>
    </Row>
    <Row Tag="TXT_KEY_PEDIA_POLICIES_PAGE_LABEL">
      <Text>Politikalar Ana Sayfasi</Text>
    </Row>
    <Row Tag="TXT_KEY_PEDIA_PEOPLE_PAGE_LABEL">
      <Text>Uzmanlar ve Harika Insanlar</Text>
    </Row>
    <Row Tag="TXT_KEY_PEDIA_CIVILIZATIONS_PAGE_LABEL">
      <Text>Siviller ve Liderler Ana Sayfasi</Text>
    </Row>
    <Row Tag="TXT_KEY_PEDIA_CITY_STATES_PAGE_LABEL">
      <Text>Sehir Devletleri Ana Sayfasi</Text>
    </Row>
    <Row Tag="TXT_KEY_PEDIA_TERRAIN_PAGE_LABEL">
      <Text>Terrain Ana Sayfa</Text>
    </Row>
    <Row Tag="TXT_KEY_PEDIA_RESOURCES_PAGE_LABEL">
      <Text>Kaynaklar Ana Sayfasi</Text>
    </Row>
    <Row Tag="TXT_KEY_PEDIA_IMPROVEMENTS_PAGE_LABEL">
      <Text>Iyilestirmeler Ana Sayfa</Text>
    </Row>
    <Row Tag="TXT_KEY_PEDIA_QUOTE_BLOCK_GCONCEPTS">
      <Text>[NEWLINE][TAB][TAB] "Saçma, temel kavram ve ilk gerçektir."[NEWLINE][TAB][TAB] - Albert Camus [NEWLINE][TAB]</Text>
    </Row>
    <Row Tag="TXT_KEY_PEDIA_QUOTE_BLOCK_TECHS">
      <Text>[NEWLINE][TAB][TAB] "Beyin bir kas gibidir. Kullanildiginda kendimizi çok iyi hissederiz. Anlamak keyiflidir."[NEWLINE][TAB][TAB] - Carl Sagan[NEWLINE][TAB]</Text>
    </Row>
    <Row Tag="TXT_KEY_PEDIA_QUOTE_BLOCK_UNITS">
      <Text>[NEWLINE][TAB][TAB] "Dogmamis milyonlarin kaderi, Tanri'nin hükmü altinda, bu ordunun cesaretine ve davranislarina bagli olacaktir. [...] Bu nedenle, fethetmeye ya da ölmeye karar vermeliyiz."[NEWLINE][TAB][TAB] - George Washington[NEWLINE][TAB]</Text>
    </Row>
    <Row Tag="TXT_KEY_PEDIA_QUOTE_BLOCK_PROMOTIONS">
      <Text>[NEWLINE][TAB][TAB] "Her Fransiz askeri sirt çantasinda bir maresal sopasi tasir."[NEWLINE][TAB][TAB] - Napoleon Bonaparte[NEWLINE][TAB]</Text>
    </Row>
    <Row Tag="TXT_KEY_PEDIA_QUOTE_BLOCK_BUILDINGS">
      <Text>[NEWLINE][TAB][TAB] "Doktor hatalarini gömebilir, ancak mimar müsterisine sadece asma dikmesini tavsiye edebilir."[NEWLINE][TAB][TAB] - Frank Lloyd Wright[NEWLINE][TAB]</Text>
    </Row>
    <Row Tag="TXT_KEY_PEDIA_QUOTE_BLOCK_WONDERS">
      <Text>[NEWLINE][TAB][TAB] "Dünyanin harikalari sayisizdir, ama hiçbiri insandan daha harika degildir."[NEWLINE][TAB][TAB] - Sophokles[NEWLINE][TAB]</Text>
    </Row>
    <Row Tag="TXT_KEY_PEDIA_QUOTE_BLOCK_POLICIES">
      <Text>[NEWLINE][TAB][TAB] "Dürüstlük en iyi politikadir."[NEWLINE][TAB][TAB] - Miguel de Cervantes[NEWLINE][TAB]</Text>
    </Row>
    <Row Tag="TXT_KEY_PEDIA_QUOTE_BLOCK_PEOPLE">
      <Text>[NEWLINE][TAB][TAB] "Büyüklükten korkmayin: Bazilari büyük dogar, bazilari büyüklüge ulasir, bazilarina da büyüklük dayatilir."[NEWLINE][TAB][TAB] - William Shakespeare[NEWLINE][TAB]</Text>
    </Row>
    <Row Tag="TXT_KEY_PEDIA_QUOTE_BLOCK_CIVS">
      <Text>[NEWLINE][TAB][TAB] "Medeniyetin gerçek testi, nüfus sayimi, sehirlerin büyüklügü ya da mahsul degildir - hayir, ülkenin nasil bir insan yetistirdigidir."[NEWLINE][TAB][TAB] - Ralph Waldo Emerson[NEWLINE][TAB]</Text>
    </Row>
    <Row Tag="TXT_KEY_PEDIA_QUOTE_BLOCK_CITYSTATES">
      <Text>[NEWLINE][TAB][TAB] "Sehir insanin ögretmenidir."[NEWLINE][TAB][TAB] - Simonides[NEWLINE][TAB]</Text>
    </Row>
    <Row Tag="TXT_KEY_PEDIA_QUOTE_BLOCK_TERRAIN">
      <Text>[NEWLINE][TAB][TAB] "Yerinizde kalin. Ates edilmedikçe ates etmeyin, ama savasmak istiyorlarsa burada baslasin!"[NEWLINE][TAB][TAB] - John Parker[NEWLINE][TAB]</Text>
    </Row>
    <Row Tag="TXT_KEY_PEDIA_QUOTE_BLOCK_RESOURCES">
      <Text>[NEWLINE][TAB][TAB] "Ölümsüzlerin hayatini arama, ama ulasabilecegin kaynaklarin tadini sonuna kadar çikar."[NEWLINE][TAB][TAB] - Pindar[NEWLINE][TAB]</Text>
    </Row>
    <Row Tag="TXT_KEY_PEDIA_QUOTE_BLOCK_IMPROVEMENTS">
      <Text>[NEWLINE][TAB][TAB] "Yasadigim ülkenin eglenmesine veya gelismesine herhangi bir sekilde katkida bulunabilirsem, bosuna yasamadigimi düsünmenin gizli memnuniyetiyle [...] oradan ayrilacagim."[NEWLINE][TAB][TAB] - Joseph Addison[NEWLINE][TAB]</Text>
    </Row>
    <!-- Pedia -->
    <Row Tag="TXT_KEY_CIVILOPEDIA">
      <Text>SIVILOPEDI</Text>
    </Row>
    <Row Tag="TXT_KEY_SEARCH">
      <Text>Arama</Text>
    </Row>
    <Row Tag="TXT_KEY_PEDIA_CATEGORY_1_LABEL">
      <Text>Civilopedia Ana Sayfa</Text>
    </Row>
    <Row Tag="TXT_KEY_PEDIA_CATEGORY_2_LABEL">
      <Text>Oyun Kavramlari</Text>
    </Row>
    <Row Tag="TXT_KEY_PEDIA_CATEGORY_3_LABEL">
      <Text>Teknolojileri</Text>
    </Row>
    <Row Tag="TXT_KEY_PEDIA_CATEGORY_4_LABEL">
      <Text>Birimler</Text>
    </Row>
    <Row Tag="TXT_KEY_PEDIA_CATEGORY_5_LABEL">
      <Text>Promosyonlar</Text>
    </Row>
    <Row Tag="TXT_KEY_PEDIA_CATEGORY_6_LABEL">
      <Text>Binalar</Text>
    </Row>
    <Row Tag="TXT_KEY_PEDIA_CATEGORY_7_LABEL">
      <Text>Harikalar</Text>
    </Row>
    <Row Tag="TXT_KEY_PEDIA_CATEGORY_8_LABEL">
      <Text>Sosyal Politikalar</Text>
    </Row>
    <Row Tag="TXT_KEY_PEDIA_CATEGORY_9_LABEL">
      <Text>Uzmanlar ve Harika Insanlar</Text>
    </Row>
    <Row Tag="TXT_KEY_PEDIA_CATEGORY_10_LABEL">
      <Text>Medeniyetler ve Liderler</Text>
    </Row>
    <Row Tag="TXT_KEY_PEDIA_CATEGORY_11_LABEL">
      <Text>Sehir Devletleri</Text>
    </Row>
    <Row Tag="TXT_KEY_PEDIA_CATEGORY_12_LABEL">
      <Text>Arazi ve Özellikler</Text>
    </Row>
    <Row Tag="TXT_KEY_PEDIA_CATEGORY_13_LABEL">
      <Text>Kaynaklar</Text>
    </Row>
    <Row Tag="TXT_KEY_PEDIA_CATEGORY_14_LABEL">
      <Text>Iyilestirmeler</Text>
    </Row>
    <Row Tag="TXT_KEY_PEDIA_COST_LABEL">
      <Text>Maliyet:</Text>
    </Row>
    <Row Tag="TXT_KEY_PEDIA_IMPASSABLE">
      <Text>Geçilmez</Text>
    </Row>
    <Row Tag="TXT_KEY_PEDIA_YIELD_LABEL">
      <Text>Verim:</Text>
    </Row>
    <Row Tag="TXT_KEY_PEDIA_MOUNTAINADJYIELD_LABEL">
      <Text>Yakindaki Dag Bonusu:</Text>
    </Row>
    <Row Tag="TXT_KEY_PEDIA_COMBATMOD_LABEL">
      <Text>Savas Degistirici:</Text>
    </Row>
    <Row Tag="TXT_KEY_PEDIA_NO_YIELD">
      <Text>Verim Yok</Text>
    </Row>
    <Row Tag="TXT_KEY_PEDIA_TITLES_LABEL">
      <Text>Basliklar:</Text>
    </Row>
    <Row Tag="TXT_KEY_PEDIA_LIVED_LABEL">
      <Text>Yasadi:</Text>
    </Row>
    <Row Tag="TXT_KEY_PEDIA_FACTOID">
      <Text>Factoid</Text>
    </Row>
    <Row Tag="TXT_KEY_PEDIA_COMBAT_LABEL">
      <Text>Savas:</Text>
    </Row>
    <Row Tag="TXT_KEY_PEDIA_RANGEDCOMBAT_LABEL">
      <Text>Menzilli Savas:</Text>
    </Row>
    <Row Tag="TXT_KEY_PEDIA_RANGE_LABEL">
      <Text>Menzil:</Text>
    </Row>
    <Row Tag="TXT_KEY_PEDIA_MOVEMENT_LABEL">
      <Text>Hareket:</Text>
    </Row>
    <Row Tag="TXT_KEY_PEDIA_PREREQ_ERA_LABEL">
      <Text>Önkosul Cagi:</Text>
    </Row>
    <Row Tag="TXT_KEY_PEDIA_LEADERS_LABEL">
      <Text>Liderler:</Text>
    </Row>
    <Row Tag="TXT_KEY_PEDIA_CIVILIZATIONS_LABEL">
      <Text>Uygarlik:</Text>
    </Row>
    <Row Tag="TXT_KEY_PEDIA_TRAITS_LABEL">
      <Text>Essiz Özellikler:</Text>
    </Row>
    <Row Tag="TXT_KEY_PEDIA_UNIQUEUNIT_LABEL">
      <Text>Benzersiz Birimler:</Text>
    </Row>
    <Row Tag="TXT_KEY_PEDIA_UNIQUEBLDG_LABEL">
      <Text>Benzersiz Binalar:</Text>
    </Row>
    <Row Tag="TXT_KEY_PEDIA_UNIQUEIMPRV_LABEL">
      <Text>Benzersiz Iyilestirmeler:</Text>
    </Row>
    <Row Tag="TXT_KEY_PEDIA_POLICYBRANCH_LABEL">
      <Text>Politika Subesi:</Text>
    </Row>
    <Row Tag="TXT_KEY_PEDIA_PREREQ_POLICY_LABEL">
      <Text>Gerekli Politikalar:</Text>
    </Row>
    <Row Tag="TXT_KEY_PEDIA_FREEPROMOTIONS_LABEL">
      <Text>Yetenekler:</Text>
    </Row>
    <Row Tag="TXT_KEY_PEDIA_REQ_PROMOTIONS_LABEL">
      <Text>Gerekli Promosyonlar:</Text>
    </Row>
    <Row Tag="TXT_KEY_PEDIA_PREREQ_TECH_LABEL">
      <Text>Ön Kosul Teknisyenleri:</Text>
    </Row>
    <Row Tag="TXT_KEY_PEDIA_OBSOLETE_TECH_LABEL">
      <Text>ile kullanilmaz hale gelir:</Text>
    </Row>
    <Row Tag="TXT_KEY_PEDIA_REVEAL_TECH_LABEL">
      <Text>Tarafindan ortaya çikarildi:</Text>
    </Row>
    <Row Tag="TXT_KEY_PEDIA_LEADS_TO_TECH_LABEL">
      <Text>Teknisyenlere yönlendiriyor:</Text>
    </Row>
    <Row Tag="TXT_KEY_PEDIA_UNIT_UNLOCK_LABEL">
      <Text>Birimlerin kilidi açildi:</Text>
    </Row>
    <Row Tag="TXT_KEY_PEDIA_BLDG_UNLOCK_LABEL">
      <Text>Binalarin Kilidi Açildi:</Text>
    </Row>
    <Row Tag="TXT_KEY_PEDIA_PROJ_UNLOCK_LABEL">
      <Text>Projelerin Kilidi Açildi:</Text>
    </Row>
    <Row Tag="TXT_KEY_PEDIA_RESRC_RVL_LABEL">
      <Text>Kaynaklar Açiga Cikti:</Text>
    </Row>
    <Row Tag="TXT_KEY_PEDIA_REQ_RESRC_LABEL">
      <Text>Gerekli Kaynaklar:</Text>
    </Row>
    <Row Tag="TXT_KEY_PEDIA_IMPROVES_RESRC_LABEL">
      <Text>Kaynaklari Gelistirir:</Text>
    </Row>
    <Row Tag="TXT_KEY_PEDIA_LOCAL_RESRC_LABEL">
      <Text>Gerekli Yerel Kaynaklar:</Text>
    </Row>
    <Row Tag="TXT_KEY_PEDIA_REQ_BLDG_LABEL">
      <Text>Gerekli Binalar:</Text>
    </Row>
    <Row Tag="TXT_KEY_PEDIA_MAINT_LABEL">
      <Text>Bakim:</Text>
    </Row>
    <Row Tag="TXT_KEY_PEDIA_HAPPINESS_LABEL">
      <Text>Mutluluk:</Text>
    </Row>
    <Row Tag="TXT_KEY_PEDIA_CULTURE_LABEL">
      <Text>Kültür:</Text>
    </Row>
    <Row Tag="TXT_KEY_PEDIA_DEFENSE_LABEL">
      <Text>Savunma:</Text>
    </Row>
    <Row Tag="TXT_KEY_PEDIA_FOOD_LABEL">
      <Text>Yemek:</Text>
    </Row>
    <Row Tag="TXT_KEY_PEDIA_GOLD_LABEL">
      <Text>Altin:</Text>
    </Row>
    <Row Tag="TXT_KEY_PEDIA_SCIENCE_LABEL">
      <Text>Bilim:</Text>
    </Row>
    <Row Tag="TXT_KEY_PEDIA_PRODUCTION_LABEL">
      <Text>Üretim:</Text>
    </Row>
    <Row Tag="TXT_KEY_PEDIA_GP_LABEL">
      <Text>Harika insanlar:</Text>
    </Row>
    <Row Tag="TXT_KEY_PEDIA_COMBATTYPE_LABEL">
      <Text>Savas Tipi:</Text>
    </Row>
    <Row Tag="TXT_KEY_PEDIA_WORKER_ACTION_LABEL">
      <Text>Izin Verilen Isçi Eylemleri:</Text>
    </Row>
    <Row Tag="TXT_KEY_PEDIA_REPLACES_LABEL">
      <Text>Yerine geçer:</Text>
    </Row>
    <Row Tag="TXT_KEY_PEDIA_ALWAYS_VISIBLE">
      <Text>Her Zaman Görünür</Text>
    </Row>
    <Row Tag="TXT_KEY_PEDIA_FEATURES_LABEL">
      <Text>Özellikler üzerinde:</Text>
    </Row>
    <Row Tag="TXT_KEY_PEDIA_IMPROVEMENTS_LABEL">
      <Text>Tarafindan gelistirildi:</Text>
    </Row>
    <Row Tag="TXT_KEY_PEDIA_TERRAINS_LABEL">
      <Text>Bulunan Araziler:</Text>
    </Row>
    <Row Tag="TXT_KEY_PEDIA_RESOURCESFOUND_LABEL">
      <Text>Bulunan Kaynaklar:</Text>
    </Row>
    <Row Tag="TXT_KEY_PEDIA_FOUNDON_LABEL">
      <Text>Üzerine insa edilebilir:</Text>
    </Row>
    <Row Tag="TXT_KEY_PEDIA_SPEC_LABEL">
      <Text>Uzmanlar:</Text>
    </Row>
    <Row Tag="TXT_KEY_PEDIA_RELATED_ARTICLES_LABEL">
      <Text>Ilgili Makaleler:</Text>
    </Row>
    <Row Tag="TXT_KEY_PEDIA_GAME_INFO_LABEL">
      <Text>Oyun Bilgisi:</Text>
    </Row>
    <Row Tag="TXT_KEY_PEDIA_QUOTE_LABEL">
      <Text>Alinti:</Text>
    </Row>
    <Row Tag="TXT_KEY_PEDIA_SOUND_BITE_LABEL">
      <Text>Ses Isirigini Cal</Text>
    </Row>
    <Row Tag="TXT_KEY_PEDIA_ABILITIES_LABEL">
      <Text>Özel Yetenekler:</Text>
    </Row>
    <Row Tag="TXT_KEY_PEDIA_HISTORICAL_LABEL">
      <Text>Tarihsel Bilgi:</Text>
    </Row>
    <Row Tag="TXT_KEY_PEDIA_STRATEGY_LABEL">
      <Text>Strateji:</Text>
    </Row>
    <Row Tag="TXT_KEY_PEDIA_SUMMARY_LABEL">
      <Text>Özet:</Text>
    </Row>
    <Row Tag="TXT_KEY_PEDIA_EXTENDED_LABEL">
      <Text>Genisletilmis Bilgi:</Text>
    </Row>
    <Row Tag="TXT_KEY_PEDIA_DNOTES_LABEL">
      <Text>Tasarimcinin Notlari:</Text>
    </Row>
    <Row Tag="TXT_KEY_PEDIA_MOVECOST_LABEL">
      <Text>Hareket Maliyeti:</Text>
    </Row>
    <Row Tag="TXT_KEY_PEDIA_RELATED_IMAGES_LABEL">
      <Text>Ilgili Görseller:</Text>
    </Row>
    <Row Tag="TXT_KEY_WONDER_SECTION_1">
      <Text>Harikalar</Text>
    </Row>
    <Row Tag="TXT_KEY_WONDER_SECTION_2">
      <Text>Ulusal Harikalar</Text>
    </Row>
    <Row Tag="TXT_KEY_WONDER_SECTION_3">
      <Text>Projeler</Text>
    </Row>
    <Row Tag="TXT_KEY_PEOPLE_SECTION_1">
      <Text>Uzmanlar</Text>
    </Row>
    <Row Tag="TXT_KEY_PEOPLE_SECTION_2">
      <Text>Harika Insanlar</Text>
    </Row>
    <Row Tag="TXT_KEY_CIVILIZATIONS_SECTION_1">
      <Text>Medeniyetler</Text>
    </Row>
    <Row Tag="TXT_KEY_CIVILIZATIONS_SECTION_2">
      <Text>Liderler</Text>
    </Row>
    <Row Tag="TXT_KEY_MINOR_TRAIT_CULTURED">
      <Text>Kültürlü Sehir Devletleri</Text>
    </Row>
    <Row Tag="TXT_KEY_MINOR_TRAIT_MILITARISTIC">
      <Text>Militarist Sehir Devletleri</Text>
    </Row>
    <Row Tag="TXT_KEY_MINOR_TRAIT_MARITIME">
      <Text>Denizcilik Sehir Devletleri</Text>
    </Row>
    <Row Tag="TXT_KEY_TERRAIN_SECTION_1">
      <Text>Arazi</Text>
    </Row>
    <Row Tag="TXT_KEY_TERRAIN_SECTION_2">
      <Text>Özellikler</Text>
    </Row>
    <Row Tag="TXT_KEY_RESOURCES_SECTION_0">
      <Text>Bonus Kaynaklar</Text>
    </Row>
    <Row Tag="TXT_KEY_RESOURCES_SECTION_1">
      <Text>Stratejik Kaynaklar</Text>
    </Row>
    <Row Tag="TXT_KEY_RESOURCES_SECTION_2">
      <Text>Lüks Kaynaklar</Text>
    </Row>
    <!-- Misc Pedia help text-->
    <Row Tag="TXT_KEY_GAME_CONCEPT_SECTION_1">
      <Text>Sehirler</Text>
    </Row>
    <Row Tag="TXT_KEY_GAME_CONCEPT_SECTION_2">
      <Text>Savas Kurallari</Text>
    </Row>
    <Row Tag="TXT_KEY_GAME_CONCEPT_SECTION_3">
      <Text>Arazi ve Özellikler</Text>
    </Row>
    <Row Tag="TXT_KEY_GAME_CONCEPT_SECTION_4">
      <Text>Kaynaklar</Text>
    </Row>
    <Row Tag="TXT_KEY_GAME_CONCEPT_SECTION_5">
      <Text>Iyilestirmelerin Yapilmasi</Text>
    </Row>
    <Row Tag="TXT_KEY_GAME_CONCEPT_SECTION_6">
      <Text>Gida ve Sehir Büyümesi</Text>
    </Row>
    <Row Tag="TXT_KEY_GAME_CONCEPT_SECTION_7">
      <Text>Teknoloji</Text>
    </Row>
    <Row Tag="TXT_KEY_GAME_CONCEPT_SECTION_8">
      <Text>Kültür</Text>
    </Row>
    <Row Tag="TXT_KEY_GAME_CONCEPT_SECTION_9">
      <Text>Diplomasi</Text>
    </Row>
    <Row Tag="TXT_KEY_GAME_CONCEPT_SECTION_10">
      <Text>Mutluluk</Text>
    </Row>
    <Row Tag="TXT_KEY_GAME_CONCEPT_SECTION_11">
      <Text>Savas Sisi</Text>
    </Row>
    <Row Tag="TXT_KEY_GAME_CONCEPT_SECTION_12">
      <Text>Sosyal Politikalar</Text>
    </Row>
    <Row Tag="TXT_KEY_GAME_CONCEPT_SECTION_13">
      <Text>Altin ve Ekonomi</Text>
    </Row>
    <Row Tag="TXT_KEY_GAME_CONCEPT_SECTION_14">
      <Text>Danismanlar</Text>
    </Row>
    <Row Tag="TXT_KEY_GAME_CONCEPT_SECTION_15">
      <Text>Harika Insanlar ve Uzmanlar</Text>
    </Row>
    <Row Tag="TXT_KEY_GAME_CONCEPT_SECTION_16">
      <Text>Sehir Devletleri</Text>
    </Row>
    <Row Tag="TXT_KEY_GAME_CONCEPT_SECTION_17">
      <Text>Birim Hareketi</Text>
    </Row>
    <Row Tag="TXT_KEY_GAME_CONCEPT_SECTION_18">
      <Text>Hava Savas Kurallari</Text>
    </Row>
    <Row Tag="TXT_KEY_GAME_CONCEPT_SECTION_19">
      <Text>Harabeler ve Barbarlar</Text>
    </Row>
    <Row Tag="TXT_KEY_GAME_CONCEPT_SECTION_20">
      <Text>Birimler</Text>
    </Row>
    <Row Tag="TXT_KEY_GAME_CONCEPT_SECTION_21">
      <Text>Zafer</Text>
    </Row>
    <Row Tag="TXT_KEY_PROMOTIONS_SECTION_1">
      <Text>Melee Promosyonlari</Text>
    </Row>
    <Row Tag="TXT_KEY_PROMOTIONS_SECTION_2">
      <Text>Menzilli Promosyonlar</Text>
    </Row>
    <Row Tag="TXT_KEY_PROMOTIONS_SECTION_3">
      <Text>Donanma Promosyonlari</Text>
    </Row>
    <Row Tag="TXT_KEY_PROMOTIONS_SECTION_4">
      <Text>Sifa Promosyonlari</Text>
    </Row>
    <Row Tag="TXT_KEY_PROMOTIONS_SECTION_5">
      <Text>Izcilik Promosyonlari</Text>
    </Row>
    <Row Tag="TXT_KEY_PROMOTIONS_SECTION_6">
      <Text>Hava Promosyonlari</Text>
    </Row>
    <Row Tag="TXT_KEY_PROMOTIONS_SECTION_7">
      <Text>Paylasilan Promosyonlar</Text>
    </Row>
    <Row Tag="TXT_KEY_PROMOTIONS_SECTION_8">
      <Text>Birim Özellikleri</Text>
    </Row>
    <!-- Options Menu-->
    <Row Tag="TXT_KEY_INTERFACE_OPTIONS">
      <Text>ARAYÜZ SECENEKLERI</Text>
    </Row>
    <Row Tag="TXT_KEY_VIDEO_OPTIONS">
      <Text>VIDEO SECENEKLERI</Text>
    </Row>
    <Row Tag="TXT_KEY_AUDIO_OPTIONS">
      <Text>SES SECENEKLERI</Text>
    </Row>
    <Row Tag="TXT_KEY_MULTIPLAYER_OPTIONS">
      <Text>COK OYUNCULU SECENEKLER</Text>
    </Row>
    <Row Tag="TXT_KEY_GAME_OPTIONS">
      <Text>OYUN SECENEKLERI</Text>
    </Row>
    <Row Tag="TXT_KEY_AUTO_UNIT_CYCLE">
      <Text>Otomatik Birim Döngüsü</Text>
    </Row>
    <Row Tag="TXT_KEY_AUTO_UNIT_CYCLE_TT">
      <Text>Emirler verildikten sonra bir sonraki birimi otomatik olarak seçin.</Text>
    </Row>
    <Row Tag="TXT_KEY_BIND_MOUSE">
      <Text>Fare Baglama</Text>
    </Row>
    <Row Tag="TXT_KEY_BIND_MOUSE_TT">
      <Text>Fareyi oyun penceresine baglayin.</Text>
    </Row>
    <Row Tag="TXT_KEY_ALWAYS">
      <Text>Her zaman</Text>
    </Row>
    <Row Tag="TXT_KEY_NEVER">
      <Text>Asla</Text>
    </Row>
    <Row Tag="TXT_KEY_FULLSCREEN_ONLY">
      <Text>Yalnizca Tam Ekran</Text>
    </Row>
    <Row Tag="TXT_KEY_OPSCREEN_ONE_UNIT">
      <Text>Tek Üniteli Modeller</Text>
    </Row>
    <Row Tag="TXT_KEY_OPSCREEN_ONE_UNIT_TT">
      <Text>Grupta Yalnizca Bir Birimi Görüntüleme</Text>
    </Row>
    <Row Tag="TXT_KEY_OPSCREEN_ADVISOR_COUNSEL">
      <Text>Danisman Danismani Açilir Penceresi</Text>
    </Row>
    <Row Tag="TXT_KEY_OPSCREEN_ADVISOR_COUNSEL_TT">
      <Text>Avukatinizdan Periyodik Tavsiyeler</Text>
    </Row>
    <Row Tag="TXT_KEY_OPSCREEN_QUICK_COMBAT">
      <Text>Hizli Savas</Text>
    </Row>
    <Row Tag="TXT_KEY_OPSCREEN_QUICK_COMBAT_TT">
      <Text>Animasyonlar Olmadan Catismayi Cözme</Text>
    </Row>
    <Row Tag="TXT_KEY_OPSCREEN_QUICK_MOVEMENT">
      <Text>Hizli Hareket</Text>
    </Row>
    <Row Tag="TXT_KEY_OPSCREEN_QUICK_MOVEMENT_TT">
      <Text>Birimler hedeflerine aninda hareket eder</Text>
    </Row>
    <Row Tag="TXT_KEY_OPSCREEN_TUTORIAL_LEVEL">
      <Text>Danisman Seviyesi</Text>
    </Row>
    <Row Tag="TXT_KEY_OPSCREEN_TUTORIAL_LEVEL_TT">
      <Text>Danismanlarinizdan aldiginiz tavsiye miktari.</Text>
    </Row>
    <Row Tag="TXT_KEY_OPSCREEN_RESET_TUTORIAL">
      <Text>Danisman Mesajlarini Sifirla</Text>
    </Row>
    <Row Tag="TXT_KEY_OPSCREEN_RESET_TUTORIAL_TT">
      <Text>Advisor sistemini sifirlar, böylece tüm Advisor mesajlari yeniden görünür.</Text>
    </Row>
    <Row Tag="TXT_KEY_OPSCREEN_AUDIO_QUALITY">
      <Text>Ses Kalitesi</Text>
    </Row>
    <Row Tag="TXT_KEY_OPSCREEN_AUTO_WORKERS_DONT_REPLACE">
      <Text>Otomatik Calisanlar Iyilestirmelerin Yerini Tutmuyor</Text>
    </Row>
    <Row Tag="TXT_KEY_OPSCREEN_AUTO_WORKERS_DONT_REPLACE_TT">
      <Text>Otomatik çalisanlar mevcut iyilestirmelerin yerini almaz.</Text>
    </Row>
    <Row Tag="TXT_KEY_OPSCREEN_AUTO_WORKERS_DONT_REMOVE_FEATURES">
      <Text>Otomatik Calisanlar Özellikleri Kaldirmaz</Text>
    </Row>
    <Row Tag="TXT_KEY_OPSCREEN_AUTO_WORKERS_DONT_REMOVE_FEATURES_TT">
      <Text>Otomatik isçiler, stratejik veya lüks bir kaynagi gelistirmedikleri sürece Orman, Orman veya Bataklik gibi özellikleri kaldirmazlar.</Text>
    </Row>
    <Row Tag="TXT_KEY_OPSCREEN_NO_CITIZEN_WARNING">
      <Text>Sehir Ekrani Yok Vatandas Uyarisi</Text>
    </Row>
    <Row Tag="TXT_KEY_OPSCREEN_NO_REWARD_POPUPS">
      <Text>Ödül Açilir Pencereleri Yok</Text>
    </Row>
    <Row Tag="TXT_KEY_OPSCREEN_NO_REWARD_POPUPS_TT">
      <Text>Ödül Açilir Pencerelerini (Teknoloji, Kadim Harabeler, vb.) devre disi birakir.</Text>
    </Row>
    <Row Tag="TXT_KEY_OPSCREEN_NO_TILE_RECOMMENDATIONS">
      <Text>Fayans Önerisi Yok</Text>
    </Row>
    <Row Tag="TXT_KEY_OPSCREEN_NO_TILE_RECOMMENDATIONS_TT">
      <Text>Yerlesimciler veya Isçiler seçildiginde harita üzerindeki Önerileri devre disi birakir.</Text>
    </Row>
    <Row Tag="TXT_KEY_OPSCREEN_CIVILIAN_YIELDS">
      <Text>Sivil Birimler için Verimleri Göster</Text>
    </Row>
    <Row Tag="TXT_KEY_OPSCREEN_CIVILIAN_YIELDS_TT">
      <Text>Sivil Birimler seçildiginde harita üzerinde Verim bilgilerini görüntüleyin.</Text>
    </Row>
    <Row Tag="TXT_KEY_OPSCREEN_NO_BASIC_HELP">
      <Text>Temel Araç Ipucu Yardimi Yok</Text>
    </Row>
    <Row Tag="TXT_KEY_OPSCREEN_NO_BASIC_HELP_TT">
      <Text>Açiklayici yardimi kaldirarak birçok oyun ipucunu sadece ham bilgiye indirger.</Text>
    </Row>
    <Row Tag="TXT_KEY_OPSCREEN_MULTIPLAYER_AUTO_END_TURN">
      <Text>Cok Oyunculu Otomatik Bitis Sirasi</Text>
    </Row>
    <Row Tag="TXT_KEY_OPSCREEN_MULTIPLAYER_AUTO_END_TURN_TT">
      <Text>Cok Oyunculu oyunlarda otomatik dönüsü etkinlestirir.</Text>
    </Row>
    <Row Tag="TXT_KEY_OPSCREEN_SPLAYER_AUTO_END_TURN">
      <Text>Tek Oyuncu Otomatik Bitis Dönüsü</Text>
    </Row>
    <Row Tag="TXT_KEY_OPSCREEN_SPLAYER_AUTO_END_TURN_TT">
      <Text>Tek Oyunculu oyunlarda otomatik dönüsü etkinlestirir.</Text>
    </Row>
    <Row Tag="TXT_KEY_OPSCREEN_MULTIPLAYER_QUICK_COMBAT">
      <Text>Cok Oyunculu Hizli Savas</Text>
    </Row>
    <Row Tag="TXT_KEY_OPSCREEN_MULTIPLAYER_QUICK_COMBAT_TT">
      <Text>Cok oyunculu oyunlarda hizli savas çözümü saglar.</Text>
    </Row>
    <Row Tag="TXT_KEY_OPSCREEN_MULTIPLAYER_QUICK_MOVEMENT">
      <Text>Cok Oyunculu Hizli Hareket</Text>
    </Row>
    <Row Tag="TXT_KEY_OPSCREEN_MULTIPLAYER_QUICK_MOVEMENT_TT">
      <Text>Cok oyunculu oyunlarda hizli birim hareketi saglar.</Text>
    </Row>
    <Row Tag="TXT_KEY_OPSCREEN_SPLAYER_QUICK_COMBAT">
      <Text>Tek Oyunculu Hizli Savas</Text>
    </Row>
    <Row Tag="TXT_KEY_OPSCREEN_SPLAYER_QUICK_COMBAT_TT">
      <Text>Tek oyunculu oyunlarda hizli savas çözümü saglar.</Text>
    </Row>
    <Row Tag="TXT_KEY_OPSCREEN_SPLAYER_QUICK_MOVEMENT">
      <Text>Tek Oyunculu Hizli Hareket</Text>
    </Row>
    <Row Tag="TXT_KEY_OPSCREEN_SPLAYER_QUICK_MOVEMENT_TT">
      <Text>Tek oyunculu oyunlarda hizli birim hareketi saglar.</Text>
    </Row>
    <Row Tag="TXT_KEY_OPSCREEN_END_TURN_TIMER_LENGTH">
      <Text>Dönüs Sonu Zamanlayici Uzunlugu: 10 saniye</Text>
    </Row>
    <Row Tag="TXT_KEY_OPSCREEN_TOOLTIP_1_TIMER_LENGTH">
      <Text>Harita Bilgisi Gecikmesi: {1_Num} saniye</Text>
    </Row>
    <Row Tag="TXT_KEY_OPSCREEN_TOOLTIP_1_TIMER_LENGTH_TT">
      <Text>Harita görünümü Araç Ipucu görünmeden önceki saniye sayisi.</Text>
    </Row>
    <Row Tag="TXT_KEY_OPSCREEN_TOOLTIP_2_TIMER_LENGTH">
      <Text>Araç Ipucu 2 Gecikme: {1_Num} saniye</Text>
    </Row>
    <Row Tag="TXT_KEY_OPSCREEN_TOOLTIP_2_TIMER_LENGTH_TT">
      <Text>Harita görünümü Araç Ipucu seviyesi 2 görünmeden önceki saniye sayisi.</Text>
    </Row>
    <Row Tag="TXT_KEY_OPSCREEN_TURNS_FOR_AUTOSAVES">
      <Text>Otomatik Kaydetme Arasini Açar:</Text>
    </Row>
    <Row Tag="TXT_KEY_OPSCREEN_TURNS_FOR_AUTOSAVES_TT">
      <Text>Oyunun otomatik olarak ne siklikla kaydedilecegi.</Text>
    </Row>
    <Row Tag="TXT_KEY_OPSCREEN_MAX_AUTOSAVES_KEPT">
      <Text>Maksimum Otomatik Kaydetme Tutuldu:</Text>
    </Row>
    <Row Tag="TXT_KEY_OPSCREEN_MAX_AUTOSAVES_KEPT_TT">
      <Text>Oyun eskilerini silmeye baslamadan önce tutulan en fazla otomatik kaydetme sayisi.</Text>
    </Row>
    <Row Tag="TXT_KEY_OPSCREEN_AUTOSIZE_UI">
      <Text>Arayüzü Otomatik Olarak Boyutlandir</Text>
    </Row>
    <Row Tag="TXT_KEY_OPSCREEN_AUTOSIZE_UI_TT">
      <Text>Oyun, ekran çözünürlügünüze en uygun oldugunu düsündügü arayüz boyutunu seçer.</Text>
    </Row>
    <Row Tag="TXT_KEY_OPSCREEN_USE_SMALL_UI">
      <Text>Küçük Ölçekli Arayüz Kullanin</Text>
    </Row>
    <Row Tag="TXT_KEY_OPSCREEN_USE_SMALL_UI_TT">
      <Text>Oyunu arayüzün daha küçük versiyonunu kullanmaya zorlar.</Text>
    </Row>
    <Row Tag="TXT_KEY_OPSCREEN_RELOAD_UI">
      <Text>Yeniden Yükleme Arayüzü</Text>
    </Row>
    <Row Tag="TXT_KEY_OPSCREEN_RELOAD_UI_TT">
      <Text>Arayüz Ölçegi Degisikligini Uygula</Text>
    </Row>
    <Row Tag="TXT_KEY_OPSCREEN_HIGH_DETAIL_STRAT_VIEW">
      <Text>Yüksek Detayli Stratejik Görünüm</Text>
    </Row>
    <Row Tag="TXT_KEY_OPSCREEN_HIGH_DETAIL_STRAT_VIEW_TT">
      <Text>Stratejik Görünüm daha yüksek doku çözünürlügü kullanir ve daha fazla yakinlastirma yapmanizi saglar. Bilgisayar donaniminiza daha fazla yük bindirir.</Text>
    </Row>
    <Row Tag="TXT_KEY_OPSCREEN_GPU_TEXTURE_DECODE">
      <Text>GPU Doku Cözme</Text>
    </Row>
    <Row Tag="TXT_KEY_OPSCREEN_GPU_TEXTURE_DECODE_TT">
      <Text>GPU, uygun oldugunda sikistirilmis dokularin kodunu çözmek için kullanilacaktir.</Text>
    </Row>
    <Row Tag="TXT_KEY_OPSCREEN_SCORE_LIST">
      <Text>Tek Oyunculu Skor Listesi</Text>
    </Row>
    <Row Tag="TXT_KEY_OPSCREEN_SCORE_LIST_TT">
      <Text>Tek oyunculu oyunlarda basit skor listesini görüntüleyin.</Text>
    </Row>
    <Row Tag="TXT_KEY_OPSCREEN_MP_SCORE_LIST">
      <Text>Cok Oyunculu Skor Listesi</Text>
    </Row>
    <Row Tag="TXT_KEY_OPSCREEN_MP_SCORE_LIST_TT">
      <Text>Cok oyunculu oyunlarda basit skor listesini görüntüleyin.</Text>
    </Row>
    <Row Tag="TXT_KEY_OPSCREEN_DYNAMIC_CAMERA_ZOOM">
      <Text>Alternatif Imleç Yakinlastirma Modu</Text>
    </Row>
    <Row Tag="TXT_KEY_OPSCREEN_DYNAMIC_CAMERA_ZOOM_TT">
      <Text>DISARI yakinlastirirken, kamera imlece sabit kalmak yerine dogrudan geri çekilecektir.</Text>
    </Row>
    <Row Tag="TXT_KEY_OPSCREEN_SHOW_ALL_POLICY_INFO">
      <Text>Tüm Poliçe Bilgilerini Göster</Text>
    </Row>
    <Row Tag="TXT_KEY_OPSCREEN_SHOW_ALL_POLICY_INFO_TT">
      <Text>Tüm Poliçeler, Era ve hangi branslarin kilidinin açildigina bakilmaksizin Sosyal Poliçe Ekraninda görüntülenecektir.</Text>
    </Row>
    <Row Tag="TXT_KEY_OPSCREEN_LEADER_QUALITY">
      <Text>Lider Sahne Kalitesi</Text>
    </Row>
    <Row Tag="TXT_KEY_OPSCREEN_RESOLUTION">
      <Text>Ekran Cözünürlügü</Text>
    </Row>
    <Row Tag="TXT_KEY_OPSCREEN_FULLSCREEN">
      <Text>Tam Ekran</Text>
    </Row>
    <Row Tag="TXT_KEY_OPSCREEN_RESTART_REQ_TT">
      <Text>Degisikliklerin Etkili Olmasi Için Yeniden Baslatmalisiniz</Text>
    </Row>
    <Row Tag="TXT_KEY_OPSCREEN_VSYNC">
      <Text>VSync</Text>
    </Row>
    <Row Tag="TXT_KEY_OPSCREEN_MINIMIZE_GRAY_TILES">
      <Text>Gri Karolari En Aza Indirin</Text>
    </Row>
    <Row Tag="TXT_KEY_OPSCREEN_MINIMIZE_GRAY_TILES_TT">
      <Text>Haritada gezinirken görülen gri kutucuklari en aza indirin. Bu takilmaya neden olabilir.</Text>
    </Row>
    <Row Tag="TXT_KEY_OPSCREEN_FADE_SHADOWS">
      <Text>Gölge Sönmesine Izin Ver</Text>
    </Row>
    <Row Tag="TXT_KEY_OPSCREEN_FADE_SHADOWS_TT">
      <Text>Gölgelerin uzak yakinlastirmalarda kaybolmasina izin verin. Bu yakinlastirma seviyelerinde performansi artirir.</Text>
    </Row>
    <Row Tag="TXT_KEY_OPSCREEN_BLOCK_LOAD">
      <Text>Arazi için Blok Yükleme</Text>
    </Row>
    <Row Tag="TXT_KEY_OPSCREEN_BLOCK_LOAD_TT">
      <Text>Dünyadaki tüm araziler grafiksel olarak olusturulana kadar oyun yükleme ekraninda kalacaktir.</Text>
    </Row>
    <Row Tag="TXT_KEY_OPSCREEN_DYNAMIC_BORDERS">
      <Text>Gelismis Kültür Sinirlari</Text>
    </Row>
    <Row Tag="TXT_KEY_OPSCREEN_DYNAMIC_BORDERS_TT">
      <Text>Gelismis kültür sinirlarini etkinlestirir. Bilgisayar donaniminizi daha fazla yorar.</Text>
    </Row>
    <Row Tag="TXT_KEY_OPSCREEN_MSAA">
      <Text>Örtüsme Önleme</Text>
    </Row>
    <Row Tag="TXT_KEY_OPSCREEN_MSAA_OFF">
      <Text>KAPALI</Text>
    </Row>
    <Row Tag="TXT_KEY_OPSCREEN_MSAA_2X">
      <Text>2X MSAA</Text>
    </Row>
    <Row Tag="TXT_KEY_OPSCREEN_MSAA_4X">
      <Text>4X MSAA</Text>
    </Row>
    <Row Tag="TXT_KEY_OPSCREEN_MSAA_8X">
      <Text>8X MSAA</Text>
    </Row>
    <Row Tag="TXT_KEY_OPSCREEN_ENABLE_MAP_INERTIA">
      <Text>Harita Ataletini Etkinlestir</Text>
    </Row>
    <Row Tag="TXT_KEY_OPSCREEN_ENABLE_MAP_INERTIA_TT">
      <Text>Haritayi sürüklerken eylemsizligi etkinlestirir.</Text>
    </Row>
    <Row Tag="TXT_KEY_OPSCREEN_SKIP_INTRO_VIDEO">
      <Text>Giris Videosunu Atla</Text>
    </Row>
    <Row Tag="TXT_KEY_OPSCREEN_SKIP_INTRO_VIDEO_TT">
      <Text>Giris videosunu oynatmayi atlar.</Text>
    </Row>
    <Row Tag="TXT_KEY_OPSCREEN_OVERLAY_DETAIL">
      <Text>Kaplama Detayi</Text>
    </Row>
    <Row Tag="TXT_KEY_OPSCREEN_SHADOW_QUALITY">
      <Text>Gölge Kalitesi</Text>
    </Row>
    <Row Tag="TXT_KEY_OPSCREEN_FOW_QUALITY">
      <Text>Savas Sisi Kalite</Text>
    </Row>
    <Row Tag="TXT_KEY_OPSCREEN_TERRAIN_DETAIL_LEVEL">
      <Text>Arazi Detay Seviyesi</Text>
    </Row>
    <Row Tag="TXT_KEY_OPSCREEN_TERRAIN_TESS_LEVEL">
      <Text>Arazi Mozaikleme Seviyesi</Text>
    </Row>
    <Row Tag="TXT_KEY_OPSCREEN_TERRAIN_SHADOW_QUALITY">
      <Text>Arazi Gölge Kalitesi</Text>
    </Row>
    <Row Tag="TXT_KEY_OPSCREEN_WATER_QUALITY">
      <Text>Su Kalitesi</Text>
    </Row>
    <Row Tag="TXT_KEY_OPSCREEN_TEXTURE_QUALITY">
      <Text>Doku Kalitesi</Text>
    </Row>
    <Row Tag="TXT_KEY_OPSCREEN_VDOP_DISABLED">
      <Text>Video seçenekleri oyun içindeyken degistirilemez.</Text>
    </Row>
    <Row Tag="TXT_KEY_OPSCREEN_VDOP_RESTART">
      <Text>Video seçenekleri siz oyunu yeniden baslatana kadar etkinlesmeyecektir.</Text>
    </Row>
    <Row Tag="TXT_KEY_OPSCREEN_APPLY_RESOLUTION">
      <Text>Cözünürlük Uygula</Text>
    </Row>
    <Row Tag="TXT_KEY_OPSCREEN_APPLY_RESOLUTION_TT">
      <Text>Cözünürlük Ayarlarini Uygula</Text>
    </Row>
    <Row Tag="TXT_KEY_OPSCREEN_DEFAULTS_BUTTON">
      <Text>Varsayilanlar</Text>
    </Row>
    <Row Tag="TXT_KEY_OPSCREEN_VIDEO_VERIFY">
      <Text>Bu ayarlari saklamak istiyor musunuz?</Text>
    </Row>
    <Row Tag="TXT_KEY_OPSCREEN_CONFIRM">
      <Text>Emin misin?</Text>
    </Row>
    <Row Tag="TXT_KEY_OPSCREEN_DEFAULTS_BUTTON_TT">
      <Text>Tüm ayarlari varsayilan degerlere sifirlayin.</Text>
    </Row>
    <Row Tag="TXT_KEY_OPSCREEN_CANCEL_BUTTON">
      <Text>Iptal</Text>
    </Row>
    <Row Tag="TXT_KEY_OPSCREEN_CANCEL_BUTTON_TT">
      <Text>Ana Menüye Dön</Text>
    </Row>
    <Row Tag="TXT_KEY_OPSCREEN_APPLY_BUTTON">
      <Text>Basvurmak</Text>
    </Row>
    <Row Tag="TXT_KEY_OPSCREEN_APPLY_BUTTON_TT">
      <Text>Seçenekleri Kaydet</Text>
    </Row>
    <Row Tag="TXT_KEY_OPSCREEN_SAVE_BUTTON">
      <Text>Kabul et</Text>
    </Row>
    <Row Tag="TXT_KEY_OPSCREEN_SAVE_BUTTON_TT">
      <Text>Seçenekleri kaydedin ve Menüye dönün.</Text>
    </Row>
    <Row Tag="TXT_KEY_OPSCREEN_RESOLUTION_TIMER">
      <Text>Bu karari sürdürmek istiyor musunuz? (Zamanlayici bittiginde otomatik sifirlama)</Text>
    </Row>
    <Row Tag="TXT_KEY_OPSCREEN_LANGUAGE_TIMER">
      <Text>Dilleri degistirmek arayüzün yeniden yüklenmesine neden olacaktir. Sorun olur mu?</Text>
    </Row>
    <Row Tag="TXT_KEY_OPSCREEN_MUSIC_SLIDER">
      <Text>Müzik Sesi: {1_Num}</Text>
    </Row>
    <Row Tag="TXT_KEY_OPSCREEN_SF_SLIDER">
      <Text>Ses Efektleri Ses Seviyesi: {1_Num}</Text>
    </Row>
    <Row Tag="TXT_KEY_OPSCREEN_SPEECH_SLIDER">
      <Text>Konusma Hacmi: {1_Num}</Text>
    </Row>
    <Row Tag="TXT_KEY_OPSCREEN_AMBIANCE_SLIDER">
      <Text>Ambiyans Ses Düzeyi: {1_Num}</Text>
    </Row>
    <Row Tag="TXT_KEY_OPSCREEN_END_TURN_TIMER_SET">
      <Text>Son Dönüs Zamanlayici Uzunlugu:</Text>
    </Row>
    <Row Tag="TXT_KEY_OPSCREEN_SETTINGS_OFF">
      <Text>Kapali</Text>
    </Row>
    <Row Tag="TXT_KEY_OPSCREEN_SETTINGS_LOW">
      <Text>Düsük</Text>
    </Row>
    <Row Tag="TXT_KEY_OPSCREEN_SETTINGS_MEDIUM">
      <Text>Orta</Text>
    </Row>
    <Row Tag="TXT_KEY_OPSCREEN_SETTINGS_HIGH">
      <Text>Yüksek</Text>
    </Row>
    <Row Tag="TXT_KEY_OPSCREEN_SETTINGS_MINIMUM">
      <Text>Minimum</Text>
    </Row>
    <Row Tag="TXT_KEY_OPSCREEN_TUTORIAL_HIGH">
      <Text>Deneyimli Oyuncu</Text>
    </Row>
    <Row Tag="TXT_KEY_OPSCREEN_TUTORIAL_MEDIUM">
      <Text>Civ 5'te yeniyim</Text>
    </Row>
    <Row Tag="TXT_KEY_OPSCREEN_TUTORIAL_LOW">
      <Text>Civ'de Yeni</Text>
    </Row>
    <Row Tag="TXT_KEY_OPSCREEN_TUTORIAL_OFF">
      <Text>Tavsiye Yok</Text>
    </Row>
    <Row Tag="TXT_KEY_OPSCREEN_SELECT_LANG">
      <Text>Yazili Dil</Text>
    </Row>
    <Row Tag="TXT_KEY_OPSCREEN_SELECT_SPOKEN_LANG">
      <Text>Konusulan Dil</Text>
    </Row>
    <Row Tag="TXT_KEY_OPSCREEN_QUICK_SELECTION_ADVANCE">
      <Text>Hizli Seçim Ilerleme</Text>
    </Row>
    <Row Tag="TXT_KEY_OPSCREEN_QUICK_SELECTION_ADVANCE_TT">
      <Text>Birim seçimi, bir komut verilir verilmez bir sonraki birime ilerleyecek ve animasyonlarin tamamlanmasini beklemeyecektir.</Text>
    </Row>
    <!-- Multiplayer Options Text -->
    <Row Tag="TXT_KEY_OPSCREEN_TURN_NOTIFY_OPTIONS">
      <Text>Pitboss Dönüs Bildirimi</Text>
    </Row>
    <Row Tag="TXT_KEY_OPSCREEN_TURN_NOTIFY_HOST_OPTIONS">
      <Text>Pitboss Ev Sahibi Dönüs Bildirimi</Text>
    </Row>
    <Row Tag="TXT_KEY_OPSCREEN_TURN_NOTIFY_STEAM_INVITE">
      <Text>Steam Davetiyesi</Text>
    </Row>
    <Row Tag="TXT_KEY_OPSCREEN_TURN_NOTIFY_STEAM_INVITE_TT">
      <Text>Pitboss oyununda sira size geldiginde bir Steam oyun daveti alin.  Bu bildirim yalnizca oyun internet üzerinden oynaniyorsa ve oyun sahibiyle Steam arkadasiysaniz çalisir.</Text>
    </Row>
    <Row Tag="TXT_KEY_OPSCREEN_TURN_NOTIFY_EMAIL">
      <Text>E-posta</Text>
    </Row>
    <Row Tag="TXT_KEY_OPSCREEN_TURN_NOTIFY_EMAIL_TT">
      <Text>Pitboss oyununda sira size geldiginde bir e-posta alin.  Bu bildirim yalnizca ev sahibi oyunu e-posta bildirimleri için yapilandirmissa çalisir.</Text>
    </Row>
    <Row Tag="TXT_KEY_OPSCREEN_TURN_NOTIFY_EMAIL_ADDRESS">
      <Text>E-posta Adresi</Text>
    </Row>
    <Row Tag="TXT_KEY_OPSCREEN_TURN_NOTIFY_EMAIL_ADDRESS_TT">
      <Text>Pitboss dönüs bildirimlerini almak için e-posta adresi.</Text>
    </Row>
    <Row Tag="TXT_KEY_OPSCREEN_TURN_NOTIFY_SMTP_HOST">
      <Text>E-posta Sunucusu (SMTP)</Text>
    </Row>
    <Row Tag="TXT_KEY_OPSCREEN_TURN_NOTIFY_SMTP_HOST_TT">
      <Text>Ana bilgisayar olarak dönüs bildirimlerini göndermek için SMTP sunucusu.</Text>
    </Row>
    <Row Tag="TXT_KEY_OPSCREEN_TURN_NOTIFY_SMTP_USERNAME">
      <Text>Kullanici Adi</Text>
    </Row>
    <Row Tag="TXT_KEY_OPSCREEN_TURN_NOTIFY_SMTP_USERNAME_TT">
      <Text>SMTP sunucusu için kullanici adi.</Text>
    </Row>
    <Row Tag="TXT_KEY_OPSCREEN_TURN_NOTIFY_SMTP_PASSWORD">
      <Text>Sifre</Text>
    </Row>
    <Row Tag="TXT_KEY_OPSCREEN_TURN_NOTIFY_SMTP_PASSWORD_TT">
      <Text>SMTP sunucusu için sifre.</Text>
    </Row>
    <Row Tag="TXT_KEY_OPSCREEN_TURN_NOTIFY_SMTP_RETYPE_PASSWORD">
      <Text>Sifreyi Yeniden Yaz</Text>
    </Row>
    <Row Tag="TXT_KEY_OPSCREEN_TURN_NOTIFY_SMTP_RETYPE_PASSWORD_TT">
      <Text>Sifreyi Yeniden Yaz</Text>
    </Row>
    <Row Tag="TXT_KEY_OPSCREEN_TURN_NOTIFY_SMTP_PASSWORDS_MATCH">
      <Text>Sifreler Eslesiyor</Text>
    </Row>
    <Row Tag="TXT_KEY_OPSCREEN_TURN_NOTIFY_SMTP_PASSWORDS_MATCH_TT">
      <Text>SMTP parola girisleri eslesir.</Text>
    </Row>
    <Row Tag="TXT_KEY_OPSCREEN_TURN_NOTIFY_SMTP_PASSWORDS_NOT_MATCH">
      <Text>Sifreler Eslesmiyor</Text>
    </Row>
    <Row Tag="TXT_KEY_OPSCREEN_TURN_NOTIFY_SMTP_PASSWORDS_NOT_MATCH_TT">
      <Text>SMTP parola girisleri eslesmiyor.</Text>
    </Row>
    <Row Tag="TXT_KEY_OPSCREEN_TURN_NOTIFY_SMTP_TLS">
      <Text>TLS kullanin</Text>
    </Row>
    <Row Tag="TXT_KEY_OPSCREEN_TURN_NOTIFY_SMTP_TLS_TT">
      <Text>Bu SMTP sunucusu için TLS sifrelemesini kullanin.</Text>
    </Row>
    <Row Tag="TXT_KEY_OPSCREEN_TURN_NOTIFY_SMTP_PORT">
      <Text>Liman:</Text>
    </Row>
    <Row Tag="TXT_KEY_OPSCREEN_TURN_NOTIFY_SMTP_PORT_TT">
      <Text>SMTP sunucusu tarafindan kullanilan ag baglanti noktasi.</Text>
    </Row>
    <!-- Confirm kick player popup -->
    <Row Tag="TXT_KEY_CONFIRM_KICK_PLAYER_TITLE">
      <Text>Tekme Oyuncusunu Onayla</Text>
    </Row>
    <Row Tag="TXT_KEY_CONFIRM_KICK_PLAYER_DESC">
      <Text>{1_player}'yi oyundan atmak istediginizden emin misiniz?</Text>
    </Row>
    <!-- Turn Notification Emails -->
    <Row Tag="TXT_KEY_TURN_REMINDER_EMAIL_SUBJECT">
      <Text>Civilization 5 Dönüs Bildirimi:  Oyun "{1_GameName}" Dönüs {2_Turn}</Text>
    </Row>
    <Row Tag="TXT_KEY_TURN_REMINDER_EMAIL_GENERIC_RECIPENT">
      <Text>Pitboss Oyunculari</Text>
    </Row>
    <Row Tag="TXT_KEY_TURN_REMINDER_EMAIL_SENDER">
      <Text>Uygarlik 5 Pitboss</Text>
    </Row>
    <Row Tag="TXT_KEY_TURN_REMINDER_EMAIL_BODY_HEADER">
      <Text>Merhaba!&lt;br&gt;&lt;br&gt;"([1]" oyununda sira sizde.&lt;br&gt;&lt;br&gt;</Text>
    </Row>
    <Row Tag="TXT_KEY_TURN_REMINDER_EMAIL_STEAM_LINK">
      <Text>&lt;a href="{1_SteamURL}"&gt;Oyuna katilmak için buraya tiklayin.&lt;/a&gt;</Text>
    </Row>
    <Row Tag="TXT_KEY_TURN_REMINDER_EMAIL_START_CIV5">
      <Text>&lt;a href="{1_SteamURL}"&gt;Medeniyet 5'e baslamak için buraya tiklayin&lt;/a&gt;</Text>
    </Row>
    <Row Tag="TXT_KEY_TURN_REMINDER_EMAIL_MANUAL_LINK">
      <Text>&lt;br&gt;&lt;br&gt;Yukaridaki baglanti çalismazsa, asagidakileri kesip web tarayicinizin adres çubuguna yapistirin:&lt;br&gt;{1_SteamURL}</Text>
    </Row>
    <!--Misc UI Text Overlay and  Help text-->
    <Row Tag="TXT_KEY_RESEARCH_ONGOING">
      <Text>ARASTIRMA:</Text>
    </Row>
    <Row Tag="TXT_KEY_RESEARCH_FINISHED">
      <Text>BITTI:</Text>
    </Row>
    <Row Tag="TXT_KEY_RESEARCH_HALTED">
      <Text>DURDURULDU: {1_Name}</Text>
    </Row>
    <Row Tag="TXT_KEY_ENABLE_PRODUCITON_CONVERSION">
      <Text>Üretim'in {1_ResourceName:textkey}'ye dönüstürülmesini saglar.</Text>
    </Row>
    <Row Tag="TXT_KEY_FASTER_MOVEMENT">
      <Text>{1_TerrainName:textkey} üzerinde daha hizli hareket</Text>
    </Row>
    <Row Tag="TXT_KEY_YIELD_IMPROVED">
      <Text>{1_ImprovementName:textkey} {2_YieldType:textkey} verim {3_Num} tarafindan gelistirilmistir.</Text>
    </Row>
    <Row Tag="TXT_KEY_NO_FRESH_WATER">
      <Text>{2_YieldType:textkey} Tatli Suya erisimi OLMAYAN karolarda {1_ImprovementName:textkey}'ten {3_Num} kadar artar.</Text>
    </Row>
    <Row Tag="TXT_KEY_FRESH_WATER">
      <Text>{2_YieldType:textkey} Tatli Su erisimi olan karolarda {1_ImprovementName:textkey}'ten {3_Num} kadar artar.</Text>
    </Row>
    <Row Tag="TXT_KEY_FASTER_EMBARKED_MOVEMENT">
      <Text>Daha hizli binis hareketi.</Text>
    </Row>
    <Row Tag="TXT_KEY_ALLOWS_EMBARKING">
      <Text>Kara birimlerinin gemiye binmesini ve su karelerini geçmesini saglar. Dost bölgeye giren tüm birimler bu yetenegi kazanir.</Text>
    </Row>
    <Row Tag="TXT_KEY_ALLOWS_CROSSING_OCEANS">
      <Text>Gemiye binmis birimlerin okyanuslari geçmesine izin verir.</Text>
    </Row>
    <Row Tag="TXT_KEY_ALLOWS_OPEN_BORDERS">
      <Text>Açik Sinir anlasmalarina izin verir.</Text>
    </Row>
    <Row Tag="TXT_KEY_ALLOWS_DEFENSIVE_PACTS">
      <Text>Savunma Pakti anlasmalarina izin verir.</Text>
    </Row>
    <Row Tag="TXT_KEY_ALLOWS_RESEARCH_AGREEMENTS">
      <Text>Arastirma Anlasmalarina Izin Verir.</Text>
    </Row>
    <Row Tag="TXT_KEY_ALLOWS_TRADE_AGREEMENTS">
      <Text>Ticaret Anlasmalarina Izin Verir.</Text>
    </Row>
    <Row Tag="TXT_KEY_ALLOWS_BRIDGES">
      <Text>Nehirler üzerinde köprülere izin verir.</Text>
    </Row>
    <Row Tag="TXT_KEY_REVEALS_ENTIRE_MAP">
      <Text>Tüm haritayi gösterir.</Text>
    </Row>
    <Row Tag="TXT_KEY_REVEALS_RESOURCE_ON_MAP">
      <Text>Harita üzerinde {@1_ResourceName} gösterir.</Text>
    </Row>
    <Row Tag="TXT_KEY_TECH_NOT_YET_AVAILABLE">
      <Text>Henüz Mevcut Degil</Text>
    </Row>
    <Row Tag="TXT_KEY_TECH_AVAILABLE">
      <Text>Mevcut</Text>
    </Row>
    <Row Tag="TXT_KEY_TECH_CURR_RESEARCH">
      <Text>Su Anda Arastirma Yapiyor</Text>
    </Row>
    <Row Tag="TXT_KEY_TECH_RESEARCHED">
      <Text>Arastirildi</Text>
    </Row>
    <Row Tag="TXT_KEY_PROGRESS_TOWARDS">
      <Text>{1_name} yönünde ilerleme</Text>
    </Row>
    <!--In Game Strategic Options -->
    <Row Tag="TXT_KEY_STRAT_ICON_MODE">
      <Text>Simge Modu:</Text>
    </Row>
    <Row Tag="TXT_KEY_STRAT_OVERLAY">
      <Text>Aktif Kaplama:</Text>
    </Row>
    <Row Tag="TXT_KEY_STRAT_FEATURES">
      <Text>Özellikleri Göster</Text>
    </Row>
    <Row Tag="TXT_KEY_STRAT_FOW">
      <Text>Savas Sisi'ni Göster</Text>
    </Row>
    <Row Tag="TXT_KEY_STRAT_MAP_OPTIONS_TT">
      <Text>Harita seçenekleri menüsünü aç\kapat</Text>
    </Row>
    <!--In Game Menu Buttons -->
    <Row Tag="TXT_KEY_MENU_RESTART_GAME_BUTTON">
      <Text>OYUNU YENIDEN BASLAT</Text>
    </Row>
    <Row Tag="TXT_KEY_MENU_QUICK_SAVE_BUTTON">
      <Text>HIZLI KAYDETME OYUNU</Text>
    </Row>
    <Row Tag="TXT_KEY_MENU_SAVE_BUTTON">
      <Text>OYUNU KAYDET</Text>
    </Row>
    <Row Tag="TXT_KEY_MENU_LOAD_GAME_BUTTON">
      <Text>OYUN YÜKLE</Text>
    </Row>
    <Row Tag="TXT_KEY_MENU_SAVE_MAP_LOWER">
      <Text>Haritayi Kaydet</Text>
    </Row>
    <Row Tag="TXT_KEY_MENU_SAVE_MAP_BUTTON">
      <Text>HARITA KAYDET</Text>
    </Row>
    <Row Tag="TXT_KEY_MENU_OPTIONS_BUTTON">
      <Text>SECENEKLER</Text>
    </Row>
    <Row Tag="TXT_KEY_MENU_EXIT_TO_MAIN">
      <Text>ANA MENÜYE CIKIS</Text>
    </Row>
    <Row Tag="TXT_KEY_MENU_EXIT_TO_WINDOWS">
      <Text>PENCERELERE CIKIS</Text>
    </Row>
    <Row Tag="TXT_KEY_MENU_RETURN_TO_GAME">
      <Text>OYUNA DÖNÜS</Text>
    </Row>
    <Row Tag="TXT_KEY_MENU_RETURN_MM_WARN">
      <Text>Bu sizi oyununuzu kaydetmeden Ana Menüye döndürecektir. Bunu yapmak istediginizden emin misiniz?</Text>
    </Row>
    <Row Tag="TXT_KEY_MENU_RETURN_EXIT_WARN">
      <Text>Bu, oyununuzu kaydetmeden Civilization V'i kapatacaktir. Bunu yapmak istedigine emin misin?</Text>
    </Row>
    <Row Tag="TXT_KEY_MENU_EXIT_WARN">
      <Text>Bu islem Civilization V'i kapatacaktir. Bunu yapmak istediginizden emin misiniz?</Text>
    </Row>
    <Row Tag="TXT_KEY_MENU_SAVE">
      <Text>Kaydet</Text>
    </Row>
    <Row Tag="TXT_KEY_MENU_SAVE_MAP_DESC">
      <Text>Bir Haritayi Kaydetmek o anda oynamakta oldugunuz oyunun arazi verilerini Dünya Olusturucu Aracinda okunabilecek bir formatta kaydeder. Bu, kendi haritanizi olustururken üzerinde çalisabileceginiz bir sablona sahip olmanizi veya gelecekteki bir oyunda bu belirli harita düzenine geri dönmenizi saglar.</Text>
    </Row>
    <!-- Policies -->
    <Row Tag="TXT_KEY_ADVANCED_VIEW">
      <Text>Gelismis Görünüm</Text>
    </Row>
    <Row Tag="TXT_KEY_ERA_AVAILALBE">
      <Text>Mevcut Dönem</Text>
    </Row>
    <Row Tag="TXT_KEY_POP_ADOPT_BUTTON">
      <Text>Evlat edinmek</Text>
    </Row>
    <!-- Choose Free Item Screen -->
    <Row Tag="TXT_KEY_CHOOSE_FROM_FOLLOWING">
      <Text>Asagidakilerden {1 : spellout} birini seçin:</Text>
    </Row>
    <!-- Replay Viewer  -->
    <Row Tag="TXT_KEY_REPLAY_TITLE">
      <Text>TEKRARLAYIN</Text>
    </Row>
    <Row Tag="TXT_KEY_REPLAY_PLAYPAUSE">
      <Text>Oynat\Duraklat</Text>
    </Row>
    <Row Tag="TXT_KEY_REPLAY_NOGRAPHDATA">
      <Text>Grafik Verisi Yok</Text>
    </Row>
    <Row Tag="TXT_KEY_REPLAY_VIEWER_MESSAGES_TITLE">
      <Text>Mesajlar</Text>
    </Row>
    <Row Tag="TXT_KEY_REPLAY_VIEWER_MESSAGES_TT">
      <Text>Oyun sirasinda meydana gelen tüm önemli mesajlari görüntüleyin.</Text>
    </Row>
    <Row Tag="TXT_KEY_REPLAY_VIEWER_GRAPHS_TITLE">
      <Text>Grafikler</Text>
    </Row>
    <Row Tag="TXT_KEY_REPLAY_VIEWER_GRAPHS_TT">
      <Text>Her oyuncu için toplanan verilerin çesitli grafiklerini görüntüleyin.</Text>
    </Row>
    <Row Tag="TXT_KEY_REPLAY_VIEWER_MAP_TITLE">
      <Text>Harita</Text>
    </Row>
    <Row Tag="TXT_KEY_REPLAY_VIEWER_MAP_TT">
      <Text>Dünya haritasini ve bölgelerin zaman içindeki büyümesini görüntüleyin.</Text>
    </Row>
    <Row Tag="TXT_KEY_REPLAY_VIEWER_GRAPHBY_SCORE">
      <Text>Skor</Text>
    </Row>
    <Row Tag="TXT_KEY_REPLAY_DATA_PRODUCTIONPERTURN">
      <Text>Dönüs Basina Üretim [ICON_PRODUCTION]</Text>
    </Row>
    <Row Tag="TXT_KEY_REPLAY_DATA_TOTALGOLD">
      <Text>Toplam Altin [ICON_GOLD]</Text>
    </Row>
    <Row Tag="TXT_KEY_REPLAY_DATA_GOLDPERTURN">
      <Text>Altin [ICON_GOLD] Dönüs Basina</Text>
    </Row>
    <Row Tag="TXT_KEY_REPLAY_DATA_CITYCOUNT">
      <Text>Sehir Sayisi</Text>
    </Row>
    <Row Tag="TXT_KEY_REPLAY_DATA_TECHSKNOWN">
      <Text>Bilinen Teknik Eleman Sayisi</Text>
    </Row>
    <Row Tag="TXT_KEY_REPLAY_DATA_SCIENCEPERTURN">
      <Text>Bilim [ICON_RESEARCH] Dönüs Basina</Text>
    </Row>
    <Row Tag="TXT_KEY_REPLAY_DATA_TOTALCULTURE">
      <Text>Toplam Kültür [ICON_CULTURE]</Text>
    </Row>
    <Row Tag="TXT_KEY_REPLAY_DATA_CULTUREPERTURN">
      <Text>Kültür [ICON_CULTURE] Dönüs Basina</Text>
    </Row>
    <Row Tag="TXT_KEY_REPLAY_DATA_EXCESSHAPPINESS">
      <Text>Asiri Mutluluk [ICON_HAPPINESS_1]</Text>
    </Row>
    <Row Tag="TXT_KEY_REPLAY_DATA_HAPPINESS">
      <Text>Mutluluk [ICON_HAPPINESS_1]</Text>
    </Row>
    <Row Tag="TXT_KEY_REPLAY_DATA_UNHAPPINESS">
      <Text>Mutsuzluk [ICON_HAPPINESS_3]</Text>
    </Row>
    <Row Tag="TXT_KEY_REPLAY_DATA_GOLDAGETURNS">
      <Text>Altin Cag [ICON_GOLDEN_AGE] Dönüsler</Text>
    </Row>
    <Row Tag="TXT_KEY_REPLAY_DATA_TOTALPOPULATION">
      <Text>Nüfus [ICON_CITIZEN]</Text>
    </Row>
    <Row Tag="TXT_KEY_REPLAY_DATA_FOODPERTURN">
      <Text>Dönüs Basina Yiyecek [ICON_FOOD]</Text>
    </Row>
    <Row Tag="TXT_KEY_REPLAY_DATA_TOTALLAND">
      <Text>Toplam Arazi</Text>
    </Row>
    <Row Tag="TXT_KEY_REPLAY_DATA_GPTCITYCONNECTIONS">
      <Text>[ICON_GOLD]GPT - Sehir Baglantilari</Text>
    </Row>
    <Row Tag="TXT_KEY_REPLAY_DATA_GPTDEALS">
      <Text>[ICON_GOLD]GPT - Firsatlar</Text>
    </Row>
    <Row Tag="TXT_KEY_REPLAY_DATA_UNITMAINTENANCE">
      <Text>Birim Bakimi</Text>
    </Row>
    <Row Tag="TXT_KEY_REPLAY_DATA_BUILDINGMAINTENANCE">
      <Text>Bina Bakimi</Text>
    </Row>
    <Row Tag="TXT_KEY_REPLAY_DATA_IMPROVEMENTMAINTENANCE">
      <Text>Iyilestirme Bakimi</Text>
    </Row>
    <Row Tag="TXT_KEY_REPLAY_DATA_NUMBEROFPOLICIES">
      <Text>Poliçe Sayisi</Text>
    </Row>
    <Row Tag="TXT_KEY_REPLAY_DATA_NUMBEROFWORKERS">
      <Text>Calisan Sayisi</Text>
    </Row>
    <Row Tag="TXT_KEY_REPLAY_DATA_IMPROVEDTILES">
      <Text>Gelistirilmis Fayanslar</Text>
    </Row>
    <Row Tag="TXT_KEY_REPLAY_DATA_WORKEDTILES">
      <Text>Islenmis Fayanslar</Text>
    </Row>
    <Row Tag="TXT_KEY_REPLAY_DATA_MILITARYMIGHT">
      <Text>Askeri Güç</Text>
    </Row>
    <!-- Player List  -->
    <Row Tag="TXT_KEY_MP_PLAYER_CONNECTED">
      <Text>Oyuncu su anda oyunda.</Text>
    </Row>
    <Row Tag="TXT_KEY_MP_PLAYER_NOTCONNECTED">
      <Text>Oynatici bagli degil.</Text>
    </Row>
    <Row Tag="TXT_KEY_MP_PLAYER_CONNECTING">
      <Text>Oyuncu oyuna katiliyor.</Text>
    </Row>
    <Row Tag="TXT_KEY_MP_HOT_JOIN_NOTICE">
      <Text>Oyuncular oyuna katiliyor.  Oyun duraklatildi.</Text>
    </Row>
  </Language_en_US>
</GameData>