﻿<?xml version="1.0" encoding="utf-8"?>
<!-- Sid Meier's Civilization V -->
<!-- Copyright Firaxis Games 2010 -->
<!-- -->
<!-- Game Text Objects -->
<GameData>
  <Language_en_US>
    <Row Tag="TXT_KEY_BUILDING_ACADEMY">
      <Text>Academyneuter:an</Text>
      <Gender>neuter:an</Gender>
    </Row>
    <Row Tag="TXT_KEY_BUILDING_ANGKOR_WAT">
      <Text>Angkor Wat</Text>
    </Row>
    <Row Tag="TXT_KEY_BUILDING_ARMORY">
      <Text>Armoryneuter:an</Text>
      <Gender>neuter:an</Gender>
    </Row>
    <Row Tag="TXT_KEY_BUILDING_ARSENAL">
      <Text>Arsenalneuter:an</Text>
      <Gender>neuter:an</Gender>
    </Row>
    <Row Tag="TXT_KEY_BUILDING_BANK">
      <Text>Banka</Text>
    </Row>
    <Row Tag="TXT_KEY_BUILDING_BARRACKS">
      <Text>Kisla2</Text>
      <Plurality>2</Plurality>
    </Row>
    <Row Tag="TXT_KEY_BUILDING_BIG_BEN">
      <Text>Big Benneuter:no_article</Text>
      <Gender>neuter:no_article</Gender>
    </Row>
    <Row Tag="TXT_KEY_BUILDING_BRANDENBURG_GATE">
      <Text>Brandenburg Gateneuter:the</Text>
      <Gender>neuter:the</Gender>
    </Row>
    <Row Tag="TXT_KEY_BUILDING_BROADCAST_TOWER">
      <Text>Yayin Kulesi</Text>
    </Row>
    <Row Tag="TXT_KEY_BUILDING_CASTLE">
      <Text>Kale</Text>
    </Row>
    <Row Tag="TXT_KEY_BUILDING_CHICHEN_ITZA">
      <Text>Chichen Itzaneuter:the</Text>
      <Gender>neuter:the</Gender>
    </Row>
    <Row Tag="TXT_KEY_BUILDING_COLOSSEUM">
      <Text>Kolezyum</Text>
    </Row>
    <Row Tag="TXT_KEY_BUILDING_COLOSSUS">
      <Text>Colossusneuter:the</Text>
      <Gender>neuter:the</Gender>
    </Row>
    <Row Tag="TXT_KEY_BUILDING_CRISTO_REDENTOR">
      <Text>Cristo Redentorneuter:the</Text>
      <Gender>neuter:the</Gender>
    </Row>
    <Row Tag="TXT_KEY_BUILDING_SEAPORT">
      <Text>Liman</Text>
    </Row>
    <Row Tag="TXT_KEY_BUILDING_EIFFEL_TOWER">
      <Text>Eiffel Towerneuter: the</Text>
      <Gender>neuter:the</Gender>
    </Row>
    <Row Tag="TXT_KEY_BUILDING_FACTORY">
      <Text>Fabrika</Text>
    </Row>
    <Row Tag="TXT_KEY_BUILDING_FORBIDDEN_PALACE">
      <Text>Yasak Sarayuter:the</Text>
      <Gender>neuter:the</Gender>
    </Row>
    <Row Tag="TXT_KEY_BUILDING_FORGE">
      <Text>Forge</Text>
    </Row>
    <Row Tag="TXT_KEY_BUILDING_GRANARY">
      <Text>Tahil Ambari</Text>
    </Row>
    <Row Tag="TXT_KEY_BUILDING_GREAT_LIBRARY">
      <Text>Büyük KütüphaneNötr:the</Text>
      <Gender>neuter:the</Gender>
    </Row>
    <Row Tag="TXT_KEY_BUILDING_GREAT_LIGHTHOUSE">
      <Text>Great Lighthouseneuter: the</Text>
      <Gender>neuter:the</Gender>
    </Row>
    <Row Tag="TXT_KEY_BUILDING_GREAT_WALL">
      <Text>Great Wallneuter: the</Text>
      <Gender>neuter:the</Gender>
    </Row>
    <Row Tag="TXT_KEY_BUILDING_GROCER">
      <Text>Bakkal</Text>
    </Row>
    <Row Tag="TXT_KEY_BUILDING_HAGIA_SOPHIA">
      <Text>Hagia Sophianeuter: the</Text>
      <Gender>neuter:the</Gender>
    </Row>
    <Row Tag="TXT_KEY_BUILDING_HANGING_GARDEN">
      <Text>Hanging Gardensneuter: the</Text>
      <Gender>neuter:the</Gender>
    </Row>
    <Row Tag="TXT_KEY_BUILDING_HARBOR">
      <Text>Liman</Text>
    </Row>
    <Row Tag="TXT_KEY_BUILDING_HEROIC_EPIC">
      <Text>Kahramanlik Destani</Text>
    </Row>
    <Row Tag="TXT_KEY_BUILDING_HIMEJI_CASTLE">
      <Text>Himeji Castleneuter:the</Text>
      <Gender>neuter:the</Gender>
    </Row>
    <Row Tag="TXT_KEY_BUILDING_HYDRO_PLANT">
      <Text>Hidro Tesis</Text>
    </Row>
    <Row Tag="TXT_KEY_BUILDING_KREMLIN">
      <Text>Kremlinneuter: the</Text>
      <Gender>neuter:the</Gender>
    </Row>
    <Row Tag="TXT_KEY_BUILDING_LABORATORY">
      <Text>Arastirma Laboratuvari</Text>
    </Row>
    <Row Tag="TXT_KEY_BUILDING_LIBRARY">
      <Text>Kütüphane</Text>
    </Row>
    <Row Tag="TXT_KEY_BUILDING_LIGHTHOUSE">
      <Text>Deniz Feneri</Text>
    </Row>
    <Row Tag="TXT_KEY_BUILDING_LOUVRE">
      <Text>Louvreneuter: the</Text>
      <Gender>neuter:the</Gender>
    </Row>
    <Row Tag="TXT_KEY_BUILDING_MACHU_PICHU">
      <Text>Machu Picchu</Text>
    </Row>
    <Row Tag="TXT_KEY_BUILDING_MARKET">
      <Text>Pazar</Text>
    </Row>
    <Row Tag="TXT_KEY_BUILDING_MILITARY_ACADEMY">
      <Text>Askeri Akademi</Text>
    </Row>
    <Row Tag="TXT_KEY_BUILDING_MILITARY_BASE">
      <Text>Askeri Üs</Text>
    </Row>
    <Row Tag="TXT_KEY_BUILDING_MINT">
      <Text>Nane</Text>
    </Row>
    <Row Tag="TXT_KEY_BUILDING_MUSEUM">
      <Text>Müze</Text>
    </Row>
    <Row Tag="TXT_KEY_BUILDING_NATIONAL_COLLEGE">
      <Text>Ulusal Kolej</Text>
    </Row>
    <Row Tag="TXT_KEY_BUILDING_NATIONAL_EPIC">
      <Text>Ulusal Destan</Text>
    </Row>
    <Row Tag="TXT_KEY_BUILDING_CIRCUS_MAXIMUS">
      <Text>Circus Maximus</Text>
    </Row>
    <Row Tag="TXT_KEY_BUILDING_NATIONAL_TREASURY">
      <Text>Ulusal Hazine</Text>
    </Row>
    <Row Tag="TXT_KEY_PROJECT_UTOPIA_PROJECT">
      <Text>Utopia Projectneuter: the</Text>
      <Gender>neuter:the</Gender>
    </Row>
    <Row Tag="TXT_KEY_BUILDING_NUCLEAR_PLANT">
      <Text>Nükleer Santral</Text>
    </Row>
    <Row Tag="TXT_KEY_BUILDING_NOTRE_DAME">
      <Text>Notre Dameneuter:no_article</Text>
      <Gender>neuter:no_article</Gender>
    </Row>
    <Row Tag="TXT_KEY_BUILDING_OPERA_HOUSE">
      <Text>Opera Houseneuter:an</Text>
      <Gender>neuter:an</Gender>
    </Row>
    <Row Tag="TXT_KEY_BUILDING_ORACLE">
      <Text>Oracleneuter: the</Text>
      <Gender>neuter:the</Gender>
    </Row>
    <Row Tag="TXT_KEY_BUILDING_PALACE">
      <Text>Saray</Text>
    </Row>
    <Row Tag="TXT_KEY_BUILDING_PENTAGON">
      <Text>Pentagon</Text>
    </Row>
    <Row Tag="TXT_KEY_BUILDING_PARK">
      <Text>Park</Text>
    </Row>
    <Row Tag="TXT_KEY_BUILDING_PORCELAIN_TOWER">
      <Text>Porselen Kule</Text>
      <Gender>neuter:the</Gender>
    </Row>
    <Row Tag="TXT_KEY_BUILDING_OBSERVATORY">
      <Text>Gözlemevi-nötr:bir</Text>
      <Gender>neuter:an</Gender>
    </Row>
    <Row Tag="TXT_KEY_BUILDING_PYRAMID">
      <Text>Pyramidsneuter:the2</Text>
      <Gender>neuter:the</Gender>
      <Plurality>2</Plurality>
    </Row>
    <Row Tag="TXT_KEY_BUILDING_SISTINE_CHAPEL">
      <Text>Sistine Chapelneuter: the</Text>
      <Gender>neuter:the</Gender>
    </Row>
    <Row Tag="TXT_KEY_BUILDING_SOLAR_PLANT">
      <Text>Günes Santrali</Text>
    </Row>
    <Row Tag="TXT_KEY_BUILDING_SPACESHIP_FACTORY">
      <Text>Uzay Gemisi Fabrikasi</Text>
    </Row>
    <Row Tag="TXT_KEY_BUILDING_STABLE">
      <Text>Kararli</Text>
    </Row>
    <Row Tag="TXT_KEY_BUILDING_STATUE_OF_LIBERTY">
      <Text>Özgürlük Heykeli</Text>
      <Gender>neuter:the</Gender>
    </Row>
    <Row Tag="TXT_KEY_BUILDING_STONEHENGE">
      <Text>Stonehenge</Text>
    </Row>
    <Row Tag="TXT_KEY_BUILDING_TAJ_MAHAL">
      <Text>Taj Mahalneuter: the</Text>
      <Gender>neuter:the</Gender>
    </Row>
    <Row Tag="TXT_KEY_BUILDING_TEMPLE">
      <Text>Tapinak</Text>
    </Row>
    <Row Tag="TXT_KEY_BUILDING_THEATRE">
      <Text>Tiyatro</Text>
    </Row>
    <Row Tag="TXT_KEY_BUILDING_COURTHOUSE">
      <Text>Adliye Sarayi</Text>
    </Row>
    <Row Tag="TXT_KEY_BUILDING_UNITED_NATIONS">
      <Text>Birlesmis Milletler Kisirlastirma</Text>
      <Gender>neuter:the</Gender>
    </Row>
    <Row Tag="TXT_KEY_BUILDING_UNIVERSITY">
      <Text>Üniversite</Text>
    </Row>
    <Row Tag="TXT_KEY_BUILDING_WALLS">
      <Text>Walls2neuter:no_article</Text>
      <Plurality>2</Plurality>
      <Gender>neuter:no_article</Gender>
    </Row>
    <Row Tag="TXT_KEY_BUILDING_WATERMILL">
      <Text>Su Degirmeni</Text>
    </Row>
    <Row Tag="TXT_KEY_BUILDING_WINDMILL">
      <Text>Yel Degirmeni</Text>
    </Row>
    <Row Tag="TXT_KEY_BUILDING_WORKSHOP">
      <Text>Atölye Calismasi</Text>
    </Row>
    <Row Tag="TXT_KEY_BUILDING_MUGHAL_FORT_DESC">
      <Text>Babür Kalesi</Text>
    </Row>
    <Row Tag="TXT_KEY_BUILDING_AQUEDUCT">
      <Text>Su Kemeri: bir</Text>
      <Gender>neuter:an</Gender>
    </Row>
    <Row Tag="TXT_KEY_BUILDING_HOSPITAL">
      <Text>Hastane</Text>
    </Row>
    <Row Tag="TXT_KEY_BUILDING_MEDICAL_LAB">
      <Text>Tibbi Laboratuvar</Text>
    </Row>
    <Row Tag="TXT_KEY_BUILDING_STOCK_EXCHANGE">
      <Text>Menkul Kiymetler Borsasi</Text>
    </Row>
    <Row Tag="TXT_KEY_BUILDING_PUBLIC_SCHOOL">
      <Text>Devlet Okulu</Text>
    </Row>
    <Row Tag="TXT_KEY_BUILDING_KREPOST_DESC">
      <Text>Krepost</Text>
    </Row>
    <Row Tag="TXT_KEY_BUILDING_CIRCUS">
      <Text>Sirk</Text>
    </Row>
    <Row Tag="TXT_KEY_BUILDING_GARDEN">
      <Text>Bahçe</Text>
    </Row>
    <Row Tag="TXT_KEY_BUILDING_IRONWORKS">
      <Text>Ironworksneuter:an2</Text>
      <Gender>neuter:an</Gender>
      <Plurality>2</Plurality>
    </Row>
    <Row Tag="TXT_KEY_BUILDING_OXFORD_UNIVERSITY">
      <Text>Oxford Universityneuter: the</Text>
      <Gender>neuter:the</Gender>
    </Row>
    <Row Tag="TXT_KEY_BUILDING_HERMITAGE">
      <Text>Hermitageneuter: the</Text>
      <Gender>neuter:the</Gender>
    </Row>
    <Row Tag="TXT_KEY_BUILDING_STONE_WORKS">
      <Text>Tas Isleri</Text>
    </Row>
  </Language_en_US>
</GameData>