﻿<?xml version="1.0" encoding="utf-8"?>
<GameData>
  <Language_en_US>
    <!-- READ ME -->
    <!-- DLC Package Names and Descriptions should only go here after they have been announced.-->
    <Row Tag="TXT_KEY_8871E74829A449108C578C99E32D0167_NAME">
      <Text>Yükseltme 1</Text>
    </Row>
    <Row Tag="TXT_KEY_8871E74829A449108C578C99E32D0167_DESCRIPTION">
      <Text>Yükseltme Verileri 1</Text>
    </Row>
    <Row Tag="TXT_KEY_7459BA32576444AE8E9501AD0E0EFD48_NAME">
      <Text>Babil</Text>
    </Row>
    <Row Tag="TXT_KEY_7459BA32576444AE8E9501AD0E0EFD48_DESCRIPTION">
      <Text>Nebukadnezar'in Babil'i</Text>
    </Row>
    <Row Tag="TXT_KEY_293C1EE3117644F6AC1F59663826DE74_NAME">
      <Text>Mogolistan</Text>
    </Row>
    <Row Tag="TXT_KEY_293C1EE3117644F6AC1F59663826DE74_DESCRIPTION">
      <Text>Cengiz Han'in Mogolistan'i</Text>
    </Row>
    <Row Tag="TXT_KEY_B685D5DE7CCA4E7581B42F60754E6330_NAME">
      <Text>Ispanya ve Inka</Text>
    </Row>
    <Row Tag="TXT_KEY_B685D5DE7CCA4E7581B42F60754E6330_DESCRIPTION">
      <Text>Isabella'nin Ispanya'si ve Pachacuti'nin Inka Imparatorlugu</Text>
    </Row>
    <Row Tag="TXT_KEY_ECF7C605BA114CAC8D80D71306AAC471_NAME">
      <Text>Polinezya</Text>
    </Row>
    <Row Tag="TXT_KEY_ECF7C605BA114CAC8D80D71306AAC471_DESCRIPTION">
      <Text>Kamehameha'nin Polinezya Imparatorlugu</Text>
    </Row>
    <Row Tag="TXT_KEY_POLYNESIA_DLC_AVAILABLE">
      <Text>POLİNEZYA DLC'Sİ MEVCUT</Text>
    </Row>
    <Row Tag="TXT_KEY_B3030D39C0D84BC791B17AD1CAF585AB_NAME">
      <Text>Danimarka</Text>
    </Row>
    <Row Tag="TXT_KEY_B3030D39C0D84BC791B17AD1CAF585AB_DESCRIPTION">
      <Text>Harald Bluetooth'un Danimarka'si</Text>
    </Row>
    <Row Tag="TXT_KEY_112C22B2530842B6B734171CCAB3037B_NAME">
      <Text>Kore</Text>
    </Row>
    <Row Tag="TXT_KEY_112C22B2530842B6B734171CCAB3037B_DESCRIPTION">
      <Text>Büyük Sejong'un Kore'si</Text>
    </Row>
    <Row Tag="TXT_KEY_BBB0D085A0B14475B0073E549CF3ADC3_NAME">
      <Text>Antik Harikalar</Text>
    </Row>
    <Row Tag="TXT_KEY_BBB0D085A0B14475B0073E549CF3ADC3_DESCRIPTION">
      <Text>Antik Dünyanin Harikalari</Text>
    </Row>
    <Row Tag="TXT_KEY_0E3751A1F8404E1B9706519BF484E59D_NAME">
      <Text>Genisleme: Tanrilar ve Krallar</Text>
    </Row>
    <Row Tag="TXT_KEY_0E3751A1F8404E1B9706519BF484E59D_DESCRIPTION">
      <Text>Tanrilar ve Krallar Genisleme Paketi</Text>
    </Row>
    <Row Tag="TXT_KEY_6DA0763641234018B6436575B4EC336B_NAME">
      <Text>Genisleme: Cesur Yeni Dünya</Text>
    </Row>
    <Row Tag="TXT_KEY_6DA0763641234018B6436575B4EC336B_DESCRIPTION">
      <Text>Cesur Yeni Dünya Genisleme Paketi</Text>
    </Row>
    <Row Tag="TXT_KEY_46EAEFFC7B1D443DBFC8F825DFEFB094_NAME">
      <Text>Karisik Kitalar Harita Paketi</Text>
    </Row>
    <Row Tag="TXT_KEY_46EAEFFC7B1D443DBFC8F825DFEFB094_DESCRIPTION">
      <Text>Karisik Kitalar Harita Paketi</Text>
    </Row>
    <Row Tag="TXT_KEY_4255F5F7D3AB4E55ACEE4670082040ED_NAME">
      <Text>Karistirilmis Milletler Harita Paketi</Text>
    </Row>
    <Row Tag="TXT_KEY_4255F5F7D3AB4E55ACEE4670082040ED_DESCRIPTION">
      <Text>Karistirilmis Milletler Harita Paketi</Text>
    </Row>
    <Row Tag="TXT_KEY_3F49DF5468B644D1A930A168628FAA59_NAME">
      <Text>Kasifler Harita Paketi</Text>
    </Row>
    <Row Tag="TXT_KEY_3F49DF5468B644D1A930A168628FAA59_DESCRIPTION">
      <Text>Kasifler Harita Paketi</Text>
    </Row>
    <Row Tag="TXT_KEY_EA67AED558594875BF3A360FE9E55D1B_NAME">
      <Text>Conquest Deluxe</Text>
    </Row>
    <Row Tag="TXT_KEY_EA67AED558594875BF3A360FE9E55D1B_DESCRIPTION">
      <Text>Yeni Dünyanin Fethi Deluxe</Text>
    </Row>
    <Row Tag="TXT_KEY_DENMARK_DLC_AVAILABLE">
      <Text>VIKING DLC'SI MEVCUT</Text>
    </Row>
    <Row Tag="TXT_KEY_SPMAPPACK_DLC_AVAILABLE">
      <Text>HARITA PAKETI DLC MEVCUT</Text>
    </Row>
    <Row Tag="TXT_KEY_KOREA_WONDERS_AVAILABLE">
      <Text>KORE VE TARİHİ HARİKALAR</Text>
    </Row>
    <Row Tag="TXT_KEY_KOREA_WONDERS_SHORT_AVAILABLE">
      <Text>KORE VE HARİKALARI</Text>
    </Row>
    <Row Tag="TXT_KEY_DLC_AVAILABLE">
      <Text>HARITA PAKETI MEVCUT</Text>
    </Row>
    <Row Tag="TXT_KEY_CIVWORLD">
      <Text>CIVWORLD'Ü SIMDI OYNAYIN!</Text>
    </Row>
    <Row Tag="TXT_KEY_ACE_PATROL_PROMO">
      <Text>STEAM'DE ACE PATROL</Text>
    </Row>
    <Row Tag="TXT_KEY_DLC_MAP_PACK_2_AVAILABLE">
      <Text>KARMAKARISIK KITALAR</Text>
    </Row>
    <Row Tag="TXT_KEY_DLC_MAP_PACK_3_AVAILABLE">
      <Text>KARMAKARISIK ULUSLAR</Text>
    </Row>
    <Row Tag="TXT_KEY_NOW_AVAILABLE">
      <Text>SIMDI MEVCUT</Text>
    </Row>
  </Language_en_US>
</GameData>