﻿<?xml version="1.0" encoding="utf-8"?>
<!-- edited with XMLSPY v2004 rel. 2 U (http://www.xmlspy.com) by Jon Shafer (Firaxis Games) -->
<!-- Sid Meier's Civilization V -->
<!-- Copyright Firaxis Games 2010 -->
<!-- -->
<!-- Game Text Objects -->
<GameData>
  <Language_en_US>
    <Row Tag="TXT_KEY_DOMAIN_AIR">
      <Text>Hava ÜniteleriNötr:an</Text>
      <Gender>neuter:an</Gender>
    </Row>
    <Row Tag="TXT_KEY_DOMAIN_IMMOBILE">
      <Text>Hareketsiz Birimlerneuter:an</Text>
      <Gender>neuter:an</Gender>
    </Row>
    <Row Tag="TXT_KEY_DOMAIN_LAND">
      <Text>Arazi Birimleri</Text>
    </Row>
    <Row Tag="TXT_KEY_DOMAIN_SEA">
      <Text>Su Üniteleri</Text>
    </Row>
    <Row Tag="TXT_KEY_ERA_0">
      <Text>Antik Cag</Text>
    </Row>
    <Row Tag="TXT_KEY_ERA_1">
      <Text>Klasik Dönem</Text>
    </Row>
    <Row Tag="TXT_KEY_ERA_6">
      <Text>Gelecek Cag</Text>
    </Row>
    <Row Tag="TXT_KEY_ERA_4">
      <Text>Endüstriyel Dönem</Text>
    </Row>
    <Row Tag="TXT_KEY_ERA_2">
      <Text>Ortaçag Dönemi</Text>
    </Row>
    <Row Tag="TXT_KEY_ERA_5">
      <Text>Modern Dönem</Text>
    </Row>
    <Row Tag="TXT_KEY_ERA_3">
      <Text>Rönesans Dönemi</Text>
    </Row>
    <Row Tag="TXT_KEY_FEATURE_FALLOUT">
      <Text>Serpinti</Text>
    </Row>
    <Row Tag="TXT_KEY_FEATURE_FLOOD_PLAINS">
      <Text>Taskin Ovalari</Text>
    </Row>
    <Row Tag="TXT_KEY_FEATURE_FOREST">
      <Text>Orman</Text>
    </Row>
    <Row Tag="TXT_KEY_FEATURE_ICE">
      <Text>Buz</Text>
    </Row>
    <Row Tag="TXT_KEY_FEATURE_JUNGLE">
      <Text>Orman</Text>
    </Row>
    <Row Tag="TXT_KEY_FEATURE_MARSH">
      <Text>Marsh</Text>
    </Row>
    <Row Tag="TXT_KEY_FEATURE_OASIS">
      <Text>Oasis</Text>
    </Row>
    <Row Tag="TXT_KEY_GAMESPEED_EPIC">
      <Text>Destansi</Text>
    </Row>
    <Row Tag="TXT_KEY_GAMESPEED_MARATHON">
      <Text>Maraton</Text>
    </Row>
    <Row Tag="TXT_KEY_GAMESPEED_STANDARD">
      <Text>Standart</Text>
    </Row>
    <Row Tag="TXT_KEY_GAMESPEED_QUICK">
      <Text>Hizli</Text>
    </Row>
    <Row Tag="TXT_KEY_GOLD">
      <Text>Altin</Text>
    </Row>
    <Row Tag="TXT_KEY_HANDICAP_DEITY">
      <Text>Ilah</Text>
    </Row>
    <Row Tag="TXT_KEY_HANDICAP_IMMORTAL">
      <Text>Ölümsüz</Text>
    </Row>
    <Row Tag="TXT_KEY_HANDICAP_EMPEROR">
      <Text>Imparator</Text>
    </Row>
    <Row Tag="TXT_KEY_HANDICAP_KING">
      <Text>Kral</Text>
    </Row>
    <Row Tag="TXT_KEY_HANDICAP_PRINCE">
      <Text>Prens</Text>
    </Row>
    <Row Tag="TXT_KEY_HANDICAP_WARLORD">
      <Text>Savas Lordu</Text>
    </Row>
    <Row Tag="TXT_KEY_HANDICAP_CHIEFTAIN">
      <Text>Reis</Text>
    </Row>
    <Row Tag="TXT_KEY_HANDICAP_SETTLER">
      <Text>Yerlesimci</Text>
    </Row>
    <Row Tag="TXT_KEY_HANDICAP_AI_DEFAULT">
      <Text>AI</Text>
    </Row>
    <Row Tag="TXT_KEY_IMPROVEMENT_CAMP">
      <Text>Kamp</Text>
    </Row>
    <Row Tag="TXT_KEY_IMPROVEMENT_CITY_RUINS">
      <Text>Sehir Harabeleri2</Text>
      <Plurality>2</Plurality>
    </Row>
    <Row Tag="TXT_KEY_IMPROVEMENT_FARM">
      <Text>Ciftlik</Text>
    </Row>
    <Row Tag="TXT_KEY_IMPROVEMENT_FISHING_BOATS">
      <Text>Balikçi Tekneleri</Text>
    </Row>
    <Row Tag="TXT_KEY_IMPROVEMENT_FORT">
      <Text>Kale</Text>
    </Row>
    <Row Tag="TXT_KEY_IMPROVEMENT_GOODY_HUT">
      <Text>Antik Kalintilar2neuter:an</Text>
      <Plurality>2</Plurality>
      <Gender>neuter:an</Gender>
    </Row>
    <Row Tag="TXT_KEY_IMPROVEMENT_ENCAMPMENT">
      <Text>Kamp kisirlastirma: bir</Text>
      <Gender>neuter:an</Gender>
    </Row>
    <Row Tag="TXT_KEY_IMPROVEMENT_LUMBERMILL">
      <Text>Kereste Fabrikasi</Text>
    </Row>
    <Row Tag="TXT_KEY_IMPROVEMENT_MINE">
      <Text>Maden</Text>
    </Row>
    <Row Tag="TXT_KEY_IMPROVEMENT_OFFSHORE_PLATFORM">
      <Text>Açik Deniz Platformu</Text>
    </Row>
    <Row Tag="TXT_KEY_IMPROVEMENT_PASTURE">
      <Text>Mera</Text>
    </Row>
    <Row Tag="TXT_KEY_IMPROVEMENT_PLANTATION">
      <Text>Plantasyon</Text>
    </Row>
    <Row Tag="TXT_KEY_IMPROVEMENT_QUARRY">
      <Text>Tas Ocagi</Text>
    </Row>
    <Row Tag="TXT_KEY_IMPROVEMENT_TRADING_POST">
      <Text>Ticaret Postasi</Text>
    </Row>
    <Row Tag="TXT_KEY_IMPROVEMENT_WELL">
      <Text>Petrol Kuyulari</Text>
      <Gender>neuter:an</Gender>
    </Row>
    <Row Tag="TXT_KEY_IMPROVEMENT_LANDMARK">
      <Text>Landmark</Text>
    </Row>
    <Row Tag="TXT_KEY_IMPROVEMENT_ACADEMY">
      <Text>Academyneuter:an</Text>
      <Gender>neuter:an</Gender>
    </Row>
    <Row Tag="TXT_KEY_IMPROVEMENT_CUSTOMS_HOUSE">
      <Text>Gümrük Binasi</Text>
    </Row>
    <Row Tag="TXT_KEY_IMPROVEMENT_MANUFACTORY">
      <Text>Fabrikasyon</Text>
    </Row>
    <Row Tag="TXT_KEY_IMPROVEMENT_CITADEL">
      <Text>Citadel</Text>
    </Row>
    <Row Tag="TXT_KEY_INVISIBLE_SUBMARINE">
      <Text>Denizaltilar2</Text>
      <Plurality>2</Plurality>
    </Row>
    <Row Tag="TXT_KEY_PROCESS_RESEARCH">
      <Text>Arastirma</Text>
    </Row>
    <Row Tag="TXT_KEY_PROCESS_WEALTH">
      <Text>Zenginlik</Text>
    </Row>
    <Row Tag="TXT_KEY_PROJECT_APOLLO_PROGRAM">
      <Text>Apollo Programiuter: the</Text>
      <Gender>neuter:the</Gender>
    </Row>
    <Row Tag="TXT_KEY_PROJECT_MANHATTAN_PROJECT">
      <Text>Manhattan Projectneuter: the</Text>
      <Gender>neuter:the</Gender>
    </Row>
    <Row Tag="TXT_KEY_SS_CASING">
      <Text>SS Muhafaza</Text>
    </Row>
    <Row Tag="TXT_KEY_SS_COCKPIT">
      <Text>SS Kokpit</Text>
    </Row>
    <Row Tag="TXT_KEY_SS_DOCKING_BAY">
      <Text>SS Yanasma Koyu</Text>
    </Row>
    <Row Tag="TXT_KEY_SS_ENGINE">
      <Text>SS Motor</Text>
    </Row>
    <Row Tag="TXT_KEY_SS_LIFE_SUPPORT">
      <Text>SS Yasam Destegi</Text>
    </Row>
    <Row Tag="TXT_KEY_SS_STASIS_CHAMBER">
      <Text>SS Stasis Odasi</Text>
    </Row>
    <Row Tag="TXT_KEY_SS_THRUSTERS">
      <Text>SS Iticiler</Text>
    </Row>
    <Row Tag="TXT_KEY_SS_BOOSTER">
      <Text>SS Güçlendirici</Text>
    </Row>
    <Row Tag="TXT_KEY_PROMOTION_COMBAT1">
      <Text>Savas I</Text>
    </Row>
    <Row Tag="TXT_KEY_PROMOTION_COMBAT2">
      <Text>Savas II</Text>
    </Row>
    <Row Tag="TXT_KEY_PROMOTION_COMBAT3">
      <Text>Savas III</Text>
    </Row>
    <Row Tag="TXT_KEY_RESOURCE_ALUMINUM">
      <Text>Alüminyumnötr:an</Text>
      <Gender>neuter:an</Gender>
    </Row>
    <Row Tag="TXT_KEY_RESOURCE_BANANAS">
      <Text>Bananas2</Text>
      <Plurality>2</Plurality>
    </Row>
    <Row Tag="TXT_KEY_RESOURCE_COAL">
      <Text>Kömür</Text>
    </Row>
    <Row Tag="TXT_KEY_RESOURCE_CATTLE">
      <Text>Sigir2</Text>
      <Plurality>2</Plurality>
    </Row>
    <Row Tag="TXT_KEY_RESOURCE_SHEEP">
      <Text>Koyun2</Text>
      <Plurality>2</Plurality>
    </Row>
    <Row Tag="TXT_KEY_RESOURCE_DEER">
      <Text>Geyik</Text>
    </Row>
    <Row Tag="TXT_KEY_RESOURCE_DYES">
      <Text>Boyalar2</Text>
      <Plurality>2</Plurality>
    </Row>
    <Row Tag="TXT_KEY_RESOURCE_FISH">
      <Text>Balik2</Text>
      <Plurality>2</Plurality>
    </Row>
    <Row Tag="TXT_KEY_RESOURCE_GEMS">
      <Text>Gems2</Text>
      <Plurality>2</Plurality>
    </Row>
    <Row Tag="TXT_KEY_RESOURCE_GOLD">
      <Text>Altin</Text>
    </Row>
    <Row Tag="TXT_KEY_RESOURCE_HORSES">
      <Text>Atlar2</Text>
      <Plurality>2</Plurality>
    </Row>
    <Row Tag="TXT_KEY_RESOURCE_IRON">
      <Text>Ironneuter:an</Text>
      <Gender>neuter:an</Gender>
    </Row>
    <Row Tag="TXT_KEY_RESOURCE_IVORY">
      <Text>Fildisi</Text>
    </Row>
    <Row Tag="TXT_KEY_RESOURCE_MARBLE">
      <Text>Mermer</Text>
    </Row>
    <Row Tag="TXT_KEY_RESOURCE_OIL">
      <Text>Oilneuter:an</Text>
      <Gender>neuter:an</Gender>
    </Row>
    <Row Tag="TXT_KEY_RESOURCE_SILK">
      <Text>Ipek</Text>
    </Row>
    <Row Tag="TXT_KEY_RESOURCE_SPICES">
      <Text>Baharatlar2</Text>
      <Plurality>2</Plurality>
    </Row>
    <Row Tag="TXT_KEY_RESOURCE_STONE">
      <Text>Tas</Text>
    </Row>
    <Row Tag="TXT_KEY_RESOURCE_SUGAR">
      <Text>Seker</Text>
    </Row>
    <Row Tag="TXT_KEY_RESOURCE_URANIUM">
      <Text>Uranyum</Text>
    </Row>
    <Row Tag="TXT_KEY_RESOURCE_WHALES">
      <Text>Balinalar2</Text>
      <Plurality>2</Plurality>
    </Row>
    <Row Tag="TXT_KEY_RESOURCE_WHEAT">
      <Text>Bugday</Text>
    </Row>
    <Row Tag="TXT_KEY_RESOURCE_WINE">
      <Text>Sarap</Text>
    </Row>
    <Row Tag="TXT_KEY_RESOURCE_COTTON">
      <Text>Pamuk</Text>
    </Row>
    <Row Tag="TXT_KEY_RESOURCE_FURS">
      <Text>Kürkler2</Text>
      <Plurality>2</Plurality>
    </Row>
    <Row Tag="TXT_KEY_RESOURCE_INCENSE">
      <Text>Incenseneuter:an</Text>
      <Gender>neuter:an</Gender>
    </Row>
    <Row Tag="TXT_KEY_RESOURCE_PEARLS">
      <Text>Pearls2</Text>
      <Plurality>2</Plurality>
    </Row>
    <Row Tag="TXT_KEY_RESOURCE_SILVER">
      <Text>Gümüs</Text>
    </Row>
    <Row Tag="TXT_KEY_ROUTE_RAILROAD">
      <Text>Demiryolu</Text>
    </Row>
    <Row Tag="TXT_KEY_ROUTE_ROAD">
      <Text>Yol</Text>
    </Row>
    <Row Tag="TXT_KEY_SPECIALIST_ARTIST">
      <Text>Artistsneuter:an1</Text>
      <Gender>neuter:an</Gender>
      <Plurality>1|2</Plurality>
    </Row>
    <Row Tag="TXT_KEY_SPECIALIST_ARTIST_SLOTS">
      <Text>Sanatçi Yuvalari:neuter:an</Text>
      <Gender>neuter:an</Gender>
    </Row>
    <Row Tag="TXT_KEY_SPECIALIST_ARTIST_TITLE">
      <Text>Harika Sanatçi Puanlari:</Text>
    </Row>
    <Row Tag="TXT_KEY_SPECIALIST_CITIZEN">
      <Text>Unemployed Citizens1</Text>
      <Plurality>1|2</Plurality>
    </Row>
    <Row Tag="TXT_KEY_SPECIALIST_ENGINEER">
      <Text>Engineers1</Text>
      <Plurality>1|2</Plurality>
    </Row>
    <Row Tag="TXT_KEY_SPECIALIST_ENGINEER_SLOTS">
      <Text>Mühendis Yuvalari:</Text>
    </Row>
    <Row Tag="TXT_KEY_SPECIALIST_ENGINEER_TITLE">
      <Text>Büyük Mühendis Noktalari:</Text>
    </Row>
    <Row Tag="TXT_KEY_SPECIALIST_GREAT_ARTIST">
      <Text>Büyük Sanatçi</Text>
    </Row>
    <Row Tag="TXT_KEY_SPECIALIST_GREAT_ENGINEER">
      <Text>Büyük Mühendis</Text>
    </Row>
    <Row Tag="TXT_KEY_SPECIALIST_GREAT_MERCHANT">
      <Text>Büyük Tüccar</Text>
    </Row>
    <Row Tag="TXT_KEY_SPECIALIST_GREAT_PRIEST">
      <Text>Büyük Peygamber</Text>
    </Row>
    <Row Tag="TXT_KEY_SPECIALIST_GREAT_SCIENTIST">
      <Text>Büyük Bilim Insani</Text>
    </Row>
    <Row Tag="TXT_KEY_SPECIALIST_MERCHANT">
      <Text>Merchants1</Text>
      <Plurality>1|2</Plurality>
    </Row>
    <Row Tag="TXT_KEY_SPECIALIST_MERCHANT_SLOTS">
      <Text>Tüccar yuvalari:</Text>
    </Row>
    <Row Tag="TXT_KEY_SPECIALIST_MERCHANT_TITLE">
      <Text>Harika Tüccar Noktalari:</Text>
    </Row>
    <Row Tag="TXT_KEY_SPECIALIST_SCIENTIST">
      <Text>Scientists1</Text>
      <Plurality>1|2</Plurality>
    </Row>
    <Row Tag="TXT_KEY_SPECIALIST_SCIENTIST_SLOTS">
      <Text>Bilim adami yuvalari:</Text>
    </Row>
    <Row Tag="TXT_KEY_SPECIALIST_SCIENTIST_TITLE">
      <Text>Büyük Bilim Adami Puanlari:</Text>
    </Row>
    <Row Tag="TXT_KEY_TERRAIN_DESERT">
      <Text>Cöl</Text>
    </Row>
    <Row Tag="TXT_KEY_TERRAIN_GRASS">
      <Text>Otlak</Text>
    </Row>
    <Row Tag="TXT_KEY_TERRAIN_HILL">
      <Text>Hill</Text>
    </Row>
    <Row Tag="TXT_KEY_TERRAIN_MOUNTAIN">
      <Text>Dag</Text>
    </Row>
    <Row Tag="TXT_KEY_TERRAIN_OCEAN">
      <Text>Okyanus</Text>
    </Row>
    <Row Tag="TXT_KEY_TERRAIN_PLAINS">
      <Text>Ovalar2</Text>
      <Plurality>2</Plurality>
    </Row>
    <Row Tag="TXT_KEY_TERRAIN_SNOW">
      <Text>Kar</Text>
    </Row>
    <Row Tag="TXT_KEY_TERRAIN_TUNDRA">
      <Text>Tundra</Text>
    </Row>
    <Row Tag="TXT_KEY_TRADE_CULTURE">
      <Text>Kültür</Text>
    </Row>
    <Row Tag="TXT_KEY_TRADE_RESEARCH">
      <Text>Arastirma</Text>
    </Row>
    <Row Tag="TXT_KEY_TURNTIMER_FAST">
      <Text>Hizli</Text>
    </Row>
    <Row Tag="TXT_KEY_TURNTIMER_MEDIUM">
      <Text>Orta</Text>
    </Row>
    <Row Tag="TXT_KEY_TURNTIMER_SLOW">
      <Text>Yavas</Text>
    </Row>
    <Row Tag="TXT_KEY_VICTORY_DOMINATION">
      <Text>Hakimiyet</Text>
    </Row>
    <Row Tag="TXT_KEY_VICTORY_CULTURAL">
      <Text>Kültürel</Text>
    </Row>
    <Row Tag="TXT_KEY_VICTORY_DIPLOMATIC">
      <Text>Diplomatik</Text>
    </Row>
    <Row Tag="TXT_KEY_VICTORY_SPACE_RACE">
      <Text>Bilim</Text>
    </Row>
    <Row Tag="TXT_KEY_VICTORY_TIME">
      <Text>Zaman</Text>
    </Row>
    <Row Tag="TXT_KEY_WORLD_DEBUG">
      <Text>Hata Ayiklama</Text>
    </Row>
    <Row Tag="TXT_KEY_WORLD_DUEL">
      <Text>Düello</Text>
    </Row>
    <Row Tag="TXT_KEY_WORLD_TINY">
      <Text>Küçük</Text>
    </Row>
    <Row Tag="TXT_KEY_WORLD_SMALL">
      <Text>Küçük</Text>
    </Row>
    <Row Tag="TXT_KEY_WORLD_STANDARD">
      <Text>Standart</Text>
    </Row>
    <Row Tag="TXT_KEY_WORLD_LARGE">
      <Text>Büyük</Text>
    </Row>
    <Row Tag="TXT_KEY_WORLD_HUGE">
      <Text>Cok büyük</Text>
    </Row>
    <Row Tag="TXT_KEY_YIELD_FOOD">
      <Text>Yemek</Text>
    </Row>
    <Row Tag="TXT_KEY_YIELD_PRODUCTION">
      <Text>Üretim</Text>
    </Row>
    <Row Tag="TXT_KEY_YIELD_GOLD">
      <Text>Altin</Text>
    </Row>
    <Row Tag="TXT_KEY_YIELD_SCIENCE">
      <Text>Bilim</Text>
    </Row>
    <Row Tag="TXT_KEY_CITY_STATE_CULTURED_ADJECTIVE">
      <Text>Kültürlü</Text>
    </Row>
    <Row Tag="TXT_KEY_CITY_STATE_MILITARISTIC_ADJECTIVE">
      <Text>Militarist</Text>
    </Row>
    <Row Tag="TXT_KEY_CITY_STATE_MARITIME_ADJECTIVE">
      <Text>Denizcilik</Text>
    </Row>
    <Row Tag="TXT_KEY_CITY_STATE_PERSONALITY_FRIENDLY">
      <Text>Dostça</Text>
    </Row>
    <Row Tag="TXT_KEY_CITY_STATE_PERSONALITY_NEUTRAL">
      <Text>Nötr</Text>
    </Row>
    <Row Tag="TXT_KEY_CITY_STATE_PERSONALITY_HOSTILE">
      <Text>Düsmanca</Text>
    </Row>
    <Row Tag="TXT_KEY_CITY_STATE_PERSONALITY_IRRATIONAL">
      <Text>Mantiksiz</Text>
    </Row>
    <Row Tag="TXT_KEY_FEATURE_MT_EVEREST">
      <Text>Everest Dagi</Text>
    </Row>
    <Row Tag="TXT_KEY_FEATURE_CRATER">
      <Text>Barringer Krateri</Text>
    </Row>
    <Row Tag="TXT_KEY_FEATURE_LAKE_TITICACA">
      <Text>Titicaca Gölü</Text>
    </Row>
    <Row Tag="TXT_KEY_FEATURE_MT_FUJI">
      <Text>Fuji Dagi</Text>
    </Row>
    <Row Tag="TXT_KEY_FEATURE_MESA">
      <Text>Grand Mesa</Text>
    </Row>
    <Row Tag="TXT_KEY_FEATURE_REEF">
      <Text>Büyük Set Resifi</Text>
    </Row>
    <Row Tag="TXT_KEY_FEATURE_VOLCANO">
      <Text>Krakatoa</Text>
    </Row>
    <Row Tag="TXT_KEY_FEATURE_GIBRALTAR">
      <Text>Cebelitarik Kayasi</Text>
    </Row>
    <Row Tag="TXT_KEY_FEATURE_GEYSER">
      <Text>Old Faithful</Text>
    </Row>
    <Row Tag="TXT_KEY_FEATURE_ATOLL">
      <Text>Atoll</Text>
    </Row>
    <Row Tag="TXT_KEY_FEATURE_NATURAL_WONDER">
      <Text>Doga Harikasi</Text>
    </Row>
    <Row Tag="TXT_KEY_SYDNEY_OPERA_HOUSE">
      <Text>Sidney Opera Binasi</Text>
    </Row>
    <Row Tag="TXT_KEY_BUILDING_STADIUM_DESC">
      <Text>Stadyum</Text>
    </Row>
    <Row Tag="TXT_KEY_BUILDING_LONGHOUSE_DESC">
      <Text>Uzun Ev</Text>
    </Row>
    <Row Tag="TXT_KEY_BUILDING_FLOATING_GARDENS_DESC">
      <Text>Yüzen Bahçeler</Text>
    </Row>
    <Row Tag="TXT_KEY_BUILDING_BAZAAR_DESC">
      <Text>Carsi</Text>
    </Row>
    <Row Tag="TXT_KEY_BUILDING_SATRAPS_COURT_DESC">
      <Text>Satrap'in Mahkemesi</Text>
    </Row>
    <Row Tag="TXT_KEY_BUILDING_PAPER_MAKER_DESC">
      <Text>Kagit Yapici</Text>
    </Row>
    <Row Tag="TXT_KEY_BUILDING_MONUMENT_DESC">
      <Text>Anit</Text>
    </Row>
    <Row Tag="TXT_KEY_BUILDING_MUD_PYRAMID_MOSQUE_DESC">
      <Text>Camur Piramit Camii</Text>
    </Row>
    <Row Tag="TXT_KEY_BUILDING_TEMPLE_DESC">
      <Text>Tapinak</Text>
    </Row>
    <Row Tag="TXT_KEY_BUILDING_WAT_DESC">
      <Text>Wat</Text>
    </Row>
    <Row Tag="TXT_KEY_BUILDING_BURIAL_TOMB_DESC">
      <Text>Defin Mezari</Text>
    </Row>
    <Row Tag="TXT_KEY_BUILDING_MONASTERY_DESC">
      <Text>Manastir</Text>
    </Row>
    <Row Tag="TXT_KEY_CITYVIEW_PROD_TEXT">
      <Text>Üretim</Text>
    </Row>
    <Row Tag="TXT_KEY_CITYVIEW_GOLD_TEXT">
      <Text>Altin</Text>
    </Row>
    <Row Tag="TXT_KEY_CITYVIEW_RESEARCH_TEXT">
      <Text>Bilim</Text>
    </Row>
    <Row Tag="TXT_KEY_CITYVIEW_CULTURE_TEXT">
      <Text>Kültür</Text>
    </Row>
    <Row Tag="TXT_KEY_CITYVIEW_GREAT_PEOPLE_TEXT">
      <Text>Harika Insanlar</Text>
    </Row>
    <Row Tag="TXT_KEY_CITYVIEW_WONDERS_TEXT">
      <Text>Harikalar</Text>
    </Row>
    <Row Tag="TXT_KEY_CITYVIEW_SPECIAL_TEXT">
      <Text>Uzman Binalar</Text>
    </Row>
    <Row Tag="TXT_KEY_CITYVIEW_REGULARBUILDING_TEXT">
      <Text>Binalar</Text>
    </Row>
    <Row Tag="TXT_KEY_CITYVIEW_CITIZENS_TEXT">
      <Text>{1_NumCitizens: plural 1?Citizen  other?Citizens }</Text>
    </Row>
    <Row Tag="TXT_KEY_CIVILIAN_UNIT">
      <Text>Sivil Birim</Text>
    </Row>
    <Row Tag="TXT_KEY_MILITARY_UNIT">
      <Text>Askeri Birim</Text>
    </Row>
  </Language_en_US>
</GameData>