﻿<?xml version="1.0" encoding="utf-8"?>
<!-- edited with XMLSPY v2004 rel. 2 U (http://www.xmlspy.com) by Ed Beach (Firaxis Games) -->
<!-- Sid Meier's Civilization V -->
<!-- Copyright Firaxis Games 2010 -->
<!-- -->
<!-- Game Text - New -->
<GameData>
  <Language_en_US>
    <Row Tag="TXT_KEY_GRAMMAR_A_AN">
      <Text>{1: gender *:an?an {1}  *:the?the {1}  *:no_article?{1}  other?a {1} }</Text>
    </Row>
    <Row Tag="TXT_KEY_GRAMMAR_UPPER_A_AN">
      <Text>{1: gender *:an?An {1}  *:the?The {1}  *:no_article?{1}  other?A {1} }</Text>
    </Row>
    <Row Tag="TXT_KEY_INTERFACEMODE_ATTACK">
      <Text>Saldiri</Text>
    </Row>
    <Row Tag="TXT_KEY_INTERFACEMODE_ATTACK_DISABLED_HELP">
      <Text>Geçerli bir komsu düsman hedefi yok.</Text>
    </Row>
    <Row Tag="TXT_KEY_INTERFACEMODE_ATTACK_HELP">
      <Text>Birime seçilen kareye saldirmasini emredin.</Text>
    </Row>
    <Row Tag="TXT_KEY_INTERFACEMODE_PARADROP">
      <Text>Paradrop</Text>
    </Row>
    <Row Tag="TXT_KEY_INTERFACEMODE_PARADROP_HELP">
      <Text>Dost bölge içindeyken, bu birim baska bir kareye Paradrop yapabilir. Bunu yaptiktan sonra, diger eylemleri gerçeklestirmek için hala harekete sahip olacaktir.</Text>
    </Row>
    <Row Tag="TXT_KEY_INTERFACEMODE_PARADROP_HELP_WITH_RANGE">
      <Text>Dost bölge içindeyken, bu birim {1_NumTiles} kareye kadar Paradrop yapabilir. Bunu yaptiktan sonra, diger eylemleri gerçeklestirmek için hala harekete sahip olacaktir.</Text>
    </Row>
    <Row Tag="TXT_KEY_INTERFACEMODE_AIR_SWEEP">
      <Text>Hava Süpürme</Text>
    </Row>
    <Row Tag="TXT_KEY_INTERFACEMODE_AIR_SWEEP_HELP">
      <Text>Birime, hava ve yer tabanli önleyiciler için bir alani taramasini ve gelecekteki hava saldirilari için yolu temizlemesini emredin.</Text>
    </Row>
    <Row Tag="TXT_KEY_INTERFACEMODE_RANGE_ATTACK">
      <Text>Menzilli Saldiri</Text>
    </Row>
    <Row Tag="TXT_KEY_INTERFACEMODE_RANGE_ATTACK_HELP">
      <Text>Birime seçilen kareye uzaktan saldirmasini emredin.</Text>
    </Row>
    <Row Tag="TXT_KEY_MISSION_PARADROP">
      <Text>Paradrop</Text>
    </Row>
    <Row Tag="TXT_KEY_MISSION_PARADROP_HELP">
      <Text>Belirlenen bir yere paradrop yapar. Görev durdurulabilir.</Text>
    </Row>
    <Row Tag="TXT_KEY_TURNS">
      <Text>Dönüsler</Text>
    </Row>
    <Row Tag="TXT_KEY_UPGRADE_ERROR_HELP">
      <Text>Üniteyi yükseltin.</Text>
    </Row>
    <Row Tag="TXT_KEY_UPGRADE_HELP">
      <Text>Birimi {TXT_KEY_GRAMMAR_A_AN &lt;&lt; {@1_UnitName}}'e yükseltin. Bunun için {2_Num} [ICON_GOLD] Altin gerekir.</Text>
    </Row>
    <Row Tag="TXT_KEY_SCRAP_HELP">
      <Text>Bölgenizde bu eylemi gerçeklestirmek {1_Num} [ICON_GOLD] Altin saglayacaktir.</Text>
    </Row>
    <Row Tag="TXT_KEY_UPGRADE_HELP_DISABLED_TERRITORY">
      <Text>Birliginizin yükseltme yapabilmesi için dost bölgede olmasi gerekir.</Text>
    </Row>
    <Row Tag="TXT_KEY_UPGRADE_HELP_DISABLED_CITY">
      <Text>Yükseltme yapabilmek için biriminizin bir sehirde olmasi gerekir.</Text>
    </Row>
    <Row Tag="TXT_KEY_UPGRADE_HELP_DISABLED_GOLD">
      <Text>Bu Birimi yükseltmek için gerekli kaynaga sahip degilsiniz.</Text>
    </Row>
    <Row Tag="TXT_KEY_UPGRADE_HELP_DISABLED_RESOURCES">
      <Text>Bu Birimi yükseltmek için {1_ResourcesString} gerekir.</Text>
    </Row>
    <Row Tag="TXT_KEY_UPGRADE_HELP_DISABLED_STACKING">
      <Text>Bu Birimi yükseltmek için bu birimi bos bir kareye tasimaniz gerekir.</Text>
    </Row>
    <Row Tag="TXT_KEY_AIR_PATROL_FOUND_NOTHING">
      <Text>Sizin {@1_UnitName} hava devriyeniz hiçbir direnisle karsilasmadi!</Text>
    </Row>
    <!-- Great People -->
    <Row Tag="TXT_KEY_GREAT_PERSON_ADAM_SMITH">
      <Text>Adam Smith</Text>
    </Row>
    <Row Tag="TXT_KEY_GREAT_PERSON_AL_KHWARIZMI">
      <Text>El-Harezmi</Text>
    </Row>
    <Row Tag="TXT_KEY_GREAT_PERSON_AL_KINDI">
      <Text>Al-Kindi</Text>
    </Row>
    <Row Tag="TXT_KEY_GREAT_PERSON_AL_RAZI">
      <Text>Al-Razi</Text>
    </Row>
    <Row Tag="TXT_KEY_GREAT_PERSON_ALBERT_EINSTEIN">
      <Text>Albert Einstein</Text>
    </Row>
    <Row Tag="TXT_KEY_GREAT_PERSON_ALEXANDER_GRAHM_BELL">
      <Text>Alexander Graham Bell</Text>
    </Row>
    <Row Tag="TXT_KEY_GREAT_PERSON_ALEXANDRE_GUSTAVE_EIFFEL">
      <Text>Alexandre Gustave Eiffel</Text>
    </Row>
    <Row Tag="TXT_KEY_GREAT_PERSON_ALHAZEN">
      <Text>Alhazen</Text>
    </Row>
    <Row Tag="TXT_KEY_GREAT_PERSON_AMIR_KHUSRO">
      <Text>Amir Khusro</Text>
    </Row>
    <Row Tag="TXT_KEY_GREAT_PERSON_ANDREI_SAKHAROV">
      <Text>Andrei Sakharov</Text>
    </Row>
    <Row Tag="TXT_KEY_GREAT_PERSON_ANDREW_CARNEGIE">
      <Text>Andrew Carnegie</Text>
    </Row>
    <Row Tag="TXT_KEY_GREAT_PERSON_ANTOINE_LAURENT_LAVOISIER">
      <Text>Antoine Laurent Lavoisier</Text>
    </Row>
    <Row Tag="TXT_KEY_GREAT_PERSON_ANTONY_VAN_DIEMEN">
      <Text>Anthony van Diemen</Text>
    </Row>
    <Row Tag="TXT_KEY_GREAT_PERSON_ANTONY_VAN_LEEUWENHOEK">
      <Text>Antony van Leeuwenhoek</Text>
    </Row>
    <Row Tag="TXT_KEY_GREAT_PERSON_ARCHIMEDES">
      <Text>Arsimet</Text>
    </Row>
    <Row Tag="TXT_KEY_GREAT_PERSON_ARETAS_III">
      <Text>Aretas III</Text>
    </Row>
    <Row Tag="TXT_KEY_GREAT_PERSON_ARISTOTLE">
      <Text>Aristoteles</Text>
    </Row>
    <Row Tag="TXT_KEY_GREAT_PERSON_ARYABHATA">
      <Text>Aryabhata</Text>
    </Row>
    <Row Tag="TXT_KEY_GREAT_PERSON_BENJAMIN_FRANKLIN">
      <Text>Benjamin Franklin</Text>
    </Row>
    <Row Tag="TXT_KEY_GREAT_PERSON_BI_SHENG">
      <Text>Bi Sheng</Text>
    </Row>
    <Row Tag="TXT_KEY_GREAT_PERSON_BLAISE_PASCAL">
      <Text>Blaise Pascal</Text>
    </Row>
    <Row Tag="TXT_KEY_GREAT_PERSON_CAI_LUN">
      <Text>Cai Lun</Text>
    </Row>
    <Row Tag="TXT_KEY_GREAT_PERSON_CARL_FRIEDRICH_GAUSS">
      <Text>Carl Friedrich Gauss</Text>
    </Row>
    <Row Tag="TXT_KEY_GREAT_PERSON_CHARLES_AUGUSTIN_DE_COULOMB">
      <Text>Charles Augustin de Coulomb</Text>
    </Row>
    <Row Tag="TXT_KEY_GREAT_PERSON_CHARLES_DARWIN">
      <Text>Charles Darwin</Text>
    </Row>
    <Row Tag="TXT_KEY_GREAT_PERSON_CHRISTOPHER_COLUMBUS">
      <Text>Kristof Kolomb</Text>
    </Row>
    <Row Tag="TXT_KEY_GREAT_PERSON_CLAUDE_MONET">
      <Text>Claude Monet</Text>
    </Row>
    <Row Tag="TXT_KEY_GREAT_PERSON_COCO_CHANEL">
      <Text>Coco Chanel</Text>
    </Row>
    <Row Tag="TXT_KEY_GREAT_PERSON_CORNELIUS_VANDERBILT">
      <Text>Cornelius Vanderbilt</Text>
    </Row>
    <Row Tag="TXT_KEY_GREAT_PERSON_DANTE_ALIGHIERI">
      <Text>Dante Alighieri</Text>
    </Row>
    <Row Tag="TXT_KEY_GREAT_PERSON_DU_FU">
      <Text>Du Fu</Text>
    </Row>
    <Row Tag="TXT_KEY_GREAT_PERSON_DUKE_ELLINGTON">
      <Text>Duke Ellington</Text>
    </Row>
    <Row Tag="TXT_KEY_GREAT_PERSON_DVORAK">
      <Text>Antonín Dvořák</Text>
    </Row>
    <Row Tag="TXT_KEY_GREAT_PERSON_ENRICO_DANDOLO">
      <Text>Enrico Dandolo</Text>
    </Row>
    <Row Tag="TXT_KEY_GREAT_PERSON_ENRICO_FERMI">
      <Text>Enrico Fermi</Text>
    </Row>
    <Row Tag="TXT_KEY_GREAT_PERSON_ERNEST_RUTHERFORD">
      <Text>Ernest Rutherford</Text>
    </Row>
    <Row Tag="TXT_KEY_GREAT_PERSON_EUCLID">
      <Text>Öklid</Text>
    </Row>
    <Row Tag="TXT_KEY_GREAT_PERSON_FERDINAND_DE_LESSEPS">
      <Text>Ferdinand de Lesseps</Text>
    </Row>
    <Row Tag="TXT_KEY_GREAT_PERSON_FERDINAND_MAGELLAN">
      <Text>Ferdinand Magellan</Text>
    </Row>
    <Row Tag="TXT_KEY_GREAT_PERSON_FRANCIS_BACON">
      <Text>Francis Bacon</Text>
    </Row>
    <Row Tag="TXT_KEY_GREAT_PERSON_FRANK_KAFKA">
      <Text>Frank Kafka</Text>
    </Row>
    <Row Tag="TXT_KEY_GREAT_PERSON_GALILEO_GALILEI">
      <Text>Galileo Galilei</Text>
    </Row>
    <Row Tag="TXT_KEY_GREAT_PERSON_GEORGE_WASHINGTON_GOETHALS">
      <Text>George Washington Goethals</Text>
    </Row>
    <Row Tag="TXT_KEY_GREAT_PERSON_GIOVANNI_DE_MEDICI">
      <Text>Giovanni de Medici</Text>
    </Row>
    <Row Tag="TXT_KEY_GREAT_PERSON_GOTTFRIED_LEIBNIZ">
      <Text>Gottfried Leibniz</Text>
    </Row>
    <Row Tag="TXT_KEY_GREAT_PERSON_GUGLIELMO_MARCONI">
      <Text>Guglielmo Marconi</Text>
    </Row>
    <Row Tag="TXT_KEY_GREAT_PERSON_HANNO">
      <Text>Hanno</Text>
    </Row>
    <Row Tag="TXT_KEY_GREAT_PERSON_HARKUF">
      <Text>Harkuf</Text>
    </Row>
    <Row Tag="TXT_KEY_GREAT_PERSON_HENRY_BESSEMER">
      <Text>Henry Bessemer</Text>
    </Row>
    <Row Tag="TXT_KEY_GREAT_PERSON_HENRY_FORD">
      <Text>Henry Ford</Text>
    </Row>
    <Row Tag="TXT_KEY_GREAT_PERSON_HERON">
      <Text>Balikçil</Text>
    </Row>
    <Row Tag="TXT_KEY_GREAT_PERSON_HOMER">
      <Text>Homer</Text>
    </Row>
    <Row Tag="TXT_KEY_GREAT_PERSON_HYPATIA">
      <Text>Hypatia</Text>
    </Row>
    <Row Tag="TXT_KEY_GREAT_PERSON_IBN_BATTUTA">
      <Text>Ibn Battuta</Text>
    </Row>
    <Row Tag="TXT_KEY_GREAT_PERSON_IBN_MUQLAH">
      <Text>Ibn Muklah</Text>
    </Row>
    <Row Tag="TXT_KEY_GREAT_PERSON_IMHOTEP">
      <Text>Imhotep</Text>
    </Row>
    <Row Tag="TXT_KEY_GREAT_PERSON_ISAAC_NEWTON">
      <Text>Isaac Newton</Text>
    </Row>
    <Row Tag="TXT_KEY_GREAT_PERSON_ISAMBARD_KINGDOM_BRUNEL">
      <Text>Isambard Kingdom Brunel</Text>
    </Row>
    <Row Tag="TXT_KEY_GREAT_PERSON_JACQUES_CARTIER">
      <Text>Jacques Cartier</Text>
    </Row>
    <Row Tag="TXT_KEY_GREAT_PERSON_JALAL_ALDIN_RUMI">
      <Text>Celaleddin Rumi</Text>
    </Row>
    <Row Tag="TXT_KEY_GREAT_PERSON_JAMES_CLERK_MAXWELL">
      <Text>James Clerk Maxwell</Text>
    </Row>
    <Row Tag="TXT_KEY_GREAT_PERSON_JAMES_COOK">
      <Text>James Cook</Text>
    </Row>
    <Row Tag="TXT_KEY_GREAT_PERSON_JAMES_WATT">
      <Text>James Watt</Text>
    </Row>
    <Row Tag="TXT_KEY_GREAT_PERSON_JOHANN_GOETHE">
      <Text>Johann Wolfgang von Goethe</Text>
    </Row>
    <Row Tag="TXT_KEY_GREAT_PERSON_JOHANNES_BRAHMS">
      <Text>Johannes Brahms</Text>
    </Row>
    <Row Tag="TXT_KEY_GREAT_PERSON_JOHANNES_KEPLER">
      <Text>Johannes Kepler</Text>
    </Row>
    <Row Tag="TXT_KEY_GREAT_PERSON_JOHANNES_VERMEER">
      <Text>Johannes Vermeer</Text>
    </Row>
    <Row Tag="TXT_KEY_GREAT_PERSON_JOHN_D_ROCKEFELLER">
      <Text>John D. Rockefeller</Text>
    </Row>
    <Row Tag="TXT_KEY_GREAT_PERSON_JOHN_DALTON">
      <Text>John Dalton</Text>
    </Row>
    <Row Tag="TXT_KEY_GREAT_PERSON_JOHN_MAYNARD_KEYNES">
      <Text>John Maynard Keynes</Text>
    </Row>
    <Row Tag="TXT_KEY_GREAT_PERSON_JOHN_ROEBLING">
      <Text>John Roebling</Text>
    </Row>
    <Row Tag="TXT_KEY_GREAT_PERSON_JOHN_STUART_MILL">
      <Text>John Stuart Mill</Text>
    </Row>
    <Row Tag="TXT_KEY_GREAT_PERSON_JOSEPH_CONRAD">
      <Text>Joseph Conrad</Text>
    </Row>
    <Row Tag="TXT_KEY_GREAT_PERSON_JOSEPH_MARIE_JACQUARD">
      <Text>Joseph Marie Jacquard</Text>
    </Row>
    <Row Tag="TXT_KEY_GREAT_PERSON_JS_BACH">
      <Text>J. S. Bach</Text>
    </Row>
    <Row Tag="TXT_KEY_GREAT_PERSON_KALIDAS">
      <Text>Kalidas</Text>
    </Row>
    <Row Tag="TXT_KEY_GREAT_PERSON_LEIF_ERICKSON">
      <Text>Leif Erickson</Text>
    </Row>
    <Row Tag="TXT_KEY_GREAT_PERSON_LEONARDO_DA_VINCI">
      <Text>Leonardo da Vinci</Text>
    </Row>
    <Row Tag="TXT_KEY_GREAT_PERSON_LI_PO">
      <Text>Li Po</Text>
    </Row>
    <Row Tag="TXT_KEY_GREAT_PERSON_LING_LUN">
      <Text>Ling Lun</Text>
    </Row>
    <Row Tag="TXT_KEY_GREAT_PERSON_LOUIS_ARMSTRONG">
      <Text>Louis Armstrong</Text>
    </Row>
    <Row Tag="TXT_KEY_GREAT_PERSON_LOUIS_DAGUERRE">
      <Text>Louis Daguerre</Text>
    </Row>
    <Row Tag="TXT_KEY_GREAT_PERSON_LOUIS_PASTEUR">
      <Text>Louis Pasteur</Text>
    </Row>
    <Row Tag="TXT_KEY_GREAT_PERSON_LUDWIG_VAN_BEETHOVEN">
      <Text>Ludwig van Beethoven</Text>
    </Row>
    <Row Tag="TXT_KEY_GREAT_PERSON_MARCO_POLO">
      <Text>Marco Polo</Text>
    </Row>
    <Row Tag="TXT_KEY_GREAT_PERSON_MARIE_CURIE">
      <Text>Marie Curie</Text>
    </Row>
    <Row Tag="TXT_KEY_GREAT_PERSON_MARK_TWAIN">
      <Text>Mark Twain</Text>
    </Row>
    <Row Tag="TXT_KEY_GREAT_PERSON_MERIT_PTAH">
      <Text>Merit Ptah</Text>
    </Row>
    <Row Tag="TXT_KEY_GREAT_PERSON_MICHAEL_FARADAY">
      <Text>Michael Faraday</Text>
    </Row>
    <Row Tag="TXT_KEY_GREAT_PERSON_MICHAELANGELO">
      <Text>Michaelangelo</Text>
    </Row>
    <Row Tag="TXT_KEY_GREAT_PERSON_MICHIEL_DE_RUYTER">
      <Text>Michiel de Ruyter</Text>
    </Row>
    <Row Tag="TXT_KEY_GREAT_PERSON_MIGUEL_DE_CERVANTES">
      <Text>Miguel de Cervantes</Text>
    </Row>
    <Row Tag="TXT_KEY_GREAT_PERSON_MIKHAIL_LOMONOSOV">
      <Text>Mikhail Lomonosov</Text>
    </Row>
    <Row Tag="TXT_KEY_GREAT_PERSON_MILES_DAVIS">
      <Text>Miles Davis</Text>
    </Row>
    <Row Tag="TXT_KEY_GREAT_PERSON_NABU_RIMANNI">
      <Text>Nabu-rimanni</Text>
    </Row>
    <Row Tag="TXT_KEY_GREAT_PERSON_NAIN_SINGH">
      <Text>Nain Singh</Text>
    </Row>
    <Row Tag="TXT_KEY_GREAT_PERSON_NICHOLA_TESLA">
      <Text>Nichola Tesla</Text>
    </Row>
    <Row Tag="TXT_KEY_GREAT_PERSON_NICOLAUS_COPERNICUS">
      <Text>Nicolaus Copernicus</Text>
    </Row>
    <Row Tag="TXT_KEY_GREAT_PERSON_NIELS_BOHR">
      <Text>Niels Bohr</Text>
    </Row>
    <Row Tag="TXT_KEY_GREAT_PERSON_NIKOLAUS_AUGUST_OTTO">
      <Text>Nikolaus August Otto</Text>
    </Row>
    <Row Tag="TXT_KEY_GREAT_PERSON_NOBERT_RILLIEUX">
      <Text>Norbert Rillieux</Text>
    </Row>
    <Row Tag="TXT_KEY_GREAT_PERSON_ORVILLE_WRIGHT">
      <Text>Orville Wright</Text>
    </Row>
    <Row Tag="TXT_KEY_GREAT_PERSON_PABLO_PICASSO">
      <Text>Pablo Picasso</Text>
    </Row>
    <Row Tag="TXT_KEY_GREAT_PERSON_PLATO">
      <Text>Platon</Text>
    </Row>
    <Row Tag="TXT_KEY_GREAT_PERSON_PTOLEMY">
      <Text>Batlamyus</Text>
    </Row>
    <Row Tag="TXT_KEY_GREAT_PERSON_PYTHEAS">
      <Text>Pytheas</Text>
    </Row>
    <Row Tag="TXT_KEY_GREAT_PERSON_RAJA_TODAR_MAL">
      <Text>Raja Todar Mal</Text>
    </Row>
    <Row Tag="TXT_KEY_GREAT_PERSON_RAPHAEL">
      <Text>Raphael</Text>
    </Row>
    <Row Tag="TXT_KEY_GREAT_PERSON_REMBRANDT">
      <Text>Rembrandt van Rijn</Text>
    </Row>
    <Row Tag="TXT_KEY_GREAT_PERSON_RENE_DESCARTES">
      <Text>Rene Descartes</Text>
    </Row>
    <Row Tag="TXT_KEY_GREAT_PERSON_ROSALIND_FRANKLIN">
      <Text>Rosalind Franklin</Text>
    </Row>
    <Row Tag="TXT_KEY_GREAT_PERSON_RRICHARD_WHITTINGTON">
      <Text>Richard Whittington</Text>
    </Row>
    <Row Tag="TXT_KEY_GREAT_PERSON_SHAH_JAHAN">
      <Text>Sah Cihan</Text>
    </Row>
    <Row Tag="TXT_KEY_GREAT_PERSON_SINAN">
      <Text>Sinan</Text>
    </Row>
    <Row Tag="TXT_KEY_GREAT_PERSON_SIR_ALEXANDER_MACKENZIE">
      <Text>Sir Alexander Mackenzie</Text>
    </Row>
    <Row Tag="TXT_KEY_GREAT_PERSON_SIR_THOMAS_ROE">
      <Text>Sir Thomas Roe</Text>
    </Row>
    <Row Tag="TXT_KEY_GREAT_PERSON_SOCRATES">
      <Text>Sokrates</Text>
    </Row>
    <Row Tag="TXT_KEY_GREAT_PERSON_THESPIS">
      <Text>Thespis</Text>
    </Row>
    <Row Tag="TXT_KEY_GREAT_PERSON_THOMAS_EDISON">
      <Text>Thomas Edison</Text>
    </Row>
    <Row Tag="TXT_KEY_GREAT_PERSON_TYCHO_BRAHE">
      <Text>Tycho Brahe</Text>
    </Row>
    <Row Tag="TXT_KEY_GREAT_PERSON_VALMIKI">
      <Text>Valmiki</Text>
    </Row>
    <Row Tag="TXT_KEY_GREAT_PERSON_VASCO_DA_GAMA">
      <Text>Vasco da Gama</Text>
    </Row>
    <Row Tag="TXT_KEY_GREAT_PERSON_VICTOR_HUGO">
      <Text>Victor Hugo</Text>
    </Row>
    <Row Tag="TXT_KEY_GREAT_PERSON_VINCENT_VAN_GOGH">
      <Text>Vincent van Gogh</Text>
    </Row>
    <Row Tag="TXT_KEY_GREAT_PERSON_VIRGIL">
      <Text>Virgil</Text>
    </Row>
    <Row Tag="TXT_KEY_GREAT_PERSON_WANG_ANSHI">
      <Text>Wang Anshi</Text>
    </Row>
    <Row Tag="TXT_KEY_GREAT_PERSON_WANG_XIZHI">
      <Text>Wang Xizhi</Text>
    </Row>
    <Row Tag="TXT_KEY_GREAT_PERSON_WERNER_HEISENBERG">
      <Text>Werner Heisenberg</Text>
    </Row>
    <Row Tag="TXT_KEY_GREAT_PERSON_WILBUR_WRIGHT">
      <Text>Wilbur Wright</Text>
    </Row>
    <Row Tag="TXT_KEY_GREAT_PERSON_WILHELM_SCHICKARD">
      <Text>Wilhelm Schickard</Text>
    </Row>
    <Row Tag="TXT_KEY_GREAT_PERSON_WILLIAM_SHAKESPEARE">
      <Text>William Shakespeare</Text>
    </Row>
    <Row Tag="TXT_KEY_GREAT_PERSON_WILLIAN_MORTON">
      <Text>William T. G. Morton</Text>
    </Row>
    <Row Tag="TXT_KEY_GREAT_PERSON_WOLFGANG_MOZART">
      <Text>Wolfgang Amadeus Mozart</Text>
    </Row>
    <Row Tag="TXT_KEY_GREAT_PERSON_XI_LING_SHI">
      <Text>Xi Ling Shi</Text>
    </Row>
    <Row Tag="TXT_KEY_GREAT_PERSON_YUNUS_EMRE">
      <Text>Yunus Emre</Text>
    </Row>
    <Row Tag="TXT_KEY_GREAT_PERSON_ZHANG_HENG">
      <Text>Zhang Heng</Text>
    </Row>
    <Row Tag="TXT_KEY_GREAT_PERSON_ZHANG_QIAN">
      <Text>Zhang Qian</Text>
    </Row>
    <Row Tag="TXT_KEY_GREAT_PERSON_ZHENG_HE">
      <Text>Zheng He</Text>
    </Row>
    <Row Tag="TXT_KEY_GREAT_PERSON_ZU_CHONGZHI">
      <Text>Zu Chongzhi</Text>
    </Row>
    <Row Tag="TXT_KEY_ACTION_SAVE">
      <Text>Kaydet</Text>
    </Row>
    <Row Tag="TXT_KEY_DEFAULT_GAMENAME">
      <Text>Benim Oyunum</Text>
    </Row>
    <Row Tag="TXT_KEY_DIPLOMACY">
      <Text>Diplomasiye Baslayin</Text>
    </Row>
    <Row Tag="TXT_KEY_ENTER_MINOR_CIV_LANDS_NO">
      <Text>Hayir, tekrar düsünelim.</Text>
    </Row>
    <Row Tag="TXT_KEY_ENTER_MINOR_CIV_LANDS_YES">
      <Text>Evet, devam edin!</Text>
    </Row>
    <Row Tag="TXT_KEY_FORCE_CONTROL_HANDICAP">
      <Text>Kuvvet Handikapi</Text>
    </Row>
    <Row Tag="TXT_KEY_FORCE_CONTROL_MAX_CITY_ELIMINATION">
      <Text>Force Max Sehir Eliminasyonu</Text>
    </Row>
    <Row Tag="TXT_KEY_FORCE_CONTROL_MAX_TURNS">
      <Text>Maksimum Dönüsleri Zorla</Text>
    </Row>
    <Row Tag="TXT_KEY_FORCE_CONTROL_OPTIONS">
      <Text>Oyun Seçeneklerini Zorla</Text>
    </Row>
    <Row Tag="TXT_KEY_FORCE_CONTROL_SPEED">
      <Text>Oyun Hizini Zorla</Text>
    </Row>
    <Row Tag="TXT_KEY_FORCE_CONTROL_VICTORIES">
      <Text>Kuvvet Zaferleri</Text>
    </Row>
    <Row Tag="TXT_KEY_GAME_WON">
      <Text>{1} bir {2} kazandi Zafer!!!</Text>
    </Row>
    <Row Tag="TXT_KEY_INFO_SCREEN">
      <Text>Bilgi Ekrani</Text>
    </Row>
    <Row Tag="TXT_KEY_INIT_ELAPSED_TIME">
      <Text>Bitirme</Text>
    </Row>
    <Row Tag="TXT_KEY_INTERFACEMODE_GRIP">
      <Text>Kavrama Modu</Text>
    </Row>
    <Row Tag="TXT_KEY_KEYBOARD_BACKSPACE">
      <Text>Backspace</Text>
    </Row>
    <Row Tag="TXT_KEY_KEYBOARD_CAPS_LOCK">
      <Text>Büyük harf kilidi</Text>
    </Row>
    <Row Tag="TXT_KEY_KEYBOARD_DELETE_KEY">
      <Text>Silme</Text>
    </Row>
    <Row Tag="TXT_KEY_KEYBOARD_DOWN_ARROW">
      <Text>Asagi Ok</Text>
    </Row>
    <Row Tag="TXT_KEY_KEYBOARD_END_KEY">
      <Text>Bitis Anahtari</Text>
    </Row>
    <Row Tag="TXT_KEY_KEYBOARD_ENTER">
      <Text>Girin</Text>
    </Row>
    <Row Tag="TXT_KEY_KEYBOARD_ESCAPE">
      <Text>Kaçis</Text>
    </Row>
    <Row Tag="TXT_KEY_KEYBOARD_HOME_KEY">
      <Text>Ev Anahtari</Text>
    </Row>
    <Row Tag="TXT_KEY_KEYBOARD_INSERT_KEY">
      <Text>Anahtar Yerlestir</Text>
    </Row>
    <Row Tag="TXT_KEY_KEYBOARD_LEFT_ALT_KEY">
      <Text>Sol Alt Tusu</Text>
    </Row>
    <Row Tag="TXT_KEY_KEYBOARD_LEFT_ARROW">
      <Text>Sol Ok</Text>
    </Row>
    <Row Tag="TXT_KEY_KEYBOARD_LEFT_CONTROL_KEY">
      <Text>Sol Kontrol Tusu</Text>
    </Row>
    <Row Tag="TXT_KEY_KEYBOARD_LEFT_SHIFT_KEY">
      <Text>Sol Shift Tusu</Text>
    </Row>
    <Row Tag="TXT_KEY_KEYBOARD_NUM_LOCK">
      <Text>Num Kilidi</Text>
    </Row>
    <Row Tag="TXT_KEY_KEYBOARD_NUM_PAD_STAR">
      <Text>Numara Pedi *</Text>
    </Row>
    <Row Tag="TXT_KEY_KEYBOARD_NUMPAD_COMMA">
      <Text>Numpad ,</Text>
    </Row>
    <Row Tag="TXT_KEY_KEYBOARD_NUMPAD_ENTER_KEY">
      <Text>Numpad Giris Tusu</Text>
    </Row>
    <Row Tag="TXT_KEY_KEYBOARD_NUMPAD_EQUALS">
      <Text>Numpad =</Text>
    </Row>
    <Row Tag="TXT_KEY_KEYBOARD_NUMPAD_MINUS">
      <Text>Numpad Eksi</Text>
    </Row>
    <Row Tag="TXT_KEY_KEYBOARD_NUMPAD_NUMBER">
      <Text>Numpad {1_Num}</Text>
    </Row>
    <Row Tag="TXT_KEY_KEYBOARD_NUMPAD_NUMBER1">
      <Text>Numpad 1</Text>
    </Row>
    <Row Tag="TXT_KEY_KEYBOARD_NUMPAD_NUMBER2">
      <Text>Numpad 2</Text>
    </Row>
    <Row Tag="TXT_KEY_KEYBOARD_NUMPAD_NUMBER3">
      <Text>Numpad 3</Text>
    </Row>
    <Row Tag="TXT_KEY_KEYBOARD_NUMPAD_NUMBER4">
      <Text>Numpad 4</Text>
    </Row>
    <Row Tag="TXT_KEY_KEYBOARD_NUMPAD_NUMBER5">
      <Text>Numpad 5</Text>
    </Row>
    <Row Tag="TXT_KEY_KEYBOARD_NUMPAD_NUMBER6">
      <Text>Numpad 6</Text>
    </Row>
    <Row Tag="TXT_KEY_KEYBOARD_NUMPAD_NUMBER7">
      <Text>Numpad 7</Text>
    </Row>
    <Row Tag="TXT_KEY_KEYBOARD_NUMPAD_NUMBER8">
      <Text>Numpad 8</Text>
    </Row>
    <Row Tag="TXT_KEY_KEYBOARD_NUMPAD_NUMBER9">
      <Text>Numpad 9</Text>
    </Row>
    <Row Tag="TXT_KEY_KEYBOARD_NUMPAD_NUMBER0">
      <Text>Numpad 0</Text>
    </Row>
    <Row Tag="TXT_KEY_KEYBOARD_NUMPAD_PERIOD">
      <Text>Numpad .</Text>
    </Row>
    <Row Tag="TXT_KEY_KEYBOARD_NUMPAD_PLUS">
      <Text>Numpas Plus</Text>
    </Row>
    <Row Tag="TXT_KEY_KEYBOARD_NUMPAD_SLASH">
      <Text>Numpad \</Text>
    </Row>
    <Row Tag="TXT_KEY_KEYBOARD_PAGE_DOWN">
      <Text>Sayfa Asagi</Text>
    </Row>
    <Row Tag="TXT_KEY_KEYBOARD_PAGE_UP">
      <Text>Sayfa Yukari</Text>
    </Row>
    <Row Tag="TXT_KEY_KEYBOARD_PAUSE_KEY">
      <Text>Duraklatma Tusu</Text>
    </Row>
    <Row Tag="TXT_KEY_KEYBOARD_RIGHT_ALT_KEY">
      <Text>Sag Alt Tus</Text>
    </Row>
    <Row Tag="TXT_KEY_KEYBOARD_RIGHT_ARROW">
      <Text>Sag Ok</Text>
    </Row>
    <Row Tag="TXT_KEY_KEYBOARD_RIGHT_CONTROL_KEY">
      <Text>Sag Kontrol Tusu</Text>
    </Row>
    <Row Tag="TXT_KEY_KEYBOARD_RIGHT_SHIFT_KEY">
      <Text>Sag Shift Tusu</Text>
    </Row>
    <Row Tag="TXT_KEY_KEYBOARD_SCROLL_KEY">
      <Text>Kaydirma Tusu</Text>
    </Row>
    <Row Tag="TXT_KEY_KEYBOARD_SPACE_KEY">
      <Text>Uzay Anahtari</Text>
    </Row>
    <Row Tag="TXT_KEY_KEYBOARD_SYSRQ">
      <Text>SYSRQ</Text>
    </Row>
    <Row Tag="TXT_KEY_KEYBOARD_UP_ARROW">
      <Text>Yukari Ok</Text>
    </Row>
    <Row Tag="TXT_KEY_KEYBOARD_VOLUME_DOWN">
      <Text>Ses Kisma</Text>
    </Row>
    <Row Tag="TXT_KEY_KEYBOARD_VOLUME_UP">
      <Text>Ses Açma</Text>
    </Row>
    <Row Tag="TXT_KEY_CTRL">
      <Text>Ctrl-</Text>
    </Row>
    <Row Tag="TXT_KEY_SHIFT">
      <Text>Vardiya-</Text>
    </Row>
    <Row Tag="TXT_KEY_ALT">
      <Text>Alt-</Text>
    </Row>
    <Row Tag="TXT_KEY_MAIN_MENU">
      <Text>Ana Menüyü Aç</Text>
    </Row>
    <Row Tag="TXT_KEY_MEMORY_HIRED_TRADE_EMBARGO">
      <Text>"Bize karsi bir ticaret ambargosunu müzakere ettiniz!"</Text>
    </Row>
    <Row Tag="TXT_KEY_MEMORY_HIRED_WAR_ALLY">
      <Text>"Bize karsi bir savas müttefiki getirdiniz!"</Text>
    </Row>
    <Row Tag="TXT_KEY_MISC_COMPLETES_PROJECT">
      <Text>{1_PlyrName} tamamlar {@2_PrjctName}!</Text>
    </Row>
    <Row Tag="TXT_KEY_MISC_CONSTRUCTED_BUILD_IN_LIMITED">
      <Text>{@1_BldgName}'ü {@2_CityName} içinde insa ettiniz.</Text>
    </Row>
    <Row Tag="TXT_KEY_MISC_CREATED_PROJECT_IN_LIMITED">
      <Text>{@2_CityName} içinde {@1_PrjctName} olusturdunuz.</Text>
    </Row>
    <Row Tag="TXT_KEY_MISC_DEFEAT">
      <Text>Yenildiniz!!!</Text>
    </Row>
    <Row Tag="TXT_KEY_MISC_PLAYERS_SIGN_DEFENSIVE_PACT">
      <Text>{1}, {2} ile savunma anlasmasi imzaladi</Text>
    </Row>
    <Row Tag="TXT_KEY_MISC_RELOAD">
      <Text>Oturum {1_number} baslar</Text>
    </Row>
    <Row Tag="TXT_KEY_MISC_TIME_SPENT">
      <Text>Harcanan zaman: {1} saat, {2} dakika</Text>
    </Row>
    <Row Tag="TXT_KEY_MISC_TRAINED_UNIT_IN_LIMITED">
      <Text>{@1_UnitName}'ü {@2_CityName}'te egittiniz.</Text>
    </Row>
    <Row Tag="TXT_KEY_MISC_WORK_HAS_BEGUN_LIMITED">
      <Text>[SPACE]Simdi {@1_ProdName} üzerinde çalismaya baslanmistir.</Text>
    </Row>
    <Row Tag="TXT_KEY_MISC_YOU_MADE_PEACE_WITH">
      <Text>{1_TeamName} ile baris yaptiniz!</Text>
    </Row>
    <Row Tag="TXT_KEY_MP_OPTION_SIMULTANEOUS_TURNS_HELP">
      <Text>Tüm medeniyetler ayni anda dönüslerini gerçeklestirir</Text>
    </Row>
    <Row Tag="TXT_KEY_MP_OPTION_TAKEOVER_AI_HELP">
      <Text>Oyuncular istedikleri zaman bir yapay zeka uygarliginin slotuna "hot-join" yapabilirler</Text>
    </Row>
    <Row Tag="TXT_KEY_MP_OPTION_TURN_TIMER_HELP">
      <Text>Dönüsler, en büyük uygarligin büyüklügüne göre ölçeklenen bir zamanlayici ile sinirlidir</Text>
    </Row>
    <Row Tag="TXT_KEY_POPUP_ARE_YOU_SURE">
      <Text>Emin misin?</Text>
    </Row>
    <Row Tag="TXT_KEY_POPUP_GAME_DETAILS">
      <Text>Oyun Detaylari</Text>
    </Row>
    <Row Tag="TXT_KEY_TURNTIMER_BLAZING">
      <Text>Yaniyor!!!</Text>
    </Row>
    <Row Tag="TXT_KEY_TURNTIMER_SNAIL">
      <Text>Salyangoz</Text>
    </Row>
    <Row Tag="TXT_KEY_TURNTIMER_STATIC">
      <Text>Statik</Text>
    </Row>
    <Row Tag="TXT_KEY_USER_GAMENAME">
      <Text>'s Game</Text>
    </Row>
    <Row Tag="TXT_KEY_MISC_YOU_DECLARED_WAR_ON">
      <Text>{1_TeamName}'ye savas ilan ettiniz!</Text>
    </Row>
    <Row Tag="TXT_KEY_MISSION_PILLAGE_HELP">
      <Text>Bu karedeki bir iyilestirme veya rota onarilana kadar kullanilamaz. Bir iyilestirmeyi yagmalamak [ICON_GOLD] Altin kazandirir ve biriminizi 25 puan iyilestirir.</Text>
    </Row>
    <Row Tag="TXT_KEY_TERRAIN_COAST">
      <Text>Sahil</Text>
    </Row>
    <Row Tag="TXT_KEY_UNITCOMBAT_ARCHER">
      <Text>Okçuluk Birimleri</Text>
    </Row>
    <Row Tag="TXT_KEY_UNITCOMBAT_GUN">
      <Text>Barut Üniteleri</Text>
    </Row>
    <Row Tag="TXT_KEY_UNITCOMBAT_HELICOPTER">
      <Text>Helikopter Birimleri</Text>
    </Row>
    <Row Tag="TXT_KEY_UNITCOMBAT_MELEE">
      <Text>Yakin Dövüs Birimleri</Text>
    </Row>
    <Row Tag="TXT_KEY_UNITCOMBAT_RECON">
      <Text>Kesif Birimleri</Text>
    </Row>
    <Row Tag="TXT_KEY_MISC_SOMEONE_CIRC_GLOBE">
      <Text>{1_PlyrName} dünyanin yuvarlak oldugunu kanitladi!</Text>
    </Row>
    <Row Tag="TXT_KEY_MISC_YOU_CIRC_GLOBE">
      <Text>Haritalariniz dünyanin yuvarlak oldugunu kanitladi! Gemileriniz bir {1_Change} alir Hareket bonusu.</Text>
    </Row>
    <Row Tag="TXT_KEY_PLAYER_OPTION_QUICK_MOVES_HELP">
      <Text>Oyuncunun tüm hareketleri hizlandirilir</Text>
    </Row>
    <Row Tag="TXT_KEY_ACTION_AUTOMATE_BUILD">
      <Text>Yapi Iyilestirmeleri (Otomatik)</Text>
    </Row>
    <Row Tag="TXT_KEY_ACTION_AUTOMATE_EXPLORE">
      <Text>Kesfet (Otomatik)</Text>
    </Row>
    <Row Tag="TXT_KEY_ACTION_AUTOMOVES">
      <Text>Tüm Otomatik Hareketleri Tetikler</Text>
    </Row>
    <Row Tag="TXT_KEY_ACTION_BARE_MAP">
      <Text>Ciplak Haritayi Aç / Kapat</Text>
    </Row>
    <Row Tag="TXT_KEY_ACTION_CENTER_SELECTION">
      <Text>Seçim Merkezi</Text>
    </Row>
    <Row Tag="TXT_KEY_ACTION_CYCLE_CAMERA_FLYING_MODES">
      <Text>Cevrim Kamerasi Uçus Modlari</Text>
    </Row>
    <Row Tag="TXT_KEY_ACTION_CYCLE_UNITS">
      <Text>Döngü Birimleri</Text>
    </Row>
    <Row Tag="TXT_KEY_ACTION_CYCLE_UNITS_ALT">
      <Text>Cevrim Birimleri (Alt)</Text>
    </Row>
    <Row Tag="TXT_KEY_ACTION_CYCLE_WORKERS">
      <Text>Bisiklet Üreticileri</Text>
    </Row>
    <Row Tag="TXT_KEY_ACTION_ENDTURN">
      <Text>Dönüs Sonu</Text>
    </Row>
    <Row Tag="TXT_KEY_ACTION_ENDTURN_ALT">
      <Text>Dönüs Sonu (Alt)</Text>
    </Row>
    <Row Tag="TXT_KEY_ACTION_FLYING_CAMERA">
      <Text>Uçan Kamerayi Degistir</Text>
    </Row>
    <Row Tag="TXT_KEY_ACTION_FORCE_ENDTURN">
      <Text>Dönüs Sonunu Zorla</Text>
    </Row>
    <Row Tag="TXT_KEY_ACTION_GRID">
      <Text>Dösemeleri Göster'i aç / kapat</Text>
    </Row>
    <Row Tag="TXT_KEY_ACTION_ISOMETRIC_CAMERA_LEFT">
      <Text>Kamerayi 45 Derece Sola Cevirin</Text>
    </Row>
    <Row Tag="TXT_KEY_ACTION_ISOMETRIC_CAMERA_RIGHT">
      <Text>Kamerayi 45 Derece Saga Cevirin</Text>
    </Row>
    <Row Tag="TXT_KEY_ACTION_LASTUNIT">
      <Text>Cevrim Üniteleri (Geriye Dogru)</Text>
    </Row>
    <Row Tag="TXT_KEY_ACTION_LOAD">
      <Text>Yük</Text>
    </Row>
    <Row Tag="TXT_KEY_ACTION_LOAD_GAME">
      <Text>Oyun Yükle</Text>
    </Row>
    <Row Tag="TXT_KEY_ACTION_MOUSE_FLYING_CAMERA">
      <Text>Uçan Kamera Faresinin Kilidini Aç</Text>
    </Row>
    <Row Tag="TXT_KEY_ACTION_NEXT_CITY">
      <Text>Sonraki Sehir</Text>
    </Row>
    <Row Tag="TXT_KEY_ACTION_NEXT_UNIT">
      <Text>Sonraki Birim</Text>
    </Row>
    <Row Tag="TXT_KEY_ACTION_OPTIONS_SCREEN">
      <Text>Seçenekler Ekrani</Text>
    </Row>
    <Row Tag="TXT_KEY_ACTION_ORTHO_CAMERA">
      <Text>Ortografik Kamera</Text>
    </Row>
    <Row Tag="TXT_KEY_ACTION_PING">
      <Text>Ping</Text>
    </Row>
    <Row Tag="TXT_KEY_ACTION_PREVIOUS_CITY">
      <Text>Önceki Sehir</Text>
    </Row>
    <Row Tag="TXT_KEY_ACTION_PREVIOUS_UNIT">
      <Text>Önceki Birim</Text>
    </Row>
    <Row Tag="TXT_KEY_ACTION_QUICK_LOAD">
      <Text>Hizli Yükleme Oyunu</Text>
    </Row>
    <Row Tag="TXT_KEY_ACTION_QUICK_SAVE">
      <Text>Hizli Kaydetme Oyunu</Text>
    </Row>
    <Row Tag="TXT_KEY_ACTION_RESOURCE_ALL">
      <Text>Tüm Kaynak Ekranini Göster'i Aç / Kapat</Text>
    </Row>
    <Row Tag="TXT_KEY_ACTION_RETIRE">
      <Text>Oyundan emekli olun</Text>
    </Row>
    <Row Tag="TXT_KEY_ACTION_SAVE_GROUP">
      <Text>Oyunu Kaydet (Grup)</Text>
    </Row>
    <Row Tag="TXT_KEY_ACTION_SAVE_NORMAL">
      <Text>Oyunu Kaydet</Text>
    </Row>
    <Row Tag="TXT_KEY_ACTION_SCORES">
      <Text>Skor Ekranini Degistir</Text>
    </Row>
    <Row Tag="TXT_KEY_ACTION_SELECT_CAPITAL">
      <Text>Select Capital</Text>
    </Row>
    <Row Tag="TXT_KEY_ACTION_SELECT_CITY">
      <Text>Sehir Seçiniz</Text>
    </Row>
    <Row Tag="TXT_KEY_ACTION_SELECT_UNIT_ALL">
      <Text>Tüm Birimleri Seçin</Text>
    </Row>
    <Row Tag="TXT_KEY_ACTION_SELECT_UNIT_TYPE">
      <Text>Tüm Birimleri Seçin (Ayni Tip)</Text>
    </Row>
    <Row Tag="TXT_KEY_ACTION_SHOW_POLICIES_SCREEN">
      <Text>Politikalari Degistirin</Text>
    </Row>
    <Row Tag="TXT_KEY_ACTION_TOP_DOWN_CAMERA">
      <Text>Kameranin Yukaridan Asagi Görünümünü Degistir</Text>
    </Row>
    <Row Tag="TXT_KEY_ACTION_YIELDS">
      <Text>Verim Ekranini Degistir</Text>
    </Row>
    <Row Tag="TXT_KEY_ATTITUDE_ANNOYED">
      <Text>Sinirli</Text>
    </Row>
    <Row Tag="TXT_KEY_ATTITUDE_CAUTIOUS">
      <Text>Temkinli</Text>
    </Row>
    <Row Tag="TXT_KEY_ATTITUDE_FRIENDLY">
      <Text>Dostça</Text>
    </Row>
    <Row Tag="TXT_KEY_ATTITUDE_FURIOUS">
      <Text>Öfkeli</Text>
    </Row>
    <Row Tag="TXT_KEY_ATTITUDE_PLEASED">
      <Text>Memnuniyetle</Text>
    </Row>
    <Row Tag="TXT_KEY_CHAT_LOG">
      <Text>Sohbet Günlügü</Text>
    </Row>
    <Row Tag="TXT_KEY_CHOOSE_RELIGION_TO_ADOPT">
      <Text>Imparatorlugunuzun Tapinagini tamamlayarak artik bir Devlet Dini benimseyebilirsiniz!</Text>
    </Row>
    <Row Tag="TXT_KEY_CITY">
      <Text>Sehir</Text>
    </Row>
    <Row Tag="TXT_KEY_CLIMATE_ARID">
      <Text>Kurak</Text>
    </Row>
    <Row Tag="TXT_KEY_CLIMATE_COLD">
      <Text>Soguk</Text>
    </Row>
    <Row Tag="TXT_KEY_CLIMATE_ROCKY">
      <Text>Rocky</Text>
    </Row>
    <Row Tag="TXT_KEY_CLIMATE_TEMPERATE">
      <Text>Iliman</Text>
    </Row>
    <Row Tag="TXT_KEY_CLIMATE_TROPICAL">
      <Text>Tropikal</Text>
    </Row>
    <Row Tag="TXT_KEY_COMBAT_PLOT_EXTRA_STRENGTH">
      <Text>[ICON_BULLET]{1_Resource}% Güç</Text>
    </Row>
    <Row Tag="TXT_KEY_COMBAT_PLOT_FORTIFY_MOD">
      <Text>[ICON_BULLET]{1_Resource}% Birim Güçlendirme'den</Text>
    </Row>
    <Row Tag="TXT_KEY_COMBAT_PLOT_HILLS_MOD">
      <Text>[ICON_BULLET]{1_Resource}% Tepelerden (Birim Yetenegi)</Text>
    </Row>
    <Row Tag="TXT_KEY_COMBAT_PLOT_MOD_VS_TYPE">
      <Text>[ICON_BULLET]{1_Resource}% vs. {2_Type}</Text>
    </Row>
    <Row Tag="TXT_KEY_COMBAT_PLOT_TILE_MOD">
      <Text>[ICON_BULLET]{1_Resource}% Karo Savunmasindan</Text>
    </Row>
    <Row Tag="TXT_KEY_COMBAT_PLOT_UNIT_MOD">
      <Text>[ICON_BULLET]{1_Resource}% from {2_TerrOrFeat} (Birim Yetenegi)</Text>
    </Row>
    <Row Tag="TXT_KEY_COMMAND_AUTOMATE">
      <Text>Birimi Otomatiklestirin</Text>
    </Row>
    <Row Tag="TXT_KEY_COMMAND_CANCEL">
      <Text>Son Görevi Iptal Et</Text>
    </Row>
    <Row Tag="TXT_KEY_COMMAND_CANCEL_ALL">
      <Text>Tüm Görevleri Iptal Et</Text>
    </Row>
    <Row Tag="TXT_KEY_COMMAND_DELETE">
      <Text>[COLOR_WARNING_TEXT]Birimi Sil[ENDCOLOR]</Text>
    </Row>
    <Row Tag="TXT_KEY_COMMAND_GIFT">
      <Text>Birimi Hediye Edin</Text>
    </Row>
    <Row Tag="TXT_KEY_COMMAND_PROMOTION">
      <Text>Birim Tanitimi</Text>
    </Row>
    <Row Tag="TXT_KEY_COMMAND_STOP_AUTOMATION">
      <Text>Otomasyonu Durdurun</Text>
    </Row>
    <Row Tag="TXT_KEY_COMMAND_UPGRADE">
      <Text>Yükseltme Birimi</Text>
    </Row>
    <Row Tag="TXT_KEY_COMMAND_WAKE">
      <Text>Birimi Uyandirin</Text>
    </Row>
    <Row Tag="TXT_KEY_MP_OPTION_ALWAYS_PEACE">
      <Text>Daima Baris</Text>
    </Row>
    <Row Tag="TXT_KEY_MP_OPTION_ALWAYS_PEACE_HELP">
      <Text>Oyuncularin birbirleriyle savasmasina izin verilmez.</Text>
    </Row>
    <Row Tag="TXT_KEY_GAME_OPTION_ALWAYS_WAR">
      <Text>Daima Savas</Text>
    </Row>
    <Row Tag="TXT_KEY_GAME_OPTION_ALWAYS_WAR_HELP">
      <Text>Oyuncular birbirleriyle savasa baslar ve barisa gidemezler.</Text>
    </Row>
    <Row Tag="TXT_KEY_GAME_OPTION_COMPLETE_KILLS">
      <Text>Tam Öldürmeler</Text>
    </Row>
    <Row Tag="TXT_KEY_GAME_OPTION_COMPLETE_KILLS_HELP">
      <Text>Bir oyuncunun oyundan elenmesi için tüm Sehirlerinin VE Birimlerinin yok edilmesi gerekir.</Text>
    </Row>
    <Row Tag="TXT_KEY_GAME_OPTION_LOCK_MODS">
      <Text>Kilit Modlari</Text>
    </Row>
    <Row Tag="TXT_KEY_GAME_OPTION_LOCK_MODS_HELP">
      <Text>Modlar aktifken bu oyunun yüklenmesini engeller. Rekabetçi oyunlar için kullanislidir.</Text>
    </Row>
    <Row Tag="TXT_KEY_GAME_OPTION_NEW_RANDOM_SEED">
      <Text>Yeni Rastgele Tohum</Text>
    </Row>
    <Row Tag="TXT_KEY_GAME_OPTION_NEW_RANDOM_SEED_HELP">
      <Text>Oyun her yüklendiginde, rastgele sayi tohumu yeniden olusturulur. Bu, yüklemeden sonra saldirirsaniz, ilk oynadiginizdan farkli bir sonuç alabileceginiz anlamina gelir.</Text>
    </Row>
    <Row Tag="TXT_KEY_GAME_OPTION_NO_BARBARIANS">
      <Text>Barbarlar Yok</Text>
    </Row>
    <Row Tag="TXT_KEY_GAME_OPTION_NO_BARBARIANS_HELP">
      <Text>Barbarlar ve Kamplari haritada görünmez.</Text>
    </Row>
    <Row Tag="TXT_KEY_GAME_OPTION_NO_CHANGING_WAR_PEACE">
      <Text>Kalici Savas veya Baris</Text>
    </Row>
    <Row Tag="TXT_KEY_GAME_OPTION_NO_CHANGING_WAR_PEACE_HELP">
      <Text>Oyun hangi savas veya baris durumuyla baslarsa baslasin, oyuncular oyun basladiktan sonra degisemez. Dünya Savasi gibi modlar için kullanislidir.</Text>
    </Row>
    <Row Tag="TXT_KEY_GAME_OPTION_NO_CITY_RAZING">
      <Text>Sehir Yikimi Yok</Text>
    </Row>
    <Row Tag="TXT_KEY_GAME_OPTION_NO_CITY_RAZING_HELP">
      <Text>Oyuncularin sehirleri ele geçirdikten sonra yakip yikmalarina izin verilmez.</Text>
    </Row>
    <Row Tag="TXT_KEY_GAME_OPTION_NO_GOODY_HUTS">
      <Text>Antik Kalinti Yok</Text>
    </Row>
    <Row Tag="TXT_KEY_GAME_OPTION_NO_GOODY_HUTS_HELP">
      <Text>Kadim Harabeler haritada görünmez.</Text>
    </Row>
    <Row Tag="TXT_KEY_GAME_OPTION_ONE_CITY_CHALLENGE">
      <Text>Tek Sehir Mücadelesi</Text>
    </Row>
    <Row Tag="TXT_KEY_GAME_OPTION_ONE_CITY_CHALLENGE_HELP">
      <Text>INSAN oyuncularin yalnizca bir sehir insa etmesine veya sahip olmasina izin verilir.</Text>
    </Row>
    <Row Tag="TXT_KEY_GAME_OPTION_PERMANENT_ALLIANCES">
      <Text>Kalici Ittifaklar</Text>
    </Row>
    <Row Tag="TXT_KEY_GAME_OPTION_PERMANENT_ALLIANCES_HELP">
      <Text>Oyuncular birbirleriyle oyun boyu kalici ittifaklar kurarak ortak zafere ulasabilirler.</Text>
    </Row>
    <Row Tag="TXT_KEY_GAME_OPTION_RAGING_BARBARIANS">
      <Text>Öfkeli Barbarlar</Text>
    </Row>
    <Row Tag="TXT_KEY_GAME_OPTION_RAGING_BARBARIANS_HELP">
      <Text>Barbarlarin ortaya çikma orani büyük ölçüde artirildi.</Text>
    </Row>
    <Row Tag="TXT_KEY_GAME_OPTION_RANDOM_PERSONALITIES">
      <Text>Rastgele Kisilikler</Text>
    </Row>
    <Row Tag="TXT_KEY_GAME_OPTION_RANDOM_PERSONALITIES_HELP">
      <Text>Normalde yaptiklari gibi davranmak yerine, her AI lideri için rastgele bir kisilik seçilecek ve bu da oyunu daha öngörülemez hale getirecek.</Text>
    </Row>
    <Row Tag="TXT_KEY_GAME_OPTION_POLICY_SAVING">
      <Text>Politika Kaydetmeye Izin Ver</Text>
    </Row>
    <Row Tag="TXT_KEY_GAME_OPTION_POLICY_SAVING_HELP">
      <Text>Oyuncular hemen seçim yapmak yerine bir Sosyal Politika seçmeyi daha sonraya erteleyebilirler.</Text>
    </Row>
    <Row Tag="TXT_KEY_GAME_OPTION_PROMOTION_SAVING">
      <Text>Promosyon Tasarrufuna Izin Ver</Text>
    </Row>
    <Row Tag="TXT_KEY_GAME_OPTION_PROMOTION_SAVING_HELP">
      <Text>Oyuncular bir Birim Terfisini hemen seçmek yerine daha sonraya ertelemeyi tercih edebilirler.</Text>
    </Row>
    <Row Tag="TXT_KEY_GAME_OPTION_DISABLE_START_BIAS">
      <Text>Baslangiç Egilimini Devre Disi Birak</Text>
    </Row>
    <Row Tag="TXT_KEY_GAME_OPTION_DISABLE_START_BIAS_HELP">
      <Text>Uygarliklarin belirli harita kosullariyla eslestirilmesini devre disi birakir. Baslangiçlar tamamen rastgele olacaktir.</Text>
    </Row>
    <Row Tag="TXT_KEY_GAME_OPTION_NO_SCIENCE">
      <Text>Arastirmayi Devre Disi Birak</Text>
    </Row>
    <Row Tag="TXT_KEY_GAME_OPTION_NO_SCIENCE_HELP">
      <Text>Arastirma sistemini devre disi birakir. Medeniyetler baslangiç teknoloji seviyesinde kilitlenir.</Text>
    </Row>
    <Row Tag="TXT_KEY_GAME_OPTION_NO_POLICIES">
      <Text>Politikalari Devre Disi Birak</Text>
    </Row>
    <Row Tag="TXT_KEY_GAME_OPTION_NO_POLICIES_HELP">
      <Text>Politika sistemini devre disi birakir. Oyunda hiçbir politika verilmez.</Text>
    </Row>
    <Row Tag="TXT_KEY_GAME_OPTION_NO_HAPPINESS">
      <Text>Mutlulugu Devre Disi Birak</Text>
    </Row>
    <Row Tag="TXT_KEY_GAME_OPTION_NO_HAPPINESS_HELP">
      <Text>Mutluluktan ceza ya da fayda yok.</Text>
    </Row>
    <Row Tag="TXT_KEY_GAME_OPTION_NO_TUTORIAL">
      <Text>Ögretici Açilir Pencerelerini Devre Disi Birak</Text>
    </Row>
    <Row Tag="TXT_KEY_GAME_OPTION_NO_TUTORIAL_HELP">
      <Text>Oyun süresince ögretici açilir pencereleri devre disi birakir.</Text>
    </Row>
    <Row Tag="TXT_KEY_GOODY_BARBARIANS">
      <Text>Pusuda bekleyen hain Barbarlar var!</Text>
    </Row>
    <Row Tag="TXT_KEY_GOODY_EXPERIENCE">
      <Text>Kalintilari kesfetmek, Biriminize yeni savas egitimi saglayan eski yazitlari ortaya çikarir!</Text>
    </Row>
    <Row Tag="TXT_KEY_GOODY_GOLD">
      <Text>Harabelerde eski bir imparatorlugun hazinelerini bulacaksiniz! {1_Num} [ICON_GOLD] Altin kazandiniz!</Text>
    </Row>
    <Row Tag="TXT_KEY_GOODY_HEALING">
      <Text>Kalintilar arasinda, Biriminizin yaralilarini iyilestirmek için kullandigi eski ilaçlar buluyorsunuz.</Text>
    </Row>
    <Row Tag="TXT_KEY_GOODY_MAP">
      <Text>Cevredeki alani özetleyen kabaca çizilmis bir harita kesfediyorsunuz!</Text>
    </Row>
    <Row Tag="TXT_KEY_GOODY_SCOUT">
      <Text>Kalintilar arasinda hayatta kalanlari buluyorsunuz ve bunlar imparatorlugunuza izci olarak katilmayi kabul ediyor!</Text>
    </Row>
    <Row Tag="TXT_KEY_GOODY_SETTLER">
      <Text>Yikintilar arasinda hayatta kalanlar buluyorsunuz ve bunlar Yerlesimci olarak imparatorlugunuza katilmayi kabul ediyor!</Text>
    </Row>
    <Row Tag="TXT_KEY_GOODY_TECH">
      <Text>Harabelerde kesfedilenler ileri bir teknolojinin sirlaridir!</Text>
    </Row>
    <Row Tag="TXT_KEY_GOODY_WARRIOR">
      <Text>Uygarliginiza katilmak isteyen bir grup Savasçi buluyorsunuz!</Text>
    </Row>
    <Row Tag="TXT_KEY_GOODY_WORKER">
      <Text>Yikintilar arasinda hayatta kalanlari buluyorsunuz ve onlar da Isçi olarak imparatorlugunuza katilmayi kabul ediyorlar!</Text>
    </Row>
    <Row Tag="TXT_KEY_HURRY_GOLD">
      <Text>Bir Sehirde Üretimi Tamamlamak için Altin Harcayabilir</Text>
    </Row>
    <Row Tag="TXT_KEY_HURRY_POPULATION">
      <Text>Bir Sehirdeki Üretimi Tamamlamak Için Nüfusu Feda Edebilir</Text>
    </Row>
    <Row Tag="TXT_KEY_INTERFACEMODE_AIRLIFT">
      <Text>Hava Ikmal Modu</Text>
    </Row>
    <Row Tag="TXT_KEY_INTERFACEMODE_AIRSTRIKE">
      <Text>Hava Saldirisi Modu</Text>
    </Row>
    <Row Tag="TXT_KEY_INTERFACEMODE_CITY_PLOT_SELECTION">
      <Text>Sehir Arsa Seçim Modu</Text>
    </Row>
    <Row Tag="TXT_KEY_INTERFACEMODE_DISEMBARK">
      <Text>Karaya Cikma Modu</Text>
    </Row>
    <Row Tag="TXT_KEY_INTERFACEMODE_EMBARK">
      <Text>Gemiye Binme Modu</Text>
    </Row>
    <Row Tag="TXT_KEY_INTERFACEMODE_GIFT_UNIT">
      <Text>Hediye Birimi Modu</Text>
    </Row>
    <Row Tag="TXT_KEY_INTERFACEMODE_GLOBELAYER_INPUT">
      <Text>Küre Giris Modu</Text>
    </Row>
    <Row Tag="TXT_KEY_INTERFACEMODE_MOVE_TO">
      <Text>Hareket Modu</Text>
    </Row>
    <Row Tag="TXT_KEY_INTERFACEMODE_MOVE_TO_ALL">
      <Text>Hareket Modu (Tüm Birimler)</Text>
    </Row>
    <Row Tag="TXT_KEY_INTERFACEMODE_MOVE_TO_TYPE">
      <Text>Hareket Modu (Ayni Birim Tipi)</Text>
    </Row>
    <Row Tag="TXT_KEY_INTERFACEMODE_NUKE">
      <Text>Nuke Modu</Text>
    </Row>
    <Row Tag="TXT_KEY_INTERFACEMODE_PING">
      <Text>Ping Takim Arkadaslari</Text>
    </Row>
    <Row Tag="TXT_KEY_INTERFACEMODE_REBASE">
      <Text>Yeniden Yükleme Modu</Text>
    </Row>
    <Row Tag="TXT_KEY_INTERFACEMODE_ROUTE_TO">
      <Text>Mod için Rota</Text>
    </Row>
    <Row Tag="TXT_KEY_INTERFACEMODE_SELECTION">
      <Text>Seçim Modu</Text>
    </Row>
    <Row Tag="TXT_KEY_INTERFACEMODE_DEBUG">
      <Text>Hata Ayiklama Modu</Text>
    </Row>
    <Row Tag="TXT_KEY_MISC_CAPTURED_CITY">
      <Text>{@1_CityName} yakaladiniz!!!</Text>
    </Row>
    <Row Tag="TXT_KEY_MISC_CITY_CAPTURED_BY">
      <Text>{@1_CityName}, {@2_ShortCivName} tarafindan ele geçirilmistir!!!</Text>
    </Row>
    <Row Tag="TXT_KEY_MISC_CITY_HAS_BEEN_FOUNDED">
      <Text>{@1_CityName} kurulmustur.</Text>
    </Row>
    <Row Tag="TXT_KEY_MISC_CITY_HAS_BEEN_RAZED_BY">
      <Text>{@2_CivName} {@1_CityName} sehrini atese verdi!!!</Text>
    </Row>
    <Row Tag="TXT_KEY_MISC_CITY_IS_FOUNDED">
      <Text>{@1_CityName} kurulmustur.</Text>
    </Row>
    <Row Tag="TXT_KEY_MISC_CITY_RAZED_BY">
      <Text>{@1_CityName}, {@2_ShortCivName} tarafindan atese verildi!!!</Text>
    </Row>
    <Row Tag="TXT_KEY_MISC_CITY_WAS_CAPTURED_BY">
      <Text>{@1_CityName}, {@2_ShortCivName} tarafindan yakalandi!!!</Text>
    </Row>
    <Row Tag="TXT_KEY_MISC_CITY_WLTKD_ENDED_KNOWN_RESOURCE">
      <Text>{@1_CityName} Sehrinde "Krali Seviyoruz Günü" sona erdi. Simdi ([COLOR_HIGHLIGHT_TEXT]{@2_ResourceName}[ENDCOLOR] talep ediyor!</Text>
    </Row>
    <Row Tag="TXT_KEY_MISC_CITY_WLTKD_ENDED_UNKNOWN_RESOURCE">
      <Text>{@1_CityName} Sehrinde "Krali Seviyoruz Günü" sona erdi. Simdi henüz kesfetmediginiz yeni bir Kaynak talep ediyor!</Text>
    </Row>
    <Row Tag="TXT_KEY_MISC_CIV_DESTROYED">
      <Text>{@1_CivAdj} Uygarlik fethedildi!!!</Text>
    </Row>
    <Row Tag="TXT_KEY_MISC_CIV_DESTROYED_SHORT">
      <Text>{@1_CivName} Fethedildi!</Text>
    </Row>
    <Row Tag="TXT_KEY_MISC_CLEARING_FEATURE_RESOURCE">
      <Text>{TXT_KEY_GRAMMAR_A_AN &lt;&lt; {@1_FeatName}}'in temizlenmesi {@3_CityName} için {2_Num} [ICON_PRODUCTION] yaratmistir.</Text>
    </Row>
    <Row Tag="TXT_KEY_MISC_COMPLETED_WONDER_CHOOSE_TECH">
      <Text>{@1_BldgName}'yi tamamladiniz! Ücretsiz bir teknoloji seçin...</Text>
    </Row>
    <Row Tag="TXT_KEY_MISC_COMPLETES_WONDER">
      <Text>{1_PlyrName} tamamlar {@2_BldgName}!</Text>
    </Row>
    <Row Tag="TXT_KEY_MISC_CONSTRUCTED_BUILD_IN">
      <Text>{@2_CityName} içinde {TXT_KEY_GRAMMAR_A_AN &lt;&lt; {1_BldgName}} olusturdunuz.</Text>
    </Row>
    <Row Tag="TXT_KEY_MISC_CREATED_PROJECT_IN">
      <Text>{@2_CityName} içinde {TXT_KEY_GRAMMAR_A_AN &lt;&lt; {1_PrjctName}} olusturdunuz.</Text>
    </Row>
    <Row Tag="TXT_KEY_MISC_DECLARED_WAR_ON_YOU">
      <Text>[COLOR_NEGATIVE_TEXT]{1_PlyrName} size savas ilan etti![ENDCOLOR]</Text>
    </Row>
    <Row Tag="TXT_KEY_MISC_DEFENSES_IN_CITY_REDUCED_TO">
      <Text>{3_player}, {@1_CityName}'teki savunmanizi {2_NewVal}%'ya düsürdü!</Text>
    </Row>
    <Row Tag="TXT_KEY_MISC_DESTROYED_BARBARIAN_CAMP">
      <Text>Bir Barbar Kampini ele geçirdiniz ve {1_Num} geri aldiniz Altin!</Text>
    </Row>
    <Row Tag="TXT_KEY_MISC_DESTROYED_CITY">
      <Text>{@1_CityName} sehrini atese verdiniz!!!</Text>
    </Row>
    <Row Tag="TXT_KEY_MISC_DISCOVERED_NEW_RESOURCE">
      <Text>{@2_CityName} yakininda bir [COLOR_HIGHLIGHT_TEXT]{@1_ResourceName}[ENDCOLOR] kaynagi kesfettiniz!</Text>
    </Row>
    <Row Tag="TXT_KEY_MISC_ENEMY_DEFENSES_REDUCED_TO">
      <Text>{1_UnitName}'ünüz {@2_CityName}'in savunmasini {3_Num}%'ya düsürdü!</Text>
    </Row>
    <Row Tag="TXT_KEY_MISC_ENEMY_TROOPS_SPOTTED">
      <Text>Düsman {@1_CityName} yakinlarinda tespit edildi!</Text>
    </Row>
    <Row Tag="TXT_KEY_MISC_ENEMY_UNIT_SURRENDER">
      <Text>{TXT_KEY_GRAMMAR_UPPER_A_AN &lt;&lt; {1_Adjective}} {2_EnUName} senin {3_UnitName}'ne teslim oldu!</Text>
    </Row>
    <Row Tag="TXT_KEY_MISC_ENEMY_UNIT_WITHDRAW">
      <Text>Bir düsman {@1_EnUName} ({2_Num} hasar) sizin ({@3_UnitName} ({4_Num} hasar) saldirdi!</Text>
    </Row>
    <Row Tag="TXT_KEY_MISC_ENEMY_UNIT_WITHDRAW_CITY">
      <Text>Bir düsman {@1_EnUName} ({2_Num} hasar) {@3_CityName} ({4_Num} hasar) sehrinize saldirdi!</Text>
    </Row>
    <Row Tag="TXT_KEY_MISC_FEATURE_GROWN_NEAR_CITY">
      <Text>{TXT_KEY_GRAMMAR_UPPER_A_AN &lt;&lt; {1_FeatName}}, {@2_CityName}'in yakininda büyüdü!</Text>
    </Row>
    <Row Tag="TXT_KEY_MISC_FIRST_TECH_CHOOSE_FREE">
      <Text>Uygarliginiz [COLOR_TECH_TEXT]([1][ENDCOLOR] kesfeden ilk uygarlik!) Ücretsiz bir teknoloji seçin...</Text>
    </Row>
    <Row Tag="TXT_KEY_MISC_GIFTED_UNIT_TO_YOU">
      <Text>{1_PlyrName} size bir grup {2_UnitName} hediye etti!</Text>
    </Row>
    <Row Tag="TXT_KEY_MISC_GP_BORN">
      <Text>{1_GPName} {@2_CityName}'te dogmustur!</Text>
    </Row>
    <Row Tag="TXT_KEY_MISC_GP_BORN_SOMEWHERE">
      <Text>{1_GPName} uzak bir ülkede dogdu!</Text>
    </Row>
    <Row Tag="TXT_KEY_MISC_GREAT_PERSON">
      <Text>Büyük Kisi: {1_Curr}\{2_Need} [ICON_GREATPEOPLE]</Text>
    </Row>
    <Row Tag="TXT_KEY_MISC_IMP_DESTROYED">
      <Text>{TXT_KEY_GRAMMAR_UPPER_A_AN &lt;&lt; {@1_ImpName}} yagmaci bir {@3_civ_adjective} {@2_UnitName} tarafindan yok edildi!</Text>
    </Row>
    <Row Tag="TXT_KEY_MISC_LOST_WONDER_PROD_CONVERTED">
      <Text>{@1_CityName} artik {@2_BldgName} üzerinde çalisamaz. Kaybedilen [ICON_PRODUCTION], {3_NumGold}[ICON_GOLD]'e dönüstürülür!</Text>
    </Row>
    <Row Tag="TXT_KEY_MISC_MELTDOWN_CITY">
      <Text>{@1_CityName}'de bir Nükleer Erime meydana geldi!!!</Text>
    </Row>
    <Row Tag="TXT_KEY_MISC_NUKE_INTERCEPTED">
      <Text>{1_PlyrName} {TXT_KEY_GRAMMAR_A_AN &lt;&lt; {2_UnitName}}'yi firlatir, ancak {3_Plyr2Name} tarafindan vurulur!!!</Text>
    </Row>
    <Row Tag="TXT_KEY_MISC_NUKE_LAUNCHED">
      <Text>{1_PlyrName} {TXT_KEY_GRAMMAR_A_AN &lt;&lt; {2_UnitName}}'i firlatir ve patlar!!!</Text>
    </Row>
    <Row Tag="TXT_KEY_MISC_PILLAGED_CITY">
      <Text>{1_Num} [ICON_GOLD]'ü {@2_CityName}'in yikimindan yagmaladiniz!!!</Text>
    </Row>
    <Row Tag="TXT_KEY_MISC_PLAYER_ADOPTED_POLICY">
      <Text>{@1_PlyrName}, {@2_PolicyName}'ü kabul etmistir. Politika Subesi!</Text>
    </Row>
    <Row Tag="TXT_KEY_MISC_PLAYER_ADOPTED_POLICY_SUMMARY">
      <Text>{@1_PlyrName} benimser {@2_PolicyName}</Text>
    </Row>
    <Row Tag="TXT_KEY_MISC_PLAYER_CONVERT_RELIGION">
      <Text>{1_PlyrName}, [COLOR_HIGHLIGHT_TEXT]{2_RelName}[ENDCOLOR]'ya dönüsür!</Text>
    </Row>
    <Row Tag="TXT_KEY_MISC_PLAYER_GOLDEN_AGE_BEGINS">
      <Text>{1_PlyrName}: Altin Cag basliyor</Text>
    </Row>
    <Row Tag="TXT_KEY_MISC_PLAYER_GOLDEN_AGE_ENDED">
      <Text>{1_PlyrName}: Altin Cag sona erdi...</Text>
    </Row>
    <Row Tag="TXT_KEY_MISC_PLAYER_GOLDEN_AGE_HAS_BEGUN">
      <Text>{1_PlyrName}: Altin Cag basladi!!!</Text>
    </Row>
    <Row Tag="TXT_KEY_MISC_PLAYER_PERMANENT_ALLIANCE">
      <Text>{1_PlyrName}, {2_TeamName} ile Kalici Ittifak kurdu!</Text>
    </Row>
    <Row Tag="TXT_KEY_MISC_PLUNDERED_GOLD_FROM_IMP">
      <Text>{1_Num}[ICON_GOLD]'ü {@2_ImpName}'ten yagmaladiniz!</Text>
    </Row>
    <Row Tag="TXT_KEY_MISC_RECEIVED_GOLD">
      <Text>[SPACE]Altin {1_Num} kazandiniz!</Text>
    </Row>
    <Row Tag="TXT_KEY_MISC_REL_FOUNDED">
      <Text>{1_RelName}, {@2_CityName}'te kurulmustur!</Text>
    </Row>
    <Row Tag="TXT_KEY_MISC_REL_FOUNDED_UNKNOWN">
      <Text>{1_RelName} uzak bir diyarda kuruldu!</Text>
    </Row>
    <Row Tag="TXT_KEY_MISC_RELIGION_ADOPTED_ANOTHER_PLAYER">
      <Text>{1_PlyrName}, {@2_ReligionName}'ü kabul etmistir!</Text>
    </Row>
    <Row Tag="TXT_KEY_MISC_RELIGION_ADOPTED_UNKNOWN">
      <Text>Karsilanmamis bir Oyuncu bir Din benimsedi!</Text>
    </Row>
    <Row Tag="TXT_KEY_MISC_RELIGION_ADOPTED_YOU">
      <Text>{@1_CityName}'te {@2_ReligionName}'ü onurlandirmak için görkemli bir Tapinak tamamladiniz!  Artik inanci yaymak için orada Misyonerler egitebilirsiniz.</Text>
    </Row>
    <Row Tag="TXT_KEY_MISC_RELIGION_SPREAD">
      <Text>[COLOR_HIGHLIGHT_TEXT]{1_RelName}[ENDCOLOR] {@2_CityName} içinde yayilmistir.</Text>
    </Row>
    <Row Tag="TXT_KEY_MISC_RESOURCE_DISCOVERED_CITY_DEMANDS">
      <Text>{@2_CityName} Sehri'nin talep ettigi [COLOR_HIGHLIGHT_TEXT]{@1_ResourceName}[ENDCOLOR]'i ögrendiniz!</Text>
    </Row>
    <Row Tag="TXT_KEY_MISC_REVOLT_IN_CITY">
      <Text>{TXT_KEY_GRAMMAR_UPPER_A_AN &lt;&lt; {1_CivAdj}} isyani {@2_CityName}'te gerçeklesti!</Text>
    </Row>
    <Row Tag="TXT_KEY_MISC_SOMEONE_CREATED_UNIT">
      <Text>{1_PlyrName}, {2_UnitName}'ü yaratti!</Text>
    </Row>
    <Row Tag="TXT_KEY_MISC_SOMEONE_DECLARED_WAR">
      <Text>{1_PlyrName}, {2_PlyrName}'e savas ilan etti!</Text>
    </Row>
    <Row Tag="TXT_KEY_MISC_SOMEONE_DECLARES_WAR">
      <Text>{1_PlyrName}, {2_PlyrName}'e savas ilan etti!</Text>
    </Row>
    <Row Tag="TXT_KEY_MISC_SOMEONE_FIRST_TO_TECH">
      <Text>{1_PlyrName}, {@2_TechName}'ü kesfeden ilk kisidir!</Text>
    </Row>
    <Row Tag="TXT_KEY_MISC_SOMEONE_HAS_COMPLETED">
      <Text>{1_PlyrName} {@2_PrjctName}'ü tamamladi!</Text>
    </Row>
    <Row Tag="TXT_KEY_MISC_SOMEONE_HAS_COMPLETED_UNKNOWN">
      <Text>{@1_PrjctName} uzak bir diyarda tamamlandi!</Text>
    </Row>
    <Row Tag="TXT_KEY_MISC_SOMEONE_MADE_PEACE">
      <Text>{1_PlyrName}, {2_PlyrName} ile baris yapti!</Text>
    </Row>
    <Row Tag="TXT_KEY_MISC_TRAINED_UNIT_IN">
      <Text>{@2_CityName}'te {TXT_KEY_GRAMMAR_A_AN &lt;&lt; {@1_UnitName}} egitim aldiniz.</Text>
    </Row>
    <Row Tag="TXT_KEY_MISC_TURN_BEGINS">
      <Text>Senin siran basladi!</Text>
    </Row>
    <Row Tag="TXT_KEY_MISC_UNIT_DISBANDED_NO_MONEY">
      <Text>{@1_UnitName} fon yetersizligi nedeniyle dagitildi!</Text>
    </Row>
    <Row Tag="TXT_KEY_MISC_UNITS_ON_STRIKE">
      <Text>Birimleriniz grevde!!!</Text>
    </Row>
    <Row Tag="TXT_KEY_MISC_UNKNOWN_CIRC_GLOBE">
      <Text>Uzak bir uygarlik dünyanin çevresini dolasti!</Text>
    </Row>
    <Row Tag="TXT_KEY_MISC_UNKNOWN_CREATED_UNIT">
      <Text>[COLOR_UNIT_TEXT]{1_UnitName}[ENDCOLOR] {1_UnitName: plural 1?has  other?have } uzak bir diyarda yaratildi!</Text>
    </Row>
    <Row Tag="TXT_KEY_MISC_UNKNOWN_FIRST_TO_TECH">
      <Text>Uzak bir uygarlik {@1_TechName} kesfeden ilk uygarliktir!</Text>
    </Row>
    <Row Tag="TXT_KEY_MISC_WHAT_TO_RESEARCH_NEXT">
      <Text>Bundan sonra ne arastirmak istersiniz?</Text>
    </Row>
    <Row Tag="TXT_KEY_MISC_WONDER_COMPLETED">
      <Text>{@1_PlyrName} {@2_WndrName}'ü tamamladi!</Text>
    </Row>
    <Row Tag="TXT_KEY_MISC_WONDER_COMPLETED_UNKNOWN">
      <Text>{@1_WndrName} {@1_WndrName: plural 1?has  other?have } uzak bir diyarda insa edildi!</Text>
    </Row>
    <Row Tag="TXT_KEY_MISC_WORK_HAS_BEGUN">
      <Text>[SPACE]Simdi {TXT_KEY_GRAMMAR_A_AN &lt;&lt; {@1_ProdName}} üzerinde çalismaya baslanmistir.</Text>
    </Row>
    <Row Tag="TXT_KEY_MISC_YOU_AIR_UNIT_HURT">
      <Text>{@1_UnitName}'ünüzün yolu bir düsman {@2_EnUName} tarafindan kesildi! ({3}% Hasar)</Text>
    </Row>
    <Row Tag="TXT_KEY_MISC_YOU_ARE_ATTACKED_BY_AIR">
      <Text>{@1_UnitName} ({3_Num} hasariniz) bir düsman {@2_EnUName} tarafindan bombalandi!</Text>
    </Row>
    <Row Tag="TXT_KEY_MISC_YOU_ARE_ATTACKED_BY_AIR_AND_DEATH">
      <Text>{@1_UnitName}'ünüz bir düsman {@2_EnUName} tarafindan bombalandiktan sonra yok edildi!</Text>
    </Row>
    <Row Tag="TXT_KEY_MISC_YOU_ARE_ATTACKED_BY_CITY">
      <Text>{@1_UnitName} ({3_Num} hasariniz) düsman {@2_CityName} sehri tarafindan bombalandi!</Text>
    </Row>
    <Row Tag="TXT_KEY_MISC_YOU_ATTACK_BY_AIR">
      <Text>{@1_UnitName}'ünüz bir düsmani {@2_EnUName} bombaladi! ({3_Damage} hasar)</Text>
    </Row>
    <Row Tag="TXT_KEY_MISC_YOU_ATTACK_BY_AIR_AND_DEATH">
      <Text>{@1_UnitName}'ünüz bir düsman {@2_EnUName}'ünü bombaladi ve onu yok etti!</Text>
    </Row>
    <Row Tag="TXT_KEY_MISC_YOU_CAPTURED_UNIT">
      <Text>Bir düsman yakaladiniz {@1_UnitName}</Text>
    </Row>
    <Row Tag="TXT_KEY_MISC_YOU_RECAPTURED_UNIT">
      <Text>{@1_UnitName}'nizi yeniden ele geçirdiniz</Text>
    </Row>
    <Row Tag="TXT_KEY_MISC_YOU_CITY_RANSOMED_BY_BARBARIANS">
      <Text>{@1_CityName} Sehriniz Barbarlar tarafindan yagmalandi ve {2_Num} Altin ulusal hazineden çalindi!</Text>
    </Row>
    <Row Tag="TXT_KEY_MISC_YOU_CITY_WAS_CAPTURED">
      <Text>Savunma yaparken, {@1_CityName} Sehriniz {TXT_KEY_GRAMMAR_A_AN &lt;&lt; {@3_owner_adjective}} {@2_EnUName} ({4_Num} hasar) tarafindan ele geçirildi!</Text>
    </Row>
    <Row Tag="TXT_KEY_MISC_YOU_DEFENSES_REDUCED_TO">
      <Text>{@1_CityName}'deki savunmaniz {TXT_KEY_GRAMMAR_A_AN &lt;&lt; {3_UnitName}} tarafindan {2_Num}%'ya düsürüldü!</Text>
    </Row>
    <Row Tag="TXT_KEY_MISC_YOU_DISCOVERED_RESOURCE">
      <Text>{@2_CityName} yakininda bir [COLOR_HIGHLIGHT_TEXT]{@1_ResourceName}[ENDCOLOR] kaynagi kesfettiniz!</Text>
    </Row>
    <Row Tag="TXT_KEY_MISC_YOU_DISCOVERED_TECH">
      <Text>{@1_TechName}'yi kesfettiniz!</Text>
    </Row>
    <Row Tag="TXT_KEY_MISC_YOU_HURT_ENEMY_AIR">
      <Text>{@1_UnitName}'niz {TXT_KEY_GRAMMAR_A_AN &lt;&lt; {4_owner_adjective}} {@2_EnUName}'i yakaladi! {3}% Hasar)</Text>
    </Row>
    <Row Tag="TXT_KEY_MISC_ENEMY_AIR_UNIT_DESTROYED">
      <Text>Önlediginiz {@1_UnitName} sayesinde, {@4_DefUnitName}'inize saldiran {@2_owner_adjective} {@3_EnUName} düsürüldü!</Text>
    </Row>
    <Row Tag="TXT_KEY_MISC_ENEMY_AIR_UNIT_INTERCEPTED">
      <Text>{@1_UnitName}'yi durdurmaniz sayesinde, ([5]'unuza saldiran {@2_owner_adjective} {@3_EnUName} ({4_Num}'a hasar verdik.)</Text>
    </Row>
    <Row Tag="TXT_KEY_MISC_YOU_KILLED_ENEMY_UNIT">
      <Text>Savunma yaparken, {@1_UnitName} ({2_Num} hasariniz) {TXT_KEY_GRAMMAR_A_AN &lt;&lt; {@5_owner_adjective}} {@4_EnUName} öldürdü!</Text>
    </Row>
    <Row Tag="TXT_KEY_MISC_YOU_KILLED_ENEMY_UNIT_CITY">
      <Text>Savunma yaparken, {@1_CityName} ({2_Num} hasar) Sehriniz {TXT_KEY_GRAMMAR_A_AN &lt;&lt; {@4_owner_adjective}} {3_EnUName} öldürdü!</Text>
    </Row>
    <Row Tag="TXT_KEY_MISC_YOU_REDUCE_CITY_DEFENSES">
      <Text>{@1_UnitName}'ünüz {@2_CityName}'in savunmasini {3_NewVal}%'ya düsürdü!</Text>
    </Row>
    <Row Tag="TXT_KEY_MISC_YOU_SHOT_DOWN_ENEMY">
      <Text>{@1_UnitName}'iniz {TXT_KEY_GRAMMAR_A_AN &lt;&lt; {3_owner_civ}} {@2_EnUName}'yi düsürdü!</Text>
    </Row>
    <Row Tag="TXT_KEY_MISC_YOU_UNIT_CAPTURED_ENEMY_CITY">
      <Text>{@1_UnitName} ({2_Num} hasariniz) düsman {@3_CityName} sehrini ele geçirdi!</Text>
    </Row>
    <Row Tag="TXT_KEY_MISC_YOU_UNIT_DESTROYED_ENEMY">
      <Text>{@1_UnitName} ({2_Num} hasariniz) bir düsmani {@3_UnitName} yok etti!</Text>
    </Row>
    <Row Tag="TXT_KEY_MISC_YOU_UNIT_DIED_ATTACKING">
      <Text>{@1_UnitName}'ünüz bir düsmana {@2_EnUName} saldirirken öldü ({3_Num} hasar)!</Text>
    </Row>
    <Row Tag="TXT_KEY_MISC_YOU_UNIT_DIED_ATTACKING_CITY">
      <Text>{@1_UnitName}'ünüz {@2_EnUName} ({3_Num} hasar) düsman sehrine saldirirken öldü!</Text>
    </Row>
    <Row Tag="TXT_KEY_MISC_YOU_UNIT_RANSOM_KILL_BY_BARBARIANS">
      <Text>Barbarlar fidyelerini ödemeyi reddettiginiz için {@1_UnitName}'nizi öldürdüler!</Text>
    </Row>
    <Row Tag="TXT_KEY_MISC_YOU_UNIT_SHOT_DOWN">
      <Text>{@1_UnitName}'ünüz bir düsman {@2_EnUName} tarafindan vuruldu!</Text>
    </Row>
    <Row Tag="TXT_KEY_MISC_YOU_UNIT_SURRENDER">
      <Text>{@1_EnUName}'iniz {TXT_KEY_GRAMMAR_A_AN &lt;&lt; {@2_Adjective}} {@3_UnitName}'ye teslim oldu!</Text>
    </Row>
    <Row Tag="TXT_KEY_MISC_YOU_UNIT_WAS_DESTROYED">
      <Text>Savunma yaparken, {@1_UnitName}'niz {TXT_KEY_GRAMMAR_A_AN &lt;&lt; {@3_owner_adjective}} {@2_EnUName} {4_Num} hasari) tarafindan yok edildi!</Text>
    </Row>
    <Row Tag="TXT_KEY_MISC_YOU_UNIT_WAS_DESTROYED_UNKNOWN">
      <Text>Savunma yaparken, {@1_UnitName}'ünüz kilik degistirmis bir {@2_EnUName} ({3_Num} hasar) tarafindan yok edildi!</Text>
    </Row>
    <Row Tag="TXT_KEY_MISC_YOU_UNIT_WAS_DAMAGED_ATTRITION">
      <Text>Yipranma</Text>
    </Row>
    <Row Tag="TXT_KEY_MISC_YOU_UNIT_WAS_DESTROYED_ATTRITION">
      <Text>{@1_UnitName}'niz yipranma nedeniyle yok edildi!</Text>
    </Row>
    <Row Tag="TXT_KEY_MISC_YOU_UNIT_WITHDRAW">
      <Text>{@1_UnitName} ({2_Num} hasariniz) bir düsmana {@3_EnUName} ({4_Num} hasariniz) saldirdi!</Text>
    </Row>
    <Row Tag="TXT_KEY_MISC_YOU_UNIT_WITHDRAW_CITY">
      <Text>{@1_UnitName} ({2_Num} hasariniz) {@3_CityName} ({4_Num} hasar) düsman Sehrine saldirdi!</Text>
    </Row>
    <Row Tag="TXT_KEY_MISC_FRIENDLY_UNIT_WITHDREW">
      <Text>Bizim {@1_Num} düsman yakin dövüs saldirisindan geri çekildi.</Text>
    </Row>
    <Row Tag="TXT_KEY_MISC_ENEMY_UNIT_WITHDREW">
      <Text>Bir düsman {@1_Num} yakin dövüs saldirinizdan çekildi.</Text>
    </Row>
    <Row Tag="TXT_KEY_MISC_YOUR_CITY_ATTACKED_BY_AIR">
      <Text>{@1_CityName} ({3_Num} hasar) Sehriniz bir düsman {@2_EnUName} tarafindan bombalandi!</Text>
    </Row>
    <Row Tag="TXT_KEY_MISC_YOUR_CITY_RANGE_ATTACK">
      <Text>{@1_Name} bir düsmani bombaladi {@2_EnUName}! {3_Damage} hasar)</Text>
    </Row>
    <Row Tag="TXT_KEY_MISSION_AIRLIFT">
      <Text>Hava Ikmal</Text>
    </Row>
    <Row Tag="TXT_KEY_MISSION_ALERT">
      <Text>Uyari</Text>
    </Row>
    <Row Tag="TXT_KEY_MISSION_BOMBARD">
      <Text>Bombardiman</Text>
    </Row>
    <Row Tag="TXT_KEY_MISSION_BUILD_CITY">
      <Text>Bulunan Sehir</Text>
    </Row>
    <Row Tag="TXT_KEY_MISSION_BUILD_IMPROVEMENT">
      <Text>Yapi Iyilestirme</Text>
    </Row>
    <Row Tag="TXT_KEY_MISSION_CONDUCT_TRADE_MISSION">
      <Text>Ticaret Misyonu Yürütmek</Text>
    </Row>
    <Row Tag="TXT_KEY_MISSION_CONSTRUCT">
      <Text>Insaat</Text>
    </Row>
    <Row Tag="TXT_KEY_MISSION_CREATE_GREAT_WORK">
      <Text>Harika Isler Yaratin</Text>
    </Row>
    <Row Tag="TXT_KEY_MISSION_DISCOVER_TECH">
      <Text>Teknolojiyi Kesfedin</Text>
    </Row>
    <Row Tag="TXT_KEY_MISSION_FORTIFY">
      <Text>Güçlendirmek</Text>
    </Row>
    <Row Tag="TXT_KEY_MISSION_GARRISON">
      <Text>Sehirdeki Garnizon</Text>
    </Row>
    <Row Tag="TXT_KEY_MISSION_SET_UP">
      <Text>Menzilli Saldiri Için Hazirlanin</Text>
    </Row>
    <Row Tag="TXT_KEY_MISSION_EMBARK">
      <Text>Embark</Text>
    </Row>
    <Row Tag="TXT_KEY_MISSION_DISEMBARK">
      <Text>Karaya çikin</Text>
    </Row>
    <Row Tag="TXT_KEY_MISSION_HEAL">
      <Text>Iyilesene Kadar Güçlendirin</Text>
    </Row>
    <Row Tag="TXT_KEY_MISSION_HURRY_PRODUCTION">
      <Text>Acele Üretim</Text>
    </Row>
    <Row Tag="TXT_KEY_MISSION_INTERCEPT">
      <Text>Durdurma</Text>
    </Row>
    <Row Tag="TXT_KEY_MISSION_JOIN_CITY">
      <Text>Sehre Katilin</Text>
    </Row>
    <Row Tag="TXT_KEY_MISSION_MOVE_TO">
      <Text>Hareket</Text>
    </Row>
    <Row Tag="TXT_KEY_MISSION_MOVE_TO_UNIT">
      <Text>Birimi Tasi</Text>
    </Row>
    <Row Tag="TXT_KEY_MISSION_NUKE">
      <Text>Nuke</Text>
    </Row>
    <Row Tag="TXT_KEY_MISSION_PILLAGE">
      <Text>Yagma</Text>
    </Row>
    <Row Tag="TXT_KEY_MISSION_ROUTE_TO">
      <Text>Gidilecek Rota</Text>
    </Row>
    <Row Tag="TXT_KEY_MISSION_SKIP">
      <Text>Hiçbir sey yapmayin</Text>
    </Row>
    <Row Tag="TXT_KEY_MISSION_SLEEP">
      <Text>Uyku</Text>
    </Row>
    <Row Tag="TXT_KEY_MISSION_CULTURE_BOMB">
      <Text>Kültür Bombasi</Text>
    </Row>
    <Row Tag="TXT_KEY_MISSION_START_GOLDENAGE">
      <Text>Altin Cagi Baslatin</Text>
    </Row>
    <Row Tag="TXT_KEY_MISSION_BUILD_SPACESHIP">
      <Text>Uzay Gemisine Ekle</Text>
    </Row>
    <Row Tag="TXT_KEY_MP_OPTION_SIMULTANEOUS_TURNS">
      <Text>Eszamanli Dönüsler</Text>
    </Row>
    <Row Tag="TXT_KEY_MP_OPTION_TAKEOVER_AI">
      <Text>Yapay zekayi ele geçirin</Text>
    </Row>
    <Row Tag="TXT_KEY_MP_OPTION_TURN_TIMER">
      <Text>Dönüs Zamanlayicisi</Text>
    </Row>
    <Row Tag="TXT_KEY_MP_ENTER_PASSWORD">
      <Text>Sifre Girin</Text>
    </Row>
    <Row Tag="TXT_KEY_MP_OLD_PASSWORD">
      <Text>Eski Sifre</Text>
    </Row>
    <Row Tag="TXT_KEY_MP_NEW_PASSWORD">
      <Text>Yeni Sifre</Text>
    </Row>
    <Row Tag="TXT_KEY_MP_CHANGE_PASSWORD">
      <Text>Sifre Degistir</Text>
    </Row>
    <Row Tag="TXT_KEY_MP_ADD_PASSWORD">
      <Text>Sifre Ekle</Text>
    </Row>
    <Row Tag="TXT_KEY_MP_NEXT_PLAYER">
      <Text>Siradaki Oyuncu</Text>
    </Row>
    <Row Tag="TXT_KEY_MP_PLAYER_CHANGE_CONTINUE">
      <Text>Devam et</Text>
    </Row>
    <Row Tag="TXT_KEY_PLAYER_OPTION_ADVISOR_POPUPS">
      <Text>Danisman Pop-Up'lari</Text>
    </Row>
    <Row Tag="TXT_KEY_PLAYER_OPTION_NO_UNIT_CYCLING">
      <Text>Birim Döngüsü Yok</Text>
    </Row>
    <Row Tag="TXT_KEY_PLAYER_OPTION_NO_UNIT_CYCLING_HELP">
      <Text>Bir Sonraki Birimi Otomatik Olarak Seçmeyin</Text>
    </Row>
    <Row Tag="TXT_KEY_PLAYER_OPTION_NO_UNIT_RECOMMEND">
      <Text>Birim Eylem Önerisi Yok</Text>
    </Row>
    <Row Tag="TXT_KEY_PLAYER_OPTION_NUMPAD_HELP">
      <Text>Numpad Yardim</Text>
    </Row>
    <Row Tag="TXT_KEY_PLAYER_OPTION_QUICK_COMBAT_DEFENSE">
      <Text>Hizli Savas (Savunma)</Text>
    </Row>
    <Row Tag="TXT_KEY_PLAYER_OPTION_QUICK_COMBAT_OFFENSE">
      <Text>Hizli Dövüs (Hücum)</Text>
    </Row>
    <Row Tag="TXT_KEY_PLAYER_OPTION_QUICK_MOVES">
      <Text>Hizli Hareketler</Text>
    </Row>
    <Row Tag="TXT_KEY_PLAYER_OPTION_SHOW_ENEMY_MOVES">
      <Text>Düsman Hareketlerini Göster</Text>
    </Row>
    <Row Tag="TXT_KEY_PLAYER_OPTION_SHOW_FRIENDLY_MOVES">
      <Text>Dostça Hareketleri Göster</Text>
    </Row>
    <Row Tag="TXT_KEY_PLAYER_OPTION_WAIT_AT_END_OF_TURN">
      <Text>Dönüs Sonunda Bekle</Text>
    </Row>
    <Row Tag="TXT_KEY_PLAYER_OPTION_WORKERS_LEAVE_OLD_IMPS">
      <Text>Otomatik Calisanlar Eski Iyilestirmeleri Terk Ediyor</Text>
    </Row>
    <Row Tag="TXT_KEY_PLAYER_OPTION_WORKERS_START_AUTO">
      <Text>Calisanlar Otomatik Basliyor</Text>
    </Row>
    <Row Tag="TXT_KEY_POPUP_ARE_YOU_SURE_ACTION">
      <Text>{@1_ActionName} yapmak istediginizden emin misiniz?</Text>
    </Row>
    <Row Tag="TXT_KEY_POPUP_ARE_YOU_SURE_IMPROVEMENT_REBUILD">
      <Text>{@1_ActionName} yapmak istediginizden emin misiniz?[NEWLINE]Mevcut Döseme Iyilestirmesi degistirilecektir.</Text>
    </Row>
    <Row Tag="TXT_KEY_POPUP_ARE_YOU_SURE_IMPROVEMENT_REBUILD_WARN_TRADE_ROUTE">
      <Text>{@1_ActionName} yapmak istediginizden emin misiniz?[NEWLINE]Mevcut Döseme Iyilestirmesi degistirilecek ve bir ticaret rotasinin baglantisi kesilebilir.</Text>
    </Row>
    <Row Tag="TXT_KEY_POPUP_ARE_YOU_SURE_RAZE">
      <Text>Bu sehri yerle bir etmek istediginize emin misiniz? (Bu geri alinabilir)</Text>
    </Row>
    <Row Tag="TXT_KEY_BURNING">
      <Text>Yanan</Text>
    </Row>
    <Row Tag="TXT_KEY_POPUP_DETAILS_TITLE">
      <Text>Sizin Bilgileriniz</Text>
    </Row>
    <Row Tag="TXT_KEY_POPUP_DOES_THIS_MEAN_WAR">
      <Text>Bu SAVAS anlamina mi geliyor?!? (vs. {1_Team})</Text>
    </Row>
    <Row Tag="TXT_KEY_POPUP_DOES_THIS_MEAN_WAR_PROTECTED_CITY_STATE">
      <Text>Bu {1_Team}'ye karsi savas anlamina mi geliyor?!? Onlar koruma altindalar:</Text>
    </Row>
    <Row Tag="TXT_KEY_POPUP_ELECTION_OPTION">
      <Text>{@1_VoteName} ({3_TotNum}'nin {2_ReqNum}'ini gerektirir) Toplam Oy)</Text>
    </Row>
    <Row Tag="TXT_KEY_POPUP_ENTER_LANDS_WAR">
      <Text>[COLOR_HIGHLIGHT_TEXT]{1_CivAdj}[ENDCOLOR] topraklarinin girilmesi SAVAS'i tetikleyecektir! Emin misiniz?</Text>
    </Row>
    <Row Tag="TXT_KEY_POPUP_ENTER_CITY_STATE_WAR">
      <Text>[COLOR_HIGHLIGHT_TEXT]{1_CivAdj}[ENDCOLOR] girmek SAVAS'i tetikleyecektir! Emin misiniz?</Text>
    </Row>
    <Row Tag="TXT_KEY_POPUP_ENTER_MINOR_CIV_LANDS">
      <Text>[COLOR_HIGHLIGHT_TEXT]{1_CivAdj}[ENDCOLOR] topraklarina girmek düsmanca bir zorbalik eylemidir! Emin misiniz?</Text>
    </Row>
    <Row Tag="TXT_KEY_POPUP_ENTER_WITH_OPEN_BORDERS">
      <Text>(Açik Sinirlar Anlasmasi imzalarsaniz barisçil bir sekilde girebilirsiniz).</Text>
    </Row>
    <Row Tag="TXT_KEY_POPUP_GOLD_CITY_CAPTURE">
      <Text>{@2_CityName}'in ele geçirilmesinden {1_Num} [ICON_GOLD]'ü yagmaladiniz!</Text>
    </Row>
    <Row Tag="TXT_KEY_POPUP_NO_GOLD_CITY_CAPTURE">
      <Text>{@1_CityName} kazandiniz!</Text>
    </Row>
    <Row Tag="TXT_KEY_POPUP_CITY_CAPTURE_INFO">
      <Text>Bu sehirle ne yapmak istersiniz?</Text>
    </Row>
    <Row Tag="TXT_KEY_POPUP_CITY_CAPTURE_INFO_LIBERATE">
      <Text>Bu Sehir daha önce [COLOR_POSITIVE_TEXT]([1][ENDCOLOR]'e aitti.) Bunu onlara iade etme firsatiniz var, bunun için minnettar olacaklardir.</Text>
    </Row>
    <Row Tag="TXT_KEY_POPUP_CITY_CAPTURE_INFO_LIBERATE_RESURRECT">
      <Text>Bu Sehir daha önce [COLOR_POSITIVE_TEXT]([1][ENDCOLOR]'e aitti.) Bunu onlara geri verme firsatiniz var, bunun için sonsuza dek minnettar olacaklardir.</Text>
    </Row>
    <Row Tag="TXT_KEY_POPUP_CITY_CAPTURE_INFO_ANNEX">
      <Text>[COLOR_POSITIVE_TEXT]Sehri imparatorlugunuza ilhak etmek[ENDCOLOR], oldukça fazla [ICON_HAPPINESS_4] Mutsuzluk üreten normal bir Sehir haline gelmesine neden olur. [NEWLINE][NEWLINE]Bu Sehri ilhak etmek [ICON_HAPPINESS_4] Mutsuzlugu {1_Num} kadar artiracaktir.</Text>
    </Row>
    <Row Tag="TXT_KEY_POPUP_CITY_CAPTURE_INFO_PUPPET">
      <Text>Sehri bir [COLOR_POSITIVE_TEXT]Kuklaya[ENDCOLOR] dönüstürdügünüzde, sizin için Altin, Bilim, Kültür vb. üretecektir, ancak [COLOR_POSITIVE_TEXT]ne üretecegini[ENDCOLOR] seçemez veya Sehri özellestiremezsiniz. [NEWLINE][NEWLINE]Ilhak edilmis bir Sehirden çok daha az [ICON_HAPPINESS_4] katkida bulunacak ve Sosyal Politikalarinizin ve Büyük Insanlarinizin maliyetini artirmayacaktir. Bunu seçerseniz, Sehri daha sonra herhangi bir noktada Ilhak edebilirsiniz.[NEWLINE][NEWLINE]Bu Sehri kuklalastirmak [ICON_HAPPINESS_4] Mutsuzlugu {1_Num} kadar artiracaktir.</Text>
    </Row>
    <Row Tag="TXT_KEY_POPUP_CITY_CAPTURE_INFO_RAZE">
      <Text>Sehir, 0'a ulasana ve oyundan kaldirilana kadar her turda 1 nüfus [ICON_RAZING] azalacaktir.  Bu, yerle bir etme sirasinda oldukça fazla [ICON_HAPPINESS_4] Mutsuzluk üretir. [NEWLINE][NEWLINE][COLOR_POSITIVE_TEXT]Bu Sehri yerle bir etmek [ENDCOLOR] [ICON_HAPPINESS_4] Mutsuzlugu {1_Num} kadar artiracaktir.  Bu [ICON_HAPPINESS_4] Mutsuzluk her turda bir azalacaktir.</Text>
    </Row>
    <Row Tag="TXT_KEY_POPUP_VIEW_CITY_DETAILS">
      <Text>Sehir ekranina gidin. Içerideyken hiçbir seyi degistiremezsiniz.</Text>
    </Row>
    <Row Tag="TXT_KEY_POPUP_LIBERATE_CITY">
      <Text>Sehri Özgürlestirin</Text>
    </Row>
    <Row Tag="TXT_KEY_POPUP_ANNEX_CITY">
      <Text>Sehri Ilhak Edin</Text>
    </Row>
    <Row Tag="TXT_KEY_POPUP_PUPPET_CAPTURED_CITY">
      <Text>Kukla Olustur</Text>
    </Row>
    <Row Tag="TXT_KEY_POPUP_RAZE_CAPTURED_CITY">
      <Text>Sehri yerle bir edin!</Text>
    </Row>
    <Row Tag="TXT_KEY_POPUP_VIEW_CITY">
      <Text>Sehri Görüntüle</Text>
    </Row>
    <Row Tag="TXT_KEY_POPUP_DONT_ANNEX_CITY">
      <Text>Sehri Bir Kukla Olarak Birakin</Text>
    </Row>
    <Row Tag="TXT_KEY_POPUP_NO">
      <Text>No</Text>
    </Row>
    <Row Tag="TXT_KEY_POPUP_ANNEX_PUPPET">
      <Text>{@1_CityName} kuklasini imparatorlugunuza katmak mi istiyorsunuz? Bu, Üretimi seçmenize izin verecek, ancak [ICON_HAPPINESS_4] Mutsuzlugunuzu artiracak ve yeni Politikalar ve Büyük Insanlar edinmenizi yavaslatacaktir. Bunu tersine çevirmeniz mümkün olmayacaktir.</Text>
    </Row>
    <Row Tag="TXT_KEY_POPUP_NO_PUPPET">
      <Text>Hayir, Sehir Kuklasi</Text>
    </Row>
    <Row Tag="TXT_KEY_POPUP_VOTES_FOR">
      <Text>{1_VtrName} oylari {2_PlyrName} {3_Num} için Toplam)</Text>
    </Row>
    <Row Tag="TXT_KEY_POPUP_VOTES_YES_NO">
      <Text>{1_VtrName} oylar {2_YesNo} {3_Num} Toplam)</Text>
    </Row>
    <Row Tag="TXT_KEY_POPUP_WHAT_TO_BUILD">
      <Text>Bu sehirde ne insa etmek istersiniz?</Text>
    </Row>
    <Row Tag="TXT_KEY_POPUP_WHAT_TO_PURCHASE">
      <Text>Bu sehirde ne satin almak istersiniz?</Text>
    </Row>
    <Row Tag="TXT_KEY_POPUP_YES">
      <Text>Evet</Text>
    </Row>
    <Row Tag="TXT_KEY_PROMOTION">
      <!-- {1} = TXT_KEY_PROMOTION_ -->
      <Text>{1} promosyon ödülü!</Text>
    </Row>
    <Row Tag="TXT_KEY_RELIGION_SPREAD_TO_CITY">
      <Text>{@1_ReligionName}'ü {@2_CityName}'e yaydiniz!</Text>
    </Row>
    <Row Tag="TXT_KEY_RELIGIOUS_BUILDING">
      <Text>{@2_ReligionName}'ün {@1_BuildingName}</Text>
    </Row>
    <Row Tag="TXT_KEY_REPAIR_IMPROVEMENT">
      <Text>Onarim ve Iyilestirme</Text>
    </Row>
    <Row Tag="TXT_KEY_REPAIR_IMPROVEMENT_REC">
      <Text>Bu karo üzerindeki yagmalanmis iyilestirmeye islevselligini geri kazandiracaktir.</Text>
    </Row>
    <Row Tag="TXT_KEY_REPAIR_IMPROVEMENT_HELP">
      <Text>Bir Karo Iyilestirmesi yagmalanmissa, bir Isçi onu onarabilir.</Text>
    </Row>
    <Row Tag="TXT_KEY_REMOVE_ROUTE">
      <Text>Bir Yolu Kaldirin</Text>
    </Row>
    <Row Tag="TXT_KEY_REMOVE_ROUTE_REC">
      <Text>Sehirlerimizi birbirine baglamak için gerekli degildir ve bize [ICON_GOLD] bakima mal olmaktadir.</Text>
    </Row>
    <Row Tag="TXT_KEY_REMOVE_ROUTE_HELP">
      <Text>Bir karede insa edilmis olan bir karayolu veya demiryolunu kaldirabilirsiniz.</Text>
    </Row>
    <Row Tag="TXT_KEY_SEALEVEL_HIGH">
      <Text>Yüksek</Text>
    </Row>
    <Row Tag="TXT_KEY_SEALEVEL_LOW">
      <Text>Düsük</Text>
    </Row>
    <Row Tag="TXT_KEY_SEALEVEL_MEDIUM">
      <Text>Orta</Text>
    </Row>
    <Row Tag="TXT_KEY_TIME_AD">
      <Text>{1_Date: sayi #} AD</Text>
    </Row>
    <Row Tag="TXT_KEY_TIME_AD_SAVE">
      <Text>{2} AD-{1_Date}</Text>
    </Row>
    <Row Tag="TXT_KEY_TIME_BC">
      <Text>{1_Date: sayi #} M.Ö.</Text>
    </Row>
    <Row Tag="TXT_KEY_TIME_BC_SAVE">
      <Text>{2} BC-{1_Date}</Text>
    </Row>
    <Row Tag="TXT_KEY_TIME_TURN">
      <Text>Dönüs: {1_TurnNum}</Text>
    </Row>
    <Row Tag="TXT_KEY_TIME_WEEK">
      <Text>Hafta {1_WeekNum}</Text>
    </Row>
    <Row Tag="TXT_KEY_WORKER_BUILD_PROGRESS">
      <Text>{1_Num} {1_Num: plural 1?turn  other?turns } ila [COLOR_POSITIVE_TEXT]{2_WorkerBuildName}[ENDCOLOR]</Text>
    </Row>
    <Row Tag="TXT_KEY_DECLARE_WAR_YES">
      <Text>Evet</Text>
    </Row>
    <Row Tag="TXT_KEY_DECLARE_WAR_NO">
      <Text>No</Text>
    </Row>
    <Row Tag="TXT_KEY_LEGAL_CONTINUE">
      <Text>Devam Etmek Için Tiklayin</Text>
    </Row>
    <Row Tag="TXT_KEY_MULTIPLAYER_UNSUPPORTED_NUMBER_OF_PLAYERS">
      <Text>UYARI: Desteklenmeyen oyuncu sayisi[NEWLINE]!</Text>
    </Row>
    <Row Tag="TXT_KEY_STEAM_CONNECTED_NO">
      <Text>Internet oyunlarini oynamak için oyunun Steam aktifken ve aktif bir internet baglantisiyla baslatilmasi gerekir.</Text>
    </Row>
    <Row Tag="TXT_KEY_LEGAL_BODY">
      <Text>© 1991-2010 Take-Two Interactive Software ve yan kuruluslari.  Firaxis Games tarafindan gelistirilmistir.  Sid Meier's Civilization V, Civ, Civilization, 2K Games, Firaxis Games, Take-Two Interactive Software ve ilgili logolari Take-Two interactive Software, Inc. sirketinin ticari markalaridir.  Fork Telif Hakki © 2010 Fork Particle, Inc. Rapid XML Telif Hakki © 2006-2010 Marcin Kalicinski. Lua Telif Hakki © 1994-2010 Lua.org, PUC-Rio. Granny Animation kullanir. Telif Hakki © 1999-2010 RAD Game Tools, Inc. Miles Ses Sistemini kullanir. Telif Hakki © 1991-2010 RAD Game Tools, Inc. Derecelendirme simgesi Entertainment Software Association'in ticari markasidir.  Diger tüm markalar ve ticari markalar ilgili sahiplerinin mülkiyetindedir.  Tüm haklari saklidir.  Bu video oyununun içerigi kurgusaldir ve oyunun tarihsel ortamindaki olaylarin, kisilerin veya varliklarin gerçek bir kaydini temsil etmesi veya tasvir etmesi amaçlanmamistir.</Text>
    </Row>
    <Row Tag="TXT_KEY_MAP_EARTH_TITLE">
      <Text>Dünya</Text>
    </Row>
    <Row Tag="TXT_KEY_ESRB_BODY">
      <Text>Cevrimiçi Etkilesimler ESRB Tarafindan Derecelendirilmemistir</Text>
    </Row>
    <Row Tag="TXT_KEY_CREDIT_FORK">
      <Text>Fork Particle tarafindan desteklenen VFX</Text>
    </Row>
    <Row Tag="TXT_KEY_CREDIT_GRANNY">
      <Text>Granny [RED]Animation[/RED] kullanir. Telif Hakki (C) 1999-2010 RAD Game Tools, Inc.</Text>
    </Row>
    <!-- SINGLE PLAYER MAP PACK LOCALIZATION -->
    <Row Tag="TXT_KEY_SP_MAP_PACK_BERING_TITLE">
      <Text>Bering Bogazi</Text>
    </Row>
    <Row Tag="TXT_KEY_SP_MAP_PACK_BERING_DESC">
      <Text>Bering Bogazi ve Rusya'nin Uzak Dogusu, Kamçatka ve Alaska dahil olmak üzere çevresindeki topraklar.</Text>
    </Row>
    <Row Tag="TXT_KEY_SP_MAP_PACK_BRITISH_ISLES_TITLE">
      <Text>Britanya Adalari</Text>
    </Row>
    <Row Tag="TXT_KEY_SP_MAP_PACK_BRITISH_ISLES_DESC">
      <Text>Büyük Britanya, Irlanda ve sayisiz küçük ada.</Text>
    </Row>
    <Row Tag="TXT_KEY_SP_MAP_PACK_CARRIBEAN_TITLE">
      <Text>Karayipler</Text>
    </Row>
    <Row Tag="TXT_KEY_SP_MAP_PACK_CARRIBEAN_DESC">
      <Text>Karayipler'i tüm tropik ihtisamiyla kesfedin.</Text>
    </Row>
    <Row Tag="TXT_KEY_SP_MAP_PACK_EUS_TITLE">
      <Text>Dogu Amerika Birlesik Devletleri</Text>
    </Row>
    <Row Tag="TXT_KEY_SP_MAP_PACK_EUS_DESC">
      <Text>Teksas'in güney ucundan Nova Scotia'nin dogu ucuna kadar uzanan bir harita.</Text>
    </Row>
    <Row Tag="TXT_KEY_SP_MAP_PACK_JAPAN_TITLE">
      <Text>Japon Anakarasi</Text>
    </Row>
    <Row Tag="TXT_KEY_SP_MAP_PACK_JAPAN_DESC">
      <Text>Bu harita sadece Japonya'ya odaklanir, çevre ülkeler oyunda yer almaz.</Text>
    </Row>
    <!-- GREAT PERSON UI PANEL TEXT -->
    <Row Tag="TXT_KEY_IC_GP">
      <Text>Harika Insan Listesi</Text>
    </Row>
    <Row Tag="TXT_KEY_GP_CITY">
      <Text>Sehir Adi</Text>
    </Row>
    <Row Tag="TXT_KEY_GP_SORT_CITY">
      <Text>Sehre Göre Sirala</Text>
    </Row>
    <Row Tag="TXT_KEY_GP_TURNS">
      <Text>Kalan Dönüsler</Text>
    </Row>
    <Row Tag="TXT_KEY_GG_PROGRESS">
      <Text>Büyük Genel Ilerleme</Text>
    </Row>
    <Row Tag="TXT_KEY_GP_SORT_TURNS">
      <Text>Kalan Dönüslere Göre Sirala</Text>
    </Row>
    <Row Tag="TXT_KEY_GP_ARTIST_DETAILS">
      <Text>[ICON_PLUS] Büyük Sanatçilar</Text>
    </Row>
    <Row Tag="TXT_KEY_GP_ARTIST_DETAILS_COLLAPSE">
      <Text>[ICON_MINUS] Büyük Sanatçilar</Text>
    </Row>
    <Row Tag="TXT_KEY_GP_ENGINEER_DETAILS">
      <Text>[ICON_PLUS] Büyük Mühendisler</Text>
    </Row>
    <Row Tag="TXT_KEY_GP_ENGINEER_DETAILS_COLLAPSE">
      <Text>[ICON_MINUS] Büyük Mühendisler</Text>
    </Row>
    <Row Tag="TXT_KEY_GP_MERCHANT_DETAILS">
      <Text>[ICON_PLUS] Büyük Tüccarlar</Text>
    </Row>
    <Row Tag="TXT_KEY_GP_MERCHANT_DETAILS_COLLAPSE">
      <Text>[ICON_MINUS] Büyük Tüccarlar</Text>
    </Row>
    <Row Tag="TXT_KEY_GP_SCIENTIST_DETAILS">
      <Text>[ICON_PLUS] Büyük Bilim Insanlari</Text>
    </Row>
    <Row Tag="TXT_KEY_GP_SCIENTIST_DETAILS_COLLAPSE">
      <Text>[ICON_MINUS] Büyük Bilim Insanlari</Text>
    </Row>
    <Row Tag="TXT_KEY_GPLIST_TURNS">
      <Text>+{1_Rate}</Text>
    </Row>
    <!--<Row Tag="TXT_KEY_GPLIST_TURNS">
			<Text>+{1_Rate} [ICON_GREAT_PEOPLE], {2_Turns} Turn(s)</Text>
		</Row>-->
    <Row Tag="TXT_KEY_GPLIST_PROGRESS">
      <Text>{1_Progress}\{2_Threshold}, {3_Turns} Kalan Dönüs(ler)</Text>
    </Row>
    <Row Tag="TXT_KEY_GREAT_GENERAL_PROGRESS">
      <Text>{1_Progress}\{2_Threshold}</Text>
    </Row>
    <Row Tag="TXT_KEY_PBEM_CHECKBOX">
      <Text>Dönüs Sonu Otomatik Kaydetmeleri Etkinlestir</Text>
    </Row>
    <Row Tag="TXT_KEY_PBEM_CHECKBOX_PBEM">
      <Text>E-posta ile Oynatma Modunu Etkinlestir</Text>
    </Row>
    <Row Tag="TXT_KEY_PBEM_NOTICE">
      <Text>Siraniz sona erdi. Lütfen kaydetme dosyasini siradaki oyuncuya e-posta ile gönderin. Kayit dosyasini saves\pbem dizininizde bulabilirsiniz.</Text>
    </Row>
    <Row Tag="TXT_KEY_MP_MAIN_MENU">
      <Text>Ana Menü</Text>
    </Row>
    <Row Tag="TXT_KEY_TOUCH_CONTROLS">
      <Text>Dokunmatik Kontroller</Text>
    </Row>
    <Row Tag="TXT_KEY_ZOOM_TITLE">
      <Text>Yakinlastirma Kontrolleri</Text>
    </Row>
    <Row Tag="TXT_KEY_ZOOM_DETAILS">
      <Text>UZAKLASTIRMAK için ekranda 2 parmaginizi TIKLAYIN ve YAKINLASTIRMAK için ekranda 2 parmaginizi birbirinden ayirin.</Text>
    </Row>
    <Row Tag="TXT_KEY_TOOL_TIPS_TITLE">
      <Text>Alet Ipuçlari ve Hareket</Text>
    </Row>
    <Row Tag="TXT_KEY_TOOL_TIPS_DETAILS">
      <Text>Araç ipuçlarini görmek için 1 parmaginizi dügmelerin veya arazinin üzerine sürükleyin. [NEWLINE]Hareket moduna girmek için bir birimi bulundugu hex'in disina sürükleyin.</Text>
    </Row>
    <Row Tag="TXT_KEY_SCROLLING_TITLE">
      <Text>Kaydirma ve Kaydirma</Text>
    </Row>
    <Row Tag="TXT_KEY_SCROLLING_DETAILS">
      <Text>Oyun kamerasini kaydirmak ve kaydirma çubugu menülerini hareket ettirmek için 2 parmaginizi ekranda SÜRÜKLEYIN.</Text>
    </Row>
    <Row Tag="TXT_KEY_MOVE_TITLE">
      <Text>Hareketli Birimler</Text>
    </Row>
    <Row Tag="TXT_KEY_MOVE_DETAILS">
      <Text>Geçerli birime Tasi emri vermek için ekrana 1 parmaginizla CIFT DOKUNUN.</Text>
    </Row>
    <Row Tag="TXT_KEY_EXIT_MOVE_TITLE">
      <Text>Tasima Modundan Cik</Text>
    </Row>
    <Row Tag="TXT_KEY_EXIT_MOVE_DETAILS">
      <Text>Bir emir vermeden Hareket Modundan çikmak için ikinci bir parmaga dokunun.</Text>
    </Row>
    <Row Tag="TXT_KEY_ESCAPE_TITLE">
      <Text>Kaçis</Text>
    </Row>
    <Row Tag="TXT_KEY_ESCAPE_DETAILS">
      <Text>Ekranlari kapatmak veya oyun menüsünü açmak için 3 parmaginizla DOKUNUN.</Text>
    </Row>
    <Row Tag="TXT_KEY_TOUCH_HIDE">
      <Text>Baslangiçta göster</Text>
    </Row>
    <Row Tag="TXT_KEY_TOUCH_HELP">
      <Text>Dokunmatik Kontroller için Kilavuz</Text>
    </Row>
    <Row Tag="TXT_KEY_ZOOM_OUT">
      <Text>Uzaklastir</Text>
    </Row>
    <Row Tag="TXT_KEY_ZOOM_IN">
      <Text>Yakinlastir</Text>
    </Row>
    <Row Tag="TXT_KEY_DRAG_SPEED">
      <Text>Harita Sürükleme Hizi: {1_Num}</Text>
    </Row>
    <Row Tag="TXT_KEY_DRAG_SPEED_TT">
      <Text>Haritayi sürüklerken hareketi hizlandirir\yavaslatir.</Text>
    </Row>
    <Row Tag="TXT_KEY_PINCH_SPEED">
      <Text>Harita Yakinlastirma Hizi: {1_Num}</Text>
    </Row>
    <Row Tag="TXT_KEY_PINCH_SPEED_TT">
      <Text>Haritayi yakinlastirirken hareketi hizlandirir\yavaslatir.</Text>
    </Row>
  </Language_en_US>
</GameData>