﻿<?xml version="1.0" encoding="utf-8"?>
<!--Sid Meier's Civilization V -->
<!--Copyright Firaxis Games 2010 -->
<!--File created by Paul Murphy-->
<GameData>
  <Language_en_US>
    <Row Tag="TXT_KEY_CIV5_HINT_13">
      <Text>Civiniz saldiri altindayken iyi bir yol agi son derece faydali olabilir. Örnegin, dogru kosullar altinda 2 hareket gücüne sahip menzilli birlikler ilerleyebilir, düsman birliklerine ates açabilir ve yol üzerindeyse tek bir turda daha güçlü birliklerin arkasina çekilebilir.</Text>
    </Row>
    <Row Tag="TXT_KEY_CIV5_HINT_14">
      <Text>Herhangi bir türden orta derecede güçlü üç birim, sehir sehir disinda ek birimler tarafindan savunulmadigi sürece, ne kadar güçlü olursa olsun neredeyse her sehri ele geçirebilir.</Text>
    </Row>
    <Row Tag="TXT_KEY_CIV5_HINT_2">
      <Text>Tapinaklar, Tiyatrolar ve diger kültürel binalari insa ederek gelismis yurttasliga erisim saglayin.</Text>
    </Row>
    <Row Tag="TXT_KEY_CIV5_HINT_3">
      <Text>Bir alan bir medeniyetin sinirlari içine girdiginde, her zaman o medeniyetin sinirlari içinde kalacaktir. Bu alanin kontrolünü medeniyetten almanin tek yolu, alani kontrol eden sehri ele geçirmek veya yok etmektir.</Text>
    </Row>
    <Row Tag="TXT_KEY_CIV5_HINT_6">
      <Text>Gözcü birimleri diger erken dönem birimlerinden bir alan daha uzagi görebilir ve bu nedenle mükemmel bekçi köpekleri olurlar. Onlari dünyayi kesfetmeye göndermenin yani sira, imparatorlugunuzun çevresindeki tepelere yerlestirmeyi de düsünün.</Text>
    </Row>
    <Row Tag="TXT_KEY_CIV5_HINT_7">
      <Text>Silahli çatismaya asla biçak götürme.</Text>
    </Row>
    <Row Tag="TXT_KEY_CIV5_HINT_8">
      <Text>Imparatorlugunuzun Mutluluguna göz kulak olun. Eger imparatorlugunuz Mutsuzsa, yeni Mutluluk kaynaklari elde edene kadar sehirlerinizin büyümesi duracaktir.</Text>
    </Row>
  </Language_en_US>
</GameData>