﻿<?xml version="1.0" encoding="utf-8"?>
<!-- edited with XMLSPY v2004 rel. 2 U (http://www.xmlspy.com) by Scott Lewis (Firaxis Games) -->
<GameData>
  <Language_en_US>
    <!-- Enemy Unit Panel-->
    <Row Tag="TXT_KEY_EUPANEL_SUPPORT_DMG">
      <Text>Destek DMG: ~{1_Num}</Text>
    </Row>
    <Row Tag="TXT_KEY_EUPANEL_ATTACK_CITIES">
      <Text>Bonus VS Sehirler</Text>
    </Row>
    <Row Tag="TXT_KEY_EUPANEL_ATTACK_CITIES_PENALTY">
      <Text>Ceza VS Sehirler</Text>
    </Row>
    <Row Tag="TXT_KEY_EUPANEL_ATTACK_OVER_RIVER">
      <Text>Nehir üzerinden saldiri</Text>
    </Row>
    <Row Tag="TXT_KEY_EUPANEL_AMPHIBIOUS_ATTACK">
      <Text>Amfibi Saldiri</Text>
    </Row>
    <Row Tag="TXT_KEY_EUPANEL_GG_NEAR">
      <Text>Great General yakininda</Text>
    </Row>
    <Row Tag="TXT_KEY_EUPANEL_REVERSE_GG_NEAR">
      <Text>Yakin Düsman Savas Dansi</Text>
    </Row>
    <Row Tag="TXT_KEY_EUPANEL_IMPROVEMENT_NEAR">
      <Text>Yakin Savas Bonusu Iyilestirmesi</Text>
    </Row>
    <Row Tag="TXT_KEY_EUPANEL_POLICY_ATTACK_BONUS">
      <Text>Geçici Saldiri Bonusu ({1_Num})</Text>
    </Row>
    <Row Tag="TXT_KEY_EUPANEL_FLANKING_BONUS">
      <Text>Kanat Bonusu</Text>
    </Row>
    <Row Tag="TXT_KEY_EUPANEL_EXTRA_PERCENT">
      <Text>Savas Bonusu</Text>
    </Row>
    <Row Tag="TXT_KEY_EUPANEL_FIGHT_AT_HOME_BONUS">
      <Text>Dost Topraklarda Bonus</Text>
    </Row>
    <Row Tag="TXT_KEY_EUPANEL_ATTACK_IN_FRIEND_LANDS">
      <Text>Dost Topraklara Saldirmak</Text>
    </Row>
    <Row Tag="TXT_KEY_EUPANEL_OUTSIDE_HOME_BONUS">
      <Text>Dost Topraklar disinda bonus</Text>
    </Row>
    <Row Tag="TXT_KEY_EUPANEL_EMPIRE_UNHAPPY_PENALTY">
      <Text>[ICON_HAPPINESS_4] Cok Mutsuz</Text>
    </Row>
    <Row Tag="TXT_KEY_EUPANEL_STRATEGIC_RESOURCE">
      <Text>Stratejik Kaynak Cezasi</Text>
    </Row>
    <Row Tag="TXT_KEY_EUPANEL_ADJACENT_FRIEND_UNIT_BONUS">
      <Text>Komsu Dost Birim</Text>
    </Row>
    <Row Tag="TXT_KEY_EUPANEL_ATTACK_MOD_BONUS">
      <Text>Saldiri Bonusu</Text>
    </Row>
    <Row Tag="TXT_KEY_EUPANEL_BONUS_VS_CLASS">
      <Text>Bonus VS {1_UnitType}</Text>
    </Row>
    <Row Tag="TXT_KEY_EUPANEL_BONUS_VS_DOMAIN">
      <Text>Bonus VS Etki Alani</Text>
    </Row>
    <Row Tag="TXT_KEY_EUPANEL_BONUS_VS_FORT_UNITS">
      <Text>Bonus VS Güçlendirilmis Birimler</Text>
    </Row>
    <Row Tag="TXT_KEY_EUPANEL_BONUS_VS_WOUND_UNITS">
      <Text>Yarali Birimlere Karsi Bonus</Text>
    </Row>
    <Row Tag="TXT_KEY_EUPANEL_HILL_ATTACK_BONUS">
      <Text>Tepe Saldirisi Bonusu</Text>
    </Row>
    <Row Tag="TXT_KEY_EUPANEL_OPEN_TERRAIN_BONUS">
      <Text>Açik Arazi Saldiri Bonusu</Text>
    </Row>
    <Row Tag="TXT_KEY_EUPANEL_OPEN_TERRAIN_RANGE_BONUS">
      <Text>Açik Arazi Menzilli Bonusu</Text>
    </Row>
    <Row Tag="TXT_KEY_EUPANEL_ROUGH_TERRAIN_BONUS">
      <Text>Engebeli Arazi Saldiri Bonusu</Text>
    </Row>
    <Row Tag="TXT_KEY_EUPANEL_ROUGH_TERRAIN_RANGED_BONUS">
      <Text>Engebeli Arazi Menzilli Bonusu</Text>
    </Row>
    <Row Tag="TXT_KEY_EUPANEL_ATTACK_INTO_BONUS">
      <Text>Bonus Saldiri {1_TerrainType}</Text>
    </Row>
    <Row Tag="TXT_KEY_EUPANEL_VS_BARBARIANS_BONUS">
      <Text>Bonus Barbarlara Karsi</Text>
    </Row>
    <Row Tag="TXT_KEY_EUPANEL_GARRISONED_CITY_RANGE_BONUS">
      <Text>Garnizonlu Birim Bonusu</Text>
    </Row>
    <Row Tag="TXT_KEY_EUPANEL_UNIT_YOUR_APPROXIMATE_DAMAGE">
      <Text>Yaklasik DMG Etkisi :</Text>
    </Row>
    <Row Tag="TXT_KEY_EUPANEL_UNIT_THEIR_APPROXIMATE_DAMAGE">
      <Text>: Yaklasik DMG Etkisi</Text>
    </Row>
    <Row Tag="TXT_KEY_EUPANEL_UNIT_STRENGTH">
      <Text>TOPLAM GÜC</Text>
    </Row>
    <Row Tag="TXT_KEY_EUPANEL_UNIT_YOUR_STRENGTH">
      <Text>[ICON_STRENGTH] SENIN GÜCÜN :</Text>
    </Row>
    <Row Tag="TXT_KEY_EUPANEL_UNIT_THEIR_STRENGTH">
      <Text>: GÜCLERI [ICON_STRENGTH]</Text>
    </Row>
    <Row Tag="TXT_KEY_EUPANEL_TERRAIN_MODIFIER">
      <Text>Arazi Degistirici</Text>
    </Row>
    <Row Tag="TXT_KEY_EUPANEL_RANGED_ATTACK_MODIFIER">
      <Text>Menzilli Saldiri Degistirici</Text>
    </Row>
    <Row Tag="TXT_KEY_EUPANEL_FORTIFICATION_BONUS">
      <Text>Güçlendirme Bonusu</Text>
    </Row>
    <Row Tag="TXT_KEY_EUPANEL_DEFENSE_BONUS">
      <Text>Savunma Bonusu</Text>
    </Row>
    <Row Tag="TXT_KEY_EUPANEL_HILL_DEFENSE_BONUS">
      <Text>Tepe Savunma Bonusu</Text>
    </Row>
    <Row Tag="TXT_KEY_EUPANEL_OPEN_TERRAIN_DEF_BONUS">
      <Text>Açik Arazi Savunma Bonusu</Text>
    </Row>
    <Row Tag="TXT_KEY_EUPANEL_ROUGH_TERRAIN_DEF_BONUS">
      <Text>Engebeli Arazi Savunma Bonusu</Text>
    </Row>
    <Row Tag="TXT_KEY_EUPANEL_BONUS_DEFENSE_TERRAIN">
      <Text>Bonus {1_TerrainType}'de Savunma</Text>
    </Row>
    <Row Tag="TXT_KEY_EUPANEL_BONUS_GOLDEN_AGE">
      <Text>Altin Cag Bonusu</Text>
    </Row>
    <Row Tag="TXT_KEY_EUPANEL_BONUS_CITY_STATE">
      <Text>Sehir Eyalet Bonus</Text>
    </Row>
    <Row Tag="TXT_KEY_EUPANEL_BONUS_RELIGIOUS_BELIEF">
      <Text>Dini Inanç Bonusu</Text>
    </Row>
    <Row Tag="TXT_KEY_EUPANEL_MY_COMBAT_INFO">
      <Text>SAVAS BILGILERIM!</Text>
    </Row>
    <Row Tag="TXT_KEY_EUPANEL_THEIR_COMBAT_INFO">
      <Text>SAVAS BILGILERI!</Text>
    </Row>
    <Row Tag="TXT_KEY_EUPANEL_SAFE_ATTACK">
      <Text>GÜVENLI SALDIRI</Text>
    </Row>
    <Row Tag="TXT_KEY_EUPANEL_RISKY_ATTACK">
      <Text>MALIYETLI SALDIRI</Text>
    </Row>
    <Row Tag="TXT_KEY_EUPANEL_TOTAL_VICTORY">
      <Text>KESIN ZAFER</Text>
    </Row>
    <Row Tag="TXT_KEY_EUPANEL_MAJOR_VICTORY">
      <Text>BÜYÜK ZAFER</Text>
    </Row>
    <Row Tag="TXT_KEY_EUPANEL_MINOR_VICTORY">
      <Text>KÜCÜK ZAFER</Text>
    </Row>
    <Row Tag="TXT_KEY_EUPANEL_MINOR_DEFEAT">
      <Text>KÜCÜK YENILGI</Text>
    </Row>
    <Row Tag="TXT_KEY_EUPANEL_MAJOR_DEFEAT">
      <Text>BÜYÜK YENILGI</Text>
    </Row>
    <Row Tag="TXT_KEY_EUPANEL_TOTAL_DEFEAT">
      <Text>TOPLAM YENILGI</Text>
    </Row>
    <Row Tag="TXT_KEY_EUPANEL_STALEMATE">
      <Text>STALEMATE</Text>
    </Row>
    <Row Tag="TXT_KEY_EUPANEL_MOVEMENT">
      <Text>Hareket</Text>
    </Row>
    <Row Tag="TXT_KEY_EUPANEL_LOWER_STRENGTH">
      <Text>Güç</Text>
    </Row>
    <Row Tag="TXT_KEY_EUPANEL_RANGED_ATTACK">
      <Text>Menzilli Saldiri</Text>
    </Row>
    <Row Tag="TXT_KEY_EUPANEL_CURRENT_STATUS">
      <Text>Mevcut Durum</Text>
    </Row>
    <!-- Plot Rollover Help Text-->
    <Row Tag="TXT_KEY_PLOTROLL_EMBARKED">
      <Text>(gemiye bindi)</Text>
    </Row>
    <Row Tag="TXT_KEY_PLOTROLL_MIL_UNIT_STRENGTH">
      <Text>{1_CivName} ({2_Player}), {3_Num}[ICON_STRENGTH], {4_Num}HP {5_Num}</Text>
    </Row>
    <Row Tag="TXT_KEY_PLOTROLL_UNIT_DESCRIPTION_CIV">
      <Text>{@1_CivAdjective} {@2_UnitName}</Text>
    </Row>
    <Row Tag="TXT_KEY_PLOTROLL_UNIT_DESCRIPTION_PLAYER">
      <Text>{1_PlayerName}: {2_UnitName}</Text>
    </Row>
    <Row Tag="TXT_KEY_PLOTROLL_UNIT_HP">
      <Text>{1_Num} HP</Text>
    </Row>
    <Row Tag="TXT_KEY_PLOTROLL_OWNED_CIV">
      <Text>{1_CivName:textkey} tarafindan sahip olunan karo</Text>
    </Row>
    <Row Tag="TXT_KEY_PLOTROLL_OWNED_PLAYER">
      <Text>{1_PlayerName} tarafindan sahip olunan karo</Text>
    </Row>
    <Row Tag="TXT_KEY_PLOTROLL_FRESH_WATER">
      <Text>Tatli Su</Text>
    </Row>
    <Row Tag="TXT_KEY_PLOTROLL_REQUIRES_TECH_TO_USE">
      <Text>[COLOR_WARNING_TEXT](Kullanmak için {@1_TechName} gerektirir)[ENDCOLOR]</Text>
    </Row>
    <Row Tag="TXT_KEY_PLOTROLL_REQUIRES_TECH">
      <Text>[COLOR_WARNING_TEXT](Requires {@1_TechName})[ENDCOLOR]</Text>
    </Row>
    <Row Tag="TXT_KEY_PLOTROLL_PILLAGED">
      <Text>(Yagmalanmis!)</Text>
    </Row>
    <Row Tag="TXT_KEY_PLOTROLL_TRADE_ROUTE">
      <Text>Ticaret Rotasi</Text>
    </Row>
    <Row Tag="TXT_KEY_PLOTROLL_MOUNTAIN">
      <Text>Dag</Text>
    </Row>
    <Row Tag="TXT_KEY_PLOTROLL_HILL">
      <Text>Hill</Text>
    </Row>
    <Row Tag="TXT_KEY_PLOTROLL_LAKE">
      <Text>Göl</Text>
    </Row>
    <Row Tag="TXT_KEY_PLOTROLL_OCEAN">
      <Text>Okyanus</Text>
    </Row>
    <Row Tag="TXT_KEY_PLOTROLL_RIVER">
      <Text>Nehir</Text>
    </Row>
    <Row Tag="TXT_KEY_OUTPUT">
      <Text>Cikti</Text>
    </Row>
    <Row Tag="TXT_KEY_RESOURCE">
      <Text>Kaynak</Text>
    </Row>
    <Row Tag="TXT_KEY_IMPROVEMENT">
      <Text>Iyilestirme</Text>
    </Row>
    <Row Tag="TXT_KEY_CITY_OF">
      <Text>{1_CivAdjective:textkey} {2_CityName} Sehri</Text>
    </Row>
    <Row Tag="TXT_KEY_CITY_STATE_BARB_QUEST_SHORT">
      <Text>Sehir-Devlet Görevi</Text>
    </Row>
    <Row Tag="TXT_KEY_CITY_STATE_BARB_QUEST_LONG">
      <Text>{1_CivName:textkey} Sehir Devleti bu karedeki barbar kampini yok etmenizi istiyor.</Text>
    </Row>
    <!-- Unit Panel Texts -->
    <Row Tag="TXT_KEY_UPANEL_HEALTH">
      <Text>Saglik</Text>
    </Row>
    <Row Tag="TXT_KEY_UPANEL_RECOMMENDED">
      <Text>Tavsiye edilir:</Text>
    </Row>
    <Row Tag="TXT_KEY_UPANEL_REPAIR_TILE">
      <Text>Fayans Onarimi</Text>
    </Row>
    <Row Tag="TXT_KEY_UPANEL_REPAIR_TILE_3">
      <Text>Fayans Onarimi (3)</Text>
    </Row>
    <Row Tag="TXT_KEY_UPANEL_UNIT_PROMOTED">
      <Text>BIRIM TERFI ETTI!</Text>
    </Row>
    <Row Tag="TXT_KEY_UPANEL_UNIT_PROMOTED_TT">
      <Text>Biriminizin seçebilecegi promosyonlari gösterir.</Text>
    </Row>
    <Row Tag="TXT_KEY_UPANEL_UNIT_NAME">
      <Text>BIRIM ADI</Text>
    </Row>
    <Row Tag="TXT_KEY_UPANEL_CYCLELEFT">
      <Text>Bu turda henüz emir almamis olan SONRAKI Birime dönün.</Text>
    </Row>
    <Row Tag="TXT_KEY_UPANEL_CYCLERIGHT">
      <Text>Bu turda henüz emir almamis olan ÖNCEKI Birime dönün.</Text>
    </Row>
    <Row Tag="TXT_KEY_UPANEL_MOVEMENT">
      <Text>Hareket</Text>
    </Row>
    <Row Tag="TXT_KEY_UPANEL_MOVEMENT_TT">
      <Text>Bu Birimin bir turda hareket edebilecegi tas sayisi.</Text>
    </Row>
    <Row Tag="TXT_KEY_UPANEL_RANGEMOVEMENT">
      <Text>Menzil</Text>
    </Row>
    <Row Tag="TXT_KEY_UPANEL_RANGEMOVEMENT_TT">
      <Text>Bu Birimin bir turda uçabilecegi karo sayisi.</Text>
    </Row>
    <Row Tag="TXT_KEY_UPANEL_UNIT_NO_MOVES">
      <Text>ÜNITE HAREKET DISI</Text>
    </Row>
    <Row Tag="TXT_KEY_UPANEL_STRENGTH">
      <Text>Güç</Text>
    </Row>
    <Row Tag="TXT_KEY_UPANEL_STRENGTH_TT">
      <Text>Bu, Birligin savas gücünü gösterir.  Bu sayi ne kadar yüksekse Birim savasta o kadar iyi performans gösterir.</Text>
    </Row>
    <Row Tag="TXT_KEY_UPANEL_RANGED_ATTACK">
      <Text>Menzilli Saldiri</Text>
    </Row>
    <Row Tag="TXT_KEY_UPANEL_RANGED_ATTACK_TT">
      <Text>Bu, Birimin menzilli saldiri gücünü gösterir.  Bu sayi ne kadar yüksekse, Birim savasta o kadar iyi performans gösterir.</Text>
    </Row>
    <Row Tag="TXT_KEY_UPANEL_UNIT_MAY_MOVE">
      <Text>Biriminiz bu tur {1_Num} daha fazla karo(lar) hareket ettirebilir.</Text>
    </Row>
    <Row Tag="TXT_KEY_UPANEL_UNIT_MAY_STRIKE_REBASE">
      <Text>Birliginiz {1_Num} karo(lar) içinde saldirabilir veya {2_Num} karo içinde yeniden üslenebilir.</Text>
    </Row>
    <Row Tag="TXT_KEY_UPANEL_SET_HITPOINTS_TT">
      <Text>{1_Num}\{2_Num} Hit Puanlari</Text>
    </Row>
    <Row Tag="TXT_KEY_UPANEL_CLICK_TO_SELECT">
      <Text>[NEWLINE][COLOR_YELLOW]Bu birimi seçmek için tiklayin.[ENDCOLOR]</Text>
    </Row>
    <Row Tag="TXT_KEY_UN_VOTES_TO_WIN">
      <Text>Kazanmak için BM Oylarina Ihtiyaç Var</Text>
    </Row>
    <!--Strategic View Options-->
    <Row Tag="TXT_KEY_SV_OVERLAY_NONE">
      <Text>Kaplama Yok</Text>
    </Row>
    <Row Tag="TXT_KEY_SV_OVERLAY_CULTURE">
      <Text>Siyasi Harita</Text>
    </Row>
    <Row Tag="TXT_KEY_SV_OVERLAY_PASSABLE_TERRAIN">
      <Text>Geçilebilir Arazi</Text>
    </Row>
    <Row Tag="TXT_KEY_SV_OVERLAY_UNIT_CULTURE">
      <Text>Birim Sahibi</Text>
    </Row>
    <Row Tag="TXT_KEY_SV_OVERLAY_UNIT_TYPE">
      <Text>Birim Tipi</Text>
    </Row>
    <Row Tag="TXT_KEY_SV_OVERLAY_UNIT_DOMAIN">
      <Text>Birim Etki Alani</Text>
    </Row>
    <Row Tag="TXT_KEY_SV_OVERLAY_UNIT_COMBAT_TYPE">
      <Text>Birim Savas Tipi</Text>
    </Row>
    <Row Tag="TXT_KEY_SV_OVERLAY_RESOURCES">
      <Text>Kaynaklar</Text>
    </Row>
    <Row Tag="TXT_KEY_SV_OVERLAY_TRADE_ROUTES">
      <Text>Ticaret Yollari</Text>
    </Row>
    <Row Tag="TXT_KEY_SV_ICONS_ALL">
      <Text>Tümü</Text>
    </Row>
    <Row Tag="TXT_KEY_SV_ICONS_NONE">
      <Text>Hiçbiri</Text>
    </Row>
    <Row Tag="TXT_KEY_SV_ICONS_UNITS">
      <Text>Birimler</Text>
    </Row>
    <Row Tag="TXT_KEY_SV_ICONS_RESOURCES">
      <Text>Kaynaklar</Text>
    </Row>
    <Row Tag="TXT_KEY_SV_ICONS_IMPROVEMENTS">
      <Text>Iyilestirmeler</Text>
    </Row>
    <!-- Info Corner -->
    <Row Tag="TXT_KEY_IC_CHOOSE">
      <Text>Bilgi Panelini Degistir</Text>
    </Row>
    <Row Tag="TXT_KEY_IC_NONE">
      <Text>Kapat</Text>
    </Row>
    <Row Tag="TXT_KEY_IC_DIPLO">
      <Text>Diplomasi Bilgileri</Text>
    </Row>
    <Row Tag="TXT_KEY_IC_UNIT">
      <Text>Birim Listesi</Text>
    </Row>
    <Row Tag="TXT_KEY_IC_CITY">
      <Text>Sehir Listesi</Text>
    </Row>
    <Row Tag="TXT_KEY_IC_RESEARCH">
      <Text>Arastirma Bilgileri</Text>
    </Row>
    <!-- Top Panel Text-->
    <Row Tag="TXT_KEY_RETURN">
      <Text>Dönüs</Text>
    </Row>
    <Row Tag="TXT_KEY_CITY_SCREEN_EXIT_TOOLTIP">
      <Text>Sehir Ekranindan çikin ve dünya haritasina dönün.</Text>
    </Row>
    <Row Tag="TXT_KEY_HELP_CAPS">
      <Text>YARDIM</Text>
    </Row>
    <Row Tag="TXT_KEY_HELP">
      <Text>Yardim</Text>
    </Row>
    <Row Tag="TXT_KEY_CIVILOPEDIA_TOOLTIP">
      <Text>Cesitli oyun ögelerini açiklayan Civilopedia'yi açin.</Text>
    </Row>
    <Row Tag="TXT_KEY_MENU_CAPS">
      <Text>MENÜ</Text>
    </Row>
    <Row Tag="TXT_KEY_MENU">
      <Text>Menü</Text>
    </Row>
    <Row Tag="TXT_KEY_MENU_TOOLTIP">
      <Text>Oyunu kaydedebileceginiz, ana menüye çikabileceginiz vb. oyun menüsünü getirir.</Text>
    </Row>
    <Row Tag="TXT_KEY_NO_SCIENCE">
      <Text>Bilim yok!</Text>
    </Row>
    <Row Tag="TXT_KEY_GOLDEN_AGE_ANNOUNCE">
      <Text>Altin Cag!</Text>
    </Row>
    <Row Tag="TXT_KEY_TP_SCIENCE">
      <Text>{1_Num} [ICON_RESEARCH] Mevcut arastirma projesine yönelik olarak imparatorluk çapinda bilim üretilmektedir.</Text>
    </Row>
    <Row Tag="TXT_KEY_TP_SCIENCE_FROM_CITIES">
      <Text>[ICON_BULLET][COLOR_POSITIVE_TEXT]+{1_Num}[ENDCOLOR] [ICON_RESEARCH] from Cities.</Text>
    </Row>
    <Row Tag="TXT_KEY_TP_SCIENCE_FROM_MINORS">
      <Text>[ICON_BULLET][COLOR_POSITIVE_TEXT]+{1_Num}[ENDCOLOR] [ICON_RESEARCH] Sehir Devletlerinden.</Text>
    </Row>
    <Row Tag="TXT_KEY_TP_SCIENCE_FROM_HAPPINESS">
      <Text>[ICON_BULLET][COLOR_POSITIVE_TEXT]+{1_Num}[ENDCOLOR] [ICON_RESEARCH] fazla Mutluluktan.</Text>
    </Row>
    <Row Tag="TXT_KEY_TP_SCIENCE_FROM_RESEARCH_AGREEMENTS">
      <Text>[ICON_BULLET][COLOR_POSITIVE_TEXT]+{1_Num}[ENDCOLOR] [ICON_RESEARCH] diger oyuncularla yapilan Arastirma Anlasmalarindan.</Text>
    </Row>
    <Row Tag="TXT_KEY_TP_SCIENCE_FROM_BUDGET_DEFICIT">
      <Text>[ICON_BULLET][COLOR_NEGATIVE_TEXT]([1] [ICON_RESEARCH] [ICON_GOLD] bütçe açigindan![ENDCOLOR]</Text>
    </Row>
    <Row Tag="TXT_KEY_TP_AVAILABLE_GOLD">
      <Text>{1_Num} harcanabilecek toplam [ICON_GOLD] Altin.</Text>
    </Row>
    <Row Tag="TXT_KEY_TP_TOTAL_INCOME">
      <Text>{1_Num} toplam gelirde.</Text>
    </Row>
    <Row Tag="TXT_KEY_TP_CITY_OUTPUT">
      <Text>{1_Num} tüm Sehirlerin çiktilarindan.</Text>
    </Row>
    <Row Tag="TXT_KEY_TP_GOLD_FROM_TR">
      <Text>{1_Num} Sehirleriniz ve [ICON_CAPITAL] Baskentiniz arasindaki [ICON_CONNECTED] Ticaret Yollarindan.</Text>
    </Row>
    <Row Tag="TXT_KEY_TP_GOLD_FROM_OTHERS">
      <Text>{1_Num} diger medeniyetlerden.</Text>
    </Row>
    <Row Tag="TXT_KEY_TP_TOTAL_EXPENSES">
      <Text>{1_Num} toplam giderler içinde.</Text>
    </Row>
    <Row Tag="TXT_KEY_TP_UNIT_MAINT">
      <Text>{1_Num} Birim Bakimi için harcanmistir.</Text>
    </Row>
    <Row Tag="TXT_KEY_TP_GOLD_UNIT_SUPPLY">
      <Text>{1_Num} bölgeniz disindaki Birimleri tedarik etmek için harcanir.</Text>
    </Row>
    <Row Tag="TXT_KEY_TP_GOLD_BUILDING_MAINT">
      <Text>{1_Num} Bina Bakimi için harcanmistir.</Text>
    </Row>
    <Row Tag="TXT_KEY_TP_GOLD_TILE_MAINT">
      <Text>{1_Num} Karo Iyilestirme Bakimi için harcandi.</Text>
    </Row>
    <Row Tag="TXT_KEY_TP_GOLD_TO_OTHERS">
      <Text>{1_Num} diger Medeniyetlere.</Text>
    </Row>
    <Row Tag="TXT_KEY_TP_LOSING_SCIENCE_FROM_DEFICIT">
      <Text>Ödenemeyen masraflar Bilim Oraninizdan düsülecektir!</Text>
    </Row>
    <Row Tag="TXT_KEY_TP_GOLD_EXPLANATION">
      <Text>[ICON_GOLD] Altin ile sehirlerinizde arazi, birim ve bina satin alabilir veya sehir devletlerine hediyeler vererek sizi daha çok sevmelerini saglayabilirsiniz.</Text>
    </Row>
    <Row Tag="TXT_KEY_TP_TOTAL_HAPPINESS">
      <Text>Imparatorlugun Toplam [ICON_HAPPINESS_1] Mutluluk Düzeyi {1_Num}'tür.</Text>
    </Row>
    <Row Tag="TXT_KEY_TP_TOTAL_UNHAPPINESS">
      <Text>Toplam {1_Icon} Imparatorlugun Mutsuzluk Seviyesi {2_Num}'tür.</Text>
    </Row>
    <Row Tag="TXT_KEY_TP_EMPIRE_SUPER_UNHAPPY">
      <Text>Cünkü [ICON_HAPPINESS_4] Mutsuzluk 20'ye ulasti, Imparatorluk isyan halinde! Siz bu durumu düzeltene kadar her birkaç turda bir bölgenizde isyancilar ortaya çikacak!</Text>
    </Row>
    <Row Tag="TXT_KEY_TP_EMPIRE_VERY_UNHAPPY">
      <Text>Cünkü [ICON_HAPPINESS_4] Mutsuzluk 10'a ulasti, Imparatorluk [ICON_HAPPINESS_4] COK mutsuz! Sehirler büyümeyi durdurur, Yerlesimciler egitilemez, [ICON_PRODUCTION] Üretim büyük ölçüde azalir ve Birimler savasta daha az etkili olur!</Text>
    </Row>
    <Row Tag="TXT_KEY_TP_EMPIRE_UNHAPPY">
      <Text>Imparatorluk [ICON_HAPPINESS_3] mutsuzken sehirler sadece 1\4 normal hizda büyüyecek!</Text>
    </Row>
    <Row Tag="TXT_KEY_TP_HAPPINESS_SOURCES">
      <Text>{1_Num} toplam [ICON_HAPPINESS_1] Tüm kaynaklardan gelen mutluluk.</Text>
    </Row>
    <Row Tag="TXT_KEY_TP_HAPPINESS_FROM_RESOURCES">
      <Text>{1_Num} asagidaki Lüks Kaynaklardan EN AZ BIR kaynaga sahip olmaktan:</Text>
    </Row>
    <Row Tag="TXT_KEY_TP_HAPPINESS_EACH_RESOURCE">
      <Text>{1_Num} from {2_ResourceIcon} {3_ResourceName:textkey}</Text>
    </Row>
    <Row Tag="TXT_KEY_TP_HAPPINESS_RESOURCE_VARIETY">
      <Text>{1_Num} çesitli Lüks Kaynaklara sahip oldugu için.</Text>
    </Row>
    <Row Tag="TXT_KEY_TP_HAPPINESS_EXTRA_PER_RESOURCE">
      <Text>{1_Num} Lüks Kaynak basina eklenen ekstra Mutluluk ({2_NumResources} toplam).</Text>
    </Row>
    <Row Tag="TXT_KEY_TP_HAPPINESS_OTHER_SOURCES">
      <Text>{1_Num} diger kaynaklardan.</Text>
    </Row>
    <Row Tag="TXT_KEY_TP_HAPPINESS_POLICIES">
      <Text>{1_Num} Sosyal Politikalar'dan.</Text>
    </Row>
    <Row Tag="TXT_KEY_TP_HAPPINESS_BUILDINGS">
      <Text>{1_Num}'den Binalar.</Text>
    </Row>
    <Row Tag="TXT_KEY_TP_HAPPINESS_GARRISONED_UNITS">
      <Text>{1_Num} Garnizonlu Birimler'den.</Text>
    </Row>
    <Row Tag="TXT_KEY_TP_HAPPINESS_CONNECTED_CITIES">
      <Text>{1_Num} Sehirlerden [ICON_CONNECTED] Baskente [ICON_CAPITAL] bagli.</Text>
    </Row>
    <Row Tag="TXT_KEY_TP_HAPPINESS_STATE_RELIGION">
      <Text>{1_Num} Dini Inançlar'dan.</Text>
    </Row>
    <Row Tag="TXT_KEY_TP_HAPPINESS_NATURAL_WONDERS">
      <Text>{1_Num} Doga Harikalarinin Kesfinden.</Text>
    </Row>
    <Row Tag="TXT_KEY_TP_HAPPINESS_CITY_COUNT">
      <Text>{1_Num} Sehir sayisindan.</Text>
    </Row>
    <Row Tag="TXT_KEY_TP_HAPPINESS_CITY_STATE_FRIENDSHIP">
      <Text>{1_Num}'den [ICON_INFLUENCE] Sehir Devletleri ile Etki.</Text>
    </Row>
    <Row Tag="TXT_KEY_TP_HAPPINESS_DIFFICULTY_LEVEL">
      <Text>{1_Num}'den Zorluk Seviyesi.</Text>
    </Row>
    <Row Tag="TXT_KEY_TP_UNHAPPINESS_TOTAL">
      <Text>{1_Num} toplam [ICON_HAPPINESS_4] Tüm kaynaklardan gelen mutsuzluk.</Text>
    </Row>
    <Row Tag="TXT_KEY_TP_UNHAPPINESS_CITY_COUNT">
      <Text>{1_Num} Sehir sayisindan üretilmistir.</Text>
    </Row>
    <Row Tag="TXT_KEY_TP_UNHAPPINESS_CAPTURED_CITY_COUNT">
      <Text>{1_Num}'den [ICON_OCCUPIED] Isgal Edilen Sehir sayisina kadar.</Text>
    </Row>
    <Row Tag="TXT_KEY_TP_UNHAPPINESS_POPULATION">
      <Text>[ICON_CITIZEN] Nüfus tarafindan olusturulan {1_Num}.</Text>
    </Row>
    <Row Tag="TXT_KEY_TP_UNHAPPINESS_SPECIALISTS">
      <Text>[ICON_CITIZEN] Uzmanlari tarafindan olusturulan {1_Num : sayi "#.##"}.</Text>
    </Row>
    <Row Tag="TXT_KEY_TP_UNHAPPINESS_PUPPET_CITIES">
      <Text>{1_Num : sayi "#.##"} [ICON_CITIZEN] Population of [ICON_PUPPET] Puppet Cities tarafindan üretilmistir.</Text>
    </Row>
    <Row Tag="TXT_KEY_TP_UNHAPPINESS_OCCUPIED_POPULATION">
      <Text>{1_Num}'den [ICON_CITIZEN] Isgal Edilen Sehirlerdeki [ICON_OCCUPIED] Nüfus.</Text>
    </Row>
    <Row Tag="TXT_KEY_TP_UNHAPPINESS_UNITS">
      <Text>{1_Num} Birimler tarafindan olusturulur.</Text>
    </Row>
    <Row Tag="TXT_KEY_TP_HAPPINESS_EXPLANATION">
      <Text>[ICON_HAPPINESS_1] Mutluluk, sehirlerinizin büyümesini saglamak için gereklidir. [ICON_HAPPINESS_4] Mutsuzluga karsi koymak için kullanilir.</Text>
    </Row>
    <Row Tag="TXT_KEY_TP_GOLDEN_AGE_NOW">
      <Text>Imparatorluk {1_Num} tur daha [ICON_GOLDEN_AGE] ALTIN CAG'da!</Text>
    </Row>
    <Row Tag="TXT_KEY_TP_GOLDEN_AGE_PROGRESS">
      <Text>[ICON_BULLET]{1_NumCurrent}\{2_NumNeeded} bir sonraki [ICON_GOLDEN_AGE] Altin Cag'a dogru ilerleme.</Text>
    </Row>
    <Row Tag="TXT_KEY_TP_GOLDEN_AGE_ADDITION">
      <Text>[ICON_BULLET]{1_Num} her turda fazla [ICON_HAPPINESS_1] Mutluluktan eklenir.</Text>
    </Row>
    <Row Tag="TXT_KEY_TP_GOLDEN_AGE_LOSS">
      <Text>[ICON_BULLET]{1_Num} [ICON_HAPPINESS_4] Mutsuzluktan her turda KAYBEDILIR!</Text>
    </Row>
    <Row Tag="TXT_KEY_TP_GOLDEN_AGE_EFFECT">
      <Text>Bir [ICON_GOLDEN_AGE] Altin Cag'dayken, imparatorlugunuzda en az 1 [ICON_GOLD] Altin üreten her karo fazladan 1 üretir ve sehirler +%20 [ICON_PRODUCTION] Üretim kazanir.</Text>
    </Row>
    <Row Tag="TXT_KEY_TP_CULTURE_ACCUMULATED">
      <Text>{1_Num} [ICON_CULTURE] Kültür imparatorluk çapinda biriktirilmistir.</Text>
    </Row>
    <Row Tag="TXT_KEY_TP_CULTURE_NEXT_POLICY">
      <Text>{1_NumNeeded} [ICON_CULTURE] Kültürün yeni bir Sosyal Politika benimsemesi gerekiyordu.</Text>
    </Row>
    <Row Tag="TXT_KEY_TP_CULTURE_FOR_FREE">
      <Text>[ICON_BULLET][COLOR_POSITIVE_TEXT]+{1_Num}[ENDCOLOR] ücretsiz.</Text>
    </Row>
    <Row Tag="TXT_KEY_TP_CULTURE_FROM_CITIES">
      <Text>[ICON_BULLET][COLOR_POSITIVE_TEXT]+{1_Num}[ENDCOLOR] Sehirler tarafindan üretilmistir.</Text>
    </Row>
    <Row Tag="TXT_KEY_TP_CULTURE_FROM_HAPPINESS">
      <Text>[ICON_BULLET][COLOR_POSITIVE_TEXT]+{1_Num}[ENDCOLOR] from excess [ICON_HAPPINESS_1] Mutluluk.</Text>
    </Row>
    <Row Tag="TXT_KEY_TP_CULTURE_FROM_TRAITS">
      <Text>[ICON_BULLET][COLOR_POSITIVE_TEXT]+{1_Num}[ENDCOLOR] from Traits.</Text>
    </Row>
    <Row Tag="TXT_KEY_TP_CULTURE_FROM_MINORS">
      <Text>[ICON_BULLET][COLOR_POSITIVE_TEXT]+{1_Num}[ENDCOLOR] Sehir Devletlerinden.</Text>
    </Row>
    <Row Tag="TXT_KEY_TP_CULTURE_CITY_COST">
      <Text>Sahip oldugunuz her sehir Sosyal Politika maliyetlerini {1_Num}% oraninda artiracaktir! Kültürel olarak oynamak istiyorsaniz, çok fazla genislemeyin!</Text>
    </Row>
    <Row Tag="TXT_KEY_TP_NO_RESOURCES_DISCOVERED">
      <Text>Henüz hiçbir kaynak kesfedilmedi!</Text>
    </Row>
    <Row Tag="TXT_KEY_TP_RESOURCE_NONE">
      <Text>Bagli degil</Text>
    </Row>
    <Row Tag="TXT_KEY_TP_RESOURCE_INFO">
      <Text>[COLOR_POSITIVE_TEXT]{1_Num} Toplam[ENDCOLOR], [COLOR_WARNING_TEXT]{2_Num} Kullanildi[ENDCOLOR]</Text>
    </Row>
    <Row Tag="TXT_KEY_TP_TURN_COUNTER">
      <Text>Dönüs: {1_Nim}</Text>
    </Row>
    <!-- City Banner Text-->
    <Row Tag="TXT_KEY_CITY_CONNECTED">
      <Text>Sehrin [ICON_CONNECTED] Baskent ile [ICON_CAPITAL] Ticaret Yolu var!</Text>
    </Row>
    <Row Tag="TXT_KEY_CITY_BLOCKADED">
      <Text>Sehir [ICON_BLOCKADED] bir düsman birimi tarafindan abluka altina alindi!</Text>
    </Row>
    <Row Tag="TXT_KEY_CITY_BURNING">
      <Text>Sehir ([ICON_RAZING]) tur(lar)da {1_Num} yerle bir olacak!</Text>
    </Row>
    <Row Tag="TXT_KEY_CITY_RESISTANCE">
      <Text>Sehir {1_Num} tur(lar) boyunca [ICON_RESISTANCE] Direniste! Direnisteyken, bir Sehir yararli hiçbir sey yapamaz.</Text>
    </Row>
    <Row Tag="TXT_KEY_CITY_PUPPET">
      <Text>Sehir bir [ICON_PUPPET] Kukla! Bu durumda kaldigi sürece onun adina karar veremezsiniz.</Text>
    </Row>
    <Row Tag="TXT_KEY_CITY_PUPPET_OTHER">
      <Text>Sehir bir [ICON_PUPPET] Kukladir!</Text>
    </Row>
    <Row Tag="TXT_KEY_CITY_OCCUPIED">
      <Text>Sehir [ICON_OCCUPIED] Isgal Altinda! Bir Adliye Sarayi insa edilene kadar ekstra [ICON_HAPPINESS_4] Mutsuzluk üretecektir.</Text>
    </Row>
    <Row Tag="TXT_KEY_CITY_ANNEX_TT">
      <Text>Bu Sehri ilhak etmek için tiklayin.</Text>
    </Row>
    <Row Tag="TXT_KEY_CITY_STOPPED_GROWING_TT">
      <Text>{1_CityName} büyümeyi durdurmustur ve {2_Num} boyutunda kalacaktir.</Text>
    </Row>
    <Row Tag="TXT_KEY_CITY_STARVING_TT">
      <Text>{1_CityName} [COLOR_WARNING_TEXT]açliktan ölüyor![ENDCOLOR]</Text>
    </Row>
    <Row Tag="TXT_KEY_CITY_WILL_GROW_TT">
      <Text>{1_CityName} [COLOR_YELLOW]{2_Num}[ENDCOLOR] boyutundan [COLOR_YELLOW]{3_Num}[ENDCOLOR] boyutuna [COLOR_GREEN][4][ENDCOLOR] {4_NumTurns: plural 1?turn  other?turns } içinde büyüyecektir.</Text>
    </Row>
    <Row Tag="TXT_KEY_CITY_NOT_PRODUCING">
      <Text>{1_CityName} su anda hiçbir sey üretmiyor.</Text>
    </Row>
    <Row Tag="TXT_KEY_CITY_CURRENTLY_PRODUCING_99PLUS_TT">
      <Text>{1_CityName} 99'dan fazla turda {TXT_KEY_GRAMMAR_A_AN &lt;&lt; {2_BldgName}} üretecektir.</Text>
    </Row>
    <Row Tag="TXT_KEY_CITY_CURRENTLY_PRODUCING_TT">
      <Text>{1_CityName}, {3_Num} {3_Num: plural 1?turn  other?turns } içinde {TXT_KEY_GRAMMAR_A_AN &lt;&lt; {2_BldgName}} üretecektir.</Text>
    </Row>
    <Row Tag="TXT_KEY_CITY_ENTER_CITY_SCREEN">
      <Text>[COLOR_YELLOW]Sehir ekranina girmek için buraya tiklayin. [ENDCOLOR]</Text>
    </Row>
    <Row Tag="TXT_KEY_CITY_MAKE_RANGED_ATTACK">
      <Text>[COLOR_YELLOW]Sehrin menzilli bir saldiri gerçeklestirmesini saglamak için buna tiklayin [ENDCOLOR]</Text>
    </Row>
    <!-- Map Options -->
    <Row Tag="TXT_KEY_MAP_OPTIONS">
      <Text>Harita Seçenekleri</Text>
    </Row>
    <Row Tag="TXT_KEY_MAP_OPTIONS_UNIT_FLAGS">
      <Text>Birim Bayraklari</Text>
    </Row>
    <Row Tag="TXT_KEY_MAP_OPTIONS_UNIT_FLAGS_TT">
      <Text>Tüm birim bayraklarini gizle.</Text>
    </Row>
    <Row Tag="TXT_KEY_MAP_OPTIONS_HEX_GRID">
      <Text>Altigen Izgara</Text>
    </Row>
    <Row Tag="TXT_KEY_MAP_OPTIONS_HEX_GRID_TT">
      <Text>Izgarayi görüntüleyin.</Text>
    </Row>
    <Row Tag="TXT_KEY_MAP_OPTIONS_TRADE_ROUTES">
      <Text>Ticaret Yollari</Text>
    </Row>
    <Row Tag="TXT_KEY_MAP_OPTIONS_TRADE_ROUTES_TT">
      <Text>Ticaret yollarini görüntüleyin.</Text>
    </Row>
    <Row Tag="TXT_KEY_MAP_OPTIONS_YIELD_ICONS">
      <Text>Verim Simgeleri</Text>
    </Row>
    <Row Tag="TXT_KEY_MAP_OPTIONS_YIELD_ICONS_TT">
      <Text>Tüm verim simgelerini görüntüleyin.</Text>
    </Row>
    <Row Tag="TXT_KEY_MAP_OPTIONS_RESOURCE_ICONS">
      <Text>Kaynak Simgeleri</Text>
    </Row>
    <Row Tag="TXT_KEY_MAP_OPTIONS_RESOURCE_ICONS_TT">
      <Text>Tüm kaynak simgelerini görüntüleyin.</Text>
    </Row>
    <Row Tag="TXT_KEY_MAP_OPTIONS_RECOMMENDATIONS">
      <Text>Önerileri Gizle</Text>
    </Row>
    <Row Tag="TXT_KEY_MAP_OPTIONS_RECOMMENDATIONS_TT">
      <Text>Sivil Tavsiyeleri Gizle</Text>
    </Row>
    <!-- City View -->
    <Row Tag="TXT_KEY_CITYVIEW_CITIZEN_ICON_TT">
      <Text>Vatandas Sembolü</Text>
    </Row>
    <Row Tag="TXT_KEY_CITYVIEW_RESOURCE_DEMANDED_TT">
      <Text>Bu Kaynagi ticaret aginiza baglamak, bu Sehrin "Krali Seviyoruz Günü "ne girmesine neden olacak ve bu da [ICON_FOOD] büyümeyi artiracaktir!</Text>
    </Row>
    <Row Tag="TXT_KEY_CITYVIEW_RESOURCE_FULFILLED_TT">
      <Text>Bu Sehir, büyümeyi [ICON_FOOD] artiran "Krali Seviyoruz Günü "nde!</Text>
    </Row>
    <Row Tag="TXT_KEY_CITYVIEW_RAZE_BUTTON_TT">
      <Text>Yan, bebegim, yan!</Text>
    </Row>
    <Row Tag="TXT_KEY_CITYVIEW_RAZE_BUTTON_DISABLED_BECAUSE_CAPITAL_TT">
      <Text>Bir zamanlar baskent olan bir sehri yerle bir edemezsiniz</Text>
    </Row>
    <Row Tag="TXT_KEY_CITYVIEW_RAZE_BUTTON_TEXT">
      <Text>Raze City</Text>
    </Row>
    <Row Tag="TXT_KEY_CITYVIEW_TOGGLE_FOCUS_TT">
      <Text>Sehir Odagini Degistir</Text>
    </Row>
    <Row Tag="TXT_KEY_CITYVIEW_UNRAZE_BUTTON_TT">
      <Text>Yikim sürecini durdurun</Text>
    </Row>
    <Row Tag="TXT_KEY_CITYVIEW_UNRAZE_BUTTON_TEXT">
      <Text>Sehir Yikimini Durdurun</Text>
    </Row>
    <Row Tag="TXT_KEY_CITYVIEW_FOCUS_FOOD_TEXT">
      <Text>[ICON_FOOD] Gida Odagi</Text>
    </Row>
    <Row Tag="TXT_KEY_CITYVIEW_FOCUS_PROD_TEXT">
      <Text>[ICON_PRODUCTION] Üretim Odagi</Text>
    </Row>
    <Row Tag="TXT_KEY_CITYVIEW_FOCUS_GOLD_TEXT">
      <Text>[ICON_GOLD] Altin Odagi</Text>
    </Row>
    <Row Tag="TXT_KEY_CITYVIEW_FOCUS_RESEARCH_TEXT">
      <Text>[ICON_RESEARCH] Bilim Odagi</Text>
    </Row>
    <Row Tag="TXT_KEY_CITYVIEW_FOCUS_CULTURE_TEXT">
      <Text>[ICON_CULTURE] Kültür Odagi</Text>
    </Row>
    <Row Tag="TXT_KEY_CITYVIEW_FOCUS_GREAT_PERSON_TEXT">
      <Text>[ICON_GREAT_PEOPLE] Büyük Kisi Odagi</Text>
    </Row>
    <Row Tag="TXT_KEY_CITYVIEW_FOCUS_FOOD_TT">
      <Text>Bu sehrin [ICON_FOOD] Gida üretimini vurgulamasi için buraya tiklayin.</Text>
    </Row>
    <Row Tag="TXT_KEY_CITYVIEW_FOCUS_PROD_TT">
      <Text>Bu sehrin [ICON_PRODUCTION] Üretimini vurgulamak için buraya tiklayin.</Text>
    </Row>
    <Row Tag="TXT_KEY_CITYVIEW_FOCUS_GOLD_TT">
      <Text>Bu sehrin [ICON_GOLD] Altin üretimini vurgulamasi için buraya tiklayin.</Text>
    </Row>
    <Row Tag="TXT_KEY_CITYVIEW_FOCUS_RESEARCH_TT">
      <Text>Bu sehrin [ICON_RESEARCH] Bilim üretimini vurgulamasi için buraya tiklayin.</Text>
    </Row>
    <Row Tag="TXT_KEY_CITYVIEW_FOCUS_CULTURE_TT">
      <Text>Bu sehrin [ICON_CULTURE] Kültür üretimini vurgulamak için buraya tiklayin.</Text>
    </Row>
    <Row Tag="TXT_KEY_CITYVIEW_FOCUS_GREAT_PERSON_TT">
      <Text>Bu sehrin [ICON_GREAT_PEOPLE] Büyük Insanlar prodüksiyonunu vurgulamasi için buraya tiklayin.</Text>
    </Row>
    <Row Tag="TXT_KEY_CITYVIEW_FOCUS_BALANCED_TT">
      <Text>Bu sehrin varsayilan vatandas tahsisini kullanmasi için buraya tiklayin.</Text>
    </Row>
    <Row Tag="TXT_KEY_CITYVIEW_FOCUS_BALANCED_TEXT">
      <Text>Varsayilan Odak</Text>
    </Row>
    <Row Tag="TXT_KEY_CITYVIEW_FOCUS_RESET_TEXT">
      <Text>Karolari Sifirla</Text>
    </Row>
    <Row Tag="TXT_KEY_CITYVIEW_FOCUS_RESET_TT">
      <Text>Tüm kullanici kilitli kutucuklari kaldirmak için buraya tiklayin.</Text>
    </Row>
    <Row Tag="TXT_KEY_CITYVIEW_FOCUS_AVOID_GROWTH_TEXT">
      <Text>Büyümeden Kaçinin</Text>
    </Row>
    <Row Tag="TXT_KEY_CITYVIEW_FOCUS_AVOID_GROWTH_TT">
      <Text>Sehrin ayni nüfusta kalmaya çalismasi için buraya tiklayin.</Text>
    </Row>
    <Row Tag="TXT_KEY_CITYVIEW_FOCUS_BUTTON_C_TEXT">
      <Text>Yakin Sehir Odagi</Text>
    </Row>
    <Row Tag="TXT_KEY_CITYVIEW_FOCUS_BUTTON_TT">
      <Text>Sehir Odagini Yönetin</Text>
    </Row>
    <Row Tag="TXT_KEY_CITYVIEW_FOCUS_BUTTON_O_TEXT">
      <Text>Açik Sehir Odagi</Text>
    </Row>
    <Row Tag="TXT_KEY_CITYVIEW_PLACEHOLDER_TT">
      <Text>Yer tutucu</Text>
    </Row>
    <Row Tag="TXT_KEY_CITYVIEW_FOOD_TEXT">
      <Text>Yemek</Text>
    </Row>
    <Row Tag="TXT_KEY_CITYVIEW_EMPTY_SLOT">
      <Text>Bos Uzman Yuvasi</Text>
    </Row>
    <Row Tag="TXT_KEY_CITYVIEW_UNEMPLOYED_TEXT">
      <Text>Issiz Vatandaslar</Text>
    </Row>
    <Row Tag="TXT_KEY_CITYVIEW_UNEMPLOYED_TOOLTIP">
      <Text>Valinin isgücünü yeniden atamasini saglamak için buraya tiklayin.</Text>
    </Row>
    <Row Tag="TXT_KEY_CITYVIEW_PERTURN_TEXT">
      <Text>+{1_perTurn:number "#.##"}</Text>
    </Row>
    <Row Tag="TXT_KEY_CITYVIEW_PERTURN_TEXT_NEGATIVE">
      <Text>[COLOR_WARNING_TEXT]{1_perTurn:number "#.##"}[ENDCOLOR]</Text>
    </Row>
    <Row Tag="TXT_KEY_CITYVIEW_OFF">
      <Text>KAPALI</Text>
    </Row>
    <Row Tag="TXT_KEY_CITYVIEW_Q_UP_TEXT">
      <Text>Üretim kuyrugunda ilerleyin.</Text>
    </Row>
    <Row Tag="TXT_KEY_CITYVIEW_Q_DOWN_TEXT">
      <Text>Üretim kuyrugunda asagi inin.</Text>
    </Row>
    <Row Tag="TXT_KEY_CITYVIEW_Q_X_TEXT">
      <Text>Üretim kuyrugundan çikarin.</Text>
    </Row>
    <Row Tag="TXT_KEY_CITYVIEW_CITYINFO_TEXT">
      <Text>Sehir Bilgileri</Text>
    </Row>
    <Row Tag="TXT_KEY_CITYVIEW_TURNS_TILL_TILE_TEXT">
      <Text>{1_NumTurns:number} {1_NumTurns: plural 1?turn  other?turns } Sinir Büyümesine kadar</Text>
    </Row>
    <Row Tag="TXT_KEY_CITYVIEW_STARVATION_TEXT">
      <Text>[COLOR_WARNING_TEXT]ACLIK[ENDCOLOR]</Text>
    </Row>
    <Row Tag="TXT_KEY_CITYVIEW_STAGNATION_TEXT">
      <Text>[COLOR_YELLOW]DURGUNLUK[ENDCOLOR]</Text>
    </Row>
    <Row Tag="TXT_KEY_CITYVIEW_TURNS_TILL_CITIZEN_TEXT">
      <Text>{1_Turns:number} {1_Turns: plural 1?Turn  other?Turns } Yeni Bir Vatandas Dogana Kadar</Text>
    </Row>
    <Row Tag="TXT_KEY_CITYVIEW_QUEUE_O_TT">
      <Text>Üretim Kuyrugunu Açin</Text>
    </Row>
    <Row Tag="TXT_KEY_CITYVIEW_QUEUE_C_TT">
      <Text>Üretim Kuyrugunu Kapatin</Text>
    </Row>
    <Row Tag="TXT_KEY_CITYVIEW_QUEUE_C">
      <Text>Kuyrugu Gizle</Text>
    </Row>
    <Row Tag="TXT_KEY_CITYVIEW_QUEUE_O">
      <Text>Kuyrugu Göster</Text>
    </Row>
    <Row Tag="TXT_KEY_CITYVIEW_PROD_METER_TT">
      <Text>Daha fazla bilgi için sag tiklayin</Text>
    </Row>
    <Row Tag="TXT_KEY_CITYVIEW_CHANGE_PROD_TT">
      <Text>Bu Sehrin mevcut insaat projesinin ne oldugunu degistirin.  Bir seferde yalnizca bir öge üretilebilir.</Text>
    </Row>
    <Row Tag="TXT_KEY_CITYVIEW_CHANGE_PROD">
      <Text>ÜRETIMI DEGISTIRMEK</Text>
    </Row>
    <Row Tag="TXT_KEY_CITYVIEW_CHOOSE_PROD">
      <Text>ÜRETIMI SECIN</Text>
    </Row>
    <Row Tag="TXT_KEY_CITYVIEW_CHOOSE_PROD_TT">
      <Text>Bu Sehrin mevcut insaat projesinin ne oldugunu seçin.  Her seferinde sadece bir ürün üretilebilir.</Text>
    </Row>
    <Row Tag="TXT_KEY_CITYVIEW_QUEUE_PROD">
      <Text>QUEUE'YE EKLE</Text>
    </Row>
    <Row Tag="TXT_KEY_CITYVIEW_QUEUE_PROD_TT">
      <Text>Üretim kuyrugunun sonuna ek bir öge ekleyin (en fazla alti öge).  Her seferinde yalnizca bir öge üretilecektir.</Text>
    </Row>
    <Row Tag="TXT_KEY_CITYVIEW_PURCHASE_TT">
      <Text>Yeterli [ICON_GOLD] Altininiz oldugunda, hemen bir birim veya bina satin alin.</Text>
    </Row>
    <Row Tag="TXT_KEY_CITYVIEW_PRODUCE_BUTTON">
      <Text>ÜRETMEK</Text>
    </Row>
    <Row Tag="TXT_KEY_CITYVIEW_PURCHASE_BUTTON">
      <Text>SATIN ALMA</Text>
    </Row>
    <Row Tag="TXT_KEY_CITYVIEW_OTHER">
      <Text>DIGER</Text>
    </Row>
    <Row Tag="TXT_KEY_CITYVIEW_RETURN_TT">
      <Text>Dönüs</Text>
    </Row>
    <Row Tag="TXT_KEY_CITYVIEW_PRODUCE_WEALTH">
      <Text>Altin Üret</Text>
    </Row>
    <Row Tag="TXT_KEY_CITYVIEW_PRODUCE_RESEARCH">
      <Text>Arastirma Üretin</Text>
    </Row>
    <Row Tag="TXT_KEY_CITYVIEW_BUYPLOT_TT">
      <Text>Yeterli [ICON_GOLD] Altina sahip oldugunuzda, bu vurgulanan karolardan birini satin alacaktir.</Text>
    </Row>
    <Row Tag="TXT_KEY_CITYVIEW_SPECIALISTCONTROL_TT">
      <Text>Bina Uzmanlarinin manuel ve yapay zeka kontrolü arasinda geçis yapin.</Text>
    </Row>
    <Row Tag="TXT_KEY_CITYVIEW_MAINTENANCE">
      <Text>Bakim</Text>
    </Row>
    <Row Tag="TXT_KEY_CITYVIEW_CITIZEN_ALLOCATION">
      <Text>Vatandas Yönetimi</Text>
    </Row>
    <Row Tag="TXT_KEY_CITYVIEW_EACH">
      <Text>her biri</Text>
    </Row>
    <Row Tag="TXT_KEY_CITYVIEW_QUEUE_SELECTION">
      <Text>Kuyruk Seçimi</Text>
    </Row>
    <Row Tag="TXT_KEY_CITYVIEW_GG_PROGRGRESS">
      <Text>Büyük Genel Ilerleme</Text>
    </Row>
    <Row Tag="TXT_KEY_CITYVIEW_GP_PROGRGRESS">
      <Text>Büyük Insan Ilerlemesi</Text>
    </Row>
    <Row Tag="TXT_KEY_CITYVIEW_RETURN_TO_MAP">
      <Text>Haritaya Geri Dön</Text>
    </Row>
    <Row Tag="TXT_KEY_CITYVIEW_BUY_PLOT_TEXT">
      <Text>Arsa Metni Satin Alin</Text>
    </Row>
    <Row Tag="TXT_KEY_CITYVIEW_BUILDING_LIST">
      <Text>Bina Listesi</Text>
    </Row>
    <Row Tag="TXT_KEY_CITYVIEW_MANUAL_SPEC_CONTROL">
      <Text>Manuel Uzman Kontrolü</Text>
    </Row>
    <Row Tag="TXT_KEY_CITYVIEW_CLAIM_NEW_LAND">
      <Text>Bu arsayi {1_Num}[ICON_GOLD] Altin karsiliginda satin alin.</Text>
    </Row>
    <Row Tag="TXT_KEY_CITYVIEW_FOOD_IN_TURNS">
      <Text>{1_Num} [ICON_FOOD]\Turn, {2_Num} Dönüsler</Text>
    </Row>
    <Row Tag="TXT_KEY_CITYVIEW_FOOD_IN_TURNS_TT">
      <Text>{1_Num} turda Sehriniz büyüyecek ve ilave bir vatandas Sehrinizin yakinindaki bir kareden kaynak toplayabilecektir.</Text>
    </Row>
    <Row Tag="TXT_KEY_CITYVIEW_BUY_TILE_TT">
      <Text>Vatandaslarinizin sinirlariniza bitisik bir kareye yerlesmesini finanse etmek için [ICON_GOLD] Altin harcayin.</Text>
    </Row>
    <Row Tag="TXT_KEY_CITYVIEW_BUY_TILE">
      <Text>Karo Satin Alin</Text>
    </Row>
    <Row Tag="TXT_KEY_CITYVIEW_NEED_MONEY_BUY_TILE">
      <Text>Bu araziyi satin almak için {1_Num} [ICON_GOLD] Altina ihtiyaciniz var.</Text>
    </Row>
    <Row Tag="TXT_KEY_CITYVIEW_NEED_MONEY_BUY_TILE_TT">
      <Text>Bunu yapmak için yeterli [ICON_GOLD] Altininiz oldugunda, bu, vatandaslarinizin beyaz renkle vurgulanan karelerden birine yerlesmesini finanse edecektir.</Text>
    </Row>
    <Row Tag="TXT_KEY_CITYVIEW_RESOURCE_DEMANDED">
      <Text>Talep Edilen Kaynak: {1_ResourceName}</Text>
    </Row>
    <Row Tag="TXT_KEY_CITYVIEW_CITY_COMB_STRENGTH_TT">
      <Text>Sehir Savas Gücü</Text>
    </Row>
    <Row Tag="TXT_KEY_CITYVIEW_WLTKD_COUNTER">
      <Text>Kral Günü'nü Seviyoruz! ({1_Num})</Text>
    </Row>
    <Row Tag="TXT_KEY_CITYVIEW_CITY_CENTER">
      <Text>Sehir Merkezi otomatik olarak ücretsiz çalismaktadir.  Valinin isgücünü yeniden atamasi için buraya tiklayin.</Text>
    </Row>
    <Row Tag="TXT_KEY_CITYVIEW_FORCED_WORK_TILE">
      <Text>Calismak için bu dösemeyi seçtiniz.</Text>
    </Row>
    <Row Tag="TXT_KEY_CITYVIEW_GUVNA_WORK_TILE">
      <Text>Valiniz çalismak için bu dösemeyi seçti.  Bunu geçersiz kilmak için buraya tiklayabilirsiniz.</Text>
    </Row>
    <Row Tag="TXT_KEY_CITYVIEW_NUTHA_CITY_TILE">
      <Text>Bu karo ülkenizdeki baska bir sehir tarafindan isleniyor.  Calistirmak için buraya tiklayabilirsiniz, ancak diger sehir artik çalismayacaktir.</Text>
    </Row>
    <Row Tag="TXT_KEY_CITYVIEW_BLOCKADED_CITY_TILE">
      <Text>Bu karo bir düsman tarafindan ablukaya alinmis durumda.  Abluka altindaki düsman kaldirilana kadar çalisamazsiniz.</Text>
    </Row>
    <Row Tag="TXT_KEY_CITYVIEW_ENEMY_UNIT_CITY_TILE">
      <Text>Bu karenin üzerinde bir düsman var.  Düsman birimi kaldirilana kadar üzerinde çalisamazsiniz.</Text>
    </Row>
    <Row Tag="TXT_KEY_CITYVIEW_UNWORKED_CITY_TILE">
      <Text>Bu karo su anda çalisilmamaktadir.  Calismak için buraya tiklayabilirsiniz, ancak bunu yapmak yapay zekanin sizin için zaten seçtigi seyi geçersiz kilabilir.</Text>
    </Row>
    <!-- Disabled Unit actions -->
    <Row Tag="TXT_KEY_BUILD_BLOCKED_PREREQ_TECH">
      <Text>{1_TechName:textkey} (Teknoloji) bir {2_ImprovementName:textkey} olusturmak için gereklidir.</Text>
    </Row>
    <Row Tag="TXT_KEY_BUILD_BLOCKED_BY_FEATURE">
      <Text>{1_TechName:textkey} (Teknoloji) bu karodan {2_FeatureName:textkey}'ü temizlemek için gereklidir.</Text>
    </Row>
    <Row Tag="TXT_KEY_BUILD_BLOCKED_OUTSIDE_TERRITORY">
      <Text>{TXT_KEY_GRAMMAR_UPPER_A_AN &lt;&lt; {@1_ImprovementName}} sizin bölgeniz disinda insa edilemez.</Text>
    </Row>
    <!-- Worker Actions -->
    <Row Tag="TXT_KEY_BUILD_NUM_TURNS">
      <Text>{1_Num} Dönüsler</Text>
    </Row>
    <Row Tag="TXT_KEY_BUILD_CONNECTS_RESOURCE">
      <Text>Bu karedeki {1_Icon} [COLOR_POSITIVE_TEXT]{2_ResouceName:textkey}[ENDCOLOR] imparatorlugun ticaret agina baglanir.</Text>
    </Row>
    <Row Tag="TXT_KEY_BUILD_FEATURE_CLEARED">
      <Text>Bu karo üzerindeki {1_FeatureName:textkey} kaldirilacaktir</Text>
    </Row>
    <!-- Misc -->
    <Row Tag="TXT_KEY_ACPANEL_END_TURN">
      <Text>SON DÖNÜS</Text>
    </Row>
    <Row Tag="TXT_KEY_UNIT_STATUS">
      <Text>Birim Durumu</Text>
    </Row>
    <Row Tag="TXT_KEY_MOVES_LEFT">
      <Text>Kalan Hareketler</Text>
    </Row>
    <Row Tag="TXT_KEY_UNIT_NAME">
      <Text>Birim Adi</Text>
    </Row>
    <Row Tag="TXT_KEY_STATUS">
      <Text>Durum</Text>
    </Row>
    <Row Tag="TXT_KEY_NAME">
      <Text>Isim</Text>
    </Row>
    <Row Tag="TXT_KEY_DIPLOMACY_OVERVIEW">
      <Text>Diplomasiye Genel Bakis</Text>
    </Row>
    <Row Tag="TXT_KEY_ECONOMIC_OVERVIEW">
      <Text>Ekonomik Genel Bakis</Text>
    </Row>
    <Row Tag="TXT_KEY_GENERAL_INFORMATION">
      <Text>Genel Bilgiler</Text>
    </Row>
    <Row Tag="TXT_KEY_HAPPINESS_AND_RESOURCES">
      <Text>Kaynaklar &amp; Mutluluk</Text>
    </Row>
    <Row Tag="TXT_KEY_POPUP_CIVILIZATION">
      <Text>Uygarlik</Text>
    </Row>
    <Row Tag="TXT_KEY_MILITARY_OVERVIEW">
      <Text>Askeri Genel Bakis</Text>
    </Row>
    <Row Tag="TXT_KEY_POP_NOTIFICATION_LOG">
      <Text>Bildirim Günlügü</Text>
    </Row>
    <Row Tag="TXT_KEY_PROCESSING_TURN_FOR">
      <Text>Isleme Sirasi {1_CivilizationName} için</Text>
    </Row>
    <Row Tag="TXT_KEY_PROCESSING_MINOR_CIVS">
      <Text>Sehir Devletleri Için Islem Sirasi</Text>
    </Row>
    <Row Tag="TXT_KEY_PROCESSING_TURN_FOR_UNMET_PLAYER">
      <Text>Oyuncu için Islem Sirasi {1_PlayerCount}</Text>
    </Row>
    <Row Tag="TXT_KEY_EUPANEL_AIR_INTERCEPT_WARNING1">
      <Text>[COLOR_YELLOW]Avci tarafindan durdurma veya [ENDCOLOR]</Text>
    </Row>
    <Row Tag="TXT_KEY_EUPANEL_AIR_INTERCEPT_WARNING2">
      <Text>[COLOR_YELLOW]anti-hava hasari artiracaktir [ENDCOLOR]</Text>
    </Row>
    <Row Tag="TXT_KEY_EUPANEL_VISIBLE_AA_UNITS">
      <Text>[COLOR_WARNING_TEXT]Bilinen Düsman Anti-Hava Birimleri: {1_Number}[ENDCOLOR]</Text>
    </Row>
  </Language_en_US>
</GameData>