﻿<?xml version="1.0" encoding="utf-8"?>
<!--Sid Meier's Civilization V -->
<!--Copyright Firaxis Games 2010 -->
<!--File created by Michelle Menard-->
<GameData>
  <Language_en_US>
    <Row Tag="TXT_KEY_CITYSTATE_WARSAW">
      <Text>Varsova</Text>
    </Row>
    <Row Tag="TXT_KEY_CITYSTATE_WARSAW_ADJ">
      <Text>Varsova</Text>
    </Row>
    <Row Tag="TXT_KEY_CITYSTATE_EDINBURGH">
      <Text>Edinburgh</Text>
    </Row>
    <Row Tag="TXT_KEY_CITYSTATE_EDINBURGH_ADJ">
      <Text>Edinburgh</Text>
    </Row>
    <Row Tag="TXT_KEY_CITYSTATE_DUBLIN">
      <Text>Dublin</Text>
    </Row>
    <Row Tag="TXT_KEY_CITYSTATE_DUBLIN_ADJ">
      <Text>Dublin</Text>
    </Row>
    <Row Tag="TXT_KEY_CITYSTATE_GENEVA">
      <Text>Cenevre</Text>
    </Row>
    <Row Tag="TXT_KEY_CITYSTATE_GENEVA_ADJ">
      <Text>Cenevre</Text>
    </Row>
    <Row Tag="TXT_KEY_CITYSTATE_VENICE">
      <Text>Venedik</Text>
    </Row>
    <Row Tag="TXT_KEY_CITYSTATE_VENICE_ADJ">
      <Text>Venedik</Text>
    </Row>
    <Row Tag="TXT_KEY_CITYSTATE_GENOA">
      <Text>Cenova</Text>
    </Row>
    <Row Tag="TXT_KEY_CITYSTATE_GENOA_ADJ">
      <Text>Ceneviz</Text>
    </Row>
    <Row Tag="TXT_KEY_CITYSTATE_FLORENCE">
      <Text>Floransa</Text>
    </Row>
    <Row Tag="TXT_KEY_CITYSTATE_FLORENCE_ADJ">
      <Text>Florentine</Text>
    </Row>
    <Row Tag="TXT_KEY_CITYSTATE_RAGUSA">
      <Text>Ragusa</Text>
    </Row>
    <Row Tag="TXT_KEY_CITYSTATE_RAGUSA_ADJ">
      <Text>Ragusan</Text>
    </Row>
    <Row Tag="TXT_KEY_CITYSTATE_COPENHAGEN">
      <Text>Kopenhag</Text>
    </Row>
    <Row Tag="TXT_KEY_CITYSTATE_COPENHAGEN_ADJ">
      <Text>Kopenhag</Text>
    </Row>
    <Row Tag="TXT_KEY_CITYSTATE_OSLO">
      <Text>Oslo</Text>
    </Row>
    <Row Tag="TXT_KEY_CITYSTATE_OSLO_ADJ">
      <Text>Oslo</Text>
    </Row>
    <Row Tag="TXT_KEY_CITYSTATE_STOCKHOLM">
      <Text>Stockholm</Text>
    </Row>
    <Row Tag="TXT_KEY_CITYSTATE_STOCKHOLM_ADJ">
      <Text>Stockholm</Text>
    </Row>
    <Row Tag="TXT_KEY_CITYSTATE_HELSINKI">
      <Text>Helsinki</Text>
    </Row>
    <Row Tag="TXT_KEY_CITYSTATE_HELSINKI_ADJ">
      <Text>Helsinki</Text>
    </Row>
    <Row Tag="TXT_KEY_CITYSTATE_BUCHAREST">
      <Text>Bükres</Text>
    </Row>
    <Row Tag="TXT_KEY_CITYSTATE_BUCHAREST_ADJ">
      <Text>Bükres</Text>
    </Row>
    <Row Tag="TXT_KEY_CITYSTATE_BUDAPEST">
      <Text>Budapeste</Text>
    </Row>
    <Row Tag="TXT_KEY_CITYSTATE_BUDAPEST_ADJ">
      <Text>Budapeste</Text>
    </Row>
    <Row Tag="TXT_KEY_CITYSTATE_BELGRADE">
      <Text>Belgrad</Text>
    </Row>
    <Row Tag="TXT_KEY_CITYSTATE_BELGRADE_ADJ">
      <Text>Belgrad</Text>
    </Row>
    <Row Tag="TXT_KEY_CITYSTATE_VIENNA">
      <Text>Viyana</Text>
    </Row>
    <Row Tag="TXT_KEY_CITYSTATE_VIENNA_ADJ">
      <Text>Viyana</Text>
    </Row>
    <Row Tag="TXT_KEY_CITYSTATE_BRUSSELS">
      <Text>Brüksel</Text>
    </Row>
    <Row Tag="TXT_KEY_CITYSTATE_BRUSSELS_ADJ">
      <Text>Brüksel</Text>
    </Row>
    <Row Tag="TXT_KEY_CITYSTATE_MONACO">
      <Text>Monako</Text>
    </Row>
    <Row Tag="TXT_KEY_CITYSTATE_MONACO_ADJ">
      <Text>Monako</Text>
    </Row>
    <Row Tag="TXT_KEY_CITYSTATE_SEOUL">
      <Text>Seul</Text>
    </Row>
    <Row Tag="TXT_KEY_CITYSTATE_SEOUL_ADJ">
      <Text>Seul</Text>
    </Row>
    <Row Tag="TXT_KEY_CITYSTATE_HANOI">
      <Text>Hanoi</Text>
    </Row>
    <Row Tag="TXT_KEY_CITYSTATE_HANOI_ADJ">
      <Text>Hanoi</Text>
    </Row>
    <Row Tag="TXT_KEY_CITYSTATE_LHASA">
      <Text>Lhasa</Text>
    </Row>
    <Row Tag="TXT_KEY_CITYSTATE_LHASA_ADJ">
      <Text>Lhasa</Text>
    </Row>
    <Row Tag="TXT_KEY_CITYSTATE_ALMATY">
      <Text>Almati</Text>
    </Row>
    <Row Tag="TXT_KEY_CITYSTATE_ALMATY_ADJ">
      <Text>Almati</Text>
    </Row>
    <Row Tag="TXT_KEY_CITYSTATE_KUALA_LUMPUR">
      <Text>Kuala Lumpur</Text>
    </Row>
    <Row Tag="TXT_KEY_CITYSTATE_KUALA_LUMPUR_ADJ">
      <Text>Kuala Lumpur</Text>
    </Row>
    <Row Tag="TXT_KEY_CITYSTATE_SINGAPORE">
      <Text>Singapur</Text>
    </Row>
    <Row Tag="TXT_KEY_CITYSTATE_SINGAPORE_ADJ">
      <Text>Singapurlu</Text>
    </Row>
    <Row Tag="TXT_KEY_CITYSTATE_RIO_DE_JANEIRO">
      <Text>Rio de Janeiro</Text>
    </Row>
    <Row Tag="TXT_KEY_CITYSTATE_RIO_DE_JANEIRO_ADJ">
      <Text>Rio de Janeiro</Text>
    </Row>
    <Row Tag="TXT_KEY_CITYSTATE_CAPE_TOWN">
      <Text>Cape Town</Text>
    </Row>
    <Row Tag="TXT_KEY_CITYSTATE_CAPE_TOWN_ADJ">
      <Text>Pelerin</Text>
    </Row>
    <Row Tag="TXT_KEY_CITYSTATE_SIDON">
      <Text>Sidon</Text>
    </Row>
    <Row Tag="TXT_KEY_CITYSTATE_SIDON_ADJ">
      <Text>Sidon</Text>
    </Row>
    <Row Tag="TXT_KEY_CITYSTATE_TYRE">
      <Text>Lastik</Text>
    </Row>
    <Row Tag="TXT_KEY_CITYSTATE_TYRE_ADJ">
      <Text>Lastik</Text>
    </Row>
  </Language_en_US>
</GameData>