﻿<?xml version="1.0" encoding="utf-8"?>
<!--Sid Meier's Civilization V -->
<!--Copyright Firaxis Games 2010 -->
<!--File created by Paul Murphy-->
<GameData>
  <Language_en_US>
    <Row Tag="TXT_KEY_CIV_AMERICA_ADJECTIVE">
      <Text>Americanneuter:an</Text>
      <Gender>neuter:an</Gender>
    </Row>
    <Row Tag="TXT_KEY_CIV_AMERICA_DESC">
      <Text>American Empireneuter:an</Text>
      <Gender>neuter:an</Gender>
    </Row>
    <Row Tag="TXT_KEY_CIV_AMERICA_SHORT_DESC">
      <Text>Amerikanouter:an</Text>
      <Gender>neuter:an</Gender>
    </Row>
    <Row Tag="TXT_KEY_CIV_ARABIA_ADJECTIVE">
      <Text>Arabianneuter:an</Text>
      <Gender>neuter:an</Gender>
    </Row>
    <Row Tag="TXT_KEY_CIV_ARABIA_DESC">
      <Text>Arap Imparatorlugueneuter:an</Text>
      <Gender>neuter:an</Gender>
    </Row>
    <Row Tag="TXT_KEY_CIV_ARABIA_SHORT_DESC">
      <Text>Arabianeuter:an</Text>
      <Gender>neuter:an</Gender>
    </Row>
    <Row Tag="TXT_KEY_CIV_AZTEC_ADJECTIVE">
      <Text>Aztecneuter:an</Text>
      <Gender>neuter:an</Gender>
    </Row>
    <Row Tag="TXT_KEY_CIV_AZTEC_DESC">
      <Text>Aztek Imparatorlugueneuter:an</Text>
      <Gender>neuter:an</Gender>
    </Row>
    <Row Tag="TXT_KEY_CIV_AZTEC_SHORT_DESC">
      <Text>Azteklerneuter:an2</Text>
      <Gender>neuter:an</Gender>
      <Plurality>2</Plurality>
    </Row>
    <Row Tag="TXT_KEY_CIV_BARBARIAN_ADJECTIVE">
      <Text>Barbar</Text>
    </Row>
    <Row Tag="TXT_KEY_CIV_BARBARIAN_DESC">
      <Text>Barbar Devlet</Text>
    </Row>
    <Row Tag="TXT_KEY_CIV_BARBARIAN_SHORT_DESC">
      <Text>Barbarlar2</Text>
      <Plurality>2</Plurality>
    </Row>
    <Row Tag="TXT_KEY_CIV_CHINA_ADJECTIVE">
      <Text>Cince</Text>
    </Row>
    <Row Tag="TXT_KEY_CIV_CHINA_DESC">
      <Text>Cin Imparatorlugu</Text>
    </Row>
    <Row Tag="TXT_KEY_CIV_CHINA_SHORT_DESC">
      <Text>Cin</Text>
    </Row>
    <Row Tag="TXT_KEY_CIV_EGYPT_ADJECTIVE">
      <Text>MisirliNötr:bir</Text>
      <Gender>neuter:an</Gender>
    </Row>
    <Row Tag="TXT_KEY_CIV_EGYPT_DESC">
      <Text>Misir Imparatorluguuter:an</Text>
      <Gender>neuter:an</Gender>
    </Row>
    <Row Tag="TXT_KEY_CIV_EGYPT_SHORT_DESC">
      <Text>Egyptneuter:an</Text>
      <Gender>neuter:an</Gender>
    </Row>
    <Row Tag="TXT_KEY_CIV_ENGLAND_ADJECTIVE">
      <Text>Englishneuter:an</Text>
      <Gender>neuter:an</Gender>
    </Row>
    <Row Tag="TXT_KEY_CIV_ENGLAND_DESC">
      <Text>Ingiliz Imparatorluguuter:an</Text>
      <Gender>neuter:an</Gender>
    </Row>
    <Row Tag="TXT_KEY_CIV_ENGLAND_SHORT_DESC">
      <Text>Englandneuter:an</Text>
      <Gender>neuter:an</Gender>
    </Row>
    <Row Tag="TXT_KEY_CIV_FRANCE_ADJECTIVE">
      <Text>Fransizca</Text>
    </Row>
    <Row Tag="TXT_KEY_CIV_FRANCE_DESC">
      <Text>Fransiz Imparatorlugu</Text>
    </Row>
    <Row Tag="TXT_KEY_CIV_FRANCE_SHORT_DESC">
      <Text>Fransa</Text>
    </Row>
    <Row Tag="TXT_KEY_CIV_GERMANY_ADJECTIVE">
      <Text>Alman</Text>
    </Row>
    <Row Tag="TXT_KEY_CIV_GERMANY_DESC">
      <Text>Alman Imparatorlugu</Text>
    </Row>
    <Row Tag="TXT_KEY_CIV_GERMANY_SHORT_DESC">
      <Text>Almanya</Text>
    </Row>
    <Row Tag="TXT_KEY_CIV_GREECE_ADJECTIVE">
      <Text>Yunan</Text>
    </Row>
    <Row Tag="TXT_KEY_CIV_GREECE_DESC">
      <Text>Yunan Imparatorlugu</Text>
    </Row>
    <Row Tag="TXT_KEY_CIV_GREECE_SHORT_DESC">
      <Text>Yunanistan</Text>
    </Row>
    <Row Tag="TXT_KEY_CIV_INDIA_ADJECTIVE">
      <Text>Indianneuter:an</Text>
      <Gender>neuter:an</Gender>
    </Row>
    <Row Tag="TXT_KEY_CIV_INDIA_DESC">
      <Text>Hint Imparatorlugu</Text>
      <Gender>neuter:an</Gender>
    </Row>
    <Row Tag="TXT_KEY_CIV_INDIA_SHORT_DESC">
      <Text>Hintli bir</Text>
      <Gender>neuter:an</Gender>
    </Row>
    <Row Tag="TXT_KEY_CIV_IROQUOIS_ADJECTIVE">
      <Text>Iroquoisneuter:an</Text>
      <Gender>neuter:an</Gender>
    </Row>
    <Row Tag="TXT_KEY_CIV_IROQUOIS_DESC">
      <Text>Iroquois Empireneuter:an</Text>
      <Gender>neuter:an</Gender>
    </Row>
    <Row Tag="TXT_KEY_CIV_IROQUOIS_SHORT_DESC">
      <Text>Iroquois2</Text>
      <Plurality>2</Plurality>
    </Row>
    <Row Tag="TXT_KEY_CIV_JAPAN_ADJECTIVE">
      <Text>Japonca</Text>
    </Row>
    <Row Tag="TXT_KEY_CIV_JAPAN_DESC">
      <Text>Japon Imparatorlugu</Text>
    </Row>
    <Row Tag="TXT_KEY_CIV_JAPAN_SHORT_DESC">
      <Text>Japonya</Text>
    </Row>
    <Row Tag="TXT_KEY_CIV_MINOR_ADJECTIVE">
      <Text>Sehir Eyalet</Text>
    </Row>
    <Row Tag="TXT_KEY_CIV_MINOR_DESC">
      <Text>Sehir Eyalet</Text>
    </Row>
    <Row Tag="TXT_KEY_CIV_MINOR_SHORT_DESC">
      <Text>Sehir Eyalet</Text>
    </Row>
    <Row Tag="TXT_KEY_CIV_OTTOMAN_ADJECTIVE">
      <Text>Ottomanneuter:an</Text>
      <Gender>neuter:an</Gender>
    </Row>
    <Row Tag="TXT_KEY_CIV_OTTOMAN_DESC">
      <Text>Osmanli Imparatorlugueneuter:an</Text>
      <Gender>neuter:an</Gender>
    </Row>
    <Row Tag="TXT_KEY_CIV_OTTOMAN_SHORT_DESC">
      <Text>Osmanlilar2</Text>
      <Plurality>2</Plurality>
    </Row>
    <Row Tag="TXT_KEY_CIV_PERSIA_ADJECTIVE">
      <Text>Farsça</Text>
    </Row>
    <Row Tag="TXT_KEY_CIV_PERSIA_DESC">
      <Text>Pers Imparatorlugu</Text>
    </Row>
    <Row Tag="TXT_KEY_CIV_PERSIA_SHORT_DESC">
      <Text>Iran</Text>
    </Row>
    <Row Tag="TXT_KEY_CIV_ROME_ADJECTIVE">
      <Text>Roman</Text>
    </Row>
    <Row Tag="TXT_KEY_CIV_ROME_DESC">
      <Text>Roma Imparatorlugu</Text>
    </Row>
    <Row Tag="TXT_KEY_CIV_ROME_SHORT_DESC">
      <Text>Roma</Text>
    </Row>
    <Row Tag="TXT_KEY_CIV_RUSSIA_ADJECTIVE">
      <Text>Rusça</Text>
    </Row>
    <Row Tag="TXT_KEY_CIV_RUSSIA_DESC">
      <Text>Rus Imparatorlugu</Text>
    </Row>
    <Row Tag="TXT_KEY_CIV_RUSSIA_SHORT_DESC">
      <Text>Rusya</Text>
    </Row>
    <Row Tag="TXT_KEY_CIV_SIAM_ADJECTIVE">
      <Text>Siyam</Text>
    </Row>
    <Row Tag="TXT_KEY_CIV_SIAM_DESC">
      <Text>Siyam Imparatorlugu</Text>
    </Row>
    <Row Tag="TXT_KEY_CIV_SIAM_SHORT_DESC">
      <Text>Siam</Text>
    </Row>
    <Row Tag="TXT_KEY_CIV_SONGHAI_ADJECTIVE">
      <Text>Songhai</Text>
    </Row>
    <Row Tag="TXT_KEY_CIV_SONGHAI_DESC">
      <Text>Songhai Imparatorlugu</Text>
    </Row>
    <Row Tag="TXT_KEY_CIV_SONGHAI_SHORT_DESC">
      <Text>Songhai</Text>
    </Row>
    <Row Tag="TXT_KEY_CIVILIZATION_SECTION_1">
      <Text>Medeniyetler</Text>
    </Row>
    <Row Tag="TXT_KEY_CIVILIZATION_SECTION_2">
      <Text>Liderler</Text>
    </Row>
  </Language_en_US>
</GameData>