﻿<?xml version="1.0" encoding="utf-8"?>
<GameData>
  <EnglishText>
    <!-- leaders -->
    <Row Tag="LOC_PEDIA_LEADERS_PAGE_LEADER_JULIUS_CAESAR_TITLE">
      <Text>Julius Caesar</Text>
    </Row>
    <Row Tag="LOC_PEDIA_LEADERS_PAGE_LEADER_JULIUS_CAESAR_QUOTE">
      <Text>Geldim, gördüm, fethettim.</Text>
    </Row>
    <Row Tag="LOC_PEDIA_LEADERS_PAGE_LEADER_JULIUS_CAESAR_CHAPTER_HISTORY_PARA_1">
      <Text>Gelecekteki tüm diktatörler için bir şablon olan Julius Caesar, yerleşik bir oligarşiye karşı iktidara giden bir yol olarak sıradan halkın ve ordunun desteğini geliştiren askeri bir adamdı. Onun yükselişi Roma Cumhuriyeti'nin sonu ve İmparatorluğun başlangıcı oldu.</Text>
    </Row>
    <Row Tag="LOC_PEDIA_LEADERS_PAGE_LEADER_JULIUS_CAESAR_CHAPTER_HISTORY_PARA_2">
      <Text>Gens Julia'lar, kökenlerinin tanrıça Venüs'e dayandığı iddiasına rağmen, patrici aileleri arasında fazla bir yere sahip değillerdi. Nispeten uzak bir geçmişte soylu (yani pleb'in aksine patrici) mertebesine yükselmişler ancak Roma cumhuriyetinde önemsiz bir yere sahip olmuşlardır. Julius Caesar'ın hikâyesi, MÖ 85 yılında ailenin başına geçmesiyle başlar ve hemen ardından Caesar'ın akrabası Gaius Marius ile Lucius Sulla arasındaki kanlı iç savaşın yeni galibi tarafından hedef alınır. Sezar ailesinin sahip olduğu az miktardaki mirası ve Jüpiter'in rahibi olarak hizmet etme olanağını kaybeder. Nispeten az parası olan Sezar orduya katıldı. Bu seçim dramatik olacaktı.</Text>
    </Row>
    <Row Tag="LOC_PEDIA_LEADERS_PAGE_LEADER_JULIUS_CAESAR_CHAPTER_HISTORY_PARA_3">
      <Text>Askeri kariyerinin ilk dönemlerinden bir olayda Sezar, Ege denizinde korsanlar tarafından yakalanır. Adamlarla arkadaş oldu ve onları değerinden daha fazla para istemeye teşvik ederek, serbest kaldığında onları takip edip yok edeceği şakasını yaptı. Adamlar onun tavsiyesine uydular... ve o da tehdidini hemen yerine getirdi.</Text>
    </Row>
    <Row Tag="LOC_PEDIA_LEADERS_PAGE_LEADER_JULIUS_CAESAR_CHAPTER_HISTORY_PARA_4">
      <Text>Kariyerinin ilk yıllarında Sezar, Senatörlük yolsuzluğuna karşı çıkan ve ordunun gözdesi olan biri olarak tanındı. Rütbeleri yükseldikçe, MÖ 59'da konsolosluğu kazanıp Sezar ve iki güçlü müttefikinin ittifakı olan "triumvirliğin" bir üyesi haline geldikçe, Sezar sıradan halkın gözüne girdi, toprakların yeniden dağıtımını zorladı ve çatışmalar çıktığında askerleriyle soyluları tehdit etti. Bu ona düşman kazandırdı ve kendisini misillemeden korumak için Galya'nın bölünmüş bölgeleri üzerinde bir valilik elde etti. Bu hamle de onun geleceğini şekillendirecekti.</Text>
    </Row>
    <Row Tag="LOC_PEDIA_LEADERS_PAGE_LEADER_JULIUS_CAESAR_CHAPTER_HISTORY_PARA_5">
      <Text>Savaş fırsat demekti. Sezar, Galya Savaşları'nda Ambiorix de dahil olmak üzere Galya güçlerine karşı durmaksızın bastırdı. Ancak o uzaktayken, Sezar'ın muhalifleri konsüllük seçimlerindeki usulsüzlükleri gerekçe göstererek evdeki desteğini aktif bir şekilde baltalıyorlardı. Sezar'ın bir zamanlar müttefiki olan Pompey tek başına kontrolü ele geçirdi ve senatörler her iki adama da silahlarını bırakmaları ve böylece yasal bir düzeni yeniden tesis etmeleri çağrısında bulundu. İkisi de yapmadı. Daha da kötüsü, Sezar muzaffer lejyonlarını Galya'dan Roma'ya doğru geri yürütmeye başladı.</Text>
    </Row>
    <Row Tag="LOC_PEDIA_LEADERS_PAGE_LEADER_JULIUS_CAESAR_CHAPTER_HISTORY_PARA_6">
      <Text>Ve işte Rubicon nehri buradaydı. Roma'da aktif orduların bulunması yasaktı ve bu büyük nehri geçmek düşmanca bir hareketin işareti olacaktı. Sezar alea icata est'i ilan etmeden önce burada durakladı. Nehri geçti ve tarihin akışını değiştirdi. İç savaş patlak verdi, ancak Sezar'ın askeri planlaması rakibi Pompey'e üstünlük sağladı ve onu İtalya'dan İspanya ve Yunanistan'a kadar kovaladı. Roma'ya dönen Sezar diktatör olarak atandı. Bu, daha sonraki diktatörlerin taklit edeceği bir harekettir.</Text>
    </Row>
    <Row Tag="LOC_PEDIA_LEADERS_PAGE_LEADER_JULIUS_CAESAR_CHAPTER_HISTORY_PARA_7">
      <Text>Bir sonraki hamle gücü konsolide etmekti. Sezar, kurnazlık ve tehdit karışımıyla Senato'yu korkuttu ve ünlü bir şekilde Mısır'da Kleopatra (sevgilisi oldu) adına müdahalede bulundu. Kamuoyu önündeki kişiliği halktan yana olsa da, hem esnaf loncalarında hem de yasal reformlarda soylu olmayanların gücünü kısıtladı. Roma'nın genişlemesine saygı duyan Sezar, yasal hakları İtalya'nın ötesine genişleterek ve yerel şehirlere uygun gördükleri şekilde yönetme konusunda daha fazla özgürlük tanıyarak bir dereceye kadar ademi merkeziyetçiliğe izin verdi. Diktatörlüğü hem gayri resmi gözdağına (Senato'nun birkaç hamlesini basitçe reddetti) hem de Senato tarafından kendisine verilen yeni yasal yetkilere dayanıyordu.</Text>
    </Row>
    <Row Tag="LOC_PEDIA_LEADERS_PAGE_LEADER_JULIUS_CAESAR_CHAPTER_HISTORY_PARA_8">
      <Text>Burada Senato'nun gücü ciddi şekilde sarsılmış görünüyordu. Düşmanlarının ona karşı komplo kurmasına şaşmamalı. Öyle de yaptılar. Sezar'ın konuşma yapacağı bir Senato toplantısında, başta sözde dostu Brütüs tarafından olmak üzere 23 kez bıçaklandı. Biz Shakespeare'den "et tu, brute" sözünü bilsek de, son sözleri Yunanca'da "kai su, teknon" (sen de mi, çocuk?) olarak kaydedilmiştir.</Text>
    </Row>
    <Row Tag="LOC_PEDIA_LEADERS_PAGE_LEADER_JULIUS_CAESAR_CHAPTER_HISTORY_PARA_9">
      <Text>Sonrasında imparatorluk kargaşaya sürüklendi. Kitleler hâlâ Sezar'ın desteğine sahipti ama artık general Antonius'un omuzlarındaydı ve müstakbel liderler Brutus ve Cassius kaçmak zorunda kaldı. Aynı zamanda Sezar'ın evlatlık oğlu Octavian yönetme hakkını talep etti ve böylece görünüşte herkesin herkese karşı olduğu bir savaş başladı. Kleopatra'ya sığınan Antonius'un yanı sıra suikastçılar da yakalanıp öldürüldü. Octavian Augustus Caesar olacaktı.</Text>
    </Row>
    <Row Tag="LOC_PEDIA_LEADERS_PAGE_LEADER_JULIUS_CAESAR_CHAPTER_HISTORY_PARA_10">
      <Text>Sezar'ın mirası, askeri silahlarla birleşen popülizmin gücünü ve hırsın cüretini pekiştirdi. Napolyon ve Bolivar gibi imparator adayları ilhamlarını Sezar'dan aldılar ve kendilerini "Kayzer", "Çar" veya "Kayser" olarak adlandıran monarşiler isimlerini toptan Roma imparatorundan aldılar.</Text>
    </Row>
    <Row Tag="LOC_PEDIA_LEADERS_PAGE_LEADER_JULIUS_CAESAR_CHAPTER_CAPSULE_BODY">
      <Text>Julius Caesar hem Barbarları hem de karşıt Medeniyetleri yok ederek haritanın her hex'ini fethetmek istiyor.</Text>
    </Row>
    <Row Tag="LOC_PEDIA_LEADERS_PAGE_LEADER_JULIUS_CAESAR_CHAPTER_DETAILED_BODY">
      <Text>Demir İşçiliğinde Lejyonların kilidini açmak, artırılmış [ICON_Strength] Savaş Güçleriyle zaferin anahtarıdır. Ardından Lejyonları Barbar Kamplarını dağıtmak ve rakip şehirleri fethetmek için ileriye götürün. Julius Caesar'ın bu fetihler için ek [ICON_Gold] Altın kazanması, büyük bir imparatorluğa ve orduya sahip olmasına yardımcı olacaktır. "Tüm Yollar Roma'ya Çıkar" yeteneğinden ek [ICON_GOLD] Altın gelecek ve ek [Icon_amenities] Kolaylıklar sağlayan Hamamlarınızla kitleleri yatıştırabilirsiniz. Askeri gücü, bir Hakimiyet Zaferi için en iyisidir.</Text>
    </Row>
  </EnglishText>
</GameData>