﻿<?xml version="1.0" encoding="utf-8"?>
<GameData>
  <EnglishText>
    <!-- leaders -->
    <Row Tag="LOC_PEDIA_LEADERS_PAGE_LEADER_RAMSES_TITLE">
      <Text>Ramses II</Text>
    </Row>
    <Row Tag="LOC_PEDIA_LEADERS_PAGE_LEADER_RAMSES_QUOTE">
      <Text>Bana kum gibi buğday demetleri, cennete yaklaşan binalar ve dağlar gibi tahıl yığınları bahşedildi.</Text>
    </Row>
    <Row Tag="LOC_PEDIA_LEADERS_PAGE_LEADER_RAMSES_CHAPTER_HISTORY_PARA_1">
      <Text>Mısır'ın Yeni Krallığı için ikonik olan Ramses'in hükümdarlığı, ayırt edici bir şeyle değil, bir dizi örnek anla - askeri fetihler, anıtsal mimari vb. İşte firavunun kibri ve kudreti ete kemiğe bürünmüştür.</Text>
    </Row>
    <Row Tag="LOC_PEDIA_LEADERS_PAGE_LEADER_RAMSES_CHAPTER_HISTORY_PARA_2">
      <Text>Liderlerimizin çoğu bilinmezlikten büyüklüğe ulaşmıştır. Pachacuti bir kraliyet hanedanının ikinci oğluydu ve hiçbir zaman İnka'ya liderlik etmesi amaçlanmamıştı. Kleopatra isyan eden yabancı bir krallığın tebaasıydı. Seti'nin oğlu Ramses öyle değildi.</Text>
    </Row>
    <Row Tag="LOC_PEDIA_LEADERS_PAGE_LEADER_RAMSES_CHAPTER_HISTORY_PARA_3">
      <Text>Seti'nin ailesi aslen kraliyet ailesinden olmamakla birlikte, yeni bir dini düzen yaratmaya çalışan ve yönetimi altında (ve daha sonra Tutankamon'un yönetimi altında) Mısır'ın dış sınırlarının azaldığı Akhenaten'in sosyal ve dini kargaşasının ardından ortaya çıktılar. Seti bunu düzeltmeye çalıştı - Mısır'ın gücünü Levan'daki Hitit egemenliğine son verecek şekilde genişletti ve Mısır'ı sınırları Nil'in çok ötesine uzanan bir imparatorluk olarak yeniden kurdu. Ramses erken yaşta gelecek vaat ediyordu ve babası onu on yaşındayken naip olarak atadı. Seti'nin Mısır'ın gücünü yeniden sağlamlaştırması başka yönlerden de dışa dönüktü ve Suriye tanrılarını yekpare ve muhafazakâr olduğu düşünülen Mısır devletine dahil etti.</Text>
    </Row>
    <Row Tag="LOC_PEDIA_LEADERS_PAGE_LEADER_RAMSES_CHAPTER_HISTORY_PARA_4">
      <Text>İlk yıllarında Ramses, Libya'yı zapt etmek ve Suriye'yi Hititlerden geri almak için savaşçılar göndermiş ve Sardunyalı korsanlara karşı parlak bir stratejik manevrayla, onları rehavete sürükleyen bazı zaferler kazanmalarına izin vererek isyancı filonun tamamını ele geçirmişti. Genişlemesindeki bir diğer önemli nokta da, bizzat firavun tarafından yönetilen aşırı genişlemiş bir Mısır kuvvetinin Hitit egemenliği altındaki Kadeş şehrini neredeyse ele geçirdiği, ancak daha sonra geri çekilmek zorunda kaldığı Kadeş Savaşı'ydı (Suriye'de). Moral bozucu bir yenilgi olabilecek bu durum, Mısırlıların zamanı stratejilerini yeniden düşünmek ve savaşı berabere bitirmek için kullanmasıyla zafere dönüştü. Bunun sonucunda yapılan barış anlaşması bölgedeki güç dengesini belirledi.</Text>
    </Row>
    <Row Tag="LOC_PEDIA_LEADERS_PAGE_LEADER_RAMSES_CHAPTER_HISTORY_PARA_5">
      <Text>Ramses ülkesinde, başta Ramesseum ve Abu Simbel'deki tapınaklar olmak üzere bir inşaat çılgınlığına girişti ve adının - genellikle Yunanca versiyonu olan Osymandyas (Percey Shelley'nin ünlü şiirindeki Ozymandias) - çağlar boyunca yaşamasını sağladı.</Text>
    </Row>
    <Row Tag="LOC_PEDIA_LEADERS_PAGE_LEADER_RAMSES_CHAPTER_HISTORY_PARA_6">
      <Text>Ramses doksanlı yaşlarında öldü ve Mısır onun tahtta olduğu yaklaşık yetmiş yıl geçirdi. Adı artık Mısır'ın gücü, kibri ve kudretiyle (doğru ya da yanlış) eşanlamlıdır.</Text>
    </Row>
    <Row Tag="LOC_PEDIA_LEADERS_PAGE_LEADER_RAMSES_CHAPTER_CAPSULE_BODY">
      <Text>Kim demiş harikalar kendi ödülleridir diye? Harikaları tamamladığı için büyük miktarda [Icon_Culture] Kültür ve binaları bitirdiği için küçük bir miktar alan Ramses için de durum böyledir.</Text>
    </Row>
    <Row Tag="LOC_PEDIA_LEADERS_PAGE_LEADER_RAMSES_CHAPTER_DETAILED_BODY">
      <Text>Güzel bir nehir başlangıcı ile Mısır, harikalar ve bölgelere yönelik bonuslar kazanır. Harikalar, inşaat maliyetinin %30'unu [Icon_Culture] Kültür olarak veren Ramses'in Abu Simbel yeteneği ile harika bir [Icon_Culture] Kültür kaynağıdır. Sfenks bu Harikalara bitişik yerleştirilirse daha da fazla [Icon_Culture] Kültür verir. Maryannu Savaş Arabası Okçusu, onlar inşaata odaklanırken Mısır'ı koruyacak ve Kültür Zaferi'ne yol açacaktır.</Text>
    </Row>
    <!-- leaders -->
    <Row Tag="LOC_PEDIA_LEADERS_PAGE_LEADER_SUNDIATA_KEITA_TITLE">
      <Text>Sundiata Keita</Text>
    </Row>
    <Row Tag="LOC_PEDIA_LEADERS_PAGE_LEADER_SUNDIATA_KEITA_QUOTE">
      <Text>Ancak Mali'nin sizden sakladığı gizemi asla delmeye çalışmayın. Geçmişi sorgulamak için ölü şehirlere gitmeyin, çünkü ruhlar asla affetmez. Bilinmemesi gereken şeyleri öğrenmeye çalışmayın.</Text>
    </Row>
    <Row Tag="LOC_PEDIA_LEADERS_PAGE_LEADER_SUNDIATA_KEITA_CHAPTER_HISTORY_PARA_1">
      <Text>Mali İmparatorluğu Gana'nın (Wagadou) küllerinden doğdu. Mali, Sahra'nın güney ucundaki kurak bölge olan Sahel'in kenarlarında küçük bir devlet olarak varlığını sürdürüyordu. Ancak Wagadou çökerken, bu küçük güçler şanslarını gördüler. Ve Mali için, 1230 civarında, bu yükün omuzlarına bindiği kişi Mali Aslanı Sundiata Keita oldu.</Text>
    </Row>
    <Row Tag="LOC_PEDIA_LEADERS_PAGE_LEADER_SUNDIATA_KEITA_CHAPTER_HISTORY_PARA_2">
      <Text>Sundiata Destanı'na göre Aslan'ın kökeni pek hayırlı değildi. Annesi Sogolon, aşağılayıcı bir şekilde "bufalo kadın" olarak adlandırılan sıradan biriydi. Ancak bu da konunun bir parçasıydı; kehanete göre Mande kralı Nare Maghann Konate böyle biriyle evlenirse, büyük bir kral doğuracaktı.</Text>
    </Row>
    <Row Tag="LOC_PEDIA_LEADERS_PAGE_LEADER_SUNDIATA_KEITA_CHAPTER_HISTORY_PARA_3">
      <Text>Sundiata bu şekilde Konate ve Sogolon'un çocuğu olarak dünyaya geldi. Pek sevilen biri değildi - görünüşünü annesinden almıştı ve ayrıca fiziksel durumu çocukluğunun büyük bir bölümünde yürüyememesine neden olacak şekildeydi. Sundiata genç bir adam olarak hem kendi durumuna hem de tamamen asil bir soydan gelen üvey kardeşinin kızgınlığına karşı mücadele etti. Yürümek için mücadele etti, demircilerin onun için dövdüğü demir çubukları kırdı ve sadece annesinin kararlı komutuyla (ya da bazı anlatılarda bir baobab ağacının gücüyle) kendini hareket etmeye zorladı.</Text>
    </Row>
    <Row Tag="LOC_PEDIA_LEADERS_PAGE_LEADER_SUNDIATA_KEITA_CHAPTER_HISTORY_PARA_4">
      <Text>Ancak aile mücadeleleri daha da kötüye gitti - babasının ölümü üzerine Sundiata ve Sogolon sürgüne gönderildi ve sığınak aramak için Sahel'de dolaştılar. Mema krallığı dışında tüm kabileler onları dışladı. Orada barınan Sundiata avlanmayı ve savaşmayı öğrendi ve değerini kanıtladı.</Text>
    </Row>
    <Row Tag="LOC_PEDIA_LEADERS_PAGE_LEADER_SUNDIATA_KEITA_CHAPTER_HISTORY_PARA_5">
      <Text>Onun yokluğunda bölgede olaylar gelişiyordu. Büyücü bir kral olan Soumaoro Kante ortaya çıkmış ve Wagadou'dan geriye kalanları fethetmeye başlamıştı. Korku içindeki Mali halkı sürgündeki, kehanette bulunan krallarını aradı ve buldu - genç kralın o sırada sadece 18 yaşında olduğunu belirtmek gerekir! Sundiata Mali'ye döndü, dağılmış krallıkları birleştirdi ve büyücüyü yendi.</Text>
    </Row>
    <Row Tag="LOC_PEDIA_LEADERS_PAGE_LEADER_SUNDIATA_KEITA_CHAPTER_HISTORY_PARA_6">
      <Text>"Sundiata Destanı "nda kaydedilen bu hikâyenin önyargıları vardır. Daha sonraki yazılar ve anlatılar çoğunlukla Müslüman kaynaklardan gelir ve yerli dinleri takip eden herhangi bir hükümdarı zalim ve kötü bir büyücü olarak göstermeye heveslidir. Bu hikâyelerde Sundiata, Müslüman bir hanedan kuran dürüst bir Müslüman kraldır. Ancak Sundiata'nın zamanında Malililerin çoğu Müslüman değildi ve kendi dini de muhtemelen İslam değildi, ancak sadece bir veya iki nesil içinde Mali'nin elitlerinin çoğu Müslüman oldu. Nitekim kaşif İbn Battuta, yaklaşık yüz yıl sonra Mali sarayındaki alışılmışın dışındaki uygulamalardan şikâyet etse de, soyluların hepsinin inançlı olduğunu belirtir.</Text>
    </Row>
    <Row Tag="LOC_PEDIA_LEADERS_PAGE_LEADER_SUNDIATA_KEITA_CHAPTER_HISTORY_PARA_7">
      <Text>Mansa [king] Sundiata yönetimindeki Mali, büyük yeğeni Musa'nın yönetimindeki kadar geniş ve zengin değildi. Yine de Sundiata, Batı Afrika'da çeşitli vasal krallıkların kendi halkları adına konuşmak üzere temsilciler gönderdiği federe bir monarşi yarattı. Bu, Wagadou'nun haleflerinin, Mali'nin kendisini, Songhai'yi ve diğerlerini içerecek olan haleflerin başlangıcıydı.</Text>
    </Row>
    <Row Tag="LOC_PEDIA_LEADERS_PAGE_LEADER_SUNDIATA_KEITA_CHAPTER_HISTORY_PARA_8">
      <Text>Mansa Sundiata, muhtemelen başarısız bir nehir geçişi sırasında genç yaşta ölmüştür. Malili kralların tüm mezarları gibi onun mezarı da gizlidir.</Text>
    </Row>
    <Row Tag="LOC_PEDIA_LEADERS_PAGE_LEADER_SUNDIATA_KEITA_CHAPTER_CAPSULE_BODY">
      <Text>Sundiata Keita'nın serveti soyundan gelenler kadar büyük değil ama yine de Rusya'nın Büyük Yazarlar arayışıyla rekabet edebilecek kadar büyük.</Text>
    </Row>
    <Row Tag="LOC_PEDIA_LEADERS_PAGE_LEADER_SUNDIATA_KEITA_CHAPTER_DETAILED_BODY">
      <Text>Sundiata Keita'nın en iyi yaptığı iki şey [ICON_Gold] Altın ve [ICON_GreatWork_Writing] Büyük Yazı Eserleri. Mali'nin Jeli Şarkıları [ICON_Production] Üretimine zarar verir, ancak [ICON_Gold] Altın üretimi olarak geri verir. Suguba'nın bitişiklik bonuslarından ve Mandekalu Süvarilerinin öldürmelerden elde ettiği [ICON_Gold] Altından daha da fazla [ICON_Gold] Altın elde eder. Sundiata Keita'nın Büyük İnsanları daha ucuza satın alma konusundaki destansı yeteneği, daha da güçlü [ICON_GreatWork_Writing] Büyük Yazı Eserleri yaratabilen Büyük Yazarları satın almaya odaklanmalıdır. Kültür Zaferi, Sundiata Keita'nın yapabileceği en iyi satın alımdır.</Text>
    </Row>
    <Row Tag="LOC_PEDIA_LEADERS_PAGE_LEADER_CLEOPATRA_TITLE">
      <Text>Kleopatra VII</Text>
    </Row>
    <Row Tag="LOC_PEDIA_LEADERS_PAGE_LEADER_CLEOPATRA_ALT_TITLE">
      <Text>Kleopatra (Ptolemaic)</Text>
    </Row>
    <Row Tag="LOC_PEDIA_LEADERS_PAGE_LEADER_CLEOPATRA_ALT_QUOTE">
      <Text>Tüm garip ve korkunç olayları hoş karşılarız ama konforu küçümseriz.</Text>
    </Row>
    <Row Tag="LOC_PEDIA_LEADERS_PAGE_LEADER_CLEOPATRA_ALT_CHAPTER_CAPSULE_BODY">
      <Text>[ICON_FOOD] Yemek ve [ICON_CULTURE] Kültür, Ptolemaios Kleopatrası rolünü oynarken büyük Nil Nehri'nden aşağı akıyor.</Text>
    </Row>
    <Row Tag="LOC_PEDIA_LEADERS_PAGE_LEADER_CLEOPATRA_ALT_CHAPTER_DETAILED_BODY">
      <Text>Ptolemaic Cleopatra olarak oynarken çok sayıda Nehir ve Taşkın Ovası olan şehirlere yerleştiğinizden emin olun. Mısır'a liderlik eden Kleopatra ile nehirlerin yanına yerleşmek, zamanın testine dayanan bir medeniyetin ihtiyaç duyduğu her şeyi sağlar: [ICON_Production] Üretim, [ICON_Culture] Kültür, [ICON_Food] Yiyecek ve Cazibe. Iteru yeteneği [ICON_Production] Üretim sağlar ve nehir kenarındaki bu şehirleri Sellerden korur. Lider yeteneği nehir şehirleri için [ICON_Culture] Kültür, Cazibe ve [ICON_FOOD] Gıda verir. Sfenks'in bilmecesini çözebilirseniz (yani onları inşa ederek) nehir şehirleri için daha da fazla [ICON_Culture] Kültür bulunur. Kültür Zaferi Kleopatra'nın ana odak noktasıdır ve [ICON_Culture] Kültür Sfenks'ten ve liderlik yeteneğinden gelir.</Text>
    </Row>
  </EnglishText>
</GameData>