﻿<?xml version="1.0" encoding="utf-8"?>
<GameData>
  <EnglishText>
    <!-- Lady Six Sky-->
    <Row Tag="LOC_DIPLO_ACCEPT_DECLARE_FRIEND_FROM_HUMAN_LEADER_MENELIK_ANY">
      <Text>Birlikte, halkımız Tanrı'nın ışığı altında güçlenecektir.</Text>
    </Row>
    <Row Tag="LOC_DIPLO_REJECT_DECLARE_FRIEND_FROM_HUMAN_LEADER_MENELIK_ANY">
      <Text>Bağışlayın beni. Etiyopya, yabancılarla aceleci anlaşmalar yaparak bu kadar uzun süre özgür olamadı.</Text>
    </Row>
    <Row Tag="LOC_DIPLO_DECLARE_FRIEND_FROM_AI_LEADER_MENELIK_ANY">
      <Text>Size Süleyman soyunun ve Yahuda Aslanı'nın dostluğunu sunuyorum!</Text>
    </Row>
    <Row Tag="LOC_DIPLO_ACCEPT_DECLARE_FRIEND_FROM_AI_LEADER_MENELIK_ANY">
      <Text>Tarihin doğru tarafındasınız.</Text>
    </Row>
    <Row Tag="LOC_DIPLO_REJECT_DECLARE_FRIEND_FROM_AI_LEADER_MENELIK_ANY">
      <Text>Tarihin yanlış tarafındasınız.</Text>
    </Row>
    <Row Tag="LOC_DIPLO_DECLARE_WAR_FROM_HUMAN_LEADER_MENELIK_ANY">
      <Text>Yahuda Aslanı'nın her zaman fethettiğini bilmiyor musunuz? Yakında öğreneceksiniz.</Text>
    </Row>
    <Row Tag="LOC_DIPLO_DECLARE_WAR_FROM_AI_LEADER_MENELIK_ANY">
      <Text>Eylemleriniz Etiyopya halkına hakaret ediyor ve bunun için ağır bir bedel ödemelisiniz.</Text>
    </Row>
    <Row Tag="LOC_DIPLO_ACCEPT_DELEGATION_FROM_HUMAN_LEADER_MENELIK_ANY">
      <Text>Heyetiniz döndüğünde onlarla konuşun, size Afrika'nın Çatısı'nın güzelliğini anlatacaklardır.</Text>
    </Row>
    <Row Tag="LOC_DIPLO_REJECT_DELEGATION_FROM_HUMAN_LEADER_MENELIK_ANY">
      <Text>İhtiyacımız yok.</Text>
    </Row>
    <Row Tag="LOC_DIPLO_DELEGATION_FROM_AI_LEADER_MENELIK_ANY">
      <Text>Etiyopya size kahve, injera ekmeği ve sıcak dileklerimizi gönderiyor.</Text>
    </Row>
    <Row Tag="LOC_DIPLO_DENOUNCE_FROM_HUMAN_LEADER_MENELIK_ANY">
      <Text>Hükümdarlığınız bir utanç, sözleriniz yalan ve dünyaya hain kalbinizi göstereceğim.</Text>
    </Row>
    <Row Tag="LOC_DIPLO_DENOUNCE_FROM_AI_LEADER_MENELIK_ANY">
      <Text>Bütün sözleriniz dinsiz mi? Tüm eylemleriniz aldatıcı mı? Yönetiminizde kurtarıcı hiçbir şey görmüyorum (Sizi kınıyor).</Text>
    </Row>
    <Row Tag="LOC_DIPLO_FIRST_MEET_LEADER_MENELIK_ANY">
      <Text>Ben Menelik, Yahuda Aslanı, Süleyman'ın evinden ve soyundan, Etiyopya İmparatoru. Selamlar.</Text>
    </Row>
    <Row Tag="LOC_DIPLO_FIRST_MEET_VISIT_RECIPIENT_LEADER_MENELIK_ANY">
      <Text>Geniş bir masaya injera serdik ve üzerine tibs ve kitfo koyduk. Yemeğinizi bizimle paylaşır mısınız?</Text>
    </Row>
    <Row Tag="LOC_DIPLO_FIRST_MEET_NEAR_INITIATOR_POSITIVE_LEADER_MENELIK_ANY">
      <Text>Evet.</Text>
    </Row>
    <Row Tag="LOC_DIPLO_FIRST_MEET_NO_MANS_INFO_EXCHANGE_LEADER_MENELIK_ANY">
      <Text>Dostluk ruhu içinde size evimi anlatacağım, eğer bu iyiliğe karşılık verirseniz</Text>
    </Row>
    <Row Tag="LOC_DIPLO_GREETING_LEADER_MENELIK_ANY">
      <Text>Sizi bir kez daha gördüğüme sevindim.</Text>
    </Row>
    <Row Tag="LOC_DIPLO_KUDO_EXIT_LEADER_MENELIK_ANY">
      <Text>Düz arazide huzur bulmanıza sevindim, çünkü tepeler benimdir.</Text>
    </Row>
    <Row Tag="LOC_DIPLO_WARNING_EXIT_LEADER_MENELIK_ANY">
      <Text>Yüksek tepeler benim hakkım ve geleneğim. Başka bir yere yerleşmeniz daha iyi olur.</Text>
    </Row>
    <Row Tag="LOC_DIPLO_MAKE_ALLIANCE_FROM_AI_LEADER_MENELIK_ANY">
      <Text>Bu özgürlük şarkılarını söylememe yardım etmeyecek misin?</Text>
    </Row>
    <Row Tag="LOC_DIPLO_MAKE_PEACE_AI_ACCEPT_DEAL_LEADER_MENELIK_ANY">
      <Text>Tanrı'nın lütfuyla, barışa kavuşalım.</Text>
    </Row>
    <Row Tag="LOC_DIPLO_MAKE_PEACE_AI_REFUSE_DEAL_LEADER_MENELIK_ANY">
      <Text>Etiyopya hâlâ fethedilmemiştir ve askerleri hâlâ savaşa hasrettir.</Text>
    </Row>
    <Row Tag="LOC_DIPLO_MAKE_PEACE_FROM_AI_LEADER_MENELIK_ANY">
      <Text>Bu savaş her iki halkımıza da zarar veriyor. Buna bir son verelim.</Text>
    </Row>
    <Row Tag="LOC_DIPLO_ACCEPT_OPEN_BORDERS_FROM_HUMAN_LEADER_MENELIK_ANY">
      <Text>Etiyopya topraklarında özgürce dolaşın. Ama aslanlara dikkat edin.</Text>
    </Row>
    <Row Tag="LOC_DIPLO_REJECT_OPEN_BORDERS_FROM_HUMAN_LEADER_MENELIK_ANY">
      <Text>Biz bağımsız ve özgürüz. Ve size hayır diyebiliriz.</Text>
    </Row>
    <Row Tag="LOC_DIPLO_OPEN_BORDERS_FROM_AI_LEADER_MENELIK_ANY">
      <Text>Askerlerimizin topraklarınızda işi var. Geçebilirler mi?</Text>
    </Row>
    <Row Tag="LOC_DIPLO_WARNING_TOO_MANY_TROOPS_NEAR_ME_LEADER_MENELIK_ANY">
      <Text>Beni korkutabileceğini mi sanıyorsun? Askerlerini hemen harekete geçir!</Text>
    </Row>
    <Row Tag="LOC_DIPLO_WARNING_TOO_MANY_TROOPS_NEAR_ME_AI_RESPONSE_NEGATIVE_LEADER_MENELIK_ANY">
      <Text>Kuvvetlerimin bulundukları yerde olmalarının iyi bir sebebi var.</Text>
    </Row>
    <Row Tag="LOC_DIPLO_WARNING_TOO_MANY_TROOPS_NEAR_ME_AI_RESPONSE_POSITIVE_LEADER_MENELIK_ANY">
      <Text>Dostların birbirlerinin sınırlarında silahlı birliklere ihtiyacı yoktur. Geri çekileceğim.</Text>
    </Row>
    <Row Tag="LOC_DIPLO_DEFEAT_FROM_AI_LEADER_MENELIK_ANY">
      <Text>Tanrı'nın Etiyopya'yı terk ettiğini mi düşünüyorsunuz? Onun iyiliğinin sizin üzerinizde olduğunu mu düşünüyorsunuz? Bugün zaferinizle böbürlenmeyin.</Text>
    </Row>
    <Row Tag="LOC_DIPLO_REJECT_MAKE_DEAL_FROM_AI_LEADER_MENELIK_ANY">
      <Text>Bu önemsiz teklifi gözümün önünden kaldır.</Text>
    </Row>
    <Row Tag="LOC_DIPLO_ACCEPT_MAKE_DEAL_FROM_AI_LEADER_MENELIK_ANY">
      <Text>Adil bir takas ikimizin de yararına olacaktır.</Text>
    </Row>
  </EnglishText>
</GameData>