﻿<?xml version="1.0" encoding="utf-8"?>
<GameData>
  <EnglishText>
    <Row Tag="LOC_CITY_NAME_ADDIS_ABABA">
      <Text>Addis Ababa</Text>
    </Row>
    <Row Tag="LOC_CITY_NAME_GONDAR">
      <Text>Gondar</Text>
    </Row>
    <Row Tag="LOC_CITY_NAME_HARAR">
      <Text>Harar</Text>
    </Row>
    <Row Tag="LOC_CITY_NAME_AXUM">
      <Text>Axum</Text>
    </Row>
    <Row Tag="LOC_CITY_NAME_ADWA">
      <Text>Adwa</Text>
    </Row>
    <Row Tag="LOC_CITY_NAME_LALIBELA">
      <Text>Lalibela</Text>
    </Row>
    <Row Tag="LOC_CITY_NAME_MEKELE">
      <Text>Mekele</Text>
    </Row>
    <Row Tag="LOC_CITY_NAME_DESSIE">
      <Text>Dessie</Text>
    </Row>
    <Row Tag="LOC_CITY_NAME_JIMMA">
      <Text>Jimma</Text>
    </Row>
    <Row Tag="LOC_CITY_NAME_SODO">
      <Text>Sodo</Text>
    </Row>
    <Row Tag="LOC_CITY_NAME_DIRE_DAWA">
      <Text>Dire Dawa</Text>
    </Row>
    <Row Tag="LOC_CITY_NAME_ADIGRAT">
      <Text>Adigrat</Text>
    </Row>
    <Row Tag="LOC_CITY_NAME_WELDIYA">
      <Text>Weldiya</Text>
    </Row>
    <Row Tag="LOC_CITY_NAME_ANKOBER">
      <Text>Ankober</Text>
    </Row>
    <Row Tag="LOC_CITY_NAME_ALAMATA">
      <Text>Alamata</Text>
    </Row>
    <Row Tag="LOC_CITY_NAME_YIRGALEM">
      <Text>Yirgalem</Text>
    </Row>
    <Row Tag="LOC_CITY_NAME_GORE">
      <Text>Gore</Text>
    </Row>
    <Row Tag="LOC_CITY_NAME_NEGELE_BORANA">
      <Text>Negele Borana</Text>
    </Row>
    <Row Tag="LOC_CITY_NAME_GINIR">
      <Text>Ginir</Text>
    </Row>
    <Row Tag="LOC_CITY_NAME_DEBARQ">
      <Text>Debarq</Text>
    </Row>
    <Row Tag="LOC_CITY_NAME_NEJO">
      <Text>Nejo</Text>
    </Row>
    <Row Tag="LOC_CITY_NAME_DEBRE_BERHAN">
      <Text>Debre Berhan</Text>
    </Row>
    <Row Tag="LOC_CITY_NAME_ABIY_ADDI">
      <Text>Abiy Addi</Text>
    </Row>
    <Row Tag="LOC_CITY_NAME_MERSA">
      <Text>Mersa</Text>
    </Row>
    <Row Tag="LOC_CITY_NAME_SOQOTA">
      <Text>Soqota</Text>
    </Row>
    <Row Tag="LOC_CITY_NAME_SAYINT_AJEBAR">
      <Text>Sayint Ajebar</Text>
    </Row>
    <Row Tag="LOC_CITY_NAME_CHENCHA">
      <Text>Chencha</Text>
    </Row>
    <Row Tag="LOC_CITY_NAME_ANTALO">
      <Text>Antalo</Text>
    </Row>
    <Row Tag="LOC_CITY_NAME_YIFAT">
      <Text>Yifat</Text>
    </Row>
    <Row Tag="LOC_CITY_NAME_DABAT">
      <Text>Dabat</Text>
    </Row>
    <Row Tag="LOC_CITY_NAME_DEBRE_SINA">
      <Text>Debre Sina</Text>
    </Row>
  </EnglishText>
</GameData>