﻿<?xml version="1.0" encoding="utf-8"?>
<GameData>
  <EnglishText>
    <Row Tag="LOC_PEDIA_LEADERS_PAGE_LEADER_MENELIK_CHAPTER_CAPSULE_BODY">
      <Text>Menelik tepelerde şehirler kurar, [ICON_Faith] İnanca odaklanır ve Bakanlar Kurulunun [ICON_Science] Bilim ve [ICON_Culture] Kültürünü bir Din veya Kültür Zaferi gözüyle artırmasına izin verir.</Text>
    </Row>
    <Row Tag="LOC_PEDIA_LEADERS_PAGE_LEADER_MENELIK_CHAPTER_DETAILED_BODY">
      <Text>Menelik'in odak noktası savunma, din ve kültür temelli bir oyundur. Etiyopya'nın avantajları tepelere yerleşerek ortaya çıkar: Bakanlar Kurulu Etiyopya'ya [ICON_Science] Bilim ve [ICON_Culture] Kültür için tepe tabanlı şehirlerdeki [ICON_Faith] İnanç üretiminin %15'ine eşit bir bonus verir ve Menelik tepelerde Kaya-Yapımı Kiliseler inşa ederek [ICON_Faith] İnancını daha da artırabilir. Dağlık manastırlarını korumak için Menelik, tepelerde cezasız hareket eden bir orta oyun birimi olan Oromo Süvarilerine sahiptir. Menelik burada Etiyopya şehirlerinin özgür kalmasını ve [ICON_Faith] İnancın güç merkezleri olarak kalmasını sağlayabilir. Oyunun ilerleyen safhalarında Menelik bu İnancı Arkeologları satın almak için kullanabilir ve en iyi stratejisini Din veya Kültür Zaferi haline getirebilir.</Text>
    </Row>
    <!-- civs -->
    <Row Tag="LOC_CIVINFO_ETHIOPIA_LOCATION">
      <Text>Doğu Afrika</Text>
    </Row>
    <Row Tag="LOC_CIVINFO_ETHIOPIA_SIZE">
      <Text>Tahmini 426 bin mil kare (1,1 milyon km kare)</Text>
    </Row>
    <Row Tag="LOC_CIVINFO_ETHIOPIA_POPULATION">
      <Text>Tahmini 108 milyon</Text>
    </Row>
    <Row Tag="LOC_CIVINFO_ETHIOPIA_CAPITAL">
      <Text>Addis Ababa</Text>
    </Row>
    <Row Tag="LOC_PEDIA_CIVILIZATIONS_PAGE_CIVILIZATION_ETHIOPIA_CHAPTER_HISTORY_PARA_1">
      <Text>Atalarımız Doğu Afrika'da evrimleşti ve 1974 yılında keşfedilen üç milyon yaşındaki hominid "Lucy" Awash vadisinde yaşadı. Dolayısıyla çok az bölgenin Etiyopya'dan daha uzun bir (ön)tarihe sahip olduğunu söylemek doğru olur. Ülke, insan evriminin, Hıristiyanlığın yayılmasının ve sömürgeciliğin sona ermesinin kavşağı olmuş ve her birinde belirleyici bir rol oynamıştır.</Text>
    </Row>
    <Row Tag="LOC_PEDIA_CIVILIZATIONS_PAGE_CIVILIZATION_ETHIOPIA_CHAPTER_HISTORY_PARA_2">
      <Text>Etiyopya'nın doğusunda Kızıldeniz (ve bunun ötesinde Arap Yarımadası ve Mezopotamya), batısında ise Nil Nehri yer almaktadır. En eski insan uygarlıklarına bu kadar yakın olan Etiyopya'da erken antik dönemde "Punt" adlı bir krallığın zengin bir ticaret merkezi olarak yükselmesi şaşırtıcı değildir. Punt altın, mür, buhur, abanoz ve fildişi gibi değerli eşyalar üretip ihraç ediyordu; bu değerli eşyalar krallığa Mısırlı tüccarlar arasında "Tanrı'nın Ülkesi" adını kazandırmıştı.</Text>
    </Row>
    <Row Tag="LOC_PEDIA_CIVILIZATIONS_PAGE_CIVILIZATION_ETHIOPIA_CHAPTER_HISTORY_PARA_3">
      <Text>Bunu bir dizi bağımsız krallık izlemiştir. Bunlardan Axum, MÖ 1. yüzyıl civarında Kızıldeniz'den güney Arabistan'a kadar uzanan ve günümüzde Sudan olan Nil vadisinin içlerine kadar uzanan en güçlü devletlerden biri haline geldi. Sonraki birkaç yüzyıl boyunca Mısır Roma'nın eline geçerken Axum zenginleşti. Krallık, muhteşem boyalar, silah yapımı için demir ve cam eşyalar satan bir ticaret kavşağında yer alıyordu - bir Roma hesabı, Hindistan'a kadar uzanan ağlarla Axum'da ticareti yapılabilecek tüm farklı malları listelemek için sadece bir sayfa ayırır.</Text>
    </Row>
    <Row Tag="LOC_PEDIA_CIVILIZATIONS_PAGE_CIVILIZATION_ETHIOPIA_CHAPTER_HISTORY_PARA_4">
      <Text>MS 4. yüzyılda Hıristiyanlık Axum'a girmiş ve burayı dünyanın ilk Hıristiyan krallıklarından biri haline getirmiştir (Ermenistan'dan hemen sonra, ancak Roma'dan önce). Bizans (Doğu Roma İmparatorluğu) tarihçileri kralın Suriyeli bir Hıristiyanı nasıl esir aldığını ve daha sonra esiriyle yaptığı uzun konuşmalar sırasında kendisinin de Hıristiyan olduğunu anlatır. Daha sonra kraliyet sikkeleri haçla süslenmiş olsa da, bu din tüm krallığa nüfuz etmemiş, seçkinlerin dini olarak kalmıştır (Hıristiyanlığın daha çok halkla ilişkilendirildiği Roma'nın aksine). Ancak Roma'dan Hıristiyanların tasfiyesi sırasında birçok Hıristiyan din adamı Etiyopya'ya sığındı ve yavaş yavaş halkın çoğunu din değiştirdi (Yahudiliğin yanı sıra geleneksel dinler de devam etti ve bugüne kadar da devam ediyor). Yine bu dönemde Dokuz Aziz olarak bilinen bir grup Axum'a gelerek İncil'i Yunanca'dan yerel dil olan Ge'ezce'ye çevirmiş ve bir manastır düzeni kurmuştur.</Text>
    </Row>
    <Row Tag="LOC_PEDIA_CIVILIZATIONS_PAGE_CIVILIZATION_ETHIOPIA_CHAPTER_HISTORY_PARA_5">
      <Text>Ama güç el değiştirdi. Roma düştü, Müslüman hükümdarlar Kızıldeniz bölgesine hâkim oldu ve Axum'un kendi tebaası kırılgan kurak toprakları aşırı işledi. Etiyopya'nın gücü güneye doğru sürüklendi ve içe döndü.</Text>
    </Row>
    <Row Tag="LOC_PEDIA_CIVILIZATIONS_PAGE_CIVILIZATION_ETHIOPIA_CHAPTER_HISTORY_PARA_6">
      <Text>Bu izolasyon döneminde her şey kaybolmadı. Dokuz Aziz tarafından kurulan gelenekler devam etti ve Zagwe hanedanlığı döneminde (900'ler-1200'ler) inşa edilen Lalibela'nın zaman içinde donmuş kiliselerinde korundu. Bu kiliseler günümüzde de Dünya Mirası listesinde yer almakta ve hacılar tarafından aktif olarak ziyaret edilmektedir.</Text>
    </Row>
    <Row Tag="LOC_PEDIA_CIVILIZATIONS_PAGE_CIVILIZATION_ETHIOPIA_CHAPTER_HISTORY_PARA_7">
      <Text>Etiyopya sonsuza kadar hareketsiz kalmayacaktı. Yeni bir imparator olan Yekuno Amlak, son Zagwe kralını ortadan kaldırdı ve yönetimini sağlamlaştırmak için bu kralın kızlarından biriyle evlendi. Buna ek olarak, meşruiyetini desteklemek için eski kral Süleyman ve Saba Melikesi'nin soyundan geldiğini iddia eden bir efsane yaydı - dolayısıyla bu yeni hanedanın adı Solomonik hanedan oldu.</Text>
    </Row>
    <Row Tag="LOC_PEDIA_CIVILIZATIONS_PAGE_CIVILIZATION_ETHIOPIA_CHAPTER_HISTORY_PARA_8">
      <Text>Solomon hanedanlığı döneminde Etiyopya, tarihi karanlık çağından çıkarak bir kez daha yükselmeye başladı. Hâlâ sabit bir başkentleri olmamasına rağmen (imparatorluk gezici kamplarda hareket ediyordu), imparatorluk başka şekillerde ilerledi. Askeri başarı elde ettiler ve Afrika Boynuzu'nun çoğunu kontrol ettiler. Bölgenin dini coşkusu devam etti ve özellikle 1400'lerin sonundan 1500'lerin başına kadar Avrupalı güçlerle teması kolaylaştırdı. Sanatçılar ve yazarlar da bu dönemde gelişti ve Saba Melikesi'nin hikayesini, Kral Süleyman ile ilişkisini ve Ahit Sandığı'nın oğulları Menelik ile Etiyopya'ya nasıl getirildiğini anlatan bir Ge'ez destanı olan Kebra Nagast da dahil olmak üzere büyük eserler yarattılar.</Text>
    </Row>
    <Row Tag="LOC_PEDIA_CIVILIZATIONS_PAGE_CIVILIZATION_ETHIOPIA_CHAPTER_HISTORY_PARA_9">
      <Text>Ne yazık ki 1500'lerin ortaları Etiyopya'ya çatışma getirdi. Hıristiyan Etiyopya (Habeşistan) ile Müslüman Somali (Adal) arasındaki Habeş-Adal Savaşı MS 1528'den 1543'e kadar sürdü ve Etiyopya'yı kanlı ve büyük ölçüde zayıflamış bir durumda bıraktı. Kiliseler ve el yazmaları yandı ve çatışmalarda çok sayıda insan hayatını kaybetti. Etiyopya İmparatoru Lebna Dengel, 1541'de Massawa'ya silahşörlerle dolu bir filo göndererek karşılık veren Portekiz'e ulaştı. Portekiz filosunun yardımıyla bile Etiyopya, "Fatih" Ahmed ibn İbrahim el-Gazi'yi savuşturmakta hala zorlanıyordu. İmparator Galawdewos hayatta kalan Portekiz kuvvetleriyle birleşti ve Fatih'le bir kez daha yüzleşmek için batıya yürüdü. Al-Ghazi sonunda Wayna Daga Savaşı'nda yenildi ve orduları Etiyopya'dan çekildi. Ancak çatışmalar, Galawdewos aptalca bir şekilde iskelet bir kuvvetle Harar şehrine saldırana kadar 1559'a kadar devam etti. Monarşiyi harap bir halde bırakarak idam edildi.</Text>
    </Row>
    <Row Tag="LOC_PEDIA_CIVILIZATIONS_PAGE_CIVILIZATION_ETHIOPIA_CHAPTER_HISTORY_PARA_10">
      <Text>Kalıcı bir başkent 1636'ya kadar bir daha kurulamadı. Gonder'in kuruluşu Etiyopya'ya tutarlılığın geri gelmesine yardımcı oldu (Shakespeare'in siyasi entrika ve drama seviyelerine yol açan saray kargaşasını da getirse bile). Tekrar ticaretin merkezi haline geldi ve Gonder önemli bir altyapı inşa edebildi. Etiyopyalı soylular yeni saraylar ve güzel bahçeler inşa ederek filozofları ve sanatçıları bir kez daha kendilerine çekti.</Text>
    </Row>
    <Row Tag="LOC_PEDIA_CIVILIZATIONS_PAGE_CIVILIZATION_ETHIOPIA_CHAPTER_HISTORY_PARA_11">
      <Text>1800'lerin sonlarında Gonder geriledi ve ardında savaşçı vilayetlerden oluşan bir karışıklık bıraktı. Üç imparator kendi dönemlerinde Etiyopya'yı birleştirmek için çalıştı. İmparator Tewodros II, bir şefin oğlu olmaktan, eğitim almak için yerel bir manastıra gitti ve sonunda bir grup haydutun lideri oldu. Akıllı bir lider ve yetenekli bir savaşçıydı, bu da haydut grubu küçük bir ordu büyüklüğüne ulaşana kadar ona takipçiler kazandırdı. O kadar iyi tanınıyordu ki, İmparatoriçe Menen Liben Amede onu yatıştırmaya çalışmak için torunuyla arasında bir evlilik ayarladı. Bir süre için bu işe yaradı, ta ki Tewodros yeni akrabalarıyla işinin bittiğine ve daha fazla güç istediğine karar verene kadar. Yönetimi ele geçirdi ve fetih yoluyla bölgenin büyük bir bölümünü birleştirdi. Yine de merhametten yoksun değildi. Öldürdüğü bir prensin oğlunu yanına aldı ve sonunda bu çocuğu kızı Alitash ile evlendirdi. Artık genç bir adam olan çocuk Tewodros'tan kaçtı ve Etiyopya'nın sömürgeciliğe karşı bir kale olarak ününü pekiştiren İmparator Menelik II olmaya devam etti.</Text>
    </Row>
    <Row Tag="LOC_PEDIA_CIVILIZATIONS_PAGE_CIVILIZATION_ETHIOPIA_CHAPTER_HISTORY_PARA_12">
      <Text>Sömürgecilik Avrupa'da bir ateş gibi yayılmıştı ve oyuna geç kalan güçler - özellikle İtalya - bir imparatorluk kurmak için kendi şanslarını arıyorlardı. Etiyopya'nın bulunduğu bölgede Osmanlı İmparatorluğu yıllarca hüküm sürmüştü. Ancak güç ve kurnazlık sayesinde İngilizler Mısır'da, Fransızlar da Somali'de kontrolü ele geçirmeyi başarmıştı. Kızıldeniz'de İngiliz ve Fransız egemenlikleri arasında kalan bir kara parçası - bugünkü Eritre - Afrika yaylalarında hayati bir sahil şeridi haline geldi ve Fransız egemenliğinden korkan ve Etiyopya yönetimine güvenmeyen İngilizler burayı İtalyanlara "verdi". Böylece ilk İtalyan-Etiyopya Savaşı başladı.</Text>
    </Row>
    <Row Tag="LOC_PEDIA_CIVILIZATIONS_PAGE_CIVILIZATION_ETHIOPIA_CHAPTER_HISTORY_PARA_13">
      <Text>Avrupalılar için iyi bitmedi. Sayıca çok üstün olan ve kendi topraklarından uzakta savaşan İtalyanlar katledildi ve yenilgiyle evlerine döndüler. Ve birdenbire dünya, Avrupa'ya karşı koymaya cesaret eden ve kazanan Afrikalı bir hükümdarı duydu. İtalyanlar İkinci Dünya Savaşı'ndan hemen önce tekrar saldıracak ve bu kez galip geleceklerdi. Onlara karşı duran imparator Menelik gibi, Haile Selassie de - Ras Tafari Makonnen olarak doğdu (evet, günümüz Rastafarians'ının özdeşleştiği "Ras Tafari") Avrupa egemenliğine karşı duran bir kahraman olarak ünlendi.</Text>
    </Row>
    <Row Tag="LOC_PEDIA_CIVILIZATIONS_PAGE_CIVILIZATION_ETHIOPIA_CHAPTER_HISTORY_PARA_14">
      <Text>Etiyopya bugün Doğu Afrika'da kalabalık bir ülkedir. Afrika'daki diğer birçok ülke gibi, Soğuk Savaş'ta bölünme ve kan dökülmesiyle karşı karşıya kaldı ve Solomon hattı 1974'te Komünist bir darbeye düştü. 1990'larda Sovyetler Birliği'nin çöküşü ve Eritre'nin (eski İtalyan kolonisi ve Etiyopya'nın Kızıldeniz limanı) bağımsızlığı karşısında Etiyopya yeniden Batı'ya ısındı.</Text>
    </Row>
    <!-- leaders -->
    <Row Tag="LOC_PEDIA_LEADERS_PAGE_LEADER_MENELIK_TITLE">
      <Text>Menelik II</Text>
    </Row>
    <Row Tag="LOC_PEDIA_LEADERS_PAGE_LEADER_MENELIK_QUOTE">
      <Text>Eğer uzaktaki güçler Afrika'yı aralarında bölüşmek için öne çıkarlarsa, kayıtsız bir seyirci olmaya niyetim yok.</Text>
    </Row>
    <Row Tag="LOC_PEDIA_LEADERS_PAGE_LEADER_MENELIK_CHAPTER_HISTORY_PARA_1">
      <Text>Dostlarından bir şeyler öğrenmek için iyi bir adam, düşmanlarından bir şeyler öğrenmek için ise daha büyük bir adam olmak gerekir. Menelik II, o zamanki adıyla Sahle Miriam, 17 Ağustos 1844'te Etiyopya'nın Shewa kentinde doğdu. İmparator Tewodros II Shewan bölgesini işgal edip babası Prens Haile-Melekot'u öldürdüğünde Menelik henüz bir çocuktu. İmparator Tewodros, Haile-Melekot'un soyunu sona erdirmek ve egemenliğine yönelik potansiyel bir tehdidi öldürmek yerine, genç çocuğu Magdala'daki sarayına almaya karar verdi. Miriam hiçbir şekilde özgür değildi - siyasi bir rehineydi. Ancak, Tewodros Miriam'ı uzak bir kuleye kapatmadı. Tewodros Miriam'ı çocuklarıyla birlikte büyüttü ve ona iyi davrandı. Miriam bu süre zarfında Tewodros'tan öğrenebileceği her şeyi öğrendi ve nihayetinde Tewodros'un birleşik bir Etiyopya umudunu anlamaya ve hatta paylaşmaya başladı. Ancak Miriam yine de özgür olmak istedi ve 1865'te diğer Shewan rehinelerinin yardımıyla saraydan kaçtı.</Text>
    </Row>
    <Row Tag="LOC_PEDIA_LEADERS_PAGE_LEADER_MENELIK_CHAPTER_HISTORY_PARA_2">
      <Text>Shewa'nın mevcut valisi Miriam eve döndüğünde kaçtı ve geri dönen prens çok az direnişle tahta geçerek Shewa'nın Kralı oldu. Yine de sadece Shewa ile yetinmek istemiyordu. Miriam, Tewodros'u izledi ve bekledi. İmparator Tewodros 1868'de öldüğünde bile Miriam sabretmeye devam etti. Miriam, bir sonraki İmparator olmak istiyorsa desteğe ihtiyacı olacağını biliyordu. Modernize edilmiş ve birleşik bir Etiyopya hayalinin gerçekleştiğini görmek istiyorsa müttefiklere de ihtiyacı vardı. Bu düşünceyle Miriam, Shewa ve yakındaki krallıklar arasında bağlantılar kurdu. Kuzeyde Mısır'daki yayılmacı Avrupalılar ile batıda Sudan'daki köktendinci bir hareket arasında kalan İmparator Yohannes savaşta düştüğünde, Miriam zamanın geldiğini biliyordu.</Text>
    </Row>
    <Row Tag="LOC_PEDIA_LEADERS_PAGE_LEADER_MENELIK_CHAPTER_HISTORY_PARA_3">
      <Text>Miriam İmparator unvanını aldı ve 3 Kasım 1889'da İmparator Menelik II adını aldı. Yeni ismi için Süleyman'ın oğlu ve Saba Melikesi I. Menelik'ten ilham aldı. Bu isim altında, saltanatını Etiyopya halkı için refah dolu uzun bir saltanat haline getirmeyi planladı.</Text>
    </Row>
    <Row Tag="LOC_PEDIA_LEADERS_PAGE_LEADER_MENELIK_CHAPTER_HISTORY_PARA_4">
      <Text>Menelik'in İmparator olarak karşılaştığı ilk zorluklardan biri, İngilizlerin ikili oynayarak Kızıldeniz kıyılarını "verdiği" İtalyanların tecavüzüydü (İngilizler yeni elde ettikleri Mısır ile Fransız Somalisi arasında bir tampon istiyorlardı). Menelik İtalyanlarla müzakere ederek Wichale Antlaşmasını imzaladı. Antlaşma sadece yeni kurulan Eritre kolonisini İtalya'ya vermeyi amaçlıyordu; ancak İtalyanlara Etiyopya'yı talep etme hakkı verecek şekilde yanlış yorumlandı. Menelik sorunu barışçıl bir şekilde çözmeye çalıştı, ancak sonunda antlaşmayı reddetmek ve Etiyopya topraklarını savunmak zorunda kaldı. Birkaç çatışma ve Adwa'daki büyük bir savaştan sonra Menelik ve Etiyopya galip geldi. Bu zaferle birlikte, Etiyopya'nın bağımsızlığını daha da pekiştiren Addis Ababa Antlaşması'nı müzakere etti.</Text>
    </Row>
    <Row Tag="LOC_PEDIA_LEADERS_PAGE_LEADER_MENELIK_CHAPTER_HISTORY_PARA_5">
      <Text>Adwa Savaşı dünya tarihinde bir dönüm noktasıydı. Daha önce Avrupa ülkeleri kendilerini dünyanın neredeyse her yerinden üstün görüyorlardı. Ama şimdi, bir Afrika ulusu kendisini bir Avrupalı ulusa karşı başarıyla savunmuştu. Bu başarı Afrika, Asya ve Amerika'daki sömürgeleştirilmiş halkların dikkatini çekti. Sömürgecilik dünya için uzun sürmeyecekti.</Text>
    </Row>
    <Row Tag="LOC_PEDIA_LEADERS_PAGE_LEADER_MENELIK_CHAPTER_HISTORY_PARA_6">
      <Text>Antlaşmanın ardından Menelik, Etiyopya'yı modernleştirmeye ve kendi kimliğine sahip güçlü bir ulus olarak kurmaya başladı. Başkent Addis Ababa'yı el konulan Oromo topraklarından inşa etti ve ulusal bir para birimi yarattı. Menelik ayrıca okullar inşa ederek ve demiryollarının oluşturulmasıyla seyahati daha erişilebilir ve rahat hale getirerek ulusal bir altyapı geliştirmek için çalıştı. Ayrıca bir posta ve telgraf sistemi aracılığıyla insanların iletişim halinde kalabilmelerini sağladı. Menelik ülkesinin hem mecazi hem de gerçek anlamda gelişmesini ve büyümesini istiyordu. Önceki koalisyonları sayesinde sınırlarını neredeyse şimdiki sınırlarla aynı boyuta kadar genişletti.</Text>
    </Row>
    <Row Tag="LOC_PEDIA_LEADERS_PAGE_LEADER_MENELIK_CHAPTER_HISTORY_PARA_7">
      <Text>Bununla birlikte, Menelik'in duyulmadığını bildiği sesler hala vardı ve onların sözlerinin söylenmesini sağlamaya kararlıydı. Etiyopya'daki köle ticaretini bastırmak ve nihayetinde yok etmek için aktif olarak çalıştı. Önceki yöneticiler "endüstriyi" yasaklamış olsalar da, Menelik köle tacirlerini uzuvlarını kesmekle cezalandırdı ve köle ticareti yapan kasabaları parçaladı. Ulusundaki herkesin fikrini değiştiremese de, gelecek nesiller için tohumların ekildiğinden emin oldu. Ancak bu tür ileri düşünceler Etiyopya'daki etnik azınlıkları kapsamıyordu - Menelik'in yönetimi, Menelik'in Amhar halkının ülkedeki iktidar dizginlerini sıkı bir şekilde elinde tuttuğunu düşünen etnik gruplar tarafından eleştirildi.</Text>
    </Row>
    <Row Tag="LOC_PEDIA_LEADERS_PAGE_LEADER_MENELIK_CHAPTER_HISTORY_PARA_8">
      <Text>Menelik hem hükümdarlığından önce hem de hükümdarlığı sırasında üç kez evlendi. İmparator Tewodros'tan kaçtıktan sonra ilk eşini geride bıraktı. Her ikisi de kısa süre sonra başka insanlarla evlendiğinden, ikisinden birinin bu konuda kalbinin kırılıp kırılmadığı belirsizdir. Menelik ilk eşinden "boşandığı" yıl Woizero Befana Wolde Michael ile evlendi. Menelik onu çok seviyordu, ancak ihanet suçlamalarının ardından ondan boşanmak zorunda kaldı. Bu iddialara rağmen Menelik, Taytu Betul ile yaptığı üçüncü ve son evliliğine kadar ona olan aşkını sürdürdü. Ölümüne kadar onunla birlikte kaldı. Taytu güçlü bir hükümdar olduğunu kanıtladı ve evliliklerinden önce bile nüfuzlu bir kadındı.</Text>
    </Row>
    <Row Tag="LOC_PEDIA_LEADERS_PAGE_LEADER_MENELIK_CHAPTER_HISTORY_PARA_9">
      <Text>1909 yılında Menelik felç geçirdi ve eski halinden eser kalmadı. İmparatoriçe, Ras Bitwaddad Tesemma başa geçene kadar onun yerine hüküm sürmeye başladı. Ancak yönetimi kısa sürdü ve Menelik'in 1913'teki ölümüne kadar yönetmek üzere bir konsey oluşturuldu. İmparatoriçe, üzüntüsüne rağmen, konsey içinde görüşlerini dile getirmek üzere davet edilmedi. Menelik'in cenaze töreni sessiz ve ani oldu. Ne bir duyuru ne de bir tören yapıldı; sadece Etiyopya'nın en iyi hatırlanan yöneticilerinden birinin sessiz sedasız vefatı. Son yıllarda Etiyopya'daki diğer etnik gruplar Menelik'in Amharca şovenizminden dolayı tarihten hesap sormuş olsalar da, onun mirası modernleşmeyle bile devam eden bir kimliğe sahip istikrarlı bir ülke bıraktı.</Text>
    </Row>
    <!-- units -->
    <Row Tag="LOC_PEDIA_UNITS_PAGE_UNIT_ETHIOPIAN_OROMO_CAVALRY_CHAPTER_HISTORY_PARA_1">
      <Text>"Oromo" kelimesi Etiyopya'daki baskın etnik grubu ifade eder ve toplam nüfusun yaklaşık üçte birini oluşturur. Oromoların zaman zaman kendi krallıkları, dilleri ve dinleri vardı (günümüz Etiyopya'sında Müslümanlar ve Hıristiyanlar arasında eşit olarak bölünmüş olsalar da). Birinci İtalya-Etiyopya Savaşı sırasında, İtalya Etiyopya'yı sömürge olarak ele geçirmeye çalıştığında, Etiyopya imparatoru Menelik, özellikle belirleyici Adwa Savaşı'nda Oromo süvarilerini yıkıcı bir etki için kullandı.</Text>
    </Row>
    <Row Tag="LOC_PEDIA_UNITS_PAGE_UNIT_ETHIOPIAN_OROMO_CAVALRY_CHAPTER_HISTORY_PARA_2">
      <Text>Oromo süvarileri gerçek süvari değil, atlı piyadelerdi, yani at sırtında silah kullanmazlar, İtalyanlara doğru dörtnala koşar, attan iner ve sonra ateş ederlerdi. Aslan yeleli başlıkları ve vahşi ünleriyle dönemin en korkulan askeri birliklerinden biri haline gelmişlerdi. İtalyan işgali sırasında, İtalyan kamplarında Oromo süvarilerinin (İtalyanların "Galla" dediği - Oromo tarafından saldırgan olarak görülen bir kelime) silah tutan düşmanların cesetlerini hadım edeceğine dair bir söylenti yayıldı - bu söylenti birçok İtalyan'ın Oromo hücuma başladığı anda silahlarını bir kenara atmasına neden oldu. İtalyan askerleri, yurttaşlarının Oromolarla yüzleşmek yerine silahlarını kendilerine çevirdiklerini bildirdi. Bir raporda, bir Oromo saldırısından sağ kurtulan yalnız bir İtalyan, aklını kaçırmış, "Galla süvarileri" dışında bir şey söyleyemiyordu. Galla süvarileri. Dehşet. Korku."</Text>
    </Row>
    <!-- buildings and districts -->
    <Row Tag="LOC_PEDIA_DISTRICTS_PAGE_DISTRICT_DIPLOMATIC_QUARTER_CHAPTER_HISTORY_PARA_1">
      <Text>Eski zamanlarda bile yabancı liderlerin toplantıları sadece iki kişinin oturup konuşmasından ibaret değildir. Aksine, onlara büyükelçiler, konsoloslar, yardımcılar, çevirmenler vs. gibi geniş bir ağ eşlik eder. Tüm bu insanların çalışacak bir yere ihtiyacı vardır. Washington D.C.'de Massachusetts Caddesi'nin bir bölümü, diplomasiye adanmış bu tür bir yer olarak hizmet vermektedir. Bu cadde boyunca bazen lüks, bazen mütevazı, bazen eski, bazen de birden fazla ülkenin bayrağını taşıyan yepyeni binalar sıralanır. Çoğu ülkenin böyle mahalleleri vardır: Seul'ün Itaewon, Pekin'in Chaoyang, Paris'in 7. bölgesi, Abuja'nın Bağımsızlık ve Anayasa Caddeleri bunlardan sadece birkaçıdır. Buralar yabancı liderlerin geldiği, görüştüğü ve temsilcilerinin bulunduğu yerlerdir. Ve sadece yabancılar değil: diplomatik bölgeler aynı zamanda üniversitelerin uluslararası okullarının, düşünce kuruluşlarının ve lobi şirketlerinin, yeme, içme ve eğlence yerlerinin... ve casusluk ve karşı casusluğun merkezleridir.</Text>
    </Row>
    <Row Tag="LOC_PEDIA_BUILDINGS_PAGE_BUILDING_CHANCERY_CHAPTER_HISTORY_PARA_1">
      <Text>Konsolosluklar ve büyükelçiliklerden oluşan bir topluluğa kançılarya denir. Burada diplomatlar antlaşmalar yapmak ve anlaşmalar düzenlemek için bir araya gelirler... ve (büyük olasılıkla) casuslarla omuz omuza çalışırlar. Kançılarya, ülke içindeki yabancı ajanları gözlemlemek ve izlemek, ilişkileri geliştirmek (ve diğer ülkelerin neyin peşinde olabileceğini anlamaya çalışmak) için merkezi bir yer sağlar. Bir konsolosluktan daha büyük ve daha kapsamlıdır.</Text>
    </Row>
    <Row Tag="LOC_PEDIA_BUILDINGS_PAGE_BUILDING_CONSULATE_CHAPTER_HISTORY_PARA_1">
      <Text>Konsolosluk, basitçe bir konsolosun çalışma yerini ifade eder - bu anlamda, bir büyükelçinin daha küçük bir versiyonudur ve bir büyükelçiliğin işlevlerini daha küçük ölçekte yerine getirmeyi amaçlar. Örneğin bir ülke, New York'ta yaşayan veya orayı ziyaret eden vatandaşlarına yardımcı olmak için bir konsolosluk kurabilirken, ana büyükelçilik Washington, D.C.'de olabilir. Burada "konsolosluk" ille de bunu değil, yabancı devlet adamlarını başkente yakın ve gözetim altında tutmak için inşa edilmiş bir tesisi ifade eder.</Text>
    </Row>
    <!-- improvements -->
    <Row Tag="LOC_PEDIA_IMPROVEMENTS_PAGE_IMPROVEMENT_ROCK_HEWN_CHURCH_CHAPTER_HISTORY_PARA_1">
      <Text>11. yüzyılda Etiyopyalı Hıristiyanlar kendilerini dışlanmış buldular. Daha önceki yüzyıllarda eski Hıristiyan merkezlerinden hacılar Kutsal Topraklara seyahat ederken, Müslüman fetihleri bu seyahatleri engelliyordu. Bunun üzerine Kral Lalibela, savaştan zarar görmüş bir bölgeden geçmek zorunda kalmadan bölgeden hacıları çekecek kadar etkileyici, eve daha yakın bir yer inşa etmeye karar verdi. Bu amaçla, Lalibela'nın kayadan oyma kiliseleri olan "Yeni Kudüs "ün inşa edilmesini emretti.</Text>
    </Row>
    <Row Tag="LOC_PEDIA_IMPROVEMENTS_PAGE_IMPROVEMENT_ROCK_HEWN_CHURCH_CHAPTER_HISTORY_PARA_2">
      <Text>Bunlar sıradan kiliseler değildi. Bunun yerine, her biri kapılar, pencereler, sütunlar ve drenaj hendekleri, yeraltı mezarları ve münzevi mağaraları gibi tüm pratik unsurlarla birlikte tek bir dev taştan oyulmuştur. "Yeni Kudüs" yaratma emrinin gerektirdiği gibi, bu kiliseler İsa'nın doğum yeri ve mezarının replikalarını içeriyordu, böylece ziyaret eden hacılar hayatlarını ve uzuvlarını riske atmadan Tanrı ile iletişim kurabileceklerini hissedebiliyorlardı. Bu kiliseler Kıpti Hıristiyanlar için hayati önem taşıyan hac ve ibadet mekânlarıydı ve hâlâ da öyledir.</Text>
    </Row>
  </EnglishText>
</GameData>