﻿<?xml version="1.0" encoding="utf-8"?>
<!-- edited with XMLSPY v2004 rel. 2 U (http://www.xmlspy.com) by Ed Beach (Firaxis Games) -->
<GameData>
  <EnglishText>
    <!-- Civs [Majors] -->
    <Row Tag="LOC_CIVILIZATION_KHMER_ADJECTIVE">
      <Text>Khmer</Text>
    </Row>
    <Row Tag="LOC_CIVILIZATION_INDONESIA_ADJECTIVE">
      <Text>Endonezce
 	 	 	</Text>
      <Gender>Masculine:an</Gender>
    </Row>
    <!-- Leader Agendas-->
    <Row Tag="LOC_AGENDA_END_TO_SUFFERING_NAME">
      <Text>Acılara Bir Son</Text>
    </Row>
    <Row Tag="LOC_AGENDA_END_TO_SUFFERING_DESCRIPTION">
      <Text>Çok sayıda Kutsal Alanı olan ve ortalama şehir [ICON_Citizen] nüfusu yüksek olan medeniyetleri sever. Bu alanlardan herhangi birinde eksik olan medeniyetleri sevmez.</Text>
    </Row>
    <Row Tag="LOC_AGENDA_ARCHIPELAGIC_STATE_NAME">
      <Text>Takımadalı Devlet</Text>
    </Row>
    <Row Tag="LOC_AGENDA_ARCHIPELAGIC_STATE_DESCRIPTION">
      <Text>Küçük kara parçalarında şehir kurmaktan veya fethetmekten kaçınan uygarlıkları sever.  Bu tür adalarda çok sayıda şehri olanlardan nefret eder.</Text>
    </Row>
    <Row Tag="LOC_TOOLTIP_SAMPLE_DIPLOMACY_ARCHIPELAGIC_STATE">
      <Text>Tüm adaları kontrol etmek istiyor</Text>
    </Row>
    <Row Tag="LOC_TOOLTIP_SAMPLE_DIPLOMACY_END_TO_SUFFERING">
      <Text>Kutsal Alanları ve yüksek nüfuslu şehirleri olan medeniyetleri sever</Text>
    </Row>
    <!-- Citizen Names [Indonesia]-->
    <Row Tag="LOC_CITIZEN_INDONESIA_MALE_1">
      <Text>Adityawarman</Text>
    </Row>
    <Row Tag="LOC_CITIZEN_INDONESIA_MALE_2">
      <Text>Airlangga</Text>
    </Row>
    <Row Tag="LOC_CITIZEN_INDONESIA_MALE_3">
      <Text>Anusapati</Text>
    </Row>
    <Row Tag="LOC_CITIZEN_INDONESIA_MALE_4">
      <Text>Jayakatwang</Text>
    </Row>
    <Row Tag="LOC_CITIZEN_INDONESIA_MALE_5">
      <Text>Jayapangus</Text>
    </Row>
    <Row Tag="LOC_CITIZEN_INDONESIA_MALE_6">
      <Text>Kertanegara</Text>
    </Row>
    <Row Tag="LOC_CITIZEN_INDONESIA_MALE_7">
      <Text>Nambi</Text>
    </Row>
    <Row Tag="LOC_CITIZEN_INDONESIA_MALE_8">
      <Text>Prapanca</Text>
    </Row>
    <Row Tag="LOC_CITIZEN_INDONESIA_MALE_9">
      <Text>Samaragrawira</Text>
    </Row>
    <Row Tag="LOC_CITIZEN_INDONESIA_MALE_10">
      <Text>Wijaya</Text>
    </Row>
    <Row Tag="LOC_CITIZEN_INDONESIA_FEMALE_1">
      <Text>Gayatri</Text>
    </Row>
    <Row Tag="LOC_CITIZEN_INDONESIA_FEMALE_2">
      <Text>Kidul</Text>
    </Row>
    <Row Tag="LOC_CITIZEN_INDONESIA_FEMALE_3">
      <Text>Kusumawardhani</Text>
    </Row>
    <Row Tag="LOC_CITIZEN_INDONESIA_FEMALE_4">
      <Text>Mahendradatta</Text>
    </Row>
    <Row Tag="LOC_CITIZEN_INDONESIA_FEMALE_5">
      <Text>Melati</Text>
    </Row>
    <Row Tag="LOC_CITIZEN_INDONESIA_FEMALE_6">
      <Text>Pitaloka</Text>
    </Row>
    <Row Tag="LOC_CITIZEN_INDONESIA_FEMALE_7">
      <Text>Rajapatni</Text>
    </Row>
    <Row Tag="LOC_CITIZEN_INDONESIA_FEMALE_8">
      <Text>Sinta</Text>
    </Row>
    <Row Tag="LOC_CITIZEN_INDONESIA_FEMALE_9">
      <Text>Suhita</Text>
    </Row>
    <Row Tag="LOC_CITIZEN_INDONESIA_FEMALE_10">
      <Text>Susilawati</Text>
    </Row>
    <Row Tag="LOC_CITIZEN_INDONESIA_MODERN_MALE_1">
      <Text>Adhy</Text>
    </Row>
    <Row Tag="LOC_CITIZEN_INDONESIA_MODERN_MALE_2">
      <Text>Arief</Text>
    </Row>
    <Row Tag="LOC_CITIZEN_INDONESIA_MODERN_MALE_3">
      <Text>Bayu</Text>
    </Row>
    <Row Tag="LOC_CITIZEN_INDONESIA_MODERN_MALE_4">
      <Text>BIntang</Text>
    </Row>
    <Row Tag="LOC_CITIZEN_INDONESIA_MODERN_MALE_5">
      <Text>Hanifah</Text>
    </Row>
    <Row Tag="LOC_CITIZEN_INDONESIA_MODERN_MALE_6">
      <Text>Lingga</Text>
    </Row>
    <Row Tag="LOC_CITIZEN_INDONESIA_MODERN_MALE_7">
      <Text>Raden</Text>
    </Row>
    <Row Tag="LOC_CITIZEN_INDONESIA_MODERN_MALE_8">
      <Text>Rafian</Text>
    </Row>
    <Row Tag="LOC_CITIZEN_INDONESIA_MODERN_MALE_9">
      <Text>Randika</Text>
    </Row>
    <Row Tag="LOC_CITIZEN_INDONESIA_MODERN_MALE_10">
      <Text>Zülfikri</Text>
    </Row>
    <Row Tag="LOC_CITIZEN_INDONESIA_MODERN_FEMALE_1">
      <Text>Anisah</Text>
    </Row>
    <Row Tag="LOC_CITIZEN_INDONESIA_MODERN_FEMALE_2">
      <Text>Ayu</Text>
    </Row>
    <Row Tag="LOC_CITIZEN_INDONESIA_MODERN_FEMALE_3">
      <Text>Citra</Text>
    </Row>
    <Row Tag="LOC_CITIZEN_INDONESIA_MODERN_FEMALE_4">
      <Text>Dewi</Text>
    </Row>
    <Row Tag="LOC_CITIZEN_INDONESIA_MODERN_FEMALE_5">
      <Text>Hanifah</Text>
    </Row>
    <Row Tag="LOC_CITIZEN_INDONESIA_MODERN_FEMALE_6">
      <Text>Megawati</Text>
    </Row>
    <Row Tag="LOC_CITIZEN_INDONESIA_MODERN_FEMALE_7">
      <Text>Puti</Text>
    </Row>
    <Row Tag="LOC_CITIZEN_INDONESIA_MODERN_FEMALE_8">
      <Text>Sukarna</Text>
    </Row>
    <Row Tag="LOC_CITIZEN_INDONESIA_MODERN_FEMALE_9">
      <Text>Vidia</Text>
    </Row>
    <Row Tag="LOC_CITIZEN_INDONESIA_MODERN_FEMALE_10">
      <Text>Yuvashi</Text>
    </Row>
    <!-- Citizen Names [Khmer]-->
    <Row Tag="LOC_CITIZEN_KHMER_MALE_1">
      <Text>Balarama</Text>
    </Row>
    <Row Tag="LOC_CITIZEN_KHMER_MALE_2">
      <Text>Boran</Text>
    </Row>
    <Row Tag="LOC_CITIZEN_KHMER_MALE_3">
      <Text>Damkhat</Text>
    </Row>
    <Row Tag="LOC_CITIZEN_KHMER_MALE_4">
      <Text>Indravarman</Text>
    </Row>
    <Row Tag="LOC_CITIZEN_KHMER_MALE_5">
      <Text>Laksmana</Text>
    </Row>
    <Row Tag="LOC_CITIZEN_KHMER_MALE_6">
      <Text>Nimol</Text>
    </Row>
    <Row Tag="LOC_CITIZEN_KHMER_MALE_7">
      <Text>Rama</Text>
    </Row>
    <Row Tag="LOC_CITIZEN_KHMER_MALE_8">
      <Text>Suryavarman</Text>
    </Row>
    <Row Tag="LOC_CITIZEN_KHMER_MALE_9">
      <Text>Thomma</Text>
    </Row>
    <Row Tag="LOC_CITIZEN_KHMER_MALE_10">
      <Text>Yasovarman</Text>
    </Row>
    <Row Tag="LOC_CITIZEN_KHMER_FEMALE_1">
      <Text>Bormey</Text>
    </Row>
    <Row Tag="LOC_CITIZEN_KHMER_FEMALE_2">
      <Text>Indradevi</Text>
    </Row>
    <Row Tag="LOC_CITIZEN_KHMER_FEMALE_3">
      <Text>Jayarajadevi</Text>
    </Row>
    <Row Tag="LOC_CITIZEN_KHMER_FEMALE_4">
      <Text>Lakshmi</Text>
    </Row>
    <Row Tag="LOC_CITIZEN_KHMER_FEMALE_5">
      <Text>Parvati</Text>
    </Row>
    <Row Tag="LOC_CITIZEN_KHMER_FEMALE_6">
      <Text>Romchang</Text>
    </Row>
    <Row Tag="LOC_CITIZEN_KHMER_FEMALE_7">
      <Text>Sorpheny</Text>
    </Row>
    <Row Tag="LOC_CITIZEN_KHMER_FEMALE_8">
      <Text>Suryavana</Text>
    </Row>
    <Row Tag="LOC_CITIZEN_KHMER_FEMALE_9">
      <Text>Tevoda</Text>
    </Row>
    <Row Tag="LOC_CITIZEN_KHMER_FEMALE_10">
      <Text>Viralakshmi</Text>
    </Row>
    <Row Tag="LOC_CITIZEN_KHMER_MODERN_MALE_1">
      <Text>Çakra</Text>
    </Row>
    <Row Tag="LOC_CITIZEN_KHMER_MODERN_MALE_2">
      <Text>Chhay</Text>
    </Row>
    <Row Tag="LOC_CITIZEN_KHMER_MODERN_MALE_3">
      <Text>Heng</Text>
    </Row>
    <Row Tag="LOC_CITIZEN_KHMER_MODERN_MALE_4">
      <Text>Kiri</Text>
    </Row>
    <Row Tag="LOC_CITIZEN_KHMER_MODERN_MALE_5">
      <Text>Maly</Text>
    </Row>
    <Row Tag="LOC_CITIZEN_KHMER_MODERN_MALE_6">
      <Text>Nimol</Text>
    </Row>
    <Row Tag="LOC_CITIZEN_KHMER_MODERN_MALE_7">
      <Text>Phala</Text>
    </Row>
    <Row Tag="LOC_CITIZEN_KHMER_MODERN_MALE_8">
      <Text>Rathanak</Text>
    </Row>
    <Row Tag="LOC_CITIZEN_KHMER_MODERN_MALE_9">
      <Text>Serey</Text>
    </Row>
    <Row Tag="LOC_CITIZEN_KHMER_MODERN_MALE_10">
      <Text>Sophal</Text>
    </Row>
    <Row Tag="LOC_CITIZEN_KHMER_MODERN_FEMALE_1">
      <Text>Bopha</Text>
    </Row>
    <Row Tag="LOC_CITIZEN_KHMER_MODERN_FEMALE_2">
      <Text>Chantha</Text>
    </Row>
    <Row Tag="LOC_CITIZEN_KHMER_MODERN_FEMALE_3">
      <Text>Dara</Text>
    </Row>
    <Row Tag="LOC_CITIZEN_KHMER_MODERN_FEMALE_4">
      <Text>Jorani</Text>
    </Row>
    <Row Tag="LOC_CITIZEN_KHMER_MODERN_FEMALE_5">
      <Text>Leakena</Text>
    </Row>
    <Row Tag="LOC_CITIZEN_KHMER_MODERN_FEMALE_6">
      <Text>Phhoung</Text>
    </Row>
    <Row Tag="LOC_CITIZEN_KHMER_MODERN_FEMALE_7">
      <Text>Poeu</Text>
    </Row>
    <Row Tag="LOC_CITIZEN_KHMER_MODERN_FEMALE_8">
      <Text>Rachana</Text>
    </Row>
    <Row Tag="LOC_CITIZEN_KHMER_MODERN_FEMALE_9">
      <Text>Sophon</Text>
    </Row>
    <Row Tag="LOC_CITIZEN_KHMER_MODERN_FEMALE_10">
      <Text>Thyda</Text>
    </Row>
    <!-- City Names [Indonesia] -->
    <Row Tag="LOC_CITY_NAME_MAJAPAHIT">
      <Text>Majapahit</Text>
    </Row>
    <Row Tag="LOC_CITY_NAME_TUBAN">
      <Text>Tuban</Text>
    </Row>
    <Row Tag="LOC_CITY_NAME_PALEMBANG">
      <Text>Palembang</Text>
    </Row>
    <Row Tag="LOC_CITY_NAME_JAMBI">
      <Text>Jambi</Text>
    </Row>
    <Row Tag="LOC_CITY_NAME_TERNATE">
      <Text>Ternate</Text>
    </Row>
    <Row Tag="LOC_CITY_NAME_BADUNG">
      <Text>Badung</Text>
    </Row>
    <Row Tag="LOC_CITY_NAME_MATARAM">
      <Text>Mataram</Text>
    </Row>
    <Row Tag="LOC_CITY_NAME_SURABAYA">
      <Text>Surabaya</Text>
    </Row>
    <Row Tag="LOC_CITY_NAME_BANJARMASIN">
      <Text>Banjarmasin</Text>
    </Row>
    <Row Tag="LOC_CITY_NAME_BIMA">
      <Text>Bima</Text>
    </Row>
    <Row Tag="LOC_CITY_NAME_MAKASSAR">
      <Text>Makassar</Text>
    </Row>
    <Row Tag="LOC_CITY_NAME_LAMPUNG">
      <Text>Lampung</Text>
    </Row>
    <Row Tag="LOC_CITY_NAME_BARUS">
      <Text>Barus</Text>
    </Row>
    <Row Tag="LOC_CITY_NAME_BANTEN">
      <Text>Banten</Text>
    </Row>
    <Row Tag="LOC_CITY_NAME_GELGEL">
      <Text>Gelgel</Text>
    </Row>
    <Row Tag="LOC_CITY_NAME_BOGOR">
      <Text>Bogor</Text>
    </Row>
    <Row Tag="LOC_CITY_NAME_PAGARUYUNG">
      <Text>Pagaruyung</Text>
    </Row>
    <Row Tag="LOC_CITY_NAME_GORONTALO">
      <Text>Gorontalo</Text>
    </Row>
    <Row Tag="LOC_CITY_NAME_PEKALONGAN">
      <Text>Pekalongan</Text>
    </Row>
    <Row Tag="LOC_CITY_NAME_SUKADANA">
      <Text>Sukadana</Text>
    </Row>
    <Row Tag="LOC_CITY_NAME_MALANG">
      <Text>Malang</Text>
    </Row>
    <Row Tag="LOC_CITY_NAME_LAMBRI">
      <Text>Lambri</Text>
    </Row>
    <Row Tag="LOC_CITY_NAME_SUKABUMI">
      <Text>Sukabumi</Text>
    </Row>
    <Row Tag="LOC_CITY_NAME_KAHURIPAN">
      <Text>Kahuripan</Text>
    </Row>
    <Row Tag="LOC_CITY_NAME_BENGKULU">
      <Text>Bengkulu</Text>
    </Row>
    <Row Tag="LOC_CITY_NAME_KEDIRI">
      <Text>Kediri</Text>
    </Row>
    <Row Tag="LOC_CITY_NAME_TANJUNGPINANG">
      <Text>Tanjungpinang</Text>
    </Row>
    <Row Tag="LOC_CITY_NAME_BAU_BAU">
      <Text>Bau-Bau</Text>
    </Row>
    <Row Tag="LOC_CITY_NAME_GRESIK">
      <Text>Gresik</Text>
    </Row>
    <Row Tag="LOC_CITY_NAME_PONTIANAK">
      <Text>Pontianak</Text>
    </Row>
    <Row Tag="LOC_CITY_NAME_PANGKALPINANG">
      <Text>Pangkalpinang</Text>
    </Row>
    <!-- City Names [Khmer] -->
    <Row Tag="LOC_CITY_NAME_ANGKOR_THOM">
      <Text>Angkor Thom</Text>
    </Row>
    <Row Tag="LOC_CITY_NAME_ANGKOR_WAT">
      <Text>Angkor Wat</Text>
    </Row>
    <Row Tag="LOC_CITY_NAME_HARIHARALAYA">
      <Text>Hariharalaya</Text>
    </Row>
    <Row Tag="LOC_CITY_NAME_YASODHARAPURA">
      <Text>Yaśodharapura</Text>
    </Row>
    <Row Tag="LOC_CITY_NAME_MAHENDRAPARVATA">
      <Text>Mahendraparvata</Text>
    </Row>
    <Row Tag="LOC_CITY_NAME_VIMAYAPURA">
      <Text>Vimayapura</Text>
    </Row>
    <Row Tag="LOC_CITY_NAME_INDRAPURA">
      <Text>Indrapura</Text>
    </Row>
    <Row Tag="LOC_CITY_NAME_LINGAPURA">
      <Text>Lingapura</Text>
    </Row>
    <Row Tag="LOC_CITY_NAME_PREAH_VIHEAR">
      <Text>Preah Vihear</Text>
    </Row>
    <Row Tag="LOC_CITY_NAME_BHAVAPURA">
      <Text>Bhavapura</Text>
    </Row>
    <Row Tag="LOC_CITY_NAME_KOMPONG_SVAY">
      <Text>Kompong Svay</Text>
    </Row>
    <Row Tag="LOC_CITY_NAME_NAGARA_JAYASRI">
      <Text>Nagara Jayasri</Text>
    </Row>
    <Row Tag="LOC_CITY_NAME_VYADHAPURA">
      <Text>Vyadhapura</Text>
    </Row>
    <Row Tag="LOC_CITY_NAME_CHATURMUKHA">
      <Text>Chaturmukha</Text>
    </Row>
    <Row Tag="LOC_CITY_NAME_DVIRADAPURA">
      <Text>Dviradapura</Text>
    </Row>
    <Row Tag="LOC_CITY_NAME_RAJAVIHARA">
      <Text>Rajavihara</Text>
    </Row>
    <Row Tag="LOC_CITY_NAME_AMARENDRAPURA">
      <Text>Amarendrapura</Text>
    </Row>
    <Row Tag="LOC_CITY_NAME_PHANOM_RUNG">
      <Text>Phanom Rung</Text>
    </Row>
    <Row Tag="LOC_CITY_NAME_ISVARAPURA">
      <Text>Iśvarapura</Text>
    </Row>
    <Row Tag="LOC_CITY_NAME_MUANG_TAM">
      <Text>Muang Tam</Text>
    </Row>
    <Row Tag="LOC_CITY_NAME_ANGKOR_BOREI">
      <Text>Angkor Borei</Text>
    </Row>
    <Row Tag="LOC_CITY_NAME_BANTEAY_KDEI">
      <Text>Banteay Kdei</Text>
    </Row>
    <Row Tag="LOC_CITY_NAME_PHETCHABURI">
      <Text>Phetchaburi</Text>
    </Row>
    <Row Tag="LOC_CITY_NAME_CHAIYA">
      <Text>Chaiya</Text>
    </Row>
    <Row Tag="LOC_CITY_NAME_ISANAPURA">
      <Text>Isanapura</Text>
    </Row>
    <Row Tag="LOC_CITY_NAME_PRE_RUP">
      <Text>Ön Rup</Text>
    </Row>
    <Row Tag="LOC_CITY_NAME_BENG_MELEA">
      <Text>Beng Melea</Text>
    </Row>
    <Row Tag="LOC_CITY_NAME_LAVODAYAPURA">
      <Text>Lavodayapura</Text>
    </Row>
    <Row Tag="LOC_CITY_NAME_SHRESTAPURA">
      <Text>Shrestapura</Text>
    </Row>
    <Row Tag="LOC_CITY_NAME_ANINDITAPURA">
      <Text>Aninditapura</Text>
    </Row>
    <!-- Unit Abilities  -->
    <Row Tag="LOC_ABILITY_MARTYR_DESCRIPTION">
      <Text>Bu birim Teolojik Savaşta ölürse bir [ICON_GreatWork_Relic] Kalıntı oluşturulur.</Text>
    </Row>
    <Row Tag="LOC_ABILITY_JONG_DESCRIPTION">
      <Text>Bir düzen içindeyken +5 [ICON_Strength] Savaş Gücü bonusu. [NEWLINE][ICON_Bullet]Düzen içindeki birimler Jong'un hareketini miras alır.</Text>
    </Row>
    <Row Tag="LOC_ABILITY_GITARJA_RELIGIOUS_NO_EMBARK_DISEMBARK_COST_DESCRIPTION">
      <Text>Gemiye binmek veya gemiden inmek için hareket maliyeti yok (Gitarja)</Text>
    </Row>
    <!-- World Wonders -->
    <Row Tag="LOC_BUILDING_ANGKOR_WAT_NAME">
      <Text>Angkor Wat</Text>
    </Row>
    <Row Tag="LOC_BUILDING_ANGKOR_WAT_DESCRIPTION">
      <Text>+1 [ICON_Citizen] İnşa edildiğinde tüm Mevcut Şehirlerde Nüfus. +1 [ICON_Housing] Tüm şehirlerde konut. [NEWLINE][NEWLINE]Bir Su Kemeri bölgesine bitişik olarak inşa edilmelidir.</Text>
    </Row>
    <!-- New adjacency bonuses-->
    <Row Tag="LOC_DISTRICT_NUSANTARA_FAITH">
      <Text>+{1_num} [ICON_Faith] Bitişik Kıyı karo(ları)ndan gelen inanç.</Text>
    </Row>
    <Row Tag="LOC_DISTRICT_NUSANTARA_SCIENCE">
      <Text>+{1_num} [ICON_Science] Bitişik Sahil karo(lar)ından bilim.</Text>
    </Row>
    <Row Tag="LOC_DISTRICT_NUSANTARA_PRODUCTION">
      <Text>+{1_num} [ICON_Production] Bitişik Sahil karo(lar)ından üretim.</Text>
    </Row>
    <Row Tag="LOC_DISTRICT_NUSANTARA_CULTURE">
      <Text>+{1_num} [ICON_Culture] Bitişik Sahil karo(lar)ından kültür.</Text>
    </Row>
    <!-- Indonesia Diplo Text -->
    <Row Tag="LOC_DIPLO_ACCEPT_DECLARE_FRIEND_FROM_HUMAN_LEADER_GITARJA_ANY">
      <Text>Şanslı bir tesadüf, ben de aynısını sormak üzereydim. Güzel! Mesele halloldu.</Text>
    </Row>
    <Row Tag="LOC_DIPLO_REJECT_DECLARE_FRIEND_FROM_HUMAN_LEADER_GITARJA_ANY">
      <Text>Size "dostum" diyecek kadar ileri gitmezdim. Gerçek niyetinizi öğrenene kadar, olduğumuz gibi kalmalıyız.</Text>
    </Row>
    <Row Tag="LOC_DIPLO_DECLARE_FRIEND_FROM_AI_LEADER_GITARJA_ANY">
      <Text>Benim halkım sizinkiyle karşılaşmayı bir zevk olarak görüyor. Eğer siz de Endonezya için aynı şeyleri hissediyorsanız, bunu tüm dünyaya ilan edelim!</Text>
    </Row>
    <Row Tag="LOC_DIPLO_ACCEPT_DECLARE_FRIEND_FROM_AI_LEADER_GITARJA_ANY">
      <Text>Güzel, güzel.</Text>
    </Row>
    <Row Tag="LOC_DIPLO_REJECT_DECLARE_FRIEND_FROM_AI_LEADER_GITARJA_ANY">
      <Text>Beni aşağılamaya mı çalışıyorsun?</Text>
    </Row>
    <Row Tag="LOC_DIPLO_DECLARE_WAR_FROM_HUMAN_LEADER_GITARJA_ANY">
      <Text>Gerçekten mi? İntikamımın muson yağmurlarını utandırdığını bilmiyor muydun? Yakında öğreneceksin.</Text>
    </Row>
    <Row Tag="LOC_DIPLO_DECLARE_WAR_FROM_AI_LEADER_GITARJA_ANY">
      <Text>Bu savaş bitmeden önce, binlerce geminin öfkesini tanıyacaksınız.</Text>
    </Row>
    <Row Tag="LOC_DIPLO_ACCEPT_DELEGATION_FROM_HUMAN_LEADER_GITARJA_ANY">
      <Text>Heyetiniz kendilerini utandırmadı. Bu da halkınız hakkında iyi şeyler söylüyor.</Text>
    </Row>
    <Row Tag="LOC_DIPLO_REJECT_DELEGATION_FROM_HUMAN_LEADER_GITARJA_ANY">
      <Text>Şimdi olmaz. Kötü bir dalga geliyor. En iyisi halkım bunu sizinkiyle ilişkilendirmesin.</Text>
    </Row>
    <Row Tag="LOC_DIPLO_DELEGATION_FROM_AI_LEADER_GITARJA_ANY">
      <Text>Heyetimiz oncom spor kekleri getiriyor. Kırmızı oncom zencefil sosuna ihtiyaç duyar, ama siyah tek başına lezzetlidir.</Text>
    </Row>
    <Row Tag="LOC_DIPLO_DENOUNCE_FROM_HUMAN_LEADER_GITARJA_ANY">
      <Text>Buna hakaret mi diyorsun? Kabuk bağlamış bir midyeden acınası bir girişim!</Text>
    </Row>
    <Row Tag="LOC_DIPLO_DENOUNCE_FROM_AI_LEADER_GITARJA_ANY">
      <Text>Sakin sularda gemilerin etrafına yayılan çamur gibisiniz. Senin huzurundayken, yelken açmak en iyisidir. (Sizi kınıyor)</Text>
    </Row>
    <Row Tag="LOC_DIPLO_FIRST_MEET_LEADER_GITARJA_ANY">
      <Text>Ben Gitarja, Endonezya'nın kraliçesi ve koruyucusuyum. Bizi zayıf sananlar okyanus tabanını kirletiyor.</Text>
    </Row>
    <Row Tag="LOC_DIPLO_FIRST_MEET_VISIT_RECIPIENT_LEADER_GITARJA_ANY">
      <Text>Şehrimiz çok yakın. Gelin, ziyaret etmelisiniz! Kampung'da bir yürüyüşe çıkın.</Text>
    </Row>
    <Row Tag="LOC_DIPLO_FIRST_MEET_NEAR_INITIATOR_POSITIVE_LEADER_GITARJA_ANY">
      <Text>İçinde olduğunu biliyordum.</Text>
    </Row>
    <Row Tag="LOC_DIPLO_FIRST_MEET_NO_MANS_INFO_EXCHANGE_LEADER_GITARJA_ANY">
      <Text>Sizin başkentiniz nerede? Elbette kendi başkentimin yerini paylaşacağım.</Text>
    </Row>
    <Row Tag="LOC_DIPLO_GREETING_LEADER_GITARJA_ANY">
      <Text>Seni görüyorum.</Text>
    </Row>
    <Row Tag="LOC_DIPLO_KUDO_EXIT_LEADER_GITARJA_ANY">
      <Text>Küçük kıyılardan kaçınıyorsunuz. Böyle bir hürmet not edilir ve iyi karşılanır.</Text>
    </Row>
    <Row Tag="LOC_DIPLO_WARNING_EXIT_LEADER_GITARJA_ANY">
      <Text>Ada topraklarınızı elinizde tutamazsınız. Onları tutabilecek birine teslim etmelisiniz.</Text>
    </Row>
    <Row Tag="LOC_DIPLO_MAKE_ALLIANCE_FROM_AI_LEADER_GITARJA_ANY">
      <Text>Senin filon ve benimki, birlikte yelken açıyoruz. Bu konuda ne düşünüyorsun?</Text>
    </Row>
    <Row Tag="LOC_DIPLO_MAKE_PEACE_AI_ACCEPT_DEAL_LEADER_GITARJA_ANY">
      <Text>Bununla yaşayabilirim.</Text>
    </Row>
    <Row Tag="LOC_DIPLO_MAKE_PEACE_AI_REFUSE_DEAL_LEADER_GITARJA_ANY">
      <Text>Bu teklif neredeyse saldırgan.</Text>
    </Row>
    <Row Tag="LOC_DIPLO_MAKE_PEACE_FROM_AI_LEADER_GITARJA_ANY">
      <Text>Bu kadar yeter. Bu kavga gerçek düşmanlarımızı kışkırtmaktan başka bir işe yaramıyor.</Text>
    </Row>
    <Row Tag="LOC_DIPLO_ACCEPT_OPEN_BORDERS_FROM_HUMAN_LEADER_GITARJA_ANY">
      <Text>Tabii ki. Saklayacak bir şeyimiz yok.</Text>
    </Row>
    <Row Tag="LOC_DIPLO_REJECT_OPEN_BORDERS_FROM_HUMAN_LEADER_GITARJA_ANY">
      <Text>Hayır. Endonezya topraklarına mı bakmak istiyorsunuz? Bunu uzaktan yapın.</Text>
    </Row>
    <Row Tag="LOC_DIPLO_OPEN_BORDERS_FROM_AI_LEADER_GITARJA_ANY">
      <Text>Topraklarınız Endonezya halkının ilgisini çekiyor. Açık sınırlarla, onları keşfedebiliriz.</Text>
    </Row>
    <Row Tag="LOC_DIPLO_WARNING_TOO_MANY_TROOPS_NEAR_ME_LEADER_GITARJA_ANY">
      <Text>Ordularınız Endonezya topraklarında ziyafet çekmeden önce aç kalacaktır.</Text>
    </Row>
    <Row Tag="LOC_DIPLO_DEFEAT_FROM_AI_LEADER_GITARJA_ANY">
      <Text>Nusantara'nın hayali akıntıya karşı kayboldu.</Text>
    </Row>
    <Row Tag="LOC_DIPLO_REJECT_MAKE_DEAL_FROM_AI_LEADER_GITARJA_ANY">
      <Text>Hoşuma gitmiyor ama anlıyorum.</Text>
    </Row>
    <Row Tag="LOC_DIPLO_ACCEPT_MAKE_DEAL_FROM_AI_LEADER_GITARJA_ANY">
      <Text>Güzel!</Text>
    </Row>
    <!-- Khmer Diplo Text -->
    <Row Tag="LOC_DIPLO_ACCEPT_DECLARE_FRIEND_FROM_HUMAN_LEADER_JAYAVARMAN_ANY">
      <Text>Belki... evet.</Text>
    </Row>
    <Row Tag="LOC_DIPLO_REJECT_DECLARE_FRIEND_FROM_HUMAN_LEADER_JAYAVARMAN_ANY">
      <Text>Reddetmek zorundayım.</Text>
    </Row>
    <Row Tag="LOC_DIPLO_DECLARE_FRIEND_FROM_AI_LEADER_JAYAVARMAN_ANY">
      <Text>Cennet size gülümsüyor, Khmerler de öyle. Dünya dostluğumuzu bilmeli. Bunu ilan edebilir miyiz?</Text>
    </Row>
    <Row Tag="LOC_DIPLO_ACCEPT_DECLARE_FRIEND_FROM_AI_LEADER_JAYAVARMAN_ANY">
      <Text>Çok akıllıca.</Text>
    </Row>
    <Row Tag="LOC_DIPLO_REJECT_DECLARE_FRIEND_FROM_AI_LEADER_JAYAVARMAN_ANY">
      <Text>Hmm. Anlıyorum.</Text>
    </Row>
    <Row Tag="LOC_DIPLO_DECLARE_WAR_FROM_HUMAN_LEADER_JAYAVARMAN_ANY">
      <Text>Savaş o zaman? Aptallar talihin kendi taraflarında olduğunu sanırlar. Seninki bittiğinde kimi suçlayacaksın?</Text>
    </Row>
    <Row Tag="LOC_DIPLO_DECLARE_WAR_FROM_AI_LEADER_JAYAVARMAN_ANY">
      <Text>Hareketleriniz savaş arzunuzu ortaya koyuyor. Khmerler sizi mecbur bırakacak.</Text>
    </Row>
    <Row Tag="LOC_DIPLO_ACCEPT_DELEGATION_FROM_HUMAN_LEADER_JAYAVARMAN_ANY">
      <Text>Heyetinizi başkentimizde kabul ettik. Khmerler hediyenize minnettar.</Text>
    </Row>
    <Row Tag="LOC_DIPLO_REJECT_DELEGATION_FROM_HUMAN_LEADER_JAYAVARMAN_ANY">
      <Text>Kabul edemeyiz. Khmerlerin yabancı ülkelerden gelen garip hediyelere ihtiyacı yoktur.</Text>
    </Row>
    <Row Tag="LOC_DIPLO_DELEGATION_FROM_AI_LEADER_JAYAVARMAN_ANY">
      <Text>Heyetimiz kızarmış bir yemek olan a-ping getiriyor. Tarantulanın geri kalanını tüketmeden önce bacaklarını yemek en iyisi.</Text>
    </Row>
    <Row Tag="LOC_DIPLO_DENOUNCE_FROM_HUMAN_LEADER_JAYAVARMAN_ANY">
      <Text>Sert sözlerinizle cennete meydan okuyorsunuz. Tanıdık bir his olmalı!</Text>
    </Row>
    <Row Tag="LOC_DIPLO_DENOUNCE_FROM_AI_LEADER_JAYAVARMAN_ANY">
      <Text>İlahi bir yaşamın nasıl yaşanacağını biliyor olmalısınız - başka türlü halkınıza bunun tersini nasıl öğretebilirsiniz? (Sizi Kınıyor)</Text>
    </Row>
    <Row Tag="LOC_DIPLO_FIRST_MEET_LEADER_JAYAVARMAN_ANY">
      <Text>Ben 7. Jayavarman'ım ve Khmerler onları yönetmeme izin veriyor. Onların acısı benim acımdır.</Text>
    </Row>
    <Row Tag="LOC_DIPLO_FIRST_MEET_VISIT_RECIPIENT_LEADER_JAYAVARMAN_ANY">
      <Text>Başkentimize seyahat etmelisiniz. Khmerlerin neye değer verdiğini anlamak için prasatımızı görün.</Text>
    </Row>
    <Row Tag="LOC_DIPLO_FIRST_MEET_NEAR_INITIATOR_POSITIVE_LEADER_JAYAVARMAN_ANY">
      <Text>Çok iyi.</Text>
    </Row>
    <Row Tag="LOC_DIPLO_FIRST_MEET_NO_MANS_INFO_EXCHANGE_LEADER_JAYAVARMAN_ANY">
      <Text>Çok iyi.</Text>
    </Row>
    <Row Tag="LOC_DIPLO_GREETING_LEADER_JAYAVARMAN_ANY">
      <Text>Neden beni rahatsız ediyorsun?</Text>
    </Row>
    <Row Tag="LOC_DIPLO_KUDO_EXIT_LEADER_JAYAVARMAN_ANY">
      <Text>Ruhsal acıları sona erdirmek, fiziksel sıkıntıları hafifletmek kadar önemlidir. Bunu anlıyorsun.</Text>
    </Row>
    <Row Tag="LOC_DIPLO_WARNING_EXIT_LEADER_JAYAVARMAN_ANY">
      <Text>İlahiyat örnekleri olmadan halkınız ilahi olana nasıl ulaşabilir?</Text>
    </Row>
    <Row Tag="LOC_DIPLO_MAKE_ALLIANCE_FROM_AI_LEADER_JAYAVARMAN_ANY">
      <Text>Davranışlarınız bir ittifak için Cennet'e yeterince yakın olduğunuzu gösteriyor. Khmerlerin yanında yürür müydün?</Text>
    </Row>
    <Row Tag="LOC_DIPLO_MAKE_PEACE_AI_ACCEPT_DEAL_LEADER_JAYAVARMAN_ANY">
      <Text>Barış yapmakta büyük bir bilgelik vardır. Bunu kabul edebilirim.</Text>
    </Row>
    <Row Tag="LOC_DIPLO_MAKE_PEACE_AI_REFUSE_DEAL_LEADER_JAYAVARMAN_ANY">
      <Text>Bunun halkıma bir faydası olmaz.</Text>
    </Row>
    <Row Tag="LOC_DIPLO_MAKE_PEACE_FROM_AI_LEADER_JAYAVARMAN_ANY">
      <Text>Her iki halk da acı çekiyor. Bu sonuçsuz savaşı bitiremez miyiz?</Text>
    </Row>
    <Row Tag="LOC_DIPLO_ACCEPT_OPEN_BORDERS_FROM_HUMAN_LEADER_JAYAVARMAN_ANY">
      <Text>Anlaştık. Halkınız daha iyi yaşamak istiyorsa, Khmer yaşam tarzını deneyimlemelidir.</Text>
    </Row>
    <Row Tag="LOC_DIPLO_REJECT_OPEN_BORDERS_FROM_HUMAN_LEADER_JAYAVARMAN_ANY">
      <Text>Çok fazla dış etki Khmer yaşam tarzını zehirliyor. Buna izin veremem. Şu anda olmaz.</Text>
    </Row>
    <Row Tag="LOC_DIPLO_OPEN_BORDERS_FROM_AI_LEADER_JAYAVARMAN_ANY">
      <Text>İnsanlarımız arasında dünyevi engeller olmamalıdır. Siz de katılıyor musunuz?</Text>
    </Row>
    <Row Tag="LOC_DIPLO_WARNING_TOO_MANY_TROOPS_NEAR_ME_LEADER_JAYAVARMAN_ANY">
      <Text>Askerlerinizi Khmer topraklarına yaklaştırıyorsunuz. Hem de çok yakınına.</Text>
    </Row>
    <Row Tag="LOC_DIPLO_DEFEAT_FROM_AI_LEADER_JAYAVARMAN_ANY">
      <Text>İnsan yenilgide tevazu kazanır. Size en büyük alçakgönüllülüğün bahşedilmesi için dua ediyorum.</Text>
    </Row>
    <Row Tag="LOC_DIPLO_REJECT_MAKE_DEAL_FROM_AI_LEADER_JAYAVARMAN_ANY">
      <Text>Bunda bir hikmet göremiyorum.</Text>
    </Row>
    <Row Tag="LOC_DIPLO_ACCEPT_MAKE_DEAL_FROM_AI_LEADER_JAYAVARMAN_ANY">
      <Text>Evet. Khmerler için iyi.</Text>
    </Row>
  </EnglishText>
</GameData>