﻿<?xml version="1.0" encoding="utf-8"?>
<GameData>
  <EnglishText>
    <!-- Indonesia -->
    <Row Tag="LOC_CIVINFO_INDONESIA_LOCATION">
      <Text>Güneydoğu Asya</Text>
    </Row>
    <Row Tag="LOC_CIVINFO_INDONESIA_SIZE">
      <Text>735,358 mil kare</Text>
    </Row>
    <Row Tag="LOC_CIVINFO_INDONESIA_POPULATION">
      <Text>2017 yılında tahmini 263,51 milyon</Text>
    </Row>
    <Row Tag="LOC_CIVINFO_INDONESIA_CAPITAL">
      <Text>Cakarta</Text>
    </Row>
    <Row Tag="LOC_PEDIA_CIVILIZATIONS_PAGE_CIVILIZATION_INDONESIA_CHAPTER_HISTORY_PARA_1">
      <Text>Budist-Hindu Majapahit Krallığı (şimdiki Endonezya'da) en güçlü olduğu dönemde 98 bölgesel kola hükmediyordu ve bir zamanlar güçlü Moğol İmparatorluğu'na karşı direnen müthiş bir devletti. Burada hükümdar sadece hükümdar değil, aynı zamanda halk tarafından yetkilendirilmiş bir koruyucuydu. Peki ya halk, liderin artık yetkilendirilmeyi hak etmediğini düşünürse?</Text>
    </Row>
    <Row Tag="LOC_PEDIA_CIVILIZATIONS_PAGE_CIVILIZATION_INDONESIA_CHAPTER_HISTORY_PARA_2">
      <Text>1293 ile 1500 yılları arasında Güneydoğu Asya krallığı Majapahit, merkezi Nusantara'da (Maluku ve Sumatra'daki bölgeler) olmak üzere günümüz Endonezya'sının bir kısmını kapsıyordu. Onlarınki inanılmaz derecede zengin bir krallıktı ve bu da elbette onlara hem bölgesel düşmanlar hem de iç rakipler kazandırdı.</Text>
    </Row>
    <Row Tag="LOC_PEDIA_CIVILIZATIONS_PAGE_CIVILIZATION_INDONESIA_CHAPTER_HISTORY_PARA_3">
      <Text>Majapahit'in, kendilerinden önce Kediri (1042-1222) tarafından kurulan Cava-Hindu Singhasari Krallığı'ndan (1222-1292) doğduğunu biliyoruz.</Text>
    </Row>
    <Row Tag="LOC_PEDIA_CIVILIZATIONS_PAGE_CIVILIZATION_INDONESIA_CHAPTER_HISTORY_PARA_4">
      <Text>Krallığın kökenlerine ilişkin olarak, çok sayıdaki tapınaklarından elde edilen tarihi kayıtların yanı sıra bölgesel rakiplerinin belgelerini de kullanabiliriz. Ancak Majapahitlerle ilgili en önemli birincil kaynaklardan bazıları 'Nagarakretagama' ('Kralların Kitabı' olarak da bilinir) adlı epik şiirin çevirileridir. Nagarakretagama'nın bir Majapahit saray şairi tarafından yazıldığı göz önünde bulundurulduğunda, bazı ayrıntıların büyük bir hikaye uğruna biraz süslenmiş olabileceği varsayılmalıdır.</Text>
    </Row>
    <Row Tag="LOC_PEDIA_CIVILIZATIONS_PAGE_CIVILIZATION_INDONESIA_CHAPTER_HISTORY_PARA_5">
      <Text>Efsaneye göre, Majapahit hükümdarları insan bir anne ve tanrı Brahma'dan doğan yetim Ken Arok'un soyundan geliyordu. Ken Arok, suikasta kurban gitmeden önce Kediri'yi yöneterek adını duyurmuştu.</Text>
    </Row>
    <Row Tag="LOC_PEDIA_CIVILIZATIONS_PAGE_CIVILIZATION_INDONESIA_CHAPTER_HISTORY_PARA_6">
      <Text>Yine de soyu, 1293 yılında Majapahit'in ilk kralı olarak taç giyen Raden Wijaya'ya (kraliyet adı Kertarajasa Jayawardhana olarak bilinir) kadar devam etti. Wijaya imparatorluğuna, adını yerel acı maja meyvesinden alan küçük bir köyde başlayacaktı.</Text>
    </Row>
    <Row Tag="LOC_PEDIA_CIVILIZATIONS_PAGE_CIVILIZATION_INDONESIA_CHAPTER_HISTORY_PARA_7">
      <Text>Wijaya köy hayatına yerleşmek yerine Singhasari'nin son kralı Kertanegara'nın dört kızıyla evlenir. Singhasari'nin en yakın danışmanları, içeriden birinin gelip tüm uygun prenseslerle evlenip krallığı ele geçirmesinden hoşlanmıyordu ve bu nedenle Raden Wijaya'nın yönetimi büyük ölçüde isyanları bastırmakla ve aynı zamanda selefinin genişlemesini durdurmak için 1.000 gemiyle yaklaşık 100.000 adam gönderen Yuan Hanedanlığı'nın Moğollarını püskürtmekle geçti. Tüm bunlar ilk ve son Majapahit kralı olmaktan kaçınmak içindi.</Text>
    </Row>
    <Row Tag="LOC_PEDIA_CIVILIZATIONS_PAGE_CIVILIZATION_INDONESIA_CHAPTER_HISTORY_PARA_8">
      <Text>Majapahit imparatorluğunu pirinç taneleri (bazı araştırmalara göre nüfusun yüzde 80'i pirinç üretimiyle uğraşıyordu) ve baharat ticaretiyle kuracaktı. Deniz yolları Hindistan ve Çin arasında bağlantılar sağlayacak ve krallık, geçitlerinden geçen mallardan vergi alarak kasasını dolduracaktı.</Text>
    </Row>
    <Row Tag="LOC_PEDIA_CIVILIZATIONS_PAGE_CIVILIZATION_INDONESIA_CHAPTER_HISTORY_PARA_9">
      <Text>Deniz güçlerini sergilemekten de çekinmiyorlardı: Döneme ait kabartma oymalarda Majapahitlerin etkileyici donanmalarla yakındaki krallıklara yaptıkları deniz akınları tasvir edilmektedir. Majapahit, devasa jong gemilerini kullanarak insanları ve ürünleri taşıyor, Doğu Java'dan pirinci ve Malay dilini yayıyorlardı.</Text>
    </Row>
    <Row Tag="LOC_PEDIA_CIVILIZATIONS_PAGE_CIVILIZATION_INDONESIA_CHAPTER_HISTORY_PARA_10">
      <Text>Negara ya da mandala tarzı yönetimde ilahi güç kraldan dışarıya doğru yayılır, askeri korumanın yanı sıra başkentin dini yaşamına da katılırdı. Köylüler ve bölgesel soylular Majapahit'in başkenti Trowulan'a haraç gönderir, karşılığında kral da tapınakları onarır, hediyeler verir ve aile üyelerini yönetmek üzere uzak bölgelere gönderirdi.</Text>
    </Row>
    <Row Tag="LOC_PEDIA_CIVILIZATIONS_PAGE_CIVILIZATION_INDONESIA_CHAPTER_HISTORY_PARA_11">
      <Text>Krallık bir süre Johor Sultanlığı ve Siyam (Tayland) ile olan bölgesel rekabetlerden, 15. yüzyılda Malay Sultanları üzerine çok sayıda akın düzenleyerek kurtulacaktır. Zirveye ulaştığı dönemde Majapahit, bölgedeki en büyük modern öncesi devlet haline gelmişti.</Text>
    </Row>
    <Row Tag="LOC_PEDIA_CIVILIZATIONS_PAGE_CIVILIZATION_INDONESIA_CHAPTER_HISTORY_PARA_12">
      <Text>Raden Wijaya'nın 1309'daki ölümünden sonra yerine oğlu Jayanegara geçti. 1309-1328 yılları arasındaki saltanatı küçük bir suikast sonucu kısa sürdü. Yerine üvey kız kardeşi Dyah Gitarja geçti ve o da 1350 yılında tahtı oğlu Hayam Wuruk'a devretti.</Text>
    </Row>
    <Row Tag="LOC_PEDIA_CIVILIZATIONS_PAGE_CIVILIZATION_INDONESIA_CHAPTER_HISTORY_PARA_13">
      <Text>Ve işte burada, hakkında çok şey duyulan Majapahit Krallığı'nın altın çağına giriyoruz. Hayam Wuruk (Rajasanagara olarak da bilinir) 16 yaşında saltanatına başlayacak ve 'pati'si (başbakan\büyük vezir) Gajah Mada'nın yardımıyla Rajasa hanedanının etki alanını kıta çapında genişletecektir.</Text>
    </Row>
    <Row Tag="LOC_PEDIA_CIVILIZATIONS_PAGE_CIVILIZATION_INDONESIA_CHAPTER_HISTORY_PARA_14">
      <Text>Annesi tarafından kral olması için yetiştirilen (ve çok ama çok yakışıklı olduğu söylenen) yetenekli bir okçu olan Hayam Wuruk, ailesinin gücünü genişletecek ve Majapahit'in mandala'sının merkezi haline gelecekti.</Text>
    </Row>
    <Row Tag="LOC_PEDIA_CIVILIZATIONS_PAGE_CIVILIZATION_INDONESIA_CHAPTER_HISTORY_PARA_15">
      <Text>Ancak halk ve kralları arasındaki sevgi, krallığı kanlı (ve pahalı) bir veraset savaşından kurtarmaya yetmeyecek, kralın cariyeden doğan oğlu Bhre Wirabumi 1404-1406 yılları arasında tacı yeni taç giymiş kayınbiraderinden almaya çalışacaktı.</Text>
    </Row>
    <Row Tag="LOC_PEDIA_CIVILIZATIONS_PAGE_CIVILIZATION_INDONESIA_CHAPTER_HISTORY_PARA_16">
      <Text>Bu da yetmezmiş gibi, uzun süredir gücünün kaynağı olan ticaret yolları da nihai felaketi olacaktı. Doğu adaları Avrupalı tüccarlar için limanlar haline geldi ve güç konsolidasyonu imparatorluktan bu küçük topluluklara doğru kaymaya başladı. Bugün Malay Yarımadası'nda bulunan liman kenti Melaka, Majapahit'in yerini alarak Güneydoğu Asya'daki en önemli ticaret merkezi haline gelecek, Majapahit tüccar sınıfı Melaka'nın Müslüman çoğunluğunun ticari hayatına daha iyi uyum sağlamak için İslam'a yönelecektir.</Text>
    </Row>
    <Row Tag="LOC_PEDIA_CIVILIZATIONS_PAGE_CIVILIZATION_INDONESIA_CHAPTER_HISTORY_PARA_17">
      <Text>Görünüşe göre halkın artık liderlerine ihtiyacı kalmamıştı.</Text>
    </Row>
    <Row Tag="LOC_PEDIA_CIVILIZATIONS_PAGE_CIVILIZATION_INDONESIA_CHAPTER_HISTORY_PARA_18">
      <Text>Birbirini takip eden yıllarda Majapahit'in izleri silinecekti: On altıncı yüzyıla gelindiğinde Hindu-Budist krallığın yerini tamamen Açe ve Melaka gibi Batı adalarından İslami etkiler alan bir sultanlık alacaktı. Sultanlar da bölgenin kontrolünü ellerinde tutmak için mücadele edeceklerdi. Nihayetinde saltanatları, Güneydoğu Asya baharatlarına umutsuzca bağımlı olan ve On Altıncı ve On Yedinci Yüzyıllarda imparatorluk için yarışan Hollandalı ve Portekizli sömürgecilerin akınlarıyla kısa kesilecektir.</Text>
    </Row>
    <Row Tag="LOC_PEDIA_LEADERS_PAGE_LEADER_GITARJA_TITLE">
      <Text>Gitarja</Text>
    </Row>
    <Row Tag="LOC_PEDIA_LEADERS_PAGE_LEADER_GITARJA_SUBTITLE">
      <Text>Tribhuwannottunggadewi Jayawishnuwardhani, Dyah Gitarja olarak da bilinen Cava kraliçe naibi</Text>
    </Row>
    <Row Tag="LOC_PEDIA_LEADERS_PAGE_LEADER_GITARJA_QUOTE">
      <Text>Kara yetmediğinde, yelken açın. Okyanus daha fazla kara parçası gösterecektir.</Text>
    </Row>
    <Row Tag="LOC_PEDIA_LEADERS_PAGE_LEADER_GITARJA_CHAPTER_HISTORY_PARA_1">
      <Text>Bir kulede kilitli bir prensesten, bir On Dördüncü Yüzyıl baharat imparatorluğunun savaşçı kraliçesi naibine nasıl geçilir? Önce küçük bir suikastla başlarsınız.</Text>
    </Row>
    <Row Tag="LOC_PEDIA_LEADERS_PAGE_LEADER_GITARJA_CHAPTER_HISTORY_PARA_2">
      <Text>Gitarja'nın hükümdarlığı hakkında bildiklerimizin çoğu 'Nagarakretagama' adlı epik şiirden gelmektedir. Saray şairi Rakawi Prapanca tarafından kaleme alınan bu tarih ve efsane karışımı şiire şüpheyle yaklaşmak gerekir. Ancak 'Nagarakretagama' bize Kahuripan Düşesi Gitarjah'ın hikayesinin gerçekte üvey kardeşi Kral Jayanagara'nın öldürülmesiyle başladığını söylüyor.</Text>
    </Row>
    <Row Tag="LOC_PEDIA_LEADERS_PAGE_LEADER_GITARJA_CHAPTER_HISTORY_PARA_3">
      <Text>Kraliçe Naibi Tribhuwannottunggadewi Jayawishnuwardhani, bilinen adıyla Dyah Gitarja, Majapahit imparatorluğunun babası Raden Wijaya ve kraliçe eşi Gayarti Rajapatni'nin kızı olarak 1309'dan önce doğdu. Majapahit İmparatorluğu için açık bir isyan ve kaos döneminde üvey kardeşi Jayanagara'nın (Kadiri Prensi olarak da bilinir) yerine geçerek 1329'dan 1350'ye kadar Güneydoğu Asya baharat krallığını yönetti.</Text>
    </Row>
    <Row Tag="LOC_PEDIA_LEADERS_PAGE_LEADER_GITARJA_CHAPTER_HISTORY_PARA_4">
      <Text>Efsaneye göre Jayanagara düşmanlar tarafından o kadar kuşatılmıştı ki kız kardeşlerini bile tahtına tehdit olarak görüyordu. Bu yüzden onları potansiyel taliplerin ulaşamayacağı bir saraya kapatmış. Hesaba katmadığı şey ise, Jayanagara'nın karısını baştan çıkardığını öğrendikten sonra 1328 yılında kralı öldüren kıskanç bir saray doktoruydu.</Text>
    </Row>
    <Row Tag="LOC_PEDIA_LEADERS_PAGE_LEADER_GITARJA_CHAPTER_HISTORY_PARA_5">
      <Text>Jayanagara tebaasının eşlerine kur yapmaya daha fazla zaman ayırıp bir varis yetiştirmeye daha az zaman ayırdığı için, kraliçe eş 1329 yılında kızı Dyah Gitarja'yı tahta geçirebildi. Yeni taç giyen Kraliçe Naibi, artık Tribhuwannottunggadewi Jayawishnuwardhani resmi unvanıyla tanınacaktı.</Text>
    </Row>
    <Row Tag="LOC_PEDIA_LEADERS_PAGE_LEADER_GITARJA_CHAPTER_HISTORY_PARA_6">
      <Text>Aynı yıl, Gajah Mada'yı Majapahit İmparatorluğu'nun 'pati'si ya da başbakanı olarak atayacaktır. Tarihler Mada'yı Majapahit İmparatorluğu'nun güçlü bir yayılmacısı, üç hükümdar boyunca Rajasa hanedanına sadık ve bir saray entrikacısı olarak resmetmektedir. Mada'nın Kral Jayanagara'nın suikastıyla bir ilgisi olduğuna dair söylentilerin doğru olup olmadığı henüz bilinmiyor ve Dyah Gitarja'nın, babasının küçük bir rejim cinayetinde parmağı olabileceğinin farkında olup olmadığı konusunda tarihi kayıtlar yetersiz.</Text>
    </Row>
    <Row Tag="LOC_PEDIA_LEADERS_PAGE_LEADER_GITARJA_CHAPTER_HISTORY_PARA_7">
      <Text>Aynı yıl, buz gibi yalnızlık kulesinden kurtulup soylu Chakradhara'yı eş olarak alır ve 1334 yılında Hayam Wuruk adında bir oğulları olur.</Text>
    </Row>
    <Row Tag="LOC_PEDIA_LEADERS_PAGE_LEADER_GITARJA_CHAPTER_HISTORY_PARA_8">
      <Text>Kraliçe Naibi'nin hükümdarlığı Sadeng ve Keta bölgelerindeki isyanları bastırmasına tanık olacaktı. Kuzeni Malayapuran kralı Adityawarman'ın yanında savaşa at sürdüğü söylenir.</Text>
    </Row>
    <Row Tag="LOC_PEDIA_LEADERS_PAGE_LEADER_GITARJA_CHAPTER_HISTORY_PARA_9">
      <Text>Ancak tarih onun hükümdarlığını, başbakanının savaş becerileri altında Bali adasının Majapahit tarafından fethiyle hatırlayacaktır. Gajah Mada, yerel Bali liderliğinin soyuna son vererek krallığın Majapahit egemenliği altına girmesine izin verecekti.</Text>
    </Row>
    <Row Tag="LOC_PEDIA_LEADERS_PAGE_LEADER_GITARJA_CHAPTER_HISTORY_PARA_10">
      <Text>Gitarjah'ın saltanatı savaşlar ya da saray entrikalarıyla değil, Majapahit verasetindeki talihsiz bir tuhaflıkla sona erdi. Annesi Gayatri, Gitarja'ya Kraliçe Naibi unvanının verilmesinden sorumluydu, yani Gitarja kraliçe naibinin keyfine göre hüküm sürüyordu. Ancak Gayatri 1350 yılında bir manastırda öldüğünde, Gitarja hamisini kaybetti ve tahttan feragat etmek zorunda kaldı.</Text>
    </Row>
    <Row Tag="LOC_PEDIA_LEADERS_PAGE_LEADER_GITARJA_CHAPTER_HISTORY_PARA_11">
      <Text>Gitarja'nın yerine oğlu Hayam Wuruk geçecek ve bazı Endonezyalıların Majapahit krallığının altın çağı olarak gördükleri dönemi başlatacaktır. Tarihçiye bağlı olarak, Hayam Wuruk annesinin güvence altına alabildiği imparatorluğun sınırlarının bugünkü Endonezya'nın ötesine ve bugünkü Malezya'nın bir kısmına kadar uzandığını gördü.</Text>
    </Row>
    <Row Tag="LOC_PEDIA_LEADERS_PAGE_LEADER_GITARJA_CHAPTER_HISTORY_PARA_12">
      <Text>Dyah Gitarja'nın tahttan sonraki yaşamına gelince? Kayıtlar onun daha sonraki yılları ve hatta ne zaman öldüğü konusunda sessiz. Ancak imparatorluğunun sınırlarını genişletmesi ve Majapahit'in görkemini arttırmasıyla hatırlanacak.</Text>
    </Row>
    <Row Tag="LOC_PEDIA_LEADERS_PAGE_LEADER_GITARJA_CHAPTER_CAPSULE_BODY">
      <Text>Gitarja tüm adaların ve kıyıların kraliçesidir, şehirler suya yayılır ve Endonezya Jongları tarafından korunur.</Text>
    </Row>
    <Row Tag="LOC_PEDIA_LEADERS_PAGE_LEADER_GITARJA_CHAPTER_DETAILED_BODY">
      <Text>Endonezya çok sayıda körfez ve girişe sahip kıyılar bulmak istiyor. Bu tür topraklar, bitişiklik bonuslarını en üst düzeye çıkarmak için çoğu ilçenin yerleştirilmesi için ideal bölgedir. Gemi İnşa faaliyete geçer geçmez Gitarja'nın inşaatçıları bu şehirleri kıyıdan uzak Kampung evleriyle güçlendirerek büyük şehirleri büyütmek için tarım arazilerine olan ihtiyacı azaltabilir. Endonezya [ICON_Faith] İnanç üretimini en üst düzeye çıkarmaya çalışmalıdır; bu da Jong destekli devasa bir donanmayı finanse etmek, kritik [ICON_GreatPerson] Büyük İnsanları talep etmek ya da suları aşan dini birimlerini kullanarak dini bir zafere doğru güçlenmek için kullanılabilir.</Text>
    </Row>
    <!-- Indonesia -->
    <Row Tag="LOC_CIVINFO_KHMER_LOCATION">
      <Text>Güneydoğu Asya</Text>
    </Row>
    <Row Tag="LOC_CIVINFO_KHMER_SIZE">
      <Text>460,000 mil kare</Text>
    </Row>
    <Row Tag="LOC_CIVINFO_KHMER_POPULATION">
      <Text>1150 yılında 2.000.000 olduğu tahmin ediliyor</Text>
    </Row>
    <Row Tag="LOC_CIVINFO_KHMER_CAPITAL">
      <Text>Mahendraparvata, Hariharalaya, Koh Ker, Yasodharapura dahil olmak üzere çeşitli</Text>
    </Row>
    <Row Tag="LOC_PEDIA_CIVILIZATIONS_PAGE_CIVILIZATION_KHMER_CHAPTER_HISTORY_PARA_1">
      <Text>Dokuzuncu ve On Beşinci Yüzyıllar arasında, Khmer İmparatorluğu'nun tanrı-savaşçı-kralları Güneydoğu Asya'ya hükmetti. Onlarınki, zenginliği kuzeydeki kudretli Çinlileri bile etkileyen müthiş bir tarımsal savaş krallığıydı. Ne yazık ki, tüm bu altın ve pirinç bölgesel rakipleri için çok çekici olacak ve sonuçta Suvarnabhumi fatihlerini fethedilenler haline getirecekti.</Text>
    </Row>
    <Row Tag="LOC_PEDIA_CIVILIZATIONS_PAGE_CIVILIZATION_KHMER_CHAPTER_HISTORY_PARA_2">
      <Text>Arkeoloji ve Çin tarihi kayıtları bize Khmer İmparatorluğu'nun izinin MS Birinci Yüzyılda Güneydoğu Asya'daki Mekong bölgesine kadar sürülebileceğini söylemektedir. Çinliler bu bölgeye ve farklı halklar topluluğuna Funan Krallığı adını vermişlerdir (farklı, genellikle savaşan bir grup prensliği tek bir şemsiye altında toplamak).</Text>
    </Row>
    <Row Tag="LOC_PEDIA_CIVILIZATIONS_PAGE_CIVILIZATION_KHMER_CHAPTER_HISTORY_PARA_3">
      <Text>Khmer efsanesine göre bu insanlar Kamboçya'nın ilk kralı Hint prensi Preah Thong (Çin kayıtlarında Huntian) ile büyülü bir deniz krallığından gelen ilahi bir yılan [naga] prensesi olan Neang Neak'ın birleşmesinin ürünüdür. Bölgenin, Nokor Kauk Thlork Adası'nın etrafındaki suları çekerek mutlu çift ve torunları için yaşanabilir hale getiren prensesin babasının düğün hediyesi olduğu söylenmektedir.</Text>
    </Row>
    <Row Tag="LOC_PEDIA_CIVILIZATIONS_PAGE_CIVILIZATION_KHMER_CHAPTER_HISTORY_PARA_4">
      <Text>Efsane, Hindu kültürünün bölgedeki muazzam etkisinden bahsetmektedir. Mekong merkezli Funan halkı, batıya yönelen Hintli gezginler ve tüccarlar için mükemmel bir yol noktasıydı. Hintliler Hinduizm'i, kanunlarını, ticareti ve Sanskritçe'yi de beraberlerinde getirmiş ve nihayetinde yerel animist geleneklerle harmanlanmışlardır.</Text>
    </Row>
    <Row Tag="LOC_PEDIA_CIVILIZATIONS_PAGE_CIVILIZATION_KHMER_CHAPTER_HISTORY_PARA_5">
      <Text>Funan'ın Hint etkisindeki küçük prensliklerinin halkı yüzyıllar boyunca kendi aralarında savaşmış ve kısa bir süre merkezi hükümetleri sürdürmüş olsalar da, Angkor'un merkezi yönetim dönemini başlatmak için Dokuzuncu Yüzyılda Jayavarman II'nin sağlam eli gerekecektir.</Text>
    </Row>
    <Row Tag="LOC_PEDIA_CIVILIZATIONS_PAGE_CIVILIZATION_KHMER_CHAPTER_HISTORY_PARA_6">
      <Text>Khmer İmparatorluğu'nun ilk fatih kralı Dokuzuncu Yüzyıl'da göreve başladı. Bu noktaya kadar Jayavarman II ya Cava'lıların misafiri ya da onların esiriydi. Durum ne olursa olsun, anavatanına döndüğünde, Mekong'daki rekabeti ezip geçmeye yönelik karmaşık süreci başlatmaya hevesli görünüyordu.</Text>
    </Row>
    <Row Tag="LOC_PEDIA_CIVILIZATIONS_PAGE_CIVILIZATION_KHMER_CHAPTER_HISTORY_PARA_7">
      <Text>Bu karışık iş ortadan kalktıktan sonra yapılacak tek şey, Kulen Dağları'ndaki Mahendra Dağı'nın tepesinde düzenlenen bir törenle kendisini 'Cakravartin' ya da 'evrensel hükümdar' ilan etmekti. Ve MS 802'de Jayavarman II tam olarak bunu yaptı ve imparatorluğunu kurarken tanrıların desteğini aldı.</Text>
    </Row>
    <Row Tag="LOC_PEDIA_CIVILIZATIONS_PAGE_CIVILIZATION_KHMER_CHAPTER_HISTORY_PARA_8">
      <Text>Bu yaklaşım için söylenecek bir şey var: Khmerler altı yüzyıllık imparatorluklarının zirvesindeyken, başkentte yaşayan bir milyondan fazla insanla bugün modern Tayland'ın çoğuna ve Vietnam'ın yarısına hükmediyorlardı. Onuncu yüzyıla gelindiğinde imparatorluk Güney Çin Denizi'ne kadar uzanıyor, Moğol ve Tang imparatorlukları tarafından kuzeye doğru sıkıştırılıyordu. Mekong'daki ticareti kontrol altında tutmak istiyorsanız hiç de fena bir yayılma değil.</Text>
    </Row>
    <Row Tag="LOC_PEDIA_CIVILIZATIONS_PAGE_CIVILIZATION_KHMER_CHAPTER_HISTORY_PARA_9">
      <Text>1296 ve 1297 yılları arasında Çinli yetkili Zhou Daguan Khmer İmparatorluğunu ziyaret eder. Bu ziyaretin kroniği olan 'A Record of Cambodia: A Land and Its People' (Bir Ülke ve Halkı) başlıklı yazısında şöyle diyordu: "Burası uzun zamandır bir ticaret ülkesiydi. Zhou, Siam ve Champa'dan kumaş ve Çin'den yerel halkın şemsiyeleri için ipek akan, altın ve taş kulelerin ülkesini tarif edecektir.</Text>
    </Row>
    <Row Tag="LOC_PEDIA_CIVILIZATIONS_PAGE_CIVILIZATION_KHMER_CHAPTER_HISTORY_PARA_10">
      <Text>Khmerlerin muazzam zenginliği, İmparatorluğa giren ve çıkan hammaddelerin sürekli akışından kaynaklanacaktı. İmparatorluk Güneydoğu Asya'nın pirinç ihtiyacını karşılayacak, Khmer nüfusunun yaklaşık %80'i bu temel gıdanın üretimine ya da ticaretine katılacaktı.</Text>
    </Row>
    <Row Tag="LOC_PEDIA_CIVILIZATIONS_PAGE_CIVILIZATION_KHMER_CHAPTER_HISTORY_PARA_11">
      <Text>Bu, Suryavarman II'nin Angkor Wat'taki tapınak kompleksinin inşasına başlayacağı (ölümünden 27 yıl sonra tamamlanacaktı) Khmer İmparatorluğu'nun altın çağı olacaktı. Angkor Wat, fiziksel, metafiziksel ve ruhani dünyaların birleşimi olduğu söylenen efsanevi Meru Dağı'nın şeklini yansıtacaktı. Bu şekilde Khmer kralları cenneti yeryüzüne yansıtmaya çalışacaklardı.</Text>
    </Row>
    <Row Tag="LOC_PEDIA_CIVILIZATIONS_PAGE_CIVILIZATION_KHMER_CHAPTER_HISTORY_PARA_12">
      <Text>Bu basit bir dindarlık değildi; bu Hindu (ve en son Jayavarman VII döneminde Budist) kraliyet mensupları tanrıları kendi taraflarında tutmaya hevesliydiler. Bir kral tanrıları en iyi şekilde yansıtacak bir duruşa sahip olmak için elinden geleni yapar ve göklerin şeklini taklit edecek tapınaklar inşa ederdi. Khmer yönetimi altında, kral ne kadar güçlü ve çekici olursa, o kadar çok takipçisi ve toprağı olurdu.</Text>
    </Row>
    <Row Tag="LOC_PEDIA_CIVILIZATIONS_PAGE_CIVILIZATION_KHMER_CHAPTER_HISTORY_PARA_13">
      <Text>Elbette bu, duruşu yeterince ilahi olmayan zayıf bir kralın artık krallığına layık olmayacağı anlamına gelirdi.</Text>
    </Row>
    <Row Tag="LOC_PEDIA_CIVILIZATIONS_PAGE_CIVILIZATION_KHMER_CHAPTER_HISTORY_PARA_14">
      <Text>İronik bir şekilde, Khmer İmparatorluğu'nun zenginliği ve ihtişamı onun sonunu getirecekti. On İkinci ve On Dördüncü Yüzyıllar arasında, Kuzeydeki Tai halkı (şimdiki modern Tayland, Laos ve Shan) sürekli genişleyen Moğol İmparatorluğu ile mücadele ediyordu. Bu yüzden engebeli, dağlık yaşamlarından kazıkları söküp güneye taşındılar ve Khmer İmparatorluğu'nun çevresini kemiren daha küçük Sukhothai, Lanna ve Ayutthaya krallıklarını kurdular.</Text>
    </Row>
    <Row Tag="LOC_PEDIA_CIVILIZATIONS_PAGE_CIVILIZATION_KHMER_CHAPTER_HISTORY_PARA_15">
      <Text>Khmerler, Kuzeyli istilacılarla ve Doğu'da Champa ile uzun süredir devam eden rekabetlerle mücadele edemiyordu. Böylece 1431'de Tayland krallığı Ayutthaya Angkor'u ele geçirdi ve Khmer kralları Kamboçya'nın bugünkü başkenti Phnom Penh'e çekildi.</Text>
    </Row>
    <Row Tag="LOC_PEDIA_CIVILIZATIONS_PAGE_CIVILIZATION_KHMER_CHAPTER_HISTORY_PARA_16">
      <Text>İmparatorluk gitmiş olabilir ama tapınakları hala ayakta. Ve bugün Kamboçya halkı hala denizden gelen atalarından, bir Brahman ve bir Naga prensesinden söz ediyor.</Text>
    </Row>
    <Row Tag="LOC_PEDIA_LEADERS_PAGE_LEADER_JAYAVARMAN_TITLE">
      <Text>Jayavarman VII</Text>
    </Row>
    <Row Tag="LOC_PEDIA_LEADERS_PAGE_LEADER_JAYAVARMAN_SUBTITLE">
      <Text>Khmer İmparatorluğu Kralı</Text>
    </Row>
    <Row Tag="LOC_PEDIA_LEADERS_PAGE_LEADER_JAYAVARMAN_QUOTE">
      <Text>Halkınızın ihtiyaçlarını karşılayın. Daha az yapmak, daha az olmaktır.</Text>
    </Row>
    <Row Tag="LOC_PEDIA_LEADERS_PAGE_LEADER_JAYAVARMAN_CHAPTER_HISTORY_PARA_1">
      <Text>Birçoklarının Khmer'in altın çağı olarak kabul ettiği dönemde gerçekten şaşırtıcı miktarda altyapı inşasına ve rakip krallıkların yıkılmasına nezaret etti. Halkın kralı Jayavarman VII ile tanışın.</Text>
    </Row>
    <Row Tag="LOC_PEDIA_LEADERS_PAGE_LEADER_JAYAVARMAN_CHAPTER_HISTORY_PARA_2">
      <Text>MS 1123 yılında doğan ve Kral Dharanindravarman II'nin oğlu olan Kral Jayavarman VII hakkında bildiklerimizin çoğu Rajavihara'daki (şimdiki Ta Prohm) ve Phimeanakas'taki tapınakta bulunan yazıtlardan gelmektedir. Bu yazıtlar, bu sevilen kralın zengin ama henüz tamamlanmamış bir tarihini sunmaktadır.</Text>
    </Row>
    <Row Tag="LOC_PEDIA_LEADERS_PAGE_LEADER_JAYAVARMAN_CHAPTER_HISTORY_PARA_3">
      <Text>Ancak bildiğimiz bir şey varsa o da Kral Jayavarman VII'nin hükümdarlığının Khmerler için bir kriz döneminde başladığıdır. Kuzeyde, Moğollar (ve daha sonra Ming Hanedanlığı) Güneydoğu Asya'daki ticari çıkarlarını genişletirken (hammadde ticareti Khmer'in inanılmaz derecede zengin kalmasını sağlıyordu), uzaktaki vasal krallıklar üzerindeki kontrolleri aşınıyordu. Güneyde, Malyang'da devrim mayalanıyordu. Doğuya bakıldığında ise İmparatorluk, Champa (günümüzde Vietnam'ın merkezinde bulunan toprakların sakinleri) ile olan savaşının 14. yılına giriyordu.</Text>
    </Row>
    <Row Tag="LOC_PEDIA_LEADERS_PAGE_LEADER_JAYAVARMAN_CHAPTER_HISTORY_PARA_4">
      <Text>Jayavarman VII 20'li ve 30'lu yaşlarını savaşta geçirecek, Chamlara karşı savaşta Kral Yasovarman II'yi (kökeni bilinmeyen bir akraba) destekleyecekti. İlginç bir yan not: efsaneye göre, Kral Yasovarman II açıkçası korkunç ilahi varlık Rahu (tutulmalar sırasında güneşleri yiyen yüzen bir kafa) tarafından saldırıya uğradı, ancak Jayavarman VII'nin oğullarından biri tarafından kurtarıldı.</Text>
    </Row>
    <Row Tag="LOC_PEDIA_LEADERS_PAGE_LEADER_JAYAVARMAN_CHAPTER_HISTORY_PARA_5">
      <Text>1178 yılına gelindiğinde, Kral Jaya Indravarman IV yönetimindeki Chamlar, Khmer İmparatorluğu'nu iki kez istila edecek, ikinci denemede Yaśodharapura'daki başkenti yok edecek ve tapınak şehri Angkor Wat'ı yağmalayacaktı.</Text>
    </Row>
    <Row Tag="LOC_PEDIA_LEADERS_PAGE_LEADER_JAYAVARMAN_CHAPTER_HISTORY_PARA_6">
      <Text>Şimdi nedeni belli değil ama bu sıralarda Jayavarman VII'nin Champa'nın merkezindeki Vijaya'da yaşadığı söyleniyordu (dönemin tarihi göz önüne alındığında, sadece bir misafir olabilir). Batıya yürüyecek ve Khmer'in kontrolünü yeniden ele geçirecekti - yanında Cham kuvvetleri de vardı.</Text>
    </Row>
    <Row Tag="LOC_PEDIA_LEADERS_PAGE_LEADER_JAYAVARMAN_CHAPTER_HISTORY_PARA_7">
      <Text>Bu arada Champa yazıtlarına göre, bu Cham güçlerinin neden bir yabancıyla ittifak kurduğu tam olarak açık değildir. Ya da bir Cham prensi tahta geçtikten on yıl sonra neden Kral Jayavarman'ın Champa başkenti Vijaya'yı ele geçirmesine ve Kral Indravarman'ın yakalanmasına yardım etmişti?</Text>
    </Row>
    <Row Tag="LOC_PEDIA_LEADERS_PAGE_LEADER_JAYAVARMAN_CHAPTER_HISTORY_PARA_8">
      <Text>1181 yılına gelindiğinde, biraz diplomasi (ve Cham müttefiklerinden biraz yardım) ile Jayavarman VII Cham istilacılarını püskürtmüştü. Çatışmalar sona erdiğinde kral olarak taç giydi. Elbette saltanatının başlangıcını Angkor Thom'da yeni bir başkent kurarak kutlayacaktı.</Text>
    </Row>
    <Row Tag="LOC_PEDIA_LEADERS_PAGE_LEADER_JAYAVARMAN_CHAPTER_HISTORY_PARA_9">
      <Text>Bu noktada, yeni hükümdarınızın toprak gaspı ve genişleme dönemine başlamasını beklersiniz. Kral Jayavarman Champa ile çatışmayı sürdürerek 1190'da kukla bir kral kuracak kadar ileri gitse de, hükümdarlığı içe dönerek eşi benzeri görülmemiş bir inşaat ve altyapı inşası dönemi başlatmasıyla dikkat çekiciydi.</Text>
    </Row>
    <Row Tag="LOC_PEDIA_LEADERS_PAGE_LEADER_JAYAVARMAN_CHAPTER_HISTORY_PARA_10">
      <Text>Kral Jayavarman VII kendisini sadece yabancı düşmanlarla savaşmak için savaşa giden biri olarak değil, tebaası için bir savaşçı olarak görüyordu (gerçi bunu da biraz yaptı). Tahtı devlet işlerinde merkeze alan önceki Hindu-Khmer krallarından ayrılarak, Kral Jayavarman halkı devlette merkeze alan Budist bir düşünce tarzını benimsedi.</Text>
    </Row>
    <Row Tag="LOC_PEDIA_LEADERS_PAGE_LEADER_JAYAVARMAN_CHAPTER_HISTORY_PARA_11">
      <Text>Mahayana Budizminin hem şefkati (Bodhisattva Lokesvara tarafından kişileştirilmiştir) hem de bilgeliği (Prajnaparamita) bir araya getirdiğine inanılır ve Kral Jayavarman'ın amacı tebaası için güvenli ve cennet gibi bir yer yaratmaktı.</Text>
    </Row>
    <Row Tag="LOC_PEDIA_LEADERS_PAGE_LEADER_JAYAVARMAN_CHAPTER_HISTORY_PARA_12">
      <Text>Mahayana Budizmini devlet dini haline getirerek 400 yıllık Khmer Hinduizminden kopacaktı. Ve bu vesileyle çok sayıda tapınak, 102 hastane, sel sularının ulaşamayacağı taş döşeli otoyollar, Bayon'daki 54 kule ve kapsamlı sulama projelerinin inşasını başlatacaktı. Belgelenen bir başka proje de krallık boyunca her 15 km'de bir dinlenme evlerinin inşa edilmesiydi.</Text>
    </Row>
    <Row Tag="LOC_PEDIA_LEADERS_PAGE_LEADER_JAYAVARMAN_CHAPTER_HISTORY_PARA_13">
      <Text>Buna ek olarak, yaklaşık 40 yıllık yönetimi hoşgörüsüyle de dikkat çekecekti; Kral Jayavarman VII Budizm'i desteklerken, Brahman rahiplerine sarayda bugün Kamboçya krallığında devam eden bir rol biçti.</Text>
    </Row>
    <Row Tag="LOC_PEDIA_LEADERS_PAGE_LEADER_JAYAVARMAN_CHAPTER_HISTORY_PARA_14">
      <Text>Kral Jayavarman VII'nin hayatının son yılları ve hatta öldüğü yıl (ancak 1215 ile 1220 arasında bir yerdeydi) hakkında çok fazla detaya sahip değiliz. Bununla birlikte, ölümünden sonra, büyüklüğüne bir övgü olarak kendisine Mahaparamasaugata adı verilecekti. Khmer İmparatorluğu'na gelince? Görünüşe göre hızlı bir düşüşe geçecekti. 1222 yılına gelindiğinde Chamlar, Jayavarman VII'nin hükümdarlığı sırasında fethettiği toprakları geri almayı başardılar.</Text>
    </Row>
    <Row Tag="LOC_PEDIA_LEADERS_PAGE_LEADER_JAYAVARMAN_CHAPTER_HISTORY_PARA_15">
      <Text>Yine de tüm bu tapınak inşa etme ve iyi niyet yayma faaliyetlerini geri almak zor. Kral Jayavarman VII ve halk odaklı hükümdarlığı, 20. yüzyıla kadar devlet tarafından üretilen eğitim materyallerinde belirgin bir şekilde yer aldığı Kamboçya'da sevgiyle hatırlanmaya devam ediyor.</Text>
    </Row>
    <Row Tag="LOC_PEDIA_LEADERS_PAGE_LEADER_JAYAVARMAN_CHAPTER_CAPSULE_BODY">
      <Text>Jayavarman'ın Khmer İmparatorluğu'nda dindar Budistlerden oluşan kalabalık şehirler, özellikle de tüm yeteneklerinin devreye girebileceği nehir kenarlarında bulunanlar yer alır.</Text>
    </Row>
    <Row Tag="LOC_PEDIA_LEADERS_PAGE_LEADER_JAYAVARMAN_CHAPTER_DETAILED_BODY">
      <Text>Jayavarman nehir başlangıcı önyargısından faydalanmak ve Kutsal Yerlerini nehirler boyunca yerleştirmek istemektedir; buralar yakındaki toprakları ele geçirecek ve [ICON_Food] Yiyecek ve [ICON_Housing] Barınma sağlayacaktır.  Bu şehirler daha sonra Khmerler geç Klasik döneme ulaştığında, hem Su Kemerleri hem de eşsiz Prasat tapınakları devreye girdiğinde çiçek açacaktır.  Komşuları onları sıkıştırırsa, Domrey benzersiz birimlerini yakındaki birkaç şehri kuşatmak için kullanabilir ve muhtemelen nehirler boyunca ek yerler ele geçirebilirler. Budist inancına dayalı kalabalık bir imparatorluğa sahip olan Jayavarman, oyunun ilerleyen safhalarında herhangi bir zafer türünün peşine düşebilir.</Text>
    </Row>
    <!-- Rest -->
    <Row Tag="LOC_PEDIA_UNITS_PAGE_UNIT_INDONESIAN_JONG_CHAPTER_HISTORY_PARA_1">
      <Text>Açık denizlere hakim olmak istiyorsanız, düşmanla ezici bir güçle karşı karşıya gelin. Majapahit'in yelkenlisi olan devasa jong gemilerinin ardındaki felsefe buydu. Bu gemi, İmparatorluğun büyüklük ve güç kombinasyonu sayesinde Cava sularını kontrol etmesini sağlıyordu.</Text>
    </Row>
    <Row Tag="LOC_PEDIA_UNITS_PAGE_UNIT_INDONESIAN_JONG_CHAPTER_HISTORY_PARA_2">
      <Text>Majapahit yelkenli gemileri, 600 tonluk jongu hem hızlı hem de kolay kontrol edilebilir kılan ikinci bir dümenin eklenmesiyle Çin hurdalarından ayrılıyordu. Jong için tek ekstra manevra kabiliyeti seçeneği bu değildi; rüzgâr azsa, bir sıra kürekçi yelkenliyi düşman ateş menzilinin ötesine ya da denizdeki engellerin etrafından dolaştırabilirdi.</Text>
    </Row>
    <Row Tag="LOC_PEDIA_UNITS_PAGE_UNIT_INDONESIAN_JONG_CHAPTER_HISTORY_PARA_3">
      <Text>Öncelikli olarak ticaret gemisi olarak kullanılsa da, jonglar askeri nakliye aracı olarak da hizmet veriyordu. Tüm bu ağırlık sadece gösteriş için değildi: dört katmanlı ahşap direklerin eklenmesi, gelen top ateşine karşı koruma sağladı ve saldırı altındaki bir jong, kendi karşıt mühimmatıyla iyiliğe karşılık verebilirdi.</Text>
    </Row>
    <Row Tag="LOC_PEDIA_UNITS_PAGE_UNIT_KHMER_DOMREY_CHAPTER_HISTORY_PARA_1">
      <Text>Süvarileriniz için yeterli at yoksa, düşmanlarınızı ezmek ve korkutmak için neden güçlü fili kullanmayasınız?</Text>
    </Row>
    <Row Tag="LOC_PEDIA_UNITS_PAGE_UNIT_KHMER_DOMREY_CHAPTER_HISTORY_PARA_2">
      <Text>Khmerler, askeri seferlerinde savaş fillerini kullanma geleneğine katılmışlardır. Araştırmalar, filleri askeri seferlerinde ilk kez M.Ö. 1.100 yıllarında Hintlilerin kullandığını ve o zamanlar bir çiftlik yardımcı hayvanı olan filin 12.000 kiloluk gücünü savaş alanında rakipleri için ses ve dehşete dönüştürdüklerini göstermektedir (en azından barutun icadı olasılıkları eşitleyene kadar).</Text>
    </Row>
    <Row Tag="LOC_PEDIA_UNITS_PAGE_UNIT_KHMER_DOMREY_CHAPTER_HISTORY_PARA_3">
      <Text>Kralların bineği olan askeri liderler, filleri savaş alanına sürer ve düşman kuvvetlerini ezmek için hatlarını kullanırlardı.</Text>
    </Row>
    <Row Tag="LOC_PEDIA_UNITS_PAGE_UNIT_KHMER_DOMREY_CHAPTER_HISTORY_PARA_4">
      <Text>Khmer binicileri fillerinin ham gücünü desteklemek için çifte yaylı tüfeklerin hassasiyetini kullanırdı. Ancak bu domrey varyantı, kaçacak kadar akıllı olmayan cesur askerleri kazığa oturtmak için monte edilmiş bir balista ile biraz daha fazla güç katıyor.</Text>
    </Row>
    <Row Tag="LOC_PEDIA_IMPROVEMENTS_PAGE_IMPROVEMENT_KAMPUNG_CHAPTER_HISTORY_PARA_1">
      <Text>Güneydoğu Asya'nın yoğun nüfuslu adalarında yerel yöneticiler, halklarını en iyi nasıl barındırabilecekleri ve aynı zamanda onları sellerden ve vahşi yaşamdan nasıl koruyabilecekleri sorunuyla karşı karşıya kaldılar. Buldukları cevap, kazıklar üzerinde sıkıca kümelenmiş evlerden oluşan topluluklar ya da kampung oldu.</Text>
    </Row>
    <Row Tag="LOC_PEDIA_IMPROVEMENTS_PAGE_IMPROVEMENT_KAMPUNG_CHAPTER_HISTORY_PARA_2">
      <Text>Bu terim bir mahalleyi ifade eden genel bir terim olsa da, Endonezya kampungları Java'nın dünyadaki herhangi bir adanın en yüksek nüfus yoğunluğuna ulaşmasına yardımcı olmasıyla ünlüdür. Gerçekten de yabancı ziyaretçiler Endonezya ve Malay kampunglarının verimliliğinden o kadar etkilenmişlerdir ki bu terimi İngilizce 'compound' olarak benimsemişlerdir.</Text>
    </Row>
    <Row Tag="LOC_PEDIA_BUILDINGS_PAGE_BUILDING_PRASAT_CHAPTER_HISTORY_PARA_1">
      <Text>Mekong'a ve Güneydoğu Asya'nın anakarasına hükmetmedikleri zamanlarda Khmer imparatorluğunun kralları dikkatlerini inançlarına verirlerdi. Tanrılara saygı göstermenin devasa tapınaklar inşa etmekten daha iyi bir yolu olabilir mi?</Text>
    </Row>
    <Row Tag="LOC_PEDIA_BUILDINGS_PAGE_BUILDING_PRASAT_CHAPTER_HISTORY_PARA_2">
      <Text>Khmer ibadetinin merkezindeki bu kutsal mekânlar hem savaşçı krallarının dindarlığının hem de mühendislerinin parlaklığının sembolleri olarak hizmet edecekti. Kayıtlara geçen en eski Khmer tapınağı Prasat Ak Yom'dur (yaklaşık 800) ve tasarımı Güney Hindistan'ın 'ratha' tarzı tapınak geleneğini yansıtır, tepede bir taçla sonlanan yüksek yapılar. Elbette Khmerler yapılara pranglar ya da kuleler ekleyerek kendi süslemelerini katmışlardır.</Text>
    </Row>
    <Row Tag="LOC_PEDIA_BUILDINGS_PAGE_BUILDING_PRASAT_CHAPTER_HISTORY_PARA_3">
      <Text>Bu tapınakların inşası sonraki Khmer hükümdarlarının kalıcı bir özelliği haline gelecek, ilk olarak Hindu tanrısı Shiva'nın onuruna doğuya bakarken, daha sonra Jayavarman VII'nin On İkinci Yüzyılda Mahayana Budizmini İmparatorluğa tanıtmasının ardından inşaat batıya dönecektir.</Text>
    </Row>
    <Row Tag="LOC_PEDIA_WONDERS_PAGE_BUILDING_ANGKOR_WAT_CHAPTER_HISTORY_PARA_1">
      <Text>Bir tanrı anıtı ve muhtemelen onu inşa eden fatih kralın son dinlenme yeri olarak yaklaşık 1.000 yıldır ayakta durmaktadır.</Text>
    </Row>
    <Row Tag="LOC_PEDIA_WONDERS_PAGE_BUILDING_ANGKOR_WAT_CHAPTER_HISTORY_PARA_2">
      <Text>Ve Angkor Wat'taki tapınak hala ayakta, merkezi kulesi çevresindeki ormanın 213 metre üzerinde yükseliyor. On ikinci yüzyılda Khmer Kralı Suryavarman II tarafından bugünkü kuzey Kamboçya'da inşa edilen tapınak, dünyanın en yüksek dini anıtlarından biridir.</Text>
    </Row>
    <Row Tag="LOC_PEDIA_WONDERS_PAGE_BUILDING_ANGKOR_WAT_CHAPTER_HISTORY_PARA_3">
      <Text>Hindu Tanrısı Vişnu'nun şehir tapınağına gelen bir hacı, yükseltilmiş bir yürüyüş yoluna açılan üç kuleli bir giriş olan 'gopura'ya girmeden önce yapıyı çevreleyen 650 fit genişliğinde ve 14 fit derinliğinde bir hendeği geçerdi. Tapınak kompleksinin içinde, kutsal Meru Dağı'nı çağrıştıran 213 metrelik merkezi bir kuleyi çevreleyen dört küçük kule bulacaklardı.</Text>
    </Row>
    <Row Tag="LOC_PEDIA_WONDERS_PAGE_BUILDING_ANGKOR_WAT_CHAPTER_HISTORY_PARA_4">
      <Text>Khmer Shaivist tapınakları genellikle doğuya bakar, ancak Angkor Wat batıya baktığı için Suryavarman'ın kalıntılarının son dinlenme yeri Vishnu'yu onurlandıran bir tapınak olacaktır.</Text>
    </Row>
    <Row Tag="LOC_BUILDING_ANGKOR_WAT_QUOTE">
      <Text>"Tapınak bir hendekle çevrilidir ve giriş, ziyaretçiye dehşet verecek kadar büyük ve korkunç iki taş kaplan tarafından korunan tek bir köprü ile sağlanmaktadır."[NEWLINE]- Diogo do Couto</Text>
    </Row>
    <Row Tag="LOC_PEDIA_FEATURES_PAGE_FEATURE_HA_LONG_BAY_CHAPTER_HISTORY_PARA_1">
      <Text>Bir ulusun yaratılış efsanesinde kaç doğal oluşum yer alır? Vietnam efsanesine göre tanrılar buraya yeşim taşı ve mücevher püskürten ejderhalar göndererek körfezi çevreleyen kayalık adaları yaratmış ve ilk Çinli istilacılara karşı bir savunma oluşturmuşlardır. Aslında bu isim 'inen ejderhalar' ya da 'denize inen ejderhalar' anlamına gelmektedir.</Text>
    </Row>
    <Row Tag="LOC_PEDIA_FEATURES_PAGE_FEATURE_HA_LONG_BAY_CHAPTER_HISTORY_PARA_2">
      <Text>Ha Long Körfezi, milyonlarca yıllık erozyonun ardından oluşan, sırtlar, kuleler ve mağaralar içeren doğal kireçtaşı oluşumları olan karstik adacıklar topluluğuna verilen isimdir. Bugün burayı görmek ve keşfetmek, 120 km'lik modern Vietnam kıyı şeridi boyunca uzanan yaklaşık 1600 kireçtaşı adacığı ve mağaradan oluşan bir ağın izini sürmek demektir.</Text>
    </Row>
    <Row Tag="LOC_PEDIA_FEATURES_PAGE_FEATURE_HA_LONG_BAY_CHAPTER_HISTORY_PARA_3">
      <Text>M.Ö. 16.000 yılına kadar balıkçı kabilelerine ev sahipliği yapan bu bölge, tarih boyunca istilacılara karşı doğal bir siper görevi görmüştür: 1288 yılında Vietnamlı General Tran Hung Dao'nun Moğol gemilerini çelik uçlu kazıklara geçirerek ilerleyişlerini durdurduğu Moğol yenilgisinin yaşandığı yerdir.</Text>
    </Row>
    <Row Tag="LOC_PEDIA_FEATURES_PAGE_FEATURE_HA_LONG_BAY_CHAPTER_HISTORY_PARA_4">
      <Text>Ha Long Körfezi 2000 yılından bu yana UNESCO Dünya Mirası Listesi'nde yer almaktadır.</Text>
    </Row>
    <Row Tag="LOC_FEATURE_HA_LONG_BAY_QUOTE">
      <Text>"Göklerin ve yerin harikalarına bakın. Berrak su mavisi bir ayna görevi görür, binlerce turkuaz karga siyah bir dokunuşla renklenir."[NEWLINE]- Nguyễn Trãi</Text>
    </Row>
  </EnglishText>
</GameData>