﻿<?xml version="1.0" encoding="utf-8"?>
<!--Sid Meier's Civilization V -->
<!--Copyright Firaxis Games 2010 -->
<GameData>
  <Language_en_US>
    <!--General phrases -->
    <!--Greeting (first time meeting) -->
    <Row Tag="TXT_KEY_LEADER_SEJONG_FIRSTGREETING_1">
      <Text>Joseon Sarayi'na hos geldin dostum.  Halkima yardim etmek için çok sey yaptim, sen de aynisini söyleyebilir misin?</Text>
    </Row>
    <Row Tag="TXT_KEY_LEADER_SEJONG_FIRSTGREETING_2">
      <Text>Selamlar - Ben Kore'den Sejong.  Huzurumda pek çok kisinin keyif aldigi bilgelik ve aydinlanmayi aramaya mi geldiniz?</Text>
    </Row>
    <Row Tag="TXT_KEY_LEADER_SEJONG_FIRSTGREETING_3">
      <Text>Kore'nin adil sarayina hos geldiniz, onurlu yabanci.  Ben Sejong, bu yüce halkimin aydinlanmis lideriyim.</Text>
    </Row>
    <!--Reacts to his bluff being called -->
    <Row Tag="TXT_KEY_LEADER_SEJONG_WARBLUFF_1">
      <Text>Bu tatsiz davranisi Yangpyeong'dan beklerdim, senden degil.</Text>
    </Row>
    <Row Tag="TXT_KEY_LEADER_SEJONG_WARBLUFF_2">
      <Text>Görünüse göre o bos bakislarin ardinda düsündügümden daha fazlasi var.</Text>
    </Row>
    <Row Tag="TXT_KEY_LEADER_SEJONG_WARBLUFF_3">
      <Text>Ne büyük bir zaman kaybi.</Text>
    </Row>
    <!--Gloats after winning a war -->
    <Row Tag="TXT_KEY_LEADER_SEJONG_WINWAR_1">
      <Text>Üstün teknoloji, planlama ve bilgelik bir kez daha zafer kazandi.</Text>
    </Row>
    <Row Tag="TXT_KEY_LEADER_SEJONG_WINWAR_2">
      <Text>Degerli insanlar salonunu yenemezsiniz - ülkemin en iyi beyinleri size karsi birlikte hareket ediyor.</Text>
    </Row>
    <!--Submissive after losing a war -->
    <Row Tag="TXT_KEY_LEADER_SEJONG_LOSEWAR_1">
      <Text>Küçük bir yanlis hesaplama.  Bir daha olmayacak.</Text>
    </Row>
    <Row Tag="TXT_KEY_LEADER_SEJONG_LOSEWAR_2">
      <Text>Bunu nasil yaptiniz?  Ne tür taktikler uyguluyorsunuz?</Text>
    </Row>
    <!--Defeated and removed from game -->
    <Row Tag="TXT_KEY_LEADER_SEJONG_DEFEATED_1">
      <Text>Halkim simdi rehberlik için nereye bakmali?  Karanlik bir zaman henüz üzerimizde.</Text>
    </Row>
    <Row Tag="TXT_KEY_LEADER_SEJONG_DEFEATED_2">
      <Text>Tereddütsüz bilim arayisim, çok geç olana kadar ulusuma yönelik gerçek tehdidi görmemi engelledi.  Beni karanligimla bas basa birakin.</Text>
    </Row>
    <Row Tag="TXT_KEY_LEADER_SEJONG_DEFEATED_3">
      <Text>Hayir, daha yapacak çok seyim vardi... daha kesfedecek çok seyim.  Açgözlülük pesinde kosarken dünyanin parlakligini çaldin.</Text>
    </Row>
    <!--Neutral -->
    <!--Greetings (subsequent meetings) -->
    <Row Tag="TXT_KEY_LEADER_SEJONG_GREETING_1">
      <Text>Size iyi günler dilerim.</Text>
    </Row>
    <Row Tag="TXT_KEY_LEADER_SEJONG_GREETING_2">
      <Text>Selamlar.</Text>
    </Row>
    <!--Goodbye -->
    <Row Tag="TXT_KEY_LEADER_SEJONG_GOODBYE_1">
      <Text>Tekrar görüsene kadar.</Text>
    </Row>
    <Row Tag="TXT_KEY_LEADER_SEJONG_GOODBYE_2">
      <Text>Güle güle.</Text>
    </Row>
    <!--Trade offer from player - yes -->
    <Row Tag="TXT_KEY_LEADER_SEJONG_TRADE_YES_NEUTRAL">
      <Text>Cok iyi.</Text>
    </Row>
    <!--Trade offer from player - sweeten the deal -->
    <Row Tag="TXT_KEY_LEADER_SEJONG_TRADE_NEEDMORE_NEUTRAL_1">
      <Text>Ilgimi çekmek için çok sey yapsaniz da, öncelikle sorunuzu mükemmellestirmeniz gerekecek.</Text>
    </Row>
    <Row Tag="TXT_KEY_LEADER_SEJONG_TRADE_NEEDMORE_NEUTRAL_2">
      <Text>Biraz daha iyisini yapabilir misin?</Text>
    </Row>
    <Row Tag="TXT_KEY_LEADER_SEJONG_TRADE_NEEDMORE_NEUTRAL_3">
      <Text>Bu yeterince iyi degil.</Text>
    </Row>
    <Row Tag="TXT_KEY_LEADER_SEJONG_TRADE_NEEDMORE_NEUTRAL_4">
      <Text>Neredeyse...</Text>
    </Row>
    <!--Trade offer from player - no -->
    <Row Tag="TXT_KEY_LEADER_SEJONG_TRADE_NO_NEUTRAL">
      <Text>Ilgilenmiyorum.</Text>
    </Row>
    <!--Demand for tribute from player - yes -->
    <Row Tag="TXT_KEY_LEADER_SEJONG_TRIBUTE_YES_NEUTRAL">
      <Text>Açgözlülük size yakismaz, çogu zaman üzüntüye yol açar. Umarim bu daha asil bir amaç içindir.</Text>
    </Row>
    <!--Demand for tribute from player - no -->
    <Row Tag="TXT_KEY_LEADER_SEJONG_TRIBUTE_NO_NEUTRAL">
      <Text>Haddinizi çok asiyorsunuz.</Text>
    </Row>
    <!--Requests a trade -->
    <Row Tag="TXT_KEY_LEADER_SEJONG_TRADEREQUEST_NEUTRAL">
      <Text>Dostluk için maddi zenginlikleri paylasmaktan daha iyi bir yol olabilir mi?</Text>
    </Row>
    <!--Demands tribute -->
    <Row Tag="TXT_KEY_LEADER_SEJONG_DEMANDTRIBUTE_NEUTRAL">
      <Text>Bu mahkemenin avantajlarindan yararlanmak için makaminizin agirligini tasiyan bir hediye gereklidir.</Text>
    </Row>
    <!--Agrees -->
    <Row Tag="TXT_KEY_LEADER_SEJONG_AGREE_SHORT_1">
      <Text>Tamam.</Text>
    </Row>
    <Row Tag="TXT_KEY_LEADER_SEJONG_AGREE_SHORT_2">
      <Text>Cok iyi.</Text>
    </Row>
    <!--Disagrees -->
    <Row Tag="TXT_KEY_LEADER_SEJONG_DISAGREE_SHORT_1">
      <Text>Reddetmek zorundayim.</Text>
    </Row>
    <Row Tag="TXT_KEY_LEADER_SEJONG_DISAGREE_SHORT_2">
      <Text>Hayir.</Text>
    </Row>
    <!--Let's hear it -->
    <Row Tag="TXT_KEY_LEADER_SEJONG_LETSHEARIT_1">
      <Text>Devam et.</Text>
    </Row>
    <Row Tag="TXT_KEY_LEADER_SEJONG_LETSHEARIT_2">
      <Text>Devam et.</Text>
    </Row>
    <!--Happy -->
    <!--Greetings (subsequent meetings) -->
    <Row Tag="TXT_KEY_LEADER_SEJONG_GREETING_3">
      <Text>Selamlar, dostum.</Text>
    </Row>
    <Row Tag="TXT_KEY_LEADER_SEJONG_GREETING_4">
      <Text>Hos geldiniz.</Text>
    </Row>
    <!--Goodbye -->
    <Row Tag="TXT_KEY_LEADER_SEJONG_GOODBYE_3">
      <Text>Elveda.</Text>
    </Row>
    <Row Tag="TXT_KEY_LEADER_SEJONG_GOODBYE_4">
      <Text>Güle güle.</Text>
    </Row>
    <!--Trade offer from player - yes -->
    <Row Tag="TXT_KEY_LEADER_SEJONG_TRADE_YES_HAPPY">
      <Text>Mutlulukla kabul edildi</Text>
    </Row>
    <!--Trade offer from player - sweeten the deal -->
    <Row Tag="TXT_KEY_LEADER_SEJONG_TRADE_NEEDMORE_HAPPY_1">
      <Text>Teklifinizi oldugu gibi kabul etmeyi çok isterdim, ancak salonun mantigimi onaylamayacagini biliyorum.</Text>
    </Row>
    <Row Tag="TXT_KEY_LEADER_SEJONG_TRADE_NEEDMORE_HAPPY_2">
      <Text>Yapabileceginin en iyisi bu mu?</Text>
    </Row>
    <Row Tag="TXT_KEY_LEADER_SEJONG_TRADE_NEEDMORE_HAPPY_3">
      <Text>Neredeyse vardin.</Text>
    </Row>
    <!--Trade offer from player - no -->
    <Row Tag="TXT_KEY_LEADER_SEJONG_TRADE_NO_HAPPY">
      <Text>Tesekkürler, ama hayir.</Text>
    </Row>
    <!--Demand for tribute from player - yes -->
    <Row Tag="TXT_KEY_LEADER_SEJONG_TRIBUTE_YES_HAPPY">
      <Text>Sadece sorman yeterliydi! Akilli bir adam cömertligini dostlari arasinda paylasir, böylece herkes zenginlesebilir.</Text>
    </Row>
    <!--Demand for tribute from player - no -->
    <Row Tag="TXT_KEY_LEADER_SEJONG_TRIBUTE_NO_HAPPY">
      <Text>Sizi hayal kirikligina ugrattigim için duydugum üzüntüyü ifade etmeye kelimeler yetmez.</Text>
    </Row>
    <!--Requests a trade -->
    <Row Tag="TXT_KEY_LEADER_SEJONG_TRADEREQUEST_HAPPY">
      <Text>Dostum, tartisacak ve birbirimize kazandiracak çok seyimiz var.</Text>
    </Row>
    <!--Demands tribute -->
    <Row Tag="TXT_KEY_LEADER_SEJONG_DEMANDTRIBUTE_HAPPY">
      <Text>Worthies, ihtiyaç duydugumuz bu dönemde cömertliginizin yardimini rica eder.</Text>
    </Row>
    <!--Agrees -->
    <Row Tag="TXT_KEY_LEADER_SEJONG_AGREE_SHORT_3">
      <Text>Kesinlikle.</Text>
    </Row>
    <!--Disagrees -->
    <Row Tag="TXT_KEY_LEADER_SEJONG_DISAGREE_SHORT_3">
      <Text>Kesinlikle olmaz.</Text>
    </Row>
    <Row Tag="TXT_KEY_LEADER_SEJONG_DISAGREE_SHORT_4">
      <Text>Reddediyoruz.</Text>
    </Row>
    <!--Let's hear it -->
    <Row Tag="TXT_KEY_LEADER_SEJONG_LETSHEARIT_3">
      <Text>Devam edin.</Text>
    </Row>
    <Row Tag="TXT_KEY_LEADER_SEJONG_LETSHEARIT_4">
      <Text>Dinliyorum.</Text>
    </Row>
    <!--Angry -->
    <!--Greetings (subsequent meetings) -->
    <Row Tag="TXT_KEY_LEADER_SEJONG_GREETING_5">
      <Text>Eee?</Text>
    </Row>
    <Row Tag="TXT_KEY_LEADER_SEJONG_GREETING_6">
      <Text>Ne istiyorsun?</Text>
    </Row>
    <!--Goodbye -->
    <Row Tag="TXT_KEY_LEADER_SEJONG_GOODBYE_5">
      <Text>Hepsi bu kadar.</Text>
    </Row>
    <Row Tag="TXT_KEY_LEADER_SEJONG_GOODBYE_6">
      <Text>Simdi git buradan.</Text>
    </Row>
    <!--Trade offer from player - yes -->
    <Row Tag="TXT_KEY_LEADER_SEJONG_TRADE_YES_ANGRY">
      <Text>Anlastik.</Text>
    </Row>
    <!--Trade offer from player - sweeten the deal -->
    <Row Tag="TXT_KEY_LEADER_SEJONG_TRADE_NEEDMORE_ANGRY_1">
      <Text>Müzakere sanatinda ne kadar egitimli olursaniz olun, bu asagilayici teklif bu haliyle kabul edilemez.  Hemen iyilestirin.</Text>
    </Row>
    <Row Tag="TXT_KEY_LEADER_SEJONG_TRADE_NEEDMORE_ANGRY_2">
      <Text>Bu yeterince iyi degil.</Text>
    </Row>
    <Row Tag="TXT_KEY_LEADER_SEJONG_TRADE_NEEDMORE_ANGRY_3">
      <Text>Bundan daha iyisini yapmalisin.</Text>
    </Row>
    <Row Tag="TXT_KEY_LEADER_SEJONG_TRADE_NEEDMORE_ANGRY_4">
      <Text>Neredeyse...</Text>
    </Row>
    <!--Trade offer from player - no -->
    <Row Tag="TXT_KEY_LEADER_SEJONG_TRADE_NO_ANGRY">
      <Text>Egitimsiz bir sokak çocugu bile bu asagilayici teklifle kandirildigini bilirdi. Git buradan!</Text>
    </Row>
    <!--Demand for tribute from player - yes -->
    <Row Tag="TXT_KEY_LEADER_SEJONG_TRIBUTE_YES_ANGRY">
      <Text>Bu bana büyük bir utanç getirse de, ulusum için yapmam gerekeni yapiyorum.</Text>
    </Row>
    <!--Demand for tribute from player - no -->
    <Row Tag="TXT_KEY_LEADER_SEJONG_TRIBUTE_NO_ANGRY">
      <Text>Nasil bir yanilsama içindesiniz ki böyle bir numaranin ise yarayacagini düsünüyorsunuz?</Text>
    </Row>
    <!--Requests a trade -->
    <Row Tag="TXT_KEY_LEADER_SEJONG_TRADEREQUEST_ANGRY">
      <Text>Yüzünüzü görmek beni tiksindirse de, halkimin iyiligi için bir süreligine sebat edecegim.</Text>
    </Row>
    <!--Demands tribute -->
    <Row Tag="TXT_KEY_LEADER_SEJONG_DEMANDTRIBUTE_ANGRY">
      <Text>Birçok suçunuzun ve düsüncesizliginizin bedelini ödeyeceksiniz, simdi bununla basliyorsunuz.</Text>
    </Row>
    <!--Agrees -->
    <Row Tag="TXT_KEY_LEADER_SEJONG_AGREE_SHORT_4">
      <Text>Oh, çok iyi.</Text>
    </Row>
    <!--Disagrees -->
    <Row Tag="TXT_KEY_LEADER_SEJONG_DISAGREE_SHORT_5">
      <Text>Tabii ki hayir.</Text>
    </Row>
    <Row Tag="TXT_KEY_LEADER_SEJONG_DISAGREE_SHORT_6">
      <Text>Bu kabul edilemez.</Text>
    </Row>
    <Row Tag="TXT_KEY_LEADER_SEJONG_DISAGREE_SHORT_7">
      <Text>Ciddi olamazsin!</Text>
    </Row>
    <!--Let's hear it -->
    <Row Tag="TXT_KEY_LEADER_SEJONG_LETSHEARIT_5">
      <Text>Ve?</Text>
    </Row>
    <Row Tag="TXT_KEY_LEADER_SEJONG_DECLAREWAR_1">
      <Text>Salon yorucu maskaraliklarinizdan bikti.  Ezilenlerinizi zorla özgürlestirecegiz ve onlari aydinlanmaya götürecegiz.</Text>
    </Row>
    <Row Tag="TXT_KEY_LEADER_SEJONG_DECLAREWAR_2">
      <Text>Zaman kimseyi beklemez ve onun degismez yürüyüsünün giderek daha acil hale geldigini hissediyorum.  Yolumuza çikiyorsunuz ve benim daha diplomatik yollara basvuracak kaynagim kalmadi.</Text>
    </Row>
    <Row Tag="TXT_KEY_LEADER_SEJONG_DECLAREWAR_3">
      <Text>Yürütmem gereken deneyler, yapmam gereken arastirmalar var ve sen burada yolumu kesen yaslanmis bir duvar gibi duruyorsun.  Seni ortadan kaldiracagim.</Text>
    </Row>
    <Row Tag="TXT_KEY_LEADER_SEJONG_ATTACKED_1">
      <Text>Bu ne lanetli bir ihanet?  Hiç mi onurun, hiç mi utanman yok?</Text>
    </Row>
    <Row Tag="TXT_KEY_LEADER_SEJONG_ATTACKED_2">
      <Text>Seni zavalli küçük insan.  Yakinda kudretli bilimimizin tüm agirligini üzerinde hissedeceksin.</Text>
    </Row>
    <Row Tag="TXT_KEY_LEADER_SEJONG_ATTACKED_3">
      <Text>Mükemmel, mükemmel!  Yeni teçhizatimi denemek için bir neden ariyordum ve siz bana tam da bu firsati sagladiniz.</Text>
    </Row>
  </Language_en_US>
</GameData>