﻿<?xml version="1.0" encoding="utf-8" standalone="yes"?>
<!-- edited with XMLSPY v2004 rel. 2 U (http://www.xmlspy.com) by Ed Beach (Firaxis Games) -->
<GameData>
  <BaseGameText>
    <Row Tag="LOC_CIVILIZATION_POLAND_NAME">
      <Text>Polonya</Text>
    </Row>
    <Row Tag="LOC_LEADER_JADWIGA_NAME">
      <Text>Jadwiga</Text>
    </Row>
    <Row Tag="LOC_TRAIT_CIVILIZATION_GOLDEN_LIBERTY_NAME">
      <Text>Altin Özgürlük</Text>
    </Row>
    <Row Tag="LOC_TRAIT_CIVILIZATION_GOLDEN_LIBERTY_DESCRIPTION">
      <Text>Dost bölge içinde bir Kamp veya Kale tamamlarken bitisik karolari Kültür Bombasi. Mevcut hükümetteki bir Askeri politika yuvasi bir Joker yuvasina dönüstürülür.</Text>
    </Row>
    <Row Tag="LOC_TRAIT_LEADER_LITHUANIAN_UNION_NAME">
      <Text>Litvanya Birligi</Text>
    </Row>
    <Row Tag="LOC_TRAIT_LEADER_LITHUANIAN_UNION_DESCRIPTION">
      <Text>Polonya'nin çogunluk dini, Polonya Kültür Bombasina bir karo kaybeden sehirlerde baskin din haline gelir. Kutsal Bölgeler, komsu Bölgelerden bir Inanç bitisiklik bonusu kazanir. Tüm Kutsal Emanetler bonus Inanç (+2), Kültür (+2) ve Altin (+4) saglar.</Text>
    </Row>
    <Row Tag="LOC_TRAIT_LEADER_LITHUANIAN_UNION_ALT_DESCRIPTION">
      <Text>Polonya'nin çogunluk dini, Polonya Kültür Bombasina bir karo kaybeden sehirlerde baskin din haline gelir. Kutsal Bölgeler, komsu Bölgelerden bir Inanç bitisiklik bonusu kazanir. Tüm Kutsal Emanetler bonus Inanç (+2), Kültür (+2) ve Altin (+4) saglar.</Text>
    </Row>
    <Row Tag="LOC_BUILDING_SUKIENNICE_NAME">
      <Text>Sukiennice</Text>
    </Row>
    <Row Tag="LOC_BUILDING_SUKIENNICE_DESCRIPTION">
      <Text>Polonya'ya özgü bir bina. Bu sehirden gelen uluslararasi [ICON_TradeRoute] Ticaret Yollari +2 [ICON_Production] Üretim  yerel [ICON_TradeRoute] Ticaret Yollari +4 [ICON_Gold] Altin kazanir.</Text>
    </Row>
    <Row Tag="LOC_UNIT_POLISH_HUSSAR_NAME">
      <Text>Kanatli Süvari</Text>
    </Row>
    <Row Tag="LOC_UNIT_POLISH_HUSSAR_DESCRIPTION">
      <Text>Polonya'ya özgü Rönesans dönemi birimi. Savunan düsman birimlerini, daha fazla hasar verdikleri herhangi bir savasta bulunduklari hex'ten geri iter. Geri çekilemeyen savunmacilar ek hasar alir.</Text>
    </Row>
    <Row Tag="LOC_UNIT_POLISH_HUSSAR_EXPANSION2_DESCRIPTION">
      <Text>Cuirassier'in yerini alan Polonya'ya özgü Rönesans dönemi birimi. Savunan düsman birimlerini, daha fazla hasar verdikleri herhangi bir savasta bulunduklari hex'ten geri iter. Geri çekilemeyen savunmacilar ek hasar alir.</Text>
    </Row>
    <Row Tag="LOC_BUILDING_SUKIENNICE_EXPANSION1_DESCRIPTION">
      <Text>Polonya'ya özgü bir bina. Bu sehirden gelen uluslararasi [ICON_TradeRoute] Ticaret Yollari +2 [ICON_Production] Üretim  yerel [ICON_TradeRoute] Ticaret Yollari +4 [ICON_Gold] Altin kazanir. +1 [ICON_TradeRoute] Ticaret Yolu kapasitesi, eger bu sehirde henüz bir Deniz Feneri binasi yoksa.</Text>
    </Row>
  </BaseGameText>
</GameData>