﻿<?xml version="1.0" encoding="utf-8" standalone="yes"?>
<!-- edited with XMLSPY v2004 rel. 2 U (http://www.xmlspy.com) by Ed Beach (Firaxis Games) -->
<GameData>
  <BaseGameText>
    <Row Tag="LOC_TRAIT_CIVILIZATION_UNIT_POLISH_HUSSAR_NAME">
      <Text>Polonya'ya özgü bir birim: Kanatli Süvari</Text>
    </Row>
    <Row Tag="LOC_CIVILIZATION_POLAND_DESCRIPTION">
      <Text>Polonya Imparatorlugu</Text>
    </Row>
    <Row Tag="LOC_CIVILIZATION_POLAND_ADJECTIVE">
      <Text>Lehçe</Text>
    </Row>
    <Row Tag="LOC_TRAIT_CIVILIZATION_BUILDING_SUKIENNICE_NAME">
      <Text>Polonya'nin essiz binasi: Sukiennice</Text>
    </Row>
    <Row Tag="LOC_AGENDA_SAINT_NAME">
      <Text>Aziz</Text>
    </Row>
    <Row Tag="LOC_AGENDA_SAINT_DESCRIPTION">
      <Text>[ICON_Faith] Inanci gelistirmeye çalisir ve [ICON_Faith] Inanca da odaklanan medeniyetleri sever.</Text>
    </Row>
    <Row Tag="LOC_PEDIA_BUILDINGS_PAGE_BUILDING_SUKIENNICE_CHAPTER_HISTORY_PARA_1">
      <Text>Avrupa ve Rusya arasindaki konumu sayesinde, Polonya'nin sehirleri, kralligin büyük sehirlerinde bulunan kumas salonlarinda (Lehçe'de sukiennice olarak bilinir) örneklendigi gibi ticaretle canliydi. Saticilarin kumas, deri ürünleri, balmumu, tuz, biber, baharat ve Uzak Dogu'dan gelen ipek gibi her türlü ihracat ve ithalati sattiklari ticaret tezgahlarini içeriyordu. Genellikle sehirlerin merkezinde insa edilen bu pazarlar, Avrupa'nin dört bir yanina dagilmis siradan pazarlardan daha büyük ve daha görkemli uluslararasi pazar yerleriydi. Salonlarda ve portiklerde, düzinelerce ülkeden gelen tüccarlar anlasmalar yapar ve yerel halk - parasi yetenler - arzu edebilecekleri tüm lüksleri bulurdu. Polonya'da en eski ve en büyügü, bir yangindan sonra MS 1555 yilinda Rönesans tarzinda yeniden insa edilen Krakow'daki Sukiennice idi. Burasi 16. yüzyilin sonuna kadar Bati ile Dogu arasindaki uluslararasi ticaretin önemli bir merkeziydi (bugün tezgahlarinda turistlere atistirmalik ve hediyelik esyalar satiliyor). Ancak kumas salonu, Poznan, Wroclaw ve Torun gibi yerlerde patlayan bir ticaret yaparak diger Polonya sehirlerinde de hayati önem tasiyordu.</Text>
    </Row>
    <Row Tag="LOC_PEDIA_CIVILIZATIONS_PAGE_CIVILIZATION_POLAND_CHAPTER_HISTORY_PARA_1">
      <Text>Polonya'nin topografyasinin en belirgin özelligi, kuzeyde Baltik Denizi'nden güneyde Karpat Daglari'na kadar uzanan genis düzlüktür. Ne yazik ki Polonya için bu ova, bati sinirlarinda Avrupa'dan ve doguda Asya'dan gelen istilalar için bir geçit görevi görüyordu. Polonya ayrica (bin yildan fazla bir süredir) zengin topraklarina ve kaynaklarina göz diken Almanya ve Rusya'nin arasinda yer almak gibi bir talihsizlige de sahipti. Buna ragmen Polonya kendi ayaklari üzerinde durmayi basardi ve bir zamanlar bloktaki en büyük kabadayiydi.</Text>
    </Row>
    <Row Tag="LOC_PEDIA_CIVILIZATIONS_PAGE_CIVILIZATION_POLAND_CHAPTER_HISTORY_PARA_2">
      <Text>Yari efsanevi anlatilara göre Mieszko, Polanie kabilesini müstahkem Gniezno yerlesiminden yönetiyordu. Yagmaci Macarlar, Mieszko'nun yakin baglari olan Krakow'daki Wislanie kabilesini tehdit ettiginde, her iki kabileyi birlestirdi ve bunu yaparken Piast Hanedanligini kurdu. Mieszko, Bohemya'dan gelen Roma Katolik misyonerlerinin ruhani ve pratik faydalarini vaaz etmelerinin ardindan Hiristiyanligi kabul etti ve 966 yilinda vaftiz edildi. Bazi tartismalara ragmen, çogu süpheci akademisyen bile artik bu tarihi Polonya'nin baslangici olarak kabul etmektedir.</Text>
    </Row>
    <Row Tag="LOC_PEDIA_CIVILIZATIONS_PAGE_CIVILIZATION_POLAND_CHAPTER_HISTORY_PARA_3">
      <Text>Mieszko'nun bir dizi güçlü (ya da zorba) halefi pagan Polonyalilari yavas yavas dönüstürdü, saglam bir hanedan hakimiyeti kurdu ve isteksiz Polonya'yi daha genis Avrupa kültürüne sürükledi. Mieszko'nun oglu Boleslaw tamamen Polonyali-Katolik bir kilise teskilati kurdu ve seküler otoritesi Germen Kutsal Roma Imparatoru tarafindan tanindi. Bu durum Boleslaw'in 1025 yilinda taç giymesine yol açarak onu ilk "Polonya Krali" yapti.</Text>
    </Row>
    <Row Tag="LOC_PEDIA_CIVILIZATIONS_PAGE_CIVILIZATION_POLAND_CHAPTER_HISTORY_PARA_4">
      <Text>Polonya kisa sürede Baltik'tan Karpatlar'a kadar uzandi ve 1100 yilina gelindiginde tarihi sinirlarini gevsek bir sekilde olusturdu.  Ancak, Boleslaw III'ün 1138'de ölümü yüzyillik kralliga karmasikliklar getirdi. Primogeniture gelenegi olmayan Polonya, Boleslaw'in birkaç oglu arasinda paylastirildi. Ortaya çikan parçalanma, sonraki birkaç yüzyil boyunca sürekli iç çatismalara ve dis baskilara yol açti.</Text>
    </Row>
    <Row Tag="LOC_PEDIA_CIVILIZATIONS_PAGE_CIVILIZATION_POLAND_CHAPTER_HISTORY_PARA_5">
      <Text>Piast soyundan gelen küçük bir dük olan Wladyslaw, hayatini kralligi yeniden birlestirmekle geçirdi ve bu çabalarindan dolayi Kral I. Wladyslaw olarak taç giydi. Polonya'yi savunurken Wladyslaw, pagan Litvanyalilara ve Mogollara karsi haçli seferlerinin yani sira kendini begenmis ve açgözlü Töton Sövalyelerini kovmak için bir savas yürüttü. Wladyslaw'in yerine daha da yetenekli olan oglu geçti  Casimir III olarak basladigi saltanatini Büyük Casimir olarak sonlandirdi. Zeki diplomasisi ve kisa süreli, muzaffer savaslariyla babasinin kazanimlarini güvence altina almakla kalmayacak, Polonya'yi bir kültür, ögrenim ve ticaret merkezi haline getirecekti. Casimir kralligin büyüklügünü iki katindan fazla artirdi, ülkenin ekonomisini ve hukuk sistemini yeniden düzenledi ve Polonya'nin ilk üniversitesinin kurulmasina ivme kazandirdi. Casimir'in liberal yönetimi altinda Polonya, mülksüzlestirilen ve zulme ugrayanlar için bir siginak haline geldi  Almanlar sehirlere, Ermeni ve Slav mülteciler kirsal bölgelere yerlesti ve binlerce Yahudi buraya tasindi ve gelisti. Ancak erkek varisi olmayan Büyük Casimir, 1370 yilinda ölen son Piast kraliydi.</Text>
    </Row>
    <Row Tag="LOC_PEDIA_CIVILIZATIONS_PAGE_CIVILIZATION_POLAND_CHAPTER_HISTORY_PARA_6">
      <Text>Casimir'in atadigi halefi yegeni Macar Louis I'di (Louis zamaninin çogunu burada geçirdi). Onun 1382'deki ölümü, inatçi Polonyali soylularin en küçük kizi Jadwiga'yi Polonya krali olarak taçlandirmasiyla sonuçlandi. Litvanya Büyük Dükü Jogaila ile evliligi de onu Polonya krali yapti - Katoliklige döndükten ve iyi bir Polonyali olan Wladyslaw II adini aldiktan sonra. Iki ortak kral, Jadwiga'nin 1399'daki ölümüne kadar hüküm sürdüler  bu tarihten sonra Polonya'nin (tek) Kralina mesaj iletmek çok daha az kafa karistirici hale geldi.</Text>
    </Row>
    <Row Tag="LOC_PEDIA_CIVILIZATIONS_PAGE_CIVILIZATION_POLAND_CHAPTER_HISTORY_PARA_7">
      <Text>Wladyslaw II, 1401 yilinda Polonyalilari çatismanin içine çekti. Töton Sövalyeleriyle amansiz bir savasa tutusmus olan Litvanyalilarin yardimina kostular. Temmuz 1410'da Grunwald'da, Orta Cag'in en siddetli savaslarindan birinin ardindan, birlesik Litvanya-Polonya kuvveti o kadar ezici bir zafer kazandi ki, Töton Tarikati neredeyse yok edildi, liderlerinin çogu öldürüldü veya esir alindi.</Text>
    </Row>
    <Row Tag="LOC_PEDIA_CIVILIZATIONS_PAGE_CIVILIZATION_POLAND_CHAPTER_HISTORY_PARA_8">
      <Text>Jagiellonian hükümdarlari sonraki on yillari, yeniden dirilen Töton Sövalyeleri, Prusya Dükaligi, Bohemya ve Macaristan kralliklari, Moskova Büyük Dükaligi ve güneyde Osmanli Türkleri ve Kirim Tatarlari gibi açgözlü komsulariyla (çogunlukla muzaffer) savasarak geçirecekti. Bu sonuncular 1474 ile 1569 yillari arasinda en az 75 ayri akin düzenlemislerdir. Hiçbiri akillanmamis gibi görünüyordu. Genel olarak, Polonya'nin krallari hanedan boyunca sinirlarini ve nüfuzunu korumayi basardi.</Text>
    </Row>
    <Row Tag="LOC_PEDIA_CIVILIZATIONS_PAGE_CIVILIZATION_POLAND_CHAPTER_HISTORY_PARA_9">
      <Text>Tüm bu zaferlerden daha önemli ve kalici olan, Jagiellonianlar yönetimindeki sosyal ve bilimsel ilerlemelerdi. 1505'te Nihil Novi Yasasi, yasama yetkisinin çogunu hükümdardan Polonya soylularindan olusan bir parlamento olan Sejm'e devretti - demokrasiye dogru tökezleyen bir adim. Protestan Reform hareketleri, özellikle Bohemyali John Hus'un önderligindeki hareketler, Polonya Katolikligine nüfuz etti ve dini hosgörüyü tesvik eden yasalarin çikarilmasiyla sonuçlandi. Rönesans idealleri, Jagiellonian krallari Sigismund I ve Sigismund II tarafindan Polonya sanat ve kültürünü tesvik etme dürtüsünü uyandirdi. Ve 1543 yilinda Polonyali astronom Nicolaus Copernicus tarafindan günes sisteminin günes merkezli bir modelini iddia eden çigir açan bir çalisma yayinlandi.</Text>
    </Row>
    <Row Tag="LOC_PEDIA_CIVILIZATIONS_PAGE_CIVILIZATION_POLAND_CHAPTER_HISTORY_PARA_10">
      <Text>Yaygin milliyetçilik, "demokratik" ilkeler ve yabanci niyetlerle ilgili (birkaç) endisenin tesvikiyle, Haziran 1569'da Sejm, yerel meclisler ve merkezi bir parlamento araciligiyla öncelikle soylular tarafindan yönetilen seçilmis bir hükümdara sahip birlesik bir federal devlet olan Polonya-Litvanya Toplulugu'nu kuran bir yasayi kabul etti. Jagiellonian hanedaninin sonuncusu olan çocuksuz Sigismund II yasayi kabul etti ve imzaladi. Bu durum bir istikrar ve refah dönemi baslatmis ve Bati kültürünün Ukrayna ve Bati Rusya gibi bölgelere yayilmasini saglamis olsa da, Ingiliz Milletler Toplulugu kendisini Rusya, Isveç, Osmanlilar, Kazaklar ve diger asi komsularla sürekli çatismalarin içinde buldu.</Text>
    </Row>
    <Row Tag="LOC_PEDIA_CIVILIZATIONS_PAGE_CIVILIZATION_POLAND_CHAPTER_HISTORY_PARA_11">
      <Text>Bu savaslarin bedeli -özellikle Polonya-Litvanya'nin Büyük Kuzey Savasi'na katilmasi ve ardi ardina gelen zayif seçilmis krallar- ulusu umutsuzca iç reform ihtiyaci içinde birakti. Sejm, 18. yüzyilin orta yillarinda ticari, askeri, sosyal ve egitim reformlarini hayata geçirmek için harekete geçti. Bu çabalar, 1773'te Avrupa'da devlet destekli ilk egitim sistemi olan ve tüm köylülere kendi baslarina Kutsal Yazilari okumayi ögreten Milli Egitim Komisyonu'nu da içeriyordu. Kisa bir süre sonra Polonyali köylüler daha fazla hak ve hatta belki de demokrasiyi biraz olsun tatmak için ajitasyon yapmaya basladilar.</Text>
    </Row>
    <Row Tag="LOC_PEDIA_CIVILIZATIONS_PAGE_CIVILIZATION_POLAND_CHAPTER_HISTORY_PARA_12">
      <Text>Bu zamana kadar, Incil artik en yaygin Polonya okuma materyali degildi. Önceki yüzyillarda, çesitli yüksek fikirli hükümdarlar altinda, belirgin bir Polonya kültürü gelisti ve serpildi. Polonyali yazarlar, Krasicki ve Jan Polocki'nin eserleri gibi her türden karamsar edebiyat ve siir üretti. Polonya kültürü Cermen, Slav, Latin ve Bizans kültürlerinden derinden etkilenmis olsa da, mimarisinde, sanatinda ve dansinda farkli bir karakter ortaya çikmistir. Ancak Polonyalilarin gerçekten mükemmel oldugu alan, tinisi ve tonu, temposu ve dokusuyla zorlayici olan müzikti. Daha sonra Chopin gibi dünyaca ünlü Polonyali besteciler ünlerini kismen Mielczewski, Oginski ve Szymanowska'nin büyük eserleri üzerine insa ettiler.</Text>
    </Row>
    <Row Tag="LOC_PEDIA_CIVILIZATIONS_PAGE_CIVILIZATION_POLAND_CHAPTER_HISTORY_PARA_13">
      <Text>Polonya tarim ürünleri ihracati sayesinde zenginlesti. Ingiliz Milletler Toplulugu, Avrupa'nin açik ara en büyük tahil üreticisiydi. Tarimsal ilerlemeler yayildikça, Polonya meyve, baharat, ringa baligi, kumas, kereste, bira ve sarap ihracatinda önemli bir konuma geldi. Tüm bu ürünler Vistula, Bug ve Neman nehirleri boyunca, Flandre ve Hollanda'ya gönderilmek üzere Gdansk gibi Baltik limanlarina tasiniyordu. Kara yollari Kutsal Roma Imparatorlugu'nun derinliklerine uzaniyordu. Tüm bu zenginligin kaydini tutmak için Sejm 1496'da ulusal para birimi olarak zlotiyi yaratmisti. Polonya'nin son krali Kral Stanislaw August Poniatowski, hükümdarligi sirasinda, mali reformlarin ardindan zlotiyi standartlastirdi... tam da Ingiliz Milletler Toplulugu'nun varliginin sona ermesi için gereken zamanda.</Text>
    </Row>
    <Row Tag="LOC_PEDIA_CIVILIZATIONS_PAGE_CIVILIZATION_POLAND_CHAPTER_HISTORY_PARA_14">
      <Text>Reform için yapilan tüm bu kamu harcamalarinin hazineyi (ve dolayisiyla orduya ödeme yapmanin bir yolunu) bosalttigi ve soylularin hayatlarini ve servetlerini tehlikeye atma konusunda anlasilabilir bir sekilde tereddüt ettikleri göz önüne alindiginda, Polonya'nin komsulari müdahale etmekten vazgeçmedi. 1772'de Rusya, Avusturya ve Prusya'nin ülkenin bazi bölümlerini isgal etmesiyle Birinci Bölünme gerçeklesti. Kisa süren Polonya-Rusya Savasi'nin ardindan Prusya ve Rusya, Polonya'yi ekonomik ya da askeri açidan kendi kendine yetemeyecek kadar çok topraktan mahrum birakan Ikinci Bölünme'yi gerçeklestirdi. 1795 yilinda Avusturya, Rusya ve Prusya tarafindan gerçeklestirilen Üçüncü Bölünme ile ülkenin son topraklari da bu güçlere devredildi ve bagimsiz Polonya'nin varligi sona erdi.</Text>
    </Row>
    <Row Tag="LOC_PEDIA_CIVILIZATIONS_PAGE_CIVILIZATION_POLAND_CHAPTER_HISTORY_PARA_15">
      <Text>Son bölünmenin ardindan Polonya tarih sayfalarindan kayboldu... neredeyse. Polonya Büyük Dükaligi, Napolyon tarafindan Fransiz Imparatorlugu'nun özgür bir müsteri devleti olarak yeniden diriltildi. Bonaparte'in yenilgisinin ardindan Prusya, Avusturya ve Rusya tarafindan tekrar parçalandi. Birinci Dünya Savasi'ndan sonra Polonya özgür bir ulus olarak yeniden kuruldu, ancak bu özgürlügü korumak için bebek Sovyetler Birligi'ne karsi iki yil süren bir savas vermek zorunda kaldi. 1939'a gelindiginde, eski müttefikleri Nazi Almanyasi ve Sovyet Rusya arasinda paylasildi. Bir kez daha yeniden dogdugunda ise Demir Perde'nin arkasinda komünist isgal altindaydi. Ancak 1990'larda Polonya, Rus egemenliginden kurtulmak için paslanmis perdeden yararlanan ilk ülkelerden biri oldu ve bir kez daha özgür bir ulus haline geldi. Hiç degilse Polonya halki kendi kendini yönetme arayisinda israrcidir.</Text>
    </Row>
    <Row Tag="LOC_PEDIA_LEADERS_PAGE_LEADER_JADWIGA_TITLE">
      <Text>Jadwiga</Text>
    </Row>
    <Row Tag="LOC_PEDIA_LEADERS_PAGE_LEADER_JADWIGA_SUBTITLE">
      <Text>Hedvig Rex Poloniae - ve bir Aziz</Text>
    </Row>
    <Row Tag="LOC_PEDIA_LEADERS_PAGE_LEADER_JADWIGA_QUOTE">
      <Text>Tanri'ya hizmet edenin iyi bir efendisi vardir.</Text>
    </Row>
    <Row Tag="LOC_PEDIA_LEADERS_PAGE_LEADER_JADWIGA_CHAPTER_HISTORY_PARA_1">
      <Text>14. yüzyilin sonlarinda Polonya'da, kralin üçüncü kizinin bir evlilik ittifaki yoluyla ülkesinin gelecegini güvence altina almasinin ötesinde pek bir sey yapmasi beklenmiyordu. Yine de dindar Jadwiga kisa yasaminda tüm Polonya'yi yönetecekti. Özverili ve kurnaz, farkli halklari ortak (ve anlasilabilir) bir inanç araciligiyla bir araya getirmeye çalisti.</Text>
    </Row>
    <Row Tag="LOC_PEDIA_LEADERS_PAGE_LEADER_JADWIGA_CHAPTER_HISTORY_PARA_2">
      <Text>Jadwiga 1373 yilinda Bosnali Elizabeth ile Macaristan ve Polonya Krali I. Louis'nin kizi olarak dünyaya geldi. Buda ve Visegrad'daki kraliyet konutlarinda yetisen Jadwiga iyi egitimli, bes dil bilen ve utanç verici derecede dindar biriydi. Louis'nin 1382'deki ölümü bir veraset krizine yol açtiginda, Elizabeth genç Jadwiga'yi krizi sona erdirmesi için Krakow'a gönderdi. Nezaketi nedeniyle Polonya halki tarafindan sevilen, inanci nedeniyle Katolik kilisesi tarafindan onaylanan ve sevecenligi nedeniyle kati Polonyali soylular tarafindan göz yumulan 11 yasindaki prenses Jadwiga, 1384'te kendini Büyük Polonya'nin krali olarak taçlandirilmis buldu.</Text>
    </Row>
    <Row Tag="LOC_PEDIA_LEADERS_PAGE_LEADER_JADWIGA_CHAPTER_HISTORY_PARA_3">
      <Text>Yeni Polonya krali tehlikeli zamanlarda hüküm sürecekti. Casimir'in daha zayif soyundan gelen bir avuç insan hâlâ tahtta hak iddia ediyordu. Daha da kötüsü, Polonya Cermen devletleri ve Moskovali hükümdarlarin yani sira Mogollar ve Tatarlarin olasi istilasi tehdidi altindaydi. Müttefiklerini desteklemek ve Polonya'nin gelecegini güvence altina almak için Jadwiga, Litvanya Büyük Dükü Jogaila ile evlenmeyi kabul etti - kendisinin (ve tebaasinin) paganizmden Katoliklige geçmesi sartiyla.</Text>
    </Row>
    <Row Tag="LOC_PEDIA_LEADERS_PAGE_LEADER_JADWIGA_CHAPTER_HISTORY_PARA_4">
      <Text>Böylece, 1386'da Jadwiga yeni vaftiz edilen Jogaila ile evlendi ve Wladyslaw II adini alarak yönetimini vatansever Polonyalilara sevdirdi. Wladyslaw, Litvanya'nin Kudüs'teki Alman Aziz Meryem Evi Kardesler Tarikati (daha basit bir ifadeyle Töton Sövalyeleri) tarafindan isgal edilmesinden iki gün önce aceleyle Kral jure uxoris (Latince "karisinin hakki") olarak taçlandirildi. Casimir'e kaybettikleri topraklari geri almak istediklerini iddia ediyorlardi ama aslinda herhangi bir toprak islerine yarayabilirdi.</Text>
    </Row>
    <Row Tag="LOC_PEDIA_LEADERS_PAGE_LEADER_JADWIGA_CHAPTER_HISTORY_PARA_5">
      <Text>Genç kral Litvanya'nin pagan yollarindan dönmesinde etkili oldu. Din degistirme ve Litvanyalilara yeni inançlarini ögretme konusunda "Kilise Prensleri" ile bir dizi toplanti yapti. Wladyslaw da bu konuda etkili oldu  hatta memleketinin "kutsal" korularindaki agaçlari kendi elleriyle kestigi söylenir. Jadwiga her yil yirmi Litvanyaliya Prag'daki Charles Üniversitesi'nde okumalari için burs veriyordu, böylece anavatanlarindaki inanci güçlendirmek için geri dönebileceklerdi. Ve o günah yuvasi Vilnius'ta bir piskoposluk kurdu.</Text>
    </Row>
    <Row Tag="LOC_PEDIA_LEADERS_PAGE_LEADER_JADWIGA_CHAPTER_HISTORY_PARA_6">
      <Text>Jadwiga ve Wladyslaw sasirtici derecede etkili bir ortak hükümdar ekibi olusturdular. Jadwiga'nin Töton Sövalyelerinin Üstadiyla görüsmek için yaptigi diplomatik görev sirasinda, dindarliginin, tarikatinin açgözlülügü ve kana susamisligi nedeniyle onu utandirdigi ve geçici olarak yagmalarini durdurduklari söylenir. Ayrica Wladyslaw'i Litvanya tahtini ele geçirmek isteyen kuzeni Witold ile baristirdi. MS 1387'de Jadwiga, Ruthenia'da Macaristan tarafindan talep edilen topraklari geri almak için iki askeri sefere öncülük etti. Cok fazla çatisma yasanmamasina ragmen, Jadwiga'nin çabalari eyaletin Polonya'ya geri dönmesi ve Bogdanli I. Petru'nun Polonya hükümdarlarina saygi göstermesiyle sonuçlandi.</Text>
    </Row>
    <Row Tag="LOC_PEDIA_LEADERS_PAGE_LEADER_JADWIGA_CHAPTER_HISTORY_PARA_7">
      <Text>Tebaasinin çogundan biraz daha kibar olan Jadwiga, onlari daha ince seyler konusunda aydinlatmaya da çalisti. Jadwiga birçok Polonyali sanatçi ve yazarin hamisiydi. Polonya kültürüne yaptigi en önemli katkilardan biri Krakow Akademisi'nin restorasyonuydu. Kisisel mücevherlerinin çogunu astronomi, hukuk ve ilahiyat ögrencilerinin kaydoldugu okulu finanse etmek için bagisladi. Jadwiga ayrica daha genis bir inanç anlayisini savunmus ve Incil'in Latince'den Lehçe'ye çevrilmesini saglamistir.</Text>
    </Row>
    <Row Tag="LOC_PEDIA_LEADERS_PAGE_LEADER_JADWIGA_CHAPTER_HISTORY_PARA_8">
      <Text>Jadwiga'nin hükümdarligi erken sona erdi. 1399'da ilk çocugu olan kizini dogurdu ancak bir ay içinde hem anne hem de çocuk dogumdan kaynaklanan komplikasyonlar nedeniyle öldü. Jadwiga sadece 25 yil yasamis olmasina ragmen, hayatinin yarisindan fazlasini kral olarak geçirmisti. Litvanya ile baglarini saglamlastirarak her iki ulusun da gelecegini güvence altina aldi. Es hükümdari Wladyslaw, Polonya ve Litvanya'yi 35 yil daha yönetmeyi basardi.</Text>
    </Row>
    <Row Tag="LOC_PEDIA_LEADERS_PAGE_LEADER_JADWIGA_CHAPTER_CAPSULE_BODY">
      <Text>Jadwiga'nin Polonya'si hem askeri hem de dini alanlarda güçlü olan esnek bir güçtür. Sehirlerine çok yaklasmayin çünkü Kale veya Kamp Kültür Bombasi araciligiyla sizden sinir taslari çalabilir.</Text>
    </Row>
    <Row Tag="LOC_PEDIA_LEADERS_PAGE_LEADER_JADWIGA_CHAPTER_DETAILED_BODY">
      <Text>Polonya, baska amaçlar için yeniden kullanilabilecek güçlü askeri yeteneklere sahip çok yönlü bir medeniyettir.  Askeri Politika slotlarindan biri Joker Kart slotuna dönüstürülerek diger medeniyetlerden daha önce bir Büyük Peygamberi ise almalarina ve bir Din kurmalarina olanak tanir. Buna ek olarak, Kale ve Kamplar olusturarak Kültür Bombasi yetenekleri sayesinde ücretsiz karolar kazanabilirler.  Jadwiga yönetimdeyken, Jadwiga'ya tas kaybeden sehirler de onun Dinine geçer. Dolayisiyla, Jadwiga askeri olarak oynadiginda, belki de Askeri yuvalari olan hükümetleri seçtiginde ve sinirlarini güçlendirdiginde bile, Polonya dini ve ekonomik cephelerde hala çok güçlü olmalidir.</Text>
    </Row>
    <Row Tag="LOC_PEDIA_LEADERS_PAGE_LEADER_JADWIGA_CHAPTER_HISTORY_PARA_9">
      <Text>Jadwiga, Wawel Katedrali'ndeki lahdinde daha yeni yatiyordu ki, tebaasi onun kutsalligina saygi göstermeye basladi. Jadwiga'nin kutsalligina dair hikayeler ve ona atfedilen mucizeler tüm ülkeye yayildi. Birinde, dua ederken siyah bir haç üzerindeki Isa figürü onunla konusmustur. Bir digerinde, fakir bir tas ustasina bir parça mücevher verdi  gittiginde, sertlesmis alçi zeminde ayak izi kaldi. Bir digerinde ise, Jadwiga yakinlardaki Corpus Christi alayinin bir parçasiyken bir bakircinin oglu bogulmustur  Jadwiga'nin mantosunu çocugun üzerine atarak onu hayata döndürdügü söylenir. Bildirilen bu üç mucize, Katolik Kilisesi'nin 1997 yilinda onu azize ilan etmesi için yeterli olmustur.</Text>
    </Row>
    <Row Tag="LOC_PEDIA_UNITS_PAGE_UNIT_POLISH_HUSSAR_CHAPTER_HISTORY_PARA_1">
      <Text>1570'lerin sonlarinda Polonya'da yapilan askeri reformlar, sonraki iki yüzyil boyunca elit statülerinin tadini çikaracak olan korkutucu bir agir süvari gücü olan kanatli süvarileri dogurdu. Transilvanya prensi Stephen Bathory (ayni zamanda Litvanya Büyük Dükü, Polonya'nin esinin hakki ile krali ve giderek daha etkileyici unvanlarin koleksiyoncusu) yabanci parali askerlerden olusan süvariler yerine kanatli süvarilerin saflarini Polonyali soylular ve onlarin maiyetleri ile doldurdu. Ünlü "kanatlar", tüyler ilistirilmis ahsap çerçevelerdi ve onlari açikça ayirt etmek için bir binicinin sirtinda tasiniyordu. Kanatlarin kendine özgü sesinin düsman atlarini ürküttügü ve düsman askerlerinin moralini "seytani bir tislama" ile bozdugu söylenirdi - muhtemelen törensel bir aksesuari romantiklestiren sonraki yüzyillarin romancilari tarafindan. Kanatli süvarilerin savas alanina getirdikleri mizraklar, kiliçlar ve tabancalarin düsman atlarini ürküttügü ve düsman askerlerinin moralini bozdugu süphesiz daha az tartismali bir konudur.</Text>
    </Row>
    <Row Tag="LOC_CIVINFO_POLAND_LOCATION">
      <Text>Avrupa</Text>
    </Row>
    <Row Tag="LOC_CIVINFO_POLAND_SIZE">
      <Text>Tahmini 120 bin mil kare (312,6 bin km kare)</Text>
    </Row>
    <Row Tag="LOC_CIVINFO_POLAND_POPULATION">
      <Text>38,5 milyon (2016 tahmini)</Text>
    </Row>
    <Row Tag="LOC_CIVINFO_POLAND_CAPITAL">
      <Text>Cesitli (Plock, Poznan, Krakow, Varsova)</Text>
    </Row>
    <!--Poland-->
    <Row Tag="LOC_CITY_NAME_KRAKOW">
      <Text>Kraków</Text>
    </Row>
    <Row Tag="LOC_CITY_NAME_WARSAW">
      <Text>Varsova</Text>
    </Row>
    <Row Tag="LOC_CITY_NAME_WROCLAW">
      <Text>Wroclaw</Text>
    </Row>
    <Row Tag="LOC_CITY_NAME_POZNAN">
      <Text>Poznan</Text>
    </Row>
    <Row Tag="LOC_CITY_NAME_GDANSK">
      <Text>Gdansk</Text>
    </Row>
    <Row Tag="LOC_CITY_NAME_BYDGOSZCZ">
      <Text>Bydgoszcz</Text>
    </Row>
    <Row Tag="LOC_CITY_NAME_LUBLIN">
      <Text>Lublin</Text>
    </Row>
    <Row Tag="LOC_CITY_NAME_RADOM">
      <Text>Radom</Text>
    </Row>
    <Row Tag="LOC_CITY_NAME_LODZ">
      <Text>Lódz</Text>
    </Row>
    <Row Tag="LOC_CITY_NAME_GNIEZNO">
      <Text>Gniezno</Text>
    </Row>
    <Row Tag="LOC_CITY_NAME_PLOCK">
      <Text>Plock</Text>
    </Row>
    <Row Tag="LOC_CITY_NAME_TARNOW">
      <Text>Tarnów</Text>
    </Row>
    <Row Tag="LOC_CITY_NAME_KALISZ">
      <Text>Kalisz</Text>
    </Row>
    <Row Tag="LOC_CITY_NAME_LEGNICA">
      <Text>Legnica</Text>
    </Row>
    <Row Tag="LOC_CITY_NAME_SZCZECIN">
      <Text>Szczecin</Text>
    </Row>
    <Row Tag="LOC_CITY_NAME_SACZ">
      <Text>Sacz</Text>
    </Row>
    <Row Tag="LOC_CITY_NAME_PIOTRKOW_TRYBUNALSKI">
      <Text>Piotrków Trybunalski</Text>
    </Row>
    <Row Tag="LOC_CITY_NAME_KATOWICE">
      <Text>Katowice</Text>
    </Row>
    <Row Tag="LOC_CITY_NAME_INOWROCLAW">
      <Text>Inowroclaw</Text>
    </Row>
    <Row Tag="LOC_CITY_NAME_GLOGOW">
      <Text>Glogów</Text>
    </Row>
    <Row Tag="LOC_CITY_NAME_CZESTOCHOWA">
      <Text>Czestochowa</Text>
    </Row>
    <Row Tag="LOC_CITY_NAME_ZAMOSC">
      <Text>Zamosc</Text>
    </Row>
    <Row Tag="LOC_CITY_NAME_RACIBORZ">
      <Text>Racibórz</Text>
    </Row>
    <Row Tag="LOC_CITY_NAME_SWIDNICA">
      <Text>Swidnica</Text>
    </Row>
    <Row Tag="LOC_CITY_NAME_RADOMSKO">
      <Text>Radomsko</Text>
    </Row>
    <Row Tag="LOC_CITY_NAME_KONIN">
      <Text>Konin</Text>
    </Row>
    <Row Tag="LOC_CITY_NAME_SLUPSK">
      <Text>Slupsk</Text>
    </Row>
    <Row Tag="LOC_CITY_NAME_WALBRZYCH">
      <Text>Walbrzych</Text>
    </Row>
    <Row Tag="LOC_CITY_NAME_STALOWA_WOLA">
      <Text>Stalowa Wola</Text>
    </Row>
    <Row Tag="LOC_CITY_NAME_LWOW">
      <Text>Lwów</Text>
    </Row>
    <Row Tag="LOC_CITIZEN_POLAND_MALE_1">
      <Text>Alojzy</Text>
    </Row>
    <Row Tag="LOC_CITIZEN_POLAND_MALE_2">
      <Text>Blazej</Text>
    </Row>
    <Row Tag="LOC_CITIZEN_POLAND_MALE_3">
      <Text>Czeslaw</Text>
    </Row>
    <Row Tag="LOC_CITIZEN_POLAND_MALE_4">
      <Text>Dobrogost</Text>
    </Row>
    <Row Tag="LOC_CITIZEN_POLAND_MALE_5">
      <Text>Grzegorz</Text>
    </Row>
    <Row Tag="LOC_CITIZEN_POLAND_MALE_6">
      <Text>Janusz</Text>
    </Row>
    <Row Tag="LOC_CITIZEN_POLAND_MALE_7">
      <Text>Jaroslaw</Text>
    </Row>
    <Row Tag="LOC_CITIZEN_POLAND_MALE_8">
      <Text>Lech</Text>
    </Row>
    <Row Tag="LOC_CITIZEN_POLAND_MALE_9">
      <Text>Slawomir</Text>
    </Row>
    <Row Tag="LOC_CITIZEN_POLAND_MALE_10">
      <Text>Zbigniew</Text>
    </Row>
    <Row Tag="LOC_CITIZEN_POLAND_FEMALE_1">
      <Text>Adelajda</Text>
    </Row>
    <Row Tag="LOC_CITIZEN_POLAND_FEMALE_2">
      <Text>Aldona</Text>
    </Row>
    <Row Tag="LOC_CITIZEN_POLAND_FEMALE_3">
      <Text>Berta</Text>
    </Row>
    <Row Tag="LOC_CITIZEN_POLAND_FEMALE_4">
      <Text>Franciszka</Text>
    </Row>
    <Row Tag="LOC_CITIZEN_POLAND_FEMALE_5">
      <Text>Jagoda</Text>
    </Row>
    <Row Tag="LOC_CITIZEN_POLAND_FEMALE_6">
      <Text>Katarzyna</Text>
    </Row>
    <Row Tag="LOC_CITIZEN_POLAND_FEMALE_7">
      <Text>Milena</Text>
    </Row>
    <Row Tag="LOC_CITIZEN_POLAND_FEMALE_8">
      <Text>Patka</Text>
    </Row>
    <Row Tag="LOC_CITIZEN_POLAND_FEMALE_9">
      <Text>Radomila</Text>
    </Row>
    <Row Tag="LOC_CITIZEN_POLAND_FEMALE_10">
      <Text>Waleria</Text>
    </Row>
    <Row Tag="LOC_CITIZEN_POLAND_MODERN_MALE_1">
      <Text>Bartosz</Text>
    </Row>
    <Row Tag="LOC_CITIZEN_POLAND_MODERN_MALE_2">
      <Text>Cyryl</Text>
    </Row>
    <Row Tag="LOC_CITIZEN_POLAND_MODERN_MALE_3">
      <Text>Feodor</Text>
    </Row>
    <Row Tag="LOC_CITIZEN_POLAND_MODERN_MALE_4">
      <Text>Flawiusz</Text>
    </Row>
    <Row Tag="LOC_CITIZEN_POLAND_MODERN_MALE_5">
      <Text>Janiusz</Text>
    </Row>
    <Row Tag="LOC_CITIZEN_POLAND_MODERN_MALE_6">
      <Text>Kacper</Text>
    </Row>
    <Row Tag="LOC_CITIZEN_POLAND_MODERN_MALE_7">
      <Text>Maclej</Text>
    </Row>
    <Row Tag="LOC_CITIZEN_POLAND_MODERN_MALE_8">
      <Text>Syzmon</Text>
    </Row>
    <Row Tag="LOC_CITIZEN_POLAND_MODERN_MALE_9">
      <Text>Tadeusz</Text>
    </Row>
    <Row Tag="LOC_CITIZEN_POLAND_MODERN_MALE_10">
      <Text>Wilus</Text>
    </Row>
    <Row Tag="LOC_CITIZEN_POLAND_MODERN_FEMALE_1">
      <Text>Angelika</Text>
    </Row>
    <Row Tag="LOC_CITIZEN_POLAND_MODERN_FEMALE_2">
      <Text>Brygida</Text>
    </Row>
    <Row Tag="LOC_CITIZEN_POLAND_MODERN_FEMALE_3">
      <Text>Danika</Text>
    </Row>
    <Row Tag="LOC_CITIZEN_POLAND_MODERN_FEMALE_4">
      <Text>Ewa</Text>
    </Row>
    <Row Tag="LOC_CITIZEN_POLAND_MODERN_FEMALE_5">
      <Text>Kaja</Text>
    </Row>
    <Row Tag="LOC_CITIZEN_POLAND_MODERN_FEMALE_6">
      <Text>Lucja</Text>
    </Row>
    <Row Tag="LOC_CITIZEN_POLAND_MODERN_FEMALE_7">
      <Text>Magdalena</Text>
    </Row>
    <Row Tag="LOC_CITIZEN_POLAND_MODERN_FEMALE_8">
      <Text>Pola</Text>
    </Row>
    <Row Tag="LOC_CITIZEN_POLAND_MODERN_FEMALE_9">
      <Text>Wiktoria</Text>
    </Row>
    <Row Tag="LOC_CITIZEN_POLAND_MODERN_FEMALE_10">
      <Text>Zofia</Text>
    </Row>
    <Row Tag="LOC_LOADING_INFO_LEADER_JADWIGA">
      <Text>Dindar Jadwiga, Tanri'nin, dünyanin ve Polonya'nin yüceligine övgüler olsun! En kutsal Kral, halkina gerçegi ve isigi göstereceksin ve onlar da bunu baskalarina yaymak için harekete geçecekler. Büyük kanatli savasçilar tarafindan korundugunuzda, karsilastiginiz her türlü zorlugun üstesinden baska hiçbir seyle kiyaslanamayacak dindar bir zarafetle geleceksiniz.</Text>
    </Row>
    <Row Tag="LOC_DIPLO_ACCEPT_DECLARE_FRIEND_FROM_HUMAN_LEADER_JADWIGA_ANY">
      <Text>Elbette dostlugunuzu kabul edecegiz. Siz bu dünyada iyiligin parlayan bir örnegisiniz.</Text>
    </Row>
    <Row Tag="LOC_DIPLO_REJECT_DECLARE_FRIEND_FROM_HUMAN_LEADER_JADWIGA_ANY">
      <Text>Arkadaslik teklifinizi alçakgönüllülükle reddediyorum. Su anda Tanri'nin istegi bu degil.</Text>
    </Row>
    <Row Tag="LOC_DIPLO_DECLARE_FRIEND_FROM_AI_LEADER_JADWIGA_ANY">
      <Text>Ulusunuz bizim için bir kardes gibidir. Dostlugumuzu resmen ilan edelim.</Text>
    </Row>
    <Row Tag="LOC_DIPLO_ACCEPT_DECLARE_FRIEND_FROM_AI_LEADER_JADWIGA_ANY">
      <Text>Cok iyi.</Text>
    </Row>
    <Row Tag="LOC_DIPLO_REJECT_DECLARE_FRIEND_FROM_AI_LEADER_JADWIGA_ANY">
      <Text>Bu hakareti görmezden gelecegim.</Text>
    </Row>
    <Row Tag="LOC_DIPLO_DECLARE_WAR_FROM_HUMAN_LEADER_JADWIGA_ANY">
      <Text>Böylece gerçek doganizi ortaya koyarsiniz: otlarin arasinda yatan bir yilan... kolayca ezilir.</Text>
    </Row>
    <Row Tag="LOC_DIPLO_DECLARE_WAR_FROM_AI_LEADER_JADWIGA_ANY">
      <Text>Polonya'nin çikarlarini korumaliyim. Cabuk teslim olun ki bu is kan dökülmeden bitsin.</Text>
    </Row>
    <Row Tag="LOC_DIPLO_ACCEPT_DELEGATION_FROM_HUMAN_LEADER_JADWIGA_ANY">
      <Text>Ticaret heyetinizi ve hediyelerinizi aldik. Onlara onur konugu olarak muamele edilecektir.</Text>
    </Row>
    <Row Tag="LOC_DIPLO_REJECT_DELEGATION_FROM_HUMAN_LEADER_JADWIGA_ANY">
      <Text>Heyetinizi kibarca reddediyoruz.</Text>
    </Row>
    <Row Tag="LOC_DIPLO_DELEGATION_FROM_AI_LEADER_JADWIGA_ANY">
      <Text>Size pisanki hediyeleriyle birlikte bir ticaret heyeti gönderdim. Kutsanmislardir ve artik pagan geleneginin bir parçasi degildirler.</Text>
    </Row>
    <Row Tag="LOC_DIPLO_DENOUNCE_FROM_HUMAN_LEADER_JADWIGA_ANY">
      <Text>Ben Tanri'nin saf ve alçakgönüllü bir hizmetkariyim. Vicdanim temizdir. Saklayacak hiçbir seyim yok.</Text>
    </Row>
    <Row Tag="LOC_DIPLO_DENOUNCE_FROM_AI_LEADER_JADWIGA_ANY">
      <Text>Kötülük uzun süre gizli kalamaz. Tanri onu her zaman gün isigina çikaracaktir. (Sizi kiniyor).</Text>
    </Row>
    <Row Tag="LOC_DIPLO_FIRST_MEET_LEADER_JADWIGA_ANY">
      <Text>Tanri tarafindan kutsanmis bir bulusma, eminim. Ben Büyük Polonya Krali Jadwiga. Evet, bir kral.</Text>
    </Row>
    <Row Tag="LOC_DIPLO_FIRST_MEET_VISIT_RECIPIENT_LEADER_JADWIGA_ANY">
      <Text>Sizi naçizane onur konugumuz olmaya ve yakinimizdaki sehrimizde bize katilmaya davet ediyorum. Eglenebilecegimiz senlikli bir halk dansi var.</Text>
    </Row>
    <Row Tag="LOC_DIPLO_FIRST_MEET_NEAR_INITIATOR_POSITIVE_LEADER_JADWIGA_ANY">
      <Text>Evet, teklifinizi kabul ediyorum.</Text>
    </Row>
    <Row Tag="LOC_DIPLO_FIRST_MEET_NO_MANS_INFO_EXCHANGE_LEADER_JADWIGA_ANY">
      <Text>Bana baskentinizden bahsedin. Elbette, dilerseniz size Polonya'ninkini de anlatmaktan mutluluk duyarim.</Text>
    </Row>
    <Row Tag="LOC_DIPLO_GREETING_LEADER_JADWIGA_ANY">
      <Text>Memnun oldum.</Text>
    </Row>
    <Row Tag="LOC_DIPLO_KUDO_EXIT_LEADER_JADWIGA_ANY">
      <Text>Tanri'nin bilgeligini buldugunuzu ve bunu dünyayla paylastiginizi görüyorum. Güzel.</Text>
    </Row>
    <Row Tag="LOC_DIPLO_KUDO_LEADER_JADWIGA_REASON_ANY">
      <Text>(Güçlü [ICON_Faith] Inanç çiktiniz var)</Text>
    </Row>
    <Row Tag="LOC_DIPLO_WARNING_EXIT_LEADER_JADWIGA_ANY">
      <Text>Her gün ruhunuz için dua ediyorum, Tanri'nin bilgeligini bulmaniz için.</Text>
    </Row>
    <Row Tag="LOC_DIPLO_WARNING_LEADER_JADWIGA_REASON_ANY">
      <Text>(Zayif Inanç çikisiniz var.)</Text>
    </Row>
    <Row Tag="LOC_DIPLO_MAKE_ALLIANCE_FROM_AI_LEADER_JADWIGA_ANY">
      <Text>Bir ittifak kurmak ister misiniz?</Text>
    </Row>
    <Row Tag="LOC_DIPLO_MAKE_PEACE_AI_ACCEPT_DEAL_LEADER_JADWIGA_ANY">
      <Text>Ben bu savasi hiç istemedim. Ben sadece aramizda baris istiyorum.</Text>
    </Row>
    <Row Tag="LOC_DIPLO_MAKE_PEACE_AI_REFUSE_DEAL_LEADER_JADWIGA_ANY">
      <Text>Kesinlikle olmaz.</Text>
    </Row>
    <Row Tag="LOC_DIPLO_MAKE_PEACE_FROM_AI_LEADER_JADWIGA_ANY">
      <Text>Tanri'nin istegini gördüm ve bu kan dökülmesine son vermek. Ne diyorsunuz?</Text>
    </Row>
    <Row Tag="LOC_DIPLO_ACCEPT_OPEN_BORDERS_FROM_HUMAN_LEADER_JADWIGA_ANY">
      <Text>Halkinizi Polonya'ya bekliyoruz. Güzel ülkemizdeki seyahatlerinizin tadini çikarin.</Text>
    </Row>
    <Row Tag="LOC_DIPLO_REJECT_OPEN_BORDERS_FROM_HUMAN_LEADER_JADWIGA_ANY">
      <Text>Bu sinirlar kutsaldir ve Tanri tarafindan korunur. Buna izin veremem.</Text>
    </Row>
    <Row Tag="LOC_DIPLO_OPEN_BORDERS_FROM_AI_LEADER_JADWIGA_ANY">
      <Text>Halkimin ülkenizden geçmesi gerekiyor. Eger geçmelerine izin verirseniz, yasalariniza itaat edeceklerdir.</Text>
    </Row>
    <Row Tag="LOC_DIPLO_WARNING_TOO_MANY_TROOPS_NEAR_ME_LEADER_JADWIGA_ANY">
      <Text>Ordulariniz fark edilmedi degil. Lütfen onlari huzurumuzdan uzaklastirin.</Text>
    </Row>
    <Row Tag="LOC_DIPLO_DEFEAT_FROM_AI_LEADER_JADWIGA_ANY">
      <Text>Hayir, Tanri'nin hizmetinden ayrilmaya hazir degilim. Onun iyi isine daha yeni basliyorum!</Text>
    </Row>
    <Row Tag="LOC_DIPLO_REJECT_MAKE_DEAL_FROM_AI_LEADER_JADWIGA_ANY">
      <Text>Bu rahatsiz edici.</Text>
    </Row>
    <Row Tag="LOC_DIPLO_ACCEPT_MAKE_DEAL_FROM_AI_LEADER_JADWIGA_ANY">
      <Text>Cok tesekkür ederim.</Text>
    </Row>
    <Row Tag="LOC_DIPLO_MODIFIER_SAINT_HIGH_FAITH">
      <Text>Jadwiga çok sayida Inanç kazanmanizdan memnun</Text>
    </Row>
    <Row Tag="LOC_DIPLO_MODIFIER_SAINT_LOW_FAITH">
      <Text>Jadwiga fazla kazanamadigin için hayal kirikligina ugradi Inanç</Text>
    </Row>
    <Row Tag="LOC_ABILITY_PUSHBACK_DESCRIPTION">
      <Text>Savunan düsman birimlerini, daha fazla hasar verdikleri herhangi bir savasta bulunduklari hex'ten geri iter.</Text>
    </Row>
  </BaseGameText>
</GameData>