﻿<?xml version="1.0" encoding="utf-8"?>
<GameData>
  <EnglishText>
    <Row Tag="LOC_CIVILIZATION_AYUTTHAYA_NAME">
      <Text>Ayutthaya</Text>
    </Row>
    <Row Tag="LOC_CIVILIZATION_AYUTTHAYA_DESCRIPTION">
      <Text>Ayutthaya şehir devleti</Text>
    </Row>
    <Row Tag="LOC_CIVILIZATION_AYUTTHAYA_ADJECTIVE">
      <Text>Ayutthaya</Text>
    </Row>
    <Row Tag="LOC_LEADER_TRAIT_AYUTTHAYA_NAME">
      <Text>Ayutthaya Suzerain Bonus</Text>
    </Row>
    <Row Tag="LOC_LEADER_TRAIT_AYUTTHAYA_DESCRIPTION">
      <Text>Kazanç [ICON_CULTURE] Binaları bitirirken inşaat maliyetinin %10'una eşit kültür.</Text>
    </Row>
    <Row Tag="LOC_CIVILIZATION_CHINGUETTI_NAME">
      <Text>Chinguetti</Text>
    </Row>
    <Row Tag="LOC_CIVILIZATION_CHINGUETTI_DESCRIPTION">
      <Text>Chinguetti şehir devleti</Text>
    </Row>
    <Row Tag="LOC_CIVILIZATION_CHINGUETTI_ADJECTIVE">
      <Text>Chinguetti</Text>
    </Row>
    <Row Tag="LOC_LEADER_TRAIT_CHINGUETTI_NAME">
      <Text>Chinguetti Suzerain Bonus</Text>
    </Row>
    <Row Tag="LOC_LEADER_TRAIT_CHINGUETTI_DESCRIPTION">
      <Text>Uluslararası ve yerel [ICON_TradeRoute] Ticaret Yolları, bu şehirdeki yerleşik veya çoğunluk dininizin her bir takipçisi için +1 [ICON_FAITH] İnanç alır.</Text>
    </Row>
    <Row Tag="LOC_CIVILIZATION_JOHANNESBURG_NAME">
      <Text>Johannesburg</Text>
    </Row>
    <Row Tag="LOC_CIVILIZATION_JOHANNESBURG_DESCRIPTION">
      <Text>Johannesburg şehir devleti</Text>
    </Row>
    <Row Tag="LOC_CIVILIZATION_JOHANNESBURG_ADJECTIVE">
      <Text>Johannesburg</Text>
    </Row>
    <Row Tag="LOC_LEADER_TRAIT_JOHANNESBURG_NAME">
      <Text>Johannesburg Suzerain Bonus</Text>
    </Row>
    <Row Tag="LOC_LEADER_TRAIT_JOHANNESBURG_DESCRIPTION">
      <Text>Şehirler her gelişmiş kaynak türü için +1 [ICON_Production] Üretim alır. Sanayileşmeyi araştırdıktan sonra bu +2 [ICON_PRODUCTION] Üretim olur.</Text>
    </Row>
    <Row Tag="LOC_CIVILIZATION_NALANDA_NAME">
      <Text>Nalanda</Text>
    </Row>
    <Row Tag="LOC_CIVILIZATION_NALANDA_DESCRIPTION">
      <Text>Nalanda şehir devleti</Text>
    </Row>
    <Row Tag="LOC_CIVILIZATION_NALANDA_ADJECTIVE">
      <Text>Nalanda</Text>
    </Row>
    <Row Tag="LOC_LEADER_TRAIT_NALANDA_NAME">
      <Text>Nalanda Suzerain Bonus</Text>
    </Row>
    <Row Tag="LOC_LEADER_TRAIT_NALANDA_DESCRIPTION">
      <Text>İnşaatçılarınız artık Mahavihara iyileştirmeleri yapabilir.[NEWLINE][NEWLINE]+2 [ICON_SCIENCE] Bilim ve +1 [Icon_Housing] Konut. Bitişik her Kutsal Alan bölgesi için +1 [ICON_Faith] İnanç ve bitişik her Kampüs bölgesi için +1 [ICON_Science] Bilim. Bilimsel Teoriyi araştırdıktan sonra, bitişik her Kampüs için ek +1 [Icon_Science] Bilim alırsınız. Bir oyuncu ilk Mahavihara'sını inşa ettiğinde rastgele bir teknoloji alır. Başka bir Mahavihara'ya bitişik olmayan düz bir arazide inşa edilmelidir.</Text>
    </Row>
    <Row Tag="LOC_CIVILIZATION_SAMARKAND_NAME">
      <Text>Semerkant</Text>
    </Row>
    <Row Tag="LOC_CIVILIZATION_SAMARKAND_DESCRIPTION">
      <Text>Semerkant şehir devleti</Text>
    </Row>
    <Row Tag="LOC_CIVILIZATION_SAMARKAND_ADJECTIVE">
      <Text>Semerkant</Text>
    </Row>
    <Row Tag="LOC_LEADER_TRAIT_SAMARKAND_NAME">
      <Text>Semerkand Süzerain Bonus</Text>
    </Row>
    <Row Tag="LOC_LEADER_TRAIT_SAMARKAND_DESCRIPTION">
      <Text>İnşaatçılarınız artık Ticaret Kubbesi iyileştirmeleri yapabilir. [NEWLINE][NEWLINE]+2 [ICON_GOLD] Altın. Her bitişik Lüks kaynak için +1 [ICON_Gold] Altın. Giden uluslararası [ICON_TradeRoute] Ticaret Yollarınız, başlangıçtaki Ticaret Kubbesi başına +1 [ICON_GOLD] Altın verir. Başka bir Ticaret Kubbesinin yanına inşa edilemez.</Text>
    </Row>
    <Row Tag="LOC_CIVILIZATION_WOLIN_NAME">
      <Text>Wolin</Text>
    </Row>
    <Row Tag="LOC_CIVILIZATION_WOLIN_DESCRIPTION">
      <Text>Wolin şehir devleti</Text>
    </Row>
    <Row Tag="LOC_CIVILIZATION_WOLIN_ADJECTIVE">
      <Text>Wolin</Text>
    </Row>
    <Row Tag="LOC_LEADER_TRAIT_WOLIN_NAME">
      <Text>Wolin Suzerain Bonus</Text>
    </Row>
    <Row Tag="LOC_LEADER_TRAIT_WOLIN_DESCRIPTION">
      <Text>Bir kara birimi büyük veya küçük bir uygarlığın birimini yendiğinde [ICON_GreatGeneral] Büyük General puanı ve bir deniz birimi büyük veya küçük bir uygarlığın birimini yendiğinde [ICON_GreatAdmiral] karşı birimin gücünün %25'ine eşit Büyük Amiral puanı alır (Standart Hız).</Text>
    </Row>
    <Row Tag="LOC_ABILITY_WOLIN_LAND_UNITS_NAME">
      <Text>Harika Genel Noktalar</Text>
    </Row>
    <Row Tag="LOC_ABILITY_WOLIN_LAND_UNITS_DESCRIPTION">
      <Text>Bir kara birimi büyük veya küçük bir uygarlığın birimini karşı birimin gücünün %25'i kadar yendiğinde [ICON_GreatGeneral] Büyük General puanı kazanın (Standart Hız). (Wolin Şehir Devleti)</Text>
    </Row>
    <Row Tag="LOC_ABILITY_WOLIN_NAVAL_UNITS_NAME">
      <Text>Harika Amiral Noktaları</Text>
    </Row>
    <Row Tag="LOC_ABILITY_WOLIN_NAVAL_UNITS_DESCRIPTION">
      <Text>Bir deniz birimi büyük veya küçük bir uygarlığın birimini karşı birimin gücünün %25'ine eşit miktarda yendiğinde [ICON_GreatAdmiral] Büyük Amiral puanı kazanın (Standart Hız). (Wolin Şehir Devleti)</Text>
    </Row>
    <Row Tag="LOC_LOADING_INFO_LEADER_HAMMURABI">
      <Text>Yüce Hammurabi, senin sözün senin yasandır.  Kurallarınıza göre yaşıyor ve yönetiyorsunuz ve imparatorluğunuzun da bunu yapmasını sağlayacaksınız.  Dünyayı ittifaklar, olasılıklar ve risklerden oluşan karmaşık bir ağ olarak görüyorsun.  Mezopotamya'yı birleştirmek için imparatorluğunu kurarken olasılıkları dikkatlice tart.</Text>
    </Row>
  </EnglishText>
</GameData>