﻿<?xml version="1.0" encoding="utf-8"?>
<!-- edited with XMLSPY v2004 rel. 2 U (http://www.xmlspy.com) by Ed Beach (Firaxis Games) -->
<GameData>
  <EnglishText>
    <!--UI-->
    <Row Tag="LOC_HEROES_LOYALTY_FLYOVER_POS">
      <Text>[COLOR:Happiness]+{1_Num} Sadakat [ENDCOLOR]</Text>
    </Row>
    <Row Tag="LOC_HEROES_LOYALTY_FLYOVER">
      <Text>[COLOR:Happiness]{1_Num} Sadakat [ENDCOLOR]</Text>
    </Row>
    <Row Tag="LOC_MOMENT_HERO_CREATED_FIRST_TITLE">
      <Text>İlk Kahraman Sahiplenildi</Text>
    </Row>
    <Row Tag="LOC_MOMENT_HERO_CREATED_FIRST_DESCRIPTION">
      <Text>Uygarlığımıza ilk kez bir kahraman katıldı!</Text>
    </Row>
    <Row Tag="LOC_MOMENT_HERO_CREATED_FIRST_INSTANCE_DESCRIPTION">
      <Text>{HeroClassName: plural 1?A hero walks; other?Heroes walk;} aramızda! {LOC_GRAMMAR_CIVNAME &lt;&lt; {ActingPlayerCivName}} halkının bağlılığı, onların ilk {HeroClassName: plural 1?hero; other?heroes;}'i olan {HeroClassName}'u davalarına katılmaya zorladı.</Text>
    </Row>
    <Row Tag="LOC_MOMENT_HERO_EXPIRED_FIRST_TITLE">
      <Text>İlk Kahraman Gitti</Text>
    </Row>
    <Row Tag="LOC_MOMENT_HERO_EXPIRED_FIRST_DESCRIPTION">
      <Text>İlk kahramanımız uygarlığımıza hizmetini tamamladı.</Text>
    </Row>
    <Row Tag="LOC_MOMENT_HERO_EXPIRED_FIRST_INSTANCE_DESCRIPTION">
      <Text>{HeroClassName}'ün {LOC_GRAMMAR_CIVNAME &lt;&lt; {ActingPlayerCivName}} halkı arasında yürüdüğü zaman sona erdi. İnançla, bir gün onları tekrar göreceğiz.</Text>
    </Row>
    <Row Tag="LOC_MOMENT_HERO_RECALLED_FIRST_TITLE">
      <Text>İlk Kahraman Geri Çağrıldı</Text>
    </Row>
    <Row Tag="LOC_MOMENT_HERO_RECALLED_FIRST_DESCRIPTION">
      <Text>Uygarlığımıza ilk kez bir kahramanı geri çağırdık!</Text>
    </Row>
    <Row Tag="LOC_MOMENT_HERO_RECALLED_FIRST_INSTANCE_DESCRIPTION">
      <Text>Çağlar ötesinden gelen efsanevi {HeroClassName: plural 1?hero; other?heroes;} {HeroClassName} {HeroClassName: plural 1?has; other?have;}, {LOC_GRAMMAR_CIVNAME &lt;&lt; {ActingPlayerCivName}} halkının çığlıklarını duydu ve bir kez daha onların hizmetine geri döndü.</Text>
    </Row>
    <Row Tag="LOC_MOMENT_HERO_CREATED_TITLE">
      <Text>Kahraman Sahiplenildi</Text>
    </Row>
    <Row Tag="LOC_MOMENT_HERO_CREATED_DESCRIPTION">
      <Text>Medeniyetimize bir kahraman katıldı!</Text>
    </Row>
    <Row Tag="LOC_MOMENT_HERO_CREATED_INSTANCE_DESCRIPTION">
      <Text>{LOC_GRAMMAR_CIVNAME &lt;&lt; {ActingPlayerCivName}} halkının bağlılığı {HeroClassName: plural 1?legendary; other?legendaries;} {HeroClassName}'yi davalarına çekmiştir.</Text>
    </Row>
    <Row Tag="LOC_MOMENT_HERO_EXPIRED_TITLE">
      <Text>Kahraman Gitti</Text>
    </Row>
    <Row Tag="LOC_MOMENT_HERO_EXPIRED_DESCRIPTION">
      <Text>Bir kahraman uygarlığımıza hizmetini tamamladı.</Text>
    </Row>
    <Row Tag="LOC_MOMENT_HERO_EXPIRED_INSTANCE_DESCRIPTION">
      <Text>{HeroClassName}, {HeroClassName: plural 1?hero; other?heroes;} halkının {LOC_GRAMMAR_CIVNAME &lt;&lt; {ActingPlayerCivName}} zamanı sona erdi.</Text>
    </Row>
    <Row Tag="LOC_MOMENT_HERO_RECALLED_TITLE">
      <Text>Kahraman Geri Çağrıldı</Text>
    </Row>
    <Row Tag="LOC_MOMENT_HERO_RECALLED_DESCRIPTION">
      <Text>Bir kahraman uygarlığımıza hizmet etmek için geri döndü!</Text>
    </Row>
    <Row Tag="LOC_MOMENT_HERO_RECALLED_INSTANCE_DESCRIPTION">
      <Text>Kahraman {HeroClassName} {HeroClassName: plural 1?has; other?have;}, {LOC_GRAMMAR_CIVNAME &lt;&lt; {ActingPlayerCivName}} halkının çağrısına kulak verdi ve onlara bir kez daha hizmet etmek için geri döndü.</Text>
    </Row>
  </EnglishText>
</GameData>