﻿<?xml version="1.0" encoding="utf-8"?>
<GameData>
  <EnglishText>
    <!--UI-->
    <Row Tag="LOC_PEDIA_CONCEPTS_PAGEGROUP_HEROES_NAME">
      <Text>Kahramanlar</Text>
    </Row>
    <Row Tag="LOC_PEDIA_PAGE_CHAPTER_HEROABILITIES_TITLE">
      <Text>Kahramanca Yetenekler</Text>
    </Row>
    <!-- Game Mode Concept -->
    <Row Tag="LOC_PEDIA_CONCEPTS_PAGE_HEROES_CHAPTER_CONTENT_TITLE">
      <Text>Kahramanlar ve Efsaneler</Text>
    </Row>
    <Row Tag="LOC_PEDIA_CONCEPTS_PAGE_HEROES_CHAPTER_WELCOME_TITLE">
      <Text>Hoş geldiniz</Text>
    </Row>
    <Row Tag="LOC_PEDIA_CONCEPTS_PAGE_HEROES_CHAPTER_WELCOME_PARA_1">
      <Text>Oyun kurulumunda, oyuncular Kahramanlar ve Efsaneler oyun modunu açarak olağanüstü, güçlü Kahraman birimlerinden oluşan çeşitli bir kadroyu dünyaya tanıtabilirler.</Text>
    </Row>
    <Row Tag="LOC_PEDIA_CONCEPTS_PAGE_HEROES_CHAPTER_DISCOVERY_TITLE">
      <Text>Kahramanları Keşfetmek</Text>
    </Row>
    <Row Tag="LOC_PEDIA_CONCEPTS_PAGE_HEROES_CHAPTER_DISCOVERY_PARA_1">
      <Text>Bu oyun modunda on iki benzersiz Kahraman mevcuttur ve her biri uygarlığınız tarafından sahiplenilmeden önce keşfedilmelidir. Kahramanlar siz dünyayı keşfederken ve insanlarla tanışırken şans eseri keşfedilir. Aşağıdaki etkinliklerin her biri yeni bir Kahraman keşfetme şansı sağlar:</Text>
    </Row>
    <Row Tag="LOC_PEDIA_CONCEPTS_PAGE_HEROES_CHAPTER_DISCOVERY_PARA_2">
      <Text>[ICON_BULLET] Bir Kabile Köyüyle Karşılaşmak[NEWLINE][ICON_BULLET] Bir Şehir Devletine Elçi Göndermek[ICON_ENVOY][NEWLINE][ICON_BULLET] İlk Kez Bir Şehir Devletinin Suzerain'i Olmak[NEWLINE][ICON_BULLET] Yeni Bir Kıta Keşfetmek[NEWLINE][ICON_BULLET] Bir Doğa Harikasını Keşfetmek</Text>
    </Row>
    <Row Tag="LOC_PEDIA_CONCEPTS_PAGE_HEROES_CHAPTER_DISCOVERY_PARA_3">
      <Text>Bu doğal keşif fırsatlarına ek olarak, yeni ve rastgele bir Kahraman keşfetmek için tekrarlanabilir [COLOR:ProductionDark]Heroic Tales[ENDCOLOR] Şehir Projesini de tamamlayabilirsiniz. Bu proje bir [COLOR:Civ6Yellow]Anıt[ENDCOLOR] binası inşa eden her şehir için açılır.</Text>
    </Row>
    <Row Tag="LOC_PEDIA_CONCEPTS_PAGE_HEROES_CHAPTER_DISCOVERY_PARA_4">
      <Text>Keşfettiğiniz tüm Kahramanlar hakkında güçleri, yetenekleri ve durumları da dahil olmak üzere tam bilgi Kahramanlar ve Büyük İnsanlar ekranında bulunabilir.</Text>
    </Row>
    <Row Tag="LOC_PEDIA_CONCEPTS_PAGE_HEROES_CHAPTER_CLAIMING_TITLE">
      <Text>Kahramanlara Sahip Çıkmak</Text>
    </Row>
    <Row Tag="LOC_PEDIA_CONCEPTS_PAGE_HEROES_CHAPTER_CLAIMING_PARA_1">
      <Text>Bir veya daha fazla Kahraman keşfettiğinizde, [COLOR:ProductionDark]Kahraman Adanmışlığı[ENDCOLOR] Şehir Projesini tamamlayarak seçtiğiniz bir Kahramanı sahiplenebilirsiniz. Bu projeler her Kahraman için benzersizdir ve şehir bir [COLOR:Civ6Yellow]Anıt[ENDCOLOR] binası inşa ettiğinde açılır. Bir Adanmışlık Projesini tamamlamak, Anıtı Kahramanla kalıcı olarak ilişkilendirir ve onları medeniyetiniz için oyuna dahil eder.</Text>
    </Row>
    <Row Tag="LOC_PEDIA_CONCEPTS_PAGE_HEROES_CHAPTER_CLAIMING_PARA_2">
      <Text>Kahramanlar küresel olarak benzersizdir. Sadece Kahramana bir Anıt adayan ilk uygarlık onları sahiplenir ve her Anıt sadece bir Kahramana adanabilir.</Text>
    </Row>
    <Row Tag="LOC_PEDIA_CONCEPTS_PAGE_HEROES_CHAPTER_CLAIMING_PARA_3">
      <Text>Birden fazla Kahraman talep etmek için birden fazla şehirde birden fazla Anıt inşa edebilir ve her birinde farklı bir Kahraman talep edebilirsiniz. Ancak, tüm Kahraman Adanmışlığı projelerinin maliyeti tamamladığınız her taleple birlikte artar.</Text>
    </Row>
    <Row Tag="LOC_PEDIA_CONCEPTS_PAGE_HEROES_CHAPTER_UNITS_TITLE">
      <Text>Kahraman Birimleri</Text>
    </Row>
    <Row Tag="LOC_PEDIA_CONCEPTS_PAGE_HEROES_CHAPTER_UNITS_PARA_1">
      <Text>Kahramanlar özel niteliklere sahip güçlü birimlerdir. Her birinin yalnızca kendilerinin gerçekleştirebileceği bir veya daha fazla benzersiz yeteneği veya komutu vardır.</Text>
    </Row>
    <Row Tag="LOC_PEDIA_CONCEPTS_PAGE_HEROES_CHAPTER_UNITS_PARA_2">
      <Text>Bir Kahramanın gücü ve yetenekleri, ortaya çıktıkları Çağa bağlı olarak artar. Bir Kahramanı oyun sırasında birden fazla kez geri çağırdığınızda, sonraki Çağlarda daha güçlü olarak geri gelirler.</Text>
    </Row>
    <Row Tag="LOC_PEDIA_CONCEPTS_PAGE_HEROES_CHAPTER_UNITS_PARA_3">
      <Text>Talep ettiğiniz veya keşfettiğiniz herhangi bir Kahramanın mevcut yetenekleri hakkında tüm ayrıntıları Kahramanlar ve Büyük İnsanlar ekranında bulabilirsiniz.</Text>
    </Row>
    <Row Tag="LOC_PEDIA_CONCEPTS_PAGE_HEROES_CHAPTER_LIFESPAN_TITLE">
      <Text>Kahraman Ömrü</Text>
    </Row>
    <Row Tag="LOC_PEDIA_CONCEPTS_PAGE_HEROES_CHAPTER_LIFESPAN_PARA_1">
      <Text>Tüm Kahraman birimlerinin [ICON_Lifespan] Ömür adı verilen özel bir özelliği vardır. Bir Kahraman oyuna girdiğinde, oyunda kalabileceği sınırlı sayıda tur vardır. Kahraman [ICON_Lifespan] Ömrü dolmadan önce öldürülmez veya yok edilmezse, [ICON_Lifespan] Ömrü sıfıra ulaştığında otomatik olarak oyundan çıkar. Bir Kahramanın [ICON_Lifespan] Ömrü, Kahraman seçildiğinde HUD'da görüntülenir.</Text>
    </Row>
    <Row Tag="LOC_PEDIA_CONCEPTS_PAGE_HEROES_CHAPTER_RECALLING_TITLE">
      <Text>Kahramanları Hatırlamak</Text>
    </Row>
    <Row Tag="LOC_PEDIA_CONCEPTS_PAGE_HEROES_CHAPTER_RECALLING_PARA_1">
      <Text>Bir Kahraman oyundan ayrıldıktan sonra, her Çağda bir kez, onları ilk sahiplenen aynı şehirde [ICON_Faith] İnanç ile satın alınarak geri çağrılabilirler. Kahramanlar Çağlar boyunca birden fazla kez geri çağrılabilir, ancak belirli bir Kahramanı geri çağırmanın maliyeti her seferinde artar.</Text>
    </Row>
    <Row Tag="LOC_PEDIA_CONCEPTS_PAGE_HEROES_CHAPTER_RECALLING_PARA_2">
      <Text>Bir Kahramanı yalnızca ilk talep eden oyuncu ve yalnızca Anıtının bulunduğu şehirde geri çağırabilir. Bir Kahramanı talep ettiğiniz bir şehrin kontrolünü kaybederseniz, şehrin kontrolünü tekrar ele geçirene kadar o Kahramanı geri çağıramazsınız. Şehir yerle bir edilirse, Kahramanı hiç geri çağıramazsınız.</Text>
    </Row>
    <Row Tag="LOC_PEDIA_CONCEPTS_PAGE_HEROES_CHAPTER_GREATWORKS_TITLE">
      <Text>Kahramanca Büyük Eserler</Text>
    </Row>
    <Row Tag="LOC_PEDIA_CONCEPTS_PAGE_HEROES_CHAPTER_GREATWORKS_PARA_1">
      <Text>Bu mod yeni bir Büyük Eser türü içerir: Kahramanlık Yadigârı. Bir Anıt bir Kahramana adandığında, iki Kahramanlık Yadigârı Büyük Eser yuvası kazanır. Bir Kahramanın oyundaki ilk görünümü sona erdikten sonra (öldürüldükleri veya [ICON_Lifespan] Yaşam Süreleri dolduğu için), arkalarında iki benzersiz [ICON_GreatWork_HeroRelic] Kahramanlık Kalıntısı bırakırlar: bir Kahramanlık Destanı ve bir Kahramanlık Sembolü. Kahramanlık Destanları otomatik olarak Kahramanın menşe şehrindeki Anıta yerleştirilir. Kahramanlık Sembolleri [ICON_RESOURCE_ANTIQUITY_SITE] Antik Siteler olarak gizlenir ve bu özelliğin kilidini açtıktan sonra Arkeologlar tarafından kazılabilir.</Text>
    </Row>
    <Row Tag="LOC_PEDIA_CONCEPTS_PAGE_HEROES_CHAPTER_GREATWORKS_PARA_2">
      <Text>[ICON_BULLET] Kahramanlık Destanı, Kahramanın yaşamının ve yaptıklarının bir tarihçesidir. Otomatik olarak oluşturulur ve Kahramanın Anıtı binasına yerleştirilir.</Text>
    </Row>
    <Row Tag="LOC_PEDIA_CONCEPTS_PAGE_HEROES_CHAPTER_GREATWORKS_PARA_3">
      <Text>[ICON_BULLET] Kahramanlık Sembolü Kahramanla ilişkilendirilen ünlü bir nesnedir. Kahramanın oyundan ayrıldığında bulunduğu yere yakın bir arsaya bir [ICON_RESOURCE_ANTIQUITY_SITE] Antik Site olarak yerleştirilir. Arkeologların kilidini açtığınızda ve bölgeyi kazabildiğinizde, Kahramanlık Sembolü kurtarılabilir ve Kahramanın Anıt binasına yerleştirilebilir.</Text>
    </Row>
    <!--Hero Units-->
    <!--Anansi-->
    <Row Tag="LOC_PEDIA_UNITS_PAGE_UNIT_HERO_ANANSI_CHAPTER_HISTORY_PARA_1">
      <Text>Anansi bir örümcek için çok yol kat etmiştir. Günümüz Gana'sındaki Akan halkına ait bir dizi masalın bazen insan, bazen örümcek, bazen de düzenbaz kahramanı olan Anansi, Batı Afrika halklarıyla birlikte gittikleri her yere, özellikle de Yeni Dünya'daki köleleştirilmiş Afrika halkları arasında seyahat eden hikayelerin kahramanıdır. Burada, bazen "Kompa Nanzi" ya da hatta "Nancy Teyze" olarak yeniden adlandırılan Anansi (Anansi normalde bir erkek olarak tasvir edilse de), zekâlarını ve kurnazlıklarını kullanarak kendilerini ezenlere karşı koymak isteyen daha az güçlü konumdakiler için bir ilham kaynağı olmaya devam etmektedir. Diğer kahramanlar ve tanrılar güçlü silahlara sahip olabilirken, Anansi'nin hikayeleri vardır.</Text>
    </Row>
    <Row Tag="LOC_PEDIA_UNITS_PAGE_UNIT_HERO_ANANSI_CHAPTER_HISTORY_PARA_2">
      <Text>Önceleri, gök-tanrı Nyame tüm hikayeleri kendine saklardı. Anansi gidip onları istedi, ancak Nyame ona dünyanın en tehlikeli yaratıklarını bir araya getirmeyi içeren bir dizi imkansız görünen görev verdi. Anansi bunu doğrudan değil, büyük canavarların kibir ve gururlarını onlara karşı kullanarak yaptı. Örneğin, büyük pitonun "yanlışlıkla" Anansi'nin yılanın yakındaki bir dal kadar uzun olmadığını tahmin etmesine kulak misafiri olmasına izin verdi ve piton Anansi'ye uzunluğunu göstermek için ağacın yanına uzandığında, Anansi onu dala bağladı ve yakaladı. Nyame, Anansi'nin zekasını gördükten sonra, o noktadan sonra tüm hikayelerin örümceğe ait olması gerektiğini kabul etti ve bu yüzden Batı Afrikalılar Nyame hikayeleri değil Anansi hikayeleri anlatıyorlar.</Text>
    </Row>
    <Row Tag="LOC_PEDIA_UNITS_PAGE_UNIT_HERO_ANANSI_CHAPTER_HISTORY_PARA_3">
      <Text>Anansi her zaman erdemli bir kahraman değildir. Diğer birçok düzenbaz gibi o da çoğu zaman bencil olabilir ve özellikle bu zamanlarda planları genellikle ters gider. Ancak o, geçinmek için hızlı düşünmeye bel bağlamak zorunda kalanlar için uygun bir kahramandır.</Text>
    </Row>
    <!--Arthur-->
    <Row Tag="LOC_PEDIA_UNITS_PAGE_UNIT_HERO_ARTHUR_CHAPTER_HISTORY_PARA_1">
      <Text>Kral Arthur'un hikayesi, sözlü efsaneden ortaçağ romantizmine, Romantik edebiyat klasiğinden bilim kurguya kadar baş döndürücü sayıda şekilde anlatılmış ve yeniden anlatılmıştır. O kadar çok anlatılmıştır ki efsanenin kökenini bulmak zordur, ancak Lancelot, Guinevere, Arthur ve Yuvarlak Masa'nın başrolde olduğu pastişleri ortaya çıkarmak zor değildir. Neredeyse tüm masallarda Arthur, tehlikeli ama genellikle dindar görevler üstlenen bir grup asil şövalyeyi bir araya getiren bilge bir kraldır. Britanya Adaları'nın her yerinde Arthur'a atıfta bulunulduğu iddia edilse de, en eski anlatımlarda Arthur, topraklarını istilacılardan koruyan Galli ya da Breton bir kahramandır - bu, Karanlık Çağlar boyunca Germen Angles, Sakson ve Danimarkalıların istilalarıyla karşı karşıya kalan Brythonic (Britanya) Keltlerinin aklında olan bir şeydir.</Text>
    </Row>
    <Row Tag="LOC_PEDIA_UNITS_PAGE_UNIT_HERO_ARTHUR_CHAPTER_HISTORY_PARA_2">
      <Text>Ortaçağdaki haliyle Arthur'un hikayesi trajik bir hikayedir. Çocukken, bir gün Britanya kralı olacağının işareti olan büyülü kılıç Excalibur'u bir taştan çıkararak kaderini önceden belirlemiştir. Zamanla dürüst bir kral olur. Yuvarlak Masa şövalyeleri ve kendisi, en ünlüsü Kutsal Kase'yi - İsa Mesih'in çarmıhta asılı dururken kanının aktığı varsayılan kadehi - aramak olan bir dizi macera yaşarlar. Bu şövalyelerin en ünlüsü olan Lancelot, Arthur'un kraliçesi Guinevere'e aşık olur ve ikisi bir ilişki yaşamaya başlar. Öfkelenen Arthur kraliçeyi ölüme mahkum eder, ancak Lancelot kahramanca onu kurtarır ve böylece iki eski arkadaş arasında bir savaşa neden olur.</Text>
    </Row>
    <Row Tag="LOC_PEDIA_UNITS_PAGE_UNIT_HERO_ARTHUR_CHAPTER_HISTORY_PARA_3">
      <Text>Yerel söylentilere göre Avalon topraklarında bir yerde dinlenmekte ve İngiltere tekrar tehdit altına girdiğinde günü kurtarmayı beklemektedir. Popüler tasvirlerin aksine, hemen beşe sıçramadan üçe kadar sayabilir ve tavşanlarla olağandışı bir sorunu yokmuş gibi görünür.</Text>
    </Row>
    <!--Beowulf-->
    <Row Tag="LOC_PEDIA_UNITS_PAGE_UNIT_HERO_BEOWULF_CHAPTER_HISTORY_PARA_1">
      <Text>Beowulf'un hikayesi MS 1000 civarında Eski İngilizce olarak yazılmıştır ve bu da onu bu dilde günümüze ulaşan ilk eserlerden biri yapmaktadır. Beowulf, bugünkü İsveç'in bir bölümünde yaşayan Geatların bir kahramanıdır. Toprakları Grendel adında bir canavar tarafından saldırıya uğrayan Danimarkalıların kralı Hrothgar'ın salonuna gelir - belki de tematik olarak İskandinav efsanesindeki trollerle ilişkili, ancak şiirin İncil'deki Kabil'in lanetli bir soyu olarak tanımladığı yamyam bir canavar.</Text>
    </Row>
    <Row Tag="LOC_PEDIA_UNITS_PAGE_UNIT_HERO_BEOWULF_CHAPTER_HISTORY_PARA_2">
      <Text>Beowulf, Grendel için bir tuzak kurar. Tıpkı canavarın kurbanlarının yaptığı gibi, salonda uyuyormuş gibi yapar. O gece, soğuk bir sis ve onunla birlikte canavar içeri girer. Beowulf silahlarını bırakır, gücünü canavara karşı eşit olarak test etmek ister. İkisi kollarını kavuşturur ve şiddetli bir boğuşmanın ardından Beowulf çıplak elleriyle Grendel'in kollarından birini koparır. Ölümcül şekilde yaralanan trol, topallayarak evine geri döner. Orada, Grendel'in bataklık cadısı annesi ölmek üzere olan oğlunu alır ve öfkeden kudurur; Beowulf tekrar savaşmak zorundadır.</Text>
    </Row>
    <Row Tag="LOC_PEDIA_UNITS_PAGE_UNIT_HERO_BEOWULF_CHAPTER_HISTORY_PARA_3">
      <Text>Beowulf, yıllarca hüküm süreceği Geat'lerin ülkesine zaferle döner, ancak yeni ve daha ölümcül bir kötülük uyanır. İninden bir ejderha çıkar ve nefesiyle kırları ateşe verir. Her zamanki gibi gururlu olan Beowulf, canavarla tek başına savaşmakta ısrar eder, ancak genç bir savaşçı olan Wiglaf, yaşlı kralın ölüme gittiğini görerek itaatsizlik eder ve kralın yanında kalır. Dövüşte ejderha öldürülür, ancak Beowulf zehirli dişleri tarafından ısırılır ve ölür. Wiglaf kralı deniz kenarındaki uzun bir mezarlığa gömer.</Text>
    </Row>
    <Row Tag="LOC_PEDIA_UNITS_PAGE_UNIT_HERO_BEOWULF_CHAPTER_HISTORY_PARA_4">
      <Text>Beowulf her zaman bugün olduğu gibi bir klasik olarak görülmemiştir. J. R. R. Tolkien'den başkası şiirin sadece bir halk hikâyesi olarak değil, bir destan olarak ciddiye alınmasını savunmamıştır.  Şiir hem bir savaşçının gücünün yüceltilmesini hem de gurura karşı uyarılar taşır - hem Hrothgar'ın zenginliğiyle gurur duyması hem de Beowulf'un kendi gücüyle gurur duyması. Tarihsel olarak Beowulf, sözde Hıristiyanlaşmış bir halkın pagan geçmişiyle mücadele ettiği bir zaman diliminin eseri ve İngiltere'nin İskandinav mirasının bir simgesi olmaya devam etmektedir.</Text>
    </Row>
    <!--Hercules-->
    <Row Tag="LOC_PEDIA_UNITS_PAGE_UNIT_HERO_HERCULES_CHAPTER_HISTORY_PARA_1">
      <Text>Herakles -İngilizcede daha çok bilinen adıyla Hercules- Zeus'un oğludur ve iyi bir muhakeme olmasa da gücü simgeleyen bir kahramandır. Zeus'un karısı Hera, Zeus'un birçok ilişkisinden birinin ürünü olduğu için Herakles'ten nefret ediyor ve elinden geldiğince onu mahvetmeye çalışıyordu. Bu, Hera'nın bebek Herakles'i öldürmek için yılanlar göndermesiyle beşikte başlamıştır. O zaman bile çocuk yılanların üstesinden gelecek kadar güçlüydü ve gücü daha da arttı. Ancak bilgeliği fiziksel gücüne ayak uyduramadı: Herakles müzik öğretmenini bir lirle öldürdü, yakın bir arkadaşını (babasını ve kardeşlerini de öldürdü) bir duvardan aşağı attı, haberci Lichas'ı denize attı ve en trajik olanı da kendi çocuklarını öldürdü.</Text>
    </Row>
    <Row Tag="LOC_PEDIA_UNITS_PAGE_UNIT_HERO_HERCULES_CHAPTER_HISTORY_PARA_2">
      <Text>Bu son eylemi, Hera tarafından bir kez daha lanetlendikten sonra bir çılgınlık nöbeti sırasında yapmıştır. Bu eylemin kefaretini ödemek için Herakles ünlü Görevlerini üstlendi: korkunç bir aslanı öldürmek (daha sonra derisini giydi); kanı zehirli olan ve biri kesildiğinde iki başını yeniden çıkaran çok başlı bir yılan olan hydrayı yenmek; Amazonların Kraliçesi Hippolyta'nın kuşağını çalmak; ve bir dizi başka canavar öldürme, canlı hayvan çalma, ahır temizleme gibi şeyler.</Text>
    </Row>
    <Row Tag="LOC_PEDIA_UNITS_PAGE_UNIT_HERO_HERCULES_CHAPTER_HISTORY_PARA_3">
      <Text>Herakles'in hikâyesi trajik bir şekilde sona erer. Bir sentor karısını çalmaya çalışırken, Herakles onu hidranın zehirli kanına batırdığı oklarla vurur. Sentor ölürken, Herakles'in karısına, şehvetli sentorun kanıyla ıslanmış tuniğinin Herakles'in ona daha derinden aşık olmasına neden olacağını fısıldar. Kadın Herakles'i buna ikna eder ve Herakles zehirden korkunç bir şekilde ölerek, bir Yunan tanrısının fiziğine sahipken gömlek giymemenin faydaları hakkında hepimize güçlü bir ders verir.</Text>
    </Row>
    <Row Tag="LOC_PEDIA_UNITS_PAGE_UNIT_HERO_HERCULES_CHAPTER_HISTORY_PARA_4">
      <Text>Herakles ölümünden sonra uzun bir kariyere sahip olmuştur. En yüce tanrının oğlu olan ve trajik bir şekilde öldürülen bir kahramanın hikayesi Roma döneminde Akdeniz'de çekici bir hikayeydi ve Herkül büyük bir takipçi kitlesi geliştirdi. Hindistan'da bile Yunan esintili Gandhara heykeltıraşları Buda'nın koruyucusu Vajrapani'yi ikonik sopası ve aslan postuyla Herkül olarak tasvir etmişlerdir.</Text>
    </Row>
    <!--Himiko-->
    <Row Tag="LOC_PEDIA_UNITS_PAGE_UNIT_HERO_HIMIKO_CHAPTER_HISTORY_PARA_1">
      <Text>Bugün bir efsane figürü olsa da, Kraliçe Himiko muhtemelen gerçek bir kişiydi. Çinlilerin Wa olarak adlandırdığı adalardaki - bugünkü Japonya - Yamatai'nin kraliçesiydi. Çin kayıtlarında Himiko, Cao Wei krallığına hediyeler göndermiştir: M.S. 3. yüzyılda Çin'i aralarında paylaşan üç devletten en kuzeyde olanı. Bu kayıtlarda Himiko, Çin imparatoru tarafından "Wa (Japonya) Kraliçesi ve Wei'nin dostu" olarak adlandırılmıştır.</Text>
    </Row>
    <Row Tag="LOC_PEDIA_UNITS_PAGE_UNIT_HERO_HIMIKO_CHAPTER_HISTORY_PARA_2">
      <Text>Himiko'nun hikayesinin ilginçleştiği yer büyücülük suçlamalarıdır. Çin kaynakları Himiko'nun Wa'da yaşayan herkesi büyüleyerek yönetimine boyun eğdirdiğini, büyük bir şatoda yaşadığını ve tamamen kadın hizmetçiler ve muhafızlar (ona yemek getiren bir erkek hariç) tarafından korunduğunu ve nadiren dışarı çıktığını anlatır. Bu mistik ün, Himiko'yu bir dizi ilahi varlıkla özdeşleştiren Japon kayıtlarında daha da pekiştirilmiştir: Japon güneş tanrıçası Amaterasu'nun yüksek şamanı ya da ilahi bir yılanın şaman eşi olarak. Bu son hikayede Himiko (Yamato-toto-hi-momo-so-bime no Mikoto adıyla tanımlanır) açıkça ilahi bir varlıkla mutlu bir evliliği vardır, ancak bu varlık sadece geceleri ziyaret etmektedir. Onu güneş ışığında görebilmek için sabaha kadar kalması için yalvarır, ancak o bunu reddeder. Sonunda onu ikna eder ve ona onu tuvalet çantasında göreceğini, ancak görünüşü karşısında şok olmayacağına söz vermesi gerektiğini söyler. Ertesi sabah çantayı açtığında, içinde kıvrılmış güzel beyaz bir yılan vardır. Himiko panik içinde soluk soluğa kalır ve tanrı-yılan insan formuna geri döner. Kızgındır, ona tepki vermemesi için uyarıldığını ve şimdi onu terk etmesi gerektiğini söyler. Himiko kederinden kendini bıçaklar.</Text>
    </Row>
    <Row Tag="LOC_PEDIA_UNITS_PAGE_UNIT_HERO_HIMIKO_CHAPTER_HISTORY_PARA_3">
      <Text>Himiko'yu çevreleyen çok çeşitli hikayeler olağanüstü bir kadının portresini çizmektedir. Bir kraliçenin ve şamanın özelliklerini bir araya getirmiştir ki bu, yaşadığı dönemde büyük ölçüde ataerkil olan vakanüvisleri rahatsız etmiş olmalıdır. Hikayesi, karizmatik insanların üzerimizde kurabileceği neredeyse uhrevi etkiye işaret ediyor. Japonya'daki popüler temsillerde bazen bir baştan çıkarıcı, bazen de bilge bir yaşlı kraliçe olarak karşımıza çıksa da her zamanki gibi popülerliğini korumaktadır.</Text>
    </Row>
    <!--Hippolyta-->
    <Row Tag="LOC_PEDIA_UNITS_PAGE_UNIT_HERO_HIPPOLYTA_CHAPTER_HISTORY_PARA_1">
      <Text>Hippolyta, Yunan savaş tanrısı Ares'in kızları olduğu düşünülen ve tamamı kadınlardan oluşan bir savaşçı kabilesi olan Amazonların kraliçesidir. Savaştan zevk alırlar ve yılda bir kez komşu kabilenin erkeklerini ziyaret etmelerine rağmen kocaları ve oğulları reddederlerdi. Yunanlılar onları doğu sınırlarının hemen ötesine, genellikle Karadeniz'in kenarlarındaki Küçük Asya'ya yerleştirmişlerdir. Belki de efsaneleri Yunanlıların uygarlık olarak kabul ettikleri sınırların dışında farklı bir toplum hayal etmelerinin bir yoluydu ya da belki de İskitler veya o bölgedeki diğer halklar arasında savaşçı kadınlar için bir tür tarihsel emsal vardı.</Text>
    </Row>
    <Row Tag="LOC_PEDIA_UNITS_PAGE_UNIT_HERO_HIPPOLYTA_CHAPTER_HISTORY_PARA_2">
      <Text>Hippolyta, Herakles'in (Herkül) yer aldığı birkaç hikâyede geçen bir figürdür. Kendisini savaşta koruyan sihirli bir kuşağa sahipti ve Herakles'in görevlerinden biri bunu ondan çalmaktı - efsanevi güçlü adam için bile oldukça zorlu bir görevdi. Efsanenin bazı versiyonlarına göre, Herakles Amazon'u büyüledi ve bu Hera'yı o kadar kızdırdı ki tanrıça Hippolyta'nın Amazonlarını saldırmaya teşvik etti.</Text>
    </Row>
    <Row Tag="LOC_PEDIA_UNITS_PAGE_UNIT_HERO_HIPPOLYTA_CHAPTER_HISTORY_PARA_3">
      <Text>"Amazon" adı Hippolyta'dan bu yana geçen yıllar içinde çok kullanıldı. İspanyol kaşif Francisco de Orellana, daha sonra Brezilya'ya dönüşecek olan bölgede karşılaştığı yerli halka, kadınların erkeklerle birlikte savaşması nedeniyle bu ismi vermiştir. Hatta o kadar iyi savaşıyorlardı ki, de Orellana yerel gruplarla girdiği bir çatışmanın ardından adını verdiği nehirde ölecekti.</Text>
    </Row>
    <!--Hunahpu & Xbalanque-->
    <Row Tag="LOC_PEDIA_UNITS_PAGE_UNIT_HERO_HUNAHPU_CHAPTER_HISTORY_PARA_1">
      <Text>Birçok Amerikan yerli mitolojisinde sihirli bir çift ikizin hikayesi vardır. K'iche' Maya Popol Vuh'unda bu "Kahraman İkizler" Hunahpú ve kardeşi Xbalanqué'dir. Onların hikayesi, yeraltı dünyasının korkunç tanrıları Xibalba'nın güçlerini nasıl kaybettiklerine dair bir hikayedir. Hikaye başka bir kardeş grubuyla başlar: İkizlerin babası ve amcası, yeraltı tanrıları tarafından ihanete uğramışlardır. Xibalba'da Mezoamerikan top oyunu oynamaya davet edildiler, ancak oyunda hile yapıldı ve kaybedenler kurban edildi.</Text>
    </Row>
    <Row Tag="LOC_PEDIA_UNITS_PAGE_UNIT_HERO_HUNAHPU_CHAPTER_HISTORY_PARA_2">
      <Text>Yıllar sonra Hunahpú ve Xbalanqué babalarının eski top oyunu ekipmanlarını buldular, hikayeyi anladılar ve kendi maçları için pratik yapmaya başladılar. Bunu gören karanlık lordlar ikizleri bir maç yapmaya davet etti. Kahraman İkizler bunun bir tuzak olduğunu biliyorlardı ama yine de gittiler. Oyunlar kabus gibiydi - gizli bıçakları olan bir top, uçan jiletlerle dolu atlet yuvası ve son olarak Hunahpú'nun kellesine (geçici olarak) mal olan korkunç yarasa tanrısı Camazotz'un ininde bir gece.</Text>
    </Row>
    <Row Tag="LOC_PEDIA_UNITS_PAGE_UNIT_HERO_HUNAHPU_CHAPTER_HISTORY_PARA_3">
      <Text>İkizler her oyunu kazanmalarına rağmen, zafer anında son bir tuzağa kurban gitmiş gibi göründüler ve ikisini de yakan bir fırına girdiler. Xibalba'nın lordları Kahraman İkizlerin yeniden dirilme sanatında ustalaştıklarını bilmiyorlardı. Yanarak kül olmalarına rağmen Xibalba'da yeniden doğdular ve orada yaşayanların arasında gizlenerek yaşadılar. Ölüleri geri getirebilen büyücüler gibi davrandılar ve onları öldürüp sonra geri getirerek karanlık lordlara numaralarını göstermeyi teklif ettiler. Ancak bu başka bir numaraydı - Kahraman İkizler yeraltı dünyasının en yüksek tanrılarını öldürdüklerinde kimliklerini açığa çıkardılar ve babalarının katillerini diriltmeyi sevinçle reddettiler.</Text>
    </Row>
    <Row Tag="LOC_PEDIA_UNITS_PAGE_UNIT_HERO_HUNAHPU_CHAPTER_HISTORY_PARA_4">
      <Text>Top oyunu gibi, Kahraman İkiz hikayeleri de çok uzaklara gitmiştir. Maya'dan Navajo'ya, Mississippian'dan Ho-Chunk'a kadar çeşitli mitolojilerde bulunabilirler.</Text>
    </Row>
    <!--Maui-->
    <Row Tag="LOC_PEDIA_UNITS_PAGE_UNIT_HERO_MAUI_CHAPTER_HISTORY_PARA_1">
      <Text>"Polinezya" terimi, Maori Aotearoa'sından (Yeni Zelanda) Hawaii'ye ve aradaki bölgeleri kapsayan gevşek bir terimdir. Tüm bu bölgeyi tek bir terimle, "Polinezya" olarak adlandırmak büyük bir basitleştirme olsa da, bu geniş alanda paylaşılan mitler ve efsaneler, İngilizceye tabu ve mana kelimeleri olarak girmiş kavramlar vardır. Bu ortak efsanelerden biri de Maui efsanesidir.</Text>
    </Row>
    <Row Tag="LOC_PEDIA_UNITS_PAGE_UNIT_HERO_MAUI_CHAPTER_HISTORY_PARA_2">
      <Text>Maori efsanesinde Maui'nin başlangıcı pek de iyi değildir. Annesi tarafından denize atılır ve sadece tanrı Ragni onu beslediği için hayatta kalır. Geri döndüğünde, derinliklerde öğrendiği sihri göstererek kazanmayı başardığı dört şüpheci kardeşle karşı karşıya kalır. Daha sonra bildiğimiz dünyanın yaratılmasına yardım etmeye başlar. Kardeşleri ona balık yemi vermeyi reddettiğinde, büyülü bir çene kemiği alır ve Yeni Zelanda'nın Kuzey Adası'na dönüşen güçlü balığı yakalamak için kendi kanıyla yemler. Gerekli ritüelleri yerine getirecek bir rahip (tohunga) bulmak için gittiğinde, kardeşleri gelip balığı oymaya başladılar, bu yüzden Aotearoa'nın bir balığın böğrü gibi düz bir ovası değil, dağları ve vadileri vardır. Dünyayı değiştirmeye devam eder: insanlar için ateşi bulur, ilk köpeği yaratır ve benzerlerini yapar.</Text>
    </Row>
    <Row Tag="LOC_PEDIA_UNITS_PAGE_UNIT_HERO_MAUI_CHAPTER_HISTORY_PARA_3">
      <Text>Son görevi insanlık için ölümsüzlüğü kazanmaktı ve bunu yapmak için uzanmış bir tanrıçanın bedenine sürünerek girmesi gerekiyordu. Hikayeye göre bunu kimse ona gülmeden yapmak zorundaydı. Eğer tüm yolu geçebilirse, tanrıça ölecek ve insanlık sonsuza dek yaşayacaktı. Çeşitli kuş sürülerinden oluşan arkadaşları ellerinden geleni yapmışlar ama gülmekten kendilerini alamamışlar ve böylece Maui ölmüş, hepimiz de ölmeliyiz.</Text>
    </Row>
    <Row Tag="LOC_PEDIA_UNITS_PAGE_UNIT_HERO_MAUI_CHAPTER_HISTORY_PARA_4">
      <Text>Maui, Polinezya toplumları sömürgeciliğin ardından kendilerini yeniden ortaya koyarken Polinezya genelinde önemli bir figür olmaya devam ediyor. Aotearoa, Hawaii, Tonga, Tahiti ve Samoa'da ve diğer yerlerde yerel mitlere ve geleneklere duyulan yeni saygı, Maui'nin hikayesinin yeni anlatımları ve mitine yeni yorumlar ve anlamlar anlamına geliyor.</Text>
    </Row>
    <!--Mulan-->
    <Row Tag="LOC_PEDIA_UNITS_PAGE_UNIT_HERO_MULAN_CHAPTER_HISTORY_PARA_1">
      <Text>6. yüzyıldan kalma Mulan Baladı şöyle başlar: "Bir iç çekişin sesi birbiri ardına gelir \ Mulan kapı eşiğinde örgü örerken." Kızın ailesi, Çin'in Kuzey Wei hanedanlığını kuran göçebe bir Türk veya Moğol halkı olan Tuoba Han'ının tebaasıdır ve yaşlı babası Han'ın ordusunda savaşmak üzere askere alınmıştır. Mulan babasının yerine askere yazılmaya karar verir ve yoldaşları onun aslında bir kadın olduğunu asla öğrenmeden orduda cesurca savaşır.</Text>
    </Row>
    <Row Tag="LOC_PEDIA_UNITS_PAGE_UNIT_HERO_MULAN_CHAPTER_HISTORY_PARA_2">
      <Text>En azından antik şiire göre hikaye budur. Ancak evlat dindarlığı, görev ve cesaret efsanesi daha sonraki anlatıcılara ilham vermiştir. Sui Tang Romance, hikayeyi Sui Hanedanlığı'nda, Ballad'ın yazıldığı dönemde ve bir savaş döneminde geçiyor. Burada masala bir dizi yeni unsur eklenmiştir. Mulan hâlâ bir Türk Kağanının tebaasıdır, ancak isyancı Dou Jiande tarafından esir alınır ve kısa sürede Dou'nun kızıyla arkadaş olur. Daha sonra, Dou Çin imparatoruna karşı ayaklanma suçundan yargılanırken iki kadın kendi hayatlarını feda ederler. İmparator onların sadakatinden o kadar etkilenir ki Mulan'ın ailesini zengin tarım arazilerine yerleştirmeyi teklif eder, ancak Mulan eve döndüğünde babasının çoktan öldüğünü ve annesinin yeniden evlendiğini görür. Trajik bir şekilde Mulan intihar eder, en azından bu versiyonda.</Text>
    </Row>
    <Row Tag="LOC_PEDIA_UNITS_PAGE_UNIT_HERO_MULAN_CHAPTER_HISTORY_PARA_3">
      <Text>Mulan muhtemelen tarihsel bir figür değildi, ancak ünü tarihselliğine dayanmıyor. Babasına olan bağlılığı ve onun için hayatını riske atma isteğiyle, Çin erdemi olan xiào - evlat dindarlığı - kişinin ebeveynlerine ve atalarına duyduğu saygı ve onurun yanı sıra savaş alanındaki cesaretin de bir örneğidir.</Text>
    </Row>
    <!--Oya-->
    <Row Tag="LOC_PEDIA_UNITS_PAGE_UNIT_HERO_OYA_CHAPTER_HISTORY_PARA_1">
      <Text>Fırtınalar Karayip ve Batı Afrika kıyılarını vurduğunda, kasırgalar bir köyü yıkıp geçtiğinde, Yoruba ve Yeni Dünya Afrika dinlerinin takipçileri bunun Oya'nın gücü olduğuna inanırlar. Batı Afrika'nın Yoruba halkı, dört yüz bir ayrı tanrısı olan zengin bir dini geleneğe sahiptir. Yorubalar köleleştirilip Karayipler'deki kolonilere getirildiklerinde, gelenekleri Hıristiyanlıkla kaynaşarak Haiti Vodun'u gibi yeni dinler oluşturmuştur. Afrika'da Oya bir orişadır, bir zamanlar insan olan (ya da ruh olan ve sonra ete kemiğe bürünen) bir tanrıçadır. Adı kelimenin tam anlamıyla "yırtan" anlamına gelir ve bu nedenle değişim, rüzgarlar ve fırtınaların tanrıçası ve Nijer nehrinin hükümdarıdır. Haiti'de Oya, Katolikler için Kildare'li Aziz Brigid olan İrlandalı loa (orisha'nın Haiti versiyonu) Maman Brigette'e dönüşür.</Text>
    </Row>
    <Row Tag="LOC_PEDIA_UNITS_PAGE_UNIT_HERO_OYA_CHAPTER_HISTORY_PARA_2">
      <Text>Oya, gök gürültüsü tanrısı Shango'nun kız kardeşidir ve eşleri arasında geveze tanrıya sadık kalan tek kişidir. Savaş için yola çıktıklarında bunu birlikte yaparlar; Oya önce rüzgârı getirir, Shango da yıldırımla onu takip eder.</Text>
    </Row>
    <Row Tag="LOC_PEDIA_UNITS_PAGE_UNIT_HERO_OYA_CHAPTER_HISTORY_PARA_3">
      <Text>İkili zaman zaman birbirleriyle de kavga eder. Bir keresinde, Oya'nın kafasında iki bufalo boynuzu vardı ve bir kavganın ortasında, Shango'yu parçalamak amacıyla onlarla Shango'ya saldırdı. Shango karşılık vermemiş; bunun yerine Oya'ya en sevdiği yemeği sunmuş: akara (fasulye keki). Oya o kadar memnun oldu ki boynuzlarını ona teslim etti. Artık Shango'nun başı belaya girdiğinde Oya'yı çağırmak için tek yapması gereken boynuzları birbirine vurmak ve Oya'nın rüzgarın tüm öfkesiyle gelmesi.</Text>
    </Row>
    <Row Tag="LOC_PEDIA_UNITS_PAGE_UNIT_HERO_OYA_CHAPTER_HISTORY_PARA_4">
      <Text>Oya'ya Afrika ve Karayipler'de hala aktif olarak tapılmaktadır. Bir takipçisi transa girip ele geçirildiğinde, gürültülü ve küfürbaz olmasıyla ünlüdür, ancak rüzgar gibi, sağlam bir şekilde kök salmış görünen her şeyi sarsmayı vaat eder.</Text>
    </Row>
    <!--Sinbad-->
    <Row Tag="LOC_PEDIA_UNITS_PAGE_UNIT_HERO_SINBAD_CHAPTER_HISTORY_PARA_1">
      <Text>Denizci Sinbad'ın hikayesi Binbir Gece Masalları'nın son versiyonlarından gelmektedir ve Arabistan'ın altın çağında, Harun El-Raşid döneminde geçmektedir. Sinbad'ın hikayesi, cesareti, zekası ve çekiciliğinin giderek daha tehlikeli hale gelen bir dizi yolculukta hayatta kalmasını sağladığı bir hikayedir. Sinbad'ın hikâyelerinin yapısı basittir: Yelken açar, bir dizi fantastik ve tehlikeli canavarla veya diğer düşmanlarla karşılaşır ve üstesinden gelir (veya onları alt eder) ve zenginlikle geri döner. Bu iyi işleyen bir formüldür.</Text>
    </Row>
    <Row Tag="LOC_PEDIA_UNITS_PAGE_UNIT_HERO_SINBAD_CHAPTER_HISTORY_PARA_2">
      <Text>Bir yolculukta Sinbad kendini gerçekten bir balina olan bir adada kazazede olarak bulur ve ardından dev bir karga, elmaslarla süslü bir vadide yaşayan ve akşam yemeği için dev yılanları avlayan bir kartal tarafından götürülür. Diğer yolculuklarında Sinbad kralları büyülemek, tek gözlü devlerle yüzleşmek ve köylülerin hepsinin uyuşturucu bir bitkiye bağımlı olduğu bir adada aklı başında kalmak zorundadır.</Text>
    </Row>
    <Row Tag="LOC_PEDIA_UNITS_PAGE_UNIT_HERO_SINBAD_CHAPTER_HISTORY_PARA_3">
      <Text>Bu hikâyelerden bazıları size tanıdık geliyorsa, yanılmıyorsunuz. Sinbad'ın hikayelerinden bazıları Odysseus'un yolculuklarından alınmıştır, örneğin Tepegöz ve Nilüfer Yiyenler. Batı Avrupa Karanlık Çağ'ın kaosuna kapılmışken, Orta Doğu, Yunanistan ve Roma'dan gelen tüm bilgelik ve öğrenimin deposuydu ve İpek Yolu'nun ihtişamıyla bağlantılıydı. Bu sonuncusu da hikayelerin kaynağıydı: karga ve yılan efsaneleri, canavar garuda kuşu ve onun yılansı naga avının Hint hikayelerine çok benzer. O halde Sinbad'ın yolculukları, dünyanın tam kalbinde yer alan bir imparatorluğun zenginliğini ve hayal gücünü yansıtmaktadır.</Text>
    </Row>
    <!--Sun Wukong-->
    <Row Tag="LOC_PEDIA_UNITS_PAGE_UNIT_HERO_WUKONG_CHAPTER_HISTORY_PARA_1">
      <Text>Çin efsanesinin en bilinen ve en sevilen karakterlerinden biri olan Maymun Kral Sun Wukong'un etrafını saran muazzam sayıda hikaye vardır. Onun ilham kaynağı çok çeşitli kaynaklardır. Çin, MS 150 civarında Han Hanedanlığı döneminde Hindistan'dan Budizm'i ithal ettiğinde, en iyi yardımcı yıldızı maymunların efendisi ve kahraman Rama'nın sadık yardımcısı Hanuman olan Ramayana da dahil olmak üzere bir dizi Hint efsanesi ortaya çıkmıştır. Maymunlar önceki Çin hanedanlarında zaten uğurlu hayvanlar olarak görüldüğünden, sihirli bir maymun kral fikri son derece popülerdi ve kendi başına bir hayat kazandı.</Text>
    </Row>
    <Row Tag="LOC_PEDIA_UNITS_PAGE_UNIT_HERO_WUKONG_CHAPTER_HISTORY_PARA_2">
      <Text>Sun Wukong kahramanların en asili değildir. Zaman zaman bencil, zaman zaman öngörülemez ve her zaman yaramazdır. Ancak Loki gibi daha şeytani hileci tanrıların aksine, Sun Wukong nihayetinde iyilik için bir güçtür... kontrol edilebildiğinde.</Text>
    </Row>
    <Row Tag="LOC_PEDIA_UNITS_PAGE_UNIT_HERO_WUKONG_CHAPTER_HISTORY_PARA_3">
      <Text>Güneş, Cennet'in tüm ordularından daha güçlüdür. Denizin ejderha kralından çaldığı silahlara sahiptir; bunların arasında başka hiçbir varlığın kullanamayacağı kadar ağır ama Maymun Kral'ın kulağında saklayabileceği kadar küçülebilen altın bir asa, uçan botlar ve büyülü zırhlar vardır. Bu hırsızlıklardan dolayı ölüme mahkum edildiğinde, sadece Yaşam ve Ölüm Kitabı'nı çalar ve adını (ve tanıdığı tüm maymunların adlarını) ondan siler. Böylece, tüm tanrılar ve Cennet'in tüm orduları onu durduramayınca, tanrılar gücü en büyük olan ve maymunu avucuna hapseden Buda'ya başvururlar.</Text>
    </Row>
    <Row Tag="LOC_PEDIA_UNITS_PAGE_UNIT_HERO_WUKONG_CHAPTER_HISTORY_PARA_4">
      <Text>Ancak Sun Wukong'un hikâyesi bu kadarla kalmaz. Yüzyıllar sonra, tanrıça Guan Yin, kutsal Budist sutralarını almak için Hindistan'a giden keşiş Tang Sanzang'ı koruması için kahramanı görevlendirir. Guan Yin onu kontrol etmek için, Sıkma Sutrası'nı okuduğunda acı verici bir şekilde sıkan büyülü bir halka takması için kandırır - bazen Merhamet Tanrıçası'nın bile sert olması gerekir. Yolcular, yaşayan Buddha'nın kutsal metinleri keşişe verdiği Hindistan'a giderken canavarlar ve fantastik arazilerle karşılaşırlar.</Text>
    </Row>
    <Row Tag="LOC_PEDIA_UNITS_PAGE_UNIT_HERO_WUKONG_CHAPTER_HISTORY_PARA_5">
      <Text>Sun Wukong, Çin medyasında popüler bir figür olmaya devam etmektedir ve birçok filmin yıldızı olmuştur. Doğu Asya'da ve Güneydoğu Asya'daki Çin diasporasında da popülerdir.</Text>
    </Row>
    <!--Questing Knight-->
    <Row Tag="LOC_PEDIA_UNITS_PAGE_UNIT_QUESTING_KNIGHT_CHAPTER_HISTORY_PARA_1">
      <Text>Yuvarlak Masa Şövalyeleri, 12. yüzyıl ve sonrasına ait Fransız ve İngiliz efsanelerine göre Kral Arthur tarafından bir araya getirilmiş bir grup savaşçıydı. Hem ortaçağ şövalye romanslarının hem de günümüz peri masallarının klasikleri olan bu hikayeler, bu şövalyelerin eylemlerine odaklanmıştır. Klasik öykülerde şövalyelerin maceraları onurun savunulması ya da Hıristiyan dindarlığı etrafında dönüyordu. Örneğin Gawain'in masalında şövalyeye, Yuvarlak Masa'nın onuruyla alay eden tuhaf bir "Yeşil Şövalye" meydan okur. Yeşil Şövalye Gawain'e kafasını kesmesi için meydan okur, Gawain de Yeşil Şövalye'nin aynısını kendisine yapmasına izin verir. Orkney'in dış adalarından gelen kaba saba bir şövalye olan Gawain bunu kabul eder, ancak Yeşil Şövalye onu şaşırtarak kesik başını omuzlarına koyar ve bir sonraki yıl Gawain'i kabul edeceğini açıklar. Bu elbette bir onur sınavıdır - Gawain muhtemelen ölümüne sebep olacak şeye gelecek midir, yoksa kanonik olmayan Sir Robin'in deyimiyle "cesurca korkup kaçacak mıdır?" Gawain elbette sadık kalır ve Masa'nın onuru korunur.</Text>
    </Row>
    <Row Tag="LOC_PEDIA_UNITS_PAGE_UNIT_QUESTING_KNIGHT_CHAPTER_HISTORY_PARA_2">
      <Text>Elbette en ünlü arayış, İsa Mesih'in çarmıhta ölürken kanını aldığı söylenen kâse olan Kutsal Kâse içindi (en azından Robert de Boron'un 12. ve 13. yüzyıldaki anlatılarından itibaren), ancak diğer anlatılarda Kâse bir Komünyon gofreti tutacağı ya da Lucifer'in isyanı sırasında tarafsız kalan melekleri içeren bir taş olarak yer almaktadır.</Text>
    </Row>
    <Row Tag="LOC_PEDIA_UNITS_PAGE_UNIT_QUESTING_KNIGHT_CHAPTER_HISTORY_PARA_3">
      <Text>En ünlü şövalyeler arasında saf Galahad, cesur Lancelot, kudretli Gawain ve "Galahad sahneye çıkmadan önce saf olan" Percival yer alırken; Kay, Bedivere, Bors ve tabii ki "Bu Oyunda Görünmeyen Sör" de dahil olmak üzere yüzlerce şövalye daha vardır.</Text>
    </Row>
  </EnglishText>
</GameData>