﻿<?xml version="1.0" encoding="utf-8"?>
<GameData>
  <EnglishText>
    <!--Improvements-->
    <Row Tag="LOC_IMPROVEMENT_MAHAVIHARA_NAME">
      <Text>Mahavihara</Text>
    </Row>
    <Row Tag="LOC_IMPROVEMENT_MAHAVIHARA_DESCRIPTION">
      <Text>Bir Mahavihara inşa etmek için İnşaatçı yeteneğinin kilidini açar.[NEWLINE][NEWLINE]+2 [ICON_SCIENCE] Bilim ve +1 [Icon_Housing] Konut. Bitişik her Kutsal Alan bölgesi için +1 [ICON_Faith] İnanç ve bitişik her Kampüs bölgesi için +1 [ICON_Science] Bilim. Bilimsel Teoriyi araştırdıktan sonra, bitişik her Kampüs için ek +1 [Icon_Science] Bilim alırsınız. Bir oyuncu ilk Mahavihara'sını inşa ettiğinde rastgele bir teknoloji alır. Başka bir Mahavihara'ya bitişik olmayan düz bir arazide inşa edilmelidir.</Text>
    </Row>
    <Row Tag="LOC_IMPROVEMENT_TRADING_DOME_NAME">
      <Text>Ticaret Kubbesi</Text>
    </Row>
    <Row Tag="LOC_IMPROVEMENT_TRADING_DOME_DESCRIPTION">
      <Text>Bir Ticaret Kubbesi inşa etmek için İnşaatçı yeteneğinin kilidini açar.[NEWLINE][NEWLINE]+2 [ICON_GOLD] Altın. Her bitişik Lüks kaynak için +1 [ICON_Gold] Altın. Giden uluslararası [ICON_TradeRoute] Ticaret Yollarınız, başlangıçtaki Ticaret Kubbesi başına +1 [ICON_GOLD] Altın verir. Başka bir Ticaret Kubbesinin yanına inşa edilemez.</Text>
    </Row>
  </EnglishText>
</GameData>