﻿<?xml version="1.0" encoding="utf-8"?>
<GameData>
  <EnglishText>
    <Row Tag="LOC_GREATWORK_BEHZAD_1_NAME">
      <Text>Timur ve Mısır Kralının Savaş Alanı</Text>
    </Row>
    <Row Tag="LOC_GREATWORK_BEHZAD_2_NAME">
      <Text>Yusef ve Zuleykha</Text>
    </Row>
    <Row Tag="LOC_GREATWORK_BEHZAD_3_NAME">
      <Text>Timur'un Tahta Çıkışı Vesilesiyle Kendisini Kabul Etmesi</Text>
    </Row>
    <Row Tag="LOC_GREATWORK_TOHAKU_1_NAME">
      <Text>Çam Ağaçları</Text>
    </Row>
    <Row Tag="LOC_GREATWORK_TOHAKU_2_NAME">
      <Text>Akçaağaç Ağacı</Text>
    </Row>
    <Row Tag="LOC_GREATWORK_TOHAKU_3_NAME">
      <Text>Kuşlar ve Çiçekler</Text>
    </Row>
    <Row Tag="LOC_GREATWORK_KADINSKY_1_NAME">
      <Text>Kompozisyon 8</Text>
    </Row>
    <Row Tag="LOC_GREATWORK_KADINSKY_2_NAME">
      <Text>Mavi Binici</Text>
    </Row>
    <Row Tag="LOC_GREATWORK_KADINSKY_3_NAME">
      <Text>Kızıl Meydan</Text>
    </Row>
    <!-- Music -->
    <Row Tag="LOC_GREATWORK_CANTEMIR_1_NAME">
      <Text>Peşrev Acem Yegiahi</Text>
    </Row>
    <Row Tag="LOC_GREATWORK_CANTEMIR_2_NAME">
      <Text>Moldavya Prensi</Text>
    </Row>
    <Row Tag="LOC_GREATWORK_CANTEMIR_3_NAME">
      <Text>Uzzusule Beresvan</Text>
    </Row>
    <Row Tag="LOC_GREATWORK_JOPLIN_1_NAME">
      <Text>Şovmen</Text>
    </Row>
    <Row Tag="LOC_GREATWORK_JOPLIN_2_NAME">
      <Text>Maple Leaf Rag</Text>
    </Row>
    <Row Tag="LOC_GREATWORK_JOPLIN_3_NAME">
      <Text>Kolay Kazananlar</Text>
    </Row>
    <Row Tag="LOC_GREATWORK_BARTOK_1_NAME">
      <Text>Yaylı Çalgılar Dörtlüsü No. 2</Text>
    </Row>
    <Row Tag="LOC_GREATWORK_BARTOK_2_NAME">
      <Text>Dans Süiti</Text>
    </Row>
    <Row Tag="LOC_GREATWORK_BARTOK_3_NAME">
      <Text>Yaylı Çalgılar Dörtlüsü No. 1</Text>
    </Row>
    <!-- Writing -->
    <Row Tag="LOC_GREATWORK_BEATRIX_POTTER_1_NAME">
      <Text>Tavşan Peter Masalı</Text>
    </Row>
    <Row Tag="LOC_GREATWORK_BEATRIX_POTTER_2_NAME">
      <Text>Gloucester'lı Terzi</Text>
    </Row>
    <Row Tag="LOC_GREATWORK_VALMIKI_1_NAME">
      <Text>Ramayana</Text>
    </Row>
    <Row Tag="LOC_GREATWORK_VALMIKI_2_NAME">
      <Text>Yoga Vasistha</Text>
    </Row>
    <Row Tag="LOC_GREATWORK_RUMI_1_NAME">
      <Text>Divani Şemsi Tebriz</Text>
    </Row>
    <Row Tag="LOC_GREATWORK_RUMI_2_NAME">
      <Text>Mesnevi</Text>
    </Row>
    <Row Tag="LOC_GREATWORK_GABRIELA_MISTRAL_1_NAME">
      <Text>Lecturas para mujeres (Kadınlar için Kitaplar)</Text>
    </Row>
    <Row Tag="LOC_GREATWORK_GABRIELA_MISTRAL_2_NAME">
      <Text>Sonetos de la Muerte (Ölüm Soneleri)</Text>
    </Row>
    <Row Tag="LOC_GREATWORK_BEATRIX_POTTER_1_QUOTE">
      <Text>"Şimdi, canlarım," dedi yaşlı Bayan Tavşan bir sabah, "tarlalara ya da sokağa gidebilirsiniz, ama Bay McGregor'un bahçesine girmeyin: Babanız orada bir kaza geçirdi; Bayan McGregor tarafından bir turtaya kondu."</Text>
    </Row>
    <Row Tag="LOC_GREATWORK_BEATRIX_POTTER_2_QUOTE">
      <Text>Artık bükülme yok!</Text>
    </Row>
    <Row Tag="LOC_GREATWORK_VALMIKI_1_QUOTE">
      <Text>Kahraman ipine bir ok yerleştirdi [NEWLINE] Tıslayan bir yılan gibi. [NEWLINE] Rüzgârın hızıyla tüylendi;</Text>
    </Row>
    <Row Tag="LOC_GREATWORK_VALMIKI_2_QUOTE">
      <Text>Her ruhun kendi doğasını unutması ve kendisini bedende ikamet eden canlı bir ruh olarak düşünmesi şaşırtıcıdır... sanki bir tencereye hapsedilmiş gibi</Text>
    </Row>
    <Row Tag="LOC_GREATWORK_RUMI_1_QUOTE">
      <Text>Cesur adamlar gibi dik sancağını çölün ortasına</Text>
    </Row>
    <Row Tag="LOC_GREATWORK_RUMI_2_QUOTE">
      <Text>Ekmek kırılmadan nasıl yemek olabilir?[NEWLINE]Üzüm ezilmeden nasıl şarap olabilir?</Text>
    </Row>
    <Row Tag="LOC_GREATWORK_GABRIELA_MISTRAL_1_QUOTE">
      <Text>Gerçek usta her zaman bir tür sanatçı olacaktır; bazılarının ruhani liderin dönüştüğünü görmek isteyeceği herhangi bir "iş patronu" veya "çiftlik ustabaşısı" türünü kabul edemeyiz.</Text>
    </Row>
    <Row Tag="LOC_GREATWORK_GABRIELA_MISTRAL_2_QUOTE">
      <Text>Güzel intikamımı söyleyerek yürüyüp gideceğim, çünkü o tenha derinliklerde hiçbir el senin bir avuç kemiğini benden çalmak için uzanamayacak!</Text>
    </Row>
  </EnglishText>
</GameData>