﻿<?xml version="1.0" encoding="utf-8"?>
<GameData>
  <EnglishText>
    <Row Tag="LOC_PEDIA_LEADERS_PAGE_LEADER_HAMMURABI_CHAPTER_CAPSULE_BODY">
      <Text>Babylon Bilim Zaferi'nin nasıl kazanılacağını yeniden yazıyor. Geleneksel yollarla Bilim kazanmaya [ICON_Science] odaklanmak yerine, Babylon Eurekas'ın kilidini açarak Bilim yarışında öne geçmeye çalışıyor.</Text>
    </Row>
    <Row Tag="LOC_PEDIA_LEADERS_PAGE_LEADER_HAMMURABI_CHAPTER_DETAILED_BODY">
      <Text>Babil'in stratejisi, bilim yarışında öne geçmek için benzersiz yeteneklerini kullanmaya dayanır. Hammurabi her turda -%50 [ICON_Science] Bilim ile mücadele etmek zorundadır, ancak Eurekalar araştırmayı sadece kısmen artırmak yerine, teknolojilerin kilidini tamamen açar. Buna ek olarak, Hammurabi her bölgeden bir tane inşa etmeye çalışır, çünkü diğer benzersiz yeteneği ona yeni bir bölgede ücretsiz bir başlangıç binası verir. Son olarak, eşsiz binası Palgum ek [ICON_Production] Üretim sağlar. Etkili bir Babil hükümdarı, haritayı keşfetmek için benzersiz birimi Sabum Kibbitum'u kullanabilir ve ek görüş ve hareketi sayesinde Doğal Harikalar, diğer Medeniyetler, Kabile Köyleri vb. bularak daha fazla Eureka tetikleyebilir. Hammurabi, Bilim Zaferi için en iyi şekilde hazırlanmıştır.</Text>
    </Row>
    <!-- civs -->
    <Row Tag="LOC_CIVINFO_BABYLON_STK_LOCATION">
      <Text>Mezopotamya, günümüz Irak'ı</Text>
    </Row>
    <Row Tag="LOC_CIVINFO_BABYLON_STK_SIZE">
      <Text>Yaklaşık 30.000 mil kare (50.000 km kare)</Text>
    </Row>
    <Row Tag="LOC_CIVINFO_BABYLON_STK_POPULATION">
      <Text>Babil'in kendisi yaklaşık 200.000 kişi barındırıyordu ve muhtemelen zamanında dünyanın en kalabalık şehriydi. İmparatorluğun nüfusu, hangi şehirlerin yönetime dahil edildiğine ve hangilerinin dışarıda bırakıldığına bağlı olarak çılgınca dalgalanıyordu.</Text>
    </Row>
    <Row Tag="LOC_CIVINFO_BABYLON_STK_CAPITAL">
      <Text>Babil</Text>
    </Row>
    <Row Tag="LOC_PEDIA_CIVILIZATIONS_PAGE_CIVILIZATION_BABYLON_STK_CHAPTER_HISTORY_PARA_1">
      <Text>Babil, Mezopotamya'dan yükseldi: Fırat ve Dicle nehirleri arasındaki topraklar, günümüz Bağdat'ının hemen güneybatısında, MÖ 2000 civarında. O zamanlar halk Babilliler olarak değil, Amoritler olarak biliniyordu. Sumu-abum adlı bir reis, kendisini ve halkını komşu şehir devleti Kazallu'dan bağımsız ilan etti ve ilk Babil hanedanını kurdu. Ancak Babil, en ünlü hükümdarı Hammurabi'nin yönetimine kadar küçük bir şehir devletiydi.</Text>
    </Row>
    <Row Tag="LOC_PEDIA_CIVILIZATIONS_PAGE_CIVILIZATION_BABYLON_STK_CHAPTER_HISTORY_PARA_2">
      <Text>Hammurabi, bir dizi ittifak, ihanet ve fetih yoluyla Babil'in altyapısını geliştirdi ve sınırlarını genişletti. İmparatorluğunu Hammurabi Kanunları'nda toplanan bir dizi kanunla, suç ve cezanın nasıl ele alınması gerektiğini detaylandıran kanunlarla yönetti. Bu kanunlar inanılmaz derecede spesifik ve rasyoneldi: çoğumuz "göze göz, dişe diş" ifadesine bu kanundan aşinayızdır, ancak aynı zamanda hırsızlık (bir öküz çalmak orijinal fiyatının otuz katı ödenerek cezalandırılır), tıbbi uygulama hatası ve diğer suçlar için fiyatları da detaylandırır. Kanun, o dönemde bir yenilik olarak, suçluluğu kanıtlanana kadar masumiyet varsayımını da içermektedir.</Text>
    </Row>
    <Row Tag="LOC_PEDIA_CIVILIZATIONS_PAGE_CIVILIZATION_BABYLON_STK_CHAPTER_HISTORY_PARA_3">
      <Text>Hammurabi sık sık askeri seferlere çıksa da, hızla genişleyen imparatorluğuyla kişisel temasını sürdürmesine olanak tanıyan bir mesafeden yönetmeye devam etti. Kırk iki yıllık hükümdarlığının sonunda güney Mezopotamya'nın tamamını kontrol ediyordu. Babil şehri bu imparatorluğun başkenti olarak kuruldu ve Mezopotamya'da zenginlik ve gücün kalbi haline geldi.</Text>
    </Row>
    <Row Tag="LOC_PEDIA_CIVILIZATIONS_PAGE_CIVILIZATION_BABYLON_STK_CHAPTER_HISTORY_PARA_4">
      <Text>Babil, Hammurabi'nin MÖ 1750'de vefatından sonra geriledi. Haleflerinden hiçbiri bu devasa imparatorluğu bir arada tutacak vizyona, ittifaklara ya da askeri beceriye sahip değildi (en azından hiçbiri Hammurabi gibi yaşamları boyunca tanrılaştırılmamıştı - bu çok zor bir durumdu). Hammurabi'nin hemen halefi Samsu-iluna, Hammurabi'nin kurduğu imparatorluğun çökmeye başladığını gördü. Asurlular Hammurabi'nin genişlemesine karşı çıktılar ve halefleri sınırları koruyamayarak Babil'i bir kez daha küçük bir şehir devletine indirgediler.</Text>
    </Row>
    <Row Tag="LOC_PEDIA_CIVILIZATIONS_PAGE_CIVILIZATION_BABYLON_STK_CHAPTER_HISTORY_PARA_5">
      <Text>Sonraki birkaç yüz yıl boyunca Babil birçok kez devrildi, yağmalandı ve fethedildi. Mahsul kıtlığı, güçlü bir yöneticinin eksikliği ve dış çatışmalar şehrin kendi sınırları içinde bile istikrarlı bir yer edinmesini engelledi. Hititler, Kassitler, Keldaniler, Aramiler ve son olarak Asurlular bir süreliğine toprakları ele geçirdiler. Kassitler döneminde Babil, özellikle matematik, tıp ve astroloji alanlarında ("Karanduniaş" adı altında) yeniden refah bulmayı başardı. Başka bir fatih tarafından ele geçirilene kadar şehri dört yüz yıldan fazla ellerinde tuttular.</Text>
    </Row>
    <Row Tag="LOC_PEDIA_CIVILIZATIONS_PAGE_CIVILIZATION_BABYLON_STK_CHAPTER_HISTORY_PARA_6">
      <Text>Asur kralı Sanherib'in hükümdarlığının son dönemlerinde, Babil sürekli bir huzursuzluk ve isyan halindeydi ve Sanherib bunun ancak şehrin yerle bir edilmesiyle durdurulabileceğini düşünüyordu. Şehir yandı. Sanherib surları yıktı ve kenti harap etti, dini tapınaklarını ve saraylarını yıktı. Sanherib'in kendi oğulları yaptıkları karşısında şok oldular ve kentin yeniden inşasına yardım etmeden önce babalarını kefaret için öldürdüler.</Text>
    </Row>
    <Row Tag="LOC_PEDIA_CIVILIZATIONS_PAGE_CIVILIZATION_BABYLON_STK_CHAPTER_HISTORY_PARA_7">
      <Text>Chaldea Kralı Nabopolassar MÖ 612'de şehri yeniden inşa etmeye başladı. İşe ittifaklar kurarak başladı ve ardından oğlu Kral Nebukadnezar II, Babil'i antik dünyanın en güzel harikalarından biri haline getirdi. Nebukadnezar, mimari bir sanat telaşıyla Etemenanki zigguratını ve İştar Kapısı'nı inşa etti. Yeri hiçbir zaman doğrulanmamış olsa da, karısı için Babil'in Asma Bahçeleri'ni de yaptırdığı söylenir.</Text>
    </Row>
    <Row Tag="LOC_PEDIA_CIVILIZATIONS_PAGE_CIVILIZATION_BABYLON_STK_CHAPTER_HISTORY_PARA_8">
      <Text>M.Ö. 500 yıllarında diğer birçok bölge gibi Babil de Pers Kralı Büyük Kiros'un eline geçti. Kral 2. Kiros ve nihayetinde Kral 1. Darius döneminde Babil, 9. Satraplığın ya da eyaletin başkenti ve Pers İmparatorluğu'nun idari başkenti haline getirildi. Bir kez daha hem bilginlere hem de sanatçılara hitap eden bir şehir haline geldi. İki yüz yıl boyunca şehir zenginleşti. Ancak, zaman içinde, özellikle de paranın karşılığını gösterecek önemli yapısal iyileştirmeler yapılmadan vergiler artırıldıktan sonra şehir isyan etti.</Text>
    </Row>
    <Row Tag="LOC_PEDIA_CIVILIZATIONS_PAGE_CIVILIZATION_BABYLON_STK_CHAPTER_HISTORY_PARA_9">
      <Text>Babil, şehre bir kez daha zenginlik ve bilgi getiren Büyük İskender'in fethine tanık oldu. On iki yıl boyunca, geçmiş altın çağların yankısı bölgede dalgalandı. İskender'in vefatının ve imparatorluğunu akılsızca birden fazla generale paylaştırmasının ardından, nüfusun bir kısmının "transferi" ile birlikte, şehir devleti bir kez daha ticari açıdan önemsiz hale geldi.</Text>
    </Row>
    <Row Tag="LOC_PEDIA_CIVILIZATIONS_PAGE_CIVILIZATION_BABYLON_STK_CHAPTER_HISTORY_PARA_10">
      <Text>Fetih, yıkım ve daha sonra yeniden inşa döngülerine rağmen Babil, akademik ve mimari açıdan öne çıktığı dönemler sayesinde tarihsel hafızamızda sağlam bir yer edinmiştir. Asma Bahçelerin bir zamanlar Babil'de bulunup bulunmadığına bakılmaksızın, şehir hala başka mimari harikalara sahiptir. Fetih dönemlerine rağmen Babil hiçbir zaman tamamen yerle bir edilmemiş ya da tuzla buz edilmemiştir. Bunun yerine, fatihler bir dereceye kadar bazı yönlerin kalmasına izin vermişlerdir. İştar kapısının, tabletlerin ve hatta zeminin parçaları, günümüz Irak'ındaki antik alanda hala bulunmakta, gün yüzüne çıkarılmayı ve belki de yeniden inşa edilmeyi beklemektedir.</Text>
    </Row>
    <!-- leaders -->
    <Row Tag="LOC_PEDIA_LEADERS_PAGE_LEADER_HAMMURABI_TITLE">
      <Text>Hammurabi</Text>
    </Row>
    <Row Tag="LOC_PEDIA_LEADERS_PAGE_LEADER_HAMMURABI_QUOTE">
      <Text>Anu ve Bel, ülkede doğruluğun egemenliğini sağlamak için adımı Hammurabi, yüce prens, saygıdeğer olarak çağırdılar.</Text>
    </Row>
    <Row Tag="LOC_PEDIA_LEADERS_PAGE_LEADER_HAMMURABI_CHAPTER_HISTORY_PARA_1">
      <Text>Babil'in adı, üç bin yıl önce zirveye ulaşmış olmasına rağmen, lüks ve güçle eşanlamlı olarak yaşamaya devam ediyor. Babil krallarından Hammurabi'nin adı da sert adalet ve akılcı yönetimle anılmaya devam ediyor.</Text>
    </Row>
    <Row Tag="LOC_PEDIA_LEADERS_PAGE_LEADER_HAMMURABI_CHAPTER_HISTORY_PARA_2">
      <Text>Hammurabi, Babil'deki Amorit hanedanının ilk hükümdarıydı. Henüz nispeten gençken babası Sin-Muballit'in yerine geçmiştir. Babası hükümdarlığı sırasında krallığın temellerini atmış, ancak komşu şehir Larsa'ya karşı başarısız bir askeri seferden sonra pek de fatih sayılmamıştır. Tahtı erkenden oğlu Hammurabi'ye bırakması için ona baskı yapan şey muhtemelen buydu - bu herkesi mutlu eden bir düzenleme olurdu: Larsa ve kralları I. Rim Sin, tahtta görünüşte iç işlerine odaklanmış bir çocuk varken daha rahat edebilirlerdi.</Text>
    </Row>
    <Row Tag="LOC_PEDIA_LEADERS_PAGE_LEADER_HAMMURABI_CHAPTER_HISTORY_PARA_3">
      <Text>Hammurabi saltanatına, babasının krallığın iç yapılarını iyileştirme çalışmalarını sürdürerek başladı. Buna, MÖ 1754 yılında yazdığı (daha doğrusu yonttuğu) ve Hammurabi Kanunları olarak bilinen kanunlar da dahildi.</Text>
    </Row>
    <Row Tag="LOC_PEDIA_LEADERS_PAGE_LEADER_HAMMURABI_CHAPTER_HISTORY_PARA_4">
      <Text>Hammurabi Kanunları dört tonluk dev bir diorit levha üzerine çivi yazısıyla kazınmıştır. Kanunlar Lex Talionis ya da cezalandırıcı adalet etrafında dönüyordu - "göze göz, dişe diş" ifadesi Kanun'dan bir alıntıdır. Buradaki fikir, sanık mahkum edildikten sonra yoruma gerek kalmamasını sağlamak için belirli suçların belirli cezaları olmasıydı. Cezaların çoğu acımasızdı ve bu da pek çok suçu caydırmaya yetiyordu. Suçluluğa karar vermek için kullanılan testlerin hepsi günümüz standartlarında geçerli değildir (örneğin bir kadının kocasına sadakatsizlik edip etmediğini kontrol etmek için yapılan yüzme testi).</Text>
    </Row>
    <Row Tag="LOC_PEDIA_LEADERS_PAGE_LEADER_HAMMURABI_CHAPTER_HISTORY_PARA_5">
      <Text>Babil'de Hammurabi şehir surlarını inşa etti ve kanallar ile su kemerlerine dayalı bir sulama sistemi geliştirdi. Ayrıca tanrıları için görkemli tapınaklar inşa etmeye başladı. Bu, onu halk arasında popüler hale getirdi ve tam da ihtiyacı olan şey olan vatandaşlık görevi duygusunu artırdı. Çünkü Larsa halkının düşündüğünün aksine, Hammurabi gerçekten de Güney Mezopotamya'yı fethedecekti.</Text>
    </Row>
    <Row Tag="LOC_PEDIA_LEADERS_PAGE_LEADER_HAMMURABI_CHAPTER_HISTORY_PARA_6">
      <Text>Babasının yenilgisinin intikamını almak için Larsa'ya saldırma tuzağına düşmek kolay olurdu. Daha küçük bir kral bunu yapardı. Bunun yerine, Elamlılar denen bir grup Orta Mezopotamya'yı işgal ettiğinde Larsa ile ittifak kurdu (bunlar Anşan şehrini inşa eden Elamlılarla aynı Elamlılar). Onların yardımıyla Elamlıları hızla ve kolayca yenilgiye uğrattı, ancak bu ittifak amacına ulaşır ulaşmaz Hammurabi durumu tersine çevirdi. Nippur ve Lagaş şehir devletlerine giderek Uruk ve İsin-Larsan şehirlerini alabilmek için onlarla ittifak kurdu. Daha sonra müttefiklerine sırtını döndü ve Nippur ile Lagaş'ı aldı. Bu sürekli ittifak ve ihanet dansına rağmen, güney Mezopotamya'nın tamamı kontrolü altına girene kadar gönüllü müttefikler bulmaya devam etti.</Text>
    </Row>
    <Row Tag="LOC_PEDIA_LEADERS_PAGE_LEADER_HAMMURABI_CHAPTER_HISTORY_PARA_7">
      <Text>Hammurabi'nin fetihleri Larsa'yı fethetmekle bitmedi. Gözleri, kral Zimri-Lim'in Amorit Krallığı Mari'yi elinde tuttuğu kuzeye çevrildi. Mari zengindi ve suyu kontrol ediyorlardı. Hammurabi, Fırat Nehri'nin kullanımı için şehirle görüşmeye devam etmek yerine, Mari'ye meydan okudu. Şehri fethetmek yerine yerle bir etti, muhtemelen tüm Mezopotamya'ya bir mesaj göndermek için: müzakere şartlarını belirleyecek olan oydu. Hammurabi oradan kuzeye, Eşnunna'ya doğru devam etti ve MÖ 1755'te tüm Mezopotamya'ya hükmetti.</Text>
    </Row>
    <Row Tag="LOC_PEDIA_LEADERS_PAGE_LEADER_HAMMURABI_CHAPTER_HISTORY_PARA_8">
      <Text>İstilaları ne derse desin, zalim bir kral değildi. Ona bani matim ya da toprağın kurucusu denirdi. Topraklarını genişletmek için uzakta olduğu zamanlarda bile halkıyla ilgilenirdi. Yöneticilerine şehrin bakımı ve dekorasyonu için emirler içeren mektuplar gönderirdi. Hammurabi'nin kanunları sadece katılığıyla değil, merhamet kapasitesiyle de yenilikçiydi - yeni başlayanlar için suçluların masum olduğu varsayılırdı.</Text>
    </Row>
    <Row Tag="LOC_PEDIA_LEADERS_PAGE_LEADER_HAMMURABI_CHAPTER_HISTORY_PARA_9">
      <Text>Babası gibi Hammurabi de oğlu Samsu-İluna'ya kral olmadan önce kralın görevlerini yerine getirmesi için güvenmişti, bu yüzden yaşı ve hastalığı onu yakaladığında Hammurabi endişelenmemişti. Ancak Hammurabi'nin MÖ 1750'deki ölümünün ardından Samsu-İluna, ardından gelen istilaları engelleyemediğini kanıtladı. Ölümünden sadece bir yıl sonra krallığı çökmeye başladı. İster haleflerinin karizması, zekâsı ya da alçakgönüllü bilgeliğinden yoksun olduğu için, isterse sadece ittifaklar sürdürülmediği için olsun, krallık hiçbir zaman Hammurabi'nin hükümdarlığı dönemindeki kadar geniş ya da güvenli olmadı.</Text>
    </Row>
    <!-- units -->
    <Row Tag="LOC_PEDIA_UNITS_PAGE_UNIT_BABYLONIAN_SABUM_KIBITTUM_CHAPTER_HISTORY_PARA_1">
      <Text>Hammurabi'nin zamanından sonra Babil, Mezopotamya savaşını yeniden şekillendiren Asurlular tarafından işgal edildi. Asur kralı Tiglath Pileser III, başlangıçta askere alınmış çiftçilerden oluşan bir topluluğu ele aldı ve onlardan farklı birimlerin farklı görevler üstlendiği (örneğin ikmal hatları, iletişim, mühendislik vb.) entegre bir ordu oluşturdu. Dahası, çağdaşlarının çoğu hâlâ tunç kullanırken Asur birlikleri demir silahlar kullanıyordu. Asurlu sabum kibittum -şok birlikleri- dehşet verici olmalıydı. Geride bıraktıkları kesinlikle öyleydi; Asur kralları anıtlarında "Yıktım, harap ettim ve ateşle yaktım" sözlerini tekrarlıyorlardı.</Text>
    </Row>
    <!-- buildings and districts -->
    <Row Tag="LOC_PEDIA_BUILDINGS_PAGE_BUILDING_PALGUM_CHAPTER_HISTORY_PARA_1">
      <Text>Mezopotamya suyla karmaşık bir ilişkisi olan bir ülkedir. Kurak çöl ile sele meyilli Dicle ve Fırat arasında kalan Babilliler nehirlerini nasıl kontrol edeceklerini öğrenmek zorundaydılar. Ve onları kontrol ettiler, hatta ayrıntılı bahçeleri beslemek için akışı palgum - küçük ölçekli kanallar - aracılığıyla yönlendirdiler. Babil'in Asma Bahçeleri tarihçilerin umduğu kadar iyi belgelenmemiş olsa da, Asur kralı Sanherib Ninova'da su kemerleri ve ayrıntılı kanallarla beslenen lüks bir bahçe inşa etti - genellikle farklı noktalarda aynı su yolu, dağları kesiyor ve kanyonlar üzerinde yükseliyordu - bu da sarayda abanoz ve gül ağacı gibi egzotik ağaçların yetişmesine izin veriyordu. Bu kanallar büyük kireçtaşı bloklarla güçlendirilmiş ve özel savak kapılarıyla kontrol ediliyordu. Kral bunlarla gurur duyuyordu - şöyle yazmıştı: "Derin vadiler üzerinde beyaz taş bloklardan bir köprü kurdum. Bu suların onun üzerinden geçmesini sağladım." Irak'taki Yezidi etnik grubu bu özenli su kemerleri ve kanalları inşa etme geleneğini 20. yüzyıla kadar sürdürmüştür.</Text>
    </Row>
    <!-- improvements -->
    <Row Tag="LOC_PEDIA_IMPROVEMENTS_PAGE_IMPROVEMENT_MAHAVIHARA_CHAPTER_HISTORY_PARA_1">
      <Text>Vihara, Budist manastırı için Sanskritçe ve Pali dilinde kullanılan bir terimdir; "Maha" basitçe "büyük" anlamına gelir, bu nedenle "mahavihara" manastır yaşamı için büyük bir merkez anlamına gelir. Bir viharadaki Budist keşişler sadece meditasyon yoluyla aydınlanmayı arayan sessiz ibadet eden klişesi değildir. Aksine, pek çok manastır aktif öğrenme yerleridir - adanmışlar çok çeşitli bilgilere maruz kalır ve dini ve bilimsel gerçekleri tartışmaya teşvik edilirler. Nalanda'daki mahavihara, tam da bu tartışma ve fikir alışverişi için Asya'nın dört bir yanından ziyaretçilerin geldiği devasa bir kompleksti. İçerisinde Budizm'in yanı sıra edebiyat ve bilimle ilgili bilgileri de barındıran ve aralarında pek çok ünlü metnin de bulunduğu bir kütüphane bulunuyordu: Nagarjuna'nın Madhyamaka'sı veya boşluk doktrini; hem Budizm hem de Hinduizm için hayati önem taşıyan Dört Veda - Sanskritçe metinler. Vihara günümüzde de varlığını sürdürmektedir - Tayca ve Kamboçyaca'da sırasıyla "wihan" ve "vihear" terimleri bir Budist tapınağındaki ana işlevsel yapıyı ifade eder.</Text>
    </Row>
    <Row Tag="LOC_PEDIA_IMPROVEMENTS_PAGE_IMPROVEMENT_TRADING_DOME_CHAPTER_HISTORY_PARA_1">
      <Text>Semerkant'ın en yenilikçi mimari özelliklerinden biri de kubbeleridir. Bir yapının üzerine tek bir kubbe inşa etmekle yetinmeyen mimarlar, kubbe üzerine kubbe yığmış ve bunları birbirine bağlayarak sağlam ama geniş bir iç mekan oluşturmuşlardır. İç kısımda, bunların çoğu ayrıntılı İslami mukarnaslarla - süslü dekoratif tonozlar - süslenmiştir. Buhara, Semerkant ve Taşkent'i birbirine bağlayan yolların kesişme noktasındaki ticaret kubbesi olan Chorsu çarşısı bu tür mimarinin bir örneğidir. Semerkant'ın en parlak döneminde çarşının içinde Çin, Hindistan, Avrupa ve Orta Doğu'dan - neredeyse bilinen tüm dünyadan - mallar ve insanlar olurdu.</Text>
    </Row>
    <!-- city states -->
    <Row Tag="LOC_PEDIA_CITYSTATES_PAGE_CIVILIZATION_AYUTTHAYA_CHAPTER_HISTORY_PARA_1">
      <Text>Khmer İmparatorluğu 14. yüzyılda geriledikçe, egemen olduğu topraklar da kendilerini göstermeye başladı. Günümüz Tayland'ındaki Chao Phraya vadisinde, Tay dili ve Lao dili konuşan halkların yaşadığı "mueang" adı verilen bir dizi Theravada Budist şehir devleti Khmer'den ayrılmaya başladı ve Khmer'in dinini, kraliyet geleneklerini ve diğer pek çok kültürel ve yasal özelliğini korurken kendi dilsel ve kültürel bağımsızlıklarını iddia ettiler. Mueang "mandala devletleriydi", sınırları belli olmayan krallıklar, ancak güzelliği, sanatsal başarıları ve kozmopolit görünümü vurgulayan bir şehir merkezliydi - o zamanki ülkeleri bugün haritada gördüğümüz sınırları belli yapboz parçaları (ya da şu anki oyununuzdaki sınırları belli medeniyetler) olarak değil, manzaradan insanları ve gücü çeken mıknatıslar olarak düşünün. Güç ve kâr, özellikle porselen ya da tütsü gibi belirli mallar üzerindeki kraliyet tekelleri aracılığıyla geliyordu (aynı dönemden kalma bir Lao "mueang "ı olan Vientiane'nin adı "sandal ağacı şehri" anlamına geliyor).</Text>
    </Row>
    <Row Tag="LOC_PEDIA_CITYSTATES_PAGE_CIVILIZATION_AYUTTHAYA_CHAPTER_HISTORY_PARA_2">
      <Text>Mueanglar Khmerlerden kurtulduktan sonra birbirleriyle savaşmaya başladılar. Ve 14. ve 15. yüzyıllar boyunca biri baskın hale geldi. Adını Hindu destanı Ramayana'daki [Tay dilinde Ramakien] şehirden alan Ayutthaya, önce Chao Phraya nehri ovasının merkezi, daha sonra da Güneydoğu Asya anakarasında Avrupalı gezginlerin Hindistan ve Çin'le kıyasladığı önemli bir güç haline geldi. Ayutthaya yükselişi sırasında komşularıyla, özellikle de 1500'lerde Ayutthaya'yı fetheden ancak hırslı savaşçı kral Naresuan tarafından geri püskürtülen Birmanlarla diplomatik ve askeri olarak mücadele etti. Ayutthaya aynı zamanda saldırgan da olabiliyordu: en parlak döneminde Kamboçya, Malezya'nın bazı bölgeleri ve Laos, Ayutthaya kralları tarafından kontrol ediliyordu.</Text>
    </Row>
    <Row Tag="LOC_PEDIA_CITYSTATES_PAGE_CIVILIZATION_AYUTTHAYA_CHAPTER_HISTORY_PARA_3">
      <Text>Şehir 1600'lerde gelişti ve krallık bazı gezginler tarafından daha tanıdık bulabileceğimiz bir isimle anıldı: Siam (kendisi de bir Khmer kelimesinden veya muhtemelen Çince bir terimden türetilmiştir). Ayutthaya kralları dünyaya meraklı ve açıktı ve uluslararası diplomasinin zorlu alanlarında kendilerine yardımcı olmaları için Japon, Arap ve Avrupalı danışmanlar istihdam ediyorlardı. Chao Phraya nehrinin ortasındaki bir adada yer alan şehrin kendisi, yaklaşık çeyrek milyon sakiniyle o zaman için büyüktü ve kozmopolit, çok dilli bir doğaya sahipti - Japon, Çinli ve Avrupalı topluluklar şehirde kurulmuş ve yerel halkla kaynaşmıştı. Cinsiyet rolleri de Doğu Asya, Güney Asya veya Avrupa ile karşılaştırıldığında nispeten ilericiydi. Çinli bir gezgin "tüm işlerin eşler tarafından yürütülmesinin [Siamese] bir gelenek olduğunu" belirtmiş ve Alexander Hamilton "Siyam'daki kadınların mal satın alan tek tüccarlar olduğunu" kaydetmiştir.</Text>
    </Row>
    <Row Tag="LOC_PEDIA_CITYSTATES_PAGE_CIVILIZATION_AYUTTHAYA_CHAPTER_HISTORY_PARA_4">
      <Text>Ayutthaya gerilemedi; çöktü. Özellikle de Burma ordusu karşısında bir kez daha çöktü. Burmalılar 1767'de Ayutthaya'yı yağmalayıp yerle bir ederek tapınaklarının altınlarını, yetenekli zanaatkârlarının çoğunu alıp götürdüler ve şehrin büyük bir kısmını ateşe verdiler. Siyam birkaç yıl sonra daha güneyde, (kısmen) Krung Thep olarak adlandırılan ve yabancılar tarafından Bangkok olarak bilinen bir şehirde yeniden kuruldu. Bugün Siyam - Tayland - bölgede bir Avrupa gücü tarafından resmen sömürgeleştirilmemiş tek ülke olmaya devam etmektedir.</Text>
    </Row>
    <Row Tag="LOC_PEDIA_CITYSTATES_PAGE_CIVILIZATION_JOHANNESBURG_CHAPTER_HISTORY_PARA_1">
      <Text>Johannesburg'un hikayesi zenginlik ve çatışmadan oluşuyor. Johannesburg'un üzerinde bulunduğu topraklar, insanlığın milyonlarca yıldır var olduğu ve tüm bunlardan biraz daha yakın bir geçmişte San, Sotho-Tsawana ve diğer Afrika halkları tarafından işgal edildiği bir yerdir. Ancak Avrupa imparatorluklarının birbirini izleyen dalgaları Güney Afrika'yı sonsuza dek değiştirecekti; önce Hollandalılar, ardından da İngilizler bölgede varlık gösterdiler. İkincisi birincisinin yerini alırken, Hollandalı yerleşimciler kuzeye, Güney Afrika'nın içlerine doğru ilerledi ve iç kesimlere yerleşti. Ve 1880'lerde Johannesburg'a dönüşecek olan bölgede bir yerleşimci Witwatersrand altın yatağını keşfetti.</Text>
    </Row>
    <Row Tag="LOC_PEDIA_CITYSTATES_PAGE_CIVILIZATION_JOHANNESBURG_CHAPTER_HISTORY_PARA_2">
      <Text>Bundan sonra altın arayıcılarının bölgeye akın etmesi, toprak baronlarının bölgeyi kontrol etmeye çalışması ve Güney Afrika'nın her yerinden gelen işçilerin madenlerde iş aramasıyla şehir hızla büyüdü. Madenciler, gangsterler ve - belki de şaşırtıcı bir şekilde - Zulu erkeklerinin hakim olduğu bir çamaşırhane endüstrisi de dahil olmak üzere bölgenin her yerinden gelen diğer bireylerle vahşi bir yer olurdu. Hollandalı Afrikanerler ve İngiliz yerleşimciler büyüyen şehre kendi isimlerini verirken ("Johannes" o dönemde en popüler Hollandaca isimdir), nüfusun çoğu Afrikalıydı.</Text>
    </Row>
    <Row Tag="LOC_PEDIA_CITYSTATES_PAGE_CIVILIZATION_JOHANNESBURG_CHAPTER_HISTORY_PARA_3">
      <Text>Bölge o dönemde Zuid-Afrikaansche Republiek - Boer (Hollanda) Güney Afrika Cumhuriyeti - tarafından kontrol ediliyordu; bu devlet Birinci Boer Savaşı'nda İngiliz yayılmasına direnmiş ve kısa bir süre bağımsız bir cumhuriyet olarak varlığını sürdürmüştü. Bu devlet, Johannesburg'un nüfusunun azaldığı (ve Çin toplumunun kurulduğu) İkinci Boer Savaşı'nda İmparatorluğa karşı direnmedi.</Text>
    </Row>
    <Row Tag="LOC_PEDIA_CITYSTATES_PAGE_CIVILIZATION_JOHANNESBURG_CHAPTER_HISTORY_PARA_4">
      <Text>Madenlere olan bu odaklanma Johannesburg'u tanımlayacaktı. Siyah Afrikalı maden işçilerinin yerleşim yeri olan Soweto, şehrin merkeziyle yarışacak ya da onu aşacak bir büyüklüğe ulaştı. 1948'de tamamen uygulamaya konan ırkçı apartheid sistemi altında bu işçilerin hareketleri kısıtlandı ve hakları kısıtlandı. Bu gerilimler 1976'da siyah öğrencilerin apartheid'a karşı yürüyüşe geçtiği Soweto ayaklanmasıyla patlak verdi. Polis buna karşılık olarak onları vurdu. Sonuç olarak, Soweto ve Afrika Ulusal Kongresi apartheid'a karşı direnişte öncü bir rol kazandı ve ANC 1994 yılında iktidara gelerek apartheid'ın sonunu getirdi.</Text>
    </Row>
    <Row Tag="LOC_PEDIA_CITYSTATES_PAGE_CIVILIZATION_JOHANNESBURG_CHAPTER_HISTORY_PARA_5">
      <Text>Bugün Johannesburg Güney Afrika'nın en büyük şehridir. Madenciler ve polis arasında hala çatışmalar olsa da madenciliğin önemi azalmıştır, ancak şehir bir sanayi kenti olmaya devam etmektedir.</Text>
    </Row>
    <Row Tag="LOC_PEDIA_CITYSTATES_PAGE_CIVILIZATION_WOLIN_CHAPTER_HISTORY_PARA_1">
      <Text>Slavlar, Roma İmparatorluğu'nun sonlarına doğru Avrupa sahnesine çıkan ve Romalıların, Yunanlıların ve Bizanslıların "barbarlar" olarak adlandırdığı bir dizi Avrupalı gruptan biriydi. Germenlerin doğusunda ortaya çıkan Slavlar, Doğu Avrupa'ya yerleşti ve birçok devlette çoğunluk haline geldi: Rusya, Polonya, Çekya ve diğerleri. Wolin, Polonya kıyılarının hemen açığındaki bir adada bulunan ilk yerleşim yerlerinden biriydi.</Text>
    </Row>
    <Row Tag="LOC_PEDIA_CITYSTATES_PAGE_CIVILIZATION_WOLIN_CHAPTER_HISTORY_PARA_2">
      <Text>Baltık Denizi kıyısındaki Wolin, 10. ve 11. yüzyıllar boyunca önemli bir ticaret noktası ve bir dizi farklı grup için askeri bir ileri karakol oluşturan erken bir Slav yerleşimiydi. Viking gemileri Baltık Denizi'ni sürmeye başladıkça, Wolin gibi yerleşim yerleri ticaret için giderek daha önemli hale geldi (Vikingler sadece yağmadan ibaret değildi!) ve askeri geziler için bir üs oldu. Hıristiyanlaşmayla birlikte kentin gücü ve etkisi azaldı - Danimarkalı güçlerin tekrar tekrar yağmalamaları buna yardımcı olmadı, ancak daha sonraki Orta Çağ'da kent Kutsal Roma İmparatorluğu'nun şehir devletlerinden biri haline geldi. Slavların yanı sıra Almanları da içeren bir ortaçağ devleti olan Pomeranya'nın önemli bölgesinin bir parçasını oluşturuyordu.</Text>
    </Row>
    <Row Tag="LOC_PEDIA_CITYSTATES_PAGE_CIVILIZATION_WOLIN_CHAPTER_HISTORY_PARA_3">
      <Text>Şehir fetih ve veraset yoluyla el değiştirmiş, İsveç, Töton Şövalyeleri ve nihayetinde Prusya - günümüz Almanya'sının öncülü olan devlet - tarafından işgal edilmiştir. Sovyetler İkinci Dünya Savaşı'nda Almanya'yı yenince Wolin bir kez daha el değiştirmiş, bu kez günümüz Polonya'sına geçmiştir.</Text>
    </Row>
    <Row Tag="LOC_PEDIA_CITYSTATES_PAGE_CIVILIZATION_WOLIN_CHAPTER_HISTORY_PARA_4">
      <Text>Bugün Wolin, Avrupa'nın son bizonlarından bazılarının bulunduğu yaban hayatı koruma alanının yanı sıra kasabanın savaş tarihini kutlayan yıllık Viking festivaliyle ünlüdür.</Text>
    </Row>
    <Row Tag="LOC_PEDIA_CITYSTATES_PAGE_CIVILIZATION_CHINGUETTI_CHAPTER_HISTORY_PARA_1">
      <Text>Chinguetti çölün kıyısında bir şehir. Her zaman bu şekilde olmamıştır. Tarih öncesi kaya resimleri, iklimin insanlık tarihi boyunca ne kadar değiştiğini göstermekte, zürafaları ve diğer savan canlılarını yemyeşil bir manzarada göstermektedir. Şimdi ise şehir Sahra tarafından yutuluyor.</Text>
    </Row>
    <Row Tag="LOC_PEDIA_CITYSTATES_PAGE_CIVILIZATION_CHINGUETTI_CHAPTER_HISTORY_PARA_2">
      <Text>Ancak Sahra, Kuzey Afrika'nın göçebe halkı Berberiler için tamamen çorak bir arazi değildir. Aksine, Chinguetti büyük çöl boyunca uzanan rotalar için bir sıçrama noktasıydı. Bu nedenle, Müslümanların Mekke'ye hac yolculuğuna çıkmadan önce toplandıkları bir yerdi. Ve hacılar geri döndüklerinde harikalar da getirirlerdi. Chinguetti, 11. ve 12. yüzyıllarda Almoravid imparatorluğunun zirvesindeyken, 16. yüzyıla kadar süren bir öneme sahip bir öğrenim deposuydu. Buna bağlı olarak ve daha büyük akrabası Timbuktu gibi, Chinguetti de hacıların seyahatlerinde buldukları her şeyi paylaşabilecekleri yerler olan bir dizi ünlü kütüphaneye ev sahipliği yapıyordu. Bu durum dinin ötesine geçerek matematik, bilim, astronomi ve özellikle de İslam hukukunu kapsıyordu. Bu ilim merkezleri - ksour - İslami yaşamın ve ticaretin kaleleriydi ve çölde öğrenme vahaları olabilirlerdi.</Text>
    </Row>
    <Row Tag="LOC_PEDIA_CITYSTATES_PAGE_CIVILIZATION_CHINGUETTI_CHAPTER_HISTORY_PARA_3">
      <Text>Deniz yolculukları trans-Sahra rotalarını geçersiz kıldıktan sonra şehir nispeten kullanılmaz hale geldi: biraz daha az riskli ve çok daha hızlı bir deniz yolculuğu yapmak varken neden dünyanın en büyük çölünü riskli bir deve treniyle geçesiniz ki? Bugün Chinguetti, Moritanya ülkesinde, özellikle 13. yüzyıldan kalma Cuma Camii ile tanınan bir UNESCO Dünya Mirası alanıdır.</Text>
    </Row>
    <Row Tag="LOC_PEDIA_CITYSTATES_PAGE_CIVILIZATION_NALANDA_CHAPTER_HISTORY_PARA_1">
      <Text>Nalanda - kelimenin tam anlamıyla "lotusun armağanı" - doğu Hindistan'da MS birinci binyılın sonlarında Budist öğrenim merkezi olarak ün kazanmış bir şehirdi. Âlimler Nagarjuna, Dignaga ve Santaraksita gibi Budist bilginlerden ders almak için Hindistan'ın dört bir yanından, Çin ve Tibet'ten geliyordu. Günümüzde Budizm genel olarak üç ana düşünce okuluna bölünmüştür: Nepal ve Tibet'te yaygın olan (Vajrayana), Sri Lanka ve Güneydoğu Asya'da yaygın olan (Theravada) ve Doğu Asya'ya yayılmış olan (Mahayana). Nalanda'da âlimler tüm bu düşünce ekollerini tartışmışlardır ve bu büyük şehrin adını taşıyan Budist ekolleri günümüzde Bhutan, Sri Lanka ve Endonezya gibi çok uzak yerlerde bulunmaktadır.</Text>
    </Row>
    <Row Tag="LOC_PEDIA_CITYSTATES_PAGE_CIVILIZATION_NALANDA_CHAPTER_HISTORY_PARA_2">
      <Text>Şehir, Hint destanları Ramayana ve Mahabharata'da ve MÖ 7. yüzyıla kadar uzanan tarihlerde adı geçen Magadha krallığının bir parçasıydı. Büyük İskender'in krallığa yaklaşırken surları gördüğü ve doğuya doğru yeterince hareket ettiğine karar vererek geri döndüğü bildirilmektedir. Yaklaşık bin yıl sonra, MS 629'da Çinli keşiş Xuanzang Nalanda'yı ziyaret etmiş ve Budist bilgilerini Çin'e geri getirmiştir. Seyahatleri, en sevilen Çin destanlarından biri olan ünlü Çin destanı "Batıya Yolculuk "ta hayali bir şekilde anlatılmıştır. Xuanzang Nalanda'yı şöyle tarif etmiştir: "Manastırların etrafında masmavi bir havuz dolanır, mavi lotusun tam açılmış kupalarıyla süslenmiştir; güzel kanakanın göz kamaştırıcı kırmızı çiçekleri orada burada asılı durur ve dışarıdaki mango ağaçları sakinlerine yoğun ve koruyucu gölgelerini sunar."</Text>
    </Row>
    <Row Tag="LOC_PEDIA_CITYSTATES_PAGE_CIVILIZATION_NALANDA_CHAPTER_HISTORY_PARA_3">
      <Text>Tüm ziyaretçiler bu kadar nazik değildi. 1193'te Delhi Sultanlığı'nın hizmetindeki bir Türk general olan Bhaktiyar Khijili'nin ordusu doğu Hindistan'ı ve beraberinde Nalanda'yı fethetti. Şehir ve manastır yağmalandı ve Budizm Hindistan'da (Asya'nın başka yerlerinde gelişmeye devam etse de) azaldı - ama hâlâ varlığını sürdürüyordu. Nalanda harabeye döndü ve ancak yüzyıllar sonra bir öğrenim merkezi olarak yeniden doğdu.</Text>
    </Row>
    <Row Tag="LOC_PEDIA_CITYSTATES_PAGE_CIVILIZATION_SAMARKAND_CHAPTER_HISTORY_PARA_1">
      <Text>İpek Yolu, antik çağlardan 15. yüzyıla kadar Orta Asya bozkırları boyunca uzanan ticaret yollarını ifade eder. Sadece ipek değil, yeşim taşı ve diğer malların yanı sıra sanat, edebiyat ve dinin de güzergahıydı. İpek Yolu'nun merkezinde bozkırların güçleri vardı - güçlü olduklarında yolun işlemesine izin veren Türk ve Moğol grupları. Savaş ve çatışmalar doğal olarak ticareti sekteye uğrattı ve İpek Yolu'nun gerilemesine yol açan şey Moğol İmparatorluğu'nun çöküşü - ve Avrupa'nın gemi temelli ticaretinin yükselişi - oldu.</Text>
    </Row>
    <Row Tag="LOC_PEDIA_CITYSTATES_PAGE_CIVILIZATION_SAMARKAND_CHAPTER_HISTORY_PARA_2">
      <Text>Semerkant, yazar İbn Battuta tarafından "şehirlerin en büyük ve en iyilerinden biri ve güzellik açısından en mükemmeli" olarak adlandırılan İpek Yolu'nun kalbinde yer alıyordu. Tarihi oldukça uzundur - Büyük İskender şehri MÖ 329'da fethetmiş ve şehir daha sonra yüzyıllar boyunca Pers, Moğol ve Türklerin eline geçmiştir. Cengiz Han MS 1220'de şehri yok etse de, 14. yüzyılda Aksak Timur - Han'ın soyundan gelen ve tüm fetihlerinde asla yenilgiyle karşılaşmayan savaşçı Timurlenk - yönetiminde yeniden canlanacaktı. Timur, Semerkant merkezli bir Türk imparatorluğu olan Timur İmparatorluğu'nu kurdu. Timurlular da İngilizlerin gelişinden önce Hindistan'a hakim olan Babür İmparatorluğu'nun ataları oldular.</Text>
    </Row>
    <Row Tag="LOC_PEDIA_CITYSTATES_PAGE_CIVILIZATION_SAMARKAND_CHAPTER_HISTORY_PARA_3">
      <Text>Semerkant en parlak döneminde farklı halkların ve fikirlerin yaşadığı bir yerdi. İslam Timurluların diniyken ve şehrin camileri dünya çapında ünlüyken, Zerdüştlük, Hıristiyanlık, Budizm, Hinduizm ve Maniheizm de şehirde mevcuttu. Semerkant 19. yüzyılda Ruslar tarafından fethedildi ve Sovyetler Birliği'nin çöküşünden sonra Özbekistan bağımsız olana kadar Rus (ve daha sonra Sovyet) imparatorluklarının bir parçası olarak kaldı. Mirasına ek olarak, şehir bugün bir ulaşım merkezi ve ipek dokuma merkezi olarak kalmaktadır.</Text>
    </Row>
    <!-- great people -->
    <Row Tag="LOC_PEDIA_GREATPEOPLE_PAGE_GREAT_PERSON_INDIVIDUAL_MATTHEW_PERRY_CHAPTER_HISTORY_PARA_1">
      <Text>Togukawa Şogunluğu (1633-1853) döneminde Japonya "kapalı bir ülke" olan sakoku politikası altında faaliyet göstermiştir. Bu süre zarfında neredeyse tüm yabancıların adaya girişi yasaklanmış, Japonların adadan ayrılması engellenmiş ve Japonya ile dışarısı arasındaki ticaret ve ilişkiler kısıtlanmıştır. Ancak 19. yüzyılın ortaları, Batılı güçlerin kendi mallarına pazar açmaya çalıştığı Avrupa ve Amerikan sömürgeciliğinin en yüksek dönemiydi... gerekirse zorla. Ve bu gücü Japonya'ya getiren de Komodor Matthew Perry'ydi.</Text>
    </Row>
    <Row Tag="LOC_PEDIA_GREATPEOPLE_PAGE_GREAT_PERSON_INDIVIDUAL_MATTHEW_PERRY_CHAPTER_HISTORY_PARA_2">
      <Text>Perry bu tür taktiklerde eskiydi, Amerikan genişlemesi için ezici askeri varlığın kullanılmasına ve Amerikan donanmasının modernizasyonuna öncülük etmişti. Daha önce (İspanya'nın da hak iddia ettiği) Key West adasını zorla ele geçiren bir gemiye komuta etmişti ve bu ve Meksika-Amerika Savaşı'ndaki müteakip hizmetleri sayesinde rütbesi hızla yükseldi.</Text>
    </Row>
    <Row Tag="LOC_PEDIA_GREATPEOPLE_PAGE_GREAT_PERSON_INDIVIDUAL_MATTHEW_PERRY_CHAPTER_HISTORY_PARA_3">
      <Text>Perry Japonya'ya ulaştığında, eylemleri hem körü körüne hem de Japon toplumuna dair kısmi bir anlayışla şekillenmiştir. Japon sınırlarını hiçe sayarak bugünkü Tokyo yakınlarındaki Edo Körfezi'ne yelken açtı ve yeni, son teknoloji ürünü devasa toplarından kuru sıkı atışlar yaptı. Sakoku döneminde bu tür ağır toplardan yalıtılmış olan Japonlar şoke olmuş ve Perry'nin amiral gemisine verilen isimle "kara gemi" hakkındaki söylentiler dönemin Japon hayal gücünde silinmez bir iz bırakmıştır. Perry ikinci bir ziyaret için geri döndüğünde, Japonlar Amerikalıların kendilerine sunduğu her şeyi imzaladılar.</Text>
    </Row>
    <Row Tag="LOC_PEDIA_GREATPEOPLE_PAGE_GREAT_PERSON_INDIVIDUAL_MATTHEW_PERRY_CHAPTER_HISTORY_PARA_4">
      <Text>Japonya böyle bir tehdit altında dayanamadı ve Perry'nin Edo Limanı'nı işgali ve shogun'un ölümü, sakoku'nun sonu ve dışa dönük Meiji döneminin başlangıcı oldu.</Text>
    </Row>
    <Row Tag="LOC_PEDIA_GREATPEOPLE_PAGE_GREAT_PERSON_INDIVIDUAL_HIMERIOS_CHAPTER_HISTORY_PARA_1">
      <Text>Bizans bir deniz imparatorluğuydu. İmparatorluğun Anadolu'daki zengin topraklarına rağmen (en azından bir süreliğine), Bizanslılar güvenlik için güçlü bir donanmaya güveniyorlardı. Bizanslılar Akdeniz'de yükselen Arap varlığıyla rekabet etmeye başladıklarında bu iki kat daha önemli hale geldi. Haçlı Seferleri'nin kara savaşları ve kuşatmaları Batı Avrupa'nın hayal gücünde büyük yer tutsa da, Bizanslılar ile büyüyen Müslüman Halifeliği arasındaki savaşlar ortaçağ boyunca yaygındı. Bu savaşlar genellikle su üzerinde yapılıyordu. Sonuç olarak, her iki tarafta da amiraller ön plana çıkmıştır.</Text>
    </Row>
    <Row Tag="LOC_PEDIA_GREATPEOPLE_PAGE_GREAT_PERSON_INDIVIDUAL_HIMERIOS_CHAPTER_HISTORY_PARA_2">
      <Text>Himerios, 904 yılında İmparatorluğun donanmasına komuta etmek üzere atanmış bir Bizans amiraliydi. Bu sırada Abbasi Halifeliği, bir Rum dönmesi ve Abbasi donanmasının komutanı olan Trabluslu Leo'nun yardımıyla Akdeniz'e doğru genişliyordu. Leo ve Himerios birbirlerine üstünlük sağlamaya çalıştılar ve Himerios, Konstantinopolis'e doğru yelken açan Leo'nun filosunun önünü kesince, Leo dönüp İmparatorluğun ikinci büyük şehri olan Selanik'i yağmaladı. İki yıl sonra Himerios intikamını alacaktı. 906'da Aziz Thomas Günü'nde kazandığı zafer, Bizans'ın Akdeniz kıyılarında, Suriye'de ve Kıbrıs'ta bir dizi zafer kazanmasına yol açtı.</Text>
    </Row>
    <Row Tag="LOC_PEDIA_GREATPEOPLE_PAGE_GREAT_PERSON_INDIVIDUAL_HIMERIOS_CHAPTER_HISTORY_PARA_3">
      <Text>Ancak sonunda Leo, Himerios için fazla kurnaz olduğunu kanıtladı. İmparatorun hastalığının ardından başkente geri dönen Himerios, Leo ve Abbasi donanması tarafından kurulan bir tuzağa düştü. Himerios kaçarken filosu yok edildi ve yeni İmparator onu derhal görevden aldı. Bir manastıra kaçtı ve altı ay sonra öldü.</Text>
    </Row>
    <Row Tag="LOC_PEDIA_GREATPEOPLE_PAGE_GREAT_PERSON_INDIVIDUAL_HANNO_THE_NAVIGATOR_CHAPTER_HISTORY_PARA_1">
      <Text>Hanno'nun hikâyesi, daha eski bir Kartaca metninin çevirisi olan tek bir Yunanca metinden bilinmektedir. Bu metin Kartacalı kaşif Hanno'nun M.Ö. 5. yüzyılda Akdeniz'den batıya ve Afrika'nın batı kıyılarına doğru yaptığı yolculuğu anlatmaktadır. Bu anlatı antik tarihçiler (özellikle Herodot) arasında yaygın olarak alıntılanmış olsa da, Hanno'nun seyahatlerinin kapsamı günümüz tarihçileri arasında tartışılmaktadır; bazıları onun Kamerun Dağı'na ulaştığını (volkanik bir patlamayı çağrıştıran tasviri nedeniyle) tahmin ederken, diğerleri seyahatinin kapsamını sadece güney Fas'a kadar işaretlemektedir. Hanno, Afrika kıyısı boyunca bir dizi Kartaca kasabasına yerleştiğini ve hem Sahra kıyısındaki Berberilerle hem de daha güneydeki Sahra altı Afrika halklarıyla ticaret yaptığını iddia etmektedir.</Text>
    </Row>
    <Row Tag="LOC_PEDIA_GREATPEOPLE_PAGE_GREAT_PERSON_INDIVIDUAL_HANNO_THE_NAVIGATOR_CHAPTER_HISTORY_PARA_2">
      <Text>Hanno'nun anlatımında belki de en ilginç olanı gorillerle karşılaşmasıdır. Hanno'nun mürettebatı, maymunları garip bir şekilde iletişimsiz ve düşmanca davranan, kendilerine taş atan ve yakalandıklarında Kartacalıları "ısırıp parçalayan" insanlar olarak görür. Onlara goril adını verir, ancak şempanze de olabilirler. Hanno'nun filosu bunlardan üçünü öldürür ve "tüylü" derilerini korur, ancak deriler birkaç yüzyıl sonra Kartaca'nın Romalılar tarafından yıkılması sırasında kaybolur.</Text>
    </Row>
    <Row Tag="LOC_PEDIA_GREATPEOPLE_PAGE_GREAT_PERSON_INDIVIDUAL_KAMAL_UD_DIN_BEHZAD_CHAPTER_HISTORY_PARA_1">
      <Text>Geç Ortaçağ İran'ı, Şii İslam'ın ve İran'ın sanat ve kültürünün bugün tanınabilir kalıplara girmeye başladığı bir dönemdi. Safevi İmparatorluğu bunlardan ilkiydi ve Kamal ud-Din Behzad - ya da belki de daha doğru bir ifadeyle, ressam merkezli sanat okulu - en önde gelen sanatçısıydı (kariyeri Timur İmparatorluğu döneminde, Safevi'nin kuruluşundan birkaç yıl önce başlamış olsa da). Behzad, Fars (ya da İran) minyatürleri olarak bilinen ve Avrupa'daki resimli el yazmalarının daha ayrıntılı versiyonları olan hikâye illüstrasyonlarında uzmanlaşmıştır.</Text>
    </Row>
    <Row Tag="LOC_PEDIA_GREATPEOPLE_PAGE_GREAT_PERSON_INDIVIDUAL_KAMAL_UD_DIN_BEHZAD_CHAPTER_HISTORY_PARA_2">
      <Text>Behzad hayatını esas olarak bugün Afganistan'da bulunan Herat şehrinde geçirmiştir. Minyatürleri, insan figürlerinin ve mimarinin sayfa üzerinde düzenlenmesi ve izleyicilerin gözlerini sayfanın etrafına çeken bir akış hissi yaratması açısından sıra dışıdır. Bu minyatürler dönemin kozmopolitizminin birer kanıtıdır - Çin sanatından ilham almışlar, küresel olarak birbirine bağlı imparatorlukta yaşamlarını sürdüren tüm farklı halkların bireylerini tasvir etmişler ve fetihçi krallarınki kadar insanlığın günlük anlarına da odaklanmışlardır. Pers sanatı insan figürlerini göstermeyi yasaklamasa da (Müslüman sanatının çoğunda olduğu gibi), Behzad Perslerin mimari ve geometriye olan sevgisini birleştirmede, kiremitler, çatı kalkanları, merdivenler vb. ile baş döndürücü desenler yaratmada (Yusef ve Zuleykha minyatüründe olduğu gibi) mükemmeldi.</Text>
    </Row>
    <Row Tag="LOC_PEDIA_GREATPEOPLE_PAGE_GREAT_PERSON_INDIVIDUAL_KAMAL_UD_DIN_BEHZAD_CHAPTER_HISTORY_PARA_3">
      <Text>Behzad, ortaçağın en önemli Müslüman sanatçılarından biri olarak görülmeye devam etmektedir.</Text>
    </Row>
    <Row Tag="LOC_PEDIA_GREATPEOPLE_PAGE_GREAT_PERSON_INDIVIDUAL_HASEGAWA_TOHAKU_CHAPTER_HISTORY_PARA_1">
      <Text>Özellikle tapınaklarda ve kalelerde, Japon sürgülü paravanları, ilk bakışta boş gibi görünen alanlara sanat ve renk katan başlıca cazibe merkezlerinden biridir. Savaşlarla dolu Sengoku döneminin sonunda, 1500'lerin sonunda doğan Hasegawa Tohaku, özellikle Kano ekolüne mensup tapınak ressamları arasında hızla yükseldi. Ancak Kano perde resimleri parlak, neredeyse cafcaflıydı, altın ve çiçek desenleri kullanılıyordu. Tohaku, Kano tarzında birkaç eser üretmiş olsa da, daha minimalist olan kendi tarzına yöneldi. Japonya'nın Ulusal Hazinesi olan Çam Ağaçları adlı eseri, sadece dört ağacı tasvir ederek, sadece kaba fırça darbeleriyle bir çam korusundan geçen serin bir esinti hissi verir. Bu şekilde Tohaku, Çin sanatının daha önceki geleneklerinden faydalanarak, sadelikle bir manzaranın görkeminin nasıl aktarılabileceğini göstermiştir.</Text>
    </Row>
    <Row Tag="LOC_PEDIA_GREATPEOPLE_PAGE_GREAT_PERSON_INDIVIDUAL_HASEGAWA_TOHAKU_CHAPTER_HISTORY_PARA_2">
      <Text>Tohaku çok çeşitli sanat eserleri üretmiştir. Tohaku minimalist Çam Ağaçları'nın yanı sıra Budist sahneleri, portreler, hayvanlar ve manzaralar da resmetmiştir. Japonya'da savaşın yıkıma uğrattığı Sengoku döneminin büyük krallarından Toyotomi Hideyoshi'nin gözüne girmek için eski ustası Kano ile yarıştı.</Text>
    </Row>
    <Row Tag="LOC_PEDIA_GREATPEOPLE_PAGE_GREAT_PERSON_INDIVIDUAL_IMHOTEP_CHAPTER_HISTORY_PARA_1">
      <Text>İmhotep, "barış içinde gelen", Mısır'ın Eski Krallık döneminde, M.Ö. 27. yüzyılda yaşamış bir mimar ve rahiptir. İmhotep'e atfedilen yapı, Djoser Piramidi, Mısır'daki en eski büyük ölçekli taş yapı ve mezar olarak kullanılan ilk piramittir. Daha önceki firavunlar kerpiçten yapılmış dikdörtgen bir mezar olan mastabaya defnedilirken, İmhotep'in piramidi taştandı ve devasa bir ölçekteydi. Kullanılan malzemeler basitçe üst üste yığılmamış, bunun yerine yapı malzemelerinin farklı nitelikleri dört tarafın birbirine yaslanmasına neden olarak yapıyı daha da desteklemiştir. Elbette piramitler sadece mezar değildi - içlerinde ölen firavunun bölünmüş ruhunun çeşitli parçaları da dahil olmak üzere tapınaklarını barındırıyorlardı, bu nedenle yapının kendisine ek olarak, piramidin hem çevresinde hem de altında bütün bir kompleks vardı.</Text>
    </Row>
    <Row Tag="LOC_PEDIA_GREATPEOPLE_PAGE_GREAT_PERSON_INDIVIDUAL_IMHOTEP_CHAPTER_HISTORY_PARA_2">
      <Text>Piramit, gelecek bin yıllar boyunca Mısır mimarisinin en kalıcı sembolü olacaktı ve bunun böyle olması büyük ölçüde İmhotep'in mühendisliği sayesindedir. Katkılarından dolayı İmhotep Mısır'da bir bilgi ve tıp tanrısı olarak tanrılaştırıldı ve daha sonra Yunan ve Roma tanrılar ve kahramanlar listelerine dahil edildi. Daha az hayırlı bir şekilde, İmhotep'in adı Universal'ın 1932 ve 1999 yapımı filmlerinde kötü niyetli mumyanın adı olarak da kullanılmıştır.</Text>
    </Row>
    <Row Tag="LOC_PEDIA_GREATPEOPLE_PAGE_GREAT_PERSON_INDIVIDUAL_SHAH_JAHAN_CHAPTER_HISTORY_PARA_1">
      <Text>Şahab-ud-din Muhammed Khurram - Şah Cihan - kendisi bir mühendis değildi, daha ziyade Babür mimarisinin en büyük boyutuna ve Delhi'deki Kızıl Kale ve Tac Mahal de dahil olmak üzere Babür Hindistan'ının en belirleyici yapılarından bazılarına tanıklık eden Hindistan Babür İmparatoru'ydu. Aynı zamanda yetenekli bir entrikacıydı, tahttaki yerini garantilemek için rakiplerini öldürttü ve Babür ordusunu komşularına karşı giderek daha yükseklere taşıdı.</Text>
    </Row>
    <Row Tag="LOC_PEDIA_GREATPEOPLE_PAGE_GREAT_PERSON_INDIVIDUAL_SHAH_JAHAN_CHAPTER_HISTORY_PARA_2">
      <Text>Ancak Şah Cihan'ın burada bulunmasının nedeni, aralarında Üstad Ahmad Lahori'nin de bulunduğu dönemin en iyi mimarlarından oluşan bir ekibi bir araya getirerek gerçek harikalar yaratma becerisidir. 1639-1648 yılları arasında inşa edilen ve adını kendine özgü kırmızı kumtaşından alan Kızıl Kale bunlardan biridir. Lāl Qila [Kızıl Kale], Şah Cihan'ın başkenti olan Şah Cihanabad'ın merkezinde duruyordu (şaşırtıcı olmayan bir şekilde, adı göz önüne alındığında). Şah Cihan'ın devletinde olduğu gibi Kızıl Kale de Timurlu, Fars ve Hindu unsurları, daha sonra kuzey Hindistan ve (bugünkü) Pakistan'daki mimariye ilham verecek olan senkretik bir füzyonda bir araya getirmiştir.</Text>
    </Row>
    <Row Tag="LOC_PEDIA_GREATPEOPLE_PAGE_GREAT_PERSON_INDIVIDUAL_SHAH_JAHAN_CHAPTER_HISTORY_PARA_3">
      <Text>Ancak Şah Cihan'ın en ünlü binası hiç kuşkusuz Tac Mahal'dir. Şah'ın eşi için bir türbe olarak inşa edilen yapı, Babür mimarisinin en iyi örneklerini sergileyen kubbeleri, minareleri ve sanatı bir araya getirmektedir. Bu Civilopedia'nın başka bir yerinde anlatılmaktadır ve eğer yeterince şanslıysanız kendiniz de inşa edebilirsiniz.</Text>
    </Row>
    <Row Tag="LOC_PEDIA_GREATPEOPLE_PAGE_GREAT_PERSON_INDIVIDUAL_KENZO_TANGE_CHAPTER_HISTORY_PARA_1">
      <Text>20. yüzyılın başlarında, yüksek modernizm olarak bilinen mimari tarz, demokratik, faşist ve komünist tüm güçlere hitap ediyordu. Modernizm, özellikle de İsviçreli Le Corbusier gibi mimarların hayal gücünde, binaları gelenekten uzaklaştırıp, estetik ve biçimi sayesinde yeni vatandaş türleri yaratacak bir işlevselliğe doğru yeniden odaklamayı vaat ediyordu. Ancak Le Corbusier'nin binaları, uyuşuk kaliteleri ve inorganik çizgileri nedeniyle sıklıkla eleştirildi. Le Corbusier'nin öğrencisi olan Kenzo Tange bunu değiştirmeye çalıştı. Le Corbusier'nin geniş kapsamlı beton vizyonunu birleştiren Tange'nin "metabolizması" modern formları organik olanlarla birleştirdi ve 1960'ların Japonya'sında ve ötesinde etkili oldu. Tange, modern mimarinin modern özneler yaratacağı şeklindeki modernist düşünceden ziyade, Japon geleneksel mimarisinden, doğal dünyadan ve modernizm hayalinden unsurları da kaynaştıran karşılıklı bir oluş öngörüyordu.</Text>
    </Row>
    <Row Tag="LOC_PEDIA_GREATPEOPLE_PAGE_GREAT_PERSON_INDIVIDUAL_KENZO_TANGE_CHAPTER_HISTORY_PARA_2">
      <Text>Tange, 2005'teki ölümünden önce Hiroşima'daki Barış Merkezi'nin, Tokyo Olimpiyat alanlarının, Pakistan Yüksek Mahkemesi'nin ve diğerlerinin inşasından sorumluydu. Tange, 1987 yılında mimarlık alanında prestijli Pritzker Ödülü'nü kazanmıştır.</Text>
    </Row>
    <Row Tag="LOC_PEDIA_GREATPEOPLE_PAGE_GREAT_PERSON_INDIVIDUAL_DANDARA_CHAPTER_HISTORY_PARA_1">
      <Text>Amerika kıtasındaki koloniler - birkaç istisna dışında - köleleştirilmiş halkların emeği üzerine inşa edilmiştir. Karayipler'in, Brezilya'nın ve daha sonra Amerika Birleşik Devletleri'ne dönüşecek olan güney bölgesinin büyük bir kısmında bu köleleştirilmiş insanlar Afrikalıydı. Ancak tüm köleler barış içinde yaşamadı. Güney Amerika'nın sık ormanlarında, isyan eden ya da kaçan ve genellikle yerli halklara sığınan kölelerden oluşan ve maroon toplulukları olarak adlandırılan topluluklar yaygındı.</Text>
    </Row>
    <Row Tag="LOC_PEDIA_GREATPEOPLE_PAGE_GREAT_PERSON_INDIVIDUAL_DANDARA_CHAPTER_HISTORY_PARA_2">
      <Text>Adını palmiye ağaçlarından alan Palmares, Brezilya'nın kuzeydoğusundaki bu Maroon yerleşimlerinden biri olan bir quilombo idi. Brezilya'nın şeker plantasyonlarında çalışan Kongo ve Angola kökenli eski köle işçilerden oluşan Palmares bir kral tarafından yönetiliyordu. Palmares 1600'lerin neredeyse tamamında özgürdü ve 1678'de yerleşim Portekizlilerle özgürlüğünü güvence altına alan bir anlaşma imzaladı, ancak bir şartı vardı: Palmares sakinleri kendileri özgürdü ancak buldukları herhangi bir kaçak köleyi iade etmeleri gerekiyordu. Dandara ve kocası Zubmi bunu reddetti ve Portekizlilere karşı bir isyan başlattı.</Text>
    </Row>
    <Row Tag="LOC_PEDIA_GREATPEOPLE_PAGE_GREAT_PERSON_INDIVIDUAL_DANDARA_CHAPTER_HISTORY_PARA_3">
      <Text>Dandara, Brezilya'nın eskiden köleleştirilmiş insanları arasında meşhur olmuş bir dövüş sanatı biçimi olan capoeira ustasıydı. Akıcı hareket, kaçınma ve saldırganın kendi momentumunu kullanmayı, ne tam olarak dövüş ne de tam olarak dans olmayan bir hareketle birleştirir. En önemlisi, köleleştirilmiş insanların kendi bedenlerinden başka bir şey kullanmadan karşılık vermelerini sağlıyordu - tam da sömürgeci güçlerin onlardan almaya çalıştığı unsur. Dandara 1694'te tutuklandı ama köleliğe geri dönmek yerine intihar etti.</Text>
    </Row>
    <Row Tag="LOC_PEDIA_GREATPEOPLE_PAGE_GREAT_PERSON_INDIVIDUAL_TRUNG_TRAC_CHAPTER_HISTORY_PARA_1">
      <Text>Tarihinin büyük bir bölümünde Çin güçlerinin güney sınırının hemen ötesinde müreffeh bir krallık olan Vietnam, önce çeşitli Çin hanedanlarına, daha sonra da Fransa'ya karşı bağımsızlığı için her zaman mücadele etmek zorunda kalmıştır. MÖ üçüncü yüzyılda, yıkılan Qin Hanedanlığı'ndan bir savaş lordu Vietnam başkentini ele geçirdi ve Nanyue (Nam Việt) devletini kurarak kendisini Han İmparatoru'na eşit ilan etti. Bu durum Han Hanedanlığı'nı kızdırdı ve onlar da Nanyue'yi ele geçirerek isyancı eyaleti imparatorluklarına dahil ettiler. Fakat bu huzursuz bir işgaldi. Bölgedeki bir generalin kızı olan Trưng Trắc'ın kocasının, Han'ın "barbar" Vietnamlıları asimile etme ve entegre etme çabalarına karşı çıktığı için öldürülmesiyle patlak verdi. Trưng Trắc ve kız kardeşi ayaklandılar ve Lê Văn Hưu'nun deyimiyle "ellerini ters çevirmek kadar kolay bir şekilde" bölgedeki Han egemenliğini yıktılar.</Text>
    </Row>
    <Row Tag="LOC_PEDIA_GREATPEOPLE_PAGE_GREAT_PERSON_INDIVIDUAL_TRUNG_TRAC_CHAPTER_HISTORY_PARA_2">
      <Text>Ancak hükümdarlıkları sadece üç yıl sürdü ve ardından Han bölgeyi geri almak için büyük bir misilleme gücü gönderdi. Bunu yaptılar ve Trưng kardeşler hikayeye göre ya öldürüldüler, ya intihar ettiler ya da gökyüzünde kayboldular. Ancak başka bir anlamda işgalden daha uzun ömürlü oldular. Bà [Lady] Triệu ile birlikte Vietnam'da kahraman olarak saygı görüyorlar; tapınaklar, bir şehir bölgesi ve hatta bir resmi tatil onların adını taşıyor.</Text>
    </Row>
    <Row Tag="LOC_PEDIA_GREATPEOPLE_PAGE_GREAT_PERSON_INDIVIDUAL_TUPAC_AMARU_CHAPTER_HISTORY_PARA_1">
      <Text>Popüler hayal gücüne göre İnka tarihi Francisco Pizarro'nun 1533 yılında son Sapa İnkası (imparatoru) Atahualpa'yı idam etmesiyle sona erer ve bundan sonraki Güney Amerika tarihi Avrupa kökenli devletlerden oluşur. Ancak İnkaların torunları Pizarro'dan bu yana geçen yüzyıllarda uzun ve karmaşık bir tarih yaşadılar ve eğer Tupac Amaru II başarılı olsaydı bağımsızlıklarını koruyabilirlerdi.</Text>
    </Row>
    <Row Tag="LOC_PEDIA_GREATPEOPLE_PAGE_GREAT_PERSON_INDIVIDUAL_TUPAC_AMARU_CHAPTER_HISTORY_PARA_2">
      <Text>José Gabriel Condorcanqui Noguera olarak 1738'de doğan Amaru, bir Quechua kuraka'nın, bölgesel bir hakimin ve kraliyet İnka soyundan gelen bir ailenin oğluydu. Atalarının yönetiminden iki yüz yıldan fazla bir süre ayrı kalmasına rağmen Condorcanqui (henüz Amaru değildi) İnkaların hikayelerini okumuş, kendini onlarla güçlü bir şekilde özdeşleştirmiş ve Peru Genel Valiliği'nde yerli işçilerin maruz kaldığı sömürücü emek uygulamaları karşısında öfkelenmişti. Condorcanqui isyan etmekten başka çaresi olmadığına karar verdi. Adını, kısa ömürlü bir isyana önderlik eden önceki bir İnka soyundan gelen Túpac Amaru II olarak değiştirdi ve Amaru II isyan ettiğini ilan etti. Amaru'nun isyanı, günümüzün sosyal adaletini Avrupalı güçlerden önce var olan sistemleri yeniden inşa etmeye odaklanarak birleştiren bir hareket olan dekolonizasyonun erken bir girişimi olarak görülebilir. Amaru, gelecekteki devrimlerin temelini oluşturacak birçok ilke için mücadele etti: köleliğin kaldırılması, malların yoksullara yeniden dağıtılması, yerli topraklarının iadesi ve yerli, creole ve mestizolar arasında eşitlik.</Text>
    </Row>
    <Row Tag="LOC_PEDIA_GREATPEOPLE_PAGE_GREAT_PERSON_INDIVIDUAL_TUPAC_AMARU_CHAPTER_HISTORY_PARA_3">
      <Text>İkna edici bir konuşmacı olan Amaru, pek çok Keçuvayı kendi tarafına çekmiş ve birkaç erken zaferi kolayca kazanmış, ancak ihanete uğramış, yakalanmış ve özellikle acımasız bir şekilde idam edilmiştir. Amaru'nun isyanı hem Ekvador ve Bolivya'daki yerli hareketlere hem de sömürgeci Peru'daki Kreol tepkisine ilham verdi. Amaru bugün de sömürgecilik karşıtı ve sömürgecilik karşıtı hareketlerde etkili bir figür olmaya devam etmektedir ve Amerikalı rapçi Tupac (Amaru) Shakur, "2Pac", adını ondan almıştır.</Text>
    </Row>
    <Row Tag="LOC_PEDIA_GREATPEOPLE_PAGE_GREAT_PERSON_INDIVIDUAL_ZHOU_DAGUAN_CHAPTER_HISTORY_PARA_1">
      <Text>Angkor'un kalıntıları kendi adına konuşuyor. Yoksa konuşuyorlar mı? Büyük tapınak kompleksinin duvarlarında askeri fetihlerin ayrıntılı oymaları ve kraliyet yazıtları krallığın görkemini anlatıyor. Peki ama Khmer İmparatorluğu'nda günlük yaşam nasıldı? Kamboçya yazıtlarının çoğu kraliyet işlerine ya da dini metinlere odaklandığından, Khmer İmparatorluğu'nun zirvede olduğu 13. yüzyıl Kamboçya'sını gerçekten anlamak için Çin anlatılarına başvurmamız gerekiyor.</Text>
    </Row>
    <Row Tag="LOC_PEDIA_GREATPEOPLE_PAGE_GREAT_PERSON_INDIVIDUAL_ZHOU_DAGUAN_CHAPTER_HISTORY_PARA_2">
      <Text>Neyse ki, genellikle Marco Polo ile (olumlu anlamda) karşılaştırılan Zhou Daguan bize bir açıklama bıraktı. Angkor'da, Indravarman III'ün sarayında bir yıl geçirmiş ve sadece imparatorluğun ihtişamını değil, Kamboçya halkının günlük yaşamına dair şaşırtıcı derecede detaylı ve hassas tasvirler de yazmıştır. Marco Polo da dahil olmak üzere pek çok kaşifin aksine Zhou, gitmediği yerler hakkında spekülasyon yapmaz ya da kulaktan dolma bilgileri gerçekmiş gibi aktarmaz (Khmer İmparatoru'nun bir naga kraliçesiyle geceleri yaptığı aktivitelerin detaylarını aktarmasına rağmen).</Text>
    </Row>
    <Row Tag="LOC_PEDIA_GREATPEOPLE_PAGE_GREAT_PERSON_INDIVIDUAL_ZHOU_DAGUAN_CHAPTER_HISTORY_PARA_3">
      <Text>Zhou, kendisi gibi diğerlerine -ilgili tüccar ve diplomatlara- tavsiyelerde bulunacak şekilde yazmıştır. Altınla kaplı kraliyet alayları hakkında yazsa da, Zhou sıradan meseleler hakkında da yazmıştır. Kamboçyalıların dini yaşamlarında bir bölünme olduğunu fark etti: Budizm, Hinduizm ("Brahmanizm") ve animizm metropolde bir arada yaşıyordu, ancak Zhou bu dini figürleri Çin çizgisinde yanlış yorumluyordu. Zhou, o dönemde Kamboçya'da kadınların ileri statüsüne dikkat çeker - tüccarlar ve pazarlar genellikle kadınlar tarafından yönetilirdi.</Text>
    </Row>
    <Row Tag="LOC_PEDIA_GREATPEOPLE_PAGE_GREAT_PERSON_INDIVIDUAL_ZHOU_DAGUAN_CHAPTER_HISTORY_PARA_4">
      <Text>Zhou, Kubilay Han tarafından başlatılan bir hanedanlık olan Yuan Hanedanlığı Çin'inden geliyordu. Görevi muhtemelen Çin veya Kamboçya için büyük bir diplomatik önem taşımıyordu - Güneydoğu Asya masifi (Laos, Burma ve Vietnam'daki dağlar) ile birbirinden ayrılan iki imparatorluk, günümüz Kamboçya ve Çin'inden daha az etkileşime sahipti. Ancak onun anlattıklarının Kmer tarihi açısından önemi çok büyüktür.</Text>
    </Row>
    <Row Tag="LOC_PEDIA_GREATPEOPLE_PAGE_GREAT_PERSON_INDIVIDUAL_IBN_FADLAN_CHAPTER_HISTORY_PARA_1">
      <Text>10. yüzyılda, zamanının tartışmasız en büyük imparatorluğunun hükümdarı olan Abbasi Halifesi, Volga Bulgarlarına bir elçi gönderdi - daha batıda Bulgaristan'ı oluşturacak olan Hıristiyanlaştırılmış Bulgarlarla karıştırılmamalıdır. Bunlar o dönemde Asya ve Avrupa arasındaki ticaret yollarını kontrol ettikleri için önemli bir halktı ve ayrıca Müslüman oldukları için Araplar için hâlâ güçlü olan Bizans İmparatorluğu'na karşı potansiyel ekonomik ve siyasi müttefiklerdi. Ahmed ibn Fadlan bu elçiydi.</Text>
    </Row>
    <Row Tag="LOC_PEDIA_GREATPEOPLE_PAGE_GREAT_PERSON_INDIVIDUAL_IBN_FADLAN_CHAPTER_HISTORY_PARA_2">
      <Text>Yeni din değiştiren Bulgarların din konusunda düzgün bir şekilde eğitilmelerini sağlamak ve aynı zamanda Halife'nin müttefiki olarak kalmalarını sağlamakla görevlendirildi. Bulgarlar, Orta Asya'dan gelen bir başka atlı Türk grubu olan Hazarlara karşı Araplardan yardım istediler.</Text>
    </Row>
    <Row Tag="LOC_PEDIA_GREATPEOPLE_PAGE_GREAT_PERSON_INDIVIDUAL_IBN_FADLAN_CHAPTER_HISTORY_PARA_3">
      <Text>İbn Fadlan'ın anlattıkları arasında en dikkate değer olanı, Kuzey Denizi'nin batısından İngiltere'ye yelken açmak yerine Volga boyunca güneye ve doğuya giden Viking akıncıları olan Rusları anlatmasıdır. Vikingler hem akıncılık faaliyetlerinde risk oluşturdukları hem de potansiyel ticaret ortakları ve paralı askerler oldukları için Halife'yi de endişelendiriyorlardı. Rusların torunları yerel Slav gelenekleri içinde asimile olacak ve bugünkü Rus, Beyaz Rusya ve Ukrayna halklarının bir parçası haline geleceklerdi.</Text>
    </Row>
    <Row Tag="LOC_PEDIA_GREATPEOPLE_PAGE_GREAT_PERSON_INDIVIDUAL_IBN_FADLAN_CHAPTER_HISTORY_PARA_4">
      <Text>En çarpıcı olanı İbn Fadlan'ın bir Viking gemisinde yapılan defin işlemine dair anlattıklarıdır. Burada büyük bir adam, değerli eşyaları ve cariyesi olan bir insan kurbanla birlikte bir gemiye bindirilmiştir. Bu kurbanın da öldürülmeden önce cenneti görebildiği ve yeşil tarlalarda kendisini bekleyen ölü adamı bir anlığına görebildiği söylenir. Ancak onunla orada buluşamadan önce vahşice boğulmuş, bıçaklanmış ve gemi ateşe verilmiştir.</Text>
    </Row>
    <Row Tag="LOC_PEDIA_GREATPEOPLE_PAGE_GREAT_PERSON_INDIVIDUAL_IBN_FADLAN_CHAPTER_HISTORY_PARA_5">
      <Text>İbn Fadlan'ın anlatısı sadece Viking Çağı'nın zirvesindeki Viking toplumunun bir portresi olarak değil, aynı zamanda Arapların dünyadaki yerini çevreleyen gergin siyasi ve ekonomik müzakerelere bakmanın bir yolu olarak da hizmet eder. Roma -bu noktada Bizans- geriledikçe ve güç doğuya doğru kaydıkça, İbn Fadlan doğu-batı ve kuzey-güney ticaret yollarının nasıl Konstantinopolis'ten uzaklaşıp Bağdat'a doğru çekildiğine işaret eder.</Text>
    </Row>
    <Row Tag="LOC_PEDIA_GREATPEOPLE_PAGE_GREAT_PERSON_INDIVIDUAL_STAMFORD_RAFFLES_CHAPTER_HISTORY_PARA_1">
      <Text>Sömürgeci geçmişlerini küçümseyen ve eski işgalcilerin isimlerini silen eski sömürgeler vardır. Singapur, gururla bağımsızlığını ilan etmiş olsa da bunlardan biri değil. Ada şehir devleti hala, şehri kuran İngiliz Doğu Hindistan Şirketi Genel Valisi Sir Stamford Raffles'a atıflarla doludur.</Text>
    </Row>
    <Row Tag="LOC_PEDIA_GREATPEOPLE_PAGE_GREAT_PERSON_INDIVIDUAL_STAMFORD_RAFFLES_CHAPTER_HISTORY_PARA_2">
      <Text>O dönemdeki sömürge yönetimi, 19. yüzyılın sonlarında olduğu gibi açık ve net bir askeri tahakküm değildi. Bunun yerine, çok sayıda yarı-sömürge statüsü içeriyordu - sultanlar sessiz kukla devletler haline gelmek için (az çok gönüllü olarak) para alabiliyor, gönüllü olarak bir koloniye katılmaya ikna edilebiliyor veya bir darbe ya da askeri ele geçirmenin kurbanı olabiliyordu. İngilizler özellikle yerel beyleri lüks mallar ya da altyapı projeleriyle ayartıyor, sonra da sultanlar ödeyebileceklerinden fazlasını harcadıklarında toprak talep ediyorlardı.</Text>
    </Row>
    <Row Tag="LOC_PEDIA_GREATPEOPLE_PAGE_GREAT_PERSON_INDIVIDUAL_STAMFORD_RAFFLES_CHAPTER_HISTORY_PARA_3">
      <Text>Raffles klasik bir sömürge figürüydü - "maceracı" terimi akla geliyor: hem casus hem askeri lider, diplomat ve tüccar. Hayatına 1781 yılında İngiliz kolonisi Jamaika açıklarında bir gemide başladı. Profesyonel kariyerine İngiliz Doğu Hindistan şirketinde kâtip olarak başladı ve genç yaşta bağımsız Siyam (Tayland) ile Hollanda kontrolündeki Endonezya adaları arasındaki yarımadada yer alan bir dizi sultanlıktan oluşan Malaya'ya atandı. İngilizler, Hollanda'nın baharat ticaretinden elde ettiği kârı azaltmaya ve Hindistan'dan Çin'e giden gemiler için geçişi güvence altına almaya hevesliydi ama Avrupa'da yankıları olabilecek bir savaşı kışkırtmaktan da çekiniyorlardı.</Text>
    </Row>
    <Row Tag="LOC_PEDIA_GREATPEOPLE_PAGE_GREAT_PERSON_INDIVIDUAL_STAMFORD_RAFFLES_CHAPTER_HISTORY_PARA_4">
      <Text>Ama Napolyon devam etti ve bunu yaptı. Fransızlar Hollanda'yı işgal ettiğinde, Güneydoğu Asya'daki Hollanda mülkleri aniden adil bir oyun haline geldi ve Raffles Java'yı Hollandalılardan ele geçirdi ve Hollanda Doğu Hint Adaları Vali Yardımcısı olarak atandı... Napolyon yenilinceye ve yeni bir Hollanda rejimi geri dönünceye kadar.</Text>
    </Row>
    <Row Tag="LOC_PEDIA_GREATPEOPLE_PAGE_GREAT_PERSON_INDIVIDUAL_STAMFORD_RAFFLES_CHAPTER_HISTORY_PARA_5">
      <Text>Raffles'ın en ünlü olduğu yer ise Singapur'dur. Ada mükemmel bir konuma sahipti - Malakka Boğazı'nın hemen üzerinde, ancak Hollanda kontrolünün hemen dışında. O zamanlar ada bugün olduğu gibi büyük bir şehir değil, Johor Sultanlığı'nın bir parçası olan küçük bir balıkçı köyüydü. Ancak burayı gerçekten kimin yönettiği, özellikle de sultanın küçük oğlu, ağabeyi uzaktayken iktidarı ele geçirdiğinde sorgulanmaya başlandı. Raffles Johor'da bir darbe ayarladı ve güvenli bir şekilde tahta oturan yeni sultan 1819'da adanın kontrolünü İngilizlere verdi.</Text>
    </Row>
    <Row Tag="LOC_PEDIA_GREATPEOPLE_PAGE_GREAT_PERSON_INDIVIDUAL_STAMFORD_RAFFLES_CHAPTER_HISTORY_PARA_6">
      <Text>Ada, Britanya İmparatorluğu'nun dört bir yanından işgücü getirerek patlama yaşadı ve bu işgücü Singapur'un bugünkü etnik yapısını oluşturdu (Çinli tüccarların torunları, Çinli ve Güney Hindistanlı işçiler, yerli Malaylar). Hollandalılar Güneydoğu Asya'da önemli bir oyuncu olmaya devam ederken, Singapur bölgede İngiliz gücünün kurulmasına ve Hong Kong ile Hindistan arasındaki ticaretin İngiliz kontrolü altında tutulmasında hayati bir bağlantıya işaret ediyordu. Bugün Singapur, bir anlamda Raffles'ın vizyonuna benzer şekilde, dünyanın en işlek ve en önemli boğazlarından birinde yer alan çok etnikli bir liman olmaya devam etmektedir.</Text>
    </Row>
    <Row Tag="LOC_PEDIA_GREATPEOPLE_PAGE_GREAT_PERSON_INDIVIDUAL_ZHANG_HENG_CHAPTER_HISTORY_PARA_1">
      <Text>MS birinci yüzyılda Nanjing şehrinde doğan Zhang Heng bir mucit, astronom, matematikçi, şair ve bunların arasındaki her şeydi. Doğu Han Hanedanlığı döneminde, İmparator Andi ve Shundi'nin hükümdarlıkları altında yaşamıştır. Bir gökbilimci olarak Zhang Heng sarayda önemli bir görevde bulunmuş, takvimin bakımını yapmış ve bu da imparatorun mevsimlerin ve yıldızların döngüleri hakkında doğru tahminlerde bulunmasını sağlamıştır. Bu hemen göze çarpmasa da, o dönemde Çinli tebaa sivil yaşamın göksel yaşamın bir yansıması olduğuna inanıyordu ve astronomlar bu iki dünyanın uyum içinde olduğunu göstermede etkili oluyordu.</Text>
    </Row>
    <Row Tag="LOC_PEDIA_GREATPEOPLE_PAGE_GREAT_PERSON_INDIVIDUAL_ZHANG_HENG_CHAPTER_HISTORY_PARA_2">
      <Text>Zhang Heng, bir yumurtaya benzettiği yeryüzü ve göklerin ayrıntılı bir modelini ortaya çıkardı. Dış kabuk gökleri, merkezdeki yumurta sarısı ise yeryüzünü temsil ediyordu. Buradaki genel fikir günümüz biliminin gözünde yanlış olsa da, Zhang Heng'in yaklaşık iki bin yıl önce yazdığını unutmamak gerekir. Zhang Heng ayın kendi ışığıyla parlamadığını gösterebilmiş ve ay tutulmalarını açıklayabilmiştir (yine imparatorluk sarayının göksel bilgisini göstermek açısından değerlidir). Daha dünyevi meseleler için (kelimenin tam anlamıyla) Zhang Heng, bir depremin merkez üssünün yönünü işaret etmek için ustaca bir teknik kullanan çalışan bir sismograf geliştirdi.</Text>
    </Row>
    <Row Tag="LOC_PEDIA_GREATPEOPLE_PAGE_GREAT_PERSON_INDIVIDUAL_ZHANG_HENG_CHAPTER_HISTORY_PARA_3">
      <Text>Zhang Heng MS 78 ile MS 139 yılları arasında yaşamış ve çalışmıştır; bu da onu Roma İmparatorluğu'nun düşünür ve filozoflarının, özellikle de kozmolojik görüşü Zhang'ınkine oldukça benzeyen Batlamyus'un çağdaşı yapmaktadır. Bu düşünürler gibi onun çalışmaları da daha ileri teknik ve bilimsel başarıların temelini atmıştır.</Text>
    </Row>
    <Row Tag="LOC_PEDIA_GREATPEOPLE_PAGE_GREAT_PERSON_INDIVIDUAL_IBN_KHALDUN_CHAPTER_HISTORY_PARA_1">
      <Text>Abdurahman bin Muhammed bin Muhammed bin Muhammed bin El-Hasan bin Cabir bin Muhammed bin İbrahim bin Abdurahman bin İbn Haldun el-Hadrami - kısaca İbn Haldun - Orta Çağ'ın en önemli düşünürlerinden biridir. 1332'de Tunus'ta, İspanya'nın Orta Çağ'ın başlarında Müslüman olan Endülüs bölgesinden bir ailenin çocuğu olarak dünyaya gelen İbn Haldun, yazar, âlim, askeri lider ve siyasetçiydi. Savaşta Türk akıncı Timur'a (Tamerlane) karşı seferler düzenledi ve Hıristiyan Kastilya, Tunus, Mısır ve Mağrip'in (Kuzey Afrika) Berberi kabileleri arasındaki entrikalarda rol oynadı.</Text>
    </Row>
    <Row Tag="LOC_PEDIA_GREATPEOPLE_PAGE_GREAT_PERSON_INDIVIDUAL_IBN_KHALDUN_CHAPTER_HISTORY_PARA_2">
      <Text>Ancak İbn Haldun'un en iyi bilindiği şey yazarlığıdır. Mukaddime adlı eseri, çok daha sonraları Avrupa düşüncesine girecek olan bazı kavramları tanıtan kışkırtıcı bir eserdir. Örneğin, İbn Haldun döngüsel bir tarih kavramı ortaya koyar. Önceki düşünürler yerleşik, tarımsal yaşama doğru kademeli bir yükseliş görürken, İbn Haldun göçebe (Berberi) yönetim dönemlerinin yerleşik yaşamın hemen ardından geldiğine dikkat çekmiş ve iki yaşam biçimi arasındaki gerilimi ortaya koymuştur - yerleşik toplumlar sonunda çürür ve daha dinamik, uyumlu göçebeler onları fetheder, ancak kendilerini eski düşmanlarının konforuna alışmış bulurlar. Böyle bir fikir, tarihin itici gücü olarak farklı ekonomik modlar arasında üretken bir çatışma nosyonu sunan Karl Marx'ın çalışmalarına kadar Avrupa düşüncesine girmeyecekti.</Text>
    </Row>
    <Row Tag="LOC_PEDIA_GREATPEOPLE_PAGE_GREAT_PERSON_INDIVIDUAL_IBN_KHALDUN_CHAPTER_HISTORY_PARA_3">
      <Text>İbn Haldun'un mirası neredeyse evrensel bir övgüyle karşılanmaktadır. Machiavelli'den Gellner'e Avrupalı tarihçiler İbn Haldun'u tarihin en etkili düşünürlerinden biri olarak anarken, Tunus ve Türkiye'deki hükümetler de İbn Haldun'un adını ödüllere, anıtlara ve banknotlara veriyor.</Text>
    </Row>
    <Row Tag="LOC_PEDIA_GREATPEOPLE_PAGE_GREAT_PERSON_INDIVIDUAL_MARGARET_MEAD_CHAPTER_HISTORY_PARA_1">
      <Text>Kültürel antropolog Margaret Mead'e uygarlığın en önemli işaretinin ne olduğunu düşündüğü sorulmuştur. Cevap olarak "iyileşmiş bir uyluk kemiği" demiş. Mead bununla, toplumumuzdaki savunmasız ya da zayıf düşmüş diğer insanlara yardım etme dürtüsüne ve karşılıklı destekle kendimizi birbirimize bağladığımız sistem olarak medeniyete işaret ediyordu. Mead'in antropolojisi derinlemesine etnografiyi, yani çok farklı geçmişlerden gelen insanlarla birlikte yaşayarak ve onları ortak kişisel deneyimler yoluyla anlamaya çalışarak elde edilen bir veri toplama yöntemini içeriyordu. Antropologlar için, çok farklı gözlerle görmek, kendi toplumumuzda kanıksadığımız şeyleri sorgulamamızı sağlar. Mead'in Samoa'da ergenlik ve cinsellik üzerine yaptığı çalışma, muhafazakar Amerikan kültürel normlarına meydan okudu ve 1960'lardaki cinsel devrim için çok önemli oldu. Mead, cinselliğin ergenlerden uzak tutulduğu ve ebeveynler ile çocuklar arasında doğal bir çatışmanın yaşandığı bir dönem yerine, cinselliğin daha açık bir şekilde kabul edildiğini ve çatışmanın olmadığını tespit etmiştir. Bu ve Mead'in daha yorumlayıcı yaklaşımı (yani antropolojiyi "sert" bir bilimden ziyade tarihe veya edebiyata benzer bir şey olarak görmesi) bazı çevrelerden tepki görmesine yol açtı, bu tepkinin Mead'in çalışmalarının kalitesinden çok günümüz Amerikan politikasıyla ilgisi vardı.</Text>
    </Row>
    <Row Tag="LOC_PEDIA_GREATPEOPLE_PAGE_GREAT_PERSON_INDIVIDUAL_MARGARET_MEAD_CHAPTER_HISTORY_PARA_2">
      <Text>Mead, en azından büyük ölçüde günümüz antropolojisinin temelini atmıştır. Çalışmaları eskisi kadar yaygın olarak okunmasa da, diğer toplumların nasıl anlam kazandıkları, hayatlarını nasıl yaşadıkları, sevdikleri ve hissettiklerine gösterdiği ilgi bugün diğer kültürel antropologlar tarafından paylaşılmaktadır ve 1979 yılında Başkanlık Özgürlük Madalyası ile ödüllendirilmiştir. Mead bir yıl önce, 1978'de öldü.</Text>
    </Row>
    <Row Tag="LOC_PEDIA_GREATPEOPLE_PAGE_GREAT_PERSON_INDIVIDUAL_VALMIKI_CHAPTER_HISTORY_PARA_1">
      <Text>Homeros Akdeniz'de epik şiirin yarı efsanevi babasıysa, Valmiki de Hindistan'da aynı şeydir. O bir rishi, kutsal bir münzevi (Hindistan ve Güneydoğu Asya'da hala var olan bir rol), doğa ve din üzerine düşünmek için kırsal bir yoksulluk hayatı yaşayan biriydi. Valmiki genellikle Sanskritçe bir şiir formu olan şloka'nın mucidi olarak anılır. Valmiki'nin M.Ö. 500 yıllarında yazdığı en ünlü eseri Ramayana'dır.</Text>
    </Row>
    <Row Tag="LOC_PEDIA_GREATPEOPLE_PAGE_GREAT_PERSON_INDIVIDUAL_VALMIKI_CHAPTER_HISTORY_PARA_2">
      <Text>Ramayana, Hindu kraliyet tanrısı Vişnu'nun, tanrıların tüm silahlarına karşı savunmasız hale gelen bir iblisi, Ravanna'yı nasıl yok etmeye çalıştığının hikayesidir. Vişnu, Ravanna'nın karısı Sita'yı çalmak için komplo kurduğu bir insan olan Rama olarak bedenlenir. Ravanna Sita'yı Lanka'ya (genellikle günümüz Sri Lanka'sında yer alır) kaçırınca, Rama ve aralarında maymun tanrı Hanuman'ın da bulunduğu müttefikleri onu geri getirmek için destansı bir yolculuğa çıkarlar. Hikâye Homeros'un eseriyle ilginç benzerlikler taşır - bir kahraman, karısıyla birlikte denize açılan başka bir adamla savaşmak için bir grup arkadaşını bir araya getirir.</Text>
    </Row>
    <Row Tag="LOC_PEDIA_GREATPEOPLE_PAGE_GREAT_PERSON_INDIVIDUAL_VALMIKI_CHAPTER_HISTORY_PARA_3">
      <Text>Valmiki'nin eserleri Hint Okyanusu kıyılarında ortak (geniş ölçüde değiştirilmiş, uyarlanmış ve yeniden yorumlanmış olsa da) bir kültürün, Siyam krallarının isimlerinden Endonezya gölge kuklalarına ve Çin'in Maymun Kral hikayesine kadar her yerde yansıyan bir Sanskrit dünyasının yaratılmasında etkili olmuştur. Hikâyenin yankıları Akdeniz'den Pasifik'e kadar uzanıyor.</Text>
    </Row>
    <Row Tag="LOC_PEDIA_GREATPEOPLE_PAGE_GREAT_PERSON_INDIVIDUAL_RUMI_CHAPTER_HISTORY_PARA_1">
      <Text>Genellikle yanlış alıntılanan ve yanlış tercüme edilen Ortaçağ İran şairi Celaleddin Muhammed Rumi, dünyanın en sevilen yazarlarından biridir. Günümüz Afganistan'ında (veya Tacikistan'da) Harezm İmparatorluğu'nda doğan Rumi, daha sonra Türkiye'ye dönüşecek olan Rum Sultanlığı'na yerleşmiştir. Aynı zamanda son derece dindar, İslam alimi ve Sufi bir mistik olan Mevlana'nın eserlerinin İngilizce çevirilerinde genellikle söylenmeyen ya da üzerinde yeterince durulmayan bir şey vardır. Gerçekten de, İslam'ın bir kolu olan ve Tanrı ile birliğe giden yolda şarkı ve şiire odaklanan Sufizm, Rumi'nin eserlerinin tamamına yayılmıştır.</Text>
    </Row>
    <Row Tag="LOC_PEDIA_GREATPEOPLE_PAGE_GREAT_PERSON_INDIVIDUAL_RUMI_CHAPTER_HISTORY_PARA_2">
      <Text>Rumi'nin en ünlü metni, Farsça yazılmış en iyi şiir koleksiyonu olarak kabul edilen Mesnevi'dir. Mevlana'nın ilahi olana giden bir yol olarak gördüğü ve gündelik anlara yansıyan aşk üzerine odaklanır. Mevlana'nın aşk kavramı kapsayıcıdır, okuyucuyu içine alır ve onları daha büyük ve daha saf varoluş biçimlerine doğru çağırır. Aşk burada benliği yok eder ve daha geniş bir dünyaya - Tanrı'ya doğru bir yol açar ve bu nedenle Mevlana'nın soyundan gelenlerin, aynı şekilde dans yoluyla dünyayla sevgi dolu bir kaynaşmayla ilgilenen bir grup mistik olan Mevlevi tarikatını kurmaları şaşırtıcı değildir.</Text>
    </Row>
    <Row Tag="LOC_PEDIA_GREATPEOPLE_PAGE_GREAT_PERSON_INDIVIDUAL_RUMI_CHAPTER_HISTORY_PARA_3">
      <Text>Rumi'nin eserleri İran ve Afganistan'daki klasik müzik, şiir ve sanatın yanı sıra Sufi geleneğinin de belkemiğini oluşturur. 1273 yılında ölmüştür ve mezarı günümüz Türkiye'sinde Konya'dadır.</Text>
    </Row>
    <Row Tag="LOC_PEDIA_GREATPEOPLE_PAGE_GREAT_PERSON_INDIVIDUAL_BEATRIX_POTTER_CHAPTER_HISTORY_PARA_1">
      <Text>En sevilen çocuk yazarlarından biri olan Beatrix Potter, yazar olarak başlamadı. Bunun yerine, İngiltere'nin Göller Bölgesi'ndeki tatillerinde fosil, arkeolojik kalıntılar, böcekler ve bitkiler toplamaya duyduğu sevgiyi geliştiren bir illüstratördü. Hatta o dönemde bilim camiasının ataerkil yönelimine rağmen bir tez sunarak bilimsel mikolojik çalışma girişiminde bile bulundu.</Text>
    </Row>
    <Row Tag="LOC_PEDIA_GREATPEOPLE_PAGE_GREAT_PERSON_INDIVIDUAL_BEATRIX_POTTER_CHAPTER_HISTORY_PARA_2">
      <Text>Ancak bu doğa sevgisi, mitoloji ve folklor sevgisiyle birleşince, Potter'ın doğayla ilgili öyküleri sevmesine yol açtı ve başta Tavşan Peter olmak üzere en çok bu öyküleriyle tanındı. Potter öykülerinde doğaya ve onun içinde yaşayan tüm yaşamlara -çiftçi ve tavşan, mantar ve kök- duyduğu sevgi ve hassasiyeti bir araya getirir. Bunlar İngiliz çocuklarının (ve diğer pek çok çocuğun) birlikte büyüdüğü ve sevdiği masallardır.</Text>
    </Row>
    <Row Tag="LOC_PEDIA_GREATPEOPLE_PAGE_GREAT_PERSON_INDIVIDUAL_BEATRIX_POTTER_CHAPTER_HISTORY_PARA_3">
      <Text>Tavşan Peter Masalı 1902 yılında yazılmıştır. Konusu basittir - mavi ceketiyle aşırı gurur duyan bir tavşan, Çiftçi McGregor'un bahçesine girmemesi için defalarca uyarılır, ama tabii ki girer. Ceketini kaybetmeden (ve kaçmadan) önce bahçede kovalanır ve annesinin onu bir fincan çayla teselli ettiği eve geri koşar.</Text>
    </Row>
    <Row Tag="LOC_PEDIA_GREATPEOPLE_PAGE_GREAT_PERSON_INDIVIDUAL_GABRIELA_MISTRAL_CHAPTER_HISTORY_PARA_1">
      <Text>Gabriela Mistral - gerçek adıyla Lucila Godoy y Alcayaga - 1945 yılında Nobel Edebiyat Ödülü'nü kazanarak bunu başaran ilk Latin Amerikalı oldu. 1889'da Şili'de doğdu ve bir köy öğretmeniydi, ancak sevgilisinin ölümünün ardından şiir yazmaya başladı. Sonetos de la muerte [Ölüm Soneleri], Desolación [Despair] ve Ternura [Tenderness] adlı eserleriyle üne kavuştu. Milletler Cemiyeti'nin (BM'nin öncülü) kültür komitelerine atandı ve Şili hükümetine çeşitli ülkelerde konsolos olarak hizmet etti. 1957 yılında hayatını kaybetti.</Text>
    </Row>
    <Row Tag="LOC_PEDIA_GREATPEOPLE_PAGE_GREAT_PERSON_INDIVIDUAL_GABRIELA_MISTRAL_CHAPTER_HISTORY_PARA_2">
      <Text>Mistral'in çalışmaları kendi hayatındaki trajedilerden büyük ölçüde etkilenmiş, yaşamın ve sevginin erken kaybı üzerine düşüncelerine yansımış, aynı zamanda öğrencilerinde ve çocuklarda gördüğü umut, neşe, ne kadar kolay süpürülebildiği için daha değerli hale gelmiştir.</Text>
    </Row>
    <Row Tag="LOC_PEDIA_GREATPEOPLE_PAGE_GREAT_PERSON_INDIVIDUAL_WASSILY_KANDINSKY_CHAPTER_HISTORY_PARA_1">
      <Text>Modern sanatın öncülerinden biri olan Wassily Kandinsky, Birinci Dünya Savaşı, Rus Devrimi ve İkinci Dünya Savaşı boyunca derinden değişen bir dünyayı yansıtarak resmi felsefeyle kaynaştırmıştır. Bir akım olarak modernizm, dünyanın bu yeniden şekillenmesine bir tepkidir - burada "modernizm" güncel anlamına gelmez, daha ziyade bir eseri oluşturan temel unsurlara dikkat edilmesi ve bunların yeniden düzenlenmesidir. Modern sanat bu temel unsurlarla oynamaya çalışır, nesneleri temsil etmeye çalışmaktan vazgeçer ve bunun yerine, "bu neyin resmi?" diye sorma karmaşası olmadan, belirli bir rengin, açının veya düzenlemenin izleyici üzerinde nasıl bir etki yaratacağını sorar. Başka bir deyişle, karşıtlık içindeki iki çizgi bir drama duygusu yaratabilir; yükselen bir çizgi lirizmi çağrıştırabilir. Daireler huzur vericidir; renklerin belirli seslerle içsel rezonansları vardır. Bu sembolizm değildir - Kandinsky'nin tuvalleri çözülmesi gereken gizemler değildir; daha ziyade, öğelerin kendileri Kandinsky'nin teorisinde temel bir bağlantıyı paylaşır. Kandinsky'nin teorik çalışmaları daha geniş modernist ve soyut hareket üzerinde etkili olmuş ve bugün de olmaya devam etmektedir.</Text>
    </Row>
    <Row Tag="LOC_PEDIA_GREATPEOPLE_PAGE_GREAT_PERSON_INDIVIDUAL_WASSILY_KANDINSKY_CHAPTER_HISTORY_PARA_2">
      <Text>Kandinsky'nin temel unsurlara olan ilgisi kişisel ve ruhani inançlarından kaynaklanıyordu. Şekil, renk ve izleyici arasındaki bu rezonansların daha derin ruhani gerçekleri yansıttığını gördü. Teozofiye ilgi duymuş ve bu akımın evrensel bir ilahi arayışının, renk ve şeklin ruhani rezonanslarına yönelik kendi arayışına yansıdığını görmüştür.</Text>
    </Row>
    <Row Tag="LOC_PEDIA_GREATPEOPLE_PAGE_GREAT_PERSON_INDIVIDUAL_WASSILY_KANDINSKY_CHAPTER_HISTORY_PARA_3">
      <Text>Bu maneviyat onun hayatında bazı kesintilere neden oldu. Kandinsky Moskova'da doğdu ve Münih'te sanat eğitimi aldı, ancak Rus Devrimi'nden sonra Rusya'ya döndü. SSCB içinde, başlangıçta SSCB sanat ortamının gelişiminde etkili oldu, ancak Kandinsky son derece ruhaniydi ve materyalist Sovyet normlarıyla çatıştı. Almanya'ya dönen Kandinsky, Nazi dönemine kadar modernist Bauhaus hareketiyle çalıştı ve bu dönemde hayatının geri kalanını geçireceği Fransa'ya kaçtı. Orada, savaşın bitiminden hemen sonra, yaratmayı umduğu yeni, estetik dünyanın ve hareketin tam olarak ortaya çıktığını göremeden öldü.</Text>
    </Row>
    <Row Tag="LOC_PEDIA_GREATPEOPLE_PAGE_GREAT_PERSON_INDIVIDUAL_DIMITRIE_CANTEMIR_CHAPTER_HISTORY_PARA_1">
      <Text>Dimitrie Cantemir neredeyse her şeydi: yazar, yönetici, asker ve tabii ki besteci. Cantemir, 18. yüzyılın başlarında, bugün Romanya ve Moldova arasında bölünmüş olan topraklarda Osmanlı İmparatorluğu'na bağlı bir eyalet olan Boğdan'ın voyvodasıydı. Cantemir İstanbul'da çok sevilse de, Osmanlı İmparatorluğu'nun gerilemekte olan bir devlet olduğunu gördü ve Boğdan'ı iktidardaki Osmanlılara karşı Rusya'nın Büyük Petro'su ile ittifak yapmaya karar verdi. Bu kumar yenilgiyle sonuçlanınca Cantemir siyaseti bıraktı ve hem Ruslar hem de Kutsal Roma İmparatorluğu tarafından prens statüsü verilerek rahat bir sürgüne gitti.</Text>
    </Row>
    <Row Tag="LOC_PEDIA_GREATPEOPLE_PAGE_GREAT_PERSON_INDIVIDUAL_DIMITRIE_CANTEMIR_CHAPTER_HISTORY_PARA_2">
      <Text>Yönetecek bir bölgesi olmayan Dimitri, Osmanlı İmparatorluğu, Romanya ve Boğdan tarihleri de dahil olmak üzere yazmaya yöneldi. Buna ek olarak Dimitri müzik besteledi ve - ihanetinden önce - Sultan için yüzlerce geleneksel Osmanlı müzik eserinin, özellikle de yedi telli bir çalgı olan sazın (bağlama) kullanıldığı bir koleksiyonun transkripsiyonunu yaptı. Ayrıca, Osmanlı müziğini Batı tarzlarıyla birleştirerek, daha sonraki müzisyenlerin yeniden keşfetmek için çok çalışacakları yeni bir füzyon yarattı. 1723'te vefat etti ve eski Moldavya'da, Türkiye'de, Moldova'da, Romanya'da ve ötesinde hatırlanıyor.</Text>
    </Row>
    <Row Tag="LOC_PEDIA_GREATPEOPLE_PAGE_GREAT_PERSON_INDIVIDUAL_SCOTT_JOPLIN_CHAPTER_HISTORY_PARA_1">
      <Text>Ragtime, 20. yüzyılın başlarında Afro-Amerikan toplumunda ortaya çıkan bir piyano stiliydi ve Scott Joplin ragtime'ın kralıydı. Batı piyano müziğini, özellikle de marşları Afrika ezgileriyle birleştiren ragtime, ölçülerin arasında senkoplu bir melodinin varlığıyla karakterize edilir ve parçaya "düzensiz" bir tat ya da Joplin'in deyimiyle bir "swing" verir. Ragtime, 1890'lardan 1910'lara kadar, kayıtlı müzik yaygın olarak bulunmadan önce popülerdi ve bu nedenle notalar aracılığıyla yayıldı ya da sadece performans sırasında öğrenildi. Büyük ölçüde Afro-Amerikan bir müzik tarzı olan Ragtime, müzikte renk bariyerini kırdı; bu başarı daha sonra blues, caz, rock, hip-hop ve daha geniş Amerikan kültürünü tanımlayan diğer Afro-Amerikan tarzlarıyla tekrarlanacaktı. Denizaşırı ülkelerde bile, Avrupalı besteciler ragtime'da kendi halk müziklerine karşı artan ilgilerinin belirgin bir Amerikan hissiyle geri yansıdığını gördüler ve Dvorak, Stravinsky ve Debussy'nin her biri kendi ragtime'larını bestelemek için ilham aldılar.</Text>
    </Row>
    <Row Tag="LOC_PEDIA_GREATPEOPLE_PAGE_GREAT_PERSON_INDIVIDUAL_SCOTT_JOPLIN_CHAPTER_HISTORY_PARA_2">
      <Text>Eski bir kölenin oğlu olan Scott Joplin, 1860'larda, İç Savaş'ın bitiminden hemen sonra, Teksas ve Arkansas sınırında doğdu. Ailesinin hepsi yetenekli müzisyenlerdi ve Joplin gençliğinde seyahat ederek ragtime öğrenmeye ve denemeye başladı. Sonunda George R. Smith College'da müzik eğitimi aldı ve beste yapmaya devam etti. "Maple Leaf Rag" adlı eseri uluslararası başarı kazanarak beste yapmaya devam etmesine yetecek kadar para kazandırdı ve Joplin opera ve sahne performansı denemelerine başladı. Joplin 1917'de öldü ve müziğinin ünü zamanla azaldı, 1940'larda ve 1970'lerde tekrar "keşfedildi". Ancak etkisi, her iyi paçavra gibi notaların arasında saklanarak kaldı.</Text>
    </Row>
  </EnglishText>
</GameData>