﻿<?xml version="1.0" encoding="utf-8"?>
<!--Sid Meier's Civilization V -->
<!--Copyright Firaxis Games 2010 -->
<GameData>
  <Language_en_US>
    <!--General phrases -->
    <!--Greeting (first time meeting) -->
    <Row Tag="TXT_KEY_LEADER_HARALD_FIRSTGREETING_1">
      <Text>Selamlar, yabanci! Ben Harald Bluetooth, Danimarkalilarin hükümdariyim. Uzun Gemimi begendin mi?  Binlerce düsmanimi ezdi geçti.</Text>
    </Row>
    <Row Tag="TXT_KEY_LEADER_HARALD_FIRSTGREETING_2">
      <Text>Selam küçük lider, Harald Bluetooth'un yüce huzurundasin.  Bugün size hangi kahramanlik hikâyesini anlatayim?</Text>
    </Row>
    <Row Tag="TXT_KEY_LEADER_HARALD_FIRSTGREETING_3">
      <Text>Oh, harika, yeni bir meydan okuyucu! Harald Bluetooth sizi topraklarina davet ediyor. Belki bir gün birlikte dövüsme serefine nail oluruz!</Text>
    </Row>
    <!--Reacts to his bluff being called -->
    <Row Tag="TXT_KEY_LEADER_HARALD_WARBLUFF_1">
      <Text>Iyi oynadin, dostum.  Gelecekteki savasimizi daha da sabirsizlikla bekliyorum!</Text>
    </Row>
    <Row Tag="TXT_KEY_LEADER_HARALD_WARBLUFF_2">
      <Text>Görünüse göre çelikten yapilmissin!  Yakinda, gerçekte ne kadar güçlü dövülmüs oldugunuzu test etmek istiyorum.</Text>
    </Row>
    <Row Tag="TXT_KEY_LEADER_HARALD_WARBLUFF_3">
      <Text>Görünüse göre danismanlarim senin hakkinda hakliymis.  Belki de onlara yeterince ödeme yapmiyorum.</Text>
    </Row>
    <!--Gloats after winning a war -->
    <Row Tag="TXT_KEY_LEADER_HARALD_WINWAR_1">
      <Text>Bu duydugum ses de ne?  Bekle... Sanirim bu kadinlarinizin aglamasi! Ha! Benim için bir zafer daha!</Text>
    </Row>
    <!--Gloats after winning a war -->
    <Row Tag="TXT_KEY_LEADER_HARALD_WINWAR_2">
      <Text>Güzel bir gün ve güzel bir savas, sizce de öyle degil mi?  Bunu bir ara tekrar yapmaliyiz.</Text>
    </Row>
    <!--Submissive after losing a war -->
    <Row Tag="TXT_KEY_LEADER_HARALD_LOSEWAR_1">
      <Text>Thor'un çekici adina, bugün degerli bir rakip oldugunu gösterdin. Seni tebrik ediyorum!</Text>
    </Row>
    <Row Tag="TXT_KEY_LEADER_HARALD_LOSEWAR_2">
      <Text>Bana beslemem için güzel bir yara izi verdiniz.  Belki bir gün bu iyiliginin karsiligini veririm.</Text>
    </Row>
    <!--Defeated and removed from game -->
    <Row Tag="TXT_KEY_LEADER_HARALD_DEFEATED_1">
      <Text>Ragnarok üzerimizde, yenilginin tek açiklamasi bu.  Bu dünyada kalan az zamaninizin tadini çikarin. Asgard'a gelisinizi bekliyorum.</Text>
    </Row>
    <Row Tag="TXT_KEY_LEADER_HARALD_DEFEATED_2">
      <Text>Bu ne ihanet böyle?  Loki sana yardim etmis olmali, çünkü hiçbir insan beni yenemezdi.</Text>
    </Row>
    <Row Tag="TXT_KEY_LEADER_HARALD_DEFEATED_3">
      <Text>Gerçek bir savasçi oldugunu kanitladin!  Son bir hareket olarak, sana onursal Viking Reisi unvanini vermek istiyorum.</Text>
    </Row>
    <!--Neutral -->
    <!--Greetings (subsequent meetings) -->
    <Row Tag="TXT_KEY_LEADER_HARALD_GREETING_1">
      <Text>Dolu.</Text>
    </Row>
    <Row Tag="TXT_KEY_LEADER_HARALD_GREETING_2">
      <Text>Selamlar.</Text>
    </Row>
    <!--Goodbye -->
    <Row Tag="TXT_KEY_LEADER_HARALD_GOODBYE_1">
      <Text>Tekrar görüsene kadar.</Text>
    </Row>
    <Row Tag="TXT_KEY_LEADER_HARALD_GOODBYE_2">
      <Text>Güle güle.</Text>
    </Row>
    <!--Trade offer from player - yes -->
    <Row Tag="TXT_KEY_LEADER_HARALD_TRADE_YES_NEUTRAL">
      <Text>Cok iyi.</Text>
    </Row>
    <!--Trade offer from player - sweeten the deal -->
    <Row Tag="TXT_KEY_LEADER_HARALD_TRADE_NEEDMORE_NEUTRAL_1">
      <Text>Ilgimi çekiyorsun, ama daha da fazla ilgimi çekmelisin.</Text>
    </Row>
    <Row Tag="TXT_KEY_LEADER_HARALD_TRADE_NEEDMORE_NEUTRAL_2">
      <Text>Biraz daha iyisini yapabilir misin?</Text>
    </Row>
    <Row Tag="TXT_KEY_LEADER_HARALD_TRADE_NEEDMORE_NEUTRAL_3">
      <Text>Bu yeterince iyi degil.</Text>
    </Row>
    <Row Tag="TXT_KEY_LEADER_HARALD_TRADE_NEEDMORE_NEUTRAL_4">
      <Text>Neredeyse...</Text>
    </Row>
    <!--Trade offer from player - no -->
    <Row Tag="TXT_KEY_LEADER_HARALD_TRADE_NO_NEUTRAL">
      <Text>Üzgünüm, ilgilenmiyorum.</Text>
    </Row>
    <!--Demand for tribute from player - yes -->
    <Row Tag="TXT_KEY_LEADER_HARALD_TRIBUTE_YES_NEUTRAL">
      <Text>Beni eglendiriyorsun, küçük lider.  Bu cömert hediyeyle ne yapacagini görmek isterim.</Text>
    </Row>
    <!--Demand for tribute from player - no -->
    <Row Tag="TXT_KEY_LEADER_HARALD_TRIBUTE_NO_NEUTRAL">
      <Text>Sen çok komik birisin.  Soytariyi degistirdigimizi bilmiyordum.</Text>
    </Row>
    <!--Requests a trade -->
    <Row Tag="TXT_KEY_LEADER_HARALD_TRADEREQUEST_NEUTRAL">
      <Text>Danismanlarim bana bunun sizin için tamamen kötü bir anlasma olmadigina dair söz veriyor.</Text>
    </Row>
    <!--Demands tribute -->
    <Row Tag="TXT_KEY_LEADER_HARALD_DEMANDTRIBUTE_NEUTRAL">
      <Text>Bir an için yagmalamaktan yoruldum.  Simdi bana istedigimi ver.</Text>
    </Row>
    <!--Agrees -->
    <Row Tag="TXT_KEY_LEADER_HARALD_AGREE_SHORT_1">
      <Text>Tamam.</Text>
    </Row>
    <Row Tag="TXT_KEY_LEADER_HARALD_AGREE_SHORT_2">
      <Text>Cok iyi.</Text>
    </Row>
    <!--Disagrees -->
    <Row Tag="TXT_KEY_LEADER_HARALD_DISAGREE_SHORT_1">
      <Text>Reddetmek zorundayim.</Text>
    </Row>
    <Row Tag="TXT_KEY_LEADER_HARALD_DISAGREE_SHORT_2">
      <Text>Hayir.</Text>
    </Row>
    <!--Let's hear it -->
    <Row Tag="TXT_KEY_LEADER_HARALD_LETSHEARIT_1">
      <Text>Duyalim bakalim.</Text>
    </Row>
    <Row Tag="TXT_KEY_LEADER_HARALD_LETSHEARIT_2">
      <Text>Devam et.</Text>
    </Row>
    <!--Happy -->
    <!--Greetings (subsequent meetings) -->
    <Row Tag="TXT_KEY_LEADER_HARALD_GREETING_3">
      <Text>Tekrar hos geldiniz!</Text>
    </Row>
    <Row Tag="TXT_KEY_LEADER_HARALD_GREETING_4">
      <Text>Ah, geri döndüm.</Text>
    </Row>
    <!--Goodbye -->
    <Row Tag="TXT_KEY_LEADER_HARALD_GOODBYE_3">
      <Text>Elveda, dostum.</Text>
    </Row>
    <Row Tag="TXT_KEY_LEADER_HARALD_GOODBYE_4">
      <Text>Güle güle.</Text>
    </Row>
    <!--Trade offer from player - yes -->
    <Row Tag="TXT_KEY_LEADER_HARALD_TRADE_YES_HAPPY">
      <Text>Anlastik!</Text>
    </Row>
    <!--Trade offer from player - sweeten the deal -->
    <Row Tag="TXT_KEY_LEADER_HARALD_TRADE_NEEDMORE_HAPPY_1">
      <Text>Senden ne kadar hoslansam da, bu tür bir teklif kupalarimizi doldurmaz.</Text>
    </Row>
    <Row Tag="TXT_KEY_LEADER_HARALD_TRADE_NEEDMORE_HAPPY_2">
      <Text>Yapabileceginin en iyisi bu mu? Benim annem bile senden daha iyi ilgileniyor.</Text>
    </Row>
    <Row Tag="TXT_KEY_LEADER_HARALD_TRADE_NEEDMORE_HAPPY_3">
      <Text>Hrm, neredeyse...</Text>
    </Row>
    <!--Trade offer from player - no -->
    <Row Tag="TXT_KEY_LEADER_HARALD_TRADE_NO_HAPPY">
      <Text>Hah, belki... Hayir.</Text>
    </Row>
    <!--Demand for tribute from player - yes -->
    <Row Tag="TXT_KEY_LEADER_HARALD_TRIBUTE_YES_HAPPY">
      <Text>Ruhunuzu sevdim.  Buna sahip olmaniz çok uygun.</Text>
    </Row>
    <!--Demand for tribute from player - no -->
    <Row Tag="TXT_KEY_LEADER_HARALD_TRIBUTE_NO_HAPPY">
      <Text>Ha, sen oldukça alingan küçük bir seytansin. Yine de, hayir.</Text>
    </Row>
    <!--Demands tribute -->
    <Row Tag="TXT_KEY_LEADER_HARALD_DEMANDTRIBUTE_HAPPY">
      <Text>Gel, dostum.  Bana ne kadar harika oldugumu göstermenin zamani geldi.</Text>
    </Row>
    <!--Requests a trade -->
    <Row Tag="TXT_KEY_LEADER_HARALD_TRADEREQUEST_HAPPY">
      <Text>Iyi bir anlasma!  Basit bir dilenci bile kabul ederdi.</Text>
    </Row>
    <!--Agrees -->
    <Row Tag="TXT_KEY_LEADER_HARALD_AGREE_SHORT_3">
      <Text>Elbette, dostum.</Text>
    </Row>
    <!--Disagrees -->
    <Row Tag="TXT_KEY_LEADER_HARALD_DISAGREE_SHORT_3">
      <Text>Ha, hayir.</Text>
    </Row>
    <Row Tag="TXT_KEY_LEADER_HARALD_DISAGREE_SHORT_4">
      <Text>Korkarim bugün degil.</Text>
    </Row>
    <!--Let's hear it -->
    <Row Tag="TXT_KEY_LEADER_HARALD_LETSHEARIT_3">
      <Text>Devam et.</Text>
    </Row>
    <Row Tag="TXT_KEY_LEADER_HARALD_LETSHEARIT_4">
      <Text>Dinliyorum.</Text>
    </Row>
    <!--Angry -->
    <!--Greetings (subsequent meetings) -->
    <Row Tag="TXT_KEY_LEADER_HARALD_GREETING_5">
      <Text>Oh, yine sen.</Text>
    </Row>
    <Row Tag="TXT_KEY_LEADER_HARALD_GREETING_6">
      <Text>Ne istiyorsun?</Text>
    </Row>
    <!--Goodbye -->
    <Row Tag="TXT_KEY_LEADER_HARALD_GOODBYE_5">
      <Text>Hepsi bu kadar.</Text>
    </Row>
    <Row Tag="TXT_KEY_LEADER_HARALD_GOODBYE_6">
      <Text>Git basimdan.</Text>
    </Row>
    <!--Trade offer from player - yes -->
    <Row Tag="TXT_KEY_LEADER_HARALD_TRADE_YES_ANGRY">
      <Text>Tamam, anlastik.</Text>
    </Row>
    <!--Trade offer from player - sweeten the deal -->
    <Row Tag="TXT_KEY_LEADER_HARALD_TRADE_NEEDMORE_ANGRY_1">
      <Text>Böyle bir teklifle kendi kardesimin yüzüne gülerdim.</Text>
    </Row>
    <Row Tag="TXT_KEY_LEADER_HARALD_TRADE_NEEDMORE_ANGRY_2">
      <Text>Bu yeterince iyi degil.</Text>
    </Row>
    <Row Tag="TXT_KEY_LEADER_HARALD_TRADE_NEEDMORE_ANGRY_3">
      <Text>Ha, bundan daha iyisini yapmalisin.</Text>
    </Row>
    <Row Tag="TXT_KEY_LEADER_HARALD_TRADE_NEEDMORE_ANGRY_4">
      <Text>Neredeyse...</Text>
    </Row>
    <!--Trade offer from player - no -->
    <Row Tag="TXT_KEY_LEADER_HARALD_TRADE_NO_ANGRY">
      <Text>Hayir, Loki'nin el becerisini görebiliyorum.</Text>
    </Row>
    <!--Demand for tribute from player - yes -->
    <Row Tag="TXT_KEY_LEADER_HARALD_TRIBUTE_YES_ANGRY">
      <Text>Mücadele ruhuna hayranim ama beni fazla zorlayabilecegini sanmiyorum.</Text>
    </Row>
    <!--Demand for tribute from player - no -->
    <Row Tag="TXT_KEY_LEADER_HARALD_TRIBUTE_NO_ANGRY">
      <Text>Lanet olsun dostum, bana kendi annemi soyduracaktin.</Text>
    </Row>
    <!--Demands tribute -->
    <Row Tag="TXT_KEY_LEADER_HARALD_DEMANDTRIBUTE_ANGRY">
      <Text>Son aldiginiz seyi çok begendim.  Salonumu uygun bir sekilde süslerdi.</Text>
    </Row>
    <!--Requests a trade -->
    <Row Tag="TXT_KEY_LEADER_HARALD_TRADEREQUEST_ANGRY">
      <Text>Ticaret, istedigimi elde etmek için korkakça bir yol gibi görünüyor ama danismanlarima deneyecegime söz verdim.</Text>
    </Row>
    <!--Agrees -->
    <Row Tag="TXT_KEY_LEADER_HARALD_AGREE_SHORT_4">
      <Text>Oh, çok iyi.</Text>
    </Row>
    <!--Disagrees -->
    <Row Tag="TXT_KEY_LEADER_HARALD_DISAGREE_SHORT_5">
      <Text>Hayir, seni aptal insan!</Text>
    </Row>
    <Row Tag="TXT_KEY_LEADER_HARALD_DISAGREE_SHORT_6">
      <Text>Bu kabul edilemez.</Text>
    </Row>
    <Row Tag="TXT_KEY_LEADER_HARALD_DISAGREE_SHORT_7">
      <Text>Tanri askina dostum, hayir.</Text>
    </Row>
    <!--Let's hear it -->
    <Row Tag="TXT_KEY_LEADER_HARALD_LETSHEARIT_5">
      <Text>Ne oldu?</Text>
    </Row>
    <Row Tag="TXT_KEY_LEADER_HARALD_DECLAREWAR_1">
      <Text>Bu gereksiz konusmalardan biktim.  Farkliliklarimiza simdi sahada karar verecegiz, gerçek erkekler gibi!</Text>
    </Row>
    <Row Tag="TXT_KEY_LEADER_HARALD_DECLAREWAR_2">
      <Text>Bir baska görkemli savasin zamaninin geldigini hissediyorum ve bir sonraki rakibim olma onurunu kazandiniz!  Aferin sana!</Text>
    </Row>
    <Row Tag="TXT_KEY_LEADER_HARALD_DECLAREWAR_3">
      <Text>Adamlarim sikildi ve kasamiz bos.  Bence biraz hafif egzersiz onlara iyi gelecektir, sence de öyle degil mi?</Text>
    </Row>
    <Row Tag="TXT_KEY_LEADER_HARALD_ATTACKED_1">
      <Text>Demek omurgali oldunuz  sizin için hâlâ umut var!  Bakalim neler yapabileceksin.</Text>
    </Row>
    <Row Tag="TXT_KEY_LEADER_HARALD_ATTACKED_2">
      <Text>Küçük fare kendini saldiran bir aslan saniyor. Ama aslanlar bile benim kilicimla yere serilebilir. Kendini kanitla.</Text>
    </Row>
    <Row Tag="TXT_KEY_LEADER_HARALD_ATTACKED_3">
      <Text>Iyi bir Viking'in özelliklerini gösteriyorsun!  Cok kötü, muhtemelen seni öldürmek zorunda kalacagim.</Text>
    </Row>
  </Language_en_US>
</GameData>