﻿<?xml version="1.0" encoding="utf-8"?>
<GameData>
  <EnglishText>
    <!-- This is a bit of a kludge to deal with the fact that our loc tool doesn't like duplicate keys between main DLC and scenario. -->
    <!-- The following strings are prefixed with a unique scenario key then later renamed. -->
    <Row Tag="LOC_PEDIA_CIVILIZATIONS_PAGE_CIVILIZATION_INDONESIA_CHAPTER_HISTORY_PARA_1_SCENARIO">
      <Text>Majapahit'in ilk kralı Raden Wijaya, On Üçüncü Yüzyılın sonlarında Budizm ve Hinduizm'i devlet dini olarak birleştirecek, tanrılar yan yana var olacak ve Budizm Hinduizm'e tabi olacaktı.</Text>
    </Row>
    <Row Tag="LOC_PEDIA_CIVILIZATIONS_PAGE_CIVILIZATION_INDONESIA_CHAPTER_HISTORY_PARA_2_SCENARIO">
      <Text>Yine de, Budist ve Hindu taraftarlarının katı bir şekilde tanımlanmış kendi toplulukları vardı ve Majapahit yasaları müjdeciliği ve din değiştirmeyi yasaklıyordu. Bu arada, uzak dağlarda ve köylerde, eski, yerli inançların uygulayıcılarının ayinlerini kesintisiz olarak (devlet dinine tehdit olarak görülmeden) yapmalarına izin verildi. Bu şekilde kral, yeni liderlerinin kendi tanrılarının yerine geçmeye çalışmasından endişe duyabilecek yerel yöneticilerle sinir bozucu çatışmalardan kaçınmış oldu.</Text>
    </Row>
    <Row Tag="LOC_PEDIA_CIVILIZATIONS_PAGE_CIVILIZATION_INDONESIA_CHAPTER_HISTORY_PARA_3_SCENARIO">
      <Text>Bu ikilik Budist Singasari saltanatından yumuşak bir geçiş sağlarken, Majapahit'in kralın yönetimini kutsamak için kendi Hindu ritüellerini kullanmasına da izin veriyordu.</Text>
    </Row>
    <Row Tag="LOC_PEDIA_CIVILIZATIONS_PAGE_CIVILIZATION_KHMER_CHAPTER_HISTORY_PARA_1_SCENARIO">
      <Text>MS 802'de iktidara gelen Jayavarman II kendisini 'Cakravartin' ya da 'evrensel hükümdar' ilan edecekti. Sıradan bir fatih ya da kral adayı için bu basit bir başarı sayılmazdı ama Jayavarman II'nin yanında devaraja kültü vardı ve iktidarı ele geçirdikten sonra onları krallığının devlet aygıtına yerleştirecekti.</Text>
    </Row>
    <Row Tag="LOC_PEDIA_CIVILIZATIONS_PAGE_CIVILIZATION_KHMER_CHAPTER_HISTORY_PARA_2_SCENARIO">
      <Text>Adı "Tanrı-kral" anlamına gelen devaraja kültü, Şiva'ya adanmış anasoylu bir mezhepti ve Angkor krallarının tarihi boyunca hükümdarlara taç giydirmek için kullanıldı.</Text>
    </Row>
    <Row Tag="LOC_PEDIA_CIVILIZATIONS_PAGE_CIVILIZATION_KHMER_CHAPTER_HISTORY_PARA_3_SCENARIO">
      <Text>Devaraja'nın soyu, kralın göreve başlama törenini gerçekleştiren kutsal adamdan talimat alan rahip Sivakaivalya aracılığıyla devam edecekti. Devaraja ve uygulamalarının devamlılığı o kadar önemliydi ki, kral başkentini taşıdığında kült de (Sivakaivalya'nın tüm ailesiyle birlikte) onunla birlikte taşındı.</Text>
    </Row>
    <!-- Units -->
    <Row Tag="LOC_PEDIA_UNITS_PAGE_UNIT_GURU_CHAPTER_HISTORY_PARA_1">
      <Text>Sanskritçe 'guru' kelimesi öğretmen anlamına gelir ve yine de öğretecek biri olmadan guru nedir ki?</Text>
    </Row>
    <Row Tag="LOC_PEDIA_UNITS_PAGE_UNIT_MONK_CHAPTER_HISTORY_PARA_1">
      <Text>Keşiş, dua ve ruhani adanmışlıkla dolu münzevi bir hayat yaşamak için seküler dünyayı terk eden bir din uygulayıcısıdır. Hristiyanlık, Budizm ve Jainizm de dahil olmak üzere birçok dini gelenek, inançlarının bir parçası olarak manastır geleneklerine sahiptir. Bazı manastır tarikatları neredeyse tamamen dünyadan elini eteğini çekerken, diğerleri çevrelerindeki topluma verdikleri hizmetle tanınır. Keşişler genellikle dünyevi işlerden ayrı olduklarını gösteren özel kıyafetler giyerler.</Text>
    </Row>
    <Row Tag="LOC_PEDIA_UNITS_PAGE_UNIT_PRIEST_CHAPTER_HISTORY_PARA_1">
      <Text>Rahip, genellikle rolü için özel bir hazırlıktan geçmiş dini bir liderdir.  Terim Latince "yaşlı" anlamına gelen "presbyter" kelimesinden türetilmiştir, ancak genel olarak günümüzde ve tarih boyunca birçok dinde oynanan rolü kapsadığı kabul edilmektedir. Rahiplik mesleği, tarımın gelişmesiyle neredeyse eş zamanlı olarak arkeolojik ve kültürel kayıtlarda ortaya çıkan en eski insan mesleklerinden biri olabilir. Rahipler, insanlar ve tanrıları arasında aracı olarak hizmet etmeye, kurban sunmaya ve kritik yaşam olaylarını işaret eden ritüelleri sağlamaya çağrılırlar. Bir rahip, rolünün bir parçası olarak özel yükümlülüklere ve kısıtlamalara uyabilir ya da unvanını toplumdaki rolüne ek olarak alabilir.</Text>
    </Row>
    <Row Tag="LOC_PEDIA_UNITS_PAGE_UNIT_MISSIONARY_CHAPTER_HISTORY_PARA_1">
      <Text>Kaçınılmaz olarak, her dinde "sözü duyan" ve sonra onu yaymak için dışarı çıkanlar vardır. Tarih boyunca vaizler ve din değiştirenler, hangi inanç olursa olsun, inanmayanları kendi inançlarına döndürmek için genellikle büyük riskler alarak - dolayısıyla tüm o şehitler ve azizler - yurtdışına gitmişlerdir. Bu, misyonerlerin daha pratik türden iyi işler de yapmadıkları anlamına gelmez: öğretmek için okullar, iyileştirmek için klinikler, desteklemek için sosyal yardım programları, kapatmak için tasarruf dükkanları ve medeniyetin diğer tüm faydaları. İster kılıçla ister gülümsemeyle olsun, misyonerlerin birincil amacı inançlarını paylaşmak ve böylece yeni inananlar kazanmaktır. Bir zamanlar bunu yapmak için görevlere gitmeleri gerekirken, şimdi çok daha güvenli ve rahat olan tele-müjdeleme yapabiliyorlar.</Text>
    </Row>
    <!-- Civs -->
    <Row Tag="LOC_PEDIA_CIVILIZATIONS_PAGE_CIVILIZATION_CHINA_CHAPTER_HISTORY_PARA_1">
      <Text>Çin medeniyete çok şey katmıştır: kağıt, çan, olta makarası, barut, pusula, perde, iskambil kağıtları, petrol kuyusu, tahta baskı, ipek, Çin icatlarının listesi sonsuza kadar uzayıp gider. Çin aynı zamanda medeniyete büyük dinler (Konfüçyüsçülük, Taoizm, Faizm, Yi Bimoizm ve diğerleri) ve büyük felsefeler (mohizm, legalizm, naturalizm, neo-taoizm ve benzerleri) kazandırmıştır. Shi Nai'an ve Wu Cheng'an gibi Çinli yazarlar, Han Gan ve Ma Yuan gibi sanatçılar, Wei Liangfu ve Cai Yan gibi besteciler uygarlığı ölçüsüz bir şekilde zenginleştirmiştir. Dahası, Çin kölelik, tek eşlilik, casusluk, yıkıcılık, propaganda, kentleşme, lingchi ("bin kesikle ölüm") ve daha birçok kavramı ortaya atmıştır.</Text>
    </Row>
    <Row Tag="LOC_PEDIA_CIVILIZATIONS_PAGE_CIVILIZATION_CHINA_CHAPTER_HISTORY_PARA_2">
      <Text>Savaşan Devletler dönemi (yaklaşık M.Ö. 475 - M.Ö. 221) olarak adlandırılan dönemde antik Çin, Qi, Qin, Zhao, Yan, Han, Chu ve Wei olmak üzere yedi krallıktan oluşuyordu ve bu krallıklar birbirleriyle anlaşmazlık içindeydi... sürekli savaştıkları için aralarında ciddi anlaşmazlıklar vardı. Sonunda, Qin kralı Ying Zheng, Çin'i birleştirme görevini üstlendi, son düşmanı (Qi) fethetti ve böylece kendisini Qin Shi Huang (gevşekçe, "Qin'in ilk imparatoru") ilan etti. Görkemli hükümdarlığı sırasında, kitapları yakmanın ve kendisiyle aynı fikirde olmayan bilginleri diri diri gömmenin yanı sıra - çünkü Savaşan Devletler dönemi, liberal felsefelerin ve özgür düşüncenin üzücü bir koleksiyonu olan Yüz Düşünce Okulu'nun doğmasına neden olmuştu - Qin, kapsamlı bir yol ve kanal inşa programı üstlendi ve hatta barbarları dışarıda tutmak için Çin Seddi'nin inşasına başladı (ortaya çıktığı gibi, boşuna bir çaba). Efsanevi ölümsüzlük iksirini çok aramasına rağmen, Ying Zheng onu bulamadı - tabii ki - ve MÖ 210 yılında öldü. Chang'an yakınlarında 700 bin "ücretsiz işçi" tarafından inşa edilen ve ünlü Terracotta Ordusu tarafından korunan devasa bir anıt mezara defnedildi. Qin İmparatorluğu sadece birkaç yıl daha sürdü.</Text>
    </Row>
    <Row Tag="LOC_PEDIA_CIVILIZATIONS_PAGE_CIVILIZATION_CHINA_CHAPTER_HISTORY_PARA_3">
      <Text>M.Ö. 207'de köylü bir asi ve doğuştan baş belası olan Liu Bang, hırslı Chu savaş lordu Xiang Yu'nun yardımıyla Qin Shi Huang'ın beceriksiz halefini tahttan indirdi ve - müttefikini ortadan kaldırdıktan sonra - Han hanedanlığını kurdu. Xin hanedanı tarafından sadece kısa bir süreliğine kesintiye uğrayan Han, dilsel konsolidasyon, kültürel deneyler, siyasi ifade, ekonomik refah, keşif ve genişleme ve teknolojik yenilik çağına hükmetti. İmparator Wu'nun bozkırlardaki Xiongnu Federasyonu'nu parçalaması ve Çin'in geleneksel sınırlarını yeniden tanımlamasıyla daha da iyi hale gelen iyi bir zamandı. Han tüccarları Part İmparatorluğu ve Hindistan'a kadar uzanmıştır; Han kalıntılarında Roma üretimi cam eşyalar bulunmuştur. Han imparatorları aynı zamanda eski askerlerden oluşan tarım komünlerini batıdaki geniş alanlara dağıtarak İpek Yolu'nun kendi uçlarını sabitlediler.</Text>
    </Row>
    <Row Tag="LOC_PEDIA_CIVILIZATIONS_PAGE_CIVILIZATION_CHOLA_CHAPTER_HISTORY_PARA_1">
      <Text>Cholas Tamil Hanedanlığı, M.Ö. Üçüncü Yüzyıl ile M.S. On Üçüncü Yüzyıl arasındaki geniş hükümdarlıkları sırasında öncelikle Şaivit Hindulardı. Güney Hindistan'da Şiva ve ailesine adanmış tapınaklar inşa etmeleriyle tanınırlardı. Cholalar imparatorluklarını genişlettikçe tapınaklar inşa edip Şiva'ya tapınmayı yayarken diğer Hint dinlerine de hoşgörü göstermeye devam etmişlerdir.</Text>
    </Row>
    <Row Tag="LOC_PEDIA_CIVILIZATIONS_PAGE_CIVILIZATION_CHOLA_CHAPTER_HISTORY_PARA_2">
      <Text>Muhtemelen bu nedenle, 1133 yılında Vişnevit havari Ramanachooloo, Vişnu hakkındaki iyi sözleri yaymanın güvenli olacağını düşündü. Ancak, dönemin Chola Racası'nın başka fikirleri vardı: tüm tebaasının Şiva'ya iman ikrarında bulunmasını ilan etti.</Text>
    </Row>
    <Row Tag="LOC_PEDIA_CIVILIZATIONS_PAGE_CIVILIZATION_CHOLA_CHAPTER_HISTORY_PARA_3">
      <Text>Ramanachooloo Mysoor'a kaçar ve orada rajayı dönüştürür; raja da dönüşümünü simgelemek üzere adını Vishnoo Verdana olarak değiştirir.</Text>
    </Row>
    <Row Tag="LOC_PEDIA_CIVILIZATIONS_PAGE_CIVILIZATION_GHAZNAVID_CHAPTER_HISTORY_PARA_1">
      <Text>Bu Müslüman hanedan, o dönemde bölgedeki Jainler, Hindular ve diğer gayrimüslim dinlerin zararına olacak şekilde, Türk askerlerini düzenli olarak Hindistan'a seferlere gönderiyordu.</Text>
    </Row>
    <Row Tag="LOC_PEDIA_CIVILIZATIONS_PAGE_CIVILIZATION_GHAZNAVID_CHAPTER_HISTORY_PARA_2">
      <Text>On birinci yüzyılda Gazneli tarihçi Ebu Nasr el-Utbi, Sultan'ın tüm o sinir bozucu yabancı putları temizlemek ve Hindistan'a İslam'ı getirmek için Hindistan'a doğru yola çıkacağını yazacaktı.</Text>
    </Row>
    <Row Tag="LOC_PEDIA_CIVILIZATIONS_PAGE_CIVILIZATION_GHAZNAVID_CHAPTER_HISTORY_PARA_3">
      <Text>Bir asır önce Gazneli Mahmud farklı bir yol izleyecekti (Hintli Hindularla daha karmaşık bir ilişki kuracaktı). 998'den 1030'daki ölümüne kadar hüküm süren Mahmud'un yabancı dinlere karşı daha hoşgörülü olduğu ve fethettiği Hint topraklarını yönetmek için Hindu vasallar kullandığı bilinmektedir.</Text>
    </Row>
    <Row Tag="LOC_PEDIA_CIVILIZATIONS_PAGE_CIVILIZATION_GHAZNAVID_CHAPTER_HISTORY_PARA_4">
      <Text>Ancak 'hoşgörülü' olmak nazik olmak anlamına gelmez. Mahmud Hindistan'ı 17 kez işgal edecek ve 1027'de Somnath Tapınağını yağmalayarak savaşta 5.000 Hinduyu öldürecektir.</Text>
    </Row>
    <Row Tag="LOC_PEDIA_CIVILIZATIONS_PAGE_CIVILIZATION_PALA_CHAPTER_HISTORY_PARA_1">
      <Text>Pala Hanedanlığı MS 750'de hanedanlıklarının başlangıcından dört yüzyıl sonraki çöküşüne kadar bölgede Budizm'in hamileri olarak öne çıkmıştır. Bu, Mahayana Budizm'inin birinci binyılın ikinci yarısında Güneydoğu Asya'da ortaya çıkmasını sağlayacak türden bir himayeydi.</Text>
    </Row>
    <Row Tag="LOC_PEDIA_CIVILIZATIONS_PAGE_CIVILIZATION_PALA_CHAPTER_HISTORY_PARA_2">
      <Text>Ve bu etkinin büyük bir kısmı keşiş Atisha'ya (veya Atiśa) verdikleri destekten geliyordu. 982 yılında Candragarbhaa adıyla doğan Atisha kraliyet ailesinin bir üyesiydi.</Text>
    </Row>
    <Row Tag="LOC_PEDIA_CIVILIZATIONS_PAGE_CIVILIZATION_PALA_CHAPTER_HISTORY_PARA_3">
      <Text>Bir keşiş olarak 1013'ten itibaren Srivijaya krallığına giderek 12 yıl boyunca burada eğitim görür (muhtemelen o sırada Srivijaya'da patlak vermeye başlayan siyasi çalkantılardan kaçınmak için 1025'te Hindistan'a döner).</Text>
    </Row>
    <Row Tag="LOC_PEDIA_CIVILIZATIONS_PAGE_CIVILIZATION_PALA_CHAPTER_HISTORY_PARA_4">
      <Text>Seyahatleri (ve ailesinin etkisi) en çok Tibet'te geçirdiği zamanlarla bilinir; burada yerel halk arasında kendini gösterecek ve onlara Mahayana Budizmini yeniden tanıtacaktır.</Text>
    </Row>
    <Row Tag="LOC_PEDIA_CIVILIZATIONS_PAGE_CIVILIZATION_TUFAN_CHAPTER_HISTORY_PARA_1">
      <Text>Uygurlar 803 yılında Tufan'ı Tibetlilerden aldıktan sonra, dini devletin inancı haline getirerek ulusal kimlikleriyle bütünleştirmeyi sürdüreceklerdi. Bir süre için.</Text>
    </Row>
    <Row Tag="LOC_PEDIA_CIVILIZATIONS_PAGE_CIVILIZATION_TUFAN_CHAPTER_HISTORY_PARA_2">
      <Text>Çin'in yakınlardaki etkisi ve Tufan'ın İpek Yolu üzerindeki konumu sayesinde Budizm hâlâ etkisini sürdürüyordu ama Moğol komşuları arasında Müslümanların varlığı Uygurların ve Tufan'ın dinî kimliğini önemli ölçüde değiştirmeye yardımcı olacaktı.</Text>
    </Row>
    <Row Tag="LOC_PEDIA_CIVILIZATIONS_PAGE_CIVILIZATION_TUFAN_CHAPTER_HISTORY_PARA_3">
      <Text>Onuncu yüzyıla gelindiğinde Kaşgarlı Sultan Buğra Han (ya da Satuk Buğra Han Gazi) gibi fatihler Tufan'a göz dikecek ve komşu Hıtay yönünde bir yıllık bir dönüşüm savaşı yürütecektir.</Text>
    </Row>
    <Row Tag="LOC_PEDIA_CIVILIZATIONS_PAGE_CIVILIZATION_TUFAN_CHAPTER_HISTORY_PARA_4">
      <Text>Yuan Hanedanlığı döneminde (1260-1368 yılları arasında) din değiştirme tamamlanacak; Müslüman cemaatin üyeleri (nispeten) barış içinde bölgeye entegre olacak, hatta Çin sarayında görev yapacaktı.</Text>
    </Row>
    <!-- City States -->
    <Row Tag="LOC_PEDIA_CITYSTATES_PAGE_CIVILIZATION_DALI_CHAPTER_HISTORY_PARA_1">
      <Text>Dağlık Dali Krallığı'nın halkı Tantrik Budizm'i yakındaki Tang Hanedanlığı'ndan miras alacaktı. MS 937 ile 1253 yılları arasında, Güney İpek Yolu'nun idaresini kullanarak Budizm'i bölgede korumuş ve yaymışlardır.</Text>
    </Row>
    <Row Tag="LOC_PEDIA_CITYSTATES_PAGE_CIVILIZATION_DELHI_CHAPTER_HISTORY_PARA_1">
      <Text>Bazen 3500 yıldan daha eski olduğu söylenen bu antik kent Zerdüştlük, Budizm, Hinduizm ve İslam gibi çok sayıda inanca ev sahipliği yapmıştır. Bununla birlikte, 27 Jain tapınağının yıkılmasını emrederken cami inşaatını önemli ölçüde genişleten Sultan Kutb-ud-din Aybak'ın sözde 'Köle Hanedanı' döneminde olduğu gibi tasfiyelere de maruz kalacaktır.</Text>
    </Row>
    <Row Tag="LOC_PEDIA_CITYSTATES_PAGE_CIVILIZATION_GAOCHANG_CHAPTER_HISTORY_PARA_1">
      <Text>Dokuzuncu Yüzyıl boyunca Gaochang Türki Uygurlara ev sahipliği yapacaktır. Çöldeki vahaları Budizm, Maniheizm ve Nasturi Hristiyanlığı uygulayıcıları da dahil olmak üzere herkesi kendine çekecekti. Ancak Uygurlar buraya yerleştiklerinde Budizm'e geçecek ve Qocho Krallığı döneminde tapınaklar inşa etmeye başlayacaklardı.</Text>
    </Row>
    <Row Tag="LOC_PEDIA_CITYSTATES_PAGE_CIVILIZATION_GOA_CHAPTER_HISTORY_PARA_1">
      <Text>Yerel Hindu liderlerin teşvikiyle İslam, On Birinci Yüzyılda Arap tüccarlar aracılığıyla Goa'ya gelecektir. Bu hoşgörü uzun sürmeyecek; On Üçüncü Yüzyıl'da Delhi'den gelen İslam fatihleri inançlarının daha katı bir biçimini ithal edecek ve bir yüzyıl içinde tek onaylanmış din olacaktı.</Text>
    </Row>
    <Row Tag="LOC_PEDIA_CITYSTATES_PAGE_CIVILIZATION_HEIAN_CHAPTER_HISTORY_PARA_1">
      <Text>Bu dönemde Çin'den üç büyük ihraç ürünü gelecekti: çay ve Budizm'in iki rakip türü. Eşitlikçi Tendai Budizmi Enryaku-ji tapınağında (kelimenin tam anlamıyla) kutsallaştırılırken, Shingon Budizmi imparatorluk sarayı tarafından benimsenecek ve devlet ile inancı birleştirecekti.</Text>
    </Row>
    <Row Tag="LOC_PEDIA_CITYSTATES_PAGE_CIVILIZATION_KAESONG_CHAPTER_HISTORY_PARA_1">
      <Text>Wang Geon, hükümdarlığı sırasında (918-943) Kaesong'da Budizm'in güçlü bir hamisi olacak ve yeni başkent Gaegyeong'da 10 manastır inşa edilmesini emredecekti. Halefleri de ondan geri kalmayarak 70 manastır ve Budist metinlerin tamamını bir araya getiren 80.000 tahta oyma eser inşa ettirdi.</Text>
    </Row>
    <Row Tag="LOC_PEDIA_CITYSTATES_PAGE_CIVILIZATION_KASHGAR_CHAPTER_HISTORY_PARA_1">
      <Text>Kaşgar Uygurlarının vaha evi, İpek Yolu üzerinde bir merkezdi ve bu da onu bölgedeki tüccarlar için kültürel, sosyal ve ekonomik bir hedef haline getiriyordu. Dezavantajı ise, MS 711'den başlayarak üç yüzyıl boyunca bir dizi istila girişiminde bulunan Müslüman işgalciler de dahil olmak üzere tüm sinir bozucu fatih adaylarıydı.</Text>
    </Row>
    <Row Tag="LOC_PEDIA_CITYSTATES_PAGE_CIVILIZATION_KHOTAN_CHAPTER_HISTORY_PARA_1">
      <Text>İslam öncesi tarihinde Hotan uzun süre Çinlilerin Budist müttefikiydi ve iki ulusun seçkinleri birbirleriyle evleniyordu. Ancak MS 1000 yılına gelindiğinde Hotan Kaşgar'la giriştiği kanlı bir ileri geri savaşa yenik düşecek ve Yusuf Kadir'in İslami yönetimi altına girecektir.</Text>
    </Row>
    <Row Tag="LOC_PEDIA_CITYSTATES_PAGE_CIVILIZATION_KUCHA_CHAPTER_HISTORY_PARA_1">
      <Text>Kuça'nın Uygur yöneticileri Song Hanedanlığı döneminde Çinli komşularıyla güçlü diplomatik ve dini bağlar kurmuşlardır. Bu ilişki, 1072 ve 1096 yıllarında Çinlilere yeşim Buda heykelleri gönderdikleri söylenen 11. yüzyıldaki Karakanid fatih Sultanları döneminde de sürecektir.</Text>
    </Row>
    <Row Tag="LOC_PEDIA_CITYSTATES_PAGE_CIVILIZATION_LAMPHUN_CHAPTER_HISTORY_PARA_1">
      <Text>Efsaneye göre Lamphun ve Lop Buri'nin Budist kralları 1130 ve 1150 yıllarında savaşa girdiklerinde, her ikisi de Wat Jam Thewi çevresinde savaş yerine kutsal bir yapı olan 'dhammayuddha' üzerinde anlaşmışlardır. Efsanelerde doğruluk payı olabilir - bu tapınaklara dair kanıtlar bugün bölgede mevcuttur.</Text>
    </Row>
    <Row Tag="LOC_PEDIA_CITYSTATES_PAGE_CIVILIZATION_LAMURI_CHAPTER_HISTORY_PARA_1">
      <Text>Bu krallığın Onuncu ve On Birinci yüzyıllar arasında karışık ve biraz da belirsiz bir kaydı vardır. Dönemin Hintli ve Arap tüccarları buranın daha sonra Mahayana Budisti Srivijaya'nın etkisi altına girecek olan egemen bir sultanlık olduğunu söylemektedir.</Text>
    </Row>
    <Row Tag="LOC_PEDIA_CITYSTATES_PAGE_CIVILIZATION_MALABANG_CHAPTER_HISTORY_PARA_1">
      <Text>Sömürge öncesi Malabang'ı yurt edinen gruplar arasında Maranaolar da vardı. Göl halkından oluşan bu kabile, Müslüman kimliklerini 1475 yılında Johore'den Filipinler'e İslam'ı getirecek olan Maguindanao Sultanı Şerif Muhammed Kabunsuwan'a dayandırmaktadır.</Text>
    </Row>
    <Row Tag="LOC_PEDIA_CITYSTATES_PAGE_CIVILIZATION_PAGAN_CHAPTER_HISTORY_PARA_1">
      <Text>Burma'yı birleştirdikten sonra, Kral Anawrahta 1057'de esir aldığı Thatonlu Monları Pagan Krallığı'na sürgün edecek ve farkında olmadan Mon Budizm'ini 1301'deki son Moğol istilalarına kadar gelişeceği açık bir halka getirecekti.</Text>
    </Row>
    <Row Tag="LOC_PEDIA_CITYSTATES_PAGE_CIVILIZATION_PALEMBANG_CHAPTER_HISTORY_PARA_1">
      <Text>671 yılında Çinli Budist keşiş Yijing Palembang tarzı Budizm'den etkilenmiş ve daha sonra bunun Hindistan'da uygulanan tarzla neredeyse aynı olduğunu belirtmiştir. Yijing gelecekteki Çinli hacılara Hindistan'a gitmeden önce doğru uygulamaları öğrenmek için Srivijaya'yı ziyaret etmelerini tavsiye edecekti.</Text>
    </Row>
    <Row Tag="LOC_PEDIA_CITYSTATES_PAGE_CIVILIZATION_SAMARKAND_CHAPTER_HISTORY_PARA_1">
      <Text>İpek Yolu, antik çağlardan 15. yüzyıla kadar Orta Asya bozkırları boyunca uzanan ticaret yollarını ifade eder. Sadece ipek değil, yeşim taşı ve diğer malların yanı sıra sanat, edebiyat ve dinin de güzergahıydı. İpek Yolu'nun merkezinde bozkırların güçleri vardı - güçlü olduklarında yolun işlemesine izin veren Türk ve Moğol grupları. Savaş ve çatışmalar doğal olarak ticareti sekteye uğrattı ve İpek Yolu'nun gerilemesine yol açan şey Moğol İmparatorluğu'nun çöküşü - ve Avrupa'nın gemi temelli ticaretinin yükselişi - oldu.</Text>
    </Row>
    <Row Tag="LOC_PEDIA_CITYSTATES_PAGE_CIVILIZATION_SOMNATH_CHAPTER_HISTORY_PARA_1">
      <Text>Somnath'taki Şaivit tapınağını ortadan kaldırmaya yönelik sayısız girişim hakkında tapınağın inşasından daha çok şey biliyoruz. MS 1027 yılına gelindiğinde, ikinci tapınak Gazneli Sultan Mahmud tarafından ortadan kaldırılacak ve 1169 yılında bir başka yeniden inşaya zemin hazırlayacaktır.</Text>
    </Row>
    <Row Tag="LOC_PEDIA_CITYSTATES_PAGE_CIVILIZATION_THANG_LONG_CHAPTER_HISTORY_PARA_1">
      <Text>Lý Thái Tổ, Thăng Long'u Vietnam'ın yeni başkenti yaptığında, Budizm'i de devlet dini olarak kuracaktı. Kendini o kadar adamıştı ki, vatandaşları Budist rahipler olarak atanmaya teşvik etti ve 1016'da sadece başkentte en az 1.000 kişi bunu yaptı.</Text>
    </Row>
    <Row Tag="LOC_PEDIA_CITYSTATES_PAGE_CIVILIZATION_TEMASEK_CHAPTER_HISTORY_PARA_1">
      <Text>Temasek çeşitli hükümdarların (ve onların dinlerinin) egemenliği altına girmiştir. Majapahit ve Siyam, Budizm'i de beraberlerinde getirerek bölgeyi peş peşe kontrol altına aldılar. 'Malay Annals' bize 1409'da Kral Paramesvara'nın İslam'ı kabul ederek Malay yarımadasıyla birlikte kontrolü ele geçireceğini söyler.</Text>
    </Row>
    <Row Tag="LOC_PEDIA_CITYSTATES_PAGE_CIVILIZATION_TONDO_CHAPTER_HISTORY_PARA_1">
      <Text>Hinduizm ve Budizm MS 900 gibi erken bir tarihte Tondo'ya ulaşmıştır. En azından, Budist-Hindu ay takvimine atıfta bulunan en eski yazılı kanıt olan Laguna Bakır Levhası'nın tarihi budur. Her ikisi de daha sonra On Dördüncü Yüzyılda İslam tarafından yerinden edilecektir.</Text>
    </Row>
    <Row Tag="LOC_PEDIA_CITYSTATES_PAGE_CIVILIZATION_TURPAN_CHAPTER_HISTORY_PARA_1">
      <Text>MS 762'de Turpan'ı fethettikten sonra Uygurlar Maniheist misyonerlerden o kadar etkileneceklerdi ki Maniheizm'i resmi din ilan edeceklerdi - tarihte ilk ve tek kez bir devlet bunu yapacaktı.</Text>
    </Row>
    <Row Tag="LOC_PEDIA_CITYSTATES_PAGE_CIVILIZATION_UJJAIN_CHAPTER_HISTORY_PARA_1">
      <Text>MS 1235 yılında Delhi Sultanlığı tarafından şehrin yağmalanmasından önce, Ujjain uzun zamandır önemli bir Hindu bölgesi olarak kabul ediliyordu. O kadar önemliydi ki, bazıları tanrıların bir ölümsüzlük kabı için savaştıklarında, bir damlanın Ujjain'e düşerek şehri kutsadığına inanıyordu.</Text>
    </Row>
    <Row Tag="LOC_PEDIA_CITYSTATES_PAGE_CIVILIZATION_VIJAYA_CHAPTER_HISTORY_PARA_1">
      <Text>MS On İkinci Yüzyılın sonunda Vijaya siyasi ve kültürel bir merkez haline gelmiş, bu da Hindu Cham yönetimini yeni taç giyen Khmer Kralı Jayavarman VII için cazip bir hedef haline getirmiştir. 1200'lerin ilk on yılında Vijaya, Khmer'in Mahayana Budist etkisi altına girecekti.</Text>
    </Row>
    <Row Tag="LOC_PEDIA_CITYSTATES_PAGE_CIVILIZATION_XINGQING_CHAPTER_HISTORY_PARA_1">
      <Text>Tangut halkı Batı Xia'nın merkezi olan Xingqing Eyaleti'nin nüfusunu oluşturuyordu (yani 1227'de Moğollar tarafından yağmalanmadan önce). Muhtemelen Song komşularının Budizm'inden etkilenmiş olsalar da, kendi şamanist uygulamalarını sürdürmüşlerdir.</Text>
    </Row>
    <Row Tag="LOC_PEDIA_CITYSTATES_PAGE_CIVILIZATION_ZHONGJING_CHAPTER_HISTORY_PARA_1">
      <Text>Zhongjing'de 1189'da inşa edilen Beyaz Pagoda yalnızca bir Budist anıtı olmakla kalmayıp, Guayin imgeleri taşıyan Beyaz bornozun eklenmesi gibi bazı yapı unsurları şamanizmin -ve ev tanrılarına duyulan arzunun- inşaata yön vermiş olabileceğine işaret ediyor olabilir.</Text>
    </Row>
    <Row Tag="LOC_PEDIA_CITYSTATES_PAGE_CIVILIZATION_BANDAR_BRUNEI_CHAPTER_HISTORY_PARA_1">
      <Text>Bandar Brunei, Borneo adasında bulunan Brunei Sultanlığı'nın başkentidir ve 7. yüzyılın başlarında bir Malay limanı olarak yerleşmiştir. Sultanlık 14. ve 15. yüzyıllarda gücünün zirvesine ulaşmıştır.</Text>
    </Row>
    <!-- Govts/Policies -->
    <Row Tag="LOC_PEDIA_GOVERNMENTS_PAGE_POLICY_QUECHANG_CHAPTER_HISTORY_PARA_1">
      <Text>Quechang veya "kontrollü ticaret bölgesi", ticaret kontrolüne tabi tutulmak ve vergilendirilmek için tüm uluslararası ticaretin geçmesi gereken bir İmparatorluk Çin bölgesiydi. İlk olarak 1142 yılında Jin hanedanlığı döneminde ortaya çıkan bu merkezlerin en önemlileri su yolları ve ana kara ticaret yolları üzerinde bulunuyordu. Ancak hükümetin tüm uluslararası ticareti bu merkezlerden geçirme çabasına rağmen, özellikle vergi ödemekle ilgilenmeyen gayri resmi aracılar arasında daha esnek düzenlemeler bulmak için güçlü bir teşvik vardı (okuyun: Kaçakçılar).</Text>
    </Row>
    <Row Tag="LOC_PEDIA_GOVERNMENTS_PAGE_POLICY_NOBLE_PATH_CHAPTER_HISTORY_PARA_1">
      <Text>Asil Yol ya da Sekiz Katlı Yol, Budist aydınlanma yolunun Siddhartha Gautama tarafından çilecilik ve haz düşkünlüğü uçları arasında bir orta yol olarak ortaya konan bir formülasyonudur. Bunlar genellikle aydınlanmış bir bireyin entelektüel olarak anlayacağı ve davranışlarında sergileyeceği nitelikler olarak anlaşılır: Doğru görüş, doğru niyet, doğru konuşma, doğru eylem, doğru geçim, doğru çaba, doğru farkındalık ve doğru konsantrasyon.</Text>
    </Row>
    <Row Tag="LOC_PEDIA_GOVERNMENTS_PAGE_POLICY_JUNK_CHAPTER_HISTORY_PARA_1">
      <Text>Junk, tanınabilir ve ortak tasarım özelliklerine sahip bir dizi geleneksel Çin denizcilik gemisinden herhangi biridir: Tam körüklü kare yelkenler, yüksek kıç bodoslamalar, düz bir dip ve aynı zamanda omurga görevi gören büyük dümenler. Junklar bölmeli ve su geçirmez ambarlara sahip ilk gemilerdendir ve bu da gövdelerinin sağlamlığına katkıda bulunmuştur. Bu terim Portekizce "junco" ya da Çince "chuan" kelimesinin lehçesel bir varyasyonu olan Malayca "jong" kelimesinden türemiş olabilir.</Text>
    </Row>
    <Row Tag="LOC_PEDIA_GOVERNMENTS_PAGE_POLICY_DEVOTION_CHAPTER_HISTORY_PARA_1">
      <Text>Adanmışlık bir dine uyma eylemidir ve hem bireyleri hem de kültürleri tanımlayabilir.  Adanmış bir kültür, dini uygulamalarını kimliğinin bir parçası olarak kullanır ve insanları daha büyük bir ortak amaç için birbirine bağlar. Bu dini bağlılığın uygulamaları daha yüksek ideallere yönelik olsa da, yine de birleşik bir halkın pratik, dünyevi avantajları vardır.</Text>
    </Row>
    <Row Tag="LOC_PEDIA_GOVERNMENTS_PAGE_GOVERNMENT_THALASSOCRACY_CHAPTER_HISTORY_PARA_1">
      <Text>Talassokrasi, kontrolü sağlamak için donanmasının gücüne dayanan bir siyasi organizasyondur. Yunanlılar bu terimi ilk olarak, çok sayıda ticaret ve savaş gemisi sayesinde Ege Denizi çevresindeki bölgeyi kontrol eden Minoslular için kullanmışlardır. Bir talassokrasi içeride hemen hemen her sistemle yönetilebilir -ister bir monark, ister bir oligarşi ya da çekişen ticaret loncaları olsun- ancak dünyanın geri kalanıyla ilişkileri neredeyse tamamen deniz gücü ve kontrolü açısından tanımlanır. Bir Tüccar Cumhuriyeti kadar ticaret odaklı olmak zorunda değillerdir ve bazı talassokrasiler diğerleriyle ilişkilerinde oldukça yağmacı olmuşlardır.</Text>
    </Row>
    <Row Tag="LOC_PEDIA_GOVERNMENTS_PAGE_GOVERNMENT_THALASSOCRACY_CHAPTER_HISTORY_PARA_2">
      <Text>Endonezya'daki Majapahit İmparatorluğu, baharat ticaretini ve Hindistan ile Çin arasındaki yolları kontrol eden büyük bir talasokratik güçtü. Hem Portekizliler hem de Hollandalılar, donanmaları sayesinde coğrafi büyüklüklerinin ötesinde siyasi güç uygulayan Avrupa'nın büyük talasokrasileriydi. Modern çağ ilerledikçe, donanma anlaşmaları bir zamanların güçlü donanmalarının boyutlarını kısıtladı (zaten hızla karşılanamaz hale geliyorlardı). Sömürgecilik azaldıkça, hükümetin gücünü yansıtma ve sürdürme gereksinimleri de azaldı ve talasokrasiler tarihe karıştı.</Text>
    </Row>
    <Row Tag="LOC_PEDIA_CIVICS_PAGE_CIVIC_COMPASS_CHAPTER_HISTORY_PARA_1">
      <Text>Her ne kadar denizcilerin kadim ilmi pratik navigasyonla ilgili külçeler içerse de, hiçbir şey size geminin rotasını güvenilir bir şekilde sağlayan basit, iyi yapılmış bir cihazın kesinliğinin yerini tutamaz.</Text>
    </Row>
    <Row Tag="LOC_PEDIA_CIVICS_PAGE_CIVIC_PAPERMAKING_CHAPTER_HISTORY_PARA_1">
      <Text>Kâğıdın diğer yazı araçlarına göre bir dizi avantajı vardır. Kil tabletten daha hafif, papirüsten daha dayanıklı ve keten ya da parşömenden daha ucuzdur. Ayrıca, acil bir durumda, bir öğrencinin köpeği tarafından yenebilir.</Text>
    </Row>
    <Row Tag="LOC_PEDIA_GOVERNMENTS_PAGE_POLICY_LIBERALISM_CHAPTER_HISTORY_PARA_1">
      <Text>Bir siyasi felsefe olarak liberalizm daha sonra "Aydınlanma Çağı "nda ön plana çıkacak olsa da, kökleri 1688'de İngiltere'de gerçekleşen Şanlı Devrim'e dayanmaktadır. Sonuç olarak John Locke ve Algernon Sidney, özgürlük ve eşitlik ilkeleri üzerine kurulu yeni bir dünya görüşünü savunan birkaç İngiliz filozof arasındaydı ve hükümetin birincil amacı vatandaşlarının özgürlüğünü, yaşamlarını ve mülklerini - hatta kendisinden bile - korumaktı. Böylece, Rönesans ve Reformasyon'un teşvikiyle liberalizm ifade, basın, din, piyasa ve ölümcül günahların çoğundan zevk alma özgürlüğünü destekledi. O zamandan beri muhafazakârların etekleri zil çalıyor.</Text>
    </Row>
    <!-- Promotions -->
    <Row Tag="LOC_PEDIA_UNITPROMOTIONS_PAGE_PROMOTION_SANGHA_CHAPTER_HISTORY_PARA_1">
      <Text>Sangha, geleneksel olarak rahibeler, keşişler, meslekten olmayan kadınlar ve meslekten olmayan erkeklerden oluşan ve toplumdan alınan sadakalarla desteklenen bir Budist manastır düzenidir.</Text>
    </Row>
    <Row Tag="LOC_PEDIA_UNITPROMOTIONS_PAGE_PROMOTION_PRACTITIONER_CHAPTER_HISTORY_PARA_1">
      <Text>Uygulayıcı, bir dini takip eden kişidir ve bu unvan bazen inanç konusunda özel eğitim almış kişiler için kullanılır.</Text>
    </Row>
    <Row Tag="LOC_PEDIA_UNITPROMOTIONS_PAGE_PROMOTION_ALCHEMIST_CHAPTER_HISTORY_PARA_1">
      <Text>Simya, genellikle ezoterik veya mistik unsurları ve uygulamaları içeren eski bir disiplindir. Bunlar uygulayıcılar hakkında büyüleyici bilgiler sağlar, ancak kimyanın nasıl çalıştığını açıklamada daha az yardımcı olur.</Text>
    </Row>
    <Row Tag="LOC_PEDIA_UNITPROMOTIONS_PAGE_PROMOTION_GUIDE_CHAPTER_HISTORY_PARA_1">
      <Text>En dindar uygulayıcı bile daha zengin bir içsel dua ve meditasyon hayatı yaratmak için dışarıdan bir rehberin tavsiyelerinden faydalanabilir.</Text>
    </Row>
    <Row Tag="LOC_PEDIA_UNITPROMOTIONS_PAGE_PROMOTION_MASTER_CHAPTER_HISTORY_PARA_1">
      <Text>İman konusundaki başarılarıyla tüm inananlar için parlak bir örnek teşkil eden kişiler vardır. Bunlara "Üstat" unvanını veririz.</Text>
    </Row>
    <Row Tag="LOC_PEDIA_UNITPROMOTIONS_PAGE_PROMOTION_SAGE_CHAPTER_HISTORY_PARA_1">
      <Text>Bir bilge, öğrenme derinliği ve genişliği sıradan olanı çok aşan, onları yaşayan bir bilgi ve bilgelik kütüphanesi haline getiren bir bireydir.</Text>
    </Row>
    <Row Tag="LOC_PEDIA_UNITPROMOTIONS_PAGE_PROMOTION_TEACHER_CHAPTER_HISTORY_PARA_1">
      <Text>İman öğrenilmesi gereken bir şey olduğundan, öğretme eylemi büyük önem taşır, çünkü imana yeni katılanlar ancak öğretme yoluyla kurtuluşa ererler.</Text>
    </Row>
    <Row Tag="LOC_PEDIA_UNITPROMOTIONS_PAGE_PROMOTION_INTERPRETER_CHAPTER_HISTORY_PARA_1">
      <Text>Misyonerler bazen yeni bir medeniyetle uzun süreli temas kuran ilk kişilerdir ve bu nedenle günlük pratikte inancı daha iyi paylaşabilmek için yeni bir dil öğrenmeyi kendilerine görev edinirler.</Text>
    </Row>
    <Row Tag="LOC_PEDIA_UNITPROMOTIONS_PAGE_PROMOTION_PROPAGATOR_CHAPTER_HISTORY_PARA_1">
      <Text>Bir misyoner, kutsal metinleri geniş çapta dağıtarak ya da kitlelere vaaz vererek inancı yeni insanlarla paylaşma ya da yayma konusunda uzmanlaşabilir, bu da bazen çok sayıda insanın aynı anda din değiştirmesiyle sonuçlanabilir.</Text>
    </Row>
    <Row Tag="LOC_PEDIA_UNITPROMOTIONS_PAGE_PROMOTION_TRAVELER_CHAPTER_HISTORY_PARA_1">
      <Text>Bazı misyonerler, inançlarını evlerinden çok uzaktaki medeniyetlerle paylaşmaya çağrıldıklarını hissederek, her şeylerini geride bırakır ve birçok tehlikeyle dolu destansı yolculuklara çıkarlar; fedakârlıkları, inançlarını paylaşanlar tarafından onurlandırılır.</Text>
    </Row>
    <Row Tag="LOC_PEDIA_UNITPROMOTIONS_PAGE_PROMOTION_WALK_ON_WATER_CHAPTER_HISTORY_PARA_1">
      <Text>İnancı paylaşma gayretleri fiziksel engeller tarafından kısıtlanamayanlar vardır. Karşılarına dağlar çıksa onları aşarlar; karşılarına derin okyanuslar çıksa ilerlemekten kaçınmazlar.</Text>
    </Row>
    <Row Tag="LOC_PEDIA_UNITPROMOTIONS_PAGE_PROMOTION_PROSELYTIZER_CHAPTER_HISTORY_PARA_1">
      <Text>Proselitizm başkalarını kendi inancına döndürmeyi ya da en azından bu inancın bazı kurtarıcı noktaları olduğuna ikna etmeyi amaçlar. Bu süreçte, din değiştirenler diğer dinlerin etkisini ortadan kaldırmaya veya sınırlandırmaya da çalışırlar. Çoğu inançta yeni inananları cezbetmeye çalışanlar vardır; Bahai inancında bu güçlü bir şekilde vurgulanır ve her sadık Mormon kapı kapı dolaşarak tebliğ görevine gider. Ancak pek çok kişi için bu tür faaliyetler saygısızlık, hakaret ya da can sıkıcı olarak değerlendirilmektedir. Hatta bazı ülkelerde bu tür din değiştirme faaliyetleri yasa dışıdır ve çoğu ülkede okullarda, hükümet binalarında ve işyerlerinde hoş görülmez.</Text>
    </Row>
    <Row Tag="LOC_PEDIA_UNITPROMOTIONS_PAGE_PROMOTION_TRANSLATOR_CHAPTER_HISTORY_PARA_1">
      <Text>İster bir rahip, ister bir misyoner, hatta isterse bir peygamber olsun, cemaatinin dilini konuşmak yardımcı olur. Misyonerlerin yerel dilde eğitilmesi (örneğin Katolik Kilisesi'nin İskandinavlara gönderdiği misyonerlerde yaptığı gibi) ve kutsal metinlerin yerel halkın okuyabileceği şekilde tercüme edilmesi, tüm bu vaazların başarısı üzerinde muazzam bir etkiye sahip olmuştur. Gerçekten de, İbranice İncil'i Latinceye çeviren Stridonlu Jerome adında bir çevirmen aziz bile vardır (hemen hemen her şey için aziz vardır). Ancak, Hint sutralarını Çinceye çeviren Budist rahiplerin yaptığı gibi, bazen kutsal söz kültürel hassasiyetleri hesaba katacak şekilde ayarlanmıştır.</Text>
    </Row>
    <Row Tag="LOC_PEDIA_GOVERNMENTS_PAGEGROUP_MILITARY_POLICIES_NAME">
      <Text>Askeri Politikalar</Text>
    </Row>
    <Row Tag="LOC_PEDIA_UNITPROMOTIONS_PAGE_PROMOTION_DEBATER_CHAPTER_HISTORY_PARA_1">
      <Text>Ortaçağ ve Rönesans'ın büyük bir bölümünde dini "münazaralar" (resmi tartışmalar) teolojide hakikati ortaya koymanın en belirgin yöntemiydi. Platoncu felsefenin eski geleneklerine dayanan bu tartışmalar, tartışmacıların "kabul edilmiş" yazılı eserlerden alıntılarına ve sözcülerin olağan retorik becerilerine göre değerlendirilirdi. Katolik ve Yahudi teologlar arasındaki tartışmalar (1240'ta Paris'te olduğu gibi) oldukça nazikti; Protestanlar ve Katolikler arasındakiler (örneğin 1541'de Regensburg) biraz daha az nazikti. Bu arada Doğu'da Babür İmparatoru Büyük Ekber, dini hoşgörüsünün bir göstergesi olarak Müslüman, Hindu, Jain, Zerdüşt ve Katolik Cizvit din adamları arasında tartışmalara ev sahipliği yapıyordu.</Text>
    </Row>
    <Row Tag="LOC_PEDIA_UNITPROMOTIONS_PAGE_PROMOTION_GARRISON_CHAPTER_HISTORY_PARA_1">
      <Text>Fransızca 'garner' ("donatmak") fiilinden gelen garnizon, bir kasabayı korumak, sakinlerine gözdağı vermek, askerleri dinlendirmek veya eğitmek ya da sadece politika gereği yerleştirilir. Her taraftan barbarlar tarafından kuşatılmış olan Romalılar, ihtiyaç halinde deneyimli askerlerden oluşan hazır bir garnizon olarak, sınır kasabalarına sık sık emekli gazileri yerleştirirlerdi. Garnizonlar için duvarların arkasından savaşmak ve iyi motive olmak (geri çekilecek bir yer olmadığından) saldırganlara karşı en iyi savunma yöntemiydi. Genellikle garnizon birliklerinin aileleri de yanlarındaydı... bu da burayı ölümüne savunmak için bir motivasyondu. Garnizonların saldırıları savuşturma yeteneği, tarihte bu kadar çok kuşatma olmasının başlıca nedenidir.</Text>
    </Row>
    <Row Tag="LOC_PEDIA_UNITPROMOTIONS_PAGE_PROMOTION_ORATOR_CHAPTER_HISTORY_PARA_1">
      <Text>İster sessizce "Sözü" öğretsin, ister yüksek sesle kürsüye çıksın, yeni gelenleri bir inanca kazandırmanın birincil yöntemi, hitabetin tüm tekniklerinden yararlanarak topluluk önünde konuşmaktır. Gerçekten de Roma Katolik Kilisesi'nde "hitabet" kilisede halka açık dua için ayrılmış bir yerdir. Başlangıçta dini hitabet sadece bir peygamberin sesine kadar uzanıyordu, ancak kitlesel medya çağı ona radyoda (örneğin Billy Sunday) ve televizyonda (Billy Graham) evanjelik kanatlar kazandırdı.</Text>
    </Row>
    <!-- Religions -->
    <Row Tag="LOC_PEDIA_RELIGIONS_PAGE_RELIGION_CUSTOM_1_CHAPTER_HISTORY_PARA_1">
      <Text>Şaivizm, en yüce tanrı olarak tanrı Şiva'ya organize bir şekilde tapınmaktır ve günümüzde Hinduizm'in başlıca kollarından biridir. MÖ 2. yüzyıl ile MS 2. yüzyıl arasında Hindistan'da Pashupata mezhebiyle örgütlenmiş ve oradan Güneydoğu Asya'ya yayılmıştır.</Text>
    </Row>
    <Row Tag="LOC_PEDIA_RELIGIONS_PAGE_RELIGION_CUSTOM_2_CHAPTER_HISTORY_PARA_1">
      <Text>Dharma geleneksel Vedik dinde mevcut olan bir kavramdı ve Hinduizm'de insanlığın düzenleyici ilkesi haline gelene kadar zaman içinde gelişti. Toplumdaki davranışları, ritüelleri, yasaları ve etiği yöneten kurallar ve geleneklerden oluşur. Dharma'ya uymak, kişinin hayattaki gerçek amacının peşinden gitmesi anlamına gelir.</Text>
    </Row>
    <Row Tag="LOC_PEDIA_RELIGIONS_PAGE_RELIGION_CUSTOM_3_CHAPTER_HISTORY_PARA_1">
      <Text>Thereavada ya da "Yaşlıların Yolu" Budizm'in Pali Kanonu'nu (Budizm'in en eski ve en eksiksiz kutsal kitap külliyatı) doktrinel çekirdeği olarak kabul eden ve ilk Budist keşişler topluluğunun soyundan geldiğini iddia eden bir koludur. En çok Güneydoğu Asya'da yaygındır ve burada genellikle baskın ibadet biçimidir.</Text>
    </Row>
    <Row Tag="LOC_PEDIA_RELIGIONS_PAGE_RELIGION_CUSTOM_4_CHAPTER_HISTORY_PARA_1">
      <Text>Mahayana veya "Büyük Araç" Budizmi, Budist uygulamaların başlıca sınıflandırmalarından biridir ve günümüzde Budizm'in en büyük geleneğidir. Zengin kozmolojisi, ritüelizmi, metafiziği ve evrensel etiği ile karakterize edilir. Chan, Seon ve Zen Budizmi de dahil olmak üzere bir dizi okul ondan türemiştir.</Text>
    </Row>
    <Row Tag="LOC_PEDIA_RELIGIONS_PAGE_RELIGION_CUSTOM_5_CHAPTER_HISTORY_PARA_1">
      <Text>Vajrayana veya "Yıldırım Aracı", Budizm'in en çok Tibet'te geliştirilen Tantrik bir formudur. Tek bir insan ömrü içinde aydınlanmaya ulaşılmasıyla ilgili bazı temel hususlarda Mahayana Budizminden ayrılır. Vajrayana Budizmi Mandala da dahil olmak üzere muhteşem görsel sanatları ve ezoterik uygulamalarıyla dikkat çeker.</Text>
    </Row>
  </EnglishText>
</GameData>