﻿<?xml version="1.0" encoding="utf-8"?>
<!-- edited with XMLSPY v2004 rel. 2 U (http://www.xmlspy.com) by Ed Beach (Firaxis Games) -->
<GameData>
  <EnglishText>
    <!-- Buildings-->
    <Row Tag="LOC_BUILDING_SCENARIO_LIGHTHOUSE_DESCRIPTION">
      <Text>+1 [ICON_FOOD] Bu şehir için tüm Sahil karolarında yiyecek.</Text>
    </Row>
    <Row Tag="LOC_BUILDING_SCENARIO_TEMPLE_DESCRIPTION">
      <Text>Burada eğitim gören dini birimler ek bir terfi alırlar.</Text>
    </Row>
    <Row Tag="LOC_BUILDING_SCENARIO_SHIPYARD_DESCRIPTION">
      <Text>Bonus [ICON_Production] Liman bölgesinin bitişiklik bonusuna eşit üretim.</Text>
    </Row>
    <Row Tag="LOC_BUILDING_SCENARIO_MOSQUE_DESCRIPTION">
      <Text>Burada oluşturulan Misyoner ve Keşiş birimleri +1 Yayılma özelliğine sahiptir.</Text>
    </Row>
    <Row Tag="LOC_BUILDING_SCENARIO_PAGODA_DESCRIPTION">
      <Text>Burada yaratılan Rahip birimleri +1 Sapkınlığı Kaldırma ve burada eğitilen Guru birimleri için +1 İyileştirme Yükü'ne sahiptir.</Text>
    </Row>
    <Row Tag="LOC_BUILDING_SCENARIO_MAHABODHI_TEMPLE_DESCRIPTION">
      <Text>Tamamlandığında rastgele seçilen 2 ücretsiz yurttaş verir. Yeni eğitilen tüm Misyoner ve Keşiş birimleri +1 Yayılma kazanır.[NEWLINE][NEWLINE]Orman veya Yağmur Ormanı üzerine inşa edilmelidir.</Text>
    </Row>
    <Row Tag="LOC_BUILDING_SCENARIO_ANGKOR_WAT_DESCRIPTION">
      <Text>Bu harika inşa edildiğinde tüm Mevcut Şehirlerde +3 [ICON_ENVOY] Elçi ve +1 [ICON_Citizen] Nüfus alırsınız. Tüm şehirlerde +1 [ICON_Housing] Konut. [NEWLINE][NEWLINE]Bir Su Kemeri bölgesine bitişik olarak inşa edilmelidir.</Text>
    </Row>
    <Row Tag="LOC_BUILDING_SCENARIO_POTALA_PALACE_DESCRIPTION">
      <Text>+1 Joker politika yuvası[NEWLINE][NEWLINE]Bir Tepe üzerine inşa edilmelidir.</Text>
    </Row>
    <!-- China-->
    <Row Tag="LOC_CITY_NAME_SCENARIO_KAIFENG">
      <Text>Kaifeng</Text>
    </Row>
    <Row Tag="LOC_CITY_NAME_SCENARIO_LINAN">
      <Text>Lin'an</Text>
    </Row>
    <Row Tag="LOC_CITY_NAME_SCENARIO_QUANZHOU">
      <Text>Quanzhou</Text>
    </Row>
    <Row Tag="LOC_CITY_NAME_SCENARIO_CHONGQING">
      <Text>Chongqing</Text>
    </Row>
    <Row Tag="LOC_CITY_NAME_SCENARIO_CHANGAN">
      <Text>Chang'an</Text>
    </Row>
    <Row Tag="LOC_CITY_NAME_SCENARIO_PANYU">
      <Text>Panyu</Text>
    </Row>
    <!-- Chola-->
    <Row Tag="LOC_CITY_NAME_SCENARIO_ANURADHAPURA">
      <Text>Anuradhapura</Text>
    </Row>
    <Row Tag="LOC_CITY_NAME_SCENARIO_VENGI">
      <Text>Vengi</Text>
    </Row>
    <Row Tag="LOC_CITY_NAME_SCENARIO_BANAVASI">
      <Text>Banavasi</Text>
    </Row>
    <Row Tag="LOC_CITY_NAME_SCENARIO_KADARAM">
      <Text>Kadaram</Text>
    </Row>
    <Row Tag="LOC_CITY_NAME_SCENARIO_PEGU">
      <Text>Pegu</Text>
    </Row>
    <Row Tag="LOC_CITY_NAME_SCENARIO_MA_NAKKAVARAM">
      <Text>Ma-Nakkavaram</Text>
    </Row>
    <!-- Ghaznavid-->
    <Row Tag="LOC_CITY_NAME_SCENARIO_GHAZNA">
      <Text>Gazne</Text>
    </Row>
    <Row Tag="LOC_CITY_NAME_SCENARIO_LAHORE">
      <Text>Lahor</Text>
    </Row>
    <Row Tag="LOC_CITY_NAME_SCENARIO_BALKH">
      <Text>Balkh</Text>
    </Row>
    <!-- Pala-->
    <Row Tag="LOC_CITY_NAME_SCENARIO_BIKRAMPUR">
      <Text>Bikrampur</Text>
    </Row>
    <Row Tag="LOC_CITY_NAME_SCENARIO_PATALIPUTRA">
      <Text>Pataliputra</Text>
    </Row>
    <Row Tag="LOC_CITY_NAME_SCENARIO_KANNAUJ">
      <Text>Kannauj</Text>
    </Row>
    <Row Tag="LOC_CITY_NAME_SCENARIO_DURJAYA">
      <Text>Durjaya</Text>
    </Row>
    <!-- Tufan-->
    <Row Tag="LOC_CITY_NAME_SCENARIO_LHASA">
      <Text>Lhasa</Text>
    </Row>
    <Row Tag="LOC_CITY_NAME_SCENARIO_QAMDO">
      <Text>Qamdo</Text>
    </Row>
    <Row Tag="LOC_CITY_NAME_SCENARIO_BURANG">
      <Text>Burang</Text>
    </Row>
    <Row Tag="LOC_CITY_NAME_SCENARIO_XINING">
      <Text>Xining</Text>
    </Row>
    <Row Tag="LOC_CITY_NAME_SCENARIO_NAGQU">
      <Text>Nagqu</Text>
    </Row>
    <!-- City States-->
    <Row Tag="LOC_CITY_NAME_SCENARIO_DALI">
      <Text>Dali</Text>
    </Row>
    <Row Tag="LOC_CIVILIZATION_SCENARIO_DALI_DESCRIPTION">
      <Text>Dali şehir devleti</Text>
    </Row>
    <Row Tag="LOC_CITY_NAME_SCENARIO_DELHI">
      <Text>Delhi</Text>
    </Row>
    <Row Tag="LOC_CIVILIZATION_SCENARIO_DELHI_DESCRIPTION">
      <Text>Delhi şehir devleti</Text>
    </Row>
    <Row Tag="LOC_CITY_NAME_SCENARIO_GAOCHANG">
      <Text>Gaochang</Text>
    </Row>
    <Row Tag="LOC_CIVILIZATION_SCENARIO_GAOCHANG_DESCRIPTION">
      <Text>Gaochang şehir devleti</Text>
    </Row>
    <Row Tag="LOC_CITY_NAME_SCENARIO_GOA">
      <Text>Goa</Text>
    </Row>
    <Row Tag="LOC_CIVILIZATION_SCENARIO_GOA_DESCRIPTION">
      <Text>Goa şehir devleti</Text>
    </Row>
    <Row Tag="LOC_CITY_NAME_SCENARIO_HEIAN">
      <Text>Heian</Text>
    </Row>
    <Row Tag="LOC_CIVILIZATION_SCENARIO_HEIAN_DESCRIPTION">
      <Text>Heian şehir devleti</Text>
    </Row>
    <Row Tag="LOC_CITY_NAME_SCENARIO_KAESONG">
      <Text>Kaesong</Text>
    </Row>
    <Row Tag="LOC_CIVILIZATION_SCENARIO_KAESONG_DESCRIPTION">
      <Text>Kaesong şehir devleti</Text>
    </Row>
    <Row Tag="LOC_CITY_NAME_SCENARIO_KASHGAR">
      <Text>Kaşgar</Text>
    </Row>
    <Row Tag="LOC_CIVILIZATION_SCENARIO_KASHGAR_DESCRIPTION">
      <Text>Kaşgar şehir devleti</Text>
    </Row>
    <Row Tag="LOC_CITY_NAME_SCENARIO_KHOTAN">
      <Text>Hotan</Text>
    </Row>
    <Row Tag="LOC_CIVILIZATION_SCENARIO_KHOTAN_DESCRIPTION">
      <Text>Hotan şehir devleti</Text>
    </Row>
    <Row Tag="LOC_CITY_NAME_SCENARIO_KUCHA">
      <Text>Kucha</Text>
    </Row>
    <Row Tag="LOC_CIVILIZATION_SCENARIO_KUCHA_DESCRIPTION">
      <Text>Kuça şehir devleti</Text>
    </Row>
    <Row Tag="LOC_CITY_NAME_SCENARIO_LAMPHUN">
      <Text>Lamphun</Text>
    </Row>
    <Row Tag="LOC_CIVILIZATION_SCENARIO_LAMPHUN_DESCRIPTION">
      <Text>Lamphun şehir devleti</Text>
    </Row>
    <Row Tag="LOC_CITY_NAME_SCENARIO_LAMURI">
      <Text>Lamuri</Text>
    </Row>
    <Row Tag="LOC_CIVILIZATION_SCENARIO_LAMURI_DESCRIPTION">
      <Text>Lamuri şehir devleti</Text>
    </Row>
    <Row Tag="LOC_CITY_NAME_SCENARIO_MALABANG">
      <Text>Malabang</Text>
    </Row>
    <Row Tag="LOC_CIVILIZATION_SCENARIO_MALABANG_DESCRIPTION">
      <Text>Malabang şehir devleti</Text>
    </Row>
    <Row Tag="LOC_CITY_NAME_SCENARIO_PAGAN">
      <Text>Pagan</Text>
    </Row>
    <Row Tag="LOC_CIVILIZATION_SCENARIO_PAGAN_DESCRIPTION">
      <Text>Pagan şehir devleti</Text>
    </Row>
    <Row Tag="LOC_CIVILIZATION_SCENARIO_PALEMBANG_DESCRIPTION">
      <Text>Palembang şehir devleti</Text>
    </Row>
    <Row Tag="LOC_CITY_NAME_SCENARIO_SAMARKAND">
      <Text>Semerkant</Text>
    </Row>
    <Row Tag="LOC_CIVILIZATION_SCENARIO_SAMARKAND_DESCRIPTION">
      <Text>Semerkant şehir devleti</Text>
    </Row>
    <Row Tag="LOC_CITY_NAME_SCENARIO_SOMNATH">
      <Text>Somnath</Text>
    </Row>
    <Row Tag="LOC_CIVILIZATION_SCENARIO_SOMNATH_DESCRIPTION">
      <Text>Somnath şehir devleti</Text>
    </Row>
    <Row Tag="LOC_CITY_NAME_SCENARIO_THANG_LONG">
      <Text>Thăng Long</Text>
    </Row>
    <Row Tag="LOC_CIVILIZATION_SCENARIO_THANG_LONG_DESCRIPTION">
      <Text>Thăng Long şehir devleti</Text>
    </Row>
    <Row Tag="LOC_CITY_NAME_SCENARIO_TEMASEK">
      <Text>Temasek</Text>
    </Row>
    <Row Tag="LOC_CIVILIZATION_SCENARIO_TEMASEK_DESCRIPTION">
      <Text>Temasek şehir devleti</Text>
    </Row>
    <Row Tag="LOC_CITY_NAME_SCENARIO_TONDO">
      <Text>Tondo</Text>
    </Row>
    <Row Tag="LOC_CIVILIZATION_SCENARIO_TONDO_DESCRIPTION">
      <Text>Tondo şehir devleti</Text>
    </Row>
    <Row Tag="LOC_CITY_NAME_SCENARIO_TURPAN">
      <Text>Turpan</Text>
    </Row>
    <Row Tag="LOC_CIVILIZATION_SCENARIO_TURPAN_DESCRIPTION">
      <Text>Turpan şehir devleti</Text>
    </Row>
    <Row Tag="LOC_CITY_NAME_SCENARIO_UJJAIN">
      <Text>Ujjain</Text>
    </Row>
    <Row Tag="LOC_CIVILIZATION_SCENARIO_UJJAIN_DESCRIPTION">
      <Text>Ujjain şehir devleti</Text>
    </Row>
    <Row Tag="LOC_CITY_NAME_SCENARIO_VIJAYA">
      <Text>Vijaya.</Text>
    </Row>
    <Row Tag="LOC_CIVILIZATION_SCENARIO_VIJAYA_DESCRIPTION">
      <Text>Vijaya şehir devleti</Text>
    </Row>
    <Row Tag="LOC_CITY_NAME_SCENARIO_XINGQING">
      <Text>Xingqing</Text>
    </Row>
    <Row Tag="LOC_CIVILIZATION_SCENARIO_XINGQING_DESCRIPTION">
      <Text>Xingqing şehir devleti</Text>
    </Row>
    <Row Tag="LOC_CITY_NAME_SCENARIO_ZHONGJING">
      <Text>Zhongjing</Text>
    </Row>
    <Row Tag="LOC_CIVILIZATION_SCENARIO_ZHONGJING_DESCRIPTION">
      <Text>Zhongjing şehir devleti</Text>
    </Row>
    <Row Tag="LOC_PEDIA_CITYSTATES_PAGEGROUP_SCENARIO_MARITIME_NAME">
      <Text>Denizcilik</Text>
    </Row>
    <!-- City States Traits-->
    <Row Tag="LOC_MINOR_CIV_SCENARIO_TRADE_TRAIT_DESCRIPTION">
      <Text>{LOC_MINOR_CIV_SMALL_INFLUENCE_ENVOYS} {LOC_MINOR_CIV_TRADE_TRAIT_SMALL_INFLUENCE_BONUS}[NEWLINE]{LOC_MINOR_CIV_MEDIUM_INFLUENCE_ENVOYS} {LOC_MINOR_CIV_TRADE_TRAIT_MEDIUM_INFLUENCE_BONUS}[NEWLINE]{LOC_MINOR_CIV_LARGE_INFLUENCE_ENVOYS} {LOC_MINOR_CIV_TRADE_TRAIT_LARGE_INFLUENCE_BONUS}</Text>
    </Row>
    <Row Tag="LOC_MINOR_CIV_TRADE_TRAIT_SMALL_INFLUENCE_BONUS">
      <Text>Başkentte +4 [ICON_Gold] Altın [ICON_Capital].</Text>
    </Row>
    <Row Tag="LOC_MINOR_CIV_TRADE_TRAIT_MEDIUM_INFLUENCE_BONUS">
      <Text>Her Ticari Merkez bölgesinde +4 [ICON_Gold] Altın.</Text>
    </Row>
    <Row Tag="LOC_MINOR_CIV_TRADE_TRAIT_LARGE_INFLUENCE_BONUS">
      <Text>Her Ticari Merkez bölgesinde ilave +4 [ICON_Gold] Altın.</Text>
    </Row>
    <Row Tag="LOC_MINOR_CIV_SCENARIO_CULTURAL_TRAIT_DESCRIPTION">
      <Text>{LOC_MINOR_CIV_SMALL_INFLUENCE_ENVOYS} {LOC_MINOR_CIV_CULTURAL_TRAIT_SMALL_INFLUENCE_BONUS}[NEWLINE]{LOC_MINOR_CIV_MEDIUM_INFLUENCE_ENVOYS} {LOC_MINOR_CIV_CULTURAL_TRAIT_MEDIUM_INFLUENCE_BONUS}[NEWLINE]{LOC_MINOR_CIV_LARGE_INFLUENCE_ENVOYS} {LOC_MINOR_CIV_CULTURAL_TRAIT_LARGE_INFLUENCE_BONUS}</Text>
    </Row>
    <Row Tag="LOC_MINOR_CIV_CULTURAL_TRAIT_SMALL_INFLUENCE_BONUS">
      <Text>+2 [ICON_Culture] Başkentte [ICON_Capital] Kültür.</Text>
    </Row>
    <Row Tag="LOC_MINOR_CIV_CULTURAL_TRAIT_MEDIUM_INFLUENCE_BONUS">
      <Text>+2 [ICON_Culture] Her Tiyatro Meydanı bölgesinde kültür.</Text>
    </Row>
    <Row Tag="LOC_MINOR_CIV_CULTURAL_TRAIT_LARGE_INFLUENCE_BONUS">
      <Text>Ek +2 [ICON_Culture] Her Tiyatro Meydanı bölgesinde kültür.</Text>
    </Row>
    <Row Tag="LOC_MINOR_CIV_SCENARIO_MARITIME_TRAIT_NAME">
      <Text>Denizcilik Şehir-Devlet</Text>
    </Row>
    <Row Tag="LOC_MINOR_CIV_SCENARIO_MARITIME_TRAIT_DESCRIPTION">
      <Text>{LOC_MINOR_CIV_SMALL_INFLUENCE_ENVOYS} {LOC_MINOR_CIV_SCENARIO_MARITIME_TRAIT_SMALL_INFLUENCE_BONUS}[NEWLINE]{LOC_MINOR_CIV_MEDIUM_INFLUENCE_ENVOYS} {LOC_MINOR_CIV_SCENARIO_MARITIME_TRAIT_MEDIUM_INFLUENCE_BONUS}[NEWLINE]{LOC_MINOR_CIV_LARGE_INFLUENCE_ENVOYS} {LOC_MINOR_CIV_SCENARIO_MARITIME_TRAIT_LARGE_INFLUENCE_BONUS}</Text>
    </Row>
    <Row Tag="LOC_MINOR_CIV_SCENARIO_MARITIME_TRAIT_SMALL_INFLUENCE_BONUS">
      <Text>+2 [ICON_FOOD] Başkentte [ICON_Capital] Gıda.</Text>
    </Row>
    <Row Tag="LOC_MINOR_CIV_SCENARIO_MARITIME_TRAIT_MEDIUM_INFLUENCE_BONUS">
      <Text>+2 [ICON_FOOD] Her Liman bölgesinde gıda.</Text>
    </Row>
    <Row Tag="LOC_MINOR_CIV_SCENARIO_MARITIME_TRAIT_LARGE_INFLUENCE_BONUS">
      <Text>Ek +2 [ICON_FOOD] Her Liman bölgesinde yiyecek.</Text>
    </Row>
    <Row Tag="LOC_MINOR_CIV_SCENARIO_INDUSTRIAL_TRAIT_DESCRIPTION">
      <Text>{LOC_MINOR_CIV_SMALL_INFLUENCE_ENVOYS} {LOC_MINOR_CIV_INDUSTRIAL_TRAIT_SMALL_INFLUENCE_BONUS}[NEWLINE]{LOC_MINOR_CIV_MEDIUM_INFLUENCE_ENVOYS} {LOC_MINOR_CIV_INDUSTRIAL_TRAIT_MEDIUM_INFLUENCE_BONUS}[NEWLINE]{LOC_MINOR_CIV_LARGE_INFLUENCE_ENVOYS} {LOC_MINOR_CIV_INDUSTRIAL_TRAIT_LARGE_INFLUENCE_BONUS}</Text>
    </Row>
    <Row Tag="LOC_MINOR_CIV_INDUSTRIAL_TRAIT_SMALL_INFLUENCE_BONUS">
      <Text>Harikalar, binalar ve semtler üretirken [ICON_Capital] Başkentte +2 [ICON_Production] Üretim.</Text>
    </Row>
    <Row Tag="LOC_MINOR_CIV_INDUSTRIAL_TRAIT_MEDIUM_INFLUENCE_BONUS">
      <Text>+2 [ICON_Production] Harikalar, binalar ve bölgeler üretirken her Sanayi Bölgesi bölgesinde üretim.</Text>
    </Row>
    <Row Tag="LOC_MINOR_CIV_INDUSTRIAL_TRAIT_LARGE_INFLUENCE_BONUS">
      <Text>Her Sanayi Bölgesi bölgesinde harikalar, binalar ve semtler üretirken ek +2 [ICON_Production] Üretim.</Text>
    </Row>
    <Row Tag="LOC_MINOR_CIV_SCENARIO_DALI_TRAIT_NAME">
      <Text>Dali Suzerain Bonus</Text>
    </Row>
    <Row Tag="LOC_MINOR_CIV_SCENARIO_DELHI_TRAIT_NAME">
      <Text>Delhi Suzerain Bonus</Text>
    </Row>
    <Row Tag="LOC_MINOR_CIV_SCENARIO_GAOCHANG_TRAIT_NAME">
      <Text>Gaochang Suzerain Bonus</Text>
    </Row>
    <Row Tag="LOC_MINOR_CIV_SCENARIO_GOA_TRAIT_NAME">
      <Text>Goa Suzerain Bonus</Text>
    </Row>
    <Row Tag="LOC_MINOR_CIV_SCENARIO_HEIAN_TRAIT_NAME">
      <Text>Heian Suzerain Bonusu</Text>
    </Row>
    <Row Tag="LOC_MINOR_CIV_SCENARIO_KAESONG_TRAIT_NAME">
      <Text>Kaesong Suzerain Bonus</Text>
    </Row>
    <Row Tag="LOC_MINOR_CIV_SCENARIO_KASHGAR_TRAIT_NAME">
      <Text>Kaşgar Süzerain Bonus</Text>
    </Row>
    <Row Tag="LOC_MINOR_CIV_SCENARIO_KHOTAN_TRAIT_NAME">
      <Text>Hotan Süzerain Bonus</Text>
    </Row>
    <Row Tag="LOC_MINOR_CIV_SCENARIO_KUCHA_TRAIT_NAME">
      <Text>Kucha Suzerain Bonus</Text>
    </Row>
    <Row Tag="LOC_MINOR_CIV_SCENARIO_LAMPHUN_TRAIT_NAME">
      <Text>Lamphun Suzerain Bonus</Text>
    </Row>
    <Row Tag="LOC_MINOR_CIV_SCENARIO_LAMURI_TRAIT_NAME">
      <Text>Lamuri Suzerain Bonus</Text>
    </Row>
    <Row Tag="LOC_MINOR_CIV_SCENARIO_MALABANG_TRAIT_NAME">
      <Text>Malabang Suzerain Bonus</Text>
    </Row>
    <Row Tag="LOC_MINOR_CIV_SCENARIO_PAGAN_TRAIT_NAME">
      <Text>Pagan Suzerain Bonusu</Text>
    </Row>
    <Row Tag="LOC_MINOR_CIV_SCENARIO_PALEMBANG_TRAIT_NAME">
      <Text>Palembang Suzerain Bonus</Text>
    </Row>
    <Row Tag="LOC_MINOR_CIV_SCENARIO_SAMARKAND_TRAIT_NAME">
      <Text>Semerkand Süzerain Bonus</Text>
    </Row>
    <Row Tag="LOC_MINOR_CIV_SCENARIO_SOMNATH_TRAIT_NAME">
      <Text>Somnath Suzerain Bonus</Text>
    </Row>
    <Row Tag="LOC_MINOR_CIV_SCENARIO_THANG_LONG_TRAIT_NAME">
      <Text>Thăng Long Suzerain Bonus</Text>
    </Row>
    <Row Tag="LOC_MINOR_CIV_SCENARIO_TEMASEK_TRAIT_NAME">
      <Text>Temasek Süzerain Bonusu</Text>
    </Row>
    <Row Tag="LOC_MINOR_CIV_SCENARIO_TONDO_TRAIT_NAME">
      <Text>Tondo Suzerain Bonus</Text>
    </Row>
    <Row Tag="LOC_MINOR_CIV_SCENARIO_TURPAN_TRAIT_NAME">
      <Text>Turpan Süzerain Bonus</Text>
    </Row>
    <Row Tag="LOC_MINOR_CIV_SCENARIO_UJJAIN_TRAIT_NAME">
      <Text>Ujjain Suzerain Bonus</Text>
    </Row>
    <Row Tag="LOC_MINOR_CIV_SCENARIO_VIJAYA_TRAIT_NAME">
      <Text>Vijaya Suzerain Bonus</Text>
    </Row>
    <Row Tag="LOC_MINOR_CIV_SCENARIO_XINGQING_TRAIT_NAME">
      <Text>Xingqing Suzerain Bonus</Text>
    </Row>
    <Row Tag="LOC_MINOR_CIV_SCENARIO_ZHONGJING_TRAIT_NAME">
      <Text>Zhongjing Suzerain Bonus</Text>
    </Row>
    <Row Tag="LOC_MINOR_CIV_SCENARIO_BANDAR_BRUNEI_TRAIT_DESCRIPTION">
      <Text>Kıyı karoları üzerindeki veya yanındaki mıntıkalarınız +2 [ICON_FAITH] İnanç sağlar.</Text>
    </Row>
    <Row Tag="LOC_MINOR_CIV_SCENARIO_DALI_TRAIT_DESCRIPTION">
      <Text>+1 [ICON_Amenities] Ticari Merkez bölgesine sahip şehirlerde kolaylık.</Text>
    </Row>
    <Row Tag="LOC_MINOR_CIV_SCENARIO_DELHI_TRAIT_DESCRIPTION">
      <Text>Herhangi bir şehir devletine giden [ICON_TradeRoute] Ticaret Yollarınız, menşe şehirdeki her uzmanlık bölgesi için +2 [ICON_FAITH] İnanç sağlar.</Text>
    </Row>
    <Row Tag="LOC_MINOR_CIV_SCENARIO_GAOCHANG_TRAIT_DESCRIPTION">
      <Text>+1 [ICON_Amenities] Ticari Merkez bölgesine sahip şehirlerde kolaylık.</Text>
    </Row>
    <Row Tag="LOC_MINOR_CIV_SCENARIO_GOA_TRAIT_DESCRIPTION">
      <Text>Kıyı karoları üzerindeki veya yanındaki mıntıkalarınız +2 [ICON_FAITH] İnanç sağlar.</Text>
    </Row>
    <Row Tag="LOC_MINOR_CIV_SCENARIO_HEIAN_TRAIT_DESCRIPTION">
      <Text>Kıyı karoları üzerindeki veya yanındaki mıntıkalarınız +2 [ICON_FAITH] İnanç sağlar.</Text>
    </Row>
    <Row Tag="LOC_MINOR_CIV_SCENARIO_KAESONG_TRAIT_DESCRIPTION">
      <Text>Herhangi bir şehir devletine giden [ICON_TradeRoute] Ticaret Yollarınız, menşe şehirdeki her uzmanlık bölgesi için +2 [ICON_FAITH] İnanç sağlar.</Text>
    </Row>
    <Row Tag="LOC_MINOR_CIV_SCENARIO_KASHGAR_TRAIT_DESCRIPTION">
      <Text>Yabancı şehirlere giden [ICON_TradeRoute] Ticaret Yollarınız, varış noktasındaki her Lüks kaynak için +1 [ICON_FAITH] İnanç kazanır.</Text>
    </Row>
    <Row Tag="LOC_MINOR_CIV_SCENARIO_KHOTAN_TRAIT_DESCRIPTION">
      <Text>+1 [ICON_Amenities] Ticari Merkez bölgesine sahip şehirlerde kolaylık.</Text>
    </Row>
    <Row Tag="LOC_MINOR_CIV_SCENARIO_KUCHA_TRAIT_DESCRIPTION">
      <Text>Yabancı şehirlerdeki [ICON_TradingPost] Ticaret Karakollarınız, şehirden geçen veya şehre giden [ICON_TradeRoute] Ticaret Yollarınıza +1 [ICON_CULTURE] Kültür sağlar.</Text>
    </Row>
    <Row Tag="LOC_MINOR_CIV_SCENARIO_LAMPHUN_TRAIT_DESCRIPTION">
      <Text>Bonus kaynaklarınız Lüks kaynaklar gibi davranır ve tür başına 1 [ICON_Amenities] Kolaylık sağlar.</Text>
    </Row>
    <Row Tag="LOC_MINOR_CIV_SCENARIO_LAMURI_TRAIT_DESCRIPTION">
      <Text>Herhangi bir şehir devletine giden [ICON_TradeRoute] Ticaret Yollarınız, menşe şehirdeki her uzmanlık bölgesi için +2 [ICON_FAITH] İnanç sağlar.</Text>
    </Row>
    <Row Tag="LOC_MINOR_CIV_SCENARIO_MALABANG_TRAIT_DESCRIPTION">
      <Text>Herhangi bir şehir devletine giden [ICON_TradeRoute] Ticaret Yollarınız, menşe şehirdeki her uzmanlık bölgesi için +2 [ICON_FAITH] İnanç sağlar.</Text>
    </Row>
    <Row Tag="LOC_MINOR_CIV_SCENARIO_PAGAN_TRAIT_DESCRIPTION">
      <Text>Herhangi bir şehir devletine giden [ICON_TradeRoute] Ticaret Yollarınız, menşe şehirdeki her uzmanlık bölgesi için +2 [ICON_FAITH] İnanç sağlar.</Text>
    </Row>
    <Row Tag="LOC_MINOR_CIV_SCENARIO_PALEMBANG_TRAIT_DESCRIPTION">
      <Text>+1 [ICON_Amenities] Ticari Merkez bölgesine sahip şehirlerde kolaylık.</Text>
    </Row>
    <Row Tag="LOC_MINOR_CIV_SCENARIO_SAMARKAND_TRAIT_DESCRIPTION">
      <Text>+1 [ICON_Amenities] Ticari Merkez bölgesine sahip şehirlerde kolaylık.</Text>
    </Row>
    <Row Tag="LOC_MINOR_CIV_SCENARIO_SOMNATH_TRAIT_DESCRIPTION">
      <Text>Herhangi bir şehir devletine giden [ICON_TradeRoute] Ticaret Yollarınız, menşe şehirdeki her uzmanlık bölgesi için +2 [ICON_FAITH] İnanç sağlar.</Text>
    </Row>
    <Row Tag="LOC_MINOR_CIV_SCENARIO_THANG_LONG_TRAIT_DESCRIPTION">
      <Text>Kıyı karoları üzerindeki veya yanındaki mıntıkalarınız +2 [ICON_FAITH] İnanç sağlar.</Text>
    </Row>
    <Row Tag="LOC_MINOR_CIV_SCENARIO_TEMASEK_TRAIT_DESCRIPTION">
      <Text>Bonus kaynaklarınız Lüks kaynaklar gibi davranır ve tür başına 1 [ICON_Amenities] Kolaylık sağlar.</Text>
    </Row>
    <Row Tag="LOC_MINOR_CIV_SCENARIO_TONDO_TRAIT_DESCRIPTION">
      <Text>Kıyı karoları üzerindeki veya yanındaki mıntıkalarınız +2 [ICON_FAITH] İnanç sağlar.</Text>
    </Row>
    <Row Tag="LOC_MINOR_CIV_SCENARIO_TURPAN_TRAIT_DESCRIPTION">
      <Text>Herhangi bir şehir devletine giden [ICON_TradeRoute] Ticaret Yollarınız, menşe şehirdeki her uzmanlık bölgesi için +2 [ICON_FAITH] İnanç sağlar.</Text>
    </Row>
    <Row Tag="LOC_MINOR_CIV_SCENARIO_UJJAIN_TRAIT_DESCRIPTION">
      <Text>Bonus kaynaklarınız Lüks kaynaklar gibi davranır ve tür başına 1 [ICON_Amenities] Kolaylık sağlar.</Text>
    </Row>
    <Row Tag="LOC_MINOR_CIV_SCENARIO_VIJAYA_TRAIT_DESCRIPTION">
      <Text>Herhangi bir şehir devletine giden [ICON_TradeRoute] Ticaret Yollarınız, menşe şehirdeki her uzmanlık bölgesi için +2 [ICON_FAITH] İnanç sağlar.</Text>
    </Row>
    <Row Tag="LOC_MINOR_CIV_SCENARIO_XINGQING_TRAIT_DESCRIPTION">
      <Text>Bonus kaynaklarınız Lüks kaynaklar gibi davranır ve tür başına 1 [ICON_Amenities] Kolaylık sağlar.</Text>
    </Row>
    <Row Tag="LOC_MINOR_CIV_SCENARIO_ZHONGJING_TRAIT_DESCRIPTION">
      <Text>Yabancı şehirlerdeki [ICON_TradingPost] Ticaret Karakollarınız, şehirden geçen veya şehre giden [ICON_TradeRoute] Ticaret Yollarınıza +1 [ICON_CULTURE] Kültür sağlar.</Text>
    </Row>
    <!-- Civics-->
    <Row Tag="LOC_CIVIC_SCENARIO_PAPERMAKING_NAME">
      <Text>Kağıt Yapımı</Text>
    </Row>
    <Row Tag="LOC_BOOST_TRIGGER_SCENARIO_LONGDESC_PRINTING">
      <Text>Günlükler kağıda. Kağıtlar sayfalara. Sayfalar kitaplara. Kitaplar zihinlere. Zihinler ruhlara.</Text>
    </Row>
    <Row Tag="LOC_CIVIC_SCENARIO_COMPASS_NAME">
      <Text>Pusula</Text>
    </Row>
    <Row Tag="LOC_CIVIC_SCENARIO_CELESTIAL_NAVIGATION_DESCRIPTION">
      <Text>+2 [ICON_Movement] Bindirilmiş birimler için hareket.</Text>
    </Row>
    <Row Tag="LOC_CIVIC_SCENARIO_FUTURE_CIVIC_DESCRIPTION">
      <Text>Birden fazla kez tamamlanabilir, ancak bu senaryoda Puan Zaferi için puanlarınızı ARTTIRMAZ.</Text>
    </Row>
    <Row Tag="LOC_BOOST_TRIGGER_SCENARIO_LONGDESC_GUILDS">
      <Text>Şehirlerimiz geliştikçe, benzer düşünen insanlar refah içinde bir araya geliyor.</Text>
    </Row>
    <Row Tag="LOC_BOOST_TRIGGER_SCENARIO_ENGINEERING">
      <Text>2 Taş Ocağı inşa edin.</Text>
    </Row>
    <Row Tag="LOC_BOOST_TRIGGER_SCENARIO_LONGDESC_ENGINEERING">
      <Text>Standartlaştırılmış bir kübitin seküler dünyada da değeri vardır.</Text>
    </Row>
    <Row Tag="LOC_BOOST_TRIGGER_SCENARIO_THEOLOGY">
      <Text>3 Misyonerimiz var.</Text>
    </Row>
    <Row Tag="LOC_BOOST_TRIGGER_SCENARIO_LONGDESC_THEOLOGY">
      <Text>Misyonerler gönderdikçe, ortodoks inanca ihtiyaç duyuyoruz.</Text>
    </Row>
    <Row Tag="LOC_BOOST_TRIGGER_SCENARIO_MACHINERY">
      <Text>2 Su Kemeri inşa edin.</Text>
    </Row>
    <Row Tag="LOC_BOOST_TRIGGER_SCENARIO_LONGDESC_MACHINERY">
      <Text>Mühendislerimiz "Bir su çarkı düşünün" diyor, "ama neredeyse her şeyi çalıştırıyor!"</Text>
    </Row>
    <Row Tag="LOC_BOOST_TRIGGER_SCENARIO_FEUDALISM">
      <Text>Bir şehri 14 nüfusa kadar büyütün.</Text>
    </Row>
    <Row Tag="LOC_BOOST_TRIGGER_SCENARIO_LONGDESC_FEUDALISM">
      <Text>Şehirlerimizde çok sayıda insan yaşıyor. Kralların halktan insanlara karşı yükümlülüklerini düzenleyelim.</Text>
    </Row>
    <Row Tag="LOC_BOOST_TRIGGER_SCENARIO_PAPERMAKING">
      <Text>3 [ICON_TradeRoute] Ticaret Rotasını Koruyun.</Text>
    </Row>
    <Row Tag="LOC_BOOST_TRIGGER_SCENARIO_LONGDESC_PAPERMAKING">
      <Text>Karavan kayıtlarını tutmanın çanak çömlek parçalarının üzerine yazı yazmaktan daha iyi bir yolu var mıdır?</Text>
    </Row>
    <Row Tag="LOC_BOOST_TRIGGER_SCENARIO_CIVIL_SERVICE">
      <Text>Bir zamanlar 3 şehir devletinin Suzerain'i olmak.</Text>
    </Row>
    <Row Tag="LOC_BOOST_TRIGGER_SCENARIO_LONGDESC_CIVIL_SERVICE">
      <Text>Delegasyonları bir sekreterler lejyonuna devredebilseydiniz ne olurdu?</Text>
    </Row>
    <Row Tag="LOC_BOOST_TRIGGER_SCENARIO_BANKING">
      <Text>2 [ICON_TradeRoute] Ticaret Rotasını Koruyun.</Text>
    </Row>
    <Row Tag="LOC_BOOST_TRIGGER_SCENARIO_LONGDESC_BANKING">
      <Text>Cennete giden yol altından daha ince olabilir, ama altın da neredeyse onun kadar ödüllendiricidir.</Text>
    </Row>
    <Row Tag="LOC_BOOST_TRIGGER_SCENARIO_COMPASS">
      <Text>3 Deniz Feneri inşa edin.</Text>
    </Row>
    <Row Tag="LOC_BOOST_TRIGGER_SCENARIO_LONGDESC_COMPASS">
      <Text>Bir denizci, görünmeyen bir cennet fenerinin rehberliğinde yelken açmayı hayal eder.</Text>
    </Row>
    <Row Tag="LOC_BOOST_TRIGGER_SCENARIO_DIVINE_RIGHT">
      <Text>Dininizi takip eden 15 şehir var.</Text>
    </Row>
    <Row Tag="LOC_BOOST_TRIGGER_SCENARIO_LONGDESC_DIVINE_RIGHT">
      <Text>İnancınızın doğruluğuna dair bu kadar çok kişinin gözlerinin üzerinizde olmasından daha iyi bir kanıt olabilir mi?</Text>
    </Row>
    <!-- Districts-->
    <Row Tag="LOC_DISTRICT_SCENARIO_RIVER_CULTURE">
      <Text>+{1_num} [ICON_CULTURE] Komşu Nehirden kültür.</Text>
    </Row>
    <Row Tag="LOC_DISTRICT_SCENARIO_HARBOR_CULTURE">
      <Text>+{1_num} [ICON_CULTURE] Komşu Liman bölgesinden kültür.</Text>
    </Row>
    <Row Tag="LOC_DISTRICT_SCENARIO_CITY_CENTER_CULTURE">
      <Text>+{1_num} [ICON_CULTURE] Komşu Şehir Merkezi bölgesinden kültür.</Text>
    </Row>
    <Row Tag="LOC_DISTRICT_SCENARIO_DISTRICT_CULTURE">
      <Text>+{1_num} [ICON_CULTURE] Bitişik {1_Num : plural 1?district; other?districts;}'ten kültür.</Text>
    </Row>
    <Row Tag="LOC_DISTRICT_SCENARIO_SEARESOURCE_CULTURE">
      <Text>+{1_num} [ICON_CULTURE] Komşu denizden kültür {1_Num : plural 1?resource; other?resources;}.</Text>
    </Row>
    <!-- Governments-->
    <Row Tag="LOC_GOVT_INHERENT_BONUS_SCENARIO_MONARCHY_DESCRIPTION">
      <Text>Sermaye +3 [ICON_FAITH] İnanç, +1 [ICON_CULTURE] Kültür, +1 [ICON_PRODUCTION] Üretim ve +1 [ICON_FOOD] Gıda verimi alır.</Text>
    </Row>
    <Row Tag="LOC_GOVERNMENT_SCENARIO_THALASSOCRACY_NAME">
      <Text>Thalassokrasi</Text>
    </Row>
    <Row Tag="LOC_GOVT_INHERENT_BONUS_SCENARIO_THALASSOCRACY_DESCRIPTION">
      <Text>Her Balıkçı Teknesi için +1 [ICON_FAITH] İnanç.</Text>
    </Row>
    <Row Tag="LOC_GOVT_INHERENT_BONUS_SCENARIO_THEOCRACY_DESCRIPTION">
      <Text>Tüm Dini birimler, bu birim Teolojik Savaşta ölürse bir [ICON_GreatWork_Relic] Kalıntı veren Şehit yeteneği kazanır.</Text>
    </Row>
    <!-- Improvements-->
    <Row Tag="LOC_IMPROVEMENT_SCENARIO_CAMP_DESCRIPTION">
      <Text>İnşaatçının Kamp inşa etme yeteneğinin kilidini açar.[NEWLINE][NEWLINE]+1 [ICON_FOOD] Gıda. Sadece geçerli kaynaklar üzerine inşa edilebilir.[NEWLINE][NEWLINE]Lüks kaynaklar üzerine inşa edilirse, şehir o kaynaktan faydalanır.</Text>
    </Row>
    <Row Tag="LOC_IMPROVEMENT_SCENARIO_MINE_DESCRIPTION">
      <Text>Madenleri inşa etmek için Maden Arayıcı yeteneğinin kilidini açar.[NEWLINE][NEWLINE]+1 [ICON_Production] Üretim. +2 [ICON_Gold] Altın. -1 Çekicilik. Yalnızca Tepeler veya belirli kaynaklar üzerine inşa edilebilir.[NEWLINE][NEWLINE]Lüks veya Stratejik kaynaklar üzerine inşa edilirse, şehir o kaynaktan yararlanır.</Text>
    </Row>
    <Row Tag="LOC_IMPROVEMENT_SCENARIO_PASTURE_DESCRIPTION">
      <Text>Otlak inşa etmek için Otlakçı yeteneğinin kilidini açar.[NEWLINE][NEWLINE]+1 [ICON_Production] Üretim. +1 [ICON_Gold] Altın. Yalnızca [ICON_RESOURCE_CATTLE] Sığır, [ICON_RESOURCE_SHEEP] Koyun veya [ICON_RESOURCE_HORSES] At kaynakları üzerine inşa edilebilir.[NEWLINE][NEWLINE]Bir [ICON_RESOURCE_HORSES] At kaynağı üzerine inşa edilirse, şehir bu kaynaktan yararlanır.</Text>
    </Row>
    <Row Tag="LOC_IMPROVEMENT_SCENARIO_PLANTATION_DESCRIPTION">
      <Text>Çiftçinin Plantasyon inşa etme yeteneğinin kilidini açar.[NEWLINE][NEWLINE]+1 [ICON_Gold] Altın. Yalnızca [ICON_RESOURCE_BANANAS] Muz, [ICON_RESOURCE_CITRUS] Narenciye, [ICON_RESOURCE_COTTON] Pamuk, [ICON_RESOURCE_SUGAR] Şeker, [ICON_RESOURCE_TEA] Çay veya [ICON_RESOURCE_WINE] Şarap kaynakları üzerine inşa edilebilir.[NEWLINE][NEWLINE]Lüks bir kaynak üzerine inşa edilirse, şehir o kaynaktan yararlanır.</Text>
    </Row>
    <Row Tag="LOC_IMPROVEMENT_SCENARIO_KAMPUNG_DESCRIPTION">
      <Text>Bir Kampung inşa etmek için İnşaatçı yeteneğinin kilidini açar. [NEWLINE][NEWLINE]+1 [ICON_PRODUCTION] Üretim ve +1 [ICON_Housing] Konut. Bitişikteki her Balıkçı Teknesi için +1 [ICON_FOOD] Yiyecek. Bir deniz kaynağına bitişik bir Sahil veya Göl karesine yerleştirilmelidir.</Text>
    </Row>
    <!-- Policies-->
    <Row Tag="LOC_POLICY_SCENARIO_URBAN_PLANNING_DESCRIPTION">
      <Text>+1 [ICON_FAITH] Tüm şehirlerde inanç.</Text>
    </Row>
    <Row Tag="LOC_POLICY_SCENARIO_CARAVANSARIES_DESCRIPTION">
      <Text>+1 [ICON_FAITH] Uluslararası [ICON_TradeRoute] Ticaret Yollarından Gelen İnanç.</Text>
    </Row>
    <Row Tag="LOC_POLICY_SCENARIO_NOBLE_PATH_NAME">
      <Text>Asil Yol</Text>
    </Row>
    <Row Tag="LOC_POLICY_SCENARIO_NOBLE_PATH_DESCRIPTION">
      <Text>+1 [ICON_FAITH] Yurtiçi [ICON_TradeRoute] Ticaret Yollarından İnanç.</Text>
    </Row>
    <Row Tag="LOC_POLICY_SCENARIO_CORVEE_DESCRIPTION">
      <Text>Harikalara yönelik +%15 [ICON_Production] Üretim.</Text>
    </Row>
    <Row Tag="LOC_POLICY_SCENARIO_DEVOTION_NAME">
      <Text>Bağlılık</Text>
    </Row>
    <Row Tag="LOC_POLICY_SCENARIO_DEVOTION_DESCRIPTION">
      <Text>Dini birimlere yönelik +%25 [ICON_Production] Üretim.</Text>
    </Row>
    <Row Tag="LOC_POLICY_SCENARIO_RAJ_DESCRIPTION">
      <Text>Suzerain'i olduğunuz her şehir devletinden +6 [ICON_Faith] İnanç.</Text>
    </Row>
    <Row Tag="LOC_POLICY_SCENARIO_MERITOCRACY_DESCRIPTION">
      <Text>Her şehir inşa ettiği her uzmanlık bölgesi için +1 [ICON_FAITH] İnanç alır.</Text>
    </Row>
    <Row Tag="LOC_POLICY_SCENARIO_MERCHANT_CONFEDERATION_DESCRIPTION">
      <Text>Şehir devletlerindeki [ICON_Envoy] Elçilerinizin her birinden +1 [ICON_FAITH] İnanç.</Text>
    </Row>
    <Row Tag="LOC_POLICY_SCENARIO_CHARITY_NAME">
      <Text>Hayırseverlik</Text>
    </Row>
    <Row Tag="LOC_POLICY_SCENARIO_QUECHANG_NAME">
      <Text>Quechang</Text>
    </Row>
    <Row Tag="LOC_POLICY_SCENARIO_QUECHANG_DESCRIPTION">
      <Text>+%100 [ICON_PRODUCTION] Ticari Merkez bölge binalarından elde edilen üretim verimi.</Text>
    </Row>
    <Row Tag="LOC_POLICY_SCENARIO_TRADE_CONFEDERATION_DESCRIPTION">
      <Text>Tüm [ICON_TradeRoute] Ticaret Yollarından +3 [ICON_FAITH] İnanç.</Text>
    </Row>
    <Row Tag="LOC_POLICY_SCENARIO_JUNK_NAME">
      <Text>Hurda</Text>
    </Row>
    <Row Tag="LOC_POLICY_SCENARIO_JUNK_DESCRIPTION">
      <Text>Liman bölgesi binalarından elde edilen [ICON_FOOD] Gıda ve [ICON_PRODUCTION] Üretim verimlerini iki katına çıkarır.</Text>
    </Row>
    <Row Tag="LOC_POLICY_SCENARIO_FESTIVALS_NAME">
      <Text>Festivaller</Text>
    </Row>
    <!-- Projects-->
    <Row Tag="LOC_PROJECT_SCENARIO_ENHANCE_DISTRICT_HARBOR_DESCRIPTION">
      <Text>Her fırsatta [ICON_CULTURE] Kültür sağlayan ilçe bazlı proje.</Text>
    </Row>
    <Row Tag="LOC_PROJECT_SCENARIO_ENHANCE_DISTRICT_COMMERCIAL_HUB_DESCRIPTION">
      <Text>Her fırsatta [ICON_CULTURE] Kültür sağlayan ilçe bazlı proje.</Text>
    </Row>
    <Row Tag="LOC_PROJECT_SCENARIO_ENHANCE_DISTRICT_HOLY_SITE_DESCRIPTION">
      <Text>Her turda büyük miktarda [ICON_FAITH] İnanç sağlayan bölge bazlı proje</Text>
    </Row>
    <!-- Religion-->
    <Row Tag="LOC_RELIGION_SCENARIO_CUSTOM1_NAME">
      <Text>Şaivizm</Text>
    </Row>
    <Row Tag="LOC_RELIGION_SCENARIO_CUSTOM2_NAME">
      <Text>Hindu Dharma</Text>
    </Row>
    <Row Tag="LOC_RELIGION_SCENARIO_CUSTOM3_NAME">
      <Text>Theravada Budizmi</Text>
    </Row>
    <Row Tag="LOC_RELIGION_SCENARIO_CUSTOM4_NAME">
      <Text>Mahayana Budizmi</Text>
    </Row>
    <Row Tag="LOC_RELIGION_SCENARIO_CUSTOM5_NAME">
      <Text>Vajrayana Budizmi</Text>
    </Row>
    <Row Tag="LOC_BELIEF_SCENARIO_GOD_OF_THE_OPEN_SKY_DESCRIPTION">
      <Text>+2 [ICON_FOOD] Meralardan Gelen Yiyecekler.</Text>
    </Row>
    <Row Tag="LOC_BELIEF_SCENARIO_STONE_CIRCLES_DESCRIPTION">
      <Text>Taş Ocaklarından +2 [ICON_Faith] İnanç ve +2 [ICON_Production] Üretim.</Text>
    </Row>
    <Row Tag="LOC_BELIEF_SCENARIO_DANA_NAME">
      <Text>Dāna</Text>
    </Row>
    <Row Tag="LOC_BELIEF_SCENARIO_DANA_DESCRIPTION">
      <Text>Tahıl ambarlarının her biri +3 [ICON_FAITH] İnanç sağlar. Her Şehir için +1 [ICON_Amenities] Amenitiy.</Text>
    </Row>
    <Row Tag="LOC_BELIEF_SCENARIO_NUSANTARA_DESCRIPTION">
      <Text>Kıyı ve Göl karoları Kutsal Alan bölgeleri için küçük bir bitişiklik bonusu sağlar.</Text>
    </Row>
    <Row Tag="LOC_BELIEF_SCENARIO_LINGA_NAME">
      <Text>Linga</Text>
    </Row>
    <Row Tag="LOC_BELIEF_SCENARIO_LINGA_DESCRIPTION">
      <Text>Ticari Merkez ve Liman bölgesi binalarını [ICON_Faith] İnanç ile satın alabilir.</Text>
    </Row>
    <Row Tag="LOC_BELIEF_SCENARIO_VAJRAYANA_STUPA_NAME">
      <Text>Vajrayana Stupa</Text>
    </Row>
    <Row Tag="LOC_BELIEF_SCENARIO_VAJRAYANA_STUPA_DESCRIPTION">
      <Text>Stupa inşasına izin verir (+3 [ICON_Faith] İnanç, +1 [ICON_Amenities] Amenity) Baskı ile açılır.</Text>
    </Row>
    <Row Tag="LOC_BELIEF_SCENARIO_MAHAYANA_STUPA_NAME">
      <Text>Mahayana Stupa</Text>
    </Row>
    <Row Tag="LOC_BELIEF_SCENARIO_MAHAYANA_STUPA_DESCRIPTION">
      <Text>Stupa yapımına izin verir (+3 [ICON_Faith] İnanç, +1 [ICON_Amenities] Amenity). Baskı ile kilidi açılır.</Text>
    </Row>
    <Row Tag="LOC_BELIEF_SCENARIO_STEWARDSHIP_DESCRIPTION">
      <Text>Bu Dini takip eden bir şehirdeki her bir Ticaret Merkezi veya Liman bölgesi +1 [ICON_FAITH] İnanç sağlar.</Text>
    </Row>
    <Row Tag="LOC_BELIEF_SCENARIO_KAMPUNG_DESCRIPTION">
      <Text>İnşaatçılarınız artık Kampung iyileştirmeleri yapabilir. Loncalar ile kilidi açıldı.</Text>
    </Row>
    <Row Tag="LOC_BELIEF_SCENARIO_MOSQUE_DESCRIPTION">
      <Text>Camilerin inşasına izin verir (+3 [ICON_Faith] İnanç). Misyoner ve Keşiş birimleri +1 Yayılma. Baskı ile kilidi açılır.</Text>
    </Row>
    <Row Tag="LOC_BELIEF_SCENARIO_PAGODA_DESCRIPTION">
      <Text>Pagoda inşasına izin verir (+3 [ICON_Faith] İnanç). Rahip birimleri +1 Sapkınlığı Kaldır ve Guru +1 İyileştirme Yükü. Baskı ile kilidi açılır.</Text>
    </Row>
    <Row Tag="LOC_BELIEF_SCENARIO_WAT_DESCRIPTION">
      <Text>Wats inşasına izin verir (+3 [ICON_Faith] İnanç, +1 [ICON_Housing] Konut). Baskı ile açılır.</Text>
    </Row>
    <Row Tag="LOC_BELIEF_SCENARIO_HOLY_ORDER_DESCRIPTION">
      <Text>Misyonerler ve Keşişler %30 daha ucuza satın alınabilir.</Text>
    </Row>
    <Row Tag="LOC_BELIEF_SCENARIO_YOGA_NAME">
      <Text>Yoga</Text>
    </Row>
    <Row Tag="LOC_BELIEF_SCENARIO_YOGA_DESCRIPTION">
      <Text>Sivil birimleri [ICON_Faith] İnanç ile satın alabilir.</Text>
    </Row>
    <!-- Route-->
    <Row Tag="LOC_ROUTE_SCENARIO_ANCIENT_ROAD_DESCRIPTION">
      <Text>Bir yol karesinden diğerine hareket eden herhangi bir birimin hareket hızını artırır [ICON_Movement].</Text>
    </Row>
    <Row Tag="LOC_ROUTE_SCENARIO_MEDIEVAL_ROAD_DESCRIPTION">
      <Text>Bir yol karesinden diğerine hareket eden herhangi bir birimin hareket hızını artırır [ICON_Movement].</Text>
    </Row>
    <!-- Scoring-->
    <Row Tag="LOC_SCENARIO_CATEGORY_SCENARIO_FOLLOWERS_NAME">
      <Text>Dini Takip Eden Takipçiler</Text>
    </Row>
    <Row Tag="LOC_SCENARIO_CATEGORY_SCENARIO_FOREIGN_CITIES_NAME">
      <Text>Dini Takip Eden Yabancı Şehirler</Text>
    </Row>
    <Row Tag="LOC_SCENARIO_CATEGORY_SCENARIO_FAITH_NAME">
      <Text>Dönüş Başına İnanç</Text>
    </Row>
    <Row Tag="LOC_INDONESIAKHMER_SCENARIO_WORLD_RANKING_1">
      <Text>Özel Senaryo Kuralları:</Text>
    </Row>
    <Row Tag="LOC_INDONESIAKHMER_SCENARIO_WORLD_RANKING_2">
      <Text>Teknoloji Ağacı, Altın, Diplomasi, Turizm veya Bilim yok. Kültür sınırları sabittir. Özellikler kaldırılamaz.</Text>
    </Row>
    <Row Tag="LOC_INDONESIAKHMER_SCENARIO_WORLD_RANKING_3">
      <Text>Tüm Dini birimler 1 terfi ile başlar ve eğitilebilir.</Text>
    </Row>
    <Row Tag="LOC_INDONESIAKHMER_SCENARIO_WORLD_RANKING_4">
      <Text>Sadece bir Şehir-Devleti Suzerain Bonusu, her Şehir-Devleti türüne ilave Verim veya [ICON_Amenities] Kolaylık ekler.</Text>
    </Row>
    <Row Tag="LOC_INDONESIAKHMER_SCENARIO_WORLD_RANKING_5">
      <Text>Tüccarlar yol yapmaz.</Text>
    </Row>
    <Row Tag="LOC_INDONESIAKHMER_SCENARIO_WORLD_RANKING_6">
      <Text>Puanlar şuradan alınır:</Text>
    </Row>
    <Row Tag="LOC_INDONESIAKHMER_SCENARIO_WORLD_RANKING_7">
      <Text>Dininizin takipçileri: Bu Dinin her takipçisi için {1_Followers} {1_Followers: plural 1?Point; other?Points;}.</Text>
    </Row>
    <Row Tag="LOC_INDONESIAKHMER_SCENARIO_WORLD_RANKING_8">
      <Text>Yabancı Şehirler:{2_Cities} {2_Cities : plural 1?Point; other?Points;} bu Dini takip eden tüm yabancı şehirler için.</Text>
    </Row>
    <Row Tag="LOC_INDONESIAKHMER_SCENARIO_WORLD_RANKING_9">
      <Text>İnanç: [ICON_TURN] Dönüş başına her [ICON_FAITH] İnanç için {1_Faith} {2_Faith : plural 1?Point; other?Points;}.</Text>
    </Row>
    <Row Tag="LOC_INDONESIAKHMER_SCENARIO_WORLD_RANKING_10">
      <Text>Bir Şehir-Devlete bir [ICON_ENVOY] Elçi gönderdiğinizde, bu Şehir-Devlete 300 Dini baskı ekler.</Text>
    </Row>
    <!-- Slots-->
    <Row Tag="LOC_SLOT_SCENARIO_RELIGIOUS_NAME">
      <Text>Dini</Text>
    </Row>
    <!-- Units-->
    <Row Tag="LOC_UNIT_SCENARIO_BUILDER_DESCRIPTION">
      <Text>Karo iyileştirmeleri oluşturabilir veya bazı kaynakları hasat edebilir. İnşaatçılar 3 kez kullanılabilir. Bu sayı politikalar aracılığıyla artırılabilir.</Text>
    </Row>
    <Row Tag="LOC_UNIT_SCENARIO_TRADER_DESCRIPTION">
      <Text>Tek bir [ICON_TradeRoute] Ticaret Rotası oluşturabilir ve sürdürebilir.</Text>
    </Row>
    <Row Tag="LOC_UNIT_SCENARIO_PRIEST_NAME">
      <Text>Rahip</Text>
    </Row>
    <Row Tag="LOC_UNIT_SCENARIO_MONK_NAME">
      <Text>Keşiş</Text>
    </Row>
    <Row Tag="LOC_UI_RELIGION_PRIEST_TT">
      <Text>Rahipler kendi bölgelerindeki diğer Dinlerin varlığını ortadan kaldırabilir ve diğer Dinlerin birimleriyle teolojik savaş başlatabilir.</Text>
    </Row>
    <Row Tag="LOC_UI_RELIGION_MONK_TT">
      <Text>Keşişler Vatandaşları kendi Dinlerine döndürebilir [ICON_Citizen] ve diğer Dinlerin birimleriyle teolojik savaş başlatabilir.</Text>
    </Row>
    <!-- Unit Promotion Classes-->
    <Row Tag="LOC_PROMOTION_CLASS_SCENARIO_MISSIONARY_NAME">
      <Text>Dini Misyonerlik</Text>
    </Row>
    <Row Tag="LOC_PROMOTION_CLASS_SCENARIO_PRIEST_NAME">
      <Text>Dindar Rahip</Text>
    </Row>
    <Row Tag="LOC_PROMOTION_CLASS_SCENARIO_MONK_NAME">
      <Text>Dindar Keşiş</Text>
    </Row>
    <Row Tag="LOC_PROMOTION_CLASS_SCENARIO_GURU_NAME">
      <Text>Dini Guru</Text>
    </Row>
    <!-- Unit Promotions-->
    <Row Tag="LOC_PROMOTION_SCENARIO_WALK_ON_WATER_NAME">
      <Text>Su Üzerinde Yürümek</Text>
    </Row>
    <Row Tag="LOC_PROMOTION_SCENARIO_WALK_ON_WATER_DESCRIPTION">
      <Text>Denizden veya nehirden hareket ederken [ICON_Movement] Hareket için ceza yok.</Text>
    </Row>
    <Row Tag="LOC_PROMOTION_SCENARIO_TRAVELER_NAME">
      <Text>Gezgin</Text>
    </Row>
    <Row Tag="LOC_PROMOTION_SCENARIO_TRAVELER_DESCRIPTION">
      <Text>Ormanda, Yağmur Ormanında, Tepelerde veya Bataklıkta Daha Hızlı [ICON_Movement] Hareket.</Text>
    </Row>
    <Row Tag="LOC_PROMOTION_SCENARIO_PROPAGATOR_NAME">
      <Text>Propagatör</Text>
    </Row>
    <Row Tag="LOC_PROMOTION_SCENARIO_PROPAGATOR_DESCRIPTION">
      <Text>+2 [ICON_Movement] Hareket.</Text>
    </Row>
    <Row Tag="LOC_PROMOTION_SCENARIO_PRACTITIONER_NAME">
      <Text>Uygulayıcı</Text>
    </Row>
    <Row Tag="LOC_PROMOTION_SCENARIO_PRACTITIONER_DESCRIPTION">
      <Text>Yabancı topraklardayken Teolojik Savaşta +10 [ICON_Religion] Dini Güç.</Text>
    </Row>
    <Row Tag="LOC_PROMOTION_SCENARIO_GARRISON_DESCRIPTION">
      <Text>Bir bölgeyi işgal ederken Teolojik Savaşta +10 [ICON_Religion] Dini Güç.</Text>
    </Row>
    <Row Tag="LOC_PROMOTION_SCENARIO_ORATOR_DESCRIPTION">
      <Text>Sapkınlığı fazladan 2 kez kaldırabilir.</Text>
    </Row>
    <Row Tag="LOC_PROMOTION_SCENARIO_ALCHEMIST_NAME">
      <Text>Simyacı</Text>
    </Row>
    <Row Tag="LOC_PROMOTION_SCENARIO_ALCHEMIST_DESCRIPTION">
      <Text>Orman, Yağmur Ormanı, Tepe veya Bataklıkta savunma yaparken Teolojik Savaşta +7 [ICON_Religion] Dini Güç.</Text>
    </Row>
    <Row Tag="LOC_PROMOTION_SCENARIO_INTERPRETER_NAME">
      <Text>Tercüman</Text>
    </Row>
    <Row Tag="LOC_PROMOTION_SCENARIO_INTERPRETER_DESCRIPTION">
      <Text>Bu birim bir şehri ilk kez sizin Dininize dönüştürürse 75 [ICON_FAITH] İnanç kazanın.</Text>
    </Row>
    <Row Tag="LOC_PROMOTION_SCENARIO_SANGHA_NAME">
      <Text>Sangha</Text>
    </Row>
    <Row Tag="LOC_PROMOTION_SCENARIO_SANGHA_DESCRIPTION">
      <Text>2 kat yan bonus.</Text>
    </Row>
    <Row Tag="LOC_PROMOTION_SCENARIO_GUIDE_NAME">
      <Text>Kılavuz</Text>
    </Row>
    <Row Tag="LOC_PROMOTION_SCENARIO_GUIDE_DESCRIPTION">
      <Text>+1 [ICON_Movement] Sıra başında 2 karo içindeki Dini birimlere hareket.</Text>
    </Row>
    <Row Tag="LOC_PROMOTION_SCENARIO_SAGE_NAME">
      <Text>Sage</Text>
    </Row>
    <Row Tag="LOC_PROMOTION_SCENARIO_SAGE_DESCRIPTION">
      <Text>2 karo içindeki Dini birimlere karşı Teolojik Savaşta +10 [ICON_Religion] Dini Güç.</Text>
    </Row>
    <Row Tag="LOC_PROMOTION_SCENARIO_TEACHER_NAME">
      <Text>Öğretmen</Text>
    </Row>
    <Row Tag="LOC_PROMOTION_SCENARIO_TEACHER_DESCRIPTION">
      <Text>Bu birim bir Sıhhiye olarak çalışır ve 1 kare içindeki birimlere ekstra iyileştirme sağlar.</Text>
    </Row>
    <Row Tag="LOC_PROMOTION_SCENARIO_MASTER_NAME">
      <Text>Usta</Text>
    </Row>
    <Row Tag="LOC_PROMOTION_SCENARIO_MASTER_DESCRIPTION">
      <Text>+1 İyileştirme Yükü.</Text>
    </Row>
    <Row Tag="LOC_SCENARIO_SAGE_COMBAT_STRENGTH_AOE_RELIGIOUS_MODIFIER">
      <Text>Guru biriminin Bilge Terfisinden gelen Teolojik Savaşta +10 [ICON_Religion] Dini Güç</Text>
    </Row>
    <Row Tag="LOC_SCENARIO_SAGE_COMBAT_STRENGTH_AOE_RELIGIOUS">
      <Text>2 karo içindeki Dini birimlere karşı Teolojik Savaşta +10 [ICON_Religion] Dini Güç.</Text>
    </Row>
    <Row Tag="LOC_SCENARIO_GUIDE_MOVEMENT_AOE_RELIGIOUS">
      <Text>+1 [ICON_Movement] Sıra başında 2 karo içindeki Dini birimlere hareket.</Text>
    </Row>
    <Row Tag="LOC_CITY_STATES_SCENARIO_TYPE_MARITIME">
      <Text>Denizcilik</Text>
    </Row>
    <!--Citizen Names-->
    <Row Tag="LOC_CITIZEN_SCENARIO_TUFAN_MALE_1">
      <Text>Norbu</Text>
    </Row>
    <Row Tag="LOC_CITIZEN_SCENARIO_TUFAN_MALE_2">
      <Text>Phuntsok</Text>
    </Row>
    <Row Tag="LOC_CITIZEN_SCENARIO_TUFAN_MALE_3">
      <Text>Rabten</Text>
    </Row>
    <Row Tag="LOC_CITIZEN_SCENARIO_TUFAN_MALE_4">
      <Text>Tashi</Text>
    </Row>
    <Row Tag="LOC_CITIZEN_SCENARIO_TUFAN_MALE_5">
      <Text>Wangchuk</Text>
    </Row>
    <Row Tag="LOC_CITIZEN_SCENARIO_TUFAN_FEMALE_1">
      <Text>Dawa</Text>
    </Row>
    <Row Tag="LOC_CITIZEN_SCENARIO_TUFAN_FEMALE_2">
      <Text>Jungney</Text>
    </Row>
    <Row Tag="LOC_CITIZEN_SCENARIO_TUFAN_FEMALE_3">
      <Text>Pema</Text>
    </Row>
    <Row Tag="LOC_CITIZEN_SCENARIO_TUFAN_FEMALE_4">
      <Text>Rinchen</Text>
    </Row>
    <Row Tag="LOC_CITIZEN_SCENARIO_TUFAN_FEMALE_5">
      <Text>Tsering</Text>
    </Row>
    <Row Tag="LOC_GOVT_NO_MILITARY_SLOTS">
      <Text>Bu hükümet tarafından hiçbir Askeri Politika yuvası sağlanmamaktadır.</Text>
    </Row>
    <Row Tag="LOC_GOVT_FILTER_MILITARY">
      <Text>Askeri</Text>
    </Row>
    <Row Tag="LOC_GOVT_POLICY_TYPE_MILITARY">
      <Text>Askeri Politikalar</Text>
    </Row>
    <!-- Victories -->
    <Row Tag="LOC_INDONESIAKHMER_SCENARIO_ENDGAME_RANKING_LEADER_1_NAME">
      <Text>Arahant</Text>
    </Row>
    <Row Tag="LOC_INDONESIAKHMER_SCENARIO_ENDGAME_RANKING_LEADER_2_NAME">
      <Text>Anāgāmi</Text>
    </Row>
    <Row Tag="LOC_INDONESIAKHMER_SCENARIO_ENDGAME_RANKING_LEADER_3_NAME">
      <Text>Sakadagami</Text>
    </Row>
    <Row Tag="LOC_INDONESIAKHMER_SCENARIO_ENDGAME_RANKING_LEADER_4_NAME">
      <Text>Sotāpanna</Text>
    </Row>
    <Row Tag="LOC_INDONESIAKHMER_SCENARIO_ENDGAME_RANKING_LEADER_5_NAME">
      <Text>Puthujjana</Text>
    </Row>
    <Row Tag="LOC_INDONESIAKHMER_SCENARIO_ENDGAME_RANKING_LEADER_1_QUOTE">
      <Text>Aydınlanmaya Ulaşıldı</Text>
    </Row>
    <Row Tag="LOC_INDONESIAKHMER_SCENARIO_ENDGAME_RANKING_LEADER_2_QUOTE">
      <Text>Fiziksel Dünyaya Geri Dönmeyen</Text>
    </Row>
    <Row Tag="LOC_INDONESIAKHMER_SCENARIO_ENDGAME_RANKING_LEADER_3_QUOTE">
      <Text>Fiziksel Dünyaya Bir Kez Geri Dönen</Text>
    </Row>
    <Row Tag="LOC_INDONESIAKHMER_SCENARIO_ENDGAME_RANKING_LEADER_4_QUOTE">
      <Text>Aydınlanma Yoluna Doğru Akışa Giren Bir Yolcu</Text>
    </Row>
    <Row Tag="LOC_INDONESIAKHMER_SCENARIO_ENDGAME_RANKING_LEADER_5_QUOTE">
      <Text>Sıradan Bir İnsan</Text>
    </Row>
  </EnglishText>
</GameData>