﻿<?xml version="1.0" encoding="utf-8"?>
<!-- edited with XMLSPY v2004 rel. 2 U (http://www.xmlspy.com) by Scott Lewis (Firaxis Games) -->
<GameData>
  <Language_en_US>
    <Row Tag="TXT_KEY_SPY_NAME_KOREA_0">
      <Text>Kim</Text>
    </Row>
    <Row Tag="TXT_KEY_SPY_NAME_KOREA_1">
      <Text>Park</Text>
    </Row>
    <Row Tag="TXT_KEY_SPY_NAME_KOREA_2">
      <Text>Han</Text>
    </Row>
    <Row Tag="TXT_KEY_SPY_NAME_KOREA_3">
      <Text>Na</Text>
    </Row>
    <Row Tag="TXT_KEY_SPY_NAME_KOREA_4">
      <Text>Kong</Text>
    </Row>
    <Row Tag="TXT_KEY_SPY_NAME_KOREA_5">
      <Text>Yu kadinsi</Text>
      <Gender>feminine</Gender>
    </Row>
    <Row Tag="TXT_KEY_SPY_NAME_KOREA_6">
      <Text>Ahn kadinsi</Text>
      <Gender>feminine</Gender>
    </Row>
    <Row Tag="TXT_KEY_SPY_NAME_KOREA_7">
      <Text>Na kadinsi</Text>
      <Gender>feminine</Gender>
    </Row>
    <Row Tag="TXT_KEY_SPY_NAME_KOREA_8">
      <Text>Da feminen</Text>
      <Gender>feminine</Gender>
    </Row>
    <Row Tag="TXT_KEY_SPY_NAME_KOREA_9">
      <Text>Eun feminine</Text>
      <Gender>feminine</Gender>
    </Row>
  </Language_en_US>
</GameData>