﻿<?xml version="1.0" encoding="utf-8"?>
<GameData>
  <EnglishText>
    <!-- Dramatic Ages Civ Ability Override -->
    <Row Tag="LOC_TRAIT_CIVILIZATION_DRAMATIC_AGE_QUESTS_DESCRIPTION">
      <Text>Altın Çağ'dayken fazladan bir Joker Politika Yuvası kazanır ve Karanlık Çağ Politikalarını kullanabilir. Savunma binalarına yönelik +%50 [ICON_Production] Üretim.</Text>
    </Row>
    <!-- Byzantium: Civ Info -->
    <Row Tag="LOC_CIVILIZATION_BYZANTIUM_NAME">
      <Text>Bizans</Text>
    </Row>
    <Row Tag="LOC_CIVILIZATION_BYZANTIUM_DESCRIPTION">
      <Text>Bizans İmparatorluğu</Text>
    </Row>
    <Row Tag="LOC_CIVILIZATION_BYZANTIUM_ADJECTIVE">
      <Text>Bizans</Text>
    </Row>
    <Row Tag="LOC_TRAIT_CIVILIZATION_BYZANTIUM_NAME">
      <Text>Taksiler</Text>
    </Row>
    <Row Tag="LOC_TRAIT_CIVILIZATION_BYZANTIUM_DESCRIPTION">
      <Text>Birimler, Bizans Dinine dönüştürülen her Kutsal Şehir için (Bizans'ın Kutsal Şehri dahil) +3 [ICON_Strength] Savaş Gücü veya [ICON_Religion] Dini Güç alır. Düşman bir medeniyete veya şehir devletine ait bir birim yenildiğinde Bizans'ın Dini yakındaki şehirlere yayılır. +1 [ICON_GreatProphet] Kutsal Yer bölgesi olan şehirlerden Büyük Peygamber puanı.</Text>
    </Row>
    <Row Tag="LOC_ABILITY_BYZANTIUM_COMBAT_UNITS_NAME">
      <Text>Kutsal Şehir Savaşı</Text>
    </Row>
    <Row Tag="LOC_ABILITY_BYZANTIUM_COMBAT_UNITS_DESCRIPTION">
      <Text>Dininize dönüştürülen her Kutsal Şehir için +3 [ICON_Strength] Savaş Gücü kazanın ve büyük bir medeniyetin birimi yenildiğinde Bizans'ın Dini yakındaki şehirlere yayılır (Taksiler)</Text>
    </Row>
    <Row Tag="LOC_COMBAT_PREVIEW_NUMBER_HOLY_CITIES_CONVERTED_BONUS_DESC">
      <Text>+{1_Amount} Taksiler özelliğinden gelen Savaş Gücü</Text>
    </Row>
    <Row Tag="LOC_ABILITY_BYZANTIUM_RELIGIOUS_UNITS_NAME">
      <Text>Kutsal Şehir Dini Güç</Text>
    </Row>
    <Row Tag="LOC_ABILITY_BYZANTIUM_RELIGIOUS_UNITS_DESCRIPTION">
      <Text>Dininize dönüştürülen her Kutsal Şehir için +3 [ICON_RELIGION] Dini Güç kazanın.</Text>
    </Row>
    <Row Tag="LOC_COMBAT_PREVIEW_NUMBER_HOLY_CITIES_CONVERTED_RELIGIOUS_BONUS_DESC">
      <Text>+{1_Amount} Taksiler Özelliğinden Gelen Dini Güç</Text>
    </Row>
    <!-- Byzantium: District Info -->
    <Row Tag="LOC_DISTRICT_HIPPODROME_NAME">
      <Text>Hipodrom</Text>
    </Row>
    <Row Tag="LOC_DISTRICT_HIPPODROME_DESCRIPTION">
      <Text>Bizans'a özgü bir bölge. Eğlence Kompleksi bölgesinin yerini alır, +3 [ICON_Amenities] Kolaylık sağlar ve inşa edilmesi daha ucuzdur. Hipodrom ve bu bölgedeki binalar inşa edildiğinde, bir Ağır Süvari birimi alırsınız.</Text>
    </Row>
    <Row Tag="LOC_DISTRICT_HIPPODROME_EXPANSION1_DESCRIPTION">
      <Text>Bizans'a özgü bir bölge. Eğlence Kompleksi bölgesinin yerini alır, +3 [ICON_Amenities] Kolaylık sağlar ve inşa edilmesi daha ucuzdur. Hipodrom ve bu bölgedeki binalar inşa edildiğinde, bir Ağır Süvari birimi alırsınız. Su Parkı olan bir şehirde inşa edilemez.</Text>
    </Row>
    <Row Tag="LOC_DISTRICT_HIPPODROME_EXPANSION2_DESCRIPTION">
      <Text>Bizans'a özgü bir bölge. Eğlence Kompleksi bölgesinin yerini alır, +3 [ICON_Amenities] Kolaylık sağlar ve inşa edilmesi daha ucuzdur. Hipodrom ve bu bölgedeki binalar inşa edildiğinde, bir Ağır Süvari birimi alırsınız. Bu bölgeden verilen birimlerin kaynak bakım maliyeti yoktur. Su Parkı olan bir şehirde inşa edilemez.</Text>
    </Row>
    <Row Tag="LOC_ABILITY_FREE_RESOURCE_MAITENANCE_HIPPODROME_NAME">
      <Text>Hipodrom</Text>
    </Row>
    <Row Tag="LOC_ABILITY_FREE_RESOURCE_MAITENANCE_HIPPODROME_DESCRIPTION">
      <Text>Bu birimin Hipodrom bölgesinden dönüş başına Stratejik Kaynak maliyeti yoktur.</Text>
    </Row>
    <Row Tag="LOC_DISTRICT_HIPPODROME_CULTURE">
      <Text>+{1_num} [ICON_Culture] Komşu Hipodrom bölgesinden kültür.</Text>
    </Row>
    <!-- Byzantium: Leader Info -->
    <Row Tag="LOC_LEADER_BASIL_NAME">
      <Text>Basil II</Text>
    </Row>
    <Row Tag="LOC_TRAIT_LEADER_BASIL_NAME">
      <Text>Porphyrogénnētos</Text>
    </Row>
    <Row Tag="LOC_TRAIT_LEADER_BASIL_DESCRIPTION">
      <Text>Ağır ve Hafif Süvari birimleri, Bizans ile aynı dine mensup şehirlere karşı tam hasar verir. İlahi Hak medeniyeti keşfedildiğinde Tagma benzersiz birimini kazanın.</Text>
    </Row>
    <Row Tag="LOC_LOADING_INFO_LEADER_BASIL">
      <Text>Düşmanların senden korkacak, Kral Basil II, çünkü sen ateşte dövüldün. Kurnazlığın ve hırsın kılıcını keskinleştirsin. Gururunuzu koruyun ve hem surlarınızın içinde hem de ötesinde düşmanlarınıza karşı durun.</Text>
    </Row>
    <!-- Byzantium: Unit Info -->
    <Row Tag="LOC_UNIT_BYZANTINE_DROMON_NAME">
      <Text>Dromon</Text>
    </Row>
    <Row Tag="LOC_UNIT_BYZANTINE_DROMON_DESCRIPTION">
      <Text>Ek menzile sahip olan ve birimlere karşı +10 [ICON_Strength] Savaş Gücü alan Quadrireme'nin yerini alan Bizans'a özgü Klasik dönem birimi.</Text>
    </Row>
    <Row Tag="LOC_ABILITY_DROMON_NAME">
      <Text>Yunan Ateşi</Text>
    </Row>
    <Row Tag="LOC_ABILITY_DROMON_DESCRIPTION">
      <Text>Birimlere karşı +10 [ICON_Strength] Savaş Gücü alın.</Text>
    </Row>
    <Row Tag="LOC_ABILITY_DROMON_COMBAT_STRENGTH_AGAINST_UNITS_DESCRIPTION">
      <Text>+{1_Amount} Birimlere karşı Savaş Gücü.</Text>
    </Row>
    <Row Tag="LOC_UNIT_BYZANTINE_TAGMA_NAME">
      <Text>Tagma</Text>
    </Row>
    <Row Tag="LOC_UNIT_BYZANTINE_TAGMA_DESCRIPTION">
      <Text>Basil II'nin Şövalye'nin yerini alan eşsiz Ortaçağ dönemi birimi. Tagma'nın 1 karesi içindeki kara birimleri +4 [ICON_Strength] Savaş Gücü veya [ICON_RELIGION] Dini Güç alır.</Text>
    </Row>
    <Row Tag="LOC_ABILITY_TAGMA_NAME">
      <Text>Tagma</Text>
    </Row>
    <Row Tag="LOC_ABILITY_TAGMA_DESCRIPTION">
      <Text>Tagma'nın 1 karesi içindeki kara birimleri +4 [ICON_Strength] Savaş Gücü veya [ICON_RELIGION] Dini Güç alır.</Text>
    </Row>
    <Row Tag="LOC_ABILITY_TAGMA_NONRELIGIOUS_COMBAT_NAME">
      <Text>Tagma Savaş Gücü</Text>
    </Row>
    <Row Tag="LOC_ABILITY_TAGMA_NONRELIGIOUS_COMBAT_DESCRIPTION">
      <Text>Tagma'nın 1 karo yakınındayken +4 [ICON_Strength] Savaş Gücü.</Text>
    </Row>
    <Row Tag="LOC_ABILITY_TAGMA_COMBAT_STRENGTH_DESCRIPTION">
      <Text>+{1_Amount} Tagma'nın 1 karesi içindeyken Savaş Gücü.</Text>
    </Row>
    <Row Tag="LOC_ABILITY_TAGMA_RELIGIOUS_COMBAT_NAME">
      <Text>Tagma Dini Güç</Text>
    </Row>
    <Row Tag="LOC_ABILITY_TAGMA_RELIGIOUS_COMBAT_DESCRIPTION">
      <Text>Tagma'nın 1 karesi içindeyken +4 [ICON_RELIGION] Dini Güç.</Text>
    </Row>
    <Row Tag="LOC_ABILITY_TAGMA_RELIGIOUS_DESCRIPTION">
      <Text>+{1_Amount} Tagma'nın 1 kare yakınındayken Dini Güç.</Text>
    </Row>
    <Row Tag="LOC_ABILITY_ENABLE_WALL_ATTACK_SAME_RELIGION_NAME">
      <Text>Porphyrogénnētos</Text>
    </Row>
    <Row Tag="LOC_ABILITY_ENABLE_WALL_ATTACK_SAME_RELIGION_DESCRIPTION">
      <Text>Bizans ile aynı dine mensup şehirlere karşı tam hasar verir (Porphyrogénnētos)</Text>
    </Row>
    <!-- Gaul: Civ Info -->
    <Row Tag="LOC_CIVILIZATION_GAUL_NAME">
      <Text>Galya</Text>
    </Row>
    <Row Tag="LOC_CIVILIZATION_GAUL_DESCRIPTION">
      <Text>Galya İmparatorluğu</Text>
    </Row>
    <Row Tag="LOC_CIVILIZATION_GAUL_ADJECTIVE">
      <Text>Galya</Text>
    </Row>
    <Row Tag="LOC_TRAIT_CIVILIZATION_GAUL_NAME">
      <Text>Hallstatt Kültürü</Text>
    </Row>
    <Row Tag="LOC_TRAIT_CIVILIZATION_GAUL_DESCRIPTION">
      <Text>Madenler tüm mıntıkalar için küçük bir bitişiklik bonusu, sahipsiz bölge için bir Kültür Bombası sağlar ve +1 [ICON_CULTURE] Kültür alır. Uzmanlık bölgeleri başka bir bölgeye bitişik oldukları için küçük bir bitişiklik almazlar ve bu bölgeler Şehir Merkezine bitişik olarak inşa edilemezler.</Text>
    </Row>
    <!-- Gaul: District Info -->
    <Row Tag="LOC_DISTRICT_OPPIDUM_NAME">
      <Text>Oppidum</Text>
    </Row>
    <Row Tag="LOC_DISTRICT_OPPIDUM_DESCRIPTION">
      <Text>Galya'ya özgü bir bölge olup, yerini aldığı Sanayi Bölgesi'nden daha ucuzdur ve daha erken kullanılabilir. Oppidum bölgesi menzilli bir saldırı ile savunulabilir. İlk Oppidum inşa edildiğinde Çıraklık teknolojisinin kilidi açılır. [NEWLINE][NEWLINE]+2 [ICON_Production] Taş Ocakları ve stratejik kaynaklardan üretim bitişiklik bonusu.</Text>
    </Row>
    <!-- Gaul: Leader Info -->
    <Row Tag="LOC_LEADER_AMBIORIX_NAME">
      <Text>Ambiorix</Text>
    </Row>
    <Row Tag="LOC_TRAIT_LEADER_AMBIORIX_NAME">
      <Text>Eburonların Kralı</Text>
    </Row>
    <Row Tag="LOC_TRAIT_LEADER_AMBIORIX_DESCRIPTION">
      <Text>Uygarlığınız, sivil olmayan biri eğitildiğinde birimin maliyetinin %20'sine eşit [ICON_CULTURE] Kültür kazanır. Yakın Dövüş, Süvari Karşıtı ve Menzilli Birimler, her komşu birim için +2 [ICON_Strength] Savaş Gücü alır.</Text>
    </Row>
    <Row Tag="LOC_ABILITY_AMBIORIX_NEIGHBOR_COMBAT_BONUS_NAME">
      <Text>Ambiorix</Text>
    </Row>
    <Row Tag="LOC_ABILITY_AMBIORIX_NEIGHBOR_COMBAT_BONUS_DESCRIPTION">
      <Text>Her komşu birim için +2 [ICON_Strength] Savaş Gücü kazanın (Eburonların Kralı)</Text>
    </Row>
    <Row Tag="LOC_COMBAT_PREVIEW_NEIGHBOR_COMBAT_BONUS_DESC">
      <Text>+{1_Amount} Eburonların Kralı özelliğinden Savaş Gücü</Text>
    </Row>
    <Row Tag="LOC_LOADING_INFO_LEADER_AMBIORIX">
      <Text>Aklın sana iyi hizmet edecek, Ambiorix. Büyük ordularının başarısız olduğu yerlerde, topraklarını geri almak için aklını ve yaldızlı dilini kullan. Müttefiklerin seni takip edecek ve güçlü mızrak kolun düşmanlarının direncini kıracak.  Savaş, büyük savaşçı-kral!</Text>
    </Row>
    <!-- Gaul: Unit Info -->
    <Row Tag="LOC_UNIT_GAUL_GAESATAE_NAME">
      <Text>Gaesatae</Text>
    </Row>
    <Row Tag="LOC_UNIT_GAUL_GAESATAE_DESCRIPTION">
      <Text>Savaşçının yerini alan Galya'ya özgü Antik çağ birimi. Bu birimin maliyeti artar ve daha yüksek temel Savaş Gücüne sahip birimlerle savaşırken +10 [ICON_Strength] Savaş Gücü alır. Bölge savunmalarına karşı +5 [ICON_Strength] Savaş Gücü.</Text>
    </Row>
    <Row Tag="LOC_ABILITY_GAESATAE_NAME">
      <Text>Gaesatae</Text>
    </Row>
    <Row Tag="LOC_ABILITY_GAESATAE_DESCRIPTION">
      <Text>Daha yüksek temel Savaş Gücüne sahip birimlere karşı +10 [ICON_Strength] Savaş Gücü alın. Bölge savunmalarına karşı +5 [ICON_Strength] Savaş Gücü.</Text>
    </Row>
    <Row Tag="LOC_ABILITY_GAESATAE_COMBAT_STRENGTH_DESCRIPTION">
      <Text>+{1_Amount} Temel Savaş Gücü daha yüksek olan birimlere karşı Savaş Gücü.</Text>
    </Row>
    <Row Tag="LOC_ABILITY_GAESATAE_COMBAT_DISTRICTS_DESCRIPTION">
      <Text>+{1_Amount} Bölge savunmalarına karşı Savaş Gücü.</Text>
    </Row>
    <!-- Highlands-->
    <Row Tag="LOC_MAP_HIGHLANDS_NAME">
      <Text>Highlands</Text>
    </Row>
    <Row Tag="LOC_MAP_HIGHLANDS_DESCRIPTION">
      <Text>Tepelerin ve sıradağların hakim olduğu geniş bir bölge.</Text>
    </Row>
    <!-- Dramatic Ages Mode -->
    <Row Tag="LOC_GAMEMODE_DRAMATICAGES_NAME">
      <Text>Dramatik Çağlar Modu</Text>
    </Row>
    <Row Tag="LOC_GAMEMODE_DRAMATICAGES_DESCRIPTION">
      <Text>Bu oyun modu Karanlık Çağları ve Altın Çağları her zamankinden daha güçlü hale getiriyor. Kahramanlık Çağları kaldırılmıştır ve oyuncular ilk çağda yalnızca Normal Çağda olabilirler. Bundan sonra, ya Karanlık ya da Altın Çağ kazanacaklar.[NEWLINE][NEWLINE]Adanmışlık yapmak yerine, oyuncular Çağlarına bağlı olarak güçlü yeni Sosyal Politikalara erişebilirler. Karanlık Politikalar yenilenmiş güçlü etkilerle geri dönüyor. Yepyeni Altın Politikalar, Altın Çağ'a ulaşanlar tarafından kullanılabilir. Çağ Puanı kazanmaya devam etmek için Teknolojiler ve Sivilleri tamamlayın ve askeri birlik terfileri kazanın.[NEWLINE][NEWLINE]Karanlık Çağlar özellikle tehlikelidir. Karanlık Çağlardaki oyuncuların imparatorluklarının bir kısmı hemen Serbest Şehirlere dönüşür ve Serbest Şehirler diğer şehirler üzerinde baskı kurabilir. Daha kolay zorluk ayarlarında, yapay zeka oyuncuları çok fazla şehir kaybeder. Daha zor zorluk ayarlarında ise insan oyuncular kaybeder. Prince'te ise eşit miktarda kaybederler.[NEWLINE][NEWLINE]Georgia'nın medeniyete özgü yeteneği, modun benzersiz kurallarına uyacak şekilde yepyeni.</Text>
    </Row>
  </EnglishText>
</GameData>