﻿<?xml version="1.0" encoding="utf-8"?>
<GameData>
  <EnglishText>
    <!-- Byzantium Cities-->
    <Row Tag="LOC_CITY_NAME_CONSTANTINOPLE">
      <Text>Konstantinopolis</Text>
    </Row>
    <Row Tag="LOC_CITY_NAME_THESSALONICA">
      <Text>Selanik</Text>
    </Row>
    <Row Tag="LOC_CITY_NAME_ADRIANOPLE">
      <Text>Edirne</Text>
    </Row>
    <Row Tag="LOC_CITY_NAME_NICAEA">
      <Text>Nicaea</Text>
    </Row>
    <Row Tag="LOC_CITY_NAME_ANTIOCH_BYZANTIUM">
      <Text>Antakya</Text>
    </Row>
    <Row Tag="LOC_CITY_NAME_NICOMEDIA">
      <Text>Nicomedia</Text>
    </Row>
    <Row Tag="LOC_CITY_NAME_TREBIZOND">
      <Text>Trebizond</Text>
    </Row>
    <Row Tag="LOC_CITY_NAME_ANCYRA">
      <Text>Ancyra</Text>
    </Row>
    <Row Tag="LOC_CITY_NAME_EDESSA">
      <Text>Edessa</Text>
    </Row>
    <Row Tag="LOC_CITY_NAME_SINOPE">
      <Text>Sinope</Text>
    </Row>
    <Row Tag="LOC_CITY_NAME_AMASEIA">
      <Text>Amaseia</Text>
    </Row>
    <Row Tag="LOC_CITY_NAME_CHERSON">
      <Text>Cherson</Text>
    </Row>
    <Row Tag="LOC_CITY_NAME_DYRRACHIUM">
      <Text>Dyrrachium</Text>
    </Row>
    <Row Tag="LOC_CITY_NAME_NICOPOLIS">
      <Text>Nicopolis</Text>
    </Row>
    <Row Tag="LOC_CITY_NAME_SELEUCIA">
      <Text>Seleucia</Text>
    </Row>
    <Row Tag="LOC_CITY_NAME_ICONIUM">
      <Text>Iconium</Text>
    </Row>
    <Row Tag="LOC_CITY_NAME_MELITENE">
      <Text>Melitene</Text>
    </Row>
    <Row Tag="LOC_CITY_NAME_BARI">
      <Text>Bari</Text>
    </Row>
    <Row Tag="LOC_CITY_NAME_DORYLAEUM">
      <Text>Dorylaeum</Text>
    </Row>
    <Row Tag="LOC_CITY_NAME_AMORIUM">
      <Text>Amorium</Text>
    </Row>
    <Row Tag="LOC_CITY_NAME_KOLONEIA">
      <Text>Koloneia</Text>
    </Row>
    <Row Tag="LOC_CITY_NAME_TYANA">
      <Text>Tyana</Text>
    </Row>
    <Row Tag="LOC_CITY_NAME_ATTALEA">
      <Text>Attalea</Text>
    </Row>
    <Row Tag="LOC_CITY_NAME_SEBASTEIA">
      <Text>Sebasteia</Text>
    </Row>
    <Row Tag="LOC_CITY_NAME_THEODOSIOPOLIS">
      <Text>Theodosiopolis</Text>
    </Row>
    <Row Tag="LOC_CITY_NAME_MESEMBRIA">
      <Text>Mesembria</Text>
    </Row>
    <Row Tag="LOC_CITY_NAME_ARCADIOPOLIS">
      <Text>Arcadiopolis</Text>
    </Row>
    <Row Tag="LOC_CITY_NAME_MOUNT_ATHOS">
      <Text>Athos Dağı</Text>
    </Row>
    <Row Tag="LOC_CITY_NAME_DORYSTOLON">
      <Text>Dorystolon</Text>
    </Row>
    <Row Tag="LOC_CITY_NAME_ZARA">
      <Text>Zara</Text>
    </Row>
    <!-- Gaul Cities-->
    <Row Tag="LOC_CITY_NAME_ADUATUCA">
      <Text>Aduatuca</Text>
    </Row>
    <Row Tag="LOC_CITY_NAME_BIBRAX">
      <Text>Bibrax</Text>
    </Row>
    <Row Tag="LOC_CITY_NAME_NOVIODUNUM">
      <Text>Noviodunum</Text>
    </Row>
    <Row Tag="LOC_CITY_NAME_SAMAROBRIVA">
      <Text>Samarobriva</Text>
    </Row>
    <Row Tag="LOC_CITY_NAME_DUROCORTERON">
      <Text>Durocorteron</Text>
    </Row>
    <Row Tag="LOC_CITY_NAME_RATUMACOS">
      <Text>Ratumacos</Text>
    </Row>
    <Row Tag="LOC_CITY_NAME_TERVANNA">
      <Text>Tervanna</Text>
    </Row>
    <Row Tag="LOC_CITY_NAME_BAGACUM">
      <Text>Bagacum</Text>
    </Row>
    <Row Tag="LOC_CITY_NAME_DIVODURUM">
      <Text>Divodurum</Text>
    </Row>
    <Row Tag="LOC_CITY_NAME_ALESIA">
      <Text>Alesia</Text>
    </Row>
    <Row Tag="LOC_CITY_NAME_AVARICUM">
      <Text>Avaricum</Text>
    </Row>
    <Row Tag="LOC_CITY_NAME_LISIEUX">
      <Text>Lisieux</Text>
    </Row>
    <Row Tag="LOC_CITY_NAME_LUTETIA">
      <Text>Lutetia</Text>
    </Row>
    <Row Tag="LOC_CITY_NAME_LUGUDUNON">
      <Text>Lugudunon</Text>
    </Row>
    <Row Tag="LOC_CITY_NAME_CENABUM">
      <Text>Cenabum</Text>
    </Row>
    <Row Tag="LOC_CITY_NAME_MELEDUNUM">
      <Text>Meledunum</Text>
    </Row>
    <Row Tag="LOC_CITY_NAME_TURONES">
      <Text>Turones</Text>
    </Row>
    <Row Tag="LOC_CITY_NAME_AUTRICUM">
      <Text>Autricum</Text>
    </Row>
    <Row Tag="LOC_CITY_NAME_BIBRACTE">
      <Text>Bibracte</Text>
    </Row>
    <Row Tag="LOC_CITY_NAME_DARIORITUM">
      <Text>Darioritum</Text>
    </Row>
    <Row Tag="LOC_CITY_NAME_UXELLODUNUM">
      <Text>Uxellodunum</Text>
    </Row>
    <Row Tag="LOC_CITY_NAME_GERGOVIA">
      <Text>Gergovia</Text>
    </Row>
    <Row Tag="LOC_CITY_NAME_VESONTIO">
      <Text>Vesontio</Text>
    </Row>
    <Row Tag="LOC_CITY_NAME_BRENODURUM">
      <Text>Brenodurum</Text>
    </Row>
    <Row Tag="LOC_CITY_NAME_CROCIATONUM">
      <Text>Crociatonum</Text>
    </Row>
    <Row Tag="LOC_CITY_NAME_AGEDINCUM">
      <Text>Yaşlıincum</Text>
    </Row>
    <Row Tag="LOC_CITY_NAME_LIMONUM">
      <Text>Limonum</Text>
    </Row>
    <Row Tag="LOC_CITY_NAME_ANDEMATUNNUM">
      <Text>Andematunnum</Text>
    </Row>
    <Row Tag="LOC_CITY_NAME_CONDATE">
      <Text>Condate</Text>
    </Row>
    <Row Tag="LOC_CITY_NAME_AREGENUA">
      <Text>Aregenua</Text>
    </Row>
    <Row Tag="LOC_CITY_NAME_ANICIUM">
      <Text>Anicium</Text>
    </Row>
    <Row Tag="LOC_CITY_NAME_RUSCINO">
      <Text>Ruscino</Text>
    </Row>
  </EnglishText>
</GameData>