﻿<?xml version="1.0" encoding="utf-8"?>
<GameData>
  <EnglishText>
    <!-- District Adjacency -->
    <Row Tag="LOC_DISTRICT_MINE_1_FAITH">
      <Text>+{1_num} [ICON_Faith] Bitişik Madenlerden gelen inanç.</Text>
    </Row>
    <Row Tag="LOC_DISTRICT_MINE_1_SCIENCE">
      <Text>+{1_num} [ICON_Science] Bitişik Madenlerden Bilim.</Text>
    </Row>
    <Row Tag="LOC_DISTRICT_MINE_1_GOLD">
      <Text>+{1_num} [ICON_Gold] Bitişik Madenlerden Altın.</Text>
    </Row>
    <Row Tag="LOC_DISTRICT_MINE_1_CULTURE">
      <Text>+{1_num} [ICON_Culture] Bitişik Madenlerden Kültür.</Text>
    </Row>
    <Row Tag="LOC_DISTRICT_MINE_1_PRODUCTION">
      <Text>+{1_num} [ICON_Production] Bitişik Madenlerden Üretim.</Text>
    </Row>
    <Row Tag="LOC_DISTRICT_STRATEGIC2_PRODUCTION">
      <Text>+{1_num} [ICON_PRODUCTION] Komşu Stratejik {1_Num : plural 1?resource; other?resources;}'ten üretim.</Text>
    </Row>
    <Row Tag="LOC_DISTRICT_OPPIDUM_DESCRIPTION_ADJACENCY">
      <Text>Bitişiklik: Büyük [ICON_Production] Bir Taş Ocağı iyileştirmesine veya stratejik kaynağa bitişikse üretim bonusu.</Text>
    </Row>
    <!-- AI Agenda Text -->
    <Row Tag="LOC_AGENDA_AMBIORIX_ARMY_NAME">
      <Text>Roma'nın Belası</Text>
    </Row>
    <Row Tag="LOC_AGENDA_AMBIORIX_ARMY_DESCRIPTION">
      <Text>Çok sayıda savaş birimini sever. Küçük orduları olan uygarlıklardan hoşlanmaz.</Text>
    </Row>
    <Row Tag="LOC_AGENDA_BASIL_ZEALOT_NAME">
      <Text>İlahi Muhafız</Text>
    </Row>
    <Row Tag="LOC_AGENDA_BASIL_ZEALOT_DESCRIPTION">
      <Text>Aynı Dini takip eden medeniyetleri sever. Ağırlıklı olarak kendi Dinini takip etmeyen uygarlıklardan hoşlanmaz.</Text>
    </Row>
    <Row Tag="LOC_TOOLTIP_SAMPLE_DIPLOMACY_AMBIORIX_ARMY">
      <Text>Ambiorix, sahip olduğundan daha fazla askeri birliğe sahip uygarlıkları sever ve daha az askeri birliğe sahip olanları sevmez.</Text>
    </Row>
    <Row Tag="LOC_TOOLTIP_SAMPLE_DIPLOMACY_AMBIORIX_ARMY_POSITIVE">
      <Text>Ambiorix sahip olduğundan daha fazla askeri birliği olan medeniyetleri sever</Text>
    </Row>
    <Row Tag="LOC_TOOLTIP_SAMPLE_DIPLOMACY_AMBIORIX_ARMY_NEGATIVE">
      <Text>Ambiorix, sahip olduğundan daha az askeri birliğe sahip uygarlıklardan hoşlanmaz</Text>
    </Row>
    <!-- Dramatic Ages Text -->
    <Row Tag="LOC_GOVT_FILTER_GOLDEN">
      <Text>Altın</Text>
    </Row>
  </EnglishText>
</GameData>