﻿<?xml version="1.0" encoding="utf-8"?>
<GameData>
  <EnglishText>
    <Row Tag="LOC_ERA_REVIEW_HAVE_GOLDEN_AGE_EFFECT_PARAM">
      <Text>{LOC_ERA_TT_HAVE_GOLDEN_AGE_EFFECT_PARAM}[NEWLINE][NEWLINE][ICON_BULLET]Çağ boyunca güçlü bir oyun bonusu sağlayacak olan Altın Çağ Politikalarını yuvalayabilirsiniz.</Text>
    </Row>
    <Row Tag="LOC_ERA_TT_HAVE_GOLDEN_AGE_EFFECT_PARAM">
      <Text>Bu oyun döneminde [ICON_GLORY_GOLDEN_AGE] Altın Çağ'dasınız![NEWLINE][NEWLINE][ICON_BULLET]Her bir [ICON_Citizen] Vatandaşınız {Amount} Şehirlerinde sadakat baskısı. Bu baskı 9 karo içindeki diğer şehirleri de etkiler, ancak karo başına %10 daha az etkilidir.[NEWLINE][NEWLINE][ICON_BULLET]Tamamladığınız her Teknoloji veya Sivil için 1 Çağ Puanı kazanacaksınız.[NEWLINE][NEWLINE][ICON_BULLET]İlkinden sonra terfi eden her askeri birim için 1 Çağ Puanı kazanacaksınız.</Text>
    </Row>
    <Row Tag="LOC_ERA_REVIEW_HAVE_DARK_AGE_EFFECT_PARAM">
      <Text>{LOC_ERA_TT_HAVE_DARK_AGE_EFFECT_PARAM}[NEWLINE][NEWLINE][ICON_BULLET]Çağ boyunca güçlü bir oyun bonusu sağlayacak olan Karanlık Çağ Politikalarını yuvalayabilirsiniz.</Text>
    </Row>
    <Row Tag="LOC_ERA_TT_HAVE_DARK_AGE_EFFECT_PARAM">
      <Text>Bu oyun döneminde [ICON_GLORY_DARK_AGE] Karanlık Çağ'dasınız.[NEWLINE][NEWLINE][ICON_BULLET]Her bir [ICON_Citizen] Vatandaşınız {Amount} Şehirlerinde Sadakat baskısı. Bu baskı 9 karo içindeki diğer şehirleri de etkiler, ancak karo başına %10 daha az etkilidir.[NEWLINE][NEWLINE][ICON_BULLET]Bazı şehirleriniz isyan etmiş ve artan Sadakat baskısıyla Özgür Şehirler haline gelmiş olabilir. Dikkatli olun: Onlarla başa çıkmazsanız yakındaki diğer şehirleri kaybedebilirsiniz.[NEWLINE][NEWLINE][ICON_BULLET]Tamamladığınız her Teknoloji veya Sivil için 1 Çağ Puanı kazanacaksınız.[NEWLINE][NEWLINE][ICON_BULLET]İlkinden sonra terfi kazanan her askeri birim için 1 Çağ Puanı kazanacaksınız.</Text>
    </Row>
    <Row Tag="LOC_TRAIT_CIVILIZATION_GOLDEN_AGE_QUESTS_DESCRIPTION">
      <Text>Altın Çağ'dayken fazladan bir Joker Politika Yuvası kazanır ve Karanlık Çağ Politikalarını kullanabilir.  Savunma binalarına yönelik +%50 [ICON_Production] Üretim.</Text>
    </Row>
    <!-- ========== -->
    <!-- Notifications -->
    <!-- ========== -->
    <Row Tag="LOC_NOTIFICATION_COMMERATION_REPLACEMENT_MESSAGE">
      <Text>Yeni Bir Dönem</Text>
    </Row>
    <Row Tag="LOC_NOTIFICATION_COMMERATION_REPLACEMENT_SUMMARY">
      <Text>Oyun yeni bir çağa girdiğinden, Sadakat baskınız değişti ve Karanlık veya Altın Çağ Politikalarını seçebilirsiniz.</Text>
    </Row>
    <!-- ========== -->
    <!-- Social Policies -->
    <!-- ========== -->
    <Row Tag="LOC_POLICY_FREE_ENQUIRY_NAME">
      <Text>Ücretsiz Sorgulama</Text>
    </Row>
    <Row Tag="LOC_POLICY_FREE_ENQUIRY_DESCRIPTION">
      <Text>Ticari Merkez ve Liman bölgesinin [ICON_GOLD] Altını [ICON_Science] Bilim de sağlar. Kampüs bölgeleri [ICON_SCIENCE] Bilim bonuslarına eşit [ICON_GOLD] Altın sağlar.</Text>
    </Row>
    <Row Tag="LOC_POLICY_PRAETORIAN_GUARD_NAME">
      <Text>Praetorian Muhafızları</Text>
    </Row>
    <Row Tag="LOC_POLICY_PRAETORIAN_GUARD_DESCRIPTION">
      <Text>Yaralı birimler tur başına +10 HP iyileştirebilir. Kamp bölgelerine ve binalarına +2 [ICON_PRODUCTION] Üretim.</Text>
    </Row>
    <Row Tag="LOC_POLICY_EXODUS_OF_THE_EVANGELISTS_NAME">
      <Text>Evangelistlerin Göçü</Text>
    </Row>
    <Row Tag="LOC_POLICY_EXODUS_OF_THE_EVANGELISTS_DESCRIPTION">
      <Text>Tüm Dini birimler için +2 [ICON_Movement] Hareket. Ek olarak, yeni eğitilenler +2 Yük alır. Tur başına +4 [ICON_GreatProphet] Büyük Peygamber puanı.</Text>
    </Row>
    <Row Tag="LOC_POLICY_MONUMENTALITY_NAME">
      <Text>Anıtsallık</Text>
    </Row>
    <Row Tag="LOC_POLICY_MONUMENTALITY_DESCRIPTION">
      <Text>Tüm İnşaatçılar ve Yerleşimciler için +2 [ICON_Movement] Hareket. [ICON_Faith] İnanç ile sivil birimler satın alınabilir. İnşaatçılar [ICON_FAITH] İnanç ve [ICON_GOLD] Altın ile %30 daha ucuza satın alınabilir.</Text>
    </Row>
    <Row Tag="LOC_POLICY_REFORM_THE_COINAGE_NAME">
      <Text>Madeni Para Reformu</Text>
    </Row>
    <Row Tag="LOC_POLICY_REFORM_THE_COINAGE_DESCRIPTION">
      <Text>Tüccarlarınız yağmalanamaz. Uluslararası [ICON_TradeRoute] Ticaret Yolları, yabancı şehirdeki uzmanlık bölgesi başına +3 [ICON_Gold] Altın sağlar.</Text>
    </Row>
    <Row Tag="LOC_POLICY_CULTURE_INDUSTRY_NAME">
      <Text>Kültür Endüstrisi</Text>
    </Row>
    <Row Tag="LOC_POLICY_CULTURE_INDUSTRY_DESCRIPTION">
      <Text>Şehirler her uzmanlık bölgesi için +1 [ICON_CULTURE] Kültür alır. Özel olmayan bölgelere yönelik +%25 [ICON_PRODUCTION] Üretim. Eğlence Kompleksi ve Su Parkı bölge binaları [ICON_Faith] İnanç ile satın alınabilir.</Text>
    </Row>
    <Row Tag="LOC_POLICY_HEARTBEAT_OF_STEAM_NAME">
      <Text>Buharın Kalp Atışı</Text>
    </Row>
    <Row Tag="LOC_POLICY_HEARTBEAT_OF_STEAM_DESCRIPTION">
      <Text>Sanayi dönemi ve sonrasındaki harikalar için +%10 [ICON_Production] Üretim. Kampüs bölgesinin [ICON_SCIENCE] Bilim bitişiklik bonusu da [ICON_PRODUCTION] Üretim sağlar.</Text>
    </Row>
    <Row Tag="LOC_POLICY_TO_ARMS_NAME">
      <Text>Silah başına!</Text>
    </Row>
    <Row Tag="LOC_POLICY_TO_ARMS_DESCRIPTION">
      <Text>Tüm birimler için +%50 XP ve askeri birimlere yönelik +%15 [ICON_Production] Üretim kazanıldı.</Text>
    </Row>
    <Row Tag="LOC_POLICY_WISH_YOU_WERE_HERE_NAME">
      <Text>Keşke Burada Olsaydın</Text>
    </Row>
    <Row Tag="LOC_POLICY_WISH_YOU_WERE_HERE_DESCRIPTION">
      <Text>Tüm Milli Parklara +%100 [ICON_TOURISM] Turizm ve Dünya Harikalarından +%50 [ICON_TOURISM] Turizm.</Text>
    </Row>
    <Row Tag="LOC_POLICY_SKY_AND_STARS_NAME">
      <Text>Gökyüzü ve Yıldızlar</Text>
    </Row>
    <Row Tag="LOC_POLICY_SKY_AND_STARS_DESCRIPTION">
      <Text>Uzay Limanı ve Aerodrom bölgelerine +%30 [ICON_PRODUCTION] Üretim. Uzay Limanı veya Havaalanı olan Şehirlere +%15 [ICON_SCIENCE] Bilim ve [ICON_PRODUCTION] Üretim.</Text>
    </Row>
    <Row Tag="LOC_POLICY_MILITARY_INDUSTRIAL_COMPLEX_NAME">
      <Text>Askeri-Endüstriyel Kompleks</Text>
    </Row>
    <Row Tag="LOC_POLICY_MILITARY_INDUSTRIAL_COMPLEX_DESCRIPTION">
      <Text>Tüm geliştirilmiş Alüminyum, Petrol ve Uranyum kaynakları tur başına 2 ek kaynak sağlar. Tüm savaş birimleri +5 [ICON_Strength] Savaş Gücü ve birimin menzilli saldırısı varsa +1 Menzil alır.</Text>
    </Row>
    <Row Tag="LOC_POLICY_MANDALA_STATE_NAME">
      <Text>Mandala Eyaleti</Text>
    </Row>
    <Row Tag="LOC_POLICY_MANDALA_STATE_DESCRIPTION">
      <Text>Her Mucize için +4 [ICON_CULTURE] Kültür. Şehirlerinizdeki her Mucize, 9 karo içindeki yabancı şehirlerin her turda 2 Sadakat kaybetmesine neden olur.</Text>
    </Row>
    <Row Tag="LOC_POLICY_SAKDINA_NAME">
      <Text>Sakdina</Text>
    </Row>
    <Row Tag="LOC_POLICY_SAKDINA_DESCRIPTION">
      <Text>Projeleriniz aktifken her bir Vatandaşınız kendi şehrine +0,5 Sadakat baskısı uygular. Projeleriniz tamamlandığında, o projenin bölgesindeki her Bina için +%10 ek [ICON_GreatPerson] Büyük İnsanlar puanı kazanın.</Text>
    </Row>
    <Row Tag="LOC_POLICY_SOLIDARITY_NAME">
      <Text>Dayanışma</Text>
    </Row>
    <Row Tag="LOC_POLICY_SOLIDARITY_DESCRIPTION">
      <Text>Tüm [ICON_Governor] Valiler 2 ilave yabancı Sadakat baskısı uygular. Valileri olan tüm şehirlerinize +%25 [ICON_GOLD] Altın ve +%25 [ICON_FAITH] İnanç verilir.</Text>
    </Row>
    <Row Tag="LOC_POLICY_POPULAR_FRONT_NAME">
      <Text>Popüler Cephe</Text>
    </Row>
    <Row Tag="LOC_POLICY_POPULAR_FRONT_DESCRIPTION">
      <Text>Şehir Devletlerinin Suzerainty'sinden ve İttifak Seviyesinden +%100 İyilik. Şehir Devletlerine giden Ticaret Yollarınız tüm getirilere +4 sağlar.</Text>
    </Row>
    <Row Tag="LOC_ABILITY_MILITARY_INDUSTRIAL_COMPLEX_COMBAT_STRENGTH_NAME">
      <Text>Askeri-Sınai Kompleks</Text>
    </Row>
    <Row Tag="LOC_ABILITY_MILITARY_INDUSTRIAL_COMPLEX_COMBAT_STRENGTH_DESCRIPTION">
      <Text>Askeri-Sınai Kompleks politikasından +5 [ICON_Strength] Savaş Gücü.</Text>
    </Row>
    <Row Tag="LOC_ABILITY_MILITARY_INDUSTRIAL_COMPLEX_COMBAT_STRENGTH_PREVIEW_DESCRIPTION">
      <Text>+{1_Amount} Askeri-Endüstriyel Kompleks politikasından Savaş Gücü.</Text>
    </Row>
    <Row Tag="LOC_ABILITY_MILITARY_INDUSTRIAL_COMPLEX_RANGE_NAME">
      <Text>Askeri-Endüstriyel Kompleks</Text>
    </Row>
    <Row Tag="LOC_ABILITY_MILITARY_INDUSTRIAL_COMPLEX_RANGE_DESCRIPTION">
      <Text>Askeri-Endüstriyel Kompleks politikasından +1 Aralık.</Text>
    </Row>
    <Row Tag="LOC_POLICY_MONASTICISM_DA_DESCRIPTION">
      <Text>Kutsal Alanı olan şehirlerde +%75 [ICON_Science] Bilim [NEWLINE] ANCAK: Kutsal Alanı olmayan şehirlerde -%25 [ICON_Culture] Kültür.</Text>
    </Row>
    <Row Tag="LOC_POLICY_ELITE_FORCES_DA_DESCRIPTION">
      <Text>Tüm birimler için +%100 savaş deneyimi[NEWLINE]AMA: Her savaş ve casus biriminin bakımı için +1 [ICON_Gold] Altın.</Text>
    </Row>
    <Row Tag="LOC_POLICY_INQUISITION_DA_DESCRIPTION">
      <Text>Engizisyonu 1 Havari hücumu ile başlatın. Dost topraklardaki tüm Dini birimler +15 [ICON_Religion] Dini Savaş Gücü. [NEWLINE]ANCAK: Tüm şehirlerde -15% [ICON_Science] Bilim.</Text>
    </Row>
    <Row Tag="LOC_POLICY_ISOLATIONISM_DA_DESCRIPTION">
      <Text>İç hatlar +3 [ICON_Food] Gıda, +3 [ICON_Production] Üretim ve +3 [ICON_Gold] Altın sağlar [NEWLINE] ANCAK: Yerleşimcileri eğitemez veya satın alamaz ya da yeni şehirler kuramaz.</Text>
    </Row>
    <Row Tag="LOC_POLICY_ROBBER_BARONS_DA_DESCRIPTION">
      <Text>Banka veya Tersane bulunan şehirlerde +%50 [ICON_Gold] Altın ve +%25 [ICON_Production] Üretim. [NEWLINE] FAKAT: Tüm şehirlerde -2 [ICON_Amenities] Olanaklar.</Text>
    </Row>
    <Row Tag="LOC_POLICY_COLLECTIVISM_DA_DESCRIPTION">
      <Text>Çiftlikler +1 [ICON_Production] Üretim sağlar. Tüm şehirler +2 [ICON_Housing] Konut. Sanayi Bölgeleri, bitişiklik bonuslarına eşit [ICON_FOOD] Gıda sağlar. [NEWLINE] ANCAK: [ICON_GreatPerson] Büyük İnsan Puanları %50 daha yavaş kazanılır.</Text>
    </Row>
    <Row Tag="LOC_POLICY_DECENTRALIZATION_NAME">
      <Text>Adem-i Merkeziyetçilik</Text>
    </Row>
    <Row Tag="LOC_POLICY_DECENTRALIZATION_DESCRIPTION">
      <Text>Nüfusu 6 veya daha az [ICON_CITIZEN] olan şehirler tur başına +4 Sadakat alır. AMA: Nüfusu 6'dan [ICON_CITIZEN] fazla olan şehirler -%15 [ICON_Gold] Altın alır.</Text>
    </Row>
    <Row Tag="LOC_POLICY_SOFT_TARGETS_NAME">
      <Text>Yumuşak Hedefler</Text>
    </Row>
    <Row Tag="LOC_POLICY_SOFT_TARGETS_DESCRIPTION">
      <Text>Şehir saldırılarına ve bölge savunmalarına karşı +10 [ICON_Strength] Savaş Gücü. ANCAK: -3 [ICON_Strength] Birimlere karşı Savaş Gücü.</Text>
    </Row>
    <Row Tag="LOC_ABILITY_SOFT_TARGETS_DEFENDING_CITY_RANGE_NAME">
      <Text>Yumuşak Hedefler</Text>
    </Row>
    <Row Tag="LOC_ABILITY_SOFT_TARGETS_DEFENDING_CITY_RANGE_DESCRIPTION">
      <Text>Şehir saldırılarına karşı Yumuşak Hedefler politikasından +10 [ICON_Strength] Savaş Gücü.</Text>
    </Row>
    <Row Tag="LOC_ABILITY_SOFT_TARGETS_ATTACKING_DISTRICTS_NAME">
      <Text>Yumuşak Hedefler</Text>
    </Row>
    <Row Tag="LOC_ABILITY_SOFT_TARGETS_ATTACKING_DISTRICTS_DESCRIPTION">
      <Text>Bölge savunmalarına karşı Yumuşak Hedefler politikasından +10 [ICON_Strength] Savaş Gücü.</Text>
    </Row>
    <Row Tag="LOC_ABILITY_SOFT_TARGETS_ATTACKING_UNITS_NAME">
      <Text>Yumuşak Hedefler</Text>
    </Row>
    <Row Tag="LOC_ABILITY_SOFT_TARGETS_ATTACKING_UNITS_DESCRIPTION">
      <Text>Birimlere karşı Yumuşak Hedefler politikasından -3 [ICON_Strength] Savaş Gücü.</Text>
    </Row>
    <Row Tag="LOC_ABILITY_ABILITY_SOFT_TARGETS_DEFENDING_CITY_RANGE_COMPLEX_COMBAT_STRENGTH_PREVIEW_DESCRIPTION">
      <Text>+{1_Amount} [ICON_Strength] Yumuşak Hedefler politikasından gelen Savaş Gücü.</Text>
    </Row>
    <Row Tag="LOC_ABILITY_SOFT_TARGETS_ATTACKING_DISTRICTS_COMBAT_STRENGTH_PREVIEW_DESCRIPTION">
      <Text>+{1_Amount} [ICON_Strength] Yumuşak Hedefler politikasından gelen Savaş Gücü.</Text>
    </Row>
    <Row Tag="LOC_ABILITY_SOFT_TARGETS_ATTACKING_UNITS_COMBAT_STRENGTH_PREVIEW_DESCRIPTION">
      <Text>[COLOR_RED]{1_Amount}[ENDCOLOR][ICON_Strength] Yumuşak Hedefler politikasından Savaş Gücü.</Text>
    </Row>
    <Row Tag="LOC_POLICY_DESPOTIC_PATERNALISM_NAME">
      <Text>Despotik Paternalizm</Text>
    </Row>
    <Row Tag="LOC_POLICY_DESPOTIC_PATERNALISM_DESCRIPTION">
      <Text>[ICON_Governor] Valileri olan şehirlerde tur başına +4 Sadakat. ANCAK: Yerleşik [ICON_Governor] Valisi olmayan tüm şehirlerde -%15 [ICON_Science] Bilim ve -%15 [ICON_Culture] Kültür.</Text>
    </Row>
    <Row Tag="LOC_POLICY_SAMODERZHAVIYE_NAME">
      <Text>Samoderzhaviye</Text>
    </Row>
    <Row Tag="LOC_POLICY_SAMODERZHAVIYE_DESCRIPTION">
      <Text>[ICON_CAPITAL] Sermayenizde +%50 [ICON_PRODUCTION] Üretim. AMA: Tüm [ICON_Governor] Valiler etkisiz hale getirilir ve yeniden kurulamaz.</Text>
    </Row>
  </EnglishText>
</GameData>