﻿<?xml version="1.0" encoding="utf-8"?>
<GameData>
  <EnglishText>
    <!-- Named Rivers -->
    <Row Tag="LOC_NAMED_RIVER_MEANDER_RIVER_NAME">
      <Text>Meander Nehri</Text>
    </Row>
    <Row Tag="LOC_NAMED_RIVER_PRUT_RIVER_NAME">
      <Text>Prut Nehri</Text>
    </Row>
    <Row Tag="LOC_NAMED_RIVER_AISNE_RIVER_NAME">
      <Text>Aisne Nehri</Text>
    </Row>
    <!-- Named Mountains -->
    <Row Tag="LOC_NAMED_MOUNTAIN_EIFEL_MOUNTAINS_NAME">
      <Text>Eifel Dağları</Text>
    </Row>
    <Row Tag="LOC_NAMED_MOUNTAIN_CEVENNES_NAME">
      <Text>Cévennes</Text>
    </Row>
    <!-- Named Lakes -->
    <Row Tag="LOC_NAMED_LAKE_LAKE_NEUCHATEL_NAME">
      <Text>Neuchâtel Gölü</Text>
    </Row>
  </EnglishText>
</GameData>