﻿<?xml version="1.0" encoding="utf-8"?>
<GameData>
  <EnglishText>
    <Row Tag="LOC_BYZANTIUM_GAUL_MOD_TITLE">
      <Text>Bizans ve Galya Paketi</Text>
    </Row>
    <Row Tag="LOC_BYZANTIUM_GAUL_MOD_TEASER">
      <Text>Yeni Medeniyetler ve Liderler - Bizanslı Basil II ve Galyalı Ambiorix</Text>
    </Row>
    <Row Tag="LOC_BYZANTIUM_GAUL_MOD_DESCRIPTION">
      <Text>İki yeni uygarlık ve lider, 2 yeni dünya harikası, 1 yeni harita senaryosu ve Dramatik Çağlar oyun modunu içerir.</Text>
    </Row>
  </EnglishText>
</GameData>