﻿<?xml version="1.0" encoding="utf-8"?>
<GameData>
  <EnglishText>
    <!--Byzantium-->
    <Row Tag="LOC_CITIZEN_BYZ_MALE_1">
      <Text>Arcadius</Text>
    </Row>
    <Row Tag="LOC_CITIZEN_BYZ_MALE_2">
      <Text>Damianus</Text>
    </Row>
    <Row Tag="LOC_CITIZEN_BYZ_MALE_3">
      <Text>Ignatios</Text>
    </Row>
    <Row Tag="LOC_CITIZEN_BYZ_MALE_4">
      <Text>Justinianus</Text>
    </Row>
    <Row Tag="LOC_CITIZEN_BYZ_MALE_5">
      <Text>Leo</Text>
    </Row>
    <Row Tag="LOC_CITIZEN_BYZ_MALE_6">
      <Text>Niketas</Text>
    </Row>
    <Row Tag="LOC_CITIZEN_BYZ_MALE_7">
      <Text>Phocas</Text>
    </Row>
    <Row Tag="LOC_CITIZEN_BYZ_MALE_8">
      <Text>Theoktistos</Text>
    </Row>
    <Row Tag="LOC_CITIZEN_BYZ_MALE_9">
      <Text>Valens</Text>
    </Row>
    <Row Tag="LOC_CITIZEN_BYZ_MALE_10">
      <Text>Stylian</Text>
    </Row>
    <Row Tag="LOC_CITIZEN_BYZ_FEMALE_1">
      <Text>Yolanda</Text>
    </Row>
    <Row Tag="LOC_CITIZEN_BYZ_FEMALE_2">
      <Text>Martina</Text>
    </Row>
    <Row Tag="LOC_CITIZEN_BYZ_FEMALE_3">
      <Text>Eulogia</Text>
    </Row>
    <Row Tag="LOC_CITIZEN_BYZ_FEMALE_4">
      <Text>Epiphania</Text>
    </Row>
    <Row Tag="LOC_CITIZEN_BYZ_FEMALE_5">
      <Text>Ariadne</Text>
    </Row>
    <Row Tag="LOC_CITIZEN_BYZ_FEMALE_6">
      <Text>Agatha</Text>
    </Row>
    <Row Tag="LOC_CITIZEN_BYZ_FEMALE_7">
      <Text>Eudocia</Text>
    </Row>
    <Row Tag="LOC_CITIZEN_BYZ_FEMALE_8">
      <Text>Joannina</Text>
    </Row>
    <Row Tag="LOC_CITIZEN_BYZ_FEMALE_9">
      <Text>Theodora</Text>
    </Row>
    <Row Tag="LOC_CITIZEN_BYZ_FEMALE_10">
      <Text>Athenais</Text>
    </Row>
    <Row Tag="LOC_CITIZEN_BYZ_MODERN_MALE_1">
      <Text>Konstantinos</Text>
    </Row>
    <Row Tag="LOC_CITIZEN_BYZ_MODERN_MALE_2">
      <Text>Christos</Text>
    </Row>
    <Row Tag="LOC_CITIZEN_BYZ_MODERN_MALE_3">
      <Text>Agrim</Text>
    </Row>
    <Row Tag="LOC_CITIZEN_BYZ_MODERN_MALE_4">
      <Text>Panagiotis</Text>
    </Row>
    <Row Tag="LOC_CITIZEN_BYZ_MODERN_MALE_5">
      <Text>Stavros</Text>
    </Row>
    <Row Tag="LOC_CITIZEN_BYZ_MODERN_MALE_6">
      <Text>Kostas</Text>
    </Row>
    <Row Tag="LOC_CITIZEN_BYZ_MODERN_MALE_7">
      <Text>Alexandros</Text>
    </Row>
    <Row Tag="LOC_CITIZEN_BYZ_MODERN_MALE_8">
      <Text>Ierotheos</Text>
    </Row>
    <Row Tag="LOC_CITIZEN_BYZ_MODERN_MALE_9">
      <Text>Nikolas</Text>
    </Row>
    <Row Tag="LOC_CITIZEN_BYZ_MODERN_MALE_10">
      <Text>Demetres</Text>
    </Row>
    <Row Tag="LOC_CITIZEN_BYZ_MODERN_FEMALE_1">
      <Text>Konstantina</Text>
    </Row>
    <Row Tag="LOC_CITIZEN_BYZ_MODERN_FEMALE_2">
      <Text>Michaela</Text>
    </Row>
    <Row Tag="LOC_CITIZEN_BYZ_MODERN_FEMALE_3">
      <Text>Marialena</Text>
    </Row>
    <Row Tag="LOC_CITIZEN_BYZ_MODERN_FEMALE_4">
      <Text>Rafaela</Text>
    </Row>
    <Row Tag="LOC_CITIZEN_BYZ_MODERN_FEMALE_5">
      <Text>Gürcistan</Text>
    </Row>
    <Row Tag="LOC_CITIZEN_BYZ_MODERN_FEMALE_6">
      <Text>Alexandra</Text>
    </Row>
    <Row Tag="LOC_CITIZEN_BYZ_MODERN_FEMALE_7">
      <Text>Danae</Text>
    </Row>
    <Row Tag="LOC_CITIZEN_BYZ_MODERN_FEMALE_8">
      <Text>Despina</Text>
    </Row>
    <Row Tag="LOC_CITIZEN_BYZ_MODERN_FEMALE_9">
      <Text>Athina</Text>
    </Row>
    <Row Tag="LOC_CITIZEN_BYZ_MODERN_FEMALE_10">
      <Text>Evi</Text>
    </Row>
    <!--Gaul-->
    <Row Tag="LOC_CITIZEN_GAUL_MALE_1">
      <Text>Sudarix</Text>
    </Row>
    <Row Tag="LOC_CITIZEN_GAUL_MALE_2">
      <Text>Atilkoryos</Text>
    </Row>
    <Row Tag="LOC_CITIZEN_GAUL_MALE_3">
      <Text>Axrotalus</Text>
    </Row>
    <Row Tag="LOC_CITIZEN_GAUL_MALE_4">
      <Text>Lukotorix</Text>
    </Row>
    <Row Tag="LOC_CITIZEN_GAUL_MALE_5">
      <Text>Katurix</Text>
    </Row>
    <Row Tag="LOC_CITIZEN_GAUL_MALE_6">
      <Text>Dubnorix</Text>
    </Row>
    <Row Tag="LOC_CITIZEN_GAUL_MALE_7">
      <Text>Bodyokassos</Text>
    </Row>
    <Row Tag="LOC_CITIZEN_GAUL_MALE_8">
      <Text>Segomaros</Text>
    </Row>
    <Row Tag="LOC_CITIZEN_GAUL_MALE_9">
      <Text>Orgetorix</Text>
    </Row>
    <Row Tag="LOC_CITIZEN_GAUL_MALE_10">
      <Text>Wenikaros</Text>
    </Row>
    <Row Tag="LOC_CITIZEN_GAUL_FEMALE_1">
      <Text>Boudica</Text>
    </Row>
    <Row Tag="LOC_CITIZEN_GAUL_FEMALE_2">
      <Text>Dewognata</Text>
    </Row>
    <Row Tag="LOC_CITIZEN_GAUL_FEMALE_3">
      <Text>Kunopennos</Text>
    </Row>
    <Row Tag="LOC_CITIZEN_GAUL_FEMALE_4">
      <Text>Luguselwa</Text>
    </Row>
    <Row Tag="LOC_CITIZEN_GAUL_FEMALE_5">
      <Text>Aiias</Text>
    </Row>
    <Row Tag="LOC_CITIZEN_GAUL_FEMALE_6">
      <Text>Potita</Text>
    </Row>
    <Row Tag="LOC_CITIZEN_GAUL_FEMALE_7">
      <Text>Vlatucia</Text>
    </Row>
    <Row Tag="LOC_CITIZEN_GAUL_FEMALE_8">
      <Text>Adiega</Text>
    </Row>
    <Row Tag="LOC_CITIZEN_GAUL_FEMALE_9">
      <Text>Diligenta</Text>
    </Row>
    <Row Tag="LOC_CITIZEN_GAUL_FEMALE_10">
      <Text>Aia</Text>
    </Row>
    <Row Tag="LOC_CITIZEN_GAUL_MODERN_MALE_1">
      <Text>Jan</Text>
    </Row>
    <Row Tag="LOC_CITIZEN_GAUL_MODERN_MALE_2">
      <Text>Cornelis</Text>
    </Row>
    <Row Tag="LOC_CITIZEN_GAUL_MODERN_MALE_3">
      <Text>Matthys</Text>
    </Row>
    <Row Tag="LOC_CITIZEN_GAUL_MODERN_MALE_4">
      <Text>Jakob</Text>
    </Row>
    <Row Tag="LOC_CITIZEN_GAUL_MODERN_MALE_5">
      <Text>Pieter</Text>
    </Row>
    <Row Tag="LOC_CITIZEN_GAUL_MODERN_MALE_6">
      <Text>Gillis</Text>
    </Row>
    <Row Tag="LOC_CITIZEN_GAUL_MODERN_MALE_7">
      <Text>Ghildolf</Text>
    </Row>
    <Row Tag="LOC_CITIZEN_GAUL_MODERN_MALE_8">
      <Text>Willem</Text>
    </Row>
    <Row Tag="LOC_CITIZEN_GAUL_MODERN_MALE_9">
      <Text>Robine</Text>
    </Row>
    <Row Tag="LOC_CITIZEN_GAUL_MODERN_MALE_10">
      <Text>Valentine</Text>
    </Row>
    <Row Tag="LOC_CITIZEN_GAUL_MODERN_FEMALE_1">
      <Text>Lore</Text>
    </Row>
    <Row Tag="LOC_CITIZEN_GAUL_MODERN_FEMALE_2">
      <Text>Aya</Text>
    </Row>
    <Row Tag="LOC_CITIZEN_GAUL_MODERN_FEMALE_3">
      <Text>Mila</Text>
    </Row>
    <Row Tag="LOC_CITIZEN_GAUL_MODERN_FEMALE_4">
      <Text>Chloe</Text>
    </Row>
    <Row Tag="LOC_CITIZEN_GAUL_MODERN_FEMALE_5">
      <Text>Elise</Text>
    </Row>
    <Row Tag="LOC_CITIZEN_GAUL_MODERN_FEMALE_6">
      <Text>Clara</Text>
    </Row>
    <Row Tag="LOC_CITIZEN_GAUL_MODERN_FEMALE_7">
      <Text>Margot</Text>
    </Row>
    <Row Tag="LOC_CITIZEN_GAUL_MODERN_FEMALE_8">
      <Text>Valentina</Text>
    </Row>
    <Row Tag="LOC_CITIZEN_GAUL_MODERN_FEMALE_9">
      <Text>Marion</Text>
    </Row>
    <Row Tag="LOC_CITIZEN_GAUL_MODERN_FEMALE_10">
      <Text>Hanne</Text>
    </Row>
  </EnglishText>
</GameData>