﻿<?xml version="1.0" encoding="utf-8"?>
<GameData>
  <EnglishText>
    <!-- Game Concepts -->
    <Row Tag="LOC_PEDIA_CONCEPTS_PAGE_DRAMATICAGES_CHAPTER_CONTENT_TITLE">
      <Text>Dramatik Çağlar</Text>
    </Row>
    <Row Tag="LOC_PEDIA_CONCEPTS_PAGE_DRAMATICAGES_CHAPTER_WELCOME_TITLE">
      <Text>Hoş geldiniz</Text>
    </Row>
    <Row Tag="LOC_PEDIA_CONCEPTS_PAGE_DRAMATICAGES_CHAPTER_WELCOME_PARA_1">
      <Text>Oyun kurulumunda oyuncular Dramatik Çağlar oyun modunu açabilirler. Çağ Puanı kazanma kuralları, oyuncuları çatışmaya girmeye ve Teknolojiler ve Yurttaşlık Bilgisi ile güncel kalmaya teşvik edecek şekilde ayarlanmıştır. [ICON_GLORY_SUPER_GOLDEN_AGE] Kahramanlık Çağları ve Adanmışlıklar kaldırılmıştır ve oyuncular ilk çağda yalnızca [ICON_GLORY_NORMAL_AGE] Normal Çağda olabilirler. Bundan sonra ya bir [ICON_GLORY_DARK_AGE] Karanlık Çağ ya da bir [ICON_GLORY_GOLDEN_AGE] Altın Çağ kazanacaklar, her ikisi de her zamankinden daha güçlü. Karanlık Çağlar şehirlerin Serbest Şehirlere dönüşmesine bile neden olabilir.</Text>
    </Row>
    <Row Tag="LOC_PEDIA_CONCEPTS_PAGE_DRAMATICAGES_CHAPTER_ERASCORE_TITLE">
      <Text>Dönem Puanı</Text>
    </Row>
    <Row Tag="LOC_PEDIA_CONCEPTS_PAGE_DRAMATICAGES_CHAPTER_ERASCORE_PARA_1">
      <Text>Oyuncular sadece bir [ICON_GLORY_DARK_AGE] Karanlık Çağ veya bir [ICON_GLORY_GOLDEN_AGE] Altın Çağ kazanabilirler. Altın Çağ kazanma eşiği, oyuncunun [ICON_Capital] Başkentten sonra sahip olduğu her şehir için 3 artar. Ayrıca, bir Altın Çağ kazanmak eşiği 5 artırırken, bir Karanlık Çağ kazanmak eşiği 10 düşürür. Bu eşikler, oyun çağ değiştirdiğinde, tıpkı Modsuz kurallar gibi hesaplanır ve sabitlenir, bu nedenle bir çağ içinde hareketli bir hedefi vurma konusunda endişelenmenize gerek yoktur.</Text>
    </Row>
    <Row Tag="LOC_PEDIA_CONCEPTS_PAGE_DRAMATICAGES_CHAPTER_ERASCORE_PARA_2">
      <Text>Oyuncular artık oyun dönemi değiştiğinde Adanma yapmıyor. Adanma etkilerinden Çağ Puanı kazanmak yerine, oyuncular her Teknoloji veya Sivil tamamladıklarında 1 Çağ Puanı kazanırlar. Ayrıca askeri birimlerinden biri terfi aldığında, bu birimin ilk terfisinden sonra her seferinde 1 Çağ Puanı kazanırlar. Tarihi Anlardan da Çağ Puanı kazanılmaya devam edilebilir. Adanmışlıklardan elde edilen oyun bonusları yerine, oyuncular özel ve daha esnek Sosyal Politikalara erişim elde ederler.</Text>
    </Row>
    <Row Tag="LOC_PEDIA_CONCEPTS_PAGE_DRAMATICAGES_CHAPTER_GOLDENAGES_TITLE">
      <Text>Altın Çağlar</Text>
    </Row>
    <Row Tag="LOC_PEDIA_CONCEPTS_PAGE_DRAMATICAGES_CHAPTER_GOLDENAGES_PARA_1">
      <Text>Bir önceki çağdayken [ICON_GLORY_GOLDEN_AGE] Altın Çağa ulaşmak için gerekenden daha fazla Çağ Puanı kazandıysanız, bu fazlalık Altın Çağınız boyunca vatandaşlarınızın ek Sadakat baskısı uygulamasına neden olacaktır. Her 1 Çağ Puanı vatandaşlarınız için %5'lik bir baskı artışı sağlar. Bu oran %50'ye ulaştığında, ek baskı hala kazanılabilir, ancak azalan getiriler vardır.</Text>
    </Row>
    <Row Tag="LOC_PEDIA_CONCEPTS_PAGE_DRAMATICAGES_CHAPTER_GOLDENAGES_PARA_2">
      <Text>Altın Çağlar, Hükümetinizin Wildcard yuvalarına yerleştirilebilen güçlü Altın Politikalara erişim sağlar.</Text>
    </Row>
    <Row Tag="LOC_PEDIA_CONCEPTS_PAGE_DRAMATICAGES_CHAPTER_DARKAGES_TITLE">
      <Text>Karanlık Çağlar</Text>
    </Row>
    <Row Tag="LOC_PEDIA_CONCEPTS_PAGE_DRAMATICAGES_CHAPTER_DARKAGES_PARA_1">
      <Text>[ICON_GLORY_DARK_AGE] Karanlık Çağlar, Hükümetinizin Wildcard yuvalarına yerleştirilebilen Karanlık Politikalara erişim sağlar. Bunlar güçlüdür, ancak bir dezavantaj etkisi vardır. Bazı politikalar normal oyundakilerle aynıdır, bazıları ise yeniden işlenmiş veya yepyeni politikalardır.</Text>
    </Row>
    <Row Tag="LOC_PEDIA_CONCEPTS_PAGE_DRAMATICAGES_CHAPTER_DARKAGES_PARA_2">
      <Text>Karanlık Çağ'a düşmek aynı zamanda en az 1 şehrin anında isyan etmesine neden olur. Bu şehirler Özgür Şehirlere dönüşür. Yakındaki dost şehirlerden gelen en düşük Sadakat baskısına sahip şehirler en fazla risk altında olanlardır ve bunlar genellikle imparatorluğunuzun eteklerinde yer alır. Ancak [ICON_Capital] Başkentiniz her zaman güvendedir.</Text>
    </Row>
    <Row Tag="LOC_PEDIA_CONCEPTS_PAGE_DRAMATICAGES_CHAPTER_FREECITIES_TITLE">
      <Text>Özgür Şehirler</Text>
    </Row>
    <Row Tag="LOC_PEDIA_CONCEPTS_PAGE_DRAMATICAGES_CHAPTER_FREECITIES_PARA_1">
      <Text>Karanlık Çağlarda imparatorluklardan çıkan Özgür Şehirlerin sayısı seçtiğiniz zorluk seviyesine bağlıdır. Dahası, Özgür Şehirler artık diğer şehirler ve birbirleri üzerinde Sadakat baskısı uygulayabilir, böylece çok daha dirençli olabilirler.[NEWLINE][ICON_BULLET]Yerleşimci: %5 İnsan şehri kaybedildi, %30 YZ şehri kaybedildi. Özgür Şehirlerden 1x baskı.[NEWLINE][ICON_BULLET]Şef: %10 İnsan şehri kaybedildi, %30 YZ şehri kaybedildi. Özgür Şehirlerden 2 kat baskı.[NEWLINE][ICON_BULLET]Savaş Lordu: 15 İnsan şehri kaybedildi, %25 YZ şehri kaybedildi. Özgür Şehirlerden 2,5 kat baskı.[NEWLINE][ICON_BULLET]Prens: %20 İnsan şehri kaybedildi, %20 YZ şehri kaybedildi. Özgür Şehirlerden 3x baskı.[NEWLINE][ICON_BULLET]Kral: %25 İnsan şehri kaybedildi, %15 YZ şehri kaybedildi. Özgür Şehirlerden 3,5x baskı.[NEWLINE][ICON_BULLET]İmparator: %30 İnsan şehri kaybedildi, %15 YZ şehri kaybedildi. Özgür Şehirlerden 4x baskı.[NEWLINE][ICON_BULLET]Ölümsüz: %35 İnsan şehirleri kaybedildi, %10 YZ şehirleri kaybedildi. Özgür Şehirlerden 4,5x baskı.[NEWLINE][ICON_BULLET]İlah: %40 İnsan şehri kaybedildi, %10 YZ şehri kaybedildi. Özgür Şehirlerden 5x baskı.</Text>
    </Row>
    <!-- Policies -->
    <Row Tag="LOC_PEDIA_GOVERNMENTS_PAGEGROUP_GOLDENAGE_POLICIES_NAME">
      <Text>Altın Çağ Politikaları</Text>
    </Row>
    <Row Tag="LOC_PEDIA_GOVERNMENTS_PAGE_POLICY_EXODUS_OF_THE_EVANGELISTS_CHAPTER_HISTORY_PARA_1">
      <Text>Din değiştiren başlıca dinlerin her biri, müritlerinin inancı yaymak için dünyanın uzak noktalarına seyahat ettiği bir noktaya sahipti: Hıristiyan Havariler Roma İmparatorluğu boyunca ve ötesinde hareket etti, Buda'nın arhantları dinlerini Hindistan ve ötesine yaydı ve İslam, Güney Asya'dan İspanya'ya kadar askeri, diplomatik ve ekonomik bir başarı dalgası sürdü.</Text>
    </Row>
    <Row Tag="LOC_PEDIA_GOVERNMENTS_PAGE_POLICY_REFORM_THE_COINAGE_CHAPTER_HISTORY_PARA_1">
      <Text>Madeni paralar sembollerdir - içindeki metalden daha değerlidirler. Yoksa öyle midirler? Sikkelere yeniden değer kazandırma çabaları bir imparatorluğu kurabilir ya da yıkabilir - özellikle de askerlere genellikle sikke ile ödeme yapıldığı ve gerçek yerine altın boyalı kurşun verildiğinde huysuzlanabilecekleri düşünüldüğünde.</Text>
    </Row>
    <Row Tag="LOC_PEDIA_GOVERNMENTS_PAGE_POLICY_HEARTBEAT_OF_STEAM_CHAPTER_HISTORY_PARA_1">
      <Text>Sanayi devrimi emek, teknoloji ve sanayi arasındaki ilişkileri sonsuza dek değiştirdi. Saatler çalışma saatlerini belirledi, buharlı değirmenler yüzlerce hayvanın ve insanın emeğini kullandı ve işçiler giderek daha basit, tekrarlayan, neredeyse makine benzeri işler yaptı. Teknoloji daha önce hiç olmadığı kadar kendi içinde ve kendisi için bir amaç olarak var oldu.</Text>
    </Row>
    <Row Tag="LOC_PEDIA_GOVERNMENTS_PAGE_POLICY_TO_ARMS_CHAPTER_HISTORY_PARA_1">
      <Text>Sanayi çağının belirleyici özelliği haline gelen "hayali cemaat" milliyetçilik, bizi hiç tanışmadığımız ve hiç tanışmayacağımız insanlarla bir akrabalık kurmaya ve kendimizi onların tarihinin bir parçası olarak hayal etmeye çağırıyor. Bayraklar ve pankartlar, marşlar ve askere alma afişleri - hepsi de askeri bir soyutlama uğruna savaşmaya ve ölmeye çağırıyor. Bu kadar okuma yeter - borazan sesleri!</Text>
    </Row>
    <Row Tag="LOC_PEDIA_GOVERNMENTS_PAGE_POLICY_FREE_ENQUIRY_CHAPTER_HISTORY_PARA_1">
      <Text>Filozof Michel Foucault'nun da belirttiği gibi bilgi güçtür ve bu nedenle de tehlikelidir. Kendini özgür sorgulamaya adamış toplumlar, açık sorgulamanın verdiği cevaplardan sağ çıkabilecek kadar güçlü olduklarına dair kumar oynarlar.</Text>
    </Row>
    <Row Tag="LOC_PEDIA_GOVERNMENTS_PAGE_POLICY_MONUMENTALITY_CHAPTER_HISTORY_PARA_1">
      <Text>Petersburg, İstanbul, Pekin ve Washington DC gibi imparatorluk başkentleri, ziyaretçiye ulusal tarihin ölçeği ile kıyaslandığında bireyin küçük ve geçici olduğunu hatırlatmak için yapılmıştır. Burada anıtsallık, binaların kendisinden daha fazlasını, inşaat ölçeğinin imparatorluğun genişliğini gösterdiği bir ruh halini ifade eder.</Text>
    </Row>
    <Row Tag="LOC_PEDIA_GOVERNMENTS_PAGE_POLICY_WISH_YOU_WERE_HERE_CHAPTER_HISTORY_PARA_1">
      <Text>Dini hacıları, akıncıların yolculuklarını ve ticaret heyetlerini aynı kategoriye koyabilirsek, turizm toplumlarda her zaman bir rol oynamıştır. Ancak 1800'lerde organize turizm endüstrisinin ortaya çıkması, zevk için yurtdışına çıkmanın (ve eve özlem duymanın) ne anlama geldiğini değiştirdi.</Text>
    </Row>
    <Row Tag="LOC_PEDIA_GOVERNMENTS_PAGE_POLICY_SKY_AND_STARS_CHAPTER_HISTORY_PARA_1">
      <Text>Ordular her zaman yüksek yerleri ele geçirmek için savaşmıştır, ancak 20. yüzyılda havacılıkla birlikte bu ufuk, havaalanlarını ve nihayetinde roketler için fırlatma rampalarını (hem insanları aya götürebilecek hem de düşman başkentlerine savaş başlıkları atabilecek roketler) içerecek şekilde genişledi.</Text>
    </Row>
    <Row Tag="LOC_PEDIA_GOVERNMENTS_PAGE_POLICY_MANDALA_STATE_CHAPTER_HISTORY_PARA_1">
      <Text>Ortaçağ Güney ve Güneydoğu Asya'sında devlet yönetimi genellikle bir merkezin kültürel prestijini yönetmekle ilgiliydi. Burada savaşlar şiddetten ziyade gösteri alanında yapılırdı ve en dramatik ve pahalı gösteriyi organize edebilen kral ya da kraliçe sınır şehirlerini kendi tarafına çekebilen kişiydi.</Text>
    </Row>
    <Row Tag="LOC_PEDIA_GOVERNMENTS_PAGE_POLICY_PRAETORIAN_GUARD_CHAPTER_HISTORY_PARA_1">
      <Text>Daha sonraki Batı Roma İmparatorluğu'nda, eskiden İmparatorun kişisel koruması olan Praetorian Muhafızları, orduyu siyasi ve sosyal hayatın organizasyonuna dahil ederek siyasi olarak aktif bir güç haline geldi.</Text>
    </Row>
    <Row Tag="LOC_PEDIA_GOVERNMENTS_PAGE_POLICY_SAKDINA_CHAPTER_HISTORY_PARA_1">
      <Text>Sakdina - Tayland ortaçağ yaşamındaki feodal sistem - her bireyi hiyerarşik bir karşılıklı yükümlülük sistemine yerleştirmiştir. Aşağıdakiler yukarıdakilerden iyilik isteyebilir, onlar da (makul ölçülerde) bunu yapmakla yükümlüdür, yani toplumun tüm kademeleri birbirine bağlı ve bağlıydı.</Text>
    </Row>
    <Row Tag="LOC_PEDIA_GOVERNMENTS_PAGE_POLICY_CULTURE_INDUSTRY_CHAPTER_HISTORY_PARA_1">
      <Text>Theodore Adorno'nun kitlesel eğlenceye yönelik eleştirisi, sanatı yüce bir ifade arayışına değil, kitlesel çekiciliğine indirgemesiydi. Kültür endüstrisi, Adorno her ne kadar boş olduğunu iddia etse de, tüm yurttaşları kültürel yaşama eskisinden daha fazla katmaya çalışmıştır.</Text>
    </Row>
    <Row Tag="LOC_PEDIA_GOVERNMENTS_PAGE_POLICY_POPULAR_FRONT_CHAPTER_HISTORY_PARA_1">
      <Text>Soğuk Savaş sırasında her iki taraf da müttefiklerini ideolojik olarak yakınlaştırmaya çalışmıştır. Doğu Almanya ve Vietnam gibi devletler SSCB ile olan ittifaklarına daha fazla bağlı kalmaları için baskı gördüler (tıpkı karşı tarafta Endonezya ve Pakistan'ın ABD ile yaptığı gibi) ve genellikle aynı yönde oy kullanan siyasi bloklar oluşturdular.</Text>
    </Row>
    <Row Tag="LOC_PEDIA_GOVERNMENTS_PAGE_POLICY_MILITARY_INDUSTRIAL_COMPLEX_CHAPTER_HISTORY_PARA_1">
      <Text>ABD Başkanı Dwight Eisenhower, özel sanayi ile ordu arasındaki yakın bağları ifade etmek için "Askeri-Sınai Kompleks" terimini kullanmıştır. Bu kavram ABD'ye özgü değildi ve burada ağır sanayi ile silahlanma yarışı arasındaki bu yakın bağlara atıfta bulunuyordu.</Text>
    </Row>
    <Row Tag="LOC_PEDIA_GOVERNMENTS_PAGE_POLICY_SOLDARITY_CHAPTER_HISTORY_PARA_1">
      <Text>Soğuk Savaş sırasında devletler komşuları üzerinde çeşitli yollarla ideolojik baskı uyguladılar. Sınır ötesi propaganda yayınları, broşür dağıtımı, gizli ideolojik hücreler ve tabii ki Doğu Avrupa'ya saç metali ve blue jean akınını düşünebiliriz. Bu "yumuşak güç" gösterileri genellikle en üst düzeylerde organize edildi ve kolaylaştırıldı ve Berlin Duvarı'nın ve Sovyetler Birliği'nin nihai çöküşü üzerinde muazzam bir etkiye sahip oldu.</Text>
    </Row>
    <Row Tag="LOC_PEDIA_GOVERNMENTS_PAGE_POLICY_SOFT_TARGETS_CHAPTER_HISTORY_PARA_1">
      <Text>Disiplinli bir ordu - gelişigüzel yağma ve talan yapmayan bir ordu - iyi işleyen bir toplumun ayırt edici özelliğidir. Ancak Karanlık Çağ'da standartlar düşebilir. Yumuşak, sivil hedefleri tercih eden ve yağmayı bireysel asker maaşının bir parçası olarak gören bir orduda, askerler askeri açıdan stratejik hedefler yerine kolayca taşınabilen yağma peşinde koşmayı tercih edebilir. Bu tür davranışlar şehirlere ve sivillere verilen zararın artmasına, ancak savaştaki etkinliğin azalmasına yol açabilir.</Text>
    </Row>
    <Row Tag="LOC_PEDIA_GOVERNMENTS_PAGE_POLICY_SAMODERZHAVIYE_CHAPTER_HISTORY_PARA_1">
      <Text>Samoderzhaviye - otokrasi - Çarlık Rusyası'nın muhafazakar düşüncesinin temel direklerinden biriydi. Diğer güçler iktidarın danışmanlar ya da halk yönetimi arasında yayılmasını denerken, samoderzhaviye felsefesi altında çar ne derse o oluyordu. Ve eğer çar tembel, beceriksiz ya da bilgisizse, bu bir sorumluluktu.</Text>
    </Row>
    <Row Tag="LOC_PEDIA_GOVERNMENTS_PAGE_POLICY_DESPOTIC_PATERNALISM_CHAPTER_HISTORY_PARA_1">
      <Text>Thak Chaloemtirana, Soğuk Savaş dönemi Güneydoğu Asya'sını, gücün yerel olarak önemli güçlü adamlara yatırıldığı ve bağımsız düşünce ve eylemin kısıtlandığı özel bir tür "despotik paternalizmin" evi olarak tanımlıyor. Endonezya'daki Suharto ya da Tayland'daki Sarit gibi kişiler akla gelmektedir. Böyle bir sistem özgür sorgulamayı bastırır ancak bu tür despotik paternalistlerin sert eylemleri muhalif sesleri kontrol altına almıştır.</Text>
    </Row>
    <Row Tag="LOC_PEDIA_GOVERNMENTS_PAGE_POLICY_DECENTRALIZATION_CHAPTER_HISTORY_PARA_1">
      <Text>Toplumsal çöküş karşısında (örneğin Karanlık Çağ), bazı medeniyetler merkezden sert bir yönetime yönelirken, diğerleri çevrenin giderek daha özerk olmasına izin vermiştir - Bizans İmparatorluğu çökerken Konstantinopolis nüfusunun nasıl daha küçük kasabalar ve çiftlikler için boşaldığını düşünün. Bu şekilde merkez, en azından işler düzelene kadar vatandaşların kalplerini ve zihinlerini elde tutmak için son bir çaba olarak çevreyi büyük ölçüde sübvanse eder.</Text>
    </Row>
  </EnglishText>
</GameData>