﻿<?xml version="1.0" encoding="utf-8"?>
<GameData>
  <EnglishText>
    <!-- civs -->
    <Row Tag="LOC_CIVINFO_BYZANTIUM_LOCATION">
      <Text>Konum: Doğu Akdeniz (günümüz Türkiye'si, Yunanistan)</Text>
    </Row>
    <Row Tag="LOC_CIVINFO_BYZANTIUM_SIZE">
      <Text>1,5 milyon mil kare (yaklaşık 4 milyon km kare)</Text>
    </Row>
    <Row Tag="LOC_CIVINFO_BYZANTIUM_POPULATION">
      <Text>26 milyon (en fazla, MS 540 civarında).</Text>
    </Row>
    <Row Tag="LOC_CIVINFO_BYZANTIUM_CAPITAL">
      <Text>Konstantinopolis</Text>
    </Row>
    <Row Tag="LOC_PEDIA_CIVILIZATIONS_PAGE_CIVILIZATION_BYZANTIUM_CHAPTER_HISTORY_PARA_1">
      <Text>Bizans - Bizans İmparatorluğu - eski Roma İmparatorluğu'nun doğu kısmını ifade eder. Burada yaşayanlar "Bizans" ismini bilmezlerdi, daha ziyade bu terim daha sonraki tarihçiler tarafından kullanılmaya başlanmıştır. Konstantin'in Konstantinopolis'i (şimdiki İstanbul; Konstantinopolis eserleri aldı) kuracağı köyün adını ifade eder. Doğu\Batı ayrımı, Akdeniz'deki temel bir kültürel, dilsel ve siyasi bölünmeye dayanan ve daha sonra Ortodoks (Doğu) ve Katolik (Batı) Hıristiyanlık arasındaki bölünmelere de yansıyan bir ayrımdı. Bizans, 1453'te Osmanlıların eline geçene kadar Roma'nın bölgedeki ilerlemesini ve varlığını sürdürmüş ve Doğu Avrupa üzerinde derin bir etki bırakmıştır.</Text>
    </Row>
    <Row Tag="LOC_PEDIA_CIVILIZATIONS_PAGE_CIVILIZATION_BYZANTIUM_CHAPTER_HISTORY_PARA_2">
      <Text>Roma, Yunanistan'ı MÖ 150 civarında fethetti. Ancak kültürel açıdan güçlü ancak askeri açıdan zayıf Yunanistan ile fatih Roma arasındaki ilişki karmaşıktı. Roma Yunan dinini, felsefesini ve öğrenimini kendine mal etmişti ama birçok Romalı Yunanlılarla aralarında temel bir fark görüyordu. Roma savaşçı ve yayılmacıyken, Yunanlılar felsefe ve şiiri tercih ediyordu. Bölünme devam etti: Adriyatik'in bir tarafında Latince, diğer tarafında Yunanca.</Text>
    </Row>
    <Row Tag="LOC_PEDIA_CIVILIZATIONS_PAGE_CIVILIZATION_BYZANTIUM_CHAPTER_HISTORY_PARA_3">
      <Text>Doğu ne kadar farklı olursa olsun, ticaret yollarıyla olan bağlantısı onu İmparatorluk için hayati hale getiriyordu ve bu önem MS 330'da Konstantinopolis'in Roma'nın başkenti olarak kurulmasıyla belirginleşti. Konstantin aynı zamanda Hıristiyanlığı benimseyen ilk Roma İmparatoruydu ve hem coğrafi hareket hem de dini değişim, Roma tarihinde sonunda Bizans İmparatorluğu'na yol açacak yeni bir döneme işaret ediyor gibiydi. Konstantin'i takip eden yüz yıl içinde Batı imparatorluğu Avrupalı barbarların istila dalgalarına maruz kaldı, ancak Doğu nispeten istikrarlı ve müreffeh kaldı - İran, Hindistan ve Çin'e giden ticaret yollarını hatırlayın! MS 476 yılına gelindiğinde, Roma'nın son Batı imparatoru tahttan indirilmişti ve başka bir imparator gelmedi, bu da çoğu tarihçi için Roma'nın çöküşünü işaret ediyordu.</Text>
    </Row>
    <Row Tag="LOC_PEDIA_CIVILIZATIONS_PAGE_CIVILIZATION_BYZANTIUM_CHAPTER_HISTORY_PARA_4">
      <Text>Ama Roma gerçekten düşmedi. Bunun yerine, Roma İmparatorluğu artık Konstantinopolis ile eş anlamlıydı ve tarihçilerin (ve bizim) "Bizanslı" dediğimiz insanlar kendilerini "Romalı" olarak adlandırmaya devam ettiler. Doğu'nun kültürü Batı'dan belirgin bir şekilde farklıydı. Doğu büyük ölçüde Yunanca konuşuyordu (Bizans tebaası Mısır'da Kıptice, Yakın Doğu'da Süryanice ve diğer dilleri de konuşuyordu) ve Batı'da önemli olan Hıristiyanlık, Bizans için kesinlikle merkezi hale gelecekti. Bizans İmparatoru, tebaası için Tanrı'nın yeryüzündeki temsilcisi ve Ortodoks Hıristiyan inancının savunucusuydu.</Text>
    </Row>
    <Row Tag="LOC_PEDIA_CIVILIZATIONS_PAGE_CIVILIZATION_BYZANTIUM_CHAPTER_HISTORY_PARA_5">
      <Text>Eğer Konstantin Bizans'ın arkasındaki ruh ise, Justinianus (527-565 arası) da onu fırlatan itici roketti. Rakip savaş arabası takımlarının taraftarlarının isyanları (her biri siyasi bir ton kazanmıştı) on binlerce insanı öldürdüğü, şehri küller içinde bıraktığı ve neredeyse imparatoru öldürdüğü için neredeyse havalanamıyordu. Ancak savaş arabası taraftarlarından daha kötüsü Justinianus'un miras aldığı savaşlardı: Bizans'ın sınırlarında düşman bir Sasani (Pers) İmparatorluğu ve eskiden Batı İmparatorluğu'nun bulunduğu yerde bir dizi barbar krallık vardı: Roma'da Gotlar, Kuzey Afrika'da Vandallar. Son olarak Justinianus, baş döndürücü bir dizi ve çoğu zaman birbiriyle çelişen yasa ve geleneklere sahip bir imparatorluk devraldı.</Text>
    </Row>
    <Row Tag="LOC_PEDIA_CIVILIZATIONS_PAGE_CIVILIZATION_BYZANTIUM_CHAPTER_HISTORY_PARA_6">
      <Text>Bunlar ürkütücü sorunlardı ama Justinianus elinden geldiğince üstesinden geldi. Konstantinopolis'te, ilgili yasaları gözden geçirmesi ve yeni bir "Justinianus Kanunu" derlemesi için bir konsey atadı. Perslerle barış imzaladı. İtalya'da Jüstinyen, Roma'yı ve İtalyan yarımadasının bazı kısımlarını Gotik krallıklarla uzun süren bir savaşla geri aldı. Kuzey Afrika'da Justinianus, bazı tarihçilerin yaklaşık beş milyon kişinin öldüğünü tahmin ettiği bir savaşta Vandal krallığını harap etti. Avrupa ve Afrika tarihinde ilk kez ortaya çıkan hıyarcıklı vebanın da bunda payı olabilir. Justinianus'un ardından İmparatorluk tamamen restore edilmemişti ama refah içindeydi ve Roma yeniden Romalıların (daha doğrusu Bizanslıların) elindeydi. Justinianus'un dönemi Bizans İmparatorluğu'nun tarihteki en geniş dönemi olacaktı.</Text>
    </Row>
    <Row Tag="LOC_PEDIA_CIVILIZATIONS_PAGE_CIVILIZATION_BYZANTIUM_CHAPTER_HISTORY_PARA_7">
      <Text>Ancak tam Bizans, Roma'nın Akdeniz'deki egemen güç olma unvanını geri alacak gibi görünürken, oyuna yeni bir oyuncu girecekti. Justinianus'un ölümünden yaklaşık elli yıl sonra, bir Arap peygamberi - Muhammed - ortaya çıktı. Arap güçleri, yeni inançları İslam'ın da yardımıyla hızla genişledi. Muhammed'in ölümünden kısa bir süre sonra birleşik Halifelik parçalanırken, halef devletler - Emevi ve Raşidun Halifelikleri - Bizanslıların Perslerden aldığı toprakları ve önemli ölçüde Suriye ve Mısır'ın son derece önemli eyaletlerini hızla geri aldı. Aynı zamanda, Kuzey Avrupa'dan gelen yeni istilacılar - Slavlar - Balkanlar'daki Bizans varlıklarını tehdit ediyordu.</Text>
    </Row>
    <Row Tag="LOC_PEDIA_CIVILIZATIONS_PAGE_CIVILIZATION_BYZANTIUM_CHAPTER_HISTORY_PARA_8">
      <Text>Arap kuvvetleri Konstantinopolis'i ilk (ve son değil) kez 674 yılında kuşattı. Yakınlarda deniz üsleri kurdular ve bunları yıllarca büyük şehre baskın yapmak için kullandılar. Ancak dönemin Bizans İmparatoru 4. Konstantin ve şehrin devasa Theodosius surları bu kadar kolay yıkılmayacaktı. Denizden gelen güçlerin üzerine yeni ve yıkıcı bir silah saldı: su üzerinde yüzerken bile yanan bir yağ ve sönmemiş kireç karışımı. Bu yeni "Yunan ateşi" kuşatmacıları en azından şimdilik uzaklaştırdı.</Text>
    </Row>
    <Row Tag="LOC_PEDIA_CIVILIZATIONS_PAGE_CIVILIZATION_BYZANTIUM_CHAPTER_HISTORY_PARA_9">
      <Text>Bizans İmparatorluğu bu noktada üzücü bir durumdaydı. Sürekli akınlar, Batı'nın büyük bölümünün barbar gruplara kaybedilmesi ve Afrika ile Yakın Doğu'daki topraklarının çoğunun kaybedilmesi, imparatorluğun büyük bölümünün durgunlaştığı anlamına geliyordu. Doğuya giden o önemli ticaret yollarını hatırlıyor musunuz? Bu altın artık Arap devletlerine akıyordu. Bizans şehirleri boşaldı ve Konstantinopolis küçüldü. Persler ve Araplarla savaşmak için Balkanlar'dan askerlerin çekilmesi, Orta Asya bozkırlarından gelen diğer istilalardan geri çekilen Slavlara genişleme alanı sağladı ve bu yeni Slav yerleşimleri, Bizanslıların zaman zaman düşmanı olan Bulgaristan'da birleşti.</Text>
    </Row>
    <Row Tag="LOC_PEDIA_CIVILIZATIONS_PAGE_CIVILIZATION_BYZANTIUM_CHAPTER_HISTORY_PARA_10">
      <Text>Tüm bu çekişme içinde, İspanya'da yeni fetihlerle coşan Emevi Halifeliği şehri almak için yine bir fırsat gördü ve böylece Konstantinopolis'e ikinci bir kuşatma başlatıldı. Bu kez Araplar kazanmayı hedefliyordu ve böylece Bulgarlarla da askeri bir anlaşma yapmış olan hırslı bir general olan Leo'nun sadakatini sağladıklarını düşünüyorlardı. Leo kendini İmparator ilan etti, ancak Emevilerin vassalı olmayı kabul etmek yerine kapıları onlara kapattı. Her zaman korkulan Yunan ateşi ve dahiyane savunmalarla (stratejik bir su yolu boyunca kurulan bir zincir dahil - basit ama gemileri durdurmak için yeterli... ve onları daha fazla Yunan ateşi için kolay hedef haline getirmek). Leo kendini yeni bir Roma hanedanı olarak kurdu ve Arap liderler geri çekildi - gerçekten de bu kuşatmanın başarısızlığı muhtemelen Doğu Avrupa ve Rusya'nın bildiğimiz dini ve siyasi yüzünü değiştirdi.</Text>
    </Row>
    <Row Tag="LOC_PEDIA_CIVILIZATIONS_PAGE_CIVILIZATION_BYZANTIUM_CHAPTER_HISTORY_PARA_11">
      <Text>Buraya kadar Bizanslıların öyküsü bir gerileme öyküsü gibi görünebilir. Ancak sonraki yıllar bir restorasyon dönemi olacaktı. I. Basil ve II. Basil yönetimindeki Bizans imparatorluğu, profesyonel tagma sistemini ve süvarilikteki yenilikleri benimseyerek ordusunda reform yaptı. Bizans kuvvetleri, artık Abbasi Halifeliği'ne bağlı olan Arap istilalarını Ege kıyılarında püskürttü ve Basil II, Bulgarlara boyun eğdirmek için acımasız bir sefer düzenledi ve 1018'de kalıntılarını İmparatorluğa dahil etti (bir yüzyıl sonra tekrar bağımsız olacaklardı). Ruslar Volga'yı yağmalarken ve Normanlar Akdeniz'i tehdit ederken, İskandinavya'daki uzak olaylar bile Bizans'ı etkileyecekti, ancak adil olmak gerekirse, bu gruplardan bazıları Bizans ordusunda da görev yapacaktı.</Text>
    </Row>
    <Row Tag="LOC_PEDIA_CIVILIZATIONS_PAGE_CIVILIZATION_BYZANTIUM_CHAPTER_HISTORY_PARA_12">
      <Text>1100'lerde Bizans son altın çağını yaşadı. Sanat ve edebiyat gelişti ve hem şehir hem de ülke altyapıda büyük kazanımlar elde etti. Din, Bizans yaşamı için hayati önem taşıyordu ve eski Roma ve eski Batı merkezli Katoliklik ile Bizans, Yunanistan ve Doğu merkezli Ortodoksluk arasındaki bölünme Bizans İmparatorluğu döneminde gerçekleşti. Müslüman fikirlerden etkilenen ve İncil'deki "graven images" yaratma yasağından yola çıkan Ortodoks Hıristiyanlar, 8. ve 9. yüzyıllarda ikonaların - dini figürlerin resimleri - yaratılmasına karşı çıkarken, Roma papası aynı fikirde değildi (ve bu da Bizans Roma'sının 756'da nihai kaybına işaret edecek gerginliklere yol açtı). Bu "ikonoklazm" dalgası azalacak olsa da, Roma'daki papalar artık Konstantinopolis tarafından atanmadığı için uzun sürecek bir bölünme yarattı. Bu bölünme, Batı (Katolik) kilisesinin Doğu (Ortodoks) kilisesinden ayrıldığı 1054 yılında nihai hale geldi. Bu seferki tartışma ikonalar üzerine değil, Roma'daki papanın diğer şehirlerin patrikleri üzerinde önceliğe sahip olup olmadığı ve bir dizi ritüel ve teolojik konu üzerineydi. Bu bölünme, Doğu ve Batı Avrupa'nın hem yazı (Kiril alfabesine karşı Latin alfabesi), hem dil (Yunanca'ya karşı Latince) hem de gelenek konularında ayrışmasının hem bir belirtisi hem de sebebiydi.</Text>
    </Row>
    <Row Tag="LOC_PEDIA_CIVILIZATIONS_PAGE_CIVILIZATION_BYZANTIUM_CHAPTER_HISTORY_PARA_13">
      <Text>Bu bölünme hiçbir yerde 1204'teki felaketle sonuçlanan Dördüncü Haçlı Seferi'nde olduğu kadar belirgin değildi. 1182 yılında Andronikos Komnenos adlı bir gaspçı, halkın Katolikleri Ortodokslara tercih etmekle suçladığı Antakya Prensesi Maria'nın Latince konuşan ve Batı yönelimli naibinin popüler olmayan yönetiminin ardından Konstantinopolis'e girdi. Maria tahttan indirilince, Ortodoks tacı Konstantinopolis'in Katolik, Latince konuşan vatandaşlarına yönelik bir katliam başlattı. Bu durum Batı'da Bizans karşıtı duyguları derinleştirdi ve birkaç on yıl sonra, sözde Kudüs'e giden Haçlılar Konstantinopolis'i yağmalayıp talan ederek eski Roma merkezli Katolik bir Haçlı devleti kurdular. Haçlılar sonunda ayrılsa da, Doğu\Batı bölünmesi tamamlanmış oldu.</Text>
    </Row>
    <Row Tag="LOC_PEDIA_CIVILIZATIONS_PAGE_CIVILIZATION_BYZANTIUM_CHAPTER_HISTORY_PARA_14">
      <Text>Ve sahneye bir başka güç daha girecekti: Daha önce Bizans ve Arap hükümdarları tarafından paralı asker olarak kullanılan Orta Asyalı bir halk olan Osmanlı Türkleri, kendi krallıkları için savaşmaya başladılar. Bizans yavaş yavaş zemin kaybetti ve 1453'te Konstantinopolis'in efsanevi surları Osmanlı bombardımanlarına yenik düştü.</Text>
    </Row>
    <Row Tag="LOC_PEDIA_CIVILIZATIONS_PAGE_CIVILIZATION_BYZANTIUM_CHAPTER_HISTORY_PARA_15">
      <Text>Konstantinopolis artık İstanbul'dur. Ancak mirası Ortodoks Kilisesi'ne, Rusya'ya, Yunanistan'a, Mısır'a ve Doğu Avrupa'ya kadar uzanmaktadır. Ve Konstantinopolis'in ünlü Theodosius surlarının kalıntıları hala duruyor.</Text>
    </Row>
    <Row Tag="LOC_CIVINFO_GAUL_LOCATION">
      <Text>Batı Avrupa (günümüz Fransa'sı çevresinde)</Text>
    </Row>
    <Row Tag="LOC_CIVINFO_GAUL_SIZE">
      <Text>Yaklaşık 200.000 mil kare (500.000 km kare)</Text>
    </Row>
    <Row Tag="LOC_CIVINFO_GAUL_POPULATION">
      <Text>Net rakamlar yok; Ambiorix'in zamanında 6-8 milyon civarında olduğu tahmin ediliyor.</Text>
    </Row>
    <Row Tag="LOC_CIVINFO_GAUL_CAPITAL">
      <Text>Merkezi bir başkent yoktu; Ambiorix'in kabilesinin Atuatuca'da bir kalesi vardı</Text>
    </Row>
    <Row Tag="LOC_PEDIA_CIVILIZATIONS_PAGE_CIVILIZATION_GAUL_CHAPTER_HISTORY_PARA_1">
      <Text>Galya'nın tamamını yöneten tek bir kral hiçbir zaman olmadı. Bunun yerine Galyalılar dilleri, dinleri ve sosyal yapılarıyla birleşmiş bir halktı. Galyalılar Sezar'ın ve Romalıların sabrını denediler ve sonunda tam ölçekli Roma egemenliğini kışkırttılar. Ancak bu Galyalıların sonu olmayacaktı, çünkü Galyalılar Roma işgali sırasında ve sonrasında kendi kültürlerini Romalılarla harmanlayarak özgün bir kimlik oluşturdular ve Fransa'nın temelini attılar.</Text>
    </Row>
    <Row Tag="LOC_PEDIA_CIVILIZATIONS_PAGE_CIVILIZATION_GAUL_CHAPTER_HISTORY_PARA_2">
      <Text>Galyalılar (Sezar'ın tamamen doğru anlatımlarına göre) iddiaya göre başlangıçta kendilerine "Galyalılar" değil, "Celtae" diyorlardı. Bölgenin nihai adı olan "Galya", "yabancı" anlamına gelen Keltçe bir kelimeden türetilmiştir. O halde Galya, "yabancılar [yani Romalılar] tarafından yönetilen krallık" idi. Kafa karıştırıcı bir şekilde, Romalıların "Galatia" ya da "Gallia Celtae "si de "güçlü" anlamına gelen bir başka Galce esere dayanmaktadır. Başka bir deyişle, fethedilen Galyalılar Romalılara "güçlü Keltler" olduklarını söylerken, kendilerine "biz yabancılar tarafından yönetilen bir ulusuz" diyorlardı. Eminim Kelt topraklarının başka yerlerindeki uzak ataları da bunu anlayabilir.</Text>
    </Row>
    <Row Tag="LOC_PEDIA_CIVILIZATIONS_PAGE_CIVILIZATION_GAUL_CHAPTER_HISTORY_PARA_3">
      <Text>Sezar'la tanışmadan önce -bin yıl kadar önce- Galya'yı oluşturacak olan kabileler Orta Fransa'da Ren Nehri vadisi çevresinde yaşıyorlardı. MÖ 5. yüzyıl civarında güneye, Akdeniz kıyılarına doğru göç ettiler ve kuzey İtalya'ya yerleştiler. Galyalılar orada durmadı. İtalyan Yarımadası'nın içlerine doğru ilerlediler ve MÖ 390 yılında Brennus adında bir adamın komutasında Roma'yı yağmaladılar (MÖ 278 civarında Yunanistan'ın işgal edilmesine yardımcı olan Brennos adındaki başka bir liderle karıştırılmamalıdır). Galyalılar korkutucu ve saygı duyulan bir güçtü. Roma ve Kartaca arasındaki İkinci Pön Savaşı sırasında Hannibal Barca ile ittifak kurdular. Bu ittifak ile Roma'nın yağmalanması ve ardından talan edilmesi arasında Romalılar anlaşılır bir şekilde üzgündü. İstilacı Galyalılara karşı geri çekildiler ve sonunda Galya Savaşları sırasında onları fethederek onlara karşı bir miktar zemin kazanmayı başardılar. MÖ 51 yılına gelindiğinde, Julius Caesar ve müttefikleri Galya'yı kontrol ediyordu. Galya'nın fethi Sezar'ın kendini kanıtlamak için tam da ihtiyaç duyduğu şeydi: borçlarını ödemek için altın (Galyalılarda bol miktarda vardı) ve Roma'nın baş belasına karşı başarılı bir askeri harekât. Bazı kabileler Roma işgaline karşı isyan etti; Vercingetorix'in kabilesi Arverni ve Ambiorix'in kabilesi Eburones bunlar arasındaydı. Her iki isyan da beceri ya da kararlılık eksikliğinden değil, kaynak ve birlik eksikliğinden dolayı sona erdi.</Text>
    </Row>
    <Row Tag="LOC_PEDIA_CIVILIZATIONS_PAGE_CIVILIZATION_GAUL_CHAPTER_HISTORY_PARA_4">
      <Text>Galya, Roma İmparatorluğu döneminde MÖ 27-12 yılları arasında üç bölgeye ayrılmıştır. Şaşırtıcı bir şekilde, İmparator Augustus, Julius Caesar'ın anlatımlarını kullanarak zaten mevcut olan sınırları korumaya çalıştı. MS 3. yüzyılda istilacı Cermen kabilelerinin ortaya çıkışına kadar bölgede barış (nispeten) korunmuştur.</Text>
    </Row>
    <Row Tag="LOC_PEDIA_CIVILIZATIONS_PAGE_CIVILIZATION_GAUL_CHAPTER_HISTORY_PARA_5">
      <Text>Roma işgalinden önce Galya, çok sayıda ayrı kabileden oluşmasına rağmen zengin ve farklı bir toplumdu. Çok sayıda altın madenine sahiptiler (Sezar'ın dikkatini çektiği kesin) ve bu zenginlik Sezar'ın müdahalesinin ardından altının fiyatının düşmesine neden oldu çünkü Galya'dan çok fazla altın yağmalandı. Galyalı zanaatkârlar altını zarif ve pratik eserler yaratmak için kullandılar. Miğferler altınla kaplanırdı. "Torc" olarak bilinen at nalı şeklindeki kolyeler, kadınlar tarafından uyumlu bileziklerle birlikte takılırdı.</Text>
    </Row>
    <Row Tag="LOC_PEDIA_CIVILIZATIONS_PAGE_CIVILIZATION_GAUL_CHAPTER_HISTORY_PARA_6">
      <Text>Galya siyasi ve sosyal örgütlenmesi karmaşıktı. Druidler en yüksek mevkideki vatandaşlar arasındaydı ve hem ruhani hem de siyasi liderler olarak hareket ediyorlardı. Yaygın inanışın ve Romalıların propagandasının aksine, insan kurban etmeleriyle bilinmiyorlardı. Bunun yerine, kabilelerinin irfan bekçileri ve şifacılarıydılar. Dini ve siyasi tavsiyelerde bulunurlar ve gerektiğinde halklarını mahkemelerde yargılarlardı. Romalılar (özellikle de İmparator I. Claudius), takipçileri üzerindeki etkileri nedeniyle onların uygulamalarını ve bilgilerini bastırmaya çalıştı. Bu durum, tek tanrılı Hıristiyanlık dininin ortaya çıkışıyla birlikte, Druidik "Kelt" dinini tamamen yok etti ve geriye tarihçilerin daha sonra çözmeye çalışacakları yamalı bir bohça kaldı.</Text>
    </Row>
    <Row Tag="LOC_PEDIA_CIVILIZATIONS_PAGE_CIVILIZATION_GAUL_CHAPTER_HISTORY_PARA_7">
      <Text>Druidler dışında Galyalılar da bir ihtiyarlar meclisi ve kralları tarafından yönetiliyordu ve bu da bazı durumlarda kabilelerin birlikte yönetilmesine yol açıyordu. Kabileler büyük ölçüde özerkti ve bu bölünmüşlük Sezar'ın işgalini kolaylaştırdı. Roma egemenliği altında, daha zengin Galyalılar Roma kültürel özelliklerini benimsedikçe sınıf ayrımları şiddetlendi ve katılaştı - Roma tarzında giyindiler ve Latince (sonunda Fransızcaya dönüşecek olan) ile birlikte kendi yerel Galya dillerinin bir karışımını konuştular. Evlerini ve köylerini Romalıları taklit edecek şekilde inşa etmeye başladılar.</Text>
    </Row>
    <Row Tag="LOC_PEDIA_CIVILIZATIONS_PAGE_CIVILIZATION_GAUL_CHAPTER_HISTORY_PARA_8">
      <Text>Galyalıların torunları - Keltler - bugün Büyük Britanya, Almanya, Balkanlar, Türkiye, İspanya ve tabii ki Fransa'da yaşamaktadır. Onların mirası başkalarının mirasıyla karışmıştır: Galyalılara ek olarak Fransa, Franklardan (bir Germen kabilesi), Roma İmparatorluğu'nun son dönemlerinde yerleşen istilacı Gotlardan, istilacı İskandinav gruplarından ve Romalıların kendilerinden oluşmuştur!</Text>
    </Row>
    <!-- leaders -->
    <Row Tag="LOC_PEDIA_LEADERS_PAGE_LEADER_AMBIORIX_TITLE">
      <Text>Ambiorix</Text>
    </Row>
    <Row Tag="LOC_PEDIA_LEADERS_PAGE_LEADER_AMBIORIX_QUOTE">
      <Text>Gel, düşman. Bir elçi gönder, çünkü ikimizin de yararına olacak bir şey söyleyeceğim.</Text>
    </Row>
    <Row Tag="LOC_PEDIA_LEADERS_PAGE_LEADER_AMBIORIX_CHAPTER_HISTORY_PARA_1">
      <Text>Ambiorix'in mirası Sezar'ın Galya Savaşları boyunca varlığını sürdürür. Erken yaşamı ve Sezar'ın gözetiminden ayrıldıktan sonra yaşananlar tarihin derinliklerinde kaybolmuş olsa da, ismi yaşamaya devam ediyor - ya da en azından unvanı, çünkü Ambiorix bir isim değil, "Her Yönden Kral" anlamına gelen bir lakap.</Text>
    </Row>
    <Row Tag="LOC_PEDIA_LEADERS_PAGE_LEADER_AMBIORIX_CHAPTER_HISTORY_PARA_2">
      <Text>Ambiorix, günümüz Belçika'sına dönüşecek olan Galya'daki Eburone kabilesinin ortak hükümdarıydı. Krallığını kabilenin yaşlı lideri Cativolcus ile paylaşıyordu. Cativolcus daha yaşlı (ve belki de daha bilge) olmasına rağmen, Galya'daki Roma işgalini idare etme konusunda Ambiorix'e boyun eğmiştir. Eburone'lerin Galyalı derebeylerinin Julius Caesear tarafından yenilgiye uğratılmasından sonra, Eburone'ler ve Romalılar kendilerini nispeten iyi şartlarda buldular - Roma müdahalesi daha büyük kabileleri zayıflattı ve Eburone'lere rehineleri geri verdi. Hatta Ambiorix, iade edilen rehinelerden bazılarının kendi aile üyeleri olması nedeniyle doğrudan fayda sağlamıştır.</Text>
    </Row>
    <Row Tag="LOC_PEDIA_LEADERS_PAGE_LEADER_AMBIORIX_CHAPTER_HISTORY_PARA_3">
      <Text>Ancak Romalılar Galya topraklarında hâlâ istilacı bir güçtü. Kış geldiğinde Ambiorix'in sabrı tükendi ve Romalılar, daha önceki kuraklık nedeniyle yiyecek kıtlığı olduğunu bilmelerine rağmen, kabilelerden Roma garnizonlarını beslemek için yiyeceklerinin bir kısmını teslim etmelerini istedi. Yakındaki bir kabilenin şefi olan Indutiomarus sonunda dost Romalıların bile çok fazla Romalı olduğuna karar verdi ve Ambiorix ile diğer Galyalıları Roma işgaline karşı ayaklanmaya çağırdı.</Text>
    </Row>
    <Row Tag="LOC_PEDIA_LEADERS_PAGE_LEADER_AMBIORIX_CHAPTER_HISTORY_PARA_4">
      <Text>İki kral Sabinus ve Cotta komutasındaki Roma garnizonuna saldırdı. Ancak Galyalılar müstahkem bir kampta savaşma konusunda yetenekli değillerdi. Ambiorix açık bir savaşın düşmanlarını burada yenemeyeceğini fark etti. Farklı bir taktik kullanması gerekecekti. Ambiorix kapılara gitti ve Romalı komutanlarla müzakere talebinde bulundu. Kusursuz bir yalancı olan Ambiorix, onlar geldiğinde büyük bir gösteri yaptı. Ambiorix çılgınca saldırmanın kendi fikri olmadığını iddia etti. Küçük bir kabilenin lideriydi ve boyun eğmesi için zorbalığa maruz kalmıştı - Romalılar bunu anlayabilirdi çünkü geçmişte halkından bazılarının o korkunç zorbalardan kurtulmasına yardım etmişlerdi. Kendi halkı da ona savaşması için baskı yapıyordu, peki bir kral ne yapmalıydı? Ambiorix komutanları yaklaşan saldırı konusunda uyarmaya devam etti. Almanlar geliyordu ve onların kuvvetleri Romalıların bu küçük garnizonda karşılaşabileceklerinden çok daha güçlü ve büyüktü. Ambiorix onlara garnizonu terk edip başka bir yerdeki müttefiklerine katılmalarını tavsiye etti ve yol boyunca topraklarından güvenli geçiş sözü verdi.</Text>
    </Row>
    <Row Tag="LOC_PEDIA_LEADERS_PAGE_LEADER_AMBIORIX_CHAPTER_HISTORY_PARA_5">
      <Text>Romalılar Ambiorix'in hikâyesine inandılar. Eburones kabilesi çok küçük olduğu için aldatma olasılığının düşük olduğunu düşündüler - neden bir fare bir aslana saldırsın ki? Ayrılmaya ve başka bir garnizona gitmeye hazırlandılar. Bu arada Ambiorix saldırısını hazırladı. Romalıların yürüyeceğini bildiği yol üzerindeki vadide bir tuzak kurdu. Romalılar şafak vakti kalelerinden çıktılar ve Ambiorix'in tahmin ettiği yolu izlediler, en yakın düşman ordusunun Ambiorix'in bahsettiği, hâlâ uzakta olan "Almanlar" olduğunu düşündükleri için savunmaları düşüktü. Yanılmışlardı.</Text>
    </Row>
    <Row Tag="LOC_PEDIA_LEADERS_PAGE_LEADER_AMBIORIX_CHAPTER_HISTORY_PARA_6">
      <Text>Ambiorix Roma kuvvetlerinin yarısının vadiden geçmesini bekledikten sonra saldırıya geçti. Romalıların üzerine yaylım ateşi açtı ve Sabinus ne olduğunu anladığında artık çok geçti. Ambiorix ile konuşmak istedi ve Ambiorix ona Galya kampına gelmesi halinde güvenli bir geçiş sözü verdi. Ama görünen o ki Sabinus dersini almamıştı. Ambiorix varır varmaz onu öldürdü. Pusudan kurtulanlardan bazıları kalelerine geri kaçtı, ancak kaleyi savunmak için gereken insan gücüne sahip olmadıklarından, katledilmek ya da düşman tarafından esir alınmak yerine intihar ettiler. Hayatta kalan diğer kişiler yakındaki bir garnizona kaçtı ve oradaki komutanı Ambiorix'in ihaneti konusunda uyardı. Yine de bu haber Romalıların geri kalanına, yani Romalı komutan Cicero'ya yayılmamış gibi görünüyordu.</Text>
    </Row>
    <Row Tag="LOC_PEDIA_LEADERS_PAGE_LEADER_AMBIORIX_CHAPTER_HISTORY_PARA_7">
      <Text>Ambiorix ve birlikleri Cicero'nun kampının dışındaki kuvvetleri öldürdü. Ancak Ambiorix bir kez daha surları aşmayı başaramadı. Kapılara saldırmaya devam etmek yerine, daha önce yaptığı gibi komutanı kandırmaya karar verdi. Ama bu sefer işe yaramadı. Cicero, düşmanın şartlarını kabul etmenin Roma'ya yakışmadığını söyledi ve zaman kazanmak için oyalanırken gizlice yardım gönderdi. Çok geçmeden Julius Caesar, Ambiorix'le yüzleşmek üzere yürüyüşe geçti.</Text>
    </Row>
    <Row Tag="LOC_PEDIA_LEADERS_PAGE_LEADER_AMBIORIX_CHAPTER_HISTORY_PARA_8">
      <Text>Bu kez tuzak kurma sırası Romalılara gelmişti. Ambiorix bir önceki zaferinden sonra hâlâ kendini oldukça iyi hissediyordu ve Sezar'ın "küçük" ordusunu görünce saldırmak için yeterince cesaretlendi. Sezar'ın adamları savaşmaya isteksiz görünüyordu ve inşa ettikleri kale de küçüktü. Ambiorix adamlarına saldırmalarını emretti, ancak şaşırdılar - "küçük" kale büyük bir süvari kuvvetini saklıyordu. Ambiorix'in ordusunun çoğu yok edildi ve kendisi yakalanmaktan kıl payı kurtuldu. Ambiorix, yanına sadece en güvendiği birkaç adamını alarak Alman sınırında kayboldu. Kendisinden bir daha haber alınamadı.</Text>
    </Row>
    <Row Tag="LOC_PEDIA_LEADERS_PAGE_LEADER_AMBIORIX_CHAPTER_HISTORY_PARA_9">
      <Text>Caesar ne yazık ki Ambiorix'i öldürme zevkinin elinden alınmasını pek hoş karşılamadı. Ayrıca isyana ya da hileye de tahammülü yoktu (tabii kendi isyanı olmadığı sürece). Eburone'leri askeri baskı ve Galyalıların yiyecek kaynaklarını keserek yok etti ve kabileyi, artık yalnız olan kralları Cativolcus'un kendini zehirleyerek terk edilmiş kabilenin son kalıntısını da ortadan kaldırdığı noktaya itti.</Text>
    </Row>
    <Row Tag="LOC_PEDIA_LEADERS_PAGE_LEADER_AMBIORIX_CHAPTER_CAPSULE_BODY">
      <Text>Ambiorix, stratejik mayın inşası ve eşsiz Oppidum bölgesi aracılığıyla düşmanlarını alt etmek için bir birim sürüsü oluşturur.</Text>
    </Row>
    <Row Tag="LOC_PEDIA_LEADERS_PAGE_LEADER_AMBIORIX_CHAPTER_DETAILED_BODY">
      <Text>Ambiorix yönetimindeki Galyalıların iki ana hedefi vardır: maden inşa etmek ve bu üretimi akıncı birlikleri eğitmek için kullanmak. Galya'nın benzersiz uygarlık özelliği, madenlere bitişiklik bonuslarının yanı sıra [ICON_CULTURE] Kültür ve [ICON_TOURISM] Turizm verir, bu da çok sayıda inşa etmenin şart olduğu anlamına gelir. Savaşta, Ambiorix'in benzersiz özelliği birbirine bitişik birimlere güç verir, yani ne kadar çok birim olursa ordu o kadar güçlü olur. Galya ordularını daha etkili kılmak için Gaesatae birimi kendisinden daha güçlü şehirlere veya birimlere saldırdığında bonus kazanır ve benzersiz bölge Oppidum erken açılır ve aynı zamanda yüksek bir bitişiklik bonusu taşır. Galya, Hakimiyet Zaferi arayanlar için çok güçlüdür, ancak aynı zamanda etkili bir Kültür odaklı medeniyet haline de getirilebilir.</Text>
    </Row>
    <Row Tag="LOC_PEDIA_LEADERS_PAGE_LEADER_BASIL_TITLE">
      <Text>Basil II</Text>
    </Row>
    <Row Tag="LOC_PEDIA_LEADERS_PAGE_LEADER_BASIL_QUOTE">
      <Text>Ben Basil, Bulgar Katili.</Text>
    </Row>
    <Row Tag="LOC_PEDIA_LEADERS_PAGE_LEADER_BASIL_CHAPTER_HISTORY_PARA_1">
      <Text>Basil'in erken dönem hayatı bir Shakespeare oyunu gibi geçmiştir. Basil MS 958 yılında İmparator Romanos II ve ikinci karısı Theophano'nun oğlu olarak dünyaya geldi. Romanos, her iki oğlunun da eşit muamele gördüğünden emin olmak için Basil ve kardeşi Konstantin VIII'i Bizans'ın ortak imparatorları olarak taçlandırdı. Kısa bir süre sonra Romanos beklenmedik bir şekilde öldü. Bazı tarihçiler zamansız ölümünden Theophano'yu ve biraz baldıran otunu sorumlu tutarlar, ancak o sırada genç oğulları anlaşılır bir şekilde henüz yönetmeye uygun olmadıkları için ona naiplik yetkisi verilmişti. Onun otoritesine, sarayın parakoimōmenos'u - unvanı kelimenin tam anlamıyla "imparatorun yanında uyuyan" anlamına gelen ve genellikle hadım olan bir baş bakan - Joseph Bringas tarafından (onu kızdıracak şekilde) itiraz edildi. Böylesine tehlikeli bir pozisyonda Bringas'ın ömrü uzun sürmedi; görevi altı aydan kısa bir süre sürdürdükten sonra kaçtı ve General Nikephoros Phokas terk edilen tacı ve Romanos'un dul eşini devraldı. Ancak rahatsız edici bir trend haline gelmeye başlayan bir şekilde, Theophano'nun ikinci evliliği de çabucak sona erdi ve yine dul kaldı. Bu kez Nikephoros'un kendi yeğeni, Theophano'nun yeni sevgilisi olduğu söylenen general John Tzimiskes saraya gizlice girerek Nikephoros'u öldürdü. Üçüncü bir evlilik için her şey hazır görünürken, kilise artık yeter dedi ve Theophano sürgüne gönderildi. Tzimiskes'in ölümü ve Basil'in MS 976'da tahta çıkmasının ardından Basil, Theophano'yu saraya geri getirdi.</Text>
    </Row>
    <Row Tag="LOC_PEDIA_LEADERS_PAGE_LEADER_BASIL_CHAPTER_HISTORY_PARA_2">
      <Text>Basil, kendinden öncekilerin standartlarına göre tuhaf sayılırdı. Hayattaki ince şeylere önem vermezdi. Şık cübbeler giymez ya da büyük partiler vermezdi. Tam olarak soğukkanlı değildi - öfkesi buna izin vermiyordu - ama çoğu İmparatorun arzuladığı lüks yaşam tarzından hoşlanmıyordu. Halkı ve aynı şekilde saray da onu pek sevmezdi. Pek eğlenceli biri değildi.</Text>
    </Row>
    <Row Tag="LOC_PEDIA_LEADERS_PAGE_LEADER_BASIL_CHAPTER_HISTORY_PARA_3">
      <Text>Basil, hükümdarlığının ilk dönemlerinde bir dizi general ve aristokratla savaştı. Eğer bu bir isyan değilse, bir darbeydi. Eğer bu değilse, kendi hanedanı içinden güce aç bir akrabasıydı. Basil bu isyanları bastırma konusunda hiç geri durmadı. Elinde kılıç, sahaya indi ve düşmanlarını kendi kılıcıyla biçti, bu düşmanlar kendisinden çok daha tecrübeli generaller olsa bile. İsyanlar hiç şüphesiz Basil'in yönetme felsefesini etkiledi ve imparatorluk hayatına acımasız bir bakış açısı kazandırdı. İttifaklar kurma konusunda temkinli olmasına rağmen, yardım için Bizans'ın sınırlarının ötesine ulaştı ve dışarıdan destek almak için Kiev Prensi Vladimir'in yardımını kabul etti. Prensin yardımı ve kuvvetleri karşılığında Basil, prense kız kardeşi Anna'yı evlendirdi. Annesinin evliliklerinin aksine, Anna'nınki hiç cinayet olmadan sürecekti. Kiev'inki Basil'in kabul ettiği birkaç ittifaktan biri olacaktı. Hiç evlenmedi ve kendisini daha fazla dikkat dağınıklığından korumak için ailesiyle arasına mesafe koydu.</Text>
    </Row>
    <Row Tag="LOC_PEDIA_LEADERS_PAGE_LEADER_BASIL_CHAPTER_HISTORY_PARA_4">
      <Text>Basil, başka hiçbir aristokratın kendisine meydan okuyacak kadar güçlü hissetmemesini sağlaması gerektiğini biliyordu. Bunu yapmak için, kendisine karşı isyan edenleri ibret olsun diye cezalandırdı. Ardından, yoksullar vergilerini ödemediğinde zenginleri vergilendiren yeni bir vergi planıyla aristokrasinin gücünü zayıflattı. Ayrıca, soyluların daimi ordularının boyutunu küçültmesi gerekiyordu (bir soylunun iktidarı kendisi için ele geçirme fikrine kapılması durumunda daha iyi olur). Normalde, askerlik hizmeti onun topraklarındaki ana haraç biçimiydi. Basil bunun yerine halkın nakit olarak ödeme yapmasına izin verdi. Zamanlarından daha fazla paraya sahip olan halk bu yeni teklifi hevesle kabul etti.</Text>
    </Row>
    <Row Tag="LOC_PEDIA_LEADERS_PAGE_LEADER_BASIL_CHAPTER_HISTORY_PARA_5">
      <Text>Basil, Bizans'ın yıllar içinde kaybettiği toprakları geri almanın yanı sıra, Bizans'ın kuzeyinde yer alan ve giderek güçlenen bir krallık olan Bulgaristan'dan da intikam almak istiyordu. Saltanatının başlarında Bulgar Samuel'e meydan okumuş ve ağır bir yenilgiye uğramıştı. Bulgaristan'ın devam eden akınları ve Bizans'a doğru genişlemesi Basil'in gururunu daha da yaraladı. Bulgaristan ve Bizans İmparatorluğu arasındaki çatışma yıllarca sürdü, iki ülke de savaşlardan herhangi birinin kalıcı bir etki yaratması için yeterince zemin kazanamadı. Yine de Basil her savaştan bir şeyler öğrendi ve nihayet 1014 yılında kesin bir zafer kazandı.  Basil, yakalanmaktan kıl payı kurtulan düşmanı Samuel'i yendi ve Samuel'in 15.000'den fazla adamını ele geçirdi. Basil'in yaratıcı zalimliği bu zaferden sonra devreye girdi. Samuel'in her 100 adamından 99'unu kör etti. Bu 100 kişiden sadece yarısı kör olan tek şanslı adam için, o adamın grubunun geri kalanını Bulgaristan'a geri götürmesine izin verdi. Basil bu savaşlar sayesinde "Bulgar Katili" lakabını kazanmıştır.</Text>
    </Row>
    <Row Tag="LOC_PEDIA_LEADERS_PAGE_LEADER_BASIL_CHAPTER_HISTORY_PARA_6">
      <Text>Basil, acımasızlığı ve kurnazlığı sayesinde yıllar içinde etkili bir general haline geldi. Ege ve Akdeniz'in kuzeyindeki bölgelerin büyük bir kısmını ele geçirerek İmparatorluğunu neredeyse iki katına çıkardı. Fetihleri İmparatorluğa gurur getirdi ve ona ordusunun ve halkının güvenini kazandırdı. Düşük vergiler sayesinde ve bazı durumlarda eyaletlerin yerel yönetim altında kalmasına izin vererek Bulgaristan da dahil olmak üzere yeni dahil edilen bölgeleri elinde tuttu.</Text>
    </Row>
    <Row Tag="LOC_PEDIA_LEADERS_PAGE_LEADER_BASIL_CHAPTER_HISTORY_PARA_7">
      <Text>Basil MS 1025 yılının Aralık ayında öldü. Tipik tarzıyla, Konstantinopolis'in dışında küçük bir mezara gömülmeyi talep etti. Ne yazık ki Basil'in imparatorluğu uzun ömürlü olmadı. Sonraki hükümdarlar Basil'in elli yıllık yönetimi sırasında kazandığı zenginlik ve topraklara sahip olamadılar.</Text>
    </Row>
    <Row Tag="LOC_PEDIA_LEADERS_PAGE_LEADER_BASIL_CHAPTER_CAPSULE_BODY">
      <Text>Bizans, Hakimiyet veya Dini bir zafer için dini ve askeri taktikleri birleştirir.</Text>
    </Row>
    <Row Tag="LOC_PEDIA_LEADERS_PAGE_LEADER_BASIL_CHAPTER_DETAILED_BODY">
      <Text>Bizanslıların ilk önceliği bir din kurmak ve onu yaymaktır, zira dini alandaki zaferler askeri gücün artmasını sağlar (ve tersi de geçerlidir). Benzersiz Taksi yetenekleri, dönüştürülen her Kutsal Şehir için onlara ek [ICON_Strength] Savaş ve [ICON_RELIGION] Dini Güç verir ve Bizans'ın kurduğu din, rakip birimleri yenerken yayılır. Ayrıca, rakibinizin şehirlerini kendi dininize dönüştürmeyi başarırsanız, Basil'in benzersiz yeteneği Yakın Dövüş saldırılarının onlara karşı tam hasar vermesini sağlar. Bunlara ek olarak, Tagma benzersiz birimi, kendisine komşu olan herhangi bir dini veya askeri birime ek güç verir. Bu orduları besleyen, Bizans'ın eşsiz bölgesi Hipodrom'dan bonus Ağır Süvariler (örneğin Tagma) ve birimlere karşı daha fazla hasar ve daha fazla menzil sağlayan erken dönem bir deniz birimi olan Dromon'dur. Din ve ordu arasındaki bu sinerji ile Bizans, Dini ya da Hakimiyet Zaferi kazanmaya hazırdır.</Text>
    </Row>
    <!-- buildings and districts -->
    <Row Tag="LOC_PEDIA_DISTRICTS_PAGE_DISTRICT_HIPPODROME_CHAPTER_HISTORY_PARA_1">
      <Text>Bizanslılar, kendilerinden önceki Romalılar gibi, savaş arabası yarışlarını çok severlerdi. Hipodromda (Yunanca "at yolu"), dört atlı savaş arabalarından oluşan takımlar U şeklindeki pistin etrafında dönerlerdi - Roma'nın kanlı gladyatör çukurlarına göre küçük bir gelişme. Takımlar arasındaki rekabet o kadar yoğundu ki, günümüzün futbol rekabetlerini bile gölgede bırakıyordu. 532 yılında rakip taraftarlar arasında çıkan "Nika ayaklanmaları" Konstantinopolis şehrinin yarısını yakıp yıkmış ve imparator Justinianus'u neredeyse öldürüyordu. Hipodrom, kent sakinlerinin mutluluğu (ve bazen de mutsuzluğu) için hayati bir öneme sahipti ve vatandaşların İmparatorlarını görebilecekleri ve onunla birlikte (ya da ona karşı) tezahürat yapabilecekleri bir alandı.</Text>
    </Row>
    <Row Tag="LOC_PEDIA_DISTRICTS_PAGE_DISTRICT_OPPIDUM_CHAPTER_HISTORY_PARA_1">
      <Text>Oppidum Latince'de basitçe "yerleşim" anlamına gelir, ancak pratikte Roma'nın eyaletlerinde - özellikle Galya'da - küçük bir kasabanın duvarlarla çevrili kentsel yerleşimini ifade eder ve bu nedenle Alplerin kuzeyinde Avrupa'daki ilk gerçek şehirleri işaret eder. Klasik bir oppidum, şehir ve kalenin bir kombinasyonuydu. Önceleri vatandaşlar koruyucu duvarların dışında yaşarken, silahlı askerler ya da soylular bir tepe kalesine sahipti: yüksek, müstahkem bir mevki. Bir oppidum sayesinde ekonomik ve üretken faaliyetler, düşmanlar yakındayken bile görece güvenli bir şekilde gerçekleşebiliyordu. Surlar da şehir sakinleri ile kırsal kesimde yaşayanlar arasında bir ayrım yaratıyor ve bu "şehirler" bizim -hatta Roma- standartlarına göre oldukça küçük olsalar bile, birincilerin ikinciler üzerinde küçük de olsa bir üstünlük duygusu hissetmelerini sağlıyordu.</Text>
    </Row>
    <Row Tag="LOC_PEDIA_WONDERS_PAGE_BUILDING_BIOSPHERE_CHAPTER_HISTORY_PARA_1">
      <Text>Apollo 11 astronotları 1969 yılında Ay'dan Dünya'nın fotoğrafını çektiklerinde, küçük mavi bir noktanın görüntüsü dünyanın küçük ve paylaşılan bir yer olduğu fikrini ortaya çıkardı. Dünya'nın suyu, atmosferi ve ekolojisi her insanın paylaştığı bir miras - ve sorumluluktu. İki yıl önce, Kanada'nın Montréal kentinde düzenlenen Expo 1967 dünya fuarında ABD pavyonu, benzer şekilde bu eşsiz ve kırılgan durumu yakalamaya ve sembolize etmeye çalışan devasa bir küre şeklinde inşa edilmişti. Mimar Buckminster Fuller tarafından inşa edilen Biosphère, bu şehrin siluetine hakimdir. Dünya'ya ve onun tüm kırılganlığına, güzelliğine ve havasına, suyuna, biyolojik çeşitliliğine ve iklimine yönelik tehditlere adanmış bir müzedir. Yapının ilham kaynağı olan "biyosfer" terimi, jeolog Eduard Suess tarafından bu yaşam kavramına ve onun birbirine bağlılığına atıfta bulunmak için icat edilmiştir. Günümüzde bilim insanları Suess'in fikirlerinden yola çıkarak, insan faaliyetlerinin biyosferin işleyişini derinden değiştirdiği, gezegen üzerindeki etkimizin kaçınılmaz olduğu jeolojik zamanın bu anına "Antroposen" adını vermişlerdir. Belki de monitörünüzün hemen yanında duran o kahveyi yeniden kullanılabilir bir fincandan içmeyi düşünmelisiniz.</Text>
    </Row>
    <Row Tag="LOC_PEDIA_WONDERS_PAGE_BUILDING_STATUE_OF_ZEUS_CHAPTER_HISTORY_PARA_1">
      <Text>Parthenon'un inşasını denetleyen usta heykeltıraş Phidias, içindeki Athena heykelini görmüş ve "Evet, ama daha büyük olsun" demişti. Zeus hiç şüphesiz bu ifadeden memnun kalacak ve anıtının sonucundan daha da mutlu olacaktı. Son heykel Zeus'u bir tahtta oturur vaziyette gösteriyordu ve devasa boyu 40 fitti (ayağa kalksa kafasını tapınağın çatısına çarpabilirdi). Altın ve fildişi, tanrıyı tüm ihtişamıyla yaratmak için ahşap bir çekirdek üzerine kalıplanmıştı. Gümüş, abanoz ve mücevherler gibi diğer değerli malzemeler ince detaylar oluşturmak için kazınmıştır. Tanrının başının üstünde zeytin dallarından bir çelenk ve sağ elinde tanrıça Nike vardı. Asasının üzerinde bir kartal tünemişti. Heykelin (ve Zeus'un) tüm gücüne rağmen, heykel sonunda ya yangın ya da doğal afet nedeniyle yerinden söküldü ve yok oldu.</Text>
    </Row>
    <!-- units -->
    <Row Tag="LOC_PEDIA_UNITS_PAGE_UNIT_BYZANTINE_DROMON_CHAPTER_HISTORY_PARA_1">
      <Text>Bizans donanması Akdeniz'deki en gelişmiş gemilerden bazılarına sahipti. Daha önceleri pruvasında koçbaşı olan bir trireme'ye dayanan dromon, geminin ön tarafında askerlerin düşman gemilerine geçmesi (ya da alternatif olarak düşmanın küreklerini ezmesi) için bir köprü görevi gören bir çıkıntı olan bir "gagaya" (calcar) sahipti. Üçgen yelken ve bir ya da birden fazla kürekle birlikte dromon hızlı, manevra kabiliyeti yüksek ve ölümcüldü.</Text>
    </Row>
    <Row Tag="LOC_PEDIA_UNITS_PAGE_UNIT_BYZANTINE_DROMON_CHAPTER_HISTORY_PARA_2">
      <Text>Ancak dromonun en korkutucu özelliği ateşiydi. Yağ ve sönmemiş kireçten oluşan bir karışım olan "Yunan ateşi" su üzerinde yüzerken bile yanan bir karışımdı. Bazı dromonların pruvasında Yunan ateşi projektörleri vardı: esasen gemiye monte edilmiş bir ortaçağ alev makinesi. Bu silah Arapların Konstantinopolis kuşatmalarını püskürtmek ve İmparator Romanus döneminde Rusların (şimdiki Rusya'dan gelen Viking akıncıları) istilasını püskürtmek için çok etkili bir şekilde kullanılmıştı. Çağdaş bir anlatıma göre, Ruslar alev toplarını gördüklerinde, "ateşle yakılmaktansa dalgalarla boğulmayı tercih ederek kendilerini gemilerinden denize attılar... O gün kıyıya kaçmayı başaramayan hiç kimse kurtulamadı."</Text>
    </Row>
    <Row Tag="LOC_PEDIA_UNITS_PAGE_UNIT_GAUL_GAESATAE_CHAPTER_HISTORY_PARA_1">
      <Text>Gaesatae'ler Alplerden gelen Kelt savaşçılarıydı. Roma Cumhuriyeti'nin ilk günlerinde Roma kuzeye doğru genişliyor, eskiden Galya'ya ait olan toprakları alıp daha fakir Romalı ailelere veriyordu. Bu genişlemeden endişe duyan Cisalpine Galya'dan - İtalya'nın kuzey kısmı - bir grup kabile bir araya geldi ve kendilerini savunmaları için Gaesatae'yi kiraladı. Mızrak ve ciritlerle donanmış olan Gaesatae'ler (Yunan tarihçi Polybius'a göre) silahlarından başka hiçbir şeyleri olmadan çıplak bir şekilde savaşmışlardır. Polybius, Galya ordusunun "korkunç bir gürültü çıkardığını, çünkü sayısız boru üfleyici ve borazancı olduğunu ve tüm ordu aynı anda savaş çığlıklarını atarken, öyle bir ses kargaşası olduğunu yazar ki, sadece borazanlar ve askerler değil, etraftaki tüm ülke sesini duyurmuş ve çığlığı yakalamış gibi görünüyordu. Öndeki çıplak savaşçıların görünüşleri ve hareketleri de çok ürkütücüydü, hepsi de hayatlarının baharında ve ince yapılı adamlardı." Galyalıların tuhaf kıyafetleri (ya da kıyafetsizlikleri) savaşta kendilerine olan güvenlerinden kaynaklanıyor olabilir ya da sadece çalılıklara yakalanmamak için alınmış pratik bir önlem de olabilir. Neden çıplak savaştıklarına bakılmaksızın, Galyalılar ilk birkaç savaşı kazandılar, ancak daha iyi hazırlanmış bir Roma savaşı kazandı. Belki de zırh her şeye rağmen iyi bir fikirdi.</Text>
    </Row>
    <Row Tag="LOC_PEDIA_UNITS_PAGE_UNIT_BYZANTINE_TAGMA_CHAPTER_HISTORY_PARA_1">
      <Text>Tagma - çoğulu: tagmata - Roma imparatorluk muhafızlarının Bizanslı torunlarıydı. Başlangıçta tagmata'lar İmparatora kişisel olarak yakın olabilecekleri ve belki de onun dikkatini çekebilecekleri pozisyonlar arayan soylu genç erkeklerdi. Ancak zamanla imparatorluk muhafızları bir savaş gücünden çok sosyal bir alan haline geldi ve 8. yüzyılda İmparator V. Konstantin onları mobil, hızlı tepki veren bir güç olarak yeniden organize etmeye çalıştı: tagma. Tagma birimleri sürekli olarak güncellendi ve geliştirildi ve daha sonraki imparatorlar ağır süvari gücüne yeni icatlar getirdi. Muhafızlar o kadar başarılı oldu ki, Basil II döneminde tagma sistemi sadece Konstantinopolis'teki şövalyeleri değil, taşra birimlerini ve yabancıları da kapsayacak şekilde genişledi. Bunlara, Bizans İmparatoru'nun doğrudan istihdam ettiği Viking paralı askerleri olan korkulan Varangian Muhafızları da dahil oldu.</Text>
    </Row>
  </EnglishText>
</GameData>