﻿<?xml version="1.0" encoding="utf-8"?>
<GameData>
  <EnglishText>
    <!-- Yongle-->
    <Row Tag="LOC_PROJECT_LIJIA_FAITH_NAME">
      <Text>Lijia (İnanç)</Text>
    </Row>
    <Row Tag="LOC_PROJECT_LIJIA_FAITH_SHORT_NAME">
      <Text>Lijia (İnanç)</Text>
    </Row>
    <Row Tag="LOC_PROJECT_LIJIA_FAITH_DESCRIPTION">
      <Text>Her turda bu şehrin üretiminin %50'sine eşit [ICON_Faith] İnanç sağlayan proje.</Text>
    </Row>
    <Row Tag="LOC_PROJECT_LIJIA_FOOD_NAME">
      <Text>Lijia (Gıda)</Text>
    </Row>
    <Row Tag="LOC_PROJECT_LIJIA_FOOD_SHORT_NAME">
      <Text>Lijia (Gıda)</Text>
    </Row>
    <Row Tag="LOC_PROJECT_LIJIA_FOOD_DESCRIPTION">
      <Text>Her turda bu şehrin üretiminin %50'sine eşit [ICON_Food] Gıda sağlayan proje.</Text>
    </Row>
    <Row Tag="LOC_PROJECT_LIJIA_GOLD_NAME">
      <Text>Lijia (Altın)</Text>
    </Row>
    <Row Tag="LOC_PROJECT_LIJIA_GOLD_SHORT_NAME">
      <Text>Lijia (Altın)</Text>
    </Row>
    <Row Tag="LOC_PROJECT_LIJIA_GOLD_DESCRIPTION">
      <Text>Her turda bu şehrin üretiminin %100'üne eşit [ICON_Gold] Altın sağlayan proje.</Text>
    </Row>
    <Row Tag="LOC_AGENDA_YINDING_NAME">
      <Text>Yinding</Text>
    </Row>
    <Row Tag="LOC_AGENDA_YINDING_DESCRIPTION">
      <Text>Tur başına pozitif geliri olan uygarlıkları sever, tur başına negatif geliri olan uygarlıkları sevmez.</Text>
    </Row>
    <Row Tag="LOC_DIPLO_MODIFIER_DESCRIPTION_POSITIVE_INCOME">
      <Text>Pozitif gelirinizden memnunlar</Text>
    </Row>
    <Row Tag="LOC_DIPLO_MODIFIER_DESCRIPTION_NEGATIVE_INCOME">
      <Text>Negatif gelirinizden dolayı üzgün</Text>
    </Row>
    <!-- Diplo VO -->
    <Row Tag="LOC_DIPLO_FIRST_MEET_LEADER_YONGLE_ANY">
      <Text>Ben Yongle İmparatoruyum, ticaret gemilerini bana doğru yönlendirenlerin dostu, bana karşı çıkanların ise korkulu rüyasıyım.</Text>
    </Row>
    <Row Tag="LOC_DIPLO_DECLARE_WAR_FROM_HUMAN_LEADER_YONGLE_ANY">
      <Text>Cennetin kendisini fethetmeye de çalışabilirsin. Oklarının ne kadar yükseğe uçtuğunu görelim.</Text>
    </Row>
    <Row Tag="LOC_DIPLO_DECLARE_WAR_FROM_AI_LEADER_YONGLE_ANY">
      <Text>Silah yoluyla fetih hiçbir zaman amacım olmadı, ancak artık başka bir alternatifin olmadığı bir noktaya geldik.</Text>
    </Row>
    <Row Tag="LOC_DIPLO_KUDO_EXIT_LEADER_YONGLE_ANY">
      <Text>Sadece sunacak bir şeyleri olanlarla anlaşma yaparız. Mesela senin gibi.</Text>
    </Row>
    <Row Tag="LOC_DIPLO_WARNING_EXIT_LEADER_YONGLE_ANY">
      <Text>Öküz sürücüsünden krala kadar zenginliği aramalıyız.</Text>
    </Row>
    <Row Tag="LOC_DIPLO_DEFEAT_FROM_AI_LEADER_YONGLE_ANY">
      <Text>Önümdeki yol karanlık, etrafımdaki çamlar da simsiyah. Yukarıda gökyüzünü, aşağıda da yeryüzünü göremiyorum.</Text>
    </Row>
    <!-- Diplo Text -->
    <Row Tag="LOC_DIPLO_ACCEPT_DECLARE_FRIEND_FROM_HUMAN_LEADER_YONGLE_ANY">
      <Text>Bizim örneğimizden ders almanız dileğiyle.</Text>
    </Row>
    <Row Tag="LOC_DIPLO_REJECT_DECLARE_FRIEND_FROM_HUMAN_LEADER_YONGLE_ANY">
      <Text>Bir arkadaş eşittir. Sen değilsin.</Text>
    </Row>
    <Row Tag="LOC_DIPLO_DECLARE_FRIEND_FROM_AI_LEADER_YONGLE_ANY">
      <Text>Benzer düşünen insanlardan oluşan bir koalisyon kuruyoruz. Katılmak ister misiniz?</Text>
    </Row>
    <Row Tag="LOC_DIPLO_ACCEPT_DECLARE_FRIEND_FROM_AI_LEADER_YONGLE_ANY">
      <Text>Her ikisi de yararlansın</Text>
    </Row>
    <Row Tag="LOC_DIPLO_REJECT_DECLARE_FRIEND_FROM_AI_LEADER_YONGLE_ANY">
      <Text>Böyle bir şeyi kabul edemeyiz.</Text>
    </Row>
    <Row Tag="LOC_DIPLO_ACCEPT_DELEGATION_FROM_HUMAN_LEADER_YONGLE_ANY">
      <Text>Halkınızı iyi yönetişim, nezaket ve incelik konularında eğitmek için elimizden geleni yaptık. Başarılı olduğumuzdan emin değilim.</Text>
    </Row>
    <Row Tag="LOC_DIPLO_REJECT_DELEGATION_FROM_HUMAN_LEADER_YONGLE_ANY">
      <Text>Bunlardan bazılarına zaten sahibiz.</Text>
    </Row>
    <Row Tag="LOC_DIPLO_DELEGATION_FROM_AI_LEADER_YONGLE_ANY">
      <Text>İpek ve porselen, çay ve kumaş - Çin imparatorluğunun can damarı.</Text>
    </Row>
    <Row Tag="LOC_DIPLO_DENOUNCE_FROM_HUMAN_LEADER_YONGLE_ANY">
      <Text>Köpek havlamaları.</Text>
    </Row>
    <Row Tag="LOC_DIPLO_DENOUNCE_FROM_AI_LEADER_YONGLE_ANY">
      <Text>Size kötülükten kaçınmanızı defalarca söyledim. Yakında söylemekten yorulacağım.</Text>
    </Row>
    <Row Tag="LOC_DIPLO_FIRST_MEET_VISIT_RECIPIENT_LEADER_YONGLE_ANY">
      <Text>Gelin ve Yüce Uyum Salonunu görün ve düşüncelerinizin durulmasına izin verin.</Text>
    </Row>
    <Row Tag="LOC_DIPLO_FIRST_MEET_NEAR_INITIATOR_POSITIVE_LEADER_YONGLE_ANY">
      <Text>Cennet bunun için var.</Text>
    </Row>
    <Row Tag="LOC_DIPLO_FIRST_MEET_NO_MANS_INFO_EXCHANGE_LEADER_YONGLE_ANY">
      <Text>Biz dünyanın bilgisini arıyoruz. Dünyanın merkezine doğru çekiliyorsunuz.</Text>
    </Row>
    <Row Tag="LOC_DIPLO_GREETING_LEADER_YONGLE_ANY">
      <Text>Çağrıldım - ne oldu?</Text>
    </Row>
    <Row Tag="LOC_DIPLO_MAKE_ALLIANCE_FROM_AI_LEADER_YONGLE_ANY">
      <Text>Ming ile bir olmak, Çin ile bir olmak - bundan daha büyük ne olabilir?</Text>
    </Row>
    <Row Tag="LOC_DIPLO_MAKE_PEACE_AI_ACCEPT_DEAL_LEADER_YONGLE_ANY">
      <Text>Yeryüzünde barış olduğunda, göklerde de barış olacaktır.</Text>
    </Row>
    <Row Tag="LOC_DIPLO_MAKE_PEACE_AI_REFUSE_DEAL_LEADER_YONGLE_ANY">
      <Text>Her şeyin merkezinin iradesine direnmeye devam ediyorsunuz.</Text>
    </Row>
    <Row Tag="LOC_DIPLO_MAKE_PEACE_FROM_AI_LEADER_YONGLE_ANY">
      <Text>Savaş sadece dul bırakır. Elbette daha kârlı meşgaleler vardır.</Text>
    </Row>
    <Row Tag="LOC_DIPLO_ACCEPT_OPEN_BORDERS_FROM_HUMAN_LEADER_YONGLE_ANY">
      <Text>Dünya açık, bırakın dolaşalım.</Text>
    </Row>
    <Row Tag="LOC_DIPLO_REJECT_OPEN_BORDERS_FROM_HUMAN_LEADER_YONGLE_ANY">
      <Text>Girmek için iznimize ihtiyacınız var ve biz izin vermiyoruz.</Text>
    </Row>
    <Row Tag="LOC_DIPLO_OPEN_BORDERS_FROM_AI_LEADER_YONGLE_ANY">
      <Text>Topraklarınıza erişmek isteyen ticaret filolarımız ve tüccar kervanlarımız var.</Text>
    </Row>
    <Row Tag="LOC_DIPLO_WARNING_TOO_MANY_TROOPS_NEAR_ME_LEADER_YONGLE_ANY">
      <Text>Sınırlarımızdaki barbar ordularıyla nasıl başa çıkacağımızı iyi biliyoruz.</Text>
    </Row>
    <Row Tag="LOC_DIPLO_REJECT_MAKE_DEAL_FROM_AI_LEADER_YONGLE_ANY">
      <Text>Bunu dinlemek için tahtımdan mı kalktım?</Text>
    </Row>
    <Row Tag="LOC_DIPLO_ACCEPT_MAKE_DEAL_FROM_AI_LEADER_YONGLE_ANY">
      <Text>Herkes hemfikir olduğunda ticaret o kadar da zor değildir.</Text>
    </Row>
    <Row Tag="LOC_DIPLO_KUDO_LEADER_ANY_REASON_AGENDA_POSITIVE_INCOME">
      <Text>(Tur başına pozitif geliriniz var.)</Text>
    </Row>
    <Row Tag="LOC_DIPLO_WARNING_LEADER_ANY_REASON_AGENDA_NEGATIVE_INCOME">
      <Text>(Tur başına negatif geliriniz var.)</Text>
    </Row>
    <!--Wu Zetian-->
    <Row Tag="LOC_CITY_NAME_SHEN_DU">
      <Text>Shendu</Text>
    </Row>
    <Row Tag="LOC_AGENDA_COURT_INTRIGUE_NAME">
      <Text>Saray Entrikası</Text>
    </Row>
    <Row Tag="LOC_AGENDA_COURT_INTRIGUE_DESCRIPTION">
      <Text>Tehdit oluşturmayan uygarlıkları sever. Güçlü orduları veya yakın şehirleri olan uygarlıklardan hoşlanmaz.</Text>
    </Row>
    <!-- Diplo VO -->
    <Row Tag="LOC_DIPLO_FIRST_MEET_LEADER_WU_ZETIAN_ANY">
      <Text>Ben Wu Zetian, Çin'in en korkulan ve sevilen İmparatoriçesiyim. Çin'deki tek İmparatoriçe.</Text>
    </Row>
    <Row Tag="LOC_DIPLO_DECLARE_WAR_FROM_HUMAN_LEADER_WU_ZETIAN_ANY">
      <Text>Etrafta kılıç sallayan ve bağıran bir grup adam geliyor. Yoksa bu karmaşaya "sanat" mı demem gerekiyor?</Text>
    </Row>
    <Row Tag="LOC_DIPLO_DECLARE_WAR_FROM_AI_LEADER_WU_ZETIAN_ANY">
      <Text>Canım, gitme zamanın geldi.</Text>
    </Row>
    <Row Tag="LOC_DIPLO_KUDO_EXIT_LEADER_WU_ZETIAN_ANY">
      <Text>Benim için çok rahatlatıcı oldun. Hadımlarım kadar sadıksın.</Text>
    </Row>
    <Row Tag="LOC_DIPLO_WARNING_EXIT_LEADER_WU_ZETIAN_ANY">
      <Text>Buraya komplo kurmak için mi geldiğimi sanıyorsunuz? Komplo kuran benim!</Text>
    </Row>
    <Row Tag="LOC_DIPLO_DEFEAT_FROM_AI_LEADER_WU_ZETIAN_ANY">
      <Text>Lütfen... Eminim bir şeyler ayarlayabiliriz. Bu son olmak zorunda değil... değil mi?</Text>
    </Row>
    <!-- Diplo Text -->
    <Row Tag="LOC_DIPLO_ACCEPT_DECLARE_FRIEND_FROM_HUMAN_LEADER_WU_ZETIAN_ANY">
      <Text>Harika. Sana kendi çocuğummuşsun gibi davranacağım.</Text>
    </Row>
    <Row Tag="LOC_DIPLO_REJECT_DECLARE_FRIEND_FROM_HUMAN_LEADER_WU_ZETIAN_ANY">
      <Text>Korkarım bir sürü hayranım var.</Text>
    </Row>
    <Row Tag="LOC_DIPLO_DECLARE_FRIEND_FROM_AI_LEADER_WU_ZETIAN_ANY">
      <Text>Seni daha iyi tanımak isterim.</Text>
    </Row>
    <Row Tag="LOC_DIPLO_ACCEPT_DECLARE_FRIEND_FROM_AI_LEADER_WU_ZETIAN_ANY">
      <Text>Arkadaşlar, hırsımızın merdivenlerini tırmanma şeklimizdir.</Text>
    </Row>
    <Row Tag="LOC_DIPLO_REJECT_DECLARE_FRIEND_FROM_AI_LEADER_WU_ZETIAN_ANY">
      <Text>Seninle iş birliği yapmak bana bir şey kazandırmaz.</Text>
    </Row>
    <Row Tag="LOC_DIPLO_ACCEPT_DELEGATION_FROM_HUMAN_LEADER_WU_ZETIAN_ANY">
      <Text>Neredeyse tüm delegasyonunuz bozulmadan geri döndü!</Text>
    </Row>
    <Row Tag="LOC_DIPLO_REJECT_DELEGATION_FROM_HUMAN_LEADER_WU_ZETIAN_ANY">
      <Text>Bu Han Hanedanlığı döneminde ilginç olabilirdi. Korkarım artık güncelliğini yitirdi.</Text>
    </Row>
    <Row Tag="LOC_DIPLO_DELEGATION_FROM_AI_LEADER_WU_ZETIAN_ANY">
      <Text>Size yeşim taşından oyulmuş atlar, Çin'in tüm bölgelerinden dansçılar ve her zaman olduğu gibi dokuma tezgâhlarımızın ürettiği en iyi ipeklileri gönderiyorum.</Text>
    </Row>
    <Row Tag="LOC_DIPLO_DENOUNCE_FROM_HUMAN_LEADER_WU_ZETIAN_ANY">
      <Text>Sözleriniz keskin. Diğer şeyler daha keskin.</Text>
    </Row>
    <Row Tag="LOC_DIPLO_DENOUNCE_FROM_AI_LEADER_WU_ZETIAN_ANY">
      <Text>Uzun bir düşman listem var. Sen de o listedesin. (Seni İhbar Ediyor)</Text>
    </Row>
    <Row Tag="LOC_DIPLO_FIRST_MEET_VISIT_RECIPIENT_LEADER_WU_ZETIAN_ANY">
      <Text>Başkentimizin tarih katmanları var, sanat tozun toprağın içine yerleşmiş. Görmek ister misiniz?</Text>
    </Row>
    <Row Tag="LOC_DIPLO_FIRST_MEET_NEAR_INITIATOR_POSITIVE_LEADER_WU_ZETIAN_ANY">
      <Text>Tabii ki.</Text>
    </Row>
    <Row Tag="LOC_DIPLO_FIRST_MEET_NO_MANS_INFO_EXCHANGE_LEADER_WU_ZETIAN_ANY">
      <Text>Tüm yollar buraya, Zhou İmparatorluğu'na çıkıyor.</Text>
    </Row>
    <Row Tag="LOC_DIPLO_GREETING_LEADER_WU_ZETIAN_ANY">
      <Text>Lütfen oturun. Biraz çay alın. Hayır, o fincandan değil. Bunu sadece sizin için yaptım.</Text>
    </Row>
    <Row Tag="LOC_DIPLO_MAKE_ALLIANCE_FROM_AI_LEADER_WU_ZETIAN_ANY">
      <Text>Arkadaşlarınızı yakın tutun ve --- yani. Arkadaşlarımızı yakın tutalım.</Text>
    </Row>
    <Row Tag="LOC_DIPLO_MAKE_PEACE_AI_ACCEPT_DEAL_LEADER_WU_ZETIAN_ANY">
      <Text>Bağırış çağırış olmadan ölüm çok daha keyifli.</Text>
    </Row>
    <Row Tag="LOC_DIPLO_MAKE_PEACE_AI_REFUSE_DEAL_LEADER_WU_ZETIAN_ANY">
      <Text>Dünya sahnesindeki yükselişimi durduracak mısın? Sanmıyorum.</Text>
    </Row>
    <Row Tag="LOC_DIPLO_MAKE_PEACE_FROM_AI_LEADER_WU_ZETIAN_ANY">
      <Text>Bu savaş ilham vermeyi bıraktı.</Text>
    </Row>
    <Row Tag="LOC_DIPLO_ACCEPT_OPEN_BORDERS_FROM_HUMAN_LEADER_WU_ZETIAN_ANY">
      <Text>Saklayacak bir şeyimiz yok.</Text>
    </Row>
    <Row Tag="LOC_DIPLO_REJECT_OPEN_BORDERS_FROM_HUMAN_LEADER_WU_ZETIAN_ANY">
      <Text>Hayır. Yasak olanın gizemli bir yönü vardır, değil mi?</Text>
    </Row>
    <Row Tag="LOC_DIPLO_OPEN_BORDERS_FROM_AI_LEADER_WU_ZETIAN_ANY">
      <Text>Birbirimizi daha iyi tanıyabilmemiz için ikimizin de topraklarının genişliğini ölçelim.</Text>
    </Row>
    <Row Tag="LOC_DIPLO_WARNING_TOO_MANY_TROOPS_NEAR_ME_LEADER_WU_ZETIAN_ANY">
      <Text>Buradaki varlığın hiç hoş değil.</Text>
    </Row>
    <Row Tag="LOC_DIPLO_REJECT_MAKE_DEAL_FROM_AI_LEADER_WU_ZETIAN_ANY">
      <Text>Verebileceğin daha çok şey var.</Text>
    </Row>
    <Row Tag="LOC_DIPLO_ACCEPT_MAKE_DEAL_FROM_AI_LEADER_WU_ZETIAN_ANY">
      <Text>İyi bir anlaşma gördüğümde anlarım.</Text>
    </Row>
    <!-- Qin Alt-->
    <Row Tag="LOC_AGENDA_SIHAI_NAME">
      <Text>Sihai</Text>
    </Row>
    <Row Tag="LOC_AGENDA_SIHAI_DESCRIPTION">
      <Text>Tüm Barbarların kendi tarafını tutmasını ister. Barbar Karakollarını yok eden uygarlıkları sevmez.</Text>
    </Row>
    <Row Tag="LOC_ABILITY_QIN_MELEE_UNITS_DESCRIPTION">
      <Text>Bu birim, bitişik Barbarları kendi tarafınıza çevirmek için bir eylem kullanabilir, ancak bu birimi kaldırır. (Qin (Birleştirici))</Text>
    </Row>
    <Row Tag="LOC_DIPLO_MODIFIER_DESCRIPTION_SIHAI_ATTACKS_BARBARIANS">
      <Text>Barbar Karakollarını temizlediğiniz için hayal kırıklığına uğradı</Text>
    </Row>
    <Row Tag="LOC_DIPLO_MODIFIER_DESCRIPTION_SIHAI_IGNORES_BARBARIANS">
      <Text>Barbar Karakollarını temizlemediğinizi görmekten memnunlar</Text>
    </Row>
    <Row Tag="LOC_DIPLO_ACCEPT_DECLARE_FRIEND_FROM_HUMAN_LEADER_QIN_ALT_ANY">
      <Text>{LOC_DIPLO_ACCEPT_DECLARE_FRIEND_FROM_HUMAN_LEADER_QIN_ANY}</Text>
    </Row>
    <Row Tag="LOC_DIPLO_REJECT_DECLARE_FRIEND_FROM_HUMAN_LEADER_QIN_ALT_ANY">
      <Text>{LOC_DIPLO_REJECT_DECLARE_FRIEND_FROM_HUMAN_LEADER_QIN_ANY}</Text>
    </Row>
    <Row Tag="LOC_DIPLO_DECLARE_FRIEND_FROM_AI_LEADER_QIN_ALT_ANY">
      <Text>{LOC_DIPLO_DECLARE_FRIEND_FROM_AI_LEADER_QIN_ANY}</Text>
    </Row>
    <Row Tag="LOC_DIPLO_ACCEPT_DECLARE_FRIEND_FROM_AI_LEADER_QIN_ALT_ANY">
      <Text>{LOC_DIPLO_ACCEPT_DECLARE_FRIEND_FROM_AI_LEADER_QIN_ANY}</Text>
    </Row>
    <Row Tag="LOC_DIPLO_REJECT_DECLARE_FRIEND_FROM_AI_LEADER_QIN_ALT_ANY">
      <Text>{LOC_DIPLO_REJECT_DECLARE_FRIEND_FROM_AI_LEADER_QIN_ANY}</Text>
    </Row>
    <Row Tag="LOC_DIPLO_DECLARE_WAR_FROM_HUMAN_LEADER_QIN_ALT_ANY">
      <Text>{LOC_DIPLO_DECLARE_WAR_FROM_HUMAN_LEADER_QIN_ANY}</Text>
    </Row>
    <Row Tag="LOC_DIPLO_DECLARE_WAR_FROM_AI_LEADER_QIN_ALT_ANY">
      <Text>{LOC_DIPLO_DECLARE_WAR_FROM_AI_LEADER_QIN_ANY}</Text>
    </Row>
    <Row Tag="LOC_DIPLO_DEFEAT_FROM_AI_LEADER_QIN_ALT_ANY">
      <Text>{LOC_DIPLO_DEFEAT_FROM_AI_LEADER_QIN_ANY}</Text>
    </Row>
    <Row Tag="LOC_DIPLO_ACCEPT_DELEGATION_FROM_HUMAN_LEADER_QIN_ALT_ANY">
      <Text>{LOC_DIPLO_ACCEPT_DELEGATION_FROM_HUMAN_LEADER_QIN_ANY}</Text>
    </Row>
    <Row Tag="LOC_DIPLO_REJECT_DELEGATION_FROM_HUMAN_LEADER_QIN_ALT_ANY">
      <Text>{LOC_DIPLO_REJECT_DELEGATION_FROM_HUMAN_LEADER_QIN_ANY}</Text>
    </Row>
    <Row Tag="LOC_DIPLO_DELEGATION_FROM_AI_LEADER_QIN_ALT_ANY">
      <Text>{LOC_DIPLO_DELEGATION_FROM_AI_LEADER_QIN_ANY}</Text>
    </Row>
    <Row Tag="LOC_DIPLO_DENOUNCE_FROM_HUMAN_LEADER_QIN_ALT_ANY">
      <Text>{LOC_DIPLO_DENOUNCE_FROM_HUMAN_LEADER_QIN_ANY}</Text>
    </Row>
    <Row Tag="LOC_DIPLO_DENOUNCE_FROM_AI_LEADER_QIN_ALT_ANY">
      <Text>{LOC_DIPLO_DENOUNCE_FROM_AI_LEADER_QIN_ANY}</Text>
    </Row>
    <Row Tag="LOC_DIPLO_FIRST_MEET_LEADER_QIN_ALT_ANY">
      <Text>{LOC_DIPLO_FIRST_MEET_LEADER_QIN_ANY}</Text>
    </Row>
    <Row Tag="LOC_DIPLO_FIRST_MEET_VISIT_RECIPIENT_LEADER_QIN_ALT_ANY">
      <Text>{LOC_DIPLO_FIRST_MEET_VISIT_RECIPIENT_LEADER_QIN_ANY}</Text>
    </Row>
    <Row Tag="LOC_DIPLO_FIRST_MEET_NEAR_INITIATOR_POSITIVE_LEADER_QIN_ALT_ANY">
      <Text>{LOC_DIPLO_FIRST_MEET_NEAR_INITIATOR_POSITIVE_LEADER_QIN_ANY}</Text>
    </Row>
    <Row Tag="LOC_DIPLO_FIRST_MEET_NO_MANS_INFO_EXCHANGE_LEADER_QIN_ALT_ANY">
      <Text>{LOC_DIPLO_FIRST_MEET_NO_MANS_INFO_EXCHANGE_LEADER_QIN_ANY}</Text>
    </Row>
    <Row Tag="LOC_DIPLO_GREETING_LEADER_QIN_ALT_ANY">
      <Text>{LOC_DIPLO_GREETING_LEADER_QIN_ANY}</Text>
    </Row>
    <Row Tag="LOC_DIPLO_KUDO_EXIT_LEADER_QIN_ALT_ANY">
      <Text>Tıpkı meyve vermeden önce toprağı işlediğimiz gibi, bize katılabilsinler diye daha küçük halkları da işliyoruz.</Text>
    </Row>
    <Row Tag="LOC_DIPLO_WARNING_EXIT_LEADER_QIN_ALT_ANY">
      <Text>Tüm olduğun bu mu, vahşi halkın katili mi?</Text>
    </Row>
    <Row Tag="LOC_DIPLO_MAKE_ALLIANCE_FROM_AI_LEADER_QIN_ALT_ANY">
      <Text>{LOC_DIPLO_MAKE_ALLIANCE_FROM_AI_LEADER_QIN_ANY}</Text>
    </Row>
    <Row Tag="LOC_DIPLO_MAKE_PEACE_AI_ACCEPT_DEAL_LEADER_QIN_ALT_ANY">
      <Text>{LOC_DIPLO_MAKE_PEACE_AI_ACCEPT_DEAL_LEADER_QIN_ANY}</Text>
    </Row>
    <Row Tag="LOC_DIPLO_MAKE_PEACE_AI_REFUSE_DEAL_LEADER_QIN_ALT_ANY">
      <Text>{LOC_DIPLO_MAKE_PEACE_AI_REFUSE_DEAL_LEADER_QIN_ANY}</Text>
    </Row>
    <Row Tag="LOC_DIPLO_MAKE_PEACE_FROM_AI_LEADER_QIN_ALT_ANY">
      <Text>{LOC_DIPLO_MAKE_PEACE_FROM_AI_LEADER_QIN_ANY}</Text>
    </Row>
    <Row Tag="LOC_DIPLO_ACCEPT_OPEN_BORDERS_FROM_HUMAN_LEADER_QIN_ALT_ANY">
      <Text>{LOC_DIPLO_ACCEPT_OPEN_BORDERS_FROM_HUMAN_LEADER_QIN_ANY}</Text>
    </Row>
    <Row Tag="LOC_DIPLO_REJECT_OPEN_BORDERS_FROM_HUMAN_LEADER_QIN_ALT_ANY">
      <Text>{LOC_DIPLO_REJECT_OPEN_BORDERS_FROM_HUMAN_LEADER_QIN_ANY}</Text>
    </Row>
    <Row Tag="LOC_DIPLO_OPEN_BORDERS_FROM_AI_LEADER_QIN_ALT_ANY">
      <Text>{LOC_DIPLO_OPEN_BORDERS_FROM_AI_LEADER_QIN_ANY}</Text>
    </Row>
    <Row Tag="LOC_DIPLO_WARNING_TOO_MANY_TROOPS_NEAR_ME_LEADER_QIN_ALT_ANY">
      <Text>{LOC_DIPLO_WARNING_TOO_MANY_TROOPS_NEAR_ME_LEADER_QIN_ANY}</Text>
    </Row>
    <Row Tag="LOC_DIPLO_ACCEPT_MAKE_DEAL_FROM_AI_LEADER_QIN_ALT_ANY">
      <Text>{LOC_DIPLO_ACCEPT_DECLARE_FRIEND_FROM_AI_LEADER_QIN_ANY}</Text>
    </Row>
    <Row Tag="LOC_DIPLO_REJECT_MAKE_DEAL_FROM_AI_LEADER_QIN_ALT_ANY">
      <Text>{LOC_DIPLO_REJECT_DECLARE_FRIEND_FROM_AI_LEADER_QIN_ANY}</Text>
    </Row>
    <Row Tag="LOC_DIPLO_WARNING_LEADER_ANY_REASON_AGENDA_ATTACKS_BARBARIANS">
      <Text>(Bir Barbar Kampına saldırdınız.)</Text>
    </Row>
    <Row Tag="LOC_DIPLO_KUDOS_LEADER_ANY_REASON_AGENDA_IGNORES_BARBARIANS">
      <Text>(Barbar Kamplarını temizlemeyi göz ardı ettiniz.)</Text>
    </Row>
  </EnglishText>
</GameData>