﻿<?xml version="1.0" encoding="utf-8"?>
<GameData>
  <EnglishText>
    <!-- Tree Randomizer -->
    <Row Tag="LOC_GAMEMODE_TREE_RANDOMIZER_NAME">
      <Text>Teknik ve Sivil Karıştırma Modu</Text>
    </Row>
    <Row Tag="LOC_GAMEMODE_TREE_RANDOMIZER_DESCRIPTION">
      <Text>Bu oyun modu, teknolojileri ve yurttaşlıkları kendi tarihsel dönemleri içinde karıştırarak normalden farklı maliyetlere ve ön koşullara yol açar. Ortaya çıkan ağaçlar tüm oyuncular için aynıdır. Teknolojiler ve yurttaşlıklar da bir ön koşul kazanılana kadar gizlenir ve oyunun sonuna kadar keşfin gizemini korur.</Text>
    </Row>
  </EnglishText>
</GameData>