﻿<?xml version="1.0" encoding="utf-8"?>
<GameData>
  <EnglishText>
    <Row Tag="LOC_TREE_RANDOMIZER_MOD_TITLE">
      <Text>Teknik ve Sivil Karışık Oyun Modu</Text>
    </Row>
    <Row Tag="LOC_TREE_RANDOMIZER_MOD_TEASER">
      <Text>Rastgele Teknoloji ve Sivil Ağaçlar içeren bir oyun modu</Text>
    </Row>
    <Row Tag="LOC_TREE_RANDOMIZER_MOD_DESCRIPTION">
      <Text>Rastgele Teknoloji ve Sivil Ağaçları ile Teknoloji ve Sivil Karıştırma oyun modunu içerir.</Text>
    </Row>
  </EnglishText>
</GameData>