﻿<?xml version="1.0" encoding="utf-8"?>
<GameData>
  <EnglishText>
    <!-- Babylon: Building Info -->
    <Row Tag="LOC_BUILDING_PALGUM_NAME">
      <Text>Palgum</Text>
    </Row>
    <Row Tag="LOC_BUILDING_PALGUM_DESCRIPTION">
      <Text>Babil'e özgü bir bina. +1 [ICON_HOUSING] Barınma ve +2 [ICON_PRODUCTION] Üretim. Tatlı su karoları +1 [ICON_FOOD] Yiyecek alır. Şehir bir Nehre bitişik olmalıdır.</Text>
    </Row>
    <!-- Babylon: Civ Info -->
    <Row Tag="LOC_CIVILIZATION_BABYLON_STK_NAME">
      <Text>Babil</Text>
    </Row>
    <Row Tag="LOC_CIVILIZATION_BABYLON_STK_DESCRIPTION">
      <Text>Babil İmparatorluğu</Text>
    </Row>
    <Row Tag="LOC_CIVILIZATION_BABYLON_STK_ADJECTIVE">
      <Text>Babil</Text>
    </Row>
    <Row Tag="LOC_TRAIT_CIVILIZATION_BABYLON_NAME">
      <Text>Enuma Anu Enlil</Text>
    </Row>
    <Row Tag="LOC_TRAIT_CIVILIZATION_BABYLON_DESCRIPTION">
      <Text>[ICON_TechBoosted] Eurekalar teknolojiler için tüm [ICON_SCIENCE] Bilimi sağlar. Tur başına -%50 [ICON_SCIENCE] Bilim.</Text>
    </Row>
    <!-- Babylon: Leader Info -->
    <Row Tag="LOC_LEADER_HAMMURABI_NAME">
      <Text>Hammurabi</Text>
    </Row>
    <Row Tag="LOC_TRAIT_LEADER_HAMMURABI_NAME">
      <Text>Ninu Ilu Sirum</Text>
    </Row>
    <Row Tag="LOC_TRAIT_LEADER_HAMMURABI_DESCRIPTION">
      <Text>Her bir uzmanlık bölgesi ilk kez inşa edildiğinde, o bölgede şu anda inşa edilebilecek en düşük [ICON_PRODUCTION] Üretim maliyetli binayı alın. Başka herhangi bir bölge ilk kez inşa edildiğinde bir [ICON_ENVOY] Elçi alın.</Text>
    </Row>
    <Row Tag="LOC_TRAIT_LEADER_HAMMURABI_XP1_DESCRIPTION">
      <Text>Hükümet Meydanı dışındaki her özel bölge türü ilk kez inşa edildiğinde, o bölgede o anda inşa edilebilecek en düşük [ICON_PRODUCTION] Üretim maliyetli binayı alın. Başka herhangi bir bölge ilk kez inşa edildiğinde bir [ICON_ENVOY] Elçi alın.</Text>
    </Row>
    <!-- Babylon: Unit Info -->
    <Row Tag="LOC_UNIT_BABYLONIAN_SABUM_KIBITTUM_NAME">
      <Text>Sabum Kibittum</Text>
    </Row>
    <Row Tag="LOC_UNIT_BABYLONIAN_SABUM_KIBITTUM_DESCRIPTION">
      <Text>Babil'e özgü Antik çağ yakın muharebe birimi. Ağır ve Hafif Süvari terfi sınıfı birimlerine karşı +17 [ICON_Strength] Savaş Gücü. Bu birimin 3 [ICON_Movement] Hareket ve görüş gücü vardır.</Text>
    </Row>
    <Row Tag="LOC_ABILITY_SABUM_KIBITTUM_ANTI_CAVALRY_NAME">
      <Text>Sabum Kibittum</Text>
    </Row>
    <Row Tag="LOC_ABILITY_SABUM_KIBITTUM_ANTI_CAVALRY_DESCRIPTION">
      <Text>Ağır ve Hafif Süvari terfi sınıfı birimlerine karşı +17 [ICON_Strength] Savaş Gücü.</Text>
    </Row>
    <Row Tag="LOC_ABUM_KIBITTUM_ANTI_CAVALRY_MODIFIER_DESCRIPTION">
      <Text>+{1_Amount} Ağır ve Hafif Süvari terfi sınıfı birimlerine karşı Savaş Gücü</Text>
    </Row>
    <!-- Heroes & Legends Mode -->
    <Row Tag="LOC_GAMEMODE_HEROES_NAME">
      <Text>Kahramanlar ve Efsaneler Modu</Text>
    </Row>
    <Row Tag="LOC_GAMEMODE_HEROES_DESCRIPTION">
      <Text>Bu oyun modu, dünyanın mit ve efsanelerinden on iki güçlü Kahraman birimi ekler.[NEWLINE][NEWLINE]Dünyayı keşfederek ve Şehir Devletlerini etkileyerek Kahramanları keşfedin, ardından onları Şehirlerinizde sahiplenin. Her Kahraman dünyada benzersizdir ve sadece bir uygarlık tarafından sahiplenilebilir.[NEWLINE][NEWLINE]Kahramanlar büyük güce ve benzersiz yeteneklere sahiptir, ancak aynı zamanda sınırlı bir yaşam süreleri vardır. Bir Kahraman ortaya çıktığında, süreleri dolmadan ve doğal olarak sona ermeden önce belirli sayıda tur boyunca kalırlar. Ancak bir Kahraman öldükten sonra, onu talep eden uygarlık İnanç harcayarak onu geri çağırabilir.[NEWLINE][NEWLINE]On iki Kahramanın her birinin kendi özel güçleri ve farklı rolleri vardır. Akıllı bir oyuncunun elinde, doğru Kahraman gerçekten oyunu değiştiren bir güç olabilir!</Text>
    </Row>
    <!--Heroes & Legends Descriptions-->
    <Row Tag="LOC_TRAIT_LEADER_GILGAMESH_HEROES_NAME">
      <Text>Enkidu'nun Mirası</Text>
    </Row>
    <Row Tag="LOC_TRAIT_LEADER_GILGAMESH_HEROES_DESCRIPTION">
      <Text>Kahramanları talep ederken %25 [ICON_Production] Üretim artışı ve Kahramanların %20 daha uzun [ICON_Lifespan] Yaşam Süreleri vardır.</Text>
    </Row>
    <Row Tag="LOC_TRAIT_CIVILIZATION_NKISI_HEROES_DESCRIPTION">
      <Text>Normal [ICON_Culture] Kültüre ek olarak her [ICON_GreatWork_Relic] Yadigar, [ICON_GreatWork_HeroRelic] Kahramanlık Yadigarı, [ICON_GreatWork_Artifact] Eser ve Heykel [ICON_GreatWork_Sculpture] Büyük Sanat Eserinden +2 [ICON_Food] Gıda, +2 [ICON_Production] Üretim, +1 [ICON_FAITH] İnanç ve +4 [ICON_Gold] Altın. 50 daha fazla [ICON_GreatArtist] Büyük Sanatçı, [ICON_GreatMusician] Büyük Müzisyen ve [ICON_GreatMerchant] Büyük Tüccar puanı kazanın. Sarayda 5 Büyük Eser için yer vardır.</Text>
    </Row>
    <Row Tag="LOC_TRAIT_LEADER_LITHUANIAN_UNION_HEROES_DESCRIPTION">
      <Text>Polonya tarafından kurulan Din, Polonya Kültür Bombası nedeniyle bir karo kaybeden komşu bir şehirde çoğunluk haline gelir. Kutsal Mekanlar komşu bölgelerden standart İnanç bitişiklik bonusu kazanır. [ICON_GreatWork_Relic] Kutsal Emanetler ve [ICON_GreatWork_HeroRelic] Kahramanlık Emanetleri +2 [ICON_Faith] İnanç, +2 [ICON_Culture] Kültür, +4 [ICON_Gold] Altın sağlar.</Text>
    </Row>
    <Row Tag="LOC_BELIEF_RELIQUARIES_HEROES_DESCRIPTION">
      <Text>[ICON_GreatWork_Relic] Kutsal Emanetler ve [ICON_GreatWork_HeroRelic] Kahramanlık Emanetleri hem [ICON_Faith] İnanç hem de [ICON_Tourism] Turizm açısından üçlü verime sahiptir.</Text>
    </Row>
    <Row Tag="LOC_BUILDING_PRASAT_HEROES_DESCRIPTION">
      <Text>Khmer'e özgü bir bina. Tapınağın yerini alır. [ICON_Faith] İnanca sahip Havariler ve Engizisyoncular satın almak için gereklidir. Bu şehirde satın alınan Misyonerler, bu Misyoner Teolojik Savaşta ölürse bir [ICON_GreatWork_Relic] Kalıntı veren Şehit yeteneği kazanır. Bu şehirde Kahramanları geri çağırmak %15 daha az [ICON_Faith] İnanca mal olur.</Text>
    </Row>
    <Row Tag="LOC_BUILDING_PRASAT_HEROES_XP1_DESCRIPTION">
      <Text>+6 [ICON_FAITH] İnanç. Khmer'e özgü bir bina. Tapınağın yerini alır. [ICON_Faith] İnanca sahip Havariler ve Engizisyoncular satın almak için gereklidir. Bu şehirdeki her [ICON_CITIZEN] nüfus için +0,5 [ICON_Culture] Kültür. Uçuş araştırıldıktan sonra, şehir [ICON_CITIZEN] nüfusu 10 veya daha fazlaysa +10 [ICON_Tourism] Turizm ve şehir [ICON_CITIZEN] nüfusu 20 veya daha fazlaysa +20 [ICON_Tourism] Turizm elde edilir. Bu şehirde Kahramanları geri çağırmak %15 daha az [ICON_Faith] İnanca mal olur.</Text>
    </Row>
    <Row Tag="LOC_BUILDING_PRASAT_HEROES_XP2_DESCRIPTION">
      <Text>+6 [ICON_FAITH] İnanç. Khmer'e özgü bir bina. Tapınağın yerini alır. [ICON_Faith] İnanca sahip Havariler ve Engizisyoncular satın almak için gereklidir. Bu şehirdeki her [ICON_CITIZEN] nüfus için +0,5 [ICON_Culture] Kültür. Uçuş araştırıldıktan sonra, şehir [ICON_CITIZEN] nüfusu 10 veya daha fazlaysa +10 [ICON_Tourism] Turizm ve şehir [ICON_CITIZEN] nüfusu 20 veya daha fazlaysa +20 [ICON_Tourism] Turizm elde edilir. Bu şehirde Kahramanları geri çağırmak %15 daha az [ICON_Faith] İnanca mal olur.</Text>
    </Row>
    <Row Tag="LOC_BUILDING_STAVE_CHURCH_HEROES_DESCRIPTION">
      <Text>Norveç'e özgü bir bina. Havarileri ve Engizisyoncuları [ICON_Faith] İnanç ile satın almak için gereklidir. Kutsal Alan bölgeleri, Ormanlardan ek bir standart bitişiklik bonusu alır. Bu şehirdeki her kıyı kaynak karesine +1 [ICON_PRODUCTION] Üretim. Bu şehirdeki Kahramanları geri çağırmak %15 daha az [ICON_Faith] İnanca mal olur.</Text>
    </Row>
  </EnglishText>
</GameData>