﻿<?xml version="1.0" encoding="utf-8"?>
<GameData>
  <LocalizedText>
    <!-- REPLACEMENTS -->
    <Delete Tag="LOC_GREAT_PEOPLE_TITLE" />
    <Delete Tag="LOC_HUD_GREATPEOPLE_TOOLTIP" />
    <Delete Tag="LOC_BUILDING_ORACLE_DESCRIPTION" />
    <Delete Tag="LOC_BUILDING_SHRINE_DESCRIPTION" />
    <Delete Tag="LOC_BUILDING_HANGING_GARDENS_DESCRIPTION" />
    <Delete Tag="LOC_BUILDING_TEMPLE_DESCRIPTION" />
  </LocalizedText>
  <EnglishText>
    <!-- REPLACEMENTS -->
    <Row Tag="LOC_GREAT_PEOPLE_TITLE">
      <Text>BÜYÜK İNSANLAR</Text>
    </Row>
    <Row Tag="LOC_HUD_GREATPEOPLE_TOOLTIP">
      <Text>Büyük İnsanlar[NEWLINE][NEWLINE]Mevcut [ICON_GreatPerson] Büyük İnsanları ve [ICON_GreatPerson] Büyük İnsan kazanma yolundaki ilerlemenizi görüntüleyin.</Text>
    </Row>
    <Row Tag="LOC_BUILDING_ORACLE_DESCRIPTION">
      <Text>Büyük İnsanların hamiliği %25 daha az [ICON_Faith] İnanç gerektirir. Bu şehirdeki semtler kendi türlerinde +2 [ICON_GreatPerson] Büyük Kişi puanı sağlar (örneğin, Tiyatro Meydanı semtinden [ICON_GreatWriter] Büyük Yazar puanı). Tepeler üzerine inşa edilmelidir.</Text>
    </Row>
    <Row Tag="LOC_BUILDING_SHRINE_DESCRIPTION">
      <Text>Misyonerlerin satın alınmasına izin verir. Misyonerler sadece [ICON_Faith] İnanç ile satın alınabilir.</Text>
    </Row>
    <Row Tag="LOC_BUILDING_HANGING_GARDENS_DESCRIPTION">
      <Text>Tüm şehirlerde büyümeyi %15 artırır. Bir nehrin yanına inşa edilmelidir.</Text>
    </Row>
    <Row Tag="LOC_BUILDING_TEMPLE_DESCRIPTION">
      <Text>Havariler, Gurular, Engizisyoncular ve uygun inançla Savaşçı Keşişlerin satın alınmasına izin verir. Bu birimler yalnızca [ICON_Faith] İnanç ile satın alınabilir.</Text>
    </Row>
    <!--Hero Units-->
    <Row Tag="LOC_UNIT_HERO_ANANSI_NAME">
      <Text>Anansi</Text>
    </Row>
    <Row Tag="LOC_UNIT_HERO_ANANSI_DESCRIPTION">
      <Text>Afrika folklorunun yarı tanrısı ve gezgini, zekâsı ve hileleriyle ünlüdür.</Text>
    </Row>
    <Row Tag="LOC_UNIT_HERO_ARTHUR_NAME">
      <Text>Arthur</Text>
    </Row>
    <Row Tag="LOC_UNIT_HERO_ARTHUR_DESCRIPTION">
      <Text>Erdemi ve şövalyeliği ile tanınan Yuvarlak Masa Şövalyeleri'nin kralı ve kurucusu.</Text>
    </Row>
    <Row Tag="LOC_UNIT_HERO_BEOWULF_NAME">
      <Text>Beowulf</Text>
    </Row>
    <Row Tag="LOC_UNIT_HERO_BEOWULF_DESCRIPTION">
      <Text>Uzak Kuzey'in kudretli savaşçısı, teke tek dövüşteki gücü ve cesaretiyle ünlüdür.</Text>
    </Row>
    <Row Tag="LOC_UNIT_HERO_HERCULES_NAME">
      <Text>Herkül</Text>
    </Row>
    <Row Tag="LOC_UNIT_HERO_HERCULES_DESCRIPTION">
      <Text>İnsanüstü güce sahip yarı tanrı, ünlü İşleriyle ünlü.</Text>
    </Row>
    <Row Tag="LOC_UNIT_HERO_HIMIKO_NAME">
      <Text>Himiko</Text>
    </Row>
    <Row Tag="LOC_UNIT_HERO_HIMIKO_DESCRIPTION">
      <Text>Antik Japonya'nın bilgeliği ve mistik gücüyle tanınan Şaman-Kraliçe'si.</Text>
    </Row>
    <Row Tag="LOC_UNIT_HERO_HIPPOLYTA_NAME">
      <Text>Hippolyta</Text>
    </Row>
    <Row Tag="LOC_UNIT_HERO_HIPPOLYTA_DESCRIPTION">
      <Text>Amazonların savaşçı kraliçesi, liderliği ve dövüş yetenekleriyle ünlüdür.</Text>
    </Row>
    <Row Tag="LOC_UNIT_HERO_HUNAHPU_NAME">
      <Plurality>2</Plurality>
      <Text>2Hunahpu &amp; Xbalanque</Text>
    </Row>
    <Row Tag="LOC_UNIT_HERO_HUNAHPU_DESCRIPTION">
      <Text>Mayaların efsanevi atletleri ve kahramanları, ölüm ve Yeraltı Dünyası üzerindeki güçleriyle tanınırlar.</Text>
    </Row>
    <Row Tag="LOC_UNIT_HERO_OYA_NAME">
      <Text>Oya</Text>
    </Row>
    <Row Tag="LOC_UNIT_HERO_OYA_DESCRIPTION">
      <Text>Rüzgarların, fırtınaların ve şimşeklerin orişası, aşırı gücüyle ünlüdür.</Text>
    </Row>
    <Row Tag="LOC_UNIT_HERO_MAUI_NAME">
      <Text>Maui</Text>
    </Row>
    <Row Tag="LOC_UNIT_HERO_MAUI_DESCRIPTION">
      <Text>Polinezya efsanesinin yarı tanrısı ve kahramanı, başarıları ve insanlığa armağanlarıyla ünlüdür.</Text>
    </Row>
    <Row Tag="LOC_UNIT_HERO_MULAN_NAME">
      <Text>Mulan</Text>
    </Row>
    <Row Tag="LOC_UNIT_HERO_MULAN_DESCRIPTION">
      <Text>Adanmış ve yetenekli savaşçı, bağlılığı ve sadakati ile ünlüdür.</Text>
    </Row>
    <Row Tag="LOC_UNIT_HERO_SINBAD_NAME">
      <Text>Sinbad</Text>
    </Row>
    <Row Tag="LOC_UNIT_HERO_SINBAD_DESCRIPTION">
      <Text>[COLOR_LIGHTBLUE]Deniz Kahramanı. [ENDCOLOR] Garip ve muhteşem seyahatleriyle ünlü maceracı ve talih avcısı.</Text>
    </Row>
    <Row Tag="LOC_UNIT_HERO_WUKONG_NAME">
      <Text>Sun Wukong</Text>
    </Row>
    <Row Tag="LOC_UNIT_HERO_WUKONG_DESCRIPTION">
      <Text>Maymun Kral, antik Çin'in kurnazlığı ve ölümsüzlüğüyle ünlü kahramanı.</Text>
    </Row>
    <!--Other Units-->
    <Row Tag="LOC_UNIT_QUESTING_KNIGHT_NAME">
      <Text>Arayış Şövalyesi</Text>
    </Row>
    <Row Tag="LOC_UNIT_QUESTING_KNIGHT_DESCRIPTION">
      <Text>Ağır Süvari. Arthur'un seçtiği şövalyelerden biri ve onun hücumuyla güçlendi.</Text>
    </Row>
    <!--Abilities and Classes-->
    <Row Tag="LOC_HERO_CLASS_NAME">
      <Text>Kahraman</Text>
    </Row>
    <Row Tag="LOC_HERO_ABILITY_COMBAT_STRENGTH_AOE_NAME">
      <Text>İlham verici</Text>
    </Row>
    <Row Tag="LOC_HERO_ABILITY_COMBAT_STRENGTH_AOE">
      <Text>2 karo içindeki tüm birimlere +5 [ICON_Strength] Savaş Gücü.</Text>
    </Row>
    <Row Tag="LOC_HERO_COMBAT_STRENGTH_UNIT_MODIFIER">
      <Text>+{1_Amount} [ICON_Strength] Yakındaki bir İlham Veren Kahramandan Savaş Bonusu.</Text>
    </Row>
    <Row Tag="LOC_ABILITY_HIPPOLYTA_HEAL_PER_TURN_NAME">
      <Text>Hippolyta'nın İyiliği</Text>
    </Row>
    <Row Tag="LOC_MODIFIER_HIPPOLYTA_HEAL_PER_TURN">
      <Text>Hippolyta otomatik olarak iyileştirir {1_Amount} Her turda HP.</Text>
    </Row>
    <Row Tag="LOC_ABILITY_HUNAHPU_RESURRECT_KILL_NAME">
      <Text>İkizlerin Dirilişi</Text>
    </Row>
    <Row Tag="LOC_MODIFIER_HUNAHPU_RESURRECT_KILL">
      <Text>Hunahpu &amp; Xbalanque tarafından öldürülen herhangi bir sıradan kara birimi, tam HP ve hareket ile kontrolünüz altında yeniden dirilir.</Text>
    </Row>
    <Row Tag="LOC_ABILITY_MULAN_STRENGTH_PER_TURN_NAME">
      <Text>Mulan'ın Bağlılığı</Text>
    </Row>
    <Row Tag="LOC_MODIFIER_MULAN_STRENGTH_PER_TURN">
      <Text>Mulan her tur {1_Amount} [ICON_Strength] Savaş Gücü kazanır.</Text>
    </Row>
    <Row Tag="LOC_ABILITY_MULAN_FORTIFY_NAME">
      <Text>Mulan'ın Meydan Okuması</Text>
    </Row>
    <Row Tag="LOC_MODIFIER_MULAN_FORTIFY">
      <Text>Mulan her turun sonunda otomatik olarak tamamen güçlenir.</Text>
    </Row>
    <Row Tag="LOC_ABILITY_WUKONG_STEALTH_NAME">
      <Text>Sun Wukong'un Kılık Değiştirmesi</Text>
    </Row>
    <Row Tag="LOC_MODIFIER_WUKONG_STEALTH">
      <Text>Sun Wukong, bir düşman birimine bitişik olmadığı sürece gizlidir.</Text>
    </Row>
    <Row Tag="LOC_ABILITY_WUKONG_LIFESPAN_NAME">
      <Text>Sun Wukong'un Ölümsüzlüğü</Text>
    </Row>
    <Row Tag="LOC_ABILITY_WUKONG_LIFESPAN">
      <Text>Sun Wukong'un Yaşam Süresi önemli ölçüde artmıştır [ICON_Lifespan].</Text>
    </Row>
    <Row Tag="LOC_ABILITY_SINBAD_GOLD_FOR_DISCOVERY_NAME">
      <Text>Sinbad'ın Yolculukları</Text>
    </Row>
    <Row Tag="LOC_MODIFIER_SINBAD_GOLD_FOR_DISCOVERY">
      <Text>Sinbad bir Kıta veya Doğa Harikası keşfettiğinde {1_GoldReward} [ICON_GOLD] Altın kazanır.</Text>
    </Row>
    <Row Tag="LOC_ABILITY_SINBAD_OCEAN_VALID_TERRAIN_NAME">
      <Text>Navigatör</Text>
    </Row>
    <Row Tag="LOC_ABILITY_SINBAD_OCEAN_VALID_TERRAIN">
      <Text>Okyanus karolarına girebilir.</Text>
    </Row>
    <Row Tag="LOC_MODIFIER_TRAIT_SUMERIA_HEROES_LIFESPAN">
      <Text>Tüm Kahraman birimlerinin {1_Amount} daha uzun [ICON_Lifespan] Yaşam Süreleri vardır.</Text>
    </Row>
    <Row Tag="LOC_MODIFIER_TRAIT_SUMERIA_HEROES_FASTER_CLAIM">
      <Text>{1_Amount}% [ICON_Production] Kahramanlık Görevlerinden elde edilen üretim artışı</Text>
    </Row>
    <Row Tag="LOC_ABILITY_HERO_IGNORE_FOREST_TERRAIN_COST_NAME">
      <Text>Çevik</Text>
    </Row>
    <Row Tag="LOC_ABILITY_HERO_IGNORE_FOREST_TERRAIN_COST">
      <Text>Orman ve Yağmur Ormanı arazilerinde Hareket cezalarını [ICON_Movement] yok sayar.</Text>
    </Row>
    <Row Tag="LOC_ABILITY_HERO_IGNORE_HILLS_TERRAIN_COST_NAME">
      <Text>Sağlam</Text>
    </Row>
    <Row Tag="LOC_ABILITY_HERO_IGNORE_HILLS_TERRAIN_COST">
      <Text>Tepe arazisinde hareket cezalarını [ICON_Movement] yok sayar.</Text>
    </Row>
    <Row Tag="LOC_ABILITY_HERO_IGNORE_ALL_TERRAIN_COST_NAME">
      <Text>Swift</Text>
    </Row>
    <Row Tag="LOC_ABILITY_HERO_IGNORE_ALL_TERRAIN_COST">
      <Text>Tüm arazi [ICON_Movement] Hareket cezalarını yok sayar.</Text>
    </Row>
    <Row Tag="LOC_ABILITY_HERO_ENTER_FOREIGN_LANDS_NAME">
      <Text>Diplomatik</Text>
    </Row>
    <Row Tag="LOC_ABILITY_HERO_ENTER_FOREIGN_LANDS_MODIFIER">
      <Text>Savaşta değilken yabancı topraklara girebilir.</Text>
    </Row>
    <!--Building Modifier strings-->
    <Row Tag="LOC_MODIFIER_ORACLE_RECALL_FAITH_COST_DISCOUNT">
      <Text>{1_Amount} [ICON_Faith] Kahramanları geri çağırmak için inanç.</Text>
    </Row>
    <!--Unit Commands-->
    <Row Tag="LOC_UNITCOMMAND_KILL_WEAKER_UNIT_DESCRIPTION">
      <Text>Beowulf'un Mücadelesi</Text>
    </Row>
    <Row Tag="LOC_UNITCOMMAND_KILL_WEAKER_UNIT_HELP">
      <Text>Savaş Gücü Beowulf'unkinden [ICON_Strength] daha az olan bitişik bir düşman birimini hedef alın. Beowulf hedefi derhal yok eder. 1 Hücuma, 1 [ICON_MOVEMENT] Harekete mal olur.</Text>
    </Row>
    <Row Tag="LOC_UNITCOMMAND_TRANSFORM_UNIT_DESCRIPTION">
      <Text>Arthur'un Övgüsü</Text>
    </Row>
    <Row Tag="LOC_UNITCOMMAND_TRANSFORM_UNIT_HELP">
      <Text>Kontrol ettiğiniz bitişik bir kara askeri birimini hedefleyin. Arthur birimi bir Arayış Şövalyesine dönüştürür: [ICON_Strength] Savaş Gücü ve ([1] [ICON_Lifespan] Yaşam Süresi artırılmış benzersiz bir Ağır Süvari birimi. 1 Hücum, 1 [ICON_MOVEMENT] Harekete mal olur.</Text>
    </Row>
    <Row Tag="LOC_UNITCOMMAND_RESOURCE_INSPIRE_DESCRIPTION">
      <Text>Anansi'nin Hileleri</Text>
    </Row>
    <Row Tag="LOC_UNITCOMMAND_RESOURCE_INSPIRE_HELP">
      <Text>Bir Bonus veya Lüks Kaynak üzerinde bulunduğunda kullanın. Anansi kaynağı tüketir ve {1_ScienceReward} [ICON_SCIENCE] Bilim ve ([2] [ICON_CULTURE] Kültür üretir. Mevcut tüm iyileştirmeler yok edilir. 1 Yüke mal olur ve dönüşü sonlandırır.</Text>
    </Row>
    <Row Tag="LOC_UNITCOMMAND_COMPLETE_DISTRICT_DESCRIPTION">
      <Text>Herkül'ün Emeği</Text>
    </Row>
    <Row Tag="LOC_UNITCOMMAND_COMPLETE_DISTRICT_HELP">
      <Text>İnşaat halindeki bir dost Bölge üzerinde bulunduğunda kullanın. Herkül Bölgenin inşasını derhal tamamlar. 2 Ücrete mal olur ve dönüşü sona erdirir.</Text>
    </Row>
    <Row Tag="LOC_UNITCOMMAND_DESTROY_DEVELOPMENT_DESCRIPTION">
      <Text>Herkül'ün Öfkesi</Text>
    </Row>
    <Row Tag="LOC_UNITCOMMAND_DESTROY_DEVELOPMENT_HELP">
      <Text>Bir düşman Bölgesinde bulunduğunda kullanın. Herkül mevcut tüm binaları yok eder ve Bölgeyi yağmalar. 1 Yüke mal olur ve dönüşü sona erdirir.</Text>
    </Row>
    <Row Tag="LOC_UNITCOMMAND_GRANT_ENVOY_DESCRIPTION">
      <Text>Himiko'nun Cazibesi</Text>
    </Row>
    <Row Tag="LOC_UNITCOMMAND_GRANT_ENVOY_HELP">
      <Text>Bitişikteki herhangi bir Şehir Devletini hedefleyin. Himiko derhal Şehir-Devlete 1 ücretsiz [ICON_Envoy] Elçi yerleştirir. Eğer orada zaten Suzerain iseniz, Himiko ayrıca {1_FaithChange} [ICON_FAITH] İnanç kazanır. 1 Yüke mal olur ve dönüşü sonlandırır.</Text>
    </Row>
    <Row Tag="LOC_UNITCOMMAND_FORCE_LEVY_MILITARY_DESCRIPTION">
      <Text>Himiko'nun Kuralı</Text>
    </Row>
    <Row Tag="LOC_UNITCOMMAND_FORCE_LEVY_MILITARY_HELP">
      <Text>Suzerain'i olduğunuz bir Şehir Devletinin topraklarındayken kullanın. Himiko derhal ordusunu ücretsiz olarak toplar. 1 Yüke mal olur ve dönüşü sona erdirir.</Text>
    </Row>
    <Row Tag="LOC_UNITCOMMAND_RESTORE_UNIT_MOVES_DESCRIPTION">
      <Text>Hippolyta'nın Emri</Text>
    </Row>
    <Row Tag="LOC_UNITCOMMAND_RESTORE_UNIT_MOVES_HELP">
      <Text>Bu tur hareket etmiş veya saldırmış olan komşu bir dost birimi hedef al. Hippolyta birimin hareketlerini ve saldırılarını derhal geri yükler. Her turda bir kez kullanılabilir.</Text>
    </Row>
    <Row Tag="LOC_UNITCOMMAND_NAVAL_GOLD_RAID_DESCRIPTION">
      <Text>Sinbad'ın Şansları</Text>
    </Row>
    <Row Tag="LOC_UNITCOMMAND_NAVAL_GOLD_RAID_HELP">
      <Text>Bitişikteki herhangi bir düşman deniz birimini veya Barbar Kampını hedef alın. Hedef ya temizlenir ya da %50 hasar görür ve Sinbad derhal {1_GoldReward} [ICON_GOLD] Altın kazanır. 1 Hücuma mal olur ve dönüşü sona erdirir.</Text>
    </Row>
    <Row Tag="LOC_UNITCOMMAND_CREATE_RANDOM_RESOURCE_DESCRIPTION">
      <Text>Maui'nin İcatları</Text>
    </Row>
    <Row Tag="LOC_UNITCOMMAND_CREATE_RANDOM_RESOURCE_HELP">
      <Text>Sahipsiz, boş bir arsada bulunduğunda kullanın. Maui arsa üzerinde rastgele bir Bonus veya Lüks Kaynak oluşturur. 1 Ücrete mal olur ve dönüşü sona erdirir.</Text>
    </Row>
    <Row Tag="LOC_UNITCOMMAND_AREA_DAMAGE_HEAL_DESCRIPTION">
      <Text>Oya'nın Fırtınası</Text>
    </Row>
    <Row Tag="LOC_UNITCOMMAND_AREA_DAMAGE_HEAL_HELP">
      <Text>Tüm komşu düşmanlara hasar verir ve tüm komşu sahipli birimleri {1_DamageAmount} kadar iyileştirir. 1 Hücuma mal olur ve dönüşü sonlandırır.</Text>
    </Row>
    <!--Projects-->
    <!--Create Anansi-->
    <Row Tag="LOC_PROJECT_DISCOVER_NEXT_HERO_NAME">
      <Text>Kahramanlık Hikayeleri</Text>
    </Row>
    <Row Tag="LOC_PROJECT_DISCOVER_NEXT_HERO_SHORT_NAME">
      <Text>Kahramanlık Hikayeleri</Text>
    </Row>
    <Row Tag="LOC_PROJECT_DISCOVER_NEXT_HERO_DESCRIPTION">
      <Text>Yeni bir Kahraman keşfedin.</Text>
    </Row>
    <Row Tag="LOC_PROJECT_CREATE_HERO_ANANSI_NAME">
      <Text>Anansi'ye Bağlılık</Text>
    </Row>
    <Row Tag="LOC_PROJECT_CREATE_HERO_ANANSI_SHORT_NAME">
      <Text>Anansi'ye Bağlılık</Text>
    </Row>
    <Row Tag="LOC_PROJECT_CREATE_HERO_ANANSI_DESCRIPTION">
      <Text>Bu şehri Kahraman Anansi'ye adayın. Tamamlandığında, Anansi şehir merkezinde belirecektir.</Text>
    </Row>
    <!--Create Arthur-->
    <Row Tag="LOC_PROJECT_CREATE_HERO_ARTHUR_NAME">
      <Text>Arthur'a Bağlılık</Text>
    </Row>
    <Row Tag="LOC_PROJECT_CREATE_HERO_ARTHUR_SHORT_NAME">
      <Text>Arthur'a Bağlılık</Text>
    </Row>
    <Row Tag="LOC_PROJECT_CREATE_HERO_ARTHUR_DESCRIPTION">
      <Text>Bu şehri Kahraman Arthur'a adayın. Tamamlandığında, Arthur şehir merkezinde belirecektir.</Text>
    </Row>
    <!--Create Beowulf-->
    <Row Tag="LOC_PROJECT_CREATE_HERO_BEOWULF_NAME">
      <Text>Beowulf'a Bağlılık</Text>
    </Row>
    <Row Tag="LOC_PROJECT_CREATE_HERO_BEOWULF_SHORT_NAME">
      <Text>Beowulf'a Bağlılık</Text>
    </Row>
    <Row Tag="LOC_PROJECT_CREATE_HERO_BEOWULF_DESCRIPTION">
      <Text>Bu şehri Kahraman Beowulf'a adayın. Tamamlandığında, Beowulf şehir merkezinde görünecektir.</Text>
    </Row>
    <!--Create Hercules-->
    <Row Tag="LOC_PROJECT_CREATE_HERO_HERCULES_NAME">
      <Text>Herkül'e Bağlılık</Text>
    </Row>
    <Row Tag="LOC_PROJECT_CREATE_HERO_HERCULES_SHORT_NAME">
      <Text>Herkül'e Bağlılık</Text>
    </Row>
    <Row Tag="LOC_PROJECT_CREATE_HERO_HERCULES_DESCRIPTION">
      <Text>Bu şehri Kahraman Herkül'e adayın. Tamamlandığında, Herkül şehir merkezinde görünecektir.</Text>
    </Row>
    <!--Create Himiko-->
    <Row Tag="LOC_PROJECT_CREATE_HERO_HIMIKO_NAME">
      <Text>Himiko'ya Bağlılık</Text>
    </Row>
    <Row Tag="LOC_PROJECT_CREATE_HERO_HIMIKO_SHORT_NAME">
      <Text>Himiko'ya Bağlılık</Text>
    </Row>
    <Row Tag="LOC_PROJECT_CREATE_HERO_HIMIKO_DESCRIPTION">
      <Text>Bu şehri Kahraman Himiko'ya adayın. Tamamlandığında, Himiko şehir merkezinde görünecektir.</Text>
    </Row>
    <!--Create Hippolyta-->
    <Row Tag="LOC_PROJECT_CREATE_HERO_HIPPOLYTA_NAME">
      <Text>Hippolyta'ya Bağlılık</Text>
    </Row>
    <Row Tag="LOC_PROJECT_CREATE_HERO_HIPPOLYTA_SHORT_NAME">
      <Text>Hippolyta'ya Bağlılık</Text>
    </Row>
    <Row Tag="LOC_PROJECT_CREATE_HERO_HIPPOLYTA_DESCRIPTION">
      <Text>Bu şehri Kahraman Hippolyta'ya adayın. Tamamlandığında, Hippolyta şehir merkezinde görünecektir.</Text>
    </Row>
    <!--Create Hunahpu-->
    <Row Tag="LOC_PROJECT_CREATE_HERO_HUNAHPU_NAME">
      <Text>Hunahpu &amp; Xbalanque'a Bağlılık</Text>
    </Row>
    <Row Tag="LOC_PROJECT_CREATE_HERO_HUNAHPU_SHORT_NAME">
      <Text>Hunahpu &amp; Xbalanque'a Bağlılık</Text>
    </Row>
    <Row Tag="LOC_PROJECT_CREATE_HERO_HUNAHPU_DESCRIPTION">
      <Text>Bu şehri Kahraman İkizler Hunahpu &amp; Xbalanque'a adayın. Tamamlandığında Hunahpu ve Xbalanque şehir merkezinde belirecek.</Text>
    </Row>
    <!--Create Oya-->
    <Row Tag="LOC_PROJECT_CREATE_HERO_OYA_NAME">
      <Text>Oya'ya Bağlılık</Text>
    </Row>
    <Row Tag="LOC_PROJECT_CREATE_HERO_OYA_SHORT_NAME">
      <Text>Oya'ya Bağlılık</Text>
    </Row>
    <Row Tag="LOC_PROJECT_CREATE_HERO_OYA_DESCRIPTION">
      <Text>Bu şehri Kahraman Oya'ya adayın. Tamamlandığında, Oya şehir merkezinde görünecektir.</Text>
    </Row>
    <!--Create Maui-->
    <Row Tag="LOC_PROJECT_CREATE_HERO_MAUI_NAME">
      <Text>Maui'ye Bağlılık</Text>
    </Row>
    <Row Tag="LOC_PROJECT_CREATE_HERO_MAUI_SHORT_NAME">
      <Text>Maui'ye Bağlılık</Text>
    </Row>
    <Row Tag="LOC_PROJECT_CREATE_HERO_MAUI_DESCRIPTION">
      <Text>Bu şehri Kahraman Maui'ye adayın. Tamamlandığında, Maui şehir merkezinde görünecektir.</Text>
    </Row>
    <!--Create Mulan-->
    <Row Tag="LOC_PROJECT_CREATE_HERO_MULAN_NAME">
      <Text>Mulan'a Bağlılık</Text>
    </Row>
    <Row Tag="LOC_PROJECT_CREATE_HERO_MULAN_SHORT_NAME">
      <Text>Mulan'a Bağlılık</Text>
    </Row>
    <Row Tag="LOC_PROJECT_CREATE_HERO_MULAN_DESCRIPTION">
      <Text>Bu şehri Kahraman Mulan'a adayın. Tamamlandığında, Mulan şehir merkezinde görünecek.</Text>
    </Row>
    <!--Create Sinbad-->
    <Row Tag="LOC_PROJECT_CREATE_HERO_SINBAD_NAME">
      <Text>Sinbad'a Bağlılık</Text>
    </Row>
    <Row Tag="LOC_PROJECT_CREATE_HERO_SINBAD_SHORT_NAME">
      <Text>Sinbad'a Bağlılık</Text>
    </Row>
    <Row Tag="LOC_PROJECT_CREATE_HERO_SINBAD_DESCRIPTION">
      <Text>Bu şehri Kahraman Sinbad'a adayın. Tamamlandığında, Sinbad şehir merkezinde görünecektir.</Text>
    </Row>
    <!--Create Wukong-->
    <Row Tag="LOC_PROJECT_CREATE_HERO_WUKONG_NAME">
      <Text>Sun Wukong'a Bağlılık</Text>
    </Row>
    <Row Tag="LOC_PROJECT_CREATE_HERO_WUKONG_SHORT_NAME">
      <Text>Sun Wukong'a Bağlılık</Text>
    </Row>
    <Row Tag="LOC_PROJECT_CREATE_HERO_WUKONG_DESCRIPTION">
      <Text>Bu şehri Kahraman Sun Wukong'a adayın. Tamamlandığında, Sun Wukong şehir merkezinde belirecek.</Text>
    </Row>
    <!--Great Works-->
    <Row Tag="LOC_GREATWORKOBJECT_HERO">
      <Text>[ICON_GreatWork_HeroRelic] Kahramanlık Kalıntısı</Text>
    </Row>
    <Row Tag="LOC_GREATWORK_HERO_SYMBOL_ANANSI_NAME">
      <Text>Anansi'nin Davulları</Text>
    </Row>
    <Row Tag="LOC_GREATWORK_HERO_EPIC_ANANSI_NAME">
      <Text>Anansi Destanı</Text>
    </Row>
    <Row Tag="LOC_GREATWORK_HERO_SYMBOL_ARTHUR_NAME">
      <Text>Arthur'un Kadehi</Text>
    </Row>
    <Row Tag="LOC_GREATWORK_HERO_EPIC_ARTHUR_NAME">
      <Text>Arthur Destanı</Text>
    </Row>
    <Row Tag="LOC_GREATWORK_HERO_SYMBOL_BEOWULF_NAME">
      <Text>Beowulf'un Kılıcı</Text>
    </Row>
    <Row Tag="LOC_GREATWORK_HERO_EPIC_BEOWULF_NAME">
      <Text>Beowulf Destanı</Text>
    </Row>
    <Row Tag="LOC_GREATWORK_HERO_SYMBOL_HERCULES_NAME">
      <Text>Herkül Kulübü</Text>
    </Row>
    <Row Tag="LOC_GREATWORK_HERO_EPIC_HERCULES_NAME">
      <Text>Herkül Destanı</Text>
    </Row>
    <Row Tag="LOC_GREATWORK_HERO_SYMBOL_HIMIKO_NAME">
      <Text>Himiko'nun Tacı</Text>
    </Row>
    <Row Tag="LOC_GREATWORK_HERO_EPIC_HIMIKO_NAME">
      <Text>Himiko Destanı</Text>
    </Row>
    <Row Tag="LOC_GREATWORK_HERO_SYMBOL_HIPPOLYTA_NAME">
      <Text>Hippolyta'nın Kuşağı</Text>
    </Row>
    <Row Tag="LOC_GREATWORK_HERO_EPIC_HIPPOLYTA_NAME">
      <Text>Hippolyta Destanı</Text>
    </Row>
    <Row Tag="LOC_GREATWORK_HERO_SYMBOL_HUNAHPU_NAME">
      <Text>Kahraman İkizlerin Mantoları</Text>
    </Row>
    <Row Tag="LOC_GREATWORK_HERO_EPIC_HUNAHPU_NAME">
      <Text>Kahraman İkizlerin Destanı</Text>
    </Row>
    <Row Tag="LOC_GREATWORK_HERO_SYMBOL_OYA_NAME">
      <Text>Oya'nın Bıçağı</Text>
    </Row>
    <Row Tag="LOC_GREATWORK_HERO_EPIC_OYA_NAME">
      <Text>Oya Destanı</Text>
    </Row>
    <Row Tag="LOC_GREATWORK_HERO_SYMBOL_MAUI_NAME">
      <Text>Maui Meşalesi</Text>
    </Row>
    <Row Tag="LOC_GREATWORK_HERO_EPIC_MAUI_NAME">
      <Text>Maui Destanı</Text>
    </Row>
    <Row Tag="LOC_GREATWORK_HERO_SYMBOL_MULAN_NAME">
      <Text>Mulan'ın Zırhı</Text>
    </Row>
    <Row Tag="LOC_GREATWORK_HERO_EPIC_MULAN_NAME">
      <Text>Mulan Destanı</Text>
    </Row>
    <Row Tag="LOC_GREATWORK_HERO_SYMBOL_SINBAD_NAME">
      <Text>Sinbad'ın Pusulası</Text>
    </Row>
    <Row Tag="LOC_GREATWORK_HERO_EPIC_SINBAD_NAME">
      <Text>Sinbad Destanı</Text>
    </Row>
    <Row Tag="LOC_GREATWORK_HERO_SYMBOL_WUKONG_NAME">
      <Text>Sun Wukong'un Çalışanları</Text>
    </Row>
    <Row Tag="LOC_GREATWORK_HERO_EPIC_WUKONG_NAME">
      <Text>Sun Wukong Destanı</Text>
    </Row>
    <!--UI-->
    <Row Tag="LOC_BUILDING_NAME_FOR_HERO">
      <Text>{2_HeroName}'ün {1_BuildingName}</Text>
    </Row>
    <Row Tag="LOC_UNITCOMMAND_FAILURE_HERO_NO_TARGETS">
      <Text>Mevcut hedef yok</Text>
    </Row>
    <Row Tag="LOC_UNITCOMMAND_HERO_FAILURE_NOT_ENOUGH_CHARGES">
      <Text>Yeterli Eylem Ücreti kalmadı</Text>
    </Row>
    <Row Tag="LOC_UNITCOMMAND_HERO_FAILURE_REQUIRES_FULL_MOVEMENT">
      <Text>Tam hareket gerektirir</Text>
    </Row>
    <Row Tag="LOC_UNITCOMMAND_HERO_FAILURE_NO_MOVES">
      <Text>Hiç hamle kalmadı</Text>
    </Row>
    <Row Tag="LOC_UNITCOMMAND_FAILURE_ONCE_PER_TURN">
      <Text>Bu turda zaten kullanıldı</Text>
    </Row>
    <Row Tag="LOC_UNITCOMMAND_FAILURE_HERO_OWNED_PLOT">
      <Text>Sahip olunan bir arsa üzerinde kullanılamaz.</Text>
    </Row>
    <Row Tag="LOC_UNITCOMMAND_FAILURE_HERO_USED_CITY">
      <Text>Bu yetenek {1_CityName}'de zaten kullanılmıştır.</Text>
    </Row>
    <Row Tag="LOC_UNITCOMMAND_FAILURE_HERO_USED_FEATURE">
      <Text>Bu yetenek bu {1_FeatureName} üzerinde zaten kullanılmıştır.</Text>
    </Row>
    <Row Tag="LOC_UNITCOMMAND_FAILURE_HERO_DISTRICT_AT_WAR">
      <Text>Bizimle savaş halinde olan bir şehirdeki bir bölgeyi hedef alamazsınız.</Text>
    </Row>
    <Row Tag="LOC_UNITCOMMAND_FAILURE_HERO_CITY_AT_WAR">
      <Text>Bizimle savaşta olan bir şehri hedef alamazsınız.</Text>
    </Row>
    <Row Tag="LOC_UNITCOMMAND_FAILURE_HERO_NO_LEVY_AVAILABLE">
      <Text>Bu Şehir-Devlet'in haciz için mevcut birimi yoktur.</Text>
    </Row>
    <Row Tag="LOC_UNITCOMMAND_FAILURE_HERO_NOT_IN_SUZERAIN_TERRITORY">
      <Text>Suzerain olduğunuz bir Şehir Devletinin toprakları içinde olmalıdır.</Text>
    </Row>
    <Row Tag="LOC_UNITCOMMAND_FAILURE_HERO_LEVY_ACTIVE">
      <Text>Bu şehir devletinin ordusu çoktan toplandı.</Text>
    </Row>
    <Row Tag="LOC_UNITCOMMAND_FAILURE_HERO_NOT_SUZERAIN_OF_CITY">
      <Text>Sen {1_CityName}'nin Suzerain'i değilsin.</Text>
    </Row>
    <Row Tag="LOC_UNITCOMMAND_FAILURE_HERO_NOT_ON_INCOMPLETE_DISTRICT">
      <Text>İnşaat halindeki bir bölgede kullanılmalıdır.</Text>
    </Row>
    <Row Tag="LOC_UNITCOMMAND_FAILURE_HERO_NOT_ON_DISTRICT">
      <Text>Bir bölgede kullanılmalıdır.</Text>
    </Row>
    <Row Tag="LOC_UNITCOMMAND_FAILURE_HERO_NOT_ON_DEVELOPMENT">
      <Text>Bir bölge veya iyileştirme üzerinde kullanılmalıdır.</Text>
    </Row>
    <Row Tag="LOC_UNITCOMMAND_FAILURE_HERO_NOT_ON_LUXURY_OR_BONUS_RESOURCE">
      <Text>Bir Lüks veya Bonus Kaynak üzerinde kullanılmalıdır.</Text>
    </Row>
    <Row Tag="LOC_UNITCOMMAND_FAILURE_HERO_DISTRICT_PILLAGED">
      <Text>Bu bölge zaten yağmalanmış durumda.</Text>
    </Row>
    <Row Tag="LOC_UNITCOMMAND_FAILURE_HERO_ON_CITY_CENTER">
      <Text>Şehir Merkezinde kullanılamaz.</Text>
    </Row>
    <Row Tag="LOC_UNITCOMMAND_FAILURE_HERO_ON_RESOURCE">
      <Text>Mevcut bir kaynak üzerinde kullanılamaz.</Text>
    </Row>
    <Row Tag="LOC_UNITCOMMAND_FAILURE_HERO_ON_IMPROVEMENT">
      <Text>Geliştirilmiş bir karo üzerinde kullanılamaz.</Text>
    </Row>
    <Row Tag="LOC_UNITCOMMAND_FAILURE_HERO_ON_WONDER">
      <Text>Bir Wonder üzerinde kullanılamaz.</Text>
    </Row>
    <Row Tag="LOC_UNITCOMMAND_FAILURE_HERO_NO_VALID_RESOURCES">
      <Text>Bu konumda geçerli Kaynak yok.</Text>
    </Row>
    <Row Tag="LOC_UNITCOMMAND_FAILURE_HERO_ON_ALLIED_PLOT">
      <Text>Müttefik bir uygarlığa ait bir arsa üzerinde kullanılamaz.</Text>
    </Row>
    <Row Tag="LOC_CHOOSE_ARTIFACT_EXPLANATION_HEROIC_RELIC">
      <Text>Arkeoloğunuz {1_UnitName}, {2_ActingCiv}'ün atalarından bir Kahraman tarafından bırakılan ikonik bir nesneyi ortaya çıkardı.</Text>
    </Row>
    <Row Tag="LOC_CAN_TRAIN_FAILURE_SAME_ERA">
      <Text>Kahramanlar her Çağda yalnızca bir kez ortaya çıkabilir.</Text>
    </Row>
    <!--Heroes Popup-->
    <Row Tag="LOC_HERO_DISCOVERED_DESC_GOODY_HUT">
      <Text>Kabile köylüleri mitlerini ve efsanelerini bizimle paylaştılar. {1_HeroName: plural 1?Hero; other?Heroes;} [COLOR_LIGHTBLUE]{1_HeroName}![ENDCOLOR] keşfettik.</Text>
    </Row>
    <Row Tag="LOC_HERO_DISCOVERED_DESC_PROJECT">
      <Text>Kahramanlık Öyküleri halkımız arasında efsanevi eylemlerin haberini yaydı. Biz {1_HeroName: plural 1?Hero; other?Heroes;} [COLOR_LIGHTBLUE]{1_HeroName} keşfettik![ENDCOLOR]</Text>
    </Row>
    <Row Tag="LOC_HERO_DISCOVERED_DESC_CITY_STATE">
      <Text>{2_SourcePlayerName} ile etkimiz arttıkça, onlar da kendi mitlerini ve efsanelerini paylaştılar. {1_HeroName: plural 1?Hero; other?Heroes;} [COLOR_LIGHTBLUE]{1_HeroName} keşfettik![ENDCOLOR]</Text>
    </Row>
    <Row Tag="LOC_HERO_DISCOVERED_DESC_CITY_STATE_SUZERAIN">
      <Text>{2_SourcePlayerName} üzerindeki hükümranlığımız onların mitleri ve efsaneleri hakkında daha fazla şey ortaya çıkardı. {1_HeroName: plural 1?Hero; other?Heroes;} [COLOR_LIGHTBLUE]{1_HeroName} keşfettik![ENDCOLOR]</Text>
    </Row>
    <Row Tag="LOC_HERO_DISCOVERED_DESC_NEW_CONTINENT">
      <Text>{2_ContinentName} kıtasını ve onunla birlikte yeni mitleri ve efsaneleri keşfettik. {1_HeroName: plural 1?Hero; other?Heroes;} [COLOR_LIGHTBLUE]{1_HeroName} keşfettik![ENDCOLOR]</Text>
    </Row>
    <Row Tag="LOC_HERO_DISCOVERED_DESC_NATURAL_WONDER">
      <Text>{2_FeatureName}'ün muhteşem görüntüsü yerel mitlere ve efsanelere ilham kaynağı olmuştur. {1_HeroName: plural 1?Hero; other?Heroes;} [COLOR_LIGHTBLUE]{1_HeroName} keşfettik![ENDCOLOR]</Text>
    </Row>
    <Row Tag="LOC_HERO_DISCOVERED_DESC_ENCOUNTER">
      <Text>Önümüzde bir efsane duruyor! Kuvvetlerimiz {1_HeroName: plural 1?Hero; other?Heroes;} [COLOR_LIGHTBLUE]{1_HeroName} ile bizzat karşılaştı![ENDCOLOR]</Text>
    </Row>
    <Row Tag="LOC_DISCOVER_HERO_HELP">
      <Text>COLOR:Civ6Yellow]{1_OriginBuilding}[ENDCOLOR] binası olan herhangi bir Şehirde bir Kahraman Adanmışlığı Projesini tamamlayarak bu Kahramanı talep edebilirsiniz. Her şehirde yalnızca bir Kahraman Adanmışlığı yapılabilir.</Text>
    </Row>
    <Row Tag="LOC_DISCOVER_HERO_NAVAL_HELP">
      <Text>Bu Kahramanı, deniz birliklerini eğitebilen bir [COLOR:Civ6Yellow]{1_OriginBuilding}[ENDCOLOR] binasına sahip herhangi bir Şehirde bir Kahraman Adanmışlığı Projesini tamamlayarak talep edebilirsiniz. Her şehirde yalnızca bir Kahraman Adanmışlığı yapılabilir.</Text>
    </Row>
    <Row Tag="LOC_DISCOVER_CLAIMED_HERO_HELP">
      <Text>Bu Kahraman zaten {1_PlayerName} tarafından talep edilmiştir.</Text>
    </Row>
    <Row Tag="LOC_HERO_EXPIRED_MESSAGE">
      <Text>Kahraman [ICON_Lifespan] Yaşam Süresi Doldu</Text>
    </Row>
    <Row Tag="LOC_HERO_EXPIRED_DESC">
      <Text>Bizim {1_UnitName: plural 1?Hero; other?Heroes;} [COLOR_LIGHTBLUE]([2][ENDCOLOR] {1_UnitName: plural 1?has; other?have;} [ICON_Lifespan] ömrünün sonuna geldi ve ulusumuzu terk etti.</Text>
    </Row>
    <Row Tag="LOC_HERO_KILLED_MESSAGE">
      <Text>Kahraman Öldürüldü</Text>
    </Row>
    <Row Tag="LOC_HERO_KILLED_DESC">
      <Text>{1_UnitName: plural 1?Hero; other?Heroes;} [COLOR_LIGHTBLUE]([2][ENDCOLOR] {1_UnitName: plural 1?has; other?have;} savaşta kaybettiklerimiz.</Text>
    </Row>
    <Row Tag="LOC_HEROES_HELP_RECALL_DESC">
      <Text>Bir Kahramanın süresi dolduktan veya öldürüldükten sonra, [COLOR:Civ6Yellow]{1_OriginBuilding}[ENDCOLOR] bulunduğu Şehirde [ICON_Faith] İnanç ile satın alınarak geri çağrılabilirler. [NEWLINE][NEWLINE] Geri çağrılan Kahramanlar [ICON_Lifespan] Yaşam Süreleri ve Eylem Yükleri yenilenmiş olarak geri dönerler, ancak onları geri çağırmanın [ICON_Faith] İnanç maliyeti her ortaya çıkışta artar. Kahramanlar her Çağda bir kez geri çağrılabilir.</Text>
    </Row>
    <Row Tag="LOC_LOOK_AT_HERO">
      <Text>Kahramana Bak</Text>
    </Row>
    <!--Notifications-->
    <Row Tag="LOC_NOTIFICATION_HERO_DISCOVERED_MESSAGE">
      <Text>Kahraman Keşfedildi</Text>
    </Row>
    <Row Tag="LOC_NOTIFICATION_HERO_DISCOVERED_SUMMARY">
      <Text>{1_HeroName: plural 1?Hero; other?Heroes;} {1_HeroName}'ü keşfettiniz.</Text>
    </Row>
    <Row Tag="LOC_NOTIFICATION_HERO_LOW_LIFESPAN_MESSAGE">
      <Text>Kahraman [ICON_Lifespan] Yaşam Süresi Düşük</Text>
    </Row>
    <Row Tag="LOC_NOTIFICATION_HERO_LOW_LIFESPAN_SUMMARY">
      <Text>{1_HeroClassName: plural 1?Hero; other?Heroes;} {1_HeroClassName} {1_HeroClassName: plural 1?has; other?have;} {2_NumTurns} turdan daha az [ICON_Lifespan] Ömürleri kalmıştır.</Text>
    </Row>
    <Row Tag="LOC_NOTIFICATION_HERO_LOST_LIFESPAN_EXPIRED_MESSAGE">
      <Text>Kahraman Kayıp</Text>
    </Row>
    <Row Tag="LOC_NOTIFICATION_HERO_LOST_LIFESPAN_EXPIRED_SUMMARY">
      <Text>Bizim {1_HeroClassName: plural 1?Hero; other?Heroes;} {1_HeroClassName} {1_HeroClassName: plural 1?has; other?have;} [ICON_Lifespan] Ömürlerinin sonuna ulaştılar. Biz onları hatırlamak için yeterli [ICON_Faith] İmanı toplayana kadar onlar tarihe aittir.</Text>
    </Row>
    <Row Tag="LOC_NOTIFICATION_HERO_CAN_PURCHASE_WITH_FAITH_MESSAGE">
      <Text>Can Recall Kahraman</Text>
    </Row>
    <Row Tag="LOC_NOTIFICATION_HERO_CAN_PURCHASE_WITH_FAITH_SUMMARY">
      <Text>{2_CityName} Şehrindeki {1_HeroClassName: plural 1?Hero; other?Heroes;} {1_HeroClassName} geri çağırmak için yeterli [ICON_Faith] İnanç biriktirdiniz.</Text>
    </Row>
    <Row Tag="LOC_NOTIFICATION_HERO_KILLED_OTHER_MESSAGE">
      <Text>Kahraman Öldürüldü</Text>
    </Row>
    <Row Tag="LOC_NOTIFICATION_HERO_KILLED_OTHER_SUMMARY">
      <Text>{1_HeroClassName: plural 1?Hero; other?Heroes;} {1_HeroClassName} {1_HeroClassName: plural 1?has; other?have;} savaşta ölenler.</Text>
    </Row>
    <Row Tag="LOC_NOTIFICATION_HERO_EXPIRED_OTHER_MESSAGE">
      <Text>Kahraman Gitti</Text>
    </Row>
    <Row Tag="LOC_NOTIFICATION_HERO_EXPIRED_OTHER_SUMMARY">
      <Text>{1_HeroClassName: plural 1?Hero; other?Heroes;} {1_HeroClassName} {1_HeroClassName: plural 1?has; other?have;} [ICON_Lifespan] Ömürlerinin sonuna ulaştı.</Text>
    </Row>
    <Row Tag="LOC_NOTIFICATION_HERO_CLAIMED_OTHER_MESSAGE">
      <Text>Kahraman Sahiplenildi</Text>
    </Row>
    <Row Tag="LOC_NOTIFICATION_HERO_CLAIMED_OTHER_SUMMARY">
      <Text>{1_CivName}, {2_HeroName: plural 1?Hero; other?Heroes;} {2_HeroName}'ya sahip çıktı!</Text>
    </Row>
    <Row Tag="LOC_NOTIFICATION_HERO_CLAIMED_OTHER_UNMET_SUMMARY">
      <Text>Karşılanmamış bir oyuncu {1_HeroName: plural 1?Hero; other?Heroes;} {1_HeroName} talep etti!</Text>
    </Row>
    <Row Tag="LOC_NOTIFICATION_HERO_RECALLED_OTHER_MESSAGE">
      <Text>Kahraman Geri Çağrıldı</Text>
    </Row>
    <Row Tag="LOC_NOTIFICATION_HERO_RECALLED_OTHER_SUMMARY">
      <Text>{1_CivName} {2_HeroName: plural 1?Hero; other?Heroes;} {2_HeroName}'yı geri çağırdı!</Text>
    </Row>
    <Row Tag="LOC_NOTIFICATION_HERO_CLAIM_FAILED_MESSAGE">
      <Text>Üretim Kurtarıldı</Text>
    </Row>
    <Row Tag="LOC_NOTIFICATION_HERO_CLAIM_FAILED_SUMMARY">
      <Text>{1_HeroName: plural 1?Hero; other?Heroes;} {1_HeroName}'yı zamanında talep edemediniz. Ancak {2_Production} [ICON_Production] Üretim girişimden kurtarıldı ve {3_CityName} şehrine verildi.</Text>
    </Row>
    <!--GreatPeoplePopup-->
    <Row Tag="LOC_GREAT_PEOPLE_TAB_HEROES">
      <Text>Kahramanlar</Text>
    </Row>
    <Row Tag="LOC_GREAT_PEOPLE_HEROES_RECRUITED_STATE">
      <Text>TARAFINDAN TALEP EDİLMİŞTİR:</Text>
    </Row>
    <Row Tag="LOC_GREAT_PEOPLE_HEROES_DISCOVERED_STATE">
      <Text>KEŞFEDİLDİ</Text>
    </Row>
    <Row Tag="LOC_GREAT_PEOPLE_HEROES_LOOK_AT_HERO_TT">
      <Text>Bu paneli kapatın ve bu kahraman birimini seçin.</Text>
    </Row>
    <Row Tag="LOC_GREAT_PEOPLE_HEROES_LOOK_AT_CITY_TT">
      <Text>Bu paneli kapatın ve bu merhum kahramanın geldiği şehri seçin.</Text>
    </Row>
    <Row Tag="LOC_GREAT_PEOPLE_HEROES_CIVILOPEDIA_ENTRY_TT">
      <Text>Bu kahraman birimi için Civilopedia girişini açın.</Text>
    </Row>
    <Row Tag="LOC_GREAT_PEOPLE_HEROES_FAITH_RECALL">
      <Text>İnançla Hatırlayın</Text>
    </Row>
    <Row Tag="LOC_GREAT_PEOPLE_HEROES_FAITH_RECALL_TT">
      <Text>Bu kahraman {1_Faith} [ICON_Faith] İnanç için geri çağrılabilir.</Text>
    </Row>
    <Row Tag="LOC_GREAT_PEOPLE_HEROES_INSUFFICIENT_FAITH_TT">
      <Text>[COLOR_RED]Hatırlamak için yetersiz [ICON_Faith] İnanç [ENDCOLOR]</Text>
    </Row>
    <Row Tag="LOC_GREAT_PEOPLE_HEROES_DECEASED">
      <Text>[COLOR_RED]MERHUM[ENDCOLOR]</Text>
    </Row>
  </EnglishText>
</GameData>