﻿<?xml version="1.0" encoding="utf-8"?>
<GameData>
  <EnglishText>
    <!-- Hammurabi-->
    <Row Tag="LOC_DIPLO_ACCEPT_DECLARE_FRIEND_FROM_HUMAN_LEADER_HAMMURABI_ANY">
      <Text>Ortak bir arabayı çeken iki at gibi, dostluğumuz da bizi ileriye taşıyacak!</Text>
    </Row>
    <Row Tag="LOC_DIPLO_REJECT_DECLARE_FRIEND_FROM_HUMAN_LEADER_HAMMURABI_ANY">
      <Text>Teklifinizi geri gönderdim. "Reddedildi" damgası var.</Text>
    </Row>
    <Row Tag="LOC_DIPLO_DECLARE_FRIEND_FROM_AI_LEADER_HAMMURABI_ANY">
      <Text>Bir dostluk sözleşmesi hazırladım. Üzerine imzanı atacak mısın?</Text>
    </Row>
    <Row Tag="LOC_DIPLO_ACCEPT_DECLARE_FRIEND_FROM_AI_LEADER_HAMMURABI_ANY">
      <Text>Dostluk kutsal bir anlaşmadır. Buna girelim.</Text>
    </Row>
    <Row Tag="LOC_DIPLO_REJECT_DECLARE_FRIEND_FROM_AI_LEADER_HAMMURABI_ANY">
      <Text>Arkadaşlık kutsal bir anlaşmadır. Şu anda kabul edemem</Text>
    </Row>
    <Row Tag="LOC_DIPLO_DECLARE_WAR_FROM_HUMAN_LEADER_HAMMURABI_ANY">
      <Text>Sen kimsin ki Hammurabi'ye karşı çıkıyorsun? Sen tozsun, sandaletlerimden silkelediğim bir kirsin.</Text>
    </Row>
    <Row Tag="LOC_DIPLO_DECLARE_WAR_FROM_AI_LEADER_HAMMURABI_ANY">
      <Text>Savaşta Adab ve Nippur'un surlarını yıktım. Böylece sizin kentlerinizi de yıkacağım.</Text>
    </Row>
    <Row Tag="LOC_DIPLO_ACCEPT_DELEGATION_FROM_HUMAN_LEADER_HAMMURABI_ANY">
      <Text>Elçileriniz benimle birlikte büyük Zugurat'a tırmandılar ve Babil'in bahçelerini ve çatılarını seyrettiler.</Text>
    </Row>
    <Row Tag="LOC_DIPLO_REJECT_DELEGATION_FROM_HUMAN_LEADER_HAMMURABI_ANY">
      <Text>Heyetinizin gelmek için doğru izinleri yok. İzin ofisi şu anda kapalı.</Text>
    </Row>
    <Row Tag="LOC_DIPLO_DELEGATION_FROM_AI_LEADER_HAMMURABI_ANY">
      <Text>Sizi Babil'in zenginliklerini tatmaya davet ediyoruz. Bu yemeğe 'gevşeme' deniyor.</Text>
    </Row>
    <Row Tag="LOC_DIPLO_DENOUNCE_FROM_HUMAN_LEADER_HAMMURABI_ANY">
      <Text>Kanunsuz akbaba, tapınakları kirleten, birçok tanrının nefret ettiği kişi! Sadece büyük merhametim sayesinde hala seninle konuşabiliyorum.</Text>
    </Row>
    <Row Tag="LOC_DIPLO_DENOUNCE_FROM_AI_LEADER_HAMMURABI_ANY">
      <Text>Sözleriniz yalancı şahitliktir. Yeminlerin kıtlık zamanında bir tarla. Yüce Anu, bununla konuştuğum için beni affet! (Seni kınıyor).</Text>
    </Row>
    <Row Tag="LOC_DIPLO_FIRST_MEET_LEADER_HAMMURABI_ANY">
      <Text>Ambarlarımı tahılla, kuyularımı suyla dolduruyorum. Tanrılar adımı kutsasın: Hammurabi.</Text>
    </Row>
    <Row Tag="LOC_DIPLO_FIRST_MEET_VISIT_RECIPIENT_LEADER_HAMMURABI_ANY">
      <Text>Gelin ve Babil'in ihtişamını görün ve bahçelerimizi görün - çöl hayatla çiçek açıyor!</Text>
    </Row>
    <Row Tag="LOC_DIPLO_FIRST_MEET_NEAR_INITIATOR_POSITIVE_LEADER_HAMMURABI_ANY">
      <Text>Evet.</Text>
    </Row>
    <Row Tag="LOC_DIPLO_FIRST_MEET_NO_MANS_INFO_EXCHANGE_LEADER_HAMMURABI_ANY">
      <Text>Bana sermayenizi gösterin, ben de size Babil'i anlatayım. Bu adil.</Text>
    </Row>
    <Row Tag="LOC_DIPLO_GREETING_LEADER_HAMMURABI_ANY">
      <Text>Ne istiyorsun?</Text>
    </Row>
    <Row Tag="LOC_DIPLO_KUDO_EXIT_LEADER_HAMMURABI_ANY">
      <Text>Hammurabi'yi taklit etmek en iyi yoldur. Bunu yapıyorsunuz, ki bu iyi bir şey.</Text>
    </Row>
    <Row Tag="LOC_DIPLO_WARNING_EXIT_LEADER_HAMMURABI_ANY">
      <Text>Sana söylediklerimi yapmalısın, yoksa seni yok edebilirim.</Text>
    </Row>
    <Row Tag="LOC_DIPLO_MAKE_ALLIANCE_FROM_AI_LEADER_HAMMURABI_ANY">
      <Text>Sana isimlerimizin birleştiği bir tablet gönderdim. Üzerine imzanı atacak mısın?</Text>
    </Row>
    <Row Tag="LOC_DIPLO_MAKE_PEACE_AI_ACCEPT_DEAL_LEADER_HAMMURABI_ANY">
      <Text>Mührümü bu tablete basarak barışı kabul ettiğimi beyan ederim.</Text>
    </Row>
    <Row Tag="LOC_DIPLO_MAKE_PEACE_AI_REFUSE_DEAL_LEADER_HAMMURABI_ANY">
      <Text>Henüz uyum içinde değiliz. Savaş devam ediyor.</Text>
    </Row>
    <Row Tag="LOC_DIPLO_MAKE_PEACE_FROM_AI_LEADER_HAMMURABI_ANY">
      <Text>Size bir barış talebi gönderiyorum. Lütfen doldurun ve bana bir makbuz gönderin.</Text>
    </Row>
    <Row Tag="LOC_DIPLO_ACCEPT_OPEN_BORDERS_FROM_HUMAN_LEADER_HAMMURABI_ANY">
      <Text>Askerlerinizin Babil'den geçmesi için izin verdim.</Text>
    </Row>
    <Row Tag="LOC_DIPLO_REJECT_OPEN_BORDERS_FROM_HUMAN_LEADER_HAMMURABI_ANY">
      <Text>Babil'in duvarları size kapalıdır.</Text>
    </Row>
    <Row Tag="LOC_DIPLO_OPEN_BORDERS_FROM_AI_LEADER_HAMMURABI_ANY">
      <Text>Bu tablet askerlerim için güvenli geçiş istiyor. Üzerine işaretini koyacak mısın?</Text>
    </Row>
    <Row Tag="LOC_DIPLO_WARNING_TOO_MANY_TROOPS_NEAR_ME_LEADER_HAMMURABI_ANY">
      <Text>Askerlerinizin ayak seslerinde savaş tamtamlarını duyuyorum. Geri çekilin.</Text>
    </Row>
    <Row Tag="LOC_DIPLO_WARNING_TOO_MANY_TROOPS_NEAR_ME_AI_RESPONSE_NEGATIVE_LEADER_HAMMURABI_ANY">
      <Text>Askerlerim benimdir; nereye gitmelerini emredersem oraya giderler.</Text>
    </Row>
    <Row Tag="LOC_DIPLO_WARNING_TOO_MANY_TROOPS_NEAR_ME_AI_RESPONSE_POSITIVE_LEADER_HAMMURABI_ANY">
      <Text>Üzerine mührümü bastım. Askerlerim sınırlarınızdan çekilecek.</Text>
    </Row>
    <Row Tag="LOC_DIPLO_DEFEAT_FROM_AI_LEADER_HAMMURABI_ANY">
      <Text>Anu! Hizmetkarına cevap ver! Neden yenilgime izin verdin?</Text>
    </Row>
    <Row Tag="LOC_DIPLO_REJECT_MAKE_DEAL_FROM_AI_LEADER_HAMMURABI_ANY">
      <Text>Terazi dengede değil.</Text>
    </Row>
    <Row Tag="LOC_DIPLO_ACCEPT_MAKE_DEAL_FROM_AI_LEADER_HAMMURABI_ANY">
      <Text>İyi yapılmış bir anlaşma bana büyük bir zevk verir.</Text>
    </Row>
  </EnglishText>
</GameData>