﻿<?xml version="1.0" encoding="utf-8"?>
<GameData>
  <!-- FEATURE_BARRIER_REEF was renamed to FEATURE_BARRIER_REEF_EXTENDED... -->
  <LocalizedText>
    <Update>
      <Where Tag="LOC_PEDIA_FEATURES_PAGE_FEATURE_BARRIER_REEF_CHAPTER_HISTORY_PARA_1" />
      <Set Tag="LOC_PEDIA_FEATURES_PAGE_FEATURE_BARRIER_REEF_EXTENDED_CHAPTER_HISTORY_PARA_1" />
    </Update>
  </LocalizedText>
  <EnglishText>
    <Row Tag="LOC_PEDIA_CITYSTATES_PAGE_CIVILIZATION_SYDNEY_CHAPTER_HISTORY_PARA_1">
      <Text>Avustralya'nin dogusundaki sömürgeci Ingiliz dayanagi ilk olarak 1788 yilinda Sidney'in kurulmasiyla kök salmistir. Bir ceza kolonisi olarak mütevazi baslangicindan özgür bir topluma dönüsmesine kadar, Yeni Güney Galler her zaman Avustralya meselelerinin ön saflarinda yer almistir (ya da yer almasi gerektigini hissetmistir).</Text>
    </Row>
    <Row Tag="LOC_PEDIA_CITYSTATES_PAGE_CIVILIZATION_SYDNEY_CHAPTER_HISTORY_PARA_2">
      <Text>1851'de altin bulunmasi Yeni Güney Galler'i siyasi oldugu kadar ekonomik olarak da güçlü kildi. Avustralya'nin koloniden Ingiliz Milletler Toplulugu'na geçisiyle birlikte, ulusal baskent için Yeni Güney Galler ve Victoria arasindaki rekabet uzlasmaya yol açti: Canberra sehri, Sydney ve Melbourne arasindaki bos bir alana insa edilecek ve daha sonra çogu Avustralyali tarafindan derhal gözden kaçirilacakti.</Text>
    </Row>
    <Row Tag="LOC_PEDIA_CIVILIZATIONS_PAGE_CIVILIZATION_QUEENSLAND_CHAPTER_HISTORY_PARA_1">
      <Text>Avustralya'nin yemyesil kuzeydogu bölgesi dogal güzellikleri ve - Queensland'li olmayan Avustralyalilara göre - ihraç edilmeden önce bükülmesi gereken dogal olmayan düz muzlariyla taninir. (Bir zamanlar Avustralya'daki en büyük Aborijin nüfusuna sahipti, ancak bu durum Ingiliz sömürgecilerin gelisi, hastaliklari ve 19. yüzyilin baslarinda yasanan bir dizi kanli çatismayla degisti.</Text>
    </Row>
    <Row Tag="LOC_PEDIA_CIVILIZATIONS_PAGE_CIVILIZATION_QUEENSLAND_CHAPTER_HISTORY_PARA_2">
      <Text>Queensland 1859 yilinda Yeni Güney Galler'den ayrilarak kendi Kraliyet kolonisi haline geldiginde, 1824 yilinda bir ceza kolonisi olarak kurulan Brisbane baskent olarak seçilme sansina sahip olmustur. Bu durum özellikle Queensland'de altinin kesfedilmesiyle ortaya çikmis ve 19. Yüzyilin arka yarisi boyunca çok sayida altina hücuma yol açmistir. Cok sayida milli parka ek olarak, Büyük Set Resifi Queensland'in dogu kiyilarinin çogunda bulunabilir.</Text>
    </Row>
    <Row Tag="LOC_PEDIA_CIVILIZATIONS_PAGE_CIVILIZATION_WESTERN_AUSTRALIA_CHAPTER_HISTORY_PARA_1">
      <Text>Avustralya kitasinin batidaki üçte birlik bölümü, "Blasted Hellscape (and Perth)" 19. yüzyil haritalari için fazla müstehcen oldugu için bu adla anilan Bati Avustralya'yi kapsar. Bati Avustralyalilara bu lakap, ya azimlerine bir övgü ya da kafalarini topraga gömdüklerini söylemenin ince bir yolu olan kum çekirgesi adi verilen, özellikle dirençli bir yuva yapan çekirgeden gelmektedir.</Text>
    </Row>
    <Row Tag="LOC_PEDIA_CIVILIZATIONS_PAGE_CIVILIZATION_WESTERN_AUSTRALIA_CHAPTER_HISTORY_PARA_2">
      <Text>Perth yerlesimi 1829 yilinda kuruldu ve kisa süre içinde Bati Avustralya'nin baskenti oldu. Bati Avustralyalilarin büyük çogunlugunun ikamet edecegi iliman güneybati kösesinde yer alan Perth o kadar izole bir konumdaydi ki Melbourne'e deniz yoluyla ulasmak bir hafta sürebiliyordu.</Text>
    </Row>
    <Row Tag="LOC_PEDIA_CIVILIZATIONS_PAGE_CIVILIZATION_WESTERN_AUSTRALIA_CHAPTER_HISTORY_PARA_3">
      <Text>Bati Avustralya, en iyi ihtimalle seyrek nüfuslu, uçsuz bucaksiz ve issiz Tasrasi ile bilinir. Bati Avustralyalilarin çogu kiyilarda yasar ve sahip çikilacak çok fazla kiyi oldugu için balikçilik her zaman koloni ekonomisinin önemli bir parçasi olmustur.</Text>
    </Row>
    <Row Tag="LOC_PEDIA_CIVILIZATIONS_PAGE_CIVILIZATION_VICTORIA_CHAPTER_HISTORY_PARA_1">
      <Text>Avustralya'nin çogunlukla iliman olan güneydogu bölgesi uzun zamandir bir bahçe eyaleti olarak ün kazanmistir. Her ne kadar lahana üretimi yil boyunca devam etse de, her Victoria'li kendi bahçesinin bakimindan bizzat sorumlu degildir.</Text>
    </Row>
    <Row Tag="LOC_PEDIA_CIVILIZATIONS_PAGE_CIVILIZATION_VICTORIA_CHAPTER_HISTORY_PARA_2">
      <Text>Melbourne 1835 yilinda John Batman tarafindan kurulmustur. Bölgedeki ilk yerlesim yeri degildi, ancak 1851'de yeni Kraliyet kolonisi Victoria, Yeni Güney Galler'den ayrildiginda baskent seçilecek kadar önem kazandi. Ayni yil büyük miktarda altin kesfeden ve kolonilerine birçok yeni yüz getirecek olan altina hücumu baslatan Victorialilar için iyi sans.</Text>
    </Row>
    <Row Tag="LOC_PEDIA_CIVILIZATIONS_PAGE_CIVILIZATION_VICTORIA_CHAPTER_HISTORY_PARA_3">
      <Text>Maden aramakta ya da madencilikte sanslari yaver gitmeyenler, zengin olan insanlarin çevresinde, hizmet ya da kurnazlik yoluyla dogrudan altin çikarmalarina izin veren ilimli (Avustralya için) bir iklimde yasamaya devam ediyorlardi. 1893'te yasanan aci verici bir ekonomik çöküs disinda Victoria'nin serveti artmaya devam etti.</Text>
    </Row>
    <Row Tag="LOC_PEDIA_CIVILIZATIONS_PAGE_CIVILIZATION_SOUTH_AUSTRALIA_CHAPTER_HISTORY_PARA_1">
      <Text>Avustralya'nin orta güney bölgesi, iliman kiyi arazisi, daha az iliman çaliliklar ve affetmeyen Outback'ten olusur. Sömürgecilerin baska yiyecek olmadiginda kargalari tüketmekle ünlenmis olmalarina ragmen, bu bir efsanedir  aç Güney Avustralyali sömürgeciler çok daha lezzetli olan papagan ve kakadulari tercih etmislerdir.</Text>
    </Row>
    <Row Tag="LOC_PEDIA_CIVILIZATIONS_PAGE_CIVILIZATION_SOUTH_AUSTRALIA_CHAPTER_HISTORY_PARA_2">
      <Text>Güney Avustralya, Britanya Parlamentosu'nun karariyla kurulan tek koloniydi. Kasitli olarak cezai isçiligi yasaklayan özgür bir koloni olarak tasarlanan koloni, yeni bir baslangiç yapmak isteyen yoksul göçmenlere kucak açti, dini özgürlük ilkelerinde israr etti ve Aborjinler için toprak haklarini garanti altina aldi. Koloni, 1836'da Adelaide'de kurulusundan itibaren ilkelerine büyük ölçüde bagli kaldi.</Text>
    </Row>
    <Row Tag="LOC_PEDIA_CIVILIZATIONS_PAGE_CIVILIZATION_SOUTH_AUSTRALIA_CHAPTER_HISTORY_PARA_3">
      <Text>Outback istasyonlari Güney Avustralya genelinde koyun yetistiriyordu. Kolonide hiçbir zaman gerçek bir altina hücum yasanmamis olsa da, genis bugday tarlalari 19. Yüzyilin sonunda Avustralya'nin büyük bölümünü besleyecekti.</Text>
    </Row>
    <Row Tag="LOC_PEDIA_CIVICS_PAGE_CIVIC_AERIAL_SERVICES_CHAPTER_HISTORY_PARA_1">
      <Text>Radyo ve uçagin ortaya çikisi Avustralya'nin ücra köselerindeki yerlesimlerde yasami degistirdi. Egitim ve tibbi bakim, daha önce kendi baslarinin çaresine bakmak zorunda olan tasra sakinleri için aniden uygulanabilir hale geldi. Evleri uzakta olsa da, 20. yüzyilin bu son teknoloji yenilikleri uzak Avustralyalilari birbirine yakinlastirdi.</Text>
    </Row>
    <Row Tag="LOC_PEDIA_CIVICS_PAGE_CIVIC_CROWN_COLONY_CHAPTER_HISTORY_PARA_1">
      <Text>19'uncu yüzyilin ortalarina gelindiginde, Avustralya kitasi artik dizanteri ve diger tehlikelerle dolu uzak esir kamplari toplulugu degil, bunun yerine yeniden baslanabilecek ve (belki de) bir servet kazanilabilecek cazip bir uzak ülkeydi. Bir dereceye kadar kendi kendilerini yönetmelerine ragmen, inkar edilemez bir sekilde Ingiliz olarak kaldilar.</Text>
    </Row>
    <Row Tag="LOC_PEDIA_CIVICS_PAGE_CIVIC_CRUISE_LINES_CHAPTER_HISTORY_PARA_1">
      <Text>Okyanus yolculugu 20. yüzyilin ilk yarisinda Avustralya'ya ulasmanin tek güvenilir ve (çogunlukla) güvenli yoluydu. Yeni kurulan Avustralya Milletler Toplulugu federal parayi milli parklar için harcarken, Avustralya yolcu gemileri insanlari bu parklarin ihtisamini deneyimlemeye getirdi ve Antipodean turizm endüstrisini mümkün kildi.</Text>
    </Row>
    <Row Tag="LOC_PEDIA_CIVICS_PAGE_CIVIC_FEDERATION_CHAPTER_HISTORY_PARA_1">
      <Text>Avustralya Milletler Toplulugu 20. Yüzyilin safaginda kuruldu. Avustralyalilar ulusal bir kimlik, daha az kafa karistirici bir tarife politikasi ve temel hükümet kurumlari (Parlamento ve Yüksek Mahkeme) kazandilar. Ayrica, kismen Melbourne ve Sydney'in ayricalik için tartismasini önlemek için tasarlanmis ulusal bir baskent olan Canberra'yi da kazandilar.</Text>
    </Row>
    <Row Tag="LOC_PEDIA_CIVICS_PAGE_CIVIC_GOLD_RUSH_CHAPTER_HISTORY_PARA_1">
      <Text>1851 yilina gelindiginde, Kaliforniya altin madenlerinde kazanilan servet tüm dünyada biliniyordu. Edward Hargraves ve John Lister Yeni Güney Galler'de önemli miktarda altin kesfettiginde, Avustralya'daki altina hücum nüfus ithal etti, zenginlik ihraç etti ve göçmenlerin "istenen etnik kökenleri" konusunda önemli sosyal gerilimlere neden oldu.</Text>
    </Row>
    <Row Tag="LOC_PEDIA_CIVICS_PAGE_CIVIC_GREAT_WAR_CHAPTER_HISTORY_PARA_1">
      <Text>Birinci Dünya Savasi'nin savas alanlari Avustralya topraklarindan çok uzakta olmasina ragmen, Ingiliz Milletler Toplulugu yine de Büyük Britanya adina savasmak üzere 400.000'den fazla gönüllü gönderdi. Orta Dogu ve Bati Cephesi'ndeki birlikleriyle Avustralya savasa federe koloniler olarak girdi ama bir ulus olarak çikti.</Text>
    </Row>
    <Row Tag="LOC_PEDIA_CIVICS_PAGE_CIVIC_PASTORAL_LEASES_CHAPTER_HISTORY_PARA_1">
      <Text>Avustralya kolonileri hayvancilik için uygun arazileri resmi olarak arastirdikça, bu arazileri otlakçilara kiralamaya basladilar. Tipik olarak çok büyük arazileri kapsayan Outback istasyonlari, 1860'larin sonlarinda gecekonducular tarafindan ögrenilen zor bir ders olan kurakliga neden olmadan otlaklari yeterince destekleyecek alana ihtiyaç duyuyordu.</Text>
    </Row>
    <Row Tag="LOC_PEDIA_CIVICS_PAGE_CIVIC_PENAL_COLONY_CHAPTER_HISTORY_PARA_1">
      <Text>Ilk Avustralya kolonileri, dünyanin öbür ucuna gönderilen Ingiliz mahkumlar tarafindan insa edilmistir. Ne yazik ki küçük hirsizlara tarim yapmalarini, maden çikarmalarini ya da tibbi bakim saglamalarini söylemek onlara bu tür yetenekler kazandirmiyor. Yine de yasadiklari zorluklara ragmen, çogu mahkum kolonist sonunda yasayabilir kolonilerin kemiklerini olusturmayi basardi.</Text>
    </Row>
    <Row Tag="LOC_PEDIA_CIVICS_PAGE_CIVIC_SHEEP_REARING_CHAPTER_HISTORY_PARA_1">
      <Text>Ingiltere'nin 19. yüzyilda artan yün arzusu, koyun yetistiriciligi isini Avustralya'nin sömürge ekonomilerinin önemli bir parçasi haline getirdi. Yün, uzun deniz yolculuklari sirasinda bozulmayan birkaç maldan biriydi, bu nedenle uzak sömürge yün üretimi Ingiliz çikarlarina ve Avustralyali otlakçilarin hesaplarina hizmet ediyordu.</Text>
    </Row>
    <Row Tag="LOC_PEDIA_CIVICS_PAGE_CIVIC_WORLD_WAR_II_CHAPTER_HISTORY_PARA_1">
      <Text>Büyük Savas'in aksine, Ikinci Dünya Savasi'nin patlak vermesiyle Avustralya topraklarinda bir isgal tehdidi ortaya çikti. Avustralya birlikleri bir kez daha Büyük Britanya güçlerini desteklemis olsa da, bu birliklerin sevk ve idaresi Ingiliz Milletler Toplulugu tarafindan daha bagimsiz bir sekilde yürütülmekteydi. Bu durum Avustralya ordusunun Pasifik'teki Müttefik kuvvetlerle yakin koordinasyon içinde olmasini sagladi.</Text>
    </Row>
    <Replace Tag="LOC_PEDIA_FEATURES_PAGE_FEATURE_PANTANAL_CHAPTER_HISTORY_PARA_1">
      <Text>The lush natural region of Kakadu is home to such unique varieties of flora and fauna that many remain uncategorized in modern times. It is also home to Aboriginal people thought to have lived in the area for at least 20,000 years. Extensive rock art, some of it thousands of years old, reveals the history of the local Aboriginal people. Multiple attempts at European colonization in the 19th Century failed due to Kakadu’s inhospitable terrain.</Text>
    </Replace>
    <Replace Tag="LOC_PEDIA_FEATURES_PAGE_FEATURE_TSINGY_CHAPTER_HISTORY_PARA_1">
      <Text>Near the southwestern coast of the Australian continent are a series of strange rock formations reminiscent of fingertips reaching forth from the sands in which they are situated. These limestone formations are formed from decomposed marine life of an earlier era, though no one theory reveals how they came to exist in their current form. Until their incorporation into a national park in the 1960s, their most common living visitors were kangaroos.</Text>
    </Replace>
    <Replace Tag="LOC_PEDIA_CONCEPTS_PAGE_TOURISM_4_CHAPTER_CONTENT_PARA_1">
      <Text>Designating National Parks can greatly enhance [ICON_Gold] Gold and [ICON_Amenities] Amenities. National Parks are designated by Naturalist units, which may be trained or purchased in your city after researching the Conservation civic.</Text>
    </Replace>
    <Replace Tag="LOC_PEDIA_CONCEPTS_PAGE_TOURISM_4_CHAPTER_CONTENT_PARA_5">
      <Text>A National Park's [ICON_Gold] Gold output is equal to the total Appeal of all the tiles included in the park. Additionally, the city that owns the park receives 2 [ICON_Amenities] Amenities, and the four closest cities in your civilization receive 1 [ICON_Amenities] Amenity.</Text>
    </Replace>
    <Row Tag="LOC_PEDIA_GOVERNMENTS_PAGE_GOVERNMENT_PENAL_SETTLEMENT_CHAPTER_HISTORY_PARA_1">
      <Text>Sömürgecilik hevesleri olan, kendi adina uzak topraklar talep eden ve ceza adaletine yaratici bir yaklasimi olan bir ulus, ceza yerlesimlerini kurabilirdi. Bu sözlesmeli kölelik sistemi, mahkumlari uzak ve sert topraklara göndererek sömürgeci kurulusun yorucu ve tehlikeli islerini yapmalarini sagliyordu. Genellikle gardiyan olarak görev yapan bir vali tarafindan yönetilen mahkumlarin kaçacak hiçbir yeri yoktu. Ancak, insa ettikleri seylerin mülkiyeti olan toplumsal borçlarini ödemeleri için tesvikler vardi.</Text>
    </Row>
    <Row Tag="LOC_PEDIA_GOVERNMENTS_PAGE_GOVERNMENT_COLONIAL_GOVERNMENT_CHAPTER_HISTORY_PARA_1">
      <Text>Bir ceza kolonisi kendi kendini idame ettirebilir hale geldiginde, sözlesmeli hizmetkârlar üzerinde mutlak otoriteye sahip bir validen daha fazlasina ihtiyaç duyuyordu. Sert sömürge adaleti, basarili tüccarlar ve servetlerini degistirmek isteyenler için tam olarak bir satis noktasi degildi. Sonuç olarak, gerçek bir sömürge hükümeti, sakinlerine sinirli yerel ve bölgesel yönetim sagladi. Koloni genisledikçe siyasi makamlar da genisliyor, bu da koloni baskentinin disaridaki yerlesim yerlerine destek saglamasina (ve daha da önemlisi vergi vermesine) olanak taniyordu.</Text>
    </Row>
    <Row Tag="LOC_PEDIA_GOVERNMENTS_PAGE_GOVERNMENT_STATE_GOVERNMENT_CHAPTER_HISTORY_PARA_1">
      <Text>Federe devletlerin kurulmasi, ulusal bir sistem içinde bölgesel özyönetimi tesis etmistir. Federal düzeyde yürürlüge konan ve uygulanan federal anayasanin açik politikalari, eyalet hükümetlerinin yerel meseleleri yönetmesine ve ulusal temsil yoluyla ulusal politikayi etkilemesine izin verdi. Esasen eyalet hükümetleri çesitli pastalarda parmaklarini tutuyor, yeni pastalara ücretsiz parmaklar eklemek için çalisiyor ve baska bir eyaletin kendilerinden daha fazla pastaya sahip oldugu gözlemlendiginde yüksek sesle esitlik konusunda israr ediyorlardi.</Text>
    </Row>
    <Row Tag="LOC_PEDIA_GOVERNMENTS_PAGE_POLICY_LAND_GRANTS_CHAPTER_HISTORY_PARA_1">
      <Text>Sömürge valileri iyi durumdaki sömürgecilere toprak verebilirdi, ancak topragi isleyen gecekonducularin mahkum edilmesine genellikle göz yumarlardi.</Text>
    </Row>
    <Row Tag="LOC_PEDIA_GOVERNMENTS_PAGE_POLICY_FIRST_FLEET_CHAPTER_HISTORY_PARA_1">
      <Text>Alti mahkûm gemisi, iki donanma gemisi ve üç ikmal gemisi 1788'de Avustralya'ya ulasti. Balikçilik baslangiçta azalan koloni stoklarini takviye etmenin tek yoluydu.</Text>
    </Row>
    <Row Tag="LOC_PEDIA_GOVERNMENTS_PAGE_POLICY_REWARDS_OFFERED_CHAPTER_HISTORY_PARA_1">
      <Text>1851'de Avustralya'da yasanan altina hücum, sömürge hükümetlerinin altin tarlalarindan çikarilan cevher için kazançli ödüller sunmasina yol açti. Tavasi olan herkes altin arayicisi oldu.</Text>
    </Row>
    <Row Tag="LOC_PEDIA_GOVERNMENTS_PAGE_POLICY_TERRA_NULLIUS_CHAPTER_HISTORY_PARA_1">
      <Text>1835 yilinda Avustralya'nin taninabilir bir hükümdari olmaksizin "kimsenin topragi" olarak ilan edilmesi, Aborijinlerin varligina ragmen kolonilerin bölgeyi kendi topraklari olarak iddia etmelerine izin verdi.</Text>
    </Row>
    <Row Tag="LOC_PEDIA_GOVERNMENTS_PAGE_POLICY_COLONIAL_ARCHITECTS_CHAPTER_HISTORY_PARA_1">
      <Text>Cezaevindeki sömürgecilerin baslangiçtaki gelisigüzel gelisiminin ardindan, sömürge valileri kolonilerin gelisimini planlamak üzere çesitli yetenekli ve uzman zanaatkârlari görevlendirdi.</Text>
    </Row>
    <Row Tag="LOC_PEDIA_GOVERNMENTS_PAGE_POLICY_PARRAMATTA_ROAD_CHAPTER_HISTORY_PARA_1">
      <Text>Ilk ve en eski Avustralya yolu, sömürge sehirleri Sidney ve Parramatta'yi birbirine bagliyordu. Bu tür bir altyapi gelisimi, kapsamli bir sömürge otoyol sistemine yol açti.</Text>
    </Row>
    <Row Tag="LOC_PEDIA_GOVERNMENTS_PAGE_POLICY_TICKET_OF_LEAVE_CHAPTER_HISTORY_PARA_1">
      <Text>Sartli tahliye belgesi, kendi geçimini saglayabilen hükümlülere ya da iyi hal ödülü olarak verilir ve sömürge bölgelerinde çalismalarina izin verilirdi.</Text>
    </Row>
    <Row Tag="LOC_PEDIA_GOVERNMENTS_PAGE_POLICY_MOUNTED_STOCKMEN_CHAPTER_HISTORY_PARA_1">
      <Text>Atli hayvancilar, Tasra istasyonlarina verilen genis meralarda çalisiyordu. Genis arazilere dagilmis sürülerle basa çikma konusunda ustaydilar.</Text>
    </Row>
    <Row Tag="LOC_PEDIA_GOVERNMENTS_PAGE_POLICY_TRANS_AUSTRALIAN_RAILWAY_CHAPTER_HISTORY_PARA_1">
      <Text>Ingiliz Milletler Toplulugu'na dönüsmesinin ardindan Trans-Avustralya Demiryolu'nun insasi, Bati Avustralya'daki Perth'ten Dogu Avustralya'daki Sidney'e güvenilir ve düzenli ulasim imkani sagladi.</Text>
    </Row>
    <Row Tag="LOC_PEDIA_GOVERNMENTS_PAGE_POLICY_FEED_THE_TROOPS_CHAPTER_HISTORY_PARA_1">
      <Text>AIF birlikleri uzak diyarlardaki seferleri sirasinda düzenli bir yiyecek kaynagina ihtiyaç duyuyordu. Uzun ömürlü (ve dis kirici) sert tack, Gelibolu ve ötesinde askerlerin beslenmesini sagladi.</Text>
    </Row>
    <Row Tag="LOC_PEDIA_GOVERNMENTS_PAGE_POLICY_GALLIPOLLI_CHAPTER_HISTORY_PARA_1">
      <Text>Gelibolu nihayetinde Müttefik kuvvetler için bir yenilgi olsa da, AIF birliklerinin zorlu mücadelesi Avustralya'nin iç cephesindeki popüler görüsü ele geçirdi.</Text>
    </Row>
    <Row Tag="LOC_PEDIA_GOVERNMENTS_PAGE_POLICY_SCHOOL_OF_THE_AIR_CHAPTER_HISTORY_PARA_1">
      <Text>Radyonun yayginlasmasi, okul programlarinin Avustralya'nin uzak bölgelerine kadar yayinlanabilmesi anlamina geliyordu. Bu sayede tasranin en ücra köselerinde bile egitim yapilabiliyordu.</Text>
    </Row>
    <Row Tag="LOC_PEDIA_GOVERNMENTS_PAGE_POLICY_FLYING_DOCTORS_CHAPTER_HISTORY_PARA_1">
      <Text>Uçan Doktor Hizmeti, Avustralya'nin uzak bölgelerindeki insanlarin tibbi ihtiyaçlarini desteklemek için hava tasimaciligi ve telsiz kombinasyonunu kullandi.</Text>
    </Row>
    <Row Tag="LOC_PEDIA_GOVERNMENTS_PAGE_POLICY_MILITARY_MATERIEL_CHAPTER_HISTORY_PARA_1">
      <Text>Avustralya'nin savas ekonomisi silahlar, askeri araçlar ve savas gemileri insa etmek için hammaddeye ihtiyaç duyuyordu. Bu önceliklendirme, ülkenin hayati savas ihtiyaçlarini karsilayan madencilik çabalarinin artmasina yol açti.</Text>
    </Row>
    <Row Tag="LOC_PEDIA_GOVERNMENTS_PAGE_POLICY_INVASION_THREAT_CHAPTER_HISTORY_PARA_1">
      <Text>Japon isgali korkusu, Avustralya'nin savunmasina yardimci oldugu sürece, askere alinmis milislerin Avustralya sinirlari ötesine konuslandirilmasina izin veren bir politikaya yol açti.</Text>
    </Row>
    <Row Tag="LOC_PEDIA_GOVERNMENTS_PAGE_POLICY_SEAFOOD_PRESERVATION_CHAPTER_HISTORY_PARA_1">
      <Text>Ikinci Dünya Savasi sonrasi göçün artmasi Avustralya'nin balik endüstrisinde önemli bir genislemeye yol açti. Karidesler ve kaya istakozlari degerli ihracat ürünleri haline gelmistir.</Text>
    </Row>
    <Row Tag="LOC_PEDIA_GOVERNMENTS_PAGE_POLICY_PARK_RANGERS_CHAPTER_HISTORY_PARA_1">
      <Text>Avustralyali park koruculari, hem arazinin dogal özelliklerinden hem de onu deneyimlemeye gelen ziyaretçilerin refahindan sorumludur.</Text>
    </Row>
    <Row Tag="LOC_PEDIA_RESOURCES_PAGE_RESOURCE_GOLD_CHAPTER_HISTORY_PARA_1">
      <Text>Altin 19. yüzyilin baslarinda kesfedilmis olmasina ragmen, Avustralya 1851 yilina kadar "altin hummasi" hastaligina yakalanmamisti. O kadar çok altin cevheri çikarildi ki, Ingiltere Sydney Darphanesini açti ve ilk kez Ingiliz sikkelerinin Ingiltere disinda basilmasina izin verildi. Altin sürekli olarak Avustralya'nin kârli bir ihracati olmaya devam etmistir.</Text>
    </Row>
    <Row Tag="LOC_PEDIA_UNITS_PAGE_UNIT_PROSPECTOR_CHAPTER_HISTORY_PARA_1">
      <Text>19. yüzyilda Avustralya'da altinin kesfedilmesinden bu yana, maden arayicilari uzun süredir antipodean topraklarinda servetlerini aramaktadir. Fossicker'larin (altin, gümüs ya da opal için yiginlari eglence olsun diye eleyenler) aksine, zenginlige ulasmak bu "profesyonel amatör" madencilerin elindedir - yeter ki dogru iddiada bulunsunlar.</Text>
    </Row>
    <Row Tag="LOC_PEDIA_UNITS_PAGE_UNIT_GRAZIER_CHAPTER_HISTORY_PARA_1">
      <Text>Avustralya'nin pek de misafirperver olmayan otlaklarinda sigir ve koyunlari beslemek için genellikle genis olan pastoral arazilerde sürülere bakan ve hayvancilik dostu ekinler yetistiren otlakçilar, Outback istasyonlarinin demirbaslaridir. Ister peynir yapsinlar, ister koyun kirksinlar ya da dingo öldürsünler, grazierler Avustralya'nin kârli hayvancilik endüstrisinin ilk adimini olustururlar.</Text>
    </Row>
    <Row Tag="LOC_PEDIA_UNITS_PAGE_UNIT_FARMER_CHAPTER_HISTORY_PARA_1">
      <Text>Avustralyali çiftçilerin yasadigi sikintilar çok sayida ve çesitlidir. Toprak erozyonu, korkunç deve dikeni ve tavsan salginlari, kurakliga egilimli topraklardan bahsetmeye bile gerek yok. Yine de bu zor hayat, bu ise gönül verenler ve nereye yerleseceklerini iyi bilenler için oldukça kazançli olabilir.</Text>
    </Row>
    <Row Tag="LOC_PEDIA_UNITS_PAGE_UNIT_FISHER_CHAPTER_HISTORY_PARA_1">
      <Text>Avustralya akciger baligi, Murray morinasi ya da bati sazan baligi olsun, yetenekli bir balikçi hepsini yakalayabilir  bu, dünyanin en kurak kitasi olan Avustralya'da biraz zor bir tekliftir. Cesur kaya avcilari, kiyi kayaliklarindan deniz canlilarini yakalayarak tatli su sikintilarindan kurtulurlar... ve onlari yakalamak için disari çikan tuzlu su timsahlarindan kaçinirlar.</Text>
    </Row>
    <Row Tag="LOC_PEDIA_UNITS_PAGE_UNIT_EXPLORER_CHAPTER_HISTORY_PARA_1">
      <Text>Avustralya'daki sömürgeci kasifler genellikle cesur, hirsli ve çabalari için söhret ve taninma arayan insanlardi. Ne yazik ki onlar için Tasra, arzularina çok az sempati duyuyordu. Tehlikeleri hakkinda temel bir anlayisa sahip olmadan çaliliklara dogru yola çikanlarin çok azi zarar görmeden geri dönebildi. Bazilari ise hiç dönemedi.</Text>
    </Row>
  </EnglishText>
</GameData>