﻿<?xml version="1.0" encoding="utf-8"?>
<GameData>
  <EnglishText>
    <!--Persian Cities-->
    <Row Tag="LOC_CITY_NAME_SCENARIO_BABYLON">
      <Text>Babil</Text>
    </Row>
    <Row Tag="LOC_CITY_NAME_SCENARIO_GAZA">
      <Text>Gazze</Text>
    </Row>
    <Row Tag="LOC_CITY_NAME_SCENARIO_TYRE">
      <Text>Lastik</Text>
    </Row>
    <Row Tag="LOC_CITY_NAME_SCENARIO_ARBELA">
      <Text>Arbela</Text>
    </Row>
    <Row Tag="LOC_CITY_NAME_SCENARIO_TUSA">
      <Text>Tusa</Text>
    </Row>
    <!--City States-->
    <Row Tag="LOC_CITY_NAME_SCENARIO_PATALA">
      <Text>Patala</Text>
    </Row>
    <Row Tag="LOC_CIVILIZATION_SCENARIO_MARAKANDA_NAME">
      <Text>Marakanda</Text>
    </Row>
    <Row Tag="LOC_CIVILIZATION_SCENARIO_PATALA_NAME">
      <Text>Patala</Text>
    </Row>
    <Row Tag="LOC_CIVILIZATION_SCENARIO_ATHENS_DESCRIPTION">
      <Text>Atina Sehir Eyalet</Text>
    </Row>
    <Row Tag="LOC_CIVILIZATION_SCENARIO_MARAKANDA_DESCRIPTION">
      <Text>Marakanda Sehir Eyaleti</Text>
    </Row>
    <Row Tag="LOC_CIVILIZATION_SCENARIO_PATALA_DESCRIPTION">
      <Text>Patala Sehir Eyalet</Text>
    </Row>
    <Row Tag="LOC_CIVILIZATION_SCENARIO_ATHENS_ADJECTIVE">
      <Text>Atinali</Text>
    </Row>
    <Row Tag="LOC_CIVILIZATION_SCENARIO_MARAKANDA_ADJECTIVE">
      <Text>Marakanda</Text>
    </Row>
    <Row Tag="LOC_CIVILIZATION_SCENARIO_PATALA_ADJECTIVE">
      <Text>Patala</Text>
    </Row>
    <!--Great Person-->
    <Row Tag="LOC_GREAT_PERSON_INDIVIDUAL_SCENARIO_ALEXANDER_NAME">
      <Text>Büyük Iskender</Text>
    </Row>
    <Row Tag="LOC_GREAT_PERSON_INDIVIDUAL_COENUS_NAME">
      <Text>Coenus</Text>
    </Row>
    <Row Tag="LOC_GREAT_PERSON_INDIVIDUAL_SELEUCUS_NAME">
      <Text>Seleucus</Text>
    </Row>
    <Row Tag="LOC_GREAT_PERSON_INDIVIDUAL_CRATERUS_NAME">
      <Text>Kraterus</Text>
    </Row>
    <Row Tag="LOC_GREAT_PERSON_INDIVIDUAL_MELEAGER_NAME">
      <Text>Meleager</Text>
    </Row>
    <Row Tag="LOC_GREAT_PERSON_INDIVIDUAL_POLYPERCHON_NAME">
      <Text>Polyperchon</Text>
    </Row>
    <Row Tag="LOC_GREAT_PERSON_INDIVIDUAL_ANTIGENES_NAME">
      <Text>Antijenler</Text>
    </Row>
    <Row Tag="LOC_GREAT_PERSON_INDIVIDUAL_HEPHAESTION_NAME">
      <Text>Hephaestion</Text>
    </Row>
    <Row Tag="LOC_GREAT_PERSON_INDIVIDUAL_CLEITUS_NAME">
      <Text>Siyah Cleitus</Text>
    </Row>
    <Row Tag="LOC_GREAT_PERSON_INDIVIDUAL_PERDICCAS_NAME">
      <Text>Perdiccas</Text>
    </Row>
    <Row Tag="LOC_GREAT_PERSON_INDIVIDUAL_PHILOTAS_NAME">
      <Text>Philotas</Text>
    </Row>
    <Row Tag="LOC_GREAT_PERSON_INDIVIDUAL_LEONNATUS_NAME">
      <Text>Leonnatus</Text>
    </Row>
    <Row Tag="LOC_GREAT_PERSON_INDIVIDUAL_ERIGYIUS_NAME">
      <Text>Erigyius</Text>
    </Row>
    <!--Great Person Area of Effect-->
    <Row Tag="LOC_GREATPERSON_SINGLE_COMBAT_STRENGTH_AOE_LAND_MODIFIER">
      <Text>Büyük General'den +5 [ICON_Strength] Savas Bonusu.</Text>
    </Row>
    <Row Tag="LOC_GREATPERSON_SINGLE_COMBAT_STRENGTH_AOE_LAND">
      <Text>2 karo içindeki tüm birimlere +5 [ICON_Strength] Savas Gücü ve +2 [ICON_Movement] Hareket.</Text>
    </Row>
    <Row Tag="LOC_GREATPERSON_SINGLE_MOVEMENT_AOE_LAND_MODIFIER">
      <Text>+1 [ICON_Movement] Tüm birimlere hareket.</Text>
    </Row>
    <Row Tag="LOC_GREATPERSON_DOUBLE_COMBAT_STRENGTH_AOE_LAND_MODIFIER">
      <Text>Büyük General'den +10 [ICON_Strength] Savas Bonusu.</Text>
    </Row>
    <Row Tag="LOC_GREATPERSON_DOUBLE_COMBAT_STRENGTH_AOE_LAND">
      <Text>2 karo içindeki tüm birimlere +10 [ICON_Strength] Savas Gücü ve +1 [ICON_Movement] Hareket.</Text>
    </Row>
    <Row Tag="LOC_GREATPERSON_DOUBLE_MOVEMENT_AOE_LAND_MODIFIER">
      <Text>Tüm birimlere +2 [ICON_Movement] Hareket.</Text>
    </Row>
    <Row Tag="LOC_GREATPERSON_TRIPLE_COMBAT_STRENGTH_AOE_LAND_MODIFIER">
      <Text>Büyük General'den +15 [ICON_Strength] Savas Bonusu.</Text>
    </Row>
    <Row Tag="LOC_GREATPERSON_TRIPLE_COMBAT_STRENGTH_AOE_LAND">
      <Text>2 karo içindeki tüm birimlere +15 [ICON_Strength] Savas Gücü ve +3 [ICON_Movement] Hareket.</Text>
    </Row>
    <Row Tag="LOC_GREATPERSON_TRIPLE_MOVEMENT_AOE_LAND_MODIFIER">
      <Text>Tüm birimlere +3 [ICON_Movement] Hareket.</Text>
    </Row>
    <!--Route -->
    <Row Tag="LOC_ROUTE_SCENARIO_ANCIENT_ROAD_DESCRIPTION">
      <Text>Bir yol karesinden digerine hareket eden herhangi bir birimin hareket hizini artirir [ICON_Movement].</Text>
    </Row>
    <Row Tag="LOC_ROUTE_SCENARIO_MEDIEVAL_ROAD_DESCRIPTION">
      <Text>Bir yol karesinden digerine hareket eden herhangi bir birimin hareket hizini artirir [ICON_Movement].</Text>
    </Row>
    <!--Unit -->
    <Row Tag="LOC_UNIT_SCENARIO_GREEK_HOPLITE_DESCRIPTION">
      <Text>Mizrakçinin yerini alan Yunan'a özgü Antik dönem birimi. Hasar gördügünde savas cezalarina maruz kalmaz.</Text>
    </Row>
    <!--Scoring -->
    <Row Tag="LOC_ALEXANDER_SCENARIO_WORLD_RANKING_1">
      <Text>Özel Senaryo Kurallari:</Text>
    </Row>
    <Row Tag="LOC_ALEXANDER_SCENARIO_WORLD_RANKING_2">
      <Text>Teknoloji Agaci, Yurttaslik Agaci, Politikalar, Diplomasi veya Din yok. Makedonya herkesle savas halindedir. Baris mümkün degildir ve sehir isgali cezasi tüm senaryo boyunca sürer.</Text>
    </Row>
    <Row Tag="LOC_ALEXANDER_SCENARIO_WORLD_RANKING_3">
      <Text>Büyük Iskender Generali öldürülürse senaryo kaybedilir. Baska bir Büyük General ortadan kaldirilirsa sadece oyundan çikarilirlar. [ICON_GreatGeneral] Büyük General puanlari yalnizca Hypaspists ve Hetairoi ile birimlerin öldürülmesinden kazanilir.</Text>
    </Row>
    <Row Tag="LOC_ALEXANDER_SCENARIO_WORLD_RANKING_4">
      <Text>Iskender bir karenin içindeyken bir Saray veya Harikaya sahip bir sehri ele geçirdiginizde asagidaki gibi ücretsiz bir birim kazanin:</Text>
    </Row>
    <Row Tag="LOC_ALEXANDER_SCENARIO_WORLD_RANKING_5">
      <Text>[NEWLINE][ICON_Bullet]Atina: 2 Hoplit[NEWLINE][ICON_Bullet]Babil: 1 Okçu[NEWLINE][ICON_Bullet]Halikarnas: 1 Kadirga[NEWLINE][ICON_Bullet]Marakanda: 1 Saka Atli Okçu[NEWLINE][ICON_Bullet]Memphis: 1 Maryannu Savas Arabali Okçu[NEWLINE][ICON_Bullet]Parsa: 2 Ölümsüz[NEWLINE][ICON_Bullet]Patala: 1 Varu</Text>
    </Row>
    <Row Tag="LOC_ALEXANDER_SCENARIO_WORLD_RANKING_6">
      <Text>Fethedilecek sehirler kaldi: {1_Cities}</Text>
    </Row>
    <Row Tag="LOC_ALEXANDER_SCENARIO_WORLD_RANKING_7">
      <Text>Zorluk derecesi: {1_DifficultyName}</Text>
    </Row>
    <Row Tag="LOC_ALEXANDER_SCENARIO_WORLD_RANKING_8">
      <Text>Puan: {1_Score}. [Her Sehir için 5 Puan]</Text>
    </Row>
    <Row Tag="LOC_ALEXANDER_SCENARIO_WORLD_RANKING_9">
      <Text>Bonus Puanlama: {1_Bonus} Bu sirayi kazanirsaniz senaryoyu erken bitirdiginiz için Bonus Puan.</Text>
    </Row>
    <Row Tag="LOC_BUILDING_ALEXANDER_SCENARIO_WALLS_DESCRIPTION">
      <Text>Sehir Merkezi ve Kamp bölgesinin etrafinda Surlar saglar. Surlar, Sehir Merkezi ve Kamp bölgesinden [ICON_Ranged] Menzilli Saldirilara izin verir ve bir sehre saldirilmadan önce yenilmesi gerekir. Senaryo içinde insa edilemez. Surlar yalnizca senaryo baslamadan önce yerlestirilir.</Text>
    </Row>
    <Row Tag="LOC_BUILDING_ALEXANDER_SCENARIO_WONDERS_DESCRIPTION">
      <Text>Bu senaryoda Iskender'in Lider Yetenegi disinda bir etkisi yoktur.</Text>
    </Row>
    <Row Tag="LOC_BUILDING_ALEXANDER_SCENARIO_BASILIKOI_PAIDES_DESCRIPTION">
      <Text>Makedonya'ya özgü bir bina. Bu sehirde egitilen tüm yakin dövüsçü, menzilli kara birimleri ve Hetairoi için +%25 savas deneyimi.</Text>
    </Row>
    <Row Tag="LOC_BUILDING_ALEXANDER_SCENARIO_IMPROVEMENT_PAIRIDAEZA_DESCRIPTION">
      <Text>Pers'e özgü bir Pairidaeza insa etmek için Insaatçi yeteneginin kilidini açar. [NEWLINE][NEWLINE]+1 [ICON_CULTURE] Kültür ve +2 [ICON_GOLD] Altin. +2 Cazibe. Bitisik her Kutsal Alan ve Tiyatro Meydani için +1 [ICON_CULTURE] Kültür. Her bir bitisik Ticari Merkez ve Sehir Merkezi için +1 [ICON_GOLD] Altin.</Text>
    </Row>
    <Row Tag="LOC_ABILITY_GREAT_GENERAL_POINTS_NAME">
      <Text>Harika Genel Noktalar</Text>
    </Row>
    <Row Tag="LOC_ABILITY_GREAT_GENERAL_POINTS_DESCRIPTION">
      <Text>Yenilen her birim için +5 [ICON_GreatGeneral] Büyük General puani.</Text>
    </Row>
    <Row Tag="LOC_ABILITY_GREAT_GENERAL_SINGLE_STRENGTH_NAME">
      <Text>Tek Güç</Text>
    </Row>
    <Row Tag="LOC_ABILITY_GREAT_GENERAL_SINGLE_STRENGTH_DESCRIPTION">
      <Text>Büyük General'den +5 [ICON_Strength] Savas Bonusu.</Text>
    </Row>
    <Row Tag="LOC_ABILITY_GREAT_GENERAL_DOUBLE_STRENGTH_NAME">
      <Text>Cifte Güç</Text>
    </Row>
    <Row Tag="LOC_ABILITY_GREAT_GENERAL_DOUBLE_STRENGTH_DESCRIPTION">
      <Text>Büyük General'den +10 [ICON_Strength] Savas Bonusu.</Text>
    </Row>
    <Row Tag="LOC_ABILITY_GREAT_GENERAL_TRIPLE_STRENGTH_NAME">
      <Text>Üçlü Güç</Text>
    </Row>
    <Row Tag="LOC_ABILITY_GREAT_GENERAL_TRIPLE_STRENGTH_DESCRIPTION">
      <Text>Büyük General'den +15 [ICON_Strength] Savas Bonusu.</Text>
    </Row>
    <Row Tag="LOC_ABILITY_GREAT_GENERAL_SINGLE_MOVEMENT_NAME">
      <Text>Tek Hareket</Text>
    </Row>
    <Row Tag="LOC_ABILITY_GREAT_GENERAL_SINGLE_MOVEMENT_DESCRIPTION">
      <Text>+1 [ICON_Movement] Büyük General'den hareket.</Text>
    </Row>
    <Row Tag="LOC_ABILITY_GREAT_GENERAL_DOUBLE_MOVEMENT_NAME">
      <Text>Cifte Hareket</Text>
    </Row>
    <Row Tag="LOC_ABILITY_GREAT_GENERAL_DOUBLE_MOVEMENT_DESCRIPTION">
      <Text>Büyük General'den +2 [ICON_Movement] Hareket.</Text>
    </Row>
    <Row Tag="LOC_ABILITY_GREAT_GENERAL_TRIPLE_MOVEMENT_NAME">
      <Text>Üçlü Hareket</Text>
    </Row>
    <Row Tag="LOC_ABILITY_GREAT_GENERAL_TRIPLE_MOVEMENT_DESCRIPTION">
      <Text>Büyük General'den +3 [ICON_Movement] Hareket.</Text>
    </Row>
  </EnglishText>
</GameData>