﻿<?xml version="1.0" encoding="utf-8"?>
<GameData>
  <EnglishText>
    <Row Tag="LOC_PEDIA_LEADERS_PAGE_LEADER_DARIUS_III_CHAPTER_HISTORY_PARA_1">
      <Text>Darius III iktidara geldiginde Ahamenis Imparatorlugu bir uçurumun kenarinda, atlari çoktan ayri yönlere kaçmis, kalan tek tekerlegi üzerinde dengede duran tam yüklü bir savas arabasinin islevsel esdegeriydi. Persepolis'e olan uzakliklarini bagimsizliklarini göstermek için kullanan son derece bagimsiz (ve zaman zaman açikça isyankâr) satraplari uzlastirmak Darius'a kalmisti.</Text>
    </Row>
    <Row Tag="LOC_PEDIA_LEADERS_PAGE_LEADER_DARIUS_III_CHAPTER_HISTORY_PARA_2">
      <Text>Ne yazik ki Büyük Iskender, savas arabasindaki degerli her seyi almak ve geriye kalanlara iyi ve hizli bir tekme atmak için geldi. Bir dizi asagilayici yenilginin ardindan Darius sonunda bir darbeye kurban gitti ve bir öküz arabasinin üzerinde ölüme terk edildi.</Text>
    </Row>
    <Row Tag="LOC_PEDIA_CITYSTATES_PAGE_CIVILIZATION_ATHENS_CHAPTER_HISTORY_PARA_1">
      <Text>Atina sehri hem uzun ömrü hem de bati medeniyetini tanimlamaya yardimci olacak kültürel katkilariyla bilinir. M.Ö. 5. yüzyildan itibaren demokrasinin besigi olarak hizmet veren Atina, kriz zamanlarinda diger Yunan sehir devletleriyle ittifak kurmustur. Pers krali Xerxes'in isgalini meshur bir sekilde savusturduktan sonra Atina'nin talihi Peloponez Savasi sirasinda kisa bir süreligine Spartalilarin eline geçti ve ardindan M.Ö. 338'de Philip II'nin bagimsiz Atina'yi bir süreligine sona erdirmesiyle daha da kalici hale geldi. Bununla birlikte, yüzyillar boyunca bir kültür ve bilim merkezi olmaya devam etmistir.</Text>
    </Row>
    <Row Tag="LOC_PEDIA_CITYSTATES_PAGE_CIVILIZATION_MARAKANDA_CHAPTER_HISTORY_PARA_1">
      <Text>Makedonlar tarafindan Maracanda (ve modern zamanlarda Özbek sehri Semerkant) olarak bilinen Pers Sogd satrapliginin baskenti M.Ö. 329 yilinda Büyük Iskender tarafindan fethedilmistir. Yeni yöneticileri tarafindan yeniden canlandirilan Markand, bir Sogd isyanini bastirirken Iskender'in kuvvetleri için evden uzakta bir evdi. Markand, Iskender'in Hindistan'i isgal edecegini ilan ettigi yerdir. Ayni zamanda sarhosken çikan bir tartismanin ardindan generallerinden biri olan Siyah Cleitus'a mizrak firlattigi yerdir. Hem Cleitus hem de Hindistan için kötü sans.</Text>
    </Row>
    <Row Tag="LOC_PEDIA_CITYSTATES_PAGE_CIVILIZATION_PATALA_CHAPTER_HISTORY_PARA_1">
      <Text>Patala antik kenti bugünkü Pakistan topraklarinda bulunmaktaydi, ancak Büyük Iskender zamaninda tam olarak nerede oldugu konusunda net bir fikir birligi yoktur - muhtemelen Hyperabad veya Thatta. Eski metinler buranin Indus Nehri üzerinde, Umman Denizi'ne döküldügü yere yakin bir sehir oldugunu öne sürmektedir. (Indus Nehri'nin iki bin yil boyunca dalgalanmasi cografi karisikligi açiklamaya yardimci olmaktadir). Indus deltasinin topraklari olan Patalene'nin baskenti olan bu sehrin krali, imparatorlugunun güney siniri olan Umman Denizi'ne giden yolu kesfederken birliklerini buraya yerlestiren Iskender'e akillica boyun egmistir.</Text>
    </Row>
    <Row Tag="LOC_PEDIA_GREATPEOPLE_PAGE_GREAT_PERSON_INDIVIDUAL_ANTIGENES_CHAPTER_HISTORY_PARA_1">
      <Text>Tek gözlü Antigenes kariyerine Philip II'nin emrinde baslamis, seferleri boyunca Iskender'in generali olarak sadakatle hizmet etmis ve sonunda Susiana satrapligiyla ödüllendirilmistir. Ne yazik ki Antigenes yanlis halef devletin yaninda yer alma talihsizligini yasamis ve kariyerini bir çukurda diri diri yakilarak sonlandirmistir.</Text>
    </Row>
    <Row Tag="LOC_PEDIA_GREATPEOPLE_PAGE_GREAT_PERSON_INDIVIDUAL_COENUS_CHAPTER_HISTORY_PARA_1">
      <Text>Coenus örnek olarak liderlik etmeyi tercih eden güvenilir bir generaldi. Iskender'le olan mizaç benzerligi, muhtemelen Makedon çekiç ve füzelerinin önemli bir parçasi olan en sagdaki falanksin komutasinin ona verilmesinin nedenidir. Coenus o kadar saygi kazanmisti ki, Iskender'i Hindistan fetihlerinden geri dönmeye ikna etmisti.</Text>
    </Row>
    <Row Tag="LOC_PEDIA_GREATPEOPLE_PAGE_GREAT_PERSON_INDIVIDUAL_CRATERUS_CHAPTER_HISTORY_PARA_1">
      <Text>Yetenekli Craterus Iskender'in en güvenilir komutanlarindan biriydi. Issus ve Tyre'deki erken basarilari, Pers seferi sirasinda Iskender'in yaninda baskomutan olarak görev yapmasini sagladi. Rakibi Philotas'i ihanetle suçlamak gibi politikadan uzak degildi, ancak kralina olan sadakatinde tereddütsüzdü.</Text>
    </Row>
    <Row Tag="LOC_PEDIA_GREATPEOPLE_PAGE_GREAT_PERSON_INDIVIDUAL_MELEAGER_CHAPTER_HISTORY_PARA_1">
      <Text>Meleager Iskender'in generalleri arasinda hiçbir zaman öne çikmamis olsa da, kralinin seferleri boyunca bir falanks tümenine komuta eden güvenilir bir subaydi. Belki de bunun nedeni açik sözlü olmasiydi  Iskender'in ölümünün ardindan mutsuz askerleri sakinlestirmesi istendiginde, general arkadaslarina karsi bir isyana katildi (ve liderlik etti).</Text>
    </Row>
    <Row Tag="LOC_PEDIA_GREATPEOPLE_PAGE_GREAT_PERSON_INDIVIDUAL_POLYPERCHON_CHAPTER_HISTORY_PARA_1">
      <Text>Polyperchon, kralinin ölümüne kadar Iskender'in emrinde bir falanksa komuta etmis olsa da, daha çok sonraki veraset savaslarina katilimiyla taninir. Diadochi'nin en az üç savasi sirasinda sürekli degisen sadakatleri basariyla yönlendiren Polyperchon'un M.Ö. 3. Yüzyil boyunca hayatta kaldigi düsünülmektedir.</Text>
    </Row>
    <Row Tag="LOC_PEDIA_GREATPEOPLE_PAGE_GREAT_PERSON_INDIVIDUAL_SELEUCUS_CHAPTER_HISTORY_PARA_1">
      <Text>Selevkos Iskender'in çagdasiydi ve Makedonyali Philip II'nin en iyi ve en parlak adamlariyla birlikte egitim görmüstü. Iskender'in seferleri sirasinda seçkin hypaspistai'ye komuta etti ve Iskender'in kanatlarini koruma sorumlulugu, Selevkos'un nihayetinde günümüz Türkiye'sinden Afganistan'a kadar uzanan Selevkos Imparatorlugu'nu kurdugu ölümünden sonra da devam etti.</Text>
    </Row>
    <Row Tag="LOC_PEDIA_GREATPEOPLE_PAGE_GREAT_PERSON_INDIVIDUAL_CLEITUS_CHAPTER_HISTORY_PARA_1">
      <Text>Siyah Cleitus, Büyük Iskender'in emrinde süvari generali olarak görev yapmistir. Seferlerinin baslangicinda genç kralin hayatini kurtaran Cleitus, yillar sonra sarhosken gögsüne firlattigi bir mizrakla ve Iskender'in bu olaydan sonra bariz bir sekilde dehsete düsmesiyle bu borcunu ödemek gibi süpheli bir ayricaliga sahiptir.</Text>
    </Row>
    <Row Tag="LOC_PEDIA_GREATPEOPLE_PAGE_GREAT_PERSON_INDIVIDUAL_ERIGYIUS_CHAPTER_HISTORY_PARA_1">
      <Text>Erigyius Iskender'e o kadar sadikti ki, süphelenen Philip II onu Makedonya'dan sürgün ettirdi. Eski kralin ölümü üzerine yeni kralin süvari komutanlarina ihtiyaci vardi ve Erigyius bu görev için biçilmis kaftandi. Iskender'in seferleri boyunca sadakatle hizmet etti, ancak sonunda Baktrialilarla yapilan savasta öldürüldü.</Text>
    </Row>
    <Row Tag="LOC_PEDIA_GREATPEOPLE_PAGE_GREAT_PERSON_INDIVIDUAL_HEPHAESTION_CHAPTER_HISTORY_PARA_1">
      <Text>Büyük Iskender'in çocuklugundan beri en yakin arkadasi olan Hephaistion, Iskender'in seferleri sirasinda hetairoi'ye komuta edecekti. Bu bir iltimas degildi-Hephaestion tartismasiz zeki ve yetenekli bir komutandi. Ani hastaligi ve ölümü, cenazesi için hiçbir masraftan kaçinmayan ve birçok kalici anma töreni planlayan Iskender için agir bir darbe oldu.</Text>
    </Row>
    <Row Tag="LOC_PEDIA_GREATPEOPLE_PAGE_GREAT_PERSON_INDIVIDUAL_LEONNATUS_CHAPTER_HISTORY_PARA_1">
      <Text>Leonnatus, Büyük Iskender'in sadik bir süvari generaliydi ve kralin kisisel korumalarindan biri olacak kadar güvenilir ve yetenekliydi. Iskender'in seferleri boyunca görev yapmistir. Iskender'in ölümünden sonra Leonnatus veraset savaslarina karisti. Lamian Savasi'nda Atinalilarin elinde son buldu.</Text>
    </Row>
    <Row Tag="LOC_PEDIA_GREATPEOPLE_PAGE_GREAT_PERSON_INDIVIDUAL_PERDICCAS_CHAPTER_HISTORY_PARA_1">
      <Text>Perdikkas askeri kariyerine bir falanks komutani olarak baslamis olsa da, Büyük Iskender Hephaistion'un ölümünden sonra onu hetairoi'nin (Yoldas süvariler) komutani olarak atamistir. Iskender'in ölüm dösegindeyken Perdikkas baskomutan ve naip olarak atandi  bu pozisyonu kötü politikalarla çarçur etti ve ilk veraset savasina yol açti.</Text>
    </Row>
    <Row Tag="LOC_PEDIA_GREATPEOPLE_PAGE_GREAT_PERSON_INDIVIDUAL_PHILOTAS_CHAPTER_HISTORY_PARA_1">
      <Text>Philip'in generali Parmenion Iskender'in tahta çikisini destekledi. Buna karsilik yeni kral da Parmenion'un oglu Philotas'i Companion süvarilerinin komutani olarak generallige yükseltti. Savas alanindaki kabiliyetine ragmen, Philotas'in asi damari onu ihanet planlari yapmaya yöneltti ve bu da kendisinin ve babasinin ölümüne neden oldu.</Text>
    </Row>
    <Row Tag="LOC_PEDIA_GREATPEOPLE_PAGE_GREAT_PERSON_INDIVIDUAL_ALEXANDER_CHAPTER_HISTORY_PARA_1">
      <Text>Iskender'in cepheden liderlik etmek gibi bir ünü vardi  askerleriyle ayni (ya da daha fazla) tehlikeyi paylasarak onlara kendini sevdirirdi. Sik sik hetairoi'ye (Yoldas süvariler) savasta önderlik ederdi ve bir keresinde kusatilmis bir sehrin surlarina saldirmak için o kadar sabirsizlanmisti ki, birkaç askeriyle birlikte kendilerini önleri kesilmis ve düsman tarafindan kusatilmis halde buldular. Agir bir yara almasina ragmen, görünüste imkansiz olan bu durumdan kurtuldu ve askerleri onu cesaretinden dolayi daha da çok sevdi - kurnaz Iskender kesinlikle onlari sinirlarinin ötesine itmek için kullandi.</Text>
    </Row>
  </EnglishText>
</GameData>