﻿<?xml version="1.0" encoding="utf-8"?>
<!-- edited with XMLSPY v2004 rel. 2 U (http://www.xmlspy.com) by Ed Beach (Firaxis Games) -->
<GameData>
  <!-- LocBuddy does not yet handle DLC scenarios so for now add the scenario text to the DLC package.-->
  <Language_en_US>
    <Row Tag="TXT_KEY_POLYNESIAN_SCENARIO_CIV_POLYNESIA_ADJECTIVE">
      <Text>Hivan</Text>
    </Row>
    <Row Tag="TXT_KEY_POLYNESIAN_SCENARIO_CIV_POLYNESIA_DESC">
      <Text>Hivan Imparatorlugu</Text>
    </Row>
    <Row Tag="TXT_KEY_POLYNESIAN_SCENARIO_CIV_POLYNESIA_SHORT_DESC">
      <Text>Hiva</Text>
    </Row>
    <Row Tag="TXT_KEY_POLYNESIAN_SCENARIO_CIV_AZTEC_ADJECTIVE">
      <Text>Tongan</Text>
    </Row>
    <Row Tag="TXT_KEY_POLYNESIAN_SCENARIO_CIV_AZTEC_DESC">
      <Text>Tongan Imparatorlugu</Text>
    </Row>
    <Row Tag="TXT_KEY_POLYNESIAN_SCENARIO_CIV_AZTEC_SHORT_DESC">
      <Text>Tonga</Text>
    </Row>
    <Row Tag="TXT_KEY_POLYNESIAN_SCENARIO_CIV_INDIA_ADJECTIVE">
      <Text>Samoali</Text>
    </Row>
    <Row Tag="TXT_KEY_POLYNESIAN_SCENARIO_CIV_INDIA_DESC">
      <Text>Samoa Imparatorlugu</Text>
    </Row>
    <Row Tag="TXT_KEY_POLYNESIAN_SCENARIO_CIV_INDIA_SHORT_DESC">
      <Text>Samoa</Text>
    </Row>
    <Row Tag="TXT_KEY_POLYNESIAN_SCENARIO_CIV_IROQUOIS_ADJECTIVE">
      <Text>Tahitian</Text>
    </Row>
    <Row Tag="TXT_KEY_POLYNESIAN_SCENARIO_CIV_IROQUOIS_DESC">
      <Text>Tahiti Imparatorlugu</Text>
    </Row>
    <Row Tag="TXT_KEY_POLYNESIAN_SCENARIO_CIV_IROQUOIS_SHORT_DESC">
      <Text>Tahiti</Text>
    </Row>
  </Language_en_US>
</GameData>