﻿<?xml version="1.0" encoding="utf-8"?>
<!-- edited with XMLSPY v2004 rel. 2 U (http://www.xmlspy.com) by Ed Beach (Firaxis Games) -->
<!--Sid Meier's Civilization V -->
<!--Copyright Firaxis Games 2010 -->
<GameData>
  <Language_en_US>
    <Row Tag="TXT_KEY_POLYNESIAN_SCENARIO_CITYSTATE_FIJI">
      <Text>Fiji</Text>
    </Row>
    <Row Tag="TXT_KEY_POLYNESIAN_SCENARIO_CITYSTATE_FIJI_ADJ">
      <Text>Fijian</Text>
    </Row>
    <Row Tag="TXT_KEY_POLYNESIAN_SCENARIO_CITYSTATE_VANUATU">
      <Text>Vanuatu</Text>
    </Row>
    <Row Tag="TXT_KEY_POLYNESIAN_SCENARIO_CITYSTATE_VANUATU_ADJ">
      <Text>Vanuatu</Text>
    </Row>
    <Row Tag="TXT_KEY_POLYNESIAN_SCENARIO_CITYSTATE_KIRIBATI">
      <Text>Kiribati</Text>
    </Row>
    <Row Tag="TXT_KEY_POLYNESIAN_SCENARIO_CITYSTATE_KIRIBATI_ADJ">
      <Text>Kiribati</Text>
    </Row>
    <Row Tag="TXT_KEY_POLYNESIAN_SCENARIO_CITYSTATE_NAURU">
      <Text>Nauru</Text>
    </Row>
    <Row Tag="TXT_KEY_POLYNESIAN_SCENARIO_CITYSTATE_NAURU_ADJ">
      <Text>Nauruan</Text>
    </Row>
    <Row Tag="TXT_KEY_POLYNESIAN_SCENARIO_CITYSTATE_NENDO">
      <Text>Nendo</Text>
    </Row>
    <Row Tag="TXT_KEY_POLYNESIAN_SCENARIO_CITYSTATE_NENDO_ADJ">
      <Text>Nendo</Text>
    </Row>
    <Row Tag="TXT_KEY_POLYNESIAN_SCENARIO_CITYSTATE_GUADALCANAL">
      <Text>Guadalcanal</Text>
    </Row>
    <Row Tag="TXT_KEY_POLYNESIAN_SCENARIO_CITYSTATE_GUADALCANAL_ADJ">
      <Text>Guadalcanal</Text>
    </Row>
    <Row Tag="TXT_KEY_POLYNESIAN_SCENARIO_CITYSTATE_POHNPEI">
      <Text>Pohnpei</Text>
    </Row>
    <Row Tag="TXT_KEY_POLYNESIAN_SCENARIO_CITYSTATE_POHNPEI_ADJ">
      <Text>Pohnpeian</Text>
    </Row>
    <Row Tag="TXT_KEY_POLYNESIAN_SCENARIO_CITYSTATE_MAJURO">
      <Text>Majuro</Text>
    </Row>
    <Row Tag="TXT_KEY_POLYNESIAN_SCENARIO_CITYSTATE_MAJURO_ADJ">
      <Text>Majuro</Text>
    </Row>
  </Language_en_US>
</GameData>