﻿<?xml version="1.0" encoding="utf-8"?>
<!-- edited with XMLSPY v2004 rel. 2 U (http://www.xmlspy.com) by Ed Beach (Firaxis Games) -->
<GameData>
  <!-- LocBuddy does not yet handle DLC scenarios so for now add the scenario text to the DLC package.-->
  <Language_en_US>
    <Row Tag="TXT_KEY_POLYNESIAN_SCENARIO_TITLE">
      <Text>Cennet Bulundu</Text>
    </Row>
    <Row Tag="TXT_KEY_POLYNESIAN_SCENARIO_DESC">
      <Text>Ada kültürünüzü yaymak ve bu cennete hükmetmek için çift gövdeli kanolarinizla Pasifik'in genis alanlarina yelken açin.</Text>
    </Row>
    <Row Tag="TXT_KEY_POLYNESIAN_SCENARIO_SELECT_MAP">
      <Text>Harita Seçiniz</Text>
    </Row>
    <Row Tag="TXT_KEY_POLYNESIAN_SCENARIO_RANDOM_MAP">
      <Text>Rastgele Takimadalar Haritasi</Text>
    </Row>
    <Row Tag="TXT_KEY_POLYNESIAN_SCENARIO_FIXED_MAP">
      <Text>Güney Pasifik Haritasi</Text>
    </Row>
    <Row Tag="TXT_KEY_POLYNESIAN_SCENARIO_CIV5_DAWN_POLYNESIAN_TEXT">
      <Text>Aloha, büyük Polinezya krali!  Su anda halkinizin büyük adalarindan birini yönetiyorsunuz.  Yemyesil, tropik cennetinizdeki yasam cennet gibi olsa da, dalgalarin ötesinde daha da büyük olmak için can atiyorsunuz.  Halkiniz, yildizlar, kuslar ve güçlü Pasifik Okyanusu'nun akintilari hakkindaki bilgilerinize dayanan sofistike bir navigasyon sistemi olan yön bulmayi icat etti.  Cesur denizcileriniz, çift gövdeli kanolariyla açik okyanusta yüzlerce mil yol almaya ve kolonilestirecek yeni adalar aramaya hazir.  Ölümcül dalgalari basariyla asip orijinal kiyi evinizin ötesinde bir dayanak noktasi bulabilecek misiniz?  Adanizin kültürünü genisletebilir ve güçlü Pasifik'e hükmedebilir misiniz?[NEWLINE][NEWLINE]ZAFER KOSULLARI[NEWLINE]Zafer, Polinezya'da baskin kültür olmak için tüm sosyal politikalari benimseyebilen ilk uygarliga gider.[NEWLINE][NEWLINE]ÖZEL KURALLAR[NEWLINE]Senaryonun Pasifik Okyanusu ortamina uygun tüm yeni teknoloji ve sosyal politika agaçlari vardir. Dört büyük medeniyetin her biri benzersiz bir özellikle baslar ve arastirma yoluyla olagan Polinezya benzersiz bonuslarini (Moai gelisimi ve Maori Savasçi birimi) kazanabilir. Imparatorlugunuzu istediginiz kadar büyütün  sosyal politikalarin maliyeti imparatorluktaki sehir sayisina bagli olarak ARTMAZ.</Text>
    </Row>
    <Row Tag="TXT_KEY_POLYNESIAN_SCENARIO_TURNSREMAINING">
      <Text>Bu senaryoda dönüs siniri yok.</Text>
    </Row>
    <Row Tag="TXT_KEY_POLYNESIAN_SCENARIO_BRIEFING">
      <Text>Brifing</Text>
    </Row>
    <Row Tag="TXT_KEY_CIV5_POLYNESIA_SCENARIO_MAORI_HELP">
      <Text>Polinezya'daki en güçlü savas birimi (Barut gelmeden önce).</Text>
    </Row>
    <Row Tag="TXT_KEY_CIV5_POLYNESIA_SCENARIO_MAORI_STRATEGY">
      <Text>Maori Savasçilari Polinezya savas alaninin büyük kahunalaridir.  Bu güçlü yakin dövüs savasçilari, yakindaki düsmanlarin [ICON_STRENGTH] Savas Gücünü düsüren bir terfi olan Haka Savas Dansi ile yakindaki düsmanlara korku salar.  Savasçilari ve Mizrakçilari kolaylikla yenebilmeleri gerekir.</Text>
    </Row>
    <Row Tag="TXT_KEY_POLYNESIAN_SCENARIO_UNIT_HELP_TRIREME">
      <Text>Denizlerin kontrolünü ele geçirmek için kullanilan Ortaçag Dönemi Donanma Birimi.</Text>
    </Row>
    <Row Tag="TXT_KEY_POLYNESIAN_SCENARIO_UNIT_TRIREME_STRATEGY">
      <Text>Trireme, oyunda uygarliklarin kullanabilecegi ilk deniz birimidir.  Mütevazi bir Menzilli Savas Gücüne sahip menzilli bir birimdir. Yakin muharebe baslatamaz.  Trireme, barbar gemilerini ana sulardan temizlemek ve gemiye binmis düsman birimlerine saldirmak için kullanislidir.</Text>
    </Row>
    <Row Tag="TXT_KEY_POLYNESIAN_SCENARIO_CIV5_IMPROVEMENTS_MOAI_HELP">
      <Text>Moai sadece kiyiya insa edilebilir.  Baska bir Moai'nin yanina insa edilirse, ek [ICON_CULTURE] Kültür saglar.</Text>
    </Row>
    <Row Tag="TXT_KEY_POLYNESIAN_SCENARIO_BUILD_MOAI_HELP">
      <Text>Kareye bir Moai (+1 [ICON_CULTURE] Kültür) ekler. Ilave kültür için kiyi boyunca bir Moai hatti olusturun.</Text>
    </Row>
    <Row Tag="TXT_KEY_POLYNESIAN_SCENARIO_BUILD_MOAI_REC">
      <Text>Karonun [ICON_CULTURE] Kültür üretmesine izin verecektir.</Text>
    </Row>
    <Row Tag="TXT_KEY_POLYNESIAN_SCENARIO_BUILDING_HEROIC_EPIC_HELP">
      <Text>Bu Sehirdeki yeni egitilmis tüm Birimler, denizden veya nehir üzerinden saldirmanin savas cezasini ortadan kaldiran [COLOR_POSITIVE_TEXT]Amfibi[ENDCOLOR] Terfisi alir.[NEWLINE][NEWLINE]Tüm Sehirlerde bir Kisla insa edilmis olmalidir.  Imparatorluktaki sehir sayisi arttikça maliyet de artar.</Text>
    </Row>
    <Row Tag="TXT_KEY_POLYNESIAN_SCENARIO_BUILDING_HEROIC_EPIC_STRATEGY">
      <Text>Bu Ulusal Harika, bu sehirde insa edilen tüm birimlere "Amfibi" terfisi vererek su üzerinden ceza almadan saldirmalarini saglar.  Ayrica +1 kültür saglar. Kahramanlik Destani, bir uygarligin tüm sehirlerinde bir kislasi oldugunda insa edilebilir.</Text>
    </Row>
    <Row Tag="TXT_KEY_POLYNESIAN_SCENARIO_TECH_AQUACULTURE_DESC">
      <Text>Su ürünleri yetistiriciligi, karada yasayan bitki ve hayvanlarin tarim yoluyla yetistirilmesine benzer sekilde suda yasayan bitki ve hayvanlarin yetistirilmesidir. Su ürünleri yetistiriciligi öncelikle su kütlelerinin yakininda yasayan insanlar için bir gida kaynagidir, ancak su ürünleri yetistiriciligi inci ve süs baligi gibi lüks ürünlerin yetistirilmesini de içerir.  Vahsi dogada büyük ölçekli balikçilik akuakültür olarak kabul edilmedigi gibi, eglence amaçli olta balikçiligi da degerli bir hobi degildir. Akuakültür genellikle denizcilikle ugrasan insanlar tarafindan, genellikle vahsi dogadan çesitli toplama yöntemlerini tamamlayan, gida için daha güvenilir bir deniz yasami kaynagi saglamanin bir yolu olarak kullanilir. [NEWLINE][NEWLINE]Akuakültür, insanlik tarihi boyunca birkaç kez bagimsiz olarak kesfedilmistir. Su ürünleri yetistiriciligine dair en eski arkeolojik kanit, yilan baligi yakalayip yetistiren Avustralya'nin yerli halki Gunditjmara'ya ait olabilir. Polinezyalilar ada kiyilari boyunca kaya duvarli balik havuzlari olusturmus ve savak kapilarindan giren baliklari yakalamislardir.  Su ürünleri yetistiriciligi hiçbir zaman gida kaynagi olarak tarimin yerini almamis olsa da, yabani yetiskin baliklarin yakalanmasi, yumurtalarin toplanmasi, yavru baliklarin yetistirilmesi ve kabuklu deniz hayvanlarinin yataklanmasi gibi su ürünleri yetistiriciligi uygulamalarina iliskin bilgiler dünya çapinda yayginlasmistir.  Su ürünleri yetistiriciligi ayni zamanda birçok türün yeni ortamlara girmesine yol açmis, bazen de zaten orada bulunan hayvan ve bitkileri saskina çevirmistir.[NEWLINE][NEWLINE]Sanayi Cagi'ndan bu yana, su ürünleri yetistiriciliginin ticari olanaklarina olan ilgi artmistir.  Ticari olarak</Text>
    </Row>
    <Row Tag="TXT_KEY_POLYNESIAN_SCENARIO_TECH_AQUACULTURE_HELP">
      <Text>Balikçi Teknelerinden elde edilen [ICON_GOLD] Altin üretimini artirir.  Ayrica kiyi sehirlerinde [COLOR_POSITIVE_TEXT] Liman [ENDCOLOR] insa etmenizi saglayarak su kaynaklarindan elde edilen [ICON_PRODUCTION] Üretim çiktisini artirir.</Text>
    </Row>
    <Row Tag="TXT_KEY_POLYNESIAN_SCENARIO_TECH_AQUACULTURE_QUOTE">
      <Text>[NEWLINE][TAB][TAB] "Akuakültür riskli bir istir.  Akuakültüre para için girmezsiniz. Bunu sevdiginiz için yaparsiniz."[NEWLINE][TAB][TAB] - Michael Matthews[NEWLINE][TAB]</Text>
    </Row>
    <Row Tag="TXT_KEY_POLYNESIAN_SCENARIO_TECH_ORNAMENTAL_CARVING_DESC">
      <Text>Polinezya'nin baslica dekoratif sanatlarindan biri süs oymaciligidir.  Malzeme ne olursa olsun, kabuk, kemik, ahsap ya da tas, Polinezyalilar ellerinde ne varsa olaganüstü süs esyalarina dönüstürmüslerdir.  Oymacilik sadece törensel ve dini aletlerle sinirli degildi  taburelerden kasiklara ve ev kirislerine kadar basit günlük aletler bile çogu zaman titiz ayrintilarla oyuluyordu.[NEWLINE][NEWLINE]Oymacilik tüm Polinezya'da yaygin olsa da, yerel stiller ve tercih edilen oyma malzemeleri önemli ölçüde farklilik gösteriyordu.  Örnegin, Hawaii hazir kereste kaynagina sahipti ve ahsap oymaciligi önemli teknik beceri ve ayrintilara ulasirken, agaçsiz Paskalya Adasi sakinleri adanin volkanik taslarini muhtesem ve hakli olarak ünlü Moai'ye oydular. [NEWLINE][NEWLINE]Tiki heykelleri, stilize insan figürleri, yapilan en yaygin oymalar arasindaydi.  Bu figürler kahramanlari ya da atalari temsil ediyordu ve mananin ilahi gücüyle donatildiklarina inaniliyordu  genis gözleri farkindaligi temsil ediyor, disleri ise güç ve meydan okumayi gösteriyordu.  Ancak Ikinci Dünya Savasi'ndan sonra "tiki" düsük seviyeli bir sanat formu olarak anlam kazanmistir. [NEWLINE][NEWLINE] Polinezyalilar nesnelerin süs amaçli oyulmasina ek olarak adalarindaki kayalara çesitli petroglifler birakmislardir.  Bu petroglifler ve Rongo-Rongo tabletlerinin esrarengiz proto-script'i bugün hala yogun tartismalara ve zaman zaman komplo teorilerine konu olmaktadir.</Text>
    </Row>
    <Row Tag="TXT_KEY_POLYNESIAN_SCENARIO_TECH_ORNAMENTAL_CARVING_HELP">
      <Text>Isçilerin kiyi karolari üzerinde [COLOR_POSITIVE_TEXT]Moai[ENDCOLOR] insa etmesini saglayarak bu karolarin [ICON_CULTURE] Kültür çiktisini artirir.</Text>
    </Row>
    <Row Tag="TXT_KEY_POLYNESIAN_SCENARIO_TECH_ORNAMENTAL_CARVING_QUOTE">
      <Text>[NEWLINE][TAB][TAB] "Mermerin içindeki melegi gördüm ve onu özgür birakana kadar oydum."[NEWLINE][TAB][TAB] - Michelangelo[NEWLINE][TAB]</Text>
    </Row>
    <Row Tag="TXT_KEY_POLYNESIAN_SCENARIO_TECH_TATTOO_DESC">
      <Text>Dövme, Polinezyalilar arasinda yüksek bir karmasiklik ve anlam derecesine tasinan, bir kisinin vücudunda mürekkeple silinmez desenler olusturma sanatidir. Bu kelimeye ilk atif 1769 yilinda "Endeavor" gemisinde bulunan Ingiliz doga bilimci Joseph Banks'e aittir ve Polinezya dilindeki "tatau" kelimesinden türemistir.[NEWLINE][NEWLINE] Polinezya dövmesi, genellikle vücudun büyük bir bölümünü kaplayan genis bir alana yayilmistir. Maori ve Bati Polinezya dövmeleri genellikle ayrintili yüz dövmelerini de içerirdi. Dövmeler genellikle sosyal rütbe ve statüye bagliydi, en karmasik ve ilgili dövmeler sefler ve liderler için ayrilmisti. Tasarimlar agirlikli olarak geometrik çizgi desenlerinden olusuyordu ve tasiyici için ruhani bir anlami oldugu düsünülüyordu. Polinezya dövme islemi, keskinlestirilmis yaban domuzu dislerinden yapilmis genis, keskin bir taragin deriye vurulmasini ve yanmis lama fistigi isinden yapilmis bir boyayi içeriyordu. Modern dövme yöntemleri, daha sofistike aletlerle ve aciyi kesinlikle azaltmadan Polinezya dövme isleminin dogrudan torunlari olarak kabul edilir. [NEWLINE][NEWLINE]Dövme yaptiran genç bir yetiskin, islemi birkaç gün içinde birkaç seansta yaptirirdi. Erkeklerin dövme yaptirmasi genellikle kadinlarinkinden daha ritüel bir islemdi ve kisi dövmeyi reddedebilir ya da seansi yarida kesebilirdi, ancak bu genellikle önemli bir sosyal damgalanma pahasina olurdu.</Text>
    </Row>
    <Row Tag="TXT_KEY_POLYNESIAN_SCENARIO_TECH_TATTOO_HELP">
      <Text>Ordunuzu [COLOR_POSITIVE_TEXT]Kisla[ENDCOLOR] ve [COLOR_POSITIVE_TEXT]Kahramanlik Destani[ENDCOLOR] gibi binalarla gelistirmenizi saglar.</Text>
    </Row>
    <Row Tag="TXT_KEY_POLYNESIAN_SCENARIO_TECH_TATTOO_QUOTE">
      <Text>[NEWLINE][TAB][TAB] "Dövmesi olmayan bir adam Tanrilar için görünmezdir."[NEWLINE][TAB][TAB] - Iban Atasözü[NEWLINE][TAB]</Text>
    </Row>
    <Row Tag="TXT_KEY_POLYNESIAN_SCENARIO_TECH_CEREMONIAL_DANCE_DESC">
      <Text>Polinezya kültürü yaygin bir yerli yazi dilinden yoksundu ve sözlü olarak ve tören dansi ve sarki söyleme dahil olmak üzere çesitli animsatici yöntemlerle aktariliyordu. Danslar Polinezya'da bölgeden bölgeye degisiklik göstermistir. Tören danslari dogurganlik ritüellerine eslik eder, tanrilari onurlandirmak, sefi ve kahramanlari övmek ve saygin ziyaretçileri selamlamak için kullanilirdi. Bati ile temas genellikle bati enstrümanlarinin ve müzik tarzlarinin mevcut danslara karismasina yol açmistir. [NEWLINE][NEWLINE]En ünlü Polinezya tören danslari muhtemelen Hawaii'de gelistirilen Hula ve Yeni Zelanda'nin Maori Haka'sidir. Hula dalgali ilahileri ve jestleriyle, Haka ise enerjik damgalari, hareketleri ve ritmik ilahileriyle ünlüdür. Hulalar iki genis kategoride siniflandirilir: Bati ile temas öncesi döneme atifta bulunan ve "kahiko" olarak adlandirilan antik tarz ile 19. ve 20. yüzyillara ait olan ve 'Auana' olarak adlandirilan daha modern tarz. Haka, hem Maori erkekleri hem de kadinlari tarafindan, cenazelerden savasa kadar çesitli durumlarda dans edilmistir. [NEWLINE][NEWLINE] Dans hala Polinezya kültürünün önemli bir parçasidir ve Polinezya'nin her yerinde ögretilmekte, gelecek nesillerin kültürü daha barisçil tezahürlerinin zarif hareketleri ve armonilerinin yani sira rugby takimlarinin güçlü, agresif selamlariyla deneyimlemelerine olanak saglamaktadir.</Text>
    </Row>
    <Row Tag="TXT_KEY_POLYNESIAN_SCENARIO_TECH_CEREMONIAL_DANCE_HELP">
      <Text>Oyundaki en güçlü Klasik birim olan [COLOR_POSITIVE_TEXT]Maori Savasçisi'ni[ENDCOLOR] insa etmenizi saglar. Ayrica [COLOR_POSITIVE_TEXT]Ulusal Destan'in[ENDCOLOR] insa edilmesini saglar.</Text>
    </Row>
    <Row Tag="TXT_KEY_POLYNESIAN_SCENARIO_TECH_CEREMONIAL_DANCE_QUOTE">
      <Text>[NEWLINE][TAB][TAB] "Sadece nasil dans edilecegini bilen bir Tanri'ya inanirim."[NEWLINE][TAB][TAB] - Friedrich Nietzsche[NEWLINE][TAB]</Text>
    </Row>
    <Row Tag="TXT_KEY_POLYNESIAN_SCENARIO_TECH_WAYFINDING_DESC">
      <Text>"Yön bulma" olarak da adlandirilan geleneksel Polinezya navigasyonu, Polinezyalilarin Pasifik Okyanusu'nun uçsuz bucaksiz alanlarini açik gemilerle geçmelerini saglayan son derece sofistike ve sözlü olarak aktarilan bir bilgi sistemiydi. Göksel navigasyon, okyanus akintilarinin farkindaligi, kus ve balik davranis bilimleri, ölü hesaplama ve hava durumu gözlemlerinden olusuyordu. Yön bulma, denizci loncalarinin özel ve gizli alaniydi ve Polinezyalilarin pusula ya da saat kullanmadan on binlerce mil kare boyunca seyahat etmelerini sagliyordu. Cirak bir navigatör, yildizlarin hareketleri, kuslarin davranislari ve hava durumunun özellikleri (ufkun ötesindeki bir adanin üzerinde gözle görülür sekilde olusan bulutlar gibi) hakkindaki temel gerçekleri ustasindan ilahiler, sarkilar ve basit malzemelerden olusturulan sematik haritalar seklinde ögrenirdi. [NEWLINE][NEWLINE] Yön bulma, sözlü olarak aktarilan ve yerel farkliliklar gösteren bir sir oldugu için, günümüzde yön bulma konusundaki bilgilerin çogu kaybolmustur. Pasifik bölgesinde Solomon Adalari'ndaki Taumako gibi geleneksel Polinezya navigasyon okullari hala mevcuttur. [NEWLINE][NEWLINE]Polinezya yelkenli teknelerinin nispeten küçük boyutlari ve Polinezyalilarin basardigi yelken becerileri göz önüne alindiginda, yön bulmanin etkinligi ve Polinezyali navigatörlerin becerisi birçok kisi tarafindan övgüyle karsilanmis, zaman zaman romantik bir abartiya kaçmistir. Yine de Polinezyalilari denizcilige yönelten özgüven ve yetkinlik karsisinda saygi duymamak elde degil.</Text>
    </Row>
    <Row Tag="TXT_KEY_POLYNESIAN_SCENARIO_TECH_WAYFINDING_HELP">
      <Text>Bu teknoloji, senaryonun baslangicindan hemen önce uygarliginiz tarafindan arastirilmis ve Okyanus taslari üzerinde bile gemiye binmenin gizemlerini ortaya çikarmistir.</Text>
    </Row>
    <Row Tag="TXT_KEY_POLYNESIAN_SCENARIO_TECH_WAYFINDING_QUOTE">
      <Text>[NEWLINE][TAB][TAB] "O'er the glad waters of the dark blue sea, Our thoughts as boundless, and our souls as free, Far as the breeze can bear, the billows foam, Survey our empire, and behook our home! "[NEWLINE][TAB][TAB] - Lord Byron[NEWLINE][TAB]</Text>
    </Row>
    <Row Tag="TXT_KEY_POLYNESIAN_SCENARIO_TECH_ASTRONOMY_HELP">
      <Text>Bindirilmis birimler için +1 Hareket [ICON_MOVES] saglar. Bilim çiktisini gelistiren ilk bina olan [COLOR_POSITIVE_TEXT]Gözlemevi[ENDCOLOR] insa etmenizi saglar. Ayrica su karolarindan [ICON_FOOD] Gida çiktinizi artiran ve su üzerinden ticaret yollarini birbirine baglayan [COLOR_POSITIVE_TEXT]Deniz Feneri[ENDCOLOR] ve [COLOR_POSITIVE_TEXT]Liman[ENDCOLOR] binalarini insa etmenizi saglar.</Text>
    </Row>
    <Row Tag="TXT_KEY_POLYNESIAN_SCENARIO_TECH_COMPASS_HELP">
      <Text>Ilk Rönesans Donanma Birimi olan [COLOR_POSITIVE_TEXT]Caravel'i[ENDCOLOR] insa etmenizi saglar.</Text>
    </Row>
    <Row Tag="TXT_KEY_POLYNESIAN_SCENARIO_TECH_CONSTRUCTION_HELP">
      <Text>Sehirlerin saldirilara karsi savunmasini büyük ölçüde gelistiren [COLOR_POSITIVE_TEXT]Surlar[ENDCOLOR] insa etmenizi saglar. Ayrica Isçilerin [COLOR_POSITIVE_TEXT]Yollar[ENDCOLOR] ve [COLOR_POSITIVE_TEXT]Kaleler[ENDCOLOR] insa etmelerini saglar.</Text>
    </Row>
    <Row Tag="TXT_KEY_POLYNESIAN_SCENARIO_TECH_ECONOMICS_HELP">
      <Text>[ICON_GOLD] Altin artirici [COLOR_POSITIVE_TEXT] Pazar[ENDCOLOR] insa etmenizi saglar, [COLOR_POSITIVE_TEXT] Ticaret Karakollari[ENDCOLOR] ile karolari gelistirmenize izin verir ve ayrica sehirlerinizin birimler veya binalar üzerinde çalismak yerine [ICON_PRODUCTION] Üretimi [ICON_GOLD] Altina dönüstürmesine izin verir.</Text>
    </Row>
    <Row Tag="TXT_KEY_POLYNESIAN_SCENARIO_TECH_GUNPOWDER_HELP">
      <Text>Oyunda atesli silahlar kullanan ilk birim olan [COLOR_POSITIVE_TEXT]Tüfekçi'yi [ENDCOLOR] insa etmenizi saglar. Ayrica Avrupalilarla temastan elde edilen yeni teknolojiyi temsil eden bir dizi ekonomik fayda saglar.</Text>
    </Row>
    <Row Tag="TXT_KEY_POLYNESIAN_SCENARIO_TECH_MASONRY_HELP">
      <Text>Sehirlerin kültürel çiktilarini gelistiren [COLOR_POSITIVE_TEXT]Anitlar[ENDCOLOR] insa etmenizi saglar. Ayrica Isçilerin [ICON_RES_MARBLE] [COLOR_POSITIVE_TEXT]Mermer[ENDCOLOR] ve [COLOR_POSITIVE_TEXT]Batakliklari Temizle[ENDCOLOR] üzerine Tas Ocaklari insa etmesine olanak taniyarak diger iyilestirmelerin yapilmasini saglar.</Text>
    </Row>
    <Row Tag="TXT_KEY_POLYNESIAN_SCENARIO_TECH_MINING_HELP">
      <Text>Isçilerin harita karolarinin [ICON_PRODUCTION] Üretimini artirmak için [COLOR_POSITIVE_TEXT]Madenler[ENDCOLOR] ve diger iyilestirmelerin insasina izin veren [COLOR_POSITIVE_TEXT]Ormanlari Kes[ENDCOLOR] ve [COLOR_POSITIVE_TEXT]Ormanlari Kes[ENDCOLOR] insa etmelerini saglar.</Text>
    </Row>
    <Row Tag="TXT_KEY_POLYNESIAN_SCENARIO_TECH_NAVIGATION_HELP">
      <Text>Senaryodaki ilk savas gemisi olan [COLOR_POSITIVE_TEXT]Trireme'yi[ENDCOLOR] insa etmenizi saglar. Ayrica savas gemileri tarafindan saldiriya ugradiklarinda gemiye binmis birimlerin kendilerini savunmalarini saglar.</Text>
    </Row>
    <Row Tag="TXT_KEY_POLYNESIAN_SCENARIO_TECH_OPTICS_HELP">
      <Text>Senaryodaki en güçlü savas gemisi olan [COLOR_POSITIVE_TEXT]Firkateyn[ENDCOLOR] insa etmenizi saglar.</Text>
    </Row>
    <Row Tag="TXT_KEY_POLYNESIAN_SCENARIO_TECH_SAILING_HELP">
      <Text>[ICON_RES_FISH] [COLOR_POSITIVE_TEXT]Balik[ENDCOLOR] ve [ICON_RES_PEARLS] [COLOR_POSITIVE_TEXT]Inci[ENDCOLOR] gibi sudaki kaynaklari toplamak için yararli olan Is Teknesi insa etmenizi saglar.</Text>
    </Row>
    <Row Tag="TXT_KEY_POLYNESIAN_SCENARIO_TECH_SCIENTIFIC_THEORY_HELP">
      <Text>Bu teknoloji herhangi bir fayda saglamaz.  Avrupalilarin Pasifik'e varisindan önce Ortaçag agacinin geri kalanini bitirirseniz arastirilmalidir. Polinezya teknolojisinin daha gelismis uygarliklarla temastan önceki durgunlugunu temsil eder. Kaptan James Cook'un kesif gezisi ile temas kuran her medeniyete verilecektir.</Text>
    </Row>
    <Row Tag="TXT_KEY_POLYNESIAN_SCENARIO_TECH_THEOLOGY_HELP">
      <Text>Sirasiyla [ICON_CULTURE] Kültürel ve [ICON_RESEARCH] Bilimsel çiktilarinizi gelistiren [COLOR_POSITIVE_TEXT]Tapinak[ENDCOLOR] ve [COLOR_POSITIVE_TEXT]Kütüphane[ENDCOLOR] insa etmenizi saglar. Ayrica [ICON_OCCUPIED] Isgal Edilmis Sehirlerin [ICON_HAPPINESS_4] Mutsuzlugunu azaltan bir bina olan [COLOR_POSITIVE_TEXT] Adliye Sarayini [ENDCOLOR] insa etmenizi saglar.</Text>
    </Row>
    <Row Tag="TXT_KEY_POLYNESIAN_SCENARIO_TECH_TRAPPING_HELP">
      <Text>Güçlü bir askeri birim olan [COLOR_POSITIVE_TEXT]Mizrakçi[ENDCOLOR] insa etmenizi saglar. Ayrica Isçilerinizin [ICON_RES_DEER] Geyik, [ICON_RES_IVORY] Fildisi ve [ICON_RES_FUR] Kürk kaynaklari üzerinde [COLOR_POSITIVE_TEXT] Kamplar [ENDCOLOR] insa etmesini saglar.</Text>
    </Row>
    <Row Tag="TXT_KEY_POLYNESIAN_SCENARIO_BUILDING_OBSERVATORY_HELP">
      <Text>Bu sehrin [ICON_RESEARCH] Bilim çiktisini artirir. Bu senaryoda bir Dagin yakininda olmasi gerekmez.</Text>
    </Row>
    <Row Tag="TXT_KEY_POLYNESIAN_SCENARIO_POLICY_BRANCH_CEREMONY">
      <Text>Tören</Text>
    </Row>
    <Row Tag="TXT_KEY_POLYNESIAN_SCENARIO_POLICY_BRANCH_CEREMONY_HELP">
      <Text>[COLOR_POSITIVE_TEXT]Tören[ENDCOLOR] imparatorlugunuzun mutlulugunu artirarak daha da büyümesini saglar.[NEWLINE][NEWLINE]Töreni benimsemek [ICON_HAPPINESS_4] Baskentteki [ICON_CITIZEN] Nüfusun [ICON_CAPITAL] Mutsuzlugunu 33%. oraninda azaltir.</Text>
    </Row>
    <Row Tag="TXT_KEY_POLYNESIAN_SCENARIO_CEREMONY_TITLE">
      <Text>{2_CivName:textkey}'ün Kahuna'si {1_PlayerName:textkey}</Text>
    </Row>
    <Row Tag="TXT_KEY_POLYNESIAN_SCENARIO_POLICY_BRANCH_CEREMONY_CAP">
      <Text>SEREMONI</Text>
    </Row>
    <Row Tag="TXT_KEY_POLYNESIAN_SCENARIO_POLICY_CEREMONY_TEXT">
      <Text>Törenler, bir toplumun önemli olaylari isaretlemek ve sosyal baglari güçlendirmek için kullandigi ritüellerdir. Bunlar Kava gibi toplumsal törenlerden Sörf gibi daha kisisel törenlere kadar çesitlilik gösterebilir. Ayrica kutsallik dereceleri de degisebilir  bazilari son derece Tapu iken, digerleri çok daha gayri resmidir. Törenin tam niteligi ne olursa olsun, kültürün sosyal baglarini güçlendirmeye hizmet eder.</Text>
    </Row>
    <Row Tag="TXT_KEY_POLYNESIAN_SCENARIO_POLICY_BRANCH_THE_ARTS">
      <Text>Sanat</Text>
    </Row>
    <Row Tag="TXT_KEY_POLYNESIAN_SCENARIO_POLICY_BRANCH_THE_ARTS_HELP">
      <Text>[COLOR_POSITIVE_TEXT]Sanat[ENDCOLOR] imparatorlugunuzun kültürel çiktisini gelistirerek daha fazla politika benimsemenizi saglar.[NEWLINE][NEWLINE]Sanati benimsemek, Anit ve Tapinaklardan gelen [ICON_CULTURE] Kültürü 2'ser artirir.</Text>
    </Row>
    <Row Tag="TXT_KEY_POLYNESIAN_SCENARIO_THE_ARTS_TITLE">
      <Text>{2_CivName:textkey}'ün Tiki-{1_PlayerName:textkey}</Text>
    </Row>
    <Row Tag="TXT_KEY_POLYNESIAN_SCENARIO_POLICY_BRANCH_THE_ARTS_CAP">
      <Text>SANATLAR</Text>
    </Row>
    <Row Tag="TXT_KEY_POLYNESIAN_SCENARIO_POLICY_THE_ARTS_TEXT">
      <Text>Sanat, kisisel duygularin soyut bir ifadesidir - sanatçinin hayal gücünün fiziksel bir eseridir. Hemen hemen her siradan nesne, sanatçinin çabasiyla sanat seviyesine yükseltilebilir. Örnegin, basit bir agaç kabugu bezi giysi olarak kullanilabilir, ancak Tapa'yi yaratmak ayni agaç kabugu bezini sanat haline getirir. Sanat ayni zamanda nesneleri Mana ile kutsallastirmanin bir yoludur ve sanatçiyi ölümsüz olana yaklastirir.</Text>
    </Row>
    <Row Tag="TXT_KEY_POLYNESIAN_SCENARIO_POLICY_BRANCH_HONOR_HELP">
      <Text>[COLOR_POSITIVE_TEXT]Onur[ENDCOLOR] kisinin ordusunun etkinligini çesitli sekillerde artirir.[NEWLINE][NEWLINE]Onuru benimsemek, oyunda bu noktadan sonra insa edilen tüm kara muharebe birimlerine +15 XP verir.</Text>
    </Row>
    <Row Tag="TXT_KEY_POLYNESIAN_SCENARIO_POLICY_KAVA">
      <Text>Kava</Text>
    </Row>
    <Row Tag="TXT_KEY_POLYNESIAN_SCENARIO_POLICY_KAVA_HELP">
      <Text>[COLOR_POSITIVE_TEXT]Kava[ENDCOLOR][NEWLINE]Hemen +10 [ICON_HAPPINESS_1] Mutluluk kazanin.</Text>
    </Row>
    <Row Tag="TXT_KEY_POLYNESIAN_SCENARIO_POLICY_KAVA_DESC">
      <Text>Kava bitkisinin (Piper methysticum) hazirlanmis köklerinden yapilan içecek, belirli Polinezya ritüellerinin ve sosyal toplantilarin merkezinde yer alir. Içecegin hafif bir yatistirici etkisi vardir ve içen kisiye asiladigi rahatlamislik hissiyle dikkat çeker. Bu nedenle kava genellikle Polinezya toplantilarinin açilisinda servis edilir ve katilimcilarin rahat ve mutlu olmasi istenir. Kava ritüellerinin kesin ayrintilari Polinezya'da adadan adaya degismektedir. Son yillarda kavanin etken maddesi potansiyel farmakolojik faydalar için incelenmistir ve bu tür seylere ilgi duyan insanlar arasinda kava viziltisi üzerine önemli miktarda gayri resmi, bilimsel olmayan çalisma vardir.</Text>
    </Row>
    <Row Tag="TXT_KEY_POLYNESIAN_SCENARIO_POLICY_HULA">
      <Text>Hula</Text>
    </Row>
    <Row Tag="TXT_KEY_POLYNESIAN_SCENARIO_POLICY_HULA_HELP">
      <Text>[COLOR_POSITIVE_TEXT]Hula[ENDCOLOR][NEWLINE]Bir [ICON_GOLDEN_AGE] Altin Cag baslatmak için gereken [ICON_HAPPINESS_1] Mutluluk miktari 25%. azaltildi</Text>
    </Row>
    <Row Tag="TXT_KEY_POLYNESIAN_SCENARIO_POLICY_HULA_DESC">
      <Text>Hula, ilahiler ve enstrümanlar esliginde yapilan bir tür geleneksel Hawaii dansidir. Büyük Polinezya'da bu dansin çesitli türleri bulunmaktadir. Bati ile temastan bu yana, hulada kullanilan enstrümanlar ve ilahiler, çok sesli sarki söyleme ve ukulele gibi yeni unsurlarla bütünlesmistir. Hula, en yüksek ritüelden basit sosyallesmeye kadar çesitli nedenlerle icra edilmistir. Hula dansçisinin el hareketleri, denizin dalgalanmasindan sallanan agaçlara ve karakterlerin duygularina kadar sarkidaki unsurlari temsil etmek için kullanilir. Hula neredeyse kültürel kitsch'e dönüstükten sonra, Hawaii'de eski hula stillerini yeniden canlandirmak için ciddi bir çaba basladi.</Text>
    </Row>
    <Row Tag="TXT_KEY_POLYNESIAN_SCENARIO_POLICY_STONECARVING">
      <Text>Tas Oymaciligi</Text>
    </Row>
    <Row Tag="TXT_KEY_POLYNESIAN_SCENARIO_POLICY_STONECARVING_HELP">
      <Text>[COLOR_POSITIVE_TEXT]Tas Oymaciligi[ENDCOLOR][NEWLINE]+1 [ICON_CULTURE] Her Moai'den kültür.</Text>
    </Row>
    <Row Tag="TXT_KEY_POLYNESIAN_SCENARIO_POLICY_STONECARVING_DESC">
      <Text>Polinezyalilarin oymaciligi en yüksek dekoratif sanatlarindan biri haline geldi ve oyma stilleri adadan adaya degisse de, her ada ellerinin altindaki malzemeye odaklandi. Büyük ormanlari olmayan adalarda tas oymaciligi genellikle öne çikiyordu. Insan tiki figürlerine ek olarak, birçok Polinezya adasinda çesitli tarzlarda petroglifler bulunur. Polinezya tas oymaciliginin en ünlü örnegi Rapa Nui'nin (Paskalya Adasi) devasa Moai'leridir. Bu 887 tas heykel Rapa Nui'nin volkanik kayalarindan basit litik aletlerle oyulmus ve çok sayida isçi tarafindan kilometrelerce tasinarak ahu platformlarina tasinmis ve buradan Rapa Nui'nin iç kisimlarina muhtesem bir mana gösterisiyle bakabilmislerdir.</Text>
    </Row>
    <Row Tag="TXT_KEY_POLYNESIAN_SCENARIO_POLICY_TIKI">
      <Text>Tiki</Text>
    </Row>
    <Row Tag="TXT_KEY_POLYNESIAN_SCENARIO_POLICY_TIKI_HELP">
      <Text>[COLOR_POSITIVE_TEXT]Tiki[ENDCOLOR][NEWLINE]Fazla [ICON_HAPPINESS_1] Mutlulugun %50'si her turda Sosyal Politikalar için harcanabilecek [ICON_CULTURE] Kültür miktarina eklenir.</Text>
    </Row>
    <Row Tag="TXT_KEY_POLYNESIAN_SCENARIO_POLICY_TIKI_DESC">
      <Text>Tiki, genellikle sefleri, kahramanlari, tanrilari ve diger efsane figürlerini temsil eden insan formundaki Polinezya oymalaridir.  Tiki uzun ve ince ya da kisa ve güçlü olabilir  her iki tarzin da öznenin erdemli, mana asilanmis bir yönünü temsil ettigi söylenir. Örnegin, dilini çikarmis bir tiki'nin görünür bir güç ve kuvvete sahip oldugu, genis bir alnin ise bilgeligi temsil ettigi söylenir. Ikinci Dünya Savasi'ndan sonra, Polinezya kültürünün genis çapta yayilmasi kelimenin anlamini sulandirmis ve "tiki" o zamandan beri, çogu eski bir Polinezya kahramaninin manadan yoksun bulacagi çesitli ürünlere eglence için bir sifat olarak uygulanmistir.</Text>
    </Row>
    <Row Tag="TXT_KEY_POLYNESIAN_SCENARIO_POLICY_RONGO">
      <Text>Rongo-Rongo</Text>
    </Row>
    <Row Tag="TXT_KEY_POLYNESIAN_SCENARIO_POLICY_RONGO_HELP">
      <Text>[COLOR_POSITIVE_TEXT]Rongo-Rongo[ENDCOLOR][NEWLINE]Kütüphane ve Gözlemevlerinden elde edilen bilim çiktisini [ICON_RESEARCH] %50 artirir%.</Text>
    </Row>
    <Row Tag="TXT_KEY_POLYNESIAN_SCENARIO_POLICY_RONGO_DESC">
      <Text>Paskalya Adasi'nin esrarengiz Moai'leri adanin tek gizemi degildir. Rongo-rongo, 18. yüzyildan kalma, çözülmeye meydan okuyan bir tür proto-dil ile kapli, glifli tabletlerden olusan bir koleksiyondur. Üzerlerinde tutarli karakterler bulunan yaklasik iki düzine mesru rongo-rongo nesnesi vardir, ancak en gelismis istatistiksel yöntemler bile anlamlarini çözmekte basarisiz olmustur. Su anda önde gelen teori, "rongo-rongo" kelimesi Rapa Nui dilinde "ezberden okumak, ilahi söylemek" anlamina geldiginden, rongo-rongolarin rahipler veya ilahi söyleyenler için animsatici araçlar oldugu yönündedir. Rongo-rongo gizeminin çildirtici bir yani da, bir zamanlar bu nesnelerden çok daha fazlasinin bulunduguna dair sayisiz rivayettir  ancak dilin sirlari kaybolunca, rongo-rongo tabletlerinin ahsabi ada sakinleri tarafindan kano, balikçilik makarasi ve hatta yakacak odun olarak kullanilmistir!</Text>
    </Row>
    <Row Tag="TXT_KEY_POLYNESIAN_SCENARIO_POLICY_ARIKI">
      <Text>Ariki</Text>
    </Row>
    <Row Tag="TXT_KEY_POLYNESIAN_SCENARIO_POLICY_ARIKI_HELP">
      <Text>[COLOR_POSITIVE_TEXT]Ariki[ENDCOLOR][NEWLINE]Büyük Generallerin dogma orani 100 artti(%.</Text>
    </Row>
    <Row Tag="TXT_KEY_POLYNESIAN_SCENARIO_POLICY_ARIKI_DESC">
      <Text>Ariki, Polinezya toplumunda sef ya da asil rütbeli üyelere verilen unvandi. "Mataiapo" veya "rangatira" adi verilen çesitli küçük ve asil sefler arikinin altinda hizmet ederdi. Sefin halki üzerindeki gücünün, soylu dogumu ve büyük eylemleriyle zenginlesen manasindan kaynaklandigi söylenirdi. Bugün Cook Adalari'nda Ariki Evi adinda bir parlamento organi bulunmaktadir  bu organ saygin bir danisma organidir ve bazi üyeleri 21. yüzyilin baslarinda bir darbe girisiminde bulunmustur (belki de mananin azalmasinin bir sonucu olarak hiçbir etkisi olmamistir).</Text>
    </Row>
    <Row Tag="TXT_KEY_POLYNESIAN_SCENARIO_POLICY_HAKA">
      <Text>Haka</Text>
    </Row>
    <Row Tag="TXT_KEY_POLYNESIAN_SCENARIO_POLICY_HAKA_HELP">
      <Text>[COLOR_POSITIVE_TEXT]Haka[ENDCOLOR][NEWLINE]Imparatorluk için öldürülen her düsman biriminin [ICON_STRENGTH] Savas Gücünün ÜC KATINA esit [ICON_CULTURE] Kültür kazanin.</Text>
    </Row>
    <Row Tag="TXT_KEY_POLYNESIAN_SCENARIO_POLICY_HAKA_DESC">
      <Text>Haka, kendine özgü güçlü, enerjik hareketleri ve ritmik ve bagirarak söylenen ilahileriyle Yeni Zelanda Maorilerinin geleneksel bir dansidir. Haka, hem savas partileri tarafindan hem de ileri gelenlere barisçil (biraz korkutucu olsa da) bir selamlama olarak hem erkekler hem de kadinlar tarafindan icra edilmistir (danslar gruplar ve durumlar arasinda farklilik gösterse de). Haka sirasinda yapilan rictus benzeri siritma ve dil çikintisi gibi yüz hareketlerinin dansçinin içindeki güçlü mana akisini gösterdigi varsayilir. [NEWLINE][NEWLINE] Haka günümüzde en çok Yeni Zelanda All Blacks rugby takiminin saha selamlamasi olarak ünlüdür, ancak diger birçok kurulusun (Yeni Zelanda askeri kuvvetleri de dahil olmak üzere) kendilerine özgü bir hakasi vardir.</Text>
    </Row>
    <Row Tag="TXT_KEY_POLYNESIAN_SCENARIO_POLICY_POI">
      <Text>Poi</Text>
    </Row>
    <Row Tag="TXT_KEY_POLYNESIAN_SCENARIO_POLICY_POI_HELP">
      <Text>[COLOR_POSITIVE_TEXT]Poi[ENDCOLOR][NEWLINE]+1 [ICON_MOVES] Bindirilmis birimler için hareket.</Text>
    </Row>
    <Row Tag="TXT_KEY_POLYNESIAN_SCENARIO_POLICY_POI_DESC">
      <Text>Poi, taro bitkisinin püre haline getirilmis, pisirilmis yumrularindan yapilan temel bir Polinezya yemegidir. Poi'nin kivami, kullanilan pisirme yöntemine bagli olarak kalin bir sividan hamur benzeri bir püreye kadar degisebilir. Poi'nin lezzeti çesitli sekillerde "tutkal benzeri", "rafine ve narin" ve "tanimlamaya meydan okuyan" olarak tanimlanmistir. Fermente edilmis, eksi poi diger yiyeceklerin hazirlanmasinda da kullanilabilir. [NEWLINE][NEWLINE]Hawaii kültüründe taro bitkisi insanlarin yaratilis mitinde önemli bir rol oynar ve bu nedenle poi sofraya getirildiginde Hawaililerin atalarinin ruhunun aileyle birlikte olduguna inanilir.</Text>
    </Row>
    <Row Tag="TXT_KEY_POLYNESIAN_SCENARIO_POLICY_MANA">
      <Text>Mana</Text>
    </Row>
    <Row Tag="TXT_KEY_POLYNESIAN_SCENARIO_POLICY_MANA_HELP">
      <Text>[COLOR_POSITIVE_TEXT]Mana[ENDCOLOR][NEWLINE]Büyük Insanlarin [ICON_GREAT_PEOPLE] dogma orani 100%. artti</Text>
    </Row>
    <Row Tag="TXT_KEY_POLYNESIAN_SCENARIO_POLICY_MANA_DESC">
      <Text>Mana, Polinezya maneviyatinin merkezinde yer alir - tüm yaratilisi kaplayan mistik güç veya öz. Kelime, Polinezya'da biraz farkli sekilde ifade edilse de, önemini ve merkezi anlamini korumaktadir. Büyük isler ve eylemler mananin sonucudur ve bunlari gerçeklestiren kisiye mana kazandirir. Mana sahibine otorite, prestij ve güç kazandirir ve manayi kaybetmek gücü kaybetmek demektir. Ayrica mana bittikten sonra büyü yapmak çok zordur.</Text>
    </Row>
    <Row Tag="TXT_KEY_POLYNESIAN_SCENARIO_POLICY_HEALING">
      <Text>Kahuna Sifa</Text>
    </Row>
    <Row Tag="TXT_KEY_POLYNESIAN_SCENARIO_POLICY_HEALING_HELP">
      <Text>[COLOR_POSITIVE_TEXT]Kahuna Sifasi[ENDCOLOR][NEWLINE]Yakin dövüs birimleri Medic terfisi kazanir.</Text>
    </Row>
    <Row Tag="TXT_KEY_POLYNESIAN_SCENARIO_POLICY_HEALING_DESC">
      <Text>Kahuna, Polinezya rahipleri veya samanist sifacilar için kullanilan Hawaii dilinde bir kelimedir ve bu sifacilar halklarina bitkisel ilaçlar ve "Ho'oponopono", yani atalar, ruhlar, tanrilar ve yalvaran kisi tarafindan haksizliga ugramis kisilerle uzlasma süreci yoluyla yardim etmislerdir. Kahuna sifaciliginin karsilikli, yapici çözüme ve bireyin restorasyonuna yaptigi vurgu, Polinezya kültürünün uyumuna katkida bulundugu için övülebilir ve Kahuna sifaciligi bugün Hawaiililer arasinda ve genel olarak Polinezya'da bir tür rönesans geçirmektedir.</Text>
    </Row>
    <Row Tag="TXT_KEY_POLYNESIAN_SCENARIO_POLICY_LUAU">
      <Text>Luau</Text>
    </Row>
    <Row Tag="TXT_KEY_POLYNESIAN_SCENARIO_POLICY_LUAU_HELP">
      <Text>[COLOR_POSITIVE_TEXT]Luau[ENDCOLOR][NEWLINE]+2 [ICON_HAPPINESS_1] Her farkli Lüks kaynak türünden mutluluk.</Text>
    </Row>
    <Row Tag="TXT_KEY_POLYNESIAN_SCENARIO_POLICY_LUAU_DESC">
      <Text>Kral Kamehameha II'nin 1819'da bazi dini tapulari kaldirmasinin ardindan Hawaii Adalari, genellikle danslar ve sarkilar esliginde neseli bir atmosferde lezzetlerin ve ziyafetin cömertçe sunuldugu luau'yu dogurdu.  Luau, hindistan cevizi sütünde pisirilmis taro yapraklari ve tavuktan olusan bir lezzetti, ancak kisa süre sonra tüm kutlama sölenini temsil etmeye basladi. Krallarin Luau'lari inanilmaz boyutlara ulasabilirdi, ünlü "Neseli Hükümdar" Kalakaua o kadar çok misafir davet etmisti ki, yüzlerce kisilik vardiyalar halinde beslenmeleri gerekiyordu. Luau bugün Hawaii kültüründe ve aslinda dünyadaki pek çok kültürde "parti" ile es anlamlidir.</Text>
    </Row>
    <Row Tag="TXT_KEY_POLYNESIAN_SCENARIO_POLICY_SURFING">
      <Text>Sörf</Text>
    </Row>
    <Row Tag="TXT_KEY_POLYNESIAN_SCENARIO_POLICY_SURFING_HELP">
      <Text>[COLOR_POSITIVE_TEXT]Sörf[ENDCOLOR][NEWLINE]+1 [ICON_HAPPINESS_1] Imparatorlugunuzdaki her Sehir için Mutluluk.</Text>
    </Row>
    <Row Tag="TXT_KEY_POLYNESIAN_SCENARIO_POLICY_SURFING_DESC">
      <Text>Ilk olarak Cook'un HMS Endeavour'daki seyahatinin kayitlarinin bir parçasi olarak batida tanimlanan Antik Hawaiililer uzun zamandir he'enalu - dalgalar üzerinde süzülme - sanatini uyguluyorlardi. En iyi sörf noktalarina ve plajlara erisim sinifla sinirliydi, ancak alt siniflardan yetenekli sörfçüler bu sularda sörf yapma hakkini kazanabiliyordu. Hawaii longboard'lari 5,5 metre uzunluga ve yüz kilodan fazla agirliga sahip olabiliyordu ve kullanmak için önemli bir beceri ve hüner gerektiriyordu. [NEWLINE][NEWLINE]Sörf, 20. yüzyilin baslarindan günümüze kadar birkaç popülerlik "dalgasi" yasadi, çünkü yeni izleyiciler kendileri için hasta borulari oymanin dogrulugunu hizla kesfetti.</Text>
    </Row>
    <Row Tag="TXT_KEY_POLYNESIAN_SCENARIO_POLICY_POWHIRI">
      <Text>Powhiri</Text>
    </Row>
    <Row Tag="TXT_KEY_POLYNESIAN_SCENARIO_POLICY_POWHIRI_HELP">
      <Text>[COLOR_POSITIVE_TEXT]Powhiri[ENDCOLOR][NEWLINE][ICON_GOLD] Sehir Devletlerine verilen altin hediyeleri %25 daha fazla [ICON_INFLUENCE] Nüfuz üretir.</Text>
    </Row>
    <Row Tag="TXT_KEY_POLYNESIAN_SCENARIO_POLICY_POWHIRI_DESC">
      <Text>Maorilerin ileri gelenleri karsilama töreni karmasik bir ritüeldir. Geleneksel olarak ziyaretçiye yönelik törensel bir tehditle baslar (bu bölüm hakli olarak Powhiri'nin en heyecanli bölümü olarak kabul edilir), bu sirada ziyaretçinin kararliligi degerlendirilir ve islerin nasil gidebilecegi konusunda herhangi bir karisiklik olmamasi için ev sahibinin savas becerisi sergilenir. Ziyaretçi, Baris Atua'si tarafindan sunulan bir simge olan rautapu'yu kabul eder, iki taraf burunlarini birbirine bastirarak ve nefeslerini paylasarak bir hongi degis tokusu yapar ve tören sona erer.</Text>
    </Row>
    <Row Tag="TXT_KEY_POLYNESIAN_SCENARIO_POLICY_TAPU">
      <Text>Tapu</Text>
    </Row>
    <Row Tag="TXT_KEY_POLYNESIAN_SCENARIO_POLICY_TAPU_HELP">
      <Text>[COLOR_POSITIVE_TEXT]Tapu[ENDCOLOR][NEWLINE][ICON_CULTURE] Gelecekteki Politikalarin kültür maliyeti 10 azaltildi%.</Text>
    </Row>
    <Row Tag="TXT_KEY_POLYNESIAN_SCENARIO_POLICY_TAPU_DESC">
      <Text>Mana kavramiyla ayrilmaz bir sekilde baglantili olan tapu, gevsek bir sekilde "kutsallik" veya "kutsallik" olarak çevrilir ve ayni zamanda yasaklama anlamina da gelebilir ve bu nedenle "tabu" kelimesinin kaynagidir. Tapu olan seyler kutsaldir ve rahatsiz edilemezler, aksi takdirde saygisizliga ugrarlar ve manalarini kaybederler. Tapu'yu çignemek ciddi bir meseledir ve çogu Polinezya kültüründe agir sekilde cezalandirilir.</Text>
    </Row>
    <Row Tag="TXT_KEY_POLYNESIAN_SCENARIO_POLICY_TAPACLOTH">
      <Text>Tapa Bezi</Text>
    </Row>
    <Row Tag="TXT_KEY_POLYNESIAN_SCENARIO_POLICY_TAPACLOTH_HELP">
      <Text>[COLOR_POSITIVE_TEXT]Tapa Bezi[ENDCOLOR][NEWLINE]+2 [ICON_CULTURE] Her Sehirde Kültür.</Text>
    </Row>
    <Row Tag="TXT_KEY_POLYNESIAN_SCENARIO_POLICY_TAPACLOTH_DESC">
      <Text>Tapa, dövülmüs agaç kabugundan yapilan geleneksel bir dekoratif Polinezya kumasidir. Tapa, Fiji, Tonga ve Samoa'da sanatinin zirvesine ulasmistir, ancak Polinezya'nin baska yerlerinde de yapilmistir. Tapa geleneksel olarak zit renklerde karmasik, grafik geometrik sekillerle boyanir. Tapanin hazirlanmasi adanin kadinlari için önemli bir sosyal ve ritüel toplantidir. Tapa zenginlikle es anlamliydi ve bir sefin tapa hediye etmesi prenslik hediyesi sayilirdi. Günümüzde tapa bezi dügün gibi resmi etkinliklerde kullanilmaya devam etmektedir ancak daha dayanikli bir alternatif olarak yerini büyük ölçüde pamuga birakmistir.</Text>
    </Row>
    <Row Tag="TXT_KEY_POLYNESIAN_SCENARIO_CIV_TONGA">
      <Text>Tonga</Text>
    </Row>
    <Row Tag="TXT_KEY_POLYNESIAN_SCENARIO_CIV_TONGA_HEADING_1">
      <Text>Tarih</Text>
    </Row>
    <Row Tag="TXT_KEY_POLYNESIAN_SCENARIO_CIV_TONGA_TEXT_1">
      <Text>Tonga, Polinezya içindeki büyük kültürel gruplardan biridir ve Pasifik adalarinin üstünlügü için diger bölgelerle rekabet etmistir. Tonga, 14. yüzyilda bölgesel bir güç olarak zirveye ulasmis ve bu süre zarfinda sefler ve denizciler arasinda bölgesel bir hegemonya kurmustur. Tonga Kralligi takimadalari, Yeni Zelanda'nin kuzeydogusunda ve Hawaii Adalari'nin güneybatisinda, Pasifik Okyanusu'nun 700.000 mil karesine dagilmis 176 adadan olusmaktadir.[NEWLINE][NEWLINE]Insanlarin Tonga takimadalarina gelisini tarihlendirmek zordur. Kesin olarak bilinen en eski yerlesim yeri Tongatapu'daki Pea köyünde bulunmaktadir ve yaklasik 3.000 yilliktir. Tonga'da Lapita dönemine ait seramik kanitlar bulunmustur, ancak bu o medeniyet için önemli bir navigasyon basarisini temsil ederdi. [NEWLINE][NEWLINE] Bati ile ilk temas 1616 yilinda Hollandalilar tarafindan kaydedilmistir, ancak en ünlü bulusma James Cook'un Pasifik arastirmasi sirasinda olmustur. Cook, Tongalilarin misafirperverligi nedeniyle Tonga'ya "Dost Adalar" adini vermistir. Ilginçtir ki, Tongalilar Cook'u öldürmeyi planliyor gibi görünseler de, bunu yapmak için bir plan üzerinde anlasamadilar ve Cook saldiriya ugramadan ve görünüse göre kil payi kurtulusundan habersiz ayrildi. Avrupali misyonerler 18. yüzyilin sonu ve 19. yüzyilin baslarinda Tongalilari kapsamli bir sekilde Hiristiyanlastirdilar.[NEWLINE][NEWLINE]Tonga, 1799'da büyük bir sefin öldürülmesinin ardindan elli yil süren bir iç savasa sürüklendi. Ancak 1845 yilinda savasçi</Text>
    </Row>
    <Row Tag="TXT_KEY_TRAIT_TIU_TONGA_EMPIRE">
      <Text>Sehir-Devlet [ICON_INFLUENCE] Etkisi normalin üçte ikisi oraninda azalir ve normalden %50 daha hizli iyilesir.</Text>
    </Row>
    <Row Tag="TXT_KEY_TRAIT_TIU_TONGA_EMPIRE_SHORT">
      <Text>Tiu Tonga Imparatorlugu</Text>
    </Row>
    <Row Tag="TXT_KEY_POLYNESIAN_SCENARIO_CIV_SAMOA">
      <Text>Samoa</Text>
    </Row>
    <Row Tag="TXT_KEY_POLYNESIAN_SCENARIO_CIV_SAMOA_HEADING_1">
      <Text>Tarih</Text>
    </Row>
    <Row Tag="TXT_KEY_POLYNESIAN_SCENARIO_CIV_SAMOA_TEXT_1">
      <Text>Samoa geleneksel Polinezya'nin kalbinde yer alir ve her zaman Polinezya'nin baslica kültürel gruplarindan biri olmustur. Adalara yerlesildigi yaklasik 3500 yil boyunca bölgesel ve uluslararasi güç mücadelelerinin odagi olmus ve sömürge sonrasi dönemin öncü ülkesi olarak ortaya çikmistir.[NEWLINE][NEWLINE]Cogu Polinezya adasi gibi Samoa da sicak, iliman hava ve kisa bir firtina mevsimi ile kutsanmistir. Samoa takimadalari Güney Pasifik'te yaklasik 1.100 mil karelik bir alani kaplar ve Polinezyalilar burayi kültürel evrenlerinin merkezi olarak görürler.[NEWLINE][NEWLINE]Samoa'ya muhtemelen M.Ö. 1500 yillarinda Lapitanlar yerlesmistir. Ilk Samoalilar genis toprak höyükler ve tas yapilar insa etmislerdir. Samoa, birbirleriyle ticaret yapan Polinezya uluslari için bir kavsak görevi görmüs olabilir.[NEWLINE][NEWLINE]1898'de Samoa, sömürgeci müdahalelerle siddetlenen bir Samoa Iç Savasi'nin ardindan Üçlü Sözlesme'nin bir sonucu olarak Almanya ve Amerika Birlesik Devletleri arasinda bölündü.  Alman Samoasi'na 1962 yilinda bagimsizlik verilmis olmasina ragmen, Amerikan Samoasi halen Amerika Birlesik Devletleri'nin himayesi altindadir.</Text>
    </Row>
    <Row Tag="TXT_KEY_TRAIT_HEART_OF_POLYNESIA">
      <Text>[ICON_HAPPINESS_4] [ICON_CITIZEN] Vatandas sayisindan kaynaklanan mutsuzluk 25 %. azaldi</Text>
    </Row>
    <Row Tag="TXT_KEY_TRAIT_HEART_OF_POLYNESIA_SHORT">
      <Text>Polinezya'nin Kalbi</Text>
    </Row>
    <Row Tag="TXT_KEY_POLYNESIAN_SCENARIO_CIV_TAHITI">
      <Text>Tahiti</Text>
    </Row>
    <Row Tag="TXT_KEY_POLYNESIAN_SCENARIO_CIV_TAHITI_HEADING_1">
      <Text>Tarih</Text>
    </Row>
    <Row Tag="TXT_KEY_POLYNESIAN_SCENARIO_CIV_TAHITI_TEXT_1">
      <Text>Tahiti, Society Island takimadalarinin en büyük adasidir ve günümüzde eski Fransiz Polinezyasi'nin tartismasiz merkezidir. Tahiti uzun zamandir Polinezya kültürlerinin en dost canlisi ve açiklarindan biri olarak kabul edilmektedir.[NEWLINE][NEWLINE]Tahiti, Tahiti Nui (Büyük Tahiti) ve Tahiti Iti (Küçük Tahiti) olmak üzere iki adadan olusmaktadir. Bu iki adanin göreceli büyüklügü bu nedenle kolayca çikarilabilir. Hava yil boyunca sicak ve ilimandir ve Tahiti Polinezya'nin dogu ucunda yer alir. [NEWLINE] [NEWLINE]Polinezya'nin en dogusundaki adalardan biri oldugu için Tahiti'ye nispeten geç bir tarihe kadar, Lapitan uygarliginin çöküsünden çok sonra, Polinezyalilar tarafindan MS 300 ila 800 yillari arasinda yerlesilmemistir. [NEWLINE] [NEWLINE]Tahiti'yi ziyaret eden ilk tartismasiz batililar 1767'de Ingilizlerdi. Ingilizler ada halkinin rahat, açik ve cömert dogasindan hemen etkilendiler. Tanitilan hastaliklar Tahitilileri neredeyse yok etti ve misyonerler, yerel lehçeyi belgeleyip korumalarina ragmen, geleneksel kültürün çogunun uygulanmasini engellediler. Charles Darwin, HMS Beagle gemisiyle yaptigi yolculugun bir parçasi olarak Tahiti'yi ziyaret etmistir. Fransizlar Tahiti'yi 1847'de ilhak etti, ancak Tahitililere 1946'ya kadar tam Fransiz vatandasligi verilmedi. Fransizca bugün de Tahiti'nin resmi dili olmaya devam etmektedir.</Text>
    </Row>
    <Row Tag="TXT_KEY_TRAIT_TUPAIAS_NAVIGATION">
      <Text>Tüm kara ve deniz askeri birimleri (Gözcüler dahil) +1 görüse sahiptir.</Text>
    </Row>
    <Row Tag="TXT_KEY_TRAIT_TUPAIAS_NAVIGATION_SHORT">
      <Text>Tupaia'nin Navigasyonu</Text>
    </Row>
    <Row Tag="TXT_KEY_POLYNESIAN_SCENARIO_CIV_HIVA">
      <Text>Hiva</Text>
    </Row>
    <Row Tag="TXT_KEY_POLYNESIAN_SCENARIO_CIV_HIVA_HEADING_1">
      <Text>Tarih</Text>
    </Row>
    <Row Tag="TXT_KEY_POLYNESIAN_SCENARIO_CIV_HIVA_TEXT_1">
      <Text>Hiva'lar kendi dillerinde "Insanlarin Ülkesi" olarak adlandirilir. Marquesas Adalari, Polinezya'nin dogu ucunda, Fransiz Polinezyasi'nin bir parçasidir.[NEWLINE][NEWLINE]Bu kaba volkanik adalar jeolojik olarak gençtir ve sönmüs volkanlarin sert bazaltik kalplerinden olusmustur. Hava yil boyunca ilimandir, yagisli bir mevsim vardir ve yazarin su anda orada olmayi dilemesine neden olur.[NEWLINE][NEWLINE]Marquesas muhtemelen Polinezyalilar tarafindan MS 100 civarinda yerlesilmistir ve dilbilimsel ve antropolojik kanitlar yerlesimcilerin Tonga ve Samoa'dan geldigine isaret etmektedir.[NEWLINE][NEWLINE]Hiva, Batili güçler tarafindan birçok kez talep ve ilhak edilmis olmanin süpheli onuruna sahiptir. Ilk olarak 1595 yilinda Ispanyol kasif Alvaro de Mendana de Neira tarafindan kesfedilmis ve talep edilmis (patronu için Marquesas Adalari adini vermistir), daha sonra Hiva çesitli sekillerde Amerikalilar (Washington Adalari adini vermislerdir) ve 1870 yilinda Fransizlar tarafindan talep edilmistir. Hiva, Polinezya ada gruplari arasinda hastaliklar nedeniyle en fazla nüfus kaybina ugrayan ada olmustur.</Text>
    </Row>
    <Row Tag="TXT_KEY_TRAIT_HIGH_ISLANDERS">
      <Text>Astronomiyi kesfettiginizde ücretsiz Settler alin.</Text>
    </Row>
    <Row Tag="TXT_KEY_TRAIT_HIGH_ISLANDERS_SHORT">
      <Text>Hotu Matua'nin Kolonistleri</Text>
    </Row>
    <Row Tag="TXT_KEY_POLYNESIAN_SCENARIO_CIVILOPEDIA_LEADERS_AHOEITU_NAME">
      <Text>'Aho'eitu</Text>
    </Row>
    <Row Tag="TXT_KEY_POLYNESIAN_SCENARIO_CIVILOPEDIA_LEADERS_AHOEITU_SUBTITLE">
      <Text>Tu'i Tonga</Text>
    </Row>
    <Row Tag="TXT_KEY_POLYNESIAN_SCENARIO_CIVILOPEDIA_LEADERS_AHOEITU_LIVED">
      <Text>MS 10. Yüzyil</Text>
    </Row>
    <Row Tag="TXT_KEY_POLYNESIAN_SCENARIO_CIVILOPEDIA_LEADERS_AHOEITU_HEADING_1">
      <Text>Tarih</Text>
    </Row>
    <Row Tag="TXT_KEY_POLYNESIAN_SCENARIO_CIVILOPEDIA_LEADERS_AHOEITU_TEXT_1">
      <Text>'Aho'eitu, Niu'nun kizi 'Ilaheva Va'epopua ile bir gök tanrisi olan Tangaloa 'Eitumatupua'nin en büyük ogluydu. 'Aho'eitu'nun kendisinden büyük dört üvey kardesi vardi ve çok yakisikli oldugu için onu kiskaniyorlardi. Kardesler 'Aho'eitu'nun kafasini gizlice kesip zehirli bir hoi çalisinin altina saklamislar. Daha sonra Tangaloa 'Eitumatupua gökten indi ve dört kardese 'Aho'eitu'ya ne oldugunu sordu. Kardesler utandilar ve tövbe ettiler ve 'Aho'eitu'nun geri getirilmesini istediler. Tangaloa 'Eitumatupua kardeslerin büyük bir kâseye kusmalarini sagladi, ardindan kâseyi bir hasirla örttü. Büyü sayesinde 'Aho'eitu hayata geri döndü.[NEWLINE][NEWLINE]Aho'eitu'nun dört kardesi Tangaloa 'Eitumatupua tarafindan cezalandirildi. Onlar ve onlarin soyundan gelenler Tonga adasinda 'Aho'eitu'ya hizmet etmek zorunda birakildilar ve 'Aho'eitu bu sekilde ilk Tu'i Tonga oldu.</Text>
    </Row>
    <Row Tag="TXT_KEY_POLYNESIAN_SCENARIO_CIVILOPEDIA_LEADERS_MALIETOASAVEA_NAME">
      <Text>Malietoa Savea</Text>
    </Row>
    <Row Tag="TXT_KEY_POLYNESIAN_SCENARIO_CIVILOPEDIA_LEADERS_MALIETOASAVEA_SUBTITLE">
      <Text>Samoa Krali</Text>
    </Row>
    <Row Tag="TXT_KEY_POLYNESIAN_SCENARIO_CIVILOPEDIA_LEADERS_MALIETOASAVEA_LIVED">
      <Text>Bilinmiyor</Text>
    </Row>
    <Row Tag="TXT_KEY_POLYNESIAN_SCENARIO_CIVILOPEDIA_LEADERS_MALIETOASAVEA_HEADING_1">
      <Text>Tarih</Text>
    </Row>
    <Row Tag="TXT_KEY_POLYNESIAN_SCENARIO_CIVILOPEDIA_LEADERS_MALIETOASAVEA_TEXT_1">
      <Text>Tu'i Tonga'nin imparatorlugu Samoa adalarini da kapsiyordu ve Tu'i Tonga Talakaifaiki bu krallarin en acimasizlarindan biriydi, Samoalarda ikamet eden baskici bir zorbaydi.[NEWLINE][NEWLINE]Üç kardes, Savea, Tuna, Fata ve yegenleri Ulumasui, Talakaifaiki'nin yönetimine direndiler. Samoa irfani, kampanyanin sivil itaatsizlikle basladigini, ancak askeri bir kampanyaya dönüstügünü söylüyor. Sonunda Talakaifaiki yakalandi, ancak Savea, kardesleri ve yegeni zorbanin canini bagisladilar ve onu kanolarla Tonga'ya geri gönderdiler. Savea yola çiktiktan sonra bu olayin serefine büyük bir hitabet verdi ve kendisine "büyük savasçi" anlamina gelen "Malietoa" unvani verildi ve Samoalilarin ilk krali oldu. Malietoa unvani o zamandan beri Samoa adasinda kraldan krala geçmektedir.</Text>
    </Row>
    <Row Tag="TXT_KEY_POLYNESIAN_SCENARIO_CIVILOPEDIA_LEADERS_POMARE_NAME">
      <Text>Pomare I</Text>
    </Row>
    <Row Tag="TXT_KEY_POLYNESIAN_SCENARIO_CIVILOPEDIA_LEADERS_POMARE_SUBTITLE">
      <Text>Tahiti Krali</Text>
    </Row>
    <Row Tag="TXT_KEY_POLYNESIAN_SCENARIO_CIVILOPEDIA_LEADERS_POMARE_LIVED">
      <Text>MS 1742 - 1803</Text>
    </Row>
    <Row Tag="TXT_KEY_POLYNESIAN_SCENARIO_CIVILOPEDIA_LEADERS_POMARE_HEADING_1">
      <Text>Tarih</Text>
    </Row>
    <Row Tag="TXT_KEY_POLYNESIAN_SCENARIO_CIVILOPEDIA_LEADERS_POMARE_TEXT_1">
      <Text>Pomare hanedaninin kurucusu Tu-nui-ea-i-te-atua-i-Tarahoi Vairaatoa Taina Pomare I, sef Teu Tunuieaiteatua'nin ikinci oglu olarak 1742 veya 1743 civarinda Pare'de dogdu. Seflige yükselirken Tahiti adasindaki üç farkli sefligi tek bir krallikta birlestirdi. Tahiti, Mo'orea, Meheti'a ve Teti'aroa adalarinin krali olarak 1791'de tahttan çekilene kadar kaldi, ancak 1803'teki ölümüne kadar Tahiti'nin naipligini yapti. [NEWLINE] [NEWLINE] Pomare hanedani Pasifik'teki Ingiliz misyonerler ve tüccarlarla yakin iliskiler kurdu ve Fransizlar 1880'lerde Tahiti monarsisini kaldirana kadar iktidarda kaldi. Pomare soyundan gelenler bugün hala yasamaktadir.</Text>
    </Row>
    <Row Tag="TXT_KEY_POLYNESIAN_SCENARIO_CIVILOPEDIA_LEADERS_HOTUMATUA_NAME">
      <Text>Hotu Matua</Text>
    </Row>
    <Row Tag="TXT_KEY_POLYNESIAN_SCENARIO_CIVILOPEDIA_LEADERS_HOTUMATUA_SUBTITLE">
      <Text>Hiva'dan Kasif</Text>
    </Row>
    <Row Tag="TXT_KEY_POLYNESIAN_SCENARIO_CIVILOPEDIA_LEADERS_HOTUMATUA_LIVED">
      <Text>c. MS 300 - 800</Text>
    </Row>
    <Row Tag="TXT_KEY_POLYNESIAN_SCENARIO_CIVILOPEDIA_LEADERS_HOTUMATUA_HEADING_1">
      <Text>Tarih</Text>
    </Row>
    <Row Tag="TXT_KEY_POLYNESIAN_SCENARIO_CIVILOPEDIA_LEADERS_HOTUMATUA_TEXT_1">
      <Text>Hotu Matua, Rapa Nui'nin (Paskalya Adasi) ariki mau'suydu. Hiva'daki halkini büyük bir katamaran kanoyla anavatanlarindan doguya yelken açmaya yönlendirdi. Kesfettikleri topraklara "Te Pito O Te Kainga", yani "Küçük bir kara parçasi" adini verdiler - ada ve cografi baglami düsünüldügünde çok uygun bir isim.[NEWLINE][NEWLINE] Denizci Hau Maka, ruhunun sefi Hotu için yeni bir toprak buldugu bir rüya gördü. Hau Maka üç ada, büyük bir volkanik krater ve adada Hotu ve halki için önemli olacak yirmi sekiz yer gördü. Hotu rüyayi duydugunda Hau Maka'ya karayi bulmasini emretti, büyük bir kano aldi ve doguya yelken açti. Hau Maka orada rüyasinda gördügü topraklari buldu.[NEWLINE][NEWLINE]Ancak Hotu Matua ve halki Te Pito O Te Kainga'ya yelken açtiklarinda, ölümcül bir düsman da onlarla birlikte gizlice yelken açti - Hotu'nun Hiva'da ailesinden bazilarini öldürmüs olan düsmani Oroi adinda bir adam. Oroi fark edilmedi ve adaya vardiginda Hotu Matua'nin torunlarini öldürdü ve Hotu Matua'ya bir tuzak kurdu. Hotu Matua tuzaga yakalanmasina izin verdi ve Oroi kemik bir hançerle üzerine düstügünde, Hotu Matua bir büyü yapti ve Oroi'yi öldürdü. Sonra Hotu Matua ve çocuklari Oroi'nin cesedini yediler.</Text>
    </Row>
    <Row Tag="TXT_KEY_POLYNESIAN_SCENARIO_CIVLOPEDIA_FIJI_TEXT">
      <Text>Fiji'ye ilk olarak yaklasik 3.500 yil önce Lapitanlar yerlesmistir. Güneydogu Asya ve Endonezya'dan gelen Melanezyalilar ise daha sonra, MÖ 900 ila 600 yillari arasinda yerlesmislerdir. Fiji'nin Polinezya'nin kalbine yakin konumu onu ticaret ve kültür için bir kavsak noktasi haline getirmistir ve bu durum adadaki arkeolojik buluntulara da yansimistir: Fiji'de binlerce mil öteden gelen taslarin yani sira Polinezya genelinde nadir bulunan ticaret mallari ve islenmis aletler bulunmustur. Tu'i Tongan gücünün zirvesindeyken, Fiji onlarin etki alani içindeydi.[NEWLINE][NEWLINE]19. yüzyil boyunca Fiji kabileler arasi iç savaslar ve yakindaki Tonga'dan gelen istilalarla çalkalaniyordu. Fiji sefi Seru Epenisa Cakobau kendini kral olarak saglamlastirmaya çalisti ve gücünü arttirmak için Hiristiyan misyonerleri (kendisi de Hiristiyandi) kullandi. Cakobau'nun basi ABD konsolosunu kiskirtarak, Avustralyali pamuk çiftçilerine toprak satarak ve bir dizi borca girerek derde girdi. Cakobau sonunda 1874'te topraklarini Ingilizlere devretti.[NEWLINE][NEWLINE]Ilk geçici Ingiliz vali, ada topraklarinin çogunun kontrolünün yerlilerde kalmasiyla sonuçlanan "Fijililer için Fiji" politikasi da dahil olmak üzere bir dizi benzersiz aydinlanma kuralini kabul etti. Ingiliz sömürge yönetimiyle birlikte Hindistan'dan gelen sözlesmeli isçiler (Mahatma Ghandi de dahil olmak üzere pek çok kisi bu politikanin sona ermesi için ajitasyon yapana kadar) ada kültürüne yeni bir boyut katarak Fiji'de bugün de varligini sürdürmektedir.[NEWLINE][NEWLINE]Fiji'ye 1970 yilinda bagimsizlik verilmistir. Daha sonra bir eko</Text>
    </Row>
    <Row Tag="TXT_KEY_POLYNESIAN_SCENARIO_CIVLOPEDIA_VANUATU_TEXT">
      <Text>Bir Bati Polinezya adasi olan Vanuatu, muhtemelen yaklasik 4.000 yil önce Lapitalar tarafindan yerlesilen en eski adalardan biriydi, ancak adanin nüfusu büyük ölçüde Melanezyali oldu. Vanuatu'yu bulan ilk batili, Portekizli kasif Pedro Fernandes de Queiros'tur ve Ispanya için toprak talep etmis ve buraya "Espirtu Santo" adini vermistir. De Bougainville adayi 1768'de ziyaret etti ve Cook 1774'te adaya Yeni Hebridler adini verdi. [NEWLINE][NEWLINE] Birçok Polinezya adasinda oldugu gibi, bati ile temas yeni hastaliklar nedeniyle kitlesel ölümlerle sonuçlandi ve adanin Sandal Agaci ticaretinden zengin olmak isteyen göçmenlerin baskisi sorunlari daha da kötülestirdi. Sandal agacindan sonra pamuk, kahve, kakao ve muz için spekülatif plantasyonlar kuruldu, ta ki hindistan cevizinde bir dereceye kadar ekonomik istikrar saglanana kadar.[NEWLINE][NEWLINE] Sömürgecilik, Amerikalilarin geldigi Ikinci Dünya Savasi'na kadar Vanuatu'da agir bir etkiye sahipti. Varlikli, son derece gayri resmi Amerikalilar, asker ve denizcileri tedarik eden sürekli uçak ve gemi akisi gibi Vanuatulular üzerinde büyük bir etki yaratti. Cok geçmeden Vanuatalilar, adayi özgürlüge ve refaha kavusturacak olan Mesih John Frum'un sihirli kargosuyla gelmesini beklemeye basladilar. "Kargo kültü" bugün bile Vanuatu'da canli ve iyi durumda!</Text>
    </Row>
    <Row Tag="TXT_KEY_POLYNESIAN_SCENARIO_CIVLOPEDIA_KIRIBATI_TEXT">
      <Text>Insanlar Kiribati adalarinda en az 700 yildir ve muhtemelen çok daha uzun bir süredir yasamaktadir - eksik arkeolojik kayitlar ve sözlü tarih nedeniyle kesin varis tarihini belirlemek zordur. Muhtemelen Lapitanlar tarafindan yerlesilen Kiribati'nin Pasifik'in ortasina yakin konumu, Fiji'den Melanezyalilar ve Samoa ve Tonga'dan Polinezyalilarla da temasa geçmesine neden oldu. [NEWLINE][NEWLINE] Bati ile temas 16. yüzyilda gerçeklesti ve Bati ile ticaret, sömürgeci güçlerin topraklarin kontrolünü ele geçirmesi için hizla bir bahane haline gelen yerel kabile savaslarini hizlandirdi. Kirabati adalarinin büyük bir kismi Ingilizlerin mülkiyetine geçti.[NEWLINE][NEWLINE]Japonlar Ikinci Dünya Savasi sirasinda Kiribati'yi ele geçirdi ve adayi tahkim etmeye basladi. Tarawa Savasi, Pasifik'te ABD ile Japonlar arasindaki en kanli savaslardan biriydi. 4.500 Japon askeri bu küçük mercan adasini devasa bir kaleye dönüstürdü ve isgalci ABD Deniz Piyadelerine büyük kayiplar verdirerek neredeyse yok edilmelerine neden oldu.</Text>
    </Row>
    <Row Tag="TXT_KEY_POLYNESIAN_SCENARIO_CIVLOPEDIA_NAURU_TEXT">
      <Text>"Hos Ada" olarak da adlandirilan (binlerce baska adaya uyabilecek bir yakistirma) Nauru, Bati Pasifik'tedir ve su anda 8 mil karenin biraz üzerinde olan dünyanin en küçük ada ülkesidir. Mikronezyalilar ve Polinezyalilar tarafindan yerlesilmis, dünyanin sömürgeci güçleri tarafindan ele geçirilmis ve Ikinci Dünya Savasi sirasinda Japonlar tarafindan isgal edilmistir, ancak bu ada kalesi Pasifik harekatinda Amerikalilar tarafindan atlanmistir. [NEWLINE] [NEWLINE] Nauru'nun en bol dogal kaynagi muazzam fosfat yataklariydi. Nauru 1960'larda maden haklarinin kontrolünü yeniden ele geçirdiginde, maden isletmesi kamulastirildi ve kisa, parlak bir an için Nauru vatandaslari dünyadaki en yüksek kisi basina gelirin keyfini çikardi. Ancak fosfat rezervleri tükendi, para bir dizi basarisiz girisime yatirildi ve Nauru kendini birdenbire parasiz ve harap olmus bir ekosistemle buldu. O zamandan beri Naurulular durgunlasan ekonomilerini canlandirmak amaciyla adayi vergi cenneti ve diger uluslar için bir hapishane haline getirmeyi denediler.</Text>
    </Row>
    <Row Tag="TXT_KEY_POLYNESIAN_SCENARIO_CIVLOPEDIA_NENDO_TEXT">
      <Text>Nendo ya da Bati Polinezya'daki Santa Cruz adalarina ilk olarak yaklasik 3.000 yil önce yerlesilmistir. Ispanyollar 1595 yilinda burada bir koloni kurma girisiminde bulunmus ve basarisiz olmuslardir. 26 Ekim 1942'de Japonlar ve Amerikalilar Santa Cruz yakinlarinda Ikinci Dünya Savasi'nin dördüncü uçak gemisi muharebesini gerçeklestirmis ve Japonlarin zaferi ile sonuçlanmistir.</Text>
    </Row>
    <Row Tag="TXT_KEY_POLYNESIAN_SCENARIO_CIVLOPEDIA_GUADALCANAL_TEXT">
      <Text>Solomon Adalari zincirinin en büyük adasi olan Guadalcanal, Ikinci Dünya Savasi sirasinda ABD ile Japonya arasinda uzun, kanli ve zorlu bir mücadelenin yasandigi yer olarak bilinmektedir. Bati tarafindan 1568'den beri bilinmesine ragmen, ada Ikinci Dünya Savasi sirasinda kritik bir stratejik öneme sahipti, çünkü Japonlar burayi Müttefiklerin Avustralya'ya gidip gelen gemilerini tehdit etmek için bir üs olarak kullanmaya hazirdi. [NEWLINE][NEWLINE] Japonlar Midway'deki yenilgilerinden kisa bir süre sonra Guadalcanal'daki Lunga Noktasinda büyük bir havaalani insa etmeye basladi. Guadalcanal, daha önceki genisleme sirasinda elde edilen kazanimlari pekistirmek için bir dis savunma halkasinin parçasi olacakti. Buna karsi koymak için Müttefikler, havaalanini ve adayi almak ve ardindan Japon takviye birlikleri bölgeye akin etmeye basladiktan sonra kendi kazanimlarini korumak için muazzam bir birlesik ordu operasyonu baslattilar. [NEWLINE][NEWLINE]Guadalcanal adi tarihteki önemini yitiriyor olsa da, bu seferle ilgili pek çok harika hikaye ve olay vardir: ABD Deniz Kuvvetleri'nin üstün ihtimallere karsi Lunga Sahasi'ni inatla savunmasi, yariktan asagi akan Tokyo Ekspresi, gelecegin ABD Baskani John F. Kennedy'nin talihsiz PT-109'u - tüm bunlar Guadalcanal'in hikayesinin bir parçasidir ve ilgili tarih ögrencilerinin bunlar hakkinda daha fazla bilgi edinmesi hevesle tesvik edilir!</Text>
    </Row>
    <Row Tag="TXT_KEY_POLYNESIAN_SCENARIO_CIVLOPEDIA_POHNPEI_TEXT">
      <Text>Caroline Adalari'nin en büyügü ve Mikronezya'nin dört eyaletinden biri olan Pohnpei, Rus denizciler tarafindan kesfedildigi 1828 yilina kadar Avrupalilar tarafindan bilinmiyordu. Pohnpei, Saudeleur hanedaninin baskenti olan Nan Madol'un yikik tas sehrine sahiptir. Bu olaganüstü sehir, bir kanal agiyla birbirine baglanan küçük yapay adalardan olusuyordu. Saudeleurlar, baska bir adadan gelen bir sef tarafindan fethedilene kadar yaklasik bin yil hüküm sürmüslerdir.[NEWLINE][NEWLINE]Pohnpei Ispanyollar tarafindan sahiplenilmis ve sirayla Alman Imparatorlugu'na devredilmistir. Ikinci Dünya Savasi sirasinda ada Japonlar tarafindan isgal edilmis ve tahkim edilmis, ancak ABD Donanmasi Japonya'yi istila etmek üzere adadan geçerken herhangi bir savas yasanmamistir.</Text>
    </Row>
    <Row Tag="TXT_KEY_POLYNESIAN_SCENARIO_CIVLOPEDIA_MAJURO_TEXT">
      <Text>Majuro, Marshall Adalari'nin en büyük adasi ve baskentidir. Ana atol en az 2 bin yildir isgal altindadir. Majuro, 1914 yilinda Japonya tarafindan ele geçirilene kadar Alman Imparatorlugu'na aitti. Ancak sömürge yöneticilerinin çogu adalilari kendi baslarinin çaresine bakmaya terk etmistir.[NEWLINE][NEWLINE]30 Ocak 1944'te Amerika Birlesik Devletleri Majuro'yu büyük bir deniz istilasiyla isgal etmis, ancak Japonlarin adayi bosaltarak yakindaki Kwajalein ve Enewetak'a çekildigini görmüstür.</Text>
    </Row>
    <Row Tag="TXT_KEY_POLYNESIAN_SCENARIO_LEADER_GANDHI_GREETING_POLITE_HELLO_1">
      <Text>Tekrar merhaba, sevgili dostum. Samoa sizi kollarini açarak karsiliyor.</Text>
    </Row>
    <Row Tag="TXT_KEY_POLYNESIAN_SCENARIO_LEADER_GANDHI_GREETING_NEUTRAL_HELLO_1">
      <Text>Samoa ziyaretinizi kabul etmekten her zaman memnuniyet duyar.</Text>
    </Row>
    <Row Tag="TXT_KEY_POLYNESIAN_SCENARIO_LEADER_GANDHI_GREETING_HOSTILE_HELLO_1">
      <Text>Sizlerle konusmaktan keyif almiyor olsam da, bunu yapmanin Samoa için daha parlak bir gelecege yol açacagini umuyorum.</Text>
    </Row>
    <Row Tag="TXT_KEY_POLYNESIAN_SCENARIO_LEADER_GANDHI_RESPONSE_REQUEST_1">
      <Text>Sevgili dostum, Samoa için bir seyler ayirabilir misin?</Text>
    </Row>
    <Row Tag="TXT_KEY_POLYNESIAN_SCENARIO_LEADER_GANDHI_OPEN_BORDERS_EXCHANGE_1">
      <Text>Samoa, bizi ayiran yapay engellerin ortadan kaldirilmasiyla dostlugumuzun daha da pekismesini ümit etmektedir.</Text>
    </Row>
    <Row Tag="TXT_KEY_POLYNESIAN_SCENARIO_LEADER_GANDHI_ATTACKED_1">
      <Text>Öyle olsun. Samoa halki saldiriniza direnmeyecektir. Belki de tüm silahlara sahip olanlar hariç.</Text>
    </Row>
    <Row Tag="TXT_KEY_POLYNESIAN_SCENARIO_LEADER_GANDHI_DECLAREWAR_2">
      <Text>Samoali savasçilardan olusan bir birligi büyük sehirlerinize iyi niyet turuna gönderiyorum. Kollarini açarak karsilanacaklarina inaniyorum.</Text>
    </Row>
    <Row Tag="TXT_KEY_POLYNESIAN_SCENARIO_LEADER_GANDHI_DEFEATED_1">
      <Text>Ordularimizi yenmis olabilirsiniz ama Samoa ruhunu asla yenemeyeceksiniz.</Text>
    </Row>
    <Row Tag="TXT_KEY_POLYNESIAN_SCENARIO_LEADER_GANDHI_DEMANDTRIBUTE_ANGRY">
      <Text>Samoa, dünya barisi ve huzuru adina asagidaki bagis için size içtenlikle tesekkür eder.</Text>
    </Row>
    <Row Tag="TXT_KEY_POLYNESIAN_SCENARIO_LEADER_GANDHI_DEMANDTRIBUTE_NEUTRAL">
      <Text>Samoa fakir, siz zenginsiniz. Belki de bunu bize vererek hatiri sayilir karmik yükünüz hafifletilebilir.</Text>
    </Row>
    <Row Tag="TXT_KEY_POLYNESIAN_SCENARIO_LEADER_GANDHI_FIRSTGREETING_1">
      <Text>Barisçil Samoa halki adina sizleri selamliyorum.</Text>
    </Row>
    <Row Tag="TXT_KEY_POLYNESIAN_SCENARIO_LEADER_GANDHI_FIRSTGREETING_3">
      <Text>Samoa halki adina size dostluk elimi uzatiyorum!</Text>
    </Row>
    <Row Tag="TXT_KEY_POLYNESIAN_SCENARIO_LEADER_GANDHI_TRADE_NEEDMORE_NEUTRAL_1">
      <Text>Bu, adamizdaki insanlar için adil degil. Lütfen teklifinizi gelistirin.</Text>
    </Row>
    <Row Tag="TXT_KEY_POLYNESIAN_SCENARIO_LEADER_GANDHI_TRADE_NO_NEUTRAL">
      <Text>Böyle bir anlasma Samoa halkinin yararina olmayacaktir.</Text>
    </Row>
    <Row Tag="TXT_KEY_POLYNESIAN_SCENARIO_LEADER_GANDHI_TRIBUTE_NO_NEUTRAL">
      <Text>Siddet karsitligina kesinlikle inaniyor olsam da Samoa halki henüz o kadar aydinlanmis degil. Taleplerinize içtenlikle gülüyorlar.</Text>
    </Row>
    <Row Tag="TXT_KEY_POLYNESIAN_SCENARIO_LEADER_KAMEHAMEHA_FIRSTGREETING_1">
      <Text>Ah, bir yol arkadasi! Polinezya'nin büyük adalarina hos geldiniz!  Ben, cesur kasif Hotu Matua, sizi ziyafetimi ve atesimi paylasmaya davet ediyorum.</Text>
    </Row>
    <Row Tag="TXT_KEY_POLYNESIAN_SCENARIO_LEADER_KAMEHAMEHA_FIRSTGREETING_2">
      <Text>Hos geldin yabanci! Ben Hotu Matua, Hiva'nin lideriyim.  Gelin, bulusmamizi kutlamak için büyük bir hula düzenleyelim.</Text>
    </Row>
    <Row Tag="TXT_KEY_POLYNESIAN_SCENARIO_LEADER_KAMEHAMEHA_FIRSTGREETING_3">
      <Text>Selamlar ve kutsamalar senin üzerine olsun, dostum.  Ben Hotu Matua, Hiva Krali.  Kaynaklarimizi paylasalim ve uyum içinde birlikte çalisalim!</Text>
    </Row>
    <Row Tag="TXT_KEY_POLYNESIAN_SCENARIO_LEADER_HIAWATHA_FIRSTGREETING_1">
      <Text>Selamlar, Yabanci. Ben Pomare, Tahiti Krali.  Herkesle baris istiyoruz ama savastan da çekinmiyoruz.</Text>
    </Row>
    <Row Tag="TXT_KEY_POLYNESIAN_SCENARIO_LEADER_HIAWATHA_FIRSTGREETING_2">
      <Text>Ben Pomare I, Tahiti halkinin lideriyim. Size hos geldiniz diyor ve iki büyük halkin dost olmasini umuyorum.</Text>
    </Row>
    <Row Tag="TXT_KEY_POLYNESIAN_SCENARIO_LEADER_HIAWATHA_FIRSTGREETING_3">
      <Text>Selamlar, Tahiti'nin yabancisi. Ben Pomare, ama bana kisaca Tu-nui-ea-i-te-atua-i-Tarahoi Vairaatoa Taina Pomare I diyebilirsiniz.  Herkesle baris istiyoruz ama savastan da çekinmiyoruz.</Text>
    </Row>
    <Row Tag="TXT_KEY_POLYNESIAN_SCENARIO_LEADER_MONTEZUMA_FIRSTGREETING_3">
      <Text>Ben 'Aho'eitu, Tiu Tonga Imparatorlugu Hükümdari! Ne tür bir yaratiksin sen?</Text>
    </Row>
    <Row Tag="TXT_KEY_POLYNESIAN_SCENARIO_TP_CULTURE_CITY_COST">
      <Text>Sahip oldugunuz her sehir Sosyal Politika maliyetlerini etkilemez. Bu yüzden istediginiz kadar sehre yayilmaktan çekinmeyin.</Text>
    </Row>
    <Row Tag="TXT_KEY_POLYNESIAN_SCENARIO_FOUND_HAWAII">
      <Text>Tebrikler, kasifleriniz Hawaii Adalari'ni kesfettiler!</Text>
    </Row>
    <Row Tag="TXT_KEY_POLYNESIAN_SCENARIO_FOUND_EASTER_ISLAND">
      <Text>Tebrikler, kasifleriniz Rapa Nui'yi (Paskalya Adasi olarak da bilinir) kesfettiler!</Text>
    </Row>
    <Row Tag="TXT_KEY_POLYNESIAN_SCENARIO_FOUND_NEW_ZEALAND">
      <Text>Tebrikler, kasifleriniz Uzun Beyaz Bulut Ülkesi Yeni Zelanda'yi kesfettiler!</Text>
    </Row>
    <Row Tag="TXT_KEY_POLYNESIAN_SCENARIO_ENCOUNTER_CAPTAIN_COOK">
      <Text>Ada cennetiniz HMS Endeavour gemisindeki Kaptan James Cook tarafindan kesfedildi. Bu gezgin, Britanya Imparatorlugu için bilimsel bir arastirma yolculuguna baris içinde çikmistir. Ancak onun gelisi Polinezya için yeni bir dönemin baslangici anlamina gelir. Uzaktan gelen bu yabancilarin teknolojileri kullanilarak yakinda barut bazli silahlar üretilebilecektir. Bu yeni sirlari akillica kullanin!</Text>
    </Row>
    <Row Tag="TXT_KEY_POLYNESIAN_SCENARIO_CAPTAIN_COOK">
      <Text>Kaptan Cook</Text>
    </Row>
    <Row Tag="TXT_KEY_POLYNESIAN_SCENARIO_POLICIES_TO_VICTORY">
      <Text>Zafere kadar olan politikalar (Siz): {1_YourPoliciesRemaining}[NEWLINE]Zafere Kadar Politikalar {2_LeaderName}): {3_LeaderPoliciesRemaining}</Text>
    </Row>
    <Row Tag="TXT_KEY_POLYNESIAN_SCENARIO_DIPLO_RESCH_AGREEMENT_NO_TECH">
      <Text>[NEWLINE]</Text>
    </Row>
    <Row Tag="TXT_KEY_POLYNESIAN_SCENARIO_DIPLO_DEF_PACT_NO_TECH">
      <Text>[NEWLINE]</Text>
    </Row>
    <Row Tag="TXT_KEY_POLYNESIAN_SCENARIO_DIPLO_NEED_WRITING_TT">
      <Text>[NEWLINE]</Text>
    </Row>
  </Language_en_US>
</GameData>