﻿<?xml version="1.0" encoding="utf-8"?>
<!-- edited with XMLSPY v2004 rel. 2 U (http://www.xmlspy.com) by Ed Beach (Firaxis Games) -->
<GameData>
  <Language_en_US>
    <Row Tag="TXT_KEY_TRAIT_WAYFINDING_SHORT">
      <Text>Yön Bulma</Text>
    </Row>
    <Row Tag="TXT_KEY_TRAIT_WAYFINDING">
      <Text>Gemiye binebilir ve Okyanuslar üzerinde hemen hareket edebilir. Gemiye bindiginde +1 Görüs. Bir Moai'nin 2 karo yakinindaysa +%10 [ICON_STRENGTH] Savas Gücü bonusu.</Text>
    </Row>
  </Language_en_US>
</GameData>