﻿<?xml version="1.0" encoding="utf-8"?>
<!-- edited with XMLSPY v2004 rel. 2 U (http://www.xmlspy.com) by Ed Beach (Firaxis Games) -->
<!-- Sid Meier's Civilization V -->
<!-- Copyright Firaxis Games 2010 -->
<!-- -->
<!-- Game Text Cities Polynesia -->
<GameData>
  <Language_en_US>
    <Row Tag="TXT_KEY_CITY_NAME_SAMOA">
      <Text>Samoa</Text>
    </Row>
    <Row Tag="TXT_KEY_CITY_NAME_TONGA">
      <Text>Tonga</Text>
    </Row>
    <Row Tag="TXT_KEY_CITY_NAME_NUKUHIVA">
      <Text>Nuku Hiva</Text>
    </Row>
    <Row Tag="TXT_KEY_CITY_NAME_RAIATEA">
      <Text>Raiatea</Text>
    </Row>
    <Row Tag="TXT_KEY_CITY_NAME_AOTEAROA">
      <Text>Aotearoa</Text>
    </Row>
    <Row Tag="TXT_KEY_CITY_NAME_TAHITI">
      <Text>Tahiti</Text>
    </Row>
    <Row Tag="TXT_KEY_CITY_NAME_HILO">
      <Text>Hilo</Text>
    </Row>
    <Row Tag="TXT_KEY_CITY_NAME_TEWAIPOUNAMU">
      <Text>Te Wai Pounamu</Text>
    </Row>
    <Row Tag="TXT_KEY_CITY_NAME_RAPANUI">
      <Text>Rapa Nui</Text>
    </Row>
    <Row Tag="TXT_KEY_CITY_NAME_TUAMOTU">
      <Text>Tuamotu</Text>
    </Row>
    <Row Tag="TXT_KEY_CITY_NAME_RAROTONGA">
      <Text>Rarotonga</Text>
    </Row>
    <Row Tag="TXT_KEY_CITY_NAME_TUVALU">
      <Text>Tuvalu</Text>
    </Row>
    <Row Tag="TXT_KEY_CITY_NAME_TUBUAI">
      <Text>Tubuai</Text>
    </Row>
    <Row Tag="TXT_KEY_CITY_NAME_MANGAREVA">
      <Text>Mangareva</Text>
    </Row>
    <Row Tag="TXT_KEY_CITY_NAME_OAHU">
      <Text>Oahu</Text>
    </Row>
    <Row Tag="TXT_KEY_CITY_NAME_KIRITIMATI">
      <Text>Kiritimati</Text>
    </Row>
    <Row Tag="TXT_KEY_CITY_NAME_ONTONGJAVA">
      <Text>Ontong Java</Text>
    </Row>
    <Row Tag="TXT_KEY_CITY_NAME_NIUE">
      <Text>Niue</Text>
    </Row>
    <Row Tag="TXT_KEY_CITY_NAME_REKOHU">
      <Text>Rekohu</Text>
    </Row>
    <Row Tag="TXT_KEY_CITY_NAME_RAKAHANGA">
      <Text>Rakahanga</Text>
    </Row>
    <Row Tag="TXT_KEY_CITY_NAME_BORA_BORA">
      <Text>Bora Bora</Text>
    </Row>
    <Row Tag="TXT_KEY_CITY_NAME_KAILUA">
      <Text>Kailua</Text>
    </Row>
    <Row Tag="TXT_KEY_CITY_NAME_UVEA">
      <Text>Uvea</Text>
    </Row>
    <Row Tag="TXT_KEY_CITY_NAME_FUTUNA">
      <Text>Futuna</Text>
    </Row>
    <Row Tag="TXT_KEY_CITY_NAME_ROTUMA">
      <Text>Rotuma</Text>
    </Row>
    <Row Tag="TXT_KEY_CITY_NAME_TOKELAU">
      <Text>Tokelau</Text>
    </Row>
    <Row Tag="TXT_KEY_CITY_NAME_LAHAINA">
      <Text>Lahaina</Text>
    </Row>
    <Row Tag="TXT_KEY_CITY_NAME_BELLONA">
      <Text>Bellona</Text>
    </Row>
    <Row Tag="TXT_KEY_CITY_NAME_MUNGAVA">
      <Text>Mungava</Text>
    </Row>
    <Row Tag="TXT_KEY_CITY_NAME_TIKOPIA">
      <Text>Tikopia</Text>
    </Row>
    <Row Tag="TXT_KEY_CITY_NAME_EMAE">
      <Text>Emae</Text>
    </Row>
    <Row Tag="TXT_KEY_CITY_NAME_KAPINGAMARANGI">
      <Text>Kapingamarangi</Text>
    </Row>
    <Row Tag="TXT_KEY_CITY_NAME_TAKUU">
      <Text>Takuu</Text>
    </Row>
    <Row Tag="TXT_KEY_CITY_NAME_NUKUORO">
      <Text>Nukuoro</Text>
    </Row>
    <Row Tag="TXT_KEY_CITY_NAME_SIKAIANA">
      <Text>Sikaiana</Text>
    </Row>
    <Row Tag="TXT_KEY_CITY_NAME_ANUTA">
      <Text>Anuta</Text>
    </Row>
    <Row Tag="TXT_KEY_CITY_NAME_NUGURIA">
      <Text>Nuguria</Text>
    </Row>
    <Row Tag="TXT_KEY_CITY_NAME_PILENI">
      <Text>Pileni</Text>
    </Row>
    <Row Tag="TXT_KEY_CITY_NAME_NUKUMANU">
      <Text>Nukumanu</Text>
    </Row>
  </Language_en_US>
</GameData>