﻿<?xml version="1.0" encoding="utf-8"?>
<!-- edited with XMLSPY v2004 rel. 2 U (http://www.xmlspy.com) by Ed Beach (Firaxis Games) -->
<!-- Sid Meier's Civilization V -->
<!-- Copyright Firaxis Games 2010 -->
<!-- -->
<!-- Game Text Objects -->
<GameData>
  <Language_en_US>
    <Row Tag="TXT_KEY_UNIT_POLYNESIAN_MAORI_WARRIOR">
      <Text>Maori Savasçisi</Text>
    </Row>
    <Row Tag="TXT_KEY_PROMOTION_HAKA_WAR_DANCE">
      <Text>Haka Savas Dansi</Text>
    </Row>
    <Row Tag="TXT_KEY_PROMOTION_HAKA_WAR_DANCE_HELP">
      <Text>Düsman birimleri, bu terfiye sahip herhangi bir birime komsu oldugunda -10% [ICON_STRENGTH] Savas Gücü alir.</Text>
    </Row>
  </Language_en_US>
</GameData>