﻿<?xml version="1.0" encoding="utf-8" standalone="yes"?>
<GameData>
  <EnglishText>
    <Row Tag="LOC_PEDIA_CIVILIZATIONS_PAGE_CIVILIZATION_NUBIA_CHAPTER_HISTORY_PARA_1">
      <Text>Kuzey Afrika'da Nil Nehri'nin Büyük Kıvrımı boyunca yer alan Nubya, Kızıldeniz ile Nil Deltası arasında bir geçit görevi görüyordu; Nil Nehri'nin kaynağından Akdeniz'deki ağzına kadar uzanabilecek bir ticaret merkezi. Ne yazık ki Nubya için, Nubya'nın hemen kuzeyindeki Mısırlıların başka fikirleri vardı. İki uygarlık, uzak diyarlardan gelen bir dizi istilacı aralarındaki rekabeti kalıcı olarak sona erdirene kadar, bin yıl boyunca ihtiyatlı komşu, fatih ve vasal rollerini değiş tokuş edecekti.</Text>
    </Row>
    <Row Tag="LOC_PEDIA_CIVILIZATIONS_PAGE_CIVILIZATION_NUBIA_CHAPTER_HISTORY_PARA_2">
      <Text>En eski Nubya uygarlığı bugünkü Sudan'da başlamıştır. Kerma şehir devleti Nil'in Üçüncü Katarakt'ının hemen güneyindeki verimli bir havzada yer alıyordu. Kerma'nın Nil kıyısındaki ideal konumu, onu karadan olduğu kadar sudan da erişilebilir bir ticaret merkezi haline getirdi. Abanoz ve altın gibi geniş maden zenginliklerinin keşfi ve işletilmesi Kerma'nın yükselişini pekiştirdi. Ticaretle birlikte zenginlik geldi ve bu da zenginlik isteyen ama bunu elde etmenin yolunun ticaret olduğuna tam olarak ikna olmayanların akınlarına yol açtı.</Text>
    </Row>
    <Row Tag="LOC_PEDIA_CIVILIZATIONS_PAGE_CIVILIZATION_NUBIA_CHAPTER_HISTORY_PARA_3">
      <Text>Kerma şehrini ve yollarını tahkim ederek, müttefik köyleri, kaleleri ve ticaret karakolları Birinci ve Beşinci Kataraktlar arasındaki mesafe olan yaklaşık 800 mile (1287 km) ulaşana kadar Nil boyunca nüfuzunu yavaş yavaş genişletti. O zamanlar büyüklük ve nüfuz bakımından Mısır'la boy ölçüşebilecek durumdaydılar.</Text>
    </Row>
    <Row Tag="LOC_PEDIA_CIVILIZATIONS_PAGE_CIVILIZATION_NUBIA_CHAPTER_HISTORY_PARA_4">
      <Text>MÖ İkinci Binyıldan bu yana Kerma'dan çok az şey günümüze ulaşmıştır. Halkının yazılı bir dili varsa bile uzun zaman önce kaybolmuştur. Krallıkla ilgili kayıtların çoğu Mısır metinlerinde mevcuttur -özellikle de Nubyalı komşularıyla olan çeşitli küçük çatışmalar. Bu metinler Kerma'yı son derece merkezi bir devlet olarak tanımlamaktadır, ancak yazılı bir dil olmadan geniş toprakları yönetmek göz korkutucu bir iştir.</Text>
    </Row>
    <Row Tag="LOC_PEDIA_CIVILIZATIONS_PAGE_CIVILIZATION_NUBIA_CHAPTER_HISTORY_PARA_5">
      <Text>Komşu krallıklar arasındaki sürekli çatışmaya rağmen Mısır, Kerma'nın kuvvetlerinin büyük kısmını oluşturan zorlu Nubyalı okçulardan dolayı Nubya'yı "Yay Ülkesi" olarak adlandırdı. Bu savaşçıların rakipleri üzerinde ne kadar güçlü bir etki bıraktığını anlamak için, daha sonra Nubya topraklarında inşa edilen bir Mısır kalesine "Yaylardan Korunma" adı verildi - hem ilan hem de özlem.</Text>
    </Row>
    <Row Tag="LOC_PEDIA_CIVILIZATIONS_PAGE_CIVILIZATION_NUBIA_CHAPTER_HISTORY_PARA_6">
      <Text>Kerma'nın gücü M.Ö. 1580'de doruğa ulaşmış, ancak Hiksoslarla yaptığı talihsiz bir ittifak sonunda yıkılmasına yol açmıştır. Hiksoslar, M.Ö. 17. yüzyılın ortalarında Mısır'ın bazı bölgelerini ele geçiren, ancak isyankâr bir halk ve Teb merkezli hayatta kalan bir Mısır hanedanıyla büyük zorluklar yaşayan doğudan gelen istilacılardı. Kerma, geriye kalanları da parçalayarak Mısır'ı sonsuza dek yok etmeye çalıştı.</Text>
    </Row>
    <Row Tag="LOC_PEDIA_CIVILIZATIONS_PAGE_CIVILIZATION_NUBIA_CHAPTER_HISTORY_PARA_7">
      <Text>Neredeyse işe yarıyordu. Otuz yıl boyunca Kerma, Mısır topraklarının derinliklerine girerek dini ve kültürel eserleri kendileri için aldı, ta ki Mısır sonunda Hiksos derebeylerini devirip kovana kadar. Kerma'nın istilası o kadar kapsamlı ve acı vericiydi ki, Mısırlılar daha sonra tüm kayıtları ve Hiksos "15. Hanedanlığı "ndan bahseden her şeyi ortadan kaldırdılar. Yapamadıkları şey ise Kerma'da birikmiş Mısır hazinesini silmek oldu.</Text>
    </Row>
    <Row Tag="LOC_PEDIA_CIVILIZATIONS_PAGE_CIVILIZATION_NUBIA_CHAPTER_HISTORY_PARA_8">
      <Text>Yine de firavunlar aşağılandıklarını hatırladılar. I. Thutmosis bir yüzyıl sonra Kerma şehrini ele geçirdiğinde bunun karşılığını verdi. Halefi Thutmosis III, Nubya topraklarına daha da girerek sonunda Jebel Barkal dağını ve yakındaki Napata şehrini Mısır'ın yeni güney sınırı ilan etti.</Text>
    </Row>
    <Row Tag="LOC_PEDIA_CIVILIZATIONS_PAGE_CIVILIZATION_NUBIA_CHAPTER_HISTORY_PARA_9">
      <Text>Nubya yaklaşık dört yüzyıl boyunca Mısır egemenliği altında kalmıştır. Elbette pek çok isyan oldu ama zaman geçtikçe Nubya ve Mısır kültürleri birbirine karıştı. Kerma yok oldu ve sadık Nubya eyaleti sonunda Mısır'ın altın kaynağı, Kızıldeniz'e giden yolu ve artık Mısır'ın düşmanları tarafından korkulan okçuları haline geldi.</Text>
    </Row>
    <Row Tag="LOC_PEDIA_CIVILIZATIONS_PAGE_CIVILIZATION_NUBIA_CHAPTER_HISTORY_PARA_10">
      <Text>MÖ 10. yüzyıla gelindiğinde Mısır'ın Akdeniz işlerine odaklanması (ve ardından Mısır'ın Yeni Krallığı'nın çöküşü) Nubya'yı kendi işleriyle baş başa bıraktı. Sonraki birkaç yüzyıl boyunca yavaş yavaş, Libyalı prenslerin aşırı genişlemiş Mısır'a boyun eğdirmesiyle Kush Krallığı öne çıktı.</Text>
    </Row>
    <Row Tag="LOC_PEDIA_CIVILIZATIONS_PAGE_CIVILIZATION_NUBIA_CHAPTER_HISTORY_PARA_11">
      <Text>Kaderin garip bir cilvesi olarak Kuşit Kralı Piye, Mısır firavunu Thutmosis III tarafından Jebel Barkal'daki tapınağı inşa ettirilen Mısır tanrısı Amun'un, Aşağı Mısır'ı Libyalı istilacılardan kurtarmak için ilahi bir yetki verdiğini ilan etti. Böylece Nübye kralı Nil Deltası'nın kontrolünü ele geçirdi, 25. Hanedanlığı kurdu ve Mısır'ı eski ihtişamına kavuşturmaya çalıştı.</Text>
    </Row>
    <Row Tag="LOC_PEDIA_CIVILIZATIONS_PAGE_CIVILIZATION_NUBIA_CHAPTER_HISTORY_PARA_12">
      <Text>Bir süre için öyle de oldu. Piye ve halefleri, uzun zamandır yabancıların kontrolü altında çürüyen anıtları, tapınakları ve bayındırlık işlerini yeniden inşa etmeyi öncelik haline getirdi. Mısır kültürünün bu şekilde yeniden canlandırılması 25. Hanedan'ın en büyük başarısıydı ama kalıcı bir başarı değildi.</Text>
    </Row>
    <Row Tag="LOC_PEDIA_CIVILIZATIONS_PAGE_CIVILIZATION_NUBIA_CHAPTER_HISTORY_PARA_13">
      <Text>Yaban arısı yuvası ne kadar küçük olursa olsun, ona hızlı bir tekme atmak nadiren iyi bir fikirdir. Bu ders, nüfuzlarını Yakın Doğu'ya doğru genişletmeye çalışan 25. Hanedanlığın birçok firavunu tarafından unutulmuştur. Bu durum onları, Yakın Doğu'yu vasalları olarak gören güçlü Yeni Asur İmparatorluğu ile karşı karşıya getirdi. (Piye'nin Kenan'ın Yeni Asurlu efendilerine karşı isyanını desteklemesi de bu duruma yardımcı olmamıştır). Yeni Asur Kralı Esarhaddon M.Ö. 674 yılında Mısır'ı işgal ettiğinde konumunu açıkça ortaya koydu. İstilacılar üç yıl içinde 25. Hanedan'ı tahttan indirerek Nubya'nın imparatorlukla flörtünü kalıcı olarak sona erdirdiler.</Text>
    </Row>
    <Row Tag="LOC_PEDIA_CIVILIZATIONS_PAGE_CIVILIZATION_NUBIA_CHAPTER_HISTORY_PARA_14">
      <Text>Nubya'nın Mısır'dan çekilmesi nihayetinde kendi lehlerine sonuçlandı; Yeni Asur örneğinden sonra diğer Akdeniz güçleri Mısır'ı cazip bir vasal adayı olarak göreceklerdi. Nubya'nın başkentinin ihtiyatlı bir şekilde Napata'dan daha uzak olan Meroe'ye taşınması, o zamanlar Nil boyunca yapılan ticaretten çok daha kârlı olan Kızıldeniz'deki Yunan tüccarlara erişim sağladı. Bu aynı zamanda kuzeyden gelen istilayı da caydırdı; ne Pers, ne Makedon ne de Batlamyus Mısır'ı Meroitik Kush Krallığı'na yayılmak için ciddi bir çaba sarf etti.</Text>
    </Row>
    <Row Tag="LOC_PEDIA_CIVILIZATIONS_PAGE_CIVILIZATION_NUBIA_CHAPTER_HISTORY_PARA_15">
      <Text>Sonra, MÖ 25'te Nubia Roma ile ters düştü. Romalı general Petronius, Nubya'nın tek gözlü Kandake'si (ya da "kraliçesi") Amanirenas ile defalarca çatıştı. Roma kuvvetleri Napata'yı yağmalayıp Amun Tapınağı'nı yerle bir ettikten sonra, Amanirenas'ın direnişi Petronius'u barışın fetihten daha uygun olduğuna ikna edecek kadar vahşiydi. Augustus Sezar, Kuş ile Nubya için şaşırtıcı derecede elverişli bir barış anlaşması imzaladı ve onlara eski bir savaşçıdan ziyade dost bir himayeci olarak davrandı.</Text>
    </Row>
    <Row Tag="LOC_PEDIA_CIVILIZATIONS_PAGE_CIVILIZATION_NUBIA_CHAPTER_HISTORY_PARA_16">
      <Text>Romalıların bu yıkım döneminin ardından, MÖ 1 yılında Kandake Amanitore tarafından başlatılan Meroitik inşaatçıların şafağı geldi (hikayesi başka bir yerde ayrıntılı olarak anlatılmıştır). Bu yeniden inşa dönemi, kuzeydoğudaki Beja hanedanının 1. yüzyılda Meroe'yi ele geçirmesiyle sona ermiştir. Beja'nın Nubya'yı genişletme girişimlerine rağmen, iç isyanlar ve Aksum Krallığı ile çatışmaları sonunda kalıcı olarak fethedilmelerine yol açmıştır.</Text>
    </Row>
    <Row Tag="LOC_PEDIA_LEADERS_PAGE_LEADER_AMANITORE_QUOTE">
      <Text>Toprağın sağlayamadığını sağlayın. Halkınız bunun için sizi sevecektir.</Text>
    </Row>
    <Row Tag="LOC_PEDIA_LEADERS_PAGE_LEADER_AMANITORE_CHAPTER_HISTORY_PARA_1">
      <Text>Kandake Amanitore bir çağın dönüm noktasında Nubia'yı yönetti. Düşmanları tarafından korkulan ve halkı tarafından sevilen güçlü bir kraliçe olan Amanitore, Kuş Krallığı'nın son büyük kurucularından biriydi. Amanitore, bir kargaşa döneminin ardından Yay Ülkesi'ni yeniden ihtişamına kavuşturdu. Hükümdarlığı uzun sürdü ve eserleri kalıcı oldu.</Text>
    </Row>
    <Row Tag="LOC_PEDIA_LEADERS_PAGE_LEADER_AMANITORE_CHAPTER_HISTORY_PARA_2">
      <Text>En azından tarihçilerin bir araya getirdikleri bu. İki bin yıl ve ölü bir dilden sonra, Amanitore'den geriye parşömen veya diğer belgeler şeklinde çok az yazılı kayıt kalmıştır. Geriye kalanlar ise geride bıraktığı binaların taşlarına kazınmış durumda.</Text>
    </Row>
    <Row Tag="LOC_PEDIA_LEADERS_PAGE_LEADER_AMANITORE_CHAPTER_HISTORY_PARA_3">
      <Text>Amanitore'nin hayatının en belirsiz yönü, kraliçe olmadan önce kim olduğudur. Gerçekten de kişiliği bir şifredir. Sadece yorumlayabiliriz. Kandake'nin soyut bir tasviri, onu çoktan boyun eğdirdiği düşmanlarını acımasızca öldürürken gösteriyor. Bu, isyancıların idamını emrettiği gerçek bir olaydan mı, yoksa devletin düşmanı olacaklara karşı haklı intikamını ilan eden bir propagandadan mı kaynaklanıyordu?</Text>
    </Row>
    <Row Tag="LOC_PEDIA_LEADERS_PAGE_LEADER_AMANITORE_CHAPTER_HISTORY_PARA_4">
      <Text>O zaman bile kraliçe olarak gerçek rolünü saptamak zordur. Eş hükümdarı Natakamani hakkındaki çelişkili anlatılar onu ya kocası ya da oğlu olarak tasvir etse de, neyse ki hiçbir zaman ikisi birden olmamıştır. Dahası, Amanitore'nin yerine geçen Kandake Amanishakheto ya kayınvalidesi (eğer Natakamani Amanitore'nin kocasıysa), ya gerçek annesi (eğer Natakamani Amanitore'nin oğluysa) ya da zaman içinde kaybolmuş başka bir ilişki biçimiydi.</Text>
    </Row>
    <Row Tag="LOC_PEDIA_LEADERS_PAGE_LEADER_AMANITORE_CHAPTER_HISTORY_PARA_5">
      <Text>Amanitore'nin soyunun bulanık ayrıntıları, üstlendiği rolden daha az önemlidir. Kandake ya da Romalıların deyimiyle "candace" unvanı kabaca "kraliçe-anne" anlamına gelir, ancak iktidarı elinde tutmak için çok genç olan bir varis adına hüküm süren bir naip anlamına gelmezdi. Bunun yerine kandakeler, koca eşleriyle ya da krallarla birlikte bir tür ortak hükümdarlık şeklinde tek başlarına hüküm süren bağımsız kraliçelerdi.</Text>
    </Row>
    <Row Tag="LOC_PEDIA_LEADERS_PAGE_LEADER_AMANITORE_CHAPTER_HISTORY_PARA_6">
      <Text>Amanitore'nin hükümdarlığı, Natakamani'nin kendisine denk olduğu ikinci şekli almıştır. Kraliçe olmadan önceki (MÖ 1 civarında) hayatının herhangi bir yönü hakkında çok az bilgi vardır. Yine de anıtlar her iki eş hükümdarı da daima yetişkin olarak tasvir etmektedir, dolayısıyla hükümdarlığı başladığında muhtemelen en iyi çağındaydı. Aslında, Amanitore ve Natakamani'nin tasvirleri, özellikle dini yapılarda, o dönem için nadir görülen bir şekilde, ikisini kasıtlı olarak eşdeğer göstermektedir.</Text>
    </Row>
    <Row Tag="LOC_PEDIA_LEADERS_PAGE_LEADER_AMANITORE_CHAPTER_HISTORY_PARA_7">
      <Text>Mısır'ın Roma'nın vasalı olması ve Roma'nın Nubya ile dostane ilişkiler kurması sayesinde Amanitore'nin hükümdarlığını tehdit eden hiçbir bölgesel çatışma yaşanmadı. Nispeten barışçıl dönem ve ortak hükümdarlığın işbirliğine dayalı özerkliği, Amanitore'nin mirası olacak şeyi, Meroitik krallığa büyük refah getiren uzun bir inşa dönemini sürdürmesine izin verdi. Eserleri arasında Nübye piramitleri ve mezarlarının inşası, Meroe'deki Amun tapınağının restorasyonu ve başkent yakınlarında inşa edilen rezervuarlar gibi altyapı projeleri vardı.</Text>
    </Row>
    <Row Tag="LOC_PEDIA_LEADERS_PAGE_LEADER_AMANITORE_CHAPTER_HISTORY_PARA_8">
      <Text>Amanitore aynı zamanda Napata'daki Amun tapınağını da yeniden inşa ettirdi - Romalı istilacıların sadece yirmi yıl önce yıktığı tapınak. Amanitore'nin adı tanrı Amun'un adını içerdiğinden, restorasyonun meşgul kraliçe için bir gurur noktası olduğunu varsaymak mantıklıdır. Gerçekten de onun çabaları Cebel Barkal'ın eski ihtişamının en azından bir kısmına kavuşmasına yardımcı olmuştur.</Text>
    </Row>
    <Row Tag="LOC_PEDIA_LEADERS_PAGE_LEADER_AMANITORE_CHAPTER_HISTORY_PARA_9">
      <Text>Kraliçe Roma ile samimi ilişkilere sahip olsa da, on yıllar önce Mısır (yani "Roma") topraklarına yapılan misilleme akınlarında savaş ganimeti olarak Augustus Caesar'ın bronz heykelleri ele geçirilmişti. Uydurma bir hikâyeye göre Amanitore böyle bir heykelin kesik başını Meroe'deki tapınak merdivenlerinin altına gömer, böylece Nubyalılar Napata'yı yerle bir etmekten sorumlu Roma imparatorunun daima üzerinden geçerler. (Bunu gerçekten yapan büyük olasılıkla selefi Kandake Amanirenas'tı). Gömülmesinden gerçekten sorumlu olsun ya da olmasın, Augustus Caesar'ın "Meroe başı" 20. yüzyılın başlarında bir tapınak merdiveninin altında bulunmuştur.</Text>
    </Row>
    <Row Tag="LOC_PEDIA_LEADERS_PAGE_LEADER_AMANITORE_CHAPTER_HISTORY_PARA_10">
      <Text>Amanitore'nin yükselişini çevreleyen karışıklıkta olduğu gibi, saltanatının sonu hakkında da çok az şey biliyoruz. Bazı tahminlere göre ölüm tarihi yaklaşık olarak MS 20'dir. Hazine avcıları uzun zamandan beri Meroe'deki mezarını yağmalamaktadır.</Text>
    </Row>
    <Row Tag="LOC_PEDIA_LEADERS_PAGE_LEADER_AMANITORE_CHAPTER_HISTORY_PARA_11">
      <Text>Amanitore'nin bilinmeyen pek çok yönüne rağmen, ardında bıraktığı kapsamlı inşa programı daha sonraki kandakilere onun çalışmalarını genişletmeleri için ilham vermiş, bu da Meroitik kültürün ve servetin İkinci Yüzyıl boyunca gelişmesine yol açmıştır. Arkeologlar, yakın zamanda ortaya çıkarılan ve onun hükümdarlığı sırasında inşa edilen bir dizi Nubya piramidi de dahil olmak üzere, onun etkisinin örneklerini ortaya çıkarmaya devam etmektedir.</Text>
    </Row>
    <Row Tag="LOC_PEDIA_LEADERS_PAGE_LEADER_AMANITORE_CHAPTER_CAPSULE_BODY">
      <Text>Nubia Yay Ülkesi'dir ve medeniyetlerinin okçuları rakipsizdir.  Amanitore, tarihi Nubyalıları en büyük inşa çılgınlıklarına yönlendirdi; şehir planlaması ve bölge inşasına olan hayranlığıyla burada da aynısını yapıyor.</Text>
    </Row>
    <Row Tag="LOC_PEDIA_LEADERS_PAGE_LEADER_AMANITORE_CHAPTER_DETAILED_BODY">
      <Text>Nubia, Duvarcılık'a doğru koşarken çöl karoları için agresif bir şekilde keşif yapmak isteyecektir.  Bu teknoloji ellerindeyken şehirlerini kurabilir ve her zaman merkezde piramitlerinden oluşan bir küme oluşturmaya çalışabilirler.  Bu piramitlerin yanına yerleştirilen bölgeler daha yüksek verim sağlayarak medeniyetin gelişimine güç katacaktır.  Maden bulmak da önemli bir önceliktir: tarihsel olarak Mısır'ın sahip olduğu tüm maden zenginlikleri Nubia'dan gelmiştir ve bu medeniyet de madenlerden zengin olabilir.  Ve şehirlerini savunmaları gerekirse, bu görevi kolayca yerine getirebilecek dünyanın en iyi menzilli birimlerine sahipler.</Text>
    </Row>
    <Row Tag="LOC_BUILDING_JEBEL_BARKAL_QUOTE">
      <Text>"Güneybatı köşesinde büyük bir dik kumtaşı kütlesi derin bir yarıkla dağın gövdesinden ayrılmıştır... devasa bir heykel görünümündedir."[NEWLINE]- E. A. Wallis Budge</Text>
    </Row>
    <Row Tag="LOC_PEDIA_WONDERS_PAGE_BUILDING_JEBEL_BARKAL_CHAPTER_HISTORY_PARA_1">
      <Text>Nil'deki bir kıvrımın batısında, düz Sudan çölünden yalnız bir dağ yükselir. Dağın dibinde bir zamanlar eski krallıkların yüzyıllarca hüküm sürdüğü bir saray bulunuyordu. Şimdi ise sadece kalıntıları var.</Text>
    </Row>
    <Row Tag="LOC_PEDIA_WONDERS_PAGE_BUILDING_JEBEL_BARKAL_CHAPTER_HISTORY_PARA_2">
      <Text>Çok uzaklardan kolayca fark edilebilen düz tepeli Jebel Barkal dağı, eski zamanlarda gezginler için bir yol noktasıydı. Nispeten güvenli bir geçiş noktasını (Nil'in Dördüncü Katarakt'ının hemen aşağısında) gösteriyordu. M.Ö. 15. yüzyıldan sonra, 500 yıl sonra Nubya Kush Krallığı'nın başkenti olacak olan Mısır'ın en güney sınır şehri Napata'nın yerini de belirtiyordu.</Text>
    </Row>
    <Row Tag="LOC_PEDIA_WONDERS_PAGE_BUILDING_JEBEL_BARKAL_CHAPTER_HISTORY_PARA_3">
      <Text>19. yüzyıldan bu yana arkeologlar Jebel Barkal'dan tapınak kalıntıları, dağa oyulmuş taş işçiliği ve bölgenin Mısır işgaline kadar uzanan eski yazıtlar da dahil olmak üzere çok sayıda tarihi bilgi çıkarmıştır. Dağın gölgesindeki Nübye piramitleri daha sonra Meroitik kral ve kraliçelerin mezarları olarak hizmet vermiştir.</Text>
    </Row>
    <Row Tag="LOC_PEDIA_UNITS_PAGE_UNIT_NUBIAN_PITATI_CHAPTER_HISTORY_PARA_1">
      <Text>Nubyeli okçuların yeteneklerine Nil boyunca uzun süre saygı duyuldu ve onlardan korkuldu. Yay Ülkesi'nden gelen bu askerler bin yıl boyunca Mısır'ın başına bela oldular - ta ki Mısırlılar bir başka sorunu daha para harcayarak çözene kadar.</Text>
    </Row>
    <Row Tag="LOC_PEDIA_UNITS_PAGE_UNIT_NUBIAN_PITATI_CHAPTER_HISTORY_PARA_2">
      <Text>Böylece, ister Mısırlı ister Nubyeli olsun, hayırseverlerinin çıkarlarını korumak için iyi maaş alan Nubyeli paralı askerler olan pítati ortaya çıktı. Bu son derece hareketli okçular çok az zırh giyer ve bölgeye özgü yaylar taşırlardı. Ancak kendilerine özgü başparmak halkaları yorgunluklarını büyük ölçüde azaltıyor ve gözlerinin altına sürdükleri malakit yüz boyası güneşe doğru ok atarken isabetle ok atmalarını sağlıyordu.</Text>
    </Row>
    <Row Tag="LOC_PEDIA_IMPROVEMENTS_PAGE_IMPROVEMENT_PYRAMID_CHAPTER_HISTORY_PARA_1">
      <Text>Karşılıklı çatışma dönemlerinde Nubya, kültürünün Nil'in daha aşağısındaki güçlü Mısır hanedanlarından etkilendiğini gördü. Nübye'nin defin gelenekleri zamanla Mısır'ınkilere benzeyecekti. Nubya'nın Kush Krallığı, MÖ Birinci Binyılda kral ve kraliçelerini piramitlere gömmeye başladı.</Text>
    </Row>
    <Row Tag="LOC_PEDIA_IMPROVEMENTS_PAGE_IMPROVEMENT_PYRAMID_CHAPTER_HISTORY_PARA_2">
      <Text>Nubya piramitleri konusunda Mısır'dan çok daha farklı bir yaklaşım benimsemişti. Devletlerini iflas ettiren devasa mezar kompleksleri inşa etmek yerine daha pratik bir yöntem seçtiler: 26 ft (8 m) genişliğinde bir tabanı, havada keskin bir açıyla yükselen dik kenarları ve piramit mezardan uzanan süslü bir giriş odası olan daha küçük piramitler. Nubya'nın düşüşünden bu yana hazine avcıları bu piramitlerin çoğunu yağmalamış olsa da, piramitler Nubya'nın mirasının güçlü bir kanıtı olmaya devam etmektedir.</Text>
    </Row>
  </EnglishText>
</GameData>