﻿<?xml version="1.0" encoding="utf-8" standalone="yes"?>
<!-- edited with XMLSPY v2004 rel. 2 U (http://www.xmlspy.com) by Ed Beach (Firaxis Games) -->
<GameData>
  <BaseGameText>
    <!-- Civ Info-->
    <Row Tag="LOC_CIVILIZATION_NUBIA_NAME">
      <Text>Nubia</Text>
    </Row>
    <Row Tag="LOC_TRAIT_CIVILIZATION_TA_SETI_NAME">
      <Text>Ta-Seti</Text>
    </Row>
    <Row Tag="LOC_TRAIT_CIVILIZATION_TA_SETI_DESCRIPTION">
      <Text>Menzilli birimlere yönelik +%30 [ICON_Production] Üretim. Tüm Menzilli birimler +%50 savaş deneyimi kazanır. Stratejik kaynaklar üzerindeki mayınlar +1 [ICON_Production] Üretim sağlar. Bonus ve lüks kaynaklar üzerindeki madenler +2 [ICON_Gold] Altın sağlar.</Text>
    </Row>
    <!-- Improvement Info-->
    <Row Tag="LOC_IMPROVEMENT_PYRAMID_NAME">
      <Text>Nübye Piramidi</Text>
    </Row>
    <Row Tag="LOC_IMPROVEMENT_PYRAMID_DESCRIPTION">
      <Text>Duvarcılık ile açılan ve Çöl, Çöl Tepeleri veya Çöl Taşkın Yatakları üzerinde inşa edilmesi gereken iyileştirme. +2 [ICON_Faith] İnanç ve +2 [ICON_Food] Gıda. Bitişik bölgelerden ek verim alır. Bir şehir merkezine bitişikse +1 [ICON_Food] Yiyecek. Bitişiklik bonusu veren diğer tüm mıntıkalar için: Eğer o mıntıka bitişikse uygun hasılatın +1'i.</Text>
    </Row>
    <!-- Leader Info-->
    <Row Tag="LOC_LEADER_AMANITORE_NAME">
      <Text>Amanitore</Text>
    </Row>
    <Row Tag="LOC_TRAIT_LEADER_KANDAKE_OF_MEROE_NAME">
      <Text>Meroë'li Kandake</Text>
    </Row>
    <Row Tag="LOC_TRAIT_LEADER_KANDAKE_OF_MEROE_DESCRIPTION">
      <Text>+20 [ICON_Production] Şehir Merkezine bitişik bir Nubian Piramidi varsa, tüm bölgelere yönelik üretim +%40'a yükselir.</Text>
    </Row>
    <!-- Unit Info-->
    <Row Tag="LOC_UNIT_NUBIAN_PITATI_NAME">
      <Text>Pítati Archer</Text>
    </Row>
    <Row Tag="LOC_UNIT_NUBIAN_PITATI_DESCRIPTION">
      <Text>Okçunun yerini alan Nübyeli eşsiz Antik çağ birimi. Ekstra [ICON_Movement] Hareket ile Okçu'dan daha güçlüdür. Arbaletçiye yükseltilir.</Text>
    </Row>
    <Row Tag="LOC_ABILITY_NUBIA_RANGED_EXPERIENCE_MODIFIER_DESCRIPTION">
      <Text>+%50 Savaştan kazanılan deneyim. (Ta-Seti)</Text>
    </Row>
  </BaseGameText>
</GameData>