﻿<?xml version="1.0" encoding="utf-8"?>
<!-- edited with XMLSPY v2004 rel. 2 U (http://www.xmlspy.com) by Ed Beach (Firaxis Games) -->
<GameData>
  <EnglishText>
    <!-- Civs [Majors] -->
    <Row Tag="LOC_CIVILIZATION_KHMER_ADJECTIVE">
      <Text>Khmer</Text>
    </Row>
    <Row Tag="LOC_CIVILIZATION_INDONESIA_ADJECTIVE">
      <Text>Endonezce
			Eril:an</Text>
      <Gender>Masculine:an</Gender>
    </Row>
    <!-- Leader Agendas-->
    <Row Tag="LOC_AGENDA_END_TO_SUFFERING_NAME">
      <Text>Acilara Bir Son</Text>
    </Row>
    <Row Tag="LOC_AGENDA_END_TO_SUFFERING_DESCRIPTION">
      <Text>Cok sayida Kutsal Alani olan ve ortalama sehir [ICON_Citizen] nüfusu yüksek olan medeniyetleri sever. Bu alanlardan herhangi birinde eksik olan medeniyetleri sevmez.</Text>
    </Row>
    <Row Tag="LOC_AGENDA_ARCHIPELAGIC_STATE_NAME">
      <Text>Takimadali Devlet</Text>
    </Row>
    <Row Tag="LOC_AGENDA_ARCHIPELAGIC_STATE_DESCRIPTION">
      <Text>Küçük kara parçalarinda sehir kurmaktan veya fethetmekten kaçinan uygarliklari sever.  Bu tür adalarda çok sayida sehri olanlardan nefret eder.</Text>
    </Row>
    <Row Tag="LOC_TOOLTIP_SAMPLE_DIPLOMACY_ARCHIPELAGIC_STATE">
      <Text>Tüm adalari kontrol etmek istiyor</Text>
    </Row>
    <Row Tag="LOC_TOOLTIP_SAMPLE_DIPLOMACY_END_TO_SUFFERING">
      <Text>Kutsal Alanlari ve yüksek nüfuslu sehirleri olan medeniyetleri sever</Text>
    </Row>
    <!-- Citizen Names [Indonesia]-->
    <Row Tag="LOC_CITIZEN_INDONESIA_MALE_1">
      <Text>Adityawarman</Text>
    </Row>
    <Row Tag="LOC_CITIZEN_INDONESIA_MALE_2">
      <Text>Airlangga</Text>
    </Row>
    <Row Tag="LOC_CITIZEN_INDONESIA_MALE_3">
      <Text>Anusapati</Text>
    </Row>
    <Row Tag="LOC_CITIZEN_INDONESIA_MALE_4">
      <Text>Jayakatwang</Text>
    </Row>
    <Row Tag="LOC_CITIZEN_INDONESIA_MALE_5">
      <Text>Jayapangus</Text>
    </Row>
    <Row Tag="LOC_CITIZEN_INDONESIA_MALE_6">
      <Text>Kertanegara</Text>
    </Row>
    <Row Tag="LOC_CITIZEN_INDONESIA_MALE_7">
      <Text>Nambi</Text>
    </Row>
    <Row Tag="LOC_CITIZEN_INDONESIA_MALE_8">
      <Text>Prapanca</Text>
    </Row>
    <Row Tag="LOC_CITIZEN_INDONESIA_MALE_9">
      <Text>Samaragrawira</Text>
    </Row>
    <Row Tag="LOC_CITIZEN_INDONESIA_MALE_10">
      <Text>Wijaya</Text>
    </Row>
    <Row Tag="LOC_CITIZEN_INDONESIA_FEMALE_1">
      <Text>Gayatri</Text>
    </Row>
    <Row Tag="LOC_CITIZEN_INDONESIA_FEMALE_2">
      <Text>Kidul</Text>
    </Row>
    <Row Tag="LOC_CITIZEN_INDONESIA_FEMALE_3">
      <Text>Kusumawardhani</Text>
    </Row>
    <Row Tag="LOC_CITIZEN_INDONESIA_FEMALE_4">
      <Text>Mahendradatta</Text>
    </Row>
    <Row Tag="LOC_CITIZEN_INDONESIA_FEMALE_5">
      <Text>Melati</Text>
    </Row>
    <Row Tag="LOC_CITIZEN_INDONESIA_FEMALE_6">
      <Text>Pitaloka</Text>
    </Row>
    <Row Tag="LOC_CITIZEN_INDONESIA_FEMALE_7">
      <Text>Rajapatni</Text>
    </Row>
    <Row Tag="LOC_CITIZEN_INDONESIA_FEMALE_8">
      <Text>Sinta</Text>
    </Row>
    <Row Tag="LOC_CITIZEN_INDONESIA_FEMALE_9">
      <Text>Suhita</Text>
    </Row>
    <Row Tag="LOC_CITIZEN_INDONESIA_FEMALE_10">
      <Text>Susilawati</Text>
    </Row>
    <Row Tag="LOC_CITIZEN_INDONESIA_MODERN_MALE_1">
      <Text>Adhy</Text>
    </Row>
    <Row Tag="LOC_CITIZEN_INDONESIA_MODERN_MALE_2">
      <Text>Arief</Text>
    </Row>
    <Row Tag="LOC_CITIZEN_INDONESIA_MODERN_MALE_3">
      <Text>Bayu</Text>
    </Row>
    <Row Tag="LOC_CITIZEN_INDONESIA_MODERN_MALE_4">
      <Text>BIntang</Text>
    </Row>
    <Row Tag="LOC_CITIZEN_INDONESIA_MODERN_MALE_5">
      <Text>Hanifah</Text>
    </Row>
    <Row Tag="LOC_CITIZEN_INDONESIA_MODERN_MALE_6">
      <Text>Lingga</Text>
    </Row>
    <Row Tag="LOC_CITIZEN_INDONESIA_MODERN_MALE_7">
      <Text>Raden</Text>
    </Row>
    <Row Tag="LOC_CITIZEN_INDONESIA_MODERN_MALE_8">
      <Text>Rafian</Text>
    </Row>
    <Row Tag="LOC_CITIZEN_INDONESIA_MODERN_MALE_9">
      <Text>Randika</Text>
    </Row>
    <Row Tag="LOC_CITIZEN_INDONESIA_MODERN_MALE_10">
      <Text>Zülfikri</Text>
    </Row>
    <Row Tag="LOC_CITIZEN_INDONESIA_MODERN_FEMALE_1">
      <Text>Anisah</Text>
    </Row>
    <Row Tag="LOC_CITIZEN_INDONESIA_MODERN_FEMALE_2">
      <Text>Ayu</Text>
    </Row>
    <Row Tag="LOC_CITIZEN_INDONESIA_MODERN_FEMALE_3">
      <Text>Citra</Text>
    </Row>
    <Row Tag="LOC_CITIZEN_INDONESIA_MODERN_FEMALE_4">
      <Text>Dewi</Text>
    </Row>
    <Row Tag="LOC_CITIZEN_INDONESIA_MODERN_FEMALE_5">
      <Text>Hanifah</Text>
    </Row>
    <Row Tag="LOC_CITIZEN_INDONESIA_MODERN_FEMALE_6">
      <Text>Megawati</Text>
    </Row>
    <Row Tag="LOC_CITIZEN_INDONESIA_MODERN_FEMALE_7">
      <Text>Puti</Text>
    </Row>
    <Row Tag="LOC_CITIZEN_INDONESIA_MODERN_FEMALE_8">
      <Text>Sukarna</Text>
    </Row>
    <Row Tag="LOC_CITIZEN_INDONESIA_MODERN_FEMALE_9">
      <Text>Vidia</Text>
    </Row>
    <Row Tag="LOC_CITIZEN_INDONESIA_MODERN_FEMALE_10">
      <Text>Yuvashi</Text>
    </Row>
    <!-- Citizen Names [Khmer]-->
    <Row Tag="LOC_CITIZEN_KHMER_MALE_1">
      <Text>Balarama</Text>
    </Row>
    <Row Tag="LOC_CITIZEN_KHMER_MALE_2">
      <Text>Boran</Text>
    </Row>
    <Row Tag="LOC_CITIZEN_KHMER_MALE_3">
      <Text>Damkhat</Text>
    </Row>
    <Row Tag="LOC_CITIZEN_KHMER_MALE_4">
      <Text>Indravarman</Text>
    </Row>
    <Row Tag="LOC_CITIZEN_KHMER_MALE_5">
      <Text>Laksmana</Text>
    </Row>
    <Row Tag="LOC_CITIZEN_KHMER_MALE_6">
      <Text>Nimol</Text>
    </Row>
    <Row Tag="LOC_CITIZEN_KHMER_MALE_7">
      <Text>Rama</Text>
    </Row>
    <Row Tag="LOC_CITIZEN_KHMER_MALE_8">
      <Text>Suryavarman</Text>
    </Row>
    <Row Tag="LOC_CITIZEN_KHMER_MALE_9">
      <Text>Thomma</Text>
    </Row>
    <Row Tag="LOC_CITIZEN_KHMER_MALE_10">
      <Text>Yasovarman</Text>
    </Row>
    <Row Tag="LOC_CITIZEN_KHMER_FEMALE_1">
      <Text>Bormey</Text>
    </Row>
    <Row Tag="LOC_CITIZEN_KHMER_FEMALE_2">
      <Text>Indradevi</Text>
    </Row>
    <Row Tag="LOC_CITIZEN_KHMER_FEMALE_3">
      <Text>Jayarajadevi</Text>
    </Row>
    <Row Tag="LOC_CITIZEN_KHMER_FEMALE_4">
      <Text>Lakshmi</Text>
    </Row>
    <Row Tag="LOC_CITIZEN_KHMER_FEMALE_5">
      <Text>Parvati</Text>
    </Row>
    <Row Tag="LOC_CITIZEN_KHMER_FEMALE_6">
      <Text>Romchang</Text>
    </Row>
    <Row Tag="LOC_CITIZEN_KHMER_FEMALE_7">
      <Text>Sorpheny</Text>
    </Row>
    <Row Tag="LOC_CITIZEN_KHMER_FEMALE_8">
      <Text>Suryavana</Text>
    </Row>
    <Row Tag="LOC_CITIZEN_KHMER_FEMALE_9">
      <Text>Tevoda</Text>
    </Row>
    <Row Tag="LOC_CITIZEN_KHMER_FEMALE_10">
      <Text>Viralakshmi</Text>
    </Row>
    <Row Tag="LOC_CITIZEN_KHMER_MODERN_MALE_1">
      <Text>Cakra</Text>
    </Row>
    <Row Tag="LOC_CITIZEN_KHMER_MODERN_MALE_2">
      <Text>Chhay</Text>
    </Row>
    <Row Tag="LOC_CITIZEN_KHMER_MODERN_MALE_3">
      <Text>Heng</Text>
    </Row>
    <Row Tag="LOC_CITIZEN_KHMER_MODERN_MALE_4">
      <Text>Kiri</Text>
    </Row>
    <Row Tag="LOC_CITIZEN_KHMER_MODERN_MALE_5">
      <Text>Maly</Text>
    </Row>
    <Row Tag="LOC_CITIZEN_KHMER_MODERN_MALE_6">
      <Text>Nimol</Text>
    </Row>
    <Row Tag="LOC_CITIZEN_KHMER_MODERN_MALE_7">
      <Text>Phala</Text>
    </Row>
    <Row Tag="LOC_CITIZEN_KHMER_MODERN_MALE_8">
      <Text>Rathanak</Text>
    </Row>
    <Row Tag="LOC_CITIZEN_KHMER_MODERN_MALE_9">
      <Text>Serey</Text>
    </Row>
    <Row Tag="LOC_CITIZEN_KHMER_MODERN_MALE_10">
      <Text>Sophal</Text>
    </Row>
    <Row Tag="LOC_CITIZEN_KHMER_MODERN_FEMALE_1">
      <Text>Bopha</Text>
    </Row>
    <Row Tag="LOC_CITIZEN_KHMER_MODERN_FEMALE_2">
      <Text>Chantha</Text>
    </Row>
    <Row Tag="LOC_CITIZEN_KHMER_MODERN_FEMALE_3">
      <Text>Dara</Text>
    </Row>
    <Row Tag="LOC_CITIZEN_KHMER_MODERN_FEMALE_4">
      <Text>Jorani</Text>
    </Row>
    <Row Tag="LOC_CITIZEN_KHMER_MODERN_FEMALE_5">
      <Text>Leakena</Text>
    </Row>
    <Row Tag="LOC_CITIZEN_KHMER_MODERN_FEMALE_6">
      <Text>Phhoung</Text>
    </Row>
    <Row Tag="LOC_CITIZEN_KHMER_MODERN_FEMALE_7">
      <Text>Poeu</Text>
    </Row>
    <Row Tag="LOC_CITIZEN_KHMER_MODERN_FEMALE_8">
      <Text>Rachana</Text>
    </Row>
    <Row Tag="LOC_CITIZEN_KHMER_MODERN_FEMALE_9">
      <Text>Sophon</Text>
    </Row>
    <Row Tag="LOC_CITIZEN_KHMER_MODERN_FEMALE_10">
      <Text>Thyda</Text>
    </Row>
    <!-- City Names [Indonesia] -->
    <Row Tag="LOC_CITY_NAME_MAJAPAHIT">
      <Text>Majapahit</Text>
    </Row>
    <Row Tag="LOC_CITY_NAME_TUBAN">
      <Text>Tuban</Text>
    </Row>
    <Row Tag="LOC_CITY_NAME_PALEMBANG">
      <Text>Palembang</Text>
    </Row>
    <Row Tag="LOC_CITY_NAME_JAMBI">
      <Text>Jambi</Text>
    </Row>
    <Row Tag="LOC_CITY_NAME_TERNATE">
      <Text>Ternate</Text>
    </Row>
    <Row Tag="LOC_CITY_NAME_BADUNG">
      <Text>Badung</Text>
    </Row>
    <Row Tag="LOC_CITY_NAME_MATARAM">
      <Text>Mataram</Text>
    </Row>
    <Row Tag="LOC_CITY_NAME_SURABAYA">
      <Text>Surabaya</Text>
    </Row>
    <Row Tag="LOC_CITY_NAME_BANJARMASIN">
      <Text>Banjarmasin</Text>
    </Row>
    <Row Tag="LOC_CITY_NAME_BIMA">
      <Text>Bima</Text>
    </Row>
    <Row Tag="LOC_CITY_NAME_MAKASSAR">
      <Text>Makassar</Text>
    </Row>
    <Row Tag="LOC_CITY_NAME_LAMPUNG">
      <Text>Lampung</Text>
    </Row>
    <Row Tag="LOC_CITY_NAME_BARUS">
      <Text>Barus</Text>
    </Row>
    <Row Tag="LOC_CITY_NAME_BANTEN">
      <Text>Banten</Text>
    </Row>
    <Row Tag="LOC_CITY_NAME_GELGEL">
      <Text>Gelgel</Text>
    </Row>
    <Row Tag="LOC_CITY_NAME_BOGOR">
      <Text>Bogor</Text>
    </Row>
    <Row Tag="LOC_CITY_NAME_PAGARUYUNG">
      <Text>Pagaruyung</Text>
    </Row>
    <Row Tag="LOC_CITY_NAME_GORONTALO">
      <Text>Gorontalo</Text>
    </Row>
    <Row Tag="LOC_CITY_NAME_PEKALONGAN">
      <Text>Pekalongan</Text>
    </Row>
    <Row Tag="LOC_CITY_NAME_SUKADANA">
      <Text>Sukadana</Text>
    </Row>
    <Row Tag="LOC_CITY_NAME_MALANG">
      <Text>Malang</Text>
    </Row>
    <Row Tag="LOC_CITY_NAME_LAMBRI">
      <Text>Lambri</Text>
    </Row>
    <Row Tag="LOC_CITY_NAME_SUKABUMI">
      <Text>Sukabumi</Text>
    </Row>
    <Row Tag="LOC_CITY_NAME_KAHURIPAN">
      <Text>Kahuripan</Text>
    </Row>
    <Row Tag="LOC_CITY_NAME_BENGKULU">
      <Text>Bengkulu</Text>
    </Row>
    <Row Tag="LOC_CITY_NAME_KEDIRI">
      <Text>Kediri</Text>
    </Row>
    <Row Tag="LOC_CITY_NAME_TANJUNGPINANG">
      <Text>Tanjungpinang</Text>
    </Row>
    <Row Tag="LOC_CITY_NAME_BAU_BAU">
      <Text>Bau-Bau</Text>
    </Row>
    <Row Tag="LOC_CITY_NAME_GRESIK">
      <Text>Gresik</Text>
    </Row>
    <Row Tag="LOC_CITY_NAME_PONTIANAK">
      <Text>Pontianak</Text>
    </Row>
    <Row Tag="LOC_CITY_NAME_PANGKALPINANG">
      <Text>Pangkalpinang</Text>
    </Row>
    <!-- City Names [Khmer] -->
    <Row Tag="LOC_CITY_NAME_ANGKOR_THOM">
      <Text>Angkor Thom</Text>
    </Row>
    <Row Tag="LOC_CITY_NAME_ANGKOR_WAT">
      <Text>Angkor Wat</Text>
    </Row>
    <Row Tag="LOC_CITY_NAME_HARIHARALAYA">
      <Text>Hariharalaya</Text>
    </Row>
    <Row Tag="LOC_CITY_NAME_YASODHARAPURA">
      <Text>Yaśodharapura</Text>
    </Row>
    <Row Tag="LOC_CITY_NAME_MAHENDRAPARVATA">
      <Text>Mahendraparvata</Text>
    </Row>
    <Row Tag="LOC_CITY_NAME_VIMAYAPURA">
      <Text>Vimayapura</Text>
    </Row>
    <Row Tag="LOC_CITY_NAME_INDRAPURA">
      <Text>Indrapura</Text>
    </Row>
    <Row Tag="LOC_CITY_NAME_LINGAPURA">
      <Text>Lingapura</Text>
    </Row>
    <Row Tag="LOC_CITY_NAME_PREAH_VIHEAR">
      <Text>Preah Vihear</Text>
    </Row>
    <Row Tag="LOC_CITY_NAME_BHAVAPURA">
      <Text>Bhavapura</Text>
    </Row>
    <Row Tag="LOC_CITY_NAME_KOMPONG_SVAY">
      <Text>Kompong Svay</Text>
    </Row>
    <Row Tag="LOC_CITY_NAME_NAGARA_JAYASRI">
      <Text>Nagara Jayasri</Text>
    </Row>
    <Row Tag="LOC_CITY_NAME_VYADHAPURA">
      <Text>Vyadhapura</Text>
    </Row>
    <Row Tag="LOC_CITY_NAME_CHATURMUKHA">
      <Text>Chaturmukha</Text>
    </Row>
    <Row Tag="LOC_CITY_NAME_DVIRADAPURA">
      <Text>Dviradapura</Text>
    </Row>
    <Row Tag="LOC_CITY_NAME_RAJAVIHARA">
      <Text>Rajavihara</Text>
    </Row>
    <Row Tag="LOC_CITY_NAME_AMARENDRAPURA">
      <Text>Amarendrapura</Text>
    </Row>
    <Row Tag="LOC_CITY_NAME_PHANOM_RUNG">
      <Text>Phanom Rung</Text>
    </Row>
    <Row Tag="LOC_CITY_NAME_ISVARAPURA">
      <Text>Iśvarapura</Text>
    </Row>
    <Row Tag="LOC_CITY_NAME_MUANG_TAM">
      <Text>Muang Tam</Text>
    </Row>
    <Row Tag="LOC_CITY_NAME_ANGKOR_BOREI">
      <Text>Angkor Borei</Text>
    </Row>
    <Row Tag="LOC_CITY_NAME_BANTEAY_KDEI">
      <Text>Banteay Kdei</Text>
    </Row>
    <Row Tag="LOC_CITY_NAME_PHETCHABURI">
      <Text>Phetchaburi</Text>
    </Row>
    <Row Tag="LOC_CITY_NAME_CHAIYA">
      <Text>Chaiya</Text>
    </Row>
    <Row Tag="LOC_CITY_NAME_ISANAPURA">
      <Text>Isanapura</Text>
    </Row>
    <Row Tag="LOC_CITY_NAME_PRE_RUP">
      <Text>Ön Rup</Text>
    </Row>
    <Row Tag="LOC_CITY_NAME_BENG_MELEA">
      <Text>Beng Melea</Text>
    </Row>
    <Row Tag="LOC_CITY_NAME_LAVODAYAPURA">
      <Text>Lavodayapura</Text>
    </Row>
    <Row Tag="LOC_CITY_NAME_SHRESTAPURA">
      <Text>Shrestapura</Text>
    </Row>
    <Row Tag="LOC_CITY_NAME_ANINDITAPURA">
      <Text>Aninditapura</Text>
    </Row>
    <!-- Unit Abilities  -->
    <Row Tag="LOC_ABILITY_MARTYR_DESCRIPTION">
      <Text>Bu birim Teolojik Savasta ölürse bir [ICON_GreatWork_Relic] Kalinti olusturulur.</Text>
    </Row>
    <Row Tag="LOC_ABILITY_JONG_DESCRIPTION">
      <Text>Bir düzen içindeyken +5 [ICON_Strength] Savas Gücü bonusu. [NEWLINE][ICON_Bullet]Düzen içindeki birimler Jong'un hareketini miras alir.</Text>
    </Row>
    <Row Tag="LOC_ABILITY_GITARJA_RELIGIOUS_NO_EMBARK_DISEMBARK_COST_DESCRIPTION">
      <Text>Gemiye binmek veya gemiden inmek için hareket maliyeti yok (Gitarja)</Text>
    </Row>
    <!-- World Wonders -->
    <Row Tag="LOC_BUILDING_ANGKOR_WAT_NAME">
      <Text>Angkor Wat</Text>
    </Row>
    <Row Tag="LOC_BUILDING_ANGKOR_WAT_DESCRIPTION">
      <Text>+1 [ICON_Citizen] Insa edildiginde tüm Mevcut Sehirlerde Nüfus. +1 [ICON_Housing] Tüm sehirlerde konut. [NEWLINE][NEWLINE]Bir Su Kemeri bölgesine bitisik olarak insa edilmelidir.</Text>
    </Row>
    <!-- New adjacency bonuses-->
    <Row Tag="LOC_DISTRICT_NUSANTARA_FAITH">
      <Text>+{1_num} [ICON_Faith] Bitisik Kiyi karo(lari)ndan gelen inanç.</Text>
    </Row>
    <Row Tag="LOC_DISTRICT_NUSANTARA_SCIENCE">
      <Text>+{1_num} [ICON_Science] Bitisik Sahil karo(lar)indan bilim.</Text>
    </Row>
    <Row Tag="LOC_DISTRICT_NUSANTARA_PRODUCTION">
      <Text>+{1_num} [ICON_Production] Bitisik Sahil karo(lar)indan üretim.</Text>
    </Row>
    <Row Tag="LOC_DISTRICT_NUSANTARA_CULTURE">
      <Text>+{1_num} [ICON_Culture] Bitisik Sahil karo(lar)indan kültür.</Text>
    </Row>
    <!-- Indonesia Diplo Text -->
    <Row Tag="LOC_DIPLO_ACCEPT_DECLARE_FRIEND_FROM_HUMAN_LEADER_GITARJA_ANY">
      <Text>Sansli bir tesadüf, ben de aynisini sormak üzereydim. Güzel! Mesele halloldu.</Text>
    </Row>
    <Row Tag="LOC_DIPLO_REJECT_DECLARE_FRIEND_FROM_HUMAN_LEADER_GITARJA_ANY">
      <Text>Size "dostum" diyecek kadar ileri gitmezdim. Gerçek niyetinizi ögrenene kadar, oldugumuz gibi kalmaliyiz.</Text>
    </Row>
    <Row Tag="LOC_DIPLO_DECLARE_FRIEND_FROM_AI_LEADER_GITARJA_ANY">
      <Text>Benim halkim sizinkiyle karsilasmayi bir zevk olarak görüyor. Eger siz de Endonezya için ayni seyleri hissediyorsaniz, bunu tüm dünyaya ilan edelim!</Text>
    </Row>
    <Row Tag="LOC_DIPLO_ACCEPT_DECLARE_FRIEND_FROM_AI_LEADER_GITARJA_ANY">
      <Text>Güzel, güzel.</Text>
    </Row>
    <Row Tag="LOC_DIPLO_REJECT_DECLARE_FRIEND_FROM_AI_LEADER_GITARJA_ANY">
      <Text>Beni asagilamaya mi çalisiyorsun?</Text>
    </Row>
    <Row Tag="LOC_DIPLO_DECLARE_WAR_FROM_HUMAN_LEADER_GITARJA_ANY">
      <Text>Gerçekten mi? Intikamimin muson yagmurlarini utandirdigini bilmiyor muydun? Yakinda ögreneceksin.</Text>
    </Row>
    <Row Tag="LOC_DIPLO_DECLARE_WAR_FROM_AI_LEADER_GITARJA_ANY">
      <Text>Bu savas bitmeden önce, binlerce geminin öfkesini taniyacaksiniz.</Text>
    </Row>
    <Row Tag="LOC_DIPLO_ACCEPT_DELEGATION_FROM_HUMAN_LEADER_GITARJA_ANY">
      <Text>Heyetiniz kendilerini utandirmadi. Bu da halkiniz hakkinda iyi seyler söylüyor.</Text>
    </Row>
    <Row Tag="LOC_DIPLO_REJECT_DELEGATION_FROM_HUMAN_LEADER_GITARJA_ANY">
      <Text>Simdi olmaz. Kötü bir dalga geliyor. En iyisi halkim bunu sizinkiyle iliskilendirmesin.</Text>
    </Row>
    <Row Tag="LOC_DIPLO_DELEGATION_FROM_AI_LEADER_GITARJA_ANY">
      <Text>Heyetimiz oncom spor kekleri getiriyor. Kirmizi oncom zencefil sosuna ihtiyaç duyar, ama siyah tek basina lezzetlidir.</Text>
    </Row>
    <Row Tag="LOC_DIPLO_DENOUNCE_FROM_HUMAN_LEADER_GITARJA_ANY">
      <Text>Buna hakaret mi diyorsun? Kabuk baglamis bir midyeden acinasi bir girisim!</Text>
    </Row>
    <Row Tag="LOC_DIPLO_DENOUNCE_FROM_AI_LEADER_GITARJA_ANY">
      <Text>Sakin sularda gemilerin etrafina yayilan çamur gibisiniz. Senin huzurundayken, yelken açmak en iyisidir. (Sizi kiniyor)</Text>
    </Row>
    <Row Tag="LOC_DIPLO_FIRST_MEET_LEADER_GITARJA_ANY">
      <Text>Ben Gitarja, Endonezya'nin kraliçesi ve koruyucusuyum. Bizi zayif sananlar okyanus tabanini kirletiyor.</Text>
    </Row>
    <Row Tag="LOC_DIPLO_FIRST_MEET_VISIT_RECIPIENT_LEADER_GITARJA_ANY">
      <Text>Sehrimiz çok yakin. Gelin, ziyaret etmelisiniz! Kampung'da bir yürüyüse çikin.</Text>
    </Row>
    <Row Tag="LOC_DIPLO_FIRST_MEET_NEAR_INITIATOR_POSITIVE_LEADER_GITARJA_ANY">
      <Text>Içinde oldugunu biliyordum.</Text>
    </Row>
    <Row Tag="LOC_DIPLO_FIRST_MEET_NO_MANS_INFO_EXCHANGE_LEADER_GITARJA_ANY">
      <Text>Sizin baskentiniz nerede? Elbette kendi baskentimin yerini paylasacagim.</Text>
    </Row>
    <Row Tag="LOC_DIPLO_GREETING_LEADER_GITARJA_ANY">
      <Text>Seni görüyorum.</Text>
    </Row>
    <Row Tag="LOC_DIPLO_KUDO_EXIT_LEADER_GITARJA_ANY">
      <Text>Küçük kiyilardan kaçiniyorsunuz. Böyle bir hürmet not edilir ve iyi karsilanir.</Text>
    </Row>
    <Row Tag="LOC_DIPLO_WARNING_EXIT_LEADER_GITARJA_ANY">
      <Text>Ada topraklarinizi elinizde tutamazsiniz. Onlari tutabilecek birine teslim etmelisiniz.</Text>
    </Row>
    <Row Tag="LOC_DIPLO_MAKE_ALLIANCE_FROM_AI_LEADER_GITARJA_ANY">
      <Text>Senin filon ve benimki, birlikte yelken açiyoruz. Bu konuda ne düsünüyorsun?</Text>
    </Row>
    <Row Tag="LOC_DIPLO_MAKE_PEACE_AI_ACCEPT_DEAL_LEADER_GITARJA_ANY">
      <Text>Bununla yasayabilirim.</Text>
    </Row>
    <Row Tag="LOC_DIPLO_MAKE_PEACE_AI_REFUSE_DEAL_LEADER_GITARJA_ANY">
      <Text>Bu teklif neredeyse saldirgan.</Text>
    </Row>
    <Row Tag="LOC_DIPLO_MAKE_PEACE_FROM_AI_LEADER_GITARJA_ANY">
      <Text>Bu kadar yeter. Bu kavga gerçek düsmanlarimizi kiskirtmaktan baska bir ise yaramiyor.</Text>
    </Row>
    <Row Tag="LOC_DIPLO_ACCEPT_OPEN_BORDERS_FROM_HUMAN_LEADER_GITARJA_ANY">
      <Text>Tabii ki. Saklayacak bir seyimiz yok.</Text>
    </Row>
    <Row Tag="LOC_DIPLO_REJECT_OPEN_BORDERS_FROM_HUMAN_LEADER_GITARJA_ANY">
      <Text>Hayir. Endonezya topraklarina mi bakmak istiyorsunuz? Bunu uzaktan yapin.</Text>
    </Row>
    <Row Tag="LOC_DIPLO_OPEN_BORDERS_FROM_AI_LEADER_GITARJA_ANY">
      <Text>Topraklariniz Endonezya halkinin ilgisini çekiyor. Açik sinirlarla, onlari kesfedebiliriz.</Text>
    </Row>
    <Row Tag="LOC_DIPLO_WARNING_TOO_MANY_TROOPS_NEAR_ME_LEADER_GITARJA_ANY">
      <Text>Ordulariniz Endonezya topraklarinda ziyafet çekmeden önce aç kalacaktir.</Text>
    </Row>
    <Row Tag="LOC_DIPLO_DEFEAT_FROM_AI_LEADER_GITARJA_ANY">
      <Text>Nusantara'nin hayali akintiya karsi kayboldu.</Text>
    </Row>
    <Row Tag="LOC_DIPLO_REJECT_MAKE_DEAL_FROM_AI_LEADER_GITARJA_ANY">
      <Text>Hosuma gitmiyor ama anliyorum.</Text>
    </Row>
    <Row Tag="LOC_DIPLO_ACCEPT_MAKE_DEAL_FROM_AI_LEADER_GITARJA_ANY">
      <Text>Güzel!</Text>
    </Row>
    <!-- Khmer Diplo Text -->
    <Row Tag="LOC_DIPLO_ACCEPT_DECLARE_FRIEND_FROM_HUMAN_LEADER_JAYAVARMAN_ANY">
      <Text>Belki... evet.</Text>
    </Row>
    <Row Tag="LOC_DIPLO_REJECT_DECLARE_FRIEND_FROM_HUMAN_LEADER_JAYAVARMAN_ANY">
      <Text>Reddetmek zorundayim.</Text>
    </Row>
    <Row Tag="LOC_DIPLO_DECLARE_FRIEND_FROM_AI_LEADER_JAYAVARMAN_ANY">
      <Text>Cennet size gülümsüyor, Khmerler de öyle. Dünya dostlugumuzu bilmeli. Bunu ilan edebilir miyiz?</Text>
    </Row>
    <Row Tag="LOC_DIPLO_ACCEPT_DECLARE_FRIEND_FROM_AI_LEADER_JAYAVARMAN_ANY">
      <Text>Cok akillica.</Text>
    </Row>
    <Row Tag="LOC_DIPLO_REJECT_DECLARE_FRIEND_FROM_AI_LEADER_JAYAVARMAN_ANY">
      <Text>Hmm. Anliyorum.</Text>
    </Row>
    <Row Tag="LOC_DIPLO_DECLARE_WAR_FROM_HUMAN_LEADER_JAYAVARMAN_ANY">
      <Text>Savas o zaman? Aptallar talihin kendi taraflarinda oldugunu sanirlar. Seninki bittiginde kimi suçlayacaksin?</Text>
    </Row>
    <Row Tag="LOC_DIPLO_DECLARE_WAR_FROM_AI_LEADER_JAYAVARMAN_ANY">
      <Text>Hareketleriniz savas arzunuzu ortaya koyuyor. Khmerler sizi mecbur birakacak.</Text>
    </Row>
    <Row Tag="LOC_DIPLO_ACCEPT_DELEGATION_FROM_HUMAN_LEADER_JAYAVARMAN_ANY">
      <Text>Heyetinizi baskentimizde kabul ettik. Khmerler hediyenize minnettar.</Text>
    </Row>
    <Row Tag="LOC_DIPLO_REJECT_DELEGATION_FROM_HUMAN_LEADER_JAYAVARMAN_ANY">
      <Text>Kabul edemeyiz. Khmerlerin yabanci ülkelerden gelen garip hediyelere ihtiyaci yoktur.</Text>
    </Row>
    <Row Tag="LOC_DIPLO_DELEGATION_FROM_AI_LEADER_JAYAVARMAN_ANY">
      <Text>Heyetimiz kizarmis bir yemek olan a-ping getiriyor. Tarantulanin geri kalanini tüketmeden önce bacaklarini yemek en iyisi.</Text>
    </Row>
    <Row Tag="LOC_DIPLO_DENOUNCE_FROM_HUMAN_LEADER_JAYAVARMAN_ANY">
      <Text>Sert sözlerinizle cennete meydan okuyorsunuz. Tanidik bir his olmali!</Text>
    </Row>
    <Row Tag="LOC_DIPLO_DENOUNCE_FROM_AI_LEADER_JAYAVARMAN_ANY">
      <Text>Ilahi bir yasamin nasil yasanacagini biliyor olmalisiniz - baska türlü halkiniza bunun tersini nasil ögretebilirsiniz? (Sizi Kiniyor)</Text>
    </Row>
    <Row Tag="LOC_DIPLO_FIRST_MEET_LEADER_JAYAVARMAN_ANY">
      <Text>Ben 7. Jayavarman'im ve Khmerler onlari yönetmeme izin veriyor. Onlarin acisi benim acimdir.</Text>
    </Row>
    <Row Tag="LOC_DIPLO_FIRST_MEET_VISIT_RECIPIENT_LEADER_JAYAVARMAN_ANY">
      <Text>Baskentimize seyahat etmelisiniz. Khmerlerin neye deger verdigini anlamak için prasatimizi görün.</Text>
    </Row>
    <Row Tag="LOC_DIPLO_FIRST_MEET_NEAR_INITIATOR_POSITIVE_LEADER_JAYAVARMAN_ANY">
      <Text>Cok iyi.</Text>
    </Row>
    <Row Tag="LOC_DIPLO_FIRST_MEET_NO_MANS_INFO_EXCHANGE_LEADER_JAYAVARMAN_ANY">
      <Text>Cok iyi.</Text>
    </Row>
    <Row Tag="LOC_DIPLO_GREETING_LEADER_JAYAVARMAN_ANY">
      <Text>Neden beni rahatsiz ediyorsun?</Text>
    </Row>
    <Row Tag="LOC_DIPLO_KUDO_EXIT_LEADER_JAYAVARMAN_ANY">
      <Text>Ruhsal acilari sona erdirmek, fiziksel sikintilari hafifletmek kadar önemlidir. Bunu anliyorsun.</Text>
    </Row>
    <Row Tag="LOC_DIPLO_WARNING_EXIT_LEADER_JAYAVARMAN_ANY">
      <Text>Ilahiyat örnekleri olmadan halkiniz ilahi olana nasil ulasabilir?</Text>
    </Row>
    <Row Tag="LOC_DIPLO_MAKE_ALLIANCE_FROM_AI_LEADER_JAYAVARMAN_ANY">
      <Text>Davranislariniz bir ittifak için Cennet'e yeterince yakin oldugunuzu gösteriyor. Khmerlerin yaninda yürür müydün?</Text>
    </Row>
    <Row Tag="LOC_DIPLO_MAKE_PEACE_AI_ACCEPT_DEAL_LEADER_JAYAVARMAN_ANY">
      <Text>Baris yapmakta büyük bir bilgelik vardir. Bunu kabul edebilirim.</Text>
    </Row>
    <Row Tag="LOC_DIPLO_MAKE_PEACE_AI_REFUSE_DEAL_LEADER_JAYAVARMAN_ANY">
      <Text>Bunun halkima bir faydasi olmaz.</Text>
    </Row>
    <Row Tag="LOC_DIPLO_MAKE_PEACE_FROM_AI_LEADER_JAYAVARMAN_ANY">
      <Text>Her iki halk da aci çekiyor. Bu sonuçsuz savasi bitiremez miyiz?</Text>
    </Row>
    <Row Tag="LOC_DIPLO_ACCEPT_OPEN_BORDERS_FROM_HUMAN_LEADER_JAYAVARMAN_ANY">
      <Text>Anlastik. Halkiniz daha iyi yasamak istiyorsa, Khmer yasam tarzini deneyimlemelidir.</Text>
    </Row>
    <Row Tag="LOC_DIPLO_REJECT_OPEN_BORDERS_FROM_HUMAN_LEADER_JAYAVARMAN_ANY">
      <Text>Cok fazla dis etki Khmer yasam tarzini zehirliyor. Buna izin veremem. Su anda olmaz.</Text>
    </Row>
    <Row Tag="LOC_DIPLO_OPEN_BORDERS_FROM_AI_LEADER_JAYAVARMAN_ANY">
      <Text>Insanlarimiz arasinda dünyevi engeller olmamalidir. Siz de katiliyor musunuz?</Text>
    </Row>
    <Row Tag="LOC_DIPLO_WARNING_TOO_MANY_TROOPS_NEAR_ME_LEADER_JAYAVARMAN_ANY">
      <Text>Askerlerinizi Khmer topraklarina yaklastiriyorsunuz. Hem de çok yakinina.</Text>
    </Row>
    <Row Tag="LOC_DIPLO_DEFEAT_FROM_AI_LEADER_JAYAVARMAN_ANY">
      <Text>Insan yenilgide tevazu kazanir. Size en büyük alçakgönüllülügün bahsedilmesi için dua ediyorum.</Text>
    </Row>
    <Row Tag="LOC_DIPLO_REJECT_MAKE_DEAL_FROM_AI_LEADER_JAYAVARMAN_ANY">
      <Text>Bunda bir hikmet göremiyorum.</Text>
    </Row>
    <Row Tag="LOC_DIPLO_ACCEPT_MAKE_DEAL_FROM_AI_LEADER_JAYAVARMAN_ANY">
      <Text>Evet. Khmerler için iyi.</Text>
    </Row>
  </EnglishText>
</GameData>