﻿<?xml version="1.0" encoding="utf-8"?>
<GameData>
  <EnglishText>
    <!--Indonesia-->
    <Row Tag="LOC_LOADING_INFO_LEADER_GITARJA">
      <Text>Cesur Gitarja, on bin adanin Majapahit kraliçesi, Endonezya'nin denizleri senin en büyük gücün. Üç Dünyanin Yüce Tanriçasi olarak, ilahi etkinizi günesin dokundugu tüm sulara yayacaksiniz. Sadik filonuza güvenin, cesur kraliçe! Endonezya kiyilarina kargasa getirenlerin üzerine korkunç bir firtina salin.</Text>
    </Row>
    <Row Tag="LOC_CIVILIZATION_INDONESIA_NAME">
      <Text>Endonezya</Text>
    </Row>
    <Row Tag="LOC_CIVILIZATION_INDONESIA_DESCRIPTION">
      <Text>Endonezya Imparatorlugu</Text>
    </Row>
    <Row Tag="LOC_IMPROVEMENT_KAMPUNG_NAME">
      <Text>Kampung</Text>
    </Row>
    <Row Tag="LOC_IMPROVEMENT_KAMPUNG_DESCRIPTION">
      <Text>Endonezya'ya özgü bir Kampung insa etmek için Insaatçi yeteneginin kilidini açar.[NEWLINE][NEWLINE]+1 [ICON_PRODUCTION] Üretim ve +1 [ICON_Housing] Konut. Bitisik her Balikçi Teknesi için +1 [ICON_FOOD] Yiyecek. Teknoloji ve Yurttaslik Agacinda ilerledikçe ilave [ICON_PRODUCTION] Üretim, [ICON_Housing] Konut ve [ICON_TOURISM] Turizm. Bir deniz kaynagina bitisik bir Kiyi veya Göl karesine yerlestirilmelidir.</Text>
    </Row>
    <Row Tag="LOC_LEADER_GITARJA_NAME">
      <Text>Gitarja</Text>
    </Row>
    <Row Tag="LOC_TRAIT_CIVILIZATION_IMPROVEMENT_KAMPUNG_NAME">
      <Text>Endonezya'ya özgü iyilestirme: Kampung</Text>
    </Row>
    <Row Tag="LOC_TRAIT_CIVILIZATION_INDONESIA_NUSANTARA_NAME">
      <Text>Büyük Nusantara</Text>
    </Row>
    <Row Tag="LOC_TRAIT_CIVILIZATION_INDONESIA_NUSANTARA_DESCRIPTION">
      <Text>Kiyi ve Göl karolari Kutsal Alan, Kampüs, Sanayi Bölgesi ve Tiyatro Meydani bölgeleri için küçük bir bitisiklik bonusu saglar. +1 [ICON_AMENITIES] Bir Sahil veya Göl karosuna bitisik her Eglence Kompleksine eglenceden saglanan avantaj.</Text>
    </Row>
    <Row Tag="LOC_TRAIT_CIVILIZATION_UNIT_INDONESIAN_JONG_NAME">
      <Text>Endonezya'ya özgü bir birim: Jong</Text>
    </Row>
    <Row Tag="LOC_TRAIT_LEADER_EXALTED_GODDESS_NAME">
      <Text>Üç Dünyanin Yüce Tanriçasi</Text>
    </Row>
    <Row Tag="LOC_TRAIT_LEADER_EXALTED_GODDESS_DESCRIPTION">
      <Text>Donanma birimleri [ICON_FAITH] Inanç ile satin alinabilir. Dini birimler gemiye binmek veya gemiden inmek için hareket ödemez. Kiyi veya Göl karelerine bitisik Sehir Merkezlerine +2[ICON_FAITH] Inanç.</Text>
    </Row>
    <Row Tag="LOC_UNIT_INDONESIAN_JONG_NAME">
      <Text>Jong</Text>
    </Row>
    <Row Tag="LOC_UNIT_INDONESIAN_JONG_DESCRIPTION">
      <Text>Firkateynin yerini alan Endonezya'ya özgü Ortaçag dönemi deniz birimi. Olusum birimlerinin tümü, bir olusum içindeyken eskortun [ICON_Movement] Hareket hizini ve +5 [ICON_Strength] Savas Gücünü miras alir.</Text>
    </Row>
    <!--Khmer-->
    <Row Tag="LOC_LOADING_INFO_LEADER_JAYAVARMAN">
      <Text>Bilge Jayavarman, bu ismi tasiyan yedinci kisi, Khmerler kendilerini onlarin refahina adamana hayranlik duyuyor. Ülkenin tatli sularina hükmetmen, aç halkini doyurmani sagladigi gibi, seni Cennet'e daha da yaklastiriyor. Ileri git, ilahi mimar! Mükemmele yaklasan bir imparatorluk kur ve düsmanlarin sonlarini güçlü savas fillerinin altinda bulsunlar.</Text>
    </Row>
    <Row Tag="LOC_BUILDING_PRASAT_NAME">
      <Text>Prasat</Text>
    </Row>
    <Row Tag="LOC_BUILDING_PRASAT_DESCRIPTION">
      <Text>Khmer'e özgü bir bina. Tapinagin yerini alir. [ICON_Faith] Inanca sahip Havariler ve Engizisyoncular satin almak için gereklidir. Bu sehirde satin alinan Misyonerler, bu Misyoner Teolojik Savasta ölürse bir [ICON_GreatWork_Relic] Kalinti veren Sehit yetenegi alir.</Text>
    </Row>
    <Row Tag="LOC_BUILDING_PRASAT_EXPANSION1_DESCRIPTION">
      <Text>+6 [ICON_FAITH] Inanç. Khmer'e özgü bir bina. Tapinagin yerini alir. [ICON_Faith] Inanca sahip Havariler ve Engizisyoncular satin almak için gereklidir. Bu sehirdeki her [ICON_CITIZEN] nüfus için +0,5 [ICON_Culture] Kültür. Uçus arastirildiktan sonra, sehir [ICON_CITIZEN] nüfusu 10 veya daha fazlaysa +10 [ICON_Tourism] Turizm ve sehir [ICON_CITIZEN] nüfusu 20 veya daha fazlaysa +20 [ICON_Tourism] Turizm alirsiniz.</Text>
    </Row>
    <Row Tag="LOC_BUILDING_PRASAT_EXPANSION2_DESCRIPTION">
      <Text>+6 [ICON_FAITH] Inanç. Khmer'e özgü bir bina. Tapinagin yerini alir. [ICON_Faith] Inanca sahip Havariler ve Engizisyoncular satin almak için gereklidir. Bu sehirdeki her [ICON_CITIZEN] nüfus için +0,5 [ICON_Culture] Kültür. Uçus arastirildiktan sonra, sehir [ICON_CITIZEN] nüfusu 10 veya daha fazlaysa +10 [ICON_Tourism] Turizm ve sehir [ICON_CITIZEN] nüfusu 20 veya daha fazlaysa +20 [ICON_Tourism] Turizm alirsiniz.</Text>
    </Row>
    <Row Tag="LOC_CIVILIZATION_KHMER_NAME">
      <Text>Khmer</Text>
    </Row>
    <Row Tag="LOC_CIVILIZATION_KHMER_DESCRIPTION">
      <Text>Khmer Imparatorlugu</Text>
    </Row>
    <Row Tag="LOC_LEADER_JAYAVARMAN_NAME">
      <Text>Jayavarman VII</Text>
    </Row>
    <Row Tag="LOC_TRAIT_CIVILIZATION_BUILDING_PRASAT_NAME">
      <Text>Khmer'in essiz binasi: Prasat</Text>
    </Row>
    <Row Tag="LOC_TRAIT_CIVILIZATION_KHMER_BARAYS_NAME">
      <Text>Grand Barays</Text>
    </Row>
    <Row Tag="LOC_TRAIT_CIVILIZATION_KHMER_BARAYS_DESCRIPTION">
      <Text>Su Kemeri olan her sehre +3 [ICON_FAITH] Inanç ve +1 [ICON_AMENITIES] Eglence. Ciftlikler bir Su Kemerine bitisikse +2 [ICON_FOOD] Gida saglar.</Text>
    </Row>
    <Row Tag="LOC_TRAIT_CIVILIZATION_KHMER_BARAYS_EXPANSION1_DESCRIPTION">
      <Text>Su Kemeri olan sehirler her [ICON_CITIZEN] nüfus için +1 [ICON_AMENITIES] Eglence ve +1 [ICON_FAITH] Inanç alir. Ciftlikler bir Su Kemerine bitisikse +2 [ICON_FOOD] Yiyecek ve bir Kutsal Alana bitisikse +1 [ICON_FAITH] Inanç saglar.</Text>
    </Row>
    <Row Tag="LOC_TRAIT_CIVILIZATION_KHMER_BARAYS_EXPANSION2_DESCRIPTION">
      <Text>Su Kemeri olan sehirler her [ICON_CITIZEN] nüfus için +1 [ICON_AMENITIES] Eglence ve +1 [ICON_FAITH] Inanç alir. Ciftlikler bir Su Kemerine bitisikse +2 [ICON_FOOD] Yiyecek ve bir Kutsal Alana bitisikse +1 [ICON_FAITH] Inanç saglar.</Text>
    </Row>
    <Row Tag="LOC_TRAIT_CIVILIZATION_UNIT_KHMER_DOMREY_NAME">
      <Text>Khmer benzersiz birimi: Domrey</Text>
    </Row>
    <Row Tag="LOC_TRAIT_LEADER_MONASTERIES_KING_NAME">
      <Text>Kral Manastirlari</Text>
    </Row>
    <Row Tag="LOC_TRAIT_LEADER_MONASTERIES_KING_DESCRIPTION">
      <Text>Kutsal Mekanlar bir nehir üzerine yerlestirilirse +2 [ICON_FOOD] Gida ve +1 [ICON_HOUSING] Konut saglar. Kutsal Alanlar bir Kültür Bombasini tetikler.</Text>
    </Row>
    <Row Tag="LOC_TRAIT_LEADER_MONASTERIES_KING_EXPANSION1_DESCRIPTION">
      <Text>Kutsal Mekanlar Nehirlerle Büyük bir bitisiklik, bir Kültür Bombasi, [ICON_FOOD] bitisiklik bonusuna esit Gida ve bir Nehir üzerindeyse +2 [ICON_Housing] Konut kazanir.</Text>
    </Row>
    <Row Tag="LOC_TRAIT_LEADER_MONASTERIES_KING_EXPANSION2_DESCRIPTION">
      <Text>Kutsal Mekanlar Nehirlerle Büyük bir bitisiklik, bir Kültür Bombasi, [ICON_FOOD] bitisiklik bonusuna esit Gida ve bir Nehir üzerindeyse +2 [ICON_Housing] Konut kazanir.</Text>
    </Row>
    <Row Tag="LOC_UNIT_KHMER_DOMREY_NAME">
      <Text>Domrey</Text>
    </Row>
    <Row Tag="LOC_UNIT_KHMER_DOMREY_DESCRIPTION">
      <Text>Trebuchet'in yerini alan Khmerlere özgü Ortaçag dönemi kusatma birimi. Bu birim, Trebuchet'ten daha yüksek [ICON_Strength] Yakin Dövüs ve Menzil Gücüne sahiptir. Ayni turda hareket edebilir ve ates edebilir ve kontrol alani uygular.</Text>
    </Row>
    <!--Map-->
    <Row Tag="LOC_MAP_TSLEAST_ASIA_STANDARD_NAME">
      <Text>Gerçek Baslangiç Yeri Dogu Asya</Text>
    </Row>
    <Row Tag="LOC_MAP_TSLEAST_ASIA_STANDARD_DESCRIPTION">
      <Text>Medeniyetler, Asya haritasi üzerindeki tarihi baskentlerinin bulundugu yerde baslar.</Text>
    </Row>
    <Row Tag="LOC_MAP_EAST_ASIA_STANDARD_NAME">
      <Text>Dogu Asya</Text>
    </Row>
    <Row Tag="LOC_MAP_EAST_ASIA_STANDARD_DESCRIPTION">
      <Text>Kaynaklari, arazisi ve tarihi konumlarini yansitan özellikleriyle Dogu Asya'nin bir temsili.</Text>
    </Row>
    <!-- Natural Wonders -->
    <Row Tag="LOC_FEATURE_HA_LONG_BAY_NAME">
      <Text>Hạ Long Körfezi</Text>
    </Row>
    <Row Tag="LOC_FEATURE_HA_LONG_BAY_DESCRIPTION">
      <Text>Kiyi arazisinde bulunabilen ve +3 [ICON_FOOD] Gida, +1 [ICON_PRODUCTION] Üretim ve +1 [ICON_CULTURE] Kültür saglayan iki kareli doga harikasi. Bu karede savunma yaparken +15 [ICON_Strength] Savas Gücü.</Text>
    </Row>
  </EnglishText>
</GameData>