﻿<?xml version="1.0" encoding="utf-8"?>
<GameData>
  <EnglishText>
    <!-- Indonesia -->
    <Row Tag="LOC_CIVINFO_INDONESIA_LOCATION">
      <Text>Güneydogu Asya</Text>
    </Row>
    <Row Tag="LOC_CIVINFO_INDONESIA_SIZE">
      <Text>735,358 mil kare</Text>
    </Row>
    <Row Tag="LOC_CIVINFO_INDONESIA_POPULATION">
      <Text>2017 yilinda tahmini 263,51 milyon</Text>
    </Row>
    <Row Tag="LOC_CIVINFO_INDONESIA_CAPITAL">
      <Text>Cakarta</Text>
    </Row>
    <Row Tag="LOC_PEDIA_CIVILIZATIONS_PAGE_CIVILIZATION_INDONESIA_CHAPTER_HISTORY_PARA_1">
      <Text>Budist-Hindu Majapahit Kralligi (simdiki Endonezya'da) en güçlü oldugu dönemde 98 bölgesel kola hükmediyordu ve bir zamanlar güçlü Mogol Imparatorlugu'na karsi direnen müthis bir devletti. Burada hükümdar sadece hükümdar degil, ayni zamanda halk tarafindan yetkilendirilmis bir koruyucuydu. Peki ya halk, liderin artik yetkilendirilmeyi hak etmedigini düsünürse?</Text>
    </Row>
    <Row Tag="LOC_PEDIA_CIVILIZATIONS_PAGE_CIVILIZATION_INDONESIA_CHAPTER_HISTORY_PARA_2">
      <Text>1293 ile 1500 yillari arasinda Güneydogu Asya kralligi Majapahit, merkezi Nusantara'da (Maluku ve Sumatra'daki bölgeler) olmak üzere günümüz Endonezya'sinin bir kismini kapsiyordu. Onlarinki inanilmaz derecede zengin bir krallikti ve bu da elbette onlara hem bölgesel düsmanlar hem de iç rakipler kazandirdi.</Text>
    </Row>
    <Row Tag="LOC_PEDIA_CIVILIZATIONS_PAGE_CIVILIZATION_INDONESIA_CHAPTER_HISTORY_PARA_3">
      <Text>Majapahit'in, kendilerinden önce Kediri (1042-1222) tarafindan kurulan Cava-Hindu Singhasari Kralligi'ndan (1222-1292) dogdugunu biliyoruz.</Text>
    </Row>
    <Row Tag="LOC_PEDIA_CIVILIZATIONS_PAGE_CIVILIZATION_INDONESIA_CHAPTER_HISTORY_PARA_4">
      <Text>Kralligin kökenlerine iliskin olarak, çok sayidaki tapinaklarindan elde edilen tarihi kayitlarin yani sira bölgesel rakiplerinin belgelerini de kullanabiliriz. Ancak Majapahitlerle ilgili en önemli birincil kaynaklardan bazilari 'Nagarakretagama' ('Krallarin Kitabi' olarak da bilinir) adli epik siirin çevirileridir. Nagarakretagama'nin bir Majapahit saray sairi tarafindan yazildigi göz önünde bulunduruldugunda, bazi ayrintilarin büyük bir hikaye ugruna biraz süslenmis olabilecegi varsayilmalidir.</Text>
    </Row>
    <Row Tag="LOC_PEDIA_CIVILIZATIONS_PAGE_CIVILIZATION_INDONESIA_CHAPTER_HISTORY_PARA_5">
      <Text>Efsaneye göre, Majapahit hükümdarlari insan bir anne ve tanri Brahma'dan dogan yetim Ken Arok'un soyundan geliyordu. Ken Arok, suikasta kurban gitmeden önce Kediri'yi yöneterek adini duyurmustu.</Text>
    </Row>
    <Row Tag="LOC_PEDIA_CIVILIZATIONS_PAGE_CIVILIZATION_INDONESIA_CHAPTER_HISTORY_PARA_6">
      <Text>Yine de soyu, 1293 yilinda Majapahit'in ilk krali olarak taç giyen Raden Wijaya'ya (kraliyet adi Kertarajasa Jayawardhana olarak bilinir) kadar devam etti. Wijaya imparatorluguna, adini yerel aci maja meyvesinden alan küçük bir köyde baslayacakti.</Text>
    </Row>
    <Row Tag="LOC_PEDIA_CIVILIZATIONS_PAGE_CIVILIZATION_INDONESIA_CHAPTER_HISTORY_PARA_7">
      <Text>Wijaya köy hayatina yerlesmek yerine Singhasari'nin son krali Kertanegara'nin dört kiziyla evlenir. Singhasari'nin en yakin danismanlari, içeriden birinin gelip tüm uygun prenseslerle evlenip kralligi ele geçirmesinden hoslanmiyordu ve bu nedenle Raden Wijaya'nin yönetimi büyük ölçüde isyanlari bastirmakla ve ayni zamanda selefinin genislemesini durdurmak için 1.000 gemiyle yaklasik 100.000 adam gönderen Yuan Hanedanligi'nin Mogollarini püskürtmekle geçti. Tüm bunlar ilk ve son Majapahit krali olmaktan kaçinmak içindi.</Text>
    </Row>
    <Row Tag="LOC_PEDIA_CIVILIZATIONS_PAGE_CIVILIZATION_INDONESIA_CHAPTER_HISTORY_PARA_8">
      <Text>Majapahit imparatorlugunu pirinç taneleri (bazi arastirmalara göre nüfusun yüzde 80'i pirinç üretimiyle ugrasiyordu) ve baharat ticaretiyle kuracakti. Deniz yollari Hindistan ve Cin arasinda baglantilar saglayacak ve krallik, geçitlerinden geçen mallardan vergi alarak kasasini dolduracakti.</Text>
    </Row>
    <Row Tag="LOC_PEDIA_CIVILIZATIONS_PAGE_CIVILIZATION_INDONESIA_CHAPTER_HISTORY_PARA_9">
      <Text>Deniz güçlerini sergilemekten de çekinmiyorlardi: Döneme ait kabartma oymalarda Majapahitlerin etkileyici donanmalarla yakindaki kralliklara yaptiklari deniz akinlari tasvir edilmektedir. Majapahit, devasa jong gemilerini kullanarak insanlari ve ürünleri tasiyor, Dogu Java'dan pirinci ve Malay dilini yayiyorlardi.</Text>
    </Row>
    <Row Tag="LOC_PEDIA_CIVILIZATIONS_PAGE_CIVILIZATION_INDONESIA_CHAPTER_HISTORY_PARA_10">
      <Text>Negara ya da mandala tarzi yönetimde ilahi güç kraldan disariya dogru yayilir, askeri korumanin yani sira baskentin dini yasamina da katilirdi. Köylüler ve bölgesel soylular Majapahit'in baskenti Trowulan'a haraç gönderir, karsiliginda kral da tapinaklari onarir, hediyeler verir ve aile üyelerini yönetmek üzere uzak bölgelere gönderirdi.</Text>
    </Row>
    <Row Tag="LOC_PEDIA_CIVILIZATIONS_PAGE_CIVILIZATION_INDONESIA_CHAPTER_HISTORY_PARA_11">
      <Text>Krallik bir süre Johor Sultanligi ve Siyam (Tayland) ile olan bölgesel rekabetlerden, 15. yüzyilda Malay Sultanlari üzerine çok sayida akin düzenleyerek kurtulacaktir. Zirveye ulastigi dönemde Majapahit, bölgedeki en büyük modern öncesi devlet haline gelmisti.</Text>
    </Row>
    <Row Tag="LOC_PEDIA_CIVILIZATIONS_PAGE_CIVILIZATION_INDONESIA_CHAPTER_HISTORY_PARA_12">
      <Text>Raden Wijaya'nin 1309'daki ölümünden sonra yerine oglu Jayanegara geçti. 1309-1328 yillari arasindaki saltanati küçük bir suikast sonucu kisa sürdü. Yerine üvey kiz kardesi Dyah Gitarja geçti ve o da 1350 yilinda tahti oglu Hayam Wuruk'a devretti.</Text>
    </Row>
    <Row Tag="LOC_PEDIA_CIVILIZATIONS_PAGE_CIVILIZATION_INDONESIA_CHAPTER_HISTORY_PARA_13">
      <Text>Ve iste burada, hakkinda çok sey duyulan Majapahit Kralligi'nin altin çagina giriyoruz. Hayam Wuruk (Rajasanagara olarak da bilinir) 16 yasinda saltanatina baslayacak ve 'pati'si (basbakan\büyük vezir) Gajah Mada'nin yardimiyla Rajasa hanedaninin etki alanini kita çapinda genisletecektir.</Text>
    </Row>
    <Row Tag="LOC_PEDIA_CIVILIZATIONS_PAGE_CIVILIZATION_INDONESIA_CHAPTER_HISTORY_PARA_14">
      <Text>Annesi tarafindan kral olmasi için yetistirilen (ve çok ama çok yakisikli oldugu söylenen) yetenekli bir okçu olan Hayam Wuruk, ailesinin gücünü genisletecek ve Majapahit'in mandala'sinin merkezi haline gelecekti.</Text>
    </Row>
    <Row Tag="LOC_PEDIA_CIVILIZATIONS_PAGE_CIVILIZATION_INDONESIA_CHAPTER_HISTORY_PARA_15">
      <Text>Ancak halk ve krallari arasindaki sevgi, kralligi kanli (ve pahali) bir veraset savasindan kurtarmaya yetmeyecek, kralin cariyeden dogan oglu Bhre Wirabumi 1404-1406 yillari arasinda taci yeni taç giymis kayinbiraderinden almaya çalisacakti.</Text>
    </Row>
    <Row Tag="LOC_PEDIA_CIVILIZATIONS_PAGE_CIVILIZATION_INDONESIA_CHAPTER_HISTORY_PARA_16">
      <Text>Bu da yetmezmis gibi, uzun süredir gücünün kaynagi olan ticaret yollari da nihai felaketi olacakti. Dogu adalari Avrupali tüccarlar için limanlar haline geldi ve güç konsolidasyonu imparatorluktan bu küçük topluluklara dogru kaymaya basladi. Bugün Malay Yarimadasi'nda bulunan liman kenti Melaka, Majapahit'in yerini alarak Güneydogu Asya'daki en önemli ticaret merkezi haline gelecek, Majapahit tüccar sinifi Melaka'nin Müslüman çogunlugunun ticari hayatina daha iyi uyum saglamak için Islam'a yönelecektir.</Text>
    </Row>
    <Row Tag="LOC_PEDIA_CIVILIZATIONS_PAGE_CIVILIZATION_INDONESIA_CHAPTER_HISTORY_PARA_17">
      <Text>Görünüse göre halkin artik liderlerine ihtiyaci kalmamisti.</Text>
    </Row>
    <Row Tag="LOC_PEDIA_CIVILIZATIONS_PAGE_CIVILIZATION_INDONESIA_CHAPTER_HISTORY_PARA_18">
      <Text>Birbirini takip eden yillarda Majapahit'in izleri silinecekti: On altinci yüzyila gelindiginde Hindu-Budist kralligin yerini tamamen Açe ve Melaka gibi Bati adalarindan Islami etkiler alan bir sultanlik alacakti. Sultanlar da bölgenin kontrolünü ellerinde tutmak için mücadele edeceklerdi. Nihayetinde saltanatlari, Güneydogu Asya baharatlarina umutsuzca bagimli olan ve On Altinci ve On Yedinci Yüzyillarda imparatorluk için yarisan Hollandali ve Portekizli sömürgecilerin akinlariyla kisa kesilecektir.</Text>
    </Row>
    <Row Tag="LOC_PEDIA_LEADERS_PAGE_LEADER_GITARJA_TITLE">
      <Text>Gitarja</Text>
    </Row>
    <Row Tag="LOC_PEDIA_LEADERS_PAGE_LEADER_GITARJA_SUBTITLE">
      <Text>Tribhuwannottunggadewi Jayawishnuwardhani, Dyah Gitarja olarak da bilinen Cava kraliçe naibi</Text>
    </Row>
    <Row Tag="LOC_PEDIA_LEADERS_PAGE_LEADER_GITARJA_QUOTE">
      <Text>Kara yetmediginde, yelken açin. Okyanus daha fazla kara parçasi gösterecektir.</Text>
    </Row>
    <Row Tag="LOC_PEDIA_LEADERS_PAGE_LEADER_GITARJA_CHAPTER_HISTORY_PARA_1">
      <Text>Bir kulede kilitli bir prensesten, bir On Dördüncü Yüzyil baharat imparatorlugunun savasçi kraliçesi naibine nasil geçilir? Önce küçük bir suikastla baslarsiniz.</Text>
    </Row>
    <Row Tag="LOC_PEDIA_LEADERS_PAGE_LEADER_GITARJA_CHAPTER_HISTORY_PARA_2">
      <Text>Gitarja'nin hükümdarligi hakkinda bildiklerimizin çogu 'Nagarakretagama' adli epik siirden gelmektedir. Saray sairi Rakawi Prapanca tarafindan kaleme alinan bu tarih ve efsane karisimi siire süpheyle yaklasmak gerekir. Ancak 'Nagarakretagama' bize Kahuripan Düsesi Gitarjah'in hikayesinin gerçekte üvey kardesi Kral Jayanagara'nin öldürülmesiyle basladigini söylüyor.</Text>
    </Row>
    <Row Tag="LOC_PEDIA_LEADERS_PAGE_LEADER_GITARJA_CHAPTER_HISTORY_PARA_3">
      <Text>Kraliçe Naibi Tribhuwannottunggadewi Jayawishnuwardhani, bilinen adiyla Dyah Gitarja, Majapahit imparatorlugunun babasi Raden Wijaya ve kraliçe esi Gayarti Rajapatni'nin kizi olarak 1309'dan önce dogdu. Majapahit Imparatorlugu için açik bir isyan ve kaos döneminde üvey kardesi Jayanagara'nin (Kadiri Prensi olarak da bilinir) yerine geçerek 1329'dan 1350'ye kadar Güneydogu Asya baharat kralligini yönetti.</Text>
    </Row>
    <Row Tag="LOC_PEDIA_LEADERS_PAGE_LEADER_GITARJA_CHAPTER_HISTORY_PARA_4">
      <Text>Efsaneye göre Jayanagara düsmanlar tarafindan o kadar kusatilmisti ki kiz kardeslerini bile tahtina tehdit olarak görüyordu. Bu yüzden onlari potansiyel taliplerin ulasamayacagi bir saraya kapatmis. Hesaba katmadigi sey ise, Jayanagara'nin karisini bastan çikardigini ögrendikten sonra 1328 yilinda krali öldüren kiskanç bir saray doktoruydu.</Text>
    </Row>
    <Row Tag="LOC_PEDIA_LEADERS_PAGE_LEADER_GITARJA_CHAPTER_HISTORY_PARA_5">
      <Text>Jayanagara tebaasinin eslerine kur yapmaya daha fazla zaman ayirip bir varis yetistirmeye daha az zaman ayirdigi için, kraliçe es 1329 yilinda kizi Dyah Gitarja'yi tahta geçirebildi. Yeni taç giyen Kraliçe Naibi, artik Tribhuwannottunggadewi Jayawishnuwardhani resmi unvaniyla taninacakti.</Text>
    </Row>
    <Row Tag="LOC_PEDIA_LEADERS_PAGE_LEADER_GITARJA_CHAPTER_HISTORY_PARA_6">
      <Text>Ayni yil, Gajah Mada'yi Majapahit Imparatorlugu'nun 'pati'si ya da basbakani olarak atayacaktir. Tarihler Mada'yi Majapahit Imparatorlugu'nun güçlü bir yayilmacisi, üç hükümdar boyunca Rajasa hanedanina sadik ve bir saray entrikacisi olarak resmetmektedir. Mada'nin Kral Jayanagara'nin suikastiyla bir ilgisi olduguna dair söylentilerin dogru olup olmadigi henüz bilinmiyor ve Dyah Gitarja'nin, babasinin küçük bir rejim cinayetinde parmagi olabileceginin farkinda olup olmadigi konusunda tarihi kayitlar yetersiz.</Text>
    </Row>
    <Row Tag="LOC_PEDIA_LEADERS_PAGE_LEADER_GITARJA_CHAPTER_HISTORY_PARA_7">
      <Text>Ayni yil, buz gibi yalnizlik kulesinden kurtulup soylu Chakradhara'yi es olarak alir ve 1334 yilinda Hayam Wuruk adinda bir ogullari olur.</Text>
    </Row>
    <Row Tag="LOC_PEDIA_LEADERS_PAGE_LEADER_GITARJA_CHAPTER_HISTORY_PARA_8">
      <Text>Kraliçe Naibi'nin hükümdarligi Sadeng ve Keta bölgelerindeki isyanlari bastirmasina tanik olacakti. Kuzeni Malayapuran krali Adityawarman'in yaninda savasa at sürdügü söylenir.</Text>
    </Row>
    <Row Tag="LOC_PEDIA_LEADERS_PAGE_LEADER_GITARJA_CHAPTER_HISTORY_PARA_9">
      <Text>Ancak tarih onun hükümdarligini, basbakaninin savas becerileri altinda Bali adasinin Majapahit tarafindan fethiyle hatirlayacaktir. Gajah Mada, yerel Bali liderliginin soyuna son vererek kralligin Majapahit egemenligi altina girmesine izin verecekti.</Text>
    </Row>
    <Row Tag="LOC_PEDIA_LEADERS_PAGE_LEADER_GITARJA_CHAPTER_HISTORY_PARA_10">
      <Text>Gitarjah'in saltanati savaslar ya da saray entrikalariyla degil, Majapahit verasetindeki talihsiz bir tuhaflikla sona erdi. Annesi Gayatri, Gitarja'ya Kraliçe Naibi unvaninin verilmesinden sorumluydu, yani Gitarja kraliçe naibinin keyfine göre hüküm sürüyordu. Ancak Gayatri 1350 yilinda bir manastirda öldügünde, Gitarja hamisini kaybetti ve tahttan feragat etmek zorunda kaldi.</Text>
    </Row>
    <Row Tag="LOC_PEDIA_LEADERS_PAGE_LEADER_GITARJA_CHAPTER_HISTORY_PARA_11">
      <Text>Gitarja'nin yerine oglu Hayam Wuruk geçecek ve bazi Endonezyalilarin Majapahit kralliginin altin çagi olarak gördükleri dönemi baslatacaktir. Tarihçiye bagli olarak, Hayam Wuruk annesinin güvence altina alabildigi imparatorlugun sinirlarinin bugünkü Endonezya'nin ötesine ve bugünkü Malezya'nin bir kismina kadar uzandigini gördü.</Text>
    </Row>
    <Row Tag="LOC_PEDIA_LEADERS_PAGE_LEADER_GITARJA_CHAPTER_HISTORY_PARA_12">
      <Text>Dyah Gitarja'nin tahttan sonraki yasamina gelince? Kayitlar onun daha sonraki yillari ve hatta ne zaman öldügü konusunda sessiz. Ancak imparatorlugunun sinirlarini genisletmesi ve Majapahit'in görkemini arttirmasiyla hatirlanacak.</Text>
    </Row>
    <Row Tag="LOC_PEDIA_LEADERS_PAGE_LEADER_GITARJA_CHAPTER_CAPSULE_BODY">
      <Text>Gitarja tüm adalarin ve kiyilarin kraliçesidir, sehirler suya yayilir ve Endonezya Jonglari tarafindan korunur.</Text>
    </Row>
    <Row Tag="LOC_PEDIA_LEADERS_PAGE_LEADER_GITARJA_CHAPTER_DETAILED_BODY">
      <Text>Endonezya çok sayida körfez ve girise sahip kiyilar bulmak istiyor. Bu tür topraklar, bitisiklik bonuslarini en üst düzeye çikarmak için çogu ilçenin yerlestirilmesi için ideal bölgedir. Gemi Insa faaliyete geçer geçmez Gitarja'nin insaatçilari bu sehirleri kiyidan uzak Kampung evleriyle güçlendirerek büyük sehirleri büyütmek için tarim arazilerine olan ihtiyaci azaltabilir. Endonezya [ICON_Faith] Inanç üretimini en üst düzeye çikarmaya çalismalidir  bu da Jong destekli devasa bir donanmayi finanse etmek, kritik [ICON_GreatPerson] Büyük Insanlari talep etmek ya da sulari asan dini birimlerini kullanarak dini bir zafere dogru güçlenmek için kullanilabilir.</Text>
    </Row>
    <!-- Indonesia -->
    <Row Tag="LOC_CIVINFO_KHMER_LOCATION">
      <Text>Güneydogu Asya</Text>
    </Row>
    <Row Tag="LOC_CIVINFO_KHMER_SIZE">
      <Text>460,000 mil kare</Text>
    </Row>
    <Row Tag="LOC_CIVINFO_KHMER_POPULATION">
      <Text>1150 yilinda 2.000.000 oldugu tahmin ediliyor</Text>
    </Row>
    <Row Tag="LOC_CIVINFO_KHMER_CAPITAL">
      <Text>Mahendraparvata, Hariharalaya, Koh Ker, Yasodharapura dahil olmak üzere çesitli</Text>
    </Row>
    <Row Tag="LOC_PEDIA_CIVILIZATIONS_PAGE_CIVILIZATION_KHMER_CHAPTER_HISTORY_PARA_1">
      <Text>Dokuzuncu ve On Besinci Yüzyillar arasinda, Khmer Imparatorlugu'nun tanri-savasçi-krallari Güneydogu Asya'ya hükmetti. Onlarinki, zenginligi kuzeydeki kudretli Cinlileri bile etkileyen müthis bir tarimsal savas kralligiydi. Ne yazik ki, tüm bu altin ve pirinç bölgesel rakipleri için çok çekici olacak ve sonuçta Suvarnabhumi fatihlerini fethedilenler haline getirecekti.</Text>
    </Row>
    <Row Tag="LOC_PEDIA_CIVILIZATIONS_PAGE_CIVILIZATION_KHMER_CHAPTER_HISTORY_PARA_2">
      <Text>Arkeoloji ve Cin tarihi kayitlari bize Khmer Imparatorlugu'nun izinin MS Birinci Yüzyilda Güneydogu Asya'daki Mekong bölgesine kadar sürülebilecegini söylemektedir. Cinliler bu bölgeye ve farkli halklar topluluguna Funan Kralligi adini vermislerdir (farkli, genellikle savasan bir grup prensligi tek bir semsiye altinda toplamak).</Text>
    </Row>
    <Row Tag="LOC_PEDIA_CIVILIZATIONS_PAGE_CIVILIZATION_KHMER_CHAPTER_HISTORY_PARA_3">
      <Text>Khmer efsanesine göre bu insanlar Kamboçya'nin ilk krali Hint prensi Preah Thong (Cin kayitlarinda Huntian) ile büyülü bir deniz kralligindan gelen ilahi bir yilan [naga] prensesi olan Neang Neak'in birlesmesinin ürünüdür. Bölgenin, Nokor Kauk Thlork Adasi'nin etrafindaki sulari çekerek mutlu çift ve torunlari için yasanabilir hale getiren prensesin babasinin dügün hediyesi oldugu söylenmektedir.</Text>
    </Row>
    <Row Tag="LOC_PEDIA_CIVILIZATIONS_PAGE_CIVILIZATION_KHMER_CHAPTER_HISTORY_PARA_4">
      <Text>Efsane, Hindu kültürünün bölgedeki muazzam etkisinden bahsetmektedir. Mekong merkezli Funan halki, batiya yönelen Hintli gezginler ve tüccarlar için mükemmel bir yol noktasiydi. Hintliler Hinduizm'i, kanunlarini, ticareti ve Sanskritçe'yi de beraberlerinde getirmis ve nihayetinde yerel animist geleneklerle harmanlanmislardir.</Text>
    </Row>
    <Row Tag="LOC_PEDIA_CIVILIZATIONS_PAGE_CIVILIZATION_KHMER_CHAPTER_HISTORY_PARA_5">
      <Text>Funan'in Hint etkisindeki küçük prensliklerinin halki yüzyillar boyunca kendi aralarinda savasmis ve kisa bir süre merkezi hükümetleri sürdürmüs olsalar da, Angkor'un merkezi yönetim dönemini baslatmak için Dokuzuncu Yüzyilda Jayavarman II'nin saglam eli gerekecektir.</Text>
    </Row>
    <Row Tag="LOC_PEDIA_CIVILIZATIONS_PAGE_CIVILIZATION_KHMER_CHAPTER_HISTORY_PARA_6">
      <Text>Khmer Imparatorlugu'nun ilk fatih krali Dokuzuncu Yüzyil'da göreve basladi. Bu noktaya kadar Jayavarman II ya Cava'lilarin misafiri ya da onlarin esiriydi. Durum ne olursa olsun, anavatanina döndügünde, Mekong'daki rekabeti ezip geçmeye yönelik karmasik süreci baslatmaya hevesli görünüyordu.</Text>
    </Row>
    <Row Tag="LOC_PEDIA_CIVILIZATIONS_PAGE_CIVILIZATION_KHMER_CHAPTER_HISTORY_PARA_7">
      <Text>Bu karisik is ortadan kalktiktan sonra yapilacak tek sey, Kulen Daglari'ndaki Mahendra Dagi'nin tepesinde düzenlenen bir törenle kendisini 'Cakravartin' ya da 'evrensel hükümdar' ilan etmekti. Ve MS 802'de Jayavarman II tam olarak bunu yapti ve imparatorlugunu kurarken tanrilarin destegini aldi.</Text>
    </Row>
    <Row Tag="LOC_PEDIA_CIVILIZATIONS_PAGE_CIVILIZATION_KHMER_CHAPTER_HISTORY_PARA_8">
      <Text>Bu yaklasim için söylenecek bir sey var: Khmerler alti yüzyillik imparatorluklarinin zirvesindeyken, baskentte yasayan bir milyondan fazla insanla bugün modern Tayland'in çoguna ve Vietnam'in yarisina hükmediyorlardi. Onuncu yüzyila gelindiginde imparatorluk Güney Cin Denizi'ne kadar uzaniyor, Mogol ve Tang imparatorluklari tarafindan kuzeye dogru sikistiriliyordu. Mekong'daki ticareti kontrol altinda tutmak istiyorsaniz hiç de fena bir yayilma degil.</Text>
    </Row>
    <Row Tag="LOC_PEDIA_CIVILIZATIONS_PAGE_CIVILIZATION_KHMER_CHAPTER_HISTORY_PARA_9">
      <Text>1296 ve 1297 yillari arasinda Cinli yetkili Zhou Daguan Khmer Imparatorlugunu ziyaret eder. Bu ziyaretin kronigi olan 'A Record of Cambodia: A Land and Its People' (Bir Ülke ve Halki) baslikli yazisinda söyle diyordu: "Burasi uzun zamandir bir ticaret ülkesiydi. Zhou, Siam ve Champa'dan kumas ve Cin'den yerel halkin semsiyeleri için ipek akan, altin ve tas kulelerin ülkesini tarif edecektir.</Text>
    </Row>
    <Row Tag="LOC_PEDIA_CIVILIZATIONS_PAGE_CIVILIZATION_KHMER_CHAPTER_HISTORY_PARA_10">
      <Text>Khmerlerin muazzam zenginligi, Imparatorluga giren ve çikan hammaddelerin sürekli akisindan kaynaklanacakti. Imparatorluk Güneydogu Asya'nin pirinç ihtiyacini karsilayacak, Khmer nüfusunun yaklasik %80'i bu temel gidanin üretimine ya da ticaretine katilacakti.</Text>
    </Row>
    <Row Tag="LOC_PEDIA_CIVILIZATIONS_PAGE_CIVILIZATION_KHMER_CHAPTER_HISTORY_PARA_11">
      <Text>Bu, Suryavarman II'nin Angkor Wat'taki tapinak kompleksinin insasina baslayacagi (ölümünden 27 yil sonra tamamlanacakti) Khmer Imparatorlugu'nun altin çagi olacakti. Angkor Wat, fiziksel, metafiziksel ve ruhani dünyalarin birlesimi oldugu söylenen efsanevi Meru Dagi'nin seklini yansitacakti. Bu sekilde Khmer krallari cenneti yeryüzüne yansitmaya çalisacaklardi.</Text>
    </Row>
    <Row Tag="LOC_PEDIA_CIVILIZATIONS_PAGE_CIVILIZATION_KHMER_CHAPTER_HISTORY_PARA_12">
      <Text>Bu basit bir dindarlik degildi  bu Hindu (ve en son Jayavarman VII döneminde Budist) kraliyet mensuplari tanrilari kendi taraflarinda tutmaya hevesliydiler. Bir kral tanrilari en iyi sekilde yansitacak bir durusa sahip olmak için elinden geleni yapar ve göklerin seklini taklit edecek tapinaklar insa ederdi. Khmer yönetimi altinda, kral ne kadar güçlü ve çekici olursa, o kadar çok takipçisi ve topragi olurdu.</Text>
    </Row>
    <Row Tag="LOC_PEDIA_CIVILIZATIONS_PAGE_CIVILIZATION_KHMER_CHAPTER_HISTORY_PARA_13">
      <Text>Elbette bu, durusu yeterince ilahi olmayan zayif bir kralin artik kralligina layik olmayacagi anlamina gelirdi.</Text>
    </Row>
    <Row Tag="LOC_PEDIA_CIVILIZATIONS_PAGE_CIVILIZATION_KHMER_CHAPTER_HISTORY_PARA_14">
      <Text>Ironik bir sekilde, Khmer Imparatorlugu'nun zenginligi ve ihtisami onun sonunu getirecekti. On Ikinci ve On Dördüncü Yüzyillar arasinda, Kuzeydeki Tai halki (simdiki modern Tayland, Laos ve Shan) sürekli genisleyen Mogol Imparatorlugu ile mücadele ediyordu. Bu yüzden engebeli, daglik yasamlarindan kaziklari söküp güneye tasindilar ve Khmer Imparatorlugu'nun çevresini kemiren daha küçük Sukhothai, Lanna ve Ayutthaya kralliklarini kurdular.</Text>
    </Row>
    <Row Tag="LOC_PEDIA_CIVILIZATIONS_PAGE_CIVILIZATION_KHMER_CHAPTER_HISTORY_PARA_15">
      <Text>Khmerler, Kuzeyli istilacilarla ve Dogu'da Champa ile uzun süredir devam eden rekabetlerle mücadele edemiyordu. Böylece 1431'de Tayland kralligi Ayutthaya Angkor'u ele geçirdi ve Khmer krallari Kamboçya'nin bugünkü baskenti Phnom Penh'e çekildi.</Text>
    </Row>
    <Row Tag="LOC_PEDIA_CIVILIZATIONS_PAGE_CIVILIZATION_KHMER_CHAPTER_HISTORY_PARA_16">
      <Text>Imparatorluk gitmis olabilir ama tapinaklari hala ayakta. Ve bugün Kamboçya halki hala denizden gelen atalarindan, bir Brahman ve bir Naga prensesinden söz ediyor.</Text>
    </Row>
    <Row Tag="LOC_PEDIA_LEADERS_PAGE_LEADER_JAYAVARMAN_TITLE">
      <Text>Jayavarman VII</Text>
    </Row>
    <Row Tag="LOC_PEDIA_LEADERS_PAGE_LEADER_JAYAVARMAN_SUBTITLE">
      <Text>Khmer Imparatorlugu Krali</Text>
    </Row>
    <Row Tag="LOC_PEDIA_LEADERS_PAGE_LEADER_JAYAVARMAN_QUOTE">
      <Text>Halkinizin ihtiyaçlarini karsilayin. Daha az yapmak, daha az olmaktir.</Text>
    </Row>
    <Row Tag="LOC_PEDIA_LEADERS_PAGE_LEADER_JAYAVARMAN_CHAPTER_HISTORY_PARA_1">
      <Text>Birçoklarinin Khmer'in altin çagi olarak kabul ettigi dönemde gerçekten sasirtici miktarda altyapi insasina ve rakip kralliklarin yikilmasina nezaret etti. Halkin krali Jayavarman VII ile tanisin.</Text>
    </Row>
    <Row Tag="LOC_PEDIA_LEADERS_PAGE_LEADER_JAYAVARMAN_CHAPTER_HISTORY_PARA_2">
      <Text>MS 1123 yilinda dogan ve Kral Dharanindravarman II'nin oglu olan Kral Jayavarman VII hakkinda bildiklerimizin çogu Rajavihara'daki (simdiki Ta Prohm) ve Phimeanakas'taki tapinakta bulunan yazitlardan gelmektedir. Bu yazitlar, bu sevilen kralin zengin ama henüz tamamlanmamis bir tarihini sunmaktadir.</Text>
    </Row>
    <Row Tag="LOC_PEDIA_LEADERS_PAGE_LEADER_JAYAVARMAN_CHAPTER_HISTORY_PARA_3">
      <Text>Ancak bildigimiz bir sey varsa o da Kral Jayavarman VII'nin hükümdarliginin Khmerler için bir kriz döneminde basladigidir. Kuzeyde, Mogollar (ve daha sonra Ming Hanedanligi) Güneydogu Asya'daki ticari çikarlarini genisletirken (hammadde ticareti Khmer'in inanilmaz derecede zengin kalmasini sagliyordu), uzaktaki vasal kralliklar üzerindeki kontrolleri asiniyordu. Güneyde, Malyang'da devrim mayalaniyordu. Doguya bakildiginda ise Imparatorluk, Champa (günümüzde Vietnam'in merkezinde bulunan topraklarin sakinleri) ile olan savasinin 14. yilina giriyordu.</Text>
    </Row>
    <Row Tag="LOC_PEDIA_LEADERS_PAGE_LEADER_JAYAVARMAN_CHAPTER_HISTORY_PARA_4">
      <Text>Jayavarman VII 20'li ve 30'lu yaslarini savasta geçirecek, Chamlara karsi savasta Kral Yasovarman II'yi (kökeni bilinmeyen bir akraba) destekleyecekti. Ilginç bir yan not: efsaneye göre, Kral Yasovarman II açikçasi korkunç ilahi varlik Rahu (tutulmalar sirasinda günesleri yiyen yüzen bir kafa) tarafindan saldiriya ugradi, ancak Jayavarman VII'nin ogullarindan biri tarafindan kurtarildi.</Text>
    </Row>
    <Row Tag="LOC_PEDIA_LEADERS_PAGE_LEADER_JAYAVARMAN_CHAPTER_HISTORY_PARA_5">
      <Text>1178 yilina gelindiginde, Kral Jaya Indravarman IV yönetimindeki Chamlar, Khmer Imparatorlugu'nu iki kez istila edecek, ikinci denemede Yaśodharapura'daki baskenti yok edecek ve tapinak sehri Angkor Wat'i yagmalayacakti.</Text>
    </Row>
    <Row Tag="LOC_PEDIA_LEADERS_PAGE_LEADER_JAYAVARMAN_CHAPTER_HISTORY_PARA_6">
      <Text>Simdi nedeni belli degil ama bu siralarda Jayavarman VII'nin Champa'nin merkezindeki Vijaya'da yasadigi söyleniyordu (dönemin tarihi göz önüne alindiginda, sadece bir misafir olabilir). Batiya yürüyecek ve Khmer'in kontrolünü yeniden ele geçirecekti - yaninda Cham kuvvetleri de vardi.</Text>
    </Row>
    <Row Tag="LOC_PEDIA_LEADERS_PAGE_LEADER_JAYAVARMAN_CHAPTER_HISTORY_PARA_7">
      <Text>Bu arada Champa yazitlarina göre, bu Cham güçlerinin neden bir yabanciyla ittifak kurdugu tam olarak açik degildir. Ya da bir Cham prensi tahta geçtikten on yil sonra neden Kral Jayavarman'in Champa baskenti Vijaya'yi ele geçirmesine ve Kral Indravarman'in yakalanmasina yardim etmisti?</Text>
    </Row>
    <Row Tag="LOC_PEDIA_LEADERS_PAGE_LEADER_JAYAVARMAN_CHAPTER_HISTORY_PARA_8">
      <Text>1181 yilina gelindiginde, biraz diplomasi (ve Cham müttefiklerinden biraz yardim) ile Jayavarman VII Cham istilacilarini püskürtmüstü. Catismalar sona erdiginde kral olarak taç giydi. Elbette saltanatinin baslangicini Angkor Thom'da yeni bir baskent kurarak kutlayacakti.</Text>
    </Row>
    <Row Tag="LOC_PEDIA_LEADERS_PAGE_LEADER_JAYAVARMAN_CHAPTER_HISTORY_PARA_9">
      <Text>Bu noktada, yeni hükümdarinizin toprak gaspi ve genisleme dönemine baslamasini beklersiniz. Kral Jayavarman Champa ile çatismayi sürdürerek 1190'da kukla bir kral kuracak kadar ileri gitse de, hükümdarligi içe dönerek esi benzeri görülmemis bir insaat ve altyapi insasi dönemi baslatmasiyla dikkat çekiciydi.</Text>
    </Row>
    <Row Tag="LOC_PEDIA_LEADERS_PAGE_LEADER_JAYAVARMAN_CHAPTER_HISTORY_PARA_10">
      <Text>Kral Jayavarman VII kendisini sadece yabanci düsmanlarla savasmak için savasa giden biri olarak degil, tebaasi için bir savasçi olarak görüyordu (gerçi bunu da biraz yapti). Tahti devlet islerinde merkeze alan önceki Hindu-Khmer krallarindan ayrilarak, Kral Jayavarman halki devlette merkeze alan Budist bir düsünce tarzini benimsedi.</Text>
    </Row>
    <Row Tag="LOC_PEDIA_LEADERS_PAGE_LEADER_JAYAVARMAN_CHAPTER_HISTORY_PARA_11">
      <Text>Mahayana Budizminin hem sefkati (Bodhisattva Lokesvara tarafindan kisilestirilmistir) hem de bilgeligi (Prajnaparamita) bir araya getirdigine inanilir ve Kral Jayavarman'in amaci tebaasi için güvenli ve cennet gibi bir yer yaratmakti.</Text>
    </Row>
    <Row Tag="LOC_PEDIA_LEADERS_PAGE_LEADER_JAYAVARMAN_CHAPTER_HISTORY_PARA_12">
      <Text>Mahayana Budizmini devlet dini haline getirerek 400 yillik Khmer Hinduizminden kopacakti. Ve bu vesileyle çok sayida tapinak, 102 hastane, sel sularinin ulasamayacagi tas döseli otoyollar, Bayon'daki 54 kule ve kapsamli sulama projelerinin insasini baslatacakti. Belgelenen bir baska proje de krallik boyunca her 15 km'de bir dinlenme evlerinin insa edilmesiydi.</Text>
    </Row>
    <Row Tag="LOC_PEDIA_LEADERS_PAGE_LEADER_JAYAVARMAN_CHAPTER_HISTORY_PARA_13">
      <Text>Buna ek olarak, yaklasik 40 yillik yönetimi hosgörüsüyle de dikkat çekecekti  Kral Jayavarman VII Budizm'i desteklerken, Brahman rahiplerine sarayda bugün Kamboçya kralliginda devam eden bir rol biçti.</Text>
    </Row>
    <Row Tag="LOC_PEDIA_LEADERS_PAGE_LEADER_JAYAVARMAN_CHAPTER_HISTORY_PARA_14">
      <Text>Kral Jayavarman VII'nin hayatinin son yillari ve hatta öldügü yil (ancak 1215 ile 1220 arasinda bir yerdeydi) hakkinda çok fazla detaya sahip degiliz. Bununla birlikte, ölümünden sonra, büyüklügüne bir övgü olarak kendisine Mahaparamasaugata adi verilecekti. Khmer Imparatorlugu'na gelince? Görünüse göre hizli bir düsüse geçecekti. 1222 yilina gelindiginde Chamlar, Jayavarman VII'nin hükümdarligi sirasinda fethettigi topraklari geri almayi basardilar.</Text>
    </Row>
    <Row Tag="LOC_PEDIA_LEADERS_PAGE_LEADER_JAYAVARMAN_CHAPTER_HISTORY_PARA_15">
      <Text>Yine de tüm bu tapinak insa etme ve iyi niyet yayma faaliyetlerini geri almak zor. Kral Jayavarman VII ve halk odakli hükümdarligi, 20. yüzyila kadar devlet tarafindan üretilen egitim materyallerinde belirgin bir sekilde yer aldigi Kamboçya'da sevgiyle hatirlanmaya devam ediyor.</Text>
    </Row>
    <Row Tag="LOC_PEDIA_LEADERS_PAGE_LEADER_JAYAVARMAN_CHAPTER_CAPSULE_BODY">
      <Text>Jayavarman'in Khmer Imparatorlugu'nda dindar Budistlerden olusan kalabalik sehirler, özellikle de tüm yeteneklerinin devreye girebilecegi nehir kenarlarinda bulunanlar yer alir.</Text>
    </Row>
    <Row Tag="LOC_PEDIA_LEADERS_PAGE_LEADER_JAYAVARMAN_CHAPTER_DETAILED_BODY">
      <Text>Jayavarman nehir baslangici önyargisindan faydalanmak ve Kutsal Yerlerini nehirler boyunca yerlestirmek istemektedir  buralar yakindaki topraklari ele geçirecek ve [ICON_Food] Yiyecek ve [ICON_Housing] Barinma saglayacaktir.  Bu sehirler daha sonra Khmerler geç Klasik döneme ulastiginda, hem Su Kemerleri hem de essiz Prasat tapinaklari devreye girdiginde çiçek açacaktir.  Komsulari onlari sikistirirsa, Domrey benzersiz birimlerini yakindaki birkaç sehri kusatmak için kullanabilir ve muhtemelen nehirler boyunca ek yerler ele geçirebilirler. Budist inancina dayali kalabalik bir imparatorluga sahip olan Jayavarman, oyunun ilerleyen safhalarinda herhangi bir zafer türünün pesine düsebilir.</Text>
    </Row>
    <!-- Rest -->
    <Row Tag="LOC_PEDIA_UNITS_PAGE_UNIT_INDONESIAN_JONG_CHAPTER_HISTORY_PARA_1">
      <Text>Açik denizlere hakim olmak istiyorsaniz, düsmanla ezici bir güçle karsi karsiya gelin. Majapahit'in yelkenlisi olan devasa jong gemilerinin ardindaki felsefe buydu. Bu gemi, Imparatorlugun büyüklük ve güç kombinasyonu sayesinde Cava sularini kontrol etmesini sagliyordu.</Text>
    </Row>
    <Row Tag="LOC_PEDIA_UNITS_PAGE_UNIT_INDONESIAN_JONG_CHAPTER_HISTORY_PARA_2">
      <Text>Majapahit yelkenli gemileri, 600 tonluk jongu hem hizli hem de kolay kontrol edilebilir kilan ikinci bir dümenin eklenmesiyle Cin hurdalarindan ayriliyordu. Jong için tek ekstra manevra kabiliyeti seçenegi bu degildi  rüzgâr azsa, bir sira kürekçi yelkenliyi düsman ates menzilinin ötesine ya da denizdeki engellerin etrafindan dolastirabilirdi.</Text>
    </Row>
    <Row Tag="LOC_PEDIA_UNITS_PAGE_UNIT_INDONESIAN_JONG_CHAPTER_HISTORY_PARA_3">
      <Text>Öncelikli olarak ticaret gemisi olarak kullanilsa da, jonglar askeri nakliye araci olarak da hizmet veriyordu. Tüm bu agirlik sadece gösteris için degildi: dört katmanli ahsap direklerin eklenmesi, gelen top atesine karsi koruma sagladi ve saldiri altindaki bir jong, kendi karsit mühimmatiyla iyilige karsilik verebilirdi.</Text>
    </Row>
    <Row Tag="LOC_PEDIA_UNITS_PAGE_UNIT_KHMER_DOMREY_CHAPTER_HISTORY_PARA_1">
      <Text>Süvarileriniz için yeterli at yoksa, düsmanlarinizi ezmek ve korkutmak için neden güçlü fili kullanmayasiniz?</Text>
    </Row>
    <Row Tag="LOC_PEDIA_UNITS_PAGE_UNIT_KHMER_DOMREY_CHAPTER_HISTORY_PARA_2">
      <Text>Khmerler, askeri seferlerinde savas fillerini kullanma gelenegine katilmislardir. Arastirmalar, filleri askeri seferlerinde ilk kez M.Ö. 1.100 yillarinda Hintlilerin kullandigini ve o zamanlar bir çiftlik yardimci hayvani olan filin 12.000 kiloluk gücünü savas alaninda rakipleri için ses ve dehsete dönüstürdüklerini göstermektedir (en azindan barutun icadi olasiliklari esitleyene kadar).</Text>
    </Row>
    <Row Tag="LOC_PEDIA_UNITS_PAGE_UNIT_KHMER_DOMREY_CHAPTER_HISTORY_PARA_3">
      <Text>Krallarin binegi olan askeri liderler, filleri savas alanina sürer ve düsman kuvvetlerini ezmek için hatlarini kullanirlardi.</Text>
    </Row>
    <Row Tag="LOC_PEDIA_UNITS_PAGE_UNIT_KHMER_DOMREY_CHAPTER_HISTORY_PARA_4">
      <Text>Khmer binicileri fillerinin ham gücünü desteklemek için çifte yayli tüfeklerin hassasiyetini kullanirdi. Ancak bu domrey varyanti, kaçacak kadar akilli olmayan cesur askerleri kaziga oturtmak için monte edilmis bir balista ile biraz daha fazla güç katiyor.</Text>
    </Row>
    <Row Tag="LOC_PEDIA_IMPROVEMENTS_PAGE_IMPROVEMENT_KAMPUNG_CHAPTER_HISTORY_PARA_1">
      <Text>Güneydogu Asya'nin yogun nüfuslu adalarinda yerel yöneticiler, halklarini en iyi nasil barindirabilecekleri ve ayni zamanda onlari sellerden ve vahsi yasamdan nasil koruyabilecekleri sorunuyla karsi karsiya kaldilar. Bulduklari cevap, kaziklar üzerinde sikica kümelenmis evlerden olusan topluluklar ya da kampung oldu.</Text>
    </Row>
    <Row Tag="LOC_PEDIA_IMPROVEMENTS_PAGE_IMPROVEMENT_KAMPUNG_CHAPTER_HISTORY_PARA_2">
      <Text>Bu terim bir mahalleyi ifade eden genel bir terim olsa da, Endonezya kampunglari Java'nin dünyadaki herhangi bir adanin en yüksek nüfus yogunluguna ulasmasina yardimci olmasiyla ünlüdür. Gerçekten de yabanci ziyaretçiler Endonezya ve Malay kampunglarinin verimliliginden o kadar etkilenmislerdir ki bu terimi Ingilizce 'compound' olarak benimsemislerdir.</Text>
    </Row>
    <Row Tag="LOC_PEDIA_BUILDINGS_PAGE_BUILDING_PRASAT_CHAPTER_HISTORY_PARA_1">
      <Text>Mekong'a ve Güneydogu Asya'nin anakarasina hükmetmedikleri zamanlarda Khmer imparatorlugunun krallari dikkatlerini inançlarina verirlerdi. Tanrilara saygi göstermenin devasa tapinaklar insa etmekten daha iyi bir yolu olabilir mi?</Text>
    </Row>
    <Row Tag="LOC_PEDIA_BUILDINGS_PAGE_BUILDING_PRASAT_CHAPTER_HISTORY_PARA_2">
      <Text>Khmer ibadetinin merkezindeki bu kutsal mekânlar hem savasçi krallarinin dindarliginin hem de mühendislerinin parlakliginin sembolleri olarak hizmet edecekti. Kayitlara geçen en eski Khmer tapinagi Prasat Ak Yom'dur (yaklasik 800) ve tasarimi Güney Hindistan'in 'ratha' tarzi tapinak gelenegini yansitir, tepede bir taçla sonlanan yüksek yapilar. Elbette Khmerler yapilara pranglar ya da kuleler ekleyerek kendi süslemelerini katmislardir.</Text>
    </Row>
    <Row Tag="LOC_PEDIA_BUILDINGS_PAGE_BUILDING_PRASAT_CHAPTER_HISTORY_PARA_3">
      <Text>Bu tapinaklarin insasi sonraki Khmer hükümdarlarinin kalici bir özelligi haline gelecek, ilk olarak Hindu tanrisi Shiva'nin onuruna doguya bakarken, daha sonra Jayavarman VII'nin On Ikinci Yüzyilda Mahayana Budizmini Imparatorluga tanitmasinin ardindan insaat batiya dönecektir.</Text>
    </Row>
    <Row Tag="LOC_PEDIA_WONDERS_PAGE_BUILDING_ANGKOR_WAT_CHAPTER_HISTORY_PARA_1">
      <Text>Bir tanri aniti ve muhtemelen onu insa eden fatih kralin son dinlenme yeri olarak yaklasik 1.000 yildir ayakta durmaktadir.</Text>
    </Row>
    <Row Tag="LOC_PEDIA_WONDERS_PAGE_BUILDING_ANGKOR_WAT_CHAPTER_HISTORY_PARA_2">
      <Text>Ve Angkor Wat'taki tapinak hala ayakta, merkezi kulesi çevresindeki ormanin 213 metre üzerinde yükseliyor. On ikinci yüzyilda Khmer Krali Suryavarman II tarafindan bugünkü kuzey Kamboçya'da insa edilen tapinak, dünyanin en yüksek dini anitlarindan biridir.</Text>
    </Row>
    <Row Tag="LOC_PEDIA_WONDERS_PAGE_BUILDING_ANGKOR_WAT_CHAPTER_HISTORY_PARA_3">
      <Text>Hindu Tanrisi Visnu'nun sehir tapinagina gelen bir haci, yükseltilmis bir yürüyüs yoluna açilan üç kuleli bir giris olan 'gopura'ya girmeden önce yapiyi çevreleyen 650 fit genisliginde ve 14 fit derinliginde bir hendegi geçerdi. Tapinak kompleksinin içinde, kutsal Meru Dagi'ni çagristiran 213 metrelik merkezi bir kuleyi çevreleyen dört küçük kule bulacaklardi.</Text>
    </Row>
    <Row Tag="LOC_PEDIA_WONDERS_PAGE_BUILDING_ANGKOR_WAT_CHAPTER_HISTORY_PARA_4">
      <Text>Khmer Shaivist tapinaklari genellikle doguya bakar, ancak Angkor Wat batiya baktigi için Suryavarman'in kalintilarinin son dinlenme yeri Vishnu'yu onurlandiran bir tapinak olacaktir.</Text>
    </Row>
    <Row Tag="LOC_BUILDING_ANGKOR_WAT_QUOTE">
      <Text>"Tapinak bir hendekle çevrilidir ve giris, ziyaretçiye dehset verecek kadar büyük ve korkunç iki tas kaplan tarafindan korunan tek bir köprü ile saglanmaktadir."[NEWLINE]- Diogo do Couto</Text>
    </Row>
    <Row Tag="LOC_PEDIA_FEATURES_PAGE_FEATURE_HA_LONG_BAY_CHAPTER_HISTORY_PARA_1">
      <Text>Bir ulusun yaratilis efsanesinde kaç dogal olusum yer alir? Vietnam efsanesine göre tanrilar buraya yesim tasi ve mücevher püskürten ejderhalar göndererek körfezi çevreleyen kayalik adalari yaratmis ve ilk Cinli istilacilara karsi bir savunma olusturmuslardir. Aslinda bu isim 'inen ejderhalar' ya da 'denize inen ejderhalar' anlamina gelmektedir.</Text>
    </Row>
    <Row Tag="LOC_PEDIA_FEATURES_PAGE_FEATURE_HA_LONG_BAY_CHAPTER_HISTORY_PARA_2">
      <Text>Ha Long Körfezi, milyonlarca yillik erozyonun ardindan olusan, sirtlar, kuleler ve magaralar içeren dogal kireçtasi olusumlari olan karstik adaciklar topluluguna verilen isimdir. Bugün burayi görmek ve kesfetmek, 120 km'lik modern Vietnam kiyi seridi boyunca uzanan yaklasik 1600 kireçtasi adacigi ve magaradan olusan bir agin izini sürmek demektir.</Text>
    </Row>
    <Row Tag="LOC_PEDIA_FEATURES_PAGE_FEATURE_HA_LONG_BAY_CHAPTER_HISTORY_PARA_3">
      <Text>M.Ö. 16.000 yilina kadar balikçi kabilelerine ev sahipligi yapan bu bölge, tarih boyunca istilacilara karsi dogal bir siper görevi görmüstür: 1288 yilinda Vietnamli General Tran Hung Dao'nun Mogol gemilerini çelik uçlu kaziklara geçirerek ilerleyislerini durdurdugu Mogol yenilgisinin yasandigi yerdir.</Text>
    </Row>
    <Row Tag="LOC_PEDIA_FEATURES_PAGE_FEATURE_HA_LONG_BAY_CHAPTER_HISTORY_PARA_4">
      <Text>Ha Long Körfezi 2000 yilindan bu yana UNESCO Dünya Mirasi Listesi'nde yer almaktadir.</Text>
    </Row>
    <Row Tag="LOC_FEATURE_HA_LONG_BAY_QUOTE">
      <Text>"Göklerin ve yerin harikalarina bakin. Berrak su mavisi bir ayna görevi görür, binlerce turkuaz karga siyah bir dokunusla renklenir."[NEWLINE]- Nguyễn Trãi</Text>
    </Row>
  </EnglishText>
</GameData>