﻿<?xml version="1.0" encoding="utf-8"?>
<!-- DLC Civilopedia Entries -->
<GameData>
  <Language_en_US>
    <Row Tag="TXT_KEY_CIV5_INCA_TITLE">
      <Text>Inka</Text>
    </Row>
    <Row Tag="TXT_KEY_CIV5_INCA_HEADING_1">
      <Text>Tarih</Text>
    </Row>
    <Row Tag="TXT_KEY_CIV5_INCA_HEADING_2">
      <Text>Cografya ve Iklim</Text>
    </Row>
    <Row Tag="TXT_KEY_CIV5_INCA_HEADING_3">
      <Text>Erken Tarih: Cusco Kralligi</Text>
    </Row>
    <Row Tag="TXT_KEY_CIV5_INCA_HEADING_4">
      <Text>Devam Eden Genisleme</Text>
    </Row>
    <Row Tag="TXT_KEY_CIV5_INCA_HEADING_5">
      <Text>Beyaz Adam Geliyor</Text>
    </Row>
    <Row Tag="TXT_KEY_CIV5_INCA_HEADING_6">
      <Text>Bir Imparatorlugun Sonu</Text>
    </Row>
    <Row Tag="TXT_KEY_CIV5_INCA_STATBOX">
      <Text>[NEWLINE] Lider: Pachacuti[NEWLINE] Benzersiz Birim: Slinger[NEWLINE] Benzersiz Gelistirme: Teras Ciftligi[NEWLINE][NEWLINE]</Text>
    </Row>
    <Row Tag="TXT_KEY_CIV5_INCA_TEXT_1">
      <Text>Amerika kitasindaki en büyük Kolomb öncesi imparatorluk olan Inka Imparatorlugu, Peru'dan Sili'ye kadar And Daglari boyunca uzaniyordu.  Bu büyük imparatorluk küçük bir krallikla mütevazi bir baslangiç yapmis, ancak büyüyerek "medeni" Güney Amerika'nin tamamina hakim olmustur.  Imparatorluk sadece kisa bir yüzyil sürmüs olsa da, daglarin tepelerinde yasayan farkli kabilelerin halklarini ve kültürlerini birlestirmek için çok sey yapti.  Inka'nin neredeyse tamamen yok olmasina ragmen, bir zamanlar Inka krallarinin sahip oldugu gücün bir kaniti olan ünlü Machu Picchu gibi birçok eser ve fiziksel yapi hala ayaktadir.</Text>
    </Row>
    <Row Tag="TXT_KEY_CIV5_INCA_TEXT_2">
      <Text>Imparatorlugun merkezi And siradaglari boyunca uzaniyordu ve bugünkü Arjantin, Ekvador, Peru, Sili, Bolivya ve Kolombiya'nin bir kismini kapsayan bölgeleri kapsiyordu.  Iklim ve cografya daglikti, ancak Inkalar erken dönemlerde teras tarimi sanatini mükemmellestirdiler ve sirtlar arasinda kolayca yasadilar.  Dag zirveleri arasinda yer alan verimli vadiler Inkalara yasamak ve büyümek için bolca alan sagladi.</Text>
    </Row>
    <Row Tag="TXT_KEY_CIV5_INCA_TEXT_3">
      <Text>Güçlü bir imparatorluk olmadan önce Inkalar, Peru'nun batisinda yer alan küçük Cusco Kralligi'ndan geliyordu.  Dokuzuncu Sapa Inka olan Pachacuti'nin önderliginde Cusco, çevredeki kabileleri tek bir bayrak altinda toplamak için bir sefer baslatti. Pachacuti ve oglu Tupac, hem askeri fetihleri hem de barisçil asimilasyonlari kullanarak Tahuantinsuyu Imparatorlugu'nun temelini attilar.  Bu adlandirma, imparatorlugun dört ayri eyaletten -kuzeybatida Cinçasuyu, kuzeydoguda Antisuyu, güneybatida Contisuyu ve güneydoguda Collasuyu- olustugunu ifade eden gerçek bir adlandirmaydi. [NEWLINE][NEWLINE]Pachacuti, elde ettiklerini düzen içinde tutmak için yeni bir yönetim sistemi kurdu. Yönetici ailelerin çocuklari Cusco'ya (baskent) tasinmak ve dogrudan Inkalardan egitim almak, onlarin kültürünü ve yasam tarzini ögrenmek zorunda birakildi.  Cocuklar büyüdüklerinde imparatorluktaki asil eyaletlerine geri gönderiliyor ve Inka kültürünün yayilmasina yardimci oluyorlardi.</Text>
    </Row>
    <Row Tag="TXT_KEY_CIV5_INCA_TEXT_4">
      <Text>Pachacuti'nin 1471'de ölümünden sonra oglu Tupac Inca Yupanqui kuzeyde yeni fetihlere basladi. Bu noktada Inkalarin bati kiyilarinda sadece bir ana rakibi kalmisti, Chimor kabilesi.  Tupac onlari çabucak gönderdi ve topraklarini büyüyen imparatorluga katti.[NEWLINE][NEWLINE]Tupac'in oglu Huayna Capac daha sonra bugünkü Ekvador'un birkaç parçasini daha imparatorluga katti, ancak güneydeki genislemesi Maule Savasi'nda durduruldu.  Orada Mapuche kabileleri Inkalari durdurdu. Bu Inkalar için tam bir kayip degildi çünkü imparatorlugun bu bölgesindeki topraklarin çogu çöl arazisiydi ve nüfusun çogunlugu And Daglari'nda kalmisti.</Text>
    </Row>
    <Row Tag="TXT_KEY_CIV5_INCA_TEXT_5">
      <Text>1526 yilinda Inka'nin topraklar üzerindeki hâkimiyeti düsüse geçti.  Ispanyol fatih Francisco Pizarro, Panama'dan güneye dogru yaptigi kesifler sirasinda Inka topraklarina ulasti ve hemen kraliyetten istila izni istedi - topraklarin hazinelerle dolu olduguna yürekten inaniyordu.[NEWLINE][NEWLINE]1532'de küçük bir kuvvetle geri döndügünde imparatorlugu ele geçirilmeye hazir buldu.  Huayna'nin iki oglu, Huascar ve Atahualpa, topraklarin kontrolü için bir iç savasa girmislerdi ve çiçek hastaligi halk arasinda büyük bir tahribata yol açmisti.  Pizarro'nun kuvvetleri (168 adam, 1 top ve 27 at) sayica Inkalarla boy ölçüsemezdi ama üstün teknolojileri ve askeri taktikleri sayesinde sonunda galip geldiler. [NEWLINE][NEWLINE] Pizarro'nun ilk savasi olan Puná Savasi, o yilin ilerleyen günlerinde bugünkü Guayaquil, Ekvador yakinlarinda meydana geldi ve Pizarro bu savasi kolaylikla kazandi.  Adamlarindan biri olan Hernando de Soto, Pizarro bölgede yeni bir sehir olan Piura'yi kurarken kesif yapmasi için daha iç bölgelere gönderildi. De Soto muzaffer Atahualpa ile karsilasti ve bulusma davetiyle Pizarro'ya döndü. Ispanyollar Inkalarin Ispanya Krali I. Charles'i imparatorlari olarak kabul etmelerini ve derhal Hiristiyanliga geçmelerini talep ettiler.  Belki de dil engeli ya da genel olarak zayif iletisim becerileri nedeniyle, Atahualpa toplantinin mesajini tam olarak kavrayamadi ve daha fazla açiklama talep eden baska mesajlar gönderdi.  Hayal kirikligina ugrayan ve sinirlenen Ispanyollar daha iyi bir tercüman bulmak yerine Atahualpa'nin kampina saldirdi ve lideri rehin aldi.[NEWLINE][NEWLINE]Inka Krali, Pizarro'ya serbest birakilmasi için büyük miktarda altin ve gümüs teklif etti ve Pizarro da bunu hemen kabul etti. Ancak Pizarro pazarligin kendisine düsen kismini yerine getirmedi ve Atahualpa'yi Inkalara teslim etmeyi reddetti.  Bu süre zarfinda Huascar bir suikasta kurban gitti ve Pizarro bunu kendi lehine kullanarak bu kirli isin arkasinda Atahualpa'nin oldugunu iddia etti.  Ispanyollar tarafindan yürütülen saibeli bir yargilama sonucunda Atahualpa Agustos 1533'te ölüme mahkûm edildi.</Text>
    </Row>
    <Row Tag="TXT_KEY_CIV5_INCA_TEXT_6">
      <Text>Hem Atahualpa hem de Huascar'in devre disi kalmasiyla Ispanyollar, simdilik kendileriyle itaatkâr bir sekilde isbirligi yapan küçük kardesleri Manco'yu basa geçirdiler. Bir zamanlar kendi güç tabaninda güvende olan Manco, 1536'da Cusco'yu ele geçirerek imparatorlugunu geri almaya çalisti, ancak Ispanyol isgalcilerle bas edemedi. O ve sarayi Peru daglarina kaçti ve burada 36 yil boyunca hüküm sürmeye devam ettiler.  Ancak 1572'de son Inka kalesi de düstü ve Manco'nun oglu ve simdiki kral Tupac Amaru idam edildi.[NEWLINE][NEWLINE]Tüm Inka kraliyet ailesi ölünce, yeni Ispanyol yöneticiler yerli halka acimasizca baski uyguladi ve onlari kültürlerinden, dinlerinden ve geleneklerinden koparmaya çalisti. Her Inka ailesinin Ispanyol altin ve gümüs madenlerinde çalismak üzere bir aile üyesini göndermesi ve kötü çalisma kosullari nedeniyle yaklasik her bir ila iki yilda bir gerçeklesen isçinin ölümünün ardindan hemen yerine yenisini göndermesi gerekiyordu. Ciçek hastaligi imparatorlugun kalintilari arasinda hizla yayilmaya devam etti ve nüfusun %60 ila %90'ini etkisi altina aldi.  Geriye tifüs, grip, difteri ve kizamik kaldi. 1618 yilina gelindiginde Inka kültürünün neredeyse tüm izleri kaybolmustu. Bir zamanlarin görkemli uygarligindan geriye kalan tek sey, uzak bir geçmisin kalintilari olan daginik kabileler ve tas çikintilardir.</Text>
    </Row>
    <Row Tag="TXT_KEY_CIV5_INCA_FACTOID_HEADING">
      <Text>Inka Gerçekleri</Text>
    </Row>
    <Row Tag="TXT_KEY_CIV5_INCA_FACTOID_TEXT">
      <Text>Inkalar muhasebe bilgilerini saklamak için dügümlenmis ve boyanmis iplerden olusan bir sistem kullanmistir.[NEWLINE][NEWLINE]Inkalar koka bitkisinin hem kutsal hem de büyülü olduguna inanmis ve yapraklarini çok sayida dini ritüelde kullanmistir.[NEWLINE][NEWLINE]Su ana kadar bulunan en yüksek kalici Inka yerlesimi deniz seviyesinden yaklasik 17.400 ft yükseklikte yer almaktadir.</Text>
    </Row>
    <Row Tag="TXT_KEY_CIV5_PACHACUTI_LIVED">
      <Text>MS 1410 civari - 1471</Text>
    </Row>
    <Row Tag="TXT_KEY_CIV5_PACHACUTI_NAME">
      <Text>Pachacuti</Text>
    </Row>
    <Row Tag="TXT_KEY_CIV5_PACHACUTI_SUBTITLE">
      <Text>Inka'nin Lideri</Text>
    </Row>
    <Row Tag="TXT_KEY_CIV5_PACHACUTI_TITLES_1">
      <Text>Sapa Inka</Text>
    </Row>
    <Row Tag="TXT_KEY_CIV5_PACHACUTI_HEADING_1">
      <Text>Tarih</Text>
    </Row>
    <Row Tag="TXT_KEY_CIV5_PACHACUTI_HEADING_2">
      <Text>Tahta Yükselis</Text>
    </Row>
    <Row Tag="TXT_KEY_CIV5_PACHACUTI_HEADING_3">
      <Text>Bir Imparatorlugun Yaratilisi</Text>
    </Row>
    <Row Tag="TXT_KEY_CIV5_PACHACUTI_HEADING_4">
      <Text>Tarihin Yargisi</Text>
    </Row>
    <Row Tag="TXT_KEY_CIV5_PACHACUTI_TEXT_1">
      <Text>Pachacuti, Cusco Kralligi'nin dokuzuncu hükümdariydi ve hükümdarligi sirasinda küçük kralligi genis bir imparatorluk olan Tawantinsuyu'ya dönüstürdü. Pachacuti'nin Inka Imparatorlugu günümüz Sili'sinden Ekvador'a kadar uzaniyor, Peru, Bolivya ve Kuzey Arjantin'in büyük bir kismini da içine aliyor ve daha da büyük bir Inka Imparatorlugu'nun temellerini atiyordu.</Text>
    </Row>
    <Row Tag="TXT_KEY_CIV5_PACHACUTI_TEXT_2">
      <Text>Pachacuti, Inka Virococha'nin ogluydu ve agabeyi Urco'dan sonra taht için ikinci siradaydi.  Cusco Kralligi bu noktada oldukça küçüktü ve komsu Chancas kabilesi tarafindan sürekli tehdit ediliyordu. Pachacuti'nin erken dönem hayati hakkinda pek bir sey bilinmemektedir, ta ki Chancas'in istilalarindan biri sirasinda babasini etkileme sansi bulana kadar. Babasi ve erkek kardesi savas alanindan kaçarken, Pachacuti kalan orduyu topladi ve sadece günü kazanmakla kalmadi, ayni zamanda Chancas'i o kadar iyi ezdi ki, dünyanin kendisinin onun için savasmak için nasil ayaga kalktigina dair hikayeler anlatildi. "Topragi Sarsan" Pachacuti, yeni veliaht prens ve hatta Cusco'nun ortak hükümdari seçildi.</Text>
    </Row>
    <Row Tag="TXT_KEY_CIV5_PACHACUTI_TEXT_3">
      <Text>Pachacuti, 1438'de babasi ölünce kralligin tek hükümdari oldu ve komsu kralliklara neredeyse aninda bir dizi basarili istila baslatti.  Yeni imparatorlugu Ekvador'dan Sili'ye kadar uzaniyordu ve Güney Amerika'daki en zorlu kralliklardan biri haline geldi.[NEWLINE][NEWLINE]Birçok krallik fetih yoluyla kazanilirken, Pachacuti yeni bölgeler elde etmek için daha dolambaçli bir taktik de kullandi. Önce ilgisini çeken bölgelere casuslar göndererek zenginlik ve askeri güç hakkinda istihbarat topluyordu.  Eger ilgisini çekerse, bu topraklarin liderlerini Inka yönetimi altinda yasamanin erdemlerini yücelterek barisçil bir sekilde boyun egmeye davet ederdi.  Birçogu kabul etti (Chancas'in kaderini tekrarlamak istemediler) ve çocuklarini Cusco'da yasamaya gönderdiler, burada Inka yasalari altinda egitildiler. Daha sonra bu çocuklar Inka soylulari ile evlendirildi ve kendi topraklarini yönetmek üzere geri gönderilerek imparatorlugun genislemesi ve barisin devami saglandi. [NEWLINE][NEWLINE] Yeni topraklarini düzen içinde tutmak için, her biri günlük isleri yürüten yerel bir vali tarafindan kontrol edilen dört eyalet kurdu. Ayrica hem rahiplik hem de ordu için ayri bir iktidar kolu olusturarak ilk denge ve denetleme sistemlerinden birini kurdu.  Cusco'nun kendisi bir Imparatorluk Baskenti olarak hizmet vermek üzere yeniden insa edildi ve her eyaletin sehirde kendine ayrilmis bir bölgesi vardi.  Bu süre zarfinda, simdi kisisel kullanimi için insa edilmis bir dag mülkü olduguna inanilan ünlü Machu Picchu'yu da insa etti. [NEWLINE][NEWLINE]1471'de ölümünden sonra, Pachacuti'nin küçük oglu Tupac Inka Imparatorlugu'nun bir sonraki imparatoru oldu, yasli Amaru babasi gibi bir savasçi olmadigi için geçildi.</Text>
    </Row>
    <Row Tag="TXT_KEY_CIV5_PACHACUTI_TEXT_4">
      <Text>Pachacuti Peru'da ulusal bir kahraman olarak görülüyor ve imparatorluk çevresinde insa ettirdigi anitlarin çogu hala ayakta.  Siyasi ve askeri yetenekleriyle taninmis olsa da, pek de iyiliksever bir hükümdar degildi.  Imparatorlugunun devamini saglamak için yüz binlerce insani yerinden etmis, imparatorluk içinde uygun gördügü yerlere yerlestirmistir.  Tüm hatalarina ragmen Pachacuti, Inkalarin en büyük fetih dönemini baslatmis ve imparatorluklarini bilinen, yerlesik Güney Amerika'nin neredeyse tamamina hakim olana kadar genisletmistir.</Text>
    </Row>
    <Row Tag="TXT_KEY_CIV5_PACHACUTI_FACTOID_HEADING">
      <Text>Pachacuti Factoid</Text>
    </Row>
    <Row Tag="TXT_KEY_CIV5_PACHACUTI_FACTOID_TEXT">
      <Text>2000 Peru Baskanlik seçimleri sirasinda aday Alejandro Toledo'ya Pachacuti lakabi takildi.[NEWLINE][NEWLINE]Pachacuti bazen askeri cesaretinin bir kaniti olarak And Daglarinin Napolyon'u olarak anilir.[NEWLINE][NEWLINE]Pachacuti bir sair ve Situa'nin Kutsal Ilahilerinin yazariydi.</Text>
    </Row>
    <Row Tag="TXT_KEY_CIV5_INCA_SLINGER_HEADING">
      <Text>Slinger</Text>
    </Row>
    <Row Tag="TXT_KEY_CIV5_INCA_SLINGER_TEXT">
      <Text>Inka savasçilari ünlü sapancilardi. Seçtikleri mermi yuvarlak bir tasti. Bir sapan ok ve yayin menziline ya da durdurma gücüne sahip olmasa da, sapanlar oldukça küçük ve hafif silahlardir ve piyade savasçilari bunlari yük olmadan kolayca tasiyabilir. Ve Eski Ahit'te yazildigi gibi, egitimli bir sapan ustasi en büyük rakibini bile tek bir tasla öldürebilir...</Text>
    </Row>
    <Row Tag="TXT_KEY_CIV5_INCA_SLINGER_HELP">
      <Text>Mevcut ilk menzilli Birimlerden biri olan bu Inka Essiz Birimi, Okçunun yerini alir. Sapanci, Okçudan daha güçlü degildir ve bir yakin dövüs saldirisina maruz kaldiginda daha da kirilgandir. Bununla birlikte, bir düsman yakin dövüs saldirisi gerçeklesmeden önce arkaya çekilmek için iyi bir sans veren bir terfiye sahiptir.</Text>
    </Row>
    <Row Tag="TXT_KEY_CIV5_INCA_SLINGER_STRATEGY">
      <Text>Sapanci, düsmanlara uzaktan saldirabilen bir Antik Cag menzilli piyade Birimidir. Bu Inka Essiz Birimi çogu yakin dövüs saldirisindan önce geri çekilebilir: Düsmanlarinizi taciz etmek için kullanin. Ancak düsman onu engellere sikistirirsa veya hizli birimlerle kovalarsa Slinger kolayca yenilebilir.</Text>
    </Row>
    <Row Tag="TXT_KEY_CIV5_IMPROVEMENTS_TERRACE_FARM_HELP">
      <Text>Teras Ciftligi sadece tepelere insa edilebilir ve bunun için tatli su kaynagina ihtiyaç duymaz.  Bir dagin yanina insa edilirse ek gida saglayacaktir.</Text>
    </Row>
    <Row Tag="TXT_KEY_CIV5_IMPROVEMENTS_TERRACE_FARM_TEXT">
      <Text>Teras Tarimi, Bali, Filipinler, Cin ve Peru da dahil olmak üzere dünyanin dört bir yanindaki daglik bölgelerde ayni anda gelismistir.  Bu ince, basamakli tarlalar tepe ve dag kenarlarina oyulmus, sulama suyunun akip gitmesini engellemis ve genellikle daha önce mümkün olmayan yerlerde ekilebilir arazi için alan saglamistir. Özellikle Inkalar teras tariminin ustalariydi ve teraslarini yerinde tutmak için büyük, kuru tas duvarlar insa ettiler.  Terasin seklini olusturduktan sonra Inkalar, teraslara sürekli su saglamak için kanallar ve su kemerleri sistemleri insa ederek topragin verimliligini artirdi.  Antik Inka'nin teraslama teknikleri o kadar basariliydi ki, modern Perulu çiftçiler bugün hala çiftliklerinde bu teknikleri kullanmaktadir.</Text>
    </Row>
    <Row Tag="TXT_KEY_BUILD_TERRACE_FARM">
      <Text>Bir [LINK=IMPROVEMENT_TERRACE_FARM]Teras Ciftligi[\LINK] insa edin</Text>
    </Row>
  </Language_en_US>
</GameData>