﻿<?xml version="1.0" encoding="utf-8"?>
<!-- edited with XMLSPY v2004 rel. 2 U (http://www.xmlspy.com) by Ed Beach (Firaxis Games) -->
<GameData>
  <!-- LocBuddy does not yet handle DLC scenarios so for now add the scenario text to the DLC package.-->
  <Language_en_US>
    <Row Tag="TXT_KEY_NEWWORLD_SCENARIO_TITLE">
      <Text>Yeni Dünya'nin Fethi</Text>
    </Row>
    <Row Tag="TXT_KEY_NEWWORLD_SCENARIO_DESC">
      <Text>Dogu'ya giden bir geçit aramak için batiya yelken açin ve ne bulacaginizi görün.  Ya da denizden gelen beklenmedik bir tehditle karsi karsiya kalan bir Kizilderili uygarligi olarak oynayin.</Text>
    </Row>
    <Row Tag="TXT_KEY_NEWWORLD_SCENARIO_CIV5_DAWN_NEWWORLD_TEXT">
      <Text>SENARYO ACIKLAMASI[NEWLINE]Yil 1492. Ingiltere, Fransa ve Ispanya saraylarina, Cin ve Hint Adalari'na giden bati rotasini bulmak için Atlantik'i geçmeye hevesli cesur kasifler gelir. Yeni bir ticaret yolu bulup Asya kiyilarindaki anlatilmamis zenginlikleri ortaya çikarabilecekler mi? Yoksa yollari boyunca kesfedilmemis topraklarda karaya mi oturacaklar? Yerli halklar kendilerine sunulan bilgi ve ticaret olanaklarina açik olacaklar mi, yoksa anavatanlarini isgal edenlere karsi savasacaklar mi? Bilinmeyen sularda cesurca ilerleyenleri ne gibi zenginlikler, söhret ve firsatlar bekliyor? Siz hangi yolu seçeceksiniz? Bu Yeni Dünya üzerindeki üstünlük mücadelesinde kim galip gelecek?[NEWLINE][NEWLINE]ZAFER KOSULLARI[NEWLINE]Zafer, 1000 VP skoruna ulasan ilk uygarligin olacak. Kesif Karavani ile Cin'e ulastiginizda ve Hazine birimlerini baskentinize geri getirdiginizde bonus VP kazanirsiniz. Alti medeniyetin her birini deneyerek istediginiz kadar oynayin: Amerika haritasi her yeni oyuna basladiginizda degisir.[NEWLINE][NEWLINE]ÖZEL KURALLAR[NEWLINE]Denizdeki birimler, dost topraklarin disinda bitirdikleri her turda sagliklarini kaybetmelerine neden olabilecek bir "terfi" olan Iskorbüt hastaligina yakalanirlar. Bu hastalikla mücadele etmek için ulusal bir mucize olan Navigasyon Okulunu insa edin. Avrupali güçler, içlerinden biri Korsanlik teknolojisini arastirana kadar birbirlerine savas ilan edemezler. Hazine birimleri sehirler yerle bir edildiginde veya El Dorado ve Potosi doga harikalarindan (eger bu haritada varsa) elde edilir. Altin ve VP kazanmak için bu sivil birimleri baskentinize tasiyin.</Text>
    </Row>
    <Row Tag="TXT_KEY_NEWWORLD_SCENARIO_TURNSREMAINING">
      <Text>Sola Dönüyor: {1_TurnsRemaining}</Text>
    </Row>
    <Row Tag="TXT_KEY_NEWWORLD_SCENARIO_BRIEFING">
      <Text>Brifing</Text>
    </Row>
    <Row Tag="TXT_KEY_NEWWORLD_SCENARIO_VP_FUTURE_TECH">
      <Text>Hazineler</Text>
    </Row>
    <Row Tag="TXT_KEY_NEWWORLD_SCENARIO_VP_WONDERS">
      <Text>Harikalar</Text>
    </Row>
    <Row Tag="TXT_KEY_NEWWORLD_SCENARIO_DIPLO_MY_SCORE_FUTURE_TECH">
      <Text>{1_Num} Hazineler'den</Text>
    </Row>
    <Row Tag="TXT_KEY_NEWWORLD_SCENARIO_DIPLO_MY_SCORE_WONDERS">
      <Text>{1_Num} Wonders'dan</Text>
    </Row>
    <Row Tag="TXT_KEY_NEWWORLD_SCENARIO_DIPLO_MAY_NOT_ATTACK_MOD">
      <Text>Korsanlik teknolojisini arastirana kadar bu oyuncuya saldiramazsiniz.</Text>
    </Row>
    <Row Tag="TXT_KEY_NEWWORLD_SCENARIO_TECH_IMPERIALISM_DESC">
      <Text>En temel biçimiyle Emperyalizm, bir ulus ile digeri arasinda, birincinin ikinci ülke üzerinde bir miktar kontrole sahip oldugu - genellikle bir tür imparatorluk biçiminde - esit olmayan bir iliskiyi tanimlar.  Emperyalist hanedanlara Cin'den Roma'ya ve Britanya'ya kadar dünyanin tüm tarihlerinde rastlamak mümkündür ve bir kavram olarak emperyalizm binlerce yildir, genel olarak hükümetler kadar uzun bir süredir varligini sürdürmektedir.  Ancak "emperyalizm" terimi, Ispanya, Ingiltere, Belçika ve Hollanda gibi uluslarin Amerika kitasiyla hizla emperyal baglar kurarken izledikleri dis politika ve islemleri tanimlamak için kullanilmaya baslandigi 16. yüzyila kadar ortaya atilmamistir. [NEWLINE][NEWLINE]Emperyalizm geleneksel olarak büyük, ikonik, militarist imparatorluklarla baglantili olsa da, çok daha incelikli bir sekilde de sergilenebilir.  Zayif bir devletin hükümetinin resmi olarak kontrol edilmesi her zaman gerekli degildir ve daha güçlü bir medeniyet bazen zayif bir medeniyeti sadece dolayli ekonomik, siyasi veya dini yollarla kontrol edebilir.</Text>
    </Row>
    <Row Tag="TXT_KEY_NEWWORLD_SCENARIO_TECH_IMPERIALISM_HELP">
      <Text>Denizasiri ülkelerde kesif ve yerlesim konusunda uzmanlasmis bir birim olan [COLOR_POSITIVE_TEXT]Conquistador[ENDCOLOR] insa etmenizi saglar. Bu teknoloji ayni zamanda [COLOR_POSITIVE_TEXT]Isgal Edilen Sehirlerin [ICON_HAPPINESS_4] Mutsuzlugunu azaltan [ICON_OCCUPIED] bir bina olan [ENDCOLOR] Adliye Sarayini insa etmenizi saglar.</Text>
    </Row>
    <Row Tag="TXT_KEY_NEWWORLD_SCENARIO_TECH_IMPERIALISM_QUOTE">
      <Text>[NEWLINE][TAB][TAB] "Emperyalizm kagittan bir kaplandir."[NEWLINE][TAB][TAB] - Mao Zedong[NEWLINE][TAB]</Text>
    </Row>
    <Row Tag="TXT_KEY_NEWWORLD_SCENARIO_TECH_NAVAL_TRADITION_DESC">
      <Text>Denizcilik Gelenegi hem bir medeniyetin deniz yolculuguna ve daimi bir donanmaya olan bagliligini hem de bu donanmalar tarafindan kullanilan bireysel gelenek ve görenekleri tanimlar.  Britanya ve Ispanya gibi birçok ada ve okyanus kiyisi uygarligi, okyanus ekonomik ve siyasi gelisimlerinde önemli bir rol oynadigi için uzun süredir devam eden denizcilik geleneklerine sahiptir.  Karayla çevrili bazi ülkeler barisi korumak ve savaslari yürütmek için profesyonel askerler istihdam ederken, denizcilikle ilgilenen uygarliklar karaya bagli ordular yerine filolar ve gemi filolari bulundurarak düsman gemileri ve korsanlar için dalgalarda dolasmislardir. [NEWLINE][NEWLINE] Ilk donanmalarda dogan birçok gelenek bugün hala denizciler tarafindan takip edilmektedir ve digerleri geminin sinirlarinin ötesine geçerek karadaki insanlara yayilmistir. Ispanyol paça pantolon giymek, ceketlerde dekoratif kol dügmeleri kullanmak veya "P ve Q'lariniza dikkat etmek" gibi bazi uygulamalarin kökleri denizcilik geleneklerine dayanmaktadir.</Text>
    </Row>
    <Row Tag="TXT_KEY_NEWWORLD_SCENARIO_TECH_NAVAL_TRADITION_HELP">
      <Text>YENI DÜNYA'larin Yükselisi</Text>
    </Row>
    <Row Tag="TXT_KEY_NEWWORLD_SCENARIO_TECH_NAVAL_TRADITION_QUOTE">
      <Text>[NEWLINE][TAB][TAB] "Bana donanma geleneklerinden bahsetmeyin. Rom, oglancilik ve kirbaçtan baska bir sey degildir."[NEWLINE][TAB][TAB] - Winston Churchill[NEWLINE][TAB]</Text>
    </Row>
    <Row Tag="TXT_KEY_NEWWORLD_SCENARIO_TECH_PROSOLDIERS_DESC">
      <Text>Profesyonel askerler, çogu eski uygarligin sergiledigi derme çatma milislere kiyasla belirgin bir ilerlemedir.  Bu tam zamanli askerler daha iyi donanima sahiptir, daha iyi egitimlidir ve her seyiyle deri ceketi ve dirgeni olan ortalama bir çiftçiden daha etkilidir.  Roma Imparatorlugu dünyanin profesyonel askerlerden olusan ilk daimi ordularindan birini kurmus ve bu ordular askeri zaferlerinde kilit rol oynamistir. Avrupa'da ilk profesyonel askerlerden bazilari 1445 yilinda Fransa Krali 7. Charles ve daha sonra 1685 yilinda Ingiltere Krali 2. James tarafindan istihdam edilmistir.[NEWLINE][NEWLINE]Profesyonel askerler modern bir medeniyetin ordusunun ve savunma sisteminin temel bir parçasidir ve dünyanin gelismis ülkelerinin çogunda istihdam edilmektedir.</Text>
    </Row>
    <Row Tag="TXT_KEY_NEWWORLD_SCENARIO_TECH_PROSOLDIERS_HELP">
      <Text>Baskin bir yakin dövüs birimi olan [COLOR_POSITIVE_TEXT]Tercio[ENDCOLOR] ve tüm birimlerinize deneyim artisi saglayan [COLOR_POSITIVE_TEXT]Askeri Akademi[ENDCOLOR] insa etmenizi saglar.</Text>
    </Row>
    <Row Tag="TXT_KEY_NEWWORLD_SCENARIO_TECH_PROSOLDIERS_QUOTE">
      <Text>[NEWLINE][TAB][TAB] "Meslegim askerlik olmasina ragmen, savasa karsi hiçbir zaman bir düskünlük hissetmedim ve barisin bir araci olmasi disinda onu hiçbir zaman savunmadim."[NEWLINE][TAB][TAB] - Ulysses S. Grant[NEWLINE][TAB]</Text>
    </Row>
    <Row Tag="TXT_KEY_NEWWORLD_SCENARIO_TECH_PIRACY_DESC">
      <Text>Baskin, yagma, denizde tarifsiz siddet - bir korsanin hayati güzeldir.  Popüler film ve medya tarafindan sik sik romantiklestirilen korsanlar, genç kitleleri eglendiren esprili Kaptan Jack Serçeler ve Korsan Krallardan baska bir sey degildir. Bu deniz suçlulari diger gemilerden zorla yük almis, sahil kasabalarina baskinlar düzenlemis ve medeni toplumun tüm formlari için genel bir tehdit olusturmuslardir. Korsanlik muhtemelen medeniyetler mallari ve insanlari denizlere tasidigi sürece var olmustur - korsanlikla ilgili en eski kayitlardan biri M.Ö. 13. yüzyila kadar uzanmaktadir.[NEWLINE][NEWLINE]En ünlü korsanlik hikayelerinden bazilari, kiyi köylerine ve holdinglere terör estiren Avrupali Vikinglere ve genellikle altinla dolu Ispanyol hazine gemilerini ele geçirmeyi seven Karayip korsanlarina atfedilir.  Bu "klasik" korsanlik dönemi, filmlerde ve kitaplarda en sik tasvir edilen dönemdir ve yaklasik 1560'tan 1720'ye kadar sürmüstür.  Kiliçli ve gösterisli sapkali bu meshur korsan artik kurgu eserlerde kalsa da, korsanlik hala birçok suda, özellikle de Arap Yarimadasi kiyilarinda yaygin olarak görülmektedir.   Ancak korsanlik, yasal bir hükümet tarafindan genellikle savas zamani yararina izin verilen bir deniz akini biçimi olan korsanlik eylemi ile karistirilmamali ya da birbiriyle degistirilmemelidir.</Text>
    </Row>
    <Row Tag="TXT_KEY_NEWWORLD_SCENARIO_TECH_PIRACY_HELP">
      <Text>[COLOR_POSITIVE_TEXT]Privateer[ENDCOLOR] insa etmenizi ve Avrupali güçlerin birbirlerine savas ilan etmelerini saglar.</Text>
    </Row>
    <Row Tag="TXT_KEY_NEWWORLD_SCENARIO_TECH_PIRACY_QUOTE">
      <Text>[NEWLINE][TAB][TAB] "Gerçekten önemli olan tek kural sudur: Bir erkegin yapabilecekleri ve yapamayacaklari... Bogulmana izin verebilirim, ama bu gemiyi tek basima Tortuga'ya getiremem, anladin mi? Peki, bir korsanin komutasi altinda yelken açabilir misin, açamaz misin?"[NEWLINE][TAB][TAB] - Kaptan Jack Sparrow[NEWLINE][TAB]</Text>
    </Row>
    <Row Tag="TXT_KEY_NEWWORLD_SCENARIO_TECH_WARSHIPS_DESC">
      <Text>Birçok gemi okyanuslari hizli bir sekilde geçmek ya da mümkün olan en küçük alana en fazla miktarda yük tasimak için tasarlanirken, savas gemileri yalnizca tek bir amaç için tasarlanmistir - diger gemileri yok etmek.  Savas gemileri bir tür silahla (geleneksel olarak top veya koçbasi gibi seyler) donanmis olmalarinin yani sira, daha fazla hasara dayanabilir ve bir ticaret veya yolcu gemisine göre çok daha fazla manevra kabiliyetine sahiptir.[NEWLINE][NEWLINE]Denizcilik teknolojileri gelistikçe savas gemileri de gelismistir.  Kadirgalar ve triremeler düsman gemilerine çarpabilen ilk savas gemileriydi, ancak genellikle savas gemideki ordu tarafindan gerçeklestiriliyordu.  Bununla birlikte, toplar hizli bir sekilde yeniden doldurulabilir hale geldiginde, geminin her iki yaninda top siralari bulunan büyük yelkenli gemiler kullanilmaya baslandi. Sonunda bu ahsap gemiler demir ve çelikten yapilmis olanlara birakildi ve yelkenler buhar ve nükleer güç için terk edildi. Modern savas gemileri ilk kadirgalarla çok az benzerlik gösterse de, hala ayni temel tasarim ilkelerine bagli kalmaktadirlar - önce diger adami yok et, o seni yok edemeden.</Text>
    </Row>
    <Row Tag="TXT_KEY_NEWWORLD_SCENARIO_TECH_WARSHIPS_HELP">
      <Text>Ücretsiz yagma yapabilen Atli bir birim olan [COLOR_POSITIVE_TEXT]Firkateyn[ENDCOLOR] ve [COLOR_POSITIVE_TEXT]Mizrakçi[ENDCOLOR] insa etmenizi saglar.</Text>
    </Row>
    <Row Tag="TXT_KEY_NEWWORLD_SCENARIO_TECH_WARSHIPS_QUOTE">
      <Text>[NEWLINE][TAB][TAB] "Torpidolara lanet olsun, Tam yol ileri!"[NEWLINE][TAB][TAB] - Amiral David Glasgow Farragut[NEWLINE][TAB]</Text>
    </Row>
    <Row Tag="TXT_KEY_NEWWORLD_SCENARIO_TECH_ROYAL_GUARDS_DESC">
      <Text>Genellikle seçkin bir grup silahli hizmetliden olusan kraliyet muhafizlari, kraliyet ailesini veya önemli din adamlarini korumak için kullanilan geleneksel askeri veya törensel birimdir.  Tarihsel olarak, bu seçkin üyeler ayni zamanda ikili bir siyasi amaca da hizmet etmislerdir, çünkü benzersiz konumlari belirli bir hükümdarin fikrini etkilemelerine veya herhangi bir darbe veya ayaklanmada önemli bir rol oynamalarina izin verir. [NEWLINE][NEWLINE]Ispanya'nin Tropas de la Casa Real ve Fransiz Silahsörler gibi bazi kraliyet muhafiz alaylari, kendi ülkeleri disinda ünlü ve taninmis hale gelmistir. Fransa'nin Silahsörleri teknik olarak Fransiz Kraliyet Muhafizlarinin sadece küçük bir birimiydi ve aslinda koruma sorumluluklarinin çogunu yerine getiren Garde de Corpe'nin altindaydi.  Ancak kismen Alexandre Dumas'nin Üç Silahsörler adli eseri sayesinde, herhangi bir medeniyetin en popüler ve taninmis kraliyet muhafizlarindan bazilari haline geldiler.</Text>
    </Row>
    <Row Tag="TXT_KEY_NEWWORLD_SCENARIO_TECH_ROYAL_GUARDS_HELP">
      <Text>Standart Silahsör'ün gelistirilmis bir versiyonu olan [COLOR_POSITIVE_TEXT]Silahsör'ü[ENDCOLOR] insa etmenizi saglar.</Text>
    </Row>
    <Row Tag="TXT_KEY_NEWWORLD_SCENARIO_TECH_ROYAL_GUARDS_QUOTE">
      <Text>[NEWLINE][TAB][TAB] "Bu dünya tehlikelerle dolu, belirsiz bir diyar. Güç pesinde kosmak onuru zedeliyor, zayiflar güçlüler tarafindan ezildiginde özgürlük feda ediliyor. Ancak bu güçlü kuvvetlere karsi çikan, hayatlarini gerçege, onura ve özgürlüge adayanlar var. Bu adamlar Silahsörler olarak bilinir. Yükselis"[NEWLINE][TAB][TAB] - Kral Louis[NEWLINE][TAB]</Text>
    </Row>
    <Row Tag="TXT_KEY_NEWWORLD_SCENARIO_TECH_RELIGIOUS_ORDERS_DESC">
      <Text>Birçok dünya dininde, genellikle kendi dini inançlarina daha mükemmel bir sekilde uymak için toplumun çogunlugundan ayri yasayan dindar bireylerden olusan özel topluluklar ve örgütler vardir.  Bu dini tarikatlar genellikle dindarlarin çalisabilecegi ve yasayabilecegi bir bina veya kompleks olan manastirlarin fiziksel seklini alir. [NEWLINE][NEWLINE] Bazi dini tarikatlar kendi ülkelerinde ikamet etmekten ve dua etmekten memnunken, bazilari bunun yerine yalnizca genisleme ve inançlarini yeni halklara yayma amaciyla kurulmustur.  Amerika kitasindaki Cizvit misyonerleri de böyle bir dini tarikatti. Bu Cizvitler Atlantik'i geçerek Amerika topraklarinda manastirlar ve misyonlar kurdular ve burada yerel halka inançlarinin ilkelerini ve bati egitiminin temellerini ögrettiler.</Text>
    </Row>
    <Row Tag="TXT_KEY_NEWWORLD_SCENARIO_TECH_RELIGIOUS_ORDERS_HELP">
      <Text>Tüm Misyonerlerin üç kez yayilmasini saglayan [ICON_PEACE] Inanç ve [COLOR_POSITIVE_TEXT] Büyük Tapinak[ENDCOLOR] ile binalar insa etmenizi saglar.</Text>
    </Row>
    <Row Tag="TXT_KEY_NEWWORLD_SCENARIO_TECH_RELIGIOUS_ORDERS_QUOTE">
      <Text>[NEWLINE][TAB][TAB] "Ölen ve hayatlari boyunca büyük ögretmenler olan tanidigim Cizvitler, en az hatirlanan insanlardir."[NEWLINE][TAB][TAB] - Daniel Berrigan[NEWLINE][TAB]</Text>
    </Row>
    <Row Tag="TXT_KEY_NEWWORLD_SCENARIO_TECH_TREASURE_FLEET_DESC">
      <Text>Ispanyollar Amerika'ya varip yeni bulduklari hazineleri Avrupa'ya geri göndermeye basladiklarinda, gemilerine yönelik korsan baskinlarinin artan baskisiyla mücadele etmek için yeni ve daha verimli bir yelken yöntemi gelistirmeleri gerekiyordu.  Cözüm Ispanyol Hazine Filosu'ydu - hem yanasma hem de seyir uygulamalari siki bir sekilde düzenlenmis özel bir gemi konvoyu sistemi.  Amerika'dan Ispanyol ana karasi boyunca yola çikan gemilere, daha küçük bir silahli kuvvet tarafindan daha kolay korunmalarini saglayacak sekilde, belirli bir deniz seridi boyunca toplu halde seyretmeleri talimati verildi.  Bu gemiler daha sonra sadece sinirli, korunakli liman kentlerine (Sevilla gibi) yelken açarak yine korsan baskini riskini azaltiyordu. [NEWLINE][NEWLINE] Hazine Filosu Ispanya tarafindan 16. yüzyildan 18. yüzyila kadar büyük bir basariyla kullanildi ve hala tarihteki en karli ve etkili deniz operasyonlarindan biri olarak sayiliyor. Ancak 1700'lerde Ispanya'nin ana kiyilarindaki bazi önemli kiyi sehirlerinin kaybedilmesi filonun varligini sürdürmesini tehdit etmeye basladi.  Bununla mücadele etmek amaciyla Kral Charles III 1765'te siki sistemi gevsetti ve 1780'lerde daha fazla koloninin filoya erisimini sagladi.  Bununla birlikte, son tam filo 1790'da denize açildi ve iki kita arasindaki nakliye, ihtiyaç duyuldukça daha küçük gemi gruplarina birakildi.</Text>
    </Row>
    <Row Tag="TXT_KEY_NEWWORLD_SCENARIO_TECH_TREASURE_FLEET_HELP">
      <Text>Tüm kara birimlerine [COLOR_POSITIVE_TEXT]Savunma Gemisi[ENDCOLOR] terfisi vererek deniz saldirilarina karsi savunma yapmalarini saglar.</Text>
    </Row>
    <Row Tag="TXT_KEY_NEWWORLD_SCENARIO_TECH_TREASURE_FLEET_QUOTE">
      <Text>[NEWLINE][TAB][TAB] "Altin bir hazinedir ve ona sahip olan kisi bu dünyada istedigi her seyi yapar ve ruhlarin cennete girmesine yardimci olmayi basarir."[NEWLINE][TAB][TAB] - Christpher Columbus[NEWLINE][TAB]</Text>
    </Row>
    <Row Tag="TXT_KEY_NEWWORLD_SCENARIO_UNITS_TREASURE_TEXT">
      <Text>Hazine Birimi, madenden varis noktasina kadar Yeni Dünya'daki Ispanyol Hazine Filosu sisteminin tamamini kapsamaktadir. Amerika'nin çesitli yerlerinde altin veya gümüs çikarildiktan sonra, lama ve katirlarla karadan tasinarak Ispanyol Ana Kitasi boyunca belirli liman kentlerine kadar iyi belgelenmis güzergâhlar izlenirdi.  Hazine daha sonra bu limanlardan kalyonlara ve ticaret gemilerine yükleniyor ve bunlar Atlantik Okyanusu boyunca büyük bir konvoy halinde seyahat ediyordu. Bu gemiler Atlantik'ten Ispanya'ya her geçislerinde kesin bir yol izleyerek korsanlardan ve hirsizlardan kolayca korunmalarini sagliyordu.  Bu hazine birimleri Ispanya'nin dönemin en zengin uygarligi haline gelmesine yardimci oldu ve dünyanin en etkileyici deniz operasyonlarindan birinin yaratilmasinda etkili oldu.</Text>
    </Row>
    <Row Tag="TXT_KEY_NEWWORLD_SCENARIO_UNIT_TREASURE_STRATEGY">
      <Text>Yeni Dünya'dan altin veya gümüs içeren bir kara katir katarini (veya bir hazine filosunu) temsil eden, bu senaryoya özgü bir sivil birim.  Altin ve zafer puani kazanmak için onu baskentinize geri götürün.</Text>
    </Row>
    <Row Tag="TXT_KEY_NEWWORLD_SCENARIO_FIRST_SPANISH_EXPLORER">
      <Text>Columbus</Text>
    </Row>
    <Row Tag="TXT_KEY_NEWWORLD_SCENARIO_FIRST_FRENCH_EXPLORER">
      <Text>Verrazano</Text>
    </Row>
    <Row Tag="TXT_KEY_NEWWORLD_SCENARIO_FIRST_ENGLISH_EXPLORER">
      <Text>Cabot</Text>
    </Row>
    <Row Tag="TXT_KEY_CIV5_NEWWORLD_SCENARIO_TERCIO_HELP">
      <Text>Rönesans Döneminin baskin askeri Birimi. Bu Birim yüksek [ICON_STRENGTH] Savas Gücünün yani sira Atlilara Karsi Bonus (100) terfisine sahiptir. Herhangi bir sivil tarafindan insa edilebilir.</Text>
    </Row>
    <Row Tag="TXT_KEY_CIV5_NEWWORLD_SCENARIO_TERCIO_STRATEGY">
      <Text>Bu Birim savasta Tüfekçiden daha güçlüdür ve binekli birimlere karsi çift güçle savasir.</Text>
    </Row>
    <Row Tag="TXT_KEY_CIV5_NEWWORLD_SCENARIO_CONQUISTADOR_HELP">
      <Text>Denizasiri ülkelerde kesif ve kolonilesme konusunda uzmanlasmis Rönesans Dönemi birimi. Herhangi bir sivil tarafindan insa edilebilir.</Text>
    </Row>
    <Row Tag="TXT_KEY_CIV5_NEWWORLD_SCENARIO_CONQUISTADOR_STRATEGY">
      <Text>Conquistador hem karada hem de denizde güçlü olan çok amaçli bir birimdir. Ekstra görünürlük ve yeni sehirler kurma yetenegi ile karada olaganüstü bir kesif aracidir. Conquistador suda, deniz birimlerine karsi kendini savunmasini saglayan savunma amaçli gemiye binme terfisine sahiptir. Ayrica Sövalye'nin aksine sehirlere saldirirken hiçbir cezaya maruz kalmaz.</Text>
    </Row>
    <Row Tag="TXT_KEY_CIV5_NEWWORLD_SCENARIO_MUSKETEER_HELP">
      <Text>Bu Birim, Tüfekçiden daha yüksek [ICON_STRENGTH] Savas Gücüne sahiptir, bu da onu oyundaki en güçlü yakin dövüs birimi yapar. Herhangi bir sivil tarafindan insa edilebilir.</Text>
    </Row>
    <Row Tag="TXT_KEY_CIV5_NEWWORLD_SCENARIO_MUSKETEER_STRATEGY">
      <Text>Silahsör, Silahsör'den çok daha güçlüdür ve bu da onu oyundaki en güçlü piyade birimi yapar</Text>
    </Row>
    <Row Tag="TXT_KEY_NEWWORLD_SCENARIO_CIV5_DAWN_SPAIN_TEXT">
      <Text>SENARYO ACIKLAMASI[NEWLINE]Yil 1492. Ingiltere, Fransa ve Ispanya saraylarina, Cin ve Hint Adalari'na giden bati rotasini bulmak için Atlantik'i geçmeye hevesli cesur kasifler gelir. Yeni bir ticaret yolu bulup Asya kiyilarindaki anlatilmamis zenginlikleri ortaya çikarabilecekler mi? Yoksa yollari boyunca kesfedilmemis topraklarda karaya mi oturacaklar? Yerli halklar kendilerine sunulan bilgi ve ticaret olanaklarina açik olacaklar mi, yoksa anavatanlarini isgal edenlere karsi savasacaklar mi? Bilinmeyen sularda cesurca ilerleyenleri ne gibi zenginlikler, söhret ve firsatlar bekliyor? Siz hangi yolu seçeceksiniz? Bu Yeni Dünya üzerindeki üstünlük mücadelesinde kim galip gelecek?[NEWLINE][NEWLINE]ZAFER KOSULLARI[NEWLINE]Zafer, 1000 VP skoruna ulasan ilk uygarligin olacak. Kesif Karavani ile Cin'e ulastiginizda ve Hazine birimlerini baskentinize geri getirdiginizde bonus VP kazanirsiniz. Alti medeniyetin her birini deneyerek istediginiz kadar oynayin: Amerika haritasi her yeni oyuna basladiginizda degisir.[NEWLINE][NEWLINE]ÖZEL KURALLAR[NEWLINE]Denizdeki birimler, dost topraklarin disinda bitirdikleri her turda sagliklarini kaybetmelerine neden olabilecek bir "terfi" olan Iskorbüt hastaligina yakalanirlar. Bu hastalikla mücadele etmek için ulusal bir mucize olan Navigasyon Okulunu insa edin. Avrupali güçler, içlerinden biri Korsanlik teknolojisini arastirana kadar birbirlerine savas ilan edemezler. Hazine birimleri sehirler yerle bir edildiginde veya El Dorado ve Potosi doga harikalarindan (eger bu haritada varsa) elde edilir. Altin ve VP kazanmak için bu sivil birimleri baskentinize tasiyin.</Text>
    </Row>
    <Row Tag="TXT_KEY_NEWWORLD_SCENARIO_CIV5_DAWN_ENGLAND_TEXT">
      <Text>SENARYO ACIKLAMASI[NEWLINE]Yil 1492. Ingiltere, Fransa ve Ispanya saraylarina, Cin ve Hint Adalari'na giden bati rotasini bulmak için Atlantik'i geçmeye hevesli cesur kasifler gelir. Yeni bir ticaret yolu bulup Asya kiyilarindaki anlatilmamis zenginlikleri ortaya çikarabilecekler mi? Yoksa yollari boyunca kesfedilmemis topraklarda karaya mi oturacaklar? Yerli halklar kendilerine sunulan bilgi ve ticaret olanaklarina açik olacaklar mi, yoksa anavatanlarini isgal edenlere karsi savasacaklar mi? Bilinmeyen sularda cesurca ilerleyenleri ne gibi zenginlikler, söhret ve firsatlar bekliyor? Siz hangi yolu seçeceksiniz? Bu Yeni Dünya üzerindeki üstünlük mücadelesinde kim galip gelecek?[NEWLINE][NEWLINE]ZAFER KOSULLARI[NEWLINE]Zafer, 1000 VP skoruna ulasan ilk uygarligin olacak. Kesif Karavani ile Cin'e ulastiginizda ve Hazine birimlerini baskentinize geri getirdiginizde bonus VP kazanirsiniz. Alti medeniyetin her birini deneyerek istediginiz kadar oynayin: Amerika haritasi her yeni oyuna basladiginizda degisir.[NEWLINE][NEWLINE]ÖZEL KURALLAR[NEWLINE]Denizdeki birimler, dost topraklarin disinda bitirdikleri her turda sagliklarini kaybetmelerine neden olabilecek bir "terfi" olan Iskorbüt hastaligina yakalanirlar. Bu hastalikla mücadele etmek için ulusal bir mucize olan Navigasyon Okulunu insa edin. Avrupali güçler, içlerinden biri Korsanlik teknolojisini arastirana kadar birbirlerine savas ilan edemezler. Hazine birimleri sehirler yerle bir edildiginde veya El Dorado ve Potosi doga harikalarindan (eger bu haritada varsa) elde edilir. Altin ve VP kazanmak için bu sivil birimleri baskentinize tasiyin.</Text>
    </Row>
    <Row Tag="TXT_KEY_NEWWORLD_SCENARIO_CIV5_DAWN_FRANCE_TEXT">
      <Text>SENARYO ACIKLAMASI[NEWLINE]Yil 1492. Ingiltere, Fransa ve Ispanya saraylarina, Cin ve Hint Adalari'na giden bati rotasini bulmak için Atlantik'i geçmeye hevesli cesur kasifler gelir. Yeni bir ticaret yolu bulup Asya kiyilarindaki anlatilmamis zenginlikleri ortaya çikarabilecekler mi? Yoksa yollari boyunca kesfedilmemis topraklarda karaya mi oturacaklar? Yerli halklar kendilerine sunulan bilgi ve ticaret olanaklarina açik olacaklar mi, yoksa anavatanlarini isgal edenlere karsi savasacaklar mi? Bilinmeyen sularda cesurca ilerleyenleri ne gibi zenginlikler, söhret ve firsatlar bekliyor? Siz hangi yolu seçeceksiniz? Bu Yeni Dünya üzerindeki üstünlük mücadelesinde kim galip gelecek?[NEWLINE][NEWLINE]ZAFER KOSULLARI[NEWLINE]Zafer, 1000 VP skoruna ulasan ilk uygarligin olacak. Kesif Karavani ile Cin'e ulastiginizda ve Hazine birimlerini baskentinize geri getirdiginizde bonus VP kazanirsiniz. Alti medeniyetin her birini deneyerek istediginiz kadar oynayin: Amerika haritasi her yeni oyuna basladiginizda degisir.[NEWLINE][NEWLINE]ÖZEL KURALLAR[NEWLINE]Denizdeki birimler, dost topraklarin disinda bitirdikleri her turda sagliklarini kaybetmelerine neden olabilecek bir "terfi" olan Iskorbüt hastaligina yakalanirlar. Bu hastalikla mücadele etmek için ulusal bir mucize olan Navigasyon Okulunu insa edin. Avrupali güçler, içlerinden biri Korsanlik teknolojisini arastirana kadar birbirlerine savas ilan edemezler. Hazine birimleri sehirler yerle bir edildiginde veya El Dorado ve Potosi doga harikalarindan (eger bu haritada varsa) elde edilir. Altin ve VP kazanmak için bu sivil birimleri baskentinize tasiyin.</Text>
    </Row>
    <Row Tag="TXT_KEY_NEWWORLD_SCENARIO_CIV5_DAWN_INCA_TEXT">
      <Text>SENARYO ACIKLAMASI[NEWLINE]Yil 1492. Ingiltere, Fransa ve Ispanya saraylarina, Cin ve Hint Adalari'na giden bati rotasini bulmak için Atlantik'i geçmeye hevesli cesur kasifler gelir. Yeni bir ticaret yolu bulup Asya kiyilarindaki anlatilmamis zenginlikleri ortaya çikarabilecekler mi? Yoksa yollari boyunca kesfedilmemis topraklarda karaya mi oturacaklar? Yerli halklar kendilerine sunulan bilgi ve ticaret olanaklarina açik olacaklar mi, yoksa anavatanlarini isgal edenlere karsi savasacaklar mi? Bilinmeyen sularda cesurca ilerleyenleri ne gibi zenginlikler, söhret ve firsatlar bekliyor? Siz hangi yolu seçeceksiniz? Bu Yeni Dünya üzerindeki üstünlük mücadelesinde kim galip gelecek?[NEWLINE][NEWLINE]ZAFER KOSULLARI[NEWLINE]Zafer, 1000 VP skoruna ulasan ilk uygarligin olacak. Kesif Karavani ile Cin'e ulastiginizda ve Hazine birimlerini baskentinize geri getirdiginizde bonus VP kazanirsiniz. Alti medeniyetin her birini deneyerek istediginiz kadar oynayin: Amerika haritasi her yeni oyuna basladiginizda degisir.[NEWLINE][NEWLINE]ÖZEL KURALLAR[NEWLINE]Denizdeki birimler, dost topraklarin disinda bitirdikleri her turda sagliklarini kaybetmelerine neden olabilecek bir "terfi" olan Iskorbüt hastaligina yakalanirlar. Bu hastalikla mücadele etmek için ulusal bir mucize olan Navigasyon Okulunu insa edin. Avrupali güçler, içlerinden biri Korsanlik teknolojisini arastirana kadar birbirlerine savas ilan edemezler. Hazine birimleri sehirler yerle bir edildiginde veya El Dorado ve Potosi doga harikalarindan (eger bu haritada varsa) elde edilir. Altin ve VP kazanmak için bu sivil birimleri baskentinize tasiyin.</Text>
    </Row>
    <Row Tag="TXT_KEY_NEWWORLD_SCENARIO_CIV5_DAWN_AZTECS_TEXT">
      <Text>SENARYO ACIKLAMASI[NEWLINE]Yil 1492. Ingiltere, Fransa ve Ispanya saraylarina, Cin ve Hint Adalari'na giden bati rotasini bulmak için Atlantik'i geçmeye hevesli cesur kasifler gelir. Yeni bir ticaret yolu bulup Asya kiyilarindaki anlatilmamis zenginlikleri ortaya çikarabilecekler mi? Yoksa yollari boyunca kesfedilmemis topraklarda karaya mi oturacaklar? Yerli halklar kendilerine sunulan bilgi ve ticaret olanaklarina açik olacaklar mi, yoksa anavatanlarini isgal edenlere karsi savasacaklar mi? Bilinmeyen sularda cesurca ilerleyenleri ne gibi zenginlikler, söhret ve firsatlar bekliyor? Siz hangi yolu seçeceksiniz? Bu Yeni Dünya üzerindeki üstünlük mücadelesinde kim galip gelecek?[NEWLINE][NEWLINE]ZAFER KOSULLARI[NEWLINE]Zafer, 1000 VP skoruna ulasan ilk uygarligin olacak. Kesif Karavani ile Cin'e ulastiginizda ve Hazine birimlerini baskentinize geri getirdiginizde bonus VP kazanirsiniz. Alti medeniyetin her birini deneyerek istediginiz kadar oynayin: Amerika haritasi her yeni oyuna basladiginizda degisir.[NEWLINE][NEWLINE]ÖZEL KURALLAR[NEWLINE]Denizdeki birimler, dost topraklarin disinda bitirdikleri her turda sagliklarini kaybetmelerine neden olabilecek bir "terfi" olan Iskorbüt hastaligina yakalanirlar. Bu hastalikla mücadele etmek için ulusal bir mucize olan Navigasyon Okulunu insa edin. Avrupali güçler, içlerinden biri Korsanlik teknolojisini arastirana kadar birbirlerine savas ilan edemezler. Hazine birimleri sehirler yerle bir edildiginde veya El Dorado ve Potosi doga harikalarindan (eger bu haritada varsa) elde edilir. Altin ve VP kazanmak için bu sivil birimleri baskentinize tasiyin.</Text>
    </Row>
    <Row Tag="TXT_KEY_NEWWORLD_SCENARIO_CIV5_DAWN_IROQUOIS_TEXT">
      <Text>SENARYO ACIKLAMASI[NEWLINE]Yil 1492. Ingiltere, Fransa ve Ispanya saraylarina, Cin ve Hint Adalari'na giden bati rotasini bulmak için Atlantik'i geçmeye hevesli cesur kasifler gelir. Yeni bir ticaret yolu bulup Asya kiyilarindaki anlatilmamis zenginlikleri ortaya çikarabilecekler mi? Yoksa yollari boyunca kesfedilmemis topraklarda karaya mi oturacaklar? Yerli halklar kendilerine sunulan bilgi ve ticaret olanaklarina açik olacaklar mi, yoksa anavatanlarini isgal edenlere karsi savasacaklar mi? Bilinmeyen sularda cesurca ilerleyenleri ne gibi zenginlikler, söhret ve firsatlar bekliyor? Siz hangi yolu seçeceksiniz? Bu Yeni Dünya üzerindeki üstünlük mücadelesinde kim galip gelecek?[NEWLINE][NEWLINE]ZAFER KOSULLARI[NEWLINE]Zafer, 1000 VP skoruna ulasan ilk uygarligin olacak. Kesif Karavani ile Cin'e ulastiginizda ve Hazine birimlerini baskentinize geri getirdiginizde bonus VP kazanirsiniz. Alti medeniyetin her birini deneyerek istediginiz kadar oynayin: Amerika haritasi her yeni oyuna basladiginizda degisir.[NEWLINE][NEWLINE]ÖZEL KURALLAR[NEWLINE]Denizdeki birimler, dost topraklarin disinda bitirdikleri her turda sagliklarini kaybetmelerine neden olabilecek bir "terfi" olan Iskorbüt hastaligina yakalanirlar. Bu hastalikla mücadele etmek için ulusal bir mucize olan Navigasyon Okulunu insa edin. Avrupali güçler, içlerinden biri Korsanlik teknolojisini arastirana kadar birbirlerine savas ilan edemezler. Hazine birimleri sehirler yerle bir edildiginde veya El Dorado ve Potosi doga harikalarindan (eger bu haritada varsa) elde edilir. Altin ve VP kazanmak için bu sivil birimleri baskentinize tasiyin.</Text>
    </Row>
    <Row Tag="TXT_KEY_NEWWORLD_SCENARIO_LEADER_NAPOLEON_FIRSTGREETING_1">
      <Text>Hos geldiniz. Ben Francis I, Rönesans sanatinin büyük hamisiyim!</Text>
    </Row>
    <Row Tag="TXT_KEY_NEWWORLD_SCENARIO_LEADER_NAPOLEON_FIRSTGREETING_2">
      <Text>Hos geldin, Yabanci! Ben Francis I, Fransa Krali! Dostlarima sadik, düsmanlarima ölümüm. Sen hangisi olacaksin?</Text>
    </Row>
    <Row Tag="TXT_KEY_NEWWORLD_SCENARIO_LEADER_NAPOLEON_FIRSTGREETING_3">
      <Text>Ah. Sonunda tanistik. Ben Fransa Krali I. Francis. Gelin: iki büyük ulusumuz arasinda deniz üzerindeki topraklarin paylasimini tartisalim.</Text>
    </Row>
    <Row Tag="TXT_KEY_NEWWORLD_SCENARIO_LEADER_NAPOLEON_FIRSTGREETING_4">
      <Text>Selamlar. Ben Francis I, Fransa'nin Valois Krali. Son satomu görmek ister misiniz?</Text>
    </Row>
    <Row Tag="TXT_KEY_NEWWORLD_SCENARIO_CIVILOPEDIA_LEADERS_NAPOLEON_SUBTITLE">
      <Text>Fransa Krali</Text>
    </Row>
    <Row Tag="TXT_KEY_NEWWORLD_SCENARIO_CIVILOPEDIA_LEADERS_NAPOLEON_LIVED">
      <Text>MS 1494 - 1547</Text>
    </Row>
    <Row Tag="TXT_KEY_NEWWORLD_SCENARIO_CIVILOPEDIA_LEADERS_NAPOLEON_HEADING_1">
      <Text>Tarih</Text>
    </Row>
    <Row Tag="TXT_KEY_NEWWORLD_SCENARIO_CIVILOPEDIA_LEADERS_NAPOLEON_TEXT_1">
      <Text>I. Francis 1515'ten 1547'ye kadar Fransa Kraliydi ve bu süre zarfinda I. Süleyman ile Fransa-Osmanli ittifakinin kurulmasina yardimci oldu. Kutsal Roma Imparatoru V. Charles Francis'in en büyük düsmaniydi ve birçok askeri seferin hedefi olacakti. Francis, 1525'teki Pavia Savasi'nda Charles tarafindan yakalanacak ve özgürlügü karsiliginda iki oglu Henry ve Francis'i teslim edene kadar bir yildan fazla esir tutulacakti.</Text>
    </Row>
    <Row Tag="TXT_KEY_NEWWORLD_SCENARIO_TRAIT_CITY_STATE_FRIENDSHIP_SHORT">
      <Text>Yerli Müttefikler</Text>
    </Row>
    <Row Tag="TXT_KEY_PROMOTION_SCURVY">
      <Text>Iskorbüt</Text>
    </Row>
    <Row Tag="TXT_KEY_PROMOTION_SCURVY_HELP">
      <Text>65 Sans Sira Dost Bölgenin Disinda Biterse 1 Hasar Alir</Text>
    </Row>
    <Row Tag="TXT_KEY_PEDIA_PROMOTION_SCURVY">
      <Text>Dost Topraklar Disinda Sagligini Kaybediyor</Text>
    </Row>
    <Row Tag="TXT_KEY_NEWWORLD_SCENARIO_MISC_YOU_UNIT_WAS_DESTROYED_ATTRITION">
      <Text>Senin {@1_UnitName} iskorbüt yüzünden yok oldu!</Text>
    </Row>
    <Row Tag="TXT_KEY_NEWWORLD_SCENARIO_MISC_YOU_UNIT_WAS_DAMAGED_ATTRITION">
      <Text>Iskorbüt</Text>
    </Row>
    <Row Tag="TXT_KEY_NEWWORLD_SCENARIO_FIRST_CIRCUMNAVIGATION">
      <Text>{@1_UnitName} Cin'e ulasti!  Etrafi dolasmanin bu ilk basarisi için {3_VPAmount} alacaksiniz Zafer Puanlari. Iki Büyük Amiral daha Cin'e yelken açarak ödül kazanabilir.</Text>
    </Row>
    <Row Tag="TXT_KEY_NEWWORLD_SCENARIO_SECOND_CIRCUMNAVIGATION">
      <Text>{@1_UnitName} Cin'e ulasti!  Etrafi dolasmadaki bu ikinci basariniz için {3_VPAmount} alacaksiniz. Zafer Puanlari. Bir Büyük Amiral daha Cin'e yelken açtigi için ödül kazanabilir.</Text>
    </Row>
    <Row Tag="TXT_KEY_NEWWORLD_SCENARIO_THIRD_CIRCUMNAVIGATION">
      <Text>{@1_UnitName} Cin'e ulasti!  Etrafi dolasmanin bu üçüncü basarisi için {3_VPAmount} alacaksiniz. Zafer Puanlari. Cin'e yelken açmak için ek ödül verilmeyecektir.</Text>
    </Row>
    <Row Tag="TXT_KEY_NEWWORLD_SCENARIO_OTHER_CIRCUMNAVIGATION">
      <Text>{@1_PlyrName}'ten bir kasif Cin'e ulasti.  {2_Num} daha fazla Büyük Amiral(ler) Cin'e yelken açtiklari için zafer puani kazanabilir.</Text>
    </Row>
    <Row Tag="TXT_KEY_NEWWORLD_SCENARIO_TREASURE_FOUND">
      <Text>Hazine Bulundu</Text>
    </Row>
    <Row Tag="TXT_KEY_NEWWORLD_SCENARIO_TREASURE_RAZED_CITY">
      <Text>{@1_CityName}'nin yerle bir edilmesinden bir hazine elde edilmistir.</Text>
    </Row>
    <Row Tag="TXT_KEY_NEWWORLD_SCENARIO_TREASURE_CAPTURED_CITY">
      <Text>3 hazine {@1_CityName}'nin yakalanmasindan elde edilmistir.</Text>
    </Row>
    <Row Tag="TXT_KEY_NEWWORLD_SCENARIO_TREASURE_NATURAL_WONDER">
      <Text>{@1_NWName} yakinlarinda bir hazine bulundu.</Text>
    </Row>
    <Row Tag="TXT_KEY_NEWWORLD_SCENARIO_TREASURE_RETURNED_SHORT">
      <Text>Hazine Iade Edildi</Text>
    </Row>
    <Row Tag="TXT_KEY_NEWWORLD_SCENARIO_TREASURE_RETURNED">
      <Text>{@1_CityName}'e bir hazine iade edildi ve size {2_GoldAmount} [ICON_GOLD] Altin ve {3_VPAmount} kazandirdi. Zafer Puanlari.</Text>
    </Row>
    <Row Tag="TXT_KEY_NEWWORLD_SCENARIO_DIPLO_RESCH_AGREEMENT_NO_TECH">
      <Text>Bu senaryoda arastirma anlasmalarinin ticaretine izin verilmez.</Text>
    </Row>
    <Row Tag="TXT_KEY_NEWWORLD_SCENARIO_ABLTY_DECLARE_WAR_ALL">
      <Text>Herhangi bir güce karsi savas ilanina izin verir</Text>
    </Row>
    <Row Tag="TXT_KEY_NEWWORLD_SCENARIO_TECH_TRAPPING_HELP">
      <Text>Isçilerinizin [ICON_RES_DEER] Geyik, [ICON_RES_IVORY] Fildisi ve [ICON_RES_FUR] Kürk [ENDCOLOR] kaynaklari üzerinde [COLOR_POSITIVE_TEXT] Kamplar [ENDCOLOR] insa etmesini saglar, bu da harita karolarinin [ICON_GOLD] Altin çiktisini artirir.</Text>
    </Row>
    <Row Tag="TXT_KEY_NEWWORLD_SCENARIO_TECH_MATHEMATICS_HELP">
      <Text>Güçlü bir kusatma silahi olan [COLOR_POSITIVE_TEXT]Mancinik[ENDCOLOR] insa etmenizi saglar.</Text>
    </Row>
    <Row Tag="TXT_KEY_NEWWORLD_SCENARIO_TECH_EDUCATION_HELP">
      <Text>[ICON_RESEARCH] Bilime çesitli faydalar saglar.</Text>
    </Row>
    <Row Tag="TXT_KEY_NEWWORLD_SCENARIO_TECH_NAVIGATION_HELP">
      <Text>Denizdeki birimlerden iskorbüt hastaligini ortadan kaldiran bir bina olan [COLOR_POSITIVE_TEXT]Navigasyon Okulu[ENDCOLOR] insa etmenizi saglar.  Ayrica kiyi sehirlerinin deniz kaynaklarindan [ICON_PRODUCTION] Üretim saglayan [COLOR_POSITIVE_TEXT]Liman[ENDCOLOR] insa etmesine izin verir.</Text>
    </Row>
    <Row Tag="TXT_KEY_NEWWORLD_SCENARIO_BUILDING_MONASTERY_HELP">
      <Text>[ICON_CULTURE] Bu sehirde yeni kiremit edinmenin kültür maliyeti %75 oraninda azaldi.</Text>
    </Row>
    <Row Tag="TXT_KEY_NEWWORLD_SCENARIO_BUILDING_MONASTERY_STRATEGY">
      <Text>Manastir bir sehrin [ICON_CULTURE] Kültürünü artirarak sehrin topraklarinin büyümesini ve medeniyetin Sosyal Politikalar edinmesini hizlandirir. Manastir, sehrin kültürel sinir büyüme oranini dört katina çikarir. Sadece Manastir inancina sahip bir dini takip eden sehirlerde insa edilebilir. Bu binayi [ICON_PEACE] Inanç ile satin alarak insa edin.</Text>
    </Row>
    <Row Tag="TXT_KEY_NEWWORLD_SCENARIO_UNIT_PRIVATEER">
      <Text>Privateer</Text>
    </Row>
    <Row Tag="TXT_KEY_NEWWORLD_SCENARIO_CIV5_PRIVATEER_STRATEGY">
      <Text>Korsan, Avrupali güçler savas ilan etmeden önce arastirilmasi gereken Korsanlik teknolojisinden elde edilebilen bir birimdir. Düsman gemilerine saldirmak ve hazine birimlerini çalmak için Korsanlari kullanin.</Text>
    </Row>
    <Row Tag="TXT_KEY_NEWWORLD_SCENARIO_CIV5_PRIVATEER_TEXT">
      <Text>Bir sonraki kurbanini aramak için denizlerde dolasan korsan, savas zamanlarinda düsman gemilerine baskin düzenlemek için hükümdarindan teminat mektubu alan yasal korsandir.  Bir korsanin ana hedefi düsmanin ticaret yollarini kesmek, ekonomisine ya da donanma ve ordusunu donatma kabiliyetine zarar vermekti. Özel korsan genellikle kendi gemisine sahip, hazir mürettebati olan, denizleri ve ticaret yollarini bilen girisimci bir tüccardi.  Genelde korsanlar tek baslarina çalisirlardi, ancak bazen bir araya gelerek daha büyük filolar olusturup bazi agir markalari alt ederlerdi. [NEWLINE] [NEWLINE] Korsanin amaci düsman gemisini batirmak degil, sadece onu ve mallarini ele geçirmekti.  Ganimet genellikle açik artirmayla satilir ve elde edilen gelir korsan, herhangi bir finansal yatirimci ve kraliyet arasinda paylastirilirdi.</Text>
    </Row>
    <Row Tag="TXT_KEY_NEWWORLD_SCENARIO_CIV5_PRIVATEER_HELP">
      <Text>Rönesans Dönemi deniz birimi Avrupali güçlere saldirmak ve hazineleri çalmak için kullanilirdi.</Text>
    </Row>
    <Row Tag="TXT_KEY_NEWWORLD_SCENARIO_BUILDING_NAVIGATION_SCHOOL">
      <Text>Navigasyon Okulu</Text>
    </Row>
    <Row Tag="TXT_KEY_NEWWORLD_SCENARIO_BUILDING_NAVIGATION_SCHOOL_HELP">
      <Text>Imparatorluk tarafindan insa edilen tüm donanma birimlerinden iskorbüt hastaligini kaldirir. Sirasina Denizcilik Okulunun bulundugu sehirde baslayan tüm birimlerin Iskorbüt terfileri kaldirilir. Mucizenin insa edildigi Sehrin yakininda bir Büyük Amiral belirir. Tüm sehirlerde bir Üniversite olmalidir.[NEWLINE]Sadece Avrupalilar tarafindan insa edilebilir. Sehir kiyida insa edilmelidir.</Text>
    </Row>
    <Row Tag="TXT_KEY_NEWWORLD_SCENARIO_BUILDING_NAVIGATION_SCHOOL_TEXT">
      <Text>Haritacilar, gemi yapimcilari ve egitimli kaptanlar bir anda ortaya çikmazlar - bu bilginlerin ve is adamlarinin çogu Seyir Okullari gibi enstitülerde egitim görmüslerdir.  Deneyimli kaptanlar ve bilgili akademisyenler biriktirdikleri denizcilik bilgilerini okulda paylasir ve daha sonra bu bilgeligi daha az deneyimli olanlara aktarirlardi.  Yeni rotalarin hava durumu haritalari çikarilir, haritacilara en yeni ve en iyi aletlerin kullanimi ögretilir ve yeni tür gemiler tasarlanip insa edilirdi.[NEWLINE][NEWLINE]Portekizli Denizci Henry'nin Sagres'teki villasinda ilk Denizcilik Okulunu baslattigina inanilir.  Afrika'nin bazi bölgelerinin kiyi seridini haritalandirmak için büyük bir haritaci grubu tutmus olsa da, denizciler ve bilginler için merkezi bir okul olduguna dair henüz tanimlayici bir kanit bulunamamistir.</Text>
    </Row>
    <Row Tag="TXT_KEY_NEWWORLD_SCENARIO_BUILDING_NAVIGATION_SCHOOL_STRATEGY">
      <Text>Gelecekteki tüm donanma birimlerinin Iskorbüt terfisinden muzdarip olmamasini saglamak ve sehirdeki siralarina bu Harika ile baslayan birimlerden bu terfiyi kaldirmak için Navigasyon Okulu ulusal harikasini insa edin.</Text>
    </Row>
    <Row Tag="TXT_KEY_NEWWORLD_SCENARIO_CARAVEL_DE_LEON">
      <Text>De Leon</Text>
    </Row>
    <Row Tag="TXT_KEY_NEWWORLD_SCENARIO_CARAVEL_NARVAEZ">
      <Text>Narvaez</Text>
    </Row>
    <Row Tag="TXT_KEY_NEWWORLD_SCENARIO_CARAVEL_DE_VACA">
      <Text>De Vaca</Text>
    </Row>
    <Row Tag="TXT_KEY_NEWWORLD_SCENARIO_CARAVEL_MAGELLAN">
      <Text>Magellan</Text>
    </Row>
    <Row Tag="TXT_KEY_NEWWORLD_SCENARIO_CARAVEL_DE_SOTO">
      <Text>De Soto</Text>
    </Row>
    <Row Tag="TXT_KEY_NEWWORLD_SCENARIO_CARAVEL_ULLOA">
      <Text>Ulloa</Text>
    </Row>
    <Row Tag="TXT_KEY_NEWWORLD_SCENARIO_CARAVEL_VESPUCCI">
      <Text>Vespucci</Text>
    </Row>
    <Row Tag="TXT_KEY_NEWWORLD_SCENARIO_CARAVEL_CARTIER">
      <Text>Cartier</Text>
    </Row>
    <Row Tag="TXT_KEY_NEWWORLD_SCENARIO_CARAVEL_ROBERVAL">
      <Text>Roberval</Text>
    </Row>
    <Row Tag="TXT_KEY_NEWWORLD_SCENARIO_CARAVEL_CHAMPLAIN">
      <Text>Champlain</Text>
    </Row>
    <Row Tag="TXT_KEY_NEWWORLD_SCENARIO_CARAVEL_RUT">
      <Text>Rut</Text>
    </Row>
    <Row Tag="TXT_KEY_NEWWORLD_SCENARIO_CARAVEL_CHANCELLOR">
      <Text>Sansölye</Text>
    </Row>
    <Row Tag="TXT_KEY_NEWWORLD_SCENARIO_CARAVEL_WILLOUGHBY">
      <Text>Willoughby</Text>
    </Row>
    <Row Tag="TXT_KEY_NEWWORLD_SCENARIO_CARAVEL_GRENVILLE">
      <Text>Grenville</Text>
    </Row>
    <Row Tag="TXT_KEY_NEWWORLD_SCENARIO_CARAVEL_HUDSON">
      <Text>Hudson</Text>
    </Row>
    <Row Tag="TXT_KEY_NEWWORLD_SCENARIO_CONQUISTADOR_CORTES">
      <Text>Cortes</Text>
    </Row>
    <Row Tag="TXT_KEY_NEWWORLD_SCENARIO_CONQUISTADOR_CORDOVA">
      <Text>Cordova</Text>
    </Row>
    <Row Tag="TXT_KEY_NEWWORLD_SCENARIO_CONQUISTADOR_PIZARRO">
      <Text>Pizarro</Text>
    </Row>
    <Row Tag="TXT_KEY_NEWWORLD_SCENARIO_CONQUISTADOR_ORELLANA">
      <Text>Orellana</Text>
    </Row>
    <Row Tag="TXT_KEY_NEWWORLD_SCENARIO_CONQUISTADOR_CORONADO">
      <Text>Coronado</Text>
    </Row>
    <Row Tag="TXT_KEY_NEWWORLD_SCENARIO_CONQUISTADOR_MONTEJO">
      <Text>Montejo</Text>
    </Row>
    <Row Tag="TXT_KEY_NEWWORLD_SCENARIO_CONQUISTADOR_BALBOA">
      <Text>Balboa</Text>
    </Row>
    <Row Tag="TXT_KEY_NEWWORLD_SCENARIO_CONQUISTADOR_VILLEGAGNON">
      <Text>Villegagnon</Text>
    </Row>
    <Row Tag="TXT_KEY_NEWWORLD_SCENARIO_CONQUISTADOR_LAUDONNIERRE">
      <Text>Laudonnierre</Text>
    </Row>
    <Row Tag="TXT_KEY_NEWWORLD_SCENARIO_CONQUISTADOR_RIBAULT">
      <Text>Ribault</Text>
    </Row>
    <Row Tag="TXT_KEY_NEWWORLD_SCENARIO_CONQUISTADOR_DEVEREUX">
      <Text>Devereux</Text>
    </Row>
    <Row Tag="TXT_KEY_NEWWORLD_SCENARIO_CONQUISTADOR_NORREYS">
      <Text>Norreys</Text>
    </Row>
    <Row Tag="TXT_KEY_NEWWORLD_SCENARIO_CONQUISTADOR_MOUNTJOY">
      <Text>Mountjoy</Text>
    </Row>
    <Row Tag="TXT_KEY_NEWWORLD_SCENARIO_CONQUISTADOR_SMITH">
      <Text>Smith</Text>
    </Row>
    <Row Tag="TXT_KEY_NEWWORLD_SCENARIO_CONQUISTADOR_WINTHROP">
      <Text>Winthrop</Text>
    </Row>
    <Row Tag="TXT_KEY_NEWWORLD_SCENARIO_PRIVATEER_MENENDEZ">
      <Text>Menendez</Text>
    </Row>
    <Row Tag="TXT_KEY_NEWWORLD_SCENARIO_PRIVATEER_SANTA_CRUZ">
      <Text>Santa Cruz</Text>
    </Row>
    <Row Tag="TXT_KEY_NEWWORLD_SCENARIO_PRIVATEER_FLEURY">
      <Text>Fleury</Text>
    </Row>
    <Row Tag="TXT_KEY_NEWWORLD_SCENARIO_PRIVATEER_LE_CLERC">
      <Text>Le Clerc</Text>
    </Row>
    <Row Tag="TXT_KEY_NEWWORLD_SCENARIO_PRIVATEER_LE_TESTU">
      <Text>Le Testu</Text>
    </Row>
    <Row Tag="TXT_KEY_NEWWORLD_SCENARIO_PRIVATEER_DE_SORES">
      <Text>De Sores</Text>
    </Row>
    <Row Tag="TXT_KEY_NEWWORLD_SCENARIO_PRIVATEER_DRAKE">
      <Text>Drake</Text>
    </Row>
    <Row Tag="TXT_KEY_NEWWORLD_SCENARIO_PRIVATEER_RALEIGH">
      <Text>Raleigh</Text>
    </Row>
    <Row Tag="TXT_KEY_NEWWORLD_SCENARIO_PRIVATEER_HAWKINS">
      <Text>Hawkins</Text>
    </Row>
    <Row Tag="TXT_KEY_NEWWORLD_SCENARIO_PRIVATEER_CAVENDISH">
      <Text>Cavendish</Text>
    </Row>
    <Row Tag="TXT_KEY_NEWWORLD_SCENARIO_PRIVATEER_FROBISHER">
      <Text>Frobisher</Text>
    </Row>
    <Row Tag="TXT_KEY_NEWWORLD_SCENARIO_PRIVATEER_GILBERT">
      <Text>Gilbert</Text>
    </Row>
    <Row Tag="TXT_KEY_NEWWORLD_SCENARIO_CIV5_INUIT_TEXT">
      <Text>Inuitler, Grönland ve Kuzey Amerika'nin Arktik bölgelerinde yasayan yerli halktir.</Text>
    </Row>
    <Row Tag="TXT_KEY_NEWWORLD_SCENARIO_CIV5_SEMINOLE_TEXT">
      <Text>Seminoller Florida'nin yerli halklarindan bazilaridir ve Muscogee (her ikisi de Creek halkidir) ile yakin akrabadirlar.</Text>
    </Row>
    <Row Tag="TXT_KEY_NEWWORLD_SCENARIO_CIV5_LAKOTA_TEXT">
      <Text>Lakotalar, Kuzey Amerika düzlüklerinin yerli sakinlerinden olusan bir gruptur.</Text>
    </Row>
    <Row Tag="TXT_KEY_NEWWORLD_SCENARIO_CIV5_CARIB_TEXT">
      <Text>Karibler, Bati Hint Adalari'nin yerli halklarindan bazilaridir. Ispanyollara karsi ilk savaslardan bazilarini onlar vermistir.</Text>
    </Row>
    <Row Tag="TXT_KEY_NEWWORLD_SCENARIO_CIV5_CHEROKEE_TEXT">
      <Text>Cerokiler, Amerika Birlesik Devletleri'nin güneydogusunda yasayan bir grup yerli halktir. Iroquois ile yakin akrabadirlar, bu nedenle tarih öncesi zamanlarda Büyük Göller'den güneye göç ettikleri düsünülmektedir.</Text>
    </Row>
    <Row Tag="TXT_KEY_NEWWORLD_SCENARIO_CIV5_ALGONQUIN_TEXT">
      <Text>Algonquin, Quebec'in yerli sakinlerinden olusan bir gruptur. Kürk ticaretinde rekabet ettikleri Iroquois'larin ezeli düsmanlari olmuslardir.</Text>
    </Row>
    <Row Tag="TXT_KEY_NEWWORLD_SCENARIO_CIV5_HURON_TEXT">
      <Text>Huronlar, Kanada'nin yerli halklarindan bazilaridir ve Avrupalilarin temas ettigi dönemde esas olarak Ontario Gölü'nün kuzey kiyisinda yasamaktaydilar.</Text>
    </Row>
    <Row Tag="TXT_KEY_NEWWORLD_SCENARIO_CIV5_MUSCOGEE_TEXT">
      <Text>Muscogee'ler güneydogu Amerika Birlesik Devletleri'nin yerli halklarindan bazilaridir ve Mississippian kültüründen gelmektedirler.</Text>
    </Row>
    <Row Tag="TXT_KEY_NEWWORLD_SCENARIO_CIV5_WABANAKI_TEXT">
      <Text>Wabanakiler "safagin insanlari "dir - Kanada'nin dogusundaki deniz eyaletlerinin yerli halki.</Text>
    </Row>
    <Row Tag="TXT_KEY_NEWWORLD_SCENARIO_CIV5_MAPUCHE_TEXT">
      <Text>Mapuche'ler Sili ve Arjantin'in yerli halklarindan bazilaridir. Ispanyol sömürgeciler tarafindan Araucanians olarak adlandirilmislardir.</Text>
    </Row>
    <Row Tag="TXT_KEY_NEWWORLD_SCENARIO_CIV5_ARAWAK_TEXT">
      <Text>Arawaklar, Bati Hint Adalari'nin yerli sakinlerinden olusan bir gruptur. Kristof Kolomb'un karsilastigi ilk yerlilerdir.</Text>
    </Row>
    <Row Tag="TXT_KEY_NEWWORLD_SCENARIO_CIV5_MAYA_TEXT">
      <Text>Mayalar Yucatan yarimadasinin yerli sakinleridir.  Matematik ve astronomi konusunda yetenekli bir uygarlikti ve özenle oyulmus tas piramitlerin insacisiydilar.</Text>
    </Row>
    <Row Tag="TXT_KEY_NEWWORLD_SCENARIO_CIV5_YANOMAMI_TEXT">
      <Text>Yanomami, Amazon havzasinin yerli bir kabilesidir. Avrupalilarla 1929 yilina kadar bilinen hiçbir temasi olmayan bir tas devri kültürüdür.</Text>
    </Row>
    <Row Tag="TXT_KEY_NEWWORLD_SCENARIO_CIV5_MUISCA_TEXT">
      <Text>Muisca, Kolombiya'nin orta daglik bölgelerinde yasayan bir grup yerli halktir. Ispanyollarla ilk kez 1537 yilinda temas kurmuslardir ve El Dorado efsanesinin muhtemel kaynagidirlar.</Text>
    </Row>
    <Row Tag="TXT_KEY_NEWWORLD_SCENARIO_CIV5_HOPI_TEXT">
      <Text>Hopiler güneybati Amerika Birlesik Devletleri'nin yerli halklarindan bazilaridir. Ilk olarak 1540 yilinda Coronado'nun kesif gezisi sirasinda karsilasilmislardir.</Text>
    </Row>
    <Row Tag="TXT_KEY_CIV5_ANASAZI_TEXT">
      <Text>Anasaziler, modern Puebloan halklarinin öncüleri olan eski bir yerli kültürüdür. Anasaziler Mesa Verde uçurum evlerini insa etmeleriyle bilinirler.</Text>
    </Row>
  </Language_en_US>
</GameData>