﻿<?xml version="1.0" encoding="utf-8"?>
<!-- edited with XMLSPY v2004 rel. 2 U (http://www.xmlspy.com) by Ed Beach (Firaxis Games) -->
<GameData>
  <!-- LocBuddy does not yet handle DLC scenarios so for now add the scenario text to the DLC package.-->
  <Language_en_US>
    <Row Tag="TXT_KEY_NEWWORLD_SCENARIO_CIV_JAPAN_ADJECTIVE">
      <Text>Eski Dünya Avrupa</Text>
    </Row>
    <Row Tag="TXT_KEY_NEWWORLD_SCENARIO_CIV_JAPAN_DESC">
      <Text>Eski Dünya Avrupasi</Text>
    </Row>
    <Row Tag="TXT_KEY_NEWWORLD_SCENARIO_CIV_JAPAN_SHORT_DESC">
      <Text>Eski Dünya</Text>
    </Row>
  </Language_en_US>
</GameData>