﻿<?xml version="1.0" encoding="utf-8"?>
<!-- edited with XMLSPY v2004 rel. 2 U (http://www.xmlspy.com) by Ed Beach (Firaxis Games) -->
<GameData>
  <!-- LocBuddy does not yet handle DLC scenarios so for now add the scenario text to the DLC package.-->
  <Language_en_US>
    <Row Tag="TXT_KEY_NEWWORLD_SCENARIO_TECH_IMPERIALISM">
      <Text>Emperyalizm</Text>
    </Row>
    <Row Tag="TXT_KEY_NEWWORLD_SCENARIO_TECH_NAVAL_TRADITION">
      <Text>Denizcilik Gelenegi</Text>
    </Row>
    <Row Tag="TXT_KEY_NEWWORLD_SCENARIO_TECH_PROSOLDIERS">
      <Text>Profesyonel Askerler</Text>
    </Row>
    <Row Tag="TXT_KEY_NEWWORLD_SCENARIO_TECH_PIRACY">
      <Text>Korsanlik</Text>
    </Row>
    <Row Tag="TXT_KEY_NEWWORLD_SCENARIO_TECH_WARSHIPS">
      <Text>Savas Gemileri</Text>
    </Row>
    <Row Tag="TXT_KEY_NEWWORLD_SCENARIO_TECH_ROYAL_GUARDS">
      <Text>Kraliyet Muhafizlari</Text>
    </Row>
    <Row Tag="TXT_KEY_NEWWORLD_SCENARIO_TECH_RELIGIOUS_ORDERS">
      <Text>Dini Tarikatlar</Text>
    </Row>
    <Row Tag="TXT_KEY_NEWWORLD_SCENARIO_TECH_TREASURE_FLEET">
      <Text>Hazine Filosu</Text>
    </Row>
  </Language_en_US>
</GameData>