﻿<?xml version="1.0" encoding="utf-8"?>
<!-- edited with XMLSPY v2004 rel. 2 U (http://www.xmlspy.com) by Ed Beach (Firaxis Games) -->
<!-- Sid Meier's Civilization V -->
<!-- Copyright Firaxis Games 2010 -->
<!-- -->
<!-- Game Text Objects -->
<GameData>
  <Language_en_US>
    <Row Tag="TXT_KEY_UNIT_INCAN_SLINGER">
      <Text>Slinger</Text>
    </Row>
    <Row Tag="TXT_KEY_UNIT_SPANISH_TERCIO">
      <Text>Tercio</Text>
    </Row>
    <Row Tag="TXT_KEY_NEWWORLD_SCENARIO_UNITS_TREASURE_HEADING">
      <Text>Hazine</Text>
    </Row>
    <Row Tag="TXT_KEY_UNIT_SPANISH_CONQUISTADOR">
      <Text>Conquistador</Text>
    </Row>
    <Row Tag="TXT_KEY_PROMOTION_WITHDRAW_BEFORE_MELEE">
      <Text>Yakin Dövüsten Önce Geri Cekilin</Text>
    </Row>
    <Row Tag="TXT_KEY_PROMOTION_WITHDRAW_BEFORE_MELEE_HELP">
      <Text>Birim yakin dövüs saldirisiyla karsilastiginda geri çekilir. Hizli düsman birimlerine karsi veya birimin arkasinda sinirli sayida açik karo varsa geri çekilme sansi azalir.</Text>
    </Row>
  </Language_en_US>
</GameData>