﻿<?xml version="1.0" encoding="utf-8"?>
<!-- edited with XMLSPY v2004 rel. 2 U (http://www.xmlspy.com) by Ed Beach (Firaxis Games) -->
<GameData>
  <Language_en_US>
    <Row Tag="TXT_KEY_CIV_INCA_ADJECTIVE">
      <Text>Inka</Text>
    </Row>
    <Row Tag="TXT_KEY_CIV_INCA_DESC">
      <Text>Inka Imparatorlugu</Text>
    </Row>
    <Row Tag="TXT_KEY_CIV_INCA_SHORT_DESC">
      <Text>Inka2</Text>
      <Plurality>2</Plurality>
    </Row>
    <Row Tag="TXT_KEY_CIV_SPAIN_ADJECTIVE">
      <Text>Ispanyolca</Text>
    </Row>
    <Row Tag="TXT_KEY_CIV_SPAIN_DESC">
      <Text>Ispanyol Imparatorlugu</Text>
    </Row>
    <Row Tag="TXT_KEY_CIV_SPAIN_SHORT_DESC">
      <Text>Ispanya</Text>
    </Row>
  </Language_en_US>
</GameData>