﻿<?xml version="1.0" encoding="utf-8"?>
<!-- edited with XMLSPY v2004 rel. 2 U (http://www.xmlspy.com) by Ed Beach (Firaxis Games) -->
<!--Sid Meier's Civilization V -->
<!--Copyright Firaxis Games 2010 -->
<GameData>
  <Language_en_US>
    <Row Tag="TXT_KEY_NEWWORLD_SCENARIO_CITYSTATE_INUIT">
      <Text>Inuit</Text>
    </Row>
    <Row Tag="TXT_KEY_NEWWORLD_SCENARIO_CITYSTATE_INUIT_ADJ">
      <Text>Inuit</Text>
    </Row>
    <Row Tag="TXT_KEY_NEWWORLD_SCENARIO_CITYSTATE_SEMINOLE">
      <Text>Seminole</Text>
    </Row>
    <Row Tag="TXT_KEY_NEWWORLD_SCENARIO_CITYSTATE_SEMINOLE_ADJ">
      <Text>Seminole</Text>
    </Row>
    <Row Tag="TXT_KEY_NEWWORLD_SCENARIO_CITYSTATE_LAKOTA">
      <Text>Lakota</Text>
    </Row>
    <Row Tag="TXT_KEY_NEWWORLD_SCENARIO_CITYSTATE_LAKOTA_ADJ">
      <Text>Lakota</Text>
    </Row>
    <Row Tag="TXT_KEY_NEWWORLD_SCENARIO_CITYSTATE_CARIB">
      <Text>Carib</Text>
    </Row>
    <Row Tag="TXT_KEY_NEWWORLD_SCENARIO_CITYSTATE_CARIB_ADJ">
      <Text>Carib</Text>
    </Row>
    <Row Tag="TXT_KEY_NEWWORLD_SCENARIO_CITYSTATE_CHEROKEE">
      <Text>Cherokee</Text>
    </Row>
    <Row Tag="TXT_KEY_NEWWORLD_SCENARIO_CITYSTATE_CHEROKEE_ADJ">
      <Text>Cherokee</Text>
    </Row>
    <Row Tag="TXT_KEY_NEWWORLD_SCENARIO_CITYSTATE_ALGONQUIN">
      <Text>Algonquin</Text>
    </Row>
    <Row Tag="TXT_KEY_NEWWORLD_SCENARIO_CITYSTATE_ALGONQUIN_ADJ">
      <Text>Algonquin</Text>
    </Row>
    <Row Tag="TXT_KEY_NEWWORLD_SCENARIO_CITYSTATE_HURON">
      <Text>Huron</Text>
    </Row>
    <Row Tag="TXT_KEY_NEWWORLD_SCENARIO_CITYSTATE_HURON_ADJ">
      <Text>Huron</Text>
    </Row>
    <Row Tag="TXT_KEY_NEWWORLD_SCENARIO_CITYSTATE_MUSCOGEE">
      <Text>Muscogee</Text>
    </Row>
    <Row Tag="TXT_KEY_NEWWORLD_SCENARIO_CITYSTATE_MUSCOGEE_ADJ">
      <Text>Muscogee</Text>
    </Row>
    <Row Tag="TXT_KEY_NEWWORLD_SCENARIO_CITYSTATE_WABANAKI">
      <Text>Wabanaki</Text>
    </Row>
    <Row Tag="TXT_KEY_NEWWORLD_SCENARIO_CITYSTATE_WABANAKI_ADJ">
      <Text>Wabanaki</Text>
    </Row>
    <Row Tag="TXT_KEY_NEWWORLD_SCENARIO_CITYSTATE_MAPUCHE">
      <Text>Mapuche</Text>
    </Row>
    <Row Tag="TXT_KEY_NEWWORLD_SCENARIO_CITYSTATE_MAPUCHE_ADJ">
      <Text>Mapuche</Text>
    </Row>
    <Row Tag="TXT_KEY_NEWWORLD_SCENARIO_CITYSTATE_ARAWAK">
      <Text>Arawak</Text>
    </Row>
    <Row Tag="TXT_KEY_NEWWORLD_SCENARIO_CITYSTATE_ARAWAK_ADJ">
      <Text>Arawak</Text>
    </Row>
    <Row Tag="TXT_KEY_NEWWORLD_SCENARIO_CITYSTATE_MAYA">
      <Text>Maya</Text>
    </Row>
    <Row Tag="TXT_KEY_NEWWORLD_SCENARIO_CITYSTATE_MAYA_ADJ">
      <Text>Maya</Text>
    </Row>
    <Row Tag="TXT_KEY_NEWWORLD_SCENARIO_CITYSTATE_YANOMAMI">
      <Text>Yanomami</Text>
    </Row>
    <Row Tag="TXT_KEY_NEWWORLD_SCENARIO_CITYSTATE_YANOMAMI_ADJ">
      <Text>Yanomami</Text>
    </Row>
    <Row Tag="TXT_KEY_NEWWORLD_SCENARIO_CITYSTATE_MUISCA">
      <Text>Muisca</Text>
    </Row>
    <Row Tag="TXT_KEY_NEWWORLD_SCENARIO_CITYSTATE_MUISCA_ADJ">
      <Text>Muisca</Text>
    </Row>
    <Row Tag="TXT_KEY_NEWWORLD_SCENARIO_CITYSTATE_HOPI">
      <Text>Hopi</Text>
    </Row>
    <Row Tag="TXT_KEY_NEWWORLD_SCENARIO_CITYSTATE_HOPI_ADJ">
      <Text>Hopi</Text>
    </Row>
    <Row Tag="TXT_KEY_NEWWORLD_SCENARIO_CITYSTATE_ANASAZI">
      <Text>Anasazi</Text>
    </Row>
    <Row Tag="TXT_KEY_NEWWORLD_SCENARIO_CITYSTATE_ANASAZI_ADJ">
      <Text>Anasazi</Text>
    </Row>
  </Language_en_US>
</GameData>