﻿<?xml version="1.0" encoding="utf-8"?>
<!-- edited with XMLSPY v2004 rel. 2 U (http://www.xmlspy.com) by Scott Lewis (Firaxis Games) -->
<!--Sid Meier's Civilization V -->
<!--Copyright Firaxis Games 2010 -->
<!--File created by Paul Murphy-->
<GameData>
  <Language_en_US>
    <!-- Eula Screen -->
    <Row Tag="TXT_KEY_MODDING_EULA_ACCEPT">
      <Text>Kabul et</Text>
    </Row>
    <Row Tag="TXT_KEY_MODDING_EULA_BODY">
      <Text>Civilization V Mod Veritabanina giris yapiyorsunuz.  Modlar, oyun deneyiminizi "degistiren" hayranlar tarafindan olusturulmus yazilim paketleridir.  [COLOR_WARNING_TEXT]MODLARI KENDI SORUMLULUGUNUZDA KULLANIRSINIZ[ENDCOLOR]. Kullanici tarafindan olusturulan bu içerigi incelemiyor, izlemiyoruz, desteklemiyor veya garanti etmiyoruz.  Modlari kullanmadan önce internetten dosya indirme konusunda normalde aldiginiz tüm önlemleri almalisiniz. Lütfen devam etmeden önce oyun kilavuzunuzu veya www.take2games.com\EULA adresinde bulunan belgeleri inceleyin.</Text>
    </Row>
    <Row Tag="TXT_KEY_MODDING_EULA_DECLINE">
      <Text>Düsüs</Text>
    </Row>
    <Row Tag="TXT_KEY_MODDING_EULA_TITLE">
      <Text>EULA</Text>
    </Row>
    <Row Tag="TXT_KEY_MODDING_DOWNLOAD_AGREEMENT">
      <Text>Bir Mod veya kullanici tarafindan olusturulmus yazilim paketi indirmek üzeresiniz.  Modlari kullanma riski size aittir.[NEWLINE][NEWLINE]2K Games ve Firaxis Games bu Modun yaraticilari degildir ve virüsler, solucanlar, truva atlari, kaydediciler veya diger kötü amaçli kodlar içerebilir.[NEWLINE][NEWLINE]Bu dosyayi indirerek, ilgili tüm riskleri kabul etmis ve 2K Games, Firaxis Games ve bagli kuruluslarini ve temsilcilerini bu dosyayi kullaniminizla ilgili her türlü sorumluluktan muaf tutmus olursunuz.</Text>
    </Row>
    <!-- Custom Game Menu -->
    <Row Tag="TXT_KEY_SELECT_CUSTOM_GAME">
      <Text>Özel bir oyun seçin</Text>
    </Row>
    <Row Tag="TXT_KEY_NO_CUSTOM_GAMES">
      <Text>ÖZEL OYUN YOK</Text>
    </Row>
    <Row Tag="TXT_KEY_SELECT_SCENARIO">
      <Text>Bir senaryo seçin</Text>
    </Row>
    <!-- Mods Menu -->
    <Row Tag="TXT_KEY_MODDING_SINGLE_PLAYER">
      <Text>TEK OYUNCU</Text>
    </Row>
    <Row Tag="TXT_KEY_MODDING_SINGLE_PLAYER_TT">
      <Text>Modlanmis bir tek kisilik oyun oynayin.</Text>
    </Row>
    <Row Tag="TXT_KEY_MODDING_CUSTOMGAME">
      <Text>ÖZEL OYUN</Text>
    </Row>
    <Row Tag="TXT_KEY_MODDING_CUSTOMGAME_TT">
      <Text>Modlari kullanarak özel bir oyun olusturun.</Text>
    </Row>
    <Row Tag="TXT_KEY_MODDING_SCENARIOS">
      <Text>SENARYOLAR</Text>
    </Row>
    <Row Tag="TXT_KEY_MODDING_SCENARIOS_TT">
      <Text>Bir senaryo oynayin.</Text>
    </Row>
    <Row Tag="TXT_KEY_MODDING_MAPS">
      <Text>OYUNU KURUN</Text>
    </Row>
    <Row Tag="TXT_KEY_MODDING_MAPS_TT">
      <Text>Özel bir harita oynayin.</Text>
    </Row>
    <Row Tag="TXT_KEY_MODDING_LOADGAME">
      <Text>OYUN YÜKLE</Text>
    </Row>
    <Row Tag="TXT_KEY_MODDING_SAVEDGAMES_TT">
      <Text>Önceden kaydedilmis bir oyunu oynayin.</Text>
    </Row>
    <Row Tag="TXT_KEY_MODDING_MULTIPLAYER">
      <Text>COK OYUNCULU</Text>
    </Row>
    <Row Tag="TXT_KEY_MODDING_MULTIPLAYER_TT">
      <Text>Modlanmis çok oyunculu bir oyun oynayin.</Text>
    </Row>
    <Row Tag="TXT_KEY_MODDING_BROWSER">
      <Text>MODLARA GÖZ ATIN</Text>
    </Row>
    <Row Tag="TXT_KEY_MODDING_BROWSER_TT">
      <Text>Yüklü\online modlarina göz atin.</Text>
    </Row>
    <Row Tag="TXT_KEY_MODDING_MAINMENU">
      <Text>ANA MENÜ</Text>
    </Row>
    <Row Tag="TXT_KEY_MODDING_MENU_BACK">
      <Text>GERI</Text>
    </Row>
    <Row Tag="TXT_KEY_MODDING_SETUP_TITLE">
      <Text>MODDING OYUN KURULUMU</Text>
    </Row>
    <Row Tag="TXT_KEY_MODDING_SCENARIO_TITLE">
      <Text>MODDING SENARYO KURULUMU</Text>
    </Row>
    <!-- Browser Tabs -->
    <Row Tag="TXT_KEY_MODDING_INSTALLED">
      <Text>Yüklendi</Text>
    </Row>
    <Row Tag="TXT_KEY_MODDING_ONLINE">
      <Text>Cevrimiçi</Text>
    </Row>
    <Row Tag="TXT_KEY_MODDING_DOWNLOADS">
      <Text>Indirmeler</Text>
    </Row>
    <Row Tag="TXT_KEY_MODDING_BACK">
      <Text>Geri</Text>
    </Row>
    <!-- Browser -->
    <Row Tag="TXT_KEY_MODDING_FILTER_LATEST_VERSION">
      <Text>Yalnizca en son sürümü göster</Text>
    </Row>
    <Row Tag="TXT_KEY_MODDING_DESCRIPTION">
      <Text>Açiklama</Text>
    </Row>
    <Row Tag="TXT_KEY_MODDING_FIRSTPAGE">
      <Text>Ilk sayfa</Text>
    </Row>
    <Row Tag="TXT_KEY_MODDING_PREVPAGE">
      <Text>Önceki sayfa</Text>
    </Row>
    <Row Tag="TXT_KEY_MODDING_NEXTPAGE">
      <Text>Sonraki sayfa</Text>
    </Row>
    <Row Tag="TXT_KEY_MODDING_LASTPAGE">
      <Text>Son sayfa</Text>
    </Row>
    <Row Tag="TXT_KEY_MODDING_ENABLEMOD">
      <Text>Etkinlestir</Text>
    </Row>
    <Row Tag="TXT_KEY_MODDING_DISABLEMOD">
      <Text>Devre disi birak</Text>
    </Row>
    <Row Tag="TXT_KEY_MODDING_UPDATEMOD">
      <Text>Güncelleme</Text>
    </Row>
    <Row Tag="TXT_KEY_MODDING_DOWNLOADMOD">
      <Text>Indir</Text>
    </Row>
    <Row Tag="TXT_KEY_MODDING_DELETEMOD">
      <Text>Silme</Text>
    </Row>
    <Row Tag="TXT_KEY_MODDING_UNSUBSCRIBE_MOD">
      <Text>Abonelikten çik</Text>
    </Row>
    <Row Tag="TXT_KEY_MODDING_UNSUBSCRIBE_CONFIRM">
      <Text>Bu modun aboneliginden çikmak istediginizden emin misiniz?  Bunu yaptiginizda mod bilgisayarinizdan kaldirilacaktir.</Text>
    </Row>
    <Row Tag="TXT_KEY_MODDING_NEXT">
      <Text>ILERI</Text>
    </Row>
    <Row Tag="TXT_KEY_MODDING_WORKSHOP">
      <Text>MODLARI GETIR</Text>
    </Row>
    <Row Tag="TXT_KEY_MODDING_WORKSHOP_TT">
      <Text>Steam kaplamasini açmak ve mevcut modlara göz atmak için tiklayin.</Text>
    </Row>
    <Row Tag="TXT_KEY_MODDING_ENABLEINSTRUCTIONS">
      <Text>Bir modu etkinlestirmek için, girisin sagindaki onay kutusu simgesine tiklayin.</Text>
    </Row>
    <Row Tag="TXT_KEY_MODDING_OPTIONS">
      <Text>Seçenekler...</Text>
    </Row>
    <Row Tag="TXT_KEY_MODDING_AUTOUPDATEMODS">
      <Text>Modlari otomatik güncelle</Text>
    </Row>
    <Row Tag="TXT_KEY_MODDING_SHOWDLCMODS">
      <Text>DLC modlarini göster</Text>
    </Row>
    <Row Tag="TXT_KEY_MODDING_SHOW_SCREENSHOT">
      <Text>Ekran Görüntüsü Görüntüleyiciyi Göster</Text>
    </Row>
    <Row Tag="TXT_KEY_MODDING_SCREENSHOT">
      <Text>EKRAN GÖRÜNTÜSÜ GÖRÜNTÜLEYICI</Text>
    </Row>
    <Row Tag="TXT_KEY_MODDING_REPORT">
      <Text>Ihlal Bildirimi</Text>
    </Row>
    <Row Tag="TXT_KEY_MODDING_REPORT_TITLE">
      <Text>Ihlal Rapor Formu</Text>
    </Row>
    <Row Tag="TXT_KEY_MODDING_REPORT_REASON">
      <Text>Lütfen rapor nedenini seçiniz:</Text>
    </Row>
    <Row Tag="TXT_KEY_MODDING_ADD_COMMENT">
      <Text>Ek Yorumlar:</Text>
    </Row>
    <Row Tag="TXT_KEY_MODDING_SUBMIT">
      <Text>Gönderiyorum...</Text>
    </Row>
    <Row Tag="TXT_KEY_MODDING_REPORT_SUBMITED">
      <Text>Raporunuzu gönderdiginiz için tesekkür ederiz.  Bir 2K temsilcisi bu sorunu kisa süre içinde ele alacaktir.</Text>
    </Row>
    <Row Tag="TXT_KEY_MODDING_LABELAUTHOR">
      <Text>Yazar(lar):</Text>
    </Row>
    <Row Tag="TXT_KEY_MODDING_LABELSPECIALTHANKS">
      <Text>Özel tesekkürler:</Text>
    </Row>
    <Row Tag="TXT_KEY_MODDING_LABELDOWNLOADS">
      <Text>Indirmeler:</Text>
    </Row>
    <Row Tag="TXT_KEY_MODDING_LABELRATING">
      <Text>Degerlendirme:</Text>
    </Row>
    <Row Tag="TXT_KEY_MODDING_LABELUPDATED">
      <Text>Son Güncelleme:</Text>
    </Row>
    <Row Tag="TXT_KEY_MODDING_LABELVERSION">
      <Text>Versiyon:</Text>
    </Row>
    <Row Tag="TXT_KEY_MODDING_LABELCATEGORIES">
      <Text>Kategoriler:</Text>
    </Row>
    <Row Tag="TXT_KEY_MODDING_LABELSTATUS">
      <Text>Durum:</Text>
    </Row>
    <Row Tag="TXT_KEY_MODDING_LABELTAGS">
      <Text>Etiket(ler):</Text>
    </Row>
    <Row Tag="TXT_KEY_MODDING_LABELSIZE">
      <Text>Boyut:</Text>
    </Row>
    <Row Tag="TXT_KEY_MODDING_LABELUPLOADEDBY">
      <Text>Tarafindan yüklendi:</Text>
    </Row>
    <Row Tag="TXT_KEY_MODDING_LABELSUPPORTSSINGLEPLAYER">
      <Text>Tek kisilik mi?</Text>
    </Row>
    <Row Tag="TXT_KEY_MODDING_LABELSUPPORTSMULTIPLAYER">
      <Text>Cok oyunculu mu?</Text>
    </Row>
    <Row Tag="TXT_KEY_MODDING_LABELAFFECTSSAVEDGAMES">
      <Text>Kaydedilen Oyunlari Etkiler mi?</Text>
    </Row>
    <Row Tag="TXT_KEY_MODDING_LABELYES">
      <Text>[COLOR_GREEN]Evet[ENDCOLOR]</Text>
    </Row>
    <Row Tag="TXT_KEY_MODDING_LABELNO">
      <Text>[COLOR_RED]Hayir[ENDCOLOR]</Text>
    </Row>
    <Row Tag="TXT_KEY_MODDING_NOMODSINSTALLED">
      <Text>Mod Yüklü Degil</Text>
    </Row>
    <Row Tag="TXT_KEY_MODDING_NOACTIVEDOWNLOADS">
      <Text>Indirecek bir sey yok.</Text>
    </Row>
    <Row Tag="TXT_KEY_MODDING_RESULTS_EMPTY">
      <Text>Mod bulunamadi.</Text>
    </Row>
    <Row Tag="TXT_KEY_MODDING_LIKE_IT">
      <Text>Sevdim bunu</Text>
    </Row>
    <Row Tag="TXT_KEY_MODDING_LIKE_IT_TOOLTIP">
      <Text>Olumlu bir puan verin.</Text>
    </Row>
    <Row Tag="TXT_KEY_MODDING_YOU_LIKE_IT">
      <Text>Hosuna gitti.</Text>
    </Row>
    <Row Tag="TXT_KEY_MODDING_YOU_LIKE_IT_TOOLTIP">
      <Text>Sen ve {1} {1: plural 1?other likes  other?others like } o.</Text>
    </Row>
    <Row Tag="TXT_KEY_MODDING_FLAG_MODERATION">
      <Text>Rapor</Text>
    </Row>
    <Row Tag="TXT_KEY_MODDING_FLAG_MODERATION_TOOLTIP">
      <Text>Saldirgan içerikleri veya Hizmet Kosullarini ihlal eden içerikleri bildirin.</Text>
    </Row>
    <Row Tag="TXT_KEY_MODDING_RATING">
      <Text>{1_Rating}</Text>
    </Row>
    <Row Tag="TXT_KEY_MODDING_MODSTATUS">
      <Text>Beta</Text>
    </Row>
    <Row Tag="TXT_KEY_MODDING_FLAG_DESCRIPTION">
      <Text>Hizmet Sartlarimizi (ToS) ihlal eden bir modu bize bildirmek için bu formu kullanin. Neyin rapor edilmesi gerektigini görmek için lütfen açiklamalari okuyun ve açilir menüden en yakin veya en uygun nedeni seçin. Neye izin verilip verilmedigi hakkinda daha fazla bilgi için lütfen Hizmet Sartlarimiza bakin.  Bir modun Hizmet Sartlari'ni ihlal ettigi tespit edilirse, kaldirilacaktir.  Bu form gönderimi 2KGames Hizmet Sartlari'na tabidir. Bu formun kötüye kullanilmasi (spam, yanlis raporlama, taciz) hesabinizin kalici olarak yasaklanmasina neden olabilir. Bu formun gönderilmesiyle ilgili tüm bilgiler kaydedilir.</Text>
    </Row>
    <Row Tag="TXT_KEY_MODDING_FLAG_NOREASON">
      <Text>Hiçbir neden seçilmedi</Text>
    </Row>
    <Row Tag="TXT_KEY_MODDING_FLAG_REASON_1">
      <Text>Telif Hakki veya Ticari Marka Ihlali</Text>
    </Row>
    <Row Tag="TXT_KEY_MODDING_FLAG_REASON_2">
      <Text>Kötü amaçli (virüs veya truva ati içeren)</Text>
    </Row>
    <Row Tag="TXT_KEY_MODDING_FLAG_REASON_3">
      <Text>Saldirgan Içerik</Text>
    </Row>
    <Row Tag="TXT_KEY_MODDING_FLAG_REASON_4">
      <Text>Diger</Text>
    </Row>
    <!-- Installer -->
    <Row Tag="TXT_KEY_MODDING_INSTALL_MODS">
      <Text>Modlari Yükleyin</Text>
    </Row>
    <Row Tag="TXT_KEY_MODDING_INSTALL_MODS_TT">
      <Text>Modlar kurulum için kullanilabilir.</Text>
    </Row>
    <Row Tag="TXT_KEY_MODDING_UPDATE_MOD">
      <Text>Güncelleme Modu</Text>
    </Row>
    <Row Tag="TXT_KEY_MODDING_UPDATE_MOD_TT">
      <Text>Modu {1_Version} sürümüne güncelleyin.</Text>
    </Row>
    <Row Tag="TXT_KEY_MODDING_UPDATE_MOD_LATEST_TT">
      <Text>Modu en son sürüme güncelleyin.</Text>
    </Row>
    <Row Tag="TXT_KEY_MODDING_MOD_EXCLUSIVE">
      <Text>Bu özel bir moddur.</Text>
    </Row>
    <Row Tag="TXT_KEY_MODDING_MOD_PARTIALLY_EXCLUSIVE">
      <Text>Bu kismen özel bir moddur.</Text>
    </Row>
    <Row Tag="TXT_KEY_MODS_IN_USE">
      <Text>Kullanilan modlar:</Text>
    </Row>
    <Row Tag="TXT_KEY_MODDING_DEPENDENCIES_HEADER">
      <Text>Bagimliliklar\Referanslar\Bloklar</Text>
    </Row>
    <Row Tag="TXT_KEY_MODDING_DEPENDSON">
      <Text>{1_ModName}'ye baglidir</Text>
    </Row>
    <Row Tag="TXT_KEY_MODDING_REFERENCES">
      <Text>Referanslar {1_ModName}</Text>
    </Row>
    <Row Tag="TXT_KEY_MODDING_BLOCKS">
      <Text>Bloklar {1_ModName}</Text>
    </Row>
    <Row Tag="TXT_KEY_MODDING_GAMEVERSION">
      <Text>{1_LowVersion} ve {2_HighVersion} arasindaki oyun sürümleri</Text>
    </Row>
    <Row Tag="TXT_KEY_MODDING_BLOCKS_ALL_OTHER_DLC">
      <Text>Diger tüm DLC'ler</Text>
    </Row>
    <Row Tag="TXT_KEY_MODDING_NOASSOCIATIONS">
      <Text>Hiçbiri</Text>
    </Row>
    <Row Tag="TXT_KEY_MODDING_UPDATE_ALL_MODS">
      <Text>Tüm Modlari Güncelle</Text>
    </Row>
    <Row Tag="TXT_KEY_MODDING_UPDATE_ALL_MODS_TT">
      <Text>Yüklü tüm modlari en son çevrimiçi sürüme güncelleyin.</Text>
    </Row>
    <Row Tag="TXT_KEY_MODDING_INSTALLER_INSTALLING">
      <Text>Modlari Yüklüyorum...</Text>
    </Row>
    <Row Tag="TXT_KEY_MODDING_INSTALLER_EXTRACTING">
      <Text>Dosyalari Cikarma...</Text>
    </Row>
    <Row Tag="TXT_KEY_MODDING_INSTALLER_COPYING">
      <Text>Dosya Kopyalama...</Text>
    </Row>
    <Row Tag="TXT_KEY_MODDING_INSTALLER_VERIFYING">
      <Text>Dosyalari Dogrulama...</Text>
    </Row>
    <Row Tag="TXT_KEY_MODDING_INSTALLER_FINISHED">
      <Text>Bitti!</Text>
    </Row>
    <Row Tag="TXT_KEY_MODDING_INSTALLER_VALIDATING">
      <Text>Modlari Dogrulama...</Text>
    </Row>
    <Row Tag="TXT_KEY_MODDING_INSTALLER_ERROR">
      <Text>Modlari yüklerken bir hata olustu.</Text>
    </Row>
    <!-- Downloads Page -->
    <Row Tag="TXT_KEY_MODDING_DOWNLOADER_NOTINITIALIZED">
      <Text>Microsoft BITS baslatilmadigi için indirme islemi gerçeklestirilemiyor.</Text>
    </Row>
    <Row Tag="TXT_KEY_MODDING_HEADING_NAME">
      <Text>Isim</Text>
    </Row>
    <Row Tag="TXT_KEY_MODDING_HEADING_DATESTARTED">
      <Text>Baslama Tarihi</Text>
    </Row>
    <Row Tag="TXT_KEY_MODDING_HEADING_STATE">
      <Text>Eyalet</Text>
    </Row>
    <Row Tag="TXT_KEY_MODDING_HEADING_PROGRESS">
      <Text>Ilerleme</Text>
    </Row>
    <Row Tag="TXT_KEY_MODDING_PAUSEDOWNLOAD">
      <Text>Duraklat</Text>
    </Row>
    <Row Tag="TXT_KEY_MODDING_RESUMEDOWNLOAD">
      <Text>Özgeçmis</Text>
    </Row>
    <Row Tag="TXT_KEY_MODDING_CANCELDOWNLOAD">
      <Text>Iptal</Text>
    </Row>
    <Row Tag="TXT_KEY_MODDING_CLOSEDOWNLOAD">
      <Text>Kapat</Text>
    </Row>
    <Row Tag="TXT_KEY_MODDING_DOWNLOADSTATUS_0">
      <Text>Sirada</Text>
    </Row>
    <Row Tag="TXT_KEY_MODDING_DOWNLOADSTATUS_1">
      <Text>Baglanti</Text>
    </Row>
    <Row Tag="TXT_KEY_MODDING_DOWNLOADSTATUS_2">
      <Text>Aktarma</Text>
    </Row>
    <Row Tag="TXT_KEY_MODDING_DOWNLOADSTATUS_3">
      <Text>Askiya alindi</Text>
    </Row>
    <Row Tag="TXT_KEY_MODDING_DOWNLOADSTATUS_4">
      <Text>Hata</Text>
    </Row>
    <Row Tag="TXT_KEY_MODDING_DOWNLOADSTATUS_5">
      <Text>Uyari</Text>
    </Row>
    <Row Tag="TXT_KEY_MODDING_DOWNLOADSTATUS_6">
      <Text>Transfer edildi</Text>
    </Row>
    <Row Tag="TXT_KEY_MODDING_DOWNLOADSTATUS_7">
      <Text>Tamamlandi</Text>
    </Row>
    <Row Tag="TXT_KEY_MODDING_DOWNLOADSTATUS_8">
      <Text>Iptal edildi</Text>
    </Row>
    <Row Tag="TXT_KEY_MODDING_HOVERFORDETAILS">
      <Text>{1_DownloadStatus} (Ayrintilar için farenin üzerine gelin)</Text>
    </Row>
    <Row Tag="TXT_KEY_MODDING_PROGRESSNA">
      <Text>n\a</Text>
    </Row>
    <Row Tag="TXT_KEY_MODDING_ALREADY_INSTALLED">
      <Text>ZATEN KURULU</Text>
    </Row>
    <Row Tag="TXT_KEY_MODDING_DOWNLOADING">
      <Text>INDIRME</Text>
    </Row>
    <Row Tag="TXT_KEY_MODDING_ERROR_INVALIDURL">
      <Text>GECERSIZ URL</Text>
    </Row>
    <Row Tag="TXT_KEY_MODDING_SORT_ENABLED">
      <Text>Etkin</Text>
    </Row>
    <Row Tag="TXT_KEY_MODDING_TITLE">
      <Text>Mod Baslik 1</Text>
    </Row>
    <Row Tag="TXT_KEY_MODDING_SORT_RECENTLY_INSTALLED">
      <Text>Yakin Zamanda Kuruldu</Text>
    </Row>
    <Row Tag="TXT_KEY_MODDING_CATEGORIES_HEADER">
      <Text>KATEGORILER</Text>
    </Row>
    <Row Tag="TXT_KEY_MODDING_CATEGORIES_ALL">
      <Text>Tümü</Text>
    </Row>
    <Row Tag="TXT_KEY_MODDING_SEARCH_TOOLTIP">
      <Text>Bir mod arayin.</Text>
    </Row>
    <Row Tag="TXT_KEY_MODDING_SORT_TITLE">
      <Text>Baslik</Text>
    </Row>
    <Row Tag="TXT_KEY_MODDING_SORT_NEWEST">
      <Text>En Yeni</Text>
    </Row>
    <Row Tag="TXT_KEY_MODDING_SORT_DOWNLOADS">
      <Text>Indirmeler</Text>
    </Row>
    <Row Tag="TXT_KEY_MODDING_SORT_RATING">
      <Text>Degerlendirme</Text>
    </Row>
    <Row Tag="TXT_KEY_MODDING_BROWSER_TITLE">
      <Text>Modlar</Text>
    </Row>
    <Row Tag="TXT_KEY_MODDING_PRIVACYPOLICY">
      <Text>Gizlilik Politikasi</Text>
    </Row>
    <Row Tag="TXT_KEY_MODDING_INSTALL_PROGRESS">
      <Text>{1_ProcessedFiles}\{2_TotalFiles}</Text>
    </Row>
    <Row Tag="TXT_KEY_MODDING_COPYRIGHT">
      <Text>Telif Hakki (c) 2010</Text>
    </Row>
    <Row Tag="TXT_KEY_MODDING_FILESIZE_GB">
      <Text>gb</Text>
    </Row>
    <Row Tag="TXT_KEY_MODDING_FILESIZE_MB">
      <Text>mb</Text>
    </Row>
    <Row Tag="TXT_KEY_MODDING_FILESIZE_KB">
      <Text>kb</Text>
    </Row>
    <Row Tag="TXT_KEY_MODDING_FILESIZE_B">
      <Text>b</Text>
    </Row>
    <Row Tag="TXT_KEY_MODDING_DETAILS_NOTHINGSELECTED">
      <Text>Hiçbir sey seçilmedi.</Text>
    </Row>
    <Row Tag="TXT_KEY_MODDING_ERROR_GENERIC">
      <Text>Bir hata olustu.</Text>
    </Row>
    <Row Tag="TXT_KEY_MODDING_ERROR_SERVICE_DISABLED">
      <Text>Hizmetler devre disi birakildi.</Text>
    </Row>
    <Row Tag="TXT_KEY_MODDING_ERROR_CONNECTION_TIMEOUT">
      <Text>Baglanti zaman asimina ugradi.</Text>
    </Row>
    <Row Tag="TXT_KEY_MODDING_ERROR_CONNECTION">
      <Text>Bir baglanti hatasi olustu.</Text>
    </Row>
    <Row Tag="TXT_KEY_MODDING_DATABASE_UNAVAILABLE">
      <Text>Mod veritabani geçici olarak kapali.</Text>
    </Row>
    <Row Tag="TXT_KEY_MODDING_ERROR_ALREADY_RATED">
      <Text>Bu modu zaten derecelendirdiniz.</Text>
    </Row>
    <Row Tag="TXT_KEY_MODDING_ERROR_REQUEST_CANCELLED">
      <Text>Talep iptal edildi.</Text>
    </Row>
    <Row Tag="TXT_KEY_MODDING_ERROR_HTTP_UNAUTHORIZED">
      <Text>HTTP 401 hatasi - Yetkisiz.</Text>
    </Row>
    <Row Tag="TXT_KEY_MODDING_ERROR_HTTP_FORBIDDEN">
      <Text>HTTP 403 hatasi - Yasak.</Text>
    </Row>
    <Row Tag="TXT_KEY_MODDING_ERROR_HTTP_FILE_NOT_FOUND">
      <Text>HTTP 404 hatasi - Dosya bulunamadi.</Text>
    </Row>
    <Row Tag="TXT_KEY_MODDING_ERROR_HTTP_REQUEST_REJECTED">
      <Text>HTTP 4XX hatasi - Istek reddedildi.</Text>
    </Row>
    <Row Tag="TXT_KEY_MODDING_ERROR_HTTP_SERVER_ERROR">
      <Text>HTTP 5xx hatasi - Sunucu hatasi.</Text>
    </Row>
    <Row Tag="TXT_KEY_MODDING_ERROR_SAVE_INCOMPATIBLE_MODS">
      <Text>[COLOR_RED]Su anda etkin olan modlar bu kayitli oyunla uyumlu degil. [ENDCOLOR]</Text>
    </Row>
    <Row Tag="TXT_KEY_MODDING_ERROR_SAVE_MISSING_MODS">
      <Text>[COLOR_RED]Gerekli tüm modlar yüklü degil. [ENDCOLOR]</Text>
    </Row>
    <Row Tag="TXT_KEY_MODDING_ERROR_SAVE_MISSING_DLC">
      <Text>[COLOR_RED]Gerekli DLC mevcut degil.[ENDCOLOR]</Text>
    </Row>
    <Row Tag="TXT_KEY_MODDING_ERROR_SAVE_DLC_NOT_PURCHASED">
      <Text>[COLOR_RED]Gerekli DLC satin alinmadi.[ENDCOLOR]</Text>
    </Row>
    <Row Tag="TXT_KEY_MODDING_MOD_VERSION_ALREADY_ENABLED">
      <Text>[COLOR_RED]Bu modun baska bir sürümü zaten etkinlestirildi. [ENDCOLOR]</Text>
    </Row>
    <Row Tag="TXT_KEY_MODDING_MOD_BLOCKED_BY_OTHER_MOD">
      <Text>[COLOR_RED]Mod baska bir mod tarafindan engelleniyor [ENDCOLOR]</Text>
    </Row>
    <Row Tag="TXT_KEY_MODDING_MOD_MISSING_DEPENDENCIES">
      <Text>[COLOR_RED]Modun gerekli bagimliliklari eksik.[ENDCOLOR]</Text>
    </Row>
    <Row Tag="TXT_KEY_MODDING_MOD_HAS_EXCLUSIVITY_CONFLICTS">
      <Text>[COLOR_RED]Mod münhasirlik tarafindan engellenmistir. [ENDCOLOR]</Text>
    </Row>
    <Row Tag="TXT_KEY_MODDING_MOD_BAD_GAMEVERSION">
      <Text>[COLOR_RED]Oyunun bu sürümü bu mod ile uyumlu degildir.[ENDCOLOR]</Text>
    </Row>
    <Row Tag="TXT_KEY_INVALID_MAP_TITLE">
      <Text>[COLOR_RED]{1_MapName}[ENDCOLOR]</Text>
    </Row>
    <Row Tag="TXT_KEY_INVALID_MAP_DESC">
      <Text>Geçersiz Harita Dosyasi</Text>
    </Row>
    <!-- Modding Categores -->
    <Row Tag="TXT_KEY_MODDING_CATEGORY_1">
      <Text>Toplam Dönüsüm</Text>
    </Row>
    <Row Tag="TXT_KEY_MODDING_CATEGORY_5">
      <Text>Oyun Kurallari</Text>
    </Row>
    <Row Tag="TXT_KEY_MODDING_CATEGORY_6">
      <Text>Leaderheads</Text>
    </Row>
    <Row Tag="TXT_KEY_MODDING_CATEGORY_7">
      <Text>Kullanici Arayüzü</Text>
    </Row>
    <Row Tag="TXT_KEY_MODDING_CATEGORY_11">
      <Text>Medeniyetler</Text>
    </Row>
    <Row Tag="TXT_KEY_MODDING_CATEGORY_12">
      <Text>Grafikler</Text>
    </Row>
    <Row Tag="TXT_KEY_MODDING_CATEGORY_20">
      <Text>Arazi</Text>
    </Row>
    <Row Tag="TXT_KEY_MODDING_CATEGORY_23">
      <Text>Birimler</Text>
    </Row>
    <Row Tag="TXT_KEY_MODDING_CATEGORY_32">
      <Text>Senaryolar</Text>
    </Row>
    <Row Tag="TXT_KEY_MODDING_CATEGORY_41">
      <Text>Haritalar</Text>
    </Row>
    <Row Tag="TXT_KEY_MODDING_CATEGORY_45">
      <Text>Harita Komut Dosyalari</Text>
    </Row>
    <Row Tag="TXT_KEY_MODDING_CATEGORY_53">
      <Text>Sehir Yapilari</Text>
    </Row>
    <Row Tag="TXT_KEY_MODDING_CATEGORY_57">
      <Text>Diger</Text>
    </Row>
    <Row Tag="TXT_KEY_MODDING_CATEGORY_2">
      <Text>Tarihsel</Text>
    </Row>
    <Row Tag="TXT_KEY_MODDING_CATEGORY_3">
      <Text>Bilim Kurgu</Text>
    </Row>
    <Row Tag="TXT_KEY_MODDING_CATEGORY_4">
      <Text>Fantezi</Text>
    </Row>
    <Row Tag="TXT_KEY_MODDING_CATEGORY_49">
      <Text>Tarihsel</Text>
    </Row>
    <Row Tag="TXT_KEY_MODDING_CATEGORY_50">
      <Text>Kurgusal</Text>
    </Row>
    <Row Tag="TXT_KEY_MODDING_CATEGORY_8">
      <Text>Deriler</Text>
    </Row>
    <Row Tag="TXT_KEY_MODDING_CATEGORY_9">
      <Text>Widget'lar</Text>
    </Row>
    <Row Tag="TXT_KEY_MODDING_CATEGORY_10">
      <Text>Diger</Text>
    </Row>
    <Row Tag="TXT_KEY_MODDING_CATEGORY_51">
      <Text>Tarihsel</Text>
    </Row>
    <Row Tag="TXT_KEY_MODDING_CATEGORY_52">
      <Text>Kurgusal</Text>
    </Row>
    <Row Tag="TXT_KEY_MODDING_CATEGORY_13">
      <Text>Arazi</Text>
    </Row>
    <Row Tag="TXT_KEY_MODDING_CATEGORY_14">
      <Text>Birimler</Text>
    </Row>
    <Row Tag="TXT_KEY_MODDING_CATEGORY_15">
      <Text>Sehirler</Text>
    </Row>
    <Row Tag="TXT_KEY_MODDING_CATEGORY_16">
      <Text>Kaynaklar</Text>
    </Row>
    <Row Tag="TXT_KEY_MODDING_CATEGORY_17">
      <Text>Iyilestirmeler</Text>
    </Row>
    <Row Tag="TXT_KEY_MODDING_CATEGORY_18">
      <Text>Liderler</Text>
    </Row>
    <Row Tag="TXT_KEY_MODDING_CATEGORY_21">
      <Text>Iyilestirmeler</Text>
    </Row>
    <Row Tag="TXT_KEY_MODDING_CATEGORY_22">
      <Text>Kaynaklar</Text>
    </Row>
    <Row Tag="TXT_KEY_MODDING_CATEGORY_24">
      <Text>Antik Birimler</Text>
    </Row>
    <Row Tag="TXT_KEY_MODDING_CATEGORY_25">
      <Text>Ortaçag Birimleri</Text>
    </Row>
    <Row Tag="TXT_KEY_MODDING_CATEGORY_26">
      <Text>Rönesans Birimleri</Text>
    </Row>
    <Row Tag="TXT_KEY_MODDING_CATEGORY_27">
      <Text>Endüstriyel Birimler</Text>
    </Row>
    <Row Tag="TXT_KEY_MODDING_CATEGORY_28">
      <Text>Modern Üniteler</Text>
    </Row>
    <Row Tag="TXT_KEY_MODDING_CATEGORY_29">
      <Text>Bilim Kurgu Birimleri</Text>
    </Row>
    <Row Tag="TXT_KEY_MODDING_CATEGORY_30">
      <Text>Fantezi Birimleri</Text>
    </Row>
    <Row Tag="TXT_KEY_MODDING_CATEGORY_31">
      <Text>Diger Birimler</Text>
    </Row>
    <Row Tag="TXT_KEY_MODDING_CATEGORY_33">
      <Text>Antik Senaryolar</Text>
    </Row>
    <Row Tag="TXT_KEY_MODDING_CATEGORY_34">
      <Text>Ortaçag Senaryolari</Text>
    </Row>
    <Row Tag="TXT_KEY_MODDING_CATEGORY_35">
      <Text>Rönesans Senaryolari</Text>
    </Row>
    <Row Tag="TXT_KEY_MODDING_CATEGORY_36">
      <Text>Endüstriyel Senaryolar</Text>
    </Row>
    <Row Tag="TXT_KEY_MODDING_CATEGORY_37">
      <Text>Modern Senaryolar</Text>
    </Row>
    <Row Tag="TXT_KEY_MODDING_CATEGORY_38">
      <Text>Bilim Kurgu Senaryolari</Text>
    </Row>
    <Row Tag="TXT_KEY_MODDING_CATEGORY_39">
      <Text>Fantastik Senaryolar</Text>
    </Row>
    <Row Tag="TXT_KEY_MODDING_CATEGORY_40">
      <Text>Diger Senaryolar</Text>
    </Row>
    <Row Tag="TXT_KEY_MODDING_CATEGORY_42">
      <Text>Tarihi Haritalar</Text>
    </Row>
    <Row Tag="TXT_KEY_MODDING_CATEGORY_43">
      <Text>Kurgusal Haritalar</Text>
    </Row>
    <Row Tag="TXT_KEY_MODDING_CATEGORY_44">
      <Text>Cok Oyunculu Haritalar</Text>
    </Row>
    <Row Tag="TXT_KEY_MODDING_CATEGORY_46">
      <Text>Tarihi Haritalar</Text>
    </Row>
    <Row Tag="TXT_KEY_MODDING_CATEGORY_47">
      <Text>Kurgusal Haritalar</Text>
    </Row>
    <Row Tag="TXT_KEY_MODDING_CATEGORY_48">
      <Text>Cok Oyunculu Haritalar</Text>
    </Row>
    <Row Tag="TXT_KEY_MODDING_CATEGORY_54">
      <Text>Binalar</Text>
    </Row>
    <Row Tag="TXT_KEY_MODDING_CATEGORY_55">
      <Text>Harikalar</Text>
    </Row>
    <Row Tag="TXT_KEY_MODDING_CATEGORY_56">
      <Text>Projeler</Text>
    </Row>
  </Language_en_US>
</GameData>