﻿<?xml version="1.0" encoding="utf-8"?>
<!--Sid Meier's Civilization V -->
<!--Copyright Firaxis Games 2010 -->
<GameData>
  <Language_en_US>
    <!--General phrases -->
    <!--Greeting (first time meeting) -->
    <Row Tag="TXT_KEY_LEADER_PACHACUTI_FIRSTGREETING_1">
      <Text>Selamlar. Ben Pachacuti, gezegendeki en asil, en güçlü ve en güzel insanlar olan Inkalarin hükümdariyim. Daha asagi uygarliklarin Pachacuti'leriyle tanismaktan her zaman mutluluk duyarim!</Text>
    </Row>
    <Row Tag="TXT_KEY_LEADER_PACHACUTI_FIRSTGREETING_2">
      <Text>Selamlar, Yabanci! Ben Pachacuti, Inkalilarin Pachacuti'siyim. Bizimle tanistiginiz için ne kadar onur duysaniz azdir.</Text>
    </Row>
    <Row Tag="TXT_KEY_LEADER_PACHACUTI_FIRSTGREETING_3">
      <Text>Selamlar, Yabanci. Ben Pachacuti, essiz Inkanlarin hükümdariyim. Sizin asagi uygarliginiza yardimci olabilecegimiz herhangi bir yol varsa lütfen sormaktan çekinmeyin.</Text>
    </Row>
    <!--Reacts to his bluff being called -->
    <Row Tag="TXT_KEY_LEADER_PACHACUTI_WARBLUFF_1">
      <Text>Pekala. Sana merhamet gösterecegiz. Simdilik.</Text>
    </Row>
    <Row Tag="TXT_KEY_LEADER_PACHACUTI_WARBLUFF_2">
      <Text>Pekala. Bir dahaki sefere bu kadar kibar olmayacagim!</Text>
    </Row>
    <Row Tag="TXT_KEY_LEADER_PACHACUTI_WARBLUFF_3">
      <Text>Gerçekten mi? Bu dar görüslülügünüzden pismanlik duyacak kadar yasamayacaginiza inaniyorum.</Text>
    </Row>
    <!--Gloats after winning a war -->
    <Row Tag="TXT_KEY_LEADER_PACHACUTI_WINWAR_1">
      <Text>Gerçekten kudretli Inka Imparatorlugu'nu yenebilecegini mi sandin? Seni zavalli kandirilmis aptal  neredeyse senin için üzülecegim.</Text>
    </Row>
    <!--Submissive after losing a war -->
    <Row Tag="TXT_KEY_LEADER_PACHACUTI_LOSEWAR_1">
      <Text>Sasirtici derecede iyi is çikardin. Belli ki beni yakindan inceliyorsun.</Text>
    </Row>
    <!--Defeated and removed from game -->
    <Row Tag="TXT_KEY_LEADER_PACHACUTI_DEFEATED_1">
      <Text>Bu inanilmaz! Bu gerçek olamaz! Rüya görüyor olmaliyim! Yakinda uyanacagim ve bu kabus sona erecek.</Text>
    </Row>
    <Row Tag="TXT_KEY_LEADER_PACHACUTI_DEFEATED_2">
      <Text>Yenildim mi? Ama bu nasil oldu? Belli ki ihanete ugradim!</Text>
    </Row>
    <Row Tag="TXT_KEY_LEADER_PACHACUTI_DEFEATED_3">
      <Text>Bu olamaz. Büyüklügüm, parlakligim, hepsi senin tarafindan mi mahvedildi? Birinin bana bir açiklama borcu var!</Text>
    </Row>
    <!--Neutral -->
    <!--Greetings (subsequent meetings) -->
    <Row Tag="TXT_KEY_LEADER_PACHACUTI_GREETING_1">
      <Text>Hos geldiniz.</Text>
    </Row>
    <Row Tag="TXT_KEY_LEADER_PACHACUTI_GREETING_2">
      <Text>Merhaba.</Text>
    </Row>
    <!--Goodbye -->
    <Row Tag="TXT_KEY_LEADER_PACHACUTI_GOODBYE_1">
      <Text>Elveda.</Text>
    </Row>
    <Row Tag="TXT_KEY_LEADER_PACHACUTI_GOODBYE_2">
      <Text>Güle güle.</Text>
    </Row>
    <!--Trade offer from player - yes -->
    <Row Tag="TXT_KEY_LEADER_PACHACUTI_TRADE_YES_NEUTRAL">
      <Text>Kesinlikle. Daha küçük uygarliklarla ticaret yapmaktan her zaman mutluluk duyariz.</Text>
    </Row>
    <!--Trade offer from player - sweeten the deal -->
    <Row Tag="TXT_KEY_LEADER_PACHACUTI_TRADE_NEEDMORE_NEUTRAL_1">
      <Text>Bizi kandirmaya çalismiyorsun, degil mi? Bu çok büyük bir hata olur. Teklifinizi gelistirmelisiniz.</Text>
    </Row>
    <Row Tag="TXT_KEY_LEADER_PACHACUTI_TRADE_NEEDMORE_NEUTRAL_2">
      <Text>Biraz daha iyisini yapabilir misin?</Text>
    </Row>
    <Row Tag="TXT_KEY_LEADER_PACHACUTI_TRADE_NEEDMORE_NEUTRAL_3">
      <Text>Bu yeterince iyi degil.</Text>
    </Row>
    <Row Tag="TXT_KEY_LEADER_PACHACUTI_TRADE_NEEDMORE_NEUTRAL_4">
      <Text>Neredeyse...</Text>
    </Row>
    <!--Trade offer from player - no -->
    <Row Tag="TXT_KEY_LEADER_PACHACUTI_TRADE_NO_NEUTRAL">
      <Text>Gerçekten medeniyetinizin bize sunabilecegi bir sey oldugunu düsünüyor musunuz?</Text>
    </Row>
    <!--Demand for tribute from player - yes -->
    <Row Tag="TXT_KEY_LEADER_PACHACUTI_TRIBUTE_YES_NEUTRAL">
      <Text>Daha küçük uygarliklara yardim etmekten her zaman mutluluk duyariz!</Text>
    </Row>
    <!--Demand for tribute from player - no -->
    <Row Tag="TXT_KEY_LEADER_PACHACUTI_TRIBUTE_NO_NEUTRAL">
      <Text>Açgözlülügünüz ancak kibrinizle asilabilir. Saçma taleplerinizi reddediyoruz.</Text>
    </Row>
    <!--Requests a trade -->
    <Row Tag="TXT_KEY_LEADER_PACHACUTI_TRADEREQUEST_NEUTRAL">
      <Text>Inka halki size bu son derece adil ticareti teklif ediyor.</Text>
    </Row>
    <!--Demands tribute -->
    <Row Tag="TXT_KEY_LEADER_PACHACUTI_DEMANDTRIBUTE_NEUTRAL">
      <Text>Dostlugumuz ve korumamiz için Inkalilara borcumuzu ödemenin zamani geldi. Bizi hayal kirikligina ugratmayin.</Text>
    </Row>
    <!--Agrees -->
    <Row Tag="TXT_KEY_LEADER_PACHACUTI_AGREE_SHORT_1">
      <Text>Tamam.</Text>
    </Row>
    <Row Tag="TXT_KEY_LEADER_PACHACUTI_AGREE_SHORT_2">
      <Text>Cok iyi.</Text>
    </Row>
    <!--Disagrees -->
    <Row Tag="TXT_KEY_LEADER_PACHACUTI_DISAGREE_SHORT_1">
      <Text>Kesinlikle hayir.</Text>
    </Row>
    <Row Tag="TXT_KEY_LEADER_PACHACUTI_DISAGREE_SHORT_2">
      <Text>Hayir.</Text>
    </Row>
    <!--Let's hear it -->
    <Row Tag="TXT_KEY_LEADER_PACHACUTI_LETSHEARIT_1">
      <Text>Dinliyorum.</Text>
    </Row>
    <Row Tag="TXT_KEY_LEADER_PACHACUTI_LETSHEARIT_2">
      <Text>Evet mi?</Text>
    </Row>
    <!--Happy -->
    <!--Greetings (subsequent meetings) -->
    <Row Tag="TXT_KEY_LEADER_PACHACUTI_GREETING_3">
      <Text>Selamlar.</Text>
    </Row>
    <Row Tag="TXT_KEY_LEADER_PACHACUTI_GREETING_4">
      <Text>Iyi günler.</Text>
    </Row>
    <!--Goodbye -->
    <Row Tag="TXT_KEY_LEADER_PACHACUTI_GOODBYE_3">
      <Text>Tekrar görüsene kadar.</Text>
    </Row>
    <Row Tag="TXT_KEY_LEADER_PACHACUTI_GOODBYE_4">
      <Text>Güle güle.</Text>
    </Row>
    <!--Trade offer from player - yes -->
    <Row Tag="TXT_KEY_LEADER_PACHACUTI_TRADE_YES_HAPPY">
      <Text>Ne mükemmel bir fikir! Bir lider olarak büyük umut vaat ediyorsunuz.</Text>
    </Row>
    <!--Trade offer from player - sweeten the deal -->
    <Row Tag="TXT_KEY_LEADER_PACHACUTI_TRADE_NEEDMORE_HAPPY_1">
      <Text>Yüksek matematigin zor olabilecegini biliyorum dostum, ama bu takas adil degil. Teklifinizi gelistirmeniz gerekecek.</Text>
    </Row>
    <Row Tag="TXT_KEY_LEADER_PACHACUTI_TRADE_NEEDMORE_HAPPY_2">
      <Text>Yapabileceginin en iyisi bu mu?</Text>
    </Row>
    <Row Tag="TXT_KEY_LEADER_PACHACUTI_TRADE_NEEDMORE_HAPPY_3">
      <Text>Neredeyse vardin.</Text>
    </Row>
    <!--Trade offer from player - no -->
    <Row Tag="TXT_KEY_LEADER_PACHACUTI_TRADE_NO_HAPPY">
      <Text>Korkarim ki teklifiniz kabul edilemez, dostum.</Text>
    </Row>
    <!--Demand for tribute from player - yes -->
    <Row Tag="TXT_KEY_LEADER_PACHACUTI_TRIBUTE_YES_HAPPY">
      <Text>Kesinlikle, dostum! Yardimimiz olmadan hayatta kalamayacaginiz çok açik.</Text>
    </Row>
    <!--Demand for tribute from player - no -->
    <Row Tag="TXT_KEY_LEADER_PACHACUTI_TRIBUTE_NO_HAPPY">
      <Text>Ne yazik ki! Korkarim ki isteginizi yerine getiremeyecegiz. Su anda yardimimiz olmadan idare etmeye çalismaniz gerekecek.</Text>
    </Row>
    <!--Demands tribute -->
    <Row Tag="TXT_KEY_LEADER_PACHACUTI_DEMANDTRIBUTE_HAPPY">
      <Text>Dostum, inanmasi ne kadar zor olsa da, Inka halkinin yardiminiza ihtiyaci var. Bizi reddetmeyeceginize inaniyorum.</Text>
    </Row>
    <!--Requests a trade -->
    <Row Tag="TXT_KEY_LEADER_PACHACUTI_TRADEREQUEST_HAPPY">
      <Text>Dostum, bu ticaretin her iki halk için de faydali olacagina inaniyorum.</Text>
    </Row>
    <!--Agrees -->
    <Row Tag="TXT_KEY_LEADER_PACHACUTI_AGREE_SHORT_3">
      <Text>Kesinlikle.</Text>
    </Row>
    <!--Disagrees -->
    <Row Tag="TXT_KEY_LEADER_PACHACUTI_DISAGREE_SHORT_3">
      <Text>Reddediyoruz.</Text>
    </Row>
    <Row Tag="TXT_KEY_LEADER_PACHACUTI_DISAGREE_SHORT_4">
      <Text>Tabii ki hayir.</Text>
    </Row>
    <!--Let's hear it -->
    <Row Tag="TXT_KEY_LEADER_PACHACUTI_LETSHEARIT_3">
      <Text>Devam edin.</Text>
    </Row>
    <Row Tag="TXT_KEY_LEADER_PACHACUTI_LETSHEARIT_4">
      <Text>Ne diyordun?</Text>
    </Row>
    <!--Angry -->
    <!--Greetings (subsequent meetings) -->
    <Row Tag="TXT_KEY_LEADER_PACHACUTI_GREETING_5">
      <Text>Oh, sensin.</Text>
    </Row>
    <Row Tag="TXT_KEY_LEADER_PACHACUTI_GREETING_6">
      <Text>Ne istiyorsun?</Text>
    </Row>
    <!--Goodbye -->
    <Row Tag="TXT_KEY_LEADER_PACHACUTI_GOODBYE_5">
      <Text>Hepsi bu kadar.</Text>
    </Row>
    <Row Tag="TXT_KEY_LEADER_PACHACUTI_GOODBYE_6">
      <Text>Buradaki isimiz bitti.</Text>
    </Row>
    <!--Trade offer from player - yes -->
    <Row Tag="TXT_KEY_LEADER_PACHACUTI_TRADE_YES_ANGRY">
      <Text>Mantikli görünüyor. Bunu düsünmene sasirdim.</Text>
    </Row>
    <!--Trade offer from player - sweeten the deal -->
    <Row Tag="TXT_KEY_LEADER_PACHACUTI_TRADE_NEEDMORE_ANGRY_1">
      <Text>'Adil ticaret' kavramini anliyor musunuz? Teklifiniz çok hafif: bunu gelistirmelisiniz.</Text>
    </Row>
    <Row Tag="TXT_KEY_LEADER_PACHACUTI_TRADE_NEEDMORE_ANGRY_2">
      <Text>Bu yeterince iyi degil.</Text>
    </Row>
    <Row Tag="TXT_KEY_LEADER_PACHACUTI_TRADE_NEEDMORE_ANGRY_3">
      <Text>Bundan daha iyisini yapmalisin.</Text>
    </Row>
    <!--Trade offer from player - no -->
    <Row Tag="TXT_KEY_LEADER_PACHACUTI_TRADE_NO_ANGRY">
      <Text>Tipki sizin gibi, teklifiniz de saldirgan.</Text>
    </Row>
    <!--Demand for tribute from player - yes -->
    <Row Tag="TXT_KEY_LEADER_PACHACUTI_TRIBUTE_YES_ANGRY">
      <Text>Cok iyi. Umarim bogulursunuz!"</Text>
    </Row>
    <!--Demand for tribute from player - no -->
    <Row Tag="TXT_KEY_LEADER_PACHACUTI_TRIBUTE_NO_ANGRY">
      <Text>Deli misin sen?</Text>
    </Row>
    <!--Demands tribute -->
    <Row Tag="TXT_KEY_LEADER_PACHACUTI_DEMANDTRIBUTE_ANGRY">
      <Text>Bize istedigimizi verin ve belki de cahil medeniyetiniz biraz bilgelik ögrenmek için hayatta kalir.</Text>
    </Row>
    <!--Requests a trade -->
    <Row Tag="TXT_KEY_LEADER_PACHACUTI_TRADEREQUEST_ANGRY">
      <Text>Inka halki sizin geri kalmis halkiniza bu takasi nezaketle teklif ediyor.</Text>
    </Row>
    <!--Agrees -->
    <Row Tag="TXT_KEY_LEADER_PACHACUTI_AGREE_SHORT_4">
      <Text>Oh, çok iyi.</Text>
    </Row>
    <!--Disagrees -->
    <Row Tag="TXT_KEY_LEADER_PACHACUTI_DISAGREE_SHORT_5">
      <Text>Pardon?</Text>
    </Row>
    <Row Tag="TXT_KEY_LEADER_PACHACUTI_DISAGREE_SHORT_6">
      <Text>Bu kabul edilemez.</Text>
    </Row>
    <Row Tag="TXT_KEY_LEADER_PACHACUTI_DISAGREE_SHORT_7">
      <Text>Ciddi olamazsin!</Text>
    </Row>
    <!--Let's hear it -->
    <Row Tag="TXT_KEY_LEADER_PACHACUTI_LETSHEARIT_5">
      <Text>Ve?</Text>
    </Row>
    <Row Tag="TXT_KEY_LEADER_PACHACUTI_DECLAREWAR_1">
      <Text>Halkiniz geri ve ilkel kalmaya devam ediyor. Açikça görülüyor ki rejim degisikligi sart. Savasa hazirlanin!</Text>
    </Row>
    <Row Tag="TXT_KEY_LEADER_PACHACUTI_DECLAREWAR_2">
      <Text>Ilkel halkiniza bir iyilik yapip onlari Inka imparatorluguna getirecegim. Savasa hazirlanin!</Text>
    </Row>
    <Row Tag="TXT_KEY_LEADER_PACHACUTI_DECLAREWAR_3">
      <Text>Direnis nafile! Kudretli Inka imparatorluguna karsi durmayi umut edemezsiniz. Eger hemen teslim olmayacaksaniz, savasa hazirlanin!</Text>
    </Row>
    <Row Tag="TXT_KEY_LEADER_PACHACUTI_ATTACKED_1">
      <Text>Sizden daha iyisini beklemiyordum. Bizi hazirliksiz bulmayacaksin.</Text>
    </Row>
    <Row Tag="TXT_KEY_LEADER_PACHACUTI_ATTACKED_2">
      <Text>Bana savas mi ilan edeceksin?!? Yapamazsin, çünkü önce ben sana savas ilan ederim!</Text>
    </Row>
    <Row Tag="TXT_KEY_LEADER_PACHACUTI_ATTACKED_3">
      <Text>Seni umutsuz solucan. Essiz Inka imparatorlugunu tehdit etmeye nasil cüret edersin!</Text>
    </Row>
  </Language_en_US>
</GameData>