﻿<?xml version="1.0" encoding="utf-8"?>
<GameData>
  <EnglishText>
    <!-- Admirals -->
    <Row Tag="LOC_GREATPERSON_YI_SUN_SIN_EXPANSION2_ACTIVE">
      <Text>Anında 1 terfi seviyesine sahip bir Demirkılıç birimi oluşturur. Dönüş başına 1 [ICON_RESOURCE_Coal] Kömür verir</Text>
    </Row>
    <Row Tag="LOC_GREATPERSON_FRANZ_VON_HIPPER_EXPANSION2_ACTIVE">
      <Text>Anında 1 terfi seviyesine sahip bir Savaş Gemisi birimi oluşturur. Dönüş başına 1 [ICON_RESOURCE_Coal] Kömür verir.</Text>
    </Row>
    <Row Tag="LOC_GREATPERSON_CHESTER_NIMITZ_EXPANSION2_ACTIVE">
      <Text>Anında 1 terfi seviyesine sahip bir Denizaltı birimi oluşturur. Dönüş başına 1 [ICON_RESOURCE_Oil] Petrol verir. Deniz Akıncısı terfi sınıfındaki birimlere +%20 [ICON_Production] Üretim.</Text>
    </Row>
    <Row Tag="LOC_GREATPERSON_ZHENG_HE_EXPANSION2_ACTIVE">
      <Text>Bu şehirde ücretsiz bir Tüccar birimi verir ve [ICON_TradeRoute] Ticaret Yolu kapasitesini 1 artırır. Bu şehre giden Yabancı [ICON_TradeRoute] Ticaret Yolları her iki şehre de +2 [ICON_Gold] Altın sağlar.</Text>
    </Row>
    <Row Tag="LOC_GREATPERSON_RAJENDRA_CHOLA_EXPANSION2_ACTIVE">
      <Text>Tüm deniz birimleri için +3 [ICON_Strength] Savaş Gücü.</Text>
    </Row>
    <Row Tag="LOC_GREATPERSON_LEIF_ERIKSON_EXPANSION2_ACTIVE">
      <Text>Tüm deniz birimleri için +1 görüş menzili. Tüm deniz birimlerinin normal teknoloji gereksinimi olmadan okyanus karoları üzerinde hareket etmesini sağlar.</Text>
    </Row>
    <Row Tag="LOC_GREATPERSON_CHING_SHIH_EXPANSION2_ACTIVE">
      <Text>500 [ICON_Gold] Altın kazanın (Standart hızda). Askeri birimler deniz [ICON_TradeRoute] Ticaret Yollarını yağmaladıklarında +%60 ödül alırlar.</Text>
    </Row>
    <Row Tag="LOC_GREATPERSON_THEMISTOCLES_EXPANSION2_ACTIVE">
      <Text>Anında bir Quadrireme birimi oluşturur. Deniz Menzilli terfi sınıfındaki birimlere yönelik +%20 [ICON_Production] Üretim.</Text>
    </Row>
    <Row Tag="LOC_GREATPERSON_FRANCIS_DRAKE_EXPANSION2_ACTIVE">
      <Text>Anında 1 terfi seviyesine sahip bir Özel Kuvvet birimi oluşturur. Askeri birimler deniz [ICON_TradeRoute] Ticaret Yollarını yağmaladıklarında +%50 ödül alırlar.</Text>
    </Row>
    <Row Tag="LOC_GREATPERSON_HORATIO_NELSON_EXPANSION2_ACTIVE">
      <Text>Bu bölgede anında bir Deniz Feneri ve Tersane inşa eder. Tüm donanma birimleri için +%50 kuşatma bonusu.</Text>
    </Row>
    <Row Tag="LOC_GREATPERSON_GRACE_HOPPER_EXPANSION2_ACTIVE">
      <Text>Rastgele seçilen 2 ücretsiz teknoloji kazanın.</Text>
    </Row>
    <!-- Generals -->
    <Row Tag="LOC_GREATPERSON_DOUGLAS_MACARTHUR_EXPANSION2_ACTIVE">
      <Text>Anında 1 terfi seviyesine sahip bir Tank birimi oluşturur. Dönüş başına 1 [ICON_RESOURCE_Oil] Yağ verir.</Text>
    </Row>
    <!-- Merchants -->
    <Row Tag="LOC_GREATPERSON_JOHN_ROCKEFELLER_EXPANSION2_ACTIVE">
      <Text>Dönüş başına 3 [ICON_RESOURCE_OIL] Petrol verir. [ICON_TradeRoute] Ticaret Yollarınız, hedef şehirdeki her Stratejik kaynak için +2 [ICON_Gold] Altın kazanır.</Text>
    </Row>
  </EnglishText>
</GameData>