﻿<?xml version="1.0" encoding="utf-8"?>
<!-- edited with XMLSPY v2004 rel. 2 U (http://www.xmlspy.com) by Ed Beach (Firaxis Games) -->
<GameData>
  <BaseGameText>
    <!-- First AI line -->
    <Row Tag="LOC_DIPLO_FIRST_MEET_LEADER_DIDO_ANY">
      <Text>Ben, Kartaca'nın kraliçesi ve annesi Dido, Fenikeliler adına sizi selamlıyorum.</Text>
    </Row>
    <Row Tag="LOC_DIPLO_FIRST_MEET_LEADER_ELEANOR_ENGLAND_ANY">
      <Text>Akitanya Düşesi, Fransa ve İngiltere Kraliçesi, aşk yargıcı Eleanor'un sarayına hoş geldiniz. Ne haber?</Text>
    </Row>
    <Row Tag="LOC_DIPLO_FIRST_MEET_LEADER_ELEANOR_FRANCE_ANY">
      <Text>Akitanya Düşesi, Fransa ve İngiltere Kraliçesi, aşk yargıcı Eleanor'un sarayına hoş geldiniz. Ne haber?</Text>
    </Row>
    <Row Tag="LOC_DIPLO_FIRST_MEET_LEADER_KRISTINA_ANY">
      <Text>Ben Kristina, İsveç kraliçesi, sanat ve edebiyatın koruyucusu. Öğrenmeyi seven bir dostunuzu selamlıyor muyum?</Text>
    </Row>
    <Row Tag="LOC_DIPLO_FIRST_MEET_LEADER_KUPE_ANY">
      <Text>Ben yol gösterici Kupe'yim ve siz Māori'lerin yerine yaklaşıyorsunuz. Bana kendinden bahsedecek misin?</Text>
    </Row>
    <Row Tag="LOC_DIPLO_FIRST_MEET_LEADER_LAURIER_ANY">
      <Text>Kanada halkı adına, hoş geldiniz. Ben Başbakan Laurier.</Text>
    </Row>
    <Row Tag="LOC_DIPLO_FIRST_MEET_LEADER_MANSA_MUSA_ANY">
      <Text>Ben Sultan Musa, Mali'nin efendisi ve -Allah'a şükürler olsun ki- çok ama çok zengin bir adamım. Sizinle tanıştığıma memnun oldum.</Text>
    </Row>
    <Row Tag="LOC_DIPLO_FIRST_MEET_LEADER_MATTHIAS_CORVINUS_ANY">
      <Text>Ben Matthias. Macaristan Kralıyım, düşmanlarımın belası ve inananların koruyucusuyum. Selamlar.</Text>
    </Row>
    <Row Tag="LOC_DIPLO_FIRST_MEET_LEADER_PACHACUTI_ANY">
      <Text>Pachacuti Inca Yupanqui'nin önünde duruyorsunuz. Selamınızı ve İnka'ya sağlayabileceğiniz hizmeti kabul ediyorum.</Text>
    </Row>
    <Row Tag="LOC_DIPLO_FIRST_MEET_LEADER_SULEIMAN_ANY">
      <Text>Topkapı'nın ihtişamından, ben, Kayser-i Rum Süleyman, size hoş geldiniz diyorum.</Text>
    </Row>
    <!-- AI invitation to visit nearby City -->
    <Row Tag="LOC_DIPLO_FIRST_MEET_VISIT_RECIPIENT_LEADER_DIDO_ANY">
      <Text>Gelin ve büyük Fenike şehirlerini görün. Bunu ülkenize ve dünyanın geri kalanına duyurun.</Text>
    </Row>
    <Row Tag="LOC_DIPLO_FIRST_MEET_VISIT_RECIPIENT_LEADER_ELEANOR_ENGLAND_ANY">
      <Text>Topraklarınızdan gelen ziyaretçileri gelip adil sarayımı ziyaret etmeleri için davet ettim.</Text>
    </Row>
    <Row Tag="LOC_DIPLO_FIRST_MEET_VISIT_RECIPIENT_LEADER_ELEANOR_FRANCE_ANY">
      <Text>Topraklarınızdan gelen ziyaretçileri gelip adil sarayımı ziyaret etmeleri için davet ettim.</Text>
    </Row>
    <Row Tag="LOC_DIPLO_FIRST_MEET_VISIT_RECIPIENT_LEADER_KRISTINA_ANY">
      <Text>Temsilcileriniz gelip koleksiyonlarımı kendi gözleriyle görebilirler.</Text>
    </Row>
    <Row Tag="LOC_DIPLO_FIRST_MEET_VISIT_RECIPIENT_LEADER_KUPE_ANY">
      <Text>Halkınızı marae'me getirdim, bu da onları onurlandırıyor. Umarım siz de aynı şekilde saygı gösterirsiniz.</Text>
    </Row>
    <Row Tag="LOC_DIPLO_FIRST_MEET_VISIT_RECIPIENT_LEADER_LAURIER_ANY">
      <Text>Lütfen Kanada'nın başkentini ziyarete gelin. Halkımız ziyaretinizden onur duyacaktır.</Text>
    </Row>
    <Row Tag="LOC_DIPLO_FIRST_MEET_VISIT_RECIPIENT_LEADER_MANSA_MUSA_ANY">
      <Text>Lütfen Mali'nin başkentini ziyaret edin! Burası büyük bir öğrenme ve kazanç yeridir.</Text>
    </Row>
    <Row Tag="LOC_DIPLO_FIRST_MEET_VISIT_RECIPIENT_LEADER_MATTHIAS_CORVINUS_ANY">
      <Text>Macaristan'ın gücünü daha iyi anlayabilmeleri için delegelerinize başkentimi bizzat gezdireceğim.</Text>
    </Row>
    <Row Tag="LOC_DIPLO_FIRST_MEET_VISIT_RECIPIENT_LEADER_PACHACUTI_ANY">
      <Text>Gelin ve İnka'nın benim rehberliğimde neler yaptığına tanık olun.</Text>
    </Row>
    <Row Tag="LOC_DIPLO_FIRST_MEET_VISIT_RECIPIENT_LEADER_SULEIMAN_ANY">
      <Text>Temsilcilerinizin sarayımı ve başkentimi görmelerini ve ihtişamından etkilenmelerini memnuniyetle karşılarım.</Text>
    </Row>
    <!-- AI accepts Human invitation -->
    <Row Tag="LOC_DIPLO_FIRST_MEET_NEAR_INITIATOR_POSITIVE_LEADER_DIDO_ANY">
      <Text>Güzel. Bu teklif her iki tarafın da yararına.</Text>
    </Row>
    <Row Tag="LOC_DIPLO_FIRST_MEET_NEAR_INITIATOR_POSITIVE_LEADER_ELEANOR_ENGLAND_ANY">
      <Text>Şartlarınız iyi. Bırakın da detayları bizim şansölyelerimiz çözsün.</Text>
    </Row>
    <Row Tag="LOC_DIPLO_FIRST_MEET_NEAR_INITIATOR_POSITIVE_LEADER_ELEANOR_FRANCE_ANY">
      <Text>Şartlarınız iyi. Bırakın da detayları bizim şansölyelerimiz çözsün.</Text>
    </Row>
    <Row Tag="LOC_DIPLO_FIRST_MEET_NEAR_INITIATOR_POSITIVE_LEADER_KRISTINA_ANY">
      <Text>İsveç de benim gibi size teşekkür ediyor.</Text>
    </Row>
    <Row Tag="LOC_DIPLO_FIRST_MEET_NEAR_INITIATOR_POSITIVE_LEADER_KUPE_ANY">
      <Text>Evet. Ama sadece çok cömert bir adam olduğum için.</Text>
    </Row>
    <Row Tag="LOC_DIPLO_FIRST_MEET_NEAR_INITIATOR_POSITIVE_LEADER_LAURIER_ANY">
      <Text>Kanada, adil bir takas için size teşekkür eder.</Text>
    </Row>
    <Row Tag="LOC_DIPLO_FIRST_MEET_NEAR_INITIATOR_POSITIVE_LEADER_MANSA_MUSA_ANY">
      <Text>Refah ikimizi de kutsar.</Text>
    </Row>
    <Row Tag="LOC_DIPLO_FIRST_MEET_NEAR_INITIATOR_POSITIVE_LEADER_MATTHIAS_CORVINUS_ANY">
      <Text>Evet. Macaristan adına şartlarınızı kabul ediyorum.</Text>
    </Row>
    <Row Tag="LOC_DIPLO_FIRST_MEET_NEAR_INITIATOR_POSITIVE_LEADER_PACHACUTI_ANY">
      <Text>Evet, İnka sana bunu verecek.</Text>
    </Row>
    <Row Tag="LOC_DIPLO_FIRST_MEET_NEAR_INITIATOR_POSITIVE_LEADER_SULEIMAN_ANY">
      <Text>Hayırseverliğim büyüktür! Yapılacak.</Text>
    </Row>
    <!-- AI invitation to exchange Capital Information -->
    <Row Tag="LOC_DIPLO_FIRST_MEET_NO_MANS_INFO_EXCHANGE_LEADER_DIDO_ANY">
      <Text>Bana başkentinizin yerini söyleyin ki haritalarımız tamamlansın. Karşılığında başkentimizin yerini paylaşacağım.</Text>
    </Row>
    <Row Tag="LOC_DIPLO_FIRST_MEET_NO_MANS_INFO_EXCHANGE_LEADER_ELEANOR_ENGLAND_ANY">
      <Text>Uzak diyarları duymaktan zevk alırım. Eğer bana başkentinizden bahsederseniz, ben de size kendi başkentimin yerini söylerim.</Text>
    </Row>
    <Row Tag="LOC_DIPLO_FIRST_MEET_NO_MANS_INFO_EXCHANGE_LEADER_ELEANOR_FRANCE_ANY">
      <Text>Uzak diyarları duymaktan zevk alırım. Eğer bana başkentinizden bahsederseniz, ben de size kendi başkentimin yerini söylerim.</Text>
    </Row>
    <Row Tag="LOC_DIPLO_FIRST_MEET_NO_MANS_INFO_EXCHANGE_LEADER_KRISTINA_ANY">
      <Text>Delegelerinize başkentimizin yerini bildireceğim, ancak sizin de bize aynı lütufta bulunmanızı bekliyorum.</Text>
    </Row>
    <Row Tag="LOC_DIPLO_FIRST_MEET_NO_MANS_INFO_EXCHANGE_LEADER_KUPE_ANY">
      <Text>Sizden marae'me misafir kabul ederim, ancak karşılığında bana başkentinizin nerede olduğunu söylemelisiniz.</Text>
    </Row>
    <Row Tag="LOC_DIPLO_FIRST_MEET_NO_MANS_INFO_EXCHANGE_LEADER_LAURIER_ANY">
      <Text>Başkentimiz hakkında bilgi edinmeleri için temsilcilerimizi ağırlamaktan onur duyarız. Siz de bize aynı nezaketi gösterin.</Text>
    </Row>
    <Row Tag="LOC_DIPLO_FIRST_MEET_NO_MANS_INFO_EXCHANGE_LEADER_MANSA_MUSA_ANY">
      <Text>Haritalarımızdaki boş yerleri ortak başkentlerimizin yerleri ile dolduralım mı?</Text>
    </Row>
    <Row Tag="LOC_DIPLO_FIRST_MEET_NO_MANS_INFO_EXCHANGE_LEADER_MATTHIAS_CORVINUS_ANY">
      <Text>Halkınızı Macaristan'ın başkentini öğrenmeye davet ediyorum, ancak siz de bana aynı hakkı tanırsanız.</Text>
    </Row>
    <Row Tag="LOC_DIPLO_FIRST_MEET_NO_MANS_INFO_EXCHANGE_LEADER_PACHACUTI_ANY">
      <Text>Gözcüleriniz sarayıma kadar tırmanabilirse, yerini öğrenebilirler. Ama karşılığında başkentinizin yerini soracağım.</Text>
    </Row>
    <Row Tag="LOC_DIPLO_FIRST_MEET_NO_MANS_INFO_EXCHANGE_LEADER_SULEIMAN_ANY">
      <Text>Eğer bana başkentinizin yerini söylerseniz, cömert niyetimin bir işareti olarak başkentimin yerini size hediye edeceğim.</Text>
    </Row>
  </BaseGameText>
</GameData>