﻿<?xml version="1.0" encoding="utf-8"?>
<GameData>
  <BaseGameText>
    <Row Tag="LOC_DIPLO_CHOICE_DECLARE_WAR">
      <Text>[SIZE_16]Savaş İlan Et[NEWLINE][SIZE_12]</Text>
    </Row>
    <Row Tag="LOC_DIPLOACTION_DECLARE_WAR_NAME">
      <Text>Savaş İlan Et</Text>
    </Row>
    <Row Tag="LOC_DIPLOACTION_DECLARE_WAR_DESCRIPTION">
      <Text>Hemen bir savaş başlatmak için kullanılır.</Text>
    </Row>
    <Row Tag="DIPLOACTION_KEEP_DONT_ATTACK_CITY_STATE">
      <Text>Şehir Devletlerine Saldırmayacağınıza Söz Verin</Text>
    </Row>
    <Row Tag="DIPLOACTION_KEEP_DONT_ATTACK_ALLY">
      <Text>Müttefiklerime Saldırmayacağına Söz Ver</Text>
    </Row>
    <Row Tag="LOC_DIPLO_CHOICE_GENERATES_GRIEVANCES_INFO">
      <Text>[COLOR_Civ6DarkRed]{1_WarmongerLevel}[ENDCOLOR] [ICON_STAT_GRIEVANCE] Şikayetler Üretir</Text>
    </Row>
    <Row Tag="LOC_DIPLO_CHOICE_GENERATES_GRIEVANCES_INFO_SUZERAIN">
      <Text>[COLOR_Civ6DarkRed]{1_WarmongerLevel}[ENDCOLOR] [ICON_STAT_GRIEVANCE] Şikayetler Üretir (Suzerain)</Text>
    </Row>
    <Row Tag="LOC_DIPLO_CHOICE_GENERATES_GRIEVANCES_INFO_ENVOYS_PRESENT">
      <Text>[COLOR_Civ6DarkRed]{1_WarmongerLevel}[ENDCOLOR] [ICON_STAT_GRIEVANCE] Şikayetler Üretir (Elçiler Mevcut)</Text>
    </Row>
    <Row Tag="LOC_DIPLOACTION_WORLD_CONGRESS_TAB_TOOLTIP">
      <Text>[ICON_STAT_GRIEVANCE] Şikayet günlüğünü görüntüleyin.</Text>
    </Row>
    <Row Tag="LOC_DIPLOACTION_INTEL_REPORT_GRIEVANCES">
      <Text>İstihbarat Raporu: Şikayet Günlüğü</Text>
    </Row>
    <Row Tag="LOC_GRIEVANCE_LOG_COMING_SOON">
      <Text>Şikayet kaydı, yakında...</Text>
    </Row>
    <Row Tag="LOC_DIPLOACTION_INTEL_GRIEVANCES">
      <Text>Şikayetler</Text>
    </Row>
    <Row Tag="LOC_DIPLOACTION_INTEL_AMOUNT">
      <Text>Miktar</Text>
    </Row>
    <Row Tag="LOC_DIPLOACTION_INTEL_TURN">
      <Text>Dönüş</Text>
    </Row>
    <Row Tag="LOC_DIPLOACTION_INTEL_REASON">
      <Text>Sebep</Text>
    </Row>
    <Row Tag="LOC_DIPLOACTION_INTEL_NO_GRIEVANCES">
      <Text>Bu liderle ilgili [ICON_STAT_GRIEVANCE] herhangi bir şikayet geçmişi bulunmamaktadır.</Text>
    </Row>
    <Row Tag="LOC_DIPLOACTION_DECLARE_SURPRISE_WAR_DESCRIPTION">
      <Text>Hemen bir savaş başlatmak için kullanılır. Normal savaş kışkırtıcısı cezaları 50%. artırıldı</Text>
    </Row>
    <Row Tag="LOC_DIPLOACTION_DECLARE_HOLY_WAR_DESCRIPTION">
      <Text>Şehirlerinizden birini din değiştirmiş bir güce savaş ilan etmek için kullanılır. Tüm savaş kışkırtıcılığı cezaları yarıya indirilir.</Text>
    </Row>
    <Row Tag="LOC_DIPLOACTION_DECLARE_LIBERATION_WAR_DESCRIPTION">
      <Text>Arkadaşlarınızdan veya müttefiklerinizden birinin şehrini ele geçiren bir güce savaş ilan etmek için kullanılır.  Bu şehirlerden herhangi birini kurtarmak için savaş kışkırtıcılığı cezası yoktur.</Text>
    </Row>
    <Row Tag="LOC_DIPLOACTION_DECLARE_RECONQUEST_WAR_DESCRIPTION">
      <Text>Şehirlerinizden birini ele geçiren bir güce savaş ilan etmek için kullanılır. Savaş kışkırtıcılığı cezası uygulanmaz.</Text>
    </Row>
    <Row Tag="LOC_DIPLOACTION_DECLARE_PROTECTORATE_WAR_DESCRIPTION">
      <Text>Müttefik şehir devletlerinizden birine saldıran bir güce savaş ilan etmek için kullanılır. O şehir devletini özgürleştirmek için savaş kışkırtıcılığı cezası yoktur.</Text>
    </Row>
    <Row Tag="LOC_DIPLOACTION_DECLARE_COLONIAL_WAR_DESCRIPTION">
      <Text>Sizden iki teknoloji çağı geride olan bir güce savaş ilan etmek için kullanılır. Tüm savaş kışkırtıcılığı cezaları yarıya indirilir.</Text>
    </Row>
    <Row Tag="LOC_DIPLOACTION_DECLARE_TERRITORIAL_WAR_DESCRIPTION">
      <Text>İmparatorluğunuza sınır olan bir güce savaş ilan etmek için kullanılır. 2 şehrinizin 2 rakibin şehrine 10 karo mesafede olması gerekir. Savaş kışkırtıcılığı cezaları 25%. azaltılır.</Text>
    </Row>
    <Row Tag="LOC_DIPLOACTION_DECLARE_GOLDEN_AGE_WAR_DESCRIPTION">
      <Text>Bir Altın Çağ'dayken bir oyuncuya "Silahlara!" ile savaş ilan etmek için kullanılır. Adanmışlık. Bir uygarlığı İhbar ettikten hemen sonra, normal tur sayısını beklemeden kullanılabilir. Hangi şehirleri ele geçirebileceğiniz konusunda kısıtlama yok. Savaş kışkırtıcılığı cezaları 75%. azaltıldı</Text>
    </Row>
    <Row Tag="LOC_DIPLOACTION_DECLARE_WAR_OF_RETRIBUTION_DESCRIPTION">
      <Text>Son 30 tur içinde size verdiği sözü tutmayan bir oyuncuya savaş ilan etmek için kullanılır. Hangi şehirleri ele geçirebileceğiniz konusunda herhangi bir kısıtlama yoktur. Savaş kışkırtıcılığı cezaları 50%. azaltıldı</Text>
    </Row>
    <Row Tag="LOC_DIPLOACTION_DECLARE_IDEOLOGICAL_WAR_DESCRIPTION">
      <Text>Farklı bir Kademe 3 hükümetinde olan bir oyuncuya savaş ilan etmek için kullanılır. Hangi şehirleri ele geçirebileceğiniz konusunda herhangi bir kısıtlama yoktur. Savaş kışkırtıcılığı cezaları 50%. azaltıldı</Text>
    </Row>
    <Row Tag="LOC_DEAL_PLAYER_HAS_NO_CAP_ROOM">
      <Text>Bu öğenin maksimum miktarına zaten sahipsiniz.</Text>
    </Row>
    <Row Tag="LOC_DEAL_AI_HAS_NO_CAP_ROOM">
      <Text>Bu üründen zaten maksimum miktarda var.</Text>
    </Row>
  </BaseGameText>
</GameData>