﻿<?xml version="1.0" encoding="utf-8"?>
<GameData>
  <BaseGameText>
    <!--Rock Band-->
    <Row Tag="LOC_PROMOTION_CLASS_ROCK_BAND_NAME">
      <Text>Rock Band</Text>
    </Row>
    <Row Tag="LOC_PROMOTION_ALBUM_COVER_ART_NAME">
      <Text>Albüm Kapak Resmi</Text>
    </Row>
    <Row Tag="LOC_PROMOTION_ARENA_ROCK_NAME">
      <Text>Arena Rock</Text>
    </Row>
    <Row Tag="LOC_PROMOTION_GLAM_ROCK_NAME">
      <Text>Glam Rock</Text>
    </Row>
    <Row Tag="LOC_PROMOTION_GOES_TO_NAME">
      <Text>11'e gidiyor</Text>
    </Row>
    <Row Tag="LOC_PROMOTION_INDIE_NAME">
      <Text>Bağımsız</Text>
    </Row>
    <Row Tag="LOC_PROMOTION_MUSIC_FESTIVAL_NAME">
      <Text>Müzik Festivali</Text>
    </Row>
    <Row Tag="LOC_PROMOTION_POP_NAME">
      <Text>Pop Yıldızı</Text>
    </Row>
    <Row Tag="LOC_PROMOTION_REGGAE_ROCK_NAME">
      <Text>Reggae Rock</Text>
    </Row>
    <Row Tag="LOC_PROMOTION_RELIGIOUS_ROCK_NAME">
      <Text>Dini Rock</Text>
    </Row>
    <Row Tag="LOC_PROMOTION_ROADIES_NAME">
      <Text>Roadies</Text>
    </Row>
    <Row Tag="LOC_PROMOTION_SPACE_ROCK_NAME">
      <Text>Uzay Kayası</Text>
    </Row>
    <Row Tag="LOC_PROMOTION_SURF_ROCK_NAME">
      <Text>Sörf Grubu</Text>
    </Row>
    <!--Spy-->
    <Row Tag="LOC_PROMOTION_SPY_SATCHEL_CHARGES_NAME">
      <Text>Satchel Ücretleri</Text>
    </Row>
    <Row Tag="LOC_PROMOTION_SPY_SURVEILLANCE_NAME">
      <Text>Gözetim</Text>
    </Row>
    <Row Tag="LOC_PROMOTION_SPY_POLYGRAPH_NAME">
      <Text>Yalan makinesi</Text>
    </Row>
    <!--Rock Band Description-->
    <Row Tag="LOC_PROMOTION_ALBUM_COVER_ART_DESCRIPTION">
      <Text>Harika karolar üzerinde 1 seviye daha deneyimliymiş gibi performans gösterir.</Text>
    </Row>
    <Row Tag="LOC_PROMOTION_ARENA_ROCK_DESCRIPTION">
      <Text>Eğlence Kompleksi bölgesi karolarında 2 seviye daha deneyimliymiş gibi performans gösterir.</Text>
    </Row>
    <Row Tag="LOC_PROMOTION_GLAM_ROCK_DESCRIPTION">
      <Text>Tiyatro Meydanı bölgesi karolarında 2 seviye daha deneyimliymiş gibi performans gösterir.</Text>
    </Row>
    <Row Tag="LOC_PROMOTION_GOES_TO_DESCRIPTION">
      <Text>10 karo içindeki medeniyetler bu konserden [ICON_TOURISM] Turizmin %50'sini alır.</Text>
    </Row>
    <Row Tag="LOC_PROMOTION_INDIE_DESCRIPTION">
      <Text>Bir konser gerçekleştirmek o şehrin 40 Sadakat kaybetmesine neden olur.</Text>
    </Row>
    <Row Tag="LOC_PROMOTION_MUSIC_FESTIVAL_DESCRIPTION">
      <Text>Milli Parklarda ve Doğa Harikalarında beklenen 1000 [ICON_TOURISM] Turizm ve 1 seviye daha deneyimli için gerçekleştirir.</Text>
    </Row>
    <Row Tag="LOC_PROMOTION_POP_DESCRIPTION">
      <Text>Üretilen [ICON_Tourism] Turizmin %25'ine eşit [ICON_GOLD] Altın kazanın.</Text>
    </Row>
    <Row Tag="LOC_PROMOTION_REGGAE_ROCK_DESCRIPTION">
      <Text>Su Parkı bölgesi fayanslarında 2 seviye daha tecrübeliymiş gibi performans gösterir.</Text>
    </Row>
    <Row Tag="LOC_PROMOTION_RELIGIOUS_ROCK_DESCRIPTION">
      <Text>O şehrin çoğunluk dinini oyuncunun kurduğu dine dönüştüren bir konser gerçekleştirir.</Text>
    </Row>
    <Row Tag="LOC_PROMOTION_ROADIES_DESCRIPTION">
      <Text>+4 [ICON_Movement] Hareket.</Text>
    </Row>
    <Row Tag="LOC_PROMOTION_SPACE_ROCK_DESCRIPTION">
      <Text>Uzay Limanlarında ve Kampüslerde +500 [ICON_TOURISM] Turizm (Kampüste Üniversite varsa +1000 [ICON_TOURISM] Turizm) ve 1 seviye daha fazla deneyim için performans gösterir.</Text>
    </Row>
    <Row Tag="LOC_PROMOTION_SURF_ROCK_DESCRIPTION">
      <Text>Deniz Kenarı Tatil Yerleri ve Limanlarda +500 [ICON_TOURISM] Turizm (Limanda Tersane varsa +1000 [ICON_TOURISM] Turizm) ve 1 seviye daha fazla deneyim için performans gösterir.</Text>
    </Row>
    <!--Spy-->
    <Row Tag="LOC_PROMOTION_SPY_SATCHEL_CHARGES_DESCRIPTION">
      <Text>Barajı 2 seviye daha tecrübeliymiş gibi aşın.</Text>
    </Row>
    <Row Tag="LOC_PROMOTION_SPY_SURVEILLANCE_DESCRIPTION">
      <Text>Karşı Casusluk yaparken tüm şehir bölgeleri savunulur (ve 1 hex içindeki bölgelerde +1 seviye).</Text>
    </Row>
    <Row Tag="LOC_PROMOTION_SPY_POLYGRAPH_DESCRIPTION">
      <Text>Eğer bu Spy kendi topraklarınızdaysa, topraklarınızdaki düşman Spy'lar normalin 1 seviye altında çalışır.</Text>
    </Row>
    <!--Giant Death Robot-->
    <Row Tag="LOC_PROMOTION_CLASS_GIANT_DEATH_ROBOT_NAME">
      <Text>DOĞU ALMANYA</Text>
    </Row>
    <Row Tag="LOC_PROMOTION_GDR_AA_DEFENSE_NAME">
      <Text>Drone Hava Savunması</Text>
    </Row>
    <Row Tag="LOC_PROMOTION_GDR_AA_DEFENSE_DESCRIPTION">
      <Text>[ICON_AntiAir_Large] Anti-Hava Savunma Gücü 130'a yükseltildi.</Text>
    </Row>
    <Row Tag="LOC_PROMOTION_GDR_SIEGE_LASER_NAME">
      <Text>Parçacık Işını Kuşatma Topu</Text>
    </Row>
    <Row Tag="LOC_PROMOTION_GDR_SIEGE_LASER_DESCRIPTION">
      <Text>Şehirlere ve Ordugâhlara yönelik menzilli saldırılar %100 etkilidir ve +30 [ICON_Ranged] Menzilli Güç kazanır.</Text>
    </Row>
    <Row Tag="LOC_PROMOTION_GDR_BONUS_MOVEMENT_NAME">
      <Text>Geliştirilmiş Mobilite</Text>
    </Row>
    <Row Tag="LOC_PROMOTION_GDR_BONUS_MOVEMENT_DESCRIPTION">
      <Text>+3 [ICON_Movement] Hareket. Dağlık araziden geçmek için Sıçrama eylemi gerçekleştirebilir.</Text>
    </Row>
    <Row Tag="LOC_PROMOTION_GDR_ARMOR_UPGRADE_NAME">
      <Text>Güçlendirilmiş Zırh Kaplaması</Text>
    </Row>
    <Row Tag="LOC_PROMOTION_GDR_ARMOR_UPGRADE_DESCRIPTION">
      <Text>Kara ve deniz birliklerine karşı savunma yaparken +10 [ICON_Strength] Savaş Gücü.</Text>
    </Row>
  </BaseGameText>
</GameData>