﻿<?xml version="1.0" encoding="utf-8"?>
<!-- edited with XMLSPY v2004 rel. 2 U (http://www.xmlspy.com) by Ed Beach (Firaxis Games) -->
<GameData>
  <EnglishText>
    <Row Tag="LOC_GOSSIP_SOURCE_VENDOR">
      <Text>Ticaret merkezinizdeki bir satıcı şunu duymuş</Text>
    </Row>
    <Row Tag="LOC_VIZSOURCE_TRADING_POST_TRAIT">
      <Text>Moğolistan'ın Örtöö etkisi</Text>
    </Row>
    <Row Tag="LOC_VIZSOURCE_ACTION_TRADING_POST_TRAIT">
      <Text>Moğolistan olarak Ticaret Noktaları Kurmak [ICON_TradingPost]</Text>
    </Row>
    <Row Tag="LOC_GOSSIP_SPY_FOMENT_UNREST_DETECTED">
      <Text>{LOC_GRAMMAR_CIVNAME &lt;&lt; {1_CivName}} {2_CityName}'da {3_SpyPlayer}'den bir casusun çalışması nedeniyle sadakatini kaybetti.</Text>
    </Row>
    <Row Tag="LOC_GOSSIP_SPY_FOMENT_UNREST_UNDETECTED">
      <Text>{LOC_GRAMMAR_CIVNAME &lt;&lt; {1_CivName}} bilinmeyen bir casusun çalışmaları nedeniyle {2_CityName}'te sadakatini kaybetti.</Text>
    </Row>
    <Row Tag="LOC_GOSSIP_SPY_NEUTRALIZE_GOVERNOR_DETECTED">
      <Text>{LOC_GRAMMAR_CIVNAME &lt;&lt; {1_CivName}}'in ([2]'daki valisi {3_SpyPlayer}'den bir casus tarafından etkisiz hale getirilmiştir.)</Text>
    </Row>
    <Row Tag="LOC_GOSSIP_SPY_NEUTRALIZE_GOVERNOR_UNDETECTED">
      <Text>{LOC_GRAMMAR_CIVNAME &lt;&lt; {1_CivName}}'ün ([2]'teki valisi bilinmeyen bir casus tarafından etkisiz hale getirilmiştir.</Text>
    </Row>
  </EnglishText>
</GameData>