﻿<?xml version="1.0" encoding="utf-8"?>
<GameData>
  <EnglishText>
    <Row Tag="LOC_UNIT_SPEC_OPS_NAME">
      <Text>Özel Harekat</Text>
    </Row>
    <Row Tag="LOC_UNIT_SPEC_OPS_DESCRIPTION">
      <Text>Atomik Çağ keşif birimi. Paradrop yeteneği dost kareden 7 karelik uzaklığa (Havaalanı veya Uçak Pistinden başlıyorsa 12 karelik) harekete izin verir. Önce savaş birimini ortadan kaldırmak zorunda kalmadan doğrudan destek birimlerine saldırabilir.</Text>
    </Row>
    <Row Tag="LOC_UNIT_DRONE_NAME">
      <Text>Drone</Text>
    </Row>
    <Row Tag="LOC_UNIT_DRONE_DESCRIPTION">
      <Text>Atomik çağ destek birimi. Kuşatma sınıfı birimlere 1 hex içinde +1 [ICON_Range] Menzil ve +5 [ICON_Bombard] Bombardıman Gücü ekler.</Text>8
		</Row>
    <Row Tag="LOC_UNIT_PIKE_AND_SHOT_NAME">
      <Text>Turna Balığı ve Shot</Text>
    </Row>
    <Row Tag="LOC_UNIT_PIKE_AND_SHOT_DESCRIPTION">
      <Text>Geç Rönesans dönemi anti-süvari birliği.</Text>
    </Row>
    <Row Tag="LOC_UNIT_SUPPLY_CONVOY_NAME">
      <Text>İkmal Konvoyu</Text>
    </Row>
    <Row Tag="LOC_UNIT_SUPPLY_CONVOY_DESCRIPTION">
      <Text>Modern çağ destek birimi. Bitişik birimler için iyileştirmeyi artırır. Konvoyun bitişiğinde hareket başlatılırsa birimlere 1 bonus [ICON_Movement] Hareket verir.</Text>
    </Row>
  </EnglishText>
</GameData>