﻿<?xml version="1.0" encoding="utf-8"?>
<!-- edited with XMLSPY v2004 rel. 2 U (http://www.xmlspy.com) by Ed Beach (Firaxis Games) -->
<GameData>
  <EnglishText>
    <Row Tag="LOC_WC_RES_MERCENARY_COMPANIES_NAME">
      <Text>Paralı Asker Şirketleri</Text>
    </Row>
    <Row Tag="LOC_RESOLUTION_DIPLOVICTORY_NAME">
      <Text>Diplomatik Zafer</Text>
    </Row>
    <Row Tag="LOC_WC_RES_LUXURY_NAME">
      <Text>Lüks Politikası</Text>
    </Row>
    <Row Tag="LOC_WC_RES_TRADE_TREATY_NAME">
      <Text>Ticaret Politikası</Text>
    </Row>
    <Row Tag="LOC_WC_RES_WORLD_RELIGION_NAME">
      <Text>Dünya Dinleri</Text>
    </Row>
    <Row Tag="LOC_WC_RES_POWER_RESOURCE_NAME">
      <Text>Güç Politikası</Text>
    </Row>
    <Row Tag="LOC_WC_RES_FAVORED_UNITS_NAME">
      <Text>Dünya Onaylı Ordular</Text>
    </Row>
    <Row Tag="LOC_WC_RES_GOVERNANCE_DOCTRINE_NAME">
      <Text>Yönetişim Doktrini</Text>
    </Row>
    <Row Tag="LOC_WC_RES_ARMS_CONTROL_NAME">
      <Text>Silahların Kontrolü</Text>
    </Row>
    <Row Tag="LOC_WC_RES_LOYAL_CITIZENS_NAME">
      <Text>Tercih Edilen Uygarlık</Text>
    </Row>
    <Row Tag="LOC_WC_RES_HERITAGE_ORG_NAME">
      <Text>Miras Organizasyonu</Text>
    </Row>
    <Row Tag="LOC_WC_RES_POLICY_TREATY_NAME">
      <Text>Politika Antlaşması</Text>
    </Row>
    <Row Tag="LOC_WC_RES_WORLD_IDEOLOGY_NAME">
      <Text>Dünya İdeolojisi</Text>
    </Row>
    <Row Tag="LOC_WC_RES_URBAN_DEVELOPMENT_NAME">
      <Text>Kentsel Gelişim Anlaşması</Text>
    </Row>
    <Row Tag="LOC_WC_RES_BORDER_CONTROL_NAME">
      <Text>Sınır Kontrol Anlaşması</Text>
    </Row>
    <Row Tag="LOC_WC_RES_PUBLIC_WORKS_NAME">
      <Text>Bayındırlık İşleri Programı</Text>
    </Row>
    <Row Tag="LOC_WC_RES_PATRONAGE_NAME">
      <Text>Patronaj</Text>
    </Row>
    <Row Tag="LOC_WC_RES_TREATY_ORGANIZATION_NAME">
      <Text>Antlaşma Organizasyonu</Text>
    </Row>
    <Row Tag="LOC_WC_RES_GLOBAL_ENERGY_TREATY_NAME">
      <Text>Küresel Enerji Anlaşması</Text>
    </Row>
    <Row Tag="LOC_WC_RES_SOVEREIGNTY_NAME">
      <Text>Egemenlik</Text>
    </Row>
    <Row Tag="LOC_WC_RES_MIGRATION_TREATY_NAME">
      <Text>Göç Anlaşması</Text>
    </Row>
    <Row Tag="LOC_WC_RES_DEFORESTATION_TREATY_NAME">
      <Text>Ormansızlaştırma Anlaşması</Text>
    </Row>
    <Row Tag="LOC_WC_RES_PUBLIC_RELATIONS_NAME">
      <Text>Halkla İlişkiler</Text>
    </Row>
    <Row Tag="LOC_WC_RES_ESPIONAGE_PACT_NAME">
      <Text>Casusluk Paktı</Text>
    </Row>
    <Row Tag="LOC_WC_RES_MILITARY_ADVISORY_NAME">
      <Text>Askeri Danışma</Text>
    </Row>
    <Row Tag="LOC_WORLD_CONGRESS_ADD_DIPLOVICTORY_DESC">
      <Text>Seçilen Oyuncu 2 Diplomatik Zafer puanı kazanır.</Text>
    </Row>
    <Row Tag="LOC_WORLD_CONGRESS_IMPROVE_LUXURY_DESC">
      <Text>Seçilen Lüks kaynak hibesinin kopyaları [ICON_Amenities] Olanaklar.</Text>
    </Row>
    <Row Tag="LOC_WORLD_CONGRESS_IMPROVE_TRADE_WTH_PLAYER_DESC">
      <Text>[ICON_TradeRoute] Seçilen oyuncuya gönderilen Ticaret Yolları gönderene +4 [ICON_Gold] Altın sağlar. Seçilen oyuncu +1 [ICON_TradeRoute] Ticaret Yolu kapasitesi alır.</Text>
    </Row>
    <Row Tag="LOC_WORLD_CONGRESS_EMPOWER_RELIGION_DESC">
      <Text>Bu [ICON_Religion] Dinin tüm birimleri için +10 Güç (Savaş ve Dini).</Text>
    </Row>
    <Row Tag="LOC_WORLD_RELIGION_COMBAT_PREVIEW_DESCRIPTION">
      <Text>Dünya Dinleri'nden +[1])</Text>
    </Row>
    <Row Tag="LOC_WORLD_CONGRESS_IMPROVE_POWER_CONVERSION_RESOURCE_DESC">
      <Text>[WIP] Seçilen Güç kaynağını dönüştürmek iki kat daha etkilidir.</Text>
    </Row>
    <Row Tag="LOC_WORLD_CONGRESS_BAN_PRODUCTION_YIELD_DESC">
      <Text>Seçilen para birimi türünü kullanarak askeri birim üretmek veya satın almak, bir sonraki Dünya Kongresine kadar maliyetin +%100'üdür.</Text>
    </Row>
    <Row Tag="LOC_WORLD_CONGRESS_BUFF_PRODUCTION_YIELD_DESC">
      <Text>Seçilen para birimi türünü kullanarak askeri birim üretmek veya satın almak, bir sonraki Dünya Kongresine kadar maliyetin -%50'si kadardır.</Text>
    </Row>
    <Row Tag="LOC_WORLD_CONGRESS_SUBTRACT_DIPLOVICTORY_DESC">
      <Text>Seçilen Oyuncu 2 Diplomatik Zafer puanı kaybeder.</Text>
    </Row>
    <Row Tag="LOC_WORLD_CONGRESS_BAN_LUXURY_DESC">
      <Text>Seçilen Lüks kaynak hiçbir [ICON_Amenities] olanak sağlamaz.</Text>
    </Row>
    <Row Tag="LOC_WORLD_CONGRESS_BAN_TRADE_WITH_PLAYER_DESC">
      <Text>Diğer medeniyetler ile seçilen oyuncu arasındaki tüm uluslararası [ICON_TradeRoute] Ticaret Yollarını iptal eder ve yenilerinin başlamasına ambargo koyar.</Text>
    </Row>
    <Row Tag="LOC_WORLD_CONGRESS_BAN_RELIGION_DESC">
      <Text>Tüm oyuncular seçilen Dinin birimlerini kınayabilir ve bunu yapmak 25 [ICON_Favor] Diplomatik İltimas kazandırır.</Text>
    </Row>
    <Row Tag="LOC_WORLD_CONGRESS_BAN_POWER_CONVERSION_RESOURCE_DESC">
      <Text>[WIP] Seçilen Güç kaynağını dönüştürmek yarı yarıya etkilidir.</Text>
    </Row>
    <Row Tag="LOC_WORLD_CONGRESS_NERF_UNITPROMOTIONCLASS_DESC">
      <Text>[WIP] Seçilmiş terfi sınıfı -5 [ICON_Strength] Savaşma Gücüne sahiptir.</Text>
    </Row>
    <Row Tag="LOC_WORLD_CONGRESS_BUFF_ARMS_CONTROL_DESC">
      <Text>Tüm oyuncuların Kitle İmha Silahları hedef oyuncununkine eşit olarak ayarlanır.</Text>
    </Row>
    <Row Tag="LOC_WORLD_CONGRESS_NERF_ARMS_CONTROL_DESC">
      <Text>Hedef oyuncu tüm Kitle İmha Silahlarını kaybeder.</Text>
    </Row>
    <Row Tag="LOC_WORLD_CONGRESS_BUFF_PLAYER_LOYALTY_DESC">
      <Text>[WIP] Hedef oyuncunun şehirleri %100 Sadıktır.</Text>
    </Row>
    <Row Tag="LOC_WORLD_CONGRESS_NERF_PLAYER_LOYALTY_DESC">
      <Text>[WIP] Hedef oyuncu başkalarının şehirleri üzerinde Sadakat baskısı uygulayamaz.</Text>
    </Row>
    <Row Tag="LOC_WORLD_CONGRESS_BUFF_WORK_TOURISM_DESC">
      <Text>[ICON_Tourism] Bu türden Büyük Eserlerden elde edilen turizm iki katına çıkarılır.</Text>
    </Row>
    <Row Tag="LOC_WORLD_CONGRESS_NO_WORK_TOURISM_DESC">
      <Text>Hayır [ICON_Tourism] Bu türden Büyük Eserlerden Turizm.</Text>
    </Row>
    <Row Tag="LOC_WORLD_CONGRESS_POLICY_FAVOR_DESC">
      <Text>Bu Politikanın Hükümetinizde etkin olduğu her turda [ICON_Favor] Diplomatik İyilik kazanın.</Text>
    </Row>
    <Row Tag="LOC_WORLD_CONGRESS_BAN_POLICY_DESC">
      <Text>Bu Politikanın kullanımını yasaklayın.</Text>
    </Row>
    <Row Tag="LOC_WORLD_CONGRESS_GAIN_WILDCARD_DESC">
      <Text>Bu Hükümet tipi bir Joker karakter poliçe yuvası kazanır.</Text>
    </Row>
    <Row Tag="LOC_WORLD_CONGRESS_LOSE_WILDCARD_DESC">
      <Text>Bu Hükümet türü bir Wildcard ilke yuvasını kaybeder.</Text>
    </Row>
    <Row Tag="LOC_WORLD_CONGRESS_DISTRICT_BUILDING_PRODUCTION_DESC">
      <Text>Bu bölgedeki binalara yönelik +%100 [ICON_Production] Üretim.</Text>
    </Row>
    <Row Tag="LOC_WORLD_CONGRESS_NO_DISTRICT_BUILDING_DESC">
      <Text>Bu bölgede hiçbir bina oluşturulamaz.</Text>
    </Row>
    <Row Tag="LOC_WORLD_CONGRESS_NO_CULTURE_BORDER_GROWTH_DESC">
      <Text>Bu oyuncunun sınırları [ICON_Culture] Kültür aracılığıyla büyümeyecektir.</Text>
    </Row>
    <Row Tag="LOC_WORLD_CONGRESS_DISTRICTS_CULTURE_BOMB_DESC">
      <Text>Bu oyuncu tarafından inşa edilen yeni bölgeler [ICON_Culture] Kültür bombası olarak işlev görür.</Text>
    </Row>
    <Row Tag="LOC_WORLD_CONGRESS_BUFF_PROJECT_PRODUCTION_DESC">
      <Text>Bu Projeye yönelik +%100 [ICON_Production] Üretim.</Text>
    </Row>
    <Row Tag="LOC_WORLD_CONGRESS_BAN_PROJECT_DESC">
      <Text>Bu Projeye yönelik -%50 [ICON_Production] Üretim.</Text>
    </Row>
    <Row Tag="LOC_WORLD_CONGRESS_BUFF_GP_POINTS_DESC">
      <Text>Bu sınıftaki [ICON_GreatPerson] Büyük İnsanlar için iki kat puan kazanın.</Text>
    </Row>
    <Row Tag="LOC_WORLD_CONGRESS_NO_GP_POINTS_DESC">
      <Text>Bu sınıftaki [ICON_GreatPerson] Büyük İnsanlar için puan kazanılmaz.</Text>
    </Row>
    <Row Tag="LOC_WORLD_CONGRESS_DOUBLE_SUZERAIN_FAVOR_DESC">
      <Text>Bu türden bir Şehir Devletinin Suzerain'i olmaktan kazanılan Diplomatik İyilik iki katına çıkar [ICON_Favor].</Text>
    </Row>
    <Row Tag="LOC_WORLD_CONGRESS_BAN_BUILDING_DESC">
      <Text>Bu tür binaların üretiminin yasaklanması.</Text>
    </Row>
    <Row Tag="LOC_WORLD_CONGRESS_BUILDING_DISCOUNT_DESC">
      <Text>Bu tip binaların üretiminde %50 indirim.</Text>
    </Row>
    <Row Tag="LOC_WORLD_CONGRESS_NO_SUZERAIN_FAVOR_DESC">
      <Text>Hayır [ICON_Favor] Bu türden bir Şehir Devletinin Suzerain'i olmaktan kazanılan Diplomatik İyilik.</Text>
    </Row>
    <Row Tag="LOC_WORLD_CONGRESS_FAVOR_FROM_TRADE_AND_ENVOYS_WITH_MINORS_DESC">
      <Text>Bu türden bir Şehir Devletine [ICON_TradeRoute] Ticaret Rotaları gönderirken Şehir Devletlerinin verim türünün +%100'ü.</Text>
    </Row>
    <Row Tag="LOC_WORLD_CONGRESS_NO_SUZERAIN_BONUS_DESC">
      <Text>Bu türden Şehir Devletleri kendilerine özgü Suzerain bonusunu sağlamaz.</Text>
    </Row>
    <Row Tag="LOC_WORLD_CONGRESS_FAVOR_FROM_GOVERNOR_DESC">
      <Text>Belirtilen [ICON_Governor] Vali tipinin atanması ve terfi ettirilmesi 15 [ICON_Favor] Diplomatik Lütuf sağlar.</Text>
    </Row>
    <Row Tag="LOC_WORLD_CONGRESS_NEUTRALIZE_GOVERNOR_TYPE_DESC">
      <Text>Belirtilen tipteki tüm aktif [ICON_Governor] Governörler 6 Tur boyunca etkisiz hale getirilir.</Text>
    </Row>
    <Row Tag="LOC_WORLD_CONGRESS_MORE_GROWTH_LESS_LOYALTY_DESC">
      <Text>Bu oyuncunun şehirlerinde +%20 daha hızlı [ICON_Citizen] Nüfus artışı ancak tur başına -5 Sadakat.</Text>
    </Row>
    <Row Tag="LOC_WORLD_CONGRESS_LESS_GROWTH_MORE_LOYALTY_DESC">
      <Text>Tur başına +5 Sadakat ancak -%20 [ICON_Citizen] Bu oyuncunun şehirlerindeki nüfus artışı.</Text>
    </Row>
    <Row Tag="LOC_WORLD_CONGRESS_DEFORESTATION_BAN_DESC">
      <Text>Seçilen türdeki özelliklerin kesilmesini veya temizlenmesini yasaklar.</Text>
    </Row>
    <Row Tag="LOC_WORLD_CONGRESS_DEFORESTATION_GOLD_DESC">
      <Text>Seçilen türdeki Özelliklerin temizlenmesi [ICON_Production] Üretim ve [ICON_Food] Yiyeceğe eşit [ICON_Gold] Altın verir.</Text>
    </Row>
    <Row Tag="LOC_WORLD_CONGRESS_PUBLIC_RELATIONS_MORE_GRIEVANCES_DESC">
      <Text>Seçilen oyuncu %100 daha fazla [ICON_STAT_GRIEVANCE] Şikâyet üretir ve diğer oyuncular bu oyuncuya karşı %100 daha fazla [ICON_STAT_GRIEVANCE] Şikâyet üretir.</Text>
    </Row>
    <Row Tag="LOC_WORLD_CONGRESS_PUBLIC_RELATIONS_FEWER_GRIEVANCES_DESC">
      <Text>Seçilen oyuncu %50 daha az [ICON_STAT_GRIEVANCE] Şikâyet üretir ve diğer oyuncular bu oyuncuya karşı %50 daha az [ICON_STAT_GRIEVANCE] Şikâyet üretir.</Text>
    </Row>
    <Row Tag="LOC_WORLD_CONGRESS_PUBLIC_ESPIONAGE_PACT_BUFF_DESC">
      <Text>Casuslar seçilen Operasyon işlevini 2 seviye daha yüksekte gerçekleştirir.</Text>
    </Row>
    <Row Tag="LOC_WORLD_CONGRESS_PUBLIC_ESPIONAGE_PACT_DISABLE_DESC">
      <Text>Seçilen Operasyon kullanılamıyor.</Text>
    </Row>
    <Row Tag="LOC_WORLD_CONGRESS_MILITARY_ADVISORY_BUFF_DESC">
      <Text>Seçilen terfi sınıfının birimleri +5 Savaş Gücü kazanır.</Text>
    </Row>
    <Row Tag="LOC_WORLD_CONGRESS_MILITARY_ADVISORY_NERF_DESC">
      <Text>Seçilen terfi sınıfındaki birimler 5 Savaş Gücü kaybeder.</Text>
    </Row>
    <Row Tag="LOC_COMBAT_PREVIEW_MILITARY_ADVISORY_MILITARY_BUFF">
      <Text>{1_Değer: Askeri Tavsiye Kararından sayı +#;-#}</Text>
    </Row>
    <Row Tag="LOC_COMBAT_PREVIEW_MILITARY_ADVISORY_MILITARY_DEBUFF">
      <Text>[COLOR_RED]{1_Değer: sayı +#;-#}[ENDCOLOR] Askeri Tavsiye Kararı'ndan</Text>
    </Row>
    <!--Additional UI Text-->
    <Row Tag="LOC_WORLD_CONGRESS_SELECT_AN_OUTCOME">
      <Text>Bu Karar için bir sonuç seçin:</Text>
    </Row>
    <Row Tag="LOC_WORLD_CONGRESS_UNIT_ACCESS_BAN_PRODUCTION">
      <Text>Birimlerin üretimi, Dünya Kongresi'nin aldığı bir kararla yasaklanmıştır.</Text>
    </Row>
    <Row Tag="LOC_WORLD_CONGRESS_UNIT_ACCESS_BAN_GOLD">
      <Text>[ICON_Gold] Altın ile birimlerin satın alınması Dünya Kongresi'nin aldığı bir kararla yasaklanmıştır.</Text>
    </Row>
    <Row Tag="LOC_WORLD_CONGRESS_UNIT_ACCESS_BAN_FAITH">
      <Text>[ICON_Faith] İnançlı birimlerin satın alınması Dünya Kongresi'nin bir kararıyla yasaklanmıştır.</Text>
    </Row>
    <!-- Proposal UI Text -->
    <Row Tag="LOC_WC_PROPOSAL_TYPE_AID_REQUEST_NAME">
      <Text>Yardım Talebi</Text>
    </Row>
    <Row Tag="LOC_WC_PROPOSAL_TYPE_EMERGENCY_NAME">
      <Text>Acil Durumlar</Text>
    </Row>
    <Row Tag="LOC_WC_PROPOSAL_TYPE_COMPETITION_NAME">
      <Text>Yarışmalar</Text>
    </Row>
    <Row Tag="LOC_WC_VOTING_BLOCKER_NOT_BLOCKING_DESC">
      <Text>Bu Tartışma için lehte veya aleyhte oy kullanabilirsiniz.</Text>
    </Row>
    <Row Tag="LOC_WC_VOTING_BLOCKER_AM_TARGET_OF_HOSTILE_DESC">
      <Text>Bu Tartışma lehine oy kullanamazsınız.  Hedef oyuncu sizsiniz.</Text>
    </Row>
    <Row Tag="LOC_WC_VOTING_BLOCKER_AM_TARGET_OF_FRIENDLY_DESC">
      <Text>Bu Tartışmaya karşı oy kullanamazsınız.  Hedef oyuncu sizsiniz.</Text>
    </Row>
    <Row Tag="LOC_WC_VOTING_BLOCKER_HAVENT_MET_TARGET_DESC">
      <Text>Bu Tartışmada oy kullanamazsınız.  Hedef oyuncu ile tanışmadınız.</Text>
    </Row>
    <Row Tag="LOC_WC_VOTING_BLOCKER_NOT_INVITED_TO_EMERGENCY_DESC">
      <Text>Bu Tartışmada oy kullanamazsınız.  Acil Durum'a taraf değilsiniz.</Text>
    </Row>
    <Row Tag="LOC_WC_PROPOSAL_BLOCKER_ALREADY_PROPOSED_DESC">
      <Text>Bu Dünya Kongresi için bu Tartışmayı zaten önermiştiniz.</Text>
    </Row>
    <Row Tag="LOC_WC_PROPOSAL_BLOCKER_CONGRESS_LOCKOUT_DESC">
      <Text>Dünya Kongresi'nin Özel Oturumu, henüz bitmiş olan bir oturumun hemen ardından çağrılamaz.</Text>
    </Row>
    <Row Tag="LOC_OPERATION_REMOVE_FEATURE_BANNED">
      <Text>[COLOR_RED]Bu Özelliğin kaldırılması Dünya Kongresi tarafından yasaklanmıştır.[ENDCOLOR]</Text>
    </Row>
    <Row Tag="LOC_WORLD_CONGRESS_PREVIOUS_TOOLTIP_A_WON">
      <Text>Dünya Kongresi bu Kararı en son değerlendirdiğinde, seçilen seçenek A hedefleme {1_Target} olmuştur.</Text>
    </Row>
    <Row Tag="LOC_WORLD_CONGRESS_PREVIOUS_TOOLTIP_B_WON">
      <Text>Dünya Kongresi bu Kararı en son değerlendirdiğinde, seçilen seçenek B hedeflemesi {1_Target} olmuştur.</Text>
    </Row>
    <Row Tag="LOC_WORLD_CONGRESS_PREVIOUS_TOOLTIP_WAS_TIE">
      <Text>[ICON_BOLT] Eşitlik bozma ile karar verildi</Text>
    </Row>
    <Row Tag="LOC_WORLD_CONGRESS_PREVIOUS_TOOLTIP_A_SOLE_VOTE">
      <Text>[ICON_BOLT] {1_PlayerName} A seçeneği için tek seçmendi</Text>
    </Row>
    <Row Tag="LOC_WORLD_CONGRESS_PREVIOUS_TOOLTIP_B_SOLE_VOTE">
      <Text>[ICON_BOLT] {1_PlayerName} B seçeneği için oy kullanan tek kişiydi</Text>
    </Row>
    <Row Tag="LOC_WORLD_CONGRESS_PREVIOUS_TOOLTIP_TARGET_SOLE_VOTE">
      <Text>[ICON_BOLT] {1_PlayerName} {2_Target} için tek seçmendi</Text>
    </Row>
    <Row Tag="LOC_WORLD_CONGRESS_PREVIOUS_TOOLTIP_NECK_AND_NECK_A">
      <Text>[ICON_BOLT] A Seçeneği B Seçeneğini zar zor yendi</Text>
    </Row>
    <Row Tag="LOC_WORLD_CONGRESS_PREVIOUS_TOOLTIP_NECK_AND_NECK_B">
      <Text>[ICON_BOLT] B seçeneği A seçeneğini zorlukla yendi</Text>
    </Row>
    <Row Tag="LOC_WORLD_CONGRESS_PREVIOUS_TOOLTIP_NECK_AND_NECK_TARGET">
      <Text>[ICON_BOLT] {1_Target}, {2_SecondPlaceTarget}'e kıyasla zorlukla hedef olarak seçilmiştir.</Text>
    </Row>
    <Row Tag="LOC_WORLD_CONGRESS_PREVIOUS_TOOLTIP_UNANIMOUS_A">
      <Text>[ICON_BOLT] A seçeneği oybirliğiyle seçildi</Text>
    </Row>
    <Row Tag="LOC_WORLD_CONGRESS_PREVIOUS_TOOLTIP_UNANIMOUS_B">
      <Text>[ICON_BOLT] B seçeneği oybirliğiyle seçildi</Text>
    </Row>
    <Row Tag="LOC_WORLD_CONGRESS_PREVIOUS_TOOLTIP_UNANIMOUS_TARGET">
      <Text>[ICON_BOLT] {1_Target} oybirliğiyle hedef olarak seçilmiştir.</Text>
    </Row>
    <Row Tag="LOC_WORLD_CONGRESS_PREVIOUS_TOOLTIP_MAJORITY_A">
      <Text>[ICON_BOLT] {1_Player} A Seçeneği için öncülük etti</Text>
    </Row>
    <Row Tag="LOC_WORLD_CONGRESS_PREVIOUS_TOOLTIP_MAJORITY_B">
      <Text>[ICON_BOLT] {1_Player} B Seçeneği için öncülük etti</Text>
    </Row>
    <Row Tag="LOC_WORLD_CONGRESS_PREVIOUS_TOOLTIP_MAJORITY_TARGET">
      <Text>[ICON_BOLT] {1_Player} en çok oyu {2_Target} için aldı</Text>
    </Row>
    <Row Tag="LOC_DVP_TOOLTIP_AGREEING_RESOLUTIONS">
      <Text>[ICON_BOLT] {1_Amount} Kongre Katılımından</Text>
    </Row>
    <Row Tag="LOC_DVP_TOOLTIP_DVP_RESOLUTION">
      <Text>[ICON_BOLT] {1_Amount} Diplomatik Zafer Kararı'ndan</Text>
    </Row>
    <Row Tag="LOC_DVP_TOOLTIP_SCORED_COMPETITIONS">
      <Text>[ICON_BOLT] {1_Amount} Puanlı Müsabakalardan</Text>
    </Row>
    <Row Tag="LOC_DVP_TOOLTIP_OTHER_SOURCES">
      <Text>[ICON_BOLT] {1_Amount} Wonders, Techs, and Civics'ten</Text>
    </Row>
  </EnglishText>
</GameData>