﻿<?xml version="1.0" encoding="utf-8"?>
<!-- edited with XMLSPY v2004 rel. 2 U (http://www.xmlspy.com) by Ed Beach (Firaxis Games) -->
<GameData>
  <EnglishText>
    <!--Improvements-->
    <Row Tag="LOC_IMPROVEMENT_CHATEAU_DESCRIPTION">
      <Text>Fransa'ya özgü bir Şato inşa etmek için İnşaatçı yeteneğinin kilidini açar.[NEWLINE][NEWLINE]+2 [ICON_Culture] Kültür ve +1 [ICON_Gold] Altın. +1 Cazibe. Her komşu mucize için +1 [ICON_Culture] Kültür (Uçuş araştırmasından sonra +2 olur). Nehir kenarı içeren bir karo üzerindeyse +2 [ICON_Gold] Altın. Uçuş araştırmasından sonra [ICON_CULTURE] Kültürden [ICON_TOURISM] Turizm sağlar. Bir Bonus veya Lüks kaynağına bitişik olarak yerleştirilmelidir. Başka bir Şatoya bitişik inşa edilemez.</Text>
    </Row>
    <Row Tag="LOC_IMPROVEMENT_ZIGGURAT_DESCRIPTION">
      <Text>Sümer'e özgü bir Ziggurat inşa etmek için İnşaatçı yeteneğinin kilidini açar.[NEWLINE][NEWLINE]+2 [ICON_Science] Bilim. Nehrin yanındaysa +1 [ICON_Culture] Kültür. Tepeler üzerine inşa edilemez.</Text>
    </Row>
    <Row Tag="LOC_IMPROVEMENT_GEOTHERMAL_PLANT_NAME">
      <Text>Jeotermal Tesis</Text>
    </Row>
    <Row Tag="LOC_IMPROVEMENT_GEOTHERMAL_PLANT_DESCRIPTION">
      <Text>Jeotermal Tesis inşa etmek için İnşaatçı yeteneğinin kilidini açar.[NEWLINE][NEWLINE]+1 [ICON_Science] Bilim. +2 [ICON_Production] Üretim. Her turda 4 [ICON_Power] Güç sağlar. Bir Jeotermal Çatlak üzerine inşa edilmelidir.</Text>
    </Row>
    <Row Tag="LOC_IMPROVEMENT_SOLAR_FARM_NAME">
      <Text>Güneş Çiftliği</Text>
    </Row>
    <Row Tag="LOC_IMPROVEMENT_SOLAR_FARM_DESCRIPTION">
      <Text>Bir Güneş Çiftliği inşa etmek için İnşaatçı yeteneğinin kilidini açar.[NEWLINE][NEWLINE]+1 [ICON_Gold] Altın. +1 [ICON_Production] Üretim. Dönüş başına 2 [ICON_Power] Güç sağlar. Düz arazide inşa edilmelidir. Kar üzerine inşa edilemez.</Text>
    </Row>
    <Row Tag="LOC_IMPROVEMENT_WIND_FARM_NAME">
      <Text>Rüzgar Çiftliği</Text>
    </Row>
    <Row Tag="LOC_IMPROVEMENT_WIND_FARM_DESCRIPTION">
      <Text>Bir Rüzgar Çiftliği inşa etmek için İnşaatçı yeteneğinin kilidini açar.[NEWLINE][NEWLINE]+2 [ICON_Gold] Altın. +1 [ICON_Production] Üretim. Dönüş başına 2 [ICON_Power] Güç sağlar. Tepe arazisi üzerine inşa edilmelidir.</Text>
    </Row>
    <Row Tag="LOC_IMPROVEMENT_OFFSHORE_WIND_FARM_NAME">
      <Text>Açık Deniz Rüzgar Çiftliği</Text>
    </Row>
    <Row Tag="LOC_IMPROVEMENT_OFFSHORE_WIND_FARM_DESCRIPTION">
      <Text>Bir Açık Deniz Rüzgar Çiftliği inşa etmek için İnşaatçı yeteneğinin kilidini açar. [NEWLINE][NEWLINE]+2 [ICON_Production] Üretim. Dönüş başına 2 [ICON_Power] Güç sağlar. Kıyı veya Göl arazisi üzerine inşa edilmelidir.</Text>
    </Row>
    <Row Tag="LOC_IMPROVEMENT_SEASTEAD_NAME">
      <Text>Seastead</Text>
    </Row>
    <Row Tag="LOC_IMPROVEMENT_SEASTEAD_DESCRIPTION">
      <Text>Bir Seastead inşa etmek için İnşaatçı yeteneğinin kilidini açar.[NEWLINE][NEWLINE]+2 [ICON_FOOD] Gıda. Bitişik her Balıkçı Teknesi için +1 [ICON_Production] Üretim. Balıkçı Tekneleri, bitişik her Seastead için +1 [ICON_Production] Üretim alır. Bitişik her Resif için +1 [ICON_Culture] Kültür ve [ICON_Tourism] Turizm. +2 [ICON_HOUSING] Konut. Kıyı, Göl veya Okyanus arazisi üzerine inşa edilmelidir. Başka bir Seastead'a bitişik olarak yerleştirilemez.</Text>
    </Row>
    <Row Tag="LOC_IMPROVEMENT_MOAI_DESCRIPTION">
      <Text>Moai inşa etmek için İnşaatçı yeteneğinin kilidini açar.[NEWLINE][NEWLINE]+1 [ICON_Culture] Kültür. Bitişik her 2 Moai için +1 [ICON_Culture] Kültür. Volkanik Toprak karesi üzerinde veya bitişiğindeyse +2 [ICON_Culture] Kültür. Bir Kıyı veya Göl karesine bitişikse +1 [ICON_Culture] Kültür. Yurttaşlık ve Teknoloji Ağacında ilerledikçe ilave [ICON_Culture] Kültür ve [ICON_Tourism] Turizm. Ovalar, Ovalar Tepeleri, Otlaklar, Otlak Tepeleri veya Volkanik Toprak üzerine inşa edilebilir. Bir Orman veya Yağmur Ormanı karesine bitişik olarak yerleştirilemez.</Text>
    </Row>
    <Row Tag="LOC_IMPROVEMENT_MOUND_NAME">
      <Text>Cahokia Höyükleri</Text>
    </Row>
    <Row Tag="LOC_IMPROVEMENT_MOUND_DESCRIPTION">
      <Text>Bir Cahokia Höyüğü inşa etmek için İnşaatçı yeteneğinin kilidini açar.[NEWLINE][NEWLINE]+3 [ICON_GOLD] Altın. Şehirler ilk Cahokia Höyüğü geliştirmelerinden +1 [ICON_AMENITIES] Amenity alırlar. Doğa Tarihi'ni keşfeden şehirler, ikinci Cahokia Höyüğü geliştirmelerinden +1 [ICON_AMENITIES] Amenity alırlar. Feodalizm keşfedildiğinde her 2 komşu Bölge için veya Değiştirilebilir Parçalar araştırıldığında her komşu Bölge için +1 [ICON_FOOD] Yiyecek. +1 [ICON_HOUSING] Barınma sağlar. Kültürel Miras keşfedildiğinde ilave bir [ICON_HOUSING] Konut elde edilir. Diğer Cahokia Höyüklerine bitişik inşa edilemez.</Text>
    </Row>
    <Row Tag="LOC_IMPROVEMENT_NAZCA_LINE_NAME">
      <Text>Nazca Hattı</Text>
    </Row>
    <Row Tag="LOC_IMPROVEMENT_NAZCA_LINE_DESCRIPTION">
      <Text>Bir Nazca Hattı inşa etmek için İnşaatçı yeteneğinin kilidini açar. [NEWLINE][NEWLINE]+1 [ICON_Faith] Bitişik karolara inanç. +1 [ICON_Faith] Bir kaynağa sahip bitişik karolara inanç. +1 [ICON_FOOD] Sivil Hizmet keşfedildikten sonra bitişik Çöl ve Çöl Tepesi karolarına yiyecek. +1 [ICON_PRODUCTION] Seri Üretim keşfedildikten sonra bitişik düz karolara üretim. +1 İtiraz. Sadece düz Çöl üzerine inşa edilebilir. Bu karo üzerinde çalışılamaz.</Text>
    </Row>
    <Row Tag="LOC_IMPROVEMENT_MOAI_NAME">
      <Text>Moai</Text>
    </Row>
    <Row Tag="LOC_IMPROVEMENT_SKI_RESORT_NAME">
      <Text>Kayak Merkezi</Text>
    </Row>
    <Row Tag="LOC_IMPROVEMENT_SKI_RESORT_DESCRIPTION">
      <Text>Bir Kayak Merkezi inşa etmek için İnşaatçı yeteneğinin kilidini açar.[NEWLINE][NEWLINE]+4 [ICON_Tourism] Turizm sağlar. Bir [ICON_AMENITIES] Kolaylık sağlar. Sadece bir Dağ üzerinde inşa edilebilir. Başka bir Kayak Merkezine bitişik inşa edilemez. Yağmalanamaz, işlenemez veya kaldırılamaz.</Text>
    </Row>
    <Row Tag="LOC_IMPROVEMENT_MOUNTAIN_TUNNEL_NAME">
      <Text>Dağ Tüneli</Text>
    </Row>
    <Row Tag="LOC_IMPROVEMENT_MOUNTAIN_TUNNEL_DESCRIPTION">
      <Text>Askeri Mühendisin bir Dağ Tüneli inşa etme yeteneğinin kilidini açar. [NEWLINE][NEWLINE]Bir dağ sırası üzerinde hareket portalı görevi görerek birimlerin 2 [ICON_Movement] Hareket maliyetiyle içine girip başka bir portaldan çıkmasını sağlar. [ICON_TradeRoute] İçinden geçen Ticaret Yolları, varış noktalarındaki bölgelerden elde ettikleri [ICON_Gold] Altını katlayabilir. Yalnızca bitişik bir Dağ karesi üzerine inşa edilebilir. Yağmalanamaz veya kaldırılamaz.</Text>
    </Row>
    <!--Goody Huts -->
    <Row Tag="LOC_GOODYHUT_DIPLOMACY_GOVERNOR_TITLE_DESCRIPTION">
      <Text>[COLOR_FLOAT_DIPLOMATIC]+1 [ICON_Governor] Vali Unvanı[ENDCOLOR]</Text>
    </Row>
    <Row Tag="LOC_GOODYHUT_DIPLOMACY_ENVOY_DESCRIPTION">
      <Text>[COLOR_FLOAT_DIPLOMATIC]+{1_Num} [ICON_Envoy] Elçi[ENDCOLOR]</Text>
    </Row>
    <Row Tag="LOC_GOODYHUT_DIPLOMACY_FAVOR_DESCRIPTION">
      <Text>[COLOR_FLOAT_DIPLOMATIC]+{1_Num} [ICON_FAVOR] Diplomatik İyilik[ENDCOLOR]</Text>
    </Row>
    <Row Tag="LOC_GOODYHUT_MILITARY_RESOURCES_DESCRIPTION">
      <Text>[COLOR_FLOAT_MILITARY]+{1_Num} [ICON_{2_Icon}] {3_Resources}[ENDCOLOR]</Text>
    </Row>
    <!-- Updates-->
    <Row Tag="LOC_IMPROVEMENT_ALCAZAR_EXPANSION2_DESCRIPTION">
      <Text>Bir Alcázar inşa etmek için İnşaatçı yeteneğinin kilidini açar.[NEWLINE][NEWLINE]+2 [ICON_Culture] Kültür. Karonun Çekiciliğinin %50'sine eşit [ICON_SCIENCE] Bilim sağlar. İşgal eden birim +4 [ICON_Strength] Savunma Gücü alır ve otomatik olarak 2 tur tahkimat kazanır. Uçuş araştırmasından sonra [ICON_TOURISM] Turizm sağlar. Başka bir Alcázar'ın yanına inşa edilemez.</Text>
    </Row>
    <Row Tag="LOC_IMPROVEMENT_CAMP_EXPANSION2_DESCRIPTION">
      <Text>İnşaatçının Kamp inşa etme yeteneğinin kilidini açar.[NEWLINE][NEWLINE]+2 [ICON_Gold] Altın. Yalnızca geçerli kaynaklar üzerine inşa edilebilir.[NEWLINE][NEWLINE]Lüks kaynaklar üzerine inşa edilirse, şehir o kaynaktan yararlanır.</Text>
    </Row>
    <Row Tag="LOC_IMPROVEMENT_COLOSSAL_HEAD_EXPANSION2_DESCRIPTION">
      <Text>Bir Devasa Kafa inşa etmek için İnşaatçı yeteneğinin kilidini açar.[NEWLINE][NEWLINE]+2 [ICON_Faith] İnanç. Bitişikteki her 2 Yağmur Ormanı için veya Hümanizm keşfedildikten sonra bitişikteki her Yağmur Ormanı için +1 [ICON_Faith] İnanç. Her 2 bitişik Orman için veya Hümanizm keşfedildikten sonra her bitişik Orman için +1 [ICON_Faith] İnanç. [ICON_TOURISM] Uçuş araştırıldıktan sonra [ICON_FAITH] İnanç'tan Turizm. Kar veya Kar Tepeleri üzerine inşa edilemez.</Text>
    </Row>
    <Row Tag="LOC_IMPROVEMENT_MONASTERY_EXPANSION2_DESCRIPTION">
      <Text>Bir Manastır inşa etmek için İnşaatçı yeteneğinin kilidini açar. [NEWLINE][NEWLINE]+2 [ICON_Faith] İnanç. Bu karede bulunan ve bu tur saldırmamış dost dini birim için +15 HP iyileştirme. Her 2 komşu Bölge için +1 [ICON_FAITH] İnanç. +1 [ICON_HOUSING] Konut sağlar. Sömürgecilik keşfedildiğinde ek bir [ICON_HOUSING] Konut alın. Başka bir Manastırın yanına inşa edilemez.</Text>
    </Row>
    <Row Tag="LOC_IMPROVEMENT_LUMBER_MILL_EXPANSION2_DESCRIPTION">
      <Text>Kereste Değirmeni inşa etmek için İnşaatçı yeteneğinin kilidini açar.[NEWLINE][NEWLINE]+2 [ICON_Production] Üretim. Sadece Orman üzerine inşa edilebilir. Merkantilizm kilidi açıldıktan sonra Yağmur Ormanı üzerine de inşa edilebilir.</Text>
    </Row>
    <Row Tag="LOC_BARB_CAMP_DISPERSAL_DESCRIPTION_HEALING">
      <Text>[COLOR_FLOAT_FAITH]+{1_Num} HP[ENDCOLOR]</Text>
    </Row>
  </EnglishText>
</GameData>