﻿<?xml version="1.0" encoding="utf-8"?>
<!-- edited with XMLSPY v2004 rel. 2 U (http://www.xmlspy.com) by Ed Beach (Firaxis Games) -->
<GameData>
  <BaseGameText>
    <Row Tag="LOC_TUTORIAL_INTRO_TO_WORLD_CONGRESS">
      <Text>Dünya Kongresine katılmak üzere davet edildik. Bu uluslararası sahnede, dünya liderleri arasındaki kararları ve anlaşmaları oylayarak, tüm dünya tarafından ele alınması gereken önemli konulara karar vereceğiz.[NEWLINE][NEWLINE]Dünya Kongresi her 30 turda bir toplanır (Standart Hız). Kongre sırasında oyuncular, birikmiş [ICON_Favor] Diplomatik İyiliklerini kullanarak Kararları ve Tartışmaları oylar ve bir sonraki Kongre toplantısına kadar oyun kurallarının nasıl değişeceğini etkiler.</Text>
    </Row>
    <Row Tag="LOC_TUTORIAL_WORLD_CONGRESS_STAGE_2">
      <Text>Dünya Kongresinin bu Özel Oturumuna çağrılmış bulunuyoruz. [NEWLINE][NEWLINE]Özel Oturumlar, Acil Duruma yol açacak koşullardan olumsuz etkilenen oyuncular tarafından her 15 turda bir (Standart Hız) çağrılabilir.  Bu, başka bir oyuncu (Askeri Acil Durum gibi) veya çevre (Yardım Talebi gibi) olabilir.  Bu aşamada, Acil Duruma dahil olabilecek oyuncular ilgili Tartışma için oy kullanmalıdır.  Tartışma kabul edilirse, oy veren oyuncular Acil Duruma katılır.</Text>
    </Row>
    <Row Tag="LOC_TUTORIAL_WORLD_CONGRESS_STAGE_OVER">
      <Text>Dünya Kongresi sona erdi. Yakında tekrar toplanacak, ancak bu arada yürürlükteki yeni oyun kurallarından yararlanın! Diplomasi'ye girip soldaki en üst simgeye tıklayarak bunları görüntüleyebilirsiniz.</Text>
    </Row>
    <Row Tag="LOC_TUTORIAL_FLOODPLAIN_REVEAL">
      <Text>Bu nehir taşkın yataklarına sahiptir, yani daha önce taşmıştır ve tekrar taşabilir. Bu nehir boyunca gelecekte herhangi bir noktada bir Sel meydana gelebilir. Bu bize risklerin yanı sıra potansiyel faydalar da sunar.[NEWLINE][NEWLINE]Bir Sel, Nehir boyunca herhangi bir karoyu etkileyebilir. Sular altında kalan bir karo, karo üzerindeki İyileştirmeleri ve yağmalanan Bölgeleri yağmalayacak veya yok edecektir, ancak sonuç olarak karo için verimi de artırabilir.</Text>
    </Row>
    <Row Tag="LOC_TUTORIAL_VOLCANO_REVEAL">
      <Text>Bu Yanardağ şu anda sessiz, ancak gelecekte bir noktada tekrar patlayabilir. Halkımız için bir tehlike ya da beklenmedik bir nimet olabilir. [NEWLINE][NEWLINE]Bir Patlama, Yanardağa komşu herhangi bir kareyi etkileyebilir. Patlama, karo üzerindeki iyileştirmeleri ve yağma bölgelerini yağmalayacak veya yok edecektir, ancak sonuç olarak karo üzerindeki verimi de artırabilir.</Text>
    </Row>
    <Row Tag="LOC_TUTORIAL_GEOTHERMAL_REVEAL">
      <Text>Burada yerden buhar tıslıyor, dönen bulutlar halinde yükseliyor. Burası bir Jeotermal Çatlak; gezegenin ısısının doğal bacalardan kaçtığı bir yer.[NEWLINE][NEWLINE]Zamanla, bu doğal özelliklerden yararlanmanızı sağlayacak teknolojileri araştırabilirsiniz.</Text>
    </Row>
    <Row Tag="LOC_TUTORIAL_FIRST_CLIMATE_CHANGE">
      <Text>Dünya ısınıyor ve bunun ciddi sonuçları olabilir. Bazı kutup buzları eridi ve alçakta kalan yerleşim yerleri gelecekte risk altında olabilir. Sıcaklık daha da artarsa, daha fazla kıyı ovası sular altında kalabilir ve sonunda dalgaların altına gömülebilir. Risk altındaki şehirlerimizde bir Sel Bariyeri inşa etmek isteyebiliriz. İklim değişikliği ayrıca daha kötü ve daha sık fırtınalara ve kuraklıklara yol açacak, bu da toprağın daha önceki verimlilik kazanımlarını bile ortadan kaldırabilecektir. Dünyanın iklimi hakkındaki bilgileri istediğiniz zaman İklim Ekranında görebilirsiniz.</Text>
    </Row>
    <Row Tag="LOC_TUTORIAL_CONSUME_POWER_RESOURCE">
      <Text>Halkımız yeni bir güç kaynağı yarattı. Onlar sevinirken bile gökyüzüne duman bulutları yükseliyor. Yakıt yakarak atmosfere CO2 ekliyoruz. Bunu yapmaya devam etmek eninde sonunda gezegeni ısıtacaktır.[NEWLINE][NEWLINE]Daha sıcak bir gezegen deniz seviyelerinin yükselmesine ve kıyı bölgelerinin sular altında kalmasına neden olacaktır. Bu tehdit gelecekte gerçekleşebilecek olsa da, kıyı taşkınlarının şehirlerinizi ve uygarlığınızı nasıl etkileyeceğini düşünmek isteyebilirsiniz.</Text>
    </Row>
    <Row Tag="LOC_TUTORIAL_STORM_REVEAL">
      <Text>Rüzgâr uğulduyor ve yağmur kırbaçlıyor - Güçlü bir Fırtına toprakları kasıp kavuruyor! Burada tehlike var ama aynı zamanda fırsat da var. [NEWLINE][NEWLINE]Fırtına dağılmadan önce birkaç kareden geçecek. Geçtiği tüm karolardaki İyileştirmeleri ve yağma Bölgelerini yağmalayacak veya yok edecek, ancak bunun sonucunda karo üzerindeki verimi de artırabilir.</Text>
    </Row>
    <Row Tag="LOC_TUTORIAL_DAM_TECHNOLOGY_UNLOCK">
      <Text>Halkımızın keşfi, nehirlerin akışını düzenleyebileceğimiz ve şiddetli bir selde bile önleyebileceğimiz anlamına geliyor. Artık Baraj bölgesi inşa etme yeteneğine sahipsiniz.[NEWLINE][NEWLINE]Her nehir için bir Baraj inşa edebilirsiniz, bu da bu Nehir boyunca Selleri önleyecektir.</Text>
    </Row>
    <Row Tag="LOC_TUTORIAL_CANAL_TECHNOLOGY_UNLOCK">
      <Text>Halkımız henüz mevcut olmayan bir su yolu hayal ediyor ve bu yeni keşif, onu inşa etmelerini sağlayabilir. Artık Kanal inşa etme yeteneğine sahipsiniz.[NEWLINE][NEWLINE]Bunlar deniz birliklerinin ve ticaret kervanlarının karadan geçmesini sağlar. Bir Kanal, içinden geçen herhangi bir Ticaret Yolundan elde edilen verimi artıracaktır.</Text>
    </Row>
    <Row Tag="LOC_TUTORIAL_WORLD_CONGRESS_CONVENE">
      <Text>Birçok ülkedeki bilge zihinler, medeniyetler arasındaki anlaşmazlıkları barışçıl yollarla çözmeyi öneriyor. Bir Dünya Kongresi çağrısına katılalım mı?[NEWLINE][NEWLINE]Dünya Kongresi, dünyadaki tüm medeniyetlerin bir organizasyonudur. Bu organizasyonu başarılı bir şekilde kullanmak Diplomatik Zaferin önemli bir parçasıdır.</Text>
    </Row>
    <Row Tag="LOC_TUTORIAL_PLAYER_DISCUSSION_ACCEPT">
      <Text>Etkili argümanlarımız dünyanın diğer medeniyetlerini ikna etti ve Tartışmamız kabul edildi!</Text>
    </Row>
    <Row Tag="LOC_TUTORIAL_PLAYER_DISCUSSION_FAIL">
      <Text>Yalvarmalarımıza rağmen, dünyanın diğer medeniyetlerini davamız konusunda ikna edemedik. Tartışmamız reddedildi.</Text>
    </Row>
    <Row Tag="LOC_TUTORIAL_INTERVENTION_AVAILABLE">
      <Text>Oyuncuların bir Acil Durum için bir araya gelmelerini talep etme fırsatımız var.  Bunu Dünya Kongresine teklif edelim mi?[NEWLINE][NEWLINE]Bir Acil Durumu tetiklemek için koşullar yerine getirildiğinde, etkilenen oyuncular [ICON_Favor] Diplomatik İyilik harcayarak Dünya Kongresinin Özel Oturumunu talep edebilir ve burada oyuncular durumla mücadele etmek için Puanlı Müsabaka başlatılıp başlatılmayacağını oylayacaktır.</Text>
    </Row>
    <Row Tag="LOC_TUTORIAL_INTERVENTION_PROPOSED_AND_WE_CAN_ADD">
      <Text>Başka bir uygarlık bir Acil Durumu ele almak üzere Dünya Kongresi Özel Oturumu talep etti.  Bizim de tartışmamız gereken bir Acil Durum var: bunu gündeme ekleyelim mi?[NEWLINE][NEWLINE]Tek bir Özel Oturumda aynı anda birden fazla Acil Durum tartışılabilir.  Bir Özel Oturum sona erdiğinde, belirli sayıda tur geçene kadar bir başkası çağrılamaz: eğer bir tartışma önermek istiyorsanız, şimdi bunu yapmanın tam zamanı.</Text>
    </Row>
    <Row Tag="LOC_TUTORIAL_INTERVENTION_PASS">
      <Text>Dünya Kongresi, medeniyetlerin ortak bir amaç için bir araya gelmeleri gerektiği konusunda mutabık kalmıştır. Onaylarını almak için diğer medeniyetlerle birlikte çalışabilir ya da bu Müdahaleye katılmamayı seçebiliriz.</Text>
    </Row>
    <Row Tag="LOC_TUTORIAL_EMERGENCY_1_XP2">
      <Text>Diğer medeniyetlerle birlikte daha büyük bir tehdide karşı birleştik.  Eğer başarılı olursak, ödüllendirileceğiz.  Ancak görevimizde başarısız olursak, düşman daha da güçlenecektir.</Text>
    </Row>
    <Row Tag="LOC_TUTORIAL_SCORED_COMPETITION_BEGUN">
      <Text>Şimdi barışçıl bir rekabet içinde diğer medeniyetlerle karşı karşıyayız.  Bu faaliyette en yetenekli olduğumuzu kim kanıtlayacak?  Eğer iyi bir performans gösterirsek, güçlü bonuslar kazanacağız.</Text>
    </Row>
    <Row Tag="LOC_TUTORIAL_PLAYER_DENOUNCED">
      <Text>İster hayal kırıklığından ister kötü niyetten olsun, dünyadaki başka bir medeniyet bizim eylemlerimize kızgın. Hoşnutsuzluklarını göstermek için bizi dünyanın önünde kınadılar. Bizimle gelecekteki bir savaşı meşrulaştırıyor olabilirler. Dikkatli olmalıyız.</Text>
    </Row>
    <Row Tag="LOC_TUTORIAL_PLAYER_GENERATES_GRIEVANCE">
      <Text>Başka bir uygarlığın iradesine karşı çıktık ve onları kızdırdık. Bize karşı bir Şikâyetleri var, bu da gelecekte onlarla çalışmayı daha zor hale getirebilir.</Text>
    </Row>
    <Row Tag="LOC_TUTORIAL_AI_GENERATES_GRIEVANCE">
      <Text>Başka bir medeniyetin eylemleri bizim haysiyetimize hakarettir. Onlara karşı bir Şikayetimiz var, bu da onlara karşı eylemlerimizi diğer medeniyetlere karşı haklı gösterebilir.</Text>
    </Row>
    <Row Tag="LOC_TUTORIAL_PLAYER_GAINS_FAVOR">
      <Text>Dünya Kongresi bu Kararla ilgili eylemlerimizi onaylamaktadır. Diğer medeniyetler nezdinde Diplomatik bir İyilik kazandık.</Text>
    </Row>
    <Row Tag="LOC_TUTORIAL_PLAYER_CB_REVOKED">
      <Text>Dünya Kongresi, mevcut savaşımız için Casus Belli'nin haklı olmadığına karar vermiştir. Artık bundan diplomatik fayda elde edemeyiz. Diplomatik olarak izole edilmemek için dikkatli olmalıyız.</Text>
    </Row>
    <Row Tag="LOC_TUTORIAL_CIV_MAKES_REQUEST">
      <Text>Dünyadaki başka bir Uygarlık sizden resmi bir Talepte bulundu. Bu önemli anda bu diplomatik jeste vereceğiniz yanıt, bu Medeniyetle olan ilişkinizin geleceğini belirleyecektir. [NEWLINE][NEWLINE]Talebe nasıl yanıt verdiğinize ve sonrasında nasıl davrandığınıza bağlı olarak, bu Medeniyet için Casus Belli'nin kullanılabilir hale gelmesi de dahil olmak üzere başka seçenekler mevcut olabilir.</Text>
    </Row>
    <Row Tag="LOC_TUTORIAL_PLAYER_ABLE_REQUEST">
      <Text>Dünyada başka bir Uygarlığı ilgilendiren önemli bir siyasi durum ortaya çıktı. Başka bir Uygarlıktan bir Talepte bulunabilirsiniz. Bu Talepler, diğer Medeniyetlerle ilişkinizde önemli anları temsil eder. [NEWLINE][NEWLINE]Diğer Medeniyetin nasıl yanıt verdiğine bağlı olarak, o Medeniyetle bir savaşı haklı çıkarmak için Casus Belli de dahil olmak üzere, diğer diplomatik seçenekler sizin için kullanılabilir hale gelebilir.</Text>
    </Row>
    <Row Tag="LOC_TUTORIAL_STRATEGIC_RESOURCE_AVAILABLE">
      <Text>Stratejik bir Kaynak biriktirmeye başladık! Halkımız bu yeni Kaynağın belirli askeri birimlerin inşası için gerekli olabileceğini ve gelecekte kullanmak üzere stoklayacaklarını biliyor. Bu Kaynaktan en iyi şekilde yararlanmak için kullanımımızı yönetmeliyiz.</Text>
    </Row>
    <Row Tag="LOC_TUTORIAL_UNIT_REQUIRES_FUEL_BUILT">
      <Text>Artık stratejik bir kaynağa ihtiyaç duyan bir askeri birimi eğitebiliyoruz. Eğer stoklarımızda yeterli miktarda kaynak bulundurmazsak, savaşta çok daha az etkili olacaktır.[NEWLINE][NEWLINE]Bu birimler sürekli kaynak tedarikine ihtiyaç duyacaktır. Bu kaynakların elimizde olduğundan emin olmalıyız.</Text>
    </Row>
    <Row Tag="LOC_TUTORIAL_POWER_REQUIRED_BUILDABLE">
      <Text>En bilge zihinlerimiz yeni bir cihaz inşa etmek için planlar geliştirdi, ancak bunun için insan çabasından daha büyük, düzenli bir Güç kaynağı gerekecek. Eğer onu kullanacaksak şehirlerimize Güç sağlamanın bir yolunu geliştirmeliyiz.</Text>
    </Row>
    <Row Tag="LOC_TUTORIAL_DIRTY_POWER_AVAILABLE">
      <Text>Şehrimize Enerji sağlamak için bir yöntem öğrendik, ancak bu Yakıt yakmamızı gerektirecek. Bu kaynak duman ve kirlilik üretecektir, bu nedenle maliyetleri ve faydaları dikkatlice tartmalıyız.</Text>
    </Row>
    <Row Tag="LOC_TUTORIAL_CLEAN_POWER_AVAILABLE">
      <Text>Harika bir haber! Enerji üretmek için yeni bir yöntemimiz var - Yakıt yakarak dünyayı kirletmeyecek bir yöntem. Bu, çevreye zarar verme riski olmadan şehirlerimize Enerji sağlamamıza olanak tanıyacak.</Text>
    </Row>
    <Row Tag="LOC_TUTORIAL_CITY_POWER_SHORTAGE">
      <Text>Bu şehirdeki çalışmalar düzensiz ilerliyor, çünkü şehirde Güç eksikliği var. Yeterli kaynak stoklamazsak, birimlerimiz, şehirlerimiz ve medeniyetimiz en büyük potansiyeline ulaşamayacaktır. [NEWLINE][NEWLINE]Bu şehre Güç sağlayan bir bina inşa etmeliyiz.</Text>
    </Row>
    <Row Tag="LOC_TUTORIAL_NEGATIVE_RESOURCE_RATE">
      <Text>Şu anda Kaynaklarımıza daha fazla talep var ve stoklarımız tükenme tehlikesiyle karşı karşıya. Bu gerçekleşirse, birimlerimiz çok daha az etkili hale gelecektir.[NEWLINE][NEWLINE]Kaynaklarımız tükenirse, bu Kaynaklara ihtiyaç duyan herhangi bir birim savaşta çok daha az etkili olacaktır. Daha az birim inşa etmeyi veya elimizdeki Kaynakları daha iyi kullanmanın yollarını bulmayı düşünebiliriz.</Text>
    </Row>
    <Row Tag="LOC_TUTORIAL_EXOPLANET_PROJECT_AVAILABLE">
      <Text>Bilim adamlarımız ve mühendislerimiz, kolonicileri uzak bir dünyadaki yeni bir eve taşıyabilecek bir gemi inşa edebileceklerine inanıyorlar. Bunu başarmak insanlık tarihinin en büyük teknolojik başarısı olacak ve uygarlığımızın tarihteki yerini sağlamlaştıracaktır.</Text>
    </Row>
    <Row Tag="LOC_TUTORIAL_EXOPLANET_SUPPORT_PROJECT_AVAILABLE">
      <Text>Uzak bir dünyaya yerleşecek uzay gemimiz yolculuğuna başladı, ancak yoluna devam etmesine yardımcı olacak daha fazla fırsat var. Yolculuğu hızlandıracak ek projeler inşa edebiliriz.</Text>
    </Row>
    <Row Tag="LOC_TUTORIAL_FUTURE_ERA_IMMINENT">
      <Text>Bilimin gizemleri ve kültürün soruları bize hala açık, ancak şimdi keşifler arasındaki bağlantılar kışkırtıcı bir şekilde belirsiz. Araştırmalarımız ilerledikçe, teknolojiler ve yurttaşlık arasındaki ilişki zaman içinde kendini gösterecektir.</Text>
    </Row>
    <Row Tag="LOC_TUTORIAL_BUILD_ROUTE_MOUNTAIN_AVAILABLE">
      <Text>Göklere uzanan dağlar başkalarının gözünü korkutabilir ama bizim halkımız onları aşmanın yollarını bilir. Dağları aşmak hem bizim birliklerimiz hem de düşmanlarımız için seyahati kolaylaştıracaktır.</Text>
    </Row>
    <Row Tag="LOC_TUTORIAL_BUILD_RAILROAD_AVAILABLE">
      <Text>Demiryolu pahalı bir girişimdir, ancak ticaret gücümüzü ve hat boyunca birliklerimizin hızını artıracaktır. Bunları nerede inşa edeceğimizi düşünmeliyiz.	 Bu görev için Askeri Mühendisler gerekecektir.</Text>
    </Row>
    <Row Tag="LOC_TUTORIAL_BUILD_ROCKBAND_AVAILABLE">
      <Text>Medeniyetimiz Rock Gruplarını işe alma yeteneğine sahiptir! Bu dünya çapındaki sanatçılar bir şehirdeki İnanç ile satın alınabilir. Onları konserler vermeleri ve medeniyetimiz için Turizm yaratmaları için uzak diyarlara turneye gönderin.</Text>
    </Row>
    <Row Tag="LOC_TUTORIAL_BUILD_COASTAL_LOWLANDS">
      <Text>Halkımız alçak sahil boyunca, okyanusun dalgalarının sesi içinde bir şehir kurmayı seçti. Ancak burası alçak bir arazi ve deniz seviyesi yükselirse sular altında kalacak.</Text>
    </Row>
    <!-- Super Advisor Lines -->
    <Row Tag="LOC_TUTORIAL_XP2_INTRO_WELCOME">
      <Text>Civilization VI: Gathering Storm'a hoş geldiniz! Bu rehber size bu genişleme paketindeki yeni özellikleri tanıtacak. Ek bilgileri Civilopedia'da ve Danışman ipuçlarında bulabilirsiniz.</Text>
    </Row>
    <Row Tag="LOC_TUTORIAL_XP2_INTRO_WORLD_CONGRESS">
      <Text>Dünya Kongresi, dünyadaki diğer medeniyetler arasında sesinizi duyurduğunuz yerdir. Aynı zamanda yeni Diplomatik Zafer'in de önemli bir parçasıdır. Teklifler oylanmak üzere Dünya Kongresine gönderilir ve iki türde sunulur: Kararlar ve Tartışmalar.</Text>
    </Row>
    <Row Tag="LOC_TUTORIAL_XP2_INTRO_WORLD_CONGRESS_DETAILS">
      <Text>{LOC_TUTORIAL_XP2_INTRO_WORLD_CONGRESS_DETAILS_1}[NEWLINE][NEWLINE]{LOC_TUTORIAL_XP2_INTRO_WORLD_CONGRESS_DETAILS_2}[NEWLINE][NEWLINE]{LOC_TUTORIAL_XP2_INTRO_WORLD_CONGRESS_DETAILS_3}</Text>
    </Row>
    <Row Tag="LOC_TUTORIAL_XP2_INTRO_WORLD_CONGRESS_DETAILS_1">
      <Text>Kararlar tüm medeniyetleri etkiler, örneğin bir Lüks Kaynağı yasaklamak veya kaynağın her kopyasından ekstra [ICON_Amenities] Olanaklar kazanmak gibi.</Text>
    </Row>
    <Row Tag="LOC_TUTORIAL_XP2_INTRO_WORLD_CONGRESS_DETAILS_2">
      <Text>Tartışmalar, Dünya Oyunları veya Dini Acil Durumlar gibi Dünya Kongresi üyelerinin katılabileceği potansiyel Puanlı Yarışmalar veya Acil Durumlardır.</Text>
    </Row>
    <Row Tag="LOC_TUTORIAL_XP2_INTRO_WORLD_CONGRESS_DETAILS_3">
      <Text>Üyeler, doğal afet sonrası yardım talebi gibi ele alınmasını istedikleri Acil bir durum varsa Özel Oturum çağrısında bulunabilirler.</Text>
    </Row>
    <Row Tag="LOC_TUTORIAL_XP2_INTRO_FAVOR">
      <Text>[ICON_Favor] Diplomatik Lütuf oyundaki yeni bir para birimidir. Diplomatik eylemleriniz size [ICON_Favor] Diplomatik İyilik kazandıracak ve bu iyilik Dünya Kongresinde size yardım etmek veya başkalarını engellemek için kullanılabilecek.</Text>
    </Row>
    <Row Tag="LOC_TUTORIAL_XP2_INTRO_FAVOR_DETAILS">
      <Text>{LOC_TUTORIAL_XP2_INTRO_FAVOR_DETAILS_1}[NEWLINE][NEWLINE]{LOC_TUTORIAL_XP2_INTRO_FAVOR_DETAILS_2}[NEWLINE][NEWLINE]{LOC_TUTORIAL_XP2_INTRO_FAVOR_DETAILS_3}</Text>
    </Row>
    <Row Tag="LOC_TUTORIAL_XP2_INTRO_FAVOR_DETAILS_1">
      <Text>[ICON_Favor] Diplomatik İyilik İttifaklar, Suzerain'i olduğunuz Şehir Devletleri, Puanlı Müsabakalarda başarı ve daha fazlası ile kazanılabilir.</Text>
    </Row>
    <Row Tag="LOC_TUTORIAL_XP2_INTRO_FAVOR_DETAILS_2">
      <Text>Bir oyun boyunca Diplomatik İyilik kazanmanın [ICON_Favor] büyük ve küçük yolları vardır.  Bazı eylemler tek seferde büyük miktarda İyilik kazandırırken, bazıları da zaman içinde yavaş yavaş kazandırır.  Dünya Kongresindeki konumunuzu güçlendirmek için diğer oyuncuların İyilikleriyle ticaret yapmayı deneyin.</Text>
    </Row>
    <Row Tag="LOC_TUTORIAL_XP2_INTRO_FAVOR_DETAILS_3">
      <Text>[ICON_Favor] Diplomatik İyiliğinizi diğer oyunculardan söz almak, Kongre Özel Oturumlarını çağırmak ve Dünya Kongresinde oy satın almak için harcayabilirsiniz.  Ya da oyun boyunca Diplomatik İyilik biriktirerek sonraki dönemlerde Diplomatik Zafer Puanlarının peşine düşebilirsiniz.</Text>
    </Row>
    <Row Tag="LOC_TUTORIAL_XP2_INTRO_DIPLO_VICTORY">
      <Text>Yeni Diplomatik Zaferi elde etmek için Diplomatik Zafer Puanları toplayın.</Text>
    </Row>
    <Row Tag="LOC_TUTORIAL_XP2_INTRO_DIPLO_VICTORY_DETAILS">
      <Text>{LOC_TUTORIAL_XP2_INTRO_DIPLO_VICTORY_DETAILS_1}[NEWLINE][NEWLINE]{LOC_TUTORIAL_XP2_INTRO_DIPLO_VICTORY_DETAILS_2}[NEWLINE][NEWLINE]{LOC_TUTORIAL_XP2_INTRO_DIPLO_VICTORY_DETAILS_3}</Text>
    </Row>
    <Row Tag="LOC_TUTORIAL_XP2_INTRO_DIPLO_VICTORY_DETAILS_1">
      <Text>Dünya Kongresi toplandığında, belirlenebilecek bir dizi Karar olacaktır.  Oylama sonuçlandığında, tüm oyuncular kazanan hedefi ve seçeneği seçtikleri her Karar için bir Diplomatik Zafer Puanı alacaklardır.</Text>
    </Row>
    <Row Tag="LOC_TUTORIAL_XP2_INTRO_DIPLO_VICTORY_DETAILS_2">
      <Text>Modern Çağ'dan itibaren oyuncular Diplomatik Zafer Puanları için yarışmak üzere Dünya Kongresinde [ICON_Favor] Diplomatik Favorilerini kullanabilecekler.  Kendinizi zafere yaklaştırmak veya diğer oyuncuların kendi zaferlerini elde etmelerini engellemek için Kararı kazanın.</Text>
    </Row>
    <Row Tag="LOC_TUTORIAL_XP2_INTRO_DIPLO_VICTORY_DETAILS_3">
      <Text>Yardım Talepleri ve Dünya Oyunları gibi acil durumlar, en yüksek puanı alan oyunculara Diplomatik Zafer Puanı sağlayacaktır.</Text>
    </Row>
    <Row Tag="LOC_TUTORIAL_XP2_INTRO_GRIEVANCES">
      <Text>Önceki Savaş Kışkırtıcılığı sistemi, diğer oyuncuların savaşçı eylemlerinizi nasıl gördüğünü gösteren yeni bir temsil ile değiştirildi: [ICON_STAT_GRIEVANCE] Şikayetler.</Text>
    </Row>
    <Row Tag="LOC_TUTORIAL_XP2_INTRO_GRIEVANCES_DETAILS">
      <Text>{LOC_TUTORIAL_XP2_INTRO_GRIEVANCES_DETAILS_1}[NEWLINE][NEWLINE]{LOC_TUTORIAL_XP2_INTRO_GRIEVANCES_DETAILS_2}[NEWLINE][NEWLINE]{LOC_TUTORIAL_XP2_INTRO_GRIEVANCES_DETAILS_3}</Text>
    </Row>
    <Row Tag="LOC_TUTORIAL_XP2_INTRO_GRIEVANCES_DETAILS_1">
      <Text>Artık diğer oyuncular İhbar, Savaş İlanı veya şehirlerinizden birini ele geçirerek ya da yerle bir ederek size haksızlık ettiğinde, onlara karşı [ICON_STAT_GRIEVANCE] Şikayet kazanırsınız ve dünyanın onayıyla misilleme yapabilirsiniz.  Artık haksız bir savaştan sonra adil, cezalandırıcı bir şehir ele geçirdiğiniz için İhbar edilmeyeceksiniz.</Text>
    </Row>
    <Row Tag="LOC_TUTORIAL_XP2_INTRO_GRIEVANCES_DETAILS_2">
      <Text>Ayrıca [ICON_STAT_GRIEVANCE] Şikayetleri kullanarak diğer oyunculardan Sözler talep edebilirsiniz.  Diğer oyuncu bu şekilde belirttiğiniz isteklerinize karşı gelmeye devam ederse, onlara karşı bir savaşı haklı çıkarmak için kullanabileceğiniz [ICON_STAT_GRIEVANCE] Şikayetleri sürekli olarak üretecektir.</Text>
    </Row>
    <Row Tag="LOC_TUTORIAL_XP2_INTRO_GRIEVANCES_DETAILS_3">
      <Text>Ancak dünyanın geneli hala diğer oyuncuların size karşı olan genel [ICON_STAT_GRIEVANCE] şikayetlerine dikkat etmektedir.  Eğer başkalarını, onların sizi üzdüğünden daha fazla üzdüyseniz, üçüncü taraflar bunu fark edecek ve bu onların sizin hakkınızdaki görüşlerini etkileyecektir.</Text>
    </Row>
    <Row Tag="LOC_TUTORIAL_XP2_INTRO_ENVIRONMENT">
      <Text>Civilization VI: Gathering Storm'da etrafınızdaki çevre her zamankinden daha canlı. Seller, fırtınalar ve yanardağlar gibi doğal afetler İyileştirmelerinizi ve Bölgelerinizi yağmalayabilir veya yok edebilir; ancak geçtikten sonra toprakları yenileyebilir ve zenginleştirebilir.</Text>
    </Row>
    <Row Tag="LOC_TUTORIAL_XP2_INTRO_ENVIRONMENT_DETAILS">
      <Text>{LOC_TUTORIAL_XP2_INTRO_ENVIRONMENT_DETAIL_1}[NEWLINE][NEWLINE]{LOC_TUTORIAL_XP2_INTRO_ENVIRONMENT_DETAIL_2}</Text>
    </Row>
    <Row Tag="LOC_TUTORIAL_XP2_INTRO_ENVIRONMENT_DETAIL_1">
      <Text>Kar fırtınalarından toz fırtınalarına, hortumlardan kasırgalara kadar fırtınalar üstesinden gelinmesi gereken bir başka zorluktur.</Text>
    </Row>
    <Row Tag="LOC_TUTORIAL_XP2_INTRO_ENVIRONMENT_DETAIL_2">
      <Text>Taşkın nehirler iyileştirmelerinize zarar verebilir, ancak bir karodaki [ICON_Food] Gıda verimini de artırabilir.</Text>
    </Row>
    <Row Tag="LOC_TUTORIAL_XP2_INTRO_VOLCANOES">
      <Text>Volkanlar yüksek riskli, ancak yüksek ödüllü yerleşim yerleridir. Volkanik patlamalar iyileştirmeleri, bölgeleri ve binaları yağmalayabilir veya yok edebilir ve hatta birimleri öldürebilir veya hasar verebilir. Ancak volkanik toprak çok değerli ve çok verimlidir.</Text>
    </Row>
    <Row Tag="LOC_TUTORIAL_XP2_INTRO_GEOTHERMAL">
      <Text>Jeotermal Çatlaklar, yakındaki binalara veya bölgelere ek [ICON_Amenities] Kolaylıklar veya [ICON_Tourism] Turizm gibi faydalar sağlayan yeni özelliklerdir.</Text>
    </Row>
    <Row Tag="LOC_TUTORIAL_XP2_INTRO_STRATEGIC_RESOURCES">
      <Text>Stratejik kaynaklar iki türe ayrılmıştır: Yakıt ve Malzeme. Yakıt kaynakları şehirlerinizin [ICON_Power] Güç ihtiyaçlarını karşılamak için kullanılırken, Malzeme kaynakları kaynaklara bağlı birimler üretmek için gereklidir.</Text>
    </Row>
    <Row Tag="LOC_TUTORIAL_XP2_INTRO_STRATEGIC_RESOURCES_DETAILS">
      <Text>{LOC_TUTORIAL_XP2_INTRO_STRATEGIC_RESOURCES_DETAIL_1}[NEWLINE][NEWLINE]{LOC_TUTORIAL_XP2_INTRO_STRATEGIC_RESOURCES_DETAIL_2}</Text>
    </Row>
    <Row Tag="LOC_TUTORIAL_XP2_INTRO_STRATEGIC_RESOURCES_DETAIL_1">
      <Text>Oyunun sonlarına doğru binaları daha etkili hale getirmek için şehrinizdeki [ICON_Power] Gücü yönetin.</Text>
    </Row>
    <Row Tag="LOC_TUTORIAL_XP2_INTRO_STRATEGIC_RESOURCES_DETAIL_2">
      <Text>Diğer uygarlıklarla Maddi Kaynak ve Yakıt Ticareti.</Text>
    </Row>
    <Row Tag="LOC_TUTORIAL_XP2_INTRO_RESOURCES">
      <Text>Kaynak kullanımıyla ilgili seçimleriniz dünyanın sıcaklığını doğrudan etkileyecek ve deniz seviyesinin yükselmesine neden olabilecektir. Bazı kıyı karoları sular altında kalma veya tamamen su altında kalma riski altında olacaktır. Şehirlere yerleşirken, bu kıyı ovası karolarının riskini göz önünde bulundurun, ancak Atom çağında bu karoları korumak için Sel Bariyerlerinin kullanılabileceğini unutmayın.</Text>
    </Row>
    <Row Tag="LOC_TUTORIAL_XP2_INTRO_RESOURCES_DETAILS">
      <Text>{LOC_TUTORIAL_XP2_INTRO_RESOURCES_DETAIL_1}[NEWLINE][NEWLINE]{LOC_TUTORIAL_XP2_INTRO_RESOURCES_DETAIL_2}[NEWLINE][NEWLINE]{LOC_TUTORIAL_XP2_INTRO_RESOURCES_DETAIL_3}</Text>
    </Row>
    <Row Tag="LOC_TUTORIAL_XP2_INTRO_RESOURCES_DETAIL_1">
      <Text>Yakıtın yanması atmosferi ısıtarak buzulların erimesine ve deniz seviyesinin yükselmesine yol açar.</Text>
    </Row>
    <Row Tag="LOC_TUTORIAL_XP2_INTRO_RESOURCES_DETAIL_2">
      <Text>Yerleşimciniz artık kıyıya yakın alçak bir bölgede bir şehir inşa edip etmediğinizi size söyleyecektir.</Text>
    </Row>
    <Row Tag="LOC_TUTORIAL_XP2_INTRO_RESOURCES_DETAIL_3">
      <Text>Sel Bariyeri şehrinizi yükselen denizden korumanıza yardımcı olacaktır.</Text>
    </Row>
    <Row Tag="LOC_TUTORIAL_XP2_INTRO_MORE">
      <Text>Civilization VI: Gathering Storm'da Teknoloji ve Yurttaşlık Ağaçlarındaki yeni dönemler, yeni Tarihi Anlar, Dev Ölüm Robotu da dahil olmak üzere yeni küresel birimler, yeni sistemlerle sinerji oluşturan liderler ve medeniyetler ve daha fazlası dahil olmak üzere keşfedilecek çok şey var.</Text>
    </Row>
    <Row Tag="LOC_TUTORIAL_XP2_INTRO_END">
      <Text>Uygarlığınız yaklaşan fırtınayı atlatabilecek mi? Sid Meier's Civilization VI'da nasıl hüküm süreceksiniz?</Text>
    </Row>
    <Row Tag="LOC_TUTORIAL_XP2_INTRO_END_DETAILS_1">
      <Text>Bu bilgileri danışmana danışarak, Civilopedia'yı kontrol ederek veya Duraklat menüsünden bu öğreticiyi yeniden açarak her zaman gözden geçirebilirsiniz.</Text>
    </Row>
    <!--City Panel Advisor-->
    <Row Tag="LOC_ADVISOR_CITYPANEL_POWER_INTRO">
      <Text>GÜÇ ÜRETMEK IÇIN:</Text>
    </Row>
    <Row Tag="LOC_ADVISOR_CITYPANEL_POWER_PLANTS">
      <Text>[NEWLINE][NEWLINE]Bu şehirde veya yakındaki bir şehirde bir Enerji Santrali inşa edin ve kullandığı kaynaktan ([ICON_RESOURCE_COAL] Kömür, [ICON_RESOURCE_OIL] Petrol veya [ICON_RESOURCE_URANIUM] Uranyum) bir stoğunuz olduğundan emin olun.</Text>
    </Row>
    <Row Tag="LOC_ADVISOR_CITYPANEL_HYDROELECTRIC_DAM">
      <Text>[NEWLINE][NEWLINE]Bir Baraj bölgesi ve bir Hidroelektrik Baraj binası inşa edin</Text>
    </Row>
    <Row Tag="LOC_ADVISOR_CITYPANEL_RENEWABLE_ENERGY">
      <Text>[NEWLINE][NEWLINE]İleri teknolojileri araştırmak ve Güneş Çiftliği, Rüzgar Çiftliği, Açık Deniz Rüzgar Çiftliği veya Jeotermal Santrali gibi karo iyileştirmeleri inşa etmek</Text>
    </Row>
  </BaseGameText>
</GameData>