﻿<?xml version="1.0" encoding="utf-8"?>
<GameData>
  <EnglishText>
    <!-- Pantheon-->
    <Row Tag="LOC_BELIEF_GODDESS_OF_FIRE_NAME">
      <Text>Ateş Tanrıçası</Text>
    </Row>
    <Row Tag="LOC_BELIEF_GODDESS_OF_FIRE_DESCRIPTION">
      <Text>+2 [ICON_FAITH] Jeotermal Çatlaklar ve Volkanik Topraktan Gelen İnanç.</Text>
    </Row>
    <Row Tag="LOC_BELIEF_GOD_OF_CRAFTSMEN_EXPANSION2_DESCRIPTION">
      <Text>Geliştirilmiş Stratejik kaynaklardan +1 [ICON_Production] Üretim ve +1 [ICON_Faith] İnanç.</Text>
    </Row>
    <Row Tag="LOC_BELIEF_DIVINE_SPARK_EXPANSION2_DESCRIPTION">
      <Text>+1 [ICON_GreatPerson] Kutsal Mekânlardan (Peygamber), Kütüphanesi olan Kampüslerden (Bilim İnsanı) ve Amfi Tiyatrosu olan Tiyatro Meydanlarından (Yazar) Büyük Kişi Puanları.</Text>
    </Row>
    <Row Tag="LOC_BELIEF_EARTH_GODDESS_EXPANSION2_DESCRIPTION">
      <Text>Nefes Kesen Cazibeye sahip karolardan +1 İnanç [ICON_Faith].</Text>
    </Row>
    <Row Tag="LOC_BELIEF_GODDESS_OF_THE_HUNT_EXPANSION2_DESCRIPTION">
      <Text>+1 [ICON_Food] Gıda ve +1 [ICON_Production] Kamplardan Üretim.</Text>
    </Row>
    <Row Tag="LOC_BELIEF_GODDESS_OF_FESTIVALS_EXPANSION2_DESCRIPTION">
      <Text>+1 [ICON_Culture] Plantasyonlardan Kültür.</Text>
    </Row>
    <Row Tag="LOC_BELIEF_FERTILITY_RITES_EXPANSION2_DESCRIPTION">
      <Text>Seçildiğinde sermayenizde bir İnşaatçı alırsınız. Şehir büyüme oranı %10 daha yüksektir.</Text>
    </Row>
    <Row Tag="LOC_BELIEF_RELIGIOUS_SETTLEMENTS_EXPANSION2_DESCRIPTION">
      <Text>Seçildiğinde başkentinize bir Yerleşimci alırsınız. Sınır genişleme oranı %15 daha hızlıdır.</Text>
    </Row>
    <Row Tag="LOC_BELIEF_RIVER_GODDESS_EXPANSION2_DESCRIPTION">
      <Text>Bir Nehre bitişik bir Kutsal Alan bölgesine sahip olan şehirlere +2 [ICON_Amenities] Kolaylık ve +2 [ICON_Housing] Konut.</Text>
    </Row>
    <Row Tag="LOC_BELIEF_INITIATION_RITES_EXPANSION2_DESCRIPTION">
      <Text>Dağıtılan her Barbar Karakolu için +50 [ICON_Faith] İnanç. Barbar Karakolunu dağıtan birim +100 HP iyileştirir.</Text>
    </Row>
    <Row Tag="LOC_BELIEF_LADY_OF_THE_REEDS_AND_MARSHES_EXPANSION2_DESCRIPTION">
      <Text>+2 [ICON_Production] Bataklık, Vaha ve Çöl Taşkın Yataklarından Üretim.</Text>
    </Row>
    <!-- Follower-->
    <Row Tag="LOC_BELIEF_HOLY_WATERS_NAME">
      <Text>Kutsal Sular</Text>
    </Row>
    <Row Tag="LOC_BELIEF_HOLY_WATERS_DESCRIPTION">
      <Text>Dini birimlerinizin İyileştirmesini, çoğunluk dininize sahip şehirlere ait Kutsal Alan bölgelerinde veya bitişik karelerde +10 artırır.</Text>
    </Row>
    <Row Tag="LOC_BELIEF_FEED_THE_WORLD_EXPANSION2_DESCRIPTION">
      <Text>Türbeler ve Tapınakların her biri +3 [ICON_FOOD] Yiyecek ve +2 [ICON_HOUSING] Konut sağlar.</Text>
    </Row>
    <Row Tag="LOC_BELIEF_RELIGIOUS_COMMUNITY_EXPANSION2_DESCRIPTION">
      <Text>Uluslararası [ICON_TradeRoute] Ticaret Yolları, Kutsal Alanlara sahip şehirlere +2 [ICON_GOLD] Altın ve Kutsal Alan bölgesindeki her bina için ek +2 [ICON_GOLD] Altın sağlar.</Text>
    </Row>
    <Row Tag="LOC_BELIEF_WARRIOR_MONKS_EXPANSION2_DESCRIPTION">
      <Text>Savaşçı Keşişleri (Bir kara muharebe birimi) eğitmek için [ICON_FAITH] İnanç harcamaya ve bir Kutsal Alanı tamamlarken bitişik karoları Kültür Bombalamaya izin verir.</Text>
    </Row>
    <Row Tag="LOC_BELIEF_WORK_ETHIC_EXPANSION2_DESCRIPTION">
      <Text>Kutsal Alan bölgesinin [ICON_Faith] İnanç bitişiklik bonusu da [ICON_Production] Üretim sağlar.</Text>
    </Row>
    <!-- Founder-->
    <Row Tag="LOC_BELIEF_SACRED_PLACES_NAME">
      <Text>Kutsal Yerler</Text>
    </Row>
    <Row Tag="LOC_BELIEF_SACRED_PLACES_DESCRIPTION">
      <Text>Bu Dini takip eden ve bir Dünya Harikasına sahip her şehir için +2 [ICON_SCIENCE] Bilim, [ICON_CULTURE] Kültür, [ICON_GOLD] Altın ve [ICON_FAITH] İnanç.</Text>
    </Row>
    <Row Tag="LOC_BELIEF_CROSS_CULTURAL_DIALOGUE_EXPANSION2_DESCRIPTION">
      <Text>Bu Dinin her 4 takipçisi için +1 [ICON_SCIENCE] Bilim.</Text>
    </Row>
    <Row Tag="LOC_BELIEF_LAY_MINISTRY_EXPANSION2_DESCRIPTION">
      <Text>Bu Dini takip eden her şehir için her bir Kutsal Alan veya Tiyatro Meydanı bölgesinden sırasıyla +1 [ICON_FAITH] İnanç veya +1 [ICON_CULTURE] Kültür.</Text>
    </Row>
    <Row Tag="LOC_BELIEF_PILGRIMAGE_EXPANSION2_DESCRIPTION">
      <Text>Bu Dini takip eden her şehir için +2 [ICON_FAITH] İnanç.</Text>
    </Row>
    <Row Tag="LOC_BELIEF_STEWARDSHIP_EXPANSION2_DESCRIPTION">
      <Text>Bu Dini takip eden her şehir için her bir Kampüs veya Ticari Merkez bölgesinden sırasıyla +1 [ICON_SCIENCE] Bilim veya +1 [ICON_GOLD] Altın.</Text>
    </Row>
    <Row Tag="LOC_BELIEF_TITHE_EXPANSION2_DESCRIPTION">
      <Text>Dini takip eden her şehir için +3 [ICON_GOLD] Altın.</Text>
    </Row>
    <Row Tag="LOC_BELIEF_WORLD_CHURCH_EXPANSION2_DESCRIPTION">
      <Text>Bu Dinin her 4 takipçisi için +1 [ICON_CULTURE] Kültür.</Text>
    </Row>
    <!-- Worship-->
    <Row Tag="LOC_BELIEF_DAR_E_MEHR_EXPANSION2_DESCRIPTION">
      <Text>Dar-e Mehrs'in inşasına izin verir (+3 [ICON_Faith] İnanç, inşa edildiği veya son onarıldığı tarihten itibaren her dönem için +1 ilave [ICON_FAITH] İnanç. Doğal afetler tarafından yağmalanamaz).</Text>
    </Row>
    <Row Tag="LOC_BELIEF_GURDWARA_EXPANSION2_DESCRIPTION">
      <Text>Gurdwaraların inşasına izin verir (+3 [ICON_Faith] İnanç, +2 [ICON_Food] Gıda, +1 [ICON_Housing] Barınma).</Text>
    </Row>
    <Row Tag="LOC_BELIEF_PAGODA_EXPANSION2_DESCRIPTION">
      <Text>Pagodaların inşasına izin verir (tur başına +3 [ICON_Faith] İnanç, +1 [ICON_Favor] Diplomatik İyilik).</Text>
    </Row>
  </EnglishText>
</GameData>