﻿<?xml version="1.0" encoding="utf-8"?>
<!-- edited with XMLSPY v2004 rel. 2 U (http://www.xmlspy.com) by Ed Beach (Firaxis Games) -->
<GameData>
  <EnglishText>
    <!--River Flooding-->
    <Row Tag="LOC_RANDOM_EVENT_FLOOD_MODERATE_NAME">
      <Text>Orta Dereceli Sel</Text>
    </Row>
    <Row Tag="LOC_RANDOM_EVENT_FLOOD_MODERATE_DESCRIPTION">
      <Text>Yükselen sular nehrin kıyılarından taşarak ötesindeki araziye dökülür.</Text>
    </Row>
    <Row Tag="LOC_RANDOM_EVENT_FLOOD_MAJOR_NAME">
      <Text>Büyük Sel</Text>
    </Row>
    <Row Tag="LOC_RANDOM_EVENT_FLOOD_MAJOR_DESCRIPTION">
      <Text>Şiddetli bir sel sırasında nehrin etrafındaki araziye kabaran, bulanık su hücum eder.</Text>
    </Row>
    <Row Tag="LOC_RANDOM_EVENT_FLOOD_1000_YEAR_NAME">
      <Text>1000 Yıllık Taşkın</Text>
    </Row>
    <Row Tag="LOC_RANDOM_EVENT_FLOOD_1000_YEAR_DESCRIPTION">
      <Text>Nehir taşar ve yükselen sular kilometrelerce uzanan araziyi kaplar. Bin yıldır nehir bu kadar taşmamıştı!</Text>
    </Row>
    <!--Eruptions-->
    <Row Tag="LOC_RANDOM_EVENT_KILIMANJARO_GENTLE_NAME">
      <Text>Nazik Patlama</Text>
    </Row>
    <Row Tag="LOC_RANDOM_EVENT_KILIMANJARO_GENTLE_DESCRIPTION]">
      <Text>İnsanlar ve hayvanlar Kilimanjaro'dan yükselen kül sütununu kilometrelerce öteden izliyor ve Dünya'nın öfkesine hayret ediyor.</Text>
    </Row>
    <Row Tag="LOC_RANDOM_EVENT_KILIMANJARO_CATASTROPHIC_NAME">
      <Text>Katastrofik Patlama</Text>
    </Row>
    <Row Tag="LOC_RANDOM_EVENT_KILIMANJARO_CATASTROPHIC_DESCRIPTION">
      <Text>Kilimanjaro kükrer ve insanlar ve hayvanlar dehşet içinde kaçışırken gökyüzüne bir duman ve kül bulutu püskürür!</Text>
    </Row>
    <Row Tag="LOC_RANDOM_EVENT_EYJAFJALLAJOKULL_CATASTROPHIC_NAME">
      <Text>Katastrofik Patlama</Text>
    </Row>
    <Row Tag="LOC_RANDOM_EVENT_EYJAFJALLAJOKULL_CATASTROPHIC_DESCRIPTION">
      <Text>İnsanlar Eyjafjallajökull'dan püsküren devasa kül bulutundan kaçınmak için yollarından çok uzaklara gitmelidir.</Text>
    </Row>
    <Row Tag="LOC_RANDOM_EVENT_EYJAFJALLAJOKULL_MEGACOLOSSAL_NAME">
      <Text>Megacolossal Patlama</Text>
    </Row>
    <Row Tag="LOC_RANDOM_EVENT_EYJAFJALLAJOKULL_MEGACOLOSSAL_DESCRIPTION">
      <Text>Eyjafjallajökull, sanki tanrıça Hel'in kendisi cehennemden kaçıyormuş gibi yeryüzünde bir yarık açıyor!</Text>
    </Row>
    <Row Tag="LOC_RANDOM_EVENT_VESUVIUS_MEGACOLOSSAL_NAME">
      <Text>Megacolossal Patlama</Text>
    </Row>
    <Row Tag="LOC_RANDOM_EVENT_VESUVIUS_MEGACOLOSSAL_DESCRIPTION">
      <Text>Piroklastik dalga Vezüv'ün kanatlarına çarparken vatandaşlar dehşet içinde çığlık atar ve güvenli bir yere doğru kaçar!</Text>
    </Row>
    <Row Tag="LOC_RANDOM_EVENT_VOLCANO_GENTLE_NAME">
      <Text>Nazik Patlama</Text>
    </Row>
    <Row Tag="LOC_RANDOM_EVENT_VOLCANO_GENTLE_DESCRIPTION">
      <Text>İnsanlar endişeyle gökyüzüne bakıyor ve bir zamanlar sessiz olan bir yanardağdan yükselen dumanı izliyor.</Text>
    </Row>
    <Row Tag="LOC_RANDOM_EVENT_VOLCANO_CATASTROPHIC_NAME">
      <Text>Katastrofik Patlama</Text>
    </Row>
    <Row Tag="LOC_RANDOM_EVENT_VOLCANO_CATASTROPHIC_DESCRIPTION">
      <Text>Yanardağın yakınında yaşayan insanlar, lav ve külün çevredeki araziyi kaplamasıyla kaçıyor.</Text>
    </Row>
    <Row Tag="LOC_RANDOM_EVENT_VOLCANO_MEGACOLOSSAL_NAME">
      <Text>Megacolossal Patlama</Text>
    </Row>
    <Row Tag="LOC_RANDOM_EVENT_VOLCANO_MEGACOLOSSAL_DESCRIPTION">
      <Text>Piroklastik akıntılar yanardağın yamaçlarını vururken ve gökyüzüne duman püskürürken insanlar dehşet içinde kaçışıyor!</Text>
    </Row>
    <!--Rising Sea Levels Flooding-->
    <Row Tag="LOC_COASTAL_LOWLAND_1M_NAME">
      <Text>Kıyı Ovası: 1 Metre</Text>
    </Row>
    <Row Tag="LOC_COASTAL_LOWLAND_1M_DESCRIPTION">
      <Text>Burası, deniz seviyesi yükseldiğinde su basan ilk kara parçasıdır.</Text>
    </Row>
    <Row Tag="LOC_COASTAL_LOWLAND_2M_NAME">
      <Text>Kıyı Ovası: 2 Metre</Text>
    </Row>
    <Row Tag="LOC_COASTAL_LOWLAND_2M_DESCRIPTION">
      <Text>Deniz seviyesi ikinci kez yükseldiğinde bu arazi sular altında kalacaktır.</Text>
    </Row>
    <Row Tag="LOC_COASTAL_LOWLAND_3M_NAME">
      <Text>Kıyı Ovası: 3 Metre</Text>
    </Row>
    <Row Tag="LOC_COASTAL_LOWLAND_3M_DESCRIPTION">
      <Text>Burası yükselen deniz seviyesinden etkilenen son kara parçası olacak.</Text>
    </Row>
    <Row Tag="LOC_COASTAL_LOWLAND_FLOODED">
      <Text>(Sular altında)</Text>
    </Row>
    <Row Tag="LOC_COASTAL_LOWLAND_SUBMERGED">
      <Text>(Batık)</Text>
    </Row>
    <Row Tag="LOC_RANDOM_EVENT_SEA_LEVEL_RISE1_NAME">
      <Text>İklim Değişikliği I. Aşama</Text>
    </Row>
    <Row Tag="LOC_RANDOM_EVENT_SEA_LEVEL_RISE2_NAME">
      <Text>İklim Değişikliği Aşama II</Text>
    </Row>
    <Row Tag="LOC_RANDOM_EVENT_SEA_LEVEL_RISE3_NAME">
      <Text>İklim Değişikliği Aşama III</Text>
    </Row>
    <Row Tag="LOC_RANDOM_EVENT_SEA_LEVEL_RISE4_NAME">
      <Text>İklim Değişikliği Aşama IV</Text>
    </Row>
    <Row Tag="LOC_RANDOM_EVENT_SEA_LEVEL_RISE5_NAME">
      <Text>İklim Değişikliği V. Aşama</Text>
    </Row>
    <Row Tag="LOC_RANDOM_EVENT_SEA_LEVEL_RISE6_NAME">
      <Text>İklim Değişikliği Aşama VI</Text>
    </Row>
    <Row Tag="LOC_RANDOM_EVENT_SEA_LEVEL_RISE7_NAME">
      <Text>İklim Değişikliği Aşama VII</Text>
    </Row>
    <Row Tag="LOC_RANDOM_EVENT_SEA_LEVEL_RISE1_DESCRIPTION">
      <Text>0.5</Text>
    </Row>
    <Row Tag="LOC_RANDOM_EVENT_SEA_LEVEL_RISE2_DESCRIPTION">
      <Text>1.0</Text>
    </Row>
    <Row Tag="LOC_RANDOM_EVENT_SEA_LEVEL_RISE3_DESCRIPTION">
      <Text>1.5</Text>
    </Row>
    <Row Tag="LOC_RANDOM_EVENT_SEA_LEVEL_RISE4_DESCRIPTION">
      <Text>2.0</Text>
    </Row>
    <Row Tag="LOC_RANDOM_EVENT_SEA_LEVEL_RISE5_DESCRIPTION">
      <Text>2.5</Text>
    </Row>
    <Row Tag="LOC_RANDOM_EVENT_SEA_LEVEL_RISE6_DESCRIPTION">
      <Text>3.0</Text>
    </Row>
    <Row Tag="LOC_RANDOM_EVENT_SEA_LEVEL_RISE7_DESCRIPTION">
      <Text>3.5</Text>
    </Row>
    <Row Tag="LOC_RANDOM_EVENT_SEA_LEVEL_RISE4_LONG_DESCRIPTION">
      <Text>Fırtınalar ve Seller artık doğurganlığı artırmıyor.</Text>
    </Row>
    <Row Tag="LOC_RANDOM_EVENT_SEA_LEVEL_RISE5_LONG_DESCRIPTION">
      <Text>Bir karo üzerinden geçen Fırtınalar ve Kuraklıklar, oyunda daha önce eklenen bonus doğurganlığı kaldırmaya başlar.</Text>
    </Row>
    <Row Tag="LOC_RANDOM_EVENT_SEA_LEVEL_RISE6_LONG_DESCRIPTION">
      <Text>Bir karo üzerinden geçen Fırtınalar ve Kuraklıklar, oyunda daha önce eklenen bonus doğurganlığı düzenli olarak kaldırır.</Text>
    </Row>
    <Row Tag="LOC_RANDOM_EVENT_SEA_LEVEL_RISE7_LONG_DESCRIPTION">
      <Text>Bir karo üzerinden geçen Fırtınalar ve Kuraklıklar, oyunun başlarında eklenen bonus bereketi sıklıkla ortadan kaldırır.</Text>
    </Row>
    <!--Storms-->
    <Row Tag="LOC_RANDOM_EVENT_BLIZZARD_SIGNIFICANT_NAME">
      <Text>Önemli Kar Fırtınası</Text>
    </Row>
    <Row Tag="LOC_RANDOM_EVENT_BLIZZARD_SIGNIFICANT_DESCRIPTION">
      <Text>Buz gibi bir rüzgâr, canlılar inlerinde toplanırken kar örtüsünü manzaranın üzerine süpürüyor.</Text>
    </Row>
    <Row Tag="LOC_RANDOM_EVENT_BLIZZARD_CRIPPLING_NAME">
      <Text>Felç Edici Kar Fırtınası</Text>
    </Row>
    <Row Tag="LOC_RANDOM_EVENT_BLIZZARD_CRIPPLING_DESCRIPTION">
      <Text>Uğuldayan rüzgâr ve lapa lapa yağan kar gökyüzünü ve toprağı beyaza bürüyor. Tanıdık şekiller donmuş tepeciklerin altında kaybolur.</Text>
    </Row>
    <Row Tag="LOC_RANDOM_EVENT_DUST_STORM_GRADIENT_NAME">
      <Text>Gradyan Toz Fırtınası</Text>
    </Row>
    <Row Tag="LOC_RANDOM_EVENT_DUST_STORM_GRADIENT_DESCRIPTION">
      <Text>İnsanlar burunlarına ve ağızlarına sardıkları bezlerle işlerine koşuştururken güneş puslu gökyüzünde kızgın turuncu bir disk gibi görünüyor.</Text>
    </Row>
    <Row Tag="LOC_RANDOM_EVENT_DUST_STORM_HABOOB_NAME">
      <Text>Haboob Toz Fırtınası</Text>
    </Row>
    <Row Tag="LOC_RANDOM_EVENT_DUST_STORM_HABOOB_DESCRIPTION">
      <Text>Çok uzaklardan insanlar yaklaşan kum duvarını görüyor ve savrulan rüzgârdan korunmak için etrafa dağılıyor!</Text>
    </Row>
    <Row Tag="LOC_RANDOM_EVENT_TORNADO_FAMILY_NAME">
      <Text>Kasırga Ailesi</Text>
    </Row>
    <Row Tag="LOC_RANDOM_EVENT_TORNADO_FAMILY_DESCRIPTION">
      <Text>Bir hortum yaz fırtınasından yavaşça aşağı iner ve insanlar sığınak arar.</Text>
    </Row>
    <Row Tag="LOC_RANDOM_EVENT_TORNADO_OUTBREAK_NAME">
      <Text>Kasırga Salgını</Text>
    </Row>
    <Row Tag="LOC_RANDOM_EVENT_TORNADO_OUTBREAK_DESCRIPTION">
      <Text>Hızla hareket eden bir fırtına hattı, kararan yaz gökyüzünde dörtnala ilerliyor ve altında uğursuz hortumlar oluşuyor.</Text>
    </Row>
    <Row Tag="LOC_RANDOM_EVENT_HURRICANE_CAT_4_NAME">
      <Text>Kategori-4 Kasırga</Text>
    </Row>
    <Row Tag="LOC_RANDOM_EVENT_HURRICANE_CAT_4_DESCRIPTION">
      <Text>Sağanak yağmur ve uğuldayan fırtına güçlü bir kasırganın gelişini işaret ediyor.</Text>
    </Row>
    <Row Tag="LOC_RANDOM_EVENT_HURRICANE_CAT_5_NAME">
      <Text>Kategori-5 Kasırga</Text>
    </Row>
    <Row Tag="LOC_RANDOM_EVENT_HURRICANE_CAT_5_DESCRIPTION">
      <Text>Rüzgâr çığlık atıyor, sağanak yağmur yağıyor ve dalgalar amansızca kıyıya vuruyor. Bu kasırganın geçtiği yerde çok az kişi durabilir!</Text>
    </Row>
    <Row Tag="LOC_RANDOM_EVENT_DROUGHT_MAJOR_NAME">
      <Text>Büyük Kuraklık</Text>
    </Row>
    <Row Tag="LOC_RANDOM_EVENT_DROUGHT_MAJOR_DESCRIPTION">
      <Text>Çekirgeler vızıldıyor ve sıcak rüzgarda tozlar uçuşuyor. Toprak kuraklıktan kavruluyor.</Text>
    </Row>
    <Row Tag="LOC_RANDOM_EVENT_DROUGHT_EXTREME_NAME">
      <Text>Solduran Kuraklık</Text>
    </Row>
    <Row Tag="LOC_RANDOM_EVENT_DROUGHT_EXTREME_DESCRIPTION">
      <Text>Acımasız bir güneş, kuraklıktan etkilenmiş ve solmuş toprağı dövüyor. Yağmur yağmıyor ve gökyüzü hiçbir rahatlama vaat etmiyor.</Text>
    </Row>
    <!--Random Event Effect Strings-->
    <Row Tag="LOC_RANDOM_EVENT_PROP_DAMAGE_FERTILITY">
      <Text>+ Üzerinden geçtiği karolara doğurganlık katabilir[NEWLINE]- İyileştirmelere veya bölgelere zarar verebilir</Text>
    </Row>
    <Row Tag="LOC_RANDOM_EVENT_ALL_DAMAGE_FERTILITY">
      <Text>+ Üzerinden geçtiği karelere bereket katabilir[NEWLINE]- İyileştirmelere veya bölgelere zarar verebilir[NEWLINE]- Birimlere zarar verebilir veya şehir nüfusunu azaltabilir</Text>
    </Row>
    <Row Tag="LOC_RANDOM_EVENT_PROP_DAMAGE_NO_FERTILITY">
      <Text>- İyileştirmelere veya bölgelere zarar verebilir</Text>
    </Row>
    <Row Tag="LOC_RANDOM_EVENT_ALL_DAMAGE_NO_FERTILITY">
      <Text>- İyileştirmelere veya bölgelere zarar verebilir[NEWLINE]- Birimlere zarar verebilir veya şehir nüfusunu azaltabilir</Text>
    </Row>
    <Row Tag="LOC_RANDOM_EVENT_PROP_NAVAL_DAMAGE_FERTILITY">
      <Text>+ Üzerinden geçtiği karolara bereket katabilir[NEWLINE]- İyileştirmelere veya bölgelere zarar verebilir[NEWLINE]- Donanma birimlerine zarar verebilir</Text>
    </Row>
    <Row Tag="LOC_RANDOM_EVENT_DROUGHT_DAMAGE">
      <Text>- Şehirde Su Kemeri, Baraj veya Basamaklı Kuyu yoksa karo başına [ICON_Food] Yiyecek 1 azalır. [NEWLINE]- Çiftlikleri, Kampları, Meraları ve Tarlaları yok edebilir veya yağmalayabilir.</Text>
    </Row>
    <!--Deforestation-->
    <Row Tag="LOC_DEFORESTATION_LIGHT_NAME">
      <Text>Işık</Text>
    </Row>
    <Row Tag="LOC_DEFORESTATION_EXPECTED_NAME">
      <Text>Beklenen</Text>
    </Row>
    <Row Tag="LOC_DEFORESTATION_HEAVY_NAME">
      <Text>Ağır</Text>
    </Row>
    <Row Tag="LOC_DEFORESTATION_EXTREME_NAME">
      <Text>Aşırı</Text>
    </Row>
    <Row Tag="LOC_DEFORESTATION_LIGHT_DESCRIPTION">
      <Text>Bataklık, Orman ve Yağmur Ormanı özelliklerinin gezegenden kaldırılması bugüne kadar minimum düzeyde olmuştur.</Text>
    </Row>
    <Row Tag="LOC_DEFORESTATION_EXPECTED_DESCRIPTION">
      <Text>Bataklık, Orman ve Yağmur Ormanı özelliklerinin gezegenden kaldırılması beklenen hızda ilerlemiştir.</Text>
    </Row>
    <Row Tag="LOC_DEFORESTATION_HEAVY_DESCRIPTION">
      <Text>Bataklık, Orman ve Yağmur Ormanı özelliklerinin gezegenden kaldırılması bugüne kadar önemli ölçüde gerçekleşmiştir.</Text>
    </Row>
    <Row Tag="LOC_DEFORESTATION_EXTREME_DESCRIPTION">
      <Text>Bataklık, Orman ve Yağmur Ormanı özellikleri gezegenden kapsamlı bir şekilde kaldırılmıştır.</Text>
    </Row>
    <!--Nuclear Accidents-->
    <Row Tag="LOC_RANDOM_EVENT_NUCLEAR_ACCIDENT_MINOR_NAME">
      <Text>Radyoaktif Buhar Havalandırması</Text>
    </Row>
    <Row Tag="LOC_RANDOM_EVENT_NUCLEAR_ACCIDENT_MAJOR_NAME">
      <Text>Büyük Radyasyon Sızıntısı</Text>
    </Row>
    <Row Tag="LOC_RANDOM_EVENT_NUCLEAR_ACCIDENT_CATASTROPHIC_NAME">
      <Text>Nükleer Erime</Text>
    </Row>
    <Row Tag="LOC_RANDOM_EVENT_NUCLEAR_ACCIDENT_MINOR_DESCRIPTION">
      <Text>Nükleer Santral kontrol odasındaki mühendisler yayılan bir sızıntıyı kontrol altına almak için hararetle çalışıyorlar. Daha kötü bir sonucu şimdiden önlediler, ancak durum hala ciddi.</Text>
    </Row>
    <Row Tag="LOC_RANDOM_EVENT_NUCLEAR_ACCIDENT_MAJOR_DESCRIPTION">
      <Text>Nükleer Santral'de alarmlar çalıyor! Reaktördeki çatlaklardan buhar jetleri yükseliyor ve radyasyon bölgeyi kaplarken dozimetreler tıkırdayıp vızıldıyor.</Text>
    </Row>
    <Row Tag="LOC_RANDOM_EVENT_NUCLEAR_ACCIDENT_CATASTROPHIC_DESCRIPTION">
      <Text>Uğursuz bir patlama gürler ve Nükleer Enerji Santrali'nin üzerinde karanlık bir duman yükselir. Cehennem gibi yanan yakıt topakları yağmaya başlarken, siren sesleri birer birer çığlık çığlığa bir koroya dönüşür.</Text>
    </Row>
  </EnglishText>
</GameData>