﻿<?xml version="1.0" encoding="utf-8"?>
<GameData>
  <EnglishText>
    <!-- Natural Wonders -->
    <Row Tag="LOC_DISTRICT_PAMUKKALE_CULTURE">
      <Text>+{1_num} [ICON_CULTURE] Komşu doğa harikası Pamukkale'den kültür.</Text>
    </Row>
    <Row Tag="LOC_DISTRICT_PAMUKKALE_FAITH">
      <Text>+{1_num} [ICON_FAITH] Komşu doğa harikası Pamukkale'den inanç.</Text>
    </Row>
    <Row Tag="LOC_DISTRICT_PAMUKKALE_GOLD">
      <Text>+{1_num} [ICON_GOLD] Komşu doğa harikası Pamukkale'den altın.</Text>
    </Row>
    <Row Tag="LOC_DISTRICT_PAMUKKALE_SCIENCE">
      <Text>+{1_num} [ICON_SCIENCE] Komşu doğa harikası Pamukkale'den bilim.</Text>
    </Row>
    <!-- Floodplains -->
    <Row Tag="LOC_FEATURE_FLOODPLAINS_DESERT_NAME">
      <Text>Çöl Taşkın Yatakları</Text>
    </Row>
    <Row Tag="LOC_FEATURE_FLOODPLAINS_GRASSLAND_NAME">
      <Text>Otlak Taşkın Yatakları</Text>
    </Row>
    <Row Tag="LOC_FEATURE_FLOODPLAINS_PLAINS_NAME">
      <Text>Ovalar Taşkın Yatakları</Text>
    </Row>
    <Row Tag="LOC_FEATURE_FLOODPLAINS_DESERT_DESCRIPTION">
      <Text>Bir Nehre bitişik olan bu alçak alan daha önce taşmış ve normal bir Çöl karosundan daha fazla [ICON_Food] Gıda üretimi sağlamıştır. Nehir tekrar taşarsa, bu karo üzerine inşa edilen yapılar hasar görebilir veya yıkılabilir, ancak karonun ek verim kazanması da muhtemeldir.</Text>
    </Row>
    <Row Tag="LOC_FEATURE_FLOODPLAINS_GRASSLAND_DESCRIPTION">
      <Text>Bir Nehre bitişik olan bu alçak alan henüz sular altında kalmamıştır, bu nedenle oyuna düz bir Otlak karesiyle aynı verimle başlar. Nehir tekrar taşarsa, bu karo üzerine inşa edilen yapılar hasar görebilir veya yıkılabilir, ancak karo da muhtemelen ek verim kazanacaktır.</Text>
    </Row>
    <Row Tag="LOC_FEATURE_FLOODPLAINS_PLAINS_DESCRIPTION">
      <Text>Bir Nehre bitişik olan bu alçak alan henüz sular altında kalmamıştır, bu nedenle oyuna düz bir Ova karesiyle aynı verimle başlar. Nehir tekrar taşarsa, bu karo üzerine inşa edilen yapılar hasar görebilir veya yıkılabilir, ancak karo da muhtemelen ek verim kazanacaktır.</Text>
    </Row>
    <Row Tag="LOC_FLOOD_WARNING_ICON_TOOLTIP">
      <Text>Bu bölge sel baskınlarına karşı hassastır.</Text>
    </Row>
    <!--Volcanoes/Geothermal-->
    <Row Tag="LOC_FEATURE_VOLCANO_NAME">
      <Text>Volkan</Text>
    </Row>
    <Row Tag="LOC_FEATURE_VOLCANO_DESCRIPTION">
      <Text>Muhtemelen iki kıta arasındaki bir sınırın yakınında bulunan bu dağ karesi oyuna aktif olmayan bir volkanik alan olarak başlar, ancak oyun ilerledikçe aktif hale gelebilir. Aktif olduktan sonra dikkat edin - her an bir patlama meydana gelebilir. Volkanik patlamalar bitişik karolardaki yapılara ve özelliklere zarar verir, ancak aynı zamanda o konumdan elde edilen verimi artıran volkanik toprak da bırakabilir.</Text>
    </Row>
    <Row Tag="LOC_FEATURE_GEOTHERMAL_FISSURE_NAME">
      <Text>Jeotermal Fissür</Text>
    </Row>
    <Row Tag="LOC_FEATURE_GEOTHERMAL_FISSURE_DESCRIPTION">
      <Text>Muhtemelen iki kıta arasındaki bir sınırın yakınında yer alan bu bölgedeki zemin, yeraltı jeotermal faaliyeti tarafından parçalanmıştır. Isıtılmış su ve buhar buradan yeryüzüne çıkmakta, bu da Su Kemerleri, Roma Hamamları ve Macar Termal Hamamları gibi yapıların yakınlara yerleştirilmesi için ideal bir ortam oluşturmaktadır.</Text>
    </Row>
    <Row Tag="LOC_FEATURE_VOLCANIC_SOIL_NAME">
      <Text>Volkanik Toprak</Text>
    </Row>
    <Row Tag="LOC_FEATURE_VOLCANIC_SOIL_DESCRIPTION">
      <Text>Bir yanardağa komşu olan bu arazi daha önceki bir patlamadan zarar görmüştür. İnsanlar ve yapılar zarar görmüş olsa da, volkanın ortaya çıkardığı zengin mineral yatakları muhtemelen buradaki verimi artırmıştır. Bu nedenle, özellikle yanardağın sönmesi halinde, bu bölgede yeniden inşaat yapmak faydalı olabilir.</Text>
    </Row>
    <Row Tag="LOC_VOLCANO_WARNING_ICON_TOOLTIP">
      <Text>Bu konum, yakındaki bir yanardağın patlamasından zarar görebilir.</Text>
    </Row>
  </EnglishText>
</GameData>