﻿<?xml version="1.0" encoding="utf-8"?>
<!-- edited with XMLSPY v2004 rel. 2 U (http://www.xmlspy.com) by Ed Beach (Firaxis Games) -->
<GameData>
  <BaseGameText>
    <!-- Leader Text-->
    <Row Tag="LOC_DIPLO_KUDO_EXIT_LEADER_DIDO_ANY">
      <Text>Kıyıdan uzak şehirlerinize refah gelsin.</Text>
    </Row>
    <Row Tag="LOC_DIPLO_WARNING_EXIT_LEADER_DIDO_ANY">
      <Text>Karada bir çıkarımız yok -bu sizin iddianız- ama denizler ve kıyılar Fenikelilerin.</Text>
    </Row>
    <Row Tag="LOC_DIPLO_KUDO_EXIT_LEADER_ELEANOR_ENGLAND_ANY">
      <Text>Muhteşem güllerden oluşan bir bahçe gibi, ortak sınırımızın yakınına büyük şehirler yerleştirdiğinizi duydum. Ne hoş!</Text>
    </Row>
    <Row Tag="LOC_DIPLO_WARNING_EXIT_LEADER_ELEANOR_ENGLAND_ANY">
      <Text>Eğer sınırımıza yakın şehirler kurma zahmetine girecekseniz, en azından onları güzel, müreffeh şehirler yapın ki manzaranın tadını çıkarabileyim.</Text>
    </Row>
    <Row Tag="LOC_DIPLO_KUDO_EXIT_LEADER_ELEANOR_FRANCE_ANY">
      <Text>Muhteşem güllerden oluşan bir bahçe gibi, ortak sınırımızın yakınına büyük şehirler yerleştirdiğinizi duydum. Ne hoş!</Text>
    </Row>
    <Row Tag="LOC_DIPLO_WARNING_EXIT_LEADER_ELEANOR_FRANCE_ANY">
      <Text>Eğer sınırımıza yakın şehirler kurma zahmetine girecekseniz, en azından onları güzel, müreffeh şehirler yapın ki manzaranın tadını çıkarabileyim.</Text>
    </Row>
    <Row Tag="LOC_DIPLO_KUDO_EXIT_LEADER_KRISTINA_ANY">
      <Text>Yeni bir eser edindim ve yakında bir gösterim düzenleyeceğim. Elçileriniz katılmaya davetlidir.</Text>
    </Row>
    <Row Tag="LOC_DIPLO_WARNING_EXIT_LEADER_KRISTINA_ANY">
      <Text>Sanırım sanatın bir odayı birbirine bağladığında harika olduğunu düşünüyorsun, seni cahil.</Text>
    </Row>
    <Row Tag="LOC_DIPLO_KUDO_EXIT_LEADER_KUPE_ANY">
      <Text>Toprağınız yeşil kalır ve sularınız temiz ve berrak olur. Seçim sizin.</Text>
    </Row>
    <Row Tag="LOC_DIPLO_WARNING_EXIT_LEADER_KUPE_ANY">
      <Text>Pisliği karaya yığıyor ve denize döküyorsunuz! Dünyayı israf ediyor ve mahvediyorsunuz!</Text>
    </Row>
    <Row Tag="LOC_DIPLO_KUDO_EXIT_LEADER_LAURIER_ANY">
      <Text>Uluslararası anlaşmazlıkların çözümünde güvenilir bir ortak olduğunuzu kanıtladınız, Kanada sizi takdir ediyor.</Text>
    </Row>
    <Row Tag="LOC_DIPLO_WARNING_EXIT_LEADER_LAURIER_ANY">
      <Text>Dünyayı etkileyen krizlerin çözümüne neden yardımcı olmuyorsunuz? Başkalarının içinde bulunduğu kötü durumdan etkilenmiyor musunuz?</Text>
    </Row>
    <Row Tag="LOC_DIPLO_KUDO_EXIT_LEADER_MANSA_MUSA_ANY">
      <Text>Benimle birlikte sevin dostum, çünkü her türlü istekten özgürüz ve zamanımızı Tanrı'nın isteğine ayırabiliriz.</Text>
    </Row>
    <Row Tag="LOC_DIPLO_WARNING_EXIT_LEADER_MANSA_MUSA_ANY">
      <Text>Ne yaptınız da Tanrı sizden lütfunu çekti? Doğruluğa dönmeye bakın!</Text>
    </Row>
    <Row Tag="LOC_DIPLO_KUDO_EXIT_LEADER_MATTHIAS_CORVINUS_ANY">
      <Text>Başarıya giden en hızlı yol, küçük müttefiklerinizin gücünden yararlanmaktır, sizce de öyle değil mi?</Text>
    </Row>
    <Row Tag="LOC_DIPLO_WARNING_EXIT_LEADER_MATTHIAS_CORVINUS_ANY">
      <Text>Yardımcılarınıza vatanseverlikle ödeme yaptığınızı söylerler. Bu ve iki peni onlara bir bira alır.</Text>
    </Row>
    <Row Tag="LOC_DIPLO_KUDO_EXIT_LEADER_PACHACUTI_ANY">
      <Text>İnka'nın yükseklerin efendisi olduğunu kabul ediyorsunuz. Bu sizin bilgeliğinizi gösteriyor.</Text>
    </Row>
    <Row Tag="LOC_DIPLO_WARNING_EXIT_LEADER_PACHACUTI_ANY">
      <Text>İnkalar dağların efendileridir. Bu topraklarda bana meydan okumayın. Ovalarla yetinin.</Text>
    </Row>
    <Row Tag="LOC_DIPLO_KUDO_EXIT_LEADER_SULEIMAN_ANY">
      <Text>Siz de Süleyman'ın bilgeliğine sahip olmalısınız, çünkü ulusunuz uyum içinde yaşayan birçok insandan oluşuyor.</Text>
    </Row>
    <Row Tag="LOC_DIPLO_WARNING_EXIT_LEADER_SULEIMAN_ANY">
      <Text>Dünyanın efendisi olmak istiyorsanız, önce halkınızın efendisi olmalısınız ve bu konuda hiçbir ustalık belirtisi göstermiyorsunuz.</Text>
    </Row>
    <Row Tag="LOC_DIPLO_KUDO_LEADER_ANY_REASON_AGENDA_EXPANSIONIST">
      <Text>Toprak talep etme hırsından yoksun olmanız daha iyi, çünkü alacağınız şeyi yönetecek zekâdan yoksun olduğunuza inanıyorum.</Text>
    </Row>
    <Row Tag="LOC_DIPLO_WARNING_LEADER_ANY_REASON_AGENDA_EXPANSIONIST">
      <Text>Halkınız zayıfken ve bu kadar kötü yönetilirken, bu toprakları kendiniz için talep etmeye nasıl cüret edersiniz?</Text>
    </Row>
    <Row Tag="LOC_DIPLO_KUDO_LEADER_QIN_REASON_EXPANSIONIST">
      <Text>Krallığı sadece benim ihtişamımı vurgulayan barbar bir halk olarak kalmayı seçtiğiniz için memnunum.</Text>
    </Row>
    <Row Tag="LOC_DIPLO_WARNING_LEADER_QIN_REASON_EXPANSIONIST">
      <Text>Ben cennetin altındaki her şeyin imparatoruyum. Bu, kendiniz için sahip olmaya çalıştıklarınız da dahil olmak üzere tüm toprakların benim hakkım olduğu anlamına gelir.  Benimle eşit olmak için çabalamayın.</Text>
    </Row>
    <Row Tag="LOC_DIPLO_KUDO_LEADER_ANY_REASON_AGENDA_FLAT_EARTHER">
      <Text>Size katılıyorum - yeryüzünde umutlarımızı uzaya bağlamak için çok fazla acil sorun var.</Text>
    </Row>
    <Row Tag="LOC_DIPLO_WARNING_LEADER_ANY_REASON_AGENDA_FLAT_EARTHER">
      <Text>Dünyadaki mevcut durum tüm dikkatinizi toplamanız gerekirken, uzaydaki bir geleceği nasıl düşünebilirsiniz!</Text>
    </Row>
    <Row Tag="LOC_DIPLO_KUDO_LEADER_CLEOPATRA_REASON_AGENDA_FLAT_EARTHER">
      <Text>Gökleri Tanrılara bırakan ve onların arasında yürümeyi arzulamayan kişi kutsanmıştır.</Text>
    </Row>
    <Row Tag="LOC_DIPLO_WARNING_LEADER_CLEOPATRA_REASON_AGENDA_FLAT_EARTHER">
      <Text>Ne güneş tanrısı Amun-Ra'ya ne de gök tanrıçası Nut'a yaklaşmayın! Dinsizliğiniz onları rahatsız ediyor! Dünyanın mahvına neden olacaksınız!</Text>
    </Row>
    <Row Tag="LOC_DIPLO_KUDO_LEADER_ANY_REASON_AGENDA_GREAT_WHITE_FLEET">
      <Text>Büyük donanmalara sahip olan bizler, irademizi dünyanın dört bir yanında hissettirebiliriz ve denizlerin gerçek efendileri bizleriz.</Text>
    </Row>
    <Row Tag="LOC_DIPLO_WARNING_LEADER_ANY_REASON_AGENDA_GREAT_WHITE_FLEET">
      <Text>Gemi inşa etmek ve gücünüzü denizlere yansıtmak için çaba göstermelisiniz, aksi takdirde hiçbir ulus size saygı duymayacaktır.</Text>
    </Row>
    <Row Tag="LOC_DIPLO_KUDO_LEADER_T_ROOSEVELT_REASON_AGENDA_GREAT_WHITE_FLEET">
      <Text>Demek denizdeki üstünlüğümüze meydan okumaya çalışıyorsunuz? Kabadayı! Rekabetten zevk alırım!</Text>
    </Row>
    <Row Tag="LOC_DIPLO_WARNING_LEADER_T_ROOSEVELT_REASON_AGENDA_GREAT_WHITE_FLEET">
      <Text>Denizler arenasında rekabeti bu kadar kolay mı kabul ediyorsunuz? Egemenliğinizi neden bilerek kısıtlıyorsunuz? Korkuyor musunuz?</Text>
    </Row>
    <Row Tag="LOC_DIPLO_KUDO_LEADER_ANY_REASON_AGENDA_LOW_FAVOR">
      <Text>Beni bu gezegenin yüce lideri olarak kabul etmeye hazır olmanızdan memnuniyet duyuyorum. Şimdiden diğerleri zamanımın geldiğini fısıldıyor.</Text>
    </Row>
    <Row Tag="LOC_DIPLO_WARNING_LEADER_ANY_REASON_AGENDA_HIGH_FAVOR">
      <Text>Ballı sözlerinin ve körüklü iyiliklerinin arkasını görüyorum. Kendiniz için nihai güç peşindesiniz ve ulusların bunu kendi özgür iradeleriyle size vermesini istiyorsunuz.</Text>
    </Row>
    <Row Tag="LOC_DIPLO_KUDO_LEADER_PERICLES_REASON_AGENDA_LOW_FAVOR">
      <Text>İyi bir konuşmaya tepki veren bir kalabalığın mutluluğunu asla bilemeyeceksiniz, çünkü siyaset sanatını hiç uygulamıyorsunuz.</Text>
    </Row>
    <Row Tag="LOC_DIPLO_WARNING_LEADER_PERICLES_REASON_AGENDA_HIGH_FAVOR">
      <Text>Yaptığın şey yüzünden seni dışlayacağım! Kalabalığın duygularıyla oynamak benim iktidara giden yolum!</Text>
    </Row>
    <Row Tag="LOC_DIPLO_KUDO_LEADER_ANY_REASON_AGENDA_LOW_TOURISM">
      <Text>Dünya standartlarında bir tatil isteyen vatandaşlarınız için bir tur paketi başlattık. Görünüşe göre, medeniyetinizde böyle bir şey yok.</Text>
    </Row>
    <Row Tag="LOC_DIPLO_WARNING_LEADER_ANY_REASON_AGENDA_HIGH_TOURISM">
      <Text>Dünyanın turistik yerlerinize doğru yol aldığını biliyorum, ama uyarıyorum! İnsanlarımız blue jean ve rock müziğe sahipler ve bunları kullanmaktan korkmuyorlar.</Text>
    </Row>
    <Row Tag="LOC_DIPLO_KUDO_LEADER_MVEMBA_REASON_AGENDA_LOW_TOURISM">
      <Text>Halkınızın basit bir kültürü var. Eğlenceli ve biraz da trajik. Dünyanın geri kalanından bir şeyler öğrenebilirsiniz.</Text>
    </Row>
    <Row Tag="LOC_DIPLO_WARNING_LEADER_MVEMBA_REASON_AGENDA_HIGH_TOURISM">
      <Text>Canlı ve özgün kültürler, popüler kültürünüzün yükselen dalgası tarafından tehdit ediliyor.</Text>
    </Row>
    <Row Tag="LOC_DIPLO_KUDO_LEADER_ANY_REASON_AGENDA_INTOLERANT_SAME_RELIGION">
      <Text>Yöneticisi tek gerçek dine uyan ve halkının ruhlarını koruyan ülke ne mutludur!</Text>
    </Row>
    <Row Tag="LOC_DIPLO_WARNING_LEADER_ANY_REASON_AGENDA_INTOLERANT_ENCROACHING_RELIGION">
      <Text>Tebaanızın dudaklarından küfür ve sapkınlık dökülüyor! Gerçek dini geri getirerek halkınızın ruhunu onarmalısınız!</Text>
    </Row>
    <Row Tag="LOC_DIPLO_KUDO_LEADER_PEDRO_REASON_AGENDA_INTOLERANT_SAME_RELIGION">
      <Text>İyi bir yöneticinin halkının ruhlarını doğru yola yönlendirdiğini ve bunu yaparken onlara cennetin nimetlerini getirdiğini biliyorsunuz.</Text>
    </Row>
    <Row Tag="LOC_DIPLO_WARNING_LEADER_PEDRO_REASON_AGENDA_INTOLERANT_ENCROACHING_RELIGION">
      <Text>Korkarım ki dini inançsızlığı yaymayı canlı bir fikir karnavalı sanıyorsunuz.</Text>
    </Row>
    <Row Tag="LOC_DIPLO_KUDO_LEADER_ANY_REASON_AGENDA_LOW_DIPLOVP">
      <Text>Maksimum özgürlük ancak kendi çıkarlarının peşinden giden medeniyetlerden gelebilir, öyle değil mi?</Text>
    </Row>
    <Row Tag="LOC_DIPLO_WARNING_LEADER_ANY_REASON_AGENDA_HIGH_DIPLOVP">
      <Text>Hangi hakla siyasi gündeminizi benim egemen uygarlığıma dayatıyorsunuz? İradem dışında yönetilmeye rıza göstermiyorum.</Text>
    </Row>
    <Row Tag="LOC_DIPLO_KUDO_LEADER_BARBAROSSA_REASON_AGENDA_LOW_DIPLOVP">
      <Text>Bu siyasi jestlerin, gerçek güçten yoksun ve yönetme hakkına saygı göstermeyen sadece bir oyun olduğunu kabul etmenizden memnuniyet duyuyorum.</Text>
    </Row>
    <Row Tag="LOC_DIPLO_WARNING_LEADER_BARBAROSSA_REASON_AGENDA_HIGH_DIPLOVP">
      <Text>Bu büyük siyasi birliği oluşturma girişimleriniz tacımın otoritesini çalmaya yaklaşıyor. Bu taca saygı göstermeyenleri hoş karşılamam.</Text>
    </Row>
    <Row Tag="LOC_DIPLO_KUDO_LEADER_ANY_REASON_AGENDA_HIGH_PILLAGE">
      <Text>Düşmanların seni alev ve korkuyla tanır. Senin gazabından kurtulmak için dua ederler, ama gökler sessizdir.</Text>
    </Row>
    <Row Tag="LOC_DIPLO_WARNING_LEADER_ANY_REASON_AGENDA_LOW_PILLAGE">
      <Text>Düşmanlarınız size savaş açıyor ama siz intikam almak için onların topraklarını yağmalamıyorsunuz. Bu korkaklıktan mı? Yoksa aşırı nezaketten mi?</Text>
    </Row>
    <Row Tag="LOC_DIPLO_KUDO_LEADER_HARDRADA_REASON_AGENDA_HIGH_PILLAGE">
      <Text>Güzel! Düşmanlarını, adın duyulduğunda titreyene kadar ateş ve kılıçla cezalandırıyorsun. Ne yazık ki bir Viking olarak doğmamışsın.</Text>
    </Row>
    <Row Tag="LOC_DIPLO_WARNING_LEADER_HARDRADA_REASON_AGENDA_LOW_PILLAGE">
      <Text>Düşmanlarınızı cezalandıracak cesaretten yoksunsunuz ve onların topraklarını külden bir çorak arazi haline getirecek metanetten yoksunsunuz. Acınası.</Text>
    </Row>
    <Row Tag="LOC_DIPLO_KUDO_LEADER_ANY_REASON_AGENDA_TURTLER">
      <Text>İyi çitler iyi komşular, iyi savunmalar da barışçıl bir krallık yaratır. Topraklarınızı korumaktan memnun olmanıza sevindim.</Text>
    </Row>
    <Row Tag="LOC_DIPLO_WARNING_LEADER_ANY_REASON_AGENDA_TURTLER">
      <Text>Savaş ve fetih için acele ederken, gidişatını öngöremediğiniz olayları harekete geçirirsiniz. Yurtdışına çıkıp fethetmektense evde kalıp korumak daha iyidir.</Text>
    </Row>
    <Row Tag="LOC_DIPLO_KUDO_LEADER_HOJO_REASON_AGENDA_TURTLER">
      <Text>Toprak hırsı hanedanları mahveden tohumdur. Sadece topraklarınızı korumaya çalıştığınız için memnunum.</Text>
    </Row>
    <Row Tag="LOC_DIPLO_WARNING_LEADER_HOJO_REASON_AGENDA_TURTLER">
      <Text>Fetihlerinizi endişeyle izliyorum ama korkuyla değil. Bilin ki Japonya'yı işgal ederseniz, rüzgar ve denizler yardımımıza koşacaktır.</Text>
    </Row>
    <Row Tag="LOC_DIPLO_KUDO_LEADER_ANY_REASON_AGENDA_MONEY_GRUBBER">
      <Text>Hazineniz oldukça güzel doluyor. Böyle güçlü bir gelire sahip olmak her zaman güzeldir, değil mi?</Text>
    </Row>
    <Row Tag="LOC_DIPLO_WARNING_LEADER_ANY_REASON_AGENDA_MONEY_GRUBBER">
      <Text>İmparatorluğunuz iflasa doğru gidiyor.  Borçlar birikirken nasıl hayatta kalabilirsiniz?</Text>
    </Row>
  </BaseGameText>
</GameData>