﻿<?xml version="1.0" encoding="utf-8"?>
<GameData>
  <EnglishText>
    <!--New for XP2-->
    <Row Tag="LOC_ROUTE_RAILROAD_NAME">
      <Text>Demiryolu</Text>
    </Row>
    <Row Tag="LOC_ROUTE_RAILROAD_DESCRIPTION">
      <Text>Sadece Askeri Mühendisler tarafından inşa edilebilir. Şarj maliyeti yoktur, ancak 1 [ICON_RESOURCE_IRON] Demir ve 1 [ICON_RESOURCE_COAL] Kömür maliyeti vardır. Bir Demiryolu karesinden diğerine hareket eden herhangi bir birimin hareket hızını [ICON_Movement] büyük ölçüde artırır. [ICON_TradeRoute] Demiryolları üzerinden seyahat eden Ticaret Yolları, varış noktalarındaki bölgelerden elde ettikleri [ICON_Gold] Altını katlayabilir.</Text>
    </Row>
  </EnglishText>
</GameData>