﻿<?xml version="1.0" encoding="utf-8"?>
<!-- edited with XMLSPY v2004 rel. 2 U (http://www.xmlspy.com) by Ed Beach (Firaxis Games) -->
<GameData>
  <BaseGameText>
    <!--Name-->
    <Row Tag="LOC_ABILITY_GUIDE_MOVEMENT_AOE_RELIGIOUS_NAME">
      <Text>Kılavuz</Text>
    </Row>
    <Row Tag="LOC_ABILITY_SAGE_COMBAT_AOE_RELIGIOUS_NAME">
      <Text>Sage</Text>
    </Row>
    <Row Tag="LOC_ABILITY_GURU_MOVEMENT_NAME">
      <Text>Guru Hareket Etki Alanı</Text>
    </Row>
    <Row Tag="LOC_ABILITY_GURU_STRENGTH_NAME">
      <Text>Guru Sage Etki Alanı</Text>
    </Row>
    <Row Tag="LOC_ABILITY_MEDITERRANEAN_COLONIES_NAME">
      <Text>Akdeniz Kolonileri</Text>
    </Row>
    <Row Tag="LOC_ABILITY_BIREME_PROTECT_TRADER_NAME">
      <Text>Bireme Ticaret Koruması</Text>
    </Row>
    <Row Tag="LOC_ABILITY_TRADER_PROTECTED_BY_BIREME_NAME">
      <Text>Tüccar Bireme Koruması</Text>
    </Row>
    <Row Tag="LOC_ABILITY_THE_RAVEN_KING_NAME">
      <Text>Kuzgun Kral</Text>
    </Row>
    <Row Tag="LOC_ABILITY_HUSZAR_NAME">
      <Text>Kuruç</Text>
    </Row>
    <Row Tag="LOC_ABILITY_BLACK_ARMY_NAME">
      <Text>Fekete Sereg</Text>
    </Row>
    <Row Tag="LOC_ABILITY_MOUNTIE_NAME">
      <Text>Park Koruyucusu</Text>
    </Row>
    <Row Tag="LOC_ABILITY_MANDEKALU_NAME">
      <Text>Altın Veren</Text>
    </Row>
    <Row Tag="LOC_ABILITY_TRADER_PROTECTED_BY_MANDEKALU_NAME">
      <Text>Tüccar Mandekalu Koruma</Text>
    </Row>
    <Row Tag="LOC_ABILITY_CORBACI_NAME">
      <Text>Çorbacı</Text>
    </Row>
    <Row Tag="LOC_ABILITY_GREAT_TURKISH_BOMBARD_NAME">
      <Text>Büyük Türk Bombardımanı</Text>
    </Row>
    <Row Tag="LOC_ABILITY_CAROLEAN_NAME">
      <Text>Gå På</Text>
    </Row>
    <Row Tag="LOC_ABILITY_CORSAIR_NAME">
      <Text>Corsair</Text>
    </Row>
    <Row Tag="LOC_ABILITY_ROCK_BAND_ENTER_FOREIGN_LANDS_NAME">
      <Text>Yabancı Topraklara Girin</Text>
    </Row>
    <Row Tag="LOC_ABILITY_FINEST_HOUR_FRIENDLY_TERRITORY_NAME">
      <Text>En Güzel Saatleri</Text>
    </Row>
    <Row Tag="LOC_ABILITY_CYBER_WARFARE_COMBAT_BONUS_NAME">
      <Text>Siber Savaş</Text>
    </Row>
    <Row Tag="LOC_ABILITY_CHOLA_NAVAL_COMBAT_NAME">
      <Text>Rajendra Chola</Text>
    </Row>
    <Row Tag="LOC_ABILITY_ERIKSON_NAVAL_SIGHT_NAME">
      <Text>Leif Erikson</Text>
    </Row>
    <Row Tag="LOC_ABILITY_MILITARYORGANIZATION_MOVEMENT_NAME">
      <Text>Askeri Organizasyon</Text>
    </Row>
    <!--Description-->
    <Row Tag="LOC_ABILITY_GUIDE_MOVEMENT_AOE_RELIGIOUS_DESCRIPTION">
      <Text>Yakındaki dini birimlere hareket sağlar.</Text>
    </Row>
    <Row Tag="LOC_ABILITY_SAGE_COMBAT_AOE_RELIGIOUS_DESCRIPTION">
      <Text>Yakındaki dini birimlere ilave savaş gücü verir.</Text>
    </Row>
    <Row Tag="LOC_ABILITY_GURU_MOVEMENT_DESCRIPTION">
      <Text>+1 Hareket</Text>
    </Row>
    <Row Tag="LOC_ABILITY_GURU_STRENGTH_DESCRIPTION">
      <Text>+5 Güç</Text>
    </Row>
    <Row Tag="LOC_ABILITY_MEDITERRANEAN_COLONIES_DESCRIPTION">
      <Text>Gemideyken +2 [ICON_Movement] Hareket ve +2 görüş menzili.[NEWLINE][ICON_Bullet]Gemiye binme ve karaya çıkmadan kaynaklanan ek [ICON_Movement] Hareket maliyetlerini göz ardı edin.</Text>
    </Row>
    <Row Tag="LOC_ABILITY_BIREME_PROTECT_TRADER_DESCRIPTION">
      <Text>Yakındaki Ticaret birimlerini Su Karolarında Yağmalanmaya karşı korur.</Text>
    </Row>
    <Row Tag="LOC_ABILITY_TRADER_PROTECTED_BY_BIREME_DESCRIPTION">
      <Text>Bireme'nizin yakınındaki ticaret birimleri Su Karolarında Yağmalanmaya karşı bağışıktır.</Text>
    </Row>
    <Row Tag="LOC_ABILITY_THE_RAVEN_KING_DESCRIPTION">
      <Text>Kaldırılmış birimlere +2 [ICON_Movement] Hareket ve +5 [ICON_Strength] Savaş Gücü.</Text>
    </Row>
    <Row Tag="LOC_ABILITY_BLACK_ARMY_DESCRIPTION">
      <Text>Her bitişik Levyeli birimden +3 [ICON_Strength] Savaş Gücü.</Text>
    </Row>
    <Row Tag="LOC_ABILITY_HUSZAR_DESCRIPTION">
      <Text>Her aktif İttifaktan +3 [ICON_Strength] Savaş Gücü.</Text>
    </Row>
    <Row Tag="LOC_ABILITY_MOUNTIE_DESCRIPTION">
      <Text>Bir Milli Park oluşturabilir.[NEWLINE][ICON_Bullet]+5 [ICON_Strength] Bir Milli Parkın 2 karesi içinde savaşırken Savaş Gücü.[NEWLINE][ICON_Bullet]+5 [ICON_Strength] Sahip olduğunuz bir Milli Parkın 2 karesi içinde savaşırken Savaş Gücü.</Text>
    </Row>
    <Row Tag="LOC_ABILITY_MANDEKALU_DESCRIPTION">
      <Text>Yakındaki Kara Ticareti birimlerini Yağmadan korur. [NEWLINE][ICON_Bullet]Birimin temel [ICON_Strength] Savaş Gücünün %100'üne eşit [ICON_GOLD] Altın kazanır.</Text>
    </Row>
    <Row Tag="LOC_ABILITY_MANDEKALU_PROTECT_TRADER_DESCRIPTION">
      <Text>Bu Mandekalu Süvarisi, yakındaki Ticaret birimlerini Kara Taşlarında Yağmalanmaya karşı korur. [NEWLINE][ICON_Bullet]Birimin temel [ICON_Strength] Savaş Gücünün %100'üne eşit [ICON_GOLD] Altın kazanır.</Text>
    </Row>
    <Row Tag="LOC_ABILITY_TRADER_PROTECTED_BY_MANDEKALU_DESCRIPTION">
      <Text>Mandekalu Süvarilerinizin yakınındaki ticaret birimleri Kara Taşlarında Yağmalanmaya karşı bağışıktır.</Text>
    </Row>
    <Row Tag="LOC_ABILITY_CORBACI_DESCRIPTION">
      <Text>Ücretsiz bir promosyonla başlar.</Text>
    </Row>
    <Row Tag="LOC_ABILITY_EXPERT_MARKSMAN_DESCRIPTION">
      <Text>Birim tüm hareketini kullanmadıysa tur başına +1 ek saldırı.</Text>
    </Row>
    <Row Tag="LOC_ABILITY_GREAT_TURKISH_BOMBARD_DESCRIPTION">
      <Text>Bölge savunmalarına karşı +5 [ICON_Strength] Savaş Gücü. (Büyük Türk Bombardımanı)</Text>
    </Row>
    <Row Tag="LOC_ABILITY_CAROLEAN_DESCRIPTION">
      <Text>Kullanılmayan [ICON_Movement] Hareket başına +3 [ICON_Strength] Savaş Gücü.</Text>
    </Row>
    <Row Tag="LOC_ABILITY_CORSAIR_DESCRIPTION">
      <Text>Kıyı baskını için [ICON_Movement] Hareket maliyeti yoktur.</Text>
    </Row>
    <Row Tag="LOC_ABILITY_ROCK_BAND_ENTER_FOREIGN_LANDS_DESCRIPTION">
      <Text>Açık Sınırlar olmasa bile bu birim yabancı topraklara girebilir.</Text>
    </Row>
    <Row Tag="LOC_ABILITY_FINEST_HOUR_FRIENDLY_TERRITORY_DESCRIPTION">
      <Text>Finest Hour'dan bölgenizde veya bölgenize bitişik olduğunda +5 [ICON_Strength] Savaş Gücü</Text>
    </Row>
    <Row Tag="LOC_ABILITY_CYBER_WARFARE_COMBAT_BONUS_DESCRIPTION">
      <Text>+10 [ICON_Strength] Siber Savaş'ın Bilgi ve Gelecek Çağlarından birimlere karşı savaşın.</Text>
    </Row>
    <Row Tag="LOC_ABILITY_TOA_DESCRIPTION">
      <Text>Bitişik düşman birimleri -5 [ICON_STRENGTH] Savaş Gücü alır.[NEWLINE][ICON_Bullet]Benzersiz Pā iyileştirmesi inşa edebilir.</Text>
    </Row>
    <Row Tag="LOC_ABILITY_MANA_DESCRIPTION">
      <Text>+2 [ICON_Movement] Gemiye bindiğinde hareket.</Text>
    </Row>
    <Row Tag="LOC_ABILITY_UNIT_WMD_RESISTANCE_DESCRIPTION">
      <Text>Kitle İmha Silahlarına Karşı Dirençli.</Text>
    </Row>
    <Row Tag="LOC_ABILITY_UNIT_FIGHT_WHILE_EMBARKED_DESCRIPTION">
      <Text>Suda hareket edebilir ve savaşabilir.</Text>
    </Row>
    <Row Tag="LOC_ABILITY_DIGITAL_DEMOCRACY_DEBUFF_DESCRIPTION">
      <Text>-3 [ICON_Strength] Dijital Demokrasiden Gelen Savaş Gücü.</Text>
    </Row>
    <Row Tag="LOC_ABILITY_ENABLE_WALL_PROMOTION_CLASS_ATTACK_DESCRIPTION">
      <Text>Bir düşman şehrine bitişik olduğunda, yakın dövüş ve anti-süvari birimleri şehrin Surlarına tam hasar verir. Orta Çağ veya Rönesans Surları olan şehirleri etkilemez. Şehir Savunmalarına karşı etkisizdir.</Text>
    </Row>
    <Row Tag="LOC_ABILITY_BYPASS_WALLS_PROMOTION_CLASS_DESCRIPTION">
      <Text>Bir düşman şehrine bitişik olduğunda, dost yakın muharebe ve anti-süvari birimleri şehir surlarını atlayabilir ve şehre doğrudan saldırabilir. Rönesans Surları olan şehirleri etkilemez. Şehir Savunmalarına karşı etkisizdir.</Text>
    </Row>
    <Row Tag="LOC_ABILITY_CHOLA_NAVAL_COMBAT_DESCRIPTION">
      <Text>Tüm deniz birimleri için +3 [ICON_Strength] Savaş Gücü. (Rajendra Chola)</Text>
    </Row>
    <Row Tag="LOC_ABILITY_ERIKSON_NAVAL_SIGHT_DESCRIPTION">
      <Text>Tüm deniz birimleri için +1 görüş mesafesi. (Leif Erikson)</Text>
    </Row>
    <Row Tag="LOC_ABILITY_MILITARYORGANIZATION_MOVEMENT_DESCRIPTION">
      <Text>+2 [ICON_Movement] Askeri Organizasyon politikasından [ICON_GreatGeneral] Büyük Generallere hareket.</Text>
    </Row>
    <!--Combat-->
    <Row Tag="LOC_ABILITY_GURU_STRENGTH_XP2_DESCRIPTION">
      <Text>+[1]) bir Guru'ya yakın olmaktan</Text>
    </Row>
    <Row Tag="LOC_ABILITY_RAVEN_LEVY_COMBAT_DESCRIPTION">
      <Text>+{Amount} Kuzgun Kral özelliğinden gelen Savaş Gücü</Text>
    </Row>
    <Row Tag="LOC_COMBAT_PREVIEW_ADJACENT_LEVIED_BONUS_DESC">
      <Text>+{1_Amount} Bitişik Levied birimlerinden Savaş Gücü</Text>
    </Row>
    <Row Tag="LOC_COMBAT_PREVIEW_NUMBER_ALLIES_BONUS_DESC">
      <Text>+{1_Amount} Aktif İttifaklar için Savaş Gücü</Text>
    </Row>
    <Row Tag="LOC_ALL_PARK_COMBAT_BONUS_DESCRIPTION">
      <Text>+{1_Amount} Bir Milli Parkın 2 karo yakınındayken Savaş Gücü</Text>
    </Row>
    <Row Tag="LOC_OWNER_PARK_COMBAT_BONUS_DESCRIPTION">
      <Text>+{1_Amount} Bu oyuncunun sahip olduğu bir Milli Parkın 2 karesi içindeyken Savaş Gücü</Text>
    </Row>
    <Row Tag="LOC_GREAT_TURKISH_BOMBARD_COMBAT_BONUS_DESCRIPTION">
      <Text>+{1_Amount} Büyük Türk Bombardımanı özelliğinden gelen Savaş Gücü</Text>
    </Row>
    <Row Tag="LOC_ABILITY_TOA_NEGATIVE_COMBAT_MODIFIER_DESCRIPTION">
      <Text>{1_Amount} Bir düşman Toa'ya bitişikken Savaş Gücü</Text>
    </Row>
    <Row Tag="LOC_COMBAT_PREVIEW_UNUSED_MOVEMENT_COMBAT_BONUS_DESC">
      <Text>+{1_Amount} Kullanılmayan [ICON_Movement] Hareket için Savaş Gücü</Text>
    </Row>
    <Row Tag="LOC_COMBAT_PREVIEW_CITY_FRIENDLY_COMBAT_BONUS">
      <Text>+{1_Amount} Baş Şahin Avcısından Savaş Gücü</Text>
    </Row>
    <Row Tag="LOC_COMBAT_PREVIEW_DIGITAL_DEMOCRACY_COMBAT_DEBUFF">
      <Text>{1_Amount} Dijital Demokrasiden Gelen Savaş Gücü</Text>
    </Row>
    <Row Tag="LOC_COMBAT_PREVIEW_ABILITY_GLOBAL_COALITION_FRIENDLY_TERRITORY_DESCRIPTION">
      <Text>+{1_Amount} Küresel Koalisyondan Savaş Gücü</Text>
    </Row>
    <Row Tag="LOC_COMBAT_PREVIEW_CYBER_WARFARE_INFO_FUTURE_BUFF">
      <Text>+{1_Amount} Siber Savaştan Gelen Savaş Gücü</Text>
    </Row>
    <Row Tag="LOC_COMBAT_PREVIEW_ABILITY_MANA_DESCRIPTION">
      <Text>+{1_Amount} Gemiye bindiğinde Savaş Gücü</Text>
    </Row>
    <Row Tag="LOC_ABILITY_CHOLA_NAVAL_UNITS_COMBAT_STRENGTH_DESCRIPTION">
      <Text>+{1_Amount} Rajendra Chola'dan Savaş Gücü</Text>
    </Row>
  </BaseGameText>
</GameData>