﻿<?xml version="1.0" encoding="utf-8"?>
<!-- edited with XMLSPY v2004 rel. 2 U (http://www.xmlspy.com) by Ed Beach (Firaxis Games) -->
<GameData>
  <EnglishText>
    <Row Tag="LOC_UNIT_SKIRMISHER_NAME">
      <Text>Skirmisher</Text>
    </Row>
    <Row Tag="LOC_UNIT_SKIRMISHER_DESCRIPTION">
      <Text>Ortaçağ Dönemi keşif birimi.</Text>
    </Row>
    <Row Tag="LOC_UNIT_COURSER_NAME">
      <Text>Courser</Text>
    </Row>
    <Row Tag="LOC_UNIT_COURSER_DESCRIPTION">
      <Text>Ortaçağ Dönemi hafif süvari birliği.</Text>
    </Row>
    <Row Tag="LOC_UNIT_CUIRASSIER_NAME">
      <Text>Cuirassier</Text>
    </Row>
    <Row Tag="LOC_UNIT_CUIRASSIER_DESCRIPTION">
      <Text>Sanayi Çağı ağır süvari birliği.</Text>
    </Row>
    <Row Tag="LOC_UNIT_GIANT_DEATH_ROBOT_NAME">
      <Text>Dev Ölüm Robotu</Text>
    </Row>
    <Row Tag="LOC_UNIT_GIANT_DEATH_ROBOT_DESCRIPTION">
      <Text>Bilgi Çağı Süper Birimi. Suda hareket edebilir ve savaşabilir. Kitle İmha Silahlarına karşı dayanıklıdır. Gelecekteki teknolojiler araştırılarak savaş yetenekleri yükseltilebilir.</Text>
    </Row>
    <Row Tag="LOC_UNIT_MILITARY_ENGINEER_DESCRIPTION">
      <Text>Ortaçağ dönemi destek birimi. Üretmek için bir Cephanelik gerektirir. Yollar, Kaleler, Uçak Pistleri ve Füze Siloları inşa edebilir.</Text>
    </Row>
    <Row Tag="LOC_UNIT_MILITARY_ENGINEER_ALT_DESCRIPTION">
      <Text>Ortaçağ dönemi destek birimi. Üretmek için bir Cephanelik gerektirir. Yollar, Demiryolları, Kaleler, Uçak Pistleri, Füze Siloları ve Dağ Tüneli iyileştirmeleri inşa edebilir. İnşa ücretlerinden biri ayrıca bir Kanal, Baraj veya Su Kemeri bölgesinin %20'sini veya bir Sel Bariyeri binasını tamamlamak için kullanılabilir.</Text>
    </Row>
    <!--Rock Band Text-->
    <Row Tag="LOC_UNIT_ROCK_BAND_NAME">
      <Text>Rock Band</Text>
    </Row>
    <Row Tag="LOC_UNIT_ROCK_BAND_DESCRIPTION">
      <Text>Harikalar da dahil olmak üzere geçerli bir mekanda, gerekli binalardan birine sahip bir Bölgede veya grubun promosyonlarından biri tarafından izin verilen özel bir hedefte bir rock konseri gerçekleştirebilir. Albüm Satışları istatistikleri bir sonraki konserlerinde beklenen [ICON_TOURISM] Turizm gücüdür. Konser verdikten sonra Albüm Satışları ve Rock Grubu Seviyeleri artabilir. [ICON_Faith] İnanç ile satın alınmalıdır. Aynı karede iki kez performans sergileyemez.</Text>
    </Row>
    <Row Tag="LOC_RESULT_LEGENDS_OF_ROCK_NAME">
      <Text>Rock Efsaneleri</Text>
    </Row>
    <Row Tag="LOC_RESULT_HEADLINERS_NAME">
      <Text>Başrol Oyuncuları</Text>
    </Row>
    <Row Tag="LOC_RESULT_RISING_STARS_NAME">
      <Text>Yükselen Yıldızlar</Text>
    </Row>
    <Row Tag="LOC_RESULT_OPENING_ACT_NAME">
      <Text>Açılış Gösterisi</Text>
    </Row>
    <Row Tag="LOC_RESULT_CREATIVE_DIFFERENCES_NAME">
      <Text>Yaratıcı Farklılıklar</Text>
    </Row>
    <Row Tag="LOC_RESULT_AGING_ROCKERS_NAME">
      <Text>Yaşlanan Rockçılar</Text>
    </Row>
    <!--Updated Text-->
    <Row Tag="LOC_UNIT_INQUISITOR_EXPANSION2_DESCRIPTION">
      <Text>Bölgelerindeki diğer Dinlerin varlığını %75 oranında azaltabilir ve diğer Dinlerin birimleriyle teolojik savaş başlatabilir.</Text>
    </Row>
    <Row Tag="LOC_UNIT_BATTERING_RAM_EXPANSION2_DESCRIPTION">
      <Text>Antik çağ destek birimi. Bir şehre bitişik olduğunda, saldıran yakın dövüş ve anti-süvari birimleri şehrin Surlarına tam hasar verir. Orta Çağ veya Rönesans Surları olan şehirleri etkilemez. Şehir Savunmalarına karşı etkisizdir.</Text>
    </Row>
    <Row Tag="LOC_UNIT_SIEGE_TOWER_EXPANSION2_DESCRIPTION">
      <Text>Ortaçağ dönemi destek birimi. Bir şehre bitişikken, saldıran yakın dövüş ve anti-süvari birimleri Surları yok sayar ve hemen şehre saldırır. Rönesans Surları olan şehirleri etkilemez. Şehir Savunmalarına karşı etkisizdir.</Text>
    </Row>
  </EnglishText>
</GameData>