﻿<?xml version="1.0" encoding="utf-8"?>
<!-- edited with XMLSPY v2004 rel. 2 U (http://www.xmlspy.com) by Ed Beach (Firaxis Games) -->
<GameData>
  <BaseGameText>
    <!-- Diplomatic rationales for denouncement -->
    <Row Tag="LOC_DIPLO_DENOUNCE_REASON_FROM_AI_LEADER_ANY_REASON_STANDARD_DIPLOMATIC_WARMONGER">
      <Text>(Savaş kışkırtıcısı olduğunuzu düşünüyorlar.)</Text>
    </Row>
    <Row Tag="LOC_DIPLO_DENOUNCE_REASON_FROM_AI_LEADER_ANY_REASON_STANDARD_DIPLOMATIC_THIRD_PARTY_WARMONGER">
      <Text>(Başkalarını mağdur ettiniz.)</Text>
    </Row>
    <Row Tag="LOC_DIPLO_DENOUNCE_REASON_FROM_AI_LEADER_ANY_REASON_AGENDA_ANGEVIN_EMPIRE">
      <Text>(Komşu şehirlerinizin nüfusu düşüktür.)</Text>
    </Row>
    <Row Tag="LOC_DIPLO_DENOUNCE_REASON_FROM_AI_LEADER_ANY_REASON_AGENDA_CANADIAN_EXPEDITIONARY">
      <Text>(Acil Durumlara katılmadınız.)</Text>
    </Row>
    <Row Tag="LOC_DIPLO_DENOUNCE_REASON_FROM_AI_LEADER_ANY_REASON_AGENDA_KAITIAKITANGA">
      <Text>(Çevreye iyi davranmıyorsunuz.)</Text>
    </Row>
    <Row Tag="LOC_DIPLO_DENOUNCE_REASON_FROM_AI_LEADER_ANY_REASON_AGENDA_LAWGIVER">
      <Text>(Halkınız mutsuz ve sadakatsiz.)</Text>
    </Row>
    <Row Tag="LOC_DIPLO_DENOUNCE_REASON_FROM_AI_LEADER_ANY_REASON_AGENDA_LORD_OF_MINES">
      <Text>(Şehirleriniz ve ticaret yollarınız pek kârlı değil.)</Text>
    </Row>
    <Row Tag="LOC_DIPLO_DENOUNCE_REASON_FROM_AI_LEADER_ANY_REASON_AGENDA_RAVEN_BANNER">
      <Text>(Çok fazla şehir devleti birliği toplamadınız.)</Text>
    </Row>
    <Row Tag="LOC_DIPLO_DENOUNCE_REASON_FROM_AI_LEADER_ANY_REASON_AGENDA_PATRON_OF_ARTS">
      <Text>(Çok fazla Büyük Eseriniz var.)</Text>
    </Row>
    <Row Tag="LOC_DIPLO_DENOUNCE_REASON_FROM_AI_LEADER_ANY_REASON_AGENDA_SAPA_INCA_HIGH_MOUNTAIN_CITIES">
      <Text>(Dağların yakınında çok fazla şehir kazanıyorsunuz.)</Text>
    </Row>
    <Row Tag="LOC_DIPLO_DENOUNCE_REASON_FROM_AI_LEADER_ANY_REASON_AGENDA_SICILIAN_WARS_HIGH_COASTAL_CITIES">
      <Text>(Kıyı boyunca çok fazla şehir kazanıyorsunuz.)</Text>
    </Row>
    <Row Tag="LOC_DIPLO_DENOUNCE_REASON_FROM_AI_LEADER_ANY_REASON_AGENDA_HIGH_DIPLOVP">
      <Text>(Çok fazla Diplomatik Başkan Yardımcınız var.)</Text>
    </Row>
    <Row Tag="LOC_DIPLO_DENOUNCE_REASON_FROM_AI_LEADER_ANY_REASON_AGENDA_HIGH_FAVOR">
      <Text>(Çok fazla iyilik kazandınız.).</Text>
    </Row>
    <Row Tag="LOC_DIPLO_DENOUNCE_REASON_FROM_AI_LEADER_ANY_REASON_AGENDA_HIGH_TOURISM">
      <Text>(Turizminiz çok yüksek.)</Text>
    </Row>
    <Row Tag="LOC_DIPLO_DENOUNCE_REASON_FROM_AI_LEADER_ANY_REASON_AGENDA_LOW_PILLAGE">
      <Text>(Yeterince taş yağmalamadınız.)</Text>
    </Row>
    <Row Tag="LOC_DIPLO_DENOUNCE_REASON_FROM_AI_LEADER_ANY_REASON_AGENDA_FLAT_EARTHER">
      <Text>(Uzayın çevresini dolaştınız veya uzaya gitmek için çalıştınız).</Text>
    </Row>
    <Row Tag="LOC_DIPLO_DENOUNCE_REASON_FROM_AI_LEADER_ANY_REASON_AGENDA_INTOLERANT_ENCROACHING_RELIGION">
      <Text>(Dininizi onların imparatorluğuna yayıyorsunuz.)</Text>
    </Row>
    <Row Tag="LOC_DIPLO_DENOUNCE_REASON_FROM_AI_LEADER_ANY_REASON_AGENDA_TURTLER">
      <Text>(Diğer başkentleri fethettiniz.)</Text>
    </Row>
  </BaseGameText>
</GameData>