﻿<?xml version="1.0" encoding="utf-8"?>
<GameData>
  <EnglishText>
    <Row Tag="LOC_TUTORIAL_GOVERNOR_INTRO">
      <Text>Yurttaşlık bilgimiz arttıkça, yönetişim yöntemlerimiz de gelişiyor. Bu çabayı ilerletmek, şehirlerimizdeki gücümüzü güçlendirmek için bir Vali atamamızı sağlayacaktır.[NEWLINE][NEWLINE]Valiler, bulundukları şehrin Sadakatini büyük ölçüde artıracak ve onlar için seçtiğiniz terfilere bağlı olarak bonuslar verecektir. Yeni Valiler atamak veya mevcut Valileri terfi ettirmek için Vali Unvanlarına ihtiyacımız var. Vali Unvanları için ana kaynağımız belirli Yurttaşlık Bilgilerini tamamlamaktır.</Text>
    </Row>
    <Row Tag="LOC_TUTORIAL_FIRST_GOVERNOR_POINT">
      <Text>Şimdi medeniyetimize bir Vali atama fırsatımız var. Bu Vali, şehirlerimizden birine atandığında güçlü ve üretken bir varlık olacaktır. Mümkün olan en kısa sürede bir aday seçmemizi öneriyorum.</Text>
    </Row>
    <Row Tag="LOC_TUTORIAL_SECOND_GOVERNOR_POINT">
      <Text>Bir kez daha yönetim gücümüzü artırma fırsatına sahibiz. Bu fırsatı mevcut Valilerimizden birini terfi ettirmek için kullanabilir ya da medeniyetimize yeni bir Vali atayabiliriz.</Text>
    </Row>
    <Row Tag="LOC_TUTORIAL_FIRST_GOVERNOR_ASSIGNMENT">
      <Text>Valimiz şu anda atandıkları şehre doğru yola çıktı. Oraya yerleşmeleri biraz zaman alacaktır. Yerleştikten sonra yetenekleri devreye girecek ve oradaki yönetimimizi güçlendirecek.</Text>
    </Row>
    <Row Tag="LOC_TUTORIAL_CITY_LOSING_LOYALTY">
      <Text>Şehirlerimizden birinde sadakati kaybediyoruz. Böyle devam ederse şehrin kontrolünü kaybetme tehlikesiyle karşı karşıyayız. Valilerimizden birini oraya göndermek yönetimimizi güçlendirecek ve vatandaşların sadakatini kazanacaktır.</Text>
    </Row>
    <Row Tag="LOC_TUTORIAL_CITY_LOST_LOYALTY_TO_FOREIGN">
      <Text>Şehirlerimizden birinin sadakatini tamamen kaybettik ve onun yerine yabancı bir güçle ittifak kurdu. Onu geri almak için yeni sahibinden sadakatini koparmalı ya da askeri güç kullanmalıyız.</Text>
    </Row>
    <Row Tag="LOC_TUTORIAL_CITY_LOST_LOYALTY_TO_INDEPENDENT">
      <Text>Şehirlerimizden birinin sadakatini tamamen kaybettik ve bizden bağımsızlığını ilan etti. Onu geri almak için sadakatini geri kazanmalı ya da askeri güç kullanmalıyız.</Text>
    </Row>
    <Row Tag="LOC_TUTORIAL_CITY_LOST_LOYALTY_TO_INDEPENDENT_THIRD_PARTY">
      <Text>Yakınlardaki yabancı bir şehir, sadakatini kaybettikten sonra eski medeniyetinden bağımsızlığını ilan etti ve Özgür Şehir oldu. Sadakatini kazanırsak ya da askeri güç getirirsek, onu kendi medeniyetimize dahil edebiliriz.</Text>
    </Row>
    <Row Tag="LOC_TUTORIAL_CITY_WON_LOYALTY_FROM_FOREIGN">
      <Text>Yabancı bir şehir artık eski sahibine sadık değil ve bunun yerine bize sadakat yemini etti ve büyük medeniyetimize katılmayı istedi!</Text>
    </Row>
    <Row Tag="LOC_TUTORIAL_CITY_WON_LOYALTY_FROM_INDEPENDENT">
      <Text>Bağımsız bir şehir bize sadakat yemini etti ve büyük medeniyetimize katılmak istedi!</Text>
    </Row>
    <Row Tag="LOC_TUTORIAL_CONQUERED_CITY_LOYALTY">
      <Text>Medeniyetimize yeni bir şehir kattık. Onu elimizde tutabilmek için vatandaşlarının sadakatini korumalıyız. Buraya bir Vali göndermek bunu yapmamıza yardımcı olacaktır.[NEWLINE][NEWLINE]İşgal edilen şehrin hala Sadakat sorunları varsa, Sadakati daha da artırmak için şehre bir askeri birlik yerleştirebiliriz. İşgal edilen yeni şehrimizin Sadakatine dikkat edin, aksi takdirde isyan edebilir ve geri alınması gereken bir Serbest Şehir haline gelebilir.</Text>
    </Row>
    <Row Tag="LOC_TUTORIAL_ALLIANCES_1">
      <Text>Artık komşu bir uygarlıkla dostane ilişkilerimiz olduğuna göre, bir İttifak kurarak ilişkilerimizi sağlamlaştırmamız faydalı olabilir.  Bu sadece statümüzü güçlendirmekle kalmayacak, aynı zamanda her iki uygarlığa da fayda sağlayacaktır.</Text>
    </Row>
    <Row Tag="LOC_TUTORIAL_ALLIANCES_2">
      <Text>İttifaklarımız kısa süreli deklarasyonlardır.  Bunları sürdürebilmek için dostluk beyanımızı yenilememiz ve yeni bir İttifak önermemiz gerekecektir.  İttifaklar içinde kalarak daha güçlü hale gelirler ve daha da büyük faydalar sağlarlar.</Text>
    </Row>
    <Row Tag="LOC_TUTORIAL_EMERGENCY_1">
      <Text>Daha büyük bir tehdide karşı diğer uygarlıklara katılma seçeneğimiz var, ancak bunu dikkatlice düşünmeliyiz.  Eğer katılır ve başarılı olursak, ödüllendirileceğiz.  Ama katılır ve görevimizde başarısız olursak, düşman daha da güçlenecektir.</Text>
    </Row>
    <Row Tag="LOC_TUTORIAL_EMERGENCY_2">
      <Text>Görevimizi başarıyla tamamladık ve ödüllerimizi aldık.  Şimdilik bu saldırganı durduracaktır, ancak bu tür eylemlere devam ederlerse, onları durdurmak için artık daha hazırlıklıyız.</Text>
    </Row>
    <Row Tag="LOC_TUTORIAL_EMERGENCY_3">
      <Text>Görevimizde başarısız olduk ve bir dahaki sefere bu düşmanla karşı karşıya geldiğimizde işimiz daha da zor olacak. Belki de bir dahaki sefere diğer tarafa dönmeyi düşünmeliyiz.</Text>
    </Row>
    <Row Tag="LOC_TUTORIAL_EMERGENCY_4">
      <Text>Eylemlerimiz tüm dünyayı alarma geçirdi ve diğer medeniyetler bizi durdurmak için bir araya geldi.  Amaçlarını biliyoruz ve güçlü kalmak istiyorsak kendimizi savunmalıyız.</Text>
    </Row>
    <Row Tag="LOC_TUTORIAL_EMERGENCY_5">
      <Text>Bu kriz döneminde kendimizi başarıyla savunduk ve şimdi bunun için daha güçlüyüz.  Bizimle tekrar karşılaşmadan önce iki kez düşünecekler!</Text>
    </Row>
    <Row Tag="LOC_TUTORIAL_EMERGENCY_6">
      <Text>Bu kriz döneminde kendimizi savunmakta başarısız olduk.  Şimdi düşmanlarımız bizi yenmek için güçlendi ve cesaretlendi!</Text>
    </Row>
    <Row Tag="LOC_TUTORIAL_GAME_ERA_CHANGING_SOON">
      <Text>Medeniyetler yeni teknolojiler ve uygarlıklar ortaya çıkardı ve yakında dünyanın kendisi de yeni bir çağın şafağına ulaşacak. Bu çağdaki eylemlerimiz bizi uygarlığımız için bir Altın Çağ'a götürebilir. Ya da belki de bizi daha karanlık günler bekliyor.</Text>
    </Row>
    <Row Tag="LOC_TUTORIAL_GAME_ERA_CHANGED">
      <Text>Tarih ilerliyor ve dünya yeni bir çağa giriyor. Uygarlığımızın geleceğinde, yakın geçmişimizin eylemlerinden doğan bir Altın Çağ ya da Karanlık Çağ görebiliriz.</Text>
    </Row>
    <Row Tag="LOC_TUTORIAL_ENTER_GOLDEN_AGE">
      <Text>Harika bir haber! Başarılarımız uygarlığımızı Altın Çağ'a taşıdı. Bu süre zarfında medeniyetimiz her zamankinden daha güçlü ve daha sadık olacak.</Text>
    </Row>
    <Row Tag="LOC_TUTORIAL_ENTER_DARK_AGE">
      <Text>Karanlık bir çağın içine düştük. Şehirlerimiz sadakat zorluklarıyla karşılaşacak olsa da, yeterli çabayla bu Karanlık Çağ'dan çıkabiliriz.</Text>
    </Row>
    <Row Tag="LOC_TUTORIAL_OVERCOME_DARK_AGE">
      <Text>Sevinin! Karanlık Çağımız sona erdi ve uygarlığımız çok daha parlak bir geleceğe doğru yol alıyor. Bir sonraki Altın Çağımız gerçekten de görkemli olacak.</Text>
    </Row>
    <Row Tag="LOC_TUTORIAL_DARK_AGE_TO_DARK_AGE">
      <Text>Ne yazık ki bu Karanlık Çağ'dan çıkmayı başaramadık. Uygarlığımızın bu dünyada varlığını sürdürebilmesi için kararlılığımızı güçlendirmeli ve bu gerilemenin üstesinden gelmeliyiz.</Text>
    </Row>
    <Row Tag="LOC_TUTORIAL_PRIDE_MOMENT_COMMEMORATION">
      <Text>Tarihimizde hangi başarılarımızın anılacağını seçme zamanı geldi. Bu, halkımıza sizin seçtiğiniz yolda ilerlemeye devam etmeleri için ilham verecektir.</Text>
    </Row>
    <Row Tag="LOC_TUTORIAL_PRIDE_MOMENT_TRIGGERED">
      <Text>Uygarlığımız, kutlanmaya ve gelecek nesiller boyunca hatırlanmaya değer tarihi bir şey başardı. Bu başarılar uygarlığımızın Altın Çağ'a ulaşmasına ve Karanlık Çağ'dan kaçınmasına yardımcı olur.[NEWLINE][NEWLINE]Bu Tarihi Anların her biri Çağ Puanımızı artıracaktır. Çağ Puanımız bir sonraki oyun çağında hangi Çağı kazanacağımızı belirler, bu nedenle mümkün olduğunda bu Tarihi Anları aramalıyız.</Text>
    </Row>
    <Row Tag="LOC_TUTORIAL_GOV_DISTRICT_1">
      <Text>Artık ulusal bir bölge inşa etmeye hazırız!  İmparatorluğumuzda sadece bir tane inşa edilebilir, bu nedenle yerini dikkatlice seçtiğinizden emin olun.</Text>
    </Row>
    <Row Tag="LOC_TUTORIAL_GOV_DISTRICT_1a">
      <Text>Artık hükümet binalarımızı nereye inşa edeceğimizi seçmeye hazırız. İmparatorluğumuzda bunlardan sadece bir tanesine yer verebiliriz, bu yüzden dikkatli seçin.</Text>
    </Row>
    <Row Tag="LOC_TUTORIAL_GOV_DISTRICT_2">
      <Text>Yeni bölgenizdeki binalar, inşa sırasında mevcut hükümetinizi anar ve hükümetin etkilerini tamamlayan bir politika sağlar.</Text>
    </Row>
    <Row Tag="LOC_TUTORIAL_GOV_DISTRICT_2a">
      <Text>Mevcut hükümetimizi anmak ve güçlendirmek için bir hükümet binası inşa etmemizi önerebilir miyim?[NEWLINE][NEWLINE]Her yeni hükümet binası inşa ettiğimizde, şu anda seçtiğimiz hükümete dayanan bir Miras Politikasının kilidini açıyoruz. Bu Miras Politikaları, gelecek hükümetlere taşıyabileceğimiz sivil geçmişimizin güçlü hatırlatıcılarıdır.</Text>
    </Row>
    <Row Tag="LOC_TUTORIAL_GOV_DISTRICT_3">
      <Text>Ulusal Büronuz yeni bir poliçenin kilidini açtı.  Bir dahaki sefere poliçe kilidi açıldığında bunu yerleştirmeyi düşünün.</Text>
    </Row>
    <Row Tag="LOC_TUTORIAL_GOV_DISTRICT_3a">
      <Text>Ulusal Mahkemeniz yeni bir poliçenin kilidini açtı.  Bir dahaki sefere poliçe kilidi açıldığında bunu yerleştirmeyi düşünün.</Text>
    </Row>
    <Row Tag="LOC_TUTORIAL_GOV_DISTRICT_3b">
      <Text>Hükümet binamızın tamamlanması yeni bir politikanın kilidini açmıştır. Bunu hükümetimize dahil edersek, halkımıza büyük ölçüde yardımcı olabilir.</Text>
    </Row>
    <Row Tag="LOC_TUTORIAL_GOV_DISTRICT_3c">
      <Text>Bu binanın inşasının tamamlanması politika yapıcılarımıza ilham verdi! Bu yeni politikayı hükümetimizde uygulamaya karar verirsek, halkımıza büyük ölçüde yardımcı olabiliriz.</Text>
    </Row>
    <Row Tag="LOC_TUTORIAL_LOYALTY_PRESSURE">
      <Text>Yeni bir şehre yerleşmek medeniyetimizi genişletti! Bir şehirden daha büyük bir imparatorlukta, vatandaşlarımızın Sadakatini göz önünde bulundurmak önemlidir. Sadakat azalırsa, şehir o kadar etkili olmaz. Sadakat 0'a düşerse, şehir bağımsızlığını ilan eder ve Serbest Şehir olur. Aynı şey diğer medeniyetlerin de başına gelebilir, bu yüzden diğerlerinin istikrarını bozma fırsatlarını kollayın ve hatta belki bir Serbest Şehri kendi imparatorluğunuza katın![NEWLINE][NEWLINE]Sadakat esas olarak şehirdeki ve şehrin yakınındaki vatandaşların sayısından ve milliyetinden etkilenir. Kendi nüfusunuzun 9 karede çok sayıda olması her turda Sadakatinizi artıracaktır. Diğer uygarlıklara ait nüfusun 9 karo içinde olması sadakatinizi azaltacaktır. Şehirler birbirine ne kadar yakınsa, etki o kadar büyük olur. Ayrıca, bu etki Altın Çağ'daki medeniyetler için büyük ölçüde güçlenir ve Karanlık Çağ'da zayıflar. [NEWLINE][NEWLINE]Bir şehre bir Vali atamak ve yeterli İmkâna sahip olmasını sağlamak, kendi şehirlerinizin Sadakatini sağlamanın diğer yollarıdır.</Text>
    </Row>
    <Row Tag="LOC_ADVISOR_CITYPANEL_LOYALTY_INTRO">
      <Text>SADAKATI ARTIRMAK IÇIN:</Text>
    </Row>
    <Row Tag="LOC_ADVISOR_CITYPANEL_MARTIAL_LAW">
      <Text>[NEWLINE][NEWLINE]İşgal cezasına karşı koymak için burada bir askeri birlik bulundurun</Text>
    </Row>
    <Row Tag="LOC_ADVISOR_CITYPANEL_GOVERNOR">
      <Text>[NEWLINE][NEWLINE]Burada bir [ICON_Governor] Vali oluşturun</Text>
    </Row>
    <Row Tag="LOC_ADVISOR_CITYPANEL_AMBASSADOR">
      <Text>[NEWLINE][NEWLINE]9 karo içindeki bir şehirde terfi etmiş bir Diplomat [ICON_Governor] Vali kurun</Text>
    </Row>
    <Row Tag="LOC_ADVISOR_CITYPANEL_DARK_AGE">
      <Text>[NEWLINE][NEWLINE]Vatandaşlarınızın [ICON_Citizen] daha fazla Sadakat göstermesini sağlamak için bir sonraki oyun döneminde Karanlık Çağ'a girmekten kaçının</Text>
    </Row>
    <Row Tag="LOC_ADVISOR_CITYPANEL_GOLDEN_AGE">
      <Text>[NEWLINE][NEWLINE]Bir sonraki oyun çağında bir Altın Çağ kazanarak [ICON_Citizen] Vatandaşlarınızın daha fazla Sadakat göstermesini sağlayın</Text>
    </Row>
    <Row Tag="LOC_ADVISOR_CITYPANEL_CITY_PLACEMENT">
      <Text>[NEWLINE][NEWLINE]9 karo içindeki şehirlerinizi ve [ICON_Citizen] Vatandaşlarınızı maksimize edin ve 9 karo içindeki yabancı şehirleri ve [ICON_Citizen] Vatandaşları minimize edin</Text>
    </Row>
    <Row Tag="LOC_ADVISOR_CITYPANEL_CITY_HAPPINESS">
      <Text>[NEWLINE][NEWLINE]Bu şehirdeki [ICON_Amenities] olanakları artırarak halkınızı daha mutlu edin</Text>
    </Row>
    <Row Tag="LOC_ADVISOR_CITYPANEL_CITY_STARVATION">
      <Text>[NEWLINE][NEWLINE]Halkınızın açlıktan ölmesini önlemek için daha fazla [ICON_Food] sağlayın</Text>
    </Row>
    <Row Tag="LOC_ADVISOR_CITYPANEL_BREAD_AND_CIRCUSES">
      <Text>[NEWLINE][NEWLINE]Yakındaki bir şehir Ekmek ve Sirkler projesini üretsin</Text>
    </Row>
    <Row Tag="LOC_ADVISOR_CITYPANEL_CULTURAL_ALLIANCE">
      <Text>[NEWLINE][NEWLINE]Vatandaşlarının [ICON_Citizen] olumsuz bir etkiye sahip olmasını önlemek için bir komşuyla Kültürel İttifak kurmak</Text>
    </Row>
    <Row Tag="LOC_ADVISOR_CITYPANEL_RELIGIOUS_FOLLOWERS">
      <Text>[NEWLINE][NEWLINE]Şehrin [ICON_Citizen] Vatandaşları sizin dininizi takip etsin.</Text>
    </Row>
    <Row Tag="ADVISOR_LINE_LISTENER_81">
      <Text>Kendi insanlarımız oldukça yetenekli olsa da, başkalarından öğrenerek her zaman fayda sağlayabiliriz. Belki de komşularımızdan biriyle bir Araştırma Anlaşması başlatmayı düşünmeliyiz.</Text>
    </Row>
  </EnglishText>
</GameData>