﻿<?xml version="1.0" encoding="utf-8"?>
<!-- edited with XMLSPY v2004 rel. 2 U (http://www.xmlspy.com) by Anton Strenger (Firaxis Games) -->
<GameData>
  <EnglishText>
    <!--New for XP2-->
    <Row Tag="LOC_BUILDING_FLOOD_BARRIER_NAME">
      <Text>Sel Bariyeri</Text>
    </Row>
    <Row Tag="LOC_BUILDING_FLOOD_BARRIER_DESCRIPTION">
      <Text>Bu şehirdeki Kıyı Ovası karolarını selden korur. İlk inşa maliyeti ve tur başına bakım, bu şehirdeki Kıyı Ovalarının sayısına ve mevcut deniz seviyesine bağlı olarak değişir. Bir şehrin bazı karoları sular altında kaldıktan sonra inşa edilirse, bu karolar tamamen onarılabilir. Ancak sular altında kalan karolar asla onarılamaz.[NEWLINE][NEWLINE]Bir veya daha fazla Kıyı Ovası karosuna sahip bir şehirde inşa edilmelidir. Şehir ele geçirilirse yağmalanmaz.</Text>
    </Row>
    <Row Tag="LOC_BUILDING_FLOOD_BARRIER_ALT_DESCRIPTION">
      <Text>Bu şehirdeki Kıyı Ovası karolarını selden korur. İlk inşa maliyeti ve tur başına bakım, bu şehirdeki Kıyı Ovalarının sayısına ve mevcut deniz seviyesine bağlı olarak değişir. Bir şehrin bazı karoları sular altında kaldıktan sonra inşa edilirse, bu karolar tamamen onarılabilir. Ancak sular altında kalan karolar asla onarılamaz.[NEWLINE][NEWLINE]Bir veya daha fazla Kıyı Ovası karosuna sahip bir şehirde inşa edilmelidir. Şehir ele geçirilirse yağmalanmaz. Askeri Mühendisler bir Sel Bariyerinin üretiminin %20'sini tamamlamak için bir ücret harcayabilir.</Text>
    </Row>
    <Row Tag="LOC_BUILDING_HYDROELECTRIC_DAM_NAME">
      <Text>Hidroelektrik Barajı</Text>
    </Row>
    <Row Tag="LOC_BUILDING_HYDROELECTRIC_DAM_DESCRIPTION">
      <Text>Şehre yenilenebilir su kaynaklarından +6 [ICON_Power] Güç sağlar.</Text>
    </Row>
    <Row Tag="LOC_BUILDING_COAL_POWER_PLANT_NAME">
      <Text>Kömür Santrali</Text>
    </Row>
    <Row Tag="LOC_BUILDING_COAL_POWER_PLANT_DESCRIPTION">
      <Text>Her turda ihtiyaç duyan 6 karo içindeki şehirler için herhangi bir miktarda [ICON_RESOURCE_COAL] Kömürü otomatik olarak [ICON_Power] Güce dönüştürür, şu oranda:[NEWLINE][ICON_Bullet]1 [ICON_RESOURCE_COAL] Kömür [ICON_PowerRight] 4 [ICON_Power] Güç[NEWLINE][ICON_Bullet]Atmosfere ağır CO2</Text>
    </Row>
    <Row Tag="LOC_BUILDING_FOSSIL_FUEL_POWER_PLANT_NAME">
      <Text>Petrol Enerji Santrali</Text>
    </Row>
    <Row Tag="LOC_BUILDING_FOSSIL_FUEL_POWER_PLANT_DESCRIPTION">
      <Text>Her turda ihtiyaç duyan 6 karo içindeki şehirler için herhangi bir miktarda [ICON_RESOURCE_OIL] Petrolü otomatik olarak [ICON_Power] Güce dönüştürür, şu oranda:[NEWLINE][ICON_Bullet]1 [ICON_RESOURCE_OIL] Petrol [ICON_PowerRight] 4 [ICON_Power] Güç[NEWLINE][ICON_Bullet]Atmosfere orta düzeyde CO2[NEWLINE][ICON_Production] Üretim bonusu, halihazırda bir Enerji Santrali binasından bonusu olmayan 6 karo içindeki tüm Şehir Merkezlerine genişletilir.</Text>
    </Row>
    <!--Wonders-->
    <Row Tag="LOC_BUILDING_GREAT_BATH_NAME">
      <Text>Büyük Banyo
 	 	 	 Eril:the</Text>
      <Gender>Masculine:the</Gender>
    </Row>
    <Row Tag="LOC_BUILDING_GREAT_BATH_DESCRIPTION">
      <Text>Büyük Hamam'ın bulunduğu nehir boyunca uzanan Taşkın Yatakları karoları artık Taşkın hasarına karşı bağışıktır (ancak [ICON_FOOD] Gıda ve [ICON_PRODUCTION] Üretim bonusları %50 oranında düşer). Bu şehre ait Sel Yatakları karoları, Sel hasarının azaltıldığı her sefer için +1 [ICON_FAITH] İnanç kazanır. [NEWLINE][NEWLINE]Bir Sel Yatakları karosu üzerine inşa edilmelidir.</Text>
    </Row>
    <Row Tag="LOC_BUILDING_MEENAKSHI_TEMPLE_NAME">
      <Text>Meenakshi Tapınağı
 	 	 	 Eril:the</Text>
      <Gender>Masculine:the</Gender>
    </Row>
    <Row Tag="LOC_BUILDING_MEENAKSHI_TEMPLE_DESCRIPTION">
      <Text>2 Gurus hibe ediyor. Gurular %30 daha ucuza satın alınabilir. Gurulara komşu dini birimler Teolojik Savaşta +5 [ICON_Religion] Dini Güç ve +1 [ICON_Movement] Hareket alır. Bir Kutsal Alanın bitişiğinde inşa edilmiş olmalı ve bir Din kurmuş olmalısınız.</Text>
    </Row>
    <Row Tag="LOC_BUILDING_UNIVERSITY_SANKORE_NAME">
      <Text>Sankore Üniversitesi
 	 	 	 Eril:the</Text>
      <Gender>Masculine:the</Gender>
    </Row>
    <Row Tag="LOC_BUILDING_UNIVERSITY_SANKORE_DESCRIPTION">
      <Text>Diğer Medeniyetlerin [ICON_TradeRoute] bu şehre giden Ticaret Yolları onlara +1 [ICON_SCIENCE] Bilim ve +1 [ICON_GOLD] Altın sağlar. Bu şehre giden her [ICON_TradeRoute] Ticaret Yolu için +2 [ICON_SCIENCE] Bilim. Yurtiçi [ICON_TradeRoute] Ticaret Yolları bu şehre ilave +1 [ICON_FAITH] İnanç sağlar. [NEWLINE][NEWLINE]Çöl veya Çöl Tepeleri üzerinde ve Üniversitesi olan bir Kampüs bölgesine bitişik olarak inşa edilmelidir.</Text>
    </Row>
    <Row Tag="LOC_BUILDING_MACHU_PICCHU_NAME">
      <Text>Machu Picchu
 	 	 	 Eril:no_article</Text>
      <Gender>Masculine:no_article</Gender>
    </Row>
    <Row Tag="LOC_BUILDING_MACHU_PICCHU_DESCRIPTION">
      <Text>Dağ karoları, tüm şehirlerdeki Ticaret Merkezi, Tiyatro Meydanı ve Sanayi Bölgesi bölgelerine standart bir bitişiklik bonusu sağlar.[NEWLINE][NEWLINE]Volkan içermeyen bir Dağ karosu üzerine inşa edilmelidir.</Text>
    </Row>
    <Row Tag="LOC_BUILDING_ORSZAGHAZ_NAME">
      <Text>Országház
 	 	 	 Eril:no_article</Text>
      <Gender>Masculine:no_article</Gender>
    </Row>
    <Row Tag="LOC_BUILDING_ORSZAGHAZ_DESCRIPTION">
      <Text>Bir Şehir Devletinin Suzerain'i olarak bir tura başlamaktan itibaren tur başına +%100 [ICON_Favor] Diplomatik İyilik.[NEWLINE][NEWLINE]Bir Nehir üzerinde inşa edilmelidir.</Text>
    </Row>
    <Row Tag="LOC_BUILDING_PANAMA_CANAL_NAME">
      <Text>Panama Kanalı
 	 	 	 Eril:the</Text>
      <Gender>Masculine:the</Gender>
    </Row>
    <Row Tag="LOC_BUILDING_PANAMA_CANAL_DESCRIPTION">
      <Text>Tamamlandığında 1 veya 2 bitişik Kanal bölgesi otomatik olarak inşa edilir. Kanal harikası karesi artık donanma birimleri tarafından geçilebilir. [ICON_TradeRoute] İçinden geçen Ticaret Yolları, varış noktalarındaki bölgelerden elde ettikleri [ICON_Gold] Altını katlayabilir. [NEWLINE][NEWLINE] İnşa karesinin tam karşısında aşağıdaki kriterleri karşılayan iki bitişik karenin bulunduğu düz bir kara karesi üzerine inşa edilmelidir: bitişik karelerden biri Panama Kanalı inşa karesine bağlanan bir Kanal bölgesini yasal olarak tutabilmelidir; diğeri ya bir şehir, ya bir su karesi ya da bir bağlantı Kanalı tutabilen başka bir karo olmalıdır.</Text>
    </Row>
    <Row Tag="LOC_BUILDING_GOLDEN_GATE_BRIDGE_NAME">
      <Text>Golden Gate Köprüsü
 	 	 	 Eril:the</Text>
      <Gender>Masculine:the</Gender>
    </Row>
    <Row Tag="LOC_BUILDING_GOLDEN_GATE_BRIDGE_DESCRIPTION">
      <Text>Kara birimleri gemiye binmeye gerek kalmadan geçebilir. Modern Yol gibi davranır ve her iki uçtaki kara karelerinde Modern Yollar (mevcut değilse) oluşturur. Şehir +3 [ICON_Amenities] Kolaylık kazanır. Bu şehirdeki tüm kareler +4 Cazibe. Bu şehirdeki iyileştirmelerden ve Milli Parklardan +%100 [ICON_Tourism] Turizm. [ICON_TradeRoute] İçinden geçen Ticaret Yolları, varış noktalarındaki bölgelerden elde ettikleri [ICON_Gold] Altını katlayabilir. [NEWLINE][NEWLINE]Bir Kıyı karesi üzerine inşa edilmelidir. Köprü, birbirinin tam karşısında bulunan iki kara karesi arasındaki altıgen boyunca düz bir şekilde uzanmalıdır. Köprünün hem sol hem de sağ tarafında en az bir su taşı bulunmalıdır.</Text>
    </Row>
    <Row Tag="LOC_BUILDING_JEBEL_BARKAL_EXPANSION2_DESCRIPTION">
      <Text>Her turda 6 [ICON_RESOURCE_IRON] Demir verir. 6 karo içinde bulunan tüm şehirlerinize +4 [ICON_Faith] İnanç sağlar.[NEWLINE][NEWLINE]Çöl (Tepeler) arazisi üzerine inşa edilmelidir.</Text>
    </Row>
    <!-- Other balance changes -->
    <Row Tag="LOC_BUILDING_BIG_BEN_DESCRIPTION">
      <Text>+1 Ekonomik politika yuvası[NEWLINE][NEWLINE]Mevcut hazineyi iki katına çıkarır. Banka bulunan bir Ticaret Merkezi bölgesine bitişik bir Nehrin yanına inşa edilmelidir.</Text>
    </Row>
    <Row Tag="LOC_BUILDING_MAHABODHI_TEMPLE_EXPANSION2_DESCRIPTION">
      <Text>+2 Diplomatik Zafer Puanı ve inşa edildiğinde 2 Havari verir.[NEWLINE][NEWLINE]Tapınağı olan bir Kutsal Alan bölgesine bitişik Ormanlar üzerine inşa edilmeli ve bir Din kurmuş olmalısınız.</Text>
    </Row>
    <Row Tag="LOC_BUILDING_STATUE_LIBERTY_EXPANSION2_DESCRIPTION">
      <Text>İnşa edildiğinde +4 Diplomatik Zafer Puanı. 6 karo içindeki tüm şehirleriniz her zaman %100 Sadıktır. [NEWLINE][NEWLINE]Sahilde, karaya ve bir Liman bölgesine bitişik olarak inşa edilmelidir.</Text>
    </Row>
    <Row Tag="LOC_BUILDING_POTALA_PALACE_EXPANSION2_DESCRIPTION">
      <Text>+1 Diplomatik politika yuvası.  +1 Diplomatik Zafer puanı.[NEWLINE][NEWLINE]Bir Dağa bitişik bir Tepe üzerine inşa edilmelidir.</Text>
    </Row>
    <Row Tag="LOC_BUILDING_AIRPORT_DESCRIPTION">
      <Text>Bu şehirde eğitilen hava birimleri için +%50 savaş deneyimi. Aerodrom bölgesinde +2 hava birimi yuvası. Hızlı Konuşlanma sivil kilidi açıldıktan sonra Havaalanlarına sahip Havaalanı bölgeleri arasında kara birimlerinin havadan ikmal edilebilmesini sağlar.</Text>
    </Row>
    <Row Tag="LOC_BUILDING_HANGAR_DESCRIPTION">
      <Text>Bu şehirde eğitilen hava birimleri için +%25 savaş deneyimi. Aerodrome bölgesinde +2 hava birimi yuvası.</Text>
    </Row>
    <Row Tag="LOC_BUILDING_POWER_PLANT_EXPANSION2_NAME">
      <Text>Nükleer Enerji Santrali</Text>
    </Row>
    <Row Tag="LOC_BUILDING_POWER_PLANT_EXPANSION2_DESCRIPTION">
      <Text>Her turda ihtiyaç duyan 6 karedeki şehirler için herhangi bir miktarda [ICON_RESOURCE_URANIUM] Uranyumu otomatik olarak [ICON_Power] Güce dönüştürür:[NEWLINE][ICON_Bullet]1 [ICON_RESOURCE_URANIUM] Uranyum [ICON_PowerRight] 16 [ICON_Power] Güç[NEWLINE][ICON_Bullet]Atmosfere minik CO2[NEWLINE]Bir Nükleer Enerji Santrali inşa edildikten sonra yaşlandıkça, Nükleer Kaza meydana gelme olasılığı artar. [ICON_Production] Üretim ve [ICON_Science] Bilim bonusu, halihazırda bir Enerji Santrali binasından bonus almayan 6 karo içindeki tüm Şehir Merkezlerine genişletilir.</Text>
    </Row>
    <Row Tag="LOC_BUILDING_BIG_BEN_EXPANSION2_DESCRIPTION">
      <Text>+1 Ekonomik politika yuvası[NEWLINE][NEWLINE]İnşaattan hemen sonra [ICON_GOLD] Hazinedeki altın 50%. artırılır Bir Banka ile bir Ticaret Merkezi bölgesine bitişik bir Nehrin yanında inşa edilmelidir.</Text>
    </Row>
    <Row Tag="LOC_BUILDING_BARRACKS_EXPANSION2_DESCRIPTION">
      <Text>Bu şehirde eğitilen tüm yakın dövüşçü ve menzilli kara birimleri için +%25 savaş deneyimi.[NEWLINE]Stratejik Kaynak Stokları +10 arttı (Standart Hızda).[NEWLINE][NEWLINE]Zaten bir Ahırı olan bir Kamp bölgesinde inşa edilemez.</Text>
    </Row>
    <Row Tag="LOC_BUILDING_STABLE_EXPANSION2_DESCRIPTION">
      <Text>Bu şehirde eğitilen tüm süvari ve kuşatma sınıfı birimler için +%25 savaş deneyimi. [NEWLINE]Stratejik Kaynak Stokları +10 arttı (Standart Hızda). [NEWLINE][NEWLINE]Zaten Kışlası olan bir Kamp bölgesinde inşa edilemez.</Text>
    </Row>
    <Row Tag="LOC_BUILDING_ARMORY_EXPANSION2_DESCRIPTION">
      <Text>Bu şehirde eğitilen tüm kara birimleri için +%25 savaş deneyimi. [NEWLINE]Stratejik Kaynak Stokları +10 arttı (Standart Hızda).</Text>
    </Row>
    <Row Tag="LOC_BUILDING_MILITARY_ACADEMY_EXPANSION2_DESCRIPTION">
      <Text>Bu şehirde eğitilen tüm kara birimleri için +%25 savaş deneyimi.[NEWLINE]Stratejik Kaynak Stokları +10 arttı (Standart Hızda).[NEWLINE]Kolordu ve Orduların doğrudan eğitilmesine izin verir. Kolordu ve Ordu eğitim maliyetleri %25 azaltıldı%.</Text>
    </Row>
    <Row Tag="LOC_BUILDING_FACTORY_EXPANSION2_DESCRIPTION">
      <Text>[ICON_Production] Üretim bonusu, bu bina türünden halihazırda bir bonusa sahip olmayan 6 karo içindeki tüm Şehir Merkezlerine genişletilir.</Text>
    </Row>
    <Row Tag="LOC_BUILDING_CASTLE_EXPANSION2_DESCRIPTION">
      <Text>Dış savunmanızın gücünü artırır. Muhafaza Şehrine ilerledikten sonra 2 [ICON_TOURISM] Turizm sağlar. Bu şehir Koçbaşılardan etkilenmez.</Text>
    </Row>
    <Row Tag="LOC_BUILDING_STAR_FORT_EXPANSION2_DESCRIPTION">
      <Text>Dış savunmanızın gücünü mümkün olan en yüksek seviyeye çıkarır. Koruma Şehrine ilerledikten sonra 3 [ICON_TOURISM] Turizm sağlar. Bu şehir Kuşatma Kuleleri veya Koçbaşılardan etkilenmez.</Text>
    </Row>
    <Row Tag="LOC_BUILDING_LIGHTHOUSE_EXPANSION2_DESCRIPTION">
      <Text>Bu şehirde eğitilen tüm deniz birimleri için +%25 savaş deneyimi. +1 [ICON_FOOD] Bu şehir için tüm Sahil karolarında yiyecek. +2 [ICON_HOUSING] Bu şehir kıyıya bitişikse konut. +1 [ICON_TradeRoute] Ticaret Yolu kapasitesi, eğer bu şehirde henüz bir Pazar binası yoksa.</Text>
    </Row>
    <Row Tag="LOC_BUILDING_SHIPYARD_EXPANSION2_DESCRIPTION">
      <Text>Bu şehirde eğitilen tüm deniz birimleri için +%25 savaş deneyimi. Bonus [ICON_Production] Liman bölgesinin bitişiklik bonusuna eşit üretim. +1 [ICON_PRODUCTION] Bu şehir için tüm geliştirilmemiş Sahil ve Göl karolarında üretim.</Text>
    </Row>
    <Row Tag="LOC_BUILDING_PAGODA_EXPANSION2_DESCRIPTION">
      <Text>Her tur için +1 [ICON_Favor] Diplomatik İyilik.</Text>
    </Row>
    <Row Tag="LOC_BUILDING_DAR_E_MEHR_EXPANSION2_DESCRIPTION">
      <Text>İnşa edildiği veya son onarıldığı tarihten itibaren her dönem için +1 ilave [ICON_FAITH] İnanç. Doğal afetler tarafından yağmalanamaz.</Text>
    </Row>
    <Row Tag="LOC_BUILDING_GOV_CITYSTATES_EXPANSION2_DESCRIPTION">
      <Text>+3 [ICON_Favor] Diplomatik İyilik. Şehir Devletlerinden Yararlanmak yarım [ICON_Gold] Altına mal olur. [NEWLINE]Şehir Devletinin Suzerain'i iseniz Şehir Devleti birimleri +4 [ICON_Strength] Savaş Gücü kazanır (Yararlanılan Birimler dahil). [NEWLINE]+1 [Icon_Governor] Vali Unvanı verir.</Text>
    </Row>
  </EnglishText>
</GameData>