﻿<?xml version="1.0" encoding="utf-8"?>
<GameData>
  <EnglishText>
    <Row Tag="LOC_NOTIFICATION_PRIDE_MOMENT_RECORDED_MESSAGE">
      <Text>Tarihi An</Text>
    </Row>
    <Row Tag="LOC_NOTIFICATION_PRIDE_MOMENT_RECORDED_SUMMARY">
      <Text>Halkınız Tarihi Bir Anı Kutluyor! {1_MomentDescription} (+{2_EraScoreAmount} Era Score)</Text>
    </Row>
    <Row Tag="LOC_NOTIFICATION_GOVERNOR_ESTABLISHED_IN_CITY_MESSAGE">
      <Text>{1_CityName}'de kurulan Vali</Text>
    </Row>
    <Row Tag="LOC_NOTIFICATION_GOVERNOR_ESTABLISHED_IN_CITY_SUMMARY">
      <Text>Vali {1_GovernorName} şimdi {2_CityName}'te kurulmuştur</Text>
    </Row>
    <Row Tag="LOC_NOTIFICATION_GOVERNOR_APPOINTMENT_AVAILABLE_MESSAGE">
      <Text>Yeni Vali Fırsatı Mevcut</Text>
    </Row>
    <Row Tag="LOC_NOTIFICATION_GOVERNOR_APPOINTMENT_AVAILABLE_SUMMARY">
      <Text>Yeni bir Vali atayın veya mevcut bir Valiyi terfi ettirin.</Text>
    </Row>
    <Row Tag="LOC_NOTIFICATION_GOVERNOR_OPPORTUNITY_AVAILABLE_MESSAGE">
      <Text>Yeni Vali Unvanı Mevcut</Text>
    </Row>
    <Row Tag="LOC_NOTIFICATION_GOVERNOR_OPPORTUNITY_AVAILABLE_SUMMARY">
      <Text>Mevcut bir [ICON_Governor] Valiyi terfi ettirin veya uygarlığınıza yeni bir Vali atayın.</Text>
    </Row>
    <Row Tag="LOC_ACTION_PANEL_GOVERNOR_OPPORTUNITY">
      <Text>Vali Unvanı</Text>
    </Row>
    <Row Tag="LOC_ACTION_PANEL_GOVERNOR_OPPORTUNITY_TOOLTIP">
      <Text>Mevcut bir Vali'yi terfi ettirin veya uygarlığınıza yeni bir Vali atayın.</Text>
    </Row>
    <Row Tag="LOC_ACTION_PANEL_GOVERNOR_PROMOTION">
      <Text>Vali Terfisi</Text>
    </Row>
    <Row Tag="LOC_ACTION_PANEL_GOVERNOR_PROMOTION_TOOLTIP">
      <Text>Valilerinizden birini terfi ettirmek için bir Unvan mevcuttur.</Text>
    </Row>
    <Row Tag="LOC_ACTION_PANEL_GOVERNOR_IDLE">
      <Text>Vali Boşta</Text>
    </Row>
    <Row Tag="LOC_ACTION_PANEL_GOVERNOR_IDLE_TOOLTIP">
      <Text>Atama için bir vali hazırdır.</Text>
    </Row>
    <Row Tag="LOC_ACTION_PANEL_GOVERNOR_APPOINTMENT">
      <Text>Vali Ataması</Text>
    </Row>
    <Row Tag="LOC_ACTION_PANEL_GOVERNOR_APPOINTMENT_TOOLTIP">
      <Text>Uygarlığınıza yeni bir Vali atayın.</Text>
    </Row>
    <Row Tag="LOC_ACTION_PANEL_CONSIDER_DISLOYAL_CITY">
      <Text>Şehir Kalsın veya Serbest Bırakılsın</Text>
    </Row>
    <Row Tag="LOC_ACTION_PANEL_CONSIDER_DISLOYAL_CITY_TOOLTIP">
      <Text>Yabancı bir şehir, Sadakati 0'a düştüğü için eski sahibine karşı isyan etti. Sizin Sadakatiniz orada en güçlüsü, bu yüzden alçakgönüllülükle Medeniyetinize katılmayı talep ediyor.</Text>
    </Row>
    <Row Tag="LOC_NOTIFICATION_GOVERNOR_PROMOTION_AVAILABLE_MESSAGE">
      <Text>Vali Promosyonu Mevcut</Text>
    </Row>
    <Row Tag="LOC_NOTIFICATION_GOVERNOR_PROMOTION_AVAILABLE_SUMMARY">
      <Text>Valilerinizden biri için bir terfi mevcuttur.</Text>
    </Row>
    <Row Tag="LOC_NOTIFICATION_GOVERNOR_IDLE_MESSAGE">
      <Text>Vali Boşta</Text>
    </Row>
    <Row Tag="LOC_NOTIFICATION_GOVERNOR_IDLE_SUMMARY">
      <Text>{1_GovernorName} atama için kullanılabilir.</Text>
    </Row>
    <Row Tag="LOC_NOTIFICATION_GOVERNOR_REMOVED_FROM_CITY_MESSAGE">
      <Text>Vali {1_CityName}'den çıkarıldı</Text>
    </Row>
    <Row Tag="LOC_NOTIFICATION_GOVERNOR_REMOVED_FROM_CITY_SUMMARY">
      <Text>Vali {1_GovernorName} artık {2_CityName}'e atanmamıştır.</Text>
    </Row>
    <Row Tag="LOC_NOTIFICATION_GOVERNOR_CHANGED_CITIES_MESSAGE">
      <Text>Vali {1_GovernorName} {2_CityName}'e taşındı</Text>
    </Row>
    <Row Tag="LOC_NOTIFICATION_GOVERNOR_CHANGED_CITIES_SUMMARY">
      <Text>Vali {1_GovernorName}, {2_CityName}'ten {3_CityName}'ya taşındı</Text>
    </Row>
    <Row Tag="LOC_NOTIFICATION_GOVERNOR_RETURNING_TO_SERVICE_MESSAGE">
      <Text>Vali {1_GovernorName} hizmete geri dönmüştür.</Text>
    </Row>
    <Row Tag="LOC_NOTIFICATION_GOVERNOR_RETURNING_TO_SERVICE_SUMMARY">
      <Text>Vali {1_GovernorName} görevine geri döndü. {2_GovernorTitle} artık bir şehre atanabilir.</Text>
    </Row>
    <Row Tag="LOC_NOTIFICATION_CITY_LOSING_CULTURAL_IDENTITY_MESSAGE">
      <Text>Şehir Sadakatini Kaybediyor</Text>
    </Row>
    <Row Tag="LOC_NOTIFICATION_CITY_LOSING_CULTURAL_IDENTITY_SUMMARY">
      <Text>{1_CityName} sadakatini kaybediyor. Sadakat 0'a ulaşırsa, kontrolümüzden çıkabilir. Şehri istikrara kavuşturmak ve oradaki vatandaşların sadakatini kazanmak için şehre bir Vali atayın.</Text>
    </Row>
    <Row Tag="LOC_NOTIFICATION_CITY_BECAME_FREE_CITY_MESSAGE">
      <Text>Şehir Sadakati Kaybedildi</Text>
    </Row>
    <Row Tag="LOC_NOTIFICATION_CITY_BECAME_FREE_CITY_SUMMARY">
      <Text>Sadakat 0'a düştüğü için {1_CityName} isyan etti ve Özgür Şehir oldu. Tekrar kontrolünü ele geçirmek için bir kez daha Sadakatinizi göstermeli veya askeri güç kullanmalısınız.</Text>
    </Row>
    <Row Tag="LOC_NOTIFICATION_CITY_BECAME_CIV_SUMMARY">
      <Text>Sadakat 0'a düştüğü için {1_CityName} isyan etti ve {2_CivName}'e katıldı. Tekrar kontrolünü ele geçirmek için bir kez daha Sadakatinizi göstermeli veya askeri güç kullanmalısınız.</Text>
    </Row>
    <Row Tag="LOC_NOTIFICATION_FOREIGN_CITY_BECAME_FREE_CITY_MESSAGE">
      <Text>Yabancı Şehir Bağımsızlığını Kazandı</Text>
    </Row>
    <Row Tag="LOC_NOTIFICATION_FOREIGN_CITY_BECAME_FREE_CITY_SUMMARY">
      <Text>{1_CivName} artık {2_CityName} şehrini imparatorluklarında tutmak için yeterli Sadakate sahip değil. Sadakat gösteren veya askeri güç kullanan yakın medeniyetler yakında bu Serbest Şehrin kontrolünü ele geçirebilir.</Text>
    </Row>
    <Row Tag="LOC_NOTIFICATION_FREE_CITY_BECAME_FOREIGN_CITY_MESSAGE">
      <Text>Ücretsiz Şehir Dilekçeleri Uygarlık</Text>
    </Row>
    <Row Tag="LOC_NOTIFICATION_FREE_CITY_BECAME_FOREIGN_CITY_SUMMARY">
      <Text>Özgür Şehir {2_CityName} dış baskılara boyun eğerek {1_CivName}'e katılmayı talep eder.</Text>
    </Row>
    <Row Tag="LOC_NOTIFICATION_WAR_TYPE_GOLDEN_AGE">
      <Text>Altın Çağ Savaşı</Text>
    </Row>
    <Row Tag="LOC_NOTIFICATION_WAR_TYPE_RETRIBUTION">
      <Text>İntikam Savaşı</Text>
    </Row>
    <Row Tag="LOC_NOTIFICATION_WAR_TYPE_IDEOLOGICAL">
      <Text>İdeolojik Savaş</Text>
    </Row>
    <Row Tag="LOC_NOTIFICATION_TRADING_POST_IMMEDIATELY_CREATED_SUMMARY">
      <Text>Bir [ICON_TradeRoute] Ticaret Rotası başlatmak, {1_CityName} şehrinde sizin için bir [ICON_TradingPost] Ticaret Karakolu oluşturdu.</Text>
    </Row>
    <Row Tag="LOC_NOTIFICATION_CONSIDER_DISLOYAL_CITY_MESSAGE">
      <Text>Şehir Kalsın veya Serbest Bırakılsın</Text>
    </Row>
    <Row Tag="LOC_NOTIFICATION_CONSIDER_DISLOYAL_CITY_SUMMARY">
      <Text>Bir Özgür Şehir bağımsız kalma arzusunu yitirdi. Sadakatiniz orada en güçlüsü olduğu için, alçakgönüllülükle Medeniyetinize katılmayı talep ediyor.</Text>
    </Row>
    <Row Tag="LOC_NOTIFICATION_SPY_FABRICATE_SCANDAL_SUMMARY">
      <Text>{2_CityName}'teki ajanınız {1_unitName} düşman Elçilerini ortadan kaldırmayı başardı.</Text>
    </Row>
    <Row Tag="LOC_NOTIFICATION_SPY_FABRICATE_SCANDAL_MESSAGE">
      <Text>Başarı İmalatı Skandalı</Text>
    </Row>
    <Row Tag="LOC_NOTIFICATION_SPY_ENEMY_FABRICATE_SCANDAL_SUMMARY">
      <Text>{1_CityName}'deki bir düşman casusu bazı elçilerimizi ortadan kaldırmayı başardı.</Text>
    </Row>
    <Row Tag="LOC_NOTIFICATION_SPY_ENEMY_FABRICATE_SCANDAL_MESSAGE">
      <Text>Düşman Uydurması Skandal</Text>
    </Row>
    <Row Tag="LOC_NOTIFICATION_SPY_FOMENT_UNREST_SUMMARY">
      <Text>Temsilciniz {1_unitName}, {2_cityName} şehrinde sahibinin Sadakatini azaltmayı başardı.</Text>
    </Row>
    <Row Tag="LOC_NOTIFICATION_SPY_FOMENT_UNREST_MESSAGE">
      <Text>Huzursuzluk Yaratan Başarı</Text>
    </Row>
    <Row Tag="LOC_NOTIFICATION_SPY_ENEMY_FOMENT_UNREST_SUMMARY">
      <Text>Bir düşman casusu {1_cityName}'deki vatandaşlarınızın Sadakatini azalttı.</Text>
    </Row>
    <Row Tag="LOC_NOTIFICATION_SPY_ENEMY_FOMENT_UNREST_MESSAGE">
      <Text>Düşman Kışkırtması Huzursuzluk</Text>
    </Row>
    <Row Tag="LOC_NOTIFICATION_SPY_NEUTRALIZE_GOVERNOR_SUMMARY">
      <Text>Ajanınız {1_unitName}, {2_cityName} şehrindeki düşman valiyi etkisiz hale getirmeyi başararak {3_turns} tur boyunca görevden uzaklaştırdı.</Text>
    </Row>
    <Row Tag="LOC_NOTIFICATION_SPY_NEUTRALIZE_GOVERNOR_MESSAGE">
      <Text>Başarı Nötralize Edici Vali</Text>
    </Row>
    <Row Tag="LOC_NOTIFICATION_SPY_ENEMY_NEUTRALIZE_GOVERNOR_SUMMARY">
      <Text>Bir düşman Spy, {2_cityName} şehrindeki valinizi {1_governorName} etkisiz hale getirmeyi başararak {3_turns} tur boyunca görevden uzaklaştırdı.</Text>
    </Row>
    <Row Tag="LOC_NOTIFICATION_SPY_ENEMY_NEUTRALIZE_GOVERNOR_MESSAGE">
      <Text>Düşman Casusu Etkisiz Hale Getirildi Vali</Text>
    </Row>
    <Row Tag="LOC_NOTIFICATION_ALLIANCE_EXPIRED_MESSAGE">
      <Text>İttifak Süresi Doldu</Text>
    </Row>
    <Row Tag="LOC_NOTIFICATION_ALLIANCE_EXPIRED_SUMMARY">
      <Text>{1_CivName} ile olan İttifakınızın süresi doldu.</Text>
    </Row>
    <Row Tag="LOC_NOTIFICATION_ALLIANCE_LEVELED_MESSAGE">
      <Text>İttifak Seviyesi Artırıldı</Text>
    </Row>
    <Row Tag="LOC_NOTIFICATION_ALLIANCE_LEVELED_SUMMARY">
      <Text>{1_CivName} ile İttifak Seviyeniz arttı.</Text>
    </Row>
    <Row Tag="LOC_NOTIFICATION_EMERGENCY_DECLARED_MESSAGE">
      <Text>Acil Durum İlan Edildi</Text>
    </Row>
    <Row Tag="LOC_NOTIFICATION_EMERGENCY_DECLARED_SUMMARY">
      <Text>{1_CivName} bir Acil Durum tarafından hedef alınmıştır.</Text>
    </Row>
    <Row Tag="LOC_NOTIFICATION_EMERGENCY_DECLARED_UNKNOWN_TARGET_SUMMARY">
      <Text>Bilinmeyen bir oyuncu Acil Durum tarafından hedef alındı.</Text>
    </Row>
    <Row Tag="LOC_NOTIFICATION_EMERGENCY_FAILED_MESSAGE">
      <Text>Acil Durum Tamamlandı</Text>
    </Row>
    <Row Tag="LOC_NOTIFICATION_EMERGENCY_FAILED_TARGET_SUMMARY">
      <Text>Sizi hedef alan Acil Durum başarısız oldu.  Ödüllendirildiniz.</Text>
    </Row>
    <Row Tag="LOC_NOTIFICATION_EMERGENCY_FAILED_SUMMARY">
      <Text>Acil durum hedeflemesi {1_CivName} başarısız oldu.  {1_CivName} ödüllendirildi.</Text>
    </Row>
    <Row Tag="LOC_NOTIFICATION_EMERGENCY_FAILED_UNKNOWN_TARGET_SUMMARY">
      <Text>Bilinmeyen bir oyuncuyu hedef alan Acil Durum başarısız oldu.</Text>
    </Row>
    <Row Tag="LOC_NOTIFICATION_EMERGENCY_SUCCEEDED_MESSAGE">
      <Text>Acil Durum Tamamlandı</Text>
    </Row>
    <Row Tag="LOC_NOTIFICATION_EMERGENCY_SUCCEEDED_TARGET_SUMMARY">
      <Text>Sizi hedef alan Acil Durum başarılı oldu.  Size karşı savaşanlar ödüllendirildi.</Text>
    </Row>
    <Row Tag="LOC_NOTIFICATION_EMERGENCY_SUCCEEDED_SUMMARY">
      <Text>{1_CivName}'ü hedef alan Acil Durum başarılı oldu.  {1_CivName}'e karşı mücadele edenler ödüllendirildi.</Text>
    </Row>
    <Row Tag="LOC_NOTIFICATION_EMERGENCY_SUCCEEDED_UNKNOWN_TARGET_SUMMARY">
      <Text>Bilinmeyen bir oyuncuyu hedef alan Acil Durum başarılı oldu.</Text>
    </Row>
    <Row Tag="LOC_NOTIFICATION_EMERGENCY_AVERTED_MESSAGE">
      <Text>Acil Durum Önlendi</Text>
    </Row>
    <Row Tag="LOC_NOTIFICATION_EMERGENCY_AVERTED_CITY_DESTROYED">
      <Text>{2_CivName}'i hedef alan {1_EmergencyType} sona erdi çünkü {3_CityName} yok edildi.</Text>
    </Row>
    <Row Tag="LOC_NOTIFICATION_EMERGENCY_AVERTED_CITY_RETURNED_ORIGINAL">
      <Text>{2_CivName} hedefleyen {1_EmergencyType} sona ermiştir çünkü {3_CityName} asıl sahibine iade edilmiştir.</Text>
    </Row>
    <Row Tag="LOC_NOTIFICATION_EMERGENCY_AVERTED_CITY_RETURNED_PREVIOUS">
      <Text>{2_CivName} hedefleyen {1_EmergencyType} sona ermiştir çünkü {3_CityName} önceki sahibine iade edilmiştir.</Text>
    </Row>
    <Row Tag="LOC_NOTIFICATION_EMERGENCY_AVERTED_CITY_GIFTED">
      <Text>{1_EmergencyType}'in {2_CivName}'yı hedef alması sona ermiştir çünkü {3_CityName} artık {2_CivName}'e ait değildir.</Text>
    </Row>
    <Row Tag="LOC_NOTIFICATION_EMERGENCY_AVERTED_TARGET_DEFEATED">
      <Text>{2_CivName}'i hedef alan {1_EmergencyType} sona ermiştir çünkü {2_CivName} yenilmiştir.</Text>
    </Row>
    <Row Tag="LOC_NOTIFICATION_EMERGENCY_NEEDS_ATTENTION_MESSAGE">
      <Text>ACİL DURUM!</Text>
    </Row>
    <Row Tag="LOC_NOTIFICATION_EMERGENCY_NEEDS_ATTENTION_SUMMARY">
      <Text>Acil bir durumla ilgilenmeniz gerekiyor.</Text>
    </Row>
    <Row Tag="LOC_NOTIFICATION_DIPLO_PLEDGE_FROM_KEPT_MESSAGE">
      <Text>Size Verilen Söz Yerine Getirildi</Text>
    </Row>
    <Row Tag="LOC_NOTIFICATION_DIPLO_PLEDGE_FROM_KEPT_SUMMARY">
      <Text>{1_CivName} tarafından {2_PledgeType}'e verilen taahhüt yerine getirilmiştir.</Text>
    </Row>
    <Row Tag="LOC_NOTIFICATION_DIPLO_PLEDGE_TO_KEPT_MESSAGE">
      <Text>Taahhüdünüz Yerine Getirildi</Text>
    </Row>
    <Row Tag="LOC_NOTIFICATION_DIPLO_PLEDGE_TO_KEPT_SUMMARY">
      <Text>{1_CivName}'e {2_PledgeType} verdiğiniz söz yerine getirilmiştir.</Text>
    </Row>
    <Row Tag="LOC_NOTIFICATION_DIPLO_PLEDGE_FROM_BROKEN_MESSAGE">
      <Text>Sana Kırılan Söz</Text>
    </Row>
    <Row Tag="LOC_NOTIFICATION_DIPLO_PLEDGE_FROM_BROKEN_SUMMARY">
      <Text>{1_CivName} tarafından {2_PledgeType}'e verilen söz tutulmamıştır.</Text>
    </Row>
    <Row Tag="LOC_NOTIFICATION_DIPLO_PLEDGE_TO_BROKEN_MESSAGE">
      <Text>Sözünüz Bozuldu</Text>
    </Row>
    <Row Tag="LOC_NOTIFICATION_DIPLO_PLEDGE_TO_BROKEN_SUMMARY">
      <Text>{1_CivName}'e {2_PledgeType} verdiğiniz söz bozulmuştur.</Text>
    </Row>
    <Row Tag="LOC_NOTIFICATION_COMMEMORATION_AVAILABLE_MESSAGE">
      <Text>Adanmışlık Yapın</Text>
    </Row>
    <Row Tag="LOC_NOTIFICATION_COMMEMORATION_AVAILABLE_SUMMARY">
      <Text>Oyun yeni bir döneme girdiğinden, halkınızı uygarlığınız için arzu edilen geleceğe doğru yönlendirmek için bir Adanmışlık yapabilirsiniz.</Text>
    </Row>
    <Row Tag="LOC_NOTIFICATION_QUEST_RECORDED_MESSAGE">
      <Text>Adanmışlık Bonusu Tetiklendi</Text>
    </Row>
    <Row Tag="LOC_NOTIFICATION_QUEST_RECORDED_SUMMARY">
      <Text>{1_DedicationBonusTriggerSentence} Bu nedenle, Adanmışlık bonusunuzdan Era Puanı alırsınız!</Text>
    </Row>
    <!--TUTORIAL EVENTS TEXT-->
  </EnglishText>
</GameData>