﻿<?xml version="1.0" encoding="utf-8"?>
<GameData>
  <EnglishText>
    <Row Tag="LOC_TECH_BUTTRESS_NAME">
      <Text>Payanda</Text>
    </Row>
    <Row Tag="LOC_TECH_REFINING_NAME">
      <Text>Arıtma</Text>
    </Row>
    <Row Tag="LOC_TECH_COMPUTERS_DESCRIPTION">
      <Text>İlave bir Spy inşa etme yeteneği verir. İmparatorluğunuz genelinde +%100 [ICON_Tourism] Turizm.</Text>
    </Row>
    <Row Tag="LOC_TECH_SEASTEADS_NAME">
      <Text>Seasteads</Text>
    </Row>
    <Row Tag="LOC_TECH_SEASTEADS_DESCRIPTION">
      <Text>1 Diplomatik Zafer puanı verir.</Text>
    </Row>
    <Row Tag="LOC_TECH_ADVANCED_AI_NAME">
      <Text>Gelişmiş Yapay Zeka</Text>
    </Row>
    <Row Tag="LOC_TECH_ADVANCED_AI_DESCRIPTION">
      <Text>Dev Ölüm Robotu yükseltmesinin kilidini açar: Drone Hava Savunması[NEWLINE]+100 [ICON_AntiAir_Large] Hava Karşıtı Güç.</Text>
    </Row>
    <Row Tag="LOC_TECH_ADVANCED_POWER_CELLS_NAME">
      <Text>Gelişmiş Güç Hücreleri</Text>
    </Row>
    <Row Tag="LOC_TECH_ADVANCED_POWER_CELLS_DESCRIPTION">
      <Text>Birimlerden kaynaklanan CO2 emisyonları %50 azaltıldı%. Dev Ölüm Robotu yükseltmesinin kilidini açar: Parçacık Işınlı Kuşatma Topu[NEWLINE]Şehirlere ve Kamplara karşı menzilli saldırılar %100 etkilidir ve +30 [ICON_Ranged] Menzilli Güç kazanır.</Text>
    </Row>
    <Row Tag="LOC_TECH_CYBERNETICS_NAME">
      <Text>Sibernetik</Text>
    </Row>
    <Row Tag="LOC_TECH_CYBERNETICS_DESCRIPTION">
      <Text>Dev Ölüm Robotu yükseltmesinin kilidini açar: Geliştirilmiş Hareketlilik[NEWLINE]+3 [ICON_Movement] Hareket. Dağ arazisinden geçmek için Zıplama eylemi gerçekleştirebilir.</Text>
    </Row>
    <Row Tag="LOC_TECH_SMART_MATERIALS_NAME">
      <Text>Akıllı Malzemeler</Text>
    </Row>
    <Row Tag="LOC_TECH_SMART_MATERIALS_DESCRIPTION">
      <Text>Dev Ölüm Robotu yükseltmesinin kilidini açar: Kara ve deniz birimlerine karşı savunma yaparken Güçlendirilmiş Zırh Kaplama[NEWLINE]+10 [ICON_Strength] Savaş Gücü.</Text>
    </Row>
    <Row Tag="LOC_TECH_PREDICTIVE_SYSTEMS_NAME">
      <Text>Tahmine Dayalı Sistemler</Text>
    </Row>
    <Row Tag="LOC_TECH_PREDICTIVE_SYSTEMS_DESCRIPTION">
      <Text>+1 [ICON_Production] Taş Ocağı, Petrol Kuyusu ve Petrol Sondajı iyileştirmeleri için üretim.</Text>
    </Row>
    <Row Tag="LOC_TECH_OFFWORLD_MISSION_NAME">
      <Text>Dünya Dışı Görev</Text>
    </Row>
    <Row Tag="LOC_TECH_FUTURE_TECH_XP2_DESCRIPTION">
      <Text>Birden fazla kez tamamlanabilir ve Puan Zaferi'ne doğru puanlarınızı artırır. Ayrıca her tamamlandığında tüm şehirlerinize şehir projeleri için +%5 [ICON_Production] Üretim sağlar.</Text>
    </Row>
    <Row Tag="LOC_BOOST_TRIGGER_ADVANCED_BALLISTICS">
      <Text>2 Enerji Santrali inşa edin.</Text>
    </Row>
    <Row Tag="LOC_BOOST_TRIGGER_BUTTRESS">
      <Text>Klasik dönem veya sonrası bir harika inşa edin</Text>
    </Row>
    <Row Tag="LOC_BOOST_TRIGGER_LONGDESC_BUTTRESS">
      <Text>Klasik dünyanın bir harikasını tamamladığınıza göre, mimarlarınız bundan sonra ne inşa edecek?</Text>
    </Row>
    <Row Tag="LOC_BOOST_TRIGGER_REFINING">
      <Text>1 Kömür Santrali inşa edin.</Text>
    </Row>
    <Row Tag="LOC_BOOST_TRIGGER_LONGDESC_REFINING">
      <Text>Ülkeniz artık enerjiye sahip. Ancak bilim adamlarınız alternatif enerji kaynakları geliştirmek için çoktan çalışmaya başladılar.</Text>
    </Row>
    <Row Tag="LOC_BOOST_TRIGGER_CASTLES">
      <Text>6 politika yuvası olan bir hükümetiniz olsun.</Text>
    </Row>
    <Row Tag="LOC_BOOST_TRIGGER_COMPUTERS">
      <Text>8 politika yuvası olan bir hükümetiniz olsun.</Text>
    </Row>
    <Row Tag="LOC_BOOST_TRIGGER_MUST_STEAL_NO_GREAT_SCIENTIST">
      <Text>Spy ile güçlendirin.</Text>
    </Row>
    <Row Tag="LOC_BOOST_TRIGGER_ADVANCED_FLIGHT_XP2">
      <Text>2 Çift kanatlı uçak inşa edin.</Text>
    </Row>
    <Row Tag="LOC_BOOST_TRIGGER_ELECTRICITY_XP2">
      <Text>2 Privateers'ım var.</Text>
    </Row>
    <Row Tag="LOC_BOOST_TRIGGER_INDUSTRIALIZATION_XP2">
      <Text>2 Atölye Oluşturun.</Text>
    </Row>
    <Row Tag="LOC_BOOST_TRIGGER_LASERS_XP2">
      <Text>2 Drone inşa edin.</Text>
    </Row>
    <Row Tag="LOC_BOOST_TRIGGER_LONGDESC_LASERS_XP2">
      <Text>Drone'larımız havadayken, ışığı rafine etmek ve odaklamak giderek daha önemli hale geliyor.</Text>
    </Row>
    <Row Tag="LOC_BOOST_TRIGGER_NUCLEAR_FUSION_XP2">
      <Text>Bir Nükleer Enerji Santrali inşa edin.</Text>
    </Row>
    <Row Tag="LOC_BOOST_TRIGGER_LONGDESC_NUCLEAR_FUSION_XP2">
      <Text>Atomu parçalara ayırdık, şimdi onları bir araya getirelim!</Text>
    </Row>
    <!--Updates-->
    <Row Tag="LOC_TECH_GUNPOWDER_DESCRIPTION">
      <Text>Taş ocağı iyileştirmeleri +1 [ICON_Production] Üretim alır. Süleyman (Kanuni) için bir [ICON_GOVERNOR] Vali unvanının kilidini açar.</Text>
    </Row>
    <Row Tag="LOC_TECH_REPLACEABLE_PARTS_DESCRIPTION">
      <Text>Çiftlik iyileştirmelerini Mekanize Tarıma yükseltir. Bitişik oldukları her Çiftlik iyileştirmesi için +1 [ICON_Food] Gıda Bitişiklik bonusu.</Text>
    </Row>
    <Row Tag="LOC_TECH_ROBOTICS_DESCRIPTION">
      <Text>+1 [ICON_Production] Meralara Üretim.</Text>
    </Row>
    <Row Tag="LOC_TECH_SYNTHETIC_MATERIALS_DESCRIPTION">
      <Text>+1 [ICON_Gold] Kamplara Altın.</Text>
    </Row>
  </EnglishText>
</GameData>