﻿<?xml version="1.0" encoding="utf-8"?>
<GameData>
  <LocalizedText>
    <!-- REPLACEMENTS -->
    <Delete Tag="LOC_BUILDING_STAR_FORT_NAME" />
    <Delete Tag="LOC_BUILDING_STAR_FORT_DESCRIPTION" />
    <Delete Tag="LOC_PEDIA_UNITS_PAGE_UNIT_GREAT_GENERAL_CHAPTER_HISTORY_PARA_1" />
    <Delete Tag="LOC_WORLD_RANKINGS_SCORE_VICTORY" />
    <Delete Tag="LOC_WORLD_RANKINGS_SCORE_DETAILS" />
  </LocalizedText>
  <EnglishText>
    <!-- REPLACEMENTS -->
    <Row Tag="LOC_BUILDING_STAR_FORT_NAME">
      <Text>Rönesans Duvarlari</Text>
    </Row>
    <Row Tag="LOC_BUILDING_STAR_FORT_DESCRIPTION">
      <Text>Dis savunmanizin gücünü mümkün olan en yüksek seviyeye çikarir. Koruma Civari'na ilerledikten sonra 3 [ICON_TOURISM] Turizm saglar.</Text>
    </Row>
    <Row Tag="LOC_WORLD_RANKINGS_SCORE_VICTORY">
      <Text>ZAFER SKORU</Text>
    </Row>
    <Row Tag="LOC_WORLD_RANKINGS_SCORE_DETAILS">
      <Text>Bir [COLOR:NeutralCS]SCORE[ENDCOLOR] zaferi, oyunun sonuna kadar hiçbir uygarlik baska bir zafer elde edemediginde ortaya çikar. Bu durumda, genel olarak en yüksek [COLOR:NeutralCS]PUAN[ENDCOLOR]'a sahip uygarlik kazanacaktir!</Text>
    </Row>
    <!--HUD-->
    <Row Tag="LOC_WARMACHINE_CALENDAR_AUGUST">
      <Text>Agustos {1_Day}, 1914</Text>
    </Row>
    <Row Tag="LOC_WARMACHINE_CALENDAR_SEPT">
      <Text>Eylül {1_Day}, 1914</Text>
    </Row>
    <!--Great People-->
    <Row Tag="LOC_GREAT_PERSON_INDIVIDUAL_GENERAL_DEFAULT_NAME">
      <Text>Saha Komutani</Text>
    </Row>
    <Row Tag="LOC_SCENARIO_WARMACHINE_GREAT_GENERAL_STRENGTH">
      <Text>2 karo içindeki kara birimlerine +3 [ICON_Strength] Savas Gücü.</Text>
    </Row>
    <Row Tag="LOC_SCENARIO_WARMACHINE_GREAT_GENERAL_STRENGTH_MODIFIER">
      <Text>Büyük General'den +3 [ICON_Strength] Savas Bonusu.</Text>
    </Row>
    <!--Buildings-->
    <Row Tag="LOC_BUILDING_HEADQUARTERS_NAME">
      <Text>Genel Merkez</Text>
    </Row>
    <!--Techs-->
    <Row Tag="LOC_TECH_AIRCRAFT_NAME">
      <Text>Uçak</Text>
    </Row>
    <Row Tag="LOC_TECH_FORTIFICATIONS_NAME">
      <Text>Tahkimatlar</Text>
    </Row>
    <Row Tag="LOC_TECH_FORTIFICATIONS_DESCRIPTION">
      <Text>Tüm sehirlerde +100 vurus puani.</Text>
    </Row>
    <Row Tag="LOC_TECH_HEAVY_ARTILLERY_NAME">
      <Text>Agir Toplar</Text>
    </Row>
    <Row Tag="LOC_TECH_HEAVY_ARTILLERY_DESCRIPTION">
      <Text>Topçu birimleri için +6 [ICON_Strength] Savas Gücü.</Text>
    </Row>
    <Row Tag="LOC_TECH_LOGISTICS_NAME">
      <Text>Lojistik</Text>
    </Row>
    <Row Tag="LOC_TECH_LOGISTICS_DESCRIPTION">
      <Text>Ordularin olusturulmasina ve egitilmesine izin verir.</Text>
    </Row>
    <Row Tag="LOC_TECH_COMMAND_NAME">
      <Text>Komuta</Text>
    </Row>
    <Row Tag="LOC_TECH_COMMAND_DESCRIPTION">
      <Text>[ICON_Capital] Baskentinizde 2 ücretsiz [ICON_GreatGeneral] Büyük General verir.</Text>
    </Row>
    <Row Tag="LOC_TECH_INDUSTRIAL_WARFARE_NAME">
      <Text>Endüstriyel Savas</Text>
    </Row>
    <Row Tag="LOC_TECH_INDUSTRIAL_WARFARE_DESCRIPTION">
      <Text>Tüm birimler için +5 [ICON_Strength] Savas Gücü.</Text>
    </Row>
    <Row Tag="LOC_INDUSTRIAL_WARFARE_COMBAT_STRENGTH_PREVIEW_TEXT">
      <Text>+{1_Amount} Endüstriyel Savas</Text>
    </Row>
    <Row Tag="LOC_HEAVY_ARTILLERY_COMBAT_STRENGTH_PREVIEW_TEXT">
      <Text>+{1_Amount} Agir Toplar</Text>
    </Row>
    <!--Units-->
    <Row Tag="LOC_UNIT_MILITARY_ENGINEER_WARMACHINE_DESCRIPTION">
      <Text>Ortaçag dönemi destek birimi. Üretmek için bir Cephanelik gerektirir. Demiryollari, Kaleler ve Uçak Pistleri gelistirmeleri insa edebilir.</Text>
    </Row>
    <!-- City Names -->
    <Row Tag="LOC_CITY_NAME_LILLE">
      <Text>Lille</Text>
    </Row>
    <Row Tag="LOC_CITY_NAME_REIMS">
      <Text>Reims</Text>
    </Row>
    <Row Tag="LOC_CITY_NAME_NANCY">
      <Text>Nancy</Text>
    </Row>
    <Row Tag="LOC_CITY_NAME_BELFORT">
      <Text>Belfort</Text>
    </Row>
    <Row Tag="LOC_CITY_NAME_ORLEANS">
      <Text>Orleans</Text>
    </Row>
    <Row Tag="LOC_CITY_NAME_CHARTES">
      <Text>Chartes</Text>
    </Row>
    <Row Tag="LOC_CITY_NAME_KOLN">
      <Text>Köln</Text>
    </Row>
    <Row Tag="LOC_CITY_NAME_KOBLENZ">
      <Text>Koblenz</Text>
    </Row>
    <Row Tag="LOC_CITY_NAME_MANNHEIM">
      <Text>Mannheim</Text>
    </Row>
    <Row Tag="LOC_CITY_NAME_STRASSBURG">
      <Text>Strassburg</Text>
    </Row>
    <Row Tag="LOC_CITY_NAME_COLMAR">
      <Text>Colmar</Text>
    </Row>
    <Row Tag="LOC_CITY_NAME_ANTWERP">
      <Text>Antwerp</Text>
    </Row>
    <Row Tag="LOC_CITY_NAME_LIEGE">
      <Text>Liège</Text>
    </Row>
    <Row Tag="LOC_CITY_NAME_NAMUR">
      <Text>Namur</Text>
    </Row>
    <Row Tag="LOC_CITY_NAME_MONS">
      <Text>Mons</Text>
    </Row>
    <Row Tag="LOC_CITY_NAME_LUXEMBOURG">
      <Text>Lüksemburg</Text>
    </Row>
    <!--Scoring-->
    <Row Tag="LOC_SCENARIO_CATEGORY_CONTROL_OF_PARIS_NAME">
      <Text>Paris'in Kontrolü</Text>
    </Row>
    <Row Tag="LOC_SCENARIO_LINE_ITEM_CONTROL_OF_PARIS_NAME">
      <Text>Paris'in Kontrolü</Text>
    </Row>
    <!--Historic Rankings-->
    <Row Tag="LOC_WARMACHINE_SCENARIO_ENDGAME_RANK_1_NAME">
      <Text>Maresal</Text>
    </Row>
    <Row Tag="LOC_WARMACHINE_SCENARIO_ENDGAME_RANK_1_QUOTE">
      <Text>Askeri ustaligin kaniti uzun süren seferlerde degil, kesin zaferde bulunur.</Text>
    </Row>
    <Row Tag="LOC_WARMACHINE_SCENARIO_ENDGAME_RANK_2_NAME">
      <Text>Genel</Text>
    </Row>
    <Row Tag="LOC_WARMACHINE_SCENARIO_ENDGAME_RANK_2_QUOTE">
      <Text>Komuta, savas güçlerini basarili bir sekilde ve zahmetsizce yönetme sanatidir.</Text>
    </Row>
    <Row Tag="LOC_WARMACHINE_SCENARIO_ENDGAME_RANK_3_NAME">
      <Text>Albay</Text>
    </Row>
    <Row Tag="LOC_WARMACHINE_SCENARIO_ENDGAME_RANK_3_QUOTE">
      <Text>Basari ya da basarisizlik, bilgi ve sezginin biçak sirtinda dengelenir.</Text>
    </Row>
    <Row Tag="LOC_WARMACHINE_SCENARIO_ENDGAME_RANK_4_NAME">
      <Text>Binbasi</Text>
    </Row>
    <Row Tag="LOC_WARMACHINE_SCENARIO_ENDGAME_RANK_4_QUOTE">
      <Text>Cesaretin oldugu yerde, cüret de vardir. Cesaretin oldugu yerde momentum vardir. Ivmenin oldugu yerde zafer vardir.</Text>
    </Row>
    <Row Tag="LOC_WARMACHINE_SCENARIO_ENDGAME_RANK_5_NAME">
      <Text>Kaptan</Text>
    </Row>
    <Row Tag="LOC_WARMACHINE_SCENARIO_ENDGAME_RANK_5_QUOTE">
      <Text>Mümkünse zafer, ama her seyden önce onur.</Text>
    </Row>
    <!-- ************************************************ -->
    <!-- CIVILOPEDIA -->
    <!-- ************************************************ -->
    <!--Tech-->
    <Row Tag="LOC_PEDIA_TECHNOLOGIES_PAGE_TECH_HEAVY_ARTILLERY_CHAPTER_HISTORY_PARA_1">
      <Text>Almanlar, Belçika'yi çevreleyen kaleler halkasinin savunmasini kirmak için özel kusatma silahlari gelistirdi. Bunlar çok basarili oldu ve kalelerin planlayicilarin öngördügünden daha kisa sürede düsmesine neden oldu. Fransizlar ise uzun ömürlü ve esnek oldugunu kanitlayan 75 mm'lik sofistike ve güçlü bir top gelistirdi. Ancak hiçbiri tek basina siperlerin çikmazini kirmaya yetmedi  tank ve uçaklardaki yeni teknolojiler ve küçük birlik taktikleri eninde sonunda bunu yapacakti.</Text>
    </Row>
    <Row Tag="LOC_PEDIA_TECHNOLOGIES_PAGE_TECH_LOGISTICS_CHAPTER_HISTORY_PARA_1">
      <Text>Lojistik, kayiplarin ve harcamalarin yerine konmasi için bir orduya malzeme tedarik etme sürecidir. Göz alici olmasa da, savasta basari bu ayrintilarin kesinlikle dogru olmasina baglidir. Amatörler taktik, uzmanlar ise lojistik üzerine çalisir.</Text>
    </Row>
    <Row Tag="LOC_PEDIA_TECHNOLOGIES_PAGE_TECH_COMMAND_CHAPTER_HISTORY_PARA_1">
      <Text>Napolyon döneminden sonra profesyonel subaylar hem stratejik hem de operasyonel planlamayi islerine dahil etmeye baslamislardir. Profesyonel komuta kademesi, ordunun savasa iliskin siyasi hedeflerin askeri hedeflere dönüstürülmesinden sorumlu bölümüdür.</Text>
    </Row>
    <Row Tag="LOC_PEDIA_TECHNOLOGIES_PAGE_TECH_INDUSTRIAL_WARFARE_CHAPTER_HISTORY_PARA_1">
      <Text>Topyekün savasta devletin tüm kaynaklari savas amaçlarinin hizmetine sunulur. Endüstriyel bir toplumda bu, endüstriyel altyapinin silah üretmeye, nüfusun büyük bir bölümünü kitlesel zorunlu askerlik için silah altinda egitmeye ve ekonomiyi açik siyasi araçlarla yönlendirmeye yönelik olarak tamamen yeniden islenmesi anlamina gelir. Catisma sona erdikten uzun süre sonra bile toplumu dönüstürebilir.</Text>
    </Row>
    <Row Tag="LOC_PEDIA_TECHNOLOGIES_PAGE_TECH_FORTIFICATIONS_CHAPTER_HISTORY_PARA_1">
      <Text>Makineli tüfegin ve yeni yüksek patlayicili top mermilerinin icadi, Birinci Dünya Savasi'na giden yillarda tahkimatlarin da degistigi anlamina geliyordu. Bati Cephesi'nin genis siper sistemleri, savasin büyük bölümünde savunmanin hücuma üstünlügünün fiziksel ifadesi olarak görülebilir. Ayni sekilde, 1916'dan itibaren gelistirilen modern piyade ve tank taktikleri de bu savunma üstünlügünün üstesinden gelme çabasi olarak görülebilir.</Text>
    </Row>
    <Row Tag="LOC_PEDIA_TECHNOLOGIES_PAGE_TECH_AIRCRAFT_CHAPTER_HISTORY_PARA_1">
      <Text>Birinci Dünya Savasi basladiginda havacilik henüz emekleme asamasindaydi ve uçaklar kesif için kullanilan pahali ve güvenilmez makinelerdi. Savasin sonuna gelindiginde ise, savasin potasinda hizli bir evrim geçirerek, gezegendeki her büyük ordunun temelini olusturdular ve taktik saldirilar ve stratejik bombardiman için kullanildilar. Arastirma ve gelistirme o kadar pahaliydi ki, bunlarin çogu devlet sponsorlugu ya da kamu-özel sektör ortakligi yoluyla yapiliyordu.</Text>
    </Row>
    <!--Leaders-->
    <Row Tag="LOC_PEDIA_LEADERS_PAGE_LEADER_WARMACHINE_SCENARIO_FRANCE_CHAPTER_HISTORY_PARA_1">
      <Text>Fransiz askeri planlamacilari, 1870 Fransa-Prusya Savasi sirasinda yasanan feci Sedan Muharebesi'nin ardindan, orduyu Avrupa'nin birinci sinif ordularindan biri olarak yeniden insa etmek için bu feci kayiptan ve sonrasinda yasanan asagilayici siyasi olaylardan kurtulmak zorundaydi. Almanlarin ayrintili harekât planlarina olan tutkusunun aksine, Fransiz subaylar esnek taarruz doktrinini benimsemeye basladilar.</Text>
    </Row>
    <Row Tag="LOC_PEDIA_LEADERS_PAGE_LEADER_WARMACHINE_SCENARIO_FRANCE_CHAPTER_HISTORY_PARA_2">
      <Text>Ordunun, düsman hatlarina sürekli saldirarak ve ortaya çikan her türlü zayifliktan acimasizca yararlanarak ivmesini koruyacagi düsünülüyordu. Düsman asla dengesini bulamayacak, inisiyatif Fransizlarda kalacak ve Alman düsmanlarinin ezici ilerlemeleri yildirim gibi karsi hamlelerle kontrol altina alinacakti. Bu, tabur seviyesinden tiyatro seviyesine kadar geçerli olacakti - isgalci nerede zayifsa, Fransizlar oraya saldiracakti.</Text>
    </Row>
    <Row Tag="LOC_PEDIA_LEADERS_PAGE_LEADER_WARMACHINE_SCENARIO_FRANCE_CHAPTER_HISTORY_PARA_3">
      <Text>Agustos 1914'ün en büyük paradokslarindan biri, Fransizlar Alçak Ülkeler'deki cephe boyunca sendelerken bile, Alsace ve Lorraine'deki ilerlemelerle karsilasiyorlardi, ancak Paris'i kurtarmak için takviye saglamak üzere bunlarin kontrol edilmesi gerekiyordu. O yilin sonunda "daima saldiri" ruhu kaybolmus ve Bati Cephesi'ni siperler belirlemisti.</Text>
    </Row>
    <Row Tag="LOC_PEDIA_LEADERS_PAGE_LEADER_WARMACHINE_SCENARIO_GERMANY_CHAPTER_HISTORY_PARA_1">
      <Text>Prusya Ordusu'nun 1870'te Fransa-Prusya Savasi sirasinda elde ettigi basarilar, ordunun, birliklerin yürüyüs zaman çizelgelerine ve raylar üzerindeki vagonlara varincaya kadar metodik ve kapsamli planlamasini hakli çikarmistir. Fransa ile gelecekte bir savasin kaçinilmaz oldugunu düsünen Alman Genelkurmay Baskani Kont von Schlieffen, Alçak Ülkeler'den geçerek Paris'in güneyine inecek bir Fransa isgali için planlar hazirladi. Bu isgal plani, basari için Alman ordusunun bati kanadinda kuvvetlerin yogunlastirilmasini gerektiriyordu - ancak plan hiçbir zaman tam olarak uygulanmadi.</Text>
    </Row>
    <Row Tag="LOC_PEDIA_LEADERS_PAGE_LEADER_WARMACHINE_SCENARIO_GERMANY_CHAPTER_HISTORY_PARA_2">
      <Text>Iki cephede savasan Alman yüksek komutanligi, agir bati kanadi için tasarlanan kuvvetlerin bir kismini tamamen farkli bir savas cephesine (bu durumda Ruslara karsi) aktardi. Alman ordusu Alçak Ülkeler'de basarili bir sekilde ilerlerken, Fransiz Ordusu'nun da geri adim atmasina neden oldu ve Fransiz hatlarinda olusan bir tümsek, Alman Genelkurmayi'na cazip bir hedef sundu. Ancak Schlieffen planinda kuvvetlerin azaltilmasi, Alman birliklerinin Fransizlara karsilik olarak dogaçlama hareketleri ve Fransiz ve Ingilizlerin sert direnisi gibi çesitli faktörler, nakavt edici darbenin asla hedeflerine ulasamayacagi anlamina geliyordu.</Text>
    </Row>
    <Row Tag="LOC_PEDIA_LEADERS_PAGE_LEADER_WARMACHINE_SCENARIO_GERMANY_CHAPTER_HISTORY_PARA_3">
      <Text>Almanlar kumar oynamis ve kaybetmislerdi ve savas, Schlieffen planinin öldügü çizgide dört yillik bir cehenneme dönüstü.</Text>
    </Row>
    <Row Tag="LOC_PEDIA_LEADERS_PAGE_LEADER_WARMACHINE_SCENARIO_BRITAIN_CHAPTER_HISTORY_PARA_1">
      <Text>Ingiliz Sefer Kuvveti, Ingilizleri Fransizlarla yapilan antlasmaya daha da yakinlastirmak amaciyla sahaya sürülen küçük bir orduydu. Fransiz hattinin en batisina yerlestirilen bu ordu, baslangiçta önemli bir askeri güçten ziyade siyasi bir nezaket unsuru olarak görülüyordu. Ancak, Almanlar Alçak Ülkeler üzerinden Paris'e dogru inerken, BEF Mons Muharebesi'nde sayisal olarak üstün bir Alman kuvvetiyle savasti ve hirpalanmalarina ve sonunda geri çekilmek zorunda kalmalarina ragmen Fransiz Besinci Ordusunu yok olmaktan kurtardi. Mons Muharebesi Büyük Britanya'nin en ünlü ve onurlu askeri basarilarindan biridir ve BEF ile esanlamlidir.</Text>
    </Row>
    <Row Tag="LOC_PEDIA_LEADERS_PAGE_LEADER_WARMACHINE_SCENARIO_BELGIUM_CHAPTER_HISTORY_PARA_1">
      <Text>Belçika ülkesi Napolyon döneminin sonunda Avrupa güçler dengesinin bir parçasi olarak kurulmustu ancak uzun süredir Büyük Britanya'nin özel bir müttefikiydi. Fransa'nin isgal plani, Alman Ordusunun Belçika üzerinden isgal etmesini öngörüyordu. Gerçekten de planin ilk versiyonlarinda Belçika Ordusu'nun Alman Ordusu'nun geçecegi yollar boyunca bir seref kitasi olusturmasi öngörülüyordu ki bu varsayimin son derece yanlis oldugu ortaya çikti.</Text>
    </Row>
    <Row Tag="LOC_PEDIA_LEADERS_PAGE_LEADER_WARMACHINE_SCENARIO_BELGIUM_CHAPTER_HISTORY_PARA_2">
      <Text>Liege sehri bir dizi kale ile çevriliydi ve 1914'te Alman Ordusu'nun önündeki ilk önemli askeri engeli temsil ediyordu. Kaleler, birçok durumda iyi savasmalarina ragmen, özellikle bu kaleleri kirmak amaciyla insa edilen özel kusatma toplarina karsi koyamadilar. Liege istihkâmlarinin çöküsü ve Alman ordusunun Belçika halkina karsi uyguladigi zulüm, özellikle Büyük Britanya'da kamuoyunun Almanya aleyhine dönmesine neden oldu.</Text>
    </Row>
    <Row Tag="LOC_PEDIA_CITYSTATES_PAGE_CIVILIZATION_WARMACHINE_SCENARIO_LUXEMBOURG_CHAPTER_HISTORY_PARA_1">
      <Text>Küçük bir prenslik olan Lüksemburg, Fransa ve Almanya arasinda yer alir ve ayrica iki ülke arasindaki önemli bir demiryolu kavsaginin merkezidir. Bu demiryollarinin ele geçirilmesi Almanlarin Fransa'yi isgal plani için kritik önem tasiyordu ve dolayisiyla Lüksemburg'un isgali 1914'teki savasin ilk eylemlerinden biriydi.</Text>
    </Row>
    <!--Civs-->
    <Row Tag="LOC_PEDIA_CIVILIZATIONS_PAGE_CIVILIZATION_WARMACHINE_SCENARIO_FRANCE_CHAPTER_HISTORY_PARA_1">
      <Text>Fransa, Prusya ordusunun Fransiz ordusunu darmadagin ettigi, Imparatoru esir aldigi ve ardindan gelen barista Fransa'nin dogusundaki Alsace ve Lorraine topraklarinin birakilmasi da dahil olmak üzere küçük düsürücü tavizler kopardigi 1870 Fransa-Prusya Savasi felaketinden beri Almanya ile savasa hazirlaniyordu.  Bütün bir Fransiz siyasetçi ve subay kusagi bu yenilginin gölgesinde büyümüstü ve bu yenilginin intikamini almasa bile hakliligini kanitlamaya kararliydi.</Text>
    </Row>
    <Row Tag="LOC_PEDIA_CIVILIZATIONS_PAGE_CIVILIZATION_WARMACHINE_SCENARIO_FRANCE_CHAPTER_HISTORY_PARA_2">
      <Text>Fransa'nin baslica askeri müttefikleri Rusya ve Büyük Britanya idi ve Fransa'nin müttefikler adina savasa girmesini hizlandiran da Rusya'nin Avusturya-Macaristan Imparatorlugu'na savas ilan etmesi oldu. Ancak Fransa, Avusturya-Macaristan'dan ziyade Almanya'ya karsi kendi mücadelesine odaklanmisti. Bu amaçla, savasin baslangicinda Fransizlarin baslica çabasi Alsace ve Lorraine'e saldirarak bu bölgeyi hizla geri almak ve Belçika ve Lüksemburg ile olan kuzey sinirini çok az savunmakti. Fransiz savas planlari, bu eksen boyunca saldiracak olan Alman kuvvetlerinin sayisini kritik bir sekilde hafife almis (Almanlarin Ardennes üzerinden gelecegi varsayilmisti) ve ordulari savasin hemen basinda planlari aniden degistirmeye zorlamisti.</Text>
    </Row>
    <Row Tag="LOC_PEDIA_CIVILIZATIONS_PAGE_CIVILIZATION_WARMACHINE_SCENARIO_GERMANY_CHAPTER_HISTORY_PARA_1">
      <Text>Birinci Dünya Savasi'nin patlak vermesinden bir nesil önce, Prusya ordusu Fransa'ya Napolyon döneminin sonundan bu yana en büyük askeri yenilgisini tattirmis ve sonrasinda modern Almanya ulusunu olusturmustu. Alman politikacilar, Fransizlardan alinan sartlarin bir sonraki olasi çatismanin tohumlarini nasil attigini çok iyi biliyordu ve bir sonraki savasa hazirlanmaya basladilar.</Text>
    </Row>
    <Row Tag="LOC_PEDIA_CIVILIZATIONS_PAGE_CIVILIZATION_WARMACHINE_SCENARIO_GERMANY_CHAPTER_HISTORY_PARA_2">
      <Text>Fransa, Büyük Britanya ve Rusya'nin askeri ittifaki olan Üçlü Itilaf'in imzalanmasi Almanya'yi askeri açidan tehlikeli bir konuma getirdi, zira artik doguda ve batida askeri düsmanlarla çevriliydi. Birinci Dünya Savasi öncesinde olusturulan büyük strateji, Rusya'nin dogudaki muazzam insan gücü avantajini kullanmasina firsat vermeden önce batida Fransa'ya tek ve büyük bir darbe vurmakti. Bu, Schlieffen Plani'nin itici siyasi hedefi haline geldi.</Text>
    </Row>
    <Row Tag="LOC_PEDIA_CIVILIZATIONS_PAGE_CIVILIZATION_WARMACHINE_SCENARIO_GERMANY_CHAPTER_HISTORY_PARA_3">
      <Text>Birinci Dünya Savasi'nin arifesinde, dünyada Alman askeri kuvvetleri kadar iyi egitimli ve hazirlikli çok az ordu vardi. Yine de hazirlik ve egitim, planlamacilarin öngördügü hizli sonu getirmek için yeterli degildi.</Text>
    </Row>
    <Row Tag="LOC_PEDIA_CIVILIZATIONS_PAGE_CIVILIZATION_WARMACHINE_SCENARIO_BRITAIN_CHAPTER_HISTORY_PARA_1">
      <Text>Büyük Britanya'nin Üçlü Itilaf'a (Fransa, Büyük Britanya ve Rusya arasindaki askeri ittifak) katilimi hiçbir sekilde kaçinilmaz bir sonuç degildi. Fransa ve Büyük Britanya arasinda Napolyon dönemine kadar uzanan uzun süreli askeri rekabetin yani sira Büyük Britanya ve Almanya kraliyet aileleri arasindaki baglar, Britanya'nin Merkezi Güçler'e katilimini makul bir sonuç haline getirdi. Nihayetinde Büyük Britanya, Almanya ve Büyük Britanya arasindaki rekabetin hizla artmasi ve birçok kisinin yükselen Alman gücünü kontrol altina almak istemesi nedeniyle Itilaf Devletleri'ne katildi.</Text>
    </Row>
    <Row Tag="LOC_PEDIA_CIVILIZATIONS_PAGE_CIVILIZATION_WARMACHINE_SCENARIO_BRITAIN_CHAPTER_HISTORY_PARA_2">
      <Text>Birinci Dünya Savasi'nin arifesinde, Büyük Britanya'nin kita Avrupasi'na askeri güç göndereceginin hiçbir garantisi yoktu. Hem Fransiz hem de Ingiliz ordularindaki küçük bir grup subayin sürekli baskisi sayesinde Büyük Britanya, Fransiz topraklarina küçük bir kuvvet gönderdi. Gerçekten de Kayzer, Ingilizlerin Almanya'ya savas ilan etmesine çok sasirmis ve "sadece bir kagit parçasi" yüzünden "aptalca bir hata" yaptiklarini ilan etmisti.</Text>
    </Row>
    <Row Tag="LOC_PEDIA_CIVILIZATIONS_PAGE_CIVILIZATION_WARMACHINE_SCENARIO_BELGIUM_CHAPTER_HISTORY_PARA_1">
      <Text>Belçika ülkesi Napolyon döneminin sonunda Avrupa güçler dengesinin bir parçasi olarak kurulmustu ancak uzun süredir Büyük Britanya'nin özel bir müttefikiydi. Fransa'nin isgal plani, Alman Ordusunun Belçika üzerinden isgal etmesini öngörüyordu. Gerçekten de planin ilk versiyonlarinda Belçika Ordusu'nun Alman Ordusu'nun geçecegi yollar boyunca bir seref kitasi olusturmasi öngörülüyordu ki bu varsayimin son derece yanlis oldugu ortaya çikti.</Text>
    </Row>
    <Row Tag="LOC_PEDIA_CIVILIZATIONS_PAGE_CIVILIZATION_WARMACHINE_SCENARIO_BELGIUM_CHAPTER_HISTORY_PARA_2">
      <Text>Liege sehri bir dizi kale ile çevriliydi ve 1914'te Alman Ordusu'nun önündeki ilk önemli askeri engeli temsil ediyordu. Kaleler, birçok durumda iyi savasmalarina ragmen, özellikle bu kaleleri kirmak amaciyla insa edilen özel kusatma toplarina karsi koyamadilar. Liege istihkâmlarinin çöküsü ve Alman ordusunun Belçika halkina karsi uyguladigi zulüm, özellikle Büyük Britanya'da kamuoyunun Almanya aleyhine dönmesine neden oldu.</Text>
    </Row>
    <!--Units-->
    <Row Tag="LOC_PEDIA_UNITS_PAGE_UNIT_GREAT_GENERAL_CHAPTER_HISTORY_PARA_1">
      <Text>Her uygarlik çaginin "büyük" generalleri olmustur  savas meydaninda akranlarindan daha zeki, daha cesur ya da sadece daha sansli olarak tarihin akisini degistirenler. Bunlar diger insanlari kendilerini cehenneme kadar takip etmeye ikna edebilen adamlardir... ve belki de diger taraftan çikmaya. Onlar, savaslari kazanmak için yeni silahlar, düzenler, taktikler ve stratejiler icat eden ölüm yollarinin yenilikçileridir. Ya da eski öldürme yöntemlerinde yeni faydalar bulurlar. Bu yaziyi okuyan herkes düzinelerce büyük generalin adini sayabilir, çünkü onlarin isimleri efsanelerde, tarihlerde ve anitlarda yankilanarak bize kadar ulasmistir. Bazilari halklarinin liderleri, savasçi-krallar ve baskan-generallerdir  "büyük" olduklarinda zaten hükümetin basinda degillerse, genellikle daha sonra bu manto ile ödüllendirilirler (veya lanetlenirler). Ve sonra, savaslarindan sag çikmalari kosuluyla anilarini yazarlar.</Text>
    </Row>
    <Row Tag="LOC_PEDIA_GREATPEOPLE_PAGE_GREAT_PERSON_INDIVIDUAL_GENERAL_1_CHAPTER_HISTORY_PARA_1">
      <Text>Bir saha komutani, genellikle bütün bir cephe boyunca, ülkesinin ordusunun büyük bir bölümünden sorumlu bir subaydir. Hem ordusunun harekat planini anlamali hem de savasin gidisatindaki degisikliklere göre bunlari uyarlamaya istekli olmalidir. Her ne kadar kendisine bagli komutanlar araciligiyla çalissa ve genelkurmay tarafindan kendisine tavsiyelerde bulunulsa da, ordunun basarisi ya da basarisizligi kendi muhakemesine baglidir.</Text>
    </Row>
    <Row Tag="LOC_PEDIA_GREATPEOPLE_PAGE_GREAT_PERSON_INDIVIDUAL_GENERAL_2_CHAPTER_HISTORY_PARA_1">
      <Text>Bir saha komutani, genellikle bütün bir cephe boyunca, ülkesinin ordusunun büyük bir bölümünden sorumlu bir subaydir. Hem ordusunun harekat planini anlamali hem de savasin gidisatindaki degisikliklere göre bunlari uyarlamaya istekli olmalidir. Her ne kadar kendisine bagli komutanlar araciligiyla çalissa ve genelkurmay tarafindan kendisine tavsiyelerde bulunulsa da, ordunun basarisi ya da basarisizligi kendi muhakemesine baglidir.</Text>
    </Row>
    <Row Tag="LOC_PEDIA_GREATPEOPLE_PAGE_GREAT_PERSON_INDIVIDUAL_GENERAL_3_CHAPTER_HISTORY_PARA_1">
      <Text>Bir saha komutani, genellikle bütün bir cephe boyunca, ülkesinin ordusunun büyük bir bölümünden sorumlu bir subaydir. Hem ordusunun harekat planini anlamali hem de savasin gidisatindaki degisikliklere göre bunlari uyarlamaya istekli olmalidir. Her ne kadar kendisine bagli komutanlar araciligiyla çalissa ve genelkurmay tarafindan kendisine tavsiyelerde bulunulsa da, ordunun basarisi ya da basarisizligi kendi muhakemesine baglidir.</Text>
    </Row>
    <Row Tag="LOC_PEDIA_GREATPEOPLE_PAGE_GREAT_PERSON_INDIVIDUAL_GENERAL_4_CHAPTER_HISTORY_PARA_1">
      <Text>Bir saha komutani, genellikle bütün bir cephe boyunca, ülkesinin ordusunun büyük bir bölümünden sorumlu bir subaydir. Hem ordusunun harekat planini anlamali hem de savasin gidisatindaki degisikliklere göre bunlari uyarlamaya istekli olmalidir. Her ne kadar kendisine bagli komutanlar araciligiyla çalissa ve genelkurmay tarafindan kendisine tavsiyelerde bulunulsa da, ordunun basarisi ya da basarisizligi kendi muhakemesine baglidir.</Text>
    </Row>
    <!--Buildings-->
    <Row Tag="LOC_PEDIA_BUILDINGS_PAGE_BUILDING_HEADQUARTERS_CHAPTER_HISTORY_PARA_1">
      <Text>Karargah, ordunun harekat planlarinin sahada uygulanacak emirlere dönüstürüldügü yerdir. Haberciler ve telgraf araciligiyla savas hatti boyunca ast komutanlara bagli olan bu merkezler, degisen savas hatlari yüksek komuta kademesinin harekata yakin kalmasini gerektirdiginden, genellikle geçici islerdir.</Text>
    </Row>
  </EnglishText>
</GameData>