﻿<?xml version="1.0" encoding="utf-8"?>
<!-- edited with XMLSPY v2004 rel. 2 U (http://www.xmlspy.com) by Ed Beach (Firaxis Games) -->
<GameData>
  <EnglishText>
    <Row Tag="LOC_NUBIA_SCENARIO_NAME">
      <Text>Nil'in Hediyeleri</Text>
    </Row>
    <Row Tag="LOC_NUBIA_SCENARIO_TOOLTIP">
      <Text>Nil Nehri boyunca Mısır ve Nubia arasında iki oyunculu hesaplaşma. En fazla 125 Tur sürer.</Text>
    </Row>
    <Row Tag="LOC_NUBIA_SCENARIO_DESCRIPTION">
      <Text>Nil halkı 7 rakamının son derece şanslı olduğunu düşünür.[NEWLINE][NEWLINE]Hem mükemmelliğin sembolüdür...[NEWLINE][NEWLINE]... hem de tamamlanma işaretidir.[NEWLINE][NEWLINE]Öyle de olacak: Zaman dolmadan (125 tur) Amun'a 7 Tapınağı tamamlayan oyuncu, Nil nehri rakipleri arasındaki bu hesaplaşmada tanrının lütfunu ve zaferini kazanacak. [NEWLINE][NEWLINE][NEWLINE]ÖZEL KURALLAR:[NEWLINE]- Mısır ve Nubia 20. Tura kadar birbirlerine savaş ilan edemezler.[NEWLINE]- Bir kez ilan edildikten sonra savaşlar sona erdirilemez.[NEWLINE]- Kutsal Alan binaları sadece [ICON_Faith] İnanç ile satın alınabilir.</Text>
    </Row>
    <Row Tag="LOC_NUBIA_SCENARIO_MAP_NAME">
      <Text>Nubia Haritası</Text>
    </Row>
    <Row Tag="LOC_NUBIA_SCENARIO_MAP_DESCRIPTION">
      <Text>Nil havzasının tarihi bir haritası.</Text>
    </Row>
    <!-- Victories -->
    <Row Tag="LOC_VICTORY_NUBIA_SCENARIO_NAME">
      <Text>Nil Zaferi'nin Hediyeleri</Text>
    </Row>
    <Row Tag="LOC_VICTORY_NUBIA_SCENARIO_TT">
      <Text>Bu zaferi, büyük tanrı Amun'un görkemi için 7 Tapınak inşa eden ilk kişi olduğunuzda kazanırsınız.</Text>
    </Row>
    <!-- Civilizations-->
    <Row Tag="LOC_CIVILIZATION_NUBIA_SCENARIO_HYKSOS_NAME">
      <Text>Hyksos</Text>
    </Row>
    <Row Tag="LOC_CIVILIZATION_NUBIA_SCENARIO_LIBYANS_NAME">
      <Text>Libya</Text>
    </Row>
    <Row Tag="LOC_CIVILIZATION_NUBIA_SCENARIO_ASSYRIA_NAME">
      <Text>Asur</Text>
    </Row>
    <Row Tag="LOC_CIVILIZATION_NUBIA_SCENARIO_PERSIA_NAME">
      <Text>İran</Text>
    </Row>
    <Row Tag="LOC_CIVILIZATION_NUBIA_SCENARIO_MACEDON_NAME">
      <Text>Makedon</Text>
    </Row>
    <Row Tag="LOC_TRAIT_NUBIA_SCENARIO_CIVILIZATION_ITERU_DESCRIPTION">
      <Text>Şehir bir su karosuna bitişikse, bölgelere ve harikalara yönelik +%15 [ICON_Production] Üretim. Taşkın yatakları, bölgelerin ve harikaların yerleştirilmesini engellemez. Balıkçılık ve Yelkencilik teknolojileriyle başlayın.</Text>
    </Row>
    <Row Tag="LOC_TRAIT_NUBIA_SCENARIO_CIVILIZATION_TA_SETI_DESCRIPTION">
      <Text>Menzilli birimlere yönelik +%50 [ICON_Production] Üretim. Tüm Menzilli birimler +%50 savaş deneyimi kazanır. Madencilik teknolojisi ile başlayın. Stratejik kaynaklar üzerindeki madenler +1 [ICON_Production] Üretim sağlar. Bonus ve lüks kaynaklar üzerindeki madenler +2 [ICON_Gold] Altın sağlar.</Text>
    </Row>
    <!-- Leaders-->
    <Row Tag="LOC_LEADER_NUBIA_SCENARIO_HYKSOS_NAME">
      <Text>Şakir-Har</Text>
    </Row>
    <Row Tag="LOC_LEADER_NUBIA_SCENARIO_LIBYANS_NAME">
      <Text>Osorkon</Text>
    </Row>
    <Row Tag="LOC_LEADER_NUBIA_SCENARIO_ASSYRIA_NAME">
      <Text>Ashurbanipal</Text>
    </Row>
    <Row Tag="LOC_LEADER_NUBIA_SCENARIO_PERSIA_NAME">
      <Text>Cambyses II</Text>
    </Row>
    <Row Tag="LOC_LEADER_NUBIA_SCENARIO_MACEDON_NAME">
      <Text>Alexander</Text>
    </Row>
    <Row Tag="LOC_LEADER_NUBIA_SCENARIO_ROME_NAME">
      <Text>Augustus Caesar</Text>
    </Row>
  </EnglishText>
</GameData>