﻿<?xml version="1.0" encoding="utf-8"?>
<GameData>
  <EnglishText>
    <Row Tag="LOC_PROJECT_COURT_FESTIVAL_NAME">
      <Text>Mahkeme Festivali</Text>
    </Row>
    <Row Tag="LOC_PROJECT_COURT_FESTIVAL_SHORT_NAME">
      <Text>Mahkeme Festivali</Text>
    </Row>
    <Row Tag="LOC_PROJECT_ECOURT_FESTIVAL_DESCRIPTION">
      <Text>Bu proje tamamlandığında, Fransa'nın sahip olduğu Lüks kaynaklarının fazla kopyalarının sayısına bağlı olarak 50 [ICON_CULTURE] Kültür ve 50 [ICON_TOURISM] Turizm (Standart hızda) kazandırır.</Text>
    </Row>
    <Row Tag="LOC_TRAIT_AGENDA_MAGNIFICENCES_NAME">
      <Text>Görkemli Kıyafetler</Text>
    </Row>
    <Row Tag="LOC_TRAIT_AGENDA_MAGNIFICENCES_DESCRIPTION">
      <Text>Lüks kaynaklarını onunla takas eden uygarlıkları sever. Böyle bir ticaret yapmayan uygarlıkları sevmez. Lüks kaynakların mümkün olduğunca çok kopyasını toplamaya çalışır.</Text>
    </Row>
    <!-- Diplo text-->
    <Row Tag="LOC_DIPLO_REJECT_DECLARE_FRIEND_FROM_HUMAN_LEADER_CATHERINE_DE_MEDICI_ALT_ANY">
      <Text>Özür dilerim ama bu çok ani bir değişiklik olur. Belki başka bir zaman?</Text>
    </Row>
    <Row Tag="LOC_DIPLO_ACCEPT_DECLARE_FRIEND_FROM_AI_LEADER_CATHERINE_DE_MEDICI_ALT_ANY">
      <Text>Teşekkür ederim.</Text>
    </Row>
    <Row Tag="LOC_DIPLO_REJECT_DECLARE_FRIEND_FROM_AI_LEADER_CATHERINE_DE_MEDICI_ALT_ANY">
      <Text>Ne talihsizlik!</Text>
    </Row>
    <Row Tag="LOC_DIPLO_ACCEPT_DECLARE_FRIEND_FROM_HUMAN_LEADER_CATHERINE_DE_MEDICI_ALT_ANY">
      <Text>Arkadaşlık teklifinizi kabul ediyorum. Ve tabii ki, bir sonraki kraliyet düğününe davet edileceksin.</Text>
    </Row>
    <Row Tag="LOC_DIPLO_DECLARE_FRIEND_FROM_AI_LEADER_CATHERINE_DE_MEDICI_ALT_ANY">
      <Text>Sana dostluk için kraliyet elini uzatıyorum. Kabul edecek misiniz?</Text>
    </Row>
    <Row Tag="LOC_DIPLO_DECLARE_WAR_FROM_AI_LEADER_CATHERINE_DE_MEDICI_ALT_ANY">
      <Text>Arkadaş gibi davranmak eğlenceliydi, değil mi?  Ne yazık ki bu numarayı bırakıp işimize bakmanın zamanı geldi.</Text>
    </Row>
    <Row Tag="LOC_DIPLO_DECLARE_WAR_FROM_HUMAN_LEADER_CATHERINE_DE_MEDICI_ALT_ANY">
      <Text>Egemen krallığıma saldırmaya cüret mi ediyorsun? Nostradamus'un bile bunu tahmin edebileceğine inanmıyorum!</Text>
    </Row>
    <Row Tag="LOC_DIPLO_DEFEAT_FROM_AI_LEADER_CATHERINE_DE_MEDICI_ALT_ANY">
      <Text>Ne zaman yenildiğimi bilecek kadar uzun yaşadım. Devam et.</Text>
    </Row>
    <Row Tag="LOC_DIPLO_REJECT_DELEGATION_FROM_HUMAN_LEADER_CATHERINE_DE_MEDICI_ALT_ANY">
      <Text>Cezbedici ama hayır.</Text>
    </Row>
    <Row Tag="LOC_DIPLO_DELEGATION_FROM_AI_LEADER_CATHERINE_DE_MEDICI_ALT_ANY">
      <Text>Size alışılagelmiş tüm hediyelerle birlikte bir ticaret heyeti gönderdim: otlar, zeytinler, çeşitli peynirler ve tabii ki bunları yemek için bagetler.</Text>
    </Row>
    <Row Tag="LOC_DIPLO_ACCEPT_DELEGATION_FROM_HUMAN_LEADER_CATHERINE_DE_MEDICI_ALT_ANY">
      <Text>Heyetinizi sarayda kabul ettik. Teşekkür ederiz. Hediyelerin kıymetini bileceğiz.</Text>
    </Row>
    <Row Tag="LOC_DIPLO_DENOUNCE_FROM_AI_LEADER_CATHERINE_DE_MEDICI_ALT_ANY">
      <Text>Yaptığın şey hoşuma gitmedi. Arkadaşlarınız bu bilgi hakkında ne düşünür? (Seni kınıyor).</Text>
    </Row>
    <Row Tag="LOC_DIPLO_DENOUNCE_FROM_HUMAN_LEADER_CATHERINE_DE_MEDICI_ALT_ANY">
      <Text>Fransa'nın şanı ve kudreti bu tür bariz yalanlarla lekelenmeyecektir.</Text>
    </Row>
    <Row Tag="LOC_DIPLO_FIRST_MEET_VISIT_RECIPIENT_LEADER_CATHERINE_DE_MEDICI_ALT_ANY">
      <Text>Yiyecek ve içecek lezzetlerimizi tatmadan yaşamış sayılmazsınız. İsterseniz size nasıl çatal kullanılacağını da gösterebilirim.</Text>
    </Row>
    <Row Tag="LOC_DIPLO_FIRST_MEET_NEAR_INITIATOR_POSITIVE_LEADER_CATHERINE_DE_MEDICI_ALT_ANY">
      <Text>Elbette.  Büyüyen şehrinizi yakından görmek büyük bir zevk olacak.</Text>
    </Row>
    <Row Tag="LOC_DIPLO_FIRST_MEET_NO_MANS_INFO_EXCHANGE_LEADER_CATHERINE_DE_MEDICI_ALT_ANY">
      <Text>Mimariye hayranım. Söyleyin bana, başkentinizde zafer takları ya da büyük metal kuleler var mı?</Text>
    </Row>
    <Row Tag="LOC_DIPLO_FIRST_MEET_LEADER_CATHERINE_DE_MEDICI_ALT_ANY">
      <Text>Ben Catherine, Fransa'nın Ana Kraliçesi ve krallığa hoş geldiniz diyorum. Hakkınızda bilinmesi gereken her şeyi öğrenmek için sabırsızlanıyorum.</Text>
    </Row>
    <Row Tag="LOC_DIPLO_GREETING_LEADER_CATHERINE_DE_MEDICI_ALT_ANY">
      <Text>Her zamanki gibi bir zevkti.</Text>
    </Row>
    <Row Tag="LOC_DIPLO_MAKE_ALLIANCE_FROM_AI_LEADER_CATHERINE_DE_MEDICI_ALT_ANY">
      <Text>Bir ittifak kurmak ister misiniz?</Text>
    </Row>
    <Row Tag="LOC_DIPLO_MAKE_PEACE_AI_ACCEPT_DEAL_LEADER_CATHERINE_DE_MEDICI_ALT_ANY">
      <Text>Bir savaş kışkırtıcısı olarak hatırlanmak istemiyorum. Farklılıklarımızı bir kenara bırakalım.</Text>
    </Row>
    <Row Tag="LOC_DIPLO_MAKE_PEACE_AI_REFUSE_DEAL_LEADER_CATHERINE_DE_MEDICI_ALT_ANY">
      <Text>Kesinlikle olmaz.</Text>
    </Row>
    <Row Tag="LOC_DIPLO_MAKE_PEACE_FROM_AI_LEADER_CATHERINE_DE_MEDICI_ALT_ANY">
      <Text>Sevdiklerimizin hatırı için yalvarıyorum, aramızda barış olsun.</Text>
    </Row>
    <Row Tag="LOC_DIPLO_REJECT_OPEN_BORDERS_FROM_HUMAN_LEADER_CATHERINE_DE_MEDICI_ALT_ANY">
      <Text>Ne yazık ki buna izin veremem. Elbette güvenlik için.</Text>
    </Row>
    <Row Tag="LOC_DIPLO_OPEN_BORDERS_FROM_AI_LEADER_CATHERINE_DE_MEDICI_ALT_ANY">
      <Text>Ordum topraklarınızdan geçmek için izin istiyor. Barışçıl bir şekilde elbette.</Text>
    </Row>
    <Row Tag="LOC_DIPLO_ACCEPT_OPEN_BORDERS_FROM_HUMAN_LEADER_CATHERINE_DE_MEDICI_ALT_ANY">
      <Text>Oh, pekala. Devam edebilirsiniz.</Text>
    </Row>
    <Row Tag="LOC_DIPLO_WARNING_TOO_MANY_TROOPS_NEAR_ME_LEADER_CATHERINE_DE_MEDICI_ALT_ANY">
      <Text>Bizi güç kullanarak korkutmayı mı düşünüyorsunuz? Bu sizin için hiç de iyi olmaz.</Text>
    </Row>
    <Row Tag="LOC_DIPLO_MODIFIER_MAGNIFICENCES_POSITIVE_TRADE">
      <Text>Catherine, lüks kaynakları onunla takas etmenizden memnuniyet duyuyor.</Text>
    </Row>
    <Row Tag="LOC_DIPLO_MODIFIER_MAGNIFICENCES_NEGATIVE_TRADE">
      <Text>Catherine, kendisinin sahip olmayı tercih edeceği lüks kaynakları istiflediğiniz için üzgün.</Text>
    </Row>
    <!-- Kudos and warnings -->
    <Row Tag="LOC_DIPLO_KUDO_EXIT_LEADER_CATHERINE_DE_MEDICI_ALT_ANY">
      <Text>Bütün sevgililerim senin mallarından alabilmek için birbirlerini öldürüyorlar. Ne eğlenceli!</Text>
    </Row>
    <Row Tag="LOC_DIPLO_WARNING_EXIT_LEADER_CATHERINE_DE_MEDICI_ALT_ANY">
      <Text>Siz bana hiç göndermezken benim Uçan Filom sizin sözde lükslerinizi nasıl eleştirebilir?</Text>
    </Row>
  </EnglishText>
</GameData>