﻿<?xml version="1.0" encoding="utf-8"?>
<GameData>
  <EnglishText>
    <Row Tag="LOC_PEDIA_LEADERS_PAGE_LEADER_CATHERINE_DE_MEDICI_ALT_CHAPTER_CAPSULE_BODY">
      <Text>İhtişamlı Catherine, her zamanki harikalar ve şatolar inşa etme programını, Fransa'yı hızla bir Kültür Zaferi'ne doğru iten, özellikle de geniş bir lüks koleksiyonu biriktirebilmişken, gösterişli Saray Festivalleri ile artırır.</Text>
    </Row>
    <Row Tag="LOC_PEDIA_LEADERS_PAGE_LEADER_CATHERINE_DE_MEDICI_ALT_CHAPTER_DETAILED_BODY">
      <Text>İhtişam Catherine, her tür ve miktarda lüks kaynaktan oluşan geniş bir koleksiyon biriktirmek isteyen bir liderdir. Görkemli bir mal koleksiyonuna sahip olması, Saray Festivallerini tüm liderlerin görmek ve görülmek istediği kültürel etkinlikler haline getirir. Yeterli sayıda bu tür festivaller ve geniş bir Şato koleksiyonu ve oyun ortası harikaları ile Fransa, Catherine'in bu iyiliksever versiyonu ortaya çıktığında Kültür Zaferi için önde gelen aday olmalıdır. Bu oyunda o kadar tehlikeli ki, hızlı bir zafere ulaşmasını engellemek için Fransız Garde Impériale'ye karşı savaşmanız gerekebilir.</Text>
    </Row>
    <Row Tag="LOC_PEDIA_LEADERS_PAGE_LEADER_CATHERINE_DE_MEDICI_TITLE">
      <Text>Catherine de Medici</Text>
    </Row>
    <Row Tag="LOC_PEDIA_LEADERS_PAGE_LEADER_CATHERINE_DE_MEDICI_ALT_QUOTE">
      <Text>Kültürümüzde belli bir yaşam sevinci var. Onun cazibesine direnmek faydasızdır.</Text>
    </Row>
  </EnglishText>
</GameData>