﻿<?xml version="1.0" encoding="utf-8"?>
<GameData>
  <EnglishText>
    <Row Tag="LOC_LEADER_CATHERINE_DE_MEDICI_ALT_NAME">
      <Text>Catherine de Medici (Magnificence)</Text>
    </Row>
    <Row Tag="LOC_TRAIT_LEADER_MAGNIFICENCES_NAME">
      <Text>Catherine'in İhtişamı</Text>
    </Row>
    <Row Tag="LOC_TRAIT_LEADER_MAGNIFICENCES_DESCRIPTION">
      <Text>Tiyatro Meydanı bölgelerine veya Şatolara bitişik Geliştirilmiş Lüks kaynaklar +2 [ICON_CULTURE] Kültür alır. Tiyatro Meydanı bölgesi olan herhangi bir şehirde Saray Festivali projesini başlatabilir.</Text>
    </Row>
    <Row Tag="LOC_LEADER_CATHERINE_DE_MEDICI_EXPANDED_NAME">
      <Text>Catherine de Medici (Kara Kraliçe)</Text>
    </Row>
  </EnglishText>
</GameData>