﻿<?xml version="1.0" encoding="utf-8"?>
<GameData>
  <EnglishText>
    <Row Tag="LOC_CATHERINE_DE_MEDICI_MOD_TITLE">
      <Text>Catherine de Medici Persona Paketi</Text>
    </Row>
    <Row Tag="LOC_CATHERINE_DE_MEDICI_MOD_TEASER">
      <Text>Catherine de Medici (Kara Kraliçe) ve Catherine de Medici (İhtişam) Personaları</Text>
    </Row>
    <Row Tag="LOC_CATHERINE_DE_MEDICI_MOD_DESCRIPTION">
      <Text>Her biri kendine özgü görünüm, yetenek ve oyun tarzına sahip Catherine de Medici (Kara Kraliçe) ve Catherine de Medici (İhtişam) kişiliklerini içerir.</Text>
    </Row>
  </EnglishText>
</GameData>