﻿<?xml version="1.0" encoding="utf-8"?>
<GameData>
  <EnglishText>
    <!--Persian Cities-->
    <Row Tag="LOC_CITY_NAME_SCENARIO_BABYLON">
      <Text>Babil</Text>
    </Row>
    <Row Tag="LOC_CITY_NAME_SCENARIO_GAZA">
      <Text>Gazze</Text>
    </Row>
    <Row Tag="LOC_CITY_NAME_SCENARIO_TYRE">
      <Text>Lastik</Text>
    </Row>
    <Row Tag="LOC_CITY_NAME_SCENARIO_ARBELA">
      <Text>Arbela</Text>
    </Row>
    <Row Tag="LOC_CITY_NAME_SCENARIO_TUSA">
      <Text>Tusa</Text>
    </Row>
    <!--City States-->
    <Row Tag="LOC_CITY_NAME_SCENARIO_PATALA">
      <Text>Patala</Text>
    </Row>
    <Row Tag="LOC_CIVILIZATION_SCENARIO_MARAKANDA_NAME">
      <Text>Marakanda</Text>
    </Row>
    <Row Tag="LOC_CIVILIZATION_SCENARIO_PATALA_NAME">
      <Text>Patala</Text>
    </Row>
    <Row Tag="LOC_CIVILIZATION_SCENARIO_ATHENS_DESCRIPTION">
      <Text>Atina Şehir Eyalet</Text>
    </Row>
    <Row Tag="LOC_CIVILIZATION_SCENARIO_MARAKANDA_DESCRIPTION">
      <Text>Marakanda Şehir Eyaleti</Text>
    </Row>
    <Row Tag="LOC_CIVILIZATION_SCENARIO_PATALA_DESCRIPTION">
      <Text>Patala Şehir Eyalet</Text>
    </Row>
    <Row Tag="LOC_CIVILIZATION_SCENARIO_ATHENS_ADJECTIVE">
      <Text>Atinalı</Text>
    </Row>
    <Row Tag="LOC_CIVILIZATION_SCENARIO_MARAKANDA_ADJECTIVE">
      <Text>Marakanda</Text>
    </Row>
    <Row Tag="LOC_CIVILIZATION_SCENARIO_PATALA_ADJECTIVE">
      <Text>Patala</Text>
    </Row>
    <!--Great Person-->
    <Row Tag="LOC_GREAT_PERSON_INDIVIDUAL_SCENARIO_ALEXANDER_NAME">
      <Text>Büyük İskender</Text>
    </Row>
    <Row Tag="LOC_GREAT_PERSON_INDIVIDUAL_COENUS_NAME">
      <Text>Coenus</Text>
    </Row>
    <Row Tag="LOC_GREAT_PERSON_INDIVIDUAL_SELEUCUS_NAME">
      <Text>Seleucus</Text>
    </Row>
    <Row Tag="LOC_GREAT_PERSON_INDIVIDUAL_CRATERUS_NAME">
      <Text>Kraterus</Text>
    </Row>
    <Row Tag="LOC_GREAT_PERSON_INDIVIDUAL_MELEAGER_NAME">
      <Text>Meleager</Text>
    </Row>
    <Row Tag="LOC_GREAT_PERSON_INDIVIDUAL_POLYPERCHON_NAME">
      <Text>Polyperchon</Text>
    </Row>
    <Row Tag="LOC_GREAT_PERSON_INDIVIDUAL_ANTIGENES_NAME">
      <Text>Antijenler</Text>
    </Row>
    <Row Tag="LOC_GREAT_PERSON_INDIVIDUAL_HEPHAESTION_NAME">
      <Text>Hephaestion</Text>
    </Row>
    <Row Tag="LOC_GREAT_PERSON_INDIVIDUAL_CLEITUS_NAME">
      <Text>Siyah Cleitus</Text>
    </Row>
    <Row Tag="LOC_GREAT_PERSON_INDIVIDUAL_PERDICCAS_NAME">
      <Text>Perdiccas</Text>
    </Row>
    <Row Tag="LOC_GREAT_PERSON_INDIVIDUAL_PHILOTAS_NAME">
      <Text>Philotas</Text>
    </Row>
    <Row Tag="LOC_GREAT_PERSON_INDIVIDUAL_LEONNATUS_NAME">
      <Text>Leonnatus</Text>
    </Row>
    <Row Tag="LOC_GREAT_PERSON_INDIVIDUAL_ERIGYIUS_NAME">
      <Text>Erigyius</Text>
    </Row>
    <!--Great Person Area of Effect-->
    <Row Tag="LOC_GREATPERSON_SINGLE_COMBAT_STRENGTH_AOE_LAND_MODIFIER">
      <Text>Büyük General'den +5 [ICON_Strength] Savaş Bonusu.</Text>
    </Row>
    <Row Tag="LOC_GREATPERSON_SINGLE_COMBAT_STRENGTH_AOE_LAND">
      <Text>2 karo içindeki tüm birimlere +5 [ICON_Strength] Savaş Gücü ve +2 [ICON_Movement] Hareket.</Text>
    </Row>
    <Row Tag="LOC_GREATPERSON_SINGLE_MOVEMENT_AOE_LAND_MODIFIER">
      <Text>+1 [ICON_Movement] Tüm birimlere hareket.</Text>
    </Row>
    <Row Tag="LOC_GREATPERSON_DOUBLE_COMBAT_STRENGTH_AOE_LAND_MODIFIER">
      <Text>Büyük General'den +10 [ICON_Strength] Savaş Bonusu.</Text>
    </Row>
    <Row Tag="LOC_GREATPERSON_DOUBLE_COMBAT_STRENGTH_AOE_LAND">
      <Text>2 karo içindeki tüm birimlere +10 [ICON_Strength] Savaş Gücü ve +1 [ICON_Movement] Hareket.</Text>
    </Row>
    <Row Tag="LOC_GREATPERSON_DOUBLE_MOVEMENT_AOE_LAND_MODIFIER">
      <Text>Tüm birimlere +2 [ICON_Movement] Hareket.</Text>
    </Row>
    <Row Tag="LOC_GREATPERSON_TRIPLE_COMBAT_STRENGTH_AOE_LAND_MODIFIER">
      <Text>Büyük General'den +15 [ICON_Strength] Savaş Bonusu.</Text>
    </Row>
    <Row Tag="LOC_GREATPERSON_TRIPLE_COMBAT_STRENGTH_AOE_LAND">
      <Text>2 karo içindeki tüm birimlere +15 [ICON_Strength] Savaş Gücü ve +3 [ICON_Movement] Hareket.</Text>
    </Row>
    <Row Tag="LOC_GREATPERSON_TRIPLE_MOVEMENT_AOE_LAND_MODIFIER">
      <Text>Tüm birimlere +3 [ICON_Movement] Hareket.</Text>
    </Row>
    <!--Route -->
    <Row Tag="LOC_ROUTE_SCENARIO_ANCIENT_ROAD_DESCRIPTION">
      <Text>Bir yol karesinden diğerine hareket eden herhangi bir birimin hareket hızını artırır [ICON_Movement].</Text>
    </Row>
    <Row Tag="LOC_ROUTE_SCENARIO_MEDIEVAL_ROAD_DESCRIPTION">
      <Text>Bir yol karesinden diğerine hareket eden herhangi bir birimin hareket hızını artırır [ICON_Movement].</Text>
    </Row>
    <!--Unit -->
    <Row Tag="LOC_UNIT_SCENARIO_GREEK_HOPLITE_DESCRIPTION">
      <Text>Mızrakçının yerini alan Yunan'a özgü Antik dönem birimi. Hasar gördüğünde savaş cezalarına maruz kalmaz.</Text>
    </Row>
    <!--Scoring -->
    <Row Tag="LOC_ALEXANDER_SCENARIO_WORLD_RANKING_1">
      <Text>Özel Senaryo Kuralları:</Text>
    </Row>
    <Row Tag="LOC_ALEXANDER_SCENARIO_WORLD_RANKING_2">
      <Text>Teknoloji Ağacı, Yurttaşlık Ağacı, Politikalar, Diplomasi veya Din yok. Makedonya herkesle savaş halindedir. Barış mümkün değildir ve şehir işgali cezası tüm senaryo boyunca sürer.</Text>
    </Row>
    <Row Tag="LOC_ALEXANDER_SCENARIO_WORLD_RANKING_3">
      <Text>Büyük İskender Generali öldürülürse senaryo kaybedilir. Başka bir Büyük General ortadan kaldırılırsa sadece oyundan çıkarılırlar. [ICON_GreatGeneral] Büyük General puanları yalnızca Hypaspists ve Hetairoi ile birimlerin öldürülmesinden kazanılır.</Text>
    </Row>
    <Row Tag="LOC_ALEXANDER_SCENARIO_WORLD_RANKING_4">
      <Text>İskender bir karenin içindeyken bir Saray veya Harikaya sahip bir şehri ele geçirdiğinizde aşağıdaki gibi ücretsiz bir birim kazanın:</Text>
    </Row>
    <Row Tag="LOC_ALEXANDER_SCENARIO_WORLD_RANKING_5">
      <Text>[NEWLINE][ICON_Bullet]Atina: 2 Hoplit[NEWLINE][ICON_Bullet]Babil: 1 Okçu[NEWLINE][ICON_Bullet]Halikarnas: 1 Kadırga[NEWLINE][ICON_Bullet]Marakanda: 1 Saka Atlı Okçu[NEWLINE][ICON_Bullet]Memphis: 1 Maryannu Savaş Arabalı Okçu[NEWLINE][ICON_Bullet]Parsa: 2 Ölümsüz[NEWLINE][ICON_Bullet]Patala: 1 Varu</Text>
    </Row>
    <Row Tag="LOC_ALEXANDER_SCENARIO_WORLD_RANKING_6">
      <Text>Fethedilecek şehirler kaldı: {1_Cities}</Text>
    </Row>
    <Row Tag="LOC_ALEXANDER_SCENARIO_WORLD_RANKING_7">
      <Text>Zorluk derecesi: {1_DifficultyName}</Text>
    </Row>
    <Row Tag="LOC_ALEXANDER_SCENARIO_WORLD_RANKING_8">
      <Text>Puan: {1_Score}. [Her Şehir için 5 Puan]</Text>
    </Row>
    <Row Tag="LOC_ALEXANDER_SCENARIO_WORLD_RANKING_9">
      <Text>Bonus Puanlama: {1_Bonus} Bu sırayı kazanırsanız senaryoyu erken bitirdiğiniz için Bonus Puan.</Text>
    </Row>
    <Row Tag="LOC_BUILDING_ALEXANDER_SCENARIO_WALLS_DESCRIPTION">
      <Text>Şehir Merkezi ve Kamp bölgesinin etrafında Surlar sağlar. Surlar, Şehir Merkezi ve Kamp bölgesinden [ICON_Ranged] Menzilli Saldırılara izin verir ve bir şehre saldırılmadan önce yenilmesi gerekir. Senaryo içinde inşa edilemez. Surlar yalnızca senaryo başlamadan önce yerleştirilir.</Text>
    </Row>
    <Row Tag="LOC_BUILDING_ALEXANDER_SCENARIO_WONDERS_DESCRIPTION">
      <Text>Bu senaryoda İskender'in Lider Yeteneği dışında bir etkisi yoktur.</Text>
    </Row>
    <Row Tag="LOC_BUILDING_ALEXANDER_SCENARIO_BASILIKOI_PAIDES_DESCRIPTION">
      <Text>Makedonya'ya özgü bir bina. Bu şehirde eğitilen tüm yakın dövüşçü, menzilli kara birimleri ve Hetairoi için +%25 savaş deneyimi.</Text>
    </Row>
    <Row Tag="LOC_BUILDING_ALEXANDER_SCENARIO_IMPROVEMENT_PAIRIDAEZA_DESCRIPTION">
      <Text>Pers'e özgü bir Pairidaeza inşa etmek için İnşaatçı yeteneğinin kilidini açar. [NEWLINE][NEWLINE]+1 [ICON_CULTURE] Kültür ve +2 [ICON_GOLD] Altın. +2 Cazibe. Bitişik her Kutsal Alan ve Tiyatro Meydanı için +1 [ICON_CULTURE] Kültür. Her bir bitişik Ticari Merkez ve Şehir Merkezi için +1 [ICON_GOLD] Altın.</Text>
    </Row>
    <Row Tag="LOC_ABILITY_GREAT_GENERAL_POINTS_NAME">
      <Text>Harika Genel Noktalar</Text>
    </Row>
    <Row Tag="LOC_ABILITY_GREAT_GENERAL_POINTS_DESCRIPTION">
      <Text>Yenilen her birim için +5 [ICON_GreatGeneral] Büyük General puanı.</Text>
    </Row>
    <Row Tag="LOC_ABILITY_GREAT_GENERAL_SINGLE_STRENGTH_NAME">
      <Text>Tek Güç</Text>
    </Row>
    <Row Tag="LOC_ABILITY_GREAT_GENERAL_SINGLE_STRENGTH_DESCRIPTION">
      <Text>Büyük General'den +5 [ICON_Strength] Savaş Bonusu.</Text>
    </Row>
    <Row Tag="LOC_ABILITY_GREAT_GENERAL_DOUBLE_STRENGTH_NAME">
      <Text>Çifte Güç</Text>
    </Row>
    <Row Tag="LOC_ABILITY_GREAT_GENERAL_DOUBLE_STRENGTH_DESCRIPTION">
      <Text>Büyük General'den +10 [ICON_Strength] Savaş Bonusu.</Text>
    </Row>
    <Row Tag="LOC_ABILITY_GREAT_GENERAL_TRIPLE_STRENGTH_NAME">
      <Text>Üçlü Güç</Text>
    </Row>
    <Row Tag="LOC_ABILITY_GREAT_GENERAL_TRIPLE_STRENGTH_DESCRIPTION">
      <Text>Büyük General'den +15 [ICON_Strength] Savaş Bonusu.</Text>
    </Row>
    <Row Tag="LOC_ABILITY_GREAT_GENERAL_SINGLE_MOVEMENT_NAME">
      <Text>Tek Hareket</Text>
    </Row>
    <Row Tag="LOC_ABILITY_GREAT_GENERAL_SINGLE_MOVEMENT_DESCRIPTION">
      <Text>+1 [ICON_Movement] Büyük General'den hareket.</Text>
    </Row>
    <Row Tag="LOC_ABILITY_GREAT_GENERAL_DOUBLE_MOVEMENT_NAME">
      <Text>Çifte Hareket</Text>
    </Row>
    <Row Tag="LOC_ABILITY_GREAT_GENERAL_DOUBLE_MOVEMENT_DESCRIPTION">
      <Text>Büyük General'den +2 [ICON_Movement] Hareket.</Text>
    </Row>
    <Row Tag="LOC_ABILITY_GREAT_GENERAL_TRIPLE_MOVEMENT_NAME">
      <Text>Üçlü Hareket</Text>
    </Row>
    <Row Tag="LOC_ABILITY_GREAT_GENERAL_TRIPLE_MOVEMENT_DESCRIPTION">
      <Text>Büyük General'den +3 [ICON_Movement] Hareket.</Text>
    </Row>
  </EnglishText>
</GameData>