﻿<?xml version="1.0" encoding="utf-8"?>
<GameData>
  <BaseGameText>
    <Row Tag="LOC_ALEXANDER_SCENARIO_NAME">
      <Text>İskender'in Fetihleri</Text>
    </Row>
    <Row Tag="LOC_ALEXANDER_SCENARIO_TOOLTIP">
      <Text>Büyük İskender'e layık bir imparatorluğu fethedebilir misiniz? En fazla 60 Tur sürer.</Text>
    </Row>
    <Row Tag="LOC_ALEXANDER_SCENARIO_DESCRIPTION">
      <Text>Bu süreli tek oyunculu senaryoda, "Büyük İskender" unvanını gerçekten kazanmak için imparatorluğunuzu genişletmek için acele etmelisiniz. Bu senaryo savaş, toprak genişletme ve yanınızda savaşacak Büyük Generallerin hesaplı kullanımını vurgular.[NEWLINE][NEWLINE]Kazanmak için zorluk seviyenize göre belirlenen sayıda tur içinde haritadaki her şehri fethedin:[NEWLINE][NEWLINE]Yerleşimci: 60 tur[NEWLINE]Savaş Lordu veya Şef: 55 tur[NEWLINE]Kral veya Prens: 50 tur[NEWLINE]Ölümsüz veya İmparator: 45 tur[NEWLINE]İlah: 37 tur</Text>
    </Row>
    <Row Tag="LOC_MOD_ALEXANDERSCENARIO_MAP_NAME">
      <Text>Alexander'ın Dünyası</Text>
    </Row>
    <Row Tag="LOC_MOD_ALEXANDER_SCENARIO_MAP_DESCRIPTION">
      <Text>Yunanistan'dan Mısır'a ve Hindistan'a.</Text>
    </Row>
    <Row Tag="LOC_MOD_ALEXANDER_SCENARIO_DARIUS_III_NAME">
      <Text>Darius III</Text>
    </Row>
    <Row Tag="LOC_MOD_ALEXANDER_SCENARIO_MACEDON_TRAIT_NAME">
      <Text>İsimsiz Şehirler</Text>
    </Row>
    <Row Tag="LOC_MOD_ALEXANDER_SCENARIO_MACEDON_TRAIT_DESCRIPTION">
      <Text>Yerleşimciler +1 [ICON_Movement] Hareket kazanır. Tüm şehirler 2 [ICON_Citizen] Nüfus ve bir Tahıl Ambarı ile başlar. Bölge [ICON_Production] Üretim süresi azalır ve Kamplar bir Basilikoi Paides ile başlar.</Text>
    </Row>
    <Row Tag="LOC_MOD_ALEXANDER_SCENARIO_PERSIA_TRAIT_NAME">
      <Text>Müttefikler</Text>
    </Row>
    <Row Tag="LOC_MOD_ALEXANDER_SCENARIO_PERSIA_TRAIT_DESCRIPTION">
      <Text>Oyuna Atina, Marakanda ve Patala'nın hükümdarı olarak başlayın.</Text>
    </Row>
    <Row Tag="LOC_MOD_ALEXANDER_SCENARIO_DARIUS_III_TRAIT_NAME">
      <Text>Posta Hizmeti Yeterliliği</Text>
    </Row>
    <Row Tag="LOC_MOD_ALEXANDER_SCENARIO_DARIUS_III_TRAIT_DESCRIPTION">
      <Text>İnşaatçılar 1 ekstra iyileştirme inşa edebilir.</Text>
    </Row>
    <Row Tag="LOC_MOD_ALEXANDER_SCENARIO_UNIT_SETTLER_TRAIT_NAME">
      <Text>Makedon benzersiz birimi: Yerleşimci</Text>
    </Row>
    <Row Tag="LOC_ALEXANDER_ENDGAME_RANKING_LEADER_QUOTE">
      <Text>"Ben zafer çalmam." -Büyük İskender</Text>
    </Row>
    <Row Tag="LOC_ALEXANDER_ENDGAME_RANKING_LEADER_1_NAME">
      <Text>Büyük İskender</Text>
    </Row>
    <Row Tag="LOC_ALEXANDER_ENDGAME_RANKING_LEADER_1_QUOTE">
      <Text>"En güçlü olana!"</Text>
    </Row>
    <Row Tag="LOC_ALEXANDER_ENDGAME_RANKING_LEADER_2_NAME">
      <Text>Çok İyi İskender</Text>
    </Row>
    <Row Tag="LOC_ALEXANDER_ENDGAME_RANKING_LEADER_2_QUOTE">
      <Text>"Denemek isteyen için imkansız diye bir şey yoktur."</Text>
    </Row>
    <Row Tag="LOC_ALEXANDER_ENDGAME_RANKING_LEADER_3_NAME">
      <Text>Terbiyeli İskender</Text>
    </Row>
    <Row Tag="LOC_ALEXANDER_ENDGAME_RANKING_LEADER_3_QUOTE">
      <Text>"Gücümün ve egemenliğimin genişliğinden çok, mükemmel olanın bilgisinde başkalarından üstün olmayı tercih ederim."</Text>
    </Row>
    <Row Tag="LOC_ALEXANDER_ENDGAME_RANKING_LEADER_4_NAME">
      <Text>Olağandışı Vasat İskender</Text>
    </Row>
    <Row Tag="LOC_ALEXANDER_ENDGAME_RANKING_LEADER_4_QUOTE">
      <Text>"Fethin amacının ve hedefinin, fethedilenle aynı şeyi yapmaktan kaçınmak olduğunu bilmiyor musunuz?"</Text>
    </Row>
    <Row Tag="LOC_ALEXANDER_ENDGAME_RANKING_LEADER_5_NAME">
      <Text>Doğrulanabilir Korkunç İskender</Text>
    </Row>
    <Row Tag="LOC_ALEXANDER_ENDGAME_RANKING_LEADER_5_QUOTE">
      <Text>"Ölülerin kutsal gölgeleri, zalim ve acı kaderinizin suçlusu ben değilim."</Text>
    </Row>
  </BaseGameText>
</GameData>