﻿<?xml version="1.0" encoding="utf-8" standalone="yes"?>
<GameData>
  <EnglishText>
    <!-- Ruleset -->
    <Row Tag="LOC_CIV_ROYALE_RULESET_TITLE">
      <Text>Kızıl Ölüm (Battle Royale)</Text>
    </Row>
    <Row Tag="LOC_CIV_ROYALE_MOD_DESCRIPTION">
      <Text>Kızıl Ölüm (Battle Royale)</Text>
    </Row>
    <Row Tag="LOC_CIV_ROYALE_RULESET_TEASER">
      <Text>Kızıl Ölüm, Civilization VI'nın Battle Royale moduna dönüşüdür. Ölmekte olan bir gezegenden tek çıkış bileti için yarışan hayatta kalanlar olarak oynayın.</Text>
    </Row>
    <!-- Victories  -->
    <Row Tag="LOC_CIV_ROYALE_VICTORY_TITLE">
      <Text>Royale'in Testine Dayanın</Text>
    </Row>
    <Row Tag="LOC_CIV_ROYALE_VICTORY_DESC">
      <Text>Ayakta kalan son grup olun.</Text>
    </Row>
    <!-- Aliens Civilization text -->
    <Row Tag="LOC_LEADER_CIVROYALE_SCENARIO_ALIENS_NAME">
      <Text>Uzaylılar
 	 	 	 Eril: 
 	 	 	 2</Text>
      <Gender>Masculine:the</Gender>
      <Plurality>2</Plurality>
    </Row>
    <Row Tag="LOC_CIVILIZATION_CIVROYALE_SCENARIO_ALIENS_NAME">
      <Text>Uzaylılar
 	 	 	 Eril: 
 	 	 	 2</Text>
      <Gender>Masculine:the</Gender>
      <Plurality>2</Plurality>
    </Row>
    <Row Tag="LOC_CIVILIZATION_CIVROYALE_SCENARIO_ALIENS_DESCRIPTION">
      <Text>Gizli Uzaylılar</Text>
    </Row>
    <Row Tag="LOC_CIVILIZATION_CIVROYALE_SCENARIO_ALIENS_ADJECTIVE">
      <Text>Uzaylılar</Text>
    </Row>
    <Row Tag="LOC_ALIENS_XENO_REGENERATION_ABILITY_NAME">
      <Text>Ksenolojik Rejenerasyon</Text>
    </Row>
    <Row Tag="LOC_ALIENS_XENO_REGENERATION_ABILITY_DESCRIPTION">
      <Text>Su, Kızıl Ölüm veya WMD serpintisi dışında tüm birimler hareket veya eylemlerden bağımsız olarak her tur iyileşir. Uzaylılar %50 daha yavaş iyileşir.</Text>
    </Row>
    <Row Tag="LOC_ALIENS_XENO_STEALTH_ABILITY_NAME">
      <Text>Ksenolojik Kamuflaj</Text>
    </Row>
    <Row Tag="LOC_ALIENS_XENO_STEALTH_ABILITY_DESCRIPTION">
      <Text>Tüm birimler, çoğu birim tarafından görünmez olmak için Ksenolojik Kamuflaj kullanabilir. Komşu düşman birimleri Kamuflajlı birimleri görebilir. Saldırmak Ksenolojik Kamuflajı devre dışı bırakır. Ksenolojik Kamuflaj 6 tur sürer ve yeniden şarj olması 6 tur sürer.</Text>
    </Row>
    <!-- Cultist Civilization text -->
    <Row Tag="LOC_LEADER_CIVROYALE_SCENARIO_CULTISTS_NAME">
      <Text>Tarikatçılar
 	 	 	 Eril: 
 	 	 	 2</Text>
      <Gender>Masculine:the</Gender>
      <Plurality>2</Plurality>
    </Row>
    <Row Tag="LOC_CIVILIZATION_CIVROYALE_SCENARIO_CULTISTS_NAME">
      <Text>Tarikatçılar
 	 	 	 Eril: 
 	 	 	 2</Text>
      <Gender>Masculine:the</Gender>
      <Plurality>2</Plurality>
    </Row>
    <Row Tag="LOC_CIVILIZATION_CIVROYALE_SCENARIO_CULTISTS_DESCRIPTION">
      <Text>Derinlemesine Yatırım Yapmış Tarikatçılar</Text>
    </Row>
    <Row Tag="LOC_CIVILIZATION_CIVROYALE_SCENARIO_CULTISTS_ADJECTIVE">
      <Text>Tarikatçılar</Text>
    </Row>
    <Row Tag="LOC_CULTISTS_SIGHT_ABILITY_NAME">
      <Text>Sonu Gözlemlemek</Text>
    </Row>
    <Row Tag="LOC_CULTISTS_SIGHT_ABILITY_DESCRIPTION">
      <Text>Tüm birimlerin +3 görüşü vardır.</Text>
    </Row>
    <Row Tag="LOC_CULTISTS_UNDYING_EYE_ABILITY_NAME">
      <Text>Ölümsüz Göz</Text>
    </Row>
    <Row Tag="LOC_CULTISTS_UNDYING_EYE_ABILITY_DESCRIPTION">
      <Text>Tarikatçılar oyuna (taptıkları) sakat bir DDR ile başlarlar. DDR ağır hasarlı olarak başlar ve normal şekilde iyileşmez veya deneyim kazanmaz. DDR, komşu Tarikatçı birimlerinin gönüllü fedakarlıklarıyla terfi kazanır.</Text>
    </Row>
    <!-- Edgelord Civilization text -->
    <Row Tag="LOC_LEADER_CIVROYALE_SCENARIO_EDGELORDS_NAME">
      <Text>Sınır Lordları
 	 	 	 Eril: 
 	 	 	 2</Text>
      <Gender>Masculine:the</Gender>
      <Plurality>2</Plurality>
    </Row>
    <Row Tag="LOC_CIVILIZATION_CIVROYALE_SCENARIO_EDGELORDS_NAME">
      <Text>Sınır Lordları
 	 	 	 Eril: 
 	 	 	 2</Text>
      <Gender>Masculine:the</Gender>
      <Plurality>2</Plurality>
    </Row>
    <Row Tag="LOC_CIVILIZATION_CIVROYALE_SCENARIO_EDGELORDS_DESCRIPTION">
      <Text>Çok Gotik Sınır Lordları</Text>
    </Row>
    <Row Tag="LOC_CIVILIZATION_CIVROYALE_SCENARIO_EDGELORDS_ADJECTIVE">
      <Text>Sınır Lordları</Text>
    </Row>
    <Row Tag="LOC_EDGELORDS_EDGENESS_ABILITY_NAME">
      <Text>Sınırda Yaşamak</Text>
    </Row>
    <Row Tag="LOC_EDGENESS_ABILITY_DESCRIPTION">
      <Text>Güvenli Bölge sınırına 3 hex veya daha yakın olduğunda +10 [ICON_Strength] Savaş Gücü.</Text>
    </Row>
    <Row Tag="LOC_EDGELORDS_GRIEVING_GIFT_ABILITY_NAME">
      <Text>Yas Tutan Hediye</Text>
    </Row>
    <Row Tag="LOC_EDGELORDS_GRIEVING_GIFT_ABILITY_DESCRIPTION">
      <Text>Herhangi bir Borderlord birimi, serbest bir eylem olarak bir sonraki turda bubi tuzaklı bir Yas Hediyesi için bir altıgen belirleyebilir. Yas Hediyesi diğer tüm oyuncular için normal bir Erzak Düşüşü gibi görünecektir. Sınır Lordları en fazla iki Yas Hediyesi depolayabilir ve bunların yeniden şarj olması 5 tur sürer.</Text>
    </Row>
    <!-- Jocks Civilization text -->
    <Row Tag="LOC_LEADER_CIVROYALE_SCENARIO_JOCKS_NAME">
      <Text>Sporcular
 	 	 	 Eril: 
 	 	 	 2</Text>
      <Gender>Masculine:the</Gender>
      <Plurality>2</Plurality>
    </Row>
    <Row Tag="LOC_CIVILIZATION_CIVROYALE_SCENARIO_JOCKS_NAME">
      <Text>Sporcular
 	 	 	 Eril: 
 	 	 	 2</Text>
      <Gender>Masculine:the</Gender>
      <Plurality>2</Plurality>
    </Row>
    <Row Tag="LOC_CIVILIZATION_CIVROYALE_SCENARIO_JOCKS_DESCRIPTION">
      <Text>En Kötü Sporcular</Text>
    </Row>
    <Row Tag="LOC_CIVILIZATION_CIVROYALE_SCENARIO_JOCKS_ADJECTIVE">
      <Text>Sporcular</Text>
    </Row>
    <Row Tag="LOC_JOCK_COMBAT_BONUS_ABILITY_NAME">
      <Text>Mükemmelliğe Tanık Olun</Text>
    </Row>
    <Row Tag="LOC_JOCK_COMBAT_BONUS_ABILITY_DESCRIPTION">
      <Text>+5 [ICON_Strength] Savaş Gücü.</Text>
    </Row>
    <Row Tag="LOC_JOCK_HAIL_MARY_ABILITY_NAME">
      <Text>Hail Mary Pası</Text>
    </Row>
    <Row Tag="LOC_JOCK_HAIL_MARY_ABILITY_DESCRIPTION">
      <Text>Her 6 turda bir herhangi bir savaş biriminden "Hail Mary" küçük taktik nükleer bombası fırlatın.</Text>
    </Row>
    <!-- Mutants Civilization text -->
    <Row Tag="LOC_LEADER_CIVROYALE_SCENARIO_MUTANTS_NAME">
      <Text>Mutantlar
 	 	 	 Eril:the
 	 	 	 2</Text>
      <Gender>Masculine:the</Gender>
      <Plurality>2</Plurality>
    </Row>
    <Row Tag="LOC_CIVILIZATION_CIVROYALE_SCENARIO_MUTANTS_NAME">
      <Text>Mutantlar
 	 	 	 Eril:the
 	 	 	 2</Text>
      <Gender>Masculine:the</Gender>
      <Plurality>2</Plurality>
    </Row>
    <Row Tag="LOC_CIVILIZATION_CIVROYALE_SCENARIO_MUTANTS_DESCRIPTION">
      <Text>Korkunç Yaralı Mutantlar</Text>
    </Row>
    <Row Tag="LOC_CIVILIZATION_CIVROYALE_SCENARIO_MUTANTS_ADJECTIVE">
      <Text>Mutantlar</Text>
    </Row>
    <Row Tag="LOC_CIVILIZATION_CIVROYALE_SCENARIO_MUTANTS_WMD_RESIST_ABILITY_NAME">
      <Text>Işıldayan Kişilikler</Text>
    </Row>
    <Row Tag="LOC_CIVILIZATION_CIVROYALE_SCENARIO_MUTANTS_WMD_RESIST_ABILITY_DESCRIPTION">
      <Text>-%50 Kızıl Ölüm hasarı.</Text>
    </Row>
    <Row Tag="LOC_CIVILIZATION_CIVROYALE_SCENARIO_MUTANTS_FALLOUT_MOVE_ABILITY_NAME">
      <Text>Radyoaktif Hareket</Text>
    </Row>
    <Row Tag="LOC_CIVILIZATION_CIVROYALE_SCENARIO_MUTANTS_FALLOUT_MOVE_ABILITY_DESCRIPTION">
      <Text>Kızıl Ölüm'deki tüm birimler için +3 [ICON_Movement] Hareket. -50% Kızıl Ölüm hasarı.</Text>
    </Row>
    <Row Tag="LOC_CIVILIZATION_CIVROYALE_SCENARIO_MUTANTS_FALLOUT_SPREAD_ABILITY_NAME">
      <Text>Işıldayan Kişilikler</Text>
    </Row>
    <Row Tag="LOC_CIVILIZATION_CIVROYALE_SCENARIO_MUTANTS_FALLOUT_SPREAD_ABILITY_DESCRIPTION">
      <Text>Mutant birimler, Kızıl Ölüm veya KİS serpintisinden başlayarak her turda 8 Radyasyon Yükü emer. Mutant birimleri, Radyasyon Yükü başına bir kez Kızıl Ölümü kirlenmemiş alanlara yayar. Mutant birimler, Mutantların yaydığı Kızıl Ölümden hasar almaz.</Text>
    </Row>
    <!-- Preppers Civilization text -->
    <Row Tag="LOC_LEADER_CIVROYALE_SCENARIO_PREPPERS_NAME">
      <Text>Doomsday Preppers
 	 	 	 Eril: 
 	 	 	 2</Text>
      <Gender>Masculine:the</Gender>
      <Plurality>2</Plurality>
    </Row>
    <Row Tag="LOC_CIVILIZATION_CIVROYALE_SCENARIO_PREPPERS_NAME">
      <Text>Preppers
 	 	 	 Masculine:the
 	 	 	 2</Text>
      <Gender>Masculine:the</Gender>
      <Plurality>2</Plurality>
    </Row>
    <Row Tag="LOC_CIVILIZATION_CIVROYALE_SCENARIO_PREPPERS_DESCRIPTION">
      <Text>Çılgın Kıyamet Günü Hazırlayıcıları</Text>
    </Row>
    <Row Tag="LOC_CIVILIZATION_CIVROYALE_SCENARIO_PREPPERS_ADJECTIVE">
      <Text>Preppers</Text>
    </Row>
    <Row Tag="LOC_PREPPERS_EXPERIENCE_ABILITY_NAME">
      <Text>Her Zaman En Kötüsüne Hazırlıklı Olun</Text>
    </Row>
    <Row Tag="LOC_PREPPERS_EXPERIENCE_ABILITY_DESCRIPTION">
      <Text>Tüm birimler +%100 deneyim bonusuna sahiptir.</Text>
    </Row>
    <Row Tag="LOC_PREPPERS_IMPROVISED_TRAPS_ABILITY_NAME">
      <Text>Doğaçlama Tuzaklar</Text>
    </Row>
    <Row Tag="LOC_PREPPERS_IMPROVISED_TRAPS_ABILITY_DESCRIPTION">
      <Text>Tüm Hazırlayıcı birimler sınırlı sayıda Doğaçlama Tuzak geliştirmesi yapabilir. Doğaçlama Tuzaklar, herhangi bir birim hex'e hareket ederse patlar ve 25 hasar verir. Hazırlayıcılar Şehir Harabelerini, Akıncı Kamplarını veya Erzak Depolarını keşfederek daha fazla Doğaçlama Tuzak bulur. Doğaçlama Tuzaklar, Hazırlıkçı olmayan tüm gruplar için görünmezdir.</Text>
    </Row>
    <!-- Pirates Civilization text -->
    <Row Tag="LOC_LEADER_CIVROYALE_SCENARIO_PIRATES_NAME">
      <Text>Korsanlar
 	 	 	 Eril:the
 	 	 	 2</Text>
      <Gender>Masculine:the</Gender>
      <Plurality>2</Plurality>
    </Row>
    <Row Tag="LOC_CIVILIZATION_CIVROYALE_SCENARIO_PIRATES_NAME">
      <Text>Korsanlar
 	 	 	 Eril:the
 	 	 	 2</Text>
      <Gender>Masculine:the</Gender>
      <Plurality>2</Plurality>
    </Row>
    <Row Tag="LOC_CIVILIZATION_CIVROYALE_SCENARIO_PIRATES_DESCRIPTION">
      <Text>Işınlanmış Korsanlar</Text>
    </Row>
    <Row Tag="LOC_CIVILIZATION_CIVROYALE_SCENARIO_PIRATES_ADJECTIVE">
      <Text>Korsanlar</Text>
    </Row>
    <Row Tag="LOC_PIRATES_WATER_LOGGED_ABILITY_NAME">
      <Text>Su Günlüğü</Text>
    </Row>
    <Row Tag="LOC_PIRATES_WATER_LOGGED_ABILITY_DESCRIPTION">
      <Text>Tüm birimler %50 daha az su hasarı alır ve gemiye binme ve gemiden inmeden kaynaklanan ek hareket maliyetini göz ardı eder.</Text>
    </Row>
    <Row Tag="LOC_PIRATES_BURIED_TREASURE_ABILITY_NAME">
      <Text>Gömülü Hazine</Text>
    </Row>
    <Row Tag="LOC_PIRATES_BURIED_TREASURE_ABILITY_DESCRIPTION">
      <Text>Korsanlar oyuna haritada ek bir erzak düşüşüyle temsil edilen gömülü bir hazine haritasıyla başlar. Korsanlar o konumu ziyaret ederek özel bir ödül ve yeni bir gömülü hazine haritası alırlar. Korsanlar serbest bir eylem olarak hazine haritalarını yakabilir ve her 6 turda bir yenisini alabilirler.</Text>
    </Row>
    <!-- Scientists Civilization text -->
    <Row Tag="LOC_LEADER_CIVROYALE_SCENARIO_SCIENTISTS_NAME">
      <Text>Çılgın Bilim İnsanları
 	 	 	 Eril: 
 	 	 	 2</Text>
      <Gender>Masculine:the</Gender>
      <Plurality>2</Plurality>
    </Row>
    <Row Tag="LOC_CIVILIZATION_CIVROYALE_SCENARIO_SCIENTISTS_NAME">
      <Text>Çılgın Bilim İnsanları
 	 	 	 Eril: 
 	 	 	 2</Text>
      <Gender>Masculine:the</Gender>
      <Plurality>2</Plurality>
    </Row>
    <Row Tag="LOC_CIVILIZATION_CIVROYALE_SCENARIO_SCIENTISTS_DESCRIPTION">
      <Text>Etik Açıdan Zorlu Bilim İnsanları</Text>
    </Row>
    <Row Tag="LOC_CIVILIZATION_CIVROYALE_SCENARIO_SCIENTISTS_ADJECTIVE">
      <Text>Çılgın Bilim İnsanları</Text>
    </Row>
    <Row Tag="LOC_SCIENTISTS_HEAL_FASTER_ABILITY_NAME">
      <Text>Bu Sadece Biraz Acıtacak</Text>
    </Row>
    <Row Tag="LOC_SCIENTISTS_HEAL_FASTER_ABILITY_DESCRIPTION">
      <Text>Tüm birimler 2 kat daha hızlı iyileşir.</Text>
    </Row>
    <Row Tag="LOC_SCIENTISTS_UNIT_SHIELDS_ABILITY_NAME">
      <Text>Savunma Amaçlı Atalet Kalkanı</Text>
    </Row>
    <Row Tag="LOC_SCIENTISTS_UNIT_SHIELDS_ABILITY_DESCRIPTION">
      <Text>Tüm birimler savunma yaparken +10 [ICON_Strength] Savaş Gücü sağlayan Savunmacı Atalet Kalkanı kullanabilir. Kalkan ayrıca su, Kızıl Ölüm ve WMD patlama hasarına karşı tam bağışıklık sağlar. Savunmacı Atalet Kalkanı 4 tur sürer ve yeniden şarj olması 6 tur alır.</Text>
    </Row>
    <!-- Wanderers Civilization text -->
    <Row Tag="LOC_LEADER_CIVROYALE_SCENARIO_WANDERERS_NAME">
      <Text>Wanderers
 	 	 	 Eril:the
 	 	 	 2</Text>
      <Gender>Masculine:the</Gender>
      <Plurality>2</Plurality>
    </Row>
    <Row Tag="LOC_CIVILIZATION_CIVROYALE_SCENARIO_WANDERERS_NAME">
      <Text>Wanderers
 	 	 	 Eril:the
 	 	 	 2</Text>
      <Gender>Masculine:the</Gender>
      <Plurality>2</Plurality>
    </Row>
    <Row Tag="LOC_CIVILIZATION_CIVROYALE_SCENARIO_WANDERERS_DESCRIPTION">
      <Text>Özgür İradeli Gezginler</Text>
    </Row>
    <Row Tag="LOC_CIVILIZATION_CIVROYALE_SCENARIO_WANDERERS_ADJECTIVE">
      <Text>Wanderers</Text>
    </Row>
    <Row Tag="LOC_WANDERERS_MOVE_BONUS_ABILITY_NAME">
      <Text>Sonra görüşürüz</Text>
    </Row>
    <Row Tag="LOC_WANDERERS_MOVE_BONUS_ABILITY_DESCRIPTION">
      <Text>Piyade ve Makineli Tüfekçilerin yanı sıra onlarla aynı düzende bulunan Siviller de Orman, Yağmur Ormanı ve Tepe arazilerinde daha hızlı [ICON_Movement] Hareket edebilir.</Text>
    </Row>
    <Row Tag="LOC_WANDERERS_MOVE_BONUS_ABILITY_DESCRIPTION_V2">
      <Text>Piyadeler, AT Mürettebatı ve Makineli Tüfekçiler ile onlarla aynı düzende bulunan Siviller Orman, Yağmur Ormanı ve Tepe arazilerinde daha hızlı [ICON_Movement] Hareket edebilir.</Text>
    </Row>
    <Row Tag="LOC_WANDERERS_ROAD_VISION_ABILITY_NAME">
      <Text>Yol Vizyonu</Text>
    </Row>
    <Row Tag="LOC_WANDERERS_ROAD_VISION_ABILITY_DESCRIPTION">
      <Text>Serbest bir eylem olarak, herhangi bir birim 1 tur boyunca önceden keşfedilmiş tüm altıgenleri açığa çıkarabilir. Yeniden şarj etmek 3 tur sürer.</Text>
    </Row>
    <!-- Zombies Civilization text -->
    <Row Tag="LOC_LEADER_CIVROYALE_SCENARIO_ZOMBIES_NAME">
      <Text>Zombiler
 	 	 	 Eril:the
 	 	 	 2</Text>
      <Gender>Masculine:the</Gender>
      <Plurality>2</Plurality>
    </Row>
    <Row Tag="LOC_CIVILIZATION_CIVROYALE_SCENARIO_ZOMBIES_NAME">
      <Text>Zombiler
 	 	 	 Eril:the
 	 	 	 2</Text>
      <Gender>Masculine:the</Gender>
      <Plurality>2</Plurality>
    </Row>
    <Row Tag="LOC_CIVILIZATION_CIVROYALE_SCENARIO_ZOMBIES_DESCRIPTION">
      <Text>Zombi Canavarcılar</Text>
    </Row>
    <Row Tag="LOC_CIVILIZATION_CIVROYALE_SCENARIO_ZOMBIES_ADJECTIVE">
      <Text>Zombiler</Text>
    </Row>
    <Row Tag="LOC_CIVILIZATION_CIVROYALE_SCENARIO_ZOMBIES_WEAPONIZED_ZOMBIES_ABILITY_NAME">
      <Text>Zar zor silahlandırılmış zombiler</Text>
    </Row>
    <Row Tag="LOC_CIVILIZATION_CIVROYALE_SCENARIO_ZOMBIES_WEAPONIZED_ZOMBIES_ABILITY_DESCRIPTION">
      <Text>Zombi Canavarlar, tüm savaş birimlerinin yerini zar zor kontrol edilen Zombi Orduları ile değiştirdi. Şehir Harabeleri, Akıncı Kampları ve Erzak Damlaları geleneksel birimler yerine ek Zombi Orduları sağlar. Zombi Orduları, zombi olmayan bir düşman birimini savaşarak öldürdüklerinde yeni bir Zombi Sürüsü oluşturur. Zombi Orduları hasar aldıklarında savaş cezalarına maruz kalmazlar.</Text>
    </Row>
    <Row Tag="LOC_CIVILIZATION_CIVROYALE_SCENARIO_ZOMBIES_BRAINS_ABILITY_NAME">
      <Text>Beyin!</Text>
    </Row>
    <Row Tag="LOC_CIVILIZATION_CIVROYALE_SCENARIO_ZOMBIES_BRAINS_ABILITY_DESCRIPTION">
      <Text>Zombi Orduları normal şekilde iyileşmez ve zaman içinde yavaşça hasar alır. Zombi Orduları birimleri öldürdüklerinde veya terfi aldıklarında iyileşirler.  Şehir Harabeleri, Akıncı Kampları ve Erzak Damlaları da Zombi Ordularını iyileştirir. Zombi Orduları 8 hex uzaklığa kadar en yakın görünmeyen düşman birimini hissedebilir. Zombi Orduları menzilli saldırılara karşı savunma yaparken +5 [ICON_Strength] Savaş Gücü'ne sahiptir.</Text>
    </Row>
    <!-- Hall of Fame Text -->
    <Row Tag="LOC_HOF_STAT_PLAYER_CITY_RUINS">
      <Text>Şehir Kalıntıları Keşfedildi</Text>
    </Row>
    <Row Tag="LOC_HOF_STAT_RAIDERS_KILLED">
      <Text>Öldürülen Akıncılar</Text>
    </Row>
    <Row Tag="LOC_HOF_STAT_RAIDER_CAMPS">
      <Text>Raider Kampları Temizlendi</Text>
    </Row>
    <Row Tag="LOC_HOF_GRAPH_PLAYER_RAIDER_KILLS">
      <Text>Öldürülen Akıncılar</Text>
    </Row>
    <Row Tag="LOC_HOF_GRAPH_PLAYER_RAIDER_CAMPS">
      <Text>Raider Kampları Temizlendi</Text>
    </Row>
    <Row Tag="LOC_HOF_GRAPH_PLAYER_CITY_RUINS">
      <Text>Şehir Kalıntıları Keşfedildi</Text>
    </Row>
  </EnglishText>
</GameData>