﻿<?xml version="1.0" encoding="utf-8"?>
<GameData>
  <EnglishText>
    <!-- Ramses-->
    <Row Tag="LOC_AGENDA_MAAT_NAME">
      <Text>Ma'at</Text>
    </Row>
    <Row Tag="LOC_AGENDA_MAAT_DESCRIPTION">
      <Text>Tüm özellikleri temizler ve mümkün olan tüm karoları geliştirir. Geliştirilmiş karo yüzdesi yüksek olan uygarlıkları sever. Geliştirilmiş karo yüzdesi düşük olan veya Milli Parkları bulunan uygarlıkları sevmez.</Text>
    </Row>
    <!-- Diplo VO -->
    <Row Tag="LOC_DIPLO_FIRST_MEET_LEADER_RAMSES_ANY">
      <Text>Ben Ramses'im, Amun'un sevgilisi. Her ülke önümde titrer, yüreklerinde korku.</Text>
    </Row>
    <Row Tag="LOC_DIPLO_DECLARE_WAR_FROM_HUMAN_LEADER_RAMSES_ANY">
      <Text>Oklarınızı güneşe fırlatın. Kılıçlarınızı sele karşı savurun. Aynı etkiyi yaratacaktır.</Text>
    </Row>
    <Row Tag="LOC_DIPLO_DECLARE_WAR_FROM_AI_LEADER_RAMSES_ANY">
      <Text>Ordularıma bakın, ey güçlüler ve umutsuzluğa kapılın.</Text>
    </Row>
    <Row Tag="LOC_DIPLO_KUDO_EXIT_LEADER_RAMSES_ANY">
      <Text>İsmimizin yok olmayacağını inşa ediyoruz.</Text>
    </Row>
    <Row Tag="LOC_DIPLO_WARNING_EXIT_LEADER_RAMSES_ANY">
      <Text>Kum yetiştirebileceğinizi mi sanıyorsunuz?</Text>
    </Row>
    <Row Tag="LOC_DIPLO_DEFEAT_FROM_AI_LEADER_RAMSES_ANY">
      <Text>Beni yenin, ama anıtlarım kralların kralı Ramses'in görkeminin üzerinde duracak.</Text>
    </Row>
    <!-- Diplo Text -->
    <Row Tag="LOC_DIPLO_ACCEPT_DECLARE_FRIEND_FROM_HUMAN_LEADER_RAMSES_ANY">
      <Text>Tamamdır. Horus'un kara toprakları ile sizin topraklarınız arasında bir ortaklık.</Text>
    </Row>
    <Row Tag="LOC_DIPLO_REJECT_DECLARE_FRIEND_FROM_HUMAN_LEADER_RAMSES_ANY">
      <Text>Aynı masada oturmak için mi? Eşit olarak anlaşmak için mi? Sanmıyorum.</Text>
    </Row>
    <Row Tag="LOC_DIPLO_DECLARE_FRIEND_FROM_AI_LEADER_RAMSES_ANY">
      <Text>Ebedi krallığın dostu olacak mısınız?</Text>
    </Row>
    <Row Tag="LOC_DIPLO_ACCEPT_DECLARE_FRIEND_FROM_AI_LEADER_RAMSES_ANY">
      <Text>Öyle olacak; Osiris ve İsis'in birleşmesi gibi!</Text>
    </Row>
    <Row Tag="LOC_DIPLO_REJECT_DECLARE_FRIEND_FROM_AI_LEADER_RAMSES_ANY">
      <Text>Akranımız yok.</Text>
    </Row>
    <Row Tag="LOC_DIPLO_ACCEPT_DELEGATION_FROM_HUMAN_LEADER_RAMSES_ANY">
      <Text>Heyetiniz krallığımın harikalarını gördü. Eve döndükleri için biraz üzgün olabilirler.</Text>
    </Row>
    <Row Tag="LOC_DIPLO_REJECT_DELEGATION_FROM_HUMAN_LEADER_RAMSES_ANY">
      <Text>Kobranın pulları güneşte mücevher gibi parlar. Ama biz onu kavramak istemiyoruz. Sizin hediyeleriniz de öyle.</Text>
    </Row>
    <Row Tag="LOC_DIPLO_DELEGATION_FROM_AI_LEADER_RAMSES_ANY">
      <Text>Size Mısır'ın harikalarından küçük bir kesit sunuyorum: altın ve lapis mücevherler, fildişi ve kemik. Bunlar çok pahalı ama bizde bol miktarda var.</Text>
    </Row>
    <Row Tag="LOC_DIPLO_DENOUNCE_FROM_HUMAN_LEADER_RAMSES_ANY">
      <Text>Az önce bir çakal mı havladı?</Text>
    </Row>
    <Row Tag="LOC_DIPLO_DENOUNCE_FROM_AI_LEADER_RAMSES_ANY">
      <Text>Bırakayım da herkes senin deli olduğunu anlasın. (Seni kınıyor)</Text>
    </Row>
    <Row Tag="LOC_DIPLO_FIRST_MEET_VISIT_RECIPIENT_LEADER_RAMSES_ANY">
      <Text>Sizi topraklarımızı ziyaret etmeye davet ediyorum, her ne kadar ihtişamını görmekten umutsuzluğa kapılacak ve nehri gözyaşlarınızla tuzlayacak olsanız da.</Text>
    </Row>
    <Row Tag="LOC_DIPLO_FIRST_MEET_NEAR_INITIATOR_POSITIVE_LEADER_RAMSES_ANY">
      <Text>Evet</Text>
    </Row>
    <Row Tag="LOC_DIPLO_FIRST_MEET_NO_MANS_INFO_EXCHANGE_LEADER_RAMSES_ANY">
      <Text>Sana güneşin kalbini ve nehirlerin ebedi değişimini anlatabilirim. Ve sen de bana nereli olduğunu söyleyebilirsin.</Text>
    </Row>
    <Row Tag="LOC_DIPLO_GREETING_LEADER_RAMSES_ANY">
      <Text>Benim huzurumda durmak nasıl bir duygu? Güneşe bu kadar yakın durmak?</Text>
    </Row>
    <Row Tag="LOC_DIPLO_MAKE_ALLIANCE_FROM_AI_LEADER_RAMSES_ANY">
      <Text>Kırmızı ve beyaz taç bir araya geldiklerinde daha da parlıyor.</Text>
    </Row>
    <Row Tag="LOC_DIPLO_MAKE_PEACE_AI_ACCEPT_DEAL_LEADER_RAMSES_ANY">
      <Text>Sel azalıyor.</Text>
    </Row>
    <Row Tag="LOC_DIPLO_MAKE_PEACE_AI_REFUSE_DEAL_LEADER_RAMSES_ANY">
      <Text>Savaşın dişi aslanı hala topraklarda öfkeleniyor. Onu geri çağıramam.</Text>
    </Row>
    <Row Tag="LOC_DIPLO_MAKE_PEACE_FROM_AI_LEADER_RAMSES_ANY">
      <Text>Sekhmet yeterince içti. Barışı kabul edelim mi?</Text>
    </Row>
    <Row Tag="LOC_DIPLO_ACCEPT_OPEN_BORDERS_FROM_HUMAN_LEADER_RAMSES_ANY">
      <Text>Topraklarımızda dolaşın, ama onların size ait olmadığını bilin.</Text>
    </Row>
    <Row Tag="LOC_DIPLO_REJECT_OPEN_BORDERS_FROM_HUMAN_LEADER_RAMSES_ANY">
      <Text>Mısır'ın sınırları sizin için taştan duvarlar olarak kalacak.</Text>
    </Row>
    <Row Tag="LOC_DIPLO_OPEN_BORDERS_FROM_AI_LEADER_RAMSES_ANY">
      <Text>Topraklarınızdan geçmemiz gerekiyor ve halkınızdan tek ricamız, ışıltılarından gözleri kamaşmasın diye askerlerimize bakmamaları.</Text>
    </Row>
    <Row Tag="LOC_DIPLO_WARNING_TOO_MANY_TROOPS_NEAR_ME_LEADER_RAMSES_ANY">
      <Text>Güneş parlarken gökyüzündeki diğer ışıklara tahammül edemez. Ben de yanımdaki güçlerinize tahammül edemiyorum.</Text>
    </Row>
    <Row Tag="LOC_DIPLO_REJECT_MAKE_DEAL_FROM_AI_LEADER_RAMSES_ANY">
      <Text>Bunu inkar ediyorum.</Text>
    </Row>
    <Row Tag="LOC_DIPLO_ACCEPT_MAKE_DEAL_FROM_AI_LEADER_RAMSES_ANY">
      <Text>Öyleyse yazılsın. Bırakın yapılsın.</Text>
    </Row>
    <!-- Sundiata Keita-->
    <Row Tag="LOC_AGENDA_LION_OF_MALI_NAME">
      <Text>Mali Aslanı</Text>
    </Row>
    <Row Tag="LOC_AGENDA_LION_OF_MALI_DESCRIPTION">
      <Text>En çok [ICON_Tourism] turizm yapan medeniyet olmak ister, [ICON_Tourism] turizmde yarışanları sevmez.</Text>
    </Row>
    <!-- Diplo VO -->
    <Row Tag="LOC_DIPLO_FIRST_MEET_LEADER_SUNDIATA_KEITA_ANY">
      <Text>Ben Sundiata Keita'yım, ışığım dağları aşar ve Mali'den dünyaya yayılır.</Text>
    </Row>
    <Row Tag="LOC_DIPLO_DECLARE_WAR_FROM_HUMAN_LEADER_SUNDIATA_KEITA_ANY">
      <Text>Nefes aldığım sürece Mali asla senin kölen olmayacak.</Text>
    </Row>
    <Row Tag="LOC_DIPLO_DECLARE_WAR_FROM_AI_LEADER_SUNDIATA_KEITA_ANY">
      <Text>Ağızların savaşından sonra, kılıçlar karar vermelidir.</Text>
    </Row>
    <Row Tag="LOC_DIPLO_KUDO_EXIT_LEADER_SUNDIATA_KEITA_ANY">
      <Text>Bilgelik sözcüklerde, şarkılarda ve öykülerde bulunur - Mali'nin sözcükleri, şarkıları ve öyküleri.</Text>
    </Row>
    <Row Tag="LOC_DIPLO_WARNING_EXIT_LEADER_SUNDIATA_KEITA_ANY">
      <Text>Halkınızla birlikte herkes gerçek hikayeleri bildiğini düşünür, ancak gerçek bilgelik hafızada tutulur.</Text>
    </Row>
    <Row Tag="LOC_DIPLO_DEFEAT_FROM_AI_LEADER_SUNDIATA_KEITA_ANY">
      <Text>Ne yazık ki, şehrim, evim, artık beç tavuğu ve kekliklerin toz içinde yıkandığı bir yer.</Text>
    </Row>
    <!-- Diplo Text -->
    <Row Tag="LOC_DIPLO_ACCEPT_DECLARE_FRIEND_FROM_HUMAN_LEADER_SUNDIATA_KEITA_ANY">
      <Text>Büyük bir kral kimseyi unutmaz.</Text>
    </Row>
    <Row Tag="LOC_DIPLO_REJECT_DECLARE_FRIEND_FROM_HUMAN_LEADER_SUNDIATA_KEITA_ANY">
      <Text>Büyük bir kral kimseyi unutmaz.</Text>
    </Row>
    <Row Tag="LOC_DIPLO_DECLARE_FRIEND_FROM_AI_LEADER_SUNDIATA_KEITA_ANY">
      <Text>Akrabalarınızı seçemezsiniz ama arkadaşlarımızı seçebiliriz. Ben seni seçiyorum.</Text>
    </Row>
    <Row Tag="LOC_DIPLO_ACCEPT_DECLARE_FRIEND_FROM_AI_LEADER_SUNDIATA_KEITA_ANY">
      <Text>Hikayeyi anlatacak bir arkadaşımız olmadan yaptıklarımız bir hiçtir!</Text>
    </Row>
    <Row Tag="LOC_DIPLO_REJECT_DECLARE_FRIEND_FROM_AI_LEADER_SUNDIATA_KEITA_ANY">
      <Text>Krallar alçakgönüllülüklerini unuturlar. Bu çok doğal.</Text>
    </Row>
    <Row Tag="LOC_DIPLO_ACCEPT_DELEGATION_FROM_HUMAN_LEADER_SUNDIATA_KEITA_ANY">
      <Text>Geceyi griot'un şarkılarını dinleyerek ve kahramanların zamanını hayal ederek geçirdik. Ki şimdi öyle.</Text>
    </Row>
    <Row Tag="LOC_DIPLO_REJECT_DELEGATION_FROM_HUMAN_LEADER_SUNDIATA_KEITA_ANY">
      <Text>Krallığımda yabancılara eşlik edecek vaktim yok.</Text>
    </Row>
    <Row Tag="LOC_DIPLO_DELEGATION_FROM_AI_LEADER_SUNDIATA_KEITA_ANY">
      <Text>Krallığım henüz zengin değil - belki torunlarım öyle yapabilir. Ama size tiguadege na dediğimiz fıstık ezmeli güveçte kuzu eti ve yerken oturmanız için leopar derisinden bir sandalye gönderiyoruz.</Text>
    </Row>
    <Row Tag="LOC_DIPLO_DENOUNCE_FROM_HUMAN_LEADER_SUNDIATA_KEITA_ANY">
      <Text>Gizli kalan bir yılan yaşlanacaktır. Kendini açığa çıkardın.</Text>
    </Row>
    <Row Tag="LOC_DIPLO_DENOUNCE_FROM_AI_LEADER_SUNDIATA_KEITA_ANY">
      <Text>Bana aslan derler. Sana çakal dediklerini duydum. (Seni kınıyor)</Text>
    </Row>
    <Row Tag="LOC_DIPLO_FIRST_MEET_VISIT_RECIPIENT_LEADER_SUNDIATA_KEITA_ANY">
      <Text>Burada, griotların şarkılarını doğrudan onların ağzından duyabilirsiniz!</Text>
    </Row>
    <Row Tag="LOC_DIPLO_FIRST_MEET_NEAR_INITIATOR_POSITIVE_LEADER_SUNDIATA_KEITA_ANY">
      <Text>Anlaştık!</Text>
    </Row>
    <Row Tag="LOC_DIPLO_FIRST_MEET_NO_MANS_INFO_EXCHANGE_LEADER_SUNDIATA_KEITA_ANY">
      <Text>Ovalarda yankılanan şarkıları duydunuz, değil mi? Kaynağını söyleyelim mi?</Text>
    </Row>
    <Row Tag="LOC_DIPLO_GREETING_LEADER_SUNDIATA_KEITA_ANY">
      <Text>Hoş geldiniz, hoş geldiniz!</Text>
    </Row>
    <Row Tag="LOC_DIPLO_MAKE_ALLIANCE_FROM_AI_LEADER_SUNDIATA_KEITA_ANY">
      <Text>Bu bağı toplanan savaşçılara duyuracağız.</Text>
    </Row>
    <Row Tag="LOC_DIPLO_MAKE_PEACE_AI_ACCEPT_DEAL_LEADER_SUNDIATA_KEITA_ANY">
      <Text>Bırakın avcılar savanaya dönsün. Orada daha mutlu olurlar.</Text>
    </Row>
    <Row Tag="LOC_DIPLO_MAKE_PEACE_AI_REFUSE_DEAL_LEADER_SUNDIATA_KEITA_ANY">
      <Text>Yaralı bir yılan hala saldırabilir. Biri onu yok etmeli.</Text>
    </Row>
    <Row Tag="LOC_DIPLO_MAKE_PEACE_FROM_AI_LEADER_SUNDIATA_KEITA_ANY">
      <Text>Şafak söküyor ve aslan uyuyor.</Text>
    </Row>
    <Row Tag="LOC_DIPLO_ACCEPT_OPEN_BORDERS_FROM_HUMAN_LEADER_SUNDIATA_KEITA_ANY">
      <Text>Ben çocukken bu topraklarda dolaştım, sen de şimdi dolaşabilirsin.</Text>
    </Row>
    <Row Tag="LOC_DIPLO_REJECT_OPEN_BORDERS_FROM_HUMAN_LEADER_SUNDIATA_KEITA_ANY">
      <Text>Ne yazık ki hayır. Aslanlar var.</Text>
    </Row>
    <Row Tag="LOC_DIPLO_OPEN_BORDERS_FROM_AI_LEADER_SUNDIATA_KEITA_ANY">
      <Text>Çok uzaklara gidiyoruz. Yolculuğumuzu kolaylaştıracak mısın?</Text>
    </Row>
    <Row Tag="LOC_DIPLO_WARNING_TOO_MANY_TROOPS_NEAR_ME_LEADER_SUNDIATA_KEITA_ANY">
      <Text>Savaşçılarınız avlanma alanlarından uzaklaşıyor.</Text>
    </Row>
    <Row Tag="LOC_DIPLO_REJECT_MAKE_DEAL_FROM_AI_LEADER_SUNDIATA_KEITA_ANY">
      <Text>Bunu yapamayız.</Text>
    </Row>
    <Row Tag="LOC_DIPLO_ACCEPT_MAKE_DEAL_FROM_AI_LEADER_SUNDIATA_KEITA_ANY">
      <Text>Aynı fikirde olduğum için mutluyum.</Text>
    </Row>
    <!-- Cleopatra Alt-->
    <Row Tag="LOC_DIPLO_MODIFIER_DESCRIPTION_HIGH_FOOD">
      <Text>Bir başka iyi beslenmiş uygarlık görmekten memnunlar</Text>
    </Row>
    <Row Tag="LOC_DIPLO_MODIFIER_DESCRIPTION_LOW_FOOD">
      <Text>Düşük gıdalı uygarlıklardan hoşlanmazlar.</Text>
    </Row>
    <Row Tag="LOC_AGENDA_PREFER_FOOD_NAME">
      <Text>Basilike Ge</Text>
    </Row>
    <Row Tag="LOC_AGENDA_PREFER_FOOD_DESCRIPTION">
      <Text>[ICON_Food] Gıda oluşturmaya çalışır ve [ICON_Food] Gıdaya odaklanan medeniyetleri sever.</Text>
    </Row>
    <Row Tag="LOC_DIPLO_ACCEPT_DECLARE_FRIEND_FROM_HUMAN_LEADER_CLEOPATRA_ALT_ANY">
      <Text>{LOC_DIPLO_ACCEPT_DECLARE_FRIEND_FROM_HUMAN_LEADER_CLEOPATRA_ANY}</Text>
    </Row>
    <Row Tag="LOC_DIPLO_REJECT_DECLARE_FRIEND_FROM_HUMAN_LEADER_CLEOPATRA_ALT_ANY">
      <Text>{LOC_DIPLO_REJECT_DECLARE_FRIEND_FROM_HUMAN_LEADER_CLEOPATRA_ANY}</Text>
    </Row>
    <Row Tag="LOC_DIPLO_DECLARE_FRIEND_FROM_AI_LEADER_CLEOPATRA_ALT_ANY">
      <Text>{LOC_DIPLO_DECLARE_FRIEND_FROM_AI_LEADER_CLEOPATRA_ANY}</Text>
    </Row>
    <Row Tag="LOC_DIPLO_ACCEPT_DECLARE_FRIEND_FROM_AI_LEADER_CLEOPATRA_ALT_ANY">
      <Text>{LOC_DIPLO_ACCEPT_DECLARE_FRIEND_FROM_AI_LEADER_CLEOPATRA_ANY}</Text>
    </Row>
    <Row Tag="LOC_DIPLO_REJECT_DECLARE_FRIEND_FROM_AI_LEADER_CLEOPATRA_ALT_ANY">
      <Text>{LOC_DIPLO_REJECT_DECLARE_FRIEND_FROM_AI_LEADER_CLEOPATRA_ANY}</Text>
    </Row>
    <Row Tag="LOC_DIPLO_DECLARE_WAR_FROM_HUMAN_LEADER_CLEOPATRA_ALT_ANY">
      <Text>{LOC_DIPLO_DECLARE_WAR_FROM_HUMAN_LEADER_CLEOPATRA_ANY}</Text>
    </Row>
    <Row Tag="LOC_DIPLO_DECLARE_WAR_FROM_AI_LEADER_CLEOPATRA_ALT_ANY">
      <Text>{LOC_DIPLO_DECLARE_WAR_FROM_AI_LEADER_CLEOPATRA_ANY}</Text>
    </Row>
    <Row Tag="LOC_DIPLO_DEFEAT_FROM_AI_LEADER_CLEOPATRA_ALT_ANY">
      <Text>{LOC_DIPLO_DEFEAT_FROM_AI_LEADER_CLEOPATRA_ANY}</Text>
    </Row>
    <Row Tag="LOC_DIPLO_DEFEAT_FROM_HUMAN_LEADER_CLEOPATRA_ALT_ANY">
      <Text>{LOC_DIPLO_DEFEAT_FROM_HUMAN_LEADER_CLEOPATRA_ANY}</Text>
    </Row>
    <Row Tag="LOC_DIPLO_ACCEPT_DELEGATION_FROM_HUMAN_LEADER_CLEOPATRA_ALT_ANY">
      <Text>{LOC_DIPLO_ACCEPT_DELEGATION_FROM_HUMAN_LEADER_CLEOPATRA_ANY}</Text>
    </Row>
    <Row Tag="LOC_DIPLO_REJECT_DELEGATION_FROM_HUMAN_LEADER_CLEOPATRA_ALT_ANY">
      <Text>{LOC_DIPLO_REJECT_DELEGATION_FROM_HUMAN_LEADER_CLEOPATRA_ANY}</Text>
    </Row>
    <Row Tag="LOC_DIPLO_DELEGATION_FROM_AI_LEADER_CLEOPATRA_ALT_ANY">
      <Text>{LOC_DIPLO_DELEGATION_FROM_AI_LEADER_CLEOPATRA_ANY}</Text>
    </Row>
    <Row Tag="LOC_DIPLO_DENOUNCE_FROM_HUMAN_LEADER_CLEOPATRA_ALT_ANY">
      <Text>{LOC_DIPLO_DENOUNCE_FROM_HUMAN_LEADER_CLEOPATRA_ANY}</Text>
    </Row>
    <Row Tag="LOC_DIPLO_DENOUNCE_FROM_AI_LEADER_CLEOPATRA_ALT_ANY">
      <Text>{LOC_DIPLO_DENOUNCE_FROM_AI_LEADER_CLEOPATRA_ANY}</Text>
    </Row>
    <Row Tag="LOC_DIPLO_FIRST_MEET_LEADER_CLEOPATRA_ALT_ANY">
      <Text>{LOC_DIPLO_FIRST_MEET_LEADER_CLEOPATRA_ANY}</Text>
    </Row>
    <Row Tag="LOC_DIPLO_FIRST_MEET_VISIT_RECIPIENT_LEADER_CLEOPATRA_ALT_ANY">
      <Text>{LOC_DIPLO_FIRST_MEET_VISIT_RECIPIENT_LEADER_CLEOPATRA_ANY}</Text>
    </Row>
    <Row Tag="LOC_DIPLO_FIRST_MEET_NEAR_INITIATOR_POSITIVE_LEADER_CLEOPATRA_ALT_ANY">
      <Text>{LOC_DIPLO_FIRST_MEET_NEAR_INITIATOR_POSITIVE_LEADER_CLEOPATRA_ANY}</Text>
    </Row>
    <Row Tag="LOC_DIPLO_FIRST_MEET_NO_MANS_INFO_EXCHANGE_LEADER_CLEOPATRA_ALT_ANY">
      <Text>{LOC_DIPLO_FIRST_MEET_NO_MANS_INFO_EXCHANGE_LEADER_CLEOPATRA_ANY}</Text>
    </Row>
    <Row Tag="LOC_DIPLO_GREETING_LEADER_CLEOPATRA_ALT_ANY">
      <Text>{LOC_DIPLO_GREETING_LEADER_CLEOPATRA_ANY}</Text>
    </Row>
    <Row Tag="LOC_DIPLO_KUDO_EXIT_LEADER_CLEOPATRA_ALT_ANY">
      <Text>Tüm büyük ilahi arzularımız bir parça ekmekle başlar, öyle değil mi?</Text>
    </Row>
    <Row Tag="LOC_DIPLO_KUDO_LEADER_CLEOPATRA_ALT_REASON_ANY">
      <Text>(Gıda üretiminde güçlüsünüz)</Text>
    </Row>
    <Row Tag="LOC_DIPLO_WARNING_EXIT_LEADER_CLEOPATRA_ALT_ANY">
      <Text>Halkınızın kül ve dallardan lapa yaptığını duydum. Söyle bana, bu doğru mu?</Text>
    </Row>
    <Row Tag="LOC_DIPLO_WARNING_LEADER_CLEOPATRA_ALT_REASON_ANY">
      <Text>(Gıda üretiminiz eksik)</Text>
    </Row>
    <Row Tag="LOC_DIPLO_MAKE_ALLIANCE_FROM_AI_LEADER_CLEOPATRA_ALT_ANY">
      <Text>{LOC_DIPLO_MAKE_ALLIANCE_FROM_AI_LEADER_CLEOPATRA_ANY}</Text>
    </Row>
    <Row Tag="LOC_DIPLO_MAKE_PEACE_AI_ACCEPT_DEAL_LEADER_CLEOPATRA_ALT_ANY">
      <Text>{LOC_DIPLO_MAKE_PEACE_AI_ACCEPT_DEAL_LEADER_CLEOPATRA_ANY}</Text>
    </Row>
    <Row Tag="LOC_DIPLO_MAKE_PEACE_AI_REFUSE_DEAL_LEADER_CLEOPATRA_ALT_ANY">
      <Text>{LOC_DIPLO_MAKE_PEACE_AI_REFUSE_DEAL_LEADER_CLEOPATRA_ANY}</Text>
    </Row>
    <Row Tag="LOC_DIPLO_MAKE_PEACE_FROM_AI_LEADER_CLEOPATRA_ALT_ANY">
      <Text>{LOC_DIPLO_MAKE_PEACE_FROM_AI_LEADER_CLEOPATRA_ANY}</Text>
    </Row>
    <Row Tag="LOC_DIPLO_ACCEPT_OPEN_BORDERS_FROM_HUMAN_LEADER_CLEOPATRA_ALT_ANY">
      <Text>{LOC_DIPLO_ACCEPT_OPEN_BORDERS_FROM_HUMAN_LEADER_CLEOPATRA_ANY}</Text>
    </Row>
    <Row Tag="LOC_DIPLO_REJECT_OPEN_BORDERS_FROM_HUMAN_LEADER_CLEOPATRA_ALT_ANY">
      <Text>{LOC_DIPLO_REJECT_OPEN_BORDERS_FROM_HUMAN_LEADER_CLEOPATRA_ANY}</Text>
    </Row>
    <Row Tag="LOC_DIPLO_OPEN_BORDERS_FROM_AI_LEADER_CLEOPATRA_ALT_ANY">
      <Text>{LOC_DIPLO_OPEN_BORDERS_FROM_AI_LEADER_CLEOPATRA_ANY}</Text>
    </Row>
    <Row Tag="LOC_DIPLO_WARNING_TOO_MANY_TROOPS_NEAR_ME_LEADER_CLEOPATRA_ALT_ANY">
      <Text>{LOC_DIPLO_WARNING_TOO_MANY_TROOPS_NEAR_ME_LEADER_CLEOPATRA_ANY}</Text>
    </Row>
    <Row Tag="LOC_DIPLO_ACCEPT_MAKE_DEAL_FROM_AI_LEADER_CLEOPATRA_ALT_ANY">
      <Text>{LOC_DIPLO_ACCEPT_DECLARE_FRIEND_FROM_AI_LEADER_CLEOPATRA_ANY}</Text>
    </Row>
    <Row Tag="LOC_DIPLO_REJECT_MAKE_DEAL_FROM_AI_LEADER_CLEOPATRA_ALT_ANY">
      <Text>{LOC_DIPLO_REJECT_DECLARE_FRIEND_FROM_AI_LEADER_CLEOPATRA_ANY}</Text>
    </Row>
    <Row Tag="LOC_DIPLO_KUDO_LEADER_ANY_REASON_AGENDA_HIGH_FOOD">
      <Text>İnsanlarınızı bu kadar iyi beslemenizden çok etkilendim.</Text>
    </Row>
    <Row Tag="LOC_DIPLO_WARNING_LEADER_ANY_REASON_AGENDA_LOW_FOOD">
      <Text>Nüfusunuzun artmasını önlemek için pek bir şey yapmıyorsunuz. İnsanlarınız ne yiyor?</Text>
    </Row>
  </EnglishText>
</GameData>