﻿<?xml version="1.0" encoding="utf-8"?>
<!-- edited with XMLSPY v2004 rel. 2 U (http://www.xmlspy.com) by matthew beach (Firaxis Games) -->
<GameData>
  <BaseGameText>
    <!-- Map Name -->
    <Row Tag="LOC_VIKING_SCENARIO_MAP_NAME">
      <Text>Midgard</Text>
    </Row>
    <Row Tag="LOC_VIKING_SCENARIO_MAP_DESCRIPTION">
      <Text>Vikinglerin ülkesi.</Text>
    </Row>
    <!--Game Speed-->
    <Row Tag="LOC_VIKING_SCENARIO_GAMESPEED_VALHALLA_NAME">
      <Text>Valhalla</Text>
    </Row>
    <Row Tag="LOC_VIKING_SCENARIO_GAMESPEED_VALHALLA_HELP">
      <Text>Sonsuz savaşın hızı.</Text>
    </Row>
    <!-- Eras -->
    <Row Tag="LOC_VIKING_SCENARIO_ERA_EARLY_NAME">
      <Text>Lindisfarne</Text>
    </Row>
    <Row Tag="LOC_VIKING_SCENARIO_ERA_EARLY_DESCRIPTION">
      <Text>Lindisfarne Dönemi Vikinglerin başlangıcı.</Text>
    </Row>
    <Row Tag="LOC_VIKING_SCENARIO_ERA_MIDDLE_NAME">
      <Text>Rus</Text>
    </Row>
    <Row Tag="LOC_VIKING_SCENARIO_ERA_MIDDLE_DESCRIPTION">
      <Text>Rus Dönemi Vikinglerin zirvesi.</Text>
    </Row>
    <Row Tag="LOC_VIKING_SCENARIO_ERA_LATE_NAME">
      <Text>Hastings</Text>
    </Row>
    <Row Tag="LOC_VIKING_SCENARIO_ERA_LATE_DESCRIPTION">
      <Text>Hastings Dönemi, Vikinglerin alacakaranlığı.</Text>
    </Row>
    <!-- Empire Names-->
    <Row Tag="LOC_CIVILIZATION_SCENARIO_DENMARK_DESCRIPTION">
      <Text>Danimarka İmparatorluğu</Text>
    </Row>
    <Row Tag="LOC_CIVILIZATION_SCENARIO_SWEDEN_DESCRIPTION">
      <Text>İsveç İmparatorluğu</Text>
    </Row>
    <Row Tag="LOC_CIVILIZATION_SCENARIO_AL_ANDALUS_DESCRIPTION">
      <Text>Endülüs Halifeliği</Text>
    </Row>
    <Row Tag="LOC_CIVILIZATION_SCENARIO_BYZANTIUM_DESCRIPTION">
      <Text>Bizans İmparatorluğu</Text>
    </Row>
    <Row Tag="LOC_CIVILIZATION_SCENARIO_FRANCIA_DESCRIPTION">
      <Text>Frank İmparatorluğu</Text>
    </Row>
    <!--Leader Names-->
    <Row Tag="LOC_LEADER_SCENARIO_AL_HAKAM_II_NAME">
      <Text>Al-Hakam II</Text>
    </Row>
    <Row Tag="LOC_LEADER_SCENARIO_BASIL_II_NAME">
      <Text>Basil II</Text>
    </Row>
    <Row Tag="LOC_LEADER_SCENARIO_CHARLEMAGNE_NAME">
      <Text>Charlemagne</Text>
    </Row>
    <Row Tag="LOC_LEADER_SCENARIO_CNUT_NAME">
      <Text>Canute</Text>
    </Row>
    <Row Tag="LOC_LEADER_SCENARIO_OLOF_NAME">
      <Text>Olof Skötkonung</Text>
    </Row>
    <!-- Civilizations-->
    <Row Tag="LOC_CIVILIZATION_SCENARIO_DENMARK_NAME">
      <Text>Danimarka</Text>
    </Row>
    <Row Tag="LOC_CIVILIZATION_SCENARIO_SWEDEN_NAME">
      <Text>İsveç</Text>
    </Row>
    <Row Tag="LOC_CIVILIZATION_SCENARIO_AL_ANDALUS_NAME">
      <Text>Endülüs</Text>
    </Row>
    <Row Tag="LOC_CIVILIZATION_SCENARIO_BYZANTIUM_NAME">
      <Text>Bizans</Text>
    </Row>
    <Row Tag="LOC_CIVILIZATION_SCENARIO_FRANCIA_NAME">
      <Text>Francia</Text>
    </Row>
    <!--Traits-->
    <Row Tag="LOC_TRAIT_SCENARIO_VIKING_NAME">
      <Text>Viking</Text>
    </Row>
    <Row Tag="LOC_TRAIT_SCENARIO_VIKING_DESCRIPTION">
      <Text>Birimler, gemiye binme ve gemiden inme nedeniyle oluşan ek hareket maliyetlerini göz ardı eder.</Text>
    </Row>
    <Row Tag="LOC_TRAIT_SCENARIO_FRANKISH_NAME">
      <Text>Frenkçe</Text>
    </Row>
    <Row Tag="LOC_TRAIT_SCENARIO_FRANKISH_DESCRIPTION">
      <Text>Michel Dağı harikası Rouen'de yer almaktadır.</Text>
    </Row>
    <Row Tag="LOC_TRAIT_SCENARIO_MOORISH_NAME">
      <Text>Mağribi</Text>
    </Row>
    <Row Tag="LOC_TRAIT_SCENARIO_MOORISH_DESCRIPTION">
      <Text>Alhambra harikası Išbiliya'da yer almaktadır.</Text>
    </Row>
    <Row Tag="LOC_TRAIT_SCENARIO_BYZANTINE_NAME">
      <Text>Bizans</Text>
    </Row>
    <Row Tag="LOC_TRAIT_SCENARIO_BYZANTINE_DESCRIPTION">
      <Text>Ayasofya Harikası Konstantinopolis'te yer almaktadır.</Text>
    </Row>
    <Row Tag="LOC_TRAIT_LEADER_EXTRA_MILITARY_SLOT_NAME">
      <Text>Kuzey Denizi İmparatorluğu</Text>
    </Row>
    <Row Tag="LOC_TRAIT_LEADER_EXTRA_MILITARY_SLOT_DESCRIPTION">
      <Text>Fazladan bir askeri politika yuvasına sahiptir. Yerleşimci, Viking Uzun Gemisi, Misyonerler ve Liman inşa edebilir.</Text>
    </Row>
    <Row Tag="LOC_TRAIT_LEADER_FASTER_SHIPS_DESCRIPTION">
      <Text>Donanma birimlerinin +2 hareketi vardır. Yerleşimci, Viking Uzun Gemisi, Misyonerler ve Liman Bölgesi inşa edebilir.</Text>
    </Row>
    <Row Tag="LOC_TRAIT_LEADER_EXTRA_ECONOMIC_SLOT_NAME">
      <Text>Hazine Kralı</Text>
    </Row>
    <Row Tag="LOC_TRAIT_LEADER_EXTRA_ECONOMIC_SLOT_DESCRIPTION">
      <Text>Fazladan bir ekonomik politika yuvasına sahiptir. Yerleşimci, Viking Uzun Gemisi, Misyonerler ve Liman Bölgesi inşa edebilir.</Text>
    </Row>
    <Row Tag="LOC_TRAIT_LEADER_PIOUS_NAME">
      <Text>Pious</Text>
    </Row>
    <Row Tag="LOC_TRAIT_LEADER_PIOUS_DESCRIPTION">
      <Text>Teokrasi ve Şövalyeler inşa etme yeteneği ile başlar.</Text>
    </Row>
    <!-- Scenario Name and Description-->
    <Row Tag="LOC_VIKING_SCENARIO_NAME">
      <Text>Vikingler, Tüccarlar ve Akıncılar!</Text>
    </Row>
    <Row Tag="LOC_VIKING_SCENARIO_TOOLTIP">
      <Text>Bir viking kralı olarak en büyük serveti toplayabilir misin? 60 Tur sürer.</Text>
    </Row>
    <Row Tag="LOC_VIKING_SCENARIO_DESCRIPTION">
      <Text>Bu 60 turluk senaryoda en güçlü Viking lordu olarak Avrupa'yı egemenliğiniz altına alın. Danimarka, Norveç veya İsveç'ten üç benzersiz Viking hükümdarından biri olarak oynayın ve Avrupa'da yağma ve baskın yapın. İngiltere'ye bir deniz istilası başlatın, Paris'i fethedin veya Cebelitarık'ın etrafından dolaşıp Akdeniz'e akın edin.[NEWLINE][NEWLINE]Evinize döndüğünüzde, mümkün olan en kârlı şehirlerle ticaret yolları biriktirirken bir ticaret imparatorluğu kurun. Ve eğer kendinizi bir dini takip ederken bulursanız, iyi sözü yayın ve halkınız için [ICON_Faith] İnanç oluşturun.</Text>
    </Row>
    <Row Tag="LOC_LOADING_INFO_VIKING_SCENARIO">
      <Text>Bir Viking lordunun değeri nedir? Bilinen dünyanın okyanusları boyunca sizi takip edecek denizci savaşçılar emrinizdedir. Uzun gemileriniz, servetlerini kıyıdan uzak tutmak isteyenlerin kalplerine gölge düşürür. Ama kendi iyiliği için yağma basit bir haydutluktur. Siz, lordum, ne basit ne de haydutsunuz. Onlara savurdukları servetin acı gerçeğini öğretin - eğer onu koruyamıyorlarsa, o zaman asla onların olmamıştır.</Text>
    </Row>
    <!--Units Name-->
    <Row Tag="LOC_UNIT_SCENARIO_FRANKISH_CABALLARII_NAME">
      <Text>Caballarii</Text>
    </Row>
    <Row Tag="LOC_UNIT_SCENARIO_MOORISH_FARFANES_NAME">
      <Text>Farfanes</Text>
    </Row>
    <!--Units Description-->
    <Row Tag="LOC_UNIT_SCENARIO_NORWEGIAN_BERSERKER_DESCRIPTION">
      <Text>Viking'e özgü birim. 4 [ICON_Movement] Bu birim düşman bölgesinde başlarsa hareket. Saldırırken +10 [ICON_Strength] Savaş Gücü ve savunurken -5 [ICON_Strength] Savaş Gücü. Öldürmelerden Büyük General puanı kazanır.</Text>
    </Row>
    <Row Tag="LOC_UNIT_SCENARIO_NORWEGIAN_LONGSHIP_DESCRIPTION">
      <Text>Kadırganın yerini alan Viking'e özgü deniz birimi. Düşman kıyı topraklarını yağmalayabilir ve bitişikse sivilleri ele geçirebilir. Tarafsız bölgede iyileşebilir. Öldürmelerden Büyük Amiral puanı kazanır.</Text>
    </Row>
    <Row Tag="LOC_UNIT_SCENARIO_FRANKISH_CABALLARII_DESCRIPTION">
      <Text>Şövalyenin yerini alan Francia'ya özgü birim. Hasar gördüğünde savaş cezalarına maruz kalmaz.</Text>
    </Row>
    <Row Tag="LOC_UNIT_SCENARIO_MOORISH_FARFANES_DESCRIPTION">
      <Text>Al-Andulus'a özgü bir birimdir. Kendi topraklarına bitişik veya bu topraklarda daha iyi savaşan hafif süvari birimi. Hareket puanı kalırsa saldırdıktan sonra hareket edebilir.</Text>
    </Row>
    <Row Tag="LOC_UNIT_SCENARIO_SETTLER_DESCRIPTION">
      <Text>Yeni şehirler oluşturabilir. Yerleşimciler bu senaryoda sadece Sivilleri tamamlayarak elde edilir.  Asla inşa edilemezler.</Text>
    </Row>
    <Row Tag="LOC_UNIT_SCENARIO_QUADRIREME_DESCRIPTION">
      <Text>Bizans'ın eşsiz birimi. İlk deniz menzilli birimi.</Text>
    </Row>
    <!--District Description-->
    <Row Tag="LOC_DISTRICT_SCENARIO_HARBOR_DESCRIPTION">
      <Text>Şehrinizdeki denizcilik faaliyetleri için Vikinglere özgü bir bölge. Ayrıca bu kareye biniş ve iniş için [ICON_Movement] Hareket cezasını da kaldırır. Karaya bitişik Sahil veya Göl Arazisi üzerine inşa edilmelidir. [NEWLINE][NEWLINE]+1 [ICON_TradeRoute] Ticaret Yolu kapasitesi, eğer bu şehirde henüz bir Ticaret Merkezi bölgesi yoksa. [NEWLINE][NEWLINE]Bitişiklik: Standart [ICON_Gold] Her bitişik kıyı kaynağı için altın bonusu. Minör [ICON_Gold] Bitişik bölge karoları için altın bonusu.</Text>
    </Row>
    <!--Improvements Name-->
    <Row Tag="LOC_IMPROVEMENT_SCENARIO_ALCAZAR_NAME">
      <Text>Alcázar</Text>
    </Row>
    <Row Tag="LOC_IMPROVEMENT_SCENARIO_MONASTERY_NAME">
      <Text>Manastır</Text>
    </Row>
    <!--Improvements Description-->
    <Row Tag="LOC_IMPROVEMENT_SCENARIO_ALCAZAR_DESCRIPTION">
      <Text>Tahkimat, [ICON_Faith] İnanç ve [ICON_Gold] Altın sağlayan Al-Andulus İyileştirmesi.</Text>
    </Row>
    <Row Tag="LOC_IMPROVEMENT_SCENARIO_MONASTERY_DESCRIPTION">
      <Text>Frank, Bizans ve Şehir Devleti, İnanç sağlayan iyileştirme [ICON_Faith].</Text>
    </Row>
  </BaseGameText>
</GameData>