﻿<?xml version="1.0" encoding="utf-8"?>
<!-- edited with XMLSPY v2004 rel. 2 U (http://www.xmlspy.com) by Ed Beach (Firaxis Games) -->
<GameData>
  <EnglishText>
    <Row Tag="LOC_DIPLOACTION_THIRD_PARTY_WAR_NAME">
      <Text>Devam Eden Savasa Katilin</Text>
    </Row>
    <Row Tag="LOC_DIPLOACTION_THIRD_PARTY_WAR_DESCRIPTION">
      <Text>Baska bir oyuncunun hedef uygarliga karsi savasina katilin.</Text>
    </Row>
    <Row Tag="LOC_DIPLOACTION_DECLARE_GOLDEN_AGE_WAR_NAME">
      <Text>Altin Cag Savasi Ilan Et</Text>
    </Row>
    <Row Tag="LOC_DIPLOACTION_DECLARE_WAR_OF_RETRIBUTION_NAME">
      <Text>Intikam Savasi Ilan Et</Text>
    </Row>
    <Row Tag="LOC_DIPLOACTION_DECLARE_IDEOLOGICAL_WAR_NAME">
      <Text>Ideolojik Savas Ilan Etmek</Text>
    </Row>
    <Row Tag="LOC_DIPLOACTION_ALLIANCE_DESCRIPTION">
      <Text>Ilan Edilmis Bir Dost ile Ittifak Kurun. Müttefikler savasa giremez, otomatik olarak Açik Sinirlara sahip olur ve müttefiklerinden biri bir sehir kaybederse her biri saldirgan bir uygarliga karsi Casus Belli alir.</Text>
    </Row>
  </EnglishText>
</GameData>