﻿<?xml version="1.0" encoding="utf-8"?>
<!-- edited with XMLSPY v2004 rel. 2 U (http://www.xmlspy.com) by Ed Beach (Firaxis Games) -->
<GameData>
  <BaseGameText>
    <!-- Human Declares War -->
    <Row Tag="LOC_DIPLO_DECLARE_WAR_FROM_HUMAN_LEADER_DIDO_ANY">
      <Text>Savas mi? Aptal misin sen? Sehirleriniz Epirus ve Saguntum'un akibetine ugrayacak.</Text>
    </Row>
    <Row Tag="LOC_DIPLO_DECLARE_WAR_FROM_HUMAN_LEADER_ELEANOR_ENGLAND_ANY">
      <Text>Simdi birbirimizle savasmak zorunda oldugumuz için üzgünüm ama sadece biraz üzgünüm.</Text>
    </Row>
    <Row Tag="LOC_DIPLO_DECLARE_WAR_FROM_HUMAN_LEADER_ELEANOR_FRANCE_ANY">
      <Text>Simdi birbirimizle savasmak zorunda oldugumuz için üzgünüm ama sadece biraz üzgünüm.</Text>
    </Row>
    <Row Tag="LOC_DIPLO_DECLARE_WAR_FROM_HUMAN_LEADER_KRISTINA_ANY">
      <Text>Isveç dünyayi tehdit edenleri cezalandiracak. Kendinizi savasa hazirlayin.</Text>
    </Row>
    <Row Tag="LOC_DIPLO_DECLARE_WAR_FROM_HUMAN_LEADER_KUPE_ANY">
      <Text>Suradaki savas ilan eden büyük sivil lidere bakin! Harika is, dostum. Gerçekten ne kadar sert oldugunu gösteriyor.</Text>
    </Row>
    <Row Tag="LOC_DIPLO_DECLARE_WAR_FROM_HUMAN_LEADER_LAURIER_ANY">
      <Text>Sizinle barisçil bir çözüme ulasamayacagimiz için Kanada isteksizce de olsa savasa yönelmek zorunda.</Text>
    </Row>
    <Row Tag="LOC_DIPLO_DECLARE_WAR_FROM_HUMAN_LEADER_MANSA_MUSA_ANY">
      <Text>Yeter artik! Hosgörüm burada sona eriyor! Sahte bir baris yerine aramizda savas olmali.</Text>
    </Row>
    <Row Tag="LOC_DIPLO_DECLARE_WAR_FROM_HUMAN_LEADER_MATTHIAS_CORVINUS_ANY">
      <Text>Bir gün aramizda savas çikacagini biliyor olmaliydin.</Text>
    </Row>
    <Row Tag="LOC_DIPLO_DECLARE_WAR_FROM_HUMAN_LEADER_PACHACUTI_ANY">
      <Text>Simdi savas zamani. Puma yürekli savasçilarimizin sesini duyun.</Text>
    </Row>
    <Row Tag="LOC_DIPLO_DECLARE_WAR_FROM_HUMAN_LEADER_SULEIMAN_ANY">
      <Text>Güzel. Dünya, ordularimin tartisilmaz gücüne ve Imparatorlugun ihtisamina tanik olacak.</Text>
    </Row>
    <!-- AI Declares War -->
    <Row Tag="LOC_DIPLO_DECLARE_WAR_FROM_AI_LEADER_DIDO_ANY">
      <Text>Artik aramizda savas var. Denizlere bak, ufuk simdiden filolarimin yelkenleriyle doldu.</Text>
    </Row>
    <Row Tag="LOC_DIPLO_DECLARE_WAR_FROM_AI_LEADER_ELEANOR_ENGLAND_ANY">
      <Text>Zayif bir hükümdar tarafindan yönetilen zayif topraklar görüyorum. Ordularimin seni devirmek için toplandigini görüyorsun.</Text>
    </Row>
    <Row Tag="LOC_DIPLO_DECLARE_WAR_FROM_AI_LEADER_ELEANOR_FRANCE_ANY">
      <Text>Zayif bir hükümdar tarafindan yönetilen zayif topraklar görüyorum. Ordularimin seni devirmek için toplandigini görüyorsun.</Text>
    </Row>
    <Row Tag="LOC_DIPLO_DECLARE_WAR_FROM_AI_LEADER_KRISTINA_ANY">
      <Text>Isveç dünyanin kötülüklerini geri püskürtmek için üzerine düseni yapacaktir. Sanat bunu yapmanin bir yoludur, sizinle birlikte savasmak ise baska bir yol.</Text>
    </Row>
    <Row Tag="LOC_DIPLO_DECLARE_WAR_FROM_AI_LEADER_KUPE_ANY">
      <Text>Ölümü seçtiniz! Halkiniz feryat ediyor ve inliyor! Evlerinizin sütunlari sallaniyor, tüm topraklariniz sarsiliyor!</Text>
    </Row>
    <Row Tag="LOC_DIPLO_DECLARE_WAR_FROM_AI_LEADER_LAURIER_ANY">
      <Text>Kanada ile olan iliskinizi tanimlayan amansiz bir kötücüllük oldugu için savastan baska çaremiz yok.</Text>
    </Row>
    <Row Tag="LOC_DIPLO_DECLARE_WAR_FROM_AI_LEADER_MANSA_MUSA_ANY">
      <Text>Günahlarin okyanuslar kadar derin. Tanrim, bunu cezalandirmam için bana izin ver!</Text>
    </Row>
    <Row Tag="LOC_DIPLO_DECLARE_WAR_FROM_AI_LEADER_MATTHIAS_CORVINUS_ANY">
      <Text>Küstahliginiz bu savasa neden oldu ve Kara Ordu'yu size karsi zafere tasimaktan mutluluk duyacagim.</Text>
    </Row>
    <Row Tag="LOC_DIPLO_DECLARE_WAR_FROM_AI_LEADER_PACHACUTI_ANY">
      <Text>Aramizda savas çiksin! Topraklarinizi elinizden alacagim ve tebaanizi güçle yönetecegim.</Text>
    </Row>
    <Row Tag="LOC_DIPLO_DECLARE_WAR_FROM_AI_LEADER_SULEIMAN_ANY">
      <Text>Devam eden küstahliginiz ve benim üstünlügümü tanimamaniz bizi savasa götürüyor.</Text>
    </Row>
  </BaseGameText>
</GameData>