﻿<?xml version="1.0" encoding="utf-8"?>
<!-- edited with XMLSPY v2004 rel. 2 U (http://www.xmlspy.com) by Ed Beach (Firaxis Games) -->
<GameData>
  <BaseGameText>
    <!-- Dido Diplo Text -->
    <Row Tag="LOC_DIPLO_ACCEPT_DECLARE_FRIEND_FROM_HUMAN_LEADER_DIDO_ANY">
      <Text>Bizimki gibi iki büyük halk böyle bir anlasmayi paylastiginda, onlara dost demek dogru olur.</Text>
    </Row>
    <Row Tag="LOC_DIPLO_REJECT_DECLARE_FRIEND_FROM_HUMAN_LEADER_DIDO_ANY">
      <Text>Kendinizi övüyorsunuz. Fenike ulusunuzun varligini taniyor ama biz karsilikli bir dostlugu tanimiyoruz.</Text>
    </Row>
    <Row Tag="LOC_DIPLO_DECLARE_FRIEND_FROM_AI_LEADER_DIDO_ANY">
      <Text>Gel, yüce kisi ve Fenike'nin dostu oldugunu tüm dünyaya ilan et!</Text>
    </Row>
    <Row Tag="LOC_DIPLO_ACCEPT_DECLARE_FRIEND_FROM_AI_LEADER_DIDO_ANY">
      <Text>Evet. Yemin ederim.</Text>
    </Row>
    <Row Tag="LOC_DIPLO_REJECT_DECLARE_FRIEND_FROM_AI_LEADER_DIDO_ANY">
      <Text>Bunu kabul etmiyorum.</Text>
    </Row>
    <Row Tag="LOC_DIPLO_ACCEPT_DELEGATION_FROM_HUMAN_LEADER_DIDO_ANY">
      <Text>Heyetiniz hos geldiniz ve aramizda huzur bulacaktir.</Text>
    </Row>
    <Row Tag="LOC_DIPLO_REJECT_DELEGATION_FROM_HUMAN_LEADER_DIDO_ANY">
      <Text>Fenike'nin sizin delegasyonunuza ihtiyaci yok, çünkü halkinizin ölçüsü zaten bizde var.</Text>
    </Row>
    <Row Tag="LOC_DIPLO_DELEGATION_FROM_AI_LEADER_DIDO_ANY">
      <Text>Fenike'nin zenginliklerinden sadece bir parça olan bu mor misk, Lübnan sediri ve zeytin armaganlarini kabul edin.</Text>
    </Row>
    <Row Tag="LOC_DIPLO_DENOUNCE_FROM_HUMAN_LEADER_DIDO_ANY">
      <Text>Senatörleriniz bizi yok etmeye çagiriyor ve siz onlari hatip olarak alkislamaya cüret mi ediyorsunuz? Yikiminiza körlemesine yürüyorsunuz.</Text>
    </Row>
    <Row Tag="LOC_DIPLO_DENOUNCE_FROM_AI_LEADER_DIDO_ANY">
      <Text>Moloch için atese gönderilmen için dua ediyorum! Mot'a adak olman için dua ediyorum! Yam'in yükselip seni yutmasi için dua ediyorum! (Seni kiniyor).</Text>
    </Row>
    <Row Tag="LOC_DIPLO_GREETING_LEADER_DIDO_ANY">
      <Text>Geri döndünüz. Hos geldiniz.</Text>
    </Row>
    <Row Tag="LOC_DIPLO_MAKE_ALLIANCE_FROM_AI_LEADER_DIDO_ANY">
      <Text>Fenike'ye karsi adil ve dürüst davrandiniz. Bir sonraki adimi atip müttefik oldugumuzu ilan edecek misiniz?</Text>
    </Row>
    <Row Tag="LOC_DIPLO_MAKE_PEACE_AI_ACCEPT_DEAL_LEADER_DIDO_ANY">
      <Text>Demek istediginizi anladim. Dünyayi mahvetmeden önce baris yapalim.</Text>
    </Row>
    <Row Tag="LOC_DIPLO_MAKE_PEACE_AI_REFUSE_DEAL_LEADER_DIDO_ANY">
      <Text>Hayir. Bosuna soruyorsun.</Text>
    </Row>
    <Row Tag="LOC_DIPLO_MAKE_PEACE_FROM_AI_LEADER_DIDO_ANY">
      <Text>Size baris öneriyorum  yikik duvarlardan ve agitlardan daha mutlu bir seçim.</Text>
    </Row>
    <Row Tag="LOC_DIPLO_ACCEPT_OPEN_BORDERS_FROM_HUMAN_LEADER_DIDO_ANY">
      <Text>Evet. Topraklarimizdan özgürce geçmek her iki halki da zenginlestirecektir.</Text>
    </Row>
    <Row Tag="LOC_DIPLO_REJECT_OPEN_BORDERS_FROM_HUMAN_LEADER_DIDO_ANY">
      <Text>Birliklerinizin topraklarimizi çignemesine izin vermekte çok az kazanç görüyorum. Phoenicia sinirlarini geçmeyin.</Text>
    </Row>
    <Row Tag="LOC_DIPLO_OPEN_BORDERS_FROM_AI_LEADER_DIDO_ANY">
      <Text>Sinirlarin kurgusu konusunda akilsizca bir israr, daha küçük yöneticiler içindir. Sinirlarimizi birbirimize açalim.</Text>
    </Row>
    <Row Tag="LOC_DIPLO_WARNING_TOO_MANY_TROOPS_NEAR_ME_LEADER_DIDO_ANY">
      <Text>Nasil bir ihanet niyetindesiniz? Ordularinizi derhal sinirlarimizdan uzaklastirin.</Text>
    </Row>
    <Row Tag="LOC_DIPLO_DEFEAT_FROM_AI_LEADER_DIDO_ANY">
      <Text>Fetihlerinizle övünmeyin. Bir gün baskentinizin alevler içinde kaldigini görebilirsiniz.</Text>
    </Row>
    <Row Tag="LOC_DIPLO_REJECT_MAKE_DEAL_FROM_AI_LEADER_DIDO_ANY">
      <Text>Bunu kabul etmiyorum.</Text>
    </Row>
    <Row Tag="LOC_DIPLO_ACCEPT_MAKE_DEAL_FROM_AI_LEADER_DIDO_ANY">
      <Text>Kabul edilebilir bir teklif.</Text>
    </Row>
    <!--Eleanor England Diplo Text -->
    <Row Tag="LOC_DIPLO_ACCEPT_DECLARE_FRIEND_FROM_HUMAN_LEADER_ELEANOR_ENGLAND_ANY">
      <Text>Evet, benim için gerçekten de iyi bir arkadassiniz ve sizi böyle tanimaktan memnuniyet duyuyorum.</Text>
    </Row>
    <Row Tag="LOC_DIPLO_REJECT_DECLARE_FRIEND_FROM_HUMAN_LEADER_ELEANOR_ENGLAND_ANY">
      <Text>Hayranliginiz gurur verici ama ben bunu reddediyorum.</Text>
    </Row>
    <Row Tag="LOC_DIPLO_DECLARE_FRIEND_FROM_AI_LEADER_ELEANOR_ENGLAND_ANY">
      <Text>Hükümdarlik sanatini bizim kadar anlayan çok az kisi var. Dünyaya dost oldugumuzu söylememiz gerekmez mi?</Text>
    </Row>
    <Row Tag="LOC_DIPLO_ACCEPT_DECLARE_FRIEND_FROM_AI_LEADER_ELEANOR_ENGLAND_ANY">
      <Text>Böyle cazip bir teklifi nasil geri çevirebilirdim?</Text>
    </Row>
    <Row Tag="LOC_DIPLO_REJECT_DECLARE_FRIEND_FROM_AI_LEADER_ELEANOR_ENGLAND_ANY">
      <Text>Hayir, çok yasa.</Text>
    </Row>
    <Row Tag="LOC_DIPLO_ACCEPT_DELEGATION_FROM_HUMAN_LEADER_ELEANOR_ENGLAND_ANY">
      <Text>Heyetiniz sarayimda misafir olarak agirlandi. Bu vesileyle yazilan siirlerin bir kopyasini size gönderecegim.</Text>
    </Row>
    <Row Tag="LOC_DIPLO_REJECT_DELEGATION_FROM_HUMAN_LEADER_ELEANOR_ENGLAND_ANY">
      <Text>Kötü bir sekilde sunulan degersiz yemeklerin sarayimda yeri yoktur.</Text>
    </Row>
    <Row Tag="LOC_DIPLO_DELEGATION_FROM_AI_LEADER_ELEANOR_ENGLAND_ANY">
      <Text>Hediyelerimi kabul etmekten memnuniyet duyun: kristal bir vazo, sarap, yer mantari ve sarayinizi canlandirmak için bir düzine ozan.</Text>
    </Row>
    <Row Tag="LOC_DIPLO_DENOUNCE_FROM_HUMAN_LEADER_ELEANOR_ENGLAND_ANY">
      <Text>Yaptiklarinin bedelini ödeyecegin bir zaman gelecek. Ve ondan sonra, adinizin sadece komik siirlerin kötü adami olarak yasayacagi bir zaman.</Text>
    </Row>
    <Row Tag="LOC_DIPLO_DENOUNCE_FROM_AI_LEADER_ELEANOR_ENGLAND_ANY">
      <Text>Eylemleriniz yalnizca karanligi ve hilekârligi tesvik ettigi için, size karsi duracagim - ve sevgi ve kahkaha için duracagim! (Sizi kiniyor).</Text>
    </Row>
    <Row Tag="LOC_DIPLO_GREETING_LEADER_ELEANOR_ENGLAND_ANY">
      <Text>Ah! Biz de tam senden bahsediyorduk.</Text>
    </Row>
    <Row Tag="LOC_DIPLO_MAKE_ALLIANCE_FROM_AI_LEADER_ELEANOR_ENGLAND_ANY">
      <Text>Islerimizde uzun zamandir anlasma saglayamadik mi? Bunu bir ittifakla resmilestirelim.</Text>
    </Row>
    <Row Tag="LOC_DIPLO_MAKE_PEACE_AI_ACCEPT_DEAL_LEADER_ELEANOR_ENGLAND_ANY">
      <Text>Bu savasi uzatmak, övgüye deger bir yigitlikten acinasi bir katliama dönüsecektir. Baris için bana katilin.</Text>
    </Row>
    <Row Tag="LOC_DIPLO_MAKE_PEACE_AI_REFUSE_DEAL_LEADER_ELEANOR_ENGLAND_ANY">
      <Text>Kesinlikle hayir.</Text>
    </Row>
    <Row Tag="LOC_DIPLO_MAKE_PEACE_FROM_AI_LEADER_ELEANOR_ENGLAND_ANY">
      <Text>Tebrikler, dövüs yeteneginiz kanitlandi. Baris için bir kalbiniz var mi, yoksa karakteriniz bu kadar mi?</Text>
    </Row>
    <Row Tag="LOC_DIPLO_ACCEPT_OPEN_BORDERS_FROM_HUMAN_LEADER_ELEANOR_ENGLAND_ANY">
      <Text>O zaman sinirlarimiz açik olsun!</Text>
    </Row>
    <Row Tag="LOC_DIPLO_REJECT_OPEN_BORDERS_FROM_HUMAN_LEADER_ELEANOR_ENGLAND_ANY">
      <Text>Topraklarimi casuslariniza ve serserilerinize mi açayim? Kesinlikle açmayacagim. Kendi sinirlarinizla yetinin.</Text>
    </Row>
    <Row Tag="LOC_DIPLO_OPEN_BORDERS_FROM_AI_LEADER_ELEANOR_ENGLAND_ANY">
      <Text>Topraklarimi geçecek olan birliklerinize açiyorum ama sizden de ayni sekilde izin istiyorum.</Text>
    </Row>
    <Row Tag="LOC_DIPLO_WARNING_TOO_MANY_TROOPS_NEAR_ME_LEADER_ELEANOR_ENGLAND_ANY">
      <Text>Güçlerinizi bu sekilde sergilemeniz güçlülügünüzün degil, çaresiz bir zayifligin göstergesidir. Onlari sinirlarimdan uzaklastirin.</Text>
    </Row>
    <Row Tag="LOC_DIPLO_DEFEAT_FROM_AI_LEADER_ELEANOR_ENGLAND_ANY">
      <Text>Güç arzunuz sizi benim yönetimimi yok etmeye itiyorsa, öyle olsun! Ben yine de ask sarayini yönetecegim.</Text>
    </Row>
    <Row Tag="LOC_DIPLO_REJECT_MAKE_DEAL_FROM_AI_LEADER_ELEANOR_ENGLAND_ANY">
      <Text>Ne kadar komik! Hayir.</Text>
    </Row>
    <Row Tag="LOC_DIPLO_ACCEPT_MAKE_DEAL_FROM_AI_LEADER_ELEANOR_ENGLAND_ANY">
      <Text>Sartlariniz iyi. Birakin da detaylari bizim sansölyelerimiz çözsün.</Text>
    </Row>
    <!--Eleanor France Diplo Text -->
    <Row Tag="LOC_DIPLO_ACCEPT_DECLARE_FRIEND_FROM_HUMAN_LEADER_ELEANOR_FRANCE_ANY">
      <Text>Evet, benim için gerçekten de iyi bir arkadassiniz ve sizi böyle tanimaktan memnuniyet duyuyorum.</Text>
    </Row>
    <Row Tag="LOC_DIPLO_REJECT_DECLARE_FRIEND_FROM_HUMAN_LEADER_ELEANOR_FRANCE_ANY">
      <Text>Hayranliginiz gurur verici ama ben bunu reddediyorum.</Text>
    </Row>
    <Row Tag="LOC_DIPLO_DECLARE_FRIEND_FROM_AI_LEADER_ELEANOR_FRANCE_ANY">
      <Text>Hükümdarlik sanatini bizim kadar anlayan çok az kisi var. Dünyaya dost oldugumuzu söylememiz gerekmez mi?</Text>
    </Row>
    <Row Tag="LOC_DIPLO_ACCEPT_DECLARE_FRIEND_FROM_AI_LEADER_ELEANOR_FRANCE_ANY">
      <Text>How could I turn down such a charming offer?</Text>
    </Row>
    <Row Tag="LOC_DIPLO_REJECT_DECLARE_FRIEND_FROM_AI_LEADER_ELEANOR_FRANCE_ANY">
      <Text>Hayir, çok yasa.</Text>
    </Row>
    <Row Tag="LOC_DIPLO_ACCEPT_DELEGATION_FROM_HUMAN_LEADER_ELEANOR_FRANCE_ANY">
      <Text>Heyetiniz sarayimda misafir olarak agirlandi. Bu vesileyle yazilan siirlerin bir kopyasini size gönderecegim.</Text>
    </Row>
    <Row Tag="LOC_DIPLO_REJECT_DELEGATION_FROM_HUMAN_LEADER_ELEANOR_FRANCE_ANY">
      <Text>Kötü bir sekilde sunulan degersiz yemeklerin sarayimda yeri yoktur.</Text>
    </Row>
    <Row Tag="LOC_DIPLO_DELEGATION_FROM_AI_LEADER_ELEANOR_FRANCE_ANY">
      <Text>Hediyelerimi kabul etmekten memnuniyet duyun: kristal bir vazo, sarap, yer mantari ve sarayinizi canlandirmak için bir düzine ozan.</Text>
    </Row>
    <Row Tag="LOC_DIPLO_DENOUNCE_FROM_HUMAN_LEADER_ELEANOR_FRANCE_ANY">
      <Text>Yaptiklarinin bedelini ödeyecegin bir zaman gelecek. Ve ondan sonra, adinizin sadece komik siirlerin kötü adami olarak yasayacagi bir zaman.</Text>
    </Row>
    <Row Tag="LOC_DIPLO_DENOUNCE_FROM_AI_LEADER_ELEANOR_FRANCE_ANY">
      <Text>Eylemleriniz yalnizca karanligi ve hilekârligi tesvik ettigi için, size karsi duracagim - ve sevgi ve kahkaha için duracagim! (Sizi kiniyor).</Text>
    </Row>
    <Row Tag="LOC_DIPLO_GREETING_LEADER_ELEANOR_FRANCE_ANY">
      <Text>Ah! Biz de tam senden bahsediyorduk.</Text>
    </Row>
    <Row Tag="LOC_DIPLO_MAKE_ALLIANCE_FROM_AI_LEADER_ELEANOR_FRANCE_ANY">
      <Text>Islerimizde uzun zamandir anlasma saglayamadik mi? Bunu bir ittifakla resmilestirelim.</Text>
    </Row>
    <Row Tag="LOC_DIPLO_MAKE_PEACE_AI_ACCEPT_DEAL_LEADER_ELEANOR_FRANCE_ANY">
      <Text>Bu savasi uzatmak, övgüye deger bir yigitlikten acinasi bir katliama dönüsecektir. Baris için bana katilin.</Text>
    </Row>
    <Row Tag="LOC_DIPLO_MAKE_PEACE_AI_REFUSE_DEAL_LEADER_ELEANOR_FRANCE_ANY">
      <Text>Kesinlikle hayir.</Text>
    </Row>
    <Row Tag="LOC_DIPLO_MAKE_PEACE_FROM_AI_LEADER_ELEANOR_FRANCE_ANY">
      <Text>Tebrikler, dövüs yeteneginiz kanitlandi. Baris için bir kalbiniz var mi, yoksa karakteriniz bu kadar mi?</Text>
    </Row>
    <Row Tag="LOC_DIPLO_ACCEPT_OPEN_BORDERS_FROM_HUMAN_LEADER_ELEANOR_FRANCE_ANY">
      <Text>O zaman sinirlarimiz açik olsun!</Text>
    </Row>
    <Row Tag="LOC_DIPLO_REJECT_OPEN_BORDERS_FROM_HUMAN_LEADER_ELEANOR_FRANCE_ANY">
      <Text>Topraklarimi casuslariniza ve serserilerinize mi açayim? Kesinlikle açmayacagim. Kendi sinirlarinizla yetinin.</Text>
    </Row>
    <Row Tag="LOC_DIPLO_OPEN_BORDERS_FROM_AI_LEADER_ELEANOR_FRANCE_ANY">
      <Text>Topraklarimi geçecek olan birliklerinize açiyorum ama sizden de ayni sekilde izin istiyorum.</Text>
    </Row>
    <Row Tag="LOC_DIPLO_WARNING_TOO_MANY_TROOPS_NEAR_ME_LEADER_ELEANOR_FRANCE_ANY">
      <Text>Güçlerinizi bu sekilde sergilemeniz güçlülügünüzün degil, çaresiz bir zayifligin göstergesidir. Onlari sinirlarimdan uzaklastirin.</Text>
    </Row>
    <Row Tag="LOC_DIPLO_DEFEAT_FROM_AI_LEADER_ELEANOR_FRANCE_ANY">
      <Text>Güç arzunuz sizi benim yönetimimi yok etmeye itiyorsa, öyle olsun! Ben yine de ask sarayini yönetecegim.</Text>
    </Row>
    <Row Tag="LOC_DIPLO_REJECT_MAKE_DEAL_FROM_AI_LEADER_ELEANOR_FRANCE_ANY">
      <Text>Ne kadar komik! Hayir.</Text>
    </Row>
    <Row Tag="LOC_DIPLO_ACCEPT_MAKE_DEAL_FROM_AI_LEADER_ELEANOR_FRANCE_ANY">
      <Text>Sartlariniz iyi. Birakin da detaylari bizim sansölyelerimiz çözsün.</Text>
    </Row>
    <!--Kristina Diplo Text -->
    <Row Tag="LOC_DIPLO_ACCEPT_DECLARE_FRIEND_FROM_HUMAN_LEADER_KRISTINA_ANY">
      <Text>Seni bir dost olarak görüyorum! Bunu dünyayla paylasmaktan mutluluk duymaliyim.</Text>
    </Row>
    <Row Tag="LOC_DIPLO_REJECT_DECLARE_FRIEND_FROM_HUMAN_LEADER_KRISTINA_ANY">
      <Text>Sanirim bana olan hayranliginizi arkadaslikla karistiriyorsunuz. Henüz arkadas degiliz. Belki bir gün.</Text>
    </Row>
    <Row Tag="LOC_DIPLO_DECLARE_FRIEND_FROM_AI_LEADER_KRISTINA_ANY">
      <Text>Dünyaya uluslarimizin birbirlerinin dostu oldugunu anlatirken bana katilir misiniz? Kesinlikle hepsine ilham verecegiz.</Text>
    </Row>
    <Row Tag="LOC_DIPLO_ACCEPT_DECLARE_FRIEND_FROM_AI_LEADER_KRISTINA_ANY">
      <Text>Katiliyorum.</Text>
    </Row>
    <Row Tag="LOC_DIPLO_REJECT_DECLARE_FRIEND_FROM_AI_LEADER_KRISTINA_ANY">
      <Text>Bu olamaz.</Text>
    </Row>
    <Row Tag="LOC_DIPLO_ACCEPT_DELEGATION_FROM_HUMAN_LEADER_KRISTINA_ANY">
      <Text>Heyetinizi kabul edecegim ve onlar benim onur konuklarim olarak kalacaklar. Dramaturgumun onlar için paylasacagi yeni bir eseri var.</Text>
    </Row>
    <Row Tag="LOC_DIPLO_REJECT_DELEGATION_FROM_HUMAN_LEADER_KRISTINA_ANY">
      <Text>Isveç'in bu önemsiz seylere ihtiyaci yok.</Text>
    </Row>
    <Row Tag="LOC_DIPLO_DELEGATION_FROM_AI_LEADER_KRISTINA_ANY">
      <Text>Size bandy çubuklari, ringa baligi tursusu, lingonsylt ve knäckebröd hediye ediyorum. Sakin bandy çubuklarini yeme.</Text>
    </Row>
    <Row Tag="LOC_DIPLO_DENOUNCE_FROM_HUMAN_LEADER_KRISTINA_ANY">
      <Text>Tüm dünyaya senin alçakligini, kabaligini, hainligini anlatacagim!</Text>
    </Row>
    <Row Tag="LOC_DIPLO_DENOUNCE_FROM_AI_LEADER_KRISTINA_ANY">
      <Text>Isveç'te sizi kötü adam olarak tasvir eden birçok eglenceli halk sarkimiz var. En basit sanatlar bile hayatin gerçeklerini taklit eder. (Sizi kiniyor).</Text>
    </Row>
    <Row Tag="LOC_DIPLO_GREETING_LEADER_KRISTINA_ANY">
      <Text>Sizi tekrar gördügüme sevindim.</Text>
    </Row>
    <Row Tag="LOC_DIPLO_MAKE_ALLIANCE_FROM_AI_LEADER_KRISTINA_ANY">
      <Text>Dünyaya iliskilerimizin uyumunu göstermenin ve ittifakimizi açikça ilan etmenin zamaninin geldigine inaniyorum.</Text>
    </Row>
    <Row Tag="LOC_DIPLO_MAKE_PEACE_AI_ACCEPT_DEAL_LEADER_KRISTINA_ANY">
      <Text>Ikimiz de digerinin cesaretini sorgulamadigimiza göre, simdi onurlu bir baris yapalim.</Text>
    </Row>
    <Row Tag="LOC_DIPLO_MAKE_PEACE_AI_REFUSE_DEAL_LEADER_KRISTINA_ANY">
      <Text>Hayir, buna izin vermeyecegim.</Text>
    </Row>
    <Row Tag="LOC_DIPLO_MAKE_PEACE_FROM_AI_LEADER_KRISTINA_ANY">
      <Text>Halkimizin çektigi acilar hemen baris yapmamizi gerektirmiyor mu?</Text>
    </Row>
    <Row Tag="LOC_DIPLO_ACCEPT_OPEN_BORDERS_FROM_HUMAN_LEADER_KRISTINA_ANY">
      <Text>Birlikleriniz Isveç'ten engelsiz geçebilir.</Text>
    </Row>
    <Row Tag="LOC_DIPLO_REJECT_OPEN_BORDERS_FROM_HUMAN_LEADER_KRISTINA_ANY">
      <Text>Hayir, bu Isveç'in çikarina degil. Sinirlarimiza saygi gösterin.</Text>
    </Row>
    <Row Tag="LOC_DIPLO_OPEN_BORDERS_FROM_AI_LEADER_KRISTINA_ANY">
      <Text>Birbirimizin sinirlarindan serbestçe geçerek kazanabilecegimiz çok sey var, sizce de öyle degil mi?</Text>
    </Row>
    <Row Tag="LOC_DIPLO_WARNING_TOO_MANY_TROOPS_NEAR_ME_LEADER_KRISTINA_ANY">
      <Text>Birliklerinizi oyuncak askerlerle oynayan bir çocuk gibi sinirimiz boyunca bir asagi bir yukari yürütmeyin. Hemen harekete geçin.</Text>
    </Row>
    <Row Tag="LOC_DIPLO_DEFEAT_FROM_AI_LEADER_KRISTINA_ANY">
      <Text>Gücü hiç sevmedim ve simdi sanatsiz kaldim. Bana sadece pismanlik ve kayip kaldi.</Text>
    </Row>
    <Row Tag="LOC_DIPLO_REJECT_MAKE_DEAL_FROM_AI_LEADER_KRISTINA_ANY">
      <Text>Bu teklifi kabul edemem.</Text>
    </Row>
    <Row Tag="LOC_DIPLO_ACCEPT_MAKE_DEAL_FROM_AI_LEADER_KRISTINA_ANY">
      <Text>Bu adil bir takas.</Text>
    </Row>
    <!-- Kupe Diplo Text -->
    <Row Tag="LOC_DIPLO_ACCEPT_DECLARE_FRIEND_FROM_HUMAN_LEADER_KUPE_ANY">
      <Text>Evet, iyisin. Biz Māori'ler senin arkadasin olmaktan mutluyuz.</Text>
    </Row>
    <Row Tag="LOC_DIPLO_REJECT_DECLARE_FRIEND_FROM_HUMAN_LEADER_KUPE_ANY">
      <Text>Evet, hayir, Māori henüz halkla dostluga hazir degil.</Text>
    </Row>
    <Row Tag="LOC_DIPLO_DECLARE_FRIEND_FROM_AI_LEADER_KUPE_ANY">
      <Text>Dünyada senden daha kötü insanlar da var, kesinlikle. Digerlerine senin tam bir pislik olmadigini söylememin sakincasi var mi?</Text>
    </Row>
    <Row Tag="LOC_DIPLO_ACCEPT_DECLARE_FRIEND_FROM_AI_LEADER_KUPE_ANY">
      <Text>Elbette.</Text>
    </Row>
    <Row Tag="LOC_DIPLO_REJECT_DECLARE_FRIEND_FROM_AI_LEADER_KUPE_ANY">
      <Text>Hayir, sanmiyorum.</Text>
    </Row>
    <Row Tag="LOC_DIPLO_ACCEPT_DELEGATION_FROM_HUMAN_LEADER_KUPE_ANY">
      <Text>Mananizin isareti olan bu güzel hediyelerle bizi onurlandiriyorsunuz.</Text>
    </Row>
    <Row Tag="LOC_DIPLO_REJECT_DELEGATION_FROM_HUMAN_LEADER_KUPE_ANY">
      <Text>Hayir. Hediyelerinizi bize göndermeyin. Size karsi hiçbir yükümlülügümüz yok.</Text>
    </Row>
    <Row Tag="LOC_DIPLO_DELEGATION_FROM_AI_LEADER_KUPE_ANY">
      <Text>Iste pounamu, korowai pelerinleri ve huhu kurtçuklari hediyeleri. Hadi, huhu kurtçuklarini yedigini görmek istiyorum.</Text>
    </Row>
    <Row Tag="LOC_DIPLO_DENOUNCE_FROM_HUMAN_LEADER_KUPE_ANY">
      <Text>Kötü davranislariniz tarihimizi belirledi ve bu yüzden bunu dünyaya ilan edebildigim için gerçekten mutluyum.</Text>
    </Row>
    <Row Tag="LOC_DIPLO_DENOUNCE_FROM_AI_LEADER_KUPE_ANY">
      <Text>Dünya yaptiklarinizi görüyor ve bizim uzun zamandir bildigimiz seye inaniyorlar: tüm liderler arasinda en kötüsü sizsiniz. (Sizi kiniyor).</Text>
    </Row>
    <Row Tag="LOC_DIPLO_GREETING_LEADER_KUPE_ANY">
      <Text>Tena koe!</Text>
    </Row>
    <Row Tag="LOC_DIPLO_MAKE_ALLIANCE_FROM_AI_LEADER_KUPE_ANY">
      <Text>Hiç de fena degilsin. Ittifaka ne dersin?</Text>
    </Row>
    <Row Tag="LOC_DIPLO_MAKE_PEACE_AI_ACCEPT_DEAL_LEADER_KUPE_ANY">
      <Text>Görünüse göre iki halkimiz da cesur ve sert. Barisi deneyelim ve nasil gidecegini görelim.</Text>
    </Row>
    <Row Tag="LOC_DIPLO_MAKE_PEACE_AI_REFUSE_DEAL_LEADER_KUPE_ANY">
      <Text>Böyle bir sey olmayacak.</Text>
    </Row>
    <Row Tag="LOC_DIPLO_MAKE_PEACE_FROM_AI_LEADER_KUPE_ANY">
      <Text>Savas için cesaretiniz var, bu dogru. Peki baris için cesaretiniz var mi?</Text>
    </Row>
    <Row Tag="LOC_DIPLO_ACCEPT_OPEN_BORDERS_FROM_HUMAN_LEADER_KUPE_ANY">
      <Text>Bu kadar yeter. Topraklarinizin diger tarafinda kesfedecek çok dünyamiz var.</Text>
    </Row>
    <Row Tag="LOC_DIPLO_REJECT_OPEN_BORDERS_FROM_HUMAN_LEADER_KUPE_ANY">
      <Text>Sinirlarin var olmasinin bir sebebi var. Lütfen kendi tarafinizda kalin.</Text>
    </Row>
    <Row Tag="LOC_DIPLO_OPEN_BORDERS_FROM_AI_LEADER_KUPE_ANY">
      <Text>Topraklarinizdan tehdit edilmeden geçme hakki karsiliginda Māori'lere açik sinirlar öneriyorum.</Text>
    </Row>
    <Row Tag="LOC_DIPLO_WARNING_TOO_MANY_TROOPS_NEAR_ME_LEADER_KUPE_ANY">
      <Text>Belki de tüm o ordulari Māori topraklarinin yakinina tasimak istiyorsunuzdur? Korkunç bir sey olmadan önce? Sadece bir düsünce.</Text>
    </Row>
    <Row Tag="LOC_DIPLO_DEFEAT_FROM_AI_LEADER_KUPE_ANY">
      <Text>Elimden geleni yaptim, ama senin gücün daha büyüktü. Kalbim, en azindan, yenilmeden atacak.</Text>
    </Row>
    <Row Tag="LOC_DIPLO_REJECT_MAKE_DEAL_FROM_AI_LEADER_KUPE_ANY">
      <Text>Bu korkunç bir anlasma.</Text>
    </Row>
    <Row Tag="LOC_DIPLO_ACCEPT_MAKE_DEAL_FROM_AI_LEADER_KUPE_ANY">
      <Text>Evet, bu ise yarar.</Text>
    </Row>
    <!-- Laurier Diplo Text -->
    <Row Tag="LOC_DIPLO_ACCEPT_DECLARE_FRIEND_FROM_HUMAN_LEADER_LAURIER_ANY">
      <Text>Kanada halkinin dostlugunuzu kabul etme arzusuna katiliyorum. Bunu tüm dünyaya ilan edelim!</Text>
    </Row>
    <Row Tag="LOC_DIPLO_REJECT_DECLARE_FRIEND_FROM_HUMAN_LEADER_LAURIER_ANY">
      <Text>Benim ve Kanada halkinin saygisini kazanmis olsaniz da, henüz kalici bir dostluk ilan etmenin zamani gelmedi.</Text>
    </Row>
    <Row Tag="LOC_DIPLO_DECLARE_FRIEND_FROM_AI_LEADER_LAURIER_ANY">
      <Text>Kanada'nin sadik ve vefali bir dostu oldugunuzu kanitladiniz. Karsilikli mutabakatimizi dünyaya ilan etmemize izin verecek misiniz?</Text>
    </Row>
    <Row Tag="LOC_DIPLO_ACCEPT_DECLARE_FRIEND_FROM_AI_LEADER_LAURIER_ANY">
      <Text>Evet, gerçekten!</Text>
    </Row>
    <Row Tag="LOC_DIPLO_REJECT_DECLARE_FRIEND_FROM_AI_LEADER_LAURIER_ANY">
      <Text>Üzgünüm, hayir.</Text>
    </Row>
    <Row Tag="LOC_DIPLO_ACCEPT_DELEGATION_FROM_HUMAN_LEADER_LAURIER_ANY">
      <Text>Heyetinizin nezaketi için tesekkür ederiz. Onlari agirlamaktan memnuniyet duyuyoruz.</Text>
    </Row>
    <Row Tag="LOC_DIPLO_REJECT_DELEGATION_FROM_HUMAN_LEADER_LAURIER_ANY">
      <Text>Kanada'nin önemsiz hediyelere ihtiyaci yok. Lütfen heyetinizi geri çekin.</Text>
    </Row>
    <Row Tag="LOC_DIPLO_DELEGATION_FROM_AI_LEADER_LAURIER_ANY">
      <Text>Kanada halki akçaagaç surubu, yün battaniyeler ve onurlandirdigimiz geleneksel basligimizi hediye ediyor: Takke.</Text>
    </Row>
    <Row Tag="LOC_DIPLO_DENOUNCE_FROM_HUMAN_LEADER_LAURIER_ANY">
      <Text>Sizinle müzakere etmek insan sabrinin sinirlarini zorluyor ve artik davranislariniza müsamaha göstermeyecegim.</Text>
    </Row>
    <Row Tag="LOC_DIPLO_DENOUNCE_FROM_AI_LEADER_LAURIER_ANY">
      <Text>Keske daha bilge, daha uzlasmaci bir hükümdar oldugunuzu kanitlasaydiniz, ancak eylemleriniz barisçil bir gelecek için bana çok az umut birakiyor. (Sizi kiniyor).</Text>
    </Row>
    <Row Tag="LOC_DIPLO_GREETING_LEADER_LAURIER_ANY">
      <Text>Sizi tekrar gördügüme sevindim.</Text>
    </Row>
    <Row Tag="LOC_DIPLO_MAKE_ALLIANCE_FROM_AI_LEADER_LAURIER_ANY">
      <Text>Birçok ortak ilgi alanimiz var  bunlar bir ittifak tarafindan iyi bir sekilde kullanilamaz mi?</Text>
    </Row>
    <Row Tag="LOC_DIPLO_MAKE_PEACE_AI_ACCEPT_DEAL_LEADER_LAURIER_ANY">
      <Text>Neden acilari uzatmak ve nefreti körüklemek zorundayiz? Bu savasi sona erdirelim ve barisa kavusalim.</Text>
    </Row>
    <Row Tag="LOC_DIPLO_MAKE_PEACE_AI_REFUSE_DEAL_LEADER_LAURIER_ANY">
      <Text>Üzgünüm, hayir.</Text>
    </Row>
    <Row Tag="LOC_DIPLO_MAKE_PEACE_FROM_AI_LEADER_LAURIER_ANY">
      <Text>Silah gücünden ziyade kalbe ve ruha hitap ederek kazanilacak daha çok sey vardir. Baris yapalim.</Text>
    </Row>
    <Row Tag="LOC_DIPLO_ACCEPT_OPEN_BORDERS_FROM_HUMAN_LEADER_LAURIER_ANY">
      <Text>Anlasmanizi kabul etmekten memnuniyet duyuyor ve birimlerinizin Kanada topraklarindan geçmesini memnuniyetle karsiliyorum.</Text>
    </Row>
    <Row Tag="LOC_DIPLO_REJECT_OPEN_BORDERS_FROM_HUMAN_LEADER_LAURIER_ANY">
      <Text>Bu teklifi kabul edemem, zira siz birimlerin topraklarimiza girmesine izin vermek Kanada'nin çikarina degildir.</Text>
    </Row>
    <Row Tag="LOC_DIPLO_OPEN_BORDERS_FROM_AI_LEADER_LAURIER_ANY">
      <Text>Halklarimiz arasinda karsilikli bir açik sinir anlasmasi önermek istiyorum.</Text>
    </Row>
    <Row Tag="LOC_DIPLO_WARNING_TOO_MANY_TROOPS_NEAR_ME_LEADER_LAURIER_ANY">
      <Text>Coureurs de bois bana sinirlarimizda çok sayida asker olduguna dair rahatsiz edici haberler getirdi. Belki onlari geri çekebilirsiniz?</Text>
    </Row>
    <Row Tag="LOC_DIPLO_DEFEAT_FROM_AI_LEADER_LAURIER_ANY">
      <Text>Olabilecek bir Kanada hayalimiz de böylece sona erdi. Halkimiz iyi kalplidir. Merhametle yönetin ve onlardan ögrenin.</Text>
    </Row>
    <Row Tag="LOC_DIPLO_REJECT_MAKE_DEAL_FROM_AI_LEADER_LAURIER_ANY">
      <Text>Bu teklif bize fayda saglamayacaktir.</Text>
    </Row>
    <Row Tag="LOC_DIPLO_ACCEPT_MAKE_DEAL_FROM_AI_LEADER_LAURIER_ANY">
      <Text>Teklifinizi tesekkür ederek kabul ediyorum.</Text>
    </Row>
    <!-- Mansa Musa Diplo Text -->
    <Row Tag="LOC_DIPLO_ACCEPT_DECLARE_FRIEND_FROM_HUMAN_LEADER_MANSA_MUSA_ANY">
      <Text>Bana "dostum" demenizden memnuniyet duydum, çünkü sizi dostum olarak görüyorum.</Text>
    </Row>
    <Row Tag="LOC_DIPLO_REJECT_DECLARE_FRIEND_FROM_HUMAN_LEADER_MANSA_MUSA_ANY">
      <Text>Heyecaniniz durumumuzun gerçekligini asiyor. Size henüz Mali'nin dostu diyemem.</Text>
    </Row>
    <Row Tag="LOC_DIPLO_DECLARE_FRIEND_FROM_AI_LEADER_MANSA_MUSA_ANY">
      <Text>Aramizdaki bagdan ikimiz de çok sey kazanmiyor muyuz? Dünyaya dost oldugumuzu söyleyelim mi?</Text>
    </Row>
    <Row Tag="LOC_DIPLO_ACCEPT_DECLARE_FRIEND_FROM_AI_LEADER_MANSA_MUSA_ANY">
      <Text>Evet! Tanri'ya sükürler olsun!</Text>
    </Row>
    <Row Tag="LOC_DIPLO_REJECT_DECLARE_FRIEND_FROM_AI_LEADER_MANSA_MUSA_ANY">
      <Text>Böyle bir sey olamaz.</Text>
    </Row>
    <Row Tag="LOC_DIPLO_ACCEPT_DELEGATION_FROM_HUMAN_LEADER_MANSA_MUSA_ANY">
      <Text>Hiçbir sey istemesem de, hediyenizin samimiyeti basli basina bir lütuftur. Heyetinizi kabul ediyorum.</Text>
    </Row>
    <Row Tag="LOC_DIPLO_REJECT_DELEGATION_FROM_HUMAN_LEADER_MANSA_MUSA_ANY">
      <Text>Süleyman, ihtisamiyla Saba Melikesi'nin hediyelerini reddetti, bu yüzden ben de sizinkileri kabul etmemeliyim.</Text>
    </Row>
    <Row Tag="LOC_DIPLO_DELEGATION_FROM_AI_LEADER_MANSA_MUSA_ANY">
      <Text>Lütfen çivit bezi, Kikeliba çayi ve altin tozu çuvallari tasiyan yüz hamaldan olusan bu basit hediyeleri kabul edin.</Text>
    </Row>
    <Row Tag="LOC_DIPLO_DENOUNCE_FROM_HUMAN_LEADER_MANSA_MUSA_ANY">
      <Text>Yilan! Ayartici! Sefil! Azap saatini bekle, çünkü çok yakinda!</Text>
    </Row>
    <Row Tag="LOC_DIPLO_DENOUNCE_FROM_AI_LEADER_MANSA_MUSA_ANY">
      <Text>Ey Tanri, neden bu kara yürekli kisinin krallarin gücünü kullanmasina izin veriyorsun? Gazabini indir, ey gök! (Seni kiniyor).</Text>
    </Row>
    <Row Tag="LOC_DIPLO_GREETING_LEADER_MANSA_MUSA_ANY">
      <Text>Lütfen, konusun.</Text>
    </Row>
    <Row Tag="LOC_DIPLO_MAKE_ALLIANCE_FROM_AI_LEADER_MANSA_MUSA_ANY">
      <Text>Müttefik olalim mi? Insallah siz evet dersiniz ve biz de bunu dünyaya ilan ederiz!</Text>
    </Row>
    <Row Tag="LOC_DIPLO_MAKE_PEACE_AI_ACCEPT_DEAL_LEADER_MANSA_MUSA_ANY">
      <Text>Bu aptalca, bos savasi bir kenara birakmanin ve halklarimiz arasinda baris yapmanin zamani geldi.</Text>
    </Row>
    <Row Tag="LOC_DIPLO_MAKE_PEACE_AI_REFUSE_DEAL_LEADER_MANSA_MUSA_ANY">
      <Text>Hayir, bu kabul edilemez.</Text>
    </Row>
    <Row Tag="LOC_DIPLO_MAKE_PEACE_FROM_AI_LEADER_MANSA_MUSA_ANY">
      <Text>Bu savas israf ve sonuçsuzdur. Aramizda bir baris olmasi Tanri'yi daha çok memnun etmez mi?</Text>
    </Row>
    <Row Tag="LOC_DIPLO_ACCEPT_OPEN_BORDERS_FROM_HUMAN_LEADER_MANSA_MUSA_ANY">
      <Text>Evet, ücretsiz seyahat ikimiz için de sadece nimetlere yol açabilir.</Text>
    </Row>
    <Row Tag="LOC_DIPLO_REJECT_OPEN_BORDERS_FROM_HUMAN_LEADER_MANSA_MUSA_ANY">
      <Text>Ah, hayirseverlik beni bunu kabul etmeye yönlendirse de, bilgelik simdilik bunu yasaklamami emrediyor.</Text>
    </Row>
    <Row Tag="LOC_DIPLO_OPEN_BORDERS_FROM_AI_LEADER_MANSA_MUSA_ANY">
      <Text>Birliklerimin sinirlarinizdan engelsiz geçmesi en büyük arzumdur. Lütfen, bunun böyle olmasini saglayin.</Text>
    </Row>
    <Row Tag="LOC_DIPLO_WARNING_TOO_MANY_TROOPS_NEAR_ME_LEADER_MANSA_MUSA_ANY">
      <Text>Büyük ordularinizin Mali sinirlarinda geçit töreni yapmasina gerek görmüyorum. Lütfen onlari simdi kaldirin.</Text>
    </Row>
    <Row Tag="LOC_DIPLO_DEFEAT_FROM_AI_LEADER_MANSA_MUSA_ANY">
      <Text>Zenginlik geçicidir  ögrenmek bostur. Yaptigim her seyi, Tanrim, senin adina yaptim.</Text>
    </Row>
    <Row Tag="LOC_DIPLO_REJECT_MAKE_DEAL_FROM_AI_LEADER_MANSA_MUSA_ANY">
      <Text>Bu degersiz bir teklif.</Text>
    </Row>
    <Row Tag="LOC_DIPLO_ACCEPT_MAKE_DEAL_FROM_AI_LEADER_MANSA_MUSA_ANY">
      <Text>Tanri'ya sükür, bunu kabul edecegim.</Text>
    </Row>
    <!-- Matthias Corvinus Diplo Text -->
    <Row Tag="LOC_DIPLO_ACCEPT_DECLARE_FRIEND_FROM_HUMAN_LEADER_MATTHIAS_CORVINUS_ANY">
      <Text>Evet! Evet! Krallarin yükünü sizin kadar iyi anlayan çok az yönetici vardir. Size dostum demekten mutluluk duyuyorum.</Text>
    </Row>
    <Row Tag="LOC_DIPLO_REJECT_DECLARE_FRIEND_FROM_HUMAN_LEADER_MATTHIAS_CORVINUS_ANY">
      <Text>Bir kral arkadaslarini büyük bir dikkatle seçmelidir. Sana böyle hitap etmemin zamani degil.</Text>
    </Row>
    <Row Tag="LOC_DIPLO_DECLARE_FRIEND_FROM_AI_LEADER_MATTHIAS_CORVINUS_ANY">
      <Text>Ikimiz de halkimizin takdiri ve Tanri'nin iradesiyle yönetmiyor muyuz? Bunun bizi dünyanin önünde gerçek dostlar olarak baglamasi gerekmez mi?</Text>
    </Row>
    <Row Tag="LOC_DIPLO_ACCEPT_DECLARE_FRIEND_FROM_AI_LEADER_MATTHIAS_CORVINUS_ANY">
      <Text>Evet, Tanri'ya sükürler olsun.</Text>
    </Row>
    <Row Tag="LOC_DIPLO_REJECT_DECLARE_FRIEND_FROM_AI_LEADER_MATTHIAS_CORVINUS_ANY">
      <Text>Bu mümkün degildir.</Text>
    </Row>
    <Row Tag="LOC_DIPLO_ACCEPT_DELEGATION_FROM_HUMAN_LEADER_MATTHIAS_CORVINUS_ANY">
      <Text>Delegasyonunuzun hediyeleri için tesekkür eder, cömertliginizin kutsanmasini dilerim.</Text>
    </Row>
    <Row Tag="LOC_DIPLO_REJECT_DELEGATION_FROM_HUMAN_LEADER_MATTHIAS_CORVINUS_ANY">
      <Text>Ne hediyelere ne de onlarin üstü kapali yükümlülüklerine ihtiyacimiz var. Macaristan yeterince zengin.</Text>
    </Row>
    <Row Tag="LOC_DIPLO_DELEGATION_FROM_AI_LEADER_MATTHIAS_CORVINUS_ANY">
      <Text>Sana bir prense layik hediyeler gönderiyorum: Güzel danteller, hanedan armalarinizla süslenmis bir yay ve ailemin tarifiyle yapilmis paprikash.</Text>
    </Row>
    <Row Tag="LOC_DIPLO_DENOUNCE_FROM_HUMAN_LEADER_MATTHIAS_CORVINUS_ANY">
      <Text>Sen kanunsuz bir yilansin, dünyayi önünde diz çökmüs görmek isteyen açgözlü bir akbabasin. Senden asla korkmayacagimi bil!</Text>
    </Row>
    <Row Tag="LOC_DIPLO_DENOUNCE_FROM_AI_LEADER_MATTHIAS_CORVINUS_ANY">
      <Text>Siz gücün pesindesiniz -her zaman ve sadece gücün- ama Macaristan size sonuna kadar direnecek. (Sizi kiniyor).</Text>
    </Row>
    <Row Tag="LOC_DIPLO_GREETING_LEADER_MATTHIAS_CORVINUS_ANY">
      <Text>Dönüsün beni onurlandirdi.</Text>
    </Row>
    <Row Tag="LOC_DIPLO_MAKE_ALLIANCE_FROM_AI_LEADER_MATTHIAS_CORVINUS_ANY">
      <Text>Macaristan'in haklarina ve otoritesine saygi duyuyorsunuz ve degerli bir dost oldugunuzu kanitladiniz. Aramizdaki bagi bir ittifakla güçlendirelim.</Text>
    </Row>
    <Row Tag="LOC_DIPLO_MAKE_PEACE_AI_ACCEPT_DEAL_LEADER_MATTHIAS_CORVINUS_ANY">
      <Text>Pekala, sanirim ikimiz de görüslerimizi kanitladik. Simdi merhamet ve baris konusuna geçelim.</Text>
    </Row>
    <Row Tag="LOC_DIPLO_MAKE_PEACE_AI_REFUSE_DEAL_LEADER_MATTHIAS_CORVINUS_ANY">
      <Text>Asla, asla.</Text>
    </Row>
    <Row Tag="LOC_DIPLO_MAKE_PEACE_FROM_AI_LEADER_MATTHIAS_CORVINUS_ANY">
      <Text>Bu savasi uzatmanin ne merhameti ne de sebepleri takip etmenin adaleti vardir. Baris yapalim.</Text>
    </Row>
    <Row Tag="LOC_DIPLO_ACCEPT_OPEN_BORDERS_FROM_HUMAN_LEADER_MATTHIAS_CORVINUS_ANY">
      <Text>Evet, öyle olsun. Açik geçis hakki için tesekkürler.</Text>
    </Row>
    <Row Tag="LOC_DIPLO_REJECT_OPEN_BORDERS_FROM_HUMAN_LEADER_MATTHIAS_CORVINUS_ANY">
      <Text>Bu bir dayatma ve kabul edilemez bir dayatma olacaktir.</Text>
    </Row>
    <Row Tag="LOC_DIPLO_OPEN_BORDERS_FROM_AI_LEADER_MATTHIAS_CORVINUS_ANY">
      <Text>Sinirlariniz boyunca hareket etme hakkina sahip olmamiza izin verin, ben de size aynisini vereyim.</Text>
    </Row>
    <Row Tag="LOC_DIPLO_WARNING_TOO_MANY_TROOPS_NEAR_ME_LEADER_MATTHIAS_CORVINUS_ANY">
      <Text>Ordularimin gözcüleri günlerdir ordularinizin sinira yakin ilerleyisini takip ediyor. Onlari Macaristan'dan uzaklastirin.</Text>
    </Row>
    <Row Tag="LOC_DIPLO_DEFEAT_FROM_AI_LEADER_MATTHIAS_CORVINUS_ANY">
      <Text>Bugün zaferin serefini tasiyorsunuz ama aldiklarinizi koruyabilecek misiniz?</Text>
    </Row>
    <Row Tag="LOC_DIPLO_REJECT_MAKE_DEAL_FROM_AI_LEADER_MATTHIAS_CORVINUS_ANY">
      <Text>Bu teklifi kabul etmek bir prensin onuruna yakismaz.</Text>
    </Row>
    <Row Tag="LOC_DIPLO_ACCEPT_MAKE_DEAL_FROM_AI_LEADER_MATTHIAS_CORVINUS_ANY">
      <Text>Cömert bir teklif! Minnettar bir kalple kabul ediyorum.</Text>
    </Row>
    <!-- Pachacuti Diplo Text -->
    <Row Tag="LOC_DIPLO_ACCEPT_DECLARE_FRIEND_FROM_HUMAN_LEADER_PACHACUTI_ANY">
      <Text>Evet, biz kardesler kadar yakiniz ve dünya bunu duymali.</Text>
    </Row>
    <Row Tag="LOC_DIPLO_REJECT_DECLARE_FRIEND_FROM_HUMAN_LEADER_PACHACUTI_ANY">
      <Text>Dünyaya sanli görünmek istediginizi biliyorum, ancak benimle bu dostlugu iddia etmemelisiniz.</Text>
    </Row>
    <Row Tag="LOC_DIPLO_DECLARE_FRIEND_FROM_AI_LEADER_PACHACUTI_ANY">
      <Text>Bizler dünyaya isik veren günes ve ay gibiyiz. Dostlugumuzu ilan edelim mi?</Text>
    </Row>
    <Row Tag="LOC_DIPLO_ACCEPT_DECLARE_FRIEND_FROM_AI_LEADER_PACHACUTI_ANY">
      <Text>Bu çok iyi.</Text>
    </Row>
    <Row Tag="LOC_DIPLO_REJECT_DECLARE_FRIEND_FROM_AI_LEADER_PACHACUTI_ANY">
      <Text>Bunu kabul etmiyorum.</Text>
    </Row>
    <Row Tag="LOC_DIPLO_ACCEPT_DELEGATION_FROM_HUMAN_LEADER_PACHACUTI_ANY">
      <Text>Heyetiniz ve hediyeleri hos geldiniz. Yardimseverliginizle beni onurlandirdiniz.</Text>
    </Row>
    <Row Tag="LOC_DIPLO_REJECT_DELEGATION_FROM_HUMAN_LEADER_PACHACUTI_ANY">
      <Text>Heyetinizi götürün ve bana merhamet göstermeye kalkismayin.</Text>
    </Row>
    <Row Tag="LOC_DIPLO_DELEGATION_FROM_AI_LEADER_PACHACUTI_ANY">
      <Text>Bu alpaka yünü ve turkuaz hediyelerini alin. Ayrica size biraz cuy gönderiyorum - sicakken yiyin.</Text>
    </Row>
    <Row Tag="LOC_DIPLO_DENOUNCE_FROM_HUMAN_LEADER_PACHACUTI_ANY">
      <Text>Küstah, cuy kalpli aptal! Kendini koruyacak güçten yoksun oldugun için seni koruyacak dostlarina sor.</Text>
    </Row>
    <Row Tag="LOC_DIPLO_DENOUNCE_FROM_AI_LEADER_PACHACUTI_ANY">
      <Text>Otoriteniz bos, topraklariniz asagilik, halkiniz ahlaksiz. Yikim gününüz yakindir. (Seni kiniyor).</Text>
    </Row>
    <Row Tag="LOC_DIPLO_GREETING_LEADER_PACHACUTI_ANY">
      <Text>Hos geldiniz. Bana yaklasabilirsin.</Text>
    </Row>
    <Row Tag="LOC_DIPLO_MAKE_ALLIANCE_FROM_AI_LEADER_PACHACUTI_ANY">
      <Text>Onurlu ve sözünüze sadik oldugunuzu kanitladiniz. Birbirimize karsi yükümlülüklerimizi derinlestirelim ve ittifak yemini edelim.</Text>
    </Row>
    <Row Tag="LOC_DIPLO_MAKE_PEACE_AI_ACCEPT_DEAL_LEADER_PACHACUTI_ANY">
      <Text>Halkimiz bu savasta büyük acilar çekti. Simdi baris yapalim.</Text>
    </Row>
    <Row Tag="LOC_DIPLO_MAKE_PEACE_AI_REFUSE_DEAL_LEADER_PACHACUTI_ANY">
      <Text>Bu olmayacak.</Text>
    </Row>
    <Row Tag="LOC_DIPLO_MAKE_PEACE_FROM_AI_LEADER_PACHACUTI_ANY">
      <Text>Görünüse göre savasta biraz hünerlisiniz. Baris için de bir kalbiniz var mi?</Text>
    </Row>
    <Row Tag="LOC_DIPLO_ACCEPT_OPEN_BORDERS_FROM_HUMAN_LEADER_PACHACUTI_ANY">
      <Text>Birliklerinize Inka topraklarina girme izni veriyorum.</Text>
    </Row>
    <Row Tag="LOC_DIPLO_REJECT_OPEN_BORDERS_FROM_HUMAN_LEADER_PACHACUTI_ANY">
      <Text>Sinirlarimizi geçmek için izniniz yok. Konuyu takip etmeyin.</Text>
    </Row>
    <Row Tag="LOC_DIPLO_OPEN_BORDERS_FROM_AI_LEADER_PACHACUTI_ANY">
      <Text>Sinirlarinizin ötesine birlik göndermem gerekiyor. Bana bu izni verin.</Text>
    </Row>
    <Row Tag="LOC_DIPLO_WARNING_TOO_MANY_TROOPS_NEAR_ME_LEADER_PACHACUTI_ANY">
      <Text>Ordulariniz sinirlarimizda köpekler gibi dolasiyor. Bununla ne demek istiyorsunuz? Onlari derhal uzaklastirin.</Text>
    </Row>
    <Row Tag="LOC_DIPLO_DEFEAT_FROM_AI_LEADER_PACHACUTI_ANY">
      <Text>Günesi nasil kararttin? Ben gayret ve merhametle hükmettim, siz de öyle yapin.</Text>
    </Row>
    <Row Tag="LOC_DIPLO_REJECT_MAKE_DEAL_FROM_AI_LEADER_PACHACUTI_ANY">
      <Text>Ben cömertimdir ama bu kadar degil.</Text>
    </Row>
    <Row Tag="LOC_DIPLO_ACCEPT_MAKE_DEAL_FROM_AI_LEADER_PACHACUTI_ANY">
      <Text>Evet, Inka sana bunu verecek.</Text>
    </Row>
    <!-- Suleiman Diplo Text -->
    <Row Tag="LOC_DIPLO_ACCEPT_DECLARE_FRIEND_FROM_HUMAN_LEADER_SULEIMAN_ANY">
      <Text>Tanri çikarlarimizin örtüstügünü görmeniz için size bilgelik vermistir.</Text>
    </Row>
    <Row Tag="LOC_DIPLO_REJECT_DECLARE_FRIEND_FROM_HUMAN_LEADER_SULEIMAN_ANY">
      <Text>Sen kimsin ki benimle dost oldugunu iddia ediyorsun? Benim dengim degilsin, sadece atesli bir hayranimsin.</Text>
    </Row>
    <Row Tag="LOC_DIPLO_DECLARE_FRIEND_FROM_AI_LEADER_SULEIMAN_ANY">
      <Text>Bana karsi davranislariniz her zaman uygun oldugu için, dostlugumu alenen talep etmenize izin veriyorum.</Text>
    </Row>
    <Row Tag="LOC_DIPLO_ACCEPT_DECLARE_FRIEND_FROM_AI_LEADER_SULEIMAN_ANY">
      <Text>Bunu sana veriyorum.</Text>
    </Row>
    <Row Tag="LOC_DIPLO_REJECT_DECLARE_FRIEND_FROM_AI_LEADER_SULEIMAN_ANY">
      <Text>Ne? Hayir, kesinlikle degil.</Text>
    </Row>
    <Row Tag="LOC_DIPLO_ACCEPT_DELEGATION_FROM_HUMAN_LEADER_SULEIMAN_ANY">
      <Text>Heyetinizi kabul ettim. Hediyeleri digerleriyle birlikte hazineye yerlestirildi.</Text>
    </Row>
    <Row Tag="LOC_DIPLO_REJECT_DELEGATION_FROM_HUMAN_LEADER_SULEIMAN_ANY">
      <Text>Eger bir heyet gönderirseniz, kapidan geri çevrileceklerdir. Onlari ve kendinizi bu utançtan kurtarin.</Text>
    </Row>
    <Row Tag="LOC_DIPLO_DELEGATION_FROM_AI_LEADER_SULEIMAN_ANY">
      <Text>Size yakutlar, zümrütler, altin isçiligi ve pek çok lezzetin yani sira sizin adiniza zehir için bunlari tadacak bir çesnidjibashi hediye gönderiyorum.</Text>
    </Row>
    <Row Tag="LOC_DIPLO_DENOUNCE_FROM_HUMAN_LEADER_SULEIMAN_ANY">
      <Text>Sen engerek yilaninin, çakalin, akbabanin, sirtlanin, farenin efendisisin  nefret ve kin dolu her sey seni hükümdarlari olarak kabul ediyor.</Text>
    </Row>
    <Row Tag="LOC_DIPLO_DENOUNCE_FROM_AI_LEADER_SULEIMAN_ANY">
      <Text>Küstahliginiza ve küstahliginiza sadece bana nasil davranilmamasi gerektigi konusunda dünyaya bir ders olmasi açisindan izin verilmektedir. (Seni kiniyor).</Text>
    </Row>
    <Row Tag="LOC_DIPLO_GREETING_LEADER_SULEIMAN_ANY">
      <Text>Simdi konusabilirsiniz.</Text>
    </Row>
    <Row Tag="LOC_DIPLO_MAKE_ALLIANCE_FROM_AI_LEADER_SULEIMAN_ANY">
      <Text>Benimle ittifak kurmayi kabul ederseniz, dünya üzerindeki sayginliginiz büyük ölçüde artacaktir.</Text>
    </Row>
    <Row Tag="LOC_DIPLO_MAKE_PEACE_AI_ACCEPT_DEAL_LEADER_SULEIMAN_ANY">
      <Text>Aramizdaki bu savasi sona erdirmelisiniz, çünkü meseleyi uzatmak yikima ve Tanri'nin hosnutsuzluguna davetiye çikarir.</Text>
    </Row>
    <Row Tag="LOC_DIPLO_MAKE_PEACE_AI_REFUSE_DEAL_LEADER_SULEIMAN_ANY">
      <Text>Bu oyundan sikildim.</Text>
    </Row>
    <Row Tag="LOC_DIPLO_MAKE_PEACE_FROM_AI_LEADER_SULEIMAN_ANY">
      <Text>Merhamet, aramizdaki savas durumuna bir an önce son verilmesini gerektirir.</Text>
    </Row>
    <Row Tag="LOC_DIPLO_ACCEPT_OPEN_BORDERS_FROM_HUMAN_LEADER_SULEIMAN_ANY">
      <Text>Topraklarinizdan geçme hakkimi tanimanizi kabul ediyorum. Ve size Osmanli topraklarindan geçme izni veriyorum.</Text>
    </Row>
    <Row Tag="LOC_DIPLO_REJECT_OPEN_BORDERS_FROM_HUMAN_LEADER_SULEIMAN_ANY">
      <Text>Topraklarim üzerinde hak iddia eden tek hükümdar benim ve sinirlarimdan geçemezsiniz.</Text>
    </Row>
    <Row Tag="LOC_DIPLO_OPEN_BORDERS_FROM_AI_LEADER_SULEIMAN_ANY">
      <Text>Sinirlarinizi bana açmalisiniz ve bunu yaparken ben de size kendi topraklarimda benzer bir ayricalik taniyacagim.</Text>
    </Row>
    <Row Tag="LOC_DIPLO_WARNING_TOO_MANY_TROOPS_NEAR_ME_LEADER_SULEIMAN_ANY">
      <Text>Sinirimda savas gösterileri yapmayin, çünkü bu beni öfkelendirir. Zaten imparatorlugumdaki pek çok kisi benim adima gücenmis durumda.</Text>
    </Row>
    <Row Tag="LOC_DIPLO_DEFEAT_FROM_AI_LEADER_SULEIMAN_ANY">
      <Text>Harabe! Harabe! Istanbul, sadece melankolik sairler tarafindan hatirlanan Sütunlarin Irami'na dönüsüyor.</Text>
    </Row>
    <Row Tag="LOC_DIPLO_REJECT_MAKE_DEAL_FROM_AI_LEADER_SULEIMAN_ANY">
      <Text>Imkansiz.</Text>
    </Row>
    <Row Tag="LOC_DIPLO_ACCEPT_MAKE_DEAL_FROM_AI_LEADER_SULEIMAN_ANY">
      <Text>Sanirim bunu bir sadaka ruhuyla yapabilirim.</Text>
    </Row>
  </BaseGameText>
</GameData>