﻿<?xml version="1.0" encoding="utf-8"?>
<GameData>
  <EnglishText>
    <!-- Admirals -->
    <Row Tag="LOC_GREATPERSON_YI_SUN_SIN_EXPANSION2_ACTIVE">
      <Text>Aninda 1 terfi seviyesine sahip bir Demirkiliç birimi olusturur. Dönüs basina 1 [ICON_RESOURCE_Coal] Kömür verir</Text>
    </Row>
    <Row Tag="LOC_GREATPERSON_FRANZ_VON_HIPPER_EXPANSION2_ACTIVE">
      <Text>Aninda 1 terfi seviyesine sahip bir Savas Gemisi birimi olusturur. Dönüs basina 1 [ICON_RESOURCE_Coal] Kömür verir.</Text>
    </Row>
    <Row Tag="LOC_GREATPERSON_CHESTER_NIMITZ_EXPANSION2_ACTIVE">
      <Text>Aninda 1 terfi seviyesine sahip bir Denizalti birimi olusturur. Dönüs basina 1 [ICON_RESOURCE_Oil] Petrol verir. Deniz Akincisi terfi sinifindaki birimlere +%20 [ICON_Production] Üretim.</Text>
    </Row>
    <Row Tag="LOC_GREATPERSON_ZHENG_HE_EXPANSION2_ACTIVE">
      <Text>Bu sehirde ücretsiz bir Tüccar birimi verir ve [ICON_TradeRoute] Ticaret Yolu kapasitesini 1 artirir. Bu sehre giden Yabanci [ICON_TradeRoute] Ticaret Yollari her iki sehre de +2 [ICON_Gold] Altin saglar.</Text>
    </Row>
    <Row Tag="LOC_GREATPERSON_RAJENDRA_CHOLA_EXPANSION2_ACTIVE">
      <Text>Tüm deniz birimleri için +3 [ICON_Strength] Savas Gücü.</Text>
    </Row>
    <Row Tag="LOC_GREATPERSON_LEIF_ERIKSON_EXPANSION2_ACTIVE">
      <Text>Tüm deniz birimleri için +1 görüs menzili. Tüm deniz birimlerinin normal teknoloji gereksinimi olmadan okyanus karolari üzerinde hareket etmesini saglar.</Text>
    </Row>
    <Row Tag="LOC_GREATPERSON_CHING_SHIH_EXPANSION2_ACTIVE">
      <Text>500 [ICON_Gold] Altin kazanin (Standart hizda). Askeri birimler deniz [ICON_TradeRoute] Ticaret Yollarini yagmaladiklarinda +%60 ödül alirlar.</Text>
    </Row>
    <Row Tag="LOC_GREATPERSON_THEMISTOCLES_EXPANSION2_ACTIVE">
      <Text>Aninda bir Quadrireme birimi olusturur. Deniz Menzilli terfi sinifindaki birimlere yönelik +%20 [ICON_Production] Üretim.</Text>
    </Row>
    <Row Tag="LOC_GREATPERSON_FRANCIS_DRAKE_EXPANSION2_ACTIVE">
      <Text>Aninda 1 terfi seviyesine sahip bir Özel Kuvvet birimi olusturur. Askeri birimler deniz [ICON_TradeRoute] Ticaret Yollarini yagmaladiklarinda +%50 ödül alirlar.</Text>
    </Row>
    <Row Tag="LOC_GREATPERSON_HORATIO_NELSON_EXPANSION2_ACTIVE">
      <Text>Bu bölgede aninda bir Deniz Feneri ve Tersane insa eder. Tüm donanma birimleri için +%50 kusatma bonusu.</Text>
    </Row>
    <Row Tag="LOC_GREATPERSON_GRACE_HOPPER_EXPANSION2_ACTIVE">
      <Text>Rastgele seçilen 2 ücretsiz teknoloji kazanin.</Text>
    </Row>
    <!-- Generals -->
    <Row Tag="LOC_GREATPERSON_DOUGLAS_MACARTHUR_EXPANSION2_ACTIVE">
      <Text>Aninda 1 terfi seviyesine sahip bir Tank birimi olusturur. Dönüs basina 1 [ICON_RESOURCE_Oil] Yag verir.</Text>
    </Row>
    <!-- Merchants -->
    <Row Tag="LOC_GREATPERSON_JOHN_ROCKEFELLER_EXPANSION2_ACTIVE">
      <Text>Dönüs basina 3 [ICON_RESOURCE_OIL] Petrol verir. [ICON_TradeRoute] Ticaret Yollariniz, hedef sehirdeki her Stratejik kaynak için +2 [ICON_Gold] Altin kazanir.</Text>
    </Row>
  </EnglishText>
</GameData>