﻿<?xml version="1.0" encoding="utf-8"?>
<GameData>
  <EnglishText>
    <!-- Natural Wonders -->
    <Row Tag="LOC_FEATURE_CHOCOLATEHILLS_QUOTE">
      <Text>"Kötü kral en hizli atiyla asiklar Juan ve Maria'nin pesine düsmüs. Onlari yakaladiginda Maria yüzügünü yere atti ve bir anda yedi yüksek tepe yükseldi ve kral yavasladi."[NEWLINE] - Filipino Folk Tale</Text>
    </Row>
    <Row Tag="LOC_FEATURE_DEVILSTOWER_QUOTE">
      <Text>"Yedi kiz ayilar tarafindan kovalaniyormus. Ayilar tam onlari yakalamak üzereyken kizlar alçak bir kayanin üzerine atlamislar. Kizlardan biri kayaya dua etmis: "Kaya bize aci, kaya bizi kurtar!" Kaya onlari duymus ve yukari dogru büyümeye baslamis, kizlari daha yüksege itmis."[NEWLINE] - Kiowa Efsanesi</Text>
    </Row>
    <Row Tag="LOC_FEATURE_GOBUSTAN_QUOTE">
      <Text>"O zaman mistik ölçünün agini örün [NEWLINE]Gökyüzünün derinliklerinden ve yeryüzünün uçlarindan,[NEWLINE]Gelin, kudretin ve zevkin hizli Ruhlari,[NEWLINE]Dansi ve nesenin müzigini doldurun."[NEWLINE] - Percy Bysshe Shelley</Text>
    </Row>
    <Row Tag="LOC_FEATURE_IKKIL_QUOTE">
      <Text>"Oglum, Tanri'nin yagmurunu gördün mü? Geçti ve Tanri daglarinin altina girdi. Tanri'nin suyunun geçtigi yerde gökyüzünde bir halka olacak."[NEWLINE] - Chilam Balam'in Kitaplari</Text>
    </Row>
    <Row Tag="LOC_FEATURE_PAMUKKALE_QUOTE">
      <Text>"Mesogis yakinlarinda, Laodikya'nin karsisinda, sicak su kaynaklarinin ve Plutonium'un bulundugu Hierapolis yer alir, her ikisinin de bazi benzersiz özellikleri vardir. Kaynaklarin suyu o kadar kolay birlesir ve tas haline gelir ki, su yollarindan geçirilirse tek bir tas parçasindan olusan barajlar olusur."[NEWLINE] - Strabon</Text>
    </Row>
    <Row Tag="LOC_FEATURE_VESUVIUS_QUOTE">
      <Text>"Deniz kendi üzerine yuvarlaniyor ve dünyanin sarsici hareketiyle kiyilarindan sürülüyor gibiydi  en azindan kiyinin önemli ölçüde genisledigi ve üzerinde birkaç deniz hayvani kaldigi kesindi. Diger tarafta, siyah ve korkunç bir bulut, hizli, zikzakli pariltilarla kiriliyor, arkasinda çesitli sekillerdeki alev kütlelerini ortaya çikariyordu..."[NEWLINE] - Genç Plinius</Text>
    </Row>
    <Row Tag="LOC_FEATURE_WHITEDESERT_QUOTE">
      <Text>"Kavmimden bir su tulumu doldurdum ve çöle gittim,[NEWLINE] Ve kurt ulurken bos arazilerde yürüdüm, ailesi açliktan ölen bir kumarbaz gibi."[NEWLINE] - Imru-ul-Kuais</Text>
    </Row>
    <!-- Technologies -->
    <Row Tag="LOC_TECH_BUTTRESS_QUOTE_1">
      <Text>"Bir mimar sehirlerde bir ressam kadar az yasamalidir. Onu tepelerimize gönderin ve orada doganin payandadan ne anladigini, kubbeden ne anladigini ögrensin."[NEWLINE] - John Ruskin</Text>
    </Row>
    <Row Tag="LOC_TECH_BUTTRESS_QUOTE_2">
      <Text>"Üstün geleni Tanrimin tapinaginda bir sütun yapacagim ve o artik disari çikmayacak."[NEWLINE] - Vahiy 3:12</Text>
    </Row>
    <Row Tag="LOC_TECH_REFINING_QUOTE_1">
      <Text>"Mühendislik, dogadaki büyük güç kaynaklarini insanin kullanimi ve rahatligi için yönlendirme sanatidir."[NEWLINE] - Thomas Tredgold</Text>
    </Row>
    <Row Tag="LOC_TECH_SEASTEADS_QUOTE_1">
      <Text>"Tekrar denizlere inmeliyim, serseri çingene hayatina, Rüzgarin bilenmis bir biçak gibi oldugu marti yoluna ve balina yoluna "[NEWLINE] - John Masefield</Text>
    </Row>
    <Row Tag="LOC_TECH_SEASTEADS_QUOTE_2">
      <Text>"Sonra firtina bulutlarinin yuttugu yere sürüyorsun, Ve kürek biçaklarinin sesi, bos düsüyor, Takip eden aylar boyunca elimizde kalan tek sey olarak."[NEWLINE] - Rudyard Kipling</Text>
    </Row>
    <Row Tag="LOC_TECH_ADVANCED_AI_QUOTE_1">
      <Text>"Hiçbir yalvaris, senin iyiligini ve merhametini isteyen yaratigina olumlu bir gözle bakmana neden olmayacak mi?"[NEWLINE] - Mary Shelley</Text>
    </Row>
    <Row Tag="LOC_TECH_ADVANCED_POWER_CELLS_QUOTE_1">
      <Text>"Eksik olan tamamlanir  egri olan düz olur  bos olan dolar  yipranmis olan yeni olur."[NEWLINE] - Tao Te Ching, Lao Tzu</Text>
    </Row>
    <Row Tag="LOC_TECH_CYBERNETICS_QUOTE_1">
      <Text>"Eger öbür dünyada bir is varsa, onu yapmalisiniz. Ne zaman çagrilirsaniz beni görün. Orada çalismak için her an tetikte olun. Tarlalarimi sürün, doguya ve batiya su ve kum tasiyin. Ne zaman çagrilirsaniz beni görün."[NEWLINE] - Misirli bir Usabti üzerindeki yazit</Text>
    </Row>
    <Row Tag="LOC_TECH_SMART_MATERIALS_QUOTE_1">
      <Text>"Yeryüzünden göge yükselir ve tekrar yeryüzüne iner ve üstün ve asagi seylerin gücünü alir."[NEWLINE] - Hermes Trismegistus</Text>
    </Row>
    <Row Tag="LOC_TECH_PREDICTIVE_SYSTEMS_QUOTE_1">
      <Text>"Düsman nereye saldirilacagini bilmiyorsa, her çeyrekte hazirlik yapmali ve böylece her yerde zayif olmalidir."[NEWLINE] - Sun Tzu</Text>
    </Row>
    <Row Tag="LOC_TECH_OFFWORLD_MISSION_QUOTE_1">
      <Text>"Hayir, dostlarim, dünyaya geri dönmedik  hayir, Meksika Körfezi'ne de batmadik. Evet! Uzaya dogru yükseliyoruz. Geceleyin parlayan su yildizlara ve yeryüzü ile aramizda yigilan su asilmaz karanliga bakin!"[NEWLINE] - Jules Verne</Text>
    </Row>
    <Row Tag="LOC_TECH_OFFWORLD_MISSION_QUOTE_2">
      <Text>"Bu siddetli Uçusta on bir Gün Geçtikten sonra, Ay dedigimiz Yildizin Küresi ya da Gövdesi olan baska bir Dünya'ya (eger öyle diyebilirsem) yaklasmaya basladigimizi fark ettim."[NEWLINE] - Francis Godwin</Text>
    </Row>
    <!-- Civics -->
    <Row Tag="LOC_CIVIC_DIGITAL_DEMOCRACY_QUOTE_1">
      <Text>"Cokluk, çokluk karar vadisinde, Cünkü karar vadisinde Rabbin günü yakindir."[NEWLINE] - Yoel 3:14</Text>
    </Row>
    <Row Tag="LOC_CIVIC_SYNTHETIC_TECHNOCRACY_QUOTE_1">
      <Text>"Her yerde mekanik dehaya, büyük bir genel keskinlige ve ayirt edici bir anlayisa sahip, Otomat'i saf bir makine, hareketlerinde insan eylemiyle baglantisi olmayan ve sonuç olarak, tüm karsilastirmalarin ötesinde, insanoglunun icatlarinin en sasirtici olani olarak ilan etmekte tereddüt etmeyen insanlar buluyoruz."[NEWLINE] - Edgar Allen Poe</Text>
    </Row>
    <Row Tag="LOC_CIVIC_CORPORATE_LIBERTARIANISM_QUOTE_1">
      <Text>"Birey kendi üzerinde, kendi bedeni ve zihni üzerinde egemendir."[NEWLINE] - John Stuart Mill</Text>
    </Row>
    <Row Tag="LOC_CIVIC_NEAR_FUTURE_GOVERNANCE_QUOTE_1">
      <Text>"Adalet, devletlerdeki insanlarin bagidir  çünkü adaletin idaresi, yani adil olanin belirlenmesi, siyasi toplumdaki düzenin ilkesidir."[NEWLINE] - Aristoteles</Text>
    </Row>
    <Row Tag="LOC_CIVIC_EXODUS_IMPERATIVE_QUOTE_1">
      <Text>"Bu, Ey En Sevgili, Yüksek ve Uzak Zamanlarin bir baska hikayesidir."[NEWLINE] - Rudyard Kipling</Text>
    </Row>
    <Row Tag="LOC_CIVIC_CULTURAL_HEGEMONY_QUOTE_1">
      <Text>"Ah, sevgilim, bugünü geçmis pismanliklardan ve gelecek korkulardan arindiran kadehi doldur -[NEWLINE]Yarina mi?"[NEWLINE]- "Yarin, dünün yedi bin yiliyla kendim[NEWLINE]olabilirim."[NEWLINE] - Edward FitzGerald</Text>
    </Row>
    <Row Tag="LOC_CIVIC_INFORMATION_WARFARE_QUOTE_1">
      <Text>"Her iki tarafi da taniyanin yüz savasta korkacak hiçbir seyi olmadigi söylenmistir..."[NEWLINE] - Sun Tzu</Text>
    </Row>
    <Row Tag="LOC_CIVIC_INFORMATION_WARFARE_QUOTE_2">
      <Text>"Düsman nereye saldirilacagini bilmiyorsa, her çeyrekte hazirlik yapmali ve böylece her yerde zayif olmalidir."[NEWLINE] - Sun Tzu</Text>
    </Row>
    <Row Tag="LOC_CIVIC_GLOBAL_WARMING_MITIGATION_QUOTE_1">
      <Text>"Bu zalimi sarp kayalara baglayin[NEWLINE] Adamantine baglarla, elle tutulmaz."[NEWLINE] - Aeschylus</Text>
    </Row>
    <Row Tag="LOC_CIVIC_SMART_POWER_DOCTRINE_QUOTE_1">
      <Text>"Kuvvete dayali tüm kurumlarin, yararsizliklari, aptalliklari ve hatta uygunsuzluklari herkes için asikar hale gelerek ortadan kalkacagi zaman gelecektir ve kaçinilmaz olarak gelmektedir."[NEWLINE] - Leo Tolstoy</Text>
    </Row>
    <Row Tag="LOC_CIVIC_ENVIRONMENTALISM_QUOTE_1">
      <Text>"Senin soyundan gelenlere bir ev hazirlamak için tekrar günesin isigina dönecegim."[NEWLINE] -Argonautica, Apollonius Rhodius</Text>
    </Row>
    <!-- World Wonders -->
    <Row Tag="LOC_BUILDING_GOLDEN_GATE_BRIDGE_QUOTE">
      <Text>"Uykunun altin kapilari açilir[NEWLINE]Güç ve Güzelligin bir araya geldigi yerde,[NEWLINE]Bir yildiz gibi[NEWLINE]Görüntülerini cam gibi havanin denizine birakirlar!"[NEWLINE] - Percy Bysshe Shelley</Text>
    </Row>
    <Row Tag="LOC_BUILDING_GREAT_BATH_QUOTE">
      <Text>"Yine de bu tutsak ve zayif elekte[NEWLINE]Hala askimin sularini döküyorum[NEWLINE]Ve hala kaybetmiyorum: böylece, Hintli gibi,[NEWLINE]Hatamda dindar, tapiyorum[NEWLINE]Tapanina bakan günese,[NEWLINE]Ama artik onu bilmiyor."[NEWLINE] - William Shakespeare</Text>
    </Row>
    <Row Tag="LOC_BUILDING_MACHU_PICCHU_QUOTE">
      <Text>"...Kartallar uçar, Kulelerin etrafinda, ve gökyüzüne bakar gibi [NEWLINE]Simdi çürümekte olan duvarlara bakarlar,[NEWLINE]Ve kaderlerinde olan avlarini sessizce dinlenmekten korkuturlar."[NEWLINE] - Samuel Prout Hill</Text>
    </Row>
    <Row Tag="LOC_BUILDING_MEENAKSHI_TEMPLE_QUOTE">
      <Text>"Seni selamliyoruz, Devi Meenakshi, bin milyon günes gibi parlayan, bilezikler ve çelenklerle süslenmis olan... O ki ugurludur, o ki varolusu temsil eder. Merhameti bir okyanus olan senin önünde her zaman egiliyorum."[NEWLINE] - Adi Shankara</Text>
    </Row>
    <Row Tag="LOC_BUILDING_ORSZAGHAZ_QUOTE">
      <Text>"Özyönetimle birlikte özgürlük, özgürlükle birlikte de adalet ve vatanseverlik gelir."[NEWLINE] - Lajos Kossuth</Text>
    </Row>
    <Row Tag="LOC_BUILDING_PANAMA_CANAL_QUOTE">
      <Text>"Yer yerinden oynasa da, daglar denizin ortasina sürüklense de, sular kükreyip çalkalansa da, daglar kabararak sarsilsa da korkmayacagiz."[NEWLINE] - Mezmurlar 46:2-3</Text>
    </Row>
    <Row Tag="LOC_BUILDING_UNIVERSITY_SANKORE_QUOTE">
      <Text>"Âlimler peygamberlerin varisleridir  çünkü peygamberler geride mal degil, ilim miras birakmislardir."[NEWLINE] - Müsned-i Bezzar 10\68</Text>
    </Row>
  </EnglishText>
</GameData>