﻿<?xml version="1.0" encoding="utf-8"?>
<!-- edited with XMLSPY v2004 rel. 2 U (http://www.xmlspy.com) by Ed Beach (Firaxis Games) -->
<GameData>
  <EnglishText>
    <Row Tag="LOC_UNIT_SKIRMISHER_NAME">
      <Text>Skirmisher</Text>
    </Row>
    <Row Tag="LOC_UNIT_SKIRMISHER_DESCRIPTION">
      <Text>Ortaçag Dönemi kesif birimi.</Text>
    </Row>
    <Row Tag="LOC_UNIT_COURSER_NAME">
      <Text>Courser</Text>
    </Row>
    <Row Tag="LOC_UNIT_COURSER_DESCRIPTION">
      <Text>Ortaçag Dönemi hafif süvari birligi.</Text>
    </Row>
    <Row Tag="LOC_UNIT_CUIRASSIER_NAME">
      <Text>Cuirassier</Text>
    </Row>
    <Row Tag="LOC_UNIT_CUIRASSIER_DESCRIPTION">
      <Text>Sanayi Cagi agir süvari birligi.</Text>
    </Row>
    <Row Tag="LOC_UNIT_GIANT_DEATH_ROBOT_NAME">
      <Text>Dev Ölüm Robotu</Text>
    </Row>
    <Row Tag="LOC_UNIT_GIANT_DEATH_ROBOT_DESCRIPTION">
      <Text>Bilgi Cagi Süper Birimi. Suda hareket edebilir ve savasabilir. Kitle Imha Silahlarina karsi dayaniklidir. Gelecekteki teknolojiler arastirilarak savas yetenekleri yükseltilebilir.</Text>
    </Row>
    <Row Tag="LOC_UNIT_MILITARY_ENGINEER_DESCRIPTION">
      <Text>Ortaçag dönemi destek birimi. Üretmek için bir Cephanelik gerektirir. Yollar, Kaleler, Uçak Pistleri ve Füze Silolari insa edebilir.</Text>
    </Row>
    <Row Tag="LOC_UNIT_MILITARY_ENGINEER_ALT_DESCRIPTION">
      <Text>Ortaçag dönemi destek birimi. Üretmek için bir Cephanelik gerektirir. Yollar, Demiryollari, Kaleler, Uçak Pistleri, Füze Silolari ve Dag Tüneli iyilestirmeleri insa edebilir. Insa ücretlerinden biri ayrica bir Kanal, Baraj veya Su Kemeri bölgesinin %20'sini veya bir Sel Bariyeri binasini tamamlamak için kullanilabilir.</Text>
    </Row>
    <!--Rock Band Text-->
    <Row Tag="LOC_UNIT_ROCK_BAND_NAME">
      <Text>Rock Band</Text>
    </Row>
    <Row Tag="LOC_UNIT_ROCK_BAND_DESCRIPTION">
      <Text>Harikalar da dahil olmak üzere geçerli bir mekanda, gerekli binalardan birine sahip bir Bölgede veya grubun promosyonlarindan biri tarafindan izin verilen özel bir hedefte bir rock konseri gerçeklestirebilir. Albüm Satislari istatistikleri bir sonraki konserlerinde beklenen [ICON_TOURISM] Turizm gücüdür. Konser verdikten sonra Albüm Satislari ve Rock Grubu Seviyeleri artabilir. [ICON_Faith] Inanç ile satin alinmalidir. Ayni karede iki kez performans sergileyemez.</Text>
    </Row>
    <Row Tag="LOC_RESULT_LEGENDS_OF_ROCK_NAME">
      <Text>Rock Efsaneleri</Text>
    </Row>
    <Row Tag="LOC_RESULT_HEADLINERS_NAME">
      <Text>Basrol Oyunculari</Text>
    </Row>
    <Row Tag="LOC_RESULT_RISING_STARS_NAME">
      <Text>Yükselen Yildizlar</Text>
    </Row>
    <Row Tag="LOC_RESULT_OPENING_ACT_NAME">
      <Text>Açilis Gösterisi</Text>
    </Row>
    <Row Tag="LOC_RESULT_CREATIVE_DIFFERENCES_NAME">
      <Text>Yaratici Farkliliklar</Text>
    </Row>
    <Row Tag="LOC_RESULT_AGING_ROCKERS_NAME">
      <Text>Yaslanan Rockçilar</Text>
    </Row>
    <!--Updated Text-->
    <Row Tag="LOC_UNIT_INQUISITOR_EXPANSION2_DESCRIPTION">
      <Text>Bölgelerindeki diger Dinlerin varligini %75 oraninda azaltabilir ve diger Dinlerin birimleriyle teolojik savas baslatabilir.</Text>
    </Row>
    <Row Tag="LOC_UNIT_BATTERING_RAM_EXPANSION2_DESCRIPTION">
      <Text>Antik çag destek birimi. Bir sehre bitisik oldugunda, saldiran yakin dövüs ve anti-süvari birimleri sehrin Surlarina tam hasar verir. Orta Cag veya Rönesans Surlari olan sehirleri etkilemez. Sehir Savunmalarina karsi etkisizdir.</Text>
    </Row>
    <Row Tag="LOC_UNIT_SIEGE_TOWER_EXPANSION2_DESCRIPTION">
      <Text>Ortaçag dönemi destek birimi. Bir sehre bitisikken, saldiran yakin dövüs ve anti-süvari birimleri Surlari yok sayar ve hemen sehre saldirir. Rönesans Surlari olan sehirleri etkilemez. Sehir Savunmalarina karsi etkisizdir.</Text>
    </Row>
  </EnglishText>
</GameData>