﻿<?xml version="1.0" encoding="utf-8"?>
<GameData>
  <EnglishText>
    <Row Tag="LOC_TECH_BUTTRESS_NAME">
      <Text>Payanda</Text>
    </Row>
    <Row Tag="LOC_TECH_REFINING_NAME">
      <Text>Aritma</Text>
    </Row>
    <Row Tag="LOC_TECH_COMPUTERS_DESCRIPTION">
      <Text>Ilave bir Spy insa etme yetenegi verir. Imparatorlugunuz genelinde +%100 [ICON_Tourism] Turizm.</Text>
    </Row>
    <Row Tag="LOC_TECH_SEASTEADS_NAME">
      <Text>Seasteads</Text>
    </Row>
    <Row Tag="LOC_TECH_SEASTEADS_DESCRIPTION">
      <Text>1 Diplomatik Zafer puani verir.</Text>
    </Row>
    <Row Tag="LOC_TECH_ADVANCED_AI_NAME">
      <Text>Gelismis Yapay Zeka</Text>
    </Row>
    <Row Tag="LOC_TECH_ADVANCED_AI_DESCRIPTION">
      <Text>Dev Ölüm Robotu yükseltmesinin kilidini açar: Drone Hava Savunmasi[NEWLINE]+100 [ICON_AntiAir_Large] Hava Karsiti Güç.</Text>
    </Row>
    <Row Tag="LOC_TECH_ADVANCED_POWER_CELLS_NAME">
      <Text>Gelismis Güç Hücreleri</Text>
    </Row>
    <Row Tag="LOC_TECH_ADVANCED_POWER_CELLS_DESCRIPTION">
      <Text>Birimlerden kaynaklanan CO2 emisyonlari %50 azaltildi%. Dev Ölüm Robotu yükseltmesinin kilidini açar: Parçacik Isinli Kusatma Topu[NEWLINE]Sehirlere ve Kamplara karsi menzilli saldirilar %100 etkilidir ve +30 [ICON_Ranged] Menzilli Güç kazanir.</Text>
    </Row>
    <Row Tag="LOC_TECH_CYBERNETICS_NAME">
      <Text>Sibernetik</Text>
    </Row>
    <Row Tag="LOC_TECH_CYBERNETICS_DESCRIPTION">
      <Text>Dev Ölüm Robotu yükseltmesinin kilidini açar: Gelistirilmis Hareketlilik[NEWLINE]+3 [ICON_Movement] Hareket. Dag arazisinden geçmek için Ziplama eylemi gerçeklestirebilir.</Text>
    </Row>
    <Row Tag="LOC_TECH_SMART_MATERIALS_NAME">
      <Text>Akilli Malzemeler</Text>
    </Row>
    <Row Tag="LOC_TECH_SMART_MATERIALS_DESCRIPTION">
      <Text>Dev Ölüm Robotu yükseltmesinin kilidini açar: Kara ve deniz birimlerine karsi savunma yaparken Güçlendirilmis Zirh Kaplama[NEWLINE]+10 [ICON_Strength] Savas Gücü.</Text>
    </Row>
    <Row Tag="LOC_TECH_PREDICTIVE_SYSTEMS_NAME">
      <Text>Tahmine Dayali Sistemler</Text>
    </Row>
    <Row Tag="LOC_TECH_PREDICTIVE_SYSTEMS_DESCRIPTION">
      <Text>+1 [ICON_Production] Tas Ocagi, Petrol Kuyusu ve Petrol Sondaji iyilestirmeleri için üretim.</Text>
    </Row>
    <Row Tag="LOC_TECH_OFFWORLD_MISSION_NAME">
      <Text>Dünya Disi Görev</Text>
    </Row>
    <Row Tag="LOC_TECH_FUTURE_TECH_XP2_DESCRIPTION">
      <Text>Birden fazla kez tamamlanabilir ve Puan Zaferi'ne dogru puanlarinizi artirir. Ayrica her tamamlandiginda tüm sehirlerinize sehir projeleri için +%5 [ICON_Production] Üretim saglar.</Text>
    </Row>
    <Row Tag="LOC_BOOST_TRIGGER_ADVANCED_BALLISTICS">
      <Text>2 Enerji Santrali insa edin.</Text>
    </Row>
    <Row Tag="LOC_BOOST_TRIGGER_BUTTRESS">
      <Text>Klasik dönem veya sonrasi bir harika insa edin</Text>
    </Row>
    <Row Tag="LOC_BOOST_TRIGGER_LONGDESC_BUTTRESS">
      <Text>Klasik dünyanin bir harikasini tamamladiginiza göre, mimarlariniz bundan sonra ne insa edecek?</Text>
    </Row>
    <Row Tag="LOC_BOOST_TRIGGER_REFINING">
      <Text>1 Kömür Santrali insa edin.</Text>
    </Row>
    <Row Tag="LOC_BOOST_TRIGGER_LONGDESC_REFINING">
      <Text>Ülkeniz artik enerjiye sahip. Ancak bilim adamlariniz alternatif enerji kaynaklari gelistirmek için çoktan çalismaya basladilar.</Text>
    </Row>
    <Row Tag="LOC_BOOST_TRIGGER_CASTLES">
      <Text>6 politika yuvasi olan bir hükümetiniz olsun.</Text>
    </Row>
    <Row Tag="LOC_BOOST_TRIGGER_COMPUTERS">
      <Text>8 politika yuvasi olan bir hükümetiniz olsun.</Text>
    </Row>
    <Row Tag="LOC_BOOST_TRIGGER_MUST_STEAL_NO_GREAT_SCIENTIST">
      <Text>Spy ile güçlendirin.</Text>
    </Row>
    <Row Tag="LOC_BOOST_TRIGGER_ADVANCED_FLIGHT_XP2">
      <Text>2 Cift kanatli uçak insa edin.</Text>
    </Row>
    <Row Tag="LOC_BOOST_TRIGGER_ELECTRICITY_XP2">
      <Text>2 Privateers'im var.</Text>
    </Row>
    <Row Tag="LOC_BOOST_TRIGGER_INDUSTRIALIZATION_XP2">
      <Text>2 Atölye Olusturun.</Text>
    </Row>
    <Row Tag="LOC_BOOST_TRIGGER_LASERS_XP2">
      <Text>2 Drone insa edin.</Text>
    </Row>
    <Row Tag="LOC_BOOST_TRIGGER_LONGDESC_LASERS_XP2">
      <Text>Drone'larimiz havadayken, isigi rafine etmek ve odaklamak giderek daha önemli hale geliyor.</Text>
    </Row>
    <Row Tag="LOC_BOOST_TRIGGER_NUCLEAR_FUSION_XP2">
      <Text>Bir Nükleer Enerji Santrali insa edin.</Text>
    </Row>
    <Row Tag="LOC_BOOST_TRIGGER_LONGDESC_NUCLEAR_FUSION_XP2">
      <Text>Atomu parçalara ayirdik, simdi onlari bir araya getirelim!</Text>
    </Row>
    <!--Updates-->
    <Row Tag="LOC_TECH_GUNPOWDER_DESCRIPTION">
      <Text>Tas ocagi iyilestirmeleri +1 [ICON_Production] Üretim alir. Süleyman (Kanuni) için bir [ICON_GOVERNOR] Vali unvaninin kilidini açar.</Text>
    </Row>
    <Row Tag="LOC_TECH_REPLACEABLE_PARTS_DESCRIPTION">
      <Text>Ciftlik iyilestirmelerini Mekanize Tarima yükseltir. Bitisik olduklari her Ciftlik iyilestirmesi için +1 [ICON_Food] Gida Bitisiklik bonusu.</Text>
    </Row>
    <Row Tag="LOC_TECH_ROBOTICS_DESCRIPTION">
      <Text>+1 [ICON_Production] Meralara Üretim.</Text>
    </Row>
    <Row Tag="LOC_TECH_SYNTHETIC_MATERIALS_DESCRIPTION">
      <Text>+1 [ICON_Gold] Kamplara Altin.</Text>
    </Row>
  </EnglishText>
</GameData>