﻿<?xml version="1.0" encoding="utf-8"?>
<!-- edited with XMLSPY v2004 rel. 2 U (http://www.xmlspy.com) by Ed Beach (Firaxis Games) -->
<GameData>
  <EnglishText>
    <!--Civics-->
    <Row Tag="LOC_CIVIC_ENVIRONMENTALISM_NAME">
      <Text>Cevrecilik</Text>
    </Row>
    <Row Tag="LOC_CIVIC_ENVIRONMENTALISM_DESCRIPTION">
      <Text>Imparatorlugunuz genelinde +%25 [ICON_Tourism] Turizm.</Text>
    </Row>
    <Row Tag="LOC_CIVIC_CORPORATE_LIBERTARIANISM_NAME">
      <Text>Girisim Politikalari</Text>
    </Row>
    <Row Tag="LOC_CIVIC_DIGITAL_DEMOCRACY_NAME">
      <Text>Dagitilmis Egemenlik</Text>
    </Row>
    <Row Tag="LOC_CIVIC_SYNTHETIC_TECHNOCRACY_NAME">
      <Text>Optimizasyon Zorunlulugu</Text>
    </Row>
    <Row Tag="LOC_CIVIC_NEAR_FUTURE_GOVERNANCE_NAME">
      <Text>Yakin Gelecekte Yönetisim</Text>
    </Row>
    <Row Tag="LOC_CIVIC_GLOBAL_WARMING_MITIGATION_NAME">
      <Text>Küresel Isinmanin Azaltilmasi</Text>
    </Row>
    <Row Tag="LOC_CIVIC_SMART_POWER_DOCTRINE_NAME">
      <Text>Akilli Güç Doktrini</Text>
    </Row>
    <Row Tag="LOC_CIVIC_INFORMATION_WARFARE_NAME">
      <Text>Bilgi Savasi</Text>
    </Row>
    <Row Tag="LOC_CIVIC_EXODUS_IMPERATIVE_NAME">
      <Text>Cikis Zorunlulugu</Text>
    </Row>
    <Row Tag="LOC_CIVIC_CULTURAL_HEGEMONY_NAME">
      <Text>Kültürel Hegemonya</Text>
    </Row>
    <Row Tag="LOC_CIVIC_GLOBAL_WARMING_MITIGATION_DESCRIPTION">
      <Text>1 Diplomatik Zafer puani verir.</Text>
    </Row>
    <Row Tag="LOC_CIVIC_FUTURE_CIVIC_XP2_DESCRIPTION">
      <Text>Birden fazla kez tamamlanabilir ve Puan Zaferi'ne dogru puanlarinizi artirir. Ayrica her tamamlandiginda 1 [ICON_Governor] Vali unvani ve 50 [ICON_Favor] Diplomatik Iyilik kazandirir.</Text>
    </Row>
    <!--Civic Boosts-->
    <Row Tag="LOC_BOOST_TRIGGER_ENVIRONMENTALISM">
      <Text>2 Günes Enerjisi Ciftligi Kurun.</Text>
    </Row>
    <Row Tag="LOC_BOOST_TRIGGER_LONGDESC_ENVIRONMENTALISM">
      <Text>Calisanlariniz günes enerjisinin bir fikirden daha fazlasi oldugunu, potansiyel olarak enerji üretiminin gelecegi oldugunu kanitliyor.</Text>
    </Row>
    <Row Tag="LOC_BOOST_TRIGGER_CORPORATE_LIBERTARIANISM">
      <Text>Bir Uranyum Madeni insa et.</Text>
    </Row>
    <Row Tag="LOC_BOOST_TRIGGER_LONGDESC_CORPORATE_LIBERTARIANISM">
      <Text>Kritik bir savunma kaynaginin gelistirilmesi, is dünyasi ve hükümet arasinda yeni bir iliskiye yol açar.</Text>
    </Row>
    <Row Tag="LOC_BOOST_TRIGGER_DIGITAL_DEMOCRACY">
      <Text>Bir Rock grubuna sahip ol.</Text>
    </Row>
    <Row Tag="LOC_BOOST_TRIGGER_LONGDESC_DIGITAL_DEMOCRACY">
      <Text>Rock grubuyla sözlesmeyi imzalamayi bitiriyorsunuz. "Her neyse" diyorlar ama turneye baslamak için ne kadar heyecanli olduklarini görüyorsunuz.</Text>
    </Row>
    <Row Tag="LOC_BOOST_TRIGGER_SYNTHETIC_TECHNOCRACY">
      <Text>Robotik teknolojisini arastirin.</Text>
    </Row>
    <Row Tag="LOC_BOOST_TRIGGER_LONGDESC_SYNTHETIC_TECHNOCRACY">
      <Text>Bilgisayar kontrolündeki robotik uzuvlarin zarif dansi mühendislerinize ve bilim insanlariniza ilham veriyor.</Text>
    </Row>
    <Row Tag="LOC_BOOST_TRIGGER_NEAR_FUTURE_GOVERNANCE">
      <Text>Dogal 10 politika yuvasina sahip bir hükümet benimseyin.</Text>
    </Row>
    <Row Tag="LOC_BOOST_TRIGGER_LONGDESC_NEAR_FUTURE_GOVERNANCE">
      <Text>Gelismis bir yönetim biçimini benimsemis olan halkiniz, sivil yasami daha da ileriye götürmeyi düsünüyor.</Text>
    </Row>
    <Row Tag="LOC_BOOST_TRIGGER_CAPITALISM_XP2">
      <Text>2 Menkul Kiymetler Borsasi olusturun.</Text>
    </Row>
    <Row Tag="LOC_BOOST_TRIGGER_GLOBALIZATION_XP2">
      <Text>2 Havaalani insa edin.</Text>
    </Row>
    <Row Tag="LOC_BOOST_TRIGGER_PROFESSIONAL_SPORTS_XP2">
      <Text>2 Eglence Kompleksi bölgesi olusturun.</Text>
    </Row>
    <!--Governments-->
    <Row Tag="LOC_GOVT_INHERENT_BONUS_DEMOCRACY_XP2">
      <Text>Bir Müttefik veya Suzerain sehrine giden [ICON_TradeRoute] Ticaret Yollariniz her iki sehir için de +4 [ICON_Food] Gida ve +4 [ICON_Production] Üretim saglar. Tüm müttefiklerle Ittifak Puanlari her turda ek bir .25 artar.</Text>
    </Row>
    <Row Tag="LOC_GOVT_ACCUMULATED_BONUS_BRIEF_COMMUNISM_XP2">
      <Text>+%10 [ICON_Science] Bilim.</Text>
    </Row>
    <Row Tag="LOC_GOVERNMENT_CORPORATE_LIBERTARIANISM_NAME">
      <Text>Kurumsal Özgürlükçülük</Text>
    </Row>
    <Row Tag="LOC_GOVT_INHERENT_BONUS_CORPORATE_LIBERTARIANISM">
      <Text>Ticari Merkezler ve Kamplar sehirlere +%10 [ICON_Production] Üretim saglar ve iyilestirmelerle kaynak biriktirmek tur basina +1 saglar.</Text>
    </Row>
    <Row Tag="LOC_GOVT_ACCUMULATED_BONUS_BRIEF_CORPORATE_LIBERTARIANISM">
      <Text>-10% [ICON_Science] Bilim.</Text>
    </Row>
    <Row Tag="LOC_GOVERNMENT_DIGITAL_DEMOCRACY_NAME">
      <Text>Dijital Demokrasi</Text>
    </Row>
    <Row Tag="LOC_GOVT_INHERENT_BONUS_DIGITAL_DEMOCRACY">
      <Text>Tüm sehirlerde +2 [ICON_Amenities] Olanaklar ve Uzmanlik Bölgesi basina +2 [ICON_Culture] Kültür.</Text>
    </Row>
    <Row Tag="LOC_GOVT_ACCUMULATED_BONUS_BRIEF_DIGITAL_DEMOCRACY">
      <Text>Tüm birimler için -3 [ICON_Strength] Savas Gücü.</Text>
    </Row>
    <Row Tag="LOC_GOVERNMENT_SYNTHETIC_TECHNOCRACY_NAME">
      <Text>Sentetik Teknokrasi</Text>
    </Row>
    <Row Tag="LOC_GOVT_INHERENT_BONUS_SYNTHETIC_TECHNOCRACY">
      <Text>Tüm sehirlerde +3 [ICON_Power] Güç ve tüm sehir projelerine yönelik +%30 [ICON_Production] Üretim.</Text>
    </Row>
    <Row Tag="LOC_GOVT_ACCUMULATED_BONUS_BRIEF_SYNTHETIC_TECHNOCRACY">
      <Text>-10% [ICON_Tourism] Turizm.</Text>
    </Row>
    <!--Policies-->
    <Row Tag="LOC_POLICY_FUTURE_VICTORY_SCIENCE_NAME">
      <Text>Havacilik ve Uzay Müteahhitleri</Text>
    </Row>
    <Row Tag="LOC_POLICY_FUTURE_VICTORY_SCIENCE_DESCRIPTION">
      <Text>Uzay limani olan sehirler tur basina +3 [ICON_RESOURCE_ALUMINUM] Alüminyum ve +3 [ICON_Power] Güç kazanir.</Text>
    </Row>
    <Row Tag="LOC_POLICY_FUTURE_COUNTER_CULTURE_NAME">
      <Text>Uzay Turizmi</Text>
    </Row>
    <Row Tag="LOC_POLICY_FUTURE_COUNTER_CULTURE_DESCRIPTION">
      <Text>[ICON_Tourism] Diger oyuncularin turizmi sizin uygarliginiza karsi %20 azalir.</Text>
    </Row>
    <Row Tag="LOC_POLICY_FUTURE_VICTORY_CULTURE_NAME">
      <Text>Hallyu</Text>
    </Row>
    <Row Tag="LOC_POLICY_FUTURE_VICTORY_CULTURE_DESCRIPTION">
      <Text>Rock Band birimleriniz olasi tüm promosyonlar arasindan seçim yapabilir.</Text>
    </Row>
    <Row Tag="LOC_POLICY_FUTURE_COUNTER_SCIENCE_NAME">
      <Text>Devlet Disi Aktörler</Text>
    </Row>
    <Row Tag="LOC_POLICY_FUTURE_COUNTER_SCIENCE_DESCRIPTION">
      <Text>Casus birimleriniz olasi herhangi bir terfi arasindan seçim yapabilir.</Text>
    </Row>
    <Row Tag="LOC_POLICY_FUTURE_VICTORY_DOMINATION_NAME">
      <Text>Entegre Saldiri Lojistigi</Text>
    </Row>
    <Row Tag="LOC_POLICY_FUTURE_VICTORY_DOMINATION_DESCRIPTION">
      <Text>Dönüse düsman bölgesinde baslanirsa +1 Hareket. Dev Ölüm Robotlari için +%50 [ICON_Production] Üretim.</Text>
    </Row>
    <Row Tag="LOC_POLICY_FUTURE_COUNTER_DIPLOMATIC_NAME">
      <Text>Rabblerousing</Text>
    </Row>
    <Row Tag="LOC_POLICY_FUTURE_COUNTER_DIPLOMATIC_DESCRIPTION">
      <Text>Dünya Kongresinde bir oyuncunun Diplomatik Zafer puanini düsürdügünüzde, harcadiginiz [ICON_Favor] Diplomatik Iyiligin %50'sini geri alin. Her tur için +1 [ICON_Favor] Diplomatik Iyilik.</Text>
    </Row>
    <Row Tag="LOC_POLICY_FUTURE_VICTORY_DIPLOMATIC_NAME">
      <Text>Diplomatik Sermaye</Text>
    </Row>
    <Row Tag="LOC_POLICY_FUTURE_VICTORY_DIPLOMATIC_DESCRIPTION">
      <Text>Her tur için +4 [ICON_Favor] Diplomatik Iyilik.</Text>
    </Row>
    <Row Tag="LOC_POLICY_FUTURE_COUNTER_DOMINATION_NAME">
      <Text>Küresel Koalisyon</Text>
    </Row>
    <Row Tag="LOC_POLICY_FUTURE_COUNTER_DOMINATION_DESCRIPTION">
      <Text>Dost bölgedeki birimler için +7 [ICON_Strength] Savas Gücü.</Text>
    </Row>
    <Row Tag="LOC_POLICY_EQUESTRIAN_ORDERS_NAME">
      <Text>Binicilik Siparisleri</Text>
    </Row>
    <Row Tag="LOC_POLICY_EQUESTRIAN_ORDERS_DESCRIPTION">
      <Text>Tüm gelistirilmis [ICON_RESOURCE_HORSES] Atlar ve [ICON_RESOURCE_IRON] Demir kaynaklari tur basina 1 ek kaynak saglar.</Text>
    </Row>
    <Row Tag="LOC_POLICY_DRILL_MANUALS_NAME">
      <Text>Matkap Kilavuzlari</Text>
    </Row>
    <Row Tag="LOC_POLICY_DRILL_MANUALS_DESCRIPTION">
      <Text>Tüm gelistirilmis [ICON_RESOURCE_NITER] Niter ve [ICON_RESOURCE_COAL] Kömür kaynaklari tur basina 1 ek kaynak saglar.</Text>
    </Row>
    <Row Tag="LOC_POLICY_RETINUES_NAME">
      <Text>Retinues</Text>
    </Row>
    <Row Tag="LOC_POLICY_RETINUES_DESCRIPTION">
      <Text>Tüm ünite yükseltmelerinde %50 kaynak indirimi.</Text>
    </Row>
    <Row Tag="LOC_POLICY_FORCE_MODERNIZATION_NAME">
      <Text>Kuvvet Modernizasyonu</Text>
    </Row>
    <Row Tag="LOC_POLICY_FORCE_MODERNIZATION_DESCRIPTION">
      <Text>50 [ICON_Gold] Tüm birim yükseltmelerinde altin ve kaynak indirimi.</Text>
    </Row>
    <Row Tag="LOC_POLICY_MUSIC_CENSORSHIP_NAME">
      <Text>Müzik Sansürü</Text>
    </Row>
    <Row Tag="LOC_POLICY_MUSIC_CENSORSHIP_DESCRIPTION">
      <Text>Diger oyuncularin Rock Gruplari bölgenize giremez. Nüfusu 10 veya daha fazla [ICON_Citizen] olan tüm sehirlerinizde -1 [ICON_Amenities] Cevre.</Text>
    </Row>
    <Row Tag="LOC_POLICY_FLOWER_POWER_NAME">
      <Text>Ciçek Gücü</Text>
    </Row>
    <Row Tag="LOC_POLICY_FLOWER_POWER_DESCRIPTION">
      <Text>Su anda savasta olmayan tüm Medeniyetler Konserlerinizden [ICON_TOURISM] Turizmin +%100'ünü alir [NEWLINE] ANCAK: Rock Gruplari disindaki birimler için üretim maliyeti %100 azalir ve satin alma +%100 olur.</Text>
    </Row>
    <Row Tag="LOC_POLICY_CYBER_WARFARE_NAME">
      <Text>Siber Savas</Text>
    </Row>
    <Row Tag="LOC_POLICY_CYBER_WARFARE_DESCRIPTION">
      <Text>Bilgi ve Gelecek Caglarindan birimlere karsi +10 [ICON_Strength] Savas Gücü. [NEWLINE]ANCAK: [ICON_STAT_GRIEVANCE] Size karsi olan sikayetler çürümez.</Text>
    </Row>
    <Row Tag="LOC_POLICY_AUTOMATED_WORKFORCE_NAME">
      <Text>Otomatik Is Gücü</Text>
    </Row>
    <Row Tag="LOC_POLICY_AUTOMATED_WORKFORCE_DESCRIPTION">
      <Text>Sehirleriniz, sehir projelerine yönelik +%20 [ICON_Production] Üretim kazanir. [NEWLINE] ANCAK: Sehirlerinizde tur basina -1 [ICON_Amenities] Dostluk ve -5 Sadakat.</Text>
    </Row>
    <Row Tag="LOC_POLICY_DISINFORMATION_CAMPAIGN_NAME">
      <Text>Dezenformasyon Kampanyasi</Text>
    </Row>
    <Row Tag="LOC_POLICY_DISINFORMATION_CAMPAIGN_DESCRIPTION">
      <Text>Her Yayin Merkezi için tur basina +3 [ICON_Favor] Diplomatik Iyilik. [NEWLINE]FAKAT: Tüm sehirlerde -10% [ICON_SCIENCE] Bilim ve [ICON_Culture] Kültür.</Text>
    </Row>
    <!--Updated-->
    <Row Tag="LOC_POLICY_SCIENCE_FOUNDATIONS_NAME">
      <Text>Bilim Temelleri</Text>
    </Row>
    <Row Tag="LOC_POLICY_PROFESSIONAL_ARMY_DESCRIPTION_XP2">
      <Text>Tüm birim yükseltmelerinde %50 [ICON_Gold] Altin indirimi.</Text>
    </Row>
    <Row Tag="LOC_POLICY_RESOURCE_MANAGEMENT_DESCRIPTION_XP2">
      <Text>Tüm gelistirilmis [ICON_RESOURCE_ALUMINUM] Alüminyum ve [ICON_RESOURCE_OIL] Petrol kaynaklari tur basina 1 ek kaynak saglar.</Text>
    </Row>
    <Row Tag="LOC_POLICY_FINEST_HOUR_DESCRIPTION_XP2">
      <Text>Tüm birimler kendi bölgelerinde veya bölgelerine bitisik savasirken +5 [ICON_Strength] Savas Gücü.</Text>
    </Row>
    <Row Tag="LOC_POLICY_NEW_DEAL_DESCRIPTION_XP2">
      <Text>En az 3 uzmanlik bölgesi olan tüm sehirlere +4 [ICON_Housing] Konut ve +2 [ICON_Amenities] Olanaklar.</Text>
    </Row>
    <Row Tag="LOC_POLICY_THIRD_ALTERNATIVE_DESCRIPTION_XP2">
      <Text>Her Arastirma Laboratuvari, Askeri Akademi, Kömür Enerji Santrali, Petrol Enerji Santrali ve Nükleer Enerji Santralinden +2 [ICON_Culture] Kültür ve +4 [ICON_Gold] Altin.</Text>
    </Row>
    <Row Tag="LOC_POLICY_MARTIAL_LAW_DESCRIPTION_XP2">
      <Text>Normalden %25 daha az savas yorgunlugu biriktirin. Garnizonlu bir birime sahip sehirler tur basina +4 Sadakat kazanir.</Text>
    </Row>
    <Row Tag="LOC_POLICY_COLLECTIVIZATION_DESCRIPTION_XP2">
      <Text>+2 [ICON_Production] Üretim ve +4 [ICON_Food] Yurtiçi [ICON_TradeRoute] Ticaret Yollarindan Gida.</Text>
    </Row>
    <Row Tag="LOC_POLICY_DEFENSE_OF_MOTHERLAND_DESCRIPTION_XP2">
      <Text>Bölgenizdeki çatismalardan dolayi savas yorgunlugu yok. Modern, Atomik ve Bilgi çagi destek birimleri için +%100 [ICON_Production] Üretim.</Text>
    </Row>
    <Row Tag="LOC_CIVIC_MERCANTILISM_DESCRIPTION">
      <Text>Kamp iyilestirmeleri +1 [ICON_Production] Üretim ve +1 [ICON_Food] Gida alir.</Text>
    </Row>
    <Row Tag="LOC_CIVIC_FEUDALISM_DESCRIPTION">
      <Text>Ciftlik iyilestirmeleri artik her 2 komsu Ciftlik iyilestirmesinden +1 [ICON_Food] Gida kazaniyor.</Text>
    </Row>
    <Row Tag="LOC_CIVIC_COLONIALISM_DESCRIPTION">
      <Text>Ödüller 2 [ICON_Envoy] Elçiler.</Text>
    </Row>
    <Row Tag="LOC_POLICY_VETERANCY_DESCRIPTION_XP2">
      <Text>Kamp bölgeleri, Liman bölgeleri ve bu bölgelerdeki binalar için +%30 [ICON_Production] Üretim.</Text>
    </Row>
    <Row Tag="LOC_POLICY_RAJ_DESCRIPTION_XP2">
      <Text>Suzerain'i oldugunuz her sehir devletinden +2 [ICON_Science] Bilim, [ICON_Culture] Kültür, [ICON_Faith] Inanç ve [ICON_Gold] Altin. [ICON_TradeRoute] Sehir Devletlerine giden Ticaret Yollari +2 [ICON_GOLD] Altin alir.</Text>
    </Row>
    <Row Tag="LOC_POLICY_PUBLIC_TRANSPORT_DESCRIPTION_XP2">
      <Text>Büyüleyici çekicilige sahip Mahalleler +3 Gida [ICON_Food] ve +1 Üretim [ICON_Production] alir, Nefes Kesici Mahallelere her bir verim için +1 ek verilir. Tüm Mahalleler +1 [ICON_Gold] Altin alir.</Text>
    </Row>
    <Row Tag="LOC_POLICY_FRESCOES_DESCRIPTION_XP2">
      <Text>Tur basina +2 [ICON_GreatArtist] Büyük Sanatçi puani. Her Sanat Müzesi için tur basina +2 [ICON_GreatArtist] Büyük Sanatçi puani.</Text>
    </Row>
    <Row Tag="LOC_POLICY_LAISSEZ_FAIRE_DESCRIPTION_XP2">
      <Text>Her Banka için tur basina +2 [ICON_GreatMerchant] Büyük Tüccar puani ve her Borsa için tur basina +4 [ICON_GreatMerchant] Büyük Tüccar puani. Her Tersane için tur basina +2 [ICON_GreatAdmiral] Büyük Amiral puani ve her Liman için tur basina +4 [ICON_GreatAdmiral] Büyük Amiral puani.</Text>
    </Row>
    <Row Tag="LOC_POLICY_NOBEL_PRIZE_DESCRIPTION_XP2">
      <Text>Her Üniversite için tur basina +2 [ICON_GreatScientist] Büyük Bilim Insani puani ve her Arastirma Laboratuvari için tur basina +4 [ICON_GreatScientist] Büyük Bilim Insani puani. Her Fabrika için tur basina +2 [ICON_GreatEngineer] Büyük Mühendis puani ve her Enerji Santrali için tur basina +4 [ICON_GreatEngineer] Büyük Mühendis puani</Text>
    </Row>
    <Row Tag="LOC_POLICY_MILITARY_ORGANIZATION_DESCRIPTION_XP2">
      <Text>Her Cephanelik için tur basina +2 [ICON_GreatGeneral] Büyük General puani ve her Askeri Akademi için tur basina +4 [ICON_GreatGeneral] Büyük General puani. Büyük Generaller +2 Hareket puani alir.</Text>
    </Row>
    <Row Tag="LOC_POLICY_SYMPHONIES_DESCRIPTION_XP2">
      <Text>Tur basina +4 [ICON_GreatMusician] Büyük Müzisyen puani. Her Yayin Merkezi için tur basina +4 [ICON_GreatMusician] Büyük Müzisyen puani.</Text>
    </Row>
    <Row Tag="LOC_POLICY_INVENTION_DESCRIPTION_XP2">
      <Text>Tur basina +4 [ICON_GreatEngineer] Büyük Mühendis puani. Her Atölye için tur basina +2 [ICON_GreatEngineer] Büyük Mühendis puani.</Text>
    </Row>
  </EnglishText>
</GameData>