﻿<?xml version="1.0" encoding="utf-8"?>
<GameData>
  <EnglishText>
    <Row Tag="LOC_TUTORIAL_GOVERNOR_INTRO">
      <Text>Yurttaslik bilgimiz arttikça, yönetisim yöntemlerimiz de gelisiyor. Bu çabayi ilerletmek, sehirlerimizdeki gücümüzü güçlendirmek için bir Vali atamamizi saglayacaktir.[NEWLINE][NEWLINE]Valiler, bulunduklari sehrin Sadakatini büyük ölçüde artiracak ve onlar için seçtiginiz terfilere bagli olarak bonuslar verecektir. Yeni Valiler atamak veya mevcut Valileri terfi ettirmek için Vali Unvanlarina ihtiyacimiz var. Vali Unvanlari için ana kaynagimiz belirli Yurttaslik Bilgilerini tamamlamaktir.</Text>
    </Row>
    <Row Tag="LOC_TUTORIAL_FIRST_GOVERNOR_POINT">
      <Text>Simdi medeniyetimize bir Vali atama firsatimiz var. Bu Vali, sehirlerimizden birine atandiginda güçlü ve üretken bir varlik olacaktir. Mümkün olan en kisa sürede bir aday seçmemizi öneriyorum.</Text>
    </Row>
    <Row Tag="LOC_TUTORIAL_SECOND_GOVERNOR_POINT">
      <Text>Bir kez daha yönetim gücümüzü artirma firsatina sahibiz. Bu firsati mevcut Valilerimizden birini terfi ettirmek için kullanabilir ya da medeniyetimize yeni bir Vali atayabiliriz.</Text>
    </Row>
    <Row Tag="LOC_TUTORIAL_FIRST_GOVERNOR_ASSIGNMENT">
      <Text>Valimiz su anda atandiklari sehre dogru yola çikti. Oraya yerlesmeleri biraz zaman alacaktir. Yerlestikten sonra yetenekleri devreye girecek ve oradaki yönetimimizi güçlendirecek.</Text>
    </Row>
    <Row Tag="LOC_TUTORIAL_CITY_LOSING_LOYALTY">
      <Text>Sehirlerimizden birinde sadakati kaybediyoruz. Böyle devam ederse sehrin kontrolünü kaybetme tehlikesiyle karsi karsiyayiz. Valilerimizden birini oraya göndermek yönetimimizi güçlendirecek ve vatandaslarin sadakatini kazanacaktir.</Text>
    </Row>
    <Row Tag="LOC_TUTORIAL_CITY_LOST_LOYALTY_TO_FOREIGN">
      <Text>Sehirlerimizden birinin sadakatini tamamen kaybettik ve onun yerine yabanci bir güçle ittifak kurdu. Onu geri almak için yeni sahibinden sadakatini koparmali ya da askeri güç kullanmaliyiz.</Text>
    </Row>
    <Row Tag="LOC_TUTORIAL_CITY_LOST_LOYALTY_TO_INDEPENDENT">
      <Text>Sehirlerimizden birinin sadakatini tamamen kaybettik ve bizden bagimsizligini ilan etti. Onu geri almak için sadakatini geri kazanmali ya da askeri güç kullanmaliyiz.</Text>
    </Row>
    <Row Tag="LOC_TUTORIAL_CITY_LOST_LOYALTY_TO_INDEPENDENT_THIRD_PARTY">
      <Text>Yakinlardaki yabanci bir sehir, sadakatini kaybettikten sonra eski medeniyetinden bagimsizligini ilan etti ve Özgür Sehir oldu. Sadakatini kazanirsak ya da askeri güç getirirsek, onu kendi medeniyetimize dahil edebiliriz.</Text>
    </Row>
    <Row Tag="LOC_TUTORIAL_CITY_WON_LOYALTY_FROM_FOREIGN">
      <Text>Yabanci bir sehir artik eski sahibine sadik degil ve bunun yerine bize sadakat yemini etti ve büyük medeniyetimize katilmayi istedi!</Text>
    </Row>
    <Row Tag="LOC_TUTORIAL_CITY_WON_LOYALTY_FROM_INDEPENDENT">
      <Text>Bagimsiz bir sehir bize sadakat yemini etti ve büyük medeniyetimize katilmak istedi!</Text>
    </Row>
    <Row Tag="LOC_TUTORIAL_CONQUERED_CITY_LOYALTY">
      <Text>Medeniyetimize yeni bir sehir kattik. Onu elimizde tutabilmek için vatandaslarinin sadakatini korumaliyiz. Buraya bir Vali göndermek bunu yapmamiza yardimci olacaktir.[NEWLINE][NEWLINE]Isgal edilen sehrin hala Sadakat sorunlari varsa, Sadakati daha da artirmak için sehre bir askeri birlik yerlestirebiliriz. Isgal edilen yeni sehrimizin Sadakatine dikkat edin, aksi takdirde isyan edebilir ve geri alinmasi gereken bir Serbest Sehir haline gelebilir.</Text>
    </Row>
    <Row Tag="LOC_TUTORIAL_ALLIANCES_1">
      <Text>Artik komsu bir uygarlikla dostane iliskilerimiz olduguna göre, bir Ittifak kurarak iliskilerimizi saglamlastirmamiz faydali olabilir.  Bu sadece statümüzü güçlendirmekle kalmayacak, ayni zamanda her iki uygarliga da fayda saglayacaktir.</Text>
    </Row>
    <Row Tag="LOC_TUTORIAL_ALLIANCES_2">
      <Text>Ittifaklarimiz kisa süreli deklarasyonlardir.  Bunlari sürdürebilmek için dostluk beyanimizi yenilememiz ve yeni bir Ittifak önermemiz gerekecektir.  Ittifaklar içinde kalarak daha güçlü hale gelirler ve daha da büyük faydalar saglarlar.</Text>
    </Row>
    <Row Tag="LOC_TUTORIAL_EMERGENCY_1">
      <Text>Daha büyük bir tehdide karsi diger uygarliklara katilma seçenegimiz var, ancak bunu dikkatlice düsünmeliyiz.  Eger katilir ve basarili olursak, ödüllendirilecegiz.  Ama katilir ve görevimizde basarisiz olursak, düsman daha da güçlenecektir.</Text>
    </Row>
    <Row Tag="LOC_TUTORIAL_EMERGENCY_2">
      <Text>Görevimizi basariyla tamamladik ve ödüllerimizi aldik.  Simdilik bu saldirgani durduracaktir, ancak bu tür eylemlere devam ederlerse, onlari durdurmak için artik daha hazirlikliyiz.</Text>
    </Row>
    <Row Tag="LOC_TUTORIAL_EMERGENCY_3">
      <Text>Görevimizde basarisiz olduk ve bir dahaki sefere bu düsmanla karsi karsiya geldigimizde isimiz daha da zor olacak. Belki de bir dahaki sefere diger tarafa dönmeyi düsünmeliyiz.</Text>
    </Row>
    <Row Tag="LOC_TUTORIAL_EMERGENCY_4">
      <Text>Eylemlerimiz tüm dünyayi alarma geçirdi ve diger medeniyetler bizi durdurmak için bir araya geldi.  Amaçlarini biliyoruz ve güçlü kalmak istiyorsak kendimizi savunmaliyiz.</Text>
    </Row>
    <Row Tag="LOC_TUTORIAL_EMERGENCY_5">
      <Text>Bu kriz döneminde kendimizi basariyla savunduk ve simdi bunun için daha güçlüyüz.  Bizimle tekrar karsilasmadan önce iki kez düsünecekler!</Text>
    </Row>
    <Row Tag="LOC_TUTORIAL_EMERGENCY_6">
      <Text>Bu kriz döneminde kendimizi savunmakta basarisiz olduk.  Simdi düsmanlarimiz bizi yenmek için güçlendi ve cesaretlendi!</Text>
    </Row>
    <Row Tag="LOC_TUTORIAL_GAME_ERA_CHANGING_SOON">
      <Text>Medeniyetler yeni teknolojiler ve uygarliklar ortaya çikardi ve yakinda dünyanin kendisi de yeni bir çagin safagina ulasacak. Bu çagdaki eylemlerimiz bizi uygarligimiz için bir Altin Cag'a götürebilir. Ya da belki de bizi daha karanlik günler bekliyor.</Text>
    </Row>
    <Row Tag="LOC_TUTORIAL_GAME_ERA_CHANGED">
      <Text>Tarih ilerliyor ve dünya yeni bir çaga giriyor. Uygarligimizin geleceginde, yakin geçmisimizin eylemlerinden dogan bir Altin Cag ya da Karanlik Cag görebiliriz.</Text>
    </Row>
    <Row Tag="LOC_TUTORIAL_ENTER_GOLDEN_AGE">
      <Text>Harika bir haber! Basarilarimiz uygarligimizi Altin Cag'a tasidi. Bu süre zarfinda medeniyetimiz her zamankinden daha güçlü ve daha sadik olacak.</Text>
    </Row>
    <Row Tag="LOC_TUTORIAL_ENTER_DARK_AGE">
      <Text>Karanlik bir çagin içine düstük. Sehirlerimiz sadakat zorluklariyla karsilasacak olsa da, yeterli çabayla bu Karanlik Cag'dan çikabiliriz.</Text>
    </Row>
    <Row Tag="LOC_TUTORIAL_OVERCOME_DARK_AGE">
      <Text>Sevinin! Karanlik Cagimiz sona erdi ve uygarligimiz çok daha parlak bir gelecege dogru yol aliyor. Bir sonraki Altin Cagimiz gerçekten de görkemli olacak.</Text>
    </Row>
    <Row Tag="LOC_TUTORIAL_DARK_AGE_TO_DARK_AGE">
      <Text>Ne yazik ki bu Karanlik Cag'dan çikmayi basaramadik. Uygarligimizin bu dünyada varligini sürdürebilmesi için kararliligimizi güçlendirmeli ve bu gerilemenin üstesinden gelmeliyiz.</Text>
    </Row>
    <Row Tag="LOC_TUTORIAL_PRIDE_MOMENT_COMMEMORATION">
      <Text>Tarihimizde hangi basarilarimizin anilacagini seçme zamani geldi. Bu, halkimiza sizin seçtiginiz yolda ilerlemeye devam etmeleri için ilham verecektir.</Text>
    </Row>
    <Row Tag="LOC_TUTORIAL_PRIDE_MOMENT_TRIGGERED">
      <Text>Uygarligimiz, kutlanmaya ve gelecek nesiller boyunca hatirlanmaya deger tarihi bir sey basardi. Bu basarilar uygarligimizin Altin Cag'a ulasmasina ve Karanlik Cag'dan kaçinmasina yardimci olur.[NEWLINE][NEWLINE]Bu Tarihi Anlarin her biri Cag Puanimizi artiracaktir. Cag Puanimiz bir sonraki oyun çaginda hangi Cagi kazanacagimizi belirler, bu nedenle mümkün oldugunda bu Tarihi Anlari aramaliyiz.</Text>
    </Row>
    <Row Tag="LOC_TUTORIAL_GOV_DISTRICT_1">
      <Text>Artik ulusal bir bölge insa etmeye haziriz!  Imparatorlugumuzda sadece bir tane insa edilebilir, bu nedenle yerini dikkatlice seçtiginizden emin olun.</Text>
    </Row>
    <Row Tag="LOC_TUTORIAL_GOV_DISTRICT_1a">
      <Text>Artik hükümet binalarimizi nereye insa edecegimizi seçmeye haziriz. Imparatorlugumuzda bunlardan sadece bir tanesine yer verebiliriz, bu yüzden dikkatli seçin.</Text>
    </Row>
    <Row Tag="LOC_TUTORIAL_GOV_DISTRICT_2">
      <Text>Yeni bölgenizdeki binalar, insa sirasinda mevcut hükümetinizi anar ve hükümetin etkilerini tamamlayan bir politika saglar.</Text>
    </Row>
    <Row Tag="LOC_TUTORIAL_GOV_DISTRICT_2a">
      <Text>Mevcut hükümetimizi anmak ve güçlendirmek için bir hükümet binasi insa etmemizi önerebilir miyim?[NEWLINE][NEWLINE]Her yeni hükümet binasi insa ettigimizde, su anda seçtigimiz hükümete dayanan bir Miras Politikasinin kilidini açiyoruz. Bu Miras Politikalari, gelecek hükümetlere tasiyabilecegimiz sivil geçmisimizin güçlü hatirlaticilaridir.</Text>
    </Row>
    <Row Tag="LOC_TUTORIAL_GOV_DISTRICT_3">
      <Text>Ulusal Büronuz yeni bir poliçenin kilidini açti.  Bir dahaki sefere poliçe kilidi açildiginda bunu yerlestirmeyi düsünün.</Text>
    </Row>
    <Row Tag="LOC_TUTORIAL_GOV_DISTRICT_3a">
      <Text>Ulusal Mahkemeniz yeni bir poliçenin kilidini açti.  Bir dahaki sefere poliçe kilidi açildiginda bunu yerlestirmeyi düsünün.</Text>
    </Row>
    <Row Tag="LOC_TUTORIAL_GOV_DISTRICT_3b">
      <Text>Hükümet binamizin tamamlanmasi yeni bir politikanin kilidini açmistir. Bunu hükümetimize dahil edersek, halkimiza büyük ölçüde yardimci olabilir.</Text>
    </Row>
    <Row Tag="LOC_TUTORIAL_GOV_DISTRICT_3c">
      <Text>Bu binanin insasinin tamamlanmasi politika yapicilarimiza ilham verdi! Bu yeni politikayi hükümetimizde uygulamaya karar verirsek, halkimiza büyük ölçüde yardimci olabiliriz.</Text>
    </Row>
    <Row Tag="LOC_TUTORIAL_LOYALTY_PRESSURE">
      <Text>Yeni bir sehre yerlesmek medeniyetimizi genisletti! Bir sehirden daha büyük bir imparatorlukta, vatandaslarimizin Sadakatini göz önünde bulundurmak önemlidir. Sadakat azalirsa, sehir o kadar etkili olmaz. Sadakat 0'a düserse, sehir bagimsizligini ilan eder ve Serbest Sehir olur. Ayni sey diger medeniyetlerin de basina gelebilir, bu yüzden digerlerinin istikrarini bozma firsatlarini kollayin ve hatta belki bir Serbest Sehri kendi imparatorlugunuza katin![NEWLINE][NEWLINE]Sadakat esas olarak sehirdeki ve sehrin yakinindaki vatandaslarin sayisindan ve milliyetinden etkilenir. Kendi nüfusunuzun 9 karede çok sayida olmasi her turda Sadakatinizi artiracaktir. Diger uygarliklara ait nüfusun 9 karo içinde olmasi sadakatinizi azaltacaktir. Sehirler birbirine ne kadar yakinsa, etki o kadar büyük olur. Ayrica, bu etki Altin Cag'daki medeniyetler için büyük ölçüde güçlenir ve Karanlik Cag'da zayiflar. [NEWLINE][NEWLINE]Bir sehre bir Vali atamak ve yeterli Imkâna sahip olmasini saglamak, kendi sehirlerinizin Sadakatini saglamanin diger yollaridir.</Text>
    </Row>
    <Row Tag="LOC_ADVISOR_CITYPANEL_LOYALTY_INTRO">
      <Text>SADAKATI ARTIRMAK ICIN:</Text>
    </Row>
    <Row Tag="LOC_ADVISOR_CITYPANEL_MARTIAL_LAW">
      <Text>[NEWLINE][NEWLINE]Isgal cezasina karsi koymak için burada bir askeri birlik bulundurun</Text>
    </Row>
    <Row Tag="LOC_ADVISOR_CITYPANEL_GOVERNOR">
      <Text>[NEWLINE][NEWLINE]Burada bir [ICON_Governor] Vali olusturun</Text>
    </Row>
    <Row Tag="LOC_ADVISOR_CITYPANEL_AMBASSADOR">
      <Text>[NEWLINE][NEWLINE]9 karo içindeki bir sehirde terfi etmis bir Diplomat [ICON_Governor] Vali kurun</Text>
    </Row>
    <Row Tag="LOC_ADVISOR_CITYPANEL_DARK_AGE">
      <Text>[NEWLINE][NEWLINE]Vatandaslarinizin [ICON_Citizen] daha fazla Sadakat göstermesini saglamak için bir sonraki oyun döneminde Karanlik Cag'a girmekten kaçinin</Text>
    </Row>
    <Row Tag="LOC_ADVISOR_CITYPANEL_GOLDEN_AGE">
      <Text>[NEWLINE][NEWLINE]Bir sonraki oyun çaginda bir Altin Cag kazanarak [ICON_Citizen] Vatandaslarinizin daha fazla Sadakat göstermesini saglayin</Text>
    </Row>
    <Row Tag="LOC_ADVISOR_CITYPANEL_CITY_PLACEMENT">
      <Text>[NEWLINE][NEWLINE]9 karo içindeki sehirlerinizi ve [ICON_Citizen] Vatandaslarinizi maksimize edin ve 9 karo içindeki yabanci sehirleri ve [ICON_Citizen] Vatandaslari minimize edin</Text>
    </Row>
    <Row Tag="LOC_ADVISOR_CITYPANEL_CITY_HAPPINESS">
      <Text>[NEWLINE][NEWLINE]Bu sehirdeki [ICON_Amenities] olanaklari artirarak halkinizi daha mutlu edin</Text>
    </Row>
    <Row Tag="LOC_ADVISOR_CITYPANEL_CITY_STARVATION">
      <Text>[NEWLINE][NEWLINE]Halkinizin açliktan ölmesini önlemek için daha fazla [ICON_Food] saglayin</Text>
    </Row>
    <Row Tag="LOC_ADVISOR_CITYPANEL_BREAD_AND_CIRCUSES">
      <Text>[NEWLINE][NEWLINE]Yakindaki bir sehir Ekmek ve Sirkler projesini üretsin</Text>
    </Row>
    <Row Tag="LOC_ADVISOR_CITYPANEL_CULTURAL_ALLIANCE">
      <Text>[NEWLINE][NEWLINE]Vatandaslarinin [ICON_Citizen] olumsuz bir etkiye sahip olmasini önlemek için bir komsuyla Kültürel Ittifak kurmak</Text>
    </Row>
    <Row Tag="LOC_ADVISOR_CITYPANEL_RELIGIOUS_FOLLOWERS">
      <Text>[NEWLINE][NEWLINE]Sehrin [ICON_Citizen] Vatandaslari sizin dininizi takip etsin.</Text>
    </Row>
    <Row Tag="ADVISOR_LINE_LISTENER_81">
      <Text>Kendi insanlarimiz oldukça yetenekli olsa da, baskalarindan ögrenerek her zaman fayda saglayabiliriz. Belki de komsularimizdan biriyle bir Arastirma Anlasmasi baslatmayi düsünmeliyiz.</Text>
    </Row>
  </EnglishText>
</GameData>