﻿<?xml version="1.0" encoding="utf-8"?>
<!-- edited with XMLSPY v2004 rel. 2 U (http://www.xmlspy.com) by Ed Beach (Firaxis Games) -->
<GameData>
  <EnglishText>
    <Row Tag="LOC_GOSSIP_SOURCE_VENDOR">
      <Text>Ticaret merkezinizdeki bir satici sunu duymus</Text>
    </Row>
    <Row Tag="LOC_VIZSOURCE_TRADING_POST_TRAIT">
      <Text>Mogolistan'in Örtöö etkisi</Text>
    </Row>
    <Row Tag="LOC_VIZSOURCE_ACTION_TRADING_POST_TRAIT">
      <Text>Mogolistan olarak Ticaret Noktalari Kurmak [ICON_TradingPost]</Text>
    </Row>
    <Row Tag="LOC_GOSSIP_SPY_FOMENT_UNREST_DETECTED">
      <Text>{LOC_GRAMMAR_CIVNAME &lt;&lt; {1_CivName}} {2_CityName}'da {3_SpyPlayer}'den bir casusun çalismasi nedeniyle sadakatini kaybetti.</Text>
    </Row>
    <Row Tag="LOC_GOSSIP_SPY_FOMENT_UNREST_UNDETECTED">
      <Text>{LOC_GRAMMAR_CIVNAME &lt;&lt; {1_CivName}} bilinmeyen bir casusun çalismalari nedeniyle {2_CityName}'te sadakatini kaybetti.</Text>
    </Row>
    <Row Tag="LOC_GOSSIP_SPY_NEUTRALIZE_GOVERNOR_DETECTED">
      <Text>{LOC_GRAMMAR_CIVNAME &lt;&lt; {1_CivName}}'in ([2]'daki valisi {3_SpyPlayer}'den bir casus tarafindan etkisiz hale getirilmistir.)</Text>
    </Row>
    <Row Tag="LOC_GOSSIP_SPY_NEUTRALIZE_GOVERNOR_UNDETECTED">
      <Text>{LOC_GRAMMAR_CIVNAME &lt;&lt; {1_CivName}}'ün ([2]'teki valisi bilinmeyen bir casus tarafindan etkisiz hale getirilmistir.</Text>
    </Row>
  </EnglishText>
</GameData>