﻿<?xml version="1.0" encoding="utf-8"?>
<!-- edited with XMLSPY v2004 rel. 2 U (http://www.xmlspy.com) by Ed Beach (Firaxis Games) -->
<GameData>
  <EnglishText>
    <!--Shared Districts-->
    <Row Tag="LOC_DISTRICT_AQUEDUCT_DESCRIPTION">
      <Text>Bu sehre komsu bir Nehir, Göl, Vaha veya Dagdan tatli su kaynagi saglayan bir bölge. Henüz mevcut tatli suyu olmayan sehirler 6'ya kadar [ICON_Housing] Konut alir. Halihazirda tatli suyu olan sehirler bunun yerine +2 [ICON_Housing] Konut alir. Sehir Merkezine bitisik olarak insa edilmelidir.</Text>
    </Row>
    <Row Tag="LOC_DISTRICT_AQUEDUCT_ALT_DESCRIPTION">
      <Text>Bu sehre komsu bir Nehir, Göl, Vaha veya Dagdan tatli su kaynagi saglayan bir bölge. Henüz mevcut tatli suyu olmayan sehirler 6'ya kadar [ICON_Housing] Konut alir. Halihazirda tatli suyu olan sehirler bunun yerine +2 [ICON_Housing] Konut alir. Bir Jeotermal Catlaga bitisik insa edilirse +1 [ICON_Amenities] Imkan. Kuraklik sirasinda [ICON_Food] Gida kaybini önler. Sehir Merkezine bitisik insa edilmelidir. Askeri Mühendisler bir Su Kemeri üretiminin %20'sini tamamlamak için bir ücret harcayabilir.</Text>
    </Row>
    <Row Tag="LOC_DISTRICT_CANAL_NAME">
      <Text>Kanal</Text>
    </Row>
    <Row Tag="LOC_DISTRICT_CANAL_DESCRIPTION">
      <Text>Iki su kütlesini veya bir su kütlesini bir Sehir Merkezine baglamak için düz arazi üzerine insa edilen bir bölge. [ICON_TradeRoute] Içinden geçen Ticaret Yollari, varis noktalarindaki bölgelerden elde ettikleri [ICON_Gold] Altini katlayabilirler. Kanallar altigen boyunca düz gidebilir veya 60 derece kivrilabilir. Ancak üç yönlü Kanal baglantilarina izin verilmez ve Kanallar olusturduklari su yolunun her iki tarafinda tam bir kara karesine sahip olmalidir. Askeri Mühendisler bir kanalin üretiminin %20'sini tamamlamak için bir ücret harcayabilir.</Text>
    </Row>
    <Row Tag="LOC_DISTRICT_DAM_NAME">
      <Text>Baraj</Text>
    </Row>
    <Row Tag="LOC_DISTRICT_DAM_DESCRIPTION">
      <Text>Bu nehir boyunca yasam konforunu artirmak için Taskin Yataklari karosu üzerine insa edilmis bir bölge. Bu nehrin tasmasindan kaynaklanan hasari önler (ancak tasmadan kaynaklanan verim %50 düser). Kuraklik sirasinda [ICON_Food] Gida kaybini önler. Her nehrin taskin yatagi boyunca sadece bir tane insa edilebilir (hangi oyuncu önce tamamlarsa) ve nehir Baraj altigeninin en az iki tarafindan geçmelidir. Askeri Mühendisler bir Barajin üretiminin %20'sini tamamlamak için bir sarj harcayabilir.</Text>
    </Row>
    <Row Tag="LOC_DISTRICT_SPACEPORT_DESCRIPTION_XP2">
      <Text>Bilim Zaferi projelerini insa etmesi gereken bir bölge. Buna {LOC_PROJECT_LAUNCH_EARTH_SATELLITE_NAME}, {LOC_PROJECT_LAUNCH_MOON_LANDING_NAME}, {LOC_PROJECT_LAUNCH_MARS_BASE_NAME} ve {LOC_PROJECT_LAUNCH_EXOPLANET_EXPEDITION_NAME} dahildir. Tepeler üzerine insa edilemez.</Text>
    </Row>
    <!--Adjacency Bonuses-->
    <Row Tag="LOC_DISTRICT_DESERT_HILLS_FAITH">
      <Text>+{1_num} [ICON_Faith] Komsu Cöl Tepeleri'nden {1_Num : plural 1?tile  other?tiles } gelen inanç.</Text>
    </Row>
    <Row Tag="LOC_DISTRICT_DESERT_FOOD">
      <Text>+{1_num} [ICON_FOOD] Bitisik Cölden {1_Num : plural 1?tile  other?tiles } gelen yiyecekler.</Text>
    </Row>
    <Row Tag="LOC_DISTRICT_DESERT_HILLS_FOOD">
      <Text>+{1_num} [ICON_FOOD] Komsu Cöl Tepeleri'nden {1_Num : plural 1?tile  other?tiles } gelen yiyecekler.</Text>
    </Row>
    <Row Tag="LOC_BUILDING_MACHU_PICCHU_GOLD">
      <Text>+{1_num} [ICON_GOLD] Bitisik Dag'dan {1_Num : plural 1?tile  other?tiles } altin.</Text>
    </Row>
    <Row Tag="LOC_BUILDING_MACHU_PICCHU_PRODUCTION">
      <Text>+{1_num} [ICON_PRODUCTION] Bitisik Dag'dan {1_Num : plural 1?tile  other?tiles } üretim.</Text>
    </Row>
    <Row Tag="LOC_BUILDING_MACHU_PICCHU_CULTURE">
      <Text>+{1_num} [ICON_CULTURE] Komsu Dagdan {1_Num : plural 1?tile  other?tiles } kültür.</Text>
    </Row>
    <Row Tag="LOC_DISTRICT_GEOTHERMAL_SCIENCE">
      <Text>+{1_num} [ICON_SCIENCE] Her bir komsu Jeotermal Catlaktan gelen bilim.</Text>
    </Row>
    <Row Tag="LOC_DISTRICT_REEF_SCIENCE">
      <Text>+{1_num} [ICON_SCIENCE] Her bir bitisik Resiften bilim.</Text>
    </Row>
    <Row Tag="LOC_DISTRICT_COTHON_GOLD">
      <Text>+{1_num} [ICON_Gold] Komsu Cothon bölgesinden altin.</Text>
    </Row>
    <Row Tag="LOC_DISTRICT_COTHON_DESCRIPTION_ADJACENCY">
      <Text>Bitisiklik: Majör [ICON_Gold] Bitisik her Sehir Merkezi için altin bonusu. Standart [ICON_Gold] Bitisik her kiyi kaynagi için altin bonusu. Minör [ICON_Gold] Bitisik bölge karolari için altin bonusu.</Text>
    </Row>
    <Row Tag="LOC_DISTRICT_HOLY_SITE_GOLD">
      <Text>+{1_num} [ICON_Gold] Bitisik Kutsal Alan bölgesinden altin.</Text>
    </Row>
    <Row Tag="LOC_DISTRICT_LAVRA_GOLD">
      <Text>+{1_num} [ICON_Gold] Komsu Lavra bölgesinden altin.</Text>
    </Row>
    <Row Tag="LOC_DISTRICT_SUGUBA_DESCRIPTION_ADJACENCY">
      <Text>Bitisiklik: Majör [ICON_Gold] Bitisik her Kutsal Alan için altin bonusu. Majör [ICON_Gold] Nehir kenari içeren bir kareden altin bonusu. Minör [ICON_Gold] Bitisik bölge karolari için altin bonusu.</Text>
    </Row>
    <Row Tag="LOC_DISTRICT_MINES_HALF_PRODUCTION">
      <Text>+{1_num} [ICON_Production] Bitisik Madenlerden Üretim.</Text>
    </Row>
    <Row Tag="LOC_DISTRICT_LUMBER_MILL_PRODUCTION">
      <Text>+{1_num} [ICON_Production] Bitisik Kereste Fabrikalarindan Üretim.</Text>
    </Row>
    <Row Tag="LOC_DISTRICT_AQUEDUCT_PRODUCTION">
      <Text>+{1_num} [ICON_PRODUCTION] Bitisik Su Kemerinden {1_Num : plural 2?district  other?districts } üretim.</Text>
    </Row>
    <Row Tag="LOC_DISTRICT_BATH_PRODUCTION">
      <Text>+{1_num} [ICON_PRODUCTION] Bitisik Banyo'dan {1_Num : plural 2?district  other?districts } üretim.</Text>
    </Row>
    <Row Tag="LOC_DISTRICT_CANAL_PRODUCTION">
      <Text>+{1_num} [ICON_PRODUCTION] Bitisik Kanaldan {1_Num : plural 2?district  other?districts } üretim.</Text>
    </Row>
    <Row Tag="LOC_DISTRICT_DAM_PRODUCTION">
      <Text>+{1_num} [ICON_PRODUCTION] Bitisik Barajdan {1_Num : plural 2?district  other?districts } üretim.</Text>
    </Row>
    <Row Tag="LOC_DISTRICT_STRATEGIC_PRODUCTION">
      <Text>+{1_num} [ICON_PRODUCTION] Komsu Stratejik {1_Num : plural 1?resource  other?resources }'ten üretim.</Text>
    </Row>
    <Row Tag="LOC_DISTRICT_HANSA_DESCRIPTION_ADJACENCY">
      <Text>Bitisiklik: Bir Ticari Merkez bölgesine bitisikse Major [ICON_Production] Üretim bonusu. Standart [ICON_Production] Bitisik her kaynak için üretim bonusu. Minör [ICON_Production] Bitisik bölge karolari için üretim bonusu.</Text>
    </Row>
    <!--Projects-->
    <Row Tag="LOC_PROJECT_COTHON_CAPITAL_MOVE_NAME">
      <Text>Sermayeyi Tasi</Text>
    </Row>
    <Row Tag="LOC_PROJECT_COTHON_CAPITAL_MOVE_SHORT_NAME">
      <Text>Sermayeyi Tasi</Text>
    </Row>
    <Row Tag="LOC_PROJECT_COTHON_CAPITAL_MOVE_DESCRIPTION">
      <Text>Fenike'ye özgü proje, Cothon'u olan her sehirde kullanilabilir. Tamamlandiginda Fenike [ICON_Capital] Baskenti bu sehre tasinir.</Text>
    </Row>
    <Row Tag="LOC_PROJECT_CARBON_RECAPTURE_NAME">
      <Text>Karbon Geri Kazanimi</Text>
    </Row>
    <Row Tag="LOC_PROJECT_CARBON_RECAPTURE_SHORT_NAME">
      <Text>Karbon Geri Kazanimi</Text>
    </Row>
    <Row Tag="LOC_PROJECT_CARBON_RECAPTURE_DESCRIPTION">
      <Text>Sanayi Bölgesi olan herhangi bir sehirde çalistirilabilir. Tamamlandiginda, bu uygarligin yasam boyu karbon emisyonlari 50 azaltilir ve 30 [ICON_FAVOR] Diplomatik Iyilik kazanilir. Bu proje karbon borcunuzu sifira indirebilir ve küresel CO2 ayak izine karsi indirim biriktirmenizi saglayabilir.</Text>
    </Row>
    <Row Tag="LOC_PROJECT_CONVERT_REACTOR_TO_COAL">
      <Text>Kömür Enerjisine Geçis</Text>
    </Row>
    <Row Tag="LOC_PROJECT_CONVERT_REACTOR_TO_COAL_SHORT_NAME">
      <Text>Kömür Enerjisine Geçis</Text>
    </Row>
    <Row Tag="LOC_PROJECT_CONVERT_REACTOR_TO_COAL_DESCRIPTION">
      <Text>Bu sehirdeki mevcut Enerji Santralini devre disi birakir ve yerine {LOC_BUILDING_COAL_POWER_PLANT_NAME}[NEWLINE][NEWLINE]{LOC_BUILDING_COAL_POWER_PLANT_NAME}:[NEWLINE]{LOC_BUILDING_COAL_POWER_PLANT_DESCRIPTION}</Text>
    </Row>
    <Row Tag="LOC_PROJECT_CONVERT_REACTOR_TO_OIL">
      <Text>Petrol Gücüne Dönüstürme</Text>
    </Row>
    <Row Tag="LOC_PROJECT_CONVERT_REACTOR_TO_OIL_SHORT_NAME">
      <Text>Petrol Gücüne Dönüstürme</Text>
    </Row>
    <Row Tag="LOC_PROJECT_CONVERT_REACTOR_TO_OIL_DESCRIPTION">
      <Text>Bu sehirdeki mevcut Enerji Santralini devre disi birakir ve yerine {LOC_BUILDING_FOSSIL_FUEL_POWER_PLANT_NAME}[NEWLINE][NEWLINE]{LOC_BUILDING_FOSSIL_FUEL_POWER_PLANT_NAME}:[NEWLINE]{LOC_BUILDING_FOSSIL_FUEL_POWER_PLANT_DESCRIPTION}</Text>
    </Row>
    <Row Tag="LOC_PROJECT_CONVERT_REACTOR_TO_URANIUM">
      <Text>Nükleer Enerjiye Geçis</Text>
    </Row>
    <Row Tag="LOC_PROJECT_CONVERT_REACTOR_TO_URANIUM_SHORT_NAME">
      <Text>Nükleer Enerjiye Geçis</Text>
    </Row>
    <Row Tag="LOC_PROJECT_CONVERT_REACTOR_TO_URANIUM_DESCRIPTION">
      <Text>Bu sehirdeki mevcut Enerji Santralini devre disi birakir ve yerine {LOC_BUILDING_POWER_PLANT_EXPANSION2_NAME}[NEWLINE][NEWLINE]{LOC_BUILDING_POWER_PLANT_EXPANSION2_NAME}:[NEWLINE]{LOC_BUILDING_POWER_PLANT_EXPANSION2_DESCRIPTION}</Text>
    </Row>
    <Row Tag="LOC_PROJECT_LAUNCH_MARS_BASE_NAME">
      <Text>Mars Kolonisini Baslatin</Text>
    </Row>
    <Row Tag="LOC_PROJECT_LAUNCH_MARS_BASE_SHORT_NAME">
      <Text>Mars Kolonisini Baslatin</Text>
    </Row>
    <Row Tag="LOC_PROJECT_LAUNCH_MARS_BASE_DESCRIPTION">
      <Text>Mars yüzeyinde küçük bir insan üssü kuran Uzay Yarisi projesi. Bilim Zaferi'ne dogru atilan üçüncü adimi isaret ediyor.</Text>
    </Row>
    <Row Tag="LOC_PROJECT_LAUNCH_MARS_BASE_POPUP">
      <Text>Mars'ta basariyla bir koloni kurdunuz! Bilim Zaferi'ne dogru atilan üçüncü adimi isaret ediyor.</Text>
    </Row>
    <Row Tag="LOC_PROJECT_LAUNCH_EXOPLANET_EXPEDITION_NAME">
      <Text>Dis Gezegen Kesif Gezisini Baslatin</Text>
    </Row>
    <Row Tag="LOC_PROJECT_LAUNCH_EXOPLANET_EXPEDITION_SHORT_NAME">
      <Text>Dis Gezegen Kesif Gezisi</Text>
    </Row>
    <Row Tag="LOC_PROJECT_LAUNCH_EXOPLANET_EXPEDITION_DESCRIPTION">
      <Text>Insanligi baska bir yildiz sistemine yaymak için her turda 1 Isik Yili hizla derin uzayda seyahat eden Uzay Yarisi projesi. Vardiginda Bilim Zaferi kazanir. Diger projeler tarafindan hizlandirilabilir.</Text>
    </Row>
    <Row Tag="LOC_PROJECT_LAUNCH_EXOPLANET_EXPEDITION_POPUP">
      <Text>Tohum geminiz baska bir yildiz sistemine dogru yola çikti! Vardiginda Bilim Zaferi kazanir. Her turda 1 Isik Yili yol alir ve diger projelerle hizlandirilabilir.</Text>
    </Row>
    <Row Tag="LOC_PROJECT_ORBITAL_LASER_NAME">
      <Text>Lagrange Lazer Istasyonunu Firlatin</Text>
    </Row>
    <Row Tag="LOC_PROJECT_ORBITAL_LASER_SHORT_NAME">
      <Text>Lagrange Lazer Istasyonu</Text>
    </Row>
    <Row Tag="LOC_PROJECT_ORBITAL_LASER_DESCRIPTION">
      <Text>Insaata baslamak için 30 [ICON_RESOURCE_ALUMINUM] Alüminyum gerekir. (Standart Hizda) Dis Gezegen Kesif Gezinizi tur basina +1 Isik Yili hizlandirarak Bilim Zaferine dogru ilerlemenizi hizlandiran Uzay Yarisi projesi.</Text>
    </Row>
    <Row Tag="LOC_PROJECT_ORBITAL_LASER_POPUP">
      <Text>Yörüngede bir Lagrange Lazer Istasyonu kurarak Dis Gezegen Kesif geminizi tur basina 1 Isik Yili hizlandiriyor ve sizi Bilim Zaferine yaklastiriyorsunuz!</Text>
    </Row>
    <Row Tag="LOC_PROJECT_TERRESTRIAL_LASER_NAME">
      <Text>Karasal Lazer Istasyonu Kurun</Text>
    </Row>
    <Row Tag="LOC_PROJECT_TERRESTRIAL_LASER_SHORT_NAME">
      <Text>Karasal Lazer Istasyonu</Text>
    </Row>
    <Row Tag="LOC_PROJECT_TERRESTRIAL_LASER_DESCRIPTION">
      <Text>Tamamlandiginda, bu sehrin [ICON_Power] Güç gereksinimleri 5 artar. Sehir [ICON_Power] Güçlendirildigi sürece Dis Gezegen Kesif Gezinizi tur basina +1 Isik Yili hizlandiran Uzay Yarisi projesi, Bilim Zaferine dogru ilerlemenizi hizlandirir.</Text>
    </Row>
    <Row Tag="LOC_PROJECT_TERRESTRIAL_LASER_POPUP">
      <Text>Uzay Limanina bir Karasal Lazer Istasyonu kurarak Dis Gezegen Kesif geminizi tur basina 1 Isik Yili hizlandiriyor ve sizi Bilim Zaferine yaklastiriyorsunuz!</Text>
    </Row>
    <Row Tag="LOC_PROJECT_SEND_AID_NAME">
      <Text>Yardim Gönderin</Text>
    </Row>
    <Row Tag="LOC_PROJECT_SEND_AID_SHORT_NAME">
      <Text>Yardim Gönderin</Text>
    </Row>
    <Row Tag="LOC_PROJECT_SEND_AID_DESCRIPTION">
      <Text>Yardim Talebi yarismalariniz için puan kazanma projesi.</Text>
    </Row>
    <Row Tag="LOC_PROJECT_SEND_AID_POPUP">
      <Text>Yardim paketiniz teslim edildi ve Yardim Talebi yarismasindaki puaniniz artti.</Text>
    </Row>
    <Row Tag="LOC_PROJECT_TRAIN_ATHLETES_NAME">
      <Text>Sporculari Egitin</Text>
    </Row>
    <Row Tag="LOC_PROJECT_TRAIN_ATHLETES_SHORT_NAME">
      <Text>Sporculari Egitin</Text>
    </Row>
    <Row Tag="LOC_PROJECT_TRAIN_ATHLETES_DESCRIPTION">
      <Text>Dünya Oyunlari yarismasi için puan kazanma projesi.</Text>
    </Row>
    <Row Tag="LOC_PROJECT_TRAIN_ATHLETES_POPUP">
      <Text>Sporculariniz artik oyunlara hazir ve Dünya Oyunu yarismasinda puaninizi artiriyor.</Text>
    </Row>
    <Row Tag="LOC_PROJECT_TRAIN_ASTRONAUTS_NAME">
      <Text>Astronotlari Egitin</Text>
    </Row>
    <Row Tag="LOC_PROJECT_TRAIN_ASTRONAUTS_SHORT_NAME">
      <Text>Astronotlari Egitin</Text>
    </Row>
    <Row Tag="LOC_PROJECT_TRAIN_ASTRONAUTS_DESCRIPTION">
      <Text>Uluslararasi Uzay Istasyonu yarismasi için puan kazanma projesi.</Text>
    </Row>
    <Row Tag="LOC_PROJECT_TRAIN_ASTRONAUTS_POPUP">
      <Text>Astronotlariniz Uluslararasi Uzay Istasyonu'nda çalismaya hazir, Uluslararasi Uzay Istasyonu yarismasinda puaninizi artirin.</Text>
    </Row>
    <Row Tag="LOC_PROJECT_ENHANCE_DISTRICT_HOLY_SITE_EXPANSION2_DESCRIPTION">
      <Text>Her turda [ICON_Faith] Inanç ve +%100 Dini Baski saglayan bölge tabanli proje. Tamamlandiginda [ICON_GreatProphet] Büyük Peygamber puani verir.</Text>
    </Row>
    <Row Tag="LOC_PROJECT_ENHANCE_DISTRICT_INDUSTRIAL_ZONE_EXPANSION2_DESCRIPTION">
      <Text>Aktifken bu sehre tam [ICON_Power] Güç saglayan bölge tabanli proje. Ayrica tamamlandiginda [ICON_GreatEngineer] Büyük Mühendis puani saglar.</Text>
    </Row>
    <Row Tag="LOC_PROJECT_RECOMMISSION_REACTOR_NAME">
      <Text>Nükleer Reaktörün Yeniden Devreye Alinmasi</Text>
    </Row>
    <Row Tag="LOC_PROJECT_RECOMMISSION_REACTOR_SHORT_NAME">
      <Text>Nükleer Reaktörün Yeniden Devreye Alinmasi</Text>
    </Row>
    <Row Tag="LOC_PROJECT_RECOMMISSION_REACTOR_DESCRIPTION">
      <Text>Güvenlik önlemlerini artirmak ve nükleer kaza riskini azaltmak için bir nükleer reaktörün yeniden devreye alinmasina izin verir.[NEWLINE][NEWLINE]Yeniden devreye alma, reaktör yasini 0'a sifirlar. Bir reaktör ne kadar yaslanirsa, Nükleer Kaza meydana gelme olasiligi o kadar artar.</Text>
    </Row>
    <Row Tag="LOC_PROJECT_DECOMMISSION_COAL_POWER_PLANT_NAME">
      <Text>Kömür Santralinin Hizmetten Cikarilmasi</Text>
    </Row>
    <Row Tag="LOC_PROJECT_DECOMMISSION_COAL_POWER_PLANT_SHORT_NAME">
      <Text>Kömür Santralinin Hizmetten Cikarilmasi</Text>
    </Row>
    <Row Tag="LOC_PROJECT_DECOMMISSION_COAL_POWER_PLANT_DESCRIPTION">
      <Text>Iklim Anlasmalari yarismasi için puan kazanma projesi. Kömür Santralini ve tüm etkilerini bu sehirden kaldirir.</Text>
    </Row>
    <Row Tag="LOC_PROJECT_DECOMMISSION_OIL_POWER_PLANT_NAME">
      <Text>Petrol Santralinin Hizmetten Cikarilmasi</Text>
    </Row>
    <Row Tag="LOC_PROJECT_DECOMMISSION_OIL_POWER_PLANT_SHORT_NAME">
      <Text>Petrol Santralinin Hizmetten Cikarilmasi</Text>
    </Row>
    <Row Tag="LOC_PROJECT_DECOMMISSION_OIL_POWER_PLANT_DESCRIPTION">
      <Text>Iklim Anlasmalari yarismasi için puan kazanma projesi. Petrol Santralini ve tüm etkilerini bu sehirden kaldirir.</Text>
    </Row>
    <Row Tag="LOC_PROJECT_DECOMMISSION_NUCLEAR_POWER_PLANT_NAME">
      <Text>Nükleer Güç Santralinin Hizmetten Cikarilmasi</Text>
    </Row>
    <Row Tag="LOC_PROJECT_DECOMMISSION_NUCLEAR_POWER_PLANT_SHORT_NAME">
      <Text>Nükleer Güç Santralinin Hizmetten Cikarilmasi</Text>
    </Row>
    <Row Tag="LOC_PROJECT_DECOMMISSION_NUCLEAR_POWER_PLANT_DESCRIPTION">
      <Text>Iklim Anlasmalari yarismasi için puan kazanma projesi. Nükleer Santrali ve tüm etkilerini bu sehirden kaldirir.</Text>
    </Row>
    <Row Tag="LOC_DISTRICT_ENTERTAINMENT_CULTURE">
      <Text>+{1_num} [ICON_Culture] Komsu Eglence Kompleksi bölgesinden kültür.</Text>
    </Row>
    <Row Tag="LOC_DISTRICT_WATER_PARK_CULTURE">
      <Text>+{1_num} [ICON_Culture] Komsu Su Parki bölgesinden kültür.</Text>
    </Row>
    <Row Tag="LOC_DISTRICT_STREET_CARNIVAL_CULTURE">
      <Text>+{1_num} [ICON_Culture] Bitisik Sokak Karnavali bölgesinden kültür.</Text>
    </Row>
    <Row Tag="LOC_DISTRICT_COPACABANA_CULTURE">
      <Text>+{1_num} [ICON_Culture] Komsu Copacabana bölgesinden kültür.</Text>
    </Row>
  </EnglishText>
</GameData>