﻿<?xml version="1.0" encoding="utf-8" standalone="yes"?>
<GameData>
  <EnglishText>
    <Row Tag="LOC_BANDNAME_BASE_TEMPLATE">
      <Text>{1_Prefix} {2_Suffix}</Text>
    </Row>
    <!-- Prefix -->
    <Row Tag="LOC_UNITNAME_ROCK_BAND_PREFIX_AIR">
      <Text>Hava</Text>
    </Row>
    <Row Tag="LOC_UNITNAME_ROCK_BAND_PREFIX_ALIEN">
      <Text>Uzayli</Text>
    </Row>
    <Row Tag="LOC_UNITNAME_ROCK_BAND_PREFIX_ANCIENT">
      <Text>Antik Cag</Text>
    </Row>
    <Row Tag="LOC_UNITNAME_ROCK_BAND_PREFIX_ANGRY">
      <Text>Öfkeli</Text>
    </Row>
    <Row Tag="LOC_UNITNAME_ROCK_BAND_PREFIX_ANIMAL">
      <Text>Hayvan</Text>
    </Row>
    <Row Tag="LOC_UNITNAME_ROCK_BAND_PREFIX_APPEALING">
      <Text>Cekici</Text>
    </Row>
    <Row Tag="LOC_UNITNAME_ROCK_BAND_PREFIX_ARCTIC">
      <Text>Arktik</Text>
    </Row>
    <Row Tag="LOC_UNITNAME_ROCK_BAND_PREFIX_ASYLUM">
      <Text>Siginma Evi</Text>
    </Row>
    <Row Tag="LOC_UNITNAME_ROCK_BAND_PREFIX_ATOMIC">
      <Text>Atomik</Text>
    </Row>
    <Row Tag="LOC_UNITNAME_ROCK_BAND_PREFIX_AUDIO">
      <Text>Ses</Text>
    </Row>
    <Row Tag="LOC_UNITNAME_ROCK_BAND_PREFIX_BAD">
      <Text>Kötü</Text>
    </Row>
    <Row Tag="LOC_UNITNAME_ROCK_BAND_PREFIX_BIG">
      <Text>Büyük</Text>
    </Row>
    <Row Tag="LOC_UNITNAME_ROCK_BAND_PREFIX_BLACK">
      <Text>Siyah</Text>
    </Row>
    <Row Tag="LOC_UNITNAME_ROCK_BAND_PREFIX_BLIND">
      <Text>Kör</Text>
    </Row>
    <Row Tag="LOC_UNITNAME_ROCK_BAND_PREFIX_BLONDE">
      <Text>Sarisin</Text>
    </Row>
    <Row Tag="LOC_UNITNAME_ROCK_BAND_PREFIX_BLUE">
      <Text>Mavi</Text>
    </Row>
    <Row Tag="LOC_UNITNAME_ROCK_BAND_PREFIX_BROKEN">
      <Text>Kirik</Text>
    </Row>
    <Row Tag="LOC_UNITNAME_ROCK_BAND_PREFIX_BROWN">
      <Text>Kahverengi</Text>
    </Row>
    <Row Tag="LOC_UNITNAME_ROCK_BAND_PREFIX_BUFFALO">
      <Text>Buffalo</Text>
    </Row>
    <Row Tag="LOC_UNITNAME_ROCK_BAND_PREFIX_CHEAP">
      <Text>Ucuz</Text>
    </Row>
    <Row Tag="LOC_UNITNAME_ROCK_BAND_PREFIX_CLASSICAL">
      <Text>Klasik</Text>
    </Row>
    <Row Tag="LOC_UNITNAME_ROCK_BAND_PREFIX_COLD">
      <Text>Soguk</Text>
    </Row>
    <Row Tag="LOC_UNITNAME_ROCK_BAND_PREFIX_COLLECTIVE">
      <Text>Kolektif</Text>
    </Row>
    <Row Tag="LOC_UNITNAME_ROCK_BAND_PREFIX_COOL">
      <Text>Güzel</Text>
    </Row>
    <Row Tag="LOC_UNITNAME_ROCK_BAND_PREFIX_DARK">
      <Text>Karanlik</Text>
    </Row>
    <Row Tag="LOC_UNITNAME_ROCK_BAND_PREFIX_DAY">
      <Text>Gün</Text>
    </Row>
    <Row Tag="LOC_UNITNAME_ROCK_BAND_PREFIX_DEEP">
      <Text>Derin</Text>
    </Row>
    <Row Tag="LOC_UNITNAME_ROCK_BAND_PREFIX_DIRE">
      <Text>Dire</Text>
    </Row>
    <Row Tag="LOC_UNITNAME_ROCK_BAND_PREFIX_ELECTRIC">
      <Text>Elektrik</Text>
    </Row>
    <Row Tag="LOC_UNITNAME_ROCK_BAND_PREFIX_ENLIGHTENED">
      <Text>Aydinlanmis</Text>
    </Row>
    <Row Tag="LOC_UNITNAME_ROCK_BAND_PREFIX_EPIC">
      <Text>Destansi</Text>
    </Row>
    <Row Tag="LOC_UNITNAME_ROCK_BAND_PREFIX_EXTREME">
      <Text>Asiri</Text>
    </Row>
    <Row Tag="LOC_UNITNAME_ROCK_BAND_PREFIX_FAKE">
      <Text>Sahte</Text>
    </Row>
    <Row Tag="LOC_UNITNAME_ROCK_BAND_PREFIX_FLAMING">
      <Text>Alevli</Text>
    </Row>
    <Row Tag="LOC_UNITNAME_ROCK_BAND_PREFIX_FLYING">
      <Text>Uçmak</Text>
    </Row>
    <Row Tag="LOC_UNITNAME_ROCK_BAND_PREFIX_FOREST">
      <Text>Orman</Text>
    </Row>
    <Row Tag="LOC_UNITNAME_ROCK_BAND_PREFIX_FREE">
      <Text>Ücretsiz</Text>
    </Row>
    <Row Tag="LOC_UNITNAME_ROCK_BAND_PREFIX_FRIENDLY">
      <Text>Dostça</Text>
    </Row>
    <Row Tag="LOC_UNITNAME_ROCK_BAND_PREFIX_FRIGHTENED">
      <Text>Korkmus</Text>
    </Row>
    <Row Tag="LOC_UNITNAME_ROCK_BAND_PREFIX_FURRY">
      <Text>Kürklü</Text>
    </Row>
    <Row Tag="LOC_UNITNAME_ROCK_BAND_PREFIX_FURY">
      <Text>Öfke</Text>
    </Row>
    <Row Tag="LOC_UNITNAME_ROCK_BAND_PREFIX_GIANT">
      <Text>Dev</Text>
    </Row>
    <Row Tag="LOC_UNITNAME_ROCK_BAND_PREFIX_GOLD">
      <Text>Altin</Text>
    </Row>
    <Row Tag="LOC_UNITNAME_ROCK_BAND_PREFIX_GRATEFUL">
      <Text>Minnettarim</Text>
    </Row>
    <Row Tag="LOC_UNITNAME_ROCK_BAND_PREFIX_GREEN">
      <Text>Yesil</Text>
    </Row>
    <Row Tag="LOC_UNITNAME_ROCK_BAND_PREFIX_HILARIOUS">
      <Text>Cok komik</Text>
    </Row>
    <Row Tag="LOC_UNITNAME_ROCK_BAND_PREFIX_HOLY">
      <Text>Kutsal</Text>
    </Row>
    <Row Tag="LOC_UNITNAME_ROCK_BAND_PREFIX_HOT">
      <Text>Sicak</Text>
    </Row>
    <Row Tag="LOC_UNITNAME_ROCK_BAND_PREFIX_HUMAN">
      <Text>Insan</Text>
    </Row>
    <Row Tag="LOC_UNITNAME_ROCK_BAND_PREFIX_HUNGRY">
      <Text>Aç</Text>
    </Row>
    <Row Tag="LOC_UNITNAME_ROCK_BAND_PREFIX_INDIGO">
      <Text>Indigo</Text>
    </Row>
    <Row Tag="LOC_UNITNAME_ROCK_BAND_PREFIX_INDUSTRIAL">
      <Text>Endüstriyel</Text>
    </Row>
    <Row Tag="LOC_UNITNAME_ROCK_BAND_PREFIX_IRON">
      <Text>Demir</Text>
    </Row>
    <Row Tag="LOC_UNITNAME_ROCK_BAND_PREFIX_JOYOUS">
      <Text>Neseli</Text>
    </Row>
    <Row Tag="LOC_UNITNAME_ROCK_BAND_PREFIX_KIND">
      <Text>Nazik</Text>
    </Row>
    <Row Tag="LOC_UNITNAME_ROCK_BAND_PREFIX_LIGHT">
      <Text>Isik</Text>
    </Row>
    <Row Tag="LOC_UNITNAME_ROCK_BAND_PREFIX_LITTLE">
      <Text>Küçük</Text>
    </Row>
    <Row Tag="LOC_UNITNAME_ROCK_BAND_PREFIX_LONELY">
      <Text>Yalniz</Text>
    </Row>
    <Row Tag="LOC_UNITNAME_ROCK_BAND_PREFIX_LOST">
      <Text>Kayip</Text>
    </Row>
    <Row Tag="LOC_UNITNAME_ROCK_BAND_PREFIX_LOUD">
      <Text>Yüksek sesle</Text>
    </Row>
    <Row Tag="LOC_UNITNAME_ROCK_BAND_PREFIX_LOW">
      <Text>Düsük</Text>
    </Row>
    <Row Tag="LOC_UNITNAME_ROCK_BAND_PREFIX_LOYAL">
      <Text>Sadik</Text>
    </Row>
    <Row Tag="LOC_UNITNAME_ROCK_BAND_PREFIX_MAGIC">
      <Text>Sihir</Text>
    </Row>
    <Row Tag="LOC_UNITNAME_ROCK_BAND_PREFIX_MAJOR">
      <Text>Binbasi</Text>
    </Row>
    <Row Tag="LOC_UNITNAME_ROCK_BAND_PREFIX_MAXIMUM">
      <Text>Maksimum</Text>
    </Row>
    <Row Tag="LOC_UNITNAME_ROCK_BAND_PREFIX_MEDIEVAL">
      <Text>Ortaçag</Text>
    </Row>
    <Row Tag="LOC_UNITNAME_ROCK_BAND_PREFIX_MEGA">
      <Text>Mega</Text>
    </Row>
    <Row Tag="LOC_UNITNAME_ROCK_BAND_PREFIX_MENACING">
      <Text>Tehditkar</Text>
    </Row>
    <Row Tag="LOC_UNITNAME_ROCK_BAND_PREFIX_MIDDLE">
      <Text>Orta</Text>
    </Row>
    <Row Tag="LOC_UNITNAME_ROCK_BAND_PREFIX_MIDNIGHT">
      <Text>Gece yarisi</Text>
    </Row>
    <Row Tag="LOC_UNITNAME_ROCK_BAND_PREFIX_MIND">
      <Text>Zihin</Text>
    </Row>
    <Row Tag="LOC_UNITNAME_ROCK_BAND_PREFIX_MINI">
      <Text>Mini</Text>
    </Row>
    <Row Tag="LOC_UNITNAME_ROCK_BAND_PREFIX_MINOR">
      <Text>Küçük</Text>
    </Row>
    <Row Tag="LOC_UNITNAME_ROCK_BAND_PREFIX_MODERN">
      <Text>Modern</Text>
    </Row>
    <Row Tag="LOC_UNITNAME_ROCK_BAND_PREFIX_MODEST">
      <Text>Mütevazi</Text>
    </Row>
    <Row Tag="LOC_UNITNAME_ROCK_BAND_PREFIX_MOUNTAIN">
      <Text>Dag</Text>
    </Row>
    <Row Tag="LOC_UNITNAME_ROCK_BAND_PREFIX_MUTE">
      <Text>Sessiz</Text>
    </Row>
    <Row Tag="LOC_UNITNAME_ROCK_BAND_PREFIX_MYSTERY">
      <Text>Gizem</Text>
    </Row>
    <Row Tag="LOC_UNITNAME_ROCK_BAND_PREFIX_NATURAL">
      <Text>Dogal</Text>
    </Row>
    <Row Tag="LOC_UNITNAME_ROCK_BAND_PREFIX_NEW">
      <Text>Yeni</Text>
    </Row>
    <Row Tag="LOC_UNITNAME_ROCK_BAND_PREFIX_NIGHT">
      <Text>Gece</Text>
    </Row>
    <Row Tag="LOC_UNITNAME_ROCK_BAND_PREFIX_NUCLEAR">
      <Text>Nükleer</Text>
    </Row>
    <Row Tag="LOC_UNITNAME_ROCK_BAND_PREFIX_OLD">
      <Text>Eski</Text>
    </Row>
    <Row Tag="LOC_UNITNAME_ROCK_BAND_PREFIX_ORANGE">
      <Text>Turuncu</Text>
    </Row>
    <Row Tag="LOC_UNITNAME_ROCK_BAND_PREFIX_OVERPOWERED">
      <Text>Asiri Güçlü</Text>
    </Row>
    <Row Tag="LOC_UNITNAME_ROCK_BAND_PREFIX_PALE">
      <Text>Soluk</Text>
    </Row>
    <Row Tag="LOC_UNITNAME_ROCK_BAND_PREFIX_PEOPLE">
      <Text>Insanlar</Text>
    </Row>
    <Row Tag="LOC_UNITNAME_ROCK_BAND_PREFIX_PERFECT">
      <Text>Mükemmel</Text>
    </Row>
    <Row Tag="LOC_UNITNAME_ROCK_BAND_PREFIX_PERFUME">
      <Text>Parfüm</Text>
    </Row>
    <Row Tag="LOC_UNITNAME_ROCK_BAND_PREFIX_PETIT">
      <Text>Petit</Text>
    </Row>
    <Row Tag="LOC_UNITNAME_ROCK_BAND_PREFIX_PINK">
      <Text>Pembe</Text>
    </Row>
    <Row Tag="LOC_UNITNAME_ROCK_BAND_PREFIX_POLITICAL">
      <Text>Siyasi</Text>
    </Row>
    <Row Tag="LOC_UNITNAME_ROCK_BAND_PREFIX_PSYCHEDELIC">
      <Text>Psychedelic</Text>
    </Row>
    <Row Tag="LOC_UNITNAME_ROCK_BAND_PREFIX_PURPLE">
      <Text>Mor</Text>
    </Row>
    <Row Tag="LOC_UNITNAME_ROCK_BAND_PREFIX_QUIET">
      <Text>Sessiz</Text>
    </Row>
    <Row Tag="LOC_UNITNAME_ROCK_BAND_PREFIX_RADICAL">
      <Text>Radikal</Text>
    </Row>
    <Row Tag="LOC_UNITNAME_ROCK_BAND_PREFIX_RAINBOW">
      <Text>Gökkusagi</Text>
    </Row>
    <Row Tag="LOC_UNITNAME_ROCK_BAND_PREFIX_RANDOM">
      <Text>Rastgele</Text>
    </Row>
    <Row Tag="LOC_UNITNAME_ROCK_BAND_PREFIX_REAL">
      <Text>Gerçek</Text>
    </Row>
    <Row Tag="LOC_UNITNAME_ROCK_BAND_PREFIX_RED">
      <Text>Kirmizi</Text>
    </Row>
    <Row Tag="LOC_UNITNAME_ROCK_BAND_PREFIX_RELIGIOUS">
      <Text>Dini</Text>
    </Row>
    <Row Tag="LOC_UNITNAME_ROCK_BAND_PREFIX_RENAISSANCE">
      <Text>Rönesans</Text>
    </Row>
    <Row Tag="LOC_UNITNAME_ROCK_BAND_PREFIX_RIVAL">
      <Text>Rakip</Text>
    </Row>
    <Row Tag="LOC_UNITNAME_ROCK_BAND_PREFIX_SICK">
      <Text>Hasta</Text>
    </Row>
    <Row Tag="LOC_UNITNAME_ROCK_BAND_PREFIX_SILENT">
      <Text>Sessiz</Text>
    </Row>
    <Row Tag="LOC_UNITNAME_ROCK_BAND_PREFIX_SILVER">
      <Text>Gümüs</Text>
    </Row>
    <Row Tag="LOC_UNITNAME_ROCK_BAND_PREFIX_SMASHING">
      <Text>Smashing</Text>
    </Row>
    <Row Tag="LOC_UNITNAME_ROCK_BAND_PREFIX_SOCIAL">
      <Text>Sosyal</Text>
    </Row>
    <Row Tag="LOC_UNITNAME_ROCK_BAND_PREFIX_SPACE">
      <Text>Uzay</Text>
    </Row>
    <Row Tag="LOC_UNITNAME_ROCK_BAND_PREFIX_SPEEDY">
      <Text>Speedy</Text>
    </Row>
    <Row Tag="LOC_UNITNAME_ROCK_BAND_PREFIX_STOLEN">
      <Text>Calinti</Text>
    </Row>
    <Row Tag="LOC_UNITNAME_ROCK_BAND_PREFIX_SUPER">
      <Text>Süper</Text>
    </Row>
    <Row Tag="LOC_UNITNAME_ROCK_BAND_PREFIX_TALKING">
      <Text>Konusmak</Text>
    </Row>
    <Row Tag="LOC_UNITNAME_ROCK_BAND_PREFIX_TAME">
      <Text>Uysal</Text>
    </Row>
    <Row Tag="LOC_UNITNAME_ROCK_BAND_PREFIX_TOXIC">
      <Text>Zehirli</Text>
    </Row>
    <Row Tag="LOC_UNITNAME_ROCK_BAND_PREFIX_TRADITIONAL">
      <Text>Geleneksel</Text>
    </Row>
    <Row Tag="LOC_UNITNAME_ROCK_BAND_PREFIX_UNIQUE">
      <Text>Essiz</Text>
    </Row>
    <Row Tag="LOC_UNITNAME_ROCK_BAND_PREFIX_UNDERGROUND">
      <Text>Yeralti</Text>
    </Row>
    <Row Tag="LOC_UNITNAME_ROCK_BAND_PREFIX_UNKNOWN">
      <Text>Bilinmiyor</Text>
    </Row>
    <Row Tag="LOC_UNITNAME_ROCK_BAND_PREFIX_VEGAN">
      <Text>Vegan</Text>
    </Row>
    <Row Tag="LOC_UNITNAME_ROCK_BAND_PREFIX_WAR">
      <Text>Savas</Text>
    </Row>
    <Row Tag="LOC_UNITNAME_ROCK_BAND_PREFIX_WATER">
      <Text>Su</Text>
    </Row>
    <Row Tag="LOC_UNITNAME_ROCK_BAND_PREFIX_WHITE">
      <Text>Beyaz</Text>
    </Row>
    <Row Tag="LOC_UNITNAME_ROCK_BAND_PREFIX_WILD">
      <Text>Vahsi</Text>
    </Row>
    <Row Tag="LOC_UNITNAME_ROCK_BAND_PREFIX_XERIC">
      <Text>Xeric</Text>
    </Row>
    <Row Tag="LOC_UNITNAME_ROCK_BAND_PREFIX_YELLOW">
      <Text>Sari</Text>
    </Row>
    <Row Tag="LOC_UNITNAME_ROCK_BAND_PREFIX_YOUNG">
      <Text>Genç</Text>
    </Row>
    <Row Tag="LOC_UNITNAME_ROCK_BAND_PREFIX_ZEALOUS">
      <Text>Gayretli</Text>
    </Row>
    <Row Tag="LOC_UNITNAME_GDR_PREFIX_TITANIUM">
      <Text>Titanyum</Text>
    </Row>
    <Row Tag="LOC_UNITNAME_GDR_PREFIX_DEATH">
      <Text>Ölüm</Text>
    </Row>
    <Row Tag="LOC_UNITNAME_GDR_PREFIX_HELL">
      <Text>Cehennem</Text>
    </Row>
    <Row Tag="LOC_UNITNAME_GDR_PREFIX_DIABOLICAL">
      <Text>Seytani</Text>
    </Row>
    <Row Tag="LOC_UNITNAME_GDR_PREFIX_LAND">
      <Text>Arazi</Text>
    </Row>
    <Row Tag="LOC_UNITNAME_GDR_PREFIX_GARGANTUAN">
      <Text>Gargantuan</Text>
    </Row>
    <Row Tag="LOC_UNITNAME_GDR_PREFIX_MAMMOTH">
      <Text>Mamut</Text>
    </Row>
    <Row Tag="LOC_UNITNAME_GDR_PREFIX_MONSTROUS">
      <Text>Canavarca</Text>
    </Row>
    <Row Tag="LOC_UNITNAME_GDR_PREFIX_ARMORED">
      <Text>Zirhli</Text>
    </Row>
    <Row Tag="LOC_UNITNAME_GDR_PREFIX_CYBERNETIC">
      <Text>Sibernetik</Text>
    </Row>
    <Row Tag="LOC_UNITNAME_GDR_PREFIX_TERRIBLE">
      <Text>Korkunç</Text>
    </Row>
    <Row Tag="LOC_UNITNAME_GDR_PREFIX_ABOMINABLE">
      <Text>Igrenç</Text>
    </Row>
    <Row Tag="LOC_UNITNAME_GDR_PREFIX_INFERNAL">
      <Text>Infernal</Text>
    </Row>
    <Row Tag="LOC_UNITNAME_GDR_PREFIX_DREAD">
      <Text>Dehset</Text>
    </Row>
    <!-- Suffix-->
    <Row Tag="LOC_UNITNAME_ROCK_BAND_SUFFIX_ANIMALS">
      <Text>Hayvanlar</Text>
    </Row>
    <Row Tag="LOC_UNITNAME_ROCK_BAND_SUFFIX_ANT">
      <Text>Karinca</Text>
    </Row>
    <Row Tag="LOC_UNITNAME_ROCK_BAND_SUFFIX_ATLAS">
      <Text>Atlas</Text>
    </Row>
    <Row Tag="LOC_UNITNAME_ROCK_BAND_SUFFIX_AUTHORS">
      <Text>Yazarlar</Text>
    </Row>
    <Row Tag="LOC_UNITNAME_ROCK_BAND_SUFFIX_BAND">
      <Text>Bando</Text>
    </Row>
    <Row Tag="LOC_UNITNAME_ROCK_BAND_SUFFIX_BARBARIANS">
      <Text>Barbarlar</Text>
    </Row>
    <Row Tag="LOC_UNITNAME_ROCK_BAND_SUFFIX_BEACH">
      <Text>Plaj</Text>
    </Row>
    <Row Tag="LOC_UNITNAME_ROCK_BAND_SUFFIX_BEARS">
      <Text>Ayilar</Text>
    </Row>
    <Row Tag="LOC_UNITNAME_ROCK_BAND_SUFFIX_BEATS">
      <Text>Beats</Text>
    </Row>
    <Row Tag="LOC_UNITNAME_ROCK_BAND_SUFFIX_BELLS">
      <Text>Canlar</Text>
    </Row>
    <Row Tag="LOC_UNITNAME_ROCK_BAND_SUFFIX_BOOKS">
      <Text>Kitaplar</Text>
    </Row>
    <Row Tag="LOC_UNITNAME_ROCK_BAND_SUFFIX_BREAKFAST">
      <Text>Kahvalti</Text>
    </Row>
    <Row Tag="LOC_UNITNAME_ROCK_BAND_SUFFIX_BUCKET">
      <Text>Kova</Text>
    </Row>
    <Row Tag="LOC_UNITNAME_ROCK_BAND_SUFFIX_BUFFALO">
      <Text>Buffalo</Text>
    </Row>
    <Row Tag="LOC_UNITNAME_ROCK_BAND_SUFFIX_BUGS">
      <Text>Böcekler</Text>
    </Row>
    <Row Tag="LOC_UNITNAME_ROCK_BAND_SUFFIX_BUILDERS">
      <Text>Insaatçilar</Text>
    </Row>
    <Row Tag="LOC_UNITNAME_ROCK_BAND_SUFFIX_CANAL">
      <Text>Kanal</Text>
    </Row>
    <Row Tag="LOC_UNITNAME_ROCK_BAND_SUFFIX_CARD">
      <Text>Kart</Text>
    </Row>
    <Row Tag="LOC_UNITNAME_ROCK_BAND_SUFFIX_CARROTS">
      <Text>Havuçlar</Text>
    </Row>
    <Row Tag="LOC_UNITNAME_ROCK_BAND_SUFFIX_CARS">
      <Text>Arabalar</Text>
    </Row>
    <Row Tag="LOC_UNITNAME_ROCK_BAND_SUFFIX_CASTLES">
      <Text>Kaleler</Text>
    </Row>
    <Row Tag="LOC_UNITNAME_ROCK_BAND_SUFFIX_CATS">
      <Text>Kediler</Text>
    </Row>
    <Row Tag="LOC_UNITNAME_ROCK_BAND_SUFFIX_CAVE">
      <Text>Magara</Text>
    </Row>
    <Row Tag="LOC_UNITNAME_ROCK_BAND_SUFFIX_CELL">
      <Text>Hücre</Text>
    </Row>
    <Row Tag="LOC_UNITNAME_ROCK_BAND_SUFFIX_CHAIR">
      <Text>Sandalye</Text>
    </Row>
    <Row Tag="LOC_UNITNAME_ROCK_BAND_SUFFIX_CHINCHILLA">
      <Text>Chinchilla</Text>
    </Row>
    <Row Tag="LOC_UNITNAME_ROCK_BAND_SUFFIX_CITIES">
      <Text>Sehirler</Text>
    </Row>
    <Row Tag="LOC_UNITNAME_ROCK_BAND_SUFFIX_CIVICS">
      <Text>Yurttaslik Bilgisi</Text>
    </Row>
    <Row Tag="LOC_UNITNAME_ROCK_BAND_SUFFIX_CIVILIZATION">
      <Text>Uygarlik</Text>
    </Row>
    <Row Tag="LOC_UNITNAME_ROCK_BAND_SUFFIX_CLUB">
      <Text>Kulüp</Text>
    </Row>
    <Row Tag="LOC_UNITNAME_ROCK_BAND_SUFFIX_COAST">
      <Text>Sahil</Text>
    </Row>
    <Row Tag="LOC_UNITNAME_ROCK_BAND_SUFFIX_COFFEE">
      <Text>Kahve</Text>
    </Row>
    <Row Tag="LOC_UNITNAME_ROCK_BAND_SUFFIX_CONTINENTS">
      <Text>Kitalar</Text>
    </Row>
    <Row Tag="LOC_UNITNAME_ROCK_BAND_SUFFIX_COOKIES">
      <Text>Cerezler</Text>
    </Row>
    <Row Tag="LOC_UNITNAME_ROCK_BAND_SUFFIX_COUNTRY">
      <Text>Ülke</Text>
    </Row>
    <Row Tag="LOC_UNITNAME_ROCK_BAND_SUFFIX_CREW">
      <Text>Mürettebat</Text>
    </Row>
    <Row Tag="LOC_UNITNAME_ROCK_BAND_SUFFIX_CROWS">
      <Text>Kargalar</Text>
    </Row>
    <Row Tag="LOC_UNITNAME_ROCK_BAND_SUFFIX_CULTURE">
      <Text>Kültür</Text>
    </Row>
    <Row Tag="LOC_UNITNAME_ROCK_BAND_SUFFIX_DATES">
      <Text>Tarihler</Text>
    </Row>
    <Row Tag="LOC_UNITNAME_ROCK_BAND_SUFFIX_DEATH">
      <Text>Ölüm</Text>
    </Row>
    <Row Tag="LOC_UNITNAME_ROCK_BAND_SUFFIX_DEITY">
      <Text>Ilah</Text>
    </Row>
    <Row Tag="LOC_UNITNAME_ROCK_BAND_SUFFIX_DIAMONDS">
      <Text>Elmaslar</Text>
    </Row>
    <Row Tag="LOC_UNITNAME_ROCK_BAND_SUFFIX_DISTRICTS">
      <Text>Ilçeler</Text>
    </Row>
    <Row Tag="LOC_UNITNAME_ROCK_BAND_SUFFIX_DOGS">
      <Text>Köpekler</Text>
    </Row>
    <Row Tag="LOC_UNITNAME_ROCK_BAND_SUFFIX_DRAGONS">
      <Text>Ejderhalar</Text>
    </Row>
    <Row Tag="LOC_UNITNAME_ROCK_BAND_SUFFIX_EAGLE">
      <Text>Kartal</Text>
    </Row>
    <Row Tag="LOC_UNITNAME_ROCK_BAND_SUFFIX_ECHIDNA">
      <Text>Echidna</Text>
    </Row>
    <Row Tag="LOC_UNITNAME_ROCK_BAND_SUFFIX_EEL">
      <Text>Yilanbaligi</Text>
    </Row>
    <Row Tag="LOC_UNITNAME_ROCK_BAND_SUFFIX_ELEPHANT">
      <Text>Fil</Text>
    </Row>
    <Row Tag="LOC_UNITNAME_ROCK_BAND_SUFFIX_EMERGENCIES">
      <Text>Acil Durumlar</Text>
    </Row>
    <Row Tag="LOC_UNITNAME_ROCK_BAND_SUFFIX_EMPEROR">
      <Text>Imparator</Text>
    </Row>
    <Row Tag="LOC_UNITNAME_ROCK_BAND_SUFFIX_EMPIRE">
      <Text>Imparatorluk</Text>
    </Row>
    <Row Tag="LOC_UNITNAME_ROCK_BAND_SUFFIX_EMPRESS">
      <Text>Imparatoriçe</Text>
    </Row>
    <Row Tag="LOC_UNITNAME_ROCK_BAND_SUFFIX_EMU">
      <Text>Emu</Text>
    </Row>
    <Row Tag="LOC_UNITNAME_ROCK_BAND_SUFFIX_ENEMY">
      <Text>Düsman</Text>
    </Row>
    <Row Tag="LOC_UNITNAME_ROCK_BAND_SUFFIX_ENVOYS">
      <Text>Elçiler</Text>
    </Row>
    <Row Tag="LOC_UNITNAME_ROCK_BAND_SUFFIX_EVENT">
      <Text>Etkinlik</Text>
    </Row>
    <Row Tag="LOC_UNITNAME_ROCK_BAND_SUFFIX_EXPLOSIONS">
      <Text>Patlamalar</Text>
    </Row>
    <Row Tag="LOC_UNITNAME_ROCK_BAND_SUFFIX_EYES">
      <Text>Gözler</Text>
    </Row>
    <Row Tag="LOC_UNITNAME_ROCK_BAND_SUFFIX_FAITH">
      <Text>Inanç</Text>
    </Row>
    <Row Tag="LOC_UNITNAME_ROCK_BAND_SUFFIX_FARMS">
      <Text>Ciftlikler</Text>
    </Row>
    <Row Tag="LOC_UNITNAME_ROCK_BAND_SUFFIX_FIGHTERS">
      <Text>Savasçilar</Text>
    </Row>
    <Row Tag="LOC_UNITNAME_ROCK_BAND_SUFFIX_FIRE">
      <Text>Yangin</Text>
    </Row>
    <Row Tag="LOC_UNITNAME_ROCK_BAND_SUFFIX_FOOD">
      <Text>Yemek</Text>
    </Row>
    <Row Tag="LOC_UNITNAME_ROCK_BAND_SUFFIX_GENIUS">
      <Text>Dahi</Text>
    </Row>
    <Row Tag="LOC_UNITNAME_ROCK_BAND_SUFFIX_GHOST">
      <Text>Hayalet</Text>
    </Row>
    <Row Tag="LOC_UNITNAME_ROCK_BAND_SUFFIX_GIANTS">
      <Text>Devler</Text>
    </Row>
    <Row Tag="LOC_UNITNAME_ROCK_BAND_SUFFIX_GOATS">
      <Text>Keçiler</Text>
    </Row>
    <Row Tag="LOC_UNITNAME_ROCK_BAND_SUFFIX_GOLD">
      <Text>Altin</Text>
    </Row>
    <Row Tag="LOC_UNITNAME_ROCK_BAND_SUFFIX_GOSSIP">
      <Text>Dedikodu</Text>
    </Row>
    <Row Tag="LOC_UNITNAME_ROCK_BAND_SUFFIX_GOVERNORS">
      <Text>Valiler</Text>
    </Row>
    <Row Tag="LOC_UNITNAME_ROCK_BAND_SUFFIX_GUITARS">
      <Text>Gitarlar</Text>
    </Row>
    <Row Tag="LOC_UNITNAME_ROCK_BAND_SUFFIX_HATS">
      <Text>Sapkalar</Text>
    </Row>
    <Row Tag="LOC_UNITNAME_ROCK_BAND_SUFFIX_HEART">
      <Text>Kalp</Text>
    </Row>
    <Row Tag="LOC_UNITNAME_ROCK_BAND_SUFFIX_HIGH">
      <Text>Yüksek</Text>
    </Row>
    <Row Tag="LOC_UNITNAME_ROCK_BAND_SUFFIX_HIPPOS">
      <Text>Suaygirlari</Text>
    </Row>
    <Row Tag="LOC_UNITNAME_ROCK_BAND_SUFFIX_HISTORY">
      <Text>Tarih</Text>
    </Row>
    <Row Tag="LOC_UNITNAME_ROCK_BAND_SUFFIX_HORSES">
      <Text>Atlar</Text>
    </Row>
    <Row Tag="LOC_UNITNAME_ROCK_BAND_SUFFIX_HOUSE">
      <Text>Ev</Text>
    </Row>
    <Row Tag="LOC_UNITNAME_ROCK_BAND_SUFFIX_HUNTED">
      <Text>Avlanmis</Text>
    </Row>
    <Row Tag="LOC_UNITNAME_ROCK_BAND_SUFFIX_IMPROVEMENT">
      <Text>Iyilestirme</Text>
    </Row>
    <Row Tag="LOC_UNITNAME_ROCK_BAND_SUFFIX_ISLANDS">
      <Text>Adalar</Text>
    </Row>
    <Row Tag="LOC_UNITNAME_ROCK_BAND_SUFFIX_JACKET">
      <Text>Ceket</Text>
    </Row>
    <Row Tag="LOC_UNITNAME_ROCK_BAND_SUFFIX_JETS">
      <Text>Jetler</Text>
    </Row>
    <Row Tag="LOC_UNITNAME_ROCK_BAND_SUFFIX_KALE">
      <Text>Lahana</Text>
    </Row>
    <Row Tag="LOC_UNITNAME_ROCK_BAND_SUFFIX_KING">
      <Text>Kral</Text>
    </Row>
    <Row Tag="LOC_UNITNAME_ROCK_BAND_SUFFIX_KITTEN">
      <Text>Kedicik</Text>
    </Row>
    <Row Tag="LOC_UNITNAME_ROCK_BAND_SUFFIX_LASER">
      <Text>Lazer</Text>
    </Row>
    <Row Tag="LOC_UNITNAME_ROCK_BAND_SUFFIX_LEAGUE">
      <Text>Lig</Text>
    </Row>
    <Row Tag="LOC_UNITNAME_ROCK_BAND_SUFFIX_LETTERS">
      <Text>Mektuplar</Text>
    </Row>
    <Row Tag="LOC_UNITNAME_ROCK_BAND_SUFFIX_LIZARD">
      <Text>Kertenkele</Text>
    </Row>
    <Row Tag="LOC_UNITNAME_ROCK_BAND_SUFFIX_LOW">
      <Text>Düsük</Text>
    </Row>
    <Row Tag="LOC_UNITNAME_ROCK_BAND_SUFFIX_LOYALISTS">
      <Text>Sadiklar</Text>
    </Row>
    <Row Tag="LOC_UNITNAME_ROCK_BAND_SUFFIX_MACHINE">
      <Text>Makine</Text>
    </Row>
    <Row Tag="LOC_UNITNAME_ROCK_BAND_SUFFIX_MANIACS">
      <Text>Manyaklar</Text>
    </Row>
    <Row Tag="LOC_UNITNAME_ROCK_BAND_SUFFIX_MAP">
      <Text>Harita</Text>
    </Row>
    <Row Tag="LOC_UNITNAME_ROCK_BAND_SUFFIX_METAL">
      <Text>Metal</Text>
    </Row>
    <Row Tag="LOC_UNITNAME_ROCK_BAND_SUFFIX_MINDS">
      <Text>Zihinler</Text>
    </Row>
    <Row Tag="LOC_UNITNAME_ROCK_BAND_SUFFIX_MINES">
      <Text>Mayinlar</Text>
    </Row>
    <Row Tag="LOC_UNITNAME_ROCK_BAND_SUFFIX_NATION">
      <Text>Ulus</Text>
    </Row>
    <Row Tag="LOC_UNITNAME_ROCK_BAND_SUFFIX_NOISE">
      <Text>Gürültü</Text>
    </Row>
    <Row Tag="LOC_UNITNAME_ROCK_BAND_SUFFIX_OBSERVATIONS">
      <Text>Gözlemler</Text>
    </Row>
    <Row Tag="LOC_UNITNAME_ROCK_BAND_SUFFIX_ORCHESTRA">
      <Text>Orkestra</Text>
    </Row>
    <Row Tag="LOC_UNITNAME_ROCK_BAND_SUFFIX_ORDER">
      <Text>Siparis</Text>
    </Row>
    <Row Tag="LOC_UNITNAME_ROCK_BAND_SUFFIX_PANTHEON">
      <Text>Pantheon</Text>
    </Row>
    <Row Tag="LOC_UNITNAME_ROCK_BAND_SUFFIX_PARTY">
      <Text>Parti</Text>
    </Row>
    <Row Tag="LOC_UNITNAME_ROCK_BAND_SUFFIX_PEACOCK">
      <Text>Tavuskusu</Text>
    </Row>
    <Row Tag="LOC_UNITNAME_ROCK_BAND_SUFFIX_PENGUIN">
      <Text>Penguen</Text>
    </Row>
    <Row Tag="LOC_UNITNAME_ROCK_BAND_SUFFIX_PEOPLE">
      <Text>Insanlar</Text>
    </Row>
    <Row Tag="LOC_UNITNAME_ROCK_BAND_SUFFIX_PEPPERS">
      <Text>Biberler</Text>
    </Row>
    <Row Tag="LOC_UNITNAME_ROCK_BAND_SUFFIX_POETS">
      <Text>Sairler</Text>
    </Row>
    <Row Tag="LOC_UNITNAME_ROCK_BAND_SUFFIX_POND">
      <Text>Gölet</Text>
    </Row>
    <Row Tag="LOC_UNITNAME_ROCK_BAND_SUFFIX_POWER">
      <Text>Güç</Text>
    </Row>
    <Row Tag="LOC_UNITNAME_ROCK_BAND_SUFFIX_PRINCE">
      <Text>Prens</Text>
    </Row>
    <Row Tag="LOC_UNITNAME_ROCK_BAND_SUFFIX_PRINCESS">
      <Text>Prenses</Text>
    </Row>
    <Row Tag="LOC_UNITNAME_ROCK_BAND_SUFFIX_PRODUCTION">
      <Text>Üretim</Text>
    </Row>
    <Row Tag="LOC_UNITNAME_ROCK_BAND_SUFFIX_PROPHETS">
      <Text>Peygamberler</Text>
    </Row>
    <Row Tag="LOC_UNITNAME_ROCK_BAND_SUFFIX_PUNK">
      <Text>Punk</Text>
    </Row>
    <Row Tag="LOC_UNITNAME_ROCK_BAND_SUFFIX_PUPPIES">
      <Text>Yavru Köpekler</Text>
    </Row>
    <Row Tag="LOC_UNITNAME_ROCK_BAND_SUFFIX_QUEEN">
      <Text>Kraliçe</Text>
    </Row>
    <Row Tag="LOC_UNITNAME_ROCK_BAND_SUFFIX_QUESTIONS">
      <Text>Sorular</Text>
    </Row>
    <Row Tag="LOC_UNITNAME_ROCK_BAND_SUFFIX_RABBIT">
      <Text>Tavsan</Text>
    </Row>
    <Row Tag="LOC_UNITNAME_ROCK_BAND_SUFFIX_RANGER">
      <Text>Ranger</Text>
    </Row>
    <Row Tag="LOC_UNITNAME_ROCK_BAND_SUFFIX_REJECTS">
      <Text>Reddedilenler</Text>
    </Row>
    <Row Tag="LOC_UNITNAME_ROCK_BAND_SUFFIX_REVOLUTION">
      <Text>Devrim</Text>
    </Row>
    <Row Tag="LOC_UNITNAME_ROCK_BAND_SUFFIX_RHINO">
      <Text>Gergedan</Text>
    </Row>
    <Row Tag="LOC_UNITNAME_ROCK_BAND_SUFFIX_RIOT">
      <Text>Isyan</Text>
    </Row>
    <Row Tag="LOC_UNITNAME_ROCK_BAND_SUFFIX_RIVERS">
      <Text>Nehirler</Text>
    </Row>
    <Row Tag="LOC_UNITNAME_ROCK_BAND_SUFFIX_ROBOTS">
      <Text>Robotlar</Text>
    </Row>
    <Row Tag="LOC_UNITNAME_ROCK_BAND_SUFFIX_SABOTAGE">
      <Text>Sabotaj</Text>
    </Row>
    <Row Tag="LOC_UNITNAME_ROCK_BAND_SUFFIX_SCIENCE">
      <Text>Bilim</Text>
    </Row>
    <Row Tag="LOC_UNITNAME_ROCK_BAND_SUFFIX_SETTLERS">
      <Text>Yerlesimciler</Text>
    </Row>
    <Row Tag="LOC_UNITNAME_ROCK_BAND_SUFFIX_SLANG">
      <Text>Argo</Text>
    </Row>
    <Row Tag="LOC_UNITNAME_ROCK_BAND_SUFFIX_SLOTH">
      <Text>Tembellik</Text>
    </Row>
    <Row Tag="LOC_UNITNAME_ROCK_BAND_SUFFIX_SNAKE">
      <Text>Yilan</Text>
    </Row>
    <Row Tag="LOC_UNITNAME_ROCK_BAND_SUFFIX_SOUL">
      <Text>Ruh</Text>
    </Row>
    <Row Tag="LOC_UNITNAME_ROCK_BAND_SUFFIX_SPADES">
      <Text>Maça</Text>
    </Row>
    <Row Tag="LOC_UNITNAME_ROCK_BAND_SUFFIX_SPIDERS">
      <Text>Örümcekler</Text>
    </Row>
    <Row Tag="LOC_UNITNAME_ROCK_BAND_SUFFIX_SPIES">
      <Text>Casuslar</Text>
    </Row>
    <Row Tag="LOC_UNITNAME_ROCK_BAND_SUFFIX_SQUIRRELS">
      <Text>Sincaplar</Text>
    </Row>
    <Row Tag="LOC_UNITNAME_ROCK_BAND_SUFFIX_STAR">
      <Text>Yildiz</Text>
    </Row>
    <Row Tag="LOC_UNITNAME_ROCK_BAND_SUFFIX_STONES">
      <Text>Taslar</Text>
    </Row>
    <Row Tag="LOC_UNITNAME_ROCK_BAND_SUFFIX_STOPLIGHT">
      <Text>Stop lambasi</Text>
    </Row>
    <Row Tag="LOC_UNITNAME_ROCK_BAND_SUFFIX_SURPRISE">
      <Text>Sürpriz</Text>
    </Row>
    <Row Tag="LOC_UNITNAME_ROCK_BAND_SUFFIX_SUSHI">
      <Text>Susi</Text>
    </Row>
    <Row Tag="LOC_UNITNAME_ROCK_BAND_SUFFIX_SUZERAINS">
      <Text>Suzerains</Text>
    </Row>
    <Row Tag="LOC_UNITNAME_ROCK_BAND_SUFFIX_TECHNOLOGIES">
      <Text>Teknolojileri</Text>
    </Row>
    <Row Tag="LOC_UNITNAME_ROCK_BAND_SUFFIX_TILES">
      <Text>Kaplanlar</Text>
    </Row>
    <Row Tag="LOC_UNITNAME_ROCK_BAND_SUFFIX_TIGERS">
      <Text>Fayanslar</Text>
    </Row>
    <Row Tag="LOC_UNITNAME_ROCK_BAND_SUFFIX_TOMATOES">
      <Text>Domates</Text>
    </Row>
    <Row Tag="LOC_UNITNAME_ROCK_BAND_SUFFIX_TRADERS">
      <Text>Tüccarlar</Text>
    </Row>
    <Row Tag="LOC_UNITNAME_ROCK_BAND_SUFFIX_TRICK">
      <Text>Hile</Text>
    </Row>
    <Row Tag="LOC_UNITNAME_ROCK_BAND_SUFFIX_TURNS">
      <Text>Dönüsler</Text>
    </Row>
    <Row Tag="LOC_UNITNAME_ROCK_BAND_SUFFIX_TURTLE">
      <Text>Kaplumbaga</Text>
    </Row>
    <Row Tag="LOC_UNITNAME_ROCK_BAND_SUFFIX_VULTURES">
      <Text>Akbabalar</Text>
    </Row>
    <Row Tag="LOC_UNITNAME_ROCK_BAND_SUFFIX_WALLS">
      <Text>Duvarlar</Text>
    </Row>
    <Row Tag="LOC_UNITNAME_ROCK_BAND_SUFFIX_WOLF">
      <Text>Kurt</Text>
    </Row>
    <Row Tag="LOC_UNITNAME_ROCK_BAND_SUFFIX_WOMBATS">
      <Text>Wombats</Text>
    </Row>
    <Row Tag="LOC_UNITNAME_ROCK_BAND_SUFFIX_WONDERS">
      <Text>Harikalar</Text>
    </Row>
    <Row Tag="LOC_UNITNAME_ROCK_BAND_SUFFIX_XYLOPHONES">
      <Text>Ksilofonlar</Text>
    </Row>
    <Row Tag="LOC_UNITNAME_ROCK_BAND_SUFFIX_YAKS">
      <Text>Yaklar</Text>
    </Row>
    <Row Tag="LOC_UNITNAME_ROCK_BAND_SUFFIX_ZOMBIES">
      <Text>Zombiler</Text>
    </Row>
    <Row Tag="LOC_UNITNAME_GDR_SUFFIX_MACHINE">
      <Text>Makine</Text>
    </Row>
    <Row Tag="LOC_UNITNAME_GDR_SUFFIX_MECH">
      <Text>Mekanik</Text>
    </Row>
    <Row Tag="LOC_UNITNAME_GDR_SUFFIX_GOLEM">
      <Text>Golem</Text>
    </Row>
    <Row Tag="LOC_UNITNAME_GDR_SUFFIX_BEHEMOTH">
      <Text>Behemoth</Text>
    </Row>
    <Row Tag="LOC_UNITNAME_GDR_SUFFIX_COLOSSUS">
      <Text>Colossus</Text>
    </Row>
    <Row Tag="LOC_UNITNAME_GDR_SUFFIX_HULK">
      <Text>Hulk</Text>
    </Row>
    <Row Tag="LOC_UNITNAME_GDR_SUFFIX_BEAST">
      <Text>Canavar</Text>
    </Row>
    <Row Tag="LOC_UNITNAME_GDR_SUFFIX_OGRE">
      <Text>Ogre</Text>
    </Row>
    <Row Tag="LOC_UNITNAME_GDR_SUFFIX_MONSTROSITY">
      <Text>Canavarlik</Text>
    </Row>
    <Row Tag="LOC_UNITNAME_GDR_SUFFIX_ROBOT">
      <Text>Robot</Text>
    </Row>
    <Row Tag="LOC_UNITNAME_GDR_SUFFIX_AUTOMATON">
      <Text>Otomat</Text>
    </Row>
    <Row Tag="LOC_UNITNAME_GDR_SUFFIX_CYCLOPS">
      <Text>Kiklops</Text>
    </Row>
    <Row Tag="LOC_UNITNAME_GDR_SUFFIX_GIANT">
      <Text>Dev</Text>
    </Row>
    <Row Tag="LOC_UNITNAME_GDR_SUFFIX_TITAN">
      <Text>Titan</Text>
    </Row>
    <Row Tag="LOC_UNITNAME_GDR_SUFFIX_WALKER">
      <Text>Walker</Text>
    </Row>
    <Row Tag="LOC_UNITNAME_GDR_SUFFIX_DEVASTATOR">
      <Text>Devastator</Text>
    </Row>
  </EnglishText>
</GameData>