﻿<?xml version="1.0" encoding="utf-8"?>
<!-- edited with XMLSPY v2004 rel. 2 U (http://www.xmlspy.com) by Ed Beach (Firaxis Games) -->
<GameData>
  <BaseGameText>
    <Row Tag="LOC_TUTORIAL_INTRO_TO_WORLD_CONGRESS">
      <Text>Dünya Kongresine katilmak üzere davet edildik. Bu uluslararasi sahnede, dünya liderleri arasindaki kararlari ve anlasmalari oylayarak, tüm dünya tarafindan ele alinmasi gereken önemli konulara karar verecegiz.[NEWLINE][NEWLINE]Dünya Kongresi her 30 turda bir toplanir (Standart Hiz). Kongre sirasinda oyuncular, birikmis [ICON_Favor] Diplomatik Iyiliklerini kullanarak Kararlari ve Tartismalari oylar ve bir sonraki Kongre toplantisina kadar oyun kurallarinin nasil degisecegini etkiler.</Text>
    </Row>
    <Row Tag="LOC_TUTORIAL_WORLD_CONGRESS_STAGE_2">
      <Text>Dünya Kongresinin bu Özel Oturumuna çagrilmis bulunuyoruz. [NEWLINE][NEWLINE]Özel Oturumlar, Acil Duruma yol açacak kosullardan olumsuz etkilenen oyuncular tarafindan her 15 turda bir (Standart Hiz) çagrilabilir.  Bu, baska bir oyuncu (Askeri Acil Durum gibi) veya çevre (Yardim Talebi gibi) olabilir.  Bu asamada, Acil Duruma dahil olabilecek oyuncular ilgili Tartisma için oy kullanmalidir.  Tartisma kabul edilirse, oy veren oyuncular Acil Duruma katilir.</Text>
    </Row>
    <Row Tag="LOC_TUTORIAL_WORLD_CONGRESS_STAGE_OVER">
      <Text>Dünya Kongresi sona erdi. Yakinda tekrar toplanacak, ancak bu arada yürürlükteki yeni oyun kurallarindan yararlanin! Diplomasi'ye girip soldaki en üst simgeye tiklayarak bunlari görüntüleyebilirsiniz.</Text>
    </Row>
    <Row Tag="LOC_TUTORIAL_FLOODPLAIN_REVEAL">
      <Text>Bu nehir taskin yataklarina sahiptir, yani daha önce tasmistir ve tekrar tasabilir. Bu nehir boyunca gelecekte herhangi bir noktada bir Sel meydana gelebilir. Bu bize risklerin yani sira potansiyel faydalar da sunar.[NEWLINE][NEWLINE]Bir Sel, Nehir boyunca herhangi bir karoyu etkileyebilir. Sular altinda kalan bir karo, karo üzerindeki Iyilestirmeleri ve yagmalanan Bölgeleri yagmalayacak veya yok edecektir, ancak sonuç olarak karo için verimi de artirabilir.</Text>
    </Row>
    <Row Tag="LOC_TUTORIAL_VOLCANO_REVEAL">
      <Text>Bu Yanardag su anda sessiz, ancak gelecekte bir noktada tekrar patlayabilir. Halkimiz için bir tehlike ya da beklenmedik bir nimet olabilir. [NEWLINE][NEWLINE]Bir Patlama, Yanardaga komsu herhangi bir kareyi etkileyebilir. Patlama, karo üzerindeki iyilestirmeleri ve yagma bölgelerini yagmalayacak veya yok edecektir, ancak sonuç olarak karo üzerindeki verimi de artirabilir.</Text>
    </Row>
    <Row Tag="LOC_TUTORIAL_GEOTHERMAL_REVEAL">
      <Text>Burada yerden buhar tisliyor, dönen bulutlar halinde yükseliyor. Burasi bir Jeotermal Catlak  gezegenin isisinin dogal bacalardan kaçtigi bir yer.[NEWLINE][NEWLINE]Zamanla, bu dogal özelliklerden yararlanmanizi saglayacak teknolojileri arastirabilirsiniz.</Text>
    </Row>
    <Row Tag="LOC_TUTORIAL_FIRST_CLIMATE_CHANGE">
      <Text>Dünya isiniyor ve bunun ciddi sonuçlari olabilir. Bazi kutup buzlari eridi ve alçakta kalan yerlesim yerleri gelecekte risk altinda olabilir. Sicaklik daha da artarsa, daha fazla kiyi ovasi sular altinda kalabilir ve sonunda dalgalarin altina gömülebilir. Risk altindaki sehirlerimizde bir Sel Bariyeri insa etmek isteyebiliriz. Iklim degisikligi ayrica daha kötü ve daha sik firtinalara ve kurakliklara yol açacak, bu da topragin daha önceki verimlilik kazanimlarini bile ortadan kaldirabilecektir. Dünyanin iklimi hakkindaki bilgileri istediginiz zaman Iklim Ekraninda görebilirsiniz.</Text>
    </Row>
    <Row Tag="LOC_TUTORIAL_CONSUME_POWER_RESOURCE">
      <Text>Halkimiz yeni bir güç kaynagi yaratti. Onlar sevinirken bile gökyüzüne duman bulutlari yükseliyor. Yakit yakarak atmosfere CO2 ekliyoruz. Bunu yapmaya devam etmek eninde sonunda gezegeni isitacaktir.[NEWLINE][NEWLINE]Daha sicak bir gezegen deniz seviyelerinin yükselmesine ve kiyi bölgelerinin sular altinda kalmasina neden olacaktir. Bu tehdit gelecekte gerçeklesebilecek olsa da, kiyi taskinlarinin sehirlerinizi ve uygarliginizi nasil etkileyecegini düsünmek isteyebilirsiniz.</Text>
    </Row>
    <Row Tag="LOC_TUTORIAL_STORM_REVEAL">
      <Text>Rüzgâr ugulduyor ve yagmur kirbaçliyor - Güçlü bir Firtina topraklari kasip kavuruyor! Burada tehlike var ama ayni zamanda firsat da var. [NEWLINE][NEWLINE]Firtina dagilmadan önce birkaç kareden geçecek. Geçtigi tüm karolardaki Iyilestirmeleri ve yagma Bölgelerini yagmalayacak veya yok edecek, ancak bunun sonucunda karo üzerindeki verimi de artirabilir.</Text>
    </Row>
    <Row Tag="LOC_TUTORIAL_DAM_TECHNOLOGY_UNLOCK">
      <Text>Halkimizin kesfi, nehirlerin akisini düzenleyebilecegimiz ve siddetli bir selde bile önleyebilecegimiz anlamina geliyor. Artik Baraj bölgesi insa etme yetenegine sahipsiniz.[NEWLINE][NEWLINE]Her nehir için bir Baraj insa edebilirsiniz, bu da bu Nehir boyunca Selleri önleyecektir.</Text>
    </Row>
    <Row Tag="LOC_TUTORIAL_CANAL_TECHNOLOGY_UNLOCK">
      <Text>Halkimiz henüz mevcut olmayan bir su yolu hayal ediyor ve bu yeni kesif, onu insa etmelerini saglayabilir. Artik Kanal insa etme yetenegine sahipsiniz.[NEWLINE][NEWLINE]Bunlar deniz birliklerinin ve ticaret kervanlarinin karadan geçmesini saglar. Bir Kanal, içinden geçen herhangi bir Ticaret Yolundan elde edilen verimi artiracaktir.</Text>
    </Row>
    <Row Tag="LOC_TUTORIAL_WORLD_CONGRESS_CONVENE">
      <Text>Birçok ülkedeki bilge zihinler, medeniyetler arasindaki anlasmazliklari barisçil yollarla çözmeyi öneriyor. Bir Dünya Kongresi çagrisina katilalim mi?[NEWLINE][NEWLINE]Dünya Kongresi, dünyadaki tüm medeniyetlerin bir organizasyonudur. Bu organizasyonu basarili bir sekilde kullanmak Diplomatik Zaferin önemli bir parçasidir.</Text>
    </Row>
    <Row Tag="LOC_TUTORIAL_PLAYER_DISCUSSION_ACCEPT">
      <Text>Etkili argümanlarimiz dünyanin diger medeniyetlerini ikna etti ve Tartismamiz kabul edildi!</Text>
    </Row>
    <Row Tag="LOC_TUTORIAL_PLAYER_DISCUSSION_FAIL">
      <Text>Yalvarmalarimiza ragmen, dünyanin diger medeniyetlerini davamiz konusunda ikna edemedik. Tartismamiz reddedildi.</Text>
    </Row>
    <Row Tag="LOC_TUTORIAL_INTERVENTION_AVAILABLE">
      <Text>Oyuncularin bir Acil Durum için bir araya gelmelerini talep etme firsatimiz var.  Bunu Dünya Kongresine teklif edelim mi?[NEWLINE][NEWLINE]Bir Acil Durumu tetiklemek için kosullar yerine getirildiginde, etkilenen oyuncular [ICON_Favor] Diplomatik Iyilik harcayarak Dünya Kongresinin Özel Oturumunu talep edebilir ve burada oyuncular durumla mücadele etmek için Puanli Müsabaka baslatilip baslatilmayacagini oylayacaktir.</Text>
    </Row>
    <Row Tag="LOC_TUTORIAL_INTERVENTION_PROPOSED_AND_WE_CAN_ADD">
      <Text>Baska bir uygarlik bir Acil Durumu ele almak üzere Dünya Kongresi Özel Oturumu talep etti.  Bizim de tartismamiz gereken bir Acil Durum var: bunu gündeme ekleyelim mi?[NEWLINE][NEWLINE]Tek bir Özel Oturumda ayni anda birden fazla Acil Durum tartisilabilir.  Bir Özel Oturum sona erdiginde, belirli sayida tur geçene kadar bir baskasi çagrilamaz: eger bir tartisma önermek istiyorsaniz, simdi bunu yapmanin tam zamani.</Text>
    </Row>
    <Row Tag="LOC_TUTORIAL_INTERVENTION_PASS">
      <Text>Dünya Kongresi, medeniyetlerin ortak bir amaç için bir araya gelmeleri gerektigi konusunda mutabik kalmistir. Onaylarini almak için diger medeniyetlerle birlikte çalisabilir ya da bu Müdahaleye katilmamayi seçebiliriz.</Text>
    </Row>
    <Row Tag="LOC_TUTORIAL_EMERGENCY_1_XP2">
      <Text>Diger medeniyetlerle birlikte daha büyük bir tehdide karsi birlestik.  Eger basarili olursak, ödüllendirilecegiz.  Ancak görevimizde basarisiz olursak, düsman daha da güçlenecektir.</Text>
    </Row>
    <Row Tag="LOC_TUTORIAL_SCORED_COMPETITION_BEGUN">
      <Text>Simdi barisçil bir rekabet içinde diger medeniyetlerle karsi karsiyayiz.  Bu faaliyette en yetenekli oldugumuzu kim kanitlayacak?  Eger iyi bir performans gösterirsek, güçlü bonuslar kazanacagiz.</Text>
    </Row>
    <Row Tag="LOC_TUTORIAL_PLAYER_DENOUNCED">
      <Text>Ister hayal kirikligindan ister kötü niyetten olsun, dünyadaki baska bir medeniyet bizim eylemlerimize kizgin. Hosnutsuzluklarini göstermek için bizi dünyanin önünde kinadilar. Bizimle gelecekteki bir savasi mesrulastiriyor olabilirler. Dikkatli olmaliyiz.</Text>
    </Row>
    <Row Tag="LOC_TUTORIAL_PLAYER_GENERATES_GRIEVANCE">
      <Text>Baska bir uygarligin iradesine karsi çiktik ve onlari kizdirdik. Bize karsi bir Sikâyetleri var, bu da gelecekte onlarla çalismayi daha zor hale getirebilir.</Text>
    </Row>
    <Row Tag="LOC_TUTORIAL_AI_GENERATES_GRIEVANCE">
      <Text>Baska bir medeniyetin eylemleri bizim haysiyetimize hakarettir. Onlara karsi bir Sikayetimiz var, bu da onlara karsi eylemlerimizi diger medeniyetlere karsi hakli gösterebilir.</Text>
    </Row>
    <Row Tag="LOC_TUTORIAL_PLAYER_GAINS_FAVOR">
      <Text>Dünya Kongresi bu Kararla ilgili eylemlerimizi onaylamaktadir. Diger medeniyetler nezdinde Diplomatik bir Iyilik kazandik.</Text>
    </Row>
    <Row Tag="LOC_TUTORIAL_PLAYER_CB_REVOKED">
      <Text>Dünya Kongresi, mevcut savasimiz için Casus Belli'nin hakli olmadigina karar vermistir. Artik bundan diplomatik fayda elde edemeyiz. Diplomatik olarak izole edilmemek için dikkatli olmaliyiz.</Text>
    </Row>
    <Row Tag="LOC_TUTORIAL_CIV_MAKES_REQUEST">
      <Text>Dünyadaki baska bir Uygarlik sizden resmi bir Talepte bulundu. Bu önemli anda bu diplomatik jeste vereceginiz yanit, bu Medeniyetle olan iliskinizin gelecegini belirleyecektir. [NEWLINE][NEWLINE]Talebe nasil yanit verdiginize ve sonrasinda nasil davrandiginiza bagli olarak, bu Medeniyet için Casus Belli'nin kullanilabilir hale gelmesi de dahil olmak üzere baska seçenekler mevcut olabilir.</Text>
    </Row>
    <Row Tag="LOC_TUTORIAL_PLAYER_ABLE_REQUEST">
      <Text>Dünyada baska bir Uygarligi ilgilendiren önemli bir siyasi durum ortaya çikti. Baska bir Uygarliktan bir Talepte bulunabilirsiniz. Bu Talepler, diger Medeniyetlerle iliskinizde önemli anlari temsil eder. [NEWLINE][NEWLINE]Diger Medeniyetin nasil yanit verdigine bagli olarak, o Medeniyetle bir savasi hakli çikarmak için Casus Belli de dahil olmak üzere, diger diplomatik seçenekler sizin için kullanilabilir hale gelebilir.</Text>
    </Row>
    <Row Tag="LOC_TUTORIAL_STRATEGIC_RESOURCE_AVAILABLE">
      <Text>Stratejik bir Kaynak biriktirmeye basladik! Halkimiz bu yeni Kaynagin belirli askeri birimlerin insasi için gerekli olabilecegini ve gelecekte kullanmak üzere stoklayacaklarini biliyor. Bu Kaynaktan en iyi sekilde yararlanmak için kullanimimizi yönetmeliyiz.</Text>
    </Row>
    <Row Tag="LOC_TUTORIAL_UNIT_REQUIRES_FUEL_BUILT">
      <Text>Artik stratejik bir kaynaga ihtiyaç duyan bir askeri birimi egitebiliyoruz. Eger stoklarimizda yeterli miktarda kaynak bulundurmazsak, savasta çok daha az etkili olacaktir.[NEWLINE][NEWLINE]Bu birimler sürekli kaynak tedarikine ihtiyaç duyacaktir. Bu kaynaklarin elimizde oldugundan emin olmaliyiz.</Text>
    </Row>
    <Row Tag="LOC_TUTORIAL_POWER_REQUIRED_BUILDABLE">
      <Text>En bilge zihinlerimiz yeni bir cihaz insa etmek için planlar gelistirdi, ancak bunun için insan çabasindan daha büyük, düzenli bir Güç kaynagi gerekecek. Eger onu kullanacaksak sehirlerimize Güç saglamanin bir yolunu gelistirmeliyiz.</Text>
    </Row>
    <Row Tag="LOC_TUTORIAL_DIRTY_POWER_AVAILABLE">
      <Text>Sehrimize Enerji saglamak için bir yöntem ögrendik, ancak bu Yakit yakmamizi gerektirecek. Bu kaynak duman ve kirlilik üretecektir, bu nedenle maliyetleri ve faydalari dikkatlice tartmaliyiz.</Text>
    </Row>
    <Row Tag="LOC_TUTORIAL_CLEAN_POWER_AVAILABLE">
      <Text>Harika bir haber! Enerji üretmek için yeni bir yöntemimiz var - Yakit yakarak dünyayi kirletmeyecek bir yöntem. Bu, çevreye zarar verme riski olmadan sehirlerimize Enerji saglamamiza olanak taniyacak.</Text>
    </Row>
    <Row Tag="LOC_TUTORIAL_CITY_POWER_SHORTAGE">
      <Text>Bu sehirdeki çalismalar düzensiz ilerliyor, çünkü sehirde Güç eksikligi var. Yeterli kaynak stoklamazsak, birimlerimiz, sehirlerimiz ve medeniyetimiz en büyük potansiyeline ulasamayacaktir. [NEWLINE][NEWLINE]Bu sehre Güç saglayan bir bina insa etmeliyiz.</Text>
    </Row>
    <Row Tag="LOC_TUTORIAL_NEGATIVE_RESOURCE_RATE">
      <Text>Su anda Kaynaklarimiza daha fazla talep var ve stoklarimiz tükenme tehlikesiyle karsi karsiya. Bu gerçeklesirse, birimlerimiz çok daha az etkili hale gelecektir.[NEWLINE][NEWLINE]Kaynaklarimiz tükenirse, bu Kaynaklara ihtiyaç duyan herhangi bir birim savasta çok daha az etkili olacaktir. Daha az birim insa etmeyi veya elimizdeki Kaynaklari daha iyi kullanmanin yollarini bulmayi düsünebiliriz.</Text>
    </Row>
    <Row Tag="LOC_TUTORIAL_EXOPLANET_PROJECT_AVAILABLE">
      <Text>Bilim adamlarimiz ve mühendislerimiz, kolonicileri uzak bir dünyadaki yeni bir eve tasiyabilecek bir gemi insa edebileceklerine inaniyorlar. Bunu basarmak insanlik tarihinin en büyük teknolojik basarisi olacak ve uygarligimizin tarihteki yerini saglamlastiracaktir.</Text>
    </Row>
    <Row Tag="LOC_TUTORIAL_EXOPLANET_SUPPORT_PROJECT_AVAILABLE">
      <Text>Uzak bir dünyaya yerlesecek uzay gemimiz yolculuguna basladi, ancak yoluna devam etmesine yardimci olacak daha fazla firsat var. Yolculugu hizlandiracak ek projeler insa edebiliriz.</Text>
    </Row>
    <Row Tag="LOC_TUTORIAL_FUTURE_ERA_IMMINENT">
      <Text>Bilimin gizemleri ve kültürün sorulari bize hala açik, ancak simdi kesifler arasindaki baglantilar kiskirtici bir sekilde belirsiz. Arastirmalarimiz ilerledikçe, teknolojiler ve yurttaslik arasindaki iliski zaman içinde kendini gösterecektir.</Text>
    </Row>
    <Row Tag="LOC_TUTORIAL_BUILD_ROUTE_MOUNTAIN_AVAILABLE">
      <Text>Göklere uzanan daglar baskalarinin gözünü korkutabilir ama bizim halkimiz onlari asmanin yollarini bilir. Daglari asmak hem bizim birliklerimiz hem de düsmanlarimiz için seyahati kolaylastiracaktir.</Text>
    </Row>
    <Row Tag="LOC_TUTORIAL_BUILD_RAILROAD_AVAILABLE">
      <Text>Demiryolu pahali bir girisimdir, ancak ticaret gücümüzü ve hat boyunca birliklerimizin hizini artiracaktir. Bunlari nerede insa edecegimizi düsünmeliyiz. 	 Bu görev için Askeri Mühendisler gerekecektir.</Text>
    </Row>
    <Row Tag="LOC_TUTORIAL_BUILD_ROCKBAND_AVAILABLE">
      <Text>Medeniyetimiz Rock Gruplarini ise alma yetenegine sahiptir! Bu dünya çapindaki sanatçilar bir sehirdeki Inanç ile satin alinabilir. Onlari konserler vermeleri ve medeniyetimiz için Turizm yaratmalari için uzak diyarlara turneye gönderin.</Text>
    </Row>
    <Row Tag="LOC_TUTORIAL_BUILD_COASTAL_LOWLANDS">
      <Text>Halkimiz alçak sahil boyunca, okyanusun dalgalarinin sesi içinde bir sehir kurmayi seçti. Ancak burasi alçak bir arazi ve deniz seviyesi yükselirse sular altinda kalacak.</Text>
    </Row>
    <!-- Super Advisor Lines -->
    <Row Tag="LOC_TUTORIAL_XP2_INTRO_WELCOME">
      <Text>Civilization VI: Gathering Storm'a hos geldiniz! Bu rehber size bu genisleme paketindeki yeni özellikleri tanitacak. Ek bilgileri Civilopedia'da ve Danisman ipuçlarinda bulabilirsiniz.</Text>
    </Row>
    <Row Tag="LOC_TUTORIAL_XP2_INTRO_WORLD_CONGRESS">
      <Text>Dünya Kongresi, dünyadaki diger medeniyetler arasinda sesinizi duyurdugunuz yerdir. Ayni zamanda yeni Diplomatik Zafer'in de önemli bir parçasidir. Teklifler oylanmak üzere Dünya Kongresine gönderilir ve iki türde sunulur: Kararlar ve Tartismalar.</Text>
    </Row>
    <Row Tag="LOC_TUTORIAL_XP2_INTRO_WORLD_CONGRESS_DETAILS">
      <Text>{LOC_TUTORIAL_XP2_INTRO_WORLD_CONGRESS_DETAILS_1}[NEWLINE][NEWLINE]{LOC_TUTORIAL_XP2_INTRO_WORLD_CONGRESS_DETAILS_2}[NEWLINE][NEWLINE]{LOC_TUTORIAL_XP2_INTRO_WORLD_CONGRESS_DETAILS_3}</Text>
    </Row>
    <Row Tag="LOC_TUTORIAL_XP2_INTRO_WORLD_CONGRESS_DETAILS_1">
      <Text>Kararlar tüm medeniyetleri etkiler, örnegin bir Lüks Kaynagi yasaklamak veya kaynagin her kopyasindan ekstra [ICON_Amenities] Olanaklar kazanmak gibi.</Text>
    </Row>
    <Row Tag="LOC_TUTORIAL_XP2_INTRO_WORLD_CONGRESS_DETAILS_2">
      <Text>Tartismalar, Dünya Oyunlari veya Dini Acil Durumlar gibi Dünya Kongresi üyelerinin katilabilecegi potansiyel Puanli Yarismalar veya Acil Durumlardir.</Text>
    </Row>
    <Row Tag="LOC_TUTORIAL_XP2_INTRO_WORLD_CONGRESS_DETAILS_3">
      <Text>Üyeler, dogal afet sonrasi yardim talebi gibi ele alinmasini istedikleri Acil bir durum varsa Özel Oturum çagrisinda bulunabilirler.</Text>
    </Row>
    <Row Tag="LOC_TUTORIAL_XP2_INTRO_FAVOR">
      <Text>[ICON_Favor] Diplomatik Lütuf oyundaki yeni bir para birimidir. Diplomatik eylemleriniz size [ICON_Favor] Diplomatik Iyilik kazandiracak ve bu iyilik Dünya Kongresinde size yardim etmek veya baskalarini engellemek için kullanilabilecek.</Text>
    </Row>
    <Row Tag="LOC_TUTORIAL_XP2_INTRO_FAVOR_DETAILS">
      <Text>{LOC_TUTORIAL_XP2_INTRO_FAVOR_DETAILS_1}[NEWLINE][NEWLINE]{LOC_TUTORIAL_XP2_INTRO_FAVOR_DETAILS_2}[NEWLINE][NEWLINE]{LOC_TUTORIAL_XP2_INTRO_FAVOR_DETAILS_3}</Text>
    </Row>
    <Row Tag="LOC_TUTORIAL_XP2_INTRO_FAVOR_DETAILS_1">
      <Text>[ICON_Favor] Diplomatik Iyilik Ittifaklar, Suzerain'i oldugunuz Sehir Devletleri, Puanli Müsabakalarda basari ve daha fazlasi ile kazanilabilir.</Text>
    </Row>
    <Row Tag="LOC_TUTORIAL_XP2_INTRO_FAVOR_DETAILS_2">
      <Text>Bir oyun boyunca Diplomatik Iyilik kazanmanin [ICON_Favor] büyük ve küçük yollari vardir.  Bazi eylemler tek seferde büyük miktarda Iyilik kazandirirken, bazilari da zaman içinde yavas yavas kazandirir.  Dünya Kongresindeki konumunuzu güçlendirmek için diger oyuncularin Iyilikleriyle ticaret yapmayi deneyin.</Text>
    </Row>
    <Row Tag="LOC_TUTORIAL_XP2_INTRO_FAVOR_DETAILS_3">
      <Text>[ICON_Favor] Diplomatik Iyiliginizi diger oyunculardan söz almak, Kongre Özel Oturumlarini çagirmak ve Dünya Kongresinde oy satin almak için harcayabilirsiniz.  Ya da oyun boyunca Diplomatik Iyilik biriktirerek sonraki dönemlerde Diplomatik Zafer Puanlarinin pesine düsebilirsiniz.</Text>
    </Row>
    <Row Tag="LOC_TUTORIAL_XP2_INTRO_DIPLO_VICTORY">
      <Text>Yeni Diplomatik Zaferi elde etmek için Diplomatik Zafer Puanlari toplayin.</Text>
    </Row>
    <Row Tag="LOC_TUTORIAL_XP2_INTRO_DIPLO_VICTORY_DETAILS">
      <Text>{LOC_TUTORIAL_XP2_INTRO_DIPLO_VICTORY_DETAILS_1}[NEWLINE][NEWLINE]{LOC_TUTORIAL_XP2_INTRO_DIPLO_VICTORY_DETAILS_2}[NEWLINE][NEWLINE]{LOC_TUTORIAL_XP2_INTRO_DIPLO_VICTORY_DETAILS_3}</Text>
    </Row>
    <Row Tag="LOC_TUTORIAL_XP2_INTRO_DIPLO_VICTORY_DETAILS_1">
      <Text>Dünya Kongresi toplandiginda, belirlenebilecek bir dizi Karar olacaktir.  Oylama sonuçlandiginda, tüm oyuncular kazanan hedefi ve seçenegi seçtikleri her Karar için bir Diplomatik Zafer Puani alacaklardir.</Text>
    </Row>
    <Row Tag="LOC_TUTORIAL_XP2_INTRO_DIPLO_VICTORY_DETAILS_2">
      <Text>Modern Cag'dan itibaren oyuncular Diplomatik Zafer Puanlari için yarismak üzere Dünya Kongresinde [ICON_Favor] Diplomatik Favorilerini kullanabilecekler.  Kendinizi zafere yaklastirmak veya diger oyuncularin kendi zaferlerini elde etmelerini engellemek için Karari kazanin.</Text>
    </Row>
    <Row Tag="LOC_TUTORIAL_XP2_INTRO_DIPLO_VICTORY_DETAILS_3">
      <Text>Yardim Talepleri ve Dünya Oyunlari gibi acil durumlar, en yüksek puani alan oyunculara Diplomatik Zafer Puani saglayacaktir.</Text>
    </Row>
    <Row Tag="LOC_TUTORIAL_XP2_INTRO_GRIEVANCES">
      <Text>Önceki Savas Kiskirticiligi sistemi, diger oyuncularin savasçi eylemlerinizi nasil gördügünü gösteren yeni bir temsil ile degistirildi: [ICON_STAT_GRIEVANCE] Sikayetler.</Text>
    </Row>
    <Row Tag="LOC_TUTORIAL_XP2_INTRO_GRIEVANCES_DETAILS">
      <Text>{LOC_TUTORIAL_XP2_INTRO_GRIEVANCES_DETAILS_1}[NEWLINE][NEWLINE]{LOC_TUTORIAL_XP2_INTRO_GRIEVANCES_DETAILS_2}[NEWLINE][NEWLINE]{LOC_TUTORIAL_XP2_INTRO_GRIEVANCES_DETAILS_3}</Text>
    </Row>
    <Row Tag="LOC_TUTORIAL_XP2_INTRO_GRIEVANCES_DETAILS_1">
      <Text>Artik diger oyuncular Ihbar, Savas Ilani veya sehirlerinizden birini ele geçirerek ya da yerle bir ederek size haksizlik ettiginde, onlara karsi [ICON_STAT_GRIEVANCE] Sikayet kazanirsiniz ve dünyanin onayiyla misilleme yapabilirsiniz.  Artik haksiz bir savastan sonra adil, cezalandirici bir sehir ele geçirdiginiz için Ihbar edilmeyeceksiniz.</Text>
    </Row>
    <Row Tag="LOC_TUTORIAL_XP2_INTRO_GRIEVANCES_DETAILS_2">
      <Text>Ayrica [ICON_STAT_GRIEVANCE] Sikayetleri kullanarak diger oyunculardan Sözler talep edebilirsiniz.  Diger oyuncu bu sekilde belirttiginiz isteklerinize karsi gelmeye devam ederse, onlara karsi bir savasi hakli çikarmak için kullanabileceginiz [ICON_STAT_GRIEVANCE] Sikayetleri sürekli olarak üretecektir.</Text>
    </Row>
    <Row Tag="LOC_TUTORIAL_XP2_INTRO_GRIEVANCES_DETAILS_3">
      <Text>Ancak dünyanin geneli hala diger oyuncularin size karsi olan genel [ICON_STAT_GRIEVANCE] sikayetlerine dikkat etmektedir.  Eger baskalarini, onlarin sizi üzdügünden daha fazla üzdüyseniz, üçüncü taraflar bunu fark edecek ve bu onlarin sizin hakkinizdaki görüslerini etkileyecektir.</Text>
    </Row>
    <Row Tag="LOC_TUTORIAL_XP2_INTRO_ENVIRONMENT">
      <Text>Civilization VI: Gathering Storm'da etrafinizdaki çevre her zamankinden daha canli. Seller, firtinalar ve yanardaglar gibi dogal afetler Iyilestirmelerinizi ve Bölgelerinizi yagmalayabilir veya yok edebilir  ancak geçtikten sonra topraklari yenileyebilir ve zenginlestirebilir.</Text>
    </Row>
    <Row Tag="LOC_TUTORIAL_XP2_INTRO_ENVIRONMENT_DETAILS">
      <Text>{LOC_TUTORIAL_XP2_INTRO_ENVIRONMENT_DETAIL_1}[NEWLINE][NEWLINE]{LOC_TUTORIAL_XP2_INTRO_ENVIRONMENT_DETAIL_2}</Text>
    </Row>
    <Row Tag="LOC_TUTORIAL_XP2_INTRO_ENVIRONMENT_DETAIL_1">
      <Text>Kar firtinalarindan toz firtinalarina, hortumlardan kasirgalara kadar firtinalar üstesinden gelinmesi gereken bir baska zorluktur.</Text>
    </Row>
    <Row Tag="LOC_TUTORIAL_XP2_INTRO_ENVIRONMENT_DETAIL_2">
      <Text>Taskin nehirler iyilestirmelerinize zarar verebilir, ancak bir karodaki [ICON_Food] Gida verimini de artirabilir.</Text>
    </Row>
    <Row Tag="LOC_TUTORIAL_XP2_INTRO_VOLCANOES">
      <Text>Volkanlar yüksek riskli, ancak yüksek ödüllü yerlesim yerleridir. Volkanik patlamalar iyilestirmeleri, bölgeleri ve binalari yagmalayabilir veya yok edebilir ve hatta birimleri öldürebilir veya hasar verebilir. Ancak volkanik toprak çok degerli ve çok verimlidir.</Text>
    </Row>
    <Row Tag="LOC_TUTORIAL_XP2_INTRO_GEOTHERMAL">
      <Text>Jeotermal Catlaklar, yakindaki binalara veya bölgelere ek [ICON_Amenities] Kolayliklar veya [ICON_Tourism] Turizm gibi faydalar saglayan yeni özelliklerdir.</Text>
    </Row>
    <Row Tag="LOC_TUTORIAL_XP2_INTRO_STRATEGIC_RESOURCES">
      <Text>Stratejik kaynaklar iki türe ayrilmistir: Yakit ve Malzeme. Yakit kaynaklari sehirlerinizin [ICON_Power] Güç ihtiyaçlarini karsilamak için kullanilirken, Malzeme kaynaklari kaynaklara bagli birimler üretmek için gereklidir.</Text>
    </Row>
    <Row Tag="LOC_TUTORIAL_XP2_INTRO_STRATEGIC_RESOURCES_DETAILS">
      <Text>{LOC_TUTORIAL_XP2_INTRO_STRATEGIC_RESOURCES_DETAIL_1}[NEWLINE][NEWLINE]{LOC_TUTORIAL_XP2_INTRO_STRATEGIC_RESOURCES_DETAIL_2}</Text>
    </Row>
    <Row Tag="LOC_TUTORIAL_XP2_INTRO_STRATEGIC_RESOURCES_DETAIL_1">
      <Text>Oyunun sonlarina dogru binalari daha etkili hale getirmek için sehrinizdeki [ICON_Power] Gücü yönetin.</Text>
    </Row>
    <Row Tag="LOC_TUTORIAL_XP2_INTRO_STRATEGIC_RESOURCES_DETAIL_2">
      <Text>Diger uygarliklarla Maddi Kaynak ve Yakit Ticareti.</Text>
    </Row>
    <Row Tag="LOC_TUTORIAL_XP2_INTRO_RESOURCES">
      <Text>Kaynak kullanimiyla ilgili seçimleriniz dünyanin sicakligini dogrudan etkileyecek ve deniz seviyesinin yükselmesine neden olabilecektir. Bazi kiyi karolari sular altinda kalma veya tamamen su altinda kalma riski altinda olacaktir. Sehirlere yerlesirken, bu kiyi ovasi karolarinin riskini göz önünde bulundurun, ancak Atom çaginda bu karolari korumak için Sel Bariyerlerinin kullanilabilecegini unutmayin.</Text>
    </Row>
    <Row Tag="LOC_TUTORIAL_XP2_INTRO_RESOURCES_DETAILS">
      <Text>{LOC_TUTORIAL_XP2_INTRO_RESOURCES_DETAIL_1}[NEWLINE][NEWLINE]{LOC_TUTORIAL_XP2_INTRO_RESOURCES_DETAIL_2}[NEWLINE][NEWLINE]{LOC_TUTORIAL_XP2_INTRO_RESOURCES_DETAIL_3}</Text>
    </Row>
    <Row Tag="LOC_TUTORIAL_XP2_INTRO_RESOURCES_DETAIL_1">
      <Text>Yakitin yanmasi atmosferi isitarak buzullarin erimesine ve deniz seviyesinin yükselmesine yol açar.</Text>
    </Row>
    <Row Tag="LOC_TUTORIAL_XP2_INTRO_RESOURCES_DETAIL_2">
      <Text>Yerlesimciniz artik kiyiya yakin alçak bir bölgede bir sehir insa edip etmediginizi size söyleyecektir.</Text>
    </Row>
    <Row Tag="LOC_TUTORIAL_XP2_INTRO_RESOURCES_DETAIL_3">
      <Text>Sel Bariyeri sehrinizi yükselen denizden korumaniza yardimci olacaktir.</Text>
    </Row>
    <Row Tag="LOC_TUTORIAL_XP2_INTRO_MORE">
      <Text>Civilization VI: Gathering Storm'da Teknoloji ve Yurttaslik Agaçlarindaki yeni dönemler, yeni Tarihi Anlar, Dev Ölüm Robotu da dahil olmak üzere yeni küresel birimler, yeni sistemlerle sinerji olusturan liderler ve medeniyetler ve daha fazlasi dahil olmak üzere kesfedilecek çok sey var.</Text>
    </Row>
    <Row Tag="LOC_TUTORIAL_XP2_INTRO_END">
      <Text>Uygarliginiz yaklasan firtinayi atlatabilecek mi? Sid Meier's Civilization VI'da nasil hüküm süreceksiniz?</Text>
    </Row>
    <Row Tag="LOC_TUTORIAL_XP2_INTRO_END_DETAILS_1">
      <Text>Bu bilgileri danismana danisarak, Civilopedia'yi kontrol ederek veya Duraklat menüsünden bu ögreticiyi yeniden açarak her zaman gözden geçirebilirsiniz.</Text>
    </Row>
    <!--City Panel Advisor-->
    <Row Tag="LOC_ADVISOR_CITYPANEL_POWER_INTRO">
      <Text>GÜC ÜRETMEK ICIN:</Text>
    </Row>
    <Row Tag="LOC_ADVISOR_CITYPANEL_POWER_PLANTS">
      <Text>[NEWLINE][NEWLINE]Bu sehirde veya yakindaki bir sehirde bir Enerji Santrali insa edin ve kullandigi kaynaktan ([ICON_RESOURCE_COAL] Kömür, [ICON_RESOURCE_OIL] Petrol veya [ICON_RESOURCE_URANIUM] Uranyum) bir stogunuz oldugundan emin olun.</Text>
    </Row>
    <Row Tag="LOC_ADVISOR_CITYPANEL_HYDROELECTRIC_DAM">
      <Text>[NEWLINE][NEWLINE]Bir Baraj bölgesi ve bir Hidroelektrik Baraj binasi insa edin</Text>
    </Row>
    <Row Tag="LOC_ADVISOR_CITYPANEL_RENEWABLE_ENERGY">
      <Text>[NEWLINE][NEWLINE]Ileri teknolojileri arastirmak ve Günes Ciftligi, Rüzgar Ciftligi, Açik Deniz Rüzgar Ciftligi veya Jeotermal Santrali gibi karo iyilestirmeleri insa etmek</Text>
    </Row>
  </BaseGameText>
</GameData>