﻿<?xml version="1.0" encoding="utf-8"?>
<!-- edited with XMLSPY v2004 rel. 2 U (http://www.xmlspy.com) by Anton Strenger (Firaxis Games) -->
<GameData>
  <EnglishText>
    <!--New for XP2-->
    <Row Tag="LOC_BUILDING_FLOOD_BARRIER_NAME">
      <Text>Sel Bariyeri</Text>
    </Row>
    <Row Tag="LOC_BUILDING_FLOOD_BARRIER_DESCRIPTION">
      <Text>Bu sehirdeki Kiyi Ovasi karolarini selden korur. Ilk insa maliyeti ve tur basina bakim, bu sehirdeki Kiyi Ovalarinin sayisina ve mevcut deniz seviyesine bagli olarak degisir. Bir sehrin bazi karolari sular altinda kaldiktan sonra insa edilirse, bu karolar tamamen onarilabilir. Ancak sular altinda kalan karolar asla onarilamaz.[NEWLINE][NEWLINE]Bir veya daha fazla Kiyi Ovasi karosuna sahip bir sehirde insa edilmelidir. Sehir ele geçirilirse yagmalanmaz.</Text>
    </Row>
    <Row Tag="LOC_BUILDING_FLOOD_BARRIER_ALT_DESCRIPTION">
      <Text>Bu sehirdeki Kiyi Ovasi karolarini selden korur. Ilk insa maliyeti ve tur basina bakim, bu sehirdeki Kiyi Ovalarinin sayisina ve mevcut deniz seviyesine bagli olarak degisir. Bir sehrin bazi karolari sular altinda kaldiktan sonra insa edilirse, bu karolar tamamen onarilabilir. Ancak sular altinda kalan karolar asla onarilamaz.[NEWLINE][NEWLINE]Bir veya daha fazla Kiyi Ovasi karosuna sahip bir sehirde insa edilmelidir. Sehir ele geçirilirse yagmalanmaz. Askeri Mühendisler bir Sel Bariyerinin üretiminin %20'sini tamamlamak için bir ücret harcayabilir.</Text>
    </Row>
    <Row Tag="LOC_BUILDING_HYDROELECTRIC_DAM_NAME">
      <Text>Hidroelektrik Baraji</Text>
    </Row>
    <Row Tag="LOC_BUILDING_HYDROELECTRIC_DAM_DESCRIPTION">
      <Text>Sehre yenilenebilir su kaynaklarindan +6 [ICON_Power] Güç saglar.</Text>
    </Row>
    <Row Tag="LOC_BUILDING_COAL_POWER_PLANT_NAME">
      <Text>Kömür Santrali</Text>
    </Row>
    <Row Tag="LOC_BUILDING_COAL_POWER_PLANT_DESCRIPTION">
      <Text>Her turda ihtiyaç duyan 6 karo içindeki sehirler için herhangi bir miktarda [ICON_RESOURCE_COAL] Kömürü otomatik olarak [ICON_Power] Güce dönüstürür, su oranda:[NEWLINE][ICON_Bullet]1 [ICON_RESOURCE_COAL] Kömür [ICON_PowerRight] 4 [ICON_Power] Güç[NEWLINE][ICON_Bullet]Atmosfere agir CO2</Text>
    </Row>
    <Row Tag="LOC_BUILDING_FOSSIL_FUEL_POWER_PLANT_NAME">
      <Text>Petrol Enerji Santrali</Text>
    </Row>
    <Row Tag="LOC_BUILDING_FOSSIL_FUEL_POWER_PLANT_DESCRIPTION">
      <Text>Her turda ihtiyaç duyan 6 karo içindeki sehirler için herhangi bir miktarda [ICON_RESOURCE_OIL] Petrolü otomatik olarak [ICON_Power] Güce dönüstürür, su oranda:[NEWLINE][ICON_Bullet]1 [ICON_RESOURCE_OIL] Petrol [ICON_PowerRight] 4 [ICON_Power] Güç[NEWLINE][ICON_Bullet]Atmosfere orta düzeyde CO2[NEWLINE][ICON_Production] Üretim bonusu, halihazirda bir Enerji Santrali binasindan bonusu olmayan 6 karo içindeki tüm Sehir Merkezlerine genisletilir.</Text>
    </Row>
    <!--Wonders-->
    <Row Tag="LOC_BUILDING_GREAT_BATH_NAME">
      <Text>Büyük Banyo
			Eril:the</Text>
      <Gender>Masculine:the</Gender>
    </Row>
    <Row Tag="LOC_BUILDING_GREAT_BATH_DESCRIPTION">
      <Text>Büyük Hamam'in bulundugu nehir boyunca uzanan Taskin Yataklari karolari artik Taskin hasarina karsi bagisiktir (ancak [ICON_FOOD] Gida ve [ICON_PRODUCTION] Üretim bonuslari %50 oraninda düser). Bu sehre ait Sel Yataklari karolari, Sel hasarinin azaltildigi her sefer için +1 [ICON_FAITH] Inanç kazanir. [NEWLINE][NEWLINE]Bir Sel Yataklari karosu üzerine insa edilmelidir.</Text>
    </Row>
    <Row Tag="LOC_BUILDING_MEENAKSHI_TEMPLE_NAME">
      <Text>Meenakshi Tapinagi
			Eril:</Text>
      <Gender>Masculine:the</Gender>
    </Row>
    <Row Tag="LOC_BUILDING_MEENAKSHI_TEMPLE_DESCRIPTION">
      <Text>2 Gurus hibe ediyor. Gurular %30 daha ucuza satin alinabilir. Gurulara komsu dini birimler Teolojik Savasta +5 [ICON_Religion] Dini Güç ve +1 [ICON_Movement] Hareket alir. Bir Kutsal Alanin bitisiginde insa edilmis olmali ve bir Din kurmus olmalisiniz.</Text>
    </Row>
    <Row Tag="LOC_BUILDING_UNIVERSITY_SANKORE_NAME">
      <Text>Sankore Üniversitesi
			Eril:erkek</Text>
      <Gender>Masculine:the</Gender>
    </Row>
    <Row Tag="LOC_BUILDING_UNIVERSITY_SANKORE_DESCRIPTION">
      <Text>Diger Medeniyetlerin [ICON_TradeRoute] bu sehre giden Ticaret Yollari onlara +1 [ICON_SCIENCE] Bilim ve +1 [ICON_GOLD] Altin saglar. Bu sehre giden her [ICON_TradeRoute] Ticaret Yolu için +2 [ICON_SCIENCE] Bilim. Yurtiçi [ICON_TradeRoute] Ticaret Yollari bu sehre ilave +1 [ICON_FAITH] Inanç saglar. [NEWLINE][NEWLINE]Cöl veya Cöl Tepeleri üzerinde ve Üniversitesi olan bir Kampüs bölgesine bitisik olarak insa edilmelidir.</Text>
    </Row>
    <Row Tag="LOC_BUILDING_MACHU_PICCHU_NAME">
      <Text>Machu Picchu
			Eril:no_article</Text>
      <Gender>Masculine:no_article</Gender>
    </Row>
    <Row Tag="LOC_BUILDING_MACHU_PICCHU_DESCRIPTION">
      <Text>Dag karolari, tüm sehirlerdeki Ticaret Merkezi, Tiyatro Meydani ve Sanayi Bölgesi bölgelerine standart bir bitisiklik bonusu saglar.[NEWLINE][NEWLINE]Volkan içermeyen bir Dag karosu üzerine insa edilmelidir.</Text>
    </Row>
    <Row Tag="LOC_BUILDING_ORSZAGHAZ_NAME">
      <Text>Országház
			Masculine:no_article</Text>
      <Gender>Masculine:no_article</Gender>
    </Row>
    <Row Tag="LOC_BUILDING_ORSZAGHAZ_DESCRIPTION">
      <Text>Bir Sehir Devletinin Suzerain'i olarak bir tura baslamaktan itibaren tur basina +%100 [ICON_Favor] Diplomatik Iyilik.[NEWLINE][NEWLINE]Bir Nehir üzerinde insa edilmelidir.</Text>
    </Row>
    <Row Tag="LOC_BUILDING_PANAMA_CANAL_NAME">
      <Text>Panama Kanali
			Eril:the</Text>
      <Gender>Masculine:the</Gender>
    </Row>
    <Row Tag="LOC_BUILDING_PANAMA_CANAL_DESCRIPTION">
      <Text>Tamamlandiginda 1 veya 2 bitisik Kanal bölgesi otomatik olarak insa edilir. Kanal harikasi karesi artik donanma birimleri tarafindan geçilebilir. [ICON_TradeRoute] Içinden geçen Ticaret Yollari, varis noktalarindaki bölgelerden elde ettikleri [ICON_Gold] Altini katlayabilir. [NEWLINE][NEWLINE] Insa karesinin tam karsisinda asagidaki kriterleri karsilayan iki bitisik karenin bulundugu düz bir kara karesi üzerine insa edilmelidir: bitisik karelerden biri Panama Kanali insa karesine baglanan bir Kanal bölgesini yasal olarak tutabilmelidir  digeri ya bir sehir, ya bir su karesi ya da bir baglanti Kanali tutabilen baska bir karo olmalidir.</Text>
    </Row>
    <Row Tag="LOC_BUILDING_GOLDEN_GATE_BRIDGE_NAME">
      <Text>Golden Gate Köprüsü
			Eril:the</Text>
      <Gender>Masculine:the</Gender>
    </Row>
    <Row Tag="LOC_BUILDING_GOLDEN_GATE_BRIDGE_DESCRIPTION">
      <Text>Kara birimleri gemiye binmeye gerek kalmadan geçebilir. Modern Yol gibi davranir ve her iki uçtaki kara karelerinde Modern Yollar (mevcut degilse) olusturur. Sehir +3 [ICON_Amenities] Kolaylik kazanir. Bu sehirdeki tüm kareler +4 Cazibe. Bu sehirdeki iyilestirmelerden ve Milli Parklardan +%100 [ICON_Tourism] Turizm. [ICON_TradeRoute] Içinden geçen Ticaret Yollari, varis noktalarindaki bölgelerden elde ettikleri [ICON_Gold] Altini katlayabilir. [NEWLINE][NEWLINE]Bir Kiyi karesi üzerine insa edilmelidir. Köprü, birbirinin tam karsisinda bulunan iki kara karesi arasindaki altigen boyunca düz bir sekilde uzanmalidir. Köprünün hem sol hem de sag tarafinda en az bir su tasi bulunmalidir.</Text>
    </Row>
    <Row Tag="LOC_BUILDING_JEBEL_BARKAL_EXPANSION2_DESCRIPTION">
      <Text>Her turda 6 [ICON_RESOURCE_IRON] Demir verir. 6 karo içinde bulunan tüm sehirlerinize +4 [ICON_Faith] Inanç saglar.[NEWLINE][NEWLINE]Cöl (Tepeler) arazisi üzerine insa edilmelidir.</Text>
    </Row>
    <!-- Other balance changes -->
    <Row Tag="LOC_BUILDING_BIG_BEN_DESCRIPTION">
      <Text>+1 Ekonomik politika yuvasi[NEWLINE][NEWLINE]Mevcut hazineyi iki katina çikarir. Banka bulunan bir Ticaret Merkezi bölgesine bitisik bir Nehrin yanina insa edilmelidir.</Text>
    </Row>
    <Row Tag="LOC_BUILDING_MAHABODHI_TEMPLE_EXPANSION2_DESCRIPTION">
      <Text>+2 Diplomatik Zafer Puani ve insa edildiginde 2 Havari verir.[NEWLINE][NEWLINE]Tapinagi olan bir Kutsal Alan bölgesine bitisik Ormanlar üzerine insa edilmeli ve bir Din kurmus olmalisiniz.</Text>
    </Row>
    <Row Tag="LOC_BUILDING_STATUE_LIBERTY_EXPANSION2_DESCRIPTION">
      <Text>Insa edildiginde +4 Diplomatik Zafer Puani. 6 karo içindeki tüm sehirleriniz her zaman %100 Sadiktir. [NEWLINE][NEWLINE]Sahilde, karaya ve bir Liman bölgesine bitisik olarak insa edilmelidir.</Text>
    </Row>
    <Row Tag="LOC_BUILDING_POTALA_PALACE_EXPANSION2_DESCRIPTION">
      <Text>+1 Diplomatik politika yuvasi.  +1 Diplomatik Zafer puani.[NEWLINE][NEWLINE]Bir Daga bitisik bir Tepe üzerine insa edilmelidir.</Text>
    </Row>
    <Row Tag="LOC_BUILDING_AIRPORT_DESCRIPTION">
      <Text>Bu sehirde egitilen hava birimleri için +%50 savas deneyimi. Aerodrom bölgesinde +2 hava birimi yuvasi. Hizli Konuslanma sivil kilidi açildiktan sonra Havaalanlarina sahip Havaalani bölgeleri arasinda kara birimlerinin havadan ikmal edilebilmesini saglar.</Text>
    </Row>
    <Row Tag="LOC_BUILDING_HANGAR_DESCRIPTION">
      <Text>Bu sehirde egitilen hava birimleri için +%25 savas deneyimi. Aerodrome bölgesinde +2 hava birimi yuvasi.</Text>
    </Row>
    <Row Tag="LOC_BUILDING_POWER_PLANT_EXPANSION2_NAME">
      <Text>Nükleer Enerji Santrali</Text>
    </Row>
    <Row Tag="LOC_BUILDING_POWER_PLANT_EXPANSION2_DESCRIPTION">
      <Text>Her turda ihtiyaç duyan 6 karedeki sehirler için herhangi bir miktarda [ICON_RESOURCE_URANIUM] Uranyumu otomatik olarak [ICON_Power] Güce dönüstürür:[NEWLINE][ICON_Bullet]1 [ICON_RESOURCE_URANIUM] Uranyum [ICON_PowerRight] 16 [ICON_Power] Güç[NEWLINE][ICON_Bullet]Atmosfere minik CO2[NEWLINE]Bir Nükleer Enerji Santrali insa edildikten sonra yaslandikça, Nükleer Kaza meydana gelme olasiligi artar. [ICON_Production] Üretim ve [ICON_Science] Bilim bonusu, halihazirda bir Enerji Santrali binasindan bonus almayan 6 karo içindeki tüm Sehir Merkezlerine genisletilir.</Text>
    </Row>
    <Row Tag="LOC_BUILDING_BIG_BEN_EXPANSION2_DESCRIPTION">
      <Text>+1 Ekonomik politika yuvasi[NEWLINE][NEWLINE]Insaattan hemen sonra [ICON_GOLD] Hazinedeki altin 50%. artirilir Bir Banka ile bir Ticaret Merkezi bölgesine bitisik bir Nehrin yaninda insa edilmelidir.</Text>
    </Row>
    <Row Tag="LOC_BUILDING_BARRACKS_EXPANSION2_DESCRIPTION">
      <Text>Bu sehirde egitilen tüm yakin dövüsçü ve menzilli kara birimleri için +%25 savas deneyimi.[NEWLINE]Stratejik Kaynak Stoklari +10 artti (Standart Hizda).[NEWLINE][NEWLINE]Zaten bir Ahiri olan bir Kamp bölgesinde insa edilemez.</Text>
    </Row>
    <Row Tag="LOC_BUILDING_STABLE_EXPANSION2_DESCRIPTION">
      <Text>Bu sehirde egitilen tüm süvari ve kusatma sinifi birimler için +%25 savas deneyimi. [NEWLINE]Stratejik Kaynak Stoklari +10 artti (Standart Hizda). [NEWLINE][NEWLINE]Zaten Kislasi olan bir Kamp bölgesinde insa edilemez.</Text>
    </Row>
    <Row Tag="LOC_BUILDING_ARMORY_EXPANSION2_DESCRIPTION">
      <Text>Bu sehirde egitilen tüm kara birimleri için +%25 savas deneyimi. [NEWLINE]Stratejik Kaynak Stoklari +10 artti (Standart Hizda).</Text>
    </Row>
    <Row Tag="LOC_BUILDING_MILITARY_ACADEMY_EXPANSION2_DESCRIPTION">
      <Text>Bu sehirde egitilen tüm kara birimleri için +%25 savas deneyimi.[NEWLINE]Stratejik Kaynak Stoklari +10 artti (Standart Hizda).[NEWLINE]Kolordu ve Ordularin dogrudan egitilmesine izin verir. Kolordu ve Ordu egitim maliyetleri %25 azaltildi%.</Text>
    </Row>
    <Row Tag="LOC_BUILDING_FACTORY_EXPANSION2_DESCRIPTION">
      <Text>[ICON_Production] Üretim bonusu, bu bina türünden halihazirda bir bonusa sahip olmayan 6 karo içindeki tüm Sehir Merkezlerine genisletilir.</Text>
    </Row>
    <Row Tag="LOC_BUILDING_CASTLE_EXPANSION2_DESCRIPTION">
      <Text>Dis savunmanizin gücünü artirir. Muhafaza Sehrine ilerledikten sonra 2 [ICON_TOURISM] Turizm saglar. Bu sehir Koçbasilardan etkilenmez.</Text>
    </Row>
    <Row Tag="LOC_BUILDING_STAR_FORT_EXPANSION2_DESCRIPTION">
      <Text>Dis savunmanizin gücünü mümkün olan en yüksek seviyeye çikarir. Koruma Sehrine ilerledikten sonra 3 [ICON_TOURISM] Turizm saglar. Bu sehir Kusatma Kuleleri veya Koçbasilardan etkilenmez.</Text>
    </Row>
    <Row Tag="LOC_BUILDING_LIGHTHOUSE_EXPANSION2_DESCRIPTION">
      <Text>Bu sehirde egitilen tüm deniz birimleri için +%25 savas deneyimi. +1 [ICON_FOOD] Bu sehir için tüm Sahil karolarinda yiyecek. +2 [ICON_HOUSING] Bu sehir kiyiya bitisikse konut. +1 [ICON_TradeRoute] Ticaret Yolu kapasitesi, eger bu sehirde henüz bir Pazar binasi yoksa.</Text>
    </Row>
    <Row Tag="LOC_BUILDING_SHIPYARD_EXPANSION2_DESCRIPTION">
      <Text>Bu sehirde egitilen tüm deniz birimleri için +%25 savas deneyimi. Bonus [ICON_Production] Liman bölgesinin bitisiklik bonusuna esit üretim. +1 [ICON_PRODUCTION] Bu sehir için tüm gelistirilmemis Sahil ve Göl karolarinda üretim.</Text>
    </Row>
    <Row Tag="LOC_BUILDING_PAGODA_EXPANSION2_DESCRIPTION">
      <Text>Her tur için +1 [ICON_Favor] Diplomatik Iyilik.</Text>
    </Row>
    <Row Tag="LOC_BUILDING_DAR_E_MEHR_EXPANSION2_DESCRIPTION">
      <Text>Insa edildigi veya son onarildigi tarihten itibaren her dönem için +1 ilave [ICON_FAITH] Inanç. Dogal afetler tarafindan yagmalanamaz.</Text>
    </Row>
    <Row Tag="LOC_BUILDING_GOV_CITYSTATES_EXPANSION2_DESCRIPTION">
      <Text>+3 [ICON_Favor] Diplomatik Iyilik. Sehir Devletlerinden Yararlanmak yarim [ICON_Gold] Altina mal olur. [NEWLINE]Sehir Devletinin Suzerain'i iseniz Sehir Devleti birimleri +4 [ICON_Strength] Savas Gücü kazanir (Yararlanilan Birimler dahil). [NEWLINE]+1 [Icon_Governor] Vali Unvani verir.</Text>
    </Row>
  </EnglishText>
</GameData>