﻿<?xml version="1.0" encoding="utf-8"?>
<GameData>
  <EnglishText>
    <Row Tag="LOC_UNIT_SPEC_OPS_NAME">
      <Text>Özel Harekat</Text>
    </Row>
    <Row Tag="LOC_UNIT_SPEC_OPS_DESCRIPTION">
      <Text>Atomik Cag kesif birimi. Paradrop yetenegi dost kareden 7 karelik uzakliga (Havaalani veya Uçak Pistinden basliyorsa 12 karelik) harekete izin verir. Önce savas birimini ortadan kaldirmak zorunda kalmadan dogrudan destek birimlerine saldirabilir.</Text>
    </Row>
    <Row Tag="LOC_UNIT_DRONE_NAME">
      <Text>Drone</Text>
    </Row>
    <Row Tag="LOC_UNIT_DRONE_DESCRIPTION">
      <Text>Atomik çag destek birimi. Kusatma sinifi birimlere 1 hex içinde +1 [ICON_Range] Menzil ve +5 [ICON_Bombard] Bombardiman Gücü ekler.</Text>8
		</Row>
    <Row Tag="LOC_UNIT_PIKE_AND_SHOT_NAME">
      <Text>Turna Baligi ve Shot</Text>
    </Row>
    <Row Tag="LOC_UNIT_PIKE_AND_SHOT_DESCRIPTION">
      <Text>Geç Rönesans dönemi anti-süvari birligi.</Text>
    </Row>
    <Row Tag="LOC_UNIT_SUPPLY_CONVOY_NAME">
      <Text>Ikmal Konvoyu</Text>
    </Row>
    <Row Tag="LOC_UNIT_SUPPLY_CONVOY_DESCRIPTION">
      <Text>Modern çag destek birimi. Bitisik birimler için iyilestirmeyi artirir. Konvoyun bitisiginde hareket baslatilirsa birimlere 1 bonus [ICON_Movement] Hareket verir.</Text>
    </Row>
  </EnglishText>
</GameData>