﻿<?xml version="1.0" encoding="utf-8"?>
<!-- edited with XMLSPY v2004 rel. 2 U (http://www.xmlspy.com) by Ed Beach (Firaxis Games) -->
<GameData>
  <BaseGameText>
    <!-- Standard modifiers -->
    <Row Tag="LOC_DIPLO_MODIFIER_SAPA_INCA_LOW_MOUNTAIN_CITIES">
      <Text>Pachacuti, Daglarin yakininda birkaç sehir olmasindan memnun</Text>
    </Row>
    <Row Tag="LOC_DIPLO_MODIFIER_SAPA_INCA_HIGH_MOUNTAIN_CITIES">
      <Text>Pachacuti memnun degil çünkü daglarin yakininda birçok sehir var</Text>
    </Row>
    <Row Tag="LOC_DIPLO_MODIFIER_SICILIAN_WARS_LOW_COASTAL_CITES">
      <Text>Dido birkaç kiyi sehriniz olmasindan memnun</Text>
    </Row>
    <Row Tag="LOC_DIPLO_MODIFIER_SICILIAN_WARS_HIGH_COASTAL_CITIES">
      <Text>Dido'nun cani sikkin çünkü birçok kiyi sehriniz var.</Text>
    </Row>
    <Row Tag="LOC_DIPLO_MODIFIER_DESCRIPTION_EXPANSIONIST">
      <Text>Cok fazla toprak talep eden Imparatorluklari severler ve talep etmeyenlerden hoslanmazlar</Text>
    </Row>
    <Row Tag="LOC_DIPLO_MODIFIER_DESCRIPTION_GREAT_WHITE_FLEET">
      <Text>Önemli donanmalara sahip Imparatorluklari severler</Text>
    </Row>
    <Row Tag="LOC_DIPLO_MODIFIER_DESCRIPTION_FLAT_EARTHER">
      <Text>Dünyayi terk etmeye çalisanlardan hoslanmazlar</Text>
    </Row>
    <Row Tag="LOC_DIPLO_MODIFIER_DESCRIPTION_HIGH_FAVOR">
      <Text>Iyilik için bu kadar aktif bir sekilde rekabet etmenizden hoslanmazlar</Text>
    </Row>
    <Row Tag="LOC_DIPLO_MODIFIER_DESCRIPTION_LOW_FAVOR">
      <Text>Cok kazanmadiginiz için mutlular Iyilik</Text>
    </Row>
    <Row Tag="LOC_DIPLO_MODIFIER_DESCRIPTION_HIGH_TOURISM">
      <Text>Turizminiz bu kadar güçlü oldugu için mutsuzlar</Text>
    </Row>
    <Row Tag="LOC_DIPLO_MODIFIER_DESCRIPTION_LOW_TOURISM">
      <Text>Turizmde rekabet etmediginiz için memnunlar</Text>
    </Row>
    <Row Tag="LOC_DIPLO_MODIFIER_INTOLERANT_SAME">
      <Text>Bir dini paylastiginiz için mutlular</Text>
    </Row>
    <Row Tag="LOC_DIPLO_MODIFIER_INTOLERANT_ENCROACHING">
      <Text>Imparatorluklarinda sizin dininiz oldugu için kizginlar.</Text>
    </Row>
    <Row Tag="LOC_DIPLO_MODIFIER_DESCRIPTION_HIGH_DIPLOVP">
      <Text>Diplomatik Zafere yaklastiginiz için kizginlar</Text>
    </Row>
    <Row Tag="LOC_DIPLO_MODIFIER_DESCRIPTION_LOW_DIPLOVP">
      <Text>Diplomatik Zafer için bir tehdit olmamanizdan memnunlar</Text>
    </Row>
    <Row Tag="LOC_DIPLO_MODIFIER_DESCRIPTION_HIGH_PILLAGE">
      <Text>Yagmalamaktan hoslanan baska bir uygarlik görmekten memnunlar.</Text>
    </Row>
    <Row Tag="LOC_DIPLO_MODIFIER_DESCRIPTION_LOW_PILLAGE">
      <Text>Rakipleri daha sik yagmaladiginizi görmek istiyorlar</Text>
    </Row>
  </BaseGameText>
</GameData>