﻿<?xml version="1.0" encoding="utf-8"?>
<GameData>
  <Language_en_US>
    <Row Tag="TXT_KEY_LEADER_GENGHIS_AGREE_SHORT_1">
      <Text>Tamam.</Text>
    </Row>
    <Row Tag="TXT_KEY_LEADER_GENGHIS_AGREE_SHORT_2">
      <Text>Cok iyi.</Text>
    </Row>
    <Row Tag="TXT_KEY_LEADER_GENGHIS_AGREE_SHORT_3">
      <Text>Kesinlikle.</Text>
    </Row>
    <Row Tag="TXT_KEY_LEADER_GENGHIS_AGREE_SHORT_4">
      <Text>Evet.</Text>
    </Row>
    <Row Tag="TXT_KEY_LEADER_GENGHIS_ATTACKED_1">
      <Text>Delirmis olmalisin. Seni yok ederek dünyaya bir iyilik yapmis olacagim.</Text>
    </Row>
    <Row Tag="TXT_KEY_LEADER_GENGHIS_ATTACKED_2">
      <Text>Küstahliginin bedelini ödeyeceksin.</Text>
    </Row>
    <Row Tag="TXT_KEY_LEADER_GENGHIS_ATTACKED_3">
      <Text>Güzel! Bunu savasçilar gibi halledelim!</Text>
    </Row>
    <Row Tag="TXT_KEY_LEADER_GENGHIS_DECLAREWAR_1">
      <Text>Birbirimize düsmemiz kaçinilmazdi ve simdi bunun için en iyi zaman.</Text>
    </Row>
    <Row Tag="TXT_KEY_LEADER_GENGHIS_DECLAREWAR_2">
      <Text>Yumusak ve savunmasizsin. Ölmek.</Text>
    </Row>
    <Row Tag="TXT_KEY_LEADER_GENGHIS_DECLAREWAR_3">
      <Text>Yok edilme zamaniniz geldi.</Text>
    </Row>
    <Row Tag="TXT_KEY_LEADER_GENGHIS_DEFEATED_1">
      <Text>Benden daha güçlüsün. Seni tebrik ederim.</Text>
    </Row>
    <Row Tag="TXT_KEY_LEADER_GENGHIS_DEFEATED_2">
      <Text>Basarisiz oldum ve bedelini ödemeliyim. Idamimi bekliyorum.</Text>
    </Row>
    <Row Tag="TXT_KEY_LEADER_GENGHIS_DEFEATED_3">
      <Text>Benim yikimimla artik hiçbir sey yolunuza çikamaz. Düsmanlarinizi ezerken ve dünyayi fethederken beni hatirlayin!</Text>
    </Row>
    <Row Tag="TXT_KEY_LEADER_GENGHIS_DEMANDTRIBUTE_ANGRY">
      <Text>Bize istedigimizi ver ya da öl.</Text>
    </Row>
    <Row Tag="TXT_KEY_LEADER_GENGHIS_DEMANDTRIBUTE_HAPPY">
      <Text>Devam eden dostlugumuzun bir bedeli var. Iste o bedel.</Text>
    </Row>
    <Row Tag="TXT_KEY_LEADER_GENGHIS_DEMANDTRIBUTE_NEUTRAL">
      <Text>Taleplerimizi kabul edin ya da sonuçlarina katlanin.</Text>
    </Row>
    <Row Tag="TXT_KEY_LEADER_GENGHIS_DISAGREE_SHORT_1">
      <Text>Ölüler kulagima "hayir" diye fisildiyor.</Text>
    </Row>
    <Row Tag="TXT_KEY_LEADER_GENGHIS_DISAGREE_SHORT_2">
      <Text>Hayir.</Text>
    </Row>
    <Row Tag="TXT_KEY_LEADER_GENGHIS_DISAGREE_SHORT_3">
      <Text>Kesinlikle olmaz.</Text>
    </Row>
    <Row Tag="TXT_KEY_LEADER_GENGHIS_DISAGREE_SHORT_4">
      <Text>Bu kabul edilemez.</Text>
    </Row>
    <Row Tag="TXT_KEY_LEADER_GENGHIS_DISAGREE_SHORT_5">
      <Text>Tabii ki hayir.</Text>
    </Row>
    <Row Tag="TXT_KEY_LEADER_GENGHIS_DISAGREE_SHORT_6">
      <Text>Bu kabul edilemez.</Text>
    </Row>
    <Row Tag="TXT_KEY_LEADER_GENGHIS_DISAGREE_SHORT_7">
      <Text>Ciddi olamazsin!</Text>
    </Row>
    <Row Tag="TXT_KEY_LEADER_GENGHIS_FIRSTGREETING_1">
      <Text>Gururlu ve savasçi Mogol halki sizi selamliyor. Bize saygili davranirsaniz, günesin dogusunu görecek kadar yasayabilirsiniz.</Text>
    </Row>
    <Row Tag="TXT_KEY_LEADER_GENGHIS_FIRSTGREETING_2">
      <Text>Ben Temuçin, bozkirlarin efendisi ve sehirlerin fatihiyim. Istersen dehset içinde sürünebilirsin.</Text>
    </Row>
    <Row Tag="TXT_KEY_LEADER_GENGHIS_FIRSTGREETING_3">
      <Text>Selamlar. Ben Temujin. Umarim saglam bir dost ya da degerli bir düsman olursunuz.</Text>
    </Row>
    <Row Tag="TXT_KEY_LEADER_GENGHIS_GOODBYE_1">
      <Text>Elveda.</Text>
    </Row>
    <Row Tag="TXT_KEY_LEADER_GENGHIS_GOODBYE_2">
      <Text>Güle güle.</Text>
    </Row>
    <Row Tag="TXT_KEY_LEADER_GENGHIS_GOODBYE_3">
      <Text>Tekrar görüsene kadar.</Text>
    </Row>
    <Row Tag="TXT_KEY_LEADER_GENGHIS_GOODBYE_4">
      <Text>Simdi git buradan.</Text>
    </Row>
    <Row Tag="TXT_KEY_LEADER_GENGHIS_GOODBYE_5">
      <Text>Hepsi bu kadar.</Text>
    </Row>
    <Row Tag="TXT_KEY_LEADER_GENGHIS_GOODBYE_6">
      <Text>Buradaki isimiz bitti.</Text>
    </Row>
    <Row Tag="TXT_KEY_LEADER_GENGHIS_GREETING_1">
      <Text>Hos geldiniz.</Text>
    </Row>
    <Row Tag="TXT_KEY_LEADER_GENGHIS_GREETING_2">
      <Text>Merhaba.</Text>
    </Row>
    <Row Tag="TXT_KEY_LEADER_GENGHIS_GREETING_3">
      <Text>Selamlar.</Text>
    </Row>
    <Row Tag="TXT_KEY_LEADER_GENGHIS_GREETING_4">
      <Text>Oh, sensin.</Text>
    </Row>
    <Row Tag="TXT_KEY_LEADER_GENGHIS_GREETING_5">
      <Text>Eee?</Text>
    </Row>
    <Row Tag="TXT_KEY_LEADER_GENGHIS_GREETING_6">
      <Text>Ne istiyorsun?</Text>
    </Row>
    <Row Tag="TXT_KEY_LEADER_GENGHIS_LETSHEARIT_1">
      <Text>Devam et.</Text>
    </Row>
    <Row Tag="TXT_KEY_LEADER_GENGHIS_LETSHEARIT_2">
      <Text>Devam et.</Text>
    </Row>
    <Row Tag="TXT_KEY_LEADER_GENGHIS_LETSHEARIT_3">
      <Text>Devam edin.</Text>
    </Row>
    <Row Tag="TXT_KEY_LEADER_GENGHIS_LETSHEARIT_4">
      <Text>Dinliyorum.</Text>
    </Row>
    <Row Tag="TXT_KEY_LEADER_GENGHIS_LETSHEARIT_5">
      <Text>Evet mi?</Text>
    </Row>
    <Row Tag="TXT_KEY_LEADER_GENGHIS_LOSEWAR_1">
      <Text>Seni hafife almisim. Bunu ikinci kez yapmayacagim.</Text>
    </Row>
    <Row Tag="TXT_KEY_LEADER_GENGHIS_TRADE_NEEDMORE_ANGRY_1">
      <Text>Vaktimi bosa harcama, köpek. Teklifini gelistir ya da git.</Text>
    </Row>
    <Row Tag="TXT_KEY_LEADER_GENGHIS_TRADE_NEEDMORE_ANGRY_2">
      <Text>Bu yeterince iyi degil.</Text>
    </Row>
    <Row Tag="TXT_KEY_LEADER_GENGHIS_TRADE_NEEDMORE_ANGRY_3">
      <Text>Bundan daha iyisini yapmalisin.</Text>
    </Row>
    <Row Tag="TXT_KEY_LEADER_GENGHIS_TRADE_NEEDMORE_ANGRY_4">
      <Text>Neredeyse...</Text>
    </Row>
    <Row Tag="TXT_KEY_LEADER_GENGHIS_TRADE_NEEDMORE_HAPPY_1">
      <Text>Seflerim hazinemizi bu kadar ucuza verdigimi görürlerse isyan ederler. Daha iyisini yapmalisin.</Text>
    </Row>
    <Row Tag="TXT_KEY_LEADER_GENGHIS_TRADE_NEEDMORE_HAPPY_2">
      <Text>Yapabileceginin en iyisi bu mu?</Text>
    </Row>
    <Row Tag="TXT_KEY_LEADER_GENGHIS_TRADE_NEEDMORE_HAPPY_3">
      <Text>Neredeyse vardin.</Text>
    </Row>
    <Row Tag="TXT_KEY_LEADER_GENGHIS_TRADE_NEEDMORE_NEUTRAL_1">
      <Text>"Bana aptalmisim gibi davranma: Hayatim boyunca at ticareti yaptim. Sen daha iyisini yapmalisin."</Text>
    </Row>
    <Row Tag="TXT_KEY_LEADER_GENGHIS_TRADE_NEEDMORE_NEUTRAL_2">
      <Text>Biraz daha iyisini yapabilir misin?</Text>
    </Row>
    <Row Tag="TXT_KEY_LEADER_GENGHIS_TRADE_NEEDMORE_NEUTRAL_3">
      <Text>Bu yeterince iyi degil.</Text>
    </Row>
    <Row Tag="TXT_KEY_LEADER_GENGHIS_TRADE_NEEDMORE_NEUTRAL_4">
      <Text>Neredeyse...</Text>
    </Row>
    <Row Tag="TXT_KEY_LEADER_GENGHIS_TRADE_NO_ANGRY">
      <Text>Daha sonra gelip alabilecegimiz bir sey için neden para ödeyelim? Hayir.</Text>
    </Row>
    <Row Tag="TXT_KEY_LEADER_GENGHIS_TRADE_NO_HAPPY">
      <Text>Iyi ki arkadasiz, yoksa bu küçük teklifiniz karsisinda son derece asagilanabilirdim.</Text>
    </Row>
    <Row Tag="TXT_KEY_LEADER_GENGHIS_TRADE_NO_NEUTRAL">
      <Text>"Böyle bir teklifle beni asagiladiginiza göre deli olmalisiniz. Reddediyoruz.</Text>
    </Row>
    <Row Tag="TXT_KEY_LEADER_GENGHIS_TRADE_YES_ANGRY">
      <Text>Neden olmasin? Fikrimizi degistirirsek daha sonra her zaman geri alabiliriz.</Text>
    </Row>
    <Row Tag="TXT_KEY_LEADER_GENGHIS_TRADE_YES_HAPPY">
      <Text>Memnuniyetle!</Text>
    </Row>
    <Row Tag="TXT_KEY_LEADER_GENGHIS_TRADE_YES_NEUTRAL">
      <Text>Bu makul görünüyor. Kabul ediyoruz.</Text>
    </Row>
    <Row Tag="TXT_KEY_LEADER_GENGHIS_TRADEREQUEST_ANGRY">
      <Text>Son derece adil ve makul sartlarimizi kabul etmeniz iyi olur.</Text>
    </Row>
    <Row Tag="TXT_KEY_LEADER_GENGHIS_TRADEREQUEST_HAPPY">
      <Text>Bu ticaret ilginizi çekiyor mu?"</Text>
    </Row>
    <Row Tag="TXT_KEY_LEADER_GENGHIS_TRADEREQUEST_NEUTRAL">
      <Text>Bu takasi kabul etmenizi tavsiye ederim: Nadiren bu kadar cömert olurum.</Text>
    </Row>
    <Row Tag="TXT_KEY_LEADER_GENGHIS_TRIBUTE_NO_ANGRY">
      <Text>Sen intihara meyilli bir aptalsin. Git basimdan.</Text>
    </Row>
    <Row Tag="TXT_KEY_LEADER_GENGHIS_TRIBUTE_NO_HAPPY">
      <Text>Bizi savasa mi kiskirtmak istiyorsunuz? Denemeye devam edin: neredeyse basardiniz.</Text>
    </Row>
    <Row Tag="TXT_KEY_LEADER_GENGHIS_TRIBUTE_NO_NEUTRAL">
      <Text>Deli saçmalarini eglenceli buluyorum, bu yüzden küstahligin için seni öldürmeyecegim. Defol.</Text>
    </Row>
    <Row Tag="TXT_KEY_LEADER_GENGHIS_TRIBUTE_YES_ANGRY">
      <Text>Cok iyi - bu sadece nihai yikiminizi daha tatli hale getirecektir.</Text>
    </Row>
    <Row Tag="TXT_KEY_LEADER_GENGHIS_TRIBUTE_YES_HAPPY">
      <Text>Sizi tebrik ederim. Bizden haraç almak cesaret ister. Taleplerinizi yerine getirecegiz.</Text>
    </Row>
    <Row Tag="TXT_KEY_LEADER_GENGHIS_TRIBUTE_YES_NEUTRAL">
      <Text>Bizi dezavantajli duruma düsürdünüz. Kabul etmeliyim. Simdilik.</Text>
    </Row>
    <Row Tag="TXT_KEY_LEADER_GENGHIS_WARBLUFF_1">
      <Text>Cesaretinizden dolayi sizi kutluyorum.</Text>
    </Row>
    <Row Tag="TXT_KEY_LEADER_GENGHIS_WARBLUFF_2">
      <Text>Seni kör aptal. Buna pisman olacaksin.</Text>
    </Row>
    <Row Tag="TXT_KEY_LEADER_GENGHIS_WARBLUFF_3">
      <Text>Ne kadar aptalsin.</Text>
    </Row>
    <Row Tag="TXT_KEY_LEADER_GENGHIS_WINWAR_1">
      <Text>Hayatta kalmana izin verdigim için kendini sansli say.</Text>
    </Row>
  </Language_en_US>
</GameData>