﻿<?xml version="1.0" encoding="utf-8" standalone="yes"?>
<!-- edited with XMLSPY v2004 rel. 2 U (http://www.xmlspy.com) by Ed Beach (Firaxis Games) -->
<GameData>
  <BaseGameText>
    <Row Tag="LOC_TRAIT_CIVILIZATION_UNIT_POLISH_HUSSAR_NAME">
      <Text>Polonya'ya özgü bir birim: Kanatlı Süvari</Text>
    </Row>
    <Row Tag="LOC_CIVILIZATION_POLAND_DESCRIPTION">
      <Text>Polonya İmparatorluğu</Text>
    </Row>
    <Row Tag="LOC_CIVILIZATION_POLAND_ADJECTIVE">
      <Text>Lehçe</Text>
    </Row>
    <Row Tag="LOC_TRAIT_CIVILIZATION_BUILDING_SUKIENNICE_NAME">
      <Text>Polonya'nın eşsiz binası: Sukiennice</Text>
    </Row>
    <Row Tag="LOC_AGENDA_SAINT_NAME">
      <Text>Aziz</Text>
    </Row>
    <Row Tag="LOC_AGENDA_SAINT_DESCRIPTION">
      <Text>[ICON_Faith] İnancı geliştirmeye çalışır ve [ICON_Faith] İnanca da odaklanan medeniyetleri sever.</Text>
    </Row>
    <Row Tag="LOC_PEDIA_BUILDINGS_PAGE_BUILDING_SUKIENNICE_CHAPTER_HISTORY_PARA_1">
      <Text>Avrupa ve Rusya arasındaki konumu sayesinde, Polonya'nın şehirleri, krallığın büyük şehirlerinde bulunan kumaş salonlarında (Lehçe'de sukiennice olarak bilinir) örneklendiği gibi ticaretle canlıydı. Satıcıların kumaş, deri ürünleri, balmumu, tuz, biber, baharat ve Uzak Doğu'dan gelen ipek gibi her türlü ihracat ve ithalatı sattıkları ticaret tezgahlarını içeriyordu. Genellikle şehirlerin merkezinde inşa edilen bu pazarlar, Avrupa'nın dört bir yanına dağılmış sıradan pazarlardan daha büyük ve daha görkemli uluslararası pazar yerleriydi. Salonlarda ve portiklerde, düzinelerce ülkeden gelen tüccarlar anlaşmalar yapar ve yerel halk - parası yetenler - arzu edebilecekleri tüm lüksleri bulurdu. Polonya'da en eski ve en büyüğü, bir yangından sonra MS 1555 yılında Rönesans tarzında yeniden inşa edilen Krakow'daki Sukiennice idi. Burası 16. yüzyılın sonuna kadar Batı ile Doğu arasındaki uluslararası ticaretin önemli bir merkeziydi (bugün tezgahlarında turistlere atıştırmalık ve hediyelik eşyalar satılıyor). Ancak kumaş salonu, Poznan, Wroclaw ve Torun gibi yerlerde patlayan bir ticaret yaparak diğer Polonya şehirlerinde de hayati önem taşıyordu.</Text>
    </Row>
    <Row Tag="LOC_PEDIA_CIVILIZATIONS_PAGE_CIVILIZATION_POLAND_CHAPTER_HISTORY_PARA_1">
      <Text>Polonya'nın topografyasının en belirgin özelliği, kuzeyde Baltık Denizi'nden güneyde Karpat Dağları'na kadar uzanan geniş düzlüktür. Ne yazık ki Polonya için bu ova, batı sınırlarında Avrupa'dan ve doğuda Asya'dan gelen istilalar için bir geçit görevi görüyordu. Polonya ayrıca (bin yıldan fazla bir süredir) zengin topraklarına ve kaynaklarına göz diken Almanya ve Rusya'nın arasında yer almak gibi bir talihsizliğe de sahipti. Buna rağmen Polonya kendi ayakları üzerinde durmayı başardı ve bir zamanlar bloktaki en büyük kabadayıydı.</Text>
    </Row>
    <Row Tag="LOC_PEDIA_CIVILIZATIONS_PAGE_CIVILIZATION_POLAND_CHAPTER_HISTORY_PARA_2">
      <Text>Yarı efsanevi anlatılara göre Mieszko, Polanie kabilesini müstahkem Gniezno yerleşiminden yönetiyordu. Yağmacı Macarlar, Mieszko'nun yakın bağları olan Krakow'daki Wislanie kabilesini tehdit ettiğinde, her iki kabileyi birleştirdi ve bunu yaparken Piast Hanedanlığını kurdu. Mieszko, Bohemya'dan gelen Roma Katolik misyonerlerinin ruhani ve pratik faydalarını vaaz etmelerinin ardından Hıristiyanlığı kabul etti ve 966 yılında vaftiz edildi. Bazı tartışmalara rağmen, çoğu şüpheci akademisyen bile artık bu tarihi Polonya'nın başlangıcı olarak kabul etmektedir.</Text>
    </Row>
    <Row Tag="LOC_PEDIA_CIVILIZATIONS_PAGE_CIVILIZATION_POLAND_CHAPTER_HISTORY_PARA_3">
      <Text>Mieszko'nun bir dizi güçlü (ya da zorba) halefi pagan Polonyalıları yavaş yavaş dönüştürdü, sağlam bir hanedan hakimiyeti kurdu ve isteksiz Polonya'yı daha geniş Avrupa kültürüne sürükledi. Mieszko'nun oğlu Boleslaw tamamen Polonyalı-Katolik bir kilise teşkilatı kurdu ve seküler otoritesi Germen Kutsal Roma İmparatoru tarafından tanındı. Bu durum Boleslaw'ın 1025 yılında taç giymesine yol açarak onu ilk "Polonya Kralı" yaptı.</Text>
    </Row>
    <Row Tag="LOC_PEDIA_CIVILIZATIONS_PAGE_CIVILIZATION_POLAND_CHAPTER_HISTORY_PARA_4">
      <Text>Polonya kısa sürede Baltık'tan Karpatlar'a kadar uzandı ve 1100 yılına gelindiğinde tarihi sınırlarını gevşek bir şekilde oluşturdu.  Ancak, Boleslaw III'ün 1138'de ölümü yüzyıllık krallığa karmaşıklıklar getirdi. Primogeniture geleneği olmayan Polonya, Boleslaw'ın birkaç oğlu arasında paylaştırıldı. Ortaya çıkan parçalanma, sonraki birkaç yüzyıl boyunca sürekli iç çatışmalara ve dış baskılara yol açtı.</Text>
    </Row>
    <Row Tag="LOC_PEDIA_CIVILIZATIONS_PAGE_CIVILIZATION_POLAND_CHAPTER_HISTORY_PARA_5">
      <Text>Piast soyundan gelen küçük bir dük olan Wladyslaw, hayatını krallığı yeniden birleştirmekle geçirdi ve bu çabalarından dolayı Kral I. Wladyslaw olarak taç giydi. Polonya'yı savunurken Wladyslaw, pagan Litvanyalılara ve Moğollara karşı haçlı seferlerinin yanı sıra kendini beğenmiş ve açgözlü Töton Şövalyelerini kovmak için bir savaş yürüttü. Wladyslaw'ın yerine daha da yetenekli olan oğlu geçti; Casimir III olarak başladığı saltanatını Büyük Casimir olarak sonlandırdı. Zeki diplomasisi ve kısa süreli, muzaffer savaşlarıyla babasının kazanımlarını güvence altına almakla kalmayacak, Polonya'yı bir kültür, öğrenim ve ticaret merkezi haline getirecekti. Casimir krallığın büyüklüğünü iki katından fazla artırdı, ülkenin ekonomisini ve hukuk sistemini yeniden düzenledi ve Polonya'nın ilk üniversitesinin kurulmasına ivme kazandırdı. Casimir'in liberal yönetimi altında Polonya, mülksüzleştirilen ve zulme uğrayanlar için bir sığınak haline geldi; Almanlar şehirlere, Ermeni ve Slav mülteciler kırsal bölgelere yerleşti ve binlerce Yahudi buraya taşındı ve gelişti. Ancak erkek varisi olmayan Büyük Casimir, 1370 yılında ölen son Piast kralıydı.</Text>
    </Row>
    <Row Tag="LOC_PEDIA_CIVILIZATIONS_PAGE_CIVILIZATION_POLAND_CHAPTER_HISTORY_PARA_6">
      <Text>Casimir'in atadığı halefi yeğeni Macar Louis I'di (Louis zamanının çoğunu burada geçirdi). Onun 1382'deki ölümü, inatçı Polonyalı soyluların en küçük kızı Jadwiga'yı Polonya kralı olarak taçlandırmasıyla sonuçlandı. Litvanya Büyük Dükü Jogaila ile evliliği de onu Polonya kralı yaptı - Katolikliğe döndükten ve iyi bir Polonyalı olan Wladyslaw II adını aldıktan sonra. İki ortak kral, Jadwiga'nın 1399'daki ölümüne kadar hüküm sürdüler; bu tarihten sonra Polonya'nın (tek) Kralına mesaj iletmek çok daha az kafa karıştırıcı hale geldi.</Text>
    </Row>
    <Row Tag="LOC_PEDIA_CIVILIZATIONS_PAGE_CIVILIZATION_POLAND_CHAPTER_HISTORY_PARA_7">
      <Text>Wladyslaw II, 1401 yılında Polonyalıları çatışmanın içine çekti. Töton Şövalyeleriyle amansız bir savaşa tutuşmuş olan Litvanyalıların yardımına koştular. Temmuz 1410'da Grunwald'da, Orta Çağ'ın en şiddetli savaşlarından birinin ardından, birleşik Litvanya-Polonya kuvveti o kadar ezici bir zafer kazandı ki, Töton Tarikatı neredeyse yok edildi, liderlerinin çoğu öldürüldü veya esir alındı.</Text>
    </Row>
    <Row Tag="LOC_PEDIA_CIVILIZATIONS_PAGE_CIVILIZATION_POLAND_CHAPTER_HISTORY_PARA_8">
      <Text>Jagiellonian hükümdarları sonraki on yılları, yeniden dirilen Töton Şövalyeleri, Prusya Dükalığı, Bohemya ve Macaristan krallıkları, Moskova Büyük Dükalığı ve güneyde Osmanlı Türkleri ve Kırım Tatarları gibi açgözlü komşularıyla (çoğunlukla muzaffer) savaşarak geçirecekti. Bu sonuncular 1474 ile 1569 yılları arasında en az 75 ayrı akın düzenlemişlerdir. Hiçbiri akıllanmamış gibi görünüyordu. Genel olarak, Polonya'nın kralları hanedan boyunca sınırlarını ve nüfuzunu korumayı başardı.</Text>
    </Row>
    <Row Tag="LOC_PEDIA_CIVILIZATIONS_PAGE_CIVILIZATION_POLAND_CHAPTER_HISTORY_PARA_9">
      <Text>Tüm bu zaferlerden daha önemli ve kalıcı olan, Jagiellonianlar yönetimindeki sosyal ve bilimsel ilerlemelerdi. 1505'te Nihil Novi Yasası, yasama yetkisinin çoğunu hükümdardan Polonya soylularından oluşan bir parlamento olan Sejm'e devretti - demokrasiye doğru tökezleyen bir adım. Protestan Reform hareketleri, özellikle Bohemyalı John Hus'un önderliğindeki hareketler, Polonya Katolikliğine nüfuz etti ve dini hoşgörüyü teşvik eden yasaların çıkarılmasıyla sonuçlandı. Rönesans idealleri, Jagiellonian kralları Sigismund I ve Sigismund II tarafından Polonya sanat ve kültürünü teşvik etme dürtüsünü uyandırdı. Ve 1543 yılında Polonyalı astronom Nicolaus Copernicus tarafından güneş sisteminin güneş merkezli bir modelini iddia eden çığır açan bir çalışma yayınlandı.</Text>
    </Row>
    <Row Tag="LOC_PEDIA_CIVILIZATIONS_PAGE_CIVILIZATION_POLAND_CHAPTER_HISTORY_PARA_10">
      <Text>Yaygın milliyetçilik, "demokratik" ilkeler ve yabancı niyetlerle ilgili (birkaç) endişenin teşvikiyle, Haziran 1569'da Sejm, yerel meclisler ve merkezi bir parlamento aracılığıyla öncelikle soylular tarafından yönetilen seçilmiş bir hükümdara sahip birleşik bir federal devlet olan Polonya-Litvanya Topluluğu'nu kuran bir yasayı kabul etti. Jagiellonian hanedanının sonuncusu olan çocuksuz Sigismund II yasayı kabul etti ve imzaladı. Bu durum bir istikrar ve refah dönemi başlatmış ve Batı kültürünün Ukrayna ve Batı Rusya gibi bölgelere yayılmasını sağlamış olsa da, İngiliz Milletler Topluluğu kendisini Rusya, İsveç, Osmanlılar, Kazaklar ve diğer asi komşularla sürekli çatışmaların içinde buldu.</Text>
    </Row>
    <Row Tag="LOC_PEDIA_CIVILIZATIONS_PAGE_CIVILIZATION_POLAND_CHAPTER_HISTORY_PARA_11">
      <Text>Bu savaşların bedeli -özellikle Polonya-Litvanya'nın Büyük Kuzey Savaşı'na katılması ve ardı ardına gelen zayıf seçilmiş krallar- ulusu umutsuzca iç reform ihtiyacı içinde bıraktı. Sejm, 18. yüzyılın orta yıllarında ticari, askeri, sosyal ve eğitim reformlarını hayata geçirmek için harekete geçti. Bu çabalar, 1773'te Avrupa'da devlet destekli ilk eğitim sistemi olan ve tüm köylülere kendi başlarına Kutsal Yazıları okumayı öğreten Milli Eğitim Komisyonu'nu da içeriyordu. Kısa bir süre sonra Polonyalı köylüler daha fazla hak ve hatta belki de demokrasiyi biraz olsun tatmak için ajitasyon yapmaya başladılar.</Text>
    </Row>
    <Row Tag="LOC_PEDIA_CIVILIZATIONS_PAGE_CIVILIZATION_POLAND_CHAPTER_HISTORY_PARA_12">
      <Text>Bu zamana kadar, İncil artık en yaygın Polonya okuma materyali değildi. Önceki yüzyıllarda, çeşitli yüksek fikirli hükümdarlar altında, belirgin bir Polonya kültürü gelişti ve serpildi. Polonyalı yazarlar, Krasicki ve Jan Polocki'nin eserleri gibi her türden karamsar edebiyat ve şiir üretti. Polonya kültürü Cermen, Slav, Latin ve Bizans kültürlerinden derinden etkilenmiş olsa da, mimarisinde, sanatında ve dansında farklı bir karakter ortaya çıkmıştır. Ancak Polonyalıların gerçekten mükemmel olduğu alan, tınısı ve tonu, temposu ve dokusuyla zorlayıcı olan müzikti. Daha sonra Chopin gibi dünyaca ünlü Polonyalı besteciler ünlerini kısmen Mielczewski, Oginski ve Szymanowska'nın büyük eserleri üzerine inşa ettiler.</Text>
    </Row>
    <Row Tag="LOC_PEDIA_CIVILIZATIONS_PAGE_CIVILIZATION_POLAND_CHAPTER_HISTORY_PARA_13">
      <Text>Polonya tarım ürünleri ihracatı sayesinde zenginleşti. İngiliz Milletler Topluluğu, Avrupa'nın açık ara en büyük tahıl üreticisiydi. Tarımsal ilerlemeler yayıldıkça, Polonya meyve, baharat, ringa balığı, kumaş, kereste, bira ve şarap ihracatında önemli bir konuma geldi. Tüm bu ürünler Vistula, Bug ve Neman nehirleri boyunca, Flandre ve Hollanda'ya gönderilmek üzere Gdansk gibi Baltık limanlarına taşınıyordu. Kara yolları Kutsal Roma İmparatorluğu'nun derinliklerine uzanıyordu. Tüm bu zenginliğin kaydını tutmak için Sejm 1496'da ulusal para birimi olarak zlotiyi yaratmıştı. Polonya'nın son kralı Kral Stanislaw August Poniatowski, hükümdarlığı sırasında, mali reformların ardından zlotiyi standartlaştırdı... tam da İngiliz Milletler Topluluğu'nun varlığının sona ermesi için gereken zamanda.</Text>
    </Row>
    <Row Tag="LOC_PEDIA_CIVILIZATIONS_PAGE_CIVILIZATION_POLAND_CHAPTER_HISTORY_PARA_14">
      <Text>Reform için yapılan tüm bu kamu harcamalarının hazineyi (ve dolayısıyla orduya ödeme yapmanın bir yolunu) boşalttığı ve soyluların hayatlarını ve servetlerini tehlikeye atma konusunda anlaşılabilir bir şekilde tereddüt ettikleri göz önüne alındığında, Polonya'nın komşuları müdahale etmekten vazgeçmedi. 1772'de Rusya, Avusturya ve Prusya'nın ülkenin bazı bölümlerini işgal etmesiyle Birinci Bölünme gerçekleşti. Kısa süren Polonya-Rusya Savaşı'nın ardından Prusya ve Rusya, Polonya'yı ekonomik ya da askeri açıdan kendi kendine yetemeyecek kadar çok topraktan mahrum bırakan İkinci Bölünme'yi gerçekleştirdi. 1795 yılında Avusturya, Rusya ve Prusya tarafından gerçekleştirilen Üçüncü Bölünme ile ülkenin son toprakları da bu güçlere devredildi ve bağımsız Polonya'nın varlığı sona erdi.</Text>
    </Row>
    <Row Tag="LOC_PEDIA_CIVILIZATIONS_PAGE_CIVILIZATION_POLAND_CHAPTER_HISTORY_PARA_15">
      <Text>Son bölünmenin ardından Polonya tarih sayfalarından kayboldu... neredeyse. Polonya Büyük Dükalığı, Napolyon tarafından Fransız İmparatorluğu'nun özgür bir müşteri devleti olarak yeniden diriltildi. Bonaparte'ın yenilgisinin ardından Prusya, Avusturya ve Rusya tarafından tekrar parçalandı. Birinci Dünya Savaşı'ndan sonra Polonya özgür bir ulus olarak yeniden kuruldu, ancak bu özgürlüğü korumak için bebek Sovyetler Birliği'ne karşı iki yıl süren bir savaş vermek zorunda kaldı. 1939'a gelindiğinde, eski müttefikleri Nazi Almanyası ve Sovyet Rusya arasında paylaşıldı. Bir kez daha yeniden doğduğunda ise Demir Perde'nin arkasında komünist işgal altındaydı. Ancak 1990'larda Polonya, Rus egemenliğinden kurtulmak için paslanmış perdeden yararlanan ilk ülkelerden biri oldu ve bir kez daha özgür bir ulus haline geldi. Hiç değilse Polonya halkı kendi kendini yönetme arayışında ısrarcıdır.</Text>
    </Row>
    <Row Tag="LOC_PEDIA_LEADERS_PAGE_LEADER_JADWIGA_TITLE">
      <Text>Jadwiga</Text>
    </Row>
    <Row Tag="LOC_PEDIA_LEADERS_PAGE_LEADER_JADWIGA_SUBTITLE">
      <Text>Hedvig Rex Poloniae - ve bir Aziz</Text>
    </Row>
    <Row Tag="LOC_PEDIA_LEADERS_PAGE_LEADER_JADWIGA_QUOTE">
      <Text>Tanrı'ya hizmet edenin iyi bir efendisi vardır.</Text>
    </Row>
    <Row Tag="LOC_PEDIA_LEADERS_PAGE_LEADER_JADWIGA_CHAPTER_HISTORY_PARA_1">
      <Text>14. yüzyılın sonlarında Polonya'da, kralın üçüncü kızının bir evlilik ittifakı yoluyla ülkesinin geleceğini güvence altına almasının ötesinde pek bir şey yapması beklenmiyordu. Yine de dindar Jadwiga kısa yaşamında tüm Polonya'yı yönetecekti. Özverili ve kurnaz, farklı halkları ortak (ve anlaşılabilir) bir inanç aracılığıyla bir araya getirmeye çalıştı.</Text>
    </Row>
    <Row Tag="LOC_PEDIA_LEADERS_PAGE_LEADER_JADWIGA_CHAPTER_HISTORY_PARA_2">
      <Text>Jadwiga 1373 yılında Bosnalı Elizabeth ile Macaristan ve Polonya Kralı I. Louis'nin kızı olarak dünyaya geldi. Buda ve Visegrad'daki kraliyet konutlarında yetişen Jadwiga iyi eğitimli, beş dil bilen ve utanç verici derecede dindar biriydi. Louis'nin 1382'deki ölümü bir veraset krizine yol açtığında, Elizabeth genç Jadwiga'yı krizi sona erdirmesi için Krakow'a gönderdi. Nezaketi nedeniyle Polonya halkı tarafından sevilen, inancı nedeniyle Katolik kilisesi tarafından onaylanan ve sevecenliği nedeniyle katı Polonyalı soylular tarafından göz yumulan 11 yaşındaki prenses Jadwiga, 1384'te kendini Büyük Polonya'nın kralı olarak taçlandırılmış buldu.</Text>
    </Row>
    <Row Tag="LOC_PEDIA_LEADERS_PAGE_LEADER_JADWIGA_CHAPTER_HISTORY_PARA_3">
      <Text>Yeni Polonya kralı tehlikeli zamanlarda hüküm sürecekti. Casimir'in daha zayıf soyundan gelen bir avuç insan hâlâ tahtta hak iddia ediyordu. Daha da kötüsü, Polonya Cermen devletleri ve Moskovalı hükümdarların yanı sıra Moğollar ve Tatarların olası istilası tehdidi altındaydı. Müttefiklerini desteklemek ve Polonya'nın geleceğini güvence altına almak için Jadwiga, Litvanya Büyük Dükü Jogaila ile evlenmeyi kabul etti - kendisinin (ve tebaasının) paganizmden Katolikliğe geçmesi şartıyla.</Text>
    </Row>
    <Row Tag="LOC_PEDIA_LEADERS_PAGE_LEADER_JADWIGA_CHAPTER_HISTORY_PARA_4">
      <Text>Böylece, 1386'da Jadwiga yeni vaftiz edilen Jogaila ile evlendi ve Wladyslaw II adını alarak yönetimini vatansever Polonyalılara sevdirdi. Wladyslaw, Litvanya'nın Kudüs'teki Alman Aziz Meryem Evi Kardeşler Tarikatı (daha basit bir ifadeyle Töton Şövalyeleri) tarafından işgal edilmesinden iki gün önce aceleyle Kral jure uxoris (Latince "karısının hakkı") olarak taçlandırıldı. Casimir'e kaybettikleri toprakları geri almak istediklerini iddia ediyorlardı ama aslında herhangi bir toprak işlerine yarayabilirdi.</Text>
    </Row>
    <Row Tag="LOC_PEDIA_LEADERS_PAGE_LEADER_JADWIGA_CHAPTER_HISTORY_PARA_5">
      <Text>Genç kral Litvanya'nın pagan yollarından dönmesinde etkili oldu. Din değiştirme ve Litvanyalılara yeni inançlarını öğretme konusunda "Kilise Prensleri" ile bir dizi toplantı yaptı. Wladyslaw da bu konuda etkili oldu; hatta memleketinin "kutsal" korularındaki ağaçları kendi elleriyle kestiği söylenir. Jadwiga her yıl yirmi Litvanyalıya Prag'daki Charles Üniversitesi'nde okumaları için burs veriyordu, böylece anavatanlarındaki inancı güçlendirmek için geri dönebileceklerdi. Ve o günah yuvası Vilnius'ta bir piskoposluk kurdu.</Text>
    </Row>
    <Row Tag="LOC_PEDIA_LEADERS_PAGE_LEADER_JADWIGA_CHAPTER_HISTORY_PARA_6">
      <Text>Jadwiga ve Wladyslaw şaşırtıcı derecede etkili bir ortak hükümdar ekibi oluşturdular. Jadwiga'nın Töton Şövalyelerinin Üstadıyla görüşmek için yaptığı diplomatik görev sırasında, dindarlığının, tarikatının açgözlülüğü ve kana susamışlığı nedeniyle onu utandırdığı ve geçici olarak yağmalarını durdurdukları söylenir. Ayrıca Wladyslaw'ı Litvanya tahtını ele geçirmek isteyen kuzeni Witold ile barıştırdı. MS 1387'de Jadwiga, Ruthenia'da Macaristan tarafından talep edilen toprakları geri almak için iki askeri sefere öncülük etti. Çok fazla çatışma yaşanmamasına rağmen, Jadwiga'nın çabaları eyaletin Polonya'ya geri dönmesi ve Boğdanlı I. Petru'nun Polonya hükümdarlarına saygı göstermesiyle sonuçlandı.</Text>
    </Row>
    <Row Tag="LOC_PEDIA_LEADERS_PAGE_LEADER_JADWIGA_CHAPTER_HISTORY_PARA_7">
      <Text>Tebaasının çoğundan biraz daha kibar olan Jadwiga, onları daha ince şeyler konusunda aydınlatmaya da çalıştı. Jadwiga birçok Polonyalı sanatçı ve yazarın hamisiydi. Polonya kültürüne yaptığı en önemli katkılardan biri Krakow Akademisi'nin restorasyonuydu. Kişisel mücevherlerinin çoğunu astronomi, hukuk ve ilahiyat öğrencilerinin kaydolduğu okulu finanse etmek için bağışladı. Jadwiga ayrıca daha geniş bir inanç anlayışını savunmuş ve İncil'in Latince'den Lehçe'ye çevrilmesini sağlamıştır.</Text>
    </Row>
    <Row Tag="LOC_PEDIA_LEADERS_PAGE_LEADER_JADWIGA_CHAPTER_HISTORY_PARA_8">
      <Text>Jadwiga'nın hükümdarlığı erken sona erdi. 1399'da ilk çocuğu olan kızını doğurdu ancak bir ay içinde hem anne hem de çocuk doğumdan kaynaklanan komplikasyonlar nedeniyle öldü. Jadwiga sadece 25 yıl yaşamış olmasına rağmen, hayatının yarısından fazlasını kral olarak geçirmişti. Litvanya ile bağlarını sağlamlaştırarak her iki ulusun da geleceğini güvence altına aldı. Eş hükümdarı Wladyslaw, Polonya ve Litvanya'yı 35 yıl daha yönetmeyi başardı.</Text>
    </Row>
    <Row Tag="LOC_PEDIA_LEADERS_PAGE_LEADER_JADWIGA_CHAPTER_CAPSULE_BODY">
      <Text>Jadwiga'nın Polonya'sı hem askeri hem de dini alanlarda güçlü olan esnek bir güçtür. Şehirlerine çok yaklaşmayın çünkü Kale veya Kamp Kültür Bombası aracılığıyla sizden sınır taşları çalabilir.</Text>
    </Row>
    <Row Tag="LOC_PEDIA_LEADERS_PAGE_LEADER_JADWIGA_CHAPTER_DETAILED_BODY">
      <Text>Polonya, başka amaçlar için yeniden kullanılabilecek güçlü askeri yeteneklere sahip çok yönlü bir medeniyettir.  Askeri Politika slotlarından biri Joker Kart slotuna dönüştürülerek diğer medeniyetlerden daha önce bir Büyük Peygamberi işe almalarına ve bir Din kurmalarına olanak tanır. Buna ek olarak, Kale ve Kamplar oluşturarak Kültür Bombası yetenekleri sayesinde ücretsiz karolar kazanabilirler.  Jadwiga yönetimdeyken, Jadwiga'ya taş kaybeden şehirler de onun Dinine geçer. Dolayısıyla, Jadwiga askeri olarak oynadığında, belki de Askeri yuvaları olan hükümetleri seçtiğinde ve sınırlarını güçlendirdiğinde bile, Polonya dini ve ekonomik cephelerde hala çok güçlü olmalıdır.</Text>
    </Row>
    <Row Tag="LOC_PEDIA_LEADERS_PAGE_LEADER_JADWIGA_CHAPTER_HISTORY_PARA_9">
      <Text>Jadwiga, Wawel Katedrali'ndeki lahdinde daha yeni yatıyordu ki, tebaası onun kutsallığına saygı göstermeye başladı. Jadwiga'nın kutsallığına dair hikayeler ve ona atfedilen mucizeler tüm ülkeye yayıldı. Birinde, dua ederken siyah bir haç üzerindeki İsa figürü onunla konuşmuştur. Bir diğerinde, fakir bir taş ustasına bir parça mücevher verdi; gittiğinde, sertleşmiş alçı zeminde ayak izi kaldı. Bir diğerinde ise, Jadwiga yakınlardaki Corpus Christi alayının bir parçasıyken bir bakırcının oğlu boğulmuştur; Jadwiga'nın mantosunu çocuğun üzerine atarak onu hayata döndürdüğü söylenir. Bildirilen bu üç mucize, Katolik Kilisesi'nin 1997 yılında onu azize ilan etmesi için yeterli olmuştur.</Text>
    </Row>
    <Row Tag="LOC_PEDIA_UNITS_PAGE_UNIT_POLISH_HUSSAR_CHAPTER_HISTORY_PARA_1">
      <Text>1570'lerin sonlarında Polonya'da yapılan askeri reformlar, sonraki iki yüzyıl boyunca elit statülerinin tadını çıkaracak olan korkutucu bir ağır süvari gücü olan kanatlı süvarileri doğurdu. Transilvanya prensi Stephen Bathory (aynı zamanda Litvanya Büyük Dükü, Polonya'nın eşinin hakkı ile kralı ve giderek daha etkileyici unvanların koleksiyoncusu) yabancı paralı askerlerden oluşan süvariler yerine kanatlı süvarilerin saflarını Polonyalı soylular ve onların maiyetleri ile doldurdu. Ünlü "kanatlar", tüyler iliştirilmiş ahşap çerçevelerdi ve onları açıkça ayırt etmek için bir binicinin sırtında taşınıyordu. Kanatların kendine özgü sesinin düşman atlarını ürküttüğü ve düşman askerlerinin moralini "şeytani bir tıslama" ile bozduğu söylenirdi - muhtemelen törensel bir aksesuarı romantikleştiren sonraki yüzyılların romancıları tarafından. Kanatlı süvarilerin savaş alanına getirdikleri mızraklar, kılıçlar ve tabancaların düşman atlarını ürküttüğü ve düşman askerlerinin moralini bozduğu şüphesiz daha az tartışmalı bir konudur.</Text>
    </Row>
    <Row Tag="LOC_CIVINFO_POLAND_LOCATION">
      <Text>Avrupa</Text>
    </Row>
    <Row Tag="LOC_CIVINFO_POLAND_SIZE">
      <Text>Tahmini 120 bin mil kare (312,6 bin km kare)</Text>
    </Row>
    <Row Tag="LOC_CIVINFO_POLAND_POPULATION">
      <Text>38,5 milyon (2016 tahmini)</Text>
    </Row>
    <Row Tag="LOC_CIVINFO_POLAND_CAPITAL">
      <Text>Çeşitli (Plock, Poznan, Krakow, Varşova)</Text>
    </Row>
    <!--Poland-->
    <Row Tag="LOC_CITY_NAME_KRAKOW">
      <Text>Kraków</Text>
    </Row>
    <Row Tag="LOC_CITY_NAME_WARSAW">
      <Text>Varşova</Text>
    </Row>
    <Row Tag="LOC_CITY_NAME_WROCLAW">
      <Text>Wroclaw</Text>
    </Row>
    <Row Tag="LOC_CITY_NAME_POZNAN">
      <Text>Poznan</Text>
    </Row>
    <Row Tag="LOC_CITY_NAME_GDANSK">
      <Text>Gdansk</Text>
    </Row>
    <Row Tag="LOC_CITY_NAME_BYDGOSZCZ">
      <Text>Bydgoszcz</Text>
    </Row>
    <Row Tag="LOC_CITY_NAME_LUBLIN">
      <Text>Lublin</Text>
    </Row>
    <Row Tag="LOC_CITY_NAME_RADOM">
      <Text>Radom</Text>
    </Row>
    <Row Tag="LOC_CITY_NAME_LODZ">
      <Text>Lódz</Text>
    </Row>
    <Row Tag="LOC_CITY_NAME_GNIEZNO">
      <Text>Gniezno</Text>
    </Row>
    <Row Tag="LOC_CITY_NAME_PLOCK">
      <Text>Plock</Text>
    </Row>
    <Row Tag="LOC_CITY_NAME_TARNOW">
      <Text>Tarnów</Text>
    </Row>
    <Row Tag="LOC_CITY_NAME_KALISZ">
      <Text>Kalisz</Text>
    </Row>
    <Row Tag="LOC_CITY_NAME_LEGNICA">
      <Text>Legnica</Text>
    </Row>
    <Row Tag="LOC_CITY_NAME_SZCZECIN">
      <Text>Szczecin</Text>
    </Row>
    <Row Tag="LOC_CITY_NAME_SACZ">
      <Text>Sacz</Text>
    </Row>
    <Row Tag="LOC_CITY_NAME_PIOTRKOW_TRYBUNALSKI">
      <Text>Piotrków Trybunalski</Text>
    </Row>
    <Row Tag="LOC_CITY_NAME_KATOWICE">
      <Text>Katowice</Text>
    </Row>
    <Row Tag="LOC_CITY_NAME_INOWROCLAW">
      <Text>Inowroclaw</Text>
    </Row>
    <Row Tag="LOC_CITY_NAME_GLOGOW">
      <Text>Glogów</Text>
    </Row>
    <Row Tag="LOC_CITY_NAME_CZESTOCHOWA">
      <Text>Czestochowa</Text>
    </Row>
    <Row Tag="LOC_CITY_NAME_ZAMOSC">
      <Text>Zamosc</Text>
    </Row>
    <Row Tag="LOC_CITY_NAME_RACIBORZ">
      <Text>Racibórz</Text>
    </Row>
    <Row Tag="LOC_CITY_NAME_SWIDNICA">
      <Text>Swidnica</Text>
    </Row>
    <Row Tag="LOC_CITY_NAME_RADOMSKO">
      <Text>Radomsko</Text>
    </Row>
    <Row Tag="LOC_CITY_NAME_KONIN">
      <Text>Konin</Text>
    </Row>
    <Row Tag="LOC_CITY_NAME_SLUPSK">
      <Text>Slupsk</Text>
    </Row>
    <Row Tag="LOC_CITY_NAME_WALBRZYCH">
      <Text>Walbrzych</Text>
    </Row>
    <Row Tag="LOC_CITY_NAME_STALOWA_WOLA">
      <Text>Stalowa Wola</Text>
    </Row>
    <Row Tag="LOC_CITY_NAME_LWOW">
      <Text>Lwów</Text>
    </Row>
    <Row Tag="LOC_CITIZEN_POLAND_MALE_1">
      <Text>Alojzy</Text>
    </Row>
    <Row Tag="LOC_CITIZEN_POLAND_MALE_2">
      <Text>Blazej</Text>
    </Row>
    <Row Tag="LOC_CITIZEN_POLAND_MALE_3">
      <Text>Czeslaw</Text>
    </Row>
    <Row Tag="LOC_CITIZEN_POLAND_MALE_4">
      <Text>Dobrogost</Text>
    </Row>
    <Row Tag="LOC_CITIZEN_POLAND_MALE_5">
      <Text>Grzegorz</Text>
    </Row>
    <Row Tag="LOC_CITIZEN_POLAND_MALE_6">
      <Text>Janusz</Text>
    </Row>
    <Row Tag="LOC_CITIZEN_POLAND_MALE_7">
      <Text>Jaroslaw</Text>
    </Row>
    <Row Tag="LOC_CITIZEN_POLAND_MALE_8">
      <Text>Lech</Text>
    </Row>
    <Row Tag="LOC_CITIZEN_POLAND_MALE_9">
      <Text>Slawomir</Text>
    </Row>
    <Row Tag="LOC_CITIZEN_POLAND_MALE_10">
      <Text>Zbigniew</Text>
    </Row>
    <Row Tag="LOC_CITIZEN_POLAND_FEMALE_1">
      <Text>Adelajda</Text>
    </Row>
    <Row Tag="LOC_CITIZEN_POLAND_FEMALE_2">
      <Text>Aldona</Text>
    </Row>
    <Row Tag="LOC_CITIZEN_POLAND_FEMALE_3">
      <Text>Berta</Text>
    </Row>
    <Row Tag="LOC_CITIZEN_POLAND_FEMALE_4">
      <Text>Franciszka</Text>
    </Row>
    <Row Tag="LOC_CITIZEN_POLAND_FEMALE_5">
      <Text>Jagoda</Text>
    </Row>
    <Row Tag="LOC_CITIZEN_POLAND_FEMALE_6">
      <Text>Katarzyna</Text>
    </Row>
    <Row Tag="LOC_CITIZEN_POLAND_FEMALE_7">
      <Text>Milena</Text>
    </Row>
    <Row Tag="LOC_CITIZEN_POLAND_FEMALE_8">
      <Text>Patka</Text>
    </Row>
    <Row Tag="LOC_CITIZEN_POLAND_FEMALE_9">
      <Text>Radomila</Text>
    </Row>
    <Row Tag="LOC_CITIZEN_POLAND_FEMALE_10">
      <Text>Waleria</Text>
    </Row>
    <Row Tag="LOC_CITIZEN_POLAND_MODERN_MALE_1">
      <Text>Bartosz</Text>
    </Row>
    <Row Tag="LOC_CITIZEN_POLAND_MODERN_MALE_2">
      <Text>Cyryl</Text>
    </Row>
    <Row Tag="LOC_CITIZEN_POLAND_MODERN_MALE_3">
      <Text>Feodor</Text>
    </Row>
    <Row Tag="LOC_CITIZEN_POLAND_MODERN_MALE_4">
      <Text>Flawiusz</Text>
    </Row>
    <Row Tag="LOC_CITIZEN_POLAND_MODERN_MALE_5">
      <Text>Janiusz</Text>
    </Row>
    <Row Tag="LOC_CITIZEN_POLAND_MODERN_MALE_6">
      <Text>Kacper</Text>
    </Row>
    <Row Tag="LOC_CITIZEN_POLAND_MODERN_MALE_7">
      <Text>Maclej</Text>
    </Row>
    <Row Tag="LOC_CITIZEN_POLAND_MODERN_MALE_8">
      <Text>Syzmon</Text>
    </Row>
    <Row Tag="LOC_CITIZEN_POLAND_MODERN_MALE_9">
      <Text>Tadeusz</Text>
    </Row>
    <Row Tag="LOC_CITIZEN_POLAND_MODERN_MALE_10">
      <Text>Wilus</Text>
    </Row>
    <Row Tag="LOC_CITIZEN_POLAND_MODERN_FEMALE_1">
      <Text>Angelika</Text>
    </Row>
    <Row Tag="LOC_CITIZEN_POLAND_MODERN_FEMALE_2">
      <Text>Brygida</Text>
    </Row>
    <Row Tag="LOC_CITIZEN_POLAND_MODERN_FEMALE_3">
      <Text>Danika</Text>
    </Row>
    <Row Tag="LOC_CITIZEN_POLAND_MODERN_FEMALE_4">
      <Text>Ewa</Text>
    </Row>
    <Row Tag="LOC_CITIZEN_POLAND_MODERN_FEMALE_5">
      <Text>Kaja</Text>
    </Row>
    <Row Tag="LOC_CITIZEN_POLAND_MODERN_FEMALE_6">
      <Text>Lucja</Text>
    </Row>
    <Row Tag="LOC_CITIZEN_POLAND_MODERN_FEMALE_7">
      <Text>Magdalena</Text>
    </Row>
    <Row Tag="LOC_CITIZEN_POLAND_MODERN_FEMALE_8">
      <Text>Pola</Text>
    </Row>
    <Row Tag="LOC_CITIZEN_POLAND_MODERN_FEMALE_9">
      <Text>Wiktoria</Text>
    </Row>
    <Row Tag="LOC_CITIZEN_POLAND_MODERN_FEMALE_10">
      <Text>Zofia</Text>
    </Row>
    <Row Tag="LOC_LOADING_INFO_LEADER_JADWIGA">
      <Text>Dindar Jadwiga, Tanrı'nın, dünyanın ve Polonya'nın yüceliğine övgüler olsun! En kutsal Kral, halkına gerçeği ve ışığı göstereceksin ve onlar da bunu başkalarına yaymak için harekete geçecekler. Büyük kanatlı savaşçılar tarafından korunduğunuzda, karşılaştığınız her türlü zorluğun üstesinden başka hiçbir şeyle kıyaslanamayacak dindar bir zarafetle geleceksiniz.</Text>
    </Row>
    <Row Tag="LOC_DIPLO_ACCEPT_DECLARE_FRIEND_FROM_HUMAN_LEADER_JADWIGA_ANY">
      <Text>Elbette dostluğunuzu kabul edeceğiz. Siz bu dünyada iyiliğin parlayan bir örneğisiniz.</Text>
    </Row>
    <Row Tag="LOC_DIPLO_REJECT_DECLARE_FRIEND_FROM_HUMAN_LEADER_JADWIGA_ANY">
      <Text>Arkadaşlık teklifinizi alçakgönüllülükle reddediyorum. Şu anda Tanrı'nın isteği bu değil.</Text>
    </Row>
    <Row Tag="LOC_DIPLO_DECLARE_FRIEND_FROM_AI_LEADER_JADWIGA_ANY">
      <Text>Ulusunuz bizim için bir kardeş gibidir. Dostluğumuzu resmen ilan edelim.</Text>
    </Row>
    <Row Tag="LOC_DIPLO_ACCEPT_DECLARE_FRIEND_FROM_AI_LEADER_JADWIGA_ANY">
      <Text>Çok iyi.</Text>
    </Row>
    <Row Tag="LOC_DIPLO_REJECT_DECLARE_FRIEND_FROM_AI_LEADER_JADWIGA_ANY">
      <Text>Bu hakareti görmezden geleceğim.</Text>
    </Row>
    <Row Tag="LOC_DIPLO_DECLARE_WAR_FROM_HUMAN_LEADER_JADWIGA_ANY">
      <Text>Böylece gerçek doğanızı ortaya koyarsınız: otların arasında yatan bir yılan... kolayca ezilir.</Text>
    </Row>
    <Row Tag="LOC_DIPLO_DECLARE_WAR_FROM_AI_LEADER_JADWIGA_ANY">
      <Text>Polonya'nın çıkarlarını korumalıyım. Çabuk teslim olun ki bu iş kan dökülmeden bitsin.</Text>
    </Row>
    <Row Tag="LOC_DIPLO_ACCEPT_DELEGATION_FROM_HUMAN_LEADER_JADWIGA_ANY">
      <Text>Ticaret heyetinizi ve hediyelerinizi aldık. Onlara onur konuğu olarak muamele edilecektir.</Text>
    </Row>
    <Row Tag="LOC_DIPLO_REJECT_DELEGATION_FROM_HUMAN_LEADER_JADWIGA_ANY">
      <Text>Heyetinizi kibarca reddediyoruz.</Text>
    </Row>
    <Row Tag="LOC_DIPLO_DELEGATION_FROM_AI_LEADER_JADWIGA_ANY">
      <Text>Size pisanki hediyeleriyle birlikte bir ticaret heyeti gönderdim. Kutsanmışlardır ve artık pagan geleneğinin bir parçası değildirler.</Text>
    </Row>
    <Row Tag="LOC_DIPLO_DENOUNCE_FROM_HUMAN_LEADER_JADWIGA_ANY">
      <Text>Ben Tanrı'nın saf ve alçakgönüllü bir hizmetkarıyım. Vicdanım temizdir. Saklayacak hiçbir şeyim yok.</Text>
    </Row>
    <Row Tag="LOC_DIPLO_DENOUNCE_FROM_AI_LEADER_JADWIGA_ANY">
      <Text>Kötülük uzun süre gizli kalamaz. Tanrı onu her zaman gün ışığına çıkaracaktır. (Sizi kınıyor).</Text>
    </Row>
    <Row Tag="LOC_DIPLO_FIRST_MEET_LEADER_JADWIGA_ANY">
      <Text>Tanrı tarafından kutsanmış bir buluşma, eminim. Ben Büyük Polonya Kralı Jadwiga. Evet, bir kral.</Text>
    </Row>
    <Row Tag="LOC_DIPLO_FIRST_MEET_VISIT_RECIPIENT_LEADER_JADWIGA_ANY">
      <Text>Sizi naçizane onur konuğumuz olmaya ve yakınımızdaki şehrimizde bize katılmaya davet ediyorum. Eğlenebileceğimiz şenlikli bir halk dansı var.</Text>
    </Row>
    <Row Tag="LOC_DIPLO_FIRST_MEET_NEAR_INITIATOR_POSITIVE_LEADER_JADWIGA_ANY">
      <Text>Evet, teklifinizi kabul ediyorum.</Text>
    </Row>
    <Row Tag="LOC_DIPLO_FIRST_MEET_NO_MANS_INFO_EXCHANGE_LEADER_JADWIGA_ANY">
      <Text>Bana başkentinizden bahsedin. Elbette, dilerseniz size Polonya'nınkini de anlatmaktan mutluluk duyarım.</Text>
    </Row>
    <Row Tag="LOC_DIPLO_GREETING_LEADER_JADWIGA_ANY">
      <Text>Memnun oldum.</Text>
    </Row>
    <Row Tag="LOC_DIPLO_KUDO_EXIT_LEADER_JADWIGA_ANY">
      <Text>Tanrı'nın bilgeliğini bulduğunuzu ve bunu dünyayla paylaştığınızı görüyorum. Güzel.</Text>
    </Row>
    <Row Tag="LOC_DIPLO_KUDO_LEADER_JADWIGA_REASON_ANY">
      <Text>(Güçlü [ICON_Faith] İnanç çıktınız var)</Text>
    </Row>
    <Row Tag="LOC_DIPLO_WARNING_EXIT_LEADER_JADWIGA_ANY">
      <Text>Her gün ruhunuz için dua ediyorum, Tanrı'nın bilgeliğini bulmanız için.</Text>
    </Row>
    <Row Tag="LOC_DIPLO_WARNING_LEADER_JADWIGA_REASON_ANY">
      <Text>(Zayıf İnanç çıkışınız var.)</Text>
    </Row>
    <Row Tag="LOC_DIPLO_MAKE_ALLIANCE_FROM_AI_LEADER_JADWIGA_ANY">
      <Text>Bir ittifak kurmak ister misiniz?</Text>
    </Row>
    <Row Tag="LOC_DIPLO_MAKE_PEACE_AI_ACCEPT_DEAL_LEADER_JADWIGA_ANY">
      <Text>Ben bu savaşı hiç istemedim. Ben sadece aramızda barış istiyorum.</Text>
    </Row>
    <Row Tag="LOC_DIPLO_MAKE_PEACE_AI_REFUSE_DEAL_LEADER_JADWIGA_ANY">
      <Text>Kesinlikle olmaz.</Text>
    </Row>
    <Row Tag="LOC_DIPLO_MAKE_PEACE_FROM_AI_LEADER_JADWIGA_ANY">
      <Text>Tanrı'nın isteğini gördüm ve bu kan dökülmesine son vermek. Ne diyorsunuz?</Text>
    </Row>
    <Row Tag="LOC_DIPLO_ACCEPT_OPEN_BORDERS_FROM_HUMAN_LEADER_JADWIGA_ANY">
      <Text>Halkınızı Polonya'ya bekliyoruz. Güzel ülkemizdeki seyahatlerinizin tadını çıkarın.</Text>
    </Row>
    <Row Tag="LOC_DIPLO_REJECT_OPEN_BORDERS_FROM_HUMAN_LEADER_JADWIGA_ANY">
      <Text>Bu sınırlar kutsaldır ve Tanrı tarafından korunur. Buna izin veremem.</Text>
    </Row>
    <Row Tag="LOC_DIPLO_OPEN_BORDERS_FROM_AI_LEADER_JADWIGA_ANY">
      <Text>Halkımın ülkenizden geçmesi gerekiyor. Eğer geçmelerine izin verirseniz, yasalarınıza itaat edeceklerdir.</Text>
    </Row>
    <Row Tag="LOC_DIPLO_WARNING_TOO_MANY_TROOPS_NEAR_ME_LEADER_JADWIGA_ANY">
      <Text>Ordularınız fark edilmedi değil. Lütfen onları huzurumuzdan uzaklaştırın.</Text>
    </Row>
    <Row Tag="LOC_DIPLO_DEFEAT_FROM_AI_LEADER_JADWIGA_ANY">
      <Text>Hayır, Tanrı'nın hizmetinden ayrılmaya hazır değilim. Onun iyi işine daha yeni başlıyorum!</Text>
    </Row>
    <Row Tag="LOC_DIPLO_REJECT_MAKE_DEAL_FROM_AI_LEADER_JADWIGA_ANY">
      <Text>Bu rahatsız edici.</Text>
    </Row>
    <Row Tag="LOC_DIPLO_ACCEPT_MAKE_DEAL_FROM_AI_LEADER_JADWIGA_ANY">
      <Text>Çok teşekkür ederim.</Text>
    </Row>
    <Row Tag="LOC_DIPLO_MODIFIER_SAINT_HIGH_FAITH">
      <Text>Jadwiga çok sayıda İnanç kazanmanızdan memnun</Text>
    </Row>
    <Row Tag="LOC_DIPLO_MODIFIER_SAINT_LOW_FAITH">
      <Text>Jadwiga fazla kazanamadığın için hayal kırıklığına uğradı İnanç</Text>
    </Row>
    <Row Tag="LOC_ABILITY_PUSHBACK_DESCRIPTION">
      <Text>Savunan düşman birimlerini, daha fazla hasar verdikleri herhangi bir savaşta bulundukları hex'ten geri iter.</Text>
    </Row>
  </BaseGameText>
</GameData>