﻿<?xml version="1.0" encoding="utf-8"?>
<GameData>
  <EnglishText>
    <!-- Standard modifiers -->
    <Row Tag="LOC_DIPLO_MODIFIER_CHANDRAGUPTA_NEIGHBOR">
      <Text>Chandragupta, imparatorluğunuzun onunkine yakın olmasından hoşnut değil.</Text>
    </Row>
    <Row Tag="LOC_DIPLO_MODIFIER_CHANDRAGUPTA_NOT_NEIGHBOR">
      <Text>Chandragupta, İmparatorluğunuzun onunkinden uzak olmasından memnun.</Text>
    </Row>
    <Row Tag="LOC_DIPLO_MODIFIER_CHEOMSEONGDAE_HIGH_SCIENCE">
      <Text>Seondeok Bilim Alanındaki Çabalarınızdan Memnun</Text>
    </Row>
    <Row Tag="LOC_DIPLO_MODIFIER_CHEOMSEONGDAE_LOW_SCIENCE">
      <Text>Seondeok bilimi görmezden geldiğiniz için hayal kırıklığına uğradı</Text>
    </Row>
    <Row Tag="LOC_DIPLO_MODIFIER_FLOWER_SCOTLAND_PEACEFUL">
      <Text>Robert the Bruce komşularınızla barışı koruduğunuz için memnun.</Text>
    </Row>
    <Row Tag="LOC_DIPLO_MODIFIER_FLOWER_SCOTLAND_WARLIKE">
      <Text>Robert the Bruce komşularınızla kavga etmenizden dehşete düşmüş.</Text>
    </Row>
    <Row Tag="LOC_DIPLO_MODIFIER_IRON_CONFEDERACY_MANY_ALLIANCES">
      <Text>Poundmaker ittifak kurmanızı onaylıyor</Text>
    </Row>
    <Row Tag="LOC_DIPLO_MODIFIER_IRON_CONFEDERACY_FEW_ALLIANCES">
      <Text>Poundmaker bu kadar az ittifaka katıldığınız için mutsuz.</Text>
    </Row>
    <Row Tag="LOC_DIPLO_MODIFIER_NARIKALA_FORTRESS_HIGH_WALLS">
      <Text>Tamar şehirlerinizi güçlendirdiğiniz için mutlu</Text>
    </Row>
    <Row Tag="LOC_DIPLO_MODIFIER_NARIKALA_FORTRESS_LOW_WALLS">
      <Text>Tamar kentlerinizdeki surların eksikliğinden dehşete düşüyor.</Text>
    </Row>
    <Row Tag="LOC_DIPLO_MODIFIER_SPIRIT_OF_TUCAPEL_GAINING_CITIES">
      <Text>Lautaro sadakat yoluyla toprak kazanmayı onaylıyor</Text>
    </Row>
    <Row Tag="LOC_DIPLO_MODIFIER_SPIRIT_OF_TUCAPEL_LOSING_CITIES">
      <Text>Lautaro halkının sadakatini sağlayamayanlardan hoşlanmaz</Text>
    </Row>
  </EnglishText>
</GameData>