﻿<?xml version="1.0" encoding="utf-8"?>
<GameData>
  <EnglishText>
    <Row Tag="LOC_DISTRICT_GOVERNMENT_NAME">
      <Text>Hükümet Meydanı</Text>
    </Row>
    <Row Tag="LOC_DISTRICT_WATER_ENTERTAINMENT_COMPLEX_NAME">
      <Text>Su Parkı</Text>
    </Row>
    <Row Tag="LOC_DISTRICT_GOVERNMENT_DESCRIPTION">
      <Text>Hükümet seçimlerinizi anmak için imparatorluğunuza bir kez yerleştirilen bir bölge. Bu şehre her turda +8 Sadakat ve herhangi bir komşu bölge tarafından kazanılan bitişiklik bonuslarına +1 artış sağlar. Ödüller +1 [Icon_Governor] Vali Unvanı.</Text>
    </Row>
    <Row Tag="LOC_DISTRICT_WATER_ENTERTAINMENT_COMPLEX_DESCRIPTION">
      <Text>Kıyı karosunda yer alan ve [ICON_Amenities] olanakları artırarak halkınızı mutlu etmeye adanmış bir bölge. Eğlence Kompleksi olan bir şehirde inşa edilemez. Resif üzerine inşa edilemez.</Text>
    </Row>
    <Row Tag="LOC_DISTRICT_COMMERCIAL_HUB_EXPANSION1_DESCRIPTION">
      <Text>Şehrinizde finans ve ticaret konusunda uzmanlaşmış bir bölge.</Text>
    </Row>
    <Row Tag="LOC_DISTRICT_HARBOR_EXPANSION1_DESCRIPTION">
      <Text>Şehrinizdeki denizcilik faaliyetleri için bir bölge. Ayrıca bu kareye giriş ve çıkış için [ICON_Movement] Hareket cezasını da kaldırır. Karaya bitişik Sahil veya Göl Arazisi üzerine inşa edilmelidir. Resif üzerine inşa edilemez.</Text>
    </Row>
    <Row Tag="LOC_DISTRICT_ENTERTAINMENT_COMPLEX_EXPANSION1_DESCRIPTION">
      <Text>Şehrinizde, [ICON_Amenities] olanakları artırarak halkınızı mutlu etmeye adanmış bir bölge. Su Parkı olan bir şehirde inşa edilemez.</Text>
    </Row>
    <Row Tag="LOC_DISTRICT_RIVER_CULTURE">
      <Text>+{1_num} [ICON_Culture] Komşu Nehirden kültür.</Text>
    </Row>
    <Row Tag="LOC_DISTRICT_RIVER_PRODUCTION">
      <Text>+{1_num} [ICON_Production] Bitişik Nehirden Üretim.</Text>
    </Row>
    <Row Tag="LOC_DISTRICT_RIVER_SCIENCE">
      <Text>+{1_num} [ICON_Science] Bitişik Nehirden Bilim.</Text>
    </Row>
    <Row Tag="LOC_DISTRICT_RIVER_FAITH">
      <Text>+{1_num} [ICON_Faith] Komşu Nehirden gelen inanç.</Text>
    </Row>
    <Row Tag="LOC_DISTRICT_BASE_DISTRICT_SCIENCE">
      <Text>+{1_num} [ICON_Science] Bilim.</Text>
    </Row>
    <Row Tag="LOC_DISTRICT_NEGATIVE_DISTRICT_SCIENCE">
      <Text>{1_num: number +#,###;-#,###} [ICON_Science] Bitişik bölgelerden bilim.</Text>
    </Row>
    <Row Tag="LOC_DISTRICT_GOVERNMENT_CULTURE">
      <Text>+{1_num} [ICON_Culture] Bitişikteki Hükümet Meydanından kültür.</Text>
    </Row>
    <Row Tag="LOC_DISTRICT_GOVERNMENT_FAITH">
      <Text>+{1_num} [ICON_Faith] Bitişikteki Hükümet Meydanından gelen inanç.</Text>
    </Row>
    <Row Tag="LOC_DISTRICT_GOVERNMENT_GOLD">
      <Text>+{1_num} [ICON_Gold] Bitişikteki Hükümet Meydanından altın.</Text>
    </Row>
    <Row Tag="LOC_DISTRICT_GOVERNMENT_PRODUCTION">
      <Text>+{1_num} [ICON_Production] Bitişikteki Hükümet Meydanından üretim.</Text>
    </Row>
    <Row Tag="LOC_DISTRICT_GOVERNMENT_SCIENCE">
      <Text>+{1_num} [ICON_Science] Bitişikteki Hükümet Meydanından bilim.</Text>
    </Row>
    <!-- Projects -->
    <Row Tag="LOC_PROJECT_WATER_CARNIVAL_NAME">
      <Text>Karnaval</Text>
    </Row>
    <Row Tag="LOC_PROJECT_WATER_CARNIVAL_SHORT_NAME">
      <Text>Karnaval (Kıyı)</Text>
    </Row>
    <Row Tag="LOC_PROJECT_WATER_CARNIVAL_DESCRIPTION">
      <Text>Aktif olduğunda +1 [ICON_Amenities] Amenity ve tamamlandığında [ICON_GreatEngineer] Büyük Mühendisler, [ICON_GreatMerchant] Büyük Tüccarlar, [ICON_GreatWriter] Büyük Yazarlar, [ICON_GreatArtist] Büyük Sanatçılar ve [ICON_GreatMusician] Büyük Müzisyenler için [ICON_GreatPerson] Büyük Kişi Puanı sağlayan Brezilya'nın eşsiz projesi.</Text>
    </Row>
    <Row Tag="LOC_PROJECT_BREAD_AND_CIRCUSES_NAME">
      <Text>Ekmek ve Sirkler</Text>
    </Row>
    <Row Tag="LOC_PROJECT_BREAD_AND_CIRCUSES_SHORT_NAME">
      <Text>Ekmek ve Sirkler</Text>
    </Row>
    <Row Tag="LOC_PROJECT_WATER_BREAD_AND_CIRCUSES_SHORT_NAME">
      <Text>Ekmek ve Sirkler (Kıyı)</Text>
    </Row>
    <Row Tag="LOC_PROJECT_BREAD_AND_CIRCUSES_DESCRIPTION">
      <Text>Bu şehrin kendisine ve yakınındaki diğer şehirlere uyguladığı Sadakat baskısını artıran şehir projesi.[NEWLINE][NEWLINE]Aktifken, buradaki [ICON_Citizen] Vatandaşlarınızın her biri bu şehre +0,5 Sadakat baskısı uygular. Bu baskı 9 karo içindeki diğer şehirleri de etkiler, ancak karo başına %10 daha az etkilidir. Tamamlandığında, bu şehirde anında +20 Sadakat kazanırsınız.[NEWLINE][NEWLINE]Gerektirir: Eğlence Kompleksi bölgesi.</Text>
    </Row>
    <Row Tag="LOC_PROJECT_BREAD_AND_CIRCUSES_DESCRIPTION_ALT">
      <Text>Bu şehrin kendisine ve yakınındaki diğer şehirlere uyguladığı Sadakat baskısını artıran şehir projesi.[NEWLINE][NEWLINE]Aktifken, buradaki [ICON_Citizen] Vatandaşlarınızın her biri bu şehre +1 Sadakat baskısı uygular. Bu baskı 9 karo içindeki diğer şehirleri de etkiler, ancak karo başına %10 daha az etkilidir. Tamamlandığında, bu şehirde anında +20 Sadakat kazanırsınız.[NEWLINE][NEWLINE]Gerektirir: Su Parkı bölgesi.</Text>
    </Row>
    <!-- Updates to base game Districts -->
    <Row Tag="LOC_DISTRICT_ENTERTAINMENT_COMPLEX_DESCRIPTION">
      <Text>Şehrinizde, [ICON_Amenities] olanakları artırarak halkınızı mutlu etmeye adanmış bir bölge.</Text>
    </Row>
    <Row Tag="LOC_DISTRICT_STREET_CARNIVAL_DESCRIPTION">
      <Text>Brezilya'ya özgü bir bölge. Eğlence Kompleksi bölgesinin yerini alır ve +2 [ICON_Amenities] Kolaylık sağlar ve inşa etmesi daha ucuzdur. Ayrıca Karnaval projesinin kilidini açar, bu proje devam ederken +1 [ICON_Amenities] ek Kolaylık ve tamamlandığında çeşitli [ICON_GreatPerson] Harika İnsanlar puanı verir.</Text>
    </Row>
  </EnglishText>
</GameData>