﻿<?xml version="1.0" encoding="utf-8"?>
<GameData>
  <EnglishText>
    <!-- Government Buildings -->
    <Row Tag="LOC_BUILDING_GOV_TALL_NAME">
      <Text>Seyirci Odası</Text>
    </Row>
    <Row Tag="LOC_BUILDING_GOV_WIDE_NAME">
      <Text>Atalarımızın Salonu</Text>
    </Row>
    <Row Tag="LOC_BUILDING_GOV_CONQUEST_NAME">
      <Text>Savaş Lordu'nun Tahtı</Text>
    </Row>
    <Row Tag="LOC_BUILDING_GOV_FAITH_NAME">
      <Text>Büyük Üstat Şapeli</Text>
    </Row>
    <Row Tag="LOC_BUILDING_GOV_CITYSTATES_NAME">
      <Text>Dışişleri Bakanlığı</Text>
    </Row>
    <Row Tag="LOC_BUILDING_GOV_SPIES_NAME">
      <Text>İstihbarat Teşkilatı</Text>
    </Row>
    <Row Tag="LOC_BUILDING_GOV_MILITARY_NAME">
      <Text>Savaş Bakanlığı</Text>
    </Row>
    <Row Tag="LOC_BUILDING_GOV_CULTURE_NAME">
      <Text>Ulusal Tarih Müzesi</Text>
    </Row>
    <Row Tag="LOC_BUILDING_GOV_SCIENCE_NAME">
      <Text>Kraliyet Topluluğu</Text>
    </Row>
    <Row Tag="LOC_BUILDING_GOV_TALL_DESCRIPTION">
      <Text>[ICON_Governor] Valisi olan Şehirlerde +2 [ICON_Amenities] İmkan ve +4 [ICON_Housing] Konut [NEWLINE]-2 Valisi olmayan Şehirlerde [ICON_Governor] Sadakat [NEWLINE]Ödüller +1 [Icon_Governor] Vali Unvanı.</Text>
    </Row>
    <Row Tag="LOC_BUILDING_GOV_WIDE_DESCRIPTION">
      <Text>50 artırılmış [ICON_Production] Bu şehirdeki Yerleşimcilere yönelik üretim. [NEWLINE]Yeni şehirler ücretsiz bir İnşaatçı alır. [NEWLINE]Ödüller +1 [Icon_Governor] Vali Unvanı.</Text>
    </Row>
    <Row Tag="LOC_BUILDING_GOV_CONQUEST_DESCRIPTION">
      <Text>Bir düşman Şehri ele geçirmek, 5 tur boyunca tüm Şehirlerde %20 bonus [ICON_Production] Üretim sağlar [NEWLINE]+1 [Icon_Governor] Vali Unvanı verir.</Text>
    </Row>
    <Row Tag="LOC_BUILDING_GOV_CITYSTATES_DESCRIPTION">
      <Text>Şehir Devletlerini Kaldıraçlamak yarım [ICON_Gold] Altına mal olur. [NEWLINE]Şehir Devletinin Suzerain'i iseniz Şehir Devleti birimleri +4 [ICON_Strength] Savaş Gücü kazanır (Kaldıraçlı Birimler dahil). [NEWLINE]+1 [Icon_Governor] Vali Unvanı verir.</Text>
    </Row>
    <Row Tag="GOV_CITYSTATES_LEVIED_COMBAT_STRENGTH_DESCRIPTION">
      <Text>Dışişleri Bakanlığı'ndan +4</Text>
    </Row>
    <Row Tag="GOV_CITYSTATES_COMBAT_STRENGTH_DESCRIPTION">
      <Text>Dışişleri Bakanlığı'ndan +4</Text>
    </Row>
    <Row Tag="LOC_BUILDING_GOV_SPIES_DESCRIPTION">
      <Text>+1 Casus ve Casus kapasitesi.[NEWLINE]Tüm Casus Operasyonlarının başarı şansı daha yüksektir.[NEWLINE]Ödüller +1 [Icon_Governor] Vali Unvanı.</Text>
    </Row>
    <Row Tag="LOC_BUILDING_GOV_FAITH_DESCRIPTION">
      <Text>[ICON_Faith] İnanç ile arazi birimleri satın alma yeteneği verir. [NEWLINE]İyileştirmeleri ve Bölgeleri yağmalamak bonus [ICON_Faith] İnanç sağlar. [NEWLINE]+1 [Icon_Governor] Vali Unvanı verir.</Text>
    </Row>
    <Row Tag="LOC_BUILDING_GOV_MILITARY_DESCRIPTION">
      <Text>Tüm birimler bir birimi ortadan kaldırdıklarında 20 can puanına kadar iyileşir.[NEWLINE]Ödüller +1 [Icon_Governor] Vali Unvanı.</Text>
    </Row>
    <Row Tag="LOC_BUILDING_GOV_CULTURE_DESCRIPTION">
      <Text>Herhangi bir Büyük Eser için 4 slot sağlar.[NEWLINE]Ödüller +1 [Icon_Governor] Vali Unvanı.</Text>
    </Row>
    <Row Tag="LOC_BUILDING_GOV_SCIENCE_DESCRIPTION">
      <Text>İnşaatçılar, bir Bölge Projesine bonus [ICON_Production] Üretim sağlamak için tüm masraflarını kullanma yeteneği kazanır. Her turda şehir başına bir kez. [NEWLINE]+1 [Icon_Governor] Vali Unvanı verir.</Text>
    </Row>
    <!-- Water Entertainment Complex Buildings -->
    <Row Tag="LOC_BUILDING_FERRIS_WHEEL_NAME">
      <Text>Dönme Dolap</Text>
    </Row>
    <Row Tag="LOC_BUILDING_FERRIS_WHEEL_DESCRIPTION">
      <Text>+2 [ICON_Tourism] Turizm.</Text>
    </Row>
    <Row Tag="LOC_BUILDING_AQUARIUM_NAME">
      <Text>Akvaryum</Text>
    </Row>
    <Row Tag="LOC_BUILDING_AQUARIUM_DESCRIPTION">
      <Text>Bonus [ICON_Amenities] Dostluk, 9 karo içindeki her şehir merkezine yayılır. Bu bonus bir şehir için bir kez geçerlidir ve bir şehir merkezinin 9 karesi içinde bu binanın birden fazla kopyası ek bonus sağlamaz. +1 [ICON_SCIENCE] Bu şehirdeki her kıyı kaynağı, Gemi Enkazı ve Resif karosuna bilim.</Text>
    </Row>
    <Row Tag="LOC_BUILDING_AQUATICS_CENTER_NAME">
      <Text>Su Sporları Merkezi</Text>
    </Row>
    <Row Tag="LOC_BUILDING_AQUATICS_CENTER_DESCRIPTION">
      <Text>Bonus [ICON_Amenities] Olanaklar 9 karo içindeki her şehir merkezine yayılır. Bu bonus bir şehir için bir kez geçerlidir ve bir şehir merkezinin 9 karesi içinde bu binanın birden fazla kopyası ek bonus sağlamaz. +2 [ICON_Tourism] Bu şehirde bir Sahil karesi üzerinde veya bitişiğinde inşa edilen her Mucize için turizm.</Text>
    </Row>
    <Row Tag="LOC_BUILDING_ARENA_EXPANSION1_DESCRIPTION">
      <Text>1 [ICON_TOURISM] Koruma Siviline ilerledikten sonra turizm sağlar.</Text>
    </Row>
    <Row Tag="LOC_BUILDING_TLACHTLI_EXPANSION1_DESCRIPTION">
      <Text>1 [ICON_TOURISM] Koruma Siviline ilerledikten sonra turizm sağlar.</Text>
    </Row>
    <Row Tag="LOC_BUILDING_ZOO_EXPANSION1_DESCRIPTION">
      <Text>Bonus [ICON_Amenities] Dostluk, 6 karo içindeki her şehir merkezine yayılır. Bu bonus bir şehir için bir kez geçerlidir ve bir şehir merkezinin 6 karesi içinde bu binanın birden fazla kopyası ek bonus sağlamaz. +1 [ICON_SCIENCE] Bu şehirdeki her Yağmur Ormanı ve Bataklık karesine Bilim.</Text>
    </Row>
    <Row Tag="LOC_BUILDING_STADIUM_EXPANSION1_DESCRIPTION">
      <Text>Bonus [ICON_Amenities] Olanaklar 6 karo içindeki her şehir merkezine yayılır. Bu bonus bir şehir için bir kez geçerlidir ve bir şehir merkezinin 6 karesi içinde bu binanın birden fazla kopyası ek bonus sağlamaz. Şehir [ICON_CITIZEN] nüfusu 10 veya daha yüksekse +2 [ICON_Tourism] Turizm, şehir [ICON_CITIZEN] nüfusu 20 veya daha yüksekse +5 [ICON_Tourism] Turizm.</Text>
    </Row>
    <!-- Neighborhood Buildings -->
    <Row Tag="LOC_BUILDING_FOOD_MARKET_NAME">
      <Text>Gıda Pazarı</Text>
    </Row>
    <Row Tag="LOC_BUILDING_FOOD_MARKET_DESCRIPTION">
      <Text>Şehirde birden fazla Mahalle olsa bile bir şehirde yalnızca bir kez inşa edilebilir.</Text>
    </Row>
    <Row Tag="LOC_BUILDING_SHOPPING_MALL_NAME">
      <Text>Alışveriş Merkezi</Text>
    </Row>
    <Row Tag="LOC_BUILDING_SHOPPING_MALL_DESCRIPTION">
      <Text>+4 [ICON_Tourism] Turizm. Şehirde birden fazla Mahalle olsa bile bir şehirde yalnızca bir kez inşa edilebilir.</Text>
    </Row>
    <!-- Wonders -->
    <Row Tag="LOC_BUILDING_AMUNDSEN_SCOTT_RESEARCH_STATION_NAME">
      <Text>Amundsen-Scott Araştırma İstasyonu</Text>
    </Row>
    <Row Tag="LOC_BUILDING_AMUNDSEN_SCOTT_RESEARCH_STATION_DESCRIPTION">
      <Text>Tüm şehirlerde +%20 [ICON_SCIENCE] Bilim ve %10 [ICON_PRODUCTION] Üretim. Bir şehrin 3 karesi içinde bu oyuncunun sahip olduğu 5 Kar veya Kar Tepesi karesi varsa bu verim iki katına çıkar. Bir Kar veya Kar Tepeleri karesi üzerinde Araştırma Laboratuvarı bulunan bir Kampüsün yanına inşa edilmelidir.</Text>
    </Row>
    <Row Tag="LOC_BUILDING_CASA_DE_CONTRATACION_NAME">
      <Text>Casa de Contratación</Text>
    </Row>
    <Row Tag="LOC_BUILDING_CASA_DE_CONTRATACION_DESCRIPTION">
      <Text>3 [ICON_Governor] Vali terfisi kazanın.  Orijinal [ICON_Capital] Başkentinizin kıtasında olmayan ve [ICON_Governor] Valisi olan tüm şehirleriniz +%15 [ICON_Production] Üretim, +%15 [ICON_Faith] İnanç ve +%15 [ICON_Gold] Altın kazanır. Bir Hükümet Meydanına bitişik olarak inşa edilmelidir.</Text>
    </Row>
    <Row Tag="LOC_BUILDING_COLOSSEUM_DESCRIPTION">
      <Text>Kolezyum'un [ICON_Culture] Kültürü ve [ICON_Amenities] Kolaylıkları 6 karo içindeki her şehir merkezine genişletilir. Bir Eğlence Kompleksi bölgesine bitişik düz bir arazi üzerine inşa edilmelidir.</Text>
    </Row>
    <Row Tag="LOC_BUILDING_GREAT_LIBRARY_DESCRIPTION">
      <Text>Tüm Antik ve Klasik dönem teknolojilerinde destek alın. Kütüphane bulunan bir Kampüs bölgesine bitişik düz bir arazi üzerine inşa edilmelidir.</Text>
    </Row>
    <Row Tag="LOC_BUILDING_KILWA_KISIWANI_NAME">
      <Text>Kilwa Kisiwani</Text>
    </Row>
    <Row Tag="LOC_BUILDING_KILWA_KISIWANI_DESCRIPTION">
      <Text>İnşa edildiğinde +3 [ICON_ENVOY] Elçi. Bir Şehir Devletinin Suzerain'i olduğunuzda, bu şehir o Şehir Devleti tarafından sağlanan Tür bonuslarına +%15 destek alır. Bu türden 2 veya daha fazla Şehir Devletinin Suzerain'i iseniz, tüm şehirlerinize ek +%15 destek verilir. Sahile bitişik düz bir karo üzerine inşa edilmelidir.</Text>
    </Row>
    <Row Tag="LOC_BUILDING_KOTOKU_IN_NAME">
      <Text>Kotoku-in</Text>
    </Row>
    <Row Tag="LOC_BUILDING_KOTOKU_IN_DESCRIPTION">
      <Text>Bu şehirde +%20 [ICON_Faith] İnanç. 4 Savaşçı Keşiş verir.[NEWLINE][NEWLINE]Tapınağı olan bir Kutsal Alan bölgesine bitişik inşa edilmelidir. Savaşçı Keşişler sadece oyuncu bir din kurmuşsa veya bu oyuncu veya şehir için çoğunluk dini varsa alınabilir.</Text>
    </Row>
    <Row Tag="LOC_BUILDING_ST_BASILS_CATHEDRAL_NAME">
      <Text>Aziz Basil Katedrali</Text>
    </Row>
    <Row Tag="LOC_BUILDING_ST_BASILS_CATHEDRAL_DESCRIPTION">
      <Text>Bu şehirden +%100 [ICON_Tourism] Dini Turizm. Bu şehir için tüm Tundra karelerinde +1 [ICON_Food] Gıda, +1 [ICON_Production] Üretim ve +1 [ICON_Culture] Kültür. Bir Şehir Merkezine bitişik olarak inşa edilmelidir.</Text>
    </Row>
    <Row Tag="LOC_BUILDING_STATUE_LIBERTY_NAME">
      <Text>Özgürlük Heykeli</Text>
    </Row>
    <Row Tag="LOC_BUILDING_STATUE_LIBERTY_DESCRIPTION">
      <Text>2 Yerleşimci verir. 6 karo içindeki tüm şehirleriniz her zaman %100 Sadıktır. Sahilde, karaya ve bir Liman bölgesine bitişik olarak inşa edilmelidir.</Text>
    </Row>
    <Row Tag="LOC_BUILDING_TAJ_MAHAL_NAME">
      <Text>Tac Mahal</Text>
    </Row>
    <Row Tag="LOC_BUILDING_TAJ_MAHAL_DESCRIPTION">
      <Text>Bu mucize tamamlandıktan sonra kazanılan Tarihi An'dan +1 Çağ Puanı, eğer bu An genellikle 2 veya daha fazla Çağ Puanı değerindeyse. Bir Nehrin yanına inşa edilmelidir.</Text>
    </Row>
    <Row Tag="LOC_BUILDING_TEMPLE_ARTEMIS_NAME">
      <Text>Artemis Tapınağı</Text>
    </Row>
    <Row Tag="LOC_BUILDING_TEMPLE_ARTEMIS_DESCRIPTION">
      <Text>Bu harikanın 4 karesi içindeki her Kamp, Mera ve Plantasyon iyileştirmesi +1 [ICON_AMENITIES] Kolaylık sağlar. Bir Kamp iyileştirmesine bitişik yerleştirilmelidir.</Text>
    </Row>
    <!-- Trade balance changes -->
    <Row Tag="LOC_BUILDING_MARKET_EXPANSION1_DESCRIPTION">
      <Text>+1 [ICON_TradeRoute] Ticaret Yolu kapasitesi, eğer bu şehirde henüz bir Deniz Feneri binası yoksa.</Text>
    </Row>
    <Row Tag="LOC_BUILDING_LIGHTHOUSE_EXPANSION1_DESCRIPTION">
      <Text>Bu şehirde eğitilen tüm deniz birimleri için +%25 savaş deneyimi. +1 [ICON_FOOD] Bu şehir için tüm Sahil karolarında yiyecek. +1 [ICON_TradeRoute] Ticaret Yolu kapasitesi, eğer bu şehirde henüz bir Pazar binası yoksa.</Text>
    </Row>
    <!-- Other balance changes -->
    <Row Tag="LOC_BUILDING_MONUMENT_EXPANSION1_DESCRIPTION">
      <Text>Bu şehirde her tur +1 Sadakat sağlar. Şehir zaten maksimum Sadakate sahipse, ek olarak +1 [ICON_Culture] Kültür sağlar.</Text>
    </Row>
  </EnglishText>
</GameData>