﻿<?xml version="1.0" encoding="utf-8"?>
<GameData>
  <EnglishText>
    <!-- Admirals -->
    <Row Tag="LOC_GREATPERSON_THEMISTOCLES_ACTIVE">
      <Text>Anında bir Quadrireme birimi oluşturur.</Text>
    </Row>
    <Row Tag="LOC_GREAT_PERSON_INDIVIDUAL_FERDINAND_MAGELLAN_NAME">
      <Text>Ferdinand Magellan</Text>
    </Row>
    <Row Tag="LOC_GREATPERSON_FERDINAND_MAGELLAN_ACTIVE">
      <Text>Bu şehir için tur başına +4 Sadakat verir.</Text>
    </Row>
    <Row Tag="LOC_GREATPERSON_TOGO_HEIHACHIRO_ACTIVE">
      <Text>Bir askeri donanma birimine 1 terfi seviyesi ve +%75 savaş deneyimi kazandırır.</Text>
    </Row>
    <!-- Engineers -->
    <Row Tag="LOC_GREATPERSON_CULTURE_BOMB_TRIGGER_INDUSTRIAL_ZONE">
      <Text>Herhangi bir şehirde bir Sanayi Bölgesini tamamlarken bitişik karoları Kültür Bombası.</Text>
    </Row>
    <!-- Generals -->
    <Row Tag="LOC_GREATPERSON_AETHELFLAED_ACTIVE">
      <Text>Anında bir Şövalye birimi oluşturur.</Text>
    </Row>
    <Row Tag="LOC_GREATPERSON_SAMORI_TURE_ACTIVE">
      <Text>Anında 1 terfi seviyesine sahip bir Piyade birimi oluşturur.</Text>
    </Row>
    <Row Tag="LOC_GREATPERSON_SIMON_BOLIVAR_ACTIVE">
      <Text>Kazanç {Amount} [ICON_Envoy] {Amount : plural 1?Envoy; other?Envoys;}.</Text>
    </Row>
    <Row Tag="LOC_GREATPERSON_SUDIRMAN_ACTIVE">
      <Text>Bir askeri kara birimine 1 terfi seviyesi ve +%100 savaş deneyimi kazandırır.</Text>
    </Row>
    <Row Tag="LOC_GREAT_PERSON_INDIVIDUAL_TIMUR_NAME">
      <Text>Timur</Text>
    </Row>
    <Row Tag="LOC_GREATPERSON_TIMUR_ACTIVE">
      <Text>Bir askeri kara birimine 1 terfi seviyesi ve +%25 savaş deneyimi kazandırır.</Text>
    </Row>
    <!-- Merchants -->
    <Row Tag="LOC_GREATPERSON_GOVERNOR_POINTS">
      <Text>1 [ICON_Governor] Vali Unvanı verin veya yeni bir [ICON_Governor] Vali işe alın.</Text>
    </Row>
  </EnglishText>
</GameData>