﻿<?xml version="1.0" encoding="utf-8"?>
<GameData>
  <EnglishText>
    <Row Tag="LOC_DIPLO_MODIFIER_DESCRIPTION_GOSSIP_POSITIVE">
      <Text>Bu kadar çok bilgi paylaşmanıza bayılıyorlar</Text>
    </Row>
    <Row Tag="LOC_DIPLO_MODIFIER_DESCRIPTION_GOSSIP_NEGATIVE">
      <Text>Sizden dedikodu alamadıkları için mutsuzlar</Text>
    </Row>
    <Row Tag="LOC_DIPLO_MODIFIER_DESCRIPTION_SYCOPHANT_GOLDEN_AGE">
      <Text>Sizi Altın Çağ'da görmekten mutlular</Text>
    </Row>
    <Row Tag="LOC_DIPLO_MODIFIER_DESCRIPTION_SYCOPHANT_DARK_AGE">
      <Text>Karanlık Çağ'da olduğunuz için hayal kırıklığına uğradılar</Text>
    </Row>
    <Row Tag="LOC_DIPLO_MODIFIER_DESCRIPTION_SYMPATHIZER_DARK_AGE">
      <Text>Karanlık Çağı atlatırken size destek oluyorlar</Text>
    </Row>
    <Row Tag="LOC_DIPLO_MODIFIER_DESCRIPTION_SYMPATHIZER_GOLDEN_AGE">
      <Text>Altın Çağınızı kıskanıyorlar</Text>
    </Row>
    <!-- Troops on border pledge modifiers -->
    <Row Tag="LOC_DIPLO_MODIFIER_BROKEN_PLEDGE">
      <Text>Askerlerimizi sınırlarından çekme sözümüzü tutmadık</Text>
    </Row>
    <Row Tag="LOC_DIPLO_MODIFIER_KEPT_PLEDGE">
      <Text>Askerlerimizi sınırlarından çekme sözümüzü tuttuk</Text>
    </Row>
    <Row Tag="LOC_DIPLO_MODIFIER_NO_PLEDGE">
      <Text>Askerlerimizi sınırlarından çekme sözü vermemeye karar verdik</Text>
    </Row>
    <Row Tag="LOC_DIPLO_MODIFIER_SHARED_EMERGENCY">
      <Text>Aynı kişiye karşı acil bir duruma katıldık</Text>
    </Row>
  </EnglishText>
</GameData>