﻿<?xml version="1.0" encoding="utf-8"?>
<GameData>
  <EnglishText>
    <!--Agenda Names-->
    <Row Tag="LOC_AGENDA_GOSSIP_NAME">
      <Text>Dedikodu</Text>
    </Row>
    <Row Tag="LOC_AGENDA_SYCOPHANT_NAME">
      <Text>Dalkavuk</Text>
    </Row>
    <Row Tag="LOC_AGENDA_SYMPATHIZER_NAME">
      <Text>Sempatizan</Text>
    </Row>
    <Row Tag="LOC_AGENDA_UNKNOWN_NAME">
      <Text>Bilinmiyor</Text>
    </Row>
    <Row Tag="LOC_AGENDA_GOSSIP_DESCRIPTION">
      <Text>Dostluk, açık sınırlar, heyetler ve elçilikler aracılığıyla herkes hakkında her şeyi bilmek ister. Bilgi paylaşmayan medeniyetleri sevmez.</Text>
    </Row>
    <Row Tag="LOC_AGENDA_SYCOPHANT_DESCRIPTION">
      <Text>Altın Çağ'a ulaşan her uygarlıktan etkilenir. Karanlık Çağ'da olanları sevmez.</Text>
    </Row>
    <Row Tag="LOC_AGENDA_SYMPATHIZER_DESCRIPTION">
      <Text>Karanlık Çağlardan geçenler için kötü hisseder. Altın Çağ'da olanları sevmez.</Text>
    </Row>
    <Row Tag="LOC_AGENDA_UNKNOWN_DESCRIPTION">
      <Text>Bilinmeyen Gündem.</Text>
    </Row>
  </EnglishText>
</GameData>