﻿<?xml version="1.0" encoding="utf-8"?>
<GameData>
  <EnglishText>
    <Row Tag="LOC_DIPLO_CHOICE_DECLARE_GOLDEN_AGE_WAR">
      <Text>[SIZE_16]Altın Çağ Savaşı İlanı[NEWLINE][SIZE_12]</Text>
    </Row>
    <Row Tag="LOC_DIPLO_CHOICE_DECLARE_WAR_OF_RETRIBUTION">
      <Text>[SIZE_16]İntikam Savaşı İlan Et[NEWLINE][SIZE_12]</Text>
    </Row>
    <Row Tag="LOC_DIPLO_CHOICE_DECLARE_IDEOLOGICAL_WAR">
      <Text>[SIZE_16]İdeolojik Savaş İlan Etmek[NEWLINE][SIZE_12]</Text>
    </Row>
    <Row Tag="LOC_CASUS_BELLI_WAR_OF_RETRIBUTION_DESCRIPTION">
      <Text>Hedef güç yakın zamanda size verdiği bir sözü tutmamış olmalı.</Text>
    </Row>
    <Row Tag="LOC_CASUS_BELLI_IDEOLOGICAL_WAR_DESCRIPTION">
      <Text>Hedef güç sizden farklı bir 3. Kademe hükümete sahip olmalıdır.</Text>
    </Row>
    <Row Tag="LOC_CASUS_BELLI_GOLDEN_AGE_WAR_DESCRIPTION">
      <Text>"To Arms!"ın ithaf edildiği bir Altın Çağ'da olmalısınız.</Text>
    </Row>
    <Row Tag="LOC_DIPLOMACY_RENEW_ALLIANCE_NOTIFICATION_MESSAGE_INITIAL">
      <Text>İttifak Yenileme Talebi</Text>
    </Row>
    <Row Tag="LOC_DIPLOMACY_RENEW_ALLIANCE_NOTIFICATION_SUMMARY_INITIAL">
      <Text>{1_name} medeniyetleriniz arasındaki İttifakı genişletmeyi talep etti.</Text>
    </Row>
    <Row Tag="LOC_DIPLOMACY_RENEW_ALLIANCE_NOTIFICATION_MESSAGE_POSITIVE">
      <Text>İttifak Yenilemesi Kabul Edildi</Text>
    </Row>
    <Row Tag="LOC_DIPLOMACY_RENEW_ALLIANCE_NOTIFICATION_SUMMARY_POSITIVE">
      <Text>{1_name} İttifak yenilemenizi kabul etti.</Text>
    </Row>
    <Row Tag="LOC_DIPLOMACY_RENEW_ALLIANCE_NOTIFICATION_MESSAGE_NEGATIVE">
      <Text>İttifakın Yenilenmesi Reddedildi</Text>
    </Row>
    <Row Tag="LOC_DIPLOMACY_RENEW_ALLIANCE_NOTIFICATION_SUMMARY_NEGATIVE">
      <Text>{1_name} İttifak yenilemenizi reddetti.</Text>
    </Row>
    <Row Tag="LOC_DIPLO_RENEW_ALLIANCE_FROM_AI_ANY_ANY">
      <Text>İttifakımız her iki halk için de büyük yarar sağlamıştır.  Bunu yenilemeyi öneriyorum.</Text>
    </Row>
    <Row Tag="LOC_DIPLO_ACCEPT_RENEW_ALLIANCE_FROM_AI_ANY_ANY">
      <Text>Aynı fikirde olmanıza sevindim.</Text>
    </Row>
    <Row Tag="LOC_DIPLO_REJECT_RENEW_ALLIANCE_FROM_AI_ANY_ANY">
      <Text>Lanet olsun, sonsuza dek müttefik olacağımızı sanıyordum.</Text>
    </Row>
    <Row Tag="LOC_DIPLO_ACCEPT_RENEW_ALLIANCE_FROM_HUMAN_ANY_ANY">
      <Text>Kulağa harika bir fikir gibi geliyor.  Kabul ediyoruz.</Text>
    </Row>
    <Row Tag="LOC_DIPLO_REJECT_RENEW_ALLIANCE_FROM_HUMAN_ANY_ANY">
      <Text>Şu anda sizinle bu süreci devam ettirmek istemiyoruz.</Text>
    </Row>
    <Row Tag="LOC_DIPLO_RENEW_ALLIANCE_CHOICE_POSITIVE">
      <Text>İttifakımızı genişletmekten memnuniyet duyarız.</Text>
    </Row>
    <Row Tag="LOC_DIPLO_RENEW_ALLIANCE_CHOICE_NEGATIVE">
      <Text>Bu İttifakı genişletmek istemiyoruz.</Text>
    </Row>
    <Row Tag="LOC_DIPLO_RENEW_ALLIANCE_AI_AGREE_TO_PLAYER_1">
      <Text>Evet, gelecekteki refahımız için.</Text>
    </Row>
    <Row Tag="LOC_DIPLO_RENEW_ALLIANCE_AI_AGREE_TO_PLAYER_2">
      <Text>Evet, bu her iki medeniyete de fayda sağladı.</Text>
    </Row>
    <Row Tag="LOC_DIPLO_RENEW_ALLIANCE_AI_AGREE_TO_PLAYER_3">
      <Text>Evet, bu ittifakı yenileyelim.</Text>
    </Row>
    <Row Tag="LOC_DIPLO_RENEW_ALLIANCE_AI_AGREE_TO_PLAYER_GILGAMESH">
      <Text>Tabii ya! Uzun zamandır birlikte savaşmadık mı? Düşmanlarımız adlarımızı korkuyla anıyor!</Text>
    </Row>
    <Row Tag="LOC_DIPLO_RENEW_ALLIANCE_AI_AGREE_TO_PLAYER_ALEXANDER">
      <Text>Tabii ya! Uzun zamandır birlikte savaşmadık mı? Düşmanlarımız adlarımızı korkuyla anıyor!</Text>
    </Row>
    <Row Tag="LOC_DIPLO_RENEW_ALLIANCE_AI_AGREE_TO_PLAYER_TEDDY">
      <Text>İttifakımızı sürdürmemiz en doğrusu.</Text>
    </Row>
    <Row Tag="LOC_DIPLO_RENEW_ALLIANCE_AI_AGREE_TO_PLAYER_CATHERINE">
      <Text>Evet, şirketinizden faydalanmaktan vazgeçmek istemem.</Text>
    </Row>
    <Row Tag="LOC_DIPLO_RENEW_ALLIANCE_AI_AGREE_TO_PLAYER_CLEOPATRA">
      <Text>Evet. Yakın ilişkimizi sürdürmek için her türlü fırsatı kucaklıyorum.</Text>
    </Row>
    <Row Tag="LOC_DIPLO_RENEW_ALLIANCE_AI_REFUSE_TO_PLAYER_1">
      <Text>Artık her şey eskisinden farklı. İttifakı yenileyemeyiz.</Text>
    </Row>
    <Row Tag="LOC_DIPLO_RENEW_ALLIANCE_AI_REFUSE_TO_PLAYER_2">
      <Text>Hayır. Bu İttifak artık bizim çıkarlarımıza uygun değil.</Text>
    </Row>
    <Row Tag="LOC_DIPLO_RENEW_ALLIANCE_AI_REFUSE_TO_PLAYER_3">
      <Text>Hayır. Bu İttifakı yenilemeye gerek yok.</Text>
    </Row>
    <Row Tag="LOC_DIPLO_RENEW_ALLIANCE_AI_REFUSE_TO_PLAYER_GILGAMESH">
      <Text>Hayır. Eskisi gibi olamaz.</Text>
    </Row>
    <Row Tag="LOC_DIPLO_RENEW_ALLIANCE_AI_REFUSE_TO_PLAYER_ALEXANDER">
      <Text>Hayır. Eskisi gibi olamaz.</Text>
    </Row>
    <Row Tag="LOC_DIPLO_RENEW_ALLIANCE_AI_REFUSE_TO_PLAYER_TEDDY">
      <Text>Amerika, birinci sınıf bir güce yakışır şekilde kendi yoluna gidecektir.</Text>
    </Row>
    <Row Tag="LOC_DIPLO_RENEW_ALLIANCE_AI_REFUSE_TO_PLAYER_CATHERINE">
      <Text>Yakın arkadaşlığınızı reddetmek zorundayım. Şimdilik.</Text>
    </Row>
    <Row Tag="LOC_DIPLO_RENEW_ALLIANCE_AI_REFUSE_TO_PLAYER_CLEOPATRA">
      <Text>Hayır. Bu İttifak'a olan sevgim azaldı.</Text>
    </Row>
    <Row Tag="LOC_DIPLO_PROPOSE_ALLIANCE_AI_TO_PLAYER_1">
      <Text>İttifakımız medeniyetlerimize barış ve refah getirmiştir. Onu yenileyelim.</Text>
    </Row>
    <Row Tag="LOC_DIPLO_PROPOSE_ALLIANCE_AI_TO_PLAYER_2">
      <Text>Her iki medeniyet için de çok faydalı olan İttifakı yenilemeliyiz.</Text>
    </Row>
    <Row Tag="LOC_DIPLO_PROPOSE_ALLIANCE_AI_TO_PLAYER_3">
      <Text>İttifakımızı yenileyelim mi? Bu anlaşma ikimizin de yararına.</Text>
    </Row>
    <Row Tag="LOC_DIPLO_PROPOSE_ALLIANCE_AI_TO_PLAYER_GILGAMESH">
      <Text>İttifakımızı yenile, dostum! Düşmanlarımızı yenerken birlikte neşe bulacağız!</Text>
    </Row>
    <Row Tag="LOC_DIPLO_PROPOSE_ALLIANCE_AI_TO_PLAYER_ALEXANDER">
      <Text>İttifakımızı yenile, dostum! Düşmanlarımızı yenerken birlikte neşe bulacağız!</Text>
    </Row>
    <Row Tag="LOC_DIPLO_PROPOSE_ALLIANCE_AI_TO_PLAYER_TEDDY">
      <Text>İttifakımızı yenileyelim! O zaman bu olayı güçlü bir güreş müsabakası ile kutlayalım!</Text>
    </Row>
    <Row Tag="LOC_DIPLO_PROPOSE_ALLIANCE_AI_TO_PLAYER_CATHERINE">
      <Text>İttifakımıza devam edelim mi? Partilerimi kaçırırsanız üzülürsünüz.</Text>
    </Row>
    <Row Tag="LOC_DIPLO_PROPOSE_ALLIANCE_AI_TO_PLAYER_CLEOPATRA">
      <Text>Bu İttifak'ta çok yakınlaştık. Şimdi benden uzaklaşmayacağından emin misin?</Text>
    </Row>
    <Row Tag="LOC_DIPLO_RENEW_ALLIANCE_PLAYER_AGREE_TO_AI_1">
      <Text>Mükemmel. Her iki medeniyetimiz de bu sayede daha da güçlenecektir.</Text>
    </Row>
    <Row Tag="LOC_DIPLO_RENEW_ALLIANCE_PLAYER_AGREE_TO_AI_2">
      <Text>Çok iyi. Barış ve refah devam edecek.</Text>
    </Row>
    <Row Tag="LOC_DIPLO_RENEW_ALLIANCE_PLAYER_AGREE_TO_AI_3">
      <Text>Bu İttifakın bize sağladığı faydaları görmenize sevindim.</Text>
    </Row>
    <Row Tag="LOC_DIPLO_RENEW_ALLIANCE_PLAYER_AGREE_TO_AI_GILGAMESH">
      <Text>Birleşik gücümüzle sevinelim! Düşmanlarımızın korkudan dişlerinin gıcırdadığını duyuyorum!</Text>
    </Row>
    <Row Tag="LOC_DIPLO_RENEW_ALLIANCE_PLAYER_AGREE_TO_AI_ALEXANDER">
      <Text>Birleşik gücümüzle sevinelim! Düşmanlarımızın korkudan dişlerinin gıcırdadığını duyuyorum!</Text>
    </Row>
    <Row Tag="LOC_DIPLO_RENEW_ALLIANCE_PLAYER_AGREE_TO_AI_TEDDY">
      <Text>Zorba!</Text>
    </Row>
    <Row Tag="LOC_DIPLO_RENEW_ALLIANCE_PLAYER_AGREE_TO_AI_CATHERINE">
      <Text>Oh iyi. Önemli bir şeyi kaçırmanı istemem.</Text>
    </Row>
    <Row Tag="LOC_DIPLO_RENEW_ALLIANCE_PLAYER_AGREE_TO_AI_CLEOPATRA">
      <Text>Memnun oldum.</Text>
    </Row>
    <Row Tag="LOC_DIPLO_RENEW_ALLIANCE_PLAYER_REFUSE_TO_AI_1">
      <Text>Emin olmak için hayal kırıklığı yaratan bir karar.</Text>
    </Row>
    <Row Tag="LOC_DIPLO_RENEW_ALLIANCE_PLAYER_REFUSE_TO_AI_2">
      <Text>Umarım bu kararınızdan pişman olmazsınız.</Text>
    </Row>
    <Row Tag="LOC_DIPLO_RENEW_ALLIANCE_PLAYER_REFUSE_TO_AI_3">
      <Text>Böyle hissetmenize üzüldüm.</Text>
    </Row>
    <Row Tag="LOC_DIPLO_RENEW_ALLIANCE_PLAYER_REFUSE_TO_AI_GILGAMESH">
      <Text>Önemli değil. Sen olmadan da yeterince gücüm var.</Text>
    </Row>
    <Row Tag="LOC_DIPLO_RENEW_ALLIANCE_PLAYER_REFUSE_TO_AI_ALEXANDER">
      <Text>Önemli değil. Sen olmadan da yeterince gücüm var.</Text>
    </Row>
    <Row Tag="LOC_DIPLO_RENEW_ALLIANCE_PLAYER_REFUSE_TO_AI_TEDDY">
      <Text>Amerika'nın gücü sadece artıyor. Teklifimi kabul etmen akıllıca olurdu.</Text>
    </Row>
    <Row Tag="LOC_DIPLO_RENEW_ALLIANCE_PLAYER_REFUSE_TO_AI_CATHERINE">
      <Text>Ne kadar hayal kırıcı ve dar görüşlüsünüz.</Text>
    </Row>
    <Row Tag="LOC_DIPLO_RENEW_ALLIANCE_PLAYER_REFUSE_TO_AI_CLEOPATRA">
      <Text>Şüphesiz başka bir uygarlık gözünüze çarpmıştır. O zaman onlarla rahatınızı bulun.</Text>
    </Row>
    <Row Tag="LOC_DIPLO_RENEW_ALLIANCE_BUTTON_ACCEPT">
      <Text>Yenileme İttifakı</Text>
    </Row>
    <Row Tag="LOC_DIPLO_RENEW_ALLIANCE_BUTTON_REJECT">
      <Text>Son İttifak</Text>
    </Row>
    <Row Tag="LOC_DIPLO_DECLARE_WAR_FROM_AI_LEADER_ANY_GOLDEN_AGE_WAR">
      <Text>(Size karşı bir Altın Çağ Savaşı ilan eder)</Text>
    </Row>
    <Row Tag="LOC_DIPLO_DECLARE_WAR_FROM_AI_LEADER_ANY_EMERGENCY_WAR">
      <Text>(Size karşı bir Acil Durum'a katıldı)</Text>
    </Row>
    <Row Tag="LOC_DIPLO_DECLARE_WAR_FROM_AI_LEADER_ANY_WAR_OF_RETRIBUTION">
      <Text>(Size karşı bir İntikam Savaşı ilan eder)</Text>
    </Row>
    <Row Tag="LOC_DIPLO_DECLARE_WAR_FROM_AI_LEADER_ANY_IDEOLOGICAL_WAR">
      <Text>(Size Karşı İdeolojik Savaş İlan Ediyor)</Text>
    </Row>
    <Row Tag="LOC_DIPLO_DECLARE_WAR_FROM_AI_LEADER_ANY_JOINT_GOLDEN_AGE_WAR">
      <Text>(Size karşı ortak bir Altın Çağ Savaşı ilan eder)</Text>
    </Row>
    <Row Tag="LOC_DIPLO_DECLARE_WAR_FROM_AI_LEADER_ANY_JOINT_WAR_OF_RETRIBUTION">
      <Text>(Size karşı ortak bir İntikam Savaşı ilan eder)</Text>
    </Row>
    <Row Tag="LOC_DIPLO_DECLARE_WAR_FROM_AI_LEADER_ANY_JOINT_IDEOLOGICAL_WAR">
      <Text>(Size karşı ortak bir İdeolojik Savaş ilan eder)</Text>
    </Row>
    <Row Tag="LOC_DIPLO_KUDO_LEADER_ANY_REASON_AGENDA_GOSSIP_POSITIVE">
      <Text>İlişkimizin başkalarının sırlarını bilmenin gücü üzerine inşa edilmiş olması iyi bir şey.</Text>
    </Row>
    <Row Tag="LOC_DIPLO_KUDO_LEADER_PERICLES_REASON_AGENDA_GOSSIP_POSITIVE">
      <Text>Elçilerinizin ve casuslarınızın raporlarından en az benim kadar keyif alıyor olmalısınız!</Text>
    </Row>
    <Row Tag="LOC_DIPLO_KUDO_LEADER_VICTORIA_REASON_AGENDA_GOSSIP_POSITIVE">
      <Text>Bir dahaki sefere size bir heyet gönderdiğimde, liderin elinde iyi sırlarla dolu büyük bir dosya olacak. Açtığında etrafta kimsenin olmadığından emin ol.</Text>
    </Row>
    <Row Tag="LOC_DIPLO_KUDO_LEADER_CATHERINE_DE_MEDICI_REASON_AGENDA_GOSSIP_POSITIVE">
      <Text>Belki de sizi en iyi kaynaklarımdan biri olarak gördüğüme dair fısıltılar duymuşsunuzdur. Ama kim insanların söylediklerini dinler ki? Senin ve benim dışımda tabii ki.</Text>
    </Row>
    <Row Tag="LOC_DIPLO_WARNING_LEADER_ANY_REASON_AGENDA_GOSSIP_NEGATIVE">
      <Text>Sık sık neden bu kadar az konuştuğunuzu merak ediyorum. Sanırım söyleyecek ilginç bir şeyiniz yok.</Text>
    </Row>
    <Row Tag="LOC_DIPLO_KUDO_LEADER_ANY_REASON_AGENDA_SYCOPHANT_GOLDEN_AGE">
      <Text>Şairlerimiz ve filozoflarımız medeniyetinizi dünyanın ışığı olarak görüyorlar ve ben de onlara katılıyorum.</Text>
    </Row>
    <Row Tag="LOC_DIPLO_KUDO_LEADER_QIN_REASON_AGENDA_SYCOPHANT_GOLDEN_AGE">
      <Text>Kişisel ihtişamınız uygarlığınızın görkemine yansır!</Text>
    </Row>
    <Row Tag="LOC_DIPLO_KUDO_LEADER_T_ROOSEVELT_REASON_AGENDA_SYCOPHANT_GOLDEN_AGE">
      <Text>Her medeniyetten insanlar size hayretle bakıyor. Siz tüm dünya için bir ilham kaynağısınız!</Text>
    </Row>
    <Row Tag="LOC_DIPLO_KUDO_LEADER_PEDRO_REASON_AGENDA_SYCOPHANT_GOLDEN_AGE">
      <Text>Uygarlığınıza ve eserlerine bakıyorum ve halkınızın neden dünyanın dört bir yanında şarkılarda ve öykülerde övüldüğünü anlıyorum.</Text>
    </Row>
    <Row Tag="LOC_DIPLO_KUDO_LEADER_PETER_GREAT_REASON_AGENDA_SYCOPHANT_GOLDEN_AGE">
      <Text>Sizin medeniyetiniz benim yeni Rusya'yı inşa edeceğim modeldir!</Text>
    </Row>
    <Row Tag="LOC_DIPLO_KUDO_LEADER_PHILIP_II_REASON_AGENDA_SYCOPHANT_GOLDEN_AGE">
      <Text>İnsanın etrafını böyle şairler, oyun yazarları, azizler ve bilim adamlarıyla çevrelemesinden daha iyi ne olabilir? Her zaman büyük bir ulusun Yüce Tanrı'nın lütuflarının bir tezahürü olduğunu düşünmüşümdür.</Text>
    </Row>
    <Row Tag="LOC_DIPLO_KUDO_LEADER_GORGO_REASON_AGENDA_SYCOPHANT_GOLDEN_AGE">
      <Text>Evet! Mükemmelliğiniz -Arete'niz- gerçekten öykünülmeye değer!</Text>
    </Row>
    <Row Tag="LOC_DIPLO_WARNING_LEADER_ANY_REASON_AGENDA_SYCOPHANT_DARK_AGE">
      <Text>Dünyanın geri kalanı için daha değerli bir örnek olmayı hedefleyin! Onları zafere götürürseniz halkınız sizi sevecektir.</Text>
    </Row>
    <Row Tag="LOC_DIPLO_KUDO_LEADER_ANY_REASON_AGENDA_SYMPATHIZER_DARK_AGE">
      <Text>Medeniyetimiz, mevcut sıkıntınızı metanet ve kararlılıkla karşılama şeklinize hayranlık duymaktadır.</Text>
    </Row>
    <Row Tag="LOC_DIPLO_KUDO_LEADER_VICTORIA_REASON_AGENDA_SYMPATHIZER_DARK_AGE">
      <Text>Karanlık Çağınızın acılarına büyük bir asaletle katlanıyorsunuz! Keşke benim tebaam da sizin kadar yiğit olsaydı!</Text>
    </Row>
    <Row Tag="LOC_DIPLO_KUDO_LEADER_CATHERINE_DE_MEDICI_REASON_AGENDA_SYMPATHIZER_DARK_AGE">
      <Text>Sana bir hediye gönderiyorum: "Bu da Geçecek" yazılı bir yüzük. Sıkıntılı zamanlarında seni rahatlatsın.</Text>
    </Row>
    <Row Tag="LOC_DIPLO_KUDO_LEADER_PETER_GREAT_REASON_AGENDA_SYMPATHIZER_DARK_AGE">
      <Text>Daha küçük bir lider sizin yaptığınızı yapamazdı: Kriz zamanında uygarlığınızın kontrolünü sıkı bir şekilde elinizde tutmak.</Text>
    </Row>
    <Row Tag="LOC_DIPLO_KUDO_LEADER_GENGHIS_KHAN_REASON_AGENDA_SYMPATHIZER_DARK_AGE">
      <Text>Yönetme şeklinize hayranım. Uygarlığınızı fethetmek için karmaşık bir strateji bulmak zorunda olmamanızı takdir ediyorum.</Text>
    </Row>
    <Row Tag="LOC_DIPLO_KUDO_LEADER_JADWIGA_REASON_AGENDA_SYMPATHIZER_DARK_AGE">
      <Text>Halkınızın çektiği acılar için kalbiniz acıyor olmalı. Polonya içinde bulunduğunuz durumu anlıyor ve sizin için dua ediyoruz.</Text>
    </Row>
    <Row Tag="LOC_DIPLO_KUDO_LEADER_LAUTARO_REASON_AGENDA_SYMPATHIZER_DARK_AGE">
      <Text>Siz de güçlülerin zulmüne direnmenin ne demek olduğunu biliyorsunuz. Mapuche'ler yaptığınız şeye saygı duyuyor.</Text>
    </Row>
    <Row Tag="LOC_DIPLO_KUDO_LEADER_JAYAVARMAN_REASON_AGENDA_SYMPATHIZER_DARK_AGE">
      <Text>Şu anda samsara döngüsüne bağlısınız. Yakında özgürleşmeniz ve huzura kavuşmanız için durmadan dua ediyorum.</Text>
    </Row>
    <Row Tag="LOC_DIPLO_WARNING_LEADER_ANY_REASON_AGENDA_SYMPATHIZER_GOLDEN_AGE">
      <Text>Halkınızın "görkemli çağı" bana daha çok böbürlenme gibi geliyor. Düşeceğiniz günü dört gözle bekliyorum.</Text>
    </Row>
    <Row Tag="LOC_DIPLO_DENOUNCE_REASON_FROM_AI_LEADER_ANY_REASON_AGENDA_GOSSIP_NEGATIVE">
      <Text>(Yeterince dedikodu yapmıyorsun.)</Text>
    </Row>
    <Row Tag="LOC_DIPLO_DENOUNCE_REASON_FROM_AI_LEADER_ANY_REASON_AGENDA_SYCOPHANT_DARK_AGE">
      <Text>(Karanlık bir çağdasınız.)</Text>
    </Row>
    <Row Tag="LOC_DIPLO_DENOUNCE_REASON_FROM_AI_LEADER_ANY_REASON_AGENDA_SYMPATHIZER_DARK_AGE">
      <Text>(Altın bir çağdasınız.)</Text>
    </Row>
  </EnglishText>
</GameData>