﻿<?xml version="1.0" encoding="utf-8"?>
<GameData>
  <EnglishText>
    <Row Tag="LOC_DIPLOACTION_ALLIANCE_LEVEL">
      <Text>Seviye {1_Level}</Text>
    </Row>
    <Row Tag="LOC_DIPLOACTION_INTEL_REPORT_ALLIANCE">
      <Text>Intel Raporu: İttifak</Text>
    </Row>
    <Row Tag="LOC_DIPLOACTION_ALLIANCE_TAB_TOOLTIP">
      <Text>Bu liderle mevcut ve gelecekteki İttifak olasılıklarınızı ve etkilerini görüntüleyin.</Text>
    </Row>
    <Row Tag="LOC_DIPLOACTION_ALLIANCE_TAB_TURNS_TO_LEVEL">
      <Text>{1_CurrentTurns} \ {2_TurnsToLevel}</Text>
    </Row>
    <Row Tag="LOC_DIPLOACTION_CURRENT_ALLIANCE">
      <Text>Mevcut İttifak:</Text>
    </Row>
    <Row Tag="LOC_DIPLOACTION_BENEFITS_NEXT_LEVEL">
      <Text>Avantajlar Bir Sonraki Seviyeye Eklendi:</Text>
    </Row>
    <Row Tag="LOC_DIPLOACTION_BENEFITS_CURRENT_LEVEL">
      <Text>Mevcut İttifaklar:</Text>
    </Row>
    <Row Tag="LOC_DIPLOACTION_NO_CURRENT_ALLIANCE">
      <Text>Şu anda bu oyuncuyla bir ittifakınız yok.</Text>
    </Row>
    <Row Tag="LOC_DIPLOACTION_EXPIRES_IN_X_TURNS">
      <Text>(Expires in [ICON_TURN] {1_Turns} Dönüşler)</Text>
    </Row>
    <Row Tag="LOC_DIPLOMACY_OVERVIEW_EMERGENCIES">
      <Text>Bu liderle birlikte içinde bulunduğunuz Acil Durumları görüntüleyin.</Text>
    </Row>
    <Row Tag="LOC_DIPLOMACY_EMERGENCIES_TARGET_YOU">
      <Text>Seni hedef alıyorum:</Text>
    </Row>
    <Row Tag="LOC_DIPLOMACY_EMERGENCIES_PARTICIPATING_YOU">
      <Text>Sizinle birlikte katılıyorum:</Text>
    </Row>
    <Row Tag="LOC_DIPLOACTION_INTEL_REPORT_EMERGENCY">
      <Text>İstihbarat Raporu: Acil Durum</Text>
    </Row>
    <Row Tag="LOC_DIPLOACTION_EMERGENCY_TAB_TOOLTIP">
      <Text>Acil Durum</Text>
    </Row>
    <Row Tag="LOC_DIPLOMACY_AT_WAR_WITH_CS">
      <Text>[COLOR_RED]Bu Şehir Devleti ile savaş halindesiniz</Text>
    </Row>
    <Row Tag="LOC_DIPLOMACY_MAX_ALLIANCE_POINTS">
      <Text>MAX</Text>
    </Row>
    <Row Tag="LOC_DIPLOMACY_NEED_ALLIANCE_TO_GAIN_POINTS_TT">
      <Text>[COLOR_RED]İttifak Puanları yalnızca aktif bir İttifak içindeyken kazanılır[ENDCOLOR][NEWLINE]{1_CityDetails}</Text>
    </Row>
    <Row Tag="LOC_DIPLOMACY_ALLIANCE_FLAG_TT">
      <Text>{1_AllianceType}[NEWLINE]Seviye {2_AllianceLevel}</Text>
    </Row>
  </EnglishText>
</GameData>