﻿<?xml version="1.0" encoding="utf-8"?>
<GameData>
  <EnglishText>
    <!--Agenda Names-->
    <Row Tag="LOC_AGENDA_BILLIONAIRE_NAME">
      <Text>Milyarder</Text>
    </Row>
    <Row Tag="LOC_AGENDA_CHEOMSEONGDAE_NAME">
      <Text>Cheomseongdae</Text>
    </Row>
    <Row Tag="LOC_AGENDA_FLOWER_OF_SCOTLAND_NAME">
      <Text>İskoçya'nın Çiçeği</Text>
    </Row>
    <Row Tag="LOC_AGENDA_HORSE_LORD_NAME">
      <Text>At Efendisi</Text>
    </Row>
    <Row Tag="LOC_AGENDA_HORN_CHEST_LOINS_NAME">
      <Text>Boynuz, Göğüs, Bel</Text>
    </Row>
    <Row Tag="LOC_AGENDA_IRON_CONFEDERACY_NAME">
      <Text>Demir Konfederasyon</Text>
    </Row>
    <Row Tag="LOC_AGENDA_MAURYA_EMPIRE_NAME">
      <Text>Maurya İmparatorluğu</Text>
    </Row>
    <Row Tag="LOC_AGENDA_NARIKALA_FORTRESS_NAME">
      <Text>Narikala Kalesi</Text>
    </Row>
    <Row Tag="LOC_AGENDA_SPIRIT_OF_TUCAPEL_NAME">
      <Text>Tucapel'in Ruhu</Text>
    </Row>
    <!--Agenda Description-->
    <Row Tag="LOC_AGENDA_BILLIONAIRE_DESCRIPTION">
      <Text>Ticaret Yollarını [ICON_TradeRoute] maksimize etmeye çalışır. Kendisiyle ticaret yapan uygarlıkları sever, yapmayanları sevmez.</Text>
    </Row>
    <Row Tag="LOC_AGENDA_CHEOMSEONGDAE_DESCRIPTION">
      <Text>[ICON_Science] Bilimi geliştirmeye çalışır ve [ICON_Science] Bilime de odaklanan medeniyetleri sever. Düşük [ICON_SCIENCE] Bilime sahip olanlardan hoşlanmaz.</Text>
    </Row>
    <Row Tag="LOC_AGENDA_FLOWER_OF_SCOTLAND_DESCRIPTION">
      <Text>Kendisine verdikleri sözü tutmadıkları sürece komşularına saldırmaz. Komşularla savaşmayanları sever, savaşanları sevmez.</Text>
    </Row>
    <Row Tag="LOC_AGENDA_HORSE_LORD_DESCRIPTION">
      <Text>Dünyanın en baskın süvari gücünü oluşturmak istiyor. Süvarilikte rekabet etmeyenleri sever. Süvari gücünde kendisine rakip olanları sevmez.</Text>
    </Row>
    <Row Tag="LOC_AGENDA_HORN_CHEST_LOINS_DESCRIPTION">
      <Text>Mümkün olduğunca çok kolordu ve ordu kullanmaya çalışır ve kendisini takip eden medeniyetlere saygı duyar. Kolordu oluşturamayan veya onları kullanmayan uygarlıkları sevmez.</Text>
    </Row>
    <Row Tag="LOC_AGENDA_IRON_CONFEDERACY_DESCRIPTION">
      <Text>Çoklu ittifaklar kurmaya çalışır ve aynı şeyi yapanlara saygı duyar. Az sayıda ittifaka sahip olanlardan hoşlanmaz.</Text>
    </Row>
    <Row Tag="LOC_AGENDA_MAURYA_EMPIRE_DESCRIPTION">
      <Text>Komşu medeniyetleri fethetmeye çalışır ve (henüz) komşusu olmayan medeniyetleri sever. Komşularını sevmez.</Text>
    </Row>
    <Row Tag="LOC_AGENDA_NARIKALA_FORTRESS_DESCRIPTION">
      <Text>Şehirlerinin etrafına yüksek seviyeli duvarlar örmeye çalışır ve onu takip eden medeniyetlere saygı duyar. Şehirlerini güçlendirmekte başarısız olan medeniyetleri sevmez.</Text>
    </Row>
    <Row Tag="LOC_AGENDA_SPIRIT_OF_TUCAPEL_DESCRIPTION">
      <Text>Yüksek derecede kültürel sadakat yaratmaya ve sürdürmeye çalışır. Halkının sadakatini koruyamayarak şehir kaybeden medeniyetlerden hoşlanmaz, sadakat yoluyla şehir kazananları sever.</Text>
    </Row>
  </EnglishText>
</GameData>