﻿<?xml version="1.0" encoding="utf-8"?>
<GameData>
  <EnglishText>
    <Row Tag="LOC_BELIEF_PAPAL_PRIMACY_DESCRIPTION">
      <Text>Dininizi takip eden şehir devletlerinden gelen tür bonusları %50 daha güçlüdür.</Text>
    </Row>
    <Row Tag="LOC_BELIEF_GODDESS_OF_FESTIVALS_DESCRIPTION">
      <Text>+1 [ICON_Food] [ICON_RESOURCE_WINE] Şarap, [ICON_RESOURCE_INCENSE] Tütsü, [ICON_RESOURCE_COCOA] Kakao, [ICON_RESOURCE_TOBACCO] Tütün, [ICON_RESOURCE_COFFEE] Kahve ve [ICON_RESOURCE_TEA] Çay Plantasyonlarından elde edilen gıda.</Text>
    </Row>
  </EnglishText>
</GameData>