﻿<?xml version="1.0" encoding="utf-8"?>
<GameData>
  <EnglishText>
    <!-- Elizabeth-->
    <Row Tag="LOC_ABILITY_ELIZABETH_PLUNDER_BONUS_DESCRIPTION">
      <Text>Ticaret yollarinin yagmalanmasi için +%100 Ödül (I. Elizabeth)</Text>
    </Row>
    <Row Tag="LOC_AGENDA_TRADE_AGREEMENT_NAME">
      <Text>Ticaret Anlasmasi</Text>
    </Row>
    <Row Tag="LOC_AGENDA_TRADE_AGREEMENT_DESCRIPTION">
      <Text>Ticaret Yollarini [ICON_TradeRoute] maksimize etmeye çalisir. Kendisiyle ticaret yapan uygarliklari sever, yapmayanlari sevmez.</Text>
    </Row>
    <!-- Diplo VO -->
    <Row Tag="LOC_DIPLO_FIRST_MEET_LEADER_ELIZABETH_ANY">
      <Text>Ben Britanya Kraliçesi Elizabeth'im ve sadece en asil ve sadik müttefikleri ararim.</Text>
    </Row>
    <Row Tag="LOC_DIPLO_DECLARE_WAR_FROM_HUMAN_LEADER_ELIZABETH_ANY">
      <Text>Hükümdarlarin asalarina dokunanlar merhameti hak etmezler.</Text>
    </Row>
    <Row Tag="LOC_DIPLO_DECLARE_WAR_FROM_AI_LEADER_ELIZABETH_ANY">
      <Text>Birakin zorbalar korksun.</Text>
    </Row>
    <Row Tag="LOC_DIPLO_KUDO_EXIT_LEADER_ELIZABETH_ANY">
      <Text>Ingiltere ile ticaret anlasmasina gösterdiginiz ilgi için tesekkür ederiz.</Text>
    </Row>
    <Row Tag="LOC_DIPLO_WARNING_EXIT_LEADER_ELIZABETH_ANY">
      <Text>Pirinç, kuyumcular için altin ne kadar güzelse, cahiller için de o kadar güzel parlar.</Text>
    </Row>
    <Row Tag="LOC_DIPLO_DEFEAT_FROM_AI_LEADER_ELIZABETH_ANY">
      <Text>Gerisi sessizlik.</Text>
    </Row>
    <!-- Diplo Text -->
    <Row Tag="LOC_DIPLO_ACCEPT_DECLARE_FRIEND_FROM_HUMAN_LEADER_ELIZABETH_ANY">
      <Text>Ortak bir davayi paylasiyoruz.</Text>
    </Row>
    <Row Tag="LOC_DIPLO_REJECT_DECLARE_FRIEND_FROM_HUMAN_LEADER_ELIZABETH_ANY">
      <Text>Ben zaten Ingiltere'yle evliyim.</Text>
    </Row>
    <Row Tag="LOC_DIPLO_DECLARE_FRIEND_FROM_AI_LEADER_ELIZABETH_ANY">
      <Text>Koca almayabilirim ama bir dosta deger veririm.</Text>
    </Row>
    <Row Tag="LOC_DIPLO_ACCEPT_DECLARE_FRIEND_FROM_AI_LEADER_ELIZABETH_ANY">
      <Text>Arkadaslar - ve ticaret - sayilari arttikça daha da zenginlesir.</Text>
    </Row>
    <Row Tag="LOC_DIPLO_REJECT_DECLARE_FRIEND_FROM_AI_LEADER_ELIZABETH_ANY">
      <Text>Sözleriniz adil, ancak adil olanin kötü, kötü olanin da adil olabilecegini biliyoruz.</Text>
    </Row>
    <Row Tag="LOC_DIPLO_ACCEPT_DELEGATION_FROM_HUMAN_LEADER_ELIZABETH_ANY">
      <Text>Heyetinize Ingiliz yemekleri ve havasinin harikalari ikram edildi.</Text>
    </Row>
    <Row Tag="LOC_DIPLO_REJECT_DELEGATION_FROM_HUMAN_LEADER_ELIZABETH_ANY">
      <Text>Cazip ama reddediyorum.</Text>
    </Row>
    <Row Tag="LOC_DIPLO_DELEGATION_FROM_AI_LEADER_ELIZABETH_ANY">
      <Text>Iste dünya için çok ama çok yeni bir sey - bir tür çorba gibi, uyarici yapraklardan olusan sicak bir kaynatma. "Cuppa" olarak bilinecek.</Text>
    </Row>
    <Row Tag="LOC_DIPLO_DENOUNCE_FROM_HUMAN_LEADER_ELIZABETH_ANY">
      <Text>Zekâ, su anda serbestçe akan bu tür tuzaklardan ve yalanlardan kaçinmam için beni uyariyor.</Text>
    </Row>
    <Row Tag="LOC_DIPLO_DENOUNCE_FROM_AI_LEADER_ELIZABETH_ANY">
      <Text>Tanri sizi affedebilir ama ben asla affedemem. (Seni Ihbar Ediyor)</Text>
    </Row>
    <Row Tag="LOC_DIPLO_DENOUNCE_REASON_FROM_AI_LEADER_ANY_REASON_AGENDA_TRADE_AGREEMENT">
      <Text>(Onlarla ticaret yapmiyorsunuz.)</Text>
    </Row>
    <Row Tag="LOC_DIPLO_FIRST_MEET_VISIT_RECIPIENT_LEADER_ELIZABETH_ANY">
      <Text>Londra'nin isiklarinin sisi altina çevirdigini görecek misiniz?</Text>
    </Row>
    <Row Tag="LOC_DIPLO_FIRST_MEET_NEAR_INITIATOR_POSITIVE_LEADER_ELIZABETH_ANY">
      <Text>Cok iyi.</Text>
    </Row>
    <Row Tag="LOC_DIPLO_FIRST_MEET_NO_MANS_INFO_EXCHANGE_LEADER_ELIZABETH_ANY">
      <Text>Dünyaya bakisimizi genisletmeye çalisiyoruz. Siz de aynisini yapacak misiniz?</Text>
    </Row>
    <Row Tag="LOC_DIPLO_GREETING_LEADER_ELIZABETH_ANY">
      <Text>Eger bu taht odasi bir sahne ise, oyun su anda devam ediyor demektir.</Text>
    </Row>
    <Row Tag="LOC_DIPLO_MAKE_ALLIANCE_FROM_AI_LEADER_ELIZABETH_ANY">
      <Text>Bir gemi iki direkle daha hizli yol alir, öyle degil mi?</Text>
    </Row>
    <Row Tag="LOC_DIPLO_MAKE_PEACE_AI_ACCEPT_DEAL_LEADER_ELIZABETH_ANY">
      <Text>Niyetimiz hiçbir zaman sonu gelmeyen savaslar çikarmak olmadi.</Text>
    </Row>
    <Row Tag="LOC_DIPLO_MAKE_PEACE_AI_REFUSE_DEAL_LEADER_ELIZABETH_ANY">
      <Text>Küçümseme üzerine küçümseme. Hakaret üzerine hakaret. Simdi de baris istiyorsun. Hayir.</Text>
    </Row>
    <Row Tag="LOC_DIPLO_MAKE_PEACE_FROM_AI_LEADER_ELIZABETH_ANY">
      <Text>Bu dünyada herkese yetecek kadar refah var, bunu askerler ve silahlar için harcamaya gerek yok.</Text>
    </Row>
    <Row Tag="LOC_DIPLO_ACCEPT_OPEN_BORDERS_FROM_HUMAN_LEADER_ELIZABETH_ANY">
      <Text>Barisçil insanlarin serbest ticaretinden zarar gören bir ulus hiç olmadi.</Text>
    </Row>
    <Row Tag="LOC_DIPLO_REJECT_OPEN_BORDERS_FROM_HUMAN_LEADER_ELIZABETH_ANY">
      <Text>Ben baristan yanayim ve ticaretten yanayim. Önceliklerinizin böyle oldugundan süpheliyim.</Text>
    </Row>
    <Row Tag="LOC_DIPLO_OPEN_BORDERS_FROM_AI_LEADER_ELIZABETH_ANY">
      <Text>Birakin insanlarimiz istedikleri yerde dolassinlar - Ingilizler her zaman uzak gezginler olmustur.</Text>
    </Row>
    <Row Tag="LOC_DIPLO_WARNING_TOO_MANY_TROOPS_NEAR_ME_LEADER_ELIZABETH_ANY">
      <Text>Elbette size güveniyorum. Ancak askerleriniz topraklarimin yani basinda silahlarla dolasmasaydi size çok daha fazla güvenirdim.</Text>
    </Row>
    <Row Tag="LOC_DIPLO_REJECT_MAKE_DEAL_FROM_AI_LEADER_ELIZABETH_ANY">
      <Text>Beni siradan bir balik avcisi mi saniyorsun?</Text>
    </Row>
    <Row Tag="LOC_DIPLO_ACCEPT_MAKE_DEAL_FROM_AI_LEADER_ELIZABETH_ANY">
      <Text>Iyi bir anlasma gördügümde anlarim.</Text>
    </Row>
    <!-- Harald Alt-->
    <Row Tag="LOC_ABILITY_LEVIED_HARALD_DESCRIPTION">
      <Text>Rakiplerin [ICON_STRENGTH] Savas Gücünün %50'sine esit Öldürmelerden [ICON_CULTURE] Kültür, [ICON_FAITH] Inanç ve [ICON_SCIENCE] Bilim alin. (Harald Hardrada (Varangian))</Text>
    </Row>
    <Row Tag="LOC_AGENDA_SAGA_NAME">
      <Text>Harald'in Destani</Text>
    </Row>
    <Row Tag="LOC_AGENDA_SAGA_DESCRIPTION">
      <Text>Himaye savaslarini vurgular. Himaye savaslari baslatan medeniyetlere hayranlik duyar. Sehir devletlerine saldiran uygarliklardan hoslanmaz.</Text>
    </Row>
    <Row Tag="LOC_DIPLO_ACCEPT_DECLARE_FRIEND_FROM_HUMAN_LEADER_HARALD_ALT_ANY">
      <Text>{LOC_DIPLO_ACCEPT_DECLARE_FRIEND_FROM_HUMAN_LEADER_HARDRADA_ANY}</Text>
    </Row>
    <Row Tag="LOC_DIPLO_REJECT_DECLARE_FRIEND_FROM_HUMAN_LEADER_HARALD_ALT_ANY">
      <Text>{LOC_DIPLO_REJECT_DECLARE_FRIEND_FROM_HUMAN_LEADER_HARDRADA_ANY}</Text>
    </Row>
    <Row Tag="LOC_DIPLO_DECLARE_FRIEND_FROM_AI_LEADER_HARALD_ALT_ANY">
      <Text>{LOC_DIPLO_DECLARE_FRIEND_FROM_AI_LEADER_HARDRADA_ANY}</Text>
    </Row>
    <Row Tag="LOC_DIPLO_ACCEPT_DECLARE_FRIEND_FROM_AI_LEADER_HARALD_ALT_ANY">
      <Text>{LOC_DIPLO_ACCEPT_DECLARE_FRIEND_FROM_AI_LEADER_HARDRADA_ANY}</Text>
    </Row>
    <Row Tag="LOC_DIPLO_REJECT_DECLARE_FRIEND_FROM_AI_LEADER_HARALD_ALT_ANY">
      <Text>{LOC_DIPLO_REJECT_DECLARE_FRIEND_FROM_AI_LEADER_HARDRADA_ANY}</Text>
    </Row>
    <Row Tag="LOC_DIPLO_DECLARE_WAR_FROM_HUMAN_LEADER_HARALD_ALT_ANY">
      <Text>{LOC_DIPLO_DECLARE_WAR_FROM_HUMAN_LEADER_HARDRADA_ANY}</Text>
    </Row>
    <Row Tag="LOC_DIPLO_DECLARE_WAR_FROM_AI_LEADER_HARALD_ALT_ANY">
      <Text>{LOC_DIPLO_DECLARE_WAR_FROM_AI_LEADER_HARDRADA_ANY}</Text>
    </Row>
    <Row Tag="LOC_DIPLO_DEFEAT_FROM_AI_LEADER_HARALD_ALT_ANY">
      <Text>{LOC_DIPLO_DEFEAT_FROM_AI_LEADER_HARDRADA_ANY}</Text>
    </Row>
    <Row Tag="LOC_DIPLO_ACCEPT_DELEGATION_FROM_HUMAN_LEADER_HARALD_ALT_ANY">
      <Text>{LOC_DIPLO_ACCEPT_DELEGATION_FROM_HUMAN_LEADER_HARDRADA_ANY}</Text>
    </Row>
    <Row Tag="LOC_DIPLO_REJECT_DELEGATION_FROM_HUMAN_LEADER_HARALD_ALT_ANY">
      <Text>{LOC_DIPLO_REJECT_DELEGATION_FROM_HUMAN_LEADER_HARDRADA_ANY}</Text>
    </Row>
    <Row Tag="LOC_DIPLO_DELEGATION_FROM_AI_LEADER_HARALD_ALT_ANY">
      <Text>{LOC_DIPLO_DELEGATION_FROM_AI_LEADER_HARDRADA_ANY}</Text>
    </Row>
    <Row Tag="LOC_DIPLO_DENOUNCE_FROM_HUMAN_LEADER_HARALD_ALT_ANY">
      <Text>{LOC_DIPLO_DENOUNCE_FROM_HUMAN_LEADER_HARDRADA_ANY}</Text>
    </Row>
    <Row Tag="LOC_DIPLO_DENOUNCE_FROM_AI_LEADER_HARALD_ALT_ANY">
      <Text>{LOC_DIPLO_DENOUNCE_FROM_AI_LEADER_HARDRADA_ANY}</Text>
    </Row>
    <Row Tag="LOC_DIPLO_FIRST_MEET_LEADER_HARALD_ALT_ANY">
      <Text>{LOC_DIPLO_FIRST_MEET_LEADER_HARDRADA_ANY}</Text>
    </Row>
    <Row Tag="LOC_DIPLO_FIRST_MEET_VISIT_RECIPIENT_LEADER_HARALD_ALT_ANY">
      <Text>{LOC_DIPLO_FIRST_MEET_VISIT_RECIPIENT_LEADER_HARDRADA_ANY}</Text>
    </Row>
    <Row Tag="LOC_DIPLO_FIRST_MEET_NEAR_INITIATOR_POSITIVE_LEADER_HARALD_ALT_ANY">
      <Text>{LOC_DIPLO_FIRST_MEET_NEAR_INITIATOR_POSITIVE_LEADER_HARDRADA_ANY}</Text>
    </Row>
    <Row Tag="LOC_DIPLO_FIRST_MEET_NO_MANS_INFO_EXCHANGE_LEADER_HARALD_ALT_ANY">
      <Text>{LOC_DIPLO_FIRST_MEET_NO_MANS_INFO_EXCHANGE_LEADER_HARDRADA_ANY}</Text>
    </Row>
    <Row Tag="LOC_DIPLO_GREETING_LEADER_HARALD_ALT_ANY">
      <Text>{LOC_DIPLO_GREETING_LEADER_HARDRADA_ANY}</Text>
    </Row>
    <Row Tag="LOC_DIPLO_KUDO_EXIT_LEADER_HARALD_ALT_ANY">
      <Text>Onur, kölelerimiz tehdit edildiginde saglam durmamizi gerektirir ve sen de ben de onurlu insanlariz.</Text>
    </Row>
    <Row Tag="LOC_DIPLO_KUDO_LEADER_HARALD_ALT_REASON_ANY">
      <Text>{LOC_DIPLO_KUDO_LEADER_HARDRADA_REASON_ANY}</Text>
    </Row>
    <Row Tag="LOC_DIPLO_WARNING_EXIT_LEADER_HARALD_ALT_ANY">
      <Text>Iyi bir kral, köleleri olacak kisileri önemseyen kisidir. Sen iyi bir kral degilsin.</Text>
    </Row>
    <Row Tag="LOC_DIPLO_WARNING_LEADER_HARALD_ALT_REASON_ANY">
      <Text>{LOC_DIPLO_WARNING_LEADER_HARDRADA_REASON_ANY}</Text>
    </Row>
    <Row Tag="LOC_DIPLO_MAKE_ALLIANCE_FROM_AI_LEADER_HARALD_ALT_ANY">
      <Text>{LOC_DIPLO_MAKE_ALLIANCE_FROM_AI_LEADER_HARDRADA_ANY}</Text>
    </Row>
    <Row Tag="LOC_DIPLO_MAKE_PEACE_AI_ACCEPT_DEAL_LEADER_HARALD_ALT_ANY">
      <Text>{LOC_DIPLO_MAKE_PEACE_AI_ACCEPT_DEAL_LEADER_HARDRADA_ANY}</Text>
    </Row>
    <Row Tag="LOC_DIPLO_MAKE_PEACE_AI_REFUSE_DEAL_LEADER_HARALD_ALT_ANY">
      <Text>{LOC_DIPLO_MAKE_PEACE_AI_REFUSE_DEAL_LEADER_HARDRADA_ANY}</Text>
    </Row>
    <Row Tag="LOC_DIPLO_MAKE_PEACE_FROM_AI_LEADER_HARALD_ALT_ANY">
      <Text>{LOC_DIPLO_MAKE_PEACE_FROM_AI_LEADER_HARDRADA_ANY}</Text>
    </Row>
    <Row Tag="LOC_DIPLO_ACCEPT_OPEN_BORDERS_FROM_HUMAN_LEADER_HARALD_ALT_ANY">
      <Text>{LOC_DIPLO_ACCEPT_OPEN_BORDERS_FROM_HUMAN_LEADER_HARDRADA_ANY}</Text>
    </Row>
    <Row Tag="LOC_DIPLO_REJECT_OPEN_BORDERS_FROM_HUMAN_LEADER_HARALD_ALT_ANY">
      <Text>{LOC_DIPLO_REJECT_OPEN_BORDERS_FROM_HUMAN_LEADER_HARDRADA_ANY}</Text>
    </Row>
    <Row Tag="LOC_DIPLO_OPEN_BORDERS_FROM_AI_LEADER_HARALD_ALT_ANY">
      <Text>{LOC_DIPLO_OPEN_BORDERS_FROM_AI_LEADER_HARDRADA_ANY}</Text>
    </Row>
    <Row Tag="LOC_DIPLO_WARNING_TOO_MANY_TROOPS_NEAR_ME_LEADER_HARALD_ALT_ANY">
      <Text>{LOC_DIPLO_WARNING_TOO_MANY_TROOPS_NEAR_ME_LEADER_HARDRADA_ANY}</Text>
    </Row>
    <Row Tag="LOC_DIPLO_ACCEPT_MAKE_DEAL_FROM_AI_LEADER_HARALD_ALT_ANY">
      <Text>{LOC_DIPLO_ACCEPT_DECLARE_FRIEND_FROM_AI_LEADER_HARDRADA_ANY}</Text>
    </Row>
    <Row Tag="LOC_DIPLO_REJECT_MAKE_DEAL_FROM_AI_LEADER_HARALD_ALT_ANY">
      <Text>{LOC_DIPLO_REJECT_DECLARE_FRIEND_FROM_AI_LEADER_HARDRADA_ANY}</Text>
    </Row>
    <!-- Victoria Alt-->
    <Row Tag="LOC_AGENDA_INDUSTRIAL_REVOLUTION_NAME">
      <Text>Sanayi Devrimi</Text>
    </Row>
    <Row Tag="LOC_AGENDA_INDUSTRIAL_REVOLUTION_DESCRIPTION">
      <Text>Sanayi kurmaya çalisir ve [ICON_Production] Üretime de odaklanan medeniyetleri sever.</Text>
    </Row>
    <Row Tag="LOC_DIPLO_ACCEPT_DECLARE_FRIEND_FROM_HUMAN_LEADER_VICTORIA_ALT_ANY">
      <Text>{LOC_DIPLO_ACCEPT_DECLARE_FRIEND_FROM_HUMAN_LEADER_VICTORIA_ANY}</Text>
    </Row>
    <Row Tag="LOC_DIPLO_REJECT_DECLARE_FRIEND_FROM_HUMAN_LEADER_VICTORIA_ALT_ANY">
      <Text>{LOC_DIPLO_REJECT_DECLARE_FRIEND_FROM_HUMAN_LEADER_VICTORIA_ANY}</Text>
    </Row>
    <Row Tag="LOC_DIPLO_DECLARE_FRIEND_FROM_AI_LEADER_VICTORIA_ALT_ANY">
      <Text>{LOC_DIPLO_DECLARE_FRIEND_FROM_AI_LEADER_VICTORIA_ANY}</Text>
    </Row>
    <Row Tag="LOC_DIPLO_ACCEPT_DECLARE_FRIEND_FROM_AI_LEADER_VICTORIA_ALT_ANY">
      <Text>{LOC_DIPLO_ACCEPT_DECLARE_FRIEND_FROM_AI_LEADER_VICTORIA_ANY}</Text>
    </Row>
    <Row Tag="LOC_DIPLO_REJECT_DECLARE_FRIEND_FROM_AI_LEADER_VICTORIA_ALT_ANY">
      <Text>{LOC_DIPLO_REJECT_DECLARE_FRIEND_FROM_AI_LEADER_VICTORIA_ANY}</Text>
    </Row>
    <Row Tag="LOC_DIPLO_DECLARE_WAR_FROM_HUMAN_LEADER_VICTORIA_ALT_ANY">
      <Text>{LOC_DIPLO_DECLARE_WAR_FROM_HUMAN_LEADER_VICTORIA_ANY}</Text>
    </Row>
    <Row Tag="LOC_DIPLO_DECLARE_WAR_FROM_AI_LEADER_VICTORIA_ALT_ANY">
      <Text>{LOC_DIPLO_DECLARE_WAR_FROM_AI_LEADER_VICTORIA_ANY}</Text>
    </Row>
    <Row Tag="LOC_DIPLO_DEFEAT_FROM_AI_LEADER_VICTORIA_ALT_ANY">
      <Text>{LOC_DIPLO_DEFEAT_FROM_AI_LEADER_VICTORIA_ANY}</Text>
    </Row>
    <Row Tag="LOC_DIPLO_DEFEAT_FROM_HUMAN_LEADER_VICTORIA_ALT_ANY">
      <Text>{LOC_DIPLO_DEFEAT_FROM_HUMAN_LEADER_VICTORIA_ANY}</Text>
    </Row>
    <Row Tag="LOC_DIPLO_ACCEPT_DELEGATION_FROM_HUMAN_LEADER_VICTORIA_ALT_ANY">
      <Text>{LOC_DIPLO_ACCEPT_DELEGATION_FROM_HUMAN_LEADER_VICTORIA_ANY}</Text>
    </Row>
    <Row Tag="LOC_DIPLO_REJECT_DELEGATION_FROM_HUMAN_LEADER_VICTORIA_ALT_ANY">
      <Text>{LOC_DIPLO_REJECT_DELEGATION_FROM_HUMAN_LEADER_VICTORIA_ANY}</Text>
    </Row>
    <Row Tag="LOC_DIPLO_DELEGATION_FROM_AI_LEADER_VICTORIA_ALT_ANY">
      <Text>{LOC_DIPLO_DELEGATION_FROM_AI_LEADER_VICTORIA_ANY}</Text>
    </Row>
    <Row Tag="LOC_DIPLO_DENOUNCE_FROM_HUMAN_LEADER_VICTORIA_ALT_ANY">
      <Text>{LOC_DIPLO_DENOUNCE_FROM_HUMAN_LEADER_VICTORIA_ANY}</Text>
    </Row>
    <Row Tag="LOC_DIPLO_DENOUNCE_FROM_AI_LEADER_VICTORIA_ALT_ANY">
      <Text>{LOC_DIPLO_DENOUNCE_FROM_AI_LEADER_VICTORIA_ANY}</Text>
    </Row>
    <Row Tag="LOC_DIPLO_FIRST_MEET_LEADER_VICTORIA_ALT_ANY">
      <Text>{LOC_DIPLO_FIRST_MEET_LEADER_VICTORIA_ANY}</Text>
    </Row>
    <Row Tag="LOC_DIPLO_FIRST_MEET_VISIT_RECIPIENT_LEADER_VICTORIA_ALT_ANY">
      <Text>{LOC_DIPLO_FIRST_MEET_VISIT_RECIPIENT_LEADER_VICTORIA_ANY}</Text>
    </Row>
    <Row Tag="LOC_DIPLO_FIRST_MEET_NEAR_INITIATOR_POSITIVE_LEADER_VICTORIA_ALT_ANY">
      <Text>{LOC_DIPLO_FIRST_MEET_NEAR_INITIATOR_POSITIVE_LEADER_VICTORIA_ANY}</Text>
    </Row>
    <Row Tag="LOC_DIPLO_FIRST_MEET_NO_MANS_INFO_EXCHANGE_LEADER_VICTORIA_ALT_ANY">
      <Text>{LOC_DIPLO_FIRST_MEET_NO_MANS_INFO_EXCHANGE_LEADER_VICTORIA_ANY}</Text>
    </Row>
    <Row Tag="LOC_DIPLO_GREETING_LEADER_VICTORIA_ALT_ANY">
      <Text>{LOC_DIPLO_GREETING_LEADER_VICTORIA_ANY}</Text>
    </Row>
    <Row Tag="LOC_DIPLO_KUDO_EXIT_LEADER_VICTORIA_ALT_ANY">
      <Text>Sizin de çok iyi gösterdiginiz gibi sanayi, ilerlememiz için tek yol. Ve siz büyük adimlar attiniz.</Text>
    </Row>
    <Row Tag="LOC_DIPLO_KUDO_LEADER_VICTORIA_ALT_REASON_ANY">
      <Text>{LOC_DIPLO_KUDO_LEADER_VICTORIA_REASON_ANY}</Text>
    </Row>
    <Row Tag="LOC_DIPLO_WARNING_EXIT_LEADER_VICTORIA_ALT_ANY">
      <Text>Bir tavsiye: ilerleme bir araç degildir. O bir dalgadir ve önüne geçemeyenleri bogacaktir.</Text>
    </Row>
    <Row Tag="LOC_DIPLO_WARNING_LEADER_VICTORIA_ALT_REASON_ANY">
      <Text>{LOC_DIPLO_WARNING_LEADER_VICTORIA_REASON_ANY}</Text>
    </Row>
    <Row Tag="LOC_DIPLO_MAKE_ALLIANCE_FROM_AI_LEADER_VICTORIA_ALT_ANY">
      <Text>{LOC_DIPLO_MAKE_ALLIANCE_FROM_AI_LEADER_VICTORIA_ANY}</Text>
    </Row>
    <Row Tag="LOC_DIPLO_MAKE_PEACE_AI_ACCEPT_DEAL_LEADER_VICTORIA_ALT_ANY">
      <Text>{LOC_DIPLO_MAKE_PEACE_AI_ACCEPT_DEAL_LEADER_VICTORIA_ANY}</Text>
    </Row>
    <Row Tag="LOC_DIPLO_MAKE_PEACE_AI_REFUSE_DEAL_LEADER_VICTORIA_ALT_ANY">
      <Text>{LOC_DIPLO_MAKE_PEACE_AI_REFUSE_DEAL_LEADER_VICTORIA_ANY}</Text>
    </Row>
    <Row Tag="LOC_DIPLO_MAKE_PEACE_FROM_AI_LEADER_VICTORIA_ALT_ANY">
      <Text>{LOC_DIPLO_MAKE_PEACE_FROM_AI_LEADER_VICTORIA_ANY}</Text>
    </Row>
    <Row Tag="LOC_DIPLO_ACCEPT_OPEN_BORDERS_FROM_HUMAN_LEADER_VICTORIA_ALT_ANY">
      <Text>{LOC_DIPLO_ACCEPT_OPEN_BORDERS_FROM_HUMAN_LEADER_VICTORIA_ANY}</Text>
    </Row>
    <Row Tag="LOC_DIPLO_REJECT_OPEN_BORDERS_FROM_HUMAN_LEADER_VICTORIA_ALT_ANY">
      <Text>{LOC_DIPLO_REJECT_OPEN_BORDERS_FROM_HUMAN_LEADER_VICTORIA_ANY}</Text>
    </Row>
    <Row Tag="LOC_DIPLO_OPEN_BORDERS_FROM_AI_LEADER_VICTORIA_ALT_ANY">
      <Text>{LOC_DIPLO_OPEN_BORDERS_FROM_AI_LEADER_VICTORIA_ANY}</Text>
    </Row>
    <Row Tag="LOC_DIPLO_WARNING_TOO_MANY_TROOPS_NEAR_ME_LEADER_VICTORIA_ALT_ANY">
      <Text>{LOC_DIPLO_WARNING_TOO_MANY_TROOPS_NEAR_ME_LEADER_VICTORIA_ANY}</Text>
    </Row>
    <Row Tag="LOC_DIPLO_ACCEPT_MAKE_DEAL_FROM_AI_LEADER_VICTORIA_ALT_ANY">
      <Text>{LOC_DIPLO_ACCEPT_DECLARE_FRIEND_FROM_AI_LEADER_VICTORIA_ANY}</Text>
    </Row>
    <Row Tag="LOC_DIPLO_REJECT_MAKE_DEAL_FROM_AI_LEADER_VICTORIA_ALT_ANY">
      <Text>{LOC_DIPLO_REJECT_DECLARE_FRIEND_FROM_AI_LEADER_VICTORIA_ANY}</Text>
    </Row>
  </EnglishText>
</GameData>