﻿<?xml version="1.0" encoding="utf-8"?>
<GameData>
  <EnglishText>
    <!-- Elizabeth-->
    <Row Tag="LOC_LEADER_ELIZABETH_NAME">
      <Text>I. Elizabeth</Text>
    </Row>
    <Row Tag="LOC_TRAIT_LEADER_ELIZABETH_NAME">
      <Text>Drake'in Mirasi</Text>
    </Row>
    <Row Tag="LOC_TRAIT_LEADER_ELIZABETH_DESCRIPTION">
      <Text>Ilk [ICON_GreatAdmiral] Büyük Amiralinizi edindikten sonra Ingiltere'nin [ICON_TradeRoute] Ticaret Yolu Kapasitesi 2 artar.  [ICON_TradeRoute] Herhangi bir sehir devletine giden Ticaret Yollari, kaynak sehirdeki her uzmanlik bölgesi için +3 [ICON_GOLD] Altin saglar. Donanma Birimleri ile Ticaret Yollarinin Yagmalanmasindan [ICON_TradeRoute] +%100 Verim.</Text>
    </Row>
    <!-- Harald Alt-->
    <Row Tag="LOC_LEADER_HARDRADA_ORIGINAL_NAME">
      <Text>Harald Hardrada (Konge)</Text>
    </Row>
    <Row Tag="LOC_LEADER_HARALD_ALT_NAME">
      <Text>Harald Hardrada (Varangian)</Text>
    </Row>
    <Row Tag="LOC_TRAIT_LEADER_HARALD_ALT_NAME">
      <Text>Varangian Muhafizi</Text>
    </Row>
    <Row Tag="LOC_TRAIT_LEADER_HARALD_ALT_DESCRIPTION">
      <Text>75 Levying birimlerinde indirim ve tüm birimler 2 daha az bakim öder.</Text>
    </Row>
    <Row Tag="LOC_TRAIT_LEADER_HARALD_ALT_XP_DESCRIPTION">
      <Text>75 Kaldirma birimlerinde indirim ve kaldirilan birimler, rakiplerin [ICON_STRENGTH] Savas Gücünün %50'sine esit öldürmelerden [ICON_CULTURE] Kültür, [ICON_FAITH] Inanç ve [ICON_SCIENCE] Bilim alir.</Text>
    </Row>
    <!-- Victoria Alt-->
    <Row Tag="LOC_LEADER_VICTORIA_ALT_NAME">
      <Text>Victoria (Buhar Cagi)</Text>
    </Row>
    <Row Tag="LOC_LEADER_VICTORIA_ORIGINAL_NAME">
      <Text>Victoria (Imparatorluk Cagi)</Text>
    </Row>
    <Row Tag="LOC_TRAIT_LEADER_VICTORIA_ALT_NAME">
      <Text>Buhar Cagi</Text>
    </Row>
    <Row Tag="LOC_TRAIT_LEADER_VICTORIA_ALT_DESCRIPTION">
      <Text>Sehirlerde, o sehirdeki her Sanayi Bölgesi binasi için +%10 [ICON_PRODUCTION] Üretim. Tüm Stratejik Kaynaklara +2 [ICON_PRODUCTION] Üretim.</Text>
    </Row>
    <Row Tag="LOC_LOADING_INFO_LEADER_ELIZABETH">
      <Text>Elizabeth Regina, Ingiltere'nin bakire kraliçesi ve denizlerin hükümdari, Ingiltere'yi onu ele geçirmek isteyenlere karsi koruyan ahsap duvara hükmediyorsunuz. Yurt içinde ve yurt disinda entrikalara karsi kendini koru ve kaptanlarin senin emrinde yelken açsin. Basini kimseye egme, Britanya dalgalara hükmedecek!</Text>
    </Row>
  </EnglishText>
</GameData>